Accident_Index,Vehicle_Reference,Vehicle_Type,Towing_and_Articulation,Vehicle_Manoeuvre,Vehicle_Location-Restricted_Lane,Junction_Location,Skidding_and_Overturning,Hit_Object_in_Carriageway,Vehicle_Leaving_Carriageway,Hit_Object_off_Carriageway,1st_Point_of_Impact,Was_Vehicle_Left_Hand_Drive?,Journey_Purpose_of_Driver,Sex_of_Driver,Age_of_Driver,Age_Band_of_Driver,Engine_Capacity_(CC),Propulsion_Code,Age_of_Vehicle,Driver_IMD_Decile,Driver_Home_Area_Type,Vehicle_IMD_Decile
2018010080971,1,9,0,18,0,0,0,0,0,0,1,1,6,1,32,6,1995,2,5,8,1,8
2018010080971,2,8,0,18,0,0,0,0,0,0,2,1,6,1,48,8,1798,8,6,1,1,1
2018010080973,1,9,0,18,0,2,0,0,0,0,1,1,6,3,-1,-1,-1,-1,-1,-1,-1,-1
2018010080974,1,8,0,7,0,8,0,0,0,0,1,1,1,1,40,7,1797,8,6,3,1,3
2018010080974,2,9,0,18,0,1,0,0,3,1,1,1,6,1,21,5,-1,-1,-1,5,1,5
2018010080981,1,9,0,9,0,1,0,0,0,0,1,1,6,1,27,6,1200,1,1,7,1,7
2018010080981,2,19,0,18,0,1,0,0,0,0,1,1,2,1,30,6,-1,-1,-1,3,1,3
2018010080982,1,8,0,18,0,0,0,10,1,0,1,1,1,1,43,7,1798,8,1,4,1,4
2018010080982,2,9,0,18,0,0,0,0,0,0,1,1,6,1,55,8,-1,-1,-1,3,1,3
2018010080983,1,9,0,18,0,0,0,0,0,0,3,1,6,2,63,9,4196,1,11,10,1,10
2018010080983,2,9,0,18,0,0,1,0,0,0,3,1,6,2,41,7,1197,1,3,9,1,9
2018010080986,1,8,0,5,0,1,0,0,0,0,1,1,1,1,66,10,2499,2,5,3,1,3
2018010080986,2,1,0,18,0,1,0,0,0,0,1,1,6,1,27,6,-1,-1,-1,3,1,3
2018010080987,1,8,0,18,0,8,0,0,0,0,2,1,1,2,36,7,1798,8,2,3,1,3
2018010080987,2,9,0,18,0,8,0,0,0,0,1,1,6,3,-1,-1,1598,1,12,-1,-1,-1
2018010080987,3,9,0,18,0,8,0,0,0,0,0,1,6,1,68,10,-1,-1,-1,-1,-1,-1
2018010080990,1,9,0,9,0,6,0,0,0,0,1,1,6,1,24,5,998,1,9,4,1,4
2018010080990,2,3,0,18,0,1,0,0,0,0,1,1,6,1,31,6,108,1,1,6,1,6
2018010080992,1,2,0,18,0,0,0,0,0,0,1,1,6,1,34,6,124,1,14,2,1,2
2018010080992,2,90,0,4,0,0,0,0,0,0,2,1,1,1,24,5,2143,2,6,3,-1,3
2018010080993,1,9,0,18,0,1,0,0,0,0,1,1,6,1,78,11,1198,1,3,4,1,4
2018010080994,1,19,0,18,0,0,1,0,0,0,2,1,6,3,-1,-1,-1,-1,-1,-1,-1,-1
2018010080995,1,9,0,18,0,0,0,0,0,0,1,1,6,1,27,6,1595,1,2,6,1,6
2018010080995,2,9,0,18,0,0,0,0,1,10,1,1,6,1,28,6,4395,1,4,8,1,8
2018010080996,1,9,0,3,0,2,0,0,0,0,3,1,6,1,24,5,1995,2,12,6,1,6
2018010080996,2,3,0,18,0,2,0,0,0,0,4,1,6,1,34,6,125,1,8,4,1,4
2018010080997,1,9,0,9,9,6,0,0,1,10,1,1,1,1,31,6,1797,8,2,3,1,3
2018010081002,1,5,0,18,0,1,0,0,1,10,1,1,6,1,38,7,680,1,12,4,1,4
2018010081002,2,9,0,7,0,5,0,0,0,0,4,1,2,2,37,7,1598,1,7,6,1,6
2018010081003,1,9,0,18,9,0,0,0,0,0,2,1,6,2,45,7,-1,-1,-1,-1,-1,-1
2018010081003,2,1,0,18,0,0,0,0,0,0,2,1,6,1,44,7,-1,-1,-1,3,1,3
2018010081009,1,9,0,9,0,1,0,0,0,0,0,1,6,2,32,6,1499,1,2,6,1,6
2018010081009,2,3,0,18,0,1,1,0,0,0,0,1,2,1,35,6,125,1,9,3,1,3
2018010081025,1,9,0,18,0,1,0,0,0,0,1,1,6,1,41,7,1598,2,8,2,1,2
2018010081025,2,9,0,9,0,5,0,0,0,0,4,1,2,2,24,5,1198,1,4,6,1,6
2018010081035,1,4,0,18,2,0,1,0,0,0,1,1,6,1,29,6,636,1,12,6,1,6
2018010081035,2,11,0,2,2,0,0,0,0,0,2,1,6,3,-1,-1,8268,2,15,-1,-1,-1
2018010081044,1,11,0,3,0,0,0,0,0,0,0,2,1,1,39,7,-1,-1,-1,2,1,2
2018010081054,1,90,0,18,9,1,0,0,0,0,1,1,6,2,50,8,-1,-1,-1,4,1,4
2018010081059,1,9,-1,-1,0,-1,0,0,0,0,1,-1,6,3,-1,-1,-1,-1,-1,-1,-1,-1
2018010081061,1,9,0,4,0,1,0,0,0,0,1,1,6,1,61,9,1994,1,14,7,1,7
2018010081061,2,9,0,18,0,6,1,0,0,0,1,1,1,1,26,6,-1,-1,-1,3,1,3
2018010081063,1,9,0,13,0,1,0,0,3,0,1,1,6,1,21,5,2000,2,8,2,1,2
2018010081063,2,9,0,18,0,1,0,0,0,0,0,1,6,3,-1,-1,-1,-1,-1,-1,-1,-1
2018010081067,1,9,0,-1,-1,0,-1,-1,-1,-1,3,-1,2,1,46,8,1997,1,7,2,1,2
2018010081067,2,9,0,-1,-1,0,-1,-1,-1,-1,4,-1,6,1,27,6,-1,-1,-1,1,1,1
2018010081069,1,9,0,5,9,6,0,0,0,0,1,1,6,1,48,8,1968,2,11,7,1,7
2018010081069,2,3,0,18,0,1,0,0,0,0,1,1,1,1,17,4,108,1,2,4,1,4
2018010081072,1,9,0,9,0,5,0,0,0,0,1,1,1,1,54,8,1598,2,7,5,1,5
2018010081072,2,3,0,13,0,1,5,10,0,0,4,1,1,1,23,5,108,1,3,-1,-1,-1
2018010081073,1,9,0,18,9,1,0,0,1,2,1,1,6,1,56,9,1598,1,9,4,1,4
2018010081077,1,9,0,18,0,4,2,7,2,10,1,1,6,1,28,6,1984,1,1,6,1,6
2018010081078,1,9,0,5,0,1,0,0,0,0,2,1,6,1,46,8,1968,2,8,6,1,6
2018010081078,2,9,0,5,0,1,0,0,0,0,1,1,6,1,45,7,1799,1,22,4,1,4
2018010081079,1,11,5,5,0,0,0,0,0,0,1,1,1,1,59,9,4500,2,10,7,1,7
2018010081079,2,8,5,5,0,0,0,0,0,0,1,1,1,1,48,8,1997,2,3,3,1,3
2018010081081,1,9,0,18,0,1,0,0,0,0,1,1,6,1,43,7,2993,2,3,4,1,4
2018010081081,2,4,0,18,0,8,0,0,0,0,3,1,6,1,18,4,330,1,5,-1,-1,-1
2018010081082,1,9,0,18,0,0,0,7,0,0,0,1,6,1,31,6,-1,-1,-1,3,1,3
2018010081083,1,9,0,9,0,8,0,0,0,0,1,1,6,2,26,6,1198,1,8,8,1,8
2018010081083,2,8,0,18,0,8,0,0,0,0,1,1,1,1,45,7,1598,2,5,3,1,3
2018010081088,1,9,0,18,9,0,0,0,1,0,4,1,6,3,-1,-1,-1,-1,-1,-1,-1,-1
2018010081100,1,9,0,6,0,0,0,0,0,0,3,1,1,1,50,8,1497,8,9,8,1,8
2018010081100,2,5,0,18,0,0,0,0,0,0,1,1,2,1,38,7,745,1,2,6,1,6
2018010081108,1,9,0,9,0,1,0,0,0,0,1,1,6,1,42,7,1598,1,16,4,1,4
2018010081108,2,4,0,18,0,8,0,0,0,0,1,1,2,1,23,5,-1,-1,-1,5,1,5
2018010081114,1,5,0,4,0,0,1,0,5,6,1,1,2,1,60,9,750,1,20,5,1,5
2018010081114,2,9,0,18,0,0,0,0,0,0,0,1,2,1,37,7,2987,2,4,2,1,2
2018010081125,1,11,0,4,0,1,0,0,0,0,3,1,6,1,34,6,4500,2,1,7,1,7
2018010081125,2,19,0,5,0,1,0,0,0,0,4,1,6,1,38,7,2198,2,4,3,1,3
2018010081131,1,9,0,4,0,6,0,0,0,0,1,1,6,1,35,6,1968,2,5,2,1,2
2018010081131,2,3,0,18,0,1,0,0,0,0,1,1,6,1,31,6,125,1,4,4,1,4
2018010081137,1,9,0,-1,-1,-1,-1,-1,-1,-1,2,-1,6,2,41,7,1968,2,10,9,1,9
2018010081142,1,9,0,18,0,0,1,0,0,0,3,1,6,1,66,10,998,1,4,6,1,6
2018010081142,2,8,0,18,0,0,0,0,0,0,3,1,1,1,38,7,1997,2,2,9,1,9
2018010081142,3,9,0,18,0,0,0,0,0,0,1,1,6,3,-1,-1,1956,2,7,-1,-1,-1
2018010081157,1,9,0,4,0,1,0,4,0,0,2,1,1,2,37,7,1242,1,16,8,1,8
2018010081157,2,9,0,18,0,1,0,4,0,0,1,1,6,1,78,11,1998,1,9,5,1,5
2018010081157,3,9,0,10,0,1,0,1,0,0,3,1,1,1,46,8,-1,-1,-1,9,1,9
2018010081159,1,9,0,7,0,8,0,0,0,0,1,1,6,2,22,5,1398,1,8,1,1,1
2018010081159,2,1,0,18,0,8,1,0,0,0,2,1,6,1,35,6,-1,-1,-1,5,1,5
2018010081164,1,90,0,18,0,1,0,0,0,0,1,1,1,1,42,7,2148,2,9,7,1,7
2018010081164,2,9,0,9,0,2,0,0,0,0,3,1,6,1,89,11,1591,1,3,9,1,9
2018010081171,1,1,-1,-1,-1,-1,-1,-1,-1,-1,-1,1,2,2,31,6,-1,-1,-1,3,1,3
2018010081171,2,9,0,-1,-1,-1,-1,-1,-1,-1,-1,-1,6,1,-1,-1,-1,-1,-1,-1,-1,-1
2018010081173,1,19,0,9,0,2,0,0,0,0,1,1,1,1,40,7,-1,-1,-1,2,1,2
2018010081175,1,9,0,18,0,0,1,10,0,0,1,1,6,1,38,7,1995,1,12,8,1,8
2018010081184,1,1,-1,-1,-1,-1,-1,-1,-1,-1,-1,1,6,1,26,6,-1,-1,-1,4,1,4
2018010081184,2,9,0,-1,-1,-1,-1,-1,-1,-1,-1,-1,6,3,-1,-1,2143,2,1,-1,-1,-1
2018010081187,1,9,0,4,0,1,0,0,0,0,2,1,6,1,26,6,1910,2,11,4,1,4
2018010081187,2,9,0,4,0,1,0,0,0,0,1,1,6,2,31,6,1199,1,16,8,1,8
2018010081188,1,4,0,18,0,0,1,0,0,0,1,1,2,1,39,7,-1,-1,-1,5,1,5
2018010081190,1,9,0,4,0,8,0,0,0,0,1,1,6,1,43,7,1598,1,10,3,1,3
2018010081190,2,1,0,18,0,8,5,0,0,0,4,1,6,1,19,4,-1,-1,-1,1,1,1
2018010081191,1,8,0,18,0,2,0,0,0,0,3,1,1,1,48,8,1997,2,10,4,1,4
2018010081192,1,9,0,18,0,0,0,0,0,0,1,1,6,1,39,7,2143,2,7,8,1,8
2018010081192,2,9,0,18,0,0,0,0,0,0,1,1,6,1,25,5,1596,1,11,4,1,4
2018010081193,1,8,0,18,0,1,0,0,0,0,1,1,6,1,34,6,1461,2,8,1,1,1
2018010081193,2,9,0,2,0,1,0,0,0,0,2,1,6,3,-1,-1,1560,2,10,-1,-1,-1
2018010081193,3,9,0,2,0,1,0,0,0,0,2,1,6,3,-1,-1,2967,1,13,-1,-1,-1
2018010081193,4,9,0,2,0,1,0,0,0,0,2,1,6,3,-1,-1,1984,1,10,-1,-1,-1
2018010081194,1,9,0,9,0,3,0,0,0,0,2,1,6,1,65,9,999,1,14,8,1,8
2018010081194,2,9,0,7,0,1,0,0,0,0,1,1,6,2,60,9,1395,1,1,5,1,5
2018010081196,1,9,0,5,2,0,0,0,0,0,1,1,2,2,63,9,1400,1,13,4,1,4
2018010081196,2,9,0,2,9,0,0,0,0,0,1,1,6,3,-1,-1,1242,1,5,-1,-1,-1
2018010081197,1,1,-1,-1,-1,-1,-1,-1,-1,-1,-1,1,6,2,23,5,-1,-1,-1,5,1,5
2018010081197,2,3,0,-1,-1,-1,-1,-1,-1,-1,1,1,6,1,-1,-1,108,1,1,4,1,4
2018010081202,1,9,0,4,0,0,0,0,0,0,1,1,6,1,40,7,999,1,1,2,1,2
2018010081213,1,9,0,18,0,2,0,0,0,0,0,1,1,1,38,7,1995,2,3,1,1,1
2018010081213,2,9,0,18,0,2,1,4,0,0,1,2,6,1,19,4,1798,1,17,-1,-1,-1
2018010081213,3,9,0,2,0,2,0,0,0,0,1,1,6,3,-1,-1,999,1,21,-1,-1,-1
2018010081219,1,9,0,-1,-1,-1,-1,-1,-1,-1,-1,-1,6,3,-1,-1,1997,1,12,-1,-1,-1
2018010081220,1,9,0,18,0,0,0,11,0,0,1,1,2,1,45,7,1560,2,2,4,1,4
2018010081223,1,9,0,1,0,0,0,0,0,0,3,1,6,2,33,6,1390,1,10,4,1,4
2018010081237,1,9,0,9,0,5,0,0,0,0,4,1,2,1,39,7,2993,2,13,7,1,7
2018010081237,2,9,0,18,0,8,0,0,0,0,1,1,6,1,52,8,1398,2,9,4,1,4
2018010081238,1,9,0,3,0,4,0,0,0,0,3,1,1,1,38,7,1995,2,4,8,1,8
2018010081238,2,9,0,18,0,3,0,0,0,0,1,1,1,1,40,7,1968,2,11,6,1,6
2018010081238,3,9,0,5,0,2,0,0,0,0,1,1,2,2,55,8,1598,1,11,2,1,2
2018010081243,1,8,0,18,0,8,0,0,0,0,1,1,1,1,61,9,1798,8,2,2,1,2
2018010081243,2,9,0,9,0,8,0,0,0,0,4,1,2,1,24,5,1995,2,5,5,1,5
2018010081258,1,8,0,-1,0,1,0,0,0,0,2,-1,6,1,41,7,2776,2,-1,2,1,2
2018010081258,2,9,0,18,0,1,0,0,0,0,1,-1,6,1,-1,-1,1995,2,8,-1,-1,-1
2018010081262,1,11,0,4,0,1,0,0,0,0,0,1,1,1,59,9,-1,-1,-1,5,1,5
2018010081268,1,9,0,18,0,1,0,0,0,0,1,1,2,2,46,8,2987,2,4,3,1,3
2018010081271,1,9,0,16,0,1,0,0,0,0,1,1,6,2,33,6,2998,1,1,6,1,6
2018010081271,2,9,0,10,0,1,0,0,1,0,2,1,6,1,66,10,1598,1,20,4,1,4
2018010081274,1,19,0,-1,-1,-1,-1,-1,-1,-1,-1,-1,6,1,22,5,1499,2,3,4,1,4
2018010081274,2,19,0,-1,-1,-1,-1,-1,-1,-1,-1,-1,6,3,-1,-1,-1,-1,-1,-1,-1,-1
2018010081278,1,8,0,4,0,0,0,0,0,0,2,1,6,1,43,7,1798,8,3,5,1,5
2018010081278,2,1,0,18,0,0,0,0,0,0,1,1,6,1,22,5,-1,-1,-1,3,1,3
2018010081281,1,9,0,2,0,0,0,0,0,0,2,2,6,3,-1,-1,-1,-1,-1,-1,-1,-1
2018010081281,2,1,0,5,0,0,1,4,0,0,1,1,6,1,13,3,-1,-1,-1,7,1,7
2018010081286,1,11,0,8,2,1,0,0,0,0,0,1,1,1,38,7,8300,2,12,4,1,4
2018010081296,1,19,0,7,0,5,0,0,0,0,3,1,1,1,39,7,1560,2,3,3,1,3
2018010081296,2,1,0,18,0,8,0,0,0,0,4,1,6,1,40,7,-1,-1,-1,4,1,4
2018010081298,1,9,0,-1,-1,0,-1,-1,-1,-1,-1,-1,6,2,36,7,2231,2,8,8,1,8
2018010081298,2,90,-1,-1,-1,0,-1,-1,-1,-1,-1,-1,6,3,-1,-1,-1,-1,-1,-1,-1,-1
2018010081301,1,5,0,-1,-1,0,-1,-1,-1,-1,1,1,6,1,-1,-1,-1,-1,-1,-1,-1,-1
2018010081305,1,9,0,18,0,8,0,0,0,0,1,1,1,1,26,6,-1,-1,-1,3,1,3
2018010081305,2,9,0,18,0,8,0,0,0,0,1,1,6,1,30,6,-1,-1,-1,7,1,7
2018010081318,1,9,0,1,0,1,0,4,7,0,4,1,6,3,-1,-1,1364,1,12,2,1,2
2018010081318,2,10,0,5,0,1,0,0,0,0,4,1,1,1,38,7,-1,-1,-1,4,1,4
2018010081320,1,9,0,-1,-1,0,-1,-1,-1,-1,1,-1,2,1,31,6,1200,1,3,2,1,2
2018010081320,2,19,0,-1,-1,0,-1,-1,-1,-1,2,-1,6,1,25,5,2143,2,2,4,1,4
2018010081321,1,11,0,18,2,0,0,0,0,0,0,1,1,1,34,6,4500,2,1,7,1,7
2018010081322,1,9,0,18,0,1,0,0,0,0,1,1,6,2,60,9,1975,1,14,3,1,3
2018010081323,1,19,0,18,0,2,0,11,0,0,1,1,1,1,35,6,1560,2,6,4,1,4
2018010081329,1,9,0,16,0,4,0,0,0,0,3,1,6,1,23,5,1390,1,8,2,1,2
2018010081329,2,1,0,17,0,3,0,0,0,0,1,1,6,1,31,6,-1,-1,-1,7,1,7
2018010081330,1,9,0,18,0,0,0,0,0,0,3,1,2,1,41,7,1587,1,15,4,1,4
2018010081330,2,21,1,18,0,0,0,0,0,0,3,2,1,1,28,6,-1,-1,-1,-1,-1,-1
2018010081331,1,9,0,4,0,1,0,4,0,0,2,1,2,1,36,7,1995,2,15,5,1,5
2018010081331,2,9,0,18,0,1,0,4,0,0,4,1,6,3,-1,-1,-1,-1,-1,-1,-1,-1
2018010081331,3,9,0,3,0,1,0,0,0,0,2,1,6,2,37,7,2993,2,4,3,1,3
2018010081335,1,19,-1,-1,-1,-1,-1,-1,-1,-1,-1,-1,6,1,37,7,-1,-1,-1,3,1,3
2018010081336,1,8,0,9,0,6,0,0,0,0,1,1,2,1,24,5,1797,8,8,6,1,6
2018010081338,1,9,0,18,9,0,0,0,7,10,1,1,6,2,44,7,1390,1,17,2,1,2
2018010081339,1,5,0,18,0,2,0,0,0,0,1,1,6,1,36,7,-1,-1,-1,5,1,5
2018010081339,2,9,0,10,0,8,0,0,0,0,1,1,6,2,35,6,1298,1,18,1,1,1
2018010081343,1,9,0,18,0,1,0,0,0,0,4,1,6,2,37,7,998,1,17,4,1,4
2018010081345,1,9,0,-1,-1,-1,-1,-1,-1,-1,1,-1,6,2,27,6,1242,1,12,2,1,2
2018010081348,1,8,0,6,0,0,0,0,0,0,1,1,1,1,28,6,1800,8,7,2,1,2
2018010081348,2,3,0,13,0,0,0,0,0,0,1,1,6,1,17,4,124,1,4,5,1,5
2018010081355,1,19,0,18,0,1,0,0,0,0,2,1,2,2,32,6,-1,-1,-1,4,1,4
2018010081355,2,19,0,18,0,1,0,0,0,0,1,1,6,1,-1,-1,2148,2,10,-1,-1,-1
2018010081356,1,9,0,18,0,0,0,0,0,0,1,1,6,1,28,6,1598,2,6,4,1,4
2018010081361,1,9,0,9,0,8,0,0,0,0,1,1,6,1,22,5,1596,1,12,4,1,4
2018010081361,2,9,0,18,0,8,0,0,0,0,4,1,6,1,22,5,1995,2,6,6,1,6
2018010081362,1,9,0,18,0,1,0,0,0,0,4,1,1,2,32,6,999,1,1,8,1,8
2018010081366,1,9,0,18,0,0,0,0,0,0,2,1,6,1,24,5,1198,1,8,7,1,7
2018010081366,2,9,0,18,0,0,0,0,0,0,2,1,6,2,75,10,998,1,7,8,1,8
2018010081366,3,9,0,18,0,0,0,0,0,0,2,1,6,1,54,8,1497,8,10,7,1,7
2018010081366,4,9,0,18,0,0,0,0,0,0,1,1,6,2,31,6,1995,2,1,5,1,5
2018010081368,1,1,-1,-1,-1,-1,-1,-1,-1,-1,-1,1,2,1,25,5,-1,-1,-1,3,1,3
2018010081369,1,5,0,-1,-1,-1,-1,-1,-1,-1,-1,1,6,1,23,5,689,1,4,3,1,3
2018010081369,2,9,0,-1,-1,-1,-1,-1,-1,-1,4,-1,6,3,-1,-1,-1,-1,-1,-1,-1,-1
2018010081372,1,9,0,14,0,8,0,0,0,0,4,1,2,1,48,8,1796,1,11,3,1,3
2018010081376,1,9,0,5,0,1,0,0,0,0,1,1,6,1,31,6,-1,-1,-1,3,1,3
2018010081379,1,9,0,7,0,5,0,0,0,0,4,1,6,1,46,8,1910,2,14,8,1,8
2018010081379,2,9,0,18,0,1,0,0,1,10,1,1,6,1,23,5,2967,2,8,2,1,2
2018010081380,1,3,0,-1,-1,-1,-1,-1,-1,-1,-1,1,6,1,26,6,125,1,3,1,1,1
2018010081380,2,9,0,-1,-1,-1,-1,-1,-1,-1,-1,-1,6,2,-1,-1,1596,1,5,-1,-1,-1
2018010081384,1,8,0,18,0,1,0,0,0,0,1,1,2,1,44,7,1797,8,8,2,1,2
2018010081386,1,8,0,7,9,0,0,0,0,0,1,1,1,1,54,8,1997,2,5,1,1,1
2018010081386,2,3,0,18,9,0,0,0,0,0,1,1,6,1,19,4,124,1,5,5,1,5
2018010081387,1,8,0,9,0,1,0,0,0,0,3,1,1,1,38,7,1598,1,9,4,1,4
2018010081387,2,4,0,18,0,8,1,0,0,0,1,1,1,1,16,4,108,1,1,1,1,1
2018010081389,1,9,0,10,0,6,0,0,0,0,3,1,6,1,52,8,1796,1,10,3,1,3
2018010081389,2,2,0,18,0,2,0,0,0,0,1,1,2,2,46,8,49,1,5,2,1,2
2018010081395,1,1,0,18,5,0,0,0,0,0,1,1,2,1,44,7,-1,-1,-1,2,1,2
2018010081415,1,3,0,18,0,0,0,0,0,0,1,1,2,1,53,8,124,1,6,3,1,3
2018010081415,2,19,0,5,0,0,0,0,0,0,1,1,6,3,-1,-1,-1,-1,-1,-1,-1,-1
2018010081429,1,8,-1,-1,-1,0,0,0,0,0,4,-1,6,3,-1,-1,-1,-1,-1,-1,-1,-1
2018010081441,1,9,0,8,0,3,0,0,0,0,1,1,2,1,34,6,1499,1,3,3,1,3
2018010081441,2,1,0,18,0,3,0,0,0,0,4,1,2,1,49,8,-1,-1,-1,2,1,2
2018010081455,1,19,0,1,0,5,0,0,0,0,2,1,1,1,69,10,1598,2,2,4,1,4
2018010081460,1,9,0,18,0,0,0,0,0,0,1,1,6,2,22,5,1388,1,9,6,1,6
2018010081460,2,9,0,18,0,0,0,0,0,0,2,1,2,2,35,6,1968,2,3,8,1,8
2018010081460,3,9,0,18,0,0,0,0,0,0,2,1,6,1,35,6,2993,2,11,6,1,6
2018010081478,1,9,0,-1,-1,-1,-1,-1,-1,-1,2,-1,2,2,37,7,1339,1,14,2,1,2
2018010081478,2,9,0,-1,-1,-1,-1,-1,-1,-1,1,-1,6,3,-1,-1,1360,1,12,-1,-1,-1
2018010081485,1,9,0,9,0,1,0,0,0,0,3,1,6,1,43,7,2995,7,14,7,1,7
2018010081485,2,1,0,9,0,1,0,0,0,0,3,1,2,2,42,7,-1,-1,-1,7,1,7
2018010081501,1,20,0,18,0,8,0,0,0,0,1,1,6,1,47,8,7698,2,2,4,1,4
2018010081501,2,8,0,5,0,6,0,0,3,10,1,1,6,1,29,6,-1,-1,-1,8,1,8
2018010081502,1,19,0,-1,-1,-1,-1,-1,-1,-1,1,-1,2,1,62,9,2143,2,7,9,3,9
2018010081502,2,19,0,-1,-1,-1,-1,-1,-1,-1,-1,-1,6,1,-1,-1,1248,2,4,-1,-1,-1
2018010081510,1,1,0,-1,0,8,0,0,0,0,1,1,2,1,32,6,-1,-1,-1,6,1,6
2018010081510,2,9,0,-1,0,6,0,0,0,0,1,-1,6,2,50,8,1598,1,10,4,1,4
2018010081515,1,19,0,1,0,1,0,0,0,0,2,1,1,1,25,5,2287,2,3,2,1,2
2018010081522,1,9,0,9,0,6,0,0,0,0,1,1,3,2,59,9,-1,-1,-1,5,1,5
2018010081522,2,3,0,18,0,1,0,0,0,0,1,1,2,1,28,6,124,1,1,3,1,3
2018010081523,1,1,0,18,0,8,0,0,0,0,2,1,2,1,55,8,-1,-1,-1,9,1,9
2018010081523,2,9,0,18,0,8,0,0,0,0,1,1,6,3,-1,-1,-1,-1,-1,-1,-1,-1
2018010081526,1,9,0,18,0,1,0,0,0,0,2,1,6,1,22,5,1364,1,12,4,1,4
2018010081526,2,9,0,18,0,1,0,0,0,0,1,1,1,1,28,6,2199,2,6,2,1,2
2018010081529,1,19,0,5,0,0,0,0,0,0,4,1,1,1,35,6,-1,-1,-1,4,1,4
2018010081529,2,9,0,7,0,0,0,0,0,0,3,1,6,2,64,9,996,1,8,3,1,3
2018010081538,1,9,0,14,0,1,0,0,0,0,2,1,6,1,30,6,1596,1,3,8,1,8
2018010081555,1,9,0,1,0,0,0,0,0,0,1,1,6,3,-1,-1,-1,-1,-1,-1,-1,-1
2018010081560,1,9,0,-1,0,8,-1,-1,0,0,2,-1,6,1,36,7,2143,2,1,7,1,7
2018010081560,2,9,0,-1,0,8,-1,-1,-1,-1,1,-1,6,2,-1,-1,2967,2,5,6,1,6
2018010081561,1,9,0,18,0,0,0,0,0,0,1,2,6,1,47,8,-1,-1,-1,6,1,6
2018010081565,1,21,0,5,0,0,0,0,0,0,4,1,1,2,50,8,12740,2,6,9,1,9
2018010081576,1,9,0,15,0,1,0,0,0,0,1,1,6,1,27,6,998,1,4,8,1,8
2018010081578,1,9,0,18,9,2,1,10,7,10,1,1,6,1,30,6,1995,2,5,2,1,2
2018010081579,1,11,0,5,0,2,0,0,0,0,0,1,1,1,23,5,4500,2,1,4,1,4
2018010081583,1,11,0,-1,-1,-1,-1,-1,-1,-1,1,-1,6,3,-1,-1,6700,2,7,-1,-1,-1
2018010081585,1,9,0,9,0,2,0,0,0,0,1,1,6,3,-1,-1,-1,-1,-1,-1,-1,-1
2018010081589,1,9,0,-1,-1,-1,-1,-1,-1,-1,3,-1,6,2,34,6,1598,1,11,2,1,2
2018010081589,2,9,-1,-1,-1,-1,-1,-1,-1,-1,1,-1,6,1,-1,-1,-1,-1,-1,2,1,2
2018010081596,1,1,-1,-1,-1,-1,-1,-1,-1,-1,-1,1,2,2,29,6,-1,-1,-1,4,1,4
2018010081596,2,9,0,-1,-1,-1,-1,-1,-1,-1,-1,-1,6,3,-1,-1,-1,-1,-1,-1,-1,-1
2018010081598,1,9,0,18,0,2,0,4,0,0,4,1,6,2,81,11,1388,1,15,3,1,3
2018010081598,2,9,0,2,0,2,0,0,0,0,4,1,6,3,-1,-1,1968,2,5,-1,-1,-1
2018010081599,1,9,0,-1,-1,-1,-1,-1,-1,-1,-1,-1,6,2,36,7,998,1,2,1,1,1
2018010081599,2,9,0,-1,-1,-1,-1,-1,-1,-1,2,-1,6,1,-1,-1,1240,1,15,-1,-1,-1
2018010081602,1,9,0,9,0,5,0,0,0,0,2,1,6,1,49,8,1248,1,1,2,1,2
2018010081602,2,9,0,18,0,1,0,0,0,0,1,1,6,1,54,8,1796,1,9,2,1,2
2018010081603,1,9,0,-1,-1,-1,-1,-1,-1,-1,0,-1,2,1,59,9,1360,1,14,3,1,3
2018010081603,2,9,-1,-1,-1,-1,-1,-1,-1,-1,1,-1,6,1,30,6,1998,2,9,3,1,3
2018010081603,3,9,0,-1,-1,-1,-1,-1,-1,-1,-1,-1,6,2,28,6,1598,1,1,2,1,2
2018010081604,1,9,0,18,0,8,0,0,0,0,3,1,6,2,43,7,1598,1,8,1,1,1
2018010081604,2,9,0,18,0,8,0,0,0,0,1,1,6,1,17,4,-1,-1,-1,4,1,4
2018010081604,3,9,0,18,0,8,0,0,0,0,4,1,1,1,36,7,2993,2,3,4,1,4
2018010081604,4,9,0,18,0,8,0,0,0,0,4,1,6,1,25,5,1390,1,10,4,1,4
2018010081607,1,9,0,18,0,0,0,0,7,10,1,1,6,1,53,8,1984,1,1,10,1,10
2018010081607,2,11,0,3,0,0,0,0,0,0,1,1,6,1,-1,-1,6374,2,7,2,1,2
2018010081608,1,9,0,5,0,8,0,0,0,0,3,1,6,1,57,9,1999,1,15,3,1,3
2018010081608,2,3,0,18,0,1,0,0,0,0,1,1,6,2,23,5,124,1,6,4,1,4
2018010081609,1,19,0,3,0,8,0,0,0,0,2,1,6,1,21,5,-1,-1,-1,2,1,2
2018010081609,2,3,0,3,0,8,0,0,0,0,1,1,1,1,31,6,108,1,3,5,1,5
2018010081612,1,8,0,2,0,2,0,0,0,0,4,1,6,3,-1,-1,1995,2,4,-1,-1,-1
2018010081612,2,9,0,5,0,2,0,0,0,0,1,1,6,2,37,7,1598,1,12,4,1,4
2018010081615,1,9,0,17,0,1,0,0,0,0,1,1,1,2,22,5,1497,8,1,4,1,4
2018010081615,2,1,0,17,0,1,0,0,0,0,1,1,6,2,56,9,-1,-1,-1,9,1,9