Accident_Index,Vehicle_Reference,Vehicle_Type,Towing_and_Articulation,Vehicle_Manoeuvre,Vehicle_Location-Restricted_Lane,Junction_Location,Skidding_and_Overturning,Hit_Object_in_Carriageway,Vehicle_Leaving_Carriageway,Hit_Object_off_Carriageway,1st_Point_of_Impact,Was_Vehicle_Left_Hand_Drive?,Journey_Purpose_of_Driver,Sex_of_Driver,Age_of_Driver,Age_Band_of_Driver,Engine_Capacity_(CC),Propulsion_Code,Age_of_Vehicle,Driver_IMD_Decile,Driver_Home_Area_Type,Vehicle_IMD_Decile
2018010081617,1,3,0,18,0,0,1,0,0,0,1,1,6,1,22,5,125,1,3,6,1,6
2018010081617,2,9,0,9,0,0,0,0,0,0,3,1,6,2,35,6,1984,1,1,4,1,4
2018010081618,1,9,0,13,0,2,0,0,0,0,1,1,2,1,40,7,-1,-1,-1,5,1,5
2018010081622,1,1,0,18,0,1,0,0,0,0,1,1,1,1,43,7,-1,-1,-1,3,1,3
2018010081622,2,9,0,9,0,1,0,0,0,0,4,1,6,3,-1,-1,-1,-1,-1,-1,-1,-1
2018010081624,1,8,0,4,0,1,1,0,0,0,1,1,6,1,32,6,1797,8,8,2,1,2
2018010081624,2,9,0,4,0,1,0,0,0,0,2,1,6,2,33,6,999,1,1,1,1,1
2018010081626,1,9,0,18,0,1,0,0,0,0,1,1,6,1,49,8,2993,2,3,5,1,5
2018010081626,2,8,0,4,0,1,0,0,0,0,2,1,1,1,43,7,1968,2,6,1,1,1
2018010081642,1,9,0,18,0,6,0,0,0,0,4,1,3,1,52,8,1797,8,8,9,1,9
2018010081642,2,1,0,18,0,1,0,0,0,0,1,1,2,2,52,8,-1,-1,-1,4,1,4
2018010081655,1,9,0,18,0,1,0,0,0,0,1,1,2,1,25,5,1242,1,4,-1,-1,-1
2018010081655,2,1,0,18,0,1,2,0,0,0,1,1,2,1,37,7,-1,-1,-1,3,1,3
2018010081657,1,9,0,18,0,0,0,0,0,0,4,1,3,1,46,8,1984,1,4,6,1,6
2018010081663,1,19,0,-1,-1,0,-1,-1,-1,-1,2,1,6,1,53,8,2148,2,8,2,1,2
2018010081663,2,9,0,-1,-1,0,-1,-1,-1,-1,2,-1,6,3,-1,-1,-1,-1,-1,-1,-1,-1
2018010081670,1,8,0,4,0,8,0,0,0,0,2,1,6,1,27,6,1560,2,5,3,1,3
2018010081670,2,19,0,18,0,8,0,0,0,0,1,1,6,1,-1,-1,1968,2,4,-1,-1,-1
2018010081673,1,9,0,8,0,1,0,0,0,0,1,1,6,1,57,9,4367,2,1,4,1,4
2018010081673,2,1,0,18,0,1,0,0,0,0,1,1,6,2,43,7,-1,-1,-1,10,1,10
2018010081677,1,9,0,10,0,1,0,0,0,0,3,1,6,1,70,10,1598,2,3,7,1,7
2018010081677,2,2,0,18,0,1,0,0,0,0,1,1,6,1,43,7,647,1,1,6,1,6
2018010081690,1,9,0,-1,-1,0,-1,-1,-1,-1,-1,-1,2,2,60,9,1497,8,1,6,1,6
2018010081690,2,9,0,-1,-1,0,-1,-1,-1,-1,-1,-1,6,3,-1,-1,-1,-1,-1,-1,-1,-1
2018010081703,1,11,0,18,0,0,0,0,0,0,4,1,1,1,28,6,4500,2,9,2,1,2
2018010081703,2,9,0,5,0,0,0,0,0,0,1,1,1,1,31,6,1598,1,15,3,1,3
2018010081704,1,9,-1,-1,0,-1,0,-1,0,0,4,-1,6,3,42,7,1984,1,1,9,2,9
2018010081704,2,9,-1,18,0,-1,0,-1,0,0,-1,-1,6,3,-1,-1,1364,1,2,-1,-1,-1
2018010081704,3,9,-1,2,0,-1,0,-1,0,0,3,-1,6,3,-1,-1,1386,1,7,-1,-1,-1
2018010081705,1,9,0,18,0,0,0,0,0,0,1,1,6,3,-1,-1,-1,-1,-1,-1,-1,-1
2018010081706,1,3,0,13,0,0,0,0,0,0,4,1,1,1,31,6,125,1,3,10,1,10
2018010081706,2,9,0,18,0,0,0,0,0,0,3,1,6,1,31,6,1910,2,10,7,1,7
2018010081711,1,11,0,18,0,0,1,0,0,0,1,1,2,1,46,8,-1,-1,-1,2,1,2
2018010081711,2,11,0,3,0,0,0,0,0,0,2,1,1,1,32,6,6700,2,9,2,1,2
2018010081713,1,8,0,3,0,1,0,0,0,0,2,1,1,1,41,7,2499,2,5,6,1,6
2018010081713,2,19,0,4,0,1,0,0,0,0,1,1,1,1,56,9,2143,2,3,4,1,4
2018010081715,1,11,0,16,0,1,0,0,0,0,0,1,1,1,59,9,4500,2,4,2,1,2
2018010081716,1,19,0,9,0,1,0,0,0,0,1,1,1,1,58,9,-1,-1,-1,-1,-1,-1
2018010081723,1,9,0,-1,-1,0,-1,-1,-1,-1,-1,-1,6,2,79,11,1997,1,5,9,1,9
2018010081723,2,20,0,-1,-1,0,-1,-1,-1,-1,-1,-1,6,3,-1,-1,-1,-1,-1,-1,-1,-1
2018010081727,1,8,0,-1,-1,-1,-1,-1,-1,-1,2,-1,6,1,56,9,1791,8,6,4,1,4
2018010081727,2,9,-1,-1,-1,-1,-1,-1,-1,-1,1,-1,6,1,-1,-1,-1,-1,-1,-1,-1,-1
2018010081728,1,9,0,18,0,0,0,0,0,0,1,1,6,2,41,7,1398,1,1,4,1,4
2018010081730,1,9,0,5,0,4,0,0,0,0,3,1,6,1,57,9,2199,2,2,2,1,2
2018010081730,2,1,0,18,0,8,0,0,0,0,1,1,1,1,30,6,-1,-1,-1,2,1,2
2018010081734,1,1,0,7,0,8,-1,0,0,0,1,1,6,1,34,6,-1,-1,-1,4,1,4
2018010081737,1,4,0,13,0,1,0,0,0,0,1,1,6,1,18,4,124,1,4,3,1,3
2018010081737,2,9,0,12,0,1,0,0,0,0,4,1,6,1,24,5,1240,1,13,5,1,5
2018010081737,3,9,0,18,0,1,0,0,0,0,2,1,6,1,59,9,1798,1,11,9,3,9
2018010081741,1,2,0,6,0,0,0,0,0,0,1,1,6,3,-1,-1,-1,-1,-1,-1,-1,-1
2018010081743,1,5,0,18,0,0,0,0,0,0,1,1,2,1,31,6,1215,1,1,4,1,4
2018010081743,2,9,0,18,0,0,0,0,0,0,2,1,6,2,36,7,-1,-1,-1,7,1,7
2018010081744,1,19,0,4,0,0,0,0,0,0,1,1,1,1,54,8,-1,-1,-1,4,1,4
2018010081744,2,3,0,4,0,0,0,0,0,0,2,1,1,1,57,9,125,1,1,1,1,1
2018010081745,1,9,0,-1,-1,0,-1,-1,-1,-1,-1,-1,2,1,28,6,2993,2,4,4,1,4
2018010081745,2,9,0,-1,-1,0,-1,-1,-1,-1,1,-1,6,2,-1,-1,1596,1,13,2,1,2
2018010081750,1,1,-1,-1,-1,-1,-1,-1,-1,-1,2,1,2,2,42,7,-1,-1,-1,6,1,6
2018010081750,2,9,0,-1,-1,-1,-1,-1,-1,-1,1,-1,6,3,-1,-1,2499,2,17,-1,-1,-1
2018010081756,1,9,0,5,0,6,0,0,0,0,4,1,6,2,35,6,1339,8,8,1,1,1
2018010081756,2,4,0,18,0,1,2,0,0,0,1,1,1,1,48,8,-1,-1,-1,3,1,3
2018010081757,1,9,0,5,0,8,0,0,0,0,4,1,6,1,19,4,1598,1,9,3,1,3
2018010081757,2,19,0,6,0,8,0,0,0,0,3,1,1,1,47,8,1870,2,14,1,1,1
2018010081759,1,9,0,4,0,2,0,0,0,0,0,1,1,2,51,8,1198,1,2,3,1,3
2018010081762,1,9,0,3,0,0,0,0,0,0,4,1,6,1,30,6,1997,1,13,2,1,2
2018010081762,2,1,0,18,0,0,0,0,0,0,1,1,2,1,60,9,-1,-1,-1,7,1,7
2018010081764,1,1,0,18,0,0,0,0,0,0,1,1,2,1,25,5,-1,-1,-1,5,1,5
2018010081764,2,9,0,9,0,0,0,0,0,0,3,1,6,2,26,6,1242,1,9,9,1,9
2018010081766,1,3,0,18,0,0,0,0,0,0,0,1,1,1,40,7,125,1,4,4,1,4
2018010081767,1,9,-1,-1,-1,-1,-1,-1,-1,-1,-1,-1,6,3,-1,-1,-1,-1,-1,-1,-1,-1
2018010081770,1,11,0,3,2,1,0,0,0,0,0,1,6,1,63,9,4461,2,5,5,1,5
2018010081771,1,9,0,-1,-1,0,-1,-1,-1,-1,1,-1,6,3,-1,-1,-1,-1,-1,-1,-1,-1
2018010081775,1,3,0,18,0,1,2,9,0,0,1,1,6,3,-1,-1,-1,-1,-1,-1,-1,-1
2018010081778,1,9,0,3,-1,-1,-1,-1,-1,-1,2,-1,6,2,22,5,1242,1,7,9,1,9
2018010081778,2,9,0,-1,-1,-1,-1,-1,-1,-1,1,-1,6,1,28,6,1199,1,14,3,1,3
2018010081778,3,9,0,-1,-1,-1,-1,-1,-1,-1,2,-1,6,1,28,6,998,1,3,6,1,6
2018010081786,1,21,1,18,0,1,0,0,0,0,1,1,1,1,41,7,10837,2,6,5,1,5
2018010081786,2,9,0,18,0,6,0,0,0,0,2,1,6,1,24,5,1197,1,6,1,1,1
2018010081787,1,9,0,5,0,8,0,0,0,0,2,1,6,1,28,6,1497,8,9,6,1,6
2018010081787,2,4,0,5,0,8,0,0,0,0,1,1,2,1,31,6,125,1,1,6,1,6
2018010081794,1,8,0,18,0,3,0,0,0,0,2,1,2,1,58,9,2143,2,1,9,1,9
2018010081794,2,9,0,18,0,3,0,0,0,0,1,1,6,1,64,9,2143,2,6,10,1,10
2018010081795,1,11,0,3,0,1,0,0,0,0,0,1,1,1,38,7,-1,-1,-1,1,1,1
2018010081796,1,8,0,10,0,0,0,0,0,0,2,1,1,1,71,10,2499,2,11,7,1,7
2018010081796,2,3,0,18,0,0,0,0,0,0,0,1,1,1,19,4,108,1,1,1,1,1
2018010081797,1,9,0,18,0,8,0,0,0,0,1,1,6,1,37,7,2993,2,1,5,1,5
2018010081797,2,3,0,6,0,8,0,0,0,0,4,1,6,1,17,4,125,1,4,5,1,5
2018010081802,1,9,0,13,0,5,0,10,7,10,1,1,6,2,18,4,1399,2,8,2,1,2
2018010081802,2,9,0,9,0,1,0,0,0,0,3,1,6,3,-1,-1,-1,-1,-1,-1,-1,-1
2018010081804,1,1,0,7,0,2,0,0,0,0,0,1,6,1,54,8,-1,-1,-1,3,1,3
2018010081807,1,9,0,3,0,0,0,0,0,0,0,1,6,1,35,6,-1,-1,-1,3,1,3
2018010081807,2,9,0,3,0,0,0,0,0,0,1,1,6,1,37,7,1560,2,6,4,1,4
2018010081808,1,9,0,18,0,1,0,0,0,0,1,1,6,3,-1,-1,1798,1,13,-1,-1,-1
2018010081808,2,4,0,3,0,1,0,0,0,0,2,1,6,1,18,4,125,1,3,1,1,1
2018010081808,3,9,0,18,0,8,0,0,0,0,0,1,1,1,32,6,1560,2,4,-1,-1,-1
2018010081810,1,9,0,2,0,0,0,0,0,0,4,1,6,3,-1,-1,1995,2,5,-1,-1,-1
2018010081810,2,9,0,18,0,0,0,4,0,0,3,1,1,1,66,10,1596,1,13,3,1,3
2018010081811,1,8,0,9,0,6,0,10,1,10,3,1,6,1,54,8,2143,2,7,3,1,3
2018010081811,2,8,0,18,0,1,0,10,1,10,1,1,6,1,46,8,1950,2,1,2,1,2
2018010081815,1,9,0,9,0,5,0,0,0,0,1,1,2,1,27,6,1968,2,8,4,1,4
2018010081818,1,9,0,4,0,2,0,4,0,0,1,1,6,1,68,10,3199,1,22,10,1,10
2018010081818,2,9,0,4,0,2,0,1,0,0,1,1,6,2,31,6,1299,1,17,5,1,5
2018010081821,1,9,0,18,0,0,1,11,1,0,1,1,6,2,32,6,999,1,2,6,1,6
2018010081821,2,9,0,18,0,0,0,11,1,2,1,1,1,1,38,7,1598,1,11,6,1,6
2018010081821,3,9,0,18,0,0,0,11,0,0,2,1,2,2,47,8,1560,2,8,6,1,6
2018010081824,1,4,0,18,9,0,0,0,1,0,0,1,6,3,-1,-1,-1,-1,-1,-1,-1,-1
2018010081829,1,9,0,18,0,0,0,0,0,0,4,1,6,1,45,7,1398,1,1,2,1,2
2018010081831,1,9,0,18,0,1,0,0,0,0,1,1,6,3,-1,-1,-1,-1,-1,-1,-1,-1
2018010081831,2,1,0,18,2,1,0,0,0,0,2,1,6,1,22,5,-1,-1,-1,4,1,4
2018010081836,1,11,0,18,0,0,0,0,0,0,1,1,1,1,52,8,4461,2,5,3,1,3
2018010081836,2,9,0,3,0,0,0,0,0,0,1,1,6,1,60,9,1968,2,11,9,1,9
2018010081840,1,9,0,18,0,1,0,7,0,0,1,1,6,1,18,4,1895,1,20,2,1,2
2018010081840,2,19,0,2,9,1,0,0,1,0,4,1,6,3,-1,-1,2977,2,13,-1,-1,-1
2018010081842,1,3,0,18,0,0,0,0,0,0,1,1,6,1,41,7,125,1,2,2,1,2
2018010081842,2,9,0,5,0,0,0,0,0,0,2,1,6,1,47,8,1984,2,7,2,1,2
2018010081843,1,9,0,7,0,6,0,0,0,0,4,1,2,1,24,5,2143,2,6,8,1,8
2018010081843,2,9,0,18,0,2,0,0,0,0,1,1,6,1,32,6,1781,1,17,8,2,8
2018010081843,3,90,0,18,0,1,0,0,0,0,3,1,1,1,-1,-1,-1,-1,-1,7,1,7
2018010081844,1,1,-1,-1,-1,0,-1,-1,-1,-1,-1,1,6,1,33,6,-1,-1,-1,5,1,5
2018010081844,2,3,0,18,-1,0,-1,-1,-1,-1,1,1,6,1,-1,-1,-1,-1,-1,-1,-1,-1
2018010081845,1,90,0,18,0,0,1,0,0,0,0,1,2,1,38,7,-1,-1,-1,4,1,4
2018010081846,1,9,0,9,0,2,0,0,0,0,2,1,6,2,61,9,1197,1,2,6,1,6
2018010081846,2,3,0,18,0,8,5,0,0,0,1,1,6,1,51,8,124,1,3,8,1,8
2018010081847,1,10,0,5,2,1,0,0,0,0,0,2,6,1,43,7,-1,-1,-1,3,1,3
2018010081847,2,9,0,7,0,1,0,0,0,0,4,1,6,1,19,4,1084,1,1,5,1,5
2018010081848,1,9,0,-1,-1,-1,-1,-1,-1,-1,0,-1,6,1,68,10,1390,1,6,4,1,4
2018010081848,2,9,-1,-1,-1,-1,-1,-1,-1,-1,-1,-1,6,3,-1,-1,-1,-1,-1,-1,-1,-1
2018010081851,1,11,0,3,2,1,0,0,0,0,0,1,1,1,65,9,4500,2,6,3,1,3
2018010081854,1,3,0,18,0,8,0,0,0,0,1,1,6,3,-1,-1,124,1,6,-1,-1,-1
2018010081857,1,9,0,5,0,1,0,0,0,0,1,1,6,1,49,8,2184,2,9,3,1,3
2018010081857,2,3,0,18,0,8,1,0,0,0,3,1,1,1,30,6,125,1,3,2,1,2
2018010081859,1,9,0,7,0,6,0,0,0,0,4,1,6,1,43,7,2179,2,4,3,1,3
2018010081859,2,3,0,15,0,8,0,0,0,0,3,1,6,1,32,6,125,1,3,3,1,3
2018010081862,1,9,0,3,0,2,0,0,0,0,2,1,6,2,34,6,1242,1,1,3,1,3
2018010081862,2,9,0,18,0,-1,-1,0,0,0,1,-1,6,3,-1,-1,2993,2,1,-1,-1,-1
2018010081863,1,5,0,18,0,0,5,0,0,0,1,1,2,2,26,6,656,1,9,7,1,7
2018010081863,2,9,0,12,0,0,0,0,0,0,3,1,6,2,42,7,1240,1,13,3,1,3
2018010081870,1,1,-1,18,-1,8,-1,-1,-1,-1,1,1,2,1,30,6,-1,-1,-1,10,1,10
2018010081870,2,9,0,9,-1,5,-1,-1,-1,-1,4,-1,6,1,57,9,1197,1,2,6,1,6
2018010081874,1,8,0,18,0,2,0,0,0,0,3,1,1,1,53,8,1968,2,4,1,1,1
2018010081874,2,9,0,9,0,2,0,0,0,0,1,1,6,2,30,6,2494,8,2,5,1,5
2018010081878,1,9,0,18,0,1,0,0,0,0,4,1,6,1,93,11,1198,1,14,4,1,4
2018010081886,1,19,0,4,0,1,0,0,0,0,3,1,6,1,29,6,-1,-1,-1,5,1,5
2018010081890,1,9,0,5,0,1,0,0,0,0,3,1,6,3,-1,-1,1968,2,1,-1,-1,-1
2018010081890,2,9,0,5,0,1,0,0,0,0,1,1,6,1,22,5,1587,1,11,2,1,2
2018010081891,1,9,0,1,0,2,0,0,0,0,2,2,6,1,25,5,1197,1,2,3,1,3
2018010081894,1,9,0,16,0,6,0,0,0,0,1,1,6,2,67,10,1497,8,4,2,1,2
2018010081894,2,9,0,18,0,6,0,0,0,0,2,1,6,1,40,7,1598,1,13,7,1,7
2018010081895,1,9,0,4,0,2,0,0,0,0,1,1,6,1,78,11,2384,1,23,5,1,5
2018010081897,1,9,0,6,0,0,0,0,0,0,3,1,6,2,27,6,1984,1,7,3,1,3
2018010081897,2,5,0,18,0,0,2,0,0,0,1,1,6,1,60,9,865,1,2,7,1,7
2018010081899,1,1,-1,-1,-1,-1,-1,-1,-1,-1,1,1,2,1,47,8,-1,-1,-1,6,1,6
2018010081899,2,9,0,-1,-1,-1,-1,-1,-1,-1,3,-1,6,1,-1,-1,-1,-1,-1,-1,-1,-1
2018010081901,1,1,-1,-1,-1,-1,-1,-1,-1,-1,-1,1,2,1,23,5,-1,-1,-1,3,1,3
2018010081901,2,9,0,-1,-1,-1,-1,-1,-1,-1,0,-1,6,1,-1,-1,1498,1,11,-1,-1,-1
2018010081902,1,2,0,-1,-1,0,-1,-1,-1,-1,1,1,6,1,-1,-1,-1,-1,-1,-1,-1,-1
2018010081904,1,9,0,18,0,0,0,0,0,0,1,1,6,3,-1,-1,-1,-1,-1,-1,-1,-1
2018010081905,1,11,0,18,2,8,0,0,0,0,0,1,1,1,46,8,9360,2,7,4,1,4
2018010081907,1,9,0,18,0,8,0,0,0,0,1,1,6,1,38,7,1896,2,13,5,1,5
2018010081907,2,9,0,18,0,8,0,0,0,0,2,1,6,2,33,6,1198,1,8,6,1,6
2018010081908,1,9,0,3,0,1,0,0,0,0,2,1,6,2,29,6,1364,1,1,5,1,5
2018010081908,2,9,0,18,0,1,0,0,0,0,2,1,6,1,26,6,1368,1,1,5,2,5
2018010081908,3,9,0,18,0,1,0,0,0,0,2,1,6,1,21,5,2148,2,17,7,1,7
2018010081908,4,19,0,18,0,1,0,0,0,0,1,1,6,3,-1,-1,-1,-1,-1,-1,-1,-1
2018010081909,1,9,0,3,0,6,0,0,0,0,4,1,2,1,53,8,1896,1,19,2,1,2
2018010081909,2,1,0,8,0,5,0,0,0,0,3,1,6,1,14,3,-1,-1,-1,1,1,1
2018010081913,1,9,0,9,0,2,0,0,0,0,1,1,2,1,49,8,1797,8,3,6,1,6
2018010081913,2,3,0,15,0,1,0,0,0,0,1,1,6,1,28,6,125,1,4,4,1,4
2018010081914,1,9,0,18,0,8,0,0,7,2,1,1,6,1,24,5,1360,1,11,7,1,7
2018010081915,1,9,0,9,0,8,0,0,0,0,0,1,6,1,24,5,1363,2,14,4,1,4
2018010081915,2,5,0,18,0,1,1,0,0,0,0,1,6,1,33,6,583,1,24,2,1,2
2018010081916,1,9,0,-1,-1,-1,-1,-1,-1,-1,-1,-1,6,1,30,6,998,1,12,8,1,8
2018010081919,1,9,0,-1,-1,-1,-1,-1,-1,-1,2,-1,6,3,-1,-1,1598,2,7,2,1,2
2018010081920,1,9,0,5,0,2,0,0,0,0,1,1,6,1,49,8,1910,2,8,7,1,7
2018010081922,1,1,0,18,0,1,5,0,0,0,1,1,2,1,40,7,-1,-1,-1,4,1,4
2018010081922,2,9,0,9,0,1,0,0,0,0,1,1,6,1,17,4,-1,-1,-1,-1,-1,-1
2018010081923,1,9,0,18,0,2,0,4,7,10,3,1,6,1,30,6,1799,1,12,10,1,10
2018010081923,2,9,0,18,0,8,0,0,0,0,1,1,6,3,-1,-1,-1,-1,-1,-1,-1,-1
2018010081923,3,9,0,2,0,2,0,0,0,0,3,1,6,3,-1,-1,1197,1,4,-1,-1,-1
2018010081924,1,3,0,5,0,0,0,0,0,0,1,1,1,1,22,5,125,1,8,5,1,5
2018010081924,2,8,0,18,0,0,0,0,0,0,1,1,6,1,57,9,1598,1,8,-1,-1,-1
2018010081925,1,9,0,7,0,6,0,4,0,0,1,2,6,1,31,6,-1,-1,-1,-1,-1,-1
2018010081925,2,9,0,18,0,1,0,4,1,0,4,1,6,1,27,6,1364,1,14,2,1,2
2018010081925,3,9,0,18,0,2,0,4,0,0,4,1,6,2,45,7,1199,1,14,3,1,3
2018010081926,1,9,0,18,0,0,0,0,0,0,1,1,6,1,82,11,1799,1,20,7,1,7
2018010081926,2,9,0,5,0,0,0,0,0,0,2,1,1,2,31,6,993,1,17,2,1,2
2018010081933,1,9,0,18,0,0,0,0,0,0,1,1,6,1,39,7,-1,-1,-1,2,1,2
2018010081933,2,3,0,18,0,0,0,0,0,0,1,1,6,1,35,6,125,1,5,3,1,3
2018010081938,1,11,0,4,0,1,0,0,0,0,0,1,1,1,43,7,4500,2,1,4,1,4
2018010081939,1,3,0,18,0,1,0,0,0,0,4,1,6,1,21,5,599,1,7,2,1,2
2018010081939,2,2,0,18,0,1,0,0,0,0,2,1,6,3,-1,-1,-1,-1,-1,-1,-1,-1
2018010081939,3,9,0,6,0,8,0,0,0,0,0,1,6,1,-1,-1,-1,-1,-1,3,1,3
2018010081941,1,9,0,-1,-1,-1,-1,-1,-1,-1,1,-1,6,2,32,6,1997,1,13,2,1,2
2018010081941,2,9,0,-1,-1,-1,-1,-1,-1,-1,-1,-1,6,1,-1,-1,1584,1,11,2,1,2
2018010081945,1,8,0,7,0,5,0,0,0,0,4,1,1,1,43,7,1560,2,8,3,1,3
2018010081946,1,11,0,18,0,1,0,0,0,0,1,1,6,1,23,5,4500,2,10,4,1,4
2018010081946,2,9,0,4,0,1,0,0,0,0,2,1,6,1,37,7,2179,2,9,9,1,9
2018010081947,1,8,0,3,0,1,0,0,0,0,1,1,1,1,43,7,1598,2,4,4,1,4
2018010081947,2,9,0,9,0,5,0,0,0,0,4,1,6,3,-1,-1,-1,-1,-1,-1,-1,-1
2018010081948,1,19,0,5,0,4,0,0,0,0,1,1,1,1,33,6,2287,2,7,4,1,4
2018010081948,2,9,0,5,0,4,0,0,0,0,2,1,6,1,34,6,1364,1,12,7,1,7
2018010081948,3,9,0,4,0,3,0,0,0,0,0,1,1,2,37,7,1560,2,4,-1,-1,-1
2018010081953,1,9,0,-1,-1,0,-1,-1,-1,-1,3,-1,6,1,22,5,1396,1,6,5,1,5
2018010081953,2,9,0,-1,-1,0,-1,-1,-1,-1,1,-1,6,1,-1,-1,1997,2,11,-1,-1,-1
2018010081958,1,9,0,4,0,1,0,0,0,0,1,1,6,1,32,6,-1,-1,-1,2,1,2
2018010081958,2,9,0,3,0,1,0,0,0,0,0,1,1,1,46,8,2993,2,5,8,1,8
2018010081958,3,9,0,4,0,1,0,0,0,0,1,1,6,1,40,7,1794,1,14,7,1,7
2018010081967,1,9,0,16,0,1,0,0,0,0,4,1,6,1,73,10,1997,2,9,4,1,4
2018010081969,1,9,0,9,0,6,0,0,0,0,3,1,6,2,30,6,-1,-1,-1,3,1,3
2018010081969,2,9,0,18,0,1,0,0,0,0,1,1,6,1,38,7,1560,2,9,9,2,9
2018010081970,1,9,0,5,0,8,0,0,0,0,1,1,6,1,33,6,1596,1,14,5,1,5
2018010081970,2,9,0,18,0,1,0,0,0,0,1,1,6,1,36,7,1596,1,12,2,1,2
2018010081971,1,9,0,18,0,0,0,10,0,0,4,1,6,1,39,7,1598,1,7,4,1,4
2018010081971,2,9,0,18,0,0,0,4,0,0,4,1,6,1,66,10,1968,2,9,3,1,3
2018010081972,1,11,0,5,0,6,0,0,0,0,0,1,1,1,55,8,5132,2,1,4,1,4
2018010081976,1,9,0,12,0,1,0,0,0,0,1,1,6,1,73,10,1197,1,2,8,1,8
2018010081976,2,11,0,2,0,1,0,0,0,0,2,1,6,3,-1,-1,4500,2,2,-1,-1,-1
2018010081980,1,9,0,9,0,1,0,0,0,0,1,1,6,2,49,8,2184,2,4,5,1,5
2018010081980,2,3,0,18,0,1,0,0,0,0,1,1,6,1,29,6,125,1,1,2,1,2
2018010081982,1,9,0,-1,0,-1,-1,-1,0,0,4,1,6,1,30,6,1781,1,11,7,1,7
2018010081982,2,9,-1,-1,-1,-1,0,-1,0,0,1,-1,6,3,-1,-1,2967,2,11,-1,-1,-1
2018010081983,1,11,0,18,0,8,0,0,0,0,1,1,1,1,33,6,-1,-1,-1,4,1,4
2018010081984,1,11,0,18,0,1,0,0,0,0,0,1,1,1,62,9,8300,2,12,-1,-1,-1
2018010081985,1,9,0,5,0,2,0,0,0,0,1,1,6,1,33,6,1390,1,7,2,1,2
2018010081987,1,9,0,9,0,1,0,0,0,0,1,1,6,2,68,10,1339,1,15,9,2,9
2018010081987,2,1,0,18,0,8,0,0,0,0,1,1,6,1,37,7,-1,-1,-1,3,1,3
2018010081988,1,9,0,11,0,1,0,4,0,0,1,1,6,1,23,5,1995,2,4,2,1,2
2018010081988,2,9,0,13,0,1,0,0,0,0,1,1,6,3,-1,-1,-1,-1,-1,-1,-1,-1
2018010081993,1,1,0,18,0,1,0,0,0,0,1,1,6,1,34,6,-1,-1,-1,1,1,1
2018010081993,2,9,0,18,0,1,0,0,0,0,0,1,1,1,37,7,1560,2,4,5,1,5
2018010081996,1,9,0,13,0,4,0,0,0,0,1,1,6,1,24,5,-1,3,4,1,1,1
2018010081996,2,3,0,17,0,8,5,0,0,0,1,1,6,1,53,8,124,1,9,4,1,4
2018010082012,1,9,0,18,0,8,0,0,0,0,1,1,6,1,45,7,2231,2,5,8,1,8
2018010082012,2,9,0,18,0,8,0,0,0,0,1,1,6,1,61,9,1395,1,4,7,1,7
2018010082013,1,9,0,4,0,0,0,0,0,0,2,1,6,1,28,6,-1,-1,-1,7,1,7
2018010082013,2,9,0,4,0,0,0,0,0,0,2,1,6,1,20,4,1390,1,11,6,1,6
2018010082013,3,9,0,4,0,0,0,0,0,0,1,1,6,2,31,6,1498,1,11,4,1,4
2018010082015,1,9,0,18,0,0,0,0,0,0,1,1,6,1,22,5,1598,1,5,2,1,2
2018010082016,1,9,0,4,0,1,0,0,0,0,2,1,6,1,43,7,1587,1,16,2,1,2
2018010082016,2,8,0,18,0,1,0,0,0,0,1,1,6,1,44,7,2402,2,15,1,1,1
2018010082018,1,9,0,18,0,0,0,0,0,0,2,1,6,1,50,8,1968,2,7,6,1,6
2018010082018,2,9,0,18,0,0,0,0,0,0,2,1,6,1,64,9,2143,2,3,5,1,5
2018010082018,3,9,0,18,0,0,0,0,0,0,1,1,6,2,54,8,-1,-1,-1,9,1,9
2018010082022,1,9,0,9,0,1,0,0,0,0,3,1,6,2,59,9,1299,1,11,4,1,4
2018010082022,2,3,0,13,0,1,2,0,7,0,1,1,6,3,-1,-1,50,1,9,-1,-1,-1
2018010082027,1,9,0,5,0,8,0,0,0,0,1,1,6,1,55,8,1968,2,7,1,1,1
2018010082027,2,9,0,18,0,8,0,0,0,0,1,1,6,2,51,8,1598,1,8,3,1,3
2018010082029,1,10,0,9,0,2,0,0,0,0,3,1,1,1,26,6,-1,-1,-1,3,1,3
2018010082033,1,9,0,4,0,1,0,0,0,0,4,1,6,1,24,5,1499,2,1,1,1,1
2018010082033,2,3,0,18,0,1,0,0,0,0,1,1,1,1,18,4,125,1,5,7,1,7
2018010082037,1,9,0,18,0,4,0,0,0,0,1,1,6,1,36,7,998,1,17,2,1,2
2018010082037,2,1,0,18,0,8,0,0,0,0,4,1,6,1,56,9,-1,-1,-1,1,1,1
2018010082040,1,9,0,7,0,8,1,0,1,0,4,1,2,2,24,5,1242,1,7,4,1,4
2018010082040,2,9,0,18,2,1,0,0,0,0,1,1,6,2,24,5,1968,2,6,6,1,6
2018010082041,1,3,0,18,0,0,0,4,0,0,4,1,6,3,-1,-1,125,1,11,-1,-1,-1
2018010082041,2,9,0,2,0,0,0,0,0,0,3,1,6,3,-1,-1,1984,1,1,-1,-1,-1
2018010082043,1,4,0,17,0,0,1,0,0,0,1,1,1,1,27,6,108,1,2,2,1,2
2018010082043,2,9,0,2,0,0,0,0,0,0,1,1,6,3,-1,-1,1999,1,11,-1,-1,-1
2018010082044,1,9,0,18,0,1,0,7,0,0,1,1,6,2,50,8,1242,1,4,2,1,2