Accident_Index,Vehicle_Reference,Vehicle_Type,Towing_and_Articulation,Vehicle_Manoeuvre,Vehicle_Location-Restricted_Lane,Junction_Location,Skidding_and_Overturning,Hit_Object_in_Carriageway,Vehicle_Leaving_Carriageway,Hit_Object_off_Carriageway,1st_Point_of_Impact,Was_Vehicle_Left_Hand_Drive?,Journey_Purpose_of_Driver,Sex_of_Driver,Age_of_Driver,Age_Band_of_Driver,Engine_Capacity_(CC),Propulsion_Code,Age_of_Vehicle,Driver_IMD_Decile,Driver_Home_Area_Type,Vehicle_IMD_Decile
2018010082045,1,3,0,18,0,2,0,0,0,0,1,1,6,3,-1,-1,-1,-1,-1,-1,-1,-1
2018010082050,1,5,0,16,0,0,0,0,0,0,1,1,2,1,58,9,659,1,11,6,1,6
2018010082050,2,9,0,18,0,0,0,0,0,0,1,1,6,3,-1,-1,-1,-1,-1,-1,-1,-1
2018010082051,1,9,0,18,0,0,0,0,0,0,4,1,6,3,-1,-1,-1,-1,-1,-1,-1,-1
2018010082053,1,4,0,18,0,1,0,0,0,0,0,1,6,1,17,4,125,1,3,9,1,9
2018010082057,1,9,0,9,0,8,0,0,0,0,1,1,6,2,32,6,1339,1,15,3,1,3
2018010082057,2,1,0,18,0,1,0,0,0,0,1,1,6,1,26,6,-1,-1,-1,4,1,4
2018010082058,1,9,0,18,0,1,0,0,0,0,1,1,1,1,48,8,2143,2,4,5,1,5
2018010082059,1,9,0,13,0,8,0,0,0,0,1,1,6,3,-1,-1,1799,1,11,-1,-1,-1
2018010082059,2,9,0,18,0,2,0,0,0,0,2,1,6,1,51,8,1364,1,2,5,1,5
2018010082065,1,8,0,-1,-1,-1,-1,-1,-1,-1,2,-1,6,1,58,9,1968,2,6,4,1,4
2018010082065,2,9,-1,-1,-1,-1,-1,12,-1,-1,-1,-1,6,3,-1,-1,1499,2,1,-1,-1,-1
2018010082067,1,9,0,9,0,2,0,10,0,0,4,1,6,1,19,4,2967,2,9,3,1,3
2018010082067,2,9,0,9,0,2,0,0,0,0,0,1,1,1,36,7,1995,2,2,5,1,5
2018010082069,1,5,0,18,0,2,0,0,0,0,1,1,2,1,63,9,885,1,20,4,1,4
2018010082078,1,9,0,-1,-1,-1,-1,-1,-1,-1,-1,-1,2,1,45,7,1368,1,1,6,1,6
2018010082078,2,9,0,-1,-1,-1,-1,-1,-1,-1,-1,-1,6,1,-1,-1,1796,1,11,-1,-1,-1
2018010082081,1,19,0,18,0,0,0,0,0,0,1,1,1,1,45,7,1560,2,3,4,1,4
2018010082081,2,9,0,4,0,0,0,0,0,0,2,1,1,1,31,6,2993,2,1,9,1,9
2018010082084,1,9,0,18,0,1,0,0,0,0,1,1,6,1,19,4,999,1,1,2,1,2
2018010082085,1,1,-1,-1,-1,0,-1,-1,-1,-1,-1,1,6,1,38,7,-1,-1,-1,5,1,5
2018010082085,2,9,0,-1,-1,0,-1,-1,-1,-1,3,-1,6,1,-1,-1,1995,2,7,-1,-1,-1
2018010082095,1,19,0,18,0,1,1,0,0,0,1,1,2,1,34,6,2402,2,7,4,1,4
2018010082095,2,21,1,9,0,1,0,0,0,0,4,1,1,1,43,7,10837,2,3,7,1,7
2018010082098,1,9,0,18,0,0,0,10,0,0,3,-1,6,2,47,8,1991,2,9,10,1,10
2018010082098,2,9,0,18,0,0,0,0,0,0,4,-1,6,1,-1,-1,3993,1,2,2,1,2
2018010082106,1,8,0,14,0,1,0,0,0,0,2,1,1,1,42,7,1560,2,2,4,1,4
2018010082106,2,1,0,4,0,1,0,0,0,0,2,1,2,2,25,5,-1,-1,-1,4,1,4
2018010082109,1,9,0,18,0,0,0,0,0,0,1,1,2,1,25,5,1986,2,10,8,1,8
2018010082109,2,20,0,18,0,0,0,0,0,0,0,1,1,1,53,8,2998,2,4,9,1,9
2018010082116,1,9,0,16,0,1,0,0,0,0,1,1,6,1,51,8,999,1,8,8,1,8
2018010082116,2,9,0,17,0,2,0,0,0,0,1,1,6,1,26,6,1497,8,11,2,1,2
2018010082121,1,1,0,18,4,2,0,0,0,0,1,1,1,1,23,5,-1,-1,-1,3,1,3
2018010082121,2,19,0,18,0,1,0,0,0,0,1,1,2,1,61,9,2148,2,10,8,1,8
2018010082126,1,9,0,4,0,0,0,0,0,0,2,1,2,1,21,5,1398,1,2,3,1,3
2018010082126,2,9,0,4,0,0,0,0,0,0,1,1,2,1,40,7,1998,1,4,7,-1,7
2018010082145,1,9,0,3,0,2,0,0,0,0,1,1,3,2,37,7,1997,2,4,1,1,1
2018010082145,2,2,0,13,0,1,0,0,0,0,0,1,2,1,39,7,125,1,11,7,1,7
2018010082146,1,11,0,18,0,1,0,0,0,0,0,1,1,1,48,8,4500,2,6,4,1,4
2018010082164,1,9,0,7,0,1,0,0,0,0,1,1,6,1,49,8,1798,1,4,2,1,2
2018010082164,2,1,0,18,2,1,0,0,0,0,3,1,2,1,42,7,-1,-1,-1,2,1,2
2018010082167,1,2,0,-1,-1,0,-1,-1,-1,-1,1,1,6,1,16,4,49,1,18,4,1,4
2018010082167,2,9,0,-1,-1,0,-1,-1,-1,-1,1,-1,6,1,-1,-1,1956,2,6,-1,-1,-1
2018010082175,1,19,0,5,0,0,0,0,0,0,3,1,1,1,28,6,2402,2,8,3,1,3
2018010082175,2,9,0,18,0,0,1,0,0,0,3,1,1,1,25,5,1560,2,4,3,1,3
2018010082175,3,9,0,2,0,0,0,0,0,0,3,1,6,3,-1,-1,1685,2,2,-1,-1,-1
2018010082175,4,9,0,2,0,0,0,0,0,0,3,1,6,3,-1,-1,-1,-1,-1,-1,-1,-1
2018010082183,1,9,0,4,0,0,0,0,0,0,1,1,2,2,47,8,-1,-1,-1,2,1,2
2018010082184,1,9,0,9,0,8,0,0,2,1,4,1,6,2,33,6,1799,1,11,2,1,2
2018010082184,2,8,0,18,0,1,0,0,0,0,1,1,1,2,55,8,2402,2,15,7,1,7
2018010082202,1,9,0,18,0,8,0,0,0,0,4,1,6,2,26,6,2143,2,3,5,1,5
2018010082202,2,8,0,18,0,8,0,0,0,0,1,1,6,1,29,6,1956,2,5,6,1,6
2018010082212,1,1,-1,-1,-1,-1,-1,-1,-1,-1,1,1,6,1,24,5,-1,-1,-1,6,1,6
2018010082212,2,9,0,-1,-1,-1,-1,-1,-1,-1,-1,-1,6,1,58,9,2199,1,22,1,1,1
2018010082220,1,9,-1,-1,-1,-1,-1,-1,-1,-1,1,-1,6,1,-1,-1,-1,-1,-1,2,1,2
2018010082225,1,9,0,18,0,1,0,0,0,0,1,1,6,1,28,6,2998,1,1,10,1,10
2018010082225,2,9,0,9,0,8,0,0,0,0,3,1,6,2,25,5,1388,1,11,8,1,8
2018010082226,1,9,0,-1,-1,-1,-1,-1,-1,-1,2,-1,6,2,23,5,1229,1,8,3,1,3
2018010082226,2,9,0,-1,-1,-1,-1,-1,-1,-1,1,-1,6,3,-1,-1,2000,1,13,-1,-1,-1
2018010082227,1,3,0,18,0,1,0,10,0,0,3,1,6,1,18,4,125,1,5,1,1,1
2018010082227,2,9,0,9,0,1,0,0,0,0,1,1,6,2,39,7,1198,1,7,6,1,6
2018010082228,1,9,0,18,0,3,5,10,0,0,3,1,6,1,81,11,1299,1,12,6,1,6
2018010082232,1,9,-1,18,-1,-1,-1,-1,-1,0,-1,-1,6,3,-1,-1,-1,-1,-1,-1,-1,-1
2018010082234,1,8,0,4,0,0,0,0,0,0,2,1,1,1,46,8,1560,2,2,5,1,5
2018010082234,2,9,0,4,0,0,0,0,0,0,2,1,2,1,54,8,1781,1,19,8,1,8
2018010082234,3,9,0,4,0,0,0,0,0,0,1,1,6,1,83,11,1796,1,15,10,1,10
2018010082237,1,9,0,-1,-1,0,-1,-1,-1,-1,-1,-1,6,1,23,5,1461,2,1,3,1,3
2018010082237,2,90,0,-1,-1,0,-1,-1,-1,-1,2,-1,6,3,-1,-1,-1,-1,-1,-1,-1,-1
2018010082239,1,1,-1,-1,-1,-1,-1,-1,-1,-1,-1,1,2,1,44,7,-1,-1,-1,4,1,4
2018010082239,2,9,0,-1,-1,-1,-1,-1,-1,-1,-1,-1,6,3,31,6,1984,1,1,1,1,1
2018010082240,1,9,0,9,0,2,0,0,0,0,1,2,2,1,41,7,2148,2,13,3,1,3
2018010082240,2,1,0,18,0,8,0,0,0,0,4,1,2,1,35,6,-1,-1,-1,7,1,7
2018010082249,1,9,0,17,0,1,0,0,0,0,1,1,6,2,42,7,1685,2,2,7,3,7
2018010082249,2,4,0,16,0,1,0,0,0,0,1,1,6,1,29,6,-1,-1,-1,5,1,5
2018010082250,1,1,-1,-1,-1,-1,-1,-1,-1,-1,-1,1,2,1,28,6,-1,-1,-1,4,1,4
2018010082250,2,9,0,-1,-1,-1,-1,-1,-1,-1,-1,-1,6,1,-1,-1,1400,1,13,-1,-1,-1
2018010082252,1,9,0,4,0,1,0,0,0,0,1,1,6,1,42,7,1995,2,2,3,1,3
2018010082252,2,9,0,4,0,1,0,0,0,0,2,1,6,2,26,6,1499,1,2,1,1,1
2018010082252,3,9,0,4,0,1,0,0,0,0,2,1,6,2,59,9,1997,2,17,9,2,9
2018010082253,1,11,0,7,3,2,0,0,0,0,1,1,1,1,35,6,3900,2,12,8,1,8
2018010082254,1,9,0,18,0,2,0,0,0,0,4,1,6,1,25,5,-1,-1,-1,4,2,4
2018010082255,1,11,0,5,0,6,0,0,0,0,0,1,1,1,38,7,9000,2,8,3,1,3
2018010082256,1,9,0,-1,-1,-1,-1,-1,-1,-1,2,-1,6,1,38,7,1798,1,14,3,1,3
2018010082256,2,9,0,-1,-1,-1,-1,-1,-1,-1,1,-1,6,1,-1,-1,1968,2,1,1,1,1
2018010082258,1,9,0,18,2,8,0,0,0,0,1,1,6,1,24,5,1398,1,1,8,1,8
2018010082262,1,9,0,9,0,8,0,0,0,0,1,1,6,1,38,7,2231,2,5,5,1,5
2018010082271,1,4,0,18,0,0,5,0,0,0,4,1,1,1,37,7,124,1,8,4,1,4
2018010082271,2,9,0,5,0,0,0,0,0,0,3,1,6,3,-1,-1,1242,1,6,-1,-1,-1
2018010082271,3,9,0,2,0,0,0,0,0,0,2,1,6,3,-1,-1,1997,2,9,-1,-1,-1
2018010082272,1,1,-1,-1,-1,-1,-1,-1,-1,-1,2,1,6,2,22,5,-1,-1,-1,3,1,3
2018010082272,2,9,0,-1,-1,-1,-1,-1,-1,-1,1,-1,6,3,-1,-1,2996,1,11,2,1,2
2018010082277,1,4,0,18,0,1,0,0,0,0,4,1,6,1,23,5,124,1,2,5,1,5
2018010082277,2,8,0,5,0,7,0,0,0,0,1,1,1,1,30,6,-1,-1,-1,2,1,2
2018010082280,1,5,0,18,0,8,0,0,0,0,3,1,2,1,44,7,790,1,14,4,1,4
2018010082280,2,19,0,9,0,8,0,0,0,0,1,1,2,1,30,6,1968,2,2,7,1,7
2018010082283,1,9,0,-1,-1,-1,-1,-1,-1,-1,-1,-1,6,1,-1,-1,-1,-1,-1,-1,-1,-1
2018010082289,1,19,0,4,0,0,0,0,0,0,2,1,1,1,30,6,-1,-1,-1,4,1,4
2018010082289,2,9,0,18,0,0,0,0,0,0,1,1,6,3,-1,-1,1995,2,6,-1,-1,-1
2018010082290,1,11,0,18,0,2,0,0,0,0,0,1,1,1,52,8,5132,2,1,5,1,5
2018010082291,1,9,0,9,9,5,0,0,1,0,1,1,6,1,23,5,1598,1,14,2,1,2
2018010082291,2,19,0,18,9,1,0,0,0,0,0,1,1,1,49,8,2198,2,2,2,1,2
2018010082292,1,9,0,5,0,7,0,0,0,0,3,1,6,1,81,11,1598,1,11,9,1,9
2018010082292,2,1,0,18,0,8,0,4,0,0,1,1,6,2,21,5,-1,-1,-1,8,1,8
2018010082303,1,5,0,18,0,0,0,0,0,0,3,1,2,1,50,8,649,1,7,5,1,5
2018010082303,2,9,0,4,0,0,0,0,0,0,1,1,2,1,28,6,1364,1,12,6,1,6
2018010082315,1,9,0,-1,-1,0,-1,-1,-1,-1,-1,-1,2,2,65,9,998,1,1,2,1,2
2018010082315,2,1,-1,-1,-1,0,-1,-1,-1,-1,1,1,6,1,-1,-1,-1,-1,-1,-1,-1,-1
2018010082325,1,1,-1,-1,-1,-1,-1,-1,-1,-1,-1,1,6,2,32,6,-1,-1,-1,3,1,3
2018010082325,2,19,0,-1,-1,-1,-1,-1,-1,-1,-1,-1,6,1,49,8,2143,2,4,5,3,5
2018010082327,1,9,0,3,0,0,0,0,0,0,2,-1,6,1,43,7,1598,2,6,2,1,2
2018010082327,2,9,0,5,0,0,0,0,0,0,1,-1,6,1,35,6,1798,8,2,1,1,1
2018010082327,3,9,-1,18,0,0,-1,0,0,0,1,-1,6,3,-1,-1,1995,2,3,-1,-1,-1
2018010082332,1,8,0,3,0,1,0,0,0,0,3,1,1,1,76,11,-1,-1,-1,10,1,10
2018010082332,2,1,0,13,0,1,0,0,0,0,4,1,2,1,36,7,-1,-1,-1,1,1,1
2018010082342,1,1,-1,-1,-1,0,-1,-1,-1,-1,1,1,2,1,29,6,-1,-1,-1,6,1,6
2018010082342,2,9,0,-1,-1,0,-1,-1,-1,-1,-1,-1,6,1,-1,-1,1395,1,1,-1,-1,-1
2018010082345,1,9,0,9,0,8,0,0,0,0,1,1,6,2,32,6,1598,1,10,2,1,2
2018010082352,1,19,0,-1,-1,0,-1,-1,-1,-1,3,-1,6,1,51,8,1995,2,10,7,1,7
2018010082353,1,5,0,-1,-1,-1,-1,-1,-1,-1,-1,1,2,1,44,7,781,1,16,3,1,3
2018010082353,2,9,0,-1,-1,-1,-1,-1,-1,-1,0,-1,6,1,49,8,1590,1,17,1,1,1
2018010082354,1,9,0,9,0,3,0,0,0,0,2,1,6,2,28,6,1998,1,8,3,1,3
2018010082354,2,9,0,9,0,2,0,0,0,0,1,1,6,2,34,6,998,1,15,2,1,2
2018010082355,1,3,0,16,0,2,2,0,0,0,1,1,2,1,30,6,125,1,7,2,1,2
2018010082360,1,1,0,15,0,1,0,0,0,0,3,1,1,1,28,6,-1,-1,-1,2,1,2
2018010082360,2,9,0,9,0,1,0,0,0,0,4,1,1,2,30,6,1598,1,8,4,1,4
2018010082377,1,9,0,-1,-1,-1,-1,-1,-1,-1,1,-1,6,1,-1,-1,-1,-1,-1,-1,-1,-1
2018010082381,1,19,0,10,0,1,0,0,0,0,3,1,1,1,26,6,2198,2,6,10,1,10
2018010082381,2,3,0,13,0,1,0,0,0,0,4,1,6,1,24,5,125,1,5,-1,-1,-1
2018010082382,1,9,0,18,0,6,0,0,0,0,1,1,1,2,39,7,1995,2,12,2,1,2
2018010082382,2,9,0,18,0,8,0,0,0,0,4,1,6,2,72,10,1498,1,2,4,1,4
2018010082383,1,9,0,-1,-1,0,-1,-1,-1,-1,2,-1,6,1,27,6,2979,1,1,6,1,6
2018010082396,1,9,0,3,0,0,0,0,0,0,2,1,1,1,45,7,1497,8,8,4,1,4
2018010082396,2,19,0,4,0,0,0,0,0,0,2,1,1,1,23,5,1560,2,5,2,1,2
2018010082396,3,19,0,18,0,0,0,0,0,0,1,1,1,1,32,6,2198,2,2,3,1,3
2018010082399,1,2,0,18,0,0,0,0,0,0,0,1,1,1,30,6,50,1,3,2,1,2
2018010082399,2,9,0,5,0,0,0,0,0,0,0,1,6,3,-1,-1,2776,2,3,-1,-1,-1
2018010082400,1,19,0,9,0,1,0,0,0,0,3,1,6,1,36,7,2198,2,7,3,1,3
2018010082400,2,3,0,13,0,8,0,0,0,0,3,1,6,1,32,6,125,1,12,4,1,4
2018010082402,1,9,0,-1,-1,-1,-1,-1,-1,-1,-1,-1,6,1,-1,-1,2000,2,14,4,1,4
2018010082402,2,9,0,-1,-1,-1,-1,-1,-1,-1,-1,-1,6,2,-1,-1,1968,2,6,-1,-1,-1
2018010082406,1,3,0,18,4,2,0,0,0,0,1,1,2,1,37,7,330,1,4,3,1,3
2018010082406,2,8,0,7,0,2,0,0,0,0,4,1,1,1,37,7,1997,2,4,3,1,3
2018010082411,1,3,0,18,0,8,0,0,0,0,3,1,6,1,31,6,125,1,2,3,1,3
2018010082411,2,5,0,9,0,8,0,0,0,0,1,1,6,1,32,6,865,1,5,6,1,6
2018010082419,1,9,0,12,0,0,0,0,0,0,2,1,1,1,30,6,1910,2,11,5,1,5
2018010082419,2,2,0,12,0,0,2,0,0,0,2,1,6,1,36,7,49,1,11,4,1,4
2018010082422,1,9,0,-1,-1,-1,-1,-1,-1,-1,2,-1,6,3,32,6,2143,2,1,8,1,8
2018010082423,1,3,0,18,0,0,0,0,7,0,1,1,6,1,18,4,124,1,8,2,1,2
2018010082423,2,9,0,1,0,0,0,0,0,0,2,1,6,1,46,8,1968,2,2,2,1,2
2018010082428,1,1,-1,-1,-1,-1,-1,-1,-1,-1,-1,1,6,2,30,6,-1,-1,-1,7,1,7
2018010082428,2,9,0,-1,-1,-1,-1,-1,-1,-1,-1,-1,6,1,-1,-1,1364,1,3,-1,-1,-1
2018010082433,1,9,0,5,8,0,0,0,0,0,1,1,6,1,55,8,1968,2,5,4,1,4
2018010082433,2,3,0,18,0,0,1,0,0,0,1,1,6,1,60,9,125,1,7,7,1,7
2018010082435,1,19,0,9,0,8,0,0,0,0,1,1,1,1,38,7,1995,2,9,5,1,5
2018010082435,2,4,0,14,0,8,0,0,0,0,1,1,2,1,41,7,249,1,2,1,1,1
2018010082440,1,9,0,18,0,0,1,0,0,0,2,1,2,2,30,6,1560,2,11,8,1,8
2018010082440,2,19,0,13,0,0,0,0,0,0,1,1,3,1,47,8,1560,2,4,4,1,4
2018010082440,3,19,0,18,0,0,0,0,0,0,1,1,1,1,30,6,1560,2,3,6,1,6
2018010082452,1,9,0,18,0,0,0,0,0,0,4,1,6,3,-1,-1,1595,2,8,-1,-1,-1
2018010082453,1,11,0,4,2,1,0,0,0,0,4,1,1,1,27,6,6700,2,7,3,1,3
2018010082462,1,9,0,18,0,0,0,0,0,0,0,1,2,2,25,5,1242,1,3,6,1,6
2018010082462,2,3,0,18,0,0,1,0,0,0,0,1,6,1,24,5,125,1,1,3,1,3
2018010082469,1,9,0,18,0,0,0,0,0,0,2,1,2,2,56,9,1364,1,11,3,1,3
2018010082469,2,9,0,18,0,0,0,0,0,0,1,1,6,1,58,9,1390,1,9,5,1,5
2018010082471,1,11,0,5,0,0,0,0,0,0,0,1,1,1,41,7,4760,2,6,10,1,10
2018010082474,1,1,-1,-1,-1,-1,-1,-1,-1,-1,2,1,2,1,60,9,-1,-1,-1,8,1,8
2018010082474,2,9,0,-1,-1,-1,-1,-1,-1,-1,2,-1,6,2,-1,-1,-1,-1,-1,-1,-1,-1
2018010082481,1,9,0,18,0,2,0,4,7,0,1,1,6,1,78,11,1388,1,6,5,1,5
2018010082481,2,9,0,2,0,2,0,4,1,3,2,1,6,3,-1,-1,1997,2,5,-1,-1,-1
2018010082481,3,9,0,2,0,2,0,4,0,0,2,1,6,3,-1,-1,1598,1,17,-1,-1,-1
2018010082481,4,9,0,2,0,2,0,0,0,0,2,1,6,3,-1,-1,1242,1,5,-1,-1,-1
2018010082482,1,9,0,17,0,0,0,4,0,0,4,1,6,1,32,6,1395,1,1,2,1,2
2018010082482,2,9,0,7,0,0,0,4,0,0,1,1,6,1,83,11,999,1,1,3,1,3
2018010082483,1,9,0,4,0,8,0,0,0,0,4,1,6,1,37,7,1769,1,14,3,1,3
2018010082483,2,5,0,18,0,4,1,0,0,0,1,1,2,1,38,7,1299,1,12,1,1,1
2018010082483,3,9,0,4,0,8,0,0,0,0,2,1,6,2,62,9,1229,1,3,-1,-1,-1
2018010082489,1,21,0,11,0,0,0,0,0,0,4,1,1,1,31,6,10677,2,2,6,1,6
2018010082489,2,9,0,18,0,0,0,0,1,0,3,1,6,1,34,6,1956,2,3,2,1,2
2018010082491,1,1,-1,-1,-1,-1,-1,-1,-1,-1,-1,1,2,2,25,5,-1,-1,-1,7,1,7
2018010082491,2,9,0,-1,-1,-1,-1,-1,-1,-1,1,-1,6,1,-1,-1,1390,1,5,5,1,5
2018010082493,1,19,0,-1,-1,0,-1,-1,-1,-1,2,-1,6,1,25,5,-1,-1,-1,3,1,3
2018010082493,2,9,0,-1,-1,0,-1,-1,-1,-1,1,-1,6,1,-1,-1,-1,-1,-1,-1,-1,-1
2018010082494,1,9,0,6,0,2,0,0,0,0,3,1,6,1,35,6,1796,1,9,5,1,5
2018010082494,2,3,0,18,0,1,0,0,0,0,1,1,6,1,27,6,108,1,5,3,1,3
2018010082495,1,9,0,9,0,8,0,0,0,0,3,1,6,2,25,5,1242,1,8,7,1,7
2018010082497,1,1,0,18,0,1,5,11,0,0,4,1,2,2,42,7,-1,-1,-1,5,1,5
2018010082499,1,9,0,4,0,0,0,0,0,0,3,1,2,1,53,8,3993,1,6,10,1,10
2018010082499,2,5,0,4,0,0,5,10,0,0,4,1,6,1,26,6,600,1,18,5,1,5
2018010082500,1,9,0,4,0,0,0,0,0,0,1,1,2,1,61,9,1498,1,1,3,1,3
2018010082500,2,5,0,18,0,0,5,0,0,0,4,1,6,1,41,7,600,1,5,4,1,4
2018010082501,1,9,0,-1,-1,-1,-1,-1,-1,-1,-1,-1,2,1,20,4,998,1,4,5,1,5
2018010082501,2,9,0,-1,-1,-1,-1,-1,-1,-1,1,-1,6,1,-1,-1,-1,-1,-1,-1,-1,-1
2018010082502,1,9,0,4,0,0,0,0,0,0,0,1,6,1,57,9,1997,1,6,3,1,3
2018010082502,2,9,0,4,0,0,0,0,0,0,2,1,3,2,24,5,1242,1,5,3,1,3
2018010082502,3,9,0,4,0,0,0,0,0,0,1,1,6,2,23,5,1598,2,7,9,1,9
2018010082504,1,9,0,5,0,2,0,0,0,0,1,1,1,1,47,8,-1,-1,-1,9,1,9
2018010082504,2,9,0,3,0,1,0,0,0,0,2,1,1,1,43,7,1398,1,1,8,1,8
2018010082504,3,9,0,3,0,1,0,0,0,0,2,1,1,1,57,9,-1,-1,-1,6,1,6
2018010082505,1,9,0,5,0,1,0,0,0,0,1,1,6,1,54,8,1197,1,2,9,1,9
2018010082505,2,1,0,18,0,1,0,0,0,0,1,1,6,1,88,11,-1,-1,-1,7,1,7
2018010082506,1,9,0,-1,-1,0,-1,-1,-1,-1,-1,-1,2,2,36,7,1598,1,6,7,1,7
2018010082506,2,9,0,-1,-1,0,-1,-1,-1,-1,-1,-1,6,2,-1,-1,1328,1,13,7,1,7
2018010082508,1,1,0,18,0,2,0,0,0,0,1,1,2,1,27,6,-1,-1,-1,8,1,8
2018010082508,2,9,0,7,0,2,0,0,0,0,4,1,6,1,41,7,1910,2,12,5,1,5
2018010082510,1,3,0,18,0,0,0,0,0,0,1,1,1,1,38,7,108,1,7,2,1,2
2018010082510,2,9,0,6,0,0,0,0,0,0,4,1,6,2,37,7,2143,2,7,7,1,7
2018010082511,1,9,0,18,0,0,0,4,0,0,1,1,6,2,61,9,1198,1,8,3,1,3
2018010082511,2,3,0,18,0,0,2,0,0,0,1,1,6,1,29,6,-1,-1,-1,5,1,5
2018010082511,3,9,0,2,0,0,0,0,0,0,3,1,6,3,-1,-1,1395,1,1,-1,-1,-1
2018010082517,1,1,0,18,0,8,0,0,0,0,4,1,2,1,28,6,-1,-1,-1,4,1,4
2018010082517,2,9,0,8,0,4,0,0,0,0,1,-1,6,1,-1,-1,2995,1,14,-1,-1,-1
2018010082518,1,9,0,16,0,8,0,0,0,0,1,1,2,2,43,7,1598,1,5,6,1,6
2018010082518,2,9,0,17,0,8,0,0,0,0,3,1,2,2,48,8,-1,-1,-1,6,1,6
2018010082519,1,9,0,18,0,1,0,0,0,0,2,1,6,1,31,6,-1,-1,-1,1,1,1
2018010082519,2,9,0,4,0,1,0,0,0,0,1,1,2,1,34,6,-1,-1,-1,7,2,7
2018010082524,1,11,0,18,0,1,0,0,0,0,0,1,1,1,55,8,4500,2,3,2,1,2
2018010082524,2,19,3,7,0,6,0,0,0,0,0,1,6,3,-1,-1,-1,-1,-1,-1,-1,-1
2018010082525,1,9,0,4,0,0,0,0,0,0,1,2,6,2,26,6,1598,2,1,7,1,7
2018010082525,2,9,0,17,0,0,0,4,0,0,1,1,6,1,-1,-1,-1,-1,-1,-1,-1,-1
2018010082526,1,4,0,5,0,0,0,4,0,0,1,1,1,1,24,5,-1,-1,-1,5,1,5
2018010082526,2,9,0,1,0,0,0,4,1,0,2,1,6,3,-1,-1,1995,2,1,-1,-1,-1
2018010082529,1,9,0,-1,-1,-1,-1,-1,-1,-1,2,-1,6,2,37,7,1595,1,17,6,1,6
2018010082529,2,9,0,-1,-1,-1,-1,-1,-1,-1,1,-1,6,3,-1,-1,999,1,1,-1,-1,-1
2018010082532,1,9,0,9,0,6,0,0,0,0,1,1,6,1,20,4,-1,-1,-1,5,3,5
2018010082532,2,2,0,18,0,8,1,0,0,0,1,1,6,1,20,4,124,1,1,2,1,2
2018010082537,1,9,0,-1,-1,0,-1,-1,-1,-1,3,-1,6,2,28,6,1229,1,5,3,1,3
2018010082537,2,19,0,-1,-1,0,-1,-1,-1,-1,1,-1,6,3,-1,-1,-1,-1,-1,-1,-1,-1
2018010082538,1,9,0,12,0,0,0,0,0,0,1,1,6,2,43,7,2401,2,11,3,1,3
2018010082538,2,9,0,3,0,0,0,0,0,0,2,1,6,2,42,7,2993,2,5,3,1,3
2018010082540,1,9,0,16,0,0,1,7,0,0,1,1,6,2,25,5,1598,1,8,4,1,4
2018010082541,1,9,0,2,0,2,0,0,0,0,2,1,6,3,-1,-1,1461,2,2,-1,-1,-1
2018010082541,2,90,0,9,0,2,1,4,1,0,1,1,6,1,17,4,-1,3,-1,9,1,9
2018010082543,1,8,0,9,0,8,0,0,0,0,1,1,1,1,50,8,1968,2,6,2,1,2
2018010082543,2,3,0,4,0,8,2,0,0,0,1,1,1,1,30,6,108,1,3,3,1,3
2018010082544,1,9,0,18,0,1,1,0,0,0,4,1,6,1,42,7,1997,2,5,7,1,7
2018010082544,2,9,0,18,0,6,0,0,0,0,1,1,6,1,28,6,2967,2,2,6,3,6
2018010082547,1,9,0,9,0,1,0,0,0,0,1,1,2,2,34,6,998,1,11,4,1,4
2018010082547,2,1,0,18,0,1,0,0,0,0,1,1,6,1,52,8,-1,-1,-1,3,1,3
2018010082565,1,4,0,5,0,2,0,0,0,0,3,1,2,1,36,7,279,1,3,4,1,4
2018010082565,2,9,0,18,0,8,1,0,0,0,1,1,6,2,48,8,1198,1,4,6,1,6
2018010082565,3,8,0,5,0,8,1,0,0,0,1,1,2,1,29,6,1798,8,3,2,1,2
2018010082566,1,19,0,-1,-1,0,-1,-1,-1,-1,2,-1,6,1,49,8,1995,2,8,4,1,4
2018010082566,2,9,0,-1,-1,0,-1,-1,-1,-1,1,-1,6,1,26,6,2179,2,4,5,1,5
2018010082572,1,9,0,9,0,5,0,0,0,0,1,1,6,1,80,11,1390,1,15,2,1,2
2018010082572,2,5,0,18,0,1,2,0,0,0,4,1,2,1,48,8,1043,1,7,4,1,4
2018010082583,1,9,0,4,0,1,-1,0,0,0,2,-1,2,1,34,6,1796,1,14,2,1,2
2018010082583,2,9,0,18,0,1,0,-1,0,0,1,-1,6,3,-1,-1,-1,-1,-1,-1,-1,-1
2018010082586,1,9,0,9,0,8,0,0,0,0,1,1,2,1,25,5,-1,-1,-1,5,1,5
2018010082586,2,1,0,18,0,8,5,0,0,0,1,1,2,1,53,8,-1,-1,-1,9,1,9
2018010082596,1,9,0,5,0,1,0,0,0,0,2,1,6,1,-1,-1,2967,2,2,4,1,4
2018010082596,2,9,0,3,0,1,0,0,0,0,2,1,6,1,50,8,1999,1,20,2,1,2
2018010082596,3,9,0,3,0,1,0,0,0,0,2,1,1,1,35,6,1999,2,1,2,1,2
2018010082601,1,9,-1,18,-1,-1,-1,-1,-1,-1,-1,-1,6,1,57,9,1896,2,14,2,1,2
2018010082605,1,8,0,3,0,5,0,0,0,0,4,1,6,1,41,7,1798,8,6,2,1,2
2018010082605,2,9,0,18,4,1,5,0,0,0,1,1,2,2,26,6,-1,-1,-1,6,1,6
2018010082605,3,8,0,3,0,1,0,0,0,0,3,1,2,1,26,6,1797,8,7,5,1,5