Accident_Index,Vehicle_Reference,Vehicle_Type,Towing_and_Articulation,Vehicle_Manoeuvre,Vehicle_Location-Restricted_Lane,Junction_Location,Skidding_and_Overturning,Hit_Object_in_Carriageway,Vehicle_Leaving_Carriageway,Hit_Object_off_Carriageway,1st_Point_of_Impact,Was_Vehicle_Left_Hand_Drive?,Journey_Purpose_of_Driver,Sex_of_Driver,Age_of_Driver,Age_Band_of_Driver,Engine_Capacity_(CC),Propulsion_Code,Age_of_Vehicle,Driver_IMD_Decile,Driver_Home_Area_Type,Vehicle_IMD_Decile
2018010082609,1,11,0,-1,-1,0,-1,-1,-1,-1,1,-1,6,1,49,8,4500,2,6,2,1,2
2018010082623,1,1,0,18,0,0,5,0,0,0,1,1,2,1,37,7,-1,-1,-1,9,1,9
2018010082623,2,9,0,4,0,0,0,0,0,0,2,1,6,3,-1,-1,-1,-1,-1,-1,-1,-1
2018010082630,1,9,0,1,0,1,0,0,0,0,0,1,6,1,18,4,1395,1,3,9,2,9
2018010082633,1,9,0,18,0,0,0,0,0,0,4,1,2,2,23,5,1368,1,2,4,1,4
2018010082633,2,1,0,5,9,0,0,0,0,0,1,1,4,1,13,3,-1,-1,-1,4,1,4
2018010082636,1,8,0,18,2,1,0,0,0,0,1,1,1,1,48,8,2402,2,16,9,1,9
2018010082638,1,11,0,4,0,4,0,0,0,0,0,1,6,1,45,7,4500,2,9,1,1,1
2018010082640,1,1,0,18,0,2,0,-1,-1,0,3,1,6,1,33,6,-1,-1,-1,1,1,1
2018010082641,1,8,0,18,0,1,0,0,0,0,1,1,2,1,31,6,1797,8,4,5,1,5
2018010082651,1,5,0,18,0,1,0,0,0,0,0,1,6,2,31,6,883,1,15,6,1,6
2018010082651,2,9,0,18,2,1,0,0,0,0,0,1,6,1,30,6,-1,-1,-1,6,1,6
2018010082651,3,9,0,11,0,1,0,0,0,0,0,1,6,3,-1,-1,-1,-1,-1,-1,-1,-1
2018010082659,1,11,0,4,0,2,0,0,0,0,0,1,1,1,67,10,4500,2,2,2,1,2
2018010082667,1,11,0,18,0,8,0,0,0,0,0,1,1,1,59,9,4250,2,9,3,1,3
2018010082668,1,1,-1,-1,-1,-1,-1,-1,-1,-1,-1,1,2,2,27,6,-1,-1,-1,3,1,3
2018010082668,2,9,0,-1,-1,-1,-1,-1,-1,-1,1,-1,6,3,-1,-1,1560,2,12,-1,-1,-1
2018010082670,1,4,0,18,0,2,0,0,0,0,4,1,6,1,32,6,125,1,1,4,1,4
2018010082677,1,9,0,9,0,2,0,0,0,0,1,1,1,2,64,9,1995,1,19,5,1,5
2018010082677,2,4,0,18,0,1,0,0,0,0,1,1,2,1,20,4,-1,-1,-1,1,1,1
2018010082683,1,9,0,-1,-1,-1,-1,-1,-1,-1,1,-1,6,1,28,6,1997,1,19,8,1,8
2018010082687,1,9,0,5,9,1,0,0,0,0,4,1,6,2,33,6,1997,2,9,5,1,5
2018010082687,2,9,0,1,9,1,0,0,0,0,2,1,6,2,32,6,1896,2,15,7,1,7
2018010082699,1,17,4,11,4,2,0,0,0,0,4,1,1,1,46,8,-1,-1,-1,4,1,4
2018010082699,2,1,0,18,4,2,0,0,0,0,3,1,6,2,28,6,-1,-1,-1,4,1,4
2018010082705,1,1,0,18,0,0,0,0,0,0,0,1,6,1,16,4,-1,-1,-1,-1,-1,-1
2018010082709,1,9,0,-1,-1,0,-1,-1,-1,-1,-1,-1,6,2,33,6,1900,2,13,3,1,3
2018010082715,1,9,0,-1,-1,-1,-1,-1,-1,-1,0,-1,6,1,32,6,1248,2,10,3,1,3
2018010082715,2,9,0,-1,-1,-1,-1,-1,-1,-1,0,-1,6,1,-1,-1,-1,-1,-1,-1,-1,-1
2018010082729,1,9,0,18,-1,-1,-1,-1,-1,-1,1,1,6,2,50,8,1560,2,7,7,1,7
2018010082736,1,11,0,4,2,1,0,0,0,0,0,1,1,1,25,5,4500,2,3,4,1,4
2018010082742,1,8,0,7,0,7,0,0,0,0,1,1,1,1,43,7,2143,2,1,3,1,3
2018010082745,1,9,0,18,0,1,0,0,0,0,1,1,6,2,27,6,999,1,1,3,1,3
2018010082753,1,9,0,5,0,2,0,0,0,0,1,1,2,2,46,8,998,1,18,3,1,3
2018010082753,2,1,0,18,0,1,0,0,0,0,1,1,2,1,37,7,-1,-1,-1,4,1,4
2018010082755,1,8,0,18,0,0,0,0,1,0,3,1,1,1,38,7,2143,2,5,3,1,3
2018010082755,2,9,0,13,0,0,0,0,0,0,1,1,6,1,23,5,1998,1,15,-1,-1,-1
2018010082758,1,4,0,-1,-1,-1,-1,-1,-1,-1,-1,1,2,1,44,7,498,1,20,9,1,9
2018010082758,2,9,0,-1,-1,-1,-1,-1,-1,-1,0,-1,6,2,-1,-1,1596,1,16,2,1,2
2018010082761,1,9,0,5,9,0,0,4,1,0,1,1,6,1,71,10,1596,1,10,7,1,7
2018010082761,2,9,0,2,9,0,0,0,0,0,2,1,6,3,-1,-1,1999,2,-1,-1,-1,-1
2018010082762,1,9,0,18,0,1,0,0,0,0,1,1,6,1,32,6,1968,2,9,4,1,4
2018010082762,2,9,0,18,0,1,0,0,0,0,2,1,6,2,52,8,2987,2,13,10,1,10
2018010082763,1,9,0,7,0,5,0,0,0,0,1,1,6,1,19,4,1796,1,12,-1,-1,-1
2018010082763,2,9,0,3,0,6,0,0,0,0,3,1,6,1,42,7,1968,2,10,5,1,5
2018010082763,3,9,0,4,0,5,0,0,0,0,1,1,6,1,29,6,2993,2,2,-1,-1,-1
2018010082767,1,9,0,9,0,3,0,0,0,0,4,1,6,1,55,8,1995,2,8,4,1,4
2018010082771,1,9,0,-1,-1,-1,-1,-1,-1,-1,2,-1,6,1,-1,-1,1769,1,14,-1,-1,-1
2018010082773,1,9,0,4,0,0,0,0,0,0,1,1,6,1,27,6,1794,1,17,4,1,4
2018010082773,2,9,0,4,0,0,0,0,0,0,2,1,6,1,30,6,1794,1,10,5,1,5
2018010082773,3,9,0,3,0,0,0,0,0,0,2,1,6,1,42,7,2993,2,7,3,1,3
2018010082774,1,9,0,18,0,8,0,0,0,0,1,1,6,1,55,8,1598,1,7,10,1,10
2018010082774,2,9,0,18,0,8,0,0,0,0,3,1,6,2,44,7,-1,3,3,4,1,4
2018010082782,1,9,0,18,0,2,0,0,0,0,4,1,6,3,-1,-1,1995,1,11,-1,-1,-1
2018010082782,2,9,0,13,0,1,0,0,0,0,1,1,6,3,-1,-1,1968,2,12,-1,-1,-1
2018010082782,3,9,0,5,0,2,0,0,0,0,2,1,6,2,39,7,2000,1,13,2,1,2
2018010082783,1,11,0,5,0,1,0,0,0,0,0,1,1,1,38,7,4500,2,2,6,1,6
2018010082785,1,9,0,-1,-1,-1,-1,-1,-1,-1,2,-1,6,2,-1,-1,1840,1,18,2,1,2
2018010082785,2,9,0,-1,-1,-1,-1,-1,-1,-1,1,-1,6,1,65,9,1999,1,12,-1,-1,-1
2018010082788,1,9,0,3,0,0,0,0,0,0,0,1,6,1,45,7,1339,1,13,5,1,5
2018010082788,2,9,0,4,0,0,0,0,1,10,2,1,1,1,55,8,1910,2,13,1,1,1
2018010082788,3,9,0,11,0,0,0,0,0,0,1,1,6,3,19,4,2979,1,15,-1,-1,-1
2018010082789,1,9,0,4,0,1,0,0,0,0,3,1,1,1,51,8,1997,2,3,6,1,6
2018010082789,2,1,0,14,0,1,0,0,0,0,1,1,6,2,42,7,-1,-1,-1,4,1,4
2018010082790,1,9,4,-1,-1,-1,-1,-1,-1,-1,1,-1,6,1,20,4,998,1,13,3,1,3
2018010082793,1,21,0,5,0,2,0,0,0,0,1,1,2,1,36,7,3920,2,16,2,1,2
2018010082793,2,9,0,3,0,1,0,0,0,0,2,1,6,2,48,8,1461,2,8,2,1,2
2018010082795,1,9,0,9,0,1,0,0,0,0,1,1,6,1,41,7,1956,2,7,1,1,1
2018010082795,2,9,0,18,0,1,0,0,0,0,1,1,6,2,48,8,1753,2,11,1,1,1
2018010082797,1,9,0,9,0,8,0,0,0,0,1,1,6,1,20,4,1461,2,5,-1,-1,-1
2018010082797,2,4,0,18,0,8,0,0,0,0,1,1,2,1,28,6,660,1,11,5,-1,5
2018010082799,1,9,0,13,0,0,0,0,0,0,1,1,1,2,23,5,1229,1,9,3,1,3
2018010082799,2,9,0,18,0,0,0,0,0,0,1,1,6,2,29,6,1199,1,17,1,1,1
2018010082799,3,9,0,4,0,0,0,0,0,0,0,1,6,2,33,6,1598,1,11,3,1,3
2018010082801,1,1,-1,-1,-1,-1,-1,-1,-1,-1,0,1,6,1,35,6,-1,-1,-1,5,1,5
2018010082801,2,9,0,-1,-1,-1,-1,-1,-1,-1,1,-1,6,3,-1,-1,-1,-1,-1,-1,-1,-1
2018010082803,1,9,0,18,0,1,0,4,0,0,1,1,6,1,31,6,1995,2,14,8,1,8
2018010082803,2,9,0,2,0,1,0,0,0,0,2,1,6,3,-1,-1,1596,1,10,-1,-1,-1
2018010082807,1,3,0,18,0,1,0,0,0,0,0,1,1,1,21,5,108,1,2,3,1,3
2018010082807,2,8,0,6,0,8,0,0,0,0,0,1,1,1,44,7,1797,8,8,9,1,9
2018010082807,3,9,0,2,0,8,0,0,0,0,3,1,6,3,-1,-1,1796,1,7,-1,-1,-1
2018010082811,1,19,0,18,0,0,0,0,0,0,1,1,6,1,47,8,1995,2,1,4,1,4
2018010082811,2,9,0,18,0,0,0,0,7,10,1,1,6,1,22,5,1995,2,14,9,1,9
2018010082812,1,9,0,18,0,2,0,0,0,0,1,1,6,1,84,11,1999,1,13,8,1,8
2018010082816,1,1,0,18,4,8,0,0,0,0,1,1,6,1,47,8,-1,-1,-1,3,1,3
2018010082816,2,9,0,18,0,8,0,0,0,0,1,1,6,3,-1,-1,-1,-1,-1,-1,-1,-1
2018010082819,1,9,0,9,0,0,1,0,0,0,3,1,2,1,27,6,1395,1,5,3,1,3
2018010082819,2,9,0,7,0,0,0,0,0,0,1,1,6,1,35,6,1598,2,5,7,1,7
2018010082839,1,9,0,18,9,0,0,11,0,0,1,1,6,3,-1,-1,1896,2,13,-1,-1,-1
2018010082844,1,9,0,18,0,8,0,0,7,1,4,1,2,1,33,6,1995,2,8,4,1,4
2018010082844,2,9,0,18,0,4,0,0,0,0,1,1,2,2,67,10,1248,1,8,6,1,6
2018010082846,1,9,0,3,0,1,0,0,0,0,2,1,6,1,31,6,1149,1,1,4,1,4
2018010082855,1,9,0,4,0,2,0,0,0,0,2,1,2,2,45,7,1896,2,15,5,1,5
2018010082855,2,5,0,18,0,2,0,0,0,0,1,1,2,1,29,6,689,1,2,5,1,5
2018010082857,1,21,0,11,0,0,0,0,0,0,4,1,1,1,24,5,10518,2,7,10,1,10
2018010082857,2,9,0,18,0,0,1,7,0,0,3,1,2,1,67,10,-1,-1,-1,2,1,2
2018010082861,1,3,0,-1,-1,0,-1,-1,-1,-1,1,1,2,1,24,5,125,1,3,9,1,9
2018010082861,2,9,-1,18,0,0,0,0,0,0,2,-1,6,1,-1,-1,1497,8,7,-1,-1,-1
2018010082861,3,9,-1,11,0,0,0,0,0,0,0,-1,6,1,-1,-1,1560,2,6,-1,-1,-1
2018010082862,1,9,0,5,2,2,0,0,0,0,1,1,1,2,58,9,1948,1,18,5,1,5
2018010082863,1,1,-1,-1,-1,-1,-1,-1,-1,-1,1,1,2,1,29,6,-1,-1,-1,5,1,5
2018010082863,2,9,0,-1,-1,-1,-1,-1,-1,-1,-1,-1,6,1,-1,-1,-1,-1,-1,-1,-1,-1
2018010082864,1,3,0,18,0,2,1,0,0,0,0,1,2,1,19,4,125,1,-1,-1,-1,-1
2018010082864,2,9,0,18,0,2,0,0,0,0,2,1,6,3,18,4,-1,-1,-1,-1,-1,-1
2018010082871,1,9,0,-1,-1,-1,-1,-1,-1,-1,2,-1,2,1,48,8,1968,2,8,1,1,1
2018010082871,2,9,0,-1,-1,-1,-1,-1,-1,-1,1,-1,6,1,-1,-1,1560,2,5,7,1,7
2018010082871,3,9,0,-1,-1,-1,-1,-1,-1,-1,2,-1,6,1,-1,-1,1995,1,8,6,1,6
2018010082873,1,1,0,18,0,0,0,0,0,0,4,1,4,1,14,3,-1,-1,-1,3,1,3
2018010082873,2,19,0,18,0,0,0,0,0,0,3,1,6,3,-1,-1,-1,-1,-1,-1,-1,-1
2018010082885,1,9,0,3,0,1,0,0,0,0,1,-1,6,1,57,9,1242,1,18,3,1,3
2018010082885,2,9,-1,1,0,1,0,0,0,0,2,1,6,3,-1,-1,2967,2,10,-1,-1,-1
2018010082888,1,9,0,6,0,6,0,0,0,0,3,1,1,2,41,7,1560,2,13,5,1,5
2018010082888,2,4,0,4,0,6,0,0,0,0,1,1,1,1,30,6,125,1,2,8,1,8
2018010082893,1,9,0,-1,-1,-1,-1,-1,-1,-1,1,-1,6,1,23,5,1596,1,8,3,1,3
2018010082893,2,9,0,-1,-1,-1,-1,-1,-1,-1,2,-1,6,1,-1,-1,1794,1,13,-1,-1,-1
2018010082894,1,8,0,18,0,2,0,0,0,0,1,1,1,1,58,9,1956,2,5,6,1,6
2018010082901,1,9,0,9,0,1,0,0,0,0,1,1,6,1,33,6,1968,2,10,8,1,8
2018010082908,1,9,0,18,0,2,0,0,0,0,1,1,6,2,64,9,1242,1,12,7,1,7
2018010082908,2,9,0,2,0,1,0,0,0,0,2,1,6,3,-1,-1,1242,1,10,-1,-1,-1
2018010082908,3,9,0,2,0,1,0,0,0,0,2,1,6,3,-1,-1,2143,2,6,-1,-1,-1
2018010082908,4,9,0,2,0,2,0,0,0,0,2,1,6,3,-1,-1,1560,2,5,-1,-1,-1
2018010082909,1,9,0,5,0,1,0,0,0,0,3,1,6,2,34,6,1999,2,2,2,1,2
2018010082909,2,20,0,7,0,1,0,0,0,0,1,2,1,1,28,6,-1,-1,-1,-1,-1,-1
2018010082910,1,9,0,10,0,6,0,0,0,0,1,1,6,2,41,7,1360,1,12,2,1,2
2018010082910,2,9,0,9,0,1,0,0,0,0,3,1,6,1,31,6,1896,2,12,6,1,6
2018010082911,1,11,0,18,0,0,0,4,0,0,3,1,1,2,34,6,6871,2,9,3,1,3
2018010082916,1,11,0,4,0,1,0,0,0,0,0,1,1,1,56,9,4500,2,4,9,1,9
2018010082919,1,9,0,17,0,1,0,0,0,0,1,1,6,1,33,6,1390,1,8,2,1,2
2018010082919,2,9,0,5,0,2,0,0,0,0,4,1,6,2,38,7,1796,1,14,2,1,2
2018010082920,1,9,0,9,0,5,0,0,0,0,1,1,6,2,75,10,1296,1,12,-1,-1,-1
2018010082920,2,1,0,18,0,8,0,0,0,0,1,1,2,2,43,7,-1,-1,-1,10,1,10
2018010082934,1,9,0,18,0,1,0,0,0,0,4,1,6,2,36,7,1360,1,7,10,1,10
2018010082934,2,9,0,18,0,1,0,0,0,0,1,1,6,3,-1,-1,-1,-1,-1,-1,-1,-1
2018010082942,1,9,0,4,0,1,0,0,0,0,1,1,6,1,28,6,2497,2,13,2,1,2
2018010082943,1,9,-1,1,-1,-1,-1,-1,-1,-1,-1,-1,1,1,44,7,1790,8,8,2,1,2
2018010082944,1,11,0,5,0,0,0,0,0,0,0,1,6,1,50,8,4500,2,1,5,1,5
2018010082946,1,9,0,7,0,8,0,0,0,0,4,1,6,2,50,8,2521,1,13,4,1,4
2018010082946,2,1,0,7,0,1,0,0,0,0,4,1,1,1,25,5,-1,-1,-1,3,1,3
2018010082948,1,9,0,18,0,3,1,0,0,0,4,1,6,2,66,10,1999,1,12,4,1,4
2018010082948,2,9,0,18,0,4,1,0,0,0,1,1,6,2,51,8,1200,1,4,6,1,6
2018010082950,1,5,0,9,0,6,0,0,0,0,3,1,2,1,39,7,806,1,2,6,1,6
2018010082950,2,9,0,18,0,1,0,0,0,0,1,1,6,1,65,9,1796,1,16,4,1,4
2018010082957,1,19,0,5,0,2,0,0,0,0,3,1,1,1,32,6,1995,2,6,2,1,2
2018010082958,1,9,0,-1,-1,0,-1,-1,-1,-1,2,-1,6,2,19,4,-1,-1,-1,4,1,4
2018010082958,2,9,0,-1,-1,0,-1,-1,-1,-1,1,-1,6,1,-1,-1,-1,-1,-1,-1,-1,-1
2018010082963,1,9,0,5,0,1,0,0,0,0,1,1,1,1,53,8,1995,2,5,4,1,4
2018010082963,2,9,0,18,0,1,0,0,0,0,1,1,6,1,78,11,1796,1,13,3,1,3
2018010082975,1,1,-1,-1,-1,-1,-1,-1,-1,-1,-1,1,2,2,55,8,-1,-1,-1,10,1,10
2018010082975,2,9,0,-1,-1,-1,-1,-1,-1,-1,1,-1,6,2,-1,-1,1598,1,7,-1,-1,-1
2018010082977,1,1,-1,-1,-1,0,-1,-1,-1,-1,1,1,2,1,35,6,-1,-1,-1,3,1,3
2018010082977,2,90,0,-1,-1,0,-1,-1,-1,-1,0,-1,6,1,-1,-1,-1,-1,-1,-1,-1,-1
2018010082979,1,9,-1,18,0,0,0,0,0,0,-1,-1,6,1,-1,-1,-1,-1,-1,1,1,1
2018010082980,1,9,-1,-1,-1,-1,-1,0,-1,-1,-1,-1,6,1,31,6,1798,8,4,2,1,2
2018010082980,2,9,-1,-1,-1,-1,-1,-1,-1,-1,-1,-1,6,1,44,7,2354,1,14,2,1,2
2018010082984,1,3,0,18,0,8,2,0,0,0,1,1,6,1,25,5,125,1,7,-1,-1,-1
2018010082984,2,9,0,4,0,8,0,0,0,0,0,1,6,1,43,7,1332,1,19,2,1,2
2018010082988,1,19,0,18,0,1,0,0,0,0,4,1,1,1,25,5,2198,2,2,4,1,4
2018010082990,1,9,0,18,0,0,0,0,7,10,2,1,6,1,61,9,1596,1,8,10,1,10
2018010082990,2,9,0,3,0,0,1,0,0,0,2,1,6,2,55,8,2143,2,5,9,1,9
2018010082990,3,9,0,18,0,0,0,0,0,0,1,1,6,2,22,5,1995,2,4,8,1,8
2018010082995,1,11,0,3,0,8,0,0,0,0,1,1,2,1,58,9,12000,2,10,4,1,4
2018010082995,2,9,0,7,0,6,1,0,3,10,4,1,6,1,25,5,1968,2,2,3,1,3
2018010083005,1,1,-1,-1,-1,-1,-1,-1,-1,-1,1,1,2,1,29,6,-1,-1,-1,5,1,5
2018010083005,2,90,4,-1,-1,-1,-1,-1,-1,-1,-1,-1,6,1,-1,-1,-1,-1,-1,-1,-1,-1
2018010083007,1,3,0,-1,-1,-1,-1,-1,-1,-1,1,1,2,1,34,6,108,1,6,2,1,2
2018010083007,2,9,0,-1,-1,-1,-1,-1,-1,-1,-1,-1,6,3,-1,-1,1995,2,5,-1,-1,-1
2018010083008,1,9,0,5,0,0,0,0,3,0,1,1,6,1,23,5,-1,-1,-1,1,1,1
2018010083013,1,5,0,-1,-1,0,-1,-1,-1,-1,-1,1,2,1,26,6,600,1,18,5,1,5
2018010083013,2,9,0,-1,-1,0,-1,-1,-1,-1,2,-1,6,1,-1,-1,3993,1,6,10,1,10
2018010083014,1,9,0,9,0,6,0,0,0,0,1,1,6,2,34,6,1598,1,15,4,1,4
2018010083014,2,9,0,18,0,1,0,0,0,0,4,1,6,1,43,7,1596,1,4,1,1,1
2018010083015,1,11,0,5,0,0,0,0,0,0,0,1,3,1,55,8,6700,2,9,3,1,3
2018010083016,1,11,0,4,0,2,0,0,0,0,0,1,1,1,62,9,7300,2,13,2,1,2
2018010083022,1,9,0,5,0,0,0,0,0,0,0,1,6,3,-1,-1,1582,2,2,-1,-1,-1
2018010083023,1,19,0,18,0,1,0,0,0,0,1,1,1,1,48,8,2198,2,10,8,1,8
2018010083027,1,8,0,3,0,1,0,0,0,0,2,1,1,1,45,7,2143,12,5,3,1,3
2018010083027,2,3,0,14,0,1,0,0,0,0,1,1,1,1,58,9,125,1,12,1,1,1
2018010083029,1,9,0,18,0,8,0,0,0,0,2,1,2,2,26,6,999,1,1,8,1,8
2018010083029,2,9,0,18,0,8,1,0,0,0,1,1,2,1,50,8,1896,2,15,2,1,2
2018010083030,1,5,0,18,0,0,0,0,0,0,4,1,6,1,56,9,1441,1,1,4,1,4
2018010083030,2,9,0,11,0,0,0,0,0,0,4,1,6,3,-1,-1,-1,-1,-1,-1,-1,-1
2018010083030,3,9,0,18,0,0,0,0,0,0,3,1,6,1,29,6,2143,2,5,3,1,3
2018010083032,1,9,0,18,0,8,0,7,0,0,1,1,6,1,25,5,1995,2,1,3,1,3
2018010083039,1,19,0,18,0,1,0,0,0,0,1,1,2,1,47,8,2198,2,8,4,1,4
2018010083043,1,19,0,14,0,0,0,0,0,0,1,1,2,1,46,8,2148,2,9,6,1,6
2018010083043,2,9,0,2,0,0,0,0,1,2,2,1,6,3,-1,-1,-1,-1,-1,-1,-1,-1
2018010083049,1,19,0,9,0,4,0,0,0,0,3,1,2,1,46,8,1753,2,8,9,1,9
2018010083049,2,2,0,18,0,4,1,0,0,0,1,1,1,1,26,6,108,1,4,2,1,2
2018010083050,1,9,0,18,0,0,1,4,1,10,1,1,6,1,50,8,1995,2,3,9,1,9
2018010083050,2,9,0,2,0,0,0,0,0,0,3,1,6,3,-1,-1,1995,2,6,-1,-1,-1
2018010083051,1,9,0,18,0,3,0,0,0,0,1,1,2,1,24,5,-1,-1,-1,8,1,8
2018010083052,1,9,0,-1,-1,-1,-1,-1,-1,-1,1,-1,2,2,23,5,1461,2,3,5,1,5
2018010083052,2,9,-1,-1,-1,-1,-1,-1,-1,-1,-1,-1,6,3,-1,-1,-1,-1,-1,-1,-1,-1
2018010083053,1,9,0,9,0,5,0,0,0,0,3,1,6,1,22,5,1395,1,2,1,1,1
2018010083053,2,3,0,18,0,8,0,0,0,0,1,1,1,1,18,4,108,1,2,2,1,2
2018010083054,1,9,0,3,0,1,0,0,0,0,2,1,6,1,27,6,1598,2,5,6,1,6
2018010083054,2,9,0,18,0,1,0,0,0,0,1,1,6,3,-1,-1,-1,-1,-1,-1,-1,-1
2018010083056,1,9,0,-1,-1,0,-1,-1,-1,-1,4,-1,6,1,36,7,2993,2,6,8,2,8
2018010083056,2,9,-1,18,0,0,-1,-1,-1,-1,1,-1,6,3,-1,-1,1397,1,9,-1,-1,-1
2018010083058,1,9,0,7,0,3,1,0,0,0,4,1,6,2,35,6,1598,1,12,5,1,5
2018010083058,2,9,0,18,0,4,0,0,0,0,1,1,6,3,-1,-1,1198,1,13,-1,-1,-1
2018010083059,1,9,0,-1,-1,-1,-1,-1,-1,-1,1,-1,6,2,19,4,1368,1,8,3,1,3
2018010083059,2,9,-1,-1,-1,-1,-1,-1,-1,-1,-1,-1,6,2,63,9,-1,-1,-1,-1,-1,-1
2018010083062,1,9,0,18,0,1,5,4,0,0,1,1,6,3,-1,-1,1390,1,16,-1,-1,-1
2018010083062,2,9,0,2,0,1,0,0,0,0,1,1,6,3,-1,-1,1995,1,15,-1,-1,-1
2018010083064,1,1,0,18,5,0,0,0,0,0,1,1,2,1,34,6,-1,-1,-1,7,1,7
2018010083071,1,9,-1,-1,0,0,-1,-1,0,0,2,-1,6,2,31,6,1991,1,1,8,1,8
2018010083071,2,9,-1,-1,0,0,-1,-1,0,0,2,-1,6,1,-1,-1,1796,1,11,3,1,3
2018010083071,3,9,-1,-1,0,0,-1,-1,0,0,1,-1,6,1,-1,-1,1968,2,11,-1,-1,-1
2018010083072,1,9,0,-1,-1,-1,-1,-1,-1,-1,2,-1,6,2,34,6,1896,2,18,3,1,3
2018010083072,2,9,0,16,0,-1,0,-1,-1,-1,-1,1,6,3,-1,-1,1995,2,6,-1,-1,-1
2018010083073,1,9,0,18,0,1,0,0,0,0,1,1,6,1,52,8,-1,-1,-1,4,1,4
2018010083073,2,21,1,3,0,1,0,0,0,0,2,2,2,1,66,10,-1,-1,-1,-1,-1,-1
2018010083076,1,9,0,18,0,2,0,4,0,0,1,1,6,2,37,7,1995,2,3,8,1,8
2018010083076,2,9,0,2,0,1,0,0,0,0,2,1,6,3,-1,-1,1595,1,18,-1,-1,-1
2018010083085,1,4,0,18,0,8,2,0,0,0,1,1,6,1,19,4,-1,-1,-1,-1,-1,-1
2018010083085,2,9,0,18,0,8,0,0,0,0,0,1,6,1,19,4,2993,2,1,-1,-1,-1
2018010083085,3,9,0,18,0,8,0,0,0,0,0,1,6,1,19,4,1995,2,3,4,1,4
2018010083085,4,9,0,18,0,8,0,0,0,0,1,1,2,1,32,6,1560,2,5,3,1,3
2018010083085,5,9,0,18,0,8,0,0,0,0,0,1,6,2,19,4,1598,2,3,-1,-1,-1
2018010083085,6,9,0,18,0,8,0,0,0,0,0,1,6,1,19,4,1499,2,2,-1,-1,-1
2018010083093,1,9,0,-1,0,-1,0,-1,-1,-1,-1,-1,6,2,37,7,1197,1,3,2,1,2
2018010083093,2,9,0,-1,0,-1,0,-1,-1,-1,-1,-1,6,1,33,6,1995,1,8,4,1,4
2018010083098,1,9,0,18,0,0,0,0,0,0,1,1,2,1,50,8,399,1,4,3,1,3
2018010083099,1,19,0,5,0,6,0,0,0,0,1,1,1,1,57,9,1997,2,1,4,1,4
2018010083099,2,1,0,18,0,2,0,0,0,0,4,1,2,1,46,8,-1,-1,-1,5,1,5
2018010083110,1,1,-1,-1,-1,0,-1,-1,-1,-1,-1,1,2,1,42,7,-1,-1,-1,9,1,9
2018010083110,2,9,-1,-1,-1,0,-1,-1,-1,-1,-1,-1,6,1,56,9,1395,1,2,-1,-1,-1
2018010083113,1,1,-1,-1,-1,-1,-1,-1,-1,-1,-1,1,2,1,28,6,-1,-1,-1,2,1,2
2018010083113,2,9,0,-1,-1,-1,-1,-1,-1,-1,1,-1,6,1,26,6,1870,2,13,4,1,4
2018010083117,1,9,0,-1,-1,0,-1,-1,-1,-1,-1,-1,6,1,30,6,1995,2,5,3,1,3
2018010083117,2,90,0,-1,-1,0,-1,-1,-1,-1,-1,-1,6,1,-1,-1,12900,2,6,8,1,8
2018010083119,1,9,0,-1,-1,-1,-1,-1,-1,-1,2,-1,2,1,39,7,998,1,18,2,1,2
2018010083119,2,9,0,-1,-1,-1,-1,-1,-1,-1,1,-1,6,3,-1,-1,2438,1,22,-1,-1,-1
2018010083121,1,1,0,18,0,8,0,0,0,0,2,1,2,1,31,6,-1,-1,-1,3,1,3
2018010083121,2,9,0,17,0,8,0,0,0,0,1,1,6,3,-1,-1,1984,1,11,-1,-1,-1
2018010083123,1,9,0,18,0,8,0,0,0,0,1,1,3,2,33,6,2996,1,11,5,1,5
2018010083134,1,9,0,-1,-1,0,-1,-1,-1,-1,2,-1,2,2,42,7,1998,1,12,2,1,2
2018010083134,2,9,0,-1,-1,0,-1,-1,-1,-1,1,-1,6,1,48,8,-1,-1,-1,1,1,1
2018010083137,1,9,0,9,0,8,0,0,0,0,4,1,2,1,73,10,1796,1,8,4,1,4
2018010083137,2,4,0,18,0,1,5,0,0,0,1,1,2,1,25,5,125,1,1,1,1,1
2018010083139,1,9,0,5,0,1,0,0,0,0,1,1,6,3,21,5,-1,-1,-1,-1,-1,-1
2018010083148,1,8,-1,18,0,0,-1,-1,-1,-1,-1,-1,6,3,-1,-1,2499,2,7,-1,-1,-1
2018010083153,1,19,0,9,2,0,2,0,0,0,4,1,1,1,48,8,1587,5,8,8,1,8
2018010083153,2,1,0,18,2,0,0,0,0,0,1,1,6,1,27,6,-1,-1,-1,6,1,6
2018010083154,1,5,0,-1,-1,0,-1,-1,-1,-1,-1,1,6,1,29,6,900,1,13,8,1,8
2018010083154,2,9,0,-1,-1,0,-1,-1,-1,-1,1,-1,6,2,-1,-1,1399,2,6,5,-1,5
2018010083160,1,19,0,18,0,0,0,0,0,0,1,1,1,1,35,6,2198,2,6,2,1,2
2018010083166,1,3,0,-1,-1,-1,-1,-1,-1,-1,-1,1,2,1,42,7,125,1,2,1,1,1
2018010083166,2,90,0,-1,-1,-1,-1,-1,-1,-1,2,-1,6,3,28,6,-1,-1,-1,-1,-1,-1
2018010083169,1,9,0,-1,-1,0,-1,-1,-1,-1,2,-1,6,1,50,8,2499,2,15,5,1,5
2018010083169,2,9,0,-1,-1,0,-1,-1,-1,-1,1,-1,6,1,18,4,1498,1,12,8,1,8
2018010083182,1,1,-1,-1,-1,-1,-1,-1,-1,-1,-1,1,2,1,48,8,-1,-1,-1,4,1,4