Accident_Index,Vehicle_Reference,Vehicle_Type,Towing_and_Articulation,Vehicle_Manoeuvre,Vehicle_Location-Restricted_Lane,Junction_Location,Skidding_and_Overturning,Hit_Object_in_Carriageway,Vehicle_Leaving_Carriageway,Hit_Object_off_Carriageway,1st_Point_of_Impact,Was_Vehicle_Left_Hand_Drive?,Journey_Purpose_of_Driver,Sex_of_Driver,Age_of_Driver,Age_Band_of_Driver,Engine_Capacity_(CC),Propulsion_Code,Age_of_Vehicle,Driver_IMD_Decile,Driver_Home_Area_Type,Vehicle_IMD_Decile
2018010083558,2,4,0,18,0,1,0,0,0,0,1,1,1,1,43,7,124,1,5,9,1,9
2018010083559,1,9,0,1,0,0,0,0,1,0,2,1,6,3,-1,-1,-1,-1,-1,-1,-1,-1
2018010083559,2,9,0,4,0,0,0,0,0,0,1,1,1,1,41,7,1499,2,2,-1,-1,-1
2018010083563,1,19,0,16,0,6,0,0,0,0,1,1,2,1,26,6,2148,2,10,4,1,4
2018010083563,2,9,0,18,0,6,0,0,0,0,4,1,6,1,33,6,2184,2,16,5,1,5
2018010083566,1,8,0,17,0,0,0,0,0,0,1,1,1,1,40,7,1686,2,6,3,1,3
2018010083566,2,1,0,16,0,0,5,0,0,0,1,1,6,1,32,6,-1,-1,-1,1,1,1
2018010083570,1,1,-1,-1,0,8,-1,0,0,0,3,1,6,1,25,5,-1,-1,-1,3,1,3
2018010083570,2,9,0,-1,-1,-1,-1,0,0,0,4,-1,6,3,-1,-1,2720,2,9,-1,-1,-1
2018010083571,1,11,0,18,0,1,0,0,0,0,4,1,1,1,55,8,8268,2,14,2,1,2
2018010083578,1,9,0,18,0,0,0,0,0,0,4,1,2,2,33,6,-1,-1,-1,4,1,4
2018010083578,2,90,0,5,0,0,0,0,0,0,4,1,1,1,30,6,-1,-1,-1,2,1,2
2018010083587,1,9,0,12,0,0,0,0,0,0,1,1,2,1,40,7,2148,2,10,5,1,5
2018010083587,2,3,0,14,0,0,0,0,0,0,1,1,6,1,18,4,124,1,7,5,1,5
2018010083590,1,5,0,-1,-1,0,-1,-1,-1,-1,1,1,2,1,50,8,1157,1,17,6,1,6
2018010083590,2,1,-1,-1,-1,0,-1,-1,-1,-1,-1,1,6,1,-1,-1,-1,-1,-1,-1,-1,-1
2018010083593,1,9,0,5,0,1,0,0,0,0,1,1,3,2,36,7,2685,2,13,5,1,5
2018010083593,2,2,0,18,0,1,0,0,0,0,1,1,2,1,46,8,49,1,3,5,1,5
2018010083594,1,1,-1,-1,-1,-1,-1,-1,-1,-1,1,1,2,1,42,7,-1,-1,-1,10,2,10
2018010083594,2,8,0,-1,-1,-1,-1,-1,-1,-1,-1,-1,6,1,-1,-1,1339,8,4,-1,-1,-1
2018010083597,1,9,0,4,0,0,0,0,0,0,3,1,2,1,53,8,-1,-1,-1,3,1,3
2018010083597,2,4,0,18,0,0,5,0,0,0,1,1,2,1,46,8,279,1,7,6,1,6
2018010083607,1,9,0,-1,-1,-1,-1,-1,-1,-1,1,-1,2,2,44,7,1275,1,27,6,1,6
2018010083607,2,9,0,-1,-1,-1,-1,-1,-1,-1,4,-1,6,3,-1,-1,-1,-1,-1,-1,-1,-1
2018010083610,1,9,0,-1,-1,-1,-1,-1,-1,-1,2,-1,6,2,21,5,999,1,3,4,1,4
2018010083610,2,9,0,-1,-1,-1,-1,-1,-1,-1,1,-1,6,1,38,7,1598,1,6,2,1,2
2018010083611,1,9,-1,-1,-1,1,-1,0,-1,-1,1,-1,6,1,-1,-1,-1,-1,-1,-1,-1,-1
2018010083615,1,9,0,18,0,2,0,0,0,0,3,1,2,1,62,9,1997,2,8,-1,-1,-1
2018010083615,2,5,0,18,0,2,0,0,0,0,3,1,2,1,48,8,897,1,15,3,1,3
2018010083616,1,1,-1,-1,-1,0,-1,-1,-1,-1,-1,1,2,1,51,8,-1,-1,-1,10,1,10
2018010083616,2,9,-1,-1,-1,0,-1,0,0,0,-1,-1,6,3,-1,-1,1797,8,7,-1,-1,-1
2018010083620,1,9,0,11,0,0,0,0,0,0,1,1,1,1,44,7,2143,2,3,1,1,1
2018010083620,2,19,0,18,0,0,0,0,0,0,1,1,1,1,33,6,2198,2,2,7,1,7
2018010083620,3,19,0,18,0,0,0,0,0,0,1,1,1,1,61,9,1560,2,1,5,1,5
2018010083620,4,19,0,18,0,0,0,0,0,0,2,1,1,1,27,6,2198,2,5,3,1,3
2018010083620,5,9,0,18,0,0,0,0,0,0,2,1,1,1,40,7,1198,1,14,9,1,9
2018010083626,1,19,0,9,0,6,0,0,0,0,0,1,6,1,32,6,2143,2,3,10,1,10
2018010083630,1,9,0,18,0,1,0,0,0,0,1,1,1,1,41,7,1499,2,2,3,1,3
2018010083630,2,9,0,7,0,1,0,0,0,0,4,1,2,1,45,7,1968,2,8,2,1,2
2018010083630,3,9,0,10,0,2,0,0,0,0,1,1,2,2,35,6,1798,8,4,6,1,6
2018010083634,1,1,-1,-1,-1,-1,-1,-1,-1,-1,-1,1,2,1,42,7,-1,-1,-1,3,1,3
2018010083634,2,9,0,-1,-1,-1,-1,-1,-1,-1,1,-1,6,1,-1,-1,-1,-1,-1,-1,-1,-1
2018010083637,1,19,0,5,0,1,0,0,0,0,1,1,1,1,53,8,1248,2,1,5,1,5
2018010083649,1,9,0,-1,-1,-1,-1,-1,-1,-1,2,-1,2,1,50,8,998,1,15,10,1,10
2018010083649,2,9,0,-1,-1,-1,-1,-1,-1,-1,1,-1,6,1,-1,-1,1198,1,7,6,1,6
2018010083650,1,9,0,18,0,0,0,0,0,0,2,1,6,1,37,7,2199,2,6,9,1,9
2018010083650,2,9,0,18,0,0,0,0,0,0,2,1,6,2,34,6,1388,1,8,8,1,8
2018010083650,3,9,0,18,0,0,0,0,0,0,1,1,1,1,23,5,-1,-1,-1,4,1,4
2018010083655,1,8,0,18,0,1,1,0,0,0,1,1,1,1,46,8,1497,8,13,6,1,6
2018010083655,2,8,0,18,0,1,0,0,0,0,0,1,1,1,31,6,1997,2,5,2,1,2
2018010083655,3,9,0,18,0,1,0,0,0,0,0,1,1,1,28,6,1399,1,1,-1,-1,-1
2018010083662,1,9,0,16,0,1,0,7,0,0,1,1,6,2,33,6,1200,1,6,6,2,6
2018010083668,1,9,0,9,0,0,0,0,0,0,1,1,6,1,35,6,1968,2,2,3,1,3
2018010083670,1,9,0,-1,-1,-1,-1,-1,-1,-1,2,-1,6,2,33,6,1242,1,2,3,1,3
2018010083672,1,9,0,18,0,0,0,0,0,0,0,1,6,1,42,7,999,1,2,4,1,4
2018010083672,2,9,0,18,0,0,0,0,0,0,1,1,6,1,18,4,999,1,10,-1,-1,-1
2018010083672,3,9,0,18,0,0,0,0,0,0,2,1,6,1,32,6,1598,1,13,3,1,3
2018010083682,1,9,0,18,0,1,0,0,0,0,1,1,2,1,23,5,1986,2,11,5,1,5
2018010083682,2,19,0,18,0,1,0,0,7,10,4,1,2,1,43,7,1598,2,1,5,1,5
2018010083687,1,8,0,18,0,1,0,0,0,0,4,-1,1,3,-1,-1,-1,-1,-1,-1,-1,-1
2018010083690,1,3,0,-1,0,0,0,0,0,0,-1,1,6,1,29,6,124,1,8,1,1,1
2018010083690,2,9,0,18,0,0,0,0,0,0,2,1,6,1,-1,-1,1997,2,6,3,1,3
2018010083698,1,9,0,-1,-1,0,-1,-1,-1,-1,2,-1,6,1,40,7,1968,2,13,6,1,6
2018010083698,2,9,0,-1,-1,0,-1,-1,-1,-1,1,-1,6,1,-1,-1,1995,2,10,7,1,7
2018010083702,1,9,0,18,0,1,0,0,0,0,1,1,6,2,28,6,1296,1,12,3,1,3
2018010083702,2,1,0,18,4,4,0,0,0,0,4,1,2,1,31,6,-1,-1,-1,-1,-1,-1
2018010083706,1,5,0,18,0,8,0,0,0,0,4,1,2,1,35,6,600,1,14,7,1,7
2018010083706,2,9,0,9,0,6,0,0,0,0,1,1,6,2,60,9,1600,2,9,8,1,8
2018010083707,1,11,0,3,0,0,0,0,0,0,1,1,1,1,41,7,6700,2,9,6,1,6
2018010083710,1,9,0,3,0,0,0,0,0,0,2,1,6,2,29,6,1598,2,4,2,1,2
2018010083710,2,8,0,4,0,0,0,0,0,0,1,1,1,1,68,10,2402,2,16,9,1,9
2018010083712,1,9,0,18,0,0,0,0,0,0,3,1,3,2,31,6,1149,1,15,6,1,6
2018010083717,1,9,0,5,0,6,0,0,0,0,1,1,3,2,35,6,1968,2,4,2,1,2
2018010083717,2,1,0,17,0,1,1,0,0,0,1,1,2,1,31,6,-1,-1,-1,-1,-1,-1
2018010083722,1,9,0,-1,-1,-1,-1,-1,-1,-1,1,-1,6,1,27,6,1968,2,9,4,1,4
2018010083723,1,19,0,18,0,1,0,0,0,0,3,1,6,3,-1,-1,-1,-1,-1,-1,-1,-1
2018010083732,1,11,0,18,0,2,0,0,0,0,1,1,1,1,38,7,4500,2,1,2,1,2
2018010083740,1,9,0,18,0,1,0,0,0,0,1,1,2,1,36,7,1794,1,16,4,1,4
2018010083741,1,9,0,6,0,8,0,0,0,0,1,1,2,1,38,7,1870,2,15,8,1,8
2018010083741,2,2,0,13,0,8,0,0,0,0,1,1,2,1,21,5,125,1,4,4,1,4
2018010083742,1,1,-1,-1,-1,0,-1,-1,-1,-1,2,1,2,2,24,5,-1,-1,-1,2,1,2
2018010083742,2,9,0,-1,-1,0,-1,-1,-1,-1,1,-1,6,3,-1,-1,-1,-1,-1,-1,-1,-1
2018010083747,1,9,0,-1,-1,0,-1,-1,-1,-1,1,1,2,1,-1,-1,1995,2,5,3,1,3
2018010083748,1,9,0,9,0,1,0,0,0,0,3,1,6,1,43,7,1560,2,8,4,1,4
2018010083748,2,5,0,3,0,1,0,0,0,0,4,1,6,1,43,7,1255,1,8,10,1,10
2018010083750,1,9,0,18,0,2,0,0,0,0,1,2,6,3,-1,-1,1798,8,5,-1,-1,-1
2018010083759,1,4,0,18,0,0,0,4,0,0,4,1,2,1,45,7,689,1,4,5,1,5
2018010083759,2,9,0,2,0,0,0,0,0,0,3,1,6,3,-1,-1,1968,2,6,-1,-1,-1
2018010083761,1,11,0,18,0,1,0,0,0,0,1,2,1,1,44,7,4500,2,8,5,1,5
2018010083763,1,9,0,5,0,0,0,0,0,0,2,1,6,1,25,5,1995,2,5,3,1,3
2018010083763,2,3,0,18,0,0,2,0,0,0,1,1,1,1,21,5,125,1,2,1,1,1
2018010083764,1,1,0,18,0,8,0,0,0,0,0,1,6,1,44,7,-1,-1,-1,2,1,2
2018010083766,1,9,0,6,0,0,0,0,0,0,3,1,6,1,21,5,1582,2,7,2,1,2
2018010083766,2,9,0,18,0,0,0,0,0,0,4,1,6,2,44,7,1499,2,2,3,1,3
2018010083767,1,9,0,4,0,1,0,0,0,0,2,1,6,1,23,5,2143,2,1,8,1,8
2018010083767,2,9,0,4,0,1,0,0,0,0,1,1,2,2,46,8,1600,1,20,3,1,3
2018010083768,1,3,0,4,0,1,1,0,0,0,1,1,6,1,54,8,-1,-1,-1,2,1,2
2018010083768,2,9,0,4,0,1,0,0,0,0,2,1,6,1,32,6,1753,2,11,1,1,1
2018010083769,1,3,0,18,0,8,1,0,0,0,0,1,6,1,26,6,125,1,4,2,1,2
2018010083769,2,3,0,9,0,5,0,0,0,0,0,1,6,3,-1,-1,-1,-1,-1,-1,-1,-1
2018010083773,1,9,0,18,0,1,0,4,0,0,4,1,6,2,30,6,1598,2,2,-1,-1,-1
2018010083773,2,9,0,2,0,1,0,0,0,0,3,1,6,3,-1,-1,1598,1,15,-1,-1,-1
2018010083773,3,9,0,2,0,1,0,0,0,0,4,1,6,3,-1,-1,3200,2,14,-1,-1,-1
2018010083773,4,9,0,2,0,1,0,0,0,0,2,1,6,3,-1,-1,1896,2,11,-1,-1,-1
2018010083779,1,19,0,1,0,0,0,0,0,0,2,1,1,1,48,8,2143,2,3,2,1,2
2018010083780,1,9,0,7,6,0,0,0,0,0,3,1,2,2,52,8,1800,1,20,5,1,5
2018010083780,2,1,0,18,9,0,1,4,0,0,1,1,2,1,37,7,-1,-1,-1,5,1,5
2018010083785,1,90,0,4,0,2,0,0,0,0,4,1,1,1,41,7,6370,2,7,3,1,3
2018010083791,1,3,0,18,0,1,1,0,0,0,1,1,2,1,30,6,125,1,9,2,1,2
2018010083791,2,9,0,6,0,1,0,0,0,0,4,1,6,3,-1,-1,1399,2,12,-1,-1,-1
2018010083798,1,9,0,18,0,7,0,0,0,0,3,1,2,1,40,7,-1,-1,-1,8,1,8
2018010083798,2,1,0,18,0,6,0,0,0,0,4,1,2,1,45,7,-1,-1,-1,10,1,10
2018010083807,1,1,-1,-1,-1,-1,-1,-1,-1,-1,1,1,6,1,50,8,-1,-1,-1,10,1,10
2018010083807,2,9,0,-1,-1,-1,-1,-1,-1,-1,1,-1,6,1,-1,-1,1997,2,3,-1,-1,-1
2018010083819,1,1,-1,-1,-1,-1,-1,-1,-1,-1,1,1,6,1,26,6,-1,-1,-1,4,1,4
2018010083819,2,9,0,-1,-1,-1,-1,-1,-1,-1,1,-1,6,3,-1,-1,-1,-1,-1,-1,-1,-1
2018010083822,1,1,-1,18,0,1,-1,-1,-1,-1,-1,1,6,1,-1,-1,-1,-1,-1,3,1,3
2018010083822,2,9,-1,-1,0,1,-1,-1,-1,-1,1,-1,6,1,-1,-1,1910,2,14,-1,-1,-1
2018010083824,1,9,0,9,0,6,0,0,0,0,4,1,6,2,29,6,1248,1,4,2,1,2
2018010083824,2,1,0,4,0,1,0,0,0,0,1,1,2,2,41,7,-1,-1,-1,-1,-1,-1
2018010083828,1,1,-1,-1,-1,1,-1,-1,-1,-1,-1,1,2,2,24,5,-1,-1,-1,5,1,5
2018010083830,1,3,0,-1,-1,8,-1,-1,-1,-1,-1,1,6,1,24,5,125,1,2,9,1,9
2018010083830,2,9,0,-1,-1,8,-1,-1,-1,-1,4,-1,6,2,20,4,1198,1,11,7,1,7
2018010083831,1,3,0,18,0,1,2,11,0,0,1,1,2,1,20,4,125,1,2,1,1,1
2018010083839,1,9,0,9,0,8,0,0,0,0,3,1,6,1,70,10,1598,1,5,7,1,7
2018010083841,1,9,0,18,0,2,0,0,0,0,4,1,1,1,30,6,-1,-1,-1,2,1,2
2018010083841,2,1,0,18,4,2,0,0,0,0,3,1,2,1,35,6,-1,-1,-1,2,1,2
2018010083853,1,90,0,-1,-1,-1,-1,-1,-1,-1,1,-1,2,1,37,7,-1,-1,-1,10,1,10
2018010083859,1,1,0,-1,0,1,0,0,0,0,1,1,6,1,55,8,-1,-1,-1,2,1,2
2018010083859,2,19,0,-1,-1,-1,-1,-1,-1,-1,3,-1,6,1,-1,-1,2143,2,2,-1,-1,-1
2018010083866,1,8,0,7,0,8,0,0,0,0,2,1,1,1,56,9,1339,8,5,4,1,4
2018010083866,2,1,0,18,0,1,5,0,0,0,1,1,2,2,54,8,-1,-1,-1,6,1,6
2018010083867,1,4,0,18,0,0,2,0,2,10,1,1,1,1,50,8,499,1,20,8,1,8
2018010083867,2,9,0,12,0,0,0,0,0,0,3,1,6,3,-1,-1,1598,2,3,-1,-1,-1
2018010083868,1,9,0,4,0,0,0,0,0,0,1,1,1,2,51,8,1497,1,15,-1,-1,-1
2018010083872,1,9,0,18,0,1,0,0,0,0,3,1,1,1,26,6,1499,2,1,3,1,3
2018010083872,2,4,0,18,0,1,0,4,0,0,1,1,1,1,35,6,693,1,1,3,1,3
2018010083872,3,1,0,18,0,2,0,0,0,0,2,1,6,2,33,6,-1,-1,-1,4,1,4
2018010083874,1,11,0,4,0,2,0,0,0,0,0,1,6,1,33,6,6700,2,4,6,1,6
2018010083876,1,9,0,4,0,0,0,0,0,0,4,1,1,2,36,7,1248,2,7,-1,-1,-1
2018010083876,2,9,0,5,0,0,0,0,0,0,1,1,6,2,20,4,1198,1,16,-1,-1,-1
2018010083880,1,90,0,9,0,5,0,0,0,0,4,1,6,1,55,8,-1,-1,-1,5,1,5
2018010083881,1,9,0,18,0,2,0,0,0,0,1,1,6,1,18,4,1242,1,10,2,1,2
2018010083881,2,8,0,4,0,2,0,0,0,0,2,1,6,1,44,7,-1,-1,-1,2,1,2
2018010083887,1,9,0,18,0,8,0,0,0,0,1,1,6,1,41,7,1600,1,14,1,1,1
2018010083891,1,9,0,-1,-1,-1,-1,-1,-1,-1,-1,-1,6,1,27,6,1598,2,6,3,1,3
2018010083891,2,9,0,-1,-1,-1,-1,-1,-1,-1,-1,-1,6,1,28,6,-1,-1,-1,-1,-1,-1
2018010083892,1,9,0,18,0,8,0,0,0,0,1,1,6,2,35,6,1497,8,3,1,1,1
2018010083892,2,9,0,18,0,8,0,0,0,0,1,1,6,1,37,7,-1,-1,-1,4,1,4
2018010083899,1,9,0,18,0,2,0,0,0,0,1,1,6,2,28,6,1329,1,6,1,1,1
2018010083899,2,9,0,4,0,2,0,0,0,0,2,1,1,1,33,6,2143,2,3,4,1,4
2018010083900,1,9,0,18,0,2,0,0,0,0,2,1,6,2,29,6,1498,1,11,8,1,8
2018010083902,1,1,-1,-1,-1,0,-1,-1,-1,-1,-1,1,2,1,35,6,-1,-1,-1,3,1,3
2018010083902,2,9,0,-1,-1,0,-1,-1,-1,-1,1,-1,6,1,-1,-1,1199,1,14,-1,-1,-1
2018010083906,1,9,0,18,0,8,0,0,0,0,3,1,1,1,63,9,1589,1,19,6,1,6
2018010083907,1,9,0,7,0,5,0,0,0,0,3,1,6,3,-1,-1,-1,-1,-1,-1,-1,-1
2018010083930,1,11,0,5,0,2,0,0,0,0,0,1,1,1,28,6,8268,2,12,7,3,7
2018010083933,1,9,0,1,0,7,0,4,0,0,3,1,6,1,88,11,1389,1,24,3,1,3
2018010083933,2,19,0,2,0,7,0,0,0,0,2,1,6,3,-1,-1,2148,2,13,-1,-1,-1
2018010083938,1,9,0,18,0,1,0,0,0,0,2,1,6,2,23,5,1598,1,1,2,1,2
2018010083938,2,21,0,16,0,1,0,0,0,0,1,1,1,1,42,7,10837,2,1,2,1,2
2018010083939,1,9,0,7,0,2,0,0,0,0,1,1,6,2,40,7,999,1,1,1,1,1
2018010083940,1,11,0,5,0,1,0,0,0,0,0,1,1,1,33,6,4500,2,1,7,1,7
2018010083940,2,9,0,5,0,1,0,0,0,0,0,1,6,1,19,4,1598,2,3,1,1,1
2018010083942,1,1,-1,-1,-1,-1,-1,-1,-1,-1,2,1,2,2,32,6,-1,-1,-1,-1,-1,-1
2018010083942,2,8,0,-1,-1,-1,-1,-1,-1,-1,1,-1,6,1,-1,-1,-1,-1,-1,-1,-1,-1
2018010083944,1,1,-1,-1,-1,-1,-1,-1,-1,-1,-1,1,2,1,28,6,-1,-1,-1,4,1,4
2018010083944,2,9,0,-1,-1,-1,-1,-1,-1,-1,1,-1,6,3,31,6,1679,1,20,5,1,5
2018010083947,1,3,0,18,0,0,0,0,0,0,1,1,1,1,19,4,124,1,2,3,1,3
2018010083951,1,9,0,3,0,1,0,0,0,0,0,1,6,1,42,7,1997,2,1,4,1,4
2018010083951,2,1,0,18,0,1,0,0,0,0,1,1,4,1,14,3,-1,-1,-1,1,1,1
2018010083955,1,9,0,16,0,8,0,0,0,0,4,1,6,2,27,6,-1,-1,-1,2,1,2
2018010083957,1,9,0,7,2,5,0,0,0,0,4,1,6,1,55,8,1596,1,13,3,1,3
2018010083957,2,3,0,18,2,5,0,0,0,0,1,1,6,1,18,4,125,1,2,4,1,4
2018010083958,1,1,-1,-1,-1,0,-1,-1,-1,-1,-1,1,2,1,30,6,-1,-1,-1,8,1,8
2018010083958,2,9,0,-1,-1,0,-1,-1,-1,-1,1,-1,6,1,-1,-1,-1,-1,-1,-1,-1,-1
2018010083959,1,9,0,18,0,8,0,0,0,0,1,1,2,1,36,7,2401,2,11,10,1,10
2018010083961,1,9,0,9,0,5,0,0,0,0,1,1,6,2,59,9,1149,1,11,4,1,4
2018010083962,1,1,0,18,0,1,0,0,0,0,1,1,2,1,27,6,-1,-1,-1,7,1,7
2018010083962,2,9,0,9,0,1,0,0,0,0,3,1,6,3,-1,-1,-1,-1,-1,-1,-1,-1
2018010083963,1,9,0,-1,-1,-1,-1,-1,-1,-1,1,-1,2,2,30,6,1968,2,12,3,1,3
2018010083966,1,2,0,14,0,0,0,0,7,0,1,1,6,1,54,8,125,1,16,6,1,6
2018010083966,2,9,0,9,0,0,0,0,0,0,3,1,6,2,26,6,1229,1,10,2,1,2
2018010083966,3,9,0,2,0,0,0,0,0,0,1,1,6,3,-1,-1,1956,2,6,-1,-1,-1
2018010083968,1,19,0,18,0,2,0,0,0,0,4,1,6,3,-1,-1,2198,2,6,-1,-1,-1
2018010083969,1,9,0,9,0,6,0,0,0,0,1,1,6,1,45,7,2143,2,3,5,1,5
2018010083970,1,19,0,4,0,0,0,0,0,0,2,1,1,2,34,6,1598,2,2,3,1,3
2018010083970,2,9,0,4,0,0,0,0,0,0,2,1,6,2,32,6,1968,2,4,10,1,10
2018010083970,3,9,0,4,0,0,0,0,0,0,1,1,6,1,21,5,2993,2,2,10,1,10
2018010083976,1,9,0,18,0,0,0,0,0,0,1,1,6,2,55,8,1229,1,6,10,1,10
2018010083976,2,19,0,18,0,0,0,0,0,0,1,1,6,1,57,9,1560,2,4,8,1,8
2018010083978,1,9,0,18,0,3,0,0,0,0,1,1,6,3,-1,-1,-1,3,3,-1,-1,-1
2018010083978,2,10,0,18,0,4,0,0,0,0,1,1,1,1,65,9,2148,2,11,7,1,7
2018010083978,3,9,0,18,0,8,0,0,0,0,1,1,6,2,39,7,2143,2,7,4,1,4
2018010083979,1,3,0,18,0,3,0,0,0,0,1,1,1,1,36,7,125,1,2,5,1,5
2018010083984,1,2,0,7,0,1,0,0,0,0,1,1,1,1,22,5,-1,-1,-1,3,1,3
2018010083988,1,9,0,9,0,6,0,0,0,0,1,1,2,2,33,6,1598,1,16,4,1,4
2018010083988,2,4,0,13,0,8,0,0,0,0,1,1,6,1,21,5,647,1,12,3,1,3
2018010083989,1,9,0,3,0,1,0,0,0,0,0,1,6,1,25,5,2148,2,8,4,1,4
2018010083989,2,9,0,3,0,1,0,0,0,0,0,1,6,1,36,7,2401,2,15,3,1,3
2018010083990,1,9,0,9,0,6,0,0,0,0,1,1,6,2,32,6,1995,2,8,6,1,6
2018010083990,2,1,0,18,4,1,0,0,1,0,1,1,6,2,26,6,-1,-1,-1,2,1,2
2018010083991,1,9,0,7,0,5,0,0,0,0,1,1,3,2,44,7,1598,1,9,6,1,6
2018010083993,1,19,0,9,0,2,0,0,0,0,1,1,6,3,-1,-1,2198,2,3,-1,-1,-1
2018010083994,1,9,0,-1,-1,0,-1,-1,-1,-1,2,-1,2,1,38,7,1798,1,4,4,1,4
2018010083994,2,9,0,-1,-1,0,-1,-1,-1,-1,1,-1,6,3,-1,-1,1461,2,5,-1,-1,-1
2018010083998,1,1,0,18,0,1,0,0,0,0,1,1,6,2,27,6,-1,-1,-1,2,1,2
2018010083998,2,19,0,5,0,1,0,0,0,0,1,1,1,1,37,7,1560,2,3,8,1,8
2018010083999,1,9,0,3,0,1,0,0,0,0,1,1,6,2,51,8,2993,2,2,3,1,3
2018010083999,2,1,0,5,0,1,0,0,0,0,3,1,2,1,37,7,-1,-1,-1,7,1,7
2018010084000,1,9,0,18,0,0,0,0,0,0,4,1,6,2,70,10,1399,2,12,3,1,3
2018010084002,1,9,0,-1,-1,0,-1,-1,-1,-1,2,-1,6,1,23,5,1995,2,6,9,1,9
2018010084002,2,9,0,-1,-1,0,-1,-1,-1,-1,-1,-1,6,1,-1,-1,1560,2,3,2,1,2
2018010084007,1,5,0,17,7,8,0,0,1,0,0,1,2,1,44,7,749,1,14,6,1,6
2018010084007,2,8,3,9,7,8,0,0,0,0,0,1,1,1,59,9,1797,8,8,2,1,2
2018010084009,1,9,0,18,0,1,0,0,0,0,1,1,6,1,68,10,1388,1,15,3,1,3
2018010084009,2,9,0,9,0,1,0,0,0,0,4,1,6,1,59,9,1998,1,10,3,1,3
2018010084014,1,9,0,2,-1,0,-1,-1,-1,-1,-1,-1,6,3,-1,-1,1984,1,11,-1,-1,-1
2018010084014,2,9,0,-1,-1,0,-1,-1,-1,-1,-1,-1,6,2,-1,-1,1968,2,9,2,1,2
2018010084017,1,3,0,18,0,0,0,0,0,0,1,1,1,1,37,7,124,1,1,8,1,8
2018010084017,2,9,0,5,0,0,0,0,0,0,3,1,2,1,60,9,1598,1,17,8,1,8
2018010084020,1,9,0,9,0,8,0,0,0,0,1,1,6,1,33,6,1600,1,14,4,1,4
2018010084020,2,9,0,18,0,1,0,0,0,0,1,1,6,1,34,6,1242,1,6,2,1,2
2018010084020,3,11,0,3,0,1,0,0,0,0,4,1,1,1,37,7,4500,2,6,3,1,3
2018010084021,1,9,0,6,0,8,0,0,0,0,1,1,6,1,68,10,2143,2,4,10,1,10
2018010084021,2,3,0,18,0,8,0,0,0,0,1,1,2,1,38,7,124,1,7,1,1,1
2018010084024,1,9,0,4,0,1,0,0,0,0,2,1,6,2,24,5,1388,1,12,8,1,8
2018010084024,2,9,0,7,0,1,0,0,0,0,1,1,1,1,54,8,-1,-1,-1,1,1,1
2018010084026,1,9,-1,18,0,1,-1,-1,-1,-1,2,-1,6,1,49,8,2148,2,13,1,1,1
2018010084026,2,9,-1,18,0,1,-1,-1,-1,-1,1,-1,6,1,-1,-1,-1,-1,-1,-1,-1,-1
2018010084028,1,10,0,16,0,-1,0,-1,0,0,3,-1,6,3,-1,-1,2198,2,4,-1,-1,-1
2018010084036,1,9,-1,3,-1,-1,-1,0,0,0,2,-1,6,1,26,6,1968,2,4,8,2,8
2018010084036,2,9,0,18,0,-1,0,0,0,0,1,-1,6,3,-1,-1,-1,-1,-1,-1,-1,-1
2018010084047,1,9,0,7,0,6,0,0,0,0,3,1,6,1,25,5,1597,1,7,-1,-1,-1
2018010084047,2,1,0,18,0,1,0,0,0,0,4,1,2,1,35,6,-1,-1,-1,-1,-1,-1
2018010084049,1,9,0,18,0,0,0,0,0,0,1,2,6,1,67,10,1895,1,18,-1,-1,-1
2018010084049,2,1,0,18,0,0,0,0,0,0,1,1,6,1,28,6,-1,-1,-1,2,1,2
2018010084063,1,1,-1,-1,-1,-1,-1,-1,-1,-1,-1,1,2,1,55,8,-1,-1,-1,7,1,7
2018010084063,2,9,0,-1,-1,-1,-1,-1,-1,-1,1,-1,6,1,-1,-1,-1,-1,-1,-1,-1,-1
2018010084067,1,11,0,11,2,5,0,0,0,0,4,1,1,1,61,9,4500,2,1,2,1,2
2018010084067,2,1,0,13,2,1,0,0,0,0,1,1,2,1,32,6,-1,-1,-1,3,1,3
2018010084074,1,1,-1,-1,-1,-1,-1,-1,-1,-1,-1,1,2,1,40,7,-1,-1,-1,7,1,7
2018010084074,2,9,-1,-1,-1,-1,-1,-1,-1,-1,1,1,6,1,-1,-1,1229,1,8,7,1,7
2018010084075,1,9,0,18,0,0,0,0,0,0,1,1,6,3,-1,-1,1240,1,15,-1,-1,-1
2018010084076,1,9,0,9,0,5,0,0,0,0,1,1,6,2,44,7,1870,2,14,7,1,7
2018010084076,2,3,0,18,0,8,0,0,0,0,3,1,6,1,58,9,125,1,1,4,1,4
2018010084081,1,19,0,4,4,0,0,0,0,0,2,1,6,1,38,7,2148,2,13,4,1,4
2018010084081,2,1,0,18,4,0,0,0,0,0,1,1,2,2,22,5,-1,-1,-1,4,1,4
2018010084083,1,9,0,18,0,1,0,0,0,0,1,1,6,3,-1,-1,-1,-1,-1,-1,-1,-1
2018010084083,2,1,0,18,0,1,0,10,1,10,2,1,6,1,41,7,-1,-1,-1,2,-1,2
2018010084085,1,19,0,18,0,2,0,0,0,0,2,1,1,1,50,8,1598,2,1,9,1,9
2018010084088,1,19,0,9,0,6,0,0,0,0,1,1,6,3,-1,-1,-1,-1,-1,-1,-1,-1
2018010084089,1,90,0,5,0,1,0,0,0,0,3,1,1,1,57,9,-1,-1,-1,7,1,7
2018010084090,1,8,0,-1,-1,-1,-1,-1,-1,-1,2,-1,6,1,-1,-1,1790,8,5,-1,-1,-1