Accident_Index,Vehicle_Reference,Vehicle_Type,Towing_and_Articulation,Vehicle_Manoeuvre,Vehicle_Location-Restricted_Lane,Junction_Location,Skidding_and_Overturning,Hit_Object_in_Carriageway,Vehicle_Leaving_Carriageway,Hit_Object_off_Carriageway,1st_Point_of_Impact,Was_Vehicle_Left_Hand_Drive?,Journey_Purpose_of_Driver,Sex_of_Driver,Age_of_Driver,Age_Band_of_Driver,Engine_Capacity_(CC),Propulsion_Code,Age_of_Vehicle,Driver_IMD_Decile,Driver_Home_Area_Type,Vehicle_IMD_Decile
2018010084090,2,9,-1,-1,-1,-1,-1,-1,-1,-1,1,-1,6,3,-1,-1,1560,2,3,-1,-1,-1
2018010084095,1,9,0,4,0,4,0,0,0,0,2,1,6,1,47,8,1598,1,11,8,1,8
2018010084095,2,9,0,4,0,4,0,0,0,0,1,1,6,2,48,8,1997,2,15,7,1,7
2018010084097,1,11,0,4,0,1,0,0,0,0,1,1,1,1,28,6,4500,2,2,3,1,3
2018010084101,1,19,0,9,0,1,0,0,0,0,1,1,6,1,20,4,2198,2,2,7,1,7
2018010084101,2,1,0,5,0,1,0,0,0,0,3,1,1,1,50,8,-1,-1,-1,10,3,10
2018010084105,1,9,0,4,0,6,0,0,0,0,0,1,6,1,55,8,1587,1,15,2,1,2
2018010084105,2,3,0,18,0,2,1,0,0,0,0,1,2,1,21,5,124,1,8,2,1,2
2018010084108,1,9,0,9,0,6,0,0,0,0,1,1,1,1,52,8,1798,8,1,9,1,9
2018010084108,2,1,0,18,0,1,0,0,0,0,1,1,2,1,40,7,-1,-1,-1,6,1,6
2018010084110,1,1,0,3,0,3,5,0,0,0,1,1,1,1,57,9,-1,-1,-1,2,1,2
2018010084112,1,9,5,18,0,1,0,0,0,0,1,1,6,1,29,6,1995,2,6,8,1,8
2018010084112,2,9,0,18,0,2,0,0,0,0,3,1,6,2,79,11,993,1,16,3,1,3
2018010084112,3,90,0,18,0,6,0,0,0,0,1,1,1,1,43,7,-1,-1,-1,9,1,9
2018010084113,1,19,0,1,0,1,0,0,0,0,2,1,1,1,34,6,-1,-1,-1,2,1,2
2018010084114,1,9,0,-1,-1,-1,0,-1,-1,-1,-1,-1,6,1,21,5,898,1,3,8,1,8
2018010084114,2,9,0,-1,-1,-1,0,-1,-1,-1,-1,-1,6,1,-1,-1,1999,1,12,-1,-1,-1
2018010084115,1,19,0,18,9,8,0,0,1,10,3,1,1,1,44,7,2402,2,11,4,1,4
2018010084115,2,9,0,18,0,8,0,0,0,0,1,1,6,1,38,7,1353,1,1,-1,-1,-1
2018010084116,1,9,0,18,0,1,0,4,0,0,1,1,6,1,48,8,2143,2,3,2,1,2
2018010084116,2,19,0,2,0,2,0,4,0,0,2,1,6,3,-1,-1,2402,2,8,-1,-1,-1
2018010084116,3,9,0,3,0,2,0,0,0,0,1,1,6,1,46,8,1398,1,4,2,1,2
2018010084118,1,9,0,5,0,8,0,0,0,0,4,1,1,1,27,6,1997,2,3,5,1,5
2018010084118,2,19,0,7,0,5,0,0,0,0,3,1,6,1,68,10,1560,2,7,2,1,2
2018010084121,1,19,0,17,9,0,1,0,1,2,1,1,1,1,27,6,2198,2,5,6,1,6
2018010084122,1,9,0,18,0,0,0,4,0,0,4,1,6,1,28,6,1797,8,7,3,1,3
2018010084122,2,9,0,2,0,0,0,0,0,0,4,1,6,3,-1,-1,1560,2,8,-1,-1,-1
2018010084122,3,9,0,2,0,0,0,0,0,0,4,1,6,3,-1,-1,1686,2,6,-1,-1,-1
2018010084123,1,9,0,9,2,8,0,0,0,0,1,1,6,2,83,11,1461,2,3,4,1,4
2018010084123,2,1,0,18,2,1,0,0,0,0,1,1,1,1,41,7,-1,-1,-1,3,1,3
2018010084124,1,9,0,-1,-1,0,-1,-1,-1,-1,4,-1,6,2,30,6,1796,2,5,2,1,2
2018010084124,2,9,0,-1,-1,0,-1,-1,-1,-1,1,-1,6,2,-1,-1,4966,1,15,-1,-1,-1
2018010084125,1,1,-1,-1,-1,-1,-1,-1,-1,-1,-1,1,6,1,58,9,-1,-1,-1,6,1,6
2018010084125,2,8,0,-1,-1,-1,-1,-1,-1,-1,1,-1,6,1,-1,-1,1797,8,3,-1,-1,-1
2018010084130,1,4,0,-1,-1,0,-1,-1,-1,-1,-1,1,2,1,46,8,-1,-1,-1,9,1,9
2018010084131,1,9,-1,-1,-1,-1,-1,-1,-1,-1,-1,-1,6,3,-1,-1,-1,-1,-1,-1,-1,-1
2018010084134,1,90,0,18,0,1,0,0,0,0,1,2,1,1,25,5,-1,-1,-1,4,1,4
2018010084142,1,1,-1,-1,-1,0,-1,-1,-1,-1,-1,1,2,1,61,9,-1,-1,-1,6,1,6
2018010084142,2,9,0,-1,-1,0,-1,-1,-1,-1,-1,-1,6,2,-1,-1,1198,1,7,-1,-1,-1
2018010084143,1,19,0,18,0,0,0,0,0,0,1,1,1,1,38,7,2287,2,3,1,1,1
2018010084143,2,9,0,3,0,0,0,0,0,0,2,1,6,1,40,7,1390,1,19,3,1,3
2018010084144,1,9,0,18,0,0,0,0,0,0,3,-1,6,1,23,5,1968,2,7,8,2,8
2018010084144,2,9,0,18,0,0,0,0,0,0,4,-1,6,1,77,11,1753,2,16,3,1,3
2018010084150,1,1,0,4,5,0,2,0,0,0,1,1,2,1,30,6,-1,-1,-1,4,1,4
2018010084150,2,9,0,3,0,0,0,0,0,0,3,1,3,2,43,7,1396,1,16,-1,-1,-1
2018010084152,1,19,0,4,0,1,0,0,0,0,1,1,1,1,64,9,2143,2,9,10,1,10
2018010084152,2,1,0,5,0,8,5,0,0,0,1,1,6,1,17,4,-1,-1,-1,2,1,2
2018010084155,1,9,0,18,0,0,0,0,0,0,1,1,6,2,54,8,1242,1,9,4,1,4
2018010084157,1,1,-1,-1,-1,-1,-1,-1,-1,-1,-1,1,6,1,25,5,-1,-1,-1,8,1,8
2018010084157,2,9,0,-1,-1,-1,-1,-1,-1,-1,1,-1,6,1,-1,-1,1796,1,9,-1,-1,-1
2018010084158,1,8,0,9,0,6,0,0,0,0,1,1,1,1,49,8,1497,8,9,4,1,4
2018010084164,1,19,0,18,0,0,0,4,0,0,1,1,1,1,47,8,2198,2,6,2,1,2
2018010084164,2,8,0,3,0,0,0,0,2,4,4,1,2,1,29,6,1368,1,7,3,1,3
2018010084165,1,19,0,-1,-1,-1,-1,-1,-1,-1,4,-1,6,3,-1,-1,1560,2,1,-1,-1,-1
2018010084166,1,19,0,9,0,5,0,0,0,0,3,-1,6,1,56,9,2402,2,7,8,3,8
2018010084166,2,3,0,-1,0,8,-1,0,0,0,1,1,6,1,-1,-1,125,1,6,2,1,2
2018010084171,1,9,0,18,0,1,0,11,0,0,4,1,6,3,-1,-1,-1,-1,-1,-1,-1,-1
2018010084175,1,9,0,9,0,5,0,0,0,0,1,1,6,1,56,9,1956,2,3,2,1,2
2018010084175,2,1,0,18,0,1,0,0,0,0,1,1,2,1,46,8,-1,-1,-1,3,1,3
2018010084177,1,21,1,18,0,0,0,0,0,0,1,1,1,1,60,9,12777,2,6,-1,3,-1
2018010084178,1,19,0,-1,-1,-1,-1,-1,-1,-1,4,-1,6,1,21,5,1998,2,13,2,1,2
2018010084178,2,9,0,-1,-1,-1,-1,-1,-1,-1,-1,-1,6,1,-1,-1,1968,2,5,7,1,7
2018010084179,1,9,0,7,0,6,0,0,0,0,3,1,6,2,75,10,1796,1,17,3,1,3
2018010084181,1,9,0,14,0,8,0,0,0,0,4,1,6,2,25,5,998,1,8,3,1,3
2018010084181,2,11,0,5,0,8,0,0,0,0,3,1,1,3,-1,-1,4500,2,7,-1,-1,-1
2018010084182,1,3,0,-1,-1,-1,-1,-1,-1,-1,-1,1,2,1,55,8,125,1,5,2,1,2
2018010084185,1,9,0,18,0,1,0,0,0,0,1,1,6,1,45,7,1598,1,14,2,1,2
2018010084186,1,9,0,18,0,0,0,10,1,2,1,1,6,1,67,10,1298,1,17,2,1,2
2018010084187,1,9,0,18,0,0,5,0,0,0,1,1,6,1,23,5,2967,2,5,2,1,2
2018010084187,2,9,0,18,0,0,0,0,0,0,1,1,6,2,74,10,1242,1,12,6,1,6
2018010084187,3,9,0,5,0,0,0,0,0,0,1,1,6,2,50,8,-1,-1,-1,3,1,3
2018010084187,4,9,0,2,0,0,0,0,0,0,2,1,6,3,-1,-1,2993,2,3,-1,-1,-1
2018010084187,5,9,0,2,0,0,0,0,0,0,2,1,6,3,-1,-1,1796,1,5,-1,-1,-1
2018010084187,6,9,0,2,0,0,0,0,0,0,2,1,6,3,-1,-1,1998,1,21,-1,-1,-1
2018010084187,7,9,0,2,0,0,0,0,0,0,2,1,6,3,-1,-1,1995,1,12,-1,-1,-1
2018010084188,1,9,0,18,0,0,0,0,0,0,1,1,6,1,18,4,1398,1,7,3,1,3
2018010084189,1,11,0,4,0,1,0,0,0,0,0,1,1,1,53,8,6700,2,8,4,1,4
2018010084191,1,9,0,18,-1,8,-1,-1,-1,-1,3,-1,6,2,37,7,1995,2,7,3,1,3
2018010084191,2,9,0,9,-1,-1,-1,-1,-1,-1,4,-1,6,2,17,4,1242,1,8,5,1,5
2018010084193,1,9,0,3,0,1,0,0,0,0,4,1,1,1,53,8,1798,8,4,1,1,1
2018010084193,2,3,0,18,0,1,0,0,0,0,3,1,1,1,22,5,125,1,2,2,1,2
2018010084194,1,1,0,18,4,1,0,0,0,0,1,1,2,1,32,6,-1,-1,-1,6,1,6
2018010084196,1,9,0,4,0,1,0,0,0,0,1,1,6,1,27,6,-1,-1,-1,5,1,5
2018010084198,1,4,0,18,0,0,0,0,0,0,4,1,6,1,39,7,1170,1,3,8,1,8
2018010084199,1,1,-1,-1,-1,-1,-1,-1,-1,-1,1,1,2,1,29,6,-1,-1,-1,3,1,3
2018010084199,2,9,0,-1,-1,-1,-1,-1,-1,-1,2,-1,6,1,29,6,1395,1,1,3,1,3
2018010084200,1,9,0,4,9,0,0,10,1,4,1,1,6,1,49,8,1198,1,10,6,1,6
2018010084201,1,9,0,-1,-1,-1,-1,-1,-1,-1,1,-1,6,1,-1,-1,-1,-1,-1,-1,-1,-1
2018010084203,1,9,0,-1,-1,0,-1,-1,-1,-1,-1,-1,2,2,29,6,1124,1,13,10,1,10
2018010084203,2,1,-1,-1,-1,0,-1,-1,-1,-1,1,1,6,1,-1,-1,-1,-1,-1,-1,-1,-1
2018010084206,1,1,-1,-1,-1,2,-1,-1,-1,-1,0,1,2,1,31,6,-1,-1,-1,3,1,3
2018010084206,2,9,0,-1,-1,2,-1,-1,-1,-1,0,-1,6,1,-1,-1,-1,-1,-1,-1,-1,-1
2018010084210,1,8,0,18,0,1,0,0,0,0,4,1,1,1,37,7,1339,8,7,2,1,2
2018010084210,2,1,0,18,0,1,0,0,0,0,3,1,2,1,21,5,-1,-1,-1,3,1,3
2018010084211,1,9,0,9,0,6,0,0,0,0,3,1,6,1,27,6,1896,2,14,7,1,7
2018010084211,2,1,0,13,0,1,0,0,0,0,1,1,6,1,36,7,-1,-1,-1,6,1,6
2018010084214,1,9,0,1,0,2,0,0,0,0,2,1,6,3,-1,-1,1600,1,13,-1,-1,-1
2018010084215,1,9,0,9,0,0,0,0,0,0,1,1,2,1,19,4,1762,1,21,9,1,9
2018010084215,2,3,0,18,0,0,0,0,0,0,1,1,6,1,33,6,108,1,4,2,1,2
2018010084216,1,3,0,18,0,1,0,0,0,0,4,1,1,1,42,7,113,1,1,3,1,3
2018010084217,1,3,0,18,0,8,0,0,0,0,3,1,6,1,25,5,125,1,4,2,1,2
2018010084217,2,9,0,18,0,8,0,0,0,0,1,1,6,1,31,6,1364,1,9,2,1,2
2018010084217,3,11,0,18,0,8,0,0,0,0,3,1,1,1,47,8,4500,2,7,6,1,6
2018010084223,1,5,0,-1,-1,-1,-1,-1,-1,-1,-1,1,6,1,27,6,745,1,4,2,1,2
2018010084223,2,3,0,-1,-1,-1,-1,-1,-1,-1,0,1,6,1,23,5,125,1,1,2,1,2
2018010084224,1,1,-1,-1,-1,-1,-1,-1,-1,-1,-1,1,2,2,-1,-1,-1,-1,-1,3,1,3
2018010084224,2,9,0,-1,-1,-1,-1,-1,-1,-1,1,-1,6,1,-1,-1,996,1,2,-1,-1,-1
2018010084226,1,9,0,-1,-1,-1,-1,-1,-1,-1,2,-1,6,2,-1,-1,1360,1,14,4,1,4
2018010084226,2,9,0,-1,-1,-1,-1,-1,-1,-1,1,-1,6,1,-1,-1,2998,1,1,-1,-1,-1
2018010084230,1,9,0,-1,-1,8,-1,-1,-1,-1,2,-1,6,1,53,8,1968,2,12,6,1,6
2018010084231,1,9,0,5,0,0,0,0,0,0,3,1,6,1,20,4,1995,2,4,1,1,1
2018010084231,2,4,0,18,0,0,2,0,0,0,1,1,6,1,24,5,249,1,7,7,1,7
2018010084233,1,3,0,18,0,8,2,0,0,0,0,1,2,1,41,7,125,1,1,8,2,8
2018010084233,2,9,0,18,0,8,0,0,0,0,0,1,6,3,-1,-1,-1,-1,-1,-1,-1,-1
2018010084234,1,9,0,9,0,5,0,0,0,0,4,1,6,1,38,7,998,1,7,8,1,8
2018010084234,2,3,0,18,0,1,0,0,0,0,1,1,6,1,24,5,125,1,1,9,2,9
2018010084235,1,9,0,18,0,0,1,0,0,0,1,1,6,1,23,5,1995,2,13,3,1,3
2018010084235,2,9,0,18,0,0,0,0,0,0,1,1,6,1,61,9,1796,1,6,10,1,10
2018010084235,3,21,1,18,0,0,0,0,0,0,3,1,1,1,41,7,12419,2,2,1,1,1
2018010084235,4,21,1,18,0,0,0,0,0,0,3,1,1,1,50,8,14190,2,17,7,3,7
2018010084236,1,9,0,18,0,1,0,4,0,0,1,1,6,1,28,6,1461,2,4,6,1,6
2018010084236,2,9,0,2,0,2,0,0,0,0,1,1,6,3,-1,-1,-1,-1,-1,-1,-1,-1
2018010084236,3,9,0,2,0,1,0,0,0,0,1,1,6,3,-1,-1,1997,1,10,-1,-1,-1
2018010084237,1,8,0,18,0,2,0,0,0,0,1,1,1,1,57,9,2499,2,6,4,1,4
2018010084237,2,3,0,4,0,2,0,0,0,0,0,1,2,1,31,6,108,1,2,3,1,3
2018010084238,1,9,0,18,0,0,0,0,0,0,3,1,6,1,62,9,875,1,7,7,1,7
2018010084238,2,3,0,6,0,0,0,0,0,0,4,1,1,1,22,5,125,1,3,6,1,6
2018010084240,1,8,0,9,0,6,0,0,0,0,1,1,1,1,50,8,1598,2,7,2,1,2
2018010084240,2,1,0,4,0,1,0,0,0,0,1,1,1,1,24,5,-1,-1,-1,1,1,1
2018010084241,1,11,0,4,0,1,0,0,0,0,4,1,1,1,20,4,6700,2,7,4,1,4
2018010084242,1,3,0,18,0,1,0,0,0,0,1,1,6,1,33,6,125,1,8,2,1,2
2018010084243,1,9,0,18,0,1,0,0,0,0,1,1,6,1,24,5,1400,1,14,3,1,3
2018010084243,2,9,0,18,0,1,0,0,0,0,3,1,6,1,52,8,-1,-1,-1,3,1,3
2018010084245,1,8,0,5,0,2,0,0,0,0,1,1,2,1,50,8,1968,2,4,-1,-1,-1
2018010084250,1,9,0,18,0,8,0,-1,0,0,3,1,6,1,25,5,1398,1,11,5,1,5
2018010084252,1,9,0,18,0,2,0,0,0,0,2,1,3,2,29,6,1968,2,10,7,1,7
2018010084252,2,9,0,18,0,2,0,0,0,0,1,1,6,3,-1,-1,1598,2,6,-1,-1,-1
2018010084257,1,8,0,5,0,8,0,0,0,0,1,2,1,2,35,6,1950,2,1,4,1,4
2018010084257,2,1,0,9,4,8,0,0,0,0,1,1,2,1,37,7,-1,-1,-1,4,1,4
2018010084261,1,11,0,4,0,3,0,0,0,0,0,1,6,3,-1,-1,4500,2,2,-1,-1,-1
2018010084269,1,9,-1,18,-1,-1,-1,-1,-1,-1,-1,-1,6,3,-1,-1,-1,-1,-1,-1,-1,-1
2018010084272,1,8,0,18,0,2,0,0,0,0,4,1,1,1,46,8,2499,2,4,9,1,9
2018010084274,1,9,0,9,0,6,0,0,0,0,1,1,6,3,-1,-1,-1,-1,-1,-1,-1,-1
2018010084285,1,11,0,4,0,8,0,0,0,0,0,1,1,1,21,5,4500,2,3,3,1,3
2018010084285,2,9,0,4,0,8,0,0,0,0,0,1,6,1,31,6,1896,2,16,3,1,3
2018010084290,1,4,0,18,3,8,0,0,0,0,3,1,6,1,61,9,599,1,21,9,1,9
2018010084290,2,9,0,9,0,5,0,0,0,0,1,1,2,1,38,7,1997,2,13,4,1,4
2018010084297,1,2,0,18,0,8,0,0,0,0,2,1,2,1,45,7,125,1,14,3,1,3
2018010084297,2,19,0,18,0,4,0,0,0,0,1,1,1,1,25,5,-1,-1,-1,9,1,9
2018010084313,1,9,0,18,0,0,0,0,0,0,1,1,6,2,23,5,1598,1,18,6,1,6
2018010084315,1,4,0,18,0,0,0,0,0,0,0,1,6,1,58,9,347,1,45,4,1,4
2018010084315,2,19,0,5,0,0,0,0,0,0,0,1,1,1,27,6,2143,2,3,2,1,2
2018010084323,1,9,0,1,9,0,0,0,0,0,2,-1,6,3,-1,-1,-1,-1,-1,-1,-1,-1
2018010084325,1,11,0,-1,-1,0,-1,-1,-1,-1,1,1,6,3,-1,-1,-1,-1,-1,-1,-1,-1
2018010084326,1,19,0,1,0,1,0,0,0,0,2,1,1,1,30,6,1560,2,1,2,1,2
2018010084330,1,9,0,5,0,1,0,0,0,0,1,1,3,2,29,6,1984,1,18,3,1,3
2018010084330,2,9,0,18,0,1,0,0,0,0,3,1,3,1,33,6,1560,2,4,1,1,1
2018010084336,1,9,0,18,0,6,0,0,0,0,1,1,2,1,45,7,1968,2,3,9,1,9
2018010084336,2,9,0,17,0,8,0,0,0,0,4,1,6,1,36,7,1461,2,8,3,1,3
2018010084342,1,9,0,5,-1,-1,0,0,-1,0,1,1,6,3,-1,-1,1968,2,2,-1,-1,-1
2018010084343,1,9,0,9,0,1,0,0,0,0,1,1,6,2,30,6,1360,1,11,3,1,3
2018010084343,2,9,0,18,0,1,0,0,0,0,1,1,6,1,30,6,1997,2,7,8,1,8
2018010084347,1,90,0,7,0,1,0,0,0,0,4,1,1,1,64,9,7142,2,10,4,1,4
2018010084347,2,1,0,18,0,1,0,0,0,0,4,1,6,2,72,10,-1,-1,-1,6,1,6
2018010084351,1,1,-1,-1,-1,-1,-1,-1,-1,-1,1,1,6,1,25,5,-1,-1,-1,1,1,1
2018010084351,2,9,0,-1,-1,-1,-1,-1,-1,-1,-1,-1,6,1,33,6,1798,8,4,9,1,9
2018010084356,1,9,0,5,0,0,0,0,0,0,4,1,1,1,52,8,1248,2,5,6,1,6
2018010084356,2,1,0,18,9,0,0,0,0,0,1,1,2,2,54,8,-1,-1,-1,6,1,6
2018010084359,1,19,0,5,0,1,0,0,0,0,1,1,1,1,24,5,1968,2,5,9,1,9
2018010084359,2,9,0,5,0,1,0,0,0,0,2,1,6,1,40,7,1796,1,12,8,1,8
2018010084363,1,19,0,9,0,8,0,0,0,0,1,1,1,1,25,5,2298,2,3,9,3,9
2018010084363,2,21,0,18,0,8,0,0,0,0,1,1,1,1,34,6,-1,-1,-1,9,1,9
2018010084366,1,9,-1,-1,-1,-1,-1,-1,-1,-1,-1,-1,6,2,32,6,1997,2,8,9,1,9
2018010084366,2,9,-1,-1,-1,-1,-1,-1,-1,-1,-1,-1,6,2,47,8,1397,1,11,2,1,2
2018010084375,1,1,0,18,0,1,0,0,0,0,1,1,6,1,-1,-1,-1,-1,-1,-1,-1,-1
2018010084395,1,11,0,4,0,0,0,0,0,0,1,1,6,3,-1,-1,10837,2,1,-1,-1,-1
2018010084395,2,19,0,4,0,0,0,0,0,0,1,1,6,3,-1,-1,1995,2,1,-1,-1,-1
2018010084402,1,9,0,3,0,1,0,0,0,0,3,1,6,1,41,7,1598,2,7,7,1,7
2018010084402,2,21,1,16,0,1,0,0,0,0,1,2,1,1,43,7,-1,-1,-1,-1,-1,-1
2018010084404,1,9,0,4,0,0,0,0,0,0,2,1,6,2,27,6,1395,8,2,7,1,7
2018010084404,2,4,0,18,0,0,0,0,0,0,1,1,6,1,38,7,125,1,2,2,1,2
2018010084409,1,9,0,-1,-1,0,-1,-1,-1,-1,2,-1,6,1,-1,-1,1596,1,13,5,1,5
2018010084409,2,9,0,-1,-1,0,-1,-1,-1,-1,1,-1,6,1,-1,-1,-1,-1,-1,-1,-1,-1
2018010084419,1,8,0,18,0,2,0,0,0,0,1,1,2,1,31,6,1800,8,8,4,1,4
2018010084419,2,1,0,18,0,8,0,0,0,0,1,1,6,2,33,6,-1,-1,-1,5,1,5
2018010084420,1,9,0,-1,0,0,0,0,0,0,-1,-1,6,3,-1,-1,-1,-1,-1,-1,-1,-1
2018010084422,1,8,0,5,0,1,0,0,0,0,4,1,1,1,22,5,1497,8,9,5,1,5
2018010084422,2,9,0,18,0,1,0,0,0,0,3,1,6,2,52,8,1600,1,14,5,1,5
2018010084424,1,9,-1,-1,0,0,-1,-1,-1,0,-1,-1,6,3,-1,-1,2290,1,8,-1,-1,-1
2018010084426,1,9,0,18,0,2,0,0,0,0,2,1,2,2,22,5,1390,1,3,10,1,10
2018010084428,1,1,0,4,0,1,5,0,7,0,1,1,2,1,55,8,-1,-1,-1,8,1,8
2018010084428,2,9,0,9,0,2,0,0,7,0,1,1,6,1,23,5,1598,1,8,4,1,4
2018010084429,1,3,0,18,0,8,0,0,0,0,1,1,6,1,35,6,125,1,2,3,1,3
2018010084436,1,9,-1,-1,-1,0,-1,-1,-1,-1,-1,-1,6,3,-1,-1,-1,-1,-1,-1,-1,-1
2018010084437,1,1,0,18,0,3,5,0,0,0,4,1,2,2,28,6,-1,-1,-1,6,1,6
2018010084437,2,8,0,18,0,4,0,0,0,0,1,1,1,1,54,8,1968,2,7,2,1,2
2018010084438,1,9,0,18,0,6,0,0,0,0,3,1,1,1,40,7,1797,8,8,6,1,6
2018010084438,2,1,0,18,0,1,0,0,0,0,1,1,2,1,52,8,-1,-1,-1,9,1,9
2018010084444,1,4,0,18,0,0,0,0,0,0,4,1,6,1,43,7,-1,-1,-1,2,1,2
2018010084444,2,9,0,12,0,0,0,0,0,0,3,1,2,1,23,5,1390,1,4,1,1,1
2018010084446,1,9,0,3,0,0,0,0,0,0,2,1,6,1,23,5,1461,2,6,3,1,3
2018010084446,2,9,0,3,0,0,0,0,0,0,2,1,6,1,28,6,-1,-1,-1,4,1,4
2018010084446,3,9,0,18,0,0,0,0,0,0,1,1,6,2,79,11,1298,1,15,4,1,4
2018010084447,1,1,0,-1,0,-1,-1,-1,-1,-1,1,1,6,2,-1,-1,-1,-1,-1,-1,-1,-1
2018010084452,1,19,0,9,0,2,0,0,1,0,1,1,2,1,35,6,1995,2,2,9,1,9
2018010084452,2,3,0,18,0,1,0,0,0,0,1,1,2,1,52,8,125,1,11,5,1,5
2018010084453,1,9,0,9,0,5,0,0,0,0,3,1,6,1,55,8,1299,1,16,2,1,2
2018010084453,2,5,0,13,0,1,0,0,0,0,1,1,6,1,34,6,675,1,11,10,1,10
2018010084454,1,8,0,7,0,8,0,0,0,0,4,2,6,3,-1,-1,1797,8,8,-1,-1,-1
2018010084454,2,1,0,17,0,8,0,0,0,0,3,1,6,2,43,7,-1,-1,-1,2,1,2
2018010084455,1,21,0,5,0,2,0,0,0,0,1,1,2,1,37,7,10837,2,2,3,1,3
2018010084457,1,9,0,18,0,1,0,0,0,0,1,1,6,2,56,9,1242,1,10,8,1,8
2018010084458,1,9,0,-1,-1,0,-1,-1,-1,-1,-1,-1,6,2,31,6,2148,2,9,2,1,2
2018010084458,2,9,-1,-1,-1,0,-1,-1,-1,-1,-1,-1,6,3,-1,-1,1968,2,5,-1,-1,-1
2018010084459,1,9,0,8,4,7,0,0,0,0,4,1,6,1,68,10,-1,-1,-1,9,1,9
2018010084459,2,1,0,18,4,1,0,0,0,0,4,1,2,1,35,6,-1,-1,-1,4,1,4
2018010084460,1,9,0,3,0,1,0,0,0,0,2,1,6,1,27,6,1995,2,1,2,1,2
2018010084460,2,9,0,18,0,1,0,0,0,0,1,1,6,3,-1,-1,2143,2,3,-1,-1,-1
2018010084466,1,9,0,-1,-1,-1,-1,-1,-1,-1,2,-1,2,1,-1,-1,-1,-1,-1,8,1,8
2018010084466,2,9,0,-1,-1,-1,-1,-1,-1,-1,2,-1,1,3,-1,-1,-1,-1,-1,-1,-1,-1
2018010084469,1,8,0,5,0,8,0,0,0,0,1,1,6,1,51,8,1598,1,8,3,1,3
2018010084470,1,9,0,1,0,2,0,0,0,0,2,2,3,1,43,7,1910,2,11,4,1,4
2018010084471,1,3,0,18,0,1,5,0,0,0,1,1,1,1,32,6,108,1,1,5,1,5
2018010084471,2,1,0,9,0,1,5,0,0,0,3,1,2,1,49,8,-1,-1,-1,3,1,3
2018010084472,1,9,0,9,0,8,0,0,0,0,1,1,6,2,47,8,1499,2,1,2,1,2
2018010084473,1,9,0,18,0,8,0,0,0,0,3,1,6,2,41,7,1388,1,9,3,1,3
2018010084473,2,9,0,18,0,8,0,0,0,0,1,1,6,3,-1,-1,1242,1,13,-1,-1,-1
2018010084477,1,4,0,18,0,0,0,0,0,0,1,1,6,1,48,8,124,1,4,5,1,5
2018010084477,2,9,0,18,0,0,0,0,0,0,2,1,6,3,-1,-1,1598,2,3,-1,-1,-1
2018010084479,1,3,0,4,0,1,1,0,7,10,4,1,1,1,26,6,125,1,1,4,-1,4
2018010084482,1,11,0,5,0,8,0,0,0,0,0,1,1,1,59,9,6700,2,7,4,1,4
2018010084483,1,9,0,4,0,0,0,0,0,0,2,1,6,1,29,6,1398,1,3,3,1,3
2018010084483,2,9,0,13,0,0,1,0,0,0,4,1,2,2,40,7,1396,1,1,2,1,2
2018010084483,3,9,0,4,0,0,1,0,0,0,2,1,6,1,27,6,1968,2,1,10,1,10
2018010084483,4,21,1,12,0,0,0,0,0,0,3,2,1,1,28,6,-1,-1,-1,-1,-1,-1
2018010084484,1,11,0,18,0,1,0,0,0,0,3,1,1,2,49,8,7300,2,12,5,1,5
2018010084484,2,9,0,18,0,1,0,0,0,0,3,1,6,1,39,7,1995,2,6,3,1,3
2018010084484,3,9,0,9,0,6,0,0,0,0,1,1,6,1,52,8,1332,1,13,7,1,7
2018010084485,1,9,0,16,0,1,0,0,0,0,4,1,6,1,48,8,2435,1,14,9,1,9
2018010084486,1,8,0,17,0,0,0,0,0,0,1,1,1,1,44,7,2499,2,8,2,1,2
2018010084486,2,5,0,16,0,0,2,0,7,2,3,1,2,1,20,4,599,1,20,6,1,6
2018010084487,1,3,0,4,0,1,1,0,0,0,0,1,6,1,18,4,125,1,1,3,1,3
2018010084488,1,9,0,17,0,8,0,0,0,0,1,1,2,1,35,6,1596,1,15,8,1,8
2018010084488,2,9,0,16,0,8,0,0,0,0,1,1,6,2,50,8,1598,1,13,8,1,8
2018010084489,1,9,0,18,0,8,0,0,0,0,4,1,6,1,27,6,1198,1,1,2,1,2
2018010084489,2,9,0,18,0,8,0,0,0,0,1,1,6,1,16,4,1997,2,2,2,1,2
2018010084489,3,9,0,18,0,4,0,0,0,0,0,1,6,1,38,7,2993,2,2,2,1,2
2018010084490,1,9,0,17,9,0,1,4,8,2,4,1,6,1,18,4,999,1,19,8,1,8
2018010084491,1,11,0,18,0,3,0,0,0,0,0,1,1,1,23,5,6696,2,5,4,1,4
2018010084493,1,8,0,18,0,1,0,0,1,10,1,1,2,1,23,5,1995,2,3,2,1,2
2018010084493,2,8,0,7,0,1,0,0,0,0,4,1,1,1,47,8,1956,2,6,3,1,3
2018010084494,1,8,0,18,0,2,0,0,0,0,4,1,1,1,30,6,1997,2,4,5,1,5
2018010084498,1,9,0,3,0,2,1,0,0,0,3,1,1,1,53,8,1598,2,3,6,1,6
2018010084498,2,9,0,9,0,6,0,0,0,0,1,1,2,2,43,7,1999,1,3,8,1,8
2018010084499,1,9,0,18,0,0,0,0,0,0,1,1,1,1,27,6,999,1,1,3,1,3
2018010084499,2,1,0,18,0,0,0,0,0,0,2,1,6,1,19,4,-1,-1,-1,3,1,3