Accident_Index,Vehicle_Reference,Vehicle_Type,Towing_and_Articulation,Vehicle_Manoeuvre,Vehicle_Location-Restricted_Lane,Junction_Location,Skidding_and_Overturning,Hit_Object_in_Carriageway,Vehicle_Leaving_Carriageway,Hit_Object_off_Carriageway,1st_Point_of_Impact,Was_Vehicle_Left_Hand_Drive?,Journey_Purpose_of_Driver,Sex_of_Driver,Age_of_Driver,Age_Band_of_Driver,Engine_Capacity_(CC),Propulsion_Code,Age_of_Vehicle,Driver_IMD_Decile,Driver_Home_Area_Type,Vehicle_IMD_Decile
2018010084501,1,9,0,4,0,2,0,0,0,0,2,1,1,1,49,8,2143,2,6,-1,-1,-1
2018010084501,2,9,0,4,0,2,0,0,0,0,1,1,2,1,26,6,1686,2,5,5,1,5
2018010084502,1,9,0,18,9,0,0,10,1,4,1,1,6,1,29,6,1984,1,9,4,1,4
2018010084503,1,19,0,9,0,7,0,0,0,0,3,1,1,1,40,7,-1,-1,-1,4,1,4
2018010084503,2,4,0,18,0,1,0,0,0,0,1,1,1,1,72,10,599,1,11,9,1,9
2018010084505,1,9,0,9,0,8,0,0,0,0,4,1,2,2,38,7,1400,1,13,7,1,7
2018010084505,2,5,0,5,0,8,5,0,0,0,1,1,6,1,31,6,-1,-1,-1,8,1,8
2018010084506,1,9,0,14,0,1,0,4,0,0,1,1,6,1,46,8,1968,2,11,9,1,9
2018010084506,2,19,0,2,0,1,0,4,0,0,2,1,6,3,-1,-1,2198,2,8,-1,-1,-1
2018010084506,3,9,0,2,0,1,0,0,0,0,2,1,6,3,-1,-1,2143,2,4,-1,-1,-1
2018010084507,1,9,0,3,0,1,0,0,0,0,2,1,2,1,55,8,1783,1,18,4,1,4
2018010084507,2,19,0,17,0,1,0,0,0,0,1,1,6,1,29,6,-1,-1,-1,2,1,2
2018010084508,1,9,-1,18,0,0,-1,-1,-1,-1,1,-1,6,3,-1,-1,-1,-1,-1,-1,-1,-1
2018010084512,1,1,0,18,0,8,0,0,0,0,3,1,2,1,36,7,-1,-1,-1,3,1,3
2018010084512,2,9,0,9,0,5,0,0,0,0,1,1,6,2,41,7,1998,1,14,1,1,1
2018010084528,1,9,0,7,0,5,0,0,0,0,4,1,2,2,29,6,1598,1,8,3,1,3
2018010084528,2,1,0,18,0,1,0,0,0,0,3,1,6,1,42,7,-1,-1,-1,2,1,2
2018010084529,1,1,-1,-1,-1,-1,-1,-1,-1,-1,1,1,6,1,31,6,-1,-1,-1,4,1,4
2018010084529,2,9,0,-1,-1,-1,-1,-1,-1,-1,-1,-1,6,1,-1,-1,-1,-1,-1,5,1,5
2018010084533,1,9,-1,4,0,0,0,0,0,0,2,-1,6,2,43,7,998,1,1,2,1,2
2018010084533,2,9,-1,4,0,0,0,0,0,0,2,-1,6,2,-1,-1,1149,1,10,8,2,8
2018010084533,3,19,-1,18,0,0,0,0,0,0,1,-1,6,3,-1,-1,-1,-1,-1,-1,-1,-1
2018010084534,1,1,-1,-1,-1,0,-1,-1,-1,-1,-1,1,2,1,34,6,-1,-1,-1,7,1,7
2018010084534,2,9,0,-1,-1,0,-1,-1,-1,-1,1,-1,6,1,-1,-1,1686,2,11,-1,-1,-1
2018010084535,1,9,-1,-1,-1,0,-1,-1,-1,-1,-1,-1,6,3,-1,-1,-1,-1,-1,-1,-1,-1
2018010084541,1,9,0,3,0,1,0,0,0,0,2,1,6,2,31,6,1461,2,3,4,1,4
2018010084541,2,19,0,18,0,1,0,0,3,0,1,1,6,3,-1,-1,-1,-1,-1,-1,-1,-1
2018010084546,1,9,0,-1,-1,0,-1,-1,-1,-1,2,-1,6,2,34,6,1969,2,1,3,1,3
2018010084546,2,90,0,-1,-1,0,-1,-1,-1,-1,-1,-1,6,1,21,5,-1,-1,-1,1,1,1
2018010084552,1,4,0,18,0,2,0,0,0,0,1,1,6,1,24,5,124,1,8,10,1,10
2018010084552,2,9,0,9,0,1,0,0,0,0,4,1,6,1,38,7,1968,2,4,4,1,4
2018010084560,1,19,0,7,0,1,0,0,0,0,4,1,1,1,37,7,1995,2,8,5,1,5
2018010084560,2,1,0,15,0,1,0,0,0,0,1,1,2,2,46,8,-1,-1,-1,6,1,6
2018010084564,1,9,0,9,0,1,0,0,0,0,2,1,6,2,35,6,1600,2,8,4,1,4
2018010084564,2,4,0,18,0,1,0,4,0,0,1,1,6,1,17,4,124,1,9,4,1,4
2018010084565,1,19,0,1,0,2,0,0,0,0,2,1,1,1,41,7,1968,2,2,3,1,3
2018010084566,1,9,0,10,0,1,0,0,0,0,4,1,6,2,21,5,1364,1,11,3,1,3
2018010084566,2,9,0,18,0,1,0,0,0,0,1,1,1,1,21,5,1398,1,3,2,1,2
2018010084569,1,4,0,18,0,2,0,0,0,0,1,1,2,1,35,6,-1,-1,-1,9,1,9
2018010084570,1,19,0,5,0,1,0,0,0,0,1,1,1,1,51,8,2287,2,4,2,1,2
2018010084573,1,9,0,7,0,8,0,0,0,0,1,1,6,2,29,6,1968,2,14,4,1,4
2018010084573,2,1,0,18,0,8,0,0,0,0,4,1,6,1,71,10,-1,-1,-1,4,1,4
2018010084574,1,3,0,18,0,0,0,0,0,0,1,1,2,1,17,4,124,1,5,1,1,1
2018010084574,2,9,0,11,0,0,0,0,0,0,4,1,2,1,35,6,1560,2,4,7,1,7
2018010084578,1,1,-1,-1,-1,-1,-1,-1,-1,-1,-1,1,2,2,27,6,-1,-1,-1,3,-1,3
2018010084578,2,19,0,-1,-1,-1,-1,-1,-1,-1,1,-1,6,1,-1,-1,2198,2,2,-1,-1,-1
2018010084582,1,9,0,9,0,1,0,0,0,0,1,1,6,1,35,6,1229,1,3,3,1,3
2018010084582,2,19,0,18,0,1,0,0,0,0,1,1,1,1,46,8,2143,2,3,8,1,8
2018010084583,1,3,0,18,0,3,0,0,0,0,3,1,2,1,31,6,125,1,1,8,1,8
2018010084583,2,9,0,15,0,3,0,0,0,0,4,1,6,3,-1,-1,998,1,7,-1,-1,-1
2018010084585,1,9,0,18,0,1,0,0,0,0,1,1,6,1,26,6,1995,2,5,7,1,7
2018010084585,2,9,0,18,0,6,0,0,0,0,4,1,1,1,32,6,1339,8,7,6,1,6
2018010084587,1,1,0,-1,0,8,1,0,0,0,4,1,2,1,-1,-1,-1,-1,-1,3,1,3
2018010084588,1,19,0,9,0,6,0,0,0,0,1,1,1,1,50,8,2287,2,4,4,1,4
2018010084600,1,1,0,18,0,1,0,0,0,0,1,1,2,1,35,6,-1,-1,-1,5,1,5
2018010084600,2,9,0,9,0,2,0,0,0,0,4,1,6,2,80,11,1497,1,16,6,1,6
2018010084601,1,2,0,14,0,2,0,0,0,0,4,1,1,1,29,6,125,1,1,3,1,3
2018010084606,1,9,-1,-1,-1,-1,-1,-1,-1,-1,-1,-1,6,1,45,7,1796,1,12,3,1,3
2018010084606,2,9,-1,-1,-1,-1,-1,-1,-1,-1,-1,-1,6,3,-1,-1,1275,1,19,-1,-1,-1
2018010084607,1,9,0,18,0,1,0,0,0,0,4,1,6,1,30,6,1796,1,7,8,1,8
2018010084607,2,9,0,18,0,1,0,0,0,0,1,1,6,3,-1,-1,1395,1,5,-1,-1,-1
2018010084612,1,9,0,18,0,0,0,0,0,0,1,1,6,1,84,11,1560,2,6,10,1,10
2018010084612,2,9,0,2,0,0,0,0,0,0,2,1,6,3,-1,-1,1797,8,5,-1,-1,-1
2018010084615,1,9,0,-1,0,8,0,0,0,0,4,-1,6,1,53,8,1797,8,8,3,1,3
2018010084615,2,19,0,-1,0,8,0,0,0,0,3,1,6,1,30,6,1248,2,9,7,1,7
2018010084618,1,9,0,9,0,5,0,0,0,0,1,1,6,1,82,11,1796,1,16,7,1,7
2018010084619,1,3,0,18,0,8,0,0,1,0,3,1,6,1,37,7,124,1,8,4,1,4
2018010084619,2,9,0,9,0,8,0,0,0,0,1,1,6,2,82,11,1598,1,13,7,1,7
2018010084622,1,9,0,-1,-1,-1,-1,-1,-1,-1,2,-1,6,1,43,7,1398,1,4,3,1,3
2018010084622,2,9,0,-1,-1,-1,-1,-1,-1,-1,1,-1,6,3,-1,-1,1560,2,13,-1,-1,-1
2018010084623,1,9,0,4,0,0,0,0,0,0,1,1,3,2,46,8,1399,1,8,3,1,3
2018010084623,2,9,0,4,0,0,0,0,0,0,1,1,6,1,32,6,1956,2,4,6,1,6
2018010084623,3,9,0,4,0,0,0,0,0,0,1,1,6,1,22,5,1229,1,9,6,1,6
2018010084625,1,19,0,11,0,1,0,0,0,0,4,1,1,1,36,7,2143,2,2,-1,-1,-1
2018010084625,2,1,0,18,0,1,2,0,0,0,3,1,1,1,47,8,-1,-1,-1,2,1,2
2018010084630,1,9,0,18,0,0,0,0,0,0,1,1,6,2,31,6,1398,1,8,4,1,4
2018010084633,1,5,0,15,4,0,0,0,1,4,4,1,2,1,49,8,1050,1,6,8,1,8
2018010084634,1,9,0,18,0,1,0,0,0,0,1,1,6,2,53,8,1968,2,11,6,1,6
2018010084634,2,9,0,4,0,1,0,0,0,0,2,1,6,2,48,8,1124,1,13,10,1,10
2018010084634,3,9,0,3,0,1,0,0,0,0,2,1,6,2,26,6,998,1,5,9,1,9
2018010084634,4,9,0,3,0,1,0,0,0,0,2,1,6,2,57,9,1591,1,5,8,3,8
2018010084637,1,9,0,6,0,1,0,0,0,0,0,1,1,1,28,6,1560,2,4,5,1,5
2018010084637,2,8,0,18,0,2,0,0,0,0,1,1,1,1,43,7,1995,2,10,4,1,4
2018010084637,3,9,0,18,0,1,0,4,7,4,1,1,6,1,20,4,-1,-1,-1,2,1,2
2018010084645,1,2,0,-1,-1,-1,-1,-1,-1,-1,-1,1,2,2,49,8,49,1,1,8,1,8
2018010084645,2,9,0,-1,-1,-1,-1,-1,-1,-1,-1,-1,6,1,54,8,1798,8,6,1,1,1
2018010084652,1,11,0,9,0,6,0,0,0,0,1,1,1,2,50,8,-1,-1,-1,2,1,2
2018010084654,1,9,0,4,0,1,0,0,0,0,0,1,6,2,23,5,1198,1,1,7,1,7
2018010084654,2,9,0,12,0,1,0,0,0,0,1,1,1,2,51,8,999,1,2,4,1,4
2018010084656,1,20,0,1,0,2,0,0,0,0,2,1,1,1,36,7,2143,2,1,3,1,3
2018010084659,1,9,0,5,0,8,0,0,0,0,3,1,6,2,26,6,1798,8,1,2,1,2
2018010084659,2,9,0,9,0,8,0,0,0,0,1,1,6,1,58,9,1200,1,4,1,1,1
2018010084661,1,9,0,-1,-1,-1,-1,-1,-1,-1,1,1,6,1,59,9,-1,-1,-1,3,1,3
2018010084661,2,11,0,-1,-1,-1,-1,-1,-1,-1,-1,-1,6,3,47,8,6700,2,7,3,1,3
2018010084662,1,5,0,5,0,0,0,0,0,0,1,1,2,1,41,7,649,1,2,3,1,3
2018010084663,1,8,0,5,0,0,0,0,0,0,4,1,1,1,50,8,1798,8,6,6,1,6
2018010084663,2,1,0,18,0,0,0,0,0,0,1,1,2,1,48,8,-1,-1,-1,2,1,2
2018010084664,1,1,-1,-1,-1,-1,-1,-1,-1,-1,-1,1,6,1,26,6,-1,-1,-1,6,1,6
2018010084664,2,8,0,-1,-1,-1,-1,-1,-1,-1,1,-1,6,1,-1,-1,1798,8,6,8,1,8
2018010084665,1,3,0,18,6,8,5,10,0,0,1,1,1,1,37,7,108,1,1,5,1,5
2018010084666,1,9,0,18,0,0,0,0,0,0,1,1,6,1,27,6,1951,2,13,3,1,3
2018010084667,1,11,0,17,0,2,0,0,0,0,1,1,1,1,22,5,9360,2,7,3,1,3
2018010084669,1,9,0,18,0,1,1,0,0,0,1,1,6,1,61,9,2967,2,-1,9,1,9
2018010084669,2,19,0,4,0,1,0,0,0,0,1,1,1,1,36,7,1998,2,13,6,1,6
2018010084670,1,8,0,11,0,0,0,0,0,0,2,1,1,1,38,7,2143,2,1,3,1,3
2018010084670,2,5,0,18,0,0,5,0,0,0,1,1,1,1,51,8,749,1,23,5,1,5
2018010084671,1,11,0,4,2,1,0,0,0,0,1,1,1,1,19,4,4500,2,3,4,1,4
2018010084675,1,9,0,7,0,1,0,4,0,0,4,1,1,1,29,6,1997,2,8,2,1,2
2018010084675,2,9,0,2,0,1,0,0,0,0,3,1,6,3,-1,-1,1796,1,8,-1,-1,-1
2018010084677,1,1,0,7,0,6,0,0,0,0,1,1,1,1,27,6,-1,-1,-1,2,1,2
2018010084678,1,8,0,-1,-1,-1,-1,-1,-1,-1,-1,-1,6,1,32,6,1560,2,4,2,1,2
2018010084678,2,8,0,-1,-1,-1,-1,-1,-1,-1,-1,-1,6,1,-1,-1,1798,8,4,3,1,3
2018010084681,1,1,0,-1,0,-1,0,-1,-1,-1,-1,1,6,1,29,6,-1,-1,-1,3,1,3
2018010084681,2,8,0,-1,-1,-1,-1,-1,-1,-1,1,-1,6,1,-1,-1,-1,-1,-1,-1,-1,-1
2018010084682,1,9,0,9,0,2,0,0,0,0,1,1,6,1,55,8,5513,1,12,3,1,3
2018010084682,2,9,0,4,0,8,0,0,0,0,4,1,1,2,28,6,1499,2,2,6,1,6
2018010084683,1,9,0,-1,-1,0,-1,-1,-1,-1,2,-1,6,2,44,7,2354,1,13,7,1,7
2018010084683,2,9,0,-1,-1,0,-1,-1,-1,-1,1,-1,6,3,-1,-1,-1,-1,-1,-1,-1,-1
2018010084684,1,19,0,14,0,0,0,0,0,0,3,1,6,1,40,7,1753,2,13,4,1,4
2018010084686,1,4,0,13,0,0,0,0,0,0,4,1,1,1,53,8,599,1,8,10,1,10
2018010084690,1,19,0,18,0,8,0,0,0,0,3,2,1,1,24,5,2143,2,4,-1,-1,-1
2018010084696,1,9,0,18,0,2,0,0,0,0,1,1,1,1,24,5,1560,2,3,3,1,3
2018010084697,1,9,0,7,0,2,0,0,0,0,1,1,2,1,49,8,1997,2,8,4,1,4
2018010084697,2,1,0,18,0,8,0,0,0,0,2,1,2,1,40,7,-1,-1,-1,8,1,8
2018010084698,1,3,0,18,0,1,1,0,0,0,0,1,1,1,43,7,108,1,5,2,1,2
2018010084698,2,9,0,4,0,1,0,0,0,0,0,1,6,1,49,8,1794,1,12,2,1,2
2018010084701,1,9,0,7,0,2,0,0,0,0,4,1,6,1,46,8,1397,1,15,2,1,2
2018010084711,1,8,0,9,0,1,0,0,0,0,3,1,1,1,37,7,1598,2,2,3,1,3
2018010084711,2,5,0,18,0,1,0,0,0,0,4,1,1,1,43,7,798,1,2,3,1,3
2018010084712,1,8,0,6,0,8,0,0,0,0,1,1,6,3,-1,-1,-1,-1,-1,-1,-1,-1
2018010084713,1,5,0,18,0,1,-1,0,0,0,1,1,2,1,55,8,-1,-1,-1,8,2,8
2018010084713,2,9,0,-1,0,5,-1,0,0,0,4,-1,6,1,-1,-1,-1,-1,-1,-1,-1,-1
2018010084717,1,9,0,12,0,0,0,0,0,0,1,1,6,1,37,7,-1,-1,-1,8,3,8
2018010084717,2,9,0,18,0,0,0,0,0,0,3,1,6,1,20,4,1995,1,13,5,1,5
2018010084718,1,9,0,-1,-1,0,-1,-1,-1,-1,1,-1,6,1,44,7,1896,2,9,4,1,4
2018010084718,2,9,-1,-1,-1,0,-1,-1,-1,-1,-1,-1,6,2,-1,-1,698,1,11,-1,-1,-1
2018010084719,1,8,0,-1,-1,0,-1,-1,-1,-1,2,-1,6,1,28,6,1798,8,3,2,1,2
2018010084719,2,9,0,-1,-1,0,-1,-1,-1,-1,2,-1,6,3,-1,-1,1956,2,5,-1,-1,-1
2018010084723,1,9,0,-1,-1,0,-1,-1,-1,-1,-1,-1,6,2,37,7,1598,1,6,1,1,1
2018010084723,2,9,0,-1,-1,0,-1,-1,-1,-1,-1,-1,6,2,-1,-1,1248,2,8,-1,-1,-1
2018010084725,1,11,0,5,0,8,0,0,0,0,0,1,1,1,36,7,5132,2,3,6,1,6
2018010084727,1,9,0,18,0,0,1,0,1,10,1,1,6,1,26,6,2998,1,2,3,1,3
2018010084728,1,8,0,3,0,1,0,7,7,7,1,1,1,1,47,8,1797,8,7,1,1,1
2018010084728,2,9,0,18,0,1,0,4,1,2,1,1,6,1,-1,-1,1984,1,14,3,1,3
2018010084733,1,9,0,18,3,0,0,4,0,0,3,1,6,3,-1,-1,-1,-1,-1,-1,-1,-1
2018010084733,2,9,0,2,3,0,0,0,0,0,4,1,6,3,-1,-1,1390,1,12,-1,-1,-1
2018010084739,1,11,0,18,0,0,0,0,0,0,1,1,1,1,51,8,6700,2,7,7,1,7
2018010084751,1,5,0,-1,-1,0,-1,-1,-1,-1,1,1,6,1,-1,-1,1198,1,3,-1,-1,-1
2018010084756,1,9,0,18,0,8,0,0,0,0,1,1,6,1,64,9,-1,-1,-1,10,1,10
2018010084756,2,9,0,9,0,8,0,0,0,0,4,1,6,1,80,11,1796,1,7,10,1,10
2018010084757,1,9,0,18,0,2,0,0,0,0,1,1,6,2,66,10,1389,1,24,2,1,2
2018010084758,1,19,0,9,0,8,0,0,0,0,3,1,1,1,38,7,1598,2,2,8,1,8
2018010084758,2,3,0,9,0,8,0,0,0,0,4,1,6,1,46,8,125,1,9,3,1,3
2018010084763,1,9,0,6,0,6,0,0,0,0,0,1,6,1,62,9,1997,2,9,8,1,8
2018010084767,1,9,0,18,0,2,0,0,0,0,4,1,6,1,37,7,1296,1,10,2,1,2
2018010084769,1,8,0,18,0,2,0,0,0,0,1,1,1,1,57,9,1796,1,8,3,1,3
2018010084770,1,9,0,18,0,8,0,0,0,0,1,1,6,1,20,4,1242,1,2,8,1,8
2018010084770,2,9,0,18,0,1,0,0,1,0,1,1,6,1,47,8,2231,2,11,2,1,2
2018010084773,1,3,0,-1,-1,-1,-1,-1,-1,-1,0,1,6,2,37,7,124,1,5,3,1,3
2018010084774,1,9,0,8,0,7,0,0,0,0,1,1,6,1,35,6,1797,8,7,7,1,7
2018010084774,2,9,0,18,0,1,0,0,0,0,1,1,2,1,51,8,1560,2,8,7,1,7
2018010084775,1,21,1,12,0,0,0,0,0,0,4,2,1,1,49,8,-1,-1,-1,-1,-1,-1
2018010084775,2,9,0,18,0,0,0,0,2,7,4,1,6,1,39,7,1995,2,7,9,1,9
2018010084776,1,1,0,4,0,1,0,0,0,0,4,1,6,1,44,7,-1,-1,-1,5,1,5
2018010084776,2,9,0,5,0,1,0,0,0,0,3,1,1,1,41,7,-1,-1,-1,3,1,3
2018010084777,1,9,0,9,0,6,0,0,0,0,1,1,6,3,-1,-1,-1,-1,-1,-1,-1,-1
2018010084782,1,9,0,-1,-1,-1,-1,-1,-1,-1,3,-1,6,2,55,8,1360,1,13,5,1,5
2018010084783,1,8,0,9,0,5,0,0,0,0,1,1,1,1,69,10,1797,8,7,4,1,4
2018010084783,2,8,0,18,0,1,0,0,0,0,3,1,1,2,51,8,2402,2,14,4,1,4
2018010084788,1,9,5,16,0,0,1,10,0,0,2,1,6,1,25,5,1498,1,1,5,1,5
2018010084788,2,21,4,11,0,0,0,0,0,0,1,1,1,1,37,7,12777,2,6,-1,-1,-1
2018010084790,1,8,0,18,0,1,0,10,0,0,1,1,1,1,49,8,1798,8,4,1,1,1
2018010084790,2,9,0,7,0,1,0,0,0,0,4,1,6,1,71,10,1997,1,3,7,1,7
2018010084791,1,9,0,18,0,1,1,0,0,0,1,1,6,2,36,7,1596,1,6,5,1,5
2018010084791,2,9,0,18,0,1,0,0,0,0,2,1,6,1,29,6,1339,1,12,3,1,3
2018010084796,1,1,-1,-1,-1,0,-1,-1,-1,-1,-1,1,6,2,39,7,-1,-1,-1,1,1,1
2018010084796,2,9,0,-1,-1,0,-1,-1,-1,-1,1,-1,6,1,-1,-1,-1,-1,-1,4,1,4
2018010084798,1,1,-1,-1,-1,-1,-1,-1,-1,-1,-1,1,2,1,35,6,-1,-1,-1,7,1,7
2018010084798,2,8,0,-1,-1,-1,-1,-1,-1,-1,4,-1,6,1,-1,-1,1798,8,4,-1,-1,-1
2018010084799,1,9,0,4,0,3,0,0,0,0,2,1,2,1,25,5,1753,2,8,4,1,4
2018010084799,2,21,0,4,0,3,0,0,0,0,1,1,1,1,43,7,3920,2,12,7,1,7
2018010084802,1,11,0,4,0,0,0,0,0,0,2,1,1,2,30,6,4500,2,2,2,1,2
2018010084802,2,11,0,4,0,0,0,4,0,0,1,1,1,1,69,10,5132,2,4,5,1,5
2018010084803,1,9,0,-1,-1,-1,-1,-1,-1,-1,-1,-1,2,1,53,8,1968,2,9,2,1,2
2018010084803,2,2,0,-1,-1,-1,-1,-1,-1,-1,1,1,6,3,-1,-1,-1,-1,-1,-1,-1,-1
2018010084804,1,9,0,5,0,4,0,0,0,0,1,1,6,1,86,11,1360,1,15,6,1,6
2018010084804,2,1,0,18,0,4,0,0,0,0,4,1,6,1,54,8,-1,-1,-1,9,1,9
2018010084805,1,9,0,-1,-1,-1,-1,-1,-1,-1,4,-1,6,2,48,8,1794,1,15,9,1,9
2018010084805,2,19,0,-1,-1,-1,-1,-1,-1,-1,1,-1,6,1,32,6,1995,2,8,3,1,3
2018010084806,1,11,0,18,0,0,0,0,0,0,4,1,1,1,64,9,4500,2,2,2,1,2
2018010084807,1,9,0,-1,-1,0,-1,-1,-1,-1,2,-1,6,2,46,8,1995,2,6,4,1,4
2018010084807,2,9,0,-1,-1,0,-1,-1,-1,-1,1,-1,6,3,-1,-1,-1,-1,-1,-1,-1,-1
2018010084808,1,9,0,-1,-1,0,-1,-1,-1,-1,1,-1,6,3,-1,-1,-1,-1,-1,-1,-1,-1
2018010084809,1,9,0,9,4,5,0,0,0,0,2,1,6,2,36,7,1498,1,11,9,1,9
2018010084809,2,1,0,15,4,8,0,0,0,0,1,1,1,1,20,4,-1,-1,-1,5,1,5
2018010084811,1,9,0,18,0,1,0,0,0,0,4,1,6,1,31,6,2143,2,3,4,1,4
2018010084811,2,2,0,15,0,1,0,0,0,0,3,1,6,1,40,7,125,1,10,3,1,3
2018010084813,1,9,0,6,0,1,0,0,0,0,0,1,1,1,34,6,1998,2,5,1,1,1
2018010084813,2,4,0,18,0,1,1,0,0,0,0,1,2,1,33,6,125,1,5,7,1,7
2018010084815,1,9,0,7,0,2,0,0,0,0,1,1,6,3,-1,-1,1596,1,13,-1,-1,-1
2018010084815,2,1,0,18,0,1,0,0,0,0,4,1,6,1,21,5,-1,-1,-1,9,1,9
2018010084816,1,9,0,-1,-1,0,-1,-1,-1,-1,1,-1,6,2,35,6,3956,2,1,6,-1,6
2018010084816,2,9,0,1,0,0,0,0,0,0,1,-1,6,3,-1,-1,-1,-1,-1,-1,-1,-1
2018010084817,1,9,0,18,0,0,0,0,0,0,1,1,6,2,21,5,1968,2,6,2,1,2
2018010084817,2,9,0,18,0,0,0,0,0,0,2,1,6,1,33,6,-1,-1,-1,9,1,9
2018010084818,1,19,0,17,0,6,1,0,0,0,1,1,6,3,-1,-1,4485,2,1,-1,-1,-1
2018010084819,1,9,0,9,0,1,0,0,0,0,1,1,6,2,44,7,1360,1,13,1,1,1
2018010084819,2,3,0,18,0,2,0,0,0,0,1,1,6,1,23,5,125,1,4,3,1,3
2018010084820,1,3,0,18,0,4,0,0,0,0,1,1,6,1,32,6,-1,-1,-1,5,1,5
2018010084820,2,9,0,4,0,1,0,0,0,0,2,1,6,1,30,6,1229,1,7,9,1,9
2018010084822,1,11,0,18,0,2,0,0,0,0,0,1,1,1,25,5,4461,2,4,3,1,3
2018010084822,2,9,0,11,0,2,0,0,0,0,0,1,6,3,-1,-1,-1,-1,-1,-1,-1,-1
2018010084825,1,2,0,18,0,0,0,0,0,0,2,1,1,1,25,5,49,1,7,5,1,5
2018010084826,1,8,0,18,0,8,0,0,0,0,1,1,1,1,61,9,2402,2,15,10,1,10
2018010084826,2,9,0,18,0,8,0,0,0,0,4,1,6,1,59,9,1995,1,6,9,2,9
2018010084828,1,19,0,1,0,1,0,0,0,0,2,1,6,3,-1,-1,2148,2,10,-1,-1,-1
2018010084829,1,9,0,9,0,1,0,0,0,0,1,1,6,1,58,9,2429,1,16,3,1,3
2018010084829,2,3,0,18,0,8,0,0,0,0,1,1,6,1,28,6,125,1,10,1,1,1
2018010084831,1,9,0,10,0,6,0,0,0,0,1,1,6,1,18,4,1364,1,11,7,1,7
2018010084831,2,9,0,18,0,8,0,0,0,0,4,1,1,1,59,9,1560,2,3,10,1,10
2018010084832,1,9,0,4,0,0,0,0,0,0,2,1,1,1,35,6,1560,2,4,-1,-1,-1
2018010084832,2,9,0,4,0,0,0,0,0,0,2,1,2,2,34,6,1496,2,3,7,3,7
2018010084832,3,9,0,4,0,0,0,0,0,0,1,1,2,1,23,5,1242,1,1,10,1,10
2018010084836,1,9,0,9,0,8,0,0,0,0,1,1,6,1,41,7,1998,2,12,5,1,5
2018010084836,2,3,0,18,0,1,0,0,0,0,1,1,1,1,20,4,124,1,2,2,1,2
2018010084838,1,9,0,4,0,0,0,0,0,0,3,1,6,2,57,9,1598,1,10,4,1,4
2018010084838,2,3,0,17,0,0,0,0,0,0,1,1,2,1,49,8,108,1,1,2,1,2
2018010084840,1,9,0,4,0,1,0,0,0,0,3,1,6,2,18,4,1242,1,7,2,1,2
2018010084840,2,10,0,7,0,8,0,0,0,0,1,1,6,3,18,4,2402,2,7,-1,-1,-1
2018010084842,1,9,0,9,0,0,0,0,0,0,1,1,6,2,27,6,-1,-1,-1,8,1,8
2018010084842,2,9,0,18,0,0,0,0,0,0,1,1,6,2,29,6,2998,1,1,3,1,3
2018010084843,1,9,0,9,0,5,0,0,0,0,1,1,6,1,35,6,1398,1,12,1,1,1
2018010084843,2,4,0,18,0,8,0,0,0,0,1,1,6,1,25,5,250,1,4,1,1,1
2018010084846,1,2,0,-1,-1,0,-1,-1,-1,-1,-1,1,2,2,36,7,49,1,11,2,1,2
2018010084846,2,9,0,-1,-1,0,-1,-1,-1,-1,1,-1,6,1,-1,-1,1984,1,10,6,1,6
2018010084848,1,3,0,18,0,1,0,0,0,0,1,1,1,1,44,7,125,1,1,2,1,2
2018010084854,1,3,0,5,0,6,0,0,0,0,4,1,6,1,44,7,108,1,9,6,1,6
2018010084854,2,8,0,5,0,1,0,0,0,0,1,1,6,1,36,7,1798,1,3,4,1,4
2018010084855,1,8,0,18,0,8,0,0,0,0,4,1,1,1,28,6,1797,8,7,5,1,5
2018010084855,2,3,5,18,0,1,5,0,0,0,1,1,6,1,18,4,108,1,4,1,1,1
2018010084856,1,9,0,18,0,0,0,0,0,0,1,1,6,1,19,4,1339,1,12,6,1,6
2018010084857,1,9,0,18,0,0,0,0,0,0,1,1,6,3,-1,-1,-1,-1,-1,-1,-1,-1
2018010084858,1,9,0,16,0,1,0,0,0,0,4,1,6,1,57,9,2496,2,13,2,1,2
2018010084858,2,9,0,10,0,1,0,0,0,0,4,1,6,1,25,5,1398,1,2,1,1,1
2018010084861,1,9,0,18,0,2,0,0,0,0,1,1,6,1,31,6,1797,8,7,3,1,3
2018010084861,2,9,0,18,0,1,0,0,1,0,1,1,6,3,-1,-1,1590,1,21,-1,-1,-1
2018010084862,1,9,0,18,0,0,0,0,0,0,1,1,6,1,29,6,1461,2,1,4,1,4
2018010084865,1,11,0,18,0,1,0,0,0,0,0,1,6,1,39,7,4461,2,4,2,1,2
2018010084867,1,9,0,5,0,0,0,0,0,0,2,1,2,1,46,8,1390,1,16,2,1,2
2018010084867,2,9,0,5,0,0,0,0,0,0,2,1,6,1,49,8,2987,2,3,1,1,1
2018010084867,3,9,0,18,0,0,0,0,0,0,1,1,6,3,-1,-1,2993,2,6,-1,-1,-1
2018010084869,1,9,0,4,0,2,0,0,0,0,3,1,6,1,36,7,1364,1,9,-1,-1,-1
2018010084869,2,9,0,3,0,1,0,0,0,0,1,1,6,1,48,8,1596,1,13,10,1,10
2018010084869,3,9,0,2,0,2,0,0,0,0,2,1,6,3,-1,-1,1339,1,12,-1,-1,-1
2018010084869,4,9,0,2,0,2,0,0,0,0,2,1,6,3,-1,-1,-1,-1,-1,-1,-1,-1
2018010084870,1,9,0,4,0,0,0,0,0,0,1,1,1,1,42,7,1560,2,4,2,1,2
2018010084870,2,9,0,1,0,0,0,0,0,0,1,1,6,1,22,5,998,1,15,2,1,2