Accident_Index,Vehicle_Reference,Vehicle_Type,Towing_and_Articulation,Vehicle_Manoeuvre,Vehicle_Location-Restricted_Lane,Junction_Location,Skidding_and_Overturning,Hit_Object_in_Carriageway,Vehicle_Leaving_Carriageway,Hit_Object_off_Carriageway,1st_Point_of_Impact,Was_Vehicle_Left_Hand_Drive?,Journey_Purpose_of_Driver,Sex_of_Driver,Age_of_Driver,Age_Band_of_Driver,Engine_Capacity_(CC),Propulsion_Code,Age_of_Vehicle,Driver_IMD_Decile,Driver_Home_Area_Type,Vehicle_IMD_Decile
2018010085285,2,19,0,18,0,1,0,0,0,0,1,1,1,1,46,8,2143,2,1,6,1,6
2018010085287,1,9,0,10,0,1,0,11,0,0,1,1,6,1,39,7,1497,8,15,3,1,3
2018010085288,1,1,0,18,0,0,5,0,0,0,2,1,6,1,23,5,-1,-1,-1,2,1,2
2018010085288,2,9,0,13,0,0,0,0,0,0,1,-1,6,3,-1,-1,-1,-1,-1,-1,-1,-1
2018010085290,1,9,0,18,0,5,0,0,0,0,1,1,6,1,39,7,1995,2,9,5,1,5
2018010085290,2,9,0,9,0,5,0,0,0,0,1,1,6,2,39,7,1995,2,7,2,1,2
2018010085294,1,9,0,18,0,1,0,0,7,10,1,2,6,1,44,7,1998,1,12,8,1,8
2018010085294,2,9,0,9,0,1,0,0,0,0,1,1,6,2,66,10,1339,1,12,8,1,8
2018010085294,3,9,0,2,9,1,0,0,0,0,0,1,6,3,-1,-1,1596,1,17,-1,-1,-1
2018010085294,4,9,0,2,9,1,0,0,0,0,0,1,6,3,-1,-1,1198,1,12,-1,-1,-1
2018010085297,1,9,0,5,0,1,0,0,0,0,1,1,6,1,30,6,1796,1,8,2,1,2
2018010085297,2,9,0,10,0,1,0,0,0,0,1,1,1,1,59,9,1197,1,2,3,1,3
2018010085297,3,9,0,2,0,2,0,0,0,0,0,1,6,3,-1,-1,1399,1,12,-1,-1,-1
2018010085300,1,3,0,15,0,0,0,0,0,0,1,1,2,1,44,7,124,1,1,8,1,8
2018010085300,2,1,0,9,0,0,0,0,0,0,1,1,2,1,30,6,-1,-1,-1,4,1,4
2018010085301,1,1,-1,-1,-1,0,-1,-1,-1,-1,2,1,6,2,47,8,-1,-1,-1,2,1,2
2018010085301,2,9,0,-1,-1,0,-1,-1,-1,-1,1,-1,6,1,36,7,1910,2,12,4,1,4
2018010085309,1,9,0,-1,-1,0,-1,-1,-1,-1,2,-1,6,1,-1,-1,1597,2,3,4,1,4
2018010085309,2,9,0,-1,-1,0,-1,-1,-1,-1,1,-1,6,1,-1,-1,-1,-1,-1,5,1,5
2018010085316,1,9,0,-1,-1,-1,-1,-1,-1,-1,3,-1,6,1,42,7,1896,2,16,3,3,3
2018010085316,2,9,0,-1,-1,-1,-1,-1,-1,-1,1,-1,6,2,-1,-1,1596,1,12,-1,-1,-1
2018010085319,1,4,0,4,0,1,0,0,0,0,2,1,6,1,28,6,124,1,9,6,1,6
2018010085319,2,9,0,4,0,1,0,0,0,0,1,1,6,1,29,6,1598,1,10,6,1,6
2018010085322,1,11,0,18,0,6,0,0,0,0,0,1,1,1,26,6,-1,3,2,2,1,2
2018010085327,1,1,-1,-1,-1,0,-1,-1,-1,-1,-1,1,2,1,28,6,-1,-1,-1,2,1,2
2018010085327,2,20,0,-1,-1,0,-1,-1,-1,-1,-1,-1,6,3,-1,-1,6693,2,5,-1,-1,-1
2018010085331,1,9,0,5,0,0,0,0,0,0,1,1,3,1,43,7,1956,2,5,9,1,9
2018010085331,2,1,0,5,0,0,0,0,0,0,3,1,6,1,19,4,-1,-1,-1,5,1,5
2018010085333,1,1,0,18,5,2,0,0,0,0,1,1,6,1,18,4,-1,-1,-1,3,1,3
2018010085333,2,9,0,9,0,1,0,0,0,0,1,1,6,3,-1,-1,-1,-1,-1,-1,-1,-1
2018010085335,1,3,0,3,0,0,0,0,0,0,3,1,6,1,41,7,108,1,6,2,1,2
2018010085335,2,9,0,11,0,0,0,4,0,0,1,1,6,1,59,9,1998,1,16,-1,-1,-1
2018010085340,1,9,0,9,0,1,0,0,0,0,1,1,6,1,59,9,1339,1,12,5,1,5
2018010085343,1,11,0,5,0,1,0,0,0,0,0,1,1,1,57,9,4760,2,5,3,1,3
2018010085347,1,9,0,18,0,1,0,0,0,0,1,1,6,1,28,6,2171,1,15,1,1,1
2018010085347,2,8,0,4,0,1,0,0,0,0,2,1,1,1,53,8,1364,1,3,2,1,2
2018010085348,1,11,0,4,0,0,0,0,0,0,0,1,1,1,35,6,9000,2,10,2,1,2
2018010085351,1,9,0,13,0,0,1,0,0,0,2,1,6,1,20,4,1388,1,8,4,2,4
2018010085351,2,9,0,18,0,0,0,0,0,0,1,1,2,1,58,9,2143,2,3,3,1,3
2018010085351,3,21,1,18,0,0,0,0,0,0,1,1,1,1,25,5,10837,2,8,4,1,4
2018010085352,1,1,0,18,0,8,0,0,0,0,1,1,6,1,15,3,-1,-1,-1,6,1,6
2018010085352,2,9,0,4,0,8,0,0,0,0,2,-1,6,1,-1,-1,2926,2,15,2,1,2
2018010085353,1,3,0,13,0,0,1,0,0,0,1,1,2,1,22,5,125,1,1,2,1,2
2018010085353,2,8,0,6,0,0,0,0,0,0,3,1,6,1,58,9,2402,2,15,9,1,9
2018010085356,1,9,0,3,0,0,0,0,0,0,2,1,1,1,32,6,1995,2,5,4,1,4
2018010085356,2,9,0,11,0,0,0,0,0,0,1,1,1,1,42,7,1997,2,4,7,1,7
2018010085363,1,9,0,18,9,2,0,10,8,5,1,1,6,2,35,6,1686,2,13,3,1,3
2018010085366,1,9,0,18,0,8,0,0,0,0,1,1,6,2,22,5,1242,1,14,3,1,3
2018010085366,2,9,0,5,0,6,0,0,0,0,3,1,6,1,74,10,1560,2,2,-1,-1,-1
2018010085368,1,5,0,18,0,0,0,0,0,0,1,1,6,1,16,4,-1,-1,-1,-1,-1,-1
2018010085368,2,9,0,4,0,0,0,0,0,0,2,1,3,2,37,7,1329,1,8,3,1,3
2018010085369,1,1,-1,-1,-1,-1,-1,-1,-1,-1,-1,1,2,1,35,6,-1,-1,-1,2,1,2
2018010085369,2,8,0,-1,-1,-1,-1,-1,-1,-1,1,-1,6,1,52,8,2499,2,4,5,1,5
2018010085372,1,9,0,18,0,0,1,0,0,0,1,1,6,1,47,8,-1,-1,-1,4,1,4
2018010085372,2,9,3,18,0,0,0,0,0,0,2,1,6,2,33,6,1198,1,12,3,1,3
2018010085372,3,9,0,18,0,0,0,0,0,0,2,1,6,1,34,6,1995,2,10,6,1,6
2018010085373,1,4,0,18,0,1,0,0,0,0,1,1,4,1,40,7,125,1,2,2,1,2
2018010085373,2,9,0,18,0,2,0,0,0,0,1,1,2,1,38,7,1598,1,11,9,1,9
2018010085374,1,19,0,3,0,0,0,0,0,0,0,1,2,1,47,8,2402,2,8,2,1,2
2018010085374,2,4,0,13,0,0,1,0,0,0,0,1,2,1,54,8,125,1,6,2,1,2
2018010085375,1,8,0,-1,-1,0,-1,-1,-1,-1,2,-1,6,1,27,6,2499,2,7,5,-1,5
2018010085375,2,90,0,-1,-1,0,-1,-1,-1,-1,2,-1,6,3,-1,-1,-1,-1,-1,1,1,1
2018010085376,1,9,0,9,0,2,0,0,0,0,1,1,6,1,44,7,1968,2,5,5,1,5
2018010085378,1,9,0,18,0,2,0,0,0,0,1,1,6,1,49,8,602,1,35,10,1,10
2018010085380,1,9,0,9,0,6,0,0,0,0,3,1,6,2,25,5,1124,1,13,4,1,4
2018010085380,2,4,0,18,0,1,0,0,0,0,1,1,6,1,22,5,124,1,14,1,1,1
2018010085381,1,19,-1,-1,-1,-1,-1,-1,-1,-1,-1,-1,6,3,-1,-1,-1,-1,-1,-1,-1,-1
2018010085383,1,9,0,18,0,1,0,0,0,0,1,1,6,2,44,7,1587,1,14,5,1,5
2018010085385,1,9,0,5,0,8,0,0,0,0,1,1,6,1,20,4,1596,1,12,4,1,4
2018010085385,2,9,0,18,0,8,0,0,0,0,3,1,6,3,-1,-1,2521,1,12,-1,-1,-1
2018010085392,1,1,0,5,0,2,0,0,0,0,1,1,2,1,24,5,-1,-1,-1,2,1,2
2018010085398,1,9,0,18,0,1,0,0,0,0,1,1,6,1,23,5,1781,1,16,10,2,10
2018010085398,2,9,0,3,0,1,0,0,0,0,2,1,3,2,49,8,1998,1,16,9,1,9
2018010085399,1,3,0,18,0,0,0,0,0,0,1,1,6,3,-1,-1,-1,-1,-1,-1,-1,-1
2018010085403,1,9,0,18,0,0,0,10,0,0,1,1,6,1,62,9,1299,1,22,4,1,4
2018010085403,2,21,1,18,0,0,0,0,0,0,2,1,1,1,34,6,12900,2,9,2,1,2
2018010085404,1,5,0,-1,-1,-1,-1,-1,-1,-1,1,1,6,1,27,6,748,1,10,3,1,3
2018010085404,2,9,0,-1,-1,-1,-1,-1,-1,-1,1,-1,6,1,-1,-1,-1,-1,-1,-1,-1,-1
2018010085408,1,19,0,12,0,1,5,10,6,0,4,1,1,1,25,5,1868,2,13,8,1,8
2018010085408,2,9,0,12,0,1,0,0,0,0,2,1,6,1,30,6,1598,1,10,4,1,4
2018010085409,1,9,0,-1,-1,-1,-1,-1,-1,-1,1,-1,6,1,28,6,1296,1,11,5,1,5
2018010085412,1,9,0,7,0,0,0,0,0,0,1,1,6,1,24,5,-1,-1,-1,8,1,8
2018010085413,1,9,0,18,0,8,0,0,0,0,3,1,6,1,22,5,1461,2,1,2,1,2
2018010085413,2,5,0,18,0,1,0,0,0,0,1,1,6,1,32,6,600,1,21,5,1,5
2018010085414,1,9,0,18,0,0,0,0,0,0,4,1,6,1,42,7,1991,8,2,5,1,5
2018010085415,1,9,0,18,0,1,0,0,0,0,1,1,6,1,22,5,1388,1,13,10,1,10
2018010085415,2,9,0,2,0,1,0,0,0,0,2,1,6,3,-1,-1,-1,-1,-1,-1,-1,-1
2018010085426,1,9,0,18,0,0,0,0,0,0,1,1,6,1,18,4,1598,1,16,2,1,2
2018010085426,2,9,0,2,0,0,0,0,0,0,2,1,6,3,-1,-1,2993,2,7,-1,-1,-1
2018010085436,1,9,0,9,0,2,0,0,0,0,1,1,2,2,48,8,1995,2,5,10,1,10
2018010085436,2,1,0,18,0,1,0,0,0,0,4,1,2,1,42,7,-1,-1,-1,8,1,8
2018010085438,1,9,-1,18,-1,-1,-1,-1,-1,-1,-1,-1,6,1,53,8,2790,1,10,4,1,4
2018010085438,2,9,-1,18,-1,-1,-1,-1,-1,-1,-1,-1,6,1,-1,-1,1968,2,5,-1,-1,-1
2018010085439,1,19,0,18,0,0,0,0,0,0,2,1,1,1,33,6,2143,2,5,3,1,3
2018010085439,2,5,0,18,0,0,5,0,0,0,1,1,2,1,44,7,998,1,3,8,1,8
2018010085446,1,9,0,18,0,8,-1,0,-1,0,4,-1,6,2,37,7,1595,1,12,4,1,4
2018010085446,2,9,0,-1,0,5,-1,0,-1,0,3,-1,6,1,-1,-1,-1,-1,-1,-1,-1,-1
2018010085451,1,11,0,5,0,0,0,0,0,0,0,1,1,1,45,7,4500,2,7,2,1,2
2018010085455,1,1,-1,-1,-1,0,-1,-1,-1,-1,1,1,2,1,33,6,-1,-1,-1,2,1,2
2018010085464,1,9,0,18,0,1,0,0,0,0,2,-1,6,1,34,6,1797,8,7,-1,-1,-1
2018010085464,2,90,0,18,0,1,0,0,0,0,1,-1,1,1,-1,-1,-1,-1,-1,-1,-1,-1
2018010085466,1,19,0,8,0,1,0,0,0,0,1,1,2,1,22,5,-1,-1,-1,4,1,4
2018010085466,2,1,0,18,0,1,0,0,0,0,1,1,2,1,27,6,-1,-1,-1,6,1,6
2018010085468,1,9,0,-1,-1,-1,-1,-1,-1,-1,1,-1,6,2,45,7,1499,1,1,7,1,7
2018010085468,2,1,-1,-1,-1,-1,-1,-1,-1,-1,-1,1,6,1,-1,-1,-1,-1,-1,-1,-1,-1
2018010085471,1,9,-1,18,0,8,0,-1,0,0,4,-1,3,1,-1,-1,1968,2,6,9,1,9
2018010085472,1,9,0,5,0,6,0,0,0,0,3,1,2,2,22,5,1599,1,10,1,1,1
2018010085472,2,5,0,18,0,1,0,0,0,0,1,1,2,1,46,8,898,1,3,4,1,4
2018010085474,1,11,0,18,0,2,0,0,0,0,0,1,1,1,63,9,6700,2,7,8,1,8
2018010085474,2,9,0,18,0,6,0,4,0,0,1,1,6,2,39,7,1998,2,10,2,1,2
2018010085481,1,9,0,9,0,8,0,0,0,0,2,1,6,1,22,5,1199,1,14,2,1,2
2018010085481,2,9,0,9,0,8,0,0,0,0,1,1,6,2,-1,-1,2179,2,11,6,1,6
2018010085482,1,9,0,18,0,1,0,0,0,0,1,1,1,1,70,10,1390,1,16,8,1,8
2018010085489,1,3,0,-1,-1,-1,-1,-1,-1,-1,-1,1,2,1,19,4,125,1,5,8,1,8
2018010085489,2,9,0,-1,-1,-1,-1,-1,-1,-1,-1,-1,6,1,-1,-1,-1,-1,-1,-1,-1,-1
2018010085494,1,9,0,3,0,1,0,0,0,0,4,1,3,1,73,10,1618,1,3,8,1,8
2018010085494,2,1,0,15,0,1,0,0,1,0,1,1,2,1,54,8,-1,-1,-1,5,1,5
2018010085495,1,9,0,4,0,1,0,0,0,0,1,-1,6,2,26,6,2996,1,10,2,1,2
2018010085495,2,9,0,7,0,8,0,0,0,0,1,-1,6,3,-1,-1,1242,1,12,-1,-1,-1
2018010085497,1,9,0,12,0,0,0,0,0,0,3,1,2,1,28,6,2143,2,6,5,1,5
2018010085497,2,9,0,13,0,0,0,0,0,0,4,1,2,1,34,6,-1,-1,-1,5,1,5
2018010085503,1,9,-1,-1,-1,-1,-1,-1,-1,-1,-1,-1,6,3,-1,-1,-1,-1,-1,-1,-1,-1
2018010085505,1,9,0,18,0,1,1,0,0,0,1,1,2,2,39,7,-1,-1,-1,7,1,7
2018010085507,1,9,0,18,0,0,0,0,0,0,-1,-1,6,3,-1,-1,2143,2,6,-1,-1,-1
2018010085508,1,9,0,-1,-1,0,-1,-1,-1,-1,1,-1,2,1,39,7,1995,2,1,3,1,3
2018010085508,2,9,-1,-1,-1,0,-1,-1,-1,-1,-1,-1,6,3,-1,-1,1595,1,12,-1,-1,-1
2018010085509,1,5,0,12,0,1,0,0,0,0,1,1,2,1,33,6,1170,1,10,6,1,6
2018010085509,2,19,0,9,0,1,0,0,0,0,1,1,1,1,64,9,1399,2,7,2,1,2
2018010085511,1,9,0,7,4,8,0,0,0,0,4,1,6,1,28,6,1560,2,7,7,1,7
2018010085511,2,1,0,18,0,8,0,0,0,0,1,1,2,1,49,8,-1,-1,-1,9,1,9
2018010085513,1,9,0,9,0,5,0,0,0,0,4,1,6,1,74,10,1328,1,13,9,1,9
2018010085513,2,1,0,18,0,8,1,0,0,0,1,1,2,1,27,6,-1,-1,-1,9,1,9
2018010085518,1,9,0,5,0,0,0,0,1,0,1,1,6,1,45,7,1461,2,4,5,1,5
2018010085518,2,3,0,18,0,0,0,0,0,0,1,1,6,1,56,9,124,1,5,5,1,5
2018010085520,1,9,-1,3,0,4,-1,0,0,0,2,-1,6,1,65,9,1560,2,10,3,1,3
2018010085520,2,9,-1,18,0,4,-1,0,0,0,1,-1,6,3,-1,-1,1997,2,9,-1,-1,-1
2018010085521,1,9,0,7,0,2,0,0,0,0,4,1,3,2,40,7,1398,1,4,3,1,3
2018010085522,1,9,0,18,0,6,0,0,0,0,1,1,6,3,-1,-1,1997,2,5,-1,-1,-1
2018010085522,2,1,0,18,0,8,0,0,0,0,4,1,6,1,17,4,-1,-1,-1,6,1,6
2018010085527,1,9,-1,-1,-1,-1,-1,-1,-1,-1,2,-1,6,1,51,8,-1,-1,-1,2,1,2
2018010085529,1,9,-1,-1,-1,0,-1,-1,-1,-1,-1,-1,6,1,48,8,2996,1,12,-1,-1,-1
2018010085529,2,9,-1,-1,-1,0,-1,-1,-1,-1,-1,-1,6,3,24,5,1753,2,15,5,1,5
2018010085529,3,9,-1,-1,-1,0,-1,-1,-1,-1,-1,-1,6,1,52,8,2316,1,21,-1,-1,-1
2018010085530,1,9,0,9,0,8,0,0,0,0,1,1,6,2,75,10,1389,1,23,5,1,5
2018010085530,2,90,0,18,0,8,0,0,0,0,1,1,1,1,23,5,2984,2,3,8,1,8
2018010085532,1,9,0,9,0,8,0,0,0,0,1,1,6,1,18,4,1497,8,5,6,1,6
2018010085532,2,19,0,18,0,8,0,0,0,0,1,1,6,1,66,10,1560,2,3,4,1,4
2018010085538,1,9,0,5,0,4,0,0,0,0,2,1,2,2,38,7,1199,2,5,7,1,7
2018010085538,2,19,0,5,0,4,0,0,0,0,1,1,6,1,28,6,2998,2,1,5,1,5
2018010085539,1,9,0,-1,-1,-1,-1,-1,-1,-1,1,-1,6,3,-1,-1,1200,1,3,-1,-1,-1
2018010085543,1,9,0,10,0,1,0,0,0,0,2,1,6,1,57,9,1998,2,15,4,1,4
2018010085543,2,19,0,5,0,1,1,0,0,0,1,1,6,1,39,7,2402,2,12,5,1,5
2018010085543,3,90,0,16,0,2,0,0,0,0,0,1,1,1,25,5,-1,-1,-1,3,1,3
2018010085543,4,9,0,3,0,1,0,0,0,0,2,1,6,2,51,8,1246,1,11,4,1,4
2018010085547,1,9,-1,-1,-1,-1,-1,-1,-1,-1,-1,-1,6,2,-1,-1,1997,2,2,2,1,2
2018010085548,1,9,0,18,0,1,0,0,0,0,4,1,6,1,56,9,1997,2,2,10,1,10
2018010085549,1,3,0,-1,-1,-1,-1,-1,-1,-1,1,1,6,1,42,7,108,1,9,4,1,4
2018010085549,2,8,0,-1,-1,-1,-1,-1,-1,-1,1,-1,6,1,-1,-1,-1,-1,-1,-1,-1,-1
2018010085551,1,9,0,-1,-1,0,-1,-1,-1,-1,2,-1,6,1,47,8,1595,1,8,-1,-1,-1
2018010085552,1,3,0,3,0,5,0,0,0,0,0,1,6,2,45,7,-1,-1,-1,6,1,6
2018010085552,2,2,0,5,0,5,0,0,0,0,0,1,6,1,-1,-1,-1,-1,-1,-1,-1,-1
2018010085553,1,3,0,18,0,0,0,0,0,0,1,1,1,1,29,6,125,1,1,2,1,2
2018010085564,1,9,0,-1,-1,-1,-1,-1,-1,-1,1,-1,6,1,-1,-1,1997,2,5,2,1,2
2018010085566,1,9,-1,-1,-1,-1,-1,-1,-1,-1,-1,-1,6,1,-1,-1,1797,8,7,-1,-1,-1
2018010085567,1,9,0,18,0,0,0,0,0,0,3,1,6,1,42,7,1999,2,1,2,1,2
2018010085567,2,1,0,18,0,0,0,0,0,0,3,1,2,1,37,7,-1,-1,-1,5,1,5
2018010085569,1,9,0,1,0,1,0,0,0,0,2,1,6,1,44,7,1598,1,7,2,1,2
2018010085570,1,9,0,18,0,0,0,4,0,0,1,1,6,1,23,5,1499,1,3,2,1,2
2018010085570,2,9,0,2,0,0,0,0,0,0,4,1,6,3,-1,-1,1995,2,2,-1,-1,-1
2018010085570,3,9,0,2,0,0,0,0,0,0,3,1,6,3,-1,-1,1390,1,6,-1,-1,-1
2018010085577,1,9,0,4,0,1,0,0,0,0,1,1,6,1,85,11,1229,1,5,7,1,7
2018010085585,1,9,0,18,0,1,0,0,0,0,3,1,2,2,29,6,1499,1,10,2,1,2
2018010085585,2,9,0,9,0,2,0,0,0,0,1,1,6,3,-1,-1,-1,-1,-1,-1,-1,-1
2018010085587,1,9,0,-1,-1,0,-1,-1,-1,-1,2,-1,2,1,37,7,1984,1,12,8,1,8
2018010085587,2,9,0,-1,-1,0,-1,-1,-1,-1,1,-1,6,1,-1,-1,1968,2,11,-1,-1,-1
2018010085588,1,90,0,-1,-1,0,-1,-1,-1,-1,4,-1,6,1,34,6,-1,-1,-1,4,1,4
2018010085588,2,8,0,9,0,0,0,0,0,0,3,1,1,1,35,6,1560,2,7,-1,-1,-1
2018010085589,1,9,0,-1,-1,0,-1,-1,-1,-1,1,-1,6,3,-1,-1,-1,-1,-1,-1,-1,-1
2018010085593,1,11,0,4,0,2,0,0,0,0,3,1,1,1,58,9,6700,2,11,7,1,7
2018010085593,2,9,0,18,0,8,0,0,0,0,4,1,6,2,51,8,1364,1,9,3,1,3
2018010085594,1,19,0,18,0,6,0,0,0,0,4,1,1,1,44,7,2198,2,3,6,1,6
2018010085594,2,11,0,13,0,1,0,0,0,0,3,1,1,1,22,5,4500,2,7,-1,-1,-1
2018010085596,1,9,-1,-1,-1,-1,-1,-1,-1,-1,-1,-1,6,3,-1,-1,-1,-1,-1,-1,-1,-1
2018010085599,1,3,0,16,0,1,0,0,0,0,4,1,6,1,29,6,125,1,3,2,1,2
2018010085599,2,9,0,16,0,1,0,0,0,0,3,1,6,1,60,9,1390,1,16,2,1,2
2018010085601,1,1,-1,-1,-1,0,-1,-1,-1,-1,-1,1,2,2,30,6,-1,-1,-1,3,1,3
2018010085601,2,9,0,-1,-1,0,-1,-1,-1,-1,1,-1,6,2,-1,-1,1753,2,11,-1,-1,-1
2018010085603,1,9,0,9,0,2,0,0,0,0,1,1,6,1,35,6,2979,1,1,5,1,5
2018010085606,1,9,0,-1,-1,-1,-1,-1,-1,-1,-1,-1,6,1,22,5,1595,1,8,2,1,2
2018010085606,2,9,0,-1,-1,-1,-1,-1,-1,-1,-1,-1,6,1,-1,-1,1364,1,9,-1,-1,-1
2018010085610,1,9,0,18,0,1,0,0,0,0,1,1,2,2,52,8,998,1,4,3,1,3
2018010085610,2,9,0,8,0,6,0,0,0,0,4,1,6,2,17,4,1240,1,11,8,1,8
2018010085611,1,9,0,3,0,2,0,0,0,0,2,1,6,1,31,6,1995,2,3,2,1,2
2018010085611,2,9,0,18,0,2,0,0,0,0,1,1,6,1,51,8,-1,-1,-1,1,1,1
2018010085615,1,9,0,18,0,3,0,0,0,0,1,1,2,2,53,8,1950,2,2,10,1,10
2018010085618,1,3,0,18,0,1,0,0,0,0,0,1,2,1,35,6,125,1,1,3,1,3
2018010085618,2,9,0,9,0,1,0,0,0,0,0,1,6,1,48,8,1968,2,3,3,1,3
2018010085619,1,9,0,-1,-1,8,-1,-1,-1,-1,1,-1,2,2,33,6,998,1,4,3,1,3
2018010085619,2,9,-1,-1,-1,8,-1,-1,-1,-1,-1,-1,6,3,-1,-1,1598,1,12,-1,-1,-1
2018010085620,1,1,-1,-1,-1,-1,-1,-1,-1,-1,-1,1,6,1,13,3,-1,-1,-1,7,1,7
2018010085620,2,8,0,-1,-1,-1,-1,-1,-1,-1,1,-1,6,1,-1,-1,1997,2,9,-1,-1,-1
2018010085623,1,3,0,18,0,2,0,0,0,0,1,1,1,1,20,4,124,1,10,4,1,4
2018010085623,2,9,0,9,0,2,0,0,0,0,1,1,2,1,44,7,1497,1,15,3,1,3
2018010085624,1,9,0,5,0,8,0,0,0,0,1,1,2,1,47,8,1798,8,2,3,1,3
2018010085625,1,9,0,9,0,8,0,0,0,0,4,1,6,1,23,5,1364,1,9,10,1,10
2018010085625,2,3,0,18,0,1,0,0,0,0,1,1,6,1,29,6,125,1,6,2,1,2
2018010085628,1,9,0,18,0,0,0,0,0,0,4,1,6,2,44,7,1242,1,6,5,1,5
2018010085629,1,5,0,4,0,0,0,0,0,0,4,1,6,1,49,8,953,1,9,9,1,9
2018010085630,1,9,0,18,0,8,0,0,0,0,1,1,2,1,37,7,1598,1,11,1,1,1
2018010085630,2,9,0,9,0,8,0,0,0,0,1,1,2,1,47,8,1598,1,15,2,1,2
2018010085631,1,9,0,9,0,2,0,0,0,0,1,1,6,1,28,6,1910,2,11,4,1,4
2018010085631,2,9,0,18,0,1,0,0,1,0,1,1,6,3,-1,-1,1598,1,1,-1,-1,-1
2018010085638,1,9,0,-1,-1,0,-1,-1,-1,-1,2,-1,6,1,46,8,1796,1,4,4,1,4
2018010085638,2,9,0,-1,-1,0,-1,-1,-1,-1,1,-1,6,3,-1,-1,1299,1,19,-1,-1,-1
2018010085641,1,9,0,18,0,3,0,0,0,0,1,1,6,2,32,6,2179,2,4,8,1,8
2018010085641,2,9,0,12,0,3,0,0,0,0,2,1,6,2,26,6,1389,1,12,3,1,3
2018010085642,1,9,0,18,0,0,0,0,0,0,1,1,6,3,-1,-1,-1,-1,-1,-1,-1,-1
2018010085643,1,3,0,18,0,8,1,4,0,0,1,1,6,1,21,5,125,1,7,1,1,1
2018010085643,2,8,0,10,0,8,0,0,0,0,1,1,1,1,48,8,1497,8,11,1,1,1
2018010085645,1,19,0,9,0,5,0,0,0,0,1,1,1,1,30,6,2143,2,1,2,1,2
2018010085647,1,9,0,18,0,0,0,0,0,0,1,1,6,1,50,8,1995,2,16,3,1,3
2018010085649,1,8,0,-1,-1,-1,-1,-1,-1,-1,1,-1,6,1,63,9,2499,2,7,9,1,9
2018010085649,2,8,0,-1,-1,-1,-1,-1,-1,-1,-1,-1,6,1,-1,-1,1590,1,6,-1,-1,-1
2018010085653,1,9,0,9,0,6,0,10,1,10,4,1,6,1,20,4,1368,1,11,4,1,4
2018010085653,2,9,0,18,0,8,0,0,0,0,1,1,6,3,-1,-1,-1,-1,-1,-1,-1,-1
2018010085654,1,9,0,4,0,0,0,0,0,0,2,1,6,1,41,7,1582,2,6,2,1,2
2018010085654,2,19,-1,4,0,0,-1,0,0,0,1,-1,6,1,41,7,1995,2,7,4,1,4
2018010085659,1,9,0,7,0,2,0,0,0,0,1,1,6,2,20,4,1390,1,8,8,1,8
2018010085659,2,9,0,14,0,1,0,0,0,0,1,1,6,3,-1,-1,2993,2,3,-1,-1,-1
2018010085662,1,9,0,4,0,0,0,0,0,0,2,1,6,1,50,8,2987,2,5,2,1,2
2018010085662,2,9,0,18,0,0,0,0,0,0,1,1,6,1,39,7,1986,2,13,7,1,7
2018010085664,1,9,0,4,6,2,0,0,0,0,0,1,1,1,41,7,2143,2,6,3,1,3
2018010085664,2,9,0,4,0,2,0,0,0,0,2,2,6,2,73,10,1998,1,17,10,1,10
2018010085664,3,9,0,15,0,1,0,0,0,0,1,2,6,1,43,7,1598,2,3,3,1,3
2018010085666,1,9,0,18,0,3,1,10,1,0,1,1,1,2,32,6,1598,1,12,2,1,2
2018010085666,2,1,0,7,9,8,5,0,0,0,2,1,2,2,22,5,-1,-1,-1,4,1,4
2018010085668,1,9,0,5,0,6,5,10,0,0,1,1,2,1,19,4,1242,1,12,10,2,10
2018010085673,1,9,0,5,0,6,0,0,0,0,3,1,1,1,36,7,1595,1,16,2,1,2
2018010085673,2,9,0,2,0,1,0,0,0,0,3,1,6,3,-1,-1,1560,2,8,-1,-1,-1
2018010085673,3,5,0,15,0,2,0,0,0,0,1,1,2,1,34,6,600,1,15,3,1,3
2018010085676,1,9,0,5,0,8,0,0,0,0,1,1,2,1,54,8,1956,2,7,3,1,3
2018010085676,2,9,0,18,0,1,0,0,1,2,4,1,2,2,24,5,1242,1,9,2,1,2
2018010085683,1,1,0,18,0,1,0,0,0,0,1,1,6,2,28,6,-1,-1,-1,3,1,3
2018010085683,2,8,0,7,0,8,0,0,0,0,3,1,1,1,-1,-1,2402,2,13,-1,-1,-1
2018010085688,1,9,0,18,0,6,0,0,0,0,1,1,1,1,48,8,1598,2,5,9,1,9
2018010085688,2,9,0,18,0,1,0,10,0,0,3,1,2,1,23,5,1198,1,8,7,1,7
2018010085688,3,9,0,18,0,1,0,0,7,10,1,1,1,2,61,9,1597,1,1,7,1,7
2018010085688,4,9,0,2,9,2,0,0,0,0,2,1,6,3,-1,-1,1798,8,3,-1,-1,-1
2018010085692,1,9,0,18,0,1,0,0,0,0,1,1,2,1,39,7,1598,1,15,-1,-1,-1
2018010085692,2,9,0,9,0,6,0,0,0,0,1,1,1,1,33,6,2979,1,3,3,1,3
2018010085696,1,19,0,7,0,6,0,0,0,0,0,1,1,1,32,6,1995,2,1,2,1,2
2018010085696,2,1,0,18,0,8,5,0,0,0,0,1,2,1,33,6,-1,-1,-1,2,1,2
2018010085707,1,9,-1,18,0,0,0,0,0,0,2,-1,6,1,52,8,1364,1,12,-1,-1,-1
2018010085707,2,9,-1,18,0,0,-1,0,0,0,1,-1,6,3,-1,-1,1398,2,8,-1,-1,-1