Accident_Index,Vehicle_Reference,Vehicle_Type,Towing_and_Articulation,Vehicle_Manoeuvre,Vehicle_Location-Restricted_Lane,Junction_Location,Skidding_and_Overturning,Hit_Object_in_Carriageway,Vehicle_Leaving_Carriageway,Hit_Object_off_Carriageway,1st_Point_of_Impact,Was_Vehicle_Left_Hand_Drive?,Journey_Purpose_of_Driver,Sex_of_Driver,Age_of_Driver,Age_Band_of_Driver,Engine_Capacity_(CC),Propulsion_Code,Age_of_Vehicle,Driver_IMD_Decile,Driver_Home_Area_Type,Vehicle_IMD_Decile
2018010086523,1,19,0,5,0,0,0,0,0,0,1,1,6,1,82,11,2148,2,9,8,1,8
2018010086526,1,90,-1,-1,-1,-1,-1,-1,-1,-1,-1,-1,6,1,-1,-1,-1,-1,-1,-1,-1,-1
2018010086529,1,1,0,18,0,1,0,0,0,0,1,1,6,1,-1,-1,-1,-1,-1,-1,-1,-1
2018010086531,1,3,0,18,0,0,0,0,0,0,1,1,1,1,31,6,125,1,7,8,1,8
2018010086533,1,1,0,-1,4,1,0,0,0,0,1,1,2,1,32,6,-1,-1,-1,2,1,2
2018010086533,2,9,0,5,0,6,0,0,0,0,3,-1,6,3,-1,-1,-1,-1,-1,-1,-1,-1
2018010086536,1,4,0,18,0,1,0,0,0,0,2,1,6,1,41,7,125,1,2,3,1,3
2018010086536,2,9,0,18,0,1,0,0,0,0,4,1,6,1,32,6,1998,1,17,3,1,3
2018010086538,1,9,0,5,0,0,0,0,0,0,3,1,3,2,28,6,1390,1,9,4,1,4
2018010086538,2,9,0,18,0,0,0,0,0,0,1,1,6,1,37,7,1753,2,10,5,1,5
2018010086544,1,9,0,9,0,1,0,0,0,0,4,1,3,2,37,7,1461,2,10,2,1,2
2018010086544,2,8,0,18,0,1,0,0,0,0,1,1,3,1,51,8,1798,8,3,3,1,3
2018010086545,1,19,0,5,4,5,0,0,0,0,4,1,2,1,50,8,-1,-1,-1,3,1,3
2018010086545,2,1,0,18,4,1,0,0,0,0,1,1,6,1,34,6,-1,-1,-1,5,1,5
2018010086548,1,9,0,-1,-1,-1,-1,-1,-1,-1,2,-1,6,1,29,6,1368,1,10,8,1,8
2018010086548,2,10,0,-1,-1,-1,-1,-1,-1,-1,1,-1,6,1,-1,-1,2143,2,-1,-1,-1,-1
2018010086550,1,9,0,7,0,2,0,0,0,0,1,1,6,3,-1,-1,2143,2,3,-1,-1,-1
2018010086557,1,9,0,5,0,1,0,0,0,0,1,1,6,2,22,5,1386,1,12,4,1,4
2018010086559,1,9,0,13,0,1,0,0,0,0,1,1,6,3,-1,-1,-1,-1,-1,-1,-1,-1
2018010086560,1,11,0,18,0,0,0,0,0,0,0,1,1,1,35,6,18146,2,7,4,1,4
2018010086561,1,9,0,18,0,8,0,0,0,0,1,1,6,1,31,6,2987,2,8,3,1,3
2018010086561,2,19,0,18,0,8,0,0,0,0,1,1,6,2,55,8,-1,-1,-1,2,1,2
2018010086564,1,9,0,3,0,1,0,0,0,0,4,1,6,1,49,8,1998,1,12,5,1,5
2018010086564,2,3,0,15,0,1,2,0,0,0,4,1,1,1,18,4,124,1,4,4,1,4
2018010086565,1,9,0,7,0,5,0,0,0,0,2,1,6,1,56,9,1994,2,8,4,1,4
2018010086565,2,1,0,18,0,1,0,0,0,0,1,1,6,1,59,9,-1,-1,-1,6,1,6
2018010086566,1,9,0,4,0,1,0,0,0,0,1,1,6,2,28,6,1598,1,5,5,1,5
2018010086566,2,8,0,5,0,1,0,0,0,0,4,1,1,1,43,7,-1,-1,-1,3,1,3
2018010086567,1,9,0,18,0,6,0,0,0,0,1,1,6,3,-1,-1,-1,-1,-1,-1,-1,-1
2018010086567,2,1,0,18,0,8,0,0,0,0,2,1,6,1,19,4,-1,-1,-1,2,1,2
2018010086572,1,19,0,18,0,1,0,0,0,0,1,1,6,1,36,7,1598,2,2,8,1,8
2018010086576,1,9,0,1,0,2,0,0,0,0,2,1,6,1,34,6,1997,2,4,7,1,7
2018010086577,1,9,0,18,0,8,0,0,0,0,1,1,6,1,21,5,1995,2,3,7,1,7
2018010086577,2,9,0,9,0,8,0,0,0,0,3,1,6,1,26,6,1995,2,10,7,1,7
2018010086579,1,9,0,-1,-1,0,-1,-1,-1,-1,2,-1,6,1,29,6,1388,1,7,4,1,4
2018010086579,2,9,0,-1,-1,0,-1,-1,-1,-1,1,-1,6,1,-1,-1,-1,-1,-1,-1,-1,-1
2018010086580,1,3,0,-1,-1,-1,-1,-1,-1,-1,-1,1,2,1,45,7,125,1,3,6,1,6
2018010086580,2,90,0,-1,-1,-1,-1,-1,-1,-1,1,-1,6,1,-1,-1,1997,2,3,-1,-1,-1
2018010086583,1,9,0,18,0,8,0,0,0,0,1,1,6,1,30,6,2148,2,12,8,1,8
2018010086583,2,9,0,5,0,8,0,0,0,0,4,1,6,2,22,5,1242,1,3,4,1,4
2018010086583,3,9,0,2,0,8,0,0,0,0,3,1,6,3,-1,-1,1229,1,11,-1,-1,-1
2018010086583,4,9,0,2,0,8,0,0,0,0,3,1,6,3,-1,-1,1995,1,10,-1,-1,-1
2018010086586,1,9,0,18,0,1,2,4,0,0,1,1,6,3,-1,-1,1600,1,14,-1,-1,-1
2018010086586,2,9,0,4,0,1,0,0,0,0,2,1,6,2,53,8,1968,2,4,3,1,3
2018010086586,3,9,0,2,0,1,0,0,0,0,3,1,6,3,-1,-1,1797,8,7,-1,-1,-1
2018010086590,1,9,0,18,0,0,0,0,0,0,1,1,6,1,26,6,2393,1,13,-1,-1,-1
2018010086590,2,9,0,18,0,0,0,0,0,0,1,1,6,2,56,9,1995,2,5,1,1,1
2018010086592,1,8,0,5,0,0,0,0,0,0,1,1,6,3,-1,-1,-1,-1,-1,-1,-1,-1
2018010086594,1,9,0,5,0,8,1,0,8,1,3,1,6,2,26,6,898,1,2,6,1,6
2018010086594,2,9,0,18,0,1,0,0,0,0,1,1,6,3,-1,-1,1296,1,10,-1,-1,-1
2018010086598,1,9,0,18,9,8,1,10,7,10,1,1,6,3,19,4,1229,1,13,2,1,2
2018010086600,1,3,0,5,0,0,1,0,0,0,3,1,6,1,31,6,125,1,2,2,1,2
2018010086600,2,9,0,5,0,0,0,0,0,0,1,1,6,3,-1,-1,-1,-1,-1,-1,-1,-1
2018010086602,1,9,0,18,0,0,0,4,0,0,1,1,2,1,28,6,1995,2,15,6,1,6
2018010086602,2,9,0,2,0,0,0,0,0,0,2,1,6,3,-1,-1,1198,1,14,-1,-1,-1
2018010086604,1,9,0,-1,-1,-1,-1,-1,-1,-1,2,-1,2,2,30,6,1364,1,11,4,1,4
2018010086606,1,19,0,4,0,2,0,0,0,0,1,1,1,1,60,9,1598,2,1,-1,-1,-1
2018010086606,2,2,0,18,0,2,1,0,0,0,1,1,6,1,26,6,124,1,11,2,1,2
2018010086608,1,9,0,5,0,6,0,0,0,0,1,1,3,2,43,7,1246,1,11,8,1,8
2018010086608,2,5,0,18,0,8,0,0,0,0,1,1,2,1,43,7,745,1,-1,6,1,6
2018010086609,1,9,0,-1,-1,0,-1,-1,-1,-1,1,-1,6,1,36,7,2000,2,9,3,1,3
2018010086609,2,9,0,-1,-1,0,-1,-1,-1,-1,-1,-1,6,1,-1,-1,1560,2,7,1,1,1
2018010086613,1,9,0,18,0,1,0,7,0,0,1,1,4,1,17,4,998,1,5,2,1,2
2018010086615,1,9,0,9,0,6,0,0,0,0,1,2,6,2,30,6,1397,1,16,6,1,6
2018010086615,2,4,0,14,0,1,0,0,0,0,1,1,6,1,27,6,125,1,8,4,1,4
2018010086615,3,20,0,3,0,1,0,0,0,0,0,1,6,3,-1,-1,-1,-1,-1,-1,-1,-1
2018010086617,1,8,0,5,0,6,0,0,0,0,0,1,1,1,53,8,1686,2,8,2,1,2
2018010086618,1,9,0,12,0,1,0,0,0,0,1,1,6,2,25,5,-1,-1,-1,3,1,3
2018010086618,2,9,0,4,0,1,0,0,0,0,2,1,6,1,52,8,-1,-1,-1,2,1,2
2018010086618,3,9,0,4,0,1,0,0,0,0,2,1,6,2,41,7,1600,1,14,3,1,3
2018010086620,1,19,0,16,0,2,0,0,0,0,1,1,1,1,27,6,-1,3,2,5,1,5
2018010086620,2,1,0,16,0,2,0,0,0,0,2,1,2,1,48,8,-1,-1,-1,10,2,10
2018010086622,1,19,0,18,0,4,1,7,0,0,3,1,2,1,48,8,1560,2,2,4,1,4
2018010086622,2,9,0,5,0,4,0,0,0,0,1,1,2,2,33,6,999,1,1,4,1,4
2018010086626,1,9,0,-1,-1,-1,-1,-1,-1,-1,3,-1,6,2,37,7,1197,1,3,1,1,1
2018010086626,2,9,0,-1,-1,-1,-1,-1,-1,-1,1,-1,6,3,-1,-1,1461,2,5,2,1,2
2018010086628,1,1,-1,-1,-1,-1,-1,-1,-1,-1,-1,1,6,1,51,8,-1,-1,-1,7,1,7
2018010086628,2,9,0,-1,-1,-1,-1,-1,-1,-1,1,-1,6,1,30,6,-1,-1,-1,2,1,2
2018010086630,1,3,0,-1,-1,-1,-1,-1,-1,-1,-1,1,6,1,26,6,108,1,-1,2,1,2
2018010086630,2,9,0,-1,-1,-1,-1,-1,-1,-1,-1,-1,6,2,-1,-1,-1,-1,-1,-1,-1,-1
2018010086631,1,9,0,-1,-1,-1,-1,-1,-1,-1,-1,-1,2,2,30,6,1595,1,2,2,1,2
2018010086631,2,9,0,-1,-1,-1,-1,-1,-1,-1,1,-1,6,3,-1,-1,-1,-1,-1,-1,-1,-1
2018010086632,1,19,0,-1,-1,-1,-1,-1,-1,-1,-1,-1,2,1,24,5,1995,2,8,3,1,3
2018010086632,2,9,0,-1,-1,-1,-1,-1,-1,-1,1,-1,6,2,-1,-1,-1,-1,-1,-1,-1,-1
2018010086632,3,9,-1,-1,-1,-1,-1,-1,-1,-1,-1,-1,1,3,-1,-1,1598,1,9,-1,-1,-1
2018010086639,1,1,-1,-1,-1,0,-1,-1,-1,-1,1,1,2,1,31,6,-1,-1,-1,3,1,3
2018010086639,2,1,-1,-1,-1,0,-1,-1,-1,-1,1,1,6,3,-1,-1,-1,-1,-1,7,1,7
2018010086639,3,1,-1,-1,-1,0,-1,-1,-1,-1,-1,1,6,3,-1,-1,-1,-1,-1,-1,-1,-1
2018010086639,4,1,-1,-1,-1,0,-1,-1,-1,-1,-1,1,6,1,-1,-1,-1,-1,-1,-1,-1,-1
2018010086641,1,19,0,6,0,0,0,0,0,0,1,1,2,1,32,6,1995,2,1,2,1,2
2018010086641,2,9,0,18,0,0,0,0,0,0,1,1,2,1,43,7,1298,1,17,3,1,3
2018010086644,1,1,-1,-1,-1,-1,-1,-1,-1,-1,2,1,2,1,29,6,-1,-1,-1,4,1,4
2018010086644,2,9,0,-1,-1,-1,-1,-1,-1,-1,1,-1,6,1,-1,-1,1796,1,6,-1,-1,-1
2018010086647,1,9,0,9,0,8,0,0,0,0,1,1,6,1,36,7,1999,2,1,7,1,7
2018010086647,2,5,0,13,0,1,0,0,0,0,1,1,2,1,33,6,599,1,6,7,1,7
2018010086651,1,9,0,-1,-1,-1,-1,-1,-1,-1,-1,-1,6,1,53,8,1796,1,13,2,1,2
2018010086654,1,9,0,9,0,3,0,0,0,0,1,1,2,2,33,6,1896,2,11,4,1,4
2018010086654,2,1,0,9,0,3,0,0,0,0,2,1,2,1,34,6,-1,-1,-1,4,1,4
2018010086656,1,9,0,4,0,1,0,0,0,0,3,1,6,2,39,7,-1,-1,-1,4,1,4
2018010086656,2,2,0,18,0,1,0,0,0,0,4,1,2,1,18,4,113,1,2,9,1,9
2018010086659,1,9,0,5,0,0,0,0,0,0,1,1,2,1,36,7,1299,1,16,8,1,8
2018010086659,2,9,0,4,0,0,1,0,0,0,2,1,6,1,43,7,1991,2,10,4,1,4
2018010086661,1,9,0,4,0,1,0,0,0,0,1,1,2,2,27,6,998,1,9,7,1,7
2018010086664,1,9,0,18,0,1,0,0,0,0,1,1,6,1,53,8,1596,1,14,3,1,3
2018010086664,2,1,0,18,0,6,0,0,0,0,1,1,1,1,14,3,-1,-1,-1,3,1,3
2018010086667,1,9,0,18,0,2,0,0,0,0,1,1,6,1,23,5,998,1,3,6,1,6
2018010086668,1,9,0,11,0,1,0,0,0,0,4,1,1,1,30,6,1910,2,10,-1,-1,-1
2018010086668,2,1,0,18,0,8,0,0,0,0,3,1,6,1,21,5,-1,-1,-1,3,1,3
2018010086674,1,1,0,9,0,8,0,0,0,0,2,1,6,2,28,6,-1,-1,-1,5,1,5
2018010086674,2,9,0,9,0,8,0,0,0,0,1,1,6,1,-1,-1,999,1,2,-1,-1,-1
2018010086675,1,8,0,4,0,0,0,0,0,0,1,-1,6,1,47,8,1950,2,2,2,1,2
2018010086675,2,8,0,1,0,0,0,0,0,0,2,-1,6,3,-1,-1,2776,2,2,-1,-1,-1
2018010086688,1,9,0,-1,-1,-1,-1,-1,-1,-1,-1,-1,6,2,32,6,1896,2,14,8,1,8
2018010086688,2,9,0,-1,-1,-1,-1,-1,-1,-1,1,-1,6,3,-1,-1,1968,2,14,-1,-1,-1
2018010086688,3,9,0,-1,-1,-1,-1,-1,-1,-1,-1,-1,6,1,-1,-1,-1,-1,-1,-1,-1,-1
2018010086692,1,9,0,-1,-1,0,-1,-1,-1,-1,1,-1,6,1,43,7,1997,2,2,1,1,1
2018010086700,1,9,0,-1,-1,-1,-1,-1,-1,-1,4,-1,2,2,20,4,1149,1,14,3,1,3
2018010086700,2,9,0,1,0,-1,0,0,0,0,2,-1,6,1,51,8,2995,1,14,-1,-1,-1
2018010086704,1,9,0,5,0,2,0,0,0,0,4,1,1,1,39,7,-1,-1,-1,3,1,3
2018010086704,2,9,0,18,0,8,0,0,0,0,4,1,6,2,36,7,1797,8,3,2,1,2
2018010086705,1,1,-1,-1,-1,0,-1,-1,-1,-1,-1,1,2,1,39,7,-1,-1,-1,2,1,2
2018010086707,1,11,0,3,2,2,0,0,0,0,0,2,1,1,37,7,4500,2,4,5,1,5
2018010086708,1,11,0,3,0,1,0,0,0,0,0,1,1,1,52,8,-1,-1,-1,7,1,7
2018010086714,1,9,0,-1,-1,-1,-1,-1,-1,-1,2,-1,2,1,40,7,2777,2,10,8,1,8
2018010086714,2,9,-1,13,0,1,5,0,0,0,1,-1,6,3,-1,-1,1997,2,11,5,1,5
2018010086717,1,9,0,-1,-1,0,-1,-1,-1,-1,4,-1,6,2,52,8,-1,-1,-1,6,1,6
2018010086717,2,9,0,-1,-1,0,-1,-1,-1,-1,2,-1,6,1,25,5,1598,2,6,4,1,4
2018010086718,1,9,0,-1,-1,-1,-1,-1,-1,-1,3,-1,6,2,40,7,1598,2,5,4,1,4
2018010086718,2,10,0,-1,-1,-1,-1,-1,-1,-1,1,-1,6,3,-1,-1,-1,-1,-1,-1,-1,-1
2018010086719,1,9,0,18,0,8,0,0,0,0,1,1,2,1,46,8,2204,2,12,5,1,5
2018010086719,2,19,0,14,0,8,0,0,4,0,4,1,2,1,35,6,1598,2,1,1,1,1
2018010086724,1,1,0,18,0,6,0,0,0,0,1,1,6,1,16,4,-1,-1,-1,2,1,2
2018010086724,2,9,0,4,0,1,0,0,0,0,4,2,6,2,38,7,1598,2,7,3,1,3
2018010086728,1,9,0,-1,-1,-1,-1,-1,-1,-1,-1,-1,6,3,-1,-1,-1,-1,-1,-1,-1,-1
2018010086729,1,9,0,9,0,8,0,0,0,0,1,1,1,1,25,5,2143,2,3,4,1,4
2018010086729,2,9,0,13,0,1,0,0,0,0,1,2,6,1,27,6,-1,-1,-1,10,1,10
2018010086730,1,8,0,-1,-1,0,-1,-1,-1,-1,1,-1,6,1,54,8,1968,2,3,4,1,4
2018010086730,2,19,0,1,-1,0,0,0,0,0,2,1,1,1,27,6,2198,2,4,3,1,3
2018010086735,1,9,5,5,2,0,0,0,0,0,1,1,6,3,-1,-1,-1,-1,-1,-1,-1,-1
2018010086741,1,9,0,9,0,8,0,0,0,0,1,1,6,2,60,9,1685,2,3,6,1,6
2018010086741,2,9,0,18,0,8,0,0,0,0,1,1,6,2,29,6,1242,1,7,4,1,4
2018010086747,1,9,0,-1,-1,-1,-1,-1,-1,-1,-1,-1,6,1,43,7,1686,2,8,2,1,2
2018010086747,2,9,-1,-1,-1,-1,-1,-1,-1,-1,-1,1,6,3,-1,-1,1799,1,10,-1,-1,-1
2018010086748,1,11,0,18,2,1,0,0,0,0,1,1,1,1,42,7,4500,2,3,1,1,1
2018010086748,2,9,0,11,2,1,0,0,0,0,2,1,2,1,43,7,898,1,-1,4,1,4
2018010086750,1,9,0,18,0,0,0,0,0,0,2,1,6,1,50,8,1991,2,14,2,1,2
2018010086750,2,9,0,18,0,0,0,0,0,0,1,1,6,1,41,7,2967,2,4,2,1,2
2018010086751,1,3,0,18,0,1,0,0,0,0,1,1,6,1,38,7,108,1,3,3,1,3
2018010086751,2,19,0,18,0,1,0,0,0,0,0,1,6,1,48,8,2143,2,1,4,1,4
2018010086755,1,9,0,7,0,4,0,0,0,0,1,1,6,1,55,8,1242,1,2,3,1,3
2018010086755,2,1,0,7,4,8,0,0,0,0,1,1,2,2,37,7,-1,-1,-1,2,1,2
2018010086756,1,19,0,9,0,1,0,0,0,0,1,1,2,1,31,6,1248,2,3,7,1,7
2018010086757,1,9,0,17,0,8,0,0,0,0,1,1,1,2,23,5,1968,2,5,3,1,3
2018010086757,2,1,0,18,0,8,0,0,0,0,1,1,6,1,72,10,-1,-1,-1,2,1,2
2018010086758,1,9,0,9,0,1,0,0,0,0,3,1,6,1,20,4,1496,2,3,2,1,2
2018010086758,2,3,0,5,0,2,0,0,0,0,1,1,6,1,23,5,125,1,6,3,1,3
2018010086759,1,9,0,4,0,1,0,0,0,0,0,1,6,1,24,5,998,1,9,8,1,8
2018010086759,2,9,0,5,0,1,0,0,0,0,0,1,6,3,-1,-1,-1,-1,-1,-1,-1,-1
2018010086761,1,9,0,-1,-1,1,-1,-1,-1,-1,2,-1,6,2,46,8,1753,2,8,7,1,7
2018010086762,1,9,0,9,0,1,0,0,0,0,3,1,6,1,25,5,1997,2,8,2,1,2
2018010086763,1,9,0,-1,-1,-1,-1,-1,-1,-1,2,-1,6,2,25,5,1339,1,3,7,1,7
2018010086763,2,9,0,-1,-1,-1,-1,-1,-1,-1,1,-1,6,1,28,6,-1,-1,-1,-1,-1,-1
2018010086764,1,9,0,9,0,0,0,0,0,0,1,1,2,2,24,5,1598,2,7,8,1,8
2018010086765,1,9,0,18,0,1,0,0,0,0,1,1,6,3,-1,-1,-1,-1,-1,-1,-1,-1
2018010086765,2,1,0,18,0,1,5,0,0,0,2,1,2,2,51,8,-1,-1,-1,4,1,4
2018010086766,1,5,0,17,0,1,0,10,0,0,0,1,6,2,32,6,645,1,11,6,1,6
2018010086768,1,9,0,4,0,0,0,0,0,0,2,1,6,1,42,7,1781,1,16,3,1,3
2018010086768,2,9,0,18,0,0,0,0,0,0,1,1,6,3,44,7,2720,2,10,-1,-1,-1
2018010086769,1,9,0,-1,-1,0,-1,-1,-1,-1,2,-1,2,2,42,7,1198,1,6,9,1,9
2018010086769,2,90,0,-1,-1,0,-1,-1,-1,-1,1,-1,6,1,31,6,-1,-1,-1,9,1,9
2018010086771,1,8,0,4,0,1,0,0,0,0,1,1,1,1,47,8,1791,8,6,2,1,2
2018010086771,2,1,0,18,0,8,2,0,0,0,2,1,6,2,24,5,-1,-1,-1,3,1,3
2018010086777,1,11,0,18,0,0,0,0,0,0,0,1,1,1,55,8,4500,2,3,2,1,2
2018010086782,1,19,0,5,0,4,0,0,0,0,3,1,1,1,33,6,2143,2,5,8,1,8
2018010086782,2,2,0,9,0,8,0,0,0,0,1,1,6,1,40,7,113,1,3,4,1,4
2018010086784,1,9,0,18,0,0,1,4,7,4,1,1,6,1,22,5,1984,1,4,-1,-1,-1
2018010086784,2,9,0,2,0,0,0,0,1,0,3,1,6,3,-1,-1,-1,-1,-1,-1,-1,-1
2018010086784,3,9,0,2,0,0,0,0,0,0,2,1,6,3,-1,-1,1596,1,13,-1,-1,-1
2018010086784,4,9,0,2,0,0,0,0,1,0,2,1,6,3,-1,-1,998,1,5,-1,-1,-1
2018010086784,5,9,0,2,0,0,0,0,0,0,2,1,6,3,-1,-1,998,1,5,-1,-1,-1
2018010086786,1,9,0,18,0,8,0,0,0,0,1,1,6,3,-1,-1,-1,-1,-1,-1,-1,-1
2018010086788,1,9,0,9,0,6,0,0,0,0,4,1,6,1,46,8,1461,2,1,1,1,1
2018010086788,2,9,0,18,0,3,0,0,0,0,1,1,6,3,-1,-1,1798,1,15,-1,-1,-1
2018010086788,3,9,0,2,9,1,0,0,0,0,3,1,6,3,-1,-1,1587,1,19,-1,-1,-1
2018010086789,1,4,0,18,0,1,0,0,0,0,1,1,2,1,50,8,1157,1,17,6,1,6
2018010086789,2,9,0,5,0,8,0,0,0,0,3,2,2,2,57,9,1598,1,10,8,1,8
2018010086792,1,3,0,18,0,1,2,0,0,0,1,1,1,1,59,9,49,1,3,4,1,4
2018010086792,2,9,0,9,0,6,0,0,0,0,1,1,6,2,37,7,1364,1,9,4,1,4
2018010086795,1,1,0,18,9,1,0,0,0,0,0,1,6,1,43,7,-1,-1,-1,-1,-1,-1
2018010086796,1,1,-1,18,-1,-1,-1,-1,-1,-1,-1,1,6,1,24,5,-1,-1,-1,2,1,2
2018010086798,1,9,0,18,0,1,0,0,0,0,2,1,6,1,57,9,999,1,17,6,1,6
2018010086798,2,9,0,18,0,6,0,0,0,0,1,1,1,1,28,6,-1,-1,-1,2,1,2
2018010086805,1,11,0,3,0,1,0,0,0,0,0,1,1,1,50,8,4500,2,2,2,1,2
2018010086805,2,9,0,14,0,5,1,0,7,0,1,1,6,3,-1,-1,1461,2,2,-1,-1,-1
2018010086814,1,8,0,9,0,6,0,0,0,0,1,1,1,1,64,9,2143,2,5,3,1,3
2018010086814,2,8,0,18,0,6,0,0,0,0,0,1,1,1,56,9,1950,2,1,9,1,9
2018010086816,1,1,-1,-1,-1,-1,-1,-1,-1,-1,-1,1,2,2,30,6,-1,-1,-1,4,1,4
2018010086816,2,9,0,-1,-1,-1,-1,-1,-1,-1,4,-1,6,1,32,6,1995,2,10,-1,-1,-1
2018010086817,1,9,-1,18,0,-1,0,-1,0,0,2,-1,6,2,62,9,1598,1,13,4,1,4
2018010086817,2,9,-1,18,0,-1,0,-1,0,0,1,-1,6,1,-1,-1,1364,1,9,-1,-1,-1
2018010086827,1,19,0,9,0,5,0,0,0,0,2,1,2,1,28,6,1560,2,4,3,1,3
2018010086827,2,2,0,9,0,5,0,0,0,0,1,1,2,1,26,6,108,1,5,2,1,2
2018010086828,1,1,-1,-1,-1,-1,-1,-1,-1,-1,-1,1,2,1,37,7,-1,-1,-1,4,1,4
2018010086828,2,90,0,-1,-1,-1,-1,-1,-1,-1,-1,-1,6,1,-1,-1,-1,-1,-1,6,1,6
2018010086829,1,9,-1,3,0,0,-1,0,0,0,3,-1,6,2,38,7,1798,8,5,-1,-1,-1
2018010086829,2,8,-1,18,0,0,-1,0,0,0,-1,-1,6,3,-1,-1,-1,-1,-1,-1,-1,-1
2018010086832,1,9,0,18,0,1,0,5,0,0,1,1,6,1,22,5,1595,1,10,3,1,3
2018010086832,2,9,0,9,9,2,1,4,7,1,3,1,6,1,29,6,1198,1,11,5,1,5
2018010086839,1,9,0,14,0,2,0,0,0,0,1,1,6,1,24,5,1582,2,8,2,1,2
2018010086840,1,9,-1,-1,0,-1,-1,-1,-1,0,-1,-1,6,1,20,4,1595,1,5,4,1,4
2018010086840,2,9,-1,-1,0,-1,-1,-1,0,0,-1,-1,6,2,-1,-1,1598,1,16,3,1,3
2018010086844,1,9,0,18,0,2,1,0,0,0,4,1,6,2,61,9,1796,1,14,-1,-1,-1
2018010086844,2,9,0,13,0,2,0,0,0,0,4,1,2,1,45,7,1560,2,9,9,1,9
2018010086844,3,9,0,18,0,2,1,0,2,7,1,1,6,1,22,5,1995,2,4,2,1,2
2018010086850,1,1,-1,-1,-1,-1,-1,-1,-1,-1,-1,1,2,1,26,6,-1,-1,-1,5,1,5
2018010086850,2,9,0,-1,-1,-1,-1,-1,-1,-1,-1,-1,6,1,64,9,2198,1,14,3,1,3
2018010086854,1,9,0,9,0,2,0,0,0,0,3,1,2,2,53,8,1198,1,11,3,1,3
2018010086862,1,9,-1,1,-1,-1,-1,-1,-1,-1,-1,-1,6,3,-1,-1,1896,2,17,-1,-1,-1
2018010086867,1,9,0,3,0,1,0,0,0,0,2,1,6,1,67,10,1364,2,8,4,1,4
2018010086867,2,9,0,18,0,1,0,0,0,0,1,1,6,3,-1,-1,1199,1,15,-1,-1,-1
2018010086875,1,19,0,14,0,1,0,0,0,0,1,1,1,1,25,5,1499,2,3,1,1,1
2018010086875,2,9,0,18,0,1,0,0,0,0,1,1,6,2,31,6,1995,2,8,3,1,3
2018010086880,1,9,0,5,0,1,0,0,0,0,1,1,2,2,29,6,1798,1,2,10,1,10
2018010086880,2,9,0,5,0,8,0,0,0,0,3,1,6,1,37,7,3200,1,12,6,1,6
2018010086883,1,9,-1,3,0,-1,-1,0,-1,-1,2,-1,6,2,50,8,1984,1,17,7,1,7
2018010086883,2,9,-1,-1,-1,-1,-1,-1,-1,-1,1,-1,6,3,-1,-1,1796,1,8,-1,-1,-1
2018010086886,1,9,0,3,0,8,0,0,0,0,1,1,1,1,31,6,1582,2,7,7,1,7
2018010086886,2,9,0,1,0,8,0,0,0,0,2,1,6,3,-1,-1,4367,2,3,-1,-1,-1
2018010086889,1,9,0,-1,-1,-1,-1,-1,-1,-1,-1,-1,6,1,33,6,1390,1,14,2,1,2
2018010086889,2,9,-1,-1,0,-1,-1,-1,-1,-1,-1,-1,6,1,37,7,-1,-1,-1,4,1,4
2018010086893,1,9,0,7,0,6,0,0,0,0,1,1,6,1,73,10,1368,1,2,7,1,7
2018010086893,2,1,0,18,0,8,0,0,0,0,4,1,6,1,48,8,-1,-1,-1,6,1,6
2018010086898,1,11,0,5,2,0,0,0,0,0,0,1,1,1,37,7,-1,-1,-1,6,1,6
2018010086900,1,9,0,5,0,0,0,0,0,0,1,1,6,1,70,10,1197,1,4,3,1,3
2018010086900,2,1,0,13,0,0,0,0,0,0,2,1,6,1,19,4,-1,-1,-1,1,1,1
2018010086901,1,3,-1,-1,-1,-1,-1,-1,-1,-1,-1,1,6,3,-1,-1,-1,-1,-1,-1,-1,-1
2018010086903,1,9,0,18,0,8,0,0,0,0,1,1,6,1,76,11,2953,1,6,9,1,9
2018010086903,2,1,0,18,0,8,0,0,0,0,4,1,2,2,29,6,-1,-1,-1,7,1,7
2018010086910,1,9,0,12,0,0,0,0,0,0,3,1,2,1,30,6,3201,1,18,6,1,6
2018010086910,2,3,0,18,0,0,5,0,0,0,4,1,6,1,20,4,645,1,13,9,1,9
2018010086911,1,9,0,3,0,5,0,0,0,0,0,2,1,2,28,6,1799,1,7,2,1,2
2018010086911,2,1,0,5,0,5,0,0,0,0,1,1,6,2,23,5,-1,-1,-1,2,1,2
2018010086914,1,3,0,-1,-1,-1,-1,-1,-1,-1,-1,1,2,1,34,6,124,1,1,2,1,2
2018010086914,2,9,0,-1,-1,-1,-1,-1,-1,-1,1,-1,6,1,-1,-1,1685,2,3,-1,-1,-1
2018010086920,1,9,0,2,0,0,0,0,0,0,3,1,6,3,-1,-1,1339,8,7,-1,-1,-1
2018010086920,2,2,0,15,0,0,0,4,0,0,4,1,2,1,31,6,124,1,8,2,1,2
2018010086922,1,9,0,3,0,0,0,0,0,0,4,1,3,2,48,8,1598,1,13,10,1,10
2018010086922,2,1,0,18,0,0,0,4,0,0,1,1,6,1,48,8,-1,-1,-1,5,1,5
2018010086923,1,11,0,5,0,1,0,0,0,0,0,1,6,1,28,6,4500,2,3,5,1,5
2018010086924,1,19,0,1,0,2,0,4,0,0,2,1,6,1,28,6,2287,2,4,5,1,5
2018010086924,2,9,0,3,0,1,0,0,0,0,1,1,6,1,42,7,1197,1,1,4,1,4
2018010086929,1,3,0,18,0,3,0,0,0,0,1,1,6,1,24,5,125,1,2,8,1,8
2018010086929,2,19,0,6,0,2,0,0,0,0,1,1,2,1,67,10,1461,2,8,7,1,7
2018010086932,1,9,0,10,0,5,0,0,0,0,1,1,2,1,29,6,-1,-1,-1,6,1,6