Accident_Index,Vehicle_Reference,Vehicle_Type,Towing_and_Articulation,Vehicle_Manoeuvre,Vehicle_Location-Restricted_Lane,Junction_Location,Skidding_and_Overturning,Hit_Object_in_Carriageway,Vehicle_Leaving_Carriageway,Hit_Object_off_Carriageway,1st_Point_of_Impact,Was_Vehicle_Left_Hand_Drive?,Journey_Purpose_of_Driver,Sex_of_Driver,Age_of_Driver,Age_Band_of_Driver,Engine_Capacity_(CC),Propulsion_Code,Age_of_Vehicle,Driver_IMD_Decile,Driver_Home_Area_Type,Vehicle_IMD_Decile
2018010086932,2,9,0,3,0,8,0,0,0,0,1,1,6,3,-1,-1,1796,1,13,-1,-1,-1
2018010086933,1,9,0,-1,0,-1,0,-1,0,0,-1,-1,6,2,49,8,1598,1,12,3,1,3
2018010086933,2,9,0,-1,0,-1,0,0,2,-1,-1,-1,6,1,-1,-1,698,1,14,-1,-1,-1
2018010086934,1,9,0,18,2,0,0,0,1,5,1,1,6,1,32,6,999,1,3,2,1,2
2018010086945,1,9,0,4,0,1,0,0,0,0,2,1,6,1,33,6,1896,2,12,2,1,2
2018010086945,2,5,0,16,0,8,0,0,0,0,1,1,6,1,48,8,1299,1,11,-1,-1,-1
2018010086949,1,9,-1,-1,-1,-1,-1,-1,-1,-1,-1,-1,6,3,-1,-1,-1,-1,-1,-1,-1,-1
2018010086957,1,19,0,-1,-1,-1,-1,-1,-1,-1,-1,1,6,1,28,6,2198,2,4,3,1,3
2018010086957,2,9,0,-1,-1,-1,-1,-1,-1,-1,-1,1,6,3,-1,-1,1796,1,11,-1,-1,-1
2018010086959,1,11,0,5,2,8,0,0,0,0,0,1,1,1,28,6,5132,2,3,2,1,2
2018010086965,1,3,0,-1,-1,-1,-1,-1,-1,-1,-1,1,2,1,45,7,-1,-1,-1,9,1,9
2018010086965,2,9,0,-1,-1,-1,-1,-1,-1,-1,1,-1,6,1,-1,-1,1598,2,6,-1,-1,-1
2018010086966,1,9,0,-1,-1,-1,-1,-1,-1,-1,1,-1,6,1,27,6,1995,1,12,3,1,3
2018010086966,2,9,0,-1,-1,-1,-1,-1,-1,-1,2,-1,6,3,-1,-1,-1,-1,-1,-1,-1,-1
2018010086968,1,9,0,5,6,0,0,0,0,0,4,1,6,1,20,4,1390,1,14,6,1,6
2018010086968,2,1,0,18,0,0,0,0,0,0,1,1,6,2,15,3,-1,-1,-1,3,1,3
2018010086970,1,9,-1,-1,0,0,0,-1,0,0,2,-1,6,1,35,6,2148,2,9,1,1,1
2018010086971,1,19,0,-1,-1,-1,-1,-1,-1,-1,2,-1,6,1,28,6,2143,2,3,5,1,5
2018010086971,2,9,0,-1,-1,-1,-1,-1,-1,-1,2,-1,6,1,-1,-1,1498,1,1,1,1,1
2018010086976,1,9,0,18,0,0,0,0,0,0,1,1,6,2,63,9,1794,1,13,5,1,5
2018010086976,2,1,0,18,0,0,0,0,0,0,2,1,6,1,74,10,-1,-1,-1,10,1,10
2018010086979,1,9,0,5,0,1,0,0,0,0,1,1,1,1,32,6,1363,2,13,2,1,2
2018010086980,1,9,0,-1,-1,-1,-1,-1,-1,-1,2,-1,6,2,31,6,1598,2,8,3,1,3
2018010086980,2,9,0,-1,-1,-1,-1,-1,-1,-1,-1,-1,6,3,-1,-1,1598,1,10,-1,-1,-1
2018010086981,1,9,0,5,0,8,1,7,0,0,3,1,1,1,28,6,1995,2,13,-1,-1,-1
2018010086981,2,9,0,9,0,8,0,0,0,0,1,1,6,2,66,10,1242,1,12,2,1,2
2018010086981,3,9,0,18,0,1,0,0,0,0,0,1,1,1,38,7,2993,2,2,3,1,3
2018010086983,1,3,0,-1,-1,-1,-1,-1,-1,-1,1,1,6,1,38,7,125,1,55,5,1,5
2018010086983,2,9,0,-1,-1,-1,-1,-1,-1,-1,-1,-1,6,2,-1,-1,1560,2,13,3,1,3
2018010086985,1,9,0,-1,-1,-1,-1,-1,-1,-1,2,-1,6,2,37,7,1995,1,9,1,1,1
2018010086985,2,9,0,-1,-1,-1,-1,-1,-1,-1,1,-1,6,1,-1,-1,-1,-1,-1,-1,-1,-1
2018010086987,1,20,1,-1,-1,0,-1,-1,-1,-1,-1,-1,6,1,-1,-1,4461,2,10,-1,-1,-1
2018010086988,1,11,0,5,0,0,0,0,0,0,0,1,1,1,53,8,6700,2,7,3,1,3
2018010086990,1,8,0,18,0,2,0,0,0,0,1,1,1,1,41,7,2499,2,11,5,1,5
2018010086990,2,9,0,12,0,1,0,0,0,0,1,1,6,1,41,7,1396,1,14,2,1,2
2018010086994,1,9,0,-1,-1,0,-1,-1,-1,-1,-1,-1,6,1,47,8,1998,2,12,7,1,7
2018010086994,2,9,0,-1,-1,0,-1,-1,-1,-1,-1,1,6,1,-1,-1,1598,1,3,5,1,5
2018010086994,3,9,0,-1,-1,0,-1,-1,-1,-1,-1,-1,6,1,54,8,3597,1,11,7,1,7
2018010086994,4,9,-1,13,0,0,0,-1,0,0,1,1,6,1,54,8,1910,2,8,7,1,7
2018010086995,1,9,0,17,0,4,0,0,0,0,1,1,6,2,50,8,1796,1,11,2,1,2
2018010086995,2,1,0,18,0,4,0,0,0,0,4,1,6,1,31,6,-1,-1,-1,6,2,6
2018010086997,1,8,0,9,0,6,0,0,0,0,1,1,1,1,42,7,1797,8,9,2,1,2
2018010087003,1,9,0,-1,0,1,0,0,0,0,1,-1,6,3,-1,-1,-1,-1,-1,-1,-1,-1
2018010087004,1,11,0,5,0,0,0,0,0,0,0,1,1,1,32,6,9360,2,8,4,1,4
2018010087006,1,19,0,9,0,8,0,0,0,0,1,1,1,1,21,5,2198,2,6,2,1,2
2018010087006,2,1,0,18,0,1,0,0,0,0,3,1,6,2,23,5,-1,-1,-1,1,1,1
2018010087008,1,9,0,-1,-1,-1,-1,-1,-1,-1,2,-1,6,1,67,10,1587,1,11,4,1,4
2018010087008,2,9,-1,18,0,-1,-1,-1,-1,-1,-1,-1,6,2,39,7,1968,2,7,9,1,9
2018010087010,1,9,0,4,0,0,0,0,0,0,1,1,6,1,35,6,1796,1,15,8,3,8
2018010087010,2,9,0,2,0,0,0,0,0,0,1,1,6,3,-1,-1,1798,1,6,-1,-1,-1
2018010087012,1,9,0,5,9,0,0,0,0,0,1,1,6,1,80,11,1498,1,3,6,1,6
2018010087013,1,9,0,18,0,1,0,0,0,0,2,1,1,2,43,7,1984,2,7,2,1,2
2018010087013,2,9,0,18,0,1,0,0,0,0,1,1,1,1,41,7,998,1,1,3,1,3
2018010087014,1,2,0,18,0,0,1,0,0,0,1,1,2,1,40,7,108,1,2,2,1,2
2018010087020,1,9,0,18,0,8,0,0,0,0,1,1,6,1,56,9,-1,-1,-1,2,1,2
2018010087020,2,9,0,18,0,8,0,4,7,3,4,1,6,1,51,8,-1,-1,-1,4,1,4
2018010087020,3,9,0,2,0,1,0,0,0,0,0,1,6,3,-1,-1,1596,1,11,-1,-1,-1
2018010087021,1,9,0,18,0,1,1,0,0,0,4,1,6,2,58,9,1364,1,1,7,1,7
2018010087021,2,9,0,18,0,6,0,0,0,0,1,1,2,1,45,7,1956,2,4,5,1,5
2018010087022,1,19,0,18,0,8,0,0,0,0,3,1,6,3,-1,-1,-1,-1,-1,-1,-1,-1
2018010087029,1,9,0,18,0,8,0,0,0,0,1,1,6,1,26,6,2148,2,9,4,1,4
2018010087029,2,9,0,7,0,8,0,0,0,0,3,1,6,1,38,7,2688,2,15,4,1,4
2018010087036,1,9,0,-1,-1,-1,-1,-1,-1,-1,1,-1,6,2,30,6,1390,1,11,5,1,5
2018010087036,2,90,-1,-1,-1,-1,-1,-1,-1,-1,-1,-1,1,3,-1,-1,-1,-1,-1,-1,-1,-1
2018010087037,1,9,0,-1,-1,-1,-1,-1,-1,-1,2,-1,6,2,53,8,1242,1,17,8,1,8
2018010087037,2,9,0,-1,-1,-1,-1,-1,-1,-1,1,-1,6,1,-1,-1,1997,1,14,-1,-1,-1
2018010087038,1,20,0,5,0,3,0,0,0,0,3,1,1,1,47,8,6871,2,4,3,1,3
2018010087038,2,9,0,16,0,3,0,0,0,0,4,1,2,1,38,7,1197,1,1,1,1,1
2018010087041,1,9,0,18,0,2,1,0,0,0,1,1,6,1,35,6,1753,2,9,3,1,3
2018010087041,2,9,0,18,0,2,0,0,0,0,1,1,2,1,27,6,1797,8,9,1,1,1
2018010087042,1,3,0,12,0,0,0,0,0,0,1,1,1,2,17,4,125,1,5,7,1,7
2018010087042,2,9,0,6,0,0,0,0,0,0,3,1,6,3,-1,-1,1197,1,1,-1,-1,-1
2018010087043,1,9,0,9,0,6,0,0,0,0,3,1,6,1,34,6,1368,1,9,8,1,8
2018010087043,2,3,0,18,0,1,0,0,1,2,1,1,6,1,34,6,124,1,4,5,1,5
2018010087045,1,9,0,-1,-1,-1,-1,-1,-1,-1,4,-1,6,2,29,6,1461,2,4,1,1,1
2018010087045,2,90,0,-1,-1,-1,-1,-1,-1,-1,-1,-1,6,1,-1,-1,-1,-1,-1,-1,-1,-1
2018010087049,1,11,0,4,2,0,0,0,0,0,4,1,1,1,33,6,-1,-1,-1,1,1,1
2018010087052,1,9,0,4,2,0,0,0,0,0,1,1,6,1,26,6,1598,2,8,3,1,3
2018010087052,2,3,0,4,2,0,0,0,0,0,2,1,1,1,30,6,125,1,3,4,1,4
2018010087058,1,9,0,9,0,6,0,0,0,0,1,1,2,1,64,9,1686,2,13,9,1,9
2018010087058,2,1,0,9,2,5,0,0,0,0,1,1,2,1,54,8,-1,-1,-1,10,1,10
2018010087061,1,9,0,3,-1,-1,-1,-1,-1,-1,2,-1,2,1,19,4,1364,1,8,6,1,6
2018010087061,2,9,0,18,-1,-1,-1,-1,-1,-1,1,-1,6,1,59,9,999,1,2,9,1,9
2018010087067,1,9,0,-1,-1,0,-1,-1,-1,-1,2,-1,6,3,-1,-1,1797,8,7,4,1,4
2018010087067,2,1,-1,-1,-1,0,-1,-1,-1,-1,1,1,6,1,-1,-1,-1,-1,-1,6,1,6
2018010087069,1,9,0,-1,-1,0,-1,-1,-1,-1,2,-1,2,1,42,7,1198,1,1,8,1,8
2018010087069,2,9,0,-1,-1,0,-1,-1,-1,-1,1,-1,6,1,-1,-1,1242,1,12,6,1,6
2018010087074,1,3,0,18,0,8,2,7,3,10,3,1,6,1,16,4,330,1,6,4,1,4
2018010087074,2,19,0,18,0,5,0,0,0,0,3,1,1,1,53,8,2198,2,4,2,1,2
2018010087075,1,9,0,18,0,0,0,0,0,0,2,-1,6,1,46,8,1560,2,2,2,1,2
2018010087075,2,9,0,12,0,0,0,0,0,0,1,-1,6,3,-1,-1,1995,2,5,-1,-1,-1
2018010087076,1,9,-1,18,0,0,0,0,0,0,2,-1,6,2,30,6,1781,1,15,6,2,6
2018010087076,2,9,-1,18,0,0,0,0,0,0,1,-1,6,3,-1,-1,2231,2,12,-1,-1,-1
2018010087087,1,11,0,-1,0,-1,0,-1,-1,-1,-1,1,6,3,-1,-1,-1,-1,-1,-1,-1,-1
2018010087090,1,9,-1,-1,-1,-1,-1,-1,-1,-1,-1,-1,6,2,27,6,1248,2,4,8,1,8
2018010087090,2,19,-1,-1,-1,-1,-1,-1,-1,-1,-1,-1,6,1,39,7,2464,2,11,2,1,2
2018010087096,1,5,0,-1,-1,-1,-1,-1,-1,-1,-1,1,6,1,43,7,645,1,1,5,1,5
2018010087096,2,9,0,-1,-1,-1,-1,-1,-1,-1,1,-1,6,1,-1,-1,2685,2,15,-1,-1,-1
2018010087104,1,19,0,17,0,4,0,0,0,0,1,1,2,1,33,6,2143,2,5,5,1,5
2018010087104,2,1,0,9,0,3,0,0,0,0,4,1,2,2,29,6,-1,-1,-1,8,1,8
2018010087105,1,9,0,5,0,0,0,0,0,0,0,1,6,2,27,6,999,1,8,6,1,6
2018010087105,2,4,0,18,0,0,0,0,0,0,0,1,2,1,54,8,125,1,1,6,1,6
2018010087108,1,19,0,7,0,5,0,0,0,0,4,1,2,1,42,7,-1,-1,-1,3,1,3
2018010087108,2,1,0,18,0,1,0,0,0,0,1,1,2,1,49,8,-1,-1,-1,-1,-1,-1
2018010087112,1,9,0,-1,0,1,0,0,0,0,1,-1,6,3,-1,-1,-1,-1,-1,-1,-1,-1
2018010087113,1,1,0,18,0,1,0,0,0,0,1,1,6,2,42,7,-1,-1,-1,-1,-1,-1
2018010087113,2,9,0,1,0,1,0,0,0,0,2,-1,6,3,-1,-1,-1,-1,-1,-1,-1,-1
2018010087117,1,11,0,7,0,2,0,0,0,0,4,1,1,2,32,6,6700,2,7,8,1,8
2018010087118,1,1,-1,-1,-1,0,-1,-1,-1,-1,-1,1,2,1,38,7,-1,-1,-1,2,1,2
2018010087118,2,9,0,-1,-1,0,-1,-1,-1,-1,-1,-1,6,3,53,8,1560,2,4,7,1,7
2018010087122,1,19,0,9,0,5,0,0,0,0,3,1,1,1,53,8,-1,-1,-1,4,1,4
2018010087125,1,9,0,-1,-1,-1,-1,-1,-1,-1,2,-1,6,1,48,8,1598,1,7,3,1,3
2018010087125,2,9,0,-1,-1,-1,-1,-1,-1,-1,1,-1,6,1,-1,-1,-1,-1,-1,-1,-1,-1
2018010087132,1,3,0,-1,-1,-1,-1,-1,-1,-1,1,1,2,2,28,6,124,1,4,2,1,2
2018010087132,2,9,0,-1,-1,-1,-1,-1,-1,-1,-1,-1,6,2,65,9,1968,2,3,5,1,5
2018010087133,1,9,0,6,0,0,0,0,0,0,3,1,2,1,68,10,1149,1,7,2,1,2
2018010087133,2,3,0,5,0,0,0,0,0,0,1,1,2,1,28,6,125,1,6,2,1,2
2018010087134,1,9,0,18,0,4,0,0,0,0,1,1,6,1,18,4,1995,2,12,8,1,8
2018010087134,2,3,0,18,0,3,0,0,0,0,1,1,6,1,45,7,125,1,2,3,1,3
2018010087137,1,11,0,4,2,1,0,0,0,0,0,1,1,1,39,7,5132,2,1,2,1,2
2018010087138,1,8,0,6,0,0,0,0,0,0,4,1,1,1,42,7,2499,2,9,2,1,2
2018010087138,2,4,0,18,0,0,0,0,0,0,1,1,2,1,32,6,125,1,3,4,1,4
2018010087139,1,9,0,-1,0,1,0,0,0,0,-1,-1,6,3,-1,-1,-1,-1,-1,-1,-1,-1
2018010087143,1,9,0,3,0,1,0,0,0,0,1,1,6,1,55,8,1596,1,13,6,1,6
2018010087149,1,4,0,18,0,1,0,0,0,0,1,1,6,1,18,4,-1,-1,-1,1,1,1
2018010087150,1,9,0,5,0,2,0,0,0,0,1,1,3,2,39,7,-1,-1,-1,4,1,4
2018010087150,2,9,0,5,0,2,0,0,0,0,2,1,6,1,33,6,1242,1,12,5,1,5
2018010087151,1,9,0,18,0,1,0,0,0,0,1,1,1,1,26,6,1390,1,10,4,1,4
2018010087151,2,1,0,18,0,1,5,0,0,0,4,1,2,1,23,5,-1,-1,-1,4,1,4
2018010087155,1,1,-1,-1,-1,-1,-1,-1,-1,-1,1,1,6,2,37,7,-1,-1,-1,8,1,8
2018010087155,2,9,0,-1,-1,-1,-1,-1,-1,-1,-1,-1,6,2,-1,-1,-1,-1,-1,-1,-1,-1
2018010087156,1,19,0,9,0,8,0,0,0,0,3,1,1,1,30,6,2198,2,4,5,1,5
2018010087156,2,4,0,18,0,1,2,0,0,0,3,1,6,1,28,6,600,1,6,-1,-1,-1
2018010087158,1,9,0,18,0,8,0,0,0,0,3,1,6,1,28,6,-1,-1,-1,8,1,8
2018010087158,2,9,0,9,0,8,0,0,0,0,1,1,6,1,66,10,1560,2,11,3,1,3
2018010087159,1,19,0,4,0,2,0,0,0,0,0,1,1,1,63,9,2198,2,2,9,1,9
2018010087159,2,1,0,14,0,2,0,0,0,0,0,1,6,1,36,7,-1,-1,-1,3,1,3
2018010087160,1,11,0,18,0,2,0,0,0,0,0,1,1,1,34,6,4500,2,8,3,1,3
2018010087161,1,8,0,9,0,8,0,0,0,0,1,1,1,1,47,8,1997,2,6,2,1,2
2018010087161,2,4,0,14,0,1,0,0,0,0,1,1,6,1,42,7,599,1,9,2,1,2
2018010087162,1,1,-1,18,-1,0,-1,-1,-1,-1,-1,1,6,1,28,6,-1,-1,-1,4,1,4
2018010087162,2,9,-1,3,-1,0,-1,-1,-1,-1,-1,-1,6,3,-1,-1,-1,-1,-1,-1,-1,-1
2018010087163,1,19,0,4,0,2,0,0,1,0,1,1,1,1,54,8,1598,2,1,5,1,5
2018010087164,1,9,0,-1,-1,-1,-1,-1,-1,-1,4,-1,6,2,54,8,1798,8,-1,3,1,3
2018010087164,2,20,0,18,0,4,0,0,0,0,1,1,6,1,54,8,-1,-1,-1,-1,-1,-1
2018010087170,1,1,0,5,0,8,0,0,0,0,1,1,6,1,49,8,-1,-1,-1,4,1,4
2018010087170,2,9,0,7,0,8,0,0,0,0,4,1,6,3,-1,-1,-1,-1,-1,-1,-1,-1
2018010087174,1,9,0,-1,-1,-1,-1,-1,-1,-1,-1,-1,6,2,24,5,1461,2,4,5,1,5
2018010087174,2,9,-1,-1,-1,-1,-1,-1,-1,-1,1,-1,6,3,-1,-1,-1,-1,-1,-1,-1,-1
2018010087177,1,9,0,18,0,8,0,0,0,0,1,1,6,1,39,7,998,1,1,7,1,7
2018010087177,2,3,0,18,0,8,0,0,0,0,4,1,2,1,52,8,125,1,7,7,1,7
2018010087178,1,9,0,4,0,3,0,0,0,0,2,-1,6,2,31,6,2616,1,14,3,1,3
2018010087178,2,9,0,18,0,3,0,0,0,0,1,-1,6,1,17,4,1796,1,14,-1,-1,-1
2018010087181,1,3,0,14,0,0,0,0,0,0,4,1,2,1,26,6,-1,-1,-1,4,1,4
2018010087181,2,19,0,9,0,0,0,0,0,0,3,1,6,1,55,8,2143,2,1,7,1,7
2018010087182,1,2,0,18,0,1,0,0,0,0,4,1,2,1,33,6,125,1,2,3,1,3
2018010087182,2,9,0,7,0,1,0,0,0,0,0,1,2,1,36,7,2191,2,2,6,1,6
2018010087184,1,9,0,9,0,6,0,0,1,0,3,1,6,1,64,9,1497,8,2,4,1,4
2018010087192,1,9,0,5,0,3,0,0,0,0,0,1,2,2,38,7,1390,1,16,10,1,10
2018010087203,1,1,-1,-1,-1,-1,-1,-1,-1,-1,-1,1,1,2,22,5,-1,-1,-1,3,1,3
2018010087215,1,9,0,3,0,0,0,0,0,0,2,1,2,1,53,8,2926,2,18,6,1,6
2018010087215,2,2,0,18,0,0,0,0,0,0,1,1,1,1,24,5,49,1,7,3,1,3
2018010087217,1,9,0,-1,-1,0,-1,-1,-1,-1,1,-1,6,3,-1,-1,-1,-1,-1,-1,-1,-1
2018010087223,1,19,0,-1,-1,-1,-1,-1,-1,-1,2,-1,6,1,50,8,2148,2,8,10,1,10
2018010087223,2,19,0,-1,-1,-1,-1,-1,-1,-1,0,-1,6,3,-1,-1,2198,2,5,-1,-1,-1
2018010087231,1,9,0,-1,-1,-1,-1,-1,-1,-1,1,-1,6,3,-1,-1,-1,-1,-1,-1,-1,-1
2018010087231,2,9,0,18,0,-1,0,0,0,0,3,1,6,2,42,7,1597,2,1,4,1,4
2018010087234,1,19,0,4,0,8,0,0,0,0,3,1,1,1,42,7,1598,2,2,2,1,2
2018010087236,1,4,0,18,0,3,0,0,0,0,2,1,6,1,41,7,124,1,6,3,1,3
2018010087236,2,9,0,18,0,3,0,0,0,0,1,1,6,2,36,7,1956,2,4,5,1,5
2018010087243,1,9,0,9,0,5,0,0,0,0,3,1,6,1,-1,-1,-1,-1,-1,-1,-1,-1
2018010087243,2,9,0,18,0,8,0,0,0,0,4,1,6,1,52,8,1968,2,4,1,1,1
2018010087246,1,19,0,7,0,2,0,0,0,0,3,1,6,1,39,7,1998,2,14,7,1,7
2018010087246,2,5,0,18,0,1,1,0,0,0,1,1,6,1,28,6,-1,-1,-1,5,2,5
2018010087247,1,11,0,18,2,0,0,0,0,0,0,1,1,1,39,7,5132,2,1,1,1,1
2018010087247,2,19,0,11,0,0,0,0,0,0,0,1,6,3,-1,-1,-1,-1,-1,-1,-1,-1
2018010087248,1,8,0,18,0,0,0,0,0,0,3,1,6,1,45,7,1560,2,3,2,1,2
2018010087248,2,1,0,16,0,0,0,0,0,0,1,1,2,1,43,7,-1,-1,-1,2,1,2
2018010087249,1,9,0,-1,-1,-1,-1,-1,-1,-1,-1,-1,6,1,27,6,1398,1,8,5,1,5
2018010087250,1,8,0,7,0,5,0,0,0,0,4,2,1,1,44,7,1798,8,3,9,1,9
2018010087250,2,1,0,18,4,1,0,0,0,0,1,1,6,1,16,4,-1,-1,-1,8,1,8
2018010087251,1,11,0,5,0,2,0,0,0,0,0,1,1,1,37,7,4500,2,2,2,1,2
2018010087253,1,19,0,9,0,6,0,0,0,0,1,1,2,1,38,7,1995,2,2,3,1,3
2018010087254,1,9,0,18,0,6,0,0,0,0,1,1,2,1,53,8,2987,2,10,8,1,8
2018010087256,1,2,0,18,0,4,0,0,0,0,1,1,1,1,18,4,49,1,10,3,1,3
2018010087256,2,9,0,18,0,4,0,0,0,0,4,1,6,1,41,7,1797,7,6,4,1,4
2018010087257,1,9,0,3,0,1,0,0,0,0,1,1,6,1,59,9,2496,1,16,1,1,1
2018010087257,2,9,0,3,0,1,0,0,0,0,2,1,6,2,65,9,1998,1,15,3,1,3
2018010087259,1,9,0,9,0,5,0,0,0,0,1,1,3,2,36,7,1461,2,7,4,1,4
2018010087264,1,9,0,9,0,6,0,0,0,0,3,1,6,2,35,6,2362,1,15,7,1,7
2018010087264,2,9,0,18,0,1,0,0,0,0,1,1,6,1,33,6,1956,2,8,4,1,4
2018010087266,1,9,0,3,0,0,0,0,0,0,2,1,6,2,43,7,1797,8,8,5,1,5
2018010087266,2,9,0,18,0,0,0,0,0,0,1,1,3,2,32,6,1956,2,6,4,1,4
2018010087267,1,9,0,4,0,0,0,0,0,0,2,1,2,1,57,9,1796,1,11,6,1,6
2018010087267,2,5,0,4,0,0,1,0,0,0,1,1,6,1,34,6,1157,1,11,2,1,2
2018010087268,1,90,0,-1,-1,0,-1,-1,-1,-1,1,1,6,3,-1,-1,-1,-1,-1,-1,-1,-1
2018010087269,1,9,0,18,0,8,0,0,0,0,1,1,6,2,32,6,1596,1,11,5,1,5
2018010087269,2,9,0,9,0,8,0,0,0,0,4,1,6,1,32,6,1995,2,8,2,1,2
2018010087271,1,8,0,-1,-1,-1,-1,-1,-1,-1,1,-1,6,1,30,6,1798,8,6,1,1,1
2018010087271,2,9,0,-1,-1,-1,-1,-1,-1,-1,1,-1,6,1,-1,-1,1596,1,12,-1,-1,-1
2018010087272,1,9,0,-1,-1,0,-1,-1,-1,-1,2,-1,6,1,36,7,1798,1,12,7,1,7
2018010087272,2,9,0,-1,-1,0,-1,-1,-1,-1,1,-1,6,1,-1,-1,1598,1,9,-1,-1,-1
2018010087273,1,11,0,18,0,1,0,0,0,0,1,1,1,1,43,7,4461,2,4,4,1,4
2018010087273,2,9,0,18,0,1,0,0,0,0,2,1,1,1,35,6,1988,1,18,2,1,2
2018010087273,3,9,0,18,0,2,0,0,0,0,2,1,6,2,82,11,1240,1,-1,2,1,2
2018010087274,1,3,0,-1,-1,-1,-1,-1,-1,-1,1,1,6,1,-1,-1,125,1,2,3,1,3
2018010087275,1,11,0,5,0,2,0,0,0,0,0,1,6,1,64,9,5132,2,2,7,1,7
2018010087276,1,9,0,9,0,8,0,0,0,0,1,1,2,1,64,9,999,1,1,5,1,5
2018010087276,2,9,0,18,0,4,0,0,0,0,1,1,6,1,31,6,1968,2,6,2,1,2
2018010087277,1,9,0,-1,-1,0,-1,-1,-1,-1,-1,-1,6,2,28,6,1598,2,3,7,1,7
2018010087278,1,1,-1,-1,-1,-1,-1,-1,-1,-1,0,1,2,1,47,8,-1,-1,-1,7,1,7
2018010087278,2,9,0,-1,-1,-1,-1,-1,-1,-1,2,-1,6,3,-1,-1,-1,-1,-1,-1,-1,-1
2018010087280,1,9,0,18,0,0,0,4,0,0,1,1,6,1,58,9,-1,-1,-1,5,1,5
2018010087280,2,9,0,2,0,0,0,0,0,0,1,1,6,3,-1,-1,1796,1,15,-1,-1,-1
2018010087281,1,1,-1,-1,-1,0,-1,-1,-1,-1,-1,1,2,1,29,6,-1,-1,-1,3,1,3
2018010087281,2,9,0,-1,-1,0,-1,-1,-1,-1,1,-1,6,1,-1,-1,1968,2,1,2,1,2
2018010087282,1,11,0,7,2,8,0,0,0,0,1,1,1,1,39,7,6692,2,9,5,1,5
2018010087285,1,8,0,-1,-1,-1,-1,-1,-1,-1,0,-1,6,1,-1,-1,1798,8,3,4,1,4
2018010087287,1,5,0,3,-1,-1,0,-1,-1,0,-1,1,6,2,55,8,798,1,1,9,3,9
2018010087287,2,8,-1,1,-1,-1,-1,-1,-1,0,2,-1,6,1,-1,-1,-1,-1,-1,-1,-1,-1
2018010087289,1,21,0,18,0,0,0,0,7,1,1,1,1,1,46,8,10518,2,6,3,1,3
2018010087290,1,9,0,6,0,0,0,0,0,0,1,1,6,2,28,6,1296,1,11,3,1,3
2018010087290,2,3,0,18,0,0,0,0,0,0,1,1,1,1,22,5,108,1,4,2,1,2
2018010087292,1,9,0,5,0,4,0,0,0,0,1,1,6,1,27,6,-1,-1,-1,1,1,1
2018010087292,2,1,0,18,0,4,0,0,0,0,3,1,2,2,51,8,-1,-1,-1,3,1,3
2018010087296,1,19,0,18,0,1,0,0,0,0,2,1,6,1,23,5,-1,-1,-1,3,1,3
2018010087296,2,9,0,18,0,1,0,0,0,0,1,1,6,3,-1,-1,-1,-1,-1,-1,-1,-1
2018010087298,1,9,0,8,-1,-1,-1,-1,-1,-1,2,-1,6,2,59,9,1388,1,10,2,1,2
2018010087298,2,9,0,-1,-1,-1,-1,-1,-1,-1,1,-1,6,2,-1,-1,-1,-1,-1,-1,-1,-1
2018010087300,1,9,0,-1,-1,0,-1,-1,-1,-1,2,-1,6,1,19,4,1598,1,12,5,1,5
2018010087300,2,3,0,-1,-1,0,-1,-1,-1,-1,1,1,6,1,-1,-1,125,1,3,-1,-1,-1
2018010087308,1,9,0,18,0,1,0,0,0,0,1,1,2,2,45,7,1598,1,9,3,1,3
2018010087308,2,9,0,18,0,1,0,0,0,0,3,1,6,2,27,6,1242,1,12,6,3,6
2018010087312,1,9,0,9,0,1,0,0,0,0,4,1,6,2,24,5,1242,1,11,3,1,3
2018010087312,2,9,0,18,0,2,0,0,0,0,1,1,6,1,36,7,1796,1,15,9,1,9
2018010087314,1,8,0,10,0,8,0,0,0,0,2,1,1,1,53,8,1497,8,10,1,1,1
2018010087314,2,9,0,18,0,8,0,0,0,0,1,1,2,2,22,5,2993,2,1,8,1,8
2018010087314,3,9,0,18,0,1,0,0,0,0,1,1,6,3,-1,-1,-1,-1,-1,-1,-1,-1
2018010087317,1,9,0,9,0,1,0,0,0,0,3,1,6,2,70,10,1248,1,9,2,1,2
2018010087317,2,9,0,18,0,8,0,0,0,0,1,1,6,1,29,6,1199,1,17,8,1,8
2018010087319,1,9,0,18,0,7,0,0,0,0,4,1,2,1,25,5,1198,1,10,8,3,8
2018010087320,1,8,0,7,0,2,0,0,0,0,3,1,2,1,63,9,1997,2,2,8,1,8
2018010087320,2,4,0,3,2,1,0,0,1,0,2,1,6,1,25,5,124,1,9,1,1,1
2018010087321,1,9,0,17,0,1,0,0,0,0,1,1,6,1,42,7,2926,2,15,3,1,3
2018010087321,2,9,0,7,0,7,0,7,1,0,1,1,6,2,41,7,998,1,4,2,1,2
2018010087323,1,3,0,18,0,8,0,0,0,0,1,1,6,1,28,6,125,1,1,2,1,2
2018010087324,1,9,0,18,0,1,5,9,0,0,1,1,2,1,20,4,1198,1,6,1,1,1
2018010087325,1,9,0,3,0,1,0,0,0,0,2,1,2,1,56,9,1560,2,6,5,2,5
2018010087325,2,9,0,3,0,1,0,0,0,0,2,1,6,1,41,7,1956,2,4,3,1,3
2018010087325,3,9,0,18,0,1,0,0,0,0,1,1,6,3,-1,-1,-1,-1,-1,-1,-1,-1
2018010087326,1,9,0,4,0,1,0,0,0,0,2,1,6,1,23,5,1390,1,7,5,1,5
2018010087326,2,9,0,4,0,1,0,0,0,0,2,1,6,2,40,7,1598,1,12,2,1,2
2018010087326,3,9,0,4,0,1,0,0,0,0,1,1,6,1,20,4,1395,1,3,4,1,4