Accident_Index,Vehicle_Reference,Vehicle_Type,Towing_and_Articulation,Vehicle_Manoeuvre,Vehicle_Location-Restricted_Lane,Junction_Location,Skidding_and_Overturning,Hit_Object_in_Carriageway,Vehicle_Leaving_Carriageway,Hit_Object_off_Carriageway,1st_Point_of_Impact,Was_Vehicle_Left_Hand_Drive?,Journey_Purpose_of_Driver,Sex_of_Driver,Age_of_Driver,Age_Band_of_Driver,Engine_Capacity_(CC),Propulsion_Code,Age_of_Vehicle,Driver_IMD_Decile,Driver_Home_Area_Type,Vehicle_IMD_Decile
2018010087331,1,9,0,18,0,0,1,4,0,0,1,1,6,3,-1,-1,1796,1,13,-1,-1,-1
2018010087331,2,9,0,4,0,0,0,4,0,0,1,1,2,1,26,6,-1,-1,-1,1,1,1
2018010087331,3,9,0,3,0,0,0,4,0,0,1,1,2,2,24,5,1242,1,3,6,1,6
2018010087331,4,9,0,4,0,0,0,4,0,0,1,1,2,1,45,7,1997,2,1,5,1,5
2018010087332,1,9,0,18,0,8,0,-1,0,0,-1,-1,6,3,-1,-1,1796,1,7,-1,-1,-1
2018010087332,2,1,0,9,0,8,0,-1,0,0,-1,1,6,1,34,6,-1,-1,-1,9,1,9
2018010087334,1,9,0,5,0,2,0,0,0,0,1,1,2,2,28,6,1956,2,7,6,1,6
2018010087334,2,1,0,18,0,1,0,0,0,0,4,1,2,1,44,7,-1,-1,-1,6,1,6
2018010087335,1,19,0,5,0,1,0,0,0,0,1,1,2,1,38,7,2198,2,2,4,1,4
2018010087335,2,1,0,18,0,8,0,0,0,0,3,1,6,1,46,8,-1,-1,-1,3,1,3
2018010087339,1,1,-1,-1,-1,-1,-1,-1,-1,-1,-1,1,2,1,50,8,-1,-1,-1,2,1,2
2018010087339,2,9,0,-1,-1,-1,-1,-1,-1,-1,1,-1,6,3,-1,-1,-1,-1,-1,-1,-1,-1
2018010087341,1,19,0,18,0,2,0,0,0,0,1,1,1,1,35,6,1560,2,7,5,3,5
2018010087348,1,19,0,9,0,5,0,0,0,0,1,1,1,1,54,8,2402,2,10,10,3,10
2018010087348,2,1,0,18,0,1,0,0,0,0,1,1,2,1,30,6,-1,-1,-1,8,1,8
2018010087352,1,19,0,3,0,1,0,0,0,0,2,2,1,1,30,6,1598,2,3,3,1,3
2018010087352,2,5,0,12,0,1,0,0,0,0,1,1,2,1,37,7,296,1,3,6,1,6
2018010087354,1,9,0,9,2,0,0,0,0,0,3,1,6,1,64,9,1997,2,2,10,1,10
2018010087354,2,5,0,18,2,0,0,0,0,0,1,1,2,1,35,6,999,1,4,4,1,4
2018010087357,1,1,0,-1,0,1,0,0,0,0,1,1,2,1,38,7,-1,-1,-1,6,1,6
2018010087357,2,9,0,3,0,1,0,0,0,0,3,1,6,1,53,8,1329,1,6,2,1,2
2018010087359,1,1,0,18,0,8,0,0,0,0,3,1,6,1,31,6,-1,-1,-1,7,1,7
2018010087359,2,90,0,7,0,8,0,0,0,0,4,1,6,1,37,7,-1,-1,-1,2,1,2
2018010087380,1,9,0,-1,-1,-1,-1,-1,-1,-1,2,-1,6,3,-1,-1,-1,-1,-1,-1,-1,-1
2018010087383,1,9,-1,-1,-1,0,-1,-1,-1,-1,-1,-1,6,3,-1,-1,-1,-1,-1,-1,-1,-1
2018010087388,1,2,0,18,0,0,0,0,0,0,1,1,6,3,-1,-1,-1,-1,-1,-1,-1,-1
2018010087389,1,9,0,3,0,1,0,0,0,0,2,1,6,2,24,5,1395,1,5,4,1,4
2018010087389,2,2,0,18,0,1,0,0,0,0,1,1,6,1,55,8,244,1,13,4,1,4
2018010087393,1,9,0,18,0,8,0,0,0,0,4,1,6,3,-1,-1,-1,-1,-1,-1,-1,-1
2018010087395,1,21,1,18,0,0,0,5,0,0,2,1,1,1,31,6,6700,2,2,5,1,5
2018010087398,1,1,-1,-1,-1,-1,-1,-1,-1,-1,-1,1,2,1,36,7,-1,-1,-1,3,1,3
2018010087398,2,9,0,-1,-1,-1,-1,-1,-1,-1,1,-1,6,2,-1,-1,1298,7,14,6,1,6
2018010087402,1,20,0,18,0,1,0,0,0,0,3,1,1,1,50,8,-1,-1,-1,2,1,2
2018010087404,1,9,0,-1,-1,0,-1,-1,-1,-1,2,-1,2,1,58,9,1596,1,3,8,1,8
2018010087404,2,9,0,-1,-1,0,-1,-1,-1,-1,1,-1,6,1,-1,-1,1497,8,2,7,1,7
2018010087405,1,11,0,-1,2,0,-1,-1,-1,-1,-1,1,6,3,-1,-1,9360,2,9,-1,-1,-1
2018010087408,1,1,-1,-1,-1,-1,-1,-1,-1,-1,1,1,6,1,44,7,-1,-1,-1,8,3,8
2018010087408,2,9,0,-1,-1,-1,-1,-1,-1,-1,-1,-1,6,2,-1,-1,1781,1,13,7,1,7
2018010087413,1,9,0,7,2,5,0,0,0,0,3,1,2,2,21,5,998,1,4,7,1,7
2018010087413,2,9,0,18,2,1,0,0,0,0,1,1,2,1,51,8,2000,2,8,1,1,1
2018010087414,1,11,0,18,0,1,0,0,0,0,0,1,1,1,22,5,4500,2,2,8,1,8
2018010087418,1,9,0,6,9,5,0,0,1,10,1,1,6,2,95,11,1797,8,3,7,1,7
2018010087419,1,19,0,10,0,1,0,0,0,0,3,1,1,1,39,7,2402,2,8,4,1,4
2018010087419,2,1,0,15,0,1,0,0,0,0,1,1,1,1,30,6,-1,-1,-1,1,1,1
2018010087421,1,9,0,18,0,4,0,0,0,0,4,1,1,2,33,6,1798,8,4,4,1,4
2018010087421,2,1,0,18,0,4,0,0,0,0,1,1,2,1,33,6,-1,-1,-1,6,1,6
2018010087422,1,11,0,5,0,0,0,0,0,0,0,1,2,1,32,6,6692,2,7,9,1,9
2018010087423,1,1,-1,-1,-1,-1,-1,-1,-1,-1,-1,1,2,1,28,6,-1,-1,-1,7,1,7
2018010087423,2,9,0,-1,-1,-1,-1,-1,-1,-1,1,-1,6,1,-1,-1,1461,2,1,-1,-1,-1
2018010087427,1,1,-1,-1,-1,-1,-1,-1,-1,-1,1,1,2,2,28,6,-1,-1,-1,7,1,7
2018010087427,2,9,0,-1,-1,-1,-1,-1,-1,-1,3,-1,6,3,-1,-1,-1,-1,-1,-1,-1,-1
2018010087428,1,9,0,18,0,2,0,0,0,0,4,1,1,1,30,6,-1,-1,-1,4,1,4
2018010087434,1,11,0,4,0,1,0,0,0,0,0,1,6,1,42,7,6700,2,9,7,1,7
2018010087436,1,9,0,4,0,1,0,0,0,0,4,1,6,1,82,11,1995,2,11,2,1,2
2018010087441,1,9,0,18,0,1,0,0,0,0,3,1,6,1,53,8,1796,2,6,4,1,4
2018010087441,2,20,1,18,0,1,0,0,0,0,1,1,1,1,51,8,-1,-1,-1,5,1,5
2018010087442,1,1,-1,-1,-1,-1,-1,-1,-1,-1,-1,1,2,1,26,6,-1,-1,-1,3,1,3
2018010087442,2,9,0,-1,-1,-1,-1,-1,-1,-1,-1,-1,6,1,-1,-1,-1,-1,-1,-1,-1,-1
2018010087444,1,9,0,9,0,5,0,0,0,0,1,1,6,3,-1,-1,-1,-1,-1,-1,-1,-1
2018010087445,1,9,0,-1,-1,0,-1,-1,-1,-1,-1,-1,6,1,44,7,1560,2,4,10,2,10
2018010087445,2,20,-1,-1,-1,0,-1,-1,-1,-1,1,-1,6,1,-1,-1,-1,-1,-1,5,3,5
2018010087446,1,9,-1,-1,-1,0,-1,-1,-1,-1,1,-1,6,2,32,6,1598,1,10,-1,-1,-1
2018010087446,2,9,-1,-1,-1,0,5,-1,-1,-1,-1,-1,6,1,43,7,1598,2,3,3,1,3
2018010087451,1,9,0,18,0,8,0,0,0,0,4,1,6,1,17,4,1242,1,2,5,1,5
2018010087451,2,9,0,5,0,6,0,0,0,0,1,1,6,1,24,5,1984,2,4,7,1,7
2018010087463,1,3,0,18,0,2,0,0,0,0,1,1,2,1,36,7,124,1,12,2,1,2
2018010087463,2,9,0,7,0,2,0,0,0,0,2,1,1,1,26,6,1598,2,7,3,1,3
2018010087465,1,1,-1,-1,-1,0,-1,-1,-1,-1,-1,1,2,1,25,5,-1,-1,-1,10,1,10
2018010087465,2,9,0,-1,-1,0,-1,-1,-1,-1,-1,-1,6,3,-1,-1,1591,1,5,7,1,7
2018010087469,1,9,0,18,0,0,0,0,0,0,1,1,6,1,84,11,1600,1,3,3,1,3
2018010087469,2,9,0,2,0,0,0,0,0,0,2,1,6,3,-1,-1,1997,1,5,-1,-1,-1
2018010087469,3,9,0,2,0,0,0,0,0,0,3,1,6,3,-1,-1,1796,1,26,-1,-1,-1
2018010087470,1,9,0,5,0,0,0,0,0,0,1,1,1,1,34,6,-1,-1,-1,-1,-1,-1
2018010087470,2,3,0,18,0,0,0,0,0,0,1,1,1,1,41,7,124,1,2,5,1,5
2018010087472,1,9,0,18,0,1,0,0,0,0,1,1,6,2,32,6,998,1,16,7,1,7
2018010087472,2,9,0,9,0,1,0,0,0,0,1,1,6,1,25,5,1242,1,13,6,1,6
2018010087477,1,8,0,18,0,2,0,0,0,0,1,1,6,1,41,7,1797,8,8,2,1,2
2018010087479,1,3,0,18,0,2,0,0,0,0,1,1,2,1,42,7,125,1,1,5,1,5
2018010087481,1,9,0,5,0,0,0,0,0,0,4,1,3,1,41,7,1995,2,7,3,1,3
2018010087482,1,9,0,5,0,6,0,0,0,0,3,1,6,1,50,8,1999,1,12,6,1,6
2018010087482,2,5,0,4,0,1,0,0,0,0,1,1,6,1,36,7,599,1,18,8,1,8
2018010087491,1,9,0,9,0,6,0,0,0,0,1,1,6,2,50,8,1796,1,4,4,1,4
2018010087491,2,4,0,18,0,1,0,0,0,0,1,1,6,1,29,6,125,1,2,3,1,3
2018010087493,1,9,0,13,0,1,1,0,0,0,1,1,6,3,-1,-1,2720,2,10,-1,-1,-1
2018010087493,2,9,0,9,0,1,0,0,0,0,3,1,6,2,50,8,2179,2,4,8,1,8
2018010087493,3,9,0,5,0,1,0,0,0,0,1,1,6,1,52,8,-1,-1,-1,6,1,6
2018010087493,4,9,0,3,0,2,0,0,0,0,2,1,6,1,29,6,1968,2,9,3,1,3
2018010087493,5,9,0,3,0,2,0,0,0,0,2,1,6,2,24,5,998,1,5,4,1,4
2018010087493,6,9,0,3,0,2,0,0,0,0,2,2,6,1,36,7,1997,2,7,2,1,2
2018010087493,7,9,0,5,0,1,0,0,0,0,0,1,6,1,45,7,999,1,1,4,1,4
2018010087497,1,9,0,6,0,0,0,0,0,0,1,1,6,1,21,5,1339,1,4,9,1,9
2018010087497,2,5,0,17,0,0,0,0,0,0,1,1,6,1,57,9,750,1,35,10,1,10
2018010087498,1,9,0,18,-1,-1,-1,-1,-1,-1,-1,-1,6,1,48,8,1969,2,3,9,1,9
2018010087500,1,9,0,6,0,6,0,0,0,0,3,1,6,1,50,8,1968,2,3,5,1,5
2018010087500,2,3,0,18,0,2,1,0,0,0,1,1,6,1,27,6,125,1,4,9,1,9
2018010087502,1,9,0,18,0,0,0,0,0,0,3,1,6,2,42,7,1995,2,14,6,1,6
2018010087502,2,9,0,18,0,0,0,0,0,0,3,1,1,1,26,6,-1,-1,-1,7,1,7
2018010087502,3,9,0,18,0,0,0,0,0,0,3,1,6,1,65,9,2180,2,24,8,1,8
2018010087502,4,9,0,18,0,0,0,0,0,0,2,1,6,1,42,7,1998,1,15,2,1,2
2018010087503,1,5,0,18,0,1,0,0,0,0,1,1,6,1,31,6,803,1,5,5,1,5
2018010087503,2,9,0,9,0,6,0,0,0,0,1,1,6,1,61,9,998,1,3,5,1,5
2018010087505,1,9,0,4,0,0,0,0,0,0,2,1,6,2,30,6,1910,2,13,1,1,1
2018010087505,2,9,0,4,0,0,0,0,0,0,2,1,6,1,23,5,1598,1,11,4,1,4
2018010087505,3,3,0,18,0,0,0,0,0,0,1,1,6,1,36,7,125,1,2,2,1,2
2018010087508,1,3,0,18,0,8,0,0,0,0,1,1,1,1,27,6,125,1,2,8,1,8
2018010087512,1,4,0,14,0,8,0,0,0,0,1,1,6,1,26,6,847,1,4,7,1,7
2018010087513,1,9,0,10,0,1,0,0,0,0,2,-1,6,1,47,8,1590,1,17,8,1,8
2018010087513,2,9,0,18,0,1,0,0,0,0,1,-1,6,2,-1,-1,1242,1,4,-1,-1,-1
2018010087514,1,8,0,5,0,2,0,0,0,0,4,1,6,3,-1,-1,2143,2,4,-1,-1,-1
2018010087518,1,9,0,15,0,1,0,0,0,0,1,1,6,1,53,8,1988,1,18,3,1,3
2018010087518,2,1,0,18,0,1,0,0,0,0,2,1,6,1,65,9,-1,-1,-1,6,1,6
2018010087519,1,9,0,3,0,1,0,0,0,0,2,1,6,1,45,7,1910,2,11,8,1,8
2018010087519,2,9,0,18,0,1,0,0,0,0,1,1,6,2,37,7,2360,1,9,5,1,5
2018010087520,1,19,0,1,0,1,0,0,0,0,2,1,1,1,25,5,1560,2,1,4,1,4
2018010087521,1,9,0,-1,-1,1,-1,-1,-1,-1,1,-1,2,2,25,5,1240,1,12,4,1,4
2018010087521,2,9,-1,-1,0,1,-1,-1,0,0,-1,-1,6,3,-1,-1,-1,-1,-1,-1,-1,-1
2018010087522,1,9,0,9,0,1,0,0,0,0,1,1,6,1,51,8,1598,1,14,1,1,1
2018010087522,2,1,0,18,0,1,0,0,0,0,1,1,2,1,40,7,-1,-1,-1,2,1,2
2018010087523,1,9,0,18,0,0,0,0,0,0,2,1,6,1,45,7,1797,8,8,3,1,3
2018010087523,2,11,0,18,0,0,0,0,0,0,3,1,1,1,55,8,4250,2,6,7,1,7
2018010087528,1,9,0,3,0,0,0,0,0,0,2,1,6,1,41,7,1499,2,1,4,1,4
2018010087528,2,9,0,18,0,0,0,0,0,0,1,1,2,1,33,6,-1,-1,-1,8,1,8
2018010087529,1,8,0,-1,-1,0,-1,-1,-1,-1,2,-1,6,1,44,7,1995,2,8,-1,-1,-1
2018010087529,2,1,-1,-1,-1,0,-1,-1,-1,-1,-1,1,6,1,-1,-1,-1,-1,-1,-1,-1,-1
2018010087530,1,9,0,9,0,8,0,0,0,0,0,1,6,1,37,7,2143,12,3,1,1,1
2018010087530,2,1,0,18,0,8,0,0,0,0,1,1,6,1,17,4,-1,-1,-1,2,1,2
2018010087533,1,1,-1,-1,-1,-1,-1,-1,-1,-1,-1,1,2,1,47,8,-1,-1,-1,10,1,10
2018010087533,2,9,0,-1,-1,-1,-1,-1,-1,-1,-1,-1,6,1,-1,-1,1686,2,7,-1,-1,-1
2018010087537,1,9,0,18,0,2,0,0,0,0,1,1,6,2,38,7,1229,1,7,2,1,2
2018010087539,1,9,0,4,0,8,0,12,0,0,4,1,6,1,27,6,4163,1,9,2,1,2
2018010087541,1,3,0,18,0,1,1,0,0,0,1,1,2,1,21,5,125,1,1,6,1,6
2018010087541,2,9,0,18,0,1,0,0,0,0,1,1,6,1,54,8,1685,2,5,9,1,9
2018010087542,1,9,0,-1,-1,0,-1,-1,-1,-1,-1,-1,6,2,48,8,1560,2,8,6,1,6
2018010087542,2,9,0,-1,-1,0,-1,-1,-1,-1,1,-1,6,2,-1,-1,1242,1,4,2,1,2
2018010087546,1,9,0,18,0,8,0,0,0,0,1,1,1,1,34,6,1797,8,7,1,1,1
2018010087546,2,9,0,18,0,7,1,0,0,0,3,1,6,3,-1,-1,2000,2,14,-1,-1,-1
2018010087547,1,9,0,7,0,1,0,0,0,0,4,1,6,3,-1,-1,1149,1,11,-1,-1,-1
2018010087548,1,9,0,18,0,1,0,4,1,10,1,1,6,1,27,6,-1,-1,-1,3,1,3
2018010087548,2,9,0,2,0,1,0,4,1,0,2,1,6,3,-1,-1,1968,2,1,-1,-1,-1
2018010087549,1,9,0,7,0,6,0,0,0,0,1,1,6,1,19,4,1149,1,12,1,1,1
2018010087552,1,9,0,12,0,0,0,0,0,0,1,1,6,3,-1,-1,-1,-1,-1,-1,-1,-1
2018010087554,1,4,0,18,0,0,0,7,0,0,1,1,6,1,41,7,-1,-1,-1,3,1,3
2018010087570,1,9,0,18,0,0,0,-1,0,0,-1,-1,6,1,29,6,-1,-1,-1,4,1,4
2018010087570,2,11,0,18,0,0,0,-1,0,0,-1,1,6,3,-1,-1,9630,2,8,-1,-1,-1
2018010087636,1,9,0,-1,-1,0,-1,-1,-1,-1,-1,-1,6,2,20,4,1197,1,2,9,1,9
2018010087643,1,9,0,-1,-1,-1,-1,-1,-1,-1,-1,-1,6,1,34,6,1596,1,6,6,1,6
2018010087643,2,9,0,-1,-1,-1,-1,-1,-1,-1,1,-1,6,2,-1,-1,1299,1,16,9,1,9
2018010087649,1,9,0,5,-1,0,-1,-1,-1,-1,-1,-1,1,1,-1,-1,1798,8,5,-1,-1,-1
2018010087673,1,9,0,9,0,6,0,0,0,0,1,-1,6,3,-1,-1,-1,-1,-1,-1,-1,-1
2018010087676,1,9,0,9,0,8,0,0,0,0,3,1,6,2,51,8,1242,1,2,7,1,7
2018010087676,2,1,0,18,0,1,0,0,0,0,1,1,4,1,25,5,-1,-1,-1,5,1,5
2018010087709,1,9,0,18,0,1,0,0,0,0,1,1,2,1,58,9,1560,2,4,3,1,3
2018010087709,2,9,0,10,0,6,0,0,0,0,1,1,2,2,39,7,2401,2,12,4,1,4
2018010087722,1,9,0,-1,-1,-1,-1,-1,-1,-1,-1,-1,6,2,70,10,1796,1,11,4,1,4
2018010087722,2,9,0,-1,-1,-1,-1,-1,-1,-1,1,-1,6,3,-1,-1,1590,1,16,-1,-1,-1
2018010087731,1,9,0,18,0,8,0,0,0,0,1,1,6,3,-1,-1,2199,2,7,-1,-1,-1
2018010087734,1,9,0,5,0,0,0,0,0,0,3,1,6,2,47,8,1598,1,15,4,1,4
2018010087734,2,9,0,18,0,0,0,0,0,0,1,1,6,1,-1,-1,1948,1,17,2,1,2
2018010087734,3,19,0,2,0,0,0,0,0,0,4,1,6,3,-1,-1,1995,2,11,-1,-1,-1
2018010087734,4,9,0,2,0,0,0,0,0,0,2,1,6,3,-1,-1,1597,1,25,-1,-1,-1
2018010087743,1,11,0,18,0,0,0,0,0,0,0,1,1,1,65,9,4760,2,5,7,1,7
2018010087748,1,9,0,18,0,1,1,7,0,0,1,1,6,1,29,6,1950,2,-1,3,1,3
2018010087748,2,9,0,9,0,6,0,0,0,0,1,1,6,1,24,5,2967,2,7,4,1,4
2018010087754,1,1,-1,-1,-1,-1,-1,-1,-1,-1,-1,1,6,1,26,6,-1,-1,-1,3,1,3
2018010087754,2,1,-1,-1,-1,-1,-1,-1,-1,-1,-1,1,6,1,-1,-1,-1,-1,-1,-1,-1,-1
2018010087757,1,19,0,18,0,1,0,0,0,0,1,1,1,1,44,7,1499,2,1,4,1,4
2018010087768,1,9,0,-1,-1,-1,-1,-1,-1,-1,1,-1,6,1,-1,-1,1389,1,20,-1,-1,-1
2018010087769,1,9,0,7,0,3,0,10,0,0,3,1,6,1,26,6,1896,2,10,2,1,2
2018010087769,2,9,0,18,0,8,0,0,0,0,3,1,6,1,31,6,1560,2,4,7,1,7
2018010087770,1,2,0,18,0,1,0,0,1,0,1,1,6,2,34,6,125,1,1,4,1,4
2018010087770,2,9,0,3,0,1,0,0,1,0,1,1,6,1,30,6,1968,2,6,5,1,5
2018010087774,1,9,0,-1,-1,-1,-1,-1,-1,-1,-1,-1,6,1,38,7,1390,1,6,6,1,6
2018010087774,2,1,-1,-1,-1,-1,-1,-1,-1,-1,-1,1,6,1,-1,-1,-1,-1,-1,-1,-1,-1
2018010087775,1,9,0,1,0,1,0,0,0,0,2,1,6,1,29,6,1197,1,4,8,1,8
2018010087775,2,4,0,18,0,1,0,0,0,0,1,1,1,1,23,5,125,1,1,5,1,5
2018010087776,1,9,0,18,0,6,0,4,7,10,1,1,6,1,-1,-1,1968,2,4,3,1,3
2018010087779,1,9,0,9,0,8,0,0,0,0,4,1,6,2,55,8,999,1,2,1,1,1
2018010087785,1,3,0,18,-1,-1,-1,-1,-1,-1,-1,1,6,1,21,5,125,1,8,3,1,3
2018010087788,1,9,0,-1,-1,0,-1,-1,-1,-1,1,-1,2,1,42,7,3246,1,14,3,1,3
2018010087788,2,1,-1,-1,-1,0,-1,-1,-1,-1,1,1,6,1,-1,-1,-1,-1,-1,-1,-1,-1
2018010087793,1,3,0,18,0,1,1,0,0,0,1,1,6,1,34,6,125,1,5,3,1,3
2018010087793,2,9,0,18,0,1,0,0,0,0,2,2,6,1,40,7,-1,-1,-1,6,1,6
2018010087797,1,9,0,18,0,8,0,0,0,0,1,1,6,3,-1,-1,-1,-1,-1,-1,-1,-1
2018010087797,2,1,0,18,0,8,0,0,0,0,1,1,6,1,38,7,-1,-1,-1,3,1,3
2018010087799,1,9,0,7,0,1,0,0,0,0,1,1,6,3,-1,-1,1995,2,3,-1,-1,-1
2018010087801,1,9,0,12,0,7,0,0,0,0,0,1,6,3,-1,-1,-1,-1,-1,-1,-1,-1
2018010087801,2,9,0,18,0,8,0,0,0,0,2,1,6,1,24,5,1598,2,6,2,1,2
2018010087801,3,9,0,18,0,1,0,0,0,0,1,1,6,1,34,6,1598,1,18,2,1,2
2018010087801,4,9,0,18,0,1,0,0,0,0,1,1,6,2,20,4,999,1,2,2,1,2
2018010087809,1,90,0,18,0,1,0,0,0,0,0,1,1,1,42,7,-1,-1,-1,4,1,4
2018010087809,2,9,0,18,0,1,0,4,0,0,2,1,6,1,21,5,1229,1,5,8,1,8
2018010087809,3,9,0,2,0,8,0,0,0,0,1,1,6,3,-1,-1,1997,1,1,-1,-1,-1
2018010087809,4,9,0,18,0,1,0,0,0,0,4,1,6,1,72,10,1998,2,6,3,1,3
2018010087821,1,9,0,9,0,5,0,0,0,0,1,1,6,1,37,7,1997,2,5,6,1,6
2018010087824,1,9,0,18,0,1,0,0,0,0,4,1,6,2,39,7,1796,1,17,10,1,10
2018010087825,1,3,0,18,2,0,0,0,0,0,1,1,2,1,47,8,108,1,1,3,1,3
2018010087825,2,3,0,11,9,0,0,0,0,0,2,1,6,1,20,4,124,1,2,2,1,2
2018010087829,1,9,0,9,2,5,0,0,0,0,4,1,6,2,35,6,1798,1,11,6,1,6
2018010087829,2,5,0,18,2,2,0,0,0,0,1,1,2,1,50,8,647,1,2,2,1,2
2018010087832,1,11,0,7,0,2,0,0,0,0,1,1,1,1,38,7,4461,2,5,6,1,6
2018010087834,1,9,0,3,0,5,0,0,0,0,2,1,6,1,37,7,2967,2,9,3,1,3
2018010087834,2,1,0,7,0,2,0,0,0,0,1,1,6,1,38,7,-1,-1,-1,2,1,2
2018010087836,1,3,0,18,2,1,0,0,0,0,1,1,1,1,21,5,108,1,4,4,1,4
2018010087836,2,9,0,9,0,5,0,0,0,0,4,1,6,3,-1,-1,1364,1,10,-1,-1,-1
2018010087838,1,9,0,9,0,5,0,0,0,0,1,1,6,2,36,7,1296,1,10,7,1,7
2018010087843,1,1,0,18,0,1,0,0,0,0,1,1,6,2,29,6,-1,-1,-1,4,1,4
2018010087843,2,9,0,18,0,1,0,0,0,0,1,1,6,1,-1,-1,-1,-1,-1,-1,-1,-1
2018010087844,1,3,0,18,0,8,0,0,0,0,2,1,1,1,37,7,125,1,6,3,1,3
2018010087844,2,9,0,18,0,8,0,0,0,0,2,1,6,1,39,7,1595,1,11,8,1,8
2018010087844,3,9,0,18,0,8,1,0,0,0,1,1,6,1,32,6,1769,1,12,3,-1,3
2018010087844,4,9,0,9,0,6,0,0,0,0,0,1,1,1,28,6,1582,2,5,4,1,4
2018010087847,1,9,0,9,0,8,0,0,0,0,4,1,2,1,43,7,2179,2,6,5,1,5
2018010087848,1,3,0,10,0,1,0,10,0,0,2,1,1,1,18,4,-1,-1,-1,2,1,2
2018010087848,2,9,0,4,0,1,0,0,0,0,1,1,6,3,-1,-1,3200,1,11,-1,-1,-1
2018010087849,1,8,0,14,0,1,0,0,0,0,0,1,1,1,50,8,1997,2,4,3,1,3
2018010087852,1,8,0,5,0,2,0,0,0,0,3,1,1,1,40,7,1798,8,5,2,1,2
2018010087852,2,1,0,18,0,2,0,0,0,0,1,1,6,2,25,5,-1,-1,-1,2,1,2
2018010087853,1,9,0,18,0,2,0,4,0,0,1,1,6,1,34,6,1797,8,6,6,1,6
2018010087853,2,8,0,4,0,2,0,0,0,0,2,1,1,1,51,8,2499,2,9,10,1,10
2018010087855,1,9,0,9,0,8,0,0,0,0,1,1,6,1,36,7,2148,2,10,1,1,1
2018010087855,2,9,0,9,0,3,0,0,0,0,1,1,6,1,25,5,1560,2,3,5,1,5
2018010087859,1,9,0,-1,-1,0,-1,-1,-1,-1,2,-1,6,1,51,8,1797,8,8,2,1,2
2018010087859,2,9,0,-1,-1,0,-1,-1,-1,-1,1,-1,6,1,-1,-1,2148,2,14,-1,-1,-1
2018010087859,3,9,-1,-1,-1,0,-1,-1,-1,-1,-1,-1,6,3,-1,-1,-1,-1,-1,-1,-1,-1
2018010087862,1,9,0,9,0,5,0,0,0,0,1,1,6,1,43,7,1910,2,13,9,1,9
2018010087863,1,1,0,18,0,1,0,0,0,0,1,1,6,1,20,4,-1,-1,-1,2,1,2
2018010087863,2,9,0,9,0,6,0,0,0,0,3,1,6,1,47,8,1598,1,14,10,1,10
2018010087866,1,9,0,-1,-1,-1,-1,-1,-1,-1,-1,-1,6,2,45,7,1390,1,6,5,1,5
2018010087866,2,9,0,-1,-1,-1,-1,-1,-1,-1,-1,-1,6,3,-1,-1,-1,-1,-1,-1,-1,-1
2018010087867,1,90,0,18,0,8,0,0,0,0,2,1,6,3,-1,-1,-1,-1,-1,-1,-1,-1
2018010087870,1,9,0,18,0,8,0,0,0,0,1,1,6,1,38,7,1390,1,14,1,1,1
2018010087870,2,9,0,5,0,6,1,0,0,0,4,1,6,2,48,8,998,1,1,5,1,5
2018010087872,1,9,0,1,0,0,0,0,0,0,2,1,6,3,-1,-1,-1,-1,-1,-1,-1,-1
2018010087874,1,9,0,18,0,8,0,0,0,0,3,1,6,1,38,7,998,1,17,3,1,3
2018010087874,2,9,0,18,0,8,0,0,0,0,4,1,6,2,27,6,1560,2,4,3,1,3
2018010087878,1,9,0,16,0,0,0,0,0,0,1,1,6,1,60,9,1685,2,1,2,1,2
2018010087879,1,9,0,7,2,8,0,0,0,0,4,1,6,2,54,8,1395,1,3,5,1,5
2018010087879,2,5,0,18,2,8,1,7,1,0,1,1,6,1,23,5,599,1,20,2,1,2
2018010087884,1,9,0,-1,-1,0,-1,-1,-1,-1,-1,-1,6,1,-1,-1,-1,-1,-1,-1,-1,-1
2018010087889,1,9,0,16,0,2,0,0,0,0,1,1,6,2,25,5,1991,1,1,4,1,4
2018010087889,2,90,0,18,0,8,0,0,0,0,1,1,1,1,41,7,-1,-1,-1,8,1,8
2018010087891,1,9,0,9,0,6,0,0,0,0,1,1,6,1,35,6,1798,1,1,4,1,4
2018010087891,2,9,0,18,0,6,0,0,0,0,1,1,6,1,19,4,999,1,5,8,1,8
2018010087892,1,11,0,4,0,2,0,0,0,0,0,1,1,1,48,8,-1,-1,-1,1,1,1
2018010087896,1,9,0,18,0,3,0,4,0,0,3,1,6,2,28,6,1388,1,8,3,1,3
2018010087896,2,9,0,18,0,3,0,0,0,0,1,1,6,3,-1,-1,-1,-1,-1,-1,-1,-1
2018010087900,1,9,0,18,0,1,0,0,1,2,1,1,3,2,30,6,1198,1,8,4,1,4
2018010087901,1,3,0,18,9,0,0,0,0,0,4,1,6,1,16,4,125,1,3,2,1,2
2018010087902,1,11,0,5,0,1,0,0,0,0,0,1,1,1,61,9,4461,2,5,-1,-1,-1
2018010087904,1,8,0,4,0,1,0,0,0,0,1,1,6,1,43,7,1797,8,7,2,1,2
2018010087904,2,8,0,4,0,1,0,0,0,0,2,1,6,2,57,9,1968,2,9,3,1,3
2018010087907,1,9,0,4,0,0,0,0,0,0,2,1,6,2,42,7,998,1,3,3,1,3
2018010087907,2,9,0,4,0,0,0,0,0,0,0,1,6,1,39,7,1794,1,11,4,1,4
2018010087907,3,19,0,4,0,0,0,0,0,0,1,1,2,1,28,6,2198,2,11,2,1,2
2018010087908,1,9,0,7,0,3,0,0,0,0,4,1,6,2,31,6,1560,2,9,6,1,6
2018010087908,2,9,0,9,0,3,0,0,0,0,1,1,6,1,52,8,1339,8,11,5,1,5