Accident_Index,Vehicle_Reference,Vehicle_Type,Towing_and_Articulation,Vehicle_Manoeuvre,Vehicle_Location-Restricted_Lane,Junction_Location,Skidding_and_Overturning,Hit_Object_in_Carriageway,Vehicle_Leaving_Carriageway,Hit_Object_off_Carriageway,1st_Point_of_Impact,Was_Vehicle_Left_Hand_Drive?,Journey_Purpose_of_Driver,Sex_of_Driver,Age_of_Driver,Age_Band_of_Driver,Engine_Capacity_(CC),Propulsion_Code,Age_of_Vehicle,Driver_IMD_Decile,Driver_Home_Area_Type,Vehicle_IMD_Decile
2018010087909,1,8,0,18,0,1,0,0,0,0,1,1,1,1,-1,-1,-1,-1,-1,-1,-1,-1
2018010087919,1,9,0,18,0,0,5,0,0,0,1,1,6,2,25,5,1499,2,1,6,1,6
2018010087919,2,9,0,2,0,0,0,0,0,0,1,1,6,3,-1,-1,2776,2,12,-1,-1,-1
2018010087922,1,9,0,4,0,0,0,0,0,0,2,1,6,1,41,7,1798,8,1,3,1,3
2018010087922,2,9,0,4,0,0,0,0,0,0,1,1,2,2,30,6,1796,1,13,7,1,7
2018010087924,1,3,0,18,0,8,0,0,0,0,4,1,1,1,50,8,125,1,1,4,1,4
2018010087924,2,19,0,18,0,8,0,0,0,0,1,1,1,1,58,9,1995,2,6,7,1,7
2018010087925,1,11,0,9,0,1,0,0,0,0,3,1,1,1,69,10,4500,2,6,4,1,4
2018010087925,2,9,0,9,0,1,0,0,0,0,4,1,6,1,56,9,1200,1,2,3,1,3
2018010087926,1,9,0,7,0,2,0,0,0,0,1,1,6,3,-1,-1,-1,-1,-1,-1,-1,-1
2018010087928,1,9,0,1,9,2,0,0,1,10,4,1,6,2,45,7,1991,2,7,2,1,2
2018010087928,2,9,0,2,9,2,0,0,0,0,1,1,6,3,-1,-1,1968,2,2,-1,-1,-1
2018010087929,1,3,0,-1,-1,0,-1,-1,-1,-1,-1,1,6,1,32,6,125,1,3,5,1,5
2018010087929,2,9,0,-1,-1,0,-1,-1,-1,-1,-1,-1,6,1,-1,-1,-1,-1,-1,-1,-1,-1
2018010087947,1,9,0,18,0,2,0,0,0,0,1,1,6,2,47,8,1498,1,2,5,1,5
2018010087947,2,1,0,18,0,2,0,0,0,0,2,1,6,2,42,7,-1,-1,-1,5,1,5
2018010087953,1,9,0,18,0,0,5,4,0,0,1,1,6,2,37,7,1229,1,8,4,1,4
2018010087953,2,9,0,2,0,0,0,0,0,0,1,1,6,3,-1,-1,1242,1,8,-1,-1,-1
2018010087958,1,21,0,18,0,2,0,0,0,0,4,1,1,1,50,8,6700,2,2,5,1,5
2018010087958,2,9,0,12,0,2,1,0,0,0,3,1,6,2,48,8,1198,1,6,5,1,5
2018010087961,1,9,0,-1,-1,0,-1,-1,-1,-1,1,-1,6,1,-1,-1,1799,1,9,2,1,2
2018010087962,1,9,0,18,0,0,0,0,0,0,1,1,6,1,54,8,2179,2,9,4,1,4
2018010087962,2,9,0,3,0,0,0,0,0,0,2,1,6,1,38,7,1560,2,9,3,1,3
2018010087962,3,9,0,3,0,0,0,0,0,0,2,1,6,1,37,7,2143,2,8,6,1,6
2018010087966,1,1,-1,-1,-1,-1,-1,-1,-1,-1,-1,1,6,1,20,4,-1,-1,-1,1,1,1
2018010087966,2,9,0,-1,-1,-1,-1,-1,-1,-1,-1,-1,6,1,46,8,2993,2,14,7,1,7
2018010087967,1,9,0,-1,-1,0,-1,-1,-1,-1,2,-1,6,1,52,8,2894,1,1,10,1,10
2018010087967,2,8,0,-1,-1,0,-1,-1,-1,-1,1,-1,6,1,-1,-1,2143,2,4,-1,-1,-1
2018010087969,1,9,0,4,0,0,0,0,0,0,1,1,6,1,54,8,2400,2,10,4,1,4
2018010087969,2,19,0,4,0,0,0,0,0,0,2,1,1,1,50,8,2198,2,3,6,1,6
2018010087969,3,9,0,4,0,0,0,0,0,0,1,1,6,2,42,7,1997,2,9,2,1,2
2018010087971,1,11,0,18,0,1,0,0,0,0,0,1,1,1,53,8,4760,2,6,9,3,9
2018010087972,1,9,0,18,0,0,0,0,0,0,1,1,6,2,93,11,1762,1,20,7,1,7
2018010087972,2,9,0,2,0,0,0,0,0,0,1,1,6,3,-1,-1,2996,1,12,-1,-1,-1
2018010087978,1,9,0,7,0,3,0,0,0,0,1,1,6,2,28,6,1995,2,1,2,1,2
2018010087978,2,3,0,17,0,8,0,0,0,0,3,1,6,1,40,7,124,1,3,4,1,4
2018010087979,1,9,0,4,0,1,0,0,0,0,4,1,6,1,25,5,1968,2,12,1,1,1
2018010087980,1,9,0,17,9,0,0,10,1,1,1,1,6,1,18,4,1796,1,13,-1,-1,-1
2018010087988,1,11,0,4,2,0,0,0,0,0,0,1,1,1,48,8,6692,2,5,8,1,8
2018010087990,1,3,0,9,0,8,0,0,0,0,1,1,1,1,22,5,124,1,1,3,1,3
2018010087990,2,9,0,18,0,8,0,0,0,0,3,1,6,2,70,10,1596,1,16,10,1,10
2018010087991,1,9,0,13,0,0,0,0,0,0,0,1,6,3,-1,-1,-1,-1,-1,-1,-1,-1
2018010087992,1,9,0,3,0,1,0,0,0,0,2,1,6,2,37,7,2993,2,2,3,1,3
2018010087992,2,9,0,18,0,1,0,7,0,0,1,1,6,3,-1,-1,2993,2,2,-1,-1,-1
2018010087996,1,9,0,3,0,1,0,0,0,0,4,1,6,2,34,6,1598,1,14,4,1,4
2018010087996,2,1,0,18,0,1,5,0,0,0,1,1,6,1,15,3,-1,-1,-1,1,1,1
2018010088000,1,9,0,18,0,1,0,0,0,0,1,1,6,2,50,8,1968,2,6,9,1,9
2018010088000,2,9,0,18,0,2,0,0,0,0,1,1,6,1,25,5,1598,2,1,7,1,7
2018010088013,1,2,0,5,0,0,0,0,0,0,1,1,1,1,19,4,49,1,10,5,1,5
2018010088013,2,1,0,18,0,0,0,0,0,0,1,1,6,1,29,6,-1,-1,-1,1,1,1
2018010088016,1,9,0,18,0,0,0,0,0,0,1,2,6,1,42,7,998,1,17,2,1,2
2018010088017,1,8,0,18,0,2,0,0,0,0,1,1,2,1,52,8,1997,2,4,3,1,3
2018010088018,1,9,0,18,0,0,0,0,0,0,4,1,1,1,59,9,1798,8,3,3,1,3
2018010088018,2,4,0,15,0,0,1,0,0,0,3,1,1,1,22,5,125,1,7,4,1,4
2018010088022,1,9,0,5,8,0,0,0,3,0,3,1,3,1,42,7,1240,1,13,3,1,3
2018010088022,2,9,0,13,0,0,0,4,0,0,1,1,6,2,27,6,1968,2,8,5,1,5
2018010088026,1,9,0,5,0,8,0,0,0,0,1,1,6,1,31,6,2143,12,4,3,1,3
2018010088026,2,3,0,5,0,8,0,0,0,0,1,1,1,1,30,6,125,1,4,3,1,3
2018010088028,1,8,0,18,0,0,0,0,0,0,1,1,1,1,47,8,1797,8,6,3,1,3
2018010088030,1,9,0,18,0,1,0,4,0,0,1,1,6,2,23,5,998,1,11,4,1,4
2018010088030,2,9,0,4,0,1,0,0,0,0,3,1,6,1,30,6,1995,2,8,2,1,2
2018010088031,1,2,0,4,0,0,5,4,1,0,1,1,1,1,23,5,49,1,6,1,1,1
2018010088031,2,19,0,2,0,0,0,0,0,0,1,1,6,3,-1,-1,2198,2,2,-1,-1,-1
2018010088031,3,9,0,18,0,0,0,0,0,0,1,1,6,3,-1,-1,-1,-1,-1,-1,-1,-1
2018010088032,1,9,0,4,4,1,0,0,0,0,1,1,6,2,23,5,1229,1,11,4,1,4
2018010088032,2,3,0,4,0,1,0,0,0,0,2,1,6,1,17,4,108,1,3,2,1,2
2018010088033,1,8,0,16,0,8,0,0,0,0,1,1,1,1,50,8,1797,8,6,3,1,3
2018010088033,2,8,0,9,0,6,0,0,0,0,4,1,1,1,51,8,2148,2,8,7,1,7
2018010088036,1,9,0,5,0,0,0,0,0,0,1,1,6,1,43,7,2982,2,17,7,1,7
2018010088036,2,9,0,5,0,0,0,0,0,0,3,1,1,1,32,6,1598,2,5,3,1,3
2018010088038,1,9,0,18,0,8,0,0,0,0,1,1,6,1,30,6,1560,2,11,5,1,5
2018010088038,2,9,0,9,0,8,0,0,0,0,1,1,6,1,30,6,1339,1,8,8,1,8
2018010088042,1,19,0,18,0,0,0,0,1,4,1,1,1,1,26,6,2198,2,6,6,2,6
2018010088042,2,9,0,18,0,0,0,0,0,0,2,1,6,1,23,5,2497,2,12,-1,-1,-1
2018010088043,1,9,0,18,0,1,0,0,2,2,1,1,6,1,41,7,1998,2,11,4,1,4
2018010088044,1,9,0,18,0,1,1,11,2,10,1,1,6,1,19,4,1390,1,8,6,1,6
2018010088045,1,9,0,2,0,0,0,0,0,0,3,2,6,3,-1,-1,1596,1,12,-1,-1,-1
2018010088045,2,9,0,5,0,0,0,0,0,0,1,1,6,2,28,6,1596,1,11,-1,-1,-1
2018010088045,3,9,0,2,0,0,0,0,0,0,3,1,6,3,-1,-1,1948,1,19,-1,-1,-1
2018010088046,1,9,0,4,0,4,0,0,0,0,1,1,6,1,34,6,1364,1,2,4,1,4
2018010088046,2,9,0,4,0,8,0,9,0,0,2,1,6,1,38,7,5461,1,2,2,1,2
2018010088047,1,2,0,4,0,1,0,0,0,0,1,1,6,1,21,5,-1,-1,-1,2,1,2
2018010088048,1,9,0,16,0,0,1,10,1,10,1,1,6,1,31,6,1497,8,15,7,1,7
2018010088059,1,9,0,-1,-1,0,-1,-1,-1,-1,2,-1,6,2,54,8,998,1,5,10,1,10
2018010088059,2,9,0,-1,-1,0,-1,-1,-1,-1,2,-1,6,3,-1,-1,-1,-1,-1,-1,-1,-1
2018010088062,1,19,0,18,0,0,0,0,0,0,1,1,1,1,58,9,1598,2,2,1,1,1
2018010088062,2,9,0,6,2,0,0,0,0,0,1,1,6,1,39,7,1598,2,5,2,1,2
2018010088064,1,9,0,18,0,1,0,0,0,0,1,1,6,2,41,7,1798,8,4,1,1,1
2018010088066,1,19,0,18,0,0,0,0,0,0,1,1,1,1,31,6,1995,2,2,7,1,7
2018010088067,1,9,0,9,0,1,0,0,0,0,4,1,3,2,37,7,1596,1,14,3,1,3
2018010088067,2,3,0,18,0,1,0,0,0,0,4,1,1,1,20,4,125,1,1,3,1,3
2018010088069,1,19,0,14,0,1,0,0,0,0,1,1,1,1,31,6,2287,2,1,3,1,3
2018010088073,1,19,0,5,0,6,0,0,0,0,1,1,1,1,62,9,1968,2,6,5,1,5
2018010088074,1,9,-1,18,0,0,-1,0,0,0,4,-1,6,1,26,6,1398,1,1,7,1,7
2018010088074,2,9,-1,-1,0,0,-1,0,0,0,3,-1,6,1,21,5,2993,2,5,3,1,3
2018010088074,3,90,-1,18,0,0,-1,0,0,0,4,-1,6,3,-1,-1,-1,-1,-1,-1,-1,-1
2018010088077,1,1,-1,-1,-1,-1,-1,-1,-1,-1,1,1,6,1,26,6,-1,-1,-1,4,1,4
2018010088077,2,9,0,-1,0,-1,0,0,0,0,4,-1,6,2,30,6,1796,2,5,-1,-1,-1
2018010088081,1,9,0,-1,-1,-1,-1,-1,-1,-1,2,-1,6,2,34,6,1998,1,16,7,1,7
2018010088081,2,9,0,18,0,-1,0,0,0,0,-1,-1,6,3,-1,-1,1590,1,16,-1,-1,-1
2018010088082,1,9,0,18,0,1,0,4,0,0,1,1,2,2,34,6,1598,2,1,-1,-1,-1
2018010088082,2,9,0,12,0,1,0,4,0,0,4,1,6,2,28,6,998,1,2,10,1,10
2018010088082,3,9,0,3,0,1,0,0,0,0,2,1,2,2,32,6,2967,2,6,7,1,7
2018010088087,1,9,0,9,0,6,1,0,0,0,1,1,2,1,35,6,1968,2,5,6,1,6
2018010088087,2,3,0,18,0,1,0,0,0,0,1,1,2,1,27,6,125,1,6,6,1,6
2018010088089,1,9,0,2,0,0,0,0,0,0,3,1,6,3,-1,-1,1995,2,7,-1,-1,-1
2018010088089,2,9,0,18,0,0,0,4,0,0,3,1,6,1,58,9,1124,1,14,9,1,9
2018010088091,1,9,0,10,0,0,0,0,0,0,2,1,2,2,48,8,-1,-1,-1,6,1,6
2018010088091,2,1,0,13,0,0,0,0,0,0,1,1,2,1,31,6,-1,-1,-1,3,1,3
2018010088096,1,1,-1,-1,-1,-1,-1,-1,-1,-1,-1,1,6,2,35,6,-1,-1,-1,3,1,3
2018010088096,2,8,0,-1,-1,-1,-1,-1,-1,-1,1,-1,6,1,36,7,1984,2,6,4,1,4
2018010088097,1,5,0,-1,-1,0,-1,-1,-1,-1,-1,1,6,1,29,6,670,1,6,7,1,7
2018010088099,1,9,-1,-1,-1,-1,-1,-1,-1,-1,-1,-1,6,2,26,6,1390,1,12,4,1,4
2018010088099,2,20,-1,-1,-1,-1,-1,-1,-1,-1,-1,-1,6,3,-1,-1,-1,-1,-1,-1,-1,-1
2018010088100,1,9,-1,-1,-1,-1,-1,-1,-1,-1,-1,-1,6,3,-1,-1,-1,-1,-1,-1,-1,-1
2018010088103,1,9,0,-1,-1,-1,-1,-1,-1,-1,-1,-1,6,3,-1,-1,-1,-1,-1,-1,-1,-1
2018010088104,1,8,-1,-1,-1,-1,-1,-1,-1,-1,1,-1,6,1,49,8,2148,2,9,2,1,2
2018010088104,2,9,-1,-1,-1,-1,-1,-1,-1,-1,-1,-1,6,1,-1,-1,1995,1,16,5,1,5
2018010088109,1,4,0,18,0,2,1,0,0,0,4,1,6,1,36,7,125,1,7,2,1,2
2018010088109,2,19,0,12,0,2,0,0,0,0,3,1,1,1,67,10,1995,2,2,4,1,4
2018010088122,1,9,0,18,0,1,0,0,0,0,1,1,6,1,30,6,1968,2,10,4,1,4
2018010088122,2,9,0,9,0,2,0,0,0,0,3,1,6,1,88,11,1339,1,6,10,1,10
2018010088123,1,9,0,5,0,4,0,0,0,0,1,1,6,1,25,5,1968,2,9,4,1,4
2018010088123,2,1,0,9,0,3,0,0,0,0,1,1,1,1,65,9,-1,-1,-1,5,1,5
2018010088129,1,11,0,18,0,8,0,0,0,0,0,1,1,1,54,8,8300,2,13,2,1,2
2018010088130,1,3,0,18,0,8,0,0,0,0,3,1,2,1,56,9,998,1,3,10,1,10
2018010088130,2,9,0,12,0,8,0,0,0,0,4,1,6,3,-1,-1,1796,1,13,-1,-1,-1
2018010088137,1,3,0,18,0,0,0,0,0,0,1,1,6,1,28,6,599,1,4,5,1,5
2018010088137,2,9,0,6,0,0,0,0,0,0,1,1,1,1,41,7,-1,-1,-1,2,1,2
2018010088144,1,9,0,-1,-1,2,-1,-1,-1,-1,-1,-1,6,1,-1,-1,1968,2,1,9,1,9
2018010088144,2,9,0,-1,-1,2,-1,-1,-1,-1,-1,-1,6,1,-1,-1,1198,1,8,3,1,3
2018010088153,1,11,0,5,0,2,0,0,0,0,0,1,1,1,42,7,5132,2,2,7,1,7
2018010088154,1,9,-1,18,0,0,0,0,0,0,1,-1,6,3,-1,-1,-1,-1,-1,-1,-1,-1
2018010088155,1,9,0,-1,-1,-1,-1,-1,-1,-1,-1,-1,6,3,-1,-1,-1,-1,-1,-1,-1,-1
2018010088156,1,1,-1,-1,-1,0,-1,-1,-1,-1,1,1,6,1,28,6,-1,-1,-1,1,1,1
2018010088156,2,19,0,2,0,0,0,0,0,0,3,-1,6,3,-1,-1,2143,2,2,-1,-1,-1
2018010088157,1,9,0,-1,-1,0,-1,-1,-1,-1,1,-1,6,1,-1,-1,1396,1,16,-1,-1,-1
2018010088159,1,11,0,-1,-1,-1,-1,-1,-1,-1,-1,-1,6,1,59,9,-1,-1,-1,-1,-1,-1
2018010088159,2,9,-1,2,-1,-1,-1,-1,-1,-1,-1,-1,6,3,-1,-1,-1,-1,-1,-1,-1,-1
2018010088163,1,9,0,18,0,8,0,0,0,0,4,1,6,1,51,8,1560,2,5,4,1,4
2018010088163,2,1,0,18,0,8,0,0,0,0,4,1,6,1,32,6,-1,-1,-1,3,1,3
2018010088173,1,9,0,-1,-1,0,-1,-1,-1,-1,2,-1,6,2,51,8,1968,2,4,10,1,10
2018010088173,2,19,0,-1,-1,0,-1,-1,-1,-1,1,-1,6,1,-1,-1,-1,-1,-1,-1,-1,-1
2018010088177,1,11,0,18,2,1,0,0,0,0,4,1,1,2,37,7,4500,2,4,2,1,2
2018010088177,2,9,0,18,0,1,0,0,0,0,3,1,6,1,65,9,1753,2,11,5,1,5
2018010088179,1,9,0,7,0,0,0,0,0,0,1,1,6,2,24,5,998,1,14,5,1,5
2018010088179,2,9,0,2,0,0,0,0,0,0,3,1,6,3,-1,-1,2295,1,17,-1,-1,-1
2018010088196,1,1,0,18,0,0,0,0,0,0,1,1,6,1,-1,-1,-1,-1,-1,-1,-1,-1
2018010088200,1,9,0,-1,-1,0,-1,-1,-1,-1,1,-1,6,2,47,8,-1,-1,-1,3,1,3
2018010088202,1,1,-1,-1,-1,-1,-1,-1,-1,-1,1,1,6,2,26,6,-1,-1,-1,6,1,6
2018010088202,2,9,0,-1,-1,-1,-1,-1,-1,-1,3,-1,6,2,33,6,1968,2,5,4,1,4
2018010088204,1,1,-1,-1,-1,-1,-1,-1,-1,-1,-1,1,6,2,38,7,-1,-1,-1,2,1,2
2018010088204,2,8,0,-1,-1,-1,-1,-1,-1,-1,2,-1,6,3,-1,-1,-1,-1,-1,-1,-1,-1
2018010088211,1,19,0,7,0,5,0,0,0,0,4,1,6,1,17,4,1598,2,2,-1,-1,-1
2018010088211,2,1,0,18,4,1,0,0,0,0,3,1,2,2,28,6,-1,-1,-1,4,1,4
2018010088215,1,9,0,5,0,0,0,0,0,0,1,1,2,2,40,7,1798,8,3,6,1,6
2018010088216,1,9,0,18,0,1,0,0,0,0,3,1,6,2,33,6,1396,1,10,1,1,1
2018010088216,2,20,1,18,0,2,0,0,0,0,1,1,6,3,-1,-1,-1,-1,-1,-1,-1,-1
2018010088220,1,19,0,9,0,8,0,0,0,0,1,1,6,1,38,7,1598,2,2,9,1,9
2018010088220,2,1,0,9,0,8,0,0,0,0,2,1,2,1,59,9,-1,-1,-1,7,1,7
2018010088222,1,11,0,18,2,1,0,0,0,0,4,1,1,1,51,8,9360,2,8,7,1,7
2018010088222,2,8,0,11,2,1,0,0,0,0,4,2,1,1,59,9,1968,2,4,5,1,5
2018010088226,1,9,0,-1,-1,-1,-1,-1,-1,-1,2,-1,6,3,-1,-1,1598,1,11,-1,-1,-1
2018010088229,1,11,0,5,2,1,0,0,0,0,2,1,1,1,57,9,4760,2,4,3,1,3
2018010088230,1,19,0,5,0,8,0,0,0,0,1,1,2,1,37,7,2198,2,11,9,1,9
2018010088230,2,3,0,5,0,8,0,0,0,0,4,1,6,1,34,6,125,1,16,5,1,5
2018010088233,1,9,0,18,-1,0,0,-1,0,0,1,-1,6,1,28,6,2148,2,16,-1,-1,-1
2018010088245,1,1,-1,-1,-1,0,-1,-1,-1,-1,1,1,2,2,38,7,-1,-1,-1,3,1,3
2018010088245,2,9,0,-1,-1,0,-1,-1,-1,-1,4,-1,6,1,-1,-1,-1,-1,-1,-1,-1,-1
2018010088247,1,9,0,16,0,2,0,0,0,0,1,2,6,1,22,5,1398,1,5,2,1,2
2018010088247,2,9,0,16,0,2,0,0,0,0,2,1,6,2,50,8,1242,1,1,4,1,4
2018010088247,3,9,0,16,0,2,0,0,0,0,2,1,6,1,56,9,1390,1,6,7,1,7
2018010088249,1,8,0,18,0,8,0,0,0,0,1,1,1,1,36,7,1560,2,4,2,1,2
2018010088250,1,9,0,7,0,1,0,0,0,0,1,1,2,1,41,7,1248,2,9,2,1,2
2018010088250,2,1,0,18,0,1,0,0,0,0,0,1,2,1,60,9,-1,-1,-1,1,1,1
2018010088252,1,1,-1,-1,-1,-1,-1,-1,-1,-1,-1,1,2,2,37,7,-1,-1,-1,6,1,6
2018010088252,2,9,-1,-1,-1,-1,-1,-1,-1,-1,-1,-1,6,2,79,11,1339,1,12,7,1,7
2018010088253,1,5,0,14,0,1,0,0,0,0,1,1,2,1,39,7,599,1,10,4,1,4
2018010088255,1,9,0,-1,-1,-1,-1,-1,-1,-1,-1,-1,6,3,-1,-1,-1,-1,-1,-1,-1,-1
2018010088258,1,9,0,9,0,4,0,0,0,0,1,1,6,2,24,5,999,1,1,2,1,2
2018010088258,2,9,0,18,0,4,0,0,0,0,1,1,6,2,21,5,1560,2,5,6,1,6
2018010088261,1,9,-1,-1,-1,1,-1,-1,-1,-1,-1,-1,6,3,-1,-1,-1,-1,-1,-1,-1,-1
2018010088262,1,9,0,-1,-1,0,-1,-1,-1,-1,2,-1,6,1,34,6,1995,2,9,2,1,2
2018010088262,2,9,0,-1,-1,0,-1,-1,-1,-1,1,-1,6,1,-1,-1,1995,2,1,-1,-1,-1
2018010088263,1,19,0,1,0,0,0,0,0,0,2,1,6,1,37,7,-1,-1,-1,-1,-1,-1
2018010088273,1,19,0,18,0,1,0,0,0,0,1,1,6,1,-1,-1,-1,-1,-1,9,3,9
2018010088274,1,8,0,5,9,6,0,4,1,10,3,1,1,1,39,7,1797,8,9,5,1,5
2018010088274,2,9,0,18,9,8,0,0,7,10,1,1,6,1,18,4,2793,1,19,-1,-1,-1
2018010088277,1,9,0,18,0,0,0,0,0,0,3,1,2,2,62,9,1364,2,5,6,1,6
2018010088279,1,9,0,5,0,6,0,0,0,0,1,1,6,1,23,5,1390,1,15,7,1,7
2018010088279,2,8,0,18,0,2,0,0,0,0,1,1,1,1,57,9,2143,2,3,5,1,5
2018010088281,1,9,0,10,0,8,0,0,0,0,3,1,1,2,19,4,1395,1,1,9,1,9
2018010088281,2,4,0,14,0,8,0,0,0,0,1,1,1,1,56,9,125,1,1,2,1,2
2018010088283,1,9,0,7,0,0,0,0,0,0,1,1,6,1,53,8,1968,2,3,7,1,7
2018010088283,2,1,0,18,0,0,1,0,0,0,4,1,1,1,33,6,-1,-1,-1,8,1,8
2018010088284,1,21,1,11,0,0,0,0,0,0,1,1,1,1,36,7,10518,2,6,6,1,6
2018010088284,2,9,0,18,0,0,0,0,0,0,2,1,2,1,35,6,1461,2,11,3,1,3
2018010088284,3,19,0,18,0,0,0,0,0,0,2,1,1,1,44,7,2198,2,10,6,1,6
2018010088285,1,9,0,18,0,0,0,0,0,0,3,1,1,1,18,4,1124,1,15,10,1,10
2018010088285,2,9,0,4,0,0,0,0,0,0,3,1,6,1,41,7,1598,2,6,10,1,10
2018010088287,1,9,-1,-1,0,-1,0,0,-1,0,2,-1,6,1,32,6,1685,2,5,7,1,7
2018010088287,2,9,0,-1,-1,-1,-1,-1,-1,-1,-1,-1,6,2,-1,-1,-1,-1,-1,-1,-1,-1
2018010088290,1,9,-1,-1,-1,-1,-1,-1,-1,0,-1,-1,6,1,-1,-1,1997,2,3,10,1,10
2018010088290,2,9,-1,-1,-1,-1,-1,-1,-1,-1,-1,-1,6,1,-1,-1,1968,2,2,-1,-1,-1
2018010088294,1,9,-1,-1,-1,-1,-1,-1,-1,-1,-1,-1,6,3,-1,-1,-1,-1,-1,-1,-1,-1
2018010088295,1,1,-1,-1,-1,-1,-1,-1,-1,-1,-1,1,6,1,32,6,-1,-1,-1,2,1,2
2018010088295,2,9,-1,-1,-1,-1,-1,-1,-1,-1,-1,-1,6,1,-1,-1,1598,2,5,2,1,2
2018010088296,1,1,-1,-1,-1,-1,-1,-1,-1,-1,1,1,2,1,49,8,-1,-1,-1,9,1,9
2018010088296,2,9,0,-1,-1,-1,-1,-1,-1,-1,-1,-1,6,1,69,10,1968,2,6,4,1,4
2018010088298,1,11,0,18,0,1,0,0,0,0,4,1,1,1,46,8,6700,2,6,3,1,3
2018010088301,1,1,-1,-1,-1,-1,-1,-1,-1,-1,-1,1,6,1,-1,-1,-1,-1,-1,7,1,7
2018010088301,2,9,-1,-1,-1,-1,-1,-1,-1,-1,-1,-1,6,2,-1,-1,998,1,9,-1,-1,-1
2018010088302,1,8,0,1,0,1,0,0,0,0,2,1,1,2,50,8,1997,2,1,5,1,5
2018010088309,1,9,-1,-1,0,8,0,0,0,0,-1,-1,6,3,-1,-1,-1,-1,-1,-1,-1,-1
2018010088312,1,9,0,4,0,5,0,0,0,0,2,-1,6,2,43,7,1200,1,3,-1,-1,-1
2018010088312,2,9,-1,18,0,8,-1,0,0,0,1,-1,6,3,-1,-1,998,1,3,-1,-1,-1
2018010088321,1,9,0,9,0,0,0,0,0,0,4,1,6,2,35,6,1587,1,12,6,1,6
2018010088321,2,1,0,15,0,0,0,0,0,0,1,1,2,1,38,7,-1,-1,-1,4,1,4
2018010088323,1,9,0,18,0,0,0,0,0,0,1,1,6,2,85,11,1388,1,20,2,1,2
2018010088323,2,9,0,18,0,0,0,0,0,0,2,1,6,1,59,9,1242,1,5,3,1,3
2018010088323,3,9,0,18,0,0,0,0,0,0,2,1,6,2,-1,-1,1598,1,3,6,1,6
2018010088327,1,9,0,18,0,1,0,0,0,0,2,1,1,1,54,8,1796,1,6,-1,-1,-1
2018010088328,1,9,0,18,0,1,0,0,0,0,0,1,1,1,23,5,1560,2,4,-1,-1,-1
2018010088328,2,10,0,18,0,1,0,0,0,0,4,1,1,2,45,7,2464,2,11,8,1,8
2018010088328,3,9,0,7,0,2,0,0,0,0,1,1,6,3,-1,-1,1596,1,15,-1,-1,-1
2018010088331,1,9,-1,18,-1,0,-1,-1,-1,-1,-1,-1,6,3,-1,-1,-1,-1,-1,-1,-1,-1
2018010088333,1,9,0,5,0,8,0,0,0,0,1,1,2,1,36,7,-1,-1,-1,8,1,8
2018010088333,2,9,0,18,0,1,0,0,0,0,1,1,6,2,22,5,1242,1,4,6,1,6
2018010088335,1,9,0,18,0,0,0,0,0,0,1,1,3,2,34,6,1997,2,2,2,1,2
2018010088337,1,5,0,18,0,1,0,0,0,0,1,1,2,1,52,8,998,1,1,6,1,6
2018010088339,1,11,0,3,0,2,0,0,0,0,0,1,1,1,46,8,9000,2,9,-1,-1,-1
2018010088343,1,9,0,18,0,8,0,0,1,0,1,1,6,1,30,6,1199,1,16,5,1,5
2018010088343,2,9,0,9,0,8,0,0,0,0,1,1,6,1,81,11,1598,1,12,9,1,9
2018010088344,1,8,0,18,0,3,0,0,0,0,2,1,1,1,44,7,1797,8,4,3,1,3
2018010088344,2,9,0,13,0,3,0,0,0,0,2,1,6,3,-1,-1,1896,2,11,-1,-1,-1
2018010088345,1,9,0,5,0,0,0,0,0,0,1,1,2,1,30,6,2993,2,11,3,1,3
2018010088345,2,3,0,18,0,0,0,0,0,0,1,1,6,1,22,5,124,1,2,3,1,3
2018010088348,1,9,0,9,0,8,0,0,0,0,4,1,2,2,57,9,1598,1,4,3,1,3
2018010088348,2,1,0,18,4,1,0,0,0,0,1,1,2,2,25,5,-1,-1,-1,3,1,3
2018010088354,1,9,0,18,0,1,0,0,0,0,1,1,6,2,31,6,1796,1,12,4,1,4
2018010088354,2,9,0,6,0,1,0,0,0,0,2,1,6,1,32,6,998,1,9,4,1,4
2018010088359,1,3,0,18,0,1,2,0,0,0,-1,1,2,1,41,7,599,1,9,7,1,7
2018010088359,2,8,0,12,0,1,0,0,0,0,-1,-1,6,1,54,8,2499,2,11,10,1,10
2018010088361,1,9,0,18,0,1,0,0,0,0,1,1,6,1,26,6,2143,2,6,4,1,4
2018010088361,2,19,0,9,0,1,0,0,0,0,2,1,1,1,31,6,1598,2,2,6,1,6
2018010088374,1,1,-1,-1,-1,-1,-1,-1,-1,-1,-1,1,6,1,24,5,-1,-1,-1,8,1,8
2018010088374,2,9,-1,-1,-1,-1,-1,-1,-1,-1,-1,-1,6,3,-1,-1,-1,-1,-1,-1,-1,-1
2018010088375,1,9,0,5,0,7,0,0,0,0,2,1,6,2,46,8,1388,1,9,2,1,2
2018010088375,2,9,0,4,0,7,0,0,0,0,1,2,6,1,35,6,-1,-1,-1,1,1,1
2018010088377,1,9,-1,18,-1,0,-1,-1,-1,-1,-1,-1,6,1,-1,-1,-1,-1,-1,-1,-1,-1
2018010088379,1,11,0,18,2,1,0,0,0,0,0,1,1,1,24,5,6692,2,7,4,1,4
2018010088380,1,3,0,12,0,0,0,0,0,0,3,1,6,1,28,6,124,1,2,3,1,3
2018010088384,1,11,0,5,0,2,0,0,0,0,0,1,1,1,37,7,9000,2,10,4,1,4