Accident_Index,Vehicle_Reference,Vehicle_Type,Towing_and_Articulation,Vehicle_Manoeuvre,Vehicle_Location-Restricted_Lane,Junction_Location,Skidding_and_Overturning,Hit_Object_in_Carriageway,Vehicle_Leaving_Carriageway,Hit_Object_off_Carriageway,1st_Point_of_Impact,Was_Vehicle_Left_Hand_Drive?,Journey_Purpose_of_Driver,Sex_of_Driver,Age_of_Driver,Age_Band_of_Driver,Engine_Capacity_(CC),Propulsion_Code,Age_of_Vehicle,Driver_IMD_Decile,Driver_Home_Area_Type,Vehicle_IMD_Decile
2018010088387,1,9,0,9,0,8,0,0,0,0,1,1,6,1,29,6,1598,1,9,1,1,1
2018010088388,1,19,0,9,0,1,0,0,0,0,3,1,1,1,37,7,1997,2,3,3,1,3
2018010088388,2,3,0,9,0,1,0,0,0,0,3,1,1,1,32,6,125,1,3,3,1,3
2018010088395,1,1,0,18,0,0,0,0,0,0,1,1,6,1,26,6,-1,-1,-1,2,1,2
2018010088401,1,19,0,9,0,8,0,0,0,0,4,1,1,1,29,6,6728,2,-1,10,3,10
2018010088402,1,9,0,18,0,1,0,0,0,0,1,1,3,2,39,7,1956,2,4,4,1,4
2018010088402,2,90,0,5,0,1,0,0,0,0,1,1,6,1,86,11,-1,-1,-1,8,1,8
2018010088404,1,9,-1,-1,-1,-1,-1,-1,-1,-1,-1,-1,6,1,45,7,1781,1,27,4,1,4
2018010088409,1,9,0,18,0,1,0,0,0,0,1,1,3,1,34,6,1984,1,8,2,1,2
2018010088412,1,20,0,18,0,0,0,0,0,0,4,1,6,3,-1,-1,12777,2,6,-1,-1,-1
2018010088412,2,1,0,18,0,0,1,0,0,0,3,1,6,1,71,10,-1,-1,-1,2,1,2
2018010088414,1,9,0,18,0,2,0,0,0,0,4,1,6,2,33,6,1600,2,7,8,1,8
2018010088415,1,3,0,13,0,0,0,0,0,0,4,1,6,1,30,6,125,1,1,4,1,4
2018010088416,1,9,0,11,0,0,0,0,0,0,2,1,2,1,41,7,1364,2,3,2,1,2
2018010088416,2,5,0,15,0,0,0,0,0,0,1,1,2,1,28,6,599,1,15,8,1,8
2018010088422,1,9,4,-1,-1,-1,-1,-1,-1,-1,2,-1,6,1,26,6,1796,1,9,5,1,5
2018010088426,1,9,0,4,0,0,0,0,0,0,0,1,6,2,58,9,3199,1,14,5,1,5
2018010088427,1,9,0,2,0,0,0,0,0,0,4,1,6,3,-1,-1,1240,1,14,-1,-1,-1
2018010088427,2,9,0,18,0,0,0,0,0,0,1,1,6,3,-1,-1,-1,-1,-1,-1,-1,-1
2018010088430,1,9,0,9,0,1,0,0,0,0,4,1,2,2,45,7,998,1,10,8,1,8
2018010088430,2,9,0,18,0,1,0,0,0,0,1,1,2,2,22,5,1242,1,10,2,1,2
2018010088431,1,9,0,18,0,1,0,0,0,0,4,1,6,2,53,8,1398,1,6,2,1,2
2018010088434,1,9,0,1,0,0,0,0,0,0,2,1,6,3,-1,-1,-1,-1,-1,-1,-1,-1
2018010088444,1,9,0,10,0,1,0,0,0,0,1,1,6,3,-1,-1,-1,-1,-1,-1,-1,-1
2018010088445,1,9,0,-1,-1,-1,-1,-1,-1,-1,4,-1,6,1,28,6,2521,1,12,9,1,9
2018010088446,1,9,0,10,0,2,0,0,0,0,3,1,6,1,30,6,1968,2,11,10,1,10
2018010088446,2,3,0,18,0,2,0,0,0,0,4,1,1,1,41,7,108,1,7,3,1,3
2018010088450,1,1,0,18,0,5,0,0,0,0,0,1,2,1,51,8,-1,-1,-1,-1,-1,-1
2018010088454,1,9,0,18,0,8,0,0,0,0,2,1,6,1,28,6,1910,2,11,5,1,5
2018010088454,2,9,0,18,0,8,0,0,0,0,1,1,6,2,28,6,1598,1,8,7,1,7
2018010088458,1,3,0,4,0,0,0,0,0,0,4,1,1,1,42,7,125,1,6,1,1,1
2018010088458,2,9,0,6,0,0,0,0,0,0,3,1,6,2,21,5,1395,1,1,3,1,3
2018010088461,1,9,0,-1,-1,-1,-1,-1,-1,-1,2,-1,6,1,44,7,1496,2,1,4,1,4
2018010088461,2,9,0,-1,-1,-1,-1,-1,-1,-1,1,-1,6,1,-1,-1,-1,-1,-1,-1,-1,-1
2018010088462,1,9,0,18,0,8,0,0,0,0,3,1,4,1,18,4,999,1,1,7,1,7
2018010088463,1,9,0,6,0,0,0,0,0,0,1,1,6,1,32,6,1248,2,6,2,1,2
2018010088463,2,4,0,18,0,0,0,0,0,0,1,1,6,1,72,10,124,1,12,8,1,8
2018010088464,1,9,0,10,0,2,0,0,0,0,2,1,6,1,21,5,1461,2,3,3,1,3
2018010088464,2,11,0,3,0,2,0,0,0,0,1,1,1,1,63,9,4500,2,3,5,1,5
2018010088464,3,9,0,3,0,1,0,0,0,0,2,1,6,1,59,9,1997,1,3,6,1,6
2018010088464,4,9,0,10,0,1,0,0,0,0,1,1,6,1,52,8,1493,1,21,2,1,2
2018010088473,1,9,0,18,0,0,0,4,0,0,1,1,6,2,64,9,1595,1,6,6,1,6
2018010088473,2,9,0,2,0,0,0,0,1,0,2,1,6,3,-1,-1,2204,2,10,-1,-1,-1
2018010088474,1,9,0,-1,-1,-1,-1,-1,-1,-1,-1,-1,6,1,59,9,1796,1,16,4,1,4
2018010088475,1,9,0,16,0,1,0,0,0,0,1,1,6,1,26,6,2000,2,14,2,1,2
2018010088475,2,9,0,17,0,1,0,0,0,0,1,1,6,1,28,6,1390,1,14,2,1,2
2018010088476,1,11,0,7,0,8,0,0,0,0,0,1,1,1,48,8,5132,2,2,5,1,5
2018010088492,1,9,0,9,0,0,0,0,0,0,3,1,2,1,55,8,1997,2,3,10,2,10
2018010088492,2,9,0,18,0,0,0,0,0,0,1,1,2,1,41,7,1248,2,8,3,1,3
2018010088494,1,9,0,4,0,1,0,0,3,0,1,1,1,1,24,5,1200,1,6,1,1,1
2018010088507,1,9,-1,-1,-1,0,-1,-1,-1,-1,2,-1,6,2,22,5,1242,1,13,3,1,3
2018010088507,2,9,-1,18,-1,0,-1,-1,-1,-1,-1,-1,6,1,-1,-1,1242,1,5,-1,-1,-1
2018010088515,1,9,0,-1,-1,-1,-1,-1,-1,-1,2,-1,2,2,57,9,1329,1,5,-1,-1,-1
2018010088515,2,9,0,-1,-1,-1,-1,-1,-1,-1,1,-1,6,1,-1,-1,1796,1,13,-1,-1,-1
2018010088519,1,9,0,18,0,2,0,0,0,0,1,1,2,1,26,6,1998,1,15,5,1,5
2018010088521,1,1,0,18,0,1,0,0,0,0,-1,1,4,1,14,3,-1,-1,-1,3,1,3
2018010088528,1,5,0,-1,-1,0,-1,-1,-1,-1,-1,1,2,2,40,7,-1,-1,-1,6,1,6
2018010088528,2,9,0,-1,-1,0,-1,-1,-1,-1,2,-1,6,3,-1,-1,1995,2,6,-1,-1,-1
2018010088529,1,9,-1,-1,-1,-1,-1,-1,-1,-1,-1,-1,6,2,27,6,1197,1,1,2,1,2
2018010088545,1,9,0,-1,-1,0,-1,-1,-1,-1,1,-1,6,2,17,4,-1,-1,-1,3,1,3
2018010088545,2,2,0,-1,-1,0,-1,-1,-1,-1,2,1,6,1,-1,-1,-1,-1,-1,3,1,3
2018010088546,1,9,-1,-1,-1,-1,-1,-1,-1,-1,-1,-1,6,1,46,8,1997,2,2,3,1,3
2018010088546,2,20,-1,-1,-1,-1,-1,-1,-1,-1,-1,-1,6,1,52,8,-1,-1,-1,2,1,2
2018010088554,1,9,0,-1,-1,-1,-1,-1,-1,-1,-1,-1,6,1,23,5,1149,1,6,2,1,2
2018010088563,1,9,0,18,0,0,0,0,0,0,4,1,1,1,36,7,1598,2,3,3,1,3
2018010088563,2,9,0,6,0,0,0,0,0,0,1,1,3,1,46,8,1461,2,13,4,1,4
2018010088566,1,9,0,-1,-1,0,-1,-1,-1,-1,2,-1,6,1,40,7,1798,8,3,2,1,2
2018010088566,2,9,0,-1,-1,0,-1,-1,-1,-1,1,-1,6,1,35,6,1995,2,1,4,1,4
2018010088572,1,11,-1,18,0,0,-1,0,0,0,-1,1,6,3,-1,-1,9000,2,8,-1,-1,-1
2018010088574,1,11,0,18,0,1,0,0,0,0,0,1,1,1,41,7,7300,2,14,4,1,4
2018010088577,1,9,0,18,0,1,0,0,0,0,1,1,6,2,29,6,998,1,11,3,1,3
2018010088577,2,1,0,18,0,1,5,0,0,0,1,1,6,2,36,7,-1,-1,-1,2,1,2
2018010088581,1,9,0,18,0,1,0,0,0,0,1,1,2,1,60,9,2143,2,4,6,1,6
2018010088589,1,9,0,9,0,6,0,0,0,0,1,1,3,2,28,6,1497,8,2,3,1,3
2018010088593,1,9,-1,1,0,-1,-1,-1,-1,-1,2,-1,6,3,-1,-1,2143,2,3,-1,-1,-1
2018010088595,1,21,1,9,0,0,0,0,0,0,1,1,1,1,31,6,12902,2,2,8,1,8
2018010088595,2,1,0,18,0,0,0,0,0,0,1,1,6,2,22,5,-1,-1,-1,8,1,8
2018010088596,1,5,0,18,0,2,0,0,0,0,0,1,2,1,42,7,998,1,10,2,1,2
2018010088608,1,3,0,13,0,1,0,10,0,0,4,1,1,1,30,6,108,1,3,2,1,2
2018010088608,2,8,0,9,0,1,0,0,0,0,1,1,6,1,56,9,2402,2,12,9,1,9
2018010088611,1,1,0,-1,-1,-1,-1,-1,-1,-1,-1,1,6,1,30,6,-1,-1,-1,6,1,6
2018010088611,2,9,-1,-1,-1,-1,-1,-1,-1,-1,-1,-1,6,1,-1,-1,-1,-1,-1,-1,-1,-1
2018010088615,1,1,-1,-1,-1,0,-1,-1,-1,-1,-1,1,6,1,51,8,-1,-1,-1,4,1,4
2018010088615,2,19,0,-1,0,0,0,-1,-1,-1,-1,-1,6,3,-1,-1,-1,-1,-1,-1,-1,-1
2018010088627,1,9,0,-1,-1,-1,-1,-1,-1,-1,-1,-1,6,1,49,8,1560,2,10,4,1,4
2018010088627,2,9,0,-1,-1,-1,-1,-1,-1,-1,-1,-1,6,3,-1,-1,-1,-1,-1,-1,-1,-1
2018010088628,1,19,0,9,0,2,0,0,1,0,1,1,1,1,25,5,1995,2,1,6,1,6
2018010088629,1,8,0,18,0,0,0,0,0,0,2,1,1,1,56,9,2143,2,4,4,1,4
2018010088629,2,9,0,18,0,0,0,0,0,0,2,1,1,1,35,6,1797,8,8,1,1,1
2018010088629,3,9,0,18,0,0,0,0,0,0,1,1,6,3,-1,-1,1499,1,2,-1,-1,-1
2018010088630,1,9,0,-1,-1,0,-1,-1,-1,-1,2,-1,6,1,-1,-1,1998,1,16,4,1,4
2018010088630,2,9,0,-1,-1,0,-1,-1,-1,-1,2,-1,6,3,-1,-1,1598,1,5,-1,-1,-1
2018010088634,1,20,0,-1,-1,-1,-1,-1,-1,-1,1,-1,6,3,-1,-1,-1,-1,-1,-1,-1,-1
2018010088635,1,3,0,18,0,1,0,0,0,0,2,1,6,1,36,7,125,1,2,3,1,3
2018010088635,2,9,0,5,0,1,0,0,0,0,1,1,6,1,45,7,1796,1,15,1,1,1
2018010088637,1,10,0,5,0,1,0,0,0,0,0,1,1,1,24,5,-1,-1,-1,4,1,4
2018010088637,2,9,0,5,0,1,0,0,0,0,0,1,1,1,35,6,1364,1,11,7,1,7
2018010088655,1,9,0,3,0,0,0,0,0,0,2,1,6,1,32,6,2993,2,3,5,1,5
2018010088655,2,9,0,3,0,0,0,0,0,0,2,1,3,2,39,7,1968,2,3,5,1,5
2018010088655,3,9,0,3,0,0,0,0,0,0,2,1,6,1,49,8,2993,2,3,5,1,5
2018010088655,4,9,0,3,0,0,0,0,0,0,3,1,6,1,38,7,1197,1,4,6,1,6
2018010088655,5,9,0,18,0,0,0,0,0,0,1,1,6,1,17,4,2171,1,13,6,1,6
2018010088657,1,11,0,5,0,8,0,0,0,0,0,1,1,1,28,6,4500,2,1,-1,-1,-1
2018010088660,1,9,0,5,0,2,0,0,0,0,3,1,6,1,59,9,1598,1,14,4,1,4
2018010088661,1,2,0,18,0,1,0,0,0,0,1,1,1,1,21,5,49,1,6,2,1,2
2018010088661,2,9,0,9,0,1,0,0,0,0,3,1,2,1,28,6,1299,1,16,3,1,3
2018010088666,1,9,0,18,0,0,0,0,0,0,3,1,6,1,44,7,1968,2,4,2,1,2
2018010088667,1,5,0,6,0,1,0,0,0,0,1,1,6,1,30,6,865,1,6,3,1,3
2018010088667,2,9,0,18,0,1,0,0,0,0,4,1,6,2,42,7,1995,2,6,10,1,10
2018010088667,3,19,0,18,0,1,0,0,0,0,3,1,6,1,34,6,2143,2,3,6,1,6
2018010088668,1,9,0,18,0,8,1,7,0,0,1,1,6,1,93,11,1242,1,12,3,1,3
2018010088668,2,9,0,18,0,8,0,0,0,0,1,1,2,2,39,7,898,1,3,4,1,4
2018010088670,1,11,0,16,0,0,0,0,0,0,0,1,1,1,33,6,4500,2,10,2,1,2
2018010088673,1,9,0,9,0,8,0,0,0,0,1,1,2,1,54,8,1999,1,7,8,1,8
2018010088673,2,1,0,18,0,8,0,0,0,0,1,1,2,1,44,7,-1,-1,-1,9,1,9
2018010088675,1,1,0,18,0,1,0,0,0,0,1,1,1,2,31,6,-1,-1,-1,4,1,4
2018010088677,1,9,0,18,0,1,0,0,0,0,4,1,6,1,76,11,-1,-1,-1,9,1,9
2018010088677,2,19,0,9,0,1,0,0,0,0,1,1,1,1,37,7,-1,-1,-1,6,1,6
2018010088678,1,9,0,-1,-1,-1,-1,-1,-1,-1,-1,-1,6,1,54,8,1689,2,15,3,1,3
2018010088680,1,19,0,18,0,0,0,0,0,0,1,1,1,2,32,6,1598,2,5,5,1,5
2018010088680,2,9,0,5,0,0,0,0,0,0,1,1,1,1,29,6,1799,1,10,1,1,1
2018010088682,1,9,0,-1,-1,-1,-1,-1,-1,-1,4,-1,6,2,-1,-1,1598,2,7,3,1,3
2018010088682,2,9,0,-1,-1,-1,-1,-1,-1,-1,3,-1,6,3,-1,-1,1988,1,16,-1,-1,-1
2018010088687,1,9,0,10,0,1,0,0,0,0,2,1,1,1,47,8,1950,2,2,8,1,8
2018010088687,2,9,0,18,0,1,0,0,0,0,1,1,6,2,61,9,1396,1,4,8,1,8
2018010088687,3,9,0,3,0,1,0,0,0,0,2,1,6,2,27,6,998,1,7,3,1,3
2018010088688,1,10,0,7,0,6,0,0,0,0,3,1,1,1,34,6,-1,-1,-1,5,1,5
2018010088688,2,1,0,18,0,1,0,0,0,0,1,1,1,1,27,6,-1,-1,-1,3,1,3
2018010088692,1,9,0,4,9,0,1,0,7,4,1,1,6,2,75,10,-1,-1,-1,10,1,10
2018010088693,1,9,0,7,0,1,0,0,0,0,4,1,2,1,22,5,1686,2,4,1,1,1
2018010088693,2,11,0,5,0,1,0,0,0,0,1,1,1,1,48,8,6692,2,7,2,1,2
2018010088700,1,9,0,1,0,1,0,0,0,0,2,1,2,1,41,7,1896,2,15,3,1,3
2018010088701,1,9,0,-1,-1,0,-1,-1,-1,-1,2,-1,6,1,20,4,1598,1,12,6,1,6
2018010088701,2,9,0,-1,-1,0,-1,-1,-1,-1,1,-1,6,3,-1,-1,2993,2,13,-1,-1,-1
2018010088702,1,8,0,-1,-1,0,-1,-1,-1,-1,-1,-1,6,1,53,8,2143,2,2,2,1,2
2018010088702,2,9,0,-1,-1,0,-1,-1,-1,-1,-1,-1,6,1,-1,-1,-1,-1,-1,-1,-1,-1
2018010088703,1,11,0,18,0,8,0,0,0,0,1,1,1,1,38,7,6700,2,6,2,1,2
2018010088704,1,9,0,5,0,4,0,0,0,0,1,1,6,2,40,7,2494,8,1,2,1,2
2018010088704,2,1,0,18,0,3,0,0,0,0,4,1,2,1,24,5,-1,-1,-1,-1,-1,-1
2018010088705,1,19,0,9,0,1,0,0,0,0,4,1,6,1,41,7,2987,2,3,7,1,7
2018010088705,2,1,0,18,0,1,0,0,0,0,1,1,6,1,36,7,-1,-1,-1,8,1,8
2018010088706,1,9,0,9,0,1,0,0,0,0,1,1,6,1,49,8,2099,1,15,5,1,5
2018010088706,2,5,0,13,0,1,0,0,0,0,1,1,6,1,23,5,471,1,2,2,1,2
2018010088709,1,9,0,18,0,0,0,0,0,0,1,1,2,2,27,6,1242,1,15,4,1,4
2018010088711,1,3,0,18,0,1,5,0,0,0,1,1,6,1,39,7,599,1,15,3,1,3
2018010088713,1,1,-1,-1,-1,-1,-1,-1,-1,-1,1,1,6,3,-1,-1,-1,-1,-1,-1,-1,-1
2018010088714,1,9,0,5,0,0,0,4,0,0,1,1,6,2,85,11,1275,1,19,6,1,6
2018010088714,2,9,0,2,0,0,0,0,0,0,1,1,6,3,-1,-1,1242,1,2,-1,-1,-1
2018010088714,3,9,0,2,0,0,0,0,0,0,4,1,6,3,-1,-1,1968,2,1,-1,-1,-1
2018010088716,1,9,0,1,0,1,0,0,0,0,2,1,2,1,39,7,1968,2,12,3,1,3
2018010088717,1,9,0,5,0,2,1,10,0,0,1,1,6,1,20,4,1240,1,14,3,1,3
2018010088718,1,19,0,18,0,0,1,0,0,0,1,1,2,1,39,7,2143,2,6,7,1,7
2018010088719,1,8,0,18,0,0,0,0,0,0,1,1,6,3,-1,-1,-1,-1,-1,-1,-1,-1
2018010088720,1,1,-1,14,0,0,-1,8,-1,-1,1,1,6,1,27,6,-1,-1,-1,3,1,3
2018010088720,2,9,0,2,0,0,-1,-1,0,0,3,-1,6,3,-1,-1,1995,2,7,-1,-1,-1
2018010088721,1,9,0,-1,-1,-1,-1,-1,-1,-1,-1,-1,6,1,43,7,1995,2,6,2,1,2
2018010088721,2,9,0,-1,-1,-1,-1,-1,-1,-1,2,-1,6,1,-1,-1,1998,2,10,-1,-1,-1
2018010088724,1,3,0,18,0,1,0,0,0,0,4,1,1,1,21,5,125,1,7,5,1,5
2018010088724,2,9,0,9,0,8,0,0,0,0,4,1,6,3,-1,-1,-1,-1,-1,-1,-1,-1
2018010088726,1,11,0,9,0,8,0,0,0,0,3,1,1,1,45,7,4461,2,5,6,1,6
2018010088726,2,1,0,18,0,8,0,0,0,0,1,1,2,1,33,6,-1,-1,-1,7,1,7
2018010088727,1,3,0,18,0,6,0,0,0,0,0,1,6,1,21,5,-1,-1,-1,4,1,4
2018010088731,1,3,0,13,0,1,1,0,0,0,1,1,1,1,32,6,125,1,10,5,1,5
2018010088731,2,9,0,18,0,1,0,0,0,0,3,1,6,1,39,7,1600,2,8,3,1,3
2018010088733,1,9,0,11,0,1,0,0,0,0,4,1,6,1,27,6,1797,8,5,3,1,3
2018010088733,2,9,0,5,0,1,0,0,0,0,1,1,2,1,39,7,1798,8,6,2,1,2
2018010088736,1,9,0,18,0,0,0,0,0,0,2,-1,6,1,34,6,1796,1,13,6,1,6
2018010088736,2,9,0,18,0,0,0,0,0,0,1,-1,6,1,-1,-1,1998,2,15,3,1,3
2018010088738,1,9,0,3,9,0,0,0,0,0,0,1,6,1,42,7,998,1,5,-1,-1,-1
2018010088744,1,1,0,18,0,-1,0,-1,-1,-1,-1,1,6,1,72,10,-1,-1,-1,7,1,7
2018010088744,2,9,0,-1,0,-1,0,-1,0,0,-1,-1,6,2,-1,-1,1388,1,5,-1,-1,-1
2018010088745,1,9,0,18,0,0,0,-1,0,0,-1,-1,6,2,25,5,1390,1,7,2,1,2
2018010088745,2,19,0,18,0,0,0,0,0,0,-1,1,6,1,26,6,2198,2,5,2,1,2
2018010088751,1,8,0,9,0,8,0,0,0,0,1,1,1,1,55,8,2143,2,1,7,1,7
2018010088752,1,3,0,18,9,0,0,0,7,2,1,1,6,1,23,5,125,1,12,5,1,5
2018010088754,1,9,0,18,0,0,0,0,0,0,1,-1,6,1,68,10,1968,2,1,5,1,5
2018010088755,1,3,0,18,9,1,5,0,0,0,1,1,2,1,28,6,-1,-1,-1,3,1,3
2018010088760,1,9,0,5,0,0,0,0,0,0,1,1,6,2,59,9,1197,1,1,5,1,5
2018010088764,1,1,0,18,0,1,5,0,0,0,1,1,6,1,20,4,-1,-1,-1,1,1,1
2018010088764,2,9,0,6,0,1,0,0,0,0,3,-1,6,1,-1,-1,-1,-1,-1,-1,-1,-1
2018010088777,1,8,0,-1,-1,-1,-1,-1,-1,-1,1,-1,6,1,41,7,2402,2,12,4,1,4
2018010088777,2,9,0,18,0,-1,0,0,0,0,1,-1,6,3,-1,-1,2143,2,5,-1,-1,-1
2018010088784,1,2,0,14,0,1,0,0,0,0,1,1,2,1,49,8,49,1,17,4,1,4
2018010088787,1,4,0,5,0,8,0,0,0,0,1,1,1,1,43,7,-1,-1,-1,8,1,8
2018010088787,2,9,0,18,0,8,0,0,0,0,2,1,1,1,45,7,1998,2,13,9,2,9
2018010088791,1,1,0,18,0,1,0,-1,0,0,3,1,6,1,38,7,-1,-1,-1,4,1,4
2018010088796,1,8,0,18,0,1,0,4,0,0,4,1,1,1,47,8,-1,-1,-1,4,1,4
2018010088796,2,9,0,2,0,1,0,0,0,0,3,1,6,3,-1,-1,1968,2,9,-1,-1,-1
2018010088797,1,4,0,18,0,0,0,0,0,0,1,1,1,1,40,7,1050,1,1,2,1,2
2018010088809,1,9,0,-1,-1,-1,-1,-1,-1,-1,2,-1,6,1,-1,-1,998,1,4,7,1,7
2018010088809,2,9,0,-1,-1,-1,-1,-1,-1,-1,1,-1,6,1,28,6,1496,2,2,3,1,3
2018010088813,1,9,0,5,0,1,0,0,0,0,3,2,2,1,45,7,-1,-1,-1,1,1,1
2018010088813,2,1,0,18,0,1,0,0,0,0,1,1,2,1,33,6,-1,-1,-1,9,1,9
2018010088815,1,9,0,18,0,1,0,0,1,0,1,1,6,1,43,7,2993,2,3,4,1,4
2018010088815,2,9,0,5,0,8,0,0,0,0,4,1,6,2,30,6,1997,1,14,6,1,6
2018010088816,1,9,-1,5,-1,-1,-1,-1,-1,-1,-1,-1,6,3,-1,-1,-1,-1,-1,-1,-1,-1
2018010088817,1,9,-1,-1,-1,0,-1,-1,-1,-1,-1,-1,6,1,-1,-1,-1,-1,-1,-1,-1,-1
2018010088819,1,9,0,18,0,0,0,0,0,0,4,1,6,1,57,9,-1,-1,-1,10,3,10
2018010088824,1,11,0,18,0,1,0,0,0,0,1,1,1,1,66,10,6700,2,6,2,1,2
2018010088826,1,9,0,-1,-1,-1,-1,-1,-1,-1,2,-1,6,3,-1,-1,1598,2,5,2,1,2
2018010088826,2,9,0,-1,-1,-1,-1,-1,-1,-1,1,-1,6,3,-1,-1,1364,1,11,5,1,5
2018010088830,1,9,0,18,0,8,0,0,0,0,1,1,6,3,-1,-1,-1,-1,-1,-1,-1,-1
2018010088833,1,11,0,18,0,1,0,0,0,0,0,1,1,1,56,9,5132,2,1,6,1,6
2018010088837,1,9,-1,-1,-1,-1,-1,-1,-1,-1,-1,-1,6,1,-1,-1,2720,2,11,-1,-1,-1
2018010088837,2,9,0,-1,0,8,0,0,0,0,4,-1,6,1,24,5,1968,2,5,5,1,5
2018010088838,1,9,0,7,0,4,0,0,0,0,1,1,6,1,49,8,1598,1,15,4,1,4
2018010088838,2,1,0,18,0,8,0,0,0,0,3,1,4,1,12,3,-1,-1,-1,4,1,4
2018010088842,1,19,0,18,0,0,0,0,0,0,1,1,1,1,25,5,1598,2,3,10,1,10
2018010088842,2,8,0,9,0,0,0,0,0,0,4,1,1,1,39,7,2143,2,4,5,1,5
2018010088844,1,9,0,9,0,5,0,0,0,0,4,1,3,2,44,7,1497,8,4,4,1,4
2018010088844,2,1,0,18,0,8,2,0,0,0,1,1,2,1,41,7,-1,-1,-1,6,1,6
2018010088846,1,9,0,10,0,6,0,0,0,0,4,1,6,1,28,6,2143,2,4,10,1,10
2018010088846,2,4,0,18,0,8,2,0,0,0,1,1,6,1,30,6,125,1,7,2,1,2
2018010088848,1,2,0,18,0,8,0,0,0,0,1,1,1,2,27,6,109,1,4,4,1,4
2018010088848,2,9,0,18,0,8,0,0,0,0,1,1,6,1,29,6,4163,1,6,6,1,6
2018010088850,1,9,0,18,0,0,0,7,0,0,1,1,6,1,75,10,1783,1,16,10,1,10
2018010088850,2,9,0,10,0,0,0,0,0,0,2,1,6,1,41,7,1995,2,3,9,1,9
2018010088851,1,8,0,18,0,0,0,0,0,0,3,1,1,1,37,7,2499,2,9,8,1,8
2018010088853,1,9,0,18,0,1,0,0,0,0,1,1,2,1,30,6,1968,2,1,5,1,5
2018010088853,2,9,0,3,0,1,0,0,0,0,2,1,2,1,44,7,1956,2,7,5,1,5
2018010088857,1,9,0,18,0,0,0,0,0,0,2,1,6,1,30,6,2143,2,4,6,1,6
2018010088857,2,9,0,9,0,0,0,0,0,0,1,1,6,2,59,9,998,1,6,2,1,2
2018010088862,1,9,0,18,0,1,0,0,0,0,3,1,6,1,28,6,4511,1,13,2,1,2
2018010088862,2,3,0,18,0,1,0,0,0,0,1,1,6,1,28,6,-1,-1,-1,2,1,2
2018010088865,1,1,-1,-1,-1,-1,-1,-1,-1,-1,-1,1,6,2,32,6,-1,-1,-1,3,1,3
2018010088865,2,9,0,-1,-1,-1,-1,-1,-1,-1,1,-1,6,1,-1,-1,-1,-1,-1,-1,-1,-1
2018010088867,1,9,0,4,0,2,0,0,0,0,2,2,6,1,40,7,1797,8,5,2,1,2
2018010088867,2,9,0,1,0,5,0,0,0,0,2,1,6,3,-1,-1,1968,2,8,-1,-1,-1
2018010088870,1,9,0,-1,-1,-1,-1,-1,-1,-1,1,-1,6,1,56,9,1950,2,1,4,1,4
2018010088870,2,9,0,-1,-1,-1,-1,-1,-1,-1,-1,-1,6,3,-1,-1,1349,1,7,-1,-1,-1
2018010088871,1,90,0,-1,-1,0,-1,-1,-1,-1,-1,-1,6,3,-1,-1,-1,-1,-1,-1,-1,-1
2018010088877,1,3,0,5,0,1,1,0,7,0,3,1,2,1,36,7,124,1,10,9,1,9
2018010088881,1,9,0,5,0,1,0,0,0,0,1,1,3,2,34,6,1995,2,5,9,1,9
2018010088881,2,11,0,18,0,1,0,0,0,0,1,1,1,1,29,6,7300,2,16,1,1,1
2018010088882,1,8,0,1,-1,0,-1,-1,-1,-1,2,-1,6,3,-1,-1,-1,-1,-1,-1,-1,-1
2018010088884,1,9,0,18,0,1,0,0,0,0,1,1,1,1,54,8,-1,-1,-1,2,1,2
2018010088890,1,1,-1,-1,-1,-1,-1,-1,-1,-1,-1,1,2,2,52,8,-1,-1,-1,2,1,2
2018010088890,2,9,0,-1,-1,-1,-1,-1,-1,-1,1,-1,6,3,-1,-1,1797,8,9,3,1,3
2018010088891,1,11,0,5,0,2,0,0,0,0,0,1,1,1,30,6,6692,2,8,3,1,3
2018010088892,1,8,0,18,0,8,0,0,0,0,3,1,1,1,46,8,2499,2,11,6,1,6
2018010088892,2,9,0,9,0,8,0,0,0,0,1,1,6,2,52,8,1242,1,7,3,1,3
2018010088893,1,3,0,-1,-1,0,-1,-1,-1,-1,-1,1,6,1,24,5,125,1,5,4,1,4
2018010088893,2,9,-1,-1,-1,0,-1,-1,-1,-1,-1,-1,6,3,-1,-1,-1,-1,-1,-1,-1,-1
2018010088899,1,9,0,18,0,7,0,0,0,0,1,1,2,2,46,8,2996,1,13,5,1,5
2018010088899,2,9,0,10,0,6,0,0,0,0,1,1,6,2,47,8,1360,1,12,7,1,7
2018010088903,1,9,0,5,0,1,0,0,0,0,1,2,6,1,25,5,-1,-1,-1,-1,-1,-1
2018010088904,1,5,0,17,0,3,2,0,0,0,4,1,6,1,48,8,1700,1,13,7,1,7
2018010088905,1,9,0,5,0,4,0,0,0,0,1,1,6,2,76,11,998,1,4,10,1,10
2018010088910,1,9,0,9,0,6,0,0,0,0,1,1,2,1,62,9,1598,1,10,5,1,5
2018010088913,1,9,0,9,0,8,0,0,0,0,1,1,6,3,-1,-1,-1,-1,-1,-1,-1,-1
2018010088914,1,3,0,8,0,8,0,0,0,0,3,1,1,1,34,6,125,1,4,4,1,4
2018010088914,2,9,0,8,0,8,0,0,0,0,4,1,6,3,-1,-1,-1,-1,-1,-1,-1,-1
2018010088918,1,9,0,9,4,5,0,0,0,0,1,1,6,1,48,8,4163,1,11,8,1,8
2018010088918,2,1,0,18,4,1,0,0,0,0,1,1,6,1,31,6,-1,-1,-1,8,1,8
2018010088920,1,5,0,17,0,4,5,0,0,0,4,1,2,1,51,8,1215,1,5,8,1,8