Accident_Index,Vehicle_Reference,Vehicle_Type,Towing_and_Articulation,Vehicle_Manoeuvre,Vehicle_Location-Restricted_Lane,Junction_Location,Skidding_and_Overturning,Hit_Object_in_Carriageway,Vehicle_Leaving_Carriageway,Hit_Object_off_Carriageway,1st_Point_of_Impact,Was_Vehicle_Left_Hand_Drive?,Journey_Purpose_of_Driver,Sex_of_Driver,Age_of_Driver,Age_Band_of_Driver,Engine_Capacity_(CC),Propulsion_Code,Age_of_Vehicle,Driver_IMD_Decile,Driver_Home_Area_Type,Vehicle_IMD_Decile
2018010089377,1,3,0,18,0,0,0,12,0,0,3,1,6,2,23,5,125,1,4,3,1,3
2018010089381,1,2,0,13,0,1,2,0,0,0,2,1,1,1,41,7,49,1,11,1,1,1
2018010089381,2,9,0,4,0,1,0,0,0,0,0,1,6,1,31,6,1598,2,1,8,1,8
2018010089384,1,9,0,-1,-1,-1,-1,-1,-1,-1,2,-1,6,1,41,7,1910,2,14,3,1,3
2018010089384,2,19,0,-1,-1,-1,-1,-1,-1,-1,1,-1,6,1,-1,-1,2402,2,12,4,1,4
2018010089385,1,9,0,11,0,5,0,7,1,6,1,1,6,3,-1,-1,1995,2,12,-1,-1,-1
2018010089387,1,9,0,18,0,2,0,0,0,0,3,1,1,1,31,6,1499,1,1,3,1,3
2018010089393,1,9,0,10,0,4,0,0,0,0,3,1,6,1,21,5,1796,1,9,3,1,3
2018010089393,2,9,0,18,0,4,0,0,7,3,1,1,6,1,17,4,1997,2,9,2,1,2
2018010089394,1,9,0,9,0,5,0,0,0,0,3,1,6,1,41,7,2993,2,8,2,1,2
2018010089394,2,4,0,9,0,1,1,0,0,0,1,1,6,1,25,5,125,1,1,2,1,2
2018010089395,1,9,0,5,0,6,0,0,0,0,3,1,6,1,67,10,1598,1,18,2,1,2
2018010089395,2,8,0,18,0,1,0,0,7,10,1,1,1,1,54,8,2143,2,7,3,1,3
2018010089396,1,19,3,18,2,8,1,0,4,10,1,1,1,1,29,6,2198,2,7,2,1,2
2018010089396,2,8,0,17,0,6,0,0,0,0,0,1,1,1,37,7,1797,8,7,2,1,2
2018010089399,1,9,0,18,0,1,0,0,0,0,1,1,6,1,29,6,1395,1,4,2,1,2
2018010089400,1,9,0,5,0,0,0,0,0,0,3,1,6,1,58,9,1498,1,7,3,1,3
2018010089400,2,1,0,18,0,0,0,0,0,0,1,1,6,1,21,5,-1,-1,-1,3,1,3
2018010089403,1,8,0,-1,-1,0,-1,-1,-1,-1,2,-1,6,1,47,8,1686,2,8,1,1,1
2018010089403,2,9,0,-1,-1,0,-1,-1,-1,-1,1,-1,6,2,36,7,3498,1,7,7,1,7
2018010089405,1,9,0,6,0,1,1,0,0,0,1,1,6,1,31,6,1968,2,12,3,1,3
2018010089405,2,9,0,4,0,1,1,0,0,0,1,1,6,1,31,6,1461,2,9,4,1,4
2018010089408,1,9,0,7,0,6,0,0,0,0,3,2,6,2,51,8,1242,1,8,3,1,3
2018010089408,2,1,0,18,0,1,0,0,0,0,3,1,6,2,33,6,-1,-1,-1,3,1,3
2018010089409,1,9,0,7,0,0,1,0,1,10,1,1,6,1,27,6,2143,2,4,2,1,2
2018010089409,2,9,0,18,9,0,0,0,0,0,2,1,6,1,-1,-1,-1,-1,-1,7,1,7
2018010089417,1,9,0,18,0,8,0,0,0,0,1,1,6,1,17,4,999,1,-1,7,1,7
2018010089417,2,9,0,9,0,8,0,0,0,0,4,1,6,1,35,6,1461,2,4,2,1,2
2018010089419,1,19,0,9,0,4,0,0,0,0,1,1,6,1,33,6,2148,2,10,2,1,2
2018010089419,2,1,0,9,0,4,0,0,0,0,2,1,6,2,30,6,-1,-1,-1,5,1,5
2018010089423,1,9,0,18,0,8,0,0,0,0,1,1,6,1,53,8,-1,-1,-1,1,1,1
2018010089423,2,9,0,7,0,1,0,4,0,0,2,1,1,2,57,9,1595,1,16,2,1,2
2018010089423,3,9,0,2,0,8,0,0,0,0,1,1,6,3,-1,-1,1968,2,4,-1,-1,-1
2018010089426,1,19,0,8,0,1,0,0,0,0,4,1,1,1,45,7,4250,2,6,2,1,2
2018010089426,2,1,0,15,0,1,0,0,0,0,4,1,2,1,39,7,-1,-1,-1,1,1,1
2018010089427,1,8,0,9,0,5,0,0,0,0,1,1,1,1,33,6,1968,2,4,3,1,3
2018010089429,1,19,0,9,0,8,0,0,0,0,4,1,1,1,24,5,1499,2,1,4,1,4
2018010089429,2,9,0,18,0,8,0,0,0,0,1,1,6,1,31,6,2771,1,14,3,1,3
2018010089431,1,11,0,4,0,0,0,0,0,0,0,1,1,1,55,8,4461,2,5,7,1,7
2018010089432,1,1,-1,-1,-1,0,-1,-1,-1,-1,-1,1,6,1,49,8,-1,-1,-1,7,1,7
2018010089432,2,9,0,-1,-1,0,-1,-1,-1,-1,-1,-1,6,1,-1,-1,2148,2,8,7,1,7
2018010089435,1,9,0,18,0,0,0,0,0,0,4,1,6,1,45,7,1994,2,8,3,1,3
2018010089446,1,9,0,-1,-1,-1,-1,-1,-1,-1,2,-1,6,2,26,6,1597,1,10,5,1,5
2018010089449,1,9,0,-1,-1,0,-1,-1,-1,-1,2,-1,6,2,26,6,1398,1,4,2,1,2
2018010089449,2,9,0,-1,-1,0,-1,-1,-1,-1,1,-1,6,1,21,5,1598,2,2,-1,2,-1
2018010089450,1,3,0,-1,0,8,1,0,0,0,1,1,2,1,52,8,124,1,1,7,1,7
2018010089450,2,19,0,-1,-1,-1,-1,-1,-1,-1,1,-1,6,1,-1,-1,2198,2,3,-1,-1,-1
2018010089457,1,11,0,5,0,1,0,0,0,0,0,1,1,1,25,5,4500,2,1,2,1,2
2018010089457,2,9,0,7,0,8,0,0,0,0,0,1,6,3,-1,-1,-1,-1,-1,-1,-1,-1
2018010089460,1,9,0,3,0,0,0,0,0,0,0,1,6,1,44,7,1995,2,9,3,1,3
2018010089460,2,8,0,3,0,0,0,0,0,0,2,1,1,1,33,6,-1,-1,-1,4,1,4
2018010089460,3,9,0,4,0,0,0,0,0,0,1,1,6,1,52,8,3301,1,12,5,1,5
2018010089462,1,9,0,18,0,0,0,0,0,0,1,1,6,1,73,10,1198,1,6,3,1,3
2018010089462,2,9,0,18,0,0,0,0,0,0,2,1,6,1,29,6,1995,2,12,5,1,5
2018010089463,1,11,0,5,0,1,0,0,0,0,0,1,1,1,46,8,6696,2,5,2,1,2
2018010089464,1,9,-1,-1,-1,0,-1,-1,-1,-1,-1,-1,6,1,60,9,1590,1,15,5,1,5
2018010089464,2,20,0,-1,-1,0,-1,-1,-1,-1,1,-1,6,3,-1,-1,12740,2,2,-1,-1,-1
2018010089466,1,3,0,5,0,1,0,10,0,0,1,1,6,1,23,5,-1,-1,-1,-1,-1,-1
2018010089468,1,9,0,5,0,1,0,0,0,0,1,1,6,3,-1,-1,-1,-1,-1,-1,-1,-1
2018010089468,2,9,0,4,0,1,0,0,0,0,2,1,6,1,45,7,1968,2,8,3,1,3
2018010089468,3,9,0,3,0,1,0,0,0,0,2,1,6,1,55,8,1598,2,4,4,1,4
2018010089468,4,9,0,18,0,1,0,0,0,0,2,2,6,1,-1,-1,1995,2,14,4,1,4
2018010089469,1,9,0,18,0,0,0,0,0,0,1,2,6,1,56,9,1797,8,6,4,1,4
2018010089469,2,9,0,18,0,0,0,0,0,0,1,1,1,1,41,7,2993,2,1,8,1,8
2018010089470,1,9,-1,-1,-1,-1,-1,-1,-1,-1,-1,-1,6,1,46,8,3199,1,14,7,1,7
2018010089476,1,9,0,4,0,0,0,0,0,0,2,1,6,1,86,11,1910,2,9,7,1,7
2018010089476,2,9,0,4,0,0,0,0,0,0,2,2,6,2,54,8,1598,1,14,6,1,6
2018010089476,3,19,0,18,0,0,0,0,0,0,1,1,1,1,29,6,2402,2,7,2,1,2
2018010089481,1,9,0,4,0,1,0,0,0,0,2,1,1,1,26,6,2143,2,4,-1,-1,-1
2018010089481,2,9,0,5,0,5,0,0,0,0,1,1,6,3,-1,-1,1798,1,19,-1,-1,-1
2018010089482,1,11,0,18,2,1,0,0,0,0,0,1,1,2,40,7,4500,2,2,2,1,2
2018010089483,1,2,0,5,0,8,0,12,0,0,1,1,1,1,18,4,125,1,1,3,1,3
2018010089485,1,9,0,18,0,8,0,0,0,0,1,1,6,2,40,7,1997,2,13,4,1,4
2018010089485,2,11,0,18,0,1,0,0,0,0,3,1,1,1,27,6,9000,2,10,3,1,3
2018010089492,1,19,0,3,0,1,0,0,0,0,3,1,1,1,31,6,2143,2,1,10,1,10
2018010089492,2,9,0,4,0,1,0,0,0,0,1,1,6,2,32,6,1598,1,10,-1,-1,-1
2018010089492,3,90,0,14,0,1,2,0,0,0,4,1,1,1,20,4,-1,-1,-1,4,1,4
2018010089496,1,9,0,16,0,0,0,0,0,0,1,1,6,1,28,6,1587,1,12,10,1,10
2018010089500,1,8,0,6,0,2,0,0,1,0,1,1,1,1,36,7,2499,2,7,3,1,3
2018010089500,2,3,0,13,0,2,0,4,0,0,1,1,1,1,29,6,125,1,2,3,1,3
2018010089500,3,9,0,2,0,2,0,0,0,0,3,1,6,3,-1,-1,2143,2,2,-1,-1,-1
2018010089502,1,9,0,18,0,8,0,0,0,0,1,1,6,1,27,6,-1,-1,-1,5,1,5
2018010089502,2,9,0,9,0,6,0,0,0,0,3,1,6,2,49,8,1395,1,5,1,1,1
2018010089507,1,9,0,18,0,1,0,0,0,0,1,1,6,1,26,6,1995,2,1,1,1,1
2018010089508,1,9,0,18,0,1,0,0,0,0,1,1,6,2,70,10,1591,1,2,6,1,6
2018010089508,2,9,0,18,0,1,0,0,0,0,2,1,6,2,56,9,1998,1,-1,9,1,9
2018010089509,1,9,0,-1,-1,0,-1,-1,-1,-1,2,-1,6,2,52,8,1596,1,6,2,1,2
2018010089509,2,9,0,-1,-1,0,-1,-1,-1,-1,1,-1,6,2,-1,-1,1598,1,9,2,1,2
2018010089515,1,9,0,-1,-1,0,-1,-1,-1,-1,2,-1,6,1,52,8,1598,2,-1,6,1,6
2018010089515,2,1,-1,-1,-1,0,-1,-1,-1,-1,1,1,6,1,-1,-1,-1,-1,-1,-1,-1,-1
2018010089519,1,9,0,-1,-1,-1,-1,-1,-1,-1,2,-1,6,1,23,5,996,1,9,5,1,5
2018010089519,2,9,-1,-1,-1,-1,-1,-1,-1,-1,-1,-1,6,3,-1,-1,1248,2,6,-1,-1,-1
2018010089523,1,9,0,18,0,8,0,0,0,0,1,1,6,1,78,11,4293,1,9,4,1,4
2018010089523,2,19,0,18,0,8,0,0,0,0,3,1,1,2,34,6,2198,2,3,-1,-1,-1
2018010089524,1,9,0,9,0,6,0,0,0,0,2,1,6,2,47,8,1560,2,7,5,1,5
2018010089524,2,9,0,18,0,1,0,0,1,10,2,1,6,1,27,6,2143,2,4,4,1,4
2018010089525,1,19,0,4,0,1,0,0,0,0,1,1,6,3,-1,-1,1995,2,10,-1,-1,-1
2018010089525,2,9,0,4,0,4,0,0,0,0,2,1,6,1,45,7,1797,8,8,1,1,1
2018010089525,3,8,0,18,0,4,0,0,0,0,2,1,6,1,-1,-1,-1,-1,-1,-1,-1,-1
2018010089530,1,3,0,18,0,0,0,0,0,0,1,1,6,3,19,4,124,1,10,-1,-1,-1
2018010089535,1,9,0,-1,-1,-1,-1,-1,-1,-1,1,-1,6,1,26,6,1242,1,14,2,1,2
2018010089535,2,9,0,-1,-1,-1,-1,-1,-1,-1,2,-1,6,2,-1,-1,1956,2,6,-1,-1,-1
2018010089536,1,9,0,5,0,0,0,0,0,0,3,1,6,1,25,5,1461,2,1,4,1,4
2018010089539,1,9,0,4,0,0,0,0,0,0,2,1,6,1,25,5,899,1,5,2,1,2
2018010089539,2,11,0,4,0,0,0,0,0,0,1,1,1,1,45,7,10838,2,4,6,1,6
2018010089544,1,3,0,13,0,2,1,0,0,0,0,1,2,2,26,6,125,1,-1,8,1,8
2018010089550,1,9,0,5,9,0,0,0,0,0,1,1,6,2,-1,-1,4398,7,14,3,1,3
2018010089555,1,1,-1,-1,-1,-1,-1,-1,-1,-1,1,1,6,1,34,6,-1,-1,-1,10,2,10
2018010089555,2,20,0,-1,-1,-1,-1,-1,-1,-1,1,-1,6,1,-1,-1,6700,2,1,-1,1,-1
2018010089558,1,9,0,9,0,4,0,0,0,0,1,1,6,1,67,10,1398,1,5,4,1,4
2018010089558,2,1,0,7,0,4,0,0,0,0,1,1,6,2,42,7,-1,-1,-1,4,1,4
2018010089560,1,3,-1,-1,0,-1,-1,-1,-1,0,-1,1,6,3,-1,-1,-1,-1,-1,-1,-1,-1
2018010089570,1,9,0,18,0,1,0,0,0,0,4,-1,6,2,32,6,2000,1,23,3,1,3
2018010089570,2,9,0,18,0,-1,0,0,0,0,1,-1,6,1,-1,-1,1997,2,4,-1,-1,-1
2018010089571,1,2,0,18,0,1,0,0,0,0,1,1,6,1,35,6,125,1,7,2,-1,2
2018010089571,2,9,0,9,0,1,0,0,0,0,4,1,6,3,-1,-1,2143,2,1,2,1,2
2018010089574,1,1,0,14,0,1,0,0,0,0,1,1,6,1,21,5,-1,-1,-1,3,1,3
2018010089580,1,1,0,18,0,1,0,0,0,0,2,1,6,1,55,8,-1,-1,-1,3,1,3
2018010089580,2,2,0,18,0,1,0,0,0,0,1,1,6,3,-1,-1,-1,-1,-1,-1,-1,-1
2018010089581,1,11,0,18,0,0,0,0,0,0,0,1,6,1,53,8,6692,2,7,3,1,3
2018010089596,1,90,0,7,0,1,0,0,0,0,4,1,2,1,60,9,-1,-1,-1,3,1,3
2018010089596,2,1,0,3,0,1,0,0,0,0,4,1,6,1,30,6,-1,-1,-1,7,1,7
2018010089601,1,9,0,18,0,1,0,0,0,0,1,1,6,1,55,8,1598,1,14,4,1,4
2018010089608,1,4,0,14,0,0,1,0,0,0,0,1,6,1,65,9,125,1,3,8,1,8
2018010089611,1,19,0,1,0,8,0,0,0,0,2,1,1,1,45,7,2143,2,1,4,1,4
2018010089611,2,3,0,5,0,8,0,0,0,0,1,1,2,1,47,8,278,1,1,8,1,8
2018010089612,1,1,0,18,9,2,0,0,0,0,1,1,6,1,33,6,-1,-1,-1,-1,-1,-1
2018010089614,1,9,0,-1,-1,0,-1,-1,-1,-1,1,-1,6,2,21,5,1360,1,16,6,1,6
2018010089614,2,9,0,-1,-1,0,-1,-1,-1,-1,1,-1,6,1,-1,-1,1896,2,15,4,1,4
2018010089617,1,3,0,18,0,0,2,0,0,0,0,1,2,1,29,6,125,1,4,2,1,2
2018010089617,2,5,0,18,0,0,2,0,0,0,0,1,2,1,51,8,800,1,7,6,1,6
2018010089618,1,9,0,4,0,0,0,0,0,0,3,1,2,1,41,7,1799,1,12,3,1,3
2018010089620,1,1,-1,-1,-1,0,-1,-1,-1,-1,1,1,6,1,46,8,-1,-1,-1,1,1,1
2018010089620,2,9,0,-1,-1,0,-1,-1,-1,-1,-1,-1,6,1,47,8,-1,-1,-1,2,1,2
2018010089622,1,9,0,18,0,1,0,4,0,0,1,1,6,1,44,7,1595,2,9,4,1,4
2018010089622,2,9,0,4,0,2,0,0,0,0,2,1,6,1,45,7,1596,1,10,3,1,3
2018010089622,3,9,0,4,0,2,0,0,0,0,2,1,6,2,35,6,1769,1,14,3,1,3
2018010089624,1,9,0,5,0,0,0,0,0,0,3,1,1,1,29,6,1598,2,3,5,1,5
2018010089626,1,9,0,9,0,8,0,0,0,0,1,1,6,1,45,7,-1,-1,-1,10,1,10
2018010089628,1,8,0,9,0,2,0,0,0,0,1,1,6,1,51,8,2143,2,3,4,1,4
2018010089629,1,90,0,7,0,8,0,0,0,0,4,1,1,1,45,7,5880,2,13,4,1,4
2018010089632,1,9,0,18,0,0,5,0,5,6,3,1,6,1,19,4,1956,2,8,3,1,3
2018010089634,1,9,0,-1,-1,-1,-1,-1,-1,-1,2,-1,2,1,51,8,1461,2,11,1,1,1
2018010089634,2,90,0,-1,-1,-1,-1,-1,-1,-1,1,-1,6,3,-1,-1,-1,-1,-1,-1,-1,-1
2018010089642,1,9,0,6,0,2,0,0,0,0,3,1,2,1,50,8,1797,8,7,2,1,2
2018010089642,2,1,0,18,0,2,5,0,0,0,1,1,6,1,47,8,-1,-1,-1,2,1,2
2018010089648,1,9,0,7,0,3,0,0,0,0,4,1,6,1,64,9,1560,2,2,2,1,2
2018010089648,2,1,0,18,0,1,0,0,0,0,1,1,6,2,51,8,-1,-1,-1,2,1,2
2018010089649,1,19,0,9,0,8,0,0,0,0,1,2,6,3,-1,-1,-1,-1,-1,-1,-1,-1
2018010089650,1,8,0,18,0,0,0,0,0,0,1,1,1,1,41,7,1798,8,4,3,1,3
2018010089652,1,9,0,18,0,1,0,4,0,0,1,1,6,2,49,8,-1,-1,-1,9,1,9
2018010089652,2,9,0,2,0,1,0,4,0,0,2,1,6,3,-1,-1,1242,1,9,-1,-1,-1
2018010089653,1,9,0,4,0,0,0,0,0,0,2,1,6,1,22,5,1598,2,-1,3,1,3
2018010089653,2,3,0,4,0,0,0,0,0,0,3,1,6,1,25,5,125,1,7,3,1,3
2018010089654,1,2,0,18,0,1,0,0,0,0,3,1,6,1,54,8,49,1,9,4,1,4
2018010089657,1,5,0,18,0,0,1,4,0,0,1,1,1,1,52,8,1202,1,4,6,1,6
2018010089657,2,9,0,13,0,0,0,0,0,0,0,1,6,3,-1,-1,-1,-1,-1,-1,-1,-1
2018010089657,3,9,0,2,0,0,5,0,0,0,2,1,6,3,-1,-1,999,1,2,-1,-1,-1
2018010089658,1,9,0,-1,-1,-1,-1,-1,-1,-1,-1,-1,6,1,23,5,1299,1,17,-1,-1,-1
2018010089658,2,9,0,-1,-1,-1,-1,-1,-1,-1,1,-1,6,3,-1,-1,1968,2,6,-1,-1,-1
2018010089659,1,20,1,-1,-1,-1,-1,-1,-1,-1,2,-1,2,1,26,6,2143,2,2,4,1,4
2018010089659,2,21,1,-1,-1,-1,-1,-1,-1,-1,-1,-1,6,3,-1,-1,9290,2,3,-1,-1,-1
2018010089662,1,9,0,14,0,0,0,0,0,0,1,1,6,2,20,4,1968,2,14,3,1,3
2018010089662,2,3,0,14,0,0,1,0,0,0,1,1,6,1,32,6,124,1,4,5,1,5
2018010089664,1,90,0,18,9,0,0,0,0,0,0,1,6,3,-1,-1,-1,-1,-1,-1,-1,-1
2018010089665,1,5,0,17,0,0,2,0,1,9,1,1,6,1,37,7,1199,1,17,-1,-1,-1
2018010089669,1,8,0,18,0,2,0,0,0,0,1,1,1,1,39,7,1798,8,3,1,1,1
2018010089670,1,8,0,-1,-1,-1,-1,-1,-1,-1,3,-1,6,1,28,6,1798,8,3,2,1,2
2018010089670,2,9,0,-1,-1,-1,-1,-1,-1,-1,1,-1,6,1,-1,-1,1499,1,2,3,1,3
2018010089671,1,9,0,18,0,0,0,4,0,0,1,1,6,1,32,6,1798,1,2,8,1,8
2018010089671,2,9,0,2,6,0,0,0,0,0,1,1,6,3,-1,-1,1995,2,6,-1,-1,-1
2018010089671,3,9,0,2,0,0,0,0,0,0,2,1,6,3,-1,-1,1198,1,12,-1,-1,-1
2018010089671,4,9,0,2,0,0,0,0,0,0,1,1,6,3,-1,-1,1968,2,11,-1,-1,-1
2018010089673,1,9,0,10,0,1,0,0,0,0,1,1,6,1,24,5,1686,2,6,2,1,2
2018010089673,2,3,0,18,0,1,0,0,0,0,1,1,6,1,-1,-1,124,1,11,-1,-1,-1
2018010089677,1,9,0,-1,-1,-1,-1,-1,-1,-1,-1,-1,6,2,28,6,1395,1,3,10,1,10
2018010089677,2,9,0,-1,-1,-1,-1,-1,-1,-1,1,-1,6,2,-1,-1,1968,2,8,3,1,3
2018010089681,1,9,0,4,0,3,0,0,0,0,2,-1,6,1,43,7,1596,1,14,5,1,5
2018010089681,2,9,0,18,0,3,0,0,0,0,1,-1,6,3,-1,-1,-1,-1,-1,-1,-1,-1
2018010089683,1,9,0,1,0,0,0,0,0,0,2,1,6,1,28,6,1956,2,8,5,1,5
2018010089684,1,3,0,15,0,0,0,10,1,2,1,1,6,1,16,4,108,1,8,-1,-1,-1
2018010089684,2,9,0,18,0,0,0,0,0,0,0,1,1,2,16,4,1598,2,3,5,1,5
2018010089686,1,1,0,18,0,1,0,0,0,0,1,1,6,1,-1,-1,-1,-1,-1,2,1,2
2018010089686,2,9,0,9,0,8,0,0,0,0,4,1,6,1,-1,-1,2143,2,2,3,1,3
2018010089696,1,3,0,9,0,2,0,0,0,0,3,1,6,2,19,4,125,1,1,5,1,5
2018010089696,2,20,0,18,0,1,0,0,0,0,1,-1,6,3,-1,-1,10837,2,1,-1,-1,-1
2018010089701,1,1,-1,-1,-1,-1,-1,-1,-1,-1,-1,1,6,2,55,8,-1,-1,-1,4,1,4
2018010089701,2,19,0,-1,-1,-1,-1,-1,-1,-1,2,-1,6,1,-1,-1,-1,-1,-1,-1,-1,-1
2018010089705,1,3,0,4,0,1,0,0,0,0,4,1,2,1,33,6,125,1,1,9,1,9
2018010089705,2,19,0,18,0,1,0,0,0,0,3,1,6,1,45,7,2198,2,4,8,1,8
2018010089706,1,9,0,-1,-1,-1,-1,-1,-1,-1,1,-1,6,2,-1,-1,-1,-1,-1,-1,-1,-1
2018010089711,1,9,0,18,0,0,0,4,0,0,1,1,6,2,75,10,-1,-1,-1,4,1,4
2018010089711,2,9,0,2,0,0,0,0,0,0,2,1,6,3,-1,-1,1598,2,6,-1,-1,-1
2018010089711,3,9,0,2,0,0,0,0,0,0,1,1,6,3,-1,-1,1995,2,3,-1,-1,-1
2018010089723,1,9,0,3,0,1,0,0,0,0,1,1,2,2,39,7,1991,2,11,2,1,2
2018010089723,2,19,0,1,0,1,0,0,0,0,2,1,1,1,50,8,2143,2,5,2,1,2
2018010089724,1,11,0,18,3,1,0,0,0,0,0,1,1,1,23,5,4500,2,2,3,1,3
2018010089725,1,19,0,5,0,2,0,0,0,0,2,1,1,1,44,7,4461,2,7,7,1,7
2018010089725,2,1,0,4,0,2,0,0,0,0,0,1,2,1,34,6,-1,-1,-1,3,1,3
2018010089732,1,1,-1,-1,-1,-1,-1,-1,-1,-1,-1,1,2,1,31,6,-1,-1,-1,4,1,4
2018010089732,2,9,0,-1,-1,-1,-1,-1,-1,-1,-1,-1,6,1,18,4,1364,1,9,3,1,3
2018010089733,1,9,0,7,0,6,0,0,0,0,4,1,6,1,64,9,1896,2,11,4,1,4
2018010089733,2,1,0,5,0,2,0,0,0,0,4,1,6,1,45,7,-1,-1,-1,6,2,6
2018010089739,1,3,0,18,0,0,0,0,0,0,1,1,6,1,22,5,124,1,1,3,1,3
2018010089739,2,9,0,5,0,0,0,0,0,0,2,1,6,1,46,8,1950,2,1,4,1,4
2018010089740,1,9,0,18,0,0,0,0,0,0,4,1,6,1,74,10,1242,1,5,6,1,6
2018010089743,1,9,0,4,0,2,0,0,0,0,1,1,6,2,46,8,1598,1,4,4,1,4
2018010089743,2,3,0,18,0,1,0,0,0,0,1,1,6,1,58,9,690,1,1,7,3,7
2018010089744,1,9,0,18,0,8,0,0,0,0,1,1,6,1,25,5,2143,2,4,4,1,4
2018010089744,2,9,0,5,0,8,0,0,0,0,4,1,6,2,30,6,998,1,3,5,1,5
2018010089745,1,9,0,-1,-1,-1,-1,-1,-1,-1,1,-1,6,1,-1,-1,1595,1,11,2,1,2
2018010089748,1,1,0,3,0,0,0,0,0,0,3,1,1,1,30,6,-1,-1,-1,2,1,2
2018010089748,2,19,0,13,0,0,0,0,0,0,4,1,6,3,-1,-1,-1,-1,-1,-1,-1,-1
2018010089749,1,9,0,-1,-1,-1,-1,-1,-1,-1,2,-1,2,2,30,6,1198,1,16,2,1,2
2018010089749,2,9,0,-1,-1,-1,-1,-1,-1,-1,1,-1,6,2,62,9,1560,2,9,4,1,4
2018010089754,1,9,0,18,0,2,0,0,0,0,1,2,6,2,34,6,1796,1,16,3,1,3
2018010089754,2,19,0,18,0,2,0,0,0,0,1,2,1,1,23,5,1995,2,1,3,1,3
2018010089755,1,2,0,3,0,2,0,0,0,0,2,1,2,1,46,8,125,1,1,3,1,3
2018010089755,2,9,0,4,0,2,0,0,0,0,1,2,1,1,30,6,2143,2,4,1,1,1
2018010089757,1,9,0,18,0,6,0,0,0,0,1,1,6,1,28,6,2148,2,12,8,1,8
2018010089757,2,9,0,9,0,1,0,0,0,0,1,1,6,3,-1,-1,-1,-1,-1,-1,-1,-1
2018010089759,1,9,0,4,0,0,0,0,0,0,1,1,2,1,30,6,1598,1,10,2,1,2
2018010089759,2,9,0,4,0,0,0,0,0,0,2,1,6,2,34,6,1198,1,9,5,1,5
2018010089761,1,9,0,7,0,1,0,0,0,0,4,1,6,3,-1,-1,-1,-1,-1,-1,-1,-1
2018010089763,1,9,0,3,0,1,0,0,0,0,2,1,6,2,47,8,-1,-1,-1,2,1,2
2018010089763,2,9,0,4,0,1,0,0,0,0,1,1,6,1,37,7,1461,2,8,4,1,4
2018010089767,1,4,0,18,0,0,0,0,0,0,1,1,6,1,20,4,125,1,7,5,1,5
2018010089770,1,3,0,9,0,0,1,0,0,0,3,1,6,1,23,5,124,1,1,1,1,1
2018010089770,2,3,0,18,0,0,0,0,0,0,1,1,6,3,-1,-1,-1,-1,-1,-1,-1,-1
2018010089771,1,9,5,18,0,0,0,4,0,0,1,1,6,1,88,11,1199,1,17,2,1,2
2018010089775,1,9,0,9,0,8,0,0,0,0,1,1,6,1,30,6,1108,1,12,2,1,2
2018010089775,2,3,0,18,0,1,0,0,0,0,1,1,6,1,37,7,124,1,6,3,1,3
2018010089777,1,3,0,18,0,1,1,0,0,0,0,1,6,2,31,6,125,1,1,3,1,3
2018010089777,2,8,0,9,0,2,0,0,0,0,0,1,1,1,61,9,2776,2,1,3,1,3
2018010089779,1,1,-1,-1,-1,-1,-1,-1,-1,-1,1,1,2,1,51,8,-1,-1,-1,3,1,3
2018010089779,2,8,0,-1,-1,-1,-1,-1,-1,-1,-1,-1,6,1,-1,-1,1797,8,4,-1,-1,-1
2018010089780,1,9,0,16,0,1,0,0,0,0,1,1,6,3,-1,-1,1560,2,12,-1,-1,-1
2018010089780,2,19,0,3,0,1,0,0,0,0,0,1,6,1,25,5,1995,2,8,-1,-1,-1
2018010089781,1,1,-1,-1,-1,-1,-1,-1,-1,-1,-1,1,2,1,45,7,-1,-1,-1,-1,-1,-1
2018010089781,2,9,0,-1,-1,-1,-1,-1,-1,-1,1,-1,6,3,-1,-1,-1,-1,-1,-1,-1,-1
2018010089786,1,2,0,18,0,1,0,0,0,0,0,1,6,1,20,4,108,1,2,4,1,4
2018010089787,1,9,0,18,9,1,0,0,0,0,1,2,6,2,25,5,-1,-1,-1,5,1,5
2018010089788,1,9,0,18,0,0,0,0,0,0,0,1,6,1,77,11,-1,-1,-1,2,1,2
2018010089789,1,9,0,9,0,8,0,0,0,0,3,1,6,1,22,5,-1,-1,-1,7,1,7
2018010089789,2,3,0,18,0,1,0,0,0,0,1,1,6,1,38,7,124,1,10,4,1,4
2018010089790,1,4,0,18,0,1,0,0,0,0,1,1,1,1,24,5,125,1,2,2,1,2
2018010089792,1,9,0,18,0,2,1,0,0,0,1,1,6,3,18,4,1984,1,15,-1,-1,-1
2018010089792,2,8,0,8,0,1,0,4,0,0,3,1,2,1,37,7,1910,2,10,2,1,2
2018010089792,3,19,0,2,0,2,0,0,0,0,3,1,6,3,-1,-1,1560,2,2,-1,-1,-1
2018010089792,4,9,0,2,0,2,0,0,0,0,4,1,6,3,-1,-1,1598,1,7,-1,-1,-1
2018010089792,5,19,0,2,0,2,0,0,0,0,4,1,6,3,-1,-1,2198,2,5,-1,-1,-1
2018010089793,1,11,0,5,0,8,0,0,0,0,0,1,1,2,31,6,9000,2,9,1,1,1
2018010089795,1,9,0,7,0,5,0,0,8,10,1,1,6,2,22,5,1496,2,1,2,1,2
2018010089797,1,3,0,18,0,0,0,10,0,0,1,1,6,1,22,5,125,1,1,7,1,7
2018010089798,1,9,0,6,0,1,0,0,0,0,3,1,6,1,28,6,998,1,5,-1,1,-1
2018010089798,2,3,0,18,0,1,0,0,0,0,1,1,6,1,20,4,-1,-1,-1,7,1,7