Accident_Index,Vehicle_Reference,Vehicle_Type,Towing_and_Articulation,Vehicle_Manoeuvre,Vehicle_Location-Restricted_Lane,Junction_Location,Skidding_and_Overturning,Hit_Object_in_Carriageway,Vehicle_Leaving_Carriageway,Hit_Object_off_Carriageway,1st_Point_of_Impact,Was_Vehicle_Left_Hand_Drive?,Journey_Purpose_of_Driver,Sex_of_Driver,Age_of_Driver,Age_Band_of_Driver,Engine_Capacity_(CC),Propulsion_Code,Age_of_Vehicle,Driver_IMD_Decile,Driver_Home_Area_Type,Vehicle_IMD_Decile
2018010089800,1,5,0,13,0,1,0,0,0,0,1,1,6,1,43,7,745,1,1,4,1,4
2018010089800,2,9,0,9,0,1,0,0,0,0,3,2,6,1,35,6,1398,2,15,2,1,2
2018010089802,1,9,0,18,0,0,1,0,0,0,4,1,6,1,51,8,2664,2,13,2,1,2
2018010089802,2,9,0,18,0,0,1,0,0,0,2,1,6,1,48,8,1461,2,2,6,1,6
2018010089802,3,19,0,18,0,0,1,0,1,0,1,1,1,1,39,7,1499,2,2,7,3,7
2018010089804,1,3,0,14,0,2,0,0,1,0,1,1,6,1,34,6,124,1,3,-1,-1,-1
2018010089804,2,11,0,4,2,2,0,0,0,0,0,1,1,1,58,9,4760,2,5,3,1,3
2018010089805,1,9,0,18,0,1,0,0,0,0,3,1,6,3,-1,-1,1597,1,10,-1,-1,-1
2018010089805,2,1,0,10,0,1,0,0,0,0,4,1,2,1,55,8,-1,-1,-1,7,3,7
2018010089813,1,9,-1,9,0,1,0,-1,0,0,-1,-1,6,3,-1,-1,-1,-1,-1,-1,-1,-1
2018010089818,1,1,0,18,0,1,0,-1,-1,-1,1,1,6,2,-1,-1,-1,-1,-1,1,1,1
2018010089818,2,9,0,-1,0,1,0,-1,0,0,-1,-1,6,1,-1,-1,1796,1,10,2,1,2
2018010089821,1,9,0,3,0,1,0,0,0,0,2,1,2,2,37,7,1198,1,1,6,1,6
2018010089821,2,9,0,18,0,1,0,0,0,0,1,1,6,1,54,8,1339,1,4,3,1,3
2018010089833,1,9,0,9,0,6,0,0,0,0,1,1,2,1,30,6,2793,1,18,10,1,10
2018010089833,2,9,0,5,9,1,0,0,1,0,1,1,2,1,49,8,1598,1,15,5,1,5
2018010089837,1,9,0,18,0,1,0,0,0,0,1,1,6,1,27,6,1560,2,3,3,1,3
2018010089837,2,19,0,9,0,6,0,0,0,0,1,1,2,1,37,7,1598,2,3,7,1,7
2018010089840,1,1,-1,18,0,1,0,-1,-1,-1,1,1,6,1,54,8,-1,-1,-1,6,1,6
2018010089840,2,9,0,-1,0,1,0,-1,-1,-1,-1,-1,6,3,-1,-1,1497,8,12,2,1,2
2018010089860,1,3,0,18,0,0,0,0,0,0,4,1,6,1,28,6,125,1,3,3,1,3
2018010089861,1,19,0,-1,-1,0,-1,-1,-1,-1,-1,-1,6,1,44,7,1968,2,4,2,1,2
2018010089863,1,9,0,3,0,1,0,0,0,0,2,-1,6,2,40,7,1242,1,7,-1,-1,-1
2018010089863,2,9,-1,18,0,1,-1,0,0,0,1,-1,6,3,-1,-1,1600,1,14,-1,-1,-1
2018010089868,1,3,0,-1,-1,0,-1,-1,-1,-1,-1,1,2,1,37,7,125,1,2,3,1,3
2018010089868,2,9,0,-1,-1,0,-1,-1,-1,-1,-1,-1,6,3,-1,-1,1198,1,7,-1,-1,-1
2018010089870,1,5,-1,-1,-1,-1,-1,-1,-1,-1,-1,1,6,1,58,9,1170,1,-1,6,1,6
2018010089870,2,90,-1,-1,-1,-1,-1,-1,-1,-1,-1,-1,6,3,-1,-1,-1,-1,-1,-1,-1,-1
2018010089873,1,1,-1,-1,-1,-1,-1,-1,-1,-1,-1,1,2,2,32,6,-1,-1,-1,8,1,8
2018010089873,2,9,0,-1,-1,-1,-1,-1,-1,-1,1,-1,6,1,-1,-1,1299,1,15,10,1,10
2018010089877,1,19,0,9,0,5,0,0,0,0,4,1,1,1,62,9,2299,2,7,3,1,3
2018010089877,2,1,0,18,0,1,1,0,0,0,1,1,2,1,40,7,-1,-1,-1,7,1,7
2018010089878,1,19,0,2,0,0,0,0,0,0,2,1,6,3,-1,-1,1968,2,3,-1,-1,-1
2018010089878,2,1,0,18,0,0,0,4,0,0,1,1,6,2,33,6,-1,-1,-1,3,1,3
2018010089882,1,9,0,6,0,0,0,0,0,0,4,1,6,1,24,5,-1,-1,-1,5,1,5
2018010089882,2,4,0,9,0,0,0,0,0,0,1,1,1,1,28,6,125,1,2,2,1,2
2018010089884,1,9,0,3,0,1,0,0,0,0,4,1,1,1,31,6,1582,2,5,3,1,3
2018010089884,2,1,0,15,0,8,0,0,0,0,3,1,1,1,23,5,-1,-1,-1,8,1,8
2018010089891,1,4,0,18,0,0,0,12,0,0,1,1,6,1,47,8,125,1,3,8,1,8
2018010089894,1,9,-1,18,0,0,0,0,0,0,1,-1,6,2,41,7,2231,2,4,5,1,5
2018010089894,2,9,0,1,0,0,0,0,0,0,2,-1,6,1,-1,-1,-1,-1,-1,2,1,2
2018010089896,1,9,0,3,0,1,0,0,0,0,3,1,6,3,-1,-1,-1,-1,-1,-1,-1,-1
2018010089897,1,9,0,7,0,5,1,0,1,0,2,1,6,1,24,5,1240,1,12,2,1,2
2018010089897,2,11,0,18,0,1,0,0,0,0,1,2,1,1,34,6,4500,2,2,5,1,5
2018010089898,1,3,0,-1,-1,-1,-1,-1,-1,-1,-1,1,6,1,24,5,125,1,7,3,1,3
2018010089898,2,9,0,-1,-1,-1,-1,-1,-1,-1,1,-1,6,1,-1,-1,998,1,14,-1,-1,-1
2018010089900,1,9,0,18,0,0,0,0,0,0,2,-1,2,1,27,6,999,1,4,2,1,2
2018010089900,2,9,0,18,0,0,0,0,0,0,1,-1,6,3,-1,-1,1997,2,14,-1,-1,-1
2018010089907,1,11,0,17,2,0,0,0,0,0,1,1,1,1,42,7,5132,2,1,2,1,2
2018010089907,2,19,0,11,2,0,0,0,0,0,4,1,6,3,-1,-1,2143,2,6,-1,-1,-1
2018010089910,1,11,0,18,0,1,0,0,0,0,4,1,1,1,38,7,6692,2,7,2,1,2
2018010089910,2,19,0,2,0,1,0,0,0,0,2,1,6,3,-1,-1,2461,2,13,-1,-1,-1
2018010089911,1,3,-1,18,0,-1,-1,-1,-1,-1,-1,1,6,3,-1,-1,-1,-1,-1,-1,-1,-1
2018010089912,1,11,0,5,2,0,0,0,0,0,0,1,1,1,50,8,4500,2,2,-1,-1,-1
2018010089914,1,9,0,5,9,0,0,0,0,0,1,1,6,1,-1,-1,1596,1,9,3,1,3
2018010089915,1,9,0,5,6,1,0,0,0,0,1,1,6,2,64,9,1360,1,10,9,1,9
2018010089921,1,9,0,18,0,0,0,0,0,0,1,1,6,2,20,4,998,1,10,5,1,5
2018010089921,2,9,0,18,0,0,0,0,0,0,1,1,6,2,47,8,1329,1,-1,10,1,10
2018010089925,1,11,-1,3,0,0,-1,0,0,0,0,-1,6,3,-1,-1,-1,-1,-1,-1,-1,-1
2018010089928,1,11,0,4,0,2,0,0,0,0,0,1,1,1,-1,-1,-1,-1,-1,4,1,4
2018010089938,1,1,-1,-1,-1,-1,-1,-1,-1,-1,-1,1,2,1,32,6,-1,-1,-1,6,1,6
2018010089938,2,9,0,-1,-1,-1,-1,-1,-1,-1,1,-1,6,2,-1,-1,1198,1,12,-1,-1,-1
2018010089939,1,9,0,18,0,0,0,0,0,0,1,1,1,1,24,5,1896,2,15,8,2,8
2018010089939,2,9,0,18,0,0,0,0,0,0,1,1,6,2,21,5,1328,1,8,10,1,10
2018010089952,1,20,0,18,0,0,0,0,0,0,1,1,1,1,56,9,4461,2,10,1,1,1
2018010089952,2,9,0,10,0,0,0,0,0,0,2,1,6,1,59,9,2400,2,10,9,1,9
2018010089954,1,1,-1,-1,-1,-1,-1,-1,-1,-1,-1,1,6,1,25,5,-1,-1,-1,5,1,5
2018010089954,2,10,0,-1,-1,-1,-1,-1,-1,-1,-1,-1,6,3,-1,-1,-1,-1,-1,-1,-1,-1
2018010089955,1,1,0,18,0,1,0,0,0,0,4,1,2,1,29,6,-1,-1,-1,6,1,6
2018010089955,2,9,0,11,0,1,0,0,0,0,1,1,6,1,-1,-1,-1,-1,-1,2,1,2
2018010089959,1,8,0,9,0,1,0,0,0,0,1,1,1,1,51,8,1598,2,7,2,1,2
2018010089959,2,1,0,18,0,1,0,0,0,0,1,1,2,1,36,7,-1,-1,-1,3,1,3
2018010089960,1,19,0,-1,0,0,0,0,-1,0,1,-1,6,1,36,7,2143,2,4,7,1,7
2018010089964,1,19,0,5,0,1,0,0,0,0,1,1,1,1,19,4,2143,2,1,3,1,3
2018010089965,1,3,0,18,0,8,1,0,0,0,1,1,1,1,26,6,108,1,4,4,1,4
2018010089965,2,3,0,4,0,2,0,0,0,0,2,1,2,1,42,7,125,1,8,5,1,5
2018010089972,1,9,-1,-1,-1,-1,-1,-1,-1,-1,-1,-1,6,3,-1,-1,-1,-1,-1,-1,-1,-1
2018010089975,1,9,0,9,0,8,0,0,0,0,4,1,6,2,30,6,1242,1,7,4,1,4
2018010089975,2,3,0,18,0,8,0,0,0,0,1,1,6,1,18,4,125,1,3,3,1,3
2018010089976,1,19,0,18,0,1,0,0,0,0,1,1,6,1,35,6,1598,2,-1,2,1,2
2018010089976,2,9,0,18,0,6,0,0,0,0,4,1,6,1,25,5,1796,1,14,-1,1,-1
2018010089978,1,9,0,4,0,1,0,0,0,0,1,1,6,2,27,6,1596,1,10,2,1,2
2018010089978,2,1,0,18,0,8,5,0,0,0,2,1,6,1,13,3,-1,-1,-1,2,1,2
2018010089980,1,3,0,14,0,8,1,11,0,0,1,1,2,1,36,7,125,1,4,8,1,8
2018010089981,1,90,0,-1,-1,-1,-1,-1,-1,-1,1,-1,6,3,-1,-1,-1,-1,-1,-1,-1,-1
2018010089984,1,3,0,18,0,1,0,0,0,0,1,1,6,1,34,6,-1,-1,-1,1,1,1
2018010089984,2,8,0,5,0,6,0,0,0,0,1,1,1,1,48,8,1798,8,5,3,1,3
2018010089989,1,11,0,5,0,1,0,0,0,0,0,1,1,1,58,9,-1,-1,-1,6,1,6
2018010089991,1,9,0,5,8,0,0,0,0,0,0,1,2,1,62,9,1986,2,12,3,1,3
2018010089992,1,9,0,4,0,0,0,0,0,0,1,1,2,1,65,9,6063,1,12,10,1,10
2018010089993,1,1,0,18,0,8,5,0,0,0,1,1,2,1,34,6,-1,-1,-1,9,1,9
2018010089997,1,9,0,-1,-1,0,-1,-1,-1,-1,2,-1,2,2,49,8,1398,1,2,1,1,1
2018010089997,2,9,0,-1,-1,0,-1,-1,-1,-1,1,-1,6,1,28,6,-1,-1,-1,-1,-1,-1
2018010089998,1,8,0,9,0,8,0,0,0,0,1,1,6,1,-1,-1,2499,2,11,-1,-1,-1
2018010090001,1,9,0,18,0,1,0,0,0,0,4,1,6,3,-1,-1,-1,-1,-1,-1,-1,-1
2018010090002,1,4,0,18,0,2,0,0,0,0,1,1,6,1,30,6,125,1,12,1,1,1
2018010090002,2,19,0,6,0,2,0,0,0,0,3,1,6,1,48,8,1461,2,14,5,1,5
2018010090003,1,9,0,9,0,8,0,0,0,0,1,1,6,2,32,6,2188,2,12,5,1,5
2018010090003,2,4,0,18,0,1,0,0,0,0,4,1,6,1,50,8,-1,-1,-1,-1,-1,-1
2018010090004,1,9,0,10,0,1,0,0,0,0,2,1,6,2,75,10,1997,1,19,3,1,3
2018010090004,2,9,0,18,0,6,0,0,0,0,2,1,6,2,29,6,1395,1,1,4,1,4
2018010090005,1,9,0,9,0,1,0,0,0,0,1,1,2,1,43,7,2261,1,10,7,1,7
2018010090006,1,9,0,-1,-1,0,-1,-1,-1,-1,2,-1,6,2,31,6,2143,2,3,4,1,4
2018010090006,2,9,0,-1,-1,0,-1,-1,-1,-1,1,-1,6,1,54,8,2987,2,4,4,1,4
2018010090007,1,19,0,1,0,1,0,0,0,0,2,1,6,3,-1,-1,-1,-1,-1,-1,-1,-1
2018010090011,1,9,0,-1,-1,-1,-1,-1,-1,-1,2,-1,2,2,32,6,1197,1,3,5,1,5
2018010090011,2,9,0,-1,-1,-1,-1,-1,-1,-1,1,-1,6,1,-1,-1,999,1,1,-1,-1,-1
2018010090015,1,9,0,9,0,1,0,0,0,0,1,1,6,1,33,6,999,1,6,3,1,3
2018010090015,2,1,0,18,0,1,5,0,0,0,4,1,2,1,36,7,-1,-1,-1,10,1,10
2018010090017,1,9,0,-1,-1,-1,-1,-1,-1,-1,2,-1,6,1,19,4,1399,1,2,2,1,2
2018010090017,2,9,0,-1,-1,-1,-1,-1,-1,-1,1,-1,6,3,30,6,1198,1,7,6,1,6
2018010090020,1,9,0,5,0,1,0,0,0,0,1,1,6,1,35,6,2231,2,6,4,1,4
2018010090020,2,9,0,5,0,1,0,0,0,0,2,1,6,1,24,5,1198,1,5,1,1,1
2018010090021,1,9,0,-1,-1,-1,-1,-1,-1,-1,-1,-1,6,2,44,7,1598,2,7,4,1,4
2018010090021,2,9,0,-1,-1,-1,-1,-1,-1,-1,1,-1,6,1,36,7,1798,8,5,1,1,1
2018010090022,1,9,0,9,0,8,0,0,0,0,1,1,6,1,23,5,2000,2,10,2,1,2
2018010090027,1,9,0,5,0,8,0,0,0,0,2,1,6,1,32,6,1997,2,13,5,1,5
2018010090027,2,3,0,4,0,1,2,0,0,0,1,1,6,1,25,5,108,1,-1,1,1,1
2018010090029,1,1,0,7,0,3,1,0,0,0,1,1,6,1,49,8,-1,-1,-1,4,1,4
2018010090030,1,5,0,-1,-1,-1,-1,-1,-1,-1,-1,1,6,1,32,6,865,1,3,8,1,8
2018010090030,2,8,0,-1,-1,-1,-1,-1,-1,-1,2,-1,6,3,-1,-1,1997,2,4,-1,-1,-1
2018010090032,1,9,0,18,0,1,0,0,0,0,0,1,6,1,38,7,1997,2,15,5,1,5
2018010090032,2,8,0,3,0,1,0,0,0,0,3,1,6,1,54,8,1798,1,8,1,1,1
2018010090035,1,9,0,18,0,1,0,0,0,0,1,1,6,1,46,8,2198,1,13,3,1,3
2018010090037,1,9,0,7,0,1,5,0,0,0,1,1,6,1,24,5,1995,1,9,6,1,6
2018010090037,2,8,0,9,0,1,0,0,0,0,1,1,1,1,36,7,1997,2,6,3,1,3
2018010090038,1,9,0,18,0,1,0,10,0,0,1,1,6,1,63,9,-1,-1,-1,1,1,1
2018010090040,1,8,0,18,0,0,0,0,0,0,2,1,1,1,31,6,1598,2,3,2,1,2
2018010090040,2,1,0,18,0,0,0,0,0,0,2,1,2,1,50,8,-1,-1,-1,1,1,1
2018010090043,1,11,0,7,0,3,0,0,0,0,0,1,1,1,37,7,5132,2,2,6,1,6
2018010090045,1,9,0,9,0,2,0,11,0,0,3,1,6,1,50,8,1124,1,12,-1,-1,-1
2018010090051,1,9,0,9,0,6,0,0,0,0,1,1,2,1,34,6,999,1,10,3,1,3
2018010090051,2,1,0,18,0,1,0,0,0,0,1,1,2,1,44,7,-1,-1,-1,5,1,5
2018010090061,1,9,0,18,0,0,0,0,0,0,1,1,1,1,27,6,1796,1,17,2,1,2
2018010090062,1,9,0,10,0,8,0,0,0,0,1,1,1,1,29,6,1797,8,7,4,1,4
2018010090062,2,4,0,18,0,8,5,0,0,0,1,1,2,1,37,7,249,1,9,4,1,4
2018010090067,1,1,-1,-1,-1,0,-1,-1,-1,-1,-1,1,2,2,33,6,-1,-1,-1,6,1,6
2018010090067,2,90,0,-1,-1,0,-1,-1,-1,-1,2,-1,6,3,-1,-1,-1,-1,-1,-1,-1,-1
2018010090069,1,9,-1,-1,-1,-1,-1,-1,-1,-1,-1,-1,6,2,30,6,2143,2,9,3,1,3
2018010090069,2,9,-1,-1,-1,-1,-1,-1,-1,-1,-1,-1,6,1,54,8,-1,-1,-1,1,1,1
2018010090072,1,9,0,9,0,1,0,0,0,0,1,1,6,2,41,7,1998,1,12,6,1,6
2018010090072,2,3,0,18,0,1,0,0,0,0,4,1,6,1,29,6,125,1,2,9,1,9
2018010090073,1,9,0,-1,-1,-1,-1,-1,-1,-1,2,-1,2,1,29,6,2000,2,7,4,1,4
2018010090073,2,9,0,-1,-1,-1,-1,-1,-1,-1,-1,-1,6,1,29,6,1968,2,7,7,1,7
2018010090074,1,9,0,9,0,8,0,0,0,0,3,1,6,2,37,7,1598,1,10,3,1,3
2018010090074,2,2,0,18,0,8,0,0,0,0,1,1,6,1,19,4,49,1,12,7,1,7
2018010090079,1,3,0,-1,-1,0,-1,-1,-1,-1,-1,1,2,1,29,6,125,1,1,3,1,3
2018010090079,2,20,0,-1,-1,0,-1,-1,-1,-1,-1,-1,6,1,-1,-1,-1,-1,-1,4,1,4
2018010090084,1,5,0,-1,-1,-1,-1,-1,-1,-1,-1,1,6,1,66,10,125,1,4,2,1,2
2018010090084,2,9,-1,-1,-1,-1,-1,-1,-1,-1,-1,-1,6,2,56,9,1598,1,13,6,1,6
2018010090089,1,9,0,18,0,0,0,0,0,0,1,1,6,2,44,7,1598,1,12,8,1,8
2018010090097,1,9,0,9,0,0,0,0,0,0,1,1,6,3,-1,-1,-1,-1,-1,-1,-1,-1
2018010090110,1,8,0,9,0,5,0,0,0,0,1,1,1,1,50,8,1910,2,9,3,1,3
2018010090112,1,9,0,-1,0,2,0,0,0,0,1,-1,6,3,-1,-1,-1,-1,-1,-1,-1,-1
2018010090113,1,8,0,-1,-1,0,-1,-1,-1,-1,-1,-1,6,1,29,6,1797,8,8,4,1,4
2018010090116,1,9,0,18,0,1,0,0,0,0,2,1,1,1,47,8,2143,2,5,9,1,9
2018010090116,2,9,0,18,0,1,1,0,0,0,1,1,6,1,65,9,2967,2,9,5,1,5
2018010090117,1,9,0,9,0,8,0,0,0,0,4,1,6,2,68,10,1595,1,1,6,1,6
2018010090119,1,9,0,9,0,2,0,0,0,0,4,1,6,1,50,8,-1,-1,-1,5,1,5
2018010090122,1,9,-1,-1,-1,-1,-1,-1,-1,-1,2,-1,6,1,45,7,1560,2,6,2,1,2
2018010090122,2,9,-1,-1,-1,-1,-1,-1,-1,-1,1,-1,6,3,-1,-1,1598,2,6,-1,-1,-1
2018010090125,1,9,0,18,-1,0,0,-1,-1,0,2,1,6,1,54,8,1781,1,19,-1,-1,-1
2018010090125,2,9,0,18,-1,0,0,-1,-1,-1,1,-1,6,3,-1,-1,1598,1,15,-1,-1,-1
2018010090126,1,9,0,4,0,1,0,0,0,0,4,1,1,2,47,8,1498,1,10,6,1,6
2018010090126,2,1,0,18,0,1,0,0,0,0,1,1,1,1,52,8,-1,-1,-1,-1,-1,-1
2018010090128,1,9,0,9,0,0,0,0,0,0,0,1,6,1,46,8,1896,2,10,2,1,2
2018010090128,2,4,0,18,0,0,1,0,0,0,0,1,6,1,52,8,459,1,12,7,1,7
2018010090130,1,9,0,9,0,1,0,0,0,0,4,1,1,1,42,7,1598,1,8,3,1,3
2018010090130,2,9,0,9,0,1,0,0,0,0,1,1,6,2,19,4,1364,1,13,3,1,3
2018010090139,1,9,0,-1,-1,-1,-1,-1,-1,-1,1,-1,6,1,29,6,999,1,3,9,2,9
2018010090142,1,4,0,18,0,0,0,0,0,0,1,1,1,1,25,5,108,1,3,3,1,3
2018010090142,2,9,0,9,0,0,0,0,0,0,2,1,6,2,51,8,-1,-1,-1,9,1,9
2018010090145,1,19,0,18,0,1,0,0,7,0,1,1,6,1,39,7,1753,2,13,5,3,5
2018010090145,2,9,0,18,0,2,0,0,1,0,1,1,6,2,77,11,1398,1,2,8,1,8
2018010090148,1,1,0,18,0,8,0,0,0,0,1,1,2,1,25,5,-1,-1,-1,3,1,3
2018010090148,2,9,0,18,0,8,0,0,0,0,3,1,2,1,50,8,1339,1,9,3,1,3
2018010090151,1,4,0,18,0,4,0,0,0,0,1,1,1,1,50,8,-1,-1,-1,2,1,2
2018010090151,2,9,0,6,0,4,0,0,0,0,3,1,6,2,-1,-1,1956,2,4,6,3,6
2018010090152,1,5,0,18,0,1,0,0,0,0,1,1,6,1,31,6,798,1,9,6,1,6
2018010090152,2,9,0,9,0,1,0,0,0,0,1,1,6,2,43,7,2995,1,8,6,1,6
2018010090153,1,9,0,7,0,8,0,0,0,0,2,1,2,1,52,8,1999,2,2,6,1,6
2018010090153,2,20,0,7,0,8,0,0,0,0,3,1,6,1,-1,-1,6870,2,6,2,1,2
2018010090156,1,19,0,2,0,0,0,0,0,0,3,-1,6,3,-1,-1,2198,2,3,-1,-1,-1
2018010090156,2,9,0,18,0,0,0,0,0,0,-1,-1,6,3,-1,-1,-1,-1,-1,-1,-1,-1
2018010090158,1,9,-1,18,0,1,-1,0,-1,-1,-1,-1,6,3,-1,-1,-1,-1,-1,-1,-1,-1
2018010090162,1,21,1,18,0,3,0,0,0,0,1,1,1,1,25,5,6700,2,2,3,1,3
2018010090162,2,19,0,3,0,3,0,0,0,0,2,1,1,1,45,7,3500,2,10,4,1,4
2018010090166,1,9,0,9,0,3,0,0,0,0,1,1,6,2,37,7,1769,1,15,9,1,9
2018010090166,2,9,0,18,0,4,0,0,0,0,1,1,6,2,32,6,1598,1,6,7,1,7
2018010090167,1,9,-1,-1,0,1,-1,0,-1,-1,-1,-1,6,2,54,8,999,1,1,-1,-1,-1
2018010090170,1,11,0,18,0,1,0,0,0,0,0,1,1,1,52,8,7300,2,14,2,1,2
2018010090173,1,9,-1,-1,-1,0,-1,-1,-1,-1,-1,-1,6,1,53,8,1896,2,20,1,1,1
2018010090178,1,9,-1,1,0,0,0,0,0,0,-1,-1,6,3,-1,-1,1339,1,7,-1,-1,-1
2018010090180,1,9,0,-1,-1,0,-1,-1,-1,-1,2,-1,2,2,34,6,1598,1,16,6,1,6
2018010090180,2,9,0,-1,-1,0,-1,-1,-1,-1,1,-1,6,2,-1,-1,1995,2,7,-1,-1,-1
2018010090181,1,9,0,-1,-1,-1,-1,-1,-1,-1,2,-1,6,2,30,6,1398,1,2,1,1,1
2018010090181,2,3,0,-1,-1,-1,-1,-1,-1,-1,1,1,6,2,-1,-1,125,1,5,2,1,2
2018010090182,1,3,0,18,0,0,0,0,0,0,4,1,6,1,32,6,125,1,2,2,1,2
2018010090182,2,8,0,6,0,0,0,0,0,0,1,1,6,1,-1,-1,2499,2,7,10,3,10
2018010090183,1,9,0,-1,-1,0,-1,-1,-1,-1,2,-1,2,1,23,5,1200,1,1,6,1,6
2018010090183,2,9,0,-1,-1,0,-1,-1,-1,-1,1,-1,6,1,-1,-1,1997,1,19,4,1,4
2018010090185,1,1,-1,-1,-1,0,-1,-1,-1,-1,-1,1,2,2,28,6,-1,-1,-1,6,1,6
2018010090185,2,9,0,-1,-1,0,-1,-1,-1,-1,4,-1,6,2,-1,-1,1984,1,7,7,1,7
2018010090187,1,1,-1,-1,-1,-1,-1,-1,-1,-1,1,1,2,1,41,7,-1,-1,-1,6,1,6
2018010090187,2,9,0,-1,-1,-1,-1,-1,-1,-1,-1,-1,6,1,-1,-1,1598,2,3,-1,-1,-1
2018010090190,1,3,0,18,0,0,0,0,0,0,1,1,6,1,39,7,124,1,3,2,1,2
2018010090195,1,19,0,-1,-1,-1,-1,-1,-1,-1,1,-1,2,1,29,6,1560,2,1,5,1,5
2018010090195,2,90,0,-1,-1,-1,-1,-1,-1,-1,1,-1,6,1,37,7,-1,-1,-1,2,1,2
2018010090203,1,3,0,5,0,0,0,0,0,0,3,1,1,1,42,7,124,1,8,3,1,3
2018010090204,1,9,0,9,0,2,0,0,0,0,3,1,6,1,28,6,1796,1,19,7,1,7
2018010090204,2,9,0,18,0,2,0,0,0,0,0,1,6,1,39,7,1398,1,8,5,1,5
2018010090207,1,9,0,-1,-1,-1,-1,-1,-1,-1,-1,-1,6,3,-1,-1,-1,-1,-1,-1,-1,-1
2018010090208,1,1,-1,-1,-1,0,-1,-1,-1,-1,1,1,2,1,23,5,-1,-1,-1,2,1,2
2018010090208,2,9,0,-1,-1,0,-1,-1,-1,-1,-1,-1,6,1,19,4,1390,1,12,2,1,2
2018010090209,1,9,0,9,0,8,0,0,0,0,1,1,6,1,36,7,998,1,6,8,1,8
2018010090211,1,5,0,18,0,7,0,0,0,0,1,1,6,1,29,6,1157,1,17,7,1,7
2018010090211,2,10,0,11,0,7,0,0,0,0,2,1,6,1,-1,-1,-1,-1,-1,4,1,4
2018010090212,1,9,0,4,0,0,0,0,0,0,2,1,6,2,36,7,1329,1,5,5,1,5
2018010090212,2,9,0,4,0,0,0,0,0,0,1,1,6,1,35,6,1798,8,1,3,1,3
2018010090212,3,9,0,4,0,0,0,0,0,0,0,1,6,1,30,6,1984,1,3,1,1,1
2018010090217,1,9,0,16,0,0,5,0,1,2,1,1,2,2,38,7,1560,2,6,3,1,3
2018010090219,1,9,0,5,0,0,0,0,0,0,3,1,2,1,45,7,1596,1,4,4,3,4
2018010090219,2,1,0,5,0,0,0,0,0,0,1,1,6,1,53,8,-1,-1,-1,3,1,3
2018010090220,1,20,0,9,0,1,0,0,0,0,1,1,1,1,56,9,-1,-1,-1,3,1,3
2018010090224,1,1,0,18,0,2,0,0,0,0,3,1,2,2,25,5,-1,-1,-1,1,1,1
2018010090224,2,8,0,12,0,1,0,0,0,0,1,1,6,1,-1,-1,1968,2,5,4,1,4
2018010090226,1,19,0,9,0,1,0,0,0,0,3,1,2,1,37,7,1753,2,12,7,1,7
2018010090226,2,90,0,13,0,1,0,0,0,0,4,1,6,1,37,7,-1,-1,-1,5,1,5
2018010090229,1,9,0,9,0,0,0,0,0,0,1,1,6,2,50,8,1598,2,2,5,1,5
2018010090230,1,1,-1,-1,-1,-1,-1,-1,-1,-1,1,1,2,1,29,6,-1,-1,-1,6,1,6
2018010090230,2,9,0,-1,-1,-1,-1,-1,-1,-1,-1,-1,6,1,17,4,1360,1,14,3,1,3
2018010090235,1,2,0,13,0,1,1,0,0,0,0,1,2,1,45,7,124,1,7,1,1,1
2018010090235,2,8,0,10,0,1,0,0,0,0,0,1,1,2,45,7,2499,2,11,9,1,9
2018010090236,1,9,0,-1,-1,0,-1,-1,-1,-1,1,-1,6,1,41,7,-1,-1,-1,3,1,3
2018010090236,2,9,-1,-1,-1,0,-1,-1,-1,-1,-1,-1,6,1,25,5,1598,2,7,4,1,4
2018010090238,1,2,0,18,0,1,0,0,0,0,1,1,6,1,50,8,49,1,3,-1,-1,-1
2018010090238,2,9,0,7,0,1,0,0,0,0,1,1,6,2,23,5,1198,1,16,-1,-1,-1
2018010090240,1,9,0,4,0,0,0,0,0,0,2,1,6,2,53,8,1364,1,9,4,-1,4
2018010090240,2,9,0,4,0,0,1,0,0,0,1,1,1,1,24,5,1229,1,12,5,1,5
2018010090241,1,9,0,9,0,0,0,0,0,0,1,1,6,2,50,8,1390,1,14,4,1,4
2018010090242,1,9,0,18,0,2,0,10,0,0,4,1,6,2,23,5,1398,2,6,2,1,2
2018010090242,2,1,0,7,0,2,0,0,0,0,3,1,6,1,28,6,-1,-1,-1,4,1,4
2018010090244,1,9,0,18,0,1,0,0,0,0,1,1,2,1,62,9,2967,2,-1,9,1,9
2018010090244,2,9,0,18,0,1,0,0,0,0,1,1,6,1,28,6,1798,8,5,2,1,2
2018010090244,3,9,0,3,0,1,0,0,0,0,1,1,6,1,25,5,1995,2,6,1,1,1
2018010090246,1,1,-1,-1,-1,0,-1,-1,-1,-1,0,1,2,1,34,6,-1,-1,-1,3,1,3
2018010090246,2,9,0,-1,-1,0,-1,-1,-1,-1,0,-1,6,3,-1,-1,-1,-1,-1,-1,-1,-1
2018010090248,1,9,0,9,0,8,0,0,0,0,3,1,6,1,55,8,-1,-1,-1,3,1,3
2018010090249,1,19,0,18,9,8,0,0,3,0,1,1,1,1,35,6,2402,2,7,2,1,2
2018010090249,2,9,0,18,9,8,0,0,7,2,4,1,6,2,48,8,2461,2,12,9,1,9
2018010090253,1,9,0,3,0,8,0,0,0,0,2,-1,2,1,29,6,1600,1,11,6,3,6
2018010090253,2,9,0,-1,0,8,-1,0,0,0,1,-1,6,2,36,7,1968,2,2,-1,-1,-1
2018010090253,3,9,0,3,0,8,0,0,0,0,2,1,6,2,26,6,1229,1,10,9,1,9
2018010090254,1,9,0,18,0,1,0,0,0,0,3,1,6,2,26,6,1498,1,10,4,1,4