Accident_Index,Vehicle_Reference,Vehicle_Type,Towing_and_Articulation,Vehicle_Manoeuvre,Vehicle_Location-Restricted_Lane,Junction_Location,Skidding_and_Overturning,Hit_Object_in_Carriageway,Vehicle_Leaving_Carriageway,Hit_Object_off_Carriageway,1st_Point_of_Impact,Was_Vehicle_Left_Hand_Drive?,Journey_Purpose_of_Driver,Sex_of_Driver,Age_of_Driver,Age_Band_of_Driver,Engine_Capacity_(CC),Propulsion_Code,Age_of_Vehicle,Driver_IMD_Decile,Driver_Home_Area_Type,Vehicle_IMD_Decile
2018010090254,2,9,0,18,0,1,0,0,0,0,1,1,6,1,61,9,1299,1,13,2,1,2
2018010090255,1,9,0,18,0,0,0,0,0,0,3,1,2,1,43,7,1560,2,7,3,1,3
2018010090255,2,9,0,18,0,0,0,0,0,0,3,1,6,1,36,7,1296,1,12,2,1,2
2018010090255,3,9,0,2,0,0,0,0,0,0,0,1,6,3,-1,-1,2143,2,3,-1,-1,-1
2018010090259,1,9,0,18,9,3,1,9,2,1,1,2,6,1,27,6,1984,1,12,-1,-1,-1
2018010090260,1,9,0,18,0,0,0,0,0,0,1,1,6,3,-1,-1,-1,-1,-1,-1,-1,-1
2018010090261,1,9,0,18,0,1,1,0,0,0,0,1,6,1,24,5,1497,8,1,-1,-1,-1
2018010090261,2,9,0,2,0,1,0,0,0,0,1,1,6,3,-1,-1,-1,-1,-1,-1,-1,-1
2018010090261,3,9,0,2,0,1,0,0,0,0,3,1,6,3,-1,-1,-1,-1,-1,-1,-1,-1
2018010090261,4,9,0,2,0,1,0,0,0,0,2,1,6,3,-1,-1,2720,2,12,-1,-1,-1
2018010090265,1,9,0,7,0,1,0,0,0,0,1,1,6,1,49,8,2993,2,8,4,1,4
2018010090265,2,9,0,15,0,1,0,0,0,0,4,1,1,1,34,6,1499,1,1,1,1,1
2018010090268,1,9,0,5,0,1,0,0,0,0,1,1,2,1,47,8,1956,2,4,3,1,3
2018010090268,2,1,0,6,0,1,0,0,0,0,1,1,1,1,26,6,-1,-1,-1,6,1,6
2018010090269,1,9,0,11,0,0,0,0,1,1,1,1,6,1,22,5,2143,2,4,3,1,3
2018010090274,1,9,0,18,0,1,0,0,0,0,1,1,6,2,37,7,-1,-1,-1,7,1,7
2018010090274,2,9,0,9,0,1,0,0,0,0,1,1,6,1,35,6,1968,2,8,1,1,1
2018010090276,1,1,-1,-1,-1,-1,-1,-1,-1,-1,2,1,6,1,34,6,-1,-1,-1,1,1,1
2018010090276,2,9,0,-1,-1,-1,-1,-1,-1,-1,2,-1,6,1,-1,-1,-1,-1,-1,-1,-1,-1
2018010090277,1,1,0,8,0,1,0,0,0,0,1,1,6,1,17,4,-1,-1,-1,2,1,2
2018010090277,2,9,0,9,0,5,0,0,0,0,1,1,6,1,38,7,999,1,1,3,1,3
2018010090278,1,9,0,18,0,1,0,11,1,2,1,1,6,1,24,5,1995,2,5,-1,-1,-1
2018010090278,2,9,0,3,0,1,0,0,0,0,4,1,6,1,43,7,1781,1,12,4,1,4
2018010090282,1,9,0,-1,-1,-1,-1,-1,-1,-1,1,-1,2,1,32,6,-1,-1,-1,4,1,4
2018010090282,2,9,0,-1,-1,-1,-1,-1,-1,-1,1,-1,6,3,-1,-1,1968,2,9,-1,-1,-1
2018010090290,1,21,1,18,0,0,0,0,0,0,1,2,1,1,55,8,-1,-1,-1,-1,-1,-1
2018010090290,2,9,0,18,0,0,0,0,0,0,4,1,2,2,51,8,1968,2,4,7,1,7
2018010090290,3,9,0,18,0,0,0,0,0,0,4,1,2,1,37,7,1870,2,14,-1,-1,-1
2018010090300,1,9,0,9,0,2,0,0,0,0,1,1,2,2,25,5,1497,8,3,9,1,9
2018010090300,2,9,0,7,0,2,0,0,0,0,1,1,6,2,45,7,1395,1,-1,3,1,3
2018010090303,1,1,0,18,0,1,-1,0,0,0,-1,1,6,1,47,8,-1,-1,-1,4,1,4
2018010090303,2,9,0,5,0,8,0,0,0,0,-1,-1,6,1,-1,-1,-1,-1,-1,4,1,4
2018010090309,1,9,-1,-1,-1,-1,-1,-1,-1,-1,-1,-1,6,3,-1,-1,-1,-1,-1,-1,-1,-1
2018010090309,2,1,-1,-1,-1,-1,-1,-1,-1,-1,-1,1,6,1,-1,-1,-1,-1,-1,-1,-1,-1
2018010090315,1,3,0,18,0,0,-1,0,-1,0,-1,1,2,1,-1,-1,-1,-1,-1,4,1,4
2018010090316,1,9,0,-1,-1,-1,-1,-1,-1,-1,2,-1,6,1,49,8,1332,1,26,5,1,5
2018010090316,2,9,0,-1,-1,-1,-1,-1,-1,-1,1,-1,6,2,-1,-1,2099,1,15,-1,-1,-1
2018010090322,1,9,0,-1,-1,0,-1,-1,-1,-1,2,-1,6,1,21,5,1248,1,2,10,1,10
2018010090322,2,9,0,-1,-1,0,-1,-1,-1,-1,1,-1,6,2,-1,-1,1242,1,14,4,1,4
2018010090323,1,9,0,7,8,7,1,0,3,0,1,1,2,2,19,4,998,1,11,4,1,4
2018010090323,2,9,0,18,0,1,1,0,1,10,4,1,6,2,52,8,1596,1,15,3,1,3
2018010090323,3,19,0,2,6,1,0,0,0,0,3,1,6,3,-1,-1,2463,2,15,-1,-1,-1
2018010090327,1,2,0,18,0,8,0,0,0,0,4,1,2,1,49,8,125,1,2,6,1,6
2018010090327,2,19,0,5,0,6,0,0,0,0,1,1,6,3,-1,-1,1995,2,1,-1,-1,-1
2018010090333,1,9,0,18,0,0,0,0,0,0,1,1,2,2,28,6,1398,1,3,5,1,5
2018010090344,1,8,0,-1,-1,-1,-1,-1,-1,-1,1,-1,6,3,53,8,2499,2,5,10,1,10
2018010090344,2,1,-1,-1,-1,-1,-1,-1,-1,-1,-1,1,6,2,-1,-1,-1,-1,-1,3,1,3
2018010090358,1,8,0,3,0,-1,0,0,0,0,2,-1,1,1,39,7,2402,2,13,5,1,5
2018010090358,2,9,-1,-1,-1,-1,-1,-1,-1,0,-1,-1,6,3,-1,-1,1390,1,11,-1,-1,-1
2018010090361,1,90,-1,-1,0,-1,0,0,0,0,-1,-1,6,3,-1,-1,-1,-1,-1,-1,-1,-1
2018010090365,1,9,0,7,0,6,0,0,0,0,3,1,6,1,51,8,2191,2,4,5,1,5
2018010090371,1,9,0,12,0,2,0,4,0,0,1,1,6,1,20,4,1242,1,10,3,1,3
2018010090371,2,11,0,4,0,2,0,0,0,0,2,1,1,1,50,8,4500,2,1,2,1,2
2018010090374,1,11,0,18,2,1,0,0,0,0,1,1,1,1,58,9,4500,2,2,1,1,1
2018010090375,1,9,0,-1,-1,-1,-1,-1,-1,-1,-1,-1,6,2,52,8,1390,1,14,3,1,3
2018010090375,2,9,0,-1,-1,-1,-1,-1,-1,-1,1,-1,6,1,-1,-1,-1,-1,-1,-1,-1,-1
2018010090377,1,11,0,18,0,8,0,0,0,0,3,1,1,1,39,7,5132,2,2,7,1,7
2018010090377,2,9,0,7,0,1,0,0,0,0,4,1,2,2,50,8,1229,1,13,5,1,5
2018010090380,1,1,-1,-1,-1,-1,-1,-1,-1,-1,0,1,2,1,21,5,-1,-1,-1,4,1,4
2018010090380,2,8,0,-1,-1,-1,-1,-1,-1,-1,-1,-1,6,1,-1,-1,1395,1,3,-1,-1,-1
2018010090384,1,9,0,18,0,8,0,0,0,0,1,1,2,2,47,8,1796,1,10,7,1,7
2018010090384,2,9,0,7,0,8,0,0,0,0,3,1,6,1,56,9,1797,8,8,10,1,10
2018010090390,1,9,0,18,0,4,0,0,0,0,1,1,1,1,44,7,-1,-1,-1,-1,-1,-1
2018010090390,2,1,0,18,0,4,0,0,0,0,4,1,2,2,45,7,-1,-1,-1,3,1,3
2018010090402,1,9,0,9,0,6,0,0,0,0,3,1,6,2,46,8,1587,1,12,5,1,5
2018010090405,1,19,0,4,0,1,0,0,0,0,3,1,1,1,26,6,2402,2,15,8,1,8
2018010090405,2,9,0,18,2,1,0,0,1,1,1,1,6,1,40,7,1968,2,4,1,1,1
2018010090406,1,9,0,17,0,8,0,0,0,0,1,1,6,1,37,7,2995,1,4,8,1,8
2018010090433,1,9,0,9,0,2,0,0,0,0,3,1,6,1,39,7,1364,1,1,2,1,2
2018010090435,1,19,0,-1,-1,-1,-1,-1,-1,-1,-1,-1,6,3,-1,-1,-1,-1,-1,-1,-1,-1
2018010090436,1,2,0,14,0,0,0,0,0,0,1,1,6,2,26,6,49,1,6,2,1,2
2018010090437,1,9,0,18,0,0,0,0,0,0,1,1,6,1,31,6,1956,2,6,1,1,1
2018010090437,2,9,0,6,0,0,0,0,0,0,1,1,6,1,-1,-1,999,1,1,-1,-1,-1
2018010090438,1,9,0,1,0,2,0,0,0,0,2,1,6,2,30,6,1560,2,5,2,1,2
2018010090438,2,9,0,7,0,2,0,0,0,0,1,1,6,2,55,8,1329,1,7,6,3,6
2018010090440,1,9,0,18,0,8,0,0,7,10,1,1,6,1,72,10,1388,1,8,6,1,6
2018010090440,2,9,0,18,0,8,0,0,7,10,4,1,6,1,33,6,3200,2,9,8,3,8
2018010090441,1,9,0,7,0,5,0,0,0,0,4,1,1,2,25,5,998,1,-1,3,1,3
2018010090442,1,9,0,18,0,0,0,0,1,0,1,1,6,3,-1,-1,-1,-1,-1,-1,-1,-1
2018010090445,1,9,0,18,0,2,0,0,0,0,3,2,6,1,30,6,1364,1,11,1,1,1
2018010090445,2,9,0,9,0,2,0,0,0,0,1,2,6,1,57,9,-1,-1,-1,5,1,5
2018010090446,1,9,0,18,0,0,0,0,0,0,1,1,6,2,48,8,1461,2,11,5,1,5
2018010090448,1,4,0,18,0,2,1,0,0,0,2,1,6,1,38,7,249,1,4,3,1,3
2018010090448,2,9,0,18,0,2,0,0,0,0,2,1,6,3,-1,-1,-1,-1,-1,-1,-1,-1
2018010090454,1,9,0,7,0,1,0,0,0,0,1,1,6,1,19,4,1248,2,8,5,1,5
2018010090456,1,1,-1,-1,-1,-1,-1,-1,-1,-1,-1,1,2,1,37,7,-1,-1,-1,2,1,2
2018010090456,2,19,0,9,-1,-1,-1,-1,-1,-1,1,-1,6,1,20,4,1598,2,2,3,1,3
2018010090461,1,9,0,18,0,1,0,0,0,0,4,1,6,2,45,7,2987,2,8,6,1,6
2018010090461,2,9,0,-1,0,1,0,0,0,0,1,-1,6,1,-1,-1,1797,8,6,4,1,4
2018010090463,1,9,0,5,0,6,0,0,0,0,1,1,1,1,45,7,1995,2,5,2,1,2
2018010090463,2,2,0,18,0,1,0,0,0,0,1,1,6,1,18,4,124,1,10,1,1,1
2018010090468,1,9,0,9,0,1,0,0,0,0,1,1,6,1,65,9,1580,8,1,1,1,1
2018010090468,2,1,0,18,0,1,0,0,0,0,3,1,6,2,33,6,-1,-1,-1,1,1,1
2018010090470,1,21,0,6,0,8,0,0,0,0,1,1,1,1,35,6,4462,2,4,1,1,1
2018010090470,2,5,0,18,0,8,0,0,6,1,1,1,6,1,55,8,998,1,8,4,1,4
2018010090478,1,9,0,4,0,0,0,0,0,0,2,1,1,1,53,8,-1,-1,-1,7,1,7
2018010090478,2,9,0,4,0,0,0,0,0,0,2,1,2,1,32,6,2199,2,10,3,1,3
2018010090478,3,9,0,18,0,0,0,0,0,0,1,1,6,3,-1,-1,1753,2,10,-1,-1,-1
2018010090486,1,8,0,18,0,8,0,0,0,0,4,1,1,1,67,10,1596,1,9,8,1,8
2018010090486,2,9,0,9,0,8,-1,-1,0,0,3,-1,6,3,-1,-1,1910,2,9,-1,-1,-1
2018010090487,1,5,0,18,0,1,0,0,0,0,1,1,1,1,31,6,847,1,1,2,1,2
2018010090487,2,9,0,9,0,1,0,0,0,0,3,1,1,1,25,5,1791,8,6,4,1,4
2018010090489,1,9,0,18,0,1,0,0,0,0,2,1,2,1,29,6,1390,1,10,9,1,9
2018010090489,2,9,0,18,0,1,0,0,0,0,1,1,6,3,-1,-1,1598,1,13,-1,-1,-1
2018010090491,1,3,0,18,0,2,2,0,0,0,4,1,1,1,44,7,125,1,1,3,1,3
2018010090491,2,9,0,14,0,2,0,0,0,0,3,1,1,1,34,6,1791,8,6,6,1,6
2018010090492,1,11,0,5,0,1,0,0,0,0,0,1,6,2,42,7,4500,2,1,5,1,5
2018010090493,1,5,0,18,0,0,0,0,0,0,3,1,2,1,39,7,745,1,2,8,2,8
2018010090493,2,9,0,11,0,0,0,0,0,0,4,1,6,3,-1,-1,2143,2,4,-1,-1,-1
2018010090495,1,3,0,18,2,1,0,0,0,0,1,1,6,1,19,4,124,1,13,1,1,1
2018010090495,2,10,0,7,0,8,0,0,0,0,4,1,1,1,26,6,2500,2,11,2,1,2
2018010090496,1,1,-1,-1,-1,-1,-1,-1,-1,-1,2,1,2,1,23,5,-1,-1,-1,3,1,3
2018010090496,2,9,0,-1,-1,-1,-1,-1,-1,-1,1,-1,6,1,-1,-1,1968,2,11,-1,-1,-1
2018010090499,1,9,0,5,0,1,0,0,0,0,1,1,6,1,44,7,1984,2,8,6,1,6
2018010090499,2,1,0,18,0,8,0,0,0,0,1,1,6,1,23,5,-1,-1,-1,3,1,3
2018010090500,1,9,0,3,0,0,0,0,0,0,2,1,6,1,45,7,1798,1,6,-1,-1,-1
2018010090500,2,9,0,18,0,0,0,0,0,0,1,1,6,2,50,8,1149,1,14,2,1,2
2018010090501,1,9,0,-1,-1,0,-1,-1,-1,-1,2,-1,6,2,38,7,1461,2,3,3,1,3
2018010090504,1,9,0,18,0,1,0,0,0,0,1,1,6,2,65,9,1198,1,3,-1,-1,-1
2018010090505,1,9,0,4,0,0,0,0,0,0,1,1,6,2,76,11,1497,8,1,7,1,7
2018010090506,1,9,0,5,0,0,0,0,0,0,1,1,6,1,34,6,1968,2,10,3,1,3
2018010090506,2,3,0,13,0,0,0,0,0,0,1,1,1,1,25,5,125,1,3,9,1,9
2018010090507,1,9,0,13,0,0,0,4,0,0,3,1,6,1,28,6,1197,1,5,-1,-1,-1
2018010090507,2,9,0,18,0,0,0,0,0,0,0,1,6,1,29,6,999,1,1,4,1,4
2018010090507,3,9,0,4,0,0,0,0,0,0,3,1,6,2,19,4,1242,1,3,-1,-1,-1
2018010090507,4,9,0,2,0,0,0,0,0,0,4,1,6,3,-1,-1,1598,2,5,-1,-1,-1
2018010090508,1,9,0,14,0,0,0,0,0,0,1,1,6,1,91,11,1390,1,11,5,1,5
2018010090510,1,5,0,18,0,2,1,0,0,0,1,1,6,1,55,8,849,1,7,9,1,9
2018010090511,1,1,-1,-1,-1,-1,-1,-1,-1,-1,-1,1,6,1,21,5,-1,-1,-1,3,1,3
2018010090511,2,9,0,-1,-1,-1,-1,-1,-1,-1,-1,-1,6,1,-1,-1,1598,2,6,4,1,4
2018010090514,1,9,0,4,0,1,0,0,0,0,1,1,6,2,73,10,1796,1,11,3,1,3
2018010090516,1,11,0,5,8,0,0,0,0,0,0,1,6,1,43,7,5132,2,3,4,1,4
2018010090518,1,1,0,18,2,0,0,0,0,0,1,1,6,1,24,5,-1,-1,-1,5,3,5
2018010090522,1,9,0,18,0,0,0,0,0,0,1,1,6,3,-1,-1,-1,-1,-1,-1,-1,-1
2018010090523,1,4,0,18,0,1,0,0,0,0,1,1,6,1,27,6,471,1,3,10,1,10
2018010090523,2,9,0,8,0,1,0,0,0,0,3,1,6,2,28,6,1248,2,10,8,1,8
2018010090525,1,8,0,7,0,5,0,0,0,0,2,1,1,1,35,6,1798,8,6,5,1,5
2018010090525,2,9,0,18,0,1,0,0,0,0,1,1,6,1,38,7,2499,1,5,2,1,2
2018010090527,1,9,0,18,0,8,0,0,1,1,1,1,6,1,29,6,1799,1,11,7,1,7
2018010090529,1,19,0,9,0,1,0,0,0,0,4,1,1,1,29,6,1995,2,1,4,1,4
2018010090529,2,4,0,18,0,1,0,0,0,0,1,1,1,1,20,4,124,1,4,1,1,1
2018010090533,1,9,0,6,0,0,0,0,0,0,1,1,6,2,40,7,2000,1,17,6,1,6
2018010090533,2,5,0,18,0,0,0,0,0,0,1,1,1,1,53,8,599,1,13,2,1,2
2018010090533,3,9,0,2,0,0,0,0,0,0,4,1,6,3,-1,-1,1994,2,14,-1,-1,-1
2018010090542,1,9,0,18,0,0,0,0,-1,0,-1,1,6,1,32,6,1997,2,9,2,1,2
2018010090543,1,9,0,5,8,1,0,0,0,0,0,1,6,1,24,5,1968,2,8,5,1,5
2018010090543,2,3,0,18,0,1,2,0,0,0,0,1,1,1,25,5,125,1,3,3,1,3
2018010090553,1,9,0,4,0,1,0,0,0,0,1,1,2,2,35,6,1600,1,12,5,1,5
2018010090554,1,3,0,13,0,1,1,0,0,0,2,1,2,1,29,6,124,1,4,8,1,8
2018010090554,2,11,0,9,0,1,0,0,0,0,1,1,1,1,44,7,4500,2,4,2,1,2
2018010090569,1,90,0,18,0,1,0,0,0,0,1,1,6,1,18,4,-1,-1,-1,2,1,2
2018010090569,2,9,0,18,0,1,0,0,0,0,1,1,6,1,32,6,1796,1,9,2,1,2
2018010090573,1,9,0,9,0,5,0,0,0,0,1,-1,6,3,-1,-1,1461,2,9,-1,-1,-1
2018010090578,1,19,0,4,0,1,0,0,0,0,3,1,1,1,57,9,2143,2,3,-1,-1,-1
2018010090578,2,1,0,4,0,1,1,0,0,0,0,1,2,1,45,7,-1,-1,-1,6,1,6
2018010090580,1,9,0,-1,-1,-1,-1,-1,-1,-1,1,-1,6,1,-1,-1,-1,-1,-1,-1,-1,-1
2018010090590,1,1,0,11,0,0,0,0,0,0,1,1,6,1,16,4,-1,-1,-1,5,1,5
2018010090590,2,4,0,18,0,0,0,0,0,0,1,1,6,1,41,7,125,1,3,5,1,5
2018010090591,1,9,0,18,0,1,0,0,0,0,1,1,6,1,41,7,1368,1,-1,4,1,4
2018010090598,1,9,0,-1,-1,0,-1,-1,-1,-1,2,-1,6,2,37,7,1124,1,9,4,1,4
2018010090600,1,9,0,17,0,0,0,0,0,0,1,1,2,1,54,8,1800,1,12,4,1,4
2018010090601,1,19,0,9,0,6,0,0,0,0,1,1,6,3,-1,-1,-1,-1,-1,-1,-1,-1
2018010090602,1,9,0,8,0,1,0,0,0,0,4,1,6,1,62,9,1995,2,11,4,1,4
2018010090602,2,3,0,18,2,1,0,0,1,10,3,1,6,1,28,6,244,1,10,3,1,3
2018010090607,1,3,0,18,0,0,0,0,0,0,0,1,6,1,29,6,-1,-1,-1,4,1,4
2018010090614,1,9,0,1,0,2,0,0,0,0,3,1,6,1,28,6,998,1,7,2,1,2
2018010090614,2,20,0,15,0,2,0,0,0,0,1,1,1,1,28,6,6700,2,2,-1,-1,-1
2018010090614,3,9,0,2,6,2,0,0,0,0,3,1,6,3,-1,-1,1560,2,5,-1,-1,-1
2018010090620,1,9,0,5,0,4,0,0,0,0,2,1,6,2,52,8,1388,1,6,5,2,5
2018010090620,2,9,0,5,0,4,0,0,0,0,1,1,6,1,18,4,1995,2,12,4,1,4
2018010090624,1,1,0,18,0,-1,0,0,0,0,1,1,2,2,28,6,-1,-1,-1,6,1,6
2018010090624,2,19,0,-1,-1,-1,-1,-1,-1,-1,1,-1,1,1,-1,-1,2198,2,7,4,1,4
2018010090630,1,19,0,18,0,0,0,0,0,0,1,1,1,1,25,5,1560,2,4,5,1,5
2018010090631,1,9,0,9,0,6,0,0,0,0,1,1,1,2,44,7,1248,1,4,6,1,6
2018010090631,2,4,0,18,0,8,0,0,0,0,4,1,2,1,30,6,599,1,13,4,1,4
2018010090633,1,19,0,7,0,3,0,0,0,0,1,1,1,1,54,8,-1,-1,-1,1,1,1
2018010090633,2,3,0,7,0,3,0,0,0,0,2,1,6,1,31,6,125,1,15,1,1,1
2018010090634,1,9,0,3,6,2,0,0,0,0,0,1,1,1,56,9,-1,-1,-1,8,1,8
2018010090634,2,19,4,9,6,1,0,0,3,4,1,1,2,1,29,6,-1,-1,-1,1,1,1
2018010090636,1,9,0,18,0,0,0,0,0,0,4,1,1,1,38,7,-1,3,2,7,1,7
2018010090640,1,1,-1,-1,-1,-1,-1,-1,-1,-1,2,1,2,1,31,6,-1,-1,-1,-1,-1,-1
2018010090640,2,8,0,-1,-1,-1,-1,-1,-1,-1,1,-1,6,1,-1,-1,1798,8,6,-1,-1,-1
2018010090643,1,1,-1,-1,-1,0,-1,-1,-1,-1,1,1,2,1,58,9,-1,-1,-1,1,1,1
2018010090643,2,9,0,-1,-1,0,-1,-1,-1,-1,1,-1,6,3,-1,-1,1968,2,11,-1,-1,-1
2018010090653,1,9,0,16,0,2,0,10,0,0,1,1,6,2,34,6,2148,2,8,6,1,6
2018010090661,1,3,0,-1,-1,-1,-1,-1,-1,-1,1,1,6,3,-1,-1,-1,-1,-1,-1,-1,-1
2018010090667,1,9,0,18,0,8,0,0,0,0,1,1,6,3,-1,-1,-1,-1,-1,-1,-1,-1
2018010090670,1,9,0,7,0,8,0,0,0,0,4,1,6,1,46,8,1988,1,15,2,1,2
2018010090670,2,11,0,5,0,1,0,0,0,0,1,1,1,1,42,7,4500,2,10,2,1,2
2018010090672,1,9,0,3,0,1,0,0,0,0,1,1,6,3,-1,-1,1781,1,16,-1,-1,-1
2018010090673,1,9,0,9,0,2,0,0,0,0,3,1,6,1,40,7,1390,1,4,9,1,9
2018010090673,2,4,0,14,0,1,0,0,0,0,1,1,1,1,32,6,125,1,3,-1,3,-1
2018010090676,1,2,0,-1,-1,-1,-1,-1,-1,-1,1,1,6,1,36,7,49,1,2,5,1,5
2018010090676,2,9,0,-1,-1,-1,-1,-1,-1,-1,-1,-1,6,2,-1,-1,1686,2,7,-1,-1,-1
2018010090679,1,11,0,4,0,0,0,0,0,0,0,1,1,1,44,7,4500,2,1,5,1,5
2018010090682,1,8,0,18,0,2,0,0,0,0,4,1,1,1,50,8,1995,2,3,2,1,2
2018010090682,2,1,0,3,0,2,0,0,1,0,3,1,1,1,27,6,-1,-1,-1,4,1,4
2018010090685,1,9,0,4,0,0,0,0,0,0,2,1,6,1,24,5,2143,2,6,7,1,7
2018010090685,2,21,0,18,0,0,0,0,0,0,1,1,1,1,26,6,6700,2,3,4,1,4
2018010090687,1,3,0,14,0,1,2,0,0,0,1,1,1,1,18,4,125,1,10,4,1,4
2018010090688,1,8,0,7,0,5,0,0,0,0,1,1,6,1,44,7,1798,8,5,5,1,5
2018010090691,1,9,0,5,0,4,0,0,0,0,1,1,6,1,37,7,1796,1,12,2,1,2
2018010090691,2,1,0,5,0,4,0,0,0,0,2,1,2,1,36,7,-1,-1,-1,10,1,10
2018010090692,1,19,0,3,0,6,0,0,0,0,3,1,1,1,27,6,2198,2,4,4,1,4
2018010090698,1,8,0,-1,-1,-1,-1,-1,-1,-1,0,-1,6,1,63,9,2925,2,1,2,1,2
2018010090698,2,8,0,-1,-1,-1,-1,-1,-1,-1,4,-1,1,1,51,8,2499,2,11,9,1,9
2018010090700,1,9,0,18,0,0,0,0,0,0,1,1,6,2,68,10,1596,1,15,7,1,7
2018010090701,1,9,0,9,0,5,0,0,0,0,1,1,6,1,28,6,1595,1,9,2,1,2
2018010090701,2,1,0,18,0,2,0,0,0,0,3,1,6,1,41,7,-1,-1,-1,2,1,2
2018010090702,1,11,0,3,2,5,0,0,0,0,0,1,1,1,30,6,4500,2,3,3,1,3
2018010090708,1,9,0,18,0,0,0,0,0,0,4,1,6,3,-1,-1,2987,2,4,-1,-1,-1
2018010090710,1,5,0,4,0,0,0,0,0,0,2,1,2,1,46,8,1198,1,3,7,1,7
2018010090710,2,21,0,18,0,0,0,0,0,0,1,1,1,1,63,9,-1,-1,-1,9,1,9
2018010090713,1,3,0,18,0,2,0,0,0,0,1,1,6,3,-1,-1,-1,-1,-1,-1,-1,-1
2018010090717,1,9,0,18,0,0,0,4,0,0,1,1,6,1,45,7,2143,2,3,2,1,2
2018010090717,2,9,0,2,0,0,0,0,0,0,2,1,6,3,-1,-1,1968,2,4,-1,-1,-1
2018010090718,1,9,0,18,0,0,0,0,1,2,1,1,1,2,44,7,1242,1,5,7,1,7
2018010090721,1,3,0,5,0,2,0,0,0,0,1,1,2,1,20,4,125,1,9,1,1,1
2018010090721,2,9,0,5,0,1,0,0,0,0,3,1,6,2,53,8,1360,1,10,1,1,1
2018010090722,1,9,0,17,0,0,0,10,8,3,1,1,6,1,83,11,1197,1,3,8,1,8
2018010090725,1,9,0,18,9,1,0,0,1,2,1,1,6,2,54,8,1582,2,4,4,1,4
2018010090728,1,9,0,18,0,8,0,0,1,0,3,1,6,2,34,6,995,1,8,8,1,8
2018010090728,2,9,0,18,0,3,0,0,0,0,1,1,6,1,24,5,1968,2,4,-1,-1,-1
2018010090729,1,9,0,18,0,0,0,0,0,0,1,1,6,1,50,8,2967,1,12,5,1,5
2018010090729,2,3,0,18,0,0,0,0,0,0,1,1,6,1,25,5,125,1,1,2,1,2
2018010090730,1,9,0,18,0,1,0,0,0,0,1,1,6,2,58,9,1598,2,7,9,1,9
2018010090730,2,9,0,18,0,2,0,0,0,0,1,1,6,2,57,9,1389,1,13,9,1,9
2018010090734,1,9,0,7,0,5,0,0,0,0,1,1,6,1,46,8,1956,2,3,-1,-1,-1
2018010090734,2,1,0,18,0,1,0,0,0,0,1,1,2,1,19,4,-1,-1,-1,6,1,6
2018010090736,1,9,0,5,9,0,0,0,0,0,1,1,2,1,59,9,1995,2,5,3,1,3
2018010090740,1,20,0,5,0,8,0,0,0,0,1,1,6,3,-1,-1,-1,-1,-1,-1,-1,-1
2018010090743,1,9,0,18,0,1,0,0,0,0,4,1,6,1,45,7,1798,1,14,3,1,3
2018010090744,1,11,0,18,0,1,0,0,0,0,0,1,1,1,52,8,-1,-1,-1,7,1,7
2018010090745,1,9,0,18,0,8,0,0,0,0,1,1,1,1,45,7,1997,2,7,3,1,3
2018010090745,2,9,0,9,0,8,0,0,0,0,3,1,6,1,38,7,1596,1,13,2,1,2
2018010090746,1,9,0,5,0,2,0,0,0,0,2,1,2,2,50,8,1461,2,9,2,1,2
2018010090746,2,19,0,18,0,1,0,0,0,0,1,1,6,3,-1,-1,1560,2,8,-1,-1,-1
2018010090748,1,3,0,18,0,0,0,0,0,0,1,1,1,1,21,5,108,1,-1,1,1,1
2018010090751,1,9,0,5,0,6,0,0,0,0,3,1,6,2,46,8,1995,2,4,6,1,6
2018010090751,2,1,0,18,0,1,1,0,0,0,1,1,6,1,15,3,-1,-1,-1,3,1,3
2018010090753,1,5,0,13,0,2,0,0,0,0,1,1,2,1,31,6,750,1,12,1,1,1
2018010090753,2,90,0,18,0,1,0,0,0,0,3,1,1,1,24,5,-1,-1,-1,5,1,5
2018010090755,1,9,0,18,0,2,0,10,1,10,1,1,6,1,19,4,-1,-1,-1,4,1,4
2018010090757,1,9,0,18,0,0,0,0,0,0,1,1,6,1,46,8,1956,2,8,2,1,2
2018010090757,2,9,0,18,0,0,0,0,0,0,2,1,6,1,55,8,1339,8,7,3,1,3
2018010090762,1,9,5,18,0,0,1,0,1,6,1,1,2,2,45,7,-1,-1,-1,2,1,2
2018010090763,1,21,1,7,0,6,0,0,0,0,4,1,1,1,33,6,12809,2,3,1,1,1
2018010090763,2,1,0,18,0,8,0,0,0,0,1,1,6,2,30,6,-1,-1,-1,3,1,3
2018010090765,1,9,0,3,0,8,0,0,0,0,2,1,6,1,38,7,1998,2,4,3,1,3
2018010090765,2,9,0,18,0,8,0,0,0,0,1,1,6,1,31,6,999,1,-1,8,1,8
2018010090766,1,9,0,5,0,0,0,0,0,0,1,1,6,1,46,8,1339,1,3,5,1,5
2018010090766,2,9,0,5,0,0,0,0,0,0,3,1,6,1,51,8,1598,1,5,4,1,4
2018010090771,1,9,0,18,0,1,5,0,0,0,4,1,6,1,40,7,1796,1,12,3,1,3
2018010090771,2,9,0,2,9,1,0,0,0,0,1,1,6,3,-1,-1,1997,2,5,-1,-1,-1
2018010090772,1,9,0,7,9,8,1,0,1,10,1,1,6,1,25,5,1498,1,13,1,1,1
2018010090773,1,9,0,9,0,5,0,0,0,0,4,1,6,1,44,7,2148,2,10,2,1,2
2018010090773,2,4,0,15,0,8,5,0,0,0,1,1,6,1,21,5,125,1,1,4,1,4