Accident_Index,Vehicle_Reference,Vehicle_Type,Towing_and_Articulation,Vehicle_Manoeuvre,Vehicle_Location-Restricted_Lane,Junction_Location,Skidding_and_Overturning,Hit_Object_in_Carriageway,Vehicle_Leaving_Carriageway,Hit_Object_off_Carriageway,1st_Point_of_Impact,Was_Vehicle_Left_Hand_Drive?,Journey_Purpose_of_Driver,Sex_of_Driver,Age_of_Driver,Age_Band_of_Driver,Engine_Capacity_(CC),Propulsion_Code,Age_of_Vehicle,Driver_IMD_Decile,Driver_Home_Area_Type,Vehicle_IMD_Decile
2018010090774,1,9,0,9,0,6,0,0,0,0,1,1,6,3,-1,-1,-1,-1,-1,-1,-1,-1
2018010090775,1,9,0,18,9,0,0,0,7,10,1,1,6,1,30,6,1988,1,14,1,1,1
2018010090776,1,1,-1,-1,-1,-1,-1,-1,-1,-1,1,1,6,1,47,8,-1,-1,-1,2,1,2
2018010090776,2,9,0,-1,-1,-1,-1,-1,-1,-1,-1,-1,6,2,-1,-1,1995,2,12,-1,-1,-1
2018010090777,1,9,0,10,0,1,0,0,0,0,3,1,6,2,46,8,1390,1,15,3,1,3
2018010090777,2,9,0,13,0,1,0,0,0,0,1,1,6,1,20,4,2000,1,13,-1,-1,-1
2018010090778,1,9,0,4,0,0,0,0,0,0,1,1,6,1,54,8,1364,1,12,2,1,2
2018010090781,1,9,0,-1,-1,0,-1,-1,-1,-1,2,-1,6,1,49,8,1498,1,8,4,1,4
2018010090781,2,9,0,-1,-1,0,-1,-1,-1,-1,1,-1,6,3,-1,-1,1242,1,12,-1,-1,-1
2018010090782,1,3,0,4,0,2,0,0,1,0,2,1,1,1,42,7,124,1,9,4,1,4
2018010090782,2,9,0,4,0,2,0,0,0,0,1,1,6,1,35,6,2143,2,6,5,1,5
2018010090784,1,9,0,9,0,0,0,0,0,0,1,1,6,2,25,5,1360,1,11,4,1,4
2018010090784,2,9,0,3,0,0,0,0,0,0,4,1,6,2,33,6,998,1,1,2,1,2
2018010090786,1,9,0,18,0,0,0,11,0,0,1,1,6,2,65,9,1590,1,14,3,1,3
2018010090788,1,9,0,-1,-1,-1,-1,-1,-1,-1,-1,-1,6,2,24,5,1796,1,13,3,1,3
2018010090789,1,1,-1,-1,-1,-1,-1,-1,-1,-1,1,1,6,1,44,7,-1,-1,-1,5,1,5
2018010090794,1,9,0,3,0,1,0,0,0,0,1,1,6,2,24,5,999,1,5,-1,1,-1
2018010090794,2,5,0,3,0,1,0,0,7,0,2,1,6,1,-1,-1,1130,1,18,3,1,3
2018010090797,1,9,-1,1,-1,-1,-1,-1,-1,-1,-1,-1,6,3,-1,-1,-1,-1,-1,-1,-1,-1
2018010090798,1,9,0,-1,-1,0,-1,-1,-1,-1,2,-1,6,1,42,7,1969,2,3,5,1,5
2018010090798,2,9,-1,-1,-1,0,-1,-1,-1,-1,-1,1,6,3,61,9,998,1,-1,9,1,9
2018010090799,1,9,0,18,0,6,0,0,0,0,1,1,6,3,-1,-1,-1,-1,-1,-1,-1,-1
2018010090799,2,1,0,18,0,8,5,0,0,0,4,1,6,2,40,7,-1,-1,-1,7,1,7
2018010090804,1,9,0,18,0,2,0,0,0,0,1,1,6,1,33,6,1198,1,8,3,3,3
2018010090804,2,9,0,2,0,1,0,0,0,0,2,1,6,3,-1,-1,1248,2,14,-1,-1,-1
2018010090804,3,9,0,2,0,1,0,0,0,0,2,1,6,3,-1,-1,1796,1,10,-1,-1,-1
2018010090805,1,8,0,-1,-1,-1,-1,-1,-1,-1,-1,-1,6,1,30,6,1798,8,1,5,1,5
2018010090805,2,9,0,-1,-1,-1,-1,-1,-1,-1,1,-1,6,3,-1,-1,-1,-1,-1,-1,-1,-1
2018010090808,1,9,0,16,0,8,0,0,0,0,4,1,6,1,22,5,1995,2,13,8,1,8
2018010090808,2,1,0,3,0,2,0,0,0,0,2,1,6,1,42,7,-1,-1,-1,3,1,3
2018010090810,1,11,0,5,0,1,0,0,0,0,0,1,1,1,-1,-1,9360,2,6,5,1,5
2018010090810,2,19,0,7,0,1,0,0,0,0,0,1,6,1,-1,-1,2148,2,10,2,1,2
2018010090813,1,9,0,5,0,8,0,0,0,0,4,1,6,1,53,8,1364,1,8,10,1,10
2018010090813,2,9,0,9,0,8,0,0,0,0,4,1,6,3,-1,-1,-1,-1,-1,-1,-1,-1
2018010090815,1,11,0,4,2,2,0,0,0,0,1,1,1,1,63,9,4500,2,1,1,1,1
2018010090816,1,9,0,18,0,0,0,0,0,0,1,1,6,1,29,6,1796,1,4,4,1,4
2018010090816,2,9,0,2,0,0,0,0,0,0,2,1,6,3,-1,-1,1399,2,14,-1,-1,-1
2018010090816,3,9,0,2,0,0,0,0,0,0,2,1,6,3,-1,-1,1598,1,13,-1,-1,-1
2018010090820,1,9,0,17,0,1,0,0,0,0,1,1,6,2,48,8,3301,1,13,4,-1,4
2018010090821,1,3,0,-1,-1,0,-1,-1,-1,-1,-1,1,6,1,43,7,125,1,10,2,1,2
2018010090821,2,9,0,-1,-1,0,-1,-1,-1,-1,2,-1,6,3,-1,-1,1390,1,6,-1,-1,-1
2018010090825,1,9,0,-1,-1,0,-1,-1,-1,-1,2,-1,2,2,38,7,1582,2,6,4,1,4
2018010090825,2,19,-1,-1,-1,0,-1,-1,-1,-1,1,-1,6,1,-1,-1,3920,2,10,-1,-1,-1
2018010090832,1,9,0,-1,-1,-1,-1,-1,-1,-1,2,-1,6,1,30,6,1995,2,12,3,1,3
2018010090832,2,9,0,-1,-1,-1,-1,-1,-1,-1,1,-1,6,2,77,11,1149,1,9,3,1,3
2018010090833,1,3,0,14,0,0,0,0,0,0,0,1,6,2,32,6,125,1,2,2,1,2
2018010090835,1,9,0,10,0,1,0,0,0,0,2,1,6,2,66,10,-1,-1,-1,3,1,3
2018010090835,2,19,0,18,0,1,0,0,0,0,1,1,6,1,33,6,2402,2,12,2,1,2
2018010090837,1,9,0,9,0,5,0,0,0,0,1,1,6,1,68,10,2987,2,9,7,1,7
2018010090837,2,5,0,18,0,1,0,0,0,0,1,1,6,1,48,8,1050,1,7,5,1,5
2018010090839,1,1,-1,-1,-1,-1,-1,-1,-1,-1,-1,1,2,1,21,5,-1,-1,-1,4,1,4
2018010090839,2,9,0,-1,-1,-1,-1,-1,-1,-1,-1,-1,6,1,-1,-1,-1,-1,-1,-1,-1,-1
2018010090842,1,9,0,9,0,2,0,0,0,0,1,1,6,1,38,7,2499,1,12,-1,1,-1
2018010090842,2,9,0,16,0,2,0,0,0,0,1,1,6,1,82,11,1590,1,14,7,1,7
2018010090849,1,9,0,-1,-1,-1,-1,-1,-1,-1,1,-1,6,1,21,5,1084,1,1,10,1,10
2018010090850,1,1,0,3,0,0,0,0,0,0,2,1,2,1,32,6,-1,-1,-1,2,1,2
2018010090850,2,9,0,3,0,0,0,0,0,0,1,1,6,3,-1,-1,-1,-1,-1,-1,-1,-1
2018010090851,1,9,3,18,0,0,1,0,0,0,4,1,6,2,41,7,999,1,1,6,1,6
2018010090851,2,21,1,18,0,0,0,0,0,0,1,2,1,1,55,8,-1,-1,-1,-1,-1,-1
2018010090855,1,9,0,9,0,1,0,0,0,0,1,1,6,1,53,8,1798,8,4,6,1,6
2018010090855,2,9,0,18,0,8,0,0,0,0,1,1,6,2,25,5,1598,1,15,6,1,6
2018010090857,1,9,0,5,0,6,0,0,0,0,1,1,6,1,57,9,-1,-1,-1,5,1,5
2018010090857,2,9,0,18,0,1,0,0,0,0,1,1,6,2,55,8,999,1,6,8,1,8
2018010090860,1,2,0,18,0,2,0,0,0,0,3,1,6,1,-1,-1,999,1,1,6,1,6
2018010090863,1,8,0,18,0,0,0,0,0,0,4,1,6,1,39,7,1910,2,8,5,1,5
2018010090870,1,11,0,5,0,2,0,0,0,0,0,1,1,1,22,5,5132,2,1,5,1,5
2018010090875,1,9,0,4,0,1,0,0,0,0,2,1,6,2,46,8,1796,1,12,2,1,2
2018010090875,2,9,0,4,0,1,0,0,0,0,2,1,6,2,27,6,999,1,4,7,1,7
2018010090875,3,9,0,18,0,2,0,0,0,0,1,1,6,2,31,6,2497,2,12,2,1,2
2018010090877,1,9,0,18,0,0,0,0,0,0,1,1,6,3,-1,-1,1995,2,12,-1,-1,-1
2018010090877,2,9,0,3,0,0,0,0,0,0,2,1,6,1,45,7,1229,1,8,2,1,2
2018010090878,1,9,0,7,0,3,0,0,0,0,3,1,6,1,33,6,1798,8,3,4,1,4
2018010090878,2,9,0,7,0,3,0,0,0,0,4,1,6,2,41,7,1598,1,9,3,1,3
2018010090880,1,9,0,-1,-1,0,-1,-1,-1,-1,1,-1,6,1,36,7,1596,1,16,6,1,6
2018010090880,2,9,0,-1,0,0,0,0,0,0,-1,-1,6,3,-1,-1,2184,2,12,-1,-1,-1
2018010090886,1,9,0,9,0,5,0,0,0,0,1,1,6,1,57,9,1560,2,6,6,1,6
2018010090886,2,1,0,18,0,1,0,0,0,0,3,1,2,1,51,8,-1,-1,-1,4,1,4
2018010090888,1,9,0,18,0,0,0,0,0,0,1,1,6,2,29,6,1685,2,4,2,1,2
2018010090888,2,9,0,4,0,0,0,0,0,0,2,1,6,2,33,6,1995,1,10,8,1,8
2018010090894,1,9,0,9,0,2,0,0,0,0,1,1,6,2,45,7,1999,2,1,6,1,6
2018010090894,2,4,0,18,0,8,5,0,0,0,3,1,6,1,50,8,-1,-1,-1,2,1,2
2018010090895,1,9,0,2,0,0,0,10,0,0,3,1,6,3,-1,-1,1229,1,8,-1,-1,-1
2018010090895,2,9,0,14,0,0,0,0,0,0,1,1,6,2,57,9,1769,1,13,2,1,2
2018010090897,1,3,0,4,0,1,0,0,0,0,1,1,1,1,20,4,108,1,1,4,1,4
2018010090897,2,3,0,4,0,1,0,0,0,0,2,1,6,1,20,4,125,1,1,4,1,4
2018010090899,1,11,0,18,0,1,0,0,0,0,0,1,1,1,48,8,5132,2,2,3,1,3
2018010090907,1,9,0,3,0,0,0,0,0,0,1,1,6,1,23,5,1796,1,13,2,1,2
2018010090907,2,9,0,14,0,0,0,0,0,0,1,1,6,1,49,8,1240,1,13,1,1,1
2018010090908,1,9,0,9,0,2,0,0,0,0,1,1,1,1,28,6,1968,2,2,-1,-1,-1
2018010090908,2,9,0,18,0,1,0,0,0,0,1,1,6,2,26,6,1995,2,6,7,1,7
2018010090908,3,9,0,4,0,1,0,0,0,0,1,1,6,1,31,6,2143,2,2,4,1,4
2018010090909,1,9,0,9,0,0,0,0,0,0,1,1,6,1,22,5,998,1,2,3,1,3
2018010090909,2,3,0,5,0,0,0,0,0,0,4,1,6,2,31,6,125,1,5,1,1,1
2018010090910,1,11,0,5,0,2,0,0,0,0,0,1,1,1,70,10,5132,2,1,-1,-1,-1
2018010090912,1,9,0,9,0,8,0,0,0,0,1,1,6,1,38,7,2995,1,16,8,1,8
2018010090915,1,9,0,18,2,2,0,0,0,0,1,1,6,1,24,5,2987,2,6,1,1,1
2018010090916,1,3,0,18,0,8,0,0,0,0,4,1,1,1,29,6,108,1,2,10,1,10
2018010090917,1,8,0,5,0,1,0,0,0,0,2,1,1,1,40,7,1997,2,6,1,1,1
2018010090917,2,1,0,18,0,1,0,0,0,0,1,1,1,1,31,6,-1,-1,-1,3,1,3
2018010090919,1,8,0,18,0,8,0,0,1,0,3,1,1,1,40,7,2776,2,1,5,1,5
2018010090919,2,8,0,5,0,8,0,0,0,0,1,1,1,1,56,9,-1,-1,-1,5,1,5
2018010090920,1,1,-1,-1,-1,0,-1,-1,-1,-1,1,1,6,2,29,6,-1,-1,-1,3,1,3
2018010090920,2,8,0,-1,-1,0,-1,-1,-1,-1,-1,-1,6,3,-1,-1,-1,-1,-1,-1,-1,-1
2018010090923,1,3,0,18,0,1,1,0,0,0,1,1,6,1,30,6,124,1,2,2,1,2
2018010090923,2,9,0,5,0,8,0,0,0,0,1,1,6,2,23,5,1596,1,12,4,1,4
2018010090924,1,9,0,18,0,1,0,0,0,0,1,1,6,1,72,10,1598,1,15,9,1,9
2018010090928,1,3,0,18,0,8,0,0,0,0,4,1,6,1,22,5,124,1,-1,9,1,9
2018010090928,2,9,0,9,0,8,0,0,0,0,1,1,6,1,59,9,1896,2,14,4,1,4
2018010090929,1,9,0,18,0,2,0,4,7,1,1,1,6,3,-1,-1,1998,1,17,-1,-1,-1
2018010090929,2,9,0,18,0,2,0,4,0,0,3,1,6,1,32,6,2993,2,8,2,1,2
2018010090929,3,11,0,18,0,1,0,0,0,0,3,1,1,1,51,8,6692,2,8,1,1,1
2018010090930,1,8,0,5,0,1,0,0,0,0,1,1,2,1,38,7,-1,-1,-1,7,1,7
2018010090930,2,9,0,5,0,1,0,0,0,0,1,1,6,2,42,7,1997,2,10,8,1,8
2018010090937,1,8,0,10,0,8,0,0,0,0,3,1,6,1,32,6,1950,2,1,-1,-1,-1
2018010090937,2,9,0,18,0,1,0,0,0,0,1,1,6,1,25,5,999,1,17,8,1,8
2018010090941,1,11,0,18,0,0,0,0,0,0,1,1,1,1,51,8,6696,2,5,7,1,7
2018010090943,1,9,0,9,0,1,0,0,3,0,0,1,6,1,35,6,1968,2,5,4,1,4
2018010090943,2,3,0,14,0,1,0,0,0,0,2,1,6,1,22,5,125,1,3,5,1,5
2018010090944,1,19,0,9,0,5,0,0,0,0,1,1,1,1,61,9,2148,2,12,5,1,5
2018010090944,2,1,0,18,0,8,1,0,0,0,3,1,6,1,38,7,-1,-1,-1,5,1,5
2018010090949,1,19,0,4,0,1,0,0,0,0,0,1,1,1,38,7,2198,2,5,2,1,2
2018010090952,1,9,0,3,0,0,0,0,0,0,2,1,6,1,56,9,2398,1,18,3,1,3
2018010090952,2,9,0,4,0,0,0,0,0,0,2,1,6,1,59,9,1400,1,15,5,1,5
2018010090952,3,9,0,4,0,0,0,0,0,0,1,1,6,1,56,9,1986,2,13,-1,2,-1
2018010090952,4,9,0,4,0,0,0,0,0,0,1,1,6,2,27,6,1596,1,12,5,1,5
2018010090954,1,8,0,17,0,0,0,0,0,0,1,1,6,1,56,9,1995,2,4,2,1,2
2018010090956,1,5,0,4,0,0,0,4,0,0,1,1,6,1,30,6,1043,1,5,4,1,4
2018010090956,2,9,0,2,0,0,0,0,0,0,2,1,6,3,-1,-1,2184,2,13,-1,-1,-1
2018010090957,1,9,0,9,0,2,0,0,0,0,3,1,6,1,64,9,1796,1,10,5,1,5
2018010090957,2,9,0,18,0,1,0,0,0,0,1,1,6,1,31,6,1395,8,2,3,1,3
2018010090958,1,9,0,-1,-1,-1,-1,-1,-1,-1,2,-1,6,1,21,5,1364,1,3,2,1,2
2018010090958,2,9,-1,-1,0,-1,-1,-1,0,0,-1,1,6,1,-1,-1,1798,1,6,-1,-1,-1
2018010090959,1,9,0,9,0,1,0,0,0,0,1,1,6,2,52,8,1896,2,11,3,1,3
2018010090959,2,9,0,18,0,1,0,0,0,0,1,1,6,2,26,6,1242,1,6,6,1,6
2018010090962,1,19,0,18,9,2,0,7,3,1,1,1,6,1,47,8,2464,2,11,2,1,2
2018010090966,1,9,0,18,0,0,1,10,1,10,4,1,6,1,41,7,2494,1,19,4,1,4
2018010090970,1,9,0,-1,-1,0,-1,-1,-1,-1,1,-1,6,2,32,6,1798,1,2,2,1,2
2018010090970,2,9,0,-1,-1,0,-1,-1,-1,-1,1,-1,6,3,-1,-1,-1,-1,-1,-1,-1,-1
2018010090970,3,9,0,-1,-1,0,-1,-1,-1,-1,2,-1,6,3,-1,-1,-1,-1,-1,-1,-1,-1
2018010090972,1,9,0,3,0,0,0,0,0,0,2,1,6,1,36,7,998,1,7,4,1,4
2018010090972,2,9,0,3,0,0,0,0,0,0,2,1,6,2,55,8,996,1,4,10,1,10
2018010090972,3,9,0,4,0,0,0,0,0,0,1,1,6,1,30,6,1596,1,15,5,1,5
2018010090973,1,9,0,9,0,6,0,0,0,0,3,1,6,2,25,5,1248,1,7,5,1,5
2018010090973,2,9,0,18,0,1,0,0,0,0,1,1,1,1,27,6,1499,1,1,-1,-1,-1
2018010090974,1,9,0,7,9,5,0,0,0,0,1,1,6,2,21,5,999,1,1,7,1,7
2018010090975,1,9,0,17,0,1,0,0,1,0,1,1,6,1,51,8,1242,1,12,3,1,3
2018010090979,1,9,0,18,6,0,0,0,0,0,4,1,6,1,70,10,1390,1,15,6,1,6
2018010090981,1,9,0,6,0,0,0,0,0,0,1,1,6,1,32,6,1596,1,15,5,1,5
2018010090981,2,9,0,18,0,0,0,0,0,0,1,1,6,2,39,7,2179,2,6,2,1,2
2018010090982,1,9,0,9,0,2,0,0,0,0,4,1,6,1,18,4,1198,1,9,10,1,10
2018010090982,2,11,0,18,0,8,0,0,0,0,1,1,1,1,32,6,6370,2,9,7,1,7
2018010090985,1,1,-1,-1,-1,-1,-1,-1,-1,-1,1,1,6,1,40,7,-1,-1,-1,1,1,1
2018010090985,2,9,0,-1,-1,-1,-1,-1,-1,-1,-1,-1,6,1,51,8,1497,8,13,5,1,5
2018010090992,1,9,0,-1,-1,0,-1,-1,-1,-1,-1,-1,6,2,25,5,1596,1,17,4,1,4
2018010090992,2,9,0,-1,-1,0,-1,-1,-1,-1,-1,-1,6,1,62,9,1910,2,8,10,1,10
2018010090993,1,9,0,-1,-1,0,-1,-1,-1,-1,-1,-1,6,3,-1,-1,2180,2,20,-1,-1,-1
2018010091008,1,9,0,-1,-1,0,-1,-1,-1,-1,2,-1,6,2,34,6,1364,1,3,1,1,1
2018010091008,2,9,0,-1,-1,0,-1,-1,-1,-1,-1,-1,6,2,-1,-1,2143,2,4,-1,-1,-1
2018010091010,1,9,0,-1,-1,-1,-1,-1,-1,-1,2,-1,6,1,54,8,1986,2,12,4,1,4
2018010091010,2,9,0,-1,-1,-1,-1,-1,-1,-1,1,-1,6,2,-1,-1,1461,2,9,5,1,5
2018010091022,1,1,-1,-1,-1,-1,-1,-1,-1,-1,1,1,2,1,34,6,-1,-1,-1,2,1,2
2018010091022,2,9,0,-1,-1,-1,-1,-1,-1,-1,1,-1,6,2,20,4,1242,1,3,2,1,2
2018010091024,1,11,0,4,0,0,0,0,0,0,0,1,1,1,40,7,8300,2,11,9,1,9
2018010091026,1,9,0,10,0,6,0,0,0,0,2,1,6,2,60,9,1124,1,13,4,1,4
2018010091026,2,9,0,17,0,6,0,0,0,0,1,1,6,2,69,10,1895,1,16,3,1,3
2018010091026,3,19,0,3,0,1,0,0,0,0,0,1,6,2,33,6,2198,2,3,-1,-1,-1
2018010091030,1,9,0,-1,-1,0,-1,-1,-1,-1,-1,-1,6,2,40,7,1388,1,10,5,1,5
2018010091033,1,2,0,3,0,1,0,0,0,0,2,1,1,1,27,6,125,1,5,6,1,6
2018010091034,1,8,0,18,2,2,1,0,0,0,1,1,1,1,55,8,1997,2,5,1,1,1
2018010091035,1,11,0,18,0,0,0,0,0,0,4,1,1,1,49,8,4461,2,5,5,1,5
2018010091035,2,1,0,18,0,0,5,0,0,0,3,1,6,2,37,7,-1,-1,-1,5,1,5
2018010091037,1,9,0,18,0,8,0,0,0,0,1,1,6,1,28,6,2993,2,2,4,1,4
2018010091037,2,2,0,13,0,8,1,0,1,10,4,1,6,1,14,3,125,1,2,2,1,2
2018010091039,1,9,0,5,0,1,0,0,0,0,1,1,6,3,-1,-1,-1,-1,-1,-1,-1,-1
2018010091041,1,11,0,4,0,0,0,0,0,0,4,1,1,1,35,6,4500,2,1,5,1,5
2018010091045,1,9,0,-1,-1,0,-1,-1,-1,-1,2,-1,6,1,19,4,1596,1,13,5,1,5
2018010091045,2,9,0,4,0,0,0,0,0,0,1,1,6,1,-1,-1,4163,1,6,-1,-1,-1
2018010091049,1,3,0,18,0,2,0,0,0,0,4,1,6,1,18,4,108,1,1,1,1,1
2018010091049,2,9,0,6,0,2,0,0,0,0,1,1,6,1,28,6,1395,1,3,1,1,1
2018010091050,1,9,0,18,0,1,0,0,0,0,2,2,6,2,22,5,1242,1,9,2,1,2
2018010091050,2,9,0,18,0,1,0,0,0,0,1,1,6,3,-1,-1,-1,-1,-1,-1,-1,-1
2018010091054,1,9,0,17,0,1,0,0,1,2,1,1,6,1,33,6,5461,1,5,9,1,9
2018010091057,1,11,0,-1,-1,0,-1,-1,-1,-1,3,-1,6,1,-1,-1,4461,2,4,-1,-1,-1
2018010091059,1,9,0,18,0,1,0,0,0,0,1,1,6,3,-1,-1,-1,-1,-1,-1,-1,-1
2018010091063,1,9,0,18,0,0,0,0,0,0,2,1,6,2,34,6,1596,1,6,6,1,6
2018010091063,2,9,0,5,0,0,0,0,0,0,1,1,6,2,32,6,1598,1,6,1,1,1
2018010091065,1,9,0,18,0,0,2,0,0,0,4,1,6,1,21,5,1984,1,-1,1,1,1
2018010091065,2,9,0,18,0,0,0,0,0,0,2,1,6,1,26,6,2993,2,8,2,1,2
2018010091068,1,9,0,3,0,1,0,0,0,0,2,1,6,2,29,6,1199,1,17,3,1,3
2018010091068,2,9,0,18,0,1,0,0,0,0,1,1,6,3,-1,-1,-1,-1,-1,-1,-1,-1
2018010091069,1,11,0,5,0,1,0,0,0,0,0,1,6,1,61,9,4500,2,10,2,1,2
2018010091070,1,9,0,17,0,2,0,0,1,10,1,2,2,1,19,4,-1,-1,-1,4,1,4
2018010091072,1,9,0,18,8,0,2,7,1,2,1,1,6,1,28,6,2143,2,3,3,1,3
2018010091073,1,9,0,9,0,4,0,0,0,0,1,1,6,3,17,4,1995,2,13,-1,-1,-1
2018010091073,2,9,0,17,0,4,0,0,0,0,1,1,6,1,25,5,2148,2,13,9,1,9
2018010091073,3,9,0,4,0,1,0,0,0,0,0,1,1,1,23,5,1499,1,1,4,1,4
2018010091077,1,9,0,3,0,0,0,0,0,0,2,1,6,1,25,5,2979,1,6,5,1,5
2018010091077,2,9,0,3,0,0,0,0,0,0,2,1,6,1,31,6,1998,1,18,5,1,5
2018010091077,3,9,0,14,0,0,0,0,0,0,2,1,6,1,56,9,2494,8,3,10,1,10
2018010091077,4,9,0,15,0,0,1,0,5,10,1,1,6,1,28,6,1590,1,27,-1,-1,-1
2018010091079,1,9,0,18,0,0,1,0,0,0,1,1,6,1,29,6,1995,2,9,1,1,1
2018010091081,1,9,0,18,0,1,0,4,0,0,1,1,6,2,45,7,1973,1,17,6,1,6
2018010091081,2,9,0,2,0,1,0,0,0,0,4,1,6,3,-1,-1,1399,1,1,-1,-1,-1
2018010091082,1,9,0,8,0,6,0,0,0,0,3,1,2,2,21,5,1499,1,12,-1,-1,-1
2018010091082,2,1,0,18,0,1,0,0,0,0,1,1,2,1,56,9,-1,-1,-1,5,1,5
2018010091084,1,9,0,9,0,1,0,0,0,0,1,1,6,2,25,5,1200,1,1,3,1,3
2018010091084,2,1,0,18,0,1,0,0,0,0,1,1,1,2,21,5,-1,-1,-1,3,1,3
2018010091094,1,11,0,4,0,1,0,0,0,0,0,2,1,1,59,9,9000,2,12,8,1,8
2018010091095,1,9,-1,18,0,2,-1,0,0,0,1,-1,6,3,-1,-1,1497,8,1,-1,-1,-1
2018010091100,1,9,0,-1,-1,0,-1,-1,-1,-1,1,-1,6,2,-1,-1,-1,-1,-1,-1,-1,-1
2018010091115,1,3,0,7,0,1,0,0,0,0,2,1,6,1,30,6,124,1,2,3,1,3
2018010091115,2,19,0,7,0,1,0,0,0,0,1,1,1,1,44,7,2198,2,5,7,1,7
2018010091122,1,9,0,4,0,2,0,0,0,0,2,1,1,1,31,6,1968,2,2,6,1,6
2018010091122,2,9,0,18,0,2,0,0,0,0,1,1,6,3,-1,-1,1596,1,14,-1,-1,-1
2018010091135,1,9,0,5,0,8,0,0,0,0,1,1,3,1,47,8,1956,2,6,5,1,5
2018010091135,2,9,0,5,0,8,0,0,0,0,1,1,6,2,38,7,1124,1,14,4,1,4
2018010091136,1,19,0,2,0,2,0,0,0,0,4,1,6,3,-1,-1,-1,-1,-1,-1,-1,-1
2018010091136,2,1,0,15,0,8,0,0,1,0,1,1,2,1,45,7,-1,-1,-1,10,1,10
2018010091140,1,9,0,-1,0,8,0,0,0,0,-1,-1,6,1,34,6,3724,1,13,4,1,4
2018010091151,1,11,0,3,0,8,0,0,0,0,0,1,1,1,23,5,9000,2,12,8,1,8
2018010091152,1,3,0,18,0,8,1,0,0,0,0,1,2,1,36,7,124,1,6,7,1,7
2018010091152,2,9,0,10,0,1,0,0,0,0,0,1,3,2,35,6,1197,1,2,2,1,2
2018010091154,1,21,0,18,0,0,0,0,0,0,3,1,1,1,49,8,12740,2,6,10,2,10
2018010091158,1,11,0,18,0,0,0,0,0,0,0,1,1,1,50,8,6700,2,9,4,1,4
2018010091166,1,19,0,9,0,8,0,0,0,0,1,1,1,1,51,8,1996,2,7,9,1,9
2018010091166,2,19,0,18,0,8,0,0,0,0,1,1,1,1,42,7,1560,2,2,5,1,5
2018010091170,1,9,0,4,0,0,0,0,0,0,1,1,6,1,18,4,-1,-1,-1,6,1,6
2018010091178,1,9,0,12,0,1,0,0,0,0,1,1,6,1,40,7,2179,2,3,9,1,9
2018010091178,2,9,0,2,0,1,0,0,0,0,2,1,6,3,-1,-1,1587,1,11,-1,-1,-1
2018010091181,1,5,0,18,0,0,0,-1,-1,-1,1,1,6,1,61,9,599,1,15,7,1,7
2018010091181,2,9,0,6,0,0,0,-1,-1,-1,-1,1,6,1,-1,-1,1781,1,22,-1,-1,-1
2018010091182,1,9,0,-1,-1,0,-1,-1,-1,-1,-1,-1,6,1,72,10,2902,2,15,4,1,4
2018010091183,1,1,-1,-1,-1,-1,-1,-1,-1,-1,1,1,6,1,32,6,-1,-1,-1,5,1,5
2018010091183,2,9,0,-1,-1,-1,-1,-1,-1,-1,-1,-1,6,1,28,6,-1,-1,-1,-1,-1,-1
2018010091189,1,9,0,4,0,0,0,0,0,0,2,1,6,2,53,8,1493,1,24,6,1,6
2018010091189,2,9,0,18,0,0,0,0,0,0,1,1,6,2,44,7,998,1,-1,5,1,5
2018010091193,1,9,0,18,0,2,0,0,0,0,1,1,6,2,45,7,1242,1,9,1,1,1
2018010091194,1,9,0,1,9,1,0,0,0,0,2,1,6,2,81,11,1797,8,9,8,1,8
2018010091195,1,8,0,-1,-1,0,-1,-1,-1,-1,1,-1,6,1,-1,-1,-1,-1,-1,-1,-1,-1
2018010091203,1,9,0,-1,-1,-1,-1,-1,-1,-1,2,-1,6,1,-1,-1,1968,2,6,-1,-1,-1
2018010091206,1,8,0,-1,-1,0,-1,-1,-1,-1,-1,-1,6,1,44,7,1997,2,4,7,1,7
2018010091206,2,8,0,-1,-1,0,-1,-1,-1,-1,-1,-1,6,1,-1,-1,1598,1,6,5,1,5
2018010091209,1,11,0,7,0,8,0,0,0,0,4,1,1,1,41,7,5132,2,1,1,1,1
2018010091210,1,9,0,18,0,8,0,0,0,0,4,1,3,1,43,7,2143,2,8,7,1,7
2018010091212,1,9,0,5,0,6,0,0,0,0,1,1,6,1,74,10,1598,2,4,10,1,10
2018010091212,2,9,0,18,0,1,0,0,0,0,1,1,2,1,44,7,2494,8,1,8,1,8
2018010091218,1,9,0,9,0,8,0,0,0,0,1,1,6,3,-1,-1,-1,-1,-1,-1,-1,-1
2018010091222,1,9,0,9,0,1,0,0,0,0,1,1,6,2,19,4,1390,1,15,2,1,2
2018010091222,2,5,0,18,0,1,0,0,1,2,1,1,6,1,47,8,649,1,1,9,1,9
2018010091223,1,19,0,5,0,3,0,0,0,0,1,1,6,3,-1,-1,2143,2,6,-1,-1,-1
2018010091224,1,11,0,18,0,3,0,0,0,0,0,2,1,1,33,6,5132,2,1,4,1,4
2018010091225,1,9,0,16,0,8,0,0,0,0,4,1,6,1,37,7,2967,2,5,6,1,6
2018010091230,1,1,-1,-1,-1,-1,-1,-1,-1,-1,-1,1,2,1,34,6,-1,-1,-1,3,1,3
2018010091230,2,5,0,-1,-1,-1,-1,-1,-1,-1,1,1,6,1,30,6,806,1,2,3,1,3
2018010091233,1,19,0,9,0,2,0,0,0,0,1,1,1,1,27,6,1995,2,1,10,1,10