Accident_Index,Vehicle_Reference,Vehicle_Type,Towing_and_Articulation,Vehicle_Manoeuvre,Vehicle_Location-Restricted_Lane,Junction_Location,Skidding_and_Overturning,Hit_Object_in_Carriageway,Vehicle_Leaving_Carriageway,Hit_Object_off_Carriageway,1st_Point_of_Impact,Was_Vehicle_Left_Hand_Drive?,Journey_Purpose_of_Driver,Sex_of_Driver,Age_of_Driver,Age_Band_of_Driver,Engine_Capacity_(CC),Propulsion_Code,Age_of_Vehicle,Driver_IMD_Decile,Driver_Home_Area_Type,Vehicle_IMD_Decile
2018010091237,1,9,0,18,0,0,0,0,0,0,3,1,6,1,27,6,1390,1,11,2,1,2
2018010091237,2,21,0,18,0,0,0,0,0,0,1,1,2,1,38,7,12777,2,11,2,1,2
2018010091242,1,5,0,15,0,0,0,0,1,0,1,1,6,1,36,7,1312,1,6,6,1,6
2018010091242,2,9,0,7,0,0,0,0,0,0,4,1,6,2,34,6,1339,8,9,7,1,7
2018010091243,1,9,0,15,0,0,0,0,0,0,1,1,6,1,65,9,1368,1,12,8,1,8
2018010091243,2,1,0,18,0,0,0,0,0,0,1,1,4,1,15,3,-1,-1,-1,7,1,7
2018010091244,1,9,0,18,0,5,0,10,1,1,4,1,6,1,70,10,1999,2,2,4,1,4
2018010091244,2,9,0,18,0,5,0,0,1,0,3,1,6,1,42,7,2143,2,5,4,1,4
2018010091244,3,9,0,18,0,8,0,0,1,0,2,1,6,2,48,8,3311,8,9,7,1,7
2018010091244,4,9,0,7,0,1,0,0,0,0,2,1,6,2,40,7,2987,2,7,8,1,8
2018010091247,1,5,0,18,0,2,0,0,0,0,4,1,2,1,31,6,599,1,17,8,1,8
2018010091247,2,9,0,18,0,2,0,0,0,0,3,1,6,1,34,6,2967,2,1,3,1,3
2018010091251,1,3,0,18,2,1,2,0,0,0,1,1,2,1,23,5,125,1,4,-1,-1,-1
2018010091251,2,9,0,7,0,1,0,0,0,0,4,1,3,2,41,7,1998,1,7,-1,-1,-1
2018010091252,1,19,0,3,0,1,0,0,0,0,2,1,1,1,54,8,1995,2,9,3,1,3
2018010091252,2,9,0,18,0,1,0,4,0,0,2,1,6,3,-1,-1,1968,2,7,-1,-1,-1
2018010091253,1,9,0,18,0,2,0,0,0,0,4,1,1,1,34,6,698,1,13,3,1,3
2018010091253,2,9,0,18,0,1,0,0,0,0,1,1,6,1,62,9,1591,1,4,7,1,7
2018010091254,1,5,0,13,0,1,2,0,0,0,4,1,6,1,32,6,988,1,13,2,1,2
2018010091254,2,9,0,9,0,2,0,0,0,0,4,1,6,1,40,7,1598,1,11,4,1,4
2018010091257,1,9,-1,-1,-1,-1,-1,-1,-1,-1,-1,-1,6,3,-1,-1,1799,1,10,-1,-1,-1
2018010091257,2,9,-1,-1,-1,-1,-1,-1,-1,-1,-1,1,6,3,-1,-1,-1,-1,-1,-1,-1,-1
2018010091258,1,3,0,18,0,1,-1,0,0,0,-1,1,2,1,25,5,125,1,2,4,1,4
2018010091258,2,9,0,18,0,1,-1,0,0,0,1,-1,6,3,-1,-1,-1,-1,-1,-1,-1,-1
2018010091259,1,8,0,18,2,1,0,0,0,0,1,1,1,1,47,8,2987,2,12,7,1,7
2018010091259,2,19,0,9,0,2,5,0,0,0,4,2,1,1,31,6,1461,2,7,3,1,3
2018010091261,1,9,0,5,0,4,0,0,0,0,1,1,6,1,28,6,-1,-1,-1,-1,-1,-1
2018010091261,2,1,0,18,0,4,0,0,0,0,3,1,6,2,37,7,-1,-1,-1,3,1,3
2018010091262,1,9,0,9,0,5,0,0,0,0,4,1,6,2,69,10,1590,1,17,-1,-1,-1
2018010091262,2,5,0,18,0,1,0,0,0,0,1,1,6,1,21,5,-1,-1,-1,-1,-1,-1
2018010091264,1,9,0,18,0,1,0,0,0,0,1,1,6,1,36,7,1598,1,6,5,1,5
2018010091267,1,9,0,9,0,1,0,0,0,0,1,1,6,1,60,9,973,1,17,2,1,2
2018010091267,2,3,0,18,0,8,2,0,0,0,4,1,6,2,42,7,-1,-1,-1,5,1,5
2018010091270,1,9,0,18,0,2,0,0,0,0,1,1,6,1,33,6,1598,1,7,5,1,5
2018010091270,2,9,0,18,0,1,0,0,0,0,1,1,6,1,29,6,1796,1,11,5,1,5
2018010091270,3,1,0,13,0,1,0,0,0,0,1,1,2,2,29,6,-1,-1,-1,7,1,7
2018010091271,1,9,0,-1,-1,0,-1,-1,-1,-1,2,-1,6,1,24,5,1598,1,13,2,1,2
2018010091271,2,9,0,-1,-1,0,-1,-1,-1,-1,2,-1,6,1,-1,-1,1560,2,5,-1,-1,-1
2018010091271,3,9,0,-1,-1,0,-1,-1,-1,-1,1,-1,6,1,-1,-1,2993,2,12,3,1,3
2018010091273,1,11,0,18,0,8,0,0,0,0,1,1,1,1,52,8,4500,2,4,1,1,1
2018010091273,2,9,0,16,0,1,0,0,0,0,1,1,6,1,28,6,1984,1,11,-1,-1,-1
2018010091274,1,1,0,18,0,0,0,0,0,0,3,1,6,2,35,6,-1,-1,-1,3,1,3
2018010091274,2,9,0,18,0,0,0,0,0,0,4,1,6,1,-1,-1,2171,1,16,3,1,3
2018010091279,1,9,0,-1,-1,-1,-1,-1,-1,-1,-1,-1,6,1,52,8,2435,1,17,2,1,2
2018010091279,2,9,0,-1,-1,-1,-1,-1,-1,-1,2,-1,6,3,-1,-1,1598,1,12,3,1,3
2018010091280,1,8,0,-1,-1,-1,-1,-1,-1,-1,1,-1,6,1,45,7,1798,8,6,4,1,4
2018010091280,2,9,0,-1,-1,-1,-1,-1,-1,-1,1,-1,6,1,-1,-1,1753,2,11,-1,-1,-1
2018010091281,1,8,0,-1,-1,-1,-1,-1,-1,-1,-1,-1,6,1,48,8,2402,2,13,5,1,5
2018010091281,2,9,0,-1,-1,-1,-1,-1,-1,-1,-1,-1,6,1,-1,-1,1896,2,15,1,1,1
2018010091283,1,9,0,18,0,0,0,4,0,0,1,1,6,2,30,6,1598,1,5,5,1,5
2018010091283,2,9,0,2,0,0,0,0,0,0,2,2,6,3,-1,-1,-1,-1,-1,-1,-1,-1
2018010091283,3,9,0,2,6,0,0,0,0,0,0,1,6,3,-1,-1,1596,1,3,-1,-1,-1
2018010091285,1,19,0,5,0,8,0,0,0,0,1,1,6,1,48,8,1997,2,2,2,1,2
2018010091285,2,9,0,5,0,8,0,0,0,0,2,1,6,1,49,8,2720,2,10,5,1,5
2018010091290,1,9,0,9,0,1,0,0,0,0,3,1,6,1,52,8,1995,1,16,1,1,1
2018010091290,2,3,0,13,0,1,0,0,0,0,1,1,6,1,38,7,125,1,12,5,1,5
2018010091291,1,9,0,3,-1,-1,-1,-1,-1,-1,1,-1,2,2,35,6,998,1,13,3,1,3
2018010091291,2,19,-1,1,0,-1,0,0,0,0,2,1,6,3,-1,-1,-1,-1,-1,-1,-1,-1
2018010091293,1,8,0,18,6,2,0,0,1,2,1,1,1,1,48,8,1968,2,4,6,1,6
2018010091294,1,2,0,18,0,0,1,0,0,0,1,1,1,1,37,7,125,1,2,4,1,4
2018010091295,1,9,0,9,0,6,0,0,0,0,1,1,1,1,39,7,2143,2,4,-1,-1,-1
2018010091295,2,3,0,18,0,1,0,0,0,0,1,1,1,1,30,6,102,1,11,-1,-1,-1
2018010091296,1,19,0,5,0,0,0,0,0,0,1,1,6,3,-1,-1,1560,2,9,-1,-1,-1
2018010091298,1,9,0,18,0,1,0,0,0,0,1,1,6,2,21,5,1229,1,10,5,1,5
2018010091298,2,9,0,18,0,8,0,0,0,0,1,1,6,3,-1,-1,-1,-1,-1,-1,-1,-1
2018010091314,1,4,0,18,0,0,0,0,0,0,1,1,2,1,32,6,-1,-1,-1,3,1,3
2018010091317,1,9,0,9,0,1,0,0,0,0,1,1,6,2,50,8,1390,1,12,3,1,3
2018010091318,1,9,0,5,0,1,0,0,0,0,2,1,2,2,23,5,1199,1,15,5,1,5
2018010091318,2,1,0,18,0,1,0,0,0,0,1,1,6,2,47,8,-1,-1,-1,5,1,5
2018010091319,1,20,-1,-1,0,-1,-1,-1,-1,-1,-1,-1,6,1,35,6,-1,-1,-1,8,1,8
2018010091319,2,20,-1,-1,-1,-1,-1,-1,-1,-1,-1,-1,6,3,-1,-1,-1,-1,-1,-1,-1,-1
2018010091320,1,3,0,5,0,2,0,0,0,0,0,1,6,1,-1,-1,-1,-1,-1,-1,-1,-1
2018010091324,1,19,-1,-1,-1,-1,-1,-1,-1,0,-1,-1,6,1,47,8,-1,-1,-1,2,1,2
2018010091324,2,9,-1,-1,-1,-1,-1,-1,-1,-1,-1,-1,6,3,-1,-1,1499,1,1,-1,-1,-1
2018010091325,1,1,-1,18,-1,-1,-1,-1,-1,-1,-1,1,6,1,-1,-1,-1,-1,-1,3,1,3
2018010091326,1,11,0,4,0,1,0,0,0,0,4,1,1,1,59,9,4500,2,7,4,1,4
2018010091328,1,9,0,18,0,1,0,0,0,0,4,1,3,2,37,7,1598,1,4,5,1,5
2018010091328,2,9,0,9,0,6,0,0,0,0,1,1,2,1,18,4,1149,1,11,5,1,5
2018010091330,1,9,0,18,0,8,0,0,0,0,3,1,6,1,27,6,2967,2,5,1,1,1
2018010091330,2,9,0,9,0,1,0,0,1,0,1,1,6,1,35,6,2000,1,13,4,1,4
2018010091330,3,9,0,2,0,2,0,0,0,0,3,1,6,3,-1,-1,1395,1,1,-1,-1,-1
2018010091330,4,9,0,2,0,2,0,0,0,0,2,1,6,3,-1,-1,1296,1,11,-1,-1,-1
2018010091336,1,9,0,7,0,1,0,0,0,0,1,1,1,1,59,9,1896,2,9,4,1,4
2018010091337,1,9,0,9,0,5,0,0,0,0,1,1,2,2,46,8,1598,1,14,10,1,10
2018010091337,2,3,0,18,0,1,0,0,0,0,1,1,2,1,26,6,125,1,8,4,1,4
2018010091341,1,9,-1,-1,-1,-1,-1,-1,-1,-1,-1,-1,6,2,29,6,-1,-1,-1,8,1,8
2018010091342,1,9,0,18,0,0,0,0,0,0,1,1,6,2,29,6,1598,2,6,3,1,3
2018010091342,2,9,0,18,0,0,0,0,0,0,1,1,6,1,24,5,999,1,8,2,1,2
2018010091344,1,9,0,-1,-1,-1,-1,-1,-1,-1,2,1,6,1,37,7,1598,1,10,8,3,8
2018010091344,2,9,0,-1,-1,-1,-1,-1,-1,-1,1,1,6,1,34,6,1968,2,6,5,1,5
2018010091356,1,1,-1,-1,-1,-1,-1,-1,-1,-1,-1,1,2,2,47,8,-1,-1,-1,4,1,4
2018010091356,2,9,0,-1,-1,-1,-1,-1,-1,-1,1,-1,6,1,24,5,1598,1,7,2,1,2
2018010091359,1,9,0,7,0,4,0,0,0,0,1,1,3,2,31,6,1990,1,12,3,1,3
2018010091359,2,9,0,5,0,4,0,0,0,0,2,1,6,2,38,7,1198,1,7,4,1,4
2018010091360,1,19,-1,18,0,1,0,0,0,0,2,-1,6,1,32,6,-1,-1,-1,5,1,5
2018010091360,2,9,-1,18,0,1,0,0,0,0,1,-1,6,3,-1,-1,1984,1,3,-1,-1,-1
2018010091363,1,2,0,14,0,1,0,0,0,0,1,1,1,1,21,5,124,1,14,2,1,2
2018010091363,2,9,0,9,0,1,1,0,0,0,1,1,2,1,34,6,1968,2,13,4,1,4
2018010091365,1,10,-1,-1,-1,-1,-1,-1,-1,-1,-1,-1,6,3,-1,-1,-1,-1,-1,-1,-1,-1
2018010091369,1,9,0,18,0,0,0,0,0,0,1,1,6,2,42,7,1400,1,12,4,1,4
2018010091377,1,11,0,18,0,1,0,0,0,0,0,1,1,1,47,8,6700,2,6,4,1,4
2018010091380,1,9,0,18,0,1,0,0,0,0,1,1,1,1,26,6,-1,-1,-1,7,1,7
2018010091380,2,9,0,10,0,1,0,0,0,0,1,1,2,1,31,6,1390,1,14,6,1,6
2018010091382,1,19,0,-1,-1,0,-1,-1,-1,-1,-1,-1,6,3,-1,-1,-1,-1,-1,-1,-1,-1
2018010091385,1,19,0,18,0,0,0,0,0,0,2,1,6,1,32,6,2198,2,8,7,1,7
2018010091385,2,19,0,18,0,0,0,0,0,0,1,1,6,1,20,4,2198,2,3,-1,-1,-1
2018010091386,1,11,-1,-1,0,0,-1,-1,0,0,1,-1,6,3,-1,-1,-1,-1,-1,-1,-1,-1
2018010091390,1,9,0,-1,-1,-1,0,-1,-1,-1,-1,-1,6,1,-1,-1,-1,-1,-1,-1,-1,-1
2018010091391,1,9,-1,7,0,5,0,0,0,0,1,-1,6,3,-1,-1,-1,-1,-1,-1,-1,-1
2018010091396,1,9,0,-1,0,0,0,-1,0,0,-1,-1,6,2,30,6,1248,1,3,3,1,3
2018010091396,2,9,0,-1,0,0,-1,-1,0,0,-1,-1,6,2,-1,-1,1242,1,5,4,1,4
2018010091398,1,1,-1,18,-1,-1,-1,-1,-1,-1,-1,1,2,1,36,7,-1,-1,-1,7,1,7
2018010091398,2,11,0,7,0,8,0,-1,0,0,3,-1,1,1,-1,-1,4500,2,10,8,1,8
2018010091399,1,9,0,18,0,0,0,0,0,0,-1,-1,6,1,-1,-1,-1,-1,-1,4,1,4
2018010091399,2,1,0,18,0,0,0,0,0,0,-1,1,6,1,33,6,-1,-1,-1,5,1,5
2018010091400,1,3,0,5,0,6,0,0,0,0,4,1,1,1,18,4,108,1,2,7,1,7
2018010091400,2,9,0,18,0,2,0,0,0,0,1,1,2,2,-1,-1,1798,1,4,2,1,2
2018010091406,1,8,0,3,-1,0,-1,-1,-1,-1,4,-1,6,1,58,9,2497,2,6,2,1,2
2018010091406,2,9,0,7,-1,0,-1,-1,-1,-1,1,-1,6,1,-1,-1,1560,2,7,-1,-1,-1
2018010091420,1,3,0,15,0,1,0,0,0,0,1,1,1,1,34,6,125,1,2,4,1,4
2018010091420,2,9,0,10,0,5,0,0,0,0,2,1,1,2,46,8,1997,2,4,4,1,4
2018010091427,1,3,0,18,0,0,0,0,0,0,4,1,2,1,32,6,125,1,4,6,1,6
2018010091427,2,9,0,12,0,0,0,0,0,0,3,1,6,1,26,6,1388,1,14,5,1,5
2018010091428,1,9,0,18,0,0,0,0,7,0,1,1,3,1,35,6,1364,1,1,4,1,4
2018010091428,2,9,0,18,0,0,0,0,0,0,1,1,6,1,63,9,1461,2,1,2,1,2
2018010091430,1,9,0,18,0,2,0,10,0,0,1,1,6,1,24,5,1968,2,6,2,1,2
2018010091436,1,9,0,-1,-1,1,-1,-1,-1,-1,2,-1,2,2,53,8,1388,1,15,7,1,7
2018010091436,2,9,-1,-1,-1,1,-1,-1,-1,-1,-1,1,6,3,-1,-1,1685,2,2,-1,-1,-1
2018010091442,1,8,0,9,0,8,0,0,0,0,1,1,1,1,53,8,2402,2,15,2,1,2
2018010091445,1,9,-1,-1,-1,0,-1,-1,-1,0,-1,-1,6,3,-1,-1,-1,-1,-1,-1,-1,-1
2018010091446,1,9,0,18,0,8,0,0,0,0,1,1,6,1,45,7,2993,2,5,3,1,3
2018010091452,1,90,0,18,2,1,0,0,0,0,1,1,1,1,50,8,-1,-1,-1,1,1,1
2018010091458,1,9,0,3,0,4,0,0,0,0,2,1,6,2,37,7,1560,2,4,2,1,2
2018010091458,2,3,0,15,0,1,2,0,1,2,1,1,6,1,59,9,330,1,4,10,1,10
2018010091459,1,3,0,17,0,0,0,0,0,0,0,1,1,1,20,4,125,1,8,5,1,5
2018010091459,2,19,0,7,0,0,0,0,0,0,0,1,6,3,-1,-1,-1,-1,-1,-1,-1,-1
2018010091460,1,4,0,18,0,0,0,0,0,0,3,1,2,1,57,9,125,1,1,9,1,9
2018010091460,2,9,0,11,0,0,0,0,0,0,4,1,6,1,-1,-1,4966,1,13,3,1,3
2018010091461,1,3,0,18,0,0,0,0,0,0,1,1,2,1,27,6,124,1,3,8,1,8
2018010091462,1,20,0,-1,-1,-1,-1,-1,-1,-1,0,-1,6,1,-1,-1,-1,-1,-1,-1,-1,-1
2018010091463,1,9,0,7,0,5,0,0,0,0,1,1,6,2,-1,-1,1499,2,2,2,1,2
2018010091463,2,9,0,3,0,1,0,0,0,0,1,1,6,1,70,10,1461,2,3,2,1,2
2018010091463,3,9,0,2,0,1,0,0,0,0,3,1,6,3,-1,-1,1499,2,1,-1,-1,-1
2018010091466,1,20,0,-1,-1,-1,-1,-1,-1,-1,1,-1,6,3,-1,-1,-1,-1,-1,-1,-1,-1
2018010091469,1,9,0,9,0,8,0,0,0,0,3,1,6,2,34,6,1242,1,16,5,1,5
2018010091469,2,9,0,18,0,8,0,0,0,0,1,1,1,1,22,5,1586,1,12,6,1,6
2018010091470,1,1,-1,-1,-1,0,-1,-1,-1,-1,2,1,2,1,31,6,-1,-1,-1,-1,-1,-1
2018010091472,1,1,-1,-1,-1,-1,-1,-1,-1,-1,1,1,6,1,28,6,-1,-1,-1,8,1,8
2018010091472,2,9,0,-1,-1,-1,-1,-1,-1,-1,-1,-1,6,3,-1,-1,-1,-1,-1,-1,-1,-1
2018010091478,1,3,0,9,0,1,2,0,0,0,1,1,1,1,35,6,125,1,4,3,1,3
2018010091478,2,8,0,7,0,6,0,0,0,0,1,1,1,1,64,9,2143,2,1,5,3,5
2018010091479,1,1,0,3,0,0,0,0,0,0,2,1,2,2,42,7,-1,-1,-1,3,1,3
2018010091479,2,9,0,1,0,0,0,0,0,0,2,1,6,1,28,6,-1,-1,-1,-1,-1,-1
2018010091487,1,8,0,-1,-1,0,-1,-1,-1,-1,1,-1,6,1,74,10,1997,2,2,5,2,5
2018010091489,1,5,0,-1,-1,-1,-1,-1,-1,-1,-1,1,2,1,34,6,749,1,7,2,1,2
2018010091489,2,19,0,-1,-1,-1,-1,-1,-1,-1,1,-1,6,1,-1,-1,1995,2,2,4,1,4
2018010091491,1,19,0,16,0,2,0,7,0,0,1,1,1,1,26,6,2198,2,5,3,1,3
2018010091492,1,9,0,4,0,0,0,0,0,0,1,1,6,1,31,6,1248,2,13,5,1,5
2018010091498,1,9,0,3,0,0,0,0,0,0,2,1,6,1,22,5,1598,1,14,2,1,2
2018010091498,2,9,0,18,0,0,0,0,0,0,1,1,6,1,37,7,1242,1,6,-1,-1,-1
2018010091498,3,17,4,18,0,0,0,0,0,0,4,1,1,1,35,6,-1,-1,-1,8,1,8
2018010091501,1,9,0,-1,-1,0,-1,-1,-1,-1,2,-1,2,2,59,9,1769,1,14,10,1,10
2018010091501,2,9,0,-1,-1,0,-1,-1,-1,-1,1,-1,6,2,-1,-1,1968,2,12,8,1,8
2018010091504,1,8,0,6,0,2,0,0,0,0,2,1,1,1,59,9,2143,2,1,8,3,8
2018010091504,2,3,0,18,0,2,2,0,0,0,1,1,6,1,21,5,125,1,5,7,1,7
2018010091505,1,8,0,-1,-1,-1,-1,-1,-1,-1,-1,-1,6,1,35,6,1968,2,7,4,1,4
2018010091505,2,1,-1,-1,-1,-1,-1,-1,-1,-1,-1,1,6,1,-1,-1,-1,-1,-1,6,1,6
2018010091506,1,3,0,18,0,0,0,0,0,0,1,1,6,1,28,6,124,1,8,6,1,6
2018010091506,2,8,0,6,0,0,0,0,0,0,3,1,1,1,60,9,1797,8,7,3,1,3
2018010091507,1,4,0,18,4,0,0,0,0,0,4,1,2,1,36,7,1340,1,9,9,1,9
2018010091509,1,1,-1,-1,-1,-1,-1,-1,-1,-1,-1,1,2,1,45,7,-1,-1,-1,3,1,3
2018010091509,2,9,0,-1,-1,-1,-1,-1,-1,-1,-1,-1,6,1,-1,-1,999,1,3,-1,-1,-1
2018010091519,1,9,0,18,0,1,0,0,0,0,1,1,1,1,46,8,1798,8,4,1,1,1
2018010091519,2,9,0,3,0,1,0,0,0,0,2,1,6,1,36,7,1339,8,8,1,1,1
2018010091519,3,9,0,3,0,1,0,0,0,0,2,1,6,1,36,7,1950,2,1,3,1,3
2018010091520,1,9,0,-1,-1,0,-1,-1,-1,-1,2,-1,2,2,41,7,1240,1,12,1,1,1
2018010091520,2,9,0,-1,-1,0,-1,-1,-1,-1,1,-1,6,1,-1,-1,1499,2,2,4,1,4
2018010091521,1,9,0,18,0,0,1,0,1,7,4,1,6,2,57,9,1399,2,9,9,1,9
2018010091521,2,21,1,12,0,0,0,0,0,0,1,2,6,1,57,9,-1,-1,-1,-1,-1,-1
2018010091527,1,8,0,9,0,5,0,0,0,0,3,1,1,1,37,7,1798,8,1,4,1,4
2018010091527,2,4,0,14,0,1,0,0,0,0,1,1,2,2,32,6,125,1,2,6,1,6
2018010091536,1,9,0,18,0,1,0,0,0,0,1,1,6,1,38,7,1896,2,11,2,1,2
2018010091539,1,1,0,18,0,1,0,0,0,0,1,1,2,1,32,6,-1,-1,-1,7,1,7
2018010091539,2,9,0,3,0,1,0,0,0,0,2,1,3,2,47,8,-1,-1,-1,3,1,3
2018010091539,3,9,0,1,0,6,0,0,0,0,0,1,3,2,36,7,2720,2,10,6,1,6
2018010091542,1,9,0,3,0,0,0,0,0,0,2,1,2,1,47,8,1398,1,7,2,1,2
2018010091542,2,11,0,9,0,0,0,0,0,0,1,1,1,1,47,8,4250,2,9,2,1,2
2018010091547,1,1,0,4,0,1,0,0,0,0,1,1,2,1,26,6,-1,-1,-1,3,1,3
2018010091548,1,9,0,18,0,4,-1,0,0,0,1,-1,6,2,-1,-1,-1,-1,-1,-1,-1,-1
2018010091551,1,9,0,9,0,6,0,0,0,0,1,1,6,1,23,5,1598,2,3,2,1,2
2018010091551,2,1,0,18,0,1,0,0,0,0,4,1,6,2,33,6,-1,-1,-1,8,1,8
2018010091555,1,19,0,9,0,6,0,0,0,0,3,1,2,1,28,6,2148,2,12,5,1,5
2018010091555,2,9,0,18,0,8,0,0,0,0,1,1,1,1,46,8,1969,8,2,2,1,2
2018010091559,1,11,-1,-1,-1,0,-1,-1,-1,-1,0,1,1,3,-1,-1,9360,2,8,-1,-1,-1
2018010091560,1,9,0,4,0,3,0,0,0,0,2,1,6,1,32,6,1198,1,11,10,1,10
2018010091560,2,5,0,4,0,2,1,0,0,0,1,1,6,1,48,8,1050,1,10,10,1,10
2018010091565,1,9,0,-1,-1,-1,-1,-1,-1,-1,2,-1,6,1,36,7,6208,1,6,9,1,9
2018010091565,2,9,0,-1,-1,-1,-1,-1,-1,-1,1,-1,6,1,-1,-1,1797,8,8,-1,-1,-1
2018010091567,1,1,-1,-1,-1,-1,-1,-1,-1,-1,0,1,2,2,34,6,-1,-1,-1,5,1,5
2018010091567,2,8,0,-1,-1,-1,-1,-1,-1,-1,1,-1,6,1,-1,-1,-1,-1,-1,-1,-1,-1
2018010091570,1,1,0,18,4,2,0,0,1,0,1,1,2,1,50,8,-1,-1,-1,10,1,10
2018010091570,2,9,0,4,0,2,0,0,0,0,4,1,6,1,53,8,1248,1,9,8,1,8
2018010091571,1,4,0,5,0,0,0,0,0,0,1,1,6,1,46,8,-1,-1,-1,-1,-1,-1
2018010091575,1,5,0,5,0,1,0,0,0,0,1,1,2,1,51,8,745,1,3,10,1,10
2018010091576,1,19,0,3,0,2,0,0,0,0,1,1,2,1,29,6,1896,2,11,5,1,5
2018010091576,2,9,0,3,0,2,0,0,0,0,2,1,3,1,40,7,1598,1,2,4,1,4
2018010091578,1,11,0,18,0,1,0,0,0,0,1,1,1,2,36,7,4500,2,1,2,1,2
2018010091578,2,9,0,18,0,1,0,0,0,0,3,1,2,1,24,5,1395,1,4,6,1,6
2018010091578,3,19,0,9,0,1,0,0,0,0,1,1,2,1,30,6,2198,2,6,2,1,2
2018010091583,1,1,0,-1,0,1,0,0,0,0,-1,1,6,1,52,8,-1,-1,-1,2,1,2
2018010091583,2,9,0,-1,0,1,0,0,0,0,-1,-1,6,1,57,9,3179,1,17,3,1,3
2018010091586,1,9,0,18,0,2,0,4,0,0,4,1,6,1,59,9,1229,1,7,7,1,7
2018010091586,2,9,0,3,0,1,0,0,0,0,1,1,6,2,35,6,2143,2,1,5,1,5
2018010091586,3,9,0,5,0,2,0,0,0,0,1,1,6,3,-1,-1,-1,-1,-1,-1,-1,-1
2018010091587,1,9,0,18,0,2,0,0,0,0,3,1,1,1,25,5,-1,-1,-1,8,1,8
2018010091587,2,9,0,18,0,1,0,0,0,0,1,1,6,3,-1,-1,-1,-1,-1,-1,-1,-1
2018010091587,3,9,0,2,8,2,0,0,0,0,3,1,6,3,-1,-1,2996,1,10,-1,-1,-1
2018010091594,1,9,0,-1,-1,0,-1,-1,-1,-1,4,-1,6,2,60,9,1248,1,1,6,1,6
2018010091594,2,90,-1,-1,-1,0,-1,-1,-1,-1,-1,-1,6,1,-1,-1,-1,-1,-1,-1,-1,-1
2018010091611,1,9,0,9,0,5,0,0,7,0,4,1,2,2,23,5,1329,1,6,2,1,2
2018010091611,2,1,0,18,0,1,0,0,0,0,1,1,1,1,30,6,-1,-1,-1,2,1,2
2018010091612,1,11,0,18,0,1,0,0,0,0,0,1,1,1,49,8,6692,2,7,3,1,3
2018010091619,1,9,0,18,-1,0,0,0,-1,0,4,1,1,2,44,7,1388,1,8,1,1,1
2018010091619,2,9,0,18,-1,0,0,0,-1,0,1,-1,6,2,-1,-1,1995,2,3,9,1,9
2018010091620,1,19,0,5,0,0,0,0,0,0,4,1,1,1,56,9,2198,2,5,1,1,1
2018010091630,1,9,-1,18,0,1,0,0,0,0,1,-1,6,1,48,8,1791,8,6,2,1,2
2018010091630,2,1,0,18,0,1,-1,0,0,0,1,1,6,1,33,6,-1,-1,-1,4,1,4
2018010091632,1,9,0,-1,-1,0,-1,-1,-1,-1,2,-1,6,2,-1,-1,1198,1,4,8,1,8
2018010091633,1,19,-1,-1,-1,0,-1,-1,-1,-1,-1,-1,6,1,36,7,-1,-1,-1,2,1,2
2018010091633,2,9,-1,18,-1,0,-1,-1,0,0,1,-1,6,3,-1,-1,-1,-1,-1,-1,-1,-1
2018010091643,1,1,-1,-1,-1,-1,-1,-1,-1,-1,-1,1,2,2,55,8,-1,-1,-1,-1,-1,-1
2018010091643,2,1,-1,-1,-1,-1,-1,-1,-1,-1,1,1,6,1,-1,-1,-1,-1,-1,-1,-1,-1
2018010091648,1,9,0,10,0,5,0,0,0,0,2,1,6,2,44,7,1598,1,5,7,1,7
2018010091648,2,19,0,18,0,1,0,0,0,0,1,1,6,1,21,5,1995,2,1,3,1,3
2018010091654,1,9,0,8,0,5,0,0,0,0,2,1,6,2,26,6,2000,2,14,6,1,6
2018010091654,2,9,0,3,0,8,0,0,0,0,1,1,6,3,-1,-1,-1,-1,-1,-1,-1,-1
2018010091657,1,1,-1,-1,-1,0,-1,-1,-1,-1,-1,1,2,1,29,6,-1,-1,-1,5,1,5
2018010091657,2,20,0,-1,-1,0,-1,-1,-1,-1,-1,-1,6,1,40,7,-1,-1,-1,2,1,2
2018010091659,1,19,0,7,0,1,0,0,0,0,4,1,1,1,35,6,2198,2,2,4,2,4
2018010091659,2,1,0,18,0,1,0,0,0,0,3,1,6,2,31,6,-1,-1,-1,3,1,3
2018010091660,1,1,-1,-1,-1,0,-1,-1,-1,-1,-1,1,6,2,28,6,-1,-1,-1,1,1,1
2018010091660,2,9,0,-1,-1,0,-1,-1,-1,-1,-1,-1,6,1,-1,-1,-1,-1,-1,-1,-1,-1
2018010091664,1,9,0,18,0,1,0,0,0,0,4,1,6,2,43,7,2364,1,10,5,1,5
2018010091672,1,9,-1,-1,-1,-1,-1,-1,-1,-1,-1,-1,6,3,-1,-1,2143,2,2,-1,-1,-1
2018010091674,1,9,0,5,0,2,0,0,0,0,2,1,6,2,42,7,2231,2,12,9,1,9
2018010091674,2,9,0,5,0,2,0,0,0,0,2,1,2,2,39,7,1199,1,16,10,1,10
2018010091674,3,9,0,5,0,2,0,0,0,0,2,1,6,1,56,9,2148,2,12,5,1,5
2018010091674,4,9,0,4,0,2,0,0,0,0,1,1,6,1,62,9,2993,2,11,10,1,10
2018010091681,1,9,0,-1,-1,-1,-1,-1,-1,-1,2,-1,2,2,51,8,1200,1,2,6,1,6
2018010091681,2,9,0,-1,-1,-1,-1,-1,-1,-1,1,-1,6,1,-1,-1,2143,2,1,-1,-1,-1
2018010091682,1,3,0,18,0,0,0,0,0,0,1,1,6,1,18,4,124,1,3,2,1,2
2018010091682,2,9,0,1,0,0,0,0,0,0,2,1,6,2,24,5,1995,2,1,9,1,9
2018010091683,1,9,0,4,0,0,0,0,0,0,2,1,6,1,34,6,2969,2,12,-1,-1,-1