Accident_Index,Vehicle_Reference,Vehicle_Type,Towing_and_Articulation,Vehicle_Manoeuvre,Vehicle_Location-Restricted_Lane,Junction_Location,Skidding_and_Overturning,Hit_Object_in_Carriageway,Vehicle_Leaving_Carriageway,Hit_Object_off_Carriageway,1st_Point_of_Impact,Was_Vehicle_Left_Hand_Drive?,Journey_Purpose_of_Driver,Sex_of_Driver,Age_of_Driver,Age_Band_of_Driver,Engine_Capacity_(CC),Propulsion_Code,Age_of_Vehicle,Driver_IMD_Decile,Driver_Home_Area_Type,Vehicle_IMD_Decile
2018010091683,2,9,0,4,0,0,0,0,0,0,2,1,2,2,28,6,1796,1,7,4,1,4
2018010091683,3,9,0,4,0,0,0,0,0,0,2,1,6,2,20,4,1395,1,5,5,1,5
2018010091683,4,9,0,18,0,0,0,0,0,0,1,1,2,1,32,6,2000,2,13,-1,-1,-1
2018010091684,1,9,0,17,0,0,0,0,0,0,1,1,6,2,41,7,1596,1,13,9,1,9
2018010091684,2,9,0,16,0,0,0,0,0,0,1,1,6,1,25,5,1986,2,13,3,1,3
2018010091688,1,1,-1,-1,-1,0,-1,-1,-1,-1,-1,1,2,2,29,6,-1,-1,-1,4,1,4
2018010091688,2,9,0,-1,-1,0,-1,-1,-1,-1,1,-1,6,2,-1,-1,-1,-1,-1,-1,-1,-1
2018010091690,1,9,0,3,0,0,0,0,0,0,1,1,3,1,51,8,2401,2,16,5,1,5
2018010091696,1,11,0,4,0,1,0,0,0,0,0,1,1,1,57,9,6700,2,8,2,1,2
2018010091698,1,1,-1,-1,-1,-1,-1,-1,-1,-1,1,1,2,1,-1,-1,-1,-1,-1,8,1,8
2018010091698,2,9,0,-1,-1,-1,-1,-1,-1,-1,4,-1,6,1,-1,-1,2143,2,6,5,1,5
2018010091699,1,5,0,5,0,0,0,0,0,0,1,1,1,1,48,8,471,1,1,9,1,9
2018010091700,1,1,0,18,0,2,0,0,0,0,0,1,1,1,30,6,-1,-1,-1,3,1,3
2018010091704,1,9,0,4,0,1,0,0,0,0,2,1,2,1,36,7,1998,1,11,2,1,2
2018010091704,2,9,0,4,0,1,0,0,0,0,1,1,6,1,32,6,1390,1,12,8,1,8
2018010091707,1,9,0,12,0,0,0,0,0,0,1,1,6,1,22,5,1598,1,3,3,1,3
2018010091707,2,5,0,12,0,0,0,0,0,0,1,1,2,1,34,6,918,1,22,7,1,7
2018010091709,1,9,0,9,0,1,0,0,7,0,1,1,2,1,28,6,1388,1,9,3,1,3
2018010091709,2,1,0,18,0,1,0,0,0,0,1,1,2,1,32,6,-1,-1,-1,3,1,3
2018010091711,1,11,0,5,0,8,0,0,0,0,4,1,1,1,52,8,5132,2,2,4,1,4
2018010091711,2,9,0,5,0,6,0,0,0,0,3,1,6,1,29,6,1599,1,10,3,1,3
2018010091715,1,9,0,18,0,2,0,0,0,0,1,1,6,3,-1,-1,-1,-1,-1,-1,-1,-1
2018010091716,1,11,1,4,0,1,0,0,0,0,1,1,1,1,47,8,5132,2,1,4,1,4
2018010091716,2,3,0,4,0,1,0,0,0,0,2,1,1,1,46,8,108,1,2,3,1,3
2018010091717,1,9,0,4,9,8,0,0,0,0,1,1,6,2,29,6,1198,1,2,3,1,3
2018010091717,2,1,0,18,9,8,0,0,0,0,4,1,6,1,17,4,-1,-1,-1,4,1,4
2018010091721,1,9,0,18,0,0,0,0,0,0,2,1,6,1,42,7,2401,2,11,2,1,2
2018010091721,2,9,0,18,0,0,0,0,0,0,1,1,6,1,46,8,1798,1,12,8,1,8
2018010091722,1,8,0,4,0,0,0,0,0,0,1,1,1,1,45,7,2499,2,9,2,1,2
2018010091725,1,9,0,9,2,7,1,10,1,0,3,1,6,1,22,5,1995,1,15,5,1,5
2018010091725,2,9,0,18,0,2,0,0,0,0,1,1,1,1,67,10,1598,1,7,3,1,3
2018010091727,1,9,0,3,0,1,0,0,0,0,4,1,2,2,25,5,1229,1,7,1,1,1
2018010091727,2,1,0,15,0,1,0,0,0,0,4,1,6,1,41,7,-1,-1,-1,3,1,3
2018010091728,1,5,0,18,0,8,2,10,1,0,1,1,2,1,26,6,599,1,8,4,1,4
2018010091734,1,9,0,18,0,0,0,10,0,0,1,1,6,1,21,5,-1,-1,-1,7,1,7
2018010091736,1,9,0,18,0,-1,0,-1,0,0,-1,-1,6,1,-1,-1,-1,-1,-1,-1,-1,-1
2018010091740,1,5,0,4,0,0,0,0,0,0,4,1,2,1,55,8,798,1,4,10,1,10
2018010091740,2,4,0,4,0,0,0,0,0,0,3,1,6,1,-1,-1,279,1,1,7,1,7
2018010091758,1,9,-1,18,-1,-1,0,-1,-1,-1,2,-1,6,1,47,8,1968,2,4,4,1,4
2018010091758,2,9,-1,-1,-1,1,-1,-1,-1,-1,-1,-1,6,2,-1,-1,1796,1,15,-1,-1,-1
2018010091767,1,5,0,18,0,8,0,0,0,0,1,1,2,1,58,9,1170,1,7,9,3,9
2018010091767,2,21,0,9,0,8,0,0,0,0,1,1,1,1,41,7,-1,-1,-1,6,2,6
2018010091768,1,3,0,18,0,8,0,0,0,0,2,1,2,1,32,6,600,1,13,1,1,1
2018010091768,2,9,0,9,0,8,0,0,0,0,4,1,6,2,19,4,998,1,16,3,1,3
2018010091777,1,9,0,-1,-1,0,-1,-1,-1,-1,2,-1,2,1,32,6,1240,1,15,2,1,2
2018010091777,2,9,0,-1,-1,0,-1,-1,-1,-1,1,-1,6,1,-1,-1,-1,-1,-1,-1,-1,-1
2018010091780,1,9,-1,5,-1,4,-1,-1,-1,-1,-1,1,6,1,31,6,2493,8,5,2,1,2
2018010091780,2,9,-1,-1,-1,4,-1,-1,0,0,1,-1,6,1,-1,-1,1388,1,13,8,1,8
2018010091781,1,1,0,18,4,8,0,0,0,0,1,1,1,2,37,7,-1,-1,-1,1,1,1
2018010091781,2,1,0,18,4,8,0,0,0,0,1,1,2,1,42,7,-1,-1,-1,1,1,1
2018010091788,1,9,0,-1,0,-1,0,-1,-1,0,3,-1,6,1,-1,-1,-1,-1,-1,-1,-1,-1
2018010091809,1,1,0,14,0,1,-1,8,-1,-1,1,1,6,1,44,7,-1,-1,-1,6,1,6
2018010091809,2,19,0,2,0,1,0,0,0,0,3,-1,6,3,-1,-1,2402,2,17,-1,-1,-1
2018010091811,1,9,0,3,0,1,0,0,0,0,2,-1,6,1,32,6,2143,2,4,5,1,5
2018010091811,2,9,0,18,0,1,0,0,0,0,1,-1,6,3,-1,-1,-1,-1,-1,-1,-1,-1
2018010091813,1,5,0,18,0,0,0,0,0,0,1,1,1,1,54,8,645,1,3,8,1,8
2018010091813,2,9,0,18,0,0,0,0,0,0,1,1,6,2,37,7,2993,2,4,9,1,9
2018010091816,1,9,-1,-1,0,-1,-1,-1,-1,0,-1,-1,6,2,31,6,1956,2,6,-1,-1,-1
2018010091816,2,9,0,-1,-1,-1,-1,-1,-1,-1,-1,-1,6,3,-1,-1,1997,2,1,-1,-1,-1
2018010091819,1,11,0,18,0,0,0,0,0,0,1,1,1,1,59,9,4500,2,11,7,1,7
2018010091820,1,9,0,16,0,0,0,0,0,0,1,1,3,1,41,7,1598,2,7,6,3,6
2018010091820,2,9,0,3,0,0,0,0,0,0,2,1,6,1,50,8,1598,1,9,8,2,8
2018010091820,3,9,0,2,0,0,0,0,0,0,0,1,6,3,-1,-1,1390,1,6,-1,-1,-1
2018010091831,1,9,0,9,0,2,0,0,0,0,1,1,3,1,26,6,1398,1,7,2,1,2
2018010091836,1,5,0,-1,-1,-1,-1,-1,-1,-1,2,1,6,1,53,8,745,1,4,3,1,3
2018010091836,2,19,0,-1,-1,-1,-1,-1,-1,-1,-1,-1,6,1,-1,-1,2446,2,16,-1,-1,-1
2018010091847,1,9,0,18,-1,1,0,-1,-1,-1,3,-1,1,1,63,9,1797,8,4,8,1,8
2018010091847,2,9,-1,-1,-1,1,-1,-1,-1,-1,-1,-1,6,3,-1,-1,1461,2,1,-1,-1,-1
2018010091856,1,11,0,18,2,1,0,0,0,0,0,1,1,1,49,8,5132,2,3,2,1,2
2018010091858,1,9,0,8,-1,1,-1,-1,-1,-1,2,-1,6,1,63,9,1796,1,5,2,1,2
2018010091858,2,9,-1,-1,-1,-1,-1,-1,-1,-1,4,-1,6,1,-1,-1,1197,1,-1,-1,-1,-1
2018010091859,1,9,0,18,0,4,0,-1,0,0,-1,-1,6,2,46,8,1799,1,10,3,1,3
2018010091859,2,9,0,18,0,4,0,0,0,0,-1,-1,6,3,-1,-1,1968,2,3,-1,-1,-1
2018010091861,1,9,0,-1,-1,-1,-1,-1,-1,-1,1,-1,6,2,-1,-1,1753,2,10,7,1,7
2018010091867,1,9,0,-1,-1,-1,-1,-1,-1,-1,2,-1,6,2,46,8,1595,1,1,3,1,3
2018010091867,2,9,0,-1,-1,-1,-1,-1,-1,-1,1,-1,6,1,-1,-1,2179,2,6,1,1,1
2018010091867,3,9,-1,-1,-1,-1,-1,-1,-1,-1,-1,-1,6,3,-1,-1,-1,-1,-1,-1,-1,-1
2018010091868,1,11,0,4,0,1,0,0,0,0,0,1,1,1,52,8,5132,2,1,4,1,4
2018010091870,1,9,-1,-1,-1,-1,-1,-1,-1,-1,-1,-1,6,1,76,11,-1,-1,-1,2,1,2
2018010091874,1,11,0,3,2,0,0,0,0,0,0,1,1,1,43,7,5132,2,3,5,1,5
2018010091877,1,9,0,18,0,0,0,0,0,0,1,1,6,2,80,11,1766,1,31,9,1,9
2018010091877,2,8,0,2,0,0,0,0,0,0,2,1,6,3,-1,-1,1950,2,1,-1,-1,-1
2018010091877,3,9,0,2,0,0,0,0,0,0,4,1,6,3,-1,-1,1587,1,16,-1,-1,-1
2018010091884,1,9,-1,4,-1,-1,-1,-1,-1,-1,2,-1,6,1,31,6,998,1,6,3,1,3
2018010091884,2,9,-1,-1,-1,-1,-1,-1,-1,-1,1,-1,6,3,-1,-1,2295,1,15,-1,-1,-1
2018010091888,1,9,0,9,0,7,0,0,0,0,4,1,1,1,47,8,-1,-1,-1,1,1,1
2018010091890,1,5,0,18,0,2,2,11,0,0,4,1,6,1,62,9,865,1,4,3,1,3
2018010091899,1,90,0,-1,-1,-1,-1,-1,-1,-1,-1,-1,6,3,-1,-1,-1,-1,-1,-1,-1,-1
2018010091904,1,1,0,18,0,8,0,0,0,0,3,1,2,2,35,6,-1,-1,-1,3,1,3
2018010091904,2,9,0,9,0,8,0,0,0,0,1,1,6,1,-1,-1,-1,-1,-1,-1,-1,-1
2018010091905,1,9,0,9,0,0,0,0,0,0,3,1,6,1,63,9,1198,1,10,5,1,5
2018010091905,2,90,0,18,0,0,0,0,0,0,1,1,6,1,29,6,-1,-1,-1,3,1,3
2018010091908,1,9,0,-1,-1,-1,-1,-1,-1,-1,2,-1,2,2,51,8,1596,1,4,8,1,8
2018010091908,2,9,0,-1,-1,-1,-1,-1,-1,-1,1,-1,6,3,-1,-1,1150,1,13,3,1,3
2018010091910,1,19,0,4,0,0,1,0,0,0,1,1,6,2,26,6,2198,2,9,3,1,3
2018010091910,2,9,0,4,0,0,0,0,0,0,2,1,6,1,22,5,3999,1,10,-1,-1,-1
2018010091910,3,9,0,4,0,0,0,0,0,0,2,1,6,1,29,6,1995,2,9,6,1,6
2018010091910,4,9,0,4,0,0,0,0,0,0,2,1,6,2,32,6,998,1,3,9,1,9
2018010091916,1,8,0,3,0,0,0,0,0,0,3,1,6,1,35,6,1968,2,4,4,1,4
2018010091916,2,9,0,11,0,0,0,0,0,0,4,1,6,1,-1,-1,1197,1,2,3,1,3
2018010091918,1,9,0,9,0,5,0,0,0,0,1,1,2,1,45,7,1995,2,2,2,1,2
2018010091919,1,9,0,-1,-1,-1,-1,-1,-1,-1,-1,-1,2,1,42,7,1596,1,8,3,1,3
2018010091922,1,9,0,4,9,8,0,0,1,0,1,1,6,3,-1,-1,2143,2,6,-1,-1,-1
2018010091927,1,1,0,18,0,0,0,0,0,0,1,1,6,1,-1,-1,-1,-1,-1,-1,-1,-1
2018010091928,1,5,0,-1,-1,-1,-1,-1,-1,-1,1,1,2,1,48,8,599,1,16,3,1,3
2018010091928,2,9,0,-1,-1,-1,-1,-1,-1,-1,2,-1,6,2,-1,-1,1598,2,1,-1,-1,-1
2018010091930,1,11,0,5,0,1,0,0,0,0,0,1,1,1,30,6,5132,2,2,6,1,6
2018010091931,1,19,0,5,0,8,0,0,0,0,1,1,1,1,64,9,2198,2,5,1,1,1
2018010091934,1,9,0,18,0,1,0,0,0,0,1,1,6,3,17,4,-1,-1,-1,-1,-1,-1
2018010091936,1,19,0,9,0,8,0,0,0,0,1,1,1,1,26,6,1560,2,1,10,1,10
2018010091944,1,3,0,18,0,1,2,0,0,0,1,1,1,1,44,7,-1,-1,-1,6,1,6
2018010091944,2,9,0,9,0,5,0,0,0,0,3,1,6,1,45,7,1298,1,16,6,1,6
2018010091945,1,9,0,12,0,0,0,0,0,0,3,1,6,3,-1,-1,1999,2,-1,-1,-1,-1
2018010091945,2,3,0,15,0,0,0,0,0,0,4,1,2,1,30,6,125,1,2,4,1,4
2018010091946,1,4,0,-1,-1,0,-1,-1,-1,-1,-1,1,2,1,50,8,125,1,1,2,1,2
2018010091946,2,9,0,-1,-1,0,-1,-1,-1,-1,-1,-1,6,2,-1,-1,-1,-1,-1,-1,-1,-1
2018010091947,1,9,0,9,0,6,0,0,0,0,4,1,6,2,27,6,1360,1,13,3,1,3
2018010091947,2,11,0,18,0,6,0,0,0,0,1,1,1,2,26,6,7700,2,2,4,1,4
2018010091948,1,11,0,4,0,1,0,0,0,0,0,1,1,1,39,7,-1,-1,-1,5,1,5
2018010091949,1,9,0,9,0,0,0,0,0,0,4,1,6,3,-1,-1,-1,-1,-1,-1,-1,-1
2018010091956,1,9,0,-1,-1,-1,-1,-1,-1,-1,2,-1,2,1,32,6,1242,1,9,2,1,2
2018010091956,2,9,0,-1,-1,-1,-1,-1,-1,-1,1,-1,6,1,28,6,1896,2,16,4,1,4
2018010091958,1,9,0,1,9,0,0,0,0,0,2,1,6,2,30,6,1590,1,13,4,1,4
2018010091960,1,3,0,18,0,0,5,0,0,0,4,1,6,2,29,6,125,1,1,3,1,3
2018010091960,2,9,0,11,0,0,0,0,0,0,1,1,6,3,-1,-1,1991,1,2,-1,-1,-1
2018010091961,1,9,0,9,0,5,0,0,0,0,1,1,6,1,41,7,1798,8,9,2,1,2
2018010091962,1,19,0,13,0,0,0,0,0,0,4,1,6,1,39,7,1461,2,3,4,1,4
2018010091962,2,1,0,18,0,0,5,0,0,0,3,1,6,1,37,7,-1,-1,-1,-1,-1,-1
2018010091963,1,11,0,5,2,2,0,0,0,0,0,1,1,1,50,8,6700,2,6,3,1,3
2018010091964,1,9,0,9,0,0,0,0,0,0,4,1,6,1,51,8,1598,1,8,2,1,2
2018010091968,1,9,-1,-1,-1,-1,-1,-1,-1,-1,-1,-1,6,3,-1,-1,1149,1,11,-1,-1,-1
2018010091969,1,9,0,18,0,8,0,0,0,0,1,1,2,1,32,6,-1,-1,-1,2,1,2
2018010091969,2,9,0,18,0,2,0,0,0,0,2,1,2,1,26,6,1998,2,14,5,1,5
2018010091971,1,9,0,18,0,4,0,0,0,0,1,1,6,1,17,4,2996,1,10,7,1,7
2018010091971,2,9,0,4,0,3,0,0,0,0,2,1,6,1,43,7,1968,2,8,2,1,2
2018010091972,1,3,0,18,0,1,0,0,0,0,4,1,2,1,45,7,-1,-1,-1,2,1,2
2018010091972,2,19,0,4,0,1,0,0,0,0,3,1,6,1,37,7,-1,-1,-1,10,1,10
2018010091977,1,11,0,4,0,1,0,0,0,0,1,1,6,1,34,6,5132,2,1,3,1,3
2018010091977,2,9,0,4,0,1,0,0,0,0,2,1,1,1,44,7,1998,1,15,3,1,3
2018010091978,1,9,0,18,0,0,0,0,0,0,1,1,6,1,21,5,1598,2,5,2,1,2
2018010091981,1,9,0,5,0,8,0,0,0,0,4,1,2,1,22,5,2143,2,1,2,1,2
2018010091981,2,9,0,18,0,8,0,0,0,0,1,1,6,1,23,5,1339,8,6,3,1,3
2018010091985,1,5,0,14,0,0,0,0,0,0,1,1,2,1,31,6,599,1,15,5,1,5
2018010091986,1,8,0,9,0,1,0,0,0,0,1,1,1,1,33,6,2499,2,10,8,1,8
2018010091986,2,1,0,18,0,1,0,0,0,0,1,1,6,2,29,6,-1,-1,-1,4,1,4
2018010091987,1,19,0,-1,-1,0,-1,-1,-1,-1,2,-1,6,1,25,5,2198,2,4,1,1,1
2018010091987,2,9,0,-1,-1,0,-1,-1,-1,-1,1,-1,6,1,-1,-1,1995,1,12,2,1,2
2018010091988,1,11,0,4,0,1,0,0,0,0,0,1,1,1,31,6,6700,2,8,2,1,2
2018010091994,1,8,0,5,0,0,0,0,0,0,4,1,2,1,52,8,1797,8,5,5,1,5
2018010091997,1,8,0,18,0,8,0,0,0,0,3,1,1,1,66,10,2143,2,7,4,1,4
2018010091997,2,9,0,18,0,7,0,0,0,0,1,1,6,2,88,11,1796,1,12,5,1,5
2018010092004,1,9,0,-1,-1,-1,-1,-1,-1,-1,2,-1,6,2,-1,-1,1997,2,7,2,1,2
2018010092004,2,9,0,-1,-1,-1,-1,-1,-1,-1,1,-1,6,3,-1,-1,-1,-1,-1,-1,-1,-1
2018010092007,1,8,0,9,0,6,0,0,0,0,1,1,6,1,38,7,1798,8,3,1,1,1
2018010092007,2,3,0,13,0,1,2,0,0,0,1,1,6,1,22,5,125,1,7,5,1,5
2018010092008,1,1,-1,-1,-1,0,-1,-1,-1,-1,1,1,6,2,-1,-1,-1,-1,-1,-1,-1,-1
2018010092009,1,9,0,18,0,0,0,0,0,0,1,1,1,2,19,4,2143,2,-1,10,1,10
2018010092009,2,9,0,2,0,0,0,0,0,0,1,1,6,3,-1,-1,1796,1,18,-1,-1,-1
2018010092009,3,9,0,2,0,0,0,0,0,0,1,1,6,3,-1,-1,1587,1,16,-1,-1,-1
2018010092013,1,9,0,5,0,4,0,0,0,0,1,1,6,1,33,6,1998,1,11,2,1,2
2018010092013,2,9,0,18,0,3,0,0,0,0,1,1,6,1,61,9,1596,1,23,4,1,4
2018010092014,1,8,0,18,0,4,0,0,0,0,4,1,6,3,-1,-1,-1,-1,-1,-1,-1,-1
2018010092018,1,11,0,5,0,1,0,0,0,0,0,1,1,1,55,8,4461,2,5,4,1,4
2018010092021,1,3,0,3,0,1,0,0,0,0,2,1,1,1,46,8,125,1,1,3,1,3
2018010092021,2,9,0,18,0,1,0,0,0,0,1,1,6,3,-1,-1,-1,-1,-1,-1,-1,-1
2018010092023,1,19,0,18,0,0,0,0,0,0,1,1,6,3,-1,-1,2287,2,7,-1,-1,-1
2018010092023,2,9,0,18,0,0,0,0,0,0,1,1,1,2,27,6,-1,-1,-1,-1,-1,-1
2018010092023,3,9,0,18,0,0,0,0,0,0,4,1,1,2,32,6,1598,2,3,-1,-1,-1
2018010092023,4,9,0,2,0,0,0,0,0,0,3,1,6,3,-1,-1,1595,1,14,-1,-1,-1
2018010092023,5,9,0,2,0,0,0,0,0,0,3,1,6,3,-1,-1,1598,2,1,-1,-1,-1
2018010092024,1,3,0,18,0,1,1,0,0,0,3,1,1,1,21,5,125,1,1,4,1,4
2018010092024,2,9,0,9,0,6,0,0,0,0,1,1,6,1,46,8,1910,2,10,2,1,2
2018010092025,1,3,0,7,0,8,1,0,0,0,4,1,6,1,47,8,125,1,13,8,1,8
2018010092028,1,9,0,-1,-1,-1,0,-1,-1,-1,1,-1,1,1,45,7,1242,1,3,2,1,2
2018010092028,2,19,-1,1,-1,-1,-1,-1,-1,-1,-1,-1,6,1,-1,-1,2299,2,2,4,1,4
2018010092032,1,9,0,18,-1,-1,0,-1,-1,-1,-1,-1,6,1,20,4,1598,2,2,2,1,2
2018010092032,2,9,-1,-1,-1,-1,-1,-1,-1,-1,1,-1,6,3,-1,-1,-1,-1,-1,-1,-1,-1
2018010092034,1,9,-1,18,0,-1,-1,0,0,0,-1,-1,6,3,-1,-1,-1,-1,-1,-1,-1,-1
2018010092037,1,1,0,18,-1,-1,-1,-1,-1,-1,-1,1,6,2,32,6,-1,-1,-1,3,1,3
2018010092037,2,19,-1,-1,-1,-1,-1,-1,-1,-1,-1,-1,6,1,56,9,-1,-1,-1,7,1,7
2018010092045,1,9,0,11,0,1,0,0,0,0,3,1,2,2,22,5,1242,1,10,4,1,4
2018010092045,2,19,0,11,0,1,0,0,0,0,4,1,1,1,30,6,1995,2,1,7,1,7
2018010092047,1,9,0,18,0,1,0,0,0,0,1,1,2,1,44,7,1598,1,17,3,1,3
2018010092052,1,9,-1,18,0,-1,0,0,0,0,3,-1,6,3,-1,-1,1596,1,12,-1,-1,-1
2018010092074,1,9,0,-1,-1,-1,-1,-1,-1,-1,3,-1,6,1,38,7,1364,1,11,2,1,2
2018010092074,2,9,0,-1,-1,-1,-1,-1,-1,-1,1,-1,6,3,-1,-1,-1,-1,-1,3,1,3
2018010092077,1,9,0,-1,0,-1,0,-1,-1,-1,-1,-1,6,1,35,6,1968,2,6,-1,-1,-1
2018010092077,2,9,-1,-1,-1,-1,-1,-1,-1,-1,-1,-1,6,1,-1,-1,1998,1,16,-1,-1,-1
2018010092081,1,9,0,4,0,0,0,0,0,0,2,1,6,1,48,8,-1,-1,-1,9,1,9
2018010092081,2,9,0,18,0,0,1,0,0,0,1,1,6,1,33,6,1685,2,5,9,1,9
2018010092085,1,9,-1,17,0,3,-1,-1,0,0,2,-1,6,1,44,7,1797,8,9,3,1,3
2018010092085,2,9,-1,6,-1,-1,-1,-1,-1,-1,-1,-1,6,3,-1,-1,1199,2,6,-1,-1,-1
2018010092091,1,9,-1,-1,-1,-1,-1,-1,-1,-1,-1,-1,6,1,41,7,1968,2,4,-1,-1,-1
2018010092091,2,9,0,-1,0,-1,0,0,0,0,-1,-1,6,1,-1,-1,998,1,17,-1,-1,-1
2018010092091,3,9,0,-1,0,-1,0,0,0,0,-1,-1,6,1,-1,-1,2143,2,7,6,1,6
2018010092092,1,9,0,3,-1,0,0,-1,-1,-1,-1,1,6,2,22,5,999,1,8,-1,-1,-1
2018010092092,2,9,0,4,-1,0,0,-1,-1,-1,-1,1,6,1,-1,-1,2148,2,14,9,1,9
2018010092093,1,9,0,18,0,8,0,0,0,0,1,1,6,3,-1,-1,-1,-1,-1,-1,-1,-1
2018010092095,1,20,5,4,0,0,0,0,0,0,2,1,2,1,56,9,12740,2,5,9,1,9
2018010092095,2,3,0,4,0,0,1,0,0,0,1,1,6,1,38,7,125,1,2,3,1,3
2018010092097,1,8,0,3,0,1,0,0,0,0,1,2,1,1,44,7,1797,8,5,3,1,3
2018010092102,1,20,0,18,0,1,0,0,0,0,1,1,1,1,41,7,12740,2,1,5,2,5
2018010092102,2,19,0,10,0,1,5,0,0,0,2,1,1,1,27,6,2198,2,6,4,1,4
2018010092102,3,9,0,10,0,1,0,0,0,0,2,1,1,1,51,8,1995,1,15,-1,-1,-1
2018010092102,4,19,0,10,0,1,0,0,0,0,2,1,1,1,29,6,2198,2,2,8,1,8
2018010092102,5,19,0,10,0,1,0,0,0,0,2,1,1,1,49,8,2198,2,2,4,2,4
2018010092102,6,9,0,10,0,1,0,0,0,0,4,1,6,2,68,10,1390,1,19,3,1,3
2018010092102,7,9,0,10,0,1,0,0,0,0,2,1,6,1,41,7,1598,1,10,2,1,2
2018010092102,8,9,0,10,0,1,0,0,0,0,2,1,2,1,29,6,1995,2,6,5,1,5
2018010092102,9,9,0,10,0,1,0,0,0,0,3,1,2,1,29,6,1242,1,9,2,1,2
2018010092103,1,9,0,-1,-1,0,-1,-1,-1,-1,2,-1,6,1,56,9,1998,2,6,5,1,5
2018010092103,2,9,0,-1,-1,0,-1,-1,-1,-1,-1,-1,6,1,-1,-1,-1,-1,-1,-1,-1,-1
2018010092104,1,9,0,18,0,1,0,0,0,0,4,1,6,3,-1,-1,-1,-1,-1,-1,-1,-1
2018010092104,2,1,0,18,0,2,0,0,0,0,3,1,6,1,50,8,-1,-1,-1,3,1,3
2018010092105,1,9,0,18,0,1,0,0,0,0,1,1,6,2,83,11,2268,2,4,5,1,5
2018010092105,2,9,0,18,0,1,0,0,0,0,1,1,6,1,28,6,1956,2,6,6,2,6
2018010092106,1,9,0,18,0,0,0,0,0,0,4,1,2,2,42,7,1242,1,4,2,1,2
2018010092107,1,9,0,18,0,2,0,0,0,0,1,1,6,3,-1,-1,-1,-1,-1,-1,-1,-1
2018010092117,1,3,0,18,0,8,1,0,0,0,0,1,2,2,49,8,125,1,13,3,1,3
2018010092120,1,19,0,18,0,0,0,0,0,0,1,1,6,1,-1,-1,-1,-1,-1,9,1,9
2018010092121,1,3,0,18,0,0,0,0,0,0,1,1,1,1,29,6,125,1,3,2,1,2
2018010092123,1,3,0,18,0,0,1,0,0,0,4,1,1,2,30,6,-1,-1,-1,9,1,9
2018010092123,2,9,0,4,0,0,0,0,0,0,1,1,1,1,24,5,1328,1,13,8,1,8
2018010092124,1,9,0,3,0,0,0,0,0,0,2,-1,6,1,42,7,1753,2,11,1,1,1
2018010092124,2,9,0,18,0,0,0,0,0,0,1,-1,6,2,24,5,1598,2,7,5,1,5
2018010092125,1,9,0,7,0,6,0,0,1,0,4,1,1,1,45,7,6592,1,1,4,1,4
2018010092125,2,1,0,10,0,2,0,0,1,0,1,1,2,1,36,7,-1,-1,-1,3,1,3
2018010092127,1,9,0,3,0,1,0,0,0,0,1,1,1,1,39,7,-1,-1,-1,5,1,5
2018010092127,2,9,0,9,0,2,0,0,0,0,1,1,2,1,24,5,-1,-1,-1,9,1,9
2018010092130,1,9,0,3,0,1,0,0,0,0,2,1,6,2,53,8,1598,1,16,4,1,4
2018010092130,2,1,0,14,0,1,0,4,0,0,1,1,2,1,34,6,-1,-1,-1,7,1,7
2018010092131,1,9,0,5,0,1,0,0,3,0,4,1,1,2,47,8,1998,2,8,7,1,7
2018010092131,2,19,0,18,0,8,0,0,0,0,4,1,1,1,27,6,2148,2,9,9,1,9
2018010092131,3,9,0,5,0,1,0,0,0,0,3,1,6,1,58,9,2497,1,11,4,1,4
2018010092132,1,3,0,18,0,2,1,0,0,0,0,1,1,1,47,8,125,1,6,2,1,2
2018010092132,2,3,0,18,0,2,1,0,0,0,0,1,6,1,44,7,125,1,2,3,1,3
2018010092132,3,3,0,18,0,1,1,0,0,0,0,1,6,1,52,8,-1,-1,-1,5,1,5
2018010092132,4,3,0,18,0,2,0,0,0,0,0,1,6,2,24,5,102,1,3,2,1,2
2018010092136,1,3,-1,18,-1,-1,-1,-1,-1,-1,-1,1,6,1,29,6,108,1,5,2,1,2
2018010092136,2,9,-1,18,-1,-1,-1,-1,-1,-1,-1,-1,6,3,-1,-1,1560,2,4,-1,-1,-1
2018010092138,1,9,0,18,0,0,0,0,0,0,1,1,2,1,45,7,898,1,1,6,1,6
2018010092139,1,19,0,18,0,1,0,0,0,0,3,1,2,1,58,9,2198,2,3,3,1,3
2018010092139,2,9,0,18,0,1,0,0,0,0,3,1,2,1,48,8,2231,2,12,7,1,7
2018010092140,1,9,0,9,0,8,0,0,0,0,4,1,2,1,36,7,1598,1,13,3,1,3
2018010092140,2,1,0,18,0,8,0,0,0,0,1,1,1,1,27,6,-1,-1,-1,2,1,2
2018010092142,1,9,0,18,0,0,0,0,0,0,1,1,6,1,33,6,998,1,5,5,1,5
2018010092145,1,9,0,9,0,-1,1,0,2,-1,3,-1,6,2,62,9,1242,1,17,-1,-1,-1
2018010092150,1,19,0,18,0,1,0,0,0,0,4,1,1,1,41,7,2148,2,13,4,1,4
2018010092150,2,19,0,18,0,1,0,0,0,0,1,1,1,1,26,6,2143,2,3,1,1,1
2018010092160,1,11,0,5,2,7,0,0,0,0,3,1,1,1,62,9,6700,2,8,3,1,3
2018010092160,2,19,0,13,0,8,0,0,0,0,4,1,1,1,20,4,1560,2,1,3,1,3
2018010092165,1,9,0,9,4,0,1,0,0,0,4,2,6,1,33,6,1198,1,13,1,1,1
2018010092165,2,1,0,18,4,0,0,0,0,0,1,1,6,1,35,6,-1,-1,-1,3,1,3
2018010092167,1,9,0,7,0,8,0,0,0,0,1,1,6,1,22,5,1995,2,14,2,1,2