Accident_Index,Vehicle_Reference,Vehicle_Type,Towing_and_Articulation,Vehicle_Manoeuvre,Vehicle_Location-Restricted_Lane,Junction_Location,Skidding_and_Overturning,Hit_Object_in_Carriageway,Vehicle_Leaving_Carriageway,Hit_Object_off_Carriageway,1st_Point_of_Impact,Was_Vehicle_Left_Hand_Drive?,Journey_Purpose_of_Driver,Sex_of_Driver,Age_of_Driver,Age_Band_of_Driver,Engine_Capacity_(CC),Propulsion_Code,Age_of_Vehicle,Driver_IMD_Decile,Driver_Home_Area_Type,Vehicle_IMD_Decile
2018010092558,2,9,0,18,0,8,0,0,0,0,3,1,6,1,74,10,1999,2,2,6,1,6
2018010092559,1,19,0,5,0,0,0,0,0,0,2,1,1,1,61,9,1560,2,3,8,1,8
2018010092559,2,9,0,18,0,0,0,0,0,0,1,1,6,3,-1,-1,1390,1,7,-1,-1,-1
2018010092560,1,9,0,18,0,2,0,4,0,0,1,1,6,2,29,6,1149,1,12,2,1,2
2018010092560,2,9,0,18,0,1,0,4,0,0,2,1,6,1,81,11,1197,1,1,4,1,4
2018010092560,3,9,0,18,0,1,0,4,0,0,2,1,6,2,42,7,1995,2,6,3,1,3
2018010092560,4,9,0,18,0,1,0,0,0,0,2,1,6,2,21,5,1992,2,11,6,1,6
2018010092561,1,9,0,18,0,1,5,0,0,0,1,1,6,1,23,5,2143,2,5,2,1,2
2018010092561,2,9,0,18,0,1,0,0,0,0,2,1,1,1,44,7,1798,8,4,3,1,3
2018010092562,1,9,0,18,0,1,0,0,0,0,1,1,6,2,43,7,1560,2,4,9,1,9
2018010092562,2,9,0,9,0,1,0,0,0,0,1,1,6,2,43,7,1392,1,21,7,1,7
2018010092564,1,3,0,-1,-1,-1,-1,-1,-1,-1,-1,1,6,1,39,7,125,1,7,2,1,2
2018010092564,2,9,0,-1,-1,-1,-1,-1,-1,-1,3,-1,6,1,-1,-1,1598,2,2,-1,-1,-1
2018010092565,1,9,0,1,9,0,0,0,0,0,1,1,6,1,38,7,1796,1,16,2,1,2
2018010092568,1,9,-1,18,0,0,-1,0,0,0,-1,-1,6,3,-1,-1,1498,1,8,-1,-1,-1
2018010092571,1,9,0,18,0,4,0,0,0,0,1,1,1,1,48,8,1798,8,3,2,1,2
2018010092571,2,3,0,9,0,4,0,0,0,0,1,1,1,1,22,5,125,1,6,6,1,6
2018010092578,1,9,0,18,0,0,0,0,0,0,1,1,6,1,62,9,1587,1,16,2,1,2
2018010092580,1,9,0,4,0,1,1,0,0,0,1,1,6,1,26,6,1984,1,3,2,1,2
2018010092580,2,9,0,5,0,1,5,0,1,2,2,1,6,1,48,8,1896,2,12,2,1,2
2018010092584,1,9,0,7,0,8,0,0,0,0,4,1,6,2,27,6,1198,1,10,7,1,7
2018010092584,2,1,0,18,0,8,0,10,0,0,3,1,1,2,46,8,-1,-1,-1,9,1,9
2018010092585,1,9,0,8,0,6,0,0,0,0,1,1,3,2,43,7,1896,2,13,3,1,3
2018010092601,1,9,0,3,0,1,0,0,0,0,4,1,6,2,35,6,1796,1,13,4,1,4
2018010092601,2,9,0,18,0,1,0,0,0,0,1,1,6,1,33,6,1390,1,15,2,1,2
2018010092611,1,9,-1,-1,0,6,-1,-1,-1,-1,4,-1,6,1,38,7,1598,1,8,2,1,2
2018010092611,2,9,-1,5,0,-1,0,-1,0,0,-1,-1,6,2,51,8,1299,1,19,3,1,3
2018010092614,1,1,-1,-1,-1,-1,-1,-1,-1,-1,-1,1,2,1,32,6,-1,-1,-1,4,1,4
2018010092614,2,9,0,-1,-1,-1,-1,-1,-1,-1,1,-1,6,2,-1,-1,-1,-1,-1,-1,-1,-1
2018010092615,1,9,0,5,0,8,0,0,0,0,0,1,2,1,60,9,2347,1,-1,5,1,5
2018010092615,2,3,0,18,0,1,1,0,0,0,0,1,1,1,26,6,-1,-1,-1,6,1,6
2018010092618,1,9,-1,18,0,3,0,0,0,0,1,-1,6,3,-1,-1,-1,-1,-1,-1,-1,-1
2018010092618,2,5,0,18,0,3,0,0,0,0,2,1,6,1,-1,-1,499,1,13,7,1,7
2018010092621,1,1,-1,-1,-1,-1,-1,-1,-1,-1,-1,1,2,1,34,6,-1,-1,-1,5,1,5
2018010092621,2,9,0,-1,-1,-1,-1,-1,-1,-1,1,-1,6,1,25,5,1685,2,6,4,1,4
2018010092623,1,19,0,18,0,8,0,0,1,10,4,1,1,1,27,6,2198,2,10,4,1,4
2018010092623,2,9,0,7,0,1,0,0,0,0,1,1,6,1,31,6,2179,2,6,5,1,5
2018010092625,1,8,0,6,0,0,0,0,0,0,0,1,1,1,49,8,1968,2,6,3,1,3
2018010092625,2,1,0,18,0,0,0,0,0,0,3,1,1,1,34,6,-1,-1,-1,8,1,8
2018010092626,1,9,0,3,0,0,0,0,0,0,1,1,1,1,35,6,-1,-1,-1,-1,-1,-1
2018010092626,2,9,0,18,0,0,0,0,0,0,2,1,6,2,38,7,1388,1,16,2,1,2
2018010092628,1,19,0,10,0,1,0,0,0,0,1,1,1,1,50,8,2198,2,2,4,1,4
2018010092644,1,11,0,18,2,1,0,0,0,0,1,1,1,1,34,6,5132,2,-1,5,1,5
2018010092644,2,9,0,13,0,1,0,0,0,0,2,1,6,1,22,5,-1,-1,-1,4,1,4
2018010092648,1,8,0,18,0,0,0,0,0,0,1,1,6,1,42,7,1798,8,6,5,1,5
2018010092648,2,11,0,4,2,0,0,0,0,0,2,1,1,1,35,6,9360,2,8,5,1,5
2018010092649,1,11,0,18,0,1,1,0,0,0,1,1,1,1,63,9,5132,2,1,5,1,5
2018010092649,2,9,0,4,0,1,0,0,0,0,2,1,3,2,40,7,1198,1,6,-1,-1,-1
2018010092649,3,9,0,4,0,1,0,0,0,0,2,1,6,1,54,8,-1,-1,-1,2,1,2
2018010092649,4,9,0,4,0,1,0,0,0,0,2,1,2,1,40,7,2000,1,12,1,1,1
2018010092649,5,9,0,5,0,1,0,0,0,0,4,1,1,1,55,8,4735,1,3,3,1,3
2018010092652,1,9,0,-1,-1,0,-1,-1,-1,-1,2,-1,6,2,30,6,1198,1,9,5,1,5
2018010092668,1,9,0,-1,-1,-1,-1,-1,-1,-1,3,-1,6,2,40,7,1395,1,5,6,1,6
2018010092668,2,9,0,-1,-1,-1,-1,-1,-1,-1,-1,-1,6,3,-1,-1,1390,1,8,-1,-1,-1
2018010092671,1,9,-1,-1,-1,-1,-1,-1,-1,-1,-1,-1,6,2,51,8,1197,1,6,2,1,2
2018010092671,2,2,-1,-1,-1,-1,-1,-1,-1,-1,-1,1,6,1,-1,-1,125,1,4,3,1,3
2018010092673,1,9,0,18,0,1,0,0,0,0,2,1,6,2,51,8,1997,2,6,4,1,4
2018010092673,2,9,0,18,0,1,0,0,0,0,1,1,6,1,53,8,-1,-1,-1,6,1,6
2018010092675,1,9,0,-1,-1,-1,-1,-1,-1,-1,1,-1,6,1,28,6,1198,1,1,10,1,10
2018010092675,2,9,0,-1,-1,-1,-1,-1,-1,-1,1,-1,6,3,-1,-1,-1,-1,-1,-1,-1,-1
2018010092686,1,5,0,14,0,2,0,0,0,0,1,1,6,1,52,8,1170,1,1,9,1,9
2018010092694,1,9,0,-1,-1,0,-1,-1,-1,-1,1,-1,6,2,28,6,2143,2,4,5,1,5
2018010092694,2,9,-1,-1,-1,0,-1,-1,-1,-1,-1,-1,6,3,-1,-1,-1,-1,-1,-1,-1,-1
2018010092696,1,9,0,-1,-1,-1,-1,-1,-1,-1,1,-1,6,3,-1,-1,1798,8,6,-1,-1,-1
2018010092703,1,9,0,18,0,0,0,4,0,0,1,1,6,2,42,7,1995,1,11,-1,-1,-1
2018010092704,1,19,0,4,0,1,0,0,1,0,1,1,6,1,26,6,1998,2,13,2,1,2
2018010092704,2,19,0,4,0,1,0,0,0,0,2,1,1,1,54,8,2402,2,10,8,1,8
2018010092705,1,11,0,5,0,2,0,0,0,0,0,1,6,1,63,9,4500,2,9,8,1,8
2018010092706,1,9,0,-1,-1,-1,-1,-1,-1,-1,4,-1,6,1,47,8,1968,2,1,8,1,8
2018010092708,1,9,0,18,0,2,0,0,0,0,4,1,6,2,33,6,1296,1,12,2,1,2
2018010092714,1,10,0,3,0,1,0,0,0,0,0,1,1,1,35,6,-1,-1,-1,3,1,3
2018010092716,1,9,0,18,0,0,0,0,0,0,4,1,6,1,20,4,1364,1,3,1,1,1
2018010092718,1,19,0,18,0,1,0,0,0,0,1,1,6,3,-1,-1,-1,-1,-1,-1,-1,-1
2018010092722,1,9,0,18,0,1,0,0,0,0,1,1,6,1,45,7,-1,-1,-1,2,1,2
2018010092725,1,9,0,18,0,0,0,0,0,0,3,1,6,1,71,10,3222,2,13,2,1,2
2018010092725,2,3,0,18,0,0,5,0,0,0,4,1,6,1,35,6,125,1,1,6,1,6
2018010092726,1,1,-1,-1,-1,-1,-1,-1,-1,-1,-1,1,6,1,60,9,-1,-1,-1,3,1,3
2018010092726,2,8,0,-1,-1,-1,-1,-1,-1,-1,-1,-1,6,1,-1,-1,1968,2,7,-1,-1,-1
2018010092734,1,11,0,11,2,0,0,0,0,0,4,1,6,1,38,7,-1,-1,-1,-1,-1,-1
2018010092734,2,1,0,18,2,0,0,0,0,0,3,1,1,2,35,6,-1,-1,-1,5,1,5
2018010092736,1,11,0,5,2,1,0,0,0,0,0,1,1,1,52,8,4500,2,2,6,1,6
2018010092737,1,9,0,-1,-1,0,-1,-1,-1,-1,2,-1,6,1,57,9,1364,2,1,3,1,3
2018010092737,2,9,0,-1,-1,0,-1,-1,-1,-1,1,-1,6,1,-1,-1,1596,1,12,-1,-1,-1
2018010092740,1,9,0,18,0,1,0,0,0,0,0,1,6,1,27,6,898,1,1,2,1,2
2018010092740,2,9,0,18,0,1,0,0,0,0,1,1,6,3,-1,-1,1994,1,21,-1,-1,-1
2018010092741,1,9,0,18,0,3,0,0,0,0,1,1,6,1,76,11,-1,-1,-1,6,1,6
2018010092742,1,9,0,18,0,1,1,0,1,10,4,1,6,1,27,6,-1,-1,-1,4,1,4
2018010092742,2,9,0,9,0,1,0,0,1,0,1,1,6,1,32,6,-1,-1,-1,6,2,6
2018010092743,1,9,0,18,0,0,0,0,0,0,1,1,3,2,27,6,1995,2,-1,2,1,2
2018010092743,2,9,0,5,0,0,0,0,0,0,3,1,3,2,42,7,1560,2,8,6,1,6
2018010092744,1,9,0,18,0,0,0,0,0,0,1,1,6,1,30,6,1998,1,15,2,1,2
2018010092750,1,3,0,5,0,0,1,10,7,0,0,1,2,1,29,6,108,1,1,1,1,1
2018010092752,1,9,0,7,0,1,0,0,0,0,4,1,6,3,-1,-1,-1,-1,-1,-1,-1,-1
2018010092752,2,1,0,18,4,1,0,0,0,0,1,1,6,1,23,5,-1,-1,-1,1,1,1
2018010092757,1,8,0,18,0,8,1,0,0,0,4,1,1,1,57,9,1797,8,9,3,1,3
2018010092757,2,8,0,18,0,2,1,0,0,0,1,1,1,1,55,8,1798,8,4,5,1,5
2018010092758,1,9,0,18,0,8,2,0,7,10,1,1,6,1,18,4,999,1,3,-1,-1,-1
2018010092758,2,9,0,18,0,8,0,0,0,0,1,1,6,1,34,6,1596,1,9,2,1,2
2018010092759,1,3,0,18,0,1,0,0,0,0,2,1,6,1,36,7,124,1,8,4,1,4
2018010092759,2,9,0,18,0,1,0,0,0,0,1,1,6,3,-1,-1,-1,-1,-1,-1,-1,-1
2018010092759,3,9,0,2,0,1,0,0,0,0,2,1,6,3,-1,-1,1395,1,2,-1,-1,-1
2018010092760,1,8,0,18,0,8,0,0,7,1,1,1,1,1,57,9,1798,8,5,5,1,5
2018010092760,2,9,0,18,0,1,0,0,1,1,1,1,6,2,36,7,1968,2,1,-1,-1,-1
2018010092761,1,9,0,18,0,2,0,0,0,0,3,1,6,1,37,7,1198,1,12,2,1,2
2018010092761,2,9,0,9,0,8,0,0,0,0,1,1,6,2,52,8,1995,2,12,4,1,4
2018010092764,1,11,0,16,2,0,0,0,1,2,1,1,1,1,33,6,3900,2,12,2,1,2
2018010092767,1,9,0,18,0,1,0,0,0,0,1,1,6,2,19,4,1984,1,6,5,1,5
2018010092767,2,9,0,7,0,1,0,0,0,0,2,1,1,1,40,7,1248,2,5,6,1,6
2018010092775,1,9,-1,9,0,8,-1,0,0,0,1,-1,6,3,-1,-1,-1,-1,-1,-1,-1,-1
2018010092775,2,1,-1,18,0,8,-1,0,0,0,1,1,6,1,31,6,-1,-1,-1,1,1,1
2018010092777,1,9,0,10,0,0,0,0,0,0,2,1,6,2,29,6,1498,1,4,2,1,2
2018010092777,2,9,0,18,0,0,0,0,0,0,1,1,6,2,-1,-1,1461,2,2,-1,-1,-1
2018010092778,1,90,-1,7,0,5,0,0,0,0,4,-1,6,1,-1,-1,-1,-1,-1,-1,-1,-1
2018010092778,2,1,-1,7,0,5,0,0,0,0,3,1,6,1,52,8,-1,-1,-1,7,1,7
2018010092781,1,19,0,5,0,2,0,0,0,0,1,1,1,1,58,9,1598,2,3,10,1,10
2018010092784,1,9,0,-1,-1,-1,-1,-1,-1,-1,1,-1,6,1,47,8,1742,1,2,10,1,10
2018010092784,2,9,-1,18,0,-1,-1,-1,-1,-1,-1,-1,6,3,-1,-1,2494,1,17,-1,-1,-1
2018010092786,1,9,-1,-1,-1,-1,-1,-1,-1,0,-1,-1,6,3,-1,-1,-1,-1,-1,-1,-1,-1
2018010092788,1,1,-1,-1,-1,-1,-1,-1,-1,-1,2,1,2,1,30,6,-1,-1,-1,6,1,6
2018010092791,1,9,0,10,0,6,0,0,0,0,3,1,6,1,41,7,2231,2,11,3,1,3
2018010092791,2,9,0,18,0,1,0,0,0,0,1,1,6,2,33,6,1968,2,6,6,1,6
2018010092797,1,9,0,5,0,4,0,0,0,0,2,1,2,1,41,7,2967,2,6,10,1,10
2018010092797,2,9,0,5,0,4,0,0,0,0,2,1,2,1,48,8,-1,-1,-1,9,1,9
2018010092798,1,1,-1,18,-1,0,-1,-1,-1,-1,-1,1,2,1,56,9,-1,-1,-1,9,1,9
2018010092798,2,9,0,2,0,0,0,-1,0,0,3,-1,6,3,-1,-1,1560,2,5,-1,-1,-1
2018010092801,1,9,0,1,9,0,0,0,0,0,2,1,3,2,32,6,1598,2,5,2,1,2
2018010092804,1,9,0,2,0,0,0,0,0,0,2,1,6,3,-1,-1,1275,1,24,-1,-1,-1
2018010092804,2,3,0,18,0,0,0,0,0,0,1,1,2,1,37,7,125,1,4,7,1,7
2018010092807,1,9,0,4,0,1,0,0,0,0,2,-1,6,1,54,8,1991,2,13,6,1,6
2018010092807,2,9,0,18,0,1,0,0,0,0,1,1,6,3,-1,-1,1596,1,11,-1,-1,-1
2018010092808,1,8,0,7,0,1,0,0,0,0,2,1,6,3,-1,-1,-1,-1,-1,-1,-1,-1
2018010092808,2,1,0,9,0,1,1,0,0,0,1,1,2,1,35,6,-1,-1,-1,2,1,2
2018010092812,1,11,0,5,0,0,0,0,0,0,0,1,1,1,51,8,6700,2,9,4,1,4
2018010092814,1,9,0,18,0,0,0,0,0,0,4,1,6,3,-1,-1,2179,2,6,3,1,3
2018010092815,1,9,0,9,0,1,0,0,0,0,1,1,2,1,36,7,1950,2,1,2,1,2
2018010092815,2,3,0,13,0,1,0,0,0,0,1,1,2,1,29,6,125,1,1,6,1,6
2018010092816,1,9,0,4,0,0,0,0,0,0,2,1,6,1,30,6,2922,1,14,6,1,6
2018010092816,2,9,0,18,0,0,1,0,0,0,1,1,3,1,37,7,1995,1,10,4,1,4
2018010092820,1,9,0,18,0,0,0,0,0,0,4,1,6,2,53,8,1798,1,13,7,1,7
2018010092820,2,9,0,5,9,0,0,0,0,0,1,1,3,2,42,7,1498,1,2,7,1,7
2018010092825,1,8,0,18,0,1,0,0,0,0,4,1,1,1,34,6,1797,8,7,5,1,5
2018010092828,1,9,-1,4,-1,8,-1,-1,0,0,2,-1,6,1,61,9,1796,1,10,8,1,8
2018010092828,2,9,-1,4,0,8,-1,-1,0,0,1,-1,6,1,-1,-1,1560,2,12,6,1,6
2018010092828,3,9,-1,4,0,8,-1,0,0,0,2,-1,6,1,-1,-1,1968,2,12,5,1,5
2018010092834,1,9,0,18,0,1,0,0,0,0,3,1,6,1,58,9,2987,2,2,1,1,1
2018010092834,2,9,0,9,0,8,0,0,0,0,1,1,2,2,32,6,1685,2,2,3,1,3
2018010092836,1,1,0,18,0,0,0,0,0,0,1,1,6,1,38,7,-1,-1,-1,6,1,6
2018010092837,1,3,0,9,0,2,0,0,0,0,2,1,6,1,18,4,124,1,8,7,1,7
2018010092837,2,4,0,9,0,2,0,0,0,0,2,1,2,1,43,7,897,1,14,6,1,6
2018010092839,1,9,0,7,0,5,0,4,0,0,1,1,6,1,27,6,1598,1,12,3,1,3
2018010092839,2,9,0,3,0,2,0,0,0,0,0,1,1,1,43,7,1339,8,8,2,1,2
2018010092849,1,9,0,18,0,0,0,0,1,0,1,1,6,2,39,7,1329,1,5,4,1,4
2018010092850,1,9,0,18,0,0,0,0,0,0,2,1,3,1,48,8,1798,1,10,3,1,3
2018010092850,2,9,0,18,0,0,0,0,0,0,2,1,2,1,49,8,-1,-1,-1,7,1,7
2018010092850,3,9,0,18,0,0,0,0,0,0,1,1,2,2,41,7,1591,1,10,1,1,1
2018010092860,1,3,0,9,0,2,0,0,0,0,3,1,1,1,26,6,108,1,2,6,1,6
2018010092860,2,9,0,2,0,2,0,0,0,0,4,1,6,3,-1,-1,-1,-1,-1,-1,-1,-1
2018010092860,3,9,0,18,0,1,0,0,0,0,0,1,6,1,22,5,1499,1,3,2,1,2
2018010092862,1,11,0,5,0,8,0,0,0,0,1,1,1,1,57,9,4500,2,4,7,2,7
2018010092866,1,9,0,18,0,0,0,0,0,0,1,1,6,2,38,7,1598,2,5,6,1,6
2018010092866,2,9,0,18,0,0,0,0,0,0,1,1,6,3,-1,-1,1598,1,8,-1,-1,-1
2018010092867,1,11,0,5,0,6,0,0,7,10,1,1,1,1,59,9,4500,2,10,7,1,7
2018010092871,1,9,0,18,0,0,0,0,0,0,2,-1,6,1,47,8,1497,8,11,6,1,6
2018010092871,2,9,-1,-1,0,0,-1,0,0,0,-1,-1,6,1,-1,-1,2993,2,3,-1,-1,-1
2018010092878,1,3,0,18,0,0,-1,-1,0,0,-1,1,2,1,24,5,108,1,6,3,1,3
2018010092878,2,9,0,-1,-1,0,-1,-1,-1,-1,1,-1,6,1,36,7,1798,8,2,1,1,1
2018010092881,1,9,0,5,0,1,0,0,0,0,1,1,6,1,34,6,1461,2,4,-1,-1,-1
2018010092887,1,3,0,-1,-1,0,-1,-1,-1,-1,1,1,2,1,50,8,-1,-1,-1,3,1,3
2018010092887,2,9,0,-1,-1,0,-1,-1,-1,-1,-1,-1,6,3,-1,-1,2993,2,3,-1,-1,-1
2018010092889,1,3,0,9,0,1,1,0,0,0,1,1,2,1,28,6,124,1,6,4,1,4
2018010092889,2,9,0,4,0,2,0,0,0,0,1,1,2,1,45,7,2687,1,10,6,1,6
2018010092892,1,9,0,18,0,3,-1,-1,0,0,4,-1,6,3,-1,-1,-1,-1,-1,-1,-1,-1
2018010092894,1,9,-1,-1,-1,-1,-1,-1,-1,-1,-1,-1,6,1,59,9,998,1,2,2,1,2
2018010092894,2,9,-1,-1,-1,-1,-1,-1,-1,-1,-1,-1,6,3,-1,-1,2499,2,19,-1,-1,-1
2018010092895,1,9,0,-1,-1,-1,-1,-1,-1,-1,1,-1,6,2,35,6,998,1,7,-1,-1,-1
2018010092895,2,9,0,-1,-1,-1,-1,-1,-1,-1,1,-1,6,2,29,6,1596,1,9,2,1,2
2018010092903,1,8,0,-1,-1,-1,-1,-1,-1,-1,-1,-1,6,1,47,8,2499,2,8,8,3,8
2018010092903,2,9,0,-1,-1,-1,-1,-1,-1,-1,-1,-1,6,1,32,6,999,1,2,7,1,7
2018010092911,1,3,0,4,0,4,1,0,0,0,0,1,1,1,33,6,-1,-1,-1,8,1,8
2018010092914,1,9,0,-1,-1,0,-1,-1,-1,-1,2,-1,6,1,31,6,1596,1,13,4,1,4
2018010092918,1,9,0,10,0,0,0,0,0,0,0,1,3,1,36,7,1198,1,4,7,1,7
2018010092918,2,1,0,18,0,0,1,0,0,0,0,1,2,1,29,6,-1,-1,-1,2,1,2
2018010092920,1,1,-1,-1,-1,0,-1,-1,-1,-1,-1,1,2,1,25,5,-1,-1,-1,3,1,3
2018010092920,2,9,0,-1,-1,0,-1,-1,-1,-1,4,-1,6,1,38,7,-1,-1,-1,3,1,3
2018010092924,1,9,0,18,0,1,0,0,0,0,1,1,6,1,26,6,1999,1,13,5,1,5
2018010092924,2,9,0,18,0,6,0,0,0,0,3,1,1,1,57,9,1800,8,7,3,1,3
2018010092928,1,9,0,-1,-1,0,-1,-1,-1,-1,4,-1,6,1,23,5,1968,2,8,1,1,1
2018010092929,1,9,0,4,0,1,0,11,0,0,4,1,6,1,19,4,1598,2,2,5,1,5
2018010092929,2,9,0,18,0,1,0,11,1,10,3,1,1,2,22,5,1461,2,2,4,1,4
2018010092932,1,1,0,18,0,1,5,0,0,0,3,1,6,2,78,11,-1,-1,-1,10,1,10
2018010092932,2,17,5,15,0,1,0,0,0,0,4,1,6,3,-1,-1,-1,-1,-1,-1,-1,-1
2018010092936,1,9,0,18,0,0,0,0,0,0,1,1,6,3,-1,-1,1596,1,17,-1,-1,-1
2018010092937,1,9,0,-1,-1,-1,-1,-1,-1,-1,2,-1,6,2,37,7,1995,2,12,2,1,2
2018010092937,2,9,0,-1,-1,-1,-1,-1,-1,-1,1,-1,6,1,33,6,2000,1,9,1,1,1
2018010092946,1,8,0,7,0,1,0,0,0,0,1,1,1,1,30,6,2143,2,6,4,1,4
2018010092946,2,3,0,18,0,1,0,0,0,0,3,1,1,1,31,6,125,1,3,2,1,2
2018010092952,1,9,0,18,2,1,0,0,0,0,3,1,1,1,37,7,1797,8,7,5,1,5
2018010092956,1,9,0,18,0,0,0,0,0,0,1,1,6,1,46,8,2362,1,16,2,1,2
2018010092959,1,9,0,-1,-1,-1,-1,-1,-1,-1,2,-1,6,2,32,6,1386,1,15,1,1,1
2018010092963,1,9,0,18,0,2,0,0,0,0,4,1,6,2,19,4,1242,1,6,5,1,5
2018010092968,1,9,0,18,0,1,0,0,3,0,1,1,6,3,-1,-1,-1,-1,-1,-1,-1,-1
2018010092975,1,9,0,-1,-1,-1,-1,-1,-1,-1,3,-1,6,2,34,6,1995,1,8,4,1,4
2018010092975,2,9,-1,18,0,-1,-1,4,-1,-1,-1,-1,6,1,-1,-1,1498,1,8,9,1,9
2018010092976,1,8,0,6,0,1,0,0,0,0,1,1,6,1,53,8,1995,2,6,4,1,4
2018010092976,2,5,0,18,0,1,2,0,0,0,1,1,6,1,32,6,1284,1,14,-1,-1,-1
2018010092981,1,8,0,6,0,0,0,0,1,0,1,1,1,1,26,6,1339,8,6,4,-1,4
2018010092981,2,2,0,15,0,0,0,0,0,0,1,1,2,1,27,6,125,1,1,6,1,6
2018010092991,1,9,0,18,0,0,0,0,1,7,1,1,6,1,55,8,999,1,3,7,1,7
2018010092992,1,9,0,17,0,0,1,0,0,0,1,1,6,1,43,7,1956,2,3,8,1,8
2018010092992,2,9,0,16,0,0,1,0,0,0,1,1,6,1,41,7,1995,2,1,5,1,5
2018010092995,1,9,0,4,0,0,0,0,0,0,4,1,6,1,58,9,2261,7,14,6,1,6
2018010092997,1,9,0,3,0,1,0,0,0,0,2,-1,6,1,39,7,1339,8,8,1,1,1
2018010092997,2,9,0,18,0,1,0,0,0,0,1,-1,6,3,-1,-1,2199,2,1,-1,-1,-1
2018010093002,1,9,-1,1,0,1,-1,0,-1,0,2,-1,6,3,-1,-1,1598,2,2,-1,-1,-1
2018010093007,1,19,0,18,0,1,1,0,0,0,1,1,2,1,39,7,1753,2,6,9,3,9
2018010093007,2,9,0,18,0,6,1,0,7,10,3,1,2,1,35,6,1686,2,5,10,1,10
2018010093027,1,9,-1,-1,-1,-1,0,-1,-1,-1,-1,-1,6,3,-1,-1,-1,-1,-1,-1,-1,-1
2018010093027,2,1,-1,-1,-1,-1,0,-1,-1,0,-1,1,6,1,21,5,-1,-1,-1,-1,-1,-1
2018010093034,1,9,0,9,0,8,0,0,0,0,1,1,3,2,34,6,1560,2,6,2,1,2
2018010093040,1,9,0,-1,0,0,0,-1,0,0,-1,-1,6,2,32,6,1995,2,10,6,1,6
2018010093042,1,9,0,17,0,0,1,0,7,4,2,1,1,2,29,6,1242,1,9,6,1,6
2018010093046,1,9,0,12,0,1,0,0,0,0,3,1,1,1,43,7,647,8,1,6,2,6
2018010093046,2,20,5,18,0,1,0,0,0,0,2,1,1,1,35,6,-1,-1,-1,-1,1,-1
2018010093055,1,9,5,3,0,1,0,0,0,0,2,1,1,1,38,7,1798,8,5,5,1,5
2018010093055,2,9,0,18,0,1,1,0,0,0,1,1,6,1,28,6,-1,-1,-1,9,1,9
2018010093058,1,11,0,7,0,6,5,4,0,0,3,1,6,1,49,8,4500,2,1,2,1,2
2018010093058,2,19,0,3,0,6,0,0,0,0,0,1,1,1,30,6,1995,2,1,4,1,4
2018010093061,1,11,0,18,0,4,0,0,0,0,1,-1,1,1,-1,-1,4461,2,5,-1,-1,-1
2018010093061,2,1,0,9,0,4,-1,0,-1,-1,1,1,6,1,30,6,-1,-1,-1,10,1,10
2018010093062,1,9,0,18,0,0,1,0,1,0,1,1,2,1,21,5,1596,1,11,4,1,4
2018010093066,1,21,1,4,0,1,0,0,0,0,1,1,1,1,39,7,-1,-1,-1,7,1,7
2018010093066,2,9,0,4,0,1,0,0,0,0,2,1,6,2,58,9,1339,1,5,9,1,9
2018010093077,1,9,0,1,0,1,0,0,0,0,2,1,6,2,58,9,1998,2,5,5,1,5
2018010093084,1,9,0,4,9,0,1,0,1,0,1,1,1,2,25,5,1591,1,2,9,1,9
2018010093088,1,19,-1,9,0,6,0,0,0,0,1,-1,6,1,-1,-1,-1,-1,-1,-1,-1,-1
2018010093091,1,19,0,17,0,3,0,0,0,0,1,1,1,1,64,9,1968,2,5,2,1,2
2018010093092,1,19,0,18,0,1,0,0,0,0,4,1,6,1,38,7,-1,-1,-1,-1,-1,-1
2018010093092,2,21,0,1,0,1,0,0,0,0,2,1,6,1,50,8,7146,2,7,7,1,7
2018010093095,1,11,0,4,2,0,0,0,0,0,0,1,1,2,27,6,4500,2,2,2,1,2
2018010093096,1,9,0,1,0,0,0,0,0,0,2,1,6,1,51,8,1689,2,14,2,1,2
2018010093105,1,1,0,18,0,8,0,0,0,0,1,1,6,1,24,5,-1,-1,-1,7,1,7
2018010093105,2,19,-1,18,0,8,0,0,0,0,-1,-1,6,3,-1,-1,-1,-1,-1,-1,-1,-1
2018010093112,1,1,0,18,0,0,0,0,0,0,-1,1,6,2,50,8,-1,-1,-1,2,1,2
2018010093114,1,9,0,4,0,4,1,0,0,0,1,1,6,1,25,5,2179,2,6,4,1,4
2018010093114,2,9,0,9,0,4,0,0,0,0,2,1,2,2,44,7,1997,2,8,7,1,7
2018010093118,1,9,0,16,0,0,1,7,0,0,1,1,6,1,66,10,-1,-1,-1,3,1,3
2018010093118,2,9,0,16,0,0,1,0,0,0,1,1,6,1,45,7,2405,1,11,5,1,5
2018010093119,1,9,0,9,0,0,1,0,0,0,1,1,6,1,27,6,1461,2,3,-1,-1,-1
2018010093122,1,9,0,7,0,8,0,0,0,0,1,1,2,2,27,6,1595,1,15,-1,-1,-1
2018010093122,2,9,0,9,0,8,0,0,0,0,1,1,2,2,50,8,1389,1,13,5,1,5
2018010093127,1,9,0,3,0,2,0,0,0,0,2,1,6,2,27,6,1149,1,12,4,1,4
2018010093127,2,9,0,18,0,2,0,0,0,0,1,1,6,1,34,6,1598,1,4,7,1,7
2018010093131,1,9,0,3,0,2,0,0,0,0,2,1,1,1,40,7,1956,2,2,6,1,6
2018010093131,2,9,0,3,0,2,0,0,0,0,2,1,6,2,47,8,1560,2,8,9,1,9
2018010093131,3,19,0,18,0,2,0,0,0,0,1,1,1,1,31,6,-1,-1,-1,8,1,8