Accident_Index,Vehicle_Reference,Vehicle_Type,Towing_and_Articulation,Vehicle_Manoeuvre,Vehicle_Location-Restricted_Lane,Junction_Location,Skidding_and_Overturning,Hit_Object_in_Carriageway,Vehicle_Leaving_Carriageway,Hit_Object_off_Carriageway,1st_Point_of_Impact,Was_Vehicle_Left_Hand_Drive?,Journey_Purpose_of_Driver,Sex_of_Driver,Age_of_Driver,Age_Band_of_Driver,Engine_Capacity_(CC),Propulsion_Code,Age_of_Vehicle,Driver_IMD_Decile,Driver_Home_Area_Type,Vehicle_IMD_Decile
2018010093132,1,9,0,18,0,2,0,0,0,0,0,1,1,1,50,8,999,1,1,4,1,4
2018010093132,2,2,0,4,0,1,1,0,0,0,0,1,1,1,22,5,49,1,8,4,1,4
2018010093134,1,1,-1,-1,-1,-1,-1,-1,-1,-1,0,1,6,1,28,6,-1,-1,-1,10,1,10
2018010093134,2,9,0,-1,-1,-1,-1,-1,-1,-1,0,-1,6,3,-1,-1,1997,2,3,-1,-1,-1
2018010093137,1,9,0,18,0,0,0,0,8,10,1,1,6,1,24,5,1229,1,4,-1,-1,-1
2018010093139,1,9,0,18,0,0,0,0,0,0,3,1,2,2,51,8,1769,1,13,2,1,2
2018010093139,2,9,0,18,0,0,0,0,0,0,1,1,6,3,-1,-1,1598,2,5,-1,-1,-1
2018010093142,1,19,0,18,0,1,1,0,0,0,1,1,1,1,42,7,2198,2,3,4,1,4
2018010093142,2,9,0,4,0,1,0,0,0,0,2,1,6,2,35,6,1390,1,16,7,1,7
2018010093142,3,9,0,4,0,1,0,0,0,0,2,1,6,1,39,7,2179,2,6,10,1,10
2018010093144,1,9,0,18,0,1,1,0,0,0,1,1,6,1,61,9,2400,2,7,6,1,6
2018010093144,2,9,0,18,0,1,0,0,0,0,0,1,1,1,48,8,1499,2,1,5,1,5
2018010093149,1,8,0,3,0,1,-1,0,0,0,2,-1,6,1,50,8,1797,8,6,3,1,3
2018010093149,2,9,5,18,0,1,-1,0,0,0,1,-1,6,1,50,8,2993,2,14,3,1,3
2018010093151,1,1,-1,-1,-1,-1,-1,-1,-1,-1,-1,1,6,1,27,6,-1,-1,-1,3,1,3
2018010093151,2,9,0,-1,-1,-1,-1,-1,-1,-1,-1,-1,6,3,-1,-1,-1,-1,-1,-1,-1,-1
2018010093166,1,3,0,-1,-1,0,-1,-1,-1,-1,1,1,6,1,24,5,125,1,-1,6,1,6
2018010093166,2,9,0,-1,-1,0,-1,-1,-1,-1,1,-1,6,1,-1,-1,1798,8,3,-1,-1,-1
2018010093182,1,1,0,18,4,1,0,0,0,0,4,1,6,1,-1,-1,-1,-1,-1,-1,-1,-1
2018010093185,1,19,4,9,0,8,1,0,7,0,1,1,1,1,24,5,2402,2,10,1,1,1
2018010093185,2,9,0,3,0,1,0,0,0,0,3,1,6,2,58,9,1499,1,2,10,1,10
2018010093185,3,9,0,3,0,1,0,0,0,0,1,1,6,1,45,7,1995,2,5,7,1,7
2018010093193,1,9,0,18,0,1,0,0,0,0,2,1,1,2,37,7,1242,1,15,3,1,3
2018010093193,2,9,0,18,0,1,0,0,0,0,0,1,1,1,35,6,1598,2,3,2,1,2
2018010093207,1,9,0,4,0,6,1,0,0,0,3,1,6,1,33,6,2143,12,5,2,1,2
2018010093207,2,9,0,3,0,1,0,0,0,0,1,1,6,2,46,8,1995,2,10,10,1,10
2018010093208,1,9,0,-1,-1,8,-1,-1,-1,-1,1,-1,6,2,53,8,1598,1,9,8,1,8
2018010093216,1,9,0,4,0,0,0,0,0,0,2,1,6,1,51,8,2987,2,3,3,1,3
2018010093216,2,21,0,4,0,0,0,0,0,0,1,1,1,1,47,8,11705,2,14,3,1,3
2018010093234,1,3,0,18,0,0,1,0,0,0,1,1,6,1,30,6,124,1,7,2,1,2
2018010093234,2,9,0,2,0,0,0,0,0,0,1,1,6,3,-1,-1,2685,2,14,-1,-1,-1
2018010093236,1,9,0,18,0,6,0,0,0,0,1,1,6,2,43,7,2494,8,1,3,1,3
2018010093240,1,11,0,5,0,1,0,0,0,0,0,1,6,1,40,7,4500,2,2,2,1,2
2018010093241,1,9,0,4,0,0,0,0,0,0,2,1,6,2,22,5,1240,1,12,4,1,4
2018010093241,2,9,0,18,0,0,0,0,0,0,1,1,6,1,18,4,998,1,3,8,3,8
2018010093245,1,9,0,5,0,1,1,0,1,10,1,1,6,3,58,9,1997,2,15,-1,-1,-1
2018010093252,1,90,0,-1,-1,0,-1,-1,-1,-1,-1,-1,6,3,-1,-1,-1,-1,-1,-1,-1,-1
2018010093262,1,8,0,5,0,2,0,0,0,0,1,1,6,1,36,7,1997,2,4,5,1,5
2018010093262,2,9,0,5,0,2,0,0,0,0,2,1,6,2,36,7,1796,1,12,9,1,9
2018010093268,1,9,0,18,0,2,0,0,0,0,1,1,6,1,26,6,1598,2,8,4,1,4
2018010093272,1,9,0,-1,-1,0,-1,-1,-1,-1,-1,-1,6,3,-1,-1,-1,-1,-1,-1,-1,-1
2018010093273,1,9,0,12,0,0,0,0,2,10,1,1,6,1,23,5,2993,2,5,2,1,2
2018010093273,2,8,0,18,0,0,0,0,0,0,3,1,1,1,55,8,1997,2,4,5,1,5
2018010093273,3,9,0,18,0,0,0,0,0,0,1,1,6,1,66,10,1999,1,12,3,1,3
2018010093273,4,9,0,18,0,0,0,0,0,0,1,1,2,1,27,6,1461,2,4,5,1,5
2018010093294,1,9,0,17,0,0,1,0,1,4,1,1,6,1,18,4,1398,1,1,5,-1,5
2018010093298,1,9,0,18,0,0,0,0,0,0,1,1,6,1,33,6,1968,2,3,-1,-1,-1
2018010093298,2,9,0,1,0,0,0,0,0,0,2,1,6,3,-1,-1,4163,1,5,-1,-1,-1
2018010093299,1,9,0,4,0,1,0,0,0,0,2,1,6,1,47,8,1368,1,2,2,1,2
2018010093299,2,9,0,18,0,1,0,0,0,0,1,1,2,1,58,9,-1,-1,-1,2,1,2
2018010093301,1,9,0,18,0,0,1,0,0,0,1,1,1,1,35,6,2993,2,2,-1,-1,-1
2018010093301,2,9,0,18,0,0,1,0,0,0,1,1,6,1,-1,-1,1598,2,2,-1,-1,-1
2018010093303,1,9,0,18,0,8,1,0,8,10,1,1,6,2,36,7,998,1,17,3,1,3
2018010093304,1,9,0,15,0,1,0,0,7,4,1,1,2,2,29,6,1395,1,4,2,1,2
2018010093304,2,9,0,2,0,2,0,0,0,0,3,1,6,3,-1,-1,1390,1,8,-1,-1,-1
2018010093307,1,9,-1,-1,-1,0,-1,-1,-1,-1,-1,-1,6,1,56,9,1386,1,13,3,1,3
2018010093307,2,9,-1,-1,-1,0,-1,-1,-1,-1,-1,-1,6,1,-1,-1,1499,1,2,3,1,3
2018010093318,1,9,-1,-1,-1,-1,-1,-1,-1,-1,-1,-1,6,3,-1,-1,2143,12,3,-1,-1,-1
2018010093326,1,11,0,3,2,0,0,0,0,0,0,1,1,1,54,8,4500,2,1,3,1,3
2018010093328,1,1,0,18,0,1,2,7,1,10,1,1,2,1,30,6,-1,-1,-1,7,3,7
2018010093330,1,3,0,16,0,8,0,0,0,0,1,1,1,1,20,4,108,1,4,3,1,3
2018010093330,2,9,0,10,0,8,0,0,0,0,4,1,1,1,48,8,1968,2,4,2,1,2
2018010093334,1,8,0,18,0,1,0,0,0,0,4,1,6,3,-1,-1,-1,-1,-1,-1,-1,-1
2018010093369,1,9,0,18,0,0,1,7,0,0,3,1,6,1,67,10,1997,2,3,9,1,9
2018010093369,2,9,0,18,0,0,1,0,0,0,1,1,6,1,37,7,1461,2,13,8,1,8
2018010093371,1,9,0,17,9,1,1,0,0,0,1,1,6,2,27,6,1496,2,3,2,1,2
2018010093376,1,8,0,-1,-1,-1,-1,-1,-1,-1,-1,-1,6,1,42,7,1560,2,6,6,1,6
2018010093376,2,9,0,-1,-1,-1,-1,-1,-1,-1,-1,-1,6,1,-1,-1,1753,2,16,-1,-1,-1
2018010093387,1,9,0,17,0,0,1,0,0,0,1,1,2,2,40,7,1395,1,2,3,1,3
2018010093387,2,20,0,2,0,0,0,0,0,0,2,1,6,3,-1,-1,4461,2,7,-1,-1,-1
2018010093388,1,9,0,4,0,1,1,10,1,0,1,1,3,1,44,7,1198,1,1,4,1,4
2018010093406,1,9,0,-1,-1,-1,-1,-1,-1,-1,1,-1,6,2,52,8,998,1,7,6,1,6
2018010093406,2,9,0,-1,-1,-1,-1,-1,-1,-1,1,-1,6,1,26,6,2967,2,7,7,1,7
2018010093456,1,19,0,-1,-1,-1,-1,-1,-1,-1,-1,-1,6,3,-1,-1,2198,2,4,-1,-1,-1
2018010093460,1,9,0,4,0,1,1,0,0,0,1,1,2,2,26,6,1396,1,4,7,1,7
2018010093485,1,9,0,-1,-1,0,-1,-1,-1,-1,2,-1,6,2,23,5,1591,1,10,2,1,2
2018010093485,2,19,-1,-1,-1,0,-1,-1,-1,-1,1,-1,6,3,-1,-1,1598,2,2,-1,-1,-1
2018010093490,1,9,0,7,0,8,0,0,0,0,2,1,6,1,37,7,1596,1,4,2,1,2
2018010093490,2,90,0,18,0,8,0,0,0,0,2,1,6,1,-1,-1,-1,-1,-1,-1,-1,-1
2018010093493,1,11,0,16,0,8,0,0,0,0,0,1,1,1,53,8,4500,2,9,3,1,3
2018010093495,1,9,0,7,0,1,0,0,0,0,3,1,6,1,48,8,1586,1,2,10,1,10
2018010093495,2,3,0,18,0,1,0,0,0,0,1,1,6,1,19,4,124,1,15,2,1,2
2018010093496,1,8,0,11,0,0,0,0,0,0,1,1,1,1,34,6,1997,2,4,4,1,4
2018010093496,2,11,0,18,0,0,0,0,0,0,1,1,1,1,33,6,6700,2,7,2,1,2
2018010093505,1,9,0,-1,-1,1,-1,-1,-1,-1,2,-1,6,2,-1,-1,-1,-1,-1,-1,-1,-1
2018010093514,1,1,-1,-1,-1,-1,-1,-1,-1,-1,-1,1,2,1,38,7,-1,-1,-1,6,1,6
2018010093514,2,9,0,-1,-1,-1,-1,-1,-1,-1,-1,-1,6,1,55,8,4196,1,11,9,1,9
2018010093516,1,8,0,18,0,8,1,10,1,4,3,1,1,1,32,6,1995,2,6,4,1,4
2018010093516,2,8,0,18,0,7,1,11,0,0,1,1,1,1,44,7,1797,8,4,3,1,3
2018010093521,1,9,0,18,0,1,0,0,0,0,3,1,6,1,19,4,999,1,-1,2,1,2
2018010093522,1,9,0,5,0,0,0,0,0,0,0,1,1,1,35,6,1797,8,9,2,1,2
2018010093524,1,11,5,2,0,1,0,0,0,0,3,1,6,3,-1,-1,6700,2,6,-1,-1,-1
2018010093524,2,11,0,7,0,1,0,0,0,0,3,1,1,1,49,8,7300,2,14,2,1,2
2018010093524,3,11,0,7,0,1,0,0,0,0,4,1,1,1,64,9,5132,2,1,-1,-1,-1
2018010093525,1,9,0,18,0,7,1,0,0,0,1,1,6,1,33,6,1995,2,2,5,1,5
2018010093525,2,11,0,18,0,8,0,0,0,0,4,1,6,1,52,8,4500,2,2,2,1,2
2018010093529,1,9,0,17,0,7,0,0,0,0,4,1,6,1,24,5,1991,2,12,1,1,1
2018010093529,2,9,0,12,0,8,0,0,0,0,3,1,6,3,-1,-1,-1,-1,-1,-1,-1,-1
2018010093543,1,9,0,-1,-1,-1,-1,-1,-1,-1,1,-1,6,2,59,9,-1,-1,-1,4,1,4
2018010093543,2,9,0,-1,-1,-1,-1,-1,-1,-1,-1,-1,6,1,-1,-1,-1,-1,-1,3,1,3
2018010093550,1,9,0,18,0,1,1,4,0,0,1,1,6,1,34,6,1598,1,8,3,1,3
2018010093550,2,9,0,4,0,1,0,0,0,0,1,1,6,1,43,7,2993,2,5,5,1,5
2018010093592,1,9,0,-1,-1,-1,-1,-1,-1,-1,2,-1,6,2,39,7,1339,1,12,7,1,7
2018010093592,2,9,0,-1,-1,-1,-1,-1,-1,-1,1,-1,6,1,-1,-1,1796,1,15,-1,-1,-1
2018010093594,1,9,0,4,0,1,1,11,1,2,1,1,1,1,25,5,1968,2,1,1,1,1
2018010093595,1,9,0,5,0,8,0,4,0,0,1,1,6,1,37,7,1896,2,18,8,1,8
2018010093595,2,9,0,4,0,1,0,0,0,0,1,1,2,2,36,7,1364,2,9,1,1,1
2018010093607,1,9,0,4,0,1,0,0,0,0,2,-1,6,2,33,6,898,1,1,8,1,8
2018010093607,2,9,0,4,0,1,0,0,0,0,2,-1,6,3,-1,-1,1398,1,2,-1,-1,-1
2018010093607,3,9,0,4,0,1,0,0,0,0,1,-1,6,3,-1,-1,1995,2,6,-1,-1,-1
2018010093608,1,19,0,9,0,5,0,0,7,0,1,1,1,1,43,7,1560,2,8,10,1,10
2018010093610,1,9,-1,7,0,0,0,-1,0,0,3,-1,6,1,36,7,1329,1,7,-1,-1,-1
2018010093611,1,9,0,7,9,5,0,0,1,0,1,1,6,3,-1,-1,-1,-1,-1,-1,-1,-1
2018010093629,1,9,0,-1,-1,-1,-1,-1,-1,-1,2,-1,6,1,25,5,1995,2,13,3,1,3
2018010093629,2,9,0,-1,-1,-1,-1,-1,-1,-1,1,-1,6,1,-1,-1,1395,1,1,-1,-1,-1
2018010093640,1,9,0,18,0,0,1,0,0,0,3,1,6,1,31,6,1995,2,3,6,1,6
2018010093640,2,8,0,18,0,0,1,0,0,0,4,1,6,1,17,4,1998,2,8,-1,-1,-1
2018010093644,1,9,0,18,0,0,0,10,1,4,1,1,2,1,24,5,1388,1,14,6,1,6
2018010093649,1,9,0,-1,-1,0,-1,-1,-1,-1,2,-1,6,2,35,6,1242,1,19,2,1,2
2018010093649,2,9,0,-1,-1,0,-1,-1,-1,-1,1,-1,6,1,-1,-1,-1,-1,-1,-1,-1,-1
2018010093656,1,9,0,9,0,1,0,0,0,0,2,1,6,1,55,8,2967,1,9,3,1,3
2018010093656,2,9,0,4,0,1,1,4,0,0,1,1,6,1,48,8,1598,1,5,10,1,10
2018010093662,1,9,0,18,0,2,1,0,1,2,1,1,2,1,61,9,999,1,1,8,1,8
2018010093666,1,9,0,18,2,0,0,0,0,0,1,1,6,1,-1,-1,1197,1,1,4,1,4
2018010093667,1,9,0,18,0,0,1,0,0,0,1,1,6,1,41,7,1598,1,6,7,1,7
2018010093667,2,9,0,18,0,0,1,0,0,0,1,1,1,1,31,6,1798,8,2,3,1,3
2018010093676,1,9,0,18,0,1,1,0,0,0,1,1,6,2,66,10,1364,1,1,5,1,5
2018010093676,2,9,0,4,0,2,0,0,0,0,1,1,6,1,49,8,1995,2,14,5,1,5
2018010093677,1,9,0,4,0,0,1,4,0,0,1,1,6,1,20,4,1995,2,10,6,1,6
2018010093677,2,9,0,3,0,0,0,0,0,0,2,1,1,1,-1,-1,3200,2,6,9,1,9
2018010093678,1,11,0,7,0,0,0,0,0,0,0,1,1,1,-1,-1,-1,-1,-1,-1,-1,-1
2018010093682,1,8,0,18,0,0,0,0,0,0,1,1,1,1,40,7,1797,8,6,6,1,6
2018010093684,1,9,0,3,0,0,0,0,0,0,4,1,6,2,37,7,1388,1,9,1,1,1
2018010093684,2,9,0,5,0,0,0,0,0,0,4,1,6,1,37,7,999,1,6,3,1,3
2018010093684,3,19,0,2,0,0,0,0,0,0,1,1,6,3,-1,-1,1997,2,1,-1,-1,-1
2018010093685,1,4,0,18,0,0,0,0,0,0,1,1,6,1,28,6,124,1,12,1,1,1
2018010093685,2,9,0,18,0,0,0,0,0,0,1,1,6,1,38,7,2354,1,15,2,1,2
2018010093686,1,11,0,3,0,0,0,0,0,0,1,1,1,1,50,8,5132,2,3,5,1,5
2018010093688,1,11,0,18,0,3,0,0,0,0,0,1,1,1,57,9,4500,2,6,2,1,2
2018010093688,2,9,0,7,0,4,1,0,1,10,1,1,6,2,31,6,1796,1,8,1,1,1
2018010093689,1,9,0,18,0,1,0,0,0,0,1,1,6,3,-1,-1,-1,-1,-1,-1,-1,-1
2018010093690,1,9,0,17,0,1,1,0,1,4,1,1,6,2,29,6,1968,2,1,4,1,4
2018010093692,1,9,0,18,0,2,1,0,0,0,1,1,6,1,21,5,1368,1,7,5,2,5
2018010093692,2,9,0,2,0,2,0,0,0,0,1,1,6,3,-1,-1,1229,1,13,-1,-1,-1
2018010093693,1,19,0,2,0,0,0,0,0,0,2,1,6,3,-1,-1,1995,2,1,-1,-1,-1
2018010093693,2,9,0,2,0,0,0,0,0,0,1,1,6,3,-1,-1,1197,1,7,-1,-1,-1
2018010093693,3,9,0,18,0,0,0,0,0,0,1,1,6,2,45,7,2993,2,9,3,1,3
2018010093694,1,9,0,3,0,1,0,0,0,0,2,1,2,1,41,7,1973,1,17,2,1,2
2018010093694,2,90,0,4,0,1,1,0,0,0,1,1,6,1,26,6,-1,-1,-1,3,1,3
2018010093696,1,9,0,18,0,0,1,0,0,0,1,1,3,2,41,7,1598,1,7,10,1,10
2018010093696,2,9,0,18,0,0,1,0,0,0,1,1,3,2,47,8,1968,2,10,10,1,10
2018010093697,1,9,0,18,0,4,0,0,0,0,2,1,6,1,38,7,1339,1,14,4,1,4
2018010093697,2,9,0,18,0,4,0,0,0,0,1,1,6,1,31,6,2993,2,13,-1,-1,-1
2018010093698,1,9,0,7,0,1,1,0,0,0,1,1,6,1,50,8,1796,1,12,1,1,1
2018010093699,1,9,0,18,0,2,0,0,0,0,3,1,6,1,61,9,2157,2,1,5,1,5
2018010093701,1,9,0,18,0,6,0,0,0,0,4,1,6,3,-1,-1,-1,-1,-1,-1,-1,-1
2018010093712,1,9,0,9,0,1,0,0,0,0,3,1,6,2,26,6,999,1,1,7,1,7
2018010093712,2,9,0,5,-1,8,-1,0,0,0,0,1,6,2,-1,-1,-1,-1,-1,-1,-1,-1
2018010093715,1,9,0,-1,-1,-1,-1,-1,-1,-1,2,-1,6,2,47,8,1995,2,1,3,1,3
2018010093717,1,9,0,4,0,0,0,0,0,0,2,1,3,2,30,6,1598,2,4,3,1,3
2018010093717,2,9,0,4,0,0,0,0,0,0,1,1,6,1,26,6,1753,2,12,3,1,3
2018010093723,1,9,0,18,0,1,0,0,0,0,2,1,6,1,30,6,1499,1,-1,3,1,3
2018010093723,2,9,0,8,0,1,0,0,0,0,1,1,6,2,-1,-1,1496,2,3,-1,-1,-1
2018010093732,1,9,0,18,0,0,0,0,0,0,1,1,6,1,40,7,1395,1,2,7,1,7
2018010093732,2,9,0,15,0,0,1,0,2,10,1,1,6,1,28,6,1598,1,6,4,1,4
2018010093736,1,1,-1,-1,-1,-1,-1,-1,-1,-1,-1,1,2,1,54,8,-1,-1,-1,2,1,2
2018010093736,2,8,0,-1,-1,-1,-1,-1,-1,-1,1,-1,6,3,-1,-1,-1,-1,-1,-1,-1,-1
2018010093739,1,9,0,2,0,0,0,0,0,0,2,1,6,3,-1,-1,1995,2,4,-1,-1,-1
2018010093739,2,9,0,18,0,0,1,0,0,0,3,1,1,1,31,6,1969,1,3,4,1,4
2018010093749,1,8,0,4,0,0,1,0,0,0,1,1,1,1,47,8,1956,2,7,3,1,3
2018010093749,2,8,0,4,0,0,0,0,0,0,3,1,6,1,25,5,1797,8,5,5,1,5
2018010093749,3,9,0,2,0,0,0,0,0,0,3,1,6,3,-1,-1,1596,1,15,-1,-1,-1
2018010093749,4,9,0,2,0,0,0,0,0,0,3,1,6,3,-1,-1,1198,1,3,-1,-1,-1
2018010093751,1,9,0,18,0,1,0,0,0,0,4,1,6,1,27,6,1995,2,4,2,1,2
2018010093751,2,9,0,7,0,1,1,0,0,0,1,1,6,1,29,6,1240,1,14,6,1,6
2018010093753,1,19,0,10,0,4,0,0,0,0,3,1,1,1,57,9,-1,-1,-1,4,1,4
2018010093753,2,9,0,7,0,3,1,4,0,0,1,1,6,1,29,6,1956,2,6,3,1,3
2018010093756,1,8,0,3,0,1,0,0,0,0,2,1,1,1,36,7,1339,8,8,1,1,1
2018010093756,2,8,0,3,0,1,0,0,0,0,2,1,1,1,26,6,1499,2,2,1,1,1
2018010093756,3,9,0,3,0,8,0,9,0,0,3,1,6,1,34,6,1499,1,2,2,1,2
2018010093756,4,9,0,18,0,1,0,0,0,0,1,1,6,1,21,5,2148,2,9,5,1,5
2018010093757,1,8,0,5,0,8,0,0,0,0,1,1,1,1,50,8,1997,2,5,6,1,6
2018010093758,1,9,0,18,0,0,0,0,0,0,1,1,6,1,25,5,1499,2,3,5,1,5
2018010093759,1,9,0,5,0,6,0,0,0,0,1,1,6,1,-1,-1,1998,8,1,4,1,4
2018010093759,2,9,0,18,0,1,0,0,0,0,4,1,2,1,33,6,1997,2,4,4,1,4
2018010093764,1,9,0,10,0,1,0,0,0,0,2,1,6,2,48,8,1968,2,10,9,1,9
2018010093764,2,9,0,4,0,1,1,0,0,0,1,1,6,1,44,7,2967,2,6,9,1,9
2018010093765,1,9,0,18,0,0,0,11,1,2,1,1,2,2,50,8,1598,1,12,2,1,2
2018010093780,1,9,0,18,0,8,0,0,0,0,1,1,6,1,48,8,1398,2,7,9,1,9
2018010093780,2,8,0,18,0,8,1,0,0,0,3,1,1,1,61,9,1339,8,7,3,1,3
2018010093782,1,9,0,4,0,8,0,0,0,0,1,1,6,1,34,6,1896,2,14,3,1,3
2018010093782,2,9,0,18,0,8,0,0,0,0,1,1,6,3,-1,-1,1769,1,15,-1,-1,-1
2018010093782,3,9,0,2,0,8,0,0,0,0,4,1,6,3,-1,-1,1999,1,11,-1,-1,-1
2018010093782,4,9,0,2,0,8,0,0,0,0,4,1,6,3,-1,-1,1598,1,5,-1,-1,-1
2018010093783,1,8,0,18,0,1,0,0,0,0,4,1,1,1,39,7,1798,8,5,3,1,3
2018010093793,1,9,0,18,0,1,5,0,0,0,3,1,2,1,29,6,1595,1,5,4,1,4
2018010093795,1,4,0,18,0,8,0,0,0,0,3,1,2,1,35,6,125,1,6,2,1,2
2018010093795,2,19,0,18,0,8,0,0,0,0,1,1,2,1,38,7,1598,2,3,1,1,1
2018010093812,1,9,0,18,9,0,1,0,0,0,1,1,6,1,56,9,2987,2,5,6,3,6
2018010093813,1,9,0,7,0,1,1,10,0,0,4,1,1,2,31,6,1598,2,3,4,1,4
2018010093814,1,11,0,18,0,8,0,0,0,0,0,1,6,1,58,9,-1,-1,-1,2,1,2
2018010093816,1,11,0,18,0,2,0,0,0,0,0,1,1,1,60,9,4760,2,5,2,1,2
2018010093821,1,8,0,5,0,2,0,0,0,0,0,1,6,1,-1,-1,-1,-1,-1,-1,-1,-1
2018010093823,1,9,0,18,0,0,2,0,0,0,1,1,6,1,38,7,1229,1,3,-1,-1,-1
2018010093823,2,9,0,10,0,0,0,0,0,0,3,1,6,2,56,9,1596,1,18,2,1,2
2018010093825,1,9,-1,-1,0,4,0,-1,0,0,2,-1,6,1,18,4,1598,2,1,4,1,4
2018010093825,2,9,-1,18,0,4,0,-1,0,0,-1,-1,6,3,-1,-1,1995,2,1,-1,-1,-1
2018010093826,1,9,0,18,0,0,0,0,0,0,1,1,6,1,23,5,2996,1,9,3,1,3
2018010093835,1,9,0,18,0,8,0,0,0,0,1,1,2,2,30,6,1364,1,10,6,1,6
2018010093835,2,9,0,7,0,7,1,0,0,0,2,1,2,1,62,9,1998,2,10,3,1,3
2018010093839,1,19,0,3,0,1,0,0,0,0,2,-1,6,1,30,6,2198,2,10,2,1,2
2018010093839,2,9,0,-1,-1,-1,-1,-1,-1,-1,1,-1,6,2,-1,-1,1596,1,18,-1,-1,-1
2018010093840,1,9,0,2,0,0,1,0,1,0,2,1,6,3,-1,-1,-1,-1,-1,-1,-1,-1
2018010093840,2,9,0,18,0,0,1,4,0,0,1,1,6,2,76,11,999,1,4,10,1,10
2018010093842,1,3,0,-1,0,2,0,0,0,0,2,1,6,1,30,6,125,1,4,2,1,2
2018010093842,2,9,0,-1,0,2,0,0,0,0,1,-1,6,1,-1,-1,1200,1,4,-1,-1,-1
2018010093846,1,9,0,18,9,1,0,0,1,10,1,1,6,1,19,4,4197,1,13,1,1,1
2018010093846,2,9,0,18,9,1,0,0,0,0,1,1,6,1,46,8,1197,1,4,8,1,8
2018010093847,1,9,0,4,0,1,0,0,0,0,1,1,6,1,65,9,1997,1,16,7,1,7
2018010093859,1,9,0,18,0,1,0,0,0,0,1,1,3,1,32,6,1596,1,7,3,1,3
2018010093862,1,9,0,18,0,0,0,0,0,0,1,1,6,2,35,6,-1,-1,-1,10,1,10
2018010093862,2,9,0,18,0,0,0,0,0,0,1,1,6,2,28,6,1498,1,11,-1,-1,-1
2018010093864,1,9,0,-1,-1,0,-1,-1,-1,-1,2,-1,6,2,31,6,1991,2,10,2,1,2
2018010093864,2,9,0,-1,-1,0,-1,-1,-1,-1,1,-1,6,1,-1,-1,2148,2,16,2,1,2
2018010093865,1,8,0,17,0,0,0,0,0,0,3,1,1,1,36,7,1956,2,7,10,1,10
2018010093865,2,9,0,16,0,0,0,0,0,0,1,1,6,1,78,11,1296,1,11,3,1,3
2018010093871,1,9,0,5,0,0,0,0,0,0,1,1,6,1,51,8,1275,1,20,4,1,4
2018010093872,1,11,0,18,0,5,0,0,0,0,1,1,1,1,38,7,5132,2,2,-1,-1,-1
2018010093873,1,9,0,9,0,1,0,0,0,0,1,1,6,1,80,11,1149,1,13,1,1,1
2018010093875,1,11,0,5,0,2,0,0,0,0,4,1,6,1,26,6,5132,2,1,2,1,2
2018010093878,1,9,0,18,0,1,0,0,0,0,1,1,6,1,31,6,1995,2,8,3,1,3
2018010093887,1,9,0,18,0,1,1,0,0,0,1,1,6,2,52,8,1590,1,24,6,1,6
2018010093887,2,9,0,9,0,1,0,0,0,0,4,1,6,1,43,7,2993,2,3,4,1,4
2018010093889,1,9,0,18,0,2,0,0,0,0,1,1,2,1,34,6,1596,1,16,2,1,2
2018010093889,2,9,0,9,0,1,0,0,0,0,1,1,6,1,50,8,1995,2,8,4,1,4
2018010093892,1,9,0,4,0,1,0,0,0,0,1,1,6,2,28,6,1390,1,11,4,1,4
2018010093892,2,3,0,4,0,2,0,0,0,0,1,1,6,1,23,5,108,1,3,9,1,9
2018010093894,1,9,0,16,0,1,1,0,0,0,2,1,6,1,35,6,2400,2,10,8,3,8
2018010093894,2,9,0,16,0,1,1,0,7,10,1,1,6,3,29,6,1596,1,1,-1,-1,-1
2018010093895,1,19,0,18,0,0,0,4,0,0,4,1,6,1,58,9,1868,2,13,7,1,7
2018010093895,2,9,0,2,0,0,0,0,0,0,3,1,6,3,-1,-1,1997,2,9,-1,-1,-1
2018010093897,1,2,0,9,0,8,0,0,0,0,1,1,1,1,48,8,124,1,1,4,1,4
2018010093899,1,3,0,18,0,4,0,0,0,0,3,1,6,1,21,5,125,1,2,2,1,2
2018010093899,2,9,0,18,0,4,0,0,0,0,1,1,6,3,-1,-1,-1,-1,-1,-1,-1,-1
2018010093903,1,9,0,18,0,1,1,0,0,0,3,1,6,1,32,6,1596,1,6,9,-1,9
2018010093903,2,9,0,6,0,1,1,0,0,0,1,1,6,1,17,4,1968,2,10,-1,-1,-1
2018010093907,1,9,0,18,0,8,0,0,0,0,1,2,6,2,25,5,1968,2,4,3,1,3
2018010093907,2,3,0,18,0,1,0,0,0,0,3,1,1,1,33,6,108,1,2,4,1,4
2018010093909,1,9,0,4,0,0,1,0,0,0,1,1,1,2,32,6,998,1,2,-1,-1,-1
2018010093909,2,9,0,4,0,0,1,0,0,0,1,1,6,1,53,8,1998,1,16,-1,-1,-1
2018010093912,1,9,0,18,0,0,1,10,1,10,1,1,6,3,17,4,-1,-1,-1,-1,-1,-1
2018010093912,2,9,0,18,0,0,0,0,0,0,0,1,1,1,47,8,1498,1,1,-1,-1,-1
2018010093912,3,9,0,2,9,0,0,0,0,0,4,1,6,3,-1,-1,1598,1,10,-1,-1,-1
2018010093917,1,11,0,9,2,8,0,0,0,0,1,1,1,1,56,9,9360,2,6,4,1,4
2018010093917,2,3,0,18,0,8,0,0,0,0,1,1,6,1,32,6,125,1,2,8,1,8
2018010093933,1,8,0,4,0,1,0,0,0,0,1,1,6,1,32,6,1339,8,7,6,1,6