Accident_Index,Vehicle_Reference,Vehicle_Type,Towing_and_Articulation,Vehicle_Manoeuvre,Vehicle_Location-Restricted_Lane,Junction_Location,Skidding_and_Overturning,Hit_Object_in_Carriageway,Vehicle_Leaving_Carriageway,Hit_Object_off_Carriageway,1st_Point_of_Impact,Was_Vehicle_Left_Hand_Drive?,Journey_Purpose_of_Driver,Sex_of_Driver,Age_of_Driver,Age_Band_of_Driver,Engine_Capacity_(CC),Propulsion_Code,Age_of_Vehicle,Driver_IMD_Decile,Driver_Home_Area_Type,Vehicle_IMD_Decile
2018010094426,1,9,0,18,0,1,0,0,0,0,0,1,1,1,35,6,1995,2,3,2,1,2
2018010094426,2,9,0,18,0,4,0,4,0,0,1,1,6,1,24,5,1968,2,6,2,1,2
2018010094426,3,9,0,3,0,1,0,0,0,0,2,1,6,2,32,6,1596,1,14,3,1,3
2018010094426,4,9,0,3,0,1,0,0,0,0,2,1,1,1,33,6,1390,1,14,1,-1,1
2018010094427,1,1,-1,-1,-1,-1,-1,-1,-1,-1,-1,1,2,2,35,6,-1,-1,-1,2,1,2
2018010094432,1,9,0,10,0,6,0,0,0,0,3,1,6,1,24,5,2435,1,15,3,1,3
2018010094432,2,3,0,3,0,1,0,0,0,0,4,1,6,1,22,5,125,1,5,1,1,1
2018010094435,1,9,0,4,0,1,0,0,1,0,3,1,6,1,51,8,1390,1,9,2,1,2
2018010094435,2,9,0,5,0,1,0,4,0,0,1,1,6,3,-1,-1,-1,-1,-1,-1,-1,-1
2018010094437,1,9,0,6,0,0,0,0,0,0,3,1,6,2,26,6,2143,2,3,3,1,3
2018010094437,2,19,0,18,0,0,0,0,0,0,1,1,2,1,43,7,2198,2,5,1,1,1
2018010094441,1,9,0,16,0,3,0,4,0,0,1,1,6,1,20,4,1997,1,15,2,1,2
2018010094441,2,9,0,2,0,1,0,0,0,0,1,1,6,3,-1,-1,2143,2,8,-1,-1,-1
2018010094441,3,9,0,18,0,3,0,0,0,0,0,1,1,1,33,6,1499,1,1,3,1,3
2018010094442,1,9,0,5,0,2,0,0,0,0,1,1,6,3,-1,-1,2143,2,2,-1,-1,-1
2018010094442,2,9,0,2,0,2,0,0,0,0,1,1,6,3,-1,-1,2979,1,15,-1,-1,-1
2018010094445,1,9,0,18,0,1,0,0,0,0,1,1,6,1,50,8,1598,2,7,6,1,6
2018010094445,2,4,0,18,0,1,0,0,0,0,2,1,1,1,50,8,278,1,6,3,1,3
2018010094446,1,8,0,7,0,2,0,0,0,0,1,1,1,1,33,6,1798,8,5,4,1,4
2018010094447,1,8,0,18,0,4,0,0,0,0,3,1,1,1,44,7,1968,2,2,2,1,2
2018010094447,2,1,0,18,0,4,0,0,0,0,1,1,2,1,56,9,-1,-1,-1,1,1,1
2018010094448,1,19,0,5,9,1,0,4,1,4,1,1,1,1,32,6,2402,2,12,7,1,7
2018010094448,2,9,0,5,0,1,0,0,0,0,1,1,6,1,20,4,999,1,3,3,1,3
2018010094448,3,9,0,2,0,1,0,0,1,0,4,1,6,3,-1,-1,2179,2,7,-1,-1,-1
2018010094449,1,1,0,18,2,0,0,0,0,0,1,1,6,1,50,8,-1,-1,-1,7,1,7
2018010094449,2,9,0,7,2,0,0,0,0,0,4,1,6,1,39,7,1896,2,15,6,1,6
2018010094450,1,9,0,18,0,1,0,0,0,0,1,1,1,1,36,7,-1,-1,-1,2,1,2
2018010094451,1,9,0,-1,-1,0,-1,-1,-1,-1,-1,-1,6,1,36,7,1400,1,12,5,1,5
2018010094467,1,1,0,18,2,0,0,0,0,0,1,1,2,1,36,7,-1,-1,-1,5,1,5
2018010094467,2,11,0,18,2,0,0,0,0,0,2,1,6,3,-1,-1,-1,-1,-1,-1,-1,-1
2018010094469,1,1,0,18,0,1,0,0,0,0,1,1,6,2,27,6,-1,-1,-1,2,1,2
2018010094469,2,9,-1,-1,0,1,-1,-1,0,0,-1,-1,6,1,-1,-1,2429,1,16,3,1,3
2018010094474,1,19,0,18,0,4,0,0,0,0,3,1,1,1,62,9,1560,2,3,1,1,1
2018010094474,2,1,0,18,0,4,0,0,0,0,1,1,2,1,28,6,-1,-1,-1,5,1,5
2018010094477,1,1,-1,-1,-1,-1,-1,-1,-1,-1,-1,1,2,1,30,6,-1,-1,-1,2,1,2
2018010094477,2,9,0,-1,-1,-1,-1,-1,-1,-1,-1,-1,6,1,-1,-1,2143,2,7,-1,-1,-1
2018010094478,1,5,0,18,0,0,2,0,0,0,4,1,6,1,42,7,689,1,4,3,1,3
2018010094478,2,9,0,18,0,0,0,0,0,0,3,1,6,1,46,8,-1,-1,-1,3,1,3
2018010094482,1,5,0,18,0,-1,1,-1,0,0,1,1,6,1,59,9,647,1,14,9,1,9
2018010094482,2,9,-1,6,0,-1,0,-1,0,0,3,-1,6,1,45,7,1984,1,23,2,1,2
2018010094485,1,9,0,9,0,2,0,0,0,0,1,1,2,1,44,7,1995,2,13,4,1,4
2018010094485,2,9,0,18,0,1,0,0,0,0,4,1,6,2,30,6,1329,1,2,5,1,5
2018010094488,1,1,0,-1,0,1,0,0,0,0,1,1,2,2,32,6,-1,-1,-1,3,1,3
2018010094488,2,9,0,-1,0,1,0,0,0,0,3,-1,6,2,-1,-1,1364,1,6,-1,-1,-1
2018010094500,1,8,0,4,0,0,0,0,0,0,2,1,1,1,35,6,1798,8,3,1,1,1
2018010094500,2,9,0,4,0,0,0,0,0,0,1,1,6,1,18,4,1120,2,4,9,1,9
2018010094504,1,9,0,4,0,0,0,0,0,0,2,-1,6,2,42,7,2494,8,2,8,1,8
2018010094504,2,9,0,16,0,0,0,0,0,0,1,-1,6,1,-1,-1,1998,2,11,7,1,7
2018010094507,1,9,0,6,0,0,0,0,0,0,3,1,6,2,37,7,1598,2,7,6,1,6
2018010094507,2,3,0,18,0,0,0,0,0,0,1,1,6,1,49,8,124,1,7,9,1,9
2018010094511,1,5,0,16,2,0,1,0,0,0,0,1,2,1,51,8,998,1,14,10,3,10
2018010094511,2,9,0,11,2,0,5,0,0,0,1,1,6,3,-1,-1,1798,8,5,-1,-1,-1
2018010094519,1,9,0,5,0,1,0,0,0,0,1,1,6,2,31,6,1969,2,3,5,1,5
2018010094519,2,9,0,3,0,8,0,0,0,0,4,1,6,2,70,10,1242,1,16,6,1,6
2018010094522,1,9,0,18,0,0,0,0,0,0,1,1,6,3,-1,-1,1598,2,7,-1,-1,-1
2018010094522,2,9,0,18,0,0,0,0,4,10,2,1,6,1,28,6,1388,1,15,7,1,7
2018010094523,1,3,0,13,0,0,0,0,0,0,2,1,2,1,30,6,125,1,3,5,1,5
2018010094523,2,9,0,6,0,0,0,0,0,0,3,1,6,2,46,8,2362,1,17,8,1,8
2018010094526,1,1,-1,-1,-1,-1,-1,-1,-1,-1,0,1,6,2,29,6,-1,-1,-1,3,1,3
2018010094526,2,9,0,-1,-1,-1,-1,-1,-1,-1,0,-1,6,2,-1,-1,1149,1,16,-1,-1,-1
2018010094528,1,19,0,3,0,2,0,0,0,0,1,-1,6,1,30,6,1598,2,1,3,1,3
2018010094528,2,9,0,1,0,2,0,0,0,0,2,-1,6,3,58,9,1197,1,4,8,1,8
2018010094539,1,9,-1,-1,-1,-1,-1,-1,-1,-1,-1,-1,6,3,-1,-1,2792,1,17,-1,-1,-1
2018010094545,1,8,0,18,0,6,0,0,0,0,1,1,1,1,43,7,-1,-1,-1,2,1,2
2018010094547,1,9,0,-1,-1,2,-1,-1,-1,-1,-1,-1,6,1,-1,-1,2143,12,5,4,1,4
2018010094547,2,9,-1,-1,-1,2,-1,-1,-1,-1,-1,-1,6,3,-1,-1,1496,2,-1,-1,-1,-1
2018010094551,1,4,0,18,0,0,0,0,0,0,1,1,1,1,44,7,124,1,1,6,1,6
2018010094555,1,9,0,15,0,0,1,0,7,0,4,1,6,2,25,5,998,1,18,10,1,10
2018010094555,2,9,0,18,0,0,1,0,7,0,4,1,6,1,52,8,-1,-1,-1,7,1,7
2018010094558,1,1,-1,-1,-1,-1,-1,-1,-1,-1,-1,1,2,2,24,5,-1,-1,-1,2,1,2
2018010094558,2,19,0,-1,-1,-1,-1,-1,-1,-1,4,-1,6,3,-1,-1,-1,-1,-1,-1,-1,-1
2018010094566,1,9,0,-1,-1,0,-1,-1,-1,-1,2,-1,6,1,51,8,1796,1,15,6,1,6
2018010094566,2,9,0,-1,-1,0,-1,-1,-1,-1,1,-1,6,1,-1,-1,1984,1,13,9,1,9
2018010094566,3,9,0,-1,-1,0,-1,-1,-1,-1,2,-1,6,2,-1,-1,1560,2,6,-1,-1,-1
2018010094569,1,8,0,18,0,1,0,0,0,0,1,1,1,1,57,9,1798,8,3,2,1,2
2018010094579,1,9,0,7,0,2,0,0,0,0,2,1,2,1,55,8,1798,8,1,5,1,5
2018010094579,2,1,0,5,0,1,0,4,0,0,1,1,6,1,12,3,-1,-1,-1,-1,-1,-1
2018010094580,1,1,0,7,0,8,0,0,0,0,2,1,2,1,28,6,-1,-1,-1,2,1,2
2018010094580,2,9,0,-1,0,8,0,0,0,0,1,-1,6,3,-1,-1,-1,-1,-1,-1,-1,-1
2018010094585,1,9,0,18,0,1,0,0,0,0,1,1,6,1,56,9,1895,1,17,5,1,5
2018010094585,2,1,0,18,0,8,0,0,0,0,4,1,6,1,46,8,-1,-1,-1,2,1,2
2018010094589,1,1,0,18,0,0,5,8,0,0,4,1,3,1,52,8,-1,-1,-1,4,1,4
2018010094589,2,19,0,18,0,0,0,0,0,0,1,1,6,3,-1,-1,-1,-1,-1,-1,-1,-1
2018010094589,3,9,0,2,0,0,0,0,0,0,1,1,6,3,-1,-1,-1,-1,-1,-1,-1,-1
2018010094595,1,9,0,18,0,2,0,4,0,0,1,1,1,2,43,7,2143,2,1,5,1,5
2018010094595,2,9,0,2,0,1,0,0,0,0,1,1,6,3,-1,-1,1124,1,13,-1,-1,-1
2018010094596,1,9,0,-1,-1,-1,-1,-1,-1,-1,-1,-1,6,3,-1,-1,1950,2,2,-1,-1,-1
2018010094598,1,9,0,-1,-1,0,-1,-1,-1,-1,2,-1,6,1,22,5,1461,2,6,2,1,2
2018010094598,2,9,0,-1,-1,0,-1,-1,-1,-1,1,-1,6,1,24,5,1598,1,12,4,1,4
2018010094600,1,9,0,2,0,1,0,0,0,0,2,1,6,3,-1,-1,1797,8,8,-1,-1,-1
2018010094604,1,9,0,-1,-1,-1,-1,-1,-1,-1,2,-1,6,2,36,7,2179,2,11,2,1,2
2018010094604,2,9,0,-1,-1,-1,-1,-1,-1,-1,2,-1,6,1,-1,-1,1242,1,10,-1,-1,-1
2018010094610,1,11,0,4,0,1,0,0,0,0,0,1,1,1,29,6,6700,2,6,2,1,2
2018010094611,1,9,0,7,0,5,0,0,0,0,3,1,1,1,53,8,1390,1,10,4,1,4
2018010094611,2,2,0,18,0,1,5,0,0,0,4,1,2,1,28,6,50,1,1,5,1,5
2018010094613,1,9,0,-1,-1,0,-1,-1,-1,-1,-1,-1,6,2,65,9,1598,1,5,8,3,8
2018010094613,2,9,-1,-1,-1,0,-1,-1,-1,-1,-1,-1,6,3,-1,-1,-1,-1,-1,-1,-1,-1
2018010094616,1,3,0,18,0,8,0,0,0,0,1,1,6,1,29,6,125,1,10,7,1,7
2018010094616,2,9,0,18,0,8,0,0,0,0,1,1,6,1,18,4,1968,2,12,4,1,4
2018010094620,1,1,-1,-1,-1,0,-1,-1,-1,-1,-1,1,2,1,33,6,-1,-1,-1,2,1,2
2018010094620,2,20,-1,-1,-1,0,-1,-1,-1,-1,1,-1,6,1,-1,-1,-1,-1,-1,-1,-1,-1
2018010094623,1,9,0,9,0,6,0,0,0,0,4,1,2,2,42,7,1339,8,7,4,1,4
2018010094624,1,9,0,18,0,0,0,0,0,0,4,1,6,2,69,10,1242,1,3,4,1,4
2018010094625,1,9,0,-1,-1,-1,-1,-1,-1,-1,1,-1,6,1,22,5,1499,2,4,5,1,5
2018010094625,2,9,0,-1,-1,-1,-1,-1,-1,-1,-1,-1,6,1,-1,-1,-1,-1,-1,-1,-1,-1
2018010094626,1,1,-1,-1,-1,-1,-1,-1,-1,-1,-1,1,2,1,37,7,-1,-1,-1,3,1,3
2018010094626,2,9,0,-1,-1,-1,-1,-1,-1,-1,-1,-1,6,1,41,7,1398,1,2,2,1,2
2018010094628,1,19,0,7,0,5,0,0,0,0,1,1,1,1,35,6,2198,2,6,3,1,3
2018010094629,1,9,0,18,0,1,5,0,0,0,1,1,6,1,83,11,1992,2,13,9,1,9
2018010094631,1,9,0,18,0,0,0,0,0,0,1,1,6,1,29,6,1598,1,14,3,1,3
2018010094634,1,9,0,18,0,4,0,0,0,0,1,2,6,1,33,6,-1,-1,-1,-1,-1,-1
2018010094634,2,9,0,4,0,3,0,0,0,0,2,1,6,1,54,8,1596,1,15,1,1,1
2018010094635,1,9,0,-1,-1,2,-1,-1,-1,-1,2,-1,6,2,31,6,1560,2,6,5,1,5
2018010094637,1,90,0,-1,-1,0,-1,-1,-1,-1,-1,-1,6,1,-1,-1,-1,-1,-1,-1,-1,-1
2018010094638,1,11,0,4,2,1,0,0,0,0,0,1,1,1,49,8,4500,2,3,1,1,1
2018010094639,1,11,0,4,0,2,0,0,0,0,0,1,1,2,32,6,9000,2,8,1,1,1
2018010094642,1,1,-1,-1,-1,-1,-1,-1,-1,-1,-1,1,6,1,39,7,-1,-1,-1,7,1,7
2018010094642,2,9,0,-1,-1,-1,-1,-1,-1,-1,-1,-1,6,1,-1,-1,1984,1,1,10,1,10
2018010094643,1,3,0,13,0,1,0,0,0,0,1,1,1,1,20,4,125,1,7,3,1,3
2018010094649,1,9,3,18,0,0,0,0,0,0,1,1,6,1,38,7,1969,8,1,10,1,10
2018010094651,1,9,0,-1,-1,0,-1,-1,-1,-1,1,-1,6,2,33,6,1598,1,3,6,1,6
2018010094651,2,9,0,-1,-1,0,-1,-1,-1,-1,-1,-1,6,3,-1,-1,1995,2,1,-1,-1,-1
2018010094653,1,11,0,4,0,2,0,0,0,0,0,1,1,2,51,8,6700,2,6,3,1,3
2018010094654,1,1,0,18,0,2,1,0,0,0,1,1,2,1,31,6,-1,-1,-1,-1,-1,-1
2018010094654,2,4,0,5,0,1,0,0,0,0,1,1,6,1,26,6,125,1,2,2,1,2
2018010094658,1,9,0,18,0,8,0,0,0,0,1,1,6,2,63,9,1794,1,14,1,1,1
2018010094662,1,9,0,5,0,3,0,0,0,0,2,1,6,1,-1,-1,-1,-1,-1,-1,-1,-1
2018010094662,2,1,0,5,0,1,0,0,0,0,2,1,6,1,19,4,-1,-1,-1,-1,-1,-1
2018010094663,1,3,0,18,0,8,0,0,0,0,4,1,1,1,36,7,125,1,6,3,1,3
2018010094663,2,9,0,9,0,8,0,0,0,0,3,1,1,1,23,5,1242,1,13,-1,-1,-1
2018010094673,1,2,0,18,0,0,0,0,0,0,4,1,6,1,21,5,125,1,1,2,1,2
2018010094673,2,9,0,18,0,0,0,0,0,0,1,1,6,3,-1,-1,-1,-1,-1,-1,-1,-1
2018010094673,3,9,0,2,0,0,0,0,0,0,2,1,6,3,-1,-1,1242,1,5,-1,-1,-1
2018010094674,1,21,0,18,0,0,0,0,0,0,4,1,1,1,39,7,12777,2,8,4,1,4
2018010094675,1,9,0,18,0,1,0,0,0,0,2,1,6,1,27,6,1995,2,8,1,1,1
2018010094675,2,9,0,18,0,6,0,0,0,0,4,1,6,3,25,5,1598,1,8,1,1,1
2018010094679,1,8,0,-1,-1,-1,-1,-1,-1,-1,-1,-1,6,1,60,9,2143,2,4,6,1,6
2018010094679,2,9,0,-1,-1,-1,-1,-1,-1,-1,1,-1,6,1,-1,-1,998,1,2,-1,-1,-1
2018010094680,1,9,0,-1,0,0,0,0,0,0,-1,-1,6,2,-1,-1,1388,1,9,-1,-1,-1
2018010094680,2,9,0,-1,0,0,0,-1,-1,0,-1,-1,6,2,-1,-1,1497,8,1,3,1,3
2018010094688,1,9,0,-1,-1,-1,-1,-1,-1,-1,2,-1,6,1,28,6,1582,2,5,3,1,3
2018010094688,2,9,0,-1,-1,-1,-1,-1,-1,-1,1,-1,6,3,-1,-1,2268,2,3,4,1,4
2018010094691,1,9,0,13,9,8,5,10,7,10,4,1,6,1,28,6,-1,-1,-1,7,3,7
2018010094691,2,9,0,9,0,5,0,0,0,0,1,1,6,2,29,6,1598,1,9,1,1,1
2018010094692,1,9,0,9,0,1,0,0,0,0,4,1,6,1,69,10,1397,1,8,9,1,9
2018010094693,1,9,0,3,0,8,0,0,0,0,2,-1,6,1,43,7,1298,1,17,5,1,5
2018010094693,2,19,0,18,0,8,0,0,0,0,1,-1,6,3,-1,-1,-1,-1,-1,-1,-1,-1
2018010094697,1,9,0,17,0,8,2,10,0,0,1,1,2,2,44,7,2143,2,6,2,1,2
2018010094707,1,19,0,18,0,0,0,0,0,0,2,1,1,1,42,7,1560,2,4,4,1,4
2018010094707,2,9,0,18,0,0,0,0,0,0,2,1,2,1,27,6,2143,2,4,1,1,1
2018010094707,3,9,0,18,0,0,0,0,0,0,1,1,6,1,32,6,1997,2,1,2,1,2
2018010094707,4,9,0,18,0,0,0,0,0,0,1,1,6,1,53,8,1587,1,11,5,1,5
2018010094718,1,9,0,18,0,8,1,0,1,10,3,1,2,1,21,5,-1,-1,-1,6,1,6
2018010094718,2,9,0,18,0,8,0,0,0,0,1,1,2,2,60,9,1597,2,4,2,1,2
2018010094721,1,9,0,18,0,0,0,0,0,0,-1,-1,6,1,44,7,1794,1,13,3,1,3
2018010094721,2,9,0,18,0,0,0,0,0,0,-1,-1,6,1,-1,-1,1398,1,15,-1,-1,-1
2018010094722,1,9,0,18,0,1,0,0,0,0,2,1,2,2,42,7,1398,1,3,3,1,3
2018010094722,2,21,1,18,0,1,0,0,0,0,1,1,1,1,49,8,-1,-1,-1,-1,-1,-1
2018010094726,1,9,0,9,0,5,0,0,0,0,1,1,2,2,61,9,998,1,3,5,1,5
2018010094726,2,4,0,18,0,8,0,0,0,0,1,1,6,1,53,8,-1,-1,-1,8,1,8
2018010094728,1,19,0,7,0,1,0,0,0,0,1,1,6,2,38,7,2151,2,15,9,3,9
2018010094728,2,1,0,18,0,1,0,0,0,0,1,1,2,1,20,4,-1,-1,-1,1,1,1
2018010094733,1,11,0,3,2,0,0,0,0,0,2,1,6,1,34,6,4500,2,3,5,1,5
2018010094733,2,1,0,18,2,0,0,4,0,0,1,1,2,1,30,6,-1,-1,-1,3,1,3
2018010094734,1,9,0,9,0,1,0,0,0,0,1,1,3,1,56,9,1997,2,7,4,1,4
2018010094734,2,1,0,18,0,1,0,0,0,0,1,1,2,1,35,6,-1,-1,-1,9,1,9
2018010094739,1,9,0,4,0,0,0,0,0,0,2,1,6,1,21,5,998,1,1,3,1,3
2018010094739,2,9,0,18,0,0,0,0,0,0,1,1,6,1,46,8,1997,2,15,5,1,5
2018010094741,1,4,0,18,0,1,1,0,0,0,1,1,2,1,49,8,790,1,13,6,1,6
2018010094741,2,4,0,18,0,1,0,0,0,0,2,1,2,1,47,8,125,1,3,8,1,8
2018010094742,1,9,0,10,0,1,0,0,0,0,1,1,1,1,59,9,1997,2,3,1,1,1
2018010094742,2,4,0,18,0,1,1,0,0,0,1,1,6,1,57,9,249,1,4,6,1,6
2018010094744,1,9,0,18,0,8,0,0,0,0,1,1,3,2,28,6,1388,1,12,2,1,2
2018010094744,2,9,0,18,0,8,0,0,0,0,1,1,6,1,50,8,1910,2,9,4,1,4
2018010094751,1,9,-1,-1,-1,0,-1,-1,-1,-1,-1,-1,6,1,22,5,1461,2,2,4,1,4
2018010094751,2,9,-1,-1,-1,0,-1,-1,-1,-1,-1,-1,6,3,-1,-1,1339,1,8,-1,-1,-1
2018010094764,1,9,0,18,0,0,0,0,0,0,1,1,6,2,64,9,1598,2,6,9,1,9
2018010094764,2,90,4,18,0,0,0,10,0,0,1,1,6,3,-1,-1,2402,2,16,-1,-1,-1
2018010094767,1,11,0,18,2,2,0,0,0,0,1,1,1,1,39,7,4500,2,1,4,1,4
2018010094774,1,19,0,18,0,1,0,0,0,0,1,1,6,1,28,6,2198,2,2,2,1,2
2018010094774,2,9,0,10,0,1,0,0,0,0,2,1,2,1,42,7,998,1,14,8,1,8
2018010094775,1,9,0,4,0,0,0,0,0,0,2,1,1,1,21,5,1364,1,10,2,1,2
2018010094775,2,9,0,4,0,0,0,4,0,0,1,1,1,2,47,8,1587,1,14,1,1,1
2018010094775,3,8,0,4,0,0,0,1,0,0,1,1,1,1,49,8,1797,8,7,3,1,3
2018010094777,1,19,0,9,0,8,0,0,0,0,3,1,1,1,40,7,1995,2,7,9,3,9
2018010094777,2,3,0,13,0,8,5,0,0,0,1,1,2,1,46,8,124,1,6,6,1,6
2018010094782,1,9,0,18,0,2,0,0,0,0,3,1,6,1,37,7,1598,1,6,8,3,8
2018010094782,2,9,0,7,0,6,0,0,0,0,1,1,3,1,39,7,1349,1,13,6,1,6
2018010094785,1,9,-1,-1,0,-1,0,-1,0,0,2,-1,6,2,31,6,1798,1,-1,6,1,6
2018010094785,2,9,-1,-1,0,-1,0,-1,0,0,1,-1,6,1,48,8,2143,2,1,9,1,9
2018010094787,1,9,0,9,0,5,0,0,3,0,1,2,3,2,35,6,1995,2,7,2,1,2
2018010094788,1,3,0,16,0,1,0,0,0,0,1,1,6,1,16,4,49,1,4,10,1,10
2018010094792,1,3,0,13,0,1,1,0,0,0,4,1,2,1,26,6,124,1,9,2,1,2
2018010094792,2,9,0,5,0,6,0,0,0,0,1,1,6,1,53,8,2962,1,31,9,1,9
2018010094793,1,3,0,13,0,1,0,0,0,0,4,1,2,1,36,7,124,1,8,3,1,3
2018010094793,2,9,0,9,0,1,0,0,0,0,3,1,1,1,53,8,1598,2,4,2,1,2
2018010094798,1,19,0,4,0,1,0,0,0,0,1,1,1,1,31,6,2461,2,9,-1,-1,-1
2018010094799,1,9,0,4,0,0,0,-1,0,0,1,-1,6,2,38,7,1999,1,12,2,1,2
2018010094799,2,9,0,18,0,0,-1,0,0,0,1,-1,6,1,-1,-1,1968,2,11,2,1,2
2018010094801,1,9,0,4,0,4,0,0,0,0,2,1,6,1,41,7,1598,1,14,2,1,2
2018010094801,2,9,0,4,0,4,0,0,0,0,1,1,6,1,37,7,1197,1,6,2,1,2
2018010094801,3,9,0,4,0,4,0,0,0,0,0,1,1,1,46,8,1200,1,2,4,1,4
2018010094802,1,9,0,9,4,1,0,0,0,0,1,1,3,2,32,6,1596,1,10,3,1,3
2018010094802,2,1,0,18,0,1,0,0,0,0,1,1,1,1,36,7,-1,-1,-1,2,1,2
2018010094805,1,9,0,-1,-1,-1,-1,-1,-1,-1,-1,-1,6,2,23,5,1598,1,13,1,1,1
2018010094805,2,9,0,-1,-1,-1,-1,-1,-1,-1,2,-1,6,3,23,5,2179,2,4,2,1,2
2018010094809,1,9,-1,-1,-1,-1,-1,-1,-1,-1,-1,-1,6,1,49,8,1968,2,4,-1,-1,-1
2018010094809,2,9,-1,-1,-1,-1,-1,-1,-1,-1,-1,-1,6,2,-1,-1,1598,1,11,10,1,10
2018010094818,1,9,0,4,0,1,0,0,0,0,1,1,6,2,54,8,1995,2,8,8,1,8
2018010094820,1,8,0,-1,-1,-1,-1,-1,-1,-1,1,-1,6,1,-1,-1,-1,-1,-1,-1,-1,-1
2018010094832,1,11,0,5,0,8,0,0,0,0,0,1,1,1,42,7,4500,2,1,3,1,3
2018010094834,1,11,0,18,2,1,0,0,0,0,0,1,1,1,39,7,6700,2,7,3,1,3
2018010094835,1,1,0,18,0,8,0,0,0,0,1,1,2,1,58,9,-1,-1,-1,8,1,8
2018010094835,2,4,0,9,0,8,0,0,0,0,1,1,6,3,-1,-1,-1,-1,-1,-1,-1,-1
2018010094838,1,9,0,-1,-1,-1,-1,-1,-1,-1,-1,-1,6,1,35,6,1995,1,8,3,1,3
2018010094838,2,9,0,-1,-1,-1,-1,-1,-1,-1,-1,-1,6,3,-1,-1,1995,1,7,-1,-1,-1
2018010094842,1,1,0,-1,0,1,0,0,0,0,2,1,6,1,27,6,-1,-1,-1,1,1,1
2018010094842,2,9,0,-1,0,1,0,0,0,0,1,-1,6,3,-1,-1,1596,1,14,3,1,3
2018010094843,1,9,0,18,0,0,0,11,0,0,2,1,6,1,27,6,1995,2,3,7,1,7
2018010094845,1,9,0,18,0,4,0,4,0,0,1,1,6,1,20,4,2198,1,13,-1,-1,-1
2018010094845,2,9,0,18,0,4,1,0,0,0,2,1,3,1,36,7,1988,1,16,1,1,1
2018010094845,3,19,0,18,0,8,0,0,0,0,1,1,1,1,39,7,2143,2,8,-1,-1,-1
2018010094846,1,19,0,18,0,1,0,0,0,0,4,1,6,1,45,7,2198,2,3,5,1,5
2018010094849,1,9,0,-1,-1,0,-1,-1,-1,-1,-1,-1,6,1,-1,-1,1598,1,10,9,1,9
2018010094854,1,11,0,18,0,0,0,0,0,0,0,1,6,1,-1,-1,5132,2,2,-1,-1,-1
2018010094861,1,9,-1,-1,-1,-1,-1,-1,-1,-1,-1,-1,6,1,56,9,1968,2,9,4,1,4
2018010094861,2,9,-1,-1,-1,-1,-1,-1,-1,-1,-1,-1,6,1,-1,-1,1797,8,5,-1,-1,-1
2018010094867,1,9,0,18,0,8,0,0,0,0,2,1,1,1,50,8,-1,-1,-1,2,1,2
2018010094867,2,9,0,9,0,6,0,0,0,0,1,1,6,1,36,7,1995,2,5,6,1,6
2018010094869,1,9,-1,1,-1,-1,-1,-1,-1,-1,-1,-1,6,3,-1,-1,-1,-1,-1,-1,-1,-1
2018010094872,1,9,0,-1,-1,-1,-1,-1,-1,-1,2,-1,6,1,34,6,1580,8,1,8,1,8
2018010094872,2,9,0,-1,-1,-1,-1,-1,-1,-1,1,-1,6,2,-1,-1,1799,1,11,4,1,4
2018010094873,1,11,0,7,0,2,0,0,0,0,4,1,6,1,60,9,4461,2,5,10,2,10
2018010094873,2,1,0,18,0,3,0,0,0,0,2,1,6,1,59,9,-1,-1,-1,8,1,8
2018010094874,1,9,0,7,0,5,0,11,0,0,1,1,6,1,29,6,1598,1,7,4,1,4
2018010094876,1,9,0,18,0,3,0,0,0,0,1,1,6,1,23,5,1395,1,2,3,1,3
2018010094881,1,8,0,9,0,1,0,0,0,0,1,1,1,1,32,6,2499,2,5,9,1,9
2018010094881,2,1,0,18,0,1,0,0,0,0,1,1,1,1,25,5,-1,-1,-1,6,1,6
2018010094884,1,9,0,10,0,6,0,0,0,0,1,1,2,1,51,8,-1,-1,-1,9,1,9
2018010094884,2,5,0,3,0,1,0,0,0,0,3,1,2,3,28,6,1261,1,14,8,1,8
2018010094887,1,9,0,18,0,8,0,0,0,0,1,1,6,1,71,10,1596,1,7,3,1,3
2018010094887,2,9,0,9,0,8,0,0,0,0,4,1,3,1,22,5,1998,1,15,5,1,5
2018010094888,1,9,0,-1,-1,-1,-1,-1,-1,-1,2,-1,2,2,31,6,1596,1,8,5,1,5
2018010094888,2,19,0,-1,-1,-1,-1,-1,-1,-1,1,-1,6,1,-1,-1,2198,2,2,-1,-1,-1
2018010094889,1,9,0,18,0,1,0,10,0,0,3,1,6,1,35,6,3199,1,15,8,1,8
2018010094889,2,9,0,12,0,1,5,10,0,0,3,1,6,1,35,6,1198,1,9,4,1,4
2018010094892,1,9,0,9,0,5,0,0,0,0,1,1,6,1,77,11,1388,1,6,2,1,2
2018010094892,2,5,0,18,0,1,0,0,0,0,1,1,6,1,26,6,1043,1,1,2,1,2
2018010094896,1,9,0,14,0,1,0,11,0,0,1,1,6,2,19,4,999,1,1,3,1,3
2018010094897,1,9,0,5,0,0,0,0,0,0,1,1,6,2,39,7,2199,2,8,10,1,10
2018010094897,2,5,0,15,0,0,2,0,0,0,1,1,2,1,67,10,647,1,13,10,1,10
2018010094900,1,9,0,18,0,3,0,0,0,0,1,1,6,2,29,6,1498,1,2,3,1,3
2018010094903,1,3,0,18,2,0,0,0,0,0,1,1,2,1,33,6,124,1,8,8,1,8
2018010094906,1,9,0,5,0,0,0,0,0,0,4,1,6,1,37,7,3800,1,8,7,1,7