Accident_Index,Vehicle_Reference,Vehicle_Type,Towing_and_Articulation,Vehicle_Manoeuvre,Vehicle_Location-Restricted_Lane,Junction_Location,Skidding_and_Overturning,Hit_Object_in_Carriageway,Vehicle_Leaving_Carriageway,Hit_Object_off_Carriageway,1st_Point_of_Impact,Was_Vehicle_Left_Hand_Drive?,Journey_Purpose_of_Driver,Sex_of_Driver,Age_of_Driver,Age_Band_of_Driver,Engine_Capacity_(CC),Propulsion_Code,Age_of_Vehicle,Driver_IMD_Decile,Driver_Home_Area_Type,Vehicle_IMD_Decile
2018010095861,2,20,0,-1,-1,-1,-1,-1,-1,-1,-1,-1,6,3,-1,-1,-1,-1,-1,-1,-1,-1
2018010095863,1,11,0,17,2,3,0,0,0,0,0,1,1,1,53,8,4500,2,8,5,1,5
2018010095872,1,19,0,5,0,0,0,0,0,0,1,1,1,1,64,9,1598,2,3,9,1,9
2018010095872,2,5,0,18,0,0,0,0,0,0,1,1,6,1,38,7,675,1,3,1,1,1
2018010095872,3,9,0,18,0,0,0,0,0,0,1,1,6,2,44,7,1968,2,2,-1,-1,-1
2018010095874,1,11,0,4,2,1,0,0,0,0,0,1,1,1,51,8,4500,2,7,3,1,3
2018010095878,1,9,0,9,0,8,0,11,0,0,1,1,6,2,38,7,998,1,2,4,1,4
2018010095881,1,2,0,15,0,1,0,10,0,0,3,1,1,1,58,9,124,1,7,3,1,3
2018010095881,2,9,0,7,0,1,0,0,0,0,4,1,1,1,50,8,1968,2,3,3,1,3
2018010095884,1,1,0,18,0,8,2,0,0,0,3,1,6,1,-1,-1,-1,-1,-1,6,1,6
2018010095884,2,9,0,7,0,8,0,0,0,0,4,-1,6,3,-1,-1,1798,8,4,-1,-1,-1
2018010095885,1,8,0,5,0,0,0,0,0,0,1,1,1,1,55,8,1998,2,4,1,1,1
2018010095886,1,3,0,18,0,1,0,0,0,0,1,1,6,1,32,6,125,1,5,2,1,2
2018010095886,2,9,0,9,0,1,0,0,0,0,1,1,6,2,-1,-1,1560,2,12,2,1,2
2018010095887,1,19,0,-1,-1,-1,0,-1,-1,-1,-1,-1,6,3,-1,-1,2198,2,2,-1,-1,-1
2018010095888,1,9,0,18,0,2,0,0,0,0,1,1,1,1,29,6,1968,2,6,10,1,10
2018010095893,1,19,0,7,0,0,0,0,0,0,0,1,1,1,38,7,2198,2,3,-1,-1,-1
2018010095900,1,9,0,5,0,0,0,0,0,0,3,1,2,2,39,7,1595,1,10,6,1,6
2018010095900,2,19,0,18,0,0,0,8,0,0,1,1,1,1,29,6,2143,2,4,7,1,7
2018010095901,1,9,0,10,0,4,0,0,0,0,1,1,6,1,53,8,1598,1,12,1,1,1
2018010095901,2,1,0,18,0,3,0,0,0,0,4,1,6,2,42,7,-1,-1,-1,1,1,1
2018010095902,1,9,0,-1,-1,-1,-1,-1,-1,-1,-1,-1,2,1,38,7,1798,1,10,9,1,9
2018010095902,2,9,0,-1,-1,-1,-1,-1,-1,-1,1,-1,6,2,-1,-1,1389,1,14,-1,-1,-1
2018010095904,1,9,0,-1,-1,-1,-1,-1,-1,-1,1,-1,6,1,-1,-1,-1,-1,-1,-1,-1,-1
2018010095911,1,19,0,9,0,5,0,0,0,0,4,2,1,1,54,8,2148,2,10,4,1,4
2018010095911,2,1,0,18,0,8,0,0,0,0,1,1,1,1,50,8,-1,-1,-1,2,1,2
2018010095919,1,2,0,-1,-1,-1,-1,-1,-1,-1,-1,1,6,1,16,4,49,1,13,8,1,8
2018010095919,2,9,0,-1,-1,-1,-1,-1,-1,-1,1,-1,6,1,-1,-1,1997,1,10,-1,-1,-1
2018010095924,1,9,0,18,0,1,0,0,0,0,-1,1,6,1,-1,-1,-1,-1,-1,-1,-1,-1
2018010095929,1,9,-1,18,0,1,0,0,0,0,-1,-1,6,1,-1,-1,-1,-1,-1,-1,-1,-1
2018010095932,1,9,0,5,0,1,0,0,0,0,1,1,2,1,46,8,-1,-1,-1,2,1,2
2018010095932,2,9,0,9,0,6,1,0,0,0,1,1,2,1,25,5,998,1,1,2,1,2
2018010095937,1,9,0,18,0,0,0,0,0,0,1,1,6,1,57,9,2997,1,23,2,1,2
2018010095937,2,9,0,3,0,0,0,0,0,0,2,1,6,1,33,6,1685,2,2,6,3,6
2018010095937,3,19,0,3,0,0,0,0,0,0,2,1,1,1,69,10,2198,2,3,2,1,2
2018010095937,4,21,0,3,0,0,0,0,0,0,2,1,1,1,48,8,12902,2,2,-1,-1,-1
2018010095938,1,9,0,18,0,0,0,0,0,0,2,1,6,2,44,7,2171,1,16,-1,-1,-1
2018010095938,2,19,0,18,0,0,0,0,0,0,1,1,1,1,21,5,2295,7,12,5,1,5
2018010095940,1,3,0,18,0,1,0,0,0,0,1,1,2,1,25,5,125,1,3,6,1,6
2018010095940,2,9,0,3,0,6,0,0,0,0,3,1,3,1,34,6,1598,2,6,3,1,3
2018010095941,1,9,0,18,0,1,0,0,0,0,3,1,6,3,-1,-1,1796,1,13,-1,-1,-1
2018010095947,1,9,0,14,0,0,0,0,0,0,4,1,6,1,71,10,1999,2,2,5,1,5
2018010095949,1,8,0,5,0,8,0,0,0,0,1,1,1,1,42,7,1560,2,3,1,1,1
2018010095949,2,3,0,5,0,8,0,0,0,0,1,1,1,1,36,7,125,1,1,4,1,4
2018010095956,1,1,-1,-1,-1,-1,-1,-1,-1,-1,-1,1,2,1,28,6,-1,-1,-1,6,1,6
2018010095956,2,9,0,-1,-1,-1,-1,-1,-1,-1,1,-1,6,1,-1,-1,-1,-1,-1,-1,-1,-1
2018010095957,1,9,0,-1,-1,-1,-1,-1,-1,-1,2,-1,6,2,33,6,1240,1,12,4,1,4
2018010095957,2,20,0,-1,-1,-1,-1,-1,-1,-1,1,-1,6,1,-1,-1,-1,-1,-1,7,3,7
2018010095960,1,9,0,4,5,1,0,0,0,0,1,1,6,2,22,5,1296,1,12,1,1,1
2018010095961,1,4,0,18,9,0,0,0,0,0,1,1,6,1,19,4,-1,-1,-1,2,1,2
2018010095961,2,19,0,7,9,0,0,0,0,0,1,1,1,1,52,8,-1,-1,-1,3,1,3
2018010095962,1,3,-1,-1,-1,-1,-1,-1,-1,-1,1,1,6,1,23,5,108,1,7,7,1,7
2018010095962,2,9,0,-1,-1,-1,-1,-1,-1,-1,3,-1,6,3,-1,-1,-1,-1,-1,-1,-1,-1
2018010095968,1,9,-1,-1,-1,-1,-1,-1,-1,-1,-1,-1,6,3,-1,-1,-1,-1,-1,-1,-1,-1
2018010095970,1,1,-1,-1,-1,-1,-1,-1,-1,-1,-1,1,2,1,54,8,-1,-1,-1,3,1,3
2018010095970,2,9,0,-1,-1,-1,-1,-1,-1,-1,1,-1,6,2,-1,-1,-1,3,1,2,1,2
2018010095973,1,9,0,3,0,5,0,0,0,0,1,1,3,2,48,8,1997,1,11,8,1,8
2018010095973,2,9,0,1,0,5,0,0,0,0,2,1,6,3,-1,-1,2987,2,12,-1,-1,-1
2018010095979,1,11,0,5,2,1,0,0,0,0,0,1,1,1,35,6,6700,2,9,1,1,1
2018010095981,1,1,0,18,0,0,1,0,0,0,1,1,2,1,48,8,-1,-1,-1,10,1,10
2018010095981,2,11,0,2,2,0,0,0,0,0,2,1,6,3,-1,-1,4500,2,8,-1,-1,-1
2018010095983,1,9,0,18,0,0,0,0,0,0,1,1,6,2,-1,-1,-1,-1,-1,-1,-1,-1
2018010095984,1,9,0,18,0,1,0,0,0,0,2,1,6,1,26,6,1199,1,15,3,1,3
2018010095984,2,9,0,18,0,1,0,0,0,0,1,1,6,2,45,7,1797,8,3,2,1,2
2018010095987,1,1,-1,-1,-1,-1,-1,-1,-1,-1,1,1,6,2,30,6,-1,-1,-1,1,1,1
2018010095987,2,9,0,-1,-1,-1,-1,-1,-1,-1,-1,-1,6,2,49,8,1799,1,12,3,1,3
2018010095988,1,9,0,7,0,7,0,0,0,0,2,1,1,1,33,6,-1,-1,-1,4,1,4
2018010095990,1,1,-1,-1,-1,-1,-1,-1,-1,-1,1,1,2,1,35,6,-1,-1,-1,7,1,7
2018010095990,2,9,0,-1,-1,-1,-1,-1,-1,-1,3,-1,6,3,-1,-1,1995,2,2,6,1,6
2018010095993,1,9,0,18,0,0,0,0,0,0,4,1,6,3,-1,-1,-1,-1,-1,-1,-1,-1
2018010095997,1,9,0,17,0,1,0,0,0,0,3,1,1,1,24,5,1956,2,7,2,1,2
2018010095997,2,3,0,13,0,1,0,0,0,0,4,1,1,1,21,5,124,1,11,3,1,3
2018010095999,1,2,0,18,0,1,2,0,0,0,1,1,6,1,17,4,124,1,5,2,1,2
2018010095999,2,9,0,4,0,1,0,0,0,0,2,1,6,1,49,8,2143,2,3,6,1,6
2018010096002,1,9,0,9,0,0,0,0,0,0,1,1,6,2,33,6,1242,1,18,3,1,3
2018010096002,2,9,0,18,0,0,1,0,0,0,1,1,6,2,44,7,1595,2,8,2,1,2
2018010096003,1,9,0,-1,-1,-1,-1,-1,-1,-1,-1,-1,6,1,-1,-1,2354,1,14,-1,-1,-1
2018010096009,1,5,0,13,0,0,0,0,0,0,3,1,6,1,48,8,1157,1,20,1,1,1
2018010096009,2,3,0,18,0,0,0,0,0,0,3,1,6,3,-1,-1,-1,-1,-1,-1,-1,-1
2018010096010,1,1,-1,-1,-1,-1,-1,-1,-1,-1,-1,1,6,1,-1,-1,-1,-1,-1,3,1,3
2018010096011,1,9,0,-1,-1,8,-1,-1,-1,-1,2,1,6,1,28,6,2998,1,1,9,2,9
2018010096011,2,9,0,-1,0,1,0,0,0,0,1,-1,6,1,-1,-1,2597,1,15,3,1,3
2018010096013,1,9,0,9,0,1,0,0,0,0,3,1,6,2,32,6,-1,-1,-1,9,1,9
2018010096013,2,9,0,18,0,1,0,0,0,0,1,1,6,2,46,8,2967,2,10,4,1,4
2018010096016,1,11,0,18,0,1,0,0,0,0,4,1,1,1,35,6,9000,2,9,3,1,3
2018010096016,2,9,0,11,0,1,0,0,0,0,1,1,6,3,-1,-1,-1,-1,-1,-1,-1,-1
2018010096017,1,9,0,18,0,0,0,0,0,0,2,1,2,1,60,9,1149,1,7,4,1,4
2018010096017,2,9,0,18,0,0,0,0,0,0,1,1,6,1,34,6,1596,1,5,8,1,8
2018010096019,1,1,-1,-1,-1,-1,-1,-1,-1,-1,1,1,2,1,25,5,-1,-1,-1,5,1,5
2018010096019,2,8,0,-1,-1,-1,-1,-1,-1,-1,-1,-1,6,3,-1,-1,-1,-1,-1,-1,-1,-1
2018010096021,1,1,-1,-1,-1,0,-1,-1,-1,-1,1,1,6,1,33,6,-1,-1,-1,2,1,2
2018010096021,2,8,0,-1,-1,0,-1,-1,-1,-1,3,-1,6,1,-1,-1,2499,2,8,2,1,2
2018010096022,1,9,0,18,0,4,5,9,3,0,1,1,6,3,-1,-1,1991,1,4,-1,-1,-1
2018010096022,2,9,0,18,0,4,0,0,0,0,1,1,6,3,-1,-1,2143,2,2,-1,-1,-1
2018010096024,1,9,0,18,0,0,0,0,0,0,2,1,6,2,30,6,998,1,2,4,1,4
2018010096024,2,9,0,18,0,0,0,0,0,0,2,1,6,1,-1,-1,1598,1,5,-1,-1,-1
2018010096024,3,9,0,18,0,0,0,0,0,0,1,1,6,1,-1,-1,-1,-1,-1,-1,-1,-1
2018010096025,1,9,0,-1,-1,-1,-1,-1,-1,-1,4,-1,6,1,32,6,4398,1,14,8,1,8
2018010096025,2,9,0,-1,-1,-1,-1,-1,-1,-1,-1,-1,6,1,-1,-1,1364,1,12,8,1,8
2018010096026,1,8,0,6,0,1,0,0,0,0,3,1,1,1,45,7,1798,8,4,2,1,2
2018010096026,2,9,0,18,0,1,0,0,0,0,1,1,6,2,86,11,1240,1,15,2,1,2
2018010096029,1,9,0,3,0,1,0,0,0,0,2,1,6,2,25,5,1242,1,9,3,1,3
2018010096029,2,9,0,15,0,1,0,0,0,0,1,1,6,1,29,6,999,1,2,3,1,3
2018010096032,1,11,0,5,0,0,0,0,0,0,1,1,1,1,50,8,6700,2,8,8,1,8
2018010096033,1,4,0,16,0,0,0,0,0,0,1,1,1,1,22,5,125,1,9,4,1,4
2018010096033,2,9,0,5,0,0,0,0,0,0,1,1,6,3,-1,-1,-1,-1,-1,-1,-1,-1
2018010096035,1,9,0,18,0,2,0,0,0,0,1,1,6,1,38,7,1968,2,7,4,1,4
2018010096040,1,3,0,18,0,3,0,0,0,0,1,1,2,1,19,4,125,1,7,-1,-1,-1
2018010096040,2,9,0,3,0,3,0,0,0,0,2,1,1,1,49,8,1398,1,1,9,1,9
2018010096044,1,1,-1,18,4,0,-1,0,-1,-1,-1,1,6,1,37,7,-1,-1,-1,3,1,3
2018010096044,2,9,-1,-1,0,0,-1,0,-1,-1,-1,-1,6,1,-1,-1,1798,8,1,-1,-1,-1
2018010096049,1,1,-1,-1,-1,-1,-1,-1,-1,-1,-1,1,2,1,43,7,-1,-1,-1,2,1,2
2018010096049,2,9,0,-1,-1,-1,-1,-1,-1,-1,1,-1,6,2,-1,-1,1598,1,8,4,1,4
2018010096051,1,3,0,18,0,0,0,-1,0,0,1,1,6,1,28,6,125,1,4,8,1,8
2018010096052,1,9,0,4,0,1,0,0,0,0,1,1,1,1,37,7,-1,-1,-1,2,1,2
2018010096052,2,8,0,17,0,1,0,0,0,0,0,1,1,1,55,8,2143,2,1,7,1,7
2018010096055,1,20,5,7,0,6,0,0,0,0,4,1,1,1,27,6,8867,2,10,8,1,8
2018010096055,2,1,0,5,0,6,0,0,0,0,1,1,1,1,41,7,-1,-1,-1,2,1,2
2018010096061,1,9,0,18,0,0,0,0,0,0,1,-1,6,1,39,7,1799,1,11,-1,-1,-1
2018010096061,2,90,-1,18,0,0,0,0,0,0,1,-1,6,1,49,8,-1,-1,-1,9,3,9
2018010096062,1,9,0,7,9,0,0,0,1,0,4,1,1,1,42,7,1582,2,5,4,1,4
2018010096071,1,9,0,15,0,3,0,0,0,0,1,1,6,3,-1,-1,-1,-1,-1,-1,-1,-1
2018010096071,2,1,0,17,0,2,0,0,0,0,2,1,1,1,25,5,-1,-1,-1,2,1,2
2018010096090,1,19,0,-1,-1,8,-1,-1,-1,-1,1,1,6,1,25,5,1598,2,5,10,1,10
2018010096090,2,9,0,-1,0,8,0,0,0,0,4,-1,6,2,32,6,1999,2,-1,7,1,7
2018010096091,1,19,-1,-1,-1,-1,-1,-1,-1,-1,-1,-1,6,3,-1,-1,2402,2,8,-1,-1,-1
2018010096095,1,5,0,13,0,1,0,0,0,0,4,1,6,1,32,6,599,1,6,9,1,9
2018010096095,2,9,0,9,0,6,0,0,0,0,1,1,6,1,71,10,1781,1,15,4,1,4
2018010096098,1,9,0,18,0,0,0,0,0,0,1,1,6,2,29,6,1388,1,9,3,1,3
2018010096098,2,9,0,18,0,0,0,0,0,0,1,1,6,1,42,7,2993,2,13,3,1,3
2018010096098,3,9,0,18,0,0,0,0,0,0,2,1,2,1,35,6,1998,2,11,3,1,3
2018010096099,1,1,-1,-1,-1,-1,-1,-1,-1,-1,1,1,2,1,36,7,-1,-1,-1,4,1,4
2018010096099,2,8,0,-1,-1,-1,-1,-1,-1,-1,-1,-1,6,1,-1,-1,1968,2,3,-1,-1,-1
2018010096101,1,9,0,7,2,5,0,0,7,0,2,1,6,1,63,9,1120,1,22,7,2,7
2018010096101,2,11,0,16,2,1,0,0,0,0,1,1,1,1,28,6,4500,2,3,1,1,1
2018010096102,1,9,0,3,0,0,0,0,0,0,2,1,2,2,53,8,1388,1,11,8,1,8
2018010096102,2,9,0,7,0,0,0,0,0,0,1,2,6,1,30,6,1995,2,4,5,1,5
2018010096102,3,9,0,3,0,0,0,0,0,0,2,1,6,1,46,8,1753,2,8,4,1,4
2018010096102,4,8,0,3,0,0,0,0,0,0,2,1,2,1,51,8,1797,8,4,8,1,8
2018010096103,1,9,0,-1,-1,-1,-1,-1,-1,-1,1,-1,6,1,37,7,1560,2,5,2,1,2
2018010096103,2,8,0,-1,-1,-1,-1,-1,-1,-1,2,-1,6,1,-1,-1,1560,2,4,7,1,7
2018010096107,1,9,0,-1,-1,-1,-1,-1,-1,-1,2,-1,6,1,29,6,1995,2,11,3,1,3
2018010096107,2,9,-1,-1,-1,-1,-1,-1,-1,-1,-1,-1,6,1,-1,-1,1910,2,12,-1,-1,-1
2018010096108,1,9,-1,-1,-1,-1,-1,-1,-1,-1,-1,-1,6,3,38,7,1984,1,7,-1,-1,-1
2018010096108,2,3,-1,-1,-1,-1,-1,-1,-1,-1,-1,1,6,1,38,7,125,1,1,9,1,9
2018010096112,1,9,0,-1,-1,0,-1,-1,-1,-1,2,-1,6,2,34,6,1200,1,5,8,1,8
2018010096112,2,9,0,-1,-1,0,-1,-1,-1,-1,2,-1,6,2,-1,-1,1596,1,8,4,1,4
2018010096113,1,19,0,14,0,6,0,0,0,0,4,1,6,1,29,6,1995,2,1,5,1,5
2018010096113,2,9,0,5,0,6,0,0,0,0,4,1,6,2,68,10,1781,1,14,7,1,7
2018010096114,1,11,0,9,0,8,0,0,0,0,1,1,1,1,50,8,6700,2,9,4,1,4
2018010096114,2,9,0,9,0,6,0,0,0,0,1,1,6,1,36,7,1998,8,3,3,1,3
2018010096119,1,2,0,-1,-1,-1,-1,-1,-1,-1,-1,1,6,1,26,6,49,1,-1,1,1,1
2018010096119,2,9,0,-1,-1,-1,-1,-1,-1,-1,-1,-1,6,1,-1,-1,-1,-1,-1,-1,-1,-1
2018010096121,1,1,0,18,9,1,0,0,0,0,1,1,6,1,13,3,-1,-1,-1,6,1,6
2018010096121,2,19,0,1,9,1,0,0,0,0,2,1,6,3,-1,-1,-1,-1,-1,-1,-1,-1
2018010096126,1,9,-1,-1,-1,0,-1,-1,-1,-1,1,-1,2,1,29,6,1339,1,7,1,1,1
2018010096126,2,90,-1,5,0,0,0,0,3,0,1,-1,6,3,-1,-1,5193,2,10,-1,-1,-1
2018010096128,1,9,0,18,0,2,5,0,0,0,1,1,6,2,56,9,1229,1,12,4,1,4
2018010096128,2,9,0,2,0,2,0,0,0,0,3,1,6,3,-1,-1,1364,1,11,-1,-1,-1
2018010096136,1,3,0,18,0,2,0,0,0,0,4,1,1,1,27,6,108,1,3,8,1,8
2018010096136,2,9,0,9,0,2,0,0,0,0,1,1,1,1,40,7,-1,-1,-1,2,1,2
2018010096143,1,9,0,18,0,0,0,4,0,0,1,1,6,2,35,6,1397,1,8,9,1,9
2018010096143,2,9,0,3,0,0,0,4,0,0,2,1,1,2,50,8,1995,1,4,6,1,6
2018010096143,3,8,0,4,0,0,0,4,0,0,2,1,1,1,36,7,1968,2,7,3,1,3
2018010096143,4,9,0,2,0,0,0,0,0,0,2,1,6,3,-1,-1,-1,-1,-1,-1,-1,-1
2018010096147,1,3,0,18,0,1,0,0,0,0,1,1,2,1,34,6,125,1,4,2,1,2
2018010096150,1,5,0,14,0,0,0,0,0,0,4,1,1,1,60,9,1084,1,21,7,3,7
2018010096150,2,9,0,9,0,0,0,0,0,0,3,1,6,2,33,6,2179,2,5,3,3,3
2018010096154,1,9,0,18,0,1,0,0,0,0,1,1,6,2,71,10,1318,1,1,4,1,4
2018010096158,1,3,0,18,0,0,0,0,0,0,1,1,6,3,-1,-1,-1,-1,-1,-1,-1,-1
2018010096162,1,9,0,18,0,1,0,0,0,0,3,1,6,2,39,7,1339,1,11,6,1,6
2018010096162,2,9,0,5,0,1,0,0,0,0,1,1,6,2,71,10,1598,1,13,9,1,9
2018010096163,1,2,-1,14,0,-1,-1,-1,-1,-1,-1,1,6,3,-1,-1,125,1,1,-1,-1,-1
2018010096164,1,4,0,18,0,0,1,0,0,0,1,1,6,1,52,8,675,1,8,2,1,2
2018010096167,1,9,0,18,0,0,0,0,0,0,1,1,1,1,23,5,-1,-1,-1,5,1,5
2018010096167,2,9,0,1,0,0,0,0,0,0,2,1,6,1,58,9,1956,2,8,9,1,9
2018010096168,1,9,0,1,0,0,0,0,0,0,2,1,6,1,36,7,-1,-1,-1,3,1,3
2018010096170,1,1,-1,-1,-1,-1,-1,-1,-1,-1,1,1,2,1,40,7,-1,-1,-1,2,1,2
2018010096170,2,9,0,-1,-1,-1,-1,-1,-1,-1,-1,-1,6,1,-1,-1,1995,2,3,2,1,2
2018010096172,1,5,0,18,0,0,1,0,0,0,4,1,2,1,43,7,654,1,11,3,1,3
2018010096174,1,9,0,18,0,2,0,0,0,0,4,1,6,2,24,5,1461,2,7,3,1,3
2018010096175,1,9,0,18,0,8,0,0,0,0,1,1,2,1,50,8,1995,2,2,5,1,5
2018010096175,2,9,0,18,0,1,0,0,0,0,1,1,6,2,26,6,1560,2,4,5,1,5
2018010096178,1,9,-1,-1,-1,0,-1,-1,-1,-1,2,-1,6,1,32,6,1229,1,6,1,1,1
2018010096178,2,9,-1,-1,-1,0,-1,-1,-1,-1,-1,-1,6,3,-1,-1,-1,-1,-1,-1,-1,-1
2018010096179,1,1,-1,-1,-1,-1,-1,-1,-1,-1,1,1,2,2,44,7,-1,-1,-1,3,1,3
2018010096179,2,9,0,-1,-1,-1,-1,-1,-1,-1,-1,-1,6,2,39,7,1968,2,4,2,1,2
2018010096185,1,9,0,9,0,1,0,0,0,0,1,1,6,1,67,10,1397,1,17,4,1,4
2018010096185,2,5,0,18,2,1,0,0,0,0,1,1,6,1,37,7,998,1,14,2,1,2
2018010096190,1,8,0,9,0,8,0,0,0,0,1,1,2,1,46,8,2402,2,14,3,1,3
2018010096190,2,1,0,18,0,8,0,0,0,0,1,1,2,2,40,7,-1,-1,-1,2,1,2
2018010096191,1,21,0,9,0,8,0,0,0,0,3,1,2,1,53,8,12902,2,5,2,1,2
2018010096191,2,9,0,9,0,8,0,7,0,0,1,1,6,2,46,8,875,1,7,4,1,4
2018010096193,1,11,0,5,0,1,0,0,0,0,0,1,1,1,52,8,7300,2,12,8,1,8
2018010096193,2,8,0,9,0,1,0,0,0,0,0,1,6,1,25,5,1797,8,8,1,1,1
2018010096195,1,8,0,6,0,1,0,0,0,0,1,1,1,1,40,7,2987,2,3,2,1,2
2018010096195,2,3,0,18,0,1,0,0,0,0,1,1,6,1,22,5,125,1,2,5,1,5
2018010096197,1,19,0,5,0,2,0,0,0,0,1,1,1,1,57,9,1968,2,2,2,1,2
2018010096198,1,19,0,18,0,0,0,0,0,0,1,1,1,1,25,5,1560,2,-1,5,1,5
2018010096198,2,19,0,4,0,0,0,0,0,0,2,1,1,1,26,6,1598,2,3,6,1,6
2018010096201,1,9,0,18,0,1,0,0,0,0,1,1,6,1,26,6,1598,1,13,6,1,6
2018010096201,2,9,0,4,0,1,0,0,0,0,2,1,6,1,35,6,1397,1,10,3,1,3
2018010096203,1,9,0,10,0,2,0,0,0,0,1,1,6,1,58,9,1686,2,9,3,1,3
2018010096203,2,1,0,16,0,1,5,0,0,0,1,1,6,1,51,8,-1,-1,-1,2,1,2
2018010096205,1,9,0,9,0,1,0,0,0,0,1,1,6,1,66,10,1598,1,17,8,1,8
2018010096205,2,4,0,18,0,1,0,0,0,0,1,1,1,1,28,6,125,1,7,5,1,5
2018010096213,1,9,0,18,0,0,0,0,0,0,1,1,6,1,71,10,1598,1,14,8,1,8
2018010096213,2,9,0,2,0,0,0,0,0,0,0,1,6,3,-1,-1,3311,8,10,-1,-1,-1
2018010096213,3,9,0,2,0,0,0,0,0,0,2,1,6,3,-1,-1,1598,1,11,-1,-1,-1
2018010096218,1,1,-1,-1,-1,-1,-1,-1,-1,-1,1,1,2,1,23,5,-1,-1,-1,3,-1,3
2018010096218,2,19,0,-1,-1,-1,-1,-1,-1,-1,-1,-1,6,3,48,8,2402,2,8,3,1,3
2018010096226,1,9,0,1,0,5,0,11,0,0,2,1,6,1,75,10,1998,1,13,-1,-1,-1
2018010096228,1,1,-1,-1,-1,-1,-1,-1,-1,-1,1,1,2,2,32,6,-1,-1,-1,4,1,4
2018010096228,2,9,0,-1,-1,-1,-1,-1,-1,-1,-1,-1,6,2,-1,-1,-1,-1,-1,-1,-1,-1
2018010096231,1,9,0,18,0,1,0,4,0,0,1,1,6,1,17,4,1229,1,11,10,1,10
2018010096231,2,9,0,4,0,2,0,4,0,0,2,1,6,2,41,7,1242,1,2,7,1,7
2018010096231,3,9,0,4,0,2,0,0,0,0,2,1,6,1,43,7,1685,2,4,9,1,9
2018010096232,1,9,0,4,0,0,0,0,0,0,3,1,2,1,34,6,1390,1,12,4,1,4
2018010096232,2,1,0,18,0,0,0,0,0,0,1,1,2,1,29,6,-1,-1,-1,5,1,5
2018010096235,1,9,0,9,0,1,0,0,0,0,1,1,6,1,53,8,2000,1,22,6,1,6
2018010096235,2,9,0,18,2,1,0,0,0,0,1,1,6,1,23,5,1991,1,1,5,1,5
2018010096239,1,11,0,4,2,1,0,0,0,0,0,1,1,1,18,4,4760,2,7,-1,-1,-1
2018010096242,1,1,-1,-1,-1,-1,-1,-1,-1,-1,-1,1,2,1,47,8,-1,-1,-1,2,1,2
2018010096242,2,9,0,-1,-1,-1,-1,-1,-1,-1,-1,-1,6,3,-1,-1,-1,-1,-1,-1,-1,-1
2018010096250,1,90,0,18,9,0,0,0,1,0,1,1,6,1,40,7,-1,-1,-1,2,1,2
2018010096250,2,4,0,5,9,0,0,0,0,0,4,1,6,1,17,4,125,1,1,3,1,3
2018010096253,1,9,0,7,0,1,0,0,1,0,0,1,2,2,29,6,898,1,2,3,1,3
2018010096253,2,1,0,15,0,8,0,0,0,0,0,1,2,1,25,5,-1,-1,-1,5,1,5
2018010096256,1,21,0,18,0,1,0,4,0,0,1,1,1,1,27,6,-1,-1,-1,5,1,5
2018010096256,2,9,0,3,0,8,0,0,0,0,2,1,2,1,28,6,1968,2,3,5,1,5
2018010096256,3,9,0,3,0,1,0,0,0,0,2,1,2,1,54,8,1850,1,19,9,1,9
2018010096260,1,9,0,18,0,0,0,0,0,0,1,1,6,2,21,5,998,1,1,1,1,1
2018010096260,2,9,0,18,0,0,0,0,0,0,4,1,6,1,27,6,999,1,3,2,1,2
2018010096260,3,9,0,4,0,0,0,0,0,0,2,1,6,1,44,7,1956,2,6,5,1,5
2018010096261,1,9,-1,-1,-1,-1,-1,4,-1,0,1,-1,6,1,47,8,1998,1,13,4,1,4
2018010096261,2,19,-1,1,-1,-1,-1,-1,-1,-1,-1,-1,6,3,-1,-1,2143,2,5,-1,-1,-1
2018010096263,1,9,-1,-1,-1,-1,-1,-1,-1,-1,-1,-1,6,1,39,7,1896,2,14,3,1,3
2018010096263,2,9,-1,-1,-1,-1,-1,-1,-1,-1,-1,-1,6,3,-1,-1,2993,2,10,-1,-1,-1
2018010096265,1,9,0,8,0,2,0,0,0,0,3,1,1,1,67,10,1461,2,2,2,1,2
2018010096265,2,4,0,13,0,1,0,0,0,0,1,1,2,1,33,6,125,1,5,8,1,8
2018010096268,1,9,-1,-1,-1,0,-1,-1,-1,-1,-1,-1,6,3,-1,-1,1968,2,7,-1,-1,-1
2018010096270,1,9,-1,18,-1,-1,-1,0,-1,0,2,1,6,2,34,6,2143,2,1,1,1,1
2018010096275,1,9,-1,18,0,1,-1,0,0,0,1,-1,6,2,32,6,1197,1,5,-1,-1,-1
2018010096275,2,9,-1,5,0,1,-1,0,0,0,1,-1,6,1,-1,-1,1197,1,6,5,1,5
2018010096277,1,19,0,18,0,2,0,0,0,0,4,1,1,1,51,8,1461,2,3,7,1,7
2018010096282,1,9,0,18,0,1,0,0,0,0,1,-1,6,1,62,9,1998,2,5,2,1,2
2018010096282,2,9,0,1,0,1,0,0,0,0,2,-1,6,2,-1,-1,1386,1,10,9,1,9
2018010096283,1,1,0,18,0,1,0,0,0,0,3,1,6,1,29,6,-1,-1,-1,1,1,1
2018010096283,2,9,0,9,0,1,0,0,0,0,1,-1,6,2,-1,-1,1497,8,5,1,1,1
2018010096286,1,9,0,-1,0,-1,0,-1,-1,0,-1,-1,6,1,31,6,2993,2,11,5,1,5
2018010096286,2,19,0,-1,0,-1,0,0,0,0,-1,-1,6,3,-1,-1,1753,2,12,-1,-1,-1
2018010096286,3,19,-1,-1,-1,-1,-1,-1,-1,0,-1,-1,6,1,-1,-1,2198,2,3,-1,-1,-1