Accident_Index,Vehicle_Reference,Vehicle_Type,Towing_and_Articulation,Vehicle_Manoeuvre,Vehicle_Location-Restricted_Lane,Junction_Location,Skidding_and_Overturning,Hit_Object_in_Carriageway,Vehicle_Leaving_Carriageway,Hit_Object_off_Carriageway,1st_Point_of_Impact,Was_Vehicle_Left_Hand_Drive?,Journey_Purpose_of_Driver,Sex_of_Driver,Age_of_Driver,Age_Band_of_Driver,Engine_Capacity_(CC),Propulsion_Code,Age_of_Vehicle,Driver_IMD_Decile,Driver_Home_Area_Type,Vehicle_IMD_Decile
2018010096287,1,9,-1,-1,-1,-1,-1,-1,-1,-1,-1,-1,6,3,-1,-1,-1,-1,-1,-1,-1,-1
2018010096292,1,9,0,18,0,2,0,0,0,0,1,1,6,3,-1,-1,3311,8,11,-1,-1,-1
2018010096293,1,9,0,18,0,8,0,0,0,0,3,1,6,2,30,6,1796,1,12,2,1,2
2018010096293,2,9,0,18,0,8,0,0,0,0,1,1,1,2,42,7,-1,-1,-1,8,1,8
2018010096298,1,9,0,-1,-1,-1,-1,-1,-1,-1,2,-1,6,1,42,7,1796,1,10,4,1,4
2018010096298,2,9,0,-1,-1,-1,-1,-1,-1,-1,1,-1,6,1,28,6,1149,1,13,8,1,8
2018010096300,1,9,0,16,0,3,0,0,0,0,4,1,6,1,59,9,2979,7,15,8,1,8
2018010096300,2,9,0,16,0,3,0,0,0,0,3,1,6,3,-1,-1,2993,2,3,-1,-1,-1
2018010096301,1,5,0,18,0,1,0,0,0,0,0,1,6,1,41,7,800,1,2,5,1,5
2018010096301,2,11,0,18,0,1,0,0,0,0,0,1,1,1,38,7,4500,2,2,1,1,1
2018010096302,1,9,0,6,0,1,0,0,0,0,1,1,6,2,52,8,1598,1,4,7,1,7
2018010096302,2,3,0,18,0,1,0,0,1,0,3,1,6,1,35,6,125,1,6,2,1,2
2018010096303,1,1,-1,-1,-1,-1,-1,-1,-1,-1,-1,1,6,2,25,5,-1,-1,-1,3,1,3
2018010096303,2,9,-1,-1,-1,-1,-1,-1,-1,-1,1,-1,6,3,-1,-1,-1,-1,-1,-1,-1,-1
2018010096304,1,3,0,18,0,6,1,0,0,0,1,1,6,1,30,6,108,1,7,2,1,2
2018010096304,2,9,0,10,0,5,0,0,3,0,3,-1,6,3,-1,-1,1781,1,18,-1,-1,-1
2018010096307,1,5,0,18,0,0,1,0,0,0,3,1,2,1,42,7,1215,1,1,9,1,9
2018010096307,2,9,0,11,0,0,0,0,0,0,4,1,2,2,44,7,1968,2,5,7,3,7
2018010096307,3,9,0,18,0,0,0,0,0,0,2,1,6,1,36,7,1461,2,2,5,2,5
2018010096308,1,19,0,-1,-1,0,-1,-1,-1,-1,1,-1,2,1,51,8,2198,2,5,9,1,9
2018010096308,2,1,-1,-1,-1,0,-1,-1,-1,-1,1,1,6,1,-1,-1,-1,-1,-1,2,1,2
2018010096311,1,9,0,9,0,8,0,0,0,0,4,1,6,1,17,4,1896,2,16,4,1,4
2018010096311,2,9,0,9,0,5,0,0,0,0,1,1,6,3,-1,-1,1753,2,12,-1,-1,-1
2018010096315,1,3,0,18,0,0,2,0,0,0,1,1,6,1,18,4,124,1,5,7,1,7
2018010096319,1,9,0,9,0,5,0,0,0,0,1,1,6,1,37,7,1497,8,11,2,1,2
2018010096319,2,5,0,13,0,1,0,0,0,0,1,1,1,1,29,6,745,1,4,3,1,3
2018010096323,1,11,0,18,2,1,0,0,0,0,4,1,1,1,54,8,4500,2,7,2,1,2
2018010096323,2,1,0,12,2,2,0,0,1,0,3,1,2,2,34,6,-1,-1,-1,2,1,2
2018010096327,1,2,0,18,0,1,0,0,0,0,4,1,6,1,18,4,49,1,6,3,1,3
2018010096327,2,9,0,18,0,2,0,0,0,0,1,1,6,3,-1,-1,1968,2,11,-1,-1,-1
2018010096331,1,8,0,18,0,2,0,0,0,0,2,1,6,1,40,7,2143,2,3,7,1,7
2018010096331,2,2,0,18,0,2,0,0,0,0,1,1,6,1,23,5,125,1,1,4,1,4
2018010096336,1,9,0,9,0,1,0,0,0,0,4,1,6,2,43,7,1364,1,-1,4,1,4
2018010096336,2,1,0,18,0,1,0,0,0,0,1,1,1,1,21,5,-1,-1,-1,1,1,1
2018010096344,1,9,-1,4,-1,-1,-1,-1,-1,-1,-1,-1,6,1,22,5,1995,2,5,3,1,3
2018010096344,2,9,-1,4,-1,-1,-1,-1,-1,-1,-1,-1,6,3,-1,-1,1968,2,7,-1,-1,-1
2018010096346,1,3,0,18,0,1,0,0,0,0,3,1,6,1,25,5,124,1,14,7,1,7
2018010096346,2,9,0,18,0,4,0,0,0,0,3,1,6,1,19,4,-1,-1,-1,2,1,2
2018010096349,1,11,0,3,0,1,0,0,0,0,4,1,1,1,35,6,6692,2,5,2,1,2
2018010096349,2,19,0,7,0,1,0,0,0,0,0,2,1,1,24,5,4485,2,4,2,1,2
2018010096350,1,9,0,4,0,0,0,0,0,0,2,1,6,2,30,6,1461,2,7,4,1,4
2018010096350,2,9,0,3,0,0,0,0,0,0,1,1,6,1,21,5,1388,1,14,4,1,4
2018010096355,1,1,-1,-1,-1,0,-1,-1,-1,-1,1,1,2,1,41,7,-1,-1,-1,10,1,10
2018010096355,2,9,0,-1,-1,0,-1,-1,-1,-1,2,-1,6,2,32,6,1598,1,9,3,1,3
2018010096358,1,9,0,18,0,8,0,0,0,0,1,1,6,1,26,6,1995,1,11,2,1,2
2018010096358,2,2,0,18,0,8,0,0,0,0,2,1,6,1,44,7,125,1,2,2,1,2
2018010096359,1,3,0,-1,-1,-1,-1,-1,-1,-1,-1,1,6,1,36,7,124,1,10,6,1,6
2018010096360,1,9,0,13,0,0,0,0,0,0,1,1,2,2,37,7,1560,2,6,6,1,6
2018010096361,1,11,0,18,0,1,0,0,0,0,0,1,1,1,37,7,5132,2,2,10,1,10
2018010096368,1,90,0,1,0,8,0,0,0,0,2,1,1,1,29,6,7142,2,10,4,1,4
2018010096369,1,9,0,-1,-1,0,-1,-1,-1,-1,2,-1,6,1,46,8,1910,2,10,8,2,8
2018010096369,2,9,-1,-1,-1,0,-1,-1,-1,-1,1,-1,6,3,-1,-1,1560,2,14,-1,-1,-1
2018010096370,1,19,0,7,0,1,0,0,0,0,4,1,6,1,46,8,1560,2,2,1,1,1
2018010096370,2,3,0,18,0,1,0,0,0,0,4,1,6,1,18,4,125,1,1,2,1,2
2018010096384,1,9,0,7,0,1,0,0,0,0,4,1,6,3,-1,-1,1796,1,11,-1,-1,-1
2018010096384,2,1,0,18,0,1,5,0,0,0,1,1,2,1,27,6,-1,-1,-1,6,1,6
2018010096387,1,9,0,18,0,1,0,0,0,0,1,1,6,1,48,8,2993,2,7,8,1,8
2018010096387,2,9,0,9,0,1,0,0,0,0,3,1,6,2,18,4,1390,1,6,10,1,10
2018010096390,1,19,0,18,0,2,0,0,0,0,1,1,1,1,52,8,1598,2,2,9,1,9
2018010096390,2,9,0,18,0,2,0,0,0,0,2,1,6,1,35,6,1197,1,2,10,1,10
2018010096391,1,9,0,-1,-1,-1,-1,-1,-1,-1,2,-1,6,1,57,9,1956,2,6,3,1,3
2018010096393,1,1,-1,-1,-1,-1,-1,-1,-1,-1,-1,1,2,1,23,5,-1,-1,-1,4,1,4
2018010096393,2,9,0,-1,-1,-1,-1,-1,-1,-1,-1,-1,6,1,50,8,1998,1,16,10,1,10
2018010096394,1,11,0,5,2,1,0,0,0,0,0,1,1,3,-1,-1,6700,2,6,-1,-1,-1
2018010096396,1,9,0,3,-1,-1,-1,-1,-1,-1,3,1,6,1,43,7,1339,1,15,3,1,3
2018010096396,2,9,0,-1,-1,-1,-1,-1,-1,-1,2,-1,6,2,-1,-1,2000,2,12,4,1,4
2018010096400,1,1,-1,-1,-1,-1,-1,-1,-1,-1,1,1,6,1,25,5,-1,-1,-1,5,1,5
2018010096400,2,3,0,-1,-1,-1,-1,-1,-1,-1,-1,1,6,1,-1,-1,-1,-1,-1,-1,-1,-1
2018010096407,1,9,0,18,0,0,0,0,0,0,2,1,6,2,18,4,998,1,1,7,1,7
2018010096407,2,9,0,18,0,0,0,0,0,0,3,1,2,1,53,8,1124,1,17,9,1,9
2018010096407,3,9,0,18,0,0,0,0,0,0,1,1,6,2,70,10,998,1,7,9,1,9
2018010096408,1,9,0,17,0,2,0,0,0,0,4,1,6,1,69,10,1794,1,15,5,1,5
2018010096408,2,9,0,2,9,8,0,0,0,0,4,1,6,3,-1,-1,1997,1,19,-1,-1,-1
2018010096409,1,9,0,-1,-1,0,-1,-1,-1,0,-1,1,6,3,-1,-1,1242,1,16,-1,-1,-1
2018010096409,2,9,0,18,0,0,0,0,0,0,2,1,6,2,27,6,1242,1,12,6,1,6
2018010096411,1,9,0,18,0,2,0,0,0,0,4,1,6,3,-1,-1,-1,-1,-1,-1,-1,-1
2018010096412,1,9,-1,13,-1,1,-1,0,-1,-1,2,-1,6,3,-1,-1,1798,8,2,-1,-1,-1
2018010096412,2,9,0,5,-1,1,-1,-1,-1,-1,2,1,2,1,26,6,1998,2,12,3,1,3
2018010096415,1,9,0,-1,-1,-1,-1,-1,-1,-1,-1,-1,6,1,56,9,2204,2,9,6,1,6
2018010096418,1,9,0,9,0,1,0,0,0,0,1,1,6,1,53,8,2198,2,14,10,1,10
2018010096418,2,2,0,4,0,1,0,0,0,0,3,1,6,1,29,6,125,1,5,3,1,3
2018010096419,1,9,0,18,-1,-1,-1,-1,-1,0,1,-1,6,1,36,7,2143,2,1,5,1,5
2018010096419,2,9,0,18,0,-1,0,0,0,0,-1,1,6,3,-1,-1,1499,1,1,-1,-1,-1
2018010096421,1,9,0,18,0,1,0,10,1,10,4,1,6,1,36,7,1984,1,12,3,1,3
2018010096421,2,9,0,6,0,8,0,0,0,0,0,1,6,2,43,7,2499,1,12,4,1,4
2018010096422,1,9,0,18,0,4,0,0,0,0,1,1,6,1,75,10,1998,1,18,6,1,6
2018010096422,2,1,0,18,0,3,0,0,0,0,4,1,2,1,37,7,-1,-1,-1,9,1,9
2018010096423,1,11,0,18,2,2,0,0,0,0,0,1,1,1,48,8,4500,2,3,-1,-1,-1
2018010096425,1,19,0,7,0,5,0,0,1,0,1,1,1,1,36,7,2198,2,10,2,1,2
2018010096425,2,1,0,15,4,1,0,0,0,0,1,1,6,1,42,7,-1,-1,-1,-1,-1,-1
2018010096426,1,9,0,18,0,1,0,0,0,0,1,1,6,2,55,8,1329,1,8,6,1,6
2018010096426,2,9,0,9,0,6,0,0,0,0,3,1,6,1,20,4,1388,1,11,4,1,4
2018010096429,1,9,-1,-1,-1,-1,-1,-1,-1,-1,-1,-1,6,2,25,5,1298,1,10,3,1,3
2018010096429,2,9,-1,-1,-1,-1,-1,-1,-1,-1,-1,2,6,3,-1,-1,-1,-1,-1,-1,-1,-1
2018010096431,1,19,0,7,8,0,0,0,0,0,1,1,1,1,33,6,2143,2,2,3,1,3
2018010096431,2,1,0,12,3,0,0,0,0,0,1,1,2,1,38,7,-1,-1,-1,3,1,3
2018010096432,1,9,0,10,0,8,0,0,0,0,1,1,6,1,41,7,1951,2,15,7,1,7
2018010096432,2,1,0,18,0,8,0,0,0,0,1,1,2,1,31,6,-1,-1,-1,7,1,7
2018010096433,1,3,0,14,0,0,0,0,0,0,1,1,6,1,35,6,124,1,5,5,1,5
2018010096435,1,11,0,4,0,1,0,0,0,0,0,1,1,1,57,9,4500,2,2,5,1,5
2018010096439,1,9,0,4,0,1,0,0,0,0,1,1,6,1,49,8,1796,1,13,3,1,3
2018010096439,2,3,0,4,0,1,0,0,0,0,2,1,1,1,45,7,125,1,13,2,1,2
2018010096441,1,5,0,-1,-1,0,-1,-1,-1,-1,-1,1,2,1,37,7,599,1,13,5,1,5
2018010096441,2,9,0,-1,-1,0,-1,-1,-1,-1,1,-1,6,1,-1,-1,2967,2,1,1,1,1
2018010096446,1,5,0,14,9,0,2,10,2,10,0,1,6,1,18,4,-1,-1,-1,-1,-1,-1
2018010096446,2,9,0,4,0,0,1,0,0,0,0,1,1,1,43,7,1997,2,5,6,1,6
2018010096451,1,11,0,5,0,0,0,-1,0,0,-1,1,6,3,-1,-1,-1,-1,-1,-1,-1,-1
2018010096453,1,9,0,4,0,1,0,0,0,0,2,1,6,1,49,8,2967,2,6,1,1,1
2018010096453,2,9,0,18,0,1,0,0,0,0,1,1,6,1,47,8,2143,2,5,4,1,4
2018010096461,1,11,0,4,0,3,0,0,0,0,0,1,1,2,35,6,6692,2,7,-1,-1,-1
2018010096462,1,90,0,9,0,1,0,0,0,0,4,1,2,1,54,8,-1,-1,-1,3,1,3
2018010096462,2,3,0,18,0,1,0,0,0,0,1,1,6,1,23,5,125,1,3,2,1,2
2018010096463,1,9,0,18,0,8,0,0,0,0,1,1,1,2,27,6,1389,1,13,8,1,8
2018010096463,2,3,0,18,0,4,0,0,0,0,2,1,1,1,31,6,124,1,2,-1,-1,-1
2018010096466,1,9,0,10,0,1,0,0,0,0,1,1,1,1,37,7,1997,2,3,4,1,4
2018010096466,2,3,0,9,0,1,0,0,0,0,1,1,6,3,-1,-1,124,1,1,-1,-1,-1
2018010096468,1,11,0,5,0,2,0,0,0,0,4,1,1,1,25,5,4500,2,-1,3,1,3
2018010096469,1,9,0,18,0,1,0,0,0,0,0,1,6,1,35,6,2993,2,8,4,1,4
2018010096469,2,9,0,13,0,1,0,0,0,0,4,1,6,1,40,7,2400,2,7,-1,-1,-1
2018010096469,3,9,0,18,0,1,2,0,2,10,1,1,6,1,28,6,998,1,3,5,2,5
2018010096470,1,9,0,5,0,2,0,0,0,0,1,1,6,3,-1,-1,-1,-1,-1,-1,-1,-1
2018010096471,1,9,0,18,0,3,5,0,1,2,0,1,6,1,26,6,1986,2,11,3,1,3
2018010096472,1,9,0,18,0,8,0,0,0,0,1,1,2,1,43,7,1248,2,7,4,1,4
2018010096472,2,19,0,18,0,8,5,0,0,0,4,1,6,1,54,8,2198,2,3,9,1,9
2018010096475,1,2,0,18,0,8,0,0,0,0,0,1,6,1,19,4,108,1,4,8,1,8
2018010096475,2,9,0,18,0,8,0,0,0,0,1,1,6,3,-1,-1,-1,-1,-1,-1,-1,-1
2018010096477,1,8,0,5,0,1,0,0,3,0,3,1,1,1,33,6,1798,8,5,3,1,3
2018010096477,2,4,0,18,0,8,0,0,0,0,1,1,2,1,26,6,124,1,4,5,1,5
2018010096479,1,9,0,3,0,0,1,0,0,0,2,-1,2,1,61,9,1399,1,2,9,1,9
2018010096479,2,9,0,-1,0,0,-1,0,0,0,1,-1,6,3,-1,-1,1968,2,7,-1,-1,-1
2018010096481,1,2,0,14,0,0,0,0,0,0,1,1,2,1,39,7,-1,-1,-1,6,1,6
2018010096481,2,9,0,6,0,0,0,0,0,0,3,1,2,1,18,4,1498,1,11,6,1,6
2018010096483,1,9,0,9,0,1,0,0,0,0,1,1,6,2,54,8,1968,2,5,5,3,5
2018010096483,2,1,0,18,0,1,0,0,0,0,1,1,6,2,25,5,-1,-1,-1,-1,-1,-1
2018010096488,1,9,0,18,0,0,0,0,4,0,3,1,2,1,45,7,1796,1,4,5,1,5
2018010096488,2,9,0,18,0,0,0,0,0,0,3,1,2,1,43,7,1390,1,11,6,1,6
2018010096495,1,9,0,18,0,0,0,0,0,0,1,1,6,1,24,5,-1,-1,-1,-1,-1,-1
2018010096495,2,11,0,4,3,0,0,0,0,0,1,1,1,1,61,9,4500,2,1,5,1,5
2018010096499,1,1,0,9,0,1,0,0,0,0,1,1,2,1,48,8,-1,-1,-1,4,1,4
2018010096499,2,9,0,9,0,1,0,0,0,0,1,-1,6,1,-1,-1,-1,-1,-1,-1,-1,-1
2018010096507,1,9,0,9,0,1,0,0,0,0,3,1,1,1,38,7,1790,8,6,4,1,4
2018010096507,2,4,0,9,0,1,0,0,0,0,1,1,2,1,18,4,108,1,9,3,1,3
2018010096509,1,9,0,-1,-1,-1,-1,-1,-1,-1,2,-1,6,2,29,6,998,1,2,3,1,3
2018010096509,2,9,-1,-1,-1,-1,-1,-1,-1,-1,1,-1,6,1,-1,-1,1364,1,1,-1,-1,-1
2018010096512,1,19,0,18,0,2,0,0,0,0,3,1,1,1,54,8,2402,2,14,-1,-1,-1
2018010096512,2,3,0,18,0,2,0,0,0,0,4,1,2,1,44,7,125,1,7,6,1,6
2018010096517,1,19,0,5,0,8,0,0,0,0,1,1,6,3,48,8,2998,2,11,5,1,5
2018010096522,1,19,0,3,0,0,0,0,0,0,1,1,1,1,26,6,2179,2,14,3,1,3
2018010096522,2,9,0,3,0,0,0,0,0,0,2,1,6,2,25,5,1596,1,12,2,1,2
2018010096522,3,19,0,3,0,0,0,0,0,0,2,1,1,1,50,8,2198,2,6,7,1,7
2018010096525,1,5,0,13,0,0,1,0,7,4,1,1,6,1,59,9,999,1,6,10,1,10
2018010096525,2,9,0,3,0,0,0,0,0,0,3,1,6,2,46,8,2143,2,6,7,1,7
2018010096525,3,9,0,12,0,0,0,0,0,0,1,1,6,3,-1,-1,-1,-1,-1,-1,-1,-1
2018010096535,1,9,0,7,0,7,0,0,0,0,1,1,1,1,43,7,1598,2,1,2,1,2
2018010096535,2,4,0,18,0,1,0,0,0,0,1,1,6,1,23,5,-1,-1,-1,2,1,2
2018010096538,1,9,0,-1,-1,0,-1,-1,-1,-1,2,-1,6,2,30,6,-1,-1,-1,10,1,10
2018010096538,2,9,-1,18,-1,0,-1,-1,-1,-1,-1,-1,6,1,24,5,2982,2,5,4,1,4
2018010096539,1,9,0,-1,-1,-1,0,-1,-1,-1,-1,-1,6,1,23,5,1968,2,9,3,1,3
2018010096539,2,1,0,-1,-1,-1,0,-1,-1,-1,-1,1,6,1,24,5,-1,-1,-1,2,1,2
2018010096542,1,9,0,9,4,0,0,0,0,0,3,1,6,1,22,5,1149,1,8,5,1,5
2018010096542,2,1,0,18,4,0,0,0,0,0,1,1,2,1,45,7,-1,-1,-1,10,1,10
2018010096542,3,1,0,18,4,0,0,0,0,0,1,1,2,1,32,6,-1,-1,-1,9,1,9
2018010096542,4,1,0,18,4,0,1,0,0,0,1,1,2,1,27,6,-1,-1,-1,5,1,5
2018010096545,1,9,0,18,0,0,0,4,0,0,1,1,2,1,44,7,1781,1,15,8,1,8
2018010096545,2,9,0,2,0,0,0,0,0,0,3,1,6,3,-1,-1,2393,1,18,-1,-1,-1
2018010096548,1,1,0,18,0,0,2,0,0,0,3,1,6,1,33,6,-1,-1,-1,9,1,9
2018010096548,2,19,0,7,0,0,0,0,0,0,4,1,1,1,29,6,1868,2,13,3,1,3
2018010096549,1,5,0,5,0,2,0,0,0,0,1,1,2,1,41,7,779,1,6,3,1,3
2018010096557,1,8,0,7,2,1,0,0,0,0,0,1,1,1,39,7,2143,2,6,2,1,2
2018010096557,2,5,0,18,3,1,2,7,0,0,1,1,2,1,60,9,1137,1,14,3,1,3
2018010096561,1,9,0,1,0,6,0,0,0,0,4,1,2,2,33,6,1390,1,13,4,1,4
2018010096561,2,3,0,18,0,1,0,0,0,0,1,1,1,1,33,6,125,1,3,9,1,9
2018010096563,1,9,0,7,7,1,0,0,0,0,0,1,6,2,21,5,1242,1,2,4,1,4
2018010096564,1,20,0,7,0,2,0,0,0,0,4,1,6,1,60,9,2998,2,3,7,3,7
2018010096567,1,1,0,3,0,8,0,0,0,0,3,1,6,2,27,6,-1,-1,-1,2,1,2
2018010096567,2,9,0,18,0,8,0,0,0,0,1,1,6,2,-1,-1,-1,-1,-1,-1,-1,-1
2018010096568,1,9,0,18,0,2,0,0,0,0,1,1,6,2,71,10,1390,1,15,9,1,9
2018010096568,2,11,0,2,0,2,0,0,0,0,2,1,6,3,-1,-1,9360,2,9,-1,-1,-1
2018010096569,1,3,0,18,0,1,0,0,0,0,0,1,6,2,33,6,125,1,1,7,1,7
2018010096569,2,19,0,12,0,1,0,0,0,0,0,-1,6,1,-1,-1,1560,2,1,-1,-1,-1
2018010096571,1,9,0,18,0,8,0,0,0,0,4,1,6,1,55,8,1390,1,17,5,1,5
2018010096571,2,8,0,7,0,8,0,0,0,0,3,1,1,1,43,7,1968,2,3,4,1,4
2018010096572,1,1,-1,-1,-1,-1,-1,-1,-1,-1,1,1,6,2,26,6,-1,-1,-1,5,1,5
2018010096572,2,9,0,-1,-1,-1,-1,-1,-1,-1,-1,-1,6,2,26,6,2143,2,6,3,1,3
2018010096575,1,19,0,18,0,1,0,0,0,0,1,1,1,1,37,7,1968,2,2,2,1,2
2018010096575,2,9,0,9,0,8,0,0,0,0,4,1,6,2,25,5,1390,1,16,6,1,6
2018010096576,1,9,0,4,0,8,0,0,0,0,0,2,6,1,53,8,1968,2,2,2,1,2
2018010096576,2,1,3,18,0,8,0,4,7,10,1,1,6,1,42,7,-1,-1,-1,4,1,4
2018010096577,1,9,0,7,0,1,0,0,0,0,2,1,6,1,33,6,1598,2,5,3,1,3
2018010096577,2,11,0,5,0,1,0,0,0,0,1,1,1,1,35,6,-1,-1,-1,2,1,2
2018010096581,1,9,0,5,0,0,0,0,0,0,1,1,6,1,43,7,1396,1,17,4,1,4
2018010096581,2,1,0,18,0,0,0,0,0,0,3,1,3,1,13,3,-1,-1,-1,3,1,3
2018010096582,1,19,0,6,0,2,0,0,0,0,0,1,1,1,27,6,1560,2,1,10,1,10
2018010096582,2,1,0,5,0,2,0,0,0,0,1,1,1,1,38,7,-1,-1,-1,4,1,4
2018010096584,1,9,0,5,0,1,0,0,0,0,1,1,6,2,66,10,-1,-1,-1,8,1,8
2018010096584,2,5,0,5,0,1,0,0,0,0,3,1,1,1,39,7,599,1,17,5,1,5
2018010096585,1,9,0,-1,-1,0,-1,-1,-1,-1,1,-1,6,2,69,10,1198,1,2,2,1,2
2018010096587,1,9,0,18,0,0,0,0,0,0,3,1,6,3,-1,-1,1998,1,12,-1,-1,-1
2018010096587,2,1,0,18,0,0,0,8,0,0,1,1,2,2,49,8,-1,-1,-1,6,1,6
2018010096593,1,9,0,4,0,0,0,0,0,0,0,1,6,2,32,6,998,1,2,2,1,2
2018010096593,2,9,0,4,0,0,0,0,0,0,1,1,6,1,32,6,1995,2,14,2,1,2
2018010096600,1,9,0,-1,-1,0,-1,-1,-1,-1,2,-1,6,1,28,6,1339,1,14,5,1,5
2018010096600,2,90,0,-1,-1,0,-1,-1,-1,-1,1,-1,6,1,-1,-1,-1,-1,-1,-1,-1,-1
2018010096604,1,9,0,4,0,1,0,0,0,0,2,1,6,1,28,6,1968,2,10,4,1,4
2018010096604,2,9,0,4,0,1,0,0,0,0,1,2,6,1,29,6,1968,2,4,2,1,2
2018010096608,1,3,0,-1,-1,0,-1,-1,-1,-1,-1,1,6,1,34,6,125,1,3,3,1,3
2018010096608,2,19,0,-1,-1,0,-1,-1,-1,-1,-1,-1,6,1,-1,-1,-1,-1,-1,-1,-1,-1
2018010096612,1,9,0,16,0,0,1,0,0,0,1,1,6,2,55,8,1998,2,7,2,1,2
2018010096612,2,9,0,16,0,0,1,0,0,0,1,1,2,1,18,4,1596,1,11,4,1,4
2018010096613,1,9,0,5,0,0,0,0,0,0,1,1,6,1,49,8,1248,2,10,5,1,5
2018010096613,2,3,0,18,0,0,0,0,0,0,4,1,6,1,21,5,124,1,2,2,1,2
2018010096615,1,9,0,18,0,0,0,0,0,0,3,1,6,3,-1,-1,-1,-1,-1,-1,-1,-1
2018010096620,1,4,0,18,0,0,0,0,0,0,1,1,6,1,52,8,-1,-1,-1,2,1,2
2018010096620,2,9,0,18,0,0,0,0,0,0,2,1,2,2,42,7,1390,1,7,3,1,3
2018010096624,1,9,0,5,0,0,0,0,7,0,1,1,6,1,21,5,999,1,1,3,1,3
2018010096626,1,9,0,-1,-1,0,-1,-1,-1,-1,2,1,6,1,24,5,1360,1,12,2,1,2
2018010096627,1,9,0,18,0,8,0,0,0,0,1,1,1,1,28,6,2143,2,1,3,1,3
2018010096627,2,9,0,9,0,1,0,0,0,0,1,1,6,2,52,8,1968,2,11,3,1,3
2018010096629,1,3,0,-1,-1,-1,-1,-1,-1,-1,-1,1,6,1,24,5,124,1,8,4,1,4
2018010096633,1,5,0,14,0,1,0,0,0,0,4,1,6,1,37,7,1170,1,8,-1,-1,-1
2018010096636,1,9,0,7,2,0,0,0,0,0,1,1,6,2,36,7,1248,2,6,5,1,5
2018010096636,2,1,0,15,2,0,5,0,1,0,1,1,6,2,34,6,-1,-1,-1,10,1,10
2018010096637,1,8,0,9,0,8,0,0,0,0,1,1,1,1,43,7,1997,2,5,4,1,4
2018010096637,2,4,0,14,0,8,5,0,0,0,1,1,2,1,52,8,124,1,3,7,1,7
2018010096640,1,1,-1,-1,-1,0,-1,-1,-1,-1,-1,1,6,1,26,6,-1,-1,-1,4,1,4
2018010096640,2,9,0,-1,-1,0,-1,-1,-1,-1,-1,-1,6,3,-1,-1,-1,-1,-1,-1,-1,-1
2018010096641,1,5,0,16,0,1,1,10,1,10,0,1,2,1,27,6,954,1,16,2,1,2
2018010096641,2,8,0,9,0,1,0,0,0,0,0,1,1,1,40,7,1968,2,3,5,1,5
2018010096643,1,9,0,18,0,1,0,0,0,0,1,1,2,2,37,7,1339,1,13,6,1,6
2018010096643,2,9,0,18,0,2,0,0,0,0,3,1,2,2,35,6,1995,1,9,2,1,2
2018010096646,1,9,0,9,0,0,0,0,0,0,4,1,6,1,36,7,1248,2,9,-1,-1,-1
2018010096646,2,9,0,18,0,0,0,0,0,0,1,1,6,1,45,7,1997,1,11,4,1,4
2018010096648,1,4,0,18,0,1,1,0,0,0,1,1,6,1,20,4,-1,-1,-1,6,1,6
2018010096648,2,9,0,4,0,2,0,0,0,0,2,1,6,1,47,8,3189,1,14,10,1,10
2018010096649,1,9,0,7,0,1,0,0,0,0,1,1,6,1,29,6,2993,2,5,9,1,9
2018010096649,2,9,0,18,0,1,0,0,0,0,1,1,6,1,31,6,2993,2,1,5,1,5
2018010096653,1,9,0,9,0,1,0,0,0,0,3,1,6,2,19,4,1686,2,5,3,1,3
2018010096653,2,9,0,18,0,1,0,0,0,0,1,1,6,3,-1,-1,-1,-1,-1,-1,-1,-1
2018010096657,1,9,0,4,0,8,0,0,0,0,2,1,6,2,44,7,1364,1,3,2,1,2
2018010096657,2,1,0,18,0,8,0,0,0,0,1,1,6,1,50,8,-1,-1,-1,3,1,3
2018010096658,1,9,0,5,0,4,0,0,0,0,1,1,6,1,25,5,1388,1,6,4,1,4
2018010096658,2,9,0,3,0,4,0,0,0,0,2,1,6,1,26,6,1598,1,13,5,1,5
2018010096659,1,9,0,18,0,8,0,0,0,0,1,1,2,1,25,5,1395,1,-1,10,1,10
2018010096659,2,9,0,18,0,8,0,0,0,0,1,1,6,1,46,8,1242,1,2,5,1,5
2018010096659,3,9,0,18,0,5,0,0,0,0,2,1,6,1,31,6,1598,1,9,10,1,10
2018010096660,1,10,0,18,0,1,0,0,0,0,1,1,1,1,47,8,2143,2,1,1,1,1
2018010096660,2,1,0,18,9,1,0,0,0,0,1,1,6,1,55,8,-1,-1,-1,1,1,1
2018010096662,1,9,0,18,0,0,0,0,0,0,1,1,6,1,19,4,1000,1,2,1,1,1
2018010096665,1,8,0,9,0,2,0,0,0,0,4,1,1,1,47,8,1796,1,4,4,1,4
2018010096668,1,9,0,18,0,1,0,0,0,0,1,1,6,2,51,8,2497,1,12,2,1,2
2018010096668,2,9,0,7,0,1,0,0,0,0,1,1,6,1,23,5,1600,1,18,4,1,4
2018010096670,1,9,0,5,0,0,0,0,0,0,1,1,6,2,53,8,1498,1,10,4,1,4
2018010096672,1,9,0,3,0,0,0,0,0,0,2,1,3,2,30,6,1968,2,6,2,1,2
2018010096672,2,9,0,18,0,0,0,0,0,0,1,1,6,1,23,5,1598,1,10,-1,-1,-1
2018010096673,1,9,0,-1,-1,2,-1,-1,-1,-1,2,-1,6,2,40,7,1991,1,4,3,1,3
2018010096673,2,9,0,18,0,2,0,0,0,0,2,-1,6,2,-1,-1,-1,-1,-1,-1,-1,-1
2018010096676,1,1,-1,-1,-1,-1,-1,-1,-1,-1,-1,1,6,2,40,7,-1,-1,-1,4,1,4