Accident_Index,Vehicle_Reference,Vehicle_Type,Towing_and_Articulation,Vehicle_Manoeuvre,Vehicle_Location-Restricted_Lane,Junction_Location,Skidding_and_Overturning,Hit_Object_in_Carriageway,Vehicle_Leaving_Carriageway,Hit_Object_off_Carriageway,1st_Point_of_Impact,Was_Vehicle_Left_Hand_Drive?,Journey_Purpose_of_Driver,Sex_of_Driver,Age_of_Driver,Age_Band_of_Driver,Engine_Capacity_(CC),Propulsion_Code,Age_of_Vehicle,Driver_IMD_Decile,Driver_Home_Area_Type,Vehicle_IMD_Decile
2018010097166,1,9,0,9,0,5,0,0,1,0,3,1,3,2,60,9,1582,2,3,9,1,9
2018010097166,2,9,0,14,0,8,0,0,0,0,1,1,6,1,45,7,2685,2,15,9,1,9
2018010097171,1,9,-1,18,0,-1,-1,0,0,0,2,1,6,2,26,6,1968,2,5,-1,-1,-1
2018010097171,2,9,-1,18,-1,-1,-1,-1,0,0,1,-1,6,3,-1,-1,1984,1,13,-1,-1,-1
2018010097176,1,9,0,10,0,8,0,0,0,0,1,1,6,1,27,6,999,1,3,5,1,5
2018010097176,2,1,0,18,0,8,0,0,0,0,4,1,2,1,31,6,-1,-1,-1,-1,-1,-1
2018010097178,1,1,0,18,0,8,0,0,0,0,3,1,6,1,15,3,-1,-1,-1,5,1,5
2018010097178,2,3,-1,-1,0,8,-1,0,0,0,1,1,6,1,-1,-1,-1,-1,-1,-1,-1,-1
2018010097183,1,9,0,9,0,0,0,0,0,0,3,1,2,1,39,7,2148,2,13,4,1,4
2018010097183,2,5,0,14,0,0,0,0,0,0,1,1,2,1,38,7,-1,-1,-1,4,1,4
2018010097188,1,9,0,2,0,0,0,0,0,0,4,1,6,3,-1,-1,2148,2,10,-1,-1,-1
2018010097188,2,1,0,14,0,0,0,8,0,0,1,1,2,1,44,7,-1,-1,-1,10,1,10
2018010097190,1,1,-1,-1,-1,-1,-1,-1,-1,-1,1,1,2,2,31,6,-1,-1,-1,7,1,7
2018010097190,2,9,0,-1,-1,-1,-1,-1,-1,-1,1,-1,6,2,28,6,1984,1,3,-1,-1,-1
2018010097192,1,5,0,-1,-1,-1,-1,-1,-1,-1,-1,1,2,1,61,9,798,1,3,7,1,7
2018010097192,2,9,0,-1,-1,-1,-1,-1,-1,-1,2,-1,6,2,-1,-1,1240,1,9,-1,-1,-1
2018010097194,1,9,-1,-1,-1,-1,-1,-1,-1,-1,-1,-1,6,2,38,7,1086,1,9,-1,-1,-1
2018010097194,2,19,-1,-1,-1,-1,-1,-1,-1,-1,-1,-1,6,3,-1,-1,1998,2,15,-1,-1,-1
2018010097198,1,1,0,18,4,6,0,0,0,0,1,1,2,1,49,8,-1,-1,-1,8,1,8
2018010097198,2,9,0,10,4,1,0,0,0,0,1,1,6,1,42,7,1998,2,11,-1,1,-1
2018010097203,1,1,0,-1,0,8,0,0,0,0,1,1,2,1,49,8,-1,-1,-1,6,1,6
2018010097203,2,19,0,9,0,6,0,0,0,0,1,1,6,2,-1,-1,1598,2,3,-1,-1,-1
2018010097206,1,3,0,18,0,0,0,0,0,0,4,1,2,1,50,8,125,1,2,3,1,3
2018010097206,2,9,0,3,0,0,0,0,0,0,3,1,2,1,39,7,1242,1,13,6,1,6
2018010097209,1,9,0,6,0,0,0,0,0,0,2,1,3,2,47,8,1618,1,-1,7,1,7
2018010097209,2,1,0,18,0,0,0,0,0,0,1,1,2,1,49,8,-1,-1,-1,3,1,3
2018010097212,1,19,0,18,6,0,0,0,0,0,3,1,1,1,32,6,1560,2,2,2,1,2
2018010097212,2,21,1,18,0,0,0,0,0,0,4,1,1,1,56,9,12419,2,3,1,1,1
2018010097213,1,1,0,18,0,8,0,0,0,0,2,1,6,2,31,6,-1,-1,-1,2,1,2
2018010097213,2,9,0,7,0,5,0,0,1,0,1,1,1,1,57,9,1598,2,4,-1,-1,-1
2018010097215,1,9,0,18,0,0,-1,0,0,0,4,1,2,2,28,6,1995,2,3,9,1,9
2018010097215,2,8,0,6,-1,0,-1,0,0,0,1,1,6,1,48,8,1798,8,5,6,1,6
2018010097228,1,9,-1,-1,0,-1,-1,-1,-1,-1,-1,-1,6,3,-1,-1,-1,-1,-1,-1,-1,-1
2018010097229,1,1,-1,18,-1,-1,-1,-1,-1,-1,-1,1,6,1,42,7,-1,-1,-1,3,1,3
2018010097229,2,9,-1,-1,-1,-1,-1,-1,-1,-1,-1,-1,6,3,-1,-1,1995,2,6,-1,-1,-1
2018010097230,1,9,0,-1,-1,-1,-1,-1,-1,-1,2,-1,6,2,22,5,1229,1,3,7,1,7
2018010097230,2,9,-1,-1,-1,-1,-1,-1,-1,-1,1,-1,6,1,-1,-1,-1,-1,-1,8,3,8
2018010097236,1,9,0,18,0,8,0,0,0,0,2,1,6,1,40,7,2143,2,3,3,1,3
2018010097236,2,9,0,18,0,8,0,0,0,0,1,1,6,1,-1,-1,1587,1,13,1,1,1
2018010097240,1,9,0,4,6,5,0,0,0,0,3,1,6,1,54,8,1598,2,1,4,1,4
2018010097240,2,9,0,18,0,1,1,0,0,0,1,1,6,1,18,4,2993,2,4,4,1,4
2018010097241,1,9,0,4,0,0,0,0,0,0,0,1,3,2,18,4,1242,1,9,2,1,2
2018010097241,2,9,0,4,0,0,0,0,0,0,1,1,1,1,27,6,1950,2,1,7,1,7
2018010097242,1,9,0,9,0,6,0,0,0,0,1,1,6,1,44,7,2981,1,1,10,2,10
2018010097242,2,9,0,18,0,1,0,0,0,0,4,1,6,2,29,6,1242,1,6,5,1,5
2018010097242,3,9,0,18,0,1,0,0,0,0,3,1,3,2,46,8,2967,2,2,6,3,6
2018010097245,1,8,0,5,0,4,0,0,0,0,3,1,1,1,43,7,1798,8,2,3,1,3
2018010097245,2,9,0,13,0,4,0,0,0,0,4,1,6,3,-1,-1,1596,1,4,-1,-1,-1
2018010097254,1,3,0,5,2,2,0,0,0,0,4,1,2,1,23,5,125,1,4,7,1,7
2018010097254,2,19,0,13,0,1,0,0,0,0,4,1,6,1,18,4,2198,2,9,-1,-1,-1
2018010097256,1,9,0,11,0,0,0,0,0,0,1,1,6,1,24,5,1596,1,12,4,1,4
2018010097256,2,9,0,4,0,0,0,0,0,0,2,1,6,1,45,7,1591,1,6,3,1,3
2018010097259,1,11,0,3,8,0,0,0,0,0,1,1,1,1,36,7,5132,2,1,2,1,2
2018010097259,2,9,0,3,8,0,0,0,0,0,2,1,6,2,58,9,1242,1,4,5,1,5
2018010097262,1,19,0,14,0,0,0,0,0,0,3,1,1,1,19,4,2198,2,5,6,1,6
2018010097262,2,1,0,14,0,0,5,0,0,0,4,1,6,1,53,8,-1,-1,-1,2,1,2
2018010097265,1,9,0,18,0,-1,-1,0,0,0,1,-1,6,1,29,6,1796,2,4,2,1,2
2018010097265,2,9,0,18,0,-1,-1,0,0,0,1,-1,6,3,-1,-1,-1,-1,-1,-1,-1,-1
2018010097268,1,11,0,18,0,0,0,0,0,0,4,1,1,1,38,7,6700,2,8,2,1,2
2018010097269,1,9,0,18,0,8,0,0,0,0,1,1,6,3,-1,-1,-1,-1,-1,-1,-1,-1
2018010097269,2,1,0,16,4,1,0,0,0,0,3,1,6,2,19,4,-1,-1,-1,2,1,2
2018010097270,1,11,0,5,2,2,0,0,0,0,0,1,1,1,58,9,-1,-1,-1,2,1,2
2018010097272,1,19,0,5,0,4,0,0,0,0,4,1,1,1,35,6,1560,2,2,5,1,5
2018010097272,2,3,0,5,0,4,0,0,0,0,1,1,6,1,24,5,125,1,2,1,1,1
2018010097275,1,9,0,18,0,8,0,0,0,0,1,1,6,3,-1,-1,1998,1,1,-1,-1,-1
2018010097280,1,19,0,18,0,2,0,0,0,0,1,1,1,1,52,8,1968,2,2,9,1,9
2018010097281,1,8,0,-1,-1,-1,-1,-1,-1,-1,-1,-1,6,1,57,9,2499,2,9,3,1,3
2018010097288,1,9,0,18,0,1,0,0,0,0,1,1,6,3,-1,-1,-1,-1,-1,-1,-1,-1
2018010097289,1,9,0,18,0,8,0,0,0,0,4,1,6,1,18,4,1598,2,9,7,1,7
2018010097289,2,9,0,18,0,1,0,0,0,0,1,1,6,2,31,6,998,1,1,6,1,6
2018010097294,1,9,0,14,0,1,0,0,0,0,1,1,6,2,40,7,1329,1,8,2,1,2
2018010097295,1,9,0,10,0,8,0,0,0,0,1,1,6,1,39,7,1896,2,11,7,1,7
2018010097295,2,3,0,18,0,8,0,0,0,0,4,1,2,1,33,6,125,1,3,7,1,7
2018010097296,1,9,0,10,0,5,0,0,0,0,1,1,6,2,50,8,1364,2,9,3,1,3
2018010097296,2,9,0,7,0,5,0,0,0,0,1,1,6,3,-1,-1,-1,-1,-1,-1,-1,-1
2018010097297,1,8,0,5,9,1,0,0,0,0,3,1,6,1,51,8,1997,2,9,3,1,3
2018010097298,1,1,-1,-1,-1,0,-1,-1,-1,-1,0,1,6,1,49,8,-1,-1,-1,4,1,4
2018010097301,1,1,0,4,0,1,0,0,0,0,1,1,2,1,24,5,-1,-1,-1,8,1,8
2018010097302,1,8,0,10,0,5,0,0,0,0,2,1,3,1,32,6,1598,2,3,3,1,3
2018010097302,2,9,0,9,0,1,0,0,0,0,1,1,6,3,-1,-1,1995,2,8,-1,-1,-1
2018010097302,3,9,0,18,0,1,0,0,0,0,0,1,1,1,31,6,-1,-1,-1,2,1,2
2018010097306,1,1,0,13,0,8,5,0,0,0,2,1,2,1,33,6,-1,-1,-1,2,1,2
2018010097306,2,10,0,18,0,8,0,0,0,0,1,1,6,1,49,8,2402,2,15,5,1,5
2018010097307,1,9,0,18,0,0,0,0,0,0,1,1,1,1,59,9,1797,8,5,3,1,3
2018010097308,1,9,0,18,0,2,0,0,0,0,1,1,2,1,57,9,998,1,2,6,1,6
2018010097311,1,19,0,18,0,8,0,0,0,0,1,1,1,1,29,6,1499,2,1,8,1,8
2018010097311,2,3,0,18,0,8,0,0,0,0,1,1,6,1,43,7,125,1,14,2,1,2
2018010097316,1,9,0,18,0,1,0,0,0,0,1,1,6,3,-1,-1,1598,1,7,-1,-1,-1
2018010097318,1,11,0,9,0,8,0,0,0,0,0,1,1,2,45,7,6692,2,9,8,1,8
2018010097318,2,9,0,4,0,8,0,0,0,0,0,1,6,3,-1,-1,-1,-1,-1,-1,-1,-1
2018010097322,1,8,0,9,0,5,0,0,0,0,2,1,1,1,42,7,1997,2,6,6,1,6
2018010097322,2,3,0,7,0,5,0,0,0,0,1,1,6,2,43,7,125,1,3,3,1,3
2018010097324,1,11,0,3,0,0,0,0,1,0,0,1,1,1,51,8,6692,2,8,1,1,1
2018010097325,1,9,0,9,0,1,0,0,0,0,1,1,2,2,24,5,1598,1,14,-1,-1,-1
2018010097325,2,9,0,18,0,1,0,0,0,0,1,1,6,1,85,11,1328,1,13,4,1,4
2018010097327,1,9,0,-1,-1,-1,-1,-1,-1,-1,-1,-1,6,3,-1,-1,-1,-1,-1,-1,-1,-1
2018010097328,1,11,0,4,0,1,0,0,0,0,0,1,1,1,56,9,4500,2,3,9,1,9
2018010097329,1,9,0,9,0,1,0,0,0,0,1,1,6,3,-1,-1,1769,1,12,-1,-1,-1
2018010097329,2,1,0,18,0,1,2,0,0,0,3,1,6,1,31,6,-1,-1,-1,1,1,1
2018010097333,1,9,0,18,0,1,0,0,1,1,1,1,6,2,28,6,1598,1,6,8,1,8
2018010097339,1,9,0,12,0,0,0,0,0,0,0,1,6,3,-1,-1,-1,-1,-1,-1,-1,-1
2018010097339,2,9,0,18,0,0,0,0,0,0,2,1,6,1,40,7,1598,1,11,9,1,9
2018010097339,3,21,1,18,0,0,0,0,0,0,1,1,1,1,78,11,12740,2,5,3,-1,3
2018010097343,1,9,0,-1,-1,-1,-1,-1,-1,-1,2,-1,6,2,38,7,1968,2,5,10,1,10
2018010097344,1,3,0,18,0,1,0,0,0,0,3,1,2,1,18,4,125,1,10,2,1,2
2018010097344,2,9,0,5,0,1,0,0,0,0,1,1,6,3,-1,-1,-1,-1,-1,-1,-1,-1
2018010097346,1,9,0,-1,-1,-1,-1,-1,-1,-1,2,-1,6,1,38,7,1461,2,2,2,1,2
2018010097346,2,9,0,-1,-1,-1,-1,-1,-1,-1,-1,-1,6,3,-1,-1,-1,-1,-1,-1,-1,-1
2018010097347,1,1,-1,-1,-1,-1,-1,-1,-1,-1,-1,1,2,1,54,8,-1,-1,-1,5,1,5
2018010097347,2,9,0,-1,-1,-1,-1,-1,-1,-1,-1,-1,6,2,-1,-1,999,1,-1,5,1,5
2018010097348,1,9,0,6,0,1,0,0,0,0,3,1,6,1,21,5,1595,1,3,10,3,10
2018010097351,1,9,0,17,0,2,0,0,0,0,1,1,6,1,18,4,1248,2,6,10,1,10
2018010097355,1,19,0,-1,-1,8,-1,-1,-1,-1,-1,1,6,1,38,7,1560,2,2,3,1,3
2018010097355,2,9,0,-1,-1,8,-1,-1,-1,-1,1,-1,6,1,-1,-1,2967,2,7,-1,-1,-1
2018010097356,1,9,0,18,0,1,0,0,0,0,1,1,6,1,22,5,2143,2,3,9,1,9
2018010097356,2,3,0,9,0,8,0,0,0,0,4,1,6,1,58,9,125,1,12,5,1,5
2018010097358,1,9,0,5,0,1,0,0,0,0,1,1,6,3,-1,-1,-1,-1,-1,-1,-1,-1
2018010097361,1,8,0,12,0,0,0,10,0,0,2,1,1,1,59,9,2499,2,4,3,1,3
2018010097361,2,9,0,18,0,0,0,0,0,0,1,1,6,1,26,6,2967,2,8,9,1,9
2018010097362,1,9,0,5,0,6,0,0,0,0,1,1,1,1,46,8,2143,2,6,3,1,3
2018010097363,1,90,0,7,0,1,0,0,0,0,0,1,1,2,31,6,-1,-1,-1,3,1,3
2018010097363,2,3,0,18,0,1,0,0,0,0,0,1,2,1,31,6,124,1,7,3,1,3
2018010097365,1,9,0,5,0,8,0,0,4,3,1,1,6,1,40,7,1995,2,4,5,1,5
2018010097366,1,9,0,11,0,8,0,0,0,0,4,1,2,1,34,6,1299,1,18,3,1,3
2018010097366,2,5,0,18,0,8,0,0,0,0,3,1,2,1,44,7,998,1,13,6,1,6
2018010097369,1,9,-1,7,-1,-1,-1,-1,-1,-1,-1,-1,6,2,35,6,2231,2,11,-1,-1,-1
2018010097373,1,21,1,18,0,0,0,0,0,0,1,2,6,1,38,7,-1,-1,-1,-1,-1,-1
2018010097373,2,9,0,18,0,0,1,0,0,0,2,1,6,2,41,7,1364,1,1,10,3,10
2018010097379,1,20,0,18,0,1,0,0,0,0,1,1,1,1,29,6,12777,2,4,-1,-1,-1
2018010097379,2,1,0,7,0,1,0,0,0,0,1,1,2,1,37,7,-1,-1,-1,-1,1,-1
2018010097380,1,19,0,4,0,6,0,0,0,0,0,1,1,1,39,7,2198,2,5,8,1,8
2018010097380,2,1,0,15,0,2,0,0,0,0,0,1,2,1,42,7,-1,-1,-1,9,1,9
2018010097381,1,19,0,18,0,3,0,0,0,0,4,1,6,1,40,7,2798,2,13,6,1,6
2018010097381,2,9,0,5,0,3,0,0,0,0,1,1,1,1,35,6,1956,2,5,7,1,7
2018010097383,1,9,0,18,0,0,0,0,0,0,4,1,6,2,26,6,1995,1,7,1,1,1
2018010097383,2,19,0,5,0,0,0,0,0,0,3,1,6,1,42,7,2998,2,9,3,1,3
2018010097385,1,9,0,4,0,0,0,0,0,0,2,1,1,1,54,8,1240,1,14,2,1,2
2018010097385,2,9,0,5,0,0,0,0,0,0,1,1,6,1,17,4,1395,1,4,8,1,8
2018010097386,1,9,0,18,0,0,0,0,0,0,4,1,1,1,32,6,1968,2,4,2,1,2
2018010097386,2,9,0,18,0,0,0,0,0,0,3,-1,6,1,52,8,-1,-1,-1,9,1,9
2018010097387,1,9,0,5,0,1,0,0,0,0,1,1,6,1,47,8,1989,1,19,4,1,4
2018010097389,1,2,0,-1,0,1,0,0,0,0,0,1,2,1,58,9,-1,-1,-1,9,1,9
2018010097389,2,20,0,-1,0,1,0,0,0,0,0,-1,6,3,-1,-1,2298,2,2,-1,-1,-1
2018010097392,1,11,0,5,0,0,0,0,0,0,0,1,1,2,46,8,5132,2,1,2,1,2
2018010097393,1,9,0,18,0,0,0,0,0,0,3,1,3,2,33,6,2143,2,4,4,1,4
2018010097393,2,3,0,13,0,0,0,0,0,0,1,1,6,1,24,5,124,1,2,9,1,9
2018010097395,1,8,0,3,4,2,0,8,0,0,4,2,1,1,43,7,1798,8,6,5,1,5
2018010097395,2,1,0,18,4,2,0,8,0,0,4,1,2,1,27,6,-1,-1,-1,2,1,2
2018010097396,1,1,0,18,0,1,0,0,0,0,1,1,2,1,37,7,-1,-1,-1,8,1,8
2018010097396,2,9,0,9,0,1,0,0,0,0,3,1,2,2,46,8,-1,-1,-1,7,1,7
2018010097401,1,9,0,18,0,2,0,0,0,0,4,1,6,1,63,9,2946,1,12,2,1,2
2018010097402,1,9,0,7,0,8,0,10,0,0,1,1,6,1,23,5,1364,1,11,2,1,2
2018010097405,1,9,-1,-1,0,1,-1,0,-1,0,2,-1,1,1,48,8,1790,8,5,3,1,3
2018010097405,2,9,-1,-1,-1,-1,-1,-1,-1,-1,-1,-1,6,1,-1,-1,1798,8,2,-1,-1,-1
2018010097408,1,19,0,18,0,0,0,0,0,0,3,1,6,3,-1,-1,-1,-1,-1,-1,-1,-1
2018010097419,1,8,0,8,0,1,0,0,0,0,4,1,6,1,37,7,1798,8,4,4,1,4
2018010097419,2,1,0,15,0,1,0,4,0,0,1,1,2,1,23,5,-1,-1,-1,-1,-1,-1
2018010097423,1,9,-1,3,-1,-1,-1,-1,-1,-1,-1,-1,6,1,40,7,1995,2,5,2,1,2
2018010097423,2,9,-1,18,-1,-1,-1,-1,-1,-1,-1,-1,6,3,-1,-1,1798,8,4,-1,-1,-1
2018010097428,1,9,0,9,0,4,0,0,0,0,1,1,2,2,23,5,998,1,14,3,1,3
2018010097428,2,9,0,18,0,4,0,0,0,0,1,1,6,2,69,10,1496,1,1,2,1,2
2018010097432,1,2,0,4,0,1,0,0,0,0,1,1,6,1,26,6,-1,-1,-1,3,1,3
2018010097432,2,9,0,10,0,1,0,0,0,0,1,1,6,1,62,9,5461,1,8,5,1,5
2018010097433,1,9,0,-1,-1,-1,-1,-1,-1,-1,-1,-1,6,1,-1,-1,-1,-1,-1,-1,-1,-1
2018010097436,1,9,0,18,0,1,-1,0,0,0,1,1,6,1,29,6,1968,2,6,2,1,2
2018010097436,2,9,0,18,0,1,-1,0,0,0,-1,1,6,1,31,6,1997,2,2,2,1,2
2018010097441,1,9,0,4,0,1,0,0,0,0,2,1,1,1,28,6,-1,-1,-1,2,1,2
2018010097441,2,9,0,18,0,1,0,0,0,0,1,1,1,1,27,6,999,1,2,8,1,8
2018010097443,1,9,0,18,0,0,0,0,0,0,3,1,6,1,19,4,1794,1,11,3,1,3
2018010097443,2,1,0,3,0,0,0,0,0,0,1,1,1,2,39,7,-1,-1,-1,3,1,3
2018010097448,1,19,0,9,0,6,0,0,0,0,1,1,1,1,48,8,1598,2,2,3,1,3
2018010097448,2,1,0,18,0,6,0,0,0,0,1,1,6,1,24,5,-1,-1,-1,5,1,5
2018010097450,1,8,0,7,0,6,0,0,0,0,1,1,6,1,43,7,1956,2,4,4,1,4
2018010097450,2,1,0,18,0,2,0,0,0,0,2,1,2,1,39,7,-1,-1,-1,6,1,6
2018010097451,1,9,0,1,0,2,0,0,0,0,1,1,1,1,41,7,1339,8,8,3,1,3
2018010097451,2,9,0,3,0,2,0,0,0,0,2,1,1,2,44,7,1299,1,17,6,1,6
2018010097454,1,9,0,4,0,1,0,0,0,0,4,1,6,2,35,6,998,1,4,5,1,5
2018010097456,1,9,0,3,0,8,0,0,0,0,2,1,6,2,28,6,998,1,2,2,1,2
2018010097456,2,9,0,4,0,8,0,0,0,0,1,1,6,3,-1,-1,-1,-1,-1,-1,-1,-1
2018010097470,1,9,-1,-1,-1,-1,-1,-1,-1,-1,-1,-1,6,1,-1,-1,-1,-1,-1,4,1,4
2018010097471,1,1,-1,18,0,8,1,-1,0,0,-1,1,6,1,35,6,-1,-1,-1,6,1,6
2018010097473,1,11,0,7,0,8,0,0,0,0,4,1,6,1,60,9,4500,2,3,3,1,3
2018010097473,2,9,0,7,0,8,0,0,0,0,3,1,6,2,25,5,1580,8,1,4,1,4
2018010097475,1,9,0,18,9,8,0,0,1,2,1,1,6,2,23,5,1995,2,10,9,1,9
2018010097475,2,1,0,9,0,8,0,0,0,0,1,1,6,1,16,4,-1,-1,-1,5,1,5
2018010097475,3,9,0,18,0,8,0,0,0,0,0,1,6,3,-1,-1,4461,2,3,-1,-1,-1
2018010097476,1,1,0,18,2,0,0,0,0,0,1,1,2,1,36,7,-1,-1,-1,5,1,5
2018010097477,1,9,0,3,0,4,0,0,0,0,2,1,1,1,40,7,1596,1,4,-1,-1,-1
2018010097477,2,9,0,3,0,4,0,0,0,0,1,1,2,1,23,5,1598,1,5,8,1,8
2018010097484,1,9,0,-1,-1,-1,-1,-1,-1,-1,1,-1,6,2,42,7,2967,2,10,4,1,4
2018010097487,1,9,0,-1,-1,0,-1,-1,-1,-1,-1,1,6,1,52,8,2500,6,21,5,1,5
2018010097487,2,90,-1,-1,-1,0,-1,-1,-1,-1,-1,-1,6,1,35,6,-1,-1,-1,4,1,4
2018010097490,1,9,0,3,0,1,0,0,0,0,3,1,6,1,28,6,5204,1,12,2,1,2
2018010097490,2,2,0,18,0,1,0,0,0,0,4,1,1,1,24,5,125,1,-1,3,1,3
2018010097491,1,9,0,-1,-1,-1,-1,-1,-1,-1,2,-1,6,1,27,6,2993,2,14,7,1,7
2018010097495,1,5,0,18,-1,-1,-1,-1,-1,-1,-1,1,6,1,50,8,599,1,7,6,1,6
2018010097495,2,9,0,-1,-1,-1,-1,-1,-1,-1,-1,-1,6,3,28,6,2268,2,5,-1,-1,-1
2018010097498,1,9,0,9,0,1,0,0,0,0,4,1,6,1,34,6,2143,2,3,2,1,2
2018010097498,2,1,0,15,0,1,0,0,0,0,1,1,1,1,29,6,-1,-1,-1,1,1,1
2018010097499,1,1,-1,-1,-1,0,-1,-1,-1,-1,1,1,6,1,39,7,-1,-1,-1,8,1,8
2018010097499,2,19,0,-1,-1,0,-1,-1,-1,-1,-1,-1,6,1,-1,-1,2143,2,2,8,1,8
2018010097500,1,9,0,5,0,0,0,0,0,0,1,1,2,2,59,9,998,1,13,-1,-1,-1
2018010097502,1,9,0,-1,-1,-1,-1,-1,-1,-1,-1,-1,2,2,59,9,1598,1,13,6,1,6
2018010097504,1,9,0,18,0,1,0,0,0,0,3,1,6,1,59,9,1968,2,1,6,1,6
2018010097504,2,8,0,18,0,1,0,0,0,0,4,1,3,1,72,10,1560,2,10,6,1,6
2018010097509,1,9,0,18,0,8,0,0,0,0,1,1,1,2,29,6,2143,2,1,6,1,6
2018010097509,2,9,0,5,0,8,0,0,0,0,4,1,6,2,60,9,1339,8,6,4,1,4
2018010097514,1,9,0,-1,-1,0,-1,-1,-1,-1,-1,-1,6,2,-1,-1,2143,2,3,7,1,7
2018010097514,2,9,0,-1,-1,0,-1,-1,-1,-1,-1,-1,6,1,-1,-1,4999,1,7,6,1,6
2018010097516,1,9,0,3,0,8,0,0,1,0,2,1,2,1,32,6,1396,1,4,9,1,9
2018010097516,2,9,0,3,0,8,0,0,0,0,1,1,6,1,66,10,-1,-1,-1,10,1,10
2018010097517,1,4,0,18,0,1,5,0,0,0,1,1,6,1,31,6,125,1,9,3,1,3
2018010097518,1,9,0,17,0,3,0,0,0,0,3,1,2,1,20,4,1796,1,12,4,1,4
2018010097521,1,9,0,18,0,1,0,0,0,0,1,1,2,1,36,7,1968,2,3,1,1,1
2018010097521,2,9,0,2,6,1,0,0,0,0,0,1,6,3,-1,-1,1598,2,5,-1,-1,-1
2018010097521,3,9,0,2,6,1,0,0,0,0,0,1,6,3,-1,-1,2171,1,17,-1,-1,-1
2018010097521,4,9,0,2,6,1,0,0,0,0,2,1,6,3,-1,-1,2191,2,6,-1,-1,-1
2018010097521,5,9,0,2,6,1,0,0,0,0,1,1,6,3,-1,-1,1895,1,18,-1,-1,-1
2018010097525,1,1,-1,-1,-1,0,-1,-1,-1,-1,-1,1,2,1,27,6,-1,-1,-1,3,1,3
2018010097525,2,9,0,-1,-1,0,-1,-1,-1,-1,1,-1,6,1,-1,-1,1871,2,14,-1,-1,-1
2018010097526,1,19,0,11,0,0,0,0,1,0,4,1,2,1,33,6,1995,2,10,2,1,2
2018010097526,2,21,1,18,0,0,0,0,0,0,4,2,1,1,27,6,-1,-1,-1,-1,-1,-1
2018010097528,1,8,0,-1,-1,-1,-1,-1,-1,-1,2,-1,6,1,34,6,1995,2,4,3,1,3
2018010097528,2,9,0,-1,-1,-1,-1,-1,-1,-1,2,-1,6,3,-1,-1,1229,1,6,-1,-1,-1
2018010097529,1,9,0,10,0,1,0,0,0,0,1,1,2,1,38,7,1390,1,13,5,1,5
2018010097529,2,5,0,18,0,1,1,0,0,0,1,1,6,1,22,5,600,1,17,-1,-1,-1
2018010097531,1,9,0,-1,-1,-1,-1,-1,-1,-1,2,-1,6,2,-1,-1,1796,1,15,3,1,3
2018010097531,2,90,0,-1,-1,-1,-1,-1,-1,-1,2,-1,6,2,-1,-1,-1,-1,-1,-1,-1,-1
2018010097532,1,9,0,-1,-1,0,-1,-1,-1,-1,-1,-1,6,2,-1,-1,1560,2,4,1,1,1
2018010097533,1,9,0,1,0,2,0,0,0,0,2,1,6,3,-1,-1,-1,-1,-1,-1,-1,-1
2018010097534,1,9,0,18,0,2,-1,0,0,0,3,1,2,2,33,6,1995,1,9,8,1,8
2018010097534,2,9,0,18,0,2,0,0,0,0,4,1,6,3,-1,-1,1968,2,4,-1,-1,-1
2018010097535,1,9,0,-1,-1,-1,-1,-1,-1,-1,2,-1,6,2,30,6,1388,1,15,2,1,2
2018010097535,2,9,0,-1,-1,-1,-1,-1,-1,-1,1,-1,6,1,-1,-1,2987,2,4,-1,-1,-1
2018010097536,1,1,-1,-1,-1,-1,-1,-1,-1,-1,2,1,2,1,28,6,-1,-1,-1,3,1,3
2018010097536,2,19,0,-1,-1,-1,-1,-1,-1,-1,1,-1,6,1,-1,-1,2287,2,2,2,1,2
2018010097537,1,9,0,3,0,4,0,0,0,0,2,1,6,2,38,7,1968,2,-1,5,2,5
2018010097537,2,8,0,3,0,4,0,0,0,0,1,1,6,1,61,9,2143,2,4,7,1,7
2018010097537,3,19,0,18,0,4,0,0,0,0,4,1,6,1,36,7,2198,2,2,1,1,1
2018010097538,1,1,0,18,0,1,0,0,0,0,4,1,2,1,41,7,-1,-1,-1,4,1,4
2018010097538,2,19,0,7,0,6,0,0,0,0,1,1,1,1,28,6,2198,2,8,3,1,3
2018010097542,1,19,0,3,0,2,0,0,0,0,2,1,6,1,56,9,1997,2,1,1,1,1
2018010097542,2,20,0,18,0,2,0,0,0,0,1,1,6,1,-1,-1,2402,2,16,-1,-1,-1
2018010097543,1,9,0,18,0,6,0,0,0,0,1,1,6,1,50,8,1598,1,4,4,1,4
2018010097543,2,1,0,18,0,1,0,10,0,0,1,1,6,1,55,8,-1,-1,-1,2,1,2
2018010097545,1,9,0,8,0,2,0,0,0,0,1,1,1,1,48,8,-1,-1,-1,5,1,5
2018010097545,2,8,0,18,0,2,0,0,0,0,3,1,1,1,51,8,1798,8,-1,-1,-1,-1
2018010097546,1,9,0,18,0,1,0,0,0,0,1,1,6,2,49,8,1390,1,16,4,1,4
2018010097547,1,8,0,18,0,2,0,0,0,0,0,1,1,1,44,7,2143,2,3,1,1,1
2018010097547,2,3,0,18,0,2,0,0,0,0,1,1,2,1,21,5,124,1,7,1,1,1
2018010097549,1,9,0,-1,-1,0,-1,-1,-1,-1,2,-1,2,1,28,6,1596,1,11,4,1,4
2018010097549,2,1,-1,-1,-1,0,-1,-1,-1,-1,1,1,6,1,-1,-1,-1,-1,-1,-1,-1,-1
2018010097550,1,3,0,13,0,1,1,0,0,0,4,1,1,1,46,8,125,1,10,3,1,3
2018010097550,2,19,0,10,0,1,0,0,0,0,3,1,1,1,41,7,2143,2,2,2,1,2
2018010097551,1,9,0,-1,-1,-1,-1,-1,-1,-1,-1,-1,2,1,24,5,2993,2,1,1,1,1