Accident_Index,Vehicle_Reference,Vehicle_Type,Towing_and_Articulation,Vehicle_Manoeuvre,Vehicle_Location-Restricted_Lane,Junction_Location,Skidding_and_Overturning,Hit_Object_in_Carriageway,Vehicle_Leaving_Carriageway,Hit_Object_off_Carriageway,1st_Point_of_Impact,Was_Vehicle_Left_Hand_Drive?,Journey_Purpose_of_Driver,Sex_of_Driver,Age_of_Driver,Age_Band_of_Driver,Engine_Capacity_(CC),Propulsion_Code,Age_of_Vehicle,Driver_IMD_Decile,Driver_Home_Area_Type,Vehicle_IMD_Decile
2018010098002,1,3,0,18,0,1,0,10,0,0,4,1,1,1,46,8,125,1,4,3,1,3
2018010098006,1,19,0,9,0,8,0,0,0,0,1,1,1,1,34,6,2298,2,2,1,1,1
2018010098006,2,9,0,18,0,8,0,0,0,0,1,1,6,1,21,5,2993,2,10,8,1,8
2018010098008,1,11,0,5,0,1,0,0,0,0,2,1,1,1,64,9,-1,-1,-1,3,1,3
2018010098008,2,11,0,5,0,1,0,0,0,0,1,1,1,2,54,8,6692,2,9,2,1,2
2018010098011,1,9,0,18,0,0,1,0,0,0,4,1,6,1,18,4,1150,1,10,10,1,10
2018010098011,2,9,0,2,0,0,0,0,0,0,2,1,6,3,-1,-1,-1,3,2,-1,-1,-1
2018010098013,1,9,0,17,0,0,0,0,0,0,1,1,6,1,-1,-1,-1,-1,-1,-1,-1,-1
2018010098014,1,9,0,18,0,1,0,0,0,0,1,1,6,1,53,8,1598,1,13,4,1,4
2018010098014,2,9,0,11,0,1,0,0,0,0,4,1,6,1,37,7,1950,2,-1,1,1,1
2018010098015,1,5,0,18,0,1,0,0,0,0,1,1,6,1,-1,-1,998,1,2,-1,-1,-1
2018010098016,1,9,0,18,0,1,0,0,0,0,1,1,6,1,-1,-1,2000,2,8,6,1,6
2018010098016,2,8,0,18,0,1,0,0,0,0,1,1,1,1,28,6,1598,1,7,4,1,4
2018010098016,3,8,0,7,0,6,0,0,0,0,4,1,1,1,43,7,1797,8,6,3,1,3
2018010098018,1,1,0,18,0,0,0,0,0,0,1,1,2,1,47,8,-1,-1,-1,1,1,1
2018010098019,1,9,0,9,0,6,0,0,0,0,4,1,6,2,40,7,2143,2,5,4,1,4
2018010098019,2,8,0,5,0,1,0,0,0,0,1,1,1,1,48,8,1596,1,5,2,1,2
2018010098020,1,9,0,10,0,1,0,0,0,0,2,1,6,2,35,6,1242,1,4,2,1,2
2018010098020,2,9,0,18,0,1,0,0,0,0,1,1,6,3,-1,-1,-1,-1,-1,-1,-1,-1
2018010098022,1,5,0,18,0,1,2,0,0,0,1,1,2,1,30,6,599,1,13,5,1,5
2018010098030,1,9,0,18,0,1,0,0,0,0,2,1,6,1,44,7,-1,-1,-1,3,1,3
2018010098030,2,9,0,9,0,2,0,0,0,0,1,1,6,2,77,11,1318,1,1,7,1,7
2018010098030,3,19,0,18,0,1,0,0,0,0,1,1,6,1,51,8,1995,2,2,2,1,2
2018010098034,1,9,0,-1,-1,0,-1,-1,-1,-1,2,-1,6,2,-1,-1,1339,1,11,5,1,5
2018010098035,1,19,0,18,0,8,0,0,0,0,1,1,6,3,-1,-1,1995,2,10,-1,-1,-1
2018010098037,1,9,0,3,0,1,0,0,0,0,2,1,6,2,50,8,1360,1,12,5,1,5
2018010098037,2,9,0,18,0,1,0,0,0,0,1,1,6,3,-1,-1,1598,1,12,-1,-1,-1
2018010098040,1,9,0,17,0,6,0,0,0,0,1,1,1,1,47,8,-1,-1,-1,4,1,4
2018010098047,1,9,0,15,0,1,0,0,0,0,1,1,6,1,37,7,2494,8,2,2,1,2
2018010098047,2,9,0,13,0,1,0,0,0,0,3,1,6,1,26,6,1968,2,1,-1,-1,-1
2018010098049,1,9,0,17,0,8,0,0,0,0,1,1,6,1,54,8,1596,1,9,2,1,2
2018010098049,2,9,0,18,0,8,0,0,0,0,1,1,6,1,47,8,1798,8,4,2,1,2
2018010098051,1,9,0,18,0,1,0,0,0,0,1,1,6,1,51,8,1461,2,2,6,1,6
2018010098051,2,9,0,16,0,2,0,10,0,0,4,1,6,1,28,6,1364,1,4,2,1,2
2018010098052,1,1,0,18,0,8,0,0,0,0,2,1,6,2,27,6,-1,-1,-1,7,1,7
2018010098052,2,9,0,18,0,7,0,0,0,0,1,1,6,1,49,8,-1,-1,-1,7,1,7
2018010098066,1,1,-1,-1,-1,-1,-1,-1,-1,-1,1,1,2,2,32,6,-1,-1,-1,2,1,2
2018010098066,2,9,0,-1,-1,-1,-1,-1,-1,-1,1,-1,6,2,-1,-1,1598,1,16,2,1,2
2018010098070,1,9,0,9,0,3,0,0,0,0,1,1,6,1,31,6,1598,2,1,6,1,6
2018010098070,2,9,0,18,0,1,0,0,0,0,1,1,6,1,40,7,1198,1,5,6,1,6
2018010098076,1,11,0,4,0,0,0,0,0,0,0,1,1,1,58,9,-1,-1,-1,2,1,2
2018010098077,1,9,0,15,0,1,0,0,0,0,1,1,6,1,32,6,2143,2,8,1,1,1
2018010098080,1,9,0,-1,-1,0,-1,-1,-1,-1,1,-1,6,1,57,9,1242,1,7,5,1,5
2018010098082,1,9,0,9,0,0,0,10,0,0,1,2,1,1,38,7,-1,-1,-1,2,1,2
2018010098082,2,1,0,9,4,0,0,0,0,0,1,1,6,1,15,3,-1,-1,-1,5,1,5
2018010098083,1,3,0,-1,-1,-1,-1,-1,-1,-1,2,1,6,1,28,6,125,1,2,4,1,4
2018010098083,2,9,0,-1,-1,-1,-1,-1,-1,-1,1,-1,6,1,-1,-1,1390,1,7,-1,-1,-1
2018010098086,1,9,0,3,0,0,0,0,0,0,4,1,6,1,56,9,2687,1,18,7,1,7
2018010098086,2,9,0,15,0,0,0,0,0,0,1,1,6,1,-1,-1,2993,2,12,7,1,7
2018010098087,1,9,0,3,0,1,0,0,3,0,1,1,6,2,21,5,-1,-1,-1,5,1,5
2018010098087,2,9,0,3,0,1,0,0,1,0,0,1,6,2,51,8,1339,1,4,3,1,3
2018010098094,1,9,0,17,0,3,0,0,0,0,1,1,6,2,49,8,1796,1,13,4,1,4
2018010098094,2,3,0,12,0,3,0,0,0,0,4,1,6,1,22,5,125,1,3,4,1,4
2018010098098,1,9,0,6,0,8,0,0,0,0,3,1,2,1,34,6,998,1,1,4,1,4
2018010098098,2,3,3,18,0,8,0,0,0,0,1,1,6,1,24,5,125,1,5,4,1,4
2018010098099,1,9,0,12,0,1,0,0,0,0,2,1,6,1,20,4,1229,1,6,3,1,3
2018010098099,2,3,0,13,0,1,0,0,0,0,1,1,6,1,43,7,125,1,9,2,1,2
2018010098103,1,11,0,3,2,0,0,0,0,0,0,1,1,1,62,9,6692,2,5,2,1,2
2018010098105,1,3,0,15,0,1,0,0,0,0,3,1,6,1,26,6,125,1,1,4,1,4
2018010098105,2,9,0,7,0,5,0,0,0,0,4,1,6,1,60,9,1900,2,11,7,1,7
2018010098108,1,19,0,18,0,1,0,0,0,0,1,1,6,1,28,6,1560,2,1,3,1,3
2018010098111,1,11,0,18,0,0,0,0,0,0,0,1,1,1,53,8,9360,2,8,4,1,4
2018010098113,1,9,0,3,0,1,0,0,0,0,2,2,6,1,29,6,-1,-1,-1,4,1,4
2018010098113,2,9,0,4,0,1,0,0,0,0,1,1,6,2,33,6,1799,1,8,6,1,6
2018010098115,1,19,0,16,0,2,0,0,7,4,1,2,1,1,46,8,1560,2,2,4,1,4
2018010098117,1,9,0,18,0,0,0,0,0,0,2,1,6,2,59,9,1896,2,10,9,1,9
2018010098117,2,8,0,18,0,0,0,0,0,0,2,1,1,1,42,7,1968,2,4,2,1,2
2018010098117,3,19,0,18,0,0,0,0,0,0,1,1,1,1,25,5,2998,2,2,2,1,2
2018010098119,1,1,0,3,0,2,0,0,0,0,2,1,6,1,17,4,-1,-1,-1,2,1,2
2018010098119,2,9,0,18,0,2,0,0,0,0,1,1,6,1,-1,-1,2987,2,7,1,1,1
2018010098120,1,9,0,5,0,1,0,0,0,0,1,1,6,1,31,6,1685,2,6,4,1,4
2018010098120,2,9,0,9,0,1,0,0,0,0,1,1,6,2,25,5,1461,2,10,3,1,3
2018010098122,1,9,0,2,6,1,0,0,0,0,2,1,6,3,-1,-1,1686,2,8,-1,-1,-1
2018010098122,2,19,0,1,0,1,0,4,0,0,2,1,6,3,-1,-1,-1,-1,-1,-1,-1,-1
2018010098123,1,9,0,18,0,1,0,0,0,0,3,1,6,1,45,7,1997,2,-1,5,1,5
2018010098124,1,8,0,6,0,8,0,0,0,0,1,1,1,1,50,8,1798,8,6,1,1,1
2018010098124,2,1,0,18,0,8,0,0,0,0,1,1,1,1,27,6,-1,-1,-1,3,1,3
2018010098125,1,9,0,9,0,0,0,7,0,0,1,1,6,2,45,7,2987,2,11,4,1,4
2018010098125,2,9,0,2,0,0,0,0,0,0,1,1,6,3,-1,-1,1781,1,21,-1,-1,-1
2018010098125,3,19,0,2,0,0,0,0,0,0,1,1,6,3,-1,-1,2143,2,4,-1,-1,-1
2018010098126,1,9,0,18,0,1,0,0,0,0,1,1,6,1,29,6,1598,1,13,2,1,2
2018010098126,2,1,0,9,0,1,0,0,0,0,2,1,1,2,19,4,-1,-1,-1,2,1,2
2018010098127,1,8,0,5,0,4,0,1,0,0,3,1,1,1,41,7,1686,2,8,2,1,2
2018010098127,2,1,0,18,0,4,5,1,0,0,1,1,6,2,26,6,-1,-1,-1,6,1,6
2018010098128,1,9,0,18,0,1,1,0,4,6,1,1,6,1,20,4,998,1,9,5,1,5
2018010098128,2,21,1,11,0,1,0,0,0,0,1,1,1,1,29,6,12902,2,5,3,1,3
2018010098130,1,9,0,4,0,0,0,0,0,0,3,1,6,1,53,8,1598,1,12,7,1,7
2018010098130,2,1,0,14,0,0,0,0,0,0,1,1,2,2,26,6,-1,-1,-1,-1,-1,-1
2018010098131,1,9,0,18,0,1,0,0,0,0,1,1,6,1,41,7,2987,2,5,3,1,3
2018010098131,2,9,0,8,0,1,0,0,0,0,2,1,6,2,36,7,1395,1,1,-1,-1,-1
2018010098134,1,9,0,-1,-1,-1,-1,-1,-1,-1,1,-1,6,1,46,8,1364,1,11,3,1,3
2018010098135,1,9,0,18,0,0,0,0,0,0,1,1,6,3,-1,-1,-1,-1,-1,-1,-1,-1
2018010098139,1,9,0,4,0,1,0,0,0,0,2,1,6,1,67,10,1968,2,9,7,1,7
2018010098139,2,19,0,18,0,1,1,0,0,0,1,1,6,1,42,7,2287,2,9,1,1,1
2018010098142,1,9,0,10,0,1,0,0,0,0,1,1,6,1,30,6,1197,1,1,5,1,5
2018010098142,2,3,0,18,0,1,2,0,0,0,1,1,1,1,21,5,125,1,4,4,1,4
2018010098145,1,11,0,18,0,2,0,0,0,0,0,1,6,1,48,8,4500,2,1,6,1,6
2018010098147,1,9,0,18,0,0,0,0,0,0,3,1,6,1,41,7,1596,1,12,3,1,3
2018010098148,1,9,0,18,0,0,0,0,0,0,2,1,6,2,44,7,1197,1,1,2,1,2
2018010098148,2,9,0,18,0,0,0,0,0,0,1,1,6,1,39,7,2149,2,11,3,1,3
2018010098149,1,1,-1,-1,-1,-1,-1,-1,-1,-1,-1,1,6,1,19,4,-1,-1,-1,2,1,2
2018010098149,2,8,0,-1,-1,-1,-1,-1,-1,-1,-1,-1,6,3,-1,-1,-1,-1,-1,-1,-1,-1
2018010098150,1,3,0,18,0,1,5,0,0,0,1,1,6,1,28,6,125,1,8,5,1,5
2018010098150,2,9,0,9,0,1,0,0,0,0,1,1,6,1,62,9,1598,2,2,7,3,7
2018010098152,1,9,0,18,0,2,0,0,0,0,1,1,6,3,-1,-1,-1,-1,-1,-1,-1,-1
2018010098153,1,19,0,18,0,3,0,0,0,0,1,1,1,1,30,6,2198,2,4,5,1,5
2018010098156,1,3,0,9,0,5,0,0,0,0,3,1,6,1,24,5,125,1,2,3,1,3
2018010098156,2,1,0,18,0,5,0,0,0,0,1,1,2,1,56,9,-1,-1,-1,2,1,2
2018010098158,1,9,0,14,0,8,0,0,0,0,1,1,6,1,48,8,1753,2,15,4,1,4
2018010098158,2,9,0,9,0,8,0,0,0,0,1,1,6,2,25,5,-1,-1,-1,3,1,3
2018010098161,1,9,0,16,0,1,0,0,0,0,3,2,6,1,37,7,1998,1,13,4,1,4
2018010098161,2,4,0,18,0,2,0,0,0,0,3,1,2,1,37,7,125,1,1,7,1,7
2018010098165,1,9,-1,-1,0,4,0,-1,0,0,1,-1,6,2,35,6,1395,1,2,2,1,2
2018010098173,1,19,0,18,0,8,0,0,0,0,1,1,1,1,27,6,2461,2,10,5,1,5
2018010098173,2,9,0,18,0,8,0,0,0,0,3,1,6,2,44,7,1796,1,15,7,1,7
2018010098174,1,9,0,5,0,8,0,10,0,0,1,1,2,1,25,5,2979,1,4,3,1,3
2018010098176,1,9,0,-1,-1,0,-1,-1,-1,-1,2,-1,6,2,43,7,1596,1,13,3,1,3
2018010098176,2,9,0,-1,-1,0,-1,-1,-1,-1,1,-1,6,1,-1,-1,1753,2,12,1,1,1
2018010098178,1,9,0,-1,-1,0,-1,-1,-1,-1,2,-1,2,1,28,6,1968,2,7,2,1,2
2018010098178,2,19,0,-1,-1,0,-1,-1,-1,-1,1,-1,6,1,-1,-1,1686,2,12,2,1,2
2018010098180,1,9,0,5,0,6,0,0,0,0,3,1,6,1,54,8,-1,-1,-1,4,1,4
2018010098180,2,1,0,18,0,1,0,0,0,0,1,1,2,2,48,8,-1,-1,-1,2,1,2
2018010098184,1,9,0,5,0,1,0,4,0,0,3,1,6,1,46,8,1995,1,10,4,1,4
2018010098184,2,9,0,17,0,2,1,0,0,0,1,1,6,2,22,5,1598,1,11,1,1,1
2018010098184,3,9,0,2,0,1,0,0,0,0,4,1,6,3,-1,-1,1198,1,8,-1,-1,-1
2018010098187,1,2,0,18,0,2,0,0,0,0,1,1,1,1,55,8,108,1,3,2,1,2
2018010098187,2,9,0,5,0,1,0,0,0,0,1,1,6,1,25,5,1995,2,7,10,1,10
2018010098189,1,9,0,5,0,7,0,0,0,0,1,1,6,1,25,5,1997,1,6,7,1,7
2018010098189,2,9,0,3,0,7,0,0,0,0,2,1,6,1,50,8,1798,8,3,4,1,4
2018010098190,1,9,0,-1,-1,-1,-1,-1,-1,-1,3,-1,6,1,22,5,1596,1,12,2,1,2
2018010098190,2,9,0,-1,-1,-1,-1,-1,-1,-1,1,-1,6,2,-1,-1,-1,-1,-1,-1,-1,-1
2018010098194,1,9,0,16,0,0,0,0,0,0,0,1,6,3,-1,-1,-1,-1,-1,-1,-1,-1
2018010098194,2,1,0,17,0,0,1,10,1,9,0,1,6,1,39,7,-1,-1,-1,3,1,3
2018010098196,1,9,0,9,0,0,0,0,0,0,4,1,6,1,44,7,1797,8,5,2,1,2
2018010098196,2,3,0,15,0,0,0,0,0,0,4,1,6,1,26,6,124,1,12,4,1,4
2018010098197,1,9,0,4,0,4,0,0,0,0,2,1,2,2,24,5,998,1,4,7,1,7
2018010098197,2,1,0,18,0,4,0,0,0,0,1,1,6,1,64,9,-1,-1,-1,5,1,5
2018010098198,1,9,0,18,0,1,0,0,0,0,3,1,6,1,30,6,1997,2,8,1,1,1
2018010098198,2,9,0,18,0,2,0,0,0,0,1,1,6,3,-1,-1,1896,2,15,-1,-1,-1
2018010098202,1,5,0,18,0,1,0,0,0,0,4,1,2,1,61,9,599,1,7,9,1,9
2018010098202,2,9,0,9,0,1,0,0,0,0,3,-1,6,1,43,7,2143,2,2,9,1,9
2018010098213,1,1,-1,-1,-1,-1,-1,-1,-1,-1,1,1,6,1,67,10,-1,-1,-1,6,1,6
2018010098213,2,9,0,-1,-1,-1,-1,-1,-1,-1,1,-1,6,1,37,7,1900,2,13,8,1,8
2018010098216,1,9,0,7,0,0,0,0,0,0,0,1,6,2,22,5,1598,2,6,2,1,2
2018010098216,2,1,0,18,0,0,0,0,1,0,0,1,6,1,62,9,-1,-1,-1,4,1,4
2018010098219,1,8,0,9,0,5,0,0,0,0,4,1,1,1,60,9,1798,8,3,2,1,2
2018010098219,2,5,0,15,2,8,0,0,0,0,1,1,6,1,20,4,645,1,13,1,1,1
2018010098220,1,9,0,-1,-1,-1,-1,-1,-1,-1,2,-1,6,2,48,8,1329,1,9,6,1,6
2018010098220,2,9,0,-1,-1,-1,-1,-1,-1,-1,2,-1,6,1,-1,-1,1997,2,4,-1,-1,-1
2018010098226,1,2,-1,5,0,1,-1,-1,0,0,1,1,6,3,-1,-1,-1,-1,-1,-1,-1,-1
2018010098233,1,9,0,18,0,8,0,0,0,0,0,1,6,1,22,5,1796,1,12,2,1,2
2018010098233,2,9,0,18,0,8,0,0,0,0,1,1,6,2,47,8,2324,1,16,6,1,6
2018010098241,1,9,0,16,0,0,0,0,0,0,1,1,6,2,36,7,998,1,2,2,1,2
2018010098242,1,9,0,3,0,4,0,0,0,0,2,1,6,2,29,6,1395,1,3,10,1,10
2018010098242,2,3,0,13,0,4,0,0,0,0,1,1,6,1,25,5,125,1,3,10,1,10
2018010098243,1,9,0,18,0,1,0,0,0,0,1,1,6,2,67,10,1598,1,17,7,1,7
2018010098243,2,9,0,18,0,1,0,0,0,0,3,1,6,1,45,7,1598,1,11,7,1,7
2018010098243,3,9,0,18,0,1,0,0,0,0,1,1,6,1,63,9,1998,1,15,9,1,9
2018010098245,1,9,0,1,-1,-1,0,11,0,0,-1,1,6,1,46,8,2143,2,3,10,3,10
2018010098252,1,8,-1,-1,-1,0,-1,-1,-1,-1,-1,-1,6,3,-1,-1,1997,2,6,-1,-1,-1
2018010098253,1,9,0,5,0,1,0,0,0,0,2,1,6,2,24,5,1390,1,15,1,1,1
2018010098253,2,9,0,18,0,1,0,0,0,0,1,1,6,3,-1,-1,3222,2,15,-1,-1,-1
2018010098255,1,9,0,14,0,3,0,0,0,0,1,1,6,1,-1,-1,1598,2,2,-1,-1,-1
2018010098257,1,9,0,18,0,1,0,0,0,0,4,1,6,2,27,6,1595,1,8,5,1,5
2018010098264,1,11,0,4,2,8,0,0,0,0,0,1,1,1,41,7,4500,2,7,-1,-1,-1
2018010098265,1,9,0,5,0,-1,-1,0,-1,-1,1,2,6,3,-1,-1,-1,-1,-1,-1,-1,-1
2018010098265,2,3,0,3,0,1,0,0,0,0,2,1,6,1,18,4,124,1,11,3,1,3
2018010098267,1,9,0,18,0,0,0,0,0,0,1,1,6,1,24,5,1797,8,5,4,1,4
2018010098274,1,9,0,9,0,6,0,0,0,0,1,1,6,2,50,8,1984,1,15,4,1,4
2018010098274,2,11,0,3,0,1,0,0,0,0,3,1,1,1,21,5,8268,2,14,4,1,4
2018010098278,1,9,0,5,0,1,0,0,0,0,3,1,6,2,36,7,3226,2,16,3,1,3
2018010098278,2,3,0,18,0,1,0,0,0,0,1,1,1,1,28,6,-1,-1,-1,5,1,5
2018010098279,1,19,0,18,0,0,0,0,0,0,3,1,2,1,34,6,2998,2,5,6,1,6
2018010098279,2,9,0,18,0,0,0,0,0,0,1,1,6,1,22,5,-1,-1,-1,5,1,5
2018010098279,3,9,0,18,0,0,1,0,0,0,2,1,6,1,19,4,-1,-1,-1,5,1,5
2018010098279,4,9,0,18,0,0,0,0,0,0,3,1,6,2,30,6,1596,1,9,6,1,6
2018010098279,5,9,0,18,0,0,2,0,0,0,1,1,6,1,22,5,1984,1,4,5,1,5
2018010098279,6,9,0,18,0,0,0,0,0,0,2,1,6,1,41,7,999,1,2,10,1,10
2018010098279,7,9,0,18,0,0,0,0,0,0,3,1,6,1,44,7,1984,1,1,10,1,10
2018010098281,1,3,0,9,0,1,0,0,0,0,4,1,1,1,43,7,108,1,1,4,1,4
2018010098281,2,9,0,9,0,6,0,0,0,0,3,1,6,1,-1,-1,1560,2,11,5,1,5
2018010098281,3,9,0,2,0,1,0,0,0,0,2,2,6,3,-1,-1,1968,2,12,-1,-1,-1
2018010098283,1,9,0,3,0,1,0,0,0,0,2,1,6,2,40,7,1596,1,8,3,1,3
2018010098283,2,9,0,3,0,1,0,0,0,0,1,1,6,1,27,6,1596,1,11,2,1,2
2018010098284,1,9,0,18,0,0,1,0,0,0,2,1,6,1,18,4,1590,1,13,1,1,1
2018010098284,2,9,0,16,0,0,0,0,0,0,4,1,6,1,28,6,1968,2,6,3,1,3
2018010098284,3,9,0,16,0,0,0,0,0,0,3,1,6,1,30,6,1560,2,6,2,1,2
2018010098284,4,9,0,16,0,0,1,0,0,0,4,1,6,2,33,6,2143,2,1,4,1,4
2018010098285,1,9,0,18,0,2,0,0,0,0,4,1,6,3,-1,-1,-1,-1,-1,-1,-1,-1
2018010098286,1,3,0,9,0,3,5,0,0,0,1,1,1,1,19,4,49,1,8,-1,-1,-1
2018010098286,2,9,0,18,0,8,0,0,0,0,1,1,6,3,-1,-1,1598,1,12,-1,-1,-1
2018010098287,1,1,-1,-1,-1,-1,-1,-1,-1,-1,1,1,2,2,29,6,-1,-1,-1,3,1,3
2018010098287,2,9,0,-1,-1,-1,-1,-1,-1,-1,-1,-1,6,1,52,8,999,1,1,3,1,3
2018010098289,1,8,0,18,0,8,1,0,0,0,2,1,1,1,62,9,2143,2,5,1,1,1
2018010098289,2,9,0,18,0,8,1,0,1,4,1,1,6,1,27,6,1783,1,19,3,1,3
2018010098291,1,9,0,-1,-1,-1,-1,-1,-1,-1,2,-1,6,1,56,9,1240,1,15,9,1,9
2018010098291,2,9,0,-1,-1,-1,-1,-1,-1,-1,1,-1,6,3,-1,-1,-1,-1,-1,-1,-1,-1
2018010098292,1,9,0,4,0,1,0,0,0,0,2,1,6,2,52,8,1598,1,2,3,1,3
2018010098292,2,9,0,4,0,1,0,0,0,0,1,1,6,2,26,6,1386,1,13,3,1,3
2018010098297,1,9,0,3,0,1,0,0,0,0,2,1,6,2,52,8,1999,1,7,6,1,6
2018010098297,2,9,0,4,0,1,0,0,0,0,1,1,6,2,31,6,1364,1,9,6,1,6
2018010098298,1,9,0,2,0,0,0,0,0,0,2,1,6,3,-1,-1,1395,1,3,-1,-1,-1
2018010098298,2,19,0,1,0,0,0,4,0,0,2,1,1,1,50,8,2143,2,4,2,1,2
2018010098304,1,8,0,9,0,8,0,0,0,0,1,1,1,1,28,6,1798,8,4,2,1,2
2018010098304,2,9,0,18,0,8,0,0,0,0,1,1,6,1,22,5,1240,1,15,6,1,6
2018010098305,1,8,0,-1,-1,2,-1,-1,-1,-1,1,-1,6,1,44,7,1596,1,5,2,1,2
2018010098305,2,9,0,-1,-1,2,-1,-1,-1,-1,2,-1,6,1,31,6,2500,1,21,4,1,4
2018010098309,1,9,0,4,0,1,0,0,0,0,2,1,6,1,29,6,2143,2,1,4,1,4
2018010098309,2,9,0,18,0,1,0,4,0,0,1,1,6,1,31,6,1896,2,13,2,1,2
2018010098311,1,3,0,18,0,1,0,0,0,0,3,1,1,1,19,4,108,1,2,4,1,4
2018010098311,2,9,0,2,0,2,0,0,0,0,0,1,6,3,-1,-1,2198,1,10,-1,-1,-1
2018010098317,1,5,0,18,0,1,0,0,0,0,0,1,6,1,33,6,-1,-1,-1,5,1,5
2018010098317,2,9,0,9,0,1,0,0,0,0,0,1,6,1,-1,-1,1242,1,16,3,1,3
2018010098326,1,9,0,-1,-1,0,-1,-1,-1,-1,2,-1,2,2,57,9,1399,1,1,7,1,7
2018010098326,2,19,0,18,0,0,0,0,0,0,1,1,6,1,-1,-1,1968,2,2,-1,-1,-1
2018010098328,1,9,0,-1,-1,-1,-1,-1,-1,-1,2,-1,2,2,37,7,998,1,5,1,1,1
2018010098328,2,90,0,-1,-1,-1,-1,-1,-1,-1,2,-1,6,3,-1,-1,-1,-1,-1,-1,-1,-1
2018010098329,1,19,0,4,0,6,0,0,0,0,0,1,1,1,68,10,2198,2,5,-1,-1,-1
2018010098330,1,9,0,-1,-1,-1,-1,-1,-1,-1,2,-1,6,1,35,6,1995,1,12,2,1,2
2018010098330,2,9,0,-1,-1,-1,-1,-1,-1,-1,1,-1,6,2,-1,-1,999,1,4,-1,-1,-1
2018010098334,1,8,0,18,0,2,0,0,0,0,4,1,6,3,61,9,2499,2,4,4,1,4
2018010098334,2,19,0,11,0,2,0,0,0,0,0,1,6,3,64,9,2287,2,5,-1,-1,-1
2018010098334,3,1,0,18,0,2,5,0,0,0,3,1,2,1,36,7,-1,-1,-1,2,1,2
2018010098335,1,19,0,5,0,0,0,0,0,0,1,1,1,1,37,7,2198,2,6,4,1,4
2018010098336,1,9,0,3,0,2,0,0,0,0,4,1,6,2,31,6,2231,2,7,6,1,6
2018010098336,2,9,0,5,0,1,0,4,0,0,1,1,6,2,65,9,2979,1,14,3,1,3
2018010098350,1,1,0,-1,0,0,-1,-1,-1,-1,-1,1,2,1,31,6,-1,-1,-1,2,1,2
2018010098350,2,19,0,-1,-1,0,-1,-1,-1,-1,2,-1,6,3,-1,-1,2198,2,8,-1,-1,-1
2018010098351,1,9,0,18,0,1,0,0,0,0,4,1,6,1,29,6,1198,1,15,4,1,4
2018010098351,2,9,0,7,0,1,0,0,0,0,1,1,6,3,-1,-1,1200,1,2,-1,-1,-1
2018010098353,1,9,0,10,0,1,0,0,0,0,2,1,3,2,29,6,1390,1,9,2,1,2
2018010098353,2,9,0,3,0,8,0,0,0,0,3,1,6,1,75,10,1461,2,2,9,1,9
2018010098353,3,19,0,18,0,1,0,0,0,0,1,1,1,1,56,9,2143,2,5,9,1,9
2018010098364,1,11,0,18,0,8,0,0,0,0,0,1,1,1,44,7,-1,-1,-1,5,1,5
2018010098368,1,1,-1,-1,-1,8,-1,-1,-1,-1,1,1,2,2,28,6,-1,-1,-1,6,1,6
2018010098368,2,9,0,-1,-1,8,-1,-1,-1,-1,-1,-1,6,1,-1,-1,2179,2,4,-1,-1,-1
2018010098369,1,9,0,18,0,6,0,0,0,0,1,1,6,2,48,8,1590,1,15,4,1,4
2018010098372,1,11,0,9,0,1,0,0,0,0,1,1,1,1,36,7,4500,2,11,1,1,1
2018010098376,1,9,0,18,0,0,5,10,0,0,2,1,6,2,28,6,1364,1,11,3,1,3
2018010098376,2,9,0,12,0,0,0,0,0,0,1,1,2,1,47,8,1598,1,12,7,1,7
2018010098377,1,9,0,9,0,4,0,0,0,0,4,1,6,1,33,6,1999,1,12,2,1,2
2018010098377,2,9,0,18,0,3,0,0,0,0,-1,-1,6,3,-1,-1,1598,1,8,-1,-1,-1
2018010098378,1,9,0,18,0,0,1,4,0,0,1,1,6,2,33,6,998,1,11,6,1,6
2018010098378,2,9,0,7,0,0,0,0,0,0,3,1,6,2,26,6,-1,-1,-1,4,1,4
2018010098378,3,9,0,2,9,0,0,4,0,0,2,1,6,3,-1,-1,-1,-1,-1,-1,-1,-1
2018010098378,4,9,0,2,9,0,0,0,0,0,2,1,6,3,-1,-1,1124,1,15,-1,-1,-1
2018010098379,1,9,0,4,0,1,0,0,0,0,2,1,6,2,59,9,1598,1,11,2,1,2
2018010098379,2,9,0,18,0,1,0,0,0,10,1,1,6,3,-1,-1,-1,-1,-1,-1,-1,-1
2018010098386,1,11,0,18,0,8,0,0,0,0,0,1,1,1,50,8,9000,2,11,9,1,9
2018010098390,1,1,-1,-1,-1,0,-1,-1,-1,-1,-1,1,6,2,62,9,-1,-1,-1,5,1,5
2018010098400,1,8,0,-1,-1,-1,-1,-1,-1,-1,2,-1,6,1,32,6,1598,1,9,2,1,2
2018010098400,2,19,0,-1,-1,-1,-1,-1,-1,-1,-1,-1,6,1,-1,-1,2402,2,14,-1,-1,-1
2018010098401,1,20,4,11,0,2,0,0,0,0,2,1,1,1,21,5,12902,2,5,7,1,7
2018010098401,2,1,0,7,4,6,0,0,1,0,1,1,6,1,28,6,-1,-1,-1,4,1,4
2018010098412,1,9,0,18,0,2,0,0,3,0,1,1,6,1,30,6,-1,-1,-1,-1,-1,-1
2018010098413,1,19,-1,-1,-1,-1,-1,-1,-1,-1,-1,-1,6,3,-1,-1,-1,-1,-1,-1,-1,-1
2018010098416,1,9,0,7,0,8,0,0,0,0,1,1,6,2,78,11,1390,1,7,3,3,3