Accident_Index,Vehicle_Reference,Vehicle_Type,Towing_and_Articulation,Vehicle_Manoeuvre,Vehicle_Location-Restricted_Lane,Junction_Location,Skidding_and_Overturning,Hit_Object_in_Carriageway,Vehicle_Leaving_Carriageway,Hit_Object_off_Carriageway,1st_Point_of_Impact,Was_Vehicle_Left_Hand_Drive?,Journey_Purpose_of_Driver,Sex_of_Driver,Age_of_Driver,Age_Band_of_Driver,Engine_Capacity_(CC),Propulsion_Code,Age_of_Vehicle,Driver_IMD_Decile,Driver_Home_Area_Type,Vehicle_IMD_Decile
2018010099277,1,9,0,5,0,1,0,4,0,0,3,1,6,1,41,7,1794,1,14,-1,-1,-1
2018010099277,2,9,0,2,9,2,0,0,0,0,3,1,6,3,-1,-1,-1,-1,-1,-1,-1,-1
2018010099282,1,9,0,7,0,0,1,0,0,0,1,1,6,2,28,6,2295,1,19,3,1,3
2018010099284,1,9,0,18,9,0,0,0,0,0,1,1,6,1,36,7,-1,-1,-1,2,1,2
2018010099284,2,9,0,18,0,0,0,0,0,0,1,1,6,1,66,10,2290,1,22,2,1,2
2018010099284,3,9,0,18,0,0,0,0,0,0,4,1,6,1,57,9,1591,1,2,2,1,2
2018010099285,1,9,0,-1,-1,-1,-1,-1,-1,-1,-1,-1,6,3,-1,-1,-1,-1,-1,2,1,2
2018010099286,1,8,0,18,0,1,0,0,0,0,1,1,6,1,30,6,1798,8,6,1,1,1
2018010099289,1,1,0,18,0,1,0,8,0,0,1,1,6,1,52,8,-1,-1,-1,4,1,4
2018010099292,1,9,0,4,0,1,0,0,0,0,2,1,6,1,34,6,3999,1,8,6,1,6
2018010099292,2,1,0,4,0,1,0,0,0,0,1,1,6,1,22,5,-1,-1,-1,6,1,6
2018010099292,3,9,0,18,0,1,0,7,0,0,1,1,6,3,-1,-1,-1,-1,-1,-1,-1,-1
2018010099304,1,9,0,7,0,6,0,0,0,0,1,1,6,2,23,5,1598,1,9,4,1,4
2018010099304,2,3,0,3,0,6,5,0,0,0,3,1,6,1,30,6,102,1,11,3,1,3
2018010099309,1,9,0,-1,-1,0,-1,-1,-1,-1,2,-1,2,2,30,6,1968,2,2,4,1,4
2018010099312,1,9,0,9,0,6,0,0,0,0,3,1,6,2,23,5,998,1,13,6,1,6
2018010099312,2,3,0,18,0,8,0,0,0,0,1,1,1,1,35,6,125,1,12,6,1,6
2018010099313,1,11,0,4,2,0,0,0,0,0,0,1,1,1,51,8,4461,2,4,-1,-1,-1
2018010099314,1,9,0,-1,-1,-1,-1,-1,-1,-1,-1,-1,2,2,45,7,1341,1,13,6,1,6
2018010099314,2,9,0,-1,-1,-1,-1,-1,-1,-1,2,-1,6,1,-1,-1,-1,-1,-1,5,1,5
2018010099324,1,19,0,18,8,5,0,11,0,0,1,1,6,1,45,7,2151,2,14,2,1,2
2018010099325,1,9,0,18,-1,-1,-1,-1,-1,-1,1,-1,6,2,29,6,1797,8,6,4,1,4
2018010099325,2,9,0,6,-1,-1,-1,-1,-1,-1,-1,-1,6,1,-1,-1,2799,1,16,-1,-1,-1
2018010099326,1,8,0,6,0,8,0,11,0,0,1,1,1,1,41,7,1797,8,6,2,1,2
2018010099330,1,9,0,9,0,2,0,0,0,0,1,1,6,3,-1,-1,1560,2,10,-1,-1,-1
2018010099331,1,3,0,18,0,1,1,0,0,0,0,1,6,1,36,7,-1,-1,-1,10,1,10
2018010099332,1,9,0,18,0,1,0,0,0,0,1,1,6,1,39,7,2993,2,7,6,1,6
2018010099332,2,9,0,18,0,1,0,0,0,0,1,1,6,2,71,10,1598,1,17,5,1,5
2018010099332,3,9,0,18,0,1,1,0,0,0,1,1,6,1,22,5,2000,2,9,3,1,3
2018010099339,1,9,0,3,0,1,0,0,0,0,4,1,6,1,52,8,1896,2,13,3,1,3
2018010099339,2,3,0,18,0,1,0,8,0,0,3,1,1,1,26,6,125,1,2,2,1,2
2018010099344,1,9,0,18,0,8,1,0,0,0,1,1,6,1,33,6,1560,2,12,5,1,5
2018010099349,1,9,0,18,0,2,0,0,0,0,4,1,6,2,39,7,1498,1,10,3,1,3
2018010099351,1,1,0,-1,0,8,0,0,0,0,4,1,6,1,54,8,-1,-1,-1,8,1,8
2018010099351,2,9,0,-1,0,8,0,0,0,0,1,-1,6,1,-1,-1,-1,-1,-1,-1,-1,-1
2018010099356,1,3,0,16,0,1,1,4,0,0,4,1,6,1,23,5,-1,-1,-1,-1,-1,-1
2018010099356,2,19,0,2,0,1,0,0,0,0,2,1,6,3,-1,-1,2143,2,6,-1,-1,-1
2018010099363,1,3,0,5,0,1,0,0,0,0,1,1,6,1,38,7,-1,-1,-1,-1,-1,-1
2018010099365,1,9,0,9,0,6,0,0,0,0,3,1,6,2,39,7,1968,2,8,4,1,4
2018010099365,2,3,0,18,0,1,0,0,0,0,1,1,1,1,19,4,124,1,9,1,1,1
2018010099367,1,8,0,-1,-1,-1,-1,-1,-1,-1,2,-1,6,1,28,6,1798,8,3,2,1,2
2018010099367,2,9,0,-1,-1,-1,-1,-1,-1,-1,-1,-1,6,2,22,5,1199,2,8,3,1,3
2018010099370,1,9,0,7,0,8,0,0,1,0,1,1,6,2,25,5,1598,2,5,1,1,1
2018010099372,1,1,-1,-1,-1,-1,-1,-1,-1,-1,-1,1,6,1,26,6,-1,-1,-1,3,1,3
2018010099372,2,9,0,-1,-1,-1,-1,-1,-1,-1,-1,-1,6,2,-1,-1,1598,2,4,-1,-1,-1
2018010099373,1,3,0,18,0,1,0,0,0,0,1,1,6,1,29,6,125,1,-1,4,1,4
2018010099374,1,9,0,18,0,4,0,0,0,0,2,1,6,1,40,7,1685,2,2,2,1,2
2018010099374,2,9,0,18,0,4,0,0,0,0,3,1,6,1,39,7,1596,1,7,10,1,10
2018010099378,1,3,0,18,0,1,0,0,0,0,1,1,1,1,24,5,125,1,5,3,1,3
2018010099378,2,9,0,6,0,6,0,0,0,0,1,1,6,1,37,7,1753,2,10,5,1,5
2018010099379,1,9,0,9,0,8,0,0,0,0,1,1,6,1,24,5,1997,2,15,2,1,2
2018010099379,2,8,0,18,0,8,0,0,0,0,1,1,1,1,46,8,2499,2,3,7,-1,7
2018010099381,1,9,0,4,0,1,0,0,7,2,1,1,6,1,87,11,1339,1,9,9,1,9
2018010099382,1,9,0,9,0,1,0,0,0,0,1,1,6,1,29,6,-1,-1,-1,2,1,2
2018010099382,2,9,0,18,0,1,0,0,0,0,1,1,6,1,86,11,1240,1,8,10,1,10
2018010099384,1,11,0,5,0,1,0,0,0,0,4,1,1,1,52,8,4500,2,6,1,1,1
2018010099388,1,9,0,9,0,0,0,0,0,0,3,1,2,1,48,8,1497,1,15,2,1,2
2018010099391,1,9,0,4,0,0,0,0,0,0,1,1,6,1,41,7,-1,-1,-1,6,1,6
2018010099395,1,9,0,18,0,1,0,0,0,0,1,1,6,1,24,5,1598,1,8,4,1,4
2018010099395,2,9,0,5,0,2,0,0,0,0,4,1,6,1,32,6,1199,1,16,-1,-1,-1
2018010099396,1,9,0,18,0,0,0,0,0,0,4,1,6,1,-1,-1,1461,2,3,-1,-1,-1
2018010099399,1,9,0,9,0,5,0,0,0,0,1,1,6,2,26,6,2143,2,1,3,1,3
2018010099399,2,9,0,18,0,1,0,0,0,0,1,1,6,1,61,9,1591,1,3,5,2,5
2018010099407,1,9,0,3,0,1,0,0,0,0,2,1,6,1,48,8,1598,2,7,3,1,3
2018010099407,2,9,0,18,0,1,0,0,0,0,1,1,6,1,27,6,1499,1,3,-1,-1,-1
2018010099413,1,9,0,18,0,4,0,0,1,0,1,1,6,1,69,10,1461,2,8,3,1,3
2018010099413,2,9,0,18,0,4,0,0,0,0,1,1,6,1,34,6,998,1,5,9,1,9
2018010099417,1,3,0,5,0,6,0,0,0,0,1,1,6,3,-1,-1,125,1,3,-1,-1,-1
2018010099419,1,9,0,6,0,1,0,0,0,0,3,1,6,1,41,7,1798,8,2,2,1,2
2018010099419,2,4,0,18,0,1,0,0,3,0,3,1,2,1,23,5,-1,-1,-1,2,1,2
2018010099421,1,9,0,-1,-1,-1,-1,-1,-1,-1,2,-1,6,1,31,6,1461,2,3,1,1,1
2018010099424,1,9,0,9,0,2,0,0,0,0,1,1,6,1,54,8,2300,1,17,2,1,2
2018010099425,1,9,0,4,0,1,0,0,0,0,0,1,6,1,32,6,1497,8,1,5,1,5
2018010099428,1,9,0,18,0,0,0,0,0,0,1,1,6,3,-1,-1,1995,2,12,-1,-1,-1
2018010099428,2,9,0,5,0,0,0,0,0,0,1,1,6,2,40,7,1560,2,6,3,1,3
2018010099428,3,9,0,2,0,0,0,0,0,0,2,2,6,3,-1,-1,1995,2,10,-1,-1,-1
2018010099429,1,3,0,18,0,1,0,0,0,0,4,1,1,1,33,6,108,1,4,3,1,3
2018010099429,2,9,0,5,0,7,0,0,1,0,1,1,2,1,40,7,1560,2,9,5,1,5
2018010099432,1,19,0,18,0,2,0,0,0,0,1,1,1,1,51,8,2143,2,3,4,1,4
2018010099435,1,9,0,18,0,5,0,0,0,0,0,1,6,2,32,6,1198,1,14,2,1,2
2018010099445,1,3,0,14,0,8,0,0,0,0,4,1,1,1,28,6,125,1,-1,4,1,4
2018010099445,2,9,0,9,0,8,0,0,0,0,3,1,6,1,19,4,1796,1,6,5,1,5
2018010099448,1,9,0,18,0,0,2,10,0,0,1,1,6,1,30,6,1590,1,13,6,1,6
2018010099449,1,19,0,18,0,1,0,0,0,0,1,1,6,1,44,7,2402,2,14,6,1,6
2018010099451,1,8,0,18,0,0,0,0,0,0,1,1,1,1,49,8,1797,8,4,5,1,5
2018010099451,2,9,0,18,0,0,0,0,0,0,2,1,6,2,48,8,1198,1,3,2,1,2
2018010099454,1,9,0,9,0,8,0,0,0,0,3,1,6,3,-1,-1,-1,-1,-1,-1,-1,-1
2018010099454,2,1,0,18,0,8,5,0,0,0,1,1,6,1,31,6,-1,-1,-1,2,1,2
2018010099456,1,9,0,5,0,1,0,0,0,0,3,1,6,2,69,10,1560,2,11,1,3,1
2018010099456,2,1,0,5,0,1,0,0,0,0,1,1,6,2,46,8,-1,-1,-1,9,1,9
2018010099459,1,9,0,18,0,1,0,0,0,0,1,1,6,1,46,8,1364,1,1,-1,-1,-1
2018010099459,2,9,0,4,0,1,0,0,1,0,2,1,6,2,32,6,1796,2,4,5,1,5
2018010099461,1,9,0,18,0,0,1,0,0,0,2,1,6,1,19,4,2231,2,11,4,1,4
2018010099461,2,9,0,2,0,0,0,4,0,0,2,1,6,3,-1,-1,998,1,1,-1,-1,-1
2018010099467,1,9,0,9,0,6,0,0,0,0,2,1,6,1,77,11,1998,1,12,2,1,2
2018010099467,2,1,0,18,0,1,0,0,0,0,1,1,2,1,28,6,-1,-1,-1,2,1,2
2018010099468,1,11,0,18,0,2,0,0,0,0,1,1,1,1,31,6,4461,2,4,4,1,4
2018010099470,1,9,0,3,-1,0,-1,-1,-1,-1,2,-1,6,1,35,6,998,1,5,-1,-1,-1
2018010099470,2,9,0,-1,-1,0,-1,-1,-1,-1,1,-1,6,3,32,6,1598,1,9,4,1,4
2018010099473,1,9,0,-1,-1,-1,-1,-1,-1,-1,4,-1,6,1,35,6,1388,1,9,2,1,2
2018010099473,2,9,0,-1,-1,-1,-1,-1,-1,-1,3,-1,6,3,-1,-1,1596,1,14,-1,-1,-1
2018010099473,3,9,0,18,0,-1,-1,-1,-1,-1,3,-1,6,3,-1,-1,1896,2,14,-1,-1,-1
2018010099476,1,1,-1,-1,-1,0,-1,-1,-1,-1,-1,1,6,1,49,8,-1,-1,-1,3,1,3
2018010099476,2,9,0,-1,-1,0,-1,-1,-1,-1,-1,-1,6,1,-1,-1,1975,1,12,-1,-1,-1
2018010099479,1,8,0,-1,-1,0,-1,-1,-1,-1,2,-1,6,1,31,6,1798,8,1,2,1,2
2018010099479,2,9,0,-1,-1,0,-1,-1,-1,-1,1,-1,6,1,-1,-1,1242,1,8,7,1,7
2018010099483,1,3,0,-1,-1,-1,-1,-1,-1,-1,1,1,6,1,23,5,124,1,-1,5,1,5
2018010099483,2,9,0,-1,-1,-1,-1,-1,-1,-1,1,-1,6,1,-1,-1,1798,8,1,-1,-1,-1
2018010099485,1,9,0,11,0,0,0,0,0,0,0,1,6,3,-1,-1,-1,-1,-1,-1,-1,-1
2018010099485,2,9,0,18,0,0,0,0,0,0,1,2,6,1,33,6,-1,-1,-1,-1,-1,-1
2018010099485,3,9,0,18,0,0,0,0,0,0,2,1,6,2,27,6,1598,1,11,3,1,3
2018010099486,1,1,-1,-1,-1,0,-1,-1,-1,-1,1,1,6,1,17,4,-1,-1,-1,-1,-1,-1
2018010099486,2,9,-1,-1,-1,0,-1,-1,-1,-1,-1,-1,6,3,-1,-1,-1,-1,-1,-1,-1,-1
2018010099488,1,9,0,9,0,8,0,0,0,0,4,1,6,1,27,6,1998,1,-1,2,1,2
2018010099488,2,1,0,18,9,1,0,0,0,0,1,1,2,1,40,7,-1,-1,-1,3,1,3
2018010099498,1,9,0,-1,-1,-1,-1,-1,-1,-1,1,-1,6,3,-1,-1,-1,-1,-1,-1,-1,-1
2018010099499,1,9,0,18,0,0,0,0,0,0,1,1,2,2,31,6,1968,2,4,5,1,5
2018010099513,1,9,0,18,0,0,0,0,0,0,1,1,6,3,-1,-1,1689,2,18,-1,-1,-1
2018010099513,2,9,0,5,0,0,0,0,0,0,2,1,1,1,47,8,1797,8,4,3,1,3
2018010099513,3,9,0,5,0,0,0,0,0,0,2,1,1,1,52,8,1598,2,2,3,1,3
2018010099513,4,9,0,5,0,0,0,0,0,0,2,1,1,1,38,7,1997,2,7,1,1,1
2018010099516,1,8,0,4,0,1,0,0,0,0,3,1,1,1,23,5,1798,8,3,2,1,2
2018010099516,2,9,0,7,0,8,0,0,0,0,1,1,6,3,-1,-1,1598,1,18,-1,-1,-1
2018010099516,3,9,0,4,0,5,0,0,0,0,3,1,1,1,50,8,-1,-1,-1,1,1,1
2018010099517,1,8,0,18,0,2,0,0,0,0,1,1,1,1,42,7,1197,1,1,2,1,2
2018010099517,2,11,0,3,0,2,0,0,0,0,2,1,1,1,42,7,5132,2,1,4,1,4
2018010099518,1,9,0,18,0,0,0,0,0,0,1,1,6,1,34,6,2497,1,12,1,1,1
2018010099518,2,9,0,18,0,0,1,0,1,6,2,1,6,2,39,7,-1,-1,-1,5,1,5
2018010099520,1,9,0,5,0,1,0,0,0,0,1,1,2,1,23,5,-1,-1,-1,2,1,2
2018010099520,2,9,0,10,0,1,0,0,0,0,1,1,6,3,-1,-1,-1,-1,-1,-1,-1,-1
2018010099521,1,8,0,18,0,8,0,7,0,0,1,1,1,1,30,6,1956,2,6,6,1,6
2018010099522,1,9,0,18,0,0,0,0,0,0,1,1,6,2,82,11,1339,1,4,6,1,6
2018010099522,2,9,0,2,0,0,0,0,0,0,1,1,6,3,-1,-1,1998,1,14,-1,-1,-1
2018010099522,3,9,0,2,0,0,0,0,0,0,2,1,6,3,-1,-1,1997,1,6,-1,-1,-1
2018010099522,4,9,0,18,0,0,0,0,7,0,1,1,6,3,-1,-1,-1,-1,-1,-1,-1,-1
2018010099523,1,9,0,4,0,0,1,0,0,0,2,1,6,1,21,5,1390,1,12,10,2,10
2018010099523,2,21,5,18,0,0,2,1,6,6,1,1,1,1,50,8,10837,2,5,-1,-1,-1
2018010099523,3,9,0,18,0,0,1,1,1,7,1,1,6,1,44,7,1998,1,16,-1,-1,-1
2018010099524,1,9,0,17,0,3,0,0,0,0,1,1,6,1,24,5,2000,1,13,3,1,3
2018010099524,2,9,0,18,0,4,0,0,0,0,1,1,2,1,50,8,1798,8,2,1,1,1
2018010099528,1,9,0,13,0,4,0,0,1,7,4,1,6,1,21,5,1595,1,18,2,1,2
2018010099528,2,9,0,18,0,3,0,7,3,7,3,1,6,2,25,5,1598,2,7,4,1,4
2018010099531,1,9,0,4,0,1,0,0,0,0,1,1,6,1,-1,-1,-1,-1,-1,-1,-1,-1
2018010099531,2,9,0,4,0,1,0,0,0,0,0,1,6,1,42,7,999,1,1,3,1,3
2018010099533,1,9,0,18,0,0,0,0,2,7,1,1,6,1,29,6,-1,-1,-1,4,1,4
2018010099535,1,9,0,4,0,4,0,0,0,0,1,1,6,2,38,7,1596,1,13,2,1,2
2018010099535,2,9,0,5,0,3,0,0,0,0,3,1,1,1,47,8,1797,1,6,2,1,2
2018010099536,1,9,0,16,0,0,0,4,0,0,1,1,6,1,18,4,1997,2,14,5,1,5
2018010099536,2,9,0,2,0,0,0,0,0,0,0,1,6,3,-1,-1,2967,2,-1,-1,-1,-1
2018010099540,1,9,0,18,0,1,0,0,0,0,3,1,6,2,31,6,1598,2,3,5,1,5
2018010099540,2,9,0,18,0,1,0,0,0,0,3,1,6,1,27,6,1797,8,4,5,1,5
2018010099540,3,9,0,18,0,1,0,0,0,0,3,1,6,1,29,6,1999,2,1,5,1,5
2018010099545,1,9,0,-1,-1,0,-1,-1,-1,-1,2,-1,2,1,36,7,1896,2,15,6,1,6
2018010099545,2,9,-1,-1,-1,0,-1,-1,-1,-1,-1,-1,6,3,-1,-1,1560,2,12,-1,-1,-1
2018010099546,1,9,0,17,0,1,0,0,0,0,1,1,6,3,-1,-1,-1,-1,-1,-1,-1,-1
2018010099547,1,1,-1,-1,-1,-1,-1,-1,-1,-1,1,1,2,1,42,7,-1,-1,-1,10,1,10
2018010099547,2,9,-1,-1,-1,-1,-1,-1,-1,-1,4,-1,6,3,-1,-1,-1,-1,-1,-1,-1,-1
2018010099548,1,19,0,17,0,0,1,0,1,2,0,1,1,1,56,9,2148,2,12,4,1,4
2018010099553,1,9,0,16,0,7,1,7,0,0,1,1,2,2,32,6,1329,1,6,2,1,2
2018010099559,1,9,0,5,0,6,0,0,0,0,1,1,6,1,60,9,1951,2,14,2,1,2
2018010099559,2,19,0,18,0,8,0,0,0,0,4,2,2,1,31,6,1248,2,6,8,1,8
2018010099569,1,9,0,9,0,5,0,10,1,2,1,1,6,1,65,9,1587,1,15,3,1,3
2018010099571,1,9,0,4,0,1,0,0,0,0,1,1,6,1,63,9,-1,-1,-1,8,1,8
2018010099575,1,9,0,18,0,3,1,9,0,0,1,1,2,1,46,8,1998,2,14,2,1,2
2018010099584,1,9,0,12,0,0,0,0,1,0,1,1,6,1,21,5,1896,2,10,6,1,6
2018010099584,2,9,0,5,0,0,0,0,0,0,3,1,6,1,50,8,1997,2,8,2,1,2
2018010099584,3,9,0,5,0,0,0,0,0,0,4,1,6,1,33,6,1995,2,10,4,1,4
2018010099588,1,2,0,18,0,0,0,0,0,0,4,1,6,1,34,6,125,1,2,5,1,5
2018010099588,2,9,0,18,0,0,0,0,0,0,3,1,6,1,26,6,1686,2,14,4,1,4
2018010099589,1,3,0,18,0,2,0,0,0,0,1,1,6,3,-1,-1,-1,-1,-1,-1,-1,-1
2018010099595,1,9,0,18,0,2,0,0,0,0,4,1,6,1,75,10,-1,-1,-1,7,1,7
2018010099595,2,9,0,10,0,5,0,0,0,0,1,1,6,1,47,8,1968,2,1,-1,-1,-1
2018010099595,3,9,0,18,0,6,0,0,0,0,1,1,6,1,31,6,1992,2,11,7,1,7
2018010099596,1,9,0,4,0,0,0,0,0,0,2,1,6,2,49,8,2967,2,3,3,1,3
2018010099596,2,19,0,-1,0,0,0,0,0,0,1,-1,6,3,-1,-1,2464,2,11,-1,-1,-1
2018010099597,1,9,0,9,2,5,0,0,0,0,1,1,2,1,31,6,1197,1,3,5,1,5
2018010099597,2,2,0,18,2,1,0,0,0,0,1,1,1,1,19,4,49,1,8,4,1,4
2018010099601,1,9,-1,-1,-1,0,-1,-1,-1,-1,2,-1,6,2,35,6,1995,1,9,5,1,5
2018010099601,2,90,-1,-1,-1,0,-1,-1,-1,-1,1,-1,6,3,-1,-1,-1,-1,-1,-1,-1,-1
2018010099605,1,9,0,-1,-1,0,-1,-1,-1,-1,2,-1,6,1,59,9,1796,1,13,8,1,8
2018010099605,2,8,0,-1,-1,0,-1,-1,-1,-1,1,-1,6,1,33,6,1560,2,7,3,1,3
2018010099606,1,9,0,-1,-1,-1,-1,-1,-1,-1,-1,-1,2,2,42,7,1461,2,3,8,1,8
2018010099606,2,9,0,-1,-1,-1,-1,-1,-1,-1,-1,-1,6,3,-1,-1,-1,-1,-1,-1,-1,-1
2018010099609,1,9,0,17,0,3,0,0,2,2,1,1,6,1,32,6,2171,1,17,6,1,6
2018010099620,1,9,0,2,0,1,0,0,0,0,4,1,6,3,-1,-1,1499,2,2,-1,-1,-1
2018010099620,2,9,0,5,0,1,0,0,0,0,1,1,6,3,-1,-1,2143,2,1,-1,-1,-1
2018010099620,3,9,0,2,0,2,0,0,0,0,1,1,6,3,-1,-1,1596,1,13,-1,-1,-1
2018010099625,1,8,0,-1,-1,0,-1,-1,-1,-1,-1,-1,2,1,57,9,1956,2,2,3,1,3
2018010099625,2,9,0,-1,-1,0,-1,-1,-1,-1,-1,-1,6,1,-1,-1,1798,1,11,-1,-1,-1
2018010099626,1,9,0,5,0,1,0,0,0,0,2,1,2,1,44,7,1997,2,8,-1,-1,-1
2018010099626,2,9,0,4,0,1,0,0,0,0,1,2,6,2,38,7,1198,1,9,2,1,2
2018010099628,1,9,0,-1,0,1,0,0,0,0,1,1,6,3,-1,-1,2497,2,6,-1,-1,-1
2018010099629,1,11,0,4,0,0,0,0,0,0,0,1,6,1,49,8,4500,2,10,7,1,7
2018010099634,1,9,0,7,0,1,0,0,0,0,1,1,6,1,51,8,2401,2,12,5,1,5
2018010099634,2,3,0,15,0,1,0,0,0,0,1,1,1,1,20,4,108,1,4,6,3,6
2018010099638,1,9,0,18,0,0,2,4,0,0,1,1,6,2,23,5,1364,1,-1,2,1,2
2018010099638,2,8,0,2,0,0,1,4,0,0,2,1,6,3,-1,-1,1797,8,8,-1,-1,-1
2018010099638,3,9,0,2,0,0,0,4,0,0,1,1,6,3,-1,-1,1497,1,13,-1,-1,-1
2018010099639,1,9,0,9,0,6,0,0,0,0,3,1,6,1,56,9,999,1,1,7,1,7
2018010099639,2,9,0,18,0,1,0,0,0,0,1,1,6,2,41,7,998,1,17,6,1,6
2018010099640,1,9,0,11,0,0,1,0,1,4,1,1,6,1,19,4,1364,1,11,2,1,2
2018010099642,1,19,0,9,0,5,0,0,0,0,2,1,2,1,34,6,1995,2,1,4,1,4
2018010099642,2,9,0,18,0,1,0,0,0,0,1,1,6,2,70,10,1388,1,14,8,1,8
2018010099646,1,8,0,18,0,8,0,0,0,0,1,1,1,1,36,7,-1,-1,-1,4,1,4
2018010099646,2,9,0,9,0,8,0,0,0,0,4,1,6,2,22,5,999,1,3,3,1,3
2018010099647,1,3,0,18,0,1,0,0,0,0,1,1,1,1,25,5,108,1,2,3,1,3
2018010099647,2,9,0,9,0,1,0,0,0,0,1,1,6,1,30,6,1598,1,3,1,1,1
2018010099648,1,9,0,-1,-1,0,-1,-1,-1,-1,2,-1,6,1,28,6,-1,-1,-1,-1,-1,-1
2018010099648,2,8,0,-1,-1,0,-1,-1,-1,-1,1,-1,6,1,-1,-1,1497,8,10,-1,-1,-1
2018010099649,1,9,0,18,0,1,0,0,0,0,1,1,6,1,30,6,1399,1,2,2,1,2
2018010099649,2,19,0,18,0,1,0,0,0,0,1,1,6,1,36,7,1995,2,4,9,1,9
2018010099650,1,19,0,18,0,0,0,0,0,0,3,1,1,1,29,6,2143,2,4,6,1,6
2018010099650,2,9,0,18,0,0,1,7,6,0,1,1,6,3,-1,-1,1596,1,15,-1,-1,-1
2018010099651,1,4,0,7,0,5,1,0,1,2,1,1,6,1,36,7,-1,-1,-1,-1,-1,-1
2018010099655,1,19,0,17,0,8,5,11,1,10,3,1,1,1,32,6,1560,2,3,5,1,5
2018010099657,1,19,0,18,0,3,1,10,1,7,1,1,1,1,25,5,1248,2,10,8,3,8
2018010099658,1,5,0,18,0,0,1,0,0,0,1,1,6,1,34,6,948,1,1,-1,-1,-1
2018010099658,2,8,0,12,0,0,0,0,0,0,2,1,6,3,-1,-1,-1,-1,-1,-1,-1,-1
2018010099669,1,8,0,9,0,8,0,0,0,0,1,1,1,1,57,9,1798,8,5,5,1,5
2018010099669,2,1,0,16,4,8,0,0,0,0,1,1,2,1,24,5,-1,-1,-1,4,1,4
2018010099672,1,1,-1,18,4,-1,-1,-1,-1,-1,-1,1,6,1,42,7,-1,-1,-1,7,1,7
2018010099672,2,9,-1,7,-1,-1,-1,-1,-1,-1,-1,-1,6,1,-1,-1,1950,2,2,-1,-1,-1
2018010099677,1,1,-1,18,4,1,0,0,0,0,-1,1,6,1,-1,-1,-1,-1,-1,-1,-1,-1
2018010099682,1,9,0,9,0,8,0,0,0,0,1,1,6,1,57,9,1686,2,16,7,1,7
2018010099682,2,9,0,18,0,8,0,0,0,0,1,1,6,1,38,7,1796,1,12,2,1,2
2018010099682,3,9,0,10,0,8,0,0,0,0,1,1,6,2,36,7,2204,2,8,3,1,3
2018010099682,4,90,0,18,0,1,0,0,0,0,0,1,1,1,32,6,2148,2,9,2,1,2
2018010099684,1,11,0,13,0,0,0,0,0,0,4,1,1,1,25,5,5132,2,1,3,1,3
2018010099684,2,19,0,6,0,0,0,0,0,0,3,1,2,1,33,6,1560,2,2,1,1,1
2018010099689,1,9,0,-1,-1,-1,-1,-1,-1,-1,-1,-1,2,1,28,6,998,1,3,10,1,10
2018010099693,1,19,0,5,0,2,0,0,0,0,4,1,1,1,42,7,2998,2,-1,2,1,2
2018010099698,1,9,0,-1,-1,-1,-1,-1,-1,-1,2,-1,6,1,27,6,1984,1,6,3,1,3
2018010099698,2,9,0,-1,-1,-1,-1,-1,-1,-1,1,-1,6,1,-1,-1,1198,1,16,-1,-1,-1
2018010099715,1,5,0,-1,-1,-1,-1,-1,-1,-1,-1,1,2,1,42,7,600,1,4,3,1,3
2018010099716,1,1,-1,-1,-1,-1,-1,-1,-1,-1,-1,1,6,2,37,7,-1,-1,-1,2,1,2
2018010099716,2,90,0,-1,-1,-1,-1,-1,-1,-1,1,-1,6,1,-1,-1,-1,-1,-1,-1,-1,-1
2018010099718,1,9,0,10,0,7,0,0,0,0,1,1,6,1,78,11,1999,2,3,9,1,9
2018010099719,1,9,0,-1,-1,-1,-1,-1,-1,-1,2,-1,6,1,28,6,1968,2,1,1,1,1
2018010099721,1,9,0,18,0,2,0,0,0,0,1,1,6,2,45,7,1242,1,8,9,1,9
2018010099721,2,9,0,18,0,1,0,0,0,0,1,1,6,1,50,8,1499,1,1,4,1,4
2018010099722,1,9,0,-1,-1,0,-1,-1,-1,-1,2,-1,6,2,27,6,1560,2,2,5,1,5
2018010099722,2,9,0,-1,-1,0,-1,-1,-1,-1,1,-1,6,2,-1,-1,-1,-1,-1,7,1,7
2018010099727,1,1,0,18,0,0,0,0,0,0,1,1,6,1,50,8,-1,-1,-1,-1,-1,-1
2018010099729,1,5,0,7,0,0,0,0,0,0,2,1,6,1,29,6,1000,1,9,2,1,2
2018010099729,2,5,0,18,0,0,5,0,0,0,1,1,6,1,24,5,599,1,11,5,1,5
2018010099730,1,1,-1,-1,-1,-1,-1,-1,-1,-1,2,1,6,1,31,6,-1,-1,-1,2,1,2
2018010099730,2,9,0,-1,-1,-1,-1,-1,-1,-1,1,-1,6,3,-1,-1,-1,-1,-1,-1,-1,-1
2018010099737,1,1,0,18,0,1,0,0,0,0,1,1,6,1,-1,-1,-1,-1,-1,-1,-1,-1
2018010099742,1,9,0,10,0,0,0,0,0,0,3,1,6,1,46,8,2143,2,6,3,1,3
2018010099742,2,9,0,14,0,0,0,0,0,0,4,1,6,1,25,5,2993,2,9,3,1,3
2018010099745,1,9,0,-1,-1,-1,-1,-1,-1,-1,2,-1,6,2,46,8,998,1,1,9,1,9
2018010099745,2,9,0,-1,-1,-1,-1,-1,-1,-1,1,-1,6,1,-1,-1,1796,1,11,5,1,5
2018010099748,1,5,0,18,0,2,0,0,0,0,1,1,1,1,40,7,745,1,1,7,1,7
2018010099755,1,9,0,9,0,6,0,0,0,0,1,1,6,1,53,8,1598,2,7,2,1,2