Accident_Index,Vehicle_Reference,Vehicle_Type,Towing_and_Articulation,Vehicle_Manoeuvre,Vehicle_Location-Restricted_Lane,Junction_Location,Skidding_and_Overturning,Hit_Object_in_Carriageway,Vehicle_Leaving_Carriageway,Hit_Object_off_Carriageway,1st_Point_of_Impact,Was_Vehicle_Left_Hand_Drive?,Journey_Purpose_of_Driver,Sex_of_Driver,Age_of_Driver,Age_Band_of_Driver,Engine_Capacity_(CC),Propulsion_Code,Age_of_Vehicle,Driver_IMD_Decile,Driver_Home_Area_Type,Vehicle_IMD_Decile
2018010100164,2,8,0,9,0,6,0,0,0,0,1,1,1,1,68,10,1497,8,8,2,1,2
2018010100167,1,1,-1,-1,-1,-1,-1,-1,-1,-1,2,1,2,1,26,6,-1,-1,-1,2,1,2
2018010100167,2,9,0,-1,-1,-1,-1,-1,-1,-1,1,-1,6,1,-1,-1,1968,2,2,-1,-1,-1
2018010100168,1,9,0,-1,-1,-1,-1,-1,-1,-1,2,-1,6,1,48,8,1360,1,19,8,1,8
2018010100168,2,9,0,-1,-1,-1,-1,-1,-1,-1,2,-1,6,3,-1,-1,-1,-1,-1,-1,-1,-1
2018010100169,1,19,0,18,0,1,0,0,0,0,1,1,1,1,56,9,2143,2,3,6,2,6
2018010100170,1,9,0,18,0,1,0,0,0,0,4,1,6,3,-1,-1,-1,-1,-1,-1,-1,-1
2018010100170,2,1,0,15,0,1,0,0,0,0,3,1,6,1,42,7,-1,-1,-1,-1,-1,-1
2018010100171,1,9,0,18,0,0,0,0,0,0,4,1,6,1,52,8,998,1,4,2,1,2
2018010100172,1,9,0,9,0,5,0,10,1,2,1,1,6,1,25,5,2148,2,15,1,1,1
2018010100172,2,19,0,18,0,5,0,0,0,0,0,1,6,1,28,6,2198,2,2,6,1,6
2018010100173,1,3,0,4,0,1,1,0,0,0,1,1,6,1,17,4,124,1,10,4,1,4
2018010100173,2,9,0,4,0,1,0,0,0,0,2,1,1,1,39,7,1797,8,4,4,1,4
2018010100178,1,19,0,2,0,1,0,4,0,0,1,1,6,3,-1,-1,1461,2,1,-1,-1,-1
2018010100178,2,9,0,18,0,1,0,4,0,0,1,1,6,3,-1,-1,1200,1,-1,-1,-1,-1
2018010100178,3,9,0,18,0,1,0,4,0,0,1,1,6,1,-1,-1,-1,-1,-1,-1,-1,-1
2018010100179,1,9,0,5,0,8,0,0,0,0,1,1,6,1,31,6,2993,2,8,2,1,2
2018010100179,2,9,0,9,0,1,0,0,0,0,4,1,6,1,21,5,2179,2,7,4,1,4
2018010100183,1,9,0,18,0,2,0,0,0,0,4,1,6,1,19,4,1364,1,13,2,1,2
2018010100183,2,9,0,9,0,1,0,0,0,0,3,1,6,3,18,4,2143,2,2,-1,-1,-1
2018010100189,1,3,0,18,0,0,0,4,0,0,3,1,6,1,29,6,124,1,5,2,1,2
2018010100189,2,9,0,2,0,0,0,0,0,0,4,1,6,3,-1,-1,3199,1,19,-1,-1,-1
2018010100189,3,9,0,2,0,0,0,0,0,0,4,1,6,3,-1,-1,1360,1,11,-1,-1,-1
2018010100189,4,9,0,2,0,0,0,0,0,0,2,1,6,3,-1,-1,1798,8,6,-1,-1,-1
2018010100194,1,9,0,3,0,0,0,0,0,0,0,1,2,2,26,6,1596,1,8,10,1,10
2018010100194,2,21,0,4,0,0,0,0,0,0,1,1,1,1,57,9,4580,2,5,5,1,5
2018010100194,3,21,1,3,0,0,0,0,0,0,0,1,1,1,60,9,12419,2,1,9,1,9
2018010100205,1,11,0,18,0,6,0,0,0,0,1,1,1,1,41,7,6696,2,5,3,1,3
2018010100205,2,1,0,18,9,2,0,0,0,0,2,1,6,1,67,10,-1,-1,-1,8,1,8
2018010100215,1,9,0,-1,-1,-1,-1,-1,-1,-1,2,-1,6,2,37,7,1968,2,2,5,1,5
2018010100217,1,9,0,-1,-1,-1,-1,-1,-1,-1,3,-1,6,1,20,4,1995,2,12,6,1,6
2018010100217,2,9,0,-1,-1,-1,-1,-1,-1,-1,1,-1,6,1,28,6,1995,1,12,-1,-1,-1
2018010100223,1,1,-1,-1,-1,-1,-1,-1,-1,-1,-1,1,2,2,27,6,-1,-1,-1,7,1,7
2018010100223,2,9,0,-1,-1,-1,-1,-1,-1,-1,-1,-1,6,2,-1,-1,-1,-1,-1,-1,-1,-1
2018010100228,1,5,0,-1,-1,-1,-1,-1,-1,-1,1,1,2,1,42,7,998,1,6,3,1,3
2018010100228,2,9,-1,11,-1,-1,-1,-1,0,0,-1,-1,6,3,-1,-1,-1,-1,-1,-1,-1,-1
2018010100237,1,9,0,-1,-1,-1,-1,-1,-1,-1,2,-1,6,1,34,6,1242,1,4,5,1,5
2018010100237,2,90,0,-1,-1,-1,-1,-1,-1,-1,1,-1,6,1,-1,-1,-1,-1,-1,-1,-1,-1
2018010100240,1,9,0,-1,-1,-1,-1,-1,-1,-1,1,-1,6,2,-1,-1,1398,1,4,1,1,1
2018010100247,1,9,0,18,9,8,0,0,7,10,1,1,6,1,38,7,998,1,15,2,1,2
2018010100248,1,9,0,-1,-1,-1,-1,-1,-1,-1,4,-1,6,1,63,9,2967,1,14,1,1,1
2018010100248,2,9,0,-1,-1,-1,-1,-1,-1,-1,1,-1,6,2,-1,-1,1229,1,13,7,1,7
2018010100250,1,9,-1,18,0,-1,0,-1,-1,-1,1,1,6,1,51,8,1997,1,16,3,1,3
2018010100255,1,1,0,5,0,8,1,0,0,0,3,1,1,1,48,8,-1,-1,-1,4,1,4
2018010100255,2,21,0,5,0,8,0,0,0,0,4,2,1,1,44,7,4461,2,7,3,1,3
2018010100259,1,8,0,-1,-1,-1,-1,-1,-1,-1,-1,-1,6,1,38,7,1797,8,9,1,1,1
2018010100259,2,9,0,-1,-1,-1,-1,-1,-1,-1,1,-1,6,1,-1,-1,1995,1,15,2,1,2
2018010100262,1,9,0,16,0,1,0,0,7,10,1,1,6,1,47,8,1086,1,14,8,1,8
2018010100263,1,11,0,4,2,2,0,0,0,0,0,1,1,1,63,9,5132,2,1,9,1,9
2018010100264,1,9,0,9,0,8,0,0,0,0,3,1,6,1,37,7,2993,2,6,5,1,5
2018010100266,1,8,0,10,0,6,0,0,0,0,3,1,1,1,54,8,2402,2,14,3,1,3
2018010100266,2,5,0,18,0,1,0,0,0,0,1,1,2,1,30,6,689,1,3,9,1,9
2018010100271,1,11,-1,5,2,0,-1,-1,-1,-1,-1,-1,6,1,51,8,5132,2,1,4,1,4
2018010100281,1,11,0,5,8,0,0,0,0,0,1,1,1,1,49,8,4500,2,7,3,1,3
2018010100284,1,9,0,1,8,0,0,0,0,0,2,1,6,3,-1,-1,-1,-1,-1,3,1,3
2018010100285,1,9,0,9,2,5,0,0,0,0,1,2,6,1,63,9,1896,2,14,5,1,5
2018010100285,2,8,0,18,2,1,0,0,0,0,1,1,1,1,43,7,2776,2,2,2,1,2
2018010100285,3,9,0,10,0,1,0,0,0,0,1,1,2,2,38,7,1591,1,2,2,1,2
2018010100287,1,1,-1,-1,-1,-1,-1,-1,-1,-1,1,1,6,2,47,8,-1,-1,-1,2,1,2
2018010100287,2,9,0,-1,-1,-1,-1,-1,-1,-1,1,-1,6,2,-1,-1,1596,1,7,5,1,5
2018010100288,1,3,0,18,0,1,0,0,0,0,1,1,1,2,54,8,108,1,1,4,1,4
2018010100288,2,3,0,3,0,1,0,0,0,0,2,1,1,1,31,6,108,1,1,6,1,6
2018010100293,1,9,0,-1,-1,-1,-1,-1,-1,-1,-1,-1,6,1,-1,-1,2995,8,1,-1,-1,-1
2018010100293,2,1,-1,-1,-1,-1,-1,-1,-1,-1,-1,1,6,1,-1,-1,-1,-1,-1,-1,-1,-1
2018010100295,1,9,0,18,-1,-1,-1,-1,-1,-1,1,1,6,2,31,6,1968,2,3,4,1,4
2018010100307,1,9,0,7,0,1,0,0,0,0,1,1,1,1,31,6,1798,8,4,3,1,3
2018010100309,1,8,0,9,0,8,0,0,0,0,1,1,1,1,44,7,1797,8,8,3,1,3
2018010100309,2,9,0,18,0,8,0,0,0,0,1,1,6,2,45,7,1598,1,5,7,1,7
2018010100311,1,9,0,18,0,1,0,0,0,0,1,1,2,1,37,7,1560,2,9,4,1,4
2018010100314,1,9,0,-1,-1,-1,-1,0,0,0,1,-1,6,1,25,5,1598,1,11,3,1,3
2018010100314,2,9,0,-1,-1,-1,-1,-1,-1,-1,1,-1,6,1,-1,-1,-1,-1,-1,-1,-1,-1
2018010100318,1,9,0,18,9,1,0,0,8,4,1,1,6,1,74,10,1797,8,5,5,1,5
2018010100318,2,9,0,18,0,1,0,0,0,0,1,1,6,2,52,8,1386,1,12,1,1,1
2018010100318,3,9,0,2,0,1,0,0,0,0,3,1,6,3,-1,-1,1796,2,6,-1,-1,-1
2018010100318,4,9,0,2,0,1,0,0,0,0,1,1,6,3,-1,-1,1328,1,15,-1,-1,-1
2018010100318,5,9,0,2,0,1,0,0,0,0,0,1,6,3,-1,-1,1364,1,14,-1,-1,-1
2018010100320,1,9,0,9,0,6,0,0,0,0,1,1,6,1,50,8,1390,1,17,7,1,7
2018010100320,2,5,0,13,0,1,0,0,0,0,1,1,6,1,37,7,636,1,2,5,1,5
2018010100321,1,3,0,8,0,0,0,0,0,0,1,1,2,2,26,6,125,1,3,2,1,2
2018010100321,2,9,0,18,0,0,0,0,0,0,3,1,6,2,77,11,1461,2,5,3,1,3
2018010100322,1,9,0,7,0,1,0,0,4,1,1,1,6,1,40,7,1364,2,10,2,1,2
2018010100323,1,9,0,18,0,8,0,0,0,0,1,1,1,1,43,7,2993,2,2,-1,-1,-1
2018010100323,2,9,0,18,0,1,0,0,0,0,3,1,6,3,-1,-1,1998,2,13,-1,-1,-1
2018010100324,1,19,0,3,0,1,0,4,0,0,2,1,2,1,36,7,1248,2,7,8,1,8
2018010100324,2,9,0,5,0,2,0,0,0,0,1,1,6,1,26,6,1796,1,11,2,1,2
2018010100325,1,5,0,3,0,1,0,0,0,0,3,1,2,1,36,7,645,1,5,9,1,9
2018010100325,2,8,0,4,0,1,-1,0,-1,0,4,-1,6,1,-1,-1,2143,2,3,-1,-1,-1
2018010100326,1,9,0,18,0,2,0,0,0,0,1,1,6,2,86,11,1248,1,8,7,1,7
2018010100327,1,9,0,9,0,1,0,0,0,0,1,2,6,1,72,10,1395,1,2,6,1,6
2018010100327,2,3,0,18,0,1,5,0,0,0,1,1,6,2,19,4,125,1,1,5,1,5
2018010100328,1,5,0,18,0,2,0,0,0,0,3,1,6,1,30,6,999,1,3,3,1,3
2018010100328,2,90,0,18,0,8,0,0,0,0,4,1,6,3,-1,-1,-1,-1,-1,-1,-1,-1
2018010100332,1,9,0,5,9,2,0,0,0,0,1,1,2,1,43,7,2987,2,9,7,1,7
2018010100333,1,10,0,18,0,0,0,0,0,0,3,1,1,1,33,6,-1,-1,-1,2,1,2
2018010100333,2,9,0,18,0,0,0,0,0,0,1,1,6,2,42,7,1395,8,1,9,1,9
2018010100342,1,9,0,6,0,6,0,0,0,0,1,1,6,1,57,9,1796,1,14,5,1,5
2018010100342,2,4,0,18,0,2,0,0,0,0,1,1,6,1,37,7,803,1,4,4,1,4
2018010100343,1,9,0,18,0,0,0,0,0,0,2,1,6,1,25,5,2979,1,2,-1,-1,-1
2018010100343,2,9,0,18,0,0,0,0,0,0,1,1,6,1,25,5,1950,2,-1,3,1,3
2018010100345,1,9,0,7,6,0,0,0,0,0,1,1,1,1,42,7,5998,1,14,2,1,2
2018010100345,2,9,0,18,0,0,0,0,0,0,1,1,1,1,26,6,1399,1,1,-1,-1,-1
2018010100345,3,19,0,18,0,0,0,0,0,0,3,1,1,1,41,7,1560,2,1,-1,-1,-1
2018010100346,1,19,0,-1,-1,0,-1,-1,-1,-1,2,1,6,1,42,7,1870,2,14,4,1,4
2018010100346,2,9,-1,-1,-1,0,-1,-1,-1,-1,-1,-1,6,3,-1,-1,1956,2,6,-1,-1,-1
2018010100347,1,9,0,-1,-1,-1,-1,-1,-1,-1,-1,-1,6,1,47,8,1968,2,2,3,1,3
2018010100349,1,9,0,9,0,8,0,0,0,0,4,1,2,1,49,8,1248,2,1,2,1,2
2018010100349,2,1,0,18,2,8,1,0,0,0,1,1,2,1,33,6,-1,-1,-1,3,1,3
2018010100351,1,9,0,18,0,1,0,0,0,0,0,1,1,1,40,7,2993,2,3,4,1,4
2018010100351,2,9,0,18,0,1,2,4,0,0,1,1,6,1,19,4,2946,1,12,1,1,1
2018010100351,3,9,0,2,0,1,0,0,0,0,1,1,6,3,-1,-1,1998,2,14,-1,-1,-1
2018010100351,4,9,0,2,0,1,0,0,0,0,1,1,6,3,-1,-1,1388,1,9,-1,-1,-1
2018010100351,5,19,0,2,0,1,0,0,0,0,2,1,6,3,-1,-1,2143,2,6,-1,-1,-1
2018010100352,1,3,0,13,0,8,0,0,0,0,4,1,6,1,27,6,-1,-1,-1,2,1,2
2018010100352,2,1,0,18,4,8,0,0,0,0,3,1,2,1,36,7,-1,-1,-1,9,1,9
2018010100356,1,9,0,18,0,0,0,0,0,0,1,1,6,1,36,7,1598,1,14,6,1,6
2018010100356,2,9,0,18,0,0,0,0,0,0,1,1,6,1,33,6,2967,2,4,10,1,10
2018010100356,3,9,0,18,0,0,0,1,0,0,1,1,6,1,18,4,1598,1,12,7,1,7
2018010100358,1,5,3,18,0,8,0,0,0,0,1,1,6,1,51,8,998,1,10,5,1,5
2018010100358,2,9,0,9,0,2,0,0,0,0,4,1,6,2,49,8,1586,1,8,4,1,4
2018010100359,1,9,0,5,0,8,0,0,0,0,1,1,1,2,44,7,1969,1,-1,6,1,6
2018010100359,2,5,0,18,0,1,0,0,0,0,1,1,6,1,54,8,1170,1,11,6,1,6
2018010100364,1,11,0,18,0,8,0,0,0,0,0,1,1,1,41,7,-1,-1,-1,3,1,3
2018010100367,1,9,0,14,0,2,0,4,0,0,1,1,6,1,64,9,1910,2,8,5,1,5
2018010100367,2,19,0,2,0,2,0,0,0,0,2,1,6,3,-1,-1,2287,2,1,-1,-1,-1
2018010100369,1,4,0,18,0,8,0,0,0,0,1,1,6,1,17,4,125,1,3,2,1,2
2018010100371,1,3,0,18,0,0,5,0,0,0,1,1,6,1,26,6,124,1,8,3,1,3
2018010100371,2,9,0,6,0,0,0,0,0,0,2,1,6,3,-1,-1,-1,-1,-1,-1,-1,-1
2018010100373,1,8,0,6,0,0,0,0,0,0,3,1,1,1,45,7,1791,8,7,2,1,2
2018010100373,2,3,0,18,0,0,5,0,0,0,1,1,2,1,47,8,125,1,8,2,1,2
2018010100374,1,9,0,18,0,3,0,0,0,0,3,1,6,1,46,8,-1,-1,-1,4,1,4
2018010100374,2,9,0,18,0,3,0,0,0,0,4,1,6,1,24,5,2497,2,11,4,1,4
2018010100375,1,9,0,18,0,8,0,0,0,0,3,1,6,2,19,4,1598,2,6,5,1,5
2018010100375,2,9,0,9,0,8,0,0,0,0,1,1,6,1,32,6,2199,2,6,4,1,4
2018010100375,3,9,0,18,0,8,0,0,0,0,1,1,6,1,49,8,1598,1,14,3,1,3
2018010100376,1,11,0,14,0,2,0,0,0,0,1,1,6,1,53,8,-1,-1,-1,2,1,2
2018010100376,2,1,0,5,0,2,0,0,0,0,0,1,6,1,34,6,-1,-1,-1,2,1,2
2018010100379,1,8,0,18,0,1,0,0,0,0,1,1,1,1,56,9,2143,2,5,2,1,2
2018010100379,2,8,0,10,0,1,0,0,0,0,1,1,1,1,31,6,2143,2,3,3,1,3
2018010100381,1,9,3,18,0,2,0,4,0,0,1,1,1,2,34,6,1398,1,7,8,1,8
2018010100381,2,9,0,2,0,2,0,4,0,0,0,1,6,3,-1,-1,1997,7,11,-1,-1,-1
2018010100381,3,9,0,2,0,2,0,0,0,0,2,1,6,3,-1,-1,1796,1,11,-1,-1,-1
2018010100382,1,11,0,18,0,1,0,0,0,0,1,1,6,1,52,8,8300,2,11,4,1,4
2018010100383,1,9,0,4,0,8,0,4,0,0,1,1,6,2,21,5,999,1,4,5,1,5
2018010100383,2,19,0,2,9,1,0,0,0,0,3,1,6,3,-1,-1,1560,2,1,-1,-1,-1
2018010100386,1,9,0,18,0,0,0,11,1,0,1,1,6,2,36,7,1984,1,12,2,1,2
2018010100387,1,9,0,18,0,1,0,0,0,0,1,1,6,3,17,4,-1,-1,-1,-1,-1,-1
2018010100389,1,9,0,18,0,1,0,0,0,0,2,1,6,3,-1,-1,-1,-1,-1,-1,-1,-1
2018010100389,2,1,0,18,0,1,0,0,1,0,2,1,6,1,20,4,-1,-1,-1,4,1,4
2018010100390,1,11,0,3,0,2,0,0,0,0,0,1,1,2,33,6,9000,2,11,4,1,4
2018010100396,1,9,0,9,0,8,0,0,0,0,3,1,2,1,41,7,1798,1,1,2,1,2
2018010100396,2,3,0,18,0,8,1,0,1,0,1,1,6,1,28,6,124,1,12,2,1,2
2018010100397,1,8,0,-1,-1,-1,-1,-1,-1,-1,1,-1,6,1,48,8,1497,8,9,2,1,2
2018010100397,2,9,0,-1,-1,-1,-1,-1,-1,-1,1,-1,6,1,57,9,1086,1,10,3,1,3
2018010100400,1,9,0,18,0,2,0,0,0,0,1,1,6,1,24,5,1968,2,5,4,1,4
2018010100401,1,8,0,1,0,0,0,0,0,0,2,1,1,1,39,7,1997,2,4,2,1,2
2018010100401,2,9,0,1,0,0,0,0,0,0,2,1,6,1,28,6,1995,2,1,1,1,1
2018010100404,1,1,-1,-1,-1,-1,-1,-1,-1,-1,-1,1,6,1,33,6,-1,-1,-1,3,1,3
2018010100404,2,9,0,-1,-1,-1,-1,-1,-1,-1,1,-1,6,1,28,6,1364,1,1,8,1,8
2018010100406,1,11,0,16,0,8,0,0,0,0,1,2,1,1,47,8,4500,2,2,3,1,3
2018010100406,2,9,0,7,0,8,0,0,0,0,1,1,6,3,-1,-1,-1,-1,-1,-1,-1,-1
2018010100413,1,9,0,7,0,8,0,0,0,0,0,1,6,1,53,8,2143,2,6,7,1,7
2018010100415,1,9,0,1,0,2,0,0,0,0,2,1,6,1,59,9,1560,2,7,7,1,7
2018010100415,2,3,0,3,0,2,0,0,0,0,1,1,6,1,19,4,108,1,2,4,1,4
2018010100416,1,9,-1,2,0,1,-1,0,0,0,-1,-1,6,2,28,6,1229,1,11,2,1,2
2018010100416,2,19,-1,18,0,1,-1,0,0,0,-1,-1,6,3,-1,-1,1995,2,1,-1,-1,-1
2018010100418,1,9,0,18,0,0,5,4,0,0,1,1,6,2,33,6,1598,1,7,2,1,2
2018010100420,1,9,0,-1,-1,1,-1,-1,-1,-1,1,-1,6,1,27,6,1598,2,1,5,1,5
2018010100420,2,9,0,-1,-1,1,-1,-1,-1,-1,-1,-1,6,3,-1,-1,-1,-1,-1,-1,-1,-1
2018010100427,1,9,0,10,6,5,0,0,0,0,1,1,6,2,48,8,1598,1,2,3,1,3
2018010100427,2,1,0,18,0,8,0,0,0,0,4,1,6,1,34,6,-1,-1,-1,4,1,4
2018010100428,1,4,0,18,0,6,1,0,0,0,1,1,6,1,30,6,125,1,2,2,1,2
2018010100431,1,3,0,12,9,0,0,0,8,2,1,1,6,1,20,4,124,1,10,4,1,4
2018010100432,1,20,0,-1,-1,-1,-1,-1,-1,-1,-1,-1,6,1,28,6,2143,2,5,1,1,1
2018010100432,2,9,0,-1,-1,-1,-1,-1,-1,-1,1,1,6,3,-1,-1,1796,1,12,-1,-1,-1
2018010100434,1,9,0,4,0,4,0,0,0,0,2,1,6,2,87,11,1388,1,11,3,1,3
2018010100434,2,9,0,4,0,4,0,0,0,0,1,1,6,2,61,9,1198,1,4,2,1,2
2018010100436,1,9,0,18,0,1,0,0,0,0,1,1,6,1,36,7,2987,2,2,3,1,3
2018010100448,1,19,0,4,0,0,0,0,0,0,2,1,6,1,51,8,-1,-1,-1,5,1,5
2018010100448,2,9,0,18,0,0,0,0,0,0,1,1,6,2,61,9,1598,1,17,1,1,1
2018010100449,1,9,0,-1,-1,-1,-1,-1,-1,-1,2,-1,6,1,27,6,1499,1,3,4,1,4
2018010100451,1,9,0,-1,-1,-1,-1,-1,-1,-1,2,-1,6,2,56,9,1985,1,23,7,1,7
2018010100451,2,9,0,-1,-1,-1,-1,-1,-1,-1,1,-1,6,1,-1,-1,1956,2,3,-1,-1,-1
2018010100457,1,9,0,4,0,2,0,0,0,0,2,1,6,2,57,9,1598,1,11,2,1,2
2018010100457,2,9,0,3,0,2,0,0,0,0,1,1,2,1,19,4,998,1,2,9,1,9
2018010100457,3,9,0,18,0,1,0,0,0,0,0,1,1,1,26,6,1560,2,4,4,1,4
2018010100458,1,9,0,18,0,1,0,0,0,0,2,1,6,2,34,6,1596,1,12,3,1,3
2018010100460,1,10,0,18,9,8,0,0,3,0,4,1,1,1,18,4,-1,-1,-1,-1,-1,-1
2018010100460,2,1,0,18,9,8,0,0,0,0,3,1,6,1,40,7,-1,-1,-1,2,1,2
2018010100461,1,9,0,9,0,6,0,0,0,0,1,1,2,2,44,7,1598,1,9,2,1,2
2018010100461,2,19,0,18,0,1,0,0,0,0,1,1,1,1,47,8,5132,2,2,2,1,2
2018010100463,1,9,0,4,0,8,0,0,0,0,2,1,6,1,23,5,1497,8,1,5,1,5
2018010100463,2,9,0,18,0,8,0,0,0,0,1,1,6,3,-1,-1,-1,-1,-1,-1,-1,-1
2018010100464,1,9,0,-1,-1,-1,-1,-1,-1,-1,2,-1,6,1,32,6,1968,2,10,8,3,8
2018010100464,2,9,0,-1,-1,-1,-1,-1,-1,-1,-1,-1,6,1,-1,-1,2926,2,15,-1,-1,-1
2018010100466,1,9,0,18,9,1,1,0,1,0,3,1,3,2,27,6,998,1,13,4,1,4
2018010100466,2,9,0,18,9,1,1,0,0,0,1,1,6,1,35,6,2926,2,16,-1,-1,-1
2018010100469,1,1,-1,-1,-1,-1,-1,-1,-1,-1,-1,1,2,2,45,7,-1,-1,-1,3,1,3
2018010100469,2,1,-1,-1,-1,-1,-1,-1,-1,-1,-1,1,6,3,-1,-1,-1,-1,-1,-1,-1,-1
2018010100470,1,9,0,18,0,1,0,0,0,0,0,1,1,1,27,6,1560,2,4,5,-1,5
2018010100470,2,2,0,7,0,2,2,4,0,0,1,1,6,1,18,4,125,1,3,5,1,5
2018010100470,3,9,0,2,0,2,0,0,0,0,3,1,6,3,-1,-1,1395,1,5,-1,-1,-1
2018010100473,1,19,0,18,0,1,0,0,0,0,1,1,6,1,43,7,2198,2,3,5,1,5
2018010100473,2,9,0,18,0,1,0,0,0,0,2,1,6,1,36,7,1796,1,14,7,1,7
2018010100474,1,9,0,-1,-1,0,-1,-1,-1,-1,4,-1,6,2,23,5,2521,1,8,6,1,6
2018010100474,2,9,0,-1,-1,0,-1,-1,-1,-1,1,-1,6,2,-1,-1,1900,2,11,4,1,4
2018010100477,1,9,3,6,0,1,0,0,0,0,1,1,6,2,59,9,1598,1,12,4,1,4
2018010100477,2,4,0,13,0,1,0,0,0,0,0,1,6,1,36,7,1584,1,10,-1,-1,-1
2018010100479,1,9,0,4,0,3,0,0,3,0,3,1,6,1,34,6,-1,-1,-1,4,1,4
2018010100479,2,9,0,11,0,8,0,0,3,0,3,1,6,3,-1,-1,1499,2,3,-1,-1,-1
2018010100480,1,9,0,18,0,0,5,4,0,0,1,1,6,1,89,11,-1,-1,-1,10,1,10
2018010100480,2,9,0,2,0,0,0,0,0,0,3,1,6,3,-1,-1,1896,2,12,-1,-1,-1
2018010100480,3,9,0,2,0,0,0,0,0,0,4,1,6,3,-1,-1,1998,1,10,-1,-1,-1
2018010100485,1,9,0,18,0,0,0,0,0,0,1,1,6,3,-1,-1,-1,-1,-1,-1,-1,-1
2018010100489,1,9,0,9,0,5,0,0,0,0,3,1,6,2,28,6,1499,1,1,2,1,2
2018010100489,2,5,0,13,0,1,0,0,0,0,1,1,6,1,35,6,599,1,14,4,1,4
2018010100490,1,11,0,5,0,1,0,0,0,0,0,1,1,1,63,9,4500,2,4,1,1,1
2018010100491,1,19,0,9,0,0,0,0,0,0,3,1,1,1,31,6,1598,2,3,8,1,8
2018010100491,2,9,0,18,0,0,0,0,0,0,1,1,6,1,23,5,2143,2,3,9,1,9
2018010100493,1,3,0,5,9,0,0,0,0,0,0,1,6,1,45,7,659,1,13,3,1,3
2018010100493,2,9,0,4,9,0,0,0,0,0,0,1,6,1,47,8,2993,2,2,6,1,6
2018010100495,1,9,0,16,0,0,0,0,0,0,1,1,6,1,50,8,1968,2,2,4,1,4
2018010100495,2,19,0,17,0,0,0,0,0,0,0,1,6,1,43,7,-1,-1,-1,2,1,2
2018010100495,3,9,0,18,0,0,0,0,0,0,1,1,6,1,44,7,1968,2,4,2,1,2
2018010100495,4,9,0,18,0,0,0,7,0,0,1,1,6,1,22,5,1997,2,14,2,1,2
2018010100496,1,4,0,9,0,1,0,0,0,0,1,1,1,1,33,6,125,1,4,7,1,7
2018010100496,2,9,0,18,0,1,1,0,0,0,2,1,6,1,59,9,2776,2,11,1,1,1
2018010100497,1,9,0,18,0,1,0,0,8,10,1,1,6,1,32,6,4163,1,14,7,1,7
2018010100497,2,9,0,9,0,6,0,0,8,10,1,1,6,2,43,7,1995,2,5,4,1,4
2018010100498,1,3,0,18,0,1,0,4,0,0,1,1,6,1,20,4,125,1,1,2,1,2
2018010100498,2,9,0,5,0,2,0,0,0,0,1,1,6,1,36,7,1390,1,8,7,-1,7
2018010100500,1,3,0,-1,-1,0,-1,-1,-1,-1,1,1,6,1,29,6,125,1,14,10,1,10
2018010100500,2,9,0,-1,-1,0,-1,-1,-1,-1,-1,-1,6,1,41,7,1339,8,5,2,1,2
2018010100501,1,9,0,18,0,2,0,0,0,0,1,1,6,3,-1,-1,1596,1,16,-1,-1,-1
2018010100502,1,9,0,16,0,1,0,0,0,0,1,1,6,1,45,7,1995,1,9,4,1,4
2018010100506,1,11,0,18,0,0,0,0,0,0,3,1,1,1,51,8,7300,2,12,7,1,7
2018010100511,1,9,0,2,0,0,0,0,0,0,1,1,6,3,-1,-1,1968,2,4,-1,-1,-1
2018010100511,2,9,0,14,0,0,0,0,0,0,1,1,6,3,-1,-1,-1,-1,-1,-1,-1,-1
2018010100517,1,9,0,18,0,6,0,0,0,0,1,1,6,1,27,6,2143,12,3,4,1,4
2018010100519,1,1,0,18,0,1,0,0,0,0,2,1,6,1,24,5,-1,-1,-1,2,1,2
2018010100519,2,9,0,18,0,8,0,0,0,0,1,1,6,1,-1,-1,-1,-1,-1,-1,-1,-1
2018010100520,1,9,0,18,0,0,0,0,0,0,4,1,6,1,22,5,2143,2,-1,3,1,3
2018010100520,2,9,0,12,0,0,0,0,0,0,1,2,6,1,38,7,-1,-1,-1,-1,-1,-1
2018010100522,1,9,0,18,9,0,0,0,1,2,1,1,6,1,23,5,1968,2,11,-1,-1,-1
2018010100525,1,8,0,-1,-1,0,-1,-1,-1,-1,3,-1,6,1,50,8,2143,2,1,2,1,2
2018010100525,2,90,0,-1,-1,0,-1,-1,-1,-1,1,-1,6,1,-1,-1,-1,-1,-1,4,1,4
2018010100526,1,9,0,7,9,3,2,0,1,2,0,1,6,2,21,5,1229,1,8,9,1,9
2018010100526,2,9,0,7,0,3,0,0,0,0,0,1,6,1,22,5,1999,1,12,2,1,2
2018010100530,1,11,0,11,0,1,0,0,0,0,0,1,1,1,49,8,4250,2,6,2,1,2
2018010100541,1,9,0,9,0,8,0,0,0,0,1,1,6,2,28,6,1360,1,8,-1,-1,-1
2018010100541,2,9,0,18,0,8,0,0,0,0,1,2,6,2,25,5,1149,1,14,5,1,5
2018010100543,1,9,0,14,0,1,5,4,0,0,1,1,6,2,76,11,1339,1,11,10,1,10
2018010100543,2,9,0,2,0,1,0,0,0,0,2,1,6,3,-1,-1,1560,2,8,-1,-1,-1
2018010100544,1,9,0,5,0,1,0,0,0,0,4,1,6,1,47,8,1587,1,12,5,1,5
2018010100545,1,9,0,18,0,0,0,0,0,0,1,1,6,3,-1,-1,1596,1,17,-1,-1,-1
2018010100545,2,9,0,6,0,0,0,4,0,0,1,1,6,1,53,8,2200,2,20,3,1,3