Accident_Index,Vehicle_Reference,Vehicle_Type,Towing_and_Articulation,Vehicle_Manoeuvre,Vehicle_Location-Restricted_Lane,Junction_Location,Skidding_and_Overturning,Hit_Object_in_Carriageway,Vehicle_Leaving_Carriageway,Hit_Object_off_Carriageway,1st_Point_of_Impact,Was_Vehicle_Left_Hand_Drive?,Journey_Purpose_of_Driver,Sex_of_Driver,Age_of_Driver,Age_Band_of_Driver,Engine_Capacity_(CC),Propulsion_Code,Age_of_Vehicle,Driver_IMD_Decile,Driver_Home_Area_Type,Vehicle_IMD_Decile
2018010100545,3,9,0,2,0,0,0,0,0,0,2,1,6,3,-1,-1,1388,1,7,-1,-1,-1
2018010100548,1,9,0,-1,-1,0,-1,-1,-1,-1,1,-1,6,1,-1,-1,-1,-1,-1,-1,-1,-1
2018010100552,1,9,0,18,0,1,0,0,0,0,1,1,6,1,59,9,1400,1,11,7,1,7
2018010100552,2,1,0,18,0,1,0,0,0,0,3,1,6,1,27,6,-1,-1,-1,9,1,9
2018010100558,1,11,0,18,0,8,0,0,0,0,0,1,1,1,53,8,4760,2,6,5,1,5
2018010100560,1,11,0,4,2,1,0,0,0,0,1,1,1,1,56,9,9360,2,9,3,1,3
2018010100560,2,9,0,4,0,1,0,0,0,0,2,1,6,2,57,9,1397,1,14,6,1,6
2018010100567,1,9,0,2,0,7,0,0,0,0,2,1,6,3,-1,-1,1598,1,11,-1,-1,-1
2018010100567,2,9,0,11,0,7,0,4,0,0,1,1,6,1,24,5,1299,1,15,4,1,4
2018010100576,1,9,0,3,0,1,0,0,0,0,2,1,6,1,20,4,-1,-1,-1,2,1,2
2018010100576,2,9,0,18,0,1,0,0,0,0,1,1,6,1,33,6,1896,2,14,3,1,3
2018010100577,1,8,0,5,0,1,0,0,0,0,3,1,1,1,53,8,2143,2,4,5,1,5
2018010100577,2,19,0,5,0,1,0,0,0,0,1,1,6,1,35,6,1560,2,8,6,1,6
2018010100579,1,9,0,-1,-1,0,-1,-1,-1,-1,2,-1,2,2,22,5,1596,1,11,2,1,2
2018010100579,2,9,0,-1,-1,0,-1,-1,-1,-1,1,-1,6,1,-1,-1,-1,-1,-1,2,1,2
2018010100581,1,3,0,-1,-1,-1,-1,-1,-1,-1,-1,1,6,1,28,6,125,1,11,2,1,2
2018010100581,2,9,0,-1,-1,-1,-1,-1,-1,-1,1,-1,6,1,-1,-1,1798,8,5,8,1,8
2018010100583,1,9,0,-1,-1,0,-1,-1,-1,-1,-1,-1,6,2,28,6,1995,2,13,1,-1,1
2018010100583,2,9,0,-1,-1,0,-1,-1,-1,-1,-1,-1,6,3,-1,-1,1299,1,16,-1,-1,-1
2018010100585,1,1,-1,-1,-1,-1,-1,-1,-1,-1,2,1,2,1,34,6,-1,-1,-1,-1,-1,-1
2018010100585,2,9,0,-1,-1,-1,-1,-1,-1,-1,-1,-1,6,1,30,6,1995,2,3,-1,-1,-1
2018010100589,1,9,0,3,0,1,0,0,0,0,2,1,6,2,32,6,998,1,5,4,1,4
2018010100589,2,9,0,4,0,1,0,0,0,0,1,1,6,1,27,6,1198,1,13,2,1,2
2018010100592,1,9,0,10,0,0,0,0,0,0,1,1,6,1,30,6,2143,2,2,8,1,8
2018010100592,2,9,0,18,0,0,0,0,0,0,1,1,6,1,73,10,1968,2,2,9,1,9
2018010100596,1,8,0,-1,-1,-1,-1,-1,-1,-1,2,-1,6,1,40,7,2143,2,6,-1,-1,-1
2018010100599,1,3,0,18,0,8,5,0,0,0,3,1,1,1,21,5,125,1,1,4,1,4
2018010100599,2,9,0,9,0,8,0,0,0,0,1,2,6,1,58,9,1781,1,20,2,1,2
2018010100601,1,11,0,3,0,2,0,0,0,0,4,1,6,1,36,7,9360,2,7,2,1,2
2018010100603,1,3,0,18,0,1,0,0,0,0,1,1,6,1,31,6,124,1,5,2,1,2
2018010100603,2,9,0,5,0,6,0,0,0,0,1,1,6,1,62,9,1596,1,17,2,1,2
2018010100604,1,9,0,18,0,0,0,0,0,0,1,1,6,1,47,8,998,1,16,8,1,8
2018010100604,2,9,0,6,0,0,0,0,0,0,3,1,6,2,40,7,1199,2,6,9,1,9
2018010100607,1,8,0,-1,-1,0,-1,-1,-1,-1,1,-1,6,1,49,8,1796,1,5,5,1,5
2018010100608,1,9,0,18,0,0,0,0,0,0,1,2,6,1,37,7,-1,-1,-1,4,1,4
2018010100608,2,9,0,18,0,0,0,0,0,0,2,1,6,1,46,8,2143,2,4,7,1,7
2018010100611,1,9,0,-1,-1,-1,-1,-1,-1,-1,2,-1,6,1,28,6,1968,2,1,4,1,4
2018010100614,1,9,0,18,0,0,0,0,0,0,1,1,6,3,-1,-1,-1,-1,-1,-1,-1,-1
2018010100620,1,3,0,15,0,1,0,0,0,0,3,1,6,1,26,6,125,1,9,3,1,3
2018010100620,2,9,0,7,0,1,0,0,0,0,4,1,6,1,25,5,1242,1,5,1,1,1
2018010100623,1,9,0,18,0,1,0,0,0,0,1,1,6,2,26,6,1242,1,6,6,1,6
2018010100625,1,9,0,4,9,0,0,0,0,0,1,1,6,1,63,9,1197,1,6,2,1,2
2018010100627,1,1,5,9,0,1,0,0,3,0,2,1,6,1,15,3,-1,-1,-1,3,1,3
2018010100627,2,9,0,18,0,1,0,0,0,0,1,1,6,3,-1,-1,1596,1,14,-1,-1,-1
2018010100629,1,9,0,-1,-1,-1,-1,-1,-1,-1,-1,-1,6,2,34,6,1591,1,4,1,1,1
2018010100629,2,9,-1,18,-1,-1,-1,-1,-1,-1,-1,-1,6,2,18,4,1364,1,11,1,1,1
2018010100630,1,9,0,4,0,1,0,0,0,0,2,1,6,2,23,5,1368,1,10,9,1,9
2018010100630,2,19,0,18,0,1,0,0,0,0,1,1,6,3,-1,-1,-1,-1,-1,-1,-1,-1
2018010100631,1,9,0,18,0,1,0,4,0,0,1,1,6,1,19,4,1248,2,6,4,1,4
2018010100633,1,9,0,4,0,1,0,0,0,0,2,1,6,2,46,8,1108,1,14,8,1,8
2018010100633,2,20,0,18,0,1,0,0,0,0,1,1,1,1,29,6,6370,2,10,4,1,4
2018010100634,1,9,0,18,0,0,0,4,0,0,2,1,6,1,21,5,1390,1,8,6,1,6
2018010100634,2,9,0,18,0,0,0,0,0,0,3,1,6,2,40,7,1329,1,9,3,1,3
2018010100634,3,9,0,2,0,0,0,0,0,0,2,1,6,3,-1,-1,2143,2,4,-1,-1,-1
2018010100635,1,11,0,18,0,0,0,0,0,0,0,1,1,1,53,8,4461,2,5,5,1,5
2018010100637,1,9,0,5,0,6,0,0,0,0,1,1,6,2,49,8,2199,2,7,4,1,4
2018010100637,2,3,0,14,0,1,1,0,0,0,4,1,1,1,52,8,125,1,1,1,1,1
2018010100638,1,9,0,9,6,0,0,0,0,0,1,1,6,2,25,5,1242,1,4,7,1,7
2018010100638,2,9,0,18,7,0,0,0,0,0,1,1,6,3,-1,-1,-1,-1,-1,-1,-1,-1
2018010100639,1,9,0,5,0,8,0,0,0,0,4,1,1,1,27,6,-1,-1,-1,2,1,2
2018010100639,2,9,0,18,0,8,0,0,0,0,3,1,6,1,28,6,1995,2,3,3,1,3
2018010100640,1,9,0,-1,-1,0,-1,-1,-1,-1,2,-1,6,1,31,6,1198,1,8,3,1,3
2018010100640,2,9,0,1,-1,0,0,-1,0,0,2,-1,6,3,-1,-1,2435,1,15,-1,-1,-1
2018010100641,1,3,0,18,0,0,2,0,0,0,1,1,6,1,19,4,-1,-1,-1,2,1,2
2018010100641,2,9,0,5,0,0,0,0,0,0,3,1,6,1,30,6,1242,1,1,6,1,6
2018010100649,1,1,-1,-1,-1,-1,-1,-1,-1,-1,-1,1,2,2,31,6,-1,-1,-1,1,1,1
2018010100649,2,9,0,-1,-1,-1,-1,-1,-1,-1,1,-1,6,2,-1,-1,-1,-1,-1,-1,-1,-1
2018010100651,1,9,0,9,0,8,0,0,0,0,1,1,6,1,64,9,1798,1,3,6,1,6
2018010100651,2,3,0,18,0,8,0,0,0,0,3,1,6,1,41,7,125,1,10,2,1,2
2018010100654,1,11,0,18,0,1,0,0,1,0,1,1,6,1,45,7,6700,2,7,8,1,8
2018010100654,2,9,0,18,0,1,0,0,0,0,1,1,6,1,40,7,1799,1,12,4,1,4
2018010100656,1,9,0,4,0,1,0,0,0,0,2,1,6,1,37,7,1900,2,12,1,1,1
2018010100656,2,9,0,4,0,1,0,0,0,0,1,1,6,3,-1,-1,1597,1,9,-1,-1,-1
2018010100658,1,1,0,18,0,8,0,0,0,0,1,1,2,2,32,6,-1,-1,-1,3,1,3
2018010100658,2,9,0,18,0,1,0,0,0,0,3,1,6,3,-1,-1,-1,-1,-1,-1,-1,-1
2018010100661,1,9,0,18,0,8,0,0,0,0,3,1,6,1,34,6,1968,2,4,6,1,6
2018010100661,2,9,0,18,0,8,0,0,0,0,1,1,6,3,-1,-1,1995,1,12,-1,-1,-1
2018010100663,1,9,0,17,0,0,1,7,2,7,1,1,6,1,42,7,2979,1,1,2,1,2
2018010100665,1,3,0,4,0,0,0,0,0,0,1,1,1,1,24,5,125,1,6,5,1,5
2018010100665,2,19,0,6,0,0,0,0,0,0,3,1,1,1,28,6,2198,2,3,4,1,4
2018010100667,1,19,0,6,0,0,0,0,0,0,1,1,2,1,52,8,1995,2,8,8,1,8
2018010100669,1,9,0,18,0,0,0,0,0,0,1,1,2,1,37,7,-1,-1,-1,2,1,2
2018010100671,1,3,0,5,0,2,0,0,0,0,1,1,1,1,43,7,125,1,1,-1,-1,-1
2018010100682,1,9,0,18,0,0,0,0,0,0,1,1,6,1,27,6,1596,1,12,1,1,1
2018010100690,1,9,0,17,0,8,0,0,0,0,3,2,6,2,56,9,1995,1,11,2,1,2
2018010100690,2,9,0,18,0,8,0,0,0,0,1,1,6,1,24,5,1596,1,12,2,1,2
2018010100691,1,9,0,-1,-1,0,-1,-1,-1,-1,0,-1,6,1,-1,-1,-1,-1,-1,-1,-1,-1
2018010100697,1,9,-1,-1,-1,-1,-1,-1,-1,-1,-1,-1,6,1,-1,-1,-1,-1,-1,-1,-1,-1
2018010100699,1,9,0,9,0,3,0,0,0,0,1,1,1,2,27,6,1689,2,14,2,1,2
2018010100699,2,1,0,17,0,3,0,0,0,0,1,1,2,2,39,7,-1,-1,-1,4,1,4
2018010100707,1,2,0,18,0,0,0,0,0,0,1,1,1,1,36,7,49,1,15,5,1,5
2018010100708,1,3,0,18,0,1,0,0,0,0,2,1,1,1,49,8,125,1,2,2,1,2
2018010100708,2,9,0,18,0,1,0,0,0,0,1,1,6,3,-1,-1,-1,-1,-1,-1,-1,-1
2018010100711,1,19,0,13,0,0,0,0,0,0,4,1,6,1,54,8,1686,2,13,2,1,2
2018010100711,2,90,0,5,0,0,0,0,0,0,3,1,1,1,51,8,-1,-1,-1,3,1,3
2018010100723,1,9,0,18,0,4,0,0,0,0,3,1,6,1,36,7,998,1,8,7,1,7
2018010100723,2,1,0,18,0,4,0,0,0,0,1,1,6,1,24,5,-1,-1,-1,2,1,2
2018010100725,1,1,0,18,0,1,0,0,0,0,4,1,6,1,51,8,-1,-1,-1,2,1,2
2018010100725,2,9,0,7,0,1,0,0,0,0,1,1,6,3,-1,-1,-1,-1,-1,-1,-1,-1
2018010100729,1,9,0,9,0,2,0,0,0,0,1,1,6,3,-1,-1,998,1,4,-1,-1,-1
2018010100730,1,9,0,18,0,1,0,0,0,0,1,1,2,2,46,8,1598,1,5,3,1,3
2018010100730,2,9,0,9,0,1,0,0,0,0,1,1,6,1,55,8,1598,1,13,4,1,4
2018010100731,1,9,-1,-1,0,1,-1,-1,-1,-1,-1,-1,6,1,34,6,1798,8,3,9,1,9
2018010100731,2,9,0,-1,-1,1,-1,-1,-1,-1,-1,-1,6,3,-1,-1,1398,1,6,-1,-1,-1
2018010100734,1,9,0,18,0,8,0,0,0,0,3,1,6,1,39,7,2987,2,4,4,1,4
2018010100734,2,20,-1,18,0,-1,-1,-1,-1,-1,-1,2,6,3,-1,-1,-1,-1,-1,-1,-1,-1
2018010100735,1,19,0,1,0,8,0,11,0,0,2,1,1,1,30,6,2198,2,3,2,1,2
2018010100736,1,2,0,18,0,2,0,0,0,0,1,1,6,3,-1,-1,-1,-1,-1,-1,-1,-1
2018010100740,1,8,0,18,0,1,0,0,0,0,1,1,6,1,43,7,1968,2,5,2,1,2
2018010100740,2,9,0,1,0,1,0,0,0,0,2,1,6,3,-1,-1,1950,2,2,-1,-1,-1
2018010100743,1,9,0,-1,-1,0,-1,-1,-1,-1,-1,-1,6,2,24,5,1598,2,7,3,1,3
2018010100743,2,90,1,-1,-1,0,-1,-1,-1,-1,-1,-1,6,3,38,7,-1,-1,-1,3,1,3
2018010100745,1,1,0,18,0,1,0,0,0,0,-1,1,6,2,24,5,-1,-1,-1,1,1,1
2018010100745,2,9,0,18,0,1,0,0,0,0,-1,-1,6,3,-1,-1,1796,1,6,-1,-1,-1
2018010100746,1,9,0,9,0,1,0,0,0,0,3,1,6,1,49,8,1598,2,1,6,1,6
2018010100746,2,3,0,14,0,1,1,0,0,0,1,1,1,1,30,6,108,1,1,7,1,7
2018010100752,1,9,0,-1,-1,-1,-1,-1,-1,-1,2,-1,6,1,51,8,1997,2,8,1,1,1
2018010100752,2,9,0,-1,-1,-1,-1,-1,-1,-1,1,-1,6,1,-1,-1,-1,-1,-1,3,1,3
2018010100758,1,1,-1,-1,-1,-1,-1,-1,-1,-1,-1,1,6,1,29,6,-1,-1,-1,2,1,2
2018010100758,2,90,0,-1,-1,-1,-1,-1,-1,-1,-1,-1,6,3,-1,-1,-1,-1,-1,-1,-1,-1
2018010100760,1,9,0,16,0,7,0,0,0,0,3,1,1,1,-1,-1,-1,-1,-1,5,1,5
2018010100760,2,1,0,18,0,1,0,10,0,0,1,1,6,1,53,8,-1,-1,-1,5,1,5
2018010100761,1,11,0,18,0,1,0,0,0,0,0,1,1,1,29,6,4461,2,5,2,1,2
2018010100762,1,8,0,9,0,8,0,0,0,0,1,1,1,1,44,7,2987,2,1,6,1,6
2018010100762,2,3,0,18,0,8,0,0,0,0,1,1,2,2,32,6,125,1,8,6,1,6
2018010100767,1,9,0,2,0,1,0,0,0,0,2,1,6,2,46,8,1339,1,14,3,1,3
2018010100767,2,19,0,18,0,1,0,0,0,0,-1,1,6,3,-1,-1,-1,-1,-1,-1,-1,-1
2018010100769,1,1,-1,-1,-1,0,-1,-1,-1,-1,2,1,2,1,31,6,-1,-1,-1,5,3,5
2018010100769,2,9,0,-1,-1,0,-1,-1,-1,-1,1,-1,6,3,32,6,-1,-1,-1,5,1,5
2018010100776,1,9,0,-1,-1,-1,-1,-1,-1,-1,2,-1,6,1,20,4,1995,2,5,2,1,2
2018010100777,1,9,0,-1,-1,-1,-1,-1,-1,-1,2,-1,6,1,28,6,1896,2,15,4,1,4
2018010100777,2,19,0,-1,-1,-1,-1,-1,-1,-1,1,-1,6,1,34,6,2143,2,3,9,1,9
2018010100789,1,9,0,4,0,3,0,0,0,0,1,1,1,2,40,7,1598,1,6,3,1,3
2018010100789,2,1,0,18,0,4,0,0,0,0,1,1,6,1,34,6,-1,-1,-1,4,1,4
2018010100790,1,11,0,3,0,1,0,0,0,0,0,1,1,1,34,6,5132,2,1,3,1,3
2018010100792,1,9,0,-1,-1,-1,-1,-1,-1,-1,2,-1,6,1,35,6,647,8,3,5,1,5
2018010100792,2,90,0,-1,-1,-1,-1,-1,-1,-1,1,-1,6,1,-1,-1,-1,-1,-1,-1,-1,-1
2018010100795,1,11,0,9,0,2,0,0,0,0,0,1,1,1,34,6,4500,2,1,6,1,6
2018010100796,1,9,0,18,0,5,1,0,2,10,1,1,6,1,28,6,1598,1,12,-1,-1,-1
2018010100796,2,9,0,18,0,1,0,0,0,0,4,1,1,1,27,6,-1,-1,-1,5,1,5
2018010100796,3,8,0,18,0,1,0,0,0,0,2,1,1,1,41,7,1797,8,7,2,1,2
2018010100798,1,1,-1,-1,-1,-1,-1,-1,-1,-1,1,1,6,1,18,4,-1,-1,-1,3,1,3
2018010100798,2,8,0,-1,-1,-1,-1,-1,-1,-1,1,-1,6,1,52,8,1997,2,8,3,1,3
2018010100799,1,9,0,-1,-1,-1,-1,-1,-1,-1,1,-1,2,1,33,6,2148,2,9,3,1,3
2018010100799,2,90,0,-1,-1,-1,-1,-1,-1,-1,2,-1,6,1,-1,-1,-1,-1,-1,-1,-1,-1
2018010100801,1,9,0,18,0,1,0,0,2,10,1,1,6,1,23,5,1998,1,5,3,1,3
2018010100801,2,9,0,18,0,1,0,0,0,0,3,1,6,1,28,6,1395,1,3,7,1,7
2018010100801,3,9,0,3,0,2,0,0,0,0,2,1,6,1,25,5,1560,2,8,8,1,8
2018010100809,1,3,0,5,0,1,0,0,1,0,3,1,1,2,21,5,108,1,4,5,1,5
2018010100809,2,9,0,9,0,5,0,0,0,0,4,1,6,1,28,6,1388,1,13,9,2,9
2018010100810,1,9,0,-1,-1,0,-1,-1,-1,-1,2,-1,6,1,-1,-1,1497,8,12,-1,-1,-1
2018010100812,1,9,0,18,0,0,0,0,0,0,1,1,6,1,82,11,1600,1,18,9,1,9
2018010100812,2,9,0,18,0,0,0,0,0,0,1,1,6,1,21,5,1275,1,21,2,1,2
2018010100813,1,11,0,18,0,8,0,0,0,0,1,1,1,1,41,7,-1,-1,-1,7,1,7
2018010100820,1,5,0,4,0,2,0,0,0,0,1,1,6,1,30,6,-1,-1,-1,7,1,7
2018010100820,2,8,0,4,0,2,0,0,0,0,2,1,1,1,69,10,-1,-1,-1,2,1,2
2018010100821,1,9,0,18,0,8,0,0,0,0,4,1,6,1,71,10,1197,1,1,4,1,4
2018010100821,2,9,0,2,0,8,0,0,0,0,3,1,6,3,-1,-1,1798,8,1,-1,-1,-1
2018010100821,3,9,0,2,0,8,0,0,0,0,1,1,6,3,-1,-1,1598,1,9,-1,-1,-1
2018010100821,4,9,0,18,0,8,0,0,0,0,1,1,6,3,-1,-1,-1,-1,-1,-1,-1,-1
2018010100821,5,9,0,18,0,8,0,0,0,0,1,1,6,3,-1,-1,-1,-1,-1,-1,-1,-1
2018010100824,1,9,0,18,0,7,0,0,0,0,2,1,6,1,24,5,1968,2,8,1,1,1
2018010100824,2,9,0,18,0,7,0,0,0,0,1,1,6,3,-1,-1,-1,-1,-1,-1,-1,-1
2018010100828,1,3,0,18,0,1,1,0,0,0,0,1,1,1,32,6,108,1,5,9,1,9
2018010100828,2,9,0,9,0,8,0,0,0,0,0,1,1,1,33,6,999,1,1,6,1,6
2018010100829,1,9,0,18,0,8,0,0,0,0,2,2,2,1,32,6,1364,1,3,3,1,3
2018010100829,2,9,0,18,0,8,0,0,0,0,1,2,2,1,30,6,-1,-1,-1,4,1,4
2018010100831,1,21,0,11,0,3,0,0,0,0,3,1,1,1,58,9,6692,2,6,5,1,5
2018010100831,2,8,0,12,0,3,0,0,0,0,1,1,1,1,35,6,1339,8,8,6,1,6
2018010100832,1,9,0,18,0,1,0,0,0,0,3,1,6,1,19,4,1242,1,10,3,1,3
2018010100832,2,9,0,9,0,1,0,0,0,0,3,1,6,2,24,5,1400,1,12,2,1,2
2018010100835,1,9,0,18,0,2,0,0,0,0,4,1,6,1,24,5,1997,2,3,5,1,5
2018010100835,2,9,0,10,0,1,0,0,0,0,1,1,2,1,28,6,-1,-1,-1,2,1,2
2018010100841,1,9,0,-1,-1,-1,0,-1,-1,0,-1,-1,6,1,37,7,1798,8,3,3,1,3
2018010100841,2,9,0,-1,-1,-1,0,-1,-1,0,-1,-1,6,3,-1,-1,-1,-1,-1,-1,-1,-1
2018010100845,1,19,0,18,0,1,0,0,0,0,1,-1,6,3,-1,-1,2198,2,3,-1,-1,-1
2018010100862,1,1,-1,-1,-1,-1,-1,-1,-1,-1,-1,1,6,1,46,8,-1,-1,-1,3,1,3
2018010100862,2,9,0,-1,-1,-1,-1,-1,-1,-1,1,-1,6,1,42,7,998,1,14,1,1,1
2018010100865,1,9,-1,3,0,-1,-1,-1,0,0,2,-1,6,1,77,11,1390,1,10,4,1,4
2018010100865,2,9,-1,-1,0,-1,-1,-1,-1,-1,1,-1,6,1,-1,-1,1997,2,6,-1,-1,-1
2018010100869,1,9,0,5,0,8,0,0,1,0,3,1,1,2,32,6,1598,1,2,2,1,2
2018010100869,2,9,0,18,0,8,0,0,3,0,1,1,6,2,44,7,1598,1,6,3,1,3
2018010100890,1,11,0,18,0,-1,0,0,0,0,0,1,6,3,-1,-1,-1,-1,-1,-1,-1,-1
2018010100894,1,9,0,18,0,0,0,0,0,0,1,-1,6,1,-1,-1,1398,1,16,1,1,1
2018010100895,1,19,0,1,7,7,0,0,0,0,2,1,6,1,50,8,2999,2,-1,3,1,3
2018010100905,1,19,0,7,0,1,0,0,0,0,4,1,2,1,32,6,2198,2,2,7,1,7
2018010100905,2,2,0,18,0,1,0,0,0,0,1,1,6,2,20,4,124,1,16,9,1,9
2018010100907,1,9,-1,3,0,2,0,-1,-1,0,-1,1,6,2,51,8,1390,1,5,-1,-1,-1
2018010100907,2,9,-1,-1,-1,-1,-1,-1,-1,-1,-1,-1,6,3,-1,-1,1794,1,15,-1,-1,-1
2018010100909,1,9,0,10,0,5,0,0,0,0,1,1,1,1,45,7,-1,-1,-1,6,2,6
2018010100909,2,3,0,18,0,8,0,0,0,0,4,1,6,1,27,6,125,1,7,4,1,4
2018010100911,1,9,0,4,0,2,0,0,0,0,4,1,6,1,49,8,2969,2,12,3,1,3
2018010100911,2,9,0,9,0,2,0,0,0,0,1,1,6,2,65,9,2157,1,21,7,1,7
2018010100914,1,9,0,5,0,2,0,0,0,0,4,1,6,2,50,8,1791,8,6,9,1,9
2018010100918,1,3,0,-1,-1,-1,-1,-1,-1,-1,1,1,6,1,25,5,125,1,3,2,1,2
2018010100918,2,9,0,-1,-1,-1,-1,-1,-1,-1,1,-1,6,2,-1,-1,998,1,12,-1,-1,-1
2018010100924,1,9,0,18,0,0,0,0,0,0,2,1,1,2,31,6,1598,2,2,4,1,4
2018010100924,2,9,0,18,0,0,0,0,0,0,1,1,2,2,40,7,2171,1,13,5,1,5
2018010100926,1,9,0,9,0,2,0,0,0,0,1,1,6,2,77,11,-1,-1,-1,6,1,6
2018010100931,1,9,0,9,0,5,0,0,0,0,2,1,6,1,57,9,1997,2,12,6,3,6
2018010100931,2,9,0,3,0,1,0,0,0,0,2,1,6,2,37,7,1461,2,11,9,1,9
2018010100931,3,9,0,4,0,1,0,0,0,0,1,1,6,1,23,5,1242,1,6,6,1,6
2018010100936,1,9,0,3,0,0,0,0,0,0,2,1,6,1,26,6,1596,1,11,5,1,5
2018010100936,2,19,0,3,0,0,0,0,0,0,2,1,6,1,46,8,1598,2,5,-1,-1,-1
2018010100936,3,9,0,4,0,0,0,0,0,0,1,1,6,2,57,9,-1,-1,-1,2,1,2
2018010100945,1,9,0,18,0,0,0,0,0,0,0,1,6,1,27,6,1149,1,18,8,1,8
2018010100945,2,5,0,12,0,0,0,0,0,0,0,1,6,3,-1,-1,-1,-1,-1,-1,-1,-1
2018010100946,1,9,0,18,0,1,5,4,0,0,1,1,6,2,30,6,1398,1,11,2,1,2
2018010100946,2,9,0,9,0,1,0,0,0,0,2,1,6,2,23,5,1246,1,11,5,1,5
2018010100949,1,11,0,18,0,1,0,0,0,0,0,1,1,1,50,8,6700,2,7,3,1,3
2018010100949,2,19,0,18,0,8,0,0,0,0,0,1,6,3,-1,-1,1968,2,11,-1,-1,-1
2018010100955,1,3,0,18,2,1,0,0,0,0,1,1,2,1,39,7,125,1,5,1,1,1
2018010100955,2,8,0,9,0,1,1,0,0,0,1,1,1,1,57,9,1997,2,6,4,1,4
2018010100957,1,9,0,-1,0,-1,0,-1,-1,-1,1,-1,6,3,-1,-1,1968,2,6,-1,-1,-1
2018010100960,1,9,0,3,0,1,0,0,0,0,2,1,1,1,36,7,-1,-1,-1,8,1,8
2018010100960,2,9,0,3,0,1,0,0,0,0,2,1,1,1,29,6,-1,-1,-1,3,1,3
2018010100964,1,1,-1,-1,-1,-1,-1,-1,-1,-1,-1,1,2,1,39,7,-1,-1,-1,5,1,5
2018010100964,2,9,0,-1,-1,-1,-1,-1,-1,-1,3,-1,6,2,28,6,1388,1,6,-1,-1,-1
2018010100965,1,9,0,9,0,2,0,0,0,0,2,1,6,1,79,11,1386,1,14,3,1,3
2018010100965,2,9,0,18,0,1,0,4,0,0,1,1,6,1,38,7,2987,2,9,4,1,4
2018010100968,1,9,0,7,9,1,0,10,1,10,1,1,6,2,75,10,996,1,8,5,1,5
2018010100970,1,90,-1,-1,-1,0,-1,-1,-1,-1,-1,-1,6,3,-1,-1,-1,-1,-1,-1,-1,-1
2018010100973,1,1,-1,-1,-1,-1,-1,-1,-1,-1,-1,1,2,1,33,6,-1,-1,-1,4,1,4
2018010100973,2,9,0,-1,-1,-1,-1,-1,-1,-1,0,-1,6,1,-1,-1,-1,-1,-1,-1,-1,-1
2018010100974,1,9,0,18,0,1,0,0,0,0,0,1,6,2,34,6,-1,-1,-1,2,1,2
2018010100974,2,9,0,5,0,6,0,0,0,0,1,1,6,3,-1,-1,-1,-1,-1,-1,-1,-1
2018010100976,1,9,0,3,0,1,0,8,3,0,4,1,6,1,65,9,1997,2,-1,9,1,9
2018010100976,2,3,0,18,0,1,0,8,0,0,1,1,1,1,31,6,125,1,2,8,1,8
2018010100980,1,9,0,9,4,6,0,0,0,0,4,1,2,1,52,8,1598,1,11,1,1,1
2018010100980,2,1,0,18,4,1,0,0,0,0,1,1,2,1,26,6,-1,-1,-1,2,1,2
2018010100983,1,9,0,-1,-1,-1,-1,-1,-1,-1,1,-1,6,1,23,5,1797,8,5,2,1,2
2018010100984,1,9,0,9,0,5,0,0,0,0,1,1,6,2,47,8,1997,2,1,5,1,5
2018010100984,2,3,0,13,0,1,0,0,0,0,1,1,6,1,22,5,125,1,1,4,1,4
2018010100986,1,9,0,18,0,8,0,0,0,0,1,1,6,1,30,6,2143,2,3,7,1,7
2018010100986,2,9,0,18,0,8,0,0,0,0,1,1,6,1,28,6,1590,1,15,3,1,3
2018010100986,3,9,0,18,0,8,0,0,0,0,1,1,6,1,47,8,1969,2,3,-1,-1,-1
2018010100986,4,9,0,2,9,2,0,0,0,0,1,1,6,3,-1,-1,2993,2,3,-1,-1,-1
2018010100986,5,9,0,2,9,2,0,0,0,0,1,1,6,3,-1,-1,2143,2,4,-1,-1,-1
2018010100987,1,9,0,7,0,4,0,0,0,0,1,1,2,1,40,7,1797,8,9,6,1,6
2018010100987,2,1,0,18,0,3,0,0,0,0,2,1,2,1,32,6,-1,-1,-1,2,1,2
2018010100992,1,10,0,5,0,0,0,0,0,0,1,1,6,1,46,8,-1,-1,-1,3,1,3
2018010100992,2,9,0,18,0,0,0,0,0,0,1,1,6,1,47,8,1968,2,7,3,1,3
2018010100993,1,9,0,18,0,0,0,0,0,0,1,1,6,1,51,8,2987,2,6,2,1,2
2018010100998,1,9,0,17,0,8,0,0,0,0,4,1,6,3,-1,-1,1995,2,4,-1,-1,-1
2018010100998,2,1,0,18,0,8,0,0,0,0,2,1,6,1,38,7,-1,-1,-1,3,1,3
2018010101001,1,9,0,9,0,5,0,0,0,0,3,1,6,1,26,6,1968,2,12,2,1,2
2018010101001,2,3,0,13,0,1,0,0,0,0,4,1,6,1,32,6,125,1,8,3,1,3
2018010101004,1,9,0,6,0,6,0,7,0,0,1,1,6,2,26,6,1360,1,14,1,1,1
2018010101008,1,9,0,18,0,7,0,0,0,0,2,1,6,1,77,11,1796,1,15,3,1,3
2018010101008,2,9,0,18,0,7,0,0,0,0,1,1,6,2,26,6,1600,2,8,3,1,3
2018010101009,1,8,0,1,0,0,0,4,0,0,2,1,6,1,45,7,1797,1,4,3,1,3
2018010101009,2,9,0,4,0,0,0,0,0,0,2,1,6,1,55,8,1587,1,10,3,1,3
2018010101010,1,9,0,9,0,6,0,0,0,0,1,1,6,1,43,7,1794,1,14,6,1,6
2018010101010,2,3,0,13,0,1,0,0,0,0,1,1,6,1,36,7,125,1,3,6,1,6
2018010101016,1,9,0,2,2,1,0,0,0,0,2,1,6,3,-1,-1,1997,2,3,-1,-1,-1