Accident_Index,Vehicle_Reference,Vehicle_Type,Towing_and_Articulation,Vehicle_Manoeuvre,Vehicle_Location-Restricted_Lane,Junction_Location,Skidding_and_Overturning,Hit_Object_in_Carriageway,Vehicle_Leaving_Carriageway,Hit_Object_off_Carriageway,1st_Point_of_Impact,Was_Vehicle_Left_Hand_Drive?,Journey_Purpose_of_Driver,Sex_of_Driver,Age_of_Driver,Age_Band_of_Driver,Engine_Capacity_(CC),Propulsion_Code,Age_of_Vehicle,Driver_IMD_Decile,Driver_Home_Area_Type,Vehicle_IMD_Decile
2018010101016,2,1,0,18,2,1,0,4,0,0,1,1,6,2,60,9,-1,-1,-1,9,1,9
2018010101018,1,9,0,5,0,0,0,4,0,0,1,1,6,1,28,6,1390,1,11,3,1,3
2018010101018,2,9,0,5,0,0,0,4,0,0,2,1,6,2,60,9,-1,3,3,9,1,9
2018010101018,3,9,0,3,0,0,0,0,0,0,2,1,1,1,31,6,1499,1,1,3,1,3
2018010101022,1,9,0,18,0,2,0,0,0,0,1,1,6,1,54,8,1388,1,8,2,1,2
2018010101022,2,9,0,18,0,2,0,0,0,0,2,1,6,2,41,7,2995,1,13,4,1,4
2018010101030,1,3,0,10,0,6,0,0,0,0,4,1,1,1,28,6,125,1,5,2,1,2
2018010101030,2,9,0,18,0,1,0,0,0,0,1,1,6,3,-1,-1,1995,2,-1,-1,-1,-1
2018010101035,1,9,0,6,0,0,0,0,0,0,1,1,1,1,38,7,1498,1,1,4,1,4
2018010101035,2,3,0,18,0,0,0,0,1,10,1,1,6,1,22,5,125,1,7,4,1,4
2018010101036,1,9,0,9,0,8,0,0,0,0,1,1,6,1,21,5,999,1,4,5,1,5
2018010101036,2,9,0,18,0,8,0,0,0,0,1,1,6,1,52,8,1796,1,14,3,1,3
2018010101037,1,9,0,18,0,1,0,0,0,0,0,1,6,1,47,8,4266,1,19,3,1,3
2018010101040,1,9,0,7,0,4,0,11,0,0,1,1,6,2,38,7,1229,1,14,3,1,3
2018010101042,1,9,0,9,0,5,0,0,0,0,1,1,6,1,41,7,2204,2,14,7,1,7
2018010101043,1,21,1,18,0,0,0,11,0,0,4,1,1,1,44,7,6692,2,8,5,1,5
2018010101044,1,1,-1,-1,-1,-1,-1,-1,-1,-1,2,1,2,1,28,6,-1,-1,-1,5,1,5
2018010101044,2,9,0,-1,-1,-1,-1,-1,-1,-1,1,-1,6,2,-1,-1,-1,-1,-1,-1,-1,-1
2018010101045,1,9,0,18,0,0,0,0,0,0,1,1,2,1,64,9,1896,2,15,4,1,4
2018010101046,1,9,0,18,0,1,0,0,0,0,1,1,6,3,-1,-1,-1,-1,-1,-1,-1,-1
2018010101048,1,9,0,10,0,8,0,0,0,0,4,1,6,2,65,9,1598,1,11,9,1,9
2018010101048,2,3,0,8,0,5,0,0,0,0,1,1,6,2,38,7,125,1,8,3,-1,3
2018010101056,1,9,0,5,0,0,0,0,0,0,2,-1,6,1,38,7,1995,2,4,4,1,4
2018010101056,2,10,-1,18,0,0,0,0,0,0,1,1,6,3,-1,-1,-1,-1,-1,-1,-1,-1
2018010101058,1,1,-1,-1,-1,-1,-1,-1,-1,-1,-1,1,2,1,25,5,-1,-1,-1,4,1,4
2018010101058,2,19,0,-1,-1,-1,-1,-1,-1,-1,-1,-1,6,1,-1,-1,-1,-1,-1,-1,-1,-1
2018010101065,1,9,0,18,0,-1,0,0,0,0,-1,-1,6,2,19,4,998,1,10,-1,-1,-1
2018010101065,2,9,0,1,0,-1,0,-1,0,0,-1,-1,6,1,-1,-1,-1,-1,-1,7,3,7
2018010101071,1,9,-1,3,0,1,-1,-1,0,0,2,-1,6,1,51,8,2000,2,9,3,1,3
2018010101071,2,9,-1,18,0,1,-1,0,0,0,1,-1,6,3,-1,-1,-1,-1,-1,-1,-1,-1
2018010101072,1,9,-1,-1,-1,0,-1,-1,-1,-1,-1,-1,6,2,-1,-1,-1,-1,-1,-1,-1,-1
2018010101075,1,3,0,18,0,8,0,0,0,0,1,1,1,1,36,7,125,1,2,2,1,2
2018010101076,1,8,0,3,0,1,0,0,0,0,4,-1,6,1,-1,-1,2402,2,12,2,1,2
2018010101076,2,1,-1,18,0,1,5,0,0,0,1,1,6,1,24,5,-1,-1,-1,2,1,2
2018010101080,1,9,-1,-1,-1,-1,-1,-1,-1,-1,-1,-1,6,3,-1,-1,-1,-1,-1,-1,-1,-1
2018010101084,1,8,0,18,0,2,0,0,0,0,0,1,1,1,59,9,1997,2,3,4,1,4
2018010101085,1,1,0,18,4,0,0,0,0,0,1,1,2,1,44,7,-1,-1,-1,2,1,2
2018010101086,1,9,0,18,0,0,0,4,0,0,1,1,2,1,63,9,1560,2,7,9,2,9
2018010101086,2,9,0,2,0,0,0,4,1,0,2,1,6,3,-1,-1,1995,2,4,-1,-1,-1
2018010101086,3,9,0,2,0,0,0,0,0,0,2,1,6,3,-1,-1,1998,1,8,-1,-1,-1
2018010101099,1,19,0,18,0,5,0,0,0,0,1,1,1,1,43,7,1968,2,2,9,1,9
2018010101102,1,9,0,3,0,0,0,0,0,0,2,-1,6,1,34,6,1998,1,2,4,1,4
2018010101102,2,9,0,18,0,0,0,0,0,0,1,-1,6,3,-1,-1,2143,2,1,-1,-1,-1
2018010101103,1,9,0,8,0,1,0,0,0,0,1,1,6,1,20,4,-1,-1,-1,-1,-1,-1
2018010101103,2,1,0,18,0,1,0,0,0,0,1,1,6,1,27,6,-1,-1,-1,1,1,1
2018010101106,1,11,0,4,2,0,0,0,0,0,0,1,1,1,54,8,4500,2,1,4,1,4
2018010101110,1,9,0,12,0,0,1,0,0,0,2,1,1,1,34,6,-1,-1,-1,8,1,8
2018010101110,2,21,0,18,0,0,0,0,0,0,1,1,1,1,58,9,12740,2,3,2,1,2
2018010101110,3,19,0,18,0,0,0,0,0,0,1,1,1,1,37,7,1248,2,4,6,1,6
2018010101115,1,9,0,7,0,8,0,0,0,0,2,1,1,2,35,6,1598,2,2,6,3,6
2018010101115,2,9,0,18,0,1,0,0,0,0,1,1,6,1,25,5,1998,1,17,3,1,3
2018010101117,1,9,-1,-1,-1,-1,-1,-1,-1,-1,-1,-1,6,1,35,6,999,1,3,7,1,7
2018010101119,1,9,0,2,0,2,0,0,0,0,2,1,6,3,-1,-1,1422,2,8,-1,-1,-1
2018010101119,2,9,0,18,0,7,0,0,0,0,1,1,6,2,28,6,1198,1,4,2,1,2
2018010101120,1,9,0,1,0,2,0,0,0,0,4,1,6,1,70,10,-1,3,2,5,1,5
2018010101125,1,9,0,18,0,0,0,4,0,0,1,1,6,1,56,9,1396,1,15,6,1,6
2018010101125,2,9,0,2,0,0,0,0,7,0,1,1,6,3,-1,-1,1762,1,21,-1,-1,-1
2018010101127,1,9,0,4,0,8,0,0,0,0,2,1,1,1,48,8,1560,2,6,5,1,5
2018010101127,2,9,0,18,0,8,0,0,0,0,1,1,6,2,39,7,1598,1,7,5,1,5
2018010101130,1,9,0,-1,-1,-1,-1,-1,-1,-1,2,-1,6,1,55,8,1968,2,11,5,1,5
2018010101130,2,9,0,-1,-1,-1,-1,-1,-1,-1,1,-1,6,3,-1,-1,1995,2,9,-1,-1,-1
2018010101134,1,11,0,7,0,2,0,0,0,0,4,1,1,1,50,8,4500,2,2,1,1,1
2018010101136,1,11,0,4,0,0,0,0,0,0,0,1,1,2,57,9,-1,-1,-1,5,1,5
2018010101138,1,9,0,18,0,0,0,0,0,0,1,1,6,3,-1,-1,1498,1,12,-1,-1,-1
2018010101141,1,9,0,9,0,6,0,0,0,0,1,1,4,2,30,6,1200,1,5,5,1,5
2018010101141,2,9,0,18,0,1,0,0,0,0,1,1,6,2,65,9,2143,2,7,6,3,6
2018010101145,1,9,0,18,0,8,0,0,0,0,1,1,6,1,24,5,1390,1,11,7,1,7
2018010101145,2,9,0,18,0,8,0,0,0,0,2,1,6,2,-1,-1,1422,2,9,3,1,3
2018010101155,1,8,0,-1,-1,-1,-1,-1,-1,-1,1,-1,6,1,28,6,1790,8,5,7,1,7
2018010101155,2,9,0,-1,-1,-1,-1,-1,-1,-1,1,-1,6,2,-1,-1,3456,8,9,3,1,3
2018010101160,1,9,0,18,0,8,0,0,0,0,1,1,6,1,41,7,1794,1,14,2,1,2
2018010101160,2,1,0,18,0,8,0,0,0,0,4,1,6,1,20,4,-1,-1,-1,2,1,2
2018010101162,1,9,0,-1,-1,0,-1,-1,-1,-1,-1,-1,6,2,35,6,1461,2,7,9,1,9
2018010101165,1,9,0,-1,-1,1,-1,-1,-1,-1,4,-1,6,1,45,7,1999,1,8,4,2,4
2018010101169,1,9,0,18,0,1,0,0,0,0,1,1,6,2,24,5,1598,1,7,5,1,5
2018010101170,1,19,0,1,0,0,0,0,0,0,2,1,1,1,27,6,1968,2,2,6,1,6
2018010101170,2,1,0,3,0,0,0,4,0,0,1,1,2,2,25,5,-1,-1,-1,6,1,6
2018010101170,3,9,0,2,0,0,0,0,0,0,4,1,6,3,-1,-1,1999,2,3,-1,-1,-1
2018010101172,1,9,0,18,0,0,0,0,0,0,1,1,6,2,30,6,1896,2,8,3,1,3
2018010101172,2,90,0,2,0,0,0,0,0,0,1,1,6,3,-1,-1,4500,2,2,-1,-1,-1
2018010101175,1,9,0,-1,-1,-1,-1,-1,-1,-1,-1,-1,6,1,23,5,1896,2,10,3,1,3
2018010101175,2,9,0,5,0,8,0,0,0,0,1,-1,6,3,-1,-1,1560,2,12,-1,-1,-1
2018010101182,1,9,0,9,0,2,0,0,0,0,1,1,6,3,-1,-1,-1,-1,-1,-1,-1,-1
2018010101182,2,1,0,9,0,1,0,0,0,0,4,1,6,1,36,7,-1,-1,-1,2,1,2
2018010101184,1,1,-1,-1,-1,-1,-1,-1,-1,-1,-1,1,2,1,52,8,-1,-1,-1,2,1,2
2018010101184,2,9,0,-1,-1,-1,-1,-1,-1,-1,1,-1,6,1,64,9,1598,1,5,1,1,1
2018010101193,1,21,1,5,0,1,0,0,0,0,1,1,1,1,35,6,12740,2,1,4,1,4
2018010101198,1,9,0,18,0,0,0,0,0,0,1,1,6,2,53,8,1149,1,8,3,1,3
2018010101199,1,1,-1,-1,-1,-1,-1,-1,-1,-1,-1,1,6,1,28,6,-1,-1,-1,8,1,8
2018010101199,2,11,0,-1,-1,-1,-1,-1,-1,-1,-1,-1,6,3,-1,-1,-1,-1,-1,-1,-1,-1
2018010101200,1,9,0,18,0,1,0,0,0,0,4,1,6,1,34,6,1896,2,16,4,1,4
2018010101200,2,9,0,18,0,1,0,0,0,0,2,1,6,1,70,10,1339,1,12,3,1,3
2018010101200,3,9,0,18,0,1,0,0,0,0,0,1,6,1,25,5,1596,1,5,9,1,9
2018010101210,1,9,0,9,0,1,0,0,0,0,1,1,6,1,26,6,1086,1,13,2,1,2
2018010101210,2,9,0,4,0,1,0,0,0,0,1,1,6,1,52,8,1997,2,3,8,1,8
2018010101210,3,1,0,4,0,1,0,0,0,0,1,1,6,1,25,5,-1,-1,-1,4,1,4
2018010101212,1,1,-1,-1,-1,-1,-1,-1,-1,-1,-1,1,2,1,28,6,-1,-1,-1,2,1,2
2018010101212,2,9,0,-1,-1,-1,-1,-1,-1,-1,1,-1,6,1,24,5,1686,2,6,4,1,4
2018010101214,1,9,0,9,0,2,0,0,0,0,1,1,2,2,34,6,1198,1,7,1,1,1
2018010101214,2,3,0,14,0,1,0,0,0,0,1,1,2,1,29,6,124,1,2,5,1,5
2018010101215,1,11,0,18,0,0,0,0,0,0,4,1,1,1,71,10,9360,2,5,7,3,7
2018010101215,2,1,0,12,0,0,0,0,0,0,3,1,6,2,48,8,-1,-1,-1,7,1,7
2018010101216,1,9,0,10,0,1,0,0,0,0,2,1,6,1,31,6,2982,2,6,7,1,7
2018010101216,2,9,0,18,0,1,0,0,0,0,1,1,6,3,-1,-1,1796,1,14,-1,-1,-1
2018010101218,1,9,0,9,0,2,0,0,0,0,3,1,6,1,38,7,1390,1,6,10,1,10
2018010101218,2,4,0,18,0,1,0,0,0,0,1,1,2,1,50,8,847,1,3,5,1,5
2018010101219,1,8,0,18,0,2,0,0,0,0,2,1,1,1,40,7,1598,2,7,2,1,2
2018010101219,2,9,0,18,0,2,0,0,0,0,1,1,6,3,18,4,1995,2,5,-1,-1,-1
2018010101219,3,9,0,18,0,2,0,0,0,0,3,1,1,1,72,10,1598,2,6,8,1,8
2018010101223,1,9,0,18,0,0,0,0,0,0,1,1,6,3,-1,-1,-1,-1,-1,-1,-1,-1
2018010101228,1,9,0,18,0,3,0,0,0,0,0,1,6,2,39,7,-1,-1,-1,3,1,3
2018010101228,2,2,0,12,0,3,0,0,0,0,1,1,6,1,31,6,125,1,6,4,1,4
2018010101230,1,3,0,18,0,8,0,0,0,0,1,1,1,1,17,4,108,1,3,4,1,4
2018010101230,2,9,0,7,0,8,0,0,0,0,1,1,6,1,63,9,1400,1,13,5,1,5
2018010101233,1,3,0,18,0,1,0,0,0,0,1,1,6,1,17,4,124,1,10,2,1,2
2018010101233,2,9,0,5,0,1,0,0,0,0,1,1,6,1,35,6,1999,1,8,3,1,3
2018010101234,1,1,-1,-1,-1,0,-1,-1,-1,-1,-1,1,6,1,17,4,-1,-1,-1,4,1,4
2018010101238,1,9,0,13,0,1,0,0,0,0,4,2,2,1,71,10,999,1,3,1,1,1
2018010101240,1,9,0,-1,-1,-1,-1,-1,-1,-1,1,-1,6,1,26,6,1968,2,9,3,1,3
2018010101242,1,8,0,4,0,2,0,0,0,0,1,1,2,1,51,8,1997,2,4,10,1,10
2018010101242,2,9,0,4,0,2,0,0,0,0,2,1,6,1,49,8,1769,1,17,2,-1,2
2018010101248,1,9,0,18,0,1,0,0,0,0,1,1,6,3,-1,-1,2143,2,2,-1,-1,-1
2018010101249,1,8,0,18,0,2,0,0,0,0,2,1,1,1,38,7,1560,2,7,2,1,2
2018010101249,2,4,0,13,0,2,0,0,0,0,1,1,6,1,19,4,530,1,4,8,1,8
2018010101250,1,8,0,18,0,0,0,0,0,0,1,1,1,1,45,7,2143,2,5,3,1,3
2018010101250,2,9,0,2,0,0,0,0,0,0,1,2,6,3,-1,-1,1398,2,9,-1,-1,-1
2018010101251,1,9,0,4,0,1,0,0,0,0,1,1,6,1,19,4,2143,2,3,3,1,3
2018010101251,2,9,0,4,0,1,0,4,0,0,1,1,6,1,29,6,1395,1,-1,4,1,4
2018010101252,1,9,0,5,0,0,0,0,0,0,1,1,6,1,34,6,1997,2,9,4,1,4
2018010101252,2,9,0,5,0,0,0,0,0,0,1,1,6,2,48,8,1390,1,10,6,1,6
2018010101252,3,9,0,5,0,0,0,0,0,0,1,1,6,2,20,4,998,1,10,4,1,4
2018010101252,4,9,0,5,0,0,0,0,0,0,2,1,6,1,19,4,1364,1,9,3,1,3
2018010101254,1,9,0,18,0,0,0,0,0,0,1,1,1,1,53,8,-1,-1,-1,4,1,4
2018010101254,2,9,0,4,0,0,0,0,1,7,2,1,6,1,47,8,1560,2,3,4,1,4
2018010101256,1,9,0,18,0,8,0,0,0,0,1,2,2,1,27,6,-1,-1,-1,3,1,3
2018010101256,2,8,0,18,0,8,0,0,0,0,3,1,1,1,40,7,1968,2,3,7,-1,7
2018010101258,1,5,0,18,0,0,0,0,0,0,2,1,2,1,60,9,1052,1,23,8,1,8
2018010101258,2,9,0,12,0,0,0,0,0,0,1,1,2,1,45,7,-1,-1,-1,9,1,9
2018010101262,1,9,0,12,0,0,0,0,0,0,3,2,2,2,26,6,1995,2,4,6,1,6
2018010101262,2,3,0,18,0,0,0,0,0,0,0,1,2,1,22,5,124,1,10,4,1,4
2018010101265,1,9,0,18,0,0,0,0,0,0,1,1,6,1,53,8,1796,1,7,3,1,3
2018010101265,2,9,0,18,0,0,0,0,0,0,-1,1,6,1,-1,-1,2967,2,4,2,1,2
2018010101267,1,9,0,18,0,0,0,0,0,0,4,-1,6,2,39,7,1598,1,5,3,1,3
2018010101267,2,9,-1,15,0,0,0,0,0,0,3,-1,6,3,-1,-1,1461,2,6,-1,-1,-1
2018010101270,1,9,0,1,0,8,0,0,0,0,2,1,6,3,-1,-1,-1,-1,-1,-1,-1,-1
2018010101275,1,9,0,9,4,8,0,0,0,0,4,1,2,1,71,10,2184,2,14,4,1,4
2018010101275,2,90,0,18,4,8,0,0,0,0,1,1,2,1,28,6,-1,-1,-1,2,1,2
2018010101284,1,9,0,18,0,8,0,0,0,0,3,1,6,2,41,7,2204,2,12,-1,-1,-1
2018010101284,2,19,0,18,0,8,0,0,0,0,1,1,6,3,-1,-1,1870,2,14,-1,-1,-1
2018010101291,1,19,-1,18,0,0,0,0,0,0,-1,1,6,3,-1,-1,-1,-1,-1,-1,-1,-1
2018010101298,1,9,0,3,0,1,0,0,0,0,2,-1,6,3,-1,-1,-1,-1,-1,-1,-1,-1
2018010101298,2,9,0,18,0,1,0,0,0,0,1,-1,6,3,-1,-1,1598,2,5,-1,-1,-1
2018010101301,1,19,-1,18,-1,0,-1,-1,-1,-1,-1,-1,6,1,48,8,1560,2,1,-1,1,-1
2018010101301,2,9,-1,18,-1,0,5,-1,-1,-1,-1,-1,6,3,-1,-1,1197,1,3,-1,-1,-1
2018010101308,1,9,-1,-1,0,0,-1,-1,0,0,-1,-1,6,1,-1,-1,-1,-1,-1,-1,-1,-1
2018010101316,1,9,0,-1,-1,-1,-1,-1,-1,-1,-1,-1,6,1,24,5,1968,2,9,3,1,3
2018010101316,2,9,0,-1,-1,-1,-1,-1,-1,-1,1,-1,6,3,-1,-1,1999,1,5,-1,-1,-1
2018010101317,1,9,0,3,0,6,0,0,0,0,3,1,6,2,35,6,1896,2,12,4,1,4
2018010101317,2,5,0,18,0,1,1,0,0,0,1,1,6,1,-1,-1,-1,-1,-1,2,1,2
2018010101320,1,9,0,9,0,1,0,0,0,0,1,1,6,1,23,5,1497,8,1,2,1,2
2018010101320,2,11,0,18,0,8,0,0,0,0,1,1,1,1,52,8,4500,2,8,3,1,3
2018010101323,1,9,0,3,0,1,0,0,0,0,2,1,6,1,50,8,1798,8,1,3,1,3
2018010101323,2,1,0,5,0,1,0,0,0,0,1,1,2,1,55,8,-1,-1,-1,6,1,6
2018010101326,1,3,0,3,0,8,1,-1,0,0,1,1,6,1,21,5,124,1,8,3,1,3
2018010101326,2,9,-1,7,0,8,0,-1,-1,-1,1,-1,6,3,-1,-1,-1,-1,-1,-1,-1,-1
2018010101337,1,9,0,-1,-1,-1,0,-1,-1,-1,-1,-1,6,3,-1,-1,1598,2,4,-1,-1,-1
2018010101338,1,9,-1,18,-1,8,-1,0,0,0,-1,-1,6,3,-1,-1,-1,-1,-1,-1,-1,-1
2018010101341,1,9,0,18,0,8,0,0,0,0,1,-1,6,1,34,6,1968,2,2,5,1,5
2018010101350,1,9,0,18,0,0,0,0,0,0,1,1,6,3,-1,-1,-1,-1,-1,-1,-1,-1
2018010101353,1,8,0,-1,-1,-1,-1,-1,-1,-1,-1,-1,6,1,51,8,2179,2,6,3,1,3
2018010101353,2,90,0,-1,-1,-1,-1,-1,-1,-1,-1,-1,6,1,-1,-1,-1,-1,-1,-1,-1,-1
2018010101357,1,9,0,18,0,1,0,0,0,0,3,1,6,1,29,6,1596,1,11,6,1,6
2018010101357,2,1,0,13,0,1,0,0,0,0,1,1,2,1,33,6,-1,-1,-1,5,1,5
2018010101359,1,11,0,5,2,1,0,0,0,0,0,1,1,1,45,7,4500,2,2,2,1,2
2018010101360,1,9,0,18,0,1,0,0,0,0,1,-1,6,3,-1,-1,-1,-1,-1,-1,-1,-1
2018010101363,1,1,-1,-1,-1,-1,-1,-1,-1,-1,2,1,2,1,34,6,-1,-1,-1,2,1,2
2018010101363,2,9,0,-1,-1,-1,-1,-1,-1,-1,1,-1,6,1,-1,-1,1797,1,6,-1,-1,-1
2018010101370,1,9,0,-1,-1,-1,-1,-1,-1,-1,1,-1,6,1,60,9,1998,2,14,9,1,9
2018010101370,2,9,0,18,0,8,0,0,0,0,2,1,6,1,37,7,1798,8,6,4,1,4
2018010101372,1,9,0,-1,-1,-1,-1,-1,-1,-1,-1,-1,6,1,37,7,1968,2,7,5,1,5
2018010101372,2,9,0,-1,-1,-1,-1,-1,-1,-1,-1,-1,6,1,-1,-1,1242,1,9,2,1,2
2018010101376,1,9,0,18,0,0,0,0,0,0,1,1,6,1,20,4,3311,8,13,2,1,2
2018010101376,2,9,0,7,8,0,0,0,0,0,4,1,6,2,28,6,1496,2,1,3,1,3
2018010101376,3,9,0,2,0,0,0,0,0,0,2,1,6,3,-1,-1,1956,2,7,-1,-1,-1
2018010101381,1,9,0,-1,-1,0,-1,-1,-1,-1,1,-1,2,2,41,7,1398,1,5,4,1,4
2018010101381,2,9,0,-1,-1,0,-1,-1,-1,-1,2,-1,6,2,-1,-1,1461,2,1,-1,-1,-1
2018010101382,1,9,0,9,0,6,0,0,0,0,4,1,6,1,31,6,1991,1,2,2,1,2
2018010101389,1,9,0,-1,-1,-1,-1,-1,-1,-1,2,-1,2,2,35,6,1461,2,2,2,1,2
2018010101389,2,19,0,-1,-1,-1,-1,-1,-1,-1,2,-1,6,1,-1,-1,2198,2,3,2,1,2
2018010101391,1,9,0,18,0,1,0,0,0,0,3,1,6,1,38,7,2179,2,4,2,1,2
2018010101391,2,9,0,9,0,5,0,0,0,0,1,1,6,2,66,10,1198,1,7,8,1,8
2018010101393,1,9,0,16,0,2,0,0,0,0,3,1,2,1,47,8,-1,-1,-1,2,1,2
2018010101393,2,1,0,11,0,2,0,0,0,0,1,1,2,1,35,6,-1,-1,-1,4,1,4
2018010101395,1,9,0,4,0,0,0,0,0,0,4,1,6,2,54,8,1598,1,16,9,1,9
2018010101396,1,9,0,18,0,4,0,0,0,0,1,1,1,2,46,8,1796,1,14,2,1,2
2018010101396,2,11,0,5,0,1,0,0,0,0,2,1,1,1,36,7,6700,2,7,3,1,3
2018010101397,1,9,0,15,0,2,0,0,0,0,3,1,6,2,88,11,1395,1,5,9,1,9
2018010101397,2,8,0,18,0,2,0,0,0,0,3,1,1,1,47,8,2143,2,5,2,1,2
2018010101398,1,8,0,18,0,1,0,0,0,0,1,1,1,1,44,7,2499,2,3,4,1,4
2018010101401,1,1,0,-1,0,2,0,8,0,0,1,1,2,1,30,6,-1,-1,-1,3,1,3
2018010101401,2,19,0,2,0,2,0,0,0,0,3,-1,6,3,-1,-1,1598,2,1,-1,-1,-1
2018010101405,1,9,0,7,0,5,0,0,0,0,4,1,6,1,31,6,1390,1,9,2,1,2
2018010101405,2,4,0,15,0,1,0,0,0,0,1,1,6,1,26,6,125,1,11,3,1,3
2018010101406,1,9,0,18,0,0,0,0,0,0,2,1,6,1,22,5,1968,2,10,9,1,9
2018010101406,2,9,0,18,0,0,0,0,0,0,1,1,6,1,28,6,-1,-1,-1,1,1,1
2018010101410,1,9,0,-1,-1,-1,-1,-1,-1,-1,2,-1,6,2,22,5,1229,1,11,3,1,3
2018010101410,2,9,0,-1,-1,-1,-1,-1,-1,-1,1,-1,6,1,-1,-1,1242,1,7,-1,-1,-1
2018010101413,1,9,0,4,0,0,0,0,0,0,0,1,6,2,61,9,999,1,2,5,1,5
2018010101416,1,9,0,3,0,1,0,0,0,0,2,1,6,2,27,6,1995,1,7,8,1,8
2018010101416,2,9,0,4,0,1,0,0,0,0,1,1,6,3,-1,-1,2494,1,13,-1,-1,-1
2018010101417,1,9,0,18,0,8,0,0,1,0,1,1,6,3,-1,-1,-1,-1,-1,-1,-1,-1
2018010101419,1,9,0,18,0,0,0,0,0,0,1,1,1,1,28,6,-1,-1,-1,-1,-1,-1
2018010101420,1,9,0,18,0,1,0,0,0,0,1,1,6,1,28,6,-1,-1,-1,-1,-1,-1
2018010101420,2,9,0,18,0,1,0,0,0,0,1,1,6,1,35,6,1995,2,5,4,1,4
2018010101420,3,9,0,18,0,2,0,0,0,0,1,2,6,1,27,6,2143,2,3,1,1,1
2018010101421,1,9,0,18,0,2,0,0,0,0,1,1,6,1,26,6,1595,1,2,2,1,2
2018010101422,1,9,0,-1,-1,-1,-1,-1,-1,-1,2,-1,6,1,45,7,2993,2,8,2,1,2
2018010101422,2,9,0,-1,-1,-1,-1,-1,-1,-1,1,-1,6,1,-1,-1,1968,2,12,2,1,2
2018010101423,1,9,0,10,0,1,0,0,0,0,1,1,2,1,48,8,4806,1,7,5,1,5
2018010101423,2,2,0,14,0,8,0,0,0,0,1,1,2,1,41,7,49,1,9,4,1,4
2018010101424,1,9,0,17,0,1,0,0,0,0,1,1,2,1,39,7,1598,1,13,2,1,2
2018010101428,1,1,-1,-1,-1,-1,-1,-1,-1,-1,1,1,6,1,22,5,-1,-1,-1,9,1,9
2018010101428,2,19,0,-1,-1,-1,-1,-1,-1,-1,-1,-1,6,1,22,5,1560,2,4,8,1,8
2018010101434,1,90,0,18,0,1,0,0,0,0,1,1,1,1,42,7,2970,2,5,2,1,2
2018010101434,2,9,0,4,0,1,0,0,0,0,2,1,2,1,49,8,-1,-1,-1,3,1,3
2018010101435,1,9,0,18,0,1,0,0,0,0,1,1,6,1,19,4,-1,-1,-1,3,1,3
2018010101435,2,9,0,1,0,1,0,0,0,0,1,1,6,1,34,6,1197,1,-1,2,1,2
2018010101435,3,9,0,18,0,1,0,0,0,0,4,1,6,3,-1,-1,1596,1,13,-1,-1,-1
2018010101442,1,9,0,-1,-1,-1,-1,-1,-1,-1,-1,-1,6,1,37,7,2000,2,7,1,1,1
2018010101442,2,90,0,-1,-1,-1,-1,-1,-1,-1,-1,-1,6,2,30,6,-1,-1,-1,10,1,10
2018010101449,1,9,0,4,0,1,0,0,0,0,0,2,1,1,32,6,1560,2,4,4,1,4
2018010101449,2,19,0,18,0,8,0,0,7,0,1,2,2,1,36,7,1560,2,2,6,-1,6
2018010101449,3,9,0,18,0,8,0,0,7,0,3,2,6,3,-1,-1,2993,2,14,-1,-1,-1
2018010101451,1,8,0,3,4,2,0,0,0,0,0,1,1,1,36,7,1560,2,7,2,1,2
2018010101451,2,1,0,14,4,1,0,4,0,0,1,1,6,1,31,6,-1,-1,-1,1,1,1
2018010101453,1,1,0,18,0,1,0,0,0,0,4,1,2,1,50,8,-1,-1,-1,3,1,3
2018010101453,2,9,0,5,0,6,0,0,0,0,1,1,2,2,37,7,1998,1,11,2,1,2
2018010101454,1,9,0,9,0,1,0,0,0,0,4,1,6,1,31,6,1995,2,7,2,1,2
2018010101454,2,2,0,18,0,1,0,0,0,0,1,1,1,1,22,5,125,1,1,-1,-1,-1
2018010101456,1,9,0,18,0,0,0,0,0,0,2,1,2,1,34,6,1995,2,6,2,1,2
2018010101456,2,19,0,18,0,0,0,0,0,0,1,1,6,3,-1,-1,-1,-1,-1,-1,-1,-1
2018010101459,1,9,0,18,0,1,0,0,0,0,3,1,1,1,45,7,1995,2,6,5,1,5
2018010101459,2,3,0,14,0,1,0,0,0,0,3,1,1,1,38,7,125,1,12,6,1,6
2018010101460,1,19,0,4,0,0,0,0,0,0,2,1,1,1,28,6,2287,2,1,2,1,2
2018010101460,2,19,0,18,0,0,0,0,0,0,1,1,1,1,37,7,2151,2,14,2,1,2
2018010101471,1,9,0,18,0,0,0,0,0,0,1,1,2,1,27,6,-1,-1,-1,2,1,2
2018010101471,2,4,0,18,0,0,0,0,0,0,2,1,2,1,35,6,645,1,6,8,1,8
2018010101487,1,4,0,-1,-1,0,-1,-1,-1,-1,1,1,6,1,33,6,-1,-1,-1,9,1,9
2018010101487,2,9,0,-1,-1,0,-1,-1,-1,-1,2,-1,6,2,21,5,1242,1,8,9,1,9
2018010101499,1,21,0,1,0,0,0,0,0,0,2,1,1,1,49,8,6700,2,1,2,1,2
2018010101500,1,9,0,2,0,0,0,0,0,0,2,1,6,3,-1,-1,2143,2,8,-1,-1,-1
2018010101500,2,19,0,18,0,0,0,0,0,0,-1,1,6,1,-1,-1,-1,-1,-1,-1,-1,-1
2018010101512,1,9,0,9,0,0,0,0,0,0,1,1,6,1,38,7,2987,2,11,6,1,6
2018010101512,2,4,0,17,0,0,0,0,0,0,3,1,6,1,37,7,471,1,1,2,1,2
2018010101518,1,9,0,12,0,1,0,0,0,0,3,1,6,1,25,5,1685,2,5,5,1,5