Accident_Index,Vehicle_Reference,Vehicle_Type,Towing_and_Articulation,Vehicle_Manoeuvre,Vehicle_Location-Restricted_Lane,Junction_Location,Skidding_and_Overturning,Hit_Object_in_Carriageway,Vehicle_Leaving_Carriageway,Hit_Object_off_Carriageway,1st_Point_of_Impact,Was_Vehicle_Left_Hand_Drive?,Journey_Purpose_of_Driver,Sex_of_Driver,Age_of_Driver,Age_Band_of_Driver,Engine_Capacity_(CC),Propulsion_Code,Age_of_Vehicle,Driver_IMD_Decile,Driver_Home_Area_Type,Vehicle_IMD_Decile
2018010101518,2,9,0,18,0,1,5,0,0,0,4,1,6,2,23,5,1598,2,1,8,1,8
2018010101520,1,3,0,-1,-1,0,-1,-1,-1,-1,-1,1,6,1,27,6,124,1,12,2,1,2
2018010101520,2,9,0,-1,-1,0,-1,-1,-1,-1,-1,-1,6,3,-1,-1,-1,-1,-1,-1,-1,-1
2018010101521,1,19,0,18,0,1,0,0,0,0,1,1,1,1,35,6,2143,2,5,1,1,1
2018010101521,2,9,0,7,0,1,0,0,0,0,2,1,6,1,56,9,2494,8,-1,3,1,3
2018010101523,1,9,0,18,0,1,0,0,0,0,1,1,6,1,44,7,2494,1,20,9,1,9
2018010101523,2,9,0,3,0,1,0,0,0,0,2,1,6,1,33,6,1991,2,8,5,1,5
2018010101528,1,4,0,3,0,1,0,0,3,10,2,1,6,1,50,8,599,1,21,2,1,2
2018010101528,2,9,0,5,0,1,0,0,0,0,1,1,6,1,34,6,1995,2,6,8,1,8
2018010101529,1,3,0,18,0,1,0,0,0,0,1,1,2,1,26,6,124,1,7,3,1,3
2018010101531,1,9,0,18,7,7,0,0,0,0,1,1,6,2,31,6,1598,1,12,2,1,2
2018010101531,2,4,0,18,6,8,0,0,0,0,1,1,6,1,28,6,645,1,9,2,1,2
2018010101533,1,11,0,4,2,0,0,0,0,0,0,1,1,1,63,9,9360,2,7,3,1,3
2018010101535,1,9,0,18,0,0,0,0,0,0,1,1,6,1,-1,-1,-1,-1,-1,7,1,7
2018010101535,2,5,0,3,0,0,0,0,0,0,0,1,1,1,44,7,1170,1,6,3,1,3
2018010101536,1,3,0,15,9,0,0,0,0,10,1,1,6,3,-1,-1,-1,-1,-1,-1,-1,-1
2018010101537,1,21,0,14,0,0,0,0,0,0,3,1,1,2,30,6,-1,-1,-1,9,1,9
2018010101541,1,1,-1,-1,-1,-1,-1,-1,-1,-1,1,1,2,1,29,6,-1,-1,-1,5,1,5
2018010101541,2,9,0,-1,-1,-1,-1,-1,-1,-1,-1,-1,6,1,-1,-1,1398,2,14,-1,-1,-1
2018010101543,1,1,-1,-1,9,0,-1,-1,-1,-1,1,1,4,1,11,3,-1,-1,-1,8,1,8
2018010101543,2,1,-1,-1,-1,0,-1,-1,-1,-1,1,1,4,1,12,3,-1,-1,-1,10,1,10
2018010101543,3,19,-1,-1,9,0,-1,-1,-1,-1,1,-1,6,3,-1,-1,2198,2,2,-1,-1,-1
2018010101545,1,9,0,9,0,5,0,11,0,0,1,1,6,1,70,10,1797,8,6,1,1,1
2018010101545,2,1,0,18,0,1,0,0,0,0,0,1,6,1,35,6,-1,-1,-1,4,1,4
2018010101547,1,8,0,9,0,1,5,0,0,0,3,1,6,1,51,8,1797,8,8,5,1,5
2018010101552,1,9,0,14,0,0,0,4,0,0,4,1,6,2,74,10,998,1,7,2,1,2
2018010101552,2,9,0,3,0,0,0,0,0,0,1,1,1,1,24,5,-1,-1,-1,2,1,2
2018010101552,3,19,0,2,0,0,0,0,0,0,2,1,6,3,-1,-1,2198,2,3,-1,-1,-1
2018010101562,1,3,0,-1,-1,-1,-1,-1,-1,-1,1,1,6,1,29,6,108,1,8,4,1,4
2018010101562,2,9,0,-1,-1,-1,-1,-1,-1,-1,-1,-1,6,2,27,6,1598,1,4,4,1,4
2018010101567,1,4,0,-1,-1,1,-1,-1,-1,-1,1,1,6,1,-1,-1,249,1,26,2,1,2
2018010101567,2,9,0,-1,-1,2,-1,-1,-1,-1,-1,-1,6,1,-1,-1,1968,2,6,3,1,3
2018010101568,1,9,0,-1,-1,0,0,-1,-1,-1,-1,-1,6,2,-1,-1,1598,1,5,3,1,3
2018010101570,1,11,0,7,0,5,0,0,0,0,4,1,1,1,52,8,7300,2,14,1,1,1
2018010101570,2,5,0,15,2,1,0,0,0,0,2,1,2,1,31,6,-1,-1,-1,4,1,4
2018010101573,1,8,-1,-1,-1,0,-1,-1,-1,-1,-1,-1,1,3,-1,-1,-1,-1,-1,-1,-1,-1
2018010101576,1,5,0,18,0,8,0,0,0,0,4,1,6,1,49,8,689,1,4,1,1,1
2018010101576,2,9,0,9,0,8,0,0,0,0,1,1,6,2,55,8,1598,1,17,4,1,4
2018010101581,1,8,0,9,0,1,0,0,0,0,2,1,1,1,35,6,1997,2,5,5,1,5
2018010101581,2,9,0,18,0,1,0,0,0,0,1,1,6,3,-1,-1,2143,2,2,-1,-1,-1
2018010101581,3,9,0,1,0,1,0,0,0,0,0,1,6,1,58,9,1598,2,7,8,1,8
2018010101586,1,1,0,18,0,8,0,0,0,0,4,1,6,1,30,6,-1,-1,-1,10,1,10
2018010101586,2,19,0,7,0,6,0,0,0,0,1,1,2,1,54,8,1560,2,2,6,1,6
2018010101588,1,5,0,18,0,0,1,0,0,0,1,1,2,1,54,8,883,1,7,3,1,3
2018010101588,2,9,0,6,0,0,0,0,0,0,2,1,6,1,28,6,1395,1,-1,3,1,3
2018010101595,1,3,0,17,0,0,0,10,1,0,1,1,6,1,16,4,-1,-1,-1,2,1,2
2018010101596,1,11,0,3,0,1,0,0,0,0,0,1,1,1,26,6,5132,2,3,2,1,2
2018010101598,1,8,0,18,0,8,0,0,0,0,1,1,1,1,39,7,1798,8,2,5,1,5
2018010101598,2,1,0,15,0,8,0,0,0,0,1,1,2,1,49,8,-1,-1,-1,4,1,4
2018010101602,1,1,-1,-1,-1,-1,-1,-1,-1,-1,2,1,6,2,35,6,-1,-1,-1,6,1,6
2018010101602,2,9,0,-1,-1,-1,-1,-1,-1,-1,1,-1,6,1,-1,-1,-1,-1,-1,-1,-1,-1
2018010101603,1,9,0,18,9,8,0,10,2,10,1,1,6,1,82,11,1248,1,7,7,1,7
2018010101603,2,9,0,2,0,8,0,0,0,0,2,1,6,3,-1,-1,-1,-1,-1,-1,-1,-1
2018010101603,3,9,0,9,0,6,0,0,0,0,0,1,6,3,-1,-1,-1,-1,-1,-1,-1,-1
2018010101607,1,9,0,15,8,6,0,6,0,0,1,1,6,2,56,9,1299,1,13,2,1,2
2018010101609,1,9,0,10,0,1,0,0,0,0,3,1,6,1,34,6,1229,1,8,6,1,6
2018010101609,2,1,0,18,0,1,0,0,0,0,1,1,6,1,59,9,-1,-1,-1,2,1,2
2018010101610,1,9,0,16,9,1,0,10,7,0,1,1,6,1,21,5,1968,2,13,2,1,2
2018010101611,1,9,0,16,0,3,0,0,0,0,1,1,6,2,48,8,1598,1,6,10,1,10
2018010101615,1,9,0,18,0,0,0,0,0,0,2,2,6,1,48,8,-1,-1,-1,-1,-1,-1
2018010101615,2,9,0,18,0,0,0,0,0,0,2,1,6,1,38,7,1242,1,12,5,1,5
2018010101615,3,9,0,18,0,0,0,0,0,0,1,1,2,2,32,6,998,1,5,8,1,8
2018010101617,1,9,0,18,0,5,0,0,0,0,4,1,6,1,91,11,989,1,13,8,1,8
2018010101617,2,9,0,18,0,4,0,0,0,0,3,1,6,1,37,7,1248,1,5,8,1,8
2018010101620,1,8,0,5,0,1,0,0,0,0,1,1,6,1,37,7,2143,2,5,5,1,5
2018010101621,1,9,0,5,0,0,0,0,0,0,3,1,6,2,41,7,1198,1,14,5,1,5
2018010101621,2,9,0,5,0,0,0,0,0,0,4,1,6,3,18,4,999,1,2,2,1,2
2018010101621,3,9,0,5,0,0,0,0,0,0,0,1,6,1,18,4,999,1,10,2,1,2
2018010101622,1,9,0,9,0,5,0,0,0,0,1,1,6,1,37,7,1596,1,14,6,1,6
2018010101622,2,3,0,18,0,8,2,0,0,0,2,1,6,1,38,7,-1,-1,-1,-1,-1,-1
2018010101624,1,9,0,9,0,8,0,0,0,0,1,1,6,2,46,8,1368,1,5,-1,-1,-1
2018010101624,2,1,0,18,0,1,0,0,0,0,1,1,2,1,49,8,-1,-1,-1,2,1,2
2018010101628,1,9,0,5,0,1,0,0,0,0,1,1,6,1,25,5,998,1,3,-1,-1,-1
2018010101628,2,9,0,3,0,1,0,0,0,0,2,1,6,1,39,7,1798,8,3,4,1,4
2018010101628,3,9,0,5,0,1,0,0,0,0,1,1,6,3,-1,-1,1995,2,5,-1,-1,-1
2018010101633,1,9,0,-1,-1,-1,-1,-1,-1,-1,2,-1,6,1,35,6,1796,1,12,2,1,2
2018010101635,1,9,0,17,0,8,0,0,0,0,1,1,6,1,33,6,2184,2,15,2,1,2
2018010101638,1,9,0,18,0,1,0,0,0,0,2,1,6,1,23,5,1995,2,1,3,1,3
2018010101638,2,9,0,18,0,1,0,0,0,0,2,1,6,1,47,8,1950,2,1,2,1,2
2018010101638,3,8,0,18,0,1,0,0,0,0,1,1,1,1,64,9,1497,8,10,3,1,3
2018010101640,1,9,0,18,0,0,0,0,0,0,4,2,6,1,38,7,1598,2,4,5,1,5
2018010101641,1,8,0,-1,-1,-1,-1,-1,-1,-1,-1,-1,6,1,34,6,1797,8,8,1,1,1
2018010101641,2,11,0,-1,-1,-1,-1,-1,-1,-1,-1,-1,6,1,-1,-1,4500,2,1,-1,-1,-1
2018010101642,1,8,0,-1,-1,-1,-1,-1,-1,-1,-1,-1,6,1,39,7,1910,2,9,2,1,2
2018010101642,2,9,0,-1,-1,-1,-1,-1,-1,-1,2,-1,6,1,-1,-1,1229,1,4,5,1,5
2018010101645,1,1,-1,-1,-1,-1,-1,-1,-1,-1,-1,1,2,1,40,7,-1,-1,-1,4,1,4
2018010101645,2,9,0,-1,-1,-1,-1,-1,-1,-1,1,-1,6,1,-1,-1,-1,-1,-1,-1,-1,-1
2018010101649,1,5,0,18,0,2,1,0,0,0,3,1,2,1,43,7,-1,-1,-1,3,1,3
2018010101653,1,9,0,18,0,0,0,0,0,0,4,1,6,2,55,8,1242,1,8,8,1,8
2018010101656,1,9,0,9,0,0,0,0,0,0,3,1,1,1,37,7,1797,8,7,-1,-1,-1
2018010101656,2,3,0,18,0,0,0,0,0,0,1,1,6,1,36,7,108,1,7,-1,-1,-1
2018010101657,1,9,0,18,0,0,0,0,0,0,1,1,6,1,22,5,1995,2,-1,4,1,4
2018010101657,2,9,0,18,0,0,0,7,0,0,2,1,6,1,39,7,1396,1,18,4,1,4
2018010101658,1,9,0,18,0,1,0,4,0,0,1,1,6,1,32,6,1598,2,4,5,1,5
2018010101658,2,9,0,4,0,4,0,0,0,0,2,1,6,1,25,5,-1,-1,-1,5,1,5
2018010101659,1,11,0,9,2,5,0,0,0,0,0,1,6,1,57,9,-1,-1,-1,9,1,9
2018010101663,1,8,0,5,0,4,0,0,3,0,1,1,1,1,32,6,2993,2,1,4,1,4
2018010101663,2,9,0,16,0,3,0,0,3,0,1,1,6,1,42,7,2148,2,12,6,1,6
2018010101664,1,9,0,-1,-1,-1,-1,-1,-1,-1,2,-1,6,1,36,7,1797,8,8,6,1,6
2018010101664,2,9,0,-1,-1,-1,-1,-1,-1,-1,1,-1,6,3,-1,-1,-1,-1,-1,-1,-1,-1
2018010101665,1,2,0,18,0,6,0,0,0,0,1,1,6,1,20,4,125,1,7,6,1,6
2018010101665,2,9,0,6,0,6,0,0,0,0,3,1,6,2,26,6,1248,1,1,10,1,10
2018010101665,3,9,0,18,0,8,0,0,0,0,0,1,6,2,23,5,1598,2,1,10,1,10
2018010101666,1,9,0,18,0,2,1,0,0,0,1,1,6,1,22,5,1399,2,8,9,1,9
2018010101667,1,9,0,17,0,2,0,0,0,0,1,1,6,2,29,6,2143,2,5,2,1,2
2018010101671,1,9,0,18,0,1,2,4,0,0,1,1,6,1,21,5,1398,2,4,3,1,3
2018010101671,2,9,0,2,0,1,0,0,3,0,2,1,6,3,-1,-1,1368,1,3,-1,-1,-1
2018010101671,3,9,0,2,0,1,0,0,0,0,2,1,6,3,-1,-1,1956,2,4,-1,-1,-1
2018010101673,1,9,0,13,0,2,0,0,0,0,2,1,6,2,45,7,-1,-1,-1,9,1,9
2018010101673,2,1,0,5,0,2,0,0,0,0,0,1,6,1,27,6,-1,-1,-1,2,1,2
2018010101678,1,1,-1,-1,-1,-1,-1,-1,-1,-1,-1,1,2,2,23,5,-1,-1,-1,5,1,5
2018010101678,2,19,0,-1,-1,-1,-1,-1,-1,-1,1,-1,6,3,-1,-1,-1,-1,-1,-1,-1,-1
2018010101679,1,9,0,18,0,8,0,0,0,0,1,1,6,1,31,6,-1,-1,-1,9,1,9
2018010101679,2,1,0,18,0,7,0,0,0,0,1,1,1,1,31,6,-1,-1,-1,8,1,8
2018010101680,1,1,-1,-1,-1,-1,-1,-1,-1,-1,0,1,2,1,43,7,-1,-1,-1,10,1,10
2018010101680,2,9,0,-1,-1,-1,-1,-1,-1,-1,0,-1,6,1,43,7,5461,1,3,9,3,9
2018010101681,1,9,0,13,0,0,0,0,0,0,4,1,2,1,38,7,2979,1,-1,2,1,2
2018010101681,2,9,0,13,0,0,0,0,0,0,1,1,2,1,51,8,1781,1,15,9,1,9
2018010101681,3,11,0,18,0,0,0,0,1,4,3,1,1,2,48,8,5132,2,1,3,1,3
2018010101682,1,9,0,18,0,4,0,0,0,0,3,1,6,1,54,8,2495,1,13,9,1,9
2018010101682,2,1,0,18,0,8,0,0,0,0,1,1,6,1,48,8,-1,-1,-1,6,1,6
2018010101688,1,3,0,18,0,1,0,10,0,0,0,1,2,1,29,6,125,1,6,1,1,1
2018010101688,2,17,4,7,0,5,0,0,0,0,0,1,1,1,53,8,-1,-1,-1,2,1,2
2018010101697,1,9,0,-1,-1,-1,-1,-1,-1,-1,-1,-1,6,2,38,7,1388,1,7,6,1,6
2018010101697,2,9,0,-1,-1,-1,-1,-1,-1,-1,1,-1,6,1,-1,-1,2993,2,14,5,1,5
2018010101700,1,1,-1,-1,-1,-1,-1,-1,-1,-1,-1,1,6,1,26,6,-1,-1,-1,2,1,2
2018010101702,1,9,0,4,0,1,0,0,0,0,2,1,6,2,78,11,1242,1,5,5,1,5
2018010101702,2,9,0,11,0,1,0,0,0,0,1,1,6,1,84,11,998,1,3,4,1,4
2018010101706,1,8,0,9,0,6,0,0,0,0,1,1,1,1,51,8,2402,2,14,4,1,4
2018010101706,2,1,0,18,0,8,0,0,0,0,3,1,6,1,14,3,-1,-1,-1,3,1,3
2018010101710,1,9,0,3,0,2,0,0,0,0,2,1,1,1,37,7,-1,-1,-1,-1,-1,-1
2018010101710,2,1,0,18,0,2,0,0,0,0,1,1,2,1,27,6,-1,-1,-1,5,1,5
2018010101712,1,9,0,9,0,8,0,0,0,0,4,1,6,2,69,10,1498,1,10,6,1,6
2018010101712,2,9,0,18,0,8,0,0,0,0,1,1,6,1,28,6,1995,2,7,6,1,6
2018010101715,1,9,0,18,0,0,0,0,0,0,1,1,6,1,55,8,1991,2,12,3,1,3
2018010101722,1,9,0,4,7,0,0,11,1,0,1,1,6,1,54,8,1242,1,2,6,1,6
2018010101723,1,1,0,4,9,8,0,0,0,0,1,1,6,1,33,6,-1,-1,-1,5,1,5
2018010101725,1,19,0,3,0,1,0,0,0,0,3,1,1,1,51,8,1995,2,2,-1,-1,-1
2018010101725,2,1,0,18,0,1,0,0,0,0,4,1,6,1,22,5,-1,-1,-1,2,1,2
2018010101727,1,1,-1,-1,-1,-1,-1,-1,-1,-1,2,1,6,1,37,7,-1,-1,-1,7,1,7
2018010101727,2,9,0,-1,-1,-1,-1,-1,-1,-1,1,-1,6,1,-1,-1,1591,1,7,-1,-1,-1
2018010101728,1,1,-1,-1,-1,0,-1,-1,-1,-1,-1,1,6,1,51,8,-1,-1,-1,9,1,9
2018010101728,2,9,0,-1,-1,0,-1,-1,-1,-1,-1,-1,6,1,52,8,1198,1,3,5,1,5
2018010101729,1,19,0,18,0,1,0,0,0,0,1,1,2,1,55,8,2198,2,7,3,1,3
2018010101737,1,1,-1,-1,-1,-1,-1,-1,-1,-1,1,1,6,1,34,6,-1,-1,-1,8,1,8
2018010101737,2,9,0,-1,-1,-1,-1,-1,-1,-1,3,-1,6,2,-1,-1,1248,1,6,-1,-1,-1
2018010101738,1,9,0,4,0,0,0,0,0,0,2,1,6,1,50,8,1390,1,19,2,1,2
2018010101738,2,9,0,4,0,0,0,0,0,0,1,1,6,1,29,6,999,1,8,7,1,7
2018010101741,1,9,0,5,0,2,0,0,0,0,1,1,6,2,64,9,1598,1,15,3,1,3
2018010101741,2,9,0,18,0,2,0,0,0,0,1,1,6,1,18,4,1461,2,1,-1,-1,-1
2018010101741,3,9,0,2,0,2,1,0,0,0,3,1,6,3,-1,-1,1364,1,10,-1,-1,-1
2018010101742,1,3,0,13,0,8,0,0,0,0,1,1,6,1,35,6,124,1,3,2,1,2
2018010101742,2,9,0,5,0,2,0,0,0,0,3,1,6,2,29,6,1461,2,3,4,1,4
2018010101743,1,9,0,18,9,0,0,0,0,0,1,1,2,1,50,8,998,1,8,5,1,5
2018010101744,1,9,0,18,0,1,0,0,0,0,1,1,6,1,70,10,1991,1,3,9,1,9
2018010101747,1,9,0,-1,-1,-1,-1,-1,-1,-1,1,-1,6,2,50,8,1461,2,1,1,1,1
2018010101749,1,19,0,4,9,0,0,0,1,0,1,1,1,1,37,7,1995,2,1,7,1,7
2018010101751,1,8,0,-1,-1,0,-1,-1,-1,-1,2,-1,6,1,-1,-1,1798,8,4,-1,-1,-1
2018010101753,1,9,0,4,0,1,0,0,0,0,1,1,6,1,35,6,1200,1,18,5,1,5
2018010101753,2,9,0,4,0,8,0,0,0,0,2,1,6,2,48,8,1329,1,2,4,1,4
2018010101753,3,9,0,3,0,8,0,0,0,0,2,1,6,2,25,5,1364,1,11,5,1,5
2018010101754,1,9,0,7,0,5,0,0,7,0,3,1,1,1,39,7,1598,2,3,5,1,5
2018010101754,2,1,0,7,0,5,0,0,0,0,1,1,6,1,25,5,-1,-1,-1,2,1,2
2018010101755,1,9,0,18,0,0,2,4,0,0,1,1,6,1,48,8,1198,1,4,3,1,3
2018010101755,2,9,0,2,0,0,0,0,0,0,2,1,6,3,-1,-1,1910,2,11,-1,-1,-1
2018010101756,1,9,0,7,0,5,0,0,0,0,2,1,1,1,61,9,1896,2,15,5,1,5
2018010101756,2,4,0,18,0,8,0,10,0,0,1,1,6,1,39,7,499,1,23,8,1,8
2018010101762,1,9,0,18,0,8,0,0,0,0,1,1,6,2,27,6,1461,2,8,8,1,8
2018010101762,2,3,0,13,0,8,0,0,0,0,1,1,2,1,16,4,108,1,2,3,1,3
2018010101763,1,5,0,15,0,8,1,0,1,2,3,1,2,1,24,5,675,1,7,6,1,6
2018010101763,2,8,0,11,0,8,0,0,0,0,4,1,1,1,58,9,2499,2,4,4,1,4
2018010101768,1,9,0,13,0,8,0,0,0,0,4,1,6,2,49,8,1598,1,3,3,1,3
2018010101768,2,1,0,10,0,1,0,0,0,0,3,1,6,2,28,6,-1,-1,-1,3,1,3
2018010101772,1,2,0,9,0,1,2,0,0,0,1,1,6,1,31,6,125,1,2,5,1,5
2018010101772,2,19,0,9,0,1,0,0,0,0,4,1,6,3,-1,-1,-1,-1,-1,-1,-1,-1
2018010101773,1,9,0,7,0,1,0,0,2,10,1,1,6,2,21,5,1242,1,6,3,1,3
2018010101775,1,9,0,18,0,0,0,10,1,7,1,1,2,1,27,6,1998,1,11,3,1,3
2018010101776,1,11,0,18,0,8,0,0,0,0,0,1,1,1,45,7,6692,2,5,7,1,7
2018010101779,1,5,0,18,0,1,5,0,0,0,1,1,6,1,30,6,689,1,1,3,1,3
2018010101779,2,9,0,5,0,1,0,0,0,0,2,1,6,1,57,9,2987,2,2,1,1,1
2018010101784,1,4,0,13,0,0,0,0,7,10,1,1,6,1,56,9,954,1,16,3,1,3
2018010101784,2,9,0,9,0,0,0,0,0,0,3,1,6,1,29,6,1995,2,4,5,1,5
2018010101785,1,9,0,3,0,1,0,0,0,0,2,1,6,2,37,7,1398,2,11,2,1,2
2018010101785,2,9,0,18,0,1,0,0,0,0,1,1,6,1,64,9,1956,2,8,6,1,6
2018010101789,1,9,0,7,0,6,0,0,0,0,1,1,6,3,-1,-1,-1,-1,-1,-1,-1,-1
2018010101791,1,3,5,17,0,1,5,0,0,0,0,1,6,1,19,4,124,1,8,7,1,7
2018010101791,2,9,0,9,0,5,5,0,7,0,2,2,6,1,20,4,1198,1,4,5,1,5
2018010101793,1,9,0,5,0,1,0,0,0,0,3,1,6,1,21,5,1995,2,11,2,1,2
2018010101793,2,9,0,18,0,1,0,0,0,0,1,1,6,2,25,5,1400,1,9,2,1,2
2018010101793,3,9,0,2,0,1,0,0,0,0,4,1,6,3,-1,-1,1364,1,10,-1,-1,-1
2018010101793,4,9,0,2,0,2,0,0,0,0,3,1,6,3,-1,-1,1398,1,6,-1,-1,-1
2018010101795,1,9,0,18,0,2,0,0,0,0,2,1,6,1,50,8,1968,2,11,7,1,7
2018010101795,2,19,0,18,0,3,0,0,0,0,1,1,6,1,30,6,1753,2,12,3,1,3
2018010101795,3,9,0,3,0,2,0,0,0,0,2,1,6,3,-1,-1,2295,1,18,7,1,7
2018010101797,1,3,0,-1,-1,-1,-1,-1,-1,-1,-1,1,6,1,67,10,72,1,-1,6,1,6
2018010101797,2,9,0,-1,-1,-1,-1,-1,-1,-1,-1,-1,6,2,-1,-1,1398,1,4,5,1,5
2018010101801,1,8,0,6,0,2,0,0,0,0,3,1,1,1,28,6,1968,2,3,2,1,2
2018010101801,2,2,0,18,0,2,1,0,0,0,1,1,6,1,22,5,108,1,3,3,1,3
2018010101805,1,9,0,18,0,1,0,4,0,0,1,1,6,2,41,7,1896,2,8,4,1,4
2018010101805,2,9,0,2,0,1,0,0,0,0,1,1,6,3,-1,-1,1999,1,9,-1,-1,-1
2018010101809,1,11,0,18,0,0,0,0,0,0,2,2,1,1,62,9,9360,2,7,5,1,5
2018010101809,2,9,0,18,0,0,0,0,0,0,2,2,6,1,36,7,2967,2,12,7,1,7
2018010101813,1,9,0,18,0,0,0,0,0,0,2,1,6,2,40,7,1197,1,3,5,1,5
2018010101813,2,9,0,18,0,0,0,0,0,0,1,1,6,1,27,6,2494,1,16,4,1,4
2018010101813,3,9,0,18,0,0,0,0,0,0,1,1,6,3,-1,-1,2793,1,19,-1,-1,-1
2018010101814,1,8,0,3,0,8,0,0,0,0,2,1,1,1,49,8,1797,8,9,2,1,2
2018010101814,2,9,0,18,0,8,0,0,0,0,1,1,6,3,-1,-1,6208,1,4,-1,-1,-1
2018010101814,3,9,0,3,0,8,0,0,0,0,2,1,6,1,33,6,1598,2,5,2,1,2
2018010101815,1,9,0,18,0,8,0,0,0,0,2,1,6,2,36,7,1598,1,5,7,-1,7
2018010101815,2,9,0,18,0,8,0,0,0,0,1,1,2,1,41,7,1360,1,15,2,1,2
2018010101815,3,19,0,18,0,8,0,0,0,0,0,1,1,1,38,7,2198,2,3,1,1,1
2018010101816,1,9,0,3,0,1,0,0,0,0,1,1,1,1,44,7,1790,8,4,4,1,4
2018010101816,2,9,0,9,0,1,0,0,0,0,1,1,6,1,30,6,1198,1,4,6,1,6
2018010101817,1,9,0,18,0,1,0,0,0,0,1,1,6,1,24,5,999,1,2,3,1,3
2018010101817,2,9,0,9,0,6,0,0,0,0,3,1,6,1,52,8,1498,1,-1,3,1,3
2018010101818,1,9,0,3,0,1,0,0,0,0,2,1,6,1,36,7,1995,2,4,1,1,1
2018010101818,2,9,0,18,0,1,0,0,0,0,1,1,6,2,28,6,1685,2,2,3,1,3
2018010101819,1,9,0,18,0,8,0,4,0,0,4,1,6,1,62,9,2987,2,10,3,1,3
2018010101819,2,9,0,7,0,8,0,0,0,0,1,1,6,2,21,5,1242,1,1,4,1,4
2018010101819,3,9,0,2,6,1,0,0,0,0,1,1,6,3,-1,-1,1497,8,5,-1,-1,-1
2018010101820,1,3,0,5,0,8,0,0,0,0,1,1,1,1,39,7,49,1,5,2,1,2
2018010101821,1,9,0,18,0,1,0,0,1,0,1,1,1,1,32,6,6592,1,4,6,1,6
2018010101821,2,9,0,5,0,2,0,0,0,0,3,1,6,1,56,9,1461,2,3,-1,-1,-1
2018010101831,1,9,0,-1,-1,-1,-1,-1,-1,-1,1,-1,6,2,37,7,1595,2,9,4,1,4
2018010101846,1,9,0,9,0,8,0,0,0,0,4,1,6,1,68,10,1598,1,6,6,1,6
2018010101846,2,5,0,18,0,8,0,0,0,0,1,1,6,1,40,7,656,1,12,5,1,5
2018010101848,1,9,0,18,0,0,0,0,0,0,1,1,6,2,37,7,1798,1,5,4,1,4
2018010101850,1,9,0,4,0,2,0,0,0,0,1,1,6,2,26,6,1388,1,12,1,1,1
2018010101855,1,1,0,10,0,8,0,0,0,0,2,1,6,1,46,8,-1,-1,-1,4,1,4
2018010101855,2,9,0,9,0,8,0,0,0,0,1,1,6,2,51,8,1598,1,15,3,3,3
2018010101856,1,3,0,4,0,0,0,0,0,0,2,1,6,1,36,7,124,1,1,3,1,3
2018010101856,2,9,0,18,0,0,0,0,0,0,1,1,6,3,-1,-1,3436,1,6,-1,-1,-1
2018010101858,1,8,0,18,0,1,0,0,0,0,1,1,1,1,37,7,1798,8,3,2,1,2
2018010101858,2,9,0,18,0,1,0,0,0,0,3,1,1,1,64,9,1968,2,3,2,1,2
2018010101859,1,9,0,-1,-1,-1,-1,-1,-1,-1,2,-1,6,1,47,8,1498,1,1,1,1,1
2018010101859,2,9,-1,-1,-1,-1,-1,-1,-1,-1,-1,-1,6,3,-1,-1,-1,-1,-1,-1,-1,-1
2018010101861,1,9,0,18,0,8,0,0,0,0,1,1,6,1,47,8,1386,1,9,3,1,3
2018010101861,2,9,0,18,0,8,0,0,0,0,1,1,6,1,49,8,3222,2,13,4,1,4
2018010101865,1,11,0,18,0,8,0,0,0,0,0,1,1,2,35,6,-1,-1,-1,3,1,3
2018010101868,1,9,0,-1,-1,-1,-1,-1,-1,-1,2,-1,6,1,42,7,1998,2,11,6,1,6
2018010101868,2,90,0,-1,-1,-1,-1,-1,-1,-1,1,-1,6,3,-1,-1,-1,-1,-1,-1,-1,-1
2018010101869,1,19,0,5,0,6,0,0,0,0,3,1,1,1,48,8,1560,2,1,4,1,4
2018010101869,2,1,0,18,0,1,0,0,0,0,1,1,6,1,45,7,-1,-1,-1,3,1,3
2018010101870,1,9,0,4,0,0,0,0,0,0,1,1,6,1,68,10,1796,1,11,1,1,1
2018010101870,2,19,0,4,0,0,0,0,0,0,2,1,1,1,28,6,1560,2,7,3,1,3
2018010101874,1,1,-1,-1,-1,-1,-1,-1,-1,-1,-1,1,2,2,34,6,-1,-1,-1,2,1,2
2018010101874,2,9,0,-1,-1,-1,-1,-1,-1,-1,-1,-1,6,2,-1,-1,-1,-1,-1,-1,-1,-1
2018010101878,1,9,0,-1,-1,-1,-1,-1,-1,-1,2,-1,6,1,-1,-1,-1,-1,-1,6,1,6
2018010101881,1,4,0,18,0,1,0,0,0,0,1,1,6,1,27,6,125,1,7,8,1,8
2018010101881,2,9,0,11,0,4,0,0,0,0,1,1,6,1,-1,-1,2967,2,1,-1,-1,-1
2018010101891,1,9,0,3,0,1,0,0,0,0,1,1,6,1,43,7,4395,1,3,8,1,8
2018010101891,2,9,0,3,0,1,0,0,0,0,2,1,6,1,59,9,1997,2,3,9,2,9
2018010101891,3,9,0,3,0,1,0,0,0,0,2,1,6,1,33,6,2143,2,4,5,1,5
2018010101891,4,9,0,3,0,1,0,0,0,0,2,1,6,1,38,7,1798,1,10,6,1,6
2018010101893,1,9,0,18,0,8,1,0,0,0,1,1,6,1,80,11,1870,2,14,-1,-1,-1
2018010101893,2,8,0,5,0,6,1,0,0,0,4,1,1,1,39,7,1798,8,1,5,1,5