Accident_Index,Vehicle_Reference,Vehicle_Type,Towing_and_Articulation,Vehicle_Manoeuvre,Vehicle_Location-Restricted_Lane,Junction_Location,Skidding_and_Overturning,Hit_Object_in_Carriageway,Vehicle_Leaving_Carriageway,Hit_Object_off_Carriageway,1st_Point_of_Impact,Was_Vehicle_Left_Hand_Drive?,Journey_Purpose_of_Driver,Sex_of_Driver,Age_of_Driver,Age_Band_of_Driver,Engine_Capacity_(CC),Propulsion_Code,Age_of_Vehicle,Driver_IMD_Decile,Driver_Home_Area_Type,Vehicle_IMD_Decile
2018010101894,1,3,0,18,0,0,0,0,0,0,4,1,6,1,34,6,125,1,3,1,1,1
2018010101894,2,9,0,6,0,0,0,0,0,0,3,1,6,3,-1,-1,1200,1,3,-1,-1,-1
2018010101898,1,9,0,18,9,2,2,10,1,10,1,1,2,2,18,4,1368,1,9,2,1,2
2018010101899,1,4,0,4,0,1,0,8,0,0,4,1,6,1,27,6,125,1,7,3,1,3
2018010101899,2,9,0,4,0,1,0,0,0,0,4,1,6,1,31,6,1598,2,3,1,1,1
2018010101905,1,1,-1,-1,-1,-1,-1,-1,-1,-1,2,1,2,1,47,8,-1,-1,-1,9,1,9
2018010101905,2,9,0,-1,-1,-1,-1,-1,-1,-1,1,-1,6,3,-1,-1,-1,-1,-1,-1,-1,-1
2018010101908,1,9,0,18,0,0,0,4,0,0,1,1,1,1,57,9,1997,1,5,10,1,10
2018010101908,2,9,0,4,0,0,0,0,0,0,2,1,6,1,29,6,1997,2,6,2,1,2
2018010101910,1,9,0,18,0,6,1,7,0,0,4,1,6,2,35,6,1686,2,7,7,1,7
2018010101910,2,9,0,18,0,6,0,0,0,0,1,1,6,2,74,10,2435,1,14,2,1,2
2018010101914,1,9,0,18,0,8,1,0,0,0,1,1,6,1,57,9,1086,1,11,3,1,3
2018010101914,2,9,0,9,0,5,0,0,0,0,1,1,6,2,63,9,1560,2,12,4,1,4
2018010101917,1,9,0,18,0,2,0,0,0,0,3,1,6,1,53,8,998,1,13,2,1,2
2018010101917,2,9,0,18,0,2,0,0,0,0,4,1,6,3,-1,-1,-1,-1,-1,-1,-1,-1
2018010101920,1,9,0,18,0,0,0,11,0,0,1,1,6,1,23,5,1596,1,18,-1,-1,-1
2018010101920,2,9,0,18,0,0,0,0,0,0,1,1,6,1,25,5,1560,2,13,-1,-1,-1
2018010101920,3,9,0,4,0,0,0,0,0,0,2,1,6,1,24,5,1598,2,5,7,1,7
2018010101920,4,19,0,18,0,0,0,0,0,0,0,1,1,1,49,8,2198,2,2,2,1,2
2018010101921,1,9,0,-1,-1,-1,-1,-1,-1,-1,-1,-1,6,2,30,6,1390,1,15,5,1,5
2018010101923,1,9,0,11,0,0,0,0,0,0,4,1,6,1,31,6,-1,-1,-1,3,1,3
2018010101923,2,3,0,18,0,0,0,0,0,0,1,1,6,1,40,7,125,1,2,2,1,2
2018010101927,1,9,0,18,0,1,0,0,0,0,3,1,6,1,76,11,1797,8,8,-1,-1,-1
2018010101931,1,9,-1,-1,-1,0,-1,-1,-1,-1,2,-1,6,1,48,8,1797,8,4,5,1,5
2018010101935,1,9,0,18,0,1,0,0,0,0,3,1,2,1,23,5,1461,2,1,3,1,3
2018010101935,2,9,0,18,0,1,0,0,0,0,4,1,6,3,-1,-1,-1,-1,-1,-1,-1,-1
2018010101936,1,9,0,5,0,1,0,0,0,0,2,1,6,2,26,6,2143,2,7,2,1,2
2018010101936,2,9,0,18,0,1,0,0,0,0,1,1,6,3,-1,-1,1995,2,5,-1,-1,-1
2018010101939,1,9,0,18,0,1,0,7,0,0,1,1,6,1,67,10,2000,2,13,6,1,6
2018010101939,2,9,0,18,0,2,0,0,0,0,1,1,6,1,18,4,1595,1,-1,4,1,4
2018010101940,1,9,0,4,0,0,0,11,0,0,1,1,6,1,35,6,1600,1,19,5,1,5
2018010101941,1,9,0,18,0,0,0,0,0,0,1,1,6,3,-1,-1,-1,-1,-1,-1,-1,-1
2018010101941,2,1,0,4,0,0,0,0,0,0,0,1,6,1,28,6,-1,-1,-1,3,1,3
2018010101944,1,9,0,18,0,0,1,4,0,0,1,1,6,1,21,5,2143,2,4,1,1,1
2018010101944,2,9,0,2,6,0,0,0,0,0,2,1,6,3,-1,-1,1595,1,5,-1,-1,-1
2018010101944,3,9,0,2,6,0,0,0,0,0,2,1,6,3,-1,-1,1999,1,11,-1,-1,-1
2018010101944,4,9,0,2,6,0,0,0,0,0,2,1,6,3,-1,-1,1397,1,15,-1,-1,-1
2018010101944,5,9,0,2,6,0,0,4,0,0,2,1,6,3,-1,-1,1596,1,12,-1,-1,-1
2018010101944,6,9,0,2,6,0,0,0,0,0,1,1,6,3,-1,-1,1499,2,2,-1,-1,-1
2018010101944,7,9,0,2,6,0,0,0,0,0,2,1,6,3,-1,-1,1598,1,7,-1,-1,-1
2018010101950,1,9,0,18,0,1,0,0,0,0,1,1,2,1,54,8,-1,-1,-1,10,1,10
2018010101950,2,9,0,18,0,1,0,0,0,0,1,1,2,2,31,6,1242,1,-1,2,1,2
2018010101952,1,9,0,18,0,0,1,11,0,0,2,1,2,1,29,6,1360,1,13,3,1,3
2018010101952,2,9,0,18,0,0,1,0,0,0,1,1,6,1,68,10,1995,2,11,7,1,7
2018010101952,3,21,1,12,0,0,0,0,0,0,3,2,1,1,41,7,-1,-1,-1,-1,-1,-1
2018010101969,1,9,0,-1,-1,-1,-1,-1,-1,-1,2,-1,6,2,-1,-1,1242,1,4,8,1,8
2018010101969,2,9,0,-1,-1,-1,-1,-1,-1,-1,1,-1,6,1,-1,-1,998,1,17,2,1,2
2018010101973,1,9,0,3,0,0,0,0,0,0,2,1,6,1,30,6,1781,1,13,4,1,4
2018010101973,2,9,0,3,0,0,0,0,0,0,2,1,1,2,28,6,1368,1,3,6,1,6
2018010101973,3,9,0,18,0,0,0,0,0,0,1,1,1,1,42,7,1560,2,7,-1,-1,-1
2018010101973,4,19,0,18,0,0,0,0,0,0,1,1,6,2,28,6,1868,2,12,4,1,4
2018010101976,1,9,0,-1,-1,0,-1,-1,-1,-1,1,-1,6,1,-1,-1,-1,-1,-1,4,1,4
2018010101980,1,9,0,18,0,1,0,4,7,4,1,1,6,1,73,10,1399,1,9,5,1,5
2018010101980,2,9,0,2,6,1,0,0,0,0,1,1,6,3,-1,-1,1968,2,8,-1,-1,-1
2018010101981,1,9,0,9,0,1,0,0,0,0,1,1,2,1,25,5,1798,8,1,3,1,3
2018010101981,2,1,0,18,0,1,0,0,0,0,1,1,2,1,42,7,-1,-1,-1,6,1,6
2018010101984,1,9,-1,18,0,1,0,0,0,0,2,-1,6,2,23,5,1242,1,5,4,1,4
2018010101984,2,9,-1,18,0,1,0,0,0,0,1,-1,6,1,-1,-1,1242,1,5,-1,-1,-1
2018010101985,1,1,-1,-1,-1,0,-1,-1,-1,-1,1,1,2,1,24,5,-1,-1,-1,4,1,4
2018010101985,2,9,0,-1,-1,0,-1,-1,-1,-1,-1,-1,6,3,-1,-1,1461,2,3,-1,-1,-1
2018010101997,1,9,0,3,0,8,0,0,0,0,2,1,6,1,48,8,1973,1,19,3,1,3
2018010101997,2,9,0,18,0,8,0,0,0,0,1,1,6,1,25,5,1328,1,15,4,1,4
2018010102001,1,9,0,-1,-1,0,-1,-1,-1,-1,2,-1,6,2,46,8,1753,2,12,5,1,5
2018010102001,2,9,0,-1,-1,0,-1,-1,-1,-1,2,-1,6,3,-1,-1,-1,-1,-1,-1,-1,-1
2018010102006,1,9,0,18,0,1,0,0,1,9,1,1,6,1,25,5,2143,2,6,2,1,2
2018010102006,2,9,0,18,0,1,0,0,0,0,2,1,6,1,61,9,1399,2,9,5,1,5
2018010102006,3,9,0,18,0,1,0,0,0,0,2,1,6,2,36,7,1560,2,5,3,1,3
2018010102009,1,3,0,9,0,6,2,0,0,0,1,1,1,1,26,6,125,1,16,1,1,1
2018010102009,2,9,0,18,0,1,0,0,0,0,1,1,6,3,-1,-1,-1,-1,-1,-1,-1,-1
2018010102017,1,9,0,3,0,0,0,0,0,0,0,-1,6,2,31,6,998,1,2,3,1,3
2018010102017,2,9,0,18,0,0,0,0,0,0,2,-1,6,1,32,6,1686,2,12,6,1,6
2018010102022,1,3,0,-1,-1,-1,-1,-1,-1,-1,2,1,6,1,48,8,108,1,4,1,1,1
2018010102022,2,9,0,-1,-1,-1,-1,-1,-1,-1,1,-1,6,1,-1,-1,2148,2,14,1,1,1
2018010102023,1,19,0,4,9,0,0,0,1,5,1,1,1,1,45,7,2198,2,3,9,1,9
2018010102024,1,8,0,16,0,0,0,0,0,0,1,1,1,1,55,8,2499,2,11,9,1,9
2018010102024,2,21,0,17,0,0,0,0,0,0,4,1,1,1,50,8,6692,2,10,8,1,8
2018010102027,1,5,0,18,0,1,1,0,0,0,3,1,2,1,43,7,599,1,8,7,3,7
2018010102028,1,9,0,6,0,2,0,0,0,0,1,1,3,1,43,7,1598,1,11,2,1,2
2018010102028,2,3,0,18,0,1,2,0,1,0,1,1,1,1,45,7,125,1,1,2,1,2
2018010102029,1,11,0,4,2,1,0,0,0,0,0,1,1,1,37,7,4500,2,3,5,1,5
2018010102030,1,1,-1,-1,-1,-1,-1,-1,-1,-1,-1,1,2,1,31,6,-1,-1,-1,4,1,4
2018010102030,2,9,0,-1,-1,-1,-1,-1,-1,-1,1,-1,6,1,-1,-1,1461,2,2,-1,-1,-1
2018010102033,1,9,0,-1,-1,0,-1,-1,-1,-1,2,-1,6,2,28,6,1329,1,3,2,1,2
2018010102033,2,9,0,-1,-1,0,-1,-1,-1,-1,1,-1,6,3,-1,-1,-1,-1,-1,-1,-1,-1
2018010102033,3,9,0,-1,-1,0,-1,-1,-1,-1,2,-1,6,2,-1,-1,-1,-1,-1,8,1,8
2018010102033,4,9,0,-1,-1,0,-1,-1,-1,-1,2,-1,6,2,-1,-1,-1,-1,-1,-1,-1,-1
2018010102043,1,9,-1,-1,-1,1,-1,-1,-1,-1,-1,-1,6,2,35,6,1598,2,5,2,1,2
2018010102043,2,9,-1,-1,-1,1,-1,-1,-1,-1,-1,-1,6,3,-1,-1,1995,2,1,2,1,2
2018010102046,1,9,0,7,0,1,0,0,0,0,3,1,2,1,32,6,1390,1,12,1,1,1
2018010102046,2,90,4,9,0,1,0,0,0,0,1,2,6,1,58,9,-1,-1,-1,-1,-1,-1
2018010102047,1,3,0,18,0,1,5,0,0,0,1,1,6,2,18,4,108,1,3,5,1,5
2018010102047,2,3,0,4,0,1,0,0,0,0,2,1,6,1,33,6,125,1,1,8,1,8
2018010102048,1,9,0,9,0,2,0,0,0,0,1,1,2,1,51,8,1896,2,17,2,1,2
2018010102048,2,3,0,18,0,8,0,0,0,0,1,1,1,1,24,5,108,1,6,3,1,3
2018010102053,1,8,0,18,2,0,0,0,0,0,1,1,1,1,36,7,2499,2,9,3,1,3
2018010102057,1,1,-1,-1,-1,-1,-1,-1,-1,-1,-1,1,6,2,23,5,-1,-1,-1,4,1,4
2018010102057,2,8,0,-1,-1,-1,-1,-1,-1,-1,-1,-1,6,1,54,8,1800,8,6,2,1,2
2018010102064,1,9,0,18,0,0,0,7,0,0,1,1,1,1,56,9,1797,8,7,3,1,3
2018010102071,1,3,0,15,0,0,0,8,0,0,1,1,1,1,25,5,124,1,9,5,1,5
2018010102071,2,8,0,4,0,0,0,0,0,0,4,1,1,1,47,8,1797,8,8,1,1,1
2018010102071,3,19,0,2,0,0,0,0,0,0,3,1,6,3,-1,-1,1997,2,4,-1,-1,-1
2018010102073,1,9,0,18,0,2,1,0,0,0,1,1,2,1,17,4,-1,-1,-1,10,1,10
2018010102073,2,9,0,18,0,1,0,0,0,0,1,1,6,1,18,4,1388,1,8,9,1,9
2018010102075,1,9,0,15,0,2,0,0,0,0,1,1,6,1,30,6,1975,1,9,4,1,4
2018010102075,2,11,0,11,0,2,0,0,0,0,2,1,1,1,46,8,6700,2,7,2,1,2
2018010102075,3,19,0,2,0,2,0,4,0,0,2,1,6,3,-1,-1,1560,2,3,-1,-1,-1
2018010102075,4,3,0,2,0,2,0,0,0,0,4,1,6,3,-1,-1,100,1,12,-1,-1,-1
2018010102076,1,9,0,-1,-1,0,-1,-1,-1,-1,2,-1,6,2,54,8,899,1,5,8,1,8
2018010102076,2,9,-1,-1,-1,0,-1,-1,-1,-1,-1,-1,6,1,23,5,999,1,2,4,1,4
2018010102078,1,11,0,9,0,3,0,0,0,0,0,1,1,1,63,9,6700,2,8,9,1,9
2018010102079,1,9,0,18,0,0,0,0,0,0,4,1,6,3,-1,-1,1598,1,12,-1,-1,-1
2018010102081,1,19,0,4,0,1,0,0,0,0,3,1,6,1,48,8,-1,-1,-1,6,1,6
2018010102081,2,2,0,18,0,1,0,0,0,0,1,1,1,1,23,5,108,1,1,3,1,3
2018010102089,1,1,-1,-1,-1,0,-1,-1,-1,-1,-1,1,2,1,35,6,-1,-1,-1,2,-1,2
2018010102089,2,9,0,-1,-1,0,-1,-1,-1,-1,1,-1,6,2,-1,-1,1339,1,5,7,1,7
2018010102090,1,11,0,4,0,1,0,0,0,0,0,1,6,1,39,7,6700,2,8,8,1,8
2018010102093,1,9,0,5,0,4,0,0,0,0,3,1,6,1,49,8,1791,8,6,2,1,2
2018010102093,2,3,0,18,0,3,5,0,0,0,4,1,6,1,34,6,125,1,2,3,1,3
2018010102097,1,4,0,-1,-1,0,-1,-1,-1,-1,1,1,2,1,56,9,200,1,-1,5,1,5
2018010102097,2,9,0,-1,-1,0,-1,-1,-1,-1,-1,-1,6,3,-1,-1,1598,1,15,-1,-1,-1
2018010102098,1,9,0,10,0,6,0,0,0,0,3,1,6,1,24,5,1364,1,12,7,1,7
2018010102098,2,3,0,16,0,1,0,0,0,0,1,1,6,2,36,7,124,1,1,3,1,3
2018010102099,1,1,-1,-1,-1,-1,-1,-1,-1,-1,1,1,2,1,26,6,-1,-1,-1,3,1,3
2018010102099,2,9,0,-1,-1,-1,-1,-1,-1,-1,-1,-1,6,1,-1,-1,1984,1,7,2,-1,2
2018010102100,1,4,0,18,0,1,0,0,0,0,1,1,1,1,34,6,125,1,5,6,1,6
2018010102100,2,9,0,18,0,8,0,0,0,0,2,1,6,2,45,7,1299,1,18,1,1,1
2018010102101,1,8,0,18,0,8,0,0,0,0,4,1,6,1,21,5,1798,8,3,3,1,3
2018010102101,2,9,0,9,0,8,0,0,0,0,3,2,6,1,31,6,1997,2,5,6,1,6
2018010102102,1,3,0,-1,-1,-1,-1,-1,-1,-1,-1,1,6,1,28,6,125,1,1,1,1,1
2018010102102,2,9,0,-1,-1,-1,-1,-1,-1,-1,2,-1,6,1,-1,-1,1997,2,5,-1,-1,-1
2018010102102,3,11,0,-1,-1,-1,-1,-1,-1,-1,1,-1,6,1,-1,-1,-1,-1,-1,-1,-1,-1
2018010102103,1,1,-1,-1,-1,-1,-1,-1,-1,-1,2,1,2,1,27,6,-1,-1,-1,1,1,1
2018010102103,2,4,0,-1,-1,-1,-1,-1,-1,-1,2,1,6,1,-1,-1,-1,-1,-1,-1,-1,-1
2018010102106,1,4,0,11,0,7,2,0,0,0,4,1,6,1,21,5,471,1,-1,1,1,1
2018010102106,2,9,0,18,0,1,0,0,0,0,3,1,6,1,28,6,1598,2,6,3,1,3
2018010102108,1,9,0,-1,-1,-1,-1,-1,-1,-1,-1,-1,2,1,26,6,1587,1,19,5,1,5
2018010102108,2,9,0,-1,-1,-1,-1,-1,-1,-1,1,-1,6,1,-1,-1,1753,2,9,-1,-1,-1
2018010102110,1,9,0,9,0,8,0,0,0,0,1,1,6,1,39,7,1590,1,15,3,1,3
2018010102110,2,9,0,18,0,8,0,0,0,0,1,1,6,1,50,8,1598,1,16,5,1,5
2018010102112,1,4,0,14,0,1,0,0,0,0,1,1,6,3,-1,-1,-1,-1,-1,-1,-1,-1
2018010102117,1,9,0,17,0,2,0,0,0,0,1,1,6,1,91,11,1390,1,14,6,1,6
2018010102118,1,9,0,9,0,6,0,0,0,0,1,1,6,2,24,5,2987,2,4,2,1,2
2018010102118,2,5,0,18,0,2,2,0,0,0,1,1,6,1,29,6,675,1,2,-1,-1,-1
2018010102120,1,11,0,-1,0,0,0,0,0,0,-1,1,6,1,-1,-1,-1,-1,-1,-1,-1,-1
2018010102122,1,9,0,4,0,0,0,0,1,10,1,1,6,2,64,9,1197,1,3,8,1,8
2018010102123,1,8,0,9,0,8,0,0,3,1,4,1,2,1,37,7,1798,8,4,6,1,6
2018010102123,2,9,0,18,0,8,0,0,0,0,1,1,6,2,56,9,1598,1,11,9,1,9
2018010102124,1,9,0,18,0,8,0,0,0,0,1,1,6,1,22,5,2143,2,2,4,1,4
2018010102124,2,9,0,18,0,8,0,0,0,0,3,1,6,1,47,8,2362,1,15,4,1,4
2018010102124,3,11,0,18,0,8,0,0,0,0,4,1,1,1,48,8,4760,2,6,3,1,3
2018010102130,1,9,0,18,0,8,0,0,0,0,0,1,6,1,-1,-1,2993,2,1,-1,-1,-1
2018010102130,2,19,0,18,0,8,0,0,0,0,1,1,1,1,41,7,1560,2,5,2,1,2
2018010102130,3,3,0,18,0,8,1,0,1,1,1,1,6,1,18,4,125,1,8,-1,-1,-1
2018010102131,1,9,0,18,0,8,0,0,0,0,3,1,6,1,27,6,1598,2,6,-1,-1,-1
2018010102131,2,19,4,18,0,8,0,0,0,0,4,1,1,1,60,9,1968,2,8,5,1,5
2018010102133,1,9,0,17,0,4,0,0,0,0,4,1,3,1,39,7,1997,2,15,5,1,5
2018010102133,2,1,0,17,0,4,0,0,0,0,3,1,2,2,42,7,-1,-1,-1,8,1,8
2018010102135,1,1,-1,-1,-1,-1,-1,-1,-1,-1,-1,1,6,2,28,6,-1,-1,-1,3,1,3
2018010102135,2,3,-1,-1,-1,-1,-1,-1,-1,-1,-1,1,6,3,-1,-1,-1,-1,-1,-1,-1,-1
2018010102139,1,9,0,7,0,1,0,0,0,0,1,1,6,2,-1,-1,-1,-1,-1,5,1,5
2018010102142,1,9,-1,18,-1,-1,0,-1,-1,-1,-1,-1,6,2,38,7,1796,1,9,3,1,3
2018010102142,2,9,-1,18,0,-1,0,-1,-1,-1,-1,-1,6,2,-1,-1,2497,2,14,3,1,3
2018010102143,1,19,5,18,0,0,1,4,1,0,4,1,1,1,67,10,1995,2,8,9,1,9
2018010102144,1,9,0,-1,-1,-1,-1,-1,-1,-1,-1,-1,2,1,51,8,2171,1,14,3,1,3
2018010102145,1,9,0,-1,-1,1,0,0,0,0,1,-1,6,1,56,9,1798,8,4,3,1,3
2018010102145,2,9,-1,-1,-1,-1,-1,0,0,0,2,-1,6,3,-1,-1,1400,1,18,-1,-1,-1
2018010102149,1,9,0,18,0,1,0,0,0,0,3,1,3,2,41,7,1197,1,1,8,1,8
2018010102149,2,9,0,18,0,7,0,0,1,0,1,1,1,2,26,6,1461,2,3,6,1,6
2018010102151,1,1,0,-1,0,8,0,0,0,0,3,1,6,1,50,8,-1,-1,-1,7,1,7
2018010102151,2,9,0,-1,-1,-1,-1,-1,-1,-1,1,-1,6,2,-1,-1,2969,2,13,-1,-1,-1
2018010102153,1,19,0,18,0,1,0,0,0,0,0,1,2,1,51,8,1995,2,7,6,2,6
2018010102153,2,9,0,18,0,1,0,0,1,2,1,1,1,1,22,5,1995,2,10,7,1,7
2018010102153,3,9,0,18,0,1,0,11,0,0,1,1,1,2,44,7,1240,1,13,7,1,7
2018010102158,1,9,0,18,0,1,1,0,0,0,1,1,6,2,29,6,1242,1,11,1,1,1
2018010102158,2,19,0,18,0,1,0,0,0,0,1,1,6,1,56,9,2402,2,7,4,1,4
2018010102168,1,1,-1,-1,-1,-1,-1,-1,-1,-1,-1,1,6,1,-1,-1,-1,-1,-1,-1,-1,-1
2018010102176,1,9,0,-1,-1,-1,-1,-1,-1,-1,3,-1,6,2,35,6,1229,1,9,2,1,2
2018010102176,2,19,0,-1,0,-1,0,0,0,0,1,-1,6,1,50,8,1998,2,14,2,1,2
2018010102177,1,9,0,18,0,0,0,0,0,0,3,1,2,2,46,8,1299,1,18,9,1,9
2018010102177,2,9,0,18,0,0,0,0,0,0,3,1,6,3,-1,-1,2143,2,5,-1,-1,-1
2018010102178,1,9,0,9,0,6,0,0,0,0,3,1,6,2,24,5,1197,1,1,6,1,6
2018010102178,2,3,0,18,0,8,0,0,0,0,1,1,2,1,35,6,125,1,6,4,1,4
2018010102183,1,9,0,5,0,2,0,4,0,0,3,1,6,2,74,10,998,1,1,4,1,4
2018010102183,2,9,0,2,0,2,0,0,0,0,3,1,6,3,-1,-1,1400,1,12,-1,-1,-1
2018010102183,3,9,0,18,0,2,0,0,0,0,2,1,6,2,47,8,1360,1,13,1,1,1
2018010102184,1,9,0,5,0,-1,0,0,0,0,2,-1,6,2,52,8,1328,1,13,4,1,4
2018010102184,2,9,0,18,0,-1,0,0,-1,0,1,-1,6,3,-1,-1,1753,2,12,-1,-1,-1
2018010102187,1,9,0,18,0,0,0,4,0,0,1,1,6,1,80,11,1499,2,3,6,1,6
2018010102187,2,9,0,2,0,0,0,0,0,0,2,1,6,3,-1,-1,1598,2,1,-1,-1,-1
2018010102194,1,9,0,3,0,4,0,0,0,0,2,-1,1,1,44,7,1798,8,-1,6,1,6
2018010102194,2,9,0,-1,0,4,0,0,0,0,1,-1,6,1,-1,-1,2148,2,12,1,1,1
2018010102195,1,19,0,18,0,0,0,0,0,0,1,1,1,1,56,9,2287,2,5,2,1,2
2018010102195,2,19,0,3,0,0,0,0,0,0,2,1,1,1,41,7,2143,2,2,7,3,7
2018010102195,3,9,0,3,0,0,0,0,0,0,2,1,6,1,19,4,-1,-1,-1,5,1,5
2018010102196,1,9,0,2,0,0,0,0,0,0,2,1,6,3,-1,-1,-1,-1,-1,-1,-1,-1
2018010102196,2,9,0,18,0,0,0,0,0,0,1,1,6,2,69,10,1242,1,2,6,1,6
2018010102199,1,9,0,4,0,1,0,0,0,0,3,1,3,1,30,6,2979,1,15,2,1,2
2018010102201,1,9,0,3,0,0,0,0,0,0,2,1,2,1,42,7,1999,2,2,6,1,6
2018010102201,2,9,0,3,0,0,0,0,0,0,2,1,6,2,42,7,1598,1,11,4,1,4
2018010102201,3,8,0,18,0,0,0,0,0,0,1,1,6,1,53,8,1798,8,5,4,1,4
2018010102204,1,9,0,-1,-1,0,-1,-1,-1,-1,2,-1,6,2,51,8,1390,1,8,7,1,7
2018010102204,2,9,0,-1,-1,0,-1,-1,-1,-1,1,-1,6,2,-1,-1,1598,1,6,-1,-1,-1
2018010102205,1,9,0,18,0,4,0,0,0,0,4,1,2,1,39,7,1997,1,10,3,1,3
2018010102205,2,1,0,18,0,8,5,0,0,0,1,1,2,1,21,5,-1,-1,-1,3,1,3
2018010102206,1,11,0,5,0,1,0,0,0,0,0,1,1,1,48,8,4500,2,1,-1,-1,-1
2018010102208,1,9,0,18,0,1,0,0,0,0,1,2,6,2,31,6,1998,1,17,1,1,1
2018010102218,1,3,0,18,0,1,0,0,0,0,1,1,6,1,25,5,124,1,1,6,1,6
2018010102218,2,9,0,3,0,1,0,0,0,0,2,1,6,1,54,8,5461,1,2,5,1,5
2018010102222,1,9,0,-1,-1,0,-1,-1,-1,-1,2,-1,6,2,47,8,1995,2,16,4,1,4
2018010102222,2,19,0,-1,-1,0,-1,-1,-1,-1,1,-1,6,1,-1,-1,1995,2,4,-1,-1,-1
2018010102234,1,5,0,18,0,2,0,0,0,0,1,1,6,3,-1,-1,-1,-1,-1,-1,-1,-1
2018010102236,1,9,-1,-1,-1,-1,-1,-1,-1,-1,-1,-1,6,3,-1,-1,-1,-1,-1,-1,-1,-1
2018010102240,1,1,-1,-1,-1,-1,-1,-1,-1,-1,2,1,2,2,40,7,-1,-1,-1,5,1,5
2018010102240,2,9,0,-1,-1,-1,-1,-1,-1,-1,2,-1,6,2,-1,-1,-1,-1,-1,-1,-1,-1
2018010102242,1,11,0,18,0,8,0,0,0,0,4,1,1,1,32,6,4500,2,11,1,1,1
2018010102242,2,19,0,1,0,6,0,0,0,0,2,1,1,1,42,7,2998,2,4,3,1,3
2018010102244,1,19,0,7,0,3,0,0,0,0,1,1,1,1,40,7,-1,-1,-1,-1,-1,-1
2018010102244,2,1,0,5,0,3,5,0,0,0,1,1,6,2,27,6,-1,-1,-1,1,1,1
2018010102249,1,19,0,10,0,5,0,0,0,0,3,1,1,1,45,7,2143,2,2,1,2,1
2018010102249,2,1,0,3,0,1,0,0,0,0,1,1,6,1,53,8,-1,-1,-1,6,1,6
2018010102250,1,1,-1,-1,-1,-1,-1,-1,-1,-1,1,1,6,1,34,6,-1,-1,-1,1,1,1
2018010102250,2,8,0,-1,-1,-1,-1,-1,-1,-1,-1,-1,6,1,-1,-1,-1,-1,-1,-1,-1,-1
2018010102252,1,9,0,18,0,6,0,0,0,0,3,1,6,3,17,4,1991,1,1,-1,-1,-1
2018010102252,2,1,0,18,0,1,0,0,0,0,1,1,2,1,26,6,-1,-1,-1,4,1,4
2018010102254,1,9,0,-1,-1,0,-1,-1,-1,-1,2,-1,6,2,27,6,1461,2,3,8,1,8
2018010102254,2,9,-1,-1,-1,0,-1,-1,-1,-1,-1,-1,6,3,-1,-1,1390,1,9,-1,-1,-1
2018010102260,1,9,0,18,0,8,0,0,0,0,3,1,6,1,38,7,1968,2,9,3,1,3
2018010102260,2,9,0,9,0,8,0,0,0,0,3,1,6,1,53,8,1995,2,7,2,1,2
2018010102261,1,8,0,6,8,0,0,0,0,0,1,1,1,1,52,8,2402,2,16,4,1,4
2018010102261,2,3,0,14,0,0,0,0,0,0,1,1,6,1,19,4,124,1,1,2,1,2
2018010102262,1,8,0,6,0,0,0,0,0,0,3,1,1,1,59,9,2499,2,3,8,1,8
2018010102262,2,3,0,13,0,0,0,0,0,0,4,1,1,1,21,5,-1,-1,-1,4,1,4
2018010102264,1,11,0,4,0,4,0,0,0,0,0,1,1,1,33,6,4500,2,-1,2,1,2
2018010102265,1,1,0,18,5,1,0,0,0,0,1,1,6,1,-1,-1,-1,-1,-1,-1,-1,-1
2018010102270,1,9,0,18,0,1,0,0,0,0,1,1,6,1,-1,-1,1399,1,11,2,1,2
2018010102270,2,1,0,18,0,1,0,0,0,0,3,1,6,2,58,9,-1,-1,-1,2,1,2
2018010102272,1,4,0,7,0,2,5,4,0,0,1,1,6,1,42,7,-1,-1,-1,5,1,5
2018010102272,2,9,0,2,0,1,0,0,0,0,2,1,6,3,-1,-1,1598,2,7,-1,-1,-1
2018010102273,1,9,0,4,0,1,0,0,0,0,2,1,6,2,50,8,998,1,2,2,1,2
2018010102273,2,21,4,18,0,1,0,0,0,0,1,2,2,1,35,6,-1,-1,-1,-1,-1,-1
2018010102277,1,9,0,3,0,0,0,0,0,0,2,1,6,1,26,6,998,1,3,2,1,2
2018010102277,2,19,0,18,0,0,0,0,0,0,1,1,2,1,56,9,-1,-1,-1,4,1,4
2018010102279,1,1,0,18,0,1,5,0,0,0,1,1,6,1,14,3,-1,-1,-1,3,1,3
2018010102280,1,9,0,4,0,0,0,0,0,0,2,1,1,1,39,7,2993,2,3,3,1,3
2018010102280,2,9,0,4,0,0,0,0,0,0,2,1,6,1,20,4,1596,1,8,3,1,3
2018010102280,3,19,0,4,0,0,0,0,0,0,1,1,2,1,26,6,2198,2,10,6,3,6
2018010102281,1,5,0,18,9,1,2,0,0,0,2,1,6,3,-1,-1,998,1,14,-1,-1,-1
2018010102282,1,3,0,8,0,1,1,0,0,0,0,1,6,1,43,7,125,1,5,-1,-1,-1
2018010102287,1,19,0,18,0,8,0,0,1,0,4,1,1,1,29,6,1997,2,1,3,1,3
2018010102288,1,9,0,5,0,1,0,0,0,0,1,1,6,2,45,7,1598,1,10,5,1,5
2018010102288,2,1,0,5,5,1,0,0,0,0,4,1,1,1,33,6,-1,-1,-1,2,1,2
2018010102291,1,9,0,4,0,1,0,0,0,0,0,1,6,1,31,6,2000,1,12,-1,1,-1
2018010102291,2,5,0,3,0,1,0,0,0,0,0,1,6,1,40,7,1000,1,30,5,1,5
2018010102295,1,9,0,18,0,0,0,0,0,0,1,1,6,1,42,7,2143,2,6,-1,-1,-1