Accident_Index,Vehicle_Reference,Vehicle_Type,Towing_and_Articulation,Vehicle_Manoeuvre,Vehicle_Location-Restricted_Lane,Junction_Location,Skidding_and_Overturning,Hit_Object_in_Carriageway,Vehicle_Leaving_Carriageway,Hit_Object_off_Carriageway,1st_Point_of_Impact,Was_Vehicle_Left_Hand_Drive?,Journey_Purpose_of_Driver,Sex_of_Driver,Age_of_Driver,Age_Band_of_Driver,Engine_Capacity_(CC),Propulsion_Code,Age_of_Vehicle,Driver_IMD_Decile,Driver_Home_Area_Type,Vehicle_IMD_Decile
2018010102732,1,9,0,18,0,0,0,0,0,0,1,1,3,2,68,10,1685,2,2,10,1,10
2018010102733,1,9,0,18,0,2,0,0,1,0,3,1,6,1,53,8,1956,2,5,5,1,5
2018010102736,1,9,0,5,0,8,0,0,0,0,1,1,1,1,42,7,1797,8,7,4,1,4
2018010102736,2,9,0,18,0,8,0,0,0,0,4,1,6,1,53,8,1498,1,13,3,2,3
2018010102739,1,9,0,18,0,1,0,0,0,0,1,1,6,1,28,6,1596,1,5,2,1,2
2018010102739,2,19,0,18,0,1,0,0,0,0,1,1,1,1,28,6,1598,2,-1,5,1,5
2018010102742,1,4,0,16,9,8,1,10,1,0,1,1,6,1,51,8,996,1,13,2,1,2
2018010102743,1,19,0,18,0,2,0,0,0,0,2,1,1,1,33,6,9200,2,6,4,3,4
2018010102743,2,1,0,18,4,2,2,0,0,0,4,1,2,1,36,7,-1,-1,-1,-1,-1,-1
2018010102744,1,9,0,18,-1,-1,-1,-1,-1,-1,1,-1,6,2,44,7,2493,8,4,10,1,10
2018010102744,2,9,0,1,-1,-1,-1,-1,-1,-1,2,-1,6,1,-1,-1,1597,1,9,4,1,4
2018010102745,1,19,0,3,0,0,0,0,0,0,4,1,1,1,64,9,2143,2,4,6,1,6
2018010102745,2,21,1,4,0,0,0,0,0,0,4,1,1,1,47,8,6870,2,9,-1,1,-1
2018010102745,3,5,0,18,0,0,0,0,0,0,3,1,1,1,61,9,1043,1,3,9,1,9
2018010102746,1,9,0,4,0,4,0,0,0,0,1,1,1,1,29,6,1997,2,3,4,1,4
2018010102746,2,3,0,4,0,4,0,0,0,0,2,1,2,1,49,8,124,1,11,4,1,4
2018010102749,1,9,0,18,0,8,0,0,0,0,1,1,6,2,29,6,1598,1,5,3,1,3
2018010102749,2,3,0,7,0,8,2,0,0,0,1,1,1,1,22,5,125,1,6,1,1,1
2018010102751,1,9,0,3,0,1,0,0,0,0,1,1,6,1,59,9,2316,1,29,2,1,2
2018010102751,2,9,0,3,0,1,0,0,0,0,2,1,6,2,59,9,998,1,11,6,1,6
2018010102751,3,9,0,3,0,1,0,0,0,0,2,1,6,1,70,10,998,1,5,4,1,4
2018010102754,1,9,0,15,0,0,0,0,0,0,4,1,6,1,71,10,1461,2,3,5,1,5
2018010102755,1,9,0,4,0,0,0,0,0,0,2,1,2,2,32,6,2143,2,7,5,1,5
2018010102755,2,9,0,18,0,0,0,0,0,0,1,1,6,1,34,6,2993,2,6,8,3,8
2018010102757,1,9,0,9,0,2,0,0,0,0,0,1,6,1,36,7,1956,2,8,8,1,8
2018010102758,1,9,0,18,0,0,0,0,0,0,1,1,6,1,52,8,1984,1,23,3,1,3
2018010102762,1,9,0,4,0,0,0,0,0,0,3,1,1,1,35,6,1956,2,5,4,1,4
2018010102762,2,9,0,5,0,0,0,0,0,0,3,1,1,1,35,6,1395,1,3,6,1,6
2018010102762,3,3,0,18,0,0,0,0,0,0,1,1,6,1,49,8,124,1,17,6,1,6
2018010102765,1,9,0,9,0,1,0,0,0,0,4,1,6,1,61,9,2993,2,14,10,1,10
2018010102765,2,3,0,18,0,1,0,0,0,0,1,1,1,1,26,6,125,1,6,-1,-1,-1
2018010102772,1,9,0,3,0,1,0,0,0,0,2,2,2,1,27,6,999,1,4,5,1,5
2018010102772,2,9,0,3,0,1,0,0,0,0,2,1,6,1,39,7,1686,2,4,6,-1,6
2018010102772,3,9,0,4,0,1,0,0,0,0,1,1,6,1,21,5,2000,1,13,3,1,3
2018010102773,1,1,-1,-1,-1,-1,-1,-1,-1,-1,1,1,2,1,40,7,-1,-1,-1,8,1,8
2018010102773,2,8,0,-1,-1,-1,-1,-1,-1,-1,1,-1,6,1,-1,-1,1798,8,3,-1,-1,-1
2018010102776,1,1,0,18,0,2,5,0,0,0,1,1,6,1,25,5,-1,-1,-1,4,1,4
2018010102778,1,9,0,5,0,1,0,0,0,0,4,1,6,2,48,8,1242,1,19,2,1,2
2018010102779,1,9,0,-1,-1,0,-1,-1,-1,-1,4,-1,6,1,19,4,1398,1,5,2,1,2
2018010102779,2,9,0,-1,-1,0,-1,-1,-1,-1,-1,-1,6,3,-1,-1,1997,2,4,-1,-1,-1
2018010102783,1,9,0,18,0,0,0,0,0,0,3,1,6,1,45,7,2143,2,5,9,1,9
2018010102791,1,9,0,2,0,1,0,0,0,0,4,1,6,3,-1,-1,1364,1,13,-1,-1,-1
2018010102791,2,9,0,18,0,5,0,0,0,0,4,1,6,1,25,5,1390,1,5,9,1,9
2018010102793,1,9,0,18,0,0,2,0,0,0,1,1,6,1,25,5,1968,2,5,3,1,3
2018010102793,2,9,0,2,0,0,0,0,0,0,3,1,6,3,-1,-1,1968,2,6,-1,-1,-1
2018010102793,3,9,0,2,0,0,0,0,0,0,2,1,6,3,-1,-1,1999,2,1,-1,-1,-1
2018010102798,1,9,0,18,0,0,0,11,0,0,1,1,2,1,29,6,1598,2,4,4,1,4
2018010102799,1,9,0,3,0,8,0,0,0,0,2,1,6,2,36,7,998,1,8,3,1,3
2018010102799,2,21,0,18,0,8,0,0,0,0,1,1,1,1,45,7,10837,2,1,7,1,7
2018010102800,1,8,0,4,0,1,0,0,0,0,3,1,1,1,64,9,1797,8,8,2,1,2
2018010102800,2,5,0,13,0,1,1,0,0,0,2,1,2,1,43,7,680,1,11,8,3,8
2018010102800,3,9,0,3,0,1,0,0,0,0,4,1,2,1,37,7,1991,1,2,5,1,5
2018010102801,1,11,0,18,0,1,0,0,0,0,1,1,1,1,31,6,9360,2,7,5,1,5
2018010102804,1,9,0,10,0,5,0,0,0,0,2,1,3,2,43,7,2148,2,13,2,1,2
2018010102804,2,9,0,10,0,6,0,0,0,0,1,1,1,1,41,7,-1,-1,-1,4,1,4
2018010102810,1,9,0,9,0,2,0,0,0,0,1,1,1,2,50,8,1997,2,14,5,1,5
2018010102821,1,1,-1,-1,-1,-1,-1,-1,-1,-1,-1,1,2,1,34,6,-1,-1,-1,9,1,9
2018010102821,2,9,0,-1,-1,-1,-1,-1,-1,-1,-1,-1,6,3,-1,-1,-1,-1,-1,-1,-1,-1
2018010102830,1,1,-1,-1,-1,-1,-1,-1,-1,-1,1,1,2,1,47,8,-1,-1,-1,10,1,10
2018010102830,2,9,0,-1,-1,-1,-1,-1,-1,-1,-1,-1,6,1,-1,-1,-1,-1,-1,-1,-1,-1
2018010102831,1,1,-1,-1,-1,-1,-1,-1,-1,-1,-1,1,3,2,49,8,-1,-1,-1,4,1,4
2018010102831,2,90,-1,-1,-1,-1,-1,-1,-1,-1,-1,-1,6,3,-1,-1,-1,-1,-1,-1,-1,-1
2018010102831,3,9,0,-1,-1,-1,-1,-1,-1,-1,2,-1,6,3,-1,-1,1998,1,18,-1,-1,-1
2018010102833,1,9,0,18,0,1,0,0,0,0,3,-1,6,1,46,8,1910,2,13,2,1,2
2018010102833,2,9,0,18,0,1,0,0,0,0,4,-1,6,1,37,7,1997,2,6,2,1,2
2018010102834,1,3,0,14,9,0,0,0,7,10,4,1,6,1,21,5,125,1,1,3,1,3
2018010102834,2,9,0,9,0,0,0,0,0,0,3,1,6,2,26,6,1999,2,1,8,1,8
2018010102836,1,5,0,18,0,0,0,0,0,0,4,1,1,1,68,10,800,1,-1,7,1,7
2018010102836,2,9,0,18,0,0,0,0,0,0,3,1,1,1,-1,-1,-1,-1,-1,4,1,4
2018010102836,3,9,0,18,0,0,0,0,0,0,0,1,2,1,48,8,1995,2,11,8,1,8
2018010102837,1,9,-1,18,0,1,0,0,0,0,3,-1,6,1,50,8,1997,2,9,3,1,3
2018010102837,2,9,-1,18,0,3,0,0,0,0,4,-1,6,3,-1,-1,1598,1,14,-1,-1,-1
2018010102839,1,1,-1,-1,-1,-1,-1,-1,-1,-1,-1,1,2,1,25,5,-1,-1,-1,2,1,2
2018010102839,2,1,-1,-1,-1,-1,-1,-1,-1,-1,1,1,6,1,-1,-1,-1,-1,-1,-1,-1,-1
2018010102840,1,19,0,-1,-1,-1,-1,-1,-1,-1,-1,-1,6,1,38,7,-1,-1,-1,2,1,2
2018010102840,2,19,-1,-1,-1,-1,-1,-1,-1,-1,-1,-1,6,3,34,6,-1,-1,-1,9,1,9
2018010102842,1,9,0,-1,0,1,0,0,0,0,1,-1,6,3,-1,-1,-1,-1,-1,-1,-1,-1
2018010102843,1,1,0,18,0,1,0,0,0,0,3,1,1,1,59,9,-1,-1,-1,2,1,2
2018010102843,2,9,0,9,0,1,0,0,0,0,1,1,6,1,34,6,2000,2,12,5,1,5
2018010102844,1,9,0,7,0,1,1,0,4,1,1,1,6,1,21,5,1596,1,12,1,1,1
2018010102846,1,9,0,18,0,0,0,0,0,0,4,1,6,3,-1,-1,-1,-1,-1,-1,-1,-1
2018010102847,1,9,0,18,0,8,0,0,0,0,3,1,2,1,37,7,1497,8,2,7,1,7
2018010102847,2,1,0,18,0,4,0,0,0,0,1,1,6,1,25,5,-1,-1,-1,1,1,1
2018010102848,1,9,0,18,0,1,0,0,0,0,1,1,6,2,34,6,1149,1,10,2,1,2
2018010102848,2,9,0,5,0,8,0,0,0,0,3,1,6,2,32,6,2179,2,6,1,1,1
2018010102848,3,9,0,10,0,1,0,0,0,0,1,1,6,2,37,7,1896,2,10,2,1,2
2018010102851,1,9,0,18,0,1,0,0,0,0,1,1,6,2,41,7,2000,2,7,5,1,5
2018010102853,1,9,-1,-1,-1,-1,-1,-1,-1,-1,-1,-1,6,3,-1,-1,1598,1,5,-1,-1,-1
2018010102853,2,3,0,-1,-1,-1,0,-1,-1,-1,1,1,6,1,28,6,108,1,4,3,1,3
2018010102856,1,20,-1,-1,-1,1,-1,-1,-1,-1,2,-1,6,3,-1,-1,9290,2,2,-1,-1,-1
2018010102862,1,9,0,18,0,0,0,0,0,0,4,1,2,2,21,5,1461,2,2,5,1,5
2018010102862,2,9,0,18,0,0,1,0,0,0,4,1,6,1,60,9,1598,2,4,4,1,4
2018010102863,1,5,0,18,0,1,0,0,0,0,3,1,2,1,42,7,1649,1,-1,10,2,10
2018010102863,2,8,0,7,0,1,0,0,0,0,4,1,1,1,44,7,2967,2,6,6,1,6
2018010102864,1,9,0,18,0,8,0,0,0,0,3,1,3,1,35,6,1560,2,1,3,1,3
2018010102864,2,9,0,18,0,8,0,0,0,0,1,1,2,2,42,7,1349,1,9,5,1,5
2018010102865,1,9,0,-1,-1,-1,-1,-1,-1,-1,2,-1,2,2,29,6,1229,1,2,3,1,3
2018010102865,2,9,0,-1,-1,-1,-1,-1,-1,-1,1,-1,6,1,-1,-1,2148,2,10,-1,-1,-1
2018010102865,3,9,0,-1,-1,-1,-1,-1,-1,-1,0,-1,6,2,-1,-1,1590,1,16,9,1,9
2018010102867,1,1,-1,-1,-1,-1,-1,-1,-1,-1,1,1,2,1,32,6,-1,-1,-1,2,1,2
2018010102867,2,9,0,-1,-1,-1,-1,-1,-1,-1,-1,-1,6,1,43,7,2967,2,1,5,1,5
2018010102875,1,9,0,-1,-1,0,-1,-1,-1,-1,2,-1,6,1,66,10,647,8,1,2,1,2
2018010102875,2,9,0,-1,-1,0,-1,-1,-1,-1,1,-1,6,3,-1,-1,1398,1,3,2,1,2
2018010102876,1,11,0,5,0,0,0,12,0,0,1,1,6,1,-1,-1,5132,2,-1,-1,-1,-1
2018010102877,1,1,-1,18,-1,0,-1,0,-1,0,-1,1,6,1,32,6,-1,-1,-1,3,1,3
2018010102878,1,9,0,5,0,8,0,0,0,0,1,1,1,1,57,9,-1,-1,-1,7,1,7
2018010102878,2,1,0,9,0,6,0,0,0,0,4,1,6,1,31,6,-1,-1,-1,3,1,3
2018010102880,1,3,0,18,0,1,0,0,0,0,1,1,1,1,24,5,125,1,4,2,1,2
2018010102880,2,8,0,9,0,1,0,0,0,0,3,1,1,1,39,7,1968,2,3,2,1,2
2018010102884,1,9,0,3,0,1,0,0,0,0,2,1,6,1,56,9,1797,8,5,6,1,6
2018010102884,2,9,0,18,0,8,0,0,0,0,1,-1,6,3,-1,-1,1248,2,12,-1,-1,-1
2018010102887,1,21,0,18,0,1,0,0,0,0,4,1,6,1,36,7,-1,-1,-1,3,1,3
2018010102888,1,8,0,5,2,0,0,4,0,0,1,1,6,1,84,11,2664,2,19,8,1,8
2018010102888,2,11,0,5,2,0,0,0,0,0,2,1,6,1,56,9,6700,2,7,3,1,3
2018010102889,1,9,0,18,0,1,0,0,1,0,1,1,2,1,52,8,1240,1,10,-1,-1,-1
2018010102889,2,9,0,4,0,1,0,0,0,0,2,1,6,1,55,8,1124,1,15,4,1,4
2018010102889,3,9,0,18,0,1,0,0,0,0,2,1,6,2,53,8,1397,1,16,-1,-1,-1
2018010102891,1,8,0,3,0,1,0,0,0,0,1,1,1,1,34,6,1798,8,2,2,1,2
2018010102892,1,9,0,4,0,1,0,0,0,0,1,1,6,2,71,10,1598,1,7,5,1,5
2018010102892,2,9,0,18,0,1,0,0,0,0,1,1,6,2,20,4,999,1,2,4,1,4
2018010102895,1,1,-1,-1,-1,0,-1,-1,-1,-1,1,1,2,1,31,6,-1,-1,-1,4,1,4
2018010102895,2,9,-1,7,0,0,0,0,0,0,4,-1,6,1,-1,-1,3700,1,12,5,1,5
2018010102902,1,9,0,4,0,2,0,0,0,0,4,1,6,2,51,8,1364,1,1,5,1,5
2018010102906,1,9,0,3,0,1,0,-1,0,0,2,-1,6,1,36,7,1796,1,10,4,1,4
2018010102906,2,20,0,18,0,1,0,-1,0,0,1,-1,6,1,-1,-1,1995,2,1,3,1,3
2018010102922,1,11,0,18,0,1,0,0,0,0,0,1,1,1,26,6,4500,2,1,4,1,4
2018010102924,1,1,-1,-1,-1,0,-1,-1,-1,-1,-1,1,2,1,42,7,-1,-1,-1,8,1,8
2018010102924,2,9,0,-1,-1,0,-1,-1,-1,-1,1,-1,6,2,-1,-1,1998,1,21,-1,-1,-1
2018010102926,1,9,0,18,0,1,0,0,0,0,4,1,6,1,72,10,1596,1,7,-1,-1,-1
2018010102927,1,19,0,6,0,1,0,0,0,0,1,1,1,1,39,7,1560,2,5,7,1,7
2018010102927,2,2,0,18,0,8,0,0,0,0,4,1,2,1,26,6,599,1,20,7,1,7
2018010102933,1,9,0,12,0,4,0,0,0,0,2,1,6,1,18,4,1596,1,12,4,1,4
2018010102933,2,9,0,18,0,4,0,0,0,0,1,1,6,1,18,4,2143,2,3,10,1,10
2018010102934,1,9,0,9,0,8,0,0,0,0,4,1,3,2,50,8,1796,1,11,1,1,1
2018010102934,2,1,0,18,0,1,0,0,0,0,1,1,6,1,39,7,-1,-1,-1,3,1,3
2018010102935,1,9,0,18,0,1,0,0,0,0,2,1,1,1,40,7,1797,8,8,3,1,3
2018010102935,2,9,0,18,0,1,0,0,0,0,1,1,6,2,56,9,1368,1,1,7,1,7
2018010102935,3,5,0,3,0,1,0,0,0,0,0,1,1,1,36,7,-1,-1,-1,3,1,3
2018010102937,1,9,0,9,0,5,0,0,0,0,3,1,6,2,58,9,1497,8,13,5,1,5
2018010102937,2,3,0,13,0,8,2,0,0,0,1,1,6,1,20,4,124,1,7,3,1,3
2018010102938,1,5,0,18,0,1,0,0,7,0,1,1,1,1,57,9,745,1,2,5,1,5
2018010102938,2,9,0,9,0,6,0,0,7,0,1,1,3,2,68,10,1781,1,13,-1,-1,-1
2018010102946,1,1,0,18,0,8,0,0,0,0,1,1,1,1,53,8,-1,-1,-1,4,1,4
2018010102950,1,9,0,15,0,0,0,4,0,0,1,1,6,3,17,4,1896,2,9,-1,-1,-1
2018010102950,2,9,0,4,0,0,0,0,0,0,1,1,3,1,30,6,1560,2,5,2,1,2
2018010102950,3,9,0,2,0,0,0,0,0,0,1,1,6,3,-1,-1,2295,6,20,-1,-1,-1
2018010102951,1,9,0,18,0,8,0,0,1,0,1,1,6,2,63,9,1390,1,12,7,1,7
2018010102953,1,9,0,18,0,2,0,0,0,0,4,1,2,1,64,9,1591,1,2,-1,-1,-1
2018010102953,2,1,0,18,0,2,0,0,0,0,0,1,2,2,29,6,-1,-1,-1,5,1,5
2018010102955,1,1,0,17,0,1,0,0,0,0,2,1,2,1,26,6,-1,-1,-1,9,1,9
2018010102955,2,8,0,18,0,2,0,0,0,0,1,1,1,1,39,7,2143,2,6,3,1,3
2018010102958,1,11,0,4,0,0,0,0,0,0,1,1,1,1,29,6,6700,2,6,5,1,5
2018010102962,1,9,-1,18,0,-1,-1,-1,-1,-1,-1,-1,6,3,-1,-1,-1,-1,-1,-1,-1,-1
2018010102963,1,8,0,6,0,8,0,0,0,0,3,1,6,1,49,8,2776,2,2,8,1,8
2018010102963,2,4,0,14,0,8,0,0,0,0,4,1,6,1,84,11,535,1,22,7,1,7
2018010102965,1,9,0,18,0,0,0,0,0,0,2,1,6,3,-1,-1,-1,-1,-1,-1,-1,-1
2018010102965,2,1,0,18,0,0,0,0,0,0,1,1,6,1,23,5,-1,-1,-1,2,1,2
2018010102966,1,19,0,4,0,1,0,0,0,0,1,1,6,1,49,8,2464,2,11,3,1,3
2018010102966,2,9,0,4,0,1,0,0,0,0,2,1,6,1,26,6,1968,2,2,3,1,3
2018010102967,1,19,0,5,0,8,0,0,0,0,1,1,6,3,-1,-1,1686,2,16,-1,-1,-1
2018010102970,1,1,-1,-1,-1,-1,-1,-1,-1,-1,-1,1,6,2,59,9,-1,-1,-1,9,1,9
2018010102970,2,9,0,-1,-1,-1,-1,-1,-1,-1,3,-1,6,2,22,5,1390,1,12,4,1,4
2018010102971,1,1,-1,-1,-1,0,-1,-1,-1,-1,-1,1,6,1,4,1,-1,-1,-1,2,1,2
2018010102971,2,19,0,-1,-1,0,-1,-1,-1,-1,2,-1,6,1,-1,-1,-1,-1,-1,-1,-1,-1
2018010102982,1,5,0,3,0,1,0,0,0,0,1,1,6,1,44,7,1043,1,6,-1,-1,-1
2018010102982,2,19,0,1,0,1,0,0,0,0,2,2,2,1,33,6,2143,2,1,7,1,7
2018010102989,1,19,0,15,0,0,0,0,0,0,4,1,1,1,35,6,2143,2,2,3,1,3
2018010102989,2,1,0,18,0,0,0,0,0,0,3,1,6,1,22,5,-1,-1,-1,5,1,5
2018010102990,1,9,0,5,0,3,0,0,0,0,1,1,6,1,34,6,2179,2,7,4,1,4
2018010102991,1,2,0,15,0,0,0,0,0,0,3,1,2,1,47,8,125,1,3,4,1,4
2018010102992,1,1,-1,-1,-1,0,-1,-1,-1,-1,-1,1,2,1,32,6,-1,-1,-1,2,1,2
2018010102992,2,8,0,-1,-1,0,-1,-1,-1,-1,1,-1,6,1,-1,-1,2402,2,14,5,1,5
2018010102993,1,2,0,9,0,1,0,4,0,0,2,1,2,1,44,7,115,1,3,6,1,6
2018010102993,2,8,0,18,0,1,0,0,0,0,1,1,2,1,29,6,1797,8,5,1,1,1
2018010102995,1,1,0,18,0,1,0,0,0,0,1,1,2,1,31,6,-1,-1,-1,3,1,3
2018010102997,1,9,0,9,0,2,0,0,0,0,1,1,6,1,23,5,1390,1,5,5,1,5
2018010102997,2,9,0,18,0,1,0,0,0,0,3,2,6,2,21,5,1242,1,9,2,1,2
2018010102998,1,1,0,18,0,1,0,0,0,0,1,1,6,1,29,6,-1,-1,-1,3,1,3
2018010102998,2,9,0,18,0,1,0,0,0,0,2,2,6,1,43,7,-1,-1,-1,2,1,2
2018010102999,1,9,0,-1,-1,-1,-1,-1,-1,-1,2,-1,6,1,32,6,1799,1,11,2,1,2
2018010102999,2,9,0,-1,-1,-1,-1,-1,-1,-1,1,-1,6,1,-1,-1,998,1,1,-1,-1,-1
2018010103001,1,9,0,9,0,4,0,0,0,0,0,1,2,2,21,5,998,1,5,10,1,10
2018010103001,2,3,0,18,0,4,0,0,0,0,0,1,2,1,58,9,124,1,14,9,1,9
2018010103003,1,8,0,6,0,6,0,0,0,0,4,1,6,1,45,7,2499,2,11,2,1,2
2018010103003,2,2,0,18,0,1,0,0,0,0,1,1,6,1,44,7,124,1,11,5,1,5
2018010103005,1,9,0,-1,-1,-1,-1,-1,-1,-1,-1,-1,2,1,-1,-1,1597,1,9,3,1,3
2018010103005,2,9,0,-1,-1,-1,-1,-1,-1,-1,-1,-1,6,3,-1,-1,1900,2,19,-1,-1,-1
2018010103006,1,9,0,18,0,1,0,0,0,0,1,1,6,3,-1,-1,-1,-1,-1,-1,-1,-1
2018010103011,1,8,0,-1,-1,0,-1,-1,-1,-1,1,-1,6,1,31,6,1968,2,6,2,1,2
2018010103011,2,9,0,-1,-1,0,-1,-1,-1,-1,1,-1,6,3,-1,-1,1598,1,7,-1,-1,-1
2018010103011,3,8,0,-1,-1,0,-1,-1,-1,-1,2,-1,6,3,-1,-1,1686,2,7,-1,-1,-1
2018010103012,1,9,0,18,0,1,1,0,0,0,3,1,6,1,32,6,1995,2,3,8,1,8
2018010103012,2,11,0,18,0,1,0,0,0,0,1,1,6,1,55,8,-1,-1,-1,-1,-1,-1
2018010103014,1,9,0,18,0,3,0,0,0,0,1,1,6,2,31,6,1598,1,4,3,1,3
2018010103014,2,9,0,18,0,4,1,0,0,0,3,1,1,1,42,7,1686,2,5,4,1,4
2018010103018,1,9,0,18,0,2,0,0,0,0,1,1,6,3,-1,-1,-1,-1,-1,-1,-1,-1
2018010103022,1,11,0,15,0,2,0,0,0,0,4,1,1,1,52,8,4500,2,2,8,1,8
2018010103022,2,1,0,18,0,2,0,10,0,0,3,1,6,1,37,7,-1,-1,-1,5,1,5
2018010103024,1,9,0,18,0,1,0,0,0,0,1,1,1,1,48,8,999,1,1,5,1,5
2018010103024,2,9,0,1,0,2,0,0,0,0,2,1,6,1,18,4,4164,2,14,-1,-1,-1
2018010103027,1,3,0,18,0,0,0,0,0,0,4,1,1,1,46,8,689,1,2,8,1,8
2018010103027,2,9,0,18,0,0,0,0,0,0,4,1,6,3,-1,-1,-1,-1,-1,-1,-1,-1
2018010103028,1,19,0,18,0,1,0,0,0,0,2,1,6,1,32,6,2198,2,3,3,1,3
2018010103028,2,9,0,18,0,1,0,0,0,0,1,1,6,2,23,5,1242,1,4,2,1,2
2018010103028,3,9,0,18,0,1,0,0,0,0,4,1,6,1,32,6,-1,-1,-1,7,1,7
2018010103028,4,9,0,18,0,1,0,0,0,0,1,1,6,1,25,5,1753,2,11,2,1,2
2018010103029,1,5,0,18,0,0,2,0,0,0,0,1,6,1,26,6,1340,1,3,6,1,6
2018010103034,1,20,0,-1,-1,-1,-1,-1,-1,-1,2,-1,6,1,31,6,-1,-1,-1,5,1,5
2018010103034,2,20,0,-1,-1,-1,-1,-1,-1,-1,1,-1,6,2,-1,-1,-1,-1,-1,-1,-1,-1
2018010103045,1,19,0,16,0,1,0,0,0,0,1,1,6,3,-1,-1,-1,-1,-1,-1,-1,-1
2018010103047,1,19,0,16,0,0,0,0,0,0,3,1,2,1,59,9,1560,2,8,3,1,3
2018010103047,2,9,0,17,0,0,0,0,0,0,3,1,2,2,33,6,2998,1,1,4,1,4
2018010103050,1,3,0,18,0,0,0,10,0,0,4,1,6,1,20,4,125,1,5,5,1,5
2018010103052,1,9,0,18,0,0,0,0,0,0,2,1,6,2,38,7,1497,8,3,3,1,3
2018010103052,2,90,0,18,0,0,0,0,0,0,1,1,1,1,28,6,7698,2,4,2,1,2
2018010103053,1,19,0,5,0,1,0,0,0,0,1,1,1,1,36,7,1560,2,11,9,1,9
2018010103053,2,9,0,5,0,1,0,0,0,0,2,1,6,2,22,5,1422,2,3,4,1,4
2018010103056,1,9,0,4,0,0,0,0,0,0,2,2,6,2,40,7,2231,2,6,10,1,10
2018010103056,2,9,0,18,0,0,0,0,0,0,1,1,1,2,39,7,1598,1,3,3,1,3
2018010103061,1,9,0,6,0,2,0,0,0,0,1,1,6,1,58,9,1364,1,-1,2,1,2
2018010103061,2,3,0,18,0,2,0,0,0,0,3,1,6,1,29,6,125,1,7,-1,-1,-1
2018010103067,1,1,-1,-1,-1,0,-1,-1,-1,-1,-1,1,2,1,55,8,-1,-1,-1,8,1,8
2018010103067,2,9,0,-1,-1,0,-1,-1,-1,-1,1,-1,6,1,-1,-1,1149,1,9,-1,-1,-1
2018010103071,1,3,0,18,0,0,1,0,0,0,1,1,6,1,18,4,125,1,8,9,1,9
2018010103074,1,9,0,-1,-1,0,-1,-1,-1,-1,2,-1,6,1,20,4,1560,2,4,3,1,3
2018010103074,2,9,-1,18,0,0,-1,0,0,0,1,-1,6,3,-1,-1,-1,-1,-1,-1,-1,-1
2018010103075,1,1,0,16,0,2,5,0,0,0,0,1,2,1,27,6,-1,-1,-1,1,1,1
2018010103076,1,9,0,18,0,8,0,4,0,0,1,1,1,1,58,9,1248,2,4,7,3,7
2018010103076,2,9,0,4,0,8,0,0,0,0,2,1,6,1,51,8,1968,2,3,8,2,8
2018010103077,1,9,0,9,0,8,0,0,0,0,1,1,2,1,47,8,4266,1,19,3,1,3
2018010103077,2,9,0,15,0,8,5,0,0,0,4,1,2,1,48,8,998,1,4,4,1,4
2018010103078,1,9,0,18,0,0,0,0,4,6,4,1,1,1,39,7,1390,1,17,5,1,5
2018010103078,2,21,0,11,0,0,0,0,0,0,1,1,1,1,35,6,6700,2,2,2,1,2
2018010103079,1,9,0,1,0,2,0,0,0,0,2,1,6,1,40,7,1968,2,11,2,1,2
2018010103079,2,1,0,5,0,1,1,0,0,0,1,1,6,1,34,6,-1,-1,-1,2,1,2
2018010103080,1,1,-1,-1,-1,0,-1,-1,-1,-1,-1,1,6,1,37,7,-1,-1,-1,3,1,3
2018010103080,2,9,0,-1,-1,0,-1,-1,-1,-1,-1,-1,6,1,22,5,1686,2,11,1,1,1
2018010103081,1,9,0,18,0,8,0,0,7,0,1,1,6,2,42,7,1497,8,11,7,1,7
2018010103081,2,9,0,7,0,8,0,0,1,10,1,1,6,1,73,10,1796,1,6,4,1,4
2018010103084,1,9,0,2,0,0,0,0,0,0,2,1,6,3,-1,-1,1598,1,11,-1,-1,-1
2018010103084,2,9,0,18,0,0,0,0,0,0,1,1,6,1,43,7,1769,1,15,6,1,6
2018010103085,1,9,0,18,2,1,0,0,0,0,1,1,6,1,22,5,1968,2,4,4,1,4
2018010103085,2,9,0,18,2,8,0,0,0,0,1,1,6,1,78,11,1798,8,-1,7,1,7
2018010103087,1,9,0,8,0,1,0,0,0,0,2,1,1,1,47,8,1995,2,11,3,1,3
2018010103087,2,9,0,7,0,1,0,0,0,0,1,1,6,2,48,8,1398,1,3,3,1,3
2018010103088,1,5,0,3,0,5,0,0,0,0,2,1,6,1,48,8,1301,1,-1,8,1,8
2018010103088,2,9,0,4,0,1,0,4,0,0,1,1,6,2,26,6,1598,1,7,10,1,10
2018010103091,1,9,0,5,0,0,0,0,0,0,2,1,6,1,50,8,1242,1,18,8,1,8
2018010103091,2,1,0,5,0,0,0,0,0,0,3,1,6,1,41,7,-1,-1,-1,4,1,4
2018010103093,1,3,0,14,0,0,0,0,0,0,1,1,6,1,19,4,124,1,11,-1,-1,-1
2018010103093,2,2,0,6,0,0,0,0,0,0,3,1,1,1,22,5,49,1,2,3,1,3
2018010103094,1,9,0,9,0,6,0,0,0,0,1,1,6,2,46,8,1587,1,14,3,1,3
2018010103094,2,1,0,5,0,1,0,0,0,0,1,1,6,1,48,8,-1,-1,-1,9,-1,9
2018010103095,1,9,0,16,0,7,0,4,0,0,1,1,6,2,26,6,1197,1,3,3,1,3
2018010103095,2,8,0,4,0,2,0,0,0,0,2,1,1,1,43,7,1968,2,6,4,1,4