Accident_Index,Vehicle_Reference,Vehicle_Type,Towing_and_Articulation,Vehicle_Manoeuvre,Vehicle_Location-Restricted_Lane,Junction_Location,Skidding_and_Overturning,Hit_Object_in_Carriageway,Vehicle_Leaving_Carriageway,Hit_Object_off_Carriageway,1st_Point_of_Impact,Was_Vehicle_Left_Hand_Drive?,Journey_Purpose_of_Driver,Sex_of_Driver,Age_of_Driver,Age_Band_of_Driver,Engine_Capacity_(CC),Propulsion_Code,Age_of_Vehicle,Driver_IMD_Decile,Driver_Home_Area_Type,Vehicle_IMD_Decile
2018010103096,1,9,0,9,0,1,0,0,0,0,1,1,6,1,61,9,1248,2,9,6,1,6
2018010103096,2,5,0,15,0,1,0,0,0,0,1,1,6,1,25,5,999,1,8,2,1,2
2018010103097,1,5,0,14,0,0,5,0,0,0,3,1,6,1,49,8,599,1,7,2,1,2
2018010103097,2,9,0,6,0,0,0,0,0,0,3,1,6,1,21,5,1200,1,2,4,1,4
2018010103101,1,9,0,-1,-1,-1,-1,-1,-1,-1,2,-1,6,2,19,4,1596,1,11,5,1,5
2018010103101,2,20,-1,-1,-1,2,-1,-1,-1,-1,1,-1,6,1,-1,-1,-1,-1,-1,-1,-1,-1
2018010103103,1,9,0,18,0,0,0,0,0,0,1,1,6,2,18,4,998,1,9,3,1,3
2018010103104,1,11,0,18,0,1,0,0,0,0,1,1,1,1,29,6,4500,2,3,1,1,1
2018010103105,1,9,0,18,0,2,0,4,7,10,1,1,6,1,53,8,2967,2,11,8,1,8
2018010103105,2,19,0,2,9,2,0,4,0,0,2,1,6,3,-1,-1,2198,2,2,-1,-1,-1
2018010103105,3,9,0,2,0,2,0,0,0,0,1,1,6,3,-1,-1,1497,1,16,-1,-1,-1
2018010103111,1,9,0,1,9,0,0,0,0,0,3,1,6,1,61,9,1598,2,3,8,1,8
2018010103118,1,19,0,9,0,8,0,0,0,0,1,1,6,1,45,7,1968,2,5,-1,-1,-1
2018010103119,1,9,0,18,0,0,0,0,0,0,1,1,6,1,38,7,998,1,5,4,1,4
2018010103121,1,9,0,18,0,0,0,0,0,0,1,1,6,2,51,8,1798,8,5,10,1,10
2018010103121,2,19,0,18,0,0,0,0,0,0,2,1,2,1,44,7,2151,2,16,4,1,4
2018010103122,1,3,0,9,0,8,0,0,0,0,4,1,1,1,44,7,125,1,2,3,1,3
2018010103122,2,9,0,5,0,8,0,0,0,0,1,1,6,3,-1,-1,1390,1,21,-1,-1,-1
2018010103123,1,11,0,18,0,2,0,0,0,0,3,1,1,1,54,8,4760,2,5,8,1,8
2018010103127,1,9,0,18,0,1,0,0,0,0,2,2,6,1,56,9,1598,1,3,-1,-1,-1
2018010103127,2,1,0,18,0,1,0,0,0,0,1,1,6,1,42,7,-1,-1,-1,7,1,7
2018010103128,1,9,0,-1,-1,-1,-1,-1,-1,-1,2,-1,6,2,47,8,3222,2,15,7,1,7
2018010103128,2,9,0,-1,-1,-1,-1,-1,-1,-1,2,-1,6,3,-1,-1,-1,-1,-1,-1,-1,-1
2018010103130,1,9,0,18,2,0,0,0,0,0,4,1,6,1,32,6,1596,1,10,6,1,6
2018010103131,1,1,-1,-1,-1,-1,-1,-1,-1,-1,-1,1,6,1,55,8,-1,-1,-1,3,1,3
2018010103131,2,9,0,-1,-1,-1,-1,-1,-1,-1,1,-1,6,1,-1,-1,998,1,3,2,1,2
2018010103134,1,9,0,18,0,4,0,10,0,0,1,1,6,2,29,6,1086,1,13,3,1,3
2018010103135,1,1,-1,-1,-1,-1,-1,-1,-1,-1,-1,1,2,1,30,6,-1,-1,-1,2,1,2
2018010103135,2,8,0,-1,-1,-1,-1,-1,-1,-1,-1,-1,6,1,-1,-1,1560,2,5,1,1,1
2018010103140,1,9,0,9,0,2,0,0,0,0,1,1,6,2,17,4,-1,-1,-1,-1,-1,-1
2018010103142,1,9,0,16,0,1,0,0,0,0,4,1,6,2,34,6,1587,1,16,4,1,4
2018010103142,2,9,0,18,0,1,0,0,0,0,1,1,6,2,49,8,1339,1,11,2,1,2
2018010103143,1,3,0,-1,-1,-1,-1,-1,-1,-1,1,1,6,1,30,6,125,1,8,4,1,4
2018010103143,2,8,0,-1,-1,-1,-1,-1,-1,-1,-1,-1,6,1,52,8,2402,2,12,-1,-1,-1
2018010103146,1,9,0,18,0,0,0,0,0,0,1,1,6,1,17,4,1197,1,3,4,1,4
2018010103151,1,9,0,18,0,0,0,0,0,0,4,1,6,3,38,7,-1,-1,-1,-1,-1,-1
2018010103154,1,9,0,9,0,5,1,0,0,0,1,1,2,1,29,6,1796,1,16,6,1,6
2018010103154,2,9,0,18,0,8,1,0,1,10,1,1,6,2,33,6,2497,1,12,3,1,3
2018010103154,3,9,0,2,9,2,1,0,1,10,2,1,6,3,-1,-1,1390,1,21,-1,-1,-1
2018010103154,4,19,0,2,9,2,0,0,0,0,2,1,6,3,-1,-1,1461,2,5,-1,-1,-1
2018010103155,1,9,0,-1,-1,-1,-1,-1,-1,-1,2,-1,6,2,43,7,1968,2,6,3,1,3
2018010103155,2,9,0,-1,-1,-1,-1,-1,-1,-1,1,-1,6,2,-1,-1,-1,-1,-1,-1,-1,-1
2018010103158,1,11,0,4,2,1,0,0,0,0,0,1,1,1,36,7,4500,2,4,5,1,5
2018010103159,1,1,0,18,2,0,0,0,0,0,1,1,6,1,15,3,-1,-1,-1,2,1,2
2018010103159,2,11,0,4,2,0,0,0,0,0,2,1,1,1,38,7,6700,2,6,2,1,2
2018010103160,1,9,0,4,0,1,0,0,0,0,3,1,6,2,47,8,2987,2,8,6,1,6
2018010103160,2,9,0,18,0,1,0,0,0,0,2,1,6,2,65,9,1388,1,10,-1,-1,-1
2018010103160,3,9,0,18,0,2,0,0,0,0,3,1,6,2,51,8,1781,1,9,10,1,10
2018010103160,4,9,0,18,0,1,0,0,0,0,3,1,6,1,52,8,2993,2,3,8,1,8
2018010103160,5,9,0,18,0,2,0,0,0,0,1,1,6,3,-1,-1,2143,2,4,-1,-1,-1
2018010103162,1,9,0,18,0,1,1,0,7,7,1,1,6,1,28,6,2143,2,4,-1,-1,-1
2018010103162,2,9,0,18,0,1,1,0,7,7,3,1,6,1,21,5,1596,1,11,5,1,5
2018010103162,3,9,0,18,0,1,0,0,0,0,1,1,6,3,28,6,-1,-1,-1,-1,-1,-1
2018010103164,1,9,0,9,0,0,0,0,0,0,1,1,6,1,27,6,999,1,2,8,1,8
2018010103165,1,8,0,1,0,8,0,0,0,0,2,1,1,1,58,9,2776,2,1,3,1,3
2018010103166,1,9,0,9,0,6,0,0,0,0,1,1,6,1,18,4,1364,1,11,5,1,5
2018010103166,2,5,0,18,0,8,0,0,0,0,3,1,2,1,50,8,839,1,6,10,1,10
2018010103167,1,9,0,-1,-1,-1,-1,-1,-1,-1,1,-1,6,2,23,5,2148,2,12,6,1,6
2018010103167,2,9,0,-1,-1,-1,-1,-1,-1,-1,-1,-1,6,3,-1,-1,2319,1,16,4,1,4
2018010103171,1,8,0,3,0,1,0,0,0,0,2,1,1,1,41,7,1560,2,9,3,1,3
2018010103171,2,9,0,3,0,1,0,0,0,0,2,1,6,1,19,4,1390,1,7,4,1,4
2018010103171,3,8,0,3,0,1,0,0,0,0,3,1,1,1,44,7,2148,2,9,4,1,4
2018010103171,4,9,0,18,0,1,0,0,0,0,4,1,6,3,-1,-1,-1,-1,-1,-1,-1,-1
2018010103180,1,9,0,7,0,1,0,0,0,0,4,1,6,1,39,7,1598,1,12,2,1,2
2018010103180,2,1,0,18,0,1,0,0,0,0,4,1,6,1,25,5,-1,-1,-1,2,1,2
2018010103181,1,9,0,18,9,0,0,0,1,0,1,1,6,1,28,6,-1,-1,-1,-1,-1,-1
2018010103190,1,9,0,-1,-1,-1,-1,-1,-1,-1,-1,-1,6,1,42,7,2996,1,9,3,1,3
2018010103190,2,9,4,-1,-1,-1,-1,-1,-1,-1,-1,-1,6,1,46,8,-1,-1,-1,2,1,2
2018010103191,1,9,0,18,0,0,0,0,0,0,1,1,6,3,-1,-1,-1,-1,-1,-1,-1,-1
2018010103191,2,1,0,18,0,0,0,0,0,0,3,1,6,1,8,2,-1,-1,-1,1,1,1
2018010103194,1,5,0,18,0,1,0,11,1,4,1,1,6,1,38,7,998,1,4,2,1,2
2018010103195,1,8,0,18,0,0,0,4,0,0,1,1,1,1,33,6,1797,8,4,4,1,4
2018010103195,2,9,0,2,0,0,0,0,0,0,2,1,6,3,-1,-1,1461,2,7,-1,-1,-1
2018010103196,1,9,0,18,0,0,0,0,0,0,1,1,6,1,31,6,1956,2,2,1,1,1
2018010103196,2,9,0,5,0,0,0,0,0,0,4,1,6,2,29,6,1198,1,4,3,1,3
2018010103198,1,9,0,3,0,1,0,0,0,0,4,1,6,1,25,5,5998,1,3,4,1,4
2018010103198,2,3,0,15,0,2,5,0,0,0,3,1,1,1,38,7,124,1,10,3,1,3
2018010103199,1,19,0,17,0,8,0,0,0,0,1,1,6,3,-1,-1,-1,-1,-1,-1,-1,-1
2018010103199,2,9,0,18,0,1,0,0,0,0,0,1,1,2,28,6,999,1,1,3,1,3
2018010103200,1,3,0,17,0,0,1,0,1,0,1,1,6,1,26,6,124,1,1,2,1,2
2018010103200,2,9,0,2,9,0,0,0,0,0,1,1,6,3,-1,-1,2268,2,1,-1,-1,-1
2018010103201,1,11,0,18,0,1,0,0,0,0,4,1,1,1,31,6,9360,2,7,5,1,5
2018010103201,2,1,0,18,4,1,0,7,0,0,4,1,6,2,19,4,-1,-1,-1,8,1,8
2018010103202,1,8,0,-1,0,0,0,0,0,0,0,-1,6,1,50,8,2402,2,14,-1,-1,-1
2018010103202,2,9,0,18,0,0,0,0,0,0,0,1,6,3,-1,-1,-1,-1,-1,-1,-1,-1
2018010103202,3,9,0,18,0,0,0,0,0,0,0,1,6,3,-1,-1,-1,-1,-1,-1,-1,-1
2018010103203,1,8,0,9,0,1,0,0,0,0,1,1,1,1,54,8,1797,8,7,3,1,3
2018010103203,2,1,0,18,0,8,0,0,0,0,3,1,6,1,25,5,-1,-1,-1,2,1,2
2018010103206,1,9,0,9,0,6,0,0,0,0,3,2,6,2,28,6,1598,1,11,7,1,7
2018010103206,2,9,0,18,0,1,0,0,0,0,4,2,6,1,21,5,1149,1,8,-1,-1,-1
2018010103207,1,8,0,9,0,5,0,0,0,0,3,1,1,1,44,7,1797,8,7,6,1,6
2018010103207,2,3,0,13,0,1,0,0,0,0,1,1,2,2,30,6,124,1,9,3,1,3
2018010103208,1,8,0,9,0,5,0,0,0,0,4,1,6,1,44,7,1798,8,1,3,1,3
2018010103208,2,5,0,18,0,8,0,0,0,0,1,1,6,1,31,6,599,1,17,4,1,4
2018010103210,1,9,0,18,0,0,0,0,0,0,1,1,6,3,-1,-1,-1,-1,-1,-1,-1,-1
2018010103210,2,1,0,18,0,0,0,0,0,0,1,1,6,1,28,6,-1,-1,-1,2,1,2
2018010103211,1,9,0,18,0,2,0,0,0,0,1,1,1,1,56,9,2143,2,5,7,1,7
2018010103211,2,11,0,4,0,2,0,0,0,0,2,1,1,1,47,8,8300,2,12,2,1,2
2018010103213,1,9,0,6,0,1,0,0,0,0,1,2,6,2,23,5,1799,1,10,4,1,4
2018010103213,2,1,0,18,0,1,0,0,0,0,1,1,6,1,30,6,-1,-1,-1,1,1,1
2018010103214,1,9,0,16,0,0,0,7,1,4,1,1,6,2,42,7,1198,1,12,4,1,4
2018010103215,1,4,0,10,0,2,0,0,0,0,2,1,2,1,27,6,998,1,10,3,1,3
2018010103215,2,9,0,18,0,5,0,0,0,0,1,1,6,1,-1,-1,-1,-1,-1,-1,-1,-1
2018010103221,1,1,0,9,0,2,0,0,0,0,2,1,6,1,23,5,-1,-1,-1,5,1,5
2018010103221,2,9,0,9,0,2,0,0,0,0,1,1,6,3,-1,-1,-1,-1,-1,-1,-1,-1
2018010103222,1,90,0,3,0,0,0,0,0,0,2,1,6,1,47,8,-1,-1,-1,2,1,2
2018010103222,2,9,0,18,0,0,0,4,0,0,1,1,6,3,-1,-1,1598,2,5,-1,-1,-1
2018010103224,1,1,-1,-1,-1,-1,-1,-1,-1,-1,-1,1,2,1,58,9,-1,-1,-1,2,1,2
2018010103224,2,9,0,-1,-1,-1,-1,-1,-1,-1,-1,-1,6,3,-1,-1,-1,-1,-1,-1,-1,-1
2018010103225,1,1,-1,-1,-1,-1,-1,-1,-1,-1,-1,1,2,2,22,5,-1,-1,-1,3,1,3
2018010103225,2,90,-1,-1,-1,-1,-1,-1,-1,-1,-1,-1,6,1,-1,-1,-1,-1,-1,-1,-1,-1
2018010103237,1,9,0,18,0,1,0,0,0,0,4,1,6,1,45,7,2261,1,2,3,1,3
2018010103237,2,11,0,18,0,1,0,0,0,0,3,1,1,1,42,7,4500,2,3,6,1,6
2018010103240,1,8,0,-1,-1,-1,-1,-1,-1,-1,2,-1,6,1,64,9,1798,8,4,3,1,3
2018010103242,1,9,0,18,0,1,0,0,0,0,1,1,2,1,20,4,998,1,15,3,1,3
2018010103242,2,9,0,9,0,1,0,0,0,0,1,1,6,1,63,9,1995,2,4,5,1,5
2018010103248,1,9,0,2,0,0,0,0,0,0,4,1,6,3,-1,-1,1995,2,9,-1,-1,-1
2018010103248,2,1,0,15,0,0,0,0,1,0,1,1,6,1,40,7,-1,-1,-1,9,1,9
2018010103253,1,9,0,7,0,5,0,0,0,0,4,1,6,1,55,8,1796,1,10,3,1,3
2018010103253,2,1,0,7,0,5,0,0,0,0,3,1,6,2,45,7,-1,-1,-1,8,1,8
2018010103257,1,9,0,4,0,0,0,0,0,0,2,1,6,2,35,6,1386,1,7,4,1,4
2018010103257,2,3,0,4,0,0,0,0,0,0,1,1,1,1,23,5,125,1,2,4,1,4
2018010103258,1,9,0,18,0,0,0,0,0,0,1,1,6,1,23,5,2979,1,11,5,1,5
2018010103258,2,9,0,18,0,0,0,0,0,0,2,1,6,1,45,7,1984,1,16,4,1,4
2018010103259,1,9,0,18,0,0,0,0,0,0,1,1,6,1,22,5,1560,2,13,3,1,3
2018010103259,2,9,0,18,0,0,0,0,0,0,3,1,6,2,44,7,1598,2,4,5,1,5
2018010103259,3,17,4,18,0,0,0,0,0,0,3,1,1,1,53,8,-1,-1,-1,9,3,9
2018010103259,4,9,0,18,0,0,0,0,0,0,3,2,6,2,25,5,-1,-1,-1,3,1,3
2018010103259,5,9,0,18,0,0,0,0,0,0,3,1,6,1,35,6,1995,2,16,1,1,1
2018010103259,6,9,0,18,0,0,0,0,0,0,3,1,6,1,28,6,2143,2,6,2,1,2
2018010103259,7,9,0,18,0,0,0,0,0,0,3,1,6,2,54,8,1794,1,16,10,1,10
2018010103259,8,9,0,18,0,0,0,0,0,0,3,1,6,2,25,5,1598,1,8,3,1,3
2018010103259,9,9,0,18,0,0,0,0,0,0,0,2,6,1,48,8,2993,2,3,-1,-1,-1
2018010103260,1,9,0,7,0,2,0,0,0,0,4,1,6,1,72,10,1988,1,14,4,1,4
2018010103261,1,21,1,18,0,8,0,0,0,0,4,1,1,1,25,5,12777,2,2,3,1,3
2018010103261,2,9,0,18,0,8,0,0,0,0,3,1,6,1,49,8,2143,2,4,-1,-1,-1
2018010103263,1,3,0,18,0,1,0,0,0,0,1,1,1,1,28,6,125,1,1,3,1,3
2018010103263,2,9,0,9,0,2,0,0,0,0,4,1,6,1,29,6,1910,2,10,6,1,6
2018010103264,1,11,0,18,0,-1,0,0,0,0,-1,-1,6,1,-1,-1,-1,-1,-1,-1,-1,-1
2018010103265,1,1,0,18,0,1,0,0,0,0,4,1,2,1,29,6,-1,-1,-1,7,1,7
2018010103265,2,9,0,15,2,1,0,0,0,0,3,1,6,3,-1,-1,-1,-1,-1,-1,-1,-1
2018010103266,1,9,0,8,0,0,0,0,0,0,3,1,6,1,39,7,1497,8,2,-1,-1,-1
2018010103266,2,1,0,13,0,0,0,0,0,0,4,1,6,1,40,7,-1,-1,-1,3,1,3
2018010103271,1,11,0,18,2,1,0,0,0,0,1,1,1,1,24,5,8300,2,12,2,1,2
2018010103274,1,9,0,9,0,5,0,0,0,0,1,1,6,1,56,9,1999,1,2,6,1,6
2018010103274,2,1,0,18,0,8,0,0,0,0,3,1,1,1,23,5,-1,-1,-1,5,1,5
2018010103277,1,9,0,18,0,8,0,0,0,0,1,1,6,2,45,7,1598,1,11,2,1,2
2018010103277,2,9,0,7,0,8,0,0,1,0,3,1,6,3,-1,-1,-1,-1,-1,-1,-1,-1
2018010103280,1,9,0,18,0,2,0,0,0,0,3,1,6,2,20,4,999,1,1,3,1,3
2018010103280,2,1,0,5,8,2,5,0,0,0,1,1,6,1,10,2,-1,-1,-1,7,1,7
2018010103281,1,9,0,4,0,2,0,0,0,0,2,1,6,1,48,8,1582,2,3,8,1,8
2018010103281,2,9,0,18,0,2,0,0,0,0,1,1,6,1,29,6,2143,2,2,7,1,7
2018010103282,1,9,0,-1,-1,-1,-1,-1,-1,-1,1,-1,6,1,32,6,1242,1,2,5,1,5
2018010103282,2,9,0,-1,-1,-1,-1,-1,-1,-1,2,-1,6,1,-1,-1,1997,1,13,3,1,3
2018010103284,1,11,-1,-1,-1,0,-1,-1,0,0,-1,-1,6,3,-1,-1,-1,-1,-1,-1,-1,-1
2018010103287,1,9,0,-1,-1,0,-1,-1,-1,-1,2,-1,6,2,26,6,1596,1,13,3,1,3
2018010103287,2,9,0,-1,-1,0,-1,-1,-1,-1,1,-1,6,1,-1,-1,1870,2,7,-1,-1,-1
2018010103290,1,9,0,18,0,1,0,0,0,0,3,1,2,1,52,8,2179,2,8,7,1,7
2018010103293,1,1,0,18,0,1,0,0,1,0,1,1,2,1,22,5,-1,-1,-1,2,1,2
2018010103296,1,9,0,18,0,0,0,0,0,0,1,1,6,1,50,8,1596,1,11,-1,-1,-1
2018010103296,2,1,0,18,0,0,0,0,0,0,1,1,6,1,15,3,-1,-1,-1,9,1,9
2018010103297,1,90,-1,18,-1,0,-1,-1,-1,-1,-1,-1,6,1,-1,-1,-1,-1,-1,-1,-1,-1
2018010103300,1,9,0,5,7,1,0,0,0,0,3,1,6,2,45,7,1499,1,1,3,1,3
2018010103305,1,9,0,7,0,0,0,0,-1,0,0,-1,6,3,-1,-1,-1,-1,-1,-1,-1,-1
2018010103305,2,1,0,18,0,0,2,0,0,0,0,1,6,1,28,6,-1,-1,-1,3,1,3
2018010103306,1,9,0,5,0,1,0,0,0,0,3,1,6,2,26,6,1390,1,8,4,1,4
2018010103308,1,3,0,7,0,8,0,0,0,0,1,1,6,3,-1,-1,124,1,9,-1,-1,-1
2018010103309,1,9,0,-1,-1,0,-1,-1,-1,-1,1,-1,6,1,32,6,-1,-1,-1,3,1,3
2018010103312,1,9,0,18,0,1,0,0,1,10,1,1,6,1,49,8,1397,1,14,3,1,3
2018010103312,2,9,0,4,0,1,0,0,0,0,1,1,6,1,56,9,1086,1,12,4,1,4
2018010103315,1,9,0,-1,-1,-1,-1,-1,-1,-1,2,-1,6,2,22,5,998,1,8,6,1,6
2018010103315,2,9,0,-1,-1,-1,-1,-1,-1,-1,1,-1,6,1,-1,-1,-1,-1,-1,5,1,5
2018010103316,1,8,0,3,0,1,0,0,0,0,3,1,6,2,52,8,1798,8,6,1,1,1
2018010103316,2,3,0,4,0,1,0,8,0,0,1,1,6,1,49,8,125,1,3,3,1,3
2018010103317,1,9,0,5,0,0,0,0,0,0,1,2,6,1,23,5,1390,1,15,5,1,5
2018010103317,2,2,0,18,0,0,0,0,0,0,1,1,1,1,45,7,108,1,2,4,1,4
2018010103322,1,9,0,2,0,8,0,0,0,0,1,1,6,3,-1,-1,4163,1,10,-1,-1,-1
2018010103322,2,9,0,18,0,8,0,0,0,0,1,1,6,2,24,5,1388,1,14,5,1,5
2018010103324,1,3,0,18,0,1,0,0,0,0,1,1,6,2,42,7,125,1,-1,-1,-1,-1
2018010103324,2,19,0,10,0,1,0,0,0,0,1,1,6,1,47,8,1560,2,1,-1,-1,-1
2018010103326,1,9,0,18,0,0,0,0,0,0,3,1,6,2,36,7,1240,1,14,1,1,1
2018010103326,2,1,0,18,0,0,0,0,0,0,1,1,6,1,11,3,-1,-1,-1,2,1,2
2018010103328,1,9,0,18,0,1,0,0,0,0,0,1,6,1,42,7,1995,2,3,7,1,7
2018010103328,2,9,0,2,6,1,0,0,0,0,2,1,6,3,-1,-1,1995,2,6,-1,-1,-1
2018010103328,3,9,0,9,0,8,0,4,0,0,1,1,6,1,40,7,2967,1,19,4,1,4
2018010103328,4,9,0,2,0,1,0,4,0,0,2,1,6,3,-1,-1,1995,2,7,-1,-1,-1
2018010103329,1,19,0,18,0,2,0,0,0,0,1,1,1,1,58,9,2143,2,2,8,1,8
2018010103329,2,1,0,18,0,1,0,0,0,0,3,1,6,1,28,6,-1,-1,-1,2,1,2
2018010103331,1,8,0,18,0,8,0,0,0,0,1,1,6,1,51,8,2402,2,16,1,1,1
2018010103331,2,9,0,9,0,8,0,0,0,0,4,1,6,1,52,8,1598,1,8,5,1,5
2018010103333,1,9,0,7,0,1,0,10,0,0,1,1,6,2,28,6,1596,1,3,7,1,7
2018010103335,1,9,0,4,0,0,0,0,0,0,2,1,6,1,23,5,1299,1,17,4,1,4
2018010103335,2,9,0,4,0,0,0,0,0,0,2,1,6,1,40,7,1398,1,1,4,1,4
2018010103335,3,9,0,12,0,0,0,0,0,0,1,1,6,1,57,9,2148,2,9,4,1,4
2018010103337,1,5,0,18,0,0,0,0,0,0,1,1,6,1,40,7,599,1,6,6,1,6
2018010103346,1,9,0,18,0,0,0,0,0,0,1,1,6,2,41,7,1596,1,8,2,1,2
2018010103347,1,9,0,3,0,0,0,4,0,0,4,1,6,1,23,5,1984,1,8,6,1,6
2018010103347,2,9,0,18,0,0,0,4,0,0,3,1,6,1,17,4,1398,1,8,6,1,6
2018010103351,1,11,0,18,0,2,0,0,0,0,1,1,1,1,56,9,6692,2,9,2,1,2
2018010103352,1,8,0,18,0,0,0,11,0,0,1,1,2,1,38,7,1997,2,5,3,1,3
2018010103355,1,9,0,18,0,0,0,0,0,0,1,1,6,1,47,8,4172,1,14,4,1,4
2018010103355,2,9,0,18,0,0,1,0,0,0,2,1,6,1,28,6,1975,1,12,2,1,2
2018010103356,1,19,0,18,0,2,5,7,1,2,1,1,2,1,38,7,1753,2,9,10,2,10
2018010103357,1,3,0,18,0,8,0,0,0,0,1,1,6,3,-1,-1,-1,-1,-1,-1,-1,-1
2018010103357,2,3,0,18,0,8,0,0,0,0,4,1,6,1,19,4,108,1,3,2,1,2
2018010103371,1,8,0,18,0,1,0,0,0,0,1,1,1,1,35,6,1997,2,4,7,1,7
2018010103371,2,9,0,18,0,1,0,0,0,0,2,1,2,1,27,6,1969,2,-1,3,1,3
2018010103375,1,9,0,7,0,8,0,0,0,0,4,1,6,2,37,7,1388,1,8,3,1,3
2018010103375,2,4,0,18,0,8,0,0,0,0,3,1,1,1,25,5,599,1,11,4,1,4
2018010103390,1,9,0,18,0,1,0,10,0,0,1,1,2,2,76,11,1339,8,7,3,1,3
2018010103391,1,1,0,18,9,0,0,0,0,0,1,1,6,1,-1,-1,-1,-1,-1,-1,-1,-1
2018010103392,1,19,0,11,0,2,0,0,0,0,4,1,2,1,29,6,1560,2,11,6,1,6
2018010103392,2,3,0,18,0,2,5,0,0,0,3,1,2,1,32,6,125,1,2,3,1,3
2018010103393,1,9,0,7,0,5,0,0,1,0,4,1,3,2,40,7,1461,2,2,3,1,3
2018010103393,2,1,0,16,0,1,0,0,0,0,1,1,1,1,30,6,-1,-1,-1,3,1,3
2018010103411,1,9,0,4,0,4,0,0,0,0,2,1,3,2,40,7,1386,1,14,3,1,3
2018010103411,2,9,0,5,0,4,0,0,0,0,1,1,2,1,49,8,1598,1,6,3,1,3
2018010103412,1,19,0,7,0,1,0,0,0,0,4,1,1,1,50,8,1995,2,1,7,1,7
2018010103412,2,3,0,15,0,1,0,0,0,0,1,1,2,1,35,6,125,1,3,9,1,9
2018010103414,1,9,0,18,-1,0,-1,-1,-1,-1,3,-1,6,1,51,8,1197,1,5,5,1,5
2018010103414,2,1,-1,18,-1,0,-1,-1,-1,-1,1,1,6,1,5,1,-1,-1,-1,4,1,4
2018010103416,1,19,0,6,0,1,0,0,0,0,3,1,1,1,23,5,2143,2,2,3,1,3
2018010103416,2,3,0,13,0,1,0,0,0,0,1,1,4,1,17,4,124,1,7,1,1,1
2018010103419,1,9,0,9,0,5,0,0,0,0,4,1,2,1,45,7,2996,1,9,10,1,10
2018010103419,2,3,0,3,0,5,1,0,0,0,1,1,2,1,43,7,1255,1,9,5,1,5
2018010103424,1,1,-1,-1,-1,-1,-1,-1,-1,-1,-1,1,6,1,38,7,-1,-1,-1,1,1,1
2018010103436,1,3,0,18,0,0,0,0,0,0,1,1,6,3,-1,-1,-1,-1,-1,-1,-1,-1
2018010103438,1,2,0,18,0,1,0,0,0,0,4,1,6,2,18,4,124,1,13,4,1,4
2018010103438,2,9,0,5,0,8,0,0,0,0,3,1,2,1,55,8,1390,1,10,2,1,2
2018010103445,1,9,0,9,0,1,0,7,0,0,1,1,6,1,60,9,1969,2,1,4,1,4
2018010103450,1,9,0,9,0,5,0,0,0,0,4,1,1,2,65,9,1242,1,10,7,1,7
2018010103450,2,1,0,18,2,1,2,0,0,0,1,1,1,1,51,8,-1,-1,-1,-1,-1,-1
2018010103453,1,9,0,7,0,8,0,0,0,0,4,1,6,2,27,6,1997,1,10,6,1,6
2018010103453,2,1,0,18,0,8,0,0,0,0,3,1,6,2,42,7,-1,-1,-1,4,1,4
2018010103456,1,19,0,12,2,0,0,0,0,0,4,1,1,1,40,7,1560,2,3,3,1,3
2018010103456,2,1,0,18,2,0,2,0,0,0,1,1,6,1,31,6,-1,-1,-1,2,1,2
2018010103458,1,19,0,18,0,8,0,0,0,0,1,1,1,1,61,9,1598,2,2,4,1,4
2018010103458,2,3,0,18,0,8,0,0,0,0,2,1,1,1,33,6,124,1,1,4,1,4
2018010103459,1,9,0,4,3,0,0,0,0,0,3,1,3,1,31,6,998,1,8,2,1,2
2018010103459,2,1,0,15,2,0,0,8,0,0,1,1,2,1,45,7,-1,-1,-1,3,1,3
2018010103463,1,9,0,16,0,3,0,0,0,0,4,1,6,1,54,8,4008,1,19,5,1,5
2018010103463,2,21,1,9,0,8,0,0,0,0,1,2,1,1,52,8,-1,-1,-1,-1,-1,-1
2018010103466,1,11,0,4,0,0,0,0,0,0,4,1,1,2,61,9,6700,2,7,2,1,2
2018010103467,1,1,0,18,0,1,0,0,0,0,1,1,6,1,39,7,-1,-1,-1,8,1,8
2018010103468,1,1,0,3,0,1,0,-1,0,0,-1,1,6,2,48,8,-1,-1,-1,4,1,4
2018010103469,1,11,0,4,2,0,0,0,0,0,0,1,1,1,35,6,9360,2,6,3,1,3
2018010103470,1,9,0,18,0,1,0,0,0,0,1,1,6,1,42,7,-1,-1,-1,4,1,4
2018010103470,2,9,0,18,0,2,0,0,0,0,4,1,6,1,64,9,1796,1,12,4,1,4
2018010103473,1,9,-1,-1,0,-1,-1,0,-1,0,1,-1,6,3,-1,-1,-1,-1,-1,-1,-1,-1
2018010103477,1,1,-1,-1,-1,0,-1,-1,-1,-1,-1,1,2,2,26,6,-1,-1,-1,1,1,1
2018010103477,2,9,0,-1,-1,0,-1,-1,-1,-1,-1,-1,6,3,-1,-1,-1,-1,-1,-1,-1,-1
2018010103479,1,9,0,10,0,5,0,0,0,0,2,1,1,1,52,8,1560,2,4,-1,-1,-1
2018010103479,2,9,0,5,0,1,0,0,0,0,1,1,6,1,26,6,1753,2,11,3,1,3
2018010103488,1,11,0,3,0,1,0,0,0,0,1,1,1,2,54,8,-1,-1,-1,4,1,4
2018010103488,2,19,0,13,0,1,0,0,0,0,2,1,1,1,29,6,-1,-1,-1,3,1,3
2018010103495,1,19,-1,18,-1,0,0,-1,-1,-1,1,-1,6,3,-1,-1,1598,2,5,-1,-1,-1
2018010103497,1,11,0,-1,-1,-1,-1,-1,-1,-1,0,-1,6,1,42,7,12900,2,4,7,1,7