Accident_Index,Vehicle_Reference,Vehicle_Type,Towing_and_Articulation,Vehicle_Manoeuvre,Vehicle_Location-Restricted_Lane,Junction_Location,Skidding_and_Overturning,Hit_Object_in_Carriageway,Vehicle_Leaving_Carriageway,Hit_Object_off_Carriageway,1st_Point_of_Impact,Was_Vehicle_Left_Hand_Drive?,Journey_Purpose_of_Driver,Sex_of_Driver,Age_of_Driver,Age_Band_of_Driver,Engine_Capacity_(CC),Propulsion_Code,Age_of_Vehicle,Driver_IMD_Decile,Driver_Home_Area_Type,Vehicle_IMD_Decile
2018010104339,1,19,-1,-1,-1,-1,-1,-1,-1,-1,-1,-1,6,3,-1,-1,2299,2,2,-1,-1,-1
2018010104342,1,5,0,14,0,2,0,0,0,0,1,1,2,1,46,8,1050,1,-1,9,1,9
2018010104346,1,1,0,5,0,4,0,0,0,0,3,1,2,1,58,9,-1,-1,-1,3,1,3
2018010104346,2,9,0,5,0,4,0,0,0,0,0,-1,6,1,-1,-1,2198,2,13,6,2,6
2018010104348,1,9,0,9,0,6,0,0,0,0,1,1,2,1,53,8,1560,2,13,1,1,1
2018010104348,2,2,0,14,0,8,0,0,0,0,1,1,2,2,48,8,124,1,5,2,1,2
2018010104352,1,1,-1,-1,-1,-1,-1,-1,-1,-1,1,1,2,1,43,7,-1,-1,-1,7,3,7
2018010104352,2,9,0,-1,-1,-1,-1,-1,-1,-1,-1,-1,6,1,-1,-1,1968,2,11,-1,-1,-1
2018010104362,1,9,0,10,0,1,0,0,0,0,1,1,6,1,56,9,1399,2,16,1,1,1
2018010104362,2,3,0,13,0,1,1,0,0,0,1,1,2,1,34,6,249,1,3,-1,-1,-1
2018010104363,1,3,0,18,0,1,0,11,0,0,1,1,1,1,25,5,125,1,5,2,1,2
2018010104364,1,9,0,9,0,8,0,0,0,0,1,1,6,1,43,7,2184,2,9,2,1,2
2018010104364,2,1,0,18,0,1,0,0,0,0,1,1,6,1,46,8,-1,-1,-1,2,1,2
2018010104366,1,9,0,2,0,1,0,0,0,0,3,1,6,3,-1,-1,1598,1,12,-1,-1,-1
2018010104366,2,9,0,7,0,2,0,0,0,0,1,1,6,1,82,11,1598,1,19,5,1,5
2018010104368,1,8,0,9,0,8,0,0,0,0,1,1,1,1,51,8,1997,2,4,7,1,7
2018010104368,2,4,0,18,2,1,0,0,0,0,1,1,6,1,24,5,125,1,-1,3,1,3
2018010104369,1,9,0,1,0,1,0,0,0,0,2,-1,6,3,-1,-1,1796,2,5,-1,-1,-1
2018010104369,2,1,0,18,0,1,5,0,0,0,4,1,6,1,45,7,-1,-1,-1,4,1,4
2018010104369,3,1,0,18,0,1,5,0,0,0,4,1,6,2,40,7,-1,-1,-1,4,1,4
2018010104370,1,9,0,7,0,5,0,0,0,0,0,1,6,1,63,9,1496,2,2,2,1,2
2018010104371,1,9,0,17,0,2,0,0,0,0,1,1,6,2,24,5,1496,2,2,2,1,2
2018010104371,2,1,0,14,2,2,0,10,0,0,2,1,1,2,31,6,-1,-1,-1,2,1,2
2018010104373,1,8,0,6,0,0,0,0,0,0,1,1,1,1,44,7,2402,2,14,6,1,6
2018010104373,2,5,0,18,0,0,0,0,0,0,4,1,2,1,41,7,599,1,11,5,1,5
2018010104374,1,9,0,9,0,1,0,0,0,0,1,1,1,1,24,5,-1,-1,-1,10,1,10
2018010104374,2,1,0,7,0,1,0,0,0,0,1,1,6,2,31,6,-1,-1,-1,2,1,2
2018010104375,1,9,0,18,0,4,0,0,0,0,3,1,6,2,25,5,1496,2,2,3,1,3
2018010104375,2,3,0,18,0,4,2,0,0,0,1,1,2,1,21,5,108,1,2,3,1,3
2018010104377,1,3,0,-1,-1,0,-1,-1,-1,-1,-1,1,2,1,39,7,124,1,11,6,1,6
2018010104380,1,9,0,-1,-1,-1,-1,-1,-1,-1,2,-1,2,2,43,7,1229,1,7,1,1,1
2018010104380,2,9,0,-1,-1,-1,-1,-1,-1,-1,1,-1,6,1,-1,-1,1797,8,6,-1,-1,-1
2018010104384,1,11,0,3,0,1,0,0,0,0,0,1,1,1,61,9,9000,2,10,7,1,7
2018010104388,1,9,0,7,0,8,0,0,0,0,1,1,2,1,37,7,1968,2,8,2,1,2
2018010104390,1,11,0,5,0,1,0,0,0,0,0,1,1,1,38,7,9360,2,8,6,1,6
2018010104393,1,3,0,18,0,0,0,0,0,0,-1,1,6,1,-1,-1,125,1,3,2,1,2
2018010104394,1,8,0,9,0,2,0,0,0,0,1,1,1,1,68,10,-1,-1,-1,2,1,2
2018010104396,1,11,0,5,8,0,0,0,0,0,0,1,1,1,40,7,4500,2,2,2,1,2
2018010104397,1,1,0,16,0,1,0,0,0,0,1,1,6,1,54,8,-1,-1,-1,9,2,9
2018010104397,2,9,0,17,0,1,0,0,0,0,2,1,6,3,-1,-1,1390,1,8,-1,-1,-1
2018010104402,1,1,-1,-1,-1,8,-1,-1,-1,-1,1,1,2,1,28,6,-1,-1,-1,-1,-1,-1
2018010104402,2,9,0,-1,-1,8,-1,-1,-1,-1,4,-1,6,1,-1,-1,-1,-1,-1,-1,-1,-1
2018010104405,1,9,0,7,0,2,0,0,0,0,4,1,6,1,43,7,1998,1,1,8,1,8
2018010104405,2,3,0,7,0,2,0,0,0,0,1,1,6,1,40,7,124,1,13,8,1,8
2018010104412,1,8,0,3,0,5,0,0,0,0,3,1,1,1,50,8,2494,8,2,3,1,3
2018010104413,1,9,0,7,9,3,0,10,3,10,1,1,6,1,76,11,1997,2,15,-1,-1,-1
2018010104416,1,9,0,18,0,7,0,11,0,0,0,1,2,2,36,7,1149,1,2,4,1,4
2018010104418,1,8,0,18,0,0,0,0,0,0,2,1,1,1,43,7,1797,8,5,6,1,6
2018010104418,2,19,0,18,0,0,0,0,0,0,1,1,6,1,30,6,1598,2,1,2,1,2
2018010104420,1,9,0,18,0,2,0,0,0,0,1,1,6,2,22,5,1197,1,6,4,1,4
2018010104420,2,9,0,4,0,2,0,0,0,0,2,1,3,2,33,6,1397,1,8,2,1,2
2018010104424,1,19,0,10,0,1,0,0,0,0,3,1,1,1,48,8,2198,2,2,5,1,5
2018010104424,2,2,0,13,0,2,0,0,0,0,4,1,6,1,20,4,108,1,6,2,1,2
2018010104429,1,9,0,4,0,2,0,0,0,0,1,1,6,3,-1,-1,-1,-1,-1,-1,-1,-1
2018010104429,2,3,0,4,0,2,5,0,1,0,1,1,6,1,47,8,-1,-1,-1,5,1,5
2018010104434,1,9,0,9,0,1,0,0,0,0,2,1,6,2,57,9,1395,1,-1,10,2,10
2018010104434,2,9,0,9,0,1,0,0,0,0,1,1,6,1,27,6,2143,2,2,8,1,8
2018010104436,1,8,0,-1,0,4,-1,0,0,0,-1,-1,6,3,-1,-1,-1,-1,-1,-1,-1,-1
2018010104436,2,1,0,-1,0,8,-1,-1,0,0,-1,1,6,1,42,7,-1,-1,-1,6,1,6
2018010104444,1,11,0,5,0,6,0,0,0,0,0,1,1,1,50,8,4500,2,1,2,1,2
2018010104445,1,9,0,18,0,1,0,0,0,0,4,1,3,2,40,7,1998,1,5,-1,-1,-1
2018010104447,1,3,0,16,0,0,1,0,0,0,1,1,1,1,19,4,-1,-1,-1,2,1,2
2018010104447,2,9,0,17,0,0,0,0,0,0,4,1,1,2,53,8,1998,1,1,6,1,6
2018010104451,1,9,0,9,0,6,0,0,0,0,1,1,1,1,48,8,1798,8,6,2,1,2
2018010104451,2,1,0,18,0,6,0,0,0,0,1,1,6,2,42,7,-1,-1,-1,3,1,3
2018010104452,1,8,0,-1,-1,0,-1,-1,-1,-1,1,-1,1,1,49,8,1798,8,6,2,1,2
2018010104455,1,1,-1,-1,-1,-1,-1,-1,-1,-1,2,1,2,1,33,6,-1,-1,-1,3,1,3
2018010104455,2,9,0,-1,-1,-1,-1,-1,-1,-1,1,-1,6,1,41,7,1798,8,5,3,1,3
2018010104457,1,9,0,-1,-1,0,-1,-1,-1,-1,2,-1,6,1,37,7,1397,1,14,5,1,5
2018010104457,2,9,0,18,0,0,0,0,0,0,1,-1,6,1,28,6,1797,8,9,7,1,7
2018010104458,1,9,0,18,9,0,0,10,7,10,1,1,2,1,21,5,2497,2,12,2,1,2
2018010104459,1,9,0,18,0,1,0,0,0,0,4,1,2,1,36,7,2148,2,12,8,1,8
2018010104459,2,9,0,15,0,1,0,0,0,0,4,1,6,3,-1,-1,-1,-1,-1,-1,-1,-1
2018010104463,1,8,0,-1,-1,-1,-1,-1,-1,-1,1,-1,6,1,34,6,1798,8,6,2,1,2
2018010104463,2,9,0,-1,-1,-1,-1,-1,-1,-1,1,-1,6,2,50,8,998,1,9,2,1,2
2018010104464,1,9,0,18,0,1,0,0,0,0,1,1,1,1,46,8,2987,2,2,6,1,6
2018010104465,1,4,0,18,2,1,0,0,0,0,1,1,6,1,35,6,124,1,1,4,1,4
2018010104465,2,19,0,7,2,5,0,0,0,0,4,1,1,1,57,9,1560,2,3,3,1,3
2018010104466,1,9,0,18,0,2,0,7,0,0,4,1,2,1,41,7,1796,1,15,8,1,8
2018010104466,2,9,0,5,0,6,0,0,0,0,1,1,2,2,46,8,1995,2,7,8,1,8
2018010104467,1,9,0,18,0,0,0,0,0,0,1,1,6,1,24,5,1396,1,9,4,1,4
2018010104468,1,2,0,5,0,8,0,0,0,0,1,1,6,2,53,8,48,1,7,9,1,9
2018010104468,2,8,0,9,0,8,0,0,0,0,1,1,1,1,50,8,1798,8,1,3,1,3
2018010104468,3,2,0,4,0,8,0,0,0,0,1,1,6,1,27,6,125,1,10,10,1,10
2018010104469,1,9,0,5,0,1,0,0,0,0,1,1,6,2,38,7,1598,1,13,2,1,2
2018010104469,2,9,0,18,0,1,0,0,0,0,1,1,3,2,30,6,2996,2,8,2,1,2
2018010104475,1,5,0,18,0,0,0,0,0,0,1,1,2,1,28,6,645,1,13,10,1,10
2018010104479,1,9,0,18,0,0,0,0,1,4,3,1,2,1,58,9,2993,2,5,7,1,7
2018010104479,2,11,0,18,0,0,0,0,0,0,4,1,1,1,32,6,12900,2,4,5,1,5
2018010104479,3,9,0,18,0,0,0,0,0,0,2,1,6,1,26,6,1995,2,4,3,1,3
2018010104479,4,9,0,18,0,0,0,0,0,0,2,1,6,1,58,9,2987,2,11,10,1,10
2018010104480,1,9,0,18,0,8,0,0,1,0,1,1,6,2,35,6,1395,1,3,-1,-1,-1
2018010104480,2,9,0,9,0,8,0,0,0,0,1,1,6,1,39,7,1598,1,4,-1,-1,-1
2018010104481,1,9,0,10,0,0,0,0,0,0,1,1,6,2,77,11,1390,1,9,7,1,7
2018010104481,2,5,0,18,0,0,1,0,0,0,1,1,6,1,22,5,645,1,17,7,1,7
2018010104482,1,9,0,18,0,2,0,0,0,0,1,1,6,2,24,5,1328,1,10,3,1,3
2018010104482,2,19,0,6,0,2,0,0,0,0,2,1,6,1,29,6,1560,2,2,-1,-1,-1
2018010104484,1,9,0,6,0,0,0,0,0,0,0,1,1,1,26,6,2894,8,1,3,1,3
2018010104484,2,3,0,13,0,0,1,0,0,0,0,1,6,1,41,7,125,1,8,4,1,4
2018010104485,1,9,0,4,0,2,1,0,0,0,1,1,2,1,51,8,1796,1,17,-1,-1,-1
2018010104485,2,9,0,4,0,2,0,0,0,0,2,1,6,2,27,6,998,1,2,-1,-1,-1
2018010104485,3,9,0,4,0,2,0,0,0,0,2,1,2,1,47,8,2993,2,1,3,1,3
2018010104489,1,9,0,18,0,0,0,0,0,0,1,1,6,1,31,6,1200,1,15,5,1,5
2018010104489,2,1,0,18,0,0,0,0,0,0,1,1,6,1,19,4,-1,-1,-1,1,1,1
2018010104490,1,8,0,18,0,8,0,7,0,0,3,1,1,1,55,8,-1,-1,-1,9,1,9
2018010104490,2,9,0,9,0,1,0,7,0,0,1,1,6,1,58,9,1988,1,13,5,1,5
2018010104491,1,11,0,4,2,1,0,0,0,0,0,1,1,2,43,7,-1,-1,-1,7,1,7
2018010104493,1,9,0,9,0,1,0,0,0,0,3,1,1,1,51,8,2993,2,1,6,1,6
2018010104493,2,3,0,18,0,1,1,0,0,0,1,1,6,1,25,5,108,1,10,2,1,2
2018010104495,1,8,0,5,0,0,0,0,0,0,1,1,1,1,43,7,1798,8,4,5,1,5
2018010104496,1,9,0,13,0,1,0,0,0,0,1,1,2,1,45,7,1390,1,11,6,1,6
2018010104496,2,9,0,3,0,1,0,0,0,0,2,1,6,1,35,6,1198,1,9,1,1,1
2018010104496,3,9,0,3,0,1,0,0,0,0,1,1,1,1,31,6,2143,2,2,3,1,3
2018010104499,1,9,0,18,0,8,0,0,0,0,4,1,6,1,43,7,1968,2,2,9,1,9
2018010104499,2,9,0,18,0,8,0,0,0,0,1,1,6,2,19,4,1229,1,11,6,1,6
2018010104503,1,90,0,-1,-1,-1,-1,-1,-1,-1,-1,-1,6,2,49,8,2987,2,7,3,1,3
2018010104504,1,19,0,3,0,1,0,0,0,0,2,1,1,1,57,9,1399,2,7,3,1,3
2018010104504,2,19,0,4,0,1,0,0,0,0,1,1,6,1,27,6,4461,2,6,9,3,9
2018010104504,3,9,0,3,0,1,0,0,0,0,2,1,6,1,-1,-1,2148,2,12,5,1,5
2018010104508,1,1,-1,-1,-1,0,-1,-1,-1,-1,0,1,2,1,40,7,-1,-1,-1,4,1,4
2018010104508,2,9,0,-1,-1,0,-1,-1,-1,-1,0,-1,6,2,-1,-1,1997,2,9,6,1,6
2018010104511,1,1,-1,-1,-1,-1,-1,-1,-1,-1,1,1,2,2,27,6,-1,-1,-1,2,1,2
2018010104511,2,8,0,-1,-1,-1,-1,-1,-1,-1,-1,-1,6,1,61,9,1997,2,1,8,1,8
2018010104512,1,9,0,18,0,0,0,0,0,0,1,1,6,2,51,8,1910,2,10,5,1,5
2018010104513,1,9,0,18,0,0,0,0,0,0,4,1,1,1,58,9,1242,1,14,3,1,3
2018010104515,1,19,0,9,0,6,0,0,0,0,3,1,1,1,62,9,1560,2,4,3,1,3
2018010104515,2,3,0,9,0,6,0,0,0,0,4,1,1,1,30,6,125,1,6,3,1,3
2018010104517,1,9,0,6,0,1,0,0,0,0,3,1,6,1,21,5,1595,1,6,7,1,7
2018010104517,2,4,0,18,0,1,0,0,0,0,1,1,6,1,30,6,125,1,2,3,1,3
2018010104521,1,9,0,9,0,1,0,0,0,0,4,1,6,1,60,9,2499,1,11,1,1,1
2018010104521,2,4,0,18,0,1,0,0,0,0,1,1,6,1,20,4,124,1,7,2,1,2
2018010104522,1,9,3,9,0,6,0,0,0,0,1,1,6,1,54,8,1364,1,3,4,1,4
2018010104523,1,9,0,10,0,0,0,0,0,0,1,1,6,2,42,7,1999,1,11,10,1,10
2018010104523,2,3,0,4,0,0,0,0,0,0,1,1,1,1,18,4,108,1,-1,2,1,2
2018010104525,1,9,0,18,0,0,0,0,0,0,3,1,6,1,34,6,1395,1,-1,9,1,9
2018010104525,2,9,0,18,0,0,0,0,0,0,3,1,6,1,30,6,1995,2,6,2,1,2
2018010104527,1,9,0,18,0,8,0,0,0,0,3,1,6,1,48,8,2995,1,14,2,1,2
2018010104528,1,9,0,18,0,1,0,0,8,1,1,1,6,1,21,5,1598,1,9,5,1,5
2018010104528,2,11,0,9,0,8,0,0,0,0,4,1,1,1,37,7,4500,2,7,5,1,5
2018010104529,1,11,0,18,0,0,0,0,0,0,1,1,1,1,64,9,4500,2,11,4,1,4
2018010104530,1,9,0,-1,-1,0,-1,-1,-1,-1,-1,-1,6,2,24,5,1599,1,10,2,1,2
2018010104530,2,9,0,18,0,0,0,0,0,0,1,1,6,1,-1,-1,1797,8,9,4,1,4
2018010104531,1,9,0,9,0,1,0,0,7,2,3,1,6,1,55,8,1997,2,11,1,1,1
2018010104531,2,9,0,15,0,1,0,0,1,10,1,1,6,1,-1,-1,2179,2,3,1,1,1
2018010104532,1,9,0,18,0,0,0,0,1,4,1,1,6,1,38,7,2987,2,11,8,1,8
2018010104532,2,19,5,5,0,0,0,0,0,0,0,1,6,3,-1,-1,-1,-1,-1,-1,-1,-1
2018010104534,1,9,0,11,0,2,5,0,4,6,1,1,6,1,26,6,1995,2,4,3,1,3
2018010104536,1,9,0,9,0,1,0,0,0,0,1,1,6,1,34,6,1984,1,1,2,1,2
2018010104537,1,9,0,18,0,0,1,0,7,5,1,1,6,1,21,5,1995,2,12,2,1,2
2018010104538,1,9,0,18,0,8,0,0,0,0,1,1,6,1,25,5,998,1,3,6,1,6
2018010104538,2,8,0,18,0,8,0,7,1,10,3,1,1,1,51,8,1956,2,7,1,1,1
2018010104541,1,9,0,18,0,1,0,0,0,0,1,1,6,3,-1,-1,-1,-1,-1,-1,-1,-1
2018010104543,1,9,0,4,0,4,0,0,0,0,2,1,6,1,66,10,2143,2,2,7,1,7
2018010104543,2,3,0,18,0,4,0,0,0,0,1,1,2,1,42,7,125,1,-1,8,1,8
2018010104544,1,9,0,7,5,5,0,0,0,0,1,1,6,2,22,5,1368,1,9,3,1,3
2018010104544,2,1,0,18,2,8,0,0,0,0,1,1,6,1,23,5,-1,-1,-1,-1,-1,-1
2018010104544,3,1,0,18,5,8,0,0,0,0,1,1,6,1,39,7,-1,-1,-1,4,1,4
2018010104545,1,9,0,5,9,0,0,4,1,10,1,1,6,1,30,6,2000,2,14,3,1,3
2018010104545,2,9,0,2,0,0,0,0,0,0,2,1,6,3,-1,-1,998,1,11,-1,-1,-1
2018010104545,3,9,0,5,0,0,0,0,0,0,0,1,6,1,-1,-1,1390,1,8,2,1,2
2018010104546,1,9,0,18,0,5,0,7,0,0,1,1,6,1,44,7,1797,8,6,3,1,3
2018010104551,1,8,0,18,0,8,0,0,0,0,3,1,1,1,36,7,1798,8,4,6,1,6
2018010104551,2,8,0,18,0,8,0,0,0,0,1,1,6,1,-1,-1,1798,8,6,6,1,6
2018010104552,1,9,0,18,0,0,0,0,0,0,1,1,1,1,26,6,1598,1,11,2,1,2
2018010104552,2,11,0,18,0,0,0,0,0,0,1,1,1,1,34,6,8268,2,13,7,1,7
2018010104553,1,9,0,9,0,8,0,0,0,0,3,1,6,1,35,6,1797,8,8,4,1,4
2018010104553,2,8,0,9,0,8,0,1,0,0,1,1,6,1,34,6,1797,8,7,4,1,4
2018010104555,1,11,0,18,0,0,0,0,0,0,0,1,6,1,46,8,5132,2,-1,4,1,4
2018010104559,1,9,0,9,0,6,1,0,0,0,1,1,6,1,22,5,2143,2,-1,7,1,7
2018010104559,2,9,0,18,0,1,1,0,0,0,1,1,1,1,39,7,1798,8,1,3,1,3
2018010104562,1,9,0,-1,-1,-1,-1,-1,-1,-1,-1,-1,6,2,32,6,2776,2,14,2,1,2
2018010104562,2,20,0,-1,-1,-1,-1,-1,-1,-1,-1,-1,6,1,-1,-1,-1,-1,-1,-1,-1,-1
2018010104565,1,9,0,18,0,0,0,0,1,2,1,1,6,1,22,5,1796,1,11,4,1,4
2018010104575,1,9,0,18,0,0,0,0,0,0,4,1,6,1,64,9,1598,1,16,4,1,4
2018010104584,1,9,0,-1,-1,-1,-1,-1,-1,-1,2,-1,6,1,49,8,4398,1,14,5,1,5
2018010104584,2,9,-1,-1,-1,-1,-1,-1,-1,-1,-1,-1,6,1,44,7,-1,-1,-1,3,1,3
2018010104586,1,19,0,9,0,0,0,0,0,0,1,1,1,1,62,9,2148,2,10,6,1,6
2018010104586,2,1,0,18,0,0,0,0,0,0,1,1,6,1,31,6,-1,-1,-1,2,1,2
2018010104591,1,9,0,4,0,1,0,0,0,0,2,1,6,2,30,6,1598,1,15,4,1,4
2018010104591,2,9,0,18,0,1,1,0,0,0,1,1,6,1,74,10,1900,2,18,6,1,6
2018010104597,1,19,0,9,0,6,0,0,0,0,3,1,1,1,51,8,2143,2,1,3,1,3
2018010104598,1,9,0,3,0,0,0,0,0,0,2,1,6,1,32,6,1997,2,6,3,1,3
2018010104598,2,9,0,5,0,0,0,0,3,0,1,1,6,3,-1,-1,1910,2,10,-1,-1,-1
2018010104602,1,9,0,18,0,4,0,0,0,0,4,1,6,2,45,7,1598,1,6,5,1,5
2018010104602,2,21,1,18,0,4,0,0,0,0,3,1,1,1,46,8,9200,2,9,2,1,2
2018010104604,1,9,0,5,0,1,0,0,0,0,1,1,6,1,41,7,1998,1,9,5,1,5
2018010104606,1,4,0,5,0,0,0,0,0,0,1,1,6,1,29,6,124,1,4,3,1,3
2018010104606,2,9,0,5,0,0,0,0,0,0,2,1,6,2,28,6,1364,1,12,4,1,4
2018010104607,1,11,0,4,2,1,0,0,0,0,0,1,1,2,39,7,-1,3,3,4,1,4
2018010104610,1,9,0,18,0,0,0,0,0,0,1,1,2,1,26,6,1997,2,5,5,1,5
2018010104610,2,1,0,9,0,0,0,0,0,0,3,1,6,1,23,5,-1,-1,-1,1,1,1
2018010104611,1,9,0,2,2,0,0,0,0,0,3,1,6,3,-1,-1,3956,2,1,-1,-1,-1
2018010104611,2,1,0,18,2,0,0,0,0,0,3,1,6,2,52,8,-1,-1,-1,1,1,1
2018010104612,1,5,0,18,0,0,0,0,0,0,4,1,6,1,51,8,1300,1,1,7,1,7
2018010104612,2,9,0,12,0,0,0,0,0,0,3,1,6,3,-1,-1,-1,-1,-1,-1,-1,-1
2018010104615,1,3,0,3,0,2,0,0,0,0,2,1,1,1,48,8,125,1,2,3,1,3
2018010104615,2,9,0,10,0,2,0,0,0,0,1,1,6,3,-1,-1,1364,1,12,-1,-1,-1
2018010104618,1,9,0,18,0,1,5,4,0,0,4,1,6,1,48,8,1598,2,2,7,1,7
2018010104618,2,9,0,2,0,1,0,7,7,1,4,1,6,3,-1,-1,973,1,15,-1,-1,-1
2018010104619,1,9,0,18,0,1,0,0,0,0,1,1,6,1,59,9,1497,1,16,7,1,7
2018010104622,1,8,0,4,0,1,0,0,0,0,1,1,6,1,56,9,1797,8,8,1,1,1
2018010104622,2,9,0,18,0,3,0,10,0,0,1,1,6,2,59,9,1998,1,3,5,1,5
2018010104622,3,9,0,2,0,1,0,0,0,0,1,1,6,3,-1,-1,1595,1,15,-1,-1,-1
2018010104625,1,9,0,18,0,1,0,0,0,0,1,1,1,1,37,7,1797,8,8,2,1,2
2018010104631,1,9,0,9,0,1,0,0,0,0,4,1,6,2,47,8,1598,1,10,4,1,4
2018010104631,2,3,0,15,0,1,0,0,0,0,1,1,6,1,20,4,125,1,7,5,1,5
2018010104632,1,9,0,18,2,1,0,0,1,1,3,1,6,1,24,5,6208,1,5,3,1,3
2018010104632,2,9,0,9,0,5,0,0,0,0,3,1,6,1,45,7,1499,2,2,2,1,2
2018010104633,1,9,0,-1,-1,0,-1,-1,-1,-1,2,-1,6,1,27,6,1590,1,14,1,1,1
2018010104633,2,9,-1,-1,-1,0,-1,-1,-1,-1,-1,-1,6,3,-1,-1,998,1,4,-1,-1,-1
2018010104635,1,9,0,9,0,8,0,0,0,0,3,-1,6,1,27,6,1560,2,7,8,1,8
2018010104635,2,1,0,14,0,8,0,0,0,0,1,1,6,1,-1,-1,-1,-1,-1,-1,-1,-1
2018010104639,1,9,0,18,0,1,0,0,0,0,1,1,6,1,41,7,1797,8,3,3,1,3
2018010104641,1,9,0,9,0,6,0,0,0,0,3,1,6,1,46,8,2993,2,9,2,1,2
2018010104641,2,3,0,18,0,1,0,0,0,0,1,1,6,1,30,6,124,1,5,-1,-1,-1
2018010104642,1,19,0,7,0,5,0,0,0,0,4,1,2,1,36,7,2198,2,2,3,1,3
2018010104643,1,9,0,2,6,0,0,0,0,0,1,1,6,3,-1,-1,1968,2,9,-1,-1,-1
2018010104643,2,19,0,1,0,0,0,4,0,0,2,1,6,1,48,8,7698,2,4,7,1,7
2018010104647,1,9,0,18,0,0,0,0,0,0,3,1,2,1,40,7,1598,2,1,4,1,4
2018010104649,1,11,0,5,2,1,0,0,0,0,0,1,1,1,34,6,-1,-1,-1,9,1,9
2018010104653,1,3,0,15,0,0,0,8,0,0,3,1,1,1,33,6,125,1,5,-1,-1,-1
2018010104653,2,9,0,4,0,0,0,0,0,0,3,1,1,1,47,8,1791,8,6,-1,-1,-1
2018010104653,3,8,0,4,6,0,0,0,0,0,4,1,1,1,33,6,2143,12,5,-1,-1,-1
2018010104661,1,9,0,18,0,2,0,0,0,0,1,1,1,1,30,6,1596,1,12,5,1,5
2018010104663,1,3,0,18,0,1,0,0,0,0,1,1,6,1,48,8,1164,1,14,4,1,4
2018010104664,1,9,0,-1,-1,-1,-1,-1,-1,-1,4,-1,6,1,35,6,1299,1,20,3,1,3
2018010104667,1,8,0,18,2,8,0,0,0,0,2,1,1,1,48,8,2499,2,7,1,1,1
2018010104667,2,3,0,18,2,8,0,0,0,0,1,1,6,1,49,8,125,1,3,3,1,3
2018010104668,1,9,0,18,0,2,0,0,0,0,4,1,6,1,72,10,1497,8,17,5,1,5
2018010104669,1,9,0,3,2,1,0,0,0,0,2,1,6,1,48,8,1598,1,12,3,1,3
2018010104669,2,9,0,4,0,1,0,0,0,0,1,1,2,1,21,5,1956,2,3,6,1,6
2018010104673,1,9,0,18,0,1,0,0,0,0,3,1,6,1,31,6,1197,1,2,9,1,9
2018010104676,1,9,0,18,0,0,0,0,1,10,1,1,6,1,36,7,1582,2,-1,3,1,3
2018010104677,1,8,0,-1,-1,-1,-1,-1,-1,-1,1,-1,6,1,-1,-1,2499,2,7,-1,-1,-1
2018010104679,1,9,0,9,0,1,0,0,0,0,1,1,6,1,25,5,1598,1,14,8,1,8
2018010104679,2,9,0,18,0,8,0,0,0,0,1,1,6,2,54,8,1968,2,2,8,1,8
2018010104681,1,9,0,18,0,1,0,0,4,1,1,1,6,1,35,6,2143,2,3,-1,-1,-1
2018010104682,1,9,0,9,0,5,0,0,0,0,4,1,6,1,70,10,1598,1,12,5,1,5
2018010104682,2,4,0,18,0,2,0,0,0,0,1,1,6,1,21,5,124,1,2,2,1,2
2018010104686,1,9,0,9,0,6,0,0,0,0,1,2,6,1,22,5,1995,2,4,3,1,3
2018010104686,2,4,0,3,0,6,0,0,0,0,4,1,2,1,44,7,124,1,4,5,1,5
2018010104689,1,9,0,5,0,0,0,0,0,0,1,1,6,1,60,9,1797,8,7,4,1,4
2018010104690,1,3,0,10,0,0,0,0,0,0,2,1,1,1,28,6,108,1,3,6,1,6
2018010104690,2,9,0,18,0,0,0,0,0,0,1,1,6,3,-1,-1,2143,2,1,-1,-1,-1
2018010104693,1,9,0,3,0,5,0,0,0,0,2,1,6,2,45,7,1329,1,7,6,1,6
2018010104693,2,9,0,1,0,5,0,0,1,0,2,1,6,1,39,7,1956,2,5,2,1,2
2018010104697,1,11,0,18,0,1,0,0,0,0,1,1,6,1,60,9,4500,2,1,2,1,2
2018010104697,2,4,0,18,0,1,0,0,0,0,2,1,6,1,25,5,125,1,5,3,1,3
2018010104699,1,9,0,18,0,0,0,0,0,0,1,1,6,2,29,6,-1,-1,-1,6,1,6
2018010104699,2,9,0,2,0,0,0,0,0,0,2,1,6,3,-1,-1,1598,1,17,-1,-1,-1
2018010104701,1,4,0,18,0,1,5,0,0,0,1,1,6,1,19,4,279,1,8,2,1,2
2018010104701,2,9,0,9,0,1,0,0,0,0,1,1,6,3,-1,-1,-1,-1,-1,-1,-1,-1
2018010104704,1,3,0,-1,-1,0,-1,-1,-1,-1,1,1,6,1,-1,-1,-1,-1,-1,-1,-1,-1
2018010104710,1,3,0,18,0,8,0,0,0,0,1,1,6,1,50,8,125,1,3,2,1,2
2018010104710,2,90,0,9,0,8,5,0,0,0,1,1,6,2,55,8,-1,-1,-1,2,1,2
2018010104716,1,8,0,4,0,0,0,0,0,0,0,1,1,1,62,9,2499,2,3,4,2,4
2018010104719,1,9,0,-1,-1,0,-1,-1,-1,-1,-1,-1,2,1,26,6,1242,1,11,6,1,6
2018010104719,2,90,0,-1,-1,0,-1,-1,-1,-1,-1,-1,6,3,-1,-1,-1,-1,-1,-1,-1,-1
2018010104721,1,9,0,18,0,1,0,0,0,0,3,1,6,3,-1,-1,1598,1,12,-1,-1,-1