Accident_Index,Vehicle_Reference,Vehicle_Type,Towing_and_Articulation,Vehicle_Manoeuvre,Vehicle_Location-Restricted_Lane,Junction_Location,Skidding_and_Overturning,Hit_Object_in_Carriageway,Vehicle_Leaving_Carriageway,Hit_Object_off_Carriageway,1st_Point_of_Impact,Was_Vehicle_Left_Hand_Drive?,Journey_Purpose_of_Driver,Sex_of_Driver,Age_of_Driver,Age_Band_of_Driver,Engine_Capacity_(CC),Propulsion_Code,Age_of_Vehicle,Driver_IMD_Decile,Driver_Home_Area_Type,Vehicle_IMD_Decile
2018010104722,1,3,0,18,0,1,0,0,0,0,1,1,1,1,36,7,124,1,6,9,1,9
2018010104729,1,19,0,3,8,6,0,0,0,0,2,1,6,1,27,6,1968,2,2,4,1,4
2018010104729,2,9,0,5,8,6,0,0,0,0,1,1,6,2,36,7,1399,2,7,2,1,2
2018010104730,1,3,0,13,0,5,0,0,0,0,4,1,6,1,32,6,125,1,3,3,1,3
2018010104730,2,9,0,18,0,5,0,0,0,0,1,1,6,1,28,6,2000,2,18,8,1,8
2018010104735,1,9,0,-1,-1,-1,-1,-1,-1,-1,2,-1,6,1,38,7,1797,8,9,1,1,1
2018010104735,2,9,0,-1,-1,-1,-1,-1,-1,-1,2,-1,6,3,-1,-1,1596,1,10,-1,-1,-1
2018010104736,1,9,0,18,0,0,0,0,0,0,1,1,6,1,41,7,2987,2,12,1,1,1
2018010104736,2,8,0,9,0,0,0,0,0,0,1,1,1,1,43,7,1598,2,7,2,1,2
2018010104738,1,8,0,3,0,1,0,0,0,0,2,1,1,1,43,7,1968,2,2,2,1,2
2018010104738,2,9,0,4,0,1,0,0,0,0,1,1,6,1,68,10,3456,8,5,5,1,5
2018010104739,1,9,0,-1,-1,0,-1,-1,-1,-1,2,-1,6,2,53,8,1198,1,5,7,1,7
2018010104739,2,9,0,-1,-1,0,-1,-1,-1,-1,1,-1,6,1,-1,-1,1984,1,2,10,1,10
2018010104747,1,1,-1,-1,-1,0,-1,-1,-1,-1,-1,1,6,1,23,5,-1,-1,-1,3,1,3
2018010104753,1,4,0,15,0,0,0,0,0,0,1,1,6,1,31,6,865,1,3,4,1,4
2018010104754,1,9,-1,-1,-1,-1,-1,-1,-1,-1,-1,-1,6,3,-1,-1,1197,1,3,-1,-1,-1
2018010104755,1,9,0,3,0,1,0,0,0,0,2,-1,6,2,51,8,1598,2,6,9,1,9
2018010104755,2,9,0,18,0,1,-1,0,0,0,1,-1,6,1,-1,-1,599,1,15,-1,-1,-1
2018010104756,1,9,0,7,0,2,0,0,0,0,3,1,6,1,19,4,1995,2,1,8,1,8
2018010104756,2,9,0,3,0,1,0,0,0,0,4,1,6,1,31,6,1498,1,1,2,1,2
2018010104758,1,1,-1,-1,-1,-1,-1,-1,-1,-1,-1,1,2,1,33,6,-1,-1,-1,10,1,10
2018010104758,2,9,0,-1,-1,-1,-1,-1,-1,-1,-1,-1,6,3,27,6,2157,2,2,-1,-1,-1
2018010104761,1,9,0,16,0,2,0,0,0,0,1,1,6,1,25,5,2261,1,1,4,1,4
2018010104762,1,9,0,14,0,0,0,0,0,0,1,2,6,1,59,9,1794,1,12,2,1,2
2018010104762,2,1,0,18,0,0,0,0,0,0,2,1,1,1,40,7,-1,-1,-1,2,1,2
2018010104765,1,9,0,18,0,1,0,0,0,0,1,1,6,2,60,9,999,1,3,5,1,5
2018010104771,1,9,0,3,0,0,0,0,0,0,3,1,6,1,45,7,1781,1,28,1,1,1
2018010104773,1,1,0,15,0,2,0,0,0,0,1,1,6,1,43,7,-1,-1,-1,-1,-1,-1
2018010104773,2,9,0,6,0,2,0,0,0,0,4,1,6,2,53,8,1197,1,2,4,1,4
2018010104776,1,19,0,3,0,5,0,0,0,0,1,1,2,1,26,6,1995,2,11,-1,-1,-1
2018010104776,2,2,0,18,4,1,0,0,0,0,3,1,6,1,24,5,125,1,-1,3,1,3
2018010104780,1,8,0,18,0,0,0,0,0,0,2,1,6,1,45,7,1796,1,4,1,1,1
2018010104780,2,9,0,18,0,0,1,0,0,0,4,1,6,1,27,6,1598,1,12,2,1,2
2018010104780,3,19,0,6,0,0,1,0,0,0,3,1,2,1,23,5,1753,2,13,4,1,4
2018010104780,4,9,0,18,0,0,1,0,0,0,1,1,3,1,45,7,1797,8,5,6,1,6
2018010104780,5,9,0,18,9,0,0,0,0,0,1,1,6,1,53,8,2987,2,11,1,1,1
2018010104781,1,3,0,17,0,1,1,10,0,0,1,1,1,1,20,4,125,1,10,3,1,3
2018010104782,1,9,0,4,0,0,0,0,0,0,0,1,6,1,35,6,1364,1,14,4,1,4
2018010104782,2,3,0,18,0,0,0,0,0,0,4,1,1,1,28,6,108,1,1,-1,-1,-1
2018010104783,1,9,0,9,0,0,0,0,0,0,3,1,6,2,52,8,998,1,11,2,1,2
2018010104783,2,9,0,3,0,0,0,0,0,0,0,1,6,1,70,10,1461,2,4,9,1,9
2018010104784,1,1,-1,-1,-1,-1,-1,-1,-1,-1,1,1,2,1,30,6,-1,-1,-1,7,1,7
2018010104784,2,9,0,-1,-1,-1,-1,-1,-1,-1,-1,-1,6,3,36,7,1596,1,13,2,1,2
2018010104785,1,9,0,18,0,2,0,0,0,0,2,1,6,1,19,4,1248,2,4,6,1,6
2018010104785,2,9,0,18,0,2,0,0,3,0,1,1,6,1,31,6,1364,2,11,2,1,2
2018010104786,1,9,0,18,0,5,0,0,0,0,1,1,6,2,32,6,998,1,18,3,1,3
2018010104786,2,90,0,18,0,1,0,0,0,0,1,1,1,1,31,6,-1,-1,-1,4,1,4
2018010104788,1,9,0,18,0,0,0,0,0,0,0,1,6,1,19,4,998,1,2,5,1,5
2018010104788,2,9,0,18,0,0,0,0,0,0,1,1,6,1,19,4,998,1,1,7,1,7
2018010104789,1,9,0,2,0,0,0,8,0,0,3,1,6,3,-1,-1,1753,2,16,-1,-1,-1
2018010104789,2,1,0,18,0,0,0,0,0,0,1,1,6,1,24,5,-1,-1,-1,1,1,1
2018010104790,1,9,0,-1,0,4,0,0,0,0,1,-1,6,1,29,6,2000,2,14,4,1,4
2018010104790,2,9,0,-1,-1,-1,-1,-1,-1,-1,1,-1,6,3,-1,-1,-1,-1,-1,-1,-1,-1
2018010104794,1,19,0,5,0,7,0,0,0,0,1,1,6,1,48,8,2198,2,4,8,1,8
2018010104794,2,9,0,18,0,2,0,4,0,0,3,1,6,1,17,4,1199,1,17,9,1,9
2018010104794,3,9,0,2,0,1,0,0,0,0,4,1,6,3,-1,-1,1834,1,18,-1,-1,-1
2018010104794,4,9,0,2,0,1,0,4,0,0,2,1,6,3,-1,-1,-1,-1,-1,-1,-1,-1
2018010104794,5,9,0,2,0,1,0,0,0,0,2,1,6,3,-1,-1,2926,2,16,-1,-1,-1
2018010104794,6,9,0,2,0,2,0,0,0,0,4,1,6,3,-1,-1,1991,2,8,-1,-1,-1
2018010104796,1,3,0,4,0,1,0,0,0,0,1,1,1,2,21,5,125,1,2,-1,-1,-1
2018010104796,2,19,0,10,0,1,0,0,0,0,2,1,1,1,34,6,-1,-1,-1,-1,-1,-1
2018010104797,1,9,0,-1,-1,0,0,0,0,0,1,1,6,2,26,6,1968,2,4,2,1,2
2018010104797,2,9,0,18,-1,0,0,0,0,0,1,1,6,3,-1,-1,1968,2,5,-1,-1,-1
2018010104800,1,9,0,13,0,0,1,0,0,0,1,1,6,1,32,6,1969,2,4,9,1,9
2018010104800,2,9,0,18,0,0,0,0,0,0,1,1,6,1,57,9,1999,2,2,10,1,10
2018010104800,3,9,0,18,0,0,0,0,0,0,3,1,1,1,55,8,1997,2,5,1,1,1
2018010104800,4,9,0,18,0,0,0,0,0,0,2,1,6,3,-1,-1,1198,1,11,-1,-1,-1
2018010104806,1,9,0,18,0,1,0,0,0,0,1,1,6,1,45,7,1896,2,12,6,1,6
2018010104807,1,9,0,-1,-1,-1,-1,-1,-1,-1,2,-1,6,1,47,8,1797,8,7,1,1,1
2018010104807,2,9,0,-1,-1,-1,-1,-1,-1,-1,1,-1,6,3,69,10,1956,2,8,3,1,3
2018010104808,1,11,0,4,0,1,0,0,0,0,0,1,1,1,35,6,4500,2,-1,4,1,4
2018010104809,1,1,-1,-1,-1,0,-1,-1,-1,-1,1,1,6,2,-1,-1,-1,-1,-1,-1,-1,-1
2018010104812,1,8,0,9,0,8,0,0,0,0,0,1,1,1,49,8,2499,2,11,2,1,2
2018010104812,2,9,0,5,0,8,0,0,0,0,1,1,6,1,27,6,998,1,-1,3,1,3
2018010104813,1,9,0,18,0,0,5,0,0,0,1,1,6,1,56,9,-1,-1,-1,4,1,4
2018010104813,2,9,0,2,0,0,0,0,0,0,2,1,6,3,-1,-1,2143,2,2,-1,-1,-1
2018010104813,3,9,0,2,0,0,0,0,0,0,2,1,6,3,-1,-1,1998,1,18,-1,-1,-1
2018010104814,1,3,0,18,0,1,0,0,0,0,3,1,6,1,31,6,125,1,5,4,1,4
2018010104814,2,9,0,9,0,2,0,0,0,0,1,1,6,1,36,7,1596,1,11,5,1,5
2018010104818,1,9,0,2,0,0,0,0,0,0,3,1,6,3,-1,-1,2143,2,3,-1,-1,-1
2018010104818,2,9,0,14,0,0,0,0,0,0,1,1,6,1,79,11,1339,1,12,2,1,2
2018010104819,1,2,0,15,0,1,0,0,0,0,3,1,1,1,53,8,108,1,1,2,1,2
2018010104819,2,9,0,7,0,1,0,0,0,0,4,1,6,3,-1,-1,-1,-1,-1,-1,-1,-1
2018010104820,1,9,0,-1,-1,8,-1,-1,-1,-1,-1,-1,6,1,34,6,1790,8,6,2,1,2
2018010104821,1,8,0,18,0,1,0,0,0,0,3,1,1,1,38,7,1582,2,9,4,1,4
2018010104822,1,8,0,18,0,2,0,0,0,0,4,1,1,1,51,8,1798,8,6,6,1,6
2018010104822,2,3,0,18,0,1,0,0,0,0,1,1,1,1,31,6,125,1,1,2,1,2
2018010104823,1,9,0,18,0,1,0,4,0,0,1,1,6,1,30,6,1956,2,4,7,1,7
2018010104823,2,9,0,2,0,1,0,7,7,10,0,1,6,3,-1,-1,1398,1,3,-1,-1,-1
2018010104824,1,9,0,18,0,8,0,0,0,0,1,1,6,3,-1,-1,2143,2,3,-1,-1,-1
2018010104824,2,1,0,9,0,2,5,0,1,10,2,1,2,1,31,6,-1,-1,-1,3,1,3
2018010104825,1,9,0,18,9,8,0,0,1,2,1,1,6,1,26,6,1242,1,8,2,1,2
2018010104835,1,9,0,-1,-1,0,-1,-1,-1,-1,2,-1,6,2,30,6,1598,1,12,7,1,7
2018010104835,2,9,0,-1,-1,0,-1,-1,-1,-1,1,-1,6,1,-1,-1,2199,2,3,-1,-1,-1
2018010104848,1,3,-1,18,0,1,-1,-1,-1,-1,-1,1,6,1,23,5,125,1,7,2,1,2
2018010104849,1,1,-1,-1,-1,0,-1,-1,-1,-1,-1,1,6,1,33,6,-1,-1,-1,9,1,9
2018010104849,2,9,0,-1,-1,0,-1,-1,-1,-1,-1,-1,6,1,-1,-1,-1,-1,-1,-1,-1,-1
2018010104850,1,3,-1,-1,-1,0,-1,-1,-1,-1,-1,1,2,1,42,7,-1,-1,-1,-1,-1,-1
2018010104850,2,19,0,-1,-1,0,-1,-1,-1,-1,0,-1,6,1,-1,-1,2287,2,11,-1,-1,-1
2018010104851,1,9,0,18,0,6,0,0,0,0,1,1,6,3,-1,-1,-1,-1,-1,-1,-1,-1
2018010104854,1,9,0,-1,-1,0,-1,-1,-1,-1,-1,-1,6,2,21,5,1248,1,5,-1,1,-1
2018010104854,2,20,0,-1,-1,0,-1,-1,-1,-1,-1,-1,6,3,-1,-1,-1,-1,-1,-1,-1,-1
2018010104868,1,9,0,18,0,1,0,0,0,0,1,1,6,1,34,6,1968,2,4,-1,1,-1
2018010104868,2,9,0,18,0,1,0,0,0,0,1,1,6,1,25,5,2993,2,9,2,1,2
2018010104869,1,9,0,5,0,2,0,0,0,0,1,2,6,2,32,6,2204,2,11,4,1,4
2018010104869,2,9,0,9,0,5,0,0,0,0,4,1,6,3,-1,-1,-1,-1,-1,-1,-1,-1
2018010104874,1,19,0,18,9,1,0,0,0,0,1,1,1,1,28,6,2198,2,3,2,1,2
2018010104874,2,9,0,18,9,1,0,0,0,0,2,1,3,2,37,7,1598,1,3,5,1,5
2018010104877,1,9,0,18,0,8,0,0,1,4,1,2,6,2,21,5,-1,-1,-1,7,1,7
2018010104878,1,1,-1,-1,-1,-1,-1,-1,-1,-1,-1,1,2,1,32,6,-1,-1,-1,6,1,6
2018010104878,2,8,0,-1,-1,-1,-1,-1,-1,-1,-1,-1,6,1,-1,-1,1560,2,3,-1,-1,-1
2018010104879,1,5,0,-1,-1,-1,-1,-1,-1,-1,2,1,6,1,39,7,745,1,1,6,1,6
2018010104879,2,9,-1,-1,-1,-1,-1,-1,-1,-1,-1,-1,6,3,-1,-1,-1,-1,-1,-1,-1,-1
2018010104881,1,8,0,3,0,1,0,0,0,0,2,1,1,1,33,6,1968,2,5,7,1,7
2018010104881,2,9,0,3,0,1,0,0,0,0,2,1,6,1,45,7,1956,2,8,3,1,3
2018010104881,3,19,0,18,0,1,0,0,0,0,1,1,1,1,48,8,1461,2,5,3,1,3
2018010104886,1,19,0,-1,-1,-1,-1,-1,-1,-1,3,-1,6,2,22,5,1248,2,4,2,1,2
2018010104886,2,9,0,-1,-1,-1,-1,-1,-1,-1,1,-1,6,1,29,6,1995,2,13,-1,-1,-1
2018010104888,1,9,0,-1,-1,-1,-1,-1,-1,-1,1,-1,6,2,39,7,1984,1,4,8,1,8
2018010104888,2,9,0,-1,-1,-1,-1,-1,-1,-1,2,-1,6,2,-1,-1,2993,2,3,9,1,9
2018010104890,1,9,0,18,0,8,1,0,0,0,3,1,6,1,51,8,1896,2,19,5,1,5
2018010104890,2,19,0,18,0,6,0,0,0,0,1,1,6,1,26,6,1998,2,15,1,1,1
2018010104891,1,9,0,5,0,6,0,0,0,0,1,1,6,1,19,4,1461,2,4,9,1,9
2018010104891,2,9,0,18,0,8,0,0,0,0,1,1,6,2,24,5,1364,1,9,8,1,8
2018010104892,1,11,0,18,2,2,0,0,0,0,0,1,1,1,43,7,4500,2,1,2,1,2
2018010104901,1,11,0,5,0,0,0,0,0,0,0,1,1,1,55,8,6692,2,9,9,1,9
2018010104903,1,1,-1,-1,-1,-1,-1,-1,-1,-1,-1,1,2,1,25,5,-1,-1,-1,7,1,7
2018010104903,2,9,0,-1,-1,-1,-1,-1,-1,-1,1,-1,6,1,-1,-1,-1,-1,-1,-1,-1,-1
2018010104904,1,3,0,-1,-1,0,-1,-1,-1,-1,-1,1,6,1,38,7,125,1,3,8,1,8
2018010104906,1,9,0,6,0,5,5,0,0,0,1,1,6,2,63,9,1398,1,3,2,1,2
2018010104906,2,5,0,18,0,6,0,0,0,0,1,1,1,1,25,5,599,1,9,2,1,2
2018010104915,1,9,0,18,0,1,0,0,0,0,3,1,6,2,28,6,1242,1,2,3,1,3
2018010104915,2,3,0,3,0,1,1,0,0,0,4,1,6,1,39,7,124,1,5,2,1,2
2018010104916,1,9,0,18,0,4,0,0,0,0,1,1,6,1,74,10,1461,2,2,1,1,1
2018010104916,2,4,0,17,0,4,0,0,0,0,2,1,6,1,39,7,125,1,1,2,1,2
2018010104917,1,9,0,9,0,8,0,0,0,0,3,1,6,1,30,6,1896,2,15,2,1,2
2018010104917,2,3,0,13,9,8,0,0,0,0,1,1,6,2,53,8,278,1,4,6,1,6
2018010104919,1,9,-1,-1,-1,-1,-1,-1,-1,-1,-1,-1,6,2,53,8,1598,1,3,-1,-1,-1
2018010104923,1,9,0,5,0,1,0,0,0,0,3,1,6,2,32,6,1339,8,11,-1,-1,-1
2018010104923,2,1,0,18,0,1,0,0,0,0,1,1,6,1,46,8,-1,-1,-1,3,1,3
2018010104924,1,8,0,-1,-1,-1,-1,-1,-1,-1,-1,-1,6,1,50,8,1798,8,-1,5,1,5
2018010104924,2,19,0,-1,-1,-1,-1,-1,-1,-1,-1,-1,6,1,-1,-1,1686,2,9,-1,-1,-1
2018010104926,1,9,0,18,0,8,0,0,0,0,3,1,6,1,53,8,1797,8,8,2,1,2
2018010104929,1,9,0,18,0,0,0,4,0,0,1,1,6,1,28,6,-1,-1,-1,7,1,7
2018010104929,2,9,0,2,0,0,1,0,1,0,2,1,6,3,-1,-1,1360,1,13,-1,-1,-1
2018010104930,1,9,0,4,0,0,0,0,0,0,1,1,6,2,28,6,1299,1,15,10,1,10
2018010104930,2,9,0,3,0,0,0,0,0,0,2,1,6,1,70,10,3200,2,14,8,1,8
2018010104932,1,9,0,-1,-1,-1,-1,-1,-1,-1,2,-1,6,1,36,7,2996,1,12,10,1,10
2018010104932,2,9,0,-1,-1,-1,-1,-1,-1,-1,1,-1,6,1,28,6,1364,1,10,6,1,6
2018010104934,1,11,0,18,0,8,0,0,0,0,0,1,1,1,40,7,5132,2,4,10,1,10
2018010104935,1,9,0,5,0,1,0,0,0,0,1,1,2,1,23,5,1598,2,3,5,1,5
2018010104935,2,1,0,18,0,1,0,0,0,0,4,1,6,1,41,7,-1,-1,-1,2,1,2
2018010104943,1,8,0,-1,-1,0,-1,-1,-1,-1,1,-1,6,1,-1,-1,1798,8,5,-1,-1,-1
2018010104944,1,9,0,-1,0,0,0,0,0,0,2,1,6,2,20,4,1200,1,4,6,1,6
2018010104944,2,9,0,18,0,0,0,0,0,0,1,1,6,1,-1,-1,1598,1,11,8,1,8
2018010104944,3,9,0,18,0,0,0,0,0,0,-1,1,6,3,-1,-1,-1,-1,-1,-1,-1,-1
2018010104945,1,9,0,-1,-1,0,-1,-1,-1,-1,2,-1,6,1,31,6,1390,1,16,7,1,7
2018010104948,1,11,0,5,0,8,0,0,0,0,0,1,1,1,43,7,4500,2,8,4,1,4
2018010104958,1,3,0,-1,-1,0,-1,-1,-1,-1,-1,1,6,1,38,7,125,1,1,2,1,2
2018010104958,2,9,0,-1,-1,0,-1,-1,-1,-1,1,-1,6,1,-1,-1,2155,2,21,-1,-1,-1
2018010104960,1,20,4,-1,-1,-1,-1,-1,-1,-1,2,-1,6,3,-1,-1,-1,-1,-1,-1,-1,-1
2018010104961,1,1,-1,-1,-1,-1,-1,-1,-1,-1,1,1,2,2,32,6,-1,-1,-1,3,1,3
2018010104961,2,19,0,-1,-1,-1,-1,-1,-1,-1,-1,-1,6,3,-1,-1,-1,-1,-1,-1,-1,-1
2018010104963,1,9,0,18,0,0,0,0,0,0,3,1,1,1,46,8,1798,8,2,2,1,2
2018010104963,2,9,0,9,0,0,0,0,0,0,1,1,1,1,42,7,2987,2,1,2,1,2
2018010104968,1,1,0,18,0,2,0,0,0,0,1,1,6,1,29,6,-1,-1,-1,1,1,1
2018010104968,2,9,0,7,0,1,0,0,0,0,1,1,2,1,58,9,1364,1,3,3,1,3
2018010104972,1,9,0,3,0,3,0,0,1,0,2,1,6,1,30,6,1791,8,6,3,1,3
2018010104972,2,9,0,18,0,3,2,0,1,0,1,1,6,1,51,8,1794,1,14,8,1,8
2018010104975,1,9,0,18,0,2,0,0,0,0,4,1,2,1,30,6,1368,1,2,5,1,5
2018010104975,2,5,0,18,0,2,0,0,0,0,1,1,6,2,60,9,471,1,5,8,1,8
2018010104979,1,9,0,10,0,1,0,0,0,0,1,1,1,1,41,7,998,1,11,5,1,5
2018010104979,2,3,0,18,0,1,0,0,0,0,4,1,6,1,33,6,108,1,6,1,1,1
2018010104981,1,5,0,18,0,1,1,0,0,0,1,1,6,1,37,7,279,1,7,3,1,3
2018010104983,1,19,0,9,0,1,0,0,0,0,3,1,1,1,28,6,2198,2,2,1,1,1
2018010104983,2,5,0,13,0,8,0,0,0,0,1,1,2,1,40,7,599,1,14,2,1,2
2018010104988,1,9,0,9,0,2,0,0,0,0,1,1,6,1,22,5,1390,1,4,5,1,5
2018010104988,2,9,0,18,0,1,0,0,0,0,1,1,1,1,50,8,3999,1,10,2,1,2
2018010104996,1,9,0,18,9,8,0,0,3,10,2,1,6,1,20,4,2143,2,3,1,1,1
2018010104996,2,9,0,18,0,8,0,0,0,0,1,1,6,1,38,7,1332,1,10,3,1,3
2018010104996,3,9,0,2,0,2,0,0,0,0,1,1,6,3,-1,-1,1560,2,3,-1,-1,-1
2018010105001,1,9,0,18,9,1,0,0,1,10,1,1,1,2,39,7,1339,1,12,1,1,1
2018010105001,2,9,0,10,0,1,0,0,0,0,1,1,6,1,39,7,1396,1,9,8,1,8
2018010105012,1,5,0,-1,-1,-1,-1,-1,-1,-1,-1,1,6,1,22,5,689,1,3,-1,-1,-1
2018010105012,2,9,0,-1,-1,-1,-1,-1,-1,-1,-1,-1,6,1,-1,-1,2499,1,9,1,1,1
2018010105016,1,11,0,18,0,0,0,7,7,0,1,1,6,1,45,7,5132,2,1,4,1,4
2018010105016,2,9,0,2,0,0,0,4,0,0,2,1,6,3,-1,-1,1991,2,8,-1,-1,-1
2018010105016,3,9,0,2,0,0,0,4,1,1,1,1,6,3,-1,-1,1769,1,15,-1,-1,-1
2018010105020,1,90,0,18,0,2,0,0,0,0,4,1,1,1,30,6,-1,-1,-1,6,1,6
2018010105020,2,9,0,18,0,2,0,0,0,0,3,1,6,1,44,7,1910,2,12,6,1,6
2018010105021,1,11,0,7,0,1,0,7,0,0,1,1,6,1,36,7,4500,2,11,2,1,2
2018010105027,1,9,0,14,0,1,0,0,0,0,3,1,6,1,22,5,1995,2,5,2,1,2
2018010105028,1,9,0,-1,-1,0,-1,-1,-1,-1,-1,-1,6,1,52,8,2401,2,12,4,1,4
2018010105028,2,9,0,-1,-1,0,-1,-1,-1,-1,1,-1,6,2,-1,-1,1995,2,2,8,1,8
2018010105034,1,9,0,18,0,8,1,0,3,10,1,1,6,1,28,6,2148,2,13,3,1,3
2018010105034,2,9,0,16,0,1,0,0,0,0,0,1,1,1,28,6,1560,2,4,2,1,2
2018010105035,1,9,0,18,0,0,0,0,0,0,1,1,6,1,32,6,3999,1,8,4,1,4
2018010105038,1,1,0,18,-1,-1,-1,0,-1,0,1,1,6,3,-1,-1,-1,-1,-1,-1,-1,-1
2018010105045,1,19,0,7,0,8,0,0,0,0,4,1,1,1,54,8,2198,2,4,6,1,6
2018010105045,2,1,0,18,0,1,0,0,0,0,1,1,2,1,24,5,-1,-1,-1,-1,-1,-1
2018010105050,1,9,0,9,0,1,0,0,0,0,4,1,2,1,49,8,2993,2,1,6,1,6
2018010105050,2,1,0,18,0,1,0,0,0,0,1,1,2,1,36,7,-1,-1,-1,1,1,1
2018010105051,1,9,0,13,0,0,0,0,0,0,4,1,6,2,45,7,1999,2,2,9,1,9
2018010105051,2,1,0,18,4,0,0,0,0,0,3,1,2,1,55,8,-1,-1,-1,10,1,10
2018010105053,1,9,0,4,0,2,0,0,0,0,4,1,6,1,59,9,2720,2,12,6,1,6
2018010105055,1,9,0,9,0,5,0,0,0,0,1,1,3,2,44,7,1910,2,8,7,1,7
2018010105056,1,9,0,4,0,0,0,0,1,0,2,1,6,1,48,8,1595,1,14,4,1,4
2018010105056,2,19,0,18,0,0,0,4,0,0,1,1,1,1,31,6,2287,2,3,3,1,3
2018010105058,1,19,0,3,0,0,0,0,0,0,2,1,1,1,31,6,1587,1,8,4,1,4
2018010105058,2,2,0,5,0,0,0,0,0,0,1,1,6,1,27,6,124,1,1,3,1,3
2018010105059,1,9,0,-1,-1,-1,-1,-1,-1,-1,2,-1,2,2,53,8,1390,1,6,7,1,7
2018010105059,2,9,0,-1,-1,-1,-1,-1,-1,-1,-1,-1,6,2,37,7,1685,2,1,8,1,8
2018010105063,1,9,0,-1,-1,-1,-1,-1,-1,-1,1,-1,2,1,21,5,1499,2,5,4,1,4
2018010105063,2,9,0,-1,-1,-1,-1,-1,-1,-1,-1,-1,6,2,-1,-1,1969,2,3,-1,-1,-1
2018010105064,1,8,0,18,0,1,0,0,0,0,1,1,1,1,54,8,2499,2,4,8,1,8
2018010105064,2,5,5,3,0,1,0,0,0,0,2,1,6,1,54,8,865,1,4,9,1,9
2018010105070,1,19,0,11,0,8,0,0,0,0,4,1,1,1,35,6,2143,2,7,2,1,2
2018010105070,2,1,0,18,0,8,0,0,0,0,1,1,2,2,33,6,-1,-1,-1,2,1,2
2018010105073,1,3,0,14,0,0,0,0,0,0,1,1,1,1,53,8,85,1,15,4,1,4
2018010105084,1,3,0,18,0,2,0,0,0,0,1,1,6,3,-1,-1,-1,-1,-1,-1,-1,-1
2018010105085,1,1,-1,18,0,1,0,-1,0,0,2,1,6,1,30,6,-1,-1,-1,5,1,5
2018010105085,2,9,-1,18,0,1,0,-1,0,0,1,-1,6,3,-1,-1,1850,1,18,-1,-1,-1
2018010105086,1,3,0,-1,-1,0,-1,-1,-1,-1,-1,1,6,1,27,6,108,1,4,3,1,3
2018010105086,2,9,-1,-1,-1,0,-1,-1,-1,-1,-1,-1,6,2,26,6,1198,1,1,2,1,2
2018010105087,1,9,-1,3,0,0,-1,0,0,0,2,-1,6,1,28,6,-1,-1,-1,3,1,3
2018010105087,2,9,-1,18,0,0,-1,0,0,0,1,-1,6,2,-1,-1,1086,1,12,3,1,3
2018010105089,1,3,0,-1,-1,-1,-1,-1,-1,-1,-1,1,2,1,30,6,124,1,7,2,1,2
2018010105089,2,9,0,-1,-1,-1,-1,-1,-1,-1,-1,-1,6,1,-1,-1,-1,-1,-1,-1,-1,-1
2018010105090,1,3,0,-1,-1,-1,-1,-1,-1,-1,1,1,6,1,42,7,125,1,6,3,1,3
2018010105090,2,9,0,-1,-1,-1,-1,-1,-1,-1,1,-1,6,1,-1,-1,1560,2,4,-1,-1,-1
2018010105091,1,9,0,17,0,0,0,10,1,2,1,1,2,2,50,8,1598,1,16,8,1,8
2018010105092,1,9,0,6,0,0,0,0,0,0,2,1,2,1,44,7,-1,-1,-1,6,3,6
2018010105092,2,5,0,14,0,0,0,0,0,0,1,1,2,1,28,6,645,1,10,8,1,8
2018010105093,1,9,0,-1,0,8,-1,-1,-1,-1,4,-1,6,2,29,6,1997,1,10,3,1,3
2018010105093,2,9,0,-1,0,8,-1,-1,-1,-1,1,-1,6,2,-1,-1,1596,1,14,-1,-1,-1
2018010105100,1,9,0,9,0,5,0,0,0,0,1,1,2,2,47,8,1390,1,9,4,1,4
2018010105100,2,90,0,18,0,1,0,0,0,0,1,1,1,2,29,6,-1,-1,-1,4,1,4
2018010105104,1,5,-1,3,-1,-1,-1,-1,-1,-1,2,1,6,1,29,6,-1,-1,-1,2,1,2
2018010105104,2,9,-1,-1,-1,-1,-1,-1,-1,-1,-1,-1,6,1,-1,-1,1598,1,13,-1,-1,-1
2018010105105,1,4,0,18,0,1,0,0,0,0,0,1,6,1,27,6,125,1,7,3,1,3
2018010105106,1,1,-1,-1,-1,0,-1,-1,-1,-1,1,1,6,1,37,7,-1,-1,-1,3,1,3
2018010105106,2,20,0,-1,-1,0,-1,-1,-1,-1,-1,-1,6,1,-1,-1,-1,-1,-1,4,1,4
2018010105111,1,9,0,18,0,0,0,0,0,0,4,1,6,1,19,4,1596,1,9,1,1,1
2018010105111,2,9,0,2,0,0,0,0,0,0,2,1,6,3,-1,-1,1560,2,11,-1,-1,-1
2018010105115,1,1,0,18,0,0,5,4,0,0,1,1,6,1,43,7,-1,-1,-1,6,1,6
2018010105115,2,1,0,4,0,0,0,0,0,0,3,1,6,3,38,7,-1,-1,-1,-1,-1,-1
2018010105118,1,9,0,-1,-1,-1,-1,-1,-1,-1,1,-1,6,1,38,7,1800,8,3,8,1,8
2018010105119,1,9,0,18,0,1,0,0,0,0,1,1,6,3,-1,-1,-1,-1,-1,-1,-1,-1
2018010105135,1,1,-1,-1,-1,-1,-1,-1,-1,-1,1,1,2,1,26,6,-1,-1,-1,2,1,2
2018010105135,2,9,0,-1,-1,-1,-1,-1,-1,-1,-1,-1,6,3,-1,-1,1587,1,12,-1,-1,-1
2018010105139,1,9,0,7,0,1,0,0,0,0,1,1,6,2,18,4,999,1,2,-1,-1,-1
2018010105140,1,9,0,4,0,1,0,0,0,0,3,1,4,2,30,6,1560,2,10,5,1,5
2018010105140,2,1,0,18,0,1,2,0,0,0,1,1,6,1,24,5,-1,-1,-1,5,1,5