Accident_Index,Vehicle_Reference,Vehicle_Type,Towing_and_Articulation,Vehicle_Manoeuvre,Vehicle_Location-Restricted_Lane,Junction_Location,Skidding_and_Overturning,Hit_Object_in_Carriageway,Vehicle_Leaving_Carriageway,Hit_Object_off_Carriageway,1st_Point_of_Impact,Was_Vehicle_Left_Hand_Drive?,Journey_Purpose_of_Driver,Sex_of_Driver,Age_of_Driver,Age_Band_of_Driver,Engine_Capacity_(CC),Propulsion_Code,Age_of_Vehicle,Driver_IMD_Decile,Driver_Home_Area_Type,Vehicle_IMD_Decile
2018010105143,1,9,0,15,0,0,1,4,0,0,1,1,6,1,33,6,1199,1,16,-1,-1,-1
2018010105143,2,21,0,2,6,0,0,0,0,0,2,1,6,3,-1,-1,5880,2,15,-1,-1,-1
2018010105145,1,1,0,18,0,7,0,4,0,0,1,1,2,1,45,7,-1,-1,-1,9,1,9
2018010105145,2,9,0,2,0,1,0,0,0,0,2,1,6,3,-1,-1,1396,1,18,-1,-1,-1
2018010105146,1,10,0,-1,-1,-1,-1,-1,-1,-1,1,-1,6,1,-1,-1,-1,-1,-1,-1,-1,-1
2018010105153,1,9,0,18,0,2,0,0,0,0,3,1,6,1,22,5,2967,2,5,10,3,10
2018010105155,1,9,0,2,0,0,0,0,0,0,2,1,6,3,-1,-1,2179,2,5,-1,-1,-1
2018010105155,2,3,0,18,0,0,0,4,1,0,1,1,3,1,32,6,125,1,7,4,1,4
2018010105160,1,9,0,7,0,8,0,0,0,0,4,1,6,3,-1,-1,-1,-1,-1,-1,-1,-1
2018010105160,2,1,0,16,0,8,2,0,0,0,1,1,6,2,52,8,-1,-1,-1,3,1,3
2018010105161,1,19,0,7,0,8,0,0,0,0,4,1,6,3,-1,-1,2402,2,11,-1,-1,-1
2018010105161,2,1,0,18,0,8,1,0,0,0,3,1,6,1,32,6,-1,-1,-1,9,1,9
2018010105167,1,9,0,18,0,1,0,0,0,0,4,1,6,2,45,7,1200,1,2,3,2,3
2018010105167,2,19,0,5,0,1,0,0,0,0,3,1,6,3,-1,-1,1998,2,13,-1,-1,-1
2018010105181,1,2,0,13,0,1,5,0,0,0,3,1,1,1,21,5,125,1,4,1,1,1
2018010105181,2,19,0,7,0,1,0,0,0,0,3,1,6,1,39,7,2198,2,8,2,1,2
2018010105183,1,2,0,5,0,0,0,0,0,0,1,1,6,1,-1,-1,399,1,4,-1,-1,-1
2018010105194,1,3,0,18,0,0,0,10,0,0,1,1,6,3,-1,-1,624,1,15,-1,-1,-1
2018010105195,1,9,0,7,0,5,0,0,0,0,2,1,2,2,54,8,1198,1,6,9,1,9
2018010105195,2,3,0,18,0,1,0,0,0,0,1,1,6,2,34,6,279,1,2,2,1,2
2018010105203,1,8,0,9,0,0,0,0,0,0,3,1,1,1,55,8,1395,1,1,4,1,4
2018010105203,2,9,0,18,0,0,0,0,0,0,1,1,6,3,-1,-1,-1,-1,-1,-1,-1,-1
2018010105204,1,9,0,4,0,0,0,0,0,0,4,1,1,1,52,8,1896,2,15,3,1,3
2018010105204,2,1,0,18,0,0,0,0,1,0,3,1,2,1,28,6,-1,-1,-1,2,1,2
2018010105205,1,9,0,7,0,4,0,0,0,0,1,1,6,2,47,8,1796,1,11,2,1,2
2018010105205,2,1,0,18,0,8,0,0,0,0,2,1,6,1,26,6,-1,-1,-1,3,1,3
2018010105207,1,1,-1,-1,-1,-1,-1,-1,-1,-1,-1,1,2,1,26,6,-1,-1,-1,5,1,5
2018010105207,2,19,0,-1,-1,-1,-1,-1,-1,-1,-1,-1,6,1,62,9,2798,2,12,1,1,1
2018010105208,1,11,0,4,0,4,0,0,0,0,0,1,1,1,36,7,6692,2,5,2,1,2
2018010105209,1,9,0,18,0,2,0,0,0,0,1,1,6,1,20,4,1596,1,13,3,1,3
2018010105211,1,11,0,4,0,1,0,0,0,0,0,1,1,1,49,8,-1,-1,-1,5,1,5
2018010105212,1,9,0,1,9,0,0,0,0,0,2,1,2,1,40,7,1968,2,11,3,1,3
2018010105214,1,5,0,18,9,1,0,0,0,0,1,1,6,1,52,8,847,1,3,2,1,2
2018010105214,2,9,0,9,0,5,0,0,0,0,1,1,6,1,72,10,1461,2,5,3,1,3
2018010105215,1,1,-1,-1,-1,-1,-1,-1,-1,-1,2,1,2,2,28,6,-1,-1,-1,6,1,6
2018010105215,2,9,0,-1,-1,-1,-1,-1,-1,-1,1,-1,6,1,-1,-1,-1,-1,-1,-1,-1,-1
2018010105217,1,9,-1,-1,-1,-1,-1,-1,-1,-1,-1,-1,2,1,40,7,1900,2,20,5,1,5
2018010105217,2,9,-1,-1,-1,-1,-1,-1,-1,-1,1,-1,6,1,29,6,-1,-1,-1,6,1,6
2018010105219,1,9,0,5,0,0,0,0,0,0,1,1,6,1,58,9,1798,8,1,2,1,2
2018010105219,2,9,0,18,0,0,0,0,0,0,1,1,6,1,68,10,1396,1,6,7,1,7
2018010105220,1,9,4,18,6,2,0,0,0,0,0,1,1,1,41,7,-1,-1,-1,6,1,6
2018010105221,1,9,0,8,0,1,0,0,0,0,2,1,6,2,62,9,998,1,2,2,1,2
2018010105221,2,9,0,5,0,1,0,0,0,0,1,1,6,1,68,10,1598,2,-1,2,1,2
2018010105223,1,3,-1,-1,0,-1,-1,-1,-1,-1,-1,1,6,1,-1,-1,-1,-1,-1,-1,-1,-1
2018010105225,1,9,0,9,0,6,0,0,0,0,1,1,6,1,56,9,1339,1,15,1,1,1
2018010105225,2,19,0,18,0,1,0,0,0,0,1,1,6,1,69,10,1399,2,10,3,1,3
2018010105227,1,9,0,7,0,6,0,0,0,0,1,1,2,1,43,7,1950,2,1,1,1,1
2018010105227,2,3,0,9,0,1,0,0,0,0,1,1,6,1,19,4,108,1,6,4,1,4
2018010105228,1,9,0,14,0,2,5,4,0,0,4,1,6,1,42,7,1997,1,1,9,1,9
2018010105228,2,9,0,2,0,5,0,0,1,0,2,1,6,3,-1,-1,1587,1,12,-1,-1,-1
2018010105231,1,9,0,18,0,0,5,11,0,0,4,1,6,1,18,4,1560,2,7,3,1,3
2018010105235,1,9,0,-1,-1,0,-1,-1,-1,-1,-1,-1,6,2,35,6,2926,2,14,7,1,7
2018010105235,2,9,0,-1,-1,0,-1,-1,-1,-1,-1,-1,6,1,28,6,-1,-1,-1,-1,-1,-1
2018010105240,1,9,0,9,0,1,0,0,0,0,2,1,6,1,30,6,-1,-1,-1,-1,-1,-1
2018010105240,2,21,0,18,0,1,0,0,0,0,1,1,6,3,28,6,2998,2,-1,-1,-1,-1
2018010105241,1,1,-1,-1,-1,-1,-1,-1,-1,-1,1,1,2,2,42,7,-1,-1,-1,5,1,5
2018010105241,2,3,0,-1,-1,-1,-1,-1,-1,-1,2,1,6,1,22,5,125,1,-1,3,1,3
2018010105242,1,8,0,4,0,1,0,0,0,0,1,1,1,1,52,8,2231,2,10,2,1,2
2018010105244,1,9,0,9,0,6,0,0,0,0,1,1,1,2,54,8,1386,1,10,4,1,4
2018010105244,2,5,0,18,0,1,0,0,0,0,4,1,2,1,53,8,1293,1,5,8,1,8
2018010105248,1,9,0,9,0,1,0,0,0,0,1,1,6,1,61,9,1997,2,5,2,1,2
2018010105248,2,1,0,18,0,1,0,0,0,0,1,1,6,1,24,5,-1,-1,-1,2,1,2
2018010105251,1,8,0,5,0,5,0,0,0,0,1,1,6,1,67,10,2499,2,8,7,1,7
2018010105251,2,9,0,5,0,5,0,0,0,0,2,1,6,1,42,7,-1,-1,-1,5,1,5
2018010105253,1,11,0,18,2,2,0,0,1,2,1,1,1,1,28,6,4500,2,2,3,1,3
2018010105254,1,9,0,18,0,6,0,0,3,10,4,1,3,2,17,4,1229,1,1,5,1,5
2018010105254,2,9,0,5,0,1,0,0,1,10,3,1,2,2,45,7,1798,8,6,1,1,1
2018010105256,1,9,0,18,0,0,0,0,7,4,1,1,3,2,28,6,1400,1,11,2,1,2
2018010105257,1,9,0,18,0,0,0,0,0,0,1,-1,6,1,19,4,1968,2,13,3,1,3
2018010105258,1,9,0,9,0,5,0,0,0,0,4,1,1,1,25,5,1997,2,7,-1,-1,-1
2018010105258,2,1,0,18,4,1,0,0,0,0,4,1,2,1,23,5,-1,-1,-1,9,1,9
2018010105259,1,9,0,9,0,6,0,0,0,0,4,1,6,1,44,7,1499,1,1,2,1,2
2018010105259,2,9,0,9,0,4,0,0,0,0,3,1,6,2,44,7,1995,1,11,3,1,3
2018010105262,1,8,0,3,0,1,0,0,0,0,2,-1,1,1,59,9,2499,2,10,6,1,6
2018010105262,2,9,0,5,0,1,0,4,0,0,1,-1,6,3,-1,-1,1995,2,10,-1,-1,-1
2018010105265,1,9,3,6,0,0,0,0,0,0,3,1,1,1,35,6,2143,2,3,8,1,8
2018010105265,2,4,0,18,0,0,2,0,0,0,1,1,1,1,28,6,125,1,1,8,1,8
2018010105267,1,19,0,7,0,0,0,0,0,0,2,1,1,1,36,7,1560,2,3,6,1,6
2018010105267,2,1,0,18,0,0,0,0,0,0,1,1,2,1,37,7,-1,-1,-1,7,1,7
2018010105277,1,9,0,7,0,5,0,0,0,0,3,2,1,1,20,4,-1,-1,-1,4,1,4
2018010105277,2,1,0,18,0,1,0,0,0,0,1,1,2,1,24,5,-1,-1,-1,7,1,7
2018010105299,1,5,0,14,0,1,2,0,0,0,4,1,2,1,36,7,998,1,19,2,1,2
2018010105299,2,9,0,12,0,1,0,0,0,0,3,1,2,1,27,6,1587,1,15,6,3,6
2018010105310,1,1,-1,-1,-1,-1,-1,-1,-1,-1,2,1,2,2,44,7,-1,-1,-1,2,1,2
2018010105310,2,9,0,-1,-1,-1,-1,-1,-1,-1,1,-1,6,1,71,10,1388,1,12,5,1,5
2018010105320,1,9,0,18,0,0,0,0,0,0,1,1,6,2,53,8,1364,1,5,5,1,5
2018010105321,1,9,0,5,0,7,0,0,0,0,1,1,6,1,58,9,1598,1,6,5,1,5
2018010105321,2,1,0,5,0,7,0,0,0,0,2,1,2,1,52,8,-1,-1,-1,1,1,1
2018010105322,1,9,0,9,0,1,0,0,0,0,0,1,2,2,27,6,999,1,3,5,1,5
2018010105322,2,4,0,15,2,1,0,0,0,0,0,1,6,1,52,8,-1,-1,-1,4,1,4
2018010105322,3,19,0,4,0,1,0,0,0,0,0,1,6,1,44,7,1995,2,1,6,1,6
2018010105325,1,1,-1,-1,-1,-1,-1,-1,-1,-1,-1,1,2,1,28,6,-1,-1,-1,3,1,3
2018010105325,2,9,0,-1,-1,-1,-1,-1,-1,-1,-1,-1,6,1,-1,-1,2143,2,8,-1,-1,-1
2018010105327,1,9,0,13,0,0,1,0,1,10,4,1,2,2,38,7,1968,2,3,9,3,9
2018010105327,2,21,1,12,0,0,0,0,0,0,1,2,1,1,45,7,-1,-1,-1,-1,-1,-1
2018010105332,1,2,-1,-1,-1,-1,-1,-1,-1,-1,-1,1,1,1,23,5,108,1,2,2,1,2
2018010105337,1,4,0,13,0,2,0,0,0,0,4,1,2,1,38,7,125,1,2,3,1,3
2018010105346,1,90,0,-1,-1,-1,-1,-1,-1,-1,2,-1,6,1,-1,-1,-1,-1,-1,-1,-1,-1
2018010105352,1,9,0,4,0,0,0,0,0,0,1,1,6,1,46,8,1560,2,7,6,1,6
2018010105352,2,9,0,4,0,0,0,0,0,0,2,1,6,1,31,6,1560,2,10,3,1,3
2018010105354,1,3,0,3,0,1,2,0,0,0,1,1,6,1,32,6,125,1,1,7,1,7
2018010105354,2,19,0,1,0,1,0,-1,-1,0,-1,-1,1,1,-1,-1,2402,2,10,-1,-1,-1
2018010105358,1,90,0,-1,-1,-1,-1,-1,-1,-1,1,1,6,3,-1,-1,-1,-1,-1,-1,-1,-1
2018010105359,1,9,0,4,-1,-1,-1,-1,-1,-1,2,-1,6,2,46,8,-1,-1,-1,5,1,5
2018010105362,1,9,0,4,0,1,0,0,0,0,2,1,6,1,58,9,1364,1,9,1,1,1
2018010105362,2,90,0,18,0,1,1,0,0,0,1,1,1,1,43,7,-1,-1,-1,2,1,2
2018010105366,1,9,0,18,0,0,0,0,1,10,1,1,6,1,25,5,1995,1,9,10,1,10
2018010105366,2,9,0,18,0,0,0,0,0,0,1,1,6,1,50,8,1896,2,15,9,1,9
2018010105366,3,9,0,18,0,0,0,0,0,0,2,1,6,1,42,7,1968,2,8,8,1,8
2018010105366,4,19,0,18,0,0,0,0,0,0,2,1,2,1,-1,-1,1598,2,2,-1,-1,-1
2018010105366,5,9,0,2,9,0,0,0,0,0,2,1,6,3,-1,-1,1596,1,4,-1,-1,-1
2018010105367,1,9,0,18,0,2,0,0,0,0,1,1,3,2,30,6,1497,8,10,2,1,2
2018010105370,1,9,0,-1,-1,0,-1,-1,-1,-1,2,-1,6,1,55,8,1598,1,11,3,1,3
2018010105370,2,90,0,-1,-1,0,-1,-1,-1,-1,2,-1,6,1,-1,-1,-1,-1,-1,2,1,2
2018010105370,3,9,0,-1,-1,0,-1,-1,-1,-1,0,-1,6,2,-1,-1,-1,-1,-1,-1,-1,-1
2018010105372,1,9,0,18,0,1,0,0,0,0,2,1,6,2,33,6,1584,1,14,2,1,2
2018010105372,2,9,0,9,0,1,0,0,0,0,2,1,6,2,35,6,1596,1,8,5,1,5
2018010105374,1,9,0,18,0,0,0,0,1,2,1,1,2,1,22,5,1390,1,7,5,1,5
2018010105375,1,1,-1,-1,-1,-1,-1,-1,-1,-1,-1,1,2,1,32,6,-1,-1,-1,9,1,9
2018010105375,2,9,0,-1,-1,-1,-1,-1,-1,-1,1,-1,6,3,-1,-1,-1,-1,-1,-1,-1,-1
2018010105376,1,9,0,7,0,1,0,0,0,0,1,1,6,2,25,5,1598,1,12,5,1,5
2018010105377,1,19,0,4,0,1,0,0,0,0,2,1,1,1,47,8,2998,2,3,3,1,3
2018010105377,2,1,0,4,0,1,0,0,0,0,1,1,2,2,28,6,-1,-1,-1,4,1,4
2018010105381,1,9,0,5,0,8,0,0,0,0,1,1,6,1,67,10,2171,1,16,5,1,5
2018010105381,2,3,0,5,0,2,0,0,0,0,1,1,1,1,35,6,125,1,2,5,1,5
2018010105382,1,19,0,14,0,0,0,0,0,0,3,1,1,1,75,10,-1,-1,-1,1,1,1
2018010105382,2,9,0,3,0,0,0,0,0,0,3,1,6,2,41,7,1797,8,5,3,1,3
2018010105382,3,9,0,3,0,0,0,0,0,0,3,1,6,1,27,6,1598,1,5,3,1,3
2018010105382,4,9,0,3,0,0,0,0,0,0,3,1,6,2,64,9,1995,2,14,5,1,5
2018010105385,1,1,0,15,0,4,0,0,0,0,3,1,6,1,44,7,-1,-1,-1,4,1,4
2018010105401,1,3,0,13,0,0,1,0,0,0,0,1,1,1,35,6,125,1,1,2,1,2
2018010105402,1,9,-1,3,0,1,0,0,0,0,2,-1,6,2,52,8,-1,-1,-1,7,1,7
2018010105402,2,9,-1,18,0,1,-1,0,0,0,1,-1,3,2,31,6,1229,1,4,6,1,6
2018010105405,1,9,0,10,0,6,0,0,0,0,1,1,1,1,46,8,1598,2,7,2,1,2
2018010105405,2,9,0,3,0,1,0,0,0,0,3,1,1,1,47,8,1998,1,13,2,1,2
2018010105408,1,1,-1,-1,-1,-1,-1,-1,-1,-1,-1,1,2,1,44,7,-1,-1,-1,7,1,7
2018010105408,2,9,0,-1,-1,-1,-1,-1,-1,-1,1,-1,6,1,-1,-1,1598,1,8,-1,-1,-1
2018010105409,1,9,0,4,9,0,0,0,0,0,0,1,3,1,40,7,2494,1,16,3,1,3
2018010105409,2,9,0,18,9,0,1,0,0,0,1,1,6,2,46,8,1997,2,8,9,1,9
2018010105410,1,3,0,-1,-1,0,-1,-1,-1,-1,-1,1,6,1,29,6,125,1,1,4,1,4
2018010105410,2,19,0,-1,-1,0,-1,-1,-1,-1,-1,-1,6,3,-1,-1,2198,2,2,-1,-1,-1
2018010105412,1,9,0,4,0,1,0,0,0,0,2,1,2,2,38,7,1248,1,6,7,1,7
2018010105412,2,1,0,4,0,1,5,0,0,0,1,1,6,1,23,5,-1,-1,-1,2,1,2
2018010105413,1,3,0,-1,-1,-1,-1,-1,-1,-1,1,1,2,2,30,6,124,1,10,5,1,5
2018010105413,2,19,0,-1,-1,-1,-1,-1,-1,-1,2,-1,6,1,-1,-1,1598,2,3,-1,-1,-1
2018010105414,1,11,0,18,0,1,0,0,0,0,0,1,1,1,45,7,7300,2,14,2,1,2
2018010105416,1,3,0,-1,-1,-1,-1,-1,-1,-1,1,1,6,1,17,4,125,1,6,3,1,3
2018010105416,2,90,0,-1,-1,-1,-1,-1,-1,-1,1,-1,6,1,-1,-1,-1,-1,-1,-1,-1,-1
2018010105424,1,9,0,6,0,6,0,0,0,0,2,1,1,1,52,8,1798,8,1,3,1,3
2018010105424,2,3,0,13,0,8,1,0,0,0,1,1,2,1,25,5,125,1,2,3,-1,3
2018010105430,1,9,0,10,0,1,0,0,0,0,2,-1,2,1,40,7,2000,2,10,-1,-1,-1
2018010105430,2,9,0,4,0,-1,0,0,0,0,1,-1,6,1,44,7,1997,2,11,-1,-1,-1
2018010105431,1,11,0,5,0,1,0,0,0,0,0,1,1,1,48,8,6700,2,10,7,1,7
2018010105432,1,9,0,18,0,0,0,11,0,0,4,1,6,2,70,10,1395,1,2,9,1,9
2018010105433,1,9,0,18,0,8,0,0,0,0,1,1,6,1,41,7,-1,-1,-1,10,1,10
2018010105434,1,9,0,14,0,0,0,0,0,0,1,1,6,1,47,8,1600,1,13,7,3,7
2018010105437,1,9,0,18,0,1,0,11,0,0,1,1,6,1,23,5,-1,-1,-1,3,1,3
2018010105437,2,1,0,18,0,2,0,7,0,0,2,1,2,1,45,7,-1,-1,-1,2,1,2
2018010105441,1,9,0,9,0,6,0,0,0,0,1,1,2,1,59,9,-1,-1,-1,10,1,10
2018010105441,2,3,0,18,0,8,0,0,1,10,3,1,6,1,30,6,125,1,1,-1,-1,-1
2018010105442,1,9,0,-1,-1,-1,-1,-1,-1,-1,2,-1,6,1,54,8,998,1,1,3,1,3
2018010105442,2,9,0,-1,-1,-1,-1,-1,-1,-1,1,-1,6,1,-1,-1,1769,1,15,-1,-1,-1
2018010105443,1,5,0,18,0,0,1,0,0,0,0,1,6,1,41,7,1449,1,12,5,1,5
2018010105444,1,9,0,9,0,8,0,0,0,0,1,1,2,1,42,7,1598,1,3,8,1,8
2018010105444,2,1,0,18,0,1,0,0,0,0,1,1,6,2,40,7,-1,-1,-1,3,1,3
2018010105446,1,1,-1,-1,-1,-1,-1,-1,-1,-1,-1,1,6,1,27,6,-1,-1,-1,6,1,6
2018010105446,2,9,0,-1,-1,-1,-1,-1,-1,-1,1,-1,6,1,-1,-1,-1,-1,-1,-1,-1,-1
2018010105451,1,19,0,18,0,1,0,0,0,0,3,1,6,1,67,10,-1,-1,-1,6,1,6
2018010105451,2,5,0,18,0,1,0,0,0,0,1,1,6,1,37,7,988,1,15,3,1,3
2018010105453,1,1,0,18,0,2,0,0,0,0,1,1,2,1,34,6,-1,-1,-1,4,1,4
2018010105453,2,9,0,9,0,1,0,0,0,0,4,1,6,3,-1,-1,1398,1,6,-1,-1,-1
2018010105454,1,9,0,18,0,0,0,0,0,0,1,1,6,1,39,7,2993,2,6,2,1,2
2018010105454,2,9,0,4,0,0,0,0,0,0,2,1,6,2,30,6,1598,1,3,3,1,3
2018010105454,3,9,0,4,0,0,0,0,0,0,2,1,6,1,38,7,1995,2,5,2,1,2
2018010105456,1,5,0,5,0,1,0,0,0,0,1,1,2,1,41,7,1050,1,2,6,1,6
2018010105456,2,1,0,9,4,5,0,0,0,0,4,1,2,1,54,8,-1,-1,-1,3,1,3
2018010105457,1,9,0,5,0,0,0,0,0,0,1,1,6,1,84,11,3498,1,11,8,1,8
2018010105463,1,9,0,5,0,1,0,0,0,0,4,1,6,1,43,7,1910,2,10,4,1,4
2018010105463,2,1,0,18,0,1,0,8,0,0,1,1,6,1,48,8,-1,-1,-1,-1,-1,-1
2018010105465,1,9,0,18,0,0,0,0,0,0,1,1,6,3,-1,-1,2362,1,14,-1,-1,-1
2018010105466,1,9,0,3,0,1,0,0,0,0,2,1,6,1,43,7,1798,8,5,6,1,6
2018010105466,2,9,0,18,0,1,0,4,0,0,1,1,6,3,-1,-1,-1,-1,-1,-1,-1,-1
2018010105467,1,1,0,18,4,1,0,0,0,0,4,1,2,1,47,8,-1,-1,-1,2,1,2
2018010105467,2,1,0,18,0,1,0,0,0,0,3,1,2,2,25,5,-1,-1,-1,2,1,2
2018010105468,1,9,0,18,0,0,0,0,0,0,1,1,2,2,53,8,1390,2,13,-1,-1,-1
2018010105468,2,21,4,18,0,0,0,0,0,0,2,1,1,1,32,6,10837,2,4,3,1,3
2018010105469,1,1,-1,-1,-1,-1,-1,-1,-1,-1,1,1,2,2,28,6,-1,-1,-1,4,1,4
2018010105469,2,9,0,-1,-1,-1,-1,-1,-1,-1,3,-1,6,2,55,8,1299,1,15,4,1,4
2018010105470,1,9,0,10,0,1,0,0,0,0,3,1,2,2,25,5,1984,1,11,6,1,6
2018010105470,2,3,0,14,0,2,0,0,0,0,4,1,6,1,40,7,125,1,-1,5,1,5
2018010105471,1,9,0,18,0,8,0,0,0,0,1,1,6,1,29,6,1910,2,12,2,1,2
2018010105471,2,9,0,9,0,1,0,0,0,0,1,1,6,2,56,9,1461,2,1,2,1,2
2018010105472,1,3,0,14,0,8,0,0,0,0,1,1,6,1,31,6,124,1,8,5,1,5
2018010105472,2,9,0,18,0,8,0,0,0,0,3,1,6,3,-1,-1,1149,1,5,-1,-1,-1
2018010105478,1,2,0,18,0,1,0,0,0,0,0,1,6,3,-1,-1,-1,-1,-1,-1,-1,-1
2018010105479,1,9,0,9,0,5,0,7,0,0,1,1,2,1,38,7,1997,2,18,9,1,9
2018010105481,1,1,-1,-1,-1,-1,-1,-1,-1,-1,-1,1,2,1,31,6,-1,-1,-1,4,1,4
2018010105481,2,19,0,-1,-1,-1,-1,-1,-1,-1,-1,-1,6,3,36,7,1560,2,4,4,1,4
2018010105484,1,9,0,9,0,8,0,0,0,0,1,1,1,1,24,5,1248,2,9,3,1,3
2018010105484,2,1,0,7,0,8,0,0,0,0,1,1,2,1,47,8,-1,-1,-1,3,1,3
2018010105489,1,9,0,18,0,1,0,0,0,0,3,1,6,2,35,6,1998,1,12,1,1,1
2018010105489,2,9,0,18,0,1,1,0,0,0,3,1,6,2,50,8,1390,1,4,5,1,5
2018010105489,3,9,0,18,0,1,0,0,0,0,1,1,6,1,-1,-1,3604,1,6,10,1,10
2018010105492,1,11,0,4,0,1,0,0,0,0,0,1,1,1,34,6,4500,2,7,4,1,4
2018010105493,1,8,0,-1,-1,-1,-1,-1,-1,-1,0,-1,6,1,-1,-1,1997,2,6,2,1,2
2018010105494,1,19,0,3,0,6,0,0,0,0,2,1,6,1,55,8,1995,2,1,4,1,4
2018010105494,2,1,0,18,0,1,5,0,0,0,1,1,6,1,35,6,-1,-1,-1,1,1,1
2018010105497,1,9,0,9,0,5,0,0,0,0,1,2,6,2,20,4,999,1,-1,4,1,4
2018010105497,2,9,0,18,0,1,0,7,1,1,1,2,6,1,22,5,1388,1,9,8,1,8
2018010105499,1,9,0,18,0,0,0,0,0,0,1,1,6,1,33,6,1685,2,1,1,1,1
2018010105499,2,9,0,3,0,0,0,7,1,0,1,1,6,2,55,8,1598,1,10,2,1,2
2018010105499,3,11,0,18,0,0,0,0,0,0,1,1,1,1,39,7,4500,2,3,2,1,2
2018010105499,4,9,0,2,9,0,0,0,0,0,2,1,6,3,-1,-1,998,1,-1,-1,-1,-1
2018010105499,5,9,0,2,0,0,0,0,0,0,1,1,6,3,-1,-1,1596,1,5,-1,-1,-1
2018010105503,1,9,0,18,0,0,0,0,1,10,1,1,6,1,25,5,1360,1,17,4,1,4
2018010105504,1,8,0,7,0,6,0,0,0,0,3,2,1,1,40,7,1797,8,8,6,1,6
2018010105504,2,9,0,18,0,1,0,0,0,0,1,1,6,1,25,5,1199,1,15,7,1,7
2018010105505,1,8,0,2,0,1,0,0,0,0,0,1,6,3,-1,-1,1798,8,3,-1,-1,-1
2018010105505,2,1,0,18,0,1,0,0,0,0,1,1,6,1,31,6,-1,-1,-1,2,1,2
2018010105507,1,9,0,18,0,1,0,0,0,0,1,1,6,1,82,11,998,1,5,4,1,4
2018010105508,1,19,0,8,0,1,0,0,0,0,1,1,1,1,34,6,2143,2,-1,9,1,9
2018010105508,2,1,0,18,0,1,0,0,0,0,1,1,6,1,37,7,-1,-1,-1,3,1,3
2018010105509,1,9,0,18,0,2,0,0,0,0,1,1,6,3,-1,-1,-1,-1,-1,-1,-1,-1
2018010105513,1,4,0,15,0,1,0,0,0,0,1,1,6,1,59,9,649,1,25,6,1,6
2018010105513,2,9,0,9,0,1,0,0,0,0,1,1,6,2,27,6,1198,1,9,9,1,9
2018010105514,1,9,-1,3,0,0,-1,-1,0,0,2,-1,6,1,36,7,3200,1,14,5,1,5
2018010105514,2,9,-1,18,0,0,-1,0,-1,-1,1,-1,6,3,-1,-1,1995,2,6,-1,-1,-1
2018010105516,1,1,-1,-1,-1,2,-1,-1,-1,-1,-1,1,2,1,44,7,-1,-1,-1,7,1,7
2018010105516,2,19,0,-1,-1,2,-1,-1,-1,-1,-1,1,6,1,-1,-1,2143,2,3,-1,-1,-1
2018010105518,1,9,0,18,0,0,5,11,1,1,1,1,6,1,18,4,1794,1,13,4,1,4
2018010105525,1,9,0,18,0,0,0,0,0,0,1,1,2,2,56,9,1596,1,18,5,1,5
2018010105525,2,1,0,5,0,0,0,0,0,0,1,1,1,2,33,6,-1,-1,-1,3,1,3
2018010105526,1,9,0,6,0,1,0,0,0,0,3,1,2,2,47,8,-1,-1,-1,6,1,6
2018010105526,2,1,0,14,0,1,0,0,0,0,1,1,2,1,52,8,-1,-1,-1,9,1,9
2018010105530,1,9,-1,3,0,1,0,0,0,0,2,-1,6,1,61,9,2148,2,14,5,1,5
2018010105530,2,9,-1,18,0,1,0,0,0,0,1,-1,6,3,-1,-1,2987,2,6,-1,-1,-1
2018010105551,1,11,-1,-1,-1,-1,-1,-1,-1,-1,-1,1,1,3,-1,-1,-1,-1,-1,-1,-1,-1
2018010105559,1,9,0,18,9,8,0,0,1,10,1,1,6,1,87,11,-1,-1,-1,3,1,3
2018010105561,1,9,0,9,0,0,0,0,0,0,3,1,1,2,25,5,2148,2,14,4,1,4
2018010105561,2,3,0,18,0,0,2,0,0,0,4,1,1,1,53,8,125,1,2,9,1,9
2018010105565,1,9,0,18,0,0,0,0,0,0,2,1,6,2,46,8,1497,8,3,6,1,6
2018010105565,2,9,0,18,0,0,0,0,0,0,1,1,6,1,-1,-1,-1,-1,-1,-1,-1,-1
2018010105566,1,11,0,4,0,1,0,0,0,0,0,-1,1,1,37,7,4500,2,1,6,1,6
2018010105567,1,9,0,3,0,8,0,0,0,0,1,1,2,2,36,7,1995,2,1,5,1,5
2018010105567,2,1,0,18,0,8,0,0,0,0,2,1,1,1,51,8,-1,-1,-1,-1,-1,-1
2018010105574,1,19,-1,-1,-1,0,-1,-1,-1,-1,-1,1,6,1,-1,-1,1499,2,2,4,1,4
2018010105574,2,1,-1,-1,4,0,-1,-1,-1,-1,-1,1,6,2,-1,-1,-1,-1,-1,-1,-1,-1
2018010105583,1,9,-1,18,-1,-1,-1,-1,-1,-1,-1,-1,6,3,-1,-1,-1,-1,-1,-1,-1,-1
2018010105584,1,9,0,-1,-1,0,-1,-1,-1,-1,1,-1,2,1,29,6,-1,-1,-1,5,1,5
2018010105587,1,1,-1,-1,-1,0,-1,-1,-1,-1,-1,1,2,1,41,7,-1,-1,-1,3,1,3
2018010105587,2,9,0,-1,-1,0,-1,-1,-1,-1,1,-1,6,1,-1,-1,1995,2,5,-1,-1,-1
2018010105590,1,9,0,9,0,2,0,0,0,0,3,1,3,2,41,7,1991,2,9,3,1,3
2018010105590,2,3,0,18,0,1,0,0,0,0,1,1,1,1,33,6,124,1,5,2,1,2
2018010105592,1,9,-1,-1,-1,0,-1,-1,-1,-1,-1,-1,6,1,-1,-1,1560,2,7,3,1,3
2018010105592,2,9,-1,-1,-1,0,-1,-1,-1,-1,-1,-1,6,3,-1,-1,1364,1,8,-1,-1,-1