Accident_Index,Vehicle_Reference,Vehicle_Type,Towing_and_Articulation,Vehicle_Manoeuvre,Vehicle_Location-Restricted_Lane,Junction_Location,Skidding_and_Overturning,Hit_Object_in_Carriageway,Vehicle_Leaving_Carriageway,Hit_Object_off_Carriageway,1st_Point_of_Impact,Was_Vehicle_Left_Hand_Drive?,Journey_Purpose_of_Driver,Sex_of_Driver,Age_of_Driver,Age_Band_of_Driver,Engine_Capacity_(CC),Propulsion_Code,Age_of_Vehicle,Driver_IMD_Decile,Driver_Home_Area_Type,Vehicle_IMD_Decile
2018010105974,2,19,0,18,0,8,0,0,0,0,1,1,1,1,41,7,1995,2,1,2,1,2
2018010105976,1,9,-1,-1,-1,-1,-1,-1,-1,-1,2,-1,6,1,41,7,1995,2,12,9,3,9
2018010105976,2,19,-1,-1,-1,8,-1,-1,-1,-1,-1,-1,6,1,44,7,2198,2,3,5,1,5
2018010105977,1,2,0,18,0,0,0,0,0,0,2,1,6,1,16,4,49,1,16,4,1,4
2018010105978,1,9,0,9,0,8,0,0,0,0,1,1,6,1,27,6,1984,1,11,10,1,10
2018010105978,2,2,0,14,0,8,5,0,0,0,1,1,6,1,37,7,124,1,10,2,1,2
2018010105980,1,5,0,14,0,0,2,4,0,0,1,1,2,1,25,5,599,1,7,7,1,7
2018010105980,2,9,0,3,0,0,0,0,0,0,3,1,2,2,37,7,1329,1,9,7,1,7
2018010105980,3,9,0,3,0,0,0,0,0,0,1,1,2,2,30,6,1598,1,11,6,1,6
2018010105980,4,9,0,3,0,0,0,0,0,0,3,1,2,1,32,6,1242,1,6,7,1,7
2018010105981,1,1,-1,18,-1,-1,-1,-1,-1,-1,1,1,2,1,22,5,-1,-1,-1,2,1,2
2018010105981,2,20,0,9,-1,-1,-1,-1,-1,-1,1,-1,6,1,25,5,-1,-1,-1,3,1,3
2018010105983,1,9,0,18,0,1,1,0,0,0,3,1,6,1,30,6,1600,1,14,4,1,4
2018010105983,2,21,0,18,0,1,0,0,0,0,1,1,1,1,50,8,10677,2,3,8,1,8
2018010105985,1,9,0,-1,-1,0,-1,-1,-1,-1,2,-1,6,2,34,6,1461,2,6,6,3,6
2018010105985,2,90,-1,-1,-1,0,-1,-1,-1,-1,2,-1,6,3,-1,-1,-1,-1,-1,-1,-1,-1
2018010105985,3,90,0,-1,-1,0,-1,-1,-1,-1,2,-1,6,3,-1,-1,-1,-1,-1,-1,-1,-1
2018010105986,1,9,0,18,0,1,0,0,0,0,1,1,6,1,22,5,1197,1,2,5,1,5
2018010105986,2,9,0,18,0,1,1,0,0,0,1,1,6,1,27,6,999,1,10,3,1,3
2018010105990,1,9,0,2,0,0,0,0,0,0,0,1,6,3,-1,-1,1390,1,15,-1,-1,-1
2018010105990,2,3,0,18,9,0,0,4,0,0,1,1,6,1,19,4,125,1,3,-1,-1,-1
2018010105991,1,11,0,18,0,1,0,0,0,0,1,1,1,1,25,5,5132,2,3,4,1,4
2018010105991,2,9,0,18,0,1,0,0,0,0,1,1,6,2,49,8,1197,1,2,2,1,2
2018010105993,1,9,0,18,0,8,0,0,0,0,3,1,1,1,44,7,1798,1,8,2,1,2
2018010105993,2,3,0,18,0,8,0,0,0,0,1,1,2,1,32,6,125,1,4,2,1,2
2018010105996,1,9,0,18,0,1,0,0,0,0,1,1,6,1,63,9,1598,1,16,4,1,4
2018010105998,1,9,0,18,0,1,0,0,0,0,1,1,6,1,26,6,1198,1,1,2,1,2
2018010105998,2,9,0,18,0,1,0,0,0,0,2,1,6,2,21,5,1598,1,1,2,1,2
2018010105999,1,9,0,2,2,1,0,0,0,0,1,1,6,3,-1,-1,1598,2,8,-1,-1,-1
2018010105999,2,9,0,15,0,1,5,4,0,0,1,1,6,2,27,6,1596,1,13,2,1,2
2018010106000,1,9,0,18,0,1,0,0,0,0,1,2,6,1,25,5,2231,2,10,2,1,2
2018010106000,2,9,0,5,0,8,0,0,0,0,1,2,6,2,25,5,1596,1,5,3,1,3
2018010106000,3,9,0,2,9,1,0,0,0,0,2,1,6,3,-1,-1,2204,2,9,-1,-1,-1
2018010106003,1,9,0,5,0,1,0,0,0,0,4,1,2,1,28,6,-1,-1,-1,10,1,10
2018010106003,2,9,0,18,0,1,0,0,0,0,1,1,6,3,18,4,1968,2,4,4,1,4
2018010106005,1,9,0,10,0,1,0,0,0,0,1,1,6,1,24,5,1598,2,3,2,1,2
2018010106005,2,4,0,14,0,1,0,0,0,0,3,1,6,1,27,6,499,1,13,3,1,3
2018010106007,1,11,0,4,0,0,0,0,0,0,0,1,6,2,44,7,9000,2,9,4,1,4
2018010106010,1,9,0,6,0,0,0,0,0,0,1,1,1,1,62,9,1598,1,3,5,1,5
2018010106010,2,4,0,18,0,0,0,0,0,0,3,1,1,1,44,7,125,1,2,4,1,4
2018010106024,1,1,-1,-1,-1,-1,-1,-1,-1,-1,1,1,2,2,26,6,-1,-1,-1,5,1,5
2018010106024,2,9,0,-1,-1,-1,-1,-1,-1,-1,-1,-1,6,2,41,7,-1,-1,-1,-1,-1,-1
2018010106032,1,11,0,18,0,0,0,0,0,0,4,1,6,3,-1,-1,-1,-1,-1,-1,-1,-1
2018010106032,2,1,0,18,0,0,0,0,1,0,3,1,6,2,69,10,-1,-1,-1,-1,-1,-1
2018010106033,1,21,0,18,0,3,0,0,0,0,1,1,1,1,47,8,4580,2,7,4,1,4
2018010106033,2,9,0,4,0,4,0,0,0,0,2,1,6,2,78,11,1461,2,5,9,1,9
2018010106037,1,9,0,-1,-1,0,-1,-1,-1,-1,1,-1,6,1,-1,-1,-1,-1,-1,5,1,5
2018010106038,1,9,0,18,0,2,0,0,0,0,2,1,6,2,62,9,1197,1,2,-1,-1,-1
2018010106038,2,19,0,18,0,1,0,0,0,0,1,1,6,1,34,6,2198,2,10,5,1,5
2018010106041,1,9,0,18,0,1,0,0,0,0,3,1,6,1,36,7,2720,2,10,3,1,3
2018010106045,1,9,0,18,0,0,0,0,0,0,3,1,6,1,29,6,1796,1,10,3,1,3
2018010106045,2,1,0,18,0,0,0,0,0,0,4,1,6,2,60,9,-1,-1,-1,7,1,7
2018010106048,1,9,0,18,0,1,5,4,0,0,4,1,6,1,26,6,1796,2,5,-1,-1,-1
2018010106048,2,9,0,2,0,1,0,0,0,0,3,1,6,3,-1,-1,1995,2,9,-1,-1,-1
2018010106048,3,9,0,2,0,1,0,0,0,0,3,1,6,3,-1,-1,1364,2,9,-1,-1,-1
2018010106049,1,19,0,4,0,1,0,0,0,0,0,1,6,3,68,10,1248,2,11,-1,-1,-1
2018010106049,2,1,0,3,0,1,0,0,0,0,0,1,6,1,52,8,-1,-1,-1,5,1,5
2018010106052,1,9,0,9,0,6,0,0,0,0,3,1,6,2,37,7,1398,1,1,3,1,3
2018010106052,2,9,0,18,0,1,0,0,0,0,1,1,6,2,25,5,1242,1,4,8,1,8
2018010106055,1,3,0,-1,-1,-1,-1,-1,-1,-1,-1,1,6,1,19,4,108,1,-1,4,1,4
2018010106055,2,8,0,-1,-1,-1,-1,-1,-1,-1,4,-1,6,1,-1,-1,1968,2,6,3,1,3
2018010106057,1,9,0,18,0,6,0,0,0,0,1,1,6,1,17,4,1199,1,14,2,1,2
2018010106059,1,8,0,18,0,1,0,0,0,0,1,1,1,2,47,8,2402,2,13,8,1,8
2018010106064,1,9,0,-1,-1,0,-1,-1,-1,-1,2,-1,6,2,42,7,1968,2,5,7,1,7
2018010106067,1,1,-1,-1,-1,0,-1,-1,-1,-1,-1,1,6,1,48,8,-1,-1,-1,4,1,4
2018010106067,2,9,0,-1,-1,0,-1,-1,-1,-1,-1,-1,6,2,57,9,1198,1,13,1,1,1
2018010106067,3,9,0,2,0,0,0,-1,0,0,2,-1,6,3,-1,-1,1798,1,9,-1,-1,-1
2018010106070,1,9,0,5,0,0,0,0,0,0,1,1,6,2,44,7,3311,8,11,9,1,9
2018010106070,2,9,0,3,0,0,0,0,0,0,2,1,6,1,55,8,999,1,3,4,1,4
2018010106070,3,9,0,3,0,0,0,0,0,0,2,1,6,1,53,8,1598,1,7,6,1,6
2018010106075,1,3,0,18,9,4,5,10,0,0,1,1,6,1,22,5,-1,-1,-1,3,1,3
2018010106075,2,9,0,18,0,1,0,0,0,0,0,1,6,1,42,7,1995,2,3,4,1,4
2018010106080,1,3,0,15,0,2,0,0,0,0,1,1,6,1,21,5,125,1,3,5,1,5
2018010106080,2,3,0,4,0,8,0,0,0,0,1,1,1,1,34,6,108,1,1,1,1,1
2018010106088,1,9,0,9,0,1,0,0,0,0,3,1,6,1,64,9,1596,1,5,5,1,5
2018010106088,2,5,0,13,0,1,0,0,0,0,4,1,6,1,53,8,865,1,8,3,1,3
2018010106095,1,9,0,-1,-1,0,-1,-1,-1,-1,2,-1,6,1,61,9,1910,2,12,3,1,3
2018010106095,2,9,0,-1,-1,0,-1,-1,-1,-1,1,-1,6,1,21,5,1598,1,10,5,1,5
2018010106096,1,9,0,11,0,0,0,0,0,0,1,1,6,2,20,4,1598,2,4,5,1,5
2018010106096,2,19,0,3,0,0,0,0,0,0,2,1,2,1,38,7,2143,2,6,3,1,3
2018010106097,1,9,0,9,0,2,0,0,0,0,1,1,6,1,27,6,1984,1,9,2,1,2
2018010106097,2,1,0,10,0,2,0,0,0,0,2,1,6,2,39,7,-1,-1,-1,3,1,3
2018010106097,3,1,0,10,0,2,0,0,0,0,2,1,6,1,52,8,-1,-1,-1,3,1,3
2018010106098,1,1,0,18,0,8,0,0,0,0,1,1,6,1,29,6,-1,-1,-1,5,1,5
2018010106098,2,9,0,18,0,6,0,0,0,0,3,1,1,1,42,7,-1,-1,-1,7,1,7
2018010106103,1,1,-1,-1,-1,-1,-1,-1,-1,-1,-1,1,6,1,28,6,-1,-1,-1,1,-1,1
2018010106103,2,19,0,-1,-1,-1,-1,-1,-1,-1,0,-1,6,1,-1,-1,-1,-1,-1,-1,-1,-1
2018010106105,1,1,0,18,0,1,5,0,0,0,4,1,6,1,-1,-1,-1,-1,-1,4,1,4
2018010106105,2,9,0,7,0,8,0,0,0,0,4,1,6,2,50,8,-1,-1,-1,3,1,3
2018010106109,1,9,0,18,0,1,0,0,0,0,1,1,6,1,26,6,1999,1,13,5,1,5
2018010106110,1,9,0,18,0,0,0,10,7,10,1,1,6,1,48,8,1596,1,10,2,1,2
2018010106111,1,9,0,7,0,8,0,0,0,0,1,1,6,3,-1,-1,1995,2,6,-1,-1,-1
2018010106111,2,1,0,18,0,1,0,0,0,0,1,1,6,2,27,6,-1,-1,-1,3,1,3
2018010106115,1,9,0,7,0,6,0,0,0,0,4,2,6,1,26,6,1399,1,1,2,1,2
2018010106115,2,1,0,18,0,2,0,0,0,0,1,1,6,2,28,6,-1,-1,-1,3,1,3
2018010106118,1,1,0,18,0,1,2,0,0,0,1,1,6,2,26,6,-1,-1,-1,10,1,10
2018010106119,1,9,0,9,0,1,0,0,0,0,0,1,1,1,43,7,-1,-1,-1,4,1,4
2018010106119,2,2,0,18,0,1,0,0,0,0,1,1,2,1,19,4,109,1,3,3,1,3
2018010106123,1,4,0,18,0,1,0,0,0,0,2,1,6,1,38,7,1202,1,-1,2,1,2
2018010106123,2,9,0,9,0,1,0,0,0,0,2,1,6,1,21,5,-1,-1,-1,4,1,4
2018010106125,1,9,0,5,0,8,0,0,0,0,1,1,6,2,20,4,999,1,-1,5,1,5
2018010106125,2,5,0,18,0,1,0,0,0,0,1,1,6,1,32,6,645,1,2,4,1,4
2018010106126,1,9,0,14,0,8,1,0,0,0,4,1,1,2,30,6,1560,2,3,-1,-1,-1
2018010106126,2,9,0,18,0,8,0,0,0,0,1,1,6,1,30,6,1997,2,-1,4,1,4
2018010106128,1,9,0,5,0,0,0,0,0,0,3,1,6,1,21,5,1997,1,14,-1,-1,-1
2018010106129,1,9,5,18,0,0,0,4,0,0,1,1,6,1,21,5,-1,-1,-1,3,1,3
2018010106129,2,19,5,18,0,0,0,0,0,0,0,1,1,1,56,9,2198,2,3,3,1,3
2018010106129,3,9,0,2,0,0,0,0,0,0,2,1,6,3,-1,-1,1498,1,2,-1,-1,-1
2018010106129,4,9,0,2,0,0,0,0,0,0,2,1,6,3,-1,-1,1596,1,4,-1,-1,-1
2018010106132,1,9,0,-1,-1,0,-1,-1,-1,-1,2,-1,6,1,28,6,1339,8,11,3,1,3
2018010106132,2,9,0,-1,-1,0,-1,-1,-1,-1,1,-1,6,3,-1,-1,1796,1,13,-1,-1,-1
2018010106145,1,9,0,18,0,0,0,4,0,0,1,1,6,2,64,9,1998,1,19,6,1,6
2018010106145,2,19,0,2,0,0,0,0,0,0,1,1,6,3,-1,-1,2198,2,2,-1,-1,-1
2018010106150,1,1,0,9,0,8,0,0,0,0,1,1,1,1,-1,-1,-1,-1,-1,2,1,2
2018010106156,1,9,0,15,0,1,0,0,0,0,1,1,6,2,21,5,1388,1,14,-1,-1,-1
2018010106156,2,9,0,9,0,2,0,0,0,0,4,1,6,1,36,7,1498,1,-1,10,1,10
2018010106159,1,19,0,18,0,1,0,0,0,0,3,1,6,3,-1,-1,2198,2,6,-1,-1,-1
2018010106159,2,9,0,18,0,1,0,0,0,0,1,1,6,2,62,9,1590,1,14,5,1,5
2018010106161,1,9,0,7,0,1,0,0,0,0,1,1,6,1,54,8,4991,1,8,3,1,3
2018010106161,2,9,0,18,0,1,0,4,0,0,1,1,6,1,31,6,1242,1,10,1,1,1
2018010106161,3,9,0,2,0,1,0,0,0,0,1,1,6,3,-1,-1,1329,1,5,-1,-1,-1
2018010106163,1,9,0,4,0,0,0,4,0,0,2,1,6,1,51,8,1200,1,1,6,1,6
2018010106163,2,9,0,18,0,0,0,0,1,0,1,1,6,1,28,6,-1,-1,-1,-1,-1,-1
2018010106163,3,8,0,2,0,0,0,0,0,0,0,1,6,3,-1,-1,1997,2,8,-1,-1,-1
2018010106164,1,11,0,4,0,0,0,0,0,0,0,1,1,1,35,6,4461,2,5,4,1,4
2018010106168,1,9,0,9,0,1,0,0,0,0,1,2,6,1,37,7,1598,1,8,1,1,1
2018010106170,1,9,0,18,0,0,2,4,0,0,1,1,6,1,43,7,1997,2,-1,9,1,9
2018010106170,2,9,0,2,0,0,0,0,1,0,2,1,6,3,-1,-1,1364,1,14,-1,-1,-1
2018010106170,3,9,0,2,0,0,0,0,0,0,4,1,6,3,-1,-1,998,1,20,-1,-1,-1
2018010106170,4,9,0,2,0,0,0,0,0,0,3,1,6,3,-1,-1,1984,1,12,-1,-1,-1
2018010106170,5,9,0,2,0,0,0,0,0,0,3,1,6,3,-1,-1,1796,1,13,-1,-1,-1
2018010106171,1,9,0,5,0,2,0,0,0,0,3,1,6,2,54,8,1242,1,13,7,1,7
2018010106171,2,1,0,18,0,1,0,0,0,0,1,1,6,1,54,8,-1,-1,-1,9,1,9
2018010106173,1,19,0,7,6,0,0,0,0,0,1,1,1,1,27,6,2287,2,3,4,1,4
2018010106173,2,9,0,3,8,0,0,0,0,0,2,2,6,1,24,5,2143,2,3,2,1,2
2018010106179,1,11,0,18,0,1,0,0,0,0,1,1,6,1,39,7,4461,2,5,3,1,3
2018010106179,2,3,0,7,0,6,0,0,0,0,3,1,6,1,13,3,125,1,7,2,1,2
2018010106183,1,9,0,2,0,0,0,4,0,0,2,1,6,3,-1,-1,2199,1,22,-1,-1,-1
2018010106183,2,1,0,16,0,0,0,4,0,0,1,1,6,1,33,6,-1,-1,-1,2,1,2
2018010106185,1,9,0,18,0,0,0,0,0,0,2,1,1,1,54,8,1598,1,9,2,1,2
2018010106185,2,19,0,17,0,0,0,0,0,0,2,1,6,1,62,9,2494,2,16,3,1,3
2018010106189,1,9,0,-1,-1,-1,-1,-1,-1,-1,-1,-1,6,2,25,5,2179,2,4,10,1,10
2018010106189,2,19,-1,-1,-1,-1,-1,-1,-1,-1,-1,-1,6,3,-1,-1,1248,2,6,-1,-1,-1
2018010106190,1,9,0,18,0,0,0,0,0,0,0,1,6,1,50,8,4398,1,12,9,1,9
2018010106193,1,1,-1,-1,-1,0,-1,-1,-1,-1,2,1,2,1,22,5,-1,-1,-1,4,1,4
2018010106193,2,9,0,-1,-1,0,-1,-1,-1,-1,1,-1,6,3,-1,-1,-1,-1,-1,-1,-1,-1
2018010106196,1,9,0,7,0,1,0,0,0,0,2,1,6,2,35,6,1598,2,4,-1,-1,-1
2018010106196,2,8,0,4,0,1,0,0,0,0,2,2,1,1,45,7,1598,2,3,2,1,2
2018010106196,3,8,0,4,0,1,0,0,0,0,1,1,6,2,33,6,2499,2,11,-1,-1,-1
2018010106200,1,9,0,9,0,8,0,0,0,0,3,1,6,2,38,7,1991,1,2,1,1,1
2018010106200,2,3,0,9,0,8,0,0,0,0,4,1,6,1,42,7,125,1,1,3,1,3
2018010106202,1,9,0,-1,-1,-1,-1,-1,-1,-1,2,-1,6,1,38,7,1598,1,11,2,1,2
2018010106204,1,9,0,18,0,0,0,0,1,0,3,1,6,1,44,7,1968,2,7,4,1,4
2018010106204,2,9,0,18,0,0,0,0,0,0,3,1,6,1,73,10,1991,1,1,7,1,7
2018010106205,1,9,0,13,0,2,0,4,0,0,1,1,6,1,52,8,2720,2,11,6,1,6
2018010106205,2,9,0,3,0,2,0,4,0,0,2,1,6,1,38,7,1398,2,11,5,1,5
2018010106205,3,9,0,3,0,2,0,4,0,0,2,1,6,1,60,9,-1,-1,-1,9,1,9
2018010106205,4,9,0,3,0,2,0,4,0,0,2,1,6,1,32,6,1984,1,9,2,1,2
2018010106208,1,9,-1,-1,-1,-1,-1,0,-1,0,1,-1,6,3,-1,-1,-1,-1,-1,-1,-1,-1
2018010106211,1,11,0,18,0,2,0,0,0,0,0,1,1,1,45,7,4461,2,5,4,1,4
2018010106214,1,9,0,5,0,1,0,0,0,0,1,1,6,1,55,8,1999,1,14,4,1,4
2018010106214,2,9,0,10,0,1,0,0,0,0,2,1,6,2,30,6,1298,1,11,3,1,3
2018010106215,1,9,0,7,0,5,0,0,0,0,4,1,6,2,45,7,1595,1,16,5,1,5
2018010106215,2,1,0,15,0,5,0,0,0,0,1,1,6,1,27,6,-1,-1,-1,3,1,3
2018010106219,1,9,0,5,0,0,0,0,0,0,1,1,6,1,29,6,2460,2,12,2,1,2
2018010106219,2,1,0,5,0,0,0,0,0,0,4,1,6,1,12,3,-1,-1,-1,8,1,8
2018010106220,1,9,0,18,0,2,0,0,0,0,1,1,6,1,43,7,2993,2,12,7,1,7
2018010106220,2,9,0,9,0,1,0,0,0,0,1,1,6,2,33,6,1798,1,3,1,1,1
2018010106222,1,5,5,18,0,1,1,0,0,0,1,1,6,1,37,7,749,1,12,6,1,6
2018010106222,2,9,0,11,0,1,0,0,0,0,2,1,6,1,64,9,2143,2,5,2,1,2
2018010106224,1,9,0,18,0,0,0,0,0,0,1,1,6,1,28,6,2143,2,3,1,1,1
2018010106224,2,8,0,6,0,0,0,0,0,0,2,1,1,2,68,10,2499,2,3,2,1,2
2018010106225,1,9,0,9,0,5,0,0,0,0,3,1,6,1,23,5,1197,1,1,2,1,2
2018010106225,2,1,0,18,0,1,0,0,0,0,1,1,6,2,49,8,-1,-1,-1,3,1,3
2018010106226,1,8,0,4,0,0,1,0,0,0,3,1,1,1,58,9,1968,2,6,3,1,3
2018010106226,2,8,0,18,0,0,0,0,0,0,4,1,1,1,55,8,1950,2,1,-1,-1,-1
2018010106230,1,9,0,4,0,1,0,0,0,0,2,2,6,3,-1,-1,1197,1,4,-1,-1,-1
2018010106230,2,1,0,4,0,1,0,0,1,0,1,1,6,1,47,8,-1,-1,-1,1,1,1
2018010106234,1,8,0,18,0,0,0,0,0,0,4,2,2,1,39,7,1797,8,3,2,1,2
2018010106234,2,1,0,18,0,0,0,0,0,0,1,1,6,1,30,6,-1,-1,-1,8,1,8
2018010106236,1,9,0,5,0,8,0,0,0,0,3,1,6,2,34,6,1497,8,12,7,1,7
2018010106236,2,1,0,18,0,1,0,0,0,0,1,1,6,1,22,5,-1,-1,-1,7,1,7
2018010106241,1,9,0,18,0,0,5,7,0,0,1,1,6,2,73,10,1798,1,5,6,1,6
2018010106242,1,9,0,18,0,8,0,0,0,0,1,1,6,2,34,6,1598,2,6,-1,-1,-1
2018010106242,2,9,0,18,0,8,0,0,0,0,1,1,6,1,55,8,1997,2,10,-1,-1,-1
2018010106249,1,9,0,18,0,0,0,4,0,0,1,1,6,2,29,6,1389,1,13,6,1,6
2018010106249,2,9,0,2,0,0,0,0,0,0,1,1,6,3,-1,-1,-1,-1,-1,-1,-1,-1
2018010106249,3,9,0,2,0,0,0,0,0,0,1,1,6,3,-1,-1,-1,-1,-1,-1,-1,-1
2018010106251,1,11,0,5,0,1,0,0,0,0,0,1,1,2,45,7,5132,2,1,3,1,3
2018010106252,1,9,0,7,0,1,0,0,0,0,1,1,6,1,93,11,1498,1,2,6,1,6
2018010106252,2,5,0,18,0,1,0,0,0,0,1,1,6,1,54,8,650,1,-1,7,1,7
2018010106256,1,9,0,18,0,1,0,0,0,0,1,1,6,2,30,6,1496,2,1,9,1,9
2018010106256,2,9,0,9,0,5,0,0,0,0,1,1,6,1,36,7,1560,2,4,3,1,3
2018010106257,1,9,0,7,0,1,5,4,2,10,1,1,6,2,43,7,1329,1,5,6,1,6
2018010106257,2,9,0,2,9,2,0,0,0,0,3,1,6,3,-1,-1,-1,-1,-1,-1,-1,-1
2018010106257,3,9,0,2,9,2,0,0,0,0,3,1,6,3,-1,-1,1339,1,13,-1,-1,-1
2018010106258,1,9,0,18,0,1,0,0,0,0,3,1,6,1,53,8,1499,2,2,3,1,3
2018010106258,2,3,0,4,0,1,0,0,0,0,2,1,6,1,-1,-1,125,1,13,2,1,2
2018010106259,1,4,0,17,0,0,0,10,0,0,3,1,6,2,22,5,125,1,2,3,1,3
2018010106262,1,9,0,18,9,2,0,0,1,10,1,1,6,1,52,8,1584,1,13,2,1,2
2018010106263,1,9,0,18,0,1,0,0,0,0,1,1,6,1,49,8,2494,8,2,4,1,4
2018010106263,2,5,0,18,0,1,2,0,0,0,4,1,6,1,32,6,636,1,4,5,1,5
2018010106264,1,9,0,5,0,3,0,0,0,0,1,1,6,3,-1,-1,2987,2,8,-1,-1,-1
2018010106264,2,1,0,3,0,2,0,0,0,0,2,1,6,1,40,7,-1,-1,-1,6,1,6
2018010106266,1,11,0,4,4,1,0,0,0,0,0,1,1,1,43,7,4500,2,8,8,1,8
2018010106267,1,9,0,9,0,1,0,0,1,0,3,1,6,2,38,7,1598,1,8,1,1,1
2018010106267,2,3,0,18,0,1,5,0,1,0,1,1,6,1,21,5,124,1,15,3,1,3
2018010106268,1,3,0,4,0,1,5,0,0,0,2,1,6,1,29,6,124,1,1,3,1,3
2018010106268,2,9,0,18,0,1,0,0,0,0,1,1,6,3,-1,-1,-1,-1,-1,-1,-1,-1
2018010106269,1,5,0,7,0,0,1,10,0,0,3,1,6,1,52,8,1250,1,10,4,1,4
2018010106269,2,9,0,2,0,0,0,0,0,0,3,1,6,3,-1,-1,1985,1,15,-1,-1,-1
2018010106270,1,9,0,4,0,0,0,0,0,0,2,1,6,2,30,6,-1,-1,-1,3,1,3
2018010106270,2,9,0,18,0,0,0,0,0,0,1,1,6,3,-1,-1,1598,1,14,-1,-1,-1
2018010106278,1,9,0,2,0,0,0,0,0,0,3,1,6,3,-1,-1,1995,1,10,-1,-1,-1
2018010106278,2,9,0,18,0,0,0,4,0,0,1,1,6,1,59,9,1598,1,1,6,1,6
2018010106278,3,9,0,2,0,0,0,0,0,0,1,1,6,3,-1,-1,1598,1,12,-1,-1,-1
2018010106280,1,9,0,18,0,2,0,0,0,0,1,1,2,1,36,7,1968,2,3,1,1,1
2018010106284,1,9,0,-1,-1,-1,-1,-1,-1,-1,3,-1,6,2,32,6,1461,2,3,3,1,3
2018010106284,2,9,-1,-1,0,-1,-1,-1,-1,-1,-1,-1,6,3,-1,-1,1796,1,11,-1,-1,-1
2018010106286,1,9,0,18,0,1,0,0,0,0,1,1,1,1,36,7,1790,8,6,2,1,2
2018010106288,1,9,0,15,2,1,1,0,0,0,1,1,1,1,31,6,1499,1,1,3,1,3
2018010106288,2,9,0,7,0,1,1,0,1,0,4,1,6,1,29,6,2143,2,5,1,1,1
2018010106295,1,8,0,9,0,0,0,0,0,0,4,1,6,1,44,7,-1,-1,-1,6,1,6
2018010106296,1,9,0,18,9,2,0,0,1,2,1,1,1,1,41,7,1910,2,8,3,1,3
2018010106298,1,9,0,18,0,1,0,0,0,0,1,1,2,1,23,5,1753,2,12,1,1,1
2018010106299,1,9,0,5,0,5,0,0,0,0,4,1,6,2,29,6,1242,1,9,7,1,7
2018010106299,2,1,0,5,0,1,0,0,0,0,4,1,6,1,44,7,-1,-1,-1,2,1,2
2018010106301,1,3,0,17,0,0,1,0,0,0,1,1,6,1,25,5,125,1,4,6,1,6
2018010106304,1,9,0,18,0,7,0,0,0,0,1,1,1,1,22,5,1984,1,9,7,1,7
2018010106304,2,9,0,18,0,6,0,0,0,0,0,1,6,1,53,8,1995,2,4,4,1,4
2018010106307,1,9,0,9,9,1,0,0,7,2,1,1,6,2,78,11,1086,1,7,7,1,7
2018010106310,1,9,0,-1,-1,-1,-1,-1,-1,-1,-1,-1,6,1,40,7,1398,2,10,5,1,5
2018010106310,2,9,0,-1,-1,-1,-1,-1,-1,-1,-1,-1,6,3,-1,-1,1968,2,3,-1,-1,-1
2018010106312,1,9,0,4,0,1,0,0,0,0,1,1,6,1,24,5,-1,-1,-1,2,1,2
2018010106312,2,9,0,3,0,1,0,0,0,0,2,1,1,1,35,6,1598,1,13,7,1,7
2018010106312,3,9,0,3,0,1,0,0,0,0,2,1,6,1,40,7,2720,2,9,4,1,4
2018010106313,1,9,0,-1,-1,-1,-1,-1,-1,-1,0,-1,6,2,51,8,1956,2,9,8,1,8
2018010106314,1,1,0,17,0,1,0,0,0,0,1,1,6,1,35,6,-1,-1,-1,2,1,2
2018010106314,2,9,0,10,0,1,0,0,0,0,3,1,6,1,27,6,1398,1,2,2,1,2
2018010106321,1,1,-1,-1,-1,-1,-1,-1,-1,-1,-1,1,6,2,33,6,-1,-1,-1,4,1,4
2018010106321,2,9,0,-1,-1,-1,-1,-1,-1,-1,-1,-1,6,1,31,6,2360,1,7,2,1,2
2018010106322,1,9,0,18,0,0,0,0,0,0,1,1,6,2,20,4,1229,1,10,4,1,4
2018010106326,1,8,0,3,6,0,0,4,0,0,3,1,1,1,40,7,1798,8,5,2,1,2
2018010106326,2,1,0,18,0,0,0,4,0,0,3,1,6,1,31,6,-1,-1,-1,2,1,2
2018010106332,1,9,0,7,0,5,0,0,0,0,4,1,6,1,39,7,1364,1,10,7,1,7
2018010106332,2,3,0,18,0,1,0,0,0,0,1,1,6,1,20,4,124,1,6,4,1,4
2018010106334,1,9,0,16,0,1,0,0,0,0,2,1,6,2,39,7,998,1,-1,-1,-1,-1
2018010106334,2,9,0,16,0,4,0,0,0,0,1,1,6,2,51,8,1388,1,15,6,1,6
2018010106336,1,9,0,5,9,6,0,0,1,0,1,1,6,1,25,5,1386,1,11,2,1,2
2018010106338,1,9,0,9,0,8,0,0,0,0,1,1,6,2,31,6,1364,1,10,3,1,3
2018010106338,2,1,0,17,0,1,0,0,0,0,1,1,6,1,32,6,-1,-1,-1,8,-1,8
2018010106339,1,9,0,4,-1,-1,-1,-1,-1,-1,2,-1,6,2,26,6,1396,1,18,4,1,4
2018010106339,2,9,0,-1,-1,-1,-1,-1,-1,-1,0,-1,6,1,-1,-1,1999,1,17,-1,-1,-1
2018010106345,1,9,0,9,0,5,0,0,0,0,1,1,6,1,48,8,2148,2,14,7,1,7
2018010106345,2,3,0,18,0,1,5,0,0,0,1,1,6,1,26,6,125,1,-1,3,1,3
2018010106354,1,9,0,18,0,2,0,0,0,0,1,1,6,1,24,5,-1,-1,-1,5,1,5
2018010106354,2,1,0,9,0,1,5,0,0,0,1,1,6,1,17,4,-1,-1,-1,3,1,3