Accident_Index,Vehicle_Reference,Vehicle_Type,Towing_and_Articulation,Vehicle_Manoeuvre,Vehicle_Location-Restricted_Lane,Junction_Location,Skidding_and_Overturning,Hit_Object_in_Carriageway,Vehicle_Leaving_Carriageway,Hit_Object_off_Carriageway,1st_Point_of_Impact,Was_Vehicle_Left_Hand_Drive?,Journey_Purpose_of_Driver,Sex_of_Driver,Age_of_Driver,Age_Band_of_Driver,Engine_Capacity_(CC),Propulsion_Code,Age_of_Vehicle,Driver_IMD_Decile,Driver_Home_Area_Type,Vehicle_IMD_Decile
2018010106358,1,9,0,18,0,2,0,0,0,0,4,1,6,1,70,10,2996,1,12,1,1,1
2018010106363,1,8,0,9,0,6,0,0,0,0,1,1,2,1,48,8,2143,2,5,2,1,2
2018010106366,1,9,0,4,0,0,0,0,0,0,2,1,1,1,25,5,1685,2,1,3,1,3
2018010106366,2,9,0,4,0,0,0,0,0,0,2,1,6,1,41,7,1896,2,14,5,1,5
2018010106366,3,9,0,4,0,0,0,0,0,0,2,1,6,2,35,6,1461,2,7,4,1,4
2018010106366,4,9,0,4,0,0,0,0,0,0,1,1,6,2,31,6,1995,2,4,2,1,2
2018010106367,1,9,0,18,0,0,0,0,0,0,2,1,6,2,52,8,1395,1,1,10,1,10
2018010106367,2,9,0,18,0,0,0,0,0,0,1,1,6,2,24,5,998,1,5,4,1,4
2018010106374,1,10,0,1,0,8,0,0,0,0,2,1,3,1,32,6,-1,-1,-1,3,1,3
2018010106377,1,8,0,5,0,2,0,0,0,0,2,1,6,1,57,9,1968,2,3,1,1,1
2018010106377,2,9,0,9,0,6,0,0,0,0,1,1,6,1,27,6,1799,1,9,3,1,3
2018010106377,3,11,0,18,0,1,0,0,0,0,1,1,1,1,44,7,-1,-1,-1,6,1,6
2018010106381,1,9,0,9,0,8,0,0,0,0,1,1,6,2,20,4,1229,1,3,2,1,2
2018010106385,1,9,0,5,0,0,0,0,0,0,3,1,6,1,32,6,1995,1,11,4,1,4
2018010106385,2,1,0,12,0,0,5,0,0,0,3,1,2,1,53,8,-1,-1,-1,5,1,5
2018010106386,1,9,0,18,0,0,2,10,1,10,1,1,6,1,37,7,1796,1,16,2,1,2
2018010106387,1,5,0,13,0,0,0,0,0,0,1,1,6,1,30,6,645,1,6,2,1,2
2018010106387,2,9,0,6,0,0,0,0,0,0,0,1,6,1,29,6,1968,2,1,3,1,3
2018010106390,1,9,0,7,0,2,0,0,0,0,2,1,6,1,23,5,1995,2,5,6,1,6
2018010106390,2,9,0,16,0,1,0,0,0,0,1,1,6,1,30,6,998,1,1,8,1,8
2018010106391,1,9,0,4,9,0,0,0,0,0,4,1,6,1,56,9,999,1,2,8,1,8
2018010106391,2,1,0,18,0,0,0,4,0,0,1,1,6,1,35,6,-1,-1,-1,-1,-1,-1
2018010106392,1,9,0,5,0,0,0,0,0,0,1,1,6,1,37,7,2143,2,4,-1,-1,-1
2018010106392,2,1,0,18,0,0,0,0,0,0,2,1,6,1,10,2,-1,-1,-1,2,1,2
2018010106394,1,9,0,9,0,5,0,0,0,0,1,1,6,1,31,6,2143,2,4,1,1,1
2018010106394,2,9,0,18,0,1,0,0,1,4,1,1,6,1,40,7,1596,1,4,1,1,1
2018010106395,1,8,0,3,0,1,0,0,0,0,2,1,6,1,31,6,2776,2,1,2,1,2
2018010106395,2,9,0,3,0,1,0,0,0,0,2,1,6,1,50,8,1799,1,21,3,1,3
2018010106395,3,9,0,3,0,1,0,0,0,0,2,1,6,1,44,7,1995,2,1,7,1,7
2018010106395,4,9,0,18,0,1,0,0,0,0,1,1,1,1,39,7,1968,2,2,6,1,6
2018010106396,1,9,0,18,0,8,0,0,0,0,3,1,6,1,76,11,1598,1,16,10,1,10
2018010106396,2,9,0,18,0,8,0,0,0,0,1,1,6,2,53,8,999,1,8,9,1,9
2018010106397,1,11,0,18,0,1,0,0,0,0,0,1,1,1,29,6,6700,2,10,3,1,3
2018010106397,2,9,0,6,0,1,0,0,0,0,2,1,6,1,25,5,1791,8,7,1,1,1
2018010106398,1,5,0,18,0,0,0,0,0,0,1,1,6,1,47,8,900,1,1,3,-1,3
2018010106398,2,1,0,5,0,0,0,0,0,0,4,1,6,1,28,6,-1,-1,-1,1,1,1
2018010106399,1,3,0,9,0,5,0,0,0,0,1,1,1,1,23,5,124,1,4,2,1,2
2018010106403,1,9,0,18,0,2,0,0,0,0,1,1,6,1,53,8,1598,1,12,3,1,3
2018010106405,1,20,0,5,0,3,0,0,0,0,1,1,1,1,34,6,-1,-1,-1,7,3,7
2018010106405,2,4,0,3,0,3,0,0,0,0,2,1,1,1,25,5,125,1,7,6,1,6
2018010106409,1,9,0,18,0,0,0,4,0,0,1,1,6,2,35,6,1398,2,3,5,1,5
2018010106409,2,9,0,2,0,0,0,0,1,4,1,1,6,3,-1,-1,999,1,4,-1,-1,-1
2018010106409,3,9,0,2,0,0,0,4,0,0,1,1,6,3,-1,-1,2143,2,3,-1,-1,-1
2018010106409,4,5,0,2,0,0,0,4,0,0,3,1,6,3,-1,-1,599,1,17,-1,-1,-1
2018010106414,1,9,0,18,0,8,0,0,0,0,1,1,6,1,19,4,1200,1,1,6,1,6
2018010106414,2,9,0,2,0,8,0,0,0,0,2,1,6,3,-1,-1,2979,1,15,-1,-1,-1
2018010106415,1,9,0,4,0,1,0,0,0,0,1,1,6,2,21,5,1595,1,12,5,1,5
2018010106415,2,11,0,4,0,1,0,0,0,0,0,1,1,1,52,8,9360,2,8,4,1,4
2018010106417,1,1,0,7,0,1,2,0,0,0,3,1,1,1,39,7,-1,-1,-1,2,1,2
2018010106417,2,8,0,18,0,1,0,0,0,0,4,1,1,1,31,6,3456,8,6,3,1,3
2018010106418,1,9,0,18,0,1,0,0,0,0,4,1,6,1,69,10,1598,2,5,8,1,8
2018010106418,2,9,0,5,0,8,0,0,0,0,1,1,6,1,53,8,2993,2,-1,10,1,10
2018010106421,1,5,0,18,0,8,0,0,0,0,1,1,6,1,23,5,-1,-1,-1,3,1,3
2018010106421,2,9,0,5,0,8,0,0,0,0,3,1,2,1,39,7,1999,2,-1,10,1,10
2018010106421,3,8,0,8,0,8,0,0,0,0,3,1,1,1,52,8,2776,2,2,1,1,1
2018010106426,1,9,0,4,0,0,0,4,0,0,1,1,2,1,39,7,1596,1,12,4,1,4
2018010106426,2,9,0,2,0,0,0,0,1,2,3,1,6,3,-1,-1,1560,2,6,-1,-1,-1
2018010106427,1,5,0,13,0,0,1,4,0,0,1,1,2,1,30,6,599,1,13,6,1,6
2018010106427,2,19,0,2,0,0,0,0,0,0,1,1,6,3,-1,-1,2298,2,2,-1,-1,-1
2018010106430,1,9,0,18,0,8,0,0,0,0,1,1,6,3,-1,-1,-1,-1,-1,-1,-1,-1
2018010106431,1,9,0,18,0,8,0,0,0,0,1,1,6,2,24,5,1600,2,8,-1,-1,-1
2018010106431,2,9,0,18,0,8,0,0,0,0,2,1,6,1,66,10,2231,2,6,-1,-1,-1
2018010106431,3,9,0,18,0,8,0,0,0,0,1,1,6,1,41,7,1329,1,9,4,1,4
2018010106432,1,9,0,17,0,8,0,0,0,0,1,1,2,1,42,7,1991,1,4,3,1,3
2018010106432,2,1,0,18,0,8,0,0,0,0,1,1,2,1,16,4,-1,-1,-1,2,1,2
2018010106440,1,9,0,16,0,0,0,0,1,0,1,1,6,2,24,5,1368,1,8,2,1,2
2018010106440,2,9,0,16,0,0,0,0,0,0,1,1,6,1,22,5,1595,1,5,9,1,9
2018010106442,1,1,-1,-1,-1,0,-1,-1,-1,-1,1,1,2,1,29,6,-1,-1,-1,6,1,6
2018010106442,2,9,0,-1,-1,0,-1,-1,-1,-1,-1,-1,6,1,-1,-1,1998,1,17,2,1,2
2018010106447,1,9,0,5,0,1,0,0,0,0,1,1,2,2,61,9,1364,1,1,9,3,9
2018010106454,1,9,-1,18,0,8,-1,0,0,0,-1,-1,6,3,-1,-1,-1,-1,-1,-1,-1,-1
2018010106457,1,11,0,5,0,0,0,0,0,0,1,1,6,1,28,6,4500,2,1,2,1,2
2018010106462,1,19,0,2,0,0,0,0,0,0,0,1,6,3,-1,-1,-1,-1,-1,-1,-1,-1
2018010106462,2,1,0,18,0,0,0,8,0,0,1,1,2,2,41,7,-1,-1,-1,6,1,6
2018010106464,1,90,0,18,0,6,0,0,0,0,1,1,6,3,-1,-1,-1,-1,-1,-1,-1,-1
2018010106464,2,1,0,18,0,6,0,0,0,0,0,1,6,1,42,7,-1,-1,-1,10,1,10
2018010106465,1,9,0,5,0,3,0,0,0,0,2,1,6,2,28,6,1197,1,3,8,1,8
2018010106465,2,21,0,3,0,3,0,0,0,0,1,1,1,1,44,7,9200,2,11,5,2,5
2018010106467,1,9,0,3,0,0,0,0,0,0,3,1,2,1,31,6,1796,1,10,-1,-1,-1
2018010106467,2,9,4,18,0,0,0,0,0,0,4,1,1,1,57,9,-1,-1,-1,1,1,1
2018010106469,1,3,-1,18,0,8,-1,0,0,0,3,1,6,1,24,5,125,1,5,3,1,3
2018010106469,2,9,-1,18,-1,1,-1,0,0,0,-1,-1,6,2,53,8,1798,8,5,-1,-1,-1
2018010106471,1,9,0,-1,-1,0,-1,-1,-1,-1,2,-1,6,2,39,7,-1,-1,-1,7,1,7
2018010106471,2,10,0,-1,-1,0,-1,-1,-1,-1,1,-1,6,1,-1,-1,-1,-1,-1,-1,-1,-1
2018010106472,1,9,0,3,0,-1,0,0,0,0,2,-1,2,1,27,6,1896,2,10,5,1,5
2018010106472,2,9,0,18,0,-1,0,0,0,0,1,-1,6,2,-1,-1,1598,1,8,-1,-1,-1
2018010106475,1,1,-1,-1,-1,-1,-1,-1,-1,-1,1,1,2,2,27,6,-1,-1,-1,5,1,5
2018010106475,2,20,0,-1,-1,-1,-1,-1,-1,-1,2,-1,6,1,49,8,2999,2,-1,9,1,9
2018010106476,1,9,-1,-1,0,2,0,-1,0,0,1,-1,6,1,-1,-1,-1,-1,-1,-1,-1,-1
2018010106483,1,9,0,17,0,0,0,0,0,0,4,1,3,2,30,6,1364,1,10,2,1,2
2018010106483,2,9,0,7,0,0,0,0,0,0,1,1,3,2,30,6,1388,1,7,2,1,2
2018010106489,1,11,0,7,0,1,0,0,0,0,0,1,1,1,29,6,6700,2,6,2,1,2
2018010106491,1,2,-1,18,0,-1,1,-1,-1,-1,-1,1,6,1,18,4,49,1,1,10,1,10
2018010106491,2,9,-1,-1,0,-1,0,-1,-1,-1,-1,-1,6,3,-1,-1,3311,8,12,-1,-1,-1
2018010106495,1,9,0,9,0,5,0,0,0,0,1,1,6,1,-1,-1,1997,2,5,7,1,7
2018010106502,1,9,-1,9,0,1,-1,0,0,0,3,1,6,1,47,8,2987,2,9,7,1,7
2018010106502,2,9,-1,18,-1,1,-1,0,0,0,4,-1,6,3,-1,-1,1598,1,12,-1,-1,-1
2018010106506,1,9,0,3,0,1,0,0,0,0,0,1,6,1,26,6,1968,2,11,-1,-1,-1
2018010106506,2,1,0,18,0,6,1,4,0,0,1,1,6,1,57,9,-1,-1,-1,3,1,3
2018010106512,1,3,0,16,0,0,0,0,0,0,1,1,6,1,26,6,125,1,11,3,1,3
2018010106521,1,11,0,18,0,8,0,0,0,0,0,1,1,3,-1,-1,-1,-1,-1,-1,-1,-1
2018010106531,1,21,0,18,0,0,0,5,7,10,2,2,1,1,56,9,7698,2,1,3,1,3
2018010106540,1,9,-1,-1,0,-1,0,-1,0,0,-1,-1,6,1,61,9,1968,2,3,-1,-1,-1
2018010106540,2,9,-1,18,0,1,0,-1,0,0,-1,-1,6,3,-1,-1,-1,-1,-1,-1,-1,-1
2018010106541,1,19,0,9,0,1,0,0,0,0,4,1,1,1,51,8,1968,2,5,3,1,3
2018010106541,2,3,0,18,0,1,0,0,0,0,1,1,1,1,42,7,125,1,3,1,-1,1
2018010106545,1,9,0,18,0,1,0,0,1,0,1,1,1,1,46,8,-1,-1,-1,4,1,4
2018010106545,2,9,0,4,0,1,0,0,1,1,0,1,1,1,36,7,1595,1,6,7,1,7
2018010106547,1,9,0,-1,-1,-1,-1,-1,-1,-1,1,-1,6,2,29,6,1461,2,3,2,1,2
2018010106547,2,9,-1,-1,-1,-1,-1,-1,-1,-1,-1,-1,6,3,-1,-1,1781,1,19,-1,-1,-1
2018010106550,1,9,0,9,0,2,0,0,1,0,1,1,6,2,50,8,1968,2,6,5,1,5
2018010106552,1,9,0,18,0,8,0,0,0,0,1,1,6,1,40,7,1598,1,6,9,1,9
2018010106552,2,9,0,5,0,8,0,0,0,0,1,1,6,2,37,7,2996,1,10,7,1,7
2018010106559,1,9,0,2,0,0,0,0,0,0,0,1,6,3,-1,-1,1997,1,13,-1,-1,-1
2018010106559,2,8,0,5,0,0,0,0,0,0,1,2,6,1,48,8,-1,-1,-1,7,1,7
2018010106560,1,9,0,-1,-1,0,-1,-1,-1,-1,2,1,6,2,30,6,998,1,2,1,1,1
2018010106560,2,9,0,-1,-1,0,-1,-1,-1,-1,-1,1,6,2,-1,-1,1991,2,9,-1,-1,-1
2018010106561,1,1,-1,18,-1,0,-1,-1,-1,-1,-1,1,6,1,26,6,-1,-1,-1,-1,-1,-1
2018010106561,2,9,-1,-1,-1,0,-1,-1,-1,-1,-1,-1,6,1,-1,-1,-1,-1,-1,-1,-1,-1
2018010106568,1,1,0,-1,4,1,0,0,0,0,1,1,2,1,30,6,-1,-1,-1,3,1,3
2018010106568,2,19,0,9,0,8,0,0,0,0,4,-1,6,1,-1,-1,1598,2,7,-1,-1,-1
2018010106570,1,1,-1,-1,-1,-1,-1,-1,-1,-1,-1,1,6,2,24,5,-1,-1,-1,8,1,8
2018010106570,2,8,0,-1,-1,-1,-1,-1,-1,-1,-1,-1,6,1,-1,-1,1798,8,3,-1,-1,-1
2018010106572,1,11,0,3,0,0,0,0,0,0,2,1,1,1,25,5,5132,2,1,4,1,4
2018010106572,2,19,0,3,0,0,0,4,0,0,1,1,6,3,-1,-1,-1,-1,-1,-1,-1,-1
2018010106574,1,3,0,18,0,1,0,0,0,0,1,1,6,1,25,5,125,1,4,2,1,2
2018010106574,2,9,0,10,0,1,0,0,0,0,2,1,6,1,49,8,1598,1,8,2,1,2
2018010106578,1,3,0,-1,-1,0,-1,-1,-1,-1,2,1,6,1,35,6,125,1,2,4,1,4
2018010106578,2,3,0,-1,-1,0,-1,-1,-1,-1,1,1,6,1,19,4,108,1,2,4,1,4
2018010106580,1,1,-1,-1,-1,-1,-1,-1,-1,-1,-1,1,6,2,33,6,-1,-1,-1,3,1,3
2018010106580,2,9,0,-1,-1,-1,-1,-1,-1,-1,1,-1,6,2,-1,-1,1587,1,11,2,1,2
2018010106585,1,9,0,-1,-1,-1,-1,-1,-1,-1,1,-1,6,2,31,6,1598,1,13,3,1,3
2018010106585,2,9,0,-1,-1,-1,-1,-1,-1,-1,1,-1,6,1,-1,-1,-1,-1,-1,5,1,5
2018010106586,1,9,0,-1,-1,-1,-1,-1,-1,-1,2,-1,2,2,42,7,1339,1,10,5,1,5
2018010106586,2,9,0,-1,-1,-1,-1,-1,-1,-1,1,-1,6,1,-1,-1,1799,1,9,-1,-1,-1
2018010106587,1,1,-1,-1,-1,-1,-1,-1,-1,-1,1,1,2,1,31,6,-1,-1,-1,7,1,7
2018010106587,2,19,0,-1,-1,-1,-1,-1,-1,-1,-1,-1,6,1,-1,-1,-1,-1,-1,-1,-1,-1
2018010106590,1,9,0,14,0,2,0,0,0,0,1,1,2,2,32,6,1229,1,11,7,1,7
2018010106590,2,1,0,7,9,6,0,0,0,0,1,1,3,1,16,4,-1,-1,-1,4,1,4
2018010106592,1,9,0,18,0,0,0,4,0,0,1,1,6,1,86,11,3555,1,15,7,1,7
2018010106592,2,9,0,2,0,0,0,0,1,0,1,1,6,3,-1,-1,1388,1,9,-1,-1,-1
2018010106594,1,9,0,-1,-1,0,-1,-1,-1,-1,2,-1,6,1,42,7,1984,1,14,2,1,2
2018010106594,2,9,0,-1,-1,0,-1,-1,-1,-1,1,-1,6,2,25,5,1124,1,13,4,1,4
2018010106602,1,9,0,18,0,0,0,4,0,0,1,1,6,1,27,6,1598,2,4,-1,-1,-1
2018010106602,2,9,0,18,0,0,0,0,0,0,1,1,6,2,47,8,1497,8,4,2,1,2
2018010106602,3,9,0,2,0,0,0,0,0,0,1,1,6,3,-1,-1,1797,8,8,-1,-1,-1
2018010106602,4,9,0,18,0,0,0,0,0,0,0,1,1,1,52,8,999,1,2,8,1,8
2018010106604,1,9,0,18,0,2,0,0,0,0,3,2,2,1,-1,-1,-1,-1,-1,6,1,6
2018010106605,1,9,0,10,0,8,0,0,0,0,1,1,6,1,63,9,1197,1,1,4,1,4
2018010106605,2,9,0,18,0,8,0,0,0,0,1,1,6,3,-1,-1,1995,1,13,-1,-1,-1
2018010106607,1,9,0,18,0,0,0,4,0,0,1,1,6,1,41,7,1598,1,13,9,1,9
2018010106607,2,9,0,3,0,0,0,0,0,0,2,1,6,1,44,7,1995,2,8,10,1,10
2018010106613,1,9,0,3,5,0,0,0,0,0,1,1,6,2,44,7,998,1,14,3,1,3
2018010106613,2,3,0,18,0,0,0,0,0,0,4,1,6,1,20,4,125,1,2,3,1,3
2018010106615,1,8,0,9,0,2,0,0,0,0,1,1,1,1,41,7,1950,2,1,4,1,4
2018010106619,1,9,0,9,0,5,0,0,0,0,3,1,6,2,32,6,1798,8,5,4,1,4
2018010106619,2,5,0,13,0,5,5,0,0,0,1,1,6,1,44,7,749,1,15,10,1,10
2018010106620,1,9,0,9,0,6,0,0,0,0,1,1,6,2,46,8,1997,2,1,7,1,7
2018010106620,2,1,0,4,0,6,5,0,0,0,2,1,6,2,55,8,-1,-1,-1,9,1,9
2018010106621,1,9,0,4,0,1,0,0,0,0,2,1,6,1,66,10,1595,1,1,4,1,4
2018010106621,2,19,0,3,0,1,0,0,0,0,1,1,6,1,31,6,-1,-1,-1,3,1,3
2018010106626,1,8,0,9,0,2,0,0,0,0,1,2,2,1,38,7,1995,2,1,1,1,1
2018010106626,2,3,0,15,0,1,0,0,0,0,1,1,6,1,24,5,125,1,6,2,1,2
2018010106627,1,9,0,18,0,4,1,0,0,0,1,1,6,1,42,7,1798,1,-1,2,1,2
2018010106627,2,9,0,18,0,3,0,0,0,0,4,1,6,2,53,8,1596,1,13,4,1,4
2018010106629,1,19,0,-1,-1,-1,-1,-1,-1,-1,-1,-1,6,1,-1,-1,1560,2,2,7,1,7
2018010106631,1,9,0,-1,-1,0,-1,-1,-1,-1,2,-1,2,2,24,5,1197,1,-1,10,1,10
2018010106631,2,20,0,-1,-1,0,-1,-1,-1,-1,1,-1,6,1,-1,-1,-1,-1,-1,-1,-1,-1
2018010106632,1,9,0,9,0,8,0,0,0,0,4,1,6,1,34,6,1995,1,10,9,1,9
2018010106632,2,9,0,18,0,8,0,0,0,0,1,1,6,1,38,7,1798,8,2,6,1,6
2018010106638,1,9,0,-1,-1,-1,-1,-1,-1,-1,2,-1,6,1,37,7,3800,1,9,6,1,6
2018010106638,2,9,0,-1,-1,-1,-1,-1,-1,-1,1,-1,6,1,-1,-1,1598,1,7,-1,-1,-1
2018010106640,1,1,-1,-1,-1,8,-1,-1,-1,-1,2,1,2,1,25,5,-1,-1,-1,7,1,7
2018010106640,2,3,0,-1,-1,8,-1,-1,-1,-1,2,1,6,1,-1,-1,530,1,1,-1,-1,-1
2018010106642,1,9,0,3,0,6,0,0,0,0,3,1,6,1,36,7,1229,1,7,1,1,1
2018010106642,2,20,0,5,0,1,0,0,0,0,3,1,6,1,50,8,4250,2,9,6,2,6
2018010106644,1,9,0,18,0,2,0,0,0,0,3,1,6,1,20,4,1596,1,7,1,1,1
2018010106644,2,9,0,18,0,2,0,0,0,0,3,1,6,1,41,7,1490,1,-1,3,1,3
2018010106645,1,1,-1,-1,-1,-1,-1,-1,-1,-1,-1,1,2,1,40,7,-1,-1,-1,2,1,2
2018010106645,2,9,0,-1,-1,-1,-1,-1,-1,-1,-1,-1,6,3,-1,-1,-1,-1,-1,-1,-1,-1
2018010106646,1,1,-1,-1,-1,-1,-1,-1,-1,-1,-1,1,2,2,29,6,-1,-1,-1,3,1,3
2018010106646,2,9,0,-1,-1,-1,-1,-1,-1,-1,1,-1,6,1,-1,-1,5000,1,6,4,1,4
2018010106647,1,19,0,9,0,1,0,0,1,0,3,1,6,1,78,11,-1,-1,-1,5,1,5
2018010106647,2,2,0,5,0,1,0,0,0,0,3,1,6,2,39,7,-1,-1,-1,5,1,5
2018010106648,1,9,0,14,0,8,0,0,7,0,1,1,6,1,35,6,1461,2,9,7,1,7
2018010106648,2,9,0,14,0,8,0,0,0,0,3,1,6,1,29,6,1595,1,-1,5,1,5
2018010106648,3,9,0,3,0,2,0,0,0,0,1,1,2,2,35,6,1197,1,1,4,1,4
2018010106648,4,9,0,3,0,1,0,0,0,0,3,1,6,2,38,7,1390,1,20,2,1,2
2018010106650,1,11,0,3,2,1,0,0,0,0,0,1,1,1,28,6,4500,2,3,2,1,2
2018010106656,1,9,0,18,0,8,0,0,1,0,3,1,6,1,43,7,1998,7,15,2,1,2
2018010106657,1,3,0,5,0,1,0,0,0,0,1,1,2,1,38,7,124,1,14,5,1,5
2018010106657,2,90,0,5,0,1,0,0,0,0,4,1,1,1,44,7,10677,2,3,3,1,3
2018010106660,1,9,0,16,0,8,0,0,0,0,1,1,6,2,43,7,1596,1,8,3,1,3
2018010106660,2,9,0,18,0,1,0,0,0,0,1,1,6,1,31,6,2995,1,-1,-1,-1,-1
2018010106660,3,9,0,2,0,1,0,0,0,0,4,1,6,3,-1,-1,2967,2,1,-1,-1,-1
2018010106660,4,3,0,2,0,1,0,0,0,0,1,1,6,3,-1,-1,125,1,2,-1,-1,-1
2018010106665,1,9,0,6,0,0,0,0,0,0,1,1,6,1,63,9,1798,8,1,6,1,6
2018010106665,2,3,0,18,0,0,1,0,0,0,1,1,6,1,22,5,124,1,2,1,1,1
2018010106669,1,5,0,9,0,0,0,0,0,0,2,1,6,1,48,8,600,1,17,10,1,10
2018010106669,2,9,0,18,0,0,0,0,0,0,1,1,6,1,38,7,2400,2,8,9,1,9
2018010106670,1,9,0,5,0,2,0,0,0,0,1,1,6,1,-1,-1,1997,2,11,6,2,6
2018010106671,1,9,0,18,0,1,0,0,0,0,0,1,6,1,45,7,-1,-1,-1,1,1,1
2018010106672,1,9,0,18,0,1,0,4,0,0,1,1,1,2,18,4,1242,1,13,8,1,8
2018010106672,2,9,0,2,0,1,0,0,1,0,2,1,6,3,-1,-1,1368,1,1,-1,-1,-1
2018010106674,1,9,0,4,0,1,0,0,0,0,2,1,6,1,52,8,1596,1,14,3,1,3
2018010106674,2,8,0,18,0,1,0,0,0,0,1,1,1,1,75,10,2402,2,15,5,1,5
2018010106679,1,4,0,14,0,1,0,0,0,0,1,1,2,1,34,6,395,1,4,4,1,4
2018010106679,2,9,0,10,0,2,0,0,0,0,3,1,2,2,50,8,1598,1,13,2,1,2
2018010106680,1,9,0,18,0,6,0,0,0,0,3,1,2,1,66,10,1799,1,10,5,1,5
2018010106680,2,1,0,16,0,8,0,0,0,0,1,1,2,1,34,6,-1,-1,-1,1,1,1
2018010106682,1,5,0,14,0,0,0,0,0,0,1,1,6,1,44,7,-1,-1,-1,3,1,3
2018010106684,1,8,0,-1,-1,0,-1,-1,-1,-1,-1,1,6,1,36,7,-1,-1,-1,4,1,4
2018010106684,2,20,-1,18,0,0,0,-1,0,0,1,1,6,3,-1,-1,-1,-1,-1,-1,-1,-1
2018010106687,1,19,0,3,0,2,0,0,0,0,2,1,2,1,56,9,2148,2,13,1,1,1
2018010106687,2,3,0,18,0,2,0,0,0,0,1,1,1,1,22,5,108,1,4,3,1,3
2018010106689,1,11,0,18,2,1,0,0,0,0,1,1,1,1,35,6,4500,2,2,2,1,2
2018010106689,2,9,0,7,0,1,0,0,0,0,2,1,6,1,60,9,1984,1,12,1,1,1
2018010106691,1,9,0,9,0,8,0,0,0,0,4,1,6,1,23,5,1796,1,10,3,1,3
2018010106691,2,8,0,18,0,8,0,0,0,0,1,1,6,1,50,8,2143,2,5,2,1,2
2018010106692,1,2,0,9,0,0,5,0,0,0,1,1,1,1,45,7,108,1,5,2,1,2
2018010106693,1,3,0,18,0,0,0,0,0,0,1,1,6,1,21,5,124,1,8,3,1,3
2018010106693,2,8,0,6,0,0,0,0,0,0,4,1,1,1,30,6,1798,8,1,3,1,3
2018010106695,1,3,0,13,0,0,1,7,0,0,1,1,6,1,23,5,125,1,14,6,1,6
2018010106697,1,3,0,18,0,0,0,8,0,0,1,1,1,1,25,5,108,1,3,3,1,3
2018010106697,2,9,0,2,0,0,0,8,0,0,3,1,6,3,-1,-1,1896,2,15,-1,-1,-1
2018010106698,1,11,0,5,8,0,0,0,0,0,0,1,1,1,54,8,6692,2,5,10,1,10
2018010106698,2,19,0,11,0,0,0,0,0,0,0,1,6,3,-1,-1,-1,-1,-1,-1,-1,-1
2018010106700,1,9,0,6,0,2,0,0,1,0,0,1,6,1,43,7,1968,2,6,2,1,2
2018010106700,2,9,0,13,9,2,0,11,1,4,1,1,1,1,27,6,1995,2,2,5,1,5
2018010106703,1,90,0,14,0,0,1,0,0,0,1,1,6,3,-1,-1,-1,-1,-1,-1,-1,-1
2018010106705,1,9,0,16,0,1,0,0,0,0,3,1,6,1,21,5,1798,1,5,6,1,6
2018010106705,2,9,0,1,0,1,0,0,0,0,2,1,1,1,39,7,1598,2,2,6,1,6
2018010106706,1,9,0,6,0,0,0,0,0,0,1,1,6,1,21,5,1598,1,10,5,1,5
2018010106706,2,4,0,18,0,0,0,4,0,0,1,1,1,1,37,7,279,1,1,6,1,6
2018010106708,1,9,0,5,0,0,5,4,0,0,1,1,6,2,34,6,1685,2,1,2,1,2
2018010106708,2,9,0,2,0,0,0,0,0,0,4,2,6,3,-1,-1,-1,-1,-1,-1,-1,-1
2018010106708,3,9,0,2,0,0,0,0,0,0,4,1,6,3,-1,-1,1685,2,6,-1,-1,-1
2018010106708,4,9,0,2,0,0,0,0,0,0,4,1,6,3,-1,-1,-1,-1,-1,-1,-1,-1
2018010106708,5,9,0,2,0,0,0,0,0,0,4,2,6,3,-1,-1,1950,2,-1,-1,-1,-1
2018010106708,6,9,0,2,0,0,0,0,0,0,0,2,6,3,-1,-1,1364,1,10,-1,-1,-1
2018010106708,7,9,0,2,0,0,0,0,0,0,0,1,6,3,-1,-1,-1,-1,-1,-1,-1,-1
2018010106708,8,9,0,2,0,0,0,0,0,0,2,1,6,3,-1,-1,1798,1,11,-1,-1,-1
2018010106709,1,5,0,18,2,1,0,0,0,0,3,1,2,1,22,5,599,1,-1,3,1,3
2018010106709,2,11,0,10,2,1,0,0,0,0,1,1,1,1,60,9,4500,2,2,4,1,4
2018010106711,1,9,0,9,0,6,0,-1,0,0,-1,-1,6,1,25,5,1796,1,13,-1,-1,-1
2018010106724,1,8,0,9,0,5,0,0,0,0,1,1,1,1,39,7,1798,8,4,3,1,3
2018010106724,2,1,0,18,0,8,0,0,0,0,1,1,1,2,28,6,-1,-1,-1,1,-1,1
2018010106728,1,1,-1,-1,-1,-1,-1,-1,-1,-1,-1,1,2,1,57,9,-1,-1,-1,9,1,9
2018010106728,2,8,0,-1,-1,-1,-1,-1,-1,-1,-1,-1,6,1,-1,-1,2143,2,1,3,1,3
2018010106728,3,8,0,-1,-1,-1,-1,-1,-1,-1,-1,-1,6,1,-1,-1,-1,-1,-1,1,1,1
2018010106732,1,9,-1,3,0,-1,0,0,0,0,2,-1,6,1,60,9,1198,1,6,9,1,9
2018010106735,1,9,0,18,0,8,0,0,0,0,3,1,2,2,50,8,1595,1,12,3,1,3
2018010106735,2,1,0,12,0,8,0,0,0,0,1,1,4,1,13,3,-1,-1,-1,2,1,2
2018010106750,1,3,0,18,0,2,0,0,0,0,1,1,2,1,32,6,124,1,10,8,1,8
2018010106757,1,5,0,-1,-1,0,-1,-1,-1,-1,-1,1,2,1,26,6,1170,1,10,9,1,9
2018010106757,2,9,0,-1,-1,0,-1,-1,-1,-1,1,-1,6,2,-1,-1,1590,1,17,-1,-1,-1