Accident_Index,Vehicle_Reference,Vehicle_Type,Towing_and_Articulation,Vehicle_Manoeuvre,Vehicle_Location-Restricted_Lane,Junction_Location,Skidding_and_Overturning,Hit_Object_in_Carriageway,Vehicle_Leaving_Carriageway,Hit_Object_off_Carriageway,1st_Point_of_Impact,Was_Vehicle_Left_Hand_Drive?,Journey_Purpose_of_Driver,Sex_of_Driver,Age_of_Driver,Age_Band_of_Driver,Engine_Capacity_(CC),Propulsion_Code,Age_of_Vehicle,Driver_IMD_Decile,Driver_Home_Area_Type,Vehicle_IMD_Decile
2018010106759,1,9,0,18,0,1,0,0,0,0,1,1,6,2,74,10,1395,1,3,10,1,10
2018010106759,2,1,0,18,0,1,0,0,0,0,4,1,4,1,15,3,-1,-1,-1,3,1,3
2018010106761,1,9,0,6,0,0,0,0,0,0,3,1,6,1,26,6,1388,1,8,5,1,5
2018010106761,2,1,0,18,0,0,0,0,0,0,1,1,6,1,24,5,-1,-1,-1,7,1,7
2018010106765,1,9,0,-1,-1,-1,-1,-1,-1,-1,1,-1,6,1,35,6,1299,1,16,2,1,2
2018010106770,1,3,0,17,0,3,1,0,0,0,0,1,6,1,24,5,125,1,-1,-1,-1,-1
2018010106770,2,9,0,18,0,3,0,0,0,0,1,1,6,3,-1,-1,-1,-1,-1,-1,-1,-1
2018010106776,1,1,-1,18,-1,0,-1,-1,-1,-1,-1,1,6,1,53,8,-1,-1,-1,8,1,8
2018010106781,1,9,0,9,0,1,0,0,0,0,1,1,4,2,74,10,1591,1,8,7,1,7
2018010106781,2,1,0,18,0,1,0,0,0,0,1,1,1,1,52,8,-1,-1,-1,3,1,3
2018010106782,1,9,0,4,0,0,0,0,0,0,1,1,6,1,31,6,2993,2,3,2,1,2
2018010106782,2,8,0,4,0,0,0,0,0,0,2,1,1,1,51,8,1797,8,8,4,1,4
2018010106783,1,9,0,3,0,0,0,0,0,0,2,1,1,2,32,6,1995,2,13,4,1,4
2018010106783,2,9,0,5,0,0,0,0,0,0,1,1,2,2,37,7,2401,2,12,3,1,3
2018010106789,1,9,0,6,0,0,0,0,0,0,1,-1,6,1,23,5,1399,1,8,3,1,3
2018010106789,2,9,0,18,0,0,0,0,0,0,-1,-1,6,1,-1,-1,1395,1,1,-1,-1,-1
2018010106792,1,9,0,9,0,8,0,0,0,0,3,1,6,1,48,8,2401,2,13,4,1,4
2018010106792,2,1,0,18,0,8,0,0,0,0,4,1,1,1,27,6,-1,-1,-1,1,1,1
2018010106795,1,9,0,9,0,1,0,0,0,0,1,1,2,2,22,5,999,1,2,5,1,5
2018010106795,2,9,0,18,0,8,0,0,0,0,1,1,3,2,33,6,1395,1,-1,3,1,3
2018010106798,1,8,0,9,0,2,0,0,0,0,1,1,1,1,56,9,1797,8,8,7,1,7
2018010106798,2,1,0,5,4,2,0,0,0,0,0,1,1,1,30,6,-1,-1,-1,9,1,9
2018010106800,1,8,0,9,0,1,0,0,0,0,1,1,1,1,52,8,1798,8,2,3,1,3
2018010106800,2,1,0,5,0,1,0,0,0,0,1,1,6,1,53,8,-1,-1,-1,8,1,8
2018010106803,1,9,0,9,0,5,0,0,0,0,1,1,6,2,34,6,1596,1,12,4,1,4
2018010106804,1,9,0,18,0,1,0,0,0,0,1,1,2,1,30,6,1968,2,5,3,1,3
2018010106804,2,19,0,18,0,1,0,0,0,0,1,1,1,1,29,6,2198,2,2,6,1,6
2018010106804,3,8,0,2,0,1,0,0,0,0,3,1,6,3,-1,-1,2499,2,10,-1,-1,-1
2018010106804,4,19,0,2,0,1,0,0,0,0,3,1,6,3,-1,-1,2402,2,10,-1,-1,-1
2018010106815,1,9,0,5,0,1,0,0,0,0,1,1,6,1,63,9,1388,1,18,1,1,1
2018010106816,1,9,0,3,0,0,0,0,0,0,2,1,6,1,35,6,1995,2,6,4,1,4
2018010106816,2,9,0,3,0,0,0,0,0,0,2,1,6,2,96,11,1389,1,20,7,1,7
2018010106816,3,9,0,18,0,0,0,0,0,0,1,1,6,1,24,5,1499,1,-1,2,1,2
2018010106820,1,11,0,5,0,0,0,0,0,0,0,1,1,1,55,8,5132,2,1,3,1,3
2018010106821,1,9,0,18,0,0,0,-1,0,0,1,-1,6,1,49,8,1797,8,7,2,1,2
2018010106821,2,1,0,18,0,0,0,-1,0,0,2,1,2,1,25,5,-1,-1,-1,5,3,5
2018010106822,1,9,0,9,0,6,0,0,0,0,4,1,6,1,53,8,1461,2,-1,5,1,5
2018010106824,1,9,0,9,0,6,0,0,0,0,2,1,2,2,27,6,1364,1,10,2,1,2
2018010106828,1,9,0,-1,-1,-1,-1,-1,-1,-1,-1,-1,2,1,61,9,999,1,3,7,1,7
2018010106828,2,1,-1,-1,-1,-1,-1,-1,-1,-1,1,1,6,1,40,7,-1,-1,-1,6,1,6
2018010106832,1,9,0,10,0,1,0,0,0,0,1,1,6,1,18,4,1598,2,4,6,3,6
2018010106832,2,1,0,14,0,1,0,0,0,0,3,1,6,1,36,7,-1,-1,-1,3,1,3
2018010106834,1,9,0,18,0,1,5,4,3,0,3,1,6,1,31,6,1685,2,4,2,1,2
2018010106834,2,9,0,2,0,1,0,0,0,0,4,2,6,3,-1,-1,-1,-1,-1,-1,-1,-1
2018010106835,1,9,0,18,-1,-1,-1,-1,-1,-1,2,1,2,1,26,6,1596,1,13,6,1,6
2018010106835,2,9,0,-1,-1,-1,-1,-1,-1,-1,0,-1,6,3,-1,-1,1796,1,13,-1,-1,-1
2018010106835,3,9,0,-1,-1,-1,-1,-1,-1,-1,1,-1,6,1,-1,-1,1998,1,12,3,1,3
2018010106835,4,9,0,-1,-1,-1,-1,-1,-1,-1,-1,-1,6,1,-1,-1,-1,-1,-1,-1,-1,-1
2018010106836,1,9,0,3,0,0,0,0,0,0,2,-1,6,1,38,7,2993,2,11,1,1,1
2018010106836,2,9,-1,18,0,0,0,0,0,0,1,-1,6,2,-1,-1,1995,1,14,2,1,2
2018010106836,3,9,0,4,0,0,0,0,0,0,0,-1,6,3,-1,-1,1339,8,9,-1,-1,-1
2018010106846,1,19,0,11,0,1,0,0,0,0,4,1,1,1,51,8,2148,2,10,3,1,3
2018010106846,2,2,0,16,0,1,0,0,0,0,3,1,6,1,21,5,125,1,2,4,1,4
2018010106847,1,9,0,18,0,0,0,0,0,0,3,1,6,1,25,5,1896,2,18,4,1,4
2018010106855,1,9,0,18,0,0,0,0,0,0,4,1,2,2,26,6,1596,1,11,2,1,2
2018010106862,1,9,0,4,0,1,0,0,0,0,2,1,1,1,31,6,-1,-1,-1,8,1,8
2018010106862,2,9,0,4,0,1,0,0,0,0,1,1,6,2,43,7,1198,1,4,6,1,6
2018010106862,3,9,0,9,0,6,0,0,0,0,3,1,6,2,37,7,1598,1,12,2,1,2
2018010106863,1,9,0,5,0,1,0,0,0,0,2,1,3,2,34,6,1339,1,14,1,1,1
2018010106863,2,9,0,5,0,1,0,0,0,0,1,1,1,1,29,6,2993,2,4,4,1,4
2018010106864,1,9,-1,-1,0,1,-1,-1,-1,0,-1,-1,6,3,-1,-1,-1,-1,-1,-1,-1,-1
2018010106865,1,9,0,18,0,2,0,0,0,0,1,1,6,2,88,11,998,1,15,8,1,8
2018010106870,1,3,0,18,0,8,1,0,0,0,1,1,6,1,25,5,125,1,2,-1,-1,-1
2018010106871,1,9,0,3,0,8,0,0,0,0,2,1,6,2,42,7,-1,-1,-1,7,1,7
2018010106871,2,9,0,18,0,8,0,0,0,0,1,2,6,1,26,6,1560,2,7,3,1,3
2018010106874,1,9,0,-1,-1,0,-1,-1,-1,-1,-1,-1,6,1,25,5,998,1,3,4,1,4
2018010106874,2,9,0,-1,-1,0,-1,-1,-1,-1,1,-1,6,1,-1,-1,1560,2,8,2,1,2
2018010106877,1,90,0,5,8,3,0,0,0,0,1,1,6,1,80,11,-1,-1,-1,-1,-1,-1
2018010106879,1,9,0,4,0,1,0,0,0,0,2,1,6,1,40,7,2926,2,18,3,1,3
2018010106879,2,1,0,18,0,1,0,0,0,0,1,1,4,1,22,5,-1,-1,-1,1,-1,1
2018010106880,1,5,0,-1,-1,-1,-1,-1,-1,-1,-1,1,6,1,28,6,600,1,13,6,1,6
2018010106880,2,9,0,-1,-1,-1,-1,-1,-1,-1,4,-1,6,1,51,8,-1,-1,-1,5,1,5
2018010106882,1,9,0,9,0,5,0,0,0,0,1,1,3,1,57,9,1968,2,13,5,1,5
2018010106884,1,9,0,-1,-1,0,-1,-1,-1,-1,-1,-1,6,3,42,7,1598,1,5,3,1,3
2018010106885,1,9,0,9,0,8,0,0,0,0,1,1,6,1,30,6,1984,1,9,9,1,9
2018010106885,2,9,0,18,0,8,0,0,0,0,1,1,2,2,29,6,1149,1,14,5,1,5
2018010106886,1,9,0,18,0,2,0,0,0,0,1,2,6,1,39,7,1995,1,5,4,1,4
2018010106886,2,1,0,5,0,2,0,0,0,0,2,1,2,1,26,6,-1,-1,-1,3,1,3
2018010106889,1,9,0,5,0,1,0,11,0,0,4,1,2,1,51,8,1796,1,7,3,1,3
2018010106889,2,1,0,18,2,1,0,10,0,0,3,1,6,1,32,6,-1,-1,-1,7,1,7
2018010106890,1,1,-1,-1,-1,-1,-1,-1,-1,-1,1,1,2,1,34,6,-1,-1,-1,6,1,6
2018010106890,2,9,0,-1,-1,-1,-1,-1,-1,-1,-1,-1,6,1,61,9,1584,1,12,5,1,5
2018010106894,1,9,0,18,0,0,0,0,0,0,1,1,6,1,40,7,1598,1,1,10,1,10
2018010106896,1,11,0,3,2,2,0,0,0,0,3,1,1,1,53,8,4500,2,2,4,1,4
2018010106896,2,19,0,5,0,2,0,0,0,0,4,1,6,3,-1,-1,2148,2,10,-1,-1,-1
2018010106897,1,11,0,4,2,0,0,0,0,0,0,1,1,1,34,6,4760,2,5,3,1,3
2018010106900,1,9,0,10,0,6,0,0,0,0,2,1,6,3,-1,-1,1242,1,11,-1,-1,-1
2018010106903,1,9,0,17,0,1,0,0,0,0,3,1,2,1,68,10,-1,-1,-1,1,1,1
2018010106905,1,9,0,10,0,1,0,0,0,0,3,1,6,1,30,6,1197,1,1,2,1,2
2018010106905,2,3,0,13,0,1,1,0,0,0,2,1,1,1,26,6,125,1,6,2,1,2
2018010106908,1,5,0,-1,-1,-1,-1,-1,-1,-1,-1,1,6,2,45,7,883,1,15,4,1,4
2018010106908,2,1,-1,-1,-1,-1,-1,-1,-1,-1,1,1,6,1,-1,-1,-1,-1,-1,-1,-1,-1
2018010106909,1,19,0,10,0,8,0,0,0,0,3,1,1,1,24,5,1997,2,1,1,1,1
2018010106909,2,9,0,9,0,8,0,0,0,0,1,1,6,2,38,7,1798,8,2,4,1,4
2018010106911,1,11,0,9,2,2,0,0,0,0,0,1,1,1,40,7,4500,2,7,3,1,3
2018010106911,2,5,0,18,0,2,0,0,0,0,0,1,2,2,52,8,904,1,18,2,1,2
2018010106912,1,21,0,18,0,0,0,0,0,0,1,1,1,1,51,8,4461,2,7,3,1,3
2018010106912,2,1,0,14,0,0,0,0,0,0,1,1,6,1,46,8,-1,-1,-1,-1,-1,-1
2018010106913,1,3,0,14,0,2,0,0,0,0,0,1,6,1,21,5,124,1,8,2,1,2
2018010106913,2,9,0,2,0,2,0,0,0,0,2,1,6,3,-1,-1,1364,1,8,-1,-1,-1
2018010106914,1,9,0,7,0,5,0,0,0,0,3,1,6,1,27,6,2993,2,3,3,1,3
2018010106915,1,9,0,10,0,8,0,0,0,0,1,1,6,1,36,7,1995,2,15,5,1,5
2018010106915,2,3,0,18,0,8,0,0,0,0,1,1,6,1,19,4,-1,-1,-1,2,1,2
2018010106916,1,9,0,14,0,0,0,0,0,0,4,1,6,2,56,9,1318,1,2,8,1,8
2018010106918,1,9,0,5,8,2,0,0,0,0,1,1,6,1,67,10,1796,1,15,2,1,2
2018010106923,1,9,0,18,0,0,0,0,0,0,2,1,6,3,38,7,1910,2,9,8,1,8
2018010106923,2,9,0,18,0,0,1,0,0,0,1,1,2,2,50,8,2143,2,3,9,3,9
2018010106923,3,9,0,18,0,0,0,0,0,0,1,1,6,2,54,8,1339,1,3,10,1,10
2018010106924,1,9,0,7,0,2,0,0,0,0,1,1,6,1,42,7,2993,2,6,6,1,6
2018010106924,2,1,0,18,0,1,0,0,0,0,3,1,6,1,22,5,-1,-1,-1,6,1,6
2018010106931,1,9,0,10,0,1,0,0,0,0,3,1,1,1,32,6,1995,2,1,-1,-1,-1
2018010106931,2,3,0,18,0,1,0,0,0,0,1,1,1,1,30,6,124,1,1,4,1,4
2018010106933,1,9,0,9,0,6,0,0,0,0,1,1,6,1,28,6,1997,2,11,2,1,2
2018010106939,1,5,0,9,0,8,-1,0,0,0,3,1,6,1,40,7,599,1,11,6,1,6
2018010106939,2,19,0,18,0,8,0,0,0,0,1,-1,6,1,-1,-1,-1,-1,-1,6,1,6
2018010106940,1,9,0,3,0,1,0,0,0,0,4,1,6,1,30,6,1896,2,8,2,1,2
2018010106940,2,9,0,4,0,1,0,0,0,0,1,1,6,1,28,6,4395,1,6,10,1,10
2018010106945,1,9,0,-1,0,0,0,-1,-1,-1,-1,-1,6,1,23,5,1590,1,13,2,1,2
2018010106948,1,9,0,18,0,1,0,0,1,0,2,1,1,1,33,6,1499,1,1,1,1,1
2018010106948,2,1,0,12,0,1,0,0,1,0,2,1,6,1,34,6,-1,-1,-1,3,1,3
2018010106952,1,9,0,18,0,0,0,0,0,0,1,1,6,1,40,7,2967,2,3,5,1,5
2018010106954,1,1,-1,-1,-1,-1,-1,-1,-1,-1,1,1,2,1,32,6,-1,-1,-1,5,1,5
2018010106954,2,9,0,-1,-1,-1,-1,-1,-1,-1,-1,-1,6,2,-1,-1,1496,2,3,-1,-1,-1
2018010106957,1,9,0,18,0,8,0,0,1,0,3,1,2,1,29,6,1497,8,11,2,1,2
2018010106957,2,21,0,9,0,8,0,0,0,0,1,1,1,1,31,6,4250,2,7,7,1,7
2018010106963,1,19,0,5,0,2,0,0,0,0,4,1,1,1,22,5,-1,-1,-1,6,3,6
2018010106963,2,8,0,18,0,2,0,0,1,0,3,1,1,1,59,9,1598,2,5,3,1,3
2018010106966,1,9,0,17,0,1,0,0,0,0,3,1,2,1,30,6,1398,1,2,2,1,2
2018010106966,2,9,0,7,0,6,0,0,0,0,1,1,2,1,37,7,2982,2,7,4,1,4
2018010106969,1,9,0,5,0,0,0,0,0,0,1,1,1,1,50,8,999,1,1,4,1,4
2018010106977,1,9,0,18,0,1,0,0,0,0,1,1,1,1,67,10,1781,1,15,7,1,7
2018010106977,2,9,0,18,0,2,0,0,0,0,4,1,3,2,41,7,1339,1,10,5,1,5
2018010106992,1,9,0,3,0,1,0,0,0,0,2,-1,6,2,40,7,1956,2,8,5,1,5
2018010106992,2,9,-1,18,0,1,0,0,0,0,1,-1,6,3,-1,-1,1598,1,12,-1,-1,-1
2018010106994,1,9,0,-1,-1,0,-1,-1,-1,-1,2,-1,6,2,31,6,1753,2,11,5,1,5
2018010106994,2,9,0,-1,-1,0,-1,-1,-1,-1,1,-1,6,2,-1,-1,1968,2,2,-1,-1,-1
2018010106995,1,11,0,18,0,1,0,0,0,0,0,-1,6,1,-1,-1,6700,2,9,4,1,4
2018010107001,1,9,0,-1,-1,-1,-1,-1,-1,-1,2,-1,6,1,49,8,1968,2,11,9,1,9
2018010107001,2,9,0,-1,-1,-1,-1,-1,-1,-1,1,-1,6,1,-1,-1,-1,-1,-1,-1,-1,-1
2018010107005,1,9,0,-1,-1,-1,-1,-1,-1,-1,2,-1,2,2,25,5,1364,1,13,4,1,4
2018010107006,1,19,-1,9,0,5,-1,0,0,0,3,-1,6,1,38,7,1686,2,12,-1,1,-1
2018010107006,2,3,-1,-1,0,8,-1,0,0,0,-1,1,6,1,-1,-1,125,1,11,-1,-1,-1
2018010107012,1,9,0,18,0,1,0,0,0,0,1,-1,6,2,27,6,1198,1,3,3,1,3
2018010107014,1,3,0,-1,-1,0,-1,-1,-1,-1,2,1,6,1,17,4,124,1,6,2,1,2
2018010107014,2,9,0,-1,-1,0,-1,-1,-1,-1,1,-1,6,2,53,8,1598,1,12,1,1,1
2018010107015,1,1,-1,-1,-1,-1,-1,-1,-1,-1,1,1,2,1,25,5,-1,-1,-1,2,1,2
2018010107015,2,9,0,-1,-1,-1,-1,-1,-1,-1,-1,-1,6,1,-1,-1,-1,-1,-1,-1,-1,-1
2018010107018,1,9,0,5,0,6,0,0,0,0,1,1,3,1,51,8,1364,1,1,1,1,1
2018010107018,2,1,0,18,0,8,0,0,0,0,1,1,2,1,39,7,-1,-1,-1,7,1,7
2018010107019,1,9,0,-1,-1,-1,-1,-1,-1,-1,-1,-1,2,2,25,5,1496,2,1,7,1,7
2018010107019,2,1,-1,-1,-1,-1,-1,-1,-1,-1,-1,1,6,1,-1,-1,-1,-1,-1,3,1,3
2018010107022,1,11,0,4,0,1,0,0,0,0,0,1,1,1,50,8,4760,2,5,-1,-1,-1
2018010107031,1,9,0,-1,-1,0,-1,-1,-1,-1,2,-1,6,3,37,7,1995,2,6,3,1,3
2018010107034,1,2,0,13,0,8,0,0,0,0,4,1,6,1,47,8,50,1,19,1,1,1
2018010107034,2,21,0,4,0,8,0,0,0,0,3,1,1,1,41,7,10837,2,3,5,1,5
2018010107034,3,8,0,4,0,8,0,0,0,0,0,1,1,1,61,9,2148,2,7,5,1,5
2018010107037,1,9,0,4,0,1,0,0,0,0,2,1,6,2,51,8,1198,1,4,2,1,2
2018010107037,2,1,0,9,0,8,0,0,0,0,1,1,2,1,36,7,-1,-1,-1,5,1,5
2018010107038,1,9,0,9,0,8,0,0,0,0,3,-1,6,2,28,6,1796,1,10,6,1,6
2018010107038,2,9,0,18,0,8,0,0,0,0,1,-1,6,2,-1,-1,1298,1,15,3,1,3
2018010107042,1,3,0,-1,-1,-1,-1,-1,-1,-1,1,1,6,3,-1,-1,-1,-1,-1,-1,-1,-1
2018010107043,1,9,0,2,0,2,0,4,0,0,3,1,6,3,-1,-1,1798,8,1,-1,-1,-1
2018010107043,2,1,0,18,0,2,0,4,0,0,1,1,2,1,24,5,-1,-1,-1,5,1,5
2018010107046,1,9,0,18,0,8,0,0,0,0,4,-1,6,2,39,7,1598,1,10,5,1,5
2018010107046,2,9,-1,-1,0,8,-1,-1,0,0,-1,-1,6,3,-1,-1,-1,-1,-1,-1,-1,-1
2018010107049,1,9,0,14,0,0,0,0,0,0,4,1,6,1,79,11,1596,1,16,5,1,5
2018010107050,1,11,0,9,0,3,0,0,0,0,0,1,1,2,54,8,5132,2,3,-1,-1,-1
2018010107050,2,1,0,18,4,3,0,10,7,0,0,1,6,1,23,5,-1,-1,-1,1,1,1
2018010107053,1,9,0,3,0,8,1,0,0,0,2,1,6,1,78,11,1360,1,14,6,1,6
2018010107053,2,11,0,5,0,8,0,0,0,0,1,1,1,1,61,9,4500,2,6,4,1,4
2018010107057,1,19,0,16,0,1,0,7,0,0,4,1,1,1,33,6,1560,2,1,-1,-1,-1
2018010107057,2,19,0,8,0,6,0,0,0,0,1,1,1,1,35,6,2198,2,3,2,1,2
2018010107062,1,1,-1,-1,-1,0,-1,-1,-1,-1,-1,1,6,1,19,4,-1,-1,-1,3,1,3
2018010107062,2,9,0,-1,-1,0,-1,-1,-1,-1,-1,-1,6,3,-1,-1,1898,2,16,-1,-1,-1
2018010107063,1,9,0,9,0,6,0,0,0,0,1,1,2,1,39,7,1995,2,5,4,1,4
2018010107063,2,5,0,18,0,2,0,0,0,0,3,1,2,1,36,7,689,1,2,3,1,3
2018010107066,1,1,0,18,0,-1,0,0,0,0,-1,1,6,1,28,6,-1,-1,-1,3,1,3
2018010107066,2,9,0,-1,0,-1,0,0,0,0,-1,-1,6,1,-1,-1,-1,-1,-1,-1,-1,-1
2018010107069,1,5,0,18,0,0,1,0,0,0,0,1,6,1,29,6,1200,1,17,-1,-1,-1
2018010107069,2,9,0,6,0,0,0,0,0,0,0,1,6,2,38,7,1596,1,13,7,1,7
2018010107070,1,1,-1,-1,-1,-1,-1,-1,-1,-1,-1,1,2,1,32,6,-1,-1,-1,4,1,4
2018010107070,2,20,0,-1,-1,-1,-1,-1,-1,-1,-1,-1,6,1,-1,-1,-1,-1,-1,-1,-1,-1
2018010107073,1,1,-1,-1,-1,-1,-1,-1,-1,-1,-1,1,6,1,39,7,-1,-1,-1,4,1,4
2018010107073,2,8,0,-1,-1,-1,-1,-1,-1,-1,1,-1,6,1,58,9,1797,8,5,2,1,2
2018010107074,1,1,-1,-1,-1,0,-1,-1,-1,-1,1,1,2,1,43,7,-1,-1,-1,3,1,3
2018010107074,2,8,0,-1,-1,0,-1,-1,-1,-1,-1,-1,6,1,-1,-1,2499,2,9,2,1,2
2018010107076,1,9,0,-1,-1,-1,-1,-1,-1,-1,2,-1,6,2,22,5,1595,1,13,2,1,2
2018010107077,1,19,0,18,0,0,0,0,0,0,0,1,1,1,42,7,1753,2,9,4,1,4
2018010107079,1,9,0,3,0,8,0,0,0,0,2,1,2,1,46,8,-1,-1,-1,4,1,4
2018010107079,2,3,0,14,0,8,0,0,0,0,1,1,2,1,18,4,124,1,4,4,1,4
2018010107088,1,19,0,18,0,2,0,0,0,0,1,1,1,1,38,7,2402,2,8,8,1,8
2018010107093,1,9,0,9,0,1,0,0,0,0,1,1,1,2,53,8,1242,1,10,6,1,6
2018010107093,2,1,0,18,0,1,0,0,0,0,3,1,1,1,32,6,-1,-1,-1,8,1,8
2018010107097,1,9,0,4,0,0,0,0,0,0,1,1,6,1,37,7,493,1,1,6,1,6
2018010107097,2,9,0,18,0,0,0,0,0,0,1,1,2,1,59,9,1596,1,13,-1,-1,-1
2018010107097,3,9,0,2,0,0,0,0,0,0,2,1,6,3,-1,-1,1299,1,18,-1,-1,-1
2018010107097,4,9,0,4,0,0,0,0,0,0,0,1,6,1,48,8,1968,2,3,-1,-1,-1
2018010107098,1,11,0,5,2,0,0,0,0,0,0,1,1,1,54,8,9000,2,10,5,1,5
2018010107099,1,9,0,-1,-1,-1,-1,-1,-1,-1,1,-1,2,1,64,9,1560,2,7,8,2,8
2018010107100,1,11,0,4,0,8,0,0,0,0,0,1,1,1,37,7,9360,2,6,1,1,1
2018010107101,1,9,0,1,0,0,0,0,0,0,2,1,6,1,26,6,1910,2,13,1,1,1
2018010107107,1,9,0,18,0,2,0,0,1,2,1,1,6,1,82,11,1998,2,9,-1,-1,-1
2018010107108,1,9,0,18,0,2,0,0,0,0,1,1,2,2,47,8,1968,2,8,5,1,5
2018010107108,2,9,0,1,0,2,0,0,0,0,2,1,6,1,20,4,999,1,1,4,1,4
2018010107109,1,9,0,3,0,7,0,0,0,0,2,1,6,1,49,8,1910,2,15,4,1,4
2018010107109,2,9,0,3,0,7,0,4,0,0,2,1,1,1,51,8,2143,2,2,3,1,3
2018010107109,3,19,0,3,0,7,0,4,0,0,2,1,2,1,36,7,2148,2,10,2,1,2
2018010107109,4,8,0,3,0,7,0,4,0,0,1,1,1,1,73,10,2446,2,16,4,1,4
2018010107113,1,9,0,18,0,-1,0,-1,-1,0,-1,-1,6,3,-1,-1,-1,-1,-1,-1,-1,-1
2018010107116,1,9,0,5,0,1,0,0,0,0,0,1,6,2,46,8,1781,1,14,4,1,4
2018010107116,2,1,0,18,0,1,0,0,0,0,0,1,6,1,23,5,-1,-1,-1,3,1,3
2018010107119,1,9,0,18,0,1,0,0,0,0,4,1,6,1,32,6,-1,-1,-1,9,1,9
2018010107123,1,9,0,9,0,1,0,0,0,0,1,1,6,1,28,6,1364,1,10,2,1,2
2018010107123,2,9,0,3,0,1,0,0,0,0,1,1,6,2,52,8,1598,1,11,2,1,2
2018010107125,1,9,0,-1,-1,-1,-1,-1,-1,-1,1,-1,6,2,75,10,1198,1,3,3,1,3
2018010107125,2,90,0,-1,-1,-1,-1,-1,-1,-1,1,-1,6,1,-1,-1,-1,-1,-1,-1,-1,-1
2018010107127,1,9,0,9,0,5,0,0,0,0,4,1,6,1,19,4,1590,1,13,-1,2,-1
2018010107127,2,9,0,18,2,1,0,0,0,0,1,1,6,1,27,6,1956,2,5,3,-1,3
2018010107129,1,10,0,4,-1,-1,-1,-1,-1,-1,2,-1,6,1,-1,-1,-1,-1,-1,9,1,9
2018010107129,2,9,0,18,0,-1,-1,0,0,0,1,-1,6,3,-1,-1,1968,2,6,-1,-1,-1
2018010107131,1,1,-1,-1,-1,-1,-1,-1,-1,-1,-1,1,2,1,24,5,-1,-1,-1,4,1,4
2018010107131,2,9,0,-1,-1,-1,-1,-1,-1,-1,-1,-1,6,1,60,9,1797,8,7,2,1,2
2018010107132,1,9,0,18,0,0,0,0,0,0,1,1,1,1,46,8,1998,2,3,3,1,3
2018010107133,1,9,0,-1,-1,-1,-1,-1,-1,-1,2,-1,6,2,35,6,2143,2,5,2,1,2
2018010107133,2,9,0,18,0,4,0,0,0,0,3,-1,6,3,-1,-1,1598,1,5,-1,-1,-1
2018010107135,1,9,0,-1,-1,-1,-1,-1,-1,-1,1,-1,6,2,-1,-1,1598,2,2,-1,-1,-1
2018010107136,1,19,0,18,0,8,0,0,0,0,4,1,2,1,43,7,2143,2,1,3,1,3
2018010107136,2,1,0,5,0,8,2,0,0,0,3,1,2,1,40,7,-1,-1,-1,8,1,8
2018010107137,1,5,0,18,2,1,0,0,1,0,1,1,2,1,31,6,745,1,2,-1,-1,-1
2018010107137,2,9,0,7,0,1,0,0,0,0,1,1,6,3,-1,-1,-1,-1,-1,-1,-1,-1
2018010107138,1,9,0,18,0,1,0,0,0,0,1,1,6,1,45,7,1995,2,7,1,1,1
2018010107138,2,4,0,18,0,1,0,0,0,0,1,1,6,1,32,6,124,1,2,6,1,6
2018010107139,1,9,0,5,0,1,0,0,0,0,1,1,1,1,50,8,1598,1,7,2,1,2
2018010107139,2,1,0,18,0,1,0,0,0,0,2,1,4,1,12,3,-1,-1,-1,6,1,6
2018010107141,1,9,0,10,0,8,0,0,0,0,1,1,6,1,31,6,1998,1,-1,1,1,1
2018010107141,2,1,0,18,0,8,0,0,0,0,3,1,6,1,44,7,-1,-1,-1,2,1,2
2018010107142,1,9,0,18,0,8,0,0,0,0,1,1,1,1,57,9,1798,8,6,6,1,6
2018010107142,2,1,0,18,0,1,0,0,0,0,1,1,6,1,31,6,-1,-1,-1,1,1,1
2018010107144,1,9,0,9,0,5,0,0,0,0,3,1,6,1,48,8,2261,1,10,2,1,2
2018010107144,2,4,0,13,0,8,0,0,0,0,3,1,1,1,32,6,-1,-1,-1,5,1,5
2018010107145,1,9,0,18,0,8,0,0,0,0,1,1,6,1,46,8,2488,2,12,4,1,4
2018010107145,2,9,0,3,0,8,0,0,0,0,2,1,1,1,27,6,1498,1,2,-1,-1,-1
2018010107146,1,8,0,18,0,2,0,0,0,0,1,1,1,1,52,8,1997,2,1,6,1,6
2018010107148,1,3,0,18,9,1,0,7,1,10,1,1,2,1,20,4,125,1,1,7,1,7
2018010107151,1,9,0,18,0,8,0,0,0,0,1,1,1,1,39,7,2993,2,2,-1,-1,-1
2018010107151,2,8,0,9,0,1,0,10,0,0,3,1,1,1,36,7,1797,8,4,2,1,2
2018010107157,1,8,0,18,0,5,0,0,0,0,0,1,1,1,50,8,1956,2,6,2,1,2
2018010107158,1,9,-1,-1,-1,0,-1,-1,-1,-1,-1,-1,6,3,-1,-1,-1,-1,-1,-1,-1,-1
2018010107160,1,9,0,9,0,1,0,0,0,0,2,1,6,2,29,6,1197,1,7,-1,-1,-1
2018010107160,2,9,0,18,0,1,0,0,0,0,1,1,6,1,50,8,-1,3,2,7,1,7
2018010107161,1,3,0,13,0,1,5,0,0,0,1,1,2,1,35,6,125,1,-1,7,1,7
2018010107161,2,9,0,6,0,1,0,0,0,0,3,1,6,1,47,8,1590,1,14,3,1,3
2018010107162,1,9,0,17,0,0,0,0,0,0,4,1,2,2,29,6,1598,1,10,8,1,8
2018010107164,1,1,-1,-1,-1,0,-1,-1,-1,-1,-1,1,2,1,28,6,-1,-1,-1,2,1,2
2018010107164,2,19,0,-1,-1,0,-1,-1,-1,-1,4,-1,6,1,-1,-1,2143,2,1,-1,-1,-1