Accident_Index,Vehicle_Reference,Vehicle_Type,Towing_and_Articulation,Vehicle_Manoeuvre,Vehicle_Location-Restricted_Lane,Junction_Location,Skidding_and_Overturning,Hit_Object_in_Carriageway,Vehicle_Leaving_Carriageway,Hit_Object_off_Carriageway,1st_Point_of_Impact,Was_Vehicle_Left_Hand_Drive?,Journey_Purpose_of_Driver,Sex_of_Driver,Age_of_Driver,Age_Band_of_Driver,Engine_Capacity_(CC),Propulsion_Code,Age_of_Vehicle,Driver_IMD_Decile,Driver_Home_Area_Type,Vehicle_IMD_Decile
2018010107167,1,9,0,18,0,8,0,4,0,0,1,1,6,1,40,7,2996,1,9,-1,-1,-1
2018010107167,2,9,0,2,0,1,0,0,0,0,3,1,6,3,-1,-1,4196,1,12,-1,-1,-1
2018010107167,3,9,0,2,9,1,0,0,0,0,4,1,6,3,-1,-1,1798,8,5,-1,-1,-1
2018010107167,4,9,0,2,9,1,0,0,0,0,2,1,6,3,-1,-1,1497,8,8,-1,-1,-1
2018010107167,5,9,0,2,9,1,0,0,0,0,4,1,6,3,-1,-1,998,1,4,-1,-1,-1
2018010107168,1,11,0,18,0,2,0,0,0,0,0,1,1,1,66,10,6692,2,7,2,1,2
2018010107169,1,9,0,16,0,-1,0,0,0,0,2,-1,6,2,34,6,1995,2,2,6,1,6
2018010107169,2,9,0,18,0,-1,0,0,0,0,1,-1,6,3,-1,-1,-1,-1,-1,-1,-1,-1
2018010107171,1,9,0,18,0,0,0,0,0,0,1,1,6,1,29,6,1399,2,14,2,1,2
2018010107174,1,9,0,18,0,0,0,0,0,0,1,-1,3,2,38,7,1796,1,18,-1,-1,-1
2018010107174,2,19,0,18,0,0,0,0,0,0,1,-1,6,1,33,6,2198,2,12,-1,-1,-1
2018010107175,1,9,0,10,0,8,0,0,0,0,1,1,3,1,45,7,2993,2,5,9,1,9
2018010107175,2,1,0,13,0,1,0,4,0,0,1,1,2,1,46,8,-1,-1,-1,10,1,10
2018010107179,1,19,0,5,0,4,0,0,0,0,4,1,1,1,27,6,1560,2,3,9,1,9
2018010107179,2,1,0,18,0,4,2,0,0,0,1,1,4,1,14,3,-1,-1,-1,-1,-1,-1
2018010107181,1,9,0,1,0,0,0,0,0,0,2,1,2,1,37,7,2488,2,9,7,1,7
2018010107188,1,19,-1,18,-1,-1,0,-1,-1,-1,1,-1,6,1,42,7,1499,2,1,3,1,3
2018010107188,2,1,0,18,-1,-1,-1,-1,-1,-1,1,1,6,1,-1,-1,-1,-1,-1,-1,-1,-1
2018010107197,1,9,0,-1,-1,-1,-1,-1,-1,-1,-1,-1,6,1,24,5,-1,-1,-1,8,1,8
2018010107197,2,9,0,-1,-1,-1,-1,-1,-1,-1,2,-1,6,1,-1,-1,-1,-1,-1,8,1,8
2018010107199,1,9,0,-1,-1,-1,-1,-1,-1,-1,2,1,2,2,43,7,1197,1,1,4,1,4
2018010107199,2,9,0,-1,-1,-1,-1,-1,-1,-1,1,-1,6,2,-1,-1,1461,2,3,-1,-1,-1
2018010107200,1,9,0,18,0,3,0,0,0,0,1,1,2,2,37,7,1560,2,11,8,1,8
2018010107204,1,90,0,14,0,1,0,0,0,0,1,1,6,1,28,6,-1,-1,-1,5,1,5
2018010107214,1,9,0,18,0,0,0,0,0,0,2,1,2,1,49,8,2995,1,13,2,1,2
2018010107214,2,9,0,18,0,0,0,0,0,0,1,1,6,1,19,4,1229,1,11,3,1,3
2018010107214,3,19,0,18,0,0,0,0,0,0,2,1,1,1,67,10,1753,2,5,6,1,6
2018010107214,4,9,0,18,0,0,0,0,0,0,1,1,2,1,50,8,1796,1,16,2,1,2
2018010107218,1,9,-1,-1,-1,0,-1,-1,-1,-1,-1,-1,6,1,38,7,2199,2,7,3,1,3
2018010107219,1,9,0,-1,-1,-1,-1,-1,-1,-1,-1,-1,6,3,-1,-1,-1,-1,-1,-1,-1,-1
2018010107219,2,9,0,2,0,1,0,0,0,0,-1,-1,6,3,-1,-1,-1,-1,-1,-1,-1,-1
2018010107221,1,9,-1,-1,-1,-1,-1,-1,-1,-1,-1,-1,6,1,29,6,2143,2,6,6,1,6
2018010107224,1,1,-1,-1,-1,0,-1,-1,-1,-1,1,1,2,1,33,6,-1,-1,-1,8,1,8
2018010107224,2,9,0,-1,-1,0,-1,-1,-1,-1,2,-1,6,2,-1,-1,-1,-1,-1,-1,-1,-1
2018010107236,1,1,-1,-1,-1,-1,-1,-1,-1,-1,1,1,2,1,47,8,-1,-1,-1,6,1,6
2018010107236,2,19,0,-1,-1,-1,-1,-1,-1,-1,4,-1,6,3,-1,-1,-1,-1,-1,-1,-1,-1
2018010107242,1,9,0,7,0,1,0,0,0,0,4,1,6,2,49,8,1796,1,11,1,1,1
2018010107242,2,1,0,18,4,1,0,0,1,0,3,1,2,1,31,6,-1,-1,-1,2,1,2
2018010107249,1,3,0,-1,-1,0,-1,-1,-1,-1,1,1,6,1,27,6,125,1,5,4,1,4
2018010107249,2,9,0,-1,-1,0,-1,-1,-1,-1,1,-1,6,1,-1,-1,1956,2,8,-1,-1,-1
2018010107250,1,4,0,18,0,8,0,0,0,0,1,1,6,1,48,8,124,1,9,2,1,2
2018010107257,1,9,0,18,0,0,0,0,0,0,1,1,6,3,-1,-1,-1,-1,-1,-1,-1,-1
2018010107259,1,5,0,-1,-1,0,-1,-1,-1,-1,-1,1,6,1,21,5,1130,1,17,9,3,9
2018010107259,2,9,0,-1,-1,0,-1,-1,-1,-1,2,-1,6,1,-1,-1,-1,-1,-1,-1,-1,-1
2018010107261,1,9,0,18,0,1,0,0,0,0,1,1,6,1,30,6,1984,1,16,4,1,4
2018010107264,1,9,0,5,7,0,0,4,0,0,1,1,6,1,85,11,1591,1,2,7,1,7
2018010107264,2,9,0,2,6,0,0,7,0,0,2,1,6,3,-1,-1,1598,1,11,-1,-1,-1
2018010107264,3,9,0,3,7,0,0,0,0,0,2,1,6,1,50,8,1995,2,5,8,1,8
2018010107265,1,9,0,9,0,5,0,0,0,0,1,1,1,2,37,7,1389,1,14,7,1,7
2018010107265,2,1,0,18,0,1,0,0,0,0,3,1,2,2,36,7,-1,-1,-1,6,1,6
2018010107266,1,9,0,5,0,5,0,0,0,0,1,1,2,2,29,6,1364,1,10,3,1,3
2018010107267,1,90,0,7,0,8,0,0,0,0,4,1,6,1,43,7,10677,2,3,2,1,2
2018010107267,2,1,0,18,0,8,0,0,0,0,1,1,6,2,32,6,-1,-1,-1,2,1,2
2018010107268,1,2,0,3,0,0,0,4,0,0,4,1,1,1,36,7,124,1,4,3,1,3
2018010107268,2,9,0,1,0,0,0,0,0,0,2,1,6,3,-1,-1,1595,1,12,-1,-1,-1
2018010107270,1,9,0,18,0,0,0,4,0,0,1,1,6,1,41,7,1995,1,11,7,1,7
2018010107270,2,19,0,2,0,0,0,4,0,0,3,1,6,3,-1,-1,2198,2,5,-1,-1,-1
2018010107272,1,9,0,18,0,1,0,0,0,0,1,1,1,2,56,9,1498,1,13,3,1,3
2018010107272,2,9,0,9,0,1,0,0,0,0,1,1,1,2,61,9,1242,1,1,4,1,4
2018010107273,1,11,0,4,2,1,0,0,0,0,0,1,1,1,58,9,9360,2,9,5,1,5
2018010107274,1,9,0,18,0,-1,-1,-1,-1,-1,1,-1,6,1,-1,-1,1968,2,4,-1,-1,-1
2018010107282,1,8,0,6,0,1,0,0,0,0,3,1,1,1,62,9,2402,2,14,9,1,9
2018010107291,1,11,0,4,2,0,0,0,0,0,0,1,6,2,32,6,9360,2,7,3,1,3
2018010107296,1,8,0,-1,-1,-1,-1,-1,-1,-1,2,-1,6,3,-1,-1,-1,-1,-1,-1,-1,-1
2018010107298,1,9,0,18,0,1,0,4,0,0,1,1,6,1,80,11,1598,1,2,6,1,6
2018010107298,2,9,0,2,0,1,0,0,0,0,1,1,6,3,-1,-1,2967,2,5,-1,-1,-1
2018010107299,1,5,0,14,0,8,5,0,1,0,4,1,6,1,62,9,1170,1,1,4,1,4
2018010107299,2,9,0,18,0,5,0,0,0,0,1,1,6,2,30,6,-1,3,1,2,1,2
2018010107300,1,1,0,18,0,8,0,0,0,0,-1,1,4,1,8,2,-1,-1,-1,5,1,5
2018010107300,2,9,0,18,0,8,0,0,0,0,1,-1,6,2,30,6,1390,1,14,4,1,4
2018010107304,1,19,0,10,0,2,0,0,0,0,1,1,1,1,25,5,6700,2,2,8,1,8
2018010107306,1,9,0,8,0,1,0,0,0,0,1,1,6,1,24,5,1229,1,10,2,1,2
2018010107306,2,1,0,18,0,1,0,0,7,0,1,1,6,2,31,6,-1,-1,-1,3,1,3
2018010107307,1,9,0,-1,-1,-1,-1,-1,-1,-1,4,-1,6,2,42,7,1587,1,14,2,1,2
2018010107307,2,9,0,-1,-1,-1,-1,-1,-1,-1,1,-1,6,1,-1,-1,2497,1,10,1,1,1
2018010107312,1,9,0,-1,-1,-1,-1,-1,-1,-1,-1,-1,6,1,43,7,1794,1,9,2,1,2
2018010107312,2,9,0,-1,-1,-1,-1,-1,-1,-1,2,-1,6,1,-1,-1,-1,-1,-1,2,1,2
2018010107314,1,5,0,18,0,8,5,0,0,0,1,1,2,1,23,5,689,1,1,6,1,6
2018010107314,2,9,3,9,0,8,0,0,0,0,4,1,6,1,55,8,1951,2,14,3,1,3
2018010107315,1,4,0,9,0,8,0,0,0,0,1,1,2,1,22,5,124,1,2,4,1,4
2018010107315,2,9,0,18,0,8,0,0,0,0,1,1,1,1,32,6,1997,2,5,2,1,2
2018010107328,1,9,0,-1,-1,-1,-1,-1,-1,-1,1,-1,6,3,-1,-1,-1,-1,-1,-1,-1,-1
2018010107332,1,9,0,7,0,6,0,0,0,0,1,1,6,1,32,6,1399,1,-1,4,1,4
2018010107332,2,9,0,18,0,1,0,0,0,0,1,1,6,1,32,6,1995,2,6,3,1,3
2018010107334,1,19,0,-1,-1,0,-1,-1,-1,-1,2,-1,2,1,33,6,1560,2,3,8,1,8
2018010107336,1,9,0,5,0,8,0,0,3,0,4,1,2,1,49,8,2993,2,4,4,1,4
2018010107336,2,1,0,4,0,1,0,0,0,0,1,1,2,1,26,6,-1,-1,-1,4,1,4
2018010107337,1,9,0,18,0,5,0,0,0,0,4,1,6,2,47,8,1591,1,6,4,1,4
2018010107338,1,9,0,-1,-1,0,-1,-1,-1,-1,2,-1,2,2,26,6,998,1,11,7,1,7
2018010107338,2,9,0,-1,-1,0,-1,-1,-1,-1,1,-1,6,2,-1,-1,-1,-1,-1,-1,-1,-1
2018010107343,1,9,0,18,0,1,0,4,0,0,1,1,6,1,67,10,1197,1,5,3,-1,3
2018010107343,2,9,0,2,0,1,0,0,0,0,1,1,6,3,-1,-1,1769,1,12,-1,-1,-1
2018010107348,1,4,0,18,0,1,0,8,0,0,1,1,6,1,17,4,124,1,8,2,1,2
2018010107348,2,9,0,18,0,1,0,0,0,0,0,2,6,1,40,7,698,1,15,4,1,4
2018010107356,1,9,0,4,0,0,0,0,0,0,2,1,6,2,38,7,1999,2,3,5,1,5
2018010107356,2,19,0,4,0,0,0,0,0,0,2,1,2,1,38,7,1560,2,1,3,1,3
2018010107356,3,19,0,4,0,0,0,0,0,0,1,1,2,1,25,5,1560,2,5,3,3,3
2018010107360,1,3,0,18,0,1,0,0,0,0,1,1,6,1,24,5,125,1,12,6,1,6
2018010107360,2,9,0,18,0,1,0,0,0,0,2,1,6,1,28,6,1910,2,12,7,1,7
2018010107361,1,9,0,5,0,1,0,0,0,0,3,1,6,2,26,6,2143,2,4,6,1,6
2018010107361,2,1,0,18,0,1,0,0,0,0,1,1,2,1,34,6,-1,-1,-1,3,1,3
2018010107362,1,3,0,18,0,1,0,0,0,0,1,1,6,3,-1,-1,278,1,3,-1,-1,-1
2018010107363,1,11,0,4,0,0,0,0,0,0,0,1,6,1,47,8,6700,2,9,-1,-1,-1
2018010107364,1,9,0,11,0,7,1,11,0,0,1,1,6,1,18,4,1461,2,4,1,1,1
2018010107366,1,5,0,4,0,0,0,0,0,0,1,1,2,1,25,5,883,1,13,1,1,1
2018010107366,2,9,0,3,0,0,0,0,0,0,2,1,1,1,60,9,1968,2,5,4,1,4
2018010107367,1,3,0,5,0,0,0,0,0,0,1,1,6,1,38,7,125,1,10,7,1,7
2018010107370,1,19,0,18,0,0,0,0,0,0,1,1,6,1,35,6,1997,2,-1,4,1,4
2018010107370,2,1,0,9,0,0,0,0,0,0,2,1,6,1,11,3,-1,-1,-1,6,1,6
2018010107373,1,3,0,18,0,2,2,0,0,0,1,1,6,1,21,5,125,1,-1,3,1,3
2018010107374,1,9,0,9,0,7,0,0,0,0,1,1,6,1,43,7,1781,1,16,4,1,4
2018010107374,2,1,0,18,0,1,0,4,0,0,1,1,2,1,51,8,-1,-1,-1,2,1,2
2018010107376,1,19,0,7,0,1,0,0,0,0,4,1,1,1,51,8,1598,2,3,6,1,6
2018010107376,2,1,0,18,0,1,0,0,0,0,1,1,6,2,25,5,-1,-1,-1,3,1,3
2018010107382,1,9,0,-1,-1,-1,-1,-1,-1,-1,1,-1,6,1,46,8,1797,8,7,1,1,1
2018010107383,1,5,0,-1,-1,-1,-1,-1,-1,-1,0,1,2,1,49,8,998,1,-1,8,1,8
2018010107383,2,9,0,-1,-1,-1,-1,-1,-1,-1,-1,-1,6,2,-1,-1,1390,1,13,-1,-1,-1
2018010107387,1,11,0,4,0,2,0,0,0,0,4,1,1,1,35,6,6700,2,9,3,1,3
2018010107389,1,9,0,5,0,0,0,0,0,0,1,1,2,2,44,7,1339,1,12,1,1,1
2018010107389,2,3,0,16,9,0,0,0,0,0,1,1,6,1,18,4,-1,-1,-1,2,1,2
2018010107390,1,9,0,-1,-1,0,-1,-1,-1,-1,2,-1,6,2,38,7,1390,1,15,5,1,5
2018010107390,2,19,-1,-1,-1,0,-1,-1,-1,-1,2,-1,6,1,-1,-1,2402,2,13,-1,-1,-1
2018010107393,1,1,-1,-1,-1,0,-1,-1,-1,-1,-1,1,2,1,38,7,-1,-1,-1,5,1,5
2018010107393,2,9,0,-1,-1,0,-1,-1,-1,-1,4,-1,6,3,-1,-1,1968,2,9,-1,-1,-1
2018010107395,1,8,0,18,0,0,0,0,0,0,4,1,1,1,52,8,2402,2,13,9,1,9
2018010107397,1,9,0,18,0,2,0,0,0,0,3,1,6,2,32,6,1395,1,1,2,1,2
2018010107397,2,9,0,7,0,6,0,0,0,0,1,1,6,1,46,8,1590,1,20,3,1,3
2018010107399,1,3,0,14,0,0,0,0,0,0,4,1,1,1,20,4,108,1,-1,2,1,2
2018010107399,2,9,0,7,0,0,0,0,0,0,1,1,6,3,-1,-1,1364,1,3,-1,-1,-1
2018010107400,1,9,0,18,0,1,0,0,0,0,1,1,6,1,22,5,2494,1,14,1,1,1
2018010107400,2,9,0,18,0,1,0,0,0,0,0,1,6,1,28,6,2993,2,1,-1,-1,-1
2018010107400,3,9,0,2,0,1,0,0,0,0,3,1,6,3,-1,-1,2143,2,3,-1,-1,-1
2018010107400,4,9,0,2,0,1,0,1,0,0,2,1,6,3,-1,-1,1242,1,4,-1,-1,-1
2018010107400,5,9,0,2,0,1,0,0,0,0,3,1,6,3,-1,-1,1988,1,17,-1,-1,-1
2018010107400,6,1,0,18,0,1,0,4,0,0,2,1,6,1,18,4,-1,-1,-1,1,1,1
2018010107401,1,3,0,18,0,1,0,0,0,0,1,1,1,1,27,6,125,1,-1,2,1,2
2018010107401,2,9,0,9,0,1,0,0,0,0,1,1,6,1,31,6,-1,-1,-1,3,1,3
2018010107403,1,9,0,6,0,0,0,4,0,0,1,1,6,1,27,6,1598,1,11,2,1,2
2018010107403,2,9,0,2,0,0,0,0,2,10,1,1,6,3,-1,-1,1560,2,4,-1,-1,-1
2018010107403,3,9,0,2,0,0,0,0,0,0,2,1,6,3,-1,-1,2000,1,14,-1,-1,-1
2018010107403,4,9,0,2,0,0,0,0,0,0,3,1,6,3,-1,-1,1399,1,1,-1,-1,-1
2018010107403,5,9,0,2,0,0,0,0,0,0,4,1,6,3,-1,-1,-1,-1,-1,-1,-1,-1
2018010107403,6,9,0,2,0,0,0,0,0,0,3,1,6,3,-1,-1,1364,1,13,-1,-1,-1
2018010107403,7,9,0,2,0,0,0,0,0,0,3,1,6,3,-1,-1,4395,1,-1,-1,-1,-1
2018010107403,8,9,0,2,0,0,0,0,0,0,3,1,6,3,-1,-1,2179,2,4,-1,-1,-1
2018010107403,9,9,0,2,0,0,0,0,0,0,3,1,6,3,-1,-1,1796,1,13,-1,-1,-1
2018010107404,1,9,0,18,0,0,1,0,1,2,3,1,6,1,36,7,1461,2,4,5,1,5
2018010107404,2,9,0,18,0,0,0,0,0,0,1,1,6,3,-1,-1,-1,-1,-1,-1,-1,-1
2018010107405,1,19,0,18,0,2,0,0,0,0,1,1,2,1,24,5,1560,2,3,3,1,3
2018010107406,1,9,0,1,0,0,0,0,0,0,2,1,2,2,44,7,1995,2,1,4,1,4
2018010107407,1,9,0,3,0,2,0,0,0,0,2,1,6,2,31,6,1395,8,1,5,1,5
2018010107407,2,8,0,3,0,8,0,0,0,0,1,1,1,1,38,7,1956,2,7,6,1,6
2018010107407,3,9,0,1,0,8,0,0,0,0,1,1,6,1,28,6,1968,2,11,2,1,2
2018010107408,1,9,0,18,0,0,0,0,0,0,1,1,6,3,-1,-1,-1,-1,-1,-1,-1,-1
2018010107410,1,9,0,7,0,1,0,0,0,0,1,1,6,1,26,6,1984,1,11,4,1,4
2018010107410,2,9,0,7,0,1,0,0,0,0,2,1,6,1,19,4,1390,1,3,4,1,4
2018010107410,3,9,0,10,0,1,0,0,0,0,4,1,6,1,42,7,1797,8,7,6,1,6
2018010107410,4,9,0,8,0,1,0,0,0,0,2,1,6,1,31,6,2171,1,17,5,1,5
2018010107411,1,9,0,7,0,8,1,7,0,0,3,1,6,1,51,8,1991,1,17,5,1,5
2018010107414,1,8,0,18,0,1,0,0,0,0,1,1,6,1,31,6,1798,8,3,2,1,2
2018010107414,2,9,0,18,0,1,0,0,0,0,1,1,6,1,21,5,-1,-1,-1,3,1,3
2018010107416,1,9,0,-1,-1,-1,-1,-1,-1,-1,-1,-1,6,2,37,7,1998,8,3,5,1,5
2018010107416,2,9,0,-1,-1,-1,-1,-1,-1,-1,-1,-1,6,2,-1,-1,1587,1,12,1,1,1
2018010107418,1,9,0,17,9,1,1,0,1,0,3,1,2,1,47,8,-1,-1,-1,3,1,3
2018010107418,2,9,0,16,0,1,1,0,2,10,1,1,6,1,23,5,1997,2,5,2,1,2
2018010107420,1,9,0,-1,-1,0,-1,-1,-1,-1,-1,-1,6,2,35,6,1364,1,-1,4,1,4
2018010107420,2,90,0,-1,-1,0,-1,-1,-1,-1,-1,-1,6,3,-1,-1,-1,-1,-1,-1,-1,-1
2018010107426,1,9,0,18,0,1,0,0,0,0,4,1,6,2,80,11,2597,1,18,6,1,6
2018010107426,2,1,0,18,9,1,0,0,0,0,1,1,6,2,12,3,-1,-1,-1,8,1,8
2018010107427,1,1,-1,-1,-1,-1,-1,-1,-1,-1,-1,1,2,2,26,6,-1,-1,-1,3,1,3
2018010107427,2,9,0,-1,-1,-1,-1,-1,-1,-1,1,-1,6,2,24,5,999,1,2,2,1,2
2018010107431,1,5,0,-1,-1,-1,-1,-1,-1,-1,-1,1,6,1,32,6,675,1,11,6,1,6
2018010107431,2,9,0,-1,-1,-1,-1,-1,-1,-1,1,-1,6,2,28,6,1360,1,12,5,1,5
2018010107434,1,2,-1,-1,-1,-1,-1,-1,-1,-1,-1,1,6,3,-1,-1,-1,-1,-1,-1,-1,-1
2018010107435,1,11,0,18,0,8,0,0,0,0,3,1,1,2,45,7,5132,2,1,2,1,2
2018010107435,2,9,0,9,0,2,0,0,0,0,1,1,6,1,30,6,2480,1,3,6,1,6
2018010107436,1,9,0,3,0,1,0,0,0,0,2,1,6,1,49,8,1364,1,3,3,1,3
2018010107436,2,19,0,3,0,1,0,0,0,0,1,1,6,1,58,9,1997,2,1,6,1,6
2018010107440,1,9,0,14,0,2,0,0,0,0,0,1,2,1,57,9,1998,1,16,1,1,1
2018010107440,2,4,0,13,0,8,2,0,0,0,0,1,6,1,41,7,125,1,2,1,1,1
2018010107443,1,1,-1,-1,-1,-1,-1,-1,-1,-1,0,1,2,2,23,5,-1,-1,-1,6,1,6
2018010107445,1,9,0,18,0,0,0,0,1,7,1,1,6,1,55,8,1498,1,1,4,1,4
2018010107445,2,19,0,18,0,0,0,11,1,0,1,1,1,1,37,7,1995,2,-1,9,1,9
2018010107446,1,9,0,9,0,6,0,0,0,0,1,1,6,1,33,6,1998,1,14,3,1,3
2018010107446,2,3,0,13,0,8,0,0,0,0,1,1,6,2,34,6,-1,-1,-1,2,1,2
2018010107447,1,9,0,5,0,4,0,0,0,0,1,1,6,2,52,8,1796,1,9,4,1,4
2018010107447,2,1,0,9,0,3,0,0,0,0,1,1,6,1,41,7,-1,-1,-1,5,1,5
2018010107449,1,1,-1,-1,-1,-1,-1,-1,-1,-1,-1,1,2,1,30,6,-1,-1,-1,2,1,2
2018010107449,2,9,0,-1,-1,-1,-1,-1,-1,-1,-1,-1,6,1,-1,-1,1197,1,2,2,1,2
2018010107452,1,9,-1,-1,-1,-1,-1,-1,-1,-1,-1,-1,6,2,27,6,1200,1,3,2,1,2
2018010107452,2,9,0,9,0,8,5,0,0,0,1,-1,6,2,23,5,1596,1,12,9,1,9
2018010107453,1,9,0,4,0,6,0,0,0,0,2,1,6,2,30,6,1242,1,3,-1,-1,-1
2018010107453,2,9,0,3,0,3,0,0,0,0,1,1,6,1,74,10,1197,1,2,5,1,5
2018010107454,1,11,0,4,0,1,0,0,0,0,0,1,1,1,53,8,4760,2,7,-1,-1,-1
2018010107457,1,1,0,18,0,1,0,4,0,0,1,1,2,1,38,7,-1,-1,-1,8,1,8
2018010107457,2,9,0,3,0,1,0,0,0,0,4,1,6,2,21,5,1229,1,11,2,1,2
2018010107460,1,9,0,-1,-1,0,-1,-1,-1,-1,1,-1,6,1,-1,-1,1364,1,9,2,1,2
2018010107462,1,3,0,18,0,0,1,0,0,0,1,1,1,1,21,5,-1,-1,-1,6,1,6
2018010107462,2,9,0,6,0,0,0,0,0,0,3,1,6,1,25,5,1995,1,11,6,3,6
2018010107463,1,3,0,18,0,8,0,0,0,0,1,1,1,1,25,5,125,1,2,2,1,2
2018010107463,2,8,0,9,0,8,0,0,0,0,4,2,1,1,71,10,2499,2,4,9,1,9
2018010107465,1,9,0,18,0,1,0,0,0,0,1,1,6,1,60,9,1997,2,6,5,1,5
2018010107465,2,3,0,13,0,2,1,0,0,0,1,1,1,1,30,6,125,1,1,2,1,2
2018010107471,1,9,0,-1,-1,0,-1,-1,-1,-1,-1,-1,6,1,78,11,1086,1,12,2,1,2
2018010107471,2,11,0,-1,-1,0,-1,-1,-1,-1,1,-1,6,1,-1,-1,8268,2,15,2,1,2
2018010107472,1,9,0,18,0,1,0,0,0,0,2,1,2,1,34,6,1997,2,10,5,1,5
2018010107473,1,9,0,18,0,4,1,0,0,0,1,1,6,1,41,7,2967,2,7,-1,-1,-1
2018010107473,2,19,0,9,0,4,0,0,0,0,3,1,1,2,31,6,2299,2,3,2,1,2
2018010107480,1,3,0,15,0,5,1,0,0,0,3,1,1,1,27,6,125,1,4,1,1,1
2018010107480,2,9,0,7,0,5,0,0,0,0,1,1,6,2,37,7,1395,8,3,4,1,4
2018010107483,1,11,0,9,0,8,0,0,0,0,0,1,1,1,42,7,6700,2,3,6,1,6
2018010107484,1,8,0,18,0,1,-1,0,0,0,3,-1,6,1,33,6,1798,8,3,3,1,3
2018010107484,2,9,0,11,0,1,0,-1,0,0,4,-1,6,2,-1,-1,1368,1,10,-1,-1,-1
2018010107486,1,9,0,-1,-1,-1,-1,-1,-1,-1,1,-1,6,2,-1,-1,-1,-1,-1,-1,-1,-1
2018010107489,1,19,0,18,0,1,0,0,0,0,0,2,6,1,40,7,-1,-1,-1,-1,-1,-1
2018010107491,1,9,0,9,0,1,0,0,0,0,1,1,6,2,37,7,2993,2,6,3,1,3
2018010107491,2,9,0,18,0,1,0,0,0,0,1,1,6,2,55,8,1390,1,12,3,1,3
2018010107493,1,9,0,18,0,1,0,0,0,0,4,1,6,1,18,4,1598,1,11,6,1,6
2018010107493,2,1,0,18,0,1,0,0,0,0,1,1,6,1,30,6,-1,-1,-1,3,1,3
2018010107495,1,9,0,5,0,1,0,0,0,0,3,1,6,1,22,5,898,1,2,2,1,2
2018010107495,2,9,0,5,0,1,0,0,0,0,1,1,6,1,18,4,1242,1,6,7,3,7
2018010107497,1,9,0,-1,-1,-1,-1,-1,-1,-1,4,-1,6,2,44,7,1240,1,12,4,1,4
2018010107497,2,9,0,-1,-1,-1,-1,-1,-1,-1,1,-1,6,2,-1,-1,1598,1,17,5,1,5
2018010107498,1,9,0,3,0,0,0,0,0,0,2,1,6,1,46,8,1390,1,11,2,1,2
2018010107498,2,9,0,4,0,0,0,0,0,0,1,1,6,1,26,6,1499,1,2,3,1,3
2018010107501,1,9,0,3,0,8,0,0,0,0,2,1,6,1,55,8,2987,2,8,5,1,5
2018010107501,2,9,0,5,0,8,0,0,0,0,1,1,6,2,51,8,2995,7,15,1,1,1
2018010107505,1,9,0,18,0,6,0,0,1,1,3,1,6,1,49,8,1997,2,-1,2,1,2
2018010107505,2,9,0,18,0,1,0,0,0,0,1,1,6,2,37,7,2143,2,1,9,1,9
2018010107506,1,9,0,18,0,8,0,0,0,0,4,1,6,1,41,7,1794,1,9,2,1,2
2018010107506,2,9,0,18,0,1,1,0,0,0,1,1,6,1,17,4,1596,1,16,4,1,4
2018010107508,1,4,0,15,3,2,1,10,1,10,0,1,1,1,22,5,-1,-1,-1,6,1,6
2018010107512,1,11,0,5,2,1,0,0,0,0,0,1,1,1,-1,-1,6700,2,7,2,1,2
2018010107514,1,9,0,5,0,0,0,0,0,0,3,1,6,1,36,7,1968,2,-1,4,1,4
2018010107514,2,3,0,18,0,0,1,0,0,0,1,1,1,1,18,4,108,1,3,1,1,1
2018010107516,1,2,0,13,0,1,0,0,0,0,1,1,6,3,-1,-1,-1,-1,-1,-1,-1,-1
2018010107517,1,11,5,4,0,0,0,0,0,0,0,1,1,1,39,7,5132,2,1,7,1,7
2018010107518,1,4,0,3,9,1,0,0,0,0,1,1,1,1,55,8,125,1,1,2,1,2
2018010107518,2,9,0,3,0,1,0,0,0,0,2,1,6,1,63,9,1360,1,18,-1,-1,-1
2018010107520,1,3,-1,-1,-1,-1,-1,-1,-1,-1,-1,1,6,3,-1,-1,108,1,3,-1,-1,-1
2018010107522,1,9,0,18,0,0,0,0,7,2,1,2,6,2,53,8,1396,1,15,5,1,5
2018010107523,1,3,0,18,0,8,0,0,0,0,0,1,2,1,44,7,125,1,8,3,1,3
2018010107523,2,19,0,9,0,6,0,0,0,0,0,1,1,1,29,6,2198,2,6,5,1,5
2018010107524,1,9,0,18,0,6,0,0,0,0,1,1,6,1,47,8,1991,2,7,5,1,5
2018010107524,2,9,0,18,0,1,0,0,0,0,4,1,6,1,52,8,1995,2,15,-1,-1,-1
2018010107528,1,9,0,5,0,8,0,0,0,0,1,1,6,2,29,6,1390,1,8,3,1,3
2018010107528,2,9,0,18,0,2,0,4,1,0,1,1,6,1,29,6,1984,1,9,4,1,4
2018010107528,3,9,0,2,0,1,0,0,0,0,2,1,6,3,-1,-1,-1,-1,-1,-1,-1,-1
2018010107528,4,9,0,2,0,1,0,0,0,0,1,1,6,3,-1,-1,-1,-1,-1,-1,-1,-1
2018010107528,5,9,0,2,0,1,0,0,0,0,2,1,6,3,-1,-1,1896,2,10,-1,-1,-1
2018010107528,6,9,0,2,0,1,0,0,0,0,2,1,6,3,-1,-1,1240,1,8,-1,-1,-1
2018010107528,7,9,0,2,0,1,0,0,0,0,2,1,6,3,-1,-1,2998,1,2,-1,-1,-1
2018010107529,1,9,0,18,0,0,1,0,0,0,1,1,6,1,30,6,998,1,15,4,1,4
2018010107530,1,3,0,18,0,1,0,0,0,0,2,1,1,1,25,5,124,1,8,3,1,3
2018010107531,1,9,0,18,7,2,0,0,0,0,1,1,6,3,-1,-1,-1,-1,-1,-1,-1,-1