Accident_Index,Vehicle_Reference,Vehicle_Type,Towing_and_Articulation,Vehicle_Manoeuvre,Vehicle_Location-Restricted_Lane,Junction_Location,Skidding_and_Overturning,Hit_Object_in_Carriageway,Vehicle_Leaving_Carriageway,Hit_Object_off_Carriageway,1st_Point_of_Impact,Was_Vehicle_Left_Hand_Drive?,Journey_Purpose_of_Driver,Sex_of_Driver,Age_of_Driver,Age_Band_of_Driver,Engine_Capacity_(CC),Propulsion_Code,Age_of_Vehicle,Driver_IMD_Decile,Driver_Home_Area_Type,Vehicle_IMD_Decile
2018010107997,1,1,-1,-1,-1,-1,-1,-1,-1,-1,-1,1,2,1,43,7,-1,-1,-1,2,1,2
2018010107997,2,19,0,-1,-1,-1,-1,-1,-1,-1,-1,-1,6,1,-1,-1,-1,-1,-1,5,1,5
2018010107998,1,3,0,9,0,2,0,0,0,0,2,1,6,1,27,6,124,1,3,2,1,2
2018010107998,2,9,0,9,0,2,0,0,0,0,1,2,6,2,43,7,1368,1,9,6,1,6
2018010107999,1,9,-1,6,0,1,0,-1,0,0,2,-1,6,3,-1,-1,1968,2,3,-1,-1,-1
2018010108004,1,9,0,-1,-1,-1,-1,-1,-1,-1,-1,-1,6,1,44,7,1580,8,1,7,1,7
2018010108004,2,9,-1,-1,-1,-1,-1,-1,-1,-1,-1,-1,6,3,-1,-1,-1,-1,-1,-1,-1,-1
2018010108008,1,8,0,9,0,1,0,0,0,0,4,1,6,1,53,8,1997,2,7,2,1,2
2018010108008,2,3,0,18,0,1,1,0,0,0,3,1,1,1,33,6,125,1,1,2,1,2
2018010108022,1,9,-1,3,0,0,0,0,0,0,-1,-1,6,2,39,7,1896,2,14,4,1,4
2018010108022,2,9,0,18,0,0,0,0,0,0,2,-1,6,3,-1,-1,2143,2,-1,-1,-1,-1
2018010108023,1,9,0,-1,-1,-1,-1,-1,-1,-1,2,-1,2,1,38,7,1596,1,19,3,1,3
2018010108023,2,9,0,-1,-1,-1,-1,-1,-1,-1,-1,-1,6,1,-1,-1,-1,-1,-1,-1,-1,-1
2018010108024,1,1,0,5,0,8,0,0,0,0,1,1,2,1,28,6,-1,-1,-1,4,1,4
2018010108024,2,1,0,17,0,8,0,0,0,0,2,1,2,1,41,7,-1,-1,-1,-1,-1,-1
2018010108027,1,1,-1,-1,-1,-1,-1,-1,-1,-1,1,1,6,3,-1,-1,-1,-1,-1,-1,-1,-1
2018010108034,1,19,0,18,0,8,0,0,0,0,1,1,1,1,56,9,10677,2,-1,7,1,7
2018010108034,2,1,0,18,0,8,5,0,0,0,2,1,2,2,27,6,-1,-1,-1,2,1,2
2018010108035,1,8,0,-1,0,2,0,0,0,0,1,-1,6,3,57,9,2143,2,4,5,1,5
2018010108035,2,1,0,12,0,2,0,0,0,0,2,1,2,1,23,5,-1,-1,-1,5,1,5
2018010108045,1,9,0,16,0,1,0,0,0,0,1,1,2,2,35,6,1995,1,8,4,1,4
2018010108045,2,9,0,17,0,1,0,0,0,0,1,1,2,1,29,6,1896,2,12,2,1,2
2018010108047,1,21,1,7,0,8,0,0,0,0,3,1,1,1,29,6,10837,2,2,3,1,3
2018010108047,2,1,0,5,0,2,0,0,0,0,2,1,1,2,36,7,-1,-1,-1,7,1,7
2018010108051,1,1,-1,-1,-1,-1,-1,-1,-1,-1,-1,1,2,1,41,7,-1,-1,-1,8,1,8
2018010108051,2,9,0,-1,-1,-1,-1,-1,-1,-1,-1,-1,6,1,-1,-1,-1,-1,-1,-1,-1,-1
2018010108059,1,5,0,18,0,0,0,0,0,0,0,1,1,1,47,8,-1,-1,-1,8,3,8
2018010108059,2,9,0,6,0,0,0,0,0,0,0,1,1,1,47,8,-1,-1,-1,2,1,2
2018010108062,1,9,0,-1,-1,0,-1,-1,-1,-1,1,-1,6,1,28,6,1968,2,11,2,1,2
2018010108062,2,9,0,-1,-1,0,-1,-1,-1,-1,2,-1,6,1,-1,-1,1968,2,7,-1,-1,-1
2018010108062,3,9,0,-1,-1,0,-1,-1,-1,-1,2,-1,6,1,-1,-1,1797,8,8,2,1,2
2018010108063,1,9,0,4,0,1,0,1,0,0,1,1,2,1,23,5,1596,1,12,3,1,3
2018010108063,2,9,0,4,0,1,0,0,0,0,1,1,2,1,48,8,1199,1,14,3,1,3
2018010108063,3,8,0,4,0,1,0,0,0,0,2,1,1,1,43,7,1364,1,5,2,1,2
2018010108068,1,11,0,18,0,6,0,0,0,0,1,1,1,1,29,6,4461,2,4,4,1,4
2018010108070,1,9,0,10,0,1,0,0,0,0,2,2,6,2,29,6,1995,2,13,-1,-1,-1
2018010108070,2,20,0,18,0,1,0,0,0,0,1,2,6,1,31,6,7790,2,6,-1,-1,-1
2018010108074,1,5,0,18,0,0,2,0,0,0,3,1,2,1,51,8,1157,1,19,-1,-1,-1
2018010108074,2,9,0,11,0,0,0,0,0,0,4,1,6,2,30,6,-1,-1,-1,3,3,3
2018010108078,1,1,0,14,0,0,0,4,0,0,1,1,6,1,32,6,-1,-1,-1,2,1,2
2018010108078,2,11,0,18,0,0,0,0,0,0,1,1,1,1,-1,-1,9360,2,7,6,1,6
2018010108082,1,90,0,13,0,8,0,0,0,0,1,1,6,3,-1,-1,-1,-1,-1,-1,-1,-1
2018010108082,2,5,0,18,0,8,1,10,0,0,2,1,6,1,51,8,599,1,16,5,1,5
2018010108086,1,9,-1,-1,-1,0,-1,-1,-1,-1,-1,-1,6,1,38,7,1900,2,13,1,1,1
2018010108086,2,9,-1,-1,-1,0,-1,-1,-1,-1,-1,-1,6,3,-1,-1,1596,1,12,-1,-1,-1
2018010108087,1,9,0,-1,-1,0,-1,-1,-1,-1,2,-1,2,2,44,7,1399,1,10,3,1,3
2018010108087,2,9,0,-1,-1,0,-1,-1,-1,-1,1,-1,6,3,-1,-1,1598,1,15,1,1,1
2018010108088,1,9,0,18,0,0,0,0,0,0,3,1,2,2,37,7,999,1,9,7,1,7
2018010108091,1,9,0,5,0,2,0,0,0,0,1,1,6,1,40,7,1198,1,7,1,1,1
2018010108092,1,11,0,18,0,1,0,0,0,0,4,1,1,1,41,7,4500,2,2,1,1,1
2018010108092,2,1,0,12,0,1,0,0,0,0,3,1,6,1,26,6,-1,-1,-1,3,1,3
2018010108095,1,9,0,3,0,2,0,0,0,0,2,1,6,1,47,8,2143,2,3,3,1,3
2018010108095,2,11,0,18,0,2,0,0,0,0,1,1,1,2,44,7,9000,2,8,5,1,5
2018010108097,1,1,-1,9,-1,3,-1,-1,-1,-1,-1,1,6,2,23,5,-1,-1,-1,2,1,2
2018010108100,1,1,0,15,0,0,0,0,0,0,1,1,6,2,31,6,-1,-1,-1,-1,-1,-1
2018010108100,2,9,0,3,0,0,0,0,0,0,4,1,3,2,32,6,1461,2,2,6,1,6
2018010108101,1,11,0,4,0,1,0,0,0,0,0,1,1,2,43,7,9000,2,9,4,1,4
2018010108101,2,9,0,11,0,1,0,0,0,0,0,1,6,3,-1,-1,-1,-1,-1,-1,-1,-1
2018010108109,1,19,0,18,0,2,0,0,0,0,4,1,1,1,36,7,2198,2,4,2,1,2
2018010108111,1,9,0,-1,-1,-1,-1,-1,-1,-1,1,-1,6,3,-1,-1,-1,-1,-1,-1,-1,-1
2018010108112,1,3,0,18,0,0,0,0,0,0,3,1,6,1,36,7,125,1,-1,1,1,1
2018010108114,1,9,0,9,0,8,2,0,0,0,1,1,1,1,40,7,1398,1,6,2,1,2
2018010108114,2,9,0,18,0,8,1,7,1,7,1,1,6,1,18,4,1229,1,9,5,1,5
2018010108115,1,19,0,14,0,0,0,4,0,0,3,1,1,1,29,6,2198,2,5,6,1,6
2018010108115,2,9,0,2,0,0,0,0,0,0,2,1,6,3,-1,-1,2494,8,2,-1,-1,-1
2018010108124,1,19,0,4,0,0,0,0,0,0,1,1,1,1,24,5,2198,2,2,4,1,4
2018010108124,2,3,0,18,0,0,0,0,0,0,1,1,2,1,49,8,125,1,6,3,1,3
2018010108127,1,3,0,-1,-1,0,-1,-1,-1,-1,-1,1,6,1,39,7,124,1,8,2,1,2
2018010108127,2,9,0,-1,-1,0,-1,-1,-1,-1,-1,-1,6,2,-1,-1,1910,2,11,-1,-1,-1
2018010108134,1,8,0,5,0,8,0,0,0,0,4,1,1,1,59,9,1950,2,1,2,1,2
2018010108141,1,9,0,5,0,6,0,0,0,0,1,1,6,2,48,8,1598,1,16,2,1,2
2018010108142,1,11,0,18,2,8,0,0,0,0,0,1,6,1,55,8,5132,2,1,3,1,3
2018010108142,2,9,0,7,0,5,0,0,1,0,0,1,6,3,-1,-1,-1,-1,-1,-1,-1,-1
2018010108147,1,21,1,1,0,0,0,0,1,10,1,1,1,1,39,7,12900,2,9,5,1,5
2018010108148,1,9,0,-1,-1,-1,-1,-1,-1,-1,-1,-1,6,2,48,8,1968,2,8,8,1,8
2018010108148,2,1,-1,-1,-1,-1,-1,-1,-1,-1,-1,1,6,1,-1,-1,-1,-1,-1,-1,-1,-1
2018010108149,1,11,-1,-1,-1,-1,-1,-1,0,0,1,1,1,3,-1,-1,-1,-1,-1,-1,-1,-1
2018010108156,1,9,0,-1,-1,-1,-1,-1,-1,-1,2,-1,6,2,23,5,1229,1,12,2,1,2
2018010108156,2,9,0,-1,-1,-1,-1,-1,-1,-1,1,-1,6,3,-1,-1,-1,-1,-1,-1,-1,-1
2018010108158,1,11,0,18,0,1,0,0,0,0,1,1,1,1,58,9,4500,2,2,2,1,2
2018010108160,1,9,0,9,0,8,0,0,0,0,0,1,6,1,36,7,1968,2,2,6,1,6
2018010108160,2,1,0,18,0,1,0,0,0,0,0,1,2,1,36,7,-1,-1,-1,-1,-1,-1
2018010108167,1,9,0,18,2,0,0,0,0,0,1,1,3,1,24,5,1461,2,3,2,1,2
2018010108167,2,9,0,9,0,0,0,0,0,0,4,1,6,1,67,10,2261,1,10,-1,-1,-1
2018010108168,1,9,0,4,0,0,0,0,0,0,2,1,3,2,34,6,1598,1,10,1,1,1
2018010108168,2,19,0,4,0,0,0,0,0,0,1,1,1,1,22,5,2143,2,1,3,1,3
2018010108176,1,9,0,3,0,4,0,0,0,0,2,1,1,1,27,6,1560,2,3,6,1,6
2018010108176,2,9,0,18,0,1,0,0,0,0,1,1,6,2,25,5,1240,1,14,8,1,8
2018010108179,1,19,0,-1,-1,-1,-1,-1,-1,-1,2,-1,6,1,50,8,1248,2,6,9,1,9
2018010108179,2,9,0,-1,-1,-1,-1,-1,-1,-1,1,-1,6,1,-1,-1,1999,2,2,4,1,4
2018010108179,3,9,0,-1,-1,-1,-1,-1,-1,-1,2,-1,6,1,-1,-1,2000,2,13,9,1,9
2018010108180,1,9,0,3,0,8,0,4,0,0,2,1,2,2,62,9,1368,1,2,5,1,5
2018010108180,2,9,0,3,0,8,0,4,0,0,1,1,6,1,20,4,1596,1,7,-1,-1,-1
2018010108191,1,9,0,-1,-1,-1,-1,-1,-1,-1,3,-1,2,1,34,6,1595,1,5,2,1,2
2018010108193,1,1,-1,-1,-1,-1,-1,-1,-1,-1,-1,1,2,2,30,6,-1,-1,-1,3,1,3
2018010108193,2,9,0,-1,-1,-1,-1,-1,-1,-1,1,-1,6,2,-1,-1,1398,1,7,2,1,2
2018010108194,1,9,0,1,0,0,0,0,0,0,2,1,6,2,43,7,2967,2,11,2,1,2
2018010108195,1,1,0,18,0,5,0,7,0,0,1,1,6,1,16,4,-1,-1,-1,1,1,1
2018010108195,2,8,0,4,0,5,0,0,0,0,2,2,6,3,-1,-1,-1,-1,-1,-1,-1,-1
2018010108196,1,9,0,1,0,0,-1,-1,-1,-1,2,-1,6,1,-1,-1,-1,-1,-1,-1,-1,-1
2018010108198,1,9,0,3,0,1,0,0,0,0,2,1,2,2,27,6,1389,1,15,5,1,5
2018010108198,2,9,0,3,0,1,0,0,0,0,2,1,2,2,52,8,1997,1,10,3,1,3
2018010108198,3,9,0,3,0,1,0,0,0,0,1,1,2,2,41,7,1360,1,10,5,1,5
2018010108203,1,1,-1,-1,-1,0,-1,-1,-1,-1,1,1,2,2,54,8,-1,-1,-1,2,1,2
2018010108204,1,9,0,18,0,0,0,0,1,0,1,1,6,1,52,8,2993,2,6,7,1,7
2018010108204,2,9,0,18,0,0,1,0,0,0,1,1,6,2,39,7,1991,1,1,5,1,5
2018010108209,1,1,-1,-1,-1,0,-1,-1,-1,-1,1,1,2,1,41,7,-1,-1,-1,9,1,9
2018010108209,2,9,0,-1,-1,0,-1,-1,-1,-1,1,-1,6,2,79,11,1242,1,10,9,1,9
2018010108211,1,1,-1,-1,-1,-1,-1,-1,-1,-1,-1,1,6,2,29,6,-1,-1,-1,4,1,4
2018010108211,2,9,0,-1,-1,-1,-1,-1,-1,-1,-1,-1,6,2,-1,-1,1984,1,11,-1,-1,-1
2018010108212,1,1,0,16,0,1,0,0,0,0,0,1,2,1,59,9,-1,-1,-1,9,2,9
2018010108214,1,9,0,5,9,0,0,0,0,0,1,2,3,2,31,6,1598,1,9,4,1,4
2018010108214,2,9,0,2,0,0,0,0,0,0,2,1,6,3,-1,-1,1968,2,4,-1,-1,-1
2018010108216,1,5,0,5,0,1,0,0,0,0,3,1,2,1,35,6,599,1,16,3,1,3
2018010108216,2,9,0,5,0,1,0,0,0,0,1,1,6,1,31,6,2143,2,6,5,1,5
2018010108223,1,8,0,-1,-1,-1,-1,-1,-1,-1,1,-1,6,1,56,9,-1,-1,-1,6,1,6
2018010108224,1,9,0,7,0,1,0,0,0,0,1,1,6,2,65,9,1461,2,1,2,1,2
2018010108231,1,19,0,18,0,0,0,0,0,0,1,1,2,1,33,6,1598,2,11,10,1,10
2018010108232,1,9,0,5,0,1,0,11,0,0,1,1,1,1,50,8,-1,-1,-1,5,1,5
2018010108232,2,1,0,9,0,1,0,0,0,0,2,1,2,1,26,6,-1,-1,-1,3,1,3
2018010108233,1,9,0,4,0,0,0,0,0,0,1,1,6,2,43,7,1339,1,9,4,1,4
2018010108233,2,9,0,18,0,0,0,0,0,0,1,1,6,3,-1,-1,1598,2,3,-1,-1,-1
2018010108234,1,9,0,18,0,1,0,0,0,0,3,1,1,1,29,6,1997,2,3,7,1,7
2018010108234,2,9,0,9,0,1,0,0,0,0,4,1,1,1,43,7,-1,-1,-1,9,1,9
2018010108236,1,9,0,9,0,5,0,0,0,0,1,1,6,1,47,8,1968,2,9,2,1,2
2018010108237,1,4,0,18,0,1,0,0,0,0,1,1,6,1,27,6,125,1,1,8,1,8
2018010108238,1,20,4,18,0,4,0,0,5,7,1,2,6,2,29,6,-1,-1,-1,5,1,5
2018010108238,2,9,0,12,0,1,0,0,0,0,0,2,6,1,48,8,1995,2,8,4,1,4
2018010108240,1,9,0,18,0,8,0,0,0,0,1,1,2,1,41,7,998,1,17,10,1,10
2018010108240,2,9,0,18,0,8,0,0,0,0,3,1,6,1,57,9,1969,2,2,9,1,9
2018010108244,1,9,0,9,0,1,0,7,0,0,2,1,6,2,36,7,1390,1,6,4,1,4
2018010108244,2,19,0,18,0,1,0,0,0,0,1,1,1,1,28,6,1560,2,4,8,1,8
2018010108246,1,1,0,18,0,1,0,0,0,0,1,1,6,2,29,6,-1,-1,-1,2,1,2
2018010108251,1,9,0,18,0,0,0,0,0,0,1,1,6,3,-1,-1,-1,-1,-1,-1,-1,-1
2018010108254,1,9,0,4,0,0,0,0,0,0,2,1,2,2,36,7,2191,2,-1,1,1,1
2018010108254,2,90,0,5,0,0,0,0,-1,0,1,-1,6,1,-1,-1,2287,2,1,2,2,2
2018010108255,1,9,-1,-1,-1,-1,-1,-1,-1,-1,-1,-1,6,3,-1,-1,-1,-1,-1,-1,-1,-1
2018010108259,1,1,0,18,0,8,0,0,0,0,3,1,2,1,41,7,-1,-1,-1,9,1,9
2018010108259,2,19,0,13,0,8,0,0,0,0,4,-1,6,3,-1,-1,-1,-1,-1,-1,-1,-1
2018010108263,1,9,0,18,0,0,0,0,0,0,1,1,3,1,36,7,2143,2,4,6,1,6
2018010108263,2,9,0,18,0,0,0,0,0,0,1,1,6,1,38,7,1781,1,13,2,1,2
2018010108263,3,9,0,2,0,0,0,0,0,0,3,1,6,3,-1,-1,2143,2,3,-1,-1,-1
2018010108263,4,9,0,2,0,0,0,0,0,0,3,1,6,3,-1,-1,1998,1,12,-1,-1,-1
2018010108265,1,9,0,4,0,1,0,0,0,0,1,1,2,1,46,8,1386,1,12,2,1,2
2018010108265,2,1,0,5,0,1,0,0,0,0,1,1,6,1,42,7,-1,-1,-1,-1,-1,-1
2018010108282,1,11,0,7,0,8,0,0,0,0,4,1,1,1,42,7,13000,2,2,8,2,8
2018010108282,2,1,0,5,0,2,0,0,0,0,2,1,6,2,40,7,-1,-1,-1,5,1,5
2018010108285,1,9,0,7,0,8,0,0,0,0,1,1,6,1,58,9,-1,-1,-1,2,1,2
2018010108293,1,9,0,-1,-1,-1,-1,-1,-1,-1,3,-1,2,1,37,7,1870,2,14,5,1,5
2018010108293,2,90,4,-1,-1,-1,-1,-1,-1,-1,4,1,6,1,-1,-1,-1,-1,-1,-1,-1,-1
2018010108295,1,9,0,18,0,1,0,0,0,0,4,1,3,2,29,6,1200,1,4,4,1,4
2018010108296,1,1,-1,-1,-1,0,-1,-1,-1,-1,-1,1,6,1,37,7,-1,-1,-1,-1,-1,-1
2018010108296,2,9,-1,-1,-1,0,-1,-1,-1,-1,-1,-1,6,3,-1,-1,1086,1,15,-1,-1,-1
2018010108316,1,9,0,18,0,0,5,10,2,2,4,1,2,1,58,9,1998,2,13,5,1,5
2018010108323,1,9,0,5,0,4,0,0,0,0,1,1,2,1,43,7,2231,2,10,9,1,9
2018010108323,2,4,0,5,0,4,0,0,0,0,1,1,6,1,52,8,124,1,10,-1,-1,-1
2018010108325,1,9,0,5,0,8,0,0,0,0,1,1,2,1,37,7,1560,2,9,8,1,8
2018010108325,2,19,0,10,0,8,0,0,0,0,3,1,2,1,76,11,2418,2,11,6,1,6
2018010108325,3,9,0,2,0,1,0,0,0,0,2,1,6,3,-1,-1,1598,1,9,-1,-1,-1
2018010108328,1,9,0,4,0,0,0,0,0,0,2,1,6,1,57,9,1560,2,12,1,1,1
2018010108328,2,9,0,4,0,0,0,0,0,0,1,1,6,1,76,11,2685,2,14,2,1,2
2018010108329,1,9,0,18,0,8,0,0,0,0,1,-1,6,3,-1,-1,-1,-1,-1,-1,-1,-1
2018010108331,1,11,0,18,0,1,0,0,0,0,2,1,1,1,36,7,4461,2,5,-1,-1,-1
2018010108331,2,9,0,-1,0,-1,0,12,0,0,-1,1,6,2,40,7,998,1,8,-1,-1,-1
2018010108334,1,19,0,5,0,6,0,0,0,0,1,1,1,1,32,6,2143,2,1,3,1,3
2018010108335,1,1,0,16,0,6,0,0,0,0,1,1,1,1,40,7,-1,-1,-1,2,1,2
2018010108340,1,1,-1,-1,-1,-1,-1,-1,-1,-1,2,1,2,2,32,6,-1,-1,-1,4,1,4
2018010108340,2,9,-1,-1,-1,-1,-1,-1,-1,-1,1,-1,6,3,21,5,1598,2,-1,2,1,2
2018010108345,1,9,0,18,0,1,0,0,0,0,2,-1,6,1,43,7,1968,2,3,4,1,4
2018010108345,2,9,0,18,0,1,0,0,0,0,1,-1,6,1,-1,-1,1598,1,15,2,1,2
2018010108346,1,8,0,-1,-1,-1,-1,-1,-1,-1,2,-1,6,1,27,6,1791,8,7,2,1,2
2018010108346,2,9,0,-1,-1,-1,-1,-1,-1,-1,1,-1,6,1,21,5,1395,1,1,3,1,3
2018010108347,1,11,0,7,2,1,0,0,0,0,0,1,1,2,53,8,5132,2,2,3,1,3
2018010108348,1,1,-1,-1,-1,-1,-1,-1,-1,-1,1,1,2,1,27,6,-1,-1,-1,3,1,3
2018010108348,2,9,0,7,0,5,0,0,0,0,1,1,6,2,42,7,1686,2,12,6,1,6
2018010108350,1,9,-1,-1,-1,0,-1,-1,-1,-1,1,-1,6,1,40,7,1797,8,7,5,1,5
2018010108350,2,9,-1,-1,-1,0,-1,-1,-1,-1,-1,-1,6,1,-1,-1,1197,1,3,-1,-1,-1
2018010108356,1,1,-1,-1,-1,-1,-1,-1,-1,-1,-1,1,6,1,22,5,-1,-1,-1,3,1,3
2018010108356,2,9,0,-1,-1,-1,-1,-1,-1,-1,-1,-1,6,2,-1,-1,1242,1,3,3,1,3
2018010108356,3,1,-1,-1,-1,-1,-1,-1,-1,-1,-1,1,6,1,-1,-1,-1,-1,-1,-1,-1,-1
2018010108368,1,9,0,-1,-1,-1,-1,-1,-1,-1,1,-1,6,1,-1,-1,-1,-1,-1,-1,-1,-1
2018010108369,1,1,-1,-1,-1,-1,-1,-1,-1,-1,-1,1,6,1,16,4,-1,-1,-1,1,1,1
2018010108369,2,9,-1,-1,-1,-1,-1,-1,-1,-1,1,-1,6,3,39,7,-1,-1,-1,2,1,2
2018010108370,1,9,0,-1,0,2,0,0,0,0,2,-1,6,1,43,7,1598,1,13,1,1,1
2018010108370,2,9,0,18,0,2,0,0,0,0,1,-1,6,3,-1,-1,-1,-1,-1,-1,-1,-1
2018010108371,1,9,0,7,0,6,0,0,0,0,0,1,2,1,23,5,1997,1,-1,3,1,3
2018010108371,2,1,0,18,0,8,2,0,0,0,0,1,2,2,32,6,-1,-1,-1,2,1,2
2018010108372,1,9,0,5,0,6,0,0,0,0,1,1,2,2,39,7,1796,2,5,6,1,6
2018010108372,2,3,0,18,0,8,0,0,0,0,1,1,1,1,24,5,125,1,10,2,1,2
2018010108374,1,8,0,5,0,2,0,0,0,0,2,1,1,1,59,9,2143,2,6,4,1,4
2018010108374,2,19,0,5,0,2,0,0,0,0,1,1,1,1,36,7,2198,2,9,4,1,4
2018010108375,1,5,0,-1,-1,-1,-1,-1,-1,-1,-1,1,6,1,34,6,599,1,16,-1,-1,-1
2018010108375,2,9,0,-1,-1,-1,-1,-1,-1,-1,1,-1,6,1,-1,-1,-1,-1,-1,-1,-1,-1
2018010108378,1,9,0,18,0,0,0,0,0,0,0,1,6,2,45,7,1390,1,8,4,1,4
2018010108383,1,1,-1,-1,-1,-1,-1,-1,-1,-1,-1,1,2,2,40,7,-1,-1,-1,9,1,9
2018010108383,2,9,0,-1,-1,-1,-1,-1,-1,-1,1,-1,6,1,-1,-1,-1,-1,-1,-1,-1,-1
2018010108385,1,19,0,18,0,0,0,0,0,0,2,1,6,1,67,10,1395,1,-1,9,1,9
2018010108385,2,9,0,6,0,0,0,11,7,10,1,1,6,2,55,8,1595,1,5,7,1,7
2018010108387,1,9,0,14,0,0,0,0,0,0,1,1,6,3,-1,-1,-1,-1,-1,-1,-1,-1
2018010108389,1,11,0,18,0,0,0,0,0,0,0,1,1,1,50,8,9000,2,9,5,1,5
2018010108391,1,1,-1,-1,-1,0,-1,-1,-1,-1,-1,1,2,1,28,6,-1,-1,-1,8,1,8
2018010108391,2,9,0,-1,-1,0,-1,-1,-1,-1,1,-1,6,1,-1,-1,1499,1,2,-1,-1,-1
2018010108397,1,1,0,18,2,1,0,0,0,0,1,1,2,1,32,6,-1,-1,-1,5,-1,5
2018010108397,2,8,0,7,0,5,0,0,0,0,2,1,1,1,46,8,1997,2,3,1,1,1
2018010108399,1,11,0,9,0,1,0,0,0,0,3,1,1,1,43,7,4500,2,3,6,1,6
2018010108399,2,1,0,9,0,1,0,0,0,0,3,1,2,1,49,8,-1,-1,-1,5,1,5
2018010108400,1,1,-1,-1,-1,0,-1,-1,-1,-1,1,1,6,1,15,3,-1,-1,-1,6,1,6
2018010108400,2,19,0,-1,-1,0,-1,-1,-1,-1,-1,-1,6,3,-1,-1,-1,-1,-1,-1,-1,-1
2018010108401,1,9,0,9,0,0,0,0,0,0,3,1,6,1,76,11,2776,2,10,9,1,9
2018010108401,2,9,0,18,0,0,1,0,0,0,1,1,6,1,22,5,1600,1,25,-1,-1,-1
2018010108402,1,11,0,5,2,2,0,0,0,0,0,1,1,1,44,7,4500,2,10,4,1,4
2018010108403,1,5,0,18,0,1,0,0,0,0,1,1,2,1,45,7,599,1,5,5,1,5
2018010108403,2,9,0,9,2,5,0,0,0,0,3,1,6,1,68,10,1598,1,6,6,1,6
2018010108404,1,9,0,17,6,0,0,11,1,10,1,1,2,2,55,8,1599,1,15,8,1,8
2018010108405,1,1,0,9,0,5,0,0,0,0,1,1,6,1,28,6,-1,-1,-1,-1,-1,-1
2018010108408,1,19,0,18,9,0,0,0,0,0,4,1,6,2,34,6,1499,2,1,2,1,2
2018010108410,1,3,0,14,0,1,0,0,0,0,1,1,6,1,17,4,124,1,14,9,1,9
2018010108413,1,9,0,5,0,6,0,0,0,0,1,1,6,1,29,6,1991,1,-1,6,1,6
2018010108413,2,3,0,18,0,8,1,0,7,0,1,1,6,1,27,6,125,1,9,1,1,1
2018010108414,1,9,0,-1,-1,0,-1,-1,-1,-1,-1,-1,6,1,35,6,999,1,3,3,1,3
2018010108414,2,9,0,-1,-1,0,-1,-1,-1,-1,-1,-1,6,2,-1,-1,1400,2,13,6,1,6
2018010108418,1,9,0,5,0,0,0,0,0,0,1,1,2,1,34,6,1784,1,12,8,1,8
2018010108418,2,9,0,3,0,0,0,0,0,0,2,1,6,2,38,7,1398,2,15,5,1,5
2018010108419,1,9,0,9,0,7,0,0,0,0,1,1,2,1,51,8,1956,2,9,2,1,2
2018010108419,2,1,0,18,0,8,0,0,0,0,1,1,2,1,26,6,-1,-1,-1,6,1,6
2018010108422,1,5,0,-1,-1,-1,-1,-1,-1,-1,-1,1,2,2,51,8,999,1,1,7,1,7
2018010108422,2,1,-1,-1,-1,-1,-1,-1,-1,-1,1,1,6,1,-1,-1,-1,-1,-1,-1,-1,-1
2018010108423,1,9,0,-1,-1,-1,-1,-1,-1,-1,-1,-1,6,2,52,8,1591,1,1,1,1,1
2018010108423,2,9,0,-1,-1,-1,-1,-1,-1,-1,1,-1,6,2,-1,-1,1596,1,15,5,1,5
2018010108428,1,9,0,-1,-1,-1,-1,-1,-1,-1,-1,-1,6,1,-1,-1,-1,-1,-1,-1,-1,-1
2018010108429,1,9,0,-1,-1,-1,-1,-1,-1,-1,-1,-1,6,1,37,7,1596,1,15,3,1,3
2018010108429,2,9,0,-1,-1,-1,-1,-1,-1,-1,1,-1,6,3,-1,-1,1591,1,8,-1,-1,-1
2018010108430,1,9,0,-1,-1,0,-1,-1,-1,-1,-1,-1,6,1,27,6,1956,2,7,5,1,5
2018010108430,2,19,-1,-1,-1,0,-1,-1,-1,-1,2,-1,6,1,-1,-1,-1,-1,-1,-1,-1,-1
2018010108431,1,8,0,9,0,8,0,0,0,0,4,1,6,1,38,7,1791,8,7,1,1,1
2018010108433,1,5,0,4,0,2,0,0,0,0,1,1,2,1,33,6,599,1,12,7,1,7
2018010108434,1,9,0,18,0,8,0,0,0,0,1,1,6,1,20,4,1198,1,12,1,1,1
2018010108434,2,9,0,18,0,6,1,7,0,0,3,1,6,1,29,6,2793,1,20,3,1,3
2018010108435,1,11,0,18,0,8,0,0,0,0,0,1,6,2,34,6,9360,2,8,2,1,2
2018010108438,1,9,0,17,0,8,0,0,2,10,1,1,6,2,51,8,1797,8,7,1,1,1
2018010108438,2,9,0,18,0,2,0,0,0,0,1,1,1,1,63,9,1997,2,4,3,1,3
2018010108438,3,9,0,18,0,2,0,0,0,0,1,1,6,1,29,6,1796,1,14,3,1,3
2018010108441,1,9,0,18,0,8,1,0,4,1,1,1,6,1,21,5,1998,1,-1,6,1,6
2018010108441,2,9,0,18,0,8,0,11,0,0,3,1,6,1,37,7,898,1,3,9,1,9
2018010108442,1,9,0,18,0,1,0,0,0,0,1,1,2,1,56,9,5980,1,2,10,1,10
2018010108442,2,9,0,10,0,5,0,0,0,0,1,1,6,3,18,4,1199,1,16,-1,-1,-1
2018010108444,1,3,0,18,0,1,0,0,0,0,1,1,6,1,34,6,125,1,4,3,1,3
2018010108444,2,9,0,9,0,6,0,0,0,0,3,1,6,2,25,5,999,1,3,5,1,5
2018010108447,1,9,0,18,0,0,0,0,0,0,1,1,6,3,-1,-1,1686,2,10,-1,-1,-1
2018010108447,2,1,0,18,0,0,0,0,0,0,2,1,6,1,31,6,-1,-1,-1,4,1,4
2018010108448,1,4,0,18,9,4,2,10,1,1,1,1,6,1,17,4,-1,-1,-1,-1,-1,-1
2018010108451,1,9,0,5,9,6,0,0,0,0,1,1,2,2,61,9,1598,1,9,8,1,8