Accident_Index,Vehicle_Reference,Vehicle_Type,Towing_and_Articulation,Vehicle_Manoeuvre,Vehicle_Location-Restricted_Lane,Junction_Location,Skidding_and_Overturning,Hit_Object_in_Carriageway,Vehicle_Leaving_Carriageway,Hit_Object_off_Carriageway,1st_Point_of_Impact,Was_Vehicle_Left_Hand_Drive?,Journey_Purpose_of_Driver,Sex_of_Driver,Age_of_Driver,Age_Band_of_Driver,Engine_Capacity_(CC),Propulsion_Code,Age_of_Vehicle,Driver_IMD_Decile,Driver_Home_Area_Type,Vehicle_IMD_Decile
2018010108806,2,9,0,18,0,-1,0,12,0,0,-1,-1,6,1,-1,-1,1596,1,12,-1,-1,-1
2018010108808,1,9,0,5,0,0,0,0,0,0,1,1,6,3,-1,-1,2597,1,17,-1,-1,-1
2018010108811,1,9,0,-1,-1,-1,0,-1,-1,-1,-1,-1,6,3,-1,-1,1783,1,18,-1,-1,-1
2018010108811,2,1,0,-1,-1,-1,0,-1,-1,-1,-1,1,6,2,49,8,-1,-1,-1,2,1,2
2018010108817,1,3,0,-1,-1,0,-1,-1,-1,-1,-1,1,6,1,-1,-1,125,1,4,3,1,3
2018010108817,2,9,0,-1,-1,0,-1,-1,-1,-1,2,-1,6,3,-1,-1,1560,2,3,3,1,3
2018010108818,1,9,0,4,0,2,0,0,0,0,4,1,6,2,50,8,1149,1,15,-1,-1,-1
2018010108824,1,1,-1,18,-1,-1,-1,-1,-1,-1,-1,1,2,2,26,6,-1,-1,-1,3,1,3
2018010108824,2,9,0,9,-1,-1,-1,-1,-1,-1,1,-1,6,1,-1,-1,-1,-1,-1,-1,-1,-1
2018010108827,1,8,0,9,0,8,0,0,0,0,1,1,1,1,39,7,1797,8,6,3,1,3
2018010108827,2,1,0,7,4,8,0,0,0,0,1,1,6,1,37,7,-1,-1,-1,4,1,4
2018010108829,1,9,0,3,8,6,0,0,0,0,2,1,6,2,32,6,1582,2,6,7,1,7
2018010108829,2,9,0,5,8,6,0,0,0,0,1,1,6,2,43,7,1364,1,11,3,1,3
2018010108840,1,5,0,14,0,1,0,0,0,0,1,1,6,1,47,8,645,1,14,2,1,2
2018010108841,1,9,0,5,0,1,0,0,1,10,1,1,6,1,80,11,1497,8,11,5,1,5
2018010108842,1,9,0,18,0,8,0,0,0,0,1,1,6,1,28,6,998,1,11,2,1,2
2018010108843,1,3,0,-1,-1,-1,-1,-1,-1,-1,1,1,6,1,22,5,124,1,5,1,1,1
2018010108847,1,19,0,4,0,1,0,0,0,0,4,1,2,1,29,6,1995,2,1,7,1,7
2018010108849,1,11,0,18,0,1,0,0,0,0,4,1,1,3,-1,-1,-1,-1,-1,-1,-1,-1
2018010108853,1,5,0,18,0,8,1,0,0,0,2,1,2,1,40,7,999,1,12,5,1,5
2018010108853,2,9,0,9,0,5,0,0,0,0,2,1,2,1,45,7,2993,2,14,-1,-1,-1
2018010108856,1,2,0,14,0,1,2,7,0,0,1,1,2,1,27,6,49,1,2,3,1,3
2018010108861,1,11,0,4,0,2,0,0,0,0,0,1,6,1,33,6,5132,2,3,-1,-1,-1
2018010108864,1,11,0,18,0,-1,0,0,0,0,4,1,1,3,-1,-1,4500,2,2,-1,-1,-1
2018010108869,1,9,0,-1,-1,0,-1,-1,-1,-1,-1,-1,6,1,45,7,1798,8,2,5,1,5
2018010108869,2,9,0,-1,-1,0,-1,-1,-1,-1,-1,-1,6,1,37,7,1995,1,11,1,1,1
2018010108875,1,9,0,4,0,1,0,0,0,0,3,1,6,1,45,7,1400,1,12,9,1,9
2018010108875,2,9,0,7,0,2,0,0,0,0,1,1,6,2,27,6,1598,1,9,2,1,2
2018010108878,1,3,0,4,0,1,0,0,0,0,1,1,1,1,36,7,108,1,4,9,1,9
2018010108878,2,9,0,6,8,6,0,0,0,0,3,1,6,1,22,5,1595,1,10,2,1,2
2018010108880,1,8,0,18,0,0,0,0,0,0,1,1,1,1,54,8,1798,8,3,1,-1,1
2018010108880,2,1,0,18,9,0,0,0,0,0,1,1,6,1,19,4,-1,-1,-1,3,1,3
2018010108881,1,9,0,18,0,0,0,4,0,0,1,1,6,1,79,11,2494,8,1,-1,-1,-1
2018010108881,2,9,0,2,0,0,0,0,0,0,1,1,6,3,-1,-1,1368,1,10,-1,-1,-1
2018010108881,3,9,0,2,0,0,0,0,0,0,4,1,6,3,-1,-1,-1,-1,-1,-1,-1,-1
2018010108882,1,9,0,-1,-1,-1,-1,-1,-1,-1,-1,-1,6,2,42,7,2998,1,-1,5,1,5
2018010108882,2,9,0,-1,-1,-1,-1,-1,-1,-1,-1,-1,6,2,21,5,1388,1,8,4,1,4
2018010108886,1,11,0,18,0,1,0,0,0,0,1,1,1,1,25,5,6696,2,5,2,1,2
2018010108886,2,19,0,3,0,1,0,0,0,0,2,1,1,1,53,8,2198,2,2,6,1,6
2018010108886,3,19,0,3,0,1,0,0,0,0,2,1,6,1,31,6,2143,2,2,2,1,2
2018010108886,4,8,0,3,0,1,0,0,0,0,2,1,1,2,53,8,2499,2,7,6,1,6
2018010108890,1,9,0,18,0,1,0,0,0,0,1,1,1,1,71,10,1796,1,10,4,1,4
2018010108891,1,3,0,6,0,6,0,10,0,0,3,1,6,1,44,7,124,1,2,5,1,5
2018010108894,1,1,-1,-1,-1,0,-1,-1,-1,-1,1,1,6,1,-1,-1,-1,-1,-1,6,1,6
2018010108895,1,11,0,18,2,1,0,0,0,0,0,1,6,1,55,8,6700,2,11,6,1,6
2018010108897,1,1,-1,-1,-1,0,-1,-1,-1,-1,-1,1,2,1,-1,-1,-1,-1,-1,4,1,4
2018010108897,2,8,0,-1,-1,0,-1,-1,-1,-1,-1,-1,6,3,-1,-1,-1,-1,-1,-1,-1,-1
2018010108899,1,2,0,18,0,8,2,4,0,0,1,1,1,1,21,5,108,1,3,4,1,4
2018010108899,2,9,0,2,0,1,0,4,0,0,1,1,6,3,-1,-1,-1,-1,-1,-1,-1,-1
2018010108899,3,9,0,9,0,8,0,0,0,0,1,1,6,3,-1,-1,-1,-1,-1,-1,-1,-1
2018010108900,1,9,0,18,0,8,0,0,0,0,1,2,6,1,82,11,1596,1,15,5,1,5
2018010108904,1,9,0,18,0,1,0,0,0,0,3,1,6,1,45,7,2979,1,14,4,1,4
2018010108907,1,9,0,7,0,1,0,0,0,0,1,1,6,1,24,5,1560,2,5,2,1,2
2018010108907,2,2,0,9,0,1,0,0,0,0,1,1,1,1,44,7,49,1,8,3,1,3
2018010108908,1,20,0,-1,-1,-1,-1,-1,-1,-1,0,-1,6,3,-1,-1,-1,-1,-1,-1,-1,-1
2018010108913,1,9,0,18,0,1,0,7,0,0,1,1,2,1,69,10,2494,8,-1,8,1,8
2018010108914,1,9,0,18,0,1,0,0,0,0,3,1,6,1,44,7,1598,1,7,9,1,9
2018010108917,1,1,-1,-1,-1,0,-1,-1,-1,-1,1,1,6,1,-1,-1,-1,-1,-1,-1,-1,-1
2018010108918,1,9,0,-1,-1,-1,-1,-1,-1,-1,2,-1,6,3,-1,-1,1598,1,12,-1,-1,-1
2018010108919,1,19,0,14,0,2,1,0,7,0,4,1,1,2,28,6,2198,2,2,3,1,3
2018010108922,1,9,0,9,0,2,0,0,0,0,1,1,6,1,59,9,998,1,10,2,1,2
2018010108922,2,9,0,18,0,1,0,0,0,0,1,1,6,3,-1,-1,-1,-1,-1,-1,-1,-1
2018010108923,1,2,0,4,0,1,2,0,0,0,1,1,2,1,37,7,49,1,7,4,1,4
2018010108923,2,9,0,4,0,1,0,0,0,0,2,1,6,3,-1,-1,1968,2,7,-1,-1,-1
2018010108925,1,9,0,-1,-1,0,-1,-1,-1,-1,2,-1,6,2,-1,-1,1598,1,6,8,1,8
2018010108925,2,9,0,-1,-1,0,-1,-1,-1,-1,-1,-1,6,1,-1,-1,1968,2,1,-1,-1,-1
2018010108929,1,9,0,18,0,2,0,0,0,0,1,1,6,1,45,7,1995,2,12,2,1,2
2018010108929,2,9,0,18,0,2,0,0,0,0,2,1,6,2,49,8,1998,1,13,2,1,2
2018010108931,1,9,0,18,0,0,0,0,1,5,1,1,6,2,55,8,1339,1,8,6,1,6
2018010108933,1,9,0,18,0,0,0,0,0,0,1,2,6,1,26,6,1461,2,4,8,1,8
2018010108933,2,9,0,18,0,0,0,0,0,0,0,2,6,3,-1,-1,1995,2,3,-1,-1,-1
2018010108933,3,9,0,18,0,0,0,0,0,0,3,2,6,2,52,8,1299,1,16,6,1,6
2018010108933,4,9,0,18,0,0,0,0,0,0,4,1,6,1,23,5,1598,1,13,8,1,8
2018010108933,5,9,0,18,0,0,0,0,0,0,0,1,6,1,28,6,1997,2,3,2,1,2
2018010108933,6,9,0,18,0,0,0,0,0,0,1,1,6,2,23,5,1242,1,4,2,1,2
2018010108933,7,9,0,18,0,0,0,0,0,0,4,1,6,1,25,5,-1,-1,-1,2,1,2
2018010108933,8,9,0,18,0,0,0,0,0,0,2,1,6,1,25,5,2143,2,2,2,1,2
2018010108933,9,9,0,18,0,0,0,0,0,0,1,1,6,1,26,6,1995,2,6,2,1,2
2018010108937,1,9,0,18,0,4,0,0,0,0,3,2,1,1,25,5,1995,2,5,8,1,8
2018010108937,2,5,0,18,0,8,0,0,0,0,4,1,2,1,37,7,599,1,13,7,2,7
2018010108939,1,9,0,-1,-1,-1,-1,-1,-1,-1,2,-1,6,2,35,6,2148,2,8,2,1,2
2018010108939,2,9,0,-1,-1,-1,-1,-1,-1,-1,1,-1,6,2,28,6,1242,1,7,-1,-1,-1
2018010108941,1,8,0,9,0,5,0,10,0,0,4,1,1,1,54,8,1797,8,9,3,1,3
2018010108941,2,8,0,5,0,1,0,0,0,0,1,1,1,1,65,9,2499,2,6,3,1,3
2018010108942,1,9,0,17,0,8,0,0,0,0,1,1,2,1,20,4,1229,1,9,3,1,3
2018010108942,2,9,0,16,0,8,5,0,0,0,1,1,6,1,35,6,1399,1,8,5,1,5
2018010108944,1,9,0,2,0,0,0,0,0,0,3,1,6,3,-1,-1,2400,2,2,-1,-1,-1
2018010108944,2,8,0,5,0,0,0,0,0,0,3,1,6,3,-1,-1,2402,2,15,-1,-1,-1
2018010108945,1,4,0,18,0,1,0,0,0,0,1,1,1,1,37,7,530,1,4,8,1,8
2018010108946,1,8,0,3,6,2,0,4,0,0,1,1,1,1,49,8,1797,8,9,2,1,2
2018010108946,2,9,0,2,6,1,0,0,0,0,1,1,6,3,-1,-1,1596,1,12,-1,-1,-1
2018010108946,3,11,0,18,0,1,0,4,1,0,1,1,1,2,29,6,5132,2,2,3,1,3
2018010108946,4,8,0,18,0,2,0,0,0,0,3,1,1,1,58,9,1560,2,5,2,1,2
2018010108948,1,9,0,-1,-1,-1,-1,-1,-1,-1,1,-1,6,1,26,6,2967,2,10,3,1,3
2018010108948,2,9,0,-1,-1,-1,-1,-1,-1,-1,2,-1,6,3,-1,-1,1390,1,12,-1,-1,-1
2018010108950,1,9,0,18,0,1,1,0,0,0,1,1,6,1,39,7,1499,1,1,7,1,7
2018010108950,2,9,0,5,0,1,1,10,1,1,1,1,6,1,23,5,1368,1,11,-1,-1,-1
2018010108952,1,9,0,18,0,8,0,0,0,0,1,1,6,3,-1,-1,-1,-1,-1,-1,-1,-1
2018010108953,1,19,0,18,0,0,0,0,0,0,0,1,1,1,42,7,2198,2,2,4,1,4
2018010108956,1,3,0,18,0,0,0,0,0,0,4,1,6,1,17,4,108,1,2,5,1,5
2018010108956,2,19,0,9,0,0,0,0,0,0,3,1,6,1,-1,-1,1560,2,5,-1,-1,-1
2018010108957,1,9,0,18,0,1,0,0,0,0,1,1,6,3,-1,-1,-1,-1,-1,-1,-1,-1
2018010108959,1,9,0,4,0,3,0,0,0,0,1,1,6,1,25,5,1956,2,6,2,1,2
2018010108959,2,9,0,18,0,8,0,7,0,0,1,1,2,2,22,5,999,1,2,1,1,1
2018010108960,1,3,0,18,0,0,0,10,1,4,1,1,6,1,28,6,125,1,2,3,1,3
2018010108962,1,9,0,2,0,1,0,0,0,0,2,2,6,3,-1,-1,-1,-1,-1,-1,-1,-1
2018010108962,2,9,0,18,0,8,0,0,0,0,1,1,6,3,-1,-1,-1,-1,-1,-1,-1,-1
2018010108964,1,9,0,4,0,1,0,0,0,0,2,1,2,1,50,8,-1,-1,-1,1,1,1
2018010108964,2,9,0,4,0,1,0,0,0,0,1,1,6,3,-1,-1,1600,1,14,-1,-1,-1
2018010108969,1,11,0,18,2,0,0,0,0,0,1,1,6,1,35,6,4461,2,5,2,1,2
2018010108973,1,9,0,-1,-1,-1,-1,-1,-1,-1,-1,-1,6,3,-1,-1,1686,2,9,-1,-1,-1
2018010108974,1,1,0,9,0,3,0,0,0,0,1,1,2,1,36,7,-1,-1,-1,8,1,8
2018010108974,2,9,0,18,0,4,0,0,0,0,1,1,6,2,48,8,1339,1,7,9,1,9
2018010108976,1,9,0,-1,-1,-1,-1,-1,-1,-1,1,-1,6,1,37,7,2000,2,9,6,1,6
2018010108976,2,1,-1,-1,-1,-1,-1,-1,-1,-1,-1,1,6,1,-1,-1,-1,-1,-1,-1,-1,-1
2018010108979,1,3,0,18,0,1,0,0,0,0,4,1,2,1,37,7,125,1,1,3,1,3
2018010108979,2,9,0,9,0,1,0,0,0,0,1,1,6,1,30,6,1587,1,12,5,1,5
2018010108980,1,9,0,1,0,7,0,7,0,0,2,1,6,1,34,6,1596,1,11,5,1,5
2018010108984,1,9,0,9,0,8,0,0,0,0,3,1,6,1,43,7,1991,2,9,4,1,4
2018010108984,2,3,0,13,0,8,5,0,0,0,2,1,1,1,36,7,125,1,5,2,1,2
2018010108985,1,11,0,18,0,2,0,0,0,0,1,1,1,1,35,6,4500,2,3,3,1,3
2018010108986,1,1,-1,-1,-1,-1,-1,-1,-1,-1,1,1,2,2,-1,-1,-1,-1,-1,3,1,3
2018010108986,2,9,0,-1,-1,-1,-1,-1,-1,-1,-1,-1,6,1,-1,-1,-1,-1,-1,-1,-1,-1
2018010108988,1,9,0,-1,-1,0,-1,-1,-1,-1,-1,-1,6,2,54,8,1242,1,6,4,3,4
2018010108988,2,90,-1,-1,-1,0,-1,-1,-1,-1,-1,-1,6,3,-1,-1,-1,-1,-1,-1,-1,-1
2018010108989,1,9,0,5,0,1,0,0,0,0,1,1,6,1,34,6,999,1,2,7,1,7
2018010108989,2,3,0,5,0,1,0,0,0,0,4,1,6,2,31,6,124,1,15,2,1,2
2018010108994,1,9,0,-1,-1,-1,-1,-1,-1,-1,2,-1,2,1,39,7,1364,1,1,2,1,2
2018010108994,2,9,0,-1,-1,-1,-1,-1,-1,-1,-1,-1,6,1,-1,-1,1587,1,9,4,1,4
2018010108995,1,3,0,14,0,1,5,0,0,0,4,1,6,1,23,5,124,1,1,1,1,1
2018010108995,2,9,0,6,0,8,0,0,0,0,1,1,6,3,-1,-1,1781,1,17,-1,-1,-1
2018010109000,1,9,0,4,0,0,0,0,0,0,2,1,6,1,40,7,1896,2,11,2,1,2
2018010109000,2,1,0,3,4,0,0,0,0,0,1,1,6,1,32,6,-1,-1,-1,-1,-1,-1
2018010109001,1,8,0,18,0,0,0,0,0,0,1,1,6,1,37,7,1798,8,6,4,1,4
2018010109003,1,9,0,18,3,1,0,0,0,0,1,1,6,3,-1,-1,-1,-1,-1,-1,-1,-1
2018010109004,1,9,0,9,0,2,0,0,7,10,1,1,6,1,19,4,1399,1,-1,2,1,2
2018010109006,1,9,0,4,0,1,0,0,0,0,2,2,6,2,38,7,1461,2,5,3,1,3
2018010109006,2,1,0,18,0,1,0,0,0,0,1,1,6,1,32,6,-1,-1,-1,6,1,6
2018010109006,3,19,0,18,0,1,0,0,0,0,0,1,6,3,-1,-1,-1,-1,-1,-1,-1,-1
2018010109007,1,3,0,-1,-1,-1,-1,-1,-1,-1,-1,1,6,1,-1,-1,124,1,7,6,1,6
2018010109007,2,9,0,-1,-1,-1,-1,-1,-1,-1,-1,-1,6,3,-1,-1,-1,-1,-1,-1,-1,-1
2018010109008,1,1,-1,-1,-1,-1,-1,-1,-1,-1,2,1,6,2,45,7,-1,-1,-1,9,1,9
2018010109008,2,19,0,-1,-1,-1,-1,-1,-1,-1,1,-1,6,1,-1,-1,2464,2,14,7,1,7
2018010109009,1,9,0,4,0,1,0,0,0,0,2,1,6,2,36,7,1395,1,1,3,1,3
2018010109009,2,9,0,12,0,1,0,0,0,0,1,1,6,1,21,5,1364,1,11,4,1,4
2018010109012,1,9,0,-1,-1,-1,-1,-1,-1,-1,4,-1,6,1,32,6,1796,1,10,9,1,9
2018010109012,2,9,0,-1,-1,-1,-1,-1,-1,-1,1,-1,6,1,29,6,1598,1,11,6,1,6
2018010109013,1,9,0,17,0,2,5,4,0,0,1,1,6,1,31,6,2616,1,12,4,1,4
2018010109013,2,9,0,2,0,2,0,0,0,0,4,1,6,3,-1,-1,1956,2,6,-1,-1,-1
2018010109014,1,9,0,3,0,1,0,0,0,0,1,2,6,1,21,5,-1,-1,-1,4,1,4
2018010109014,2,9,0,3,0,1,0,0,0,0,2,2,1,1,45,7,-1,-1,-1,3,1,3
2018010109016,1,9,0,3,0,1,0,0,0,0,2,1,6,1,53,8,-1,-1,-1,7,1,7
2018010109016,2,20,1,3,0,1,0,0,0,0,2,1,1,1,52,8,4500,2,11,8,1,8
2018010109018,1,9,0,9,0,6,0,0,0,0,1,1,6,1,49,8,1497,8,-1,7,1,7
2018010109018,2,3,0,9,0,2,0,0,0,0,2,1,6,1,29,6,125,1,7,4,1,4
2018010109021,1,9,0,10,0,6,0,0,0,0,1,2,6,2,39,7,1386,1,10,8,1,8
2018010109021,2,5,0,18,0,1,5,0,0,0,1,1,6,1,29,6,749,1,4,8,1,8
2018010109025,1,9,0,-1,-1,0,-1,-1,-1,-1,-1,-1,6,1,24,5,2171,1,15,2,1,2
2018010109025,2,19,0,18,0,0,0,0,0,0,4,1,6,1,-1,-1,2198,2,11,2,1,2
2018010109027,1,19,0,-1,-1,0,-1,-1,-1,-1,2,-1,6,1,46,8,1598,2,1,2,1,2
2018010109027,2,9,0,-1,-1,0,-1,-1,-1,-1,1,-1,6,1,-1,-1,999,1,1,-1,-1,-1
2018010109028,1,11,0,18,0,1,0,0,0,0,0,1,1,1,43,7,4461,2,5,2,1,2
2018010109028,2,9,0,7,0,1,0,0,0,0,0,1,6,1,28,6,1461,2,8,3,1,3
2018010109029,1,9,0,9,0,7,0,0,0,0,1,1,6,1,53,8,-1,-1,-1,3,1,3
2018010109029,2,1,0,18,0,1,5,0,0,0,1,1,6,1,27,6,-1,-1,-1,2,1,2
2018010109030,1,9,0,18,0,1,0,0,0,0,3,1,1,1,51,8,1798,8,1,-1,-1,-1
2018010109031,1,9,0,-1,-1,-1,-1,-1,-1,-1,2,-1,6,1,45,7,1560,2,4,10,1,10
2018010109031,2,9,0,-1,-1,-1,-1,-1,-1,-1,1,-1,6,1,40,7,1998,1,13,6,1,6
2018010109032,1,9,0,14,0,0,0,0,0,0,2,1,6,1,31,6,3199,1,15,2,1,2
2018010109039,1,8,0,18,0,0,0,0,0,0,1,1,1,1,38,7,1798,8,1,-1,-1,-1
2018010109039,2,1,0,14,0,0,5,0,0,0,2,1,6,1,51,8,-1,-1,-1,2,1,2
2018010109040,1,1,-1,-1,-1,-1,-1,-1,-1,-1,2,1,6,1,28,6,-1,-1,-1,2,1,2
2018010109040,2,9,-1,-1,-1,-1,-1,-1,-1,-1,-1,-1,6,3,-1,-1,2987,2,2,4,1,4
2018010109047,1,9,0,9,0,5,0,0,0,0,3,1,6,2,48,8,1364,1,3,4,-1,4
2018010109047,2,5,0,13,0,1,0,0,0,0,4,1,6,1,24,5,1690,1,3,-1,3,-1
2018010109049,1,8,0,18,0,0,0,0,0,0,4,1,1,1,48,8,2143,12,3,4,1,4
2018010109050,1,9,0,9,0,5,0,0,0,0,1,1,6,2,29,6,1956,2,5,9,1,9
2018010109050,2,5,0,3,0,1,0,0,0,0,1,1,6,1,28,6,998,1,5,2,1,2
2018010109054,1,9,0,7,0,1,0,0,0,0,4,1,6,1,34,6,1242,1,14,5,1,5
2018010109054,2,1,0,18,4,8,0,0,0,0,1,1,6,1,35,6,-1,-1,-1,5,1,5
2018010109058,1,9,0,10,0,1,0,0,0,0,4,1,6,1,60,9,1497,8,-1,3,1,3
2018010109061,1,9,0,18,0,6,0,0,0,0,1,1,6,1,51,8,1598,1,13,3,1,3
2018010109061,2,1,0,18,0,8,5,0,0,0,4,1,6,2,31,6,-1,-1,-1,2,-1,2
2018010109064,1,9,0,18,0,1,0,0,0,0,1,1,2,1,33,6,4973,1,25,2,1,2
2018010109064,2,3,0,18,0,6,2,0,0,0,1,1,6,1,-1,-1,279,1,10,-1,-1,-1
2018010109065,1,2,0,18,0,0,0,0,0,0,2,1,6,1,16,4,49,1,4,2,1,2
2018010109065,2,2,0,18,0,0,0,0,0,0,1,1,6,1,16,4,49,1,6,5,1,5
2018010109066,1,9,0,18,0,1,0,0,0,0,2,1,1,1,37,7,-1,-1,-1,2,1,2
2018010109066,2,9,0,18,0,1,0,2,0,0,2,1,1,2,28,6,1364,1,11,2,1,2
2018010109068,1,9,0,5,9,6,0,0,0,0,4,1,1,1,33,6,1797,8,8,-1,-1,-1
2018010109068,2,1,0,9,9,2,0,0,0,0,1,1,2,1,35,6,-1,-1,-1,3,1,3
2018010109071,1,9,0,18,0,8,0,0,0,0,1,1,6,3,-1,-1,-1,-1,-1,-1,-1,-1
2018010109071,2,3,0,18,0,2,0,0,0,0,3,1,1,1,22,5,108,1,2,4,1,4
2018010109073,1,9,0,18,0,0,1,0,1,0,3,1,6,1,26,6,1968,2,11,7,1,7
2018010109076,1,9,0,3,0,0,0,0,0,0,1,2,6,2,54,8,1997,1,11,4,1,4
2018010109076,2,9,0,3,0,0,0,0,0,0,2,1,1,1,43,7,-1,-1,-1,3,1,3
2018010109077,1,9,0,9,0,1,0,0,0,0,4,1,6,1,50,8,1968,2,3,5,1,5
2018010109077,2,9,0,5,0,1,0,0,0,0,3,1,6,2,39,7,1587,1,15,7,1,7
2018010109077,3,9,0,5,0,1,0,0,0,0,1,1,6,2,26,6,1968,2,7,2,1,2
2018010109078,1,9,0,5,0,0,0,0,0,0,1,1,6,2,36,7,1242,1,13,6,2,6
2018010109078,2,8,0,12,2,0,0,0,0,0,2,1,6,3,-1,-1,1997,2,-1,-1,-1,-1
2018010109079,1,9,0,8,0,1,0,0,0,0,3,1,6,1,44,7,1997,2,10,3,1,3
2018010109079,2,3,0,7,0,1,2,0,0,0,3,1,1,2,41,7,125,1,3,5,1,5
2018010109081,1,9,0,5,0,0,0,0,0,0,1,1,6,1,30,6,1595,1,18,2,1,2
2018010109083,1,5,0,15,0,0,0,0,0,0,1,1,6,1,25,5,847,1,3,5,1,5
2018010109083,2,9,0,18,0,0,0,0,0,0,2,1,6,1,37,7,1499,2,-1,4,1,4
2018010109083,3,5,0,13,0,0,0,0,0,0,0,1,6,1,31,6,999,1,7,5,1,5
2018010109083,4,5,0,18,0,0,0,0,0,0,0,1,6,1,24,5,599,1,8,6,1,6
2018010109083,5,5,0,18,0,0,0,0,0,0,0,1,6,1,24,5,599,1,16,3,1,3
2018010109084,1,9,0,18,0,1,0,0,0,0,1,1,6,2,28,6,1995,2,6,3,1,3
2018010109084,2,9,0,18,0,1,0,0,0,0,4,1,6,2,31,6,1461,2,4,2,1,2
2018010109085,1,11,0,18,0,6,0,0,0,0,3,1,1,1,31,6,4500,2,9,4,1,4
2018010109087,1,9,0,18,0,1,0,0,7,4,1,1,6,1,20,4,2143,2,3,4,1,4
2018010109087,2,9,0,9,0,2,0,0,0,0,3,1,6,1,30,6,1389,1,18,4,1,4
2018010109088,1,3,0,18,0,0,0,0,0,0,1,1,6,1,24,5,125,1,7,2,1,2
2018010109088,2,9,0,7,0,0,0,0,1,0,4,1,6,1,33,6,1995,2,4,9,1,9
2018010109093,1,8,0,18,0,1,0,0,0,0,2,1,1,1,56,9,1797,8,9,3,1,3
2018010109093,2,9,0,18,0,1,0,0,0,0,1,1,6,3,-1,-1,1796,1,17,-1,-1,-1
2018010109094,1,9,0,3,0,1,0,0,0,0,4,1,6,1,67,10,4394,7,13,4,1,4
2018010109094,2,1,0,15,0,1,0,0,0,0,1,1,2,1,29,6,-1,-1,-1,-1,-1,-1
2018010109096,1,11,0,9,0,1,0,0,0,0,1,1,1,2,55,8,4500,2,7,3,1,3
2018010109099,1,9,0,18,0,0,2,4,0,0,4,1,6,1,39,7,1390,1,17,2,1,2
2018010109099,2,9,0,2,0,0,0,0,0,0,4,1,6,3,-1,-1,-1,-1,-1,-1,-1,-1
2018010109104,1,8,0,18,0,8,0,0,0,0,1,1,1,1,29,6,1956,2,2,7,1,7
2018010109104,2,1,0,18,0,8,0,0,0,0,1,1,6,1,44,7,-1,-1,-1,3,1,3
2018010109108,1,5,0,18,6,0,0,11,0,0,4,1,6,1,40,7,803,1,1,3,1,3
2018010109109,1,9,0,18,0,8,0,0,0,0,1,1,6,1,71,10,1998,1,14,9,3,9
2018010109109,2,8,0,18,0,8,0,0,0,0,1,1,1,1,48,8,1598,1,5,4,1,4
2018010109117,1,9,0,18,9,0,0,7,1,2,1,1,6,1,28,6,1560,2,9,4,1,4
2018010109119,1,9,0,18,0,8,0,0,0,0,1,1,6,1,37,7,1328,1,11,5,1,5
2018010109119,2,9,0,18,0,8,0,0,0,0,0,1,6,1,25,5,1686,2,4,2,1,2
2018010109120,1,9,0,18,0,2,0,7,0,0,1,1,6,1,84,11,1498,1,9,7,1,7
2018010109121,1,1,0,18,4,1,0,0,0,0,1,1,6,1,38,7,-1,-1,-1,-1,-1,-1
2018010109123,1,9,0,18,0,0,0,0,1,0,1,1,6,2,22,5,-1,-1,-1,2,1,2
2018010109123,2,9,0,18,0,0,0,0,7,0,1,1,6,1,33,6,-1,3,3,10,1,10
2018010109127,1,11,0,18,0,1,0,0,0,0,0,1,1,1,35,6,5132,2,2,3,1,3
2018010109130,1,90,0,18,9,0,0,0,0,0,1,1,6,1,68,10,-1,-1,-1,6,1,6
2018010109131,1,9,0,18,9,2,0,0,0,0,2,1,6,1,71,10,3700,1,14,4,1,4
2018010109131,2,9,0,18,0,2,0,0,0,0,1,1,6,2,32,6,1596,1,12,2,1,2
2018010109135,1,9,0,18,0,1,0,0,0,0,2,1,6,1,54,8,1395,8,1,6,1,6
2018010109135,2,9,0,18,0,1,0,0,0,0,2,1,6,1,27,6,999,1,5,9,1,9
2018010109135,3,9,0,18,0,1,0,0,0,0,1,1,6,1,45,7,1995,2,7,4,1,4
2018010109137,1,9,0,18,0,1,0,0,0,0,2,1,6,2,27,6,1368,1,8,8,1,8
2018010109137,2,9,0,18,0,8,0,0,0,0,1,1,6,2,27,6,999,1,1,10,1,10
2018010109138,1,19,0,2,0,0,0,0,0,0,2,1,6,3,-1,-1,2143,2,2,-1,-1,-1
2018010109138,2,9,0,15,0,0,0,0,0,0,1,1,6,3,-1,-1,-1,-1,-1,-1,-1,-1
2018010109139,1,1,-1,18,-1,0,-1,-1,-1,-1,-1,1,6,2,34,6,-1,-1,-1,6,1,6
2018010109139,2,9,0,6,-1,0,-1,-1,-1,-1,-1,-1,6,1,29,6,-1,-1,-1,9,1,9
2018010109140,1,9,0,9,0,0,0,0,0,0,4,1,6,1,72,10,1997,1,15,2,1,2
2018010109140,2,5,0,18,0,0,2,0,0,0,1,1,6,1,30,6,599,1,11,5,1,5
2018010109141,1,19,0,18,0,1,0,0,0,0,1,1,6,1,66,10,1399,2,9,5,1,5
2018010109147,1,9,0,9,0,5,0,0,0,0,4,1,6,1,31,6,1998,1,3,5,1,5
2018010109147,2,5,0,16,0,1,2,0,0,0,3,1,2,1,43,7,806,1,3,10,1,10
2018010109147,3,9,0,18,0,1,0,0,0,0,3,1,2,1,39,7,1968,2,2,7,1,7
2018010109150,1,8,0,7,0,5,0,0,0,0,4,1,1,1,51,8,1797,8,7,2,1,2
2018010109150,2,1,0,7,0,5,0,0,0,0,4,1,6,2,61,9,-1,-1,-1,10,1,10