Accident_Index,Vehicle_Reference,Vehicle_Type,Towing_and_Articulation,Vehicle_Manoeuvre,Vehicle_Location-Restricted_Lane,Junction_Location,Skidding_and_Overturning,Hit_Object_in_Carriageway,Vehicle_Leaving_Carriageway,Hit_Object_off_Carriageway,1st_Point_of_Impact,Was_Vehicle_Left_Hand_Drive?,Journey_Purpose_of_Driver,Sex_of_Driver,Age_of_Driver,Age_Band_of_Driver,Engine_Capacity_(CC),Propulsion_Code,Age_of_Vehicle,Driver_IMD_Decile,Driver_Home_Area_Type,Vehicle_IMD_Decile
2018010109153,1,9,0,7,0,1,0,0,0,0,1,1,6,1,30,6,1388,1,11,3,1,3
2018010109153,2,1,0,18,4,1,5,10,0,0,1,1,6,2,24,5,-1,-1,-1,5,1,5
2018010109155,1,1,0,18,9,1,0,0,0,0,1,1,6,1,12,3,-1,-1,-1,2,1,2
2018010109156,1,9,0,5,0,0,0,0,0,0,1,1,6,3,-1,-1,1596,1,9,-1,-1,-1
2018010109159,1,8,0,9,0,5,0,0,0,0,1,1,1,1,43,7,1997,2,4,4,1,4
2018010109160,1,9,0,5,0,0,0,0,1,10,3,1,6,1,59,9,2967,2,4,7,3,7
2018010109160,2,9,0,18,0,0,0,0,0,0,1,1,6,1,77,11,2143,2,4,8,1,8
2018010109161,1,9,0,18,0,8,0,0,0,0,1,1,6,1,42,7,3982,1,2,3,1,3
2018010109161,2,3,0,18,0,8,5,0,0,0,4,1,6,1,24,5,125,1,7,8,1,8
2018010109162,1,9,0,18,0,1,0,0,0,0,1,1,6,2,33,6,-1,-1,-1,2,1,2
2018010109162,2,1,0,5,5,8,0,0,0,0,3,1,6,2,35,6,-1,-1,-1,3,1,3
2018010109163,1,9,0,18,0,0,0,0,0,0,1,1,6,1,52,8,1598,2,8,5,1,5
2018010109164,1,9,0,18,0,0,0,0,0,0,1,1,6,2,38,7,-1,-1,-1,2,1,2
2018010109165,1,9,0,5,0,5,0,0,7,0,2,1,6,1,38,7,1197,1,3,-1,-1,-1
2018010109165,2,9,0,4,0,1,0,0,0,0,1,1,1,1,32,6,1794,1,16,3,1,3
2018010109166,1,8,0,4,0,8,0,0,0,0,1,1,6,1,52,8,2143,2,3,7,1,7
2018010109166,2,9,0,18,0,8,0,0,0,0,1,1,6,2,62,9,1598,1,8,6,1,6
2018010109166,3,9,0,4,0,8,0,0,0,0,2,1,6,1,60,9,1968,2,11,6,1,6
2018010109167,1,9,0,9,0,1,0,0,0,0,1,1,6,1,80,11,1997,2,11,9,3,9
2018010109167,2,9,0,18,0,1,0,0,0,0,1,1,6,1,66,10,1796,1,9,6,2,6
2018010109168,1,9,0,18,0,2,5,10,0,0,4,1,6,1,50,8,1587,1,14,3,1,3
2018010109169,1,19,0,18,0,1,0,0,0,0,3,1,6,1,45,7,2494,2,15,5,1,5
2018010109169,2,1,0,18,0,1,0,0,0,0,1,1,6,2,37,7,-1,-1,-1,5,1,5
2018010109171,1,9,0,18,0,1,0,0,0,0,2,1,6,1,26,6,2143,2,4,3,1,3
2018010109171,2,1,0,12,0,1,0,0,0,0,2,1,6,1,17,4,-1,-1,-1,4,1,4
2018010109172,1,9,0,9,0,8,0,0,0,0,3,1,6,2,25,5,1968,2,-1,2,1,2
2018010109172,2,5,0,18,0,8,0,0,0,0,1,1,6,3,-1,-1,-1,-1,-1,-1,-1,-1
2018010109173,1,8,0,18,0,8,0,0,0,0,4,1,1,1,53,8,1997,2,4,5,1,5
2018010109173,2,3,0,18,0,8,0,0,0,0,3,1,1,1,47,8,125,1,-1,2,1,2
2018010109173,3,8,0,6,0,8,0,0,0,0,0,1,1,1,42,7,1797,8,3,3,1,3
2018010109174,1,19,0,9,0,5,0,0,0,0,4,1,1,1,53,8,1499,2,1,4,1,4
2018010109174,2,3,0,18,0,1,0,0,0,0,1,1,1,1,19,4,108,1,2,3,1,3
2018010109175,1,9,0,14,0,0,0,0,0,0,4,1,6,1,19,4,1199,1,16,7,1,7
2018010109175,2,9,0,5,0,0,0,0,0,0,1,1,6,1,28,6,1988,1,16,3,1,3
2018010109175,3,19,0,2,0,0,0,0,0,0,1,1,6,3,-1,-1,1995,2,5,-1,-1,-1
2018010109176,1,9,0,9,7,2,0,0,7,0,1,1,6,1,44,7,2993,2,6,9,1,9
2018010109176,2,1,0,18,0,8,0,0,0,0,1,1,2,1,38,7,-1,-1,-1,10,1,10
2018010109177,1,8,0,4,0,0,0,0,0,0,1,1,1,1,49,8,-1,-1,-1,-1,-1,-1
2018010109177,2,19,0,16,0,0,0,0,0,0,1,2,6,1,38,7,-1,-1,-1,6,1,6
2018010109178,1,9,0,18,0,1,0,0,0,0,2,1,6,1,42,7,1388,1,8,3,1,3
2018010109178,2,9,0,18,0,1,0,0,0,0,1,1,6,1,38,7,2143,2,4,2,1,2
2018010109181,1,9,0,9,0,2,0,0,0,0,3,1,6,2,74,10,1339,1,12,6,1,6
2018010109181,2,9,0,18,0,1,1,0,0,0,1,1,6,1,56,9,1796,1,16,5,1,5
2018010109183,1,9,0,5,0,1,0,0,0,0,1,1,6,1,35,6,2143,2,4,1,1,1
2018010109183,2,9,0,3,0,1,0,0,0,0,3,1,6,2,31,6,1790,1,10,3,1,3
2018010109184,1,8,0,18,0,1,0,0,0,0,4,2,6,1,41,7,1797,8,8,6,1,6
2018010109185,1,5,0,13,0,8,0,7,0,0,1,1,6,1,22,5,-1,-1,-1,6,1,6
2018010109186,1,9,0,5,0,2,0,0,0,0,0,1,6,1,46,8,1796,1,4,-1,-1,-1
2018010109186,2,5,0,17,0,2,1,0,0,0,0,1,6,1,65,9,1585,1,7,-1,-1,-1
2018010109187,1,9,0,7,0,1,0,0,0,0,1,1,6,3,-1,-1,2143,2,1,-1,-1,-1
2018010109187,2,9,0,18,0,1,0,4,0,0,1,1,6,2,58,9,1360,1,14,-1,-1,-1
2018010109188,1,9,0,18,0,0,0,0,0,0,1,1,6,1,33,6,1790,8,6,2,1,2
2018010109188,2,1,0,18,0,0,0,10,0,0,2,1,6,1,41,7,-1,-1,-1,2,1,2
2018010109189,1,3,0,18,0,1,0,0,0,0,1,1,6,1,31,6,125,1,2,4,1,4
2018010109189,2,8,0,8,0,1,0,0,0,0,1,1,1,1,42,7,1798,8,5,4,1,4
2018010109190,1,8,0,4,0,1,0,0,0,0,1,1,6,1,32,6,1797,8,8,2,1,2
2018010109190,2,9,0,1,0,1,0,0,0,0,2,1,6,3,18,4,2401,2,16,4,1,4
2018010109191,1,9,0,18,0,2,5,10,0,0,1,1,6,3,-1,-1,1422,2,9,-1,-1,-1
2018010109192,1,19,0,18,0,1,0,4,0,0,1,1,6,1,56,9,2295,7,15,2,1,2
2018010109192,2,9,0,2,0,1,0,0,0,0,3,1,6,3,-1,-1,2987,2,7,-1,-1,-1
2018010109192,3,9,0,2,0,1,0,0,0,0,3,1,6,3,-1,-1,1997,2,4,-1,-1,-1
2018010109195,1,8,0,4,0,1,0,7,0,0,3,1,1,1,26,6,2499,2,5,3,1,3
2018010109195,2,9,0,7,0,8,1,0,0,0,3,1,6,1,32,6,1242,1,16,4,1,4
2018010109197,1,3,0,18,0,1,0,0,0,0,1,1,6,3,-1,-1,-1,-1,-1,-1,-1,-1
2018010109198,1,9,0,4,0,0,0,0,0,0,2,1,6,2,35,6,1618,1,3,4,1,4
2018010109198,2,9,0,18,0,0,0,0,0,0,1,1,6,1,63,9,1598,1,7,5,1,5
2018010109198,3,9,0,18,0,0,0,0,0,0,1,1,6,1,53,8,5000,1,9,3,1,3
2018010109198,4,9,0,18,0,0,0,0,0,0,1,1,6,2,25,5,1461,2,2,4,1,4
2018010109200,1,9,0,7,0,8,0,0,0,0,1,1,6,1,66,10,1395,1,2,4,1,4
2018010109200,2,5,0,14,0,8,1,0,0,0,1,1,2,1,53,8,599,1,11,2,1,2
2018010109215,1,5,0,16,0,1,0,0,0,0,1,1,1,1,35,6,1745,1,-1,10,1,10
2018010109215,2,1,0,16,0,1,0,0,0,0,1,1,1,2,24,5,-1,-1,-1,6,1,6
2018010109218,1,1,0,5,0,2,0,0,0,0,4,1,6,2,48,8,-1,-1,-1,8,1,8
2018010109218,2,8,0,3,0,2,0,0,0,0,4,1,6,3,-1,-1,-1,-1,-1,-1,-1,-1
2018010109219,1,5,0,18,0,0,0,0,0,0,2,1,2,1,28,6,600,1,17,3,1,3
2018010109219,2,9,0,18,0,0,0,0,0,0,2,1,3,2,34,6,1794,1,10,5,1,5
2018010109219,3,90,0,18,0,0,0,0,0,0,1,1,6,3,-1,-1,-1,-1,-1,-1,-1,-1
2018010109224,1,1,-1,18,0,1,-1,-1,0,0,-1,1,6,1,-1,-1,-1,-1,-1,-1,-1,-1
2018010109232,1,9,-1,18,-1,1,-1,-1,-1,-1,-1,-1,6,3,-1,-1,1986,2,12,-1,-1,-1
2018010109238,1,19,0,4,0,0,0,0,0,0,1,1,2,1,57,9,1560,2,3,4,1,4
2018010109240,1,9,0,18,0,1,0,0,0,0,4,1,2,1,38,7,1798,8,1,2,1,2
2018010109240,2,1,0,18,0,1,0,0,0,0,1,1,2,1,40,7,-1,-1,-1,-1,-1,-1
2018010109247,1,9,0,18,0,4,0,0,0,0,2,-1,6,1,57,9,1339,8,7,1,1,1
2018010109247,2,9,0,18,-1,4,0,0,0,0,1,-1,6,3,-1,-1,1995,2,7,-1,-1,-1
2018010109251,1,1,-1,-1,-1,0,-1,-1,-1,-1,-1,1,6,1,35,6,-1,-1,-1,3,-1,3
2018010109264,1,9,0,-1,-1,0,-1,-1,-1,-1,2,-1,6,1,21,5,1364,1,12,5,1,5
2018010109264,2,9,0,-1,-1,0,-1,-1,-1,-1,-1,-1,6,1,-1,-1,-1,-1,-1,-1,-1,-1
2018010109264,3,9,-1,-1,-1,0,-1,-1,-1,-1,-1,-1,6,3,-1,-1,-1,-1,-1,-1,-1,-1
2018010109265,1,3,0,-1,-1,-1,-1,-1,-1,-1,-1,1,6,1,39,7,125,1,2,5,1,5
2018010109266,1,9,0,-1,-1,0,-1,-1,-1,-1,1,-1,6,3,-1,-1,-1,-1,-1,-1,-1,-1
2018010109268,1,9,0,18,-1,0,-1,-1,-1,-1,2,-1,6,2,31,6,998,1,5,1,1,1
2018010109268,2,9,0,-1,-1,0,-1,-1,-1,-1,1,-1,6,3,-1,-1,1968,2,6,-1,-1,-1
2018010109270,1,9,-1,-1,-1,0,-1,-1,-1,-1,-1,-1,6,2,66,10,1796,1,10,3,1,3
2018010109270,2,9,-1,-1,-1,0,-1,-1,-1,-1,-1,-1,6,3,-1,-1,-1,-1,-1,-1,-1,-1
2018010109273,1,9,0,3,0,0,0,0,0,0,3,1,6,1,41,7,1461,2,1,4,1,4
2018010109273,2,9,0,-1,0,0,0,0,0,0,-1,1,6,1,33,6,1598,1,9,3,1,3
2018010109275,1,3,0,18,0,0,5,0,0,0,1,1,6,1,18,4,125,1,8,4,1,4
2018010109275,2,3,0,13,0,0,-1,0,0,0,1,1,6,3,-1,-1,279,1,11,-1,-1,-1
2018010109277,1,5,0,13,0,1,0,7,0,0,1,1,6,1,55,8,2294,1,9,6,1,6
2018010109278,1,11,-1,-1,-1,-1,-1,-1,-1,10,-1,-1,6,3,-1,-1,-1,-1,-1,-1,-1,-1
2018010109281,1,8,0,5,0,1,0,0,0,0,1,1,1,1,49,8,1364,1,3,2,1,2
2018010109281,2,9,0,3,0,1,0,0,0,0,2,1,6,2,31,6,1598,1,14,1,1,1
2018010109283,1,9,0,-1,0,1,0,0,0,0,2,-1,2,2,-1,-1,1339,1,9,5,1,5
2018010109283,2,9,0,-1,0,1,0,0,0,0,1,-1,6,2,-1,-1,1242,1,3,-1,-1,-1
2018010109286,1,5,0,-1,-1,0,-1,-1,-1,-1,-1,1,6,1,43,7,749,1,9,5,1,5
2018010109286,2,9,0,-1,-1,0,-1,-1,-1,-1,3,-1,6,1,-1,-1,-1,-1,-1,-1,-1,-1
2018010109294,1,11,2,-1,-1,-1,-1,-1,-1,-1,1,-1,6,3,-1,-1,-1,-1,-1,-1,-1,-1
2018010109294,2,11,-1,-1,-1,-1,-1,-1,-1,-1,-1,-1,1,3,-1,-1,4461,2,5,-1,-1,-1
2018010109297,1,9,0,-1,-1,-1,-1,-1,-1,-1,1,-1,6,1,-1,-1,-1,-1,-1,-1,-1,-1
2018010109300,1,9,0,4,0,0,0,0,0,0,2,-1,6,1,43,7,1390,1,11,3,1,3
2018010109301,1,3,0,-1,-1,-1,-1,-1,-1,-1,-1,1,6,1,29,6,124,1,7,1,1,1
2018010109301,2,9,0,-1,-1,-1,-1,-1,-1,-1,1,-1,6,1,56,9,1598,1,13,-1,-1,-1
2018010109304,1,19,0,-1,-1,0,-1,-1,-1,-1,2,-1,2,1,57,9,1995,2,10,6,1,6
2018010109304,2,19,0,-1,-1,0,-1,-1,-1,-1,1,-1,6,1,-1,-1,1248,2,3,1,1,1
2018010109304,3,19,0,-1,-1,0,-1,-1,-1,-1,2,-1,6,1,-1,-1,2198,2,2,-1,-1,-1
2018010109318,1,9,0,-1,-1,-1,-1,-1,-1,-1,4,-1,2,1,25,5,1242,1,8,5,1,5
2018010109318,2,9,0,-1,-1,-1,-1,-1,-1,-1,3,-1,6,3,28,6,2143,2,2,-1,-1,-1
2018010109331,1,9,0,-1,-1,0,-1,-1,-1,-1,2,-1,6,1,18,4,1598,1,12,2,1,2
2018010109335,1,5,0,-1,-1,-1,-1,-1,-1,-1,-1,1,6,1,34,6,998,1,9,5,1,5
2018010109335,2,9,0,-1,-1,-1,-1,-1,-1,-1,-1,-1,6,1,-1,-1,-1,-1,-1,-1,-1,-1
2018010109341,1,3,0,-1,-1,-1,-1,-1,-1,-1,-1,1,6,2,40,7,124,1,6,8,1,8
2018010109341,2,9,0,-1,-1,-1,-1,-1,-1,-1,1,-1,6,2,-1,-1,1598,2,1,3,1,3
2018010109344,1,9,0,-1,-1,-1,-1,-1,-1,-1,-1,-1,6,1,-1,-1,1339,1,11,-1,-1,-1
2018010109345,1,9,0,-1,-1,-1,-1,-1,-1,-1,1,-1,6,2,31,6,1242,1,2,2,1,2
2018010109345,2,9,0,-1,-1,-1,-1,-1,-1,-1,2,-1,6,1,28,6,1896,2,12,2,1,2
2018010109354,1,9,0,-1,-1,0,-1,-1,-1,-1,1,-1,6,1,29,6,1461,2,3,2,1,2
2018010109354,2,9,0,-1,-1,0,-1,-1,-1,-1,1,-1,6,2,-1,-1,999,1,16,5,1,5
2018010109376,1,9,0,-1,-1,0,-1,-1,-1,-1,2,-1,6,1,34,6,1896,2,15,2,1,2
2018010109376,2,9,0,-1,-1,0,-1,-1,-1,-1,1,-1,6,3,-1,-1,1598,1,12,-1,-1,-1
2018010109380,1,1,-1,-1,-1,0,-1,-1,-1,-1,1,1,6,1,24,5,-1,-1,-1,3,1,3
2018010109380,2,9,0,-1,-1,0,-1,-1,-1,-1,1,-1,6,1,52,8,1360,1,17,6,1,6
2018010109381,1,9,0,-1,-1,-1,-1,-1,-1,-1,2,-1,6,2,34,6,1197,1,2,4,1,4
2018010109381,2,9,0,-1,-1,-1,-1,-1,-1,-1,1,-1,6,3,-1,-1,1497,8,11,-1,-1,-1
2018010109394,1,9,0,4,0,1,0,0,0,0,1,1,6,1,43,7,2149,2,11,-1,-1,-1
2018010109394,2,1,0,10,0,5,0,0,0,0,2,1,2,1,54,8,-1,-1,-1,4,1,4
2018010109396,1,11,0,18,2,1,0,0,0,0,0,1,1,1,61,9,6692,2,7,1,1,1
2018010109399,1,19,0,2,0,1,0,0,0,0,3,1,6,3,-1,-1,2143,2,5,-1,-1,-1
2018010109399,2,1,0,14,0,1,0,4,0,0,4,1,6,1,61,9,-1,-1,-1,3,1,3
2018010109400,1,9,0,6,0,1,0,0,0,0,3,1,6,1,26,6,-1,-1,-1,2,1,2
2018010109400,2,3,0,18,0,1,0,0,0,0,1,1,1,1,28,6,108,1,2,6,1,6
2018010109405,1,9,0,18,0,0,0,0,0,0,1,1,3,2,39,7,2993,2,6,8,1,8
2018010109405,2,1,0,18,0,0,5,8,0,0,1,1,2,2,38,7,-1,-1,-1,5,1,5
2018010109408,1,9,0,18,0,0,0,0,2,10,3,1,6,1,70,10,4134,2,3,10,1,10
2018010109408,2,8,0,18,0,0,0,0,1,0,3,1,1,1,43,7,1997,2,5,4,1,4
2018010109410,1,4,0,14,0,0,0,0,0,0,1,1,2,1,51,8,124,1,1,8,1,8
2018010109415,1,11,0,9,0,4,0,0,0,0,0,1,1,1,31,6,6700,2,9,5,1,5
2018010109420,1,9,0,5,0,8,0,0,0,0,1,1,6,1,30,6,998,1,2,8,1,8
2018010109420,2,3,0,18,0,8,0,0,0,0,4,1,6,1,38,7,125,1,1,1,1,1
2018010109423,1,11,0,18,0,8,0,0,0,0,0,1,1,1,57,9,6700,2,8,2,1,2
2018010109425,1,1,0,18,0,1,0,0,0,0,2,1,2,1,43,7,-1,-1,-1,9,1,9
2018010109425,2,19,0,18,0,1,0,0,0,0,1,-1,6,1,-1,-1,1896,2,9,-1,-1,-1
2018010109427,1,1,0,18,9,5,0,0,0,0,1,1,2,1,30,6,-1,-1,-1,1,1,1
2018010109428,1,1,-1,-1,-1,-1,-1,-1,-1,-1,1,1,2,1,18,4,-1,-1,-1,1,1,1
2018010109428,2,8,0,-1,-1,-1,-1,-1,-1,-1,-1,-1,6,1,50,8,1997,2,3,3,1,3
2018010109430,1,9,0,3,0,6,0,0,0,0,1,1,3,2,33,6,1461,2,8,2,1,2
2018010109430,2,9,0,7,0,1,0,0,0,0,1,1,6,2,36,7,998,1,2,-1,-1,-1
2018010109437,1,9,-1,18,-1,-1,-1,-1,-1,-1,-1,-1,6,3,-1,-1,-1,-1,-1,-1,-1,-1
2018010109437,2,1,-1,-1,-1,-1,-1,-1,-1,-1,-1,1,6,3,-1,-1,-1,-1,-1,-1,-1,-1
2018010109438,1,9,0,18,0,2,0,0,0,0,1,1,6,2,32,6,2720,2,13,5,1,5
2018010109439,1,3,0,-1,-1,-1,-1,-1,-1,-1,1,1,6,1,25,5,125,1,4,1,1,1
2018010109439,2,8,0,-1,-1,-1,-1,-1,-1,-1,1,-1,6,1,-1,-1,-1,-1,-1,1,1,1
2018010109442,1,9,0,10,0,0,0,0,0,0,3,1,3,2,33,6,1198,1,13,2,1,2
2018010109442,2,1,0,14,0,0,0,0,0,0,1,1,6,1,45,7,-1,-1,-1,5,1,5
2018010109445,1,9,0,-1,-1,-1,-1,-1,-1,-1,-1,-1,6,1,47,8,1995,1,11,5,1,5
2018010109446,1,9,0,7,8,7,0,0,7,0,1,1,1,1,43,7,-1,-1,-1,2,1,2
2018010109446,2,9,0,16,0,8,0,0,0,0,3,1,2,1,26,6,1242,1,17,4,1,4
2018010109447,1,9,0,18,0,0,0,0,0,0,0,1,6,1,75,10,1461,2,-1,-1,-1,-1
2018010109450,1,9,0,7,0,5,0,0,0,0,4,1,6,1,50,8,2231,2,9,4,1,4
2018010109450,2,1,0,18,4,1,0,0,0,0,1,1,6,1,36,7,-1,-1,-1,4,1,4
2018010109451,1,3,0,18,0,0,0,0,0,0,1,1,2,1,24,5,124,1,3,2,1,2
2018010109455,1,9,0,5,0,2,0,0,0,0,1,1,6,2,68,10,1497,8,1,8,1,8
2018010109455,2,9,0,3,0,2,0,0,0,0,2,1,6,2,52,8,1896,2,16,10,1,10
2018010109455,3,9,0,3,0,2,0,0,0,0,2,1,6,2,41,7,1329,1,2,8,1,8
2018010109456,1,9,0,-1,-1,-1,-1,-1,-1,-1,-1,-1,2,2,40,7,1600,1,13,1,1,1
2018010109456,2,9,0,-1,-1,-1,-1,-1,-1,-1,1,-1,6,2,-1,-1,-1,-1,-1,-1,-1,-1
2018010109457,1,9,0,18,0,0,0,0,0,0,1,1,2,2,49,8,1386,1,8,8,1,8
2018010109457,2,8,0,18,0,0,0,0,0,0,1,1,1,1,58,9,2148,2,7,5,1,5
2018010109457,3,9,0,18,0,0,0,0,0,0,3,1,2,1,61,9,1968,2,1,3,1,3
2018010109458,1,9,0,18,0,1,0,0,0,0,1,1,6,1,56,9,2231,2,6,4,1,4
2018010109460,1,3,0,18,0,0,0,0,0,0,1,1,2,1,49,8,-1,-1,-1,3,1,3
2018010109460,2,9,0,18,0,0,0,0,0,0,1,1,6,3,-1,-1,-1,-1,-1,-1,-1,-1
2018010109461,1,9,0,5,9,0,0,0,0,0,3,1,6,1,55,8,1499,2,2,2,1,2
2018010109461,2,9,0,15,0,0,0,4,0,0,4,1,6,1,68,10,1598,1,11,-1,-1,-1
2018010109462,1,4,0,15,0,1,5,0,0,0,3,1,6,1,30,6,108,1,4,4,1,4
2018010109462,2,9,0,9,0,2,0,0,0,0,3,1,1,1,30,6,-1,-1,-1,4,1,4
2018010109466,1,9,0,6,0,0,0,0,0,0,4,1,3,2,43,7,1600,1,7,7,1,7
2018010109466,2,3,0,18,0,0,0,0,0,0,1,1,2,1,27,6,124,1,6,5,1,5
2018010109468,1,9,0,18,0,0,0,0,0,0,1,1,6,1,31,6,-1,-1,-1,2,1,2
2018010109468,2,9,0,18,0,0,0,0,0,0,2,1,6,2,67,10,1591,1,-1,4,1,4
2018010109469,1,1,0,18,9,0,0,0,0,0,1,1,6,1,30,6,-1,-1,-1,3,1,3
2018010109470,1,9,0,18,0,8,0,0,0,0,1,1,2,2,47,8,1084,1,-1,3,1,3
2018010109470,2,19,0,18,0,8,0,0,0,0,3,1,2,1,26,6,2198,2,2,2,1,2
2018010109471,1,3,0,8,0,0,0,0,0,0,1,1,1,1,32,6,124,1,5,3,1,3
2018010109471,2,8,0,3,0,0,0,0,0,0,2,1,1,1,58,9,1798,8,6,3,1,3
2018010109472,1,9,-1,-1,-1,-1,-1,-1,-1,-1,-1,-1,6,3,-1,-1,-1,-1,-1,-1,-1,-1
2018010109478,1,9,0,11,0,0,0,0,0,0,0,1,6,3,-1,-1,-1,-1,-1,-1,-1,-1
2018010109478,2,9,0,4,0,0,0,0,0,0,2,1,2,1,28,6,1968,2,-1,-1,-1,-1
2018010109478,3,4,0,18,0,0,5,0,0,0,1,1,2,1,35,6,599,1,18,5,1,5
2018010109481,1,11,0,5,2,1,0,0,0,0,0,1,1,1,43,7,4500,2,3,3,1,3
2018010109485,1,5,0,18,0,2,0,0,0,0,1,1,6,3,-1,-1,749,1,11,-1,-1,-1
2018010109486,1,9,0,18,0,1,0,0,3,0,3,1,1,1,46,8,1968,2,3,3,1,3
2018010109486,2,9,0,18,0,1,0,4,1,0,1,1,1,2,29,6,1364,1,9,3,1,3
2018010109488,1,11,0,5,2,1,0,0,0,0,1,1,1,2,35,6,4500,2,4,7,1,7
2018010109494,1,9,0,3,0,1,1,0,0,0,2,1,6,1,38,7,1968,2,9,9,1,9
2018010109494,2,9,0,3,0,1,0,0,0,0,2,1,6,1,44,7,2204,2,13,9,1,9
2018010109494,3,9,0,18,0,1,0,0,0,0,1,1,6,1,72,10,1373,1,-1,3,1,3
2018010109497,1,9,0,7,0,5,0,0,0,0,4,1,2,1,18,4,1229,1,10,2,1,2
2018010109497,2,1,0,18,0,1,0,0,0,0,3,1,2,2,26,6,-1,-1,-1,8,1,8
2018010109499,1,9,0,6,0,1,0,0,0,0,3,1,6,2,51,8,1396,1,1,2,1,2
2018010109499,2,4,0,18,0,1,0,0,0,0,1,1,6,1,35,6,125,1,5,1,1,1
2018010109505,1,9,0,8,0,1,0,0,0,0,4,1,6,1,62,9,1498,1,1,5,1,5
2018010109505,2,1,0,18,0,6,0,0,0,0,1,1,6,1,20,4,-1,-1,-1,5,1,5
2018010109507,1,9,0,-1,-1,-1,-1,-1,-1,-1,-1,-1,6,3,-1,-1,-1,-1,-1,-1,-1,-1
2018010109507,2,1,-1,-1,-1,-1,-1,-1,-1,-1,-1,1,6,2,41,7,-1,-1,-1,6,1,6
2018010109509,1,9,0,18,0,2,0,0,0,0,1,1,6,2,21,5,1388,1,15,3,1,3
2018010109509,2,9,0,17,0,1,0,4,1,10,1,1,6,1,23,5,2993,2,-1,3,1,3
2018010109509,3,9,0,2,0,1,0,4,0,0,3,1,6,3,-1,-1,1389,1,13,-1,-1,-1
2018010109509,4,9,0,2,0,1,0,4,0,0,2,1,6,3,-1,-1,1997,2,9,-1,-1,-1
2018010109509,5,9,0,2,0,1,0,0,0,0,1,1,6,3,-1,-1,1598,1,10,-1,-1,-1
2018010109514,1,9,0,18,0,8,0,0,0,0,1,2,6,2,52,8,1999,1,16,2,1,2
2018010109514,2,3,0,18,0,1,0,0,0,0,3,1,1,1,22,5,124,1,6,2,1,2
2018010109515,1,19,0,18,0,6,0,0,0,0,1,1,6,3,-1,-1,-1,-1,-1,-1,-1,-1
2018010109516,1,19,0,3,0,1,0,0,0,0,2,1,1,2,31,6,1995,2,-1,2,1,2
2018010109516,2,11,0,5,0,1,0,0,0,0,1,1,1,1,56,9,4461,2,5,5,1,5
2018010109519,1,11,0,5,0,8,0,0,0,0,0,1,1,1,26,6,4500,2,4,6,1,6
2018010109521,1,9,0,7,0,3,0,0,0,0,2,1,1,1,37,7,2143,2,1,-1,-1,-1
2018010109521,2,9,0,7,0,3,0,0,0,0,1,1,6,1,40,7,1995,2,6,-1,-1,-1
2018010109523,1,9,0,18,0,1,0,4,0,0,1,1,6,3,-1,-1,1753,2,12,-1,-1,-1
2018010109523,2,9,0,2,0,1,0,0,0,0,2,1,6,3,-1,-1,1296,1,12,-1,-1,-1
2018010109526,1,19,0,18,0,1,0,0,0,0,1,1,6,1,23,5,1995,2,11,1,1,1
2018010109526,2,9,0,18,0,1,0,0,0,0,2,1,6,1,27,6,1968,2,7,-1,-1,-1
2018010109527,1,8,0,5,0,0,0,0,0,0,0,1,1,1,49,8,1997,2,3,2,1,2
2018010109531,1,9,0,18,0,1,0,0,0,0,1,1,2,1,21,5,1598,2,6,2,1,2
2018010109531,2,1,0,18,0,1,0,0,0,0,2,1,2,2,34,6,-1,-1,-1,4,1,4
2018010109535,1,11,-1,-1,-1,-1,-1,-1,-1,-1,-1,1,1,1,-1,-1,4760,2,7,7,1,7
2018010109541,1,1,-1,-1,9,-1,-1,-1,-1,-1,-1,1,6,1,-1,-1,-1,-1,-1,-1,-1,-1
2018010109543,1,9,0,10,0,8,0,0,0,0,4,1,2,1,24,5,1390,1,9,4,1,4
2018010109543,2,9,0,18,0,1,0,0,0,0,1,1,6,3,-1,-1,-1,-1,-1,-1,-1,-1
2018010109553,1,11,0,18,0,2,0,0,0,0,0,1,1,3,-1,-1,9360,2,6,1,1,1
2018010109553,2,3,0,18,0,2,0,0,0,0,1,1,6,3,-1,-1,124,1,10,-1,-1,-1
2018010109554,1,19,0,4,0,0,0,0,0,0,1,1,6,1,27,6,2198,2,7,6,3,6
2018010109554,2,9,0,4,0,0,0,0,0,0,2,1,6,1,26,6,1984,1,10,6,1,6
2018010109559,1,1,0,18,4,1,2,0,0,0,1,1,6,2,22,5,-1,-1,-1,7,1,7
2018010109560,1,9,0,18,0,1,0,0,0,0,1,1,6,1,31,6,1968,2,7,2,1,2
2018010109560,2,9,0,1,0,1,0,0,0,0,2,1,6,3,-1,-1,1999,1,12,-1,-1,-1
2018010109561,1,3,0,18,0,1,0,0,0,0,1,1,6,1,38,7,-1,-1,-1,-1,-1,-1
2018010109562,1,1,-1,-1,-1,-1,-1,-1,-1,-1,1,1,2,1,47,8,-1,-1,-1,10,1,10
2018010109562,2,9,0,-1,-1,-1,-1,-1,-1,-1,-1,-1,6,2,-1,-1,1240,1,15,-1,-1,-1
2018010109568,1,19,0,-1,-1,-1,-1,-1,-1,-1,-1,-1,6,1,-1,-1,1995,2,7,-1,-1,-1
2018010109568,2,1,-1,-1,-1,-1,-1,-1,-1,-1,-1,1,6,1,-1,-1,-1,-1,-1,-1,-1,-1
2018010109570,1,1,0,9,0,4,0,0,0,0,4,1,6,1,34,6,-1,-1,-1,2,1,2
2018010109570,2,9,0,9,0,4,0,0,0,0,3,1,6,3,-1,-1,-1,-1,-1,-1,-1,-1
2018010109573,1,9,0,3,0,1,0,0,0,0,2,1,6,1,29,6,-1,-1,-1,-1,-1,-1
2018010109573,2,9,0,18,0,1,0,0,0,0,1,1,6,3,-1,-1,1595,1,11,-1,-1,-1