Accident_Index,Vehicle_Reference,Vehicle_Type,Towing_and_Articulation,Vehicle_Manoeuvre,Vehicle_Location-Restricted_Lane,Junction_Location,Skidding_and_Overturning,Hit_Object_in_Carriageway,Vehicle_Leaving_Carriageway,Hit_Object_off_Carriageway,1st_Point_of_Impact,Was_Vehicle_Left_Hand_Drive?,Journey_Purpose_of_Driver,Sex_of_Driver,Age_of_Driver,Age_Band_of_Driver,Engine_Capacity_(CC),Propulsion_Code,Age_of_Vehicle,Driver_IMD_Decile,Driver_Home_Area_Type,Vehicle_IMD_Decile
2018010109997,2,3,0,13,0,1,0,0,0,0,1,1,2,1,31,6,124,1,2,6,1,6
2018010109998,1,1,-1,-1,-1,0,-1,-1,-1,-1,1,1,2,1,26,6,-1,-1,-1,1,1,1
2018010109998,2,9,0,-1,-1,0,-1,-1,-1,-1,1,-1,6,1,48,8,2143,2,-1,2,1,2
2018010109999,1,19,0,7,0,2,0,0,0,0,3,1,2,1,47,8,1995,2,1,4,1,4
2018010110001,1,1,0,18,0,8,0,0,0,0,1,1,6,2,38,7,-1,-1,-1,3,1,3
2018010110001,2,2,0,18,0,8,0,0,0,0,1,1,6,3,-1,-1,108,1,5,-1,-1,-1
2018010110002,1,3,0,13,0,2,0,0,0,0,1,1,1,1,18,4,108,1,2,2,1,2
2018010110002,2,9,0,9,0,1,0,0,0,0,0,2,6,2,23,5,1397,1,10,1,1,1
2018010110004,1,9,0,18,0,2,0,0,0,0,1,1,6,1,43,7,1364,2,10,3,1,3
2018010110007,1,11,0,4,0,1,0,0,0,0,0,1,1,2,56,9,9200,2,14,2,1,2
2018010110008,1,9,0,18,0,0,0,0,7,0,1,1,6,1,17,4,1198,1,13,4,1,4
2018010110008,2,9,0,2,0,0,0,0,0,0,2,1,6,3,-1,-1,1999,1,12,-1,-1,-1
2018010110009,1,9,0,7,0,1,0,0,0,0,4,1,2,1,53,8,2000,1,10,5,1,5
2018010110009,2,3,0,15,0,1,0,0,0,0,3,1,6,1,29,6,125,1,2,3,1,3
2018010110014,1,9,0,-1,-1,-1,-1,-1,-1,-1,1,-1,6,1,22,5,1598,2,5,1,1,1
2018010110014,2,9,0,-1,-1,-1,-1,-1,-1,-1,1,-1,6,3,-1,-1,-1,-1,-1,-1,-1,-1
2018010110017,1,1,-1,-1,-1,0,-1,-1,-1,-1,1,1,6,1,34,6,-1,-1,-1,1,1,1
2018010110017,2,9,0,-1,-1,0,-1,-1,-1,-1,-1,-1,6,2,18,4,1242,1,10,4,1,4
2018010110019,1,11,0,18,0,0,0,10,1,0,3,1,6,1,42,7,6700,2,6,2,1,2
2018010110019,2,9,0,18,0,0,0,0,1,0,3,1,6,1,82,11,1248,1,6,8,1,8
2018010110022,1,8,0,-1,-1,-1,-1,-1,-1,-1,2,-1,6,1,42,7,1998,1,15,5,1,5
2018010110022,2,9,-1,-1,-1,-1,-1,-1,0,0,1,-1,6,3,-1,-1,2993,2,7,-1,-1,-1
2018010110023,1,1,-1,-1,-1,0,-1,-1,-1,-1,-1,1,2,2,31,6,-1,-1,-1,3,1,3
2018010110023,2,11,0,-1,-1,0,-1,-1,-1,-1,1,-1,6,1,-1,-1,4500,2,1,-1,-1,-1
2018010110029,1,3,0,-1,-1,0,-1,-1,-1,-1,2,1,6,1,32,6,125,1,1,5,1,5
2018010110029,2,9,0,-1,-1,0,-1,-1,-1,-1,2,-1,6,2,35,6,-1,-1,-1,2,1,2
2018010110030,1,9,0,-1,-1,-1,-1,-1,-1,-1,-1,-1,2,1,34,6,1998,8,2,10,-1,10
2018010110030,2,9,0,-1,-1,-1,-1,-1,-1,-1,-1,-1,6,1,-1,-1,1956,2,8,-1,-1,-1
2018010110033,1,9,0,18,0,8,0,0,0,0,1,1,6,3,-1,-1,2295,1,21,-1,-1,-1
2018010110033,2,1,0,9,0,6,0,0,0,0,2,1,6,1,52,8,-1,-1,-1,3,1,3
2018010110035,1,9,0,9,0,8,0,0,0,0,1,1,6,1,19,4,1364,1,11,2,1,2
2018010110035,2,8,0,18,0,8,0,0,0,0,1,1,1,1,48,8,2143,2,1,1,1,1
2018010110037,1,9,0,9,0,2,0,0,0,0,1,1,6,1,26,6,2967,2,10,4,1,4
2018010110037,2,9,0,18,0,1,0,0,0,0,1,1,6,1,43,7,2685,2,15,4,1,4
2018010110037,3,9,0,18,0,2,0,0,0,0,1,1,6,1,29,6,3189,1,12,3,1,3
2018010110039,1,9,0,18,0,8,2,0,0,0,1,1,6,1,28,6,1598,2,6,-1,-1,-1
2018010110039,2,9,0,18,0,8,1,0,0,0,2,1,6,2,30,6,1599,1,10,3,1,3
2018010110041,1,9,0,-1,-1,-1,-1,-1,-1,-1,-1,-1,6,1,19,4,-1,-1,-1,-1,-1,-1
2018010110041,2,20,-1,-1,-1,-1,-1,-1,-1,-1,-1,-1,6,1,-1,-1,2198,2,6,4,1,4
2018010110042,1,9,0,18,0,1,0,0,0,0,3,1,6,1,31,6,1598,2,7,4,1,4
2018010110042,2,3,0,9,0,1,0,0,0,0,3,1,2,1,29,6,125,1,12,1,1,1
2018010110047,1,1,0,5,0,1,0,0,0,0,1,1,6,1,49,8,-1,-1,-1,1,1,1
2018010110047,2,9,-1,-1,0,1,-1,0,-1,0,-1,-1,6,3,-1,-1,-1,-1,-1,-1,-1,-1
2018010110048,1,1,-1,-1,-1,-1,-1,-1,-1,-1,-1,1,2,1,48,8,-1,-1,-1,8,1,8
2018010110048,2,8,0,-1,-1,-1,-1,-1,-1,-1,-1,-1,6,1,-1,-1,2143,2,4,-1,-1,-1
2018010110051,1,8,0,4,0,1,0,0,0,0,1,-1,6,3,-1,-1,2402,2,16,-1,-1,-1
2018010110052,1,19,0,5,4,6,0,0,0,0,3,1,1,1,24,5,2143,2,1,1,1,1
2018010110052,2,1,0,18,4,1,1,0,0,0,3,1,2,1,28,6,-1,-1,-1,2,1,2
2018010110054,1,9,0,18,0,1,0,0,0,0,4,1,2,2,52,8,1229,1,6,6,1,6
2018010110065,1,9,0,2,0,1,0,0,0,0,4,1,6,3,-1,-1,2996,1,9,-1,-1,-1
2018010110065,2,9,0,18,0,1,0,0,0,0,3,1,6,3,19,4,-1,-1,-1,-1,-1,-1
2018010110082,1,19,0,3,0,0,0,0,0,0,2,-1,6,1,-1,-1,1896,2,11,3,1,3
2018010110086,1,9,0,7,0,8,0,0,0,0,3,-1,6,1,73,10,1596,1,8,4,1,4
2018010110086,2,19,0,7,0,8,0,0,0,0,4,-1,6,1,-1,-1,-1,-1,-1,-1,-1,-1
2018010110089,1,9,0,5,0,3,0,0,0,0,4,1,6,2,32,6,1390,1,9,-1,-1,-1
2018010110089,2,9,0,18,0,1,0,0,0,0,1,1,6,1,63,9,1796,1,11,7,1,7
2018010110092,1,1,-1,18,5,1,0,0,0,0,1,1,6,1,32,6,-1,-1,-1,7,1,7
2018010110092,2,1,-1,18,5,1,0,0,0,0,1,1,6,1,-1,-1,-1,-1,-1,-1,-1,-1
2018010110093,1,5,0,14,0,2,0,0,0,0,4,1,2,1,41,7,1352,1,9,5,1,5
2018010110094,1,9,0,-1,-1,-1,-1,-1,-1,-1,2,-1,2,1,25,5,2143,2,4,5,1,5
2018010110094,2,9,0,-1,-1,-1,-1,-1,-1,-1,2,-1,6,3,-1,-1,-1,-1,-1,-1,-1,-1
2018010110099,1,9,0,18,0,8,0,0,0,0,4,1,3,2,32,6,1991,2,9,2,1,2
2018010110099,2,9,0,18,0,8,0,0,0,0,1,1,1,1,35,6,1499,2,1,10,1,10
2018010110104,1,8,0,-1,-1,1,-1,-1,-1,-1,2,-1,6,1,42,7,2143,2,6,3,1,3
2018010110104,2,9,-1,-1,-1,1,-1,-1,-1,-1,-1,-1,6,3,-1,-1,1242,1,7,-1,-1,-1
2018010110105,1,8,0,9,0,8,0,0,0,0,1,1,1,1,69,10,2143,2,4,2,1,2
2018010110106,1,9,-1,9,0,6,0,0,0,0,1,-1,6,1,51,8,1998,1,14,-1,-1,-1
2018010110108,1,9,-1,3,0,2,0,0,0,0,2,1,6,2,51,8,1596,1,9,3,1,3
2018010110108,2,9,-1,18,0,1,0,0,0,0,1,-1,6,1,-1,-1,1968,2,4,-1,-1,-1
2018010110109,1,9,0,18,0,1,1,0,0,0,1,1,6,1,59,9,1590,1,17,7,1,7
2018010110109,2,9,0,9,0,1,0,0,0,0,1,1,2,2,20,4,1242,1,7,-1,-1,-1
2018010110111,1,9,0,18,0,1,0,0,0,0,3,1,6,1,47,8,2494,1,13,4,1,4
2018010110111,2,9,0,4,0,1,0,0,0,0,1,1,6,2,48,8,1598,2,6,4,1,4
2018010110113,1,9,0,-1,-1,-1,-1,-1,-1,-1,2,-1,6,2,32,6,999,1,11,7,1,7
2018010110113,2,8,0,-1,-1,-1,-1,-1,-1,-1,1,-1,6,1,-1,-1,-1,-1,-1,-1,-1,-1
2018010110115,1,9,0,-1,0,3,0,0,0,0,-1,2,6,2,46,8,1598,1,7,10,1,10
2018010110115,2,9,-1,-1,-1,-1,-1,-1,-1,-1,-1,-1,6,3,88,11,1240,1,9,6,1,6
2018010110117,1,9,0,18,0,1,0,0,0,0,4,1,6,1,54,8,2494,1,14,5,1,5
2018010110117,2,1,0,18,0,1,0,0,0,0,3,1,6,1,59,9,-1,-1,-1,3,1,3
2018010110123,1,20,0,7,0,5,0,0,0,0,4,1,1,1,38,7,1968,2,3,2,1,2
2018010110123,2,1,0,18,0,1,0,0,0,0,3,1,6,2,24,5,-1,-1,-1,1,1,1
2018010110130,1,9,0,-1,-1,0,-1,-1,-1,-1,2,-1,6,2,23,5,998,1,4,4,1,4
2018010110130,2,9,0,-1,-1,0,-1,-1,-1,-1,-1,-1,6,1,-1,-1,1149,1,15,5,1,5
2018010110133,1,9,0,-1,-1,0,-1,-1,-1,-1,2,-1,6,2,36,7,1200,1,1,2,1,2
2018010110133,2,9,0,-1,-1,0,-1,-1,-1,-1,1,-1,6,1,-1,-1,4367,2,3,6,1,6
2018010110135,1,9,0,18,0,1,0,0,0,0,4,1,1,1,47,8,4951,1,2,5,1,5
2018010110138,1,9,0,18,0,1,0,4,0,0,1,1,6,2,43,7,2495,2,23,6,1,6
2018010110138,2,9,0,3,0,1,0,4,0,0,2,1,2,1,19,4,1390,1,10,5,1,5
2018010110138,3,9,0,3,0,1,0,0,0,0,2,1,6,1,26,6,1995,2,1,1,1,1
2018010110140,1,9,-1,18,-1,0,-1,-1,-1,-1,1,-1,6,1,35,6,1988,2,14,5,1,5
2018010110140,2,9,-1,5,-1,0,-1,-1,-1,-1,1,-1,6,1,-1,-1,1229,1,11,2,1,2
2018010110145,1,9,0,18,0,6,0,0,1,0,1,1,6,1,38,7,1598,2,7,1,1,1
2018010110150,1,8,0,18,0,0,0,0,0,0,1,1,1,1,51,8,-1,-1,-1,2,1,2
2018010110156,1,9,0,9,0,5,0,0,0,0,3,1,6,1,50,8,1368,1,-1,9,1,9
2018010110156,2,5,0,18,0,8,0,0,0,0,4,1,6,1,52,8,745,1,2,4,1,4
2018010110161,1,5,0,18,0,1,0,0,0,0,4,1,6,1,72,10,645,1,8,8,1,8
2018010110161,2,9,0,9,0,6,0,0,0,0,1,1,3,2,34,6,1968,2,4,-1,-1,-1
2018010110168,1,9,0,18,0,0,0,0,0,0,1,1,2,1,29,6,1598,1,12,5,1,5
2018010110168,2,9,0,5,0,0,0,0,7,10,2,1,2,2,69,10,1364,2,10,7,1,7
2018010110168,3,9,0,5,0,0,0,0,0,0,2,1,3,2,43,7,1598,2,1,8,1,8
2018010110182,1,3,0,18,0,8,0,0,0,0,3,1,6,1,27,6,125,1,13,1,1,1
2018010110182,2,9,0,18,0,8,0,0,0,0,1,1,6,1,-1,-1,1968,2,1,1,1,1
2018010110193,1,1,-1,-1,-1,0,-1,-1,-1,-1,1,1,2,1,21,5,-1,-1,-1,2,1,2
2018010110193,2,9,0,-1,-1,0,-1,-1,-1,-1,-1,-1,6,1,-1,-1,998,1,3,-1,-1,-1
2018010110196,1,11,0,5,0,3,0,0,0,0,0,1,1,1,62,9,4500,2,3,5,1,5
2018010110201,1,19,4,9,0,5,0,0,0,0,0,1,1,1,54,8,-1,-1,-1,2,1,2
2018010110210,1,9,0,4,0,1,0,4,0,0,3,1,6,1,45,7,999,1,8,8,1,8
2018010110210,2,19,0,2,0,1,0,0,0,0,1,1,6,3,-1,-1,2402,2,13,-1,-1,-1
2018010110210,3,9,0,16,0,1,0,4,0,0,1,1,6,1,-1,-1,1995,2,1,-1,-1,-1
2018010110210,4,9,0,2,0,1,0,0,7,0,2,1,6,3,-1,-1,1976,1,8,-1,-1,-1
2018010110211,1,11,0,18,2,2,0,0,0,0,0,1,1,2,40,7,4760,2,7,2,1,2
2018010110211,2,5,0,15,4,2,0,10,1,0,1,1,2,1,55,8,583,1,21,-1,-1,-1
2018010110212,1,3,0,18,0,1,2,0,0,0,1,1,6,1,44,7,125,1,6,4,1,4
2018010110212,2,9,0,9,0,1,0,0,0,0,4,1,2,1,52,8,998,1,17,-1,-1,-1
2018010110216,1,5,0,13,0,0,0,0,0,0,1,1,2,1,40,7,983,1,11,2,1,2
2018010110216,2,8,0,16,0,0,0,0,0,0,4,1,1,1,43,7,2143,2,4,2,1,2
2018010110217,1,9,0,5,0,5,0,0,0,0,1,1,6,2,20,4,1242,1,11,4,1,4
2018010110217,2,3,0,18,0,6,0,0,0,0,1,1,6,1,34,6,125,1,3,3,1,3
2018010110223,1,9,0,5,0,2,0,0,0,0,3,1,6,1,56,9,1997,2,1,7,1,7
2018010110223,2,3,0,18,0,1,0,0,0,0,1,1,2,1,35,6,125,1,3,-1,-1,-1
2018010110224,1,9,0,-1,-1,-1,-1,-1,-1,-1,2,-1,6,1,50,8,2148,2,10,10,1,10
2018010110224,2,1,-1,-1,-1,-1,-1,-1,-1,-1,2,1,6,1,52,8,-1,-1,-1,10,1,10
2018010110224,3,9,0,-1,-1,-1,-1,-1,-1,-1,1,-1,6,1,61,9,2993,2,3,3,1,3
2018010110225,1,11,0,18,3,8,0,0,0,0,0,1,1,1,46,8,-1,-1,-1,4,1,4
2018010110227,1,1,-1,-1,-1,-1,-1,-1,-1,-1,0,1,6,1,20,4,-1,-1,-1,4,1,4
2018010110227,2,9,0,-1,-1,-1,-1,-1,-1,-1,-1,-1,6,1,75,10,4991,1,10,7,3,7
2018010110228,1,9,0,10,0,8,0,0,0,0,1,1,2,1,28,6,1999,2,2,10,1,10
2018010110228,2,3,0,15,0,8,2,0,0,0,1,1,1,1,19,4,124,1,5,5,1,5
2018010110233,1,9,0,4,0,1,0,0,0,0,2,1,1,1,32,6,-1,-1,-1,3,1,3
2018010110233,2,2,0,18,0,1,0,0,0,0,1,1,1,1,46,8,124,1,6,7,1,7
2018010110241,1,9,0,18,0,3,1,7,0,0,4,1,6,1,22,5,2143,2,2,3,1,3
2018010110241,2,11,0,9,0,3,0,0,0,0,1,1,2,1,44,7,9360,2,8,2,1,2
2018010110244,1,9,0,7,0,3,0,0,0,0,2,1,2,2,39,7,1498,1,2,3,1,3
2018010110244,2,21,1,17,0,4,0,0,0,0,1,2,1,1,44,7,-1,-1,-1,-1,-1,-1
2018010110245,1,8,0,18,0,0,0,0,0,0,3,1,6,1,50,8,1798,8,5,4,1,4
2018010110248,1,9,0,9,0,5,0,0,0,0,4,1,6,3,-1,-1,-1,-1,-1,-1,-1,-1
2018010110248,2,1,0,18,4,1,0,0,0,0,1,1,6,1,27,6,-1,-1,-1,3,1,3
2018010110250,1,9,0,16,0,8,0,0,0,0,1,1,6,1,22,5,1198,1,11,2,1,2
2018010110257,1,3,0,7,0,2,0,0,0,0,1,1,6,1,39,7,124,1,28,4,1,4
2018010110257,2,9,0,18,0,1,0,0,0,0,1,1,6,1,20,4,1198,1,11,-1,-1,-1
2018010110259,1,8,0,16,0,8,0,0,0,0,1,1,1,1,36,7,1580,8,-1,4,1,4
2018010110260,1,3,0,4,0,1,0,0,0,0,2,1,2,2,37,7,125,1,4,6,1,6
2018010110260,2,9,0,18,0,1,0,0,0,0,1,1,6,1,24,5,2499,1,12,8,1,8
2018010110263,1,9,0,18,0,1,0,0,0,0,1,1,6,1,36,7,-1,-1,-1,8,1,8
2018010110263,2,9,0,10,0,1,0,0,0,0,1,1,6,2,45,7,1984,1,4,8,1,8
2018010110264,1,3,0,13,0,0,1,0,0,0,1,1,6,1,30,6,125,1,1,3,1,3
2018010110264,2,9,0,18,0,0,0,0,0,0,3,1,6,1,46,8,1798,8,3,-1,-1,-1
2018010110264,3,11,0,18,0,0,0,0,0,0,0,1,6,1,31,6,5132,2,-1,3,1,3
2018010110268,1,9,0,9,0,6,0,0,0,0,3,1,6,2,31,6,-1,-1,-1,2,1,2
2018010110268,2,9,0,18,0,2,0,0,0,0,1,1,6,1,26,6,2979,8,3,2,1,2
2018010110268,3,9,0,2,0,2,0,0,0,0,1,1,6,3,-1,-1,1198,1,15,-1,-1,-1
2018010110268,4,9,0,2,0,2,0,0,0,0,1,1,6,3,-1,-1,1499,2,2,-1,-1,-1
2018010110268,5,9,0,2,0,2,0,0,0,0,2,1,6,3,-1,-1,1299,1,17,-1,-1,-1
2018010110271,1,9,0,18,0,2,0,0,0,0,1,1,6,3,28,6,2497,1,12,-1,-1,-1
2018010110271,2,8,0,18,0,2,0,0,0,0,1,1,1,1,32,6,1598,2,7,1,1,1
2018010110274,1,9,0,18,0,1,0,0,0,0,1,1,1,2,49,8,1798,1,4,1,1,1
2018010110274,2,9,0,9,0,5,0,0,0,0,4,1,1,2,26,6,998,1,3,1,1,1
2018010110276,1,9,0,18,0,1,1,0,7,10,1,1,6,1,28,6,1596,1,18,-1,-1,-1
2018010110277,1,9,0,-1,-1,-1,-1,-1,-1,-1,2,-1,2,2,29,6,998,1,1,9,1,9
2018010110277,2,9,0,-1,-1,-1,-1,-1,-1,-1,1,-1,6,3,-1,-1,-1,-1,-1,-1,-1,-1
2018010110287,1,9,-1,-1,-1,-1,-1,-1,-1,-1,-1,-1,6,2,41,7,2143,2,4,7,1,7
2018010110288,1,19,0,18,0,1,0,0,0,0,1,1,2,1,48,8,1248,2,4,-1,-1,-1
2018010110288,2,1,0,9,0,1,2,0,0,0,1,1,6,1,52,8,-1,-1,-1,6,1,6
2018010110290,1,9,0,5,0,1,0,0,0,0,4,1,6,2,43,7,1968,2,8,2,1,2
2018010110301,1,9,0,18,0,0,0,0,0,0,0,1,6,1,38,7,1992,2,11,7,1,7
2018010110301,2,9,0,10,0,0,0,0,0,0,1,1,6,2,28,6,1395,1,4,6,1,6
2018010110303,1,8,0,6,0,1,0,0,0,0,3,1,1,1,51,8,2148,2,8,2,1,2
2018010110303,2,3,0,14,0,1,0,0,0,0,4,1,2,2,32,6,125,1,-1,-1,-1,-1
2018010110304,1,4,0,14,0,8,0,0,0,0,4,1,2,1,61,9,955,1,13,6,1,6
2018010110305,1,19,0,18,0,1,0,0,0,0,1,1,1,1,35,6,1968,2,2,8,1,8
2018010110305,2,9,0,18,0,1,0,0,0,0,3,1,6,1,37,7,-1,-1,-1,5,1,5
2018010110312,1,9,0,5,0,8,0,0,0,0,4,1,6,2,38,7,999,1,4,6,1,6
2018010110317,1,9,0,-1,-1,0,-1,-1,-1,-1,-1,-1,2,2,23,5,1198,1,5,9,1,9
2018010110317,2,9,0,-1,-1,0,-1,-1,-1,-1,2,-1,6,1,-1,-1,1999,2,-1,7,1,7
2018010110318,1,5,0,-1,-1,0,-1,-1,-1,-1,-1,1,6,1,48,8,652,1,17,1,1,1
2018010110318,2,9,0,-1,-1,0,-1,-1,-1,-1,-1,-1,6,2,-1,-1,1995,2,5,3,1,3
2018010110322,1,9,0,9,0,1,0,0,7,0,3,1,6,2,36,7,1364,1,13,8,1,8
2018010110322,2,3,0,18,0,1,0,0,0,0,1,1,1,1,45,7,125,1,1,6,1,6
2018010110324,1,9,0,18,0,1,0,0,0,0,1,1,6,1,36,7,1339,8,6,2,1,2
2018010110324,2,9,0,18,0,2,0,0,0,0,1,1,6,3,-1,-1,1390,1,5,-1,-1,-1
2018010110331,1,9,0,-1,-1,-1,-1,-1,-1,-1,2,-1,6,2,50,8,1390,1,13,7,1,7
2018010110333,1,8,0,1,0,0,0,0,0,0,4,2,1,1,50,8,1797,8,6,4,1,4
2018010110337,1,5,0,18,0,1,0,10,0,0,0,1,6,1,32,6,-1,-1,-1,-1,-1,-1
2018010110340,1,5,0,18,2,8,0,0,0,0,1,1,1,1,61,9,1261,1,15,4,1,4
2018010110340,2,19,0,9,0,5,0,0,0,0,4,1,1,1,30,6,1248,2,7,3,1,3
2018010110344,1,1,-1,18,-1,0,-1,-1,-1,-1,-1,1,6,1,58,9,-1,-1,-1,3,1,3
2018010110344,2,9,-1,2,-1,0,-1,-1,-1,-1,-1,-1,6,3,-1,-1,2400,2,5,-1,-1,-1
2018010110347,1,9,0,6,0,2,0,0,0,0,1,1,6,1,37,7,1896,2,14,-1,-1,-1
2018010110347,2,3,0,18,0,2,5,0,0,0,1,1,6,1,33,6,124,1,9,2,1,2
2018010110348,1,9,0,5,0,0,0,0,0,0,1,1,6,1,42,7,1499,2,1,5,1,5
2018010110348,2,19,0,18,0,0,0,0,0,0,2,1,1,1,32,6,1968,2,3,3,1,3
2018010110359,1,9,0,18,0,1,0,0,0,0,1,1,2,2,34,6,1968,2,10,6,1,6
2018010110361,1,9,-1,18,0,0,-1,0,0,0,-1,1,6,3,-1,-1,-1,-1,-1,-1,-1,-1
2018010110363,1,9,0,4,0,1,0,0,0,0,2,1,6,1,56,9,999,1,10,1,1,1
2018010110363,2,9,0,18,0,1,0,0,0,0,1,1,6,1,35,6,1598,1,11,3,1,3
2018010110364,1,11,0,5,0,0,0,0,0,0,0,1,1,1,52,8,5132,2,2,2,1,2
2018010110366,1,3,0,17,0,0,0,0,0,0,3,1,6,1,46,8,124,1,11,2,1,2
2018010110367,1,9,0,15,0,0,0,0,0,0,4,1,6,1,50,8,1598,2,4,10,1,10
2018010110368,1,9,0,4,0,1,0,0,0,0,1,1,6,1,74,10,1798,8,2,6,1,6
2018010110368,2,19,0,2,0,1,0,0,0,0,1,1,6,3,-1,-1,6374,2,5,-1,-1,-1
2018010110370,1,19,0,5,0,1,0,0,0,0,1,1,6,3,-1,-1,-1,-1,-1,-1,-1,-1
2018010110373,1,19,0,9,0,8,0,0,0,0,4,1,1,1,39,7,2299,2,4,6,1,6
2018010110373,2,4,0,15,0,8,0,0,0,0,1,1,6,1,17,4,-1,-1,-1,7,1,7
2018010110374,1,9,0,18,0,-1,0,0,0,0,2,1,6,1,30,6,2191,2,5,-1,-1,-1
2018010110375,1,9,0,12,0,0,0,0,0,0,3,1,6,1,27,6,1995,1,12,3,1,3
2018010110375,2,9,0,18,0,0,0,0,0,0,4,1,6,1,32,6,2499,1,12,3,1,3
2018010110377,1,8,0,18,0,2,0,0,0,0,3,1,6,1,26,6,1791,8,6,2,1,2
2018010110380,1,19,0,1,0,1,0,0,0,0,2,1,2,1,47,8,2198,2,4,3,1,3
2018010110382,1,11,0,4,0,1,0,0,0,0,0,1,6,1,41,7,4500,2,4,2,1,2
2018010110387,1,19,0,18,0,2,1,0,1,0,1,1,1,1,37,7,1598,2,-1,7,1,7
2018010110387,2,9,0,18,0,1,0,0,0,0,1,1,6,1,54,8,1390,1,12,4,1,4
2018010110388,1,9,0,3,0,1,0,0,0,0,3,1,1,1,50,8,-1,3,6,-1,-1,-1
2018010110388,2,1,0,18,0,1,5,4,0,0,1,1,2,2,46,8,-1,-1,-1,2,1,2
2018010110388,3,9,0,2,0,1,0,0,0,0,4,1,6,3,-1,-1,1242,1,4,-1,-1,-1
2018010110394,1,8,0,5,0,1,0,0,0,0,3,1,1,1,31,6,2143,2,3,2,1,2
2018010110399,1,9,0,10,0,1,0,0,0,0,1,1,6,1,34,6,1497,8,5,7,1,7
2018010110399,2,9,0,10,0,6,0,0,0,0,1,1,6,1,32,6,1386,1,8,4,1,4
2018010110399,3,19,0,18,0,1,0,0,0,0,1,1,6,1,57,9,2402,2,10,9,1,9
2018010110404,1,9,0,7,0,8,0,0,0,0,4,1,6,1,57,9,1798,1,9,5,1,5
2018010110404,2,1,0,15,0,8,0,0,0,0,1,1,6,1,29,6,-1,-1,-1,-1,-1,-1
2018010110405,1,3,0,-1,-1,0,-1,-1,-1,-1,2,1,6,1,30,6,125,1,5,5,1,5
2018010110405,2,9,0,-1,-1,0,-1,-1,-1,-1,1,-1,6,3,-1,-1,1229,1,12,-1,-1,-1
2018010110407,1,11,0,18,0,1,0,0,0,0,0,1,1,1,61,9,4500,2,7,10,1,10
2018010110410,1,9,0,4,0,1,0,0,0,0,1,1,6,2,27,6,1995,2,-1,7,1,7
2018010110411,1,9,0,18,0,0,0,0,0,0,1,1,6,1,40,7,1794,1,11,5,1,5
2018010110411,2,9,0,18,0,0,0,0,0,0,1,1,3,1,32,6,1595,1,12,1,1,1
2018010110419,1,9,0,14,0,1,0,0,0,0,4,1,6,2,17,4,1386,1,10,1,1,1
2018010110421,1,3,0,18,0,0,1,0,0,0,1,1,2,1,58,9,108,1,2,4,1,4
2018010110421,2,19,0,5,0,0,0,0,0,0,3,2,2,1,27,6,1598,2,11,-1,-1,-1
2018010110424,1,4,0,18,0,0,1,0,0,0,4,1,6,1,24,5,125,1,3,9,1,9
2018010110425,1,9,0,18,0,2,0,0,0,0,3,1,6,1,37,7,1339,8,6,3,1,3
2018010110425,2,1,0,13,0,2,0,0,0,0,4,1,6,2,28,6,-1,-1,-1,1,1,1
2018010110428,1,8,0,18,0,0,0,0,0,0,4,1,1,1,72,10,2402,2,13,4,1,4
2018010110428,2,1,0,18,0,0,5,0,0,0,3,1,1,1,30,6,-1,-1,-1,5,1,5
2018010110431,1,1,0,14,0,1,0,0,0,0,1,1,2,1,30,6,-1,-1,-1,3,1,3
2018010110434,1,8,0,-1,-1,-1,-1,-1,-1,-1,2,-1,6,1,-1,-1,1798,8,5,-1,-1,-1
2018010110437,1,3,0,-1,-1,0,-1,-1,-1,-1,2,1,6,1,25,5,125,1,5,2,1,2
2018010110437,2,9,0,-1,-1,0,-1,-1,-1,-1,1,-1,6,1,-1,-1,-1,-1,-1,-1,-1,-1
2018010110439,1,9,0,18,0,1,0,0,0,0,1,1,6,2,20,4,1390,1,14,-1,-1,-1
2018010110439,2,9,0,9,0,2,0,0,0,0,1,1,6,1,25,5,1242,1,11,2,1,2
2018010110440,1,9,0,2,6,1,0,0,0,0,3,1,6,3,-1,-1,2143,2,3,-1,-1,-1
2018010110440,2,1,0,18,0,1,0,0,0,0,4,1,6,2,48,8,-1,-1,-1,1,1,1
2018010110441,1,9,0,4,0,7,0,0,0,0,1,1,6,1,79,11,1086,1,9,2,1,2
2018010110441,2,1,0,5,0,1,0,0,0,0,3,1,2,2,22,5,-1,-1,-1,5,1,5
2018010110446,1,5,0,15,0,1,0,0,0,0,1,1,2,1,45,7,1043,1,5,5,1,5
2018010110446,2,19,0,9,0,5,0,0,0,0,4,1,2,1,26,6,1968,2,2,8,1,8
2018010110447,1,11,0,3,2,0,0,0,0,0,0,1,6,1,29,6,4500,2,3,2,1,2
2018010110449,1,1,-1,-1,-1,-1,-1,-1,-1,-1,1,1,2,1,22,5,-1,-1,-1,2,1,2
2018010110449,2,2,0,-1,-1,-1,-1,-1,-1,-1,1,1,6,1,-1,-1,-1,-1,-1,-1,-1,-1
2018010110451,1,1,0,18,0,0,0,0,0,0,0,1,6,1,25,5,-1,-1,-1,2,1,2
2018010110452,1,9,0,-1,-1,-1,-1,-1,-1,-1,2,-1,6,1,30,6,1339,8,7,3,1,3
2018010110453,1,90,0,18,9,8,0,0,0,0,1,1,6,1,79,11,-1,-1,-1,3,1,3
2018010110454,1,9,0,18,0,1,0,0,0,0,4,1,6,2,41,7,1390,1,8,3,1,3
2018010110454,2,1,0,18,0,1,0,0,0,0,2,1,6,1,49,8,-1,-1,-1,3,1,3