Accident_Index,Vehicle_Reference,Vehicle_Type,Towing_and_Articulation,Vehicle_Manoeuvre,Vehicle_Location-Restricted_Lane,Junction_Location,Skidding_and_Overturning,Hit_Object_in_Carriageway,Vehicle_Leaving_Carriageway,Hit_Object_off_Carriageway,1st_Point_of_Impact,Was_Vehicle_Left_Hand_Drive?,Journey_Purpose_of_Driver,Sex_of_Driver,Age_of_Driver,Age_Band_of_Driver,Engine_Capacity_(CC),Propulsion_Code,Age_of_Vehicle,Driver_IMD_Decile,Driver_Home_Area_Type,Vehicle_IMD_Decile
2018010110792,1,9,0,18,0,0,0,0,1,1,1,1,6,2,26,6,1242,1,12,5,1,5
2018010110799,1,9,0,4,0,1,0,0,0,0,2,1,6,1,37,7,2143,2,3,3,1,3
2018010110799,2,9,0,18,0,1,0,4,0,0,1,1,6,3,-1,-1,2993,2,7,-1,-1,-1
2018010110800,1,1,0,18,0,8,0,0,0,0,1,1,1,1,30,6,-1,-1,-1,2,1,2
2018010110800,2,9,0,9,0,5,0,0,0,0,1,1,6,3,-1,-1,1149,1,-1,-1,-1,-1
2018010110801,1,9,0,13,0,0,5,0,0,0,4,1,6,1,25,5,1968,2,-1,3,1,3
2018010110801,2,9,0,18,0,0,0,0,0,0,3,1,6,1,43,7,2685,2,15,6,1,6
2018010110802,1,3,0,4,0,1,1,0,0,0,4,1,6,1,31,6,125,1,2,6,1,6
2018010110803,1,9,0,4,0,1,0,0,0,0,2,1,6,2,22,5,1995,2,6,4,1,4
2018010110803,2,9,0,18,0,1,0,0,0,0,1,1,6,3,24,5,1968,2,9,-1,-1,-1
2018010110804,1,3,0,3,0,1,0,0,0,0,2,1,2,1,32,6,108,1,9,3,1,3
2018010110804,2,9,0,18,0,8,0,0,0,0,1,1,6,3,-1,-1,-1,-1,-1,-1,-1,-1
2018010110805,1,8,0,-1,-1,0,-1,-1,-1,-1,2,-1,6,1,44,7,1968,2,2,2,1,2
2018010110807,1,9,0,18,0,1,0,0,0,0,1,1,6,1,60,9,1598,2,2,4,1,4
2018010110808,1,9,0,2,0,0,0,0,0,0,3,1,6,3,-1,-1,1499,1,1,-1,-1,-1
2018010110808,2,2,0,18,0,0,0,4,0,0,1,1,6,1,19,4,125,1,6,7,1,7
2018010110810,1,9,0,18,0,7,0,0,0,0,3,1,6,1,54,8,1995,2,-1,10,1,10
2018010110815,1,9,0,7,0,6,0,6,0,0,3,1,6,1,80,11,1595,1,15,7,1,7
2018010110815,2,9,0,18,0,1,0,0,0,0,1,1,6,1,56,9,1560,2,13,1,1,1
2018010110819,1,9,0,13,0,0,0,0,0,0,1,1,6,1,18,4,1595,1,3,1,1,1
2018010110819,2,9,0,18,0,0,0,0,0,0,1,1,2,1,58,9,1798,8,3,2,1,2
2018010110824,1,9,0,18,0,0,0,7,1,1,1,1,6,2,25,5,999,1,3,2,1,2
2018010110828,1,9,0,-1,-1,-1,-1,-1,-1,-1,1,-1,6,1,-1,-1,1149,1,2,-1,-1,-1
2018010110834,1,9,0,18,0,4,0,0,0,0,1,1,6,1,61,9,1598,1,5,-1,-1,-1
2018010110834,2,1,0,18,0,3,0,0,0,0,1,1,6,2,47,8,-1,-1,-1,-1,-1,-1
2018010110837,1,21,1,18,0,0,0,0,0,0,2,1,1,1,48,8,12777,2,7,-1,-1,-1
2018010110837,2,19,0,18,0,0,0,0,0,0,1,1,1,1,44,7,1997,2,4,4,1,4
2018010110839,1,9,0,18,0,8,0,0,0,0,4,1,1,1,32,6,1200,1,1,-1,-1,-1
2018010110839,2,9,0,18,0,8,0,0,0,0,1,1,1,1,45,7,1997,2,2,3,1,3
2018010110843,1,1,-1,-1,-1,-1,-1,-1,-1,-1,1,1,6,1,43,7,-1,-1,-1,9,1,9
2018010110843,2,9,0,-1,-1,-1,-1,-1,-1,-1,1,-1,6,1,-1,-1,1798,1,2,-1,-1,-1
2018010110850,1,9,0,17,0,1,2,0,0,0,1,1,6,1,23,5,1199,1,14,9,1,9
2018010110851,1,9,0,-1,-1,-1,-1,-1,-1,-1,1,-1,6,1,28,6,1598,1,10,1,1,1
2018010110855,1,9,0,18,0,1,0,0,0,0,1,1,6,1,40,7,1995,2,1,6,1,6
2018010110855,2,9,0,18,0,1,0,0,0,0,1,1,6,2,47,8,1800,1,13,4,1,4
2018010110857,1,9,0,18,0,2,0,0,0,0,1,1,6,1,64,9,1598,1,12,7,1,7
2018010110858,1,8,0,18,0,2,0,0,0,0,1,1,1,1,58,9,2143,2,2,9,1,9
2018010110858,2,1,0,18,0,3,0,0,0,0,4,1,6,1,20,4,-1,-1,-1,9,1,9
2018010110859,1,11,0,18,0,1,0,0,0,0,0,1,1,1,39,7,4500,2,2,4,1,4
2018010110861,1,9,0,9,0,3,0,0,0,0,1,1,6,1,23,5,1390,1,6,9,1,9
2018010110861,2,9,0,18,0,3,0,0,0,0,2,1,6,2,45,7,1560,2,8,5,1,5
2018010110861,3,9,0,18,0,3,0,0,0,0,2,1,6,2,48,8,1598,1,11,5,1,5
2018010110862,1,5,0,18,0,1,1,0,0,0,1,1,2,1,38,7,988,1,16,8,1,8
2018010110862,2,19,0,9,0,5,0,0,0,0,4,1,1,1,30,6,2198,2,2,5,1,5
2018010110864,1,9,0,18,0,2,0,0,0,0,1,1,2,1,33,6,1461,2,-1,2,1,2
2018010110864,2,9,0,18,0,4,0,0,0,0,2,1,6,2,59,9,1598,2,2,1,1,1
2018010110865,1,9,0,7,9,2,0,10,1,10,1,1,6,2,28,6,1499,1,-1,3,1,3
2018010110867,1,19,0,18,0,0,0,0,0,0,4,1,6,1,28,6,1995,2,6,2,1,2
2018010110868,1,9,0,-1,-1,-1,-1,-1,-1,-1,-1,-1,6,1,-1,-1,-1,-1,-1,-1,-1,-1
2018010110869,1,9,0,4,0,8,0,0,0,0,1,1,6,1,30,6,1497,8,10,6,1,6
2018010110869,2,8,0,3,0,1,0,0,0,0,2,2,1,1,53,8,2776,2,2,-1,-1,-1
2018010110870,1,9,0,3,0,1,0,0,0,0,2,1,6,1,28,6,1198,1,5,3,1,3
2018010110870,2,9,0,4,0,1,0,0,0,0,1,1,6,2,34,6,1598,1,11,3,1,3
2018010110871,1,9,0,18,0,5,0,0,0,0,4,1,6,3,-1,-1,-1,-1,-1,-1,-1,-1
2018010110876,1,1,0,18,0,0,1,0,0,0,1,1,2,1,52,8,-1,-1,-1,7,1,7
2018010110876,2,9,0,15,0,0,0,0,0,0,3,1,6,1,69,10,1998,8,1,6,1,6
2018010110877,1,9,0,11,0,1,1,0,1,1,1,1,6,2,32,6,1497,8,1,4,1,4
2018010110877,2,9,0,12,0,1,0,0,0,0,2,1,6,1,25,5,3226,2,17,6,1,6
2018010110881,1,9,0,15,0,1,0,0,0,0,3,1,6,1,64,9,1995,2,16,10,1,10
2018010110881,2,9,0,18,0,1,0,0,0,0,3,1,6,1,19,4,1597,1,9,4,1,4
2018010110882,1,8,0,4,0,8,0,0,0,0,2,1,1,1,54,8,1997,2,5,1,1,1
2018010110882,2,1,0,16,0,8,2,10,0,0,1,1,6,2,50,8,-1,-1,-1,6,1,6
2018010110884,1,9,0,18,9,8,1,10,0,0,3,1,6,1,86,11,1398,1,1,2,1,2
2018010110884,2,9,0,2,9,8,0,0,0,0,2,1,6,3,-1,-1,3839,1,36,-1,-1,-1
2018010110886,1,3,0,4,0,2,0,10,0,0,4,1,2,1,39,7,125,1,5,3,1,3
2018010110886,2,9,0,4,0,2,0,0,0,0,1,1,1,1,39,7,1797,8,8,3,1,3
2018010110891,1,9,0,5,0,2,5,0,1,10,3,2,6,1,39,7,1968,2,7,3,1,3
2018010110891,2,9,0,9,0,6,0,0,0,0,1,1,6,1,38,7,1968,2,7,-1,-1,-1
2018010110893,1,8,0,3,0,1,0,0,0,0,2,1,1,1,27,6,1339,8,9,9,1,9
2018010110893,2,9,0,18,0,1,0,0,0,0,1,1,6,1,18,4,1242,1,5,1,1,1
2018010110895,1,3,0,18,0,8,5,0,0,0,4,1,1,1,48,8,125,1,1,2,1,2
2018010110895,2,9,0,6,0,8,0,0,0,0,1,1,6,1,21,5,998,1,13,3,1,3
2018010110896,1,9,0,18,0,0,0,0,0,0,3,1,6,1,30,6,1580,8,1,-1,-1,-1
2018010110898,1,4,0,18,0,1,0,0,0,0,1,1,6,1,46,8,-1,-1,-1,3,1,3
2018010110898,2,9,0,9,0,6,0,0,0,0,3,1,6,1,41,7,1995,2,2,3,1,3
2018010110899,1,8,0,18,0,6,0,0,0,0,1,1,1,1,53,8,1798,8,6,2,1,2
2018010110899,2,90,0,7,0,8,0,0,0,0,1,1,1,1,36,7,6370,2,11,3,1,3
2018010110901,1,9,0,18,0,5,0,0,0,0,4,1,6,2,58,9,2902,2,14,4,1,4
2018010110901,2,1,0,18,0,8,0,0,0,0,1,1,2,1,27,6,-1,-1,-1,8,1,8
2018010110902,1,8,0,11,0,8,0,0,0,0,3,1,6,3,-1,-1,-1,-1,-1,-1,-1,-1
2018010110902,2,1,0,12,0,8,2,0,0,0,3,1,6,2,26,6,-1,-1,-1,3,1,3
2018010110905,1,9,0,7,0,8,0,0,0,0,2,1,6,1,48,8,1598,1,8,5,1,5
2018010110905,2,1,0,18,0,4,0,0,0,0,1,1,6,1,34,6,-1,-1,-1,4,1,4
2018010110906,1,9,0,17,0,1,0,0,0,0,1,1,2,1,33,6,1398,1,6,2,1,2
2018010110909,1,3,0,13,0,8,0,0,0,0,4,1,6,1,20,4,125,1,2,-1,-1,-1
2018010110915,1,5,0,18,0,8,1,0,3,0,3,1,6,1,28,6,998,1,7,6,1,6
2018010110915,2,9,0,18,0,1,0,0,0,0,1,1,6,2,47,8,1598,1,15,4,1,4
2018010110917,1,9,0,9,0,4,0,0,0,0,1,1,6,1,48,8,1499,2,3,3,1,3
2018010110917,2,9,0,7,0,3,1,0,0,0,2,1,6,2,39,7,998,1,4,2,1,2
2018010110921,1,9,0,-1,-1,-1,-1,-1,-1,-1,-1,-1,6,1,34,6,1995,2,6,2,1,2
2018010110921,2,9,0,-1,-1,-1,-1,-1,-1,-1,-1,-1,6,1,-1,-1,1796,1,14,3,1,3
2018010110922,1,9,0,-1,-1,-1,-1,-1,-1,-1,-1,-1,6,1,60,9,2148,2,17,6,1,6
2018010110928,1,9,0,18,0,1,0,0,0,0,3,1,6,3,-1,-1,-1,-1,-1,-1,-1,-1
2018010110928,2,1,0,18,0,6,0,0,0,0,1,1,6,1,14,3,-1,-1,-1,3,1,3
2018010110929,1,11,0,9,0,5,0,0,0,0,0,1,1,1,47,8,9360,2,5,4,1,4
2018010110930,1,9,0,-1,-1,0,-1,-1,-1,-1,3,-1,6,2,35,6,2143,2,7,6,1,6
2018010110930,2,9,0,-1,-1,0,-1,-1,-1,-1,2,-1,6,1,-1,-1,-1,-1,-1,-1,-1,-1
2018010110932,1,3,0,9,0,5,0,0,0,0,2,1,1,1,37,7,125,1,1,4,1,4
2018010110932,2,3,0,18,0,5,0,0,0,0,4,1,6,1,30,6,124,1,2,1,1,1
2018010110937,1,9,0,18,0,8,5,0,0,0,1,1,6,1,25,5,1995,2,8,2,1,2
2018010110939,1,9,0,18,0,3,0,0,0,0,2,1,6,1,50,8,3600,1,16,-1,-1,-1
2018010110939,2,9,0,18,0,3,0,0,0,0,1,1,1,1,38,7,1797,8,8,7,1,7
2018010110940,1,21,0,18,0,0,0,0,0,0,1,1,1,1,26,6,5193,2,5,5,1,5
2018010110940,2,9,0,18,0,0,1,0,0,0,2,1,6,1,26,6,1896,2,10,3,1,3
2018010110940,3,9,0,18,0,0,1,0,0,0,2,1,6,1,49,8,2204,2,10,9,1,9
2018010110940,4,9,0,18,0,0,1,0,0,0,2,1,6,2,73,10,1596,1,14,10,1,10
2018010110940,5,9,0,18,0,0,0,0,0,0,2,1,6,1,38,7,1399,2,12,5,1,5
2018010110944,1,9,0,18,0,8,0,0,0,0,4,1,2,2,49,8,1896,2,10,3,1,3
2018010110944,2,8,0,18,0,1,0,0,0,0,4,1,1,1,50,8,2776,2,2,2,1,2
2018010110946,1,9,0,4,0,8,0,0,0,0,2,1,2,2,23,5,1388,1,14,6,1,6
2018010110946,2,9,0,17,0,8,0,0,0,0,1,1,2,1,37,7,1997,2,15,8,1,8
2018010110952,1,1,-1,-1,-1,-1,-1,-1,-1,-1,-1,1,2,1,48,8,-1,-1,-1,10,1,10
2018010110952,2,9,0,-1,-1,-1,-1,-1,-1,-1,-1,-1,6,1,33,6,1968,2,2,9,2,9
2018010110956,1,19,0,7,4,2,0,0,0,0,1,1,1,1,35,6,2198,2,5,10,1,10
2018010110956,2,1,0,18,4,2,0,0,0,0,1,1,2,1,29,6,-1,-1,-1,4,1,4
2018010110965,1,9,0,18,0,1,0,0,0,0,1,1,2,1,26,6,1968,2,11,2,1,2
2018010110969,1,4,0,3,0,1,0,8,0,0,0,1,6,1,30,6,125,1,4,2,1,2
2018010110969,2,9,0,3,0,1,0,0,0,0,0,1,6,1,19,4,1598,2,5,3,1,3
2018010110973,1,3,0,18,0,3,0,0,1,0,4,1,2,1,25,5,124,1,3,3,1,3
2018010110973,2,9,0,11,0,3,0,0,3,0,3,1,6,2,35,6,1197,1,1,1,1,1
2018010110974,1,9,0,18,0,0,0,0,1,1,1,1,1,1,63,9,-1,-1,-1,6,1,6
2018010110975,1,19,0,6,0,0,0,0,0,0,3,1,1,1,35,6,-1,-1,-1,7,1,7
2018010110975,2,5,0,18,0,0,5,0,0,0,1,1,6,2,32,6,645,1,7,-1,-1,-1
2018010110983,1,19,0,3,0,2,0,0,0,0,2,1,1,1,23,5,1598,2,2,6,1,6
2018010110983,2,1,0,3,0,2,0,0,0,0,1,1,6,1,43,7,-1,-1,-1,2,1,2
2018010110989,1,1,-1,-1,-1,1,-1,-1,-1,-1,-1,1,2,1,47,8,-1,-1,-1,8,1,8
2018010110989,2,9,0,-1,-1,1,-1,-1,-1,-1,2,-1,6,1,-1,-1,-1,-1,-1,-1,-1,-1
2018010110989,3,9,0,-1,-1,8,-1,-1,-1,-1,0,-1,6,3,-1,-1,-1,-1,-1,-1,-1,-1
2018010110992,1,90,0,-1,-1,0,-1,-1,-1,-1,1,-1,6,1,37,7,-1,-1,-1,6,1,6
2018010110992,2,9,0,-1,-1,0,-1,-1,-1,-1,1,-1,6,2,33,6,3192,1,11,5,1,5
2018010110993,1,5,0,18,0,0,0,0,0,0,4,1,6,1,32,6,599,1,10,9,2,9
2018010110993,2,9,0,12,0,0,0,0,0,0,3,-1,6,3,-1,-1,-1,-1,-1,-1,-1,-1
2018010110994,1,9,0,-1,-1,0,-1,-1,-1,-1,2,-1,6,2,33,6,1995,2,6,3,1,3
2018010110994,2,8,0,-1,-1,0,-1,-1,-1,-1,1,-1,6,1,-1,-1,1598,2,3,-1,-1,-1
2018010110995,1,9,0,7,0,2,0,0,0,0,2,1,6,2,39,7,1796,2,5,-1,-1,-1
2018010110995,2,9,0,18,0,2,0,0,0,0,1,1,6,2,41,7,2400,2,5,10,1,10
2018010110998,1,5,0,18,0,1,0,0,0,0,1,1,2,1,42,7,599,1,6,2,1,2
2018010110998,2,1,0,18,0,8,0,0,0,0,4,1,6,1,31,6,-1,-1,-1,2,1,2
2018010110999,1,8,0,-1,-1,0,-1,-1,-1,-1,2,-1,6,1,54,8,1686,2,4,2,1,2
2018010110999,2,9,0,-1,-1,0,-1,-1,-1,-1,1,-1,6,1,18,4,1598,1,12,7,1,7
2018010111007,1,4,0,13,0,0,0,0,0,0,2,1,1,1,24,5,471,1,4,5,1,5
2018010111007,2,21,0,18,0,0,0,0,0,0,1,1,1,1,43,7,2143,2,2,3,1,3
2018010111008,1,19,0,10,0,1,0,0,0,0,1,1,1,1,22,5,1598,2,2,9,1,9
2018010111008,2,2,0,18,0,1,0,0,0,0,1,1,6,1,16,4,49,1,6,6,1,6
2018010111012,1,9,0,17,0,2,0,0,0,0,1,1,6,1,47,8,1968,2,2,-1,-1,-1
2018010111012,2,9,0,16,0,1,0,0,0,0,1,1,1,1,66,10,1998,8,-1,8,1,8
2018010111013,1,9,0,9,0,8,0,0,0,0,1,1,6,1,23,5,1388,1,10,1,1,1
2018010111013,2,4,0,18,0,8,0,0,0,0,1,1,6,1,29,6,108,1,6,6,1,6
2018010111015,1,11,0,5,0,1,0,0,0,0,4,1,1,2,37,7,5132,2,3,4,1,4
2018010111018,1,2,0,18,0,1,1,0,0,0,1,1,2,1,34,6,49,1,14,4,1,4
2018010111018,2,19,0,18,0,1,0,0,0,0,2,1,6,3,18,4,2198,2,3,2,1,2
2018010111022,1,9,0,18,0,8,0,0,0,0,1,1,2,2,65,9,1997,1,12,5,1,5
2018010111022,2,1,0,9,0,8,0,0,0,0,3,1,6,1,25,5,-1,-1,-1,5,1,5
2018010111023,1,9,0,4,0,0,0,0,0,0,4,1,6,1,45,7,1995,2,4,2,1,2
2018010111028,1,11,0,4,3,8,0,0,0,0,0,1,1,1,52,8,4500,2,2,3,1,3
2018010111030,1,9,0,7,0,1,0,0,0,0,1,1,6,1,75,10,1984,1,3,6,1,6
2018010111045,1,9,0,-1,-1,-1,-1,-1,-1,-1,1,-1,6,1,22,5,1968,2,5,2,1,2
2018010111045,2,9,0,-1,-1,-1,-1,-1,-1,-1,2,-1,6,1,-1,-1,898,1,1,-1,-1,-1
2018010111048,1,9,5,-1,-1,0,-1,-1,-1,-1,2,-1,6,3,-1,-1,1368,1,6,8,1,8
2018010111050,1,1,-1,-1,-1,-1,-1,-1,-1,-1,2,1,2,1,50,8,-1,-1,-1,3,1,3
2018010111050,2,9,0,-1,-1,-1,-1,-1,-1,-1,1,-1,6,2,25,5,1242,1,10,4,1,4
2018010111053,1,9,0,9,0,1,0,0,0,0,1,1,6,1,54,8,1997,2,3,1,3,1
2018010111055,1,9,0,2,0,8,0,0,0,0,2,1,6,3,-1,-1,1499,2,-1,-1,-1,-1
2018010111055,2,90,0,18,0,2,2,4,0,0,1,1,6,1,36,7,686,1,11,4,1,4
2018010111055,3,9,0,2,0,1,0,0,0,0,3,1,6,3,-1,-1,1598,1,4,-1,-1,-1
2018010111062,1,19,0,9,0,1,0,0,0,0,1,1,1,1,32,6,1598,2,5,5,1,5
2018010111062,2,1,0,18,0,1,0,0,0,0,3,1,1,1,40,7,-1,-1,-1,3,1,3
2018010111064,1,3,0,18,0,4,0,0,0,0,4,1,2,1,57,9,85,1,19,9,1,9
2018010111064,2,9,0,18,0,4,0,0,0,0,1,1,1,1,53,8,1686,2,5,4,1,4
2018010111065,1,9,0,-1,-1,-1,-1,-1,-1,-1,1,-1,6,2,27,6,1200,1,3,4,1,4
2018010111065,2,1,-1,-1,-1,-1,-1,-1,-1,-1,1,1,6,1,21,5,-1,-1,-1,-1,1,-1
2018010111068,1,9,0,7,0,5,0,0,0,0,4,1,6,1,29,6,998,1,1,5,1,5
2018010111068,2,1,0,18,2,1,1,0,0,0,1,1,2,1,55,8,-1,-1,-1,5,1,5
2018010111071,1,11,0,5,0,1,0,0,0,0,0,1,1,1,28,6,5132,2,1,3,1,3
2018010111072,1,9,0,10,9,6,0,0,0,0,1,1,6,2,74,10,999,1,3,8,1,8
2018010111072,2,3,0,14,0,8,0,0,0,0,4,1,6,1,18,4,125,1,1,9,1,9
2018010111076,1,21,1,18,0,1,0,0,0,0,4,1,1,1,49,8,12809,2,2,5,1,5
2018010111076,2,9,0,7,0,6,0,0,0,0,3,1,2,2,59,9,1997,2,8,6,1,6
2018010111078,1,9,0,18,0,8,0,0,0,0,0,1,6,2,36,7,1598,1,11,4,1,4
2018010111078,2,3,0,18,9,8,0,0,0,0,0,1,1,1,34,6,125,1,7,4,1,4
2018010111079,1,9,0,18,0,0,0,0,3,0,1,1,6,2,48,8,1995,2,7,7,1,7
2018010111079,2,9,0,18,0,0,1,0,2,10,1,2,2,1,65,9,1497,8,11,4,1,4
2018010111080,1,11,0,18,0,1,0,0,0,0,0,1,1,1,52,8,5132,2,1,2,1,2
2018010111081,1,9,0,18,0,0,0,0,1,0,1,1,1,1,29,6,1499,1,1,6,1,6
2018010111081,2,9,0,18,0,0,0,0,0,0,1,1,6,3,-1,-1,2400,2,8,-1,-1,-1
2018010111081,3,9,0,18,0,0,0,0,0,0,1,1,1,1,23,5,2000,2,9,7,1,7
2018010111081,4,9,0,2,0,0,0,0,0,0,3,1,6,3,-1,-1,1248,1,6,-1,-1,-1
2018010111081,5,9,0,2,0,0,0,0,0,0,3,1,6,3,-1,-1,1364,1,9,-1,-1,-1
2018010111083,1,11,0,18,0,2,0,0,0,0,0,1,1,1,39,7,-1,-1,-1,2,1,2
2018010111084,1,9,0,18,0,1,0,0,0,0,1,1,6,2,42,7,998,1,-1,3,1,3
2018010111084,2,9,0,9,0,6,0,0,0,0,1,1,6,1,70,10,1590,1,14,4,1,4
2018010111089,1,9,0,5,0,8,0,0,1,0,2,1,1,2,43,7,999,1,1,7,1,7
2018010111089,2,9,0,5,0,8,0,0,0,0,1,1,6,1,28,6,1242,1,9,4,1,4
2018010111090,1,19,0,18,0,8,0,0,0,0,3,1,1,1,25,5,2148,2,11,10,1,10
2018010111091,1,8,0,9,0,6,0,0,0,0,1,1,1,1,54,8,2143,2,7,3,1,3
2018010111100,1,1,-1,-1,-1,-1,-1,-1,-1,-1,1,1,2,1,25,5,-1,-1,-1,4,1,4
2018010111100,2,9,0,-1,-1,-1,-1,-1,-1,-1,-1,-1,6,1,-1,-1,1997,2,9,3,1,3
2018010111106,1,1,0,-1,0,0,-1,0,0,0,1,1,2,1,25,5,-1,-1,-1,3,1,3
2018010111106,2,9,0,-1,-1,0,-1,-1,-1,-1,-1,1,6,1,46,8,1968,2,3,2,1,2
2018010111111,1,9,0,15,0,0,0,0,0,0,2,1,6,1,32,6,1984,1,1,3,1,3
2018010111111,2,8,3,13,0,0,0,0,0,0,1,1,6,1,49,8,2143,2,6,1,1,1
2018010111114,1,9,0,18,0,1,0,0,0,0,1,1,6,1,24,5,999,1,4,7,1,7
2018010111115,1,3,0,5,0,1,0,0,0,0,1,1,1,1,35,6,-1,-1,-1,1,1,1
2018010111116,1,19,0,18,0,2,0,0,0,0,4,1,1,1,54,8,2461,2,14,3,1,3
2018010111116,2,1,0,18,0,2,0,0,0,0,4,1,2,2,59,9,-1,-1,-1,4,1,4
2018010111118,1,9,0,-1,-1,-1,-1,-1,-1,-1,1,-1,6,1,-1,-1,1896,2,14,-1,-1,-1
2018010111120,1,10,0,-1,-1,0,-1,-1,-1,-1,2,-1,6,2,43,7,-1,-1,-1,2,1,2
2018010111120,2,20,0,-1,-1,0,-1,-1,-1,-1,1,-1,6,1,-1,-1,2300,2,12,3,1,3
2018010111121,1,9,0,18,0,1,1,0,1,2,1,1,6,1,53,8,2996,1,11,6,1,6
2018010111123,1,9,0,9,0,8,0,0,0,0,4,1,6,2,25,5,2521,1,10,2,1,2
2018010111123,2,3,0,18,0,1,0,0,0,0,1,1,6,1,23,5,125,1,10,5,1,5
2018010111127,1,9,0,8,0,4,0,0,0,0,0,1,6,1,22,5,1596,1,10,-1,-1,-1
2018010111127,2,9,0,18,0,4,0,4,0,0,1,1,6,2,55,8,1599,1,15,-1,-1,-1
2018010111130,1,3,-1,-1,-1,-1,-1,-1,-1,-1,-1,1,6,1,-1,-1,998,1,16,2,1,2
2018010111135,1,9,0,18,0,0,0,0,0,0,1,1,6,2,71,10,1339,1,8,5,3,5
2018010111135,2,9,0,18,0,0,0,0,0,0,1,1,6,1,61,9,998,1,19,3,1,3
2018010111135,3,9,0,2,0,0,0,0,0,0,2,1,6,3,-1,-1,2148,2,10,-1,-1,-1
2018010111136,1,9,0,5,0,8,0,0,0,0,4,1,6,1,20,4,1595,1,-1,6,1,6
2018010111136,2,9,0,17,0,8,0,0,0,0,3,1,6,1,62,9,1995,2,11,10,1,10
2018010111138,1,9,0,9,0,0,0,0,0,0,4,1,1,1,55,8,1968,2,5,4,1,4
2018010111138,2,2,0,15,0,0,0,0,0,0,1,1,6,1,28,6,108,1,1,2,1,2
2018010111139,1,9,0,3,0,1,0,0,0,0,1,2,6,1,45,7,2261,1,1,6,1,6
2018010111139,2,11,0,4,2,1,0,0,0,0,3,2,1,1,49,8,6700,2,10,-1,-1,-1
2018010111143,1,9,0,-1,-1,-1,-1,-1,-1,-1,-1,-1,6,2,51,8,-1,-1,-1,2,1,2
2018010111143,2,9,-1,-1,-1,-1,-1,-1,-1,-1,-1,-1,6,3,-1,-1,-1,-1,-1,-1,-1,-1
2018010111144,1,19,0,5,0,8,0,0,0,0,1,1,2,1,33,6,1796,7,13,9,1,9
2018010111144,2,9,0,18,0,8,0,0,0,0,1,1,6,1,36,7,2143,2,3,-1,-1,-1
2018010111145,1,9,0,7,0,0,0,0,0,0,4,1,2,1,35,6,1995,2,13,2,1,2
2018010111145,2,3,0,15,0,0,0,0,0,0,1,1,1,1,18,4,108,1,-1,4,1,4
2018010111146,1,9,0,18,0,0,5,4,0,0,1,1,6,1,73,10,505,1,14,7,1,7
2018010111147,1,9,0,13,0,0,0,0,0,0,4,1,6,1,39,7,998,1,6,3,1,3
2018010111147,2,9,0,12,0,0,0,0,0,0,3,1,2,1,39,7,1798,8,3,3,1,3
2018010111148,1,1,0,18,0,0,5,0,0,0,0,1,6,1,34,6,-1,-1,-1,-1,-1,-1
2018010111150,1,9,0,18,0,0,1,10,1,3,1,1,6,1,73,10,1242,1,9,6,1,6
2018010111150,2,9,0,2,9,0,0,0,0,0,1,1,6,3,-1,-1,1396,1,18,-1,-1,-1
2018010111152,1,9,0,10,0,1,0,0,0,0,2,1,6,1,19,4,2143,2,-1,3,1,3
2018010111152,2,9,0,10,0,1,0,0,0,0,1,1,6,1,19,4,1229,1,3,2,1,2
2018010111154,1,11,0,18,0,2,0,0,0,0,0,1,1,1,62,9,-1,-1,-1,8,1,8
2018010111155,1,9,0,5,0,2,0,0,0,0,3,1,1,1,28,6,1798,8,2,2,1,2
2018010111158,1,9,0,5,0,4,0,0,0,0,3,1,2,1,59,9,1299,1,16,8,1,8
2018010111158,2,2,0,18,0,8,1,0,0,0,4,1,2,1,35,6,998,1,-1,7,1,7
2018010111166,1,9,0,4,0,0,0,0,0,0,2,1,1,1,50,8,1598,2,-1,5,1,5
2018010111166,2,9,0,18,0,0,0,0,0,0,1,1,1,2,32,6,1499,1,2,9,1,9
2018010111170,1,9,0,18,0,0,0,4,0,0,4,1,1,1,21,5,1248,2,5,3,1,3
2018010111170,2,9,0,2,0,0,0,0,0,0,2,1,6,3,-1,-1,1360,1,19,-1,-1,-1
2018010111170,3,9,0,18,0,0,0,0,0,0,1,1,6,1,58,9,1796,2,5,2,1,2
2018010111175,1,1,-1,-1,-1,-1,-1,-1,-1,-1,-1,1,2,1,35,6,-1,-1,-1,4,1,4
2018010111175,2,9,0,-1,-1,-1,-1,-1,-1,-1,1,-1,6,1,-1,-1,1341,1,15,1,1,1
2018010111178,1,9,-1,-1,-1,-1,-1,-1,-1,-1,-1,-1,2,2,26,6,2143,2,1,3,1,3
2018010111178,2,90,-1,-1,-1,-1,-1,-1,-1,-1,0,-1,6,1,-1,-1,-1,-1,-1,6,1,6
2018010111180,1,1,0,-1,-1,-1,-1,-1,-1,-1,-1,1,6,1,25,5,-1,-1,-1,5,1,5
2018010111180,2,19,-1,-1,-1,-1,-1,-1,-1,-1,-1,-1,6,3,-1,-1,-1,-1,-1,-1,-1,-1
2018010111182,1,9,0,18,0,2,1,7,0,0,1,1,2,1,53,8,1493,2,7,7,1,7
2018010111183,1,1,-1,-1,-1,-1,-1,-1,-1,-1,-1,1,6,1,23,5,-1,-1,-1,5,1,5
2018010111183,2,8,0,-1,-1,-1,-1,-1,-1,-1,1,-1,6,1,61,9,1798,8,1,6,1,6
2018010111186,1,1,0,18,0,8,0,0,0,0,1,1,6,1,25,5,-1,-1,-1,4,1,4