Accident_Index,Vehicle_Reference,Vehicle_Type,Towing_and_Articulation,Vehicle_Manoeuvre,Vehicle_Location-Restricted_Lane,Junction_Location,Skidding_and_Overturning,Hit_Object_in_Carriageway,Vehicle_Leaving_Carriageway,Hit_Object_off_Carriageway,1st_Point_of_Impact,Was_Vehicle_Left_Hand_Drive?,Journey_Purpose_of_Driver,Sex_of_Driver,Age_of_Driver,Age_Band_of_Driver,Engine_Capacity_(CC),Propulsion_Code,Age_of_Vehicle,Driver_IMD_Decile,Driver_Home_Area_Type,Vehicle_IMD_Decile
2018010111636,1,11,0,4,0,8,0,0,0,0,0,1,1,1,64,9,6692,2,9,9,1,9
2018010111637,1,1,-1,-1,-1,-1,-1,-1,-1,-1,-1,1,2,2,18,4,-1,-1,-1,5,1,5
2018010111639,1,9,0,18,0,8,0,0,0,0,1,1,6,2,56,9,1796,1,5,1,1,1
2018010111641,1,1,-1,-1,-1,-1,-1,-1,-1,-1,-1,1,2,1,45,7,-1,-1,-1,4,1,4
2018010111641,2,9,0,-1,-1,-1,-1,-1,-1,-1,-1,-1,6,3,-1,-1,999,1,2,3,1,3
2018010111642,1,9,0,-1,0,-1,0,0,0,0,2,1,6,3,-1,-1,2987,2,12,-1,-1,-1
2018010111643,1,1,-1,-1,-1,-1,-1,-1,-1,-1,2,1,6,2,28,6,-1,-1,-1,1,1,1
2018010111643,2,9,0,-1,-1,-1,-1,-1,-1,-1,1,-1,6,1,-1,-1,-1,-1,-1,-1,-1,-1
2018010111646,1,9,0,10,0,6,0,0,0,0,1,1,6,1,31,6,5935,1,15,7,1,7
2018010111646,2,4,0,18,0,8,0,0,0,0,1,1,6,1,18,4,125,1,2,3,1,3
2018010111648,1,5,0,14,0,1,0,0,7,0,4,1,6,1,44,7,996,1,14,3,1,3
2018010111648,2,9,0,9,0,1,0,0,0,0,1,1,6,1,31,6,1360,1,13,5,1,5
2018010111649,1,9,0,9,0,5,0,0,0,0,1,1,6,1,27,6,1991,2,12,3,1,3
2018010111649,2,1,0,18,4,1,0,0,0,0,1,1,6,1,24,5,-1,-1,-1,8,1,8
2018010111650,1,1,-1,-1,-1,0,-1,-1,-1,-1,2,1,2,1,45,7,-1,-1,-1,6,1,6
2018010111650,2,9,0,-1,-1,0,-1,-1,-1,-1,2,-1,6,1,-1,-1,-1,-1,-1,-1,-1,-1
2018010111651,1,9,0,14,0,0,0,4,0,0,4,1,6,1,28,6,698,1,13,7,1,7
2018010111651,2,9,0,3,0,0,0,4,0,0,2,1,6,1,28,6,1390,1,11,6,1,6
2018010111651,3,9,0,3,0,0,0,0,0,0,2,1,6,1,54,8,1796,1,13,6,1,6
2018010111653,1,5,0,18,4,1,2,0,0,0,1,1,2,1,38,7,948,1,1,3,1,3
2018010111653,2,9,0,9,0,1,0,0,0,0,4,1,6,1,38,7,1598,1,12,2,1,2
2018010111657,1,19,0,6,0,0,0,0,0,0,2,1,1,1,47,8,2198,2,11,4,1,4
2018010111657,2,3,0,4,0,0,0,0,0,0,1,1,6,1,47,8,124,1,13,1,1,1
2018010111660,1,9,0,3,0,8,0,0,0,0,1,1,6,1,30,6,1595,1,9,6,1,6
2018010111660,2,3,0,18,0,1,5,0,0,0,1,1,6,1,31,6,125,1,1,2,1,2
2018010111662,1,9,0,2,0,0,0,8,0,0,3,1,6,3,-1,-1,1797,8,6,-1,-1,-1
2018010111662,2,1,0,14,0,0,0,8,0,0,1,1,6,1,74,10,-1,-1,-1,6,1,6
2018010111663,1,9,0,9,0,8,0,0,0,0,3,1,6,1,48,8,2171,1,14,-1,-1,-1
2018010111663,2,5,0,13,0,1,0,0,0,0,1,1,6,1,27,6,999,1,8,5,1,5
2018010111665,1,9,0,18,0,0,0,0,0,0,1,1,6,1,32,6,1997,2,10,3,1,3
2018010111670,1,9,0,9,0,2,0,0,0,0,1,1,6,1,59,9,1797,8,8,4,1,4
2018010111670,2,1,0,18,9,1,0,0,0,0,1,1,2,1,45,7,-1,-1,-1,9,1,9
2018010111671,1,5,0,-1,-1,0,-1,-1,-1,-1,2,1,6,1,-1,-1,-1,-1,-1,-1,-1,-1
2018010111672,1,9,0,18,0,0,0,0,0,0,1,1,6,1,73,10,1364,1,8,7,1,7
2018010111673,1,9,0,12,0,0,0,0,0,0,1,1,2,1,19,4,-1,-1,-1,8,1,8
2018010111673,2,9,0,18,0,0,0,0,0,0,1,1,2,1,49,8,1995,2,12,1,1,1
2018010111678,1,11,0,18,0,8,0,0,0,0,1,1,1,1,28,6,4500,2,3,2,-1,2
2018010111678,2,9,0,18,0,8,0,0,0,0,4,1,6,1,35,6,1596,1,13,8,1,8
2018010111679,1,9,5,7,0,1,0,0,0,0,1,1,1,2,32,6,998,1,3,5,1,5
2018010111679,2,3,5,16,0,1,0,0,0,0,4,1,6,1,25,5,-1,-1,-1,7,1,7
2018010111680,1,1,-1,-1,-1,-1,-1,-1,-1,-1,2,1,2,1,47,8,-1,-1,-1,4,1,4
2018010111680,2,9,0,-1,-1,-1,-1,-1,-1,-1,1,-1,6,1,-1,-1,998,1,4,-1,-1,-1
2018010111681,1,9,0,5,0,0,0,0,7,10,1,1,6,1,85,11,1193,1,3,2,1,2
2018010111683,1,9,0,18,0,0,0,0,0,0,3,1,6,2,45,7,1493,2,11,3,1,3
2018010111683,2,19,0,18,0,0,0,0,0,0,1,2,6,1,31,6,2494,2,9,9,1,9
2018010111685,1,11,0,18,2,1,0,0,0,0,0,1,6,1,55,8,4500,2,-1,5,1,5
2018010111687,1,9,0,18,0,8,0,0,0,0,1,1,6,1,17,4,2148,2,9,5,1,5
2018010111687,2,9,0,18,0,8,0,0,0,0,4,1,6,2,48,8,2987,2,2,4,1,4
2018010111688,1,11,0,4,0,5,0,0,0,0,3,1,1,1,59,9,6700,2,11,5,1,5
2018010111688,2,9,0,18,0,6,0,0,0,0,1,1,6,1,35,6,2183,2,9,7,1,7
2018010111688,3,19,0,2,0,6,0,0,0,0,4,1,6,3,-1,-1,2198,2,2,-1,-1,-1
2018010111690,1,9,0,-1,-1,-1,-1,-1,-1,-1,2,-1,2,1,21,5,1598,2,5,3,1,3
2018010111690,2,9,0,-1,-1,-1,-1,-1,-1,-1,1,-1,6,1,-1,-1,1499,1,2,5,1,5
2018010111693,1,8,0,-1,-1,0,-1,-1,-1,-1,1,-1,6,1,-1,-1,1797,8,7,-1,-1,-1
2018010111696,1,9,0,17,0,0,0,0,1,0,3,1,1,1,35,6,1199,1,4,6,1,6
2018010111696,2,3,0,18,0,0,0,0,0,0,3,1,6,1,17,4,125,1,2,4,1,4
2018010111700,1,9,0,7,0,5,0,0,0,0,4,1,6,1,30,6,1591,1,5,9,1,9
2018010111700,2,3,0,18,2,8,1,0,0,0,0,1,6,1,23,5,125,1,4,3,1,3
2018010111703,1,9,0,18,0,8,0,0,0,0,1,1,6,3,-1,-1,1598,1,8,-1,-1,-1
2018010111707,1,5,0,18,0,1,0,0,0,0,1,1,6,1,24,5,-1,-1,-1,8,1,8
2018010111707,2,9,0,9,0,6,0,0,0,0,3,1,6,2,34,6,1598,1,5,4,1,4
2018010111709,1,9,0,5,8,0,0,0,0,0,1,1,6,2,29,6,-1,-1,-1,6,1,6
2018010111709,2,3,0,18,7,0,0,0,0,0,1,1,1,1,29,6,125,1,3,5,1,5
2018010111711,1,1,-1,-1,-1,-1,-1,-1,-1,-1,1,1,2,1,34,6,-1,-1,-1,3,1,3
2018010111711,2,8,0,-1,-1,-1,-1,-1,-1,-1,3,-1,6,1,-1,-1,1798,8,2,-1,-1,-1
2018010111713,1,90,0,18,0,0,0,0,1,9,1,1,2,1,29,6,-1,-1,-1,9,1,9
2018010111713,2,9,0,18,0,0,0,0,0,0,2,1,6,1,26,6,1968,2,4,3,1,3
2018010111714,1,8,0,18,0,0,0,0,0,0,1,1,6,1,70,10,1477,8,-1,10,1,10
2018010111716,1,8,0,18,0,8,0,0,0,0,1,1,6,1,61,9,1560,2,5,2,1,2
2018010111717,1,1,0,18,0,0,0,0,0,0,2,1,6,1,30,6,-1,-1,-1,3,1,3
2018010111718,1,3,0,18,0,1,0,0,0,0,1,1,6,1,38,7,125,1,7,3,1,3
2018010111718,2,1,0,5,9,6,0,0,0,0,1,1,6,1,6,2,-1,-1,-1,1,1,1
2018010111719,1,9,0,18,0,1,0,0,0,0,1,1,6,1,36,7,1242,1,2,6,1,6
2018010111720,1,9,0,3,4,8,0,0,0,0,1,1,6,2,56,9,1598,1,7,1,1,1
2018010111720,2,8,0,9,0,8,0,0,0,0,3,1,1,1,39,7,1997,2,8,1,1,1
2018010111728,1,19,0,5,0,2,0,0,0,0,1,1,1,1,39,7,2143,2,2,5,1,5
2018010111728,2,1,0,18,0,8,0,0,0,0,1,1,6,1,43,7,-1,-1,-1,1,1,1
2018010111729,1,8,0,12,0,2,0,0,0,0,1,1,1,1,54,8,2143,2,5,4,1,4
2018010111729,2,3,0,9,0,1,2,0,0,0,4,1,2,1,35,6,125,1,6,2,1,2
2018010111730,1,9,0,18,0,2,0,0,0,0,1,1,6,2,30,6,1497,8,6,-1,-1,-1
2018010111730,2,90,0,18,0,8,0,0,0,0,4,1,1,1,50,8,-1,-1,-1,-1,-1,-1
2018010111737,1,9,0,18,0,0,0,0,0,0,2,1,6,2,50,8,1796,1,13,7,1,7
2018010111737,2,1,0,18,0,0,1,0,0,0,1,1,6,1,46,8,-1,-1,-1,4,1,4
2018010111740,1,9,0,-1,-1,-1,-1,-1,-1,-1,2,-1,6,2,31,6,1396,1,16,3,1,3
2018010111740,2,9,0,-1,-1,-1,-1,-1,-1,-1,-1,-1,6,2,-1,-1,1685,2,5,-1,-1,-1
2018010111742,1,9,0,16,0,1,0,0,0,0,1,1,6,1,31,6,-1,-1,-1,8,1,8
2018010111742,2,9,0,4,0,2,0,0,0,0,2,1,6,1,31,6,1395,1,3,9,1,9
2018010111743,1,9,0,-1,-1,-1,-1,-1,-1,-1,2,-1,6,2,30,6,1560,2,8,6,1,6
2018010111743,2,9,0,-1,-1,-1,-1,-1,-1,-1,1,-1,6,1,-1,-1,1329,1,9,2,1,2
2018010111743,3,9,0,-1,-1,-1,-1,-1,-1,-1,2,-1,6,1,-1,-1,1598,1,9,-1,-1,-1
2018010111748,1,90,0,18,2,0,0,0,0,0,1,1,6,3,-1,-1,-1,-1,-1,-1,-1,-1
2018010111748,2,1,0,18,2,0,0,0,0,0,0,1,2,1,58,9,-1,-1,-1,6,1,6
2018010111752,1,3,0,18,0,8,5,0,0,0,0,1,6,1,49,8,125,1,4,3,1,3
2018010111752,2,19,0,7,0,8,0,0,0,0,0,1,6,1,54,8,2148,2,11,5,1,5
2018010111759,1,9,0,18,0,0,0,0,0,0,1,1,6,1,39,7,1794,1,16,2,1,2
2018010111760,1,19,0,18,0,0,0,0,0,0,2,1,6,3,-1,-1,-1,-1,-1,-1,-1,-1
2018010111760,2,1,0,18,0,0,0,0,0,0,1,1,6,1,41,7,-1,-1,-1,5,1,5
2018010111763,1,9,0,4,0,0,0,0,0,0,2,1,6,2,25,5,1398,1,7,4,1,4
2018010111763,2,9,0,4,0,0,0,0,0,0,2,1,6,1,33,6,2993,2,7,8,1,8
2018010111763,3,9,0,4,0,0,0,0,0,0,2,1,6,1,53,8,1598,2,3,6,1,6
2018010111763,4,9,0,4,0,0,0,0,0,0,2,1,6,2,22,5,998,1,3,6,1,6
2018010111763,5,9,0,4,0,0,0,0,0,0,2,1,6,1,30,6,1197,1,2,8,1,8
2018010111763,6,9,0,4,0,0,0,0,0,0,2,1,6,2,20,4,1242,1,10,3,1,3
2018010111763,7,19,0,18,0,0,0,0,0,0,1,1,1,1,49,8,2494,2,9,3,1,3
2018010111765,1,9,0,3,0,1,0,0,0,0,0,1,1,1,25,5,1595,1,5,3,1,3
2018010111765,2,19,0,4,0,1,0,0,0,0,1,1,1,1,37,7,2143,2,6,3,1,3
2018010111776,1,11,0,4,2,0,0,0,0,0,0,1,1,1,20,4,9000,2,9,1,1,1
2018010111785,1,9,0,3,0,1,0,0,0,0,2,1,6,2,31,6,1398,1,7,6,1,6
2018010111785,2,1,0,18,0,1,0,0,0,0,2,1,6,1,17,4,-1,-1,-1,-1,-1,-1
2018010111788,1,11,0,18,0,2,0,0,0,0,0,1,1,1,49,8,4500,2,2,8,1,8
2018010111791,1,9,0,-1,-1,-1,-1,-1,-1,-1,1,-1,6,1,-1,-1,-1,-1,-1,-1,-1,-1
2018010111800,1,9,0,9,0,5,0,0,0,0,4,1,6,2,37,7,3456,1,12,2,1,2
2018010111800,2,1,0,18,0,1,0,0,0,0,1,1,6,1,31,6,-1,-1,-1,3,1,3
2018010111803,1,8,0,9,0,1,0,0,0,0,1,1,1,1,30,6,1798,8,2,6,1,6
2018010111803,2,3,0,18,0,1,0,0,0,0,1,1,6,1,22,5,125,1,-1,7,1,7
2018010111808,1,9,0,14,0,2,0,0,0,0,1,1,6,1,56,9,1490,1,12,4,1,4
2018010111808,2,3,0,18,0,2,0,0,0,0,1,1,2,1,45,7,108,1,4,2,1,2
2018010111809,1,9,0,9,0,6,0,0,0,0,1,1,6,1,48,8,-1,-1,-1,9,1,9
2018010111809,2,9,0,17,0,1,0,0,0,0,4,1,6,1,47,8,1390,1,12,5,1,5
2018010111811,1,9,0,5,0,8,0,0,0,0,1,1,6,1,37,7,1995,2,5,3,-1,3
2018010111811,2,9,0,3,0,8,0,0,0,0,2,1,6,1,61,9,1598,2,3,2,1,2
2018010111811,3,9,0,3,0,8,0,0,0,0,2,1,6,1,53,8,1895,1,18,1,1,1
2018010111814,1,9,0,18,0,8,0,0,0,0,1,1,6,1,21,5,1364,1,11,2,1,2
2018010111814,2,9,0,3,0,8,0,0,0,0,2,1,6,1,48,8,1968,2,10,7,1,7
2018010111814,3,9,0,3,0,1,0,0,0,0,2,1,6,1,18,4,1229,1,5,8,1,8
2018010111815,1,9,0,-1,-1,-1,-1,-1,-1,-1,2,-1,6,2,22,5,1388,1,6,2,1,2
2018010111815,2,9,0,-1,-1,-1,-1,-1,-1,-1,1,-1,6,1,-1,-1,1560,2,11,-1,-1,-1
2018010111816,1,9,0,9,0,8,0,0,0,0,1,1,6,1,26,6,999,1,-1,3,1,3
2018010111816,2,3,0,18,0,8,0,0,0,0,4,1,6,1,27,6,-1,-1,-1,3,1,3
2018010111817,1,9,0,9,0,1,0,0,0,0,4,1,6,2,38,7,1598,2,6,5,1,5
2018010111817,2,5,0,18,0,1,0,0,0,0,1,1,6,1,31,6,599,1,7,4,1,4
2018010111818,1,9,0,6,0,1,5,4,0,0,1,1,6,2,68,10,1497,8,1,2,1,2
2018010111818,2,9,0,2,0,1,0,0,1,0,3,1,6,3,-1,-1,1390,1,18,-1,-1,-1
2018010111818,3,9,0,2,0,1,0,0,0,0,1,1,6,3,-1,-1,-1,-1,-1,-1,-1,-1
2018010111818,4,9,0,18,0,2,0,0,0,0,4,1,6,2,60,9,2179,2,7,8,1,8
2018010111826,1,9,0,5,0,1,0,0,0,0,1,1,6,1,25,5,2143,2,4,5,1,5
2018010111831,1,5,0,18,0,3,1,0,0,0,4,1,6,1,63,9,865,1,14,2,1,2
2018010111831,2,9,0,18,0,8,0,0,0,0,4,1,6,3,-1,-1,-1,-1,-1,-1,-1,-1
2018010111832,1,11,0,18,0,8,0,0,0,0,0,1,1,1,37,7,-1,-1,-1,3,1,3
2018010111833,1,9,0,18,0,1,0,0,0,0,1,1,6,2,49,8,1497,1,15,1,1,1
2018010111835,1,9,0,9,0,8,0,0,0,0,1,1,6,2,18,4,1242,1,5,7,3,7
2018010111835,2,9,0,18,0,8,0,0,0,0,1,1,6,1,26,6,1995,2,8,2,1,2
2018010111844,1,9,0,3,0,2,0,0,0,0,4,1,6,1,25,5,1397,1,10,7,1,7
2018010111844,2,9,0,7,0,5,0,4,0,0,1,1,6,1,-1,-1,1896,2,15,5,1,5
2018010111845,1,9,0,16,0,0,1,10,7,1,3,1,6,1,18,4,1598,1,9,6,1,6
2018010111847,1,9,0,18,9,1,1,10,1,10,1,1,6,1,20,4,1397,1,6,3,1,3
2018010111849,1,9,0,6,0,0,0,0,0,0,0,1,6,1,48,8,1339,8,7,7,1,7
2018010111849,2,2,0,18,0,0,1,0,0,0,0,1,6,1,17,4,125,1,3,6,1,6
2018010111855,1,9,0,3,0,1,0,0,0,0,1,1,6,1,42,7,1598,1,15,3,1,3
2018010111855,2,3,0,9,0,1,0,0,0,0,2,1,1,1,19,4,125,1,1,2,1,2
2018010111858,1,9,0,18,0,8,5,10,0,0,4,1,6,1,23,5,1560,2,10,2,1,2
2018010111859,1,4,0,5,0,2,2,0,0,0,4,1,1,1,44,7,600,1,5,7,1,7
2018010111859,2,19,0,7,0,2,0,0,0,0,1,1,6,3,-1,-1,2198,2,2,-1,-1,-1
2018010111860,1,3,0,14,0,0,5,0,0,0,4,1,1,1,36,7,108,1,1,2,1,2
2018010111860,2,20,1,1,0,0,0,0,0,0,3,1,1,1,26,6,6692,2,6,6,1,6
2018010111862,1,9,0,-1,-1,-1,-1,-1,-1,-1,2,-1,2,1,30,6,1968,2,3,10,1,10
2018010111862,2,9,0,-1,-1,-1,-1,-1,-1,-1,1,-1,6,1,-1,-1,1998,1,13,-1,-1,-1
2018010111868,1,9,0,18,0,1,0,0,0,0,1,1,6,2,25,5,2179,2,6,5,1,5
2018010111868,2,1,3,18,0,6,0,0,0,0,1,1,6,1,56,9,-1,-1,-1,7,1,7
2018010111870,1,9,0,10,0,6,0,0,0,0,1,1,6,1,25,5,-1,-1,-1,4,1,4
2018010111870,2,10,0,18,0,1,2,0,0,0,4,1,1,1,51,8,-1,-1,-1,7,1,7
2018010111875,1,5,0,18,0,1,0,0,0,0,1,1,6,1,62,9,1255,1,8,7,1,7
2018010111875,2,9,0,7,0,1,0,0,0,0,3,1,6,2,32,6,1596,1,13,5,1,5
2018010111876,1,9,0,9,0,6,0,0,0,0,1,1,6,2,43,7,1598,1,15,2,1,2
2018010111876,2,2,0,18,0,1,0,0,0,0,1,1,6,1,40,7,49,1,14,3,1,3
2018010111877,1,1,-1,-1,-1,-1,-1,-1,-1,-1,-1,1,6,1,57,9,-1,-1,-1,6,1,6
2018010111877,2,9,0,-1,-1,-1,-1,-1,-1,-1,-1,-1,6,1,-1,-1,1998,2,11,6,1,6
2018010111878,1,9,0,9,0,1,0,0,0,0,1,1,6,2,30,6,1299,1,11,5,1,5
2018010111878,2,3,0,18,0,8,0,0,0,0,1,1,6,1,21,5,124,1,5,7,1,7
2018010111879,1,9,0,9,0,8,0,0,0,0,3,1,2,2,44,7,1984,1,8,6,1,6
2018010111879,2,9,0,18,0,8,0,0,0,0,3,1,1,1,49,8,1560,2,4,4,1,4
2018010111881,1,1,-1,-1,-1,0,-1,-1,-1,-1,-1,1,6,1,41,7,-1,-1,-1,5,1,5
2018010111881,2,9,0,-1,-1,0,-1,-1,-1,-1,-1,-1,6,3,-1,-1,-1,-1,-1,-1,-1,-1
2018010111883,1,9,0,18,0,8,0,0,0,0,4,1,6,2,44,7,2987,2,9,-1,-1,-1
2018010111883,2,1,0,18,9,6,0,0,0,0,1,1,6,1,16,4,-1,-1,-1,2,1,2
2018010111884,1,4,0,13,0,8,0,0,0,0,2,1,6,1,27,6,782,1,1,4,1,4
2018010111884,2,9,0,9,0,5,0,0,0,0,1,1,6,2,44,7,1791,8,7,9,1,9
2018010111886,1,19,0,9,0,1,0,0,0,0,3,1,6,1,41,7,1997,2,11,5,2,5
2018010111886,2,9,0,13,0,1,0,0,0,0,1,1,6,1,45,7,2996,1,1,8,1,8
2018010111887,1,9,0,2,0,0,0,0,0,0,3,1,6,3,-1,-1,1197,1,3,-1,-1,-1
2018010111887,2,9,0,18,0,0,0,0,0,0,1,-1,6,2,80,11,998,1,1,9,1,9
2018010111895,1,19,0,17,0,2,0,0,0,0,3,1,1,1,58,9,1995,2,1,-1,-1,-1
2018010111898,1,9,0,18,0,1,0,0,1,1,1,1,6,1,36,7,1968,2,5,2,1,2
2018010111898,2,9,0,4,0,1,0,0,1,7,3,1,6,2,64,9,1598,2,2,6,1,6
2018010111898,3,9,0,3,0,1,0,0,0,0,2,1,6,2,47,8,1499,1,2,7,1,7
2018010111904,1,9,0,9,0,5,0,0,1,10,1,1,6,2,86,11,1299,1,14,9,1,9
2018010111904,2,1,0,18,0,1,0,0,0,0,2,1,6,1,58,9,-1,-1,-1,4,1,4
2018010111905,1,9,0,9,0,5,0,0,0,0,3,1,6,2,48,8,1560,2,4,7,1,7
2018010111905,2,2,0,13,0,1,0,0,0,0,4,1,6,1,29,6,49,1,15,4,1,4
2018010111906,1,9,0,15,2,1,0,0,0,0,1,1,6,2,47,8,1798,8,-1,2,1,2
2018010111906,2,8,0,9,2,5,0,0,0,0,1,1,1,1,30,6,1798,8,2,2,1,2
2018010111909,1,9,0,18,0,0,0,4,0,0,1,1,6,2,82,11,998,1,17,-1,-1,-1
2018010111909,2,9,0,2,0,0,0,0,0,0,1,1,6,3,-1,-1,2143,2,3,-1,-1,-1
2018010111915,1,3,0,-1,-1,-1,-1,-1,-1,-1,2,1,6,1,40,7,109,1,4,3,1,3
2018010111915,2,9,0,-1,-1,-1,-1,-1,-1,-1,1,-1,6,3,-1,-1,-1,-1,-1,-1,-1,-1
2018010111916,1,11,0,12,0,0,0,0,0,0,1,1,1,1,54,8,9360,2,5,2,3,2
2018010111916,2,9,0,12,0,0,0,0,0,0,4,1,1,1,32,6,1598,2,3,9,1,9
2018010111917,1,9,0,4,0,0,0,0,0,0,1,1,6,3,-1,-1,2979,1,4,-1,-1,-1
2018010111917,2,9,0,4,0,0,0,0,0,0,2,1,6,1,51,8,-1,-1,-1,5,1,5
2018010111917,3,9,0,4,0,0,0,0,0,0,1,1,6,2,26,6,1461,2,1,6,1,6
2018010111919,1,19,0,5,0,0,0,0,0,0,3,1,1,1,52,8,1995,2,2,7,1,7
2018010111919,2,9,0,18,0,0,0,4,0,0,3,1,6,1,21,5,1968,2,10,3,1,3
2018010111920,1,11,0,18,0,6,0,0,0,0,0,1,1,1,58,9,4500,2,-1,5,1,5
2018010111920,2,9,0,15,0,6,0,0,0,0,0,1,6,3,-1,-1,-1,-1,-1,-1,-1,-1
2018010111920,3,9,0,6,0,2,0,0,0,0,0,1,2,2,40,7,1396,1,8,6,1,6
2018010111924,1,4,0,4,0,1,0,0,0,0,1,1,6,1,23,5,-1,-1,-1,3,1,3
2018010111924,2,8,0,5,0,6,0,0,0,0,4,1,6,3,45,7,1998,2,5,2,1,2
2018010111925,1,9,0,9,0,8,1,0,0,0,1,1,6,1,28,6,1598,1,10,-1,-1,-1
2018010111926,1,9,0,-1,-1,0,-1,-1,-1,-1,2,-1,6,2,38,7,1995,2,3,7,1,7
2018010111926,2,9,0,-1,-1,0,-1,-1,-1,-1,1,-1,6,2,-1,-1,-1,-1,-1,-1,-1,-1
2018010111926,3,9,0,-1,-1,0,-1,-1,-1,-1,2,-1,6,1,-1,-1,-1,-1,-1,-1,-1,-1
2018010111930,1,20,0,9,0,2,0,0,0,0,2,1,6,3,-1,-1,10837,2,3,-1,-1,-1
2018010111930,2,8,0,18,0,2,0,0,0,0,4,1,2,1,36,7,1950,2,1,3,1,3
2018010111937,1,1,0,5,0,6,0,0,0,0,3,1,6,1,86,11,-1,-1,-1,5,1,5
2018010111937,2,9,0,5,0,2,0,0,0,0,4,1,6,3,-1,-1,-1,-1,-1,-1,-1,-1
2018010111938,1,1,-1,-1,-1,0,-1,-1,-1,-1,-1,1,6,1,18,4,-1,-1,-1,3,1,3
2018010111938,2,9,0,-1,-1,0,-1,-1,-1,-1,1,-1,6,1,-1,-1,3498,1,11,3,1,3
2018010111938,3,1,-1,-1,-1,0,-1,-1,-1,-1,0,1,6,1,-1,-1,-1,-1,-1,2,1,2
2018010111939,1,8,0,9,0,1,0,0,0,0,1,1,1,1,22,5,1798,8,4,1,1,1
2018010111939,2,1,0,16,0,1,0,0,0,0,3,1,6,1,21,5,-1,-1,-1,2,1,2
2018010111942,1,9,0,-1,-1,0,-1,-1,-1,-1,2,-1,2,1,32,6,1398,1,15,4,1,4
2018010111942,2,8,0,-1,-1,0,-1,-1,-1,-1,1,-1,6,3,-1,-1,1598,1,8,-1,-1,-1
2018010111944,1,9,0,-1,-1,0,-1,-1,-1,-1,1,-1,6,3,-1,-1,-1,-1,-1,-1,-1,-1
2018010111944,2,1,-1,5,-1,0,-1,-1,-1,0,2,1,6,1,34,6,-1,-1,-1,3,1,3
2018010111949,1,9,0,18,0,8,1,0,0,0,1,1,6,3,-1,-1,1498,1,8,-1,-1,-1
2018010111949,2,1,0,18,0,1,0,0,0,0,0,1,6,1,52,8,-1,-1,-1,2,1,2
2018010111953,1,9,0,5,0,0,0,0,0,0,4,1,2,1,54,8,1999,1,11,3,1,3
2018010111955,1,9,0,4,0,1,0,0,0,0,2,1,6,1,36,7,1248,1,8,3,1,3
2018010111955,2,9,0,4,0,1,0,0,0,0,1,1,1,1,52,8,1998,2,8,6,1,6
2018010111958,1,1,-1,-1,-1,-1,-1,-1,-1,-1,-1,1,2,2,22,5,-1,-1,-1,1,1,1
2018010111960,1,19,0,6,0,2,0,0,0,0,3,1,6,3,-1,-1,1248,2,8,-1,-1,-1
2018010111960,2,3,0,18,0,2,0,0,0,0,1,1,2,1,37,7,124,1,9,-1,-1,-1
2018010111971,1,9,0,18,2,1,0,0,0,0,3,1,2,1,41,7,1800,1,19,3,1,3
2018010111976,1,1,-1,-1,-1,2,-1,-1,-1,-1,1,1,6,1,29,6,-1,-1,-1,4,1,4
2018010111976,2,9,0,-1,-1,2,-1,-1,-1,-1,-1,-1,6,3,54,8,-1,-1,-1,2,1,2
2018010111979,1,9,0,18,0,8,0,0,0,0,3,1,6,2,31,6,1329,1,8,-1,-1,-1
2018010111979,2,9,0,9,0,8,0,0,0,0,1,1,6,2,26,6,1598,2,4,-1,-1,-1
2018010111982,1,9,0,7,0,5,0,0,0,0,1,1,1,1,53,8,1790,1,8,2,1,2
2018010111984,1,9,0,-1,-1,-1,-1,-1,-1,-1,2,-1,6,2,51,8,1498,1,8,3,1,3
2018010111984,2,2,0,-1,-1,-1,-1,-1,-1,-1,-1,1,6,3,-1,-1,125,1,3,-1,-1,-1
2018010111986,1,9,0,7,0,1,0,0,0,0,1,1,6,1,44,7,1598,2,5,-1,-1,-1
2018010111986,2,9,0,16,0,1,0,0,0,0,1,1,6,1,32,6,1995,2,14,3,1,3
2018010111987,1,8,0,4,0,1,0,0,0,0,2,1,1,1,39,7,1339,8,8,2,1,2
2018010111987,2,9,0,18,0,1,0,0,0,0,1,1,6,1,59,9,2987,2,11,2,1,2
2018010111995,1,9,0,9,0,1,0,0,0,0,4,1,2,2,60,9,1597,1,7,4,1,4
2018010111995,2,3,0,18,0,2,0,0,0,0,1,1,6,1,48,8,-1,-1,-1,-1,-1,-1
2018010111999,1,9,0,10,0,1,0,0,0,0,1,1,6,2,40,7,1149,1,13,4,1,4
2018010111999,2,9,0,18,0,2,0,0,0,0,1,1,6,1,41,7,-1,-1,-1,4,1,4
2018010112001,1,5,0,13,0,0,0,0,0,0,1,1,6,1,38,7,599,1,9,3,1,3
2018010112001,2,3,0,5,0,0,0,0,0,0,1,1,1,1,19,4,-1,-1,-1,2,1,2
2018010112003,1,9,0,18,0,1,0,0,0,0,1,1,2,1,38,7,1461,2,4,4,1,4
2018010112003,2,9,0,7,0,2,0,0,0,0,1,1,6,1,23,5,1229,1,9,3,1,3
2018010112005,1,9,0,16,0,1,0,0,0,0,1,1,1,1,59,9,-1,-1,-1,6,1,6
2018010112005,2,9,0,2,0,1,0,0,1,0,2,1,6,3,-1,-1,1329,1,9,-1,-1,-1
2018010112008,1,9,0,18,0,1,0,0,0,0,1,1,6,2,22,5,1242,1,4,5,1,5
2018010112009,1,9,0,18,9,8,1,10,1,4,1,1,6,2,30,6,1587,1,12,5,1,5
2018010112009,2,9,0,2,6,1,0,0,0,0,3,1,6,3,-1,-1,1590,1,16,-1,-1,-1