Accident_Index,Vehicle_Reference,Vehicle_Type,Towing_and_Articulation,Vehicle_Manoeuvre,Vehicle_Location-Restricted_Lane,Junction_Location,Skidding_and_Overturning,Hit_Object_in_Carriageway,Vehicle_Leaving_Carriageway,Hit_Object_off_Carriageway,1st_Point_of_Impact,Was_Vehicle_Left_Hand_Drive?,Journey_Purpose_of_Driver,Sex_of_Driver,Age_of_Driver,Age_Band_of_Driver,Engine_Capacity_(CC),Propulsion_Code,Age_of_Vehicle,Driver_IMD_Decile,Driver_Home_Area_Type,Vehicle_IMD_Decile
2018010112009,3,9,0,2,6,1,0,0,0,0,3,1,6,3,-1,-1,2171,1,17,-1,-1,-1
2018010112013,1,9,0,18,0,0,1,0,1,0,4,1,2,2,29,6,2143,2,2,8,1,8
2018010112013,2,21,1,12,0,0,0,0,0,0,3,2,1,1,26,6,-1,-1,-1,-1,-1,-1
2018010112014,1,1,-1,-1,-1,-1,-1,-1,-1,-1,-1,1,2,1,27,6,-1,-1,-1,8,1,8
2018010112014,2,19,0,-1,-1,-1,-1,-1,-1,-1,1,-1,6,3,-1,-1,-1,-1,-1,-1,-1,-1
2018010112021,1,1,-1,-1,-1,-1,-1,-1,-1,-1,1,1,6,2,-1,-1,-1,-1,-1,6,1,6
2018010112023,1,1,-1,-1,-1,-1,-1,-1,-1,-1,1,1,2,1,39,7,-1,-1,-1,-1,-1,-1
2018010112023,2,9,0,-1,-1,-1,-1,-1,-1,-1,-1,-1,6,2,-1,-1,1598,1,10,-1,-1,-1
2018010112037,1,8,0,18,0,0,0,0,0,0,3,1,1,1,46,8,1796,1,5,2,1,2
2018010112037,2,9,0,18,0,0,0,0,0,0,3,1,6,1,41,7,1997,1,16,9,1,9
2018010112039,1,19,0,4,0,2,0,0,0,0,1,1,1,1,56,9,-1,-1,-1,3,1,3
2018010112047,1,9,-1,18,0,1,-1,-1,0,0,1,-1,6,3,-1,-1,-1,-1,-1,-1,-1,-1
2018010112050,1,9,0,18,0,8,1,0,0,0,1,1,6,1,70,10,1328,1,1,3,1,3
2018010112050,2,9,0,9,0,8,0,0,0,0,1,1,6,1,73,10,1997,1,11,7,1,7
2018010112052,1,8,0,3,0,1,0,0,0,0,2,1,3,1,44,7,1798,1,8,6,1,6
2018010112052,2,9,0,18,0,1,0,0,0,0,1,1,6,2,27,6,1198,1,9,6,1,6
2018010112054,1,9,-1,-1,-1,5,-1,-1,0,0,1,-1,6,1,-1,-1,-1,-1,-1,-1,-1,-1
2018010112054,2,1,-1,18,6,8,-1,-1,-1,-1,1,1,6,1,14,3,-1,-1,-1,6,1,6
2018010112060,1,9,0,-1,-1,-1,-1,-1,-1,-1,-1,-1,6,1,56,9,1798,1,12,6,1,6
2018010112060,2,9,0,-1,-1,-1,-1,-1,-1,-1,1,-1,6,1,-1,-1,-1,-1,-1,-1,-1,-1
2018010112061,1,9,0,-1,-1,-1,-1,-1,-1,-1,2,-1,6,2,26,6,2179,2,4,3,1,3
2018010112061,2,9,0,-1,-1,-1,-1,-1,-1,-1,1,-1,6,2,31,6,1332,1,13,2,1,2
2018010112064,1,9,0,18,0,8,0,0,0,0,1,1,6,1,25,5,1390,1,17,4,1,4
2018010112064,2,9,0,18,0,8,5,0,0,0,4,1,6,1,63,9,1796,1,15,8,1,8
2018010112065,1,9,0,18,0,1,0,0,0,0,4,1,6,1,23,5,998,1,6,6,1,6
2018010112068,1,11,0,5,0,4,0,4,0,0,1,1,1,1,38,7,8268,2,13,2,1,2
2018010112068,2,9,0,3,0,4,0,0,0,0,2,1,6,1,35,6,1618,1,1,10,1,10
2018010112070,1,9,0,18,0,2,0,0,0,0,1,1,6,1,73,10,-1,-1,-1,9,1,9
2018010112070,2,9,0,13,0,2,0,0,0,0,4,1,1,1,37,7,1968,2,5,7,1,7
2018010112070,3,9,0,2,0,2,0,0,0,0,2,1,6,3,-1,-1,-1,-1,-1,-1,-1,-1
2018010112072,1,9,0,5,0,1,0,0,0,0,1,1,6,1,68,10,1498,1,11,5,1,5
2018010112074,1,11,0,3,3,0,0,0,0,0,3,1,1,1,40,7,4500,2,7,6,1,6
2018010112074,2,9,0,18,0,0,0,4,0,0,4,1,6,1,28,6,1397,1,16,1,1,1
2018010112075,1,9,0,-1,-1,0,-1,-1,-1,-1,2,-1,6,1,54,8,1797,8,4,2,1,2
2018010112075,2,9,-1,-1,0,0,-1,-1,0,0,-1,-1,6,3,-1,-1,1598,1,5,2,1,2
2018010112078,1,8,0,18,0,0,0,0,0,0,0,1,6,1,39,7,1686,2,6,3,1,3
2018010112078,2,4,0,13,0,0,0,0,0,0,0,1,6,1,44,7,125,1,2,8,1,8
2018010112081,1,9,0,18,9,8,0,0,1,4,1,1,6,1,72,10,3996,1,18,9,1,9
2018010112083,1,3,0,-1,0,1,0,0,0,0,2,1,6,1,27,6,125,1,3,1,1,1
2018010112083,2,3,0,-1,0,1,0,4,0,0,1,1,6,1,-1,-1,125,1,16,-1,-1,-1
2018010112096,1,19,0,3,0,1,0,0,0,0,2,1,1,1,31,6,1248,2,4,6,1,6
2018010112096,2,19,0,18,0,1,0,0,0,0,1,1,1,1,46,8,2148,2,10,7,1,7
2018010112100,1,9,0,5,0,8,0,0,0,0,1,1,1,1,54,8,1997,2,4,1,1,1
2018010112101,1,9,0,9,0,8,0,0,0,0,4,1,6,1,71,10,2143,2,3,5,1,5
2018010112101,2,19,0,18,0,8,0,0,0,0,1,1,1,1,25,5,4500,2,1,8,1,8
2018010112102,1,1,-1,-1,-1,0,-1,-1,-1,-1,-1,1,6,1,22,5,-1,-1,-1,2,1,2
2018010112103,1,11,0,-1,-1,-1,-1,-1,-1,-1,1,-1,6,3,-1,-1,-1,-1,-1,-1,-1,-1
2018010112105,1,19,0,1,0,2,0,0,0,0,2,1,1,1,28,6,1997,2,3,3,1,3
2018010112113,1,9,0,-1,-1,0,-1,-1,-1,-1,2,-1,6,2,26,6,1198,1,7,4,1,4
2018010112113,2,9,0,-1,-1,0,-1,-1,-1,-1,1,-1,6,1,-1,-1,-1,-1,-1,9,1,9
2018010112114,1,9,0,18,0,0,0,4,0,0,1,1,6,2,79,11,1400,1,9,8,1,8
2018010112114,2,9,0,2,0,0,0,0,0,0,2,1,6,3,-1,-1,1850,1,17,-1,-1,-1
2018010112121,1,9,0,5,0,0,0,0,0,0,4,1,6,1,27,6,1968,2,5,1,1,1
2018010112124,1,8,0,-1,-1,-1,-1,-1,-1,-1,2,-1,6,1,51,8,1791,8,6,2,-1,2
2018010112124,2,9,0,-1,-1,-1,-1,-1,-1,-1,-1,-1,6,1,51,8,1461,2,-1,3,1,3
2018010112139,1,1,0,18,4,1,0,0,0,0,0,1,3,1,17,4,-1,-1,-1,6,1,6
2018010112139,2,1,0,18,0,1,0,1,0,0,1,1,6,1,16,4,-1,-1,-1,3,1,3
2018010112140,1,11,0,4,2,0,0,0,0,0,2,1,1,1,54,8,4500,2,-1,6,1,6
2018010112140,2,19,0,14,2,0,0,4,0,0,1,2,1,1,46,8,2198,2,6,4,1,4
2018010112140,3,8,0,13,0,0,0,0,0,0,1,1,1,1,31,6,1753,2,8,3,1,3
2018010112143,1,4,0,10,0,0,0,0,0,0,0,1,1,1,48,8,-1,-1,-1,3,1,3
2018010112143,2,4,0,18,0,0,0,0,0,0,1,1,1,2,26,6,124,1,9,4,1,4
2018010112144,1,9,0,5,0,6,0,0,0,0,4,1,2,2,31,6,2143,2,5,2,1,2
2018010112144,2,3,0,17,0,1,0,0,0,0,1,1,2,1,35,6,125,1,2,9,1,9
2018010112146,1,9,0,18,0,2,0,0,1,0,1,2,6,1,60,9,1499,1,-1,8,1,8
2018010112147,1,5,0,18,0,0,2,0,0,0,1,1,2,1,32,6,599,1,5,6,1,6
2018010112147,2,8,0,4,0,0,0,0,0,0,2,1,1,1,48,8,2143,2,7,5,1,5
2018010112151,1,9,0,18,0,0,0,4,0,0,1,1,2,2,58,9,1461,2,3,5,1,5
2018010112151,2,9,0,2,0,0,0,0,0,0,1,1,6,3,-1,-1,1951,2,14,-1,-1,-1
2018010112152,1,9,0,18,0,0,0,7,7,1,1,1,6,1,21,5,1390,1,7,3,1,3
2018010112154,1,9,0,9,0,0,0,0,0,0,4,1,6,2,29,6,1318,1,-1,1,1,1
2018010112154,2,2,0,9,0,0,2,0,0,0,1,1,1,1,22,5,125,1,2,1,1,1
2018010112157,1,9,0,8,0,4,0,0,0,0,2,1,6,2,25,5,998,1,22,6,1,6
2018010112157,2,1,0,14,0,1,0,0,0,0,1,1,6,2,22,5,-1,-1,-1,3,1,3
2018010112161,1,9,0,-1,-1,-1,-1,-1,-1,-1,2,-1,6,2,27,6,1149,1,8,2,1,2
2018010112161,2,90,0,-1,-1,-1,-1,-1,-1,-1,1,-1,6,1,-1,-1,-1,-1,-1,-1,-1,-1
2018010112162,1,11,0,4,0,1,0,0,0,0,1,1,6,1,58,9,5132,2,2,4,1,4
2018010112163,1,19,0,5,0,4,0,0,0,0,3,1,1,1,41,7,1995,2,1,1,1,1
2018010112163,2,1,0,17,0,8,0,0,0,0,1,1,6,1,24,5,-1,-1,-1,3,1,3
2018010112170,1,9,0,6,0,8,0,0,0,0,1,1,1,1,50,8,1791,8,6,2,1,2
2018010112170,2,5,0,18,0,8,0,0,0,0,1,1,6,1,31,6,748,1,9,-1,-1,-1
2018010112176,1,11,0,4,2,2,0,0,0,0,3,1,6,3,38,7,-1,-1,-1,-1,-1,-1
2018010112176,2,11,0,14,0,2,0,0,0,0,4,1,2,1,48,8,-1,-1,-1,-1,-1,-1
2018010112177,1,9,0,18,0,0,0,0,0,0,1,1,6,1,38,7,1968,2,4,2,1,2
2018010112179,1,9,0,4,0,1,0,0,0,0,1,1,2,1,25,5,1329,1,7,3,1,3
2018010112179,2,1,0,18,0,6,0,0,0,0,1,1,2,1,46,8,-1,-1,-1,2,1,2
2018010112180,1,1,-1,-1,-1,-1,-1,-1,-1,-1,-1,1,6,1,32,6,-1,-1,-1,2,1,2
2018010112180,2,9,0,-1,-1,-1,-1,-1,-1,-1,1,-1,6,1,-1,-1,1461,2,5,7,3,7
2018010112181,1,9,0,5,0,2,0,0,0,0,1,1,6,3,-1,-1,-1,-1,-1,-1,-1,-1
2018010112182,1,9,0,18,0,8,0,10,0,0,1,1,6,2,49,8,1598,1,5,3,1,3
2018010112185,1,11,0,5,2,4,0,0,0,0,0,1,1,1,53,8,9000,2,9,4,1,4
2018010112187,1,8,0,6,0,2,0,0,0,0,1,1,1,1,46,8,2499,2,6,4,1,4
2018010112187,2,4,0,18,0,2,0,0,0,0,3,1,6,1,34,6,125,1,3,3,1,3
2018010112194,1,5,0,18,0,0,5,0,0,0,3,1,6,1,29,6,675,1,8,7,1,7
2018010112194,2,19,0,6,0,0,0,0,0,0,1,1,1,1,38,7,1598,2,10,4,1,4
2018010112199,1,1,-1,-1,-1,0,-1,-1,-1,-1,-1,1,2,1,29,6,-1,-1,-1,6,1,6
2018010112199,2,9,-1,18,0,0,0,0,0,0,1,-1,6,3,-1,-1,1598,1,12,-1,-1,-1
2018010112211,1,9,-1,18,0,8,0,0,0,0,3,-1,6,2,39,7,1339,1,13,4,1,4
2018010112212,1,1,0,18,0,0,0,0,0,0,1,1,2,2,29,6,-1,-1,-1,2,1,2
2018010112219,1,9,0,18,0,0,0,0,0,0,4,1,1,2,49,8,1149,1,7,5,1,5
2018010112219,2,1,0,18,0,0,0,0,0,0,3,1,2,1,23,5,-1,-1,-1,3,1,3
2018010112229,1,1,0,18,0,8,0,0,0,0,1,1,1,1,41,7,-1,-1,-1,7,1,7
2018010112229,2,9,0,9,0,5,0,0,0,0,4,1,3,2,51,8,1896,2,17,5,1,5
2018010112230,1,9,-1,18,-1,-1,-1,-1,-1,-1,1,1,6,1,42,7,1968,2,2,-1,-1,-1
2018010112230,2,9,-1,18,-1,-1,-1,-1,-1,-1,-1,1,6,2,-1,-1,1388,1,16,-1,-1,-1
2018010112234,1,1,0,18,0,0,0,0,0,0,3,1,6,1,46,8,-1,-1,-1,2,1,2
2018010112234,2,19,0,5,0,0,0,0,0,0,1,-1,6,3,-1,-1,1560,2,5,-1,-1,-1
2018010112238,1,9,0,-1,-1,-1,-1,-1,-1,-1,2,-1,6,1,57,9,1998,1,15,2,1,2
2018010112252,1,9,0,18,0,0,0,0,0,0,4,-1,6,1,56,9,1598,1,16,4,1,4
2018010112252,2,9,0,18,0,0,0,0,0,0,3,-1,6,2,-1,-1,2143,2,1,5,-1,5
2018010112255,1,9,0,-1,-1,-1,-1,-1,-1,-1,-1,-1,6,1,-1,-1,-1,-1,-1,7,1,7
2018010112257,1,9,0,9,0,1,0,0,0,0,1,1,6,1,56,9,1968,2,7,2,1,2
2018010112258,1,1,0,18,0,2,0,0,0,0,1,1,6,1,53,8,-1,-1,-1,6,1,6
2018010112258,2,9,0,18,0,1,-1,0,0,0,1,-1,6,1,47,8,1686,2,7,1,1,1
2018010112260,1,9,0,18,0,0,0,0,0,0,1,1,1,2,46,8,6592,1,3,10,1,10
2018010112262,1,9,-1,1,-1,-1,-1,-1,-1,-1,-1,-1,6,1,28,6,1364,1,14,6,1,6
2018010112268,1,9,0,15,0,2,0,0,0,0,4,1,6,1,28,6,1798,1,10,1,1,1
2018010112269,1,19,0,18,0,2,0,0,0,0,4,1,1,1,41,7,-1,-1,-1,-1,-1,-1
2018010112269,2,9,0,18,0,8,0,0,0,0,1,1,6,3,-1,-1,-1,-1,-1,-1,-1,-1
2018010112269,3,1,0,18,0,2,0,0,0,0,3,1,2,1,56,9,-1,-1,-1,8,1,8
2018010112270,1,8,0,3,0,0,0,0,0,0,3,2,6,1,42,7,1896,2,8,3,1,3
2018010112270,2,3,0,14,0,0,0,0,0,0,3,1,2,2,45,7,124,1,11,3,1,3
2018010112275,1,4,0,14,0,1,0,0,0,0,2,1,2,1,26,6,599,1,17,8,1,8
2018010112275,2,9,0,9,0,8,0,0,0,0,1,1,6,3,-1,-1,-1,-1,-1,-1,-1,-1
2018010112276,1,9,0,-1,-1,-1,-1,-1,-1,-1,2,-1,6,2,30,6,1596,1,5,3,1,3
2018010112276,2,9,0,-1,-1,-1,-1,-1,-1,-1,1,-1,6,2,-1,-1,1997,1,5,3,1,3
2018010112286,1,19,0,9,0,1,0,0,0,0,1,1,6,3,-1,-1,-1,-1,-1,-1,-1,-1
2018010112286,2,3,0,18,0,1,5,0,0,0,3,1,2,2,20,4,113,1,2,9,1,9
2018010112287,1,1,0,18,0,0,5,0,0,0,1,1,6,1,53,8,-1,-1,-1,2,1,2
2018010112287,2,9,0,3,0,0,0,0,0,0,3,1,6,1,41,7,1798,8,3,2,1,2
2018010112290,1,9,0,4,4,1,0,8,0,0,3,1,6,1,46,8,-1,-1,-1,-1,-1,-1
2018010112290,2,1,0,4,4,1,0,8,0,0,3,1,2,1,49,8,-1,-1,-1,6,1,6
2018010112291,1,9,0,18,0,1,0,0,0,0,1,1,1,1,40,7,-1,-1,-1,6,1,6
2018010112291,2,9,0,18,0,1,0,0,0,0,2,1,1,1,33,6,1984,1,-1,-1,-1,-1
2018010112296,1,1,-1,-1,-1,-1,-1,-1,-1,-1,0,1,2,1,30,6,-1,-1,-1,1,1,1
2018010112296,2,9,0,-1,-1,-1,-1,-1,-1,-1,-1,-1,6,3,-1,-1,-1,-1,-1,-1,-1,-1
2018010112307,1,9,0,7,9,5,0,0,0,0,3,1,6,1,28,6,1598,1,11,4,2,4
2018010112307,2,1,0,18,0,1,0,0,0,0,4,1,6,1,20,4,-1,-1,-1,-1,-1,-1
2018010112309,1,19,0,18,0,2,0,0,0,0,3,1,1,1,38,7,2402,2,13,8,1,8
2018010112309,2,19,0,14,0,2,0,0,0,0,3,1,1,1,53,8,1560,2,2,7,2,7
2018010112314,1,2,0,18,-1,0,-1,-1,-1,-1,1,1,6,2,38,7,49,1,6,2,1,2
2018010112318,1,9,0,18,0,1,0,0,0,0,4,1,6,1,31,6,2143,2,2,2,1,2
2018010112318,2,1,0,18,0,1,0,4,0,0,3,1,2,1,24,5,-1,-1,-1,2,1,2
2018010112319,1,19,0,5,0,0,0,0,0,0,1,1,1,1,26,6,1995,2,10,8,1,8
2018010112325,1,3,0,18,0,0,0,4,0,0,3,1,6,1,15,3,125,1,7,-1,-1,-1
2018010112326,1,4,0,18,0,1,0,0,0,0,1,1,6,1,35,6,125,1,1,1,1,1
2018010112326,2,9,0,9,0,1,0,0,0,0,4,1,2,2,40,7,1995,2,5,2,1,2
2018010112328,1,11,0,4,2,1,0,0,0,0,0,1,1,1,61,9,4500,2,2,2,1,2
2018010112331,1,9,0,6,0,6,0,0,0,0,3,1,1,1,47,8,1798,8,3,5,1,5
2018010112331,2,5,0,13,0,2,2,0,7,10,1,1,2,1,29,6,-1,-1,-1,10,1,10
2018010112332,1,9,0,8,0,4,0,0,0,0,2,1,6,1,49,8,2497,1,11,9,1,9
2018010112332,2,9,0,18,0,4,0,0,0,0,1,1,1,1,29,6,-1,-1,-1,2,1,2
2018010112334,1,9,0,18,0,1,0,0,0,0,1,1,1,1,37,7,2967,2,3,6,1,6
2018010112335,1,3,0,4,0,2,5,0,0,0,2,1,6,1,54,8,125,1,4,-1,-1,-1
2018010112335,2,9,0,5,0,2,0,0,0,0,1,1,6,3,-1,-1,-1,-1,-1,-1,-1,-1
2018010112344,1,9,0,-1,-1,-1,-1,-1,-1,-1,2,-1,2,1,42,7,1991,8,2,7,1,7
2018010112344,2,9,0,-1,-1,-1,-1,-1,-1,-1,-1,-1,6,1,-1,-1,2499,1,11,-1,-1,-1
2018010112345,1,9,0,5,0,2,0,0,0,0,1,1,3,2,46,8,2360,1,14,4,1,4
2018010112345,2,2,0,14,0,2,0,0,0,0,4,1,6,1,25,5,108,1,5,5,1,5
2018010112351,1,1,-1,-1,-1,0,-1,-1,-1,-1,1,1,6,2,43,7,-1,-1,-1,4,1,4
2018010112351,2,9,0,2,0,0,0,0,0,0,-1,1,6,3,-1,-1,-1,-1,-1,-1,-1,-1
2018010112353,1,5,0,15,0,2,0,0,0,0,3,1,2,1,23,5,749,1,13,5,1,5
2018010112353,2,9,0,4,0,2,0,0,0,0,3,1,6,2,26,6,1242,1,7,5,1,5
2018010112353,3,1,0,5,0,1,0,0,0,0,1,1,2,1,39,7,-1,-1,-1,2,1,2
2018010112355,1,3,0,18,0,0,0,0,0,0,4,1,6,1,26,6,124,1,3,2,1,2
2018010112356,1,9,0,5,0,4,0,0,0,0,1,1,1,1,53,8,2969,2,14,2,1,2
2018010112356,2,3,0,5,0,4,0,0,0,0,0,1,1,1,33,6,108,1,-1,-1,-1,-1
2018010112357,1,9,0,7,0,1,0,0,0,0,1,1,6,2,44,7,1596,1,4,5,1,5
2018010112357,2,1,0,16,0,1,5,0,0,0,1,1,6,2,29,6,-1,-1,-1,4,1,4
2018010112359,1,1,-1,-1,-1,-1,-1,-1,-1,-1,-1,1,2,1,29,6,-1,-1,-1,6,1,6
2018010112359,2,9,0,-1,-1,-1,-1,-1,-1,-1,1,-1,6,1,27,6,1900,2,12,-1,-1,-1
2018010112364,1,9,0,9,0,8,0,0,0,0,3,1,2,2,47,8,1896,2,13,5,1,5
2018010112364,2,3,0,13,0,8,5,0,0,0,1,1,6,2,41,7,125,1,3,2,1,2
2018010112365,1,9,0,7,0,6,0,0,0,0,1,1,6,1,26,6,2979,1,4,6,3,6
2018010112365,2,1,0,18,0,1,0,0,0,0,1,1,6,1,34,6,-1,-1,-1,6,1,6
2018010112369,1,9,0,18,0,0,0,0,0,0,2,1,6,1,30,6,2143,2,2,1,1,1
2018010112369,2,9,0,18,0,0,0,0,0,0,2,1,6,1,63,9,1248,1,-1,9,3,9
2018010112369,3,9,0,18,0,0,0,0,0,0,1,1,2,2,26,6,1242,1,4,6,1,6
2018010112369,4,9,0,18,0,0,1,0,0,0,0,1,6,3,-1,-1,-1,-1,-1,-1,-1,-1
2018010112369,5,9,0,11,0,0,0,0,0,0,0,1,6,3,-1,-1,-1,-1,-1,-1,-1,-1
2018010112372,1,5,0,18,0,1,0,0,0,0,1,1,2,1,53,8,999,1,1,10,1,10
2018010112372,2,9,0,10,0,1,0,0,0,0,1,1,2,1,48,8,2143,12,4,1,1,1
2018010112374,1,11,0,16,2,1,0,0,0,0,0,1,1,1,41,7,4500,2,4,3,1,3
2018010112374,2,9,0,7,0,5,0,0,0,0,0,1,6,3,-1,-1,-1,-1,-1,-1,-1,-1
2018010112377,1,3,0,9,0,8,0,0,0,0,1,1,1,1,54,8,125,1,3,3,1,3
2018010112377,2,3,0,9,0,8,0,0,0,0,2,1,1,1,31,6,125,1,9,3,1,3
2018010112380,1,9,0,12,0,0,0,0,0,0,3,1,6,1,17,4,1997,2,11,1,1,1
2018010112380,2,5,0,18,0,0,0,10,4,4,4,1,6,1,41,7,599,1,13,3,1,3
2018010112381,1,1,-1,-1,-1,-1,-1,-1,-1,-1,-1,1,2,1,34,6,-1,-1,-1,3,1,3
2018010112381,2,20,0,-1,-1,-1,-1,-1,-1,-1,1,-1,6,1,-1,-1,-1,-1,-1,-1,-1,-1
2018010112382,1,9,0,9,0,8,0,0,0,0,1,1,2,2,42,7,998,1,6,10,1,10
2018010112382,2,9,0,18,0,8,0,0,0,0,3,1,6,1,67,10,1998,2,12,-1,-1,-1
2018010112383,1,9,0,9,0,8,0,0,0,0,1,1,6,3,-1,-1,-1,-1,-1,-1,-1,-1
2018010112383,2,1,0,4,0,1,0,0,0,0,1,1,6,1,39,7,-1,-1,-1,2,1,2
2018010112386,1,9,0,1,0,1,0,0,0,0,2,1,6,1,23,5,1198,1,11,9,1,9
2018010112390,1,9,0,5,0,1,0,0,0,0,4,1,1,1,54,8,-1,3,-1,10,2,10
2018010112390,2,1,0,18,0,1,0,0,0,0,1,1,1,1,25,5,-1,-1,-1,4,1,4
2018010112393,1,1,-1,-1,-1,-1,-1,-1,-1,-1,1,1,6,1,18,4,-1,-1,-1,6,1,6
2018010112393,2,9,0,-1,-1,-1,-1,-1,-1,-1,4,-1,6,1,58,9,1197,1,2,9,1,9
2018010112394,1,9,0,7,0,1,0,0,0,0,2,1,6,1,36,7,1198,1,12,5,1,5
2018010112394,2,9,0,18,0,1,0,0,0,0,1,1,6,2,38,7,1798,1,8,4,1,4
2018010112396,1,1,0,18,0,0,0,0,0,0,1,1,2,1,26,6,-1,-1,-1,8,1,8
2018010112396,2,19,0,18,0,0,0,0,0,0,2,1,1,1,44,7,2143,2,1,10,1,10
2018010112397,1,9,0,5,0,1,0,0,0,0,1,1,6,2,29,6,1796,1,14,1,1,1
2018010112397,2,9,0,17,0,8,0,0,0,0,3,1,6,1,48,8,2776,2,12,2,1,2
2018010112399,1,9,0,9,0,8,0,0,0,0,3,1,6,1,53,8,-1,-1,-1,3,1,3
2018010112399,2,5,0,18,0,8,0,0,0,0,4,1,6,1,24,5,800,1,4,2,1,2
2018010112402,1,8,0,5,0,1,0,0,0,0,1,1,6,1,60,9,1798,8,5,6,1,6
2018010112408,1,9,0,9,0,0,0,0,0,0,1,1,1,1,44,7,1797,8,9,4,1,4
2018010112408,2,3,0,13,0,0,0,0,0,0,1,1,1,1,42,7,125,1,4,5,1,5
2018010112410,1,9,0,9,0,6,0,10,3,0,1,1,6,1,21,5,1995,2,7,9,1,9
2018010112412,1,1,0,18,4,0,0,0,0,0,0,1,2,1,53,8,-1,-1,-1,8,1,8
2018010112413,1,9,0,18,0,0,0,0,0,0,4,1,6,2,30,6,1242,1,2,10,1,10
2018010112413,2,9,0,11,9,0,0,0,0,0,1,1,6,2,39,7,1598,1,5,7,1,7
2018010112414,1,9,0,18,0,1,0,0,0,0,3,1,6,1,27,6,1968,2,8,6,1,6
2018010112414,2,3,0,5,0,8,0,0,0,0,1,1,6,1,26,6,108,1,1,3,1,3
2018010112415,1,9,0,17,0,8,0,7,3,1,1,1,6,1,48,8,1794,1,14,3,1,3
2018010112417,1,9,0,9,0,5,0,0,1,0,1,1,6,1,25,5,1388,1,7,3,1,3
2018010112417,2,1,0,7,0,6,0,0,1,0,1,1,6,1,25,5,-1,-1,-1,3,1,3
2018010112418,1,5,0,18,0,0,1,10,0,0,1,1,6,1,34,6,998,1,14,3,1,3
2018010112418,2,21,0,18,0,0,0,0,0,0,2,1,6,1,51,8,5880,2,10,5,1,5
2018010112419,1,8,0,12,0,1,0,0,0,0,4,1,1,1,39,7,1798,8,3,4,1,4
2018010112419,2,8,0,18,0,1,0,0,0,0,3,1,1,1,25,5,1798,8,4,2,1,2
2018010112420,1,3,0,18,0,0,0,4,0,0,4,1,1,1,33,6,125,1,1,4,1,4
2018010112420,2,9,0,2,0,0,0,0,0,0,3,1,6,3,-1,-1,1968,1,9,-1,-1,-1
2018010112420,3,9,0,2,0,0,0,0,0,0,3,1,6,3,-1,-1,1598,1,12,-1,-1,-1
2018010112423,1,9,0,18,0,0,0,0,0,0,1,1,6,1,60,9,1598,1,17,9,1,9
2018010112424,1,19,0,7,0,1,0,0,0,0,3,1,1,1,48,8,1598,2,1,4,2,4
2018010112424,2,1,0,18,0,2,0,0,0,0,1,1,1,1,52,8,-1,-1,-1,9,1,9
2018010112425,1,9,0,12,0,1,0,0,0,0,3,1,1,2,28,6,1599,1,13,9,1,9
2018010112425,2,9,0,18,0,1,0,0,0,0,3,1,6,1,-1,-1,1968,2,2,-1,-1,-1
2018010112425,3,19,0,13,0,1,0,0,0,0,4,1,6,1,-1,-1,-1,-1,-1,-1,-1,-1
2018010112427,1,8,0,18,0,2,0,0,0,0,1,1,6,1,60,9,1797,8,9,1,1,1
2018010112427,2,1,0,18,0,1,0,0,0,0,2,1,6,2,29,6,-1,-1,-1,2,1,2
2018010112438,1,5,0,18,2,8,0,0,0,0,1,1,6,1,30,6,675,1,5,5,1,5
2018010112438,2,19,0,9,0,8,0,0,0,0,1,1,6,1,49,8,1998,2,14,-1,-1,-1
2018010112438,3,19,0,18,0,1,0,0,0,0,0,1,6,2,44,7,2143,2,7,7,1,7
2018010112439,1,9,0,18,0,0,0,0,0,0,1,1,6,3,-1,-1,-1,-1,-1,-1,-1,-1
2018010112455,1,1,-1,-1,-1,0,-1,-1,-1,-1,1,1,2,1,-1,-1,-1,-1,-1,8,3,8
2018010112455,2,8,0,-1,-1,0,-1,-1,-1,-1,-1,-1,6,1,-1,-1,1798,8,5,5,1,5
2018010112457,1,19,0,11,0,0,0,0,0,0,4,1,1,1,43,7,1560,2,3,8,1,8
2018010112457,2,1,0,18,0,0,0,0,0,0,1,1,6,1,43,7,-1,-1,-1,3,1,3
2018010112460,1,3,0,5,0,0,0,0,0,0,1,1,6,1,24,5,125,1,3,3,1,3
2018010112463,1,2,0,-1,0,1,0,0,0,0,-1,1,2,1,41,7,49,1,6,3,1,3
2018010112463,2,8,0,-1,0,1,0,0,0,0,-1,-1,6,3,-1,-1,2143,2,6,7,1,7
2018010112467,1,9,-1,18,-1,-1,-1,-1,0,0,2,-1,6,2,42,7,1997,1,4,5,1,5
2018010112467,2,9,-1,18,-1,-1,-1,-1,0,0,1,-1,6,1,-1,-1,2393,7,16,-1,-1,-1
2018010112469,1,9,0,18,0,1,0,0,0,0,1,1,6,2,37,7,1794,1,11,1,1,1
2018010112471,1,5,0,4,0,0,0,0,0,0,1,1,2,1,42,7,1200,1,1,5,1,5
2018010112472,1,9,0,-1,-1,-1,-1,-1,-1,-1,2,-1,6,1,55,8,1753,2,9,2,1,2
2018010112472,2,9,0,-1,-1,-1,-1,-1,-1,-1,2,-1,6,1,32,6,1984,1,-1,-1,-1,-1
2018010112476,1,9,0,4,0,0,0,0,0,0,1,1,2,2,21,5,1248,1,2,3,1,3
2018010112476,2,19,0,3,0,0,0,0,0,0,2,1,1,1,58,9,2143,2,5,2,1,2
2018010112477,1,9,0,3,0,1,0,0,0,0,1,1,2,1,32,6,1560,2,6,3,1,3
2018010112477,2,3,0,13,0,1,1,0,0,0,4,1,2,1,36,7,124,1,3,-1,-1,-1
2018010112478,1,9,0,-1,-1,-1,-1,-1,-1,-1,2,-1,6,1,-1,-1,1798,8,4,3,1,3