Accident_Index,Vehicle_Reference,Vehicle_Type,Towing_and_Articulation,Vehicle_Manoeuvre,Vehicle_Location-Restricted_Lane,Junction_Location,Skidding_and_Overturning,Hit_Object_in_Carriageway,Vehicle_Leaving_Carriageway,Hit_Object_off_Carriageway,1st_Point_of_Impact,Was_Vehicle_Left_Hand_Drive?,Journey_Purpose_of_Driver,Sex_of_Driver,Age_of_Driver,Age_Band_of_Driver,Engine_Capacity_(CC),Propulsion_Code,Age_of_Vehicle,Driver_IMD_Decile,Driver_Home_Area_Type,Vehicle_IMD_Decile
2018010112903,2,1,0,18,0,8,0,0,0,0,2,1,6,1,41,7,-1,-1,-1,5,1,5
2018010112905,1,11,2,18,-1,-1,-1,-1,-1,-1,-1,-1,6,1,43,7,4461,2,5,9,1,9
2018010112907,1,1,-1,-1,-1,-1,-1,-1,-1,-1,-1,1,2,2,32,6,-1,-1,-1,1,1,1
2018010112907,2,9,0,-1,-1,-1,-1,-1,-1,-1,1,-1,6,3,-1,-1,1968,2,10,2,1,2
2018010112909,1,9,0,18,0,0,0,0,0,0,1,1,6,1,35,6,1360,1,8,2,1,2
2018010112915,1,9,0,9,0,6,0,0,0,0,3,1,6,1,84,11,1318,1,1,1,1,1
2018010112915,2,4,0,18,0,1,0,0,0,0,1,1,2,1,41,7,847,1,5,10,3,10
2018010112918,1,8,0,3,6,0,0,0,0,0,3,1,1,1,55,8,1798,8,3,3,1,3
2018010112918,2,1,0,18,0,0,0,4,0,0,1,1,2,1,23,5,-1,-1,-1,5,1,5
2018010112920,1,11,0,5,0,0,0,0,0,0,1,1,6,1,55,8,6692,2,5,8,1,8
2018010112921,1,9,0,5,0,1,0,0,0,0,4,1,6,3,-1,-1,-1,-1,-1,-1,-1,-1
2018010112922,1,1,-1,-1,-1,-1,-1,-1,-1,-1,2,1,2,1,53,8,-1,-1,-1,6,1,6
2018010112922,2,19,0,-1,-1,-1,-1,-1,-1,-1,-1,-1,6,3,-1,-1,2143,2,5,3,1,3
2018010112922,3,9,0,-1,-1,-1,-1,-1,-1,-1,-1,-1,6,3,-1,-1,-1,-1,-1,-1,-1,-1
2018010112924,1,9,0,-1,-1,-1,-1,-1,-1,-1,-1,-1,6,1,37,7,1560,2,14,2,1,2
2018010112926,1,1,-1,18,4,-1,-1,-1,-1,-1,-1,1,6,2,42,7,-1,-1,-1,1,1,1
2018010112926,2,9,-1,-1,0,8,-1,-1,-1,-1,-1,-1,6,2,-1,-1,1461,2,1,2,1,2
2018010112927,1,9,0,3,0,1,0,0,0,0,2,1,6,1,39,7,1796,1,10,2,1,2
2018010112927,2,8,0,4,0,1,0,0,0,0,1,1,1,1,40,7,1798,8,2,2,1,2
2018010112933,1,9,0,17,0,8,0,0,0,0,2,1,6,2,48,8,1598,1,6,5,1,5
2018010112933,2,9,0,18,0,8,0,0,0,0,1,1,6,3,-1,-1,1796,1,10,-1,-1,-1
2018010112938,1,9,0,9,0,1,0,0,0,0,3,1,6,2,57,9,1341,1,14,5,1,5
2018010112938,2,1,0,13,0,1,2,7,0,0,1,1,6,1,34,6,-1,-1,-1,4,1,4
2018010112939,1,1,-1,-1,-1,-1,-1,-1,-1,-1,1,1,2,2,25,5,-1,-1,-1,4,1,4
2018010112939,2,1,-1,-1,-1,-1,-1,-1,-1,-1,0,1,6,3,-1,-1,-1,-1,-1,-1,-1,-1
2018010112947,1,9,0,9,0,1,0,10,7,10,1,1,2,1,21,5,-1,-1,-1,2,1,2
2018010112948,1,1,-1,-1,-1,0,-1,-1,-1,-1,1,1,2,2,29,6,-1,-1,-1,1,1,1
2018010112948,2,9,0,-1,-1,0,-1,-1,-1,-1,1,-1,6,3,-1,-1,-1,-1,-1,-1,-1,-1
2018010112952,1,8,0,5,0,8,0,0,0,0,1,1,1,1,46,8,1686,2,4,3,1,3
2018010112956,1,9,0,16,0,3,0,0,0,0,4,1,2,2,22,5,999,1,-1,8,1,8
2018010112959,1,9,0,18,0,0,0,0,0,0,4,1,6,1,54,8,1995,2,4,3,1,3
2018010112959,2,9,0,12,8,0,0,0,0,0,3,1,6,1,-1,-1,1991,2,9,-1,-1,-1
2018010112960,1,9,-1,6,-1,0,-1,-1,-1,-1,-1,-1,6,1,34,6,1995,2,6,3,1,3
2018010112960,2,9,-1,6,-1,0,-1,-1,-1,-1,-1,-1,6,3,-1,-1,1595,1,9,-1,-1,-1
2018010112967,1,9,0,6,0,0,0,0,0,0,1,1,3,2,38,7,2143,2,3,6,1,6
2018010112967,2,5,0,14,0,0,0,0,0,0,1,1,2,1,32,6,865,1,10,1,1,1
2018010112969,1,9,0,5,0,8,0,0,0,0,3,1,2,1,45,7,1398,2,3,2,1,2
2018010112969,2,8,0,18,0,1,0,0,0,0,1,1,1,1,40,7,1968,2,4,2,1,2
2018010112974,1,9,0,-1,-1,-1,-1,-1,-1,-1,1,-1,6,1,25,5,2143,2,5,1,1,1
2018010112974,2,9,0,-1,-1,-1,-1,-1,-1,-1,2,-1,6,2,-1,-1,1997,2,7,3,1,3
2018010112983,1,9,0,3,0,2,0,0,0,0,2,1,6,1,41,7,2231,2,11,2,1,2
2018010112983,2,3,0,18,0,1,0,0,0,0,1,1,6,1,28,6,124,1,12,-1,-1,-1
2018010112984,1,9,0,7,0,1,0,0,0,0,1,1,6,2,55,8,1598,1,11,7,1,7
2018010112988,1,8,0,18,-1,0,-1,-1,-1,-1,3,-1,6,1,-1,-1,1910,2,8,-1,-1,-1
2018010112990,1,9,0,9,0,2,0,0,0,0,2,1,2,1,31,6,999,1,6,6,1,6
2018010112990,2,17,0,4,0,1,0,0,0,0,1,1,1,1,61,9,1115,2,2,-1,-1,-1
2018010112993,1,20,0,9,0,8,0,0,0,0,3,1,1,1,56,9,-1,-1,-1,6,1,6
2018010112993,2,2,0,15,0,8,0,0,0,0,1,1,6,1,66,10,-1,-1,-1,3,1,3
2018010112998,1,9,-1,-1,-1,-1,-1,-1,-1,-1,-1,-1,6,3,-1,-1,-1,-1,-1,-1,-1,-1
2018010113000,1,19,0,2,0,1,0,0,0,0,0,1,6,3,-1,-1,4249,2,11,-1,-1,-1
2018010113000,2,3,0,18,0,1,0,0,0,0,1,1,6,1,-1,-1,-1,-1,-1,-1,-1,-1
2018010113002,1,1,0,18,2,8,0,0,0,0,1,1,1,1,41,7,-1,-1,-1,3,1,3
2018010113002,2,9,0,9,0,8,0,0,0,0,4,1,6,1,49,8,973,1,15,2,1,2
2018010113003,1,9,0,18,0,4,0,0,0,0,1,1,1,1,62,9,2143,2,2,4,1,4
2018010113003,2,1,0,17,0,8,0,0,0,0,2,1,6,1,42,7,-1,-1,-1,9,1,9
2018010113004,1,3,-1,3,0,1,0,0,0,0,2,1,6,1,20,4,125,1,1,3,1,3
2018010113004,2,19,-1,18,0,1,0,0,0,0,1,-1,6,1,-1,-1,1968,2,4,1,1,1
2018010113005,1,2,0,18,2,0,0,0,0,0,3,1,6,2,29,6,49,1,9,1,1,1
2018010113005,2,9,0,11,0,0,0,0,0,0,4,1,1,1,55,8,1997,1,8,5,1,5
2018010113011,1,9,0,18,0,1,0,0,0,0,1,1,6,3,-1,-1,-1,-1,-1,-1,-1,-1
2018010113018,1,9,0,18,0,0,0,0,0,0,2,-1,6,2,29,6,1560,2,6,4,1,4
2018010113018,2,9,0,18,0,0,0,0,0,0,1,-1,6,3,-1,-1,1995,2,-1,-1,-1,-1
2018010113026,1,4,0,18,0,8,0,0,0,0,4,1,2,1,30,6,599,1,7,4,1,4
2018010113026,2,1,0,18,0,8,0,0,0,0,3,1,2,1,24,5,-1,-1,-1,5,1,5
2018010113030,1,9,0,-1,-1,-1,-1,-1,-1,-1,2,1,6,2,29,6,1388,1,16,3,1,3
2018010113030,2,9,-1,18,0,1,-1,0,0,0,1,-1,6,3,-1,-1,1242,1,3,-1,-1,-1
2018010113032,1,4,0,9,0,5,0,0,0,0,1,1,6,1,24,5,398,1,10,8,1,8
2018010113033,1,2,0,4,0,1,0,4,0,0,1,1,6,1,21,5,108,1,7,1,1,1
2018010113033,2,19,0,9,0,1,0,0,0,0,3,2,1,1,28,6,1998,2,15,5,1,5
2018010113039,1,9,0,-1,-1,-1,-1,-1,-1,-1,1,-1,6,3,-1,-1,1796,1,14,-1,-1,-1
2018010113039,2,9,0,-1,-1,-1,-1,-1,-1,-1,2,-1,6,3,-1,-1,1910,2,11,7,1,7
2018010113044,1,9,0,18,0,0,0,0,0,0,1,1,3,2,32,6,1339,1,13,7,1,7
2018010113045,1,9,0,-1,-1,-1,-1,-1,-1,-1,1,-1,6,1,40,7,1390,1,16,3,1,3
2018010113045,2,9,0,-1,-1,-1,-1,-1,-1,-1,-1,-1,6,1,-1,-1,2967,1,8,-1,1,-1
2018010113051,1,9,0,9,0,0,0,0,0,0,3,1,6,1,23,5,2143,2,-1,10,1,10
2018010113051,2,5,0,13,0,0,1,0,0,0,4,1,6,1,40,7,599,1,19,2,1,2
2018010113052,1,11,0,9,0,6,0,0,0,0,0,1,1,1,56,9,6700,2,8,4,1,4
2018010113053,1,11,0,5,0,2,0,0,0,0,0,1,1,1,49,8,5132,2,1,6,1,6
2018010113054,1,9,0,18,0,0,0,0,0,0,1,1,6,1,39,7,1364,1,1,8,1,8
2018010113059,1,1,0,4,0,0,0,0,0,0,1,1,2,1,33,6,-1,-1,-1,9,1,9
2018010113059,2,8,0,18,0,0,0,0,0,0,4,1,6,3,-1,-1,-1,-1,-1,-1,-1,-1
2018010113060,1,9,0,12,0,0,0,0,0,0,3,1,6,2,46,8,988,1,-1,2,1,2
2018010113060,2,21,1,18,0,0,0,0,0,0,4,1,1,1,25,5,12419,2,7,3,2,3
2018010113061,1,19,0,4,0,1,0,0,0,0,2,1,6,1,56,9,2299,2,3,2,1,2
2018010113061,2,9,0,18,0,1,0,0,0,0,1,1,6,1,45,7,1997,2,15,2,1,2
2018010113061,3,9,0,18,0,1,0,0,0,0,2,1,6,1,31,6,1998,1,13,2,1,2
2018010113063,1,5,0,15,0,1,0,10,0,0,3,1,6,1,26,6,125,1,6,2,1,2
2018010113063,2,9,0,15,0,1,0,0,0,0,1,1,6,2,55,8,-1,-1,-1,3,1,3
2018010113064,1,11,0,4,0,8,0,0,0,0,0,1,1,1,36,7,4461,2,4,5,1,5
2018010113074,1,8,0,7,0,1,0,0,0,0,3,1,1,1,64,9,1997,2,6,3,1,3
2018010113074,2,1,0,18,2,2,0,0,7,0,1,1,6,1,17,4,-1,-1,-1,1,1,1
2018010113079,1,4,0,18,0,2,0,0,0,0,1,1,6,1,24,5,124,1,2,5,1,5
2018010113079,2,2,0,9,0,2,0,0,0,0,2,1,1,1,22,5,125,1,5,2,1,2
2018010113080,1,21,1,18,0,0,0,0,0,0,1,2,1,1,49,8,-1,-1,-1,-1,-1,-1
2018010113080,2,9,0,18,0,0,0,0,0,0,0,1,6,1,54,8,2993,2,1,10,1,10
2018010113081,1,1,0,18,0,1,0,0,0,0,1,1,6,1,-1,-1,-1,-1,-1,-1,-1,-1
2018010113087,1,3,0,13,0,8,0,0,0,0,4,1,1,1,31,6,125,1,1,5,1,5
2018010113087,2,9,0,5,0,8,0,0,0,0,3,1,6,1,25,5,1395,1,4,2,1,2
2018010113092,1,11,0,4,0,1,0,0,0,0,0,1,1,1,29,6,4461,2,4,2,1,2
2018010113092,2,19,0,4,0,1,0,0,0,0,0,1,6,3,-1,-1,-1,-1,-1,-1,-1,-1
2018010113093,1,9,0,4,0,2,0,0,0,0,1,1,6,2,33,6,1590,1,14,3,1,3
2018010113093,2,1,0,18,0,2,0,0,0,0,4,1,6,1,6,2,-1,-1,-1,3,1,3
2018010113094,1,9,0,-1,-1,0,-1,-1,-1,-1,1,-1,6,2,53,8,1798,1,8,10,1,10
2018010113094,2,9,0,-1,-1,0,-1,-1,-1,-1,1,-1,6,3,-1,-1,-1,-1,-1,-1,-1,-1
2018010113096,1,11,0,5,0,1,0,4,0,0,1,1,1,1,24,5,4500,2,3,1,1,1
2018010113096,2,3,0,3,0,1,0,0,0,0,3,1,2,1,48,8,114,1,4,9,1,9
2018010113098,1,9,0,7,0,1,0,0,0,0,2,1,3,2,50,8,1339,1,16,7,1,7
2018010113098,2,1,0,18,4,1,5,4,0,0,4,1,2,1,44,7,-1,-1,-1,1,1,1
2018010113099,1,3,0,18,0,0,0,0,1,0,1,1,6,1,21,5,125,1,1,6,1,6
2018010113099,2,9,0,9,0,0,0,0,0,0,1,1,6,2,82,11,1596,1,9,8,1,8
2018010113101,1,4,0,18,0,8,0,0,0,0,1,1,1,1,19,4,108,1,-1,6,1,6
2018010113101,2,9,0,9,0,8,0,0,0,0,1,1,6,1,58,9,1950,2,-1,8,1,8
2018010113102,1,8,0,9,0,1,0,0,0,0,1,1,2,1,33,6,1798,8,5,4,1,4
2018010113102,2,3,0,14,0,1,0,0,0,0,4,1,1,1,20,4,124,1,5,5,1,5
2018010113104,1,9,0,5,0,2,0,0,0,0,1,1,6,2,35,6,1598,1,8,2,1,2
2018010113104,2,3,0,14,0,8,0,0,0,0,4,1,1,1,30,6,108,1,4,3,1,3
2018010113106,1,3,0,18,0,1,0,0,0,0,1,1,2,1,21,5,125,1,4,3,1,3
2018010113106,2,9,0,6,0,1,0,0,0,0,1,1,2,1,26,6,1998,1,-1,5,1,5
2018010113110,1,9,0,18,0,0,1,0,0,0,2,1,6,2,19,4,1248,2,11,6,1,6
2018010113110,2,9,0,18,0,0,0,0,0,0,1,1,6,1,29,6,1968,2,7,2,1,2
2018010113112,1,3,0,5,0,8,0,0,0,0,1,1,1,1,27,6,108,1,9,2,1,2
2018010113112,2,9,0,18,0,8,0,0,0,0,3,1,6,2,29,6,1198,1,5,5,1,5
2018010113116,1,8,0,-1,-1,0,-1,-1,-1,-1,2,-1,2,1,42,7,1339,8,8,4,1,4
2018010113116,2,9,0,-1,-1,0,-1,-1,-1,-1,1,-1,6,3,-1,-1,1796,1,14,-1,-1,-1
2018010113117,1,9,5,5,0,0,0,0,0,0,2,1,6,1,41,7,-1,-1,-1,5,1,5
2018010113117,2,9,0,18,0,0,0,0,0,0,3,1,6,1,60,9,1997,1,9,10,1,10
2018010113117,3,8,5,18,0,0,0,0,0,0,2,1,1,1,45,7,-1,-1,-1,3,1,3
2018010113117,4,9,0,2,0,0,0,0,0,0,2,1,6,3,-1,-1,2972,1,21,-1,-1,-1
2018010113118,1,3,0,18,0,1,0,0,0,0,1,1,6,1,-1,-1,124,1,5,2,1,2
2018010113119,1,9,0,18,0,0,1,0,0,0,1,1,6,1,23,5,1796,1,9,3,1,3
2018010113119,2,9,0,3,0,0,0,0,0,0,2,1,6,1,52,8,1596,1,13,2,1,2
2018010113119,3,9,0,3,0,0,0,0,0,0,2,1,6,2,69,10,1598,1,18,8,1,8
2018010113122,1,9,0,4,0,6,0,0,0,0,3,1,6,2,29,6,1229,1,11,2,1,2
2018010113122,2,9,0,5,0,8,0,0,5,10,1,1,6,3,-1,-1,1995,2,11,-1,-1,-1
2018010113124,1,9,0,2,0,2,0,0,0,0,2,1,6,3,-1,-1,1896,2,16,-1,-1,-1
2018010113124,2,5,0,14,0,2,0,4,0,0,1,1,6,1,39,7,652,1,16,3,1,3
2018010113125,1,9,0,18,0,2,0,0,0,0,1,1,6,1,22,5,1968,2,5,1,1,1
2018010113125,2,9,0,7,0,5,0,0,1,0,2,1,6,2,21,5,1390,1,7,2,1,2
2018010113129,1,9,0,16,0,0,0,0,0,0,1,1,6,1,21,5,1989,1,18,5,1,5
2018010113129,2,8,0,17,0,0,0,0,0,0,1,1,6,1,63,9,1598,2,2,3,1,3
2018010113129,3,9,0,2,0,0,0,4,0,0,4,1,6,3,-1,-1,1753,2,10,-1,-1,-1
2018010113129,4,9,0,18,0,0,0,0,0,0,0,1,1,2,31,6,1995,2,3,4,1,4
2018010113130,1,90,0,4,2,0,0,0,0,0,1,1,6,3,-1,-1,-1,-1,-1,-1,-1,-1
2018010113130,2,1,0,18,0,0,0,4,0,0,3,1,6,1,28,6,-1,-1,-1,3,1,3
2018010113131,1,9,0,9,0,1,0,0,0,0,1,1,6,1,55,8,-1,-1,-1,2,1,2
2018010113131,2,1,0,18,0,1,0,0,0,0,1,1,6,2,34,6,-1,-1,-1,3,1,3
2018010113135,1,9,0,3,0,1,0,0,0,0,2,1,6,2,30,6,998,1,6,5,1,5
2018010113135,2,5,0,18,0,1,0,0,0,0,1,1,6,1,25,5,690,1,2,1,1,1
2018010113136,1,9,0,4,0,6,0,0,1,0,2,1,6,1,38,7,1984,1,17,3,1,3
2018010113136,2,9,0,18,0,1,0,4,0,0,1,1,6,1,29,6,1596,1,5,2,1,2
2018010113142,1,3,0,18,0,8,1,0,3,0,4,1,6,1,22,5,125,1,7,-1,-1,-1
2018010113144,1,9,0,18,0,0,1,0,0,0,1,1,6,1,31,6,-1,-1,-1,3,1,3
2018010113144,2,9,0,2,0,0,0,0,0,0,4,2,6,3,-1,-1,-1,-1,-1,-1,-1,-1
2018010113144,3,9,0,2,0,0,0,0,0,0,3,1,6,3,-1,-1,-1,-1,-1,-1,-1,-1
2018010113146,1,3,0,18,0,8,5,0,0,0,1,1,1,1,33,6,125,1,5,3,1,3
2018010113146,2,1,0,18,0,1,5,0,0,0,1,1,6,1,24,5,-1,-1,-1,-1,-1,-1
2018010113150,1,1,0,-1,-1,-1,-1,0,0,0,2,1,6,1,33,6,-1,-1,-1,2,1,2
2018010113151,1,19,0,-1,-1,-1,-1,-1,-1,-1,2,-1,6,1,43,7,1995,2,2,9,1,9
2018010113151,2,9,0,-1,-1,-1,-1,-1,-1,-1,1,-1,6,3,27,6,-1,-1,-1,-1,-1,-1
2018010113164,1,9,0,9,0,5,0,0,7,10,2,1,6,1,63,9,1560,2,10,2,1,2
2018010113164,2,9,0,18,0,8,0,0,0,0,1,1,1,1,44,7,2993,2,1,-1,-1,-1
2018010113164,3,9,0,18,0,8,0,0,0,0,1,1,1,1,46,8,2993,2,1,-1,-1,-1
2018010113164,4,9,0,2,0,8,0,4,1,10,3,1,6,3,-1,-1,1910,2,12,-1,-1,-1
2018010113164,5,9,0,2,0,8,0,0,0,0,1,1,6,3,-1,-1,2987,2,12,-1,-1,-1
2018010113164,6,9,0,18,0,8,0,0,0,0,1,1,6,1,18,4,1968,2,3,-1,-1,-1
2018010113167,1,9,0,9,0,8,0,0,0,0,3,1,6,2,56,9,1242,1,5,6,1,6
2018010113167,2,5,0,18,0,8,0,0,0,0,3,1,6,1,43,7,1449,1,12,6,1,6
2018010113171,1,1,-1,-1,-1,-1,-1,-1,-1,-1,1,1,2,2,38,7,-1,-1,-1,6,1,6
2018010113171,2,9,0,-1,-1,-1,-1,-1,-1,-1,1,-1,6,3,78,11,1299,1,21,3,1,3
2018010113172,1,9,0,14,0,0,5,4,0,0,3,1,6,1,75,10,1364,1,1,8,1,8
2018010113172,2,9,0,2,0,0,0,0,0,0,3,1,6,3,-1,-1,1229,1,10,-1,-1,-1
2018010113172,3,9,0,2,0,0,0,4,0,0,1,1,6,3,-1,-1,1499,2,3,-1,-1,-1
2018010113173,1,3,0,18,0,2,2,0,7,1,4,1,6,1,19,4,124,1,2,3,1,3
2018010113175,1,9,0,4,0,1,0,0,0,0,1,1,6,2,79,11,1399,1,9,4,1,4
2018010113178,1,9,0,18,0,8,0,0,0,0,4,1,1,1,32,6,1560,2,3,3,1,3
2018010113178,2,1,0,18,0,8,0,0,0,0,1,1,6,1,42,7,-1,-1,-1,5,1,5
2018010113180,1,9,0,9,0,8,0,0,0,0,1,1,6,2,17,4,1598,1,1,9,3,9
2018010113180,2,3,0,18,0,8,0,0,0,0,3,1,6,1,33,6,125,1,1,2,1,2
2018010113181,1,9,0,18,0,8,0,0,0,0,3,1,6,1,57,9,1956,2,5,9,1,9
2018010113181,2,9,0,5,0,8,0,0,0,0,4,1,6,3,-1,-1,1796,1,17,-1,-1,-1
2018010113186,1,9,0,18,0,0,5,4,0,0,1,1,6,2,75,10,-1,-1,-1,4,1,4
2018010113186,2,9,0,2,0,0,0,0,0,0,2,2,6,3,-1,-1,-1,-1,-1,-1,-1,-1
2018010113192,1,1,-1,-1,-1,-1,-1,-1,-1,-1,-1,1,6,1,30,6,-1,-1,-1,6,1,6
2018010113192,2,9,0,-1,-1,-1,-1,-1,-1,-1,-1,-1,6,3,-1,-1,-1,-1,-1,-1,-1,-1
2018010113194,1,1,-1,-1,-1,-1,-1,-1,-1,-1,-1,1,6,1,31,6,-1,-1,-1,2,1,2
2018010113194,2,8,0,-1,-1,-1,-1,-1,-1,-1,-1,-1,6,3,-1,-1,1339,1,7,-1,-1,-1
2018010113197,1,4,0,14,0,0,1,0,0,0,1,1,6,1,31,6,125,1,8,4,1,4
2018010113201,1,9,0,18,0,0,0,0,0,0,1,1,6,1,-1,-1,1968,2,10,-1,2,-1
2018010113201,2,9,0,18,0,0,0,0,0,0,0,1,6,2,33,6,2179,2,4,5,1,5
2018010113202,1,5,0,-1,-1,-1,-1,-1,-1,-1,1,1,6,3,-1,-1,-1,-1,-1,-1,-1,-1
2018010113202,2,5,0,-1,-1,-1,-1,-1,-1,-1,0,1,6,3,-1,-1,-1,-1,-1,-1,-1,-1
2018010113214,1,19,0,7,0,5,0,0,0,0,1,1,6,1,25,5,1995,2,10,3,1,3
2018010113216,1,9,0,18,-1,1,-1,0,0,0,2,-1,6,1,-1,-1,1998,1,9,3,1,3
2018010113216,2,9,0,2,0,1,0,0,0,0,2,-1,6,3,-1,-1,2993,2,1,-1,-1,-1
2018010113217,1,9,0,4,0,0,0,0,0,0,1,1,1,1,44,7,1560,2,4,3,1,3
2018010113217,2,9,0,18,0,0,0,4,0,0,1,1,6,1,34,6,2967,2,1,4,1,4
2018010113218,1,11,0,5,2,1,0,0,0,0,0,1,1,1,38,7,4500,2,3,2,1,2
2018010113219,1,9,0,18,0,0,0,4,0,0,1,1,6,1,35,6,1968,2,6,2,1,2
2018010113219,2,9,0,3,0,0,0,4,0,0,1,1,6,1,32,6,2000,2,8,2,1,2
2018010113221,1,9,0,18,0,0,0,0,0,0,1,1,6,2,37,7,1496,2,1,7,1,7
2018010113221,2,1,0,18,0,0,0,0,0,0,1,1,6,2,40,7,-1,-1,-1,5,1,5
2018010113222,1,2,0,15,0,2,0,0,0,0,1,1,1,1,17,4,125,1,7,4,1,4
2018010113222,2,8,0,9,0,6,0,0,0,0,1,1,2,1,47,8,1560,2,10,3,1,3
2018010113223,1,11,0,5,0,0,0,0,0,0,4,1,1,1,50,8,4500,2,9,2,1,2
2018010113227,1,9,0,18,0,1,0,0,0,0,3,1,6,1,23,5,1995,1,9,4,1,4
2018010113227,2,9,0,9,0,5,0,0,0,0,1,1,6,2,52,8,998,1,2,2,1,2
2018010113228,1,9,0,5,0,1,0,0,0,0,3,1,1,1,44,7,1229,1,9,4,1,4
2018010113228,2,9,0,3,0,1,0,0,0,0,1,1,6,3,-1,-1,-1,-1,-1,-1,-1,-1
2018010113230,1,9,0,7,0,1,0,0,0,0,4,1,6,1,30,6,1968,2,9,1,1,1
2018010113230,2,3,0,18,2,1,0,0,0,0,1,1,6,1,35,6,125,1,8,2,1,2
2018010113231,1,3,0,18,0,1,0,0,0,0,4,1,6,1,17,4,124,1,10,6,1,6
2018010113236,1,11,0,18,2,1,0,0,0,0,4,1,1,1,27,6,4500,2,9,1,1,1
2018010113237,1,1,0,18,0,2,0,0,0,0,2,1,6,1,33,6,-1,-1,-1,7,1,7
2018010113237,2,9,0,18,0,8,0,0,0,0,1,1,6,1,31,6,3199,1,14,3,1,3
2018010113239,1,19,0,15,0,1,0,0,0,0,4,1,6,3,-1,-1,-1,-1,-1,-1,-1,-1
2018010113239,2,1,0,15,0,1,0,8,0,0,1,1,6,1,45,7,-1,-1,-1,2,1,2
2018010113245,1,9,0,3,0,1,0,0,0,0,0,1,6,1,21,5,1242,1,10,3,1,3
2018010113245,2,1,0,18,0,1,0,0,0,0,1,1,6,1,48,8,-1,-1,-1,2,1,2
2018010113248,1,9,0,16,0,8,1,0,0,0,1,1,6,1,38,7,1796,1,10,2,1,2
2018010113248,2,9,0,14,0,1,1,0,0,0,1,1,6,1,73,10,2171,1,17,-1,-1,-1
2018010113250,1,9,0,5,0,4,0,0,0,0,0,1,6,2,33,6,1796,1,15,3,1,3
2018010113250,2,3,0,18,0,4,5,10,0,0,4,1,6,1,34,6,-1,-1,-1,5,1,5
2018010113250,3,9,0,5,0,4,0,0,0,0,0,1,6,1,-1,-1,1595,1,5,8,1,8
2018010113252,1,19,0,-1,-1,0,-1,-1,-1,-1,2,1,6,1,32,6,1598,2,7,3,1,3
2018010113252,2,9,0,-1,-1,0,-1,-1,-1,-1,1,-1,6,3,-1,-1,-1,-1,-1,4,1,4
2018010113253,1,9,0,9,0,2,0,0,0,0,3,2,6,1,32,6,3781,1,65,7,1,7
2018010113253,2,3,0,18,0,1,0,0,0,0,1,1,1,1,28,6,125,1,-1,4,1,4
2018010113256,1,9,0,18,0,0,0,0,0,0,4,1,6,2,45,7,1991,1,-1,8,1,8
2018010113257,1,9,0,18,0,2,1,0,0,0,1,1,6,1,26,6,1461,2,3,7,1,7
2018010113257,2,9,0,9,0,8,1,0,0,0,3,1,6,1,32,6,1499,1,-1,4,1,4
2018010113259,1,9,0,10,0,2,0,0,0,0,1,1,6,2,47,8,1997,2,7,2,1,2
2018010113259,2,3,0,13,0,8,0,0,0,0,1,1,1,1,35,6,124,1,7,2,1,2
2018010113261,1,9,0,-1,-1,0,-1,-1,-1,-1,2,-1,6,1,42,7,1197,1,7,7,1,7
2018010113261,2,9,0,-1,-1,0,-1,-1,-1,-1,1,-1,6,3,-1,-1,1984,1,9,6,1,6
2018010113262,1,9,0,18,0,1,1,0,0,0,1,1,6,1,-1,-1,2143,2,4,-1,-1,-1
2018010113262,2,8,0,18,0,1,0,0,0,0,2,1,1,1,57,9,2776,2,2,3,1,3
2018010113262,3,8,0,18,0,1,0,0,0,0,3,1,1,1,27,6,2143,2,4,2,1,2
2018010113262,4,11,0,18,0,1,0,0,0,0,4,1,1,1,18,4,-1,-1,-1,-1,-1,-1
2018010113265,1,9,0,5,9,0,0,0,0,0,3,1,6,1,31,6,1992,2,12,4,1,4
2018010113267,1,9,0,4,0,0,0,0,0,0,2,1,6,1,58,9,2401,2,13,7,1,7
2018010113267,2,9,0,4,0,0,1,0,0,0,1,1,6,1,33,6,1968,2,9,1,1,1
2018010113267,3,9,0,4,0,0,1,0,0,0,1,1,6,1,24,5,1997,2,14,1,1,1
2018010113268,1,9,0,18,0,0,5,4,0,0,4,1,6,1,42,7,1998,1,15,2,1,2
2018010113268,2,9,0,2,0,0,0,0,1,0,4,1,6,3,-1,-1,1968,2,3,-1,-1,-1
2018010113268,3,9,0,2,0,0,0,0,0,0,1,1,6,3,-1,-1,1198,1,16,-1,-1,-1
2018010113269,1,9,0,4,0,1,0,0,0,0,2,1,6,2,48,8,1598,1,10,2,1,2
2018010113269,2,19,0,18,0,1,0,0,0,0,1,1,6,1,-1,-1,1499,2,1,-1,-1,-1
2018010113270,1,19,0,6,0,8,0,0,0,0,3,1,6,3,-1,-1,-1,-1,-1,-1,-1,-1
2018010113270,2,2,0,14,0,2,0,0,0,0,4,1,1,1,31,6,-1,-1,-1,8,1,8
2018010113271,1,9,0,5,0,1,0,11,0,0,4,1,6,1,24,5,1995,2,1,8,1,8
2018010113276,1,8,0,4,0,1,0,0,0,0,4,1,1,2,53,8,2402,2,15,8,1,8
2018010113279,1,9,0,1,9,0,0,0,0,0,4,1,6,2,34,6,1995,2,5,5,1,5
2018010113279,2,4,0,18,0,0,1,0,0,0,1,1,1,1,24,5,125,1,2,2,1,2
2018010113280,1,9,0,11,0,0,0,0,0,0,1,1,6,1,23,5,2993,2,13,4,1,4
2018010113280,2,9,0,18,0,0,0,0,0,0,1,1,6,1,48,8,2993,2,10,-1,-1,-1
2018010113280,3,9,0,3,0,0,0,0,0,0,2,1,6,1,39,7,1998,1,16,3,1,3
2018010113280,4,9,0,4,0,0,0,0,0,0,2,1,6,2,22,5,1395,1,1,-1,-1,-1