Accident_Index,Vehicle_Reference,Vehicle_Type,Towing_and_Articulation,Vehicle_Manoeuvre,Vehicle_Location-Restricted_Lane,Junction_Location,Skidding_and_Overturning,Hit_Object_in_Carriageway,Vehicle_Leaving_Carriageway,Hit_Object_off_Carriageway,1st_Point_of_Impact,Was_Vehicle_Left_Hand_Drive?,Journey_Purpose_of_Driver,Sex_of_Driver,Age_of_Driver,Age_Band_of_Driver,Engine_Capacity_(CC),Propulsion_Code,Age_of_Vehicle,Driver_IMD_Decile,Driver_Home_Area_Type,Vehicle_IMD_Decile
2018010113691,1,9,0,18,0,1,0,0,0,0,1,1,6,3,18,4,-1,-1,-1,-1,-1,-1
2018010113691,2,1,0,18,0,1,2,0,1,0,1,1,6,2,20,4,-1,-1,-1,2,1,2
2018010113695,1,19,0,1,0,1,0,0,0,0,2,1,1,1,33,6,1995,2,1,8,1,8
2018010113696,1,4,0,-1,-1,0,-1,-1,-1,-1,1,1,6,1,34,6,-1,-1,-1,2,1,2
2018010113696,2,9,0,-1,-1,0,-1,-1,-1,-1,-1,1,6,3,-1,-1,1395,1,-1,7,1,7
2018010113697,1,1,-1,-1,-1,-1,-1,-1,-1,-1,1,1,2,1,33,6,-1,-1,-1,3,1,3
2018010113697,2,9,-1,-1,-1,-1,-1,-1,-1,-1,-1,1,1,3,-1,-1,1798,8,4,-1,-1,-1
2018010113700,1,9,0,18,0,8,0,0,0,0,1,1,6,1,66,10,1896,2,12,6,3,6
2018010113701,1,9,0,-1,-1,-1,-1,-1,-1,-1,3,-1,2,2,28,6,1242,1,2,6,1,6
2018010113701,2,9,0,-1,-1,-1,-1,-1,-1,-1,1,-1,6,3,28,6,2953,2,13,6,1,6
2018010113702,1,1,0,18,0,-1,0,0,0,0,1,1,2,1,25,5,-1,-1,-1,7,1,7
2018010113702,2,8,-1,-1,0,-1,-1,0,0,0,3,-1,1,3,68,10,1598,2,7,-1,-1,-1
2018010113703,1,9,0,9,0,2,0,0,1,0,3,1,6,1,26,6,2231,2,10,8,1,8
2018010113703,2,9,0,18,0,1,0,0,0,0,1,1,6,1,37,7,1995,2,1,7,1,7
2018010113705,1,19,0,5,0,1,0,0,0,0,1,1,1,1,66,10,-1,-1,-1,3,1,3
2018010113706,1,9,0,-1,-1,-1,-1,-1,-1,-1,2,-1,6,2,23,5,999,1,-1,1,1,1
2018010113706,2,9,0,-1,-1,-1,-1,-1,-1,-1,1,-1,6,3,-1,-1,-1,-1,-1,-1,-1,-1
2018010113707,1,4,0,18,0,0,0,0,0,0,1,1,6,1,22,5,124,1,2,2,1,2
2018010113707,2,3,0,1,0,0,0,0,0,0,2,1,6,1,37,7,125,1,9,3,1,3
2018010113709,1,8,0,18,0,2,0,0,0,0,1,1,1,2,51,8,2776,2,2,4,1,4
2018010113709,2,3,0,18,0,2,5,0,0,0,1,1,6,1,18,4,124,1,7,3,1,3
2018010113710,1,19,0,4,0,8,0,0,0,0,1,1,6,1,40,7,2148,2,10,10,1,10
2018010113710,2,9,0,18,0,8,0,0,0,0,1,1,6,2,30,6,1910,2,9,7,1,7
2018010113712,1,3,0,18,0,1,2,0,0,0,1,1,6,3,-1,-1,-1,-1,-1,-1,-1,-1
2018010113714,1,8,0,7,0,1,0,0,0,0,0,1,2,1,53,8,1796,1,4,2,1,2
2018010113714,2,2,0,15,0,1,0,0,0,0,1,1,6,1,33,6,125,1,-1,2,1,2
2018010113717,1,9,0,1,0,1,0,0,0,0,4,1,6,3,-1,-1,-1,-1,-1,-1,-1,-1
2018010113718,1,9,0,18,0,1,0,4,0,0,4,1,6,1,71,10,1339,1,15,5,1,5
2018010113718,2,9,0,2,0,1,0,0,0,0,3,1,6,3,-1,-1,998,1,18,-1,-1,-1
2018010113719,1,9,0,8,0,6,0,0,0,0,3,1,6,1,34,6,1797,8,8,1,1,1
2018010113719,2,2,0,18,0,1,0,0,0,0,1,1,2,1,26,6,125,1,13,4,1,4
2018010113725,1,9,0,18,0,1,0,0,0,0,1,1,1,1,55,8,1997,2,4,9,1,9
2018010113725,2,9,0,9,0,1,0,0,0,0,3,1,1,1,27,6,2143,2,4,7,1,7
2018010113726,1,9,0,18,0,8,0,0,0,0,1,1,6,1,26,6,1598,1,2,2,1,2
2018010113726,2,9,0,2,0,8,0,0,0,0,3,1,6,3,-1,-1,3200,1,17,-1,-1,-1
2018010113727,1,9,0,18,0,0,0,0,1,7,2,1,1,1,61,9,998,1,1,6,2,6
2018010113727,2,21,1,18,0,0,0,0,0,0,1,2,1,1,52,8,-1,-1,-1,-1,-1,-1
2018010113728,1,9,0,17,0,0,0,0,0,0,1,1,6,2,29,6,1597,1,9,2,1,2
2018010113728,2,8,0,16,0,0,0,0,0,0,1,1,6,1,41,7,1560,2,3,2,1,2
2018010113729,1,9,0,18,0,0,0,0,0,0,1,1,6,2,39,7,1796,1,6,10,1,10
2018010113729,2,9,0,18,0,0,0,0,0,0,1,1,2,1,65,9,2495,1,14,5,1,5
2018010113730,1,11,0,18,0,6,0,0,0,0,4,1,1,1,26,6,4500,2,6,3,1,3
2018010113733,1,1,-1,14,0,1,5,0,0,0,1,1,6,2,27,6,-1,-1,-1,2,1,2
2018010113733,2,9,-1,6,0,1,0,0,0,0,3,-1,6,1,-1,-1,1896,2,12,9,1,9
2018010113744,1,9,0,9,0,1,0,0,0,0,1,1,2,2,62,9,1991,2,10,10,3,10
2018010113744,2,1,0,18,0,1,0,0,0,0,1,1,2,2,40,7,-1,-1,-1,6,1,6
2018010113753,1,5,0,18,0,1,0,0,0,0,1,1,1,1,24,5,599,1,8,7,3,7
2018010113753,2,19,0,10,0,5,0,0,0,0,1,2,6,1,46,8,1598,2,5,4,1,4
2018010113754,1,9,0,-1,-1,-1,-1,-1,-1,-1,1,-1,6,2,59,9,1360,1,10,5,1,5
2018010113754,2,9,0,-1,-1,-1,-1,-1,-1,-1,1,-1,6,3,-1,-1,998,1,-1,7,1,7
2018010113759,1,9,0,7,0,5,0,0,0,0,2,1,6,2,43,7,1796,1,19,-1,-1,-1
2018010113759,2,1,0,13,0,1,0,0,0,0,1,1,6,1,20,4,-1,-1,-1,-1,-1,-1
2018010113760,1,1,-1,18,0,1,-1,11,0,0,0,1,6,2,59,9,-1,-1,-1,10,1,10
2018010113760,2,9,-1,9,0,6,-1,-1,0,0,0,-1,6,3,-1,-1,-1,-1,-1,-1,-1,-1
2018010113761,1,9,0,3,0,0,0,0,0,0,1,1,2,1,33,6,898,1,1,5,1,5
2018010113761,2,19,0,3,0,0,0,0,0,0,2,1,1,1,37,7,1461,2,2,4,1,4
2018010113763,1,3,0,15,2,1,0,0,0,0,1,1,6,1,28,6,125,1,-1,3,1,3
2018010113763,2,9,0,7,0,5,0,0,0,0,4,1,6,1,59,9,2488,1,13,4,1,4
2018010113766,1,9,0,18,0,0,1,4,7,0,1,1,2,2,43,7,998,1,15,7,1,7
2018010113766,2,9,0,2,0,0,0,0,0,0,4,1,6,3,-1,-1,1398,1,9,-1,-1,-1
2018010113766,3,9,0,2,0,0,0,0,0,0,1,1,6,3,-1,-1,998,1,13,-1,-1,-1
2018010113768,1,11,0,18,0,8,0,0,0,0,0,1,1,1,46,8,6700,2,6,5,1,5
2018010113772,1,9,0,18,0,0,0,4,0,0,1,1,1,1,31,6,-1,-1,-1,3,1,3
2018010113772,2,9,0,18,0,0,0,0,0,0,2,1,1,1,66,10,1686,2,15,6,1,6
2018010113772,3,9,0,18,0,0,0,0,0,0,2,1,1,1,41,7,1582,2,4,8,1,8
2018010113772,4,9,0,18,0,0,0,0,0,0,2,1,1,1,32,6,1999,2,-1,6,1,6
2018010113774,1,1,-1,-1,-1,-1,-1,-1,-1,-1,-1,1,2,1,30,6,-1,-1,-1,2,1,2
2018010113774,2,19,0,-1,-1,-1,-1,-1,-1,-1,-1,-1,6,3,-1,-1,-1,-1,-1,-1,-1,-1
2018010113779,1,5,0,3,0,0,0,0,0,0,0,1,1,1,54,8,649,1,7,7,1,7
2018010113779,2,9,0,11,0,0,0,0,0,0,0,1,1,1,30,6,-1,-1,-1,3,1,3
2018010113785,1,9,0,14,0,3,0,0,0,0,1,1,6,1,23,5,1995,2,7,3,1,3
2018010113785,2,9,0,4,0,1,0,0,0,0,2,1,3,2,36,7,1360,1,18,3,1,3
2018010113787,1,9,0,3,0,4,0,0,0,0,2,1,6,2,26,6,1198,1,6,7,1,7
2018010113787,2,9,0,5,0,4,0,0,0,0,1,1,6,1,18,4,1390,1,15,4,1,4
2018010113790,1,9,0,18,0,8,0,0,0,0,3,1,6,1,-1,-1,1910,2,12,-1,-1,-1
2018010113791,1,19,0,3,0,0,0,0,0,0,3,1,6,1,48,8,2143,2,7,9,1,9
2018010113791,2,1,0,14,0,0,0,0,0,0,1,1,6,1,53,8,-1,-1,-1,9,1,9
2018010113793,1,9,0,4,6,8,0,0,0,0,0,1,6,1,31,6,1997,2,9,9,1,9
2018010113793,2,1,0,18,0,8,0,4,0,0,1,1,6,1,27,6,-1,-1,-1,3,1,3
2018010113795,1,1,-1,-1,-1,-1,-1,-1,-1,-1,-1,1,2,1,41,7,-1,-1,-1,6,1,6
2018010113795,2,19,-1,9,-1,-1,-1,-1,-1,-1,-1,-1,6,1,33,6,2198,2,4,5,1,5
2018010113796,1,90,0,18,0,1,0,0,0,0,3,1,1,2,44,7,-1,-1,-1,1,1,1
2018010113797,1,9,0,-1,-1,-1,-1,-1,-1,-1,2,-1,6,2,22,5,998,1,1,2,1,2
2018010113797,2,9,0,-1,-1,-1,-1,-1,-1,-1,2,-1,6,3,-1,-1,-1,-1,-1,-1,-1,-1
2018010113798,1,1,-1,-1,-1,-1,-1,-1,-1,-1,-1,1,2,1,49,8,-1,-1,-1,9,1,9
2018010113798,2,9,0,-1,-1,-1,-1,-1,-1,-1,1,-1,6,3,-1,-1,1598,2,4,-1,-1,-1
2018010113799,1,9,-1,-1,-1,1,-1,0,0,0,0,-1,6,3,-1,-1,-1,-1,-1,-1,-1,-1
2018010113800,1,8,0,-1,-1,-1,-1,-1,-1,-1,1,-1,6,3,-1,-1,-1,-1,-1,-1,-1,-1
2018010113806,1,1,0,18,0,1,0,0,0,0,1,1,6,2,52,8,-1,-1,-1,1,1,1
2018010113806,2,3,0,7,0,1,0,0,0,0,1,1,6,3,-1,-1,-1,-1,-1,-1,-1,-1
2018010113807,1,1,0,18,-1,8,-1,-1,-1,-1,2,1,6,2,26,6,-1,-1,-1,8,1,8
2018010113807,2,9,-1,18,0,8,-1,12,-1,-1,1,-1,6,3,-1,-1,-1,-1,-1,-1,-1,-1
2018010113808,1,11,0,5,0,1,0,0,0,0,0,1,1,1,34,6,3900,2,15,8,1,8
2018010113809,1,3,0,-1,-1,0,-1,-1,-1,-1,-1,1,2,2,20,4,125,1,13,2,1,2
2018010113809,2,9,0,-1,-1,0,-1,-1,-1,-1,3,-1,6,3,-1,-1,1395,1,3,-1,-1,-1
2018010113810,1,9,0,3,0,0,0,0,0,0,2,1,6,2,48,8,1590,1,17,2,1,2
2018010113810,2,9,0,18,0,0,0,0,0,0,1,1,6,2,25,5,1560,2,7,4,1,4
2018010113811,1,9,0,18,0,5,0,0,0,0,4,1,6,1,65,9,1598,1,15,8,1,8
2018010113811,2,1,0,18,0,1,0,0,0,0,1,1,2,1,50,8,-1,-1,-1,5,1,5
2018010113814,1,9,0,1,0,1,0,0,0,0,2,1,6,3,-1,-1,2143,2,5,-1,-1,-1
2018010113815,1,9,0,12,0,3,0,0,2,10,3,1,6,1,22,5,1086,1,14,5,1,5
2018010113815,2,19,0,18,0,3,0,0,0,0,1,1,6,3,-1,-1,-1,-1,-1,-1,-1,-1
2018010113819,1,9,0,18,0,2,0,0,0,0,1,1,6,1,78,11,998,1,8,5,1,5
2018010113821,1,9,0,5,0,2,0,0,0,0,1,1,1,1,23,5,-1,-1,-1,2,1,2
2018010113821,2,1,0,13,0,1,0,0,0,0,1,1,6,1,45,7,-1,-1,-1,2,1,2
2018010113823,1,19,0,4,0,1,1,0,0,0,1,1,1,1,32,6,2488,2,3,3,1,3
2018010113823,2,9,0,3,0,1,0,0,0,0,2,1,6,2,47,8,1910,2,12,4,1,4
2018010113823,3,19,5,3,0,1,0,0,0,0,2,1,1,1,41,7,2198,2,8,5,1,5
2018010113826,1,9,0,18,0,1,0,0,0,0,2,1,6,1,51,8,1798,8,5,2,1,2
2018010113826,2,9,0,4,0,1,0,0,0,0,2,1,6,2,26,6,1398,1,3,1,1,1
2018010113830,1,9,0,9,0,1,0,0,-1,0,3,1,6,3,-1,-1,1339,1,13,-1,-1,-1
2018010113830,2,1,0,18,0,8,0,0,0,0,3,1,2,1,26,6,-1,-1,-1,2,1,2
2018010113832,1,3,0,18,0,1,0,0,0,0,1,1,6,1,17,4,124,1,12,5,1,5
2018010113832,2,19,0,9,0,8,0,0,0,0,1,1,2,1,56,9,2198,2,4,3,1,3
2018010113832,3,9,0,3,0,1,0,0,0,0,1,1,2,1,34,6,1598,2,7,5,1,5
2018010113834,1,9,0,18,0,0,0,0,0,0,1,-1,6,3,-1,-1,-1,-1,-1,-1,-1,-1
2018010113853,1,9,0,-1,-1,-1,-1,-1,-1,-1,1,-1,6,2,32,6,1997,2,4,3,1,3
2018010113853,2,4,0,-1,-1,-1,-1,-1,-1,-1,1,1,6,3,-1,-1,244,1,11,2,1,2
2018010113857,1,8,-1,18,-1,1,-1,0,0,0,1,-1,6,3,-1,-1,-1,-1,-1,-1,-1,-1
2018010113858,1,9,0,18,0,8,0,0,0,0,1,1,6,3,-1,-1,-1,-1,-1,-1,-1,-1
2018010113862,1,9,0,18,0,1,0,0,0,0,1,1,6,2,49,8,1796,1,7,8,1,8
2018010113862,2,9,0,18,0,1,0,0,0,0,2,1,6,2,57,9,1386,1,12,6,1,6
2018010113862,3,9,0,18,0,1,0,0,0,0,2,1,6,1,28,6,1596,1,8,5,1,5
2018010113863,1,9,0,9,0,0,1,0,0,0,4,1,6,1,33,6,898,1,3,5,1,5
2018010113863,2,3,0,18,0,0,0,0,0,0,1,1,1,1,27,6,108,1,2,3,1,3
2018010113869,1,19,0,18,0,1,0,0,0,0,1,1,6,1,46,8,2198,2,12,6,1,6
2018010113869,2,9,0,18,0,8,0,0,0,0,2,1,6,1,40,7,2993,2,13,3,1,3
2018010113869,3,9,0,17,0,8,0,7,7,1,2,1,6,2,50,8,1200,1,2,5,1,5
2018010113870,1,9,0,18,0,1,0,0,0,0,2,1,1,2,55,8,-1,-1,-1,4,1,4
2018010113870,2,9,0,18,0,1,0,0,0,0,2,1,6,1,32,6,1339,8,7,2,1,2
2018010113870,3,9,0,18,0,1,0,0,0,0,1,1,6,1,30,6,1595,1,9,3,1,3
2018010113873,1,3,0,18,0,1,0,0,0,0,1,1,6,3,-1,-1,-1,-1,-1,-1,-1,-1
2018010113874,1,11,0,18,0,1,0,0,0,0,0,1,1,1,28,6,6692,2,8,4,1,4
2018010113875,1,1,-1,-1,-1,-1,-1,-1,-1,-1,-1,1,2,1,26,6,-1,-1,-1,5,1,5
2018010113879,1,9,0,5,0,1,0,0,0,0,4,1,6,1,69,10,2987,2,9,10,1,10
2018010113880,1,3,0,13,0,1,0,11,0,0,1,1,2,1,44,7,49,1,3,6,1,6
2018010113884,1,5,0,13,0,4,0,0,0,0,1,1,6,1,-1,-1,599,1,11,-1,-1,-1
2018010113891,1,5,0,18,0,8,0,0,0,0,1,1,6,1,28,6,649,1,16,6,1,6
2018010113891,2,9,0,9,0,6,0,0,0,0,4,1,6,1,67,10,1998,1,16,4,1,4
2018010113893,1,9,0,9,0,6,0,0,0,0,3,1,6,2,41,7,1995,1,14,8,1,8
2018010113893,2,4,0,18,0,1,0,0,0,0,1,1,6,1,37,7,125,1,10,3,1,3
2018010113895,1,9,0,9,6,3,0,0,0,0,0,1,6,2,22,5,1499,2,1,2,1,2
2018010113895,2,3,0,17,0,3,0,0,0,0,0,1,2,1,66,10,-1,-1,-1,9,1,9
2018010113896,1,5,0,18,2,1,0,0,0,0,3,1,2,1,37,7,649,1,11,6,1,6
2018010113896,2,9,0,7,0,5,0,0,0,0,4,1,6,1,-1,-1,1798,1,7,3,1,3
2018010113897,1,9,0,9,0,6,0,0,0,0,3,1,6,2,50,8,1968,2,-1,6,1,6
2018010113897,2,3,0,18,0,1,0,0,0,0,3,1,6,1,34,6,124,1,5,4,1,4
2018010113899,1,9,0,9,0,1,0,0,0,0,2,1,6,1,19,4,999,1,10,5,1,5
2018010113899,2,1,0,18,4,1,0,0,0,0,1,1,6,2,28,6,-1,-1,-1,7,1,7
2018010113902,1,9,0,18,0,0,0,0,0,0,3,1,6,1,35,6,1596,1,15,3,-1,3
2018010113902,2,9,0,3,0,0,0,0,0,0,4,1,6,1,31,6,2776,2,11,2,1,2
2018010113903,1,9,0,9,0,6,1,0,0,0,4,1,4,1,50,8,2720,2,11,2,1,2
2018010113903,2,9,0,18,0,2,1,0,0,0,1,1,6,1,25,5,1598,1,11,4,1,4
2018010113904,1,9,0,18,2,1,0,4,0,0,1,1,2,1,59,9,2148,2,17,2,1,2
2018010113904,2,9,0,2,2,1,0,0,0,0,2,1,6,3,-1,-1,1598,2,5,-1,-1,-1
2018010113913,1,11,0,18,0,0,0,0,0,0,-1,1,1,1,51,8,6700,2,9,-1,-1,-1
2018010113914,1,9,0,18,0,0,0,0,0,0,1,1,6,1,35,6,1968,2,3,4,1,4
2018010113915,1,9,0,18,0,8,0,0,0,0,3,1,1,1,25,5,1995,2,7,2,1,2
2018010113915,2,19,0,9,0,8,0,0,0,0,4,1,2,1,38,7,2143,2,1,9,1,9
2018010113919,1,1,0,18,0,1,5,0,0,0,1,1,6,1,23,5,-1,-1,-1,3,1,3
2018010113922,1,19,0,18,0,1,0,0,0,0,3,1,1,1,41,7,-1,-1,-1,7,1,7
2018010113927,1,9,0,17,0,1,0,0,1,7,1,2,6,2,25,5,1596,1,16,-1,-1,-1
2018010113930,1,9,0,18,0,1,1,0,0,0,1,1,6,1,26,6,1299,1,17,6,1,6
2018010113930,2,1,0,9,0,2,0,0,0,0,2,1,6,1,20,4,-1,-1,-1,6,1,6
2018010113933,1,9,0,3,0,1,0,0,0,0,2,1,6,2,29,6,1995,1,10,-1,-1,-1
2018010113933,2,9,0,18,0,1,0,0,0,0,1,1,6,1,18,4,2143,2,3,1,1,1
2018010113934,1,5,0,18,2,8,5,0,0,0,1,1,2,1,47,8,999,1,3,7,1,7
2018010113934,2,9,0,9,2,8,0,0,0,0,1,1,6,1,44,7,1560,2,7,6,1,6
2018010113936,1,11,0,5,0,2,0,0,0,0,0,1,1,1,47,8,5132,2,1,5,1,5
2018010113938,1,9,0,9,0,1,0,0,0,0,1,1,6,1,41,7,3498,1,10,7,1,7
2018010113938,2,4,0,18,0,1,2,0,0,0,1,1,6,2,30,6,125,1,4,5,1,5
2018010113939,1,9,0,9,0,1,0,0,0,0,1,1,6,1,31,6,1598,1,13,3,1,3
2018010113939,2,3,0,18,0,8,0,0,0,0,1,1,2,1,45,7,-1,-1,-1,5,1,5
2018010113942,1,9,0,18,0,1,0,0,0,0,1,1,6,3,-1,-1,-1,-1,-1,-1,-1,-1
2018010113943,1,9,0,9,0,8,0,0,0,0,1,1,2,2,44,7,2979,1,14,8,1,8
2018010113943,2,2,0,18,0,8,0,0,0,0,1,1,6,1,16,4,49,1,18,8,1,8
2018010113954,1,90,0,7,4,1,0,0,0,0,1,1,6,3,-1,-1,-1,-1,-1,-1,-1,-1
2018010113954,2,1,0,18,4,1,0,0,0,0,1,1,1,1,44,7,-1,-1,-1,2,1,2
2018010113956,1,9,-1,3,0,0,-1,-1,0,0,2,-1,6,1,43,7,1339,8,11,4,1,4
2018010113956,2,9,-1,-1,-1,0,-1,-1,-1,-1,-1,-1,6,1,-1,-1,1590,1,17,-1,-1,-1
2018010113959,1,9,0,18,0,1,0,0,0,0,4,-1,6,2,32,6,1496,2,-1,5,1,5
2018010113959,2,19,-1,12,0,1,0,0,0,0,3,-1,6,3,-1,-1,2143,2,6,-1,-1,-1
2018010113961,1,9,0,9,0,6,0,0,0,0,3,1,6,1,32,6,1388,1,15,-1,-1,-1
2018010113961,2,1,0,18,0,1,2,0,0,0,1,1,6,1,29,6,-1,-1,-1,1,1,1
2018010113971,1,1,-1,-1,-1,-1,-1,-1,-1,-1,-1,1,6,1,49,8,-1,-1,-1,5,3,5
2018010113971,2,9,-1,-1,-1,-1,-1,-1,-1,-1,-1,-1,6,2,-1,-1,1598,1,9,8,1,8
2018010113978,1,1,-1,-1,-1,0,-1,-1,-1,-1,1,1,2,1,21,5,-1,-1,-1,3,-1,3
2018010113978,2,9,-1,-1,0,0,0,-1,-1,-1,-1,-1,6,3,-1,-1,1598,1,6,-1,-1,-1
2018010113991,1,4,0,9,0,6,0,0,0,0,4,1,2,1,36,7,599,1,11,2,1,2
2018010113991,2,1,0,15,4,1,0,0,0,0,1,1,2,1,48,8,-1,-1,-1,10,1,10
2018010113992,1,9,-1,-1,-1,-1,-1,-1,-1,-1,-1,1,6,1,45,7,-1,-1,-1,1,1,1
2018010113992,2,9,-1,18,-1,-1,-1,-1,-1,-1,-1,-1,6,3,-1,-1,2967,2,11,-1,-1,-1
2018010113999,1,9,0,18,0,0,0,0,0,0,2,1,6,1,42,7,1595,1,11,6,1,6
2018010113999,2,9,0,18,0,0,0,0,0,0,-1,1,6,2,-1,-1,1248,2,14,-1,-1,-1
2018010114004,1,9,0,18,0,-1,0,0,0,0,2,1,6,2,28,6,1229,1,6,1,1,1
2018010114006,1,8,0,18,0,0,0,0,0,0,-1,-1,1,1,52,8,2499,2,9,6,1,6
2018010114006,2,9,0,18,0,0,0,0,0,0,-1,1,6,1,-1,-1,-1,-1,-1,-1,-1,-1
2018010114007,1,1,-1,-1,-1,0,-1,-1,-1,-1,1,1,6,1,47,8,-1,-1,-1,10,1,10
2018010114007,2,9,0,-1,-1,0,-1,-1,-1,-1,-1,-1,6,3,46,8,1598,1,11,10,1,10
2018010114009,1,9,0,12,0,0,0,0,0,0,1,1,2,1,23,5,1598,2,5,5,1,5
2018010114009,2,9,0,4,0,0,0,0,0,0,2,1,2,1,34,6,1248,2,10,4,1,4
2018010114009,3,9,0,4,0,0,0,0,0,0,2,1,2,2,30,6,1984,1,4,4,2,4
2018010114016,1,8,0,1,8,0,0,0,0,0,2,1,2,1,57,9,2143,2,5,3,1,3
2018010114020,1,9,-1,18,0,0,-1,-1,-1,-1,2,-1,6,1,27,6,1950,2,1,4,1,4
2018010114020,2,90,-1,18,0,0,-1,-1,-1,1,3,-1,6,1,-1,-1,-1,-1,-1,-1,-1,-1
2018010114021,1,5,0,13,0,8,0,0,7,0,1,1,6,1,37,7,-1,-1,-1,4,1,4
2018010114021,2,19,0,9,0,8,0,0,0,0,1,1,6,1,44,7,2402,2,16,7,1,7
2018010114026,1,1,-1,-1,-1,0,-1,-1,-1,-1,-1,1,2,1,41,7,-1,-1,-1,5,1,5
2018010114026,2,19,0,-1,-1,0,-1,-1,-1,-1,-1,-1,6,3,-1,-1,-1,-1,-1,-1,-1,-1
2018010114027,1,9,0,18,0,0,0,0,0,0,1,1,6,2,20,4,1339,8,8,3,1,3
2018010114034,1,5,0,-1,-1,-1,-1,-1,-1,-1,1,1,2,1,40,7,1202,1,3,10,1,10
2018010114034,2,9,0,-1,-1,-1,-1,-1,-1,-1,-1,-1,6,3,-1,-1,-1,-1,-1,-1,-1,-1
2018010114035,1,9,0,-1,-1,-1,-1,-1,-1,-1,2,-1,6,3,31,6,3000,2,9,4,1,4
2018010114037,1,90,0,-1,0,8,-1,0,0,0,1,-1,6,2,30,6,-1,-1,-1,4,1,4
2018010114037,2,9,0,-1,0,8,-1,0,0,0,1,-1,6,3,-1,-1,1798,1,2,-1,-1,-1
2018010114041,1,3,0,18,0,6,0,0,0,0,2,1,6,1,18,4,125,1,7,3,1,3
2018010114041,2,9,0,16,0,6,0,0,0,0,1,2,6,1,39,7,1560,2,5,2,1,2
2018010114042,1,9,0,9,0,1,0,0,0,0,2,1,6,2,58,9,1762,1,21,2,1,2
2018010114042,2,1,0,5,0,1,0,0,0,0,3,1,2,1,54,8,-1,-1,-1,5,1,5
2018010114047,1,90,-1,18,-1,0,-1,0,0,0,1,-1,1,1,30,6,-1,-1,-1,6,1,6
2018010114048,1,9,0,18,0,1,0,0,0,0,1,1,1,1,23,5,-1,-1,-1,2,1,2
2018010114048,2,9,0,18,0,8,0,0,0,0,1,1,1,1,55,8,2993,2,4,-1,-1,-1
2018010114050,1,9,-1,-1,-1,-1,-1,-1,-1,-1,-1,-1,6,1,50,8,1896,2,14,2,1,2
2018010114050,2,19,-1,-1,-1,-1,-1,-1,-1,-1,-1,-1,6,3,-1,-1,-1,-1,-1,-1,-1,-1
2018010114051,1,9,-1,-1,-1,-1,-1,-1,-1,-1,-1,-1,6,3,-1,-1,-1,-1,-1,-1,-1,-1
2018010114053,1,3,0,18,0,8,0,0,0,0,1,1,6,3,-1,-1,198,1,12,-1,-1,-1
2018010114053,2,3,0,14,0,1,0,0,0,0,1,1,1,1,28,6,125,1,-1,4,1,4
2018010114055,1,9,0,11,0,0,0,0,0,0,4,1,2,1,36,7,-1,-1,-1,2,1,2
2018010114055,2,5,0,18,0,0,0,0,0,0,1,1,2,1,34,6,-1,-1,-1,6,1,6
2018010114055,3,3,0,18,0,0,0,0,0,0,1,1,2,1,24,5,-1,-1,-1,3,1,3
2018010114057,1,8,0,-1,-1,0,-1,-1,-1,-1,2,-1,6,1,53,8,1598,1,9,3,1,3
2018010114057,2,9,0,-1,-1,0,-1,-1,-1,-1,2,-1,6,3,33,6,2993,2,7,2,1,2
2018010114061,1,9,0,18,0,1,0,0,0,0,1,1,6,2,68,10,1248,1,5,2,1,2
2018010114064,1,9,0,-1,-1,-1,-1,-1,-1,-1,2,-1,6,2,54,8,1198,1,3,3,1,3
2018010114067,1,9,-1,-1,-1,0,-1,-1,-1,-1,-1,-1,6,1,39,7,1596,1,12,5,1,5
2018010114067,2,9,-1,-1,-1,0,-1,-1,-1,-1,-1,-1,6,3,-1,-1,1968,2,2,-1,-1,-1
2018010114068,1,5,0,18,0,8,0,0,0,0,4,1,6,1,57,9,1130,1,16,7,1,7
2018010114068,2,9,0,9,0,8,0,0,0,0,3,1,1,1,51,8,-1,-1,-1,5,1,5
2018010114072,1,9,0,9,0,8,0,-1,0,0,1,-1,6,3,-1,-1,1995,2,4,-1,-1,-1
2018010114072,2,1,0,3,0,8,0,0,0,0,1,1,6,1,50,8,-1,-1,-1,4,1,4
2018010114076,1,8,0,18,0,1,0,0,0,0,3,2,1,1,68,10,2143,2,1,10,1,10
2018010114076,2,3,0,9,0,1,0,0,0,0,3,1,1,1,26,6,125,1,4,3,1,3
2018010114080,1,9,0,-1,-1,-1,-1,-1,-1,-1,2,1,6,1,29,6,1984,1,12,3,1,3
2018010114080,2,9,0,-1,-1,-1,-1,-1,-1,-1,1,1,6,3,-1,-1,4511,1,15,-1,-1,-1
2018010114081,1,9,-1,-1,-1,-1,-1,-1,-1,-1,-1,-1,6,1,32,6,1598,1,5,6,1,6
2018010114081,2,21,-1,-1,0,-1,-1,0,0,0,2,-1,6,3,-1,-1,-1,-1,-1,-1,-1,-1
2018010114083,1,11,-1,18,0,-1,-1,-1,-1,-1,-1,1,1,1,-1,-1,4500,2,9,-1,-1,-1
2018010114083,2,9,-1,7,-1,-1,-1,-1,-1,-1,-1,-1,6,3,-1,-1,1597,1,9,-1,-1,-1
2018010114085,1,1,0,17,0,8,2,0,0,0,0,1,6,1,45,7,-1,-1,-1,7,1,7
2018010114085,2,1,0,17,0,4,2,0,0,0,0,1,6,2,33,6,-1,-1,-1,6,3,6
2018010114086,1,1,-1,-1,-1,-1,-1,-1,-1,-1,1,1,2,1,45,7,-1,-1,-1,3,1,3
2018010114086,2,8,0,-1,-1,-1,-1,-1,-1,-1,-1,-1,6,3,-1,-1,1798,8,1,2,1,2
2018010114090,1,9,0,5,0,1,0,0,0,0,1,1,1,1,45,7,1997,2,4,2,1,2