Accident_Index,Vehicle_Reference,Vehicle_Type,Towing_and_Articulation,Vehicle_Manoeuvre,Vehicle_Location-Restricted_Lane,Junction_Location,Skidding_and_Overturning,Hit_Object_in_Carriageway,Vehicle_Leaving_Carriageway,Hit_Object_off_Carriageway,1st_Point_of_Impact,Was_Vehicle_Left_Hand_Drive?,Journey_Purpose_of_Driver,Sex_of_Driver,Age_of_Driver,Age_Band_of_Driver,Engine_Capacity_(CC),Propulsion_Code,Age_of_Vehicle,Driver_IMD_Decile,Driver_Home_Area_Type,Vehicle_IMD_Decile
2018010114090,2,3,0,18,0,2,0,0,0,0,4,1,6,1,24,5,125,1,6,-1,-1,-1
2018010114096,1,90,-1,18,-1,-1,-1,-1,-1,-1,-1,-1,6,3,-1,-1,-1,-1,-1,-1,-1,-1
2018010114097,1,9,0,18,0,0,0,0,0,0,2,1,2,1,32,6,1598,2,1,2,1,2
2018010114097,2,9,0,18,0,0,0,0,0,0,1,1,6,1,24,5,1598,2,4,8,1,8
2018010114105,1,8,0,18,0,0,0,0,0,0,3,1,1,1,49,8,1497,8,9,2,1,2
2018010114109,1,9,0,3,0,1,0,0,0,0,2,1,6,2,25,5,2143,2,1,3,1,3
2018010114109,2,19,0,4,0,1,0,0,0,0,1,1,1,1,32,6,1968,2,7,2,1,2
2018010114110,1,1,0,4,0,1,2,4,0,0,1,1,1,1,46,8,-1,-1,-1,8,1,8
2018010114111,1,1,0,3,0,1,0,0,0,0,3,1,6,1,46,8,-1,-1,-1,7,1,7
2018010114111,2,4,0,13,0,1,0,0,0,0,1,1,6,3,-1,-1,-1,-1,-1,-1,-1,-1
2018010114114,1,1,-1,-1,-1,-1,-1,-1,-1,-1,1,1,2,1,24,5,-1,-1,-1,4,1,4
2018010114114,2,9,0,-1,-1,-1,-1,-1,-1,-1,1,-1,6,3,-1,-1,1991,1,4,-1,-1,-1
2018010114116,1,9,0,10,0,8,0,0,0,0,0,1,6,2,20,4,1388,1,11,2,1,2
2018010114116,2,1,0,18,0,2,0,0,0,0,1,1,6,1,49,8,-1,-1,-1,6,1,6
2018010114119,1,19,0,12,0,0,0,0,0,0,4,1,1,1,52,8,2198,2,9,3,1,3
2018010114119,2,5,0,17,0,0,1,0,0,0,1,1,2,1,29,6,598,1,22,2,1,2
2018010114124,1,11,0,18,0,0,0,0,0,0,0,1,1,1,44,7,4760,2,5,1,1,1
2018010114125,1,11,0,5,0,0,0,0,0,0,0,1,1,1,34,6,6700,2,7,5,1,5
2018010114126,1,1,-1,-1,-1,-1,-1,-1,-1,-1,1,1,2,1,34,6,-1,-1,-1,4,1,4
2018010114126,2,9,0,-1,-1,-1,-1,-1,-1,-1,-1,-1,6,3,-1,-1,1390,1,18,10,1,10
2018010114127,1,9,0,-1,-1,-1,-1,-1,-1,-1,1,-1,6,3,-1,-1,1986,2,12,-1,-1,-1
2018010114130,1,9,0,4,0,8,0,0,0,0,3,1,6,2,-1,-1,1582,2,4,8,1,8
2018010114130,2,1,0,14,0,8,0,0,0,0,3,1,2,2,36,7,-1,-1,-1,4,1,4
2018010114133,1,3,0,13,0,0,5,0,0,0,1,1,6,1,18,4,125,1,4,-1,-1,-1
2018010114133,2,19,0,9,0,0,0,0,0,0,3,1,1,1,54,8,2198,2,9,10,3,10
2018010114136,1,1,-1,-1,-1,-1,-1,-1,-1,-1,1,1,2,1,22,5,-1,-1,-1,5,1,5
2018010114136,2,9,0,-1,-1,-1,-1,-1,-1,-1,1,-1,6,1,66,10,1791,8,7,4,1,4
2018010114142,1,1,0,9,0,1,5,0,0,0,3,1,2,1,43,7,-1,-1,-1,9,1,9
2018010114142,2,1,0,13,0,1,5,0,0,0,4,1,2,1,47,8,-1,-1,-1,2,1,2
2018010114145,1,9,0,9,0,8,0,0,0,0,1,1,2,2,34,6,1910,2,8,8,1,8
2018010114145,2,9,0,18,0,8,0,0,0,0,1,1,2,2,48,8,1364,1,3,7,1,7
2018010114147,1,9,0,13,0,1,5,0,0,0,1,1,6,1,48,8,998,1,17,-1,-1,-1
2018010114147,2,9,0,3,0,1,0,0,0,0,2,1,6,2,23,5,1461,2,5,7,1,7
2018010114151,1,9,0,-1,-1,0,-1,-1,-1,-1,-1,-1,6,2,41,7,1360,1,13,2,1,2
2018010114153,1,1,-1,-1,-1,-1,-1,-1,-1,-1,-1,1,2,1,36,7,-1,-1,-1,-1,-1,-1
2018010114153,2,9,0,-1,-1,-1,-1,-1,-1,-1,-1,-1,6,3,-1,-1,-1,-1,-1,-1,-1,-1
2018010114156,1,11,0,18,0,1,0,0,0,0,1,1,1,1,53,8,4500,2,7,2,1,2
2018010114160,1,4,0,18,9,0,0,0,1,0,1,1,6,1,18,4,-1,-1,-1,-1,-1,-1
2018010114165,1,9,0,18,0,1,0,0,0,0,1,1,6,1,27,6,1997,2,4,2,1,2
2018010114167,1,19,0,18,0,0,0,0,0,0,1,1,6,1,38,7,-1,-1,-1,6,1,6
2018010114167,2,9,0,4,0,0,0,0,0,0,2,1,6,1,35,6,1596,1,11,5,1,5
2018010114168,1,9,0,18,0,2,0,0,0,0,1,1,6,2,27,6,1496,2,3,3,1,3
2018010114171,1,9,0,11,0,3,0,0,0,0,1,1,6,1,51,8,1995,2,5,2,1,2
2018010114171,2,90,0,11,0,3,0,0,0,0,1,1,6,3,-1,-1,-1,-1,-1,-1,-1,-1
2018010114172,1,1,-1,-1,-1,-1,-1,-1,-1,-1,-1,1,6,2,30,6,-1,-1,-1,5,1,5
2018010114172,2,9,0,-1,-1,-1,-1,-1,-1,-1,-1,-1,6,3,-1,-1,-1,-1,-1,-1,-1,-1
2018010114176,1,1,-1,-1,-1,0,-1,-1,-1,-1,1,1,2,1,34,6,-1,-1,-1,2,1,2
2018010114176,2,9,0,-1,-1,0,-1,-1,-1,-1,0,-1,6,3,-1,-1,1390,1,10,-1,-1,-1
2018010114177,1,3,0,-1,-1,0,-1,-1,-1,-1,2,1,6,1,23,5,125,1,3,1,1,1
2018010114177,2,9,0,-1,-1,0,-1,-1,-1,-1,1,-1,6,3,50,8,1997,2,6,5,1,5
2018010114180,1,1,-1,-1,-1,-1,-1,-1,-1,-1,1,1,2,1,27,6,-1,-1,-1,8,1,8
2018010114180,2,9,0,-1,-1,-1,-1,-1,-1,-1,-1,-1,6,3,-1,-1,-1,-1,-1,5,1,5
2018010114189,1,9,0,9,0,2,0,0,0,0,3,1,6,2,30,6,2143,2,6,2,1,2
2018010114189,2,3,0,13,9,2,0,0,8,10,1,1,6,1,16,4,125,1,6,-1,-1,-1
2018010114192,1,9,0,1,0,1,0,0,0,0,2,1,6,1,29,6,2143,2,3,5,1,5
2018010114192,2,3,0,7,0,1,5,0,0,0,1,1,6,1,17,4,-1,-1,-1,4,1,4
2018010114193,1,4,0,16,0,1,2,0,0,0,1,1,6,1,21,5,125,1,-1,3,1,3
2018010114193,2,9,0,9,0,8,0,0,0,0,1,1,3,2,38,7,1968,2,1,2,1,2
2018010114194,1,9,0,5,0,1,0,0,0,0,1,1,6,1,36,7,1248,1,6,5,1,5
2018010114194,2,1,0,18,0,1,0,0,0,0,1,1,6,1,37,7,-1,-1,-1,2,1,2
2018010114195,1,9,4,16,0,3,2,4,0,0,1,1,6,1,54,8,2400,2,7,7,1,7
2018010114196,1,9,0,18,0,8,0,0,0,0,3,1,1,2,26,6,998,1,-1,1,1,1
2018010114196,2,9,0,18,0,8,0,0,0,0,1,1,6,1,27,6,1686,2,12,3,1,3
2018010114197,1,1,0,18,0,1,0,0,0,0,0,1,6,1,26,6,-1,-1,-1,7,1,7
2018010114197,2,9,0,18,0,1,0,0,0,0,1,1,6,3,-1,-1,2597,1,15,-1,-1,-1
2018010114202,1,9,0,10,0,4,0,0,0,0,3,1,6,1,69,10,2987,2,4,9,1,9
2018010114202,2,3,0,5,0,3,0,0,0,0,1,1,2,1,29,6,125,1,15,7,1,7
2018010114205,1,5,0,-1,-1,-1,-1,-1,-1,-1,1,1,6,3,-1,-1,-1,-1,-1,-1,-1,-1
2018010114210,1,9,0,18,0,1,0,0,0,0,1,1,2,1,39,7,1896,2,11,2,1,2
2018010114210,2,8,0,5,0,5,0,0,0,0,0,1,6,1,41,7,2143,2,6,4,1,4
2018010114212,1,9,0,18,0,0,0,0,0,0,1,1,2,1,36,7,2143,2,4,6,1,6
2018010114216,1,9,-1,18,0,4,0,0,0,0,3,-1,6,2,-1,-1,999,1,-1,4,1,4
2018010114216,2,9,-1,18,0,4,0,0,0,0,4,-1,6,3,-1,-1,998,1,-1,-1,-1,-1
2018010114217,1,8,0,9,0,5,0,0,0,0,1,1,1,1,57,9,2499,2,8,1,1,1
2018010114217,2,3,0,14,0,1,0,0,0,0,3,1,2,1,20,4,125,1,1,3,1,3
2018010114223,1,1,-1,18,0,1,-1,0,0,0,3,1,6,1,40,7,-1,-1,-1,8,1,8
2018010114223,2,9,-1,7,-1,2,-1,-1,-1,-1,-1,-1,6,1,-1,-1,-1,-1,-1,-1,-1,-1
2018010114224,1,3,0,18,0,0,2,0,0,0,1,1,1,1,20,4,125,1,1,6,1,6
2018010114227,1,1,0,18,0,1,0,0,0,0,3,1,6,1,29,6,-1,-1,-1,3,1,3
2018010114227,2,9,0,9,0,1,0,0,0,0,1,-1,6,3,-1,-1,1364,1,10,-1,-1,-1
2018010114229,1,9,-1,18,-1,-1,-1,-1,-1,-1,-1,-1,6,2,48,8,1364,1,2,4,1,4
2018010114229,2,8,-1,18,-1,-1,-1,-1,-1,-1,-1,-1,6,1,-1,-1,2499,2,3,-1,-1,-1
2018010114232,1,1,-1,-1,-1,-1,-1,-1,-1,-1,1,1,2,1,47,8,-1,-1,-1,2,1,2
2018010114232,2,9,0,-1,-1,-1,-1,-1,-1,-1,-1,-1,6,3,-1,-1,1461,2,13,3,1,3
2018010114235,1,3,0,18,0,1,0,0,0,0,3,1,6,2,42,7,125,1,1,4,1,4
2018010114235,2,9,0,9,0,1,0,0,0,0,1,-1,6,3,-1,-1,-1,-1,-1,-1,-1,-1
2018010114247,1,9,0,-1,-1,-1,-1,-1,-1,-1,2,-1,6,2,28,6,1598,1,9,1,1,1
2018010114247,2,20,0,-1,-1,-1,-1,-1,-1,-1,1,-1,6,3,-1,-1,-1,-1,-1,4,1,4
2018010114248,1,9,0,5,0,6,0,0,0,0,1,1,6,1,40,7,-1,-1,-1,5,1,5
2018010114248,2,9,0,18,0,8,0,0,0,0,4,1,6,2,50,8,1997,2,5,3,1,3
2018010114249,1,9,0,5,0,0,0,0,0,0,4,1,3,2,33,6,1390,1,12,8,1,8
2018010114257,1,9,-1,-1,-1,-1,0,-1,-1,0,0,-1,6,1,20,4,1461,2,4,2,1,2
2018010114257,2,9,-1,-1,0,-1,0,-1,-1,0,-1,-1,6,3,-1,-1,1984,1,17,3,1,3
2018010114260,1,8,3,5,0,1,0,0,0,0,1,1,1,1,39,7,1997,2,3,2,1,2
2018010114261,1,9,-1,-1,0,-1,-1,-1,-1,-1,-1,-1,6,3,-1,-1,-1,-1,-1,-1,-1,-1
2018010114263,1,9,0,7,0,5,0,0,0,0,2,1,6,1,45,7,2967,2,5,-1,-1,-1
2018010114263,2,3,0,7,0,1,1,0,0,0,1,1,6,1,24,5,108,1,1,-1,-1,-1
2018010114269,1,1,-1,-1,-1,-1,-1,-1,-1,-1,-1,1,2,1,45,7,-1,-1,-1,8,1,8
2018010114269,2,9,0,-1,-1,-1,-1,-1,-1,-1,-1,-1,6,3,-1,-1,-1,-1,-1,-1,-1,-1
2018010114272,1,9,0,-1,-1,0,-1,-1,-1,-1,-1,-1,6,1,61,9,1596,1,12,6,1,6
2018010114275,1,1,-1,-1,-1,-1,-1,-1,-1,-1,-1,1,2,2,22,5,-1,-1,-1,-1,-1,-1
2018010114275,2,9,0,-1,-1,-1,-1,-1,-1,-1,-1,-1,6,3,-1,-1,-1,-1,-1,-1,-1,-1
2018010114282,1,19,0,10,0,0,0,0,0,0,2,1,2,1,22,5,1598,2,3,7,1,7
2018010114282,2,19,0,2,0,0,0,0,0,0,3,1,6,3,-1,-1,1598,2,2,-1,-1,-1
2018010114282,3,1,0,18,0,0,0,0,0,0,1,1,2,1,26,6,-1,-1,-1,6,1,6
2018010114282,4,1,0,18,0,0,0,0,0,0,3,1,6,1,24,5,-1,-1,-1,6,-1,6
2018010114286,1,9,0,-1,-1,0,-1,-1,-1,-1,2,-1,6,3,-1,-1,-1,-1,-1,-1,-1,-1
2018010114287,1,9,0,18,0,0,0,0,0,0,4,1,2,2,33,6,998,1,10,4,1,4
2018010114288,1,5,0,15,0,1,0,0,0,0,4,1,1,1,48,8,-1,-1,-1,7,1,7
2018010114288,2,9,0,9,0,1,0,0,0,0,3,1,6,2,30,6,1984,1,12,9,1,9
2018010114292,1,8,0,18,0,0,0,0,0,0,4,1,6,1,29,6,1798,8,1,2,1,2
2018010114293,1,3,0,9,0,2,0,0,0,0,4,1,1,1,48,8,108,1,-1,3,1,3
2018010114293,2,9,0,5,0,1,0,0,0,0,1,1,6,3,-1,-1,1798,1,9,-1,-1,-1
2018010114294,1,9,0,-1,-1,-1,-1,-1,-1,-1,-1,-1,6,2,26,6,1242,1,4,1,1,1
2018010114294,2,9,0,-1,-1,-1,-1,-1,-1,-1,1,-1,6,3,-1,-1,1386,1,11,-1,-1,-1
2018010114295,1,9,0,9,0,1,0,0,0,0,1,1,1,2,36,7,1598,1,8,3,1,3
2018010114295,2,9,0,18,0,8,0,0,0,0,4,1,2,1,58,9,1799,1,9,9,1,9
2018010114300,1,9,0,18,0,8,0,0,0,0,1,1,1,1,33,6,2979,1,2,5,1,5
2018010114303,1,9,0,3,0,0,0,0,0,0,2,1,6,1,65,9,1968,2,8,2,1,2
2018010114303,2,9,0,3,0,0,0,0,0,0,2,1,6,2,29,6,998,1,4,2,1,2
2018010114303,3,9,0,3,0,0,0,0,0,0,2,1,6,1,34,6,1995,2,6,3,1,3
2018010114303,4,9,0,18,0,0,0,0,0,0,1,1,6,1,38,7,2204,2,11,5,1,5
2018010114304,1,9,0,3,0,8,0,0,0,0,1,1,3,1,31,6,1797,8,7,2,1,2
2018010114307,1,1,-1,-1,-1,-1,-1,-1,-1,-1,1,1,2,1,25,5,-1,-1,-1,3,1,3
2018010114307,2,9,0,-1,-1,-1,-1,-1,-1,-1,-1,-1,6,3,-1,-1,-1,-1,-1,-1,-1,-1
2018010114308,1,9,0,5,0,0,0,0,0,0,1,1,6,1,31,6,1797,8,6,3,1,3
2018010114312,1,9,-1,-1,-1,0,-1,-1,-1,-1,-1,-1,6,3,-1,-1,1299,1,10,-1,-1,-1
2018010114314,1,9,0,16,0,0,0,4,0,0,3,1,6,1,28,6,1984,1,2,5,1,5
2018010114314,2,9,0,2,0,0,0,0,0,0,2,1,6,3,-1,-1,1968,2,10,-1,-1,-1
2018010114314,3,9,0,2,0,0,0,4,0,0,2,1,6,3,-1,-1,1397,1,10,-1,-1,-1
2018010114315,1,11,0,3,0,1,0,0,0,0,2,1,1,1,26,6,4500,2,1,6,1,6
2018010114315,2,1,0,4,0,1,0,0,0,0,1,1,6,2,17,4,-1,-1,-1,3,1,3
2018010114315,3,1,0,18,0,1,0,0,0,0,0,1,6,1,19,4,-1,-1,-1,3,1,3
2018010114316,1,19,0,7,0,3,0,0,1,0,4,1,6,3,-1,-1,-1,-1,-1,-1,-1,-1
2018010114316,2,1,0,17,0,8,0,0,0,0,3,1,6,1,55,8,-1,-1,-1,3,1,3
2018010114325,1,9,0,-1,-1,0,-1,-1,-1,-1,0,-1,6,3,-1,-1,1797,8,4,5,1,5
2018010114326,1,11,0,5,2,0,0,0,0,0,0,1,1,1,35,6,4500,2,9,4,1,4
2018010114328,1,9,0,-1,-1,-1,-1,-1,-1,-1,2,-1,6,1,42,7,-1,-1,-1,-1,-1,-1
2018010114329,1,9,0,18,0,1,0,4,0,0,1,1,6,1,85,11,989,1,15,-1,-1,-1
2018010114329,2,9,0,2,0,1,0,0,0,0,1,1,6,3,-1,-1,998,1,12,-1,-1,-1
2018010114331,1,9,0,4,0,1,0,0,0,0,1,1,6,2,21,5,1299,1,17,2,1,2
2018010114331,2,9,0,10,0,1,0,0,0,0,2,1,6,1,78,11,1395,1,1,9,1,9
2018010114333,1,19,0,18,0,0,0,0,0,0,2,1,1,1,42,7,2998,2,2,7,1,7
2018010114333,2,9,0,18,0,0,0,0,0,0,2,1,6,2,67,10,-1,-1,-1,9,1,9
2018010114333,3,9,0,18,0,0,0,0,0,0,1,1,6,3,-1,-1,2987,2,11,-1,-1,-1
2018010114340,1,9,-1,18,0,8,-1,0,0,0,1,1,1,1,52,8,1997,2,5,1,1,1
2018010114340,2,9,-1,9,0,8,-1,0,0,0,1,-1,6,1,-1,-1,1968,2,2,5,1,5
2018010114343,1,19,0,5,0,1,0,0,0,0,3,1,6,1,28,6,-1,-1,-1,5,1,5
2018010114348,1,1,-1,-1,-1,-1,-1,-1,-1,-1,-1,1,2,1,21,5,-1,-1,-1,3,1,3
2018010114348,2,9,0,-1,-1,-1,-1,-1,-1,-1,1,-1,6,3,-1,-1,-1,-1,-1,-1,-1,-1
2018010114356,1,9,0,18,0,0,0,0,0,0,1,1,6,1,56,9,1685,2,2,3,1,3
2018010114356,2,9,0,3,0,0,0,0,0,0,2,1,6,2,27,6,1997,1,8,6,1,6
2018010114356,3,9,0,4,0,0,0,0,0,0,2,1,6,1,30,6,2362,1,17,9,1,9
2018010114360,1,9,0,9,0,8,0,0,1,2,1,1,6,1,39,7,1339,8,7,1,1,1
2018010114363,1,9,0,4,0,1,0,0,0,0,4,1,6,2,28,6,1461,2,4,-1,1,-1
2018010114363,2,9,0,15,0,1,0,0,0,0,3,1,4,2,22,5,1968,2,4,1,1,1
2018010114364,1,9,0,18,0,2,5,0,0,0,1,1,6,1,19,4,1422,2,4,8,1,8
2018010114364,2,9,0,2,0,2,0,0,0,0,2,1,6,3,-1,-1,998,1,12,-1,-1,-1
2018010114366,1,5,0,13,0,2,0,0,0,0,1,1,6,1,33,6,745,1,2,10,1,10
2018010114366,2,8,0,9,0,2,0,0,0,0,3,1,1,1,50,8,1560,2,7,1,1,1
2018010114368,1,1,0,18,0,0,0,0,0,0,1,1,6,1,31,6,-1,-1,-1,4,1,4
2018010114370,1,9,0,18,0,2,0,0,1,0,1,1,6,2,59,9,1395,1,3,6,1,6
2018010114370,2,9,0,18,0,2,0,0,1,0,1,1,6,2,73,10,1242,1,3,9,1,9
2018010114372,1,19,0,14,0,0,0,0,0,0,4,1,1,1,60,9,2198,2,4,2,1,2
2018010114372,2,1,0,3,0,0,0,0,0,0,3,1,6,1,34,6,-1,-1,-1,6,1,6
2018010114373,1,3,0,7,0,1,0,0,0,0,2,1,2,1,24,5,125,1,1,3,1,3
2018010114373,2,9,0,7,0,1,0,0,0,0,1,1,6,1,21,5,1968,2,9,6,1,6
2018010114374,1,3,0,-1,-1,0,-1,-1,-1,-1,-1,1,6,1,26,6,125,1,2,2,1,2
2018010114374,2,9,-1,-1,-1,0,-1,-1,-1,-1,-1,-1,6,1,40,7,1798,8,2,6,1,6
2018010114375,1,9,0,18,0,2,0,4,7,0,1,1,6,1,40,7,1590,1,15,5,1,5
2018010114375,2,19,4,2,0,2,0,0,0,0,2,1,6,3,-1,-1,2998,2,4,-1,-1,-1
2018010114376,1,8,0,12,0,0,0,0,1,0,2,1,1,1,36,7,-1,-1,-1,1,1,1
2018010114376,2,8,0,18,0,0,0,0,0,0,3,1,1,1,51,8,2143,2,4,9,1,9
2018010114376,3,9,0,12,0,0,0,0,0,0,1,1,1,1,25,5,-1,-1,-1,5,1,5
2018010114377,1,5,0,18,0,0,2,0,0,0,0,1,6,1,35,6,1199,1,12,3,1,3
2018010114377,2,19,0,15,0,0,0,0,0,0,0,1,1,1,47,8,2198,2,2,-1,-1,-1
2018010114381,1,1,-1,-1,-1,0,-1,-1,-1,-1,2,1,2,1,26,6,-1,-1,-1,5,1,5
2018010114381,2,8,0,-1,-1,0,-1,-1,-1,-1,-1,-1,6,3,59,9,1797,8,8,-1,-1,-1
2018010114382,1,9,0,1,0,0,0,0,0,0,3,1,6,1,27,6,1390,1,9,2,1,2
2018010114382,2,1,0,18,0,0,5,0,0,0,1,1,2,1,53,8,-1,-1,-1,2,1,2
2018010114383,1,19,0,18,0,8,1,4,0,0,2,1,1,1,28,6,1560,2,1,1,1,1
2018010114383,2,19,0,18,0,8,1,4,0,0,1,1,1,1,54,8,1560,2,1,6,1,6
2018010114386,1,5,0,13,0,2,0,0,0,0,4,1,6,1,40,7,900,1,2,5,1,5
2018010114386,2,9,0,9,0,5,0,0,0,0,1,1,6,2,23,5,1339,1,13,3,1,3
2018010114389,1,9,0,9,0,6,0,0,0,0,1,1,6,2,37,7,1995,1,13,2,1,2
2018010114389,2,3,0,13,0,8,5,0,0,0,1,1,6,1,25,5,124,1,6,1,1,1
2018010114392,1,9,0,-1,-1,0,-1,-1,-1,-1,2,-1,6,1,24,5,1995,1,10,5,1,5
2018010114392,2,90,0,-1,-1,0,-1,-1,-1,-1,1,-1,6,3,-1,-1,-1,-1,-1,-1,-1,-1
2018010114393,1,9,0,18,0,4,0,0,0,0,1,1,6,1,80,11,1991,2,10,7,1,7
2018010114393,2,1,0,9,0,3,0,0,0,0,3,1,6,2,41,7,-1,-1,-1,6,1,6
2018010114394,1,5,0,18,0,1,0,0,0,0,4,1,6,1,43,7,998,1,1,8,1,8
2018010114394,2,10,0,9,0,1,0,0,0,0,3,1,1,1,51,8,-1,-1,-1,2,1,2
2018010114395,1,11,0,18,0,1,0,0,0,0,0,1,1,1,60,9,6692,2,8,4,1,4
2018010114396,1,9,0,3,0,1,0,0,0,0,2,1,6,2,37,7,1086,1,12,1,1,1
2018010114396,2,9,0,3,0,1,0,0,0,0,1,1,6,1,-1,-1,1598,1,14,2,1,2
2018010114397,1,19,5,18,0,0,0,4,0,0,1,1,1,1,23,5,1598,2,2,3,1,3
2018010114397,2,9,0,2,0,0,0,0,0,0,1,1,6,3,-1,-1,1591,1,6,-1,-1,-1
2018010114397,3,9,0,2,0,0,0,0,0,0,1,1,6,3,-1,-1,-1,-1,-1,-1,-1,-1
2018010114399,1,9,0,5,0,1,0,0,0,0,3,1,3,2,25,5,-1,-1,-1,-1,-1,-1
2018010114399,2,1,0,5,0,1,0,0,0,0,1,1,6,1,54,8,-1,-1,-1,6,1,6
2018010114404,1,9,0,18,0,1,1,0,1,0,1,1,6,2,19,4,998,1,2,7,1,7
2018010114404,2,9,0,18,0,2,0,7,0,0,1,1,6,1,40,7,-1,-1,-1,9,1,9
2018010114405,1,9,0,4,0,0,0,0,0,0,2,1,6,1,-1,-1,1995,2,2,-1,-1,-1
2018010114405,2,9,0,18,0,0,0,0,0,0,1,1,6,1,30,6,1198,1,4,10,1,10
2018010114406,1,8,0,18,0,8,0,0,1,1,1,1,2,1,51,8,2499,2,10,-1,-1,-1
2018010114406,2,9,0,9,0,8,0,0,0,0,1,1,6,2,31,6,1896,2,13,-1,-1,-1
2018010114407,1,9,0,7,0,1,0,0,0,0,4,1,6,1,40,7,1598,1,16,4,1,4
2018010114407,2,9,0,18,0,1,0,0,0,0,1,1,6,2,28,6,1197,1,1,2,1,2
2018010114409,1,8,0,-1,-1,-1,-1,-1,-1,-1,-1,-1,6,1,51,8,2143,2,4,4,1,4
2018010114409,2,9,0,-1,-1,-1,-1,-1,-1,-1,1,-1,6,3,-1,-1,1229,1,8,1,1,1
2018010114411,1,9,0,18,0,0,0,4,0,0,1,1,6,1,26,6,1995,2,2,6,1,6
2018010114411,2,9,0,2,0,0,0,0,0,0,2,1,6,3,-1,-1,1995,1,13,-1,-1,-1
2018010114419,1,9,0,18,0,1,0,0,0,0,1,1,6,1,27,6,1956,2,6,6,1,6
2018010114420,1,9,0,2,0,8,0,0,0,0,4,1,6,3,-1,-1,2967,2,4,-1,-1,-1
2018010114420,2,9,0,18,0,1,0,4,0,0,4,1,6,1,18,4,1388,1,8,10,1,10
2018010114423,1,9,0,18,0,1,0,0,0,0,3,1,6,1,67,10,1598,1,16,7,1,7
2018010114423,2,9,0,9,0,1,0,0,0,0,1,1,6,2,49,8,1242,1,6,2,1,2
2018010114426,1,9,0,16,0,1,0,0,0,0,1,1,6,2,58,9,1968,2,5,10,1,10
2018010114426,2,9,0,17,0,1,0,0,0,0,3,1,6,1,22,5,1461,2,1,2,1,2
2018010114428,1,9,0,18,0,6,0,4,1,5,1,1,6,1,23,5,1997,1,11,3,1,3
2018010114428,2,9,0,2,0,2,0,0,0,0,3,1,6,3,-1,-1,1332,1,8,-1,-1,-1
2018010114428,3,9,0,2,0,2,0,0,0,0,2,1,6,3,-1,-1,1587,1,16,-1,-1,-1
2018010114428,4,9,0,2,0,2,0,0,0,0,1,1,6,3,-1,-1,1968,2,11,-1,-1,-1
2018010114429,1,90,0,1,0,2,0,0,0,0,2,1,1,1,25,5,-1,-1,-1,-1,-1,-1
2018010114429,2,8,0,1,0,1,0,0,0,0,1,1,6,1,51,8,2402,2,15,6,1,6
2018010114433,1,21,1,7,0,6,0,0,0,0,4,2,1,1,47,8,12740,2,-1,-1,-1,-1
2018010114434,1,9,0,18,0,3,0,0,0,0,2,-1,6,2,43,7,1490,1,9,2,1,2
2018010114434,2,9,-1,18,0,3,0,0,0,0,1,-1,6,1,-1,-1,-1,-1,-1,-1,-1,-1
2018010114436,1,9,0,4,0,0,0,0,0,0,2,1,1,1,52,8,1798,8,6,-1,-1,-1
2018010114436,2,19,0,4,0,0,1,0,0,0,1,1,1,1,28,6,2299,2,2,3,1,3
2018010114441,1,5,0,-1,-1,-1,-1,-1,-1,-1,-1,1,2,1,31,6,800,1,18,7,1,7
2018010114443,1,9,0,15,0,2,0,0,0,0,3,1,1,1,69,10,2495,1,17,4,1,4
2018010114443,2,1,0,14,4,2,0,0,0,0,1,1,2,2,33,6,-1,-1,-1,7,1,7
2018010114447,1,19,0,9,0,1,0,0,0,0,4,1,2,1,21,5,2402,2,15,3,1,3
2018010114447,2,9,0,9,0,1,0,0,0,0,1,1,2,1,35,6,-1,-1,-1,5,1,5
2018010114448,1,1,-1,-1,-1,-1,-1,-1,-1,-1,-1,1,2,2,36,7,-1,-1,-1,10,1,10
2018010114448,2,90,0,-1,-1,-1,-1,-1,-1,-1,2,-1,6,3,-1,-1,-1,-1,-1,-1,-1,-1
2018010114453,1,9,0,7,0,2,0,0,0,0,1,1,2,2,39,7,1398,1,7,5,1,5
2018010114453,2,1,0,18,0,1,0,0,0,0,4,1,1,1,52,8,-1,-1,-1,8,1,8
2018010114454,1,9,0,9,0,5,0,0,0,0,1,1,3,2,67,10,1796,1,15,4,1,4
2018010114455,1,9,0,5,0,0,0,0,0,0,3,1,6,1,69,10,2457,1,11,6,1,6
2018010114455,2,4,0,14,0,0,0,0,0,0,4,1,2,1,24,5,296,1,4,6,1,6
2018010114459,1,9,0,-1,-1,0,-1,-1,-1,-1,2,-1,2,1,54,8,2720,2,12,10,1,10
2018010114459,2,9,-1,-1,-1,0,-1,-1,-1,-1,-1,-1,6,3,-1,-1,2967,2,6,-1,-1,-1
2018010114460,1,1,-1,-1,-1,-1,-1,-1,-1,-1,-1,1,6,3,-1,-1,-1,-1,-1,-1,-1,-1
2018010114463,1,3,0,-1,-1,-1,-1,-1,-1,-1,2,1,6,1,-1,-1,108,1,1,10,1,10
2018010114463,2,9,0,-1,-1,-1,-1,-1,-1,-1,1,-1,6,3,-1,-1,-1,-1,-1,-1,-1,-1
2018010114467,1,1,-1,-1,-1,-1,-1,-1,-1,-1,-1,1,2,2,34,6,-1,-1,-1,5,1,5
2018010114467,2,10,0,-1,-1,-1,-1,-1,-1,-1,1,-1,6,1,-1,-1,-1,-1,-1,-1,-1,-1
2018010114468,1,1,-1,-1,-1,-1,-1,-1,-1,-1,1,1,2,1,44,7,-1,-1,-1,4,1,4
2018010114468,2,8,0,-1,-1,-1,-1,-1,-1,-1,1,-1,6,3,-1,-1,-1,-1,-1,-1,-1,-1
2018010114471,1,9,0,-1,-1,-1,-1,-1,-1,-1,-1,-1,2,1,48,8,1798,1,16,4,1,4
2018010114471,2,1,-1,-1,-1,-1,-1,-1,-1,-1,-1,1,6,1,-1,-1,-1,-1,-1,10,1,10