Accident_Index,Vehicle_Reference,Vehicle_Type,Towing_and_Articulation,Vehicle_Manoeuvre,Vehicle_Location-Restricted_Lane,Junction_Location,Skidding_and_Overturning,Hit_Object_in_Carriageway,Vehicle_Leaving_Carriageway,Hit_Object_off_Carriageway,1st_Point_of_Impact,Was_Vehicle_Left_Hand_Drive?,Journey_Purpose_of_Driver,Sex_of_Driver,Age_of_Driver,Age_Band_of_Driver,Engine_Capacity_(CC),Propulsion_Code,Age_of_Vehicle,Driver_IMD_Decile,Driver_Home_Area_Type,Vehicle_IMD_Decile
2018010114828,1,9,-1,-1,-1,0,-1,-1,3,-1,2,-1,6,2,23,5,999,1,2,8,1,8
2018010114828,2,9,-1,-1,-1,0,-1,-1,-1,-1,1,-1,6,3,-1,-1,1390,1,16,-1,-1,-1
2018010114829,1,9,0,5,0,1,0,0,0,0,1,1,6,2,51,8,998,1,16,3,1,3
2018010114829,2,8,0,14,0,1,0,0,0,0,4,1,1,1,36,7,1798,8,2,3,1,3
2018010114830,1,9,0,-1,-1,-1,-1,-1,-1,-1,-1,-1,6,2,33,6,-1,-1,-1,5,1,5
2018010114830,2,19,-1,2,-1,-1,-1,-1,-1,-1,-1,1,6,3,-1,-1,2402,2,14,-1,-1,-1
2018010114832,1,9,0,7,0,6,0,0,0,0,4,1,6,2,35,6,1797,8,3,1,1,1
2018010114832,2,19,0,18,0,1,0,0,0,0,0,1,6,1,53,8,-1,-1,-1,4,3,4
2018010114838,1,9,0,4,0,1,0,0,0,0,2,1,6,2,67,10,2494,8,3,7,1,7
2018010114838,2,9,0,18,0,1,0,0,0,0,1,1,6,1,27,6,1956,2,6,6,1,6
2018010114841,1,9,0,-1,-1,-1,-1,-1,-1,-1,1,-1,6,2,23,5,1598,1,11,2,1,2
2018010114842,1,9,0,4,0,1,0,0,0,0,2,1,6,1,73,10,2967,1,18,4,2,4
2018010114842,2,9,0,18,0,1,0,0,0,0,1,1,6,1,39,7,1995,2,6,-1,-1,-1
2018010114844,1,1,0,18,0,8,0,0,0,0,4,1,6,1,29,6,-1,-1,-1,3,1,3
2018010114844,2,8,0,5,0,8,0,0,0,0,1,1,6,1,54,8,1968,2,1,3,1,3
2018010114848,1,9,0,9,0,8,0,0,0,0,1,1,2,2,24,5,1595,1,1,7,1,7
2018010114848,2,9,0,18,0,1,0,0,0,0,1,1,6,1,56,9,1598,1,12,1,1,1
2018010114850,1,9,0,-1,-1,-1,-1,-1,-1,-1,2,-1,6,1,57,9,1318,1,2,6,1,6
2018010114856,1,9,0,3,0,1,0,0,0,0,2,1,6,1,53,8,1794,1,16,3,1,3
2018010114856,2,9,0,18,0,1,0,0,0,0,1,1,2,1,19,4,1595,1,14,5,1,5
2018010114861,1,8,0,-1,-1,0,-1,-1,-1,-1,-1,-1,6,1,45,7,1995,2,5,2,1,2
2018010114863,1,9,0,18,0,2,0,0,0,0,3,1,6,3,-1,-1,1995,2,3,-1,-1,-1
2018010114869,1,9,0,9,0,8,0,0,0,0,3,1,6,1,37,7,2184,2,7,8,1,8
2018010114869,2,9,0,9,0,8,0,0,0,0,1,1,6,1,44,7,2179,2,5,9,1,9
2018010114871,1,9,0,18,0,2,0,0,0,0,1,1,6,1,41,7,2295,1,19,4,1,4
2018010114871,2,9,0,5,0,1,0,0,0,0,1,1,6,1,43,7,1999,2,2,9,1,9
2018010114871,3,9,0,2,0,2,0,0,0,0,3,1,6,3,-1,-1,1598,1,13,-1,-1,-1
2018010114871,4,9,0,2,0,2,0,0,0,0,4,1,6,3,-1,-1,2967,2,6,-1,-1,-1
2018010114877,1,3,0,15,0,1,0,0,0,0,3,1,2,1,27,6,-1,-1,-1,6,1,6
2018010114877,2,8,0,7,0,1,0,0,0,0,4,1,1,1,47,8,2776,2,2,-1,-1,-1
2018010114880,1,1,-1,-1,-1,-1,-1,-1,-1,-1,1,1,2,2,40,7,-1,-1,-1,5,1,5
2018010114880,2,9,0,-1,-1,-1,-1,-1,-1,-1,0,-1,6,3,-1,-1,2198,2,5,-1,-1,-1
2018010114883,1,11,0,18,0,8,0,0,0,0,0,1,6,1,42,7,4500,2,-1,-1,-1,-1
2018010114887,1,9,0,18,0,0,0,0,0,0,3,1,6,2,33,6,1794,1,14,3,1,3
2018010114888,1,9,0,18,0,1,0,0,0,0,1,1,6,2,44,7,1497,8,6,2,1,2
2018010114890,1,3,0,9,0,2,0,0,0,0,1,1,6,1,32,6,124,1,2,-1,-1,-1
2018010114891,1,9,0,5,0,1,0,0,0,0,1,1,6,3,-1,-1,1997,2,5,-1,-1,-1
2018010114892,1,9,0,6,0,0,0,0,0,0,4,1,6,1,34,6,1199,1,14,5,1,5
2018010114892,2,5,0,14,0,0,0,0,0,0,3,1,6,1,25,5,-1,-1,-1,3,1,3
2018010114893,1,3,0,18,0,8,0,0,0,0,4,1,1,1,28,6,108,1,2,1,1,1
2018010114901,1,9,0,-1,-1,-1,-1,-1,-1,-1,2,-1,6,1,53,8,1984,1,11,5,3,5
2018010114901,2,9,0,-1,-1,-1,-1,-1,-1,-1,1,-1,6,3,-1,-1,2987,2,12,-1,-1,-1
2018010114902,1,9,0,-1,-1,-1,-1,-1,-1,-1,-1,-1,6,2,21,5,1796,1,12,2,1,2
2018010114902,2,9,0,-1,-1,-1,-1,-1,-1,-1,-1,-1,6,3,-1,-1,1598,2,-1,3,1,3
2018010114903,1,9,0,9,0,8,0,0,0,0,4,1,6,2,21,5,1242,1,9,5,1,5
2018010114903,2,8,0,18,0,8,0,0,1,7,1,1,6,1,45,7,2143,2,3,5,1,5
2018010114906,1,9,0,18,0,0,0,0,0,0,1,1,2,1,40,7,1591,1,2,5,1,5
2018010114907,1,9,0,9,0,8,0,0,0,0,1,1,6,2,20,4,1598,1,11,8,1,8
2018010114907,2,8,0,18,0,8,0,0,0,0,1,1,6,1,40,7,2402,2,16,8,1,8
2018010114909,1,3,0,18,0,0,5,0,0,0,3,1,1,1,28,6,125,1,4,5,1,5
2018010114912,1,9,0,13,0,1,1,4,0,0,4,1,6,1,35,6,1968,2,9,3,1,3
2018010114912,2,9,0,3,0,1,0,0,0,0,1,1,6,1,40,7,1969,2,2,7,1,7
2018010114912,3,9,0,2,0,1,0,0,0,0,1,1,6,3,-1,-1,1796,1,10,-1,-1,-1
2018010114912,4,9,0,2,0,1,0,0,0,0,2,1,6,3,-1,-1,1398,1,12,-1,-1,-1
2018010114912,5,9,0,2,0,1,0,0,0,0,3,1,6,3,-1,-1,-1,-1,-1,-1,-1,-1
2018010114916,1,2,0,18,0,2,0,4,0,0,2,1,1,1,24,5,108,1,1,6,1,6
2018010114916,2,9,0,8,0,6,0,0,0,0,2,1,6,2,33,6,1796,2,5,1,1,1
2018010114919,1,9,0,5,0,3,0,0,0,0,1,1,1,1,46,8,2143,2,5,3,1,3
2018010114919,2,3,0,7,0,3,0,0,0,0,1,1,1,1,31,6,125,1,3,8,1,8
2018010114923,1,9,0,9,0,2,0,0,0,0,1,1,6,1,45,7,1598,2,4,-1,-1,-1
2018010114926,1,9,0,16,0,0,1,0,0,0,1,1,6,2,31,6,1197,1,-1,9,1,9
2018010114926,2,9,0,17,0,0,0,0,1,4,3,1,6,1,28,6,1968,2,9,6,1,6
2018010114931,1,9,0,10,0,0,0,0,0,0,4,1,6,2,42,7,1998,1,16,-1,-1,-1
2018010114931,2,9,0,18,0,0,0,0,0,0,3,1,6,1,29,6,2987,2,8,-1,-1,-1
2018010114935,1,9,0,4,0,8,0,0,0,0,4,1,6,2,51,8,2179,2,8,9,1,9
2018010114937,1,9,0,3,0,0,0,0,0,0,2,1,6,1,41,7,2148,2,9,8,1,8
2018010114937,2,9,0,18,0,0,0,0,0,0,1,1,6,3,-1,-1,898,1,-1,-1,-1,-1
2018010114938,1,19,0,7,0,1,0,0,0,0,2,1,2,1,28,6,1598,2,2,4,1,4
2018010114938,2,1,0,18,0,1,0,0,0,0,1,1,2,1,36,7,-1,-1,-1,4,1,4
2018010114939,1,9,0,13,0,2,0,0,0,0,4,1,6,1,24,5,-1,-1,-1,2,1,2
2018010114939,2,9,0,6,0,2,0,0,0,0,3,1,6,1,26,6,998,1,9,3,1,3
2018010114941,1,9,0,18,0,0,0,7,1,10,1,1,6,1,20,4,1296,1,11,2,1,2
2018010114943,1,1,0,4,0,3,0,0,0,0,2,1,6,1,28,6,-1,-1,-1,2,1,2
2018010114946,1,9,0,15,0,0,0,0,0,0,1,1,6,1,26,6,2697,2,12,5,1,5
2018010114949,1,9,0,12,0,6,0,11,1,0,1,1,6,1,37,7,1797,8,7,-1,-1,-1
2018010114950,1,4,0,18,0,2,5,0,0,0,2,1,1,1,36,7,125,1,7,2,-1,2
2018010114950,2,9,0,18,0,2,0,0,0,0,1,1,6,1,28,6,2993,2,3,2,1,2
2018010114951,1,8,0,-1,-1,-1,-1,-1,-1,-1,-1,-1,6,1,29,6,2987,2,3,3,1,3
2018010114951,2,9,0,-1,-1,-1,-1,-1,-1,-1,2,-1,6,3,-1,-1,2793,1,19,-1,-1,-1
2018010114952,1,21,0,5,0,0,0,0,0,0,3,2,6,1,52,8,-1,-1,-1,-1,-1,-1
2018010114952,2,3,0,5,0,0,0,0,0,0,2,1,2,1,47,8,108,1,2,5,1,5
2018010114956,1,9,0,5,0,1,0,0,0,0,0,1,6,1,38,7,2967,2,5,2,1,2
2018010114956,2,3,0,5,0,2,0,0,0,0,0,1,6,1,30,6,124,1,8,6,1,6
2018010114960,1,19,0,7,0,5,0,0,0,0,3,1,2,1,38,7,2198,2,3,2,1,2
2018010114964,1,9,0,18,0,8,0,0,0,0,3,1,6,1,75,10,1498,1,7,5,1,5
2018010114964,2,5,0,18,2,8,1,0,0,0,1,1,6,1,34,6,779,1,8,2,1,2
2018010114968,1,9,0,18,0,2,0,0,0,0,3,1,2,1,55,8,998,1,8,3,1,3
2018010114968,2,5,0,18,0,1,0,0,0,0,1,1,2,1,29,6,636,1,12,4,1,4
2018010114969,1,9,0,18,0,0,5,4,0,0,1,1,6,1,52,8,2362,1,16,1,1,1
2018010114969,2,9,0,2,0,0,0,0,0,0,2,1,6,3,-1,-1,1598,1,6,-1,-1,-1
2018010114969,3,9,0,2,0,0,0,0,0,0,2,1,6,3,-1,-1,1339,8,8,-1,-1,-1
2018010114973,1,8,0,4,0,2,0,0,0,0,0,1,1,1,33,6,1956,2,4,2,1,2
2018010114973,2,1,0,18,0,2,0,0,0,0,0,1,6,1,52,8,-1,-1,-1,5,1,5
2018010114974,1,5,0,4,0,0,2,0,0,0,1,1,6,1,24,5,798,1,5,5,1,5
2018010114974,2,9,0,4,0,0,0,0,0,0,2,1,1,1,42,7,-1,-1,-1,4,1,4
2018010114981,1,9,0,7,0,5,0,10,7,1,1,1,6,1,36,7,999,1,2,5,1,5
2018010114992,1,9,-1,18,0,1,0,-1,0,0,2,-1,6,2,32,6,998,1,-1,9,1,9
2018010114992,2,9,-1,18,0,1,0,-1,0,0,1,-1,6,3,-1,-1,2987,2,7,-1,-1,-1
2018010114996,1,1,-1,-1,-1,-1,-1,-1,-1,-1,-1,1,2,2,25,5,-1,-1,-1,1,1,1
2018010114996,2,9,0,-1,-1,-1,-1,-1,-1,-1,-1,-1,6,1,51,8,2143,2,5,3,3,3
2018010114997,1,9,-1,3,0,1,-1,0,0,0,2,-1,6,1,60,9,1598,1,17,7,1,7
2018010114997,2,9,-1,18,0,1,-1,0,0,0,1,-1,6,1,-1,-1,-1,-1,-1,1,1,1
2018010115003,1,9,0,3,0,1,0,0,0,0,2,1,6,2,38,7,1461,2,11,2,1,2
2018010115003,2,19,0,18,0,1,0,0,0,0,1,1,1,1,41,7,2143,2,2,2,1,2
2018010115006,1,3,0,14,0,1,0,0,0,0,1,1,6,1,51,8,124,1,35,8,1,8
2018010115006,2,1,0,13,0,2,0,0,0,0,1,1,6,2,41,7,-1,-1,-1,6,1,6
2018010115017,1,1,-1,-1,-1,-1,-1,-1,-1,-1,1,1,2,2,38,7,-1,-1,-1,10,1,10
2018010115017,2,9,0,9,-1,-1,-1,-1,-1,-1,4,1,6,3,48,8,2435,1,14,7,1,7
2018010115023,1,19,0,9,4,5,0,0,0,0,3,1,1,1,27,6,-1,-1,-1,4,1,4
2018010115023,2,1,0,18,4,2,0,0,0,0,1,1,1,1,25,5,-1,-1,-1,7,1,7
2018010115023,3,1,0,18,4,2,0,0,0,0,1,1,1,1,39,7,-1,-1,-1,6,1,6
2018010115023,4,1,0,18,0,2,0,0,0,0,0,1,1,1,44,7,-1,-1,-1,10,1,10
2018010115023,5,1,0,18,0,8,0,0,0,0,0,1,1,1,40,7,-1,-1,-1,7,1,7
2018010115031,1,9,-1,-1,-1,-1,-1,-1,-1,-1,-1,-1,6,1,56,9,2171,1,14,4,1,4
2018010115032,1,3,0,18,2,0,0,10,0,0,0,1,6,1,52,8,124,1,11,2,1,2
2018010115035,1,9,0,5,0,4,0,0,0,0,1,1,6,1,57,9,2987,2,10,2,1,2
2018010115035,2,9,0,9,0,3,0,7,0,0,4,1,6,2,58,9,698,1,14,7,1,7
2018010115036,1,9,0,-1,-1,-1,-1,-1,-1,-1,-1,-1,6,2,32,6,1498,1,13,3,1,3
2018010115036,2,90,-1,-1,-1,-1,-1,-1,-1,-1,-1,-1,6,3,-1,-1,-1,-1,-1,-1,-1,-1
2018010115037,1,9,0,18,0,1,0,0,7,10,1,1,6,2,57,9,988,1,-1,6,1,6
2018010115039,1,21,0,5,0,8,0,0,0,0,1,1,1,1,29,6,7698,2,2,5,1,5
2018010115039,2,1,0,5,0,8,5,11,0,0,2,1,6,1,83,11,-1,-1,-1,-1,-1,-1
2018010115046,1,5,0,18,0,1,2,0,0,0,4,1,2,1,36,7,745,1,4,3,-1,3
2018010115046,2,9,0,9,0,1,0,0,0,0,1,1,2,1,43,7,1995,1,11,5,1,5
2018010115048,1,9,0,-1,-1,0,-1,-1,-1,-1,1,-1,6,3,39,7,1968,2,2,4,1,4
2018010115051,1,9,0,18,0,8,0,0,7,0,3,1,6,2,46,8,2148,2,11,7,1,7
2018010115051,2,9,0,18,0,6,0,0,0,0,3,1,3,2,49,8,2191,2,5,7,1,7
2018010115054,1,9,0,8,0,1,0,0,0,0,2,1,6,2,53,8,1595,1,18,3,1,3
2018010115054,2,1,0,18,0,1,0,0,0,0,1,1,6,1,53,8,-1,-1,-1,5,1,5
2018010115055,1,3,0,-1,-1,0,-1,-1,-1,-1,2,1,6,1,26,6,124,1,3,2,1,2
2018010115055,2,8,0,-1,-1,0,-1,-1,-1,-1,1,-1,6,3,-1,-1,1797,8,8,6,1,6
2018010115065,1,9,0,18,0,0,0,0,0,0,3,1,6,1,28,6,1796,1,12,3,1,3
2018010115066,1,9,0,9,0,0,0,0,0,0,1,1,6,1,52,8,1598,2,5,1,1,1
2018010115066,2,3,0,4,0,0,0,0,0,0,1,1,6,1,27,6,125,1,1,2,1,2
2018010115067,1,8,0,-1,-1,-1,-1,-1,-1,-1,-1,-1,6,1,42,7,1339,8,7,5,-1,5
2018010115067,2,9,0,-1,-1,-1,-1,-1,-1,-1,1,-1,6,3,26,6,1950,2,1,1,1,1
2018010115074,1,9,0,5,0,4,0,0,0,0,4,1,6,1,19,4,1229,1,12,2,1,2
2018010115074,2,9,0,18,0,3,0,0,0,0,4,1,6,1,77,11,1343,1,17,8,1,8
2018010115075,1,9,0,13,0,2,0,0,0,0,1,1,1,1,18,4,-1,-1,-1,2,1,2
2018010115075,2,9,0,2,0,2,0,0,0,0,3,1,6,3,-1,-1,1997,2,7,-1,-1,-1
2018010115075,3,9,0,9,0,2,0,0,0,0,3,1,6,1,31,6,1296,1,11,2,1,2
2018010115076,1,5,0,18,0,1,0,0,0,0,1,1,2,1,25,5,1170,1,1,1,1,1
2018010115081,1,19,0,-1,-1,-1,-1,-1,-1,-1,1,-1,6,3,-1,-1,-1,-1,-1,-1,-1,-1
2018010115084,1,9,0,-1,-1,-1,-1,-1,-1,-1,3,-1,6,1,57,9,1796,1,11,7,1,7
2018010115084,2,9,-1,-1,-1,-1,-1,-1,-1,-1,-1,-1,6,1,-1,-1,-1,-1,-1,6,1,6
2018010115093,1,1,-1,-1,-1,0,-1,-1,-1,-1,1,1,6,3,-1,-1,-1,-1,-1,-1,-1,-1
2018010115094,1,9,0,-1,-1,-1,-1,-1,-1,-1,2,-1,6,1,28,6,1229,1,13,1,1,1
2018010115098,1,9,0,9,0,8,0,0,0,0,1,1,6,2,36,7,2179,2,7,5,1,5
2018010115098,2,1,0,18,0,8,0,0,0,0,3,1,6,1,45,7,-1,-1,-1,2,1,2
2018010115118,1,8,0,-1,-1,0,-1,-1,-1,-1,4,-1,6,1,23,5,1791,8,7,4,-1,4
2018010115118,2,9,0,-1,-1,0,-1,-1,-1,-1,1,-1,6,3,-1,-1,1364,1,2,-1,-1,-1
2018010115127,1,8,0,-1,-1,-1,-1,-1,-1,-1,-1,-1,2,1,49,8,2231,2,9,6,1,6
2018010115127,2,9,-1,-1,-1,-1,-1,-1,-1,-1,-1,-1,6,3,-1,-1,2494,1,19,-1,-1,-1
2018010115128,1,19,-1,-1,-1,1,-1,-1,-1,-1,-1,1,6,3,-1,-1,2198,2,10,-1,-1,-1
2018010115130,1,11,0,3,0,1,0,0,0,0,0,1,1,1,53,8,5132,2,2,2,1,2
2018010115137,1,9,0,18,0,0,0,0,0,0,1,1,6,2,19,4,998,1,-1,4,1,4
2018010115140,1,9,0,4,0,8,0,0,0,0,2,1,6,1,28,6,1598,1,6,9,1,9
2018010115140,2,9,0,3,0,2,0,0,0,0,2,1,1,1,46,8,1984,2,7,10,1,10
2018010115140,3,9,0,18,0,3,0,0,0,0,1,1,6,2,54,8,1497,8,2,3,1,3
2018010115141,1,3,0,18,0,0,0,0,0,0,1,1,6,3,-1,-1,-1,-1,-1,-1,-1,-1
2018010115150,1,9,0,-1,-1,0,-1,-1,-1,-1,2,-1,2,2,56,9,1242,1,4,5,1,5
2018010115150,2,9,0,-1,-1,0,-1,-1,-1,-1,1,-1,6,3,-1,-1,998,1,6,-1,-1,-1
2018010115152,1,9,0,-1,-1,-1,-1,-1,-1,-1,2,-1,6,1,41,7,1598,1,12,10,1,10
2018010115152,2,9,-1,-1,-1,-1,-1,-1,-1,-1,2,-1,6,3,-1,-1,1595,1,16,-1,-1,-1
2018010115156,1,8,0,10,0,1,0,0,0,0,3,1,1,1,42,7,2143,2,7,7,1,7
2018010115156,2,1,0,13,0,1,0,0,0,0,4,1,6,1,40,7,-1,-1,-1,5,3,5
2018010115158,1,9,0,4,0,2,0,0,0,0,2,1,6,1,29,6,2362,1,14,3,1,3
2018010115158,2,1,0,5,0,2,0,0,0,0,1,1,6,1,27,6,-1,-1,-1,3,1,3
2018010115159,1,9,0,6,0,2,0,0,0,0,4,1,1,1,33,6,2987,2,5,8,1,8
2018010115159,2,1,0,18,0,2,0,0,0,0,4,1,6,1,22,5,-1,-1,-1,5,1,5
2018010115160,1,9,0,4,0,0,0,0,0,0,2,1,2,2,42,7,1197,1,2,-1,-1,-1
2018010115160,2,9,0,4,0,0,0,0,0,0,2,1,2,2,27,6,999,1,5,5,1,5
2018010115160,3,9,0,18,0,0,0,0,0,0,1,1,6,1,26,6,1998,8,1,5,1,5
2018010115167,1,11,0,18,2,8,0,0,0,0,1,1,1,1,24,5,9360,2,9,2,1,2
2018010115167,2,9,0,7,0,6,0,0,0,0,3,1,6,1,22,5,1997,2,6,1,1,1
2018010115168,1,9,0,18,0,2,0,0,0,0,1,1,6,1,68,10,1998,1,1,-1,-1,-1
2018010115168,2,9,0,18,0,1,0,0,0,0,1,1,6,1,90,11,1598,1,18,-1,-1,-1
2018010115168,3,9,0,2,0,1,0,4,0,0,2,1,6,3,-1,-1,2993,2,1,-1,-1,-1
2018010115168,4,9,0,2,0,1,0,0,0,0,2,1,6,3,-1,-1,1396,1,8,-1,-1,-1
2018010115170,1,9,0,18,0,0,5,4,0,0,3,1,6,1,65,9,1398,1,-1,-1,-1,-1
2018010115171,1,2,0,4,0,1,0,0,0,0,2,1,6,1,31,6,49,1,18,3,1,3
2018010115171,2,9,0,18,0,1,0,0,0,0,1,1,2,2,31,6,1796,1,11,6,1,6
2018010115178,1,9,0,4,0,1,0,0,0,0,1,1,6,1,30,6,1968,2,6,5,1,5
2018010115183,1,1,-1,-1,-1,-1,-1,-1,-1,-1,2,1,2,2,26,6,-1,-1,-1,5,1,5
2018010115183,2,9,0,-1,-1,-1,-1,-1,-1,-1,1,-1,6,3,72,10,1388,1,13,5,1,5
2018010115191,1,9,0,4,0,2,0,0,0,0,4,1,6,1,30,6,1586,1,1,3,1,3
2018010115191,2,1,0,18,0,2,0,0,0,0,1,1,2,1,37,7,-1,-1,-1,4,1,4
2018010115192,1,21,0,7,0,1,0,0,0,0,3,1,1,1,19,4,-1,-1,-1,9,1,9
2018010115192,2,1,0,18,0,1,0,0,0,0,2,1,2,1,24,5,-1,-1,-1,-1,-1,-1
2018010115194,1,9,0,18,0,0,0,0,0,0,4,1,6,2,43,7,1598,1,7,7,1,7
2018010115196,1,9,0,9,0,8,0,0,0,0,1,1,1,2,23,5,999,1,2,7,1,7
2018010115196,2,9,0,18,0,2,0,0,0,0,3,1,6,1,57,9,1956,2,5,4,1,4
2018010115197,1,19,0,18,0,0,0,0,0,0,2,1,2,1,44,7,2198,2,7,2,1,2
2018010115197,2,9,0,18,0,0,0,0,0,0,2,1,6,2,53,8,1388,1,14,2,1,2
2018010115197,3,9,0,4,0,0,0,0,0,0,2,1,2,1,42,7,2698,2,10,1,1,1
2018010115197,4,9,0,11,0,0,0,0,0,0,2,1,6,1,26,6,2143,2,6,2,1,2
2018010115197,5,9,0,18,0,0,0,0,0,0,1,1,6,1,18,4,1596,1,12,-1,-1,-1
2018010115197,6,9,0,18,0,0,0,0,0,0,2,1,6,1,28,6,2494,1,14,1,1,1
2018010115197,7,9,0,18,0,0,0,0,0,0,1,1,6,2,34,6,2143,2,1,4,1,4
2018010115197,8,9,0,18,0,0,0,0,0,0,1,1,2,1,42,7,1997,2,8,3,1,3
2018010115200,1,9,0,18,0,0,0,0,0,0,4,1,6,2,23,5,1198,1,3,7,1,7
2018010115200,2,10,0,2,0,0,0,0,0,0,0,1,6,3,-1,-1,2461,2,10,-1,-1,-1
2018010115202,1,9,0,4,0,1,0,0,0,0,0,1,6,2,44,7,2143,2,8,4,1,4
2018010115202,2,1,0,5,0,1,0,0,0,0,1,1,6,1,12,3,-1,-1,-1,3,1,3
2018010115210,1,11,0,4,0,0,0,0,0,0,0,1,1,1,30,6,-1,-1,-1,4,1,4
2018010115212,1,19,0,5,0,1,0,8,0,0,4,1,1,1,57,9,2198,2,3,4,1,4
2018010115212,2,9,0,4,0,1,0,0,0,0,3,1,6,1,25,5,2143,2,4,3,1,3
2018010115216,1,8,0,2,0,8,0,0,0,0,3,1,6,3,-1,-1,1968,2,4,-1,-1,-1
2018010115216,2,1,0,18,0,8,0,0,0,0,3,1,2,1,29,6,-1,-1,-1,6,1,6
2018010115218,1,1,-1,-1,-1,0,-1,-1,-1,-1,1,1,2,1,40,7,-1,-1,-1,2,1,2
2018010115218,2,19,0,-1,-1,0,-1,-1,-1,-1,-1,-1,6,3,54,8,1995,2,4,2,1,2
2018010115221,1,9,0,10,0,8,0,0,0,0,3,1,6,1,47,8,1798,8,3,4,1,4
2018010115221,2,9,0,14,0,8,1,0,0,0,4,1,6,1,-1,-1,1198,1,9,-1,-1,-1
2018010115222,1,3,0,18,0,2,2,0,0,0,1,1,6,1,19,4,124,1,5,-1,-1,-1
2018010115222,2,1,0,18,0,2,2,0,0,0,2,1,6,1,38,7,-1,-1,-1,7,1,7
2018010115224,1,9,0,18,0,0,1,4,0,0,3,1,6,2,26,6,1229,1,4,5,1,5
2018010115224,2,9,0,2,0,0,0,0,0,0,3,1,6,3,-1,-1,1397,1,8,-1,-1,-1
2018010115224,3,9,0,2,0,0,0,0,0,0,1,1,6,3,-1,-1,1197,1,4,-1,-1,-1
2018010115225,1,1,0,18,0,1,0,0,0,0,-1,1,2,1,24,5,-1,-1,-1,5,1,5
2018010115225,2,9,0,-1,0,1,0,0,0,0,-1,-1,6,3,-1,-1,-1,-1,-1,-1,-1,-1
2018010115226,1,9,0,18,0,2,2,10,0,0,3,1,6,1,18,4,1984,1,1,3,1,3
2018010115230,1,9,0,4,0,1,0,0,0,0,1,1,6,2,19,4,1496,2,1,3,1,3
2018010115230,2,19,0,3,0,2,0,0,0,0,2,1,6,1,46,8,4461,2,8,10,1,10
2018010115231,1,11,0,18,0,0,0,0,0,0,0,1,1,2,52,8,6700,2,8,2,1,2
2018010115237,1,9,0,-1,0,-1,-1,-1,-1,0,-1,-1,6,1,20,4,1242,1,11,-1,-1,-1
2018010115237,2,9,0,-1,0,-1,0,-1,-1,0,-1,-1,6,1,-1,-1,-1,-1,-1,-1,-1,-1
2018010115239,1,1,-1,-1,-1,0,-1,-1,-1,-1,-1,1,2,1,36,7,-1,-1,-1,5,1,5
2018010115239,2,9,0,-1,-1,0,-1,-1,-1,-1,1,-1,6,1,24,5,1560,2,11,-1,-1,-1
2018010115242,1,9,0,9,0,1,0,0,0,0,1,1,6,1,54,8,1598,1,12,6,1,6
2018010115242,2,4,0,13,0,1,0,0,0,0,2,1,6,1,39,7,-1,-1,-1,9,1,9
2018010115244,1,8,0,5,0,0,0,0,0,0,1,1,1,1,48,8,1797,8,4,3,1,3
2018010115244,2,1,0,5,0,0,0,0,0,0,1,1,2,1,37,7,-1,-1,-1,2,1,2
2018010115246,1,9,0,17,0,0,0,0,0,0,1,1,2,2,52,8,1339,8,8,10,1,10
2018010115246,2,1,0,5,0,0,0,0,0,0,3,1,2,2,34,6,-1,-1,-1,3,1,3
2018010115247,1,8,0,18,0,2,0,0,0,0,2,1,1,1,50,8,1997,2,1,5,1,5
2018010115247,2,1,0,18,4,2,0,0,1,0,1,1,6,1,27,6,-1,-1,-1,9,1,9
2018010115248,1,10,0,-1,-1,0,-1,-1,-1,-1,4,-1,6,3,-1,-1,2198,2,2,-1,-1,-1
2018010115255,1,1,-1,-1,-1,0,-1,-1,-1,-1,-1,1,6,2,50,8,-1,-1,-1,3,1,3
2018010115255,2,9,0,-1,-1,0,-1,-1,-1,-1,-1,-1,6,3,-1,-1,1398,2,15,-1,-1,-1
2018010115256,1,1,-1,18,-1,5,5,8,-1,-1,1,1,6,1,42,7,-1,-1,-1,3,1,3
2018010115256,2,9,-1,-1,-1,-1,-1,-1,-1,-1,-1,-1,6,1,-1,-1,1198,1,4,3,1,3
2018010115259,1,9,0,9,0,1,0,0,0,0,1,1,6,1,56,9,1968,2,11,-1,-1,-1
2018010115259,2,4,0,16,0,1,0,0,0,0,3,1,2,1,46,8,745,1,8,4,1,4
2018010115261,1,9,0,5,0,2,0,0,0,0,1,1,1,1,48,8,1798,8,4,4,1,4
2018010115264,1,9,0,18,0,0,0,4,0,0,1,1,6,1,43,7,2143,2,3,-1,-1,-1
2018010115264,2,10,0,2,0,0,0,0,0,0,4,1,6,3,-1,-1,-1,-1,-1,-1,-1,-1
2018010115264,3,9,0,2,0,0,0,0,0,0,2,1,6,3,-1,-1,1595,1,15,-1,-1,-1
2018010115266,1,9,0,7,0,8,0,0,0,0,4,1,1,2,23,5,1560,2,7,3,1,3
2018010115266,2,1,0,18,0,8,0,0,0,0,1,1,2,2,61,9,-1,-1,-1,4,1,4
2018010115267,1,19,0,1,0,2,0,0,0,0,2,1,1,1,50,8,2198,2,3,4,1,4
2018010115268,1,19,0,9,0,5,0,0,0,0,3,1,1,1,38,7,1560,2,1,7,1,7
2018010115268,2,5,0,18,0,1,5,0,0,0,1,1,6,1,47,8,798,1,4,6,1,6
2018010115270,1,9,0,-1,-1,0,-1,-1,-1,-1,1,-1,6,1,31,6,-1,-1,-1,6,1,6
2018010115279,1,19,0,9,0,6,0,0,0,0,3,1,2,1,30,6,-1,-1,-1,2,1,2
2018010115281,1,9,0,5,0,0,0,0,1,4,1,1,6,1,82,11,999,1,-1,3,1,3