Accident_Index,Vehicle_Reference,Vehicle_Type,Towing_and_Articulation,Vehicle_Manoeuvre,Vehicle_Location-Restricted_Lane,Junction_Location,Skidding_and_Overturning,Hit_Object_in_Carriageway,Vehicle_Leaving_Carriageway,Hit_Object_off_Carriageway,1st_Point_of_Impact,Was_Vehicle_Left_Hand_Drive?,Journey_Purpose_of_Driver,Sex_of_Driver,Age_of_Driver,Age_Band_of_Driver,Engine_Capacity_(CC),Propulsion_Code,Age_of_Vehicle,Driver_IMD_Decile,Driver_Home_Area_Type,Vehicle_IMD_Decile
2018010115285,1,19,0,17,0,8,0,0,0,0,4,1,1,1,37,7,2198,2,3,7,1,7
2018010115285,2,5,0,18,0,1,0,0,0,0,1,1,6,1,36,7,800,1,3,3,1,3
2018010115286,1,9,0,4,0,6,0,0,0,0,1,2,2,1,50,8,1685,2,1,2,1,2
2018010115286,2,4,0,4,0,1,0,0,0,0,3,1,2,1,40,7,530,1,-1,7,1,7
2018010115288,1,11,0,17,2,2,0,0,0,0,0,1,1,1,60,9,6692,2,8,3,1,3
2018010115289,1,3,0,-1,-1,0,-1,-1,-1,-1,-1,1,6,2,28,6,124,1,3,4,1,4
2018010115289,2,9,0,-1,-1,0,-1,-1,-1,-1,1,-1,6,3,-1,-1,1995,2,11,-1,-1,-1
2018010115291,1,1,-1,-1,-1,-1,-1,-1,-1,-1,-1,1,2,1,24,5,-1,-1,-1,8,1,8
2018010115291,2,1,-1,-1,-1,-1,-1,-1,-1,-1,1,1,6,3,-1,-1,-1,-1,-1,-1,-1,-1
2018010115297,1,9,0,3,0,1,0,0,0,0,1,1,6,2,43,7,1998,1,6,4,1,4
2018010115297,2,9,0,1,0,1,0,0,0,0,2,1,6,2,-1,-1,2777,2,10,-1,-1,-1
2018010115298,1,1,-1,-1,-1,-1,-1,-1,-1,-1,1,1,2,1,33,6,-1,-1,-1,5,1,5
2018010115298,2,8,0,-1,-1,-1,-1,-1,-1,-1,-1,-1,6,3,-1,-1,2499,2,6,3,1,3
2018010115301,1,3,0,18,0,2,0,0,0,0,4,1,6,1,19,4,125,1,2,3,1,3
2018010115301,2,9,0,7,0,5,0,0,0,0,4,1,6,1,26,6,1896,2,12,2,1,2
2018010115302,1,9,0,3,0,0,0,0,0,0,2,1,6,1,38,7,1896,2,11,3,1,3
2018010115302,2,4,0,18,0,0,0,0,0,0,1,1,1,1,29,6,125,1,7,7,1,7
2018010115303,1,9,0,-1,-1,-1,-1,-1,-1,-1,2,-1,6,2,32,6,1997,1,3,6,1,6
2018010115303,2,3,0,18,-1,-1,-1,-1,-1,-1,2,1,6,3,27,6,-1,-1,-1,-1,-1,-1
2018010115306,1,9,0,3,0,0,0,0,0,0,2,-1,6,1,28,6,998,1,4,2,1,2
2018010115306,2,9,0,-1,0,0,-1,0,0,0,1,-1,6,3,-1,-1,-1,-1,-1,-1,-1,-1
2018010115313,1,9,0,4,6,0,0,0,0,0,3,1,6,1,44,7,1998,8,3,4,1,4
2018010115313,2,1,0,18,0,0,0,0,0,0,3,1,6,2,56,9,-1,-1,-1,2,1,2
2018010115317,1,1,-1,-1,-1,-1,-1,-1,-1,-1,-1,1,6,1,33,6,-1,-1,-1,2,1,2
2018010115317,2,19,0,-1,-1,-1,-1,-1,-1,-1,1,-1,6,3,-1,-1,1598,2,2,-1,-1,-1
2018010115320,1,9,0,-1,-1,-1,-1,-1,-1,-1,1,-1,6,1,38,7,1984,1,9,6,3,6
2018010115320,2,9,0,-1,-1,-1,-1,-1,-1,-1,2,-1,6,3,-1,-1,2996,1,12,-1,-1,-1
2018010115322,1,11,0,18,0,8,0,0,0,0,0,1,1,1,42,7,8268,2,13,3,1,3
2018010115326,1,11,0,18,0,1,0,0,0,0,0,1,1,1,-1,-1,9360,2,9,-1,-1,-1
2018010115327,1,3,0,18,0,1,0,0,0,0,1,1,6,1,25,5,125,1,1,4,1,4
2018010115327,2,9,0,7,0,6,0,0,0,0,3,1,6,1,17,4,1242,1,6,7,1,7
2018010115332,1,11,0,8,0,1,0,0,0,0,2,1,1,1,52,8,5132,2,1,2,1,2
2018010115332,2,11,0,5,0,1,0,0,0,0,1,1,1,1,44,7,5132,2,2,3,1,3
2018010115332,3,90,0,11,0,6,0,0,0,0,0,1,6,3,48,8,-1,-1,-1,-1,-1,-1
2018010115336,1,9,0,3,0,0,0,0,0,0,0,1,6,2,78,11,1248,1,5,-1,-1,-1
2018010115336,2,9,0,5,0,0,0,0,0,0,1,1,1,2,44,7,2143,2,4,5,1,5
2018010115338,1,9,5,18,0,0,0,0,0,0,2,1,6,1,34,6,2993,2,2,8,3,8
2018010115338,2,1,0,18,0,0,0,0,0,0,3,1,6,2,68,10,-1,-1,-1,6,1,6
2018010115344,1,9,0,3,0,6,0,0,0,0,2,1,6,2,28,6,1461,2,4,2,1,2
2018010115344,2,3,0,9,0,8,0,0,0,0,1,1,6,1,47,8,125,1,4,3,1,3
2018010115350,1,9,0,4,0,0,0,0,0,0,2,1,6,1,71,10,1850,1,18,10,1,10
2018010115350,2,9,0,18,0,0,0,0,0,0,1,1,6,1,54,8,1968,2,3,-1,-1,-1
2018010115351,1,9,0,17,0,0,0,0,0,0,1,1,6,2,65,9,1598,1,6,3,1,3
2018010115351,2,9,0,17,0,0,0,0,0,0,1,1,6,2,44,7,996,1,5,-1,-1,-1
2018010115351,3,9,0,2,0,0,0,0,0,0,4,1,6,3,-1,-1,1998,1,11,-1,-1,-1
2018010115356,1,9,0,5,0,4,0,0,0,0,4,1,6,2,57,9,999,1,3,4,1,4
2018010115356,2,1,0,9,0,4,0,0,0,0,1,1,2,1,54,8,-1,-1,-1,4,1,4
2018010115358,1,9,0,5,0,6,0,0,0,0,2,1,6,2,31,6,1596,1,15,3,1,3
2018010115358,2,1,0,17,0,2,0,0,0,0,1,1,2,1,59,9,-1,-1,-1,6,1,6
2018010115359,1,9,0,18,0,0,0,0,0,0,4,1,6,2,25,5,1399,2,16,4,1,4
2018010115360,1,9,0,6,0,8,0,0,0,0,3,1,2,1,20,4,1198,1,10,9,1,9
2018010115360,2,3,0,14,0,8,5,0,0,0,1,1,1,1,21,5,108,1,1,6,1,6
2018010115361,1,9,0,15,0,0,0,10,1,2,1,1,6,1,19,4,1364,1,11,1,1,1
2018010115361,2,1,0,18,0,0,0,10,1,0,2,1,2,2,38,7,-1,-1,-1,3,1,3
2018010115363,1,11,0,18,0,8,0,0,0,0,1,1,1,1,39,7,4461,2,5,3,1,3
2018010115363,2,1,0,18,0,8,0,0,0,0,3,1,6,2,23,5,-1,-1,-1,1,1,1
2018010115365,1,9,0,-1,-1,-1,-1,-1,-1,-1,-1,-1,2,2,27,6,999,1,1,5,1,5
2018010115365,2,9,0,-1,-1,-1,-1,-1,-1,-1,-1,-1,6,3,-1,-1,-1,-1,-1,-1,-1,-1
2018010115366,1,9,0,4,0,0,0,0,0,0,2,1,6,1,52,8,1461,2,5,3,1,3
2018010115366,2,9,0,4,0,0,0,0,0,0,2,1,6,1,25,5,2143,2,4,2,1,2
2018010115366,3,9,0,4,0,0,0,0,0,0,2,1,6,2,25,5,998,1,6,2,1,2
2018010115366,4,9,0,3,0,0,0,0,0,0,2,1,6,1,53,8,1798,1,13,3,1,3
2018010115366,5,8,0,18,0,0,0,0,0,0,1,1,1,1,64,9,2143,2,5,5,1,5
2018010115368,1,9,0,18,0,1,0,0,0,0,1,1,6,2,32,6,1296,1,10,6,1,6
2018010115370,1,9,0,3,0,1,0,0,0,0,3,1,6,1,17,4,-1,-1,-1,-1,-1,-1
2018010115372,1,11,0,9,0,1,0,0,0,0,4,1,1,1,38,7,9360,2,7,2,1,2
2018010115373,1,9,-1,-1,-1,0,-1,-1,-1,-1,-1,-1,6,3,-1,-1,-1,-1,-1,-1,-1,-1
2018010115377,1,11,0,18,2,1,0,0,0,0,0,1,6,1,61,9,4500,2,3,3,1,3
2018010115379,1,9,0,18,0,2,0,0,1,0,3,1,2,2,33,6,1596,1,10,4,1,4
2018010115379,2,90,0,18,0,2,0,0,0,0,4,1,1,1,32,6,-1,-1,-1,9,3,9
2018010115380,1,9,0,7,0,1,0,0,0,0,0,1,6,2,31,6,2204,2,11,6,1,6
2018010115380,2,9,0,9,0,1,0,0,0,0,0,1,6,1,26,6,1229,1,11,1,1,1
2018010115382,1,11,0,4,0,1,0,0,0,0,0,1,1,1,45,7,6692,2,8,6,1,6
2018010115383,1,8,0,7,0,1,0,0,0,0,1,1,1,1,32,6,1997,2,2,2,1,2
2018010115383,2,1,0,15,0,1,1,0,0,0,1,1,2,1,37,7,-1,-1,-1,3,1,3
2018010115384,1,9,0,5,0,8,0,0,0,0,1,2,6,2,21,5,998,1,10,7,1,7
2018010115384,2,21,0,5,0,8,0,0,0,0,4,2,1,1,37,7,6692,2,5,2,1,2
2018010115386,1,9,0,14,0,0,0,4,0,0,1,1,6,2,79,11,1341,1,19,7,1,7
2018010115392,1,8,0,5,0,3,0,0,0,0,3,1,1,1,35,6,1339,8,6,4,1,4
2018010115392,2,3,0,5,0,2,0,0,0,0,4,1,6,1,27,6,124,1,5,3,1,3
2018010115394,1,9,0,13,0,0,0,0,0,0,1,1,6,1,17,4,1685,2,5,-1,-1,-1
2018010115395,1,9,0,10,0,1,0,0,0,0,2,1,2,1,57,9,1910,2,9,4,1,4
2018010115395,2,9,0,18,0,1,0,0,0,0,1,1,6,1,23,5,1995,2,14,9,1,9
2018010115396,1,9,0,18,0,0,0,0,0,0,1,1,1,2,27,6,1999,2,2,8,1,8
2018010115399,1,1,0,-1,0,0,0,0,0,0,1,1,6,1,53,8,-1,-1,-1,-1,-1,-1
2018010115399,2,9,0,6,0,0,0,0,0,0,3,-1,6,1,58,9,1991,1,1,5,1,5
2018010115406,1,9,-1,18,0,1,0,0,0,0,-1,1,6,3,-1,-1,-1,-1,-1,-1,-1,-1
2018010115406,2,1,0,18,0,1,-1,-1,2,-1,4,1,1,1,24,5,-1,-1,-1,3,1,3
2018010115407,1,9,0,-1,-1,-1,-1,-1,-1,-1,-1,-1,6,1,29,6,2143,2,3,8,1,8
2018010115407,2,9,0,-1,-1,-1,-1,-1,-1,-1,1,-1,6,3,-1,-1,998,1,4,-1,-1,-1
2018010115412,1,11,0,18,0,2,0,0,0,0,4,1,1,1,39,7,4500,2,2,6,1,6
2018010115412,2,1,0,18,0,2,0,0,0,0,3,1,2,1,31,6,-1,-1,-1,2,1,2
2018010115417,1,1,-1,-1,-1,-1,-1,-1,-1,-1,2,1,2,2,61,9,-1,-1,-1,5,1,5
2018010115417,2,9,0,-1,-1,-1,-1,-1,-1,-1,4,-1,6,3,-1,-1,-1,-1,-1,2,1,2
2018010115418,1,11,0,5,2,0,0,0,0,0,0,1,6,1,35,6,5132,2,1,4,1,4
2018010115419,1,9,0,4,0,2,0,0,0,0,1,1,1,1,46,8,-1,-1,-1,2,1,2
2018010115419,2,9,0,6,0,2,0,0,0,0,3,1,1,1,45,7,1798,8,5,5,1,5
2018010115420,1,9,0,1,0,0,0,-1,0,0,2,-1,6,3,-1,-1,-1,-1,-1,-1,-1,-1
2018010115421,1,9,0,18,0,0,0,0,0,0,1,1,6,3,-1,-1,-1,-1,-1,-1,-1,-1
2018010115424,1,11,0,9,0,8,0,0,0,0,0,1,6,1,33,6,5132,2,1,2,1,2
2018010115425,1,9,0,18,0,0,0,0,0,0,2,1,6,1,46,8,1794,1,10,5,1,5
2018010115425,2,2,0,18,0,0,0,0,0,0,1,1,2,1,18,4,49,1,2,3,1,3
2018010115431,1,9,0,5,9,6,0,0,0,0,1,1,2,1,54,8,1397,1,8,5,1,5
2018010115433,1,9,0,3,0,1,0,0,0,0,1,1,2,2,54,8,1199,1,16,5,1,5
2018010115433,2,9,0,18,0,1,0,0,0,0,1,1,1,1,33,6,1339,8,7,2,1,2
2018010115433,3,9,0,5,0,8,0,0,0,0,1,1,2,1,77,11,2799,1,20,2,1,2
2018010115434,1,1,-1,-1,-1,-1,-1,-1,-1,-1,1,1,2,2,29,6,-1,-1,-1,5,1,5
2018010115434,2,9,0,-1,-1,-1,-1,-1,-1,-1,-1,-1,6,1,50,8,1685,2,5,6,1,6
2018010115436,1,9,0,10,0,1,0,0,0,0,3,1,2,2,40,7,1896,2,11,3,1,3
2018010115436,2,1,0,18,0,1,0,0,0,0,1,1,1,1,39,7,-1,-1,-1,5,1,5
2018010115446,1,9,0,9,0,8,0,0,0,0,0,1,3,2,42,7,1995,2,5,10,1,10
2018010115446,2,9,0,17,0,1,0,0,0,0,1,1,2,2,50,8,1995,2,11,10,1,10
2018010115457,1,9,-1,3,0,0,-1,-1,-1,-1,2,-1,6,1,65,9,2143,2,4,-1,-1,-1
2018010115457,2,9,-1,18,-1,0,-1,-1,-1,-1,-1,-1,6,1,-1,-1,-1,-1,-1,-1,-1,-1
2018010115460,1,4,0,18,0,1,0,0,0,0,0,1,6,2,32,6,696,1,6,-1,-1,-1
2018010115462,1,3,0,15,0,2,0,0,0,0,3,1,2,1,55,8,124,1,18,8,1,8
2018010115462,2,9,0,18,0,2,0,0,0,0,0,1,2,1,50,8,1582,2,-1,4,1,4
2018010115465,1,4,-1,9,0,8,-1,0,0,0,3,1,6,1,55,8,279,1,3,7,1,7
2018010115465,2,1,-1,18,0,8,-1,0,0,0,1,1,6,1,-1,-1,-1,-1,-1,-1,-1,-1
2018010115467,1,9,0,18,0,-1,0,-1,0,0,1,-1,3,2,-1,-1,1995,2,11,6,1,6
2018010115473,1,5,0,14,0,1,0,0,0,0,1,1,6,1,51,8,798,1,10,3,1,3
2018010115473,2,9,0,9,0,1,0,0,0,0,1,1,2,2,52,8,1896,2,11,2,1,2
2018010115474,1,9,0,10,0,1,0,0,0,0,1,1,6,2,37,7,1598,2,2,-1,-1,-1
2018010115474,2,3,0,18,0,1,0,0,0,0,3,1,1,1,66,10,125,1,4,-1,-1,-1
2018010115474,3,9,0,10,0,1,0,0,0,0,3,1,6,1,50,8,1497,8,11,-1,-1,-1
2018010115481,1,1,-1,18,0,-1,-1,-1,-1,-1,-1,1,2,1,44,7,-1,-1,-1,6,1,6
2018010115481,2,9,-1,18,0,-1,-1,-1,-1,-1,-1,-1,6,3,-1,-1,1598,1,5,-1,-1,-1
2018010115482,1,9,0,9,0,7,0,0,0,0,1,1,6,3,-1,-1,2143,2,5,-1,-1,-1
2018010115482,2,9,0,18,0,8,0,0,0,0,1,1,6,2,35,6,1995,2,8,3,1,3
2018010115483,1,9,0,6,0,0,0,0,0,0,2,1,2,1,43,7,1968,2,7,7,1,7
2018010115483,2,1,0,18,0,0,0,0,0,0,1,1,1,1,44,7,-1,-1,-1,2,1,2
2018010115487,1,8,0,9,0,8,0,0,0,0,1,1,1,1,66,10,2402,2,16,10,1,10
2018010115487,2,5,0,18,0,1,0,0,0,0,1,1,2,1,42,7,998,1,10,9,1,9
2018010115489,1,9,0,-1,-1,-1,-1,-1,-1,-1,-1,-1,6,2,37,7,1968,2,1,2,1,2
2018010115489,2,11,0,-1,-1,-1,-1,-1,-1,-1,-1,-1,6,3,-1,-1,5132,2,3,3,1,3
2018010115489,3,9,-1,18,-1,-1,-1,-1,-1,-1,-1,-1,6,3,-1,-1,1596,1,13,-1,-1,-1
2018010115497,1,5,0,18,0,8,0,0,1,0,1,1,6,1,65,9,-1,-1,-1,10,1,10
2018010115497,2,9,0,10,0,6,0,0,0,0,1,1,2,2,27,6,1995,2,4,1,1,1
2018010115504,1,1,0,16,5,2,0,0,0,0,1,1,6,2,33,6,-1,-1,-1,7,1,7
2018010115504,2,1,0,17,5,2,0,0,0,0,1,1,6,1,33,6,-1,-1,-1,-1,-1,-1
2018010115505,1,9,0,8,0,1,0,0,0,0,0,1,6,1,39,7,1968,2,14,6,3,6
2018010115505,2,1,0,18,0,1,0,0,0,0,0,1,6,1,31,6,-1,-1,-1,2,1,2
2018010115507,1,9,0,18,0,0,0,0,0,0,0,1,1,1,41,7,2143,2,2,7,1,7
2018010115507,2,3,0,12,0,0,0,0,0,0,1,1,1,1,45,7,109,1,3,2,1,2
2018010115508,1,8,0,12,0,0,0,0,0,0,3,2,1,1,65,9,1388,1,8,4,1,4
2018010115508,2,21,1,18,0,0,0,0,0,0,4,1,1,1,27,6,12419,2,3,3,1,3
2018010115508,3,9,0,3,0,0,0,0,0,0,3,1,1,1,44,7,-1,-1,-1,3,1,3
2018010115508,4,9,0,3,0,0,0,0,0,0,3,1,6,2,29,6,1229,1,12,-1,-1,-1
2018010115511,1,9,0,10,0,1,0,0,0,0,2,1,6,2,36,7,1499,1,-1,2,1,2
2018010115511,2,9,0,18,0,1,0,0,0,0,1,1,6,2,33,6,1461,2,4,2,1,2
2018010115513,1,9,0,5,0,4,0,0,0,0,4,1,1,2,39,7,1598,1,10,4,1,4
2018010115513,2,9,0,18,0,4,0,0,0,0,1,1,1,2,32,6,1242,1,4,8,1,8
2018010115514,1,19,0,-1,-1,0,-1,-1,-1,-1,2,-1,6,1,21,5,1870,2,12,10,2,10
2018010115514,2,9,0,-1,-1,0,-1,-1,-1,-1,1,-1,6,3,-1,-1,1364,1,9,-1,-1,-1
2018010115515,1,3,0,-1,-1,-1,-1,-1,-1,-1,1,1,6,1,21,5,108,1,2,1,1,1
2018010115515,2,9,0,-1,-1,-1,-1,-1,-1,-1,2,-1,6,3,-1,-1,1995,2,3,-1,-1,-1
2018010115519,1,11,0,18,0,1,0,0,0,0,0,1,1,1,-1,-1,-1,3,2,-1,-1,-1
2018010115520,1,19,0,1,0,0,0,0,0,0,2,1,1,1,23,5,2464,2,11,3,1,3
2018010115522,1,1,0,18,0,0,0,4,0,0,1,1,6,1,46,8,-1,-1,-1,5,3,5
2018010115522,2,8,0,3,0,0,0,0,0,0,0,1,1,1,63,9,1560,2,5,-1,-1,-1
2018010115523,1,9,-1,-1,-1,-1,-1,-1,-1,-1,-1,-1,6,3,-1,-1,-1,-1,-1,-1,-1,-1
2018010115524,1,3,0,18,0,1,0,0,0,0,1,1,6,1,50,8,656,1,13,8,1,8
2018010115524,2,90,0,5,0,1,0,0,0,0,3,1,1,1,48,8,-1,-1,-1,2,1,2
2018010115526,1,9,0,18,0,8,0,0,0,0,1,1,6,2,28,6,1197,1,-1,2,1,2
2018010115526,2,9,0,9,0,8,0,0,0,0,4,1,6,1,42,7,998,1,12,5,1,5
2018010115529,1,8,0,9,0,8,0,0,0,0,1,2,6,1,33,6,1798,8,1,5,1,5
2018010115529,2,9,0,18,0,1,0,0,0,0,3,1,2,2,33,6,1956,2,6,-1,-1,-1
2018010115534,1,9,0,18,0,8,0,0,0,0,1,1,6,1,92,11,1392,1,20,-1,-1,-1
2018010115535,1,19,0,7,0,1,0,0,0,0,3,1,6,1,60,9,-1,-1,-1,-1,2,-1
2018010115535,2,9,0,18,0,5,0,0,0,0,3,1,6,1,19,4,1197,1,3,4,1,4
2018010115536,1,9,0,9,0,8,0,0,0,0,1,1,6,2,22,5,1061,1,12,3,1,3
2018010115536,2,3,0,5,0,1,0,0,0,0,3,1,6,1,37,7,108,1,3,5,1,5
2018010115539,1,9,0,-1,-1,1,-1,-1,-1,-1,2,-1,6,3,-1,-1,-1,-1,-1,-1,-1,-1
2018010115544,1,9,0,18,0,1,0,10,7,10,1,1,6,1,79,11,1587,1,24,3,1,3
2018010115545,1,3,0,18,0,1,2,0,0,0,-1,1,1,1,17,4,108,1,1,4,1,4
2018010115547,1,9,0,1,0,1,0,0,0,0,2,1,6,1,61,9,1995,2,-1,4,1,4
2018010115549,1,9,0,18,7,0,0,7,1,7,1,1,6,1,39,7,1598,1,13,2,1,2
2018010115549,2,21,1,18,0,0,0,0,0,0,1,1,1,1,54,8,12777,2,6,3,1,3
2018010115550,1,9,0,-1,-1,-1,-1,-1,-1,-1,2,-1,2,2,26,6,1248,1,7,8,1,8
2018010115550,2,9,0,-1,-1,-1,-1,-1,-1,-1,1,-1,6,3,-1,-1,1598,1,13,-1,-1,-1
2018010115552,1,11,0,18,0,0,0,0,0,0,1,1,1,1,56,9,6700,2,7,4,1,4
2018010115554,1,1,0,9,5,0,0,0,0,0,4,1,6,2,29,6,-1,-1,-1,2,1,2
2018010115554,2,1,0,18,5,0,0,0,0,0,1,1,1,1,57,9,-1,-1,-1,9,1,9
2018010115556,1,9,0,18,0,1,0,0,0,0,1,1,6,1,48,8,1950,2,2,2,1,2
2018010115556,2,9,0,18,0,1,0,0,0,0,1,1,6,2,65,9,1598,1,1,1,1,1
2018010115557,1,9,0,-1,-1,0,-1,-1,-1,-1,1,-1,6,1,25,5,1598,2,1,2,1,2
2018010115558,1,1,-1,-1,-1,-1,-1,-1,-1,-1,-1,1,2,1,41,7,-1,-1,-1,9,1,9
2018010115558,2,9,0,-1,-1,-1,-1,-1,-1,-1,4,-1,6,3,-1,-1,-1,-1,-1,-1,-1,-1
2018010115560,1,9,0,7,0,1,0,0,0,0,4,1,6,2,53,8,2179,2,7,10,3,10
2018010115560,2,1,0,18,0,1,0,0,0,0,3,1,6,1,27,6,-1,-1,-1,1,1,1
2018010115561,1,1,-1,-1,-1,-1,-1,-1,-1,-1,-1,1,2,1,22,5,-1,-1,-1,10,1,10
2018010115561,2,9,0,-1,-1,-1,-1,-1,-1,-1,-1,-1,6,3,-1,-1,1968,2,1,10,1,10
2018010115562,1,9,-1,-1,-1,-1,-1,-1,-1,-1,1,-1,6,1,48,8,1794,1,14,3,1,3
2018010115562,2,8,0,-1,-1,-1,-1,-1,-1,-1,-1,-1,6,3,-1,-1,-1,-1,-1,-1,-1,-1
2018010115563,1,9,0,3,0,4,0,0,0,0,2,1,2,2,46,8,1398,1,1,5,1,5
2018010115563,2,8,0,4,0,4,0,0,0,0,1,1,6,1,-1,-1,1798,8,6,3,1,3
2018010115565,1,11,0,3,0,3,0,0,0,0,1,1,6,1,51,8,6700,2,7,3,1,3
2018010115569,1,9,0,3,0,1,0,0,0,0,2,1,6,2,50,8,1999,2,3,9,1,9
2018010115569,2,19,0,5,0,1,0,0,0,0,1,1,6,1,58,9,2298,2,-1,8,1,8
2018010115572,1,19,0,5,4,1,0,0,0,0,1,1,6,3,-1,-1,-1,-1,-1,-1,-1,-1
2018010115572,2,1,0,18,4,1,0,0,0,0,2,1,2,2,34,6,-1,-1,-1,2,1,2
2018010115577,1,9,0,18,0,5,0,0,0,0,1,1,6,2,21,5,1497,8,6,2,1,2
2018010115577,2,9,0,18,0,8,0,0,0,0,1,1,6,2,33,6,1360,1,6,4,1,4
2018010115578,1,9,0,4,0,0,0,0,0,0,2,1,3,1,72,10,1900,2,12,8,1,8
2018010115578,2,9,0,4,0,0,0,0,0,0,2,1,3,2,42,7,1461,2,4,2,1,2
2018010115578,3,9,0,4,0,0,0,0,0,0,1,1,1,1,69,10,-1,-1,-1,2,1,2
2018010115579,1,3,-1,18,0,0,-1,-1,-1,-1,1,1,6,3,-1,-1,-1,-1,-1,-1,-1,-1
2018010115580,1,9,0,1,0,0,0,0,0,0,2,1,3,2,36,7,1995,2,5,2,1,2
2018010115582,1,2,0,14,0,0,0,0,0,0,1,1,2,2,23,5,125,1,2,5,1,5
2018010115592,1,9,0,3,0,1,0,0,0,0,2,1,6,2,35,6,1956,2,3,5,1,5
2018010115592,2,9,0,18,0,1,0,0,0,0,1,1,6,1,37,7,1598,1,7,4,1,4
2018010115600,1,11,0,4,2,1,0,0,0,0,0,1,1,2,36,7,4500,2,4,3,1,3
2018010115605,1,9,-1,-1,-1,-1,-1,-1,-1,-1,-1,-1,6,2,-1,-1,1595,1,5,6,1,6
2018010115607,1,9,0,12,0,2,0,0,0,0,1,1,1,1,65,9,1950,2,1,4,1,4
2018010115607,2,5,0,17,0,2,0,0,0,0,4,1,2,1,33,6,645,1,17,4,1,4
2018010115615,1,1,0,18,2,1,0,0,0,0,1,1,6,1,50,8,-1,-1,-1,6,1,6
2018010115615,2,9,0,9,2,5,0,0,0,0,4,1,6,1,48,8,1560,2,11,5,1,5
2018010115619,1,8,0,9,0,5,0,0,0,0,1,1,1,1,30,6,2143,2,4,4,1,4
2018010115619,2,1,0,18,4,1,0,0,0,0,1,1,2,2,31,6,-1,-1,-1,2,1,2
2018010115622,1,9,0,7,0,1,0,0,0,0,1,1,6,1,39,7,1422,2,8,2,1,2
2018010115622,2,1,0,5,0,8,0,0,0,0,1,1,2,2,30,6,-1,-1,-1,3,1,3
2018010115623,1,5,0,18,0,7,2,0,0,0,4,1,6,1,55,8,1360,1,11,6,1,6
2018010115624,1,9,0,7,0,5,0,0,0,0,4,1,2,1,55,8,1998,1,15,3,1,3
2018010115624,2,1,0,18,0,1,0,0,0,0,2,1,6,1,28,6,-1,-1,-1,5,1,5
2018010115629,1,9,0,4,0,0,0,0,0,0,2,1,6,2,77,11,1388,1,10,10,1,10
2018010115629,2,9,0,4,0,0,0,0,0,0,2,1,6,2,35,6,998,1,-1,7,1,7
2018010115629,3,9,0,4,0,0,0,0,0,0,2,1,6,2,34,6,2000,2,13,2,1,2
2018010115629,4,10,0,18,0,0,0,0,0,0,1,1,6,1,42,7,2402,2,15,6,1,6
2018010115632,1,3,0,18,0,1,0,0,0,0,1,1,2,1,52,8,125,1,2,-1,-1,-1
2018010115632,2,9,0,9,0,1,0,0,0,0,4,1,6,1,19,4,1596,1,3,3,1,3
2018010115633,1,9,0,-1,-1,0,-1,-1,-1,-1,-1,-1,6,1,74,10,1390,1,5,5,1,5
2018010115633,2,1,-1,-1,-1,0,-1,-1,-1,-1,4,1,6,2,-1,-1,-1,-1,-1,3,1,3
2018010115634,1,9,0,18,0,1,0,0,1,10,1,1,6,1,20,4,1600,1,13,4,1,4
2018010115634,2,9,0,10,0,1,0,0,0,0,1,1,6,1,35,6,1798,8,5,5,1,5
2018010115635,1,9,0,10,0,2,0,0,0,0,0,1,6,2,57,9,1995,2,8,5,1,5
2018010115635,2,1,0,18,0,8,0,0,0,0,0,1,6,2,29,6,-1,-1,-1,6,1,6
2018010115636,1,19,0,-1,-1,-1,-1,-1,-1,-1,-1,-1,6,2,31,6,2198,2,5,8,-1,8
2018010115640,1,9,0,9,0,8,0,0,0,0,1,1,3,2,53,8,2967,2,8,10,1,10
2018010115641,1,9,0,18,0,1,0,0,0,0,1,1,6,1,23,5,1753,2,11,3,1,3
2018010115641,2,1,0,14,0,1,0,0,0,0,2,1,6,2,28,6,-1,-1,-1,2,1,2
2018010115643,1,1,-1,-1,-1,-1,-1,-1,-1,-1,-1,1,6,1,36,7,-1,-1,-1,7,1,7
2018010115643,2,3,0,-1,-1,-1,-1,-1,-1,-1,-1,1,6,3,-1,-1,-1,-1,-1,-1,-1,-1
2018010115645,1,5,0,18,0,0,2,4,0,0,1,1,6,1,26,6,999,1,6,6,1,6
2018010115645,2,9,0,2,0,0,0,0,0,0,1,1,6,3,-1,-1,1229,1,5,-1,-1,-1
2018010115646,1,11,0,5,0,0,0,0,0,0,1,1,1,1,56,9,6700,2,7,5,1,5
2018010115648,1,9,0,6,0,0,0,0,0,0,1,1,6,1,67,10,2148,2,12,4,1,4
2018010115648,2,9,0,18,0,0,0,0,0,0,1,1,6,1,27,6,1991,1,4,2,1,2
2018010115662,1,9,0,18,0,1,1,0,0,0,1,1,6,1,48,8,1956,2,5,4,1,4
2018010115662,2,9,0,9,0,1,0,0,0,0,1,1,6,2,44,7,1368,1,6,7,1,7
2018010115663,1,19,0,3,0,2,0,0,0,0,2,1,1,1,37,7,1560,2,6,3,1,3
2018010115663,2,1,0,18,0,2,2,4,0,0,1,1,2,1,28,6,-1,-1,-1,2,-1,2
2018010115666,1,1,-1,-1,-1,0,-1,-1,-1,-1,0,1,2,1,37,7,-1,-1,-1,2,1,2
2018010115666,2,20,0,-1,-1,0,-1,-1,-1,-1,0,-1,6,3,-1,-1,-1,-1,-1,-1,-1,-1
2018010115668,1,9,0,18,0,8,0,0,0,0,1,1,6,3,-1,-1,-1,-1,-1,-1,-1,-1
2018010115669,1,9,0,18,0,4,0,0,0,0,1,1,6,3,-1,-1,-1,-1,-1,-1,-1,-1