Accident_Index,Vehicle_Reference,Vehicle_Type,Towing_and_Articulation,Vehicle_Manoeuvre,Vehicle_Location-Restricted_Lane,Junction_Location,Skidding_and_Overturning,Hit_Object_in_Carriageway,Vehicle_Leaving_Carriageway,Hit_Object_off_Carriageway,1st_Point_of_Impact,Was_Vehicle_Left_Hand_Drive?,Journey_Purpose_of_Driver,Sex_of_Driver,Age_of_Driver,Age_Band_of_Driver,Engine_Capacity_(CC),Propulsion_Code,Age_of_Vehicle,Driver_IMD_Decile,Driver_Home_Area_Type,Vehicle_IMD_Decile
2018010115670,1,9,0,6,0,0,0,0,0,0,1,1,6,1,24,5,1598,1,4,6,1,6
2018010115671,1,8,0,-1,-1,-1,-1,-1,-1,-1,2,-1,6,1,47,8,1968,2,6,3,1,3
2018010115672,1,9,0,18,0,1,0,0,7,10,1,1,6,1,25,5,999,1,-1,3,1,3
2018010115672,2,9,0,7,0,6,0,0,0,0,3,1,6,1,25,5,1499,1,2,-1,-1,-1
2018010115674,1,8,0,6,0,5,0,0,0,0,4,1,1,1,52,8,1580,8,-1,4,1,4
2018010115678,1,1,0,3,0,0,5,0,1,0,2,1,2,1,48,8,-1,-1,-1,9,1,9
2018010115678,2,9,0,3,0,0,0,0,0,0,1,-1,6,3,-1,-1,1686,2,14,-1,-1,-1
2018010115680,1,11,0,4,0,2,0,0,0,0,0,1,1,1,57,9,6700,2,11,8,1,8
2018010115681,1,9,-1,3,0,0,-1,-1,0,0,3,-1,6,1,31,6,1598,2,7,3,1,3
2018010115681,2,9,-1,18,0,0,-1,-1,0,0,-1,-1,6,3,-1,-1,1596,1,17,-1,-1,-1
2018010115683,1,8,0,11,0,1,0,0,0,0,2,1,1,1,24,5,1798,8,6,5,1,5
2018010115683,2,4,0,18,0,1,0,0,0,0,1,1,2,1,32,6,745,1,2,2,1,2
2018010115686,1,5,0,18,0,0,0,4,0,0,3,1,6,1,28,6,1285,1,3,7,1,7
2018010115686,2,9,0,5,0,0,0,0,0,0,4,1,6,3,-1,-1,1398,1,7,-1,-1,-1
2018010115688,1,9,0,12,0,0,0,0,0,0,2,2,2,2,32,6,2179,2,4,4,1,4
2018010115688,2,3,0,18,0,0,0,0,0,0,1,1,2,1,25,5,124,1,-1,3,1,3
2018010115691,1,8,0,18,0,0,0,0,0,0,3,1,1,1,59,9,2499,2,8,9,1,9
2018010115697,1,9,0,18,0,-1,0,0,0,0,1,1,6,3,-1,-1,1461,2,3,10,1,10
2018010115705,1,11,0,10,-1,1,0,0,-1,0,0,1,1,1,51,8,4500,2,1,3,1,3
2018010115712,1,11,0,18,0,0,0,0,0,0,-1,1,6,3,-1,-1,-1,-1,-1,-1,-1,-1
2018010115718,1,1,0,-1,0,-1,0,-1,-1,-1,-1,1,2,1,29,6,-1,-1,-1,4,1,4
2018010115718,2,9,0,-1,0,-1,-1,-1,-1,-1,-1,-1,6,3,-1,-1,-1,-1,-1,-1,-1,-1
2018010115721,1,1,0,5,0,6,0,0,0,0,3,1,6,1,40,7,-1,-1,-1,4,1,4
2018010115721,2,9,0,5,0,6,0,0,0,0,4,1,6,3,-1,-1,-1,-1,-1,-1,-1,-1
2018010115722,1,9,0,9,0,1,0,0,7,0,4,1,2,2,41,7,1198,1,5,4,1,4
2018010115723,1,9,-1,-1,-1,0,-1,-1,-1,-1,-1,-1,6,2,44,7,1598,1,12,-1,-1,-1
2018010115723,2,9,-1,-1,-1,0,-1,-1,-1,-1,-1,-1,6,3,-1,-1,1598,1,16,-1,-1,-1
2018010115736,1,11,0,18,0,8,0,0,0,0,0,1,1,1,48,8,9000,2,9,10,1,10
2018010115738,1,21,0,5,0,1,0,0,0,0,4,1,1,1,48,8,3920,2,10,2,1,2
2018010115738,2,5,0,5,0,1,0,0,0,0,3,1,2,2,30,6,-1,-1,-1,7,1,7
2018010115738,3,9,0,5,0,1,0,0,0,0,0,1,1,1,47,8,-1,-1,-1,3,3,3
2018010115743,1,3,-1,-1,0,0,2,-1,-1,-1,-1,1,6,3,-1,-1,-1,-1,-1,-1,-1,-1
2018010115744,1,9,0,9,0,0,0,0,0,0,1,1,6,2,28,6,1796,1,11,5,1,5
2018010115744,2,1,0,18,0,0,0,0,0,0,1,1,2,1,42,7,-1,-1,-1,10,1,10
2018010115748,1,1,0,18,4,0,0,0,0,0,1,1,2,1,46,8,-1,-1,-1,10,1,10
2018010115748,2,4,0,11,4,0,0,0,0,0,1,1,1,1,-1,-1,-1,-1,-1,-1,-1,-1
2018010115755,1,11,0,5,2,1,0,0,0,0,1,1,1,1,52,8,5132,2,1,1,1,1
2018010115755,2,9,0,7,2,5,0,0,0,0,4,1,6,1,18,4,1390,1,13,-1,-1,-1
2018010115756,1,8,0,-1,-1,0,-1,-1,-1,-1,1,-1,6,1,45,7,1798,8,6,3,1,3
2018010115756,2,9,0,-1,-1,0,-1,-1,-1,-1,2,-1,6,3,23,5,1598,2,1,5,1,5
2018010115760,1,9,0,17,0,8,0,7,0,0,3,1,6,1,29,6,1497,8,10,-1,-1,-1
2018010115760,2,9,0,17,0,6,0,0,0,0,0,1,1,1,34,6,2993,2,3,-1,-1,-1
2018010115760,3,9,0,16,0,7,0,0,1,0,1,1,1,1,30,6,2993,2,3,-1,-1,-1
2018010115762,1,1,0,18,4,0,0,0,0,0,4,1,2,2,33,6,-1,-1,-1,4,1,4
2018010115762,2,9,0,11,0,0,0,0,0,0,3,1,6,1,38,7,-1,-1,-1,-1,-1,-1
2018010115762,3,19,0,18,0,0,0,0,0,0,1,1,6,3,-1,-1,-1,-1,-1,-1,-1,-1
2018010115771,1,3,0,18,0,8,0,0,0,0,1,1,1,1,31,6,125,1,2,3,1,3
2018010115771,2,9,0,9,0,1,0,0,0,0,1,1,1,1,60,9,-1,-1,-1,3,1,3
2018010115773,1,9,0,-1,0,-1,-1,-1,0,0,-1,-1,6,2,21,5,1596,1,2,-1,-1,-1
2018010115773,2,9,0,-1,0,-1,0,-1,0,0,-1,-1,6,2,46,8,1598,1,1,2,1,2
2018010115775,1,9,0,5,0,0,0,0,0,0,4,1,6,1,35,6,2143,2,9,4,1,4
2018010115775,2,4,0,18,0,0,0,0,0,0,4,1,6,1,25,5,250,1,8,-1,-1,-1
2018010115776,1,9,0,5,0,5,0,0,0,0,4,1,6,1,48,8,1997,2,10,2,1,2
2018010115776,2,5,0,18,0,1,0,0,0,0,1,1,6,1,44,7,599,1,9,1,1,1
2018010115779,1,9,0,18,0,8,0,0,0,0,3,1,6,1,51,8,1998,8,3,10,1,10
2018010115779,2,9,0,5,0,8,0,0,1,10,1,1,1,2,44,7,1796,1,15,2,1,2
2018010115781,1,11,-1,5,-1,-1,-1,-1,-1,-1,-1,1,1,3,-1,-1,6700,2,8,-1,-1,-1
2018010115783,1,4,0,5,0,0,0,0,0,0,3,1,6,1,66,10,350,1,66,6,1,6
2018010115783,2,8,0,6,0,0,0,0,0,0,3,1,1,1,50,8,1798,8,2,3,1,3
2018010115784,1,5,0,-1,-1,0,-1,-1,-1,-1,-1,1,6,1,26,6,847,1,-1,10,1,10
2018010115784,2,8,0,-1,-1,0,-1,-1,-1,-1,-1,-1,6,3,-1,-1,2987,2,6,4,1,4
2018010115785,1,8,0,-1,-1,-1,-1,-1,-1,-1,2,-1,6,1,42,7,1798,8,3,6,1,6
2018010115785,2,9,-1,-1,-1,-1,-1,-1,-1,-1,-1,-1,6,3,-1,-1,1360,1,16,-1,-1,-1
2018010115786,1,9,0,7,0,1,0,0,0,0,4,1,2,1,53,8,1998,1,14,4,1,4
2018010115786,2,1,0,18,0,1,0,0,0,0,1,1,2,1,33,6,-1,-1,-1,4,1,4
2018010115789,1,1,-1,-1,-1,0,-1,-1,-1,-1,-1,1,6,1,38,7,-1,-1,-1,10,1,10
2018010115789,2,8,0,-1,-1,0,-1,-1,-1,-1,1,-1,6,1,38,7,2148,2,7,1,1,1
2018010115792,1,9,-1,3,0,0,-1,0,0,0,2,-1,6,1,29,6,1598,1,14,3,1,3
2018010115792,2,9,-1,18,0,0,-1,0,0,0,1,-1,6,2,20,4,1598,1,8,2,1,2
2018010115798,1,9,0,-1,0,0,0,0,0,0,1,-1,6,2,47,8,1498,1,1,7,1,7
2018010115799,1,3,0,-1,-1,0,-1,-1,-1,-1,-1,1,6,1,34,6,-1,-1,-1,4,1,4
2018010115799,2,9,0,-1,-1,0,-1,-1,-1,-1,1,-1,6,3,28,6,-1,-1,-1,-1,-1,-1
2018010115804,1,11,0,3,2,0,0,0,0,0,0,1,1,2,39,7,5132,2,1,3,1,3
2018010115808,1,9,0,18,0,1,0,0,0,0,1,1,6,1,22,5,1461,2,2,4,1,4
2018010115808,2,19,0,10,0,8,0,0,0,0,2,1,1,1,54,8,2998,2,3,7,3,7
2018010115810,1,3,0,14,0,1,0,0,0,0,1,1,6,3,-1,-1,-1,-1,-1,-1,-1,-1
2018010115812,1,19,0,5,9,0,0,0,3,0,1,1,1,1,26,6,2198,2,2,4,1,4
2018010115815,1,3,0,18,0,0,0,0,0,0,1,1,2,1,33,6,85,1,19,6,1,6
2018010115816,1,9,0,9,0,1,0,0,0,0,1,1,6,2,32,6,1595,1,-1,4,1,4
2018010115817,1,1,-1,-1,-1,-1,-1,-1,-1,-1,-1,1,6,1,29,6,-1,-1,-1,2,1,2
2018010115817,2,8,-1,-1,-1,-1,-1,-1,-1,-1,-1,-1,6,1,-1,-1,2143,2,3,-1,-1,-1
2018010115820,1,3,0,13,0,2,1,0,0,0,1,1,6,1,29,6,124,1,5,2,1,2
2018010115822,1,3,0,5,0,2,0,0,0,0,3,1,6,1,32,6,124,1,12,2,1,2
2018010115828,1,9,0,5,0,1,0,0,0,0,1,1,6,1,44,7,1598,1,6,3,1,3
2018010115828,2,3,0,7,0,2,0,10,0,0,2,1,6,1,59,9,125,1,2,3,1,3
2018010115829,1,9,0,-1,-1,-1,-1,-1,-1,-1,2,-1,2,2,29,6,1797,8,7,4,1,4
2018010115829,2,9,0,-1,-1,-1,-1,-1,-1,-1,-1,-1,6,3,-1,-1,1398,1,3,-1,-1,-1
2018010115830,1,9,0,9,0,6,0,0,0,0,1,1,6,1,31,6,1997,2,6,3,1,3
2018010115830,2,3,0,18,0,1,0,0,0,0,1,1,6,1,18,4,108,1,9,1,1,1
2018010115831,1,9,-1,1,-1,0,-1,-1,-1,-1,-1,-1,6,2,35,6,1997,2,8,3,1,3
2018010115832,1,9,0,-1,-1,0,-1,-1,-1,-1,-1,-1,6,2,24,5,1198,1,6,1,1,1
2018010115833,1,9,-1,-1,0,-1,-1,-1,-1,-1,1,-1,6,3,-1,-1,-1,-1,-1,-1,-1,-1
2018010115836,1,9,0,9,0,6,0,0,0,0,1,1,6,1,30,6,-1,-1,-1,-1,-1,-1
2018010115837,1,9,0,9,0,6,0,0,0,0,1,1,2,1,55,8,1598,2,1,3,1,3
2018010115837,2,9,0,14,0,1,0,0,0,0,1,1,6,1,27,6,4293,1,12,1,1,1
2018010115839,1,9,0,9,0,5,0,0,0,0,1,1,6,1,18,4,1390,1,11,6,1,6
2018010115839,2,4,0,18,0,8,0,0,0,0,1,1,6,1,22,5,124,1,3,5,1,5
2018010115843,1,9,0,8,0,6,0,0,0,0,1,1,6,1,69,10,2987,2,3,4,1,4
2018010115843,2,1,0,18,0,6,0,0,0,0,1,1,6,1,37,7,-1,-1,-1,5,1,5
2018010115844,1,9,0,18,0,2,0,0,0,0,4,1,2,1,47,8,2494,1,16,8,1,8
2018010115844,2,3,0,15,0,2,0,0,0,0,3,1,2,1,20,4,124,1,5,5,1,5
2018010115845,1,19,0,16,0,2,0,0,0,0,4,1,2,1,48,8,2299,2,4,6,1,6
2018010115849,1,9,0,15,0,0,0,0,0,0,0,1,1,1,58,9,-1,-1,-1,-1,-1,-1
2018010115849,2,9,0,15,0,0,0,0,0,0,0,1,1,1,30,6,1499,1,1,-1,-1,-1
2018010115849,3,9,0,18,0,0,0,0,0,0,0,1,6,1,66,10,1896,2,9,9,1,9
2018010115849,4,5,0,18,0,0,1,0,0,0,0,1,6,1,63,9,790,1,16,8,1,8
2018010115853,1,90,0,4,0,1,0,0,0,0,1,1,1,1,40,7,10837,2,4,1,1,1
2018010115854,1,9,0,10,0,1,0,0,0,0,1,1,6,2,26,6,1598,1,7,8,1,8
2018010115854,2,9,0,18,0,1,0,0,0,0,2,1,6,2,22,5,1968,2,2,2,1,2
2018010115855,1,9,0,4,0,1,0,0,0,0,2,1,6,2,51,8,1997,2,2,5,1,5
2018010115855,2,19,0,18,0,1,0,0,0,0,1,1,6,1,50,8,1686,2,13,10,1,10
2018010115856,1,11,0,5,0,0,0,0,0,0,0,1,1,1,28,6,9000,2,8,2,1,2
2018010115857,1,3,0,18,0,1,0,0,0,0,1,1,6,2,30,6,125,1,4,10,1,10
2018010115857,2,9,0,9,0,6,0,0,0,0,1,1,6,1,49,8,1968,2,9,6,1,6
2018010115858,1,9,0,7,0,5,0,0,0,0,1,1,2,1,25,5,1995,1,15,7,1,7
2018010115858,2,1,0,18,0,1,0,0,0,0,1,1,6,1,52,8,-1,-1,-1,10,1,10
2018010115864,1,9,0,-1,-1,-1,-1,-1,-1,-1,-1,-1,6,2,34,6,1461,2,5,3,1,3
2018010115864,2,90,0,-1,-1,-1,-1,-1,-1,-1,2,-1,6,3,-1,-1,-1,-1,-1,9,1,9
2018010115865,1,9,0,3,0,1,0,0,0,0,1,1,6,1,37,7,1595,1,11,2,1,2
2018010115865,2,1,0,9,0,6,0,0,0,0,3,1,6,1,38,7,-1,-1,-1,2,1,2
2018010115866,1,9,0,18,0,0,0,0,0,0,1,1,2,2,22,5,1598,1,12,7,1,7
2018010115866,2,19,0,18,0,0,0,0,0,0,2,1,2,1,39,7,1968,2,5,10,2,10
2018010115866,3,9,0,18,0,0,0,0,0,0,2,1,6,1,53,8,1968,2,2,3,1,3
2018010115868,1,9,0,9,0,8,0,0,1,1,1,1,6,2,30,6,1590,1,15,2,1,2
2018010115873,1,2,0,3,0,2,0,0,0,0,2,1,1,1,27,6,108,1,7,4,1,4
2018010115873,2,9,0,3,0,2,0,0,0,0,1,1,6,1,41,7,3370,1,19,5,1,5
2018010115877,1,9,0,-1,-1,-1,-1,-1,-1,-1,2,-1,2,1,33,6,1598,1,3,3,1,3
2018010115877,2,9,0,-1,-1,-1,-1,-1,-1,-1,1,-1,6,3,-1,-1,1360,1,14,-1,-1,-1
2018010115878,1,8,0,4,0,1,0,0,0,0,2,1,1,1,46,8,2494,8,4,9,2,9
2018010115878,2,8,0,18,0,1,0,0,0,0,1,1,1,1,44,7,1798,8,4,1,1,1
2018010115880,1,19,0,4,0,1,0,0,0,0,4,1,1,1,32,6,2198,2,2,-1,-1,-1
2018010115880,2,1,0,18,0,1,0,10,0,0,3,1,2,1,31,6,-1,-1,-1,5,1,5
2018010115882,1,9,0,5,0,1,5,0,0,0,4,1,6,2,45,7,1388,1,8,8,1,8
2018010115882,2,9,0,18,0,1,0,0,0,0,1,1,2,2,24,5,1198,1,2,4,1,4
2018010115883,1,8,0,4,0,2,1,0,0,0,1,1,6,1,29,6,1997,2,2,7,1,7
2018010115884,1,9,0,18,0,0,0,0,0,0,1,1,6,1,24,5,2148,2,14,2,1,2
2018010115885,1,9,0,18,0,0,0,0,0,0,1,1,2,1,66,10,1991,1,-1,3,3,3
2018010115885,2,9,0,18,0,0,0,0,0,0,1,1,6,2,60,9,3628,2,9,9,1,9
2018010115887,1,9,0,17,0,1,0,10,0,0,1,1,6,1,29,6,4244,1,9,9,1,9
2018010115888,1,9,0,18,0,1,0,4,0,0,1,1,6,2,35,6,1339,1,11,10,1,10
2018010115888,2,9,0,2,0,1,0,0,0,0,2,1,6,3,-1,-1,1590,1,16,-1,-1,-1
2018010115889,1,9,0,18,0,0,0,0,0,0,4,1,6,1,22,5,1968,2,10,-1,-1,-1
2018010115889,2,3,0,18,0,0,0,0,0,0,3,1,6,1,22,5,124,1,14,-1,-1,-1
2018010115890,1,9,0,18,0,1,0,4,0,0,1,1,6,1,76,11,1598,2,2,5,1,5
2018010115890,2,9,0,2,9,1,0,4,0,0,2,1,6,3,-1,-1,1242,1,5,-1,-1,-1
2018010115890,3,19,0,2,9,1,0,0,0,0,1,1,6,3,-1,-1,1995,2,10,-1,-1,-1
2018010115892,1,5,0,13,0,0,0,0,0,0,4,1,2,1,28,6,645,1,2,6,1,6
2018010115892,2,9,0,12,0,0,0,0,0,0,3,1,6,1,28,6,1796,1,11,3,1,3
2018010115893,1,9,0,18,0,8,0,0,0,0,1,1,1,2,30,6,999,1,1,5,1,5
2018010115893,2,9,0,18,0,8,0,0,0,0,2,1,2,2,24,5,1395,1,-1,9,1,9
2018010115894,1,9,0,18,0,0,0,0,0,0,3,1,6,1,74,10,848,1,21,3,1,3
2018010115896,1,9,0,4,0,5,0,0,0,0,2,1,2,2,42,7,1364,1,1,5,1,5
2018010115896,2,9,0,7,0,5,0,0,0,0,1,1,3,2,31,6,1781,1,15,3,1,3
2018010115897,1,9,0,18,0,1,0,0,0,0,4,1,6,1,55,8,1422,2,13,9,1,9
2018010115899,1,9,0,1,0,0,0,0,0,0,2,1,6,1,63,9,1598,2,1,4,1,4
2018010115899,2,9,0,1,0,0,0,0,0,0,2,1,1,1,49,8,1798,1,1,5,1,5
2018010115902,1,9,0,7,0,8,0,0,0,0,3,1,6,3,-1,-1,-1,-1,-1,-1,-1,-1
2018010115902,2,1,0,18,0,2,0,0,0,0,1,1,2,2,50,8,-1,-1,-1,2,1,2
2018010115908,1,9,0,-1,-1,-1,-1,-1,-1,-1,2,-1,6,2,34,6,1497,8,5,2,1,2
2018010115908,2,9,0,-1,-1,-1,-1,-1,-1,-1,1,-1,6,3,-1,-1,2499,2,17,-1,-1,-1
2018010115909,1,11,0,-1,-1,-1,-1,-1,-1,-1,0,-1,6,1,31,6,4500,2,3,2,-1,2
2018010115913,1,9,0,-1,-1,-1,-1,-1,-1,-1,2,-1,6,1,52,8,1956,2,5,6,3,6
2018010115913,2,19,0,-1,-1,-1,-1,-1,-1,-1,1,-1,6,3,-1,-1,1248,2,3,-1,-1,-1
2018010115914,1,3,0,3,0,6,0,0,0,0,0,1,2,1,29,6,125,1,2,2,1,2
2018010115914,2,8,0,5,0,1,0,0,0,0,0,1,6,1,42,7,1798,8,6,6,1,6
2018010115915,1,9,0,-1,-1,-1,-1,-1,-1,-1,3,-1,2,2,38,7,1339,1,6,3,1,3
2018010115915,2,19,0,-1,-1,-1,-1,-1,-1,-1,1,-1,6,3,-1,-1,1870,2,12,3,1,3
2018010115916,1,11,0,-1,-1,0,-1,-1,-1,-1,2,-1,6,3,-1,-1,-1,-1,-1,-1,-1,-1
2018010115917,1,9,0,5,0,6,0,0,0,0,1,2,6,2,80,11,1794,1,9,6,1,6
2018010115917,2,1,0,18,0,2,0,0,0,0,4,1,2,2,35,6,-1,-1,-1,4,1,4
2018010115919,1,9,0,-1,-1,-1,0,-1,-1,0,-1,-1,6,3,-1,-1,2993,2,1,-1,-1,-1
2018010115922,1,3,0,18,0,1,0,0,0,0,1,1,6,1,18,4,-1,-1,-1,2,1,2
2018010115922,2,9,0,10,0,2,0,0,0,0,1,1,6,2,29,6,1596,1,7,6,1,6
2018010115925,1,8,0,9,0,5,0,0,0,0,3,1,1,1,42,7,1968,2,1,4,1,4
2018010115925,2,9,0,13,0,8,0,10,0,0,1,1,6,1,31,6,1598,1,16,-1,-1,-1
2018010115926,1,9,-1,-1,0,0,0,0,0,0,1,-1,6,1,-1,-1,-1,-1,-1,-1,-1,-1
2018010115928,1,90,0,18,0,1,0,0,0,0,1,1,6,1,38,7,1745,1,-1,10,1,10
2018010115930,1,9,0,1,0,1,0,0,0,0,2,1,2,1,20,4,1796,2,4,2,1,2
2018010115931,1,4,0,18,0,3,0,0,0,0,3,1,6,1,22,5,125,1,2,3,1,3
2018010115931,2,9,0,9,0,5,0,0,0,0,1,1,6,1,27,6,1995,2,7,2,1,2
2018010115932,1,4,0,18,0,1,0,0,0,0,1,1,2,1,53,8,893,1,22,10,1,10
2018010115932,2,9,0,9,0,1,0,0,0,0,1,1,6,1,31,6,1598,2,7,4,1,4
2018010115933,1,9,0,9,0,8,0,0,0,0,4,1,1,1,51,8,1798,8,1,8,1,8
2018010115933,2,3,0,14,0,8,0,0,0,0,1,1,1,1,19,4,108,1,5,-1,-1,-1
2018010115934,1,9,0,12,0,0,0,7,0,0,1,1,6,1,72,10,2494,1,18,-1,-1,-1
2018010115937,1,9,0,14,0,0,0,0,0,0,1,1,6,1,25,5,2401,2,14,2,1,2
2018010115937,2,11,0,4,0,0,0,0,0,0,2,1,6,1,25,5,6700,2,7,4,1,4
2018010115940,1,9,0,3,0,0,0,0,0,0,2,1,6,1,25,5,1596,1,3,1,1,1
2018010115940,2,9,0,13,0,0,0,0,0,0,1,1,6,1,19,4,1242,1,13,3,1,3
2018010115941,1,4,0,18,0,0,2,0,0,0,1,1,6,1,18,4,395,1,4,-1,-1,-1
2018010115941,2,9,0,18,0,0,0,4,7,10,1,1,6,3,-1,-1,-1,-1,-1,-1,-1,-1
2018010115941,3,9,0,2,0,0,0,0,0,0,3,1,6,3,-1,-1,1242,1,8,-1,-1,-1
2018010115941,4,9,0,2,0,0,0,0,0,0,3,1,6,3,-1,-1,-1,-1,-1,-1,-1,-1
2018010115941,5,9,0,2,0,0,0,0,0,0,4,1,6,3,-1,-1,1600,2,6,-1,-1,-1
2018010115941,6,9,0,2,0,0,0,0,1,0,3,1,6,3,-1,-1,1390,1,6,-1,-1,-1
2018010115941,7,9,0,2,0,0,0,0,0,0,4,1,6,3,-1,-1,998,1,8,-1,-1,-1
2018010115942,1,11,0,5,0,1,0,0,0,0,0,1,1,1,38,7,4500,2,6,6,1,6
2018010115946,1,9,0,18,0,0,0,0,0,0,1,1,6,1,77,11,2435,1,16,7,1,7
2018010115946,2,9,0,18,0,0,0,0,0,0,1,1,6,2,39,7,2494,8,1,4,1,4
2018010115946,3,9,0,18,0,0,0,0,0,0,2,1,6,1,71,10,2204,2,13,9,1,9
2018010115947,1,9,0,18,0,0,0,0,0,0,1,1,1,1,42,7,1686,2,13,3,1,3
2018010115947,2,1,0,3,0,0,0,0,0,0,2,1,1,2,42,7,-1,-1,-1,1,1,1
2018010115953,1,9,0,18,0,4,0,0,0,0,4,1,2,1,34,6,1984,2,7,-1,-1,-1
2018010115954,1,3,0,18,0,1,2,0,0,0,3,1,6,1,20,4,124,1,4,4,1,4
2018010115954,2,19,0,9,0,1,0,0,0,0,0,1,6,1,33,6,1461,2,5,8,1,8
2018010115957,1,9,0,5,0,1,0,0,0,0,1,1,2,1,59,9,1997,1,2,10,1,10
2018010115957,2,1,0,5,0,1,0,0,0,0,1,1,2,1,33,6,-1,-1,-1,3,1,3
2018010115958,1,11,0,18,0,2,0,0,0,0,1,1,1,1,38,7,6700,2,9,3,1,3
2018010115959,1,9,0,18,0,2,0,0,0,0,1,1,6,3,-1,-1,-1,-1,-1,-1,-1,-1
2018010115961,1,9,0,18,0,0,0,0,0,0,1,1,2,1,50,8,2143,2,4,9,1,9
2018010115961,2,1,0,18,0,0,0,0,0,0,3,1,1,1,13,3,-1,-1,-1,3,1,3
2018010115962,1,9,0,9,0,1,0,0,0,0,3,1,1,1,43,7,1991,2,11,6,1,6
2018010115962,2,5,0,18,0,1,2,0,0,0,1,1,1,1,34,6,649,1,5,9,1,9
2018010115965,1,19,0,7,0,1,0,0,0,0,1,1,1,1,50,8,1995,2,1,7,1,7
2018010115965,2,1,0,18,0,1,0,0,0,0,3,1,6,1,40,7,-1,-1,-1,5,1,5
2018010115968,1,9,0,3,0,1,0,0,-1,0,2,-1,6,1,45,7,1560,2,1,5,1,5
2018010115968,2,3,-1,3,-1,-1,-1,-1,-1,-1,-1,1,6,1,-1,-1,-1,-1,-1,-1,-1,-1
2018010115980,1,9,0,18,0,1,0,0,0,0,1,1,3,2,43,7,-1,-1,-1,7,1,7
2018010115980,2,9,0,18,0,1,0,0,0,0,4,1,2,2,26,6,1595,1,15,6,1,6
2018010115982,1,1,-1,-1,-1,-1,-1,-1,-1,-1,-1,1,2,2,24,5,-1,-1,-1,2,1,2
2018010115982,2,8,0,-1,-1,-1,-1,-1,-1,-1,2,-1,6,3,-1,-1,-1,-1,-1,6,1,6
2018010115984,1,9,0,7,0,8,0,0,0,0,4,1,6,1,46,8,1995,2,5,4,1,4
2018010115984,2,1,0,18,0,8,0,0,0,0,1,1,2,1,35,6,-1,-1,-1,3,1,3
2018010115986,1,1,-1,-1,-1,0,-1,-1,-1,-1,-1,1,2,1,45,7,-1,-1,-1,2,1,2
2018010115986,2,9,0,-1,-1,0,-1,-1,-1,-1,-1,-1,6,3,-1,-1,-1,-1,-1,-1,-1,-1
2018010115988,1,1,0,18,2,1,0,0,0,0,1,1,2,1,35,6,-1,-1,-1,2,1,2
2018010115988,2,19,0,9,0,1,0,0,0,0,4,2,6,1,28,6,-1,-1,-1,5,1,5
2018010115990,1,9,0,4,0,0,0,0,0,0,2,1,1,1,45,7,2497,2,-1,3,1,3
2018010115990,2,9,0,4,0,0,0,0,0,0,2,1,6,1,52,8,1968,2,8,2,1,2
2018010115990,3,9,0,4,0,0,0,0,0,0,1,1,6,1,72,10,1796,1,13,4,1,4
2018010115991,1,9,-1,-1,-1,-1,-1,-1,-1,-1,-1,-1,6,1,41,7,1339,8,7,4,1,4
2018010115991,2,9,-1,-1,-1,-1,-1,-1,-1,-1,-1,-1,6,3,-1,-1,1497,8,11,-1,-1,-1
2018010115996,1,9,0,18,0,0,0,0,0,0,1,1,3,2,36,7,1591,1,5,8,1,8
2018010115996,2,3,0,5,0,0,5,0,0,0,4,1,2,1,29,6,125,1,11,2,1,2
2018010115999,1,1,-1,-1,-1,-1,-1,-1,-1,-1,-1,1,2,1,42,7,-1,-1,-1,7,1,7
2018010115999,2,9,0,-1,-1,-1,-1,-1,-1,-1,-1,-1,6,3,-1,-1,-1,-1,-1,3,1,3
2018010116000,1,9,0,9,0,5,0,0,0,0,1,1,1,2,37,7,1229,1,11,1,1,1
2018010116000,2,1,0,18,0,1,0,0,0,0,1,1,6,1,62,9,-1,-1,-1,5,1,5
2018010116001,1,9,0,4,0,2,0,0,0,0,4,1,6,2,34,6,4806,1,7,6,1,6
2018010116001,2,1,0,16,0,1,0,4,0,0,1,1,1,1,25,5,-1,-1,-1,8,1,8
2018010116006,1,1,0,18,0,4,0,0,0,0,-1,1,6,1,40,7,-1,-1,-1,9,1,9
2018010116006,2,9,0,18,0,1,0,0,0,0,-1,1,6,2,34,6,-1,-1,-1,7,1,7
2018010116008,1,9,-1,18,-1,-1,-1,-1,-1,-1,1,-1,6,1,-1,-1,-1,-1,-1,-1,-1,-1
2018010116009,1,9,0,9,0,6,0,0,0,0,0,1,6,1,53,8,1339,8,6,3,1,3
2018010116011,1,9,0,10,-1,-1,-1,-1,-1,-1,1,-1,6,1,27,6,1598,1,8,4,1,4
2018010116011,2,9,0,-1,-1,-1,-1,-1,-1,-1,2,-1,6,1,-1,-1,1984,1,9,-1,-1,-1
2018010116012,1,9,0,10,0,8,0,0,0,0,1,1,6,1,36,7,1461,2,8,7,1,7
2018010116012,2,9,0,18,0,8,0,0,0,0,1,1,2,1,30,6,-1,-1,-1,7,1,7
2018010116013,1,9,0,-1,-1,-1,-1,-1,-1,-1,2,-1,6,2,36,7,1582,2,5,2,1,2
2018010116013,2,9,0,-1,-1,-1,-1,-1,-1,-1,1,-1,6,3,-1,-1,-1,-1,-1,-1,-1,-1
2018010116014,1,9,0,3,0,8,0,0,0,0,1,1,6,1,51,8,1973,1,17,4,1,4
2018010116015,1,11,0,5,0,8,0,0,0,0,2,1,1,2,37,7,4500,2,3,3,1,3
2018010116015,2,9,0,14,0,8,0,0,0,0,1,1,6,2,46,8,1364,1,1,-1,-1,-1
2018010116016,1,19,0,3,0,1,0,0,0,0,2,1,1,1,58,9,2198,2,8,1,1,1
2018010116016,2,9,0,5,0,1,0,0,0,0,1,1,6,1,34,6,1999,1,9,3,1,3