Accident_Index,Vehicle_Reference,Vehicle_Type,Towing_and_Articulation,Vehicle_Manoeuvre,Vehicle_Location-Restricted_Lane,Junction_Location,Skidding_and_Overturning,Hit_Object_in_Carriageway,Vehicle_Leaving_Carriageway,Hit_Object_off_Carriageway,1st_Point_of_Impact,Was_Vehicle_Left_Hand_Drive?,Journey_Purpose_of_Driver,Sex_of_Driver,Age_of_Driver,Age_Band_of_Driver,Engine_Capacity_(CC),Propulsion_Code,Age_of_Vehicle,Driver_IMD_Decile,Driver_Home_Area_Type,Vehicle_IMD_Decile
2018010116022,1,8,0,18,0,0,0,0,0,0,1,1,1,1,52,8,1991,2,10,2,1,2
2018010116023,1,9,0,18,0,2,0,0,0,0,1,1,6,2,34,6,1896,2,12,4,1,4
2018010116023,2,9,0,18,0,8,0,0,0,0,1,1,6,2,53,8,1390,1,6,8,1,8
2018010116024,1,11,0,4,2,1,0,0,0,0,0,1,1,1,24,5,5132,2,2,3,1,3
2018010116026,1,9,0,8,0,7,0,0,0,0,2,1,6,2,32,6,-1,-1,-1,-1,-1,-1
2018010116026,2,9,0,5,0,1,0,0,0,0,1,1,6,2,65,9,-1,-1,-1,8,1,8
2018010116027,1,9,0,10,0,6,0,0,0,0,4,1,1,1,50,8,1497,8,-1,3,1,3
2018010116027,2,1,0,18,4,1,0,0,0,0,1,1,6,2,28,6,-1,-1,-1,6,1,6
2018010116028,1,9,0,-1,-1,2,-1,-1,-1,-1,1,-1,6,2,40,7,999,1,3,2,1,2
2018010116028,2,9,-1,-1,-1,2,-1,-1,-1,-1,-1,-1,6,3,-1,-1,1995,2,5,-1,-1,-1
2018010116029,1,9,0,1,0,1,0,0,0,0,2,1,6,2,51,8,1596,1,13,8,1,8
2018010116030,1,9,0,1,9,0,0,0,0,0,2,1,6,3,-1,-1,5461,1,10,-1,-1,-1
2018010116032,1,9,0,9,0,5,0,0,0,0,1,1,6,1,29,6,2184,2,18,6,1,6
2018010116032,2,9,0,18,0,8,0,0,0,0,1,1,6,1,30,6,-1,-1,-1,9,1,9
2018010116032,3,9,0,18,0,8,0,0,0,0,1,1,6,1,46,8,2987,2,8,-1,-1,-1
2018010116036,1,9,0,3,0,1,0,0,0,0,2,1,2,1,38,7,1498,1,12,5,1,5
2018010116036,2,9,0,18,0,1,0,0,0,0,1,1,6,3,-1,-1,1560,2,10,-1,-1,-1
2018010116042,1,4,0,18,0,0,0,0,0,0,3,1,6,1,34,6,750,1,18,2,1,2
2018010116042,2,9,0,18,0,0,0,0,0,0,4,1,6,2,32,6,2143,2,3,2,1,2
2018010116043,1,19,0,7,0,1,0,0,0,0,4,1,2,1,40,7,2198,2,2,7,1,7
2018010116043,2,3,0,18,0,1,0,0,0,0,3,1,6,1,24,5,124,1,22,2,1,2
2018010116045,1,11,0,5,2,0,0,0,0,0,0,1,1,1,61,9,4760,2,6,3,1,3
2018010116046,1,2,0,9,0,3,0,0,0,0,3,1,1,1,18,4,49,1,10,2,1,2
2018010116046,2,9,0,18,0,4,0,0,0,0,1,1,6,2,26,6,1598,2,1,3,1,3
2018010116049,1,5,0,14,0,1,0,0,0,0,2,1,6,1,52,8,-1,-1,-1,6,1,6
2018010116049,2,20,0,10,0,2,0,0,0,0,1,1,1,1,51,8,-1,-1,-1,7,1,7
2018010116050,1,9,0,9,4,8,0,0,0,0,1,2,2,1,45,7,1497,8,9,4,1,4
2018010116050,2,1,0,18,4,8,0,0,0,0,1,1,6,2,28,6,-1,-1,-1,6,1,6
2018010116053,1,3,0,13,0,1,0,0,0,0,1,1,6,1,18,4,125,1,5,1,1,1
2018010116053,2,19,0,10,0,1,0,0,0,0,1,1,1,1,51,8,1598,2,2,5,1,5
2018010116057,1,8,0,9,0,1,0,0,0,0,3,1,6,1,53,8,2499,2,3,10,1,10
2018010116057,2,5,0,18,0,1,1,0,0,0,1,1,2,2,41,7,803,1,13,3,1,3
2018010116068,1,1,-1,-1,-1,-1,-1,-1,-1,-1,-1,1,2,1,32,6,-1,-1,-1,3,1,3
2018010116068,2,9,0,-1,-1,-1,-1,-1,-1,-1,-1,-1,6,3,-1,-1,-1,-1,-1,-1,-1,-1
2018010116074,1,5,0,18,2,1,0,0,0,0,1,1,2,1,35,6,900,1,2,7,1,7
2018010116079,1,9,5,-1,-1,-1,-1,-1,-1,-1,-1,-1,6,3,-1,-1,-1,-1,-1,-1,-1,-1
2018010116079,2,9,-1,-1,-1,-1,-1,-1,-1,0,-1,-1,6,3,-1,-1,1598,1,13,-1,-1,-1
2018010116089,1,9,0,3,0,0,0,0,0,0,2,1,6,2,46,8,1198,1,7,9,1,9
2018010116089,2,1,0,18,0,0,0,0,0,0,1,1,2,1,28,6,-1,-1,-1,7,-1,7
2018010116092,1,19,0,-1,-1,-1,-1,-1,-1,-1,2,-1,6,1,33,6,2299,2,7,9,2,9
2018010116092,2,19,0,-1,-1,-1,-1,-1,-1,-1,1,-1,6,3,-1,-1,-1,-1,-1,-1,-1,-1
2018010116094,1,11,0,18,0,8,0,0,0,0,3,1,1,1,37,7,4500,2,7,2,1,2
2018010116094,2,1,0,12,0,8,5,0,0,0,4,1,6,1,33,6,-1,-1,-1,4,1,4
2018010116095,1,9,0,4,0,0,0,0,0,0,1,1,6,1,38,7,1595,1,5,4,1,4
2018010116095,2,2,0,4,0,0,0,0,0,0,2,1,6,1,32,6,125,1,3,3,1,3
2018010116098,1,1,-1,-1,-1,0,-1,-1,-1,-1,-1,1,2,1,23,5,-1,-1,-1,1,1,1
2018010116098,2,9,0,-1,-1,0,-1,-1,-1,-1,1,-1,6,2,-1,-1,2143,2,-1,-1,-1,-1
2018010116101,1,9,-1,-1,-1,0,-1,-1,-1,-1,-1,-1,6,3,-1,-1,1197,1,4,-1,-1,-1
2018010116102,1,1,-1,-1,-1,-1,-1,-1,-1,-1,-1,1,2,1,33,6,-1,-1,-1,5,1,5
2018010116102,2,9,0,-1,-1,-1,-1,-1,-1,-1,1,-1,6,1,28,6,1339,8,4,1,1,1
2018010116110,1,9,0,-1,-1,-1,-1,-1,-1,-1,2,-1,6,2,33,6,1598,2,3,2,1,2
2018010116110,2,9,0,-1,-1,-1,-1,-1,-1,-1,1,-1,6,3,-1,-1,1598,1,13,2,1,2
2018010116113,1,9,0,-1,-1,0,-1,-1,-1,-1,-1,-1,6,3,65,9,2204,2,9,9,1,9
2018010116115,1,9,0,18,0,8,0,0,0,0,1,1,6,1,58,9,1275,1,18,9,1,9
2018010116115,2,9,0,18,0,8,0,0,0,0,4,1,6,2,40,7,1242,1,9,5,1,5
2018010116117,1,9,0,18,0,1,0,0,0,0,3,1,2,2,36,7,999,1,1,7,1,7
2018010116117,2,9,0,13,0,1,0,0,0,0,4,1,6,1,-1,-1,2993,2,4,2,1,2
2018010116122,1,3,0,18,2,0,0,0,0,0,1,1,6,1,37,7,123,1,2,6,1,6
2018010116122,2,1,0,6,0,0,0,0,0,0,0,1,6,1,17,4,-1,-1,-1,-1,-1,-1
2018010116125,1,1,-1,-1,-1,-1,-1,-1,-1,-1,1,1,2,1,23,5,-1,-1,-1,1,1,1
2018010116125,2,9,0,-1,-1,-1,-1,-1,-1,-1,4,-1,6,3,-1,-1,1598,1,6,-1,-1,-1
2018010116127,1,9,0,18,0,8,0,0,0,0,3,1,6,2,81,11,1597,2,3,-1,-1,-1
2018010116127,2,9,0,9,0,6,0,0,0,0,1,1,6,2,45,7,1560,2,10,1,1,1
2018010116129,1,9,0,9,6,1,0,4,0,0,1,1,6,1,43,7,1968,2,5,10,1,10
2018010116129,2,3,0,18,0,6,0,0,0,0,1,1,1,1,17,4,108,1,3,8,1,8
2018010116130,1,9,0,6,0,1,0,0,0,0,1,1,6,1,40,7,1995,2,11,5,1,5
2018010116130,2,3,0,18,0,1,0,0,0,0,1,1,6,1,69,10,125,1,4,7,3,7
2018010116132,1,3,0,18,0,0,5,0,0,0,4,1,1,1,32,6,125,1,5,3,1,3
2018010116132,2,9,0,5,0,0,0,0,0,0,4,1,6,2,38,7,1461,2,7,4,1,4
2018010116135,1,3,0,5,0,8,0,0,0,0,0,1,6,1,20,4,-1,-1,-1,2,1,2
2018010116135,2,3,0,4,0,8,0,0,0,0,0,1,6,1,39,7,-1,-1,-1,3,1,3
2018010116136,1,8,0,18,0,8,0,0,0,0,3,1,1,1,40,7,1797,8,8,3,1,3
2018010116136,2,9,0,9,0,6,0,0,0,0,1,1,6,1,58,9,1998,1,14,3,1,3
2018010116137,1,8,0,18,0,1,0,0,3,0,1,1,2,1,40,7,1798,8,1,2,1,2
2018010116137,2,4,0,9,0,6,0,0,0,0,1,1,2,1,40,7,108,1,10,4,1,4
2018010116143,1,11,0,5,0,1,0,0,0,0,0,1,1,1,41,7,4500,2,2,7,1,7
2018010116145,1,9,0,18,0,1,0,0,0,0,1,1,6,1,26,6,1461,2,5,3,1,3
2018010116147,1,9,0,18,0,1,0,0,0,0,3,1,6,2,29,6,1968,2,5,-1,-1,-1
2018010116148,1,9,0,4,0,0,0,0,0,0,2,1,6,2,34,6,1995,1,14,6,1,6
2018010116148,2,9,0,18,0,0,0,0,0,0,1,1,1,1,40,7,-1,-1,-1,9,1,9
2018010116149,1,9,0,18,0,1,0,0,0,0,1,1,6,1,28,6,1968,2,5,4,1,4
2018010116149,2,19,0,9,0,1,0,0,0,0,3,1,6,2,58,9,1461,2,6,6,1,6
2018010116150,1,9,0,18,0,0,0,0,0,0,1,1,6,2,33,6,1248,2,6,6,1,6
2018010116150,2,9,0,18,0,0,0,0,0,0,3,1,1,1,36,7,1560,2,9,8,1,8
2018010116153,1,9,3,10,0,2,0,0,0,0,1,2,6,1,32,6,1598,2,3,3,1,3
2018010116153,2,4,0,18,0,1,0,0,0,0,1,1,6,1,32,6,124,1,2,3,1,3
2018010116154,1,1,0,9,0,1,0,0,0,0,1,1,2,1,36,7,-1,-1,-1,6,1,6
2018010116154,2,9,0,9,0,6,0,0,0,0,3,1,6,2,32,6,1997,1,3,3,1,3
2018010116155,1,8,0,5,0,8,0,0,0,0,1,1,1,1,34,6,1795,8,6,-1,-1,-1
2018010116155,2,9,0,5,0,8,0,0,0,0,3,1,6,2,23,5,2143,2,3,6,1,6
2018010116160,1,9,0,9,0,2,0,0,0,0,0,1,1,1,35,6,1995,2,2,3,1,3
2018010116160,2,4,0,9,0,2,2,0,2,10,3,1,6,1,17,4,124,1,3,6,1,6
2018010116160,3,9,0,2,0,2,0,0,0,0,3,1,6,3,-1,-1,2204,2,12,-1,-1,-1
2018010116172,1,9,0,18,0,8,0,0,0,0,1,1,6,1,23,5,998,1,1,-1,-1,-1
2018010116173,1,8,0,-1,-1,0,-1,-1,-1,-1,4,-1,6,1,31,6,1797,8,5,-1,-1,-1
2018010116173,2,3,0,-1,-1,0,-1,-1,-1,-1,-1,1,6,3,-1,-1,-1,-1,-1,-1,-1,-1
2018010116174,1,9,0,18,0,0,0,4,0,0,1,1,6,2,94,11,1240,1,13,-1,-1,-1
2018010116174,2,9,0,2,0,0,0,0,1,0,2,1,6,3,-1,-1,1798,8,3,-1,-1,-1
2018010116175,1,1,-1,-1,-1,-1,-1,-1,-1,-1,-1,1,2,1,26,6,-1,-1,-1,2,1,2
2018010116175,2,19,0,-1,-1,-1,-1,-1,-1,-1,-1,-1,6,3,-1,-1,1598,2,2,-1,-1,-1
2018010116178,1,9,0,18,0,0,1,0,0,0,4,1,6,1,30,6,2143,2,2,5,1,5
2018010116181,1,9,0,18,0,1,0,0,0,0,2,1,6,2,48,8,1796,1,10,5,1,5
2018010116181,2,11,0,18,0,1,0,0,0,0,1,1,1,1,46,8,-1,2,51,6,1,6
2018010116181,3,11,0,5,0,1,0,0,0,0,0,1,6,3,-1,-1,-1,-1,-1,-1,-1,-1
2018010116183,1,9,0,13,0,1,0,0,0,0,4,1,1,1,35,6,1798,8,3,1,1,1
2018010116183,2,3,0,18,0,1,0,0,0,0,1,1,6,2,26,6,124,1,9,4,1,4
2018010116185,1,9,0,18,0,1,0,0,0,0,1,1,6,3,-1,-1,1797,8,8,-1,-1,-1
2018010116187,1,19,0,4,0,2,0,0,0,0,0,1,1,1,37,7,-1,-1,-1,8,1,8
2018010116189,1,9,0,18,0,1,0,0,0,0,1,1,6,1,26,6,1598,1,9,-1,-1,-1
2018010116189,2,9,0,18,6,1,0,0,1,0,1,1,6,2,42,7,1197,1,3,10,1,10
2018010116190,1,9,0,4,0,0,0,0,0,0,2,1,6,1,30,6,1395,1,-1,5,1,5
2018010116190,2,1,0,18,0,0,0,0,0,0,1,1,6,2,27,6,-1,-1,-1,3,1,3
2018010116191,1,3,0,9,9,0,0,4,7,0,1,1,6,1,18,4,108,1,1,4,1,4
2018010116191,2,9,0,2,9,0,0,0,0,0,1,2,6,3,-1,-1,-1,-1,-1,-1,-1,-1
2018010116191,3,9,0,4,0,0,0,0,0,0,0,1,1,1,42,7,1995,2,3,-1,-1,-1
2018010116192,1,9,0,9,0,1,0,0,0,0,1,1,6,1,77,11,1596,1,11,2,1,2
2018010116192,2,9,0,18,0,1,0,0,0,0,1,1,6,2,33,6,998,1,4,5,1,5
2018010116193,1,8,0,18,0,8,0,0,0,0,1,1,1,1,50,8,2143,2,4,6,1,6
2018010116193,2,3,0,9,0,6,0,0,0,0,4,1,6,1,19,4,125,1,1,1,1,1
2018010116196,1,9,0,18,0,0,0,4,0,0,1,1,6,1,18,4,1598,1,4,8,1,8
2018010116196,2,19,0,2,0,0,0,0,0,0,3,1,6,3,-1,-1,2494,2,11,-1,-1,-1
2018010116196,3,9,0,2,0,0,0,0,0,0,3,1,6,3,-1,-1,998,1,2,-1,-1,-1
2018010116196,4,9,0,2,0,0,0,0,0,0,4,1,6,3,-1,-1,1248,1,6,-1,-1,-1
2018010116196,5,9,0,2,0,0,0,0,0,0,3,1,6,3,-1,-1,1597,1,14,-1,-1,-1
2018010116196,6,9,0,2,0,0,0,0,0,0,2,1,6,3,-1,-1,998,1,6,-1,-1,-1
2018010116198,1,3,0,14,0,1,0,0,0,0,1,1,6,1,36,7,125,1,3,-1,-1,-1
2018010116200,1,9,0,10,0,1,0,0,0,0,1,1,2,1,50,8,1388,1,14,10,1,10
2018010116200,2,9,0,17,0,2,1,0,0,0,2,1,2,1,24,5,1596,1,14,2,1,2
2018010116201,1,9,0,18,0,1,1,4,0,0,1,1,6,1,-1,-1,1597,1,9,-1,-1,-1
2018010116201,2,19,0,2,0,2,0,0,1,0,3,1,6,3,-1,-1,1998,2,15,-1,-1,-1
2018010116205,1,8,0,18,0,0,0,0,0,0,4,1,1,1,67,10,2499,2,5,3,1,3
2018010116205,2,3,0,18,4,0,2,0,1,0,3,1,6,1,26,6,124,1,3,2,1,2
2018010116216,1,9,0,18,9,1,5,10,0,0,1,2,6,1,28,6,1595,1,1,7,1,7
2018010116219,1,9,0,-1,-1,0,-1,-1,-1,-1,1,-1,6,1,51,8,1797,8,6,5,1,5
2018010116221,1,1,-1,-1,-1,-1,-1,-1,-1,-1,1,1,2,1,29,6,-1,-1,-1,6,1,6
2018010116221,2,9,0,-1,-1,-1,-1,-1,-1,-1,-1,-1,6,3,-1,-1,1598,1,10,6,1,6
2018010116226,1,5,0,-1,-1,-1,-1,-1,-1,-1,-1,1,6,1,37,7,600,1,11,3,1,3
2018010116226,2,8,0,-1,-1,-1,-1,-1,-1,-1,-1,-1,6,3,55,8,2499,2,7,10,1,10
2018010116226,3,8,0,-1,-1,-1,-1,-1,-1,-1,-1,-1,6,3,-1,-1,1686,2,5,6,1,6
2018010116227,1,19,0,7,0,5,0,0,0,0,4,1,6,1,44,7,1598,2,4,6,1,6
2018010116227,2,1,0,18,0,2,0,0,0,0,3,1,6,1,49,8,-1,-1,-1,5,1,5
2018010116239,1,5,0,18,0,1,1,0,0,0,3,1,6,1,61,9,988,1,17,8,1,8
2018010116239,2,9,0,6,0,8,1,0,0,0,4,1,6,1,31,6,1997,2,2,2,1,2
2018010116240,1,9,0,5,0,6,0,0,0,0,4,1,6,1,38,7,1598,1,12,2,1,2
2018010116244,1,9,0,5,9,0,0,10,3,10,1,1,6,2,18,4,1598,1,11,3,1,3
2018010116247,1,9,0,18,0,2,0,0,0,0,4,1,6,1,49,8,1200,1,2,7,1,7
2018010116247,2,19,0,18,0,1,1,0,0,0,4,1,1,1,55,8,5193,2,4,4,1,4
2018010116255,1,1,0,14,0,0,0,0,0,0,1,1,6,1,18,4,-1,-1,-1,-1,-1,-1
2018010116257,1,9,0,10,0,5,0,0,0,0,3,2,6,2,39,7,1560,2,5,9,1,9
2018010116257,2,5,0,14,0,1,2,0,7,2,1,1,6,1,36,7,998,1,10,-1,-1,-1
2018010116258,1,9,0,3,0,1,0,0,0,0,1,1,6,1,36,7,2698,2,11,7,1,7
2018010116258,2,3,0,3,0,1,0,0,0,0,4,1,2,1,28,6,124,1,16,3,1,3
2018010116265,1,8,0,-1,-1,-1,-1,-1,-1,-1,0,-1,6,3,38,7,-1,-1,-1,2,1,2
2018010116265,2,1,-1,-1,-1,-1,-1,-1,-1,-1,1,1,6,1,-1,-1,-1,-1,-1,2,1,2
2018010116266,1,9,0,18,0,0,0,0,0,0,1,1,6,2,20,4,1398,1,2,6,3,6
2018010116268,1,9,0,-1,-1,-1,-1,-1,-1,-1,-1,-1,6,2,30,6,1791,8,7,2,1,2
2018010116268,2,9,0,-1,-1,-1,-1,-1,-1,-1,-1,-1,6,3,31,6,1797,8,6,2,1,2
2018010116269,1,11,0,18,0,1,0,0,0,0,0,1,1,1,41,7,4500,2,4,3,1,3
2018010116270,1,8,0,9,0,5,0,0,0,0,4,1,6,1,23,5,1968,2,6,5,1,5
2018010116270,2,3,0,18,2,1,5,0,0,0,1,1,6,1,20,4,49,1,5,4,1,4
2018010116283,1,8,0,4,0,2,0,0,0,0,2,1,6,1,39,7,-1,-1,-1,2,1,2
2018010116283,2,9,0,18,0,2,0,0,0,0,1,1,6,1,-1,-1,1368,1,11,2,-1,2
2018010116286,1,9,0,9,0,5,0,0,0,0,3,1,6,2,51,8,1461,2,11,2,1,2
2018010116286,2,4,0,13,0,8,0,0,0,0,1,1,6,1,18,4,125,1,2,3,1,3
2018010116291,1,9,0,-1,0,1,0,0,0,0,3,-1,2,1,37,7,1395,1,1,8,1,8
2018010116291,2,9,0,-1,0,1,-1,0,0,0,4,-1,6,3,-1,-1,1598,1,11,-1,-1,-1
2018010116292,1,9,0,3,0,0,0,0,0,0,2,1,6,1,52,8,1197,1,1,7,1,7
2018010116292,2,9,0,3,0,0,0,0,0,0,2,1,6,2,37,7,-1,-1,-1,7,1,7
2018010116292,3,8,0,18,0,0,0,0,0,0,1,1,1,1,29,6,1798,8,6,5,1,5
2018010116295,1,9,0,18,0,1,0,11,1,2,3,2,6,2,19,4,1229,1,11,8,1,8
2018010116295,2,5,0,18,0,1,0,11,1,2,4,1,1,1,29,6,-1,-1,-1,-1,-1,-1
2018010116297,1,4,0,16,0,1,0,0,0,0,0,1,6,1,33,6,279,1,2,4,1,4
2018010116298,1,9,0,6,9,0,0,0,1,10,1,2,6,1,21,5,1598,1,5,3,1,3
2018010116299,1,9,0,18,0,0,0,0,0,0,1,1,6,1,52,8,1995,1,10,7,1,7
2018010116299,2,9,0,5,0,0,1,0,0,0,1,1,6,2,34,6,1198,1,13,9,1,9
2018010116303,1,9,0,18,0,0,0,0,0,0,1,1,6,1,37,7,1896,2,9,7,1,7
2018010116303,2,9,0,3,0,0,0,0,0,0,2,1,2,1,32,6,1582,2,3,3,1,3
2018010116303,3,9,0,3,0,0,0,0,0,0,2,1,2,1,32,6,1364,1,10,5,1,5
2018010116306,1,9,0,18,0,1,0,0,0,0,1,1,2,1,30,6,1396,1,4,-1,-1,-1
2018010116306,2,9,0,4,0,1,0,0,0,0,2,1,6,1,29,6,1991,2,11,6,1,6
2018010116308,1,9,0,-1,-1,-1,-1,-1,-1,-1,2,-1,2,2,37,7,1198,1,11,2,1,2
2018010116308,2,9,0,-1,-1,-1,-1,-1,-1,-1,1,-1,6,3,-1,-1,-1,-1,-1,-1,-1,-1
2018010116311,1,11,0,18,0,0,0,0,0,0,0,1,1,1,32,6,4500,2,10,-1,-1,-1
2018010116313,1,9,0,18,0,8,0,0,0,0,1,1,6,3,-1,-1,-1,-1,-1,-1,-1,-1
2018010116314,1,9,0,18,0,8,0,0,0,0,1,1,6,3,-1,-1,-1,-1,-1,-1,-1,-1
2018010116314,2,1,0,18,0,8,0,0,0,0,4,1,1,1,21,5,-1,-1,-1,4,1,4
2018010116315,1,9,0,9,0,0,0,0,0,0,1,1,6,1,30,6,1390,1,14,4,1,4
2018010116315,2,9,0,18,0,0,0,0,0,0,1,1,6,1,32,6,1560,2,6,2,-1,2
2018010116316,1,9,0,6,0,6,0,0,0,0,1,1,6,2,44,7,1910,2,11,5,1,5
2018010116316,2,2,0,13,0,1,0,0,0,0,1,1,6,1,16,4,49,1,4,5,1,5
2018010116317,1,11,1,5,0,1,0,0,0,0,4,1,1,1,55,8,4500,2,3,2,1,2
2018010116317,2,9,0,10,0,5,0,0,0,0,4,2,6,2,37,7,998,1,1,3,1,3
2018010116317,3,9,0,4,0,2,0,0,0,0,2,1,6,1,35,6,1248,2,5,3,1,3
2018010116320,1,9,0,2,0,0,0,0,0,0,3,1,6,3,-1,-1,1685,2,2,-1,-1,-1
2018010116320,2,9,0,14,0,0,0,0,0,0,1,1,6,2,41,7,1598,1,15,7,1,7
2018010116320,3,1,0,18,0,0,0,0,0,0,1,1,6,1,27,6,-1,-1,-1,4,1,4
2018010116321,1,9,0,3,0,0,0,0,0,0,2,1,6,2,50,8,2143,2,4,8,1,8
2018010116321,2,9,0,18,0,0,0,0,0,0,1,1,6,1,51,8,3311,8,11,6,1,6
2018010116322,1,1,0,5,6,0,0,4,0,0,1,1,2,2,30,6,-1,-1,-1,7,1,7
2018010116322,2,8,0,3,6,0,0,0,0,0,4,1,1,1,58,9,2499,2,9,8,1,8
2018010116323,1,11,0,4,0,0,0,0,0,0,4,1,1,1,56,9,4500,2,3,3,1,3
2018010116325,1,9,0,3,0,2,0,0,0,0,2,1,6,2,43,7,998,1,9,6,1,6
2018010116325,2,3,0,4,0,2,0,0,0,0,1,1,2,1,27,6,125,1,-1,3,1,3
2018010116326,1,11,0,7,9,6,0,0,0,0,2,2,1,1,49,8,-1,-1,-1,-1,-1,-1
2018010116329,1,9,0,3,0,1,0,0,0,0,2,1,6,2,52,8,1299,1,14,4,1,4
2018010116329,2,9,0,5,0,1,0,0,0,0,1,1,6,1,30,6,2987,2,8,3,1,3
2018010116330,1,9,0,18,0,2,0,4,0,0,1,1,6,2,58,9,1296,1,12,9,1,9
2018010116330,2,9,0,2,0,2,1,10,7,0,2,1,6,3,-1,-1,1598,1,8,-1,-1,-1
2018010116333,1,9,0,-1,-1,-1,-1,-1,-1,-1,2,-1,6,2,28,6,999,1,10,3,1,3
2018010116333,2,9,0,-1,-1,-1,-1,-1,-1,-1,1,-1,6,3,-1,-1,1968,1,13,-1,-1,-1
2018010116338,1,1,0,18,0,0,0,0,0,0,2,1,6,1,15,3,-1,-1,-1,1,1,1
2018010116338,2,5,0,13,0,0,0,0,0,0,1,1,6,1,46,8,636,1,14,3,1,3
2018010116338,3,9,0,2,0,0,0,0,0,0,1,1,6,3,-1,-1,1598,1,16,-1,-1,-1
2018010116338,4,9,0,18,0,0,0,0,0,0,0,1,6,2,57,9,1198,1,6,6,1,6
2018010116341,1,9,0,10,0,0,0,0,0,0,0,1,6,1,50,8,2987,2,9,5,1,5
2018010116341,2,3,0,14,0,0,0,0,0,0,0,1,6,1,32,6,125,1,6,2,1,2
2018010116346,1,9,0,18,0,0,0,0,1,2,1,1,6,1,43,7,2499,2,13,-1,-1,-1
2018010116348,1,8,0,12,0,2,0,0,0,0,2,2,2,1,24,5,1798,8,1,5,1,5
2018010116348,2,3,0,13,0,2,0,0,0,0,1,1,6,1,20,4,125,1,3,5,1,5
2018010116350,1,9,0,2,0,1,0,0,0,0,2,1,6,3,-1,-1,1086,1,13,-1,-1,-1
2018010116350,2,9,0,18,0,2,0,0,0,0,1,1,6,3,-1,-1,-1,-1,-1,-1,-1,-1
2018010116354,1,9,0,9,0,8,0,0,0,0,1,1,1,1,24,5,1461,2,9,2,1,2
2018010116354,2,9,0,18,0,1,0,0,0,0,1,1,6,1,67,10,1598,1,16,6,1,6
2018010116356,1,9,0,18,0,8,0,0,0,0,1,1,6,1,35,6,1400,1,12,8,1,8
2018010116356,2,9,0,18,0,8,0,0,0,0,3,1,6,2,56,9,1329,1,5,-1,-1,-1
2018010116357,1,9,0,9,0,2,0,0,0,0,4,1,6,1,27,6,1560,2,8,6,1,6
2018010116357,2,1,0,9,0,8,0,0,0,0,1,1,6,1,59,9,-1,-1,-1,3,1,3
2018010116359,1,9,0,18,0,2,0,0,0,0,4,1,6,1,26,6,999,1,-1,2,1,2
2018010116359,2,3,0,14,0,2,0,0,0,0,1,1,6,1,19,4,108,1,10,2,1,2
2018010116360,1,19,0,18,0,1,0,0,0,0,1,1,6,1,59,9,1968,2,11,6,2,6
2018010116360,2,9,0,2,0,1,0,0,0,0,3,1,6,3,-1,-1,999,1,1,-1,-1,-1
2018010116362,1,9,0,18,0,1,1,10,8,10,4,1,6,1,29,6,2494,1,13,1,1,1
2018010116364,1,9,0,16,0,1,0,0,0,0,1,1,6,3,-1,-1,1995,2,-1,-1,-1,-1
2018010116367,1,9,0,4,0,0,0,0,0,0,4,1,2,1,44,7,1968,2,11,-1,-1,-1
2018010116367,2,8,0,3,0,0,0,0,0,0,1,1,2,1,41,7,-1,-1,-1,4,1,4
2018010116367,3,9,0,15,0,0,0,7,1,10,1,1,6,3,-1,-1,1995,2,-1,-1,-1,-1
2018010116372,1,8,0,4,0,1,0,0,0,0,0,1,1,1,38,7,2143,12,4,1,1,1
2018010116372,2,8,0,4,0,1,0,0,0,0,1,1,6,2,51,8,1242,1,3,3,1,3
2018010116372,3,8,0,18,0,1,0,0,0,0,2,1,1,1,49,8,2143,2,2,3,1,3
2018010116372,4,9,0,15,0,1,0,0,1,2,1,1,6,1,37,7,1796,1,13,4,1,4
2018010116374,1,5,0,9,0,1,0,0,0,0,1,1,6,2,34,6,125,1,-1,8,2,8
2018010116377,1,9,0,9,0,5,0,0,0,0,3,1,6,2,48,8,1368,1,3,6,1,6
2018010116377,2,3,0,13,0,8,0,7,2,10,1,1,6,1,24,5,125,1,9,1,1,1
2018010116379,1,9,0,18,0,1,0,0,0,0,0,1,6,1,38,7,1197,1,2,3,1,3
2018010116379,2,9,0,7,0,1,0,0,0,0,0,1,6,1,18,4,-1,-1,-1,5,1,5
2018010116380,1,9,0,18,0,6,0,11,1,1,3,1,6,1,61,9,1984,1,5,9,1,9
2018010116380,2,9,0,18,0,8,0,0,0,0,4,1,6,3,-1,-1,-1,-1,-1,-1,-1,-1
2018010116382,1,9,0,18,0,1,0,0,0,0,1,1,6,1,30,6,2143,2,1,4,1,4
2018010116385,1,8,0,18,0,6,5,4,0,0,1,1,6,1,53,8,1339,8,6,2,1,2
2018010116385,2,9,0,2,9,2,0,4,0,0,1,1,6,3,-1,-1,1086,1,13,-1,-1,-1
2018010116385,3,9,0,2,9,2,0,0,0,0,1,1,6,3,-1,-1,1598,1,11,-1,-1,-1
2018010116389,1,9,0,10,0,1,0,0,0,0,1,1,6,1,33,6,2987,2,4,9,1,9
2018010116389,2,1,0,5,0,1,0,0,0,0,2,1,6,1,32,6,-1,-1,-1,3,1,3
2018010116390,1,9,0,18,0,0,1,0,1,4,1,1,2,1,22,5,1229,1,4,8,1,8
2018010116391,1,9,0,9,0,4,0,0,0,0,3,1,2,2,38,7,1986,2,13,4,1,4
2018010116391,2,9,0,18,0,4,0,0,0,0,1,1,6,1,50,8,1596,1,5,3,1,3
2018010116396,1,3,0,18,0,1,1,4,0,0,1,1,1,1,38,7,124,1,2,4,1,4