Accident_Index,Vehicle_Reference,Vehicle_Type,Towing_and_Articulation,Vehicle_Manoeuvre,Vehicle_Location-Restricted_Lane,Junction_Location,Skidding_and_Overturning,Hit_Object_in_Carriageway,Vehicle_Leaving_Carriageway,Hit_Object_off_Carriageway,1st_Point_of_Impact,Was_Vehicle_Left_Hand_Drive?,Journey_Purpose_of_Driver,Sex_of_Driver,Age_of_Driver,Age_Band_of_Driver,Engine_Capacity_(CC),Propulsion_Code,Age_of_Vehicle,Driver_IMD_Decile,Driver_Home_Area_Type,Vehicle_IMD_Decile
2018010116396,2,9,0,2,0,1,0,0,0,0,2,1,6,3,-1,-1,1997,2,8,-1,-1,-1
2018010116400,1,9,0,7,0,6,0,0,0,0,3,1,6,1,58,9,1798,1,9,3,1,3
2018010116400,2,1,0,18,0,1,0,0,0,0,1,1,6,1,53,8,-1,-1,-1,4,1,4
2018010116403,1,11,0,4,0,4,0,0,0,0,1,1,6,1,51,8,4500,2,3,9,1,9
2018010116403,2,9,0,3,0,3,0,0,0,0,0,1,6,1,46,8,1798,1,13,6,1,6
2018010116406,1,9,0,18,0,3,0,0,0,0,2,1,6,1,29,6,1896,2,14,6,1,6
2018010116406,2,9,0,18,0,3,0,0,0,0,1,1,6,1,-1,-1,1598,2,1,-1,-1,-1
2018010116407,1,9,0,5,0,8,0,0,0,0,1,1,6,1,36,7,1998,1,12,5,1,5
2018010116407,2,9,0,18,0,1,0,0,0,0,4,1,6,1,68,10,2179,2,3,6,1,6
2018010116409,1,9,0,9,0,1,0,0,0,0,4,1,6,2,40,7,1493,2,10,8,1,8
2018010116409,2,1,0,18,4,1,0,0,0,0,1,1,6,1,39,7,-1,-1,-1,7,1,7
2018010116411,1,9,0,18,0,2,0,0,0,0,1,1,6,1,62,9,1229,1,3,3,1,3
2018010116411,2,9,0,13,0,2,0,0,0,0,1,1,6,1,35,6,1398,2,12,-1,-1,-1
2018010116413,1,9,0,-1,-1,-1,-1,-1,-1,-1,1,-1,6,2,46,8,1995,1,10,4,1,4
2018010116413,2,90,0,-1,-1,-1,-1,-1,-1,-1,1,-1,6,3,-1,-1,-1,-1,-1,-1,-1,-1
2018010116414,1,9,0,7,0,7,0,0,1,10,1,1,6,1,84,11,1197,1,3,6,1,6
2018010116416,1,8,0,4,0,0,0,0,0,0,2,1,1,1,41,7,1950,2,1,3,1,3
2018010116416,2,3,0,5,0,0,0,0,0,0,1,1,6,1,18,4,125,1,1,9,1,9
2018010116417,1,9,0,18,0,1,0,0,0,0,1,1,1,1,37,7,-1,-1,-1,3,1,3
2018010116417,2,9,0,18,0,1,0,0,0,0,2,1,6,2,48,8,2148,2,9,6,1,6
2018010116419,1,1,-1,-1,-1,-1,-1,-1,-1,-1,-1,1,6,2,27,6,-1,-1,-1,6,1,6
2018010116419,2,90,0,-1,-1,-1,-1,-1,-1,-1,1,-1,6,3,-1,-1,-1,-1,-1,-1,-1,-1
2018010116428,1,5,0,-1,-1,-1,-1,-1,-1,-1,2,1,2,1,28,6,748,1,8,2,1,2
2018010116428,2,9,0,-1,-1,-1,-1,-1,-1,-1,1,-1,6,3,-1,-1,1794,1,11,6,1,6
2018010116431,1,9,0,3,0,1,0,4,0,0,2,1,6,1,36,7,1998,1,9,5,1,5
2018010116431,2,9,0,3,0,1,0,0,0,0,2,1,6,1,44,7,1797,8,4,2,1,2
2018010116431,3,9,0,18,0,1,0,4,0,0,1,1,6,2,22,5,1461,2,3,2,1,2
2018010116432,1,10,0,3,0,0,0,0,0,0,0,1,3,1,39,7,2400,2,16,4,1,4
2018010116432,2,1,0,4,0,0,0,4,0,0,0,1,6,1,60,9,-1,-1,-1,1,1,1
2018010116442,1,11,0,18,2,6,0,0,0,0,1,1,6,1,36,7,5132,2,1,2,1,2
2018010116443,1,9,0,4,0,1,0,0,0,0,2,1,6,1,47,8,1596,1,14,-1,-1,-1
2018010116443,2,9,0,18,0,1,0,0,0,0,1,1,6,2,38,7,2993,2,7,-1,-1,-1
2018010116447,1,9,0,1,0,0,0,0,0,0,2,1,6,1,37,7,-1,-1,-1,5,1,5
2018010116447,2,9,0,18,0,0,0,0,0,0,1,1,6,3,-1,-1,1968,2,12,-1,-1,-1
2018010116448,1,8,0,4,0,2,0,11,0,0,1,1,1,1,56,9,1997,2,4,1,1,1
2018010116448,2,1,0,14,0,1,0,8,0,0,1,1,6,1,44,7,-1,-1,-1,2,1,2
2018010116452,1,9,0,18,0,1,0,0,0,0,1,1,6,1,45,7,1197,1,-1,10,1,10
2018010116452,2,9,0,4,0,1,0,0,0,0,2,1,6,1,29,6,2993,2,6,3,1,3
2018010116456,1,9,0,7,0,5,0,0,0,0,4,1,6,1,39,7,1997,2,8,4,1,4
2018010116456,2,1,0,18,3,8,0,0,0,0,1,1,6,2,31,6,-1,-1,-1,2,1,2
2018010116457,1,90,0,18,0,0,0,0,0,0,1,1,6,1,17,4,-1,-1,-1,-1,-1,-1
2018010116460,1,9,0,18,0,1,0,0,0,0,1,1,6,2,68,10,1299,1,16,6,1,6
2018010116460,2,9,0,5,0,6,0,0,0,0,4,1,6,1,20,4,999,1,2,8,1,8
2018010116461,1,9,0,18,0,8,0,0,0,0,2,1,6,1,20,4,1686,2,6,7,1,7
2018010116461,2,9,0,5,0,8,0,0,0,0,1,1,6,1,31,6,1968,2,1,1,1,1
2018010116465,1,90,0,18,0,8,0,0,0,0,1,1,6,3,-1,-1,-1,-1,-1,-1,-1,-1
2018010116466,1,9,0,18,0,2,0,0,0,0,3,1,6,1,27,6,1997,2,10,3,1,3
2018010116466,2,3,0,18,0,1,0,0,0,0,1,1,1,1,24,5,108,1,3,1,1,1
2018010116467,1,9,0,18,0,0,0,0,0,0,1,1,6,1,29,6,-1,-1,-1,6,1,6
2018010116467,2,9,0,4,0,0,0,0,0,0,2,1,6,1,57,9,2143,2,5,7,1,7
2018010116469,1,11,0,17,0,8,0,0,0,0,0,1,1,1,32,6,6696,2,5,1,1,1
2018010116471,1,21,4,18,0,2,0,0,0,0,2,1,1,1,52,8,12740,2,1,8,1,8
2018010116471,2,9,0,18,0,2,0,0,0,0,1,1,6,2,57,9,1360,1,8,8,1,8
2018010116475,1,8,0,18,0,2,0,0,0,0,4,1,1,1,36,7,1598,2,2,3,1,3
2018010116477,1,9,0,4,0,1,0,0,0,0,2,1,6,2,36,7,1598,1,10,3,1,3
2018010116477,2,9,0,4,0,1,0,0,0,0,2,1,6,1,35,6,1364,1,10,-1,-1,-1
2018010116477,3,9,0,4,0,1,0,0,0,0,2,1,6,2,22,5,1390,1,7,4,1,4
2018010116477,4,9,0,18,0,1,0,0,0,0,1,1,6,2,27,6,1995,2,7,4,1,4
2018010116479,1,9,0,7,0,1,0,0,0,0,0,1,2,2,58,9,1973,1,17,8,1,8
2018010116479,2,3,0,15,0,1,0,0,3,0,1,1,2,1,24,5,125,1,5,-1,-1,-1
2018010116480,1,3,0,18,0,1,0,0,0,0,1,1,2,1,30,6,124,1,3,7,1,7
2018010116480,2,9,0,9,0,6,0,0,0,0,1,1,6,1,30,6,1398,1,18,7,1,7
2018010116485,1,3,0,18,0,2,1,4,0,0,1,1,6,1,15,3,125,1,2,3,1,3
2018010116485,2,9,0,2,0,2,0,0,0,0,2,1,6,3,-1,-1,1390,1,11,-1,-1,-1
2018010116488,1,11,0,5,0,0,0,0,0,0,1,2,1,1,33,6,4500,2,11,8,1,8
2018010116489,1,9,0,18,0,0,1,0,1,4,1,1,6,2,30,6,1197,1,2,6,1,6
2018010116489,2,9,0,18,0,0,0,0,0,0,1,1,6,1,29,6,2993,2,5,6,1,6
2018010116490,1,9,0,5,8,0,0,0,0,0,1,1,6,2,22,5,1598,2,5,4,1,4
2018010116490,2,9,0,18,0,0,0,0,0,0,4,1,6,1,34,6,1998,2,11,1,1,1
2018010116493,1,9,0,7,0,6,0,0,0,0,1,1,6,1,23,5,1242,1,11,7,1,7
2018010116493,2,9,0,3,0,1,0,0,0,0,1,1,6,1,26,6,2000,1,11,8,1,8
2018010116494,1,1,-1,18,-1,-1,-1,-1,-1,-1,-1,1,6,1,46,8,-1,-1,-1,4,1,4
2018010116494,2,1,-1,-1,-1,-1,-1,-1,-1,-1,-1,1,6,1,37,7,-1,-1,-1,2,1,2
2018010116495,1,8,0,-1,-1,-1,-1,-1,-1,-1,-1,-1,6,3,-1,-1,-1,-1,-1,-1,-1,-1
2018010116496,1,9,0,9,0,1,0,0,0,0,1,1,1,1,30,6,1497,8,9,7,1,7
2018010116496,2,5,0,5,0,1,0,0,0,0,1,1,6,1,70,10,954,1,16,6,1,6
2018010116499,1,9,0,5,0,2,0,0,0,0,1,1,6,1,20,4,1598,1,12,2,1,2
2018010116500,1,3,0,18,2,0,0,4,0,0,1,1,6,1,19,4,125,1,7,5,1,5
2018010116500,2,11,0,18,2,0,0,0,0,0,2,1,1,1,33,6,4500,2,9,4,1,4
2018010116501,1,9,0,18,0,0,0,0,0,0,2,1,6,3,-1,-1,-1,-1,-1,-1,-1,-1
2018010116501,2,9,0,18,0,0,0,0,0,0,1,1,6,3,-1,-1,-1,-1,-1,-1,-1,-1
2018010116501,3,9,0,18,0,0,1,6,0,0,3,1,6,1,26,6,1000,1,4,4,1,4
2018010116503,1,9,0,-1,-1,-1,-1,-1,-1,-1,1,-1,6,1,53,8,1997,2,2,7,1,7
2018010116504,1,8,0,5,0,0,0,0,0,0,1,1,1,1,46,8,2143,2,4,2,1,2
2018010116504,2,1,0,18,0,0,0,0,0,0,3,1,2,1,24,5,-1,-1,-1,3,1,3
2018010116506,1,9,0,18,0,1,1,0,0,0,1,1,6,2,42,7,1388,1,11,4,1,4
2018010116506,2,9,0,9,0,8,0,0,0,0,1,1,6,1,25,5,1995,2,11,4,1,4
2018010116509,1,9,0,18,0,0,2,4,0,0,1,1,1,1,38,7,1798,8,1,3,1,3
2018010116509,2,10,0,2,0,0,0,0,0,0,1,1,6,3,-1,-1,2400,1,23,-1,-1,-1
2018010116510,1,9,0,9,0,1,0,0,0,0,1,1,6,1,35,6,1200,1,1,1,1,1
2018010116510,2,3,0,18,0,1,0,0,0,0,1,1,1,1,20,4,124,1,3,2,1,2
2018010116511,1,9,0,18,0,4,0,0,0,0,0,1,6,1,33,6,1984,2,4,4,1,4
2018010116511,2,9,0,18,0,4,0,0,0,0,4,1,6,1,20,4,1596,1,16,1,1,1
2018010116512,1,3,0,18,0,1,0,0,0,0,1,1,2,1,39,7,108,1,5,1,1,1
2018010116512,2,9,0,9,0,1,0,0,0,0,1,1,6,3,17,4,1598,1,11,-1,-1,-1
2018010116516,1,9,0,18,9,0,2,0,7,4,1,1,6,2,50,8,998,1,17,-1,-1,-1
2018010116518,1,9,0,3,0,8,0,0,0,0,2,1,6,1,50,8,1998,2,6,3,1,3
2018010116518,2,3,0,4,0,8,0,0,0,0,1,1,6,1,50,8,599,1,11,9,1,9
2018010116527,1,9,0,-1,-1,-1,-1,-1,-1,-1,1,-1,6,1,29,6,2148,2,9,3,1,3
2018010116527,2,9,-1,18,0,1,0,0,0,0,1,-1,6,3,44,7,2996,1,13,3,1,3
2018010116530,1,1,-1,-1,-1,-1,-1,-1,-1,-1,-1,1,2,2,-1,-1,-1,-1,-1,3,1,3
2018010116530,2,19,0,-1,-1,-1,-1,-1,-1,-1,3,-1,6,3,-1,-1,-1,-1,-1,-1,-1,-1
2018010116531,1,19,0,15,0,0,0,0,0,0,0,1,1,1,53,8,1896,2,12,2,1,2
2018010116531,2,3,0,18,0,0,0,0,0,0,3,1,2,1,54,8,108,1,4,2,1,2
2018010116533,1,9,0,16,0,0,0,0,1,2,4,1,6,2,36,7,2922,1,15,8,1,8
2018010116543,1,9,0,-1,-1,0,-1,-1,-1,-1,2,-1,6,2,22,5,1422,2,2,10,2,10
2018010116543,2,9,0,-1,-1,0,-1,-1,-1,-1,1,-1,6,3,-1,-1,1390,1,18,-1,-1,-1
2018010116545,1,1,-1,-1,-1,-1,-1,-1,-1,-1,-1,1,2,1,36,7,-1,-1,-1,4,1,4
2018010116548,1,9,0,7,4,0,0,0,0,0,4,1,6,2,43,7,1950,2,-1,10,1,10
2018010116548,2,1,0,18,4,0,0,0,0,0,1,1,1,1,49,8,-1,-1,-1,8,1,8
2018010116551,1,9,0,7,0,5,0,0,0,0,0,1,2,1,42,7,-1,-1,-1,4,1,4
2018010116551,2,5,0,18,0,1,0,0,0,0,0,1,2,1,53,8,992,1,15,4,1,4
2018010116554,1,9,0,5,0,8,0,0,0,0,4,1,2,2,49,8,1229,1,7,4,1,4
2018010116560,1,9,0,18,0,0,0,0,0,0,1,-1,6,2,57,9,1339,1,4,5,1,5
2018010116563,1,1,0,18,0,1,0,0,0,0,1,1,2,1,30,6,-1,-1,-1,4,1,4
2018010116570,1,9,0,6,0,0,0,0,0,0,1,-1,6,2,24,5,1595,1,-1,3,1,3
2018010116570,2,9,-1,18,0,0,0,0,0,0,3,-1,6,1,-1,-1,1497,8,13,3,1,3
2018010116572,1,9,0,18,0,4,0,0,0,0,3,1,6,3,-1,-1,-1,-1,-1,-1,-1,-1
2018010116573,1,3,0,18,0,0,0,0,0,0,1,1,2,2,32,6,125,1,5,4,1,4
2018010116573,2,9,0,18,0,0,0,0,0,0,2,1,2,1,35,6,1995,2,5,4,1,4
2018010116573,3,9,0,18,0,0,0,0,0,0,4,1,6,2,19,4,1229,1,12,8,1,8
2018010116579,1,1,-1,-1,-1,0,-1,-1,-1,-1,-1,1,6,1,34,6,-1,-1,-1,8,1,8
2018010116579,2,9,0,-1,-1,0,-1,-1,-1,-1,-1,-1,6,3,26,6,1199,1,15,7,1,7
2018010116582,1,9,0,-1,-1,0,-1,-1,-1,-1,2,-1,6,2,19,4,1598,1,12,5,1,5
2018010116584,1,9,0,-1,-1,-1,-1,-1,-1,-1,-1,-1,6,2,36,7,1598,2,6,3,1,3
2018010116584,2,9,0,-1,-1,-1,-1,-1,-1,-1,-1,-1,6,2,59,9,1299,1,15,4,1,4
2018010116586,1,1,-1,-1,-1,-1,-1,-1,-1,-1,-1,1,2,1,32,6,-1,-1,-1,4,1,4
2018010116586,2,8,0,-1,-1,-1,-1,-1,-1,-1,1,-1,6,3,-1,-1,1968,2,3,3,1,3
2018010116587,1,9,0,4,0,0,0,0,0,0,2,1,2,2,48,8,1390,1,17,6,2,6
2018010116587,2,4,0,18,0,0,1,0,0,0,1,1,2,1,23,5,125,1,4,2,1,2
2018010116589,1,9,0,4,0,1,0,0,0,0,2,1,6,1,46,8,1896,2,8,7,1,7
2018010116589,2,9,0,4,0,1,0,0,0,0,1,1,2,2,29,6,1461,2,1,6,1,6
2018010116590,1,9,0,18,-1,1,0,0,0,0,2,1,6,2,29,6,1797,8,8,-1,-1,-1
2018010116590,2,9,0,18,-1,1,0,0,0,0,1,1,6,1,48,8,1997,2,7,4,1,4
2018010116594,1,4,0,-1,-1,0,-1,-1,-1,-1,2,1,2,1,22,5,321,1,2,3,1,3
2018010116594,2,9,0,-1,-1,0,-1,-1,-1,-1,1,-1,6,1,25,5,1461,2,3,2,1,2
2018010116596,1,9,0,18,0,0,0,0,0,0,1,1,6,1,29,6,1968,2,11,3,1,3
2018010116596,2,9,0,18,0,0,0,0,0,0,1,1,6,2,39,7,1998,8,3,3,1,3
2018010116601,1,9,-1,-1,-1,-1,-1,-1,0,0,-1,-1,6,1,53,8,1968,2,3,6,1,6
2018010116601,2,19,-1,-1,-1,-1,-1,-1,0,0,-1,-1,6,1,-1,-1,1461,2,1,4,1,4
2018010116602,1,5,0,11,0,0,2,0,0,0,1,1,6,1,37,7,999,1,8,2,-1,2
2018010116602,2,9,0,11,0,0,0,0,0,0,2,1,6,2,34,6,1598,2,6,-1,-1,-1
2018010116602,3,21,1,2,6,0,0,0,0,0,2,1,6,3,-1,-1,12902,2,1,-1,-1,-1
2018010116603,1,3,0,18,0,8,0,0,0,0,1,1,6,1,23,5,125,1,2,5,1,5
2018010116603,2,9,0,9,0,8,0,0,0,0,1,1,6,2,61,9,1796,1,14,5,1,5
2018010116606,1,8,0,18,0,1,0,0,0,0,3,1,1,1,36,7,1339,8,7,2,1,2
2018010116606,2,9,0,9,0,1,0,0,0,0,1,1,6,1,26,6,2995,1,10,7,1,7
2018010116607,1,9,0,9,0,2,0,0,0,0,3,1,6,2,37,7,1596,1,15,2,1,2
2018010116607,2,4,0,18,0,1,0,0,0,0,1,1,6,2,28,6,-1,-1,-1,8,1,8
2018010116609,1,9,0,5,0,6,0,0,0,0,1,1,6,2,55,8,1395,1,-1,7,1,7
2018010116611,1,9,0,7,2,0,0,0,0,0,0,1,6,1,60,9,1900,2,12,-1,-1,-1
2018010116611,2,5,0,18,2,0,5,0,0,0,0,1,2,1,26,6,599,1,20,-1,-1,-1
2018010116612,1,9,0,4,0,0,0,0,0,0,2,1,6,2,34,6,1596,1,14,9,1,9
2018010116612,2,19,0,4,0,0,0,0,0,0,1,1,1,1,65,9,2299,2,4,3,1,3
2018010116613,1,9,0,18,0,8,1,0,0,0,4,1,6,2,28,6,1149,1,11,3,1,3
2018010116613,2,9,0,18,0,8,0,0,0,0,1,1,6,1,81,11,998,1,10,2,1,2
2018010116617,1,11,0,18,0,0,0,0,0,0,1,1,1,1,49,8,9000,2,10,7,1,7
2018010116617,2,11,0,3,0,0,0,0,0,0,0,1,1,1,38,7,5132,2,2,5,1,5
2018010116619,1,9,0,10,0,1,0,0,0,0,2,1,6,1,29,6,2993,2,4,10,1,10
2018010116619,2,9,0,3,0,1,0,4,0,0,2,1,6,1,30,6,1968,2,5,1,1,1
2018010116619,3,9,0,3,0,1,0,4,0,0,1,1,6,1,51,8,1951,2,12,3,1,3
2018010116620,1,3,0,18,0,0,0,0,7,1,1,1,2,1,42,7,125,1,-1,2,1,2
2018010116622,1,1,-1,-1,-1,-1,-1,-1,-1,-1,1,1,6,1,42,7,-1,-1,-1,2,1,2
2018010116622,2,9,0,-1,-1,-1,-1,-1,-1,-1,1,-1,6,3,70,10,1762,1,20,1,1,1
2018010116623,1,5,0,5,0,2,5,0,0,0,2,1,6,1,29,6,1000,1,2,-1,-1,-1
2018010116623,2,9,0,4,0,2,0,0,0,0,4,1,1,1,51,8,2993,2,1,9,1,9
2018010116624,1,11,0,5,0,2,0,0,0,0,0,1,1,1,53,8,4500,2,2,2,1,2
2018010116626,1,2,0,18,0,4,0,0,0,0,1,1,1,1,27,6,125,1,4,3,1,3
2018010116626,2,9,0,18,0,3,0,0,0,0,3,1,6,2,28,6,1364,1,10,2,1,2
2018010116634,1,1,-1,-1,-1,-1,-1,-1,-1,-1,1,1,2,1,23,5,-1,-1,-1,-1,-1,-1
2018010116634,2,8,0,7,0,1,0,0,0,0,4,1,6,3,66,10,2776,2,1,9,1,9
2018010116635,1,1,-1,-1,-1,8,-1,-1,-1,-1,-1,1,2,1,24,5,-1,-1,-1,7,1,7
2018010116635,2,9,0,-1,-1,8,-1,-1,-1,-1,1,-1,6,3,-1,-1,1388,1,10,-1,-1,-1
2018010116638,1,9,0,18,0,0,0,0,0,0,3,1,6,1,37,7,1798,1,9,2,1,2
2018010116639,1,2,0,18,0,8,0,0,7,0,4,1,1,1,37,7,49,1,2,4,1,4
2018010116639,2,9,0,7,0,6,0,0,7,0,1,1,3,2,30,6,1997,2,1,3,1,3
2018010116640,1,9,0,-1,-1,0,-1,-1,-1,-1,1,-1,6,3,-1,-1,-1,-1,-1,-1,-1,-1
2018010116643,1,9,-1,-1,-1,0,-1,0,0,0,-1,-1,6,3,-1,-1,-1,-1,-1,-1,-1,-1
2018010116646,1,9,0,18,0,1,0,0,0,0,4,1,6,3,-1,-1,-1,-1,-1,-1,-1,-1
2018010116658,1,9,0,5,0,8,0,0,0,0,1,1,6,2,36,7,1339,1,9,-1,-1,-1
2018010116658,2,9,0,5,0,8,0,0,0,0,4,1,2,2,21,5,1242,1,2,1,1,1
2018010116660,1,9,0,9,0,1,0,0,0,0,0,1,2,1,47,8,1995,2,12,2,1,2
2018010116660,2,1,0,14,0,1,0,0,0,0,0,1,6,2,31,6,-1,-1,-1,5,1,5
2018010116661,1,3,0,14,0,1,0,4,0,0,1,1,6,1,25,5,124,1,2,8,1,8
2018010116661,2,9,0,10,0,1,0,0,0,0,2,1,6,2,77,11,1328,1,13,3,1,3
2018010116661,3,9,0,2,0,1,0,0,0,0,3,1,6,3,-1,-1,1198,1,3,-1,-1,-1
2018010116663,1,11,0,18,0,1,0,0,0,0,1,1,1,1,58,9,6692,2,9,-1,-1,-1
2018010116663,2,1,0,18,0,1,0,0,0,0,1,1,6,1,63,9,-1,-1,-1,-1,-1,-1
2018010116671,1,9,0,18,0,0,0,0,0,0,1,1,6,3,-1,-1,-1,-1,-1,-1,-1,-1
2018010116673,1,9,0,17,0,0,0,0,0,0,1,1,6,1,52,8,1598,2,4,9,1,9
2018010116673,2,9,0,16,0,0,0,0,0,0,1,1,6,2,66,10,-1,-1,-1,6,1,6
2018010116677,1,9,0,18,0,8,0,0,0,0,3,1,6,1,34,6,999,1,10,2,1,2
2018010116678,1,9,0,18,0,8,0,0,0,0,1,1,6,2,58,9,1598,1,11,9,1,9
2018010116678,2,9,0,18,0,8,0,0,3,4,1,1,6,2,40,7,1969,2,1,4,1,4
2018010116679,1,9,0,4,0,0,0,0,0,0,2,1,2,2,44,7,1783,1,14,4,1,4
2018010116679,2,9,0,5,0,0,0,0,0,0,1,1,2,1,31,6,1998,1,15,3,1,3
2018010116681,1,9,0,4,0,0,0,0,0,0,2,1,2,1,53,8,1596,1,7,3,1,3
2018010116681,2,3,0,4,0,0,0,0,0,0,1,1,1,1,47,8,125,1,7,-1,-1,-1
2018010116687,1,9,0,18,0,0,0,10,0,0,3,1,6,1,87,11,1595,1,18,8,1,8
2018010116690,1,9,0,6,0,8,0,0,6,6,1,1,6,2,78,11,1598,1,12,8,1,8
2018010116693,1,11,0,18,0,1,0,0,0,0,0,1,1,1,56,9,6370,2,3,5,1,5
2018010116694,1,9,0,18,0,0,0,0,0,0,0,1,6,2,54,8,2993,2,11,5,1,5
2018010116695,1,1,0,18,4,0,1,0,0,0,1,1,2,1,27,6,-1,-1,-1,4,1,4
2018010116697,1,9,0,9,0,1,0,0,0,0,4,1,1,1,38,7,1339,8,6,4,1,4
2018010116697,2,3,0,13,0,2,0,0,0,0,1,1,6,1,47,8,125,1,5,2,1,2
2018010116700,1,8,0,9,0,2,0,0,0,0,4,1,1,1,50,8,1968,2,1,3,1,3
2018010116700,2,1,0,18,9,2,0,0,0,0,1,1,1,2,29,6,-1,-1,-1,4,1,4
2018010116701,1,3,0,18,0,0,0,0,0,0,1,1,6,3,-1,-1,-1,-1,-1,-1,-1,-1
2018010116701,2,1,0,18,0,0,0,0,0,0,2,1,6,2,16,4,-1,-1,-1,2,1,2
2018010116704,1,9,0,-1,-1,-1,-1,-1,-1,-1,1,-1,6,2,26,6,1995,2,2,4,1,4
2018010116704,2,19,-1,9,0,1,0,-1,0,0,-1,-1,6,1,-1,-1,2179,2,13,7,1,7
2018010116706,1,9,0,1,9,0,0,0,0,0,2,1,6,1,61,9,1968,2,11,5,1,5
2018010116708,1,9,0,18,0,0,0,0,0,0,1,1,1,1,38,7,1968,2,1,9,1,9
2018010116708,2,2,0,4,0,0,0,0,0,0,2,1,2,1,47,8,49,1,17,2,1,2
2018010116709,1,1,0,18,0,1,0,0,0,0,1,1,2,1,27,6,-1,-1,-1,5,1,5
2018010116709,2,9,0,11,0,1,0,0,0,0,0,1,2,2,47,8,1560,2,6,5,1,5
2018010116709,3,9,0,3,0,1,0,0,0,0,2,1,2,1,25,5,1995,2,6,1,1,1
2018010116710,1,11,0,7,0,8,0,0,0,0,0,1,1,1,56,9,-1,-1,-1,2,1,2
2018010116712,1,9,0,-1,-1,-1,-1,-1,-1,-1,1,-1,2,2,39,7,1600,2,6,6,2,6
2018010116712,2,9,0,-1,-1,-1,-1,-1,-1,-1,1,-1,6,3,-1,-1,1997,2,2,-1,-1,-1
2018010116714,1,4,0,16,0,0,1,0,0,0,1,1,6,1,26,6,313,1,-1,6,1,6
2018010116714,2,9,0,17,0,0,0,0,0,0,1,1,6,2,32,6,1762,1,18,7,-1,7
2018010116716,1,9,0,9,0,8,0,0,0,0,1,1,6,2,56,9,1995,2,2,4,1,4
2018010116718,1,3,0,13,0,1,0,0,0,0,1,1,6,3,-1,-1,-1,-1,-1,-1,-1,-1
2018010116721,1,9,0,3,0,1,0,0,0,0,2,1,2,1,30,6,1794,1,14,1,1,1
2018010116721,2,9,0,5,0,1,0,0,0,0,1,1,2,1,39,7,1598,1,6,1,1,1
2018010116724,1,9,0,9,0,5,0,0,0,0,1,1,6,2,46,8,1997,2,2,7,1,7
2018010116724,2,1,0,18,0,8,0,0,0,0,1,1,6,1,67,10,-1,-1,-1,4,1,4
2018010116725,1,11,0,7,0,0,0,0,1,2,1,1,1,1,54,8,4500,2,2,4,1,4
2018010116725,2,9,0,18,0,0,0,0,0,0,2,1,3,2,50,8,1997,2,2,6,1,6
2018010116726,1,9,0,9,0,5,0,0,0,0,1,1,6,1,46,8,1796,1,14,7,1,7
2018010116726,2,1,0,18,0,8,5,0,0,0,3,1,6,1,25,5,-1,-1,-1,3,1,3
2018010116727,1,9,0,10,0,8,0,0,0,0,1,1,1,2,31,6,1398,1,12,8,1,8
2018010116727,2,2,0,18,0,8,2,10,0,0,1,1,6,1,25,5,-1,-1,-1,3,1,3
2018010116728,1,3,0,9,0,6,0,0,0,0,0,1,2,1,25,5,124,1,10,4,1,4
2018010116728,2,3,0,18,0,1,1,0,0,0,0,1,2,1,26,6,108,1,7,1,1,1
2018010116730,1,1,0,18,0,0,0,0,0,0,1,1,2,1,28,6,-1,-1,-1,6,1,6
2018010116732,1,9,0,11,0,8,0,0,0,0,2,1,6,1,52,8,1797,8,6,4,1,4
2018010116732,2,1,0,18,0,1,0,0,0,0,1,1,1,1,36,7,-1,-1,-1,3,1,3
2018010116737,1,4,0,18,0,8,1,0,0,0,1,1,6,1,28,6,744,1,3,10,1,10
2018010116737,2,9,0,10,0,1,0,0,0,0,1,1,6,1,31,6,2143,2,2,6,1,6
2018010116738,1,1,-1,-1,-1,0,-1,-1,-1,-1,1,1,6,3,-1,-1,-1,-1,-1,-1,-1,-1
2018010116742,1,9,0,18,0,3,0,10,7,1,4,1,6,1,26,6,1796,1,9,-1,-1,-1
2018010116742,2,9,0,18,0,4,0,0,0,0,1,1,6,1,33,6,1797,8,3,9,1,9
2018010116744,1,9,0,-1,-1,-1,-1,-1,-1,-1,3,-1,2,1,59,9,999,1,2,4,1,4
2018010116747,1,9,0,-1,-1,-1,-1,-1,-1,-1,-1,-1,6,1,23,5,1461,2,3,3,1,3
2018010116747,2,9,0,-1,-1,-1,-1,-1,-1,-1,-1,-1,6,3,-1,-1,-1,-1,-1,-1,-1,-1
2018010116749,1,5,0,18,0,1,0,11,0,0,1,1,6,1,30,6,-1,-1,-1,6,1,6
2018010116750,1,9,0,9,0,5,0,0,0,0,1,1,6,1,39,7,1390,1,14,4,1,4
2018010116750,2,3,0,18,0,8,0,0,0,0,1,1,6,1,41,7,1137,1,20,5,1,5
2018010116753,1,9,0,18,9,1,0,0,1,2,1,1,6,1,26,6,1686,2,14,7,1,7
2018010116754,1,9,0,5,0,2,1,0,0,0,1,1,2,1,28,6,1598,2,1,3,1,3
2018010116756,1,9,0,3,0,1,0,0,0,0,4,1,6,1,20,4,1995,2,6,4,1,4
2018010116758,1,9,0,18,0,1,0,10,1,2,1,1,6,1,23,5,2987,2,5,3,1,3
2018010116758,2,9,0,18,0,1,0,0,0,0,0,1,1,1,45,7,1984,2,4,4,1,4
2018010116759,1,9,0,9,0,8,0,0,0,0,1,1,6,1,40,7,2993,2,12,4,1,4
2018010116759,2,1,0,18,0,8,0,0,0,0,4,1,6,1,23,5,-1,-1,-1,4,1,4
2018010116762,1,8,0,3,0,0,0,0,0,0,2,1,1,1,45,7,1997,2,2,3,1,3