Accident_Index,Vehicle_Reference,Vehicle_Type,Towing_and_Articulation,Vehicle_Manoeuvre,Vehicle_Location-Restricted_Lane,Junction_Location,Skidding_and_Overturning,Hit_Object_in_Carriageway,Vehicle_Leaving_Carriageway,Hit_Object_off_Carriageway,1st_Point_of_Impact,Was_Vehicle_Left_Hand_Drive?,Journey_Purpose_of_Driver,Sex_of_Driver,Age_of_Driver,Age_Band_of_Driver,Engine_Capacity_(CC),Propulsion_Code,Age_of_Vehicle,Driver_IMD_Decile,Driver_Home_Area_Type,Vehicle_IMD_Decile
2018010117125,2,1,0,18,0,8,0,0,0,0,1,1,2,1,27,6,-1,-1,-1,-1,-1,-1
2018010117126,1,9,-1,9,0,1,0,0,0,0,1,-1,6,1,36,7,1596,1,15,4,1,4
2018010117128,1,11,0,5,2,6,0,0,0,0,0,1,6,1,30,6,5132,2,1,4,1,4
2018010117129,1,9,0,18,0,0,0,7,0,0,1,1,6,2,57,9,1587,1,17,6,1,6
2018010117130,1,9,0,9,0,8,0,0,0,0,0,1,3,2,39,7,1995,2,3,3,1,3
2018010117130,2,1,0,14,0,1,0,0,0,0,3,1,2,1,38,7,-1,-1,-1,4,1,4
2018010117137,1,9,0,5,0,6,0,0,0,0,3,2,6,1,37,7,1197,1,2,10,1,10
2018010117137,2,2,0,18,0,1,0,0,0,0,1,1,6,1,33,6,125,1,2,4,1,4
2018010117141,1,9,0,11,0,0,0,0,0,0,1,1,6,2,22,5,1149,1,14,4,1,4
2018010117141,2,9,0,3,0,0,0,0,0,0,2,1,6,1,49,8,1794,1,12,7,1,7
2018010117141,3,9,0,3,0,0,0,0,0,0,2,1,6,1,29,6,-1,-1,-1,5,1,5
2018010117143,1,9,0,-1,-1,-1,-1,-1,-1,-1,1,-1,6,2,33,6,-1,-1,-1,4,1,4
2018010117143,2,1,-1,-1,-1,-1,-1,-1,-1,-1,-1,1,6,2,-1,-1,-1,-1,-1,-1,-1,-1
2018010117145,1,9,0,-1,-1,0,-1,-1,-1,-1,1,-1,2,2,-1,-1,998,1,9,2,1,2
2018010117145,2,9,0,-1,-1,0,-1,-1,-1,-1,1,-1,6,3,-1,-1,1496,2,3,-1,-1,-1
2018010117149,1,19,0,-1,-1,0,-1,-1,-1,-1,1,-1,6,1,31,6,1560,2,2,3,1,3
2018010117149,2,8,0,-1,-1,0,-1,-1,-1,-1,2,-1,6,3,-1,-1,2148,2,9,3,-1,3
2018010117149,3,9,0,-1,-1,0,-1,-1,-1,-1,2,-1,6,3,-1,-1,1461,2,2,4,1,4
2018010117150,1,9,0,18,0,0,0,0,0,0,4,1,6,2,35,6,1398,1,8,4,1,4
2018010117167,1,9,0,3,0,1,0,0,0,0,2,1,6,1,24,5,998,1,6,2,1,2
2018010117167,2,9,0,18,0,1,0,0,0,0,1,1,6,1,28,6,-1,-1,-1,-1,-1,-1
2018010117174,1,9,0,5,0,6,0,0,0,0,1,1,6,1,46,8,2298,1,20,4,1,4
2018010117174,2,1,0,18,0,1,0,0,0,0,1,1,6,1,33,6,-1,-1,-1,7,1,7
2018010117175,1,11,0,15,2,0,0,0,0,0,0,1,1,1,58,9,8300,2,12,8,1,8
2018010117175,2,9,0,11,2,0,0,0,0,0,0,1,6,3,-1,-1,1397,1,10,-1,-1,-1
2018010117177,1,8,0,5,0,8,0,0,0,0,1,1,1,1,54,8,2143,2,3,3,1,3
2018010117177,2,1,0,5,0,8,0,0,0,0,2,1,2,2,23,5,-1,-1,-1,3,1,3
2018010117182,1,9,0,4,0,1,0,0,0,0,1,1,2,1,30,6,-1,-1,-1,4,1,4
2018010117182,2,9,0,4,0,1,0,0,0,0,2,1,6,1,49,8,1318,1,2,6,1,6
2018010117183,1,9,0,4,0,0,0,0,0,0,1,1,6,1,49,8,1798,8,3,-1,-1,-1
2018010117185,1,9,0,11,0,2,0,0,0,0,4,1,2,1,26,6,-1,-1,-1,2,1,2
2018010117185,2,1,0,6,0,1,0,0,0,0,1,1,2,1,35,6,-1,-1,-1,6,1,6
2018010117189,1,9,0,9,0,1,0,0,3,0,1,1,6,1,40,7,-1,-1,-1,4,1,4
2018010117189,2,2,0,18,9,2,0,0,0,0,1,1,1,1,22,5,108,1,4,1,1,1
2018010117192,1,19,0,9,0,5,0,0,0,0,2,1,2,1,68,10,1796,7,14,4,1,4
2018010117192,2,1,0,13,0,1,0,0,0,0,1,1,2,2,27,6,-1,-1,-1,7,1,7
2018010117193,1,9,0,5,0,8,0,0,0,0,2,1,6,1,18,4,1198,1,4,6,1,6
2018010117193,2,5,0,18,0,8,0,0,0,0,1,1,6,1,30,6,806,1,2,3,1,3
2018010117196,1,9,0,9,0,6,0,0,0,0,1,1,6,1,76,11,1598,1,12,3,1,3
2018010117196,2,1,0,17,0,1,0,0,0,0,1,1,6,1,40,7,-1,-1,-1,6,1,6
2018010117198,1,5,0,10,0,5,0,0,0,0,0,1,6,1,58,9,885,1,21,-1,-1,-1
2018010117198,2,9,0,10,0,5,0,0,0,0,0,1,1,1,57,9,1798,8,1,3,1,3
2018010117202,1,9,0,-1,-1,0,-1,-1,-1,-1,2,-1,6,3,-1,-1,1796,1,4,-1,-1,-1
2018010117204,1,9,0,9,0,1,0,0,0,0,0,1,2,1,46,8,1598,1,10,2,1,2
2018010117204,2,1,0,18,5,1,0,0,0,0,1,1,2,1,36,7,-1,-1,-1,2,1,2
2018010117205,1,10,0,13,0,1,0,0,0,0,4,1,1,1,34,6,-1,-1,-1,-1,-1,-1
2018010117208,1,1,-1,-1,-1,-1,-1,-1,-1,-1,1,1,2,1,27,6,-1,-1,-1,4,1,4
2018010117208,2,9,0,-1,-1,-1,-1,-1,-1,-1,-1,-1,6,3,-1,-1,-1,-1,-1,-1,-1,-1
2018010117210,1,1,0,18,0,8,5,0,0,0,3,1,6,1,16,4,-1,-1,-1,5,1,5
2018010117210,2,8,0,9,0,8,0,0,0,0,1,1,1,1,42,7,1598,1,5,1,1,1
2018010117212,1,9,0,9,0,5,0,0,0,0,4,1,6,1,30,6,-1,-1,-1,4,1,4
2018010117212,2,1,0,18,0,8,0,0,0,0,1,1,6,1,39,7,-1,-1,-1,5,1,5
2018010117214,1,9,0,5,0,1,0,0,0,0,1,1,6,1,58,9,998,1,10,2,1,2
2018010117215,1,9,0,-1,-1,-1,-1,-1,-1,-1,2,-1,6,1,45,7,1461,2,1,2,-1,2
2018010117217,1,9,0,18,0,2,0,0,0,0,0,1,2,2,52,8,1796,1,14,1,1,1
2018010117220,1,9,0,18,0,5,0,0,0,0,4,1,6,1,27,6,1598,1,11,2,1,2
2018010117221,1,5,0,3,0,1,0,0,1,0,3,1,6,1,45,7,1050,1,9,1,1,1
2018010117221,2,9,0,1,0,1,0,4,0,0,2,1,6,2,68,10,1596,1,14,-1,-1,-1
2018010117225,1,9,0,18,0,3,0,0,1,2,1,1,6,1,67,10,1796,1,17,4,1,4
2018010117226,1,9,0,18,0,2,0,4,0,0,1,1,6,2,67,10,1587,1,15,8,1,8
2018010117226,2,9,0,2,0,2,0,0,0,0,2,1,6,3,-1,-1,1798,8,6,-1,-1,-1
2018010117228,1,19,0,5,0,1,0,0,0,0,1,1,1,1,30,6,2198,2,4,4,1,4
2018010117232,1,8,0,5,0,0,0,0,0,0,4,1,6,1,50,8,1997,2,6,2,1,2
2018010117233,1,9,0,10,0,8,0,0,0,0,3,1,6,1,22,5,1390,1,13,3,1,3
2018010117233,2,9,0,18,0,1,0,0,0,0,1,1,2,1,18,4,999,1,-1,5,1,5
2018010117234,1,9,0,5,0,8,0,0,0,0,1,1,6,2,58,9,1590,1,18,5,1,5
2018010117239,1,3,0,18,0,1,0,0,0,0,3,1,1,1,46,8,125,1,-1,1,1,1
2018010117239,2,9,0,11,0,1,0,0,0,0,4,1,6,2,37,7,1995,2,5,2,1,2
2018010117240,1,9,0,7,0,4,0,0,0,0,1,2,6,2,36,7,1995,2,4,10,1,10
2018010117240,2,1,0,18,0,3,0,0,0,0,1,1,2,1,59,9,-1,-1,-1,7,1,7
2018010117242,1,1,0,9,0,8,0,0,0,0,2,1,6,1,24,5,-1,-1,-1,1,1,1
2018010117242,2,9,0,9,0,8,0,0,0,0,1,1,6,3,-1,-1,-1,-1,-1,-1,-1,-1
2018010117246,1,9,0,18,0,1,0,0,0,0,1,1,6,1,35,6,2979,1,4,2,1,2
2018010117246,2,1,0,18,0,1,0,0,0,0,3,1,2,1,44,7,-1,-1,-1,3,1,3
2018010117247,1,3,0,18,2,1,0,0,0,0,3,1,6,1,26,6,125,1,1,5,1,5
2018010117247,2,9,0,9,0,8,0,0,7,0,3,1,6,1,53,8,-1,-1,-1,2,1,2
2018010117248,1,8,0,18,0,8,0,0,0,0,3,1,1,1,45,7,1797,8,8,4,1,4
2018010117248,2,9,0,9,0,5,0,0,0,0,1,1,6,1,55,8,2143,2,6,9,1,9
2018010117250,1,9,0,1,0,0,0,0,0,0,2,1,6,2,23,5,1998,2,10,1,1,1
2018010117252,1,10,0,18,0,0,0,0,0,0,4,1,6,1,29,6,2400,2,16,7,1,7
2018010117252,2,9,0,-1,0,0,0,0,0,0,-1,1,6,3,-1,-1,2967,2,11,4,1,4
2018010117253,1,9,0,18,0,0,0,0,0,0,4,1,3,2,43,7,1364,1,9,9,1,9
2018010117254,1,9,0,3,0,1,0,0,0,0,1,1,6,3,-1,-1,1798,8,3,-1,-1,-1
2018010117254,2,1,0,3,0,2,0,0,0,0,0,1,6,1,47,8,-1,-1,-1,7,1,7
2018010117255,1,4,0,18,0,0,1,0,0,0,1,1,1,1,47,8,125,1,4,3,1,3
2018010117256,1,9,0,4,0,1,0,0,0,0,2,1,6,1,22,5,999,1,3,3,1,3
2018010117256,2,3,0,15,0,2,0,0,0,0,1,1,6,1,31,6,124,1,18,7,1,7
2018010117256,3,8,0,18,0,2,0,0,0,0,1,1,6,1,60,9,1686,2,7,2,1,2
2018010117257,1,4,0,18,0,1,2,0,0,0,0,1,6,1,28,6,599,1,15,-1,-1,-1
2018010117257,2,9,0,9,0,1,0,0,0,0,0,1,6,3,-1,-1,-1,-1,-1,-1,-1,-1
2018010117258,1,4,0,9,0,8,0,0,0,0,1,1,6,1,43,7,124,1,14,2,1,2
2018010117258,2,9,0,18,0,8,0,0,0,0,1,1,1,1,46,8,1797,8,8,2,1,2
2018010117260,1,9,0,18,0,8,1,0,0,0,2,1,6,1,49,8,1198,1,15,-1,-1,-1
2018010117260,2,9,0,12,2,8,0,0,0,0,4,1,6,1,29,6,2993,2,7,-1,-1,-1
2018010117260,3,9,0,18,0,8,0,0,0,0,3,1,6,1,37,7,1586,1,11,-1,-1,-1
2018010117264,1,1,0,18,0,3,0,0,0,0,3,1,1,1,23,5,-1,-1,-1,6,1,6
2018010117264,2,9,0,5,0,4,0,0,0,0,1,1,2,1,40,7,1896,2,13,6,1,6
2018010117267,1,9,0,18,0,0,0,0,0,0,2,1,2,1,48,8,1790,8,4,2,1,2
2018010117267,2,20,0,18,0,0,0,0,0,0,1,2,6,3,-1,-1,-1,-1,-1,-1,-1,-1
2018010117270,1,21,1,11,0,0,0,0,0,0,4,1,1,1,47,8,-1,-1,-1,2,1,2
2018010117270,2,1,0,18,0,0,0,0,0,0,3,1,2,1,45,7,-1,-1,-1,7,1,7
2018010117277,1,1,-1,-1,-1,-1,-1,-1,-1,-1,-1,1,2,2,27,6,-1,-1,-1,9,1,9
2018010117277,2,9,0,-1,-1,-1,-1,-1,-1,-1,-1,-1,6,3,-1,-1,1997,2,8,4,1,4
2018010117280,1,1,0,5,0,1,1,11,0,0,1,1,1,1,26,6,-1,-1,-1,3,1,3
2018010117284,1,9,0,7,0,8,0,0,0,0,1,1,6,2,39,7,1796,1,10,5,1,5
2018010117284,2,1,0,5,0,2,0,0,0,0,2,1,2,2,36,7,-1,-1,-1,4,1,4
2018010117285,1,9,0,5,0,1,0,0,0,0,1,1,2,1,29,6,998,1,1,2,1,2
2018010117288,1,5,0,4,0,1,1,0,0,0,3,1,6,1,33,6,750,1,12,3,1,3
2018010117289,1,9,0,18,0,0,0,0,0,0,2,1,6,2,42,7,1798,1,10,3,1,3
2018010117289,2,9,0,18,0,0,0,0,0,0,1,-1,6,2,-1,-1,2987,2,11,8,1,8
2018010117292,1,1,0,18,0,1,0,11,0,0,1,1,6,1,25,5,-1,-1,-1,7,1,7
2018010117292,2,9,0,2,0,1,0,11,0,0,0,1,6,3,-1,-1,-1,-1,-1,-1,-1,-1
2018010117293,1,9,0,18,0,0,5,10,0,0,1,1,6,2,45,7,1984,1,4,9,1,9
2018010117298,1,19,0,9,0,8,0,0,0,0,3,1,1,1,46,8,2198,2,5,8,1,8
2018010117298,2,1,0,14,0,1,0,0,0,0,1,1,2,2,29,6,-1,-1,-1,2,1,2
2018010117303,1,1,-1,-1,-1,-1,-1,-1,-1,-1,-1,1,6,2,48,8,-1,-1,-1,4,1,4
2018010117303,2,3,0,-1,-1,-1,-1,-1,-1,-1,1,1,6,3,-1,-1,125,1,1,4,1,4
2018010117304,1,9,-1,18,-1,1,-1,0,0,0,2,-1,6,1,-1,-1,1598,1,10,1,1,1
2018010117304,2,9,0,18,0,1,0,0,0,0,1,-1,6,3,-1,-1,998,1,1,-1,-1,-1
2018010117308,1,9,0,8,0,1,0,0,0,0,2,1,6,2,19,4,1198,1,11,2,1,2
2018010117308,2,9,0,18,0,1,0,0,0,0,1,1,6,1,-1,-1,1242,1,12,2,-1,2
2018010117316,1,3,-1,-1,-1,0,-1,-1,-1,-1,-1,1,6,1,35,6,125,1,1,4,1,4
2018010117316,2,8,-1,-1,-1,0,-1,-1,-1,-1,-1,-1,6,3,-1,-1,2143,2,4,-1,-1,-1
2018010117321,1,8,0,-1,-1,0,-1,-1,-1,-1,2,-1,6,1,38,7,1797,8,8,3,1,3
2018010117321,2,9,0,-1,-1,0,-1,-1,-1,-1,1,-1,6,3,-1,-1,1498,1,10,-1,-1,-1
2018010117324,1,9,0,-1,-1,-1,-1,-1,-1,-1,2,1,2,1,30,6,1598,1,13,9,1,9
2018010117324,2,9,-1,-1,-1,-1,-1,-1,-1,-1,2,-1,6,3,-1,-1,-1,-1,-1,-1,-1,-1
2018010117325,1,1,0,18,0,8,2,0,0,0,2,1,1,1,25,5,-1,-1,-1,2,1,2
2018010117326,1,9,0,10,0,5,0,0,0,0,4,1,6,1,17,4,1596,1,8,3,1,3
2018010117326,2,3,0,18,0,1,2,0,0,0,1,1,2,1,32,6,125,1,2,4,1,4
2018010117327,1,2,0,13,8,8,1,0,0,0,3,1,1,1,22,5,-1,-1,-1,2,1,2
2018010117327,2,9,0,9,0,8,0,0,0,0,4,1,6,1,20,4,1968,2,4,7,1,7
2018010117329,1,8,-1,-1,-1,-1,-1,-1,-1,-1,-1,-1,1,1,-1,-1,-1,-1,-1,-1,-1,-1
2018010117330,1,3,0,18,0,1,0,0,0,0,1,1,1,1,27,6,125,1,-1,9,1,9
2018010117330,2,19,0,9,0,1,0,0,0,0,3,1,2,1,58,9,1995,2,10,9,1,9
2018010117332,1,11,0,18,0,0,0,0,0,0,0,1,6,1,60,9,9000,2,10,2,1,2
2018010117335,1,9,-1,8,0,1,0,0,0,0,2,-1,6,1,34,6,-1,-1,-1,5,1,5
2018010117335,2,19,-1,1,0,1,0,0,0,0,2,-1,6,3,-1,-1,1461,2,4,-1,-1,-1
2018010117339,1,5,0,15,9,7,5,0,1,0,1,1,6,1,-1,-1,535,1,21,-1,-1,-1
2018010117339,2,9,0,18,0,7,0,0,0,0,0,1,1,1,29,6,1560,2,4,2,1,2
2018010117344,1,5,0,18,0,0,0,0,0,0,1,1,6,1,25,5,805,1,10,3,1,3
2018010117344,2,9,0,18,0,0,0,0,0,0,2,1,6,1,-1,-1,998,1,-1,8,1,8
2018010117345,1,9,0,3,0,2,0,0,0,0,2,1,6,2,78,11,1396,1,16,9,1,9
2018010117345,2,19,0,18,0,8,0,0,0,0,1,1,6,3,-1,-1,-1,-1,-1,-1,-1,-1
2018010117348,1,11,0,5,0,2,0,0,0,0,0,1,6,1,45,7,4500,2,1,6,1,6
2018010117349,1,9,0,9,0,6,0,0,0,0,3,1,1,1,34,6,1598,1,13,4,1,4
2018010117349,2,1,0,18,0,1,5,0,7,0,4,1,6,1,54,8,-1,-1,-1,4,1,4
2018010117351,1,20,0,14,0,0,0,0,0,0,4,1,1,1,58,9,2143,2,3,9,1,9
2018010117352,1,9,0,7,0,8,0,0,0,0,1,1,6,2,37,7,2148,2,14,-1,-1,-1
2018010117352,2,9,0,5,0,8,0,0,0,0,1,1,6,2,42,7,1390,1,10,5,1,5
2018010117354,1,9,0,4,0,1,0,0,0,0,1,1,6,1,56,9,1950,2,-1,9,1,9
2018010117354,2,1,0,15,0,1,0,0,0,0,1,1,6,1,44,7,-1,-1,-1,7,1,7
2018010117356,1,5,0,3,0,5,0,0,0,0,2,1,6,1,37,7,599,1,18,5,1,5
2018010117356,2,9,0,3,0,5,0,4,0,0,1,1,6,1,36,7,1995,2,11,7,1,7
2018010117357,1,19,0,6,0,0,0,0,0,0,3,1,1,1,34,6,1560,2,4,8,1,8
2018010117357,2,4,0,14,0,0,2,0,0,0,1,1,6,1,36,7,-1,-1,-1,3,1,3
2018010117365,1,1,-1,-1,-1,-1,-1,-1,-1,-1,-1,1,6,1,28,6,-1,-1,-1,4,1,4
2018010117365,2,11,0,-1,-1,-1,-1,-1,-1,-1,1,-1,6,3,-1,-1,-1,-1,-1,-1,-1,-1
2018010117366,1,9,0,9,0,8,0,0,0,0,1,1,1,2,53,8,1997,2,2,3,1,3
2018010117369,1,9,0,18,0,-1,0,-1,-1,-1,1,1,6,1,-1,-1,1968,2,1,5,3,5
2018010117369,2,19,-1,18,0,-1,0,-1,0,0,-1,1,6,1,33,6,1248,2,4,2,1,2
2018010117373,1,11,0,18,0,8,0,0,0,0,4,1,6,3,-1,-1,-1,-1,-1,-1,-1,-1
2018010117375,1,11,0,5,0,0,0,0,0,0,0,1,1,2,23,5,9360,2,8,3,1,3
2018010117380,1,9,0,4,0,1,0,0,0,0,1,1,6,2,38,7,1499,2,2,4,1,4
2018010117382,1,9,0,-1,-1,0,-1,-1,-1,-1,-1,-1,2,2,45,7,1598,1,11,6,1,6
2018010117383,1,9,0,18,0,1,0,0,0,0,1,1,6,1,91,11,1364,1,10,4,1,4
2018010117383,2,9,0,18,0,1,0,0,0,0,2,1,6,1,33,6,2191,2,1,7,1,7
2018010117383,3,9,0,2,0,1,0,0,0,0,0,1,6,3,-1,-1,2967,2,5,-1,-1,-1
2018010117388,1,9,0,18,0,1,0,0,0,0,1,1,6,3,-1,-1,-1,-1,-1,-1,-1,-1
2018010117389,1,9,0,18,0,8,0,0,0,0,1,1,6,2,28,6,1598,1,12,2,1,2
2018010117389,2,9,0,9,0,8,0,0,0,0,1,1,6,2,33,6,1398,2,14,5,1,5
2018010117393,1,9,0,13,0,0,0,0,0,0,4,1,2,2,57,9,1496,1,2,10,1,10
2018010117393,2,1,0,18,0,0,0,0,0,0,3,1,6,1,55,8,-1,-1,-1,6,1,6
2018010117396,1,19,0,7,0,1,0,0,0,0,0,1,1,1,42,7,2148,2,11,5,1,5
2018010117396,2,9,0,3,0,1,0,0,0,0,0,1,6,1,43,7,2497,2,13,4,-1,4
2018010117402,1,9,0,-1,-1,-1,-1,-1,-1,-1,-1,-1,6,3,-1,-1,-1,-1,-1,-1,-1,-1
2018010117403,1,3,0,18,0,8,0,0,0,0,1,1,6,1,30,6,125,1,3,2,1,2
2018010117403,2,9,0,9,0,6,0,0,0,0,1,1,6,1,35,6,1390,1,13,6,1,6
2018010117404,1,1,0,9,0,8,0,0,-1,10,1,1,2,1,70,10,-1,-1,-1,5,1,5
2018010117409,1,1,-1,-1,-1,0,-1,-1,-1,-1,1,1,2,1,33,6,-1,-1,-1,8,1,8
2018010117409,2,9,0,-1,-1,0,-1,-1,-1,-1,-1,-1,6,3,28,6,1984,1,1,6,1,6
2018010117411,1,9,0,7,0,1,0,0,0,0,2,1,6,1,38,7,1497,8,10,7,1,7
2018010117411,2,3,0,9,0,1,0,0,0,0,2,1,6,1,35,6,125,1,9,6,1,6
2018010117412,1,11,0,5,0,0,0,0,0,0,0,1,1,1,36,7,5883,2,16,3,1,3
2018010117414,1,9,0,-1,-1,-1,-1,-1,-1,-1,1,-1,6,1,31,6,2231,2,10,7,1,7
2018010117414,2,9,0,-1,-1,-1,-1,-1,-1,-1,1,-1,6,2,-1,-1,1699,1,9,3,1,3
2018010117417,1,9,0,3,0,0,0,0,0,0,2,1,6,1,31,6,1995,2,7,2,1,2
2018010117417,2,9,0,18,0,0,0,0,0,0,1,1,6,3,-1,-1,2435,1,14,-1,-1,-1
2018010117418,1,9,0,9,0,5,0,0,0,0,1,1,6,1,50,8,4367,2,2,9,1,9
2018010117418,2,3,0,18,0,8,0,0,0,0,3,1,6,1,29,6,125,1,1,-1,-1,-1
2018010117418,3,10,0,9,0,6,0,0,0,0,0,1,6,3,-1,-1,-1,-1,-1,-1,-1,-1
2018010117420,1,5,0,-1,-1,-1,-1,-1,-1,-1,-1,1,6,1,29,6,1052,1,23,4,1,4
2018010117420,2,9,0,-1,-1,-1,-1,-1,-1,-1,4,-1,6,3,55,8,3993,1,2,8,1,8
2018010117425,1,9,0,18,0,1,0,0,0,0,4,1,6,1,21,5,1332,1,12,2,1,2
2018010117425,2,9,0,18,0,1,0,0,0,0,3,1,6,1,44,7,2967,2,-1,3,1,3
2018010117426,1,9,0,18,0,2,0,0,0,0,2,1,6,1,50,8,1968,2,4,10,1,10
2018010117426,2,9,0,18,0,8,0,0,0,0,2,1,6,1,37,7,2143,2,7,7,1,7
2018010117426,3,9,0,18,0,1,0,0,0,0,1,1,3,2,48,8,1598,1,4,3,1,3
2018010117427,1,9,0,7,0,0,0,0,0,0,3,1,1,1,48,8,998,1,1,6,2,6
2018010117427,2,1,0,18,0,0,0,0,0,0,1,1,1,1,33,6,-1,-1,-1,2,1,2
2018010117431,1,1,0,5,0,1,0,0,0,0,1,1,6,1,24,5,-1,-1,-1,6,1,6
2018010117432,1,5,0,18,0,0,0,0,0,0,1,1,6,2,29,6,-1,-1,-1,2,1,2
2018010117434,1,3,0,5,0,1,0,0,0,0,1,1,6,1,39,7,124,1,4,2,1,2
2018010117434,2,1,0,18,0,1,0,0,0,0,1,1,6,2,23,5,-1,-1,-1,3,1,3
2018010117436,1,9,0,-1,-1,-1,-1,-1,-1,-1,2,-1,6,2,-1,-1,1461,2,1,4,1,4
2018010117439,1,3,0,13,0,0,5,11,0,0,1,1,1,1,26,6,125,1,6,2,1,2
2018010117441,1,9,0,18,0,0,0,0,0,0,1,1,6,1,30,6,3498,1,17,9,-1,9
2018010117441,2,1,0,9,0,0,0,0,0,0,1,1,6,1,16,4,-1,-1,-1,3,1,3
2018010117443,1,3,0,9,0,8,0,4,0,0,3,1,6,1,32,6,125,1,4,2,1,2
2018010117444,1,9,0,9,0,8,0,0,0,0,1,1,6,1,64,9,998,1,16,8,1,8
2018010117444,2,1,0,10,0,8,0,0,0,0,2,1,1,2,60,9,-1,-1,-1,3,1,3
2018010117445,1,2,0,13,0,0,0,0,0,0,4,1,6,1,17,4,124,1,3,10,1,10
2018010117445,2,9,0,12,0,0,0,0,0,0,3,2,6,1,57,9,1997,2,11,4,1,4
2018010117448,1,3,0,13,0,0,0,0,0,0,1,1,6,1,18,4,125,1,3,-1,-1,-1
2018010117448,2,9,0,12,0,0,0,0,0,0,3,1,6,1,48,8,1598,2,4,3,1,3
2018010117452,1,9,0,4,0,0,0,0,0,0,3,1,6,1,51,8,1364,1,13,1,1,1
2018010117452,2,1,0,18,0,0,0,8,0,0,1,1,6,1,52,8,-1,-1,-1,-1,-1,-1
2018010117453,1,9,0,2,0,2,0,0,0,0,1,1,6,3,-1,-1,2996,1,2,-1,-1,-1
2018010117453,2,9,0,2,0,2,0,0,0,0,1,1,6,3,-1,-1,1598,2,6,-1,-1,-1
2018010117453,3,9,0,3,0,8,5,0,0,0,1,1,6,1,26,6,998,1,5,4,1,4
2018010117455,1,9,0,9,0,6,0,0,0,0,2,1,1,1,37,7,1582,2,7,2,1,2
2018010117455,2,9,0,16,0,1,0,0,0,0,1,1,6,2,31,6,999,1,6,2,1,2
2018010117458,1,9,0,18,0,1,0,0,0,0,4,1,6,3,-1,-1,-1,-1,-1,-1,-1,-1
2018010117458,2,1,0,18,0,1,0,0,0,0,1,1,6,1,9,2,-1,-1,-1,2,1,2
2018010117459,1,9,0,7,4,8,0,0,0,0,1,1,6,2,23,5,2143,2,5,1,1,1
2018010117459,2,1,0,18,4,8,0,0,0,0,0,1,6,2,26,6,-1,-1,-1,-1,-1,-1
2018010117463,1,9,0,9,0,6,0,0,1,2,1,1,6,2,47,8,1998,1,2,4,1,4
2018010117463,2,9,0,18,0,8,0,0,0,0,0,1,6,3,-1,-1,-1,-1,-1,-1,-1,-1
2018010117464,1,9,0,18,0,8,5,9,7,1,1,1,6,1,28,6,1896,2,16,6,1,6
2018010117464,2,8,0,7,0,8,0,10,1,7,1,1,1,1,49,8,1997,2,3,3,1,3
2018010117464,3,9,0,2,6,3,0,0,0,0,2,1,6,3,-1,-1,1998,1,10,-1,-1,-1
2018010117466,1,4,0,18,0,1,2,0,0,0,1,1,6,1,38,7,125,1,4,4,1,4
2018010117466,2,3,0,18,0,2,0,0,0,0,1,1,6,1,43,7,108,1,5,5,1,5
2018010117469,1,9,0,18,0,8,0,0,0,0,1,1,6,3,-1,-1,-1,-1,-1,-1,-1,-1
2018010117469,2,1,0,18,0,8,0,0,0,0,4,1,6,1,32,6,-1,-1,-1,5,1,5
2018010117470,1,9,0,9,0,3,0,0,7,10,1,1,6,1,52,8,1896,2,12,7,1,7
2018010117472,1,8,0,18,0,1,0,0,0,0,1,1,1,1,39,7,1798,8,2,3,1,3
2018010117472,2,9,0,3,0,1,0,0,0,0,2,1,6,1,33,6,1997,2,6,3,1,3
2018010117473,1,9,0,4,0,0,0,0,0,0,2,1,2,1,53,8,2149,2,11,1,1,1
2018010117473,2,5,0,4,0,0,1,0,0,0,1,1,2,1,46,8,998,1,11,-1,-1,-1
2018010117483,1,3,0,-1,-1,0,-1,-1,-1,-1,-1,1,6,1,25,5,125,1,-1,4,1,4
2018010117483,2,9,0,-1,-1,0,-1,-1,-1,-1,-1,-1,6,3,-1,-1,1995,2,4,-1,-1,-1
2018010117484,1,8,0,9,0,6,0,0,0,0,1,1,1,1,74,10,2499,2,12,7,1,7
2018010117484,2,1,0,18,0,1,0,0,0,0,1,1,2,2,38,7,-1,-1,-1,3,1,3
2018010117485,1,1,-1,-1,-1,0,-1,-1,-1,-1,-1,1,2,1,39,7,-1,-1,-1,4,1,4
2018010117485,2,9,0,-1,-1,0,-1,-1,-1,-1,-1,-1,6,3,28,6,-1,-1,-1,-1,-1,-1
2018010117490,1,9,-1,18,0,1,-1,0,0,0,-1,-1,6,3,-1,-1,-1,-1,-1,-1,-1,-1
2018010117500,1,8,0,18,0,-1,0,-1,0,0,4,1,1,1,52,8,2499,2,4,4,1,4
2018010117500,2,9,-1,18,0,-1,-1,-1,-1,-1,-1,1,6,3,-1,-1,1686,2,4,-1,-1,-1
2018010117503,1,9,0,5,0,0,0,0,0,0,3,1,6,1,30,6,1596,1,10,7,1,7
2018010117503,2,9,0,17,0,0,0,0,0,0,4,1,3,2,48,8,-1,3,3,2,1,2
2018010117511,1,19,0,3,0,1,0,0,0,0,1,1,1,1,31,6,2143,2,3,3,1,3
2018010117511,2,8,0,1,0,5,0,0,0,0,2,1,1,1,44,7,2143,2,1,6,1,6
2018010117512,1,9,0,2,0,0,0,-1,-1,-1,2,-1,6,3,-1,-1,1798,1,12,-1,-1,-1
2018010117512,2,1,-1,-1,-1,0,-1,-1,-1,-1,1,1,6,1,-1,-1,-1,-1,-1,9,1,9
2018010117515,1,1,0,18,0,1,0,0,0,0,3,1,1,1,33,6,-1,-1,-1,1,1,1
2018010117515,2,9,0,18,0,1,0,0,0,0,1,1,1,1,41,7,1896,2,14,3,1,3