Accident_Index,Vehicle_Reference,Vehicle_Type,Towing_and_Articulation,Vehicle_Manoeuvre,Vehicle_Location-Restricted_Lane,Junction_Location,Skidding_and_Overturning,Hit_Object_in_Carriageway,Vehicle_Leaving_Carriageway,Hit_Object_off_Carriageway,1st_Point_of_Impact,Was_Vehicle_Left_Hand_Drive?,Journey_Purpose_of_Driver,Sex_of_Driver,Age_of_Driver,Age_Band_of_Driver,Engine_Capacity_(CC),Propulsion_Code,Age_of_Vehicle,Driver_IMD_Decile,Driver_Home_Area_Type,Vehicle_IMD_Decile
2018010117838,1,9,0,17,0,8,1,0,0,0,1,1,6,1,29,6,1956,2,7,2,1,2
2018010117838,2,9,0,9,0,8,1,10,7,0,4,1,6,1,33,6,1299,1,14,3,1,3
2018010117839,1,11,0,5,0,4,0,0,0,0,0,1,1,1,57,9,6700,2,3,8,1,8
2018010117840,1,9,0,9,0,1,0,0,0,0,1,1,6,1,31,6,-1,-1,-1,3,1,3
2018010117840,2,9,0,18,0,1,0,0,0,0,1,1,6,2,24,5,1595,1,2,6,1,6
2018010117841,1,1,0,18,9,0,0,0,0,0,1,1,6,1,20,4,-1,-1,-1,-1,-1,-1
2018010117842,1,5,0,18,0,8,0,0,0,0,4,1,2,1,45,7,689,1,1,9,1,9
2018010117842,2,9,0,9,0,6,0,0,0,0,1,1,6,2,59,9,2993,2,2,8,1,8
2018010117843,1,11,0,18,0,0,0,0,0,0,0,1,1,1,57,9,9000,2,9,6,1,6
2018010117847,1,11,0,4,0,0,0,0,0,0,0,1,1,1,49,8,5132,2,3,1,1,1
2018010117848,1,9,0,18,0,1,0,0,0,0,3,1,6,2,40,7,1685,2,5,2,1,2
2018010117849,1,9,0,7,0,0,0,0,0,0,4,1,6,2,43,7,1396,1,4,4,1,4
2018010117849,2,1,0,15,0,0,0,0,0,0,1,1,6,1,19,4,-1,-1,-1,2,1,2
2018010117851,1,9,0,1,0,1,0,0,0,0,2,1,6,2,23,5,1364,1,10,5,1,5
2018010117852,1,3,0,18,0,0,0,0,0,0,2,1,6,1,40,7,124,1,11,3,1,3
2018010117852,2,9,0,15,0,0,0,0,0,0,1,1,6,3,-1,-1,-1,-1,-1,-1,-1,-1
2018010117853,1,9,0,5,0,0,0,0,0,0,1,1,6,1,63,9,-1,-1,-1,2,1,2
2018010117853,2,9,0,3,0,0,0,0,0,0,2,1,6,2,32,6,1968,2,8,8,1,8
2018010117853,3,9,0,5,0,0,0,0,0,0,2,1,6,2,34,6,1197,1,6,5,1,5
2018010117856,1,9,0,18,0,8,0,0,0,0,3,1,6,1,77,11,1999,1,16,4,1,4
2018010117856,2,9,0,18,0,6,0,0,0,0,1,1,6,1,28,6,2148,2,14,3,1,3
2018010117857,1,9,0,10,0,1,0,0,0,0,0,1,2,1,32,6,1560,2,8,5,1,5
2018010117857,2,5,0,18,0,1,0,0,0,0,4,1,6,1,34,6,599,1,9,1,1,1
2018010117858,1,9,0,9,0,3,0,0,0,0,4,1,6,1,28,6,2993,2,12,2,1,2
2018010117858,2,5,0,18,0,4,0,0,0,0,1,1,6,1,49,8,749,1,7,8,1,8
2018010117860,1,9,0,9,0,2,0,0,0,0,1,1,6,1,29,6,1339,1,8,2,1,2
2018010117863,1,9,0,-1,-1,0,-1,-1,-1,-1,-1,-1,6,2,28,6,1198,1,7,5,1,5
2018010117863,2,9,0,1,-1,0,0,0,0,0,-1,-1,6,3,-1,-1,1396,1,21,-1,-1,-1
2018010117865,1,1,0,18,0,3,0,0,0,0,1,1,6,1,19,4,-1,-1,-1,5,1,5
2018010117865,2,9,0,3,0,2,0,0,0,0,2,1,6,1,29,6,2143,2,4,3,1,3
2018010117871,1,9,0,18,0,1,0,10,0,0,1,1,6,1,30,6,1956,2,8,6,1,6
2018010117873,1,19,0,18,0,0,0,0,0,0,1,1,6,1,35,6,2463,2,13,-1,-1,-1
2018010117873,2,9,0,2,0,0,0,0,0,0,2,1,6,3,-1,-1,1991,1,1,-1,-1,-1
2018010117873,3,9,0,2,0,0,0,0,0,0,2,1,6,3,-1,-1,1198,1,12,-1,-1,-1
2018010117875,1,8,0,3,0,0,0,0,0,0,2,1,1,1,38,7,-1,-1,-1,1,1,1
2018010117875,2,5,0,18,0,0,0,0,0,0,1,1,6,1,-1,-1,599,1,17,-1,-1,-1
2018010117877,1,9,0,18,0,1,0,0,0,0,2,1,6,2,40,7,1199,1,14,3,1,3
2018010117877,2,9,0,18,0,1,0,0,0,0,1,1,6,1,37,7,1995,2,14,3,1,3
2018010117880,1,9,0,12,0,1,0,0,0,0,2,1,6,1,25,5,2993,2,6,3,1,3
2018010117880,2,8,0,18,0,1,0,0,0,0,1,1,1,1,48,8,1968,2,5,2,1,2
2018010117881,1,11,0,7,0,5,0,0,0,0,2,1,1,1,42,7,6700,2,6,4,1,4
2018010117881,2,9,0,7,0,5,1,0,0,0,1,1,6,1,30,6,1995,2,8,3,1,3
2018010117886,1,9,0,18,0,0,0,11,5,2,1,1,6,1,53,8,3199,1,17,-1,-1,-1
2018010117887,1,9,0,7,0,1,0,0,0,0,4,1,6,1,43,7,1995,2,4,4,1,4
2018010117888,1,19,0,16,0,0,0,0,7,2,1,1,2,1,26,6,1598,2,1,7,1,7
2018010117890,1,9,0,18,0,8,0,0,0,0,1,1,6,1,54,8,1794,1,14,2,1,2
2018010117890,2,9,0,18,0,1,0,0,0,0,1,1,6,1,21,5,-1,-1,-1,-1,-1,-1
2018010117894,1,8,0,18,0,0,0,0,0,0,3,1,1,1,60,9,1791,8,7,1,1,1
2018010117894,2,9,0,18,0,0,1,0,0,0,4,1,6,3,28,6,1984,1,1,-1,-1,-1
2018010117894,3,8,0,18,0,0,0,0,0,0,3,1,1,1,52,8,1997,2,7,3,1,3
2018010117895,1,3,0,13,0,0,0,0,3,0,1,1,6,1,52,8,124,1,28,-1,-1,-1
2018010117896,1,8,0,18,0,2,0,0,0,0,4,1,1,2,58,9,2402,2,13,7,2,7
2018010117896,2,9,0,12,0,1,0,0,0,0,3,1,6,1,68,10,2199,1,22,1,1,1
2018010117900,1,9,0,-1,-1,0,-1,-1,-1,-1,2,-1,6,2,-1,-1,1995,2,5,4,1,4
2018010117903,1,9,0,18,0,1,5,7,7,0,1,1,6,2,89,11,999,1,5,10,1,10
2018010117906,1,9,0,-1,-1,-1,-1,-1,-1,-1,2,-1,2,1,28,6,1200,1,-1,2,1,2
2018010117906,2,9,0,-1,-1,-1,-1,-1,-1,-1,-1,-1,6,3,-1,-1,1388,1,8,7,1,7
2018010117908,1,9,0,3,0,0,0,0,0,0,1,1,6,1,21,5,1598,2,2,1,1,1
2018010117909,1,9,0,-1,-1,-1,-1,-1,-1,-1,2,-1,2,1,50,8,1390,1,10,7,1,7
2018010117909,2,19,0,-1,-1,-1,-1,-1,-1,-1,1,-1,6,3,-1,-1,1870,2,12,-1,-1,-1
2018010117911,1,9,0,15,0,8,0,0,0,0,4,1,6,1,34,6,1796,1,13,4,1,4
2018010117911,2,5,0,5,0,8,0,0,0,0,1,1,6,1,37,7,998,1,13,3,1,3
2018010117915,1,11,0,4,0,0,0,0,0,0,0,1,1,1,49,8,9000,2,8,3,1,3
2018010117918,1,9,0,18,0,1,0,0,0,0,1,1,6,3,18,4,-1,-1,-1,-1,-1,-1
2018010117927,1,9,0,-1,-1,-1,-1,-1,-1,-1,-1,-1,6,2,35,6,1591,1,1,2,1,2
2018010117927,2,9,0,-1,-1,-1,-1,-1,-1,-1,-1,-1,6,3,-1,-1,-1,-1,-1,-1,-1,-1
2018010117928,1,9,0,1,9,6,0,0,0,0,2,1,6,2,47,8,875,1,6,3,1,3
2018010117929,1,2,0,15,0,8,1,0,0,0,3,1,6,1,29,6,124,1,8,2,1,2
2018010117929,2,9,0,9,0,6,0,0,0,0,3,1,6,3,-1,-1,-1,-1,-1,-1,-1,-1
2018010117933,1,9,0,9,0,5,0,0,0,0,4,1,6,1,34,6,1995,2,11,1,1,1
2018010117933,2,2,0,18,0,5,1,0,0,0,1,1,6,1,52,8,125,1,1,1,1,1
2018010117934,1,9,0,-1,-1,-1,-1,-1,-1,-1,2,-1,6,1,48,8,1598,1,5,3,1,3
2018010117934,2,9,0,-1,-1,-1,-1,-1,-1,-1,1,-1,6,3,-1,-1,2179,2,7,-1,-1,-1
2018010117935,1,9,0,4,0,2,0,0,0,0,1,1,6,1,22,5,1229,1,9,2,1,2
2018010117935,2,9,0,4,0,2,0,0,0,0,2,1,6,1,61,9,1951,2,13,3,1,3
2018010117938,1,3,0,18,0,2,0,0,0,0,1,1,6,1,23,5,125,1,13,1,1,1
2018010117942,1,9,0,18,0,1,0,0,0,0,1,1,6,1,28,6,1796,1,13,3,1,3
2018010117942,2,9,0,3,0,1,0,4,0,0,2,1,6,2,36,7,1560,2,11,5,1,5
2018010117942,3,9,0,3,0,1,0,0,0,0,2,1,6,2,54,8,2497,2,12,7,1,7
2018010117947,1,9,0,18,0,0,0,0,0,0,3,1,6,1,60,9,2143,2,2,5,1,5
2018010117947,2,9,0,18,0,0,0,0,7,0,1,1,6,1,33,6,2480,1,6,9,3,9
2018010117947,3,9,0,2,0,0,0,0,0,0,3,1,6,3,-1,-1,2143,2,8,-1,-1,-1
2018010117950,1,9,0,4,0,0,0,0,0,0,4,1,6,1,50,8,1995,2,6,6,1,6
2018010117950,2,3,0,13,0,0,0,0,0,0,1,1,1,2,26,6,124,1,9,4,1,4
2018010117955,1,1,0,18,0,0,0,0,0,0,1,1,6,1,53,8,-1,-1,-1,5,1,5
2018010117955,2,9,0,2,0,0,0,0,0,0,2,1,6,3,-1,-1,1240,1,13,-1,-1,-1
2018010117956,1,9,0,-1,-1,-1,-1,-1,-1,-1,2,-1,6,1,51,8,1794,1,13,9,1,9
2018010117964,1,9,0,7,0,4,0,0,0,0,1,1,6,2,74,10,898,1,2,5,1,5
2018010117964,2,1,0,7,0,3,5,0,0,0,4,1,6,1,28,6,-1,-1,-1,4,1,4
2018010117970,1,3,0,3,0,8,5,0,0,0,1,1,6,1,36,7,124,1,1,2,1,2
2018010117970,2,9,0,9,0,5,0,0,0,0,1,1,6,2,32,6,1596,1,9,2,1,2
2018010117977,1,9,0,7,0,4,0,0,0,0,1,1,6,2,34,6,1461,2,3,1,1,1
2018010117977,2,9,0,18,0,3,0,10,7,10,1,1,6,1,38,7,999,1,1,5,1,5
2018010117978,1,5,0,18,0,8,0,0,0,0,3,1,6,1,24,5,471,1,4,5,1,5
2018010117984,1,3,0,-1,-1,0,-1,-1,-1,-1,1,1,2,1,-1,-1,125,1,2,3,1,3
2018010117984,2,3,0,-1,-1,0,-1,-1,-1,-1,1,1,6,3,-1,-1,-1,-1,-1,-1,-1,-1
2018010117986,1,9,0,18,0,2,0,0,0,0,1,1,2,2,48,8,1997,2,7,4,1,4
2018010117986,2,9,0,18,0,2,0,0,0,0,1,1,6,1,25,5,1995,2,11,2,1,2
2018010117988,1,9,0,7,0,0,1,0,0,0,2,1,6,1,41,7,1598,1,11,3,1,3
2018010117988,2,9,0,18,0,0,0,0,0,0,1,1,6,1,21,5,1388,1,14,-1,-1,-1
2018010117988,3,9,0,2,0,0,0,0,0,0,2,1,6,3,-1,-1,1998,1,2,-1,-1,-1
2018010117988,4,9,0,2,0,0,0,0,0,0,2,1,6,3,-1,-1,1969,2,3,-1,-1,-1
2018010117991,1,9,0,18,0,8,0,0,0,0,1,1,6,2,31,6,1388,1,9,9,1,9
2018010117991,2,9,0,18,0,8,0,0,0,0,1,1,6,1,40,7,1995,2,8,2,1,2
2018010117994,1,3,0,5,0,6,0,0,0,0,1,1,6,1,21,5,125,1,6,-1,-1,-1
2018010117994,2,1,0,18,0,2,0,0,0,0,1,1,6,1,28,6,-1,-1,-1,8,1,8
2018010117995,1,1,-1,-1,-1,-1,-1,-1,-1,-1,-1,1,2,1,35,6,-1,-1,-1,5,1,5
2018010117995,2,90,-1,-1,-1,-1,-1,-1,-1,-1,1,-1,6,3,-1,-1,-1,-1,-1,-1,-1,-1
2018010118006,1,9,0,4,0,4,0,0,0,0,2,1,6,2,43,7,1498,1,-1,6,1,6
2018010118006,2,9,0,18,0,4,0,0,0,0,1,1,6,3,-1,-1,-1,-1,-1,-1,-1,-1
2018010118009,1,1,-1,-1,-1,-1,-1,-1,-1,-1,-1,1,6,1,24,5,-1,-1,-1,2,1,2
2018010118009,2,8,0,-1,-1,-1,-1,-1,-1,-1,1,-1,6,3,-1,-1,-1,-1,-1,-1,-1,-1
2018010118010,1,3,0,3,0,2,0,0,0,0,4,1,6,1,26,6,124,1,6,5,1,5
2018010118010,2,8,0,4,0,1,0,0,0,0,1,1,1,1,52,8,1477,8,-1,4,1,4
2018010118012,1,3,0,14,0,2,0,0,0,0,1,1,1,1,19,4,108,1,3,6,1,6
2018010118012,2,2,0,18,0,2,0,0,0,0,2,1,1,1,27,6,-1,-1,-1,7,-1,7
2018010118013,1,9,0,17,0,0,0,0,0,0,1,1,6,2,34,6,1997,1,8,3,1,3
2018010118017,1,9,0,18,0,0,0,0,0,0,1,1,6,1,44,7,1242,1,12,2,1,2
2018010118018,1,9,0,16,0,1,0,7,0,0,0,1,2,1,25,5,1896,2,10,4,1,4
2018010118018,2,9,0,15,0,1,0,0,0,0,0,1,6,2,30,6,-1,-1,-1,-1,-1,-1
2018010118021,1,9,0,-1,-1,-1,-1,-1,-1,-1,-1,-1,6,1,32,6,2204,2,12,9,1,9
2018010118021,2,9,0,-1,-1,-1,-1,-1,-1,-1,1,-1,6,3,-1,-1,1198,1,5,9,1,9
2018010118022,1,9,0,4,0,2,0,0,0,0,2,1,6,2,19,4,1242,1,12,-1,-1,-1
2018010118023,1,19,0,9,0,0,0,0,0,0,3,1,6,1,64,9,1995,2,1,6,2,6
2018010118023,2,3,0,13,0,0,0,0,0,0,1,1,1,1,36,7,108,1,-1,3,1,3
2018010118024,1,2,0,3,0,1,0,0,0,0,0,1,6,1,22,5,125,1,3,5,1,5
2018010118024,2,9,0,18,0,8,0,0,0,0,1,1,6,3,-1,-1,1197,1,2,-1,-1,-1
2018010118026,1,9,0,-1,-1,-1,-1,-1,-1,-1,1,-1,6,1,35,6,1968,2,5,4,1,4
2018010118026,2,9,0,-1,-1,-1,-1,-1,-1,-1,1,-1,6,3,22,5,1995,2,4,7,1,7
2018010118027,1,9,0,-1,-1,0,-1,-1,-1,-1,-1,-1,6,1,38,7,998,1,-1,4,1,4
2018010118028,1,9,0,18,0,0,0,0,0,0,1,1,6,1,29,6,2143,2,5,-1,-1,-1
2018010118029,1,9,0,-1,-1,0,-1,-1,-1,-1,2,-1,6,3,-1,-1,1998,1,11,-1,-1,-1
2018010118032,1,11,0,4,2,1,0,0,0,0,2,1,1,1,44,7,9360,2,7,3,1,3
2018010118032,2,9,0,18,0,1,0,0,0,0,1,1,6,3,-1,-1,-1,-1,-1,-1,-1,-1
2018010118033,1,9,0,18,0,2,0,0,0,0,1,1,1,1,45,7,1968,2,5,4,1,4
2018010118034,1,9,0,18,0,0,0,0,0,0,1,1,6,2,33,6,1997,1,2,8,1,8
2018010118038,1,9,0,18,0,1,0,0,0,0,1,1,6,1,23,5,1597,1,10,5,1,5
2018010118038,2,9,0,1,0,8,0,0,0,10,2,1,6,1,47,8,998,1,1,4,1,4
2018010118039,1,9,0,18,0,0,0,4,0,0,1,2,6,1,49,8,1560,2,10,5,1,5
2018010118040,1,9,0,18,0,1,0,10,1,1,1,1,6,1,22,5,2143,2,4,2,1,2
2018010118040,2,9,0,5,0,8,0,0,0,0,3,1,6,1,40,7,1685,2,-1,-1,-1,-1
2018010118043,1,4,0,13,0,8,0,0,0,0,4,1,6,1,20,4,124,1,-1,4,1,4
2018010118043,2,9,0,18,0,8,0,0,0,0,1,1,6,3,-1,-1,-1,-1,-1,-1,-1,-1
2018010118044,1,9,0,14,0,0,5,4,0,0,4,1,6,1,84,11,1299,1,16,-1,-1,-1
2018010118044,2,9,0,2,0,0,0,0,0,0,1,1,6,3,-1,-1,1386,1,12,-1,-1,-1
2018010118045,1,1,5,18,0,1,2,10,0,0,1,1,6,1,55,8,-1,-1,-1,6,1,6
2018010118046,1,9,0,18,0,0,0,0,0,0,1,1,6,1,37,7,2993,2,3,-1,-1,-1
2018010118046,2,9,0,4,0,0,0,4,0,0,2,1,1,1,50,8,1798,8,2,2,1,2
2018010118046,3,9,0,2,0,0,0,4,1,0,2,1,6,3,-1,-1,1497,8,5,-1,-1,-1
2018010118046,4,9,0,2,0,0,0,4,0,0,2,1,6,3,-1,-1,1461,2,3,-1,-1,-1
2018010118046,5,9,0,2,0,0,0,0,0,0,2,1,6,3,-1,-1,1329,1,7,-1,-1,-1
2018010118048,1,9,0,11,0,0,0,0,1,0,1,1,6,1,24,5,-1,-1,-1,9,1,9
2018010118048,2,9,0,5,0,0,0,0,1,0,3,1,6,1,26,6,1968,2,5,1,1,1
2018010118053,1,1,0,18,0,8,-1,0,0,0,4,1,2,1,57,9,-1,-1,-1,8,1,8
2018010118053,2,5,-1,15,0,8,-1,0,0,0,3,1,6,3,-1,-1,1293,1,7,-1,-1,-1
2018010118056,1,1,-1,-1,-1,-1,-1,-1,-1,-1,4,1,6,2,34,6,-1,-1,-1,4,1,4
2018010118056,2,9,-1,-1,-1,-1,-1,-1,-1,-1,-1,-1,6,3,-1,-1,1560,2,8,3,1,3
2018010118062,1,9,0,7,0,1,0,0,0,0,4,1,2,1,37,7,1242,1,16,2,1,2
2018010118062,2,5,0,18,2,1,0,0,0,0,3,1,2,1,55,8,250,1,-1,9,1,9
2018010118063,1,9,0,-1,-1,-1,-1,-1,-1,-1,2,-1,2,2,26,6,1399,2,13,2,1,2
2018010118063,2,9,0,-1,-1,-1,-1,-1,-1,-1,1,-1,6,3,28,6,1388,1,17,-1,-1,-1
2018010118064,1,1,0,18,2,1,0,0,0,0,1,1,2,2,26,6,-1,-1,-1,3,1,3
2018010118080,1,9,0,7,0,8,0,0,0,0,4,1,1,1,47,8,2143,2,6,6,1,6
2018010118080,2,3,0,18,0,8,0,0,0,0,1,1,2,1,52,8,125,1,4,2,1,2
2018010118081,1,9,0,18,0,0,0,4,0,0,1,1,1,1,35,6,-1,-1,-1,5,1,5
2018010118081,2,9,0,4,0,0,0,0,0,0,2,1,6,1,81,11,1998,1,17,1,1,1
2018010118082,1,9,0,5,0,2,0,0,0,0,1,1,6,1,38,7,1997,2,9,4,1,4
2018010118084,1,9,0,18,0,1,0,0,0,0,3,1,6,2,38,7,1794,1,14,-1,-1,-1
2018010118086,1,9,0,4,0,1,0,0,0,0,2,1,3,2,44,7,2494,8,1,9,1,9
2018010118086,2,1,0,18,0,1,0,0,0,0,1,1,2,1,34,6,-1,-1,-1,7,1,7
2018010118089,1,8,0,18,0,2,0,0,0,0,2,1,6,3,-1,-1,-1,-1,-1,-1,-1,-1
2018010118089,2,9,0,3,0,2,0,11,0,0,2,1,6,2,33,6,1596,1,10,2,1,2
2018010118089,3,9,0,9,0,2,0,0,0,0,1,1,6,1,33,6,1598,1,15,1,1,1
2018010118090,1,9,0,9,0,6,0,0,0,0,3,1,6,2,48,8,1699,1,11,8,1,8
2018010118090,2,5,0,18,0,1,0,0,1,0,1,1,2,1,58,9,996,1,10,4,1,4
2018010118091,1,8,0,10,0,1,0,0,0,0,0,1,1,1,61,9,2148,2,8,10,1,10
2018010118091,2,1,0,3,0,1,0,0,0,0,0,1,2,1,53,8,-1,-1,-1,1,1,1
2018010118092,1,9,0,18,0,8,0,0,0,0,0,1,1,1,54,8,-1,-1,-1,7,1,7
2018010118092,2,1,0,18,0,8,0,4,0,0,3,1,2,1,37,7,-1,-1,-1,4,1,4
2018010118094,1,21,0,18,2,2,0,0,0,0,2,1,1,1,32,6,8970,2,12,5,1,5
2018010118094,2,1,0,18,2,1,5,0,0,0,1,1,2,1,47,8,-1,-1,-1,4,1,4
2018010118097,1,9,0,-1,-1,0,-1,-1,-1,-1,1,-1,6,1,39,7,1798,8,2,1,1,1
2018010118097,2,9,0,-1,-1,0,-1,-1,-1,-1,-1,-1,6,3,-1,-1,2000,2,8,9,1,9
2018010118099,1,9,0,-1,-1,0,-1,-1,-1,-1,2,-1,6,3,-1,-1,-1,-1,-1,-1,-1,-1
2018010118103,1,9,0,-1,-1,-1,-1,-1,-1,-1,2,-1,6,2,38,7,1997,2,2,3,1,3
2018010118103,2,9,0,-1,-1,-1,-1,-1,-1,-1,2,-1,6,1,64,9,1598,1,8,3,1,3
2018010118104,1,1,-1,-1,-1,-1,-1,-1,-1,-1,-1,1,2,1,-1,-1,-1,-1,-1,9,1,9
2018010118104,2,19,0,-1,-1,-1,-1,-1,-1,-1,-1,-1,6,3,20,4,2143,2,-1,8,2,8
2018010118105,1,9,0,-1,-1,-1,-1,-1,-1,-1,1,-1,2,1,39,7,1896,2,10,10,1,10
2018010118108,1,9,-1,18,-1,-1,-1,-1,-1,-1,-1,-1,6,3,-1,-1,1598,1,3,-1,-1,-1
2018010118113,1,19,0,4,0,2,0,0,0,0,3,1,1,1,63,9,1997,2,-1,5,1,5
2018010118113,2,5,0,13,0,2,0,0,0,0,1,1,2,1,44,7,1200,1,2,2,1,2
2018010118115,1,3,0,18,0,1,1,0,0,0,1,1,1,1,34,6,124,1,18,5,1,5
2018010118115,2,9,0,9,0,8,0,0,0,0,3,1,6,1,74,10,1395,1,2,5,1,5
2018010118116,1,3,0,18,0,8,0,0,0,0,1,1,1,1,28,6,125,1,-1,9,1,9
2018010118116,2,1,0,16,0,8,0,0,0,0,1,1,1,1,31,6,-1,-1,-1,5,1,5
2018010118119,1,3,0,18,0,1,1,0,0,0,1,1,6,1,20,4,125,1,1,2,1,2
2018010118119,2,9,0,7,0,1,0,0,0,0,4,1,6,2,47,8,1870,2,13,1,1,1
2018010118120,1,11,0,7,0,6,0,0,0,0,1,1,1,1,60,9,5132,2,1,6,1,6
2018010118122,1,9,0,6,0,0,0,0,0,0,3,1,1,1,28,6,1956,2,3,2,1,2
2018010118122,2,5,0,18,0,0,1,0,7,0,1,1,2,1,29,6,649,1,7,2,1,2
2018010118123,1,3,0,15,0,0,0,0,0,0,1,1,6,1,24,5,124,1,8,2,1,2
2018010118123,2,9,0,7,0,0,0,0,0,0,4,1,1,1,33,6,2143,2,6,3,1,3
2018010118124,1,19,0,9,0,0,0,0,0,0,4,1,1,1,50,8,1753,2,10,-1,-1,-1
2018010118124,2,3,0,18,0,0,0,0,0,0,3,1,1,1,31,6,125,1,5,5,1,5
2018010118126,1,19,0,4,0,0,0,0,0,0,1,1,1,1,39,7,1753,2,12,7,1,7
2018010118126,2,3,0,4,0,0,0,0,0,0,2,1,6,1,38,7,125,1,1,-1,-1,-1
2018010118128,1,9,0,9,0,5,0,0,0,0,1,1,6,1,41,7,1461,2,7,-1,-1,-1
2018010118128,2,1,0,18,0,8,0,0,0,0,1,1,6,1,25,5,-1,-1,-1,9,1,9
2018010118131,1,9,0,9,0,8,0,0,0,0,4,2,2,2,27,6,1339,1,12,5,-1,5
2018010118135,1,8,0,7,0,1,0,0,0,0,3,1,1,1,43,7,1798,8,2,3,1,3
2018010118135,2,3,0,14,0,1,5,0,0,0,1,1,6,1,48,8,125,1,11,4,1,4
2018010118139,1,9,0,4,0,2,0,0,0,0,1,1,6,2,45,7,1461,2,2,3,1,3
2018010118139,2,11,0,2,0,2,0,0,0,0,0,1,6,3,-1,-1,9360,2,5,-1,-1,-1
2018010118141,1,11,0,5,0,2,0,0,0,0,0,1,1,2,46,8,4760,2,4,2,1,2
2018010118146,1,9,0,3,0,1,0,0,0,0,2,2,6,2,37,7,1598,1,13,2,1,2
2018010118146,2,9,0,18,0,1,0,0,0,0,1,1,6,1,45,7,1198,1,14,2,1,2
2018010118147,1,19,0,-1,0,8,0,0,0,0,4,-1,6,1,20,4,1598,2,1,2,1,2
2018010118147,2,9,0,-1,0,4,0,0,0,0,3,-1,6,1,-1,-1,1796,1,6,-1,-1,-1
2018010118151,1,9,0,5,0,0,0,0,0,0,1,1,3,1,29,6,1591,1,1,1,1,1
2018010118153,1,9,0,18,0,8,0,0,0,0,4,1,6,1,18,4,1149,1,2,4,1,4
2018010118153,2,8,0,18,0,8,0,7,0,0,4,1,1,1,52,8,2987,2,6,-1,-1,-1
2018010118155,1,9,0,18,0,0,0,0,0,0,1,1,6,2,68,10,1598,1,11,2,1,2
2018010118157,1,5,0,14,0,1,0,0,0,0,4,1,6,1,41,7,749,1,1,1,-1,1
2018010118158,1,9,0,-1,-1,0,-1,-1,-1,-1,2,-1,6,1,44,7,1798,8,4,2,1,2
2018010118158,2,9,0,-1,-1,0,-1,-1,-1,-1,1,-1,6,3,23,5,1995,2,11,3,1,3
2018010118159,1,1,-1,-1,-1,-1,-1,-1,-1,-1,-1,1,6,1,27,6,-1,-1,-1,5,1,5
2018010118159,2,9,0,-1,-1,-1,-1,-1,-1,-1,-1,-1,6,3,-1,-1,-1,-1,-1,-1,-1,-1
2018010118161,1,8,0,18,0,0,0,0,0,0,1,1,1,1,43,7,1956,2,6,2,1,2
2018010118161,2,9,0,2,0,0,0,0,0,0,2,1,6,3,-1,-1,1590,1,14,-1,-1,-1
2018010118161,3,9,0,2,0,0,0,0,0,0,2,1,6,3,-1,-1,1995,2,8,-1,-1,-1
2018010118167,1,19,0,-1,-1,0,-1,-1,-1,-1,-1,-1,6,1,63,9,1461,2,3,6,2,6
2018010118167,2,9,0,-1,0,0,-1,0,0,0,-1,-1,6,1,32,6,1984,1,8,9,1,9
2018010118167,3,9,0,18,0,0,0,0,0,0,1,-1,6,1,55,8,1685,2,4,5,1,5
2018010118176,1,9,0,-1,-1,-1,-1,-1,-1,-1,1,-1,6,3,-1,-1,1497,8,10,-1,-1,-1
2018010118178,1,9,0,-1,-1,-1,-1,-1,-1,-1,1,-1,6,3,-1,-1,-1,-1,-1,-1,-1,-1
2018010118188,1,1,-1,-1,-1,-1,-1,-1,-1,-1,1,1,6,2,24,5,-1,-1,-1,5,1,5
2018010118188,2,9,0,-1,-1,-1,-1,-1,-1,-1,-1,-1,6,3,-1,-1,-1,-1,-1,-1,-1,-1
2018010118201,1,11,0,-1,0,-1,-1,-1,0,0,-1,1,6,3,-1,-1,-1,-1,-1,-1,-1,-1
2018010118203,1,9,0,4,0,0,0,0,0,0,2,1,6,1,27,6,1598,1,11,2,1,2
2018010118203,2,9,0,4,0,0,0,0,0,0,2,1,6,1,51,8,1999,2,2,4,1,4
2018010118203,3,9,0,4,0,0,0,0,0,0,1,1,6,2,48,8,1997,2,13,5,1,5
2018010118207,1,9,0,-1,-1,-1,-1,-1,-1,-1,2,-1,6,2,27,6,1598,1,10,4,1,4
2018010118220,1,1,-1,-1,-1,0,-1,-1,-1,-1,1,1,2,1,23,5,-1,-1,-1,4,1,4
2018010118220,2,9,0,-1,-1,0,-1,-1,-1,-1,-1,-1,6,3,-1,-1,1596,1,5,-1,-1,-1
2018010118231,1,1,-1,-1,-1,0,-1,-1,-1,-1,1,1,6,2,26,6,-1,-1,-1,3,1,3
2018010118231,2,90,0,-1,-1,0,-1,-1,-1,-1,1,1,6,3,-1,-1,-1,-1,-1,-1,-1,-1
2018010118233,1,9,0,18,0,1,0,0,0,0,1,1,6,1,58,9,1796,1,11,4,1,4
2018010118233,2,9,0,3,0,1,0,0,0,0,1,1,6,2,64,9,1968,2,9,5,1,5
2018010118234,1,1,-1,18,-1,-1,-1,-1,-1,-1,-1,1,6,3,-1,-1,-1,-1,-1,-1,-1,-1
2018010118236,1,3,0,18,0,8,0,0,0,0,1,1,6,1,36,7,125,1,7,3,1,3
2018010118236,2,9,0,9,0,8,0,0,0,0,4,1,6,2,17,4,999,1,1,2,1,2
2018010118237,1,1,-1,-1,-1,-1,-1,-1,-1,-1,1,1,6,1,44,7,-1,-1,-1,4,1,4
2018010118237,2,4,0,-1,-1,-1,-1,-1,-1,-1,-1,1,6,3,39,7,125,1,2,4,1,4
2018010118241,1,9,0,-1,-1,0,-1,-1,-1,-1,2,-1,6,1,33,6,1990,1,12,5,1,5