Accident_Index,Vehicle_Reference,Vehicle_Type,Towing_and_Articulation,Vehicle_Manoeuvre,Vehicle_Location-Restricted_Lane,Junction_Location,Skidding_and_Overturning,Hit_Object_in_Carriageway,Vehicle_Leaving_Carriageway,Hit_Object_off_Carriageway,1st_Point_of_Impact,Was_Vehicle_Left_Hand_Drive?,Journey_Purpose_of_Driver,Sex_of_Driver,Age_of_Driver,Age_Band_of_Driver,Engine_Capacity_(CC),Propulsion_Code,Age_of_Vehicle,Driver_IMD_Decile,Driver_Home_Area_Type,Vehicle_IMD_Decile
2018010118241,2,9,0,-1,-1,0,-1,-1,-1,-1,1,-1,6,3,-1,-1,1596,1,2,4,1,4
2018010118243,1,9,0,9,0,5,0,0,0,0,1,1,6,1,53,8,1998,1,12,3,1,3
2018010118243,2,5,0,18,0,1,0,0,0,0,1,1,6,1,32,6,1255,1,10,8,1,8
2018010118248,1,9,0,3,0,1,0,0,0,0,1,1,6,2,27,6,1991,1,4,5,1,5
2018010118248,2,9,0,5,0,1,0,0,0,0,3,1,6,3,31,6,1896,2,10,-1,-1,-1
2018010118249,1,9,0,18,0,2,0,0,0,0,3,1,6,2,65,9,1598,1,17,6,1,6
2018010118254,1,1,-1,-1,-1,-1,-1,-1,-1,-1,1,1,6,1,33,6,-1,-1,-1,7,1,7
2018010118254,2,9,-1,9,0,8,0,0,0,0,1,-1,6,3,-1,-1,1798,8,1,-1,-1,-1
2018010118261,1,9,0,-1,-1,0,-1,-1,-1,-1,2,-1,6,1,39,7,1498,1,1,5,1,5
2018010118261,2,9,0,-1,-1,0,-1,-1,-1,-1,1,-1,6,1,-1,-1,1598,1,12,3,1,3
2018010118263,1,9,0,10,0,1,0,0,0,0,1,1,6,2,25,5,2143,2,4,5,1,5
2018010118263,2,3,0,18,0,1,0,0,0,0,1,1,1,1,28,6,113,1,-1,7,1,7
2018010118268,1,9,0,5,0,5,0,0,0,0,4,1,6,1,17,4,1229,1,10,4,1,4
2018010118268,2,1,0,18,0,1,0,0,0,0,1,1,6,1,53,8,-1,-1,-1,4,1,4
2018010118270,1,9,0,18,0,2,0,0,0,0,4,1,6,2,73,10,1200,1,5,8,3,8
2018010118270,2,1,0,18,0,2,0,0,0,0,1,1,6,1,27,6,-1,-1,-1,10,1,10
2018010118271,1,3,0,18,0,0,0,0,0,0,1,1,6,1,19,4,125,1,3,5,1,5
2018010118274,1,1,-1,-1,-1,-1,-1,-1,-1,-1,-1,1,2,1,43,7,-1,-1,-1,3,1,3
2018010118274,2,9,0,-1,0,-1,0,-1,0,0,3,-1,6,3,-1,-1,1995,2,6,9,1,9
2018010118278,1,9,0,1,0,0,0,0,0,0,1,1,6,1,61,9,-1,-1,-1,5,1,5
2018010118278,2,9,0,18,0,0,0,0,0,0,1,1,6,2,35,6,1598,1,18,9,1,9
2018010118283,1,9,0,2,9,0,0,0,0,0,0,1,6,3,-1,-1,1598,1,11,-1,-1,-1
2018010118283,2,1,0,18,9,0,0,0,0,0,1,1,6,1,26,6,-1,-1,-1,6,1,6
2018010118293,1,9,0,18,0,0,0,0,0,0,1,1,6,1,25,5,2497,2,15,8,1,8
2018010118293,2,9,0,18,0,0,0,0,0,0,2,1,6,1,32,6,2993,2,8,4,1,4
2018010118300,1,3,0,18,0,2,1,0,0,0,1,1,2,1,26,6,125,1,5,4,1,4
2018010118300,2,9,0,12,0,1,0,0,0,0,3,1,6,3,32,6,-1,-1,-1,2,1,2
2018010118302,1,9,0,5,0,0,0,0,0,0,1,1,1,2,46,8,1390,1,3,3,1,3
2018010118302,2,19,0,5,0,0,0,4,0,0,3,1,2,1,45,7,1968,2,1,1,1,1
2018010118302,3,5,0,14,0,0,0,4,0,0,4,1,1,1,50,8,798,1,2,8,1,8
2018010118304,1,9,0,10,0,6,0,0,0,0,3,2,2,1,34,6,2143,2,3,3,1,3
2018010118304,2,3,0,18,0,1,0,0,0,0,1,1,6,1,32,6,125,1,6,2,1,2
2018010118306,1,9,0,18,0,0,0,0,0,0,2,1,6,2,40,7,1198,1,13,1,1,1
2018010118306,2,9,0,18,0,0,0,4,0,0,1,1,6,2,61,9,1396,1,18,6,1,6
2018010118306,3,9,0,18,0,0,0,0,0,0,1,1,6,1,36,7,1497,8,7,4,1,4
2018010118306,4,9,0,18,0,0,0,0,0,0,1,1,1,1,55,8,1686,2,4,3,1,3
2018010118307,1,9,0,-1,-1,-1,-1,-1,-1,-1,2,-1,6,2,52,8,1797,8,8,8,1,8
2018010118307,2,9,0,-1,-1,-1,-1,-1,-1,-1,1,-1,6,3,-1,-1,1461,2,1,-1,-1,-1
2018010118308,1,9,0,18,0,2,0,0,0,0,1,1,1,1,33,6,1956,2,2,2,1,2
2018010118309,1,1,-1,-1,-1,-1,-1,-1,-1,-1,1,1,2,2,30,6,-1,-1,-1,3,1,3
2018010118309,2,8,0,-1,-1,-1,-1,-1,-1,-1,1,-1,6,3,-1,-1,1997,2,1,2,1,2
2018010118311,1,9,0,9,0,6,0,0,0,0,1,1,6,1,43,7,1797,8,8,-1,-1,-1
2018010118312,1,3,0,18,0,1,0,0,0,0,1,1,1,1,21,5,125,1,3,2,1,2
2018010118313,1,9,0,18,0,2,0,0,1,10,1,1,2,2,58,9,1386,1,12,6,1,6
2018010118313,2,1,0,9,0,6,0,0,1,10,2,1,6,2,29,6,-1,-1,-1,4,1,4
2018010118315,1,19,0,18,0,1,0,0,0,0,1,1,6,2,43,7,1560,2,5,7,1,7
2018010118315,2,9,0,18,0,1,0,0,0,0,1,1,6,2,38,7,-1,-1,-1,5,1,5
2018010118318,1,9,0,-1,-1,-1,-1,-1,-1,-1,-1,-1,6,1,20,4,1497,8,5,5,1,5
2018010118318,2,90,0,-1,-1,-1,-1,-1,-1,-1,-1,-1,6,3,-1,-1,-1,-1,-1,-1,-1,-1
2018010118322,1,10,0,17,0,1,0,0,0,0,1,1,1,1,34,6,-1,-1,-1,2,1,2
2018010118322,2,9,0,10,0,1,0,0,0,0,1,1,6,1,67,10,1991,1,4,10,1,10
2018010118325,1,11,0,7,0,8,0,0,0,0,4,1,1,1,54,8,6700,2,10,1,1,1
2018010118328,1,9,0,18,0,0,0,0,0,0,1,1,6,1,85,11,1595,1,15,7,1,7
2018010118330,1,8,0,18,0,8,0,0,0,0,1,1,2,1,31,6,1797,8,3,10,1,10
2018010118330,2,1,0,11,0,1,0,0,0,0,4,1,2,1,21,5,-1,-1,-1,2,1,2
2018010118331,1,9,0,18,0,8,0,4,0,0,1,1,6,1,74,10,1590,1,15,3,1,3
2018010118331,2,9,0,2,0,8,1,0,0,0,2,1,6,3,-1,-1,1968,2,8,-1,-1,-1
2018010118331,3,9,0,2,0,8,0,0,0,0,1,1,6,3,-1,-1,1364,1,14,-1,-1,-1
2018010118332,1,19,4,4,0,0,0,0,0,0,2,1,1,1,35,6,10837,2,3,4,1,4
2018010118332,2,4,0,4,0,0,0,0,0,0,1,1,6,1,40,7,270,1,10,7,1,7
2018010118334,1,9,0,18,0,8,0,0,0,0,3,1,6,2,57,9,1398,1,16,8,1,8
2018010118334,2,1,0,18,0,8,2,0,0,0,1,1,6,2,28,6,-1,-1,-1,9,1,9
2018010118336,1,9,0,15,0,1,0,0,0,0,1,2,2,1,34,6,1951,2,15,4,1,4
2018010118336,2,11,0,7,0,1,0,0,0,0,1,1,1,1,49,8,9360,2,7,3,1,3
2018010118337,1,9,0,18,0,8,0,4,7,0,1,1,6,1,52,8,1796,1,12,3,1,3
2018010118337,2,9,0,2,0,8,0,0,7,10,2,1,6,3,-1,-1,1329,1,5,-1,-1,-1
2018010118337,3,3,0,2,0,8,0,0,0,0,3,1,6,3,-1,-1,108,1,4,-1,-1,-1
2018010118339,1,9,0,9,0,0,0,0,0,0,2,1,6,1,38,7,1498,1,2,5,1,5
2018010118339,2,9,0,9,0,0,5,10,0,0,1,1,6,1,19,4,2143,2,7,3,1,3
2018010118349,1,9,0,18,0,2,0,0,0,0,1,1,2,1,22,5,-1,-1,-1,7,1,7
2018010118353,1,1,-1,-1,-1,-1,-1,-1,-1,-1,1,1,2,1,42,7,-1,-1,-1,10,1,10
2018010118353,2,8,0,-1,-1,-1,-1,-1,-1,-1,-1,-1,6,3,-1,-1,1997,2,8,-1,-1,-1
2018010118356,1,9,0,5,0,8,0,0,0,0,3,1,2,1,39,7,1560,2,3,1,1,1
2018010118356,2,2,0,18,0,8,1,0,0,0,1,1,2,1,29,6,124,1,12,2,1,2
2018010118359,1,3,0,-1,-1,-1,-1,-1,-1,-1,0,1,6,2,43,7,125,1,-1,3,1,3
2018010118359,2,3,0,-1,-1,-1,-1,-1,-1,-1,0,1,6,3,-1,-1,108,1,3,-1,-1,-1
2018010118361,1,5,0,18,0,1,0,0,0,0,4,1,2,1,28,6,745,1,4,3,1,3
2018010118361,2,9,0,9,0,6,0,0,0,0,1,1,2,2,43,7,1590,1,14,3,1,3
2018010118366,1,9,0,4,0,0,0,0,0,0,2,1,2,1,54,8,1596,1,10,7,1,7
2018010118366,2,9,0,18,0,0,0,0,0,0,1,1,6,1,54,8,1397,1,15,7,1,7
2018010118376,1,9,0,18,0,1,0,0,0,0,1,1,6,2,58,9,1395,1,3,8,1,8
2018010118380,1,3,0,18,0,3,0,0,0,0,1,1,2,2,41,7,124,1,-1,3,1,3
2018010118380,2,21,0,11,0,3,0,0,0,0,4,1,1,1,50,8,10677,2,3,4,1,4
2018010118382,1,19,0,5,0,1,0,0,0,0,3,1,1,1,38,7,1598,2,2,5,1,5
2018010118382,2,4,0,13,0,8,5,0,0,0,1,1,1,1,27,6,125,1,6,-1,-1,-1
2018010118385,1,3,0,18,0,1,1,0,0,0,4,1,6,1,59,9,865,1,9,5,1,5
2018010118385,2,9,0,9,0,8,0,0,0,0,0,-1,6,2,26,6,1598,2,5,3,1,3
2018010118388,1,90,0,-1,-1,-1,-1,-1,-1,-1,2,-1,6,3,-1,-1,-1,-1,-1,-1,-1,-1
2018010118393,1,9,0,7,0,8,0,0,0,0,2,-1,1,1,35,6,1339,1,11,1,1,1
2018010118393,2,20,-1,11,0,8,-1,0,0,0,4,-1,6,3,-1,-1,-1,-1,-1,-1,-1,-1
2018010118399,1,9,0,5,0,0,0,0,0,0,1,1,2,1,26,6,1248,2,9,4,1,4
2018010118399,2,5,0,18,0,0,5,0,0,0,1,1,2,1,22,5,645,1,10,5,1,5
2018010118401,1,9,0,18,0,0,0,0,0,0,4,1,3,1,53,8,1968,2,2,5,1,5
2018010118401,2,1,0,18,0,0,5,0,0,0,1,1,6,1,29,6,-1,-1,-1,5,1,5
2018010118402,1,9,0,18,0,4,0,0,0,0,3,1,6,2,37,7,1461,2,5,3,1,3
2018010118402,2,9,0,18,0,4,0,0,0,0,1,1,6,1,50,8,1910,2,9,10,1,10
2018010118410,1,9,-1,18,-1,-1,0,0,-1,0,2,-1,6,1,23,5,2143,2,3,6,1,6
2018010118410,2,8,-1,18,-1,-1,-1,0,-1,0,1,-1,6,3,-1,-1,2402,2,14,-1,-1,-1
2018010118412,1,9,-1,-1,-1,-1,-1,-1,-1,-1,-1,-1,6,3,-1,-1,-1,-1,-1,-1,-1,-1
2018010118419,1,9,0,-1,-1,0,-1,-1,-1,-1,-1,-1,6,2,29,6,1398,1,7,4,1,4
2018010118419,2,9,0,-1,-1,0,-1,-1,-1,-1,1,-1,6,3,-1,-1,2171,1,15,-1,-1,-1
2018010118420,1,9,0,-1,-1,0,-1,-1,-1,-1,-1,-1,6,2,35,6,1799,1,12,6,1,6
2018010118420,2,9,0,-1,-1,0,-1,-1,-1,-1,1,-1,6,3,-1,-1,-1,-1,-1,-1,-1,-1
2018010118421,1,1,-1,-1,-1,-1,-1,-1,-1,-1,-1,1,2,1,49,8,-1,-1,-1,3,1,3
2018010118421,2,8,0,-1,-1,-1,-1,-1,-1,-1,-1,-1,6,1,63,9,2987,2,1,4,3,4
2018010118432,1,1,-1,-1,-1,-1,-1,-1,-1,-1,-1,1,2,1,50,8,-1,-1,-1,10,1,10
2018010118432,2,9,-1,-1,-1,-1,-1,-1,-1,-1,4,1,6,3,-1,-1,1395,1,2,10,1,10
2018010118438,1,9,0,4,0,1,0,0,0,0,2,1,1,2,21,5,999,1,2,3,1,3
2018010118438,2,19,0,4,0,1,0,0,0,0,1,1,1,1,25,5,1560,2,4,-1,-1,-1
2018010118440,1,9,0,9,0,2,0,0,0,0,4,1,2,1,29,6,1596,1,11,2,1,2
2018010118440,2,4,0,4,0,1,0,0,0,0,3,1,2,1,44,7,125,1,2,2,1,2
2018010118448,1,19,0,18,0,0,0,0,0,0,1,1,1,1,56,9,1968,2,2,2,1,2
2018010118455,1,19,0,9,0,1,0,0,0,0,1,1,1,1,37,7,1598,2,3,1,1,1
2018010118455,2,1,0,18,2,1,0,0,0,0,1,1,6,1,24,5,-1,-1,-1,3,1,3
2018010118456,1,1,0,18,0,0,0,0,0,0,-1,1,6,1,25,5,-1,-1,-1,3,1,3
2018010118456,2,9,0,2,0,0,0,0,0,0,-1,-1,6,3,-1,-1,1998,1,14,-1,-1,-1
2018010118458,1,9,0,7,0,2,0,0,0,0,1,1,2,2,53,8,1995,2,-1,5,1,5
2018010118461,1,8,0,18,0,1,0,0,0,0,4,1,1,1,47,8,1798,8,6,2,1,2
2018010118463,1,11,0,18,2,0,0,0,0,0,0,1,1,2,55,8,7300,2,13,7,1,7
2018010118468,1,9,0,-1,-1,-1,-1,-1,-1,-1,2,-1,6,2,44,7,1995,2,6,8,1,8
2018010118468,2,9,0,-1,-1,-1,-1,-1,-1,-1,2,-1,6,1,-1,-1,1339,1,8,2,1,2
2018010118470,1,19,0,-1,-1,0,-1,-1,-1,-1,-1,-1,6,1,31,6,1598,2,1,-1,-1,-1
2018010118470,2,20,-1,-1,-1,0,-1,-1,-1,-1,2,-1,6,3,-1,-1,-1,-1,-1,-1,-1,-1
2018010118474,1,8,0,6,0,2,0,0,0,0,3,1,1,1,51,8,-1,-1,-1,2,1,2
2018010118474,2,1,0,18,0,2,0,0,0,0,1,1,6,1,40,7,-1,-1,-1,2,1,2
2018010118476,1,19,0,13,0,1,0,0,0,0,4,1,6,1,55,8,2143,2,9,6,1,6
2018010118476,2,1,0,18,0,1,0,0,0,0,3,1,2,2,33,6,-1,-1,-1,4,1,4
2018010118477,1,11,0,4,0,1,0,0,0,0,0,1,1,1,41,7,4500,2,6,2,1,2
2018010118483,1,19,0,18,0,0,0,0,0,0,1,1,2,1,41,7,1968,2,7,10,1,10
2018010118483,2,9,0,18,0,0,0,0,0,0,1,1,6,1,17,4,1242,1,6,8,1,8
2018010118486,1,9,0,9,0,2,0,0,0,0,1,1,2,1,27,6,1422,2,17,4,1,4
2018010118487,1,9,0,5,0,1,0,0,0,0,1,1,6,1,45,7,1994,2,11,2,1,2
2018010118487,2,9,0,5,0,1,0,0,0,0,1,1,6,1,42,7,1498,1,-1,2,1,2
2018010118493,1,5,0,3,0,1,0,0,0,0,2,1,6,1,47,8,745,1,2,3,1,3
2018010118493,2,21,0,5,0,1,0,0,0,0,1,1,1,1,28,6,12900,2,8,6,1,6
2018010118493,3,19,0,3,0,1,0,0,0,0,3,1,6,1,28,6,1995,2,1,2,1,2
2018010118496,1,9,0,8,0,1,0,0,0,0,4,1,6,2,49,8,1197,1,3,2,1,2
2018010118496,2,5,0,9,0,8,2,0,0,0,1,1,2,1,51,8,998,1,9,9,1,9
2018010118498,1,11,0,18,0,0,0,0,0,0,0,1,1,1,55,8,4500,2,4,-1,-1,-1
2018010118500,1,9,0,18,0,2,0,0,0,0,1,1,6,3,-1,-1,1896,2,9,-1,-1,-1
2018010118506,1,9,0,18,0,0,0,0,0,0,1,1,1,1,29,6,1798,8,1,5,1,5
2018010118508,1,9,0,5,0,0,0,0,0,0,1,1,6,1,38,7,1999,1,12,4,1,4
2018010118511,1,9,0,16,0,1,0,0,0,0,1,1,6,2,49,8,1368,1,2,3,1,3
2018010118511,2,9,0,8,0,1,0,0,0,0,1,1,3,2,45,7,1390,1,7,1,1,1
2018010118513,1,11,0,4,2,0,0,0,0,0,0,1,6,1,59,9,6692,2,8,4,1,4
2018010118516,1,3,0,14,0,0,2,0,0,0,1,1,6,1,25,5,-1,-1,-1,1,1,1
2018010118516,2,11,0,18,0,0,0,0,0,0,1,1,1,2,55,8,6700,2,6,3,1,3
2018010118518,1,9,0,17,0,0,0,0,0,0,1,1,6,3,-1,-1,-1,-1,-1,-1,-1,-1
2018010118524,1,9,0,18,0,1,0,0,0,0,1,1,6,2,71,10,1598,1,5,7,1,7
2018010118533,1,9,0,-1,-1,0,-1,-1,-1,-1,-1,-1,6,1,33,6,1461,2,11,6,-1,6
2018010118533,2,9,-1,-1,-1,0,0,-1,-1,-1,-1,-1,6,3,-1,-1,1798,8,3,-1,-1,-1
2018010118535,1,1,-1,-1,-1,-1,-1,-1,-1,-1,-1,1,2,1,31,6,-1,-1,-1,3,1,3
2018010118535,2,9,0,-1,-1,-1,-1,-1,-1,-1,-1,-1,6,3,-1,-1,1997,1,3,-1,-1,-1
2018010118537,1,9,0,16,9,0,0,0,7,2,1,1,6,2,84,11,1248,1,4,5,1,5
2018010118538,1,9,0,5,0,0,0,0,0,0,3,1,6,1,32,6,1798,8,6,3,1,3
2018010118540,1,19,0,1,0,6,0,0,0,0,2,1,1,1,60,9,5880,2,6,5,1,5
2018010118540,2,9,0,18,0,1,0,0,0,0,3,1,3,1,22,5,1968,2,6,-1,-1,-1
2018010118541,1,9,0,18,0,8,0,0,0,0,1,1,1,1,33,6,1499,1,1,6,1,6
2018010118541,2,3,0,5,0,8,0,0,0,0,1,1,6,1,40,7,330,1,3,5,1,5
2018010118541,3,21,1,18,0,8,0,0,1,7,1,1,2,1,42,7,7201,2,11,5,1,5
2018010118542,1,9,0,18,0,1,0,0,0,0,1,1,6,1,29,6,1995,1,14,2,1,2
2018010118542,2,9,0,18,0,1,0,0,0,0,1,1,6,2,25,5,1995,2,8,9,1,9
2018010118543,1,11,0,5,2,1,0,0,0,0,0,1,6,1,58,9,5132,2,3,4,1,4
2018010118545,1,9,0,3,0,0,0,0,0,0,2,1,1,1,41,7,2993,2,8,-1,-1,-1
2018010118545,2,9,0,3,0,0,1,0,0,0,2,1,6,1,39,7,-1,-1,-1,7,1,7
2018010118545,3,9,0,3,0,0,0,0,0,0,2,1,1,1,54,8,-1,-1,-1,6,1,6
2018010118545,4,9,0,3,0,0,0,0,0,0,2,1,1,2,37,7,1598,1,2,10,1,10
2018010118545,5,9,0,18,0,0,0,0,0,0,1,1,1,1,50,8,2494,8,2,7,1,7
2018010118548,1,9,0,18,0,1,0,0,0,0,1,1,6,2,36,7,1242,1,12,9,1,9
2018010118551,1,11,0,4,0,1,0,0,0,0,2,1,1,2,35,6,5132,2,1,1,1,1
2018010118551,2,19,0,12,0,1,0,0,0,0,2,1,1,1,40,7,1560,2,5,-1,-1,-1
2018010118554,1,9,0,18,0,1,0,0,0,0,1,1,6,3,-1,-1,-1,-1,-1,-1,-1,-1
2018010118557,1,9,-1,-1,-1,0,-1,-1,-1,-1,-1,-1,6,3,-1,-1,-1,-1,-1,-1,-1,-1
2018010118558,1,9,0,9,0,6,0,0,0,0,1,1,6,1,26,6,1560,2,9,6,1,6
2018010118558,2,9,0,5,0,2,0,0,0,0,1,1,6,1,24,5,1968,2,6,8,1,8
2018010118561,1,9,0,4,0,0,0,0,0,0,1,1,6,3,-1,-1,1997,2,13,-1,-1,-1
2018010118563,1,9,0,9,0,1,0,0,0,0,4,1,6,1,21,5,1753,2,12,4,1,4
2018010118563,2,9,0,18,0,1,0,0,0,0,1,1,6,1,41,7,1896,2,18,9,1,9
2018010118566,1,9,0,18,0,1,0,0,0,0,3,1,6,2,41,7,1997,1,3,8,1,8
2018010118566,2,9,0,18,0,1,0,0,0,0,1,1,6,1,34,6,1686,2,18,9,1,9
2018010118570,1,1,-1,-1,-1,8,-1,-1,-1,-1,1,1,2,1,39,7,-1,-1,-1,3,1,3
2018010118570,2,9,0,-1,-1,8,-1,-1,-1,-1,-1,-1,6,3,-1,-1,1598,1,13,-1,-1,-1
2018010118572,1,9,0,3,0,4,0,0,0,0,2,1,6,2,45,7,1339,1,12,-1,-1,-1
2018010118572,2,9,0,18,0,4,0,0,0,0,1,1,6,1,39,7,1896,2,22,4,1,4
2018010118573,1,9,0,4,0,1,0,0,4,0,2,1,6,2,28,6,1124,1,13,7,1,7
2018010118573,2,19,0,4,0,1,0,0,0,0,1,1,1,1,47,8,2198,2,5,10,1,10
2018010118574,1,1,-1,-1,-1,-1,-1,-1,-1,-1,1,1,2,2,75,10,-1,-1,-1,6,1,6
2018010118574,2,8,0,-1,-1,-1,-1,-1,-1,-1,-1,-1,6,3,-1,-1,1798,8,3,2,1,2
2018010118575,1,1,-1,-1,-1,0,-1,-1,-1,-1,1,1,3,2,44,7,-1,-1,-1,2,1,2
2018010118578,1,9,0,4,0,0,0,0,0,0,1,2,6,2,19,4,1582,2,4,2,1,2
2018010118579,1,11,0,18,0,8,0,0,0,0,1,1,6,3,-1,-1,-1,-1,-1,-1,-1,-1
2018010118582,1,9,0,9,0,1,1,0,1,1,1,1,6,1,19,4,1362,1,6,2,1,2
2018010118582,2,9,0,9,0,1,0,0,0,0,1,1,6,1,68,10,1242,1,11,1,1,1
2018010118584,1,9,0,11,0,6,0,0,0,0,3,1,6,1,45,7,1197,1,1,3,1,3
2018010118584,2,3,0,18,0,1,5,0,0,0,1,1,6,1,38,7,125,1,2,3,1,3
2018010118585,1,9,0,7,0,0,0,0,0,0,1,1,6,2,21,5,998,1,11,2,1,2
2018010118585,2,1,0,18,0,0,0,0,0,0,1,1,6,1,47,8,-1,-1,-1,3,1,3
2018010118586,1,3,0,15,0,1,0,0,0,0,4,1,6,1,29,6,125,1,1,3,1,3
2018010118586,2,8,0,9,0,6,0,0,0,0,2,1,1,1,55,8,2499,2,4,8,1,8
2018010118589,1,1,-1,-1,-1,0,-1,-1,-1,-1,-1,1,6,1,44,7,-1,-1,-1,4,1,4
2018010118589,2,9,0,-1,-1,0,-1,-1,-1,-1,-1,-1,6,3,-1,-1,1296,1,10,-1,-1,-1
2018010118593,1,9,0,18,0,1,0,0,0,0,1,1,6,1,59,9,1364,2,6,5,1,5
2018010118593,2,9,0,18,0,8,0,0,0,0,1,1,6,2,34,6,1198,1,14,6,1,6
2018010118594,1,3,0,18,0,1,1,0,0,0,4,1,6,1,20,4,125,1,-1,3,1,3
2018010118594,2,9,0,9,0,1,0,0,0,0,1,1,6,3,28,6,-1,-1,-1,-1,-1,-1
2018010118595,1,9,0,18,0,1,0,0,7,10,4,1,6,1,24,5,1149,1,11,5,1,5
2018010118595,2,9,0,18,0,1,0,0,0,0,1,1,6,1,25,5,1200,1,-1,3,1,3
2018010118599,1,9,0,9,0,1,0,0,0,0,1,1,3,2,42,7,-1,-1,-1,5,1,5
2018010118599,2,2,0,13,0,1,0,0,0,0,1,1,6,1,16,4,50,1,19,2,1,2
2018010118600,1,1,-1,-1,-1,-1,-1,-1,-1,-1,-1,1,2,1,30,6,-1,-1,-1,3,1,3
2018010118600,2,9,0,-1,-1,-1,-1,-1,-1,-1,1,-1,6,3,-1,-1,998,1,1,-1,-1,-1
2018010118601,1,11,0,4,0,1,0,0,0,0,0,1,1,1,35,6,5132,2,2,2,1,2
2018010118604,1,1,-1,-1,-1,-1,-1,-1,-1,-1,2,1,6,1,43,7,-1,-1,-1,3,1,3
2018010118604,2,9,0,18,0,1,0,0,0,0,2,1,6,3,-1,-1,1360,1,16,-1,-1,-1
2018010118606,1,8,0,6,0,8,0,0,0,0,1,1,6,1,32,6,1798,8,1,7,1,7
2018010118606,2,1,0,13,0,8,0,0,0,0,1,1,6,1,19,4,-1,-1,-1,3,1,3
2018010118608,1,5,0,-1,-1,-1,-1,-1,-1,-1,-1,1,6,1,28,6,675,1,3,2,1,2
2018010118611,1,9,0,18,0,0,0,0,0,0,1,1,6,1,34,6,2143,2,3,2,1,2
2018010118611,2,1,0,18,0,0,0,0,0,0,1,1,6,1,51,8,-1,-1,-1,3,1,3
2018010118612,1,9,0,18,0,0,0,0,0,0,3,1,1,1,39,7,2993,2,3,4,1,4
2018010118612,2,8,0,18,0,0,0,0,1,0,3,1,1,1,75,10,2402,2,16,3,1,3
2018010118612,3,8,0,18,0,0,0,0,0,0,3,1,1,1,27,6,1798,8,4,1,1,1
2018010118613,1,9,0,18,0,4,0,0,0,0,1,1,6,1,73,10,1390,1,8,7,1,7
2018010118613,2,1,0,18,0,4,0,0,0,0,4,1,6,1,14,3,-1,-1,-1,-1,-1,-1
2018010118616,1,9,0,10,0,0,0,0,0,0,4,1,6,1,21,5,1598,1,10,3,1,3
2018010118616,2,9,0,18,0,0,0,0,1,0,1,1,2,1,43,7,1796,1,4,-1,-1,-1
2018010118616,3,9,0,18,0,0,1,0,0,0,1,1,6,1,-1,-1,-1,-1,-1,2,1,2
2018010118620,1,9,0,4,0,0,0,0,0,0,3,1,2,2,53,8,2400,2,9,10,1,10
2018010118621,1,19,0,18,0,1,0,0,0,0,1,1,2,1,51,8,2198,2,5,-1,-1,-1
2018010118621,2,9,0,18,0,1,0,0,0,0,2,1,2,1,35,6,1798,8,1,6,1,6
2018010118624,1,9,0,18,0,0,0,0,0,0,1,1,6,2,27,6,1997,2,-1,1,1,1
2018010118624,2,9,0,18,0,0,0,0,0,0,2,1,6,1,20,4,1242,1,3,8,2,8
2018010118630,1,9,0,5,0,1,0,0,0,0,1,1,6,2,26,6,1329,1,7,4,1,4
2018010118630,2,1,0,5,0,1,0,0,0,0,3,1,1,1,29,6,-1,-1,-1,3,1,3
2018010118631,1,9,0,5,4,1,0,0,0,0,1,1,6,1,-1,-1,5461,1,11,4,1,4
2018010118631,2,1,0,9,0,1,0,0,0,0,2,1,1,1,32,6,-1,-1,-1,5,1,5
2018010118634,1,8,0,5,0,4,0,0,0,0,3,1,1,1,54,8,1598,1,5,4,1,4
2018010118634,2,1,0,9,0,3,5,0,0,0,1,1,2,2,65,9,-1,-1,-1,3,1,3
2018010118638,1,9,0,7,0,2,0,0,0,0,4,2,6,2,52,8,1685,2,3,10,1,10
2018010118638,2,1,0,18,0,2,0,0,0,0,1,1,2,1,48,8,-1,-1,-1,-1,-1,-1
2018010118644,1,3,-1,18,0,0,-1,-1,-1,-1,-1,1,6,3,-1,-1,-1,-1,-1,-1,-1,-1
2018010118645,1,19,0,9,0,1,0,0,0,0,2,1,1,1,42,7,1560,2,2,7,1,7
2018010118645,2,2,0,7,0,1,0,0,0,0,1,1,1,1,35,6,108,1,2,5,1,5
2018010118656,1,19,0,18,0,0,0,0,0,0,4,-1,6,3,-1,-1,1995,2,4,-1,-1,-1
2018010118660,1,1,0,18,0,0,0,-1,0,0,-1,1,6,1,-1,-1,-1,-1,-1,3,1,3
2018010118660,2,11,0,18,0,0,0,-1,-1,-1,-1,-1,6,2,24,5,9360,2,7,1,1,1
2018010118668,1,1,-1,-1,-1,-1,-1,-1,-1,-1,-1,1,6,1,49,8,-1,-1,-1,2,1,2
2018010118672,1,9,0,5,0,2,0,0,0,0,3,1,2,1,27,6,-1,-1,-1,8,1,8
2018010118672,2,3,0,18,0,2,0,0,0,0,1,1,2,1,24,5,124,1,4,4,1,4
2018010118673,1,5,0,18,0,2,0,0,0,0,1,1,1,1,30,6,1200,1,1,2,1,2
2018010118677,1,1,-1,18,-1,0,-1,0,0,0,4,1,6,1,37,7,-1,-1,-1,6,1,6
2018010118677,2,9,-1,2,0,0,-1,0,0,0,3,-1,6,3,-1,-1,1598,1,12,-1,-1,-1
2018010118679,1,9,0,7,0,8,0,0,0,0,-1,1,6,2,36,7,1339,1,8,3,1,3
2018010118679,2,4,0,18,0,8,0,-1,0,0,-1,1,6,1,27,6,249,1,7,-1,-1,-1
2018010118680,1,9,0,-1,-1,-1,-1,-1,-1,-1,2,-1,6,1,32,6,1598,1,14,3,1,3
2018010118680,2,9,0,-1,-1,-1,-1,-1,-1,-1,2,-1,6,3,-1,-1,1968,2,3,-1,-1,-1