Accident_Index,Vehicle_Reference,Vehicle_Type,Towing_and_Articulation,Vehicle_Manoeuvre,Vehicle_Location-Restricted_Lane,Junction_Location,Skidding_and_Overturning,Hit_Object_in_Carriageway,Vehicle_Leaving_Carriageway,Hit_Object_off_Carriageway,1st_Point_of_Impact,Was_Vehicle_Left_Hand_Drive?,Journey_Purpose_of_Driver,Sex_of_Driver,Age_of_Driver,Age_Band_of_Driver,Engine_Capacity_(CC),Propulsion_Code,Age_of_Vehicle,Driver_IMD_Decile,Driver_Home_Area_Type,Vehicle_IMD_Decile
2018010118685,1,19,0,9,0,5,0,0,0,0,1,1,1,1,26,6,2298,2,2,5,1,5
2018010118685,2,1,0,15,0,1,0,0,0,0,1,1,2,2,25,5,-1,-1,-1,1,1,1
2018010118686,1,9,-1,-1,0,0,-1,0,-1,-1,-1,-1,6,3,-1,-1,1598,1,12,-1,-1,-1
2018010118693,1,9,0,18,0,3,0,0,0,0,1,1,6,3,-1,-1,-1,-1,-1,-1,-1,-1
2018010118693,2,1,0,4,0,3,0,0,1,0,2,1,2,1,25,5,-1,-1,-1,4,1,4
2018010118697,1,9,3,7,0,5,0,0,0,0,4,1,3,2,30,6,1900,2,13,2,1,2
2018010118697,2,1,0,15,0,1,0,0,0,0,1,1,2,2,35,6,-1,-1,-1,7,1,7
2018010118706,1,9,-1,-1,-1,0,-1,-1,-1,-1,-1,-1,6,2,29,6,1598,1,2,4,1,4
2018010118706,2,9,-1,-1,-1,0,-1,-1,-1,-1,-1,-1,6,3,-1,-1,-1,-1,-1,-1,-1,-1
2018010118709,1,1,-1,-1,-1,-1,-1,-1,-1,-1,-1,1,2,1,47,8,-1,-1,-1,7,1,7
2018010118709,2,9,0,-1,-1,-1,-1,-1,-1,-1,-1,-1,6,3,-1,-1,1149,1,6,-1,-1,-1
2018010118714,1,9,-1,-1,-1,0,-1,-1,-1,-1,-1,-1,6,1,39,7,-1,3,3,-1,-1,-1
2018010118714,2,9,-1,-1,-1,0,-1,-1,-1,-1,-1,-1,6,3,-1,-1,1596,1,15,-1,-1,-1
2018010118715,1,8,0,-1,-1,-1,-1,-1,-1,-1,-1,-1,6,1,67,10,2143,2,5,3,1,3
2018010118720,1,9,0,-1,-1,0,-1,-1,-1,-1,2,-1,6,2,37,7,1587,1,15,6,1,6
2018010118720,2,9,-1,1,-1,0,-1,0,0,0,2,-1,6,1,54,8,4367,2,3,6,1,6
2018010118724,1,9,0,-1,-1,-1,-1,-1,-1,-1,1,-1,6,1,27,6,1422,2,9,-1,-1,-1
2018010118724,2,9,0,-1,-1,-1,-1,-1,-1,-1,1,-1,6,3,-1,-1,2000,1,14,-1,-1,-1
2018010118726,1,9,0,-1,-1,0,-1,-1,-1,-1,2,-1,6,1,29,6,-1,-1,-1,5,1,5
2018010118726,2,9,0,-1,-1,0,-1,-1,-1,-1,2,-1,6,3,-1,-1,-1,-1,-1,6,1,6
2018010118736,1,1,-1,-1,-1,-1,-1,-1,-1,-1,-1,1,2,1,31,6,-1,-1,-1,6,1,6
2018010118736,2,9,0,-1,-1,-1,-1,-1,-1,-1,-1,-1,6,3,-1,-1,1598,1,16,7,1,7
2018010118739,1,3,-1,-1,-1,-1,-1,-1,-1,-1,-1,1,6,1,40,7,125,1,1,5,1,5
2018010118740,1,9,0,18,0,1,0,0,0,0,3,1,1,1,26,6,1560,2,3,5,1,5
2018010118740,2,19,0,18,0,1,0,0,0,0,1,1,1,1,22,5,2143,2,3,6,1,6
2018010118741,1,9,0,18,0,8,0,-1,-1,-1,0,-1,6,2,-1,-1,1242,1,7,-1,-1,-1
2018010118749,1,1,0,18,0,0,0,0,0,0,2,1,1,1,41,7,-1,-1,-1,5,1,5
2018010118750,1,3,-1,18,0,8,-1,0,-1,0,1,1,6,1,35,6,102,1,14,4,1,4
2018010118750,2,19,-1,-1,0,8,-1,-1,0,0,-1,-1,6,3,-1,-1,2148,2,11,3,1,3
2018010118754,1,8,0,4,0,0,0,0,0,0,2,1,1,1,44,7,2143,2,5,4,1,4
2018010118754,2,1,0,18,0,0,5,0,0,0,1,1,6,1,-1,-1,-1,-1,-1,-1,-1,-1
2018010118761,1,9,0,18,0,1,1,0,7,10,1,1,2,1,22,5,1229,1,6,2,1,2
2018010118761,2,9,0,4,0,1,0,0,0,0,3,1,1,2,23,5,-1,-1,-1,3,1,3
2018010118761,3,9,0,3,0,1,0,0,0,0,1,1,2,2,62,9,1598,2,6,9,1,9
2018010118765,1,19,0,-1,-1,0,-1,-1,-1,-1,4,-1,6,3,-1,-1,1598,2,1,-1,-1,-1
2018010118768,1,2,0,18,0,8,0,-1,0,0,0,1,6,1,37,7,124,1,5,3,1,3
2018010118768,2,9,0,18,0,8,0,-1,0,0,-1,-1,6,1,-1,-1,-1,-1,-1,-1,-1,-1
2018010118770,1,1,0,12,0,1,0,0,0,0,2,1,6,1,45,7,-1,-1,-1,3,1,3
2018010118770,2,9,0,18,0,1,0,0,0,0,1,1,6,1,60,9,1596,1,11,2,1,2
2018010118772,1,19,0,10,0,1,0,0,0,0,4,1,1,1,60,9,2998,2,10,1,1,1
2018010118777,1,19,0,11,0,7,0,0,0,0,1,1,1,1,48,8,1560,2,-1,5,1,5
2018010118777,2,3,0,12,0,7,0,0,0,0,2,1,2,1,45,7,125,1,4,5,1,5
2018010118780,1,8,0,3,0,0,0,0,0,0,1,1,1,1,54,8,2143,2,1,2,1,2
2018010118780,2,1,0,14,0,0,1,0,0,0,1,1,2,1,18,4,-1,-1,-1,3,1,3
2018010118781,1,1,-1,-1,-1,-1,-1,-1,-1,-1,-1,1,2,2,30,6,-1,-1,-1,4,1,4
2018010118781,2,9,-1,-1,-1,-1,-1,-1,-1,-1,1,-1,6,2,72,10,1590,1,16,3,1,3
2018010118782,1,9,0,4,0,1,0,0,0,0,2,1,6,1,50,8,1995,2,3,4,1,4
2018010118782,2,19,0,18,0,1,0,0,0,0,1,1,1,1,27,6,2402,2,11,5,1,5
2018010118785,1,3,-1,18,0,0,-1,0,0,0,-1,1,6,3,-1,-1,-1,-1,-1,-1,-1,-1
2018010118787,1,9,0,9,0,5,0,0,0,0,2,1,1,1,39,7,1948,1,18,2,1,2
2018010118787,2,1,0,18,4,8,0,0,0,0,1,1,2,1,46,8,-1,-1,-1,9,1,9
2018010118791,1,2,0,18,0,2,5,0,7,10,4,1,6,1,17,4,124,1,5,-1,-1,-1
2018010118791,2,9,0,18,0,2,0,0,0,0,1,1,6,3,-1,-1,-1,-1,-1,-1,-1,-1
2018010118792,1,9,-1,-1,-1,0,-1,-1,-1,-1,-1,-1,6,1,46,8,1995,2,9,2,1,2
2018010118793,1,9,0,5,0,1,0,0,0,0,3,1,3,2,36,7,1390,1,10,4,1,4
2018010118793,2,19,0,18,0,1,0,0,0,0,3,1,1,1,28,6,-1,-1,-1,10,1,10
2018010118793,3,9,0,2,0,1,0,0,0,0,4,2,6,3,-1,-1,1796,1,10,-1,-1,-1
2018010118794,1,9,0,18,0,1,0,0,0,0,4,1,1,2,27,6,1968,2,6,1,1,1
2018010118794,2,9,0,18,0,1,0,0,0,0,1,1,6,2,44,7,2993,2,13,1,1,1
2018010118795,1,9,0,-1,-1,-1,-1,-1,-1,-1,2,-1,6,1,27,6,2000,1,9,3,1,3
2018010118795,2,9,0,-1,-1,-1,-1,-1,-1,-1,1,-1,6,3,-1,-1,1986,2,11,2,1,2
2018010118796,1,1,-1,-1,-1,-1,-1,-1,-1,-1,1,1,6,1,26,6,-1,-1,-1,6,1,6
2018010118796,2,9,0,13,0,8,0,-1,-1,-1,2,-1,6,3,-1,-1,-1,-1,-1,-1,-1,-1
2018010118799,1,19,0,18,0,4,1,0,0,0,4,1,6,3,-1,-1,-1,-1,-1,-1,-1,-1
2018010118812,1,9,0,-1,-1,-1,-1,-1,-1,-1,2,-1,2,1,54,8,998,1,5,5,1,5
2018010118812,2,9,0,-1,-1,-1,-1,-1,-1,-1,1,-1,6,3,41,7,2720,2,10,7,1,7
2018010118818,1,9,0,-1,-1,-1,-1,-1,-1,-1,-1,-1,6,3,-1,-1,-1,-1,-1,-1,-1,-1
2018010118819,1,9,0,-1,-1,0,-1,-1,-1,-1,-1,-1,6,1,55,8,1598,2,7,3,1,3
2018010118819,2,9,-1,-1,-1,0,-1,-1,-1,-1,-1,-1,6,3,-1,-1,1598,1,14,-1,-1,-1
2018010118820,1,9,0,3,0,-1,0,0,0,0,3,-1,6,1,47,8,2143,2,7,1,1,1
2018010118821,1,9,0,-1,-1,0,-1,-1,-1,-1,-1,-1,6,1,33,6,1968,2,6,3,1,3
2018010118821,2,9,0,-1,-1,0,-1,-1,-1,-1,1,-1,6,3,37,7,1799,1,11,3,1,3
2018010118825,1,9,0,12,0,3,0,0,0,0,3,2,6,1,29,6,1390,1,15,1,1,1
2018010118825,2,3,0,18,0,3,0,4,0,0,1,1,6,1,37,7,124,1,5,3,1,3
2018010118825,3,3,0,18,0,3,0,0,0,0,1,1,2,1,48,8,125,1,4,7,1,7
2018010118829,1,9,0,9,0,8,0,0,0,0,1,1,6,1,64,9,1984,1,2,7,1,7
2018010118829,2,1,0,18,0,8,0,0,0,0,1,1,6,1,62,9,-1,-1,-1,5,1,5
2018010118831,1,4,0,18,0,8,0,0,0,0,1,1,6,1,39,7,530,1,6,5,1,5
2018010118831,2,9,0,18,0,8,0,0,0,0,3,1,1,1,48,8,1598,1,9,1,1,1
2018010118832,1,9,0,18,0,1,0,0,0,0,1,1,2,1,45,7,1950,2,2,5,1,5
2018010118832,2,9,0,18,0,6,0,0,0,0,3,1,6,2,21,5,1499,1,1,6,1,6
2018010118834,1,3,0,-1,-1,0,-1,-1,-1,-1,1,1,6,1,44,7,125,1,2,6,1,6
2018010118834,2,19,0,-1,-1,0,-1,-1,-1,-1,2,-1,6,3,-1,-1,1870,2,16,-1,-1,-1
2018010118835,1,9,0,7,0,1,0,0,0,0,4,1,6,2,48,8,1999,1,1,9,1,9
2018010118835,2,1,0,18,9,1,1,0,0,0,1,1,6,1,12,3,-1,-1,-1,4,1,4
2018010118837,1,9,0,-1,-1,0,-1,-1,-1,-1,-1,-1,2,2,41,7,-1,-1,-1,5,1,5
2018010118837,2,1,-1,-1,-1,0,-1,-1,-1,-1,-1,1,6,3,-1,-1,-1,-1,-1,-1,-1,-1
2018010118843,1,9,0,18,0,0,0,0,0,0,1,1,6,2,50,8,1200,1,3,5,1,5
2018010118843,2,9,0,2,0,0,0,0,0,0,2,1,6,3,-1,-1,1995,2,10,-1,-1,-1
2018010118843,3,9,0,2,0,0,0,0,0,0,2,1,6,3,-1,-1,1390,1,5,-1,-1,-1
2018010118846,1,9,0,3,0,0,0,0,0,0,0,1,6,2,48,8,1998,8,1,5,1,5
2018010118846,2,9,0,18,0,0,0,0,0,0,1,1,6,1,36,7,1560,2,5,3,1,3
2018010118846,3,19,0,18,0,0,0,0,0,0,1,1,2,1,33,6,1870,2,11,5,1,5
2018010118848,1,11,0,5,0,8,0,0,0,0,1,1,1,1,25,5,4500,2,6,-1,-1,-1
2018010118848,2,19,0,7,0,8,0,0,0,0,1,1,1,1,25,5,2198,2,7,9,1,9
2018010118849,1,1,-1,-1,-1,-1,-1,-1,-1,-1,-1,1,6,2,21,5,-1,-1,-1,1,1,1
2018010118849,2,9,0,-1,-1,-1,-1,-1,-1,-1,1,-1,6,3,-1,-1,-1,-1,-1,-1,-1,-1
2018010118853,1,9,0,9,0,8,0,0,0,0,4,1,3,1,66,10,1598,1,9,5,1,5
2018010118853,2,1,0,18,0,1,0,0,0,0,1,1,6,1,31,6,-1,-1,-1,6,1,6
2018010118854,1,9,0,-1,-1,-1,-1,-1,-1,-1,2,-1,6,2,22,5,998,1,5,-1,-1,-1
2018010118854,2,9,0,-1,-1,-1,-1,-1,-1,-1,1,-1,6,3,-1,-1,1995,2,4,2,1,2
2018010118860,1,11,0,12,0,0,0,0,0,0,0,1,1,2,57,9,4461,2,4,2,1,2
2018010118864,1,9,0,18,0,1,0,0,0,0,4,1,6,2,39,7,999,1,3,3,1,3
2018010118864,2,11,0,18,0,1,0,0,0,0,3,1,1,1,33,6,5132,2,1,5,1,5
2018010118869,1,9,0,-1,-1,0,-1,-1,-1,-1,2,-1,2,2,40,7,2393,1,13,8,1,8
2018010118869,2,9,0,-1,-1,0,-1,-1,-1,-1,1,-1,6,3,20,4,-1,-1,-1,4,1,4
2018010118871,1,8,0,18,0,1,0,0,0,0,1,1,1,1,51,8,1477,8,-1,8,1,8
2018010118871,2,3,0,18,0,1,0,0,0,0,3,1,6,1,43,7,124,1,7,4,1,4
2018010118874,1,1,0,18,0,8,0,0,0,0,1,1,2,1,34,6,-1,-1,-1,6,1,6
2018010118878,1,20,0,5,0,2,0,0,0,0,1,1,1,1,29,6,4250,2,9,7,1,7
2018010118880,1,9,0,18,0,1,0,0,0,0,1,1,2,1,33,6,2494,8,2,3,1,3
2018010118880,2,9,0,18,0,1,0,0,0,0,2,1,6,1,37,7,1999,1,4,10,1,10
2018010118885,1,1,-1,-1,-1,-1,-1,-1,-1,-1,1,1,2,1,32,6,-1,-1,-1,7,1,7
2018010118885,2,9,0,-1,-1,-1,-1,-1,-1,-1,-1,-1,6,3,-1,-1,1997,2,8,-1,-1,-1
2018010118888,1,9,0,5,0,1,0,0,0,0,1,1,6,1,55,8,1998,1,17,3,1,3
2018010118888,2,3,0,18,0,1,0,0,0,0,1,1,1,1,29,6,125,1,8,8,1,8
2018010118889,1,9,0,18,0,0,0,0,0,0,1,1,6,1,31,6,2179,2,5,3,1,3
2018010118890,1,8,0,4,0,1,0,0,0,0,1,1,1,1,50,8,1995,2,1,7,1,7
2018010118890,2,9,0,4,0,5,0,0,0,0,2,1,6,2,28,6,1397,1,9,5,1,5
2018010118893,1,9,0,18,0,1,0,0,0,0,1,1,6,2,52,8,1242,1,8,3,1,3
2018010118894,1,1,0,18,0,0,0,0,0,0,1,1,2,1,20,4,-1,-1,-1,8,1,8
2018010118894,2,19,0,3,0,0,0,0,0,0,2,1,2,1,37,7,2402,2,8,10,1,10
2018010118895,1,19,0,18,0,0,0,0,0,0,3,1,1,1,54,8,6700,2,2,2,1,2
2018010118895,2,1,0,14,0,0,0,0,0,0,3,1,6,1,55,8,-1,-1,-1,-1,-1,-1
2018010118901,1,8,0,9,0,8,0,0,0,0,1,1,1,1,46,8,1477,8,-1,6,1,6
2018010118906,1,1,-1,-1,-1,0,-1,-1,-1,-1,1,1,2,1,24,5,-1,-1,-1,4,1,4
2018010118906,2,20,0,-1,-1,0,-1,-1,-1,-1,2,-1,6,3,-1,-1,-1,-1,-1,-1,-1,-1
2018010118922,1,3,0,9,0,5,0,0,0,0,3,1,6,2,46,8,125,1,2,8,1,8
2018010118922,2,9,0,5,0,5,0,0,0,0,4,1,6,1,61,9,3226,2,17,3,1,3
2018010118927,1,11,0,-1,-1,0,-1,-1,-1,-1,2,1,6,1,41,7,4760,2,6,1,1,1
2018010118927,2,9,-1,-1,-1,0,-1,-1,-1,-1,1,-1,6,3,-1,-1,-1,-1,-1,-1,-1,-1
2018010118928,1,8,-1,18,0,1,-1,-1,-1,-1,4,-1,1,1,28,6,1790,8,5,7,1,7
2018010118928,2,9,-1,-1,0,1,-1,-1,-1,-1,3,-1,6,3,-1,-1,1206,1,9,-1,-1,-1
2018010118931,1,9,-1,18,0,0,0,0,0,0,2,-1,6,2,30,6,1598,1,10,9,1,9
2018010118931,2,9,-1,18,0,0,0,0,0,0,1,-1,6,1,-1,-1,1587,1,11,3,1,3
2018010118933,1,19,0,18,0,1,0,0,0,0,1,1,1,1,28,6,-1,-1,-1,2,1,2
2018010118933,2,1,0,12,0,1,0,0,0,0,1,1,2,1,43,7,-1,-1,-1,2,1,2
2018010118936,1,9,0,-1,-1,-1,-1,-1,-1,-1,2,-1,6,1,52,8,2143,2,-1,2,1,2
2018010118936,2,3,0,-1,-1,-1,-1,-1,-1,-1,2,1,6,3,-1,-1,108,1,3,1,1,1
2018010118938,1,19,0,18,0,0,0,0,0,0,4,1,1,1,24,5,1995,2,6,10,3,10
2018010118938,2,1,0,4,9,0,5,0,0,0,2,1,6,1,30,6,-1,-1,-1,2,1,2
2018010118939,1,1,-1,-1,-1,-1,-1,-1,-1,-1,-1,1,6,1,25,5,-1,-1,-1,6,1,6
2018010118939,2,20,0,-1,-1,-1,-1,-1,-1,-1,4,-1,6,1,56,9,-1,-1,-1,9,1,9
2018010118942,1,19,0,18,0,1,0,0,0,0,1,1,6,1,28,6,2198,2,7,3,1,3
2018010118942,2,9,0,9,0,1,0,10,1,10,4,1,6,1,30,6,1364,1,1,2,1,2
2018010118943,1,11,0,18,0,4,0,0,0,0,0,1,1,1,49,8,4500,2,2,3,1,3
2018010118945,1,9,0,9,0,1,0,0,0,0,3,1,1,2,66,10,1595,1,8,5,1,5
2018010118945,2,3,0,15,0,1,0,0,0,0,1,1,6,1,37,7,125,1,5,3,1,3
2018010118946,1,9,0,7,0,8,0,0,0,0,1,1,6,3,-1,-1,1997,2,5,-1,-1,-1
2018010118954,1,19,0,4,0,1,0,0,0,0,4,1,1,1,46,8,2298,2,2,5,1,5
2018010118954,2,1,0,18,9,1,0,0,0,0,1,1,4,1,10,2,-1,-1,-1,1,1,1
2018010118956,1,9,0,16,0,3,0,0,1,10,4,1,1,2,34,6,1498,1,-1,9,1,9
2018010118958,1,1,-1,-1,-1,0,-1,-1,-1,-1,1,1,2,1,30,6,-1,-1,-1,3,1,3
2018010118958,2,19,0,-1,-1,0,-1,-1,-1,-1,-1,-1,6,3,-1,-1,-1,-1,-1,-1,-1,-1
2018010118970,1,19,-1,-1,-1,0,-1,-1,-1,-1,-1,-1,6,1,50,8,2143,2,2,4,1,4
2018010118970,2,9,-1,-1,-1,0,-1,-1,-1,-1,-1,-1,6,3,-1,-1,-1,-1,-1,-1,-1,-1
2018010118976,1,10,0,10,0,1,0,0,0,0,2,1,1,2,55,8,2998,2,11,5,1,5
2018010118976,2,19,0,3,0,1,0,0,0,0,1,1,1,1,69,10,2151,2,16,-1,-1,-1
2018010118979,1,1,0,18,0,0,0,0,0,0,1,1,6,2,25,5,-1,-1,-1,3,1,3
2018010118979,2,8,0,2,0,0,0,0,0,0,3,1,6,3,-1,-1,1797,8,8,-1,-1,-1
2018010118987,1,1,0,-1,0,0,-1,-1,-1,-1,-1,1,6,1,-1,-1,-1,-1,-1,3,1,3
2018010118988,1,9,0,-1,-1,-1,-1,-1,-1,-1,2,-1,6,2,60,9,1339,1,12,4,1,4
2018010118988,2,9,0,-1,-1,-1,-1,-1,-1,-1,2,-1,6,3,28,6,998,1,4,-1,-1,-1
2018010118988,3,9,0,-1,-1,-1,-1,-1,-1,-1,1,-1,6,3,28,6,998,1,3,-1,-1,-1
2018010118997,1,19,-1,-1,-1,-1,-1,-1,-1,-1,-1,-1,6,1,29,6,2143,2,7,5,1,5
2018010118999,1,5,0,-1,-1,-1,-1,-1,-1,-1,-1,1,2,1,52,8,599,1,7,4,1,4
2018010118999,2,9,0,-1,-1,-1,-1,-1,-1,-1,-1,-1,6,2,24,5,1461,2,7,2,1,2
2018010119003,1,9,0,18,0,1,0,0,0,0,4,1,6,3,-1,-1,1998,1,10,-1,-1,-1
2018010119005,1,19,0,8,0,2,0,0,0,0,3,1,1,1,45,7,1995,2,1,3,1,3
2018010119009,1,19,0,4,0,2,0,0,0,0,3,1,1,1,50,8,2999,2,3,8,1,8
2018010119010,1,9,0,-1,-1,-1,-1,-1,-1,-1,-1,-1,6,3,-1,-1,1198,1,10,-1,-1,-1
2018010119017,1,9,0,-1,-1,-1,-1,-1,-1,-1,1,-1,2,1,34,6,1560,2,2,9,1,9
2018010119017,2,9,0,-1,-1,-1,-1,-1,-1,-1,1,-1,6,1,36,7,1784,1,12,10,1,10
2018010119019,1,9,0,9,0,5,0,0,0,0,1,1,3,1,50,8,998,1,10,9,1,9
2018010119019,2,3,0,18,0,1,0,0,0,0,1,1,2,1,49,8,-1,-1,-1,9,1,9
2018010119021,1,9,0,18,9,5,0,0,1,0,1,1,6,1,33,6,1995,1,9,5,1,5
2018010119022,1,4,0,18,0,0,0,0,0,0,1,1,6,1,38,7,-1,-1,-1,9,1,9
2018010119025,1,11,0,18,0,0,5,0,0,0,1,1,1,1,49,8,6374,2,7,3,1,3
2018010119025,2,9,0,18,0,0,0,0,0,0,1,1,2,2,23,5,998,1,2,7,1,7
2018010119027,1,9,0,9,0,6,0,0,0,0,1,1,6,1,67,10,1242,1,11,6,1,6
2018010119027,2,3,0,14,0,1,1,0,0,0,1,1,6,1,34,6,-1,-1,-1,2,1,2
2018010119030,1,3,0,-1,-1,-1,-1,-1,-1,-1,1,1,6,1,37,7,124,1,1,1,1,1
2018010119031,1,9,0,9,0,2,0,0,0,0,1,1,6,2,29,6,1598,1,12,8,1,8
2018010119031,2,3,0,18,0,1,0,0,0,0,1,1,6,1,27,6,125,1,6,5,1,5
2018010119035,1,9,0,18,0,8,1,0,0,0,4,-1,6,1,28,6,1197,1,2,2,1,2
2018010119035,2,9,-1,18,0,8,1,0,-1,0,3,-1,6,1,59,9,2993,2,3,5,1,5
2018010119036,1,19,4,18,0,2,0,0,0,0,2,1,6,3,-1,-1,-1,-1,-1,-1,-1,-1
2018010119039,1,9,0,7,0,7,0,0,0,0,0,1,2,2,37,7,-1,-1,-1,4,1,4
2018010119043,1,5,0,18,0,4,0,0,0,0,2,1,2,2,41,7,600,1,17,5,1,5
2018010119043,2,21,1,18,0,4,0,0,0,0,4,1,1,1,53,8,12740,2,6,3,1,3
2018010119048,1,19,0,4,0,0,0,0,0,0,4,1,1,1,56,9,2143,2,8,3,1,3
2018010119048,2,1,0,15,0,0,0,0,0,0,2,1,2,1,50,8,-1,-1,-1,7,1,7
2018010119056,1,9,0,5,0,2,0,0,0,0,1,1,6,1,47,8,2148,2,10,3,1,3
2018010119059,1,19,0,18,0,0,0,0,0,0,0,1,1,1,43,7,1995,2,-1,3,1,3
2018010119059,2,9,0,18,0,0,0,0,1,0,1,1,6,1,22,5,1560,2,10,3,1,3
2018010119059,3,19,0,18,0,0,0,0,0,0,2,1,1,1,21,5,2198,2,2,2,1,2
2018010119062,1,1,-1,-1,-1,-1,-1,-1,-1,-1,-1,1,2,2,23,5,-1,-1,-1,2,1,2
2018010119062,2,9,0,-1,-1,-1,-1,-1,-1,-1,1,-1,6,3,-1,-1,1497,1,14,3,1,3
2018010119063,1,8,0,-1,-1,-1,-1,-1,-1,-1,2,-1,2,2,52,8,1997,2,1,2,1,2
2018010119063,2,90,0,-1,-1,-1,-1,-1,-1,-1,1,-1,6,3,-1,-1,-1,-1,-1,4,1,4
2018010119076,1,8,0,5,0,0,0,0,0,0,1,1,1,1,51,8,2497,2,5,1,1,1
2018010119076,2,9,0,4,0,0,0,0,0,0,2,1,6,1,28,6,2776,2,5,8,1,8
2018010119076,3,9,0,4,0,0,0,0,0,0,2,1,1,1,44,7,1995,1,13,9,1,9
2018010119079,1,19,0,18,0,0,0,0,0,0,4,1,1,1,-1,-1,2998,2,3,5,1,5
2018010119083,1,9,0,-1,-1,2,-1,-1,-1,-1,1,-1,6,2,31,6,1390,1,16,4,1,4
2018010119083,2,8,0,-1,-1,2,-1,-1,-1,-1,2,-1,6,3,-1,-1,1798,8,5,-1,-1,-1
2018010119084,1,9,0,5,0,4,0,0,0,0,3,1,6,2,63,9,1499,8,-1,9,1,9
2018010119084,2,1,0,16,0,8,0,0,0,0,1,1,6,1,30,6,-1,-1,-1,6,1,6
2018010119085,1,9,0,18,0,8,0,0,0,0,1,1,6,2,41,7,2993,2,10,5,1,5
2018010119085,2,9,0,14,0,1,0,0,0,0,1,1,6,1,23,5,1598,1,7,10,1,10
2018010119087,1,9,0,6,0,1,0,0,0,0,3,1,6,1,20,4,2993,2,1,3,1,3
2018010119087,2,4,0,14,0,1,0,0,0,0,1,1,1,1,41,7,125,1,3,2,1,2
2018010119088,1,11,0,18,2,1,0,0,0,0,1,1,1,1,30,6,4500,2,1,2,1,2
2018010119088,2,9,0,11,2,1,0,0,0,0,2,1,6,1,24,5,1388,1,14,-1,-1,-1
2018010119092,1,9,0,9,0,8,0,0,0,0,1,1,6,1,39,7,2148,2,10,5,1,5
2018010119092,2,9,0,18,0,1,0,0,0,0,1,1,6,2,26,6,1781,1,13,5,1,5
2018010119094,1,3,0,5,0,6,2,0,0,0,1,1,6,1,23,5,125,1,4,3,1,3
2018010119095,1,9,0,5,0,2,0,4,0,0,1,1,6,1,77,11,-1,-1,-1,-1,-1,-1
2018010119095,2,90,0,4,0,1,0,0,0,0,1,1,1,2,38,7,2287,2,2,1,1,1
2018010119096,1,21,1,5,0,0,0,0,0,0,1,1,1,1,32,6,12902,2,2,6,2,6
2018010119100,1,9,0,11,0,2,0,0,0,0,2,1,2,1,40,7,2199,2,7,2,1,2
2018010119100,2,5,0,11,0,2,0,0,0,0,1,1,6,1,39,7,1000,1,12,6,1,6
2018010119101,1,9,0,5,0,2,0,0,0,0,1,2,2,2,54,8,1339,1,10,5,1,5
2018010119102,1,1,0,-1,0,1,0,0,0,0,3,1,6,2,24,5,-1,-1,-1,1,1,1
2018010119102,2,9,0,-1,0,1,0,0,0,0,4,-1,6,3,-1,-1,2143,2,4,2,1,2
2018010119104,1,9,0,17,0,8,0,0,0,0,1,1,6,1,22,5,1242,1,4,5,1,5
2018010119104,2,9,0,4,0,8,0,0,0,0,2,1,6,1,70,10,1598,1,16,2,1,2
2018010119104,3,9,0,4,0,8,0,0,0,0,2,1,6,1,38,7,1968,2,9,6,1,6
2018010119105,1,9,0,18,-1,0,-1,-1,-1,-1,2,-1,2,1,56,9,1396,1,21,7,1,7
2018010119105,2,9,0,-1,-1,0,-1,-1,-1,-1,1,1,6,3,-1,-1,1197,1,2,-1,-1,-1
2018010119108,1,9,0,5,0,1,0,0,0,0,4,1,6,1,47,8,1498,1,1,1,1,1
2018010119109,1,9,0,3,0,1,0,0,0,0,1,1,6,2,63,9,1200,1,1,2,1,2
2018010119113,1,8,0,-1,-1,-1,-1,-1,-1,-1,1,1,1,3,-1,-1,-1,-1,-1,-1,-1,-1
2018010119116,1,9,0,-1,-1,-1,-1,-1,-1,-1,2,-1,6,1,27,6,1598,2,4,4,1,4
2018010119116,2,9,0,-1,-1,-1,-1,-1,-1,-1,1,-1,6,3,-1,-1,-1,-1,-1,-1,-1,-1
2018010119125,1,9,0,4,0,0,0,4,0,0,2,1,6,2,24,5,1242,1,7,6,1,6
2018010119125,2,9,0,18,0,0,0,0,0,0,1,1,6,1,28,6,1598,2,4,7,1,7
2018010119126,1,9,0,9,0,5,0,0,0,0,1,1,6,1,18,4,998,1,6,5,1,5
2018010119126,2,4,0,13,0,1,0,0,0,0,4,1,6,1,54,8,249,1,26,2,1,2
2018010119127,1,11,0,4,0,1,0,0,0,0,0,1,1,2,60,9,-1,-1,-1,2,1,2
2018010119128,1,9,0,7,0,1,0,0,0,0,1,1,6,1,46,8,2143,2,6,6,1,6
2018010119128,2,9,0,9,0,1,0,0,0,0,1,1,6,1,33,6,1595,2,8,7,1,7
2018010119130,1,4,0,10,0,8,0,0,0,0,2,1,6,1,23,5,125,1,1,4,1,4
2018010119130,2,9,0,5,0,8,0,0,0,0,1,1,6,3,-1,-1,-1,-1,-1,-1,-1,-1
2018010119131,1,9,0,9,0,8,0,0,0,0,0,1,6,2,27,6,1198,1,9,4,1,4
2018010119131,2,1,0,14,0,8,0,0,1,0,0,1,2,1,27,6,-1,-1,-1,3,1,3
2018010119138,1,19,0,18,0,8,0,0,0,0,1,1,1,1,25,5,1995,2,1,3,1,3
2018010119138,2,9,0,5,0,8,0,0,0,0,3,1,2,1,57,9,1968,2,12,3,1,3
2018010119140,1,9,0,9,0,8,0,0,0,0,3,1,6,2,29,6,1560,2,7,5,1,5
2018010119140,2,1,0,18,0,8,0,0,0,0,1,1,6,1,54,8,-1,-1,-1,2,1,2
2018010119141,1,9,0,-1,-1,-1,-1,-1,-1,-1,2,-1,6,2,23,5,1242,1,13,9,1,9
2018010119145,1,9,0,3,0,1,0,0,0,0,0,1,6,1,50,8,1968,2,8,10,1,10