Accident_Index,Vehicle_Reference,Vehicle_Type,Towing_and_Articulation,Vehicle_Manoeuvre,Vehicle_Location-Restricted_Lane,Junction_Location,Skidding_and_Overturning,Hit_Object_in_Carriageway,Vehicle_Leaving_Carriageway,Hit_Object_off_Carriageway,1st_Point_of_Impact,Was_Vehicle_Left_Hand_Drive?,Journey_Purpose_of_Driver,Sex_of_Driver,Age_of_Driver,Age_Band_of_Driver,Engine_Capacity_(CC),Propulsion_Code,Age_of_Vehicle,Driver_IMD_Decile,Driver_Home_Area_Type,Vehicle_IMD_Decile
2018010119145,2,9,0,3,0,1,0,0,0,0,1,1,6,1,31,6,2993,2,12,5,1,5
2018010119146,1,9,0,18,0,1,0,0,3,0,1,1,6,2,35,6,1598,2,5,3,1,3
2018010119147,1,3,0,13,0,1,0,0,0,0,1,1,6,1,24,5,125,1,5,2,1,2
2018010119147,2,9,0,4,0,1,0,0,0,0,1,1,6,1,31,6,1395,1,2,4,1,4
2018010119149,1,9,0,-1,-1,-1,-1,-1,-1,-1,2,-1,6,1,40,7,1796,1,8,5,1,5
2018010119149,2,19,0,-1,-1,-1,-1,-1,-1,-1,1,-1,6,3,-1,-1,2402,2,10,3,1,3
2018010119150,1,8,0,9,0,8,0,0,0,0,3,1,1,1,66,10,1797,8,6,4,1,4
2018010119150,2,1,0,18,0,8,0,0,0,0,1,1,2,1,26,6,-1,-1,-1,9,1,9
2018010119155,1,9,0,5,0,8,0,0,0,0,2,1,6,1,54,8,1598,1,8,4,1,4
2018010119155,2,1,0,18,0,8,0,0,0,0,1,1,6,1,20,4,-1,-1,-1,2,1,2
2018010119157,1,9,0,5,0,0,0,0,0,0,1,1,1,2,40,7,1339,1,11,4,1,4
2018010119158,1,9,0,18,0,0,0,0,0,0,3,1,6,1,25,5,1498,1,-1,7,1,7
2018010119158,2,2,0,18,0,0,0,0,0,0,4,1,6,1,17,4,278,1,1,3,1,3
2018010119163,1,10,0,-1,-1,-1,-1,-1,-1,-1,2,-1,6,3,-1,-1,-1,-1,-1,4,1,4
2018010119166,1,9,0,3,0,1,0,0,0,0,1,1,6,2,54,8,999,1,1,6,1,6
2018010119166,2,8,0,18,0,8,0,0,0,0,1,1,1,2,56,9,2402,2,15,8,1,8
2018010119166,3,8,0,18,0,2,0,0,0,0,1,1,6,1,28,6,1598,2,6,8,1,8
2018010119168,1,9,0,18,0,1,0,0,0,0,1,1,1,1,34,6,2993,2,3,4,1,4
2018010119168,2,4,0,5,0,1,0,0,0,0,1,1,6,1,28,6,499,1,9,5,1,5
2018010119169,1,8,0,5,0,8,0,0,0,0,3,1,1,1,45,7,1798,8,1,4,1,4
2018010119169,2,1,0,18,0,8,5,0,0,0,3,1,6,1,38,7,-1,-1,-1,2,1,2
2018010119172,1,4,0,18,9,2,0,0,0,0,1,1,6,3,28,6,233,1,22,-1,-1,-1
2018010119173,1,2,0,13,0,0,0,0,0,0,1,1,2,1,55,8,108,1,4,8,1,8
2018010119173,2,19,0,12,0,0,0,0,0,0,3,1,1,1,38,7,-1,-1,-1,5,1,5
2018010119174,1,11,0,18,0,1,0,0,0,0,3,1,1,1,53,8,4500,2,2,1,1,1
2018010119175,1,9,0,18,0,2,0,0,0,0,1,1,6,3,-1,-1,-1,-1,-1,-1,-1,-1
2018010119178,1,9,0,7,0,1,0,0,0,0,1,1,1,1,35,6,2993,2,3,-1,-1,-1
2018010119178,2,2,0,7,0,1,0,0,0,0,2,1,6,1,25,5,49,1,7,5,1,5
2018010119188,1,11,0,18,0,8,0,0,0,0,0,1,1,1,49,8,5883,2,16,2,1,2
2018010119189,1,90,0,18,0,1,0,-1,0,0,1,-1,6,1,34,6,-1,-1,-1,6,1,6
2018010119193,1,9,0,8,0,1,0,-1,0,0,2,-1,6,1,55,8,1798,8,3,3,1,3
2018010119193,2,19,0,18,0,1,0,-1,0,0,1,-1,6,3,-1,-1,1753,2,14,-1,-1,-1
2018010119199,1,8,0,18,0,1,1,4,0,0,3,1,1,1,58,9,1995,2,6,7,1,7
2018010119199,2,9,0,18,0,2,1,0,0,0,1,1,6,2,42,7,1242,1,2,8,1,8
2018010119199,3,19,0,2,0,2,0,0,0,0,4,1,6,3,-1,-1,1461,2,7,-1,-1,-1
2018010119200,1,9,0,7,0,2,0,0,0,0,2,1,2,2,36,7,1598,1,11,2,1,2
2018010119200,2,1,0,18,0,2,0,0,0,0,1,1,6,2,29,6,-1,-1,-1,8,1,8
2018010119210,1,9,0,4,0,0,0,0,0,0,3,1,6,3,-1,-1,1318,1,1,-1,-1,-1
2018010119210,2,9,0,4,0,0,0,0,0,0,3,1,3,1,44,7,1248,2,11,6,1,6
2018010119212,1,9,0,18,0,1,0,0,0,0,4,1,2,1,24,5,1995,2,2,3,1,3
2018010119219,1,9,0,18,0,1,0,0,0,0,4,1,1,1,52,8,1364,1,1,2,1,2
2018010119223,1,1,0,15,0,0,0,0,0,0,4,1,1,1,32,6,-1,-1,-1,6,1,6
2018010119223,2,8,0,2,0,0,0,0,0,0,4,1,6,3,-1,-1,-1,-1,-1,-1,-1,-1
2018010119228,1,9,0,5,0,0,0,0,0,0,1,1,6,2,62,9,1995,2,10,10,1,10
2018010119228,2,5,0,18,0,0,0,0,0,0,4,1,6,1,59,9,1690,1,3,7,1,7
2018010119230,1,11,0,4,0,0,0,0,0,0,0,1,1,1,-1,-1,-1,-1,-1,-1,-1,-1
2018010119232,1,9,-1,-1,-1,0,-1,-1,-1,-1,1,-1,1,1,-1,-1,2993,2,1,3,1,3
2018010119232,2,9,-1,-1,-1,0,-1,-1,-1,-1,1,-1,6,3,-1,-1,1248,2,6,-1,-1,-1
2018010119234,1,9,0,3,0,0,0,0,0,0,2,1,6,2,47,8,2494,1,15,4,1,4
2018010119234,2,9,-1,18,0,0,-1,0,0,0,1,-1,6,3,-1,-1,1590,1,14,-1,-1,-1
2018010119242,1,11,0,-1,-1,-1,-1,-1,-1,-1,4,-1,6,3,-1,-1,-1,-1,-1,-1,-1,-1
2018010119244,1,4,0,18,0,8,0,0,0,0,1,1,6,1,39,7,125,1,11,3,1,3
2018010119247,1,1,0,18,0,8,0,0,0,0,4,1,2,1,37,7,-1,-1,-1,2,1,2
2018010119247,2,19,0,7,0,6,0,0,0,0,1,1,6,1,28,6,2198,2,2,4,1,4
2018010119248,1,9,0,3,0,3,0,0,0,0,2,1,6,1,50,8,1968,2,3,9,2,9
2018010119248,2,9,0,5,0,3,0,0,0,0,1,1,6,1,27,6,2993,2,10,2,1,2
2018010119249,1,9,0,-1,-1,-1,-1,-1,-1,-1,2,-1,6,2,42,7,2143,2,3,-1,1,-1
2018010119249,2,1,-1,-1,-1,-1,-1,-1,-1,-1,1,1,6,2,-1,-1,-1,-1,-1,-1,-1,-1
2018010119251,1,11,0,5,0,8,0,0,0,0,0,1,1,1,37,7,4500,2,-1,2,1,2
2018010119252,1,9,-1,-1,0,0,0,-1,-1,-1,-1,-1,6,2,21,5,1299,1,16,7,1,7
2018010119254,1,9,0,-1,-1,-1,-1,-1,-1,-1,1,-1,6,2,25,5,998,1,1,2,1,2
2018010119254,2,9,0,-1,-1,-1,-1,-1,-1,-1,2,-1,6,3,-1,-1,1997,2,6,2,1,2
2018010119257,1,9,0,9,0,6,0,0,0,0,2,-1,6,1,38,7,1339,1,14,4,1,4
2018010119257,2,9,-1,18,0,8,0,0,0,0,1,1,6,1,-1,-1,1229,1,13,6,1,6
2018010119260,1,8,0,9,0,5,0,0,0,0,4,2,1,1,59,9,1560,2,4,2,1,2
2018010119260,2,5,0,18,0,8,5,0,0,0,1,1,6,1,40,7,847,1,-1,7,3,7
2018010119262,1,9,0,-1,-1,-1,-1,-1,-1,-1,2,-1,6,2,44,7,1995,2,2,5,1,5
2018010119262,2,9,0,-1,-1,-1,-1,-1,-1,-1,1,-1,6,3,-1,-1,1896,2,16,9,1,9
2018010119265,1,1,-1,-1,-1,0,-1,-1,-1,-1,-1,1,2,2,53,8,-1,-1,-1,9,1,9
2018010119265,2,9,0,-1,-1,0,-1,-1,-1,-1,-1,-1,6,3,46,8,1998,8,-1,8,1,8
2018010119267,1,9,-1,13,0,1,0,0,0,0,4,-1,6,3,-1,-1,-1,-1,-1,-1,-1,-1
2018010119268,1,9,0,3,9,1,0,4,1,10,1,1,6,1,79,11,-1,-1,-1,5,1,5
2018010119268,2,19,0,3,0,1,0,0,1,0,2,1,1,1,44,7,1995,2,-1,7,3,7
2018010119268,3,9,0,3,0,1,0,4,1,0,2,1,6,1,60,9,2151,2,16,8,1,8
2018010119271,1,8,0,2,0,1,0,0,0,0,3,1,6,3,-1,-1,2987,2,2,-1,-1,-1
2018010119271,2,9,0,18,0,2,0,0,0,0,1,1,6,2,50,8,3456,8,1,9,1,9
2018010119273,1,8,0,5,0,2,0,0,0,0,4,1,1,2,31,6,1339,8,5,3,1,3
2018010119275,1,9,0,5,0,1,0,0,0,0,1,1,6,3,-1,-1,-1,-1,-1,-1,-1,-1
2018010119279,1,9,0,18,0,0,2,4,0,0,1,1,6,2,32,6,1587,1,12,-1,-1,-1
2018010119279,2,9,0,2,0,0,0,0,0,0,2,1,6,3,-1,-1,1461,2,10,-1,-1,-1
2018010119287,1,9,0,9,0,2,0,0,0,0,1,1,2,1,36,7,1242,1,7,-1,-1,-1
2018010119287,2,5,0,15,0,1,5,0,1,2,1,1,2,1,30,6,-1,-1,-1,4,1,4
2018010119290,1,9,0,3,0,0,0,0,0,0,1,1,2,2,48,8,1997,2,1,5,1,5
2018010119290,2,9,0,18,0,0,0,0,0,0,1,1,6,1,73,10,-1,-1,-1,3,1,3
2018010119290,3,9,0,18,0,0,0,0,0,0,4,1,2,1,20,4,1229,1,6,1,1,1
2018010119303,1,3,0,3,0,0,0,0,0,0,2,1,1,2,27,6,125,1,2,2,1,2
2018010119303,2,9,0,5,0,0,0,0,0,0,1,1,1,1,48,8,1998,2,4,3,1,3
2018010119304,1,9,0,18,0,2,0,0,0,0,1,1,1,1,34,6,2143,2,3,6,1,6
2018010119305,1,9,0,18,0,2,0,0,0,0,3,1,6,1,73,10,2000,1,13,-1,-1,-1
2018010119305,2,9,0,2,0,1,0,0,0,0,4,1,6,3,-1,-1,1339,1,8,-1,-1,-1
2018010119305,3,9,0,2,0,2,0,0,0,0,1,1,6,3,-1,-1,2987,2,12,-1,-1,-1
2018010119312,1,9,0,18,0,1,1,0,0,0,1,1,2,1,22,5,2979,1,16,2,1,2
2018010119312,2,9,0,9,0,2,0,0,0,0,3,1,2,2,21,5,698,1,11,10,1,10
2018010119318,1,9,0,5,0,0,0,0,0,0,1,1,1,2,40,7,998,1,2,7,1,7
2018010119318,2,9,0,3,0,0,0,0,0,0,0,1,6,1,55,8,3824,1,10,7,1,7
2018010119321,1,9,0,-1,-1,0,-1,-1,-1,-1,2,-1,6,2,56,9,1339,1,10,2,1,2
2018010119321,2,9,0,-1,-1,0,-1,-1,-1,-1,1,-1,6,3,-1,-1,1399,1,12,5,1,5
2018010119324,1,3,0,-1,-1,-1,-1,-1,-1,-1,-1,1,2,1,26,6,125,1,5,10,1,10
2018010119324,2,9,0,-1,-1,-1,-1,-1,-1,-1,0,-1,6,3,-1,-1,-1,-1,-1,-1,-1,-1
2018010119326,1,1,-1,-1,-1,-1,-1,-1,-1,-1,0,1,6,1,28,6,-1,-1,-1,3,1,3
2018010119326,2,8,0,-1,-1,-1,-1,-1,-1,-1,4,-1,6,1,58,9,2143,2,1,8,1,8
2018010119327,1,9,0,18,0,8,0,0,0,0,4,1,2,1,19,4,1395,1,1,10,2,10
2018010119327,2,9,0,18,0,8,0,0,0,0,3,1,2,1,31,6,2000,2,9,2,1,2
2018010119327,3,9,0,7,0,8,0,0,0,0,1,1,6,2,73,10,600,8,-1,8,1,8
2018010119331,1,9,0,7,0,1,0,0,0,0,4,1,6,2,59,9,1388,1,8,2,1,2
2018010119331,2,4,0,16,0,1,0,0,0,0,1,1,6,2,30,6,-1,-1,-1,2,1,2
2018010119334,1,5,0,18,0,1,0,0,0,0,1,1,6,1,21,5,599,1,21,-1,-1,-1
2018010119334,2,9,0,9,0,1,0,0,0,0,1,1,2,1,24,5,1995,2,6,1,1,1
2018010119335,1,9,0,18,0,2,0,0,0,0,4,1,6,2,53,8,1368,1,5,6,1,6
2018010119337,1,5,0,3,0,2,0,0,0,0,1,1,6,3,-1,-1,675,1,7,-1,-1,-1
2018010119337,2,1,0,3,0,2,0,0,0,0,1,1,6,1,44,7,-1,-1,-1,7,1,7
2018010119338,1,9,0,-1,-1,8,-1,-1,-1,-1,1,-1,6,3,-1,-1,-1,-1,-1,-1,-1,-1
2018010119338,2,1,-1,5,0,8,-1,0,-1,-1,1,1,6,1,33,6,-1,-1,-1,6,1,6
2018010119340,1,11,0,4,2,0,0,0,0,0,0,1,1,2,55,8,5132,2,-1,3,1,3
2018010119343,1,9,0,-1,-1,-1,-1,-1,-1,-1,1,-1,6,1,38,7,1798,1,7,9,1,9
2018010119343,2,1,-1,-1,-1,-1,-1,-1,-1,-1,1,1,6,1,59,9,-1,-1,-1,4,1,4
2018010119344,1,9,0,9,0,8,0,0,0,0,1,1,6,2,70,10,1798,8,1,7,3,7
2018010119344,2,9,0,9,0,8,0,0,0,0,1,1,3,2,38,7,1798,1,4,3,1,3
2018010119344,3,1,0,18,0,8,0,0,0,0,3,1,3,2,28,6,-1,-1,-1,3,1,3
2018010119345,1,19,0,10,0,2,0,0,0,0,1,1,2,1,53,8,1995,2,1,5,1,5
2018010119345,2,1,0,5,0,2,5,0,0,0,2,1,1,1,43,7,-1,-1,-1,3,1,3
2018010119348,1,9,0,-1,-1,-1,-1,-1,-1,-1,2,-1,6,1,25,5,2993,2,11,9,1,9
2018010119348,2,9,0,-1,-1,-1,-1,-1,-1,-1,2,-1,6,3,42,7,1950,2,2,5,1,5
2018010119350,1,9,0,18,0,0,0,0,0,0,3,1,6,1,66,10,1796,1,14,3,1,3
2018010119351,1,9,0,12,0,7,0,0,0,0,2,1,6,2,30,6,1348,1,16,-1,-1,-1
2018010119351,2,9,0,18,0,7,0,0,0,0,1,1,6,2,49,8,2597,1,13,-1,-1,-1
2018010119352,1,1,-1,18,-1,-1,-1,-1,-1,-1,1,1,2,1,40,7,-1,-1,-1,6,1,6
2018010119352,2,9,0,7,-1,-1,-1,-1,-1,-1,4,-1,6,1,-1,-1,2967,2,7,-1,-1,-1
2018010119353,1,9,0,18,0,0,0,0,0,0,1,1,6,1,28,6,1753,2,16,10,2,10
2018010119354,1,9,0,-1,-1,0,-1,-1,-1,-1,2,-1,6,2,26,6,1399,2,10,5,2,5
2018010119354,2,9,0,-1,-1,0,-1,-1,-1,-1,1,-1,6,3,-1,-1,1395,1,-1,-1,-1,-1
2018010119355,1,11,0,18,0,8,0,0,0,0,0,1,1,1,39,7,-1,-1,-1,1,1,1
2018010119355,2,9,0,18,0,8,0,0,0,0,0,1,6,1,-1,-1,-1,-1,-1,-1,-1,-1
2018010119356,1,9,0,4,2,0,0,0,0,0,4,1,1,1,45,7,1798,8,3,5,1,5
2018010119356,2,1,0,15,2,0,5,8,1,0,1,1,6,1,-1,-1,-1,-1,-1,4,1,4
2018010119357,1,9,0,9,0,1,0,0,0,0,1,1,2,1,52,8,1995,2,2,7,3,7
2018010119357,2,1,0,15,0,1,0,0,0,0,4,1,6,2,31,6,-1,-1,-1,9,1,9
2018010119359,1,9,0,18,0,1,0,0,0,0,1,1,6,1,26,6,1242,1,5,2,1,2
2018010119359,2,9,0,18,0,1,0,0,0,0,2,1,6,1,38,7,1389,1,12,1,1,1
2018010119362,1,5,0,18,0,1,0,0,0,0,1,1,6,1,32,6,599,1,10,2,1,2
2018010119362,2,9,0,9,0,1,0,0,0,0,3,1,6,1,62,9,1984,1,11,2,1,2
2018010119363,1,9,0,9,0,6,0,0,0,0,3,1,1,1,49,8,1686,2,5,-1,-1,-1
2018010119363,2,5,0,18,0,8,0,0,0,0,1,1,6,1,58,9,988,1,14,-1,-1,-1
2018010119364,1,9,0,7,0,1,0,0,0,0,4,1,6,1,50,8,1968,2,7,3,1,3
2018010119364,2,4,0,18,2,1,0,0,0,0,1,1,6,1,34,6,279,1,8,5,1,5
2018010119368,1,9,0,5,0,1,0,0,3,0,1,1,6,1,45,7,2143,2,3,6,1,6
2018010119369,1,9,0,18,0,8,0,0,0,0,1,1,6,3,-1,-1,1781,1,17,-1,-1,-1
2018010119370,1,9,0,4,0,0,0,0,0,0,2,1,6,1,38,7,999,1,2,1,1,1
2018010119370,2,9,0,18,0,0,0,0,0,0,4,1,6,1,36,7,1995,2,4,1,1,1
2018010119370,3,9,0,18,0,0,5,6,0,0,1,1,6,1,30,6,1560,2,6,10,1,10
2018010119370,4,9,0,18,0,0,0,0,0,0,0,1,6,2,50,8,999,1,6,6,1,6
2018010119372,1,9,0,9,0,8,0,0,0,0,1,1,2,1,47,8,2993,2,-1,4,1,4
2018010119372,2,1,0,18,0,8,0,0,0,0,1,1,6,1,9,2,-1,-1,-1,3,1,3
2018010119374,1,1,-1,-1,-1,0,-1,-1,-1,-1,-1,1,6,1,59,9,-1,-1,-1,8,1,8
2018010119377,1,8,0,4,0,4,0,0,0,0,3,1,6,3,-1,-1,-1,-1,-1,-1,-1,-1
2018010119377,2,1,0,15,4,1,0,8,0,0,1,1,1,1,28,6,-1,-1,-1,2,1,2
2018010119379,1,9,0,18,0,1,0,0,0,0,1,1,2,2,27,6,1596,1,17,7,1,7
2018010119384,1,1,0,-1,0,4,0,0,0,0,2,1,6,1,34,6,-1,-1,-1,3,1,3
2018010119384,2,9,0,-1,-1,-1,-1,-1,-1,-1,1,-1,6,3,-1,-1,4966,1,15,6,1,6
2018010119385,1,8,0,18,0,2,0,0,0,0,4,1,1,1,49,8,1797,8,4,2,1,2
2018010119385,2,1,0,18,0,2,0,0,0,0,1,1,6,1,43,7,-1,-1,-1,-1,-1,-1
2018010119387,1,3,0,18,0,2,0,0,0,0,1,1,6,3,-1,-1,-1,-1,-1,-1,-1,-1
2018010119389,1,9,0,9,0,1,0,0,0,0,4,1,1,1,31,6,1797,8,8,1,1,1
2018010119390,1,9,0,4,0,2,0,0,0,0,1,1,1,1,53,8,-1,-1,-1,7,1,7
2018010119390,2,1,0,18,0,2,0,0,0,0,1,1,6,1,18,4,-1,-1,-1,1,1,1
2018010119393,1,9,0,18,0,1,0,0,0,0,1,1,6,3,-1,-1,1968,2,6,-1,-1,-1
2018010119395,1,9,0,18,0,0,0,4,0,0,1,1,6,2,18,4,999,1,3,4,1,4
2018010119395,2,9,0,18,0,0,0,0,0,0,3,1,1,1,42,7,1497,8,12,3,1,3
2018010119396,1,9,0,18,0,4,0,0,0,0,1,1,6,2,21,5,1240,1,13,10,1,10
2018010119396,2,9,0,18,0,4,0,0,0,0,3,1,6,2,22,5,-1,-1,-1,10,1,10
2018010119397,1,9,0,18,0,8,0,0,0,0,1,1,1,1,56,9,-1,-1,-1,5,1,5
2018010119398,1,9,0,-1,-1,0,-1,-1,-1,-1,2,-1,6,1,45,7,1797,1,6,3,1,3
2018010119398,2,19,0,-1,-1,0,-1,-1,-1,-1,1,-1,6,3,-1,-1,1753,2,14,1,1,1
2018010119398,3,10,0,-1,-1,0,-1,-1,-1,-1,1,-1,6,3,-1,-1,2402,2,9,6,3,6
2018010119400,1,19,0,7,0,6,0,0,0,0,0,1,6,1,41,7,1868,2,12,-1,-1,-1
2018010119400,2,5,0,18,0,1,1,0,0,0,1,1,6,1,23,5,803,1,6,-1,-1,-1
2018010119402,1,19,0,18,5,8,0,0,7,2,4,2,2,1,38,7,-1,-1,-1,-1,-1,-1
2018010119406,1,9,0,5,0,8,0,0,0,0,4,1,2,1,33,6,2143,2,2,2,1,2
2018010119406,2,8,0,18,0,8,0,0,0,0,1,1,1,1,47,8,1499,2,1,3,1,3
2018010119409,1,9,0,17,0,2,1,7,7,0,1,1,6,1,23,5,-1,-1,-1,3,1,3
2018010119410,1,9,0,9,0,5,0,0,0,0,4,1,6,2,28,6,1497,8,5,8,1,8
2018010119410,2,1,0,18,4,1,0,0,0,0,1,1,6,1,46,8,-1,-1,-1,6,1,6
2018010119412,1,1,0,18,0,0,0,0,0,0,1,1,6,1,27,6,-1,-1,-1,-1,-1,-1
2018010119413,1,9,0,-1,-1,0,-1,-1,-1,-1,1,-1,2,1,42,7,1995,1,11,2,1,2
2018010119414,1,9,0,7,0,8,0,0,0,0,1,1,6,1,24,5,-1,-1,-1,3,1,3
2018010119421,1,9,0,-1,0,1,-1,0,0,0,1,1,6,1,43,7,1797,8,8,1,1,1
2018010119421,2,1,0,18,0,1,0,0,0,0,2,1,6,1,65,9,-1,-1,-1,9,1,9
2018010119422,1,11,0,5,0,1,0,0,0,0,0,1,6,1,41,7,5132,2,4,5,1,5
2018010119424,1,1,-1,-1,-1,-1,-1,-1,-1,-1,2,1,2,2,52,8,-1,-1,-1,5,1,5
2018010119424,2,8,0,-1,-1,-1,-1,-1,-1,-1,-1,-1,6,3,-1,-1,1997,2,1,8,1,8
2018010119427,1,9,0,16,9,0,0,10,3,10,1,1,6,1,21,5,1368,1,9,5,1,5
2018010119427,2,9,0,2,9,0,0,0,0,0,1,1,6,3,-1,-1,1198,1,3,-1,-1,-1
2018010119427,3,9,0,2,9,0,0,0,0,0,1,1,6,3,-1,-1,1618,1,2,-1,-1,-1
2018010119427,4,9,0,2,9,0,0,0,0,0,0,1,6,3,-1,-1,1197,1,2,-1,-1,-1
2018010119428,1,21,4,18,0,3,0,0,0,0,4,1,1,1,64,9,12900,2,7,4,1,4
2018010119428,2,9,0,3,0,3,0,0,0,0,1,1,6,1,64,9,1798,1,11,7,1,7
2018010119432,1,9,0,-1,-1,-1,-1,-1,-1,-1,-1,-1,6,2,43,7,2995,1,1,4,1,4
2018010119440,1,19,0,14,0,8,0,0,0,0,4,1,2,1,34,6,2198,2,7,2,1,2
2018010119444,1,3,0,-1,-1,-1,-1,-1,-1,-1,2,1,2,1,39,7,125,1,-1,5,1,5
2018010119444,2,11,-1,-1,-1,-1,-1,-1,-1,-1,-1,-1,6,1,55,8,9000,2,14,4,1,4
2018010119446,1,11,0,4,2,0,0,0,0,0,0,1,1,2,45,7,4500,2,2,3,1,3
2018010119446,2,9,0,12,0,0,0,0,0,0,0,1,6,1,26,6,1998,2,13,3,1,3
2018010119446,3,9,0,12,0,0,0,0,0,0,0,1,6,3,-1,-1,1598,1,5,-1,-1,-1
2018010119449,1,9,0,6,0,2,0,0,0,0,0,1,6,1,65,9,1390,1,12,4,1,4
2018010119449,2,4,0,14,0,2,0,0,0,0,1,1,6,1,28,6,675,1,7,2,1,2
2018010119450,1,11,0,4,2,0,0,0,0,0,0,1,1,1,41,7,5132,2,1,4,1,4
2018010119451,1,9,0,-1,-1,-1,-1,-1,-1,-1,-1,-1,6,2,70,10,1328,1,17,5,1,5
2018010119451,2,9,0,-1,-1,-1,-1,-1,-1,-1,1,-1,6,3,-1,-1,1956,2,5,4,1,4
2018010119453,1,1,-1,-1,-1,-1,-1,-1,-1,-1,1,1,6,1,26,6,-1,-1,-1,7,1,7
2018010119453,2,9,0,-1,-1,-1,-1,-1,-1,-1,2,-1,6,3,-1,-1,1200,1,2,-1,-1,-1
2018010119455,1,20,0,4,0,1,0,0,0,0,3,1,6,1,40,7,4580,2,2,3,1,3
2018010119455,2,1,0,13,0,1,0,0,0,0,2,1,6,1,53,8,-1,-1,-1,5,1,5
2018010119459,1,8,0,4,0,1,0,0,0,0,1,1,1,1,54,8,2499,2,7,3,1,3
2018010119459,2,3,0,16,0,6,0,0,0,0,1,1,6,1,30,6,937,1,1,2,1,2
2018010119463,1,9,0,-1,-1,-1,-1,-1,-1,-1,-1,-1,2,1,31,6,1497,8,12,4,1,4
2018010119465,1,9,4,18,2,0,0,0,2,10,1,1,6,1,36,7,-1,-1,-1,3,1,3
2018010119466,1,9,0,9,0,8,0,0,0,0,4,1,6,1,30,6,2496,1,15,5,1,5
2018010119466,2,11,0,18,0,8,0,0,0,0,1,1,1,1,51,8,4250,2,9,5,1,5
2018010119468,1,1,0,18,0,0,0,0,1,10,4,1,6,2,29,6,-1,-1,-1,4,1,4
2018010119472,1,3,5,13,9,0,5,0,8,10,4,1,6,1,17,4,-1,-1,-1,-1,-1,-1
2018010119477,1,9,0,-1,-1,-1,-1,-1,-1,-1,3,-1,6,1,28,6,1390,1,9,4,1,4
2018010119477,2,20,4,-1,-1,-1,-1,-1,-1,-1,4,-1,6,1,53,8,9290,2,3,5,1,5
2018010119478,1,19,0,18,0,0,0,0,0,0,1,1,1,1,48,8,1995,2,8,8,3,8
2018010119478,2,8,0,18,0,0,0,0,0,0,0,1,1,1,47,8,1794,1,10,3,1,3
2018010119479,1,9,0,18,0,1,0,0,0,0,1,1,6,1,82,11,1997,2,2,9,1,9
2018010119479,2,19,0,18,0,1,0,0,0,0,2,1,6,1,33,6,1968,2,2,-1,-1,-1
2018010119480,1,9,0,9,0,2,0,0,0,0,4,1,6,2,41,7,1299,1,13,5,1,5
2018010119480,2,1,0,18,0,8,0,0,0,0,1,1,6,1,45,7,-1,-1,-1,2,1,2
2018010119481,1,1,0,18,0,2,5,11,1,0,1,1,6,1,55,8,-1,-1,-1,8,1,8
2018010119485,1,8,0,-1,-1,0,-1,-1,-1,-1,2,-1,6,1,29,6,1797,8,7,1,1,1
2018010119485,2,8,0,-1,-1,0,-1,-1,-1,-1,1,-1,6,3,-1,-1,1798,8,1,-1,-1,-1
2018010119487,1,9,0,18,0,0,0,0,1,2,3,1,6,2,39,7,1598,1,10,6,1,6
2018010119487,2,21,0,11,0,0,0,0,0,0,4,1,6,1,40,7,12777,2,4,4,1,4
2018010119490,1,19,0,18,9,8,-1,-1,-1,-1,-1,-1,6,3,-1,-1,-1,-1,-1,-1,-1,-1
2018010119491,1,9,0,18,0,8,0,0,0,0,1,1,6,1,25,5,2143,2,4,7,1,7
2018010119491,2,9,0,10,0,8,0,0,0,0,4,1,6,1,51,8,1600,1,15,4,1,4
2018010119500,1,1,-1,-1,-1,0,-1,-1,-1,-1,-1,1,6,1,18,4,-1,-1,-1,1,1,1
2018010119500,2,9,0,-1,-1,0,-1,-1,-1,-1,-1,-1,6,3,-1,-1,-1,-1,-1,-1,-1,-1
2018010119501,1,9,0,-1,-1,0,-1,-1,-1,-1,2,1,6,2,40,7,1596,1,16,5,1,5
2018010119501,2,11,-1,18,0,0,-1,-1,0,0,1,1,6,1,-1,-1,12000,2,12,-1,-1,-1
2018010119501,3,9,-1,18,0,0,0,-1,0,0,2,1,6,1,53,8,1968,2,3,3,1,3
2018010119503,1,1,-1,-1,-1,-1,-1,-1,-1,-1,2,1,6,1,31,6,-1,-1,-1,8,1,8
2018010119503,2,9,0,-1,-1,-1,-1,-1,-1,-1,1,-1,6,3,-1,-1,-1,-1,-1,-1,-1,-1
2018010119504,1,5,0,18,0,0,0,0,0,0,1,1,2,1,41,7,-1,-1,-1,4,1,4
2018010119504,2,1,0,6,0,0,0,0,0,0,3,1,6,1,34,6,-1,-1,-1,1,1,1
2018010119512,1,9,0,4,0,0,0,0,0,0,1,1,2,2,27,6,1198,1,2,-1,-1,-1
2018010119512,2,9,0,4,0,0,0,0,0,0,2,1,6,1,43,7,1598,2,7,-1,-1,-1
2018010119516,1,1,-1,-1,-1,-1,-1,-1,-1,-1,-1,1,2,2,37,7,-1,-1,-1,1,1,1
2018010119516,2,9,0,-1,-1,-1,-1,-1,-1,-1,1,-1,6,3,27,6,-1,-1,-1,-1,-1,-1
2018010119517,1,9,0,18,0,8,1,0,0,0,3,1,6,1,25,5,2996,1,11,-1,-1,-1
2018010119517,2,9,0,18,0,8,0,0,0,0,1,1,6,2,61,9,1197,1,2,-1,-1,-1
2018010119520,1,9,0,18,0,0,0,0,0,0,1,1,1,1,61,9,1598,1,13,3,1,3
2018010119522,1,9,0,3,0,0,0,0,0,0,4,1,6,1,31,6,2685,2,13,4,1,4
2018010119522,2,1,0,18,0,0,0,0,0,0,1,1,6,2,29,6,-1,-1,-1,5,1,5