Accident_Index,Vehicle_Reference,Vehicle_Type,Towing_and_Articulation,Vehicle_Manoeuvre,Vehicle_Location-Restricted_Lane,Junction_Location,Skidding_and_Overturning,Hit_Object_in_Carriageway,Vehicle_Leaving_Carriageway,Hit_Object_off_Carriageway,1st_Point_of_Impact,Was_Vehicle_Left_Hand_Drive?,Journey_Purpose_of_Driver,Sex_of_Driver,Age_of_Driver,Age_Band_of_Driver,Engine_Capacity_(CC),Propulsion_Code,Age_of_Vehicle,Driver_IMD_Decile,Driver_Home_Area_Type,Vehicle_IMD_Decile
2018010119929,1,3,0,18,0,1,0,0,0,0,1,1,6,3,-1,-1,124,1,8,1,1,1
2018010119931,1,9,0,3,0,1,0,0,0,0,2,1,6,1,48,8,1896,2,12,2,1,2
2018010119931,2,9,0,18,0,1,0,0,0,0,1,1,6,1,58,9,2987,2,11,2,1,2
2018010119932,1,9,0,9,0,1,0,0,0,0,4,1,6,1,26,6,1368,1,8,10,1,10
2018010119932,2,1,0,18,2,1,0,0,0,0,1,1,6,1,44,7,-1,-1,-1,4,1,4
2018010119936,1,3,0,18,4,2,0,0,0,0,1,1,6,1,15,3,-1,-1,-1,1,1,1
2018010119936,2,9,0,9,4,5,0,0,0,0,4,1,1,1,48,8,1586,1,3,7,1,7
2018010119937,1,9,0,9,0,6,0,0,0,0,3,1,6,2,36,7,1197,1,7,4,1,4
2018010119937,2,1,0,18,0,1,0,0,0,0,1,1,6,1,30,6,-1,-1,-1,2,1,2
2018010119938,1,9,0,9,0,5,0,0,3,0,1,1,6,1,40,7,2204,2,10,4,1,4
2018010119943,1,9,0,9,0,5,0,0,0,0,3,1,6,1,27,6,1686,2,14,3,1,3
2018010119943,2,3,0,14,0,7,0,0,0,0,1,1,6,1,29,6,125,1,-1,2,1,2
2018010119947,1,9,0,18,0,1,0,0,0,0,1,1,6,1,18,4,1600,1,13,2,1,2
2018010119947,2,8,0,6,0,1,0,0,0,0,3,1,1,1,54,8,1798,8,1,3,1,3
2018010119950,1,3,0,18,0,0,0,10,0,0,1,1,6,1,24,5,125,1,3,3,1,3
2018010119953,1,1,0,-1,0,0,0,0,0,0,2,1,3,2,46,8,-1,-1,-1,7,1,7
2018010119953,2,9,0,-1,0,0,0,0,0,0,1,-1,6,3,-1,-1,1997,2,9,-1,-1,-1
2018010119958,1,9,0,3,0,1,0,0,0,0,2,1,6,1,31,6,2179,2,4,3,1,3
2018010119958,2,19,0,3,0,1,0,0,0,0,1,1,6,1,49,8,1995,2,5,6,1,6
2018010119959,1,8,0,18,0,0,0,0,0,0,1,1,2,1,47,8,1997,2,7,2,1,2
2018010119959,2,9,0,18,0,0,0,0,0,0,1,1,6,1,34,6,1368,1,1,3,1,3
2018010119965,1,9,0,12,0,0,0,0,0,0,3,1,2,1,51,8,1968,2,1,6,3,6
2018010119965,2,5,0,18,0,0,0,0,0,0,4,1,2,1,39,7,652,1,7,10,1,10
2018010119967,1,19,0,7,0,8,0,0,0,0,4,1,2,1,48,8,2402,2,9,4,1,4
2018010119967,2,1,0,7,0,8,0,0,0,0,1,1,2,2,33,6,-1,-1,-1,1,1,1
2018010119968,1,9,0,5,0,1,0,0,0,0,1,1,2,2,44,7,1999,1,11,9,1,9
2018010119968,2,3,0,18,0,1,0,0,0,0,3,1,2,1,19,4,125,1,16,8,1,8
2018010119973,1,9,0,9,0,8,0,0,0,0,3,1,6,2,22,5,1598,1,5,6,1,6
2018010119973,2,3,0,18,0,1,5,0,0,0,4,1,6,2,36,7,124,1,2,2,1,2
2018010119977,1,1,0,18,0,1,0,0,0,0,1,1,2,1,30,6,-1,-1,-1,2,1,2
2018010119977,2,9,0,7,0,5,0,0,0,0,2,1,6,3,-1,-1,1596,1,13,-1,-1,-1
2018010119982,1,4,0,18,-1,1,-1,-1,-1,-1,-1,1,6,3,-1,-1,244,1,11,4,1,4
2018010119985,1,9,0,18,0,0,0,0,0,0,2,1,1,2,49,8,-1,-1,-1,2,1,2
2018010119985,2,8,0,18,0,0,0,0,0,0,1,1,1,1,48,8,1560,2,6,2,1,2
2018010119988,1,1,0,18,0,8,5,0,0,0,3,1,6,1,36,7,-1,-1,-1,3,1,3
2018010119988,2,9,0,5,0,8,0,0,0,0,1,-1,6,1,-1,-1,1598,2,5,6,1,6
2018010119990,1,9,0,-1,-1,0,-1,-1,-1,-1,2,-1,2,1,48,8,1896,2,12,10,1,10
2018010119990,2,9,0,-1,-1,0,-1,-1,-1,-1,1,-1,6,3,-1,-1,1796,1,7,-1,-1,-1
2018010119993,1,9,0,18,0,0,0,0,0,0,1,1,2,1,18,4,1248,1,2,10,1,10
2018010119993,2,9,0,4,0,0,0,0,0,0,2,1,2,1,58,9,1796,1,14,3,1,3
2018010119993,3,9,0,4,0,0,0,0,0,0,2,2,1,1,31,6,1598,2,3,3,1,3
2018010119996,1,11,0,-1,-1,0,-1,-1,-1,-1,-1,-1,6,1,42,7,4500,2,3,4,1,4
2018010120000,1,1,-1,-1,-1,0,-1,-1,-1,-1,-1,1,6,2,50,8,-1,-1,-1,5,1,5
2018010120000,2,9,-1,-1,-1,0,-1,-1,-1,-1,-1,-1,6,3,-1,-1,-1,-1,-1,-1,-1,-1
2018010120004,1,9,0,1,0,2,0,0,0,0,2,1,6,3,-1,-1,-1,-1,-1,-1,-1,-1
2018010120009,1,1,-1,-1,-1,0,-1,-1,-1,-1,-1,1,2,1,27,6,-1,-1,-1,-1,1,-1
2018010120009,2,19,0,-1,-1,0,-1,-1,-1,-1,-1,-1,6,3,-1,-1,2198,2,4,-1,-1,-1
2018010120010,1,1,-1,-1,-1,0,-1,-1,-1,-1,2,1,2,2,21,5,-1,-1,-1,7,1,7
2018010120010,2,9,0,-1,-1,0,-1,-1,-1,-1,1,-1,6,3,-1,-1,-1,-1,-1,-1,-1,-1
2018010120012,1,9,0,-1,-1,-1,-1,-1,-1,-1,2,-1,2,2,29,6,1685,2,3,3,1,3
2018010120012,2,9,0,-1,-1,-1,-1,-1,-1,-1,1,-1,6,3,-1,-1,2497,1,11,-1,-1,-1
2018010120014,1,3,0,-1,-1,-1,-1,-1,-1,-1,-1,1,6,1,39,7,124,1,10,1,1,1
2018010120014,2,11,-1,-1,-1,-1,-1,-1,-1,-1,-1,1,6,3,-1,-1,-1,-1,-1,2,1,2
2018010120021,1,9,0,-1,-1,-1,-1,-1,-1,-1,1,-1,2,2,42,7,1242,1,3,3,1,3
2018010120021,2,9,0,-1,-1,-1,-1,-1,-1,-1,-1,-1,6,3,-1,-1,2497,1,1,6,1,6
2018010120026,1,9,0,7,0,8,0,0,0,0,1,1,6,1,38,7,1598,1,10,3,1,3
2018010120026,2,1,0,15,0,1,0,0,0,0,1,1,6,1,25,5,-1,-1,-1,3,1,3
2018010120028,1,1,0,18,0,1,0,0,0,0,1,1,1,1,32,6,-1,-1,-1,2,1,2
2018010120029,1,9,0,9,0,6,0,0,7,0,1,1,6,1,39,7,1968,2,11,2,1,2
2018010120029,2,1,0,18,0,1,0,0,0,0,1,1,1,1,42,7,-1,-1,-1,2,1,2
2018010120031,1,19,0,18,0,0,5,4,0,0,1,1,1,1,25,5,1995,2,6,3,1,3
2018010120031,2,9,0,2,0,0,0,0,1,0,2,1,6,3,-1,-1,1598,1,14,-1,-1,-1
2018010120031,3,9,0,18,0,0,0,0,0,0,1,1,6,1,54,8,1998,1,17,5,1,5
2018010120033,1,9,0,2,0,2,0,0,0,0,1,1,6,3,-1,-1,-1,-1,-1,-1,-1,-1
2018010120033,2,9,0,7,0,2,0,0,0,0,1,1,6,1,37,7,998,1,1,1,1,1
2018010120033,3,9,0,2,0,2,0,0,0,0,4,1,6,3,-1,-1,2231,2,12,-1,-1,-1
2018010120035,1,9,0,7,0,5,0,0,0,0,4,1,6,3,-1,-1,-1,-1,-1,-1,-1,-1
2018010120035,2,1,0,18,0,8,0,0,0,0,1,1,2,2,32,6,-1,-1,-1,2,1,2
2018010120037,1,1,0,5,0,6,0,0,0,0,0,1,1,1,54,8,-1,-1,-1,-1,-1,-1
2018010120037,2,9,0,4,0,6,0,0,0,0,0,1,6,2,62,9,1598,1,12,3,1,3
2018010120038,1,9,0,18,0,0,0,0,0,0,2,1,6,1,64,9,2143,2,-1,10,2,10
2018010120038,2,9,0,18,0,0,0,0,0,0,1,2,6,1,36,7,-1,-1,-1,5,1,5
2018010120038,3,9,0,11,0,0,0,0,0,0,0,1,6,3,-1,-1,-1,-1,-1,-1,-1,-1
2018010120040,1,1,-1,-1,-1,0,-1,-1,-1,-1,2,1,2,2,29,6,-1,-1,-1,6,1,6
2018010120040,2,8,0,-1,-1,0,-1,-1,-1,-1,1,-1,6,3,-1,-1,2143,2,1,-1,-1,-1
2018010120041,1,9,0,9,0,1,0,0,1,0,1,1,6,3,-1,-1,-1,-1,-1,-1,-1,-1
2018010120043,1,19,0,18,0,0,0,0,0,0,4,1,1,1,18,4,1461,2,2,2,1,2
2018010120043,2,9,0,18,0,0,0,0,0,0,1,1,6,2,23,5,1396,1,3,5,1,5
2018010120045,1,8,0,2,0,2,0,0,0,0,2,1,6,3,-1,-1,-1,-1,-1,-1,-1,-1
2018010120045,2,1,0,18,0,2,0,4,1,0,1,1,6,1,59,9,-1,-1,-1,3,1,3
2018010120047,1,9,0,1,0,1,0,0,0,0,2,1,2,1,46,8,1950,2,1,7,1,7
2018010120048,1,9,0,3,0,0,0,0,0,0,2,1,6,2,34,6,1995,2,6,-1,-1,-1
2018010120048,2,9,0,4,0,0,0,0,0,0,2,1,6,1,58,9,1240,1,15,-1,-1,-1
2018010120048,3,9,0,4,0,0,0,0,0,0,2,1,6,1,45,7,1968,2,-1,7,2,7
2018010120048,4,9,0,4,0,0,0,0,0,0,2,1,6,2,53,8,1198,1,6,5,1,5
2018010120048,5,9,0,4,0,0,0,0,0,0,1,1,6,2,80,11,1339,8,11,-1,-1,-1
2018010120048,6,9,0,4,0,0,0,0,0,0,1,1,6,1,47,8,1896,2,15,-1,-1,-1
2018010120050,1,1,0,18,0,1,0,0,0,0,2,1,6,1,18,4,-1,-1,-1,2,1,2
2018010120051,1,9,0,4,0,6,0,0,0,0,3,1,6,1,27,6,-1,-1,-1,1,1,1
2018010120051,2,1,0,18,0,8,0,0,0,0,1,1,2,2,26,6,-1,-1,-1,1,1,1
2018010120054,1,9,0,18,0,0,0,0,0,0,2,1,6,2,31,6,1991,1,2,2,1,2
2018010120054,2,1,0,18,0,0,0,0,0,0,1,1,6,2,56,9,-1,-1,-1,4,1,4
2018010120064,1,9,0,4,0,8,0,0,0,0,2,1,3,2,22,5,1360,1,14,2,1,2
2018010120064,2,1,0,4,0,1,5,0,0,0,1,1,6,1,25,5,-1,-1,-1,5,1,5
2018010120080,1,11,0,4,0,1,0,0,0,0,4,1,1,1,52,8,4500,2,6,2,1,2
2018010120081,1,9,0,4,0,8,0,0,0,0,2,-1,6,1,23,5,1995,2,9,8,1,8
2018010120081,2,9,0,-1,-1,-1,-1,-1,-1,-1,1,-1,6,3,-1,-1,-1,-1,-1,-1,-1,-1
2018010120084,1,9,0,4,9,1,0,0,4,1,2,1,6,2,35,6,1560,2,5,2,1,2
2018010120084,2,9,0,18,0,1,0,0,0,0,4,1,6,2,25,5,1242,1,8,2,1,2
2018010120085,1,5,0,-1,-1,-1,-1,-1,-1,-1,-1,1,6,1,27,6,998,1,14,3,1,3
2018010120085,2,8,0,-1,-1,-1,-1,-1,-1,-1,-1,-1,6,3,-1,-1,1968,2,3,-1,-1,-1
2018010120088,1,1,-1,-1,-1,0,-1,-1,-1,-1,-1,1,6,1,52,8,-1,-1,-1,9,1,9
2018010120088,2,11,0,-1,-1,0,-1,-1,-1,-1,4,-1,6,1,60,9,2143,2,4,3,1,3
2018010120090,1,9,0,10,0,1,0,0,0,0,3,1,3,2,30,6,1229,1,5,3,1,3
2018010120090,2,9,0,18,0,2,0,0,0,0,1,1,6,3,-1,-1,-1,-1,-1,-1,-1,-1
2018010120091,1,9,-1,-1,-1,-1,-1,-1,-1,-1,-1,-1,6,3,-1,-1,-1,-1,-1,-1,-1,-1
2018010120092,1,9,0,3,0,0,0,0,0,0,4,1,6,1,47,8,2184,2,11,4,1,4
2018010120092,2,1,0,18,0,0,0,0,0,0,1,1,2,1,50,8,-1,-1,-1,4,1,4
2018010120093,1,9,0,5,0,0,0,4,0,0,1,1,6,1,79,11,1560,2,10,8,1,8
2018010120093,2,9,0,2,0,0,0,4,0,0,2,1,6,3,-1,-1,2967,2,3,-1,-1,-1
2018010120093,3,9,0,2,0,0,0,0,0,0,2,1,6,3,-1,-1,2000,2,7,-1,-1,-1
2018010120094,1,3,0,-1,-1,0,-1,-1,-1,-1,-1,1,2,1,29,6,125,1,5,4,1,4
2018010120094,2,90,0,-1,-1,0,-1,-1,-1,-1,-1,-1,6,3,-1,-1,-1,-1,-1,8,1,8
2018010120095,1,9,0,18,0,0,0,0,0,0,1,1,6,2,34,6,998,1,16,3,1,3
2018010120096,1,9,0,4,9,2,0,0,0,0,2,1,1,1,41,7,1560,2,5,6,1,6
2018010120096,2,5,0,4,9,2,0,0,0,0,1,1,6,1,25,5,625,1,12,-1,-1,-1
2018010120098,1,90,-1,-1,-1,-1,-1,-1,-1,-1,-1,-1,6,3,-1,-1,-1,-1,-1,-1,-1,-1
2018010120099,1,4,0,14,0,1,5,0,0,0,1,1,6,1,43,7,279,1,5,10,1,10
2018010120100,1,1,-1,-1,-1,-1,-1,-1,-1,-1,2,1,6,1,46,8,-1,-1,-1,3,1,3
2018010120100,2,8,0,-1,-1,-1,-1,-1,-1,-1,1,-1,6,3,-1,-1,-1,-1,-1,-1,-1,-1
2018010120102,1,9,0,18,0,8,0,0,1,10,4,1,1,1,58,9,1797,8,4,6,1,6
2018010120102,2,19,0,3,0,1,0,0,0,0,1,1,1,1,31,6,1560,2,6,8,1,8
2018010120106,1,11,0,4,0,1,0,0,0,0,0,1,1,1,45,7,9000,2,10,6,1,6
2018010120107,1,9,0,18,0,0,0,0,0,0,2,1,2,2,40,7,1461,2,2,3,1,3
2018010120107,2,9,0,18,0,0,0,0,0,0,1,1,2,2,56,9,1248,1,5,6,1,6
2018010120109,1,9,0,4,0,6,0,0,0,0,4,1,6,2,35,6,1390,1,22,3,1,3
2018010120109,2,1,0,4,0,6,0,0,0,0,1,1,6,2,47,8,-1,-1,-1,5,1,5
2018010120114,1,19,0,9,0,5,0,0,0,0,2,1,2,1,21,5,1995,2,-1,8,1,8
2018010120114,2,9,0,13,0,1,0,0,0,0,1,1,1,2,28,6,1560,2,4,2,1,2
2018010120122,1,11,0,3,2,1,0,0,0,0,2,1,1,1,50,8,4461,2,4,3,1,3
2018010120122,2,11,0,14,0,1,0,0,0,0,1,1,1,1,24,5,5132,2,-1,1,1,1
2018010120123,1,11,0,4,2,1,0,0,0,0,0,1,1,1,58,9,4500,2,3,3,1,3
2018010120124,1,19,0,4,0,2,0,0,0,0,2,1,1,1,42,7,-1,-1,-1,4,1,4
2018010120124,2,9,0,4,0,2,0,0,0,0,2,1,3,2,41,7,1685,2,1,5,1,5
2018010120124,3,9,0,18,0,2,0,0,0,0,1,1,6,1,83,11,1999,1,14,3,1,3
2018010120125,1,19,0,3,0,0,0,0,0,0,2,1,2,1,37,7,1997,2,2,5,1,5
2018010120125,2,3,0,13,0,0,5,0,0,0,1,1,2,1,36,7,124,1,13,1,1,1
2018010120126,1,9,0,9,0,8,5,7,7,1,2,1,2,1,23,5,998,1,5,10,1,10
2018010120126,2,19,0,18,0,1,0,0,0,0,1,1,2,1,33,6,1560,2,1,3,1,3
2018010120128,1,9,0,9,0,2,0,0,0,0,1,1,6,1,37,7,1995,2,11,4,1,4
2018010120128,2,3,0,9,0,1,0,0,0,0,3,1,2,2,31,6,124,1,5,1,1,1
2018010120130,1,9,0,-1,-1,-1,-1,-1,-1,-1,2,-1,6,1,27,6,2996,1,13,3,1,3
2018010120130,2,9,-1,7,0,8,-1,-1,0,0,2,-1,6,3,-1,-1,-1,-1,-1,-1,-1,-1
2018010120133,1,9,0,18,0,1,0,0,0,0,4,1,6,2,52,8,2401,2,13,4,1,4
2018010120133,2,1,0,15,0,1,0,0,0,0,2,1,6,1,36,7,-1,-1,-1,2,1,2
2018010120137,1,19,0,9,0,1,0,0,0,0,2,1,1,1,46,8,2198,2,7,2,1,2
2018010120137,2,3,0,13,0,8,0,0,0,0,1,1,6,2,25,5,125,1,2,3,1,3
2018010120138,1,9,0,-1,-1,2,-1,-1,-1,-1,2,-1,6,2,39,7,1968,2,4,2,1,2
2018010120138,2,9,0,-1,-1,2,-1,-1,-1,-1,1,-1,6,3,-1,-1,-1,-1,-1,8,1,8
2018010120140,1,9,0,9,0,5,0,0,0,0,4,1,6,1,24,5,1968,2,9,5,1,5
2018010120140,2,9,0,18,0,1,0,0,0,0,3,1,6,1,63,9,2143,2,6,7,1,7
2018010120143,1,9,0,9,0,8,0,0,0,0,1,1,2,1,47,8,1753,2,12,9,1,9
2018010120143,2,1,0,18,0,8,5,0,0,0,4,1,2,1,26,6,-1,-1,-1,2,1,2
2018010120144,1,9,0,4,0,1,0,0,0,0,4,1,6,2,26,6,1242,1,9,4,1,4
2018010120145,1,9,0,-1,-1,-1,-1,-1,-1,-1,-1,-1,6,2,46,8,1896,2,11,8,1,8
2018010120145,2,20,0,-1,-1,-1,-1,-1,-1,-1,1,-1,6,3,28,6,-1,-1,-1,-1,-1,-1
2018010120146,1,9,0,8,0,4,0,0,0,0,1,1,6,1,51,8,1598,1,11,2,1,2
2018010120146,2,9,0,7,0,3,0,0,0,0,1,1,6,2,47,8,1240,1,10,2,1,2
2018010120148,1,11,0,18,0,2,0,0,0,0,0,1,1,1,46,8,4500,2,-1,6,1,6
2018010120149,1,3,0,18,0,1,0,0,0,0,1,1,6,1,24,5,125,1,1,1,1,1
2018010120149,2,9,0,9,0,8,0,0,0,0,4,1,6,1,22,5,1995,1,11,2,1,2
2018010120152,1,9,0,9,0,5,0,0,0,0,1,1,1,1,26,6,-1,-1,-1,3,1,3
2018010120152,2,1,0,18,0,1,0,0,0,0,1,1,2,1,39,7,-1,-1,-1,9,1,9
2018010120153,1,19,0,5,0,3,0,0,0,0,3,1,6,1,52,8,1998,2,14,8,1,8
2018010120153,2,3,0,18,0,3,0,0,0,0,1,1,6,1,47,8,124,1,7,5,1,5
2018010120154,1,9,0,18,0,0,0,0,7,4,1,1,6,1,51,8,-1,-1,-1,10,1,10
2018010120155,1,19,0,9,0,8,0,0,0,0,1,1,1,1,52,8,1248,2,4,2,1,2
2018010120155,2,3,0,14,0,1,0,0,0,0,1,1,6,1,25,5,125,1,2,-1,-1,-1
2018010120156,1,9,0,9,9,0,0,0,0,0,4,1,6,1,40,7,-1,-1,-1,4,1,4
2018010120156,2,1,0,18,9,0,0,0,0,0,1,1,6,1,26,6,-1,-1,-1,10,1,10
2018010120157,1,9,0,9,0,1,0,0,0,0,1,1,6,2,41,7,1299,1,11,3,1,3
2018010120157,2,9,0,18,0,1,0,0,0,0,1,1,6,1,39,7,1598,1,15,7,1,7
2018010120159,1,9,0,9,0,1,0,0,0,0,1,1,6,1,55,8,1388,1,15,2,1,2
2018010120159,2,1,0,18,0,1,5,0,0,0,3,1,6,2,30,6,-1,-1,-1,2,1,2
2018010120162,1,9,0,-1,-1,-1,-1,-1,-1,-1,2,-1,6,2,35,6,1995,2,6,-1,-1,-1
2018010120162,2,19,0,-1,-1,-1,-1,-1,-1,-1,1,-1,6,3,-1,-1,1560,2,4,-1,-1,-1
2018010120163,1,9,0,-1,-1,-1,-1,-1,-1,-1,1,-1,2,2,20,4,1229,1,4,4,1,4
2018010120163,2,8,0,-1,-1,-1,-1,-1,-1,-1,-1,-1,6,3,-1,-1,-1,-1,-1,-1,-1,-1
2018010120165,1,11,0,18,2,8,0,0,0,0,4,1,1,1,50,8,-1,-1,-1,3,1,3
2018010120170,1,9,0,18,0,0,0,0,0,0,1,1,6,1,38,7,-1,-1,-1,6,1,6
2018010120170,2,9,0,5,0,0,0,0,0,0,1,1,1,1,38,7,-1,-1,-1,5,1,5
2018010120171,1,2,0,13,0,1,1,0,0,0,4,1,2,1,17,4,124,1,8,1,1,1
2018010120171,2,9,0,9,0,1,0,0,0,0,3,1,2,1,36,7,1968,2,10,2,1,2
2018010120177,1,5,0,18,0,0,1,0,0,0,3,1,6,1,50,8,675,1,6,6,1,6
2018010120177,2,19,0,4,0,0,0,0,0,0,2,1,6,1,25,5,1560,2,5,4,1,4
2018010120177,3,9,0,2,0,0,0,0,0,0,3,1,6,3,-1,-1,1998,1,8,-1,-1,-1
2018010120180,1,9,0,9,0,8,0,0,0,0,1,1,2,1,45,7,999,1,1,7,1,7
2018010120180,2,1,0,18,0,8,0,0,0,0,1,1,2,1,31,6,-1,-1,-1,5,1,5
2018010120182,1,9,0,3,0,1,0,0,0,0,2,1,6,1,27,6,2143,2,7,5,1,5
2018010120182,2,21,2,3,0,1,0,0,1,1,1,1,2,1,57,9,12777,2,10,-1,-1,-1
2018010120183,1,3,0,18,0,1,0,0,0,0,1,1,6,1,60,9,124,1,13,5,1,5
2018010120183,2,9,0,9,0,5,0,0,0,0,3,1,6,2,25,5,1461,2,3,8,1,8
2018010120184,1,9,0,-1,-1,-1,-1,-1,-1,-1,-1,-1,6,2,56,9,1596,1,2,4,1,4
2018010120184,2,9,0,-1,-1,-1,-1,-1,-1,-1,-1,-1,6,3,-1,-1,1968,2,7,-1,-1,-1
2018010120186,1,9,0,18,0,3,0,0,0,0,3,1,1,1,55,8,1997,2,6,4,1,4
2018010120186,2,3,0,18,0,4,0,0,0,0,1,1,6,1,20,4,125,1,1,2,1,2
2018010120187,1,9,0,9,0,8,1,4,7,10,3,1,6,1,21,5,1796,2,4,5,1,5
2018010120187,2,9,0,2,0,1,0,0,0,0,4,1,6,3,-1,-1,2199,2,1,-1,-1,-1
2018010120189,1,9,0,18,0,0,0,0,0,0,1,1,6,1,39,7,1499,1,-1,1,1,1
2018010120189,2,9,0,4,0,0,0,0,0,0,2,1,6,1,30,6,1900,2,14,9,1,9
2018010120189,3,19,0,9,0,0,0,0,0,0,2,1,1,1,45,7,4500,2,2,2,1,2
2018010120191,1,9,0,-1,-1,-1,-1,-1,-1,-1,2,-1,6,2,44,7,1598,1,4,5,1,5
2018010120191,2,19,0,-1,-1,-1,-1,-1,-1,-1,2,1,6,3,71,10,2998,2,3,9,1,9
2018010120193,1,2,0,5,0,1,1,10,1,2,0,1,1,1,26,6,108,1,6,7,1,7
2018010120193,2,9,0,9,0,8,0,0,0,0,0,1,6,2,35,6,1997,1,2,9,1,9
2018010120194,1,9,0,18,0,1,1,0,0,0,1,1,6,1,32,6,1598,2,6,8,3,8
2018010120199,1,9,0,4,0,1,0,4,7,3,4,1,6,1,43,7,5204,1,1,10,1,10
2018010120199,2,9,0,3,0,1,0,0,0,0,1,1,6,2,47,8,2999,2,12,7,1,7
2018010120199,3,19,0,2,0,1,0,0,1,0,0,1,6,3,-1,-1,1560,2,4,-1,-1,-1
2018010120206,1,9,0,9,0,6,0,0,7,0,3,1,6,1,36,7,2494,1,15,6,1,6
2018010120206,2,1,0,14,0,1,1,0,0,0,4,1,2,1,35,6,-1,-1,-1,9,1,9
2018010120220,1,1,-1,-1,-1,-1,-1,-1,-1,-1,-1,1,2,2,30,6,-1,-1,-1,8,1,8
2018010120220,2,9,0,-1,-1,-1,-1,-1,-1,-1,-1,-1,6,3,-1,-1,-1,-1,-1,-1,-1,-1
2018010120223,1,9,0,18,0,1,0,0,0,0,2,1,6,1,59,9,1598,1,14,2,1,2
2018010120223,2,9,0,18,0,1,0,0,0,0,1,-1,6,1,-1,-1,-1,-1,-1,2,1,2
2018010120228,1,5,0,-1,-1,-1,-1,-1,-1,-1,-1,1,6,1,27,6,675,1,5,2,1,2
2018010120228,2,9,0,-1,-1,-1,-1,-1,-1,-1,1,-1,6,1,36,7,1798,8,1,7,1,7
2018010120230,1,9,0,-1,-1,0,-1,-1,-1,-1,2,-1,6,2,27,6,898,1,2,4,1,4
2018010120230,2,90,0,-1,-1,0,-1,-1,-1,-1,1,-1,6,3,-1,-1,2299,2,3,10,1,10
2018010120232,1,3,0,7,0,8,5,0,0,0,0,1,6,1,-1,-1,125,1,6,2,1,2
2018010120233,1,9,0,9,0,1,0,0,0,0,1,1,2,1,48,8,1798,8,6,4,1,4
2018010120233,2,1,0,18,0,1,0,0,0,0,1,1,1,2,29,6,-1,-1,-1,2,1,2
2018010120235,1,1,-1,-1,-1,-1,-1,-1,-1,-1,2,1,2,2,45,7,-1,-1,-1,4,1,4
2018010120235,2,9,0,-1,-1,-1,-1,-1,-1,-1,-1,-1,6,3,-1,-1,1968,2,8,2,1,2
2018010120238,1,8,0,18,2,8,0,0,0,0,3,1,6,1,65,9,2402,2,14,2,1,2
2018010120238,2,1,0,18,0,8,0,0,0,0,1,1,2,1,18,4,-1,-1,-1,1,1,1
2018010120240,1,9,0,4,0,8,0,0,0,0,2,-1,2,1,41,7,1796,1,14,1,1,1
2018010120240,2,9,-1,18,0,8,0,0,0,0,1,-1,6,2,-1,-1,1596,1,10,5,1,5
2018010120243,1,19,0,10,0,6,0,0,0,0,3,2,1,1,28,6,-1,-1,-1,3,1,3
2018010120243,2,1,0,18,0,8,0,0,0,0,1,1,2,1,28,6,-1,-1,-1,4,1,4
2018010120244,1,1,0,18,0,1,5,0,0,0,1,1,6,1,32,6,-1,-1,-1,4,1,4
2018010120244,2,19,0,4,0,1,0,0,0,0,2,1,1,1,27,6,2402,2,7,6,1,6
2018010120249,1,9,0,14,0,0,0,4,0,0,4,1,6,3,-1,-1,1896,2,14,-1,-1,-1
2018010120249,2,11,0,18,2,0,0,0,0,0,3,1,1,1,32,6,4500,2,1,-1,-1,-1
2018010120250,1,11,0,18,0,1,0,0,0,0,0,1,1,1,44,7,4500,2,2,3,1,3
2018010120252,1,10,0,7,4,8,0,0,0,0,4,1,1,2,48,8,2143,2,2,6,1,6
2018010120252,2,1,0,18,4,1,0,0,0,0,3,1,2,2,20,4,-1,-1,-1,5,1,5
2018010120257,1,9,-1,7,0,8,0,0,0,0,3,-1,6,1,23,5,1598,2,5,1,1,1
2018010120257,2,9,-1,7,0,8,0,0,0,0,4,-1,6,1,-1,-1,1497,8,1,-1,-1,-1
2018010120259,1,9,0,18,0,0,0,0,0,0,4,1,6,2,76,11,1398,1,4,7,1,7
2018010120259,2,9,0,5,8,0,0,0,0,0,3,1,2,1,37,7,2143,2,5,3,1,3
2018010120262,1,1,-1,18,0,8,5,0,0,0,-1,1,6,2,21,5,-1,-1,-1,4,1,4
2018010120262,2,19,-1,9,0,8,0,0,0,0,1,-1,6,1,-1,-1,-1,-1,-1,3,1,3
2018010120265,1,9,-1,3,0,-1,0,0,0,0,2,-1,6,2,39,7,2497,2,13,7,1,7
2018010120274,1,9,0,-1,-1,0,-1,-1,-1,-1,0,-1,6,3,-1,-1,1595,1,5,-1,-1,-1
2018010120275,1,1,0,18,0,8,0,0,0,0,4,1,2,1,45,7,-1,-1,-1,4,1,4
2018010120275,2,9,0,18,0,1,0,0,0,0,4,1,6,2,43,7,2143,2,5,8,1,8
2018010120276,1,9,0,1,9,6,0,0,0,0,2,1,6,1,22,5,1299,1,16,3,1,3
2018010120279,1,9,-1,4,0,1,-1,-1,0,0,2,1,6,1,-1,-1,1198,1,5,3,1,3
2018010120279,2,9,-1,-1,-1,-1,-1,-1,-1,-1,-1,1,6,3,-1,-1,1999,1,12,-1,-1,-1
2018010120284,1,9,0,-1,-1,-1,-1,-1,-1,-1,-1,-1,6,2,31,6,1399,1,1,1,1,1
2018010120284,2,9,-1,-1,-1,-1,-1,-1,-1,-1,-1,-1,6,1,43,7,1398,1,3,2,1,2
2018010120286,1,11,0,18,0,2,0,0,0,0,1,1,1,1,58,9,5132,2,2,6,1,6
2018010120287,1,9,0,-1,-1,0,-1,-1,-1,-1,-1,-1,6,1,28,6,1339,1,2,1,1,1
2018010120287,2,9,0,-1,-1,0,-1,-1,-1,-1,-1,-1,6,3,-1,-1,-1,-1,-1,-1,-1,-1