Accident_Index,Vehicle_Reference,Vehicle_Type,Towing_and_Articulation,Vehicle_Manoeuvre,Vehicle_Location-Restricted_Lane,Junction_Location,Skidding_and_Overturning,Hit_Object_in_Carriageway,Vehicle_Leaving_Carriageway,Hit_Object_off_Carriageway,1st_Point_of_Impact,Was_Vehicle_Left_Hand_Drive?,Journey_Purpose_of_Driver,Sex_of_Driver,Age_of_Driver,Age_Band_of_Driver,Engine_Capacity_(CC),Propulsion_Code,Age_of_Vehicle,Driver_IMD_Decile,Driver_Home_Area_Type,Vehicle_IMD_Decile
2018010120296,1,9,0,4,0,0,0,0,0,0,1,1,6,2,24,5,1968,2,3,9,1,9
2018010120296,2,9,0,3,0,0,0,0,0,0,2,1,6,2,59,9,1598,1,7,9,1,9
2018010120296,3,9,0,3,0,0,0,4,0,0,2,1,6,1,65,9,1229,1,8,5,2,5
2018010120299,1,1,-1,-1,-1,-1,-1,-1,-1,-1,1,1,2,2,22,5,-1,-1,-1,2,-1,2
2018010120299,2,9,0,-1,-1,-1,-1,-1,-1,-1,-1,-1,6,3,23,5,1598,1,10,-1,-1,-1
2018010120313,1,19,0,11,0,0,0,0,0,0,4,1,1,1,51,8,1868,2,17,9,1,9
2018010120313,2,2,0,16,0,0,0,0,0,0,3,1,1,2,20,4,49,1,15,10,1,10
2018010120314,1,3,0,18,0,8,0,0,0,0,1,1,6,1,37,7,125,1,3,5,1,5
2018010120314,2,9,0,9,0,8,0,0,0,0,1,1,6,1,22,5,2143,2,5,4,1,4
2018010120318,1,9,0,-1,-1,0,-1,-1,-1,-1,2,-1,6,1,36,7,2993,2,8,4,1,4
2018010120318,2,9,-1,1,0,0,0,0,0,0,2,-1,6,3,-1,-1,2143,2,1,-1,-1,-1
2018010120325,1,9,0,5,0,1,0,0,0,0,1,1,1,1,37,7,1390,1,8,10,1,10
2018010120325,2,1,0,12,0,8,0,0,0,0,3,1,6,2,58,9,-1,-1,-1,-1,-1,-1
2018010120326,1,8,0,-1,-1,-1,-1,-1,-1,-1,-1,-1,6,1,36,7,1798,8,5,1,1,1
2018010120326,2,9,0,-1,-1,-1,-1,-1,-1,-1,-1,-1,6,3,-1,-1,1896,2,13,-1,-1,-1
2018010120327,1,9,0,5,0,8,0,0,0,0,1,1,6,2,50,8,1197,1,2,4,1,4
2018010120327,2,1,0,18,4,1,0,0,0,0,1,1,6,2,28,6,-1,-1,-1,7,1,7
2018010120328,1,1,-1,-1,-1,-1,-1,-1,-1,-1,1,1,2,1,27,6,-1,-1,-1,7,1,7
2018010120328,2,9,0,-1,-1,-1,-1,-1,-1,-1,1,-1,6,3,-1,-1,1197,1,4,6,1,6
2018010120329,1,9,0,-1,-1,-1,-1,-1,-1,-1,2,-1,6,2,37,7,1995,2,8,4,1,4
2018010120329,2,9,0,-1,-1,-1,-1,-1,-1,-1,2,-1,6,3,28,6,1968,2,3,-1,-1,-1
2018010120330,1,8,0,4,0,0,0,8,0,0,3,1,1,1,31,6,2143,2,3,5,1,5
2018010120330,2,1,0,14,0,0,0,8,0,0,1,1,6,2,52,8,-1,-1,-1,10,1,10
2018010120338,1,9,0,-1,-1,-1,-1,-1,-1,-1,-1,-1,6,1,28,6,1591,1,1,6,1,6
2018010120338,2,9,0,-1,-1,-1,-1,-1,-1,-1,1,-1,6,3,-1,-1,1797,8,9,3,1,3
2018010120339,1,9,0,18,0,1,0,0,0,0,1,1,6,1,25,5,1461,2,1,8,1,8
2018010120339,2,9,0,18,0,1,0,0,0,0,2,1,2,1,47,8,1390,1,16,5,1,5
2018010120341,1,1,-1,-1,-1,0,-1,-1,-1,-1,-1,1,2,2,36,7,-1,-1,-1,4,1,4
2018010120341,2,9,0,-1,-1,0,-1,-1,-1,-1,1,-1,6,3,-1,-1,1896,2,11,-1,-1,-1
2018010120344,1,9,-1,-1,-1,0,-1,-1,-1,-1,1,-1,2,2,52,8,1598,2,4,2,1,2
2018010120344,2,21,-1,18,0,0,-1,0,0,0,0,-1,6,1,28,6,10837,2,1,4,1,4
2018010120350,1,9,0,18,0,0,0,0,0,0,1,1,6,1,28,6,2993,2,2,7,1,7
2018010120350,2,9,0,4,0,0,0,0,0,0,2,1,6,2,43,7,1895,1,17,2,1,2
2018010120354,1,1,0,5,0,6,5,0,0,0,1,1,6,1,17,4,-1,-1,-1,4,1,4
2018010120354,2,9,0,5,0,1,0,0,0,0,1,1,6,1,62,9,-1,-1,-1,2,1,2
2018010120355,1,1,-1,-1,-1,-1,-1,-1,-1,-1,1,1,6,2,24,5,-1,-1,-1,7,1,7
2018010120355,2,90,0,-1,-1,-1,-1,-1,-1,-1,1,-1,6,3,-1,-1,-1,-1,-1,-1,-1,-1
2018010120357,1,1,-1,-1,-1,-1,-1,-1,-1,-1,-1,1,2,1,-1,-1,-1,-1,-1,3,1,3
2018010120357,2,9,0,-1,-1,-1,-1,-1,-1,-1,1,-1,6,3,-1,-1,-1,3,-1,2,1,2
2018010120360,1,9,0,18,0,0,0,0,0,0,1,1,2,2,30,6,1995,1,11,3,1,3
2018010120360,2,19,0,4,0,0,0,0,0,0,2,1,2,1,29,6,2148,2,12,2,1,2
2018010120368,1,9,0,9,0,6,0,0,0,0,4,1,2,2,43,7,1360,1,8,5,1,5
2018010120368,2,9,0,18,0,6,0,0,0,0,1,1,6,1,74,10,1951,2,16,8,1,8
2018010120369,1,9,0,-1,-1,-1,-1,-1,-1,-1,2,-1,6,1,26,6,3222,2,15,5,1,5
2018010120369,2,9,0,-1,-1,-1,-1,-1,-1,-1,1,-1,6,3,-1,-1,1598,1,8,-1,-1,-1
2018010120370,1,90,0,-1,-1,-1,-1,-1,-1,-1,1,-1,6,3,47,8,-1,-1,-1,6,1,6
2018010120373,1,1,0,-1,0,0,0,0,-1,-1,-1,1,6,2,26,6,-1,-1,-1,10,1,10
2018010120373,2,9,-1,-1,-1,0,-1,-1,-1,-1,-1,-1,6,3,-1,-1,-1,-1,-1,-1,-1,-1
2018010120376,1,9,0,-1,-1,-1,-1,-1,-1,-1,2,-1,6,1,50,8,1600,1,19,1,1,1
2018010120376,2,1,-1,-1,-1,-1,-1,-1,-1,-1,-1,1,6,1,27,6,-1,-1,-1,1,1,1
2018010120378,1,9,0,12,0,0,0,0,0,0,1,1,1,1,32,6,1968,2,5,9,1,9
2018010120378,2,9,0,3,0,0,0,0,0,0,2,1,6,2,26,6,999,1,1,2,1,2
2018010120378,3,21,1,3,0,0,0,0,0,0,3,2,1,1,56,9,12809,2,2,9,1,9
2018010120379,1,9,0,18,9,1,0,0,0,0,1,1,3,2,25,5,1198,1,6,4,1,4
2018010120379,2,9,0,9,0,8,0,0,0,0,3,1,6,1,19,4,2143,2,6,2,1,2
2018010120380,1,9,0,18,0,4,0,0,0,0,1,1,3,2,43,7,1595,1,2,8,1,8
2018010120380,2,9,0,9,0,4,0,0,0,0,1,1,6,1,88,11,1364,1,13,6,1,6
2018010120381,1,5,0,18,0,0,0,0,0,0,3,1,6,1,27,6,847,1,4,3,1,3
2018010120381,2,19,0,18,0,0,0,0,0,0,4,1,6,1,44,7,1560,2,7,5,1,5
2018010120381,3,11,0,18,0,0,0,0,0,0,3,1,1,1,50,8,10837,2,1,1,1,1
2018010120383,1,9,0,3,0,0,0,0,0,0,2,1,6,2,59,9,1590,1,17,9,1,9
2018010120383,2,9,0,3,0,0,0,0,0,0,1,1,6,1,26,6,1364,1,-1,2,1,2
2018010120386,1,9,0,-1,0,1,0,0,0,0,2,-1,6,1,38,7,2793,1,23,8,1,8
2018010120386,2,9,0,18,0,1,0,0,0,0,1,1,6,1,-1,-1,1968,2,8,-1,-1,-1
2018010120387,1,1,-1,-1,-1,-1,-1,-1,-1,-1,1,1,2,1,26,6,-1,-1,-1,7,1,7
2018010120387,2,2,0,-1,-1,-1,-1,-1,-1,-1,1,1,6,3,28,6,-1,-1,-1,-1,-1,-1
2018010120389,1,9,0,12,0,0,0,0,0,0,1,1,6,2,38,7,1339,1,7,3,1,3
2018010120389,2,9,0,18,0,0,5,0,0,0,4,1,6,2,19,4,973,1,15,7,1,7
2018010120389,3,9,0,3,0,0,0,0,0,0,2,1,6,2,50,8,2143,2,1,8,1,8
2018010120391,1,19,0,18,0,0,0,0,0,0,3,1,2,3,41,7,1998,2,12,6,1,6
2018010120391,2,4,0,18,9,0,0,0,0,0,4,1,6,1,30,6,124,1,7,2,1,2
2018010120392,1,9,0,3,0,0,0,0,0,0,2,1,6,1,33,6,1598,2,4,5,1,5
2018010120392,2,9,0,3,0,0,0,0,0,0,2,1,6,1,32,6,999,1,8,10,1,10
2018010120392,3,9,0,18,0,0,0,0,0,0,1,1,6,1,20,4,1390,1,19,6,1,6
2018010120394,1,8,0,9,0,8,0,0,0,0,1,1,1,1,50,8,1560,2,8,4,1,4
2018010120394,2,1,0,18,4,8,0,0,0,0,2,1,6,1,46,8,-1,-1,-1,6,1,6
2018010120395,1,3,0,3,0,1,0,0,0,0,2,1,6,1,35,6,124,1,1,1,1,1
2018010120395,2,9,0,18,0,1,0,0,0,0,1,1,6,2,31,6,1995,2,9,3,1,3
2018010120396,1,19,0,9,0,8,1,0,0,0,1,1,1,1,41,7,1248,2,5,2,1,2
2018010120396,2,2,0,7,0,8,5,0,0,0,1,1,1,1,22,5,125,1,1,2,1,2
2018010120397,1,4,0,18,0,0,0,0,0,0,1,1,6,1,21,5,399,1,6,2,1,2
2018010120397,2,9,0,18,0,0,0,0,0,0,1,1,6,2,19,4,1598,2,5,2,1,2
2018010120400,1,3,0,18,0,1,5,0,0,0,4,1,2,1,26,6,125,1,4,7,1,7
2018010120402,1,9,0,9,0,1,0,0,1,1,4,1,6,2,42,7,1197,1,1,3,1,3
2018010120402,2,3,0,9,0,1,0,0,0,0,1,1,6,1,18,4,125,1,4,1,1,1
2018010120404,1,9,0,18,0,0,1,0,0,0,1,1,6,2,88,11,1590,1,15,9,1,9
2018010120404,2,9,0,2,0,0,0,0,0,0,2,1,6,3,-1,-1,1390,1,10,-1,-1,-1
2018010120405,1,21,0,9,0,8,0,0,0,0,1,1,1,1,48,8,5880,2,7,6,1,6
2018010120405,2,9,0,18,0,8,1,0,1,0,3,1,2,1,42,7,1896,2,12,9,1,9
2018010120406,1,9,0,9,0,2,0,0,0,0,2,1,6,1,31,6,999,1,4,2,1,2
2018010120406,2,4,0,18,0,2,0,0,0,0,1,1,6,1,35,6,-1,-1,-1,7,1,7
2018010120407,1,9,0,18,0,0,0,0,0,0,4,1,6,2,43,7,1598,1,10,9,1,9
2018010120407,2,9,0,5,0,0,0,0,0,0,3,1,6,2,38,7,1242,1,8,9,1,9
2018010120407,3,9,0,2,0,0,0,0,0,0,4,1,6,3,-1,-1,1850,1,19,-1,-1,-1
2018010120409,1,4,0,5,0,5,2,0,0,0,0,1,2,1,38,7,689,1,4,3,1,3
2018010120410,1,1,0,18,0,2,0,4,0,0,1,1,6,2,38,7,-1,-1,-1,3,1,3
2018010120410,2,9,0,2,6,2,0,0,0,0,3,1,6,3,-1,-1,1390,1,12,-1,-1,-1
2018010120411,1,9,0,5,0,0,0,0,0,0,1,1,6,1,36,7,2979,1,2,2,1,2
2018010120411,2,9,0,18,0,0,0,0,0,0,1,1,6,2,23,5,1995,2,2,4,1,4
2018010120414,1,9,0,9,0,6,0,0,0,0,1,1,2,1,26,6,2494,1,15,9,1,9
2018010120414,2,9,0,10,0,1,0,0,0,0,1,1,6,2,26,6,1198,1,1,7,1,7
2018010120414,3,9,0,3,0,1,0,0,0,0,1,1,2,2,45,7,-1,-1,-1,7,1,7
2018010120415,1,9,0,7,0,5,0,0,0,0,3,1,6,1,43,7,-1,-1,-1,2,1,2
2018010120415,2,9,0,9,0,5,0,0,0,0,1,1,6,2,36,7,1390,1,9,3,1,3
2018010120418,1,9,0,18,0,8,0,0,0,0,4,-1,2,1,33,6,1598,1,2,5,1,5
2018010120418,2,9,0,9,0,6,0,0,0,0,1,-1,6,3,-1,-1,-1,-1,-1,-1,-1,-1
2018010120419,1,9,0,6,0,1,0,0,0,0,2,1,1,1,42,7,1968,2,3,3,1,3
2018010120419,2,9,0,18,0,2,0,0,0,0,1,1,1,1,34,6,1797,8,6,3,1,3
2018010120423,1,11,0,5,0,0,0,0,0,0,1,1,2,1,46,8,4500,2,8,1,1,1
2018010120425,1,1,-1,-1,-1,-1,-1,-1,-1,-1,1,1,2,1,24,5,-1,-1,-1,4,1,4
2018010120427,1,19,0,18,9,0,0,4,7,10,1,1,6,1,38,7,1461,2,1,-1,-1,-1
2018010120427,2,19,0,2,0,0,0,0,0,0,2,1,6,3,-1,-1,1560,2,2,-1,-1,-1
2018010120429,1,9,0,-1,-1,0,-1,-1,-1,-1,-1,-1,6,1,37,7,2143,12,3,1,1,1
2018010120430,1,9,0,-1,-1,-1,-1,-1,-1,-1,-1,-1,6,1,59,9,1998,2,6,3,1,3
2018010120430,2,3,0,-1,-1,-1,-1,-1,-1,-1,-1,1,6,3,-1,-1,124,1,12,-1,-1,-1
2018010120432,1,8,0,18,0,2,0,0,0,0,1,1,2,1,29,6,1797,8,8,4,1,4
2018010120432,2,1,0,9,0,2,0,0,0,0,1,1,6,1,15,3,-1,-1,-1,3,-1,3
2018010120433,1,9,0,-1,-1,0,-1,-1,-1,-1,2,-1,6,1,42,7,1781,1,17,5,1,5
2018010120433,2,9,0,-1,-1,0,-1,-1,-1,-1,-1,-1,6,3,-1,-1,-1,-1,-1,-1,-1,-1
2018010120434,1,9,0,10,0,8,0,0,0,0,1,1,6,1,37,7,1296,1,12,-1,-1,-1
2018010120434,2,9,0,18,0,8,0,0,6,1,1,1,6,1,20,4,3189,1,11,-1,-1,-1
2018010120438,1,9,0,18,0,1,1,0,0,0,1,1,6,1,34,6,1800,1,19,5,1,5
2018010120440,1,11,0,18,0,8,0,0,0,0,4,1,6,3,-1,-1,-1,-1,-1,-1,-1,-1
2018010120442,1,9,0,-1,-1,-1,-1,-1,-1,-1,2,-1,6,1,32,6,1598,1,11,7,1,7
2018010120442,2,9,0,-1,-1,-1,-1,-1,-1,-1,1,-1,6,3,-1,-1,1896,2,14,-1,-1,-1
2018010120443,1,19,0,18,0,2,0,0,0,0,1,1,2,1,44,7,1560,2,2,7,1,7
2018010120445,1,9,0,18,0,0,0,0,0,0,1,1,6,1,53,8,2497,2,13,5,1,5
2018010120446,1,9,0,17,9,2,0,10,1,5,1,1,6,2,44,7,1399,1,-1,2,1,2
2018010120450,1,11,0,18,0,2,0,0,0,0,4,1,6,1,57,9,4500,2,3,1,1,1
2018010120451,1,9,0,18,0,0,0,0,0,0,1,1,6,3,-1,-1,1499,1,2,-1,-1,-1
2018010120452,1,1,-1,-1,-1,0,-1,-1,-1,-1,-1,1,2,2,40,7,-1,-1,-1,5,1,5
2018010120452,2,19,0,-1,0,0,0,-1,-1,-1,-1,1,6,1,38,7,-1,-1,-1,8,1,8
2018010120458,1,21,0,1,0,1,0,0,0,0,3,1,6,1,68,10,-1,-1,-1,1,1,1
2018010120465,1,9,0,18,0,8,0,0,0,0,1,1,6,1,53,8,3498,8,4,-1,-1,-1
2018010120465,2,9,0,9,9,8,1,0,4,0,1,1,2,1,52,8,1108,1,11,5,1,5
2018010120469,1,1,-1,3,-1,-1,-1,-1,-1,0,-1,1,6,1,45,7,-1,-1,-1,4,1,4
2018010120469,2,19,-1,-1,0,1,-1,0,0,0,0,-1,6,3,-1,-1,2143,2,3,-1,-1,-1
2018010120470,1,19,0,18,6,0,5,10,1,2,2,1,1,1,51,8,1896,2,8,-1,-1,-1
2018010120474,1,1,-1,-1,-1,0,-1,-1,-1,-1,1,1,2,1,41,7,-1,-1,-1,8,1,8
2018010120474,2,9,0,-1,-1,0,-1,-1,-1,-1,-1,-1,6,1,58,9,-1,-1,-1,9,1,9
2018010120486,1,5,-1,18,-1,0,-1,12,-1,-1,-1,1,2,1,43,7,689,1,-1,7,1,7
2018010120486,2,9,-1,18,-1,0,-1,-1,-1,-1,1,-1,6,2,25,5,2172,2,15,2,1,2
2018010120487,1,9,-1,18,0,8,-1,0,0,0,3,-1,6,3,-1,-1,-1,-1,-1,-1,-1,-1
2018010120489,1,1,-1,-1,-1,-1,-1,-1,-1,-1,1,1,2,1,50,8,-1,-1,-1,1,1,1
2018010120489,2,19,0,-1,-1,-1,-1,-1,-1,-1,-1,-1,6,3,-1,-1,-1,-1,-1,-1,-1,-1
2018010120490,1,5,0,3,0,1,0,0,0,0,3,1,6,1,40,7,848,1,16,-1,-1,-1
2018010120490,2,19,0,4,0,1,0,0,0,0,4,1,1,1,47,8,1968,2,4,7,3,7
2018010120495,1,11,0,18,0,0,0,0,0,0,0,1,1,1,67,10,-1,-1,-1,2,1,2
2018010120497,1,11,0,3,0,0,0,0,0,0,0,1,1,1,45,7,4500,2,4,-1,-1,-1
2018010120501,1,9,0,-1,-1,0,-1,-1,-1,-1,2,-1,6,2,46,8,1296,1,12,1,1,1
2018010120501,2,9,0,-1,-1,0,-1,-1,-1,-1,1,-1,6,3,-1,-1,1296,1,11,-1,-1,-1
2018010120504,1,90,0,10,0,1,0,0,0,0,3,1,1,2,29,6,-1,-1,-1,8,1,8
2018010120504,2,9,0,9,0,1,0,0,0,0,1,1,6,1,57,9,2179,2,3,4,1,4
2018010120505,1,19,0,7,0,1,0,0,0,0,4,1,1,1,40,7,1995,2,8,-1,-1,-1
2018010120505,2,1,0,18,0,1,0,0,0,0,1,1,2,2,51,8,-1,-1,-1,2,1,2
2018010120507,1,9,0,17,0,2,0,0,0,0,0,1,2,1,60,9,2967,2,2,9,1,9
2018010120507,2,3,0,16,0,2,0,0,0,0,1,1,6,1,50,8,125,1,9,3,1,3
2018010120511,1,1,0,14,0,8,0,4,0,0,1,1,2,1,19,4,-1,-1,-1,8,1,8
2018010120511,2,9,0,2,0,2,0,0,0,0,2,1,6,3,-1,-1,-1,-1,-1,-1,-1,-1
2018010120513,1,9,0,-1,-1,0,-1,-1,-1,-1,4,-1,6,2,62,9,998,1,1,3,3,3
2018010120513,2,11,0,18,0,0,0,0,0,0,2,1,6,3,-1,-1,6692,2,8,-1,-1,-1
2018010120520,1,9,0,18,0,0,0,4,0,0,4,1,6,1,52,8,1969,2,1,10,1,10
2018010120520,2,9,0,2,0,0,0,0,0,0,3,1,6,3,-1,-1,1997,1,3,-1,-1,-1
2018010120523,1,9,0,9,0,6,0,0,0,0,4,1,1,1,34,6,999,1,-1,8,1,8
2018010120523,2,3,0,7,0,6,0,0,0,0,1,1,6,1,22,5,124,1,8,4,1,4
2018010120524,1,9,0,18,0,0,0,0,0,0,1,1,2,2,18,4,1242,1,15,8,1,8
2018010120525,1,3,0,18,0,0,0,0,0,0,2,1,1,1,51,8,-1,-1,-1,4,1,4
2018010120525,2,9,0,18,0,0,0,0,0,0,4,1,6,3,-1,-1,1968,2,9,-1,-1,-1
2018010120532,1,9,0,-1,-1,-1,-1,-1,-1,-1,3,-1,6,1,-1,-1,1396,1,14,2,1,2
2018010120532,2,9,-1,-1,-1,-1,-1,-1,-1,-1,-1,-1,6,3,-1,-1,1386,1,9,-1,-1,-1
2018010120533,1,9,0,18,0,1,0,0,0,0,2,1,6,1,32,6,2143,2,3,3,1,3
2018010120533,2,9,0,18,0,1,0,0,0,0,1,1,6,1,28,6,1797,8,7,3,1,3
2018010120534,1,9,0,18,0,1,0,0,0,0,1,1,1,1,20,4,995,1,8,3,1,3
2018010120534,2,9,0,5,0,6,0,0,3,0,1,1,6,2,61,9,2969,2,12,9,3,9
2018010120538,1,1,-1,-1,-1,-1,-1,-1,-1,-1,-1,1,6,1,23,5,-1,-1,-1,2,1,2
2018010120538,2,9,0,-1,-1,-1,-1,-1,-1,-1,1,-1,6,3,-1,-1,-1,-1,-1,-1,-1,-1
2018010120539,1,8,0,5,0,6,0,0,0,0,1,1,1,1,57,9,1997,2,1,3,1,3
2018010120539,2,3,0,14,0,1,0,0,0,0,1,1,6,1,22,5,125,1,10,2,1,2
2018010120541,1,11,0,18,2,1,0,0,0,0,0,1,1,1,32,6,4500,2,2,-1,-1,-1
2018010120541,2,9,0,18,0,1,0,0,0,0,0,2,6,3,-1,-1,-1,-1,-1,-1,-1,-1
2018010120543,1,3,0,5,9,2,0,0,0,0,1,1,6,1,-1,-1,125,1,3,-1,-1,-1
2018010120545,1,9,0,9,0,0,0,7,0,0,4,1,2,1,30,6,1560,2,1,3,1,3
2018010120545,2,9,0,18,0,0,1,7,0,0,1,1,1,1,25,5,1499,8,3,5,1,5
2018010120546,1,3,0,10,0,4,1,0,1,0,3,1,6,1,56,9,125,1,2,2,1,2
2018010120546,2,9,0,8,0,4,0,0,0,0,4,1,6,1,75,10,1998,1,18,7,1,7
2018010120548,1,9,0,14,0,0,0,0,0,0,1,1,1,1,51,8,3800,1,33,3,1,3
2018010120554,1,9,0,-1,-1,-1,-1,-1,-1,-1,2,-1,2,2,38,7,1493,2,10,4,1,4
2018010120554,2,9,0,-1,-1,-1,-1,-1,-1,-1,2,-1,6,3,-1,-1,-1,-1,-1,-1,-1,-1
2018010120558,1,9,0,-1,-1,-1,-1,-1,-1,-1,2,-1,6,2,37,7,1587,1,11,2,1,2
2018010120561,1,9,0,18,0,2,0,0,0,0,1,1,6,1,28,6,2993,2,-1,9,1,9
2018010120561,2,4,0,18,0,8,0,0,0,0,1,1,6,2,39,7,278,1,10,-1,-1,-1
2018010120566,1,9,0,3,0,2,0,0,7,0,1,1,6,3,-1,-1,1910,2,11,-1,-1,-1
2018010120568,1,11,0,18,0,1,0,0,0,0,0,1,1,1,39,7,5132,2,4,5,1,5
2018010120577,1,9,0,-1,-1,0,-1,-1,-1,-1,2,-1,2,1,57,9,1590,1,17,4,1,4
2018010120577,2,19,0,-1,-1,0,-1,-1,-1,-1,1,-1,6,3,47,8,1598,2,2,8,1,8
2018010120583,1,1,-1,-1,-1,0,-1,-1,-1,-1,2,1,6,1,35,6,-1,-1,-1,3,1,3
2018010120583,2,9,0,-1,-1,0,-1,-1,-1,-1,1,-1,6,3,-1,-1,-1,-1,-1,-1,-1,-1
2018010120584,1,9,0,15,0,8,0,0,0,0,3,1,6,3,-1,-1,400,1,2,-1,-1,-1
2018010120585,1,9,0,4,0,2,0,0,0,0,2,1,6,1,48,8,1798,8,1,10,1,10
2018010120585,2,1,0,18,0,2,0,0,0,0,1,1,6,1,20,4,-1,-1,-1,9,1,9
2018010120589,1,9,0,-1,-1,-1,-1,-1,-1,-1,-1,-1,6,1,24,5,1390,1,13,3,1,3
2018010120592,1,9,0,-1,-1,0,-1,-1,-1,-1,1,-1,6,1,43,7,1797,8,9,1,1,1
2018010120592,2,9,0,-1,-1,0,-1,-1,-1,-1,-1,-1,6,3,-1,-1,-1,-1,-1,6,1,6
2018010120595,1,9,0,18,0,1,0,0,0,0,3,1,3,2,34,6,1497,8,4,2,1,2
2018010120596,1,8,0,-1,-1,0,-1,-1,-1,-1,2,-1,6,1,50,8,1797,8,4,6,1,6
2018010120596,2,9,0,18,0,0,0,0,0,0,1,-1,6,2,38,7,1598,1,17,6,1,6
2018010120598,1,5,0,-1,-1,-1,-1,-1,-1,-1,1,1,2,1,29,6,499,1,2,4,1,4
2018010120598,2,8,0,-1,-1,-1,-1,-1,-1,-1,1,1,6,3,46,8,-1,-1,-1,4,1,4
2018010120599,1,8,0,-1,-1,0,-1,-1,-1,-1,4,-1,6,1,53,8,1968,2,2,2,1,2
2018010120599,2,9,0,-1,-1,0,-1,-1,-1,-1,3,-1,6,3,-1,-1,2000,2,13,-1,-1,-1
2018010120601,1,8,0,-1,-1,0,-1,-1,-1,-1,2,-1,6,1,51,8,1968,2,6,4,1,4
2018010120601,2,9,0,-1,-1,0,-1,-1,-1,-1,1,-1,6,3,-1,-1,1796,1,12,-1,-1,-1
2018010120607,1,9,0,3,0,1,0,0,0,0,2,1,6,2,51,8,1198,1,1,7,1,7
2018010120607,2,1,0,18,0,1,0,0,0,0,0,1,6,1,46,8,-1,-1,-1,3,1,3
2018010120609,1,9,0,7,0,1,0,0,0,0,0,1,6,2,30,6,1598,1,4,4,1,4
2018010120609,2,1,0,12,0,1,0,0,0,0,0,1,6,1,54,8,-1,-1,-1,8,1,8
2018010120610,1,9,0,18,0,0,0,0,0,0,1,1,2,1,37,7,1499,1,-1,3,1,3
2018010120610,2,9,0,4,0,0,0,0,0,0,0,1,2,2,37,7,2499,1,10,2,1,2
2018010120610,3,9,0,4,0,0,0,0,0,0,0,1,2,1,39,7,-1,-1,-1,2,1,2
2018010120611,1,1,-1,-1,-1,0,-1,-1,-1,-1,1,1,2,2,29,6,-1,-1,-1,1,1,1
2018010120611,2,8,0,-1,-1,0,-1,-1,-1,-1,-1,-1,6,3,-1,-1,-1,-1,-1,-1,-1,-1
2018010120616,1,1,0,13,9,1,0,0,0,0,2,1,2,1,24,5,-1,-1,-1,5,1,5
2018010120616,2,3,0,13,0,1,0,0,0,0,1,1,6,1,18,4,125,1,4,2,1,2
2018010120618,1,9,0,1,0,0,0,0,0,0,3,1,6,1,61,9,1598,2,5,3,1,3
2018010120618,2,4,0,18,0,0,0,0,0,0,3,1,1,1,36,7,124,1,2,1,1,1
2018010120621,1,9,0,-1,-1,-1,-1,-1,-1,-1,2,-1,6,1,39,7,998,1,14,4,1,4
2018010120621,2,9,0,-1,-1,-1,-1,-1,-1,-1,1,-1,6,1,-1,-1,-1,-1,-1,2,1,2
2018010120622,1,11,0,5,2,0,0,0,0,0,0,1,6,1,40,7,4500,2,3,1,1,1
2018010120625,1,19,0,3,0,0,0,0,0,0,3,1,3,1,32,6,-1,-1,-1,3,1,3
2018010120625,2,4,0,18,0,0,0,0,0,0,3,1,1,1,23,5,125,1,3,2,1,2
2018010120626,1,9,0,18,0,1,0,0,0,0,1,1,6,3,-1,-1,-1,-1,-1,-1,-1,-1
2018010120626,2,1,0,18,0,2,0,0,0,0,1,1,4,2,11,3,-1,-1,-1,3,1,3
2018010120627,1,4,0,14,0,0,0,0,0,0,1,1,1,1,36,7,125,1,4,7,1,7
2018010120629,1,11,0,7,0,1,0,0,0,0,3,1,1,1,37,7,10837,2,-1,4,1,4
2018010120629,2,8,0,7,0,1,0,0,0,0,4,1,1,1,41,7,1798,8,4,3,1,3
2018010120631,1,5,0,14,2,1,2,0,0,0,1,1,6,1,25,5,649,1,2,2,1,2
2018010120631,2,9,0,9,0,6,0,0,0,0,1,1,2,1,34,6,1956,2,7,2,1,2
2018010120633,1,9,0,3,0,8,0,0,0,0,1,1,6,1,37,7,1560,2,4,8,1,8
2018010120633,2,4,0,3,0,8,0,0,0,0,2,1,6,1,40,7,125,1,3,3,1,3
2018010120637,1,9,0,18,0,1,0,0,0,0,1,1,6,2,28,6,999,1,3,7,1,7
2018010120640,1,8,0,9,0,1,0,0,0,0,4,1,1,1,51,8,1229,1,5,5,1,5
2018010120640,2,3,0,18,0,1,0,0,0,0,1,1,6,1,30,6,125,1,1,2,1,2
2018010120643,1,9,0,9,0,6,0,0,0,0,1,1,6,2,52,8,1584,1,14,2,1,2
2018010120643,2,3,0,18,0,1,0,0,0,0,4,1,2,1,38,7,124,1,-1,7,1,7
2018010120646,1,9,0,2,0,8,0,0,0,0,3,1,6,3,-1,-1,1596,1,12,-1,-1,-1
2018010120646,2,1,0,18,0,8,5,8,0,0,1,1,6,1,24,5,-1,-1,-1,4,1,4
2018010120647,1,9,0,4,0,2,0,0,0,0,1,1,6,1,24,5,1598,1,17,4,1,4
2018010120647,2,1,0,18,0,2,0,0,0,0,1,1,6,1,24,5,-1,-1,-1,8,1,8
2018010120648,1,9,0,18,0,2,0,0,0,0,4,1,6,2,-1,-1,1598,2,3,5,1,5
2018010120649,1,9,0,5,0,6,0,0,0,0,4,1,2,1,46,8,1997,2,1,8,1,8
2018010120649,2,9,0,18,0,1,0,0,1,4,1,1,6,1,34,6,2143,2,2,7,1,7
2018010120651,1,9,0,9,0,1,0,0,0,0,1,1,2,1,18,4,1796,1,10,6,1,6
2018010120651,2,2,0,18,0,1,0,0,0,0,1,1,2,1,35,6,124,1,5,2,1,2