Accident_Index,Vehicle_Reference,Vehicle_Type,Towing_and_Articulation,Vehicle_Manoeuvre,Vehicle_Location-Restricted_Lane,Junction_Location,Skidding_and_Overturning,Hit_Object_in_Carriageway,Vehicle_Leaving_Carriageway,Hit_Object_off_Carriageway,1st_Point_of_Impact,Was_Vehicle_Left_Hand_Drive?,Journey_Purpose_of_Driver,Sex_of_Driver,Age_of_Driver,Age_Band_of_Driver,Engine_Capacity_(CC),Propulsion_Code,Age_of_Vehicle,Driver_IMD_Decile,Driver_Home_Area_Type,Vehicle_IMD_Decile
2018010120654,1,3,0,-1,-1,-1,-1,-1,-1,-1,1,1,6,1,19,4,125,1,7,2,1,2
2018010120654,2,9,0,-1,-1,-1,-1,-1,-1,-1,1,-1,6,3,-1,-1,1198,1,2,1,1,1
2018010120656,1,8,0,-1,-1,-1,-1,-1,-1,-1,-1,-1,6,1,44,7,1798,8,1,1,1,1
2018010120656,2,9,0,-1,-1,-1,-1,-1,-1,-1,2,-1,6,2,71,10,1364,1,11,7,1,7
2018010120657,1,9,0,14,0,0,0,0,0,0,3,1,6,1,26,6,-1,-1,-1,6,1,6
2018010120658,1,1,0,18,0,1,2,0,0,0,0,1,6,1,22,5,-1,-1,-1,3,1,3
2018010120659,1,9,0,18,0,8,0,0,0,0,1,1,6,3,-1,-1,-1,-1,-1,-1,-1,-1
2018010120660,1,9,0,9,0,4,0,10,0,0,4,1,6,1,29,6,1991,1,2,9,1,9
2018010120660,2,4,0,18,0,3,0,0,0,0,1,1,6,1,19,4,125,1,2,1,1,1
2018010120661,1,9,0,-1,-1,-1,-1,-1,-1,-1,-1,-1,6,1,43,7,2171,2,17,4,1,4
2018010120661,2,1,-1,-1,-1,-1,-1,-1,-1,-1,-1,1,6,1,24,5,-1,-1,-1,3,1,3
2018010120662,1,5,0,-1,-1,-1,-1,-1,-1,-1,1,1,2,1,35,6,1000,1,5,7,1,7
2018010120662,2,19,0,-1,-1,-1,-1,-1,-1,-1,-1,-1,6,3,34,6,2402,2,9,3,1,3
2018010120665,1,9,0,18,0,5,0,0,0,0,2,1,6,1,50,8,1995,2,7,3,1,3
2018010120665,2,9,0,18,0,5,0,0,0,0,2,1,6,2,34,6,1995,2,5,4,1,4
2018010120665,3,9,0,18,0,5,0,0,0,0,1,1,6,1,35,6,1398,1,7,-1,-1,-1
2018010120670,1,4,0,18,0,1,0,0,0,0,1,1,6,1,40,7,234,1,19,4,1,4
2018010120670,2,9,0,9,0,5,0,0,0,0,1,1,6,2,82,11,1998,1,12,7,1,7
2018010120677,1,8,0,9,0,5,0,0,0,0,4,1,1,1,47,8,2143,2,6,10,1,10
2018010120681,1,5,0,18,0,1,0,0,0,0,1,1,6,1,32,6,996,1,20,-1,-1,-1
2018010120681,2,9,0,10,0,1,0,0,0,0,1,1,6,2,48,8,-1,-1,-1,6,1,6
2018010120684,1,8,0,5,0,2,0,0,0,0,1,1,1,1,26,6,1798,8,6,5,1,5
2018010120686,1,2,0,18,2,2,0,0,0,0,3,1,6,1,17,4,124,1,7,3,1,3
2018010120686,2,8,0,13,0,2,0,0,0,0,4,1,1,1,52,8,1968,2,4,3,1,3
2018010120687,1,9,0,18,0,1,1,0,0,0,1,1,6,2,25,5,1598,1,15,7,1,7
2018010120689,1,11,0,5,0,0,0,0,0,0,0,1,1,1,33,6,9000,2,9,2,1,2
2018010120691,1,8,0,18,0,0,0,0,7,1,1,1,2,1,53,8,2499,2,10,9,1,9
2018010120692,1,3,0,16,0,1,0,0,0,0,1,1,6,1,29,6,102,1,12,2,1,2
2018010120695,1,9,0,18,0,8,0,0,0,0,1,1,6,1,26,6,4395,1,5,1,1,1
2018010120695,2,8,0,18,0,8,0,0,0,0,1,1,1,1,50,8,1997,2,9,3,1,3
2018010120699,1,9,0,9,0,6,0,0,0,0,3,1,6,1,47,8,1968,2,8,2,1,2
2018010120700,1,9,0,2,0,0,0,0,0,0,2,1,6,3,-1,-1,1229,1,13,-1,-1,-1
2018010120700,2,19,0,18,0,0,0,4,0,0,1,1,6,3,-1,-1,-1,-1,-1,-1,-1,-1
2018010120701,1,9,0,-1,-1,-1,-1,-1,-1,-1,4,-1,6,2,35,6,1796,1,9,2,1,2
2018010120701,2,9,0,-1,-1,-1,-1,-1,-1,-1,-1,-1,6,3,28,6,1398,1,3,1,1,1
2018010120707,1,2,0,18,0,0,0,0,0,0,1,1,6,1,18,4,-1,-1,-1,-1,-1,-1
2018010120714,1,1,-1,-1,-1,-1,-1,-1,-1,-1,-1,1,2,1,-1,-1,-1,-1,-1,3,1,3
2018010120714,2,9,0,-1,-1,-1,-1,-1,-1,-1,-1,-1,6,3,-1,-1,1399,1,-1,-1,-1,-1
2018010120715,1,1,-1,-1,-1,0,-1,-1,-1,-1,1,1,2,1,36,7,-1,-1,-1,-1,-1,-1
2018010120715,2,8,0,-1,-1,0,-1,-1,-1,-1,2,-1,6,3,-1,-1,1798,8,1,-1,-1,-1
2018010120727,1,1,0,18,0,8,0,0,0,0,1,1,2,1,31,6,-1,-1,-1,3,1,3
2018010120727,2,19,0,9,0,8,0,0,0,0,3,1,1,1,53,8,2198,2,6,8,3,8
2018010120728,1,9,0,4,0,0,0,0,0,0,2,1,3,1,36,7,1242,1,11,2,1,2
2018010120728,2,19,0,5,0,0,0,0,0,0,1,1,1,1,22,5,2198,2,8,3,1,3
2018010120729,1,1,0,-1,0,0,0,-1,-1,0,-1,1,6,2,27,6,-1,-1,-1,6,1,6
2018010120729,2,9,-1,-1,-1,0,-1,-1,-1,-1,-1,-1,6,3,-1,-1,1995,2,6,-1,-1,-1
2018010120730,1,9,0,-1,-1,0,-1,-1,-1,-1,1,-1,2,1,44,7,1596,1,16,4,1,4
2018010120730,2,9,0,-1,-1,0,-1,-1,-1,-1,2,-1,6,3,-1,-1,1493,2,13,4,1,4
2018010120731,1,1,-1,-1,-1,-1,-1,-1,-1,-1,-1,1,2,1,31,6,-1,-1,-1,3,1,3
2018010120731,2,9,0,-1,-1,-1,-1,-1,-1,-1,-1,-1,6,3,-1,-1,-1,-1,-1,3,1,3
2018010120731,3,9,0,-1,-1,-1,-1,-1,-1,-1,0,-1,6,3,-1,-1,-1,-1,-1,-1,-1,-1
2018010120738,1,9,0,-1,-1,-1,-1,-1,-1,-1,2,-1,6,1,43,7,2360,1,12,5,1,5
2018010120738,2,9,0,-1,-1,-1,-1,-1,-1,-1,1,-1,6,3,-1,-1,-1,-1,-1,-1,-1,-1
2018010120740,1,9,0,9,0,1,0,0,0,0,1,1,3,2,33,6,1598,1,8,2,1,2
2018010120740,2,1,0,18,0,8,0,0,0,0,4,1,1,1,29,6,-1,-1,-1,1,1,1
2018010120741,1,1,-1,-1,-1,-1,-1,-1,-1,-1,1,1,2,1,30,6,-1,-1,-1,10,1,10
2018010120741,2,8,0,-1,-1,-1,-1,-1,-1,-1,-1,-1,6,3,-1,-1,-1,-1,-1,-1,-1,-1
2018010120751,1,1,0,9,0,2,0,0,0,0,3,1,6,1,57,9,-1,-1,-1,3,1,3
2018010120751,2,9,0,18,0,8,0,0,0,0,3,1,6,1,29,6,1596,1,10,3,1,3
2018010120754,1,11,0,5,0,1,0,0,0,0,0,1,1,1,57,9,5132,2,1,8,1,8
2018010120763,1,8,0,18,0,8,0,0,0,0,3,1,1,1,34,6,-1,-1,-1,3,1,3
2018010120763,2,19,0,18,0,8,0,0,0,0,1,1,6,1,28,6,1896,2,10,3,1,3
2018010120765,1,1,-1,-1,-1,-1,-1,-1,-1,-1,1,1,2,1,29,6,-1,-1,-1,2,1,2
2018010120765,2,9,0,-1,-1,-1,-1,-1,-1,-1,-1,-1,6,3,-1,-1,2979,1,3,-1,-1,-1
2018010120766,1,8,0,9,2,0,0,0,0,0,4,1,6,1,43,7,2143,2,1,3,1,3
2018010120766,2,1,0,18,2,0,0,0,0,0,1,1,1,2,22,5,-1,-1,-1,3,1,3
2018010120767,1,19,0,18,0,1,0,0,0,0,3,1,1,1,47,8,1995,2,5,5,1,5
2018010120767,2,3,0,18,0,1,0,0,0,0,4,1,2,1,44,7,124,1,6,5,1,5
2018010120769,1,9,0,7,0,5,0,0,0,0,4,1,6,1,21,5,1896,2,11,2,1,2
2018010120769,2,1,0,18,0,8,5,0,0,0,1,1,6,1,23,5,-1,-1,-1,4,1,4
2018010120772,1,9,0,9,0,0,0,10,1,10,1,1,6,2,71,10,1364,1,13,-1,-1,-1
2018010120773,1,3,0,14,0,8,1,0,0,0,1,1,6,1,26,6,124,1,7,-1,-1,-1
2018010120776,1,9,0,18,0,1,0,0,0,0,1,1,6,2,41,7,3996,2,12,-1,-1,-1
2018010120776,2,19,0,18,0,1,0,0,0,0,2,-1,6,1,32,6,1560,2,10,-1,-1,-1
2018010120777,1,1,-1,-1,-1,0,-1,-1,-1,-1,-1,1,2,2,34,6,-1,-1,-1,6,1,6
2018010120777,2,90,-1,-1,-1,0,-1,-1,-1,-1,3,-1,6,3,-1,-1,10837,2,6,-1,-1,-1
2018010120779,1,9,-1,18,0,0,-1,-1,-1,0,-1,-1,6,3,-1,-1,-1,-1,-1,-1,-1,-1
2018010120782,1,9,0,-1,-1,-1,-1,-1,-1,-1,-1,-1,2,2,43,7,1242,1,6,5,1,5
2018010120782,2,9,0,-1,-1,-1,-1,-1,-1,-1,1,-1,6,3,-1,-1,1560,2,8,-1,-1,-1
2018010120783,1,9,0,-1,-1,-1,-1,-1,-1,-1,-1,-1,6,2,38,7,1598,1,7,3,1,3
2018010120784,1,3,0,18,0,0,0,0,0,0,1,1,6,3,-1,-1,125,1,1,-1,-1,-1
2018010120784,2,1,0,18,0,0,0,0,0,0,1,1,6,1,19,4,-1,-1,-1,1,1,1
2018010120785,1,11,0,-1,-1,-1,-1,-1,-1,-1,-1,-1,6,1,39,7,4500,2,4,2,1,2
2018010120787,1,3,0,-1,-1,0,-1,-1,-1,-1,-1,1,6,1,29,6,102,1,14,4,1,4
2018010120787,2,9,0,-1,-1,0,-1,-1,-1,-1,1,-1,6,3,-1,-1,1596,1,9,-1,-1,-1
2018010120790,1,9,0,10,0,8,0,0,0,0,3,1,1,2,34,6,-1,-1,-1,3,1,3
2018010120790,2,3,0,18,0,1,0,0,0,0,3,1,6,1,16,4,124,1,1,3,1,3
2018010120792,1,9,0,4,0,2,0,0,0,0,0,1,6,2,33,6,1499,1,1,9,1,9
2018010120792,2,1,0,18,0,2,0,0,0,0,0,1,1,1,43,7,-1,-1,-1,-1,-1,-1
2018010120793,1,9,0,4,0,0,0,0,0,0,1,1,6,1,53,8,1988,1,16,1,1,1
2018010120794,1,9,0,7,5,0,0,0,0,0,4,1,6,1,46,8,1198,1,4,5,1,5
2018010120794,2,1,0,18,4,0,0,0,1,0,3,1,4,1,14,3,-1,-1,-1,9,1,9
2018010120795,1,9,0,18,0,1,0,0,0,0,1,1,6,2,45,7,1968,2,1,6,1,6
2018010120795,2,9,0,10,0,1,0,0,0,0,2,1,6,2,60,9,1598,1,-1,4,1,4
2018010120802,1,3,0,15,0,8,0,0,0,0,1,1,2,2,39,7,-1,-1,-1,5,1,5
2018010120802,2,9,0,9,0,8,0,0,0,0,4,1,6,1,25,5,1969,8,2,6,1,6
2018010120806,1,9,0,18,0,0,0,0,0,0,1,1,6,3,-1,-1,-1,-1,-1,-1,-1,-1
2018010120809,1,9,0,-1,-1,-1,-1,-1,-1,-1,2,-1,6,1,47,8,1991,2,6,9,1,9
2018010120809,2,9,-1,-1,0,-1,-1,0,0,0,-1,1,6,3,-1,-1,1596,1,21,-1,-1,-1
2018010120813,1,9,0,7,0,5,0,0,1,0,4,1,3,2,27,6,1199,1,15,7,1,7
2018010120813,2,5,0,7,0,5,0,0,1,0,1,1,6,1,17,4,-1,-1,-1,-1,-1,-1
2018010120816,1,1,-1,-1,-1,-1,-1,-1,-1,-1,-1,1,6,1,27,6,-1,-1,-1,9,1,9
2018010120816,2,9,0,-1,-1,-1,-1,-1,-1,-1,1,-1,6,3,-1,-1,-1,-1,-1,-1,-1,-1
2018010120817,1,9,0,1,0,0,0,0,0,0,2,1,6,1,39,7,1988,1,14,7,3,7
2018010120817,2,5,0,18,0,0,0,0,0,0,1,1,6,1,36,7,745,1,3,6,1,6
2018010120821,1,9,0,18,0,0,0,8,0,0,3,1,6,2,74,10,1368,1,6,10,1,10
2018010120821,2,9,0,2,0,0,0,0,0,0,0,1,6,3,-1,-1,1598,1,8,-1,-1,-1
2018010120822,1,9,0,-1,-1,-1,-1,-1,-1,-1,2,-1,6,1,53,8,998,1,10,4,1,4
2018010120822,2,19,0,-1,-1,-1,-1,-1,-1,-1,1,-1,6,3,65,9,2402,2,12,8,1,8
2018010120829,1,9,0,9,0,2,0,0,0,0,1,1,6,1,36,7,2400,2,6,8,1,8
2018010120829,2,4,0,15,0,1,2,0,0,0,3,1,6,1,42,7,124,1,9,7,1,7
2018010120830,1,9,0,9,0,2,0,0,0,0,3,1,6,2,28,6,1796,1,11,2,1,2
2018010120831,1,9,0,7,0,1,0,0,0,0,1,1,6,1,53,8,-1,-1,-1,10,1,10
2018010120831,2,1,0,13,0,1,0,0,0,0,1,1,6,1,20,4,-1,-1,-1,7,1,7
2018010120832,1,5,0,18,0,2,0,0,0,0,1,1,2,1,32,6,897,1,11,4,1,4
2018010120835,1,9,0,18,0,8,0,0,0,0,1,1,2,2,47,8,1896,2,15,6,1,6
2018010120835,2,9,0,9,0,8,0,0,0,0,1,1,6,1,20,4,1587,1,10,2,1,2
2018010120836,1,21,0,18,0,2,0,0,0,0,1,1,1,1,46,8,9200,2,10,8,2,8
2018010120838,1,5,0,18,0,0,1,0,0,0,1,1,2,1,53,8,1050,1,13,-1,-1,-1
2018010120838,2,19,0,18,0,0,0,0,0,0,2,1,1,1,26,6,2402,2,16,7,2,7
2018010120840,1,1,0,3,0,0,0,0,0,0,1,1,6,1,21,5,-1,-1,-1,4,1,4
2018010120842,1,11,0,5,0,1,0,0,0,0,0,1,1,1,26,6,8268,2,14,3,1,3
2018010120844,1,3,0,-1,-1,-1,-1,-1,-1,-1,-1,1,6,1,32,6,125,1,3,5,1,5
2018010120844,2,9,0,-1,-1,-1,-1,-1,-1,-1,-1,-1,6,3,-1,-1,1595,1,-1,2,1,2
2018010120848,1,3,0,18,0,2,1,0,0,0,2,1,1,1,36,7,125,1,7,6,1,6
2018010120852,1,1,-1,-1,-1,0,-1,-1,-1,-1,-1,1,2,1,32,6,-1,-1,-1,3,1,3
2018010120852,2,9,0,-1,-1,0,-1,-1,-1,-1,1,-1,6,3,-1,-1,2000,2,12,-1,-1,-1
2018010120853,1,9,0,18,0,0,0,0,0,0,1,1,2,2,22,5,1242,1,2,8,1,8
2018010120853,2,19,0,18,0,0,0,0,0,0,2,1,1,1,48,8,2287,2,2,4,1,4
2018010120853,3,9,0,18,0,0,0,0,0,0,2,1,2,2,51,8,1791,8,7,10,2,10
2018010120855,1,9,0,18,0,0,0,0,0,0,1,1,1,2,35,6,1497,8,10,3,1,3
2018010120855,2,19,0,3,0,0,0,0,0,0,2,1,2,1,55,8,1896,2,11,3,1,3
2018010120855,3,9,0,3,0,0,0,0,0,0,2,1,6,2,26,6,1198,1,12,3,1,3
2018010120855,4,9,0,3,0,0,0,0,0,0,2,1,6,2,28,6,1586,1,2,10,1,10
2018010120856,1,2,0,3,0,1,0,0,0,0,1,1,6,1,31,6,124,1,6,3,1,3
2018010120856,2,9,0,7,0,1,0,0,0,0,4,1,6,2,44,7,1798,1,10,2,1,2
2018010120857,1,1,-1,-1,-1,-1,-1,-1,-1,-1,2,1,2,1,35,6,-1,-1,-1,6,1,6
2018010120857,2,9,-1,5,-1,-1,-1,-1,-1,-1,2,-1,6,3,-1,-1,-1,-1,-1,-1,-1,-1
2018010120858,1,19,0,9,0,1,0,0,0,0,3,1,1,1,32,6,1598,2,-1,4,1,4
2018010120858,2,4,0,14,0,1,0,0,0,0,1,1,6,1,37,7,125,1,1,3,1,3
2018010120862,1,19,0,18,9,1,0,0,0,0,1,1,6,1,18,4,1298,1,15,4,1,4
2018010120863,1,9,0,18,0,0,0,11,0,0,1,1,6,1,44,7,1229,1,13,-1,-1,-1
2018010120864,1,9,0,18,0,0,0,0,0,0,2,1,6,2,43,7,1497,1,13,5,1,5
2018010120864,2,4,0,18,0,0,0,0,0,0,1,1,6,1,36,7,125,1,-1,3,1,3
2018010120866,1,9,0,4,0,0,0,0,0,0,2,1,6,2,23,5,2143,2,-1,9,1,9
2018010120866,2,9,0,4,0,0,0,0,0,0,1,1,6,3,-1,-1,-1,-1,-1,-1,-1,-1
2018010120867,1,9,0,18,0,0,0,0,0,0,3,1,1,2,83,11,1198,1,12,4,1,4
2018010120871,1,9,0,18,0,0,0,0,0,0,4,1,6,1,42,7,-1,-1,-1,2,1,2
2018010120871,2,9,0,6,0,0,0,0,0,0,3,1,6,1,29,6,-1,-1,-1,1,1,1
2018010120872,1,9,0,4,0,0,0,8,0,0,4,1,2,1,54,8,1796,1,13,4,1,4
2018010120872,2,5,0,4,0,0,0,8,0,0,1,1,6,1,38,7,745,1,1,8,1,8
2018010120874,1,3,0,5,0,0,0,0,0,0,1,1,6,1,27,6,-1,-1,-1,7,1,7
2018010120875,1,9,0,5,2,0,0,0,0,0,4,1,1,1,40,7,1798,8,1,4,1,4
2018010120875,2,3,0,15,2,0,0,8,0,0,3,1,6,1,45,7,124,1,10,8,1,8
2018010120877,1,9,0,9,0,8,0,0,0,0,1,1,3,2,31,6,1108,1,12,1,1,1
2018010120877,2,1,0,18,0,8,0,0,0,0,1,1,6,1,37,7,-1,-1,-1,2,1,2
2018010120878,1,9,0,9,0,5,0,0,0,0,4,1,2,2,23,5,1799,1,9,3,1,3
2018010120878,2,5,0,18,0,1,2,0,0,0,1,1,6,1,28,6,1000,1,2,5,1,5
2018010120879,1,1,0,18,0,2,0,0,0,0,0,1,2,2,37,7,-1,-1,-1,4,1,4
2018010120881,1,1,0,18,2,1,0,0,3,0,3,1,2,2,29,6,-1,-1,-1,5,1,5
2018010120881,2,19,0,7,2,2,0,0,1,0,2,1,2,1,55,8,2198,2,5,4,1,4
2018010120883,1,9,0,18,0,1,0,0,1,2,1,1,6,1,66,10,998,1,16,6,1,6
2018010120883,2,9,0,9,0,1,0,0,0,0,3,1,6,2,62,9,1149,1,8,10,1,10
2018010120884,1,11,0,5,2,2,0,0,0,0,3,1,1,1,53,8,4500,2,-1,6,1,6
2018010120885,1,9,0,5,0,6,0,0,0,0,1,1,6,1,29,6,2720,2,10,3,1,3
2018010120885,2,9,0,18,0,8,0,7,7,10,4,1,6,1,22,5,1499,1,2,7,1,7
2018010120886,1,9,0,18,0,2,0,0,0,0,1,1,6,3,-1,-1,-1,-1,-1,-1,-1,-1
2018010120887,1,9,0,7,0,8,0,0,0,0,1,1,6,2,46,8,1968,2,5,5,1,5
2018010120891,1,9,0,-1,-1,0,-1,-1,-1,-1,1,-1,6,1,26,6,1497,8,3,3,1,3
2018010120891,2,9,0,-1,-1,0,-1,-1,-1,-1,-1,-1,6,3,-1,-1,-1,-1,-1,-1,-1,-1
2018010120892,1,1,-1,-1,-1,-1,-1,-1,-1,-1,-1,1,6,1,22,5,-1,-1,-1,2,1,2
2018010120892,2,9,0,-1,-1,-1,-1,-1,-1,-1,1,-1,6,3,52,8,1399,1,2,3,1,3
2018010120900,1,11,0,18,0,8,0,0,0,0,1,1,1,1,-1,-1,4500,2,7,7,1,7
2018010120900,2,8,0,18,0,8,0,0,0,0,1,1,1,2,25,5,1798,8,3,4,-1,4
2018010120903,1,8,-1,-1,0,1,-1,-1,-1,-1,2,-1,6,2,25,5,1797,8,3,5,1,5
2018010120903,2,8,0,-1,0,1,-1,-1,-1,-1,1,-1,6,3,34,6,1798,8,-1,4,1,4
2018010120905,1,8,0,-1,-1,-1,-1,-1,-1,-1,1,-1,6,1,44,7,1968,2,3,7,1,7
2018010120905,2,9,0,-1,-1,-1,-1,-1,-1,-1,-1,-1,6,3,-1,-1,1781,1,17,-1,-1,-1
2018010120906,1,8,0,9,0,8,1,0,0,0,1,1,1,1,48,8,2499,2,3,5,1,5
2018010120909,1,9,0,5,0,1,0,0,0,0,1,1,6,2,33,6,2926,2,16,3,1,3
2018010120910,1,9,0,15,0,1,0,0,0,0,1,1,6,1,30,6,2979,1,10,2,1,2
2018010120910,2,1,0,10,0,1,0,0,0,0,1,1,6,1,31,6,-1,-1,-1,6,1,6
2018010120911,1,9,0,18,0,2,0,0,4,4,1,1,6,1,25,5,2143,2,1,3,1,3
2018010120911,2,8,0,7,0,6,0,0,0,0,3,1,2,1,28,6,1997,2,7,5,1,5
2018010120912,1,9,0,5,0,1,0,0,0,0,2,1,6,2,38,7,1395,1,-1,5,1,5
2018010120912,2,19,0,18,0,1,0,0,0,0,1,1,1,1,64,9,-1,-1,-1,3,1,3
2018010120915,1,9,0,4,0,1,0,0,0,0,2,1,6,1,34,6,1598,2,2,7,1,7
2018010120915,2,3,0,4,0,1,1,0,0,0,1,1,1,1,45,7,108,1,2,5,1,5
2018010120915,3,90,0,10,0,1,0,0,0,0,0,1,1,1,36,7,-1,-1,-1,5,1,5
2018010120918,1,9,0,-1,-1,-1,-1,-1,-1,-1,1,-1,6,3,-1,-1,-1,-1,-1,-1,-1,-1
2018010120924,1,9,0,18,0,0,0,0,0,0,1,1,6,1,-1,-1,1950,2,1,-1,-1,-1
2018010120927,1,21,0,18,0,1,0,0,0,0,3,1,1,1,34,6,8710,2,2,7,1,7
2018010120929,1,9,0,18,0,1,0,0,0,0,1,1,2,2,41,7,1596,1,15,6,1,6
2018010120929,2,9,0,18,9,1,0,0,7,0,3,1,6,1,29,6,1198,1,3,8,1,8
2018010120934,1,9,0,9,0,5,0,0,0,0,1,1,6,2,22,5,998,1,5,7,1,7
2018010120934,2,1,0,18,0,1,0,0,0,0,1,1,6,1,30,6,-1,-1,-1,8,1,8
2018010120935,1,9,0,7,0,6,0,0,0,0,4,1,6,3,-1,-1,-1,-1,-1,-1,-1,-1
2018010120938,1,9,0,7,0,6,0,0,0,0,1,1,6,2,31,6,2993,2,7,3,1,3
2018010120938,2,1,0,18,0,1,0,0,0,0,0,1,6,1,42,7,-1,-1,-1,4,1,4
2018010120939,1,11,0,4,2,0,0,0,0,0,0,1,1,1,24,5,4500,2,9,8,1,8
2018010120955,1,11,0,3,0,1,0,0,0,0,3,1,1,1,53,8,-1,3,1,2,1,2
2018010120955,2,9,0,18,0,5,0,0,0,0,4,1,6,2,27,6,1461,2,1,-1,-1,-1
2018010120956,1,9,0,18,0,0,0,0,0,0,1,1,6,2,40,7,2000,1,18,9,1,9
2018010120957,1,9,4,3,0,5,0,0,0,0,3,1,1,1,27,6,-1,-1,-1,6,1,6
2018010120965,1,5,0,-1,-1,-1,-1,-1,-1,-1,-1,1,2,1,52,8,599,1,9,4,1,4
2018010120965,2,19,0,-1,-1,-1,-1,-1,-1,-1,1,-1,6,3,-1,-1,2198,2,4,6,1,6
2018010120966,1,9,0,18,0,0,0,0,0,0,1,1,6,1,27,6,1242,1,12,7,1,7
2018010120966,2,9,0,10,0,0,0,0,0,0,2,1,6,1,44,7,1490,1,-1,5,1,5
2018010120970,1,19,0,9,-1,1,0,-1,-1,0,0,1,1,1,29,6,-1,-1,-1,2,1,2
2018010120970,2,9,0,3,-1,1,-1,0,-1,-1,1,1,6,3,-1,-1,4395,1,-1,-1,-1,-1
2018010120973,1,9,0,-1,-1,-1,-1,-1,-1,-1,-1,-1,6,2,28,6,1995,2,6,5,1,5
2018010120973,2,19,0,-1,-1,-1,-1,-1,-1,-1,-1,-1,6,3,-1,-1,2198,2,4,3,1,3
2018010120975,1,5,0,18,0,0,0,0,0,0,4,1,6,1,58,9,1200,1,21,3,1,3
2018010120975,2,9,0,18,0,0,0,0,0,0,3,1,1,1,35,6,-1,-1,-1,8,3,8
2018010120978,1,3,0,18,0,3,0,0,0,0,1,1,6,1,48,8,125,1,1,4,1,4
2018010120978,2,3,0,-1,0,4,0,0,0,0,1,1,6,3,-1,-1,-1,-1,-1,-1,-1,-1
2018010120979,1,9,0,-1,-1,0,-1,-1,-1,-1,2,-1,2,2,67,10,-1,3,1,9,1,9
2018010120979,2,1,-1,-1,-1,0,-1,-1,-1,-1,2,1,6,3,28,6,-1,-1,-1,8,1,8
2018010120979,3,9,-1,18,0,0,-1,0,0,0,0,-1,6,3,-1,-1,1798,1,3,-1,-1,-1
2018010120982,1,9,0,18,0,8,0,0,0,0,2,1,6,2,33,6,1598,1,15,8,1,8
2018010120982,2,9,0,18,0,1,0,0,0,0,1,1,6,1,74,10,2720,2,10,9,1,9
2018010120984,1,9,0,18,0,1,0,0,0,0,1,1,6,2,37,7,2143,2,2,8,1,8
2018010120984,2,8,0,9,0,6,5,0,0,0,3,1,1,1,57,9,1997,2,4,2,1,2
2018010120991,1,9,0,-1,-1,-1,-1,-1,-1,-1,1,-1,6,3,-1,-1,647,8,1,8,1,8
2018010120993,1,9,0,-1,-1,0,-1,-1,-1,-1,-1,-1,6,1,31,6,1368,1,10,4,1,4
2018010120993,2,9,-1,-1,-1,0,-1,-1,-1,-1,-1,-1,6,3,-1,-1,-1,-1,-1,-1,-1,-1
2018010120998,1,1,-1,-1,-1,-1,-1,-1,-1,-1,-1,1,6,1,24,5,-1,-1,-1,3,1,3
2018010120998,2,9,0,-1,-1,-1,-1,-1,-1,-1,-1,-1,6,3,-1,-1,-1,-1,-1,-1,-1,-1
2018010121001,1,9,0,4,0,1,0,0,0,0,0,1,6,1,33,6,2184,2,2,7,1,7
2018010121001,2,9,0,3,0,1,0,0,0,0,1,1,6,1,60,9,1399,1,2,4,1,4
2018010121001,3,9,0,4,0,1,0,0,0,0,1,1,6,1,60,9,1595,1,2,7,1,7
2018010121001,4,9,0,9,0,2,0,0,0,0,0,1,1,3,-1,-1,-1,-1,-1,-1,-1,-1
2018010121003,1,9,0,-1,-1,0,-1,-1,-1,-1,1,-1,6,3,41,7,796,1,10,2,1,2
2018010121007,1,3,0,18,0,0,-1,0,0,0,2,1,6,1,37,7,125,1,2,3,1,3
2018010121007,2,8,0,-1,-1,0,-1,-1,-1,-1,1,-1,6,3,-1,-1,-1,-1,-1,-1,-1,-1
2018010121011,1,9,0,18,0,1,1,0,0,0,1,1,6,1,52,8,1998,2,8,4,1,4
2018010121011,2,9,0,18,0,1,0,0,0,0,3,1,6,1,51,8,1598,2,7,3,1,3
2018010121011,3,9,0,4,0,1,0,0,0,0,1,1,6,2,31,6,1598,2,2,7,1,7
2018010121012,1,8,0,-1,-1,-1,-1,-1,-1,-1,2,-1,2,1,37,7,-1,3,3,5,-1,5
2018010121012,2,9,0,-1,-1,-1,-1,-1,-1,-1,1,-1,6,3,28,6,1595,1,-1,-1,-1,-1
2018010121014,1,9,0,9,0,0,0,0,0,0,3,1,6,2,51,8,1598,1,14,10,1,10
2018010121014,2,9,0,18,0,0,0,0,7,0,1,1,6,1,43,7,1797,8,7,10,1,10
2018010121014,3,9,0,2,0,0,0,0,0,0,2,1,6,3,-1,-1,1197,1,4,-1,-1,-1
2018010121016,1,9,0,16,0,8,0,0,0,0,3,1,6,1,28,6,2993,2,2,2,1,2
2018010121016,2,9,0,17,0,8,0,0,0,0,3,1,6,2,49,8,1998,2,10,6,1,6
2018010121022,1,1,-1,-1,-1,-1,-1,-1,-1,-1,-1,1,6,1,60,9,-1,-1,-1,7,1,7
2018010121022,2,9,0,-1,-1,-1,-1,-1,-1,-1,-1,-1,6,3,-1,-1,1390,1,14,4,1,4
2018010121026,1,9,0,-1,-1,0,-1,-1,-1,-1,2,-1,6,2,31,6,1799,1,12,6,3,6
2018010121026,2,9,0,-1,-1,0,-1,-1,-1,-1,1,-1,6,3,-1,-1,1686,2,9,-1,-1,-1
2018010121026,3,9,0,-1,-1,0,-1,-1,-1,-1,2,-1,6,3,-1,-1,1968,2,3,-1,-1,-1
2018010121027,1,9,0,4,0,2,0,0,0,0,1,1,6,1,48,8,-1,-1,-1,3,1,3
2018010121027,2,2,0,9,0,1,0,0,0,0,3,1,1,1,24,5,49,1,3,3,1,3
2018010121029,1,1,-1,-1,-1,-1,-1,-1,-1,-1,1,1,6,1,29,6,-1,-1,-1,3,1,3