Accident_Index,Vehicle_Reference,Vehicle_Type,Towing_and_Articulation,Vehicle_Manoeuvre,Vehicle_Location-Restricted_Lane,Junction_Location,Skidding_and_Overturning,Hit_Object_in_Carriageway,Vehicle_Leaving_Carriageway,Hit_Object_off_Carriageway,1st_Point_of_Impact,Was_Vehicle_Left_Hand_Drive?,Journey_Purpose_of_Driver,Sex_of_Driver,Age_of_Driver,Age_Band_of_Driver,Engine_Capacity_(CC),Propulsion_Code,Age_of_Vehicle,Driver_IMD_Decile,Driver_Home_Area_Type,Vehicle_IMD_Decile
2018010121029,2,9,0,-1,-1,-1,-1,-1,-1,-1,1,-1,6,3,-1,-1,1796,1,19,-1,-1,-1
2018010121033,1,9,0,10,0,0,0,0,0,0,2,1,6,2,50,8,3456,8,5,10,1,10
2018010121033,2,9,0,14,0,0,0,0,0,0,1,1,1,2,26,6,1560,2,4,8,1,8
2018010121038,1,9,0,-1,-1,0,-1,-1,-1,-1,-1,-1,6,2,28,6,-1,-1,-1,4,1,4
2018010121038,2,9,-1,-1,-1,0,-1,-1,-1,-1,-1,-1,6,1,-1,-1,1995,2,14,3,1,3
2018010121040,1,3,0,15,0,1,0,0,0,0,4,1,6,1,24,5,125,1,1,6,1,6
2018010121040,2,9,0,7,0,1,0,0,0,0,4,1,6,2,25,5,1598,2,4,3,1,3
2018010121042,1,9,0,9,0,6,0,0,0,0,0,1,6,2,55,8,1349,1,9,4,1,4
2018010121042,2,9,0,5,0,1,1,0,0,0,1,1,6,1,33,6,1598,1,11,5,1,5
2018010121044,1,9,0,5,0,3,0,0,0,0,4,1,6,1,52,8,1339,8,8,3,1,3
2018010121045,1,2,0,18,0,1,0,0,0,0,1,1,1,1,18,4,108,1,5,3,1,3
2018010121048,1,3,0,13,0,1,0,0,0,0,4,1,1,1,35,6,124,1,3,-1,-1,-1
2018010121048,2,9,0,5,0,1,0,0,0,0,1,1,1,1,39,7,1797,8,4,2,1,2
2018010121052,1,8,0,-1,-1,0,-1,-1,-1,-1,2,-1,6,1,41,7,2143,2,6,6,1,6
2018010121052,2,3,0,-1,-1,0,-1,-1,-1,-1,-1,1,6,3,-1,-1,125,1,7,-1,-1,-1
2018010121053,1,9,0,5,0,2,0,0,0,0,1,1,2,1,55,8,2995,1,3,5,1,5
2018010121054,1,9,0,9,0,2,0,10,7,10,1,1,6,1,76,11,1192,1,-1,3,1,3
2018010121061,1,5,0,13,0,8,0,0,0,0,4,1,6,1,35,6,-1,-1,-1,5,1,5
2018010121061,2,19,0,9,0,8,0,0,0,0,3,2,6,1,32,6,-1,-1,-1,9,1,9
2018010121066,1,9,0,4,0,1,0,0,0,0,1,1,6,1,38,7,1396,1,17,7,1,7
2018010121066,2,9,0,18,0,8,0,0,0,0,4,1,6,1,28,6,1596,1,5,2,1,2
2018010121072,1,3,0,18,0,2,0,0,0,0,1,1,1,1,25,5,-1,-1,-1,8,1,8
2018010121072,2,9,0,18,0,1,0,0,0,0,3,1,6,3,-1,-1,1956,2,-1,-1,-1,-1
2018010121072,3,9,0,2,0,1,0,0,0,0,3,1,6,3,-1,-1,1995,1,12,-1,-1,-1
2018010121072,4,9,0,2,0,1,0,0,0,0,2,1,6,3,-1,-1,1339,1,14,-1,-1,-1
2018010121072,5,9,0,2,0,1,0,0,0,0,2,1,6,3,-1,-1,1560,2,9,-1,-1,-1
2018010121073,1,8,0,-1,-1,-1,-1,-1,-1,-1,-1,1,6,1,50,8,1598,2,6,-1,-1,-1
2018010121073,2,9,0,18,0,2,-1,-1,0,0,1,1,6,3,-1,-1,1596,1,19,-1,-1,-1
2018010121076,1,9,0,18,0,2,0,0,0,0,1,1,6,1,22,5,2996,1,11,5,1,5
2018010121078,1,8,0,5,0,0,0,0,0,0,1,1,1,1,59,9,2499,2,8,9,1,9
2018010121078,2,1,0,18,0,0,0,0,0,0,4,1,6,2,21,5,-1,-1,-1,4,1,4
2018010121081,1,9,0,18,0,1,0,0,1,10,1,1,6,1,25,5,-1,-1,-1,6,1,6
2018010121081,2,9,0,18,0,1,0,0,0,0,4,1,6,3,-1,-1,1992,2,11,-1,-1,-1
2018010121083,1,8,0,3,0,1,0,4,0,0,1,1,2,1,40,7,1560,2,4,4,1,4
2018010121083,2,1,0,18,0,2,0,4,0,0,1,1,6,1,25,5,-1,-1,-1,8,1,8
2018010121087,1,9,0,7,0,3,0,0,0,0,1,1,6,3,-1,-1,1956,2,5,-1,-1,-1
2018010121087,2,3,0,18,0,4,0,0,0,0,1,1,6,1,27,6,108,1,9,9,1,9
2018010121088,1,9,0,11,0,8,0,10,0,0,4,1,6,1,38,7,2687,1,13,7,1,7
2018010121089,1,9,0,10,0,2,0,0,0,0,2,1,1,1,39,7,3400,6,19,4,1,4
2018010121089,2,8,0,18,0,8,0,0,0,0,1,1,1,1,57,9,1598,1,6,3,1,3
2018010121091,1,9,0,18,0,1,0,0,0,0,1,1,6,2,38,7,1499,1,1,5,1,5
2018010121091,2,9,0,18,0,1,0,0,0,0,1,1,6,2,45,7,1461,2,2,8,1,8
2018010121091,3,9,0,18,0,1,0,0,0,0,1,1,6,2,53,8,1398,1,10,8,1,8
2018010121094,1,9,0,10,0,4,0,0,0,0,2,1,6,2,31,6,1598,2,3,8,1,8
2018010121094,2,9,0,18,0,4,0,0,0,0,1,1,6,1,37,7,2143,2,6,10,1,10
2018010121096,1,9,0,18,0,1,0,4,0,0,4,1,6,1,38,7,1984,1,-1,2,1,2
2018010121096,2,9,0,2,0,1,0,0,0,0,2,1,6,3,-1,-1,-1,-1,-1,-1,-1,-1
2018010121103,1,9,0,2,0,0,0,0,0,0,0,1,6,3,-1,-1,1796,1,15,-1,-1,-1
2018010121103,2,1,0,18,0,0,0,4,0,0,1,1,6,1,81,11,-1,-1,-1,10,1,10
2018010121117,1,1,-1,-1,-1,0,-1,-1,-1,-1,2,1,6,1,17,4,-1,-1,-1,4,1,4
2018010121117,2,9,0,18,0,0,5,0,0,0,4,-1,6,2,54,8,1560,2,1,2,1,2
2018010121120,1,9,0,-1,-1,-1,-1,-1,-1,-1,-1,-1,2,1,39,7,1390,1,15,4,1,4
2018010121123,1,9,0,9,0,5,0,0,0,0,1,1,6,1,26,6,1998,1,12,9,1,9
2018010121123,2,1,0,18,0,1,0,0,0,0,1,1,6,1,54,8,-1,-1,-1,8,1,8
2018010121125,1,1,-1,-1,-1,-1,-1,-1,-1,-1,-1,1,6,1,31,6,-1,-1,-1,1,1,1
2018010121126,1,9,0,5,0,1,0,0,0,0,3,1,6,1,37,7,-1,-1,-1,2,1,2
2018010121131,1,9,0,18,0,1,0,0,0,0,2,1,6,1,67,10,1598,2,4,10,1,10
2018010121131,2,9,0,18,0,1,0,0,0,0,2,1,6,1,41,7,2494,8,4,10,1,10
2018010121131,3,9,0,18,0,1,0,0,0,0,1,1,6,1,23,5,1995,2,10,10,1,10
2018010121132,1,9,0,16,0,0,0,4,0,0,1,1,6,1,24,5,1598,1,16,9,1,9
2018010121132,2,9,0,2,0,0,0,0,0,0,0,1,6,3,-1,-1,1339,1,8,-1,-1,-1
2018010121132,3,9,0,2,0,0,0,0,0,0,0,1,6,3,-1,-1,1988,1,18,-1,-1,-1
2018010121132,4,9,0,2,0,0,0,0,0,0,0,1,6,3,-1,-1,1198,1,12,-1,-1,-1
2018010121132,5,9,0,2,0,0,0,0,0,0,0,1,6,3,-1,-1,1497,8,14,-1,-1,-1
2018010121133,1,8,0,11,0,1,0,0,0,0,4,1,6,3,-1,-1,1797,8,6,-1,-1,-1
2018010121133,2,1,0,18,0,1,0,0,0,0,3,1,2,1,35,6,-1,-1,-1,2,1,2
2018010121138,1,9,0,3,0,1,0,0,0,0,2,1,6,1,25,5,1995,2,17,3,1,3
2018010121138,2,9,0,18,0,1,0,0,0,0,1,1,6,1,24,5,1995,2,11,4,1,4
2018010121139,1,9,0,4,0,1,0,11,0,0,1,1,6,2,44,7,2967,2,12,9,1,9
2018010121139,2,9,0,18,0,1,0,11,0,0,1,1,6,3,-1,-1,-1,-1,-1,-1,-1,-1
2018010121148,1,1,-1,18,-1,0,-1,-1,-1,-1,-1,1,2,1,23,5,-1,-1,-1,9,1,9
2018010121148,2,9,0,9,-1,0,-1,-1,-1,-1,3,-1,6,1,-1,-1,-1,-1,-1,-1,-1,-1
2018010121152,1,19,0,10,0,2,0,0,1,0,3,1,6,1,45,7,1968,2,-1,4,1,4
2018010121152,2,3,0,13,0,1,0,0,0,0,4,1,2,1,36,7,125,1,9,3,1,3
2018010121154,1,1,-1,-1,-1,-1,-1,-1,-1,-1,-1,1,6,1,26,6,-1,-1,-1,7,1,7
2018010121154,2,9,-1,-1,-1,-1,-1,-1,-1,-1,-1,-1,6,3,-1,-1,-1,-1,-1,-1,-1,-1
2018010121168,1,4,0,18,0,8,0,8,0,0,2,1,2,1,45,7,125,1,2,2,1,2
2018010121168,2,9,0,18,0,8,0,0,0,0,2,1,2,1,33,6,1364,1,11,2,1,2
2018010121168,3,9,0,2,0,8,0,0,0,0,0,1,6,3,-1,-1,1797,8,6,-1,-1,-1
2018010121172,1,11,0,18,0,1,0,0,0,0,0,1,1,1,45,7,6692,2,5,3,1,3
2018010121178,1,9,0,18,-1,-1,-1,-1,-1,-1,3,-1,6,2,53,8,1595,1,4,3,1,3
2018010121179,1,9,0,9,0,8,0,0,0,0,1,1,6,1,39,7,1968,2,3,-1,-1,-1
2018010121179,2,9,0,18,0,8,0,0,0,0,1,1,6,1,27,6,2143,2,6,3,1,3
2018010121180,1,9,0,-1,-1,-1,-1,-1,-1,-1,2,-1,6,1,53,8,1910,2,10,2,1,2
2018010121180,2,9,0,-1,-1,-1,-1,-1,-1,-1,1,-1,6,3,-1,-1,1781,1,17,-1,-1,-1
2018010121181,1,5,0,4,0,1,5,0,0,0,0,1,6,1,33,6,645,1,11,3,1,3
2018010121181,2,9,0,9,0,1,0,0,0,0,0,1,6,1,-1,-1,1910,2,11,5,1,5
2018010121186,1,9,-1,18,-1,0,-1,-1,-1,-1,-1,-1,6,3,-1,-1,2143,2,5,-1,1,-1
2018010121187,1,9,0,5,0,8,0,0,0,0,4,1,1,1,70,10,-1,-1,-1,2,1,2
2018010121187,2,3,0,5,0,8,0,0,0,0,3,1,6,1,29,6,107,1,5,7,1,7
2018010121188,1,3,0,18,0,0,5,0,0,0,2,1,1,1,28,6,125,1,3,1,1,1
2018010121188,2,9,0,18,0,0,0,0,0,0,1,1,6,3,-1,-1,1998,1,1,-1,-1,-1
2018010121192,1,9,0,18,0,2,0,0,0,0,1,1,6,2,70,10,2000,2,13,4,2,4
2018010121194,1,9,0,5,0,0,0,0,0,0,2,1,6,1,83,11,1395,1,3,2,1,2
2018010121194,2,9,4,4,0,0,0,0,0,0,1,1,6,1,47,8,2000,1,15,5,1,5
2018010121197,1,8,0,4,0,1,0,0,0,0,2,1,1,1,51,8,2499,2,9,9,1,9
2018010121197,2,9,0,4,0,1,0,0,0,0,2,1,6,1,48,8,3456,8,8,7,1,7
2018010121197,3,9,0,4,0,1,0,0,0,0,1,1,6,1,45,7,2776,2,13,4,1,4
2018010121199,1,9,0,18,0,0,0,0,0,0,2,1,6,1,50,8,-1,-1,-1,5,1,5
2018010121199,2,9,0,18,0,0,0,0,0,0,2,1,6,2,52,8,1995,1,7,8,1,8
2018010121199,3,9,0,18,0,0,0,0,0,0,1,1,6,1,54,8,1997,2,11,3,1,3
2018010121200,1,3,0,18,0,8,0,0,0,0,3,1,1,1,34,6,125,1,3,8,1,8
2018010121200,2,9,0,9,0,8,0,0,0,0,1,1,6,1,19,4,1086,1,10,-1,-1,-1
2018010121202,1,4,0,13,0,1,2,0,7,10,1,1,2,1,33,6,-1,-1,-1,9,1,9
2018010121202,2,9,0,9,0,1,0,0,0,0,3,1,6,1,33,6,1596,1,13,2,1,2
2018010121203,1,9,0,9,0,1,0,0,1,0,1,1,6,1,27,6,1461,2,-1,4,1,4
2018010121203,2,9,0,18,0,1,0,0,0,0,1,1,6,1,25,5,1796,2,6,3,1,3
2018010121204,1,9,0,9,0,1,0,0,0,0,1,1,6,2,51,8,1598,1,1,4,1,4
2018010121204,2,9,0,18,0,1,0,0,0,0,1,1,6,1,31,6,-1,-1,-1,7,1,7
2018010121209,1,9,0,6,0,0,0,0,0,0,1,1,6,1,21,5,999,1,2,2,1,2
2018010121209,2,3,0,18,0,0,0,0,0,0,4,1,6,1,38,7,125,1,3,3,1,3
2018010121210,1,9,0,-1,-1,-1,-1,-1,-1,-1,1,-1,6,1,28,6,1598,2,2,2,1,2
2018010121210,2,19,-1,4,0,1,-1,0,0,0,2,-1,6,3,-1,-1,-1,-1,-1,-1,-1,-1
2018010121213,1,90,0,18,0,0,0,4,0,0,1,1,6,1,26,6,-1,-1,-1,7,1,7
2018010121213,2,9,0,18,0,0,0,0,0,0,2,1,6,2,37,7,1395,1,1,3,1,3
2018010121216,1,9,0,18,0,0,0,0,0,0,1,1,6,1,19,4,1242,1,12,5,1,5
2018010121216,2,5,0,16,0,0,1,0,0,0,4,1,6,1,31,6,1165,1,14,2,1,2
2018010121218,1,9,0,7,0,1,0,0,0,0,1,1,6,1,23,5,998,1,-1,4,1,4
2018010121218,2,3,0,13,2,1,0,10,0,0,1,1,1,1,29,6,125,1,1,2,1,2
2018010121222,1,9,0,18,0,6,0,0,0,0,3,1,6,1,81,11,1591,1,2,3,1,3
2018010121226,1,9,0,18,0,1,0,0,0,0,1,1,6,1,33,6,1598,2,4,3,1,3
2018010121232,1,9,0,18,0,0,0,0,0,0,1,1,6,2,-1,-1,1240,1,12,2,1,2
2018010121234,1,5,0,18,9,2,0,0,1,10,1,1,6,1,57,9,599,1,19,2,1,2
2018010121236,1,8,0,18,0,8,0,0,0,0,1,1,1,1,42,7,1995,2,5,4,1,4
2018010121236,2,1,0,18,0,8,0,0,0,0,4,1,6,2,19,4,-1,-1,-1,2,1,2
2018010121237,1,2,0,18,0,1,2,0,0,0,1,1,6,1,33,6,125,1,4,3,1,3
2018010121238,1,9,0,18,0,1,0,0,0,0,4,1,1,1,54,8,1968,2,7,1,1,1
2018010121238,2,19,0,18,0,1,0,0,0,0,3,1,1,1,48,8,2143,2,-1,-1,-1,-1
2018010121245,1,9,0,-1,-1,-1,-1,-1,-1,-1,-1,-1,2,1,26,6,2143,2,2,5,1,5
2018010121245,2,9,0,-1,-1,-1,-1,-1,-1,-1,1,-1,6,3,-1,-1,1685,2,2,-1,-1,-1
2018010121250,1,8,0,18,0,8,0,0,0,0,4,1,1,1,59,9,1598,1,7,3,1,3
2018010121250,2,1,0,18,0,8,1,0,0,0,1,1,2,1,24,5,-1,-1,-1,6,1,6
2018010121278,1,11,0,4,0,1,0,0,0,0,0,1,6,1,57,9,4500,2,-1,6,1,6
2018010121280,1,9,0,3,0,4,0,0,0,0,2,1,1,1,36,7,1390,1,4,7,1,7
2018010121280,2,9,0,4,0,4,0,0,0,0,1,1,1,2,25,5,-1,-1,-1,7,1,7
2018010121281,1,9,0,9,0,6,0,0,0,0,1,1,6,1,31,6,1999,2,2,4,1,4
2018010121281,2,1,0,5,0,1,0,0,1,0,1,1,6,1,33,6,-1,-1,-1,-1,-1,-1
2018010121284,1,9,0,18,0,1,0,0,0,0,1,1,2,2,22,5,1229,1,3,7,1,7
2018010121284,2,11,0,4,0,1,0,0,0,0,2,1,1,1,66,10,9600,2,17,4,1,4
2018010121286,1,9,0,-1,-1,-1,-1,-1,-1,-1,-1,-1,6,2,55,8,1398,1,6,3,1,3
2018010121286,2,90,0,-1,-1,-1,-1,-1,-1,-1,1,-1,6,3,-1,-1,-1,-1,-1,-1,-1,-1
2018010121292,1,8,0,9,0,8,0,0,0,0,4,1,1,1,77,11,2499,2,5,10,1,10
2018010121293,1,1,0,18,0,1,0,0,0,0,2,1,2,1,54,8,-1,-1,-1,3,1,3
2018010121293,2,9,0,18,0,1,0,0,0,0,1,1,2,2,25,5,1390,1,7,2,1,2
2018010121296,1,9,-1,-1,-1,0,-1,-1,-1,-1,-1,-1,6,2,21,5,1995,2,7,3,1,3
2018010121298,1,9,0,4,0,1,0,0,0,0,1,1,6,2,41,7,1240,1,13,1,1,1
2018010121299,1,21,1,2,0,0,0,0,0,0,3,1,6,3,-1,-1,-1,-1,-1,-1,-1,-1
2018010121299,2,19,0,18,0,0,0,0,0,0,3,1,1,1,51,8,-1,-1,-1,2,1,2
2018010121303,1,11,0,5,0,1,0,0,0,0,0,1,1,1,28,6,4461,2,4,2,1,2
2018010121309,1,9,0,9,0,6,0,0,0,0,1,1,6,2,32,6,1910,2,11,2,1,2
2018010121314,1,9,0,2,0,0,0,0,0,0,2,1,6,3,-1,-1,1956,2,4,-1,-1,-1
2018010121314,2,19,0,2,0,0,0,0,0,0,4,1,6,3,-1,-1,1896,2,13,-1,-1,-1
2018010121314,3,9,0,2,0,0,0,0,0,0,3,1,6,3,-1,-1,1796,1,17,-1,-1,-1
2018010121314,4,9,0,14,0,0,0,4,0,0,1,1,6,1,59,9,1390,1,7,4,1,4
2018010121316,1,9,0,18,0,1,0,0,0,0,4,1,6,2,49,8,1318,1,2,6,1,6
2018010121320,1,9,0,5,0,1,0,0,0,0,1,1,6,2,24,5,999,1,-1,2,1,2
2018010121320,2,9,0,18,0,1,0,0,0,0,3,1,6,2,-1,-1,1598,1,1,3,1,3
2018010121321,1,4,0,15,0,0,-1,8,0,0,1,1,6,1,28,6,471,1,2,2,1,2
2018010121321,2,8,0,3,0,0,-1,0,0,0,4,1,6,1,47,8,1790,8,6,2,1,2
2018010121340,1,9,0,18,0,3,0,0,0,0,0,1,6,1,47,8,1590,1,17,3,1,3
2018010121340,2,9,0,18,0,3,0,0,0,0,2,1,6,1,78,11,1318,1,2,3,1,3
2018010121340,3,9,0,18,0,3,0,0,0,0,1,1,6,1,58,9,1598,1,5,3,1,3
2018010121340,4,19,0,18,0,3,0,0,0,0,1,1,6,1,48,8,1560,2,3,6,1,6
2018010121344,1,9,0,-1,-1,-1,-1,-1,-1,-1,-1,-1,6,1,30,6,2143,2,3,4,1,4
2018010121344,2,20,0,-1,-1,-1,-1,-1,-1,-1,-1,-1,6,3,35,6,-1,-1,-1,3,1,3
2018010121346,1,9,0,3,0,0,0,0,0,0,2,1,6,2,53,8,1198,1,5,5,1,5
2018010121346,2,9,0,18,0,0,0,0,0,0,1,1,6,1,25,5,1598,1,12,3,1,3
2018010121348,1,19,0,2,0,0,0,0,0,0,4,1,6,3,-1,-1,1598,2,3,-1,-1,-1
2018010121348,2,1,0,18,0,0,0,8,0,0,4,1,6,1,45,7,-1,-1,-1,2,1,2
2018010121350,1,9,0,1,0,0,0,0,0,0,2,1,6,1,-1,-1,1797,8,6,5,1,5
2018010121351,1,9,0,-1,-1,-1,-1,-1,-1,-1,2,-1,2,2,18,4,1364,1,10,8,1,8
2018010121351,2,9,0,-1,-1,-1,-1,-1,-1,-1,1,-1,6,3,-1,-1,1769,1,13,-1,-1,-1
2018010121352,1,1,-1,-1,-1,0,-1,-1,-1,-1,1,1,6,1,35,6,-1,-1,-1,5,1,5
2018010121352,2,9,0,-1,-1,0,-1,-1,-1,-1,-1,-1,6,3,-1,-1,1984,1,1,5,1,5
2018010121357,1,9,0,-1,-1,-1,-1,-1,-1,-1,1,-1,6,1,17,4,1499,8,2,7,1,7
2018010121357,2,9,0,-1,-1,-1,-1,-1,-1,-1,-1,-1,6,1,50,8,-1,-1,-1,5,1,5
2018010121359,1,9,0,18,0,2,0,0,0,0,4,1,3,2,53,8,1339,8,11,8,1,8
2018010121359,2,1,0,5,0,1,0,0,0,0,1,1,4,1,11,3,-1,-1,-1,8,1,8
2018010121361,1,9,0,5,0,6,0,0,0,0,1,1,6,1,19,4,1248,2,12,1,1,1
2018010121361,2,1,0,18,0,6,0,0,0,0,1,1,6,1,47,8,-1,-1,-1,3,1,3
2018010121365,1,9,0,18,0,0,0,0,0,0,4,1,6,1,24,5,1956,2,7,10,2,10
2018010121375,1,9,0,5,0,1,0,0,0,0,3,1,6,1,34,6,1497,8,11,2,1,2
2018010121382,1,9,0,18,0,0,0,0,0,0,1,1,2,2,32,6,1248,2,5,4,1,4
2018010121382,2,9,0,2,0,0,0,0,0,0,0,1,6,3,-1,-1,1988,1,16,-1,-1,-1
2018010121384,1,9,0,12,0,2,0,0,0,0,1,1,1,1,46,8,-1,-1,-1,4,1,4
2018010121384,2,3,0,18,0,2,5,0,0,0,4,1,6,1,55,8,279,1,7,2,1,2
2018010121387,1,9,0,5,0,1,0,4,1,0,3,1,6,1,24,5,1596,1,11,3,1,3
2018010121387,2,9,0,5,0,1,0,0,0,0,1,1,6,1,38,7,1968,2,8,3,1,3
2018010121387,3,9,0,2,9,1,0,0,0,0,1,2,6,3,-1,-1,1995,2,12,-1,-1,-1
2018010121387,4,9,0,2,9,2,0,0,0,0,2,1,6,3,-1,-1,1242,1,8,-1,-1,-1
2018010121388,1,4,0,17,0,3,0,0,0,0,4,1,1,1,44,7,459,1,13,4,1,4
2018010121388,2,9,0,7,0,4,0,0,0,0,1,1,6,1,48,8,1995,2,9,9,1,9
2018010121389,1,9,0,-1,-1,2,-1,-1,-1,-1,2,-1,6,2,33,6,1246,1,10,3,1,3
2018010121389,2,9,0,-1,-1,2,-1,-1,-1,-1,1,-1,6,3,-1,-1,1598,1,12,-1,-1,-1
2018010121390,1,9,0,4,0,1,0,0,0,0,2,1,6,1,44,7,3496,1,21,-1,-1,-1
2018010121390,2,1,0,18,0,1,0,0,0,0,1,1,6,1,32,6,-1,-1,-1,3,1,3
2018010121392,1,9,0,12,0,0,0,0,0,0,3,1,1,1,26,6,1797,8,8,1,1,1
2018010121392,2,5,0,18,0,0,0,0,0,0,4,1,2,1,42,7,599,1,10,4,1,4
2018010121393,1,3,0,18,0,0,0,0,0,0,4,1,2,1,39,7,124,1,4,-1,-1,-1
2018010121393,2,9,0,18,0,0,0,0,0,0,1,1,2,1,23,5,1598,2,3,4,1,4
2018010121395,1,3,0,13,0,8,0,0,0,0,3,1,6,2,24,5,-1,-1,-1,5,1,5
2018010121395,2,9,0,18,0,8,0,0,0,0,3,1,6,1,52,8,1968,2,12,4,1,4
2018010121396,1,8,0,18,2,1,0,0,0,0,1,1,6,1,54,8,2499,2,11,4,1,4
2018010121396,2,9,0,7,2,8,0,0,0,0,2,1,1,2,38,7,1997,2,1,3,1,3
2018010121397,1,8,0,18,0,8,0,0,0,0,1,1,1,1,40,7,1497,8,10,4,1,4
2018010121397,2,1,0,9,0,8,5,0,0,0,1,1,6,1,22,5,-1,-1,-1,-1,-1,-1
2018010121400,1,9,0,9,0,5,1,0,1,0,1,1,6,2,77,11,1318,1,2,4,1,4
2018010121400,2,9,0,15,0,1,0,0,0,0,1,1,6,1,19,4,1997,2,10,-1,-1,-1
2018010121401,1,9,0,-1,-1,0,-1,-1,-1,-1,-1,1,6,2,39,7,1997,2,10,3,1,3
2018010121401,2,9,0,-1,-1,0,-1,-1,-1,-1,-1,1,6,3,-1,-1,999,1,-1,-1,-1,-1
2018010121401,3,9,-1,3,-1,0,-1,-1,-1,0,2,1,6,2,27,6,1395,1,-1,2,1,2
2018010121401,4,9,-1,3,-1,0,-1,-1,-1,-1,-1,1,6,1,-1,-1,1798,8,4,-1,-1,-1
2018010121402,1,19,0,18,0,1,0,0,0,0,1,1,6,1,33,6,2800,2,12,5,1,5
2018010121403,1,9,0,18,0,0,0,0,0,0,1,1,2,3,54,8,1240,1,14,8,1,8
2018010121407,1,1,0,18,0,8,5,0,0,0,1,1,2,2,40,7,-1,-1,-1,5,1,5
2018010121407,2,9,0,5,0,6,0,0,0,0,1,1,6,2,39,7,999,1,11,8,1,8
2018010121409,1,9,0,18,0,1,0,0,0,0,1,1,6,2,33,6,1149,1,10,4,1,4
2018010121409,2,19,0,18,0,1,0,0,0,0,2,1,6,1,49,8,2402,2,12,4,1,4
2018010121413,1,3,0,18,0,2,0,0,1,0,0,1,6,1,19,4,125,1,3,1,1,1
2018010121414,1,9,0,3,0,1,0,0,0,0,1,1,6,2,54,8,1999,2,-1,8,1,8
2018010121414,2,9,0,9,0,1,0,0,0,0,1,1,6,2,36,7,2143,2,9,2,1,2
2018010121414,3,9,0,17,0,1,0,0,0,0,1,1,6,1,19,4,999,1,-1,8,1,8
2018010121415,1,9,0,18,0,0,0,4,0,0,1,1,6,2,27,6,1596,1,16,2,1,2
2018010121415,2,9,0,2,0,0,0,0,0,0,1,1,6,3,-1,-1,999,1,2,-1,-1,-1
2018010121416,1,1,-1,-1,-1,0,-1,-1,-1,-1,-1,1,6,2,33,6,-1,-1,-1,5,1,5
2018010121416,2,20,0,-1,-1,0,-1,-1,-1,-1,-1,-1,6,3,28,6,-1,-1,-1,-1,-1,-1
2018010121417,1,9,0,10,0,1,0,0,0,0,1,1,6,2,19,4,2362,1,14,6,1,6
2018010121417,2,4,0,18,0,1,1,0,0,0,1,1,6,1,-1,-1,249,1,9,5,1,5
2018010121418,1,9,0,9,2,0,0,0,0,0,2,1,6,1,28,6,2179,2,4,2,1,2
2018010121418,2,4,0,18,2,0,0,0,0,0,1,1,6,1,49,8,125,1,9,6,1,6
2018010121422,1,9,0,4,0,8,0,0,0,0,1,1,6,1,23,5,1598,1,12,4,1,4
2018010121422,2,9,0,4,0,8,0,0,0,0,2,1,6,1,32,6,1968,2,10,4,1,4
2018010121423,1,5,0,16,0,3,0,0,0,0,0,1,6,1,23,5,600,1,18,1,1,1
2018010121427,1,3,0,18,0,2,1,0,0,0,3,1,2,1,21,5,124,1,4,2,1,2
2018010121427,2,9,0,9,0,8,0,0,0,0,1,1,6,3,-1,-1,-1,-1,-1,-1,-1,-1
2018010121432,1,21,0,3,0,2,1,0,7,10,1,1,1,1,57,9,-1,-1,-1,1,1,1
2018010121438,1,9,0,9,0,1,0,0,0,0,1,1,1,1,47,8,1896,2,9,2,1,2
2018010121438,2,1,0,13,0,8,0,0,0,0,4,1,2,1,25,5,-1,-1,-1,4,1,4
2018010121442,1,1,0,18,0,1,-1,0,0,0,1,1,2,1,30,6,-1,-1,-1,8,1,8
2018010121442,2,9,0,9,0,1,0,0,0,0,4,-1,6,2,-1,-1,2777,2,9,4,1,4
2018010121443,1,9,0,1,0,8,0,0,0,0,2,-1,6,1,57,9,1242,1,15,3,1,3
2018010121445,1,20,0,16,0,3,2,0,0,0,1,1,1,1,42,7,-1,-1,-1,5,1,5
2018010121445,2,19,0,16,0,3,0,0,0,0,4,1,2,1,44,7,1560,2,1,-1,-1,-1
2018010121445,3,19,0,18,0,4,1,0,0,0,1,1,2,1,24,5,1968,2,-1,-1,-1,-1
2018010121448,1,9,0,18,0,1,0,0,0,0,1,2,1,2,37,7,1995,1,7,7,1,7
2018010121448,2,2,0,18,0,1,0,0,0,0,1,1,1,1,25,5,113,1,3,7,1,7
2018010121454,1,1,-1,-1,-1,-1,-1,-1,-1,-1,1,1,6,1,39,7,-1,-1,-1,2,1,2
2018010121454,2,8,0,-1,-1,-1,-1,-1,-1,-1,-1,-1,6,3,-1,-1,1797,8,4,1,1,1
2018010121457,1,3,0,4,0,1,1,-1,0,0,-1,1,6,1,25,5,-1,-1,-1,3,1,3
2018010121457,2,9,0,1,0,1,0,-1,0,0,-1,-1,6,1,-1,-1,1560,2,-1,-1,-1,-1
2018010121458,1,4,0,3,0,1,0,0,0,0,2,1,6,1,44,7,125,1,1,1,1,1
2018010121458,2,9,0,4,0,1,0,0,0,0,1,1,6,1,26,6,1796,1,14,4,1,4
2018010121459,1,5,0,3,0,1,0,0,0,0,0,1,6,1,69,10,125,1,1,9,1,9
2018010121460,1,9,0,7,0,2,0,0,0,0,4,1,6,1,66,10,1124,1,17,5,1,5
2018010121460,2,3,0,18,0,1,0,0,0,0,3,1,6,1,24,5,652,1,5,1,1,1
2018010121461,1,9,0,18,0,4,0,0,0,0,1,1,2,1,71,10,1560,2,12,10,1,10