Accident_Index,Vehicle_Reference,Vehicle_Type,Towing_and_Articulation,Vehicle_Manoeuvre,Vehicle_Location-Restricted_Lane,Junction_Location,Skidding_and_Overturning,Hit_Object_in_Carriageway,Vehicle_Leaving_Carriageway,Hit_Object_off_Carriageway,1st_Point_of_Impact,Was_Vehicle_Left_Hand_Drive?,Journey_Purpose_of_Driver,Sex_of_Driver,Age_of_Driver,Age_Band_of_Driver,Engine_Capacity_(CC),Propulsion_Code,Age_of_Vehicle,Driver_IMD_Decile,Driver_Home_Area_Type,Vehicle_IMD_Decile
2018010121461,2,1,0,18,0,3,1,0,0,0,3,1,2,1,36,7,-1,-1,-1,1,1,1
2018010121462,1,9,0,-1,-1,-1,-1,-1,-1,-1,3,-1,2,1,47,8,1997,2,1,3,1,3
2018010121462,2,1,-1,-1,-1,-1,-1,-1,-1,-1,1,1,6,1,-1,-1,-1,-1,-1,9,1,9
2018010121464,1,19,0,18,0,1,0,0,0,0,3,1,1,1,41,7,2998,2,2,4,1,4
2018010121464,2,1,0,18,0,1,0,8,0,0,4,1,1,2,30,6,-1,-1,-1,3,2,3
2018010121467,1,1,-1,-1,-1,-1,-1,-1,-1,-1,1,1,2,1,37,7,-1,-1,-1,5,1,5
2018010121467,2,9,0,-1,-1,-1,-1,-1,-1,-1,1,-1,6,3,-1,-1,1998,1,15,3,1,3
2018010121470,1,3,0,14,0,1,0,0,0,0,1,1,2,1,30,6,124,1,7,3,1,3
2018010121470,2,9,0,18,0,7,0,0,0,0,1,1,6,1,56,9,1388,1,17,1,1,1
2018010121472,1,1,-1,-1,0,0,0,0,-1,-1,-1,1,2,1,43,7,-1,-1,-1,8,1,8
2018010121472,2,9,0,-1,-1,0,-1,-1,-1,-1,-1,-1,6,3,-1,-1,-1,-1,-1,-1,-1,-1
2018010121474,1,9,-1,9,0,1,-1,-1,0,0,-1,1,6,2,31,6,898,1,2,7,1,7
2018010121474,2,3,0,13,0,1,-1,-1,0,0,-1,1,1,1,-1,-1,125,1,7,1,1,1
2018010121475,1,9,0,11,0,2,0,0,0,0,1,1,6,1,30,6,1395,1,-1,8,1,8
2018010121475,2,1,0,18,0,2,0,0,0,0,2,1,2,1,69,10,-1,-1,-1,3,1,3
2018010121476,1,9,0,9,0,0,0,0,0,0,3,1,1,1,38,7,1968,2,4,4,1,4
2018010121476,2,3,0,13,0,0,0,0,0,0,1,1,1,1,40,7,124,1,9,3,1,3
2018010121479,1,3,0,13,0,8,0,0,0,0,4,1,6,1,29,6,883,1,3,2,1,2
2018010121479,2,9,-1,9,0,8,0,0,0,0,3,-1,6,2,-1,-1,1969,1,-1,9,1,9
2018010121484,1,19,0,13,9,2,0,0,7,0,1,1,6,1,44,7,1995,2,11,1,1,1
2018010121485,1,19,0,5,0,6,0,0,0,0,3,1,1,1,41,7,2198,2,5,2,1,2
2018010121495,1,9,0,18,0,1,0,0,0,0,4,1,6,1,45,7,-1,-1,-1,2,1,2
2018010121495,2,9,0,7,0,6,0,0,0,0,1,2,6,2,77,11,1997,1,19,7,1,7
2018010121496,1,9,0,9,9,0,0,0,0,0,4,1,6,1,38,7,-1,-1,-1,10,1,10
2018010121496,2,1,0,18,9,0,0,0,0,0,1,1,6,1,50,8,-1,-1,-1,9,1,9
2018010121496,3,20,0,3,0,0,0,0,0,0,0,1,1,2,47,8,-1,-1,-1,3,1,3
2018010121497,1,8,0,-1,-1,-1,-1,-1,-1,-1,2,-1,6,1,42,7,1798,8,4,4,1,4
2018010121497,2,9,0,-1,-1,-1,-1,-1,-1,-1,1,-1,6,3,-1,-1,1339,8,9,-1,-1,-1
2018010121498,1,2,0,18,0,1,5,0,0,0,1,1,1,1,25,5,108,1,-1,2,1,2
2018010121498,2,9,0,9,0,2,0,0,0,0,4,1,6,1,48,8,1998,1,12,1,1,1
2018010121499,1,9,0,18,0,1,0,0,0,0,3,1,2,1,33,6,999,1,1,6,1,6
2018010121499,2,5,0,18,0,1,0,0,0,0,4,1,2,1,55,8,675,1,1,4,1,4
2018010121503,1,9,0,9,0,1,0,0,0,0,4,1,6,1,23,5,1197,1,1,6,1,6
2018010121503,2,90,0,18,0,1,0,0,0,0,1,1,1,2,32,6,1997,2,1,5,1,5
2018010121504,1,9,0,-1,-1,0,-1,-1,-1,-1,1,-1,6,1,23,5,2171,1,14,7,1,7
2018010121507,1,9,0,7,0,2,0,0,0,0,3,1,6,1,47,8,1797,8,4,2,1,2
2018010121507,2,3,0,18,0,1,1,0,0,0,1,1,6,1,27,6,125,1,4,2,1,2
2018010121507,3,9,0,2,0,1,0,0,0,0,3,1,6,3,-1,-1,2688,2,18,-1,-1,-1
2018010121507,4,9,0,18,0,2,0,0,0,0,1,2,6,2,52,8,1598,1,7,5,1,5
2018010121509,1,3,0,18,9,1,0,4,0,0,2,1,1,1,35,6,125,1,5,8,1,8
2018010121509,2,19,0,3,0,8,0,0,0,0,0,1,1,1,36,7,2198,2,3,6,1,6
2018010121510,1,11,0,5,0,8,0,0,0,0,0,1,1,1,47,8,9360,2,6,3,1,3
2018010121511,1,9,0,18,0,0,0,0,0,0,2,1,6,1,39,7,2143,2,7,5,1,5
2018010121511,2,9,0,18,0,0,0,0,0,0,1,1,6,3,-1,-1,1461,2,12,-1,-1,-1
2018010121514,1,11,0,18,0,2,0,0,0,0,3,1,1,1,26,6,5132,2,1,4,1,4
2018010121514,2,1,0,18,0,2,0,0,0,0,4,1,1,1,43,7,-1,-1,-1,3,1,3
2018010121516,1,9,0,3,0,8,0,0,0,0,2,1,6,2,39,7,1339,1,9,10,1,10
2018010121516,2,3,0,18,0,8,0,0,0,0,1,1,6,1,24,5,125,1,1,3,1,3
2018010121518,1,11,0,5,0,1,0,0,0,0,0,1,1,1,44,7,7300,2,13,8,1,8
2018010121519,1,9,0,18,0,-1,0,-1,0,0,3,-1,6,1,32,6,-1,-1,-1,4,1,4
2018010121519,2,90,0,18,0,-1,0,-1,0,0,4,-1,6,3,-1,-1,-1,-1,-1,-1,-1,-1
2018010121521,1,9,0,18,0,8,0,0,0,0,1,1,2,1,59,9,1798,8,-1,9,1,9
2018010121521,2,1,0,18,0,8,0,0,0,0,1,1,2,1,44,7,-1,-1,-1,2,1,2
2018010121523,1,4,0,18,0,0,0,0,0,0,3,1,2,1,42,7,125,1,-1,10,1,10
2018010121523,2,9,0,18,0,0,0,0,0,0,4,1,1,1,29,6,-1,-1,-1,2,1,2
2018010121527,1,9,-1,-1,-1,-1,-1,-1,-1,-1,-1,-1,6,1,35,6,2979,1,3,-1,-1,-1
2018010121527,2,9,-1,-1,-1,-1,-1,-1,-1,-1,-1,-1,6,3,-1,-1,1968,2,7,-1,-1,-1
2018010121528,1,5,0,18,0,1,0,0,0,0,1,1,6,1,20,4,645,1,11,10,2,10
2018010121528,2,9,0,9,0,6,0,0,0,0,1,1,6,1,42,7,1999,2,2,-1,-1,-1
2018010121530,1,21,1,5,0,0,0,0,0,0,1,2,1,1,46,8,-1,-1,-1,-1,-1,-1
2018010121531,1,9,0,18,0,0,0,0,0,0,2,1,6,2,46,8,2987,2,6,6,1,6
2018010121531,2,9,0,18,0,0,0,0,0,0,1,1,6,1,77,11,1598,1,7,9,1,9
2018010121532,1,9,0,17,0,0,0,0,0,0,-1,-1,6,3,-1,-1,-1,-1,-1,-1,-1,-1
2018010121533,1,1,-1,-1,-1,-1,-1,-1,-1,-1,2,1,2,2,24,5,-1,-1,-1,9,1,9
2018010121533,2,9,0,-1,-1,-1,-1,-1,-1,-1,1,-1,6,3,-1,-1,647,8,1,2,1,2
2018010121535,1,9,0,9,0,5,0,0,0,0,4,1,1,1,24,5,-1,-1,-1,2,1,2
2018010121535,2,5,0,15,0,1,0,0,0,0,3,1,2,1,54,8,749,1,7,5,1,5
2018010121537,1,3,0,18,0,0,0,0,0,0,0,1,6,1,18,4,125,1,7,2,1,2
2018010121540,1,9,0,18,0,1,0,0,0,0,1,1,6,1,31,6,1995,2,7,7,1,7
2018010121540,2,9,0,4,0,1,0,0,0,0,2,1,6,3,-1,-1,1596,1,8,-1,-1,-1
2018010121541,1,9,0,9,0,1,0,0,0,0,1,1,6,1,21,5,999,1,2,1,1,1
2018010121541,2,1,0,18,0,8,0,0,0,0,1,1,6,1,32,6,-1,-1,-1,1,1,1
2018010121547,1,20,0,14,0,1,0,0,0,0,1,1,1,1,31,6,5132,2,3,3,1,3
2018010121548,1,9,0,18,0,1,0,0,0,0,2,-1,6,1,36,7,1784,1,12,8,1,8
2018010121548,2,9,-1,-1,0,1,0,-1,0,0,-1,-1,6,3,-1,-1,2143,2,4,-1,-1,-1
2018010121550,1,8,0,3,0,2,0,0,0,0,0,1,1,1,47,8,2402,2,16,8,1,8
2018010121550,2,4,0,7,0,2,2,0,0,0,0,1,6,1,25,5,125,1,-1,2,1,2
2018010121551,1,1,-1,-1,0,0,-1,-1,0,0,1,1,2,2,24,5,-1,-1,-1,6,1,6
2018010121551,2,9,0,7,-1,0,-1,-1,-1,-1,4,-1,6,3,-1,-1,-1,-1,-1,-1,-1,-1
2018010121556,1,9,0,9,0,1,0,0,0,0,4,1,1,1,36,7,-1,-1,-1,3,1,3
2018010121556,2,8,0,18,0,1,0,0,0,0,3,1,1,1,36,7,1560,2,3,2,1,2
2018010121557,1,9,0,7,0,7,0,0,0,0,1,1,6,2,55,8,1796,1,12,6,1,6
2018010121558,1,3,0,14,0,1,5,0,0,0,1,1,1,1,22,5,124,1,-1,9,1,9
2018010121565,1,9,0,17,0,0,0,0,0,0,1,1,6,3,-1,-1,1989,1,19,-1,-1,-1
2018010121565,2,1,0,3,9,0,0,0,0,0,1,1,2,1,22,5,-1,-1,-1,1,1,1
2018010121566,1,9,0,4,0,2,0,0,0,0,2,1,1,1,27,6,1798,8,-1,6,1,6
2018010121566,2,3,0,4,0,2,5,0,0,0,1,1,6,1,18,4,124,1,12,8,1,8
2018010121573,1,9,0,-1,-1,-1,-1,-1,-1,-1,2,-1,6,2,42,7,1995,2,9,3,1,3
2018010121573,2,9,0,-1,-1,-1,-1,-1,-1,-1,-1,-1,6,3,-1,-1,-1,-1,-1,-1,-1,-1
2018010121574,1,19,0,-1,-1,-1,-1,-1,-1,-1,-1,1,6,1,61,9,1560,2,5,6,3,6
2018010121574,2,19,0,-1,-1,-1,-1,-1,-1,-1,-1,1,1,1,44,7,-1,-1,-1,9,1,9
2018010121575,1,9,0,18,0,2,0,0,0,0,1,1,1,1,34,6,-1,-1,-1,2,1,2
2018010121575,2,19,0,18,0,1,0,0,0,0,2,1,6,3,-1,-1,2287,2,1,3,1,3
2018010121576,1,9,0,-1,-1,0,-1,-1,-1,-1,1,-1,2,2,52,8,1339,1,9,4,1,4
2018010121576,2,11,-1,-1,-1,0,-1,-1,-1,-1,-1,-1,6,1,63,9,4461,2,4,4,1,4
2018010121580,1,3,0,-1,-1,-1,-1,-1,-1,-1,-1,1,2,1,32,6,125,1,4,2,1,2
2018010121580,2,9,0,-1,-1,-1,-1,-1,-1,-1,1,-1,6,1,-1,-1,1997,1,4,3,1,3
2018010121583,1,9,0,9,0,8,0,0,0,0,1,1,6,1,60,9,1598,1,15,3,1,3
2018010121591,1,19,0,4,0,0,0,0,0,0,2,1,1,1,58,9,2500,2,21,10,1,10
2018010121591,2,9,0,18,0,0,0,0,0,0,1,1,6,2,57,9,1596,1,20,5,1,5
2018010121593,1,9,0,9,0,8,0,0,0,0,4,1,1,1,27,6,1560,2,4,7,1,7
2018010121593,2,5,0,18,0,8,0,0,0,0,1,1,1,1,29,6,599,1,18,1,1,1
2018010121594,1,3,0,12,0,2,0,0,0,0,3,1,6,1,27,6,124,1,6,-1,-1,-1
2018010121594,2,9,0,18,0,2,0,0,0,0,1,1,6,1,27,6,998,1,9,-1,-1,-1
2018010121597,1,20,0,18,0,1,0,0,0,0,1,1,1,1,52,8,5193,2,4,3,1,3
2018010121597,2,9,0,18,0,1,0,0,0,0,2,1,6,2,49,8,1598,2,9,2,1,2
2018010121597,3,9,0,18,0,1,0,0,0,0,2,1,2,1,62,9,-1,-1,-1,2,1,2
2018010121597,4,9,0,18,0,1,0,0,0,0,2,1,6,1,25,5,1388,1,10,5,1,5
2018010121599,1,3,0,4,0,1,0,0,0,0,1,1,2,1,63,9,670,1,6,2,1,2
2018010121599,2,3,0,3,0,1,0,0,0,0,1,1,6,1,25,5,125,1,2,3,1,3
2018010121600,1,9,0,6,0,0,0,0,0,0,3,1,1,1,30,6,-1,-1,-1,-1,-1,-1
2018010121600,2,3,0,14,0,0,0,0,0,0,1,1,2,1,33,6,124,1,1,9,1,9
2018010121606,1,9,0,4,0,1,0,0,0,0,1,1,1,1,53,8,1497,8,10,3,1,3
2018010121607,1,9,0,18,0,2,0,0,0,0,4,1,6,1,19,4,1595,2,8,3,1,3
2018010121611,1,1,0,9,0,5,0,0,0,0,1,1,6,2,37,7,-1,-1,-1,2,1,2
2018010121611,2,5,0,18,0,1,0,0,0,0,1,1,6,1,28,6,660,1,7,3,1,3
2018010121612,1,3,0,4,0,0,0,0,0,0,1,1,6,1,25,5,124,1,6,3,1,3
2018010121612,2,9,0,4,0,0,0,0,0,0,2,1,2,2,28,6,1796,1,10,3,1,3
2018010121615,1,9,0,13,0,2,0,0,0,0,1,1,6,1,21,5,2979,1,1,1,1,1
2018010121615,2,9,0,18,0,1,0,0,0,0,1,1,6,1,45,7,898,1,3,8,3,8
2018010121615,3,8,0,18,0,1,0,0,0,0,1,1,6,1,53,8,1956,2,4,2,1,2
2018010121615,4,19,0,3,0,1,0,0,0,0,3,1,1,1,36,7,2143,2,3,4,1,4
2018010121615,5,4,0,15,0,1,0,0,0,0,0,1,6,3,-1,-1,-1,-1,-1,-1,-1,-1
2018010121616,1,8,0,18,0,2,0,0,0,0,3,1,1,1,38,7,1560,2,4,1,1,1
2018010121620,1,3,0,18,0,1,0,0,0,0,4,1,6,1,38,7,124,1,7,8,1,8
2018010121620,2,8,0,9,0,8,0,0,0,0,3,1,1,1,49,8,2776,2,2,3,3,3
2018010121622,1,9,0,9,0,1,0,0,0,0,1,1,6,1,29,6,-1,-1,-1,2,1,2
2018010121622,2,3,0,13,0,1,0,0,0,0,1,1,6,1,28,6,-1,-1,-1,-1,-1,-1
2018010121623,1,3,0,-1,-1,-1,-1,-1,-1,-1,-1,1,6,1,28,6,-1,-1,-1,8,1,8
2018010121623,2,9,3,-1,-1,-1,0,-1,0,0,-1,-1,6,1,59,9,2993,2,1,-1,2,-1
2018010121626,1,9,-1,-1,-1,8,0,0,0,0,-1,-1,6,3,-1,-1,-1,-1,-1,-1,-1,-1
2018010121628,1,19,0,3,0,0,0,0,0,0,2,1,1,1,20,4,2143,2,6,4,1,4
2018010121628,2,9,0,4,0,0,0,0,0,0,2,1,2,2,50,8,1360,1,14,-1,-1,-1
2018010121628,3,9,0,4,0,0,0,0,0,0,1,1,6,1,33,6,1197,1,3,8,1,8
2018010121632,1,1,0,-1,0,8,0,0,0,0,1,1,2,1,31,6,-1,-1,-1,3,1,3
2018010121632,2,9,0,-1,0,8,0,0,0,0,4,-1,6,3,31,6,1968,2,6,10,1,10
2018010121640,1,8,0,5,0,6,0,0,0,0,1,1,1,1,40,7,2925,2,-1,3,1,3
2018010121644,1,9,0,18,0,0,0,0,0,0,1,1,6,3,-1,-1,3999,1,10,-1,-1,-1
2018010121644,2,8,0,4,0,0,0,0,1,0,2,1,6,1,44,7,1798,8,2,5,1,5
2018010121644,3,9,0,2,0,0,0,0,0,0,3,1,6,3,-1,-1,1299,1,14,-1,-1,-1
2018010121646,1,9,0,9,0,1,0,11,0,0,4,1,6,2,19,4,1598,1,8,3,1,3
2018010121646,2,9,0,18,0,8,0,0,0,0,1,1,6,1,26,6,1995,2,4,1,1,1
2018010121648,1,3,0,18,0,0,0,10,0,0,0,1,2,1,40,7,125,1,2,6,1,6
2018010121649,1,9,0,18,0,0,0,0,0,0,1,1,6,2,63,9,1229,1,7,5,1,5
2018010121649,2,1,0,5,0,0,0,0,0,0,1,1,6,1,17,4,-1,-1,-1,5,1,5
2018010121650,1,9,0,4,0,1,1,0,0,0,1,1,6,2,26,6,1240,1,14,3,1,3
2018010121650,2,9,0,3,0,1,0,0,0,0,2,1,6,1,30,6,1797,8,3,6,1,6
2018010121651,1,2,0,18,0,8,0,0,0,0,1,1,6,1,26,6,125,1,3,2,1,2
2018010121651,2,9,0,18,0,8,0,0,0,0,1,1,6,3,-1,-1,-1,-1,-1,-1,-1,-1
2018010121654,1,3,0,18,0,0,0,0,0,0,3,1,6,1,46,8,-1,-1,-1,3,1,3
2018010121654,2,9,0,17,0,0,0,0,0,0,3,1,6,3,-1,-1,-1,-1,-1,-1,-1,-1
2018010121655,1,9,0,18,0,1,0,0,0,0,1,1,6,1,33,6,1984,1,1,9,1,9
2018010121655,2,9,0,7,0,6,0,0,0,0,3,1,6,2,41,7,1498,1,1,2,1,2
2018010121656,1,9,0,18,0,0,0,0,0,0,1,1,2,1,60,9,1956,2,9,9,1,9
2018010121661,1,9,0,9,0,1,0,0,0,0,2,1,6,1,52,8,1968,2,7,9,1,9
2018010121661,2,9,0,18,0,1,0,0,0,0,1,1,6,1,25,5,1999,1,12,3,1,3
2018010121667,1,9,0,3,0,0,0,0,0,0,2,-1,6,1,75,10,2993,2,13,3,1,3
2018010121667,2,9,0,18,0,0,0,-1,0,0,1,-1,6,2,-1,-1,1598,1,13,-1,-1,-1
2018010121674,1,5,0,5,0,8,0,0,0,0,3,1,2,1,37,7,805,1,18,5,1,5
2018010121674,2,9,0,5,0,8,0,0,0,0,3,1,6,2,20,4,1229,1,10,5,1,5
2018010121680,1,9,0,18,0,1,0,0,0,0,0,1,1,2,50,8,-1,-1,-1,3,1,3
2018010121680,2,1,0,18,0,1,2,0,0,0,0,1,2,1,50,8,-1,-1,-1,4,1,4
2018010121680,3,9,0,18,0,2,0,0,0,0,0,1,1,1,33,6,1498,1,1,-1,-1,-1
2018010121681,1,9,0,-1,-1,-1,-1,-1,-1,-1,2,-1,6,2,32,6,1598,1,9,6,1,6
2018010121681,2,9,0,-1,-1,-1,-1,-1,-1,-1,1,-1,6,3,51,8,1798,8,5,4,1,4
2018010121685,1,1,-1,-1,-1,-1,-1,-1,-1,-1,-1,1,2,2,26,6,-1,-1,-1,9,1,9
2018010121685,2,9,0,-1,-1,-1,-1,-1,-1,-1,1,-1,6,3,-1,-1,-1,-1,-1,-1,-1,-1
2018010121686,1,19,0,18,0,0,0,-1,-1,-1,-1,1,6,1,-1,-1,1968,2,4,7,-1,7
2018010121704,1,9,0,-1,-1,-1,-1,-1,-1,-1,2,-1,2,1,49,8,1968,2,13,8,1,8
2018010121704,2,9,0,-1,-1,-1,-1,-1,-1,-1,1,-1,6,3,-1,-1,1596,1,13,6,3,6
2018010121706,1,1,-1,-1,-1,-1,-1,-1,-1,-1,-1,1,6,1,21,5,-1,-1,-1,1,1,1
2018010121706,2,9,-1,-1,-1,-1,-1,-1,-1,-1,-1,-1,6,3,-1,-1,1699,1,10,-1,-1,-1
2018010121707,1,9,0,9,0,5,0,0,0,0,1,1,6,1,21,5,2148,2,14,4,1,4
2018010121707,2,1,0,18,0,8,1,0,1,0,3,1,1,1,33,6,-1,-1,-1,10,1,10
2018010121708,1,9,0,18,0,4,0,0,0,0,1,-1,6,3,-1,-1,-1,-1,-1,-1,-1,-1
2018010121715,1,9,0,-1,-1,-1,-1,-1,-1,-1,1,-1,6,3,27,6,-1,-1,-1,-1,-1,-1
2018010121719,1,9,0,7,0,1,0,0,0,0,4,1,3,2,44,7,1968,2,7,6,1,6
2018010121719,2,1,0,18,0,1,0,0,0,0,3,1,4,2,15,3,-1,-1,-1,6,1,6
2018010121720,1,1,-1,-1,-1,-1,-1,-1,-1,-1,-1,1,6,1,44,7,-1,-1,-1,3,1,3
2018010121720,2,9,0,-1,-1,-1,-1,-1,-1,-1,-1,-1,6,3,-1,-1,-1,-1,-1,-1,-1,-1
2018010121723,1,9,0,9,0,8,0,0,0,0,1,1,2,1,28,6,1796,1,7,3,1,3
2018010121730,1,1,-1,-1,-1,-1,-1,-1,-1,-1,1,1,2,2,29,6,-1,-1,-1,6,1,6
2018010121730,2,4,0,-1,-1,-1,-1,-1,-1,-1,1,1,6,3,-1,-1,-1,-1,-1,-1,-1,-1
2018010121732,1,9,0,3,0,7,0,0,0,0,2,1,2,1,43,7,1598,2,4,3,1,3
2018010121732,2,19,0,4,0,7,0,0,0,0,1,1,1,1,44,7,1995,2,11,3,1,3
2018010121733,1,9,-1,-1,-1,-1,-1,-1,-1,-1,-1,-1,6,3,-1,-1,1396,1,16,4,1,4
2018010121740,1,90,0,-1,-1,-1,-1,-1,-1,-1,1,-1,6,3,-1,-1,-1,-1,-1,-1,-1,-1
2018010121744,1,1,-1,-1,-1,-1,-1,-1,-1,-1,-1,1,2,1,62,9,-1,-1,-1,6,1,6
2018010121744,2,9,0,-1,-1,-1,-1,-1,-1,-1,-1,-1,6,3,-1,-1,1398,1,2,6,1,6
2018010121749,1,9,0,-1,-1,-1,-1,-1,-1,-1,-1,-1,2,1,55,8,1968,2,2,4,1,4
2018010121749,2,9,0,-1,-1,-1,-1,-1,-1,-1,1,-1,6,3,-1,-1,-1,-1,-1,-1,-1,-1
2018010121751,1,1,0,18,9,1,0,0,0,0,0,1,2,2,29,6,-1,-1,-1,8,1,8
2018010121751,2,9,0,11,0,6,0,0,0,0,0,1,6,3,-1,-1,1398,1,6,-1,-1,-1
2018010121752,1,10,0,18,0,1,0,0,0,0,1,1,6,2,49,8,-1,-1,-1,3,1,3
2018010121752,2,19,0,3,0,1,0,0,0,0,2,1,1,1,38,7,1968,2,1,4,1,4
2018010121759,1,9,0,18,0,8,0,0,0,0,3,1,6,2,29,6,1991,2,10,8,1,8
2018010121759,2,9,0,18,0,6,0,0,0,0,1,1,6,2,31,6,1598,1,11,4,1,4
2018010121760,1,9,0,5,0,1,0,0,0,0,3,1,1,1,53,8,1798,8,4,1,1,1
2018010121760,2,21,0,5,0,1,0,0,0,0,1,1,1,1,51,8,-1,-1,-1,3,1,3
2018010121763,1,5,0,-1,-1,-1,-1,-1,-1,-1,-1,1,2,1,33,6,900,1,1,6,1,6
2018010121763,2,9,0,-1,-1,-1,-1,-1,-1,-1,1,-1,6,3,33,6,1968,2,1,5,1,5
2018010121764,1,9,0,18,0,8,1,0,0,0,4,-1,6,2,35,6,1997,1,12,8,1,8
2018010121764,2,9,0,9,0,6,1,0,0,0,1,-1,6,2,27,6,1368,1,11,10,1,10
2018010121767,1,9,0,5,0,4,0,0,0,0,1,1,6,1,43,7,1794,1,13,5,1,5
2018010121767,2,1,0,17,0,4,0,0,0,0,1,1,6,1,44,7,-1,-1,-1,10,1,10
2018010121770,1,9,0,18,0,8,0,0,7,0,4,1,1,1,50,8,1997,2,3,3,1,3
2018010121770,2,3,0,18,0,1,0,0,0,0,1,1,1,1,22,5,108,1,2,5,1,5
2018010121771,1,9,0,18,0,6,0,0,0,0,3,1,1,2,41,7,1997,1,10,5,1,5
2018010121771,2,3,0,18,0,8,0,0,0,0,1,1,2,1,45,7,125,1,3,-1,-1,-1
2018010121772,1,9,0,18,0,5,0,0,1,-1,4,1,6,1,-1,-1,-1,-1,-1,1,1,1
2018010121772,2,1,-1,18,4,5,5,-1,1,-1,3,1,2,1,22,5,-1,-1,-1,4,1,4
2018010121784,1,9,0,11,0,3,0,4,0,0,1,1,6,1,73,10,1149,1,8,3,1,3
2018010121784,2,9,0,5,0,3,0,4,0,0,3,1,2,1,45,7,1248,2,4,2,1,2
2018010121789,1,11,0,18,0,1,0,0,0,0,0,1,1,1,57,9,-1,-1,-1,-1,-1,-1
2018010121791,1,9,-1,-1,0,1,-1,-1,-1,-1,-1,-1,6,3,-1,-1,1997,2,1,-1,-1,-1
2018010121792,1,9,0,15,0,0,0,0,0,0,1,1,6,1,42,7,1596,1,13,-1,-1,-1
2018010121793,1,19,0,5,0,1,0,0,0,0,1,1,6,1,30,6,6693,2,5,4,1,4
2018010121793,2,9,0,3,0,1,0,0,0,0,2,1,6,1,26,6,1968,2,4,9,1,9
2018010121793,3,9,0,3,0,1,0,0,0,0,2,1,6,1,54,8,1242,1,7,7,1,7
2018010121796,1,9,0,18,0,1,0,4,0,0,4,1,6,2,28,6,1896,2,12,-1,-1,-1
2018010121804,1,11,0,18,0,1,0,0,0,0,4,1,1,2,46,8,4500,2,2,3,1,3
2018010121813,1,9,0,9,0,1,0,0,0,0,1,1,6,1,21,5,1598,1,8,2,1,2
2018010121813,2,19,0,4,0,1,0,0,0,0,4,1,6,1,38,7,2300,2,14,-1,-1,-1
2018010121813,3,1,0,18,0,1,0,0,0,0,1,1,2,1,25,5,-1,-1,-1,2,1,2
2018010121817,1,5,0,17,0,1,0,10,0,0,1,1,2,1,32,6,-1,-1,-1,7,1,7
2018010121820,1,9,0,7,0,3,0,0,0,0,2,1,6,2,65,9,1796,1,12,9,1,9
2018010121820,2,1,0,18,0,3,0,0,0,0,0,1,6,1,30,6,-1,-1,-1,8,1,8
2018010121824,1,1,-1,-1,-1,-1,-1,-1,-1,-1,-1,1,2,1,55,8,-1,-1,-1,4,1,4
2018010121824,2,9,0,-1,-1,-1,-1,-1,-1,-1,-1,-1,6,3,-1,-1,-1,-1,-1,-1,-1,-1
2018010121831,1,11,0,3,0,0,0,0,0,0,0,1,1,1,51,8,6700,2,2,4,1,4
2018010121837,1,19,0,5,0,1,0,0,0,0,1,1,2,1,64,9,1968,2,6,3,1,3
2018010121840,1,19,0,10,0,1,0,0,0,0,3,1,6,1,37,7,1968,2,4,2,1,2
2018010121842,1,9,0,18,0,0,0,0,0,0,4,1,6,3,-1,-1,-1,-1,-1,-1,-1,-1
2018010121844,1,21,0,11,0,0,0,0,0,0,1,2,2,1,24,5,-1,-1,-1,-1,-1,-1
2018010121844,2,8,0,11,0,0,0,0,0,0,2,1,1,1,47,8,1796,1,4,1,1,1
2018010121846,1,1,-1,-1,-1,-1,-1,-1,-1,-1,1,1,6,1,22,5,-1,-1,-1,8,1,8
2018010121846,2,9,0,-1,-1,-1,-1,-1,-1,-1,1,-1,6,1,44,7,-1,-1,-1,10,1,10
2018010121847,1,9,0,14,0,1,0,0,0,0,3,1,6,2,32,6,1397,1,11,2,1,2
2018010121847,2,3,0,13,0,1,0,0,0,0,4,1,1,1,33,6,125,1,3,3,1,3
2018010121854,1,9,0,-1,-1,-1,-1,-1,-1,-1,2,-1,6,2,24,5,1364,1,10,3,1,3
2018010121854,2,9,0,-1,-1,-1,-1,-1,-1,-1,1,-1,6,3,-1,-1,1598,2,7,-1,-1,-1
2018010121855,1,3,0,-1,-1,0,-1,-1,-1,-1,-1,1,6,1,30,6,125,1,2,4,1,4
2018010121855,2,9,0,-1,-1,0,-1,-1,-1,-1,-1,-1,6,3,-1,-1,-1,-1,-1,-1,-1,-1
2018010121857,1,9,0,-1,-1,-1,-1,-1,-1,-1,-1,-1,6,1,47,8,1197,1,2,2,1,2
2018010121858,1,9,0,3,0,1,0,0,0,0,2,1,6,2,26,6,1200,1,1,6,1,6
2018010121858,2,19,0,3,0,1,0,0,0,0,1,1,2,1,30,6,2198,2,11,5,1,5
2018010121860,1,9,0,17,0,2,0,0,0,0,1,1,6,1,25,5,1198,1,15,2,1,2
2018010121862,1,9,0,-1,-1,-1,-1,-1,-1,-1,-1,-1,2,1,23,5,998,1,6,2,1,2
2018010121862,2,9,-1,-1,-1,-1,-1,-1,-1,-1,1,-1,6,3,-1,-1,-1,-1,-1,2,1,2
2018010121864,1,11,0,18,0,8,0,0,0,0,3,1,6,3,48,8,-1,-1,-1,-1,-1,-1
2018010121864,2,1,0,18,4,2,0,2,1,0,3,1,6,1,33,6,-1,-1,-1,4,1,4
2018010121866,1,9,0,5,0,1,0,0,0,0,1,1,6,1,46,8,2777,2,10,8,1,8
2018010121866,2,1,0,18,0,1,0,0,0,0,1,1,1,1,40,7,-1,-1,-1,6,1,6
2018010121867,1,9,0,18,0,1,0,0,0,0,3,1,6,1,40,7,999,1,1,4,1,4
2018010121867,2,3,0,18,0,1,0,0,0,0,4,1,6,1,22,5,125,1,-1,7,1,7