Accident_Index,Vehicle_Reference,Vehicle_Type,Towing_and_Articulation,Vehicle_Manoeuvre,Vehicle_Location-Restricted_Lane,Junction_Location,Skidding_and_Overturning,Hit_Object_in_Carriageway,Vehicle_Leaving_Carriageway,Hit_Object_off_Carriageway,1st_Point_of_Impact,Was_Vehicle_Left_Hand_Drive?,Journey_Purpose_of_Driver,Sex_of_Driver,Age_of_Driver,Age_Band_of_Driver,Engine_Capacity_(CC),Propulsion_Code,Age_of_Vehicle,Driver_IMD_Decile,Driver_Home_Area_Type,Vehicle_IMD_Decile
2018010121870,1,9,0,10,0,6,0,0,0,0,2,1,6,1,51,8,1870,2,13,3,1,3
2018010121870,2,9,0,4,0,6,0,0,0,0,1,1,6,2,26,6,2143,2,1,3,1,3
2018010121871,1,9,0,9,0,6,0,0,0,0,1,1,6,1,34,6,1896,2,16,3,1,3
2018010121871,2,9,0,16,0,1,0,0,0,0,1,1,2,2,48,8,1197,1,2,10,3,10
2018010121872,1,11,0,3,2,1,0,0,0,0,0,1,1,1,37,7,4760,2,5,2,1,2
2018010121874,1,9,0,15,0,1,0,0,0,0,1,1,1,1,35,6,1560,2,4,-1,-1,-1
2018010121874,2,9,0,9,0,1,0,0,0,0,2,1,6,2,60,9,1598,1,12,3,1,3
2018010121875,1,3,0,14,0,1,0,0,0,0,1,1,6,1,26,6,125,1,11,1,1,1
2018010121875,2,9,0,9,0,6,0,0,0,0,3,1,2,1,29,6,1399,2,15,6,1,6
2018010121877,1,4,0,14,0,1,1,0,0,0,4,1,6,1,22,5,689,1,3,-1,-1,-1
2018010121877,2,9,0,3,0,1,0,0,0,0,3,1,6,1,35,6,1984,1,4,3,1,3
2018010121877,3,9,0,18,0,8,0,0,0,0,3,1,6,2,50,8,1997,2,2,7,1,7
2018010121879,1,4,0,5,0,1,0,0,3,0,0,1,6,1,28,6,125,1,7,-1,-1,-1
2018010121879,2,9,0,18,0,1,0,0,0,0,1,1,6,1,28,6,1596,1,11,-1,-1,-1
2018010121882,1,9,0,9,0,5,0,0,0,0,3,1,6,1,48,8,1388,1,7,8,1,8
2018010121882,2,5,0,13,0,1,2,0,1,0,3,1,6,1,40,7,999,1,7,4,1,4
2018010121885,1,9,0,18,0,0,0,0,0,0,3,1,6,1,24,5,2143,2,3,2,1,2
2018010121885,2,3,0,18,0,0,0,0,0,0,1,1,1,1,20,4,125,1,2,2,1,2
2018010121887,1,1,-1,-1,-1,-1,-1,-1,-1,-1,-1,1,2,1,56,9,-1,-1,-1,7,1,7
2018010121887,2,9,0,-1,-1,-1,-1,-1,-1,-1,-1,-1,6,3,-1,-1,2143,2,1,-1,-1,-1
2018010121894,1,9,5,16,0,0,0,0,0,0,2,1,6,1,25,5,2143,2,2,-1,-1,-1
2018010121902,1,9,0,9,0,8,0,0,0,0,3,1,6,1,31,6,1598,1,-1,10,1,10
2018010121902,2,5,0,13,0,1,0,0,0,0,1,1,2,2,38,7,599,1,10,10,1,10
2018010121903,1,1,-1,-1,-1,-1,-1,-1,-1,-1,1,1,6,1,59,9,-1,-1,-1,5,1,5
2018010121903,2,9,0,-1,-1,-1,-1,-1,-1,-1,1,-1,6,3,-1,-1,2143,2,3,5,1,5
2018010121907,1,5,0,18,0,1,0,0,0,0,1,1,2,1,25,5,821,1,-1,8,1,8
2018010121907,2,9,0,7,0,5,0,0,0,0,1,1,6,1,40,7,1560,2,9,2,1,2
2018010121908,1,8,0,5,0,2,0,0,0,0,3,1,1,1,50,8,2143,2,1,3,1,3
2018010121908,2,1,0,13,0,2,0,0,0,0,1,1,2,2,39,7,-1,-1,-1,6,1,6
2018010121913,1,19,-1,-1,-1,-1,-1,-1,-1,-1,-1,-1,6,1,39,7,1968,2,5,2,1,2
2018010121913,2,9,-1,-1,-1,-1,-1,-1,-1,-1,-1,-1,6,3,-1,-1,1595,1,13,-1,-1,-1
2018010121916,1,8,0,18,0,1,0,0,0,0,1,1,6,1,33,6,1798,8,4,3,1,3
2018010121918,1,4,0,18,0,1,0,0,0,0,1,1,6,3,-1,-1,124,1,6,-1,-1,-1
2018010121918,2,9,0,18,0,1,0,0,0,0,0,1,1,1,32,6,1560,2,4,7,1,7
2018010121920,1,9,0,4,0,1,0,0,0,0,2,1,2,1,45,7,1781,1,19,7,1,7
2018010121920,2,3,0,18,0,1,5,0,1,0,1,1,2,1,45,7,125,1,-1,2,1,2
2018010121921,1,9,0,5,0,2,0,0,0,0,3,1,6,3,-1,-1,1242,1,12,-1,-1,-1
2018010121921,2,9,0,18,0,2,0,0,0,0,4,1,6,1,41,7,1797,8,8,8,1,8
2018010121921,3,9,0,2,0,2,0,4,0,0,2,1,6,3,-1,-1,1686,2,8,-1,-1,-1
2018010121921,4,9,0,2,0,2,0,4,1,0,2,1,6,3,-1,-1,1596,1,16,-1,-1,-1
2018010121921,5,9,0,2,0,2,0,4,0,0,2,1,6,3,-1,-1,-1,-1,-1,-1,-1,-1
2018010121921,6,9,0,2,0,2,0,0,0,0,2,1,6,3,-1,-1,1339,8,7,-1,-1,-1
2018010121921,7,9,0,2,0,2,0,0,0,0,4,1,6,3,-1,-1,1796,1,10,-1,-1,-1
2018010121925,1,9,0,17,0,2,0,0,0,0,3,1,6,1,54,8,1896,2,17,2,1,2
2018010121926,1,9,0,16,4,8,0,0,0,0,1,1,6,1,74,10,1497,8,2,-1,-1,-1
2018010121926,2,1,0,18,4,6,0,0,0,0,3,1,6,1,53,8,-1,-1,-1,-1,-1,-1
2018010121927,1,9,0,-1,-1,-1,-1,-1,-1,-1,1,-1,2,1,57,9,2967,2,2,3,1,3
2018010121927,2,90,-1,-1,-1,-1,-1,-1,-1,-1,2,-1,6,3,-1,-1,-1,-1,-1,-1,-1,-1
2018010121928,1,8,0,9,0,1,0,0,0,0,1,1,1,1,50,8,2402,2,13,8,1,8
2018010121928,2,1,0,18,4,8,0,0,0,0,1,1,1,1,34,6,-1,-1,-1,2,1,2
2018010121929,1,3,0,18,0,8,0,0,0,0,1,1,1,1,18,4,108,1,4,3,1,3
2018010121929,2,9,0,9,0,8,0,0,0,0,2,1,6,1,29,6,1598,2,4,6,1,6
2018010121934,1,9,0,4,0,2,0,0,0,0,2,1,6,1,53,8,1796,1,14,5,1,5
2018010121934,2,9,0,4,0,2,0,0,0,0,2,1,6,2,35,6,2987,2,8,2,1,2
2018010121934,3,9,0,4,0,2,0,0,0,0,1,1,6,2,-1,-1,998,1,16,-1,-1,-1
2018010121948,1,1,0,18,0,1,0,0,0,0,-1,1,6,1,23,5,-1,-1,-1,4,1,4
2018010121948,2,9,-1,-1,-1,1,-1,-1,-1,-1,-1,-1,6,1,-1,-1,1496,2,1,-1,-1,-1
2018010121959,1,9,0,-1,0,0,0,0,0,0,1,-1,6,2,39,7,4134,2,10,-1,-1,-1
2018010121959,2,9,0,-1,0,0,0,0,0,0,2,-1,6,2,-1,-1,1318,1,-1,9,1,9
2018010121960,1,9,4,-1,-1,-1,-1,-1,-1,-1,1,-1,6,2,36,7,1797,8,8,1,1,1
2018010121962,1,9,0,18,0,1,0,0,0,0,3,-1,6,1,46,8,1797,8,8,6,1,6
2018010121962,2,19,0,6,0,1,0,0,0,0,1,-1,6,3,-1,-1,1560,2,11,-1,-1,-1
2018010121963,1,9,0,-1,-1,-1,-1,-1,-1,-1,2,-1,6,2,34,6,1596,1,9,2,1,2
2018010121963,2,9,0,-1,-1,-1,-1,-1,-1,-1,1,-1,6,1,44,7,2967,2,1,10,1,10
2018010121978,1,9,0,5,0,1,0,0,1,0,1,1,6,1,40,7,2987,2,12,2,1,2
2018010121978,2,9,0,18,0,1,0,0,0,0,2,1,6,2,25,5,1242,1,9,1,1,1
2018010121984,1,1,-1,-1,-1,-1,-1,-1,-1,-1,2,1,2,1,64,9,-1,-1,-1,4,1,4
2018010121984,2,9,0,-1,-1,-1,-1,-1,-1,-1,1,-1,6,3,-1,-1,998,1,7,7,1,7
2018010121985,1,11,0,-1,-1,-1,-1,-1,-1,-1,-1,-1,6,3,28,6,-1,-1,-1,5,1,5
2018010121986,1,1,-1,-1,-1,-1,-1,-1,-1,-1,1,1,2,1,26,6,-1,-1,-1,1,1,1
2018010121986,2,9,0,-1,-1,-1,-1,-1,-1,-1,-1,-1,6,3,-1,-1,1422,2,15,-1,-1,-1
2018010121993,1,9,-1,18,0,1,0,-1,0,0,1,-1,6,1,43,7,1797,8,7,1,1,1
2018010121993,2,9,-1,5,0,1,-1,-1,0,0,-1,-1,6,3,-1,-1,2987,2,6,-1,-1,-1
2018010121995,1,9,0,10,0,1,0,0,0,0,0,1,6,2,43,7,1229,1,9,5,1,5
2018010121995,2,19,0,4,0,1,0,0,0,0,0,1,6,3,-1,-1,-1,-1,-1,-1,-1,-1
2018010121995,3,1,0,4,0,1,0,0,0,0,1,1,2,1,41,7,-1,-1,-1,3,1,3
2018010121997,1,8,0,-1,-1,-1,-1,-1,-1,-1,2,-1,6,1,49,8,1997,2,7,3,1,3
2018010121998,1,1,-1,-1,-1,-1,-1,-1,-1,-1,-1,1,6,2,42,7,-1,-1,-1,7,1,7
2018010121998,2,20,4,-1,-1,-1,-1,-1,-1,-1,2,-1,6,3,60,9,-1,-1,-1,5,1,5
2018010121999,1,9,-1,-1,-1,-1,-1,-1,-1,-1,-1,-1,6,3,-1,-1,-1,-1,-1,-1,-1,-1
2018010122000,1,9,0,18,0,1,0,0,0,0,-1,1,6,3,-1,-1,1798,8,3,-1,-1,-1
2018010122002,1,20,0,-1,-1,-1,-1,-1,-1,-1,-1,-1,6,1,32,6,-1,-1,-1,5,1,5
2018010122006,1,90,0,-1,-1,0,-1,-1,-1,-1,-1,-1,6,3,-1,-1,-1,-1,-1,-1,-1,-1
2018010122007,1,19,0,7,0,5,0,0,1,0,4,1,1,1,45,7,1996,2,8,5,1,5
2018010122007,2,3,0,15,0,5,5,0,0,0,1,1,6,1,-1,-1,125,1,12,1,1,1
2018010122011,1,1,-1,18,-1,-1,0,-1,-1,0,-1,1,6,1,36,7,-1,-1,-1,1,1,1
2018010122011,2,8,0,1,0,4,0,0,0,0,2,1,6,1,30,6,1797,8,5,2,1,2
2018010122012,1,11,0,4,2,0,0,0,0,0,0,1,1,1,27,6,4500,2,1,1,1,1
2018010122016,1,9,0,18,6,8,0,0,0,0,1,1,6,1,29,6,1396,1,17,-1,1,-1
2018010122016,2,9,0,6,0,6,0,0,0,0,4,1,6,2,54,8,1986,2,13,7,1,7
2018010122017,1,9,-1,18,0,4,-1,-1,0,0,1,-1,6,3,-1,-1,2143,2,5,-1,-1,-1
2018010122017,2,1,0,18,0,4,-1,0,0,0,2,1,6,1,37,7,-1,-1,-1,4,1,4
2018010122018,1,9,0,5,0,1,0,0,0,0,4,1,2,1,60,9,4293,1,15,3,1,3
2018010122018,2,1,0,5,5,1,0,4,0,0,1,1,1,1,25,5,-1,-1,-1,4,1,4
2018010122022,1,9,0,18,0,7,0,0,0,0,2,1,6,1,39,7,2987,2,4,9,1,9
2018010122022,2,9,0,18,0,6,0,0,0,0,1,1,6,1,21,5,1461,2,4,2,1,2
2018010122025,1,5,0,18,0,0,-1,7,0,0,1,1,6,1,25,5,999,1,8,2,1,2
2018010122026,1,9,0,1,0,0,0,0,0,0,2,1,6,1,41,7,998,1,16,2,1,2
2018010122038,1,9,0,18,0,0,0,0,0,0,1,1,6,2,25,5,1299,1,12,7,1,7
2018010122038,2,19,0,4,0,0,0,0,0,0,2,1,1,1,65,9,2143,2,3,5,1,5
2018010122039,1,9,0,18,9,0,0,0,0,0,1,1,1,1,73,10,-1,-1,-1,3,1,3
2018010122040,1,1,0,18,0,1,0,0,0,0,-1,1,2,1,58,9,-1,-1,-1,4,1,4
2018010122040,2,9,0,7,0,1,0,0,0,0,-1,-1,6,2,-1,-1,2494,1,19,7,1,7
2018010122041,1,19,0,18,0,8,0,0,0,0,1,1,2,1,27,6,1995,2,-1,2,1,2
2018010122041,2,3,0,7,0,8,2,0,0,0,1,1,2,1,31,6,125,1,9,3,1,3
2018010122051,1,1,-1,-1,-1,-1,-1,-1,-1,-1,1,1,2,1,42,7,-1,-1,-1,2,1,2
2018010122051,2,9,0,-1,-1,-1,-1,-1,-1,-1,-1,-1,6,3,-1,-1,1396,1,11,-1,-1,-1
2018010122054,1,9,0,5,0,8,0,0,0,0,1,1,6,2,28,6,1598,1,6,10,1,10
2018010122054,2,3,0,18,0,8,0,0,0,0,3,1,2,1,34,6,124,1,9,3,1,3
2018010122058,1,19,0,9,0,6,0,0,0,0,4,1,1,1,21,5,2198,2,7,2,1,2
2018010122058,2,19,0,18,0,8,0,0,0,0,4,1,1,1,51,8,1598,2,2,7,3,7
2018010122063,1,9,0,-1,0,0,0,0,0,0,3,-1,2,2,40,7,2494,1,16,2,1,2
2018010122063,2,90,0,-1,0,0,0,0,0,0,1,-1,6,3,-1,-1,-1,-1,-1,-1,-1,-1
2018010122065,1,9,0,18,0,1,0,0,0,0,1,1,6,1,31,6,1895,1,21,4,1,4
2018010122065,2,9,0,14,0,8,0,0,0,0,1,1,6,2,57,9,1248,2,1,-1,-1,-1
2018010122067,1,11,0,5,0,2,0,0,0,0,1,1,6,1,60,9,4500,2,8,-1,-1,-1
2018010122072,1,9,0,17,0,1,0,0,0,0,1,1,6,2,20,4,1398,1,2,8,1,8
2018010122072,2,9,0,16,0,1,1,0,0,0,1,1,6,1,21,5,1796,2,4,7,1,7
2018010122074,1,1,-1,-1,-1,-1,-1,-1,-1,-1,-1,1,6,1,51,8,-1,-1,-1,2,1,2
2018010122074,2,9,0,-1,-1,-1,-1,-1,-1,-1,3,-1,6,3,-1,-1,-1,-1,-1,-1,-1,-1
2018010122077,1,11,0,5,0,0,0,0,0,0,0,1,1,1,49,8,5132,2,1,2,1,2
2018010122078,1,5,0,18,0,1,0,0,0,0,1,1,2,1,64,9,175,1,17,-1,-1,-1
2018010122079,1,2,0,18,0,1,5,0,0,0,0,1,2,2,21,5,-1,-1,-1,8,1,8
2018010122079,2,8,0,10,0,2,0,0,0,0,0,1,1,1,47,8,2499,2,8,2,1,2
2018010122084,1,9,0,18,0,2,0,0,0,0,4,1,6,3,-1,-1,-1,-1,-1,-1,-1,-1
2018010122084,2,1,0,18,0,2,0,0,0,0,2,1,6,1,31,6,-1,-1,-1,2,1,2
2018010122085,1,1,0,18,0,1,0,0,0,0,1,1,6,2,51,8,-1,-1,-1,5,1,5
2018010122085,2,9,0,9,0,5,0,0,0,0,1,1,6,1,40,7,1600,2,8,4,1,4
2018010122085,3,9,0,3,0,6,0,0,0,0,0,1,6,1,21,5,4395,1,2,1,1,1
2018010122086,1,9,0,10,0,5,0,0,0,0,1,1,6,1,38,7,2993,2,2,6,1,6
2018010122086,2,5,0,18,0,2,0,4,1,0,1,1,6,1,18,4,750,1,1,5,1,5
2018010122088,1,2,0,13,0,8,0,0,0,0,4,1,2,1,29,6,115,1,3,7,1,7
2018010122088,2,9,0,9,0,8,0,0,0,0,3,1,6,1,21,5,1461,2,3,3,1,3
2018010122091,1,11,0,18,0,1,0,0,0,0,0,1,1,2,27,6,4461,2,5,3,1,3
2018010122093,1,11,0,16,0,2,0,0,0,0,4,1,1,1,41,7,4500,2,-1,3,1,3
2018010122094,1,11,0,4,2,2,0,0,0,0,0,1,1,1,36,7,6700,2,6,-1,-1,-1
2018010122096,1,9,0,-1,-1,0,-1,-1,-1,-1,-1,-1,6,2,25,5,1197,1,2,4,1,4
2018010122096,2,9,0,-1,-1,0,-1,-1,-1,-1,-1,-1,6,3,-1,-1,-1,-1,-1,-1,-1,-1
2018010122098,1,8,0,18,0,8,0,0,0,0,1,1,1,1,47,8,1797,8,4,6,1,6
2018010122098,2,8,0,18,0,8,0,0,0,0,1,1,1,1,49,8,2776,2,2,7,1,7
2018010122100,1,8,0,6,0,0,0,0,0,0,1,1,1,1,69,10,2402,2,15,7,1,7
2018010122100,2,5,0,14,0,0,0,0,0,0,1,1,2,1,59,9,1462,1,3,5,1,5
2018010122101,1,11,0,18,0,2,0,0,0,0,0,1,1,1,47,8,5132,2,3,7,1,7
2018010122105,1,9,0,4,0,2,0,0,0,0,3,1,6,1,31,6,1461,2,14,2,1,2
2018010122105,2,9,0,5,0,6,0,0,7,1,1,1,1,2,53,8,1364,2,11,4,1,4
2018010122107,1,1,-1,-1,-1,-1,-1,-1,-1,-1,1,1,2,1,31,6,-1,-1,-1,10,1,10
2018010122107,2,9,0,-1,-1,-1,-1,-1,-1,-1,-1,-1,6,3,-1,-1,-1,-1,-1,-1,-1,-1
2018010122109,1,9,0,18,0,2,0,0,1,10,2,1,6,1,19,4,1598,1,4,-1,-1,-1
2018010122109,2,9,0,18,0,2,0,0,2,10,1,1,6,2,29,6,1796,1,10,-1,-1,-1
2018010122109,3,9,0,18,0,8,0,0,0,0,1,1,6,1,24,5,2319,1,16,6,1,6
2018010122109,4,9,0,18,0,8,0,0,3,10,1,1,6,1,60,9,1968,2,11,9,1,9
2018010122111,1,9,0,18,0,0,0,0,0,0,1,1,6,2,21,5,1598,1,10,6,1,6
2018010122113,1,9,0,4,0,6,0,0,0,0,2,1,6,1,56,9,1398,1,6,4,1,4
2018010122113,2,9,0,4,0,6,0,0,0,0,1,1,6,2,44,7,1995,2,5,1,1,1
2018010122117,1,9,0,7,0,1,0,0,0,0,1,1,6,1,46,8,3199,1,15,1,1,1
2018010122118,1,5,0,16,0,1,1,0,0,0,0,1,6,1,44,7,999,1,2,2,1,2
2018010122118,2,9,0,9,0,6,0,0,0,0,0,1,6,1,32,6,1242,1,5,9,1,9
2018010122121,1,9,0,7,2,1,0,0,0,0,4,2,6,1,27,6,-1,-1,-1,-1,-1,-1
2018010122121,2,11,0,18,0,1,0,0,0,0,3,1,1,1,44,7,4500,2,8,3,1,3
2018010122123,1,9,0,-1,-1,-1,-1,-1,-1,-1,1,-1,2,2,39,7,1598,1,10,3,1,3
2018010122123,2,9,0,-1,-1,-1,-1,-1,-1,-1,-1,-1,6,3,-1,-1,1999,1,16,-1,-1,-1
2018010122130,1,8,0,18,0,0,0,0,0,0,1,1,1,1,57,9,2499,2,8,2,1,2
2018010122132,1,9,0,17,0,3,0,0,0,0,1,1,6,1,77,11,1995,1,10,1,1,1
2018010122132,2,8,0,4,0,3,0,0,0,0,2,1,6,1,27,6,2494,8,3,2,1,2
2018010122134,1,1,0,16,0,0,1,0,0,0,1,1,6,1,27,6,-1,-1,-1,3,1,3
2018010122134,2,9,0,10,0,0,0,0,0,0,3,1,1,1,48,8,1699,1,11,4,1,4
2018010122138,1,11,0,9,0,8,0,0,0,0,0,1,1,1,49,8,4500,2,6,4,1,4
2018010122139,1,9,0,6,0,1,0,0,0,0,1,1,6,2,31,6,1390,1,5,3,1,3
2018010122139,2,9,0,18,0,1,0,0,0,0,1,1,6,1,32,6,1686,2,12,9,1,9
2018010122144,1,9,0,18,0,8,0,0,0,0,1,1,6,1,34,6,1686,2,7,2,1,2
2018010122144,2,1,0,6,0,8,0,0,0,0,3,1,6,1,14,3,-1,-1,-1,3,1,3
2018010122145,1,9,0,18,0,0,5,4,0,0,1,1,6,2,56,9,1397,1,10,9,1,9
2018010122145,2,9,0,2,0,0,0,0,0,0,3,1,6,3,-1,-1,1329,1,1,-1,-1,-1
2018010122147,1,19,0,18,2,8,1,0,0,0,4,1,1,1,47,8,-1,-1,-1,3,1,3
2018010122147,2,9,0,7,0,8,1,0,0,0,1,1,6,1,18,4,1995,2,6,3,1,3
2018010122150,1,19,0,7,0,6,0,0,0,0,1,1,1,1,38,7,2143,2,6,3,1,3
2018010122150,2,1,0,18,0,8,5,0,0,0,4,1,2,1,51,8,-1,-1,-1,2,1,2
2018010122152,1,3,0,-1,-1,0,-1,-1,-1,-1,1,1,6,1,22,5,125,1,9,5,1,5
2018010122153,1,9,0,12,0,1,0,0,0,0,1,1,6,2,28,6,999,1,10,9,1,9
2018010122153,2,9,0,5,0,1,0,0,0,0,2,1,2,1,54,8,2143,2,8,5,1,5
2018010122156,1,9,0,9,0,6,0,0,0,0,1,1,2,1,47,8,1461,2,3,-1,-1,-1
2018010122156,2,9,0,18,0,1,0,4,0,0,4,1,2,1,55,8,1968,2,13,3,1,3
2018010122156,3,19,0,2,9,1,0,0,0,0,3,1,6,3,-1,-1,1560,2,6,-1,-1,-1
2018010122158,1,1,0,18,0,8,0,0,0,0,1,1,6,1,43,7,-1,-1,-1,7,-1,7
2018010122158,2,9,0,3,0,8,0,0,0,0,2,1,6,2,59,9,1397,1,16,5,1,5
2018010122159,1,9,0,18,0,2,0,0,0,0,1,1,2,1,38,7,1988,1,14,2,1,2
2018010122161,1,1,-1,-1,-1,-1,-1,-1,-1,-1,1,1,2,1,29,6,-1,-1,-1,6,1,6
2018010122161,2,8,0,-1,-1,-1,-1,-1,-1,-1,-1,-1,6,3,-1,-1,2402,2,13,-1,-1,-1
2018010122163,1,9,0,9,0,8,0,0,0,0,4,1,6,1,26,6,1496,1,2,-1,-1,-1
2018010122163,2,1,0,18,0,1,0,0,0,0,1,1,2,1,29,6,-1,-1,-1,8,1,8
2018010122175,1,9,0,3,0,0,0,0,0,0,3,-1,6,1,27,6,999,1,1,2,1,2
2018010122175,2,9,0,18,0,0,0,0,0,0,3,-1,6,3,-1,-1,998,1,12,-1,-1,-1
2018010122180,1,1,-1,-1,-1,-1,-1,-1,-1,-1,1,1,6,2,38,7,-1,-1,-1,3,1,3
2018010122180,2,9,0,-1,-1,-1,-1,-1,-1,-1,-1,-1,6,3,-1,-1,1398,1,7,-1,-1,-1
2018010122183,1,1,-1,-1,-1,-1,-1,-1,-1,-1,2,1,2,1,32,6,-1,-1,-1,4,1,4
2018010122183,2,9,0,-1,-1,-1,-1,-1,-1,-1,1,-1,6,3,-1,-1,1198,1,7,-1,-1,-1
2018010122185,1,1,-1,-1,-1,-1,-1,-1,-1,-1,-1,1,6,2,42,7,-1,-1,-1,6,1,6
2018010122185,2,9,-1,-1,-1,-1,-1,-1,-1,-1,-1,-1,6,1,61,9,1984,1,-1,8,3,8
2018010122188,1,9,-1,18,0,1,0,-1,-1,-1,2,1,6,1,28,6,2143,2,6,8,3,8
2018010122188,2,9,-1,18,0,1,0,0,0,0,1,1,6,2,-1,-1,1997,1,13,3,1,3
2018010122192,1,9,0,7,0,0,1,0,6,2,2,1,3,2,31,6,1995,1,10,2,1,2
2018010122192,2,9,0,18,0,0,1,0,0,0,1,1,6,1,22,5,1995,2,4,3,1,3
2018010122201,1,1,0,15,0,1,0,0,0,0,0,1,6,1,60,9,-1,-1,-1,9,1,9
2018010122201,2,4,0,18,0,1,0,0,0,0,0,1,1,1,-1,-1,471,1,-1,-1,-1,-1
2018010122214,1,9,0,9,0,6,0,0,0,0,1,1,2,1,23,5,1995,2,5,10,1,10
2018010122214,2,3,0,14,0,1,0,0,0,0,1,1,2,1,45,7,530,1,3,3,1,3
2018010122217,1,9,0,3,0,1,0,0,0,0,2,1,6,1,55,8,-1,-1,-1,6,1,6
2018010122217,2,9,0,18,0,1,0,0,0,0,1,1,6,2,-1,-1,1598,1,14,2,1,2
2018010122222,1,19,0,1,0,0,0,0,0,0,2,1,1,1,47,8,2198,2,2,5,1,5
2018010122224,1,9,0,-1,-1,0,-1,-1,-1,-1,1,-1,6,2,25,5,2143,2,6,2,1,2
2018010122224,2,9,0,-1,-1,0,-1,-1,-1,-1,2,-1,6,3,-1,-1,1910,2,12,3,1,3
2018010122228,1,21,0,18,0,0,0,0,0,0,1,1,1,1,56,9,10837,2,3,3,1,3
2018010122236,1,11,0,18,0,0,0,0,0,0,1,1,1,1,60,9,6700,2,6,3,1,3
2018010122237,1,9,0,-1,-1,0,-1,-1,-1,-1,1,-1,6,1,25,5,1999,2,-1,5,1,5
2018010122248,1,9,-1,5,-1,0,0,0,-1,0,0,1,6,3,-1,-1,1797,8,6,-1,-1,-1
2018010122254,1,8,0,18,0,2,0,0,0,0,4,1,1,1,57,9,2499,2,10,9,1,9
2018010122254,2,1,0,5,0,1,0,0,0,0,4,1,6,1,35,6,-1,-1,-1,-1,-1,-1
2018010122256,1,9,0,18,0,0,0,0,0,0,1,1,6,1,51,8,998,1,14,-1,-1,-1
2018010122256,2,9,0,18,0,0,0,0,0,0,1,1,6,1,60,9,1498,1,-1,8,2,8
2018010122256,3,21,1,18,0,0,0,0,0,0,1,2,1,1,46,8,-1,-1,-1,-1,-1,-1
2018010122258,1,11,0,4,0,2,0,0,0,0,0,1,1,1,50,8,5132,2,-1,5,1,5
2018010122260,1,9,0,5,0,8,0,0,0,0,3,1,6,2,68,10,1496,2,1,6,1,6
2018010122260,2,1,0,18,0,8,0,0,0,0,1,1,6,1,15,3,-1,-1,-1,6,1,6
2018010122261,1,3,0,3,0,0,0,0,0,0,3,1,2,1,41,7,124,1,12,9,1,9
2018010122261,2,5,0,4,0,0,0,0,0,0,4,1,2,1,34,6,998,1,4,3,1,3
2018010122262,1,9,0,18,0,2,0,0,0,0,1,1,6,3,-1,-1,-1,-1,-1,-1,-1,-1
2018010122267,1,9,0,18,0,1,0,4,0,0,1,1,6,1,24,5,1984,1,10,-1,-1,-1
2018010122267,2,9,0,4,0,1,0,0,0,0,2,1,6,1,54,8,1598,1,9,3,1,3
2018010122267,3,9,0,10,0,1,0,0,0,0,2,1,6,2,42,7,-1,-1,-1,4,1,4
2018010122267,4,19,0,18,0,1,0,0,0,0,1,1,1,1,54,8,-1,-1,-1,3,1,3
2018010122267,5,9,0,8,0,1,0,0,0,0,1,1,6,1,32,6,1798,1,9,4,1,4
2018010122268,1,19,0,9,0,8,0,0,0,0,3,1,1,1,60,9,4462,2,5,3,1,3
2018010122268,2,9,0,15,0,3,0,0,0,0,4,1,6,1,26,6,1499,2,2,4,1,4
2018010122273,1,11,0,18,2,1,0,0,0,0,1,1,1,1,49,8,5132,2,1,1,1,1
2018010122273,2,8,0,7,0,1,0,0,0,0,4,1,1,1,64,9,1798,8,3,2,1,2
2018010122277,1,9,0,18,0,8,0,0,0,0,4,1,6,1,25,5,2143,2,1,2,1,2
2018010122277,2,5,0,4,0,2,0,0,0,0,2,1,2,1,40,7,1261,1,16,4,1,4
2018010122280,1,10,0,4,0,0,0,0,0,0,1,1,1,1,57,9,-1,-1,-1,-1,-1,-1
2018010122280,2,9,0,4,0,0,0,0,0,0,2,1,6,1,23,5,1986,2,13,1,1,1
2018010122282,1,9,0,18,0,1,0,0,0,0,1,1,6,3,-1,-1,1798,1,8,-1,-1,-1
2018010122283,1,9,0,-1,-1,0,-1,-1,-1,-1,2,-1,6,1,38,7,1994,1,16,4,1,4
2018010122283,2,9,0,-1,-1,0,-1,-1,-1,-1,1,-1,6,3,-1,-1,1598,1,11,-1,-1,-1
2018010122285,1,9,0,3,0,1,0,0,0,0,0,1,6,1,35,6,1598,1,11,2,1,2
2018010122285,2,9,0,4,0,1,0,0,0,0,4,1,3,2,33,6,1910,2,10,1,1,1
2018010122285,3,5,0,4,0,1,5,0,0,0,3,1,6,1,54,8,998,1,11,4,1,4
2018010122289,1,3,0,18,0,0,5,0,0,0,4,1,2,1,37,7,125,1,-1,5,1,5
2018010122289,2,9,0,12,0,0,0,0,0,0,3,1,2,1,38,7,2143,2,1,10,1,10
2018010122291,1,3,0,18,0,1,0,0,0,0,1,1,2,1,22,5,124,1,5,6,1,6
2018010122291,2,9,0,9,7,1,0,0,0,0,1,1,6,1,30,6,1796,1,11,-1,-1,-1
2018010122292,1,9,0,10,0,1,0,0,0,0,1,1,6,2,30,6,1198,1,6,4,1,4
2018010122292,2,2,0,13,0,1,0,0,0,0,1,1,2,1,38,7,49,1,10,2,1,2
2018010122293,1,11,0,18,0,4,0,0,0,0,1,1,1,1,43,7,4500,2,8,5,1,5
2018010122293,2,9,0,7,0,4,0,0,0,0,3,1,6,2,44,7,1797,8,8,7,1,7
2018010122298,1,9,0,9,0,1,0,0,0,0,3,1,6,2,26,6,1198,1,13,6,1,6
2018010122298,2,4,0,13,0,1,0,0,0,0,1,1,6,2,29,6,125,1,3,5,1,5