Accident_Index,Vehicle_Reference,Vehicle_Type,Towing_and_Articulation,Vehicle_Manoeuvre,Vehicle_Location-Restricted_Lane,Junction_Location,Skidding_and_Overturning,Hit_Object_in_Carriageway,Vehicle_Leaving_Carriageway,Hit_Object_off_Carriageway,1st_Point_of_Impact,Was_Vehicle_Left_Hand_Drive?,Journey_Purpose_of_Driver,Sex_of_Driver,Age_of_Driver,Age_Band_of_Driver,Engine_Capacity_(CC),Propulsion_Code,Age_of_Vehicle,Driver_IMD_Decile,Driver_Home_Area_Type,Vehicle_IMD_Decile
2018010122300,1,11,0,9,0,1,0,0,0,0,1,1,1,1,57,9,4500,2,3,6,1,6
2018010122300,2,1,0,18,2,6,0,0,0,0,1,1,6,1,33,6,-1,-1,-1,4,1,4
2018010122301,1,11,0,5,0,2,0,0,0,0,0,1,1,1,47,8,8300,2,11,2,1,2
2018010122303,1,1,0,18,0,2,0,0,0,0,1,1,6,1,16,4,-1,-1,-1,4,1,4
2018010122304,1,2,0,4,0,1,0,0,0,0,1,1,2,1,24,5,125,1,-1,2,1,2
2018010122304,2,1,0,14,0,1,0,0,0,0,2,1,2,1,18,4,-1,-1,-1,4,1,4
2018010122305,1,9,0,-1,-1,0,-1,-1,-1,-1,2,-1,6,1,30,6,1339,8,8,4,1,4
2018010122305,2,9,0,-1,-1,0,-1,-1,-1,-1,1,-1,6,3,-1,-1,1984,1,8,8,1,8
2018010122305,3,9,0,-1,-1,0,-1,-1,-1,-1,2,-1,6,3,-1,-1,2993,2,7,-1,-1,-1
2018010122309,1,1,0,5,0,8,0,10,0,0,2,1,2,2,31,6,-1,-1,-1,4,1,4
2018010122309,2,9,0,5,0,8,0,0,0,0,1,1,6,3,-1,-1,1991,1,19,-1,-1,-1
2018010122310,1,21,1,18,0,0,0,0,0,0,3,2,1,1,47,8,-1,-1,-1,-1,-1,-1
2018010122310,2,9,0,18,0,0,0,0,0,0,4,1,6,1,61,9,1998,1,1,10,1,10
2018010122312,1,8,0,18,0,0,0,0,0,0,1,1,1,1,58,9,2499,2,10,6,1,6
2018010122316,1,9,0,18,9,0,0,10,7,10,1,1,6,1,20,4,1364,1,10,3,1,3
2018010122322,1,11,0,-1,-1,0,-1,-1,-1,-1,-1,-1,6,1,38,7,13000,2,4,5,1,5
2018010122323,1,9,0,-1,-1,-1,-1,-1,-1,-1,1,-1,6,2,62,9,1198,1,3,7,1,7
2018010122323,2,9,0,-1,-1,-1,-1,-1,-1,-1,1,-1,6,3,-1,-1,-1,-1,-1,-1,-1,-1
2018010122328,1,9,0,9,0,2,0,0,0,0,1,1,6,1,33,6,998,1,2,4,1,4
2018010122331,1,9,0,2,9,0,0,0,0,0,1,1,6,3,-1,-1,2993,2,10,-1,-1,-1
2018010122331,2,9,0,1,9,0,0,4,0,0,2,1,6,1,34,6,-1,-1,-1,8,1,8
2018010122334,1,3,0,18,0,0,0,0,0,0,3,1,6,1,35,6,125,1,8,2,1,2
2018010122334,2,9,0,9,0,0,0,0,0,0,3,1,6,1,42,7,1248,2,6,5,1,5
2018010122335,1,3,0,5,0,1,1,0,3,0,2,1,2,1,28,6,125,1,-1,3,1,3
2018010122335,2,8,0,11,0,2,0,0,0,0,1,1,1,1,46,8,2143,2,3,10,1,10
2018010122337,1,9,0,3,0,1,0,0,0,0,2,1,3,2,37,7,1497,8,3,7,1,7
2018010122337,2,9,0,3,0,1,0,0,3,0,2,1,6,3,-1,-1,1997,2,8,-1,-1,-1
2018010122343,1,9,0,18,0,1,0,0,0,0,1,1,6,1,18,4,1364,1,10,7,1,7
2018010122343,2,9,0,5,0,1,0,0,0,0,1,1,6,1,30,6,1995,2,8,2,1,2
2018010122350,1,9,0,8,0,1,0,0,0,0,2,1,1,1,53,8,1797,8,5,-1,-1,-1
2018010122350,2,9,0,18,0,1,0,0,0,0,1,1,6,3,18,4,1995,2,5,-1,-1,-1
2018010122353,1,9,0,18,0,0,0,0,0,0,1,1,6,1,30,6,1968,2,5,4,1,4
2018010122353,2,9,0,2,0,0,0,0,0,0,1,1,6,3,-1,-1,1341,1,15,-1,-1,-1
2018010122353,3,9,0,2,9,0,0,0,0,0,1,1,6,3,-1,-1,1399,2,13,-1,-1,-1
2018010122353,4,10,0,2,0,0,0,0,0,0,3,1,6,3,-1,-1,2463,2,13,-1,-1,-1
2018010122354,1,9,0,9,0,5,0,0,1,0,3,1,6,1,20,4,1398,1,2,7,1,7
2018010122354,2,3,0,18,0,1,0,0,0,0,3,1,6,1,37,7,125,1,-1,2,1,2
2018010122355,1,9,0,16,0,0,0,10,0,0,4,1,2,2,30,6,1598,1,14,1,1,1
2018010122360,1,9,0,-1,0,0,0,0,0,0,1,-1,6,3,54,8,1398,1,3,3,1,3
2018010122374,1,9,0,5,0,4,0,0,0,0,1,1,6,1,23,5,-1,-1,-1,8,2,8
2018010122374,2,9,0,11,0,4,0,0,1,7,2,1,6,1,65,9,1198,1,2,3,1,3
2018010122375,1,5,0,18,0,0,2,0,0,0,1,1,6,1,37,7,998,1,13,3,1,3
2018010122375,2,9,0,18,0,0,0,0,0,0,2,1,6,1,40,7,1598,1,16,4,1,4
2018010122376,1,1,0,18,0,3,0,0,0,0,2,1,6,1,54,8,-1,-1,-1,4,1,4
2018010122376,2,3,0,15,0,3,0,0,0,0,1,1,6,3,-1,-1,-1,-1,-1,-1,-1,-1
2018010122377,1,9,0,4,0,2,0,0,0,0,2,1,6,1,26,6,1797,8,5,5,1,5
2018010122377,2,9,0,18,0,2,0,0,0,0,1,1,6,1,23,5,1598,1,9,3,1,3
2018010122383,1,9,0,16,9,0,0,0,7,2,1,1,6,1,62,9,1596,1,6,9,1,9
2018010122384,1,9,0,7,0,8,0,0,0,0,3,1,6,2,54,8,1598,1,10,2,1,2
2018010122385,1,1,-1,-1,-1,-1,-1,-1,-1,-1,1,1,2,2,30,6,-1,-1,-1,2,1,2
2018010122385,2,9,0,-1,-1,-1,-1,-1,-1,-1,-1,-1,6,3,-1,-1,1598,1,4,7,1,7
2018010122386,1,1,0,7,0,1,1,0,0,0,1,1,6,2,28,6,-1,-1,-1,8,1,8
2018010122386,2,9,0,16,0,1,0,0,0,0,1,1,6,2,17,4,-1,-1,-1,-1,-1,-1
2018010122388,1,2,0,18,2,1,5,0,0,0,1,1,2,1,26,6,108,1,6,6,1,6
2018010122388,2,9,0,7,2,8,0,0,0,0,4,1,6,3,-1,-1,-1,-1,-1,-1,-1,-1
2018010122389,1,9,0,4,0,0,0,0,0,0,1,1,1,1,44,7,1798,8,-1,3,1,3
2018010122389,2,1,0,7,0,0,0,0,0,0,2,1,1,1,20,4,-1,-1,-1,1,1,1
2018010122390,1,9,0,9,0,5,0,0,0,0,1,1,6,2,76,11,-1,-1,-1,9,1,9
2018010122390,2,1,0,18,0,8,0,0,0,0,3,1,6,2,30,6,-1,-1,-1,-1,-1,-1
2018010122391,1,9,0,11,2,1,0,0,0,0,4,1,6,1,25,5,1388,1,15,6,1,6
2018010122391,2,1,0,5,0,1,0,0,1,0,1,1,6,2,41,7,-1,-1,-1,9,1,9
2018010122393,1,9,0,9,0,8,0,0,0,0,3,2,6,1,38,7,-1,-1,-1,5,1,5
2018010122393,2,3,0,18,0,8,0,0,0,0,1,1,6,1,46,8,1731,1,2,6,1,6
2018010122397,1,1,-1,-1,-1,-1,-1,-1,-1,-1,2,1,2,1,32,6,-1,-1,-1,4,1,4
2018010122397,2,9,0,-1,-1,-1,-1,-1,-1,-1,1,-1,6,3,-1,-1,1796,1,13,1,1,1
2018010122398,1,1,-1,-1,-1,-1,-1,-1,-1,-1,-1,1,2,1,41,7,-1,-1,-1,3,1,3
2018010122398,2,9,0,-1,-1,-1,-1,-1,-1,-1,1,-1,6,3,-1,-1,-1,-1,-1,-1,-1,-1
2018010122399,1,9,0,5,0,8,0,0,0,0,1,1,6,1,51,8,1870,2,18,8,1,8
2018010122399,2,9,0,2,0,2,0,0,0,0,1,1,6,3,-1,-1,-1,-1,-1,-1,-1,-1
2018010122400,1,3,0,-1,-1,-1,-1,-1,-1,-1,-1,1,6,1,36,7,124,1,4,3,1,3
2018010122400,2,9,0,-1,-1,-1,-1,-1,-1,-1,1,-1,6,3,-1,-1,2835,2,13,4,1,4
2018010122401,1,11,0,18,0,0,0,0,1,2,1,1,1,1,24,5,-1,-1,-1,2,1,2
2018010122402,1,9,0,5,0,1,0,0,0,0,4,1,6,1,47,8,3311,8,12,2,1,2
2018010122403,1,3,0,-1,-1,-1,-1,-1,-1,-1,2,1,2,1,-1,-1,125,1,-1,2,1,2
2018010122403,2,9,0,-1,-1,-1,-1,-1,-1,-1,2,-1,6,2,89,11,1596,1,13,7,1,7
2018010122406,1,1,-1,-1,-1,-1,-1,-1,-1,-1,-1,1,6,1,61,9,-1,-1,-1,8,1,8
2018010122406,2,9,0,-1,-1,-1,-1,-1,-1,-1,1,-1,6,3,-1,-1,2184,2,12,-1,-1,-1
2018010122416,1,9,0,-1,0,8,-1,0,0,0,-1,-1,6,3,-1,-1,-1,-1,-1,-1,-1,-1
2018010122419,1,19,0,4,0,1,0,0,0,0,1,1,2,1,56,9,1996,2,4,8,1,8
2018010122419,2,1,0,18,0,1,0,0,0,0,1,1,6,1,21,5,-1,-1,-1,3,1,3
2018010122421,1,9,0,9,0,1,0,0,0,0,1,1,2,1,45,7,1968,2,7,4,1,4
2018010122421,2,3,0,18,0,8,0,0,0,0,1,1,1,1,24,5,108,1,2,4,1,4
2018010122423,1,21,0,4,0,1,0,0,0,0,2,1,1,1,36,7,4580,2,6,5,1,5
2018010122423,2,3,0,18,0,1,0,0,0,0,1,1,6,1,24,5,125,1,1,2,1,2
2018010122424,1,1,0,18,0,0,0,0,0,0,-1,1,6,1,28,6,-1,-1,-1,8,1,8
2018010122424,2,9,0,18,0,0,0,0,0,0,-1,1,6,2,-1,-1,-1,-1,-1,-1,-1,-1
2018010122430,1,9,0,-1,-1,0,-1,-1,-1,-1,2,-1,6,1,28,6,1968,2,1,4,1,4
2018010122434,1,9,0,18,0,1,0,0,0,0,0,1,1,1,32,6,1560,2,4,3,1,3
2018010122434,2,9,0,7,0,5,0,0,0,0,4,1,6,1,37,7,1956,2,5,6,1,6
2018010122434,3,1,0,18,5,1,0,0,0,0,2,1,6,2,27,6,-1,-1,-1,3,1,3
2018010122434,4,3,0,18,5,1,0,0,0,0,1,1,6,3,-1,-1,124,1,1,-1,-1,-1
2018010122436,1,5,0,-1,-1,-1,-1,-1,-1,-1,-1,1,2,1,30,6,998,1,7,5,1,5
2018010122440,1,9,0,3,0,0,0,0,0,0,2,1,1,1,34,6,-1,-1,-1,4,1,4
2018010122440,2,9,4,3,0,0,0,0,0,0,2,1,6,2,46,8,1198,1,7,6,1,6
2018010122440,3,9,0,18,0,0,0,0,0,0,1,1,6,3,-1,-1,-1,-1,-1,-1,-1,-1
2018010122441,1,5,0,18,0,-1,0,-1,-1,-1,-1,1,6,1,32,6,649,1,1,3,1,3
2018010122441,2,19,-1,2,-1,-1,-1,-1,-1,-1,2,-1,6,3,-1,-1,2143,2,6,-1,-1,-1
2018010122442,1,1,-1,-1,-1,-1,-1,-1,-1,-1,-1,1,6,1,19,4,-1,-1,-1,3,1,3
2018010122442,2,9,0,-1,-1,-1,-1,-1,-1,-1,1,-1,6,3,-1,-1,1596,1,14,-1,-1,-1
2018010122445,1,8,0,18,0,1,0,0,0,0,1,1,1,1,31,6,1797,8,4,3,1,3
2018010122449,1,9,-1,1,-1,-1,-1,-1,-1,0,-1,1,6,3,-1,-1,-1,-1,-1,-1,-1,-1
2018010122453,1,9,0,6,0,0,0,0,0,0,4,1,6,2,26,6,1395,1,2,2,1,2
2018010122453,2,9,0,18,0,0,0,0,0,0,4,1,6,1,30,6,1968,2,8,4,1,4
2018010122454,1,9,0,18,0,8,0,7,1,1,1,1,6,1,25,5,1200,1,2,3,1,3
2018010122454,2,9,0,9,0,2,0,0,0,0,1,1,6,3,-1,-1,1950,2,-1,-1,-1,-1
2018010122455,1,2,0,18,0,0,0,0,0,0,1,1,6,1,41,7,125,1,3,5,1,5
2018010122456,1,9,0,9,0,6,0,0,0,0,1,1,6,1,56,9,2996,2,23,8,1,8
2018010122456,2,1,0,9,0,6,0,0,0,0,3,1,6,1,27,6,-1,-1,-1,5,1,5
2018010122457,1,1,0,18,0,2,0,0,0,0,2,1,1,1,20,4,-1,-1,-1,2,1,2
2018010122457,2,9,0,18,0,8,0,0,0,0,1,1,6,3,-1,-1,-1,-1,-1,-1,-1,-1
2018010122458,1,5,0,18,0,8,0,0,0,0,0,1,6,1,27,6,744,1,-1,6,1,6
2018010122458,2,9,0,9,0,5,0,0,0,0,0,1,6,2,54,8,1798,1,17,3,1,3
2018010122460,1,9,0,4,0,0,0,0,0,0,1,1,6,1,44,7,1596,1,6,6,1,6
2018010122460,2,9,0,4,0,0,0,0,0,0,2,1,6,1,38,7,1950,2,1,9,1,9
2018010122463,1,9,0,-1,-1,-1,-1,-1,-1,-1,2,-1,6,2,24,5,998,1,2,1,1,1
2018010122466,1,9,0,9,0,5,0,0,0,0,0,1,1,1,51,8,-1,-1,-1,1,1,1
2018010122466,2,2,0,18,0,1,0,0,0,0,0,1,1,1,17,4,108,1,2,2,1,2
2018010122468,1,9,0,9,0,5,0,0,0,0,1,1,6,2,22,5,1398,1,8,3,1,3
2018010122469,1,9,0,9,0,2,0,0,0,0,1,1,6,2,46,8,1795,1,13,4,1,4
2018010122470,1,9,0,9,0,8,0,0,0,0,3,1,6,1,32,6,-1,-1,-1,7,1,7
2018010122470,2,9,0,18,0,8,0,0,0,0,1,1,6,1,63,9,1998,1,14,1,1,1
2018010122471,1,9,0,18,0,1,0,0,0,0,1,1,6,2,22,5,1296,1,11,5,1,5
2018010122471,2,9,0,9,0,6,0,0,0,0,1,1,6,3,28,6,1364,1,9,-1,-1,-1
2018010122472,1,11,0,18,0,0,0,0,0,0,0,1,6,1,49,8,6692,2,8,-1,-1,-1
2018010122473,1,9,0,18,2,1,0,0,0,0,1,1,2,2,21,5,1598,1,17,4,1,4
2018010122473,2,3,0,11,2,1,0,0,0,0,4,1,1,1,22,5,108,1,3,4,1,4
2018010122473,3,9,0,11,0,1,0,0,0,0,0,1,6,3,-1,-1,-1,-1,-1,-1,-1,-1
2018010122476,1,8,0,18,0,2,0,0,0,0,1,1,1,1,44,7,1797,8,7,3,1,3
2018010122482,1,9,0,18,0,2,0,0,0,0,1,1,6,2,36,7,3956,2,1,5,-1,5
2018010122482,2,9,0,13,0,2,0,0,0,0,2,1,6,1,46,8,2993,2,2,5,1,5
2018010122485,1,9,0,5,0,0,0,0,0,0,1,1,6,1,28,6,2143,2,6,6,1,6
2018010122487,1,9,0,5,0,1,0,0,0,0,1,1,6,1,41,7,1598,1,10,3,1,3
2018010122489,1,19,0,18,0,8,0,0,0,0,4,1,6,1,38,7,1461,2,7,5,1,5
2018010122489,2,9,0,18,0,8,0,0,0,0,1,1,6,1,23,5,1197,1,1,9,1,9
2018010122491,1,9,0,18,0,1,0,0,1,0,0,1,1,1,57,9,-1,-1,-1,2,1,2
2018010122491,2,9,0,6,0,1,0,0,1,0,1,1,6,1,26,6,1598,2,5,-1,-1,-1
2018010122494,1,9,0,16,0,1,0,11,7,1,1,1,6,1,20,4,1598,1,4,5,1,5
2018010122497,1,11,0,18,0,1,0,0,0,0,0,1,1,1,54,8,4461,2,5,1,1,1
2018010122500,1,3,0,15,0,1,1,4,0,0,1,1,6,1,21,5,125,1,3,4,1,4
2018010122500,2,1,0,3,0,1,0,0,0,0,1,1,6,2,25,5,-1,-1,-1,7,1,7
2018010122501,1,11,-1,-1,-1,-1,-1,0,-1,0,-1,1,6,3,-1,-1,-1,-1,-1,-1,-1,-1
2018010122505,1,9,0,18,0,3,0,0,0,0,3,1,6,1,26,6,1200,1,1,4,-1,4
2018010122505,2,1,0,18,0,3,0,0,0,0,4,1,6,1,41,7,-1,-1,-1,7,1,7
2018010122506,1,9,0,-1,-1,-1,-1,-1,-1,-1,-1,-1,6,1,32,6,1598,1,13,4,1,4
2018010122506,2,9,0,-1,-1,-1,-1,-1,-1,-1,0,-1,6,3,-1,-1,1997,2,8,5,1,5
2018010122511,1,9,0,18,0,0,0,0,0,0,1,1,6,1,36,7,2687,1,10,-1,-1,-1
2018010122513,1,9,0,2,0,0,0,0,0,0,0,1,6,3,-1,-1,-1,-1,-1,-1,-1,-1
2018010122513,2,1,0,18,0,0,0,4,0,0,1,1,6,1,53,8,-1,-1,-1,4,1,4
2018010122517,1,9,0,-1,-1,-1,-1,-1,-1,-1,2,-1,6,2,47,8,1796,1,11,4,1,4
2018010122517,2,3,0,-1,-1,-1,-1,-1,-1,-1,2,1,6,3,-1,-1,125,1,8,-1,-1,-1
2018010122522,1,9,0,9,0,2,0,0,0,0,4,1,6,1,24,5,1560,2,9,2,1,2
2018010122522,2,11,0,18,0,1,0,0,0,0,1,1,1,1,45,7,4500,2,3,1,1,1
2018010122523,1,9,0,18,0,1,0,0,0,0,4,1,6,2,67,10,1396,1,5,4,1,4
2018010122524,1,9,0,7,0,6,0,0,0,0,3,1,6,2,83,11,1590,1,15,7,1,7
2018010122524,2,9,0,18,0,1,0,0,4,0,1,1,6,1,36,7,1995,2,2,6,1,6
2018010122525,1,1,0,18,0,0,0,0,0,0,1,1,6,1,41,7,-1,-1,-1,9,1,9
2018010122525,2,9,0,4,0,0,0,0,0,0,2,1,6,2,44,7,1598,1,13,9,1,9
2018010122529,1,9,0,3,0,1,0,0,0,0,1,1,6,1,43,7,3982,1,2,3,1,3
2018010122530,1,9,0,10,0,1,0,0,0,0,1,1,6,1,57,9,1984,1,14,2,1,2
2018010122530,2,1,0,18,0,1,0,0,0,0,1,1,6,2,34,6,-1,-1,-1,3,1,3
2018010122536,1,9,0,-1,-1,1,-1,-1,-1,-1,2,1,6,1,37,7,2148,2,11,7,1,7
2018010122536,2,9,0,18,0,1,0,0,0,0,1,1,6,3,-1,-1,1998,1,-1,-1,-1,-1
2018010122542,1,10,0,16,0,1,0,0,0,0,4,1,6,3,-1,-1,-1,-1,-1,-1,-1,-1
2018010122546,1,3,0,18,0,1,0,0,0,0,1,1,6,1,38,7,125,1,1,3,1,3
2018010122546,2,8,0,9,0,5,0,0,0,0,1,1,1,1,36,7,1968,2,5,5,1,5
2018010122549,1,9,0,18,0,0,0,0,0,0,1,1,6,1,27,6,1796,1,12,2,1,2
2018010122550,1,9,0,6,0,8,0,0,1,0,3,1,6,1,24,5,1998,1,16,3,1,3
2018010122550,2,9,0,18,0,8,0,0,0,0,1,1,6,2,27,6,998,1,10,7,1,7
2018010122551,1,4,0,18,2,1,0,0,0,0,1,1,6,1,21,5,124,1,2,4,1,4
2018010122551,2,9,0,7,0,5,0,0,0,0,4,1,6,1,32,6,1364,1,1,1,1,1
2018010122557,1,8,0,6,0,1,0,0,0,0,0,1,6,1,46,8,1797,8,7,2,1,2
2018010122557,2,1,0,18,0,1,5,0,0,0,0,1,6,1,37,7,-1,-1,-1,4,1,4
2018010122558,1,9,0,18,0,0,0,0,0,0,3,1,6,2,81,11,1560,2,4,10,1,10
2018010122560,1,1,-1,-1,-1,0,-1,-1,-1,-1,-1,1,6,2,25,5,-1,-1,-1,5,1,5
2018010122560,2,90,0,-1,-1,0,-1,-1,-1,-1,-1,-1,6,1,24,5,-1,-1,-1,2,1,2
2018010122563,1,2,0,-1,-1,-1,-1,-1,-1,-1,-1,1,6,1,27,6,49,1,3,5,1,5
2018010122563,2,90,0,-1,-1,-1,-1,-1,-1,-1,-1,-1,6,3,-1,-1,-1,-1,-1,-1,-1,-1
2018010122564,1,9,0,9,0,1,0,0,0,0,1,1,6,1,32,6,1499,2,2,4,1,4
2018010122564,2,4,0,18,0,1,0,0,0,0,1,1,6,1,20,4,124,1,3,1,1,1
2018010122567,1,9,0,18,0,1,0,0,0,0,1,1,6,1,32,6,1796,1,10,1,1,1
2018010122567,2,2,0,7,0,1,0,0,0,0,4,1,6,1,25,5,108,1,6,3,1,3
2018010122569,1,9,0,18,0,1,0,0,0,0,1,1,6,2,85,11,998,1,3,10,1,10
2018010122569,2,19,0,3,0,1,0,0,0,0,2,1,1,1,25,5,1995,2,6,3,1,3
2018010122576,1,3,0,13,0,0,1,0,0,0,4,1,1,1,37,7,125,1,2,3,1,3
2018010122576,2,9,0,12,0,0,0,0,0,0,3,1,6,2,50,8,1598,2,7,8,3,8
2018010122578,1,9,0,9,0,1,0,0,0,0,4,1,6,1,41,7,1596,1,10,2,1,2
2018010122578,2,3,0,18,0,1,1,0,0,0,1,1,1,1,24,5,-1,-1,-1,2,1,2
2018010122579,1,9,0,-1,-1,-1,-1,-1,-1,-1,1,-1,6,2,18,4,1242,1,10,3,1,3
2018010122579,2,9,0,-1,-1,-1,-1,-1,-1,-1,1,-1,6,3,42,7,1968,2,7,10,1,10
2018010122580,1,9,0,9,0,2,0,0,0,0,1,1,6,2,42,7,1497,8,12,3,1,3
2018010122580,2,5,0,14,0,8,0,0,0,0,4,1,6,1,44,7,-1,-1,-1,8,1,8
2018010122583,1,9,0,-1,-1,0,-1,-1,-1,-1,-1,-1,6,2,52,8,1598,1,3,3,1,3
2018010122583,2,90,0,-1,-1,0,-1,-1,-1,-1,-1,-1,6,3,-1,-1,-1,-1,-1,6,1,6
2018010122584,1,1,0,17,0,1,0,0,1,0,1,1,6,1,17,4,-1,-1,-1,3,1,3
2018010122585,1,9,0,6,0,0,0,0,0,0,1,1,6,1,44,7,2000,1,19,1,1,1
2018010122585,2,5,0,18,0,0,2,0,0,0,1,1,6,1,30,6,645,1,9,10,1,10
2018010122600,1,9,0,2,0,1,0,0,0,0,4,1,6,3,-1,-1,1598,2,4,-1,-1,-1
2018010122600,2,1,0,18,0,1,0,0,0,0,1,1,6,2,48,8,-1,-1,-1,9,1,9
2018010122605,1,9,0,9,0,2,0,0,0,0,1,1,6,1,31,6,1796,1,11,9,1,9
2018010122605,2,3,0,18,0,1,0,0,0,0,3,1,6,1,48,8,-1,-1,-1,6,1,6
2018010122611,1,9,0,18,0,1,0,0,0,0,1,1,1,1,18,4,-1,-1,-1,9,1,9
2018010122613,1,9,0,4,0,6,0,0,0,0,3,1,6,1,76,11,1596,1,6,9,1,9
2018010122613,2,2,0,5,0,1,0,0,0,0,1,1,6,1,16,4,49,1,15,3,1,3
2018010122615,1,9,0,6,0,0,0,0,0,0,3,1,6,1,29,6,1242,1,-1,9,1,9
2018010122615,2,3,0,18,0,0,0,0,0,0,1,1,2,1,17,4,108,1,6,4,1,4
2018010122618,1,9,0,18,0,2,0,0,0,0,1,1,6,3,-1,-1,1397,1,11,-1,-1,-1
2018010122618,2,1,0,18,0,2,0,0,0,0,2,1,1,1,37,7,-1,-1,-1,2,1,2
2018010122619,1,9,0,5,0,8,0,0,0,0,1,1,2,1,33,6,1956,2,5,2,1,2
2018010122619,2,1,0,9,0,8,0,0,1,0,1,1,6,1,14,3,-1,-1,-1,1,1,1
2018010122620,1,9,0,-1,-1,0,-1,-1,-1,-1,-1,-1,6,1,44,7,1896,2,9,3,1,3
2018010122622,1,9,0,5,0,1,0,0,0,0,1,1,6,1,22,5,1910,2,10,5,1,5
2018010122622,2,3,0,9,0,2,5,0,0,0,1,1,1,1,23,5,108,1,3,4,1,4
2018010122623,1,9,0,18,0,1,0,0,0,0,2,1,6,1,32,6,1968,2,14,4,1,4
2018010122623,2,9,0,18,0,1,0,0,0,0,1,1,6,2,24,5,1200,1,1,4,1,4
2018010122624,1,9,0,4,0,0,0,0,0,0,1,1,6,1,52,8,1753,2,12,4,1,4
2018010122624,2,9,0,1,0,0,0,0,0,0,2,1,6,1,24,5,1388,1,15,2,1,2
2018010122626,1,9,0,9,0,2,0,0,0,0,1,1,6,3,-1,-1,-1,-1,-1,-1,-1,-1
2018010122628,1,9,0,18,2,0,0,4,0,0,1,1,6,1,30,6,1798,1,7,5,1,5
2018010122628,2,9,0,3,0,0,0,0,0,0,1,1,6,1,-1,-1,1595,1,6,2,1,2
2018010122629,1,9,0,18,0,8,0,0,0,0,1,1,2,1,38,7,1422,2,3,3,1,3
2018010122629,2,9,0,9,0,8,0,0,0,0,3,1,6,1,23,5,1896,2,15,4,1,4
2018010122631,1,9,0,5,0,1,0,0,0,0,4,1,6,1,25,5,1900,2,12,5,1,5
2018010122631,2,3,0,7,0,1,0,0,0,0,1,1,6,1,23,5,124,1,3,2,1,2
2018010122638,1,19,0,18,0,8,0,0,0,0,1,1,1,1,25,5,2198,2,2,5,1,5
2018010122640,1,1,0,18,0,0,0,0,0,0,-1,1,6,2,30,6,-1,-1,-1,5,1,5
2018010122640,2,9,0,5,0,0,0,0,0,0,-1,-1,6,3,-1,-1,-1,-1,-1,-1,-1,-1
2018010122641,1,9,0,18,0,0,0,7,0,0,1,1,2,1,34,6,1956,2,4,2,1,2
2018010122642,1,2,5,-1,-1,-1,-1,-1,-1,-1,-1,1,6,1,29,6,49,1,17,1,1,1
2018010122646,1,9,0,18,0,2,0,0,0,0,4,1,6,2,64,9,1796,1,11,2,1,2
2018010122647,1,9,-1,-1,-1,0,0,-1,0,0,-1,-1,6,2,25,5,1995,2,8,-1,-1,-1
2018010122647,2,9,-1,-1,-1,0,-1,-1,-1,-1,-1,-1,6,1,24,5,1995,1,12,9,1,9
2018010122650,1,9,-1,-1,-1,0,-1,-1,-1,-1,-1,-1,6,1,78,11,1896,2,10,4,1,4
2018010122653,1,19,0,18,0,0,0,0,0,0,2,1,6,1,42,7,-1,-1,-1,2,1,2
2018010122653,2,19,-1,18,0,0,0,0,0,0,1,-1,6,1,-1,-1,1753,2,13,-1,-1,-1
2018010122655,1,8,0,-1,-1,-1,-1,-1,-1,-1,2,-1,6,1,29,6,1956,2,3,9,1,9
2018010122655,2,9,0,-1,-1,-1,-1,-1,-1,-1,1,-1,6,3,-1,-1,1984,1,12,-1,-1,-1
2018010122656,1,9,0,9,0,1,0,0,0,0,1,1,3,1,56,9,1968,2,9,3,1,3
2018010122656,2,1,0,13,0,1,0,0,0,0,2,1,2,1,32,6,-1,-1,-1,2,1,2
2018010122662,1,9,-1,18,-1,0,-1,-1,-1,-1,-1,-1,6,3,-1,-1,-1,-1,-1,-1,-1,-1
2018010122667,1,3,0,18,0,8,0,0,0,0,1,1,2,1,62,9,125,1,6,2,1,2
2018010122667,2,8,0,10,0,8,0,0,0,0,1,1,1,1,34,6,1798,8,5,3,1,3
2018010122668,1,3,0,9,0,1,1,0,0,0,1,1,6,1,16,4,125,1,-1,3,1,3
2018010122668,2,9,0,2,0,1,0,0,0,0,3,1,6,3,-1,-1,1499,2,-1,-1,-1,-1
2018010122668,3,9,0,17,0,1,0,0,0,0,0,1,6,1,38,7,2993,2,2,-1,-1,-1
2018010122670,1,4,0,17,0,5,0,0,0,0,0,1,3,1,47,8,649,1,23,2,1,2
2018010122670,2,9,0,17,0,5,0,0,0,0,0,1,2,1,58,9,1800,1,13,8,1,8
2018010122673,1,9,0,10,0,6,0,0,0,0,1,1,1,1,25,5,-1,3,4,7,1,7
2018010122673,2,3,0,18,0,8,0,0,0,0,1,1,1,1,43,7,-1,-1,-1,4,1,4
2018010122677,1,9,0,9,0,8,0,0,0,0,1,1,6,1,37,7,2362,1,17,4,1,4
2018010122678,1,9,0,9,0,6,0,0,0,0,4,1,6,2,47,8,1395,1,4,5,1,5
2018010122678,2,3,0,18,0,8,5,0,0,0,0,1,2,1,52,8,125,1,-1,7,1,7
2018010122679,1,9,0,18,0,0,1,0,8,2,1,1,6,1,67,10,1299,1,15,8,1,8
2018010122685,1,9,0,9,0,3,0,0,0,0,3,1,6,2,34,6,998,1,17,1,1,1
2018010122685,2,1,0,18,0,1,0,0,0,0,1,1,1,1,27,6,-1,-1,-1,-1,-1,-1
2018010122688,1,8,0,-1,-1,-1,-1,-1,-1,-1,1,-1,6,1,27,6,1798,8,2,4,1,4
2018010122688,2,9,0,-1,-1,-1,-1,-1,-1,-1,-1,-1,6,3,-1,-1,1598,1,15,-1,-1,-1