Accident_Index,Vehicle_Reference,Vehicle_Type,Towing_and_Articulation,Vehicle_Manoeuvre,Vehicle_Location-Restricted_Lane,Junction_Location,Skidding_and_Overturning,Hit_Object_in_Carriageway,Vehicle_Leaving_Carriageway,Hit_Object_off_Carriageway,1st_Point_of_Impact,Was_Vehicle_Left_Hand_Drive?,Journey_Purpose_of_Driver,Sex_of_Driver,Age_of_Driver,Age_Band_of_Driver,Engine_Capacity_(CC),Propulsion_Code,Age_of_Vehicle,Driver_IMD_Decile,Driver_Home_Area_Type,Vehicle_IMD_Decile
2018010122691,1,20,0,-1,-1,0,-1,-1,-1,-1,1,1,1,3,-1,-1,2143,2,3,-1,-1,-1
2018010122692,1,9,0,18,0,0,0,7,7,1,1,1,1,1,27,6,1796,2,4,2,1,2
2018010122697,1,11,0,4,0,1,0,0,0,0,0,1,6,1,74,10,6700,2,8,4,1,4
2018010122698,1,9,-1,18,0,0,-1,4,0,0,0,-1,6,3,-1,-1,1984,1,10,-1,-1,-1
2018010122702,1,3,0,18,0,1,0,0,0,0,1,1,6,1,48,8,124,1,9,2,1,2
2018010122702,2,9,0,4,0,1,0,0,0,0,2,1,6,2,23,5,1796,1,12,3,1,3
2018010122703,1,9,0,-1,-1,-1,-1,-1,-1,-1,2,-1,6,1,39,7,1240,1,14,9,1,9
2018010122703,2,9,0,-1,-1,-1,-1,-1,-1,-1,1,-1,6,3,-1,-1,1995,2,5,-1,-1,-1
2018010122704,1,1,0,17,0,8,0,0,0,0,3,1,6,1,43,7,-1,-1,-1,3,1,3
2018010122704,2,9,0,17,0,8,0,0,0,0,1,1,6,1,31,6,1796,1,11,1,1,1
2018010122705,1,9,0,9,2,0,0,0,0,0,4,1,6,1,31,6,2204,2,10,9,1,9
2018010122705,2,2,0,18,2,0,1,0,0,0,1,1,6,1,52,8,124,1,6,3,1,3
2018010122708,1,9,0,18,0,0,0,0,0,0,4,1,2,2,26,6,1398,1,3,4,1,4
2018010122711,1,11,0,5,0,0,0,0,0,0,0,1,1,1,54,8,6700,2,9,8,1,8
2018010122715,1,9,3,9,0,3,0,0,0,0,1,1,6,2,29,6,998,1,2,8,1,8
2018010122715,2,9,0,9,0,1,0,0,0,0,3,1,2,1,33,6,1995,2,9,2,1,2
2018010122717,1,11,0,3,0,0,0,0,0,0,0,1,1,1,51,8,9000,2,10,3,1,3
2018010122730,1,11,0,4,0,1,0,0,0,0,0,1,1,1,55,8,6692,2,5,3,1,3
2018010122737,1,9,0,18,0,0,0,0,0,0,4,1,6,1,27,6,1998,1,14,-1,-1,-1
2018010122740,1,11,0,18,0,1,0,0,0,0,0,1,1,1,54,8,6692,2,9,3,1,3
2018010122742,1,11,0,5,0,1,0,0,0,0,0,1,1,1,53,8,6692,2,7,9,2,9
2018010122744,1,9,0,4,0,0,0,0,0,0,1,1,6,1,37,7,1360,1,12,3,1,3
2018010122744,2,9,0,4,0,0,0,0,0,0,2,1,6,1,62,9,1910,2,12,5,1,5
2018010122744,3,9,0,4,0,0,0,0,0,0,2,1,6,2,74,10,998,1,4,2,1,2
2018010122747,1,9,0,18,0,0,0,0,0,0,1,1,6,1,26,6,2979,1,3,6,1,6
2018010122749,1,9,0,14,0,2,0,0,0,0,1,1,2,1,42,7,1339,8,7,4,1,4
2018010122750,1,9,0,4,0,0,0,0,0,0,2,1,6,2,34,6,1598,1,8,6,2,6
2018010122750,2,9,0,4,0,0,0,0,0,0,2,1,6,2,40,7,1299,1,16,-1,-1,-1
2018010122750,3,9,0,4,0,0,0,0,0,0,2,1,1,1,28,6,1200,1,-1,1,1,1
2018010122750,4,9,0,4,0,0,0,0,0,0,2,1,2,1,36,7,2143,2,3,6,1,6
2018010122752,1,9,0,4,0,1,0,0,0,0,1,1,6,1,30,6,1200,1,5,8,1,8
2018010122752,2,9,0,4,0,1,0,0,0,0,2,1,6,1,37,7,1497,8,11,3,1,3
2018010122755,1,9,0,4,0,8,0,0,0,0,1,1,6,2,73,10,1398,1,7,5,1,5
2018010122756,1,1,0,18,0,6,0,0,0,0,1,1,6,1,19,4,-1,-1,-1,-1,-1,-1
2018010122760,1,9,0,9,0,5,0,0,0,0,1,1,1,1,53,8,1997,2,1,4,1,4
2018010122760,2,1,0,18,0,8,5,0,0,0,1,1,2,2,27,6,-1,-1,-1,3,1,3
2018010122762,1,1,0,18,0,8,2,0,0,0,1,1,2,1,47,8,-1,-1,-1,4,1,4
2018010122762,2,9,0,9,0,5,0,0,0,0,4,1,2,1,22,5,1499,1,3,3,1,3
2018010122763,1,9,0,9,9,1,0,0,0,0,4,1,6,1,33,6,1461,2,8,1,1,1
2018010122763,2,1,0,18,9,1,0,0,0,0,1,1,6,2,25,5,-1,-1,-1,3,1,3
2018010122764,1,8,0,15,0,1,0,0,0,0,1,1,6,1,18,4,-1,-1,-1,-1,-1,-1
2018010122764,2,1,0,16,0,1,0,0,0,0,3,1,6,1,31,6,-1,-1,-1,7,1,7
2018010122772,1,19,0,9,0,6,0,0,0,0,1,1,6,3,-1,-1,1560,2,10,-1,-1,-1
2018010122774,1,9,0,18,2,0,0,0,0,0,1,1,2,1,21,5,2143,2,4,1,1,1
2018010122775,1,5,0,18,0,0,0,0,0,0,4,1,6,1,64,9,749,1,11,3,1,3
2018010122775,2,9,0,6,0,0,0,0,0,0,1,1,1,1,51,8,1686,2,14,6,1,6
2018010122777,1,1,0,3,0,1,0,0,0,0,0,1,1,1,28,6,-1,-1,-1,5,1,5
2018010122778,1,9,0,5,0,1,0,0,0,0,1,1,6,1,54,8,1398,1,5,10,1,10
2018010122778,2,4,0,3,0,1,0,0,0,0,0,1,6,1,37,7,-1,-1,-1,4,1,4
2018010122779,1,9,0,18,0,1,0,0,0,0,1,1,6,1,25,5,1395,1,-1,5,1,5
2018010122779,2,9,0,9,0,1,0,0,0,0,3,2,1,2,59,9,-1,3,4,-1,-1,-1
2018010122781,1,9,0,-1,-1,-1,-1,-1,-1,-1,2,-1,6,2,47,8,1388,1,7,4,1,4
2018010122782,1,9,0,3,0,0,0,0,0,0,3,1,6,1,20,4,1598,2,3,3,1,3
2018010122787,1,9,0,18,0,1,0,0,0,0,1,1,6,3,-1,-1,1199,2,6,-1,-1,-1
2018010122787,2,9,0,3,0,1,0,0,0,0,2,1,6,1,23,5,1461,2,2,3,1,3
2018010122787,3,9,0,3,0,1,0,0,0,0,2,1,6,2,48,8,1950,2,-1,8,1,8
2018010122788,1,9,0,18,0,0,0,0,0,0,0,1,6,1,61,9,1598,1,15,2,1,2
2018010122789,1,9,0,18,0,1,0,0,0,0,4,1,6,1,27,6,1598,1,1,3,1,3
2018010122790,1,9,0,-1,-1,-1,-1,-1,-1,-1,2,-1,6,2,45,7,-1,-1,-1,3,1,3
2018010122790,2,9,0,-1,-1,-1,-1,-1,-1,-1,1,-1,6,3,-1,-1,1968,2,9,-1,-1,-1
2018010122794,1,1,-1,-1,-1,-1,-1,-1,-1,-1,-1,1,2,1,50,8,-1,-1,-1,6,1,6
2018010122794,2,9,0,-1,-1,-1,-1,-1,-1,-1,-1,-1,6,2,57,9,1596,1,12,4,1,4
2018010122795,1,5,0,18,0,2,2,4,0,0,1,1,2,1,26,6,656,1,8,3,1,3
2018010122795,2,9,0,2,0,2,0,0,0,0,2,1,6,3,-1,-1,1968,2,1,-1,-1,-1
2018010122796,1,1,-1,-1,-1,-1,-1,-1,-1,-1,2,1,6,2,38,7,-1,-1,-1,-1,-1,-1
2018010122796,2,11,0,-1,-1,-1,-1,-1,-1,-1,0,-1,6,3,-1,-1,-1,-1,-1,-1,-1,-1
2018010122798,1,9,0,7,0,1,0,0,0,0,3,1,6,1,91,11,1596,1,7,9,1,9
2018010122798,2,3,0,18,0,1,0,0,0,0,1,1,6,1,17,4,124,1,9,5,1,5
2018010122799,1,1,-1,-1,-1,0,-1,-1,-1,-1,1,1,2,2,28,6,-1,-1,-1,8,1,8
2018010122799,2,9,0,-1,-1,0,-1,-1,-1,-1,3,-1,6,3,-1,-1,-1,-1,-1,-1,-1,-1
2018010122800,1,9,0,18,0,0,0,0,0,0,1,1,6,1,56,9,3199,1,14,3,1,3
2018010122800,2,5,0,18,0,0,0,0,0,0,2,1,6,1,33,6,599,1,9,5,1,5
2018010122805,1,1,0,18,0,0,0,0,0,0,0,1,6,1,43,7,-1,-1,-1,4,1,4
2018010122808,1,8,0,18,0,1,0,0,0,0,2,1,6,1,51,8,1598,2,5,7,1,7
2018010122808,2,9,0,18,0,1,0,0,0,0,2,1,6,3,-1,-1,1339,8,6,-1,-1,-1
2018010122810,1,9,0,9,0,7,0,0,0,0,4,1,6,1,44,7,3200,2,13,3,1,3
2018010122810,2,3,0,18,0,1,0,0,0,0,1,1,1,1,18,4,-1,-1,-1,7,1,7
2018010122812,1,1,-1,-1,-1,-1,-1,-1,-1,-1,1,1,2,1,34,6,-1,-1,-1,4,1,4
2018010122812,2,9,0,-1,-1,-1,-1,-1,-1,-1,-1,-1,6,1,66,10,1998,1,17,2,1,2
2018010122813,1,9,0,1,0,6,0,0,1,0,2,1,6,1,-1,-1,1998,1,-1,-1,-1,-1
2018010122813,2,1,0,9,0,6,0,0,0,0,3,1,2,1,26,6,-1,-1,-1,1,1,1
2018010122816,1,21,0,18,0,0,0,5,0,0,1,1,1,1,33,6,-1,-1,-1,3,1,3
2018010122817,1,9,0,18,0,8,0,0,0,0,1,1,6,2,26,6,1198,1,11,1,1,1
2018010122817,2,9,0,18,0,8,0,0,0,0,4,1,6,2,18,4,1198,1,12,1,1,1
2018010122818,1,8,0,18,0,8,0,0,0,0,1,1,1,1,34,6,1798,8,5,3,1,3
2018010122820,1,9,0,18,0,1,2,10,1,10,4,1,6,1,21,5,1598,1,14,7,1,7
2018010122821,1,9,0,18,0,0,0,0,0,0,3,1,2,1,47,8,-1,-1,-1,5,1,5
2018010122821,2,9,0,18,0,0,0,0,0,0,4,1,6,2,24,5,1560,2,8,4,1,4
2018010122822,1,19,0,7,0,0,0,0,0,0,4,1,1,1,31,6,1995,2,-1,4,1,4
2018010122822,2,3,0,18,0,0,0,0,0,0,3,1,6,1,39,7,125,1,1,4,1,4
2018010122823,1,9,0,18,0,2,0,7,0,0,1,1,6,2,59,9,998,1,2,9,1,9
2018010122824,1,9,0,7,0,1,0,0,0,0,4,1,6,1,35,6,-1,-1,-1,2,1,2
2018010122824,2,1,0,18,2,1,0,0,1,0,3,1,1,1,35,6,-1,-1,-1,5,1,5
2018010122826,1,9,0,7,0,5,0,0,0,0,4,1,6,1,50,8,1995,2,9,5,1,5
2018010122826,2,1,0,15,0,1,0,0,0,0,1,1,6,1,43,7,-1,-1,-1,-1,-1,-1
2018010122827,1,19,0,18,0,1,0,0,0,0,1,1,2,1,48,8,1499,2,1,3,1,3
2018010122827,2,9,0,6,0,8,0,0,0,0,4,1,1,1,29,6,1560,2,4,7,1,7
2018010122829,1,9,0,3,0,0,0,0,0,0,2,1,2,1,31,6,-1,-1,-1,10,1,10
2018010122829,2,5,0,14,0,0,0,0,0,0,1,1,2,1,31,6,806,1,5,2,1,2
2018010122839,1,1,0,18,0,0,0,0,0,0,1,1,6,2,41,7,-1,-1,-1,7,1,7
2018010122839,2,8,0,2,0,0,0,0,0,0,2,1,6,3,-1,-1,-1,-1,-1,-1,-1,-1
2018010122840,1,9,0,5,0,1,0,0,0,0,1,1,6,1,29,6,1968,2,8,3,1,3
2018010122840,2,9,0,5,0,2,0,0,0,0,3,1,6,2,46,8,1598,1,9,4,1,4
2018010122841,1,9,-1,5,0,0,-1,-1,0,0,4,-1,6,2,41,7,1364,1,8,2,1,2
2018010122841,2,9,-1,5,0,0,-1,-1,0,0,4,-1,6,1,-1,-1,-1,-1,-1,-1,-1,-1
2018010122842,1,19,0,-1,-1,0,-1,-1,-1,-1,2,-1,2,1,49,8,2198,2,9,5,1,5
2018010122842,2,9,0,-1,-1,0,-1,-1,-1,-1,1,-1,6,3,-1,-1,1242,1,14,10,1,10
2018010122842,3,9,0,-1,-1,0,-1,-1,-1,-1,2,-1,6,3,-1,-1,1999,2,1,8,1,8
2018010122853,1,4,0,18,0,1,0,0,0,0,1,1,6,1,77,11,443,1,33,4,1,4
2018010122853,2,9,0,9,0,1,0,0,0,0,1,1,6,3,-1,-1,-1,-1,-1,-1,-1,-1
2018010122857,1,3,0,-1,-1,0,-1,-1,-1,-1,1,1,6,1,44,7,125,1,3,4,1,4
2018010122857,2,9,0,-1,-1,0,-1,-1,-1,-1,-1,-1,6,3,-1,-1,-1,-1,-1,-1,-1,-1
2018010122859,1,9,0,9,0,1,0,0,0,0,3,1,1,1,46,8,1598,2,4,6,2,6
2018010122859,2,5,0,13,0,1,0,0,0,0,3,1,2,1,33,6,249,1,11,4,1,4
2018010122860,1,9,0,18,0,2,0,0,0,0,2,1,6,1,53,8,2179,2,6,6,1,6
2018010122860,2,9,0,18,0,1,0,0,0,0,4,1,6,1,34,6,2987,2,3,1,1,1
2018010122862,1,9,0,18,0,-1,0,0,0,0,-1,-1,6,1,-1,-1,2435,1,15,-1,-1,-1
2018010122862,2,1,0,18,0,-1,0,0,0,0,-1,1,6,1,9,2,-1,-1,-1,3,-1,3
2018010122872,1,5,0,5,0,1,0,0,0,0,2,1,2,1,50,8,670,1,6,10,1,10
2018010122872,2,21,0,18,0,8,0,0,0,0,1,1,1,1,37,7,-1,-1,-1,5,1,5
2018010122874,1,1,0,18,0,1,0,0,1,10,3,1,2,2,42,7,-1,-1,-1,7,1,7
2018010122874,2,11,0,18,0,1,0,0,0,0,4,1,6,3,-1,-1,-1,-1,-1,-1,-1,-1
2018010122880,1,9,0,18,0,1,1,0,0,0,1,1,1,2,36,7,1229,1,9,4,1,4
2018010122881,1,9,0,8,0,1,0,0,0,0,2,1,2,1,42,7,-1,-1,-1,5,1,5
2018010122881,2,9,0,3,0,1,0,0,0,0,1,1,6,2,53,8,1998,1,14,10,1,10
2018010122882,1,9,4,18,0,2,0,0,0,0,3,1,6,1,66,10,1951,2,15,-1,-1,-1
2018010122883,1,19,0,5,0,0,0,0,0,0,0,1,1,2,64,9,2143,2,1,5,1,5
2018010122883,2,9,0,18,0,0,0,0,0,0,3,1,6,2,32,6,1229,1,5,5,1,5
2018010122889,1,9,0,18,0,1,0,0,0,0,1,1,6,1,26,6,1798,8,6,6,1,6
2018010122890,1,1,-1,-1,-1,-1,-1,-1,-1,-1,1,1,6,1,24,5,-1,-1,-1,5,1,5
2018010122890,2,9,0,-1,-1,-1,-1,-1,-1,-1,1,-1,6,3,-1,-1,-1,-1,-1,-1,-1,-1
2018010122894,1,9,0,-1,-1,0,-1,-1,-1,-1,2,-1,2,1,27,6,1995,2,7,2,1,2
2018010122894,2,9,0,-1,-1,0,-1,-1,-1,-1,2,-1,6,3,-1,-1,1397,1,8,-1,-1,-1
2018010122896,1,9,0,18,0,1,0,0,0,0,4,1,6,1,20,4,998,1,1,8,1,8
2018010122908,1,9,0,10,0,6,0,0,0,0,4,1,6,2,38,7,1596,1,14,4,1,4
2018010122908,2,21,2,18,0,1,0,0,0,0,1,1,6,1,35,6,10837,2,2,3,1,3
2018010122909,1,1,-1,-1,-1,0,-1,-1,-1,-1,1,1,6,1,26,6,-1,-1,-1,3,1,3
2018010122909,2,9,0,-1,-1,0,-1,-1,-1,-1,-1,-1,6,3,-1,-1,-1,-1,-1,4,1,4
2018010122910,1,5,0,-1,-1,-1,-1,-1,-1,-1,1,1,6,1,21,5,847,1,3,4,1,4
2018010122910,2,9,0,-1,-1,-1,-1,-1,-1,-1,2,-1,6,3,-1,-1,998,1,17,-1,-1,-1
2018010122911,1,9,0,4,0,0,0,0,0,0,4,1,6,1,32,6,1984,1,4,3,1,3
2018010122912,1,9,0,18,0,0,0,0,0,0,4,-1,6,1,43,7,1798,8,2,2,1,2
2018010122913,1,8,0,6,0,2,0,0,0,0,4,1,1,1,48,8,1997,2,1,5,1,5
2018010122913,2,2,0,18,0,2,0,0,0,0,1,1,1,1,26,6,108,1,1,4,1,4
2018010122916,1,1,0,18,4,4,5,0,0,0,3,1,2,1,30,6,-1,-1,-1,1,1,1
2018010122916,2,9,0,9,0,5,0,0,0,0,3,-1,6,3,-1,-1,1950,2,-1,-1,-1,-1
2018010122917,1,1,-1,-1,-1,-1,-1,-1,-1,-1,-1,1,6,1,17,4,-1,-1,-1,7,1,7
2018010122917,2,9,0,-1,-1,-1,-1,-1,-1,-1,1,-1,6,1,21,5,1242,1,6,9,1,9
2018010122922,1,9,0,18,0,0,0,4,0,0,1,1,6,2,38,7,1397,1,10,10,1,10
2018010122922,2,9,0,2,0,0,0,0,0,0,1,1,6,3,-1,-1,1995,2,3,-1,-1,-1
2018010122922,3,9,0,2,0,0,0,0,0,0,1,1,6,3,-1,-1,1397,1,9,-1,-1,-1
2018010122922,4,9,0,2,0,0,0,0,0,0,1,1,6,3,-1,-1,1197,1,3,-1,-1,-1
2018010122922,5,9,0,2,0,0,0,0,0,0,4,1,6,3,-1,-1,-1,-1,-1,-1,-1,-1
2018010122924,1,1,0,5,9,0,0,0,0,0,1,1,6,1,18,4,-1,-1,-1,7,1,7
2018010122925,1,8,0,-1,-1,-1,-1,-1,-1,-1,2,-1,6,1,48,8,1598,1,9,3,1,3
2018010122925,2,9,0,-1,-1,-1,-1,-1,-1,-1,1,-1,6,3,-1,-1,1124,1,17,-1,-1,-1
2018010122930,1,9,0,5,0,6,0,0,1,5,1,1,6,2,59,9,1390,1,4,7,1,7
2018010122930,2,11,0,18,0,2,0,0,0,0,1,1,1,1,-1,-1,9000,2,9,5,1,5
2018010122933,1,1,-1,-1,-1,-1,-1,-1,-1,-1,2,1,2,1,45,7,-1,-1,-1,8,1,8
2018010122933,2,8,0,-1,-1,-1,-1,-1,-1,-1,1,-1,6,3,-1,-1,1798,8,2,3,1,3
2018010122936,1,9,0,5,0,8,0,0,0,0,2,1,6,1,40,7,1197,1,1,9,1,9
2018010122936,2,3,0,5,0,8,0,0,0,0,1,1,6,1,32,6,-1,-1,-1,6,1,6
2018010122936,3,90,0,9,0,8,0,0,0,0,0,1,1,3,-1,-1,-1,-1,-1,-1,-1,-1
2018010122946,1,9,0,-1,-1,0,-1,-1,-1,-1,2,-1,6,2,50,8,1598,1,7,6,1,6
2018010122946,2,9,0,-1,-1,0,-1,-1,-1,-1,2,-1,6,3,-1,-1,-1,-1,-1,-1,-1,-1
2018010122948,1,9,-1,-1,-1,0,-1,-1,-1,-1,-1,-1,6,1,53,8,1968,2,13,4,1,4
2018010122948,2,9,-1,-1,-1,0,-1,-1,-1,-1,-1,-1,6,3,-1,-1,1598,1,17,-1,-1,-1
2018010122950,1,11,0,5,0,1,0,0,0,0,0,1,1,1,28,6,6700,2,9,6,1,6
2018010122950,2,9,0,7,0,6,0,0,0,0,0,1,6,3,-1,-1,-1,-1,-1,-1,-1,-1
2018010122955,1,1,0,18,0,0,2,-1,0,0,-1,1,6,1,49,8,-1,-1,-1,5,1,5
2018010122955,2,19,-1,-1,0,0,0,0,-1,0,-1,-1,6,3,-1,-1,-1,-1,-1,-1,-1,-1
2018010122961,1,3,0,18,0,8,0,0,0,0,1,1,6,1,34,6,125,1,10,2,1,2
2018010122961,2,9,0,18,0,8,0,0,0,0,2,1,6,2,53,8,1197,1,2,8,1,8
2018010122963,1,3,0,18,0,0,0,0,0,0,4,1,2,1,23,5,109,1,1,6,1,6
2018010122963,2,9,0,18,0,0,0,0,0,0,0,1,2,1,38,7,1797,8,9,1,1,1
2018010122963,3,19,0,18,0,0,0,0,0,0,0,1,1,1,37,7,-1,-1,-1,1,1,1
2018010122963,4,9,0,18,0,0,0,0,0,0,0,1,1,1,39,7,1968,2,12,3,1,3
2018010122967,1,11,0,4,0,1,0,0,0,0,0,1,1,1,57,9,6692,2,7,2,1,2
2018010122968,1,3,0,-1,-1,0,-1,-1,-1,-1,2,1,6,1,32,6,125,1,9,2,1,2
2018010122968,2,8,0,-1,-1,0,-1,-1,-1,-1,1,-1,6,1,27,6,-1,-1,-1,2,1,2
2018010122970,1,9,0,18,0,0,0,0,0,0,0,1,1,1,40,7,1995,2,3,3,1,3
2018010122970,2,9,0,5,0,0,0,0,0,0,1,1,6,1,18,4,1388,1,16,-1,-1,-1
2018010122970,3,9,0,18,0,0,0,0,0,0,1,1,6,1,65,9,1769,1,16,2,1,2
2018010122970,4,9,0,3,0,0,0,0,0,0,1,1,1,1,60,9,-1,-1,-1,7,3,7
2018010122970,5,9,0,3,0,0,0,0,0,0,1,1,6,1,35,6,1399,2,8,2,1,2
2018010122971,1,1,-1,-1,-1,-1,-1,-1,-1,-1,-1,1,2,2,33,6,-1,-1,-1,6,1,6
2018010122971,2,9,0,-1,-1,-1,-1,-1,-1,-1,1,-1,6,3,-1,-1,-1,-1,-1,-1,-1,-1
2018010122972,1,9,0,18,0,0,0,0,0,0,2,1,6,2,58,9,1499,1,2,3,1,3
2018010122972,2,21,0,18,0,0,0,0,0,0,1,1,1,1,35,6,10837,2,2,1,1,1
2018010122975,1,1,0,18,0,3,0,9,0,0,2,1,2,1,42,7,-1,-1,-1,7,1,7
2018010122975,2,9,0,18,0,3,0,9,0,0,1,1,6,2,75,10,1242,1,9,5,1,5
2018010122976,1,11,0,18,2,2,0,0,0,0,3,1,1,1,57,9,5132,2,3,-1,-1,-1
2018010122976,2,1,0,18,0,2,0,0,0,0,4,1,2,1,23,5,-1,-1,-1,2,1,2
2018010122976,3,9,0,3,0,2,0,0,0,0,4,1,1,1,33,6,1560,2,6,6,1,6
2018010122977,1,5,0,18,0,2,0,0,0,0,1,1,2,1,32,6,749,1,11,2,1,2
2018010122977,2,1,0,18,0,8,0,0,0,0,4,1,6,1,13,3,-1,-1,-1,2,1,2
2018010122982,1,11,0,18,0,0,0,0,0,0,1,1,1,1,59,9,6370,2,3,4,1,4
2018010122983,1,5,0,18,9,1,1,10,7,2,1,1,6,1,37,7,999,1,9,10,1,10
2018010122984,1,9,0,18,0,4,0,0,0,0,1,1,6,3,-1,-1,1598,1,8,-1,-1,-1
2018010122984,2,1,0,5,0,4,0,0,0,0,1,1,2,1,26,6,-1,-1,-1,3,1,3
2018010122985,1,9,0,7,0,2,0,0,0,0,1,1,6,2,39,7,1598,1,6,3,1,3
2018010122985,2,1,0,18,0,1,0,0,0,0,1,1,2,1,46,8,-1,-1,-1,10,1,10
2018010122987,1,9,0,4,0,0,0,0,0,0,3,1,6,2,43,7,1386,1,7,8,1,8
2018010122989,1,9,0,18,0,8,0,0,0,0,1,1,6,1,62,9,1498,1,1,8,1,8
2018010122989,2,9,0,18,0,8,0,0,0,0,4,1,6,1,35,6,2148,2,13,10,1,10
2018010122991,1,5,0,14,0,1,0,0,0,0,1,1,6,1,38,7,599,1,11,2,1,2
2018010122993,1,3,0,15,0,1,5,0,0,0,4,1,6,1,27,6,125,1,6,3,1,3
2018010122993,2,11,0,4,0,1,0,0,0,0,3,1,1,3,-1,-1,-1,-1,-1,-1,-1,-1
2018010122995,1,9,0,9,0,8,0,0,0,0,1,1,6,2,26,6,1598,2,4,10,1,10
2018010122995,2,1,0,18,4,8,0,0,0,0,2,1,2,2,25,5,-1,-1,-1,7,1,7
2018010122996,1,9,0,10,0,1,0,0,0,0,1,1,1,1,63,9,1956,2,4,3,1,3
2018010122996,2,9,0,9,0,5,0,0,0,0,3,1,6,1,17,4,1596,1,12,3,1,3
2018010122997,1,9,0,18,0,1,0,0,0,0,1,1,6,1,32,6,1149,1,10,9,3,9
2018010122997,2,9,0,9,0,5,0,0,0,0,3,1,6,2,17,4,1229,1,8,6,2,6
2018010122998,1,9,0,9,0,5,0,0,0,0,3,1,6,1,45,7,1242,1,3,4,1,4
2018010122998,2,1,0,18,0,8,0,0,0,0,3,1,2,1,51,8,-1,-1,-1,1,1,1
2018010122999,1,9,0,18,0,1,0,0,0,0,1,1,6,2,21,5,1796,1,13,1,1,1
2018010123003,1,9,0,18,0,1,0,0,0,0,3,1,6,3,-1,-1,2993,2,14,-1,-1,-1
2018010123003,2,1,0,18,0,1,0,0,0,0,1,1,6,1,34,6,-1,-1,-1,3,1,3
2018010123009,1,9,0,-1,-1,0,-1,-1,-1,-1,2,-1,6,2,56,9,2000,2,9,6,1,6
2018010123009,2,9,0,-1,-1,0,-1,-1,-1,-1,1,-1,6,3,-1,-1,2143,2,2,2,1,2
2018010123016,1,1,-1,-1,-1,-1,-1,-1,-1,-1,-1,1,2,1,43,7,-1,-1,-1,8,1,8
2018010123016,2,9,0,-1,-1,-1,-1,-1,-1,-1,-1,-1,6,3,-1,-1,1197,1,2,-1,-1,-1
2018010123018,1,9,0,18,0,2,0,0,0,0,1,1,6,1,40,7,-1,3,3,9,1,9
2018010123018,2,2,0,18,0,2,0,0,0,0,1,1,6,1,24,5,125,1,-1,2,1,2
2018010123018,3,9,0,2,0,2,0,0,0,0,1,1,6,3,-1,-1,1198,1,5,-1,-1,-1
2018010123021,1,1,-1,-1,-1,0,-1,-1,-1,-1,-1,1,2,1,54,8,-1,-1,-1,5,1,5
2018010123021,2,9,0,-1,-1,0,-1,-1,-1,-1,-1,-1,6,3,43,7,-1,-1,-1,8,1,8
2018010123023,1,9,4,-1,-1,-1,-1,-1,-1,-1,-1,-1,2,2,39,7,1242,1,3,9,1,9
2018010123023,2,90,4,-1,-1,-1,-1,-1,-1,-1,-1,-1,6,3,-1,-1,-1,-1,-1,-1,-1,-1
2018010123026,1,9,0,-1,-1,-1,-1,-1,-1,-1,2,-1,2,1,18,4,1398,1,4,3,1,3
2018010123026,2,9,0,-1,-1,-1,-1,-1,-1,-1,-1,-1,6,1,-1,-1,1968,2,2,5,1,5
2018010123033,1,1,-1,-1,-1,-1,-1,-1,-1,-1,-1,1,6,2,33,6,-1,-1,-1,5,1,5
2018010123033,2,90,4,-1,-1,-1,-1,-1,-1,-1,-1,-1,6,3,-1,-1,-1,-1,-1,-1,-1,-1
2018010123035,1,9,0,18,0,6,0,0,0,0,1,1,6,1,31,6,999,1,4,10,1,10
2018010123037,1,9,0,-1,-1,-1,-1,-1,-1,-1,2,-1,6,2,25,5,998,1,10,9,2,9
2018010123039,1,1,-1,-1,-1,-1,-1,-1,-1,-1,-1,1,2,1,27,6,-1,-1,-1,3,1,3
2018010123039,2,9,0,-1,-1,-1,-1,-1,-1,-1,1,-1,6,3,-1,-1,-1,-1,-1,-1,-1,-1
2018010123041,1,9,0,9,0,1,0,0,0,0,3,1,6,2,53,8,2362,1,16,10,1,10
2018010123041,2,9,0,13,0,1,0,0,0,0,0,1,6,1,38,7,1560,2,4,4,1,4
2018010123042,1,9,0,3,0,0,0,0,0,0,3,1,1,1,38,7,1995,2,4,3,1,3
2018010123042,2,1,0,14,0,0,0,0,0,0,1,1,2,1,28,6,-1,-1,-1,4,1,4
2018010123044,1,3,0,6,0,6,0,0,0,0,1,1,6,1,21,5,125,1,5,4,1,4
2018010123044,2,9,0,4,0,1,0,0,0,0,1,1,1,1,46,8,999,1,1,7,1,7
2018010123049,1,3,0,18,0,8,0,0,0,0,1,1,1,1,21,5,-1,-1,-1,1,1,1
2018010123049,2,9,0,9,0,8,0,0,0,0,1,1,6,3,27,6,-1,-1,-1,-1,-1,-1
2018010123051,1,9,0,18,0,0,0,0,2,7,4,1,6,2,35,6,1242,1,9,3,1,3
2018010123051,2,21,1,10,0,0,0,0,0,0,3,2,1,1,39,7,-1,-1,-1,-1,-1,-1
2018010123052,1,9,0,18,0,1,0,0,0,0,2,1,1,1,29,6,1791,8,7,6,1,6
2018010123052,2,9,0,15,0,1,0,0,0,0,1,1,6,2,28,6,1598,1,10,3,1,3
2018010123054,1,9,0,5,0,3,0,0,0,0,2,1,2,2,27,6,1596,1,8,4,1,4
2018010123054,2,3,0,18,0,3,0,0,0,0,1,1,2,1,32,6,124,1,2,2,1,2
2018010123061,1,11,0,-1,2,0,0,0,0,0,0,-1,1,1,57,9,6692,2,5,4,1,4
2018010123061,2,9,0,-1,-1,0,0,-1,-1,-1,0,-1,6,3,-1,-1,-1,-1,-1,-1,-1,-1
2018010123066,1,9,0,-1,-1,-1,-1,-1,-1,-1,2,-1,6,2,22,5,1242,1,1,2,1,2