Accident_Index,Vehicle_Reference,Vehicle_Type,Towing_and_Articulation,Vehicle_Manoeuvre,Vehicle_Location-Restricted_Lane,Junction_Location,Skidding_and_Overturning,Hit_Object_in_Carriageway,Vehicle_Leaving_Carriageway,Hit_Object_off_Carriageway,1st_Point_of_Impact,Was_Vehicle_Left_Hand_Drive?,Journey_Purpose_of_Driver,Sex_of_Driver,Age_of_Driver,Age_Band_of_Driver,Engine_Capacity_(CC),Propulsion_Code,Age_of_Vehicle,Driver_IMD_Decile,Driver_Home_Area_Type,Vehicle_IMD_Decile
2018010123066,2,9,0,-1,-1,-1,-1,-1,-1,-1,2,-1,6,3,-1,-1,-1,-1,-1,-1,-1,-1
2018010123076,1,1,-1,18,0,8,5,0,0,0,3,1,2,1,52,8,-1,-1,-1,2,1,2
2018010123076,2,9,-1,7,0,8,0,0,0,0,1,-1,6,1,17,4,1229,1,11,5,1,5
2018010123082,1,8,0,18,0,8,0,0,0,0,1,1,1,1,29,6,2143,2,4,4,1,4
2018010123082,2,1,0,18,0,8,0,0,0,0,2,1,1,2,31,6,-1,-1,-1,1,1,1
2018010123083,1,3,0,-1,9,8,0,0,0,0,-1,1,6,3,-1,-1,-1,-1,-1,-1,-1,-1
2018010123084,1,5,0,18,0,1,1,4,0,0,1,1,2,1,35,6,599,1,23,10,1,10
2018010123084,2,9,0,10,0,1,0,0,0,0,1,1,2,1,38,7,2494,1,20,5,1,5
2018010123085,1,19,0,18,0,1,0,0,0,0,4,1,1,1,34,6,1997,2,3,5,1,5
2018010123085,2,1,0,18,0,1,0,0,0,0,0,1,2,1,49,8,-1,-1,-1,1,1,1
2018010123105,1,9,0,7,0,1,0,0,0,0,4,1,6,3,-1,-1,1598,1,5,-1,-1,-1
2018010123105,2,1,0,5,0,1,0,0,0,0,1,1,6,1,13,3,-1,-1,-1,9,1,9
2018010123109,1,3,0,3,0,1,0,0,0,0,2,1,6,1,24,5,109,1,4,3,1,3
2018010123109,2,19,0,18,0,1,0,0,0,0,1,1,6,1,56,9,2143,2,7,2,1,2
2018010123110,1,8,0,10,0,1,0,0,0,0,1,1,1,1,26,6,1797,8,7,5,1,5
2018010123110,2,5,0,4,9,1,5,0,0,0,1,1,6,1,29,6,-1,-1,-1,3,1,3
2018010123112,1,5,0,-1,-1,-1,-1,-1,-1,-1,-1,1,2,1,51,8,955,1,17,6,1,6
2018010123112,2,9,0,-1,-1,-1,-1,-1,-1,-1,1,-1,6,3,-1,-1,1598,2,4,2,1,2
2018010123116,1,8,0,5,0,0,0,0,0,0,0,1,6,3,-1,-1,2499,2,12,-1,-1,-1
2018010123118,1,19,0,3,0,1,0,0,0,0,0,1,2,1,18,4,2198,2,2,4,1,4
2018010123118,2,1,0,13,0,5,0,0,0,0,1,1,2,1,25,5,-1,-1,-1,1,1,1
2018010123121,1,11,0,17,0,8,0,0,0,0,0,1,1,2,31,6,4500,2,8,5,1,5
2018010123124,1,9,0,9,0,0,0,0,0,0,4,1,1,1,55,8,-1,-1,-1,2,1,2
2018010123124,2,5,0,15,0,0,0,0,0,0,1,1,2,1,41,7,1301,1,-1,4,1,4
2018010123125,1,9,-1,9,-1,-1,-1,-1,-1,-1,4,-1,6,1,35,6,1461,2,3,1,1,1
2018010123125,2,9,-1,-1,-1,-1,-1,-1,-1,-1,4,-1,6,3,-1,-1,-1,-1,-1,-1,-1,-1
2018010123129,1,8,0,-1,-1,-1,-1,-1,-1,-1,2,-1,6,1,30,6,1797,8,8,3,1,3
2018010123133,1,9,0,18,0,2,0,0,0,0,1,1,6,1,29,6,3456,8,11,9,1,9
2018010123137,1,11,0,9,0,3,0,0,0,0,0,1,1,1,30,6,5132,2,1,8,1,8
2018010123138,1,19,0,14,0,1,0,0,0,0,4,1,2,1,27,6,2198,2,5,3,1,3
2018010123139,1,21,0,4,0,1,0,0,0,0,1,1,1,1,53,8,10677,2,3,2,1,2
2018010123140,1,1,-1,-1,-1,-1,-1,-1,-1,-1,1,1,2,1,30,6,-1,-1,-1,6,1,6
2018010123140,2,9,0,-1,-1,-1,-1,-1,-1,-1,-1,-1,6,3,-1,-1,1798,1,10,-1,-1,-1
2018010123149,1,9,0,5,0,1,0,0,0,0,1,1,6,3,28,6,-1,-1,-1,-1,-1,-1
2018010123150,1,8,0,18,0,0,0,0,0,0,1,1,1,1,43,7,1798,8,6,4,1,4
2018010123154,1,9,0,18,0,1,0,0,0,0,1,1,6,1,27,6,1598,1,9,-1,-1,-1
2018010123157,1,9,0,5,0,1,1,10,0,0,3,1,6,2,44,7,1364,1,3,5,1,5
2018010123157,2,19,0,18,0,1,1,0,0,0,1,1,2,1,27,6,2998,2,4,3,1,3
2018010123160,1,9,0,8,0,6,0,0,0,0,1,1,6,1,81,11,2198,1,17,4,1,4
2018010123160,2,9,0,18,0,1,0,0,1,1,4,1,6,1,75,10,1339,1,10,5,1,5
2018010123163,1,9,0,3,0,1,0,0,0,0,1,2,6,1,51,8,-1,-1,-1,-1,-1,-1
2018010123163,2,2,0,3,4,1,0,0,0,0,1,1,6,1,39,7,-1,-1,-1,7,1,7
2018010123174,1,3,0,18,0,1,0,0,0,0,-1,1,2,1,53,8,125,1,2,9,1,9
2018010123174,2,9,0,18,0,1,0,0,0,0,1,1,6,3,-1,-1,1200,1,-1,-1,-1,-1
2018010123177,1,8,0,-1,-1,-1,-1,-1,-1,-1,2,-1,6,1,51,8,1598,1,9,1,1,1
2018010123177,2,9,0,-1,-1,-1,-1,-1,-1,-1,0,-1,6,3,-1,-1,-1,-1,-1,-1,-1,-1
2018010123181,1,3,0,6,0,0,0,0,0,0,2,1,6,1,-1,-1,125,1,1,3,1,3
2018010123182,1,9,-1,-1,-1,-1,-1,-1,-1,-1,-1,-1,6,3,-1,-1,1995,2,11,-1,-1,-1
2018010123183,1,9,0,18,0,1,5,0,1,4,1,1,6,2,26,6,2993,2,4,2,1,2
2018010123196,1,1,0,-1,0,8,0,0,0,0,3,1,2,1,40,7,-1,-1,-1,1,1,1
2018010123196,2,9,0,5,0,8,0,0,0,0,1,-1,6,2,55,8,2179,2,6,2,1,2
2018010123197,1,3,0,18,0,2,0,0,0,0,1,1,6,1,42,7,124,1,4,4,1,4
2018010123204,1,11,-1,5,2,1,-1,-1,0,0,-1,1,6,3,-1,-1,5132,2,1,-1,-1,-1
2018010123205,1,9,0,10,0,1,0,0,0,0,2,1,6,2,30,6,1598,2,6,3,1,3
2018010123205,2,9,0,18,0,1,0,0,0,0,1,1,6,1,68,10,1896,2,20,8,1,8
2018010123211,1,9,0,4,0,0,1,0,0,0,0,1,6,1,28,6,999,1,1,3,1,3
2018010123211,2,3,4,18,0,0,5,0,0,0,1,1,6,1,23,5,330,1,3,-1,-1,-1
2018010123212,1,1,-1,-1,-1,-1,-1,-1,-1,-1,-1,1,2,1,53,8,-1,-1,-1,8,1,8
2018010123212,2,9,0,-1,-1,-1,-1,-1,-1,-1,-1,-1,6,3,-1,-1,1968,2,3,-1,-1,-1
2018010123213,1,9,0,9,0,1,0,0,0,0,4,1,6,1,29,6,-1,-1,-1,4,1,4
2018010123214,1,21,0,18,0,3,0,0,0,0,1,1,1,1,31,6,11967,2,5,4,1,4
2018010123214,2,1,0,18,0,3,0,0,0,0,1,1,6,2,38,7,-1,-1,-1,4,1,4
2018010123215,1,9,0,-1,-1,-1,-1,-1,-1,-1,-1,-1,6,2,52,8,1799,1,11,5,1,5
2018010123215,2,1,-1,-1,-1,-1,-1,-1,-1,-1,-1,1,6,1,-1,-1,-1,-1,-1,4,1,4
2018010123218,1,3,0,18,0,2,0,0,0,0,1,1,1,1,41,7,125,1,-1,7,1,7
2018010123224,1,5,0,13,0,1,0,0,0,0,1,1,6,1,25,5,1000,1,10,1,1,1
2018010123224,2,1,0,18,0,6,0,0,0,0,3,1,6,1,22,5,-1,-1,-1,7,3,7
2018010123225,1,11,0,4,2,2,0,0,0,0,0,1,1,1,37,7,4461,2,5,4,1,4
2018010123226,1,1,-1,-1,-1,0,-1,-1,-1,-1,2,1,6,1,32,6,-1,-1,-1,-1,-1,-1
2018010123226,2,9,0,-1,-1,0,-1,-1,-1,-1,1,-1,6,3,-1,-1,-1,-1,-1,-1,-1,-1
2018010123227,1,9,0,-1,-1,-1,-1,-1,-1,-1,2,-1,6,1,37,7,2926,2,16,4,1,4
2018010123227,2,9,-1,-1,0,-1,0,-1,0,0,-1,-1,6,1,-1,-1,2685,2,14,4,1,4
2018010123228,1,9,0,9,0,1,0,0,0,0,4,1,6,1,32,6,1995,2,2,3,1,3
2018010123228,2,3,0,18,0,1,0,0,0,0,3,1,2,1,58,9,-1,-1,-1,7,1,7
2018010123229,1,9,0,1,0,7,0,0,0,0,4,1,6,1,67,10,1997,2,6,4,1,4
2018010123230,1,9,0,1,0,1,0,0,0,0,2,1,6,1,39,7,1995,2,2,3,1,3
2018010123235,1,21,1,18,0,4,0,0,0,0,4,1,1,1,38,7,10677,2,1,1,1,1
2018010123235,2,9,0,18,0,4,0,0,0,0,3,1,6,2,40,7,1229,1,4,3,1,3
2018010123240,1,9,0,4,0,0,0,0,0,0,1,1,6,1,42,7,1598,1,10,6,1,6
2018010123240,2,3,0,4,0,0,0,0,0,0,2,1,6,2,33,6,124,1,8,2,1,2
2018010123242,1,19,0,18,0,1,0,0,0,0,4,2,1,1,36,7,1461,2,2,5,1,5
2018010123244,1,9,0,4,0,0,0,8,0,0,3,1,6,1,29,6,1598,1,8,4,1,4
2018010123244,2,1,0,15,0,0,0,8,0,0,4,1,2,1,44,7,-1,-1,-1,-1,-1,-1
2018010123245,1,9,0,5,0,8,0,0,0,0,1,1,2,1,51,8,1968,2,6,4,1,4
2018010123245,2,3,0,14,0,1,0,0,0,0,1,1,6,1,-1,-1,125,1,6,1,1,1
2018010123246,1,3,0,-1,-1,0,-1,-1,-1,-1,1,1,6,1,56,9,125,1,2,2,1,2
2018010123246,2,19,0,-1,-1,0,-1,-1,-1,-1,2,-1,6,3,-1,-1,2143,2,3,-1,-1,-1
2018010123247,1,11,0,-1,-1,-1,-1,-1,-1,-1,-1,1,6,3,52,8,-1,-1,-1,5,2,5
2018010123249,1,9,0,18,0,4,0,0,0,0,1,1,6,2,68,10,1995,1,10,5,1,5
2018010123249,2,9,0,18,0,8,0,0,0,0,4,1,6,2,39,7,1796,1,7,2,1,2
2018010123250,1,1,-1,-1,-1,-1,-1,-1,-1,-1,-1,1,2,1,31,6,-1,-1,-1,1,1,1
2018010123250,2,9,0,-1,-1,-1,-1,-1,-1,-1,-1,-1,6,3,-1,-1,-1,-1,-1,-1,-1,-1
2018010123254,1,9,0,18,0,1,0,0,0,0,1,1,6,1,21,5,1595,1,1,4,1,4
2018010123254,2,9,0,5,0,7,0,0,0,0,1,1,6,1,27,6,1598,1,12,3,1,3
2018010123258,1,3,0,18,0,2,0,0,0,0,3,1,2,1,43,7,249,1,20,1,1,1
2018010123258,2,9,0,18,0,2,0,0,0,0,1,1,6,3,-1,-1,-1,-1,-1,-1,-1,-1
2018010123259,1,9,0,18,0,1,0,0,0,0,1,1,6,3,-1,-1,-1,-1,-1,-1,-1,-1
2018010123259,2,9,0,18,0,1,0,0,0,0,2,1,6,1,28,6,1598,1,15,4,1,4
2018010123262,1,9,0,13,9,0,1,10,7,10,1,1,6,1,25,5,1360,1,17,-1,-1,-1
2018010123262,2,9,0,18,0,0,0,0,0,0,0,1,1,1,31,6,2993,2,1,-1,-1,-1
2018010123263,1,9,0,17,0,0,1,0,0,0,1,1,6,1,17,4,1398,1,8,10,1,10
2018010123263,2,9,0,2,0,0,0,0,0,0,2,1,6,3,-1,-1,-1,-1,-1,-1,-1,-1
2018010123263,3,9,0,2,0,0,0,0,0,0,2,1,6,3,-1,-1,1796,1,13,-1,-1,-1
2018010123265,1,1,0,18,0,0,0,0,0,0,3,1,2,1,33,6,-1,-1,-1,8,1,8
2018010123265,2,9,0,18,0,0,0,0,0,0,4,1,6,1,36,7,1998,1,13,6,1,6
2018010123266,1,9,0,9,0,5,0,0,0,0,4,1,6,2,72,10,2143,2,-1,3,1,3
2018010123266,2,9,0,18,0,1,0,0,0,0,1,1,6,1,31,6,1950,2,1,4,1,4
2018010123268,1,9,0,18,0,2,0,0,0,0,1,1,6,2,47,8,1398,1,3,10,1,10
2018010123272,1,9,0,4,0,0,0,0,0,0,2,1,6,2,49,8,1332,1,12,5,1,5
2018010123272,2,9,0,18,0,0,0,0,0,0,1,1,6,1,27,6,1248,1,8,4,1,4
2018010123272,3,9,0,18,0,0,0,0,0,0,1,1,6,1,28,6,2993,2,5,3,1,3
2018010123275,1,3,0,18,0,0,0,0,0,0,4,1,1,1,29,6,108,1,3,3,1,3
2018010123275,2,9,0,2,0,0,0,0,0,0,4,1,6,3,-1,-1,1995,2,9,-1,-1,-1
2018010123277,1,1,0,18,2,2,0,0,0,0,1,1,2,1,39,7,-1,-1,-1,5,1,5
2018010123280,1,9,0,18,0,0,0,0,0,0,1,1,6,1,20,4,1598,1,11,1,1,1
2018010123280,2,19,0,18,0,0,0,0,0,0,3,1,1,1,50,8,4580,2,7,8,1,8
2018010123280,3,9,0,18,0,0,0,0,0,0,0,1,6,3,-1,-1,-1,-1,-1,-1,-1,-1
2018010123282,1,9,0,18,0,1,0,0,0,0,1,1,6,1,30,6,1991,1,-1,4,1,4
2018010123282,2,9,0,4,0,1,0,0,0,0,2,1,6,1,48,8,1995,1,14,3,1,3
2018010123282,3,9,0,4,0,1,0,0,0,0,2,1,6,2,39,7,1248,2,1,4,1,4
2018010123283,1,5,0,18,0,0,2,0,0,0,1,1,6,1,27,6,599,1,4,7,1,7
2018010123283,2,9,0,9,0,0,0,0,0,0,0,1,6,2,28,6,1197,1,1,5,1,5
2018010123283,3,9,0,18,0,0,0,0,0,0,0,1,6,2,71,10,1364,1,1,4,1,4
2018010123284,1,1,0,18,0,1,0,0,0,0,1,1,6,1,30,6,-1,-1,-1,-1,-1,-1
2018010123286,1,3,0,5,0,1,0,0,0,0,3,1,1,1,35,6,-1,-1,-1,3,1,3
2018010123286,2,9,0,7,0,1,0,0,0,0,4,1,6,3,-1,-1,1398,1,16,-1,-1,-1
2018010123287,1,9,0,4,0,8,0,0,7,0,1,1,6,2,47,8,1498,1,10,4,1,4
2018010123287,2,9,0,18,0,8,1,0,0,0,1,1,6,1,17,4,1685,2,-1,-1,-1,-1
2018010123288,1,5,0,18,0,8,0,0,1,1,3,1,6,1,29,6,600,1,19,7,1,7
2018010123288,2,9,0,9,0,8,0,0,0,0,1,1,6,3,-1,-1,1796,1,13,-1,-1,-1
2018010123289,1,9,0,18,9,0,0,0,0,0,1,1,6,3,-1,-1,1995,1,11,-1,-1,-1
2018010123289,2,9,0,18,0,0,0,0,0,0,1,1,6,2,27,6,1560,2,4,2,1,2
2018010123290,1,9,0,-1,-1,-1,-1,-1,-1,-1,-1,-1,6,2,32,6,1598,1,15,2,1,2
2018010123290,2,9,0,-1,-1,-1,-1,-1,-1,-1,1,-1,6,2,35,6,1995,2,6,4,1,4
2018010123291,1,9,0,15,0,0,0,0,1,10,3,1,2,2,38,7,1198,1,12,6,1,6
2018010123291,2,90,0,11,0,0,0,0,0,0,3,1,1,1,32,6,-1,-1,-1,2,1,2
2018010123292,1,11,0,4,0,1,0,0,0,0,0,1,1,1,68,10,8300,2,11,6,1,6
2018010123296,1,8,0,16,0,4,0,0,0,0,1,1,1,1,49,8,1968,2,1,3,1,3
2018010123296,2,1,0,17,0,8,0,0,0,0,4,1,2,1,30,6,-1,-1,-1,4,1,4
2018010123297,1,9,0,18,0,8,0,0,0,0,3,1,6,1,38,7,-1,-1,-1,8,1,8
2018010123297,2,1,0,18,0,8,0,0,0,0,4,1,6,1,53,8,-1,-1,-1,5,1,5
2018010123298,1,9,0,18,0,1,0,0,0,0,3,1,6,2,31,6,1499,2,1,1,1,1
2018010123298,2,9,0,5,-1,1,0,0,-1,0,1,-1,6,3,-1,-1,1329,1,5,-1,-1,-1
2018010123301,1,1,0,13,0,1,0,0,0,0,4,1,2,1,35,6,-1,-1,-1,3,1,3
2018010123301,2,19,0,9,0,8,0,0,0,0,3,1,6,3,-1,-1,-1,-1,-1,-1,-1,-1
2018010123303,1,1,-1,18,0,-1,-1,-1,-1,-1,-1,1,6,1,67,10,-1,-1,-1,7,1,7
2018010123303,2,19,-1,5,0,-1,0,-1,-1,-1,-1,1,6,1,61,9,2402,2,7,3,1,3
2018010123307,1,1,0,18,0,1,0,0,0,0,1,1,2,2,36,7,-1,-1,-1,2,1,2
2018010123307,2,19,0,7,0,5,0,0,0,0,3,1,1,1,40,7,2198,2,3,8,1,8
2018010123314,1,1,-1,-1,-1,-1,-1,-1,-1,-1,1,1,6,1,-1,-1,-1,-1,-1,10,1,10
2018010123314,2,3,-1,-1,-1,-1,-1,-1,-1,-1,1,1,6,3,-1,-1,-1,-1,-1,-1,-1,-1
2018010123322,1,9,0,18,0,0,0,0,0,0,4,1,2,1,32,6,1560,2,12,3,1,3
2018010123322,2,9,0,5,8,0,0,4,0,0,3,1,2,1,38,7,1896,2,13,3,1,3
2018010123322,3,9,0,2,0,0,0,0,0,0,2,1,6,3,-1,-1,1242,1,9,-1,-1,-1
2018010123328,1,19,0,1,9,2,0,0,0,0,2,1,6,1,21,5,2287,2,2,2,1,2
2018010123349,1,5,0,-1,-1,-1,-1,-1,-1,-1,-1,1,2,1,55,8,999,1,7,9,1,9
2018010123349,2,9,0,-1,-1,-1,-1,-1,-1,-1,-1,-1,6,3,31,6,1999,2,1,2,1,2
2018010123351,1,1,0,18,9,8,5,0,0,0,4,1,6,1,28,6,-1,-1,-1,4,1,4
2018010123351,2,9,0,7,0,8,0,0,0,0,1,1,6,1,21,5,1461,2,9,6,1,6
2018010123353,1,8,0,18,0,8,0,0,4,1,4,1,6,1,45,7,1798,8,6,-1,-1,-1
2018010123353,2,19,0,18,0,3,0,0,0,0,3,1,1,1,27,6,-1,-1,-1,5,1,5
2018010123357,1,9,0,14,0,2,0,0,0,0,4,1,6,2,37,7,1796,1,14,2,1,2
2018010123357,2,1,0,4,0,1,0,0,0,0,3,1,1,1,46,8,-1,-1,-1,2,1,2
2018010123359,1,9,0,-1,-1,0,-1,-1,-1,-1,3,-1,6,1,-1,-1,1997,2,4,6,1,6
2018010123359,2,9,0,18,0,0,0,0,0,0,4,-1,6,3,-1,-1,1781,1,16,-1,-1,-1
2018010123360,1,9,0,9,0,6,0,0,0,0,1,1,2,2,45,7,1995,1,11,-1,-1,-1
2018010123360,2,5,0,18,0,1,0,0,0,0,1,1,2,1,38,7,600,1,11,5,1,5
2018010123363,1,9,0,7,0,1,0,0,1,0,4,1,6,1,33,6,1329,1,2,2,1,2
2018010123363,2,1,0,18,2,1,0,0,0,0,1,1,1,1,24,5,-1,-1,-1,4,1,4
2018010123364,1,3,-1,18,0,0,-1,-1,-1,-1,-1,1,6,1,35,6,125,1,1,4,1,4
2018010123370,1,9,0,18,0,0,0,0,0,0,2,1,2,1,36,7,1995,2,5,4,1,4
2018010123370,2,9,0,18,0,0,0,0,0,0,1,1,6,1,29,6,1600,1,12,3,1,3
2018010123372,1,9,0,18,0,4,0,0,0,0,3,1,2,1,30,6,2993,2,3,3,1,3
2018010123372,2,19,0,18,0,4,0,0,0,0,1,1,6,1,48,8,-1,-1,-1,2,1,2
2018010123373,1,19,0,1,0,8,0,0,0,0,2,1,1,1,63,9,2402,2,9,-1,-1,-1
2018010123373,2,9,0,3,0,1,0,0,0,0,1,1,2,2,49,8,1968,2,3,6,1,6
2018010123376,1,1,-1,-1,-1,-1,-1,-1,-1,-1,-1,1,2,2,52,8,-1,-1,-1,2,1,2
2018010123376,2,9,0,-1,-1,-1,-1,-1,-1,-1,-1,-1,6,3,66,10,-1,-1,-1,4,1,4
2018010123378,1,3,0,18,0,1,0,0,7,0,1,1,6,1,20,4,125,1,-1,5,1,5
2018010123378,2,9,0,9,0,5,0,0,7,0,2,1,6,1,33,6,1596,1,11,10,1,10
2018010123378,3,9,0,2,0,1,0,0,0,0,2,1,6,3,-1,-1,2290,1,17,-1,-1,-1
2018010123380,1,9,0,16,0,0,0,0,1,0,0,1,6,1,27,6,799,2,9,3,1,3
2018010123381,1,9,0,18,0,0,0,0,0,0,1,1,2,2,28,6,1398,1,-1,3,1,3
2018010123384,1,2,0,18,0,8,0,0,7,0,3,1,6,1,25,5,49,1,6,3,1,3
2018010123385,1,9,0,3,0,0,0,0,0,0,2,1,2,1,36,7,1796,1,14,1,1,1
2018010123385,2,9,0,3,0,0,0,0,0,0,2,1,2,1,43,7,1248,2,14,6,1,6
2018010123385,3,19,3,18,0,0,1,0,0,0,1,1,1,1,24,5,2198,2,2,5,1,5
2018010123388,1,9,0,7,0,6,0,0,0,0,4,1,1,1,36,7,-1,-1,-1,4,1,4
2018010123388,2,3,0,18,0,8,0,0,0,0,1,1,6,1,26,6,125,1,3,6,1,6
2018010123389,1,1,-1,-1,-1,-1,-1,-1,-1,-1,-1,1,2,2,31,6,-1,-1,-1,5,1,5
2018010123389,2,9,0,-1,-1,-1,-1,-1,-1,-1,-1,-1,6,3,49,8,2993,2,2,-1,-1,-1
2018010123394,1,1,-1,-1,-1,-1,-1,-1,-1,-1,1,1,2,1,32,6,-1,-1,-1,6,1,6
2018010123394,2,9,0,-1,-1,-1,-1,-1,-1,-1,1,-1,6,3,-1,-1,-1,-1,-1,-1,-1,-1
2018010123398,1,9,0,18,0,0,0,0,7,10,1,1,6,1,56,9,1242,1,6,7,1,7
2018010123398,2,9,0,18,0,0,0,0,0,0,2,1,6,1,54,8,1896,2,11,6,1,6
2018010123400,1,1,0,18,0,0,0,0,0,0,1,1,6,2,27,6,-1,-1,-1,-1,-1,-1
2018010123402,1,9,0,18,0,0,0,0,0,0,3,1,6,1,21,5,999,1,2,9,1,9
2018010123402,2,9,0,7,0,0,0,0,0,0,-1,1,6,2,21,5,1198,1,7,10,1,10
2018010123405,1,3,0,4,0,1,1,0,0,0,4,1,6,1,19,4,124,1,-1,-1,-1,-1
2018010123405,2,11,0,10,0,3,0,0,0,0,2,1,6,1,52,8,4500,2,7,2,1,2
2018010123406,1,9,0,18,0,0,0,0,0,0,3,1,2,1,46,8,1999,2,10,6,1,6
2018010123406,2,9,0,1,0,0,0,0,0,0,2,1,2,2,35,6,1998,2,9,3,1,3
2018010123408,1,4,0,18,0,8,0,0,0,0,1,1,6,1,50,8,279,1,8,5,1,5
2018010123408,2,1,0,7,0,6,0,0,0,0,1,1,6,1,74,10,-1,-1,-1,9,1,9
2018010123416,1,9,-1,-1,-1,-1,-1,-1,-1,-1,-1,-1,6,1,28,6,1991,1,2,4,1,4
2018010123416,2,19,-1,-1,-1,-1,-1,-1,-1,-1,1,-1,6,3,-1,-1,6693,2,4,4,1,4
2018010123419,1,9,0,-1,-1,-1,-1,-1,-1,-1,2,-1,6,1,65,9,1997,2,1,6,1,6
2018010123425,1,4,0,18,0,0,1,0,0,0,0,1,6,1,30,6,125,1,-1,1,1,1
2018010123429,1,9,0,12,0,1,0,0,0,0,3,1,1,2,28,6,-1,-1,-1,9,1,9
2018010123429,2,5,0,18,0,1,0,0,0,0,4,1,6,1,33,6,806,1,2,4,1,4
2018010123430,1,9,-1,18,-1,-1,-1,-1,0,0,1,1,6,2,43,7,1497,8,4,-1,-1,-1
2018010123430,2,9,-1,18,-1,-1,-1,-1,-1,-1,1,1,6,1,-1,-1,1994,2,15,-1,-1,-1
2018010123435,1,3,0,13,0,0,0,0,0,0,4,1,1,1,28,6,-1,-1,-1,2,1,2
2018010123435,2,9,0,9,0,0,1,0,0,0,3,1,6,2,26,6,1461,2,4,4,1,4
2018010123440,1,9,0,-1,-1,-1,-1,-1,-1,-1,-1,-1,6,1,69,10,2993,2,8,8,1,8
2018010123441,1,9,0,4,0,8,0,0,0,0,1,1,6,1,27,6,1149,1,12,3,1,3
2018010123441,2,19,0,4,0,8,0,0,0,0,2,1,1,1,35,6,2143,2,4,7,1,7
2018010123444,1,4,0,-1,0,0,0,0,0,0,1,1,6,1,31,6,125,1,1,2,1,2
2018010123444,2,9,0,-1,0,0,0,0,0,0,1,-1,6,2,60,9,2148,2,13,1,1,1
2018010123446,1,3,0,14,0,0,0,0,0,0,1,1,6,3,-1,-1,-1,-1,-1,-1,-1,-1
2018010123447,1,3,0,-1,-1,-1,-1,-1,-1,-1,1,1,6,1,26,6,125,1,4,2,1,2
2018010123447,2,19,0,-1,-1,-1,-1,-1,-1,-1,-1,-1,6,3,-1,-1,-1,-1,-1,-1,-1,-1
2018010123452,1,8,0,9,0,5,0,0,0,0,4,1,1,1,49,8,2143,2,5,9,1,9
2018010123452,2,1,0,18,4,8,0,0,0,0,1,1,2,1,36,7,-1,-1,-1,6,1,6
2018010123453,1,4,0,15,0,1,-1,8,0,0,1,1,2,2,34,6,125,1,10,3,1,3
2018010123453,2,8,0,3,0,1,0,0,0,0,4,-1,6,1,26,6,1968,2,5,2,1,2
2018010123457,1,8,0,9,0,1,0,0,0,0,1,1,1,1,57,9,2776,2,2,7,1,7
2018010123457,2,2,0,18,0,1,0,0,0,0,1,1,2,1,46,8,279,1,1,5,1,5
2018010123458,1,9,0,4,0,1,0,0,0,0,2,1,6,1,61,9,1995,2,2,10,2,10
2018010123458,2,9,0,18,0,1,0,4,0,0,1,1,2,1,24,5,2143,2,-1,5,1,5
2018010123463,1,9,0,-1,-1,0,-1,-1,-1,-1,1,-1,6,3,-1,-1,999,1,-1,-1,-1,-1
2018010123464,1,2,0,13,0,1,0,0,0,0,1,1,2,1,24,5,124,1,18,4,1,4
2018010123464,2,9,0,7,0,1,0,0,0,0,1,1,2,1,43,7,1597,1,13,1,1,1
2018010123469,1,3,0,18,0,0,1,0,0,0,2,1,6,1,17,4,124,1,20,9,1,9
2018010123469,2,9,0,18,0,0,0,0,0,0,1,1,6,3,-1,-1,-1,-1,-1,-1,-1,-1
2018010123470,1,8,0,14,0,6,0,0,0,0,1,1,1,1,47,8,1797,8,7,4,1,4
2018010123470,2,1,0,14,0,1,0,0,0,0,1,1,2,1,40,7,-1,-1,-1,6,1,6
2018010123471,1,9,0,9,0,0,0,0,1,10,1,1,6,2,33,6,1400,1,12,7,1,7
2018010123472,1,5,0,18,0,0,0,0,0,0,4,1,6,1,34,6,656,1,8,3,1,3
2018010123472,2,9,0,18,0,0,0,0,0,0,0,1,6,2,62,9,1198,1,6,-1,1,-1
2018010123475,1,11,0,4,2,1,0,0,0,0,0,1,1,1,48,8,5132,2,3,2,1,2
2018010123477,1,3,0,10,0,1,0,0,0,0,3,1,1,1,35,6,-1,-1,-1,5,1,5
2018010123477,2,9,0,5,0,6,0,0,1,0,1,1,6,2,63,9,1197,1,6,4,1,4
2018010123479,1,1,-1,-1,-1,0,-1,-1,-1,-1,1,1,2,1,36,7,-1,-1,-1,7,1,7
2018010123479,2,9,0,-1,-1,0,-1,-1,-1,-1,1,-1,6,3,-1,-1,1995,2,5,3,1,3
2018010123480,1,3,0,18,0,2,0,0,0,0,1,1,6,1,17,4,124,1,9,3,1,3
2018010123482,1,9,0,17,0,2,0,10,2,10,1,1,6,1,18,4,1229,1,8,6,1,6
2018010123483,1,3,0,18,0,1,0,0,0,0,0,1,6,1,41,7,124,1,11,2,1,2
2018010123483,2,8,0,18,0,1,0,0,0,0,0,2,6,1,43,7,1798,1,2,3,1,3
2018010123484,1,1,-1,-1,-1,-1,-1,-1,-1,-1,-1,1,6,1,41,7,-1,-1,-1,3,1,3
2018010123484,2,20,0,-1,-1,-1,-1,-1,-1,-1,-1,-1,6,3,-1,-1,2148,2,9,-1,-1,-1
2018010123487,1,9,0,-1,-1,-1,-1,-1,-1,-1,1,-1,6,2,25,5,1997,1,10,9,1,9
2018010123495,1,8,0,18,0,1,0,0,0,0,1,1,1,1,26,6,1797,8,6,1,1,1
2018010123497,1,9,0,9,0,4,0,0,0,0,1,1,6,2,21,5,1390,1,7,5,1,5
2018010123499,1,9,0,7,0,6,0,0,0,0,1,1,2,1,34,6,1598,1,12,5,1,5