Accident_Index,Vehicle_Reference,Vehicle_Type,Towing_and_Articulation,Vehicle_Manoeuvre,Vehicle_Location-Restricted_Lane,Junction_Location,Skidding_and_Overturning,Hit_Object_in_Carriageway,Vehicle_Leaving_Carriageway,Hit_Object_off_Carriageway,1st_Point_of_Impact,Was_Vehicle_Left_Hand_Drive?,Journey_Purpose_of_Driver,Sex_of_Driver,Age_of_Driver,Age_Band_of_Driver,Engine_Capacity_(CC),Propulsion_Code,Age_of_Vehicle,Driver_IMD_Decile,Driver_Home_Area_Type,Vehicle_IMD_Decile
2018010123886,1,9,0,7,0,6,0,0,0,0,4,1,6,1,41,7,1796,1,7,3,1,3
2018010123887,1,9,0,5,9,0,0,0,0,0,1,1,6,1,38,7,1560,2,8,-1,-1,-1
2018010123889,1,1,-1,-1,-1,0,-1,-1,-1,-1,1,1,6,2,28,6,-1,-1,-1,-1,-1,-1
2018010123890,1,21,1,18,0,1,0,0,0,0,4,1,1,1,42,7,12130,2,13,5,1,5
2018010123890,2,1,0,15,9,1,0,0,0,0,1,1,6,1,32,6,-1,-1,-1,-1,-1,-1
2018010123896,1,3,0,4,0,1,1,0,0,0,1,1,6,2,27,6,124,1,4,2,1,2
2018010123896,2,9,0,4,0,1,0,0,0,0,2,1,6,1,47,8,-1,3,2,10,1,10
2018010123900,1,9,0,16,0,0,5,0,7,2,1,1,6,1,19,4,1242,1,8,8,1,8
2018010123900,2,9,0,16,0,0,0,0,7,10,1,1,6,2,18,4,1242,1,8,9,1,9
2018010123913,1,9,0,5,0,2,0,0,0,0,0,1,6,1,34,6,2179,2,3,3,1,3
2018010123914,1,9,0,3,0,0,0,0,0,0,2,1,6,1,60,9,1499,2,1,-1,-1,-1
2018010123914,2,9,0,3,0,0,0,0,0,0,2,1,6,1,41,7,1995,2,8,2,1,2
2018010123914,3,9,0,18,0,0,0,0,0,0,1,1,6,1,46,8,1598,1,10,5,1,5
2018010123921,1,9,0,-1,-1,-1,-1,-1,-1,-1,2,-1,6,3,-1,-1,-1,-1,-1,-1,-1,-1
2018010123922,1,9,0,18,0,2,0,0,0,0,1,1,6,1,34,6,1956,2,5,9,1,9
2018010123922,2,9,0,4,0,2,0,0,0,0,2,1,6,1,40,7,1997,2,10,2,1,2
2018010123928,1,8,0,18,0,0,0,0,0,0,4,1,1,1,48,8,2776,2,2,6,1,6
2018010123932,1,9,0,-1,-1,-1,-1,-1,-1,-1,2,-1,2,1,42,7,1242,1,6,1,1,1
2018010123934,1,4,0,-1,-1,-1,-1,-1,-1,-1,2,1,2,1,51,8,459,1,14,5,1,5
2018010123934,2,9,0,-1,-1,-1,-1,-1,-1,-1,1,-1,6,3,-1,-1,1598,2,8,7,1,7
2018010123940,1,9,0,-1,-1,-1,-1,-1,-1,-1,2,-1,2,2,44,7,1496,1,2,5,1,5
2018010123940,2,9,0,-1,-1,-1,-1,-1,-1,-1,1,-1,6,3,-1,-1,1998,2,16,-1,-1,-1
2018010123942,1,3,0,18,0,1,0,0,0,0,4,1,2,1,30,6,125,1,-1,3,1,3
2018010123942,2,9,0,4,0,1,0,0,0,0,3,1,2,1,36,7,1124,1,16,4,1,4
2018010123950,1,1,-1,-1,-1,-1,-1,-1,-1,-1,-1,1,6,2,23,5,-1,-1,-1,3,1,3
2018010123950,2,8,0,-1,-1,-1,-1,-1,-1,-1,1,-1,6,1,-1,-1,1797,8,6,-1,-1,-1
2018010123953,1,9,0,6,0,1,0,7,7,10,1,1,6,1,68,10,2521,1,11,5,1,5
2018010123953,2,9,0,2,0,2,0,0,0,0,1,1,6,3,-1,-1,1339,1,6,-1,-1,-1
2018010123953,3,9,0,2,0,2,0,0,0,0,3,1,6,3,-1,-1,1395,1,4,-1,-1,-1
2018010123953,4,9,0,2,0,2,0,0,0,0,1,1,6,3,-1,-1,2962,1,31,-1,-1,-1
2018010123954,1,9,0,18,0,1,0,0,0,0,1,1,6,2,21,5,1598,1,6,8,1,8
2018010123954,2,9,0,18,0,6,0,0,0,0,1,1,6,1,44,7,1360,1,13,4,1,4
2018010123958,1,11,0,18,0,0,0,0,0,0,4,1,1,1,69,10,4461,2,5,8,1,8
2018010123958,2,1,0,18,0,0,0,0,0,0,3,1,6,1,12,3,-1,-1,-1,1,1,1
2018010123960,1,9,0,18,0,1,1,0,0,0,1,1,6,2,35,6,-1,-1,-1,2,1,2
2018010123960,2,9,0,4,1,1,1,0,0,0,2,1,6,2,36,7,-1,-1,-1,2,1,2
2018010123961,1,9,0,9,0,8,0,0,0,0,3,1,6,1,34,6,1584,1,10,2,1,2
2018010123961,2,9,0,18,0,1,1,0,0,0,1,1,6,1,-1,-1,998,1,16,-1,-1,-1
2018010123963,1,9,0,12,0,0,1,0,0,0,1,1,6,1,30,6,1590,1,14,5,1,5
2018010123963,2,9,0,18,0,0,0,0,0,0,1,1,6,2,33,6,1248,2,3,7,1,7
2018010123969,1,9,-1,-1,-1,0,-1,-1,-1,-1,-1,-1,6,1,48,8,1598,1,8,10,1,10
2018010123969,2,9,-1,-1,-1,0,-1,-1,-1,-1,-1,-1,6,3,-1,-1,1598,2,1,7,1,7
2018010123969,3,9,-1,13,-1,0,-1,-1,-1,-1,-1,-1,6,3,-1,-1,1781,1,15,-1,-1,-1
2018010123971,1,9,0,5,0,0,0,0,0,0,1,1,6,3,-1,-1,-1,-1,-1,-1,-1,-1
2018010123974,1,9,0,3,0,1,0,0,0,0,2,1,6,2,59,9,1198,1,1,7,1,7
2018010123974,2,9,0,3,0,1,0,0,0,0,2,1,6,1,23,5,1390,1,17,4,1,4
2018010123974,3,9,0,18,0,1,0,0,0,0,1,1,6,1,36,7,1797,8,7,6,1,6
2018010123976,1,9,0,3,0,1,0,0,0,0,2,1,6,1,34,6,2148,2,15,9,1,9
2018010123976,2,9,0,3,0,1,0,0,0,0,2,1,6,1,56,9,1395,1,1,10,1,10
2018010123976,3,9,0,18,0,1,0,0,0,0,1,1,6,3,-1,-1,1997,2,2,-1,-1,-1
2018010123977,1,9,0,18,0,1,0,0,3,0,4,1,6,1,17,4,1360,1,17,-1,-1,-1
2018010123977,2,9,0,18,0,1,0,0,0,0,4,1,6,2,39,7,1390,1,10,3,1,3
2018010123979,1,9,0,9,0,8,0,0,1,0,1,1,1,1,43,7,1798,8,6,2,1,2
2018010123979,2,2,0,10,0,1,0,0,0,0,1,1,1,1,46,8,-1,-1,-1,3,1,3
2018010123980,1,9,0,9,0,1,0,0,0,0,1,1,1,1,24,5,1240,1,10,-1,-1,-1
2018010123980,2,3,0,18,0,1,0,0,0,0,1,1,1,1,22,5,108,1,3,2,1,2
2018010123981,1,8,0,18,0,1,0,0,0,0,2,1,6,1,57,9,1796,1,4,-1,-1,-1
2018010123981,2,9,0,18,0,1,0,0,0,0,1,1,6,1,64,9,1999,1,13,-1,-1,-1
2018010123982,1,3,0,18,0,0,0,4,0,0,1,1,1,1,27,6,125,1,12,3,1,3
2018010123982,2,9,0,3,0,0,0,0,0,0,2,2,6,2,63,9,1197,1,5,3,1,3
2018010123983,1,9,0,5,0,1,0,0,0,0,1,1,6,1,64,9,1497,8,2,3,1,3
2018010123983,2,4,0,18,0,1,1,0,0,0,1,1,6,1,28,6,124,1,10,2,1,2
2018010123985,1,9,-1,-1,-1,-1,-1,-1,-1,-1,2,-1,6,2,42,7,1598,1,10,2,1,2
2018010123985,2,20,-1,-1,-1,-1,-1,-1,-1,-1,1,-1,6,3,-1,-1,-1,-1,-1,-1,-1,-1
2018010123986,1,3,0,18,0,4,0,0,0,0,1,1,6,1,27,6,125,1,1,4,1,4
2018010123986,2,9,0,6,0,8,0,0,0,0,3,1,6,1,40,7,1596,1,13,3,1,3
2018010123989,1,19,0,16,0,1,0,0,0,0,1,1,1,1,48,8,2198,2,4,1,1,1
2018010123989,2,9,0,4,0,1,0,0,0,0,2,1,6,2,39,7,1794,1,14,2,1,2
2018010123990,1,9,0,13,0,0,1,0,8,4,1,1,6,1,20,4,1498,1,-1,7,1,7
2018010123990,2,11,0,18,0,0,0,0,0,0,0,1,1,1,63,9,4500,2,3,8,1,8
2018010123991,1,9,0,18,0,1,0,0,0,0,1,1,6,1,34,6,1998,1,12,1,1,1
2018010123993,1,9,0,14,0,8,0,0,0,0,1,1,6,1,32,6,3982,1,-1,9,1,9
2018010123993,2,5,0,18,0,8,5,0,2,10,1,1,6,1,29,6,645,1,15,6,1,6
2018010123995,1,9,0,9,0,8,0,0,0,0,3,1,6,2,32,6,1598,2,7,4,1,4
2018010123997,1,9,0,-1,-1,-1,-1,-1,-1,-1,2,-1,2,2,-1,-1,1995,2,14,2,1,2
2018010123997,2,90,0,-1,-1,-1,-1,-1,-1,-1,2,-1,6,3,49,8,-1,-1,-1,8,1,8
2018010124007,1,5,0,15,2,2,0,0,0,0,1,1,2,1,29,6,847,1,1,5,1,5
2018010124007,2,21,0,18,0,2,0,0,0,0,0,1,1,1,28,6,10837,2,9,2,1,2
2018010124014,1,5,0,-1,-1,-1,-1,-1,-1,-1,1,1,6,1,46,8,745,1,4,7,1,7
2018010124014,2,9,0,-1,-1,-1,-1,-1,-1,-1,-1,-1,6,3,-1,-1,1390,1,5,3,1,3
2018010124015,1,21,0,7,0,1,0,0,0,0,3,1,1,1,28,6,12777,2,1,8,1,8
2018010124015,2,9,4,7,0,1,0,0,0,0,3,1,6,2,50,8,1797,8,6,4,1,4
2018010124016,1,3,-1,18,0,-1,-1,0,0,0,-1,1,6,3,-1,-1,-1,-1,-1,-1,-1,-1
2018010124019,1,9,-1,3,0,-1,0,0,0,0,2,-1,1,1,36,7,-1,-1,-1,2,1,2
2018010124019,2,8,0,18,0,-1,0,0,0,0,1,-1,1,1,-1,-1,2402,2,12,-1,-1,-1
2018010124023,1,8,0,5,0,8,0,0,0,0,1,1,6,1,30,6,1797,8,7,3,1,3
2018010124023,2,1,0,18,0,8,0,0,0,0,1,1,1,1,35,6,-1,-1,-1,7,1,7
2018010124026,1,21,5,5,0,1,0,0,0,0,2,1,1,1,58,9,11967,2,5,3,1,3
2018010124026,2,9,0,5,0,1,0,0,0,0,1,1,6,1,27,6,1991,2,9,2,1,2
2018010124027,1,9,0,-1,-1,0,-1,-1,-1,-1,2,-1,6,2,27,6,1390,1,14,10,1,10
2018010124032,1,9,0,9,0,8,0,0,0,0,4,1,6,2,35,6,1395,1,1,2,-1,2
2018010124032,2,1,0,18,0,1,0,0,0,0,1,1,1,1,27,6,-1,-1,-1,6,3,6
2018010124041,1,19,-1,18,0,-1,0,0,0,0,4,-1,6,3,-1,-1,-1,-1,-1,-1,-1,-1
2018010124041,2,1,0,18,0,-1,0,0,0,0,3,1,6,1,44,7,-1,-1,-1,2,1,2
2018010124044,1,9,0,1,0,-1,0,0,0,0,2,-1,6,3,-1,-1,1797,8,8,-1,-1,-1
2018010124046,1,1,-1,-1,-1,-1,-1,-1,-1,-1,-1,1,6,1,-1,-1,-1,-1,-1,3,1,3
2018010124046,2,9,0,-1,-1,-1,-1,-1,-1,-1,1,-1,6,3,31,6,1388,1,13,5,2,5
2018010124049,1,1,-1,-1,-1,0,-1,-1,-1,-1,1,1,2,1,36,7,-1,-1,-1,2,1,2
2018010124049,2,9,0,-1,-1,0,-1,-1,-1,-1,-1,-1,6,3,38,7,998,1,9,3,1,3
2018010124050,1,5,0,18,0,0,0,0,0,0,4,1,6,1,58,9,899,1,24,-1,-1,-1
2018010124050,2,9,0,18,0,0,0,0,0,0,2,1,6,1,49,8,1339,8,8,-1,-1,-1
2018010124051,1,9,-1,-1,-1,-1,-1,-1,-1,-1,-1,-1,6,1,57,9,1984,1,7,1,1,1
2018010124051,2,9,0,-1,0,-1,0,-1,-1,0,-1,-1,6,3,-1,-1,1896,2,11,-1,-1,-1
2018010124057,1,1,-1,-1,-1,0,-1,-1,-1,-1,-1,1,2,1,22,5,-1,-1,-1,5,1,5
2018010124057,2,9,0,-1,-1,0,-1,-1,-1,-1,-1,-1,6,3,-1,-1,-1,-1,-1,-1,-1,-1
2018010124059,1,9,-1,-1,-1,0,-1,-1,-1,-1,-1,-1,6,3,-1,-1,-1,-1,-1,-1,-1,-1
2018010124061,1,9,0,-1,-1,-1,-1,-1,-1,-1,2,-1,6,2,40,7,1598,1,9,5,1,5
2018010124061,2,9,0,-1,-1,-1,-1,-1,-1,-1,2,-1,6,3,-1,-1,1991,1,-1,-1,-1,-1
2018010124063,1,19,0,1,9,6,0,0,1,0,2,1,1,1,24,5,1995,2,5,9,1,9
2018010124064,1,9,0,-1,-1,0,-1,-1,-1,-1,1,-1,6,2,45,7,1332,1,12,2,1,2
2018010124064,2,9,0,-1,-1,0,-1,-1,-1,-1,1,-1,6,3,28,6,698,1,14,5,1,5
2018010124068,1,9,0,18,0,1,0,0,0,0,3,1,1,1,57,9,1598,2,1,3,1,3
2018010124068,2,21,1,11,0,1,0,0,0,0,4,1,1,1,29,6,12809,2,6,4,1,4
2018010124068,3,9,0,18,0,1,0,0,0,0,4,1,6,1,74,10,1998,1,2,5,3,5
2018010124068,4,9,0,18,0,1,0,0,0,0,4,1,6,1,62,9,1998,1,2,9,1,9
2018010124070,1,9,0,9,0,6,0,0,0,0,4,1,6,1,68,10,1364,1,-1,-1,-1,-1
2018010124071,1,9,0,18,0,1,0,7,0,0,1,1,6,2,33,6,1364,1,9,5,1,5
2018010124071,2,9,0,15,0,1,0,0,0,0,0,1,6,3,-1,-1,1796,1,14,-1,-1,-1
2018010124072,1,19,0,4,0,2,0,0,0,0,2,1,6,1,41,7,1968,2,2,-1,-1,-1
2018010124072,2,1,0,18,0,2,0,0,0,0,1,1,1,2,40,7,-1,-1,-1,7,1,7
2018010124073,1,1,-1,-1,-1,-1,-1,-1,-1,-1,-1,1,6,1,46,8,-1,-1,-1,-1,-1,-1
2018010124073,2,9,0,-1,-1,-1,-1,-1,-1,-1,-1,-1,6,3,-1,-1,5462,1,11,-1,-1,-1
2018010124074,1,9,0,18,0,1,0,0,0,0,1,1,6,1,45,7,1798,1,9,3,1,3
2018010124074,2,1,0,18,0,1,5,0,0,0,1,1,6,2,30,6,-1,-1,-1,2,1,2
2018010124077,1,9,0,5,0,0,0,0,0,0,3,1,3,1,64,9,2987,2,10,9,1,9
2018010124078,1,2,0,13,0,1,0,0,0,0,1,1,6,1,16,4,49,1,6,5,3,5
2018010124078,2,9,0,9,0,5,0,0,0,0,3,1,2,1,57,9,1395,1,2,8,1,8
2018010124084,1,9,0,18,0,2,0,0,0,0,1,1,6,3,-1,-1,2143,2,4,-1,-1,-1
2018010124084,2,9,0,4,0,2,0,0,0,0,2,1,2,1,54,8,1900,2,13,2,1,2
2018010124085,1,11,0,5,0,1,0,0,0,0,0,1,1,1,41,7,9360,2,8,3,1,3
2018010124094,1,9,0,5,0,6,0,0,7,0,1,1,1,1,31,6,999,1,-1,6,1,6
2018010124097,1,1,-1,-1,-1,0,-1,-1,-1,-1,-1,1,2,2,28,6,-1,-1,-1,7,1,7
2018010124097,2,9,0,-1,-1,0,-1,-1,-1,-1,1,-1,6,3,-1,-1,-1,-1,-1,-1,-1,-1
2018010124099,1,9,0,-1,-1,0,0,-1,-1,-1,-1,1,6,2,72,10,1598,1,8,1,1,1
2018010124099,2,9,-1,-1,-1,0,-1,-1,-1,-1,-1,-1,6,3,-1,-1,1796,1,11,-1,-1,-1
2018010124100,1,11,0,16,0,1,0,0,0,0,0,1,1,1,35,6,6692,2,5,4,1,4
2018010124109,1,3,0,-1,-1,-1,-1,-1,-1,-1,-1,1,2,1,30,6,125,1,2,3,1,3
2018010124109,2,9,0,-1,-1,-1,-1,-1,-1,-1,-1,-1,6,3,23,5,1229,1,10,5,1,5
2018010124116,1,1,0,18,0,8,0,0,0,0,2,1,6,1,19,4,-1,-1,-1,3,1,3
2018010124116,2,9,0,-1,0,8,0,0,0,0,1,-1,6,3,-1,-1,-1,-1,-1,-1,-1,-1
2018010124118,1,9,0,-1,-1,-1,-1,-1,-1,-1,2,-1,6,2,49,8,1461,2,10,4,1,4
2018010124118,2,9,0,-1,-1,-1,-1,-1,-1,-1,1,-1,6,1,49,8,2261,1,11,5,1,5
2018010124119,1,21,1,18,0,0,0,0,0,0,2,2,1,1,38,7,-1,-1,-1,-1,-1,-1
2018010124119,2,9,0,18,0,0,0,0,0,0,1,1,6,1,17,4,1398,1,4,9,3,9
2018010124124,1,9,0,9,0,1,0,0,0,0,4,1,6,2,59,9,875,1,6,2,1,2
2018010124124,2,4,0,13,0,1,2,10,0,0,1,1,6,1,-1,-1,499,1,9,-1,-1,-1
2018010124127,1,9,0,-1,-1,0,-1,-1,-1,-1,2,-1,6,2,36,7,1995,1,11,2,1,2
2018010124127,2,9,0,-1,-1,0,-1,-1,-1,-1,1,-1,6,3,-1,-1,999,1,2,-1,-1,-1
2018010124135,1,9,0,10,0,1,0,0,0,0,2,1,1,1,29,6,1499,2,2,8,1,8
2018010124135,2,9,0,18,0,1,0,0,0,0,1,1,6,2,75,10,998,1,18,2,1,2
2018010124139,1,9,0,1,0,0,0,0,0,0,3,1,6,1,21,5,2497,1,13,2,1,2
2018010124139,2,3,0,18,0,0,5,0,0,0,1,1,1,1,34,6,108,1,1,5,1,5
2018010124140,1,4,0,9,0,2,0,0,0,0,3,1,2,1,33,6,124,1,4,2,1,2
2018010124140,2,3,0,18,0,1,0,0,0,0,1,1,6,3,-1,-1,124,1,9,-1,-1,-1
2018010124147,1,9,0,4,0,0,0,0,0,0,2,1,6,1,28,6,1590,1,13,7,1,7
2018010124147,2,9,0,4,0,0,0,0,0,0,1,1,6,1,27,6,1896,2,11,9,1,9
2018010124147,3,9,0,4,0,0,1,0,0,0,1,1,2,1,30,6,1896,2,14,7,1,7
2018010124149,1,9,0,5,0,0,0,0,0,0,1,1,6,3,-1,-1,1598,1,11,-1,-1,-1
2018010124151,1,9,0,7,0,1,0,0,0,0,4,1,1,1,50,8,1461,2,5,-1,-1,-1
2018010124151,2,1,0,18,0,1,0,0,0,0,0,1,6,1,51,8,-1,-1,-1,3,1,3
2018010124156,1,1,0,18,4,0,0,0,0,0,1,1,2,1,34,6,-1,-1,-1,4,1,4
2018010124156,2,1,0,18,4,0,0,0,0,0,0,1,6,2,13,3,-1,-1,-1,1,1,1
2018010124162,1,11,0,18,0,8,0,0,0,0,0,1,1,1,52,8,4500,2,2,3,1,3
2018010124163,1,9,0,18,0,2,0,0,0,0,4,1,6,1,31,6,1242,1,3,2,1,2
2018010124163,2,1,0,7,0,2,0,0,0,0,3,1,6,1,40,7,-1,-1,-1,3,1,3
2018010124169,1,9,0,18,9,5,2,0,0,0,3,1,6,1,28,6,1124,1,13,2,1,2
2018010124169,2,9,0,2,0,2,0,0,0,0,3,1,6,3,-1,-1,1995,2,11,-1,-1,-1
2018010124171,1,9,0,9,0,8,0,0,0,0,3,1,6,1,26,6,1242,1,9,4,1,4
2018010124171,2,1,0,18,0,8,0,0,0,0,1,1,2,1,22,5,-1,-1,-1,1,1,1
2018010124172,1,3,0,18,0,8,0,0,0,0,3,1,6,1,39,7,124,1,2,3,1,3
2018010124172,2,9,0,9,0,5,0,0,0,0,1,1,6,1,36,7,698,1,11,1,1,1
2018010124174,1,1,-1,-1,-1,-1,-1,-1,-1,-1,2,1,2,1,34,6,-1,-1,-1,4,1,4
2018010124174,2,9,0,-1,-1,-1,-1,-1,-1,-1,1,-1,6,3,-1,-1,-1,-1,-1,-1,-1,-1
2018010124176,1,9,0,-1,-1,-1,-1,-1,-1,-1,3,-1,6,1,24,5,998,1,6,5,1,5
2018010124177,1,9,0,18,0,0,0,0,0,0,1,1,6,1,19,4,1229,1,4,1,1,1
2018010124177,2,9,0,4,0,0,0,0,0,0,2,1,6,1,54,8,1364,1,9,2,1,2
2018010124178,1,9,0,14,0,1,0,0,0,0,1,1,6,1,30,6,1995,2,8,4,1,4
2018010124178,2,1,0,12,0,2,0,0,0,0,1,1,6,1,19,4,-1,-1,-1,2,1,2
2018010124179,1,8,0,-1,-1,-1,-1,-1,-1,-1,2,-1,6,1,62,9,2402,2,13,-1,-1,-1
2018010124179,2,9,-1,-1,-1,-1,-1,-1,-1,-1,1,-1,6,3,-1,-1,1968,2,12,-1,-1,-1
2018010124180,1,9,-1,2,-1,-1,-1,-1,-1,-1,-1,1,6,3,-1,-1,1390,1,9,-1,-1,-1
2018010124180,2,9,0,-1,-1,-1,-1,-1,-1,-1,2,1,6,3,-1,-1,1968,2,4,-1,-1,-1
2018010124181,1,9,0,-1,-1,-1,-1,-1,-1,-1,1,-1,6,2,25,5,998,1,1,3,1,3
2018010124181,2,9,0,-1,-1,-1,-1,-1,-1,-1,2,-1,6,3,-1,-1,1995,2,10,-1,-1,-1
2018010124182,1,9,0,9,0,8,0,0,0,0,3,1,6,1,61,9,1560,2,10,6,1,6
2018010124182,2,3,0,13,0,1,0,0,0,0,1,1,6,2,52,8,108,1,1,7,1,7
2018010124184,1,9,0,5,0,6,0,0,0,0,3,1,6,1,22,5,999,1,4,5,1,5
2018010124184,2,19,0,18,0,8,0,0,0,0,4,1,6,1,51,8,-1,-1,-1,3,1,3
2018010124189,1,3,0,-1,-1,-1,-1,-1,-1,-1,1,1,6,1,33,6,125,1,1,2,1,2
2018010124189,2,19,0,-1,-1,-1,-1,-1,-1,-1,2,-1,6,3,-1,-1,1995,2,1,5,1,5
2018010124194,1,8,0,10,0,1,0,0,0,0,2,1,1,1,44,7,1956,2,4,6,1,6
2018010124194,2,5,0,17,0,1,1,0,0,0,1,1,6,1,37,7,998,1,12,3,1,3
2018010124197,1,9,0,18,0,0,0,0,0,0,1,1,6,1,26,6,1956,2,7,4,1,4
2018010124197,2,3,0,18,0,0,0,0,0,0,1,1,6,1,39,7,125,1,11,4,1,4
2018010124199,1,9,0,5,0,2,0,0,0,0,1,1,1,1,45,7,2198,2,12,4,1,4
2018010124202,1,1,0,18,2,0,0,0,0,0,1,1,2,1,31,6,-1,-1,-1,1,1,1
2018010124202,2,9,0,18,2,0,0,0,0,0,1,1,6,3,-1,-1,-1,-1,-1,-1,-1,-1
2018010124205,1,9,0,18,0,8,1,10,7,1,1,1,6,1,23,5,1995,2,10,4,1,4
2018010124207,1,9,0,17,0,2,0,0,0,0,1,1,2,2,42,7,1968,2,12,9,2,9
2018010124211,1,9,0,18,0,8,0,0,0,0,3,1,2,1,51,8,1200,1,4,6,1,6
2018010124211,2,1,0,18,0,8,-1,0,0,0,1,1,6,1,-1,-1,-1,-1,-1,-1,-1,-1
2018010124217,1,19,0,-1,-1,-1,-1,-1,-1,-1,2,-1,2,1,28,6,1995,2,1,8,1,8
2018010124217,2,1,-1,-1,-1,-1,-1,-1,-1,-1,1,1,6,1,-1,-1,-1,-1,-1,4,1,4
2018010124224,1,1,-1,-1,-1,-1,-1,-1,-1,-1,-1,1,2,1,40,7,-1,-1,-1,4,1,4
2018010124224,2,19,0,-1,-1,-1,-1,-1,-1,-1,-1,-1,6,3,-1,-1,2402,2,7,-1,-1,-1
2018010124226,1,9,0,-1,-1,-1,-1,-1,-1,-1,2,-1,6,2,51,8,1590,1,17,3,1,3
2018010124226,2,8,0,-1,-1,-1,-1,-1,-1,-1,1,-1,6,3,-1,-1,1798,8,4,-1,-1,-1
2018010124227,1,8,0,3,0,1,0,0,0,0,3,1,6,3,28,6,-1,-1,-1,-1,-1,-1
2018010124227,2,1,0,13,0,1,5,8,0,0,4,1,1,1,34,6,-1,-1,-1,2,1,2
2018010124229,1,1,0,18,0,1,0,0,0,0,4,1,6,1,39,7,-1,-1,-1,5,1,5
2018010124233,1,8,0,-1,-1,-1,-1,-1,-1,-1,1,-1,6,3,-1,-1,-1,-1,-1,-1,-1,-1
2018010124237,1,3,0,-1,-1,-1,-1,-1,-1,-1,1,1,2,2,36,7,125,1,3,9,1,9
2018010124237,2,9,0,-1,-1,-1,-1,-1,-1,-1,1,-1,6,3,-1,-1,-1,-1,-1,-1,-1,-1
2018010124239,1,3,0,-1,-1,0,-1,-1,-1,-1,1,1,6,1,27,6,125,1,1,6,1,6
2018010124239,2,90,0,-1,-1,0,-1,-1,-1,-1,1,-1,6,3,-1,-1,6700,2,2,5,1,5
2018010124243,1,9,0,18,0,8,0,0,0,0,1,-1,6,1,36,7,1595,1,2,3,1,3
2018010124243,2,9,0,13,0,8,0,0,0,0,2,-1,6,1,-1,-1,2696,2,9,-1,-1,-1
2018010124250,1,9,0,-1,-1,0,-1,-1,-1,-1,1,-1,6,2,38,7,1198,1,14,5,1,5
2018010124250,2,9,0,-1,-1,0,-1,-1,-1,-1,-1,-1,6,3,-1,-1,898,1,3,5,2,5
2018010124251,1,5,0,3,0,1,0,0,0,0,0,1,6,1,36,7,599,1,20,1,1,1
2018010124252,1,9,0,4,0,1,0,0,0,0,2,1,1,1,50,8,-1,-1,-1,-1,-1,-1
2018010124252,2,1,0,18,0,1,5,0,0,0,1,1,6,1,14,3,-1,-1,-1,2,1,2
2018010124258,1,9,0,9,0,1,0,0,0,0,1,1,2,1,57,9,1968,2,6,5,1,5
2018010124258,2,1,0,5,4,5,0,0,0,0,1,1,2,2,28,6,-1,-1,-1,3,1,3
2018010124263,1,11,0,4,2,1,0,0,0,0,0,1,6,1,48,8,4500,2,7,2,1,2
2018010124264,1,9,0,4,0,0,0,0,0,0,2,1,6,1,34,6,998,1,1,2,1,2
2018010124264,2,3,0,18,0,0,0,0,0,0,1,1,6,1,67,10,124,1,12,6,1,6
2018010124266,1,1,-1,-1,-1,-1,-1,-1,-1,-1,-1,1,2,2,37,7,-1,-1,-1,7,1,7
2018010124266,2,8,0,-1,-1,-1,-1,-1,-1,-1,-1,-1,6,3,-1,-1,-1,-1,-1,-1,-1,-1
2018010124271,1,1,-1,-1,-1,-1,-1,-1,-1,-1,-1,1,2,2,27,6,-1,-1,-1,5,1,5
2018010124271,2,90,0,-1,-1,-1,-1,-1,-1,-1,1,-1,6,3,-1,-1,-1,-1,-1,-1,-1,-1
2018010124278,1,9,0,3,0,8,0,0,0,0,2,1,6,1,48,8,1997,2,2,8,1,8
2018010124278,2,9,0,18,0,8,0,0,0,0,1,1,6,1,84,11,1388,1,15,2,1,2
2018010124281,1,3,0,4,0,1,1,0,0,0,4,1,2,1,31,6,102,1,2,5,1,5
2018010124281,2,11,0,5,0,1,0,0,0,0,3,1,1,1,53,8,6700,2,11,9,1,9
2018010124282,1,3,0,18,0,1,2,0,0,0,1,1,6,2,26,6,125,1,1,4,1,4
2018010124286,1,3,0,18,0,2,5,0,7,0,1,1,6,1,19,4,125,1,9,4,1,4
2018010124286,2,8,0,9,0,2,0,0,7,0,3,1,1,1,57,9,1997,2,7,3,1,3
2018010124287,1,5,0,18,0,2,0,0,0,0,1,1,1,1,37,7,-1,-1,-1,3,1,3
2018010124289,1,9,0,18,0,8,0,0,0,0,4,1,6,2,44,7,1995,1,9,3,1,3
2018010124289,2,4,0,5,0,6,0,0,0,0,1,1,6,1,18,4,279,1,9,8,1,8
2018010124297,1,11,0,4,0,2,0,0,0,0,0,1,1,1,33,6,8268,2,15,2,1,2
2018010124300,1,3,0,18,0,0,2,4,0,0,3,1,2,1,32,6,124,1,8,6,1,6
2018010124300,2,9,0,2,0,0,0,0,0,0,3,1,6,3,-1,-1,1299,1,17,-1,-1,-1
2018010124300,3,9,0,2,0,0,0,0,0,0,3,1,6,3,-1,-1,1242,1,-1,-1,-1,-1
2018010124300,4,9,0,2,0,0,0,0,0,0,3,1,6,3,-1,-1,1339,1,12,-1,-1,-1
2018010124301,1,9,-1,9,0,1,-1,0,-1,-1,3,-1,6,1,66,10,1582,2,7,8,1,8
2018010124301,2,1,0,18,0,1,-1,0,0,0,3,1,6,1,-1,-1,-1,-1,-1,-1,-1,-1
2018010124306,1,9,0,7,0,6,0,0,0,0,1,1,6,1,34,6,2393,1,19,3,1,3
2018010124306,2,9,0,3,0,6,0,0,0,0,2,1,6,1,54,8,1200,1,1,4,1,4
2018010124307,1,11,0,18,0,2,0,0,0,0,0,1,1,2,43,7,9360,2,6,6,1,6
2018010124310,1,9,0,-1,-1,-1,-1,-1,-1,-1,1,-1,6,3,28,6,-1,-1,-1,-1,-1,-1