Accident_Index,Vehicle_Reference,Vehicle_Type,Towing_and_Articulation,Vehicle_Manoeuvre,Vehicle_Location-Restricted_Lane,Junction_Location,Skidding_and_Overturning,Hit_Object_in_Carriageway,Vehicle_Leaving_Carriageway,Hit_Object_off_Carriageway,1st_Point_of_Impact,Was_Vehicle_Left_Hand_Drive?,Journey_Purpose_of_Driver,Sex_of_Driver,Age_of_Driver,Age_Band_of_Driver,Engine_Capacity_(CC),Propulsion_Code,Age_of_Vehicle,Driver_IMD_Decile,Driver_Home_Area_Type,Vehicle_IMD_Decile
2018010124636,1,9,-1,-1,-1,-1,-1,-1,-1,-1,-1,-1,6,2,45,7,1248,2,10,4,1,4
2018010124636,2,9,-1,-1,-1,-1,-1,-1,-1,-1,-1,-1,6,3,-1,-1,1798,8,2,-1,-1,-1
2018010124648,1,8,0,9,0,8,0,0,0,0,3,1,1,1,37,7,2143,2,4,2,1,2
2018010124648,2,1,0,14,0,1,0,0,0,0,4,1,1,1,26,6,-1,-1,-1,7,1,7
2018010124651,1,9,-1,6,-1,-1,-1,-1,-1,-1,-1,-1,6,2,28,6,1149,1,7,-1,-1,-1
2018010124652,1,19,0,7,0,6,0,0,1,0,4,1,1,1,41,7,2198,2,2,4,1,4
2018010124652,2,1,0,7,0,6,0,0,0,0,3,1,6,1,64,9,-1,-1,-1,7,1,7
2018010124653,1,1,-1,-1,-1,-1,-1,-1,-1,-1,-1,1,2,2,25,5,-1,-1,-1,2,-1,2
2018010124656,1,9,0,-1,-1,0,-1,-1,-1,-1,2,-1,6,2,36,7,2979,1,-1,9,3,9
2018010124656,2,9,0,-1,-1,0,-1,-1,-1,-1,1,-1,6,3,45,7,2993,2,6,4,1,4
2018010124656,3,9,0,-1,-1,0,-1,-1,-1,-1,2,-1,6,3,-1,-1,1560,2,4,1,1,1
2018010124656,4,9,0,-1,-1,0,-1,-1,-1,-1,2,-1,6,3,-1,-1,1968,2,12,6,1,6
2018010124657,1,19,0,9,0,6,0,0,0,0,1,1,1,1,25,5,2143,2,3,6,1,6
2018010124657,2,9,0,5,0,3,0,0,0,0,3,1,6,1,39,7,1598,1,15,5,1,5
2018010124659,1,1,-1,-1,-1,-1,-1,-1,-1,-1,-1,1,2,1,26,6,-1,-1,-1,1,1,1
2018010124659,2,9,0,-1,-1,-1,-1,-1,-1,-1,-1,1,6,3,-1,-1,1586,1,1,2,1,2
2018010124660,1,11,0,5,2,0,0,0,0,0,0,1,1,1,46,8,4500,2,6,2,1,2
2018010124665,1,9,-1,2,0,-1,-1,0,0,0,3,-1,6,3,-1,-1,2993,2,6,-1,-1,-1
2018010124665,2,9,-1,18,-1,-1,-1,0,0,0,4,-1,6,3,-1,-1,2499,1,12,-1,-1,-1
2018010124666,1,8,-1,-1,-1,-1,-1,-1,-1,-1,-1,-1,6,1,43,7,1798,8,5,5,1,5
2018010124666,2,9,-1,4,0,1,0,-1,0,0,2,-1,6,3,-1,-1,1198,1,9,-1,-1,-1
2018010124669,1,1,-1,-1,-1,0,-1,-1,-1,-1,-1,1,2,1,40,7,-1,-1,-1,3,1,3
2018010124669,2,9,0,-1,-1,0,-1,-1,-1,-1,-1,-1,6,3,55,8,1598,1,13,3,1,3
2018010124672,1,9,0,9,0,6,0,0,0,0,1,1,6,2,30,6,1299,1,19,2,1,2
2018010124672,2,9,0,7,0,1,0,0,0,0,1,1,6,2,-1,-1,2148,2,16,-1,-1,-1
2018010124674,1,9,-1,-1,-1,-1,-1,-1,-1,-1,-1,-1,6,3,-1,-1,-1,-1,-1,-1,-1,-1
2018010124677,1,9,0,9,0,5,0,0,7,0,4,2,1,1,36,7,1248,2,5,4,1,4
2018010124677,2,5,0,13,0,5,0,0,1,0,3,1,1,1,27,6,745,1,4,9,1,9
2018010124679,1,2,0,16,0,6,0,0,1,0,0,1,1,1,41,7,-1,-1,-1,2,1,2
2018010124682,1,19,0,9,0,1,0,0,0,0,1,1,1,1,48,8,1560,2,9,6,1,6
2018010124682,2,1,0,18,0,8,0,0,0,0,4,1,2,2,19,4,-1,-1,-1,4,1,4
2018010124683,1,8,0,18,0,5,0,0,0,0,1,1,1,1,45,7,1797,8,7,5,1,5
2018010124683,2,1,0,18,0,1,5,0,0,0,1,1,6,1,59,9,-1,-1,-1,5,1,5
2018010124684,1,9,0,4,0,0,0,0,0,0,2,1,6,2,45,7,1499,1,1,3,1,3
2018010124684,2,9,0,4,0,0,0,0,0,0,1,1,6,2,47,8,1497,8,3,-1,-1,-1
2018010124684,3,9,0,4,0,0,0,0,0,0,2,1,6,1,41,7,1968,2,7,10,2,10
2018010124685,1,9,0,18,0,0,0,0,0,0,1,1,6,1,40,7,1796,1,7,2,1,2
2018010124685,2,9,0,18,0,0,0,0,0,0,2,1,6,1,44,7,-1,-1,-1,2,1,2
2018010124685,3,9,0,18,0,0,0,0,0,0,3,1,6,1,49,8,1686,2,7,9,1,9
2018010124686,1,1,-1,-1,-1,-1,-1,-1,-1,-1,-1,1,6,1,73,10,-1,-1,-1,9,1,9
2018010124686,2,9,0,-1,-1,-1,-1,-1,-1,-1,1,-1,6,3,-1,-1,1797,8,8,6,1,6
2018010124690,1,19,0,9,0,6,0,0,0,0,1,1,6,1,32,6,1995,2,10,-1,-1,-1
2018010124690,2,9,0,18,0,1,0,0,0,0,1,1,6,2,53,8,1499,2,1,4,1,4
2018010124693,1,9,0,10,0,1,0,0,0,0,3,1,6,1,44,7,1339,8,8,3,1,3
2018010124693,2,9,0,18,0,1,0,0,0,0,1,1,6,1,25,5,1598,1,12,3,1,3
2018010124694,1,9,0,-1,-1,-1,-1,-1,-1,-1,-1,-1,6,1,32,6,1596,1,11,1,1,1
2018010124694,2,19,0,-1,-1,-1,-1,-1,-1,-1,2,-1,6,3,-1,-1,1598,2,1,4,1,4
2018010124695,1,90,0,5,0,1,0,0,0,0,0,1,1,1,52,8,-1,-1,-1,3,1,3
2018010124704,1,3,0,11,0,8,0,0,0,0,2,1,6,1,25,5,125,1,4,2,1,2
2018010124704,2,9,0,9,0,8,0,0,0,0,1,1,2,2,51,8,998,1,6,6,1,6
2018010124705,1,1,-1,-1,0,-1,-1,-1,-1,0,-1,1,6,3,-1,-1,-1,-1,-1,5,3,5
2018010124706,1,9,0,-1,-1,0,-1,-1,-1,-1,2,1,6,2,53,8,1596,1,17,2,1,2
2018010124706,2,9,0,-1,-1,0,-1,-1,-1,-1,1,-1,6,1,-1,-1,3199,1,15,3,1,3
2018010124707,1,9,0,-1,-1,0,-1,-1,-1,-1,-1,-1,6,2,28,6,1995,1,13,7,1,7
2018010124707,2,3,0,-1,-1,0,-1,-1,-1,-1,1,1,6,3,-1,-1,125,1,1,4,1,4
2018010124708,1,3,0,-1,-1,0,-1,-1,-1,-1,-1,1,6,1,42,7,125,1,2,10,1,10
2018010124708,2,9,0,-1,-1,0,-1,-1,-1,-1,-1,-1,6,3,-1,-1,1598,1,16,-1,-1,-1
2018010124711,1,1,0,18,0,2,0,4,0,0,2,1,6,1,42,7,-1,-1,-1,3,1,3
2018010124711,2,9,0,13,0,2,0,0,0,0,2,1,6,2,62,9,1395,1,1,4,1,4
2018010124713,1,9,0,-1,-1,0,-1,-1,-1,-1,2,-1,6,1,26,6,1493,1,18,3,1,3
2018010124713,2,9,0,-1,-1,0,-1,-1,-1,-1,1,-1,6,3,35,6,1206,1,8,-1,-1,-1
2018010124714,1,9,0,18,-1,-1,-1,-1,-1,-1,2,-1,6,2,33,6,1997,1,8,1,1,1
2018010124714,2,9,-1,-1,-1,-1,-1,-1,-1,-1,-1,-1,6,3,-1,-1,1997,1,8,-1,-1,-1
2018010124717,1,3,0,-1,-1,-1,-1,-1,-1,-1,2,1,6,1,33,6,108,1,10,2,1,2
2018010124717,2,8,0,-1,-1,-1,-1,-1,-1,-1,1,-1,6,3,-1,-1,1798,8,3,1,1,1
2018010124719,1,1,-1,-1,-1,-1,-1,-1,-1,-1,1,1,2,2,37,7,-1,-1,-1,2,1,2
2018010124719,2,1,-1,-1,-1,-1,-1,-1,-1,-1,2,1,6,3,-1,-1,-1,-1,-1,-1,-1,-1
2018010124721,1,5,0,-1,-1,-1,-1,-1,-1,-1,-1,1,2,1,21,5,645,1,8,5,1,5
2018010124721,2,9,0,-1,-1,-1,-1,-1,-1,-1,-1,-1,6,3,56,9,1968,2,6,9,1,9
2018010124724,1,1,-1,-1,-1,-1,-1,-1,-1,-1,0,1,2,1,32,6,-1,-1,-1,2,1,2
2018010124724,2,19,0,-1,-1,-1,-1,-1,-1,-1,2,-1,6,3,-1,-1,1560,2,4,-1,-1,-1
2018010124725,1,9,0,3,0,0,0,0,0,0,0,1,2,1,58,9,3400,1,17,-1,-1,-1
2018010124725,2,5,0,18,0,0,1,0,0,0,2,1,6,1,18,4,748,1,12,4,1,4
2018010124727,1,19,0,18,9,4,0,0,0,1,1,1,6,3,-1,-1,-1,-1,-1,-1,-1,-1
2018010124730,1,4,0,14,0,8,0,0,0,0,1,1,6,1,29,6,330,1,3,3,1,3
2018010124731,1,2,0,18,0,1,0,0,0,0,1,1,1,1,55,8,125,1,1,4,1,4
2018010124731,2,9,0,7,0,1,0,0,0,0,3,1,6,1,18,4,1360,1,11,3,1,3
2018010124734,1,3,0,18,0,8,0,0,0,0,4,1,6,1,30,6,124,1,5,-1,-1,-1
2018010124734,2,19,0,6,0,1,0,0,0,0,3,1,6,1,37,7,4500,2,1,-1,-1,-1
2018010124735,1,1,0,18,0,0,0,0,0,0,1,1,2,1,32,6,-1,-1,-1,6,1,6
2018010124738,1,1,-1,-1,-1,-1,-1,-1,-1,-1,-1,1,2,1,43,7,-1,-1,-1,4,1,4
2018010124738,2,9,-1,-1,-1,-1,-1,-1,-1,-1,-1,-1,6,3,-1,-1,-1,-1,-1,-1,-1,-1
2018010124739,1,11,0,5,2,1,0,0,0,0,0,1,6,1,46,8,4500,2,2,4,1,4
2018010124739,2,1,0,7,2,1,2,0,0,0,0,1,6,1,31,6,-1,-1,-1,5,1,5
2018010124741,1,9,0,18,0,4,0,0,0,0,1,1,6,3,-1,-1,-1,-1,-1,-1,-1,-1
2018010124741,2,1,0,18,0,4,0,0,0,0,3,1,2,1,34,6,-1,-1,-1,3,1,3
2018010124742,1,9,0,-1,-1,-1,-1,-1,-1,-1,1,-1,6,2,30,6,1598,1,9,2,1,2
2018010124742,2,9,0,-1,-1,-1,-1,-1,-1,-1,1,-1,6,3,-1,-1,1910,2,13,-1,-1,-1
2018010124744,1,1,0,7,0,6,0,0,0,0,3,1,6,1,30,6,-1,-1,-1,4,1,4
2018010124744,2,9,0,18,0,1,0,0,0,0,1,1,6,2,58,9,1598,1,6,3,1,3
2018010124745,1,9,0,9,0,8,0,0,0,0,3,1,6,1,67,10,1797,8,6,3,1,3
2018010124745,2,3,0,13,0,1,0,0,0,0,1,1,6,1,52,8,125,1,7,7,1,7
2018010124747,1,9,0,4,0,2,0,0,0,0,1,1,6,2,51,8,1794,1,11,4,1,4
2018010124750,1,9,0,-1,-1,-1,-1,-1,-1,-1,2,-1,6,2,53,8,1498,1,9,3,1,3
2018010124750,2,9,0,-1,-1,-1,-1,-1,-1,-1,2,-1,6,3,-1,-1,1493,1,20,-1,-1,-1
2018010124751,1,1,-1,-1,-1,-1,-1,-1,-1,-1,-1,1,2,1,37,7,-1,-1,-1,4,1,4
2018010124751,2,9,0,-1,-1,-1,-1,-1,-1,-1,1,-1,6,3,-1,-1,1390,1,13,1,1,1
2018010124752,1,3,0,18,0,2,2,0,0,0,4,1,1,1,35,6,125,1,5,1,1,1
2018010124752,2,9,0,18,0,2,0,0,0,0,2,1,6,2,67,10,1798,8,3,6,1,6
2018010124753,1,9,0,-1,-1,-1,-1,-1,-1,-1,2,-1,6,1,30,6,1339,8,8,2,1,2
2018010124753,2,9,0,18,0,-1,0,0,0,0,1,1,6,1,-1,-1,2143,2,5,3,1,3
2018010124755,1,9,0,3,0,6,0,0,0,0,0,1,6,1,31,6,2143,2,3,6,1,6
2018010124755,2,3,0,7,0,6,0,0,0,0,0,1,2,1,36,7,124,1,7,4,1,4
2018010124763,1,1,-1,-1,-1,-1,-1,-1,-1,-1,-1,1,2,2,32,6,-1,-1,-1,4,-1,4
2018010124763,2,9,0,-1,-1,-1,-1,-1,-1,-1,4,-1,6,3,-1,-1,-1,-1,-1,-1,-1,-1
2018010124764,1,19,0,9,0,5,0,0,0,0,1,1,1,1,50,8,1997,2,2,2,1,2
2018010124764,2,3,0,18,0,1,0,0,0,0,3,1,6,1,37,7,125,1,3,1,1,1
2018010124765,1,5,0,18,0,1,2,4,0,0,4,1,2,1,30,6,649,1,12,8,1,8
2018010124765,2,9,0,16,0,6,0,0,0,0,1,1,2,1,51,8,2143,2,6,8,1,8
2018010124765,3,8,0,2,0,1,0,0,0,0,1,1,6,3,-1,-1,2143,2,6,-1,-1,-1
2018010124770,1,3,0,4,0,1,0,0,0,0,1,1,1,1,31,6,599,1,18,10,1,10
2018010124772,1,9,0,5,0,1,0,0,0,0,4,1,6,1,27,6,2204,2,11,6,1,6
2018010124776,1,9,0,9,0,6,0,0,0,0,1,1,6,1,20,4,1598,2,7,5,1,5
2018010124776,2,9,0,18,0,1,0,0,0,0,3,1,6,2,28,6,1598,1,13,2,1,2
2018010124780,1,9,0,-1,0,-1,0,-1,0,0,-1,-1,6,3,67,10,1596,1,12,8,1,8
2018010124780,2,9,0,-1,0,-1,0,-1,0,0,-1,-1,6,1,41,7,3456,8,8,3,1,3
2018010124781,1,9,0,9,0,8,0,0,0,0,4,1,6,3,-1,-1,1685,2,-1,-1,-1,-1
2018010124781,2,3,0,18,0,1,0,0,0,0,1,1,6,1,20,4,125,1,2,4,1,4
2018010124782,1,9,0,18,0,0,0,0,0,0,1,1,6,2,37,7,1364,1,13,1,1,1
2018010124782,2,9,0,18,0,0,0,0,0,0,1,1,6,2,29,6,1596,1,12,2,1,2
2018010124782,3,9,0,2,9,0,0,0,0,0,0,1,6,3,-1,-1,1896,2,8,-1,-1,-1
2018010124782,4,9,0,2,9,0,0,0,0,0,0,1,6,3,-1,-1,1598,2,5,-1,-1,-1
2018010124783,1,9,0,9,4,5,0,0,0,0,1,1,6,1,28,6,1599,1,13,2,1,2
2018010124783,2,1,0,18,4,8,0,0,7,2,4,1,2,1,39,7,-1,-1,-1,3,1,3
2018010124787,1,9,0,18,0,1,0,0,0,0,1,1,6,1,22,5,1796,1,6,8,1,8
2018010124787,2,9,0,3,0,1,0,0,0,0,2,1,6,1,42,7,1598,1,10,-1,-1,-1
2018010124787,3,9,0,4,0,1,0,0,0,0,3,1,6,1,33,6,2179,2,7,4,1,4
2018010124787,4,9,0,3,0,1,0,0,0,0,2,1,6,1,23,5,2993,2,12,7,1,7
2018010124788,1,19,0,18,0,0,0,4,0,0,1,1,6,1,21,5,1499,2,4,3,1,3
2018010124788,2,9,0,5,0,0,0,0,0,0,3,1,6,1,56,9,1995,2,11,2,1,2
2018010124788,3,9,0,4,0,0,0,0,0,0,3,1,6,1,-1,-1,1794,1,12,4,1,4
2018010124789,1,9,0,8,0,1,0,0,1,0,3,1,6,2,57,9,1598,1,7,4,1,4
2018010124789,2,9,0,9,0,1,0,0,0,0,3,1,6,3,-1,-1,1910,2,9,-1,-1,-1
2018010124791,1,9,0,18,0,1,0,0,0,0,1,1,6,1,34,6,1299,1,13,4,1,4
2018010124791,2,9,0,9,0,8,0,0,0,0,1,1,6,3,-1,-1,-1,-1,-1,-1,-1,-1
2018010124793,1,2,0,18,0,4,0,0,0,0,1,1,6,1,31,6,125,1,-1,3,1,3
2018010124793,2,9,0,18,0,4,0,0,0,0,1,1,6,3,-1,-1,-1,-1,-1,-1,-1,-1
2018010124796,1,9,0,6,0,0,0,0,0,0,3,1,1,1,26,6,2143,2,-1,3,1,3
2018010124796,2,2,0,18,0,0,0,0,0,0,1,1,2,1,39,7,124,1,4,2,1,2
2018010124800,1,9,0,17,0,8,0,0,0,0,3,1,6,2,19,4,1398,1,1,-1,-1,-1
2018010124800,2,9,0,18,0,8,0,0,0,0,1,1,6,1,32,6,1598,2,4,-1,-1,-1
2018010124801,1,9,0,18,0,8,0,0,0,0,1,1,6,1,54,8,2143,2,6,4,1,4
2018010124801,2,9,0,9,0,7,0,0,0,0,1,1,6,1,-1,-1,1798,8,1,4,1,4
2018010124814,1,5,0,-1,-1,-1,-1,-1,-1,-1,2,1,2,1,35,6,599,1,13,4,1,4
2018010124814,2,9,0,-1,-1,-1,-1,-1,-1,-1,1,-1,6,3,-1,-1,995,1,8,-1,-1,-1
2018010124815,1,9,0,9,0,8,0,0,0,0,1,1,6,1,62,9,-1,-1,-1,4,1,4
2018010124815,2,1,0,18,0,8,0,0,0,0,1,1,6,1,21,5,-1,-1,-1,4,1,4
2018010124816,1,11,-1,-1,-1,0,-1,-1,-1,0,-1,1,1,3,46,8,6700,2,9,2,1,2
2018010124818,1,19,0,14,0,1,0,0,0,0,1,1,6,1,28,6,-1,-1,-1,-1,-1,-1
2018010124819,1,9,0,18,0,8,0,0,0,0,1,1,6,2,62,9,1329,1,2,3,1,3
2018010124819,2,9,0,18,0,1,0,0,0,0,1,1,6,1,55,8,998,1,1,10,1,10
2018010124830,1,9,0,18,0,1,0,0,0,0,1,1,6,1,23,5,1364,1,11,2,1,2
2018010124836,1,11,0,18,0,1,0,0,0,0,0,1,6,1,45,7,5132,2,3,2,1,2
2018010124836,2,19,0,7,0,1,0,0,0,0,0,1,6,3,-1,-1,-1,-1,-1,-1,-1,-1
2018010124842,1,3,0,13,0,1,0,0,0,0,1,1,2,1,29,6,125,1,3,6,1,6
2018010124842,2,9,0,9,0,1,0,0,0,0,3,1,1,1,48,8,1995,2,1,2,1,2
2018010124852,1,9,0,18,0,1,1,0,0,0,3,1,6,2,31,6,1386,1,12,2,1,2
2018010124852,2,19,0,11,0,5,0,0,0,0,4,1,6,3,-1,-1,-1,-1,-1,-1,-1,-1
2018010124852,3,19,0,18,0,2,0,0,0,0,1,1,1,1,36,7,1968,2,3,4,1,4
2018010124860,1,5,0,15,0,1,5,0,0,0,4,1,2,1,53,8,745,1,3,8,1,8
2018010124860,2,10,0,9,0,1,0,0,0,0,1,1,1,2,47,8,2198,2,6,-1,-1,-1
2018010124866,1,9,0,5,0,1,0,0,0,0,3,1,6,2,71,10,1968,2,5,9,1,9
2018010124866,2,3,0,18,0,1,0,0,0,0,1,1,6,1,23,5,125,1,2,9,1,9
2018010124872,1,9,0,4,0,1,0,0,0,0,2,1,6,1,40,7,1998,1,14,3,1,3
2018010124872,2,1,0,16,0,1,0,0,0,0,1,1,2,1,44,7,-1,-1,-1,8,1,8
2018010124873,1,9,0,5,4,1,0,0,0,0,1,1,6,1,72,10,1596,1,3,5,1,5
2018010124873,2,1,0,18,4,1,0,0,0,0,4,1,2,1,36,7,-1,-1,-1,6,1,6
2018010124874,1,1,-1,-1,-1,-1,-1,-1,-1,-1,-1,1,2,1,42,7,-1,-1,-1,6,1,6
2018010124874,2,9,0,-1,-1,-1,-1,-1,-1,-1,-1,-1,6,3,-1,-1,1968,2,1,-1,-1,-1
2018010124879,1,2,0,15,0,1,1,0,0,0,0,1,1,1,30,6,108,1,3,7,1,7
2018010124879,2,8,0,7,0,1,0,0,0,0,0,1,1,2,53,8,1798,8,2,6,1,6
2018010124884,1,1,-1,-1,-1,-1,-1,-1,-1,-1,1,1,2,1,27,6,-1,-1,-1,4,1,4
2018010124884,2,9,0,-1,-1,-1,-1,-1,-1,-1,-1,-1,6,3,45,7,1339,8,6,-1,1,-1
2018010124888,1,11,0,-1,-1,-1,-1,-1,-1,-1,1,-1,1,1,50,8,6692,2,7,1,1,1
2018010124889,1,9,0,-1,-1,-1,-1,-1,-1,-1,1,-1,6,2,33,6,1995,1,9,4,1,4
2018010124889,2,9,0,-1,-1,-1,-1,-1,-1,-1,-1,-1,6,3,-1,-1,1995,2,7,10,1,10
2018010124890,1,9,-1,-1,-1,-1,-1,-1,-1,-1,-1,-1,6,1,49,8,1598,2,5,4,1,4
2018010124890,2,9,-1,-1,-1,-1,-1,-1,-1,-1,-1,-1,6,3,-1,-1,1956,2,5,-1,-1,-1
2018010124892,1,11,0,5,0,1,0,0,0,0,0,1,1,1,59,9,4500,2,2,3,1,3
2018010124894,1,5,0,18,2,0,0,0,1,0,3,1,6,1,19,4,806,1,1,8,1,8
2018010124894,2,9,0,7,0,0,0,0,0,0,4,1,6,1,72,10,3628,2,9,8,1,8
2018010124903,1,19,0,3,0,1,0,0,0,0,1,1,2,1,32,6,2402,2,12,3,1,3
2018010124903,2,9,0,4,0,1,0,4,0,0,2,1,6,1,79,11,1398,1,7,1,1,1
2018010124903,3,19,0,4,0,1,0,0,0,0,2,1,1,1,32,6,-1,-1,-1,1,1,1
2018010124906,1,3,0,13,0,8,2,0,0,0,1,1,1,1,32,6,125,1,4,1,1,1
2018010124906,2,9,0,18,0,8,0,0,0,0,1,1,2,1,38,7,2143,2,6,3,1,3
2018010124908,1,11,0,3,0,8,0,0,0,0,0,1,1,1,29,6,4461,2,4,4,1,4
2018010124917,1,11,0,5,0,0,0,0,0,0,0,1,1,1,59,9,6700,2,6,5,1,5
2018010124917,2,19,0,11,7,0,0,0,0,0,0,1,1,1,70,10,1560,2,1,4,2,4
2018010124920,1,9,0,4,0,0,0,0,0,0,4,1,2,1,43,7,1995,2,4,3,1,3
2018010124921,1,19,0,3,8,0,0,0,0,0,1,1,1,1,25,5,2143,2,8,2,1,2
2018010124921,2,1,0,18,4,0,0,0,0,0,1,1,1,2,47,8,-1,-1,-1,2,1,2
2018010124922,1,9,0,18,0,8,0,0,0,0,3,1,2,1,36,7,1798,8,3,4,-1,4
2018010124922,2,8,0,9,0,6,0,0,7,10,1,1,1,1,54,8,2143,2,5,4,1,4
2018010124925,1,8,0,4,4,2,0,0,0,0,4,1,1,1,37,7,1497,8,10,3,1,3
2018010124925,2,1,0,15,0,2,0,0,1,10,1,1,6,1,29,6,-1,-1,-1,1,1,1
2018010124927,1,9,0,18,0,0,0,10,1,5,1,1,6,2,25,5,1995,2,7,3,1,3
2018010124928,1,19,0,18,0,0,0,0,0,0,2,1,2,1,31,6,1995,2,10,2,1,2
2018010124928,2,3,0,18,0,0,0,0,0,0,1,1,1,2,35,6,125,1,1,3,1,3
2018010124934,1,2,0,18,0,2,0,0,0,0,3,1,1,1,36,7,-1,-1,-1,3,1,3
2018010124934,2,9,0,18,0,1,0,0,0,0,4,1,1,1,90,11,2435,1,13,3,1,3
2018010124936,1,9,0,18,0,4,0,0,0,0,1,1,6,3,-1,-1,-1,-1,-1,-1,-1,-1
2018010124936,2,1,0,9,0,4,5,0,0,0,1,1,6,1,20,4,-1,-1,-1,5,1,5
2018010124938,1,9,0,5,0,0,0,0,0,0,1,1,6,1,26,6,1975,1,14,2,1,2
2018010124938,2,9,0,2,0,0,0,0,0,0,0,1,6,3,-1,-1,2378,1,13,-1,-1,-1
2018010124940,1,8,0,-1,-1,-1,-1,-1,-1,-1,1,-1,6,1,60,9,2143,2,3,5,1,5
2018010124940,2,1,-1,-1,-1,-1,-1,-1,-1,-1,1,1,6,1,-1,-1,-1,-1,-1,4,1,4
2018010124942,1,9,0,16,0,0,0,0,0,0,1,1,6,2,45,7,2967,2,2,9,1,9
2018010124942,2,9,0,17,0,0,0,0,0,0,1,1,6,2,45,7,1587,1,16,4,1,4
2018010124943,1,2,0,18,0,1,0,0,0,0,1,1,6,3,-1,-1,-1,-1,-1,-1,-1,-1
2018010124945,1,11,0,4,0,1,0,0,0,0,0,1,1,1,56,9,4500,2,3,2,1,2
2018010124945,2,19,0,7,0,5,0,0,0,0,0,1,6,1,28,6,-1,3,1,4,1,4
2018010124946,1,9,0,18,0,2,0,0,0,0,1,1,6,2,20,4,1198,1,10,9,1,9
2018010124946,2,9,0,4,0,2,0,0,0,0,2,1,6,1,37,7,1968,2,5,7,1,7
2018010124950,1,9,0,12,0,0,0,0,0,0,3,1,2,2,41,7,1968,2,9,6,1,6
2018010124950,2,5,0,18,0,0,0,0,4,6,1,1,2,1,33,6,471,1,3,9,1,9
2018010124953,1,8,0,18,0,8,0,0,0,0,1,1,1,1,50,8,1797,8,8,1,1,1
2018010124953,2,19,0,10,0,8,0,0,0,0,1,1,1,1,55,8,-1,-1,-1,2,1,2
2018010124954,1,9,0,-1,-1,-1,-1,-1,-1,-1,2,-1,6,1,28,6,1248,1,-1,4,1,4
2018010124954,2,19,0,-1,-1,-1,-1,-1,-1,-1,1,-1,6,1,41,7,2198,2,4,8,1,8
2018010124955,1,9,0,6,8,0,0,0,0,0,1,1,6,2,57,9,1796,1,14,8,1,8
2018010124955,2,2,0,14,0,0,0,0,0,0,1,1,6,1,39,7,108,1,7,6,1,6
2018010124957,1,19,0,18,-1,-1,-1,-1,-1,-1,-1,-1,6,1,-1,-1,2143,2,1,8,1,8
2018010124957,2,19,0,18,-1,-1,-1,-1,-1,-1,-1,-1,6,3,-1,-1,-1,-1,-1,-1,-1,-1
2018010124960,1,19,0,5,0,2,0,0,0,0,1,1,6,1,29,6,1598,2,3,2,1,2
2018010124960,2,9,0,3,0,2,0,4,0,0,2,2,6,2,36,7,998,1,6,5,1,5
2018010124960,3,9,0,3,0,2,0,0,0,0,2,1,6,1,71,10,1560,2,11,3,1,3
2018010124960,4,9,0,3,0,2,0,0,0,0,1,1,6,1,25,5,1598,1,9,3,1,3
2018010124961,1,90,0,11,0,0,0,0,0,0,1,1,1,1,39,7,-1,-1,-1,7,1,7
2018010124961,2,9,0,12,0,0,0,0,0,0,3,1,6,2,51,8,1896,2,16,7,1,7
2018010124964,1,9,0,9,0,8,0,0,0,0,2,1,1,1,33,6,2143,2,4,5,1,5
2018010124964,2,4,0,18,0,8,0,0,0,0,1,1,6,1,57,9,742,1,28,2,1,2
2018010124965,1,21,0,4,0,1,0,0,0,0,1,1,1,1,26,6,5880,2,12,1,1,1
2018010124965,2,9,0,4,0,1,0,0,0,0,2,1,6,2,50,8,3000,1,17,6,1,6
2018010124966,1,9,0,18,0,0,2,10,4,0,0,1,6,1,37,7,1995,2,16,2,1,2
2018010124967,1,1,-1,-1,-1,-1,-1,-1,-1,-1,-1,1,2,1,39,7,-1,-1,-1,4,1,4
2018010124967,2,9,0,-1,-1,-1,-1,-1,-1,-1,1,-1,6,3,32,6,1796,1,6,7,1,7
2018010124968,1,19,0,18,0,8,0,0,0,0,1,1,6,1,25,5,-1,-1,-1,5,1,5
2018010124969,1,9,0,16,0,0,0,0,0,0,2,1,6,2,35,6,1995,2,4,8,1,8
2018010124969,2,3,0,18,0,0,0,0,0,0,1,1,6,1,22,5,124,1,3,-1,-1,-1
2018010124970,1,1,-1,-1,-1,0,-1,-1,-1,-1,-1,1,2,2,55,8,-1,-1,-1,8,1,8
2018010124970,2,19,-1,-1,-1,0,-1,-1,-1,-1,-1,-1,6,3,-1,-1,5880,2,4,2,1,2
2018010124971,1,9,0,9,0,8,0,0,0,0,4,1,6,1,18,4,1364,1,12,3,1,3
2018010124971,2,9,0,9,0,1,0,0,1,0,1,1,6,1,32,6,1596,1,6,8,1,8
2018010124972,1,11,0,14,0,0,0,0,0,0,0,1,1,2,27,6,-1,-1,-1,4,1,4
2018010124974,1,9,0,9,0,2,0,0,0,0,1,1,6,2,27,6,1242,1,4,1,1,1
2018010124974,2,1,0,18,0,1,0,0,0,0,3,1,6,1,19,4,-1,-1,-1,5,1,5
2018010124976,1,1,0,16,0,8,0,0,1,0,1,1,6,1,51,8,-1,-1,-1,3,1,3
2018010124977,1,9,0,16,0,1,1,0,0,0,4,1,6,1,38,7,1560,2,7,8,1,8
2018010124977,2,9,0,9,0,2,0,0,0,0,1,1,6,3,-1,-1,1400,1,12,-1,-1,-1
2018010124979,1,9,0,4,0,8,0,0,0,0,1,2,6,2,28,6,-1,-1,-1,-1,-1,-1
2018010124981,1,9,0,18,0,8,0,10,1,10,1,1,6,1,24,5,1798,1,9,4,1,4
2018010124981,2,9,0,9,0,6,0,10,1,10,4,1,1,1,58,9,1598,1,9,7,1,7