Accident_Index,Vehicle_Reference,Vehicle_Type,Towing_and_Articulation,Vehicle_Manoeuvre,Vehicle_Location-Restricted_Lane,Junction_Location,Skidding_and_Overturning,Hit_Object_in_Carriageway,Vehicle_Leaving_Carriageway,Hit_Object_off_Carriageway,1st_Point_of_Impact,Was_Vehicle_Left_Hand_Drive?,Journey_Purpose_of_Driver,Sex_of_Driver,Age_of_Driver,Age_Band_of_Driver,Engine_Capacity_(CC),Propulsion_Code,Age_of_Vehicle,Driver_IMD_Decile,Driver_Home_Area_Type,Vehicle_IMD_Decile
2018010124984,1,9,0,9,0,8,0,0,0,0,1,1,6,3,-1,-1,-1,-1,-1,-1,-1,-1
2018010124988,1,9,0,4,0,1,0,0,0,0,4,1,6,1,52,8,1984,1,12,3,1,3
2018010124992,1,9,0,10,0,0,0,0,0,0,3,1,6,1,53,8,2393,1,12,10,1,10
2018010124992,2,3,0,18,0,0,0,0,0,0,1,1,1,1,30,6,125,1,4,6,1,6
2018010124996,1,4,0,18,0,1,0,0,0,0,1,1,1,1,29,6,124,1,9,8,1,8
2018010124997,1,3,0,3,0,1,0,10,0,0,1,1,1,1,37,7,108,1,1,-1,-1,-1
2018010124997,2,9,0,1,0,1,0,0,0,0,0,1,6,3,-1,-1,-1,-1,-1,-1,-1,-1
2018010124997,3,9,0,1,0,1,0,4,0,0,2,1,6,3,-1,-1,-1,-1,-1,-1,-1,-1
2018010125009,1,4,0,18,0,1,0,0,0,0,3,1,1,2,38,7,278,1,4,2,1,2
2018010125009,2,9,0,18,0,1,0,0,0,0,4,1,2,2,45,7,1598,1,5,7,1,7
2018010125010,1,3,0,4,0,5,0,0,0,0,2,1,2,1,27,6,125,1,14,1,1,1
2018010125010,2,8,0,4,0,1,0,0,0,0,1,1,1,1,33,6,1798,8,6,1,1,1
2018010125011,1,5,0,18,0,0,0,0,0,0,1,1,6,1,32,6,-1,-1,-1,2,1,2
2018010125012,1,3,0,18,0,1,0,0,0,0,1,1,6,1,34,6,124,1,7,4,1,4
2018010125012,2,9,0,7,0,1,0,0,0,0,1,1,6,2,23,5,1596,1,13,3,1,3
2018010125014,1,9,0,18,0,1,0,0,0,0,1,1,6,1,28,6,2497,1,11,6,1,6
2018010125016,1,9,0,18,0,1,0,0,0,0,1,1,1,1,31,6,2993,2,1,6,1,6
2018010125018,1,11,0,5,0,1,0,0,0,0,3,1,6,1,55,8,6700,2,11,2,1,2
2018010125018,2,8,0,5,0,1,0,0,7,0,1,1,6,1,58,9,1896,2,10,5,1,5
2018010125025,1,9,0,18,0,1,0,0,0,0,1,1,6,1,25,5,1995,1,5,-1,-1,-1
2018010125025,2,9,0,9,0,1,0,0,0,0,4,1,6,1,23,5,1995,1,11,6,1,6
2018010125040,1,9,0,4,0,1,0,0,0,0,1,1,2,1,44,7,998,1,19,5,1,5
2018010125040,2,11,0,3,0,1,0,0,0,0,2,1,6,1,33,6,6700,2,7,4,1,4
2018010125044,1,11,0,5,0,1,0,0,0,0,0,1,1,1,65,9,6692,2,5,5,1,5
2018010125056,1,9,0,18,0,1,2,4,0,0,1,1,1,1,43,7,2993,2,3,-1,-1,-1
2018010125056,2,9,0,15,0,1,2,0,0,0,1,1,1,1,51,8,1995,2,2,-1,-1,-1
2018010125056,3,90,0,12,0,1,2,0,3,0,2,1,6,1,17,4,-1,-1,-1,1,1,1
2018010125062,1,9,0,18,0,8,0,0,0,0,4,1,2,1,50,8,2521,1,12,8,1,8
2018010125062,2,1,0,5,0,8,0,0,0,0,3,1,6,1,41,7,-1,-1,-1,8,1,8
2018010125077,1,4,0,7,0,3,2,0,7,0,4,1,6,1,33,6,125,1,2,5,1,5
2018010125077,2,9,0,17,0,8,1,0,0,0,1,1,6,1,67,10,1339,1,6,7,1,7
2018010125090,1,9,0,15,2,0,0,8,0,0,1,1,6,2,26,6,1995,2,8,5,1,5
2018010125090,2,9,0,4,2,0,0,0,0,0,0,1,6,1,24,5,999,1,1,10,1,10
2018010125091,1,9,0,9,0,1,0,0,0,0,1,1,6,3,-1,-1,1229,1,12,-1,-1,-1
2018010125091,2,1,0,5,0,8,0,0,0,0,4,1,2,2,28,6,-1,-1,-1,-1,-1,-1
2018010125093,1,9,0,5,0,6,0,0,0,0,1,1,6,1,28,6,2143,2,7,10,1,10
2018010125093,2,9,0,18,0,1,0,0,0,0,1,1,6,2,52,8,1200,1,2,10,1,10
2018010125098,1,9,0,18,0,4,0,0,0,0,4,1,6,1,43,7,1796,1,11,4,1,4
2018010125098,2,3,0,18,0,4,0,0,0,0,3,1,2,1,42,7,125,1,-1,8,1,8
2018010125100,1,9,0,-1,-1,0,-1,-1,-1,-1,3,-1,6,1,42,7,1497,8,12,5,1,5
2018010125100,2,9,0,-1,-1,0,-1,-1,-1,-1,-1,-1,6,3,-1,-1,1364,1,11,-1,-1,-1
2018010125103,1,9,4,3,0,0,0,0,0,0,4,2,1,1,47,8,-1,-1,-1,-1,-1,-1
2018010125104,1,1,-1,-1,-1,-1,-1,-1,-1,-1,-1,1,6,1,29,6,-1,-1,-1,2,1,2
2018010125104,2,3,0,-1,-1,-1,-1,-1,-1,-1,1,1,6,3,-1,-1,-1,-1,-1,-1,-1,-1
2018010125105,1,90,4,5,0,5,0,0,0,0,1,1,1,1,45,7,7146,2,5,5,1,5
2018010125105,2,2,0,18,0,1,5,0,0,0,1,1,6,1,20,4,649,1,1,2,1,2
2018010125106,1,3,0,15,0,0,0,10,0,0,4,1,6,1,22,5,124,1,5,7,1,7
2018010125106,2,9,0,4,0,0,0,0,0,0,0,1,6,2,48,8,1364,1,-1,1,1,1
2018010125107,1,8,0,16,0,2,0,0,1,0,1,1,1,1,27,6,-1,-1,-1,3,1,3
2018010125108,1,1,-1,-1,-1,-1,-1,-1,-1,-1,-1,1,6,2,23,5,-1,-1,-1,3,1,3
2018010125108,2,9,0,-1,-1,-1,-1,-1,-1,-1,-1,-1,6,3,-1,-1,-1,-1,-1,-1,-1,-1
2018010125109,1,9,0,13,0,1,0,0,0,0,0,2,1,1,49,8,-1,-1,-1,-1,-1,-1
2018010125109,2,4,0,18,0,2,2,0,0,0,0,1,6,1,47,8,600,1,15,2,1,2
2018010125111,1,9,0,18,0,8,0,4,0,0,1,1,6,1,87,11,1198,1,11,3,1,3
2018010125111,2,9,0,4,0,8,0,4,0,0,2,1,6,2,37,7,996,1,4,-1,-1,-1
2018010125111,3,9,0,4,0,8,0,0,0,0,2,1,6,1,27,6,1229,1,3,7,1,7
2018010125113,1,19,0,18,0,0,0,0,0,0,2,1,1,1,34,6,2198,2,5,2,1,2
2018010125113,2,9,0,18,0,0,1,0,0,0,1,1,6,1,-1,-1,3999,1,8,2,1,2
2018010125116,1,8,0,9,0,5,0,0,0,0,1,1,1,1,39,7,1790,8,6,7,1,7
2018010125116,2,1,0,18,0,1,0,0,0,0,1,1,6,1,34,6,-1,-1,-1,3,1,3
2018010125117,1,9,0,-1,-1,0,-1,-1,-1,-1,2,-1,6,2,45,7,1598,2,2,6,1,6
2018010125118,1,5,0,14,0,0,0,0,0,0,1,1,6,1,28,6,599,1,8,5,1,5
2018010125119,1,9,0,18,0,0,0,0,0,0,1,1,6,3,46,8,2198,2,11,1,1,1
2018010125119,2,1,0,18,0,0,0,0,0,0,2,1,6,1,50,8,-1,-1,-1,2,1,2
2018010125127,1,90,0,7,0,1,0,0,1,0,2,1,1,1,51,8,-1,-1,-1,8,1,8
2018010125127,2,1,0,18,0,1,0,0,0,0,1,1,2,1,29,6,-1,-1,-1,7,1,7
2018010125132,1,9,0,-1,-1,-1,-1,-1,-1,-1,2,-1,6,1,24,5,1969,2,3,3,1,3
2018010125132,2,9,0,-1,-1,-1,-1,-1,-1,-1,1,-1,6,3,-1,-1,999,1,10,-1,-1,-1
2018010125133,1,9,0,1,0,1,0,0,0,0,2,1,6,1,53,8,1968,2,9,3,1,3
2018010125135,1,9,0,10,0,1,0,0,0,0,1,1,6,2,30,6,1199,1,16,5,1,5
2018010125135,2,1,0,14,0,1,0,0,0,0,1,1,6,1,27,6,-1,-1,-1,1,1,1
2018010125141,1,1,0,18,0,0,0,0,0,0,0,1,6,1,53,8,-1,-1,-1,5,1,5
2018010125142,1,1,-1,-1,-1,-1,-1,-1,-1,-1,1,1,6,1,50,8,-1,-1,-1,3,1,3
2018010125142,2,19,0,-1,-1,-1,-1,-1,-1,-1,2,-1,6,3,-1,-1,-1,-1,-1,-1,-1,-1
2018010125150,1,9,0,14,0,1,0,0,0,0,1,1,6,2,59,9,1198,1,8,2,1,2
2018010125150,2,9,0,9,0,1,0,0,0,0,1,1,6,2,25,5,1499,1,3,7,1,7
2018010125152,1,9,0,6,0,1,0,0,0,0,2,1,6,1,26,6,1986,2,13,8,1,8
2018010125152,2,1,0,18,0,1,0,0,0,0,1,1,6,1,34,6,-1,-1,-1,3,1,3
2018010125156,1,9,0,3,0,1,0,0,0,0,1,1,6,1,34,6,1968,2,12,2,-1,2
2018010125156,2,3,0,9,0,5,0,0,0,0,2,1,1,1,52,8,124,1,8,5,1,5
2018010125157,1,9,0,18,0,1,0,7,0,0,1,1,6,1,26,6,1995,2,3,4,1,4
2018010125159,1,19,0,18,0,1,0,0,0,0,3,1,1,1,29,6,1461,2,1,2,1,2
2018010125159,2,9,0,9,0,1,0,0,0,0,3,1,6,1,28,6,-1,-1,-1,2,1,2
2018010125160,1,9,0,18,0,0,0,0,0,0,1,1,6,2,38,7,1598,2,5,-1,-1,-1
2018010125161,1,9,0,18,0,1,0,0,0,0,1,1,6,1,24,5,1598,1,9,3,1,3
2018010125161,2,9,0,9,0,6,0,0,0,0,3,1,6,2,28,6,1197,1,1,9,1,9
2018010125162,1,9,0,10,0,1,0,0,0,0,1,1,6,2,38,7,1598,1,10,4,1,4
2018010125162,2,3,0,18,0,1,5,0,0,0,1,1,6,1,29,6,599,1,7,3,1,3
2018010125163,1,8,0,9,0,1,0,0,0,0,1,1,6,1,21,5,1797,8,7,4,1,4
2018010125163,2,1,0,18,0,1,0,0,0,0,2,1,6,1,21,5,-1,-1,-1,9,1,9
2018010125166,1,9,0,5,0,6,0,0,0,0,4,1,6,1,27,6,2460,2,12,4,1,4
2018010125166,2,3,0,18,0,1,0,0,0,0,1,1,1,1,22,5,125,1,-1,5,1,5
2018010125168,1,1,-1,-1,-1,-1,-1,-1,-1,-1,-1,1,6,1,49,8,-1,-1,-1,6,1,6
2018010125168,2,9,0,-1,-1,-1,-1,-1,-1,-1,-1,-1,6,3,30,6,1197,1,2,6,1,6
2018010125169,1,4,0,18,0,0,0,0,0,0,1,1,6,3,-1,-1,998,1,8,-1,-1,-1
2018010125169,2,2,0,18,0,0,0,0,0,0,1,1,6,1,31,6,125,1,-1,2,1,2
2018010125172,1,4,0,13,0,1,0,0,0,0,4,1,6,1,23,5,499,1,12,2,1,2
2018010125172,2,9,0,10,0,5,0,0,0,0,3,1,2,2,26,6,998,1,-1,8,-1,8
2018010125174,1,11,0,4,0,0,0,0,0,0,2,1,1,1,36,7,4500,2,10,6,1,6
2018010125174,2,1,0,18,0,0,0,0,0,0,1,1,6,1,26,6,-1,-1,-1,9,1,9
2018010125175,1,9,0,18,0,0,0,0,0,0,3,1,6,2,46,8,1368,1,3,9,1,9
2018010125175,2,1,0,18,0,0,0,0,0,0,1,1,6,1,13,3,-1,-1,-1,6,1,6
2018010125177,1,9,0,18,0,2,0,0,0,0,1,1,6,3,-1,-1,-1,-1,-1,-1,-1,-1
2018010125177,2,9,0,2,0,2,0,0,0,0,0,1,6,3,-1,-1,1999,2,-1,-1,-1,-1
2018010125178,1,9,0,5,0,1,0,0,0,0,1,1,6,2,34,6,2987,2,4,6,1,6
2018010125178,2,9,0,3,0,2,0,0,0,0,1,1,6,1,55,8,999,1,-1,4,1,4
2018010125180,1,9,0,18,0,2,0,0,0,0,3,1,6,1,35,6,2987,2,8,3,1,3
2018010125180,2,9,0,5,0,2,0,0,0,0,4,1,6,1,28,6,1995,2,-1,1,1,1
2018010125180,3,9,0,2,0,2,0,0,0,0,2,1,6,3,-1,-1,1497,1,15,-1,-1,-1
2018010125186,1,9,0,18,0,0,0,0,0,0,3,1,6,1,25,5,1995,2,-1,1,1,1
2018010125186,2,9,0,18,0,0,0,0,0,0,2,1,6,1,39,7,1995,2,1,6,1,6
2018010125186,3,9,0,18,0,0,0,0,0,0,3,1,1,1,58,9,2993,2,2,2,1,2
2018010125186,4,9,0,3,0,0,0,0,0,0,2,1,6,2,30,6,998,1,-1,3,1,3
2018010125186,5,9,0,3,0,0,0,0,0,0,3,1,6,1,40,7,1950,2,1,9,1,9
2018010125186,6,9,0,18,0,0,0,0,0,0,1,1,1,1,38,7,-1,-1,-1,2,1,2
2018010125189,1,9,0,10,0,2,0,0,0,0,4,1,6,2,62,9,1598,1,7,2,1,2
2018010125189,2,3,0,14,0,1,0,0,0,0,4,1,6,1,22,5,125,1,7,2,1,2
2018010125190,1,9,0,8,0,1,0,0,0,0,2,1,6,1,35,6,1197,1,5,6,1,6
2018010125190,2,9,0,18,0,1,0,4,0,0,1,1,6,3,27,6,1596,1,10,3,1,3
2018010125192,1,8,0,18,0,0,0,0,0,0,1,1,1,1,45,7,1798,8,5,5,1,5
2018010125192,2,9,0,2,0,0,0,0,0,0,2,1,6,3,-1,-1,1560,2,8,-1,-1,-1
2018010125193,1,8,0,18,0,0,0,7,0,0,1,1,1,1,57,9,1798,8,2,10,1,10
2018010125194,1,9,0,3,0,0,0,0,1,0,2,1,6,1,25,5,1360,1,11,6,1,6
2018010125194,2,9,0,18,0,0,0,0,0,0,1,1,6,1,47,8,-1,-1,-1,2,1,2
2018010125197,1,9,0,18,9,1,0,0,7,2,1,1,6,1,25,5,1997,1,4,4,1,4
2018010125197,2,8,0,12,0,1,0,0,0,0,3,1,1,1,50,8,1968,2,6,6,1,6
2018010125198,1,3,0,18,0,1,2,0,0,0,0,1,1,1,37,7,124,1,2,8,1,8
2018010125198,2,9,0,9,0,6,0,0,0,0,0,2,6,1,19,4,1339,1,14,2,1,2
2018010125203,1,9,0,18,0,8,1,0,0,0,1,1,6,3,-1,-1,2143,2,1,-1,-1,-1
2018010125204,1,9,0,18,0,0,5,7,0,0,1,1,6,1,38,7,999,1,-1,1,1,1
2018010125208,1,9,0,3,0,0,0,0,0,0,2,1,6,1,63,9,1997,1,10,5,1,5
2018010125208,2,9,0,3,0,0,0,0,0,0,2,1,6,1,55,8,1598,1,12,-1,-1,-1
2018010125208,3,9,0,4,0,0,0,0,0,0,1,1,6,1,45,7,1598,1,14,2,1,2
2018010125210,1,1,0,18,0,8,0,0,0,0,1,1,6,1,53,8,-1,-1,-1,5,1,5
2018010125210,2,9,0,7,0,8,0,0,0,0,4,1,6,3,-1,-1,-1,-1,-1,-1,-1,-1
2018010125214,1,11,0,18,0,1,0,0,0,0,1,1,1,1,49,8,10838,2,3,5,1,5
2018010125214,2,19,0,5,0,8,0,0,0,0,4,1,6,1,49,8,2402,2,9,1,-1,1
2018010125217,1,1,-1,-1,-1,-1,-1,-1,-1,-1,-1,1,6,2,25,5,-1,-1,-1,5,1,5
2018010125217,2,8,0,-1,-1,-1,-1,-1,-1,-1,-1,-1,6,3,-1,-1,-1,-1,-1,-1,-1,-1
2018010125222,1,9,0,4,0,2,0,0,0,0,2,1,6,1,51,8,2204,2,11,2,1,2
2018010125222,2,9,0,4,0,1,0,0,0,0,1,1,6,2,52,8,1198,1,7,3,1,3
2018010125223,1,9,0,18,0,0,0,4,0,0,4,1,6,2,34,6,1364,1,1,1,1,1
2018010125223,2,9,0,2,0,0,0,4,0,0,4,1,6,3,-1,-1,1339,1,15,-1,-1,-1
2018010125223,3,9,0,2,0,0,0,0,0,0,3,1,6,3,-1,-1,1468,1,25,-1,-1,-1
2018010125223,4,9,0,2,0,0,0,0,0,0,1,1,6,3,-1,-1,1598,1,12,-1,-1,-1
2018010125226,1,9,0,13,0,0,0,10,2,7,4,1,6,1,25,5,2993,2,7,5,1,5
2018010125226,2,9,0,18,0,0,0,0,0,0,2,1,6,2,21,5,1598,1,4,9,1,9
2018010125226,3,11,0,3,0,0,0,0,0,0,4,1,1,1,45,7,5100,2,1,10,1,10
2018010125226,4,9,0,3,0,0,0,0,0,0,2,1,6,1,32,6,1395,1,-1,-1,-1,-1
2018010125229,1,1,-1,-1,-1,-1,-1,-1,-1,-1,-1,1,6,1,44,7,-1,-1,-1,3,1,3
2018010125229,2,9,-1,-1,-1,-1,-1,-1,-1,-1,-1,-1,6,1,30,6,1398,1,16,3,1,3
2018010125235,1,9,0,18,0,2,5,4,0,0,1,2,1,1,41,7,1339,8,7,3,1,3
2018010125235,2,9,0,2,0,2,0,4,0,0,1,1,6,3,-1,-1,3222,2,14,-1,-1,-1
2018010125235,3,9,0,2,0,2,0,4,0,0,1,1,6,3,-1,-1,1991,1,2,-1,-1,-1
2018010125235,4,9,0,2,0,2,0,0,0,0,2,1,6,3,-1,-1,1499,1,1,-1,-1,-1
2018010125236,1,9,0,9,0,0,0,0,0,0,1,1,6,3,-1,-1,-1,-1,-1,-1,-1,-1
2018010125236,2,4,0,13,0,0,0,0,1,0,1,1,6,3,-1,-1,-1,-1,-1,-1,-1,-1
2018010125237,1,1,-1,-1,-1,0,-1,-1,-1,-1,2,1,2,2,20,4,-1,-1,-1,4,1,4
2018010125237,2,9,0,-1,-1,0,-1,-1,-1,-1,1,-1,6,3,-1,-1,-1,-1,-1,-1,-1,-1
2018010125245,1,11,0,18,0,8,0,0,0,0,1,1,1,1,35,6,4500,2,4,5,1,5
2018010125247,1,9,0,18,0,8,0,0,0,0,1,1,6,2,25,5,998,1,9,9,1,9
2018010125247,2,9,0,9,0,1,0,0,0,0,1,1,6,2,32,6,1086,1,12,3,1,3
2018010125248,1,9,0,18,0,2,0,0,0,0,1,1,6,1,27,6,1900,2,13,6,1,6
2018010125248,2,9,0,18,0,2,0,0,0,0,1,1,6,2,28,6,1395,1,3,1,1,1
2018010125251,1,9,0,2,0,0,0,0,0,0,3,1,6,3,-1,-1,2143,2,7,-1,-1,-1
2018010125251,2,1,0,14,0,0,0,0,0,0,3,1,6,1,38,7,-1,-1,-1,5,1,5
2018010125253,1,9,0,18,0,2,0,0,7,10,1,1,6,2,55,8,1497,8,2,3,1,3
2018010125253,2,8,0,3,0,2,0,0,1,10,3,1,1,1,64,9,2499,2,8,8,1,8
2018010125253,3,9,0,3,0,2,0,0,0,0,3,1,6,1,60,9,1299,1,18,8,1,8
2018010125253,4,9,0,3,0,2,0,0,0,0,1,1,6,1,51,8,-1,-1,-1,9,2,9
2018010125253,5,11,0,18,0,1,0,0,0,0,3,1,1,2,32,6,6700,2,7,6,1,6
2018010125253,6,3,0,18,0,1,5,0,7,0,1,1,1,1,21,5,108,1,7,3,1,3
2018010125254,1,9,0,18,0,2,0,0,0,0,1,1,6,3,-1,-1,-1,-1,-1,-1,-1,-1
2018010125254,2,1,0,18,0,1,0,4,0,0,1,1,6,1,29,6,-1,-1,-1,6,1,6
2018010125254,3,9,0,2,0,1,0,0,0,0,2,1,6,3,-1,-1,1397,1,11,-1,-1,-1
2018010125255,1,9,0,1,0,7,0,0,0,0,2,1,6,2,36,7,1995,2,6,10,1,10
2018010125256,1,3,0,18,0,2,0,0,0,0,1,1,1,1,28,6,125,1,2,5,1,5
2018010125256,2,1,0,18,0,1,0,0,0,0,1,1,6,1,21,5,-1,-1,-1,2,1,2
2018010125258,1,9,0,3,0,2,0,0,0,0,2,1,6,1,54,8,1560,2,5,1,1,1
2018010125258,2,9,0,3,0,2,0,0,0,0,1,1,6,1,28,6,1388,1,14,2,1,2
2018010125262,1,9,0,-1,-1,-1,-1,-1,-1,-1,3,-1,6,1,53,8,1598,1,12,2,1,2
2018010125266,1,9,0,10,0,0,5,0,0,0,0,1,6,2,42,7,-1,-1,-1,7,1,7
2018010125266,2,9,0,18,0,0,0,0,0,0,1,1,6,1,73,10,1997,2,7,2,1,2
2018010125272,1,8,0,18,0,0,1,0,4,2,1,1,1,1,51,8,1798,8,2,7,1,7
2018010125272,2,9,0,18,0,0,0,0,0,0,1,1,6,1,24,5,1984,1,2,4,1,4
2018010125274,1,9,0,18,0,8,0,0,0,0,1,1,6,1,31,6,1598,1,2,4,1,4
2018010125275,1,9,0,5,0,1,0,0,0,0,1,1,6,2,33,6,1685,2,1,4,1,4
2018010125275,2,4,0,18,0,1,0,0,0,0,1,1,6,1,22,5,599,1,19,1,1,1
2018010125276,1,9,0,18,0,2,0,4,0,0,1,1,6,2,20,4,1242,1,7,3,1,3
2018010125276,2,9,0,2,0,2,0,0,0,0,2,1,6,3,-1,-1,1598,2,3,-1,-1,-1
2018010125281,1,1,-1,-1,-1,-1,-1,-1,-1,-1,1,1,2,2,59,9,-1,-1,-1,8,1,8
2018010125281,2,9,0,-1,-1,-1,-1,-1,-1,-1,-1,-1,6,3,43,7,1995,2,10,-1,-1,-1
2018010125282,1,11,0,5,0,1,0,0,0,0,0,1,1,1,44,7,8300,2,11,4,1,4
2018010125285,1,9,0,18,0,1,0,0,0,0,3,1,6,1,22,5,1995,2,11,5,1,5
2018010125285,2,9,0,18,0,1,0,0,0,0,1,1,6,1,44,7,1798,1,13,4,1,4
2018010125292,1,9,0,7,0,5,0,0,0,0,4,1,6,2,27,6,1598,1,5,2,1,2
2018010125292,2,1,5,7,0,5,2,0,0,0,1,1,6,1,43,7,-1,-1,-1,2,1,2
2018010125297,1,3,0,15,0,8,2,0,0,0,2,1,1,1,19,4,108,1,6,7,1,7
2018010125297,2,9,0,7,0,8,0,0,0,0,1,1,6,1,40,7,2231,2,4,5,1,5
2018010125301,1,9,0,18,0,0,0,0,0,0,3,1,6,1,25,5,998,1,13,4,1,4
2018010125303,1,9,0,18,0,0,5,7,0,0,1,1,6,2,23,5,2179,2,4,8,1,8
2018010125304,1,9,0,18,0,8,0,0,0,0,4,1,6,2,43,7,2494,8,2,7,1,7
2018010125304,2,8,0,18,0,2,0,0,0,0,3,1,1,1,55,8,1339,8,8,2,1,2
2018010125305,1,9,0,18,0,8,0,0,4,1,1,1,6,2,49,8,1560,2,10,3,1,3
2018010125305,2,9,0,9,0,8,0,0,4,1,1,1,6,1,20,4,1395,1,3,10,1,10
2018010125306,1,9,0,18,0,2,0,0,0,0,1,1,6,1,60,9,2180,2,22,3,1,3
2018010125308,1,9,0,3,0,2,1,0,0,0,3,1,6,1,22,5,-1,-1,-1,2,1,2
2018010125308,2,20,0,3,0,1,0,0,0,0,3,1,1,1,38,7,7698,2,4,2,1,2
2018010125310,1,11,0,7,0,8,0,0,0,0,1,1,1,1,49,8,10640,2,12,4,1,4
2018010125311,1,19,0,18,0,1,0,0,0,0,1,1,1,1,54,8,2198,2,5,2,1,2
2018010125311,2,9,0,7,0,5,0,0,0,0,1,1,6,2,30,6,1329,1,8,3,1,3
2018010125314,1,1,0,18,0,6,0,0,0,0,1,1,6,1,21,5,-1,-1,-1,4,1,4
2018010125314,2,9,0,18,0,1,0,0,0,0,1,1,6,3,-1,-1,-1,-1,-1,-1,-1,-1
2018010125317,1,9,0,18,0,0,0,0,0,0,3,1,6,2,28,6,1490,1,13,3,1,3
2018010125317,2,9,0,9,0,0,0,0,0,0,3,1,6,1,55,8,1590,1,16,3,1,3
2018010125318,1,9,0,4,0,1,0,0,0,0,0,1,6,1,33,6,1598,1,3,3,1,3
2018010125318,2,1,0,18,0,1,1,8,0,0,1,1,6,1,53,8,-1,-1,-1,2,1,2
2018010125324,1,10,0,8,0,0,0,0,0,0,4,1,1,1,42,7,-1,-1,-1,1,1,1
2018010125324,2,2,0,18,0,0,0,0,0,0,1,1,6,1,19,4,100,1,16,7,1,7
2018010125324,3,9,0,2,0,0,0,0,0,0,3,1,6,3,-1,-1,1984,1,8,-1,-1,-1
2018010125326,1,9,0,5,0,1,0,0,0,0,4,1,6,2,28,6,1198,1,9,3,1,3
2018010125327,1,9,0,9,0,2,0,0,0,0,1,1,6,1,24,5,999,1,10,9,1,9
2018010125327,2,1,0,18,0,2,0,0,0,0,1,1,6,2,22,5,-1,-1,-1,10,1,10
2018010125329,1,9,0,-1,-1,0,-1,-1,-1,-1,0,-1,6,2,53,8,1388,1,11,9,1,9
2018010125329,2,1,-1,-1,-1,0,-1,-1,-1,-1,0,1,6,1,-1,-1,-1,-1,-1,-1,-1,-1
2018010125330,1,9,0,4,0,8,0,0,0,0,1,1,6,1,23,5,1398,1,-1,1,1,1
2018010125330,2,3,0,9,0,8,0,0,0,0,3,1,1,1,42,7,108,1,6,3,1,3
2018010125333,1,9,-1,-1,-1,-1,-1,-1,-1,-1,2,-1,6,2,38,7,1598,1,5,3,1,3
2018010125333,2,19,4,-1,-1,-1,-1,-1,-1,-1,2,-1,6,3,-1,-1,-1,-1,-1,-1,-1,-1
2018010125334,1,9,0,-1,-1,0,-1,-1,-1,-1,1,-1,6,1,35,6,1968,2,6,3,1,3
2018010125334,2,9,0,-1,-1,0,-1,-1,-1,-1,2,-1,6,3,27,6,1598,1,8,3,1,3
2018010125335,1,9,0,-1,-1,8,-1,-1,-1,-1,2,-1,6,1,23,5,1197,1,7,1,1,1
2018010125335,2,9,0,-1,-1,8,-1,-1,-1,-1,1,-1,6,3,-1,-1,1995,2,10,-1,-1,-1
2018010125336,1,9,0,1,9,0,0,0,0,0,2,1,2,1,51,8,1360,1,8,2,1,2
2018010125337,1,9,0,18,0,1,0,4,0,0,1,1,6,1,23,5,1598,2,2,3,1,3
2018010125337,2,9,0,2,0,1,0,0,0,0,2,1,6,3,-1,-1,2967,2,10,-1,-1,-1
2018010125339,1,9,0,5,0,1,0,7,3,10,1,1,6,1,69,10,1242,1,8,4,1,4
2018010125340,1,9,0,12,0,0,0,0,0,0,1,1,6,3,-1,-1,1560,2,14,-1,-1,-1
2018010125340,2,3,0,18,0,0,0,0,0,0,1,1,6,1,20,4,125,1,2,1,1,1
2018010125341,1,3,0,13,0,1,0,0,0,0,1,1,2,1,19,4,125,1,8,1,1,1
2018010125343,1,9,0,18,0,0,0,0,0,0,1,1,6,3,-1,-1,1498,1,-1,-1,-1,-1
2018010125343,2,9,0,18,0,0,0,0,0,0,1,1,6,1,31,6,1596,1,14,5,1,5
2018010125345,1,9,0,4,0,0,0,0,0,0,2,1,1,2,47,8,1498,1,1,6,1,6
2018010125345,2,9,0,4,0,0,0,0,0,0,2,1,6,1,55,8,1587,1,14,6,1,6
2018010125345,3,9,0,18,0,0,0,0,0,0,1,1,6,2,22,5,875,1,7,5,1,5
2018010125347,1,9,0,18,0,8,0,0,0,0,1,1,6,1,43,7,2000,2,11,2,1,2
2018010125347,2,9,0,18,0,8,0,0,0,0,1,1,6,1,28,6,1798,8,5,5,1,5
2018010125349,1,9,0,3,0,1,0,0,0,0,1,1,6,1,46,8,3179,1,14,6,1,6
2018010125352,1,3,0,9,0,5,2,0,0,0,1,1,6,1,29,6,125,1,1,3,1,3
2018010125352,2,9,0,7,0,6,0,0,0,0,4,1,6,1,37,7,2698,2,13,3,1,3
2018010125354,1,1,-1,18,-1,-1,-1,0,0,0,2,1,6,1,14,3,-1,-1,-1,5,1,5
2018010125355,1,9,0,-1,-1,0,-1,-1,-1,-1,2,-1,6,1,35,6,1956,2,8,6,1,6
2018010125355,2,9,0,-1,-1,0,-1,-1,-1,-1,1,-1,6,3,-1,-1,1339,1,16,-1,-1,-1
2018010125358,1,1,-1,-1,-1,0,-1,-1,-1,-1,-1,1,6,1,42,7,-1,-1,-1,4,1,4
2018010125358,2,8,0,-1,-1,0,-1,-1,-1,-1,-1,-1,6,3,-1,-1,1560,2,4,-1,-1,-1
2018010125373,1,1,-1,-1,-1,-1,-1,-1,-1,-1,-1,1,2,1,30,6,-1,-1,-1,3,1,3
2018010125373,2,10,0,-1,-1,-1,-1,-1,-1,-1,-1,-1,6,3,-1,-1,2402,2,8,5,1,5
2018010125390,1,3,0,-1,-1,0,-1,-1,-1,-1,0,1,6,1,51,8,124,1,35,-1,-1,-1