Accident_Index,Vehicle_Reference,Vehicle_Type,Towing_and_Articulation,Vehicle_Manoeuvre,Vehicle_Location-Restricted_Lane,Junction_Location,Skidding_and_Overturning,Hit_Object_in_Carriageway,Vehicle_Leaving_Carriageway,Hit_Object_off_Carriageway,1st_Point_of_Impact,Was_Vehicle_Left_Hand_Drive?,Journey_Purpose_of_Driver,Sex_of_Driver,Age_of_Driver,Age_Band_of_Driver,Engine_Capacity_(CC),Propulsion_Code,Age_of_Vehicle,Driver_IMD_Decile,Driver_Home_Area_Type,Vehicle_IMD_Decile
2018010125390,2,9,0,-1,-1,0,-1,-1,-1,-1,-1,-1,6,3,-1,-1,-1,-1,-1,-1,-1,-1
2018010125393,1,9,0,7,0,8,0,0,0,0,3,1,6,1,39,7,1968,2,8,6,1,6
2018010125393,2,9,0,4,0,1,0,0,0,0,3,1,6,1,33,6,998,1,2,1,1,1
2018010125396,1,9,0,18,0,3,0,0,0,0,4,1,1,1,32,6,-1,-1,-1,5,1,5
2018010125399,1,9,0,-1,-1,-1,-1,-1,-1,-1,2,-1,6,2,28,6,1329,1,5,1,1,1
2018010125401,1,9,0,-1,-1,-1,-1,-1,-1,-1,2,-1,6,1,33,6,1995,2,5,4,1,4
2018010125401,2,90,0,-1,-1,-1,-1,-1,-1,-1,1,-1,6,3,-1,-1,-1,-1,-1,3,1,3
2018010125403,1,9,0,9,0,1,0,0,8,10,3,1,6,2,54,8,2401,2,11,3,1,3
2018010125405,1,3,0,18,0,2,0,0,0,0,1,1,6,1,34,6,125,1,7,3,1,3
2018010125406,1,9,0,1,9,0,0,11,0,0,2,1,6,1,39,7,1995,2,-1,6,1,6
2018010125410,1,1,-1,-1,-1,-1,-1,-1,-1,-1,1,1,6,1,32,6,-1,-1,-1,2,1,2
2018010125411,1,9,0,-1,-1,0,-1,-1,-1,-1,2,-1,6,1,18,4,1390,1,11,4,1,4
2018010125411,2,9,0,-1,-1,0,-1,-1,-1,-1,2,-1,6,3,-1,-1,2143,2,7,-1,-1,-1
2018010125411,3,9,0,-1,-1,0,-1,-1,-1,-1,1,-1,6,3,-1,-1,-1,-1,-1,-1,-1,-1
2018010125412,1,9,0,9,0,1,0,0,0,0,3,1,6,1,23,5,1198,1,7,3,1,3
2018010125412,2,8,0,18,0,1,0,0,0,0,1,1,1,1,47,8,1798,8,3,2,1,2
2018010125418,1,11,0,4,0,0,0,0,0,0,0,1,1,1,38,7,5132,2,1,7,1,7
2018010125423,1,9,-1,18,0,8,0,0,0,0,-1,-1,6,2,-1,-1,-1,-1,-1,-1,-1,-1
2018010125429,1,1,-1,-1,-1,-1,-1,-1,-1,-1,1,1,2,1,29,6,-1,-1,-1,4,1,4
2018010125429,2,9,0,-1,-1,-1,-1,-1,-1,-1,4,-1,6,3,37,7,1896,2,14,8,2,8
2018010125436,1,1,-1,-1,-1,0,-1,-1,-1,-1,-1,1,2,1,28,6,-1,-1,-1,7,1,7
2018010125441,1,9,0,-1,-1,-1,-1,-1,-1,-1,2,-1,6,1,23,5,2987,2,8,2,1,2
2018010125441,2,9,0,18,0,1,0,0,0,0,1,1,6,1,46,8,1948,1,14,7,1,7
2018010125452,1,9,0,18,0,1,0,0,0,0,1,-1,6,3,-1,-1,954,1,22,-1,-1,-1
2018010125463,1,9,0,-1,-1,0,-1,-1,-1,-1,2,-1,6,1,30,6,-1,-1,-1,2,1,2
2018010125467,1,9,0,4,0,1,0,0,0,0,2,1,6,1,32,6,2987,2,5,4,1,4
2018010125467,2,3,0,4,0,1,0,0,0,0,1,1,6,1,21,5,108,1,6,4,1,4
2018010125468,1,4,0,18,0,0,0,0,0,0,3,1,6,1,54,8,125,1,51,2,1,2
2018010125468,2,19,0,7,0,0,0,0,0,0,1,1,6,1,46,8,1896,2,10,2,1,2
2018010125471,1,9,0,9,0,7,0,0,0,0,1,1,6,2,28,6,1497,8,6,1,1,1
2018010125471,2,9,0,5,0,8,0,0,0,0,1,1,2,2,40,7,3301,1,12,10,1,10
2018010125475,1,9,0,-1,-1,-1,-1,-1,-1,-1,1,-1,6,3,-1,-1,-1,-1,-1,-1,-1,-1
2018010125477,1,9,0,6,5,1,0,0,7,0,3,1,2,1,66,10,1999,2,2,10,1,10
2018010125477,2,2,0,13,5,1,0,0,7,0,1,1,2,1,27,6,108,1,3,3,1,3
2018010125479,1,9,0,9,0,1,0,0,0,0,1,1,6,2,25,5,1896,2,14,8,1,8
2018010125479,2,9,0,18,0,8,0,0,0,0,3,1,6,2,58,9,1799,1,11,2,1,2
2018010125480,1,9,0,4,0,0,0,0,0,0,2,1,6,2,48,8,1461,2,1,9,2,9
2018010125480,2,9,0,4,0,0,0,0,0,0,1,1,6,1,28,6,2993,2,2,3,1,3
2018010125480,3,9,0,4,0,0,0,0,0,0,1,1,6,2,27,6,2179,2,11,5,-1,5
2018010125484,1,9,0,18,0,0,1,0,0,0,1,1,6,2,66,10,998,1,5,6,1,6
2018010125484,2,21,1,3,0,0,0,0,0,0,1,1,2,2,29,6,12419,2,4,1,1,1
2018010125485,1,9,0,9,0,1,0,0,3,0,4,1,6,2,36,7,1390,1,14,2,1,2
2018010125485,2,1,0,18,2,1,0,0,3,0,1,1,6,1,26,6,-1,-1,-1,4,1,4
2018010125487,1,1,-1,-1,-1,-1,-1,-1,-1,-1,1,1,2,1,27,6,-1,-1,-1,2,-1,2
2018010125487,2,9,0,-1,-1,-1,-1,-1,-1,-1,4,-1,6,3,-1,-1,-1,-1,-1,-1,-1,-1
2018010125488,1,9,0,3,0,1,0,0,0,0,2,1,6,2,35,6,1497,8,14,4,1,4
2018010125488,2,2,0,18,0,1,0,0,0,0,1,1,1,1,26,6,49,1,4,5,1,5
2018010125491,1,9,0,18,0,0,2,4,0,0,1,1,6,1,19,4,1968,2,10,1,1,1
2018010125491,2,9,0,2,0,0,0,0,0,0,1,1,6,3,-1,-1,1968,2,3,-1,-1,-1
2018010125491,3,9,0,2,0,0,0,0,0,0,2,1,6,3,-1,-1,1997,1,-1,-1,-1,-1
2018010125492,1,9,0,18,0,8,0,0,0,0,1,1,1,1,30,6,1797,8,8,1,1,1
2018010125492,2,9,0,18,0,8,0,0,5,6,2,1,1,1,51,8,-1,-1,-1,8,3,8
2018010125494,1,3,3,18,0,1,0,0,0,0,1,1,1,1,30,6,125,1,-1,5,1,5
2018010125494,2,19,0,6,0,1,0,0,0,0,1,1,6,3,-1,-1,1499,2,-1,-1,-1,-1
2018010125495,1,9,0,-1,-1,-1,-1,-1,-1,-1,2,-1,6,1,51,8,1197,1,1,2,1,2
2018010125496,1,9,0,7,0,2,0,0,0,0,3,1,2,1,35,6,1896,2,14,2,1,2
2018010125496,2,3,0,18,0,8,0,4,0,0,1,1,6,1,37,7,108,1,4,5,1,5
2018010125500,1,3,0,18,0,0,0,0,0,0,1,1,6,1,21,5,125,1,2,1,1,1
2018010125500,2,9,0,7,0,0,0,0,0,0,4,1,2,1,33,6,2993,2,7,5,1,5
2018010125502,1,4,0,18,0,1,0,0,0,0,0,1,6,1,35,6,125,1,-1,3,1,3
2018010125502,2,9,0,7,0,1,0,0,0,0,0,1,6,1,63,9,2987,2,2,1,1,1
2018010125503,1,19,0,18,0,2,0,0,0,0,1,1,2,1,41,7,2143,2,5,4,1,4
2018010125503,2,9,0,10,0,2,0,10,4,1,2,1,6,1,18,4,1242,1,4,3,1,3
2018010125504,1,9,0,7,0,5,0,0,0,0,4,1,1,1,32,6,1798,8,1,3,1,3
2018010125504,2,1,0,18,0,1,0,0,0,0,3,1,6,2,25,5,-1,-1,-1,3,1,3
2018010125505,1,11,0,18,0,0,0,0,0,0,0,1,1,1,46,8,4500,2,1,-1,-1,-1
2018010125506,1,9,0,1,0,0,0,0,0,0,2,1,6,1,23,5,-1,-1,-1,2,1,2
2018010125506,2,9,0,18,0,0,0,0,0,0,4,2,6,1,40,7,1461,2,4,2,1,2
2018010125506,3,9,0,2,0,0,0,0,0,0,3,1,6,3,-1,-1,1968,2,10,-1,-1,-1
2018010125507,1,9,0,2,0,1,-1,0,0,0,1,-1,6,3,-1,-1,1388,1,12,-1,-1,-1
2018010125508,1,11,0,18,0,4,0,0,0,0,3,1,1,1,36,7,9000,2,9,9,1,9
2018010125508,2,9,0,18,0,3,0,0,0,0,1,1,1,1,22,5,1686,2,5,5,1,5
2018010125511,1,1,-1,-1,-1,0,-1,-1,-1,-1,1,1,2,2,32,6,-1,-1,-1,2,1,2
2018010125511,2,9,0,-1,-1,0,-1,-1,-1,-1,-1,-1,6,3,-1,-1,-1,-1,-1,-1,-1,-1
2018010125514,1,9,0,9,0,8,0,0,0,0,1,1,6,1,35,6,2656,1,12,-1,-1,-1
2018010125514,2,9,0,18,0,8,0,0,0,0,4,1,6,1,72,10,1598,1,7,8,1,8
2018010125515,1,9,0,18,0,1,0,0,0,0,1,1,6,1,17,4,1200,1,-1,2,1,2
2018010125515,2,1,0,9,0,1,1,0,0,0,2,1,6,1,41,7,-1,-1,-1,3,1,3
2018010125517,1,9,0,18,0,0,0,0,0,0,1,1,6,1,41,7,2993,2,12,2,1,2
2018010125521,1,9,0,18,0,1,0,0,0,0,1,1,6,3,-1,-1,1794,1,14,-1,-1,-1
2018010125521,2,9,0,18,0,1,0,0,0,0,2,1,6,3,-1,-1,1596,1,12,-1,-1,-1
2018010125522,1,3,0,18,0,2,1,0,0,0,1,1,6,3,-1,-1,-1,-1,-1,-1,-1,-1
2018010125525,1,9,0,4,0,0,0,0,0,0,3,1,6,1,41,7,2148,2,18,2,1,2
2018010125527,1,9,0,7,0,1,0,0,0,0,1,1,6,1,40,7,1796,1,10,4,1,4
2018010125527,2,1,0,18,0,1,0,0,0,0,2,1,6,1,29,6,-1,-1,-1,4,1,4
2018010125528,1,9,0,18,0,0,0,0,0,0,3,1,6,1,24,5,1582,2,1,4,1,4
2018010125530,1,1,0,7,9,1,0,0,0,0,3,1,6,1,25,5,-1,-1,-1,5,1,5
2018010125530,2,9,0,17,0,2,0,0,0,0,1,1,6,1,18,4,1598,1,8,5,1,5
2018010125531,1,11,0,9,0,8,0,0,0,0,1,1,1,1,55,8,4500,2,7,5,1,5
2018010125531,2,9,0,18,0,8,0,0,0,0,1,1,6,1,29,6,1996,1,3,5,1,5
2018010125532,1,1,0,18,0,0,0,0,0,0,0,1,6,2,37,7,-1,-1,-1,3,1,3
2018010125533,1,10,0,9,0,1,0,0,0,0,1,1,1,2,55,8,-1,-1,-1,3,1,3
2018010125533,2,1,0,3,0,1,0,0,0,0,1,1,6,1,41,7,-1,-1,-1,3,1,3
2018010125534,1,9,0,2,6,0,0,0,0,0,2,1,6,3,-1,-1,2143,2,1,-1,-1,-1
2018010125534,2,9,0,18,0,0,0,4,0,0,1,1,6,3,-1,-1,-1,-1,-1,-1,-1,-1
2018010125536,1,3,0,18,0,1,2,0,0,0,0,1,6,1,18,4,124,1,6,2,1,2
2018010125536,2,4,0,15,0,1,0,0,0,0,1,1,6,3,-1,-1,-1,-1,-1,-1,-1,-1
2018010125538,1,1,0,18,0,1,0,0,0,0,1,1,6,1,36,7,-1,-1,-1,6,1,6
2018010125538,2,1,0,5,0,1,0,0,0,0,1,1,6,1,28,6,-1,-1,-1,-1,-1,-1
2018010125541,1,4,0,-1,-1,-1,-1,-1,-1,-1,1,1,6,1,28,6,125,1,4,6,1,6
2018010125541,2,9,0,-1,-1,-1,-1,-1,-1,-1,3,-1,6,3,-1,-1,-1,-1,-1,-1,-1,-1
2018010125543,1,9,0,18,0,1,0,0,0,0,1,1,6,1,56,9,1124,1,12,2,1,2
2018010125545,1,3,0,5,0,2,0,0,0,0,0,1,1,1,32,6,125,1,5,2,1,2
2018010125545,2,19,0,18,0,2,0,0,0,0,0,1,6,1,38,7,1968,2,-1,7,1,7
2018010125547,1,8,0,18,0,0,0,0,1,0,3,1,1,1,29,6,1461,2,2,5,1,5
2018010125547,2,9,0,18,0,0,0,0,6,7,1,1,6,2,64,9,1997,2,3,10,1,10
2018010125547,3,4,0,18,0,0,0,0,0,0,0,1,6,3,-1,-1,124,1,15,-1,-1,-1
2018010125553,1,9,0,3,0,0,0,0,0,0,2,1,6,1,29,6,1968,2,7,3,1,3
2018010125553,2,9,0,18,0,0,0,0,0,0,1,1,6,3,-1,-1,1560,2,12,-1,-1,-1
2018010125555,1,9,0,-1,-1,-1,-1,-1,-1,-1,2,-1,2,2,30,6,998,1,2,6,1,6
2018010125561,1,9,0,9,0,5,0,0,0,0,1,1,1,1,62,9,1797,8,7,1,1,1
2018010125561,2,1,0,5,0,8,0,0,0,0,1,1,6,1,39,7,-1,-1,-1,3,1,3
2018010125562,1,9,0,9,0,8,0,0,0,0,1,1,1,1,45,7,1798,8,1,2,1,2
2018010125563,1,9,0,18,0,8,0,0,0,0,1,1,6,1,41,7,1988,1,15,3,1,3
2018010125564,1,90,0,7,4,1,0,0,1,0,1,1,1,2,61,9,2987,2,1,5,1,5
2018010125564,2,1,0,4,0,1,0,0,0,0,1,1,6,1,30,6,-1,-1,-1,7,1,7
2018010125565,1,9,0,3,0,0,0,0,0,0,2,1,6,1,37,7,2143,2,3,4,1,4
2018010125565,2,19,0,3,0,0,0,0,0,0,2,1,6,1,23,5,2143,2,-1,2,1,2
2018010125565,3,9,0,18,0,0,1,4,0,0,1,1,1,1,20,4,1796,1,12,4,1,4
2018010125571,1,9,0,5,0,0,0,4,8,10,2,1,6,1,47,8,1200,1,-1,1,1,1
2018010125571,2,9,0,2,0,0,0,4,0,0,2,1,6,3,-1,-1,1598,1,17,-1,-1,-1
2018010125571,3,9,0,2,0,0,0,0,0,0,2,1,6,3,-1,-1,1997,2,-1,-1,-1,-1
2018010125571,4,19,0,2,0,0,0,0,0,0,2,1,6,3,-1,-1,1598,2,5,-1,-1,-1
2018010125575,1,9,0,4,0,0,0,0,0,0,2,1,6,2,38,7,1590,1,13,5,1,5
2018010125575,2,9,0,4,0,0,0,0,0,0,2,1,6,1,26,6,2143,2,-1,6,2,6
2018010125575,3,9,0,4,0,0,0,0,0,0,2,1,6,1,39,7,2995,1,-1,8,1,8
2018010125575,4,9,0,4,0,0,0,0,0,0,2,1,6,1,41,7,2993,2,6,4,1,4
2018010125575,5,20,0,18,0,0,1,0,0,0,1,1,1,1,25,5,5193,2,8,5,1,5
2018010125588,1,1,0,17,0,1,0,7,7,7,4,1,2,1,38,7,-1,-1,-1,10,1,10
2018010125588,2,9,0,7,0,8,0,0,0,0,4,1,6,3,-1,-1,1598,2,8,-1,-1,-1
2018010125595,1,9,0,18,0,8,0,0,0,0,1,1,6,3,-1,-1,-1,-1,-1,-1,-1,-1
2018010125595,2,1,0,18,0,2,0,0,0,0,4,1,2,1,17,4,-1,-1,-1,9,1,9
2018010125596,1,9,0,18,-1,-1,-1,-1,-1,-1,4,-1,2,2,35,6,1598,2,2,8,1,8
2018010125596,2,9,0,-1,-1,-1,-1,-1,-1,-1,-1,-1,6,1,-1,-1,-1,-1,-1,-1,-1,-1
2018010125599,1,1,-1,-1,-1,0,-1,-1,-1,-1,-1,1,6,1,26,6,-1,-1,-1,2,1,2
2018010125599,2,9,0,-1,-1,0,-1,-1,-1,-1,-1,-1,6,1,50,8,2987,2,11,5,1,5
2018010125607,1,9,0,-1,-1,-1,-1,-1,-1,-1,2,-1,2,2,55,8,1598,1,3,2,1,2
2018010125610,1,8,0,-1,-1,-1,-1,-1,-1,-1,1,-1,6,3,39,7,1950,2,1,3,1,3
2018010125611,1,21,4,18,0,8,0,0,0,0,4,1,1,1,49,8,10837,2,3,4,1,4
2018010125611,2,1,0,18,0,8,5,0,0,0,3,1,2,1,46,8,-1,-1,-1,6,1,6
2018010125614,1,9,0,-1,-1,-1,-1,-1,-1,-1,3,-1,6,2,34,6,1499,2,2,7,1,7
2018010125614,2,1,-1,-1,-1,-1,-1,-1,-1,-1,1,1,6,2,28,6,-1,-1,-1,7,1,7
2018010125615,1,1,-1,-1,-1,-1,-1,-1,-1,-1,-1,1,2,1,37,7,-1,-1,-1,5,1,5
2018010125615,2,19,0,-1,-1,-1,-1,-1,-1,-1,-1,-1,6,3,-1,-1,1560,2,3,-1,-1,-1
2018010125621,1,19,0,4,0,3,0,0,0,0,1,1,1,1,21,5,1997,2,2,5,1,5
2018010125621,2,19,0,4,0,3,0,0,0,0,2,1,1,1,35,6,1968,2,1,9,1,9
2018010125621,3,3,0,4,0,3,5,0,0,0,2,1,1,1,27,6,125,1,6,6,1,6
2018010125624,1,11,0,9,0,8,0,0,0,0,0,1,1,1,53,8,4500,2,7,1,1,1
2018010125625,1,3,0,18,0,0,0,0,0,0,3,1,2,1,49,8,125,1,2,3,2,3
2018010125625,2,9,0,11,0,0,0,0,0,0,3,1,6,1,47,8,1868,2,17,5,1,5
2018010125626,1,9,0,18,0,0,0,0,1,0,1,1,6,1,76,11,1997,1,2,7,1,7
2018010125626,2,9,0,12,0,0,0,0,0,0,1,1,6,1,42,7,2204,2,12,4,1,4
2018010125627,1,1,-1,-1,-1,0,-1,-1,-1,-1,-1,1,6,1,32,6,-1,-1,-1,5,1,5
2018010125627,2,9,0,-1,-1,0,-1,-1,-1,-1,1,-1,6,3,49,8,-1,-1,-1,10,1,10
2018010125631,1,19,0,2,0,0,0,0,0,0,2,1,6,3,-1,-1,6370,2,12,-1,-1,-1
2018010125631,2,3,0,14,0,0,0,0,0,0,3,1,6,1,33,6,125,1,4,7,1,7
2018010125632,1,1,-1,-1,-1,0,-1,-1,-1,-1,-1,1,6,2,42,7,-1,-1,-1,4,1,4
2018010125632,2,9,-1,-1,-1,0,-1,-1,-1,-1,-1,-1,6,1,-1,-1,1798,8,6,1,1,1
2018010125633,1,19,0,1,0,0,0,0,0,0,2,1,6,1,24,5,1997,2,-1,9,1,9
2018010125633,2,2,0,18,0,0,0,0,0,0,1,1,1,1,36,7,-1,-1,-1,3,1,3
2018010125634,1,9,0,18,0,0,1,0,5,6,1,1,6,2,36,7,1275,1,18,1,1,1
2018010125634,2,9,0,18,0,0,0,0,0,0,0,1,6,1,47,8,1796,1,13,2,1,2
2018010125635,1,9,0,7,0,1,0,0,0,0,1,1,6,1,28,6,1229,1,10,5,1,5
2018010125635,2,1,0,18,0,1,0,0,0,0,4,1,1,1,28,6,-1,-1,-1,5,1,5
2018010125638,1,1,-1,-1,-1,-1,-1,-1,-1,-1,1,1,2,2,26,6,-1,-1,-1,4,1,4
2018010125638,2,8,0,-1,-1,-1,-1,-1,-1,-1,0,-1,6,3,-1,-1,-1,-1,-1,-1,-1,-1
2018010125640,1,9,0,-1,-1,-1,-1,-1,-1,-1,2,-1,6,1,34,6,1590,1,16,3,1,3
2018010125643,1,19,0,1,6,0,0,0,0,0,2,1,6,1,41,7,2299,2,2,3,1,3
2018010125645,1,9,0,-1,-1,-1,-1,-1,-1,-1,2,-1,6,2,25,5,1398,1,4,2,1,2
2018010125645,2,9,0,-1,-1,-1,-1,-1,-1,-1,1,-1,6,1,-1,-1,1497,1,13,-1,-1,-1
2018010125649,1,9,0,-1,-1,-1,-1,-1,-1,-1,-1,-1,6,1,29,6,1599,1,10,3,1,3
2018010125649,2,9,0,-1,-1,-1,-1,-1,-1,-1,1,-1,6,3,-1,-1,-1,-1,-1,-1,-1,-1
2018010125656,1,9,0,3,-1,7,0,0,0,0,2,-1,6,1,39,7,1992,2,11,-1,-1,-1
2018010125656,2,9,-1,18,0,7,0,0,0,0,1,-1,6,3,-1,-1,1598,2,5,-1,-1,-1
2018010125661,1,9,0,18,0,0,0,0,0,0,3,1,1,1,60,9,2967,2,5,6,1,6
2018010125661,2,9,0,14,0,0,0,0,0,0,3,1,6,2,65,9,2993,2,7,6,1,6
2018010125664,1,19,0,18,0,0,0,0,1,3,1,1,6,1,58,9,1560,2,5,9,1,9
2018010125666,1,11,0,18,0,0,0,0,0,0,1,1,1,1,48,8,4250,2,8,4,1,4
2018010125669,1,5,0,18,0,4,0,0,0,0,2,1,2,1,32,6,1000,1,6,5,1,5
2018010125669,2,9,0,18,0,4,0,0,0,0,1,1,6,2,25,5,1461,2,7,4,1,4
2018010125669,3,19,0,2,0,1,0,0,0,0,1,1,6,3,-1,-1,1995,2,6,-1,-1,-1
2018010125670,1,1,-1,-1,-1,-1,-1,-1,-1,-1,1,1,2,1,27,6,-1,-1,-1,6,1,6
2018010125670,2,8,0,-1,-1,-1,-1,-1,-1,-1,-1,-1,6,3,-1,-1,2499,2,12,-1,-1,-1
2018010125671,1,90,0,3,0,6,5,0,0,0,3,1,6,1,78,11,-1,-1,-1,5,1,5
2018010125671,2,19,-1,18,0,1,-1,0,0,0,1,-1,6,3,-1,-1,2143,2,2,-1,-1,-1
2018010125677,1,9,-1,-1,-1,-1,-1,-1,-1,-1,-1,-1,2,1,49,8,2979,1,15,3,1,3
2018010125677,2,9,-1,-1,-1,-1,-1,-1,-1,-1,-1,-1,6,3,-1,-1,-1,-1,-1,-1,-1,-1
2018010125684,1,19,0,1,0,0,0,0,0,0,2,1,1,1,36,7,2198,2,5,3,1,3
2018010125685,1,9,0,9,0,8,0,0,1,1,4,1,6,2,23,5,1364,1,9,7,1,7
2018010125685,2,9,0,5,0,8,0,0,0,0,1,1,1,2,32,6,2685,2,16,6,1,6
2018010125686,1,9,-1,18,0,-1,-1,-1,0,0,3,-1,6,3,-1,-1,1399,1,2,5,1,5
2018010125687,1,9,0,-1,-1,-1,-1,-1,-1,-1,1,-1,6,2,50,8,1240,1,15,3,1,3
2018010125687,2,9,0,-1,-1,-1,-1,-1,-1,-1,-1,-1,6,3,-1,-1,-1,-1,-1,-1,-1,-1
2018010125692,1,11,0,18,2,2,0,0,0,0,1,1,6,1,53,8,4249,2,4,10,1,10
2018010125692,2,9,0,18,0,1,0,0,0,0,4,1,6,2,61,9,1386,1,10,4,1,4
2018010125693,1,90,0,10,0,8,0,0,0,0,3,1,1,2,31,6,6370,2,11,4,1,4
2018010125693,2,3,0,14,0,8,0,0,0,0,1,1,1,1,21,5,125,1,1,4,1,4
2018010125697,1,9,0,-1,-1,-1,-1,-1,-1,-1,1,-1,6,3,42,7,1582,2,-1,-1,3,-1
2018010125698,1,1,-1,-1,-1,-1,-1,-1,-1,-1,-1,1,2,2,37,7,-1,-1,-1,2,1,2
2018010125698,2,9,0,-1,-1,-1,-1,-1,-1,-1,-1,-1,6,3,-1,-1,1596,1,10,-1,-1,-1
2018010125701,1,11,0,5,0,5,0,0,0,0,0,1,1,1,34,6,9000,2,9,3,1,3
2018010125703,1,1,0,18,0,0,0,0,0,0,1,1,6,2,32,6,-1,-1,-1,5,1,5
2018010125704,1,1,-1,-1,-1,8,-1,-1,-1,-1,-1,1,2,1,48,8,-1,-1,-1,-1,-1,-1
2018010125704,2,9,0,-1,-1,8,-1,-1,-1,-1,1,-1,6,3,-1,-1,1240,1,8,4,1,4
2018010125707,1,9,0,9,0,6,0,0,0,0,0,1,6,1,20,4,1598,2,1,7,1,7
2018010125707,2,1,0,18,0,1,0,0,0,0,0,1,2,1,45,7,-1,-1,-1,6,1,6
2018010125710,1,1,0,18,0,0,0,0,0,0,1,1,6,2,36,7,-1,-1,-1,2,1,2
2018010125713,1,9,0,9,0,5,0,0,0,0,1,1,6,1,39,7,1598,1,8,3,1,3
2018010125713,2,1,0,18,0,6,0,0,0,0,1,1,2,2,42,7,-1,-1,-1,4,1,4
2018010125715,1,9,0,18,0,2,0,0,0,0,4,1,6,1,29,6,-1,-1,-1,2,1,2
2018010125715,2,1,0,18,0,8,5,0,0,0,4,1,6,1,52,8,-1,-1,-1,4,1,4
2018010125716,1,1,0,14,0,8,0,0,0,0,1,1,2,1,40,7,-1,-1,-1,8,1,8
2018010125716,2,8,0,9,0,5,0,0,0,0,1,1,1,1,54,8,1798,8,2,2,1,2
2018010125717,1,1,-1,-1,-1,-1,-1,-1,-1,-1,2,1,2,2,22,5,-1,-1,-1,3,1,3
2018010125717,2,9,0,-1,-1,-1,-1,-1,-1,-1,1,-1,6,3,-1,-1,1995,1,13,-1,-1,-1
2018010125719,1,9,0,-1,-1,-1,-1,-1,-1,-1,-1,-1,6,3,69,10,1991,1,2,10,1,10
2018010125723,1,5,0,18,0,0,0,0,0,0,2,1,2,1,48,8,649,1,3,3,1,3
2018010125723,2,9,0,18,0,0,0,0,0,0,1,1,6,2,29,6,998,1,9,1,1,1
2018010125723,3,9,0,18,0,0,0,0,0,0,2,1,6,1,40,7,2993,2,5,10,1,10
2018010125725,1,9,0,9,0,6,0,0,0,0,1,1,2,1,47,8,2261,1,-1,5,1,5
2018010125725,2,8,0,18,0,8,0,0,0,0,3,1,1,1,67,10,1950,2,1,5,1,5
2018010125728,1,9,0,3,0,1,0,0,0,0,1,1,2,1,27,6,1197,1,1,10,1,10
2018010125728,2,9,0,1,0,1,0,0,0,0,2,1,6,1,38,7,1598,1,4,2,1,2
2018010125730,1,1,0,11,0,1,0,0,0,0,1,1,6,1,45,7,-1,-1,-1,2,1,2
2018010125730,2,9,0,7,0,6,0,0,0,0,1,1,6,1,47,8,1124,1,15,2,1,2
2018010125733,1,9,0,18,0,0,0,0,0,0,0,1,2,2,49,8,1598,1,13,4,1,4
2018010125733,2,3,0,18,0,0,2,0,0,0,0,1,1,1,19,4,108,1,3,4,1,4
2018010125740,1,1,0,18,0,0,0,0,0,0,1,1,6,1,28,6,-1,-1,-1,2,1,2
2018010125740,2,9,0,4,0,0,0,0,0,0,2,1,1,1,-1,-1,-1,-1,-1,-1,-1,-1
2018010125746,1,9,-1,-1,-1,-1,-1,-1,-1,-1,-1,1,6,2,51,8,1968,2,8,6,1,6
2018010125746,2,1,-1,-1,-1,-1,-1,-1,-1,-1,-1,1,6,1,46,8,-1,-1,-1,7,1,7
2018010125747,1,1,-1,-1,-1,-1,-1,-1,-1,-1,-1,1,2,1,28,6,-1,-1,-1,5,1,5
2018010125747,2,9,0,-1,-1,-1,-1,-1,-1,-1,4,-1,6,3,-1,-1,1968,2,6,-1,-1,-1
2018010125749,1,8,0,18,9,8,0,0,1,10,3,1,1,1,33,6,1798,8,-1,3,1,3
2018010125749,2,9,0,18,0,8,0,0,0,0,1,1,1,2,58,9,3199,1,18,4,1,4
2018010125751,1,9,0,18,0,0,0,0,0,0,3,1,6,1,69,10,1395,1,1,3,1,3
2018010125751,2,9,0,18,0,0,0,0,0,0,3,1,6,1,57,9,1781,1,18,5,1,5
2018010125753,1,19,0,7,0,8,0,0,0,0,1,1,6,1,24,5,2198,2,12,2,1,2
2018010125753,2,1,0,15,0,8,0,0,0,0,4,1,6,1,37,7,-1,-1,-1,3,1,3
2018010125754,1,3,0,18,2,1,0,0,0,0,1,1,6,1,35,6,125,1,-1,2,1,2
2018010125754,2,9,0,18,2,3,0,0,0,0,4,1,6,3,-1,-1,-1,-1,-1,-1,-1,-1
2018010125755,1,1,0,5,0,1,0,0,0,0,1,1,2,1,32,6,-1,-1,-1,3,1,3
2018010125755,2,1,0,17,0,1,0,0,0,0,2,1,2,1,46,8,-1,-1,-1,5,1,5
2018010125756,1,5,0,18,0,2,0,0,0,0,1,1,6,1,51,8,1137,1,11,4,1,4
2018010125756,2,9,0,11,0,2,0,0,0,0,3,1,6,2,-1,-1,-1,-1,-1,-1,-1,-1
2018010125757,1,8,0,5,0,1,0,0,0,0,1,1,1,1,40,7,1798,8,4,3,1,3
2018010125757,2,1,0,18,0,1,0,-1,0,0,1,1,2,1,21,5,-1,-1,-1,2,1,2
2018010125761,1,19,0,3,9,0,0,5,0,0,1,1,1,1,55,8,1968,2,1,1,1,1
2018010125761,2,8,0,3,0,0,0,0,0,0,2,1,1,1,39,7,2499,2,11,10,1,10
2018010125764,1,9,0,3,0,1,0,0,0,0,2,1,6,2,39,7,1998,1,4,10,1,10
2018010125777,1,9,-1,-1,-1,-1,-1,-1,-1,-1,-1,-1,6,3,-1,-1,-1,-1,-1,-1,-1,-1
2018010125778,1,19,0,9,0,5,0,0,0,0,3,1,1,1,35,6,2198,2,3,3,2,3
2018010125778,2,5,0,13,0,1,1,0,1,0,4,1,2,1,39,7,599,1,11,6,3,6
2018010125779,1,1,0,18,0,1,0,0,0,0,1,1,2,1,32,6,-1,-1,-1,2,1,2