Accident_Index,Vehicle_Reference,Vehicle_Type,Towing_and_Articulation,Vehicle_Manoeuvre,Vehicle_Location-Restricted_Lane,Junction_Location,Skidding_and_Overturning,Hit_Object_in_Carriageway,Vehicle_Leaving_Carriageway,Hit_Object_off_Carriageway,1st_Point_of_Impact,Was_Vehicle_Left_Hand_Drive?,Journey_Purpose_of_Driver,Sex_of_Driver,Age_of_Driver,Age_Band_of_Driver,Engine_Capacity_(CC),Propulsion_Code,Age_of_Vehicle,Driver_IMD_Decile,Driver_Home_Area_Type,Vehicle_IMD_Decile
2018010126137,1,11,0,16,0,2,0,0,0,0,0,1,1,1,49,8,6700,2,7,2,1,2
2018010126139,1,3,0,4,0,0,0,10,0,0,1,1,6,1,30,6,198,1,12,2,1,2
2018010126146,1,9,0,3,0,2,0,0,0,0,3,1,6,1,55,8,698,1,12,6,1,6
2018010126146,2,9,0,3,0,2,0,0,0,0,1,1,6,2,43,7,1997,1,9,4,1,4
2018010126147,1,11,0,3,2,1,0,0,0,0,0,1,1,1,20,4,4760,2,5,5,1,5
2018010126148,1,9,0,3,0,1,0,0,0,0,2,1,6,1,35,6,2688,2,17,3,1,3
2018010126148,2,9,0,18,0,1,0,0,0,0,1,1,6,3,-1,-1,-1,-1,-1,-1,-1,-1
2018010126149,1,9,0,6,0,0,0,0,0,0,3,1,6,1,29,6,1360,1,8,6,1,6
2018010126149,2,5,0,13,0,0,0,0,0,0,1,1,6,1,40,7,806,1,2,-1,-1,-1
2018010126153,1,9,0,17,0,0,0,0,0,0,1,1,6,1,31,6,2993,2,12,5,1,5
2018010126153,2,9,0,16,0,0,0,0,0,0,3,1,6,1,21,5,1995,2,13,2,1,2
2018010126153,3,9,0,2,0,0,0,0,0,0,3,1,6,3,-1,-1,1968,2,-1,-1,-1,-1
2018010126154,1,1,-1,-1,-1,-1,-1,-1,-1,-1,2,1,6,1,-1,-1,-1,-1,-1,4,1,4
2018010126154,2,19,-1,-1,0,-1,0,0,0,0,-1,1,6,3,-1,-1,-1,-1,-1,-1,-1,-1
2018010126155,1,9,0,4,0,1,0,0,0,0,2,2,6,1,43,7,-1,-1,-1,2,1,2
2018010126155,2,9,0,4,0,1,1,0,0,0,1,2,6,1,23,5,1790,8,5,4,1,4
2018010126162,1,9,0,-1,-1,8,-1,-1,-1,-1,-1,-1,6,1,58,9,-1,-1,-1,4,1,4
2018010126162,2,9,0,-1,-1,8,-1,-1,-1,-1,-1,-1,6,3,-1,-1,1596,1,13,-1,-1,-1
2018010126165,1,9,0,7,0,8,1,12,0,0,2,1,6,1,18,4,999,1,-1,2,1,2
2018010126165,2,9,0,7,0,8,0,0,0,0,1,1,6,3,-1,-1,2987,2,12,-1,-1,-1
2018010126167,1,8,0,-1,-1,-1,-1,-1,-1,-1,2,-1,6,1,32,6,2199,2,1,5,1,5
2018010126167,2,90,0,-1,-1,-1,-1,-1,-1,-1,1,-1,6,1,29,6,-1,-1,-1,7,1,7
2018010126168,1,3,0,18,0,0,1,0,0,0,1,1,2,1,38,7,125,1,1,3,1,3
2018010126168,2,1,0,11,0,0,1,0,0,0,3,1,6,1,20,4,-1,-1,-1,7,3,7
2018010126170,1,3,0,18,0,0,1,4,0,0,1,1,2,1,34,6,124,1,9,4,1,4
2018010126173,1,9,0,17,0,0,5,0,1,10,1,1,6,1,25,5,1984,1,-1,5,1,5
2018010126178,1,9,0,4,0,1,0,0,0,0,0,1,6,1,-1,-1,2993,2,1,-1,-1,-1
2018010126178,2,9,0,18,0,5,0,0,1,0,3,1,6,1,75,10,1198,1,3,6,1,6
2018010126178,3,9,0,18,0,6,0,0,0,0,1,1,6,1,20,4,1364,1,4,3,1,3
2018010126179,1,9,0,18,0,4,0,0,0,0,1,1,6,2,60,9,1798,8,1,-1,-1,-1
2018010126179,2,1,0,9,0,4,0,0,0,0,2,1,6,1,38,7,-1,-1,-1,7,1,7
2018010126181,1,9,-1,-1,-1,1,-1,-1,-1,-1,2,-1,6,1,25,5,1339,8,9,8,1,8
2018010126181,2,9,-1,18,-1,-1,-1,-1,-1,-1,-1,-1,6,3,-1,-1,1390,1,9,4,1,4
2018010126186,1,19,-1,-1,0,-1,-1,-1,-1,-1,-1,-1,6,3,-1,-1,1997,2,3,6,1,6
2018010126189,1,9,-1,18,-1,-1,-1,-1,-1,-1,-1,-1,6,1,31,6,-1,-1,-1,2,1,2
2018010126189,2,9,-1,11,-1,-1,-1,-1,-1,-1,-1,-1,6,3,45,7,1461,2,6,5,1,5
2018010126195,1,9,0,18,0,0,0,0,0,0,1,1,1,1,43,7,1998,2,11,5,1,5
2018010126195,2,9,0,18,0,0,0,0,0,0,2,2,1,2,39,7,1242,1,10,4,1,4
2018010126197,1,9,0,18,0,-1,0,0,0,0,3,1,6,2,37,7,1496,2,1,2,1,2
2018010126197,2,9,0,9,0,-1,0,0,0,0,1,1,6,1,-1,-1,-1,-1,-1,2,1,2
2018010126198,1,19,0,9,4,6,0,0,0,0,3,1,1,1,24,5,1968,2,4,6,1,6
2018010126198,2,1,0,18,4,8,0,0,0,0,1,1,1,1,54,8,-1,-1,-1,4,1,4
2018010126200,1,3,0,3,0,1,0,0,0,0,1,1,2,1,28,6,125,1,-1,2,1,2
2018010126200,2,9,0,18,0,1,0,0,0,0,-1,-1,6,2,-1,-1,2143,2,6,8,2,8
2018010126203,1,3,0,18,0,8,0,0,0,0,4,1,2,1,37,7,125,1,2,-1,-1,-1
2018010126203,2,19,0,18,0,8,0,0,0,0,1,2,1,1,38,7,-1,-1,-1,-1,-1,-1
2018010126204,1,11,0,5,2,6,0,0,0,0,0,1,1,1,32,6,7300,2,13,3,1,3
2018010126205,1,9,0,-1,0,0,0,0,0,0,1,1,6,1,-1,-1,-1,-1,-1,-1,-1,-1
2018010126210,1,9,-1,18,0,8,0,0,0,0,4,-1,6,2,66,10,1348,1,17,5,1,5
2018010126210,2,9,0,9,0,8,0,0,0,0,4,-1,6,3,-1,-1,996,1,9,-1,-1,-1
2018010126214,1,9,0,5,0,6,0,0,0,0,1,1,6,1,69,10,1597,2,4,4,1,4
2018010126214,2,9,0,18,0,1,0,0,0,0,1,1,6,2,21,5,1299,1,17,7,1,7
2018010126216,1,9,0,18,0,4,0,0,0,0,1,1,6,1,37,7,1329,1,9,4,1,4
2018010126216,2,9,0,9,0,8,0,0,0,0,4,1,6,2,23,5,1984,1,9,5,1,5
2018010126219,1,1,-1,-1,-1,-1,-1,-1,-1,-1,-1,1,2,2,40,7,-1,-1,-1,5,1,5
2018010126219,2,8,0,-1,-1,-1,-1,-1,-1,-1,-1,-1,6,3,66,10,2402,2,15,9,1,9
2018010126223,1,9,0,6,0,1,0,0,0,0,3,1,1,1,31,6,1798,8,2,-1,-1,-1
2018010126223,2,5,0,13,0,1,0,0,0,0,1,1,2,1,29,6,652,1,14,2,1,2
2018010126224,1,9,0,18,0,0,0,10,0,0,4,1,6,1,46,8,-1,-1,-1,6,1,6
2018010126224,2,90,-1,1,0,0,0,0,0,0,1,1,6,3,-1,-1,-1,-1,-1,-1,-1,-1
2018010126227,1,9,0,18,0,0,0,0,0,0,3,1,2,1,52,8,1368,1,2,10,1,10
2018010126229,1,19,0,11,0,4,0,0,0,0,3,1,1,1,22,5,2198,2,2,6,1,6
2018010126229,2,2,0,7,0,4,1,0,0,0,3,1,1,2,39,7,-1,-1,-1,1,1,1
2018010126231,1,21,1,4,0,0,0,0,0,0,1,2,1,1,27,6,-1,-1,-1,-1,-1,-1
2018010126231,2,19,0,3,0,0,0,0,0,0,2,1,1,2,36,7,1968,2,-1,6,2,6
2018010126232,1,9,0,-1,-1,0,-1,-1,-1,-1,2,-1,6,1,47,8,1598,2,2,2,1,2
2018010126232,2,9,0,-1,-1,0,-1,-1,-1,-1,1,-1,6,3,39,7,1995,1,12,3,1,3
2018010126233,1,19,0,3,0,2,0,4,0,0,1,1,1,1,49,8,2143,2,3,1,1,1
2018010126233,2,19,0,3,0,2,0,4,0,0,2,1,2,1,50,8,1997,2,-1,9,1,9
2018010126233,3,19,0,3,0,2,0,4,0,0,2,1,1,1,61,9,1598,2,3,4,1,4
2018010126233,4,21,0,4,0,2,0,4,0,0,1,1,1,1,63,9,6871,2,1,10,1,10
2018010126235,1,9,0,18,0,2,0,0,0,0,1,1,2,1,39,7,4398,1,13,10,1,10
2018010126237,1,9,0,5,0,3,0,0,0,0,1,1,2,1,36,7,1968,2,5,-1,-1,-1
2018010126239,1,19,0,9,0,5,0,0,0,0,1,1,2,1,39,7,2143,2,7,2,1,2
2018010126245,1,1,0,-1,0,1,0,0,0,0,-1,1,6,2,56,9,-1,-1,-1,6,1,6
2018010126245,2,5,0,-1,0,8,0,0,0,0,-1,1,6,1,-1,-1,745,1,4,-1,-1,-1
2018010126248,1,9,0,6,9,8,0,0,7,10,1,1,6,2,75,10,1198,1,4,2,1,2
2018010126250,1,11,0,18,0,1,0,0,0,0,0,1,1,1,28,6,5132,2,2,3,1,3
2018010126251,1,11,0,5,0,0,0,0,0,0,0,1,6,1,54,8,5132,2,1,1,1,1
2018010126252,1,9,0,9,0,0,0,0,0,0,4,1,6,2,35,6,1984,1,10,4,1,4
2018010126252,2,4,0,18,0,0,0,0,0,0,1,1,6,1,38,7,124,1,3,2,1,2
2018010126253,1,9,0,9,0,6,0,0,0,0,3,2,6,2,39,7,2179,2,5,5,1,5
2018010126253,2,3,0,14,0,8,1,0,0,0,3,1,6,2,28,6,125,1,6,8,1,8
2018010126254,1,4,0,5,0,2,0,0,0,0,3,1,2,1,33,6,124,1,8,2,1,2
2018010126259,1,8,0,4,0,1,0,0,0,0,1,1,1,1,43,7,1797,8,8,5,1,5
2018010126260,1,90,-1,18,0,-1,0,-1,-1,-1,-1,-1,6,1,-1,-1,-1,-1,-1,4,1,4
2018010126261,1,3,0,18,0,0,0,0,1,0,1,1,6,3,18,4,49,1,6,3,1,3
2018010126263,1,3,0,18,0,1,5,0,0,0,4,1,2,1,37,7,125,1,1,3,1,3
2018010126263,2,19,0,5,0,2,0,0,0,0,1,1,6,3,-1,-1,1995,2,1,-1,-1,-1
2018010126272,1,9,0,18,0,8,0,0,0,0,1,1,6,2,46,8,1396,1,14,3,1,3
2018010126272,2,9,0,9,0,8,0,0,0,0,4,1,6,1,-1,-1,1584,1,12,2,1,2
2018010126273,1,9,0,18,0,0,0,0,0,0,1,1,6,1,56,9,1242,1,13,3,1,3
2018010126277,1,3,0,14,0,0,0,0,0,0,1,1,2,1,31,6,125,1,2,-1,-1,-1
2018010126279,1,2,0,18,0,1,0,0,0,0,-1,1,6,1,17,4,-1,-1,-1,8,1,8
2018010126280,1,8,-1,-1,-1,0,-1,-1,-1,-1,-1,-1,6,3,-1,-1,-1,-1,-1,-1,-1,-1
2018010126280,2,8,0,-1,-1,0,-1,-1,-1,-1,-1,-1,6,3,-1,-1,-1,-1,-1,8,1,8
2018010126281,1,1,-1,-1,-1,-1,-1,-1,-1,-1,2,1,6,1,33,6,-1,-1,-1,3,1,3
2018010126281,2,8,0,-1,-1,-1,-1,-1,-1,-1,1,-1,6,3,-1,-1,1796,1,5,2,1,2
2018010126283,1,9,0,18,0,0,0,0,1,2,1,1,6,1,34,6,2199,2,-1,2,1,2
2018010126289,1,9,0,10,0,5,0,0,0,0,2,1,6,1,33,6,2179,2,5,2,1,2
2018010126289,2,3,0,18,0,8,0,0,0,0,1,1,6,1,23,5,124,1,8,3,1,3
2018010126294,1,9,0,18,0,0,0,0,0,0,1,1,6,1,17,4,1229,1,7,9,1,9
2018010126294,2,9,0,18,0,0,0,0,1,10,2,1,6,1,20,4,1598,2,4,2,1,2
2018010126294,3,19,0,18,0,0,0,0,0,0,1,1,1,2,42,7,2143,2,4,7,1,7
2018010126295,1,3,0,14,0,0,1,0,0,0,0,1,2,1,36,7,125,1,-1,4,1,4
2018010126296,1,9,0,-1,-1,0,-1,-1,-1,-1,3,-1,6,2,22,5,1390,1,12,2,1,2
2018010126296,2,9,0,-1,-1,0,-1,-1,-1,-1,4,-1,6,3,-1,-1,-1,-1,-1,-1,-1,-1
2018010126304,1,11,0,5,0,2,0,0,0,0,3,1,1,2,50,8,4500,2,7,2,1,2
2018010126304,2,1,0,13,0,2,0,0,0,0,3,1,2,2,42,7,-1,-1,-1,6,1,6
2018010126310,1,9,0,18,9,6,0,0,0,0,1,1,6,2,31,6,998,1,2,3,1,3
2018010126310,2,1,0,18,9,1,0,0,0,0,1,1,6,1,19,4,-1,-1,-1,2,1,2
2018010126312,1,9,0,-1,-1,-1,-1,-1,-1,-1,2,-1,2,2,58,9,1248,1,8,4,1,4
2018010126312,2,9,0,-1,-1,-1,-1,-1,-1,-1,1,-1,6,3,-1,-1,-1,-1,-1,-1,-1,-1
2018010126315,1,8,0,-1,-1,0,-1,-1,-1,-1,2,-1,6,2,33,6,1968,2,3,4,1,4
2018010126318,1,9,0,-1,-1,0,-1,-1,-1,-1,1,-1,6,1,23,5,1995,2,8,5,1,5
2018010126322,1,3,0,18,0,2,1,0,0,0,0,1,6,1,18,4,125,1,12,2,1,2
2018010126323,1,5,0,18,2,1,0,0,0,0,3,1,2,1,50,8,1043,1,1,8,2,8
2018010126323,2,9,0,7,0,8,0,0,0,0,4,1,6,2,54,8,998,1,1,2,1,2
2018010126325,1,11,0,18,0,8,0,0,0,0,0,1,6,1,34,6,6696,2,5,5,3,5
2018010126325,2,9,0,18,0,8,0,0,0,0,0,1,6,3,-1,-1,2480,1,3,-1,-1,-1
2018010126328,1,11,0,5,0,1,0,0,0,0,1,1,1,1,33,6,4500,2,1,4,1,4
2018010126328,2,1,0,18,0,1,0,0,0,0,1,1,6,1,14,3,-1,-1,-1,1,1,1
2018010126330,1,9,0,8,0,0,0,0,0,0,3,1,6,2,35,6,-1,-1,-1,3,1,3
2018010126330,2,4,0,18,0,0,0,0,0,0,1,1,6,2,48,8,125,1,5,6,1,6
2018010126332,1,1,0,18,0,1,0,0,0,0,1,1,2,1,50,8,-1,-1,-1,-1,-1,-1
2018010126334,1,19,0,18,4,8,0,0,0,0,2,1,6,3,-1,-1,-1,-1,-1,-1,-1,-1
2018010126334,2,1,0,18,4,8,0,0,0,0,2,1,2,1,50,8,-1,-1,-1,5,1,5
2018010126336,1,3,0,18,0,1,2,0,0,0,1,1,2,1,32,6,125,1,2,3,1,3
2018010126336,2,9,0,9,0,6,0,0,0,0,4,1,6,2,58,9,1240,1,13,1,1,1
2018010126338,1,11,0,5,0,3,0,0,0,0,1,1,1,1,42,7,8849,2,4,-1,1,-1
2018010126344,1,4,0,18,2,0,0,0,0,0,1,1,6,1,21,5,125,1,13,2,1,2
2018010126346,1,3,0,18,0,0,0,0,3,0,1,1,1,1,18,4,108,1,4,2,1,2
2018010126346,2,9,0,6,0,0,0,0,0,0,1,1,6,1,51,8,2497,2,2,3,1,3
2018010126349,1,9,0,18,0,2,0,0,0,0,1,1,6,3,-1,-1,-1,-1,-1,-1,-1,-1
2018010126350,1,9,0,9,0,1,0,0,0,0,1,1,2,2,55,8,1999,2,3,-1,-1,-1
2018010126350,2,9,0,18,0,8,0,0,0,0,3,1,2,1,36,7,1598,2,8,-1,-1,-1
2018010126353,1,9,0,9,0,8,0,0,0,0,1,1,6,1,39,7,1349,1,9,7,1,7
2018010126353,2,9,0,18,0,8,0,0,0,0,1,1,6,2,44,7,1242,1,-1,2,1,2
2018010126354,1,9,0,7,0,5,0,0,0,0,4,1,1,1,23,5,1995,2,4,4,1,4
2018010126354,2,3,0,18,0,1,0,0,0,0,1,1,1,1,18,4,124,1,9,5,1,5
2018010126355,1,9,0,-1,-1,0,-1,-1,-1,-1,2,-1,6,2,63,9,2987,2,-1,3,1,3
2018010126355,2,9,0,-1,-1,0,-1,-1,-1,-1,1,-1,6,3,-1,-1,1339,8,6,-1,-1,-1
2018010126357,1,19,0,9,0,6,0,0,0,0,3,1,6,1,58,9,1753,2,6,3,1,3
2018010126357,2,1,0,18,0,8,0,0,0,0,1,1,6,1,18,4,-1,-1,-1,2,1,2
2018010126359,1,9,0,-1,-1,-1,-1,-1,-1,-1,-1,-1,6,1,39,7,1797,8,7,3,1,3
2018010126359,2,9,0,-1,-1,-1,-1,-1,-1,-1,0,-1,6,3,32,6,1796,1,6,7,1,7
2018010126360,1,9,0,10,0,1,0,0,0,0,2,1,6,2,36,7,1388,1,14,2,1,2
2018010126360,2,9,0,10,0,1,0,0,0,0,2,1,6,2,32,6,1395,1,3,3,1,3
2018010126360,3,9,0,18,0,1,0,0,0,0,1,1,2,1,46,8,1997,1,12,7,1,7
2018010126361,1,1,-1,-1,-1,-1,-1,-1,-1,-1,2,1,2,1,31,6,-1,-1,-1,6,1,6
2018010126361,2,90,-1,-1,-1,-1,-1,-1,-1,-1,-1,-1,6,3,-1,-1,-1,-1,-1,-1,-1,-1
2018010126362,1,9,0,18,0,0,0,0,0,0,1,1,6,2,32,6,-1,-1,-1,3,1,3
2018010126365,1,1,-1,-1,-1,-1,-1,-1,-1,-1,-1,1,2,1,42,7,-1,-1,-1,2,1,2
2018010126365,2,9,0,-1,-1,-1,-1,-1,-1,-1,-1,-1,6,3,-1,-1,-1,-1,-1,3,1,3
2018010126367,1,3,0,3,0,1,0,0,0,0,3,1,6,1,18,4,124,1,10,4,1,4
2018010126367,2,3,0,18,0,8,0,0,0,0,4,1,6,1,28,6,108,1,3,2,1,2
2018010126373,1,9,0,18,0,8,0,0,0,0,1,1,6,1,66,10,1493,2,7,2,1,2
2018010126373,2,9,0,13,0,8,0,0,4,1,1,1,6,1,26,6,1390,1,17,7,2,7
2018010126374,1,9,0,9,0,8,1,0,0,0,1,1,6,3,-1,-1,1198,1,5,-1,-1,-1
2018010126374,2,4,0,18,0,1,0,0,0,0,1,1,6,1,43,7,124,1,9,4,1,4
2018010126375,1,9,0,-1,-1,-1,-1,-1,-1,-1,1,-1,6,2,50,8,1248,1,1,5,1,5
2018010126375,2,9,0,-1,-1,-1,-1,-1,-1,-1,-1,-1,6,3,-1,-1,1242,1,12,-1,-1,-1
2018010126378,1,8,0,4,0,1,0,0,0,0,4,1,2,1,57,9,1339,8,8,3,1,3
2018010126381,1,9,0,18,0,1,0,0,0,0,1,1,6,1,43,7,1798,1,10,7,1,7
2018010126384,1,11,0,5,2,0,0,0,0,0,0,1,6,1,64,9,9360,2,8,2,1,2
2018010126387,1,8,0,18,0,8,1,0,6,10,1,1,1,1,48,8,2499,2,3,4,1,4
2018010126387,2,9,0,18,0,8,1,0,0,0,3,1,6,1,23,5,1984,1,2,-1,-1,-1
2018010126388,1,9,0,6,0,1,0,0,0,0,1,1,1,1,47,8,1797,8,7,1,1,1
2018010126388,2,3,0,18,0,2,0,0,0,0,3,1,6,1,18,4,125,1,11,3,1,3
2018010126392,1,9,0,18,0,2,0,0,0,0,1,1,6,3,-1,-1,-1,-1,-1,-1,-1,-1
2018010126393,1,9,0,18,0,0,0,0,1,0,1,1,6,2,77,11,1388,1,8,-1,-1,-1
2018010126393,2,9,0,18,0,0,0,0,0,0,1,1,6,1,30,6,1596,1,8,-1,-1,-1
2018010126400,1,11,0,-1,-1,-1,-1,-1,-1,-1,-1,-1,6,1,55,8,-1,-1,-1,1,1,1
2018010126400,2,8,0,-1,-1,-1,-1,-1,-1,-1,2,-1,6,3,28,6,-1,-1,-1,-1,-1,-1
2018010126403,1,1,0,4,0,2,0,0,0,0,0,1,6,2,43,7,-1,-1,-1,3,1,3
2018010126407,1,1,-1,-1,-1,-1,-1,-1,-1,-1,1,1,2,1,29,6,-1,-1,-1,2,-1,2
2018010126407,2,9,0,-1,-1,-1,-1,-1,-1,-1,-1,-1,6,3,26,6,1198,1,8,4,1,4
2018010126422,1,9,0,9,0,5,0,0,0,0,4,1,6,1,57,9,1997,2,3,2,1,2
2018010126422,2,1,0,18,9,8,0,0,0,0,1,1,6,1,71,10,-1,-1,-1,5,3,5
2018010126432,1,19,0,12,8,0,0,0,0,0,2,1,6,1,28,6,-1,-1,-1,-1,-1,-1
2018010126433,1,9,0,18,0,0,0,0,0,0,3,1,6,1,56,9,1997,2,2,-1,2,-1
2018010126433,2,9,0,18,0,0,0,0,0,0,4,1,6,1,68,10,1396,1,5,-1,-1,-1
2018010126433,3,5,0,18,0,0,0,0,4,6,3,1,2,1,44,7,1237,1,6,-1,-1,-1
2018010126434,1,9,0,18,0,1,0,10,1,2,1,1,6,1,38,7,1798,1,9,-1,-1,-1
2018010126441,1,9,0,10,0,1,0,0,0,0,1,1,6,2,24,5,999,1,2,2,1,2
2018010126441,2,9,0,18,0,1,0,0,0,0,1,2,1,1,60,9,1796,1,9,10,1,10
2018010126443,1,9,0,-1,-1,0,-1,-1,-1,-1,-1,-1,6,1,44,7,1596,1,7,2,1,2
2018010126445,1,9,0,9,0,1,0,0,0,0,1,1,2,2,26,6,1399,1,1,-1,-1,-1
2018010126445,2,1,0,15,2,1,0,0,0,0,1,1,1,1,28,6,-1,-1,-1,4,1,4
2018010126447,1,9,0,18,0,2,0,0,0,0,1,1,6,2,65,9,1598,1,5,7,1,7
2018010126449,1,4,0,18,0,1,2,10,1,2,1,1,6,1,29,6,-1,-1,-1,4,1,4
2018010126450,1,8,0,18,0,0,0,0,0,0,1,1,1,1,60,9,2402,2,14,1,1,1
2018010126450,2,9,0,5,0,0,0,0,0,0,2,1,6,1,43,7,1995,2,7,2,1,2
2018010126451,1,5,0,4,0,1,0,0,0,0,3,1,6,1,41,7,690,1,4,-1,-1,-1
2018010126453,1,9,0,18,0,2,0,0,0,0,1,1,6,1,94,11,1198,1,4,7,1,7
2018010126453,2,9,0,2,0,2,0,0,0,0,2,1,6,3,-1,-1,1560,2,8,-1,-1,-1
2018010126454,1,9,0,10,0,6,0,0,0,0,1,1,6,2,48,8,1598,1,8,8,1,8
2018010126454,2,3,0,18,0,8,0,0,0,0,1,1,6,1,34,6,124,1,1,3,1,3
2018010126455,1,19,0,6,0,0,0,0,0,0,3,1,6,1,18,4,1995,2,1,1,1,1
2018010126455,2,3,0,13,0,0,2,0,0,0,1,1,1,1,29,6,125,1,-1,4,1,4
2018010126457,1,11,0,5,0,2,0,0,0,0,0,1,1,1,37,7,5132,2,2,6,1,6
2018010126462,1,9,0,9,0,8,0,0,0,0,1,1,6,1,45,7,2199,2,2,9,1,9
2018010126466,1,5,0,18,0,2,1,10,0,0,3,1,6,1,62,9,1340,1,22,3,1,3
2018010126466,2,9,0,18,0,2,0,0,0,0,0,1,6,3,-1,-1,-1,-1,-1,-1,-1,-1
2018010126473,1,1,-1,-1,-1,-1,-1,-1,-1,-1,1,1,6,2,45,7,-1,-1,-1,3,1,3
2018010126473,2,9,0,-1,-1,-1,-1,-1,-1,-1,1,-1,6,3,-1,-1,-1,-1,-1,-1,-1,-1
2018010126476,1,19,0,5,0,1,0,0,0,0,1,2,1,1,58,9,1753,2,12,5,1,5
2018010126477,1,5,0,18,0,8,0,0,0,0,4,1,6,1,21,5,-1,-1,-1,2,1,2
2018010126477,2,9,0,5,9,6,0,0,0,0,1,1,6,2,38,7,2993,2,2,8,1,8
2018010126477,3,9,0,2,0,2,0,4,0,0,1,1,6,3,-1,-1,1197,1,1,-1,-1,-1
2018010126484,1,3,0,4,0,0,0,0,0,0,2,1,2,1,25,5,108,1,5,1,1,1
2018010126484,2,9,0,4,0,0,0,0,0,0,1,1,6,1,29,6,1968,2,11,4,1,4
2018010126490,1,8,0,5,0,0,0,0,0,0,3,1,1,1,54,8,-1,-1,-1,1,1,1
2018010126490,2,1,0,14,0,0,0,0,0,0,1,1,6,1,27,6,-1,-1,-1,8,1,8
2018010126491,1,19,0,1,0,8,0,0,0,0,2,1,6,1,50,8,1598,2,2,3,1,3
2018010126492,1,19,0,9,9,5,0,0,0,0,4,1,1,1,54,8,2402,2,9,4,1,4
2018010126492,2,1,0,18,5,5,0,0,0,0,1,1,1,1,35,6,-1,-1,-1,4,1,4
2018010126494,1,8,0,4,0,2,0,0,0,0,3,1,1,1,57,9,1798,8,-1,1,1,1
2018010126495,1,9,0,4,9,1,0,10,0,0,1,1,6,2,65,9,1296,1,10,4,1,4
2018010126496,1,3,0,18,0,1,0,0,0,0,1,1,6,1,31,6,124,1,2,5,1,5
2018010126496,2,9,0,9,0,1,0,0,0,0,4,1,6,1,20,4,1596,1,8,3,1,3
2018010126497,1,9,0,5,0,0,0,0,0,0,1,1,2,2,58,9,1799,1,19,2,1,2
2018010126499,1,8,0,9,0,5,0,0,0,0,3,1,1,1,43,7,1797,8,4,1,1,1
2018010126499,2,2,0,18,0,1,2,0,0,0,1,1,2,1,28,6,125,1,3,5,1,5
2018010126500,1,5,0,18,2,0,0,0,0,0,3,1,6,2,24,5,599,1,12,7,1,7
2018010126500,2,9,0,11,0,0,0,0,0,0,4,1,6,1,34,6,1995,2,7,5,1,5
2018010126501,1,5,0,16,0,0,1,0,0,0,4,1,6,1,25,5,599,1,11,7,1,7
2018010126502,1,1,0,18,0,1,0,0,0,0,1,1,2,1,25,5,-1,-1,-1,5,1,5
2018010126502,2,9,0,10,0,2,0,0,0,0,3,1,6,2,44,7,1968,2,5,9,1,9
2018010126505,1,9,0,-1,-1,0,-1,-1,-1,-1,-1,-1,6,1,46,8,1399,1,2,1,1,1
2018010126505,2,9,0,-1,-1,0,-1,-1,-1,-1,1,-1,6,3,20,4,1968,2,10,3,1,3
2018010126507,1,9,0,6,0,6,0,0,0,0,2,1,6,1,26,6,2200,1,11,2,1,2
2018010126507,2,9,0,18,0,6,0,0,0,0,1,1,6,1,47,8,1988,1,19,3,1,3
2018010126511,1,9,0,-1,-1,0,-1,-1,-1,-1,2,-1,6,1,28,6,1995,2,6,2,1,2
2018010126511,2,9,-1,18,0,0,0,0,0,0,1,-1,6,3,-1,-1,1995,2,11,-1,-1,-1
2018010126513,1,1,-1,-1,-1,-1,-1,-1,-1,-1,-1,1,2,2,57,9,-1,-1,-1,1,1,1
2018010126513,2,1,-1,-1,-1,-1,-1,-1,-1,-1,1,1,6,3,-1,-1,-1,-1,-1,-1,-1,-1
2018010126515,1,9,0,9,0,8,0,0,0,0,4,1,6,1,28,6,1490,1,10,1,1,1
2018010126515,2,9,0,18,0,8,0,0,0,0,1,1,6,1,67,10,1900,2,12,6,1,6
2018010126516,1,9,0,5,0,4,0,0,0,0,1,1,6,1,21,5,1598,1,8,9,1,9
2018010126516,2,1,0,18,0,4,0,11,0,0,1,1,2,1,48,8,-1,-1,-1,7,1,7
2018010126523,1,3,0,18,0,1,0,11,0,0,1,1,6,1,49,8,124,1,9,-1,-1,-1
2018010126523,2,9,0,18,0,1,0,0,0,0,0,1,1,1,55,8,2993,2,2,3,1,3
2018010126524,1,9,-1,18,-1,-1,-1,10,-1,-1,-1,1,6,3,-1,-1,-1,-1,-1,-1,-1,-1
2018010126528,1,9,0,3,0,1,0,0,0,0,2,1,6,1,42,7,1956,2,4,2,1,2
2018010126528,2,9,0,18,0,1,0,0,0,0,1,1,6,1,49,8,2401,2,13,1,1,1
2018010126531,1,3,0,-1,-1,-1,-1,-1,-1,-1,1,1,6,2,19,4,125,1,3,1,1,1
2018010126531,2,9,0,-1,-1,-1,-1,-1,-1,-1,-1,-1,6,3,-1,-1,1998,1,13,3,1,3
2018010126532,1,3,0,17,0,0,0,0,0,0,1,1,4,1,28,6,124,1,9,5,1,5
2018010126532,2,9,0,16,0,0,0,0,0,0,1,1,6,1,49,8,1497,8,11,3,1,3
2018010126539,1,9,0,1,0,0,0,0,0,0,2,1,6,1,43,7,1499,1,2,3,1,3
2018010126539,2,9,0,2,0,0,0,0,0,0,2,1,6,3,-1,-1,1797,8,8,-1,-1,-1
2018010126540,1,8,0,-1,-1,-1,-1,-1,-1,-1,4,-1,6,1,44,7,1997,2,10,2,1,2
2018010126540,2,9,0,1,0,-1,0,0,0,0,2,1,6,3,-1,-1,-1,-1,-1,-1,-1,-1
2018010126542,1,9,0,18,0,1,5,0,0,0,1,1,6,1,56,9,1398,1,5,7,1,7
2018010126542,2,9,0,2,0,1,0,0,0,0,1,1,6,3,-1,-1,1461,2,9,-1,-1,-1