Accident_Index,Vehicle_Reference,Vehicle_Type,Towing_and_Articulation,Vehicle_Manoeuvre,Vehicle_Location-Restricted_Lane,Junction_Location,Skidding_and_Overturning,Hit_Object_in_Carriageway,Vehicle_Leaving_Carriageway,Hit_Object_off_Carriageway,1st_Point_of_Impact,Was_Vehicle_Left_Hand_Drive?,Journey_Purpose_of_Driver,Sex_of_Driver,Age_of_Driver,Age_Band_of_Driver,Engine_Capacity_(CC),Propulsion_Code,Age_of_Vehicle,Driver_IMD_Decile,Driver_Home_Area_Type,Vehicle_IMD_Decile
2018010126543,1,9,0,-1,0,-1,0,0,0,0,1,-1,6,1,57,9,1199,1,14,3,1,3
2018010126547,1,9,0,18,0,6,1,0,1,2,1,1,6,1,30,6,1598,1,4,5,1,5
2018010126548,1,9,0,18,0,0,0,0,0,0,3,1,6,1,53,8,-1,-1,-1,3,1,3
2018010126548,2,9,0,18,0,0,0,0,0,0,3,1,6,3,-1,-1,-1,-1,-1,-1,-1,-1
2018010126550,1,11,0,18,2,2,0,0,0,0,0,1,1,1,60,9,-1,-1,-1,2,1,2
2018010126552,1,9,0,18,0,8,0,0,0,0,1,1,6,1,29,6,1984,1,1,7,1,7
2018010126556,1,9,0,-1,-1,0,-1,-1,-1,-1,-1,-1,2,1,24,5,2993,2,9,1,1,1
2018010126556,2,9,-1,-1,0,0,0,-1,0,0,-1,-1,6,3,-1,-1,-1,-1,-1,-1,-1,-1
2018010126557,1,11,0,18,2,2,0,0,0,0,1,1,6,1,55,8,4500,2,3,5,1,5
2018010126558,1,9,0,4,0,3,0,0,0,0,0,1,2,2,25,5,1598,1,13,2,1,2
2018010126558,2,9,0,14,0,3,0,0,0,0,1,1,2,2,37,7,1968,2,6,6,1,6
2018010126559,1,11,0,5,0,1,0,0,0,0,0,1,1,1,54,8,6700,2,7,9,1,9
2018010126560,1,9,0,4,0,0,0,0,0,0,1,1,6,1,-1,-1,2967,2,10,6,1,6
2018010126560,2,5,0,15,2,0,0,0,0,0,1,1,6,1,28,6,998,1,-1,7,1,7
2018010126564,1,11,0,5,0,4,0,0,0,0,0,1,1,1,51,8,4500,2,8,5,1,5
2018010126566,1,9,0,-1,-1,0,-1,-1,-1,-1,1,-1,6,3,-1,-1,-1,-1,-1,-1,-1,-1
2018010126569,1,9,0,4,0,1,0,0,0,0,4,1,6,1,69,10,2143,2,8,5,1,5
2018010126575,1,11,0,4,2,0,0,0,0,0,0,1,6,1,33,6,6700,2,6,9,1,9
2018010126577,1,9,0,18,0,2,0,0,0,0,4,1,6,1,35,6,1328,1,15,8,1,8
2018010126577,2,9,0,9,0,1,0,0,0,0,1,1,6,1,20,4,1984,1,5,2,1,2
2018010126578,1,9,0,-1,-1,0,-1,-1,-1,-1,1,-1,6,3,-1,-1,-1,-1,-1,-1,-1,-1
2018010126585,1,9,0,18,0,2,0,0,0,0,1,1,6,2,32,6,1968,2,4,-1,-1,-1
2018010126587,1,8,0,-1,-1,-1,-1,-1,-1,-1,2,-1,6,3,-1,-1,1791,8,7,-1,-1,-1
2018010126587,2,9,-1,-1,-1,-1,-1,-1,-1,-1,-1,-1,6,3,-1,-1,2497,2,2,-1,-1,-1
2018010126590,1,9,0,9,0,1,0,0,0,0,1,1,6,2,30,6,1364,1,9,-1,-1,-1
2018010126590,2,1,0,18,0,1,0,0,0,0,1,1,6,1,28,6,-1,-1,-1,7,3,7
2018010126591,1,9,0,-1,-1,-1,-1,-1,-1,-1,2,-1,6,2,59,9,1598,1,5,9,1,9
2018010126591,2,9,0,-1,-1,-1,-1,-1,-1,-1,1,-1,6,3,-1,-1,1995,2,14,-1,-1,-1
2018010126595,1,9,0,-1,-1,-1,-1,-1,-1,-1,2,-1,6,2,58,9,1242,1,4,3,1,3
2018010126595,2,9,0,-1,-1,-1,-1,-1,-1,-1,2,-1,6,3,-1,-1,1363,2,15,5,1,5
2018010126595,3,9,0,-1,-1,-1,-1,-1,-1,-1,1,-1,6,3,-1,-1,-1,-1,-1,-1,-1,-1
2018010126605,1,9,0,5,0,0,0,0,0,0,3,1,6,1,38,7,1995,2,4,5,1,5
2018010126605,2,1,0,14,0,0,2,0,0,0,3,1,6,1,20,4,-1,-1,-1,2,1,2
2018010126608,1,9,0,18,0,4,0,0,0,0,1,1,6,2,53,8,1497,8,3,6,1,6
2018010126608,2,9,0,18,0,3,0,0,0,0,4,1,6,1,55,8,1995,2,5,3,1,3
2018010126609,1,9,0,-1,-1,0,-1,-1,-1,-1,2,-1,6,2,24,5,1248,2,10,9,1,9
2018010126609,2,9,0,-1,-1,0,-1,-1,-1,-1,1,-1,6,3,-1,-1,1598,1,13,1,1,1
2018010126614,1,5,0,-1,-1,0,-1,-1,-1,-1,2,1,6,1,36,7,749,1,10,5,1,5
2018010126614,2,9,0,-1,-1,0,-1,-1,-1,-1,-1,-1,6,3,45,7,1600,1,3,10,1,10
2018010126617,1,11,0,16,0,0,0,0,0,0,0,1,1,1,48,8,5132,2,1,2,1,2
2018010126618,1,9,0,-1,-1,-1,-1,-1,-1,-1,2,-1,2,1,49,8,2148,2,10,6,1,6
2018010126618,2,9,0,-1,-1,-1,-1,-1,-1,-1,1,-1,6,3,-1,-1,1995,2,10,-1,-1,-1
2018010126619,1,9,0,-1,-1,-1,-1,-1,-1,-1,2,-1,6,1,39,7,2204,2,14,3,1,3
2018010126619,2,9,0,-1,-1,-1,-1,-1,-1,-1,1,-1,6,3,-1,-1,-1,-1,-1,-1,-1,-1
2018010126624,1,9,0,4,0,0,0,0,0,0,3,1,6,1,34,6,1560,2,3,1,1,1
2018010126628,1,9,0,9,0,1,0,0,0,0,3,1,6,1,36,7,2993,2,11,2,1,2
2018010126628,2,9,0,18,0,1,0,0,0,0,1,1,6,1,41,7,2967,2,6,3,1,3
2018010126631,1,11,0,18,2,1,0,0,0,0,1,1,1,1,52,8,4500,2,8,9,1,9
2018010126631,2,9,0,8,0,1,0,0,0,0,0,1,6,1,28,6,1995,2,8,9,1,9
2018010126637,1,9,0,18,0,0,0,0,0,0,1,1,6,3,-1,-1,1368,1,-1,-1,-1,-1
2018010126641,1,9,0,18,9,0,0,10,7,2,1,1,6,1,23,5,1968,2,8,5,1,5
2018010126644,1,19,0,-1,-1,-1,-1,-1,-1,-1,2,-1,6,3,-1,-1,2143,2,2,-1,-1,-1
2018010126645,1,90,0,1,0,1,0,0,0,0,2,1,1,1,30,6,-1,-1,-1,3,1,3
2018010126645,2,3,0,3,0,1,0,0,0,0,1,1,6,1,36,7,125,1,3,4,1,4
2018010126646,1,9,0,5,0,2,0,0,0,0,4,1,6,2,28,6,1364,1,10,2,1,2
2018010126646,2,9,0,9,0,1,0,0,0,0,1,1,1,1,52,8,1956,2,3,3,1,3
2018010126647,1,9,0,18,0,8,0,0,0,0,1,1,6,2,47,8,998,1,18,4,1,4
2018010126647,2,9,0,6,0,1,0,0,0,0,1,1,6,1,26,6,1896,2,10,4,1,4
2018010126648,1,9,0,5,0,4,0,0,0,0,4,1,1,1,39,7,1798,8,2,2,1,2
2018010126648,2,3,0,18,0,4,0,0,0,0,1,1,6,1,22,5,108,1,3,4,1,4
2018010126651,1,9,0,18,0,8,0,0,0,0,1,2,6,1,20,4,5461,1,3,4,1,4
2018010126651,2,8,0,18,0,8,0,0,0,0,3,1,1,1,49,8,2499,2,4,2,1,2
2018010126654,1,8,0,5,0,1,0,0,0,0,1,1,1,1,33,6,1560,2,6,3,1,3
2018010126654,2,1,0,18,0,1,0,0,0,0,3,1,6,2,56,9,-1,-1,-1,2,1,2
2018010126655,1,1,-1,-1,-1,0,-1,-1,-1,-1,-1,1,6,1,40,7,-1,-1,-1,-1,-1,-1
2018010126656,1,9,0,16,0,1,1,10,7,10,3,1,6,1,22,5,1984,1,3,3,1,3
2018010126658,1,9,0,18,0,1,0,0,0,0,1,1,6,1,22,5,1997,2,7,2,1,2
2018010126658,2,9,0,18,0,2,0,0,0,0,1,1,6,3,-1,-1,1956,2,8,-1,-1,-1
2018010126658,3,9,0,2,0,1,0,0,0,0,3,1,6,3,-1,-1,1995,2,7,-1,-1,-1
2018010126659,1,8,0,4,0,1,0,0,0,0,2,1,6,1,46,8,1560,2,5,2,1,2
2018010126659,2,9,0,18,0,1,0,0,0,0,1,1,2,1,54,8,1124,1,12,3,1,3
2018010126662,1,9,0,18,0,8,0,0,0,0,1,1,6,1,41,7,1390,1,14,2,1,2
2018010126662,2,3,0,9,0,8,2,0,0,0,4,1,1,1,42,7,125,1,5,3,1,3
2018010126666,1,9,0,7,0,8,0,0,0,0,3,2,6,2,73,10,1197,1,1,-1,-1,-1
2018010126666,2,19,0,18,0,8,0,0,0,0,4,2,6,1,71,10,-1,-1,-1,3,1,3
2018010126678,1,1,0,18,0,1,5,0,0,0,1,1,1,1,27,6,-1,-1,-1,4,1,4
2018010126692,1,1,0,-1,0,0,-1,-1,-1,-1,-1,1,6,1,-1,-1,-1,-1,-1,7,1,7
2018010126694,1,1,-1,-1,-1,-1,-1,-1,-1,-1,2,1,6,1,24,5,-1,-1,-1,3,1,3
2018010126694,2,9,0,-1,-1,-1,-1,-1,-1,-1,2,-1,6,3,-1,-1,-1,-1,-1,-1,-1,-1
2018010126698,1,8,0,3,0,0,0,0,0,0,3,1,6,1,31,6,2143,2,3,2,1,2
2018010126698,2,1,0,18,0,0,0,0,0,0,4,1,2,2,29,6,-1,-1,-1,4,1,4
2018010126699,1,11,0,7,0,5,0,0,0,0,4,1,1,2,39,7,4500,2,8,3,1,3
2018010126704,1,8,0,-1,-1,0,-1,-1,-1,-1,0,-1,6,1,46,8,1497,8,10,4,1,4
2018010126706,1,11,0,2,0,0,0,0,0,0,2,1,6,3,-1,-1,4250,2,9,-1,-1,-1
2018010126706,2,21,0,18,0,0,1,4,0,0,1,1,1,1,39,7,12740,2,7,2,1,2
2018010126720,1,3,0,18,0,1,2,0,0,0,1,1,6,1,34,6,125,1,2,2,1,2
2018010126720,2,19,0,9,0,8,0,0,0,0,1,1,1,1,47,8,2198,2,3,4,1,4
2018010126727,1,9,0,3,0,8,0,0,0,0,3,1,6,1,32,6,1368,1,8,2,1,2
2018010126727,2,9,0,1,0,2,0,0,0,0,2,1,6,1,68,10,1497,8,1,2,1,2
2018010126735,1,5,0,-1,-1,0,-1,-1,-1,-1,-1,1,6,1,35,6,847,1,2,2,1,2
2018010126735,2,9,0,-1,-1,0,-1,-1,-1,-1,-1,-1,6,3,-1,-1,1499,1,1,-1,-1,-1
2018010126738,1,9,-1,-1,-1,-1,-1,-1,-1,-1,-1,-1,6,1,27,6,2497,1,8,2,1,2
2018010126744,1,1,-1,-1,-1,-1,-1,-1,-1,-1,1,1,6,3,-1,-1,-1,-1,-1,-1,-1,-1
2018010126756,1,11,0,3,2,0,0,0,0,0,1,1,6,1,54,8,5132,2,2,3,1,3
2018010126756,2,1,0,14,2,0,0,0,0,0,1,1,2,1,27,6,-1,-1,-1,2,1,2
2018010126772,1,1,-1,-1,-1,-1,-1,-1,-1,-1,-1,1,2,2,33,6,-1,-1,-1,3,1,3
2018010126772,2,21,-1,-1,-1,-1,-1,-1,-1,-1,4,-1,6,3,-1,-1,-1,-1,-1,-1,-1,-1
2018010126773,1,9,0,9,0,8,0,0,0,0,1,1,6,1,40,7,1956,2,6,4,1,4
2018010126773,2,9,0,18,0,1,0,0,0,0,1,1,6,2,30,6,1598,1,10,9,1,9
2018010126776,1,1,-1,-1,-1,0,-1,-1,-1,-1,1,1,6,1,-1,-1,-1,-1,-1,3,1,3
2018010126784,1,9,-1,2,0,0,-1,0,0,0,4,-1,6,3,-1,-1,2499,1,9,-1,-1,-1
2018010126784,2,9,-1,18,0,0,-1,0,0,0,-1,-1,6,3,-1,-1,-1,-1,-1,-1,-1,-1
2018010126785,1,9,0,-1,-1,0,-1,-1,-1,-1,2,-1,6,1,33,6,999,1,1,7,1,7
2018010126785,2,9,0,-1,-1,0,-1,-1,-1,-1,1,-1,6,3,55,8,-1,-1,-1,3,1,3
2018010126791,1,1,0,18,0,1,0,0,0,0,1,1,1,1,34,6,-1,-1,-1,5,1,5
2018010126791,2,8,0,18,0,1,0,0,0,0,4,2,1,1,58,9,-1,-1,-1,3,1,3
2018010126799,1,9,0,-1,-1,-1,-1,-1,-1,-1,2,-1,6,1,18,4,1364,1,9,5,1,5
2018010126799,2,9,0,-1,-1,-1,-1,-1,-1,-1,1,-1,6,3,-1,-1,1598,1,13,-1,-1,-1
2018010126804,1,9,0,-1,-1,-1,-1,-1,-1,-1,2,-1,6,1,52,8,1797,8,7,3,1,3
2018010126804,2,9,0,-1,-1,-1,-1,-1,-1,-1,1,-1,6,2,26,6,1198,1,7,3,1,3
2018010126811,1,9,0,-1,-1,0,-1,-1,-1,-1,-1,-1,6,1,40,7,1196,1,22,4,1,4
2018010126811,2,19,-1,-1,-1,0,-1,-1,-1,-1,-1,-1,6,3,-1,-1,2463,2,14,3,1,3
2018010126812,1,9,0,-1,-1,-1,-1,-1,-1,-1,2,-1,6,1,20,4,1900,2,11,5,1,5
2018010126812,2,9,0,-1,-1,-1,-1,-1,-1,-1,-1,-1,6,3,-1,-1,-1,-1,-1,-1,-1,-1
2018010126817,1,19,0,18,0,0,0,0,0,0,4,1,1,2,27,6,1598,2,1,3,1,3
2018010126817,2,3,0,18,0,0,5,0,1,0,3,1,6,1,18,4,125,1,3,-1,-1,-1
2018010126818,1,9,0,9,0,6,0,0,0,0,3,1,6,2,18,4,999,1,1,6,1,6
2018010126819,1,9,0,7,0,3,0,0,0,0,1,1,6,1,24,5,1598,1,18,3,2,3
2018010126819,2,9,0,7,0,3,0,0,0,0,4,1,6,2,75,10,1968,2,11,6,1,6
2018010126825,1,9,0,9,0,2,0,0,0,0,3,1,6,2,-1,-1,1798,8,-1,8,3,8
2018010126833,1,5,0,14,0,1,0,0,7,0,4,1,2,1,53,8,805,1,2,9,1,9
2018010126833,2,9,0,9,0,1,0,0,0,0,3,1,6,1,37,7,1390,1,6,4,1,4
2018010126835,1,19,0,11,0,1,0,0,0,0,4,1,2,1,38,7,2198,2,8,2,1,2
2018010126835,2,11,0,5,0,1,0,0,0,0,3,1,6,3,-1,-1,-1,-1,-1,-1,-1,-1
2018010126835,3,1,0,18,0,1,5,0,0,0,3,1,2,2,31,6,-1,-1,-1,1,1,1
2018010126840,1,9,0,3,0,0,0,0,0,0,2,1,6,1,61,9,1995,2,12,2,1,2
2018010126840,2,9,0,4,0,0,0,0,0,0,2,1,6,1,28,6,2597,1,16,3,1,3
2018010126840,3,9,0,18,0,0,0,0,0,0,1,1,6,2,32,6,1198,1,10,1,1,1
2018010126841,1,1,0,18,0,8,0,0,0,0,1,1,1,1,27,6,-1,-1,-1,1,1,1
2018010126844,1,11,0,3,0,1,0,0,0,0,1,1,1,1,47,8,6700,2,8,2,1,2
2018010126844,2,21,1,5,0,4,0,0,0,0,4,1,1,1,49,8,12740,2,4,2,1,2
2018010126846,1,3,0,18,0,0,0,0,0,0,1,1,6,1,24,5,125,1,-1,3,1,3
2018010126846,2,9,0,15,0,0,0,0,0,0,1,1,6,1,66,10,1984,1,22,3,1,3
2018010126847,1,9,0,4,0,8,0,0,0,0,2,1,6,1,35,6,2496,1,16,3,1,3
2018010126847,2,9,0,4,0,8,0,0,0,0,2,1,6,2,30,6,1229,1,12,4,1,4
2018010126847,3,9,0,18,0,8,0,0,0,0,1,1,6,1,55,8,1399,2,15,2,1,2
2018010126848,1,9,0,5,0,4,0,0,0,0,1,1,6,2,26,6,1242,1,4,6,1,6
2018010126848,2,9,0,18,0,8,0,0,0,0,2,1,6,1,39,7,1797,8,8,3,1,3
2018010126849,1,9,0,4,0,0,0,0,0,0,0,1,6,1,38,7,1968,2,8,8,1,8
2018010126849,2,9,0,4,0,0,0,0,0,0,1,1,1,1,51,8,1798,8,5,6,1,6
2018010126851,1,1,-1,-1,-1,-1,-1,-1,-1,-1,1,1,6,1,32,6,-1,-1,-1,-1,-1,-1
2018010126851,2,8,0,-1,-1,-1,-1,-1,-1,-1,1,-1,6,3,-1,-1,-1,-1,-1,5,1,5
2018010126852,1,9,0,-1,-1,-1,-1,-1,-1,-1,2,-1,6,1,49,8,1596,1,8,6,1,6
2018010126852,2,9,0,-1,-1,-1,-1,-1,-1,-1,1,-1,6,3,-1,-1,1995,2,3,3,1,3
2018010126854,1,9,0,-1,-1,-1,-1,-1,-1,-1,-1,-1,6,1,48,8,1596,1,8,3,1,3
2018010126854,2,9,0,-1,-1,-1,-1,-1,-1,-1,1,-1,6,2,30,6,1388,1,11,3,1,3
2018010126855,1,4,0,15,0,1,0,0,0,0,1,1,6,1,24,5,124,1,-1,2,1,2
2018010126857,1,9,0,7,0,0,0,0,0,0,1,1,6,1,33,6,2993,2,8,9,1,9
2018010126857,2,9,0,13,0,0,0,0,0,0,2,1,6,2,26,6,1390,1,15,1,1,1
2018010126858,1,9,0,9,0,5,0,0,0,0,1,1,6,1,87,11,1769,1,14,8,1,8
2018010126858,2,1,0,18,0,1,0,0,0,0,1,1,6,1,27,6,-1,-1,-1,5,1,5
2018010126860,1,8,0,3,0,1,0,0,0,0,3,1,1,1,49,8,2402,2,12,4,1,4
2018010126860,2,8,0,3,0,1,0,0,0,0,4,1,1,1,37,7,1950,2,-1,3,1,3
2018010126860,3,1,0,14,0,1,2,0,0,0,1,1,2,2,54,8,-1,-1,-1,2,1,2
2018010126867,1,9,0,4,0,1,0,0,0,0,4,1,6,2,51,8,1975,1,13,2,1,2
2018010126867,2,1,0,18,0,1,0,0,0,0,1,1,6,1,23,5,-1,-1,-1,2,1,2
2018010126868,1,9,0,11,0,0,0,0,0,0,4,1,6,1,26,6,1598,2,3,4,1,4
2018010126868,2,9,0,18,0,0,0,0,0,0,3,1,2,1,28,6,1389,1,13,6,3,6
2018010126874,1,9,0,18,0,1,0,0,0,0,1,1,6,1,27,6,1598,2,4,8,1,8
2018010126875,1,4,0,18,0,2,2,0,0,0,3,1,6,1,14,3,-1,-1,-1,8,1,8
2018010126875,2,9,0,18,0,1,1,10,7,10,1,1,6,2,30,6,1229,1,5,9,1,9
2018010126875,3,9,0,2,9,1,0,0,0,0,3,1,6,3,-1,-1,1197,1,2,-1,-1,-1
2018010126881,1,8,0,9,0,8,0,0,0,0,4,1,1,1,68,10,2402,2,12,2,1,2
2018010126881,2,8,0,18,0,8,0,0,0,0,1,1,1,1,38,7,1598,1,5,2,1,2
2018010126885,1,9,0,3,0,1,0,0,0,0,2,1,6,2,29,6,1591,1,3,4,1,4
2018010126885,2,9,0,5,0,1,0,0,0,0,1,1,6,2,17,4,1390,1,4,7,1,7
2018010126886,1,19,0,17,0,3,0,0,3,0,3,1,2,1,44,7,2488,2,6,5,1,5
2018010126886,2,1,0,17,0,3,0,0,0,0,1,1,2,1,55,8,-1,-1,-1,6,1,6
2018010126887,1,9,0,18,0,2,5,7,0,0,1,1,6,1,24,5,1591,1,2,2,1,2
2018010126888,1,1,0,18,0,-1,0,-1,-1,-1,-1,1,6,1,42,7,-1,-1,-1,4,1,4
2018010126888,2,19,-1,3,-1,-1,-1,-1,0,0,-1,-1,6,3,-1,-1,-1,-1,-1,-1,-1,-1
2018010126892,1,9,0,6,2,8,-1,0,0,0,-1,1,6,1,-1,-1,2993,2,-1,5,3,5
2018010126892,2,3,0,18,0,8,1,0,0,0,-1,1,6,1,31,6,125,1,2,2,1,2
2018010126893,1,9,0,18,0,1,0,0,0,0,1,1,6,1,26,6,1984,1,9,9,1,9
2018010126893,2,4,0,17,0,3,0,0,0,0,3,1,2,1,36,7,125,1,2,3,1,3
2018010126894,1,1,-1,-1,-1,-1,-1,-1,-1,-1,0,1,2,1,37,7,-1,-1,-1,6,1,6
2018010126894,2,9,0,-1,-1,-1,-1,-1,-1,-1,0,-1,6,3,-1,-1,1995,2,14,7,1,7
2018010126899,1,3,-1,-1,-1,1,-1,-1,-1,-1,-1,1,6,1,42,7,125,1,7,-1,-1,-1
2018010126899,2,9,-1,-1,-1,-1,-1,-1,-1,-1,-1,-1,6,2,-1,-1,1798,8,4,-1,-1,-1
2018010126911,1,9,0,3,0,1,0,0,0,0,1,-1,6,1,44,7,-1,-1,-1,3,1,3
2018010126911,2,9,0,18,0,1,0,0,0,0,1,-1,6,3,-1,-1,2400,2,9,-1,-1,-1
2018010126915,1,21,0,5,0,0,0,0,0,0,0,1,1,1,56,9,5900,2,12,2,1,2
2018010126916,1,9,0,-1,-1,-1,-1,-1,-1,-1,1,-1,6,1,25,5,2480,1,-1,10,1,10
2018010126916,2,8,0,18,-1,-1,-1,-1,-1,-1,1,-1,6,3,-1,-1,2499,2,11,10,1,10
2018010126927,1,9,0,1,0,0,0,0,0,0,1,1,6,2,28,6,998,1,1,-1,-1,-1
2018010126927,2,9,0,18,0,0,0,0,0,0,1,1,6,2,73,10,1318,1,1,-1,-1,-1
2018010126927,3,9,0,2,0,0,0,4,0,0,1,1,6,3,-1,-1,1598,1,8,-1,-1,-1
2018010126929,1,9,0,5,0,6,0,0,0,0,1,1,2,1,29,6,1598,2,-1,5,1,5
2018010126929,2,1,0,18,0,1,0,0,0,0,1,1,1,1,70,10,-1,-1,-1,10,1,10
2018010126931,1,9,0,9,0,8,0,0,0,0,3,1,1,1,30,6,-1,-1,-1,5,1,5
2018010126931,2,4,0,18,0,8,0,0,0,0,3,1,2,1,36,7,749,1,6,4,1,4
2018010126932,1,9,0,5,0,1,1,10,3,1,3,1,2,1,35,6,1582,2,6,7,1,7
2018010126932,2,8,0,18,0,1,1,10,0,0,1,1,2,1,54,8,1997,2,6,4,1,4
2018010126938,1,9,0,5,0,1,0,0,0,0,1,1,6,1,82,11,1197,1,2,4,1,4
2018010126941,1,9,0,4,0,0,0,0,0,0,1,1,6,2,83,11,998,1,2,5,1,5
2018010126943,1,9,0,9,0,8,0,0,0,0,4,1,2,1,24,5,1598,2,1,2,1,2
2018010126943,2,1,0,18,0,8,0,0,0,0,1,1,2,2,37,7,-1,-1,-1,2,1,2
2018010126951,1,3,0,-1,-1,-1,-1,-1,-1,-1,-1,1,6,1,35,6,49,1,1,3,1,3
2018010126951,2,9,0,-1,-1,-1,-1,-1,-1,-1,2,-1,6,3,-1,-1,-1,-1,-1,-1,-1,-1
2018010126956,1,21,0,9,0,2,0,0,0,0,1,1,1,1,32,6,12580,2,12,9,3,9
2018010126956,2,9,0,18,0,8,0,0,0,0,3,1,6,1,49,8,1783,1,14,5,1,5
2018010126957,1,1,0,-1,0,-1,0,-1,0,0,1,1,6,2,31,6,-1,-1,-1,2,1,2
2018010126957,2,9,0,-1,0,-1,0,0,0,0,1,1,6,1,-1,-1,-1,-1,-1,-1,-1,-1
2018010126960,1,9,0,18,0,0,0,0,0,0,4,1,6,1,22,5,1956,2,7,2,1,2
2018010126961,1,9,0,18,0,0,0,0,0,0,1,1,6,1,45,7,1798,8,4,4,1,4
2018010126961,2,1,0,18,0,0,0,0,1,0,2,1,6,1,40,7,-1,-1,-1,2,1,2
2018010126962,1,8,0,6,0,1,0,0,0,0,3,1,6,1,48,8,1797,8,8,2,1,2
2018010126962,2,9,0,18,0,1,1,0,0,0,1,1,6,2,52,8,1339,1,9,6,1,6
2018010126967,1,3,0,-1,-1,-1,-1,0,-1,0,1,1,6,3,-1,-1,-1,-1,-1,-1,-1,-1
2018010126970,1,11,0,3,0,0,0,0,0,0,2,1,1,1,27,6,5883,2,16,8,1,8
2018010126970,2,19,0,5,0,0,0,0,0,0,1,1,6,1,42,7,1598,2,1,5,1,5
2018010126973,1,1,0,18,0,2,0,0,0,0,2,1,2,1,38,7,-1,-1,-1,3,1,3
2018010126973,2,19,0,18,0,2,0,0,0,0,1,1,6,3,-1,-1,1686,2,12,-1,-1,-1
2018010126974,1,3,0,18,0,1,0,0,0,0,2,1,2,1,46,8,124,1,1,7,1,7
2018010126974,2,9,0,18,0,1,0,0,0,0,1,1,1,1,27,6,1685,2,3,10,1,10
2018010126977,1,19,0,1,0,2,0,0,0,0,2,1,1,1,33,6,1598,2,2,6,1,6
2018010126978,1,9,0,18,0,1,0,0,0,0,1,2,6,1,28,6,1596,1,5,5,1,5
2018010126978,2,9,0,18,0,6,0,0,0,0,1,2,6,1,28,6,1242,1,3,-1,-1,-1
2018010126983,1,1,0,18,0,8,0,0,0,0,-1,1,6,1,58,9,-1,-1,-1,10,1,10
2018010126983,2,8,0,18,0,4,0,0,0,0,4,-1,6,1,41,7,1797,8,5,3,1,3
2018010126992,1,9,0,18,0,2,0,0,0,0,1,1,6,1,58,9,1984,1,17,2,1,2
2018010126993,1,11,0,18,0,2,0,0,0,0,0,1,1,2,29,6,3900,2,13,2,1,2
2018010126993,2,9,0,11,0,2,0,0,0,0,0,1,6,3,-1,-1,-1,-1,-1,-1,-1,-1
2018010126994,1,1,-1,-1,-1,-1,-1,-1,-1,-1,-1,1,6,2,-1,-1,-1,-1,-1,-1,-1,-1
2018010126997,1,9,0,3,0,-1,0,0,0,0,2,1,6,1,90,11,1397,1,16,7,1,7
2018010126997,2,90,0,1,0,-1,0,-1,-1,-1,-1,1,6,3,-1,-1,6370,2,9,-1,-1,-1
2018010127002,1,19,0,18,0,6,0,0,0,0,1,2,1,1,22,5,-1,-1,-1,2,1,2
2018010127002,2,1,0,18,0,1,0,0,0,0,1,1,6,1,28,6,-1,-1,-1,3,-1,3
2018010127004,1,8,0,-1,-1,-1,-1,-1,-1,-1,1,-1,2,1,42,7,1560,2,6,6,1,6
2018010127004,2,9,0,-1,-1,-1,-1,-1,-1,-1,1,-1,6,3,-1,-1,4395,1,3,-1,-1,-1
2018010127009,1,9,0,-1,-1,2,-1,-1,-1,-1,-1,-1,6,2,-1,-1,1598,1,13,4,1,4
2018010127009,2,9,0,-1,-1,2,-1,-1,-1,-1,1,-1,6,3,19,4,-1,-1,-1,5,1,5
2018010127011,1,9,0,18,0,0,0,0,0,0,1,1,6,1,57,9,2993,2,6,3,1,3
2018010127011,2,9,0,18,0,0,0,0,0,0,2,1,6,2,40,7,2494,8,-1,2,1,2
2018010127012,1,9,0,10,0,1,0,0,0,0,2,1,6,2,63,9,1296,1,12,7,1,7
2018010127012,2,9,0,18,0,1,0,0,0,0,1,-1,6,3,-1,-1,999,1,4,-1,-1,-1
2018010127021,1,9,0,5,2,1,0,0,0,0,1,1,6,1,24,5,998,1,10,3,1,3
2018010127021,2,11,0,4,2,1,0,0,0,0,1,1,1,1,44,7,4500,2,1,4,1,4
2018010127023,1,9,0,5,0,8,0,0,0,0,1,1,1,1,45,7,1364,1,3,3,1,3
2018010127023,2,1,0,3,0,8,0,0,0,0,0,1,1,2,31,6,-1,-1,-1,5,1,5
2018010127025,1,1,-1,-1,-1,-1,-1,-1,-1,-1,-1,1,2,2,28,6,-1,-1,-1,2,1,2
2018010127025,2,9,0,-1,-1,-1,-1,-1,-1,-1,1,-1,6,3,-1,-1,-1,-1,-1,3,1,3
2018010127033,1,9,0,5,0,3,0,0,0,0,1,1,6,1,67,10,-1,3,2,7,3,7
2018010127034,1,9,0,-1,-1,-1,-1,-1,-1,-1,1,-1,6,2,37,7,1197,1,-1,3,1,3
2018010127034,2,9,0,-1,-1,-1,-1,-1,-1,-1,2,-1,6,3,-1,-1,1560,2,7,-1,-1,-1
2018010127038,1,3,0,7,0,1,0,0,0,0,3,1,2,1,-1,-1,124,1,8,9,1,9
2018010127038,2,3,0,18,0,1,0,0,0,0,1,1,6,1,28,6,125,1,8,2,1,2
2018010127039,1,1,-1,-1,-1,-1,-1,-1,-1,-1,-1,1,2,1,31,6,-1,-1,-1,10,3,10
2018010127039,2,9,0,-1,-1,-1,-1,-1,-1,-1,-1,-1,6,3,-1,-1,-1,-1,-1,-1,-1,-1
2018010127041,1,9,0,5,0,2,0,0,0,0,3,1,2,1,44,7,1798,8,3,3,1,3
2018010127042,1,19,0,7,0,1,0,0,0,0,2,1,2,1,36,7,1560,2,8,4,1,4
2018010127042,2,1,0,18,0,1,5,0,0,0,1,1,2,2,28,6,-1,-1,-1,8,1,8
2018010127044,1,19,4,-1,-1,-1,-1,-1,-1,-1,1,-1,6,1,39,7,1560,2,4,5,1,5