Accident_Index,Vehicle_Reference,Vehicle_Type,Towing_and_Articulation,Vehicle_Manoeuvre,Vehicle_Location-Restricted_Lane,Junction_Location,Skidding_and_Overturning,Hit_Object_in_Carriageway,Vehicle_Leaving_Carriageway,Hit_Object_off_Carriageway,1st_Point_of_Impact,Was_Vehicle_Left_Hand_Drive?,Journey_Purpose_of_Driver,Sex_of_Driver,Age_of_Driver,Age_Band_of_Driver,Engine_Capacity_(CC),Propulsion_Code,Age_of_Vehicle,Driver_IMD_Decile,Driver_Home_Area_Type,Vehicle_IMD_Decile
2018010127442,1,9,0,4,0,0,0,0,0,0,2,1,6,2,31,6,1124,1,17,10,1,10
2018010127442,2,1,0,4,0,0,2,0,0,0,3,1,2,1,28,6,-1,-1,-1,4,1,4
2018010127444,1,9,0,5,0,1,0,0,0,0,3,1,6,1,48,8,1598,1,7,2,1,2
2018010127445,1,9,0,18,0,0,0,0,0,0,2,1,6,2,36,7,1956,2,4,6,1,6
2018010127445,2,19,0,18,0,0,0,0,0,0,-1,1,6,3,-1,-1,2402,2,11,-1,-1,-1
2018010127451,1,3,0,-1,-1,-1,-1,-1,-1,-1,1,1,6,3,-1,-1,-1,-1,-1,-1,-1,-1
2018010127453,1,9,0,10,0,6,0,0,0,0,1,1,6,2,31,6,-1,-1,-1,3,1,3
2018010127453,2,2,0,18,0,1,0,0,0,0,1,1,1,1,24,5,108,1,1,10,1,10
2018010127454,1,9,0,2,0,0,0,0,7,0,4,1,6,3,-1,-1,1995,2,6,-1,-1,-1
2018010127454,2,9,0,18,0,0,2,4,0,0,1,1,2,2,64,9,1497,8,5,10,1,10
2018010127455,1,5,0,15,0,0,0,0,1,0,3,1,6,1,56,9,1157,1,19,2,1,2
2018010127456,1,9,0,5,0,6,0,0,0,0,1,1,6,3,-1,-1,1995,2,8,-1,-1,-1
2018010127460,1,1,0,4,0,1,0,0,0,0,0,1,2,1,46,8,-1,-1,-1,8,1,8
2018010127461,1,9,0,13,0,0,0,0,0,0,4,1,6,1,28,6,2143,2,4,3,1,3
2018010127461,2,3,0,15,0,0,0,0,0,0,3,1,6,1,52,8,124,1,8,1,1,1
2018010127470,1,9,0,5,4,0,0,0,0,0,1,1,6,1,28,6,1598,1,17,3,1,3
2018010127470,2,1,0,18,5,0,5,0,0,0,1,1,6,2,23,5,-1,-1,-1,3,1,3
2018010127471,1,9,0,18,0,2,0,0,0,0,4,1,6,1,18,4,1229,1,6,9,1,9
2018010127471,2,19,0,7,0,6,0,0,0,0,1,1,6,3,-1,-1,1995,2,10,-1,-1,-1
2018010127477,1,19,0,7,0,2,0,0,0,0,4,1,6,1,39,7,2148,2,13,3,1,3
2018010127478,1,11,0,18,0,0,0,0,0,0,0,1,1,1,48,8,2143,2,7,3,1,3
2018010127480,1,3,0,-1,-1,-1,-1,-1,-1,-1,-1,1,2,1,38,7,125,1,-1,3,1,3
2018010127480,2,9,0,-1,-1,-1,-1,-1,-1,-1,-1,-1,6,3,-1,-1,-1,-1,-1,-1,-1,-1
2018010127482,1,1,-1,-1,-1,-1,-1,-1,-1,-1,1,1,2,1,40,7,-1,-1,-1,2,1,2
2018010127482,2,9,0,-1,-1,-1,-1,-1,-1,-1,-1,-1,6,2,-1,-1,1242,1,2,-1,-1,-1
2018010127486,1,9,0,7,0,1,0,0,0,0,4,1,6,2,29,6,1461,2,2,2,1,2
2018010127486,2,1,0,18,0,1,0,0,0,0,3,1,6,1,29,6,-1,-1,-1,6,1,6
2018010127487,1,4,0,14,0,1,5,0,0,0,1,1,1,1,48,8,124,1,1,5,1,5
2018010127487,2,9,0,5,0,6,0,0,0,0,1,1,2,1,53,8,1497,8,-1,6,1,6
2018010127488,1,9,0,4,0,3,0,0,0,0,1,1,6,1,29,6,1598,1,12,6,2,6
2018010127490,1,3,0,18,2,1,0,0,0,0,1,1,2,1,32,6,865,1,4,8,1,8
2018010127491,1,9,0,18,0,1,0,0,0,0,1,1,6,1,20,4,1390,1,9,1,1,1
2018010127491,2,9,0,18,0,1,0,0,0,0,1,1,6,1,23,5,1242,1,12,4,1,4
2018010127492,1,3,0,18,0,8,0,0,0,0,1,1,2,1,21,5,108,1,-1,2,1,2
2018010127492,2,9,0,9,0,8,0,0,0,0,2,1,6,1,33,6,1388,1,14,1,1,1
2018010127493,1,9,0,18,0,1,0,10,6,10,1,1,2,1,37,7,1198,1,3,1,1,1
2018010127494,1,3,0,18,0,0,0,0,0,0,1,1,6,1,46,8,125,1,2,2,1,2
2018010127494,2,8,0,6,0,0,0,0,0,0,4,1,1,1,33,6,2143,2,4,6,1,6
2018010127495,1,9,0,-1,-1,-1,-1,-1,-1,-1,2,-1,6,1,-1,-1,1798,8,1,-1,-1,-1
2018010127496,1,9,0,14,0,1,0,0,0,0,1,1,6,1,23,5,1598,2,7,5,1,5
2018010127497,1,3,0,17,0,1,5,0,0,0,0,1,6,1,19,4,125,1,10,3,1,3
2018010127498,1,3,0,14,0,1,0,0,0,0,1,1,6,1,34,6,108,1,2,2,1,2
2018010127498,2,9,0,11,0,6,0,0,0,0,1,1,6,1,37,7,2979,1,14,2,1,2
2018010127500,1,9,0,2,0,0,0,0,0,0,2,1,6,3,-1,-1,1999,2,-1,-1,-1,-1
2018010127500,2,9,0,15,0,0,0,0,0,0,1,1,6,1,29,6,1598,1,4,9,1,9
2018010127502,1,9,0,9,0,6,0,0,0,0,1,1,6,2,65,9,1995,2,11,9,1,9
2018010127502,2,3,0,18,0,8,0,0,0,0,4,1,1,1,29,6,125,1,1,-1,-1,-1
2018010127503,1,11,0,4,0,0,0,0,0,0,0,1,1,1,42,7,5132,2,1,5,1,5
2018010127505,1,9,0,18,0,2,0,0,0,0,4,1,6,3,-1,-1,-1,-1,-1,-1,-1,-1
2018010127505,2,1,0,18,0,2,0,0,0,0,2,1,6,1,-1,-1,-1,-1,-1,5,1,5
2018010127510,1,2,0,18,-1,0,0,0,0,0,1,1,6,3,-1,-1,125,1,2,-1,-1,-1
2018010127511,1,9,0,18,0,1,0,0,0,0,3,1,6,2,52,8,1998,1,16,2,1,2
2018010127511,2,1,0,18,0,1,0,0,0,0,1,1,6,1,54,8,-1,-1,-1,3,1,3
2018010127515,1,4,0,18,0,1,1,0,0,0,1,1,2,1,29,6,798,1,9,5,1,5
2018010127515,2,9,0,9,0,1,0,0,0,0,4,1,2,1,33,6,2987,2,12,5,1,5
2018010127520,1,19,0,5,0,6,0,0,0,0,1,1,1,1,25,5,2143,2,3,2,1,2
2018010127520,2,3,0,17,0,1,0,0,0,0,1,1,2,2,33,6,124,1,9,3,1,3
2018010127521,1,9,0,5,0,6,0,0,0,0,1,1,6,1,36,7,-1,-1,-1,6,1,6
2018010127521,2,9,0,17,0,1,0,0,0,0,3,1,6,2,73,10,1395,1,3,8,1,8
2018010127522,1,9,0,-1,-1,-1,-1,-1,-1,-1,4,-1,6,1,34,6,1798,8,1,6,1,6
2018010127522,2,9,0,18,0,6,0,0,0,0,1,1,6,3,-1,-1,2143,2,-1,-1,-1,-1
2018010127527,1,9,0,15,0,0,0,0,0,0,1,1,2,1,24,5,1995,2,4,3,1,3
2018010127527,2,5,0,15,0,0,1,0,0,0,4,1,2,1,29,6,1170,1,4,2,1,2
2018010127531,1,11,-1,-1,-1,0,-1,-1,-1,0,-1,1,6,1,43,7,-1,-1,-1,-1,-1,-1
2018010127544,1,9,0,18,0,0,0,0,0,0,-1,-1,6,1,52,8,1995,2,5,2,1,2
2018010127551,1,9,-1,-1,0,-1,-1,-1,0,0,1,-1,6,1,39,7,1598,1,6,2,1,2
2018010127551,2,9,0,18,0,-1,0,-1,0,0,1,1,6,2,-1,-1,1598,1,11,7,1,7
2018010127558,1,9,0,2,0,0,0,0,0,0,3,1,6,3,-1,-1,999,1,1,-1,-1,-1
2018010127558,2,9,0,14,0,0,0,0,0,0,1,1,6,1,81,11,1396,1,7,9,1,9
2018010127561,1,1,-1,-1,-1,-1,-1,-1,-1,-1,1,1,6,2,30,6,-1,-1,-1,2,1,2
2018010127561,2,20,0,-1,-1,-1,-1,-1,-1,-1,-1,-1,6,3,-1,-1,-1,-1,-1,-1,-1,-1
2018010127563,1,9,0,7,0,8,0,0,0,0,1,1,6,2,71,10,1560,2,2,5,1,5
2018010127563,2,1,0,18,4,8,0,0,0,0,1,1,6,1,37,7,-1,-1,-1,2,1,2
2018010127564,1,9,0,18,0,2,1,0,7,4,1,1,6,1,58,9,2776,2,13,10,1,10
2018010127564,2,9,0,1,0,2,0,0,0,0,0,1,6,3,-1,-1,2457,1,16,-1,-1,-1
2018010127568,1,9,0,9,0,8,0,0,0,0,1,1,6,1,39,7,2143,2,5,1,1,1
2018010127568,2,1,0,18,0,8,0,0,0,0,1,1,2,1,33,6,-1,-1,-1,1,1,1
2018010127570,1,3,0,4,0,3,0,0,0,0,2,1,6,1,44,7,125,1,7,3,1,3
2018010127570,2,9,0,18,0,3,0,0,0,0,3,1,6,1,47,8,1997,2,1,8,1,8
2018010127576,1,11,0,9,0,8,0,0,0,0,0,1,1,1,66,10,6692,2,8,4,1,4
2018010127576,2,9,0,9,0,8,0,0,0,0,0,1,6,3,-1,-1,-1,-1,-1,-1,-1,-1
2018010127580,1,9,0,-1,-1,-1,-1,-1,-1,-1,-1,-1,6,2,28,6,1560,2,5,1,1,1
2018010127584,1,3,0,18,0,1,1,0,0,0,0,1,2,2,26,6,108,1,3,5,1,5
2018010127584,2,8,0,5,0,6,0,0,0,0,0,1,1,1,36,7,1797,8,8,3,1,3
2018010127586,1,9,0,4,9,0,0,4,0,0,1,1,6,1,86,11,1699,1,9,-1,-1,-1
2018010127586,2,9,0,2,9,0,0,0,0,0,4,1,6,3,-1,-1,1461,2,-1,-1,-1,-1
2018010127586,3,19,0,2,9,0,0,0,0,0,3,2,6,3,-1,-1,-1,-1,-1,-1,-1,-1
2018010127593,1,9,0,4,0,0,0,-1,0,0,2,-1,1,1,44,7,1997,2,7,7,1,7
2018010127593,2,9,0,18,0,0,0,-1,0,0,1,-1,6,3,-1,-1,-1,-1,-1,-1,-1,-1
2018010127595,1,9,0,9,0,5,0,0,0,0,4,1,6,1,72,10,875,1,5,8,1,8
2018010127595,2,3,0,14,0,8,0,0,0,0,2,1,1,1,27,6,125,1,1,5,1,5
2018010127596,1,9,0,-1,-1,-1,-1,-1,-1,-1,2,-1,6,1,38,7,1197,1,3,4,1,4
2018010127596,2,9,0,-1,-1,-1,-1,-1,-1,-1,2,-1,6,1,-1,-1,-1,-1,-1,-1,-1,-1
2018010127604,1,9,0,-1,-1,0,-1,-1,-1,-1,2,-1,6,1,57,9,1497,8,11,3,1,3
2018010127604,2,9,0,-1,-1,0,-1,-1,-1,-1,-1,-1,6,3,-1,-1,4398,1,14,-1,-1,-1
2018010127606,1,1,0,18,-1,-1,-1,-1,0,0,-1,1,6,1,33,6,-1,-1,-1,3,1,3
2018010127606,2,9,-1,18,0,-1,0,-1,-1,0,-1,2,6,3,-1,-1,-1,-1,-1,-1,-1,-1
2018010127609,1,9,0,16,0,0,0,0,0,0,1,1,6,1,66,10,2179,2,5,9,1,9
2018010127609,2,9,0,7,0,0,0,0,0,0,1,1,6,1,23,5,1910,2,10,9,1,9
2018010127610,1,9,0,4,0,5,0,0,0,0,1,1,2,1,59,9,2179,2,11,2,1,2
2018010127610,2,1,0,17,0,1,0,0,0,0,1,1,6,1,40,7,-1,-1,-1,3,1,3
2018010127613,1,1,-1,-1,-1,0,-1,-1,-1,-1,-1,1,6,2,16,4,-1,-1,-1,4,1,4
2018010127613,2,9,0,-1,-1,0,-1,-1,-1,-1,1,-1,6,3,-1,-1,-1,-1,-1,-1,-1,-1
2018010127614,1,3,0,15,0,0,0,0,0,0,1,1,6,1,39,7,108,1,10,3,1,3
2018010127614,2,9,0,6,0,0,0,0,0,0,3,1,6,2,28,6,1798,8,-1,1,1,1
2018010127617,1,1,-1,-1,-1,-1,-1,-1,-1,-1,-1,1,6,3,-1,-1,-1,-1,-1,-1,-1,-1
2018010127619,1,9,0,10,0,1,0,0,0,0,2,1,6,2,25,5,1149,1,8,9,1,9
2018010127619,2,19,0,16,0,1,0,0,0,0,1,1,1,1,23,5,1995,2,-1,3,1,3
2018010127621,1,9,0,7,0,4,0,0,0,0,1,1,6,2,30,6,1596,1,15,1,1,1
2018010127621,2,1,0,18,0,8,0,0,0,0,4,1,2,1,37,7,-1,-1,-1,9,1,9
2018010127624,1,9,0,-1,-1,-1,-1,-1,-1,-1,1,-1,2,2,24,5,1229,1,9,3,1,3
2018010127624,2,9,0,-1,-1,-1,-1,-1,-1,-1,-1,-1,6,3,-1,-1,-1,-1,-1,-1,-1,-1
2018010127625,1,9,0,18,0,8,0,0,0,0,1,1,6,1,32,6,2967,2,8,2,1,2
2018010127625,2,9,0,18,0,8,0,0,0,0,1,1,6,2,30,6,1999,2,-1,8,1,8
2018010127626,1,11,0,18,0,0,0,0,0,0,0,1,1,1,49,8,5132,2,3,2,1,2
2018010127626,2,9,0,11,0,0,0,0,0,0,0,1,6,3,-1,-1,-1,-1,-1,-1,-1,-1
2018010127628,1,4,0,18,0,0,0,7,0,0,1,1,2,1,52,8,999,1,3,8,1,8
2018010127628,2,9,0,7,0,0,0,0,0,0,1,1,2,1,32,6,1398,1,8,7,1,7
2018010127629,1,3,0,18,0,1,5,0,0,0,1,1,1,1,39,7,108,1,5,2,1,2
2018010127629,2,19,0,18,0,1,0,0,0,0,1,1,1,1,55,8,2198,2,7,3,1,3
2018010127632,1,9,0,-1,-1,0,-1,-1,-1,-1,1,-1,2,1,37,7,999,1,3,3,1,3
2018010127632,2,9,0,-1,-1,0,-1,-1,-1,-1,2,-1,6,3,-1,-1,-1,-1,-1,-1,-1,-1
2018010127634,1,11,0,5,0,2,0,0,0,0,0,1,1,1,53,8,4500,2,2,6,1,6
2018010127635,1,4,0,18,0,1,0,0,0,0,4,1,6,1,26,6,599,1,7,4,1,4
2018010127635,2,9,0,9,0,8,0,0,0,0,3,1,6,3,-1,-1,1995,2,6,-1,-1,-1
2018010127636,1,9,0,9,0,5,0,0,0,0,3,1,6,2,40,7,1598,2,4,4,1,4
2018010127636,2,5,0,18,0,1,0,0,0,0,1,1,1,1,33,6,806,1,3,2,1,2
2018010127641,1,2,0,15,0,8,0,4,0,0,1,1,6,1,19,4,-1,-1,-1,1,1,1
2018010127641,2,19,0,2,0,1,0,0,0,0,1,1,6,3,-1,-1,2461,2,9,-1,-1,-1
2018010127642,1,9,0,7,2,5,0,0,0,0,4,1,6,1,69,10,1997,2,6,7,1,7
2018010127642,2,3,0,18,2,1,0,0,0,0,1,1,1,1,43,7,125,1,-1,3,1,3
2018010127643,1,11,0,18,2,0,0,0,0,0,0,1,1,1,54,8,-1,-1,-1,5,1,5
2018010127647,1,9,0,18,0,8,0,0,0,0,1,1,6,2,35,6,1995,1,9,7,1,7
2018010127647,2,9,0,9,0,8,0,0,0,0,1,1,6,1,84,11,1242,1,10,9,1,9
2018010127648,1,1,-1,-1,-1,-1,-1,-1,-1,-1,1,1,2,1,30,6,-1,-1,-1,2,1,2
2018010127648,2,9,-1,-1,-1,-1,-1,-1,-1,-1,1,-1,6,3,53,8,-1,-1,-1,2,1,2
2018010127651,1,8,0,18,0,1,0,0,0,0,1,1,1,1,35,6,1798,8,1,2,1,2
2018010127652,1,8,0,3,0,1,0,0,0,0,3,1,1,1,62,9,1798,8,1,1,1,1
2018010127653,1,11,0,17,0,1,0,0,0,0,1,1,1,1,34,6,6700,2,9,3,1,3
2018010127653,2,2,0,9,0,6,0,0,0,0,3,1,6,1,29,6,124,1,3,2,1,2
2018010127654,1,5,0,18,9,1,0,0,0,0,1,1,6,1,61,9,1251,1,15,3,1,3
2018010127654,2,9,0,18,0,1,0,0,0,0,1,1,6,3,-1,-1,1389,1,12,-1,-1,-1
2018010127655,1,9,0,18,0,8,0,0,0,0,1,1,1,2,27,6,1398,1,1,-1,-1,-1
2018010127656,1,8,0,18,9,0,0,0,0,0,0,1,1,1,44,7,1798,8,2,2,1,2
2018010127660,1,9,0,4,0,0,0,0,0,0,2,1,6,1,36,7,1791,8,7,1,1,1
2018010127660,2,9,0,4,0,0,0,0,0,0,0,1,1,1,37,7,647,8,-1,9,1,9
2018010127661,1,90,0,-1,-1,-1,-1,-1,-1,-1,-1,-1,6,3,-1,-1,-1,-1,-1,-1,-1,-1
2018010127664,1,9,0,18,0,1,0,0,0,0,3,1,6,3,-1,-1,-1,-1,-1,-1,-1,-1
2018010127664,2,1,0,3,0,1,0,0,0,0,1,1,6,1,19,4,-1,-1,-1,4,1,4
2018010127665,1,5,0,5,0,2,0,0,0,0,1,1,1,1,41,7,108,1,1,4,1,4
2018010127665,2,9,0,9,0,2,0,0,0,0,1,1,6,2,20,4,1995,2,4,1,1,1
2018010127668,1,9,0,3,0,1,0,0,0,0,3,1,2,1,30,6,2499,1,11,6,1,6
2018010127668,2,1,0,14,0,1,0,0,0,0,3,1,6,1,44,7,-1,-1,-1,7,1,7
2018010127669,1,9,0,18,0,1,0,0,0,0,1,1,6,3,-1,-1,1590,1,12,-1,-1,-1
2018010127669,2,9,0,3,0,1,0,0,0,0,2,1,1,1,38,7,1999,7,2,3,1,3
2018010127671,1,3,0,18,0,1,0,0,0,0,1,1,6,3,-1,-1,-1,-1,-1,-1,-1,-1
2018010127678,1,9,0,9,0,5,0,0,0,0,3,1,6,1,44,7,2967,2,8,8,1,8
2018010127678,2,3,0,18,0,1,0,0,0,0,1,1,2,1,40,7,124,1,-1,5,1,5
2018010127679,1,9,0,18,0,8,0,0,0,0,1,1,6,3,-1,-1,-1,-1,-1,-1,-1,-1
2018010127680,1,3,0,18,0,2,0,0,0,0,4,1,6,1,21,5,125,1,-1,1,1,1
2018010127680,2,9,0,18,0,1,0,0,0,0,1,1,6,3,-1,-1,1149,1,12,-1,-1,-1
2018010127682,1,9,0,8,0,1,0,0,0,0,4,1,6,2,59,9,1995,2,-1,7,1,7
2018010127682,2,5,0,18,0,1,0,0,0,0,1,1,6,1,42,7,998,1,13,6,1,6
2018010127685,1,8,0,4,0,1,0,0,0,0,2,1,1,1,46,8,1497,8,9,3,1,3
2018010127685,2,9,0,18,0,1,0,0,0,0,1,1,6,1,28,6,2979,1,3,4,1,4
2018010127690,1,9,0,18,0,0,1,0,0,0,1,1,6,1,21,5,1560,2,6,2,1,2
2018010127690,2,9,0,18,0,0,1,0,2,4,2,1,6,1,48,8,1360,1,8,4,1,4
2018010127690,3,19,0,11,0,0,0,0,0,0,4,1,6,3,-1,-1,-1,-1,-1,-1,-1,-1
2018010127691,1,9,0,10,0,1,0,0,0,0,0,1,6,1,31,6,1796,1,9,1,1,1
2018010127691,2,3,0,18,0,1,1,0,0,0,0,1,6,1,17,4,125,1,1,2,1,2
2018010127692,1,9,0,18,0,0,0,11,7,2,1,1,6,1,28,6,-1,-1,-1,-1,-1,-1
2018010127701,1,9,0,7,0,3,0,0,0,0,2,1,2,1,40,7,2191,2,2,2,1,2
2018010127701,2,9,0,5,0,8,0,0,0,0,1,1,6,3,-1,-1,-1,-1,-1,-1,-1,-1
2018010127705,1,19,0,1,9,1,0,0,0,0,2,1,6,3,-1,-1,2402,2,12,-1,-1,-1
2018010127711,1,9,0,18,0,0,0,0,0,0,1,1,6,2,36,7,1598,2,5,3,1,3
2018010127711,2,9,0,4,0,0,0,0,0,0,2,1,2,1,39,7,1560,2,3,2,1,2
2018010127717,1,11,0,5,0,0,0,0,1,0,1,1,1,2,55,8,4500,2,6,5,1,5
2018010127719,1,5,0,5,0,1,0,0,0,0,3,1,1,1,42,7,745,1,1,2,1,2
2018010127719,2,9,0,5,0,2,0,0,0,0,0,1,1,1,41,7,3200,2,2,-1,-1,-1
2018010127719,3,9,0,5,0,2,0,0,0,0,1,1,6,1,25,5,998,1,9,6,1,6
2018010127720,1,1,-1,-1,-1,-1,-1,-1,-1,-1,1,1,2,1,28,6,-1,-1,-1,1,1,1
2018010127720,2,20,0,-1,-1,-1,-1,-1,-1,-1,1,-1,6,3,-1,-1,-1,-1,-1,10,1,10
2018010127723,1,9,0,9,0,5,0,0,0,0,3,1,2,1,26,6,1596,1,17,1,1,1
2018010127723,2,3,0,18,0,8,0,0,0,0,1,1,6,3,-1,-1,124,1,9,-1,-1,-1
2018010127725,1,11,0,18,0,1,0,0,0,0,4,1,1,1,42,7,4500,2,2,2,1,2
2018010127725,2,11,0,3,0,6,0,0,0,0,2,1,1,2,27,6,6700,2,9,1,1,1
2018010127726,1,9,0,17,0,8,0,0,0,0,1,1,6,1,33,6,2962,1,26,7,1,7
2018010127726,2,9,0,16,0,1,0,0,0,0,1,1,6,1,20,4,1598,2,7,5,1,5
2018010127734,1,9,0,18,0,0,0,0,0,0,1,1,6,1,58,9,1596,1,13,5,1,5
2018010127734,2,9,0,3,0,0,0,0,0,0,2,1,1,1,46,8,1796,1,15,2,1,2
2018010127735,1,9,5,9,0,5,0,0,4,1,4,1,6,1,82,11,1198,1,14,2,1,2
2018010127735,2,9,0,18,0,1,0,0,0,0,1,1,6,1,41,7,1798,8,-1,5,1,5
2018010127737,1,9,0,18,0,0,0,0,0,0,1,1,6,3,-1,-1,-1,-1,-1,-1,-1,-1
2018010127739,1,9,0,5,0,0,0,0,0,0,1,1,6,1,48,8,1999,2,3,10,1,10
2018010127739,2,1,0,18,0,0,0,0,0,0,1,1,6,1,21,5,-1,-1,-1,3,1,3
2018010127745,1,9,0,9,0,8,0,0,0,0,4,1,6,1,30,6,1991,8,2,6,1,6
2018010127745,2,3,0,18,0,8,0,0,0,0,1,1,6,1,41,7,125,1,2,5,1,5
2018010127747,1,9,0,18,0,1,0,0,0,0,1,1,6,2,30,6,1598,1,12,-1,-1,-1
2018010127747,2,9,0,18,0,1,0,0,0,0,3,1,6,1,53,8,999,1,1,8,1,8
2018010127747,3,9,0,18,0,1,0,0,0,0,1,1,6,2,31,6,1598,2,1,-1,-1,-1
2018010127752,1,1,-1,-1,-1,-1,-1,-1,-1,-1,1,1,2,1,31,6,-1,-1,-1,5,2,5
2018010127752,2,9,0,-1,-1,-1,-1,-1,-1,-1,1,-1,6,3,-1,-1,1995,2,12,3,1,3
2018010127755,1,9,0,-1,-1,-1,-1,-1,-1,-1,-1,-1,6,1,34,6,2993,2,12,8,1,8
2018010127755,2,9,0,-1,-1,-1,-1,-1,-1,-1,1,-1,6,3,-1,-1,998,1,-1,8,1,8
2018010127757,1,9,0,6,0,1,1,0,6,0,3,1,6,1,30,6,1984,1,1,4,1,4
2018010127757,2,9,0,4,0,1,0,0,4,0,1,1,6,1,63,9,4806,1,9,2,1,2
2018010127759,1,9,0,17,0,0,0,0,0,0,1,1,6,1,18,4,898,1,3,3,1,3
2018010127759,2,9,0,3,0,0,0,0,0,0,2,1,6,2,27,6,999,1,5,5,1,5
2018010127759,3,9,0,2,0,0,0,0,0,0,2,1,6,3,-1,-1,1997,2,5,-1,-1,-1
2018010127761,1,9,0,18,0,0,0,0,0,0,1,1,6,2,45,7,1248,2,11,3,1,3
2018010127761,2,9,0,14,0,0,0,0,0,0,1,1,6,1,34,6,2993,2,1,4,1,4
2018010127761,3,9,0,2,0,0,0,0,0,0,3,1,6,3,-1,-1,1560,2,7,-1,-1,-1
2018010127763,1,11,0,5,0,1,0,0,0,0,0,1,1,1,47,8,5132,2,1,2,1,2
2018010127765,1,9,0,13,0,1,0,0,0,0,3,1,6,3,-1,-1,-1,-1,-1,-1,-1,-1
2018010127765,2,1,0,18,0,1,0,0,7,0,4,1,6,1,46,8,-1,-1,-1,2,1,2
2018010127766,1,1,-1,-1,-1,0,-1,-1,-1,-1,-1,1,2,1,50,8,-1,-1,-1,8,1,8
2018010127766,2,19,0,-1,-1,0,-1,-1,-1,-1,-1,-1,6,3,-1,-1,1461,2,1,-1,-1,-1
2018010127772,1,9,0,-1,-1,-1,-1,-1,-1,-1,1,-1,6,2,72,10,-1,-1,-1,2,1,2
2018010127773,1,9,0,18,0,0,0,0,0,0,2,1,6,1,47,8,1797,8,6,4,1,4
2018010127773,2,9,0,18,0,0,0,0,0,0,1,1,6,1,40,7,1998,1,2,3,1,3
2018010127775,1,9,0,9,0,8,0,0,0,0,1,1,1,2,52,8,1798,8,2,3,1,3
2018010127775,2,1,0,15,0,8,0,0,0,0,1,1,6,1,36,7,-1,-1,-1,3,1,3
2018010127779,1,9,0,9,0,6,0,0,0,0,1,1,1,1,48,8,-1,-1,-1,1,1,1
2018010127779,2,1,0,5,0,1,0,0,0,0,1,1,2,1,61,9,-1,-1,-1,2,1,2
2018010127780,1,5,0,12,0,0,2,0,0,0,1,1,6,1,20,4,689,1,4,10,1,10
2018010127780,2,9,0,18,0,0,0,0,0,0,2,1,6,1,45,7,1797,8,8,3,1,3
2018010127782,1,9,0,5,0,0,0,0,0,0,0,1,6,2,50,8,1800,1,18,-1,-1,-1
2018010127782,2,3,0,18,0,0,1,0,0,0,0,1,1,1,40,7,108,1,1,9,1,9
2018010127791,1,9,0,18,0,1,0,0,0,0,1,1,6,1,25,5,1600,1,11,2,1,2
2018010127791,2,5,0,18,0,2,0,0,0,0,1,1,6,1,38,7,999,1,7,3,1,3
2018010127792,1,9,0,18,0,8,0,0,0,0,0,1,6,2,44,7,1560,2,3,9,2,9
2018010127792,2,9,0,18,0,8,0,0,4,1,1,1,2,2,61,9,1399,1,2,2,1,2
2018010127795,1,9,0,18,0,0,0,0,0,0,2,1,6,1,44,7,-1,-1,-1,-1,-1,-1
2018010127795,2,9,0,4,0,0,0,0,0,0,1,1,6,2,57,9,1797,8,7,3,1,3
2018010127799,1,9,0,3,0,1,0,0,0,0,2,1,6,1,47,8,1997,1,9,3,1,3
2018010127799,2,11,0,4,0,1,0,0,0,0,1,1,1,1,50,8,4500,2,1,4,1,4
2018010127801,1,9,0,18,0,3,0,0,0,0,0,1,6,1,49,8,1595,1,-1,7,2,7
2018010127801,2,9,0,11,0,3,0,0,0,0,0,1,6,2,27,6,1248,2,6,2,1,2
2018010127803,1,9,0,12,0,2,0,0,0,0,1,1,6,1,34,6,1969,2,-1,3,-1,3
2018010127803,2,9,0,12,0,2,1,10,5,1,4,1,6,1,28,6,998,1,1,7,1,7
2018010127805,1,9,0,18,0,0,0,0,0,0,1,1,6,1,36,7,1386,1,15,1,1,1
2018010127806,1,9,0,18,0,2,0,0,0,0,4,1,6,1,30,6,698,1,15,4,1,4
2018010127814,1,4,0,18,0,2,0,0,0,0,2,1,6,1,20,4,125,1,-1,2,1,2
2018010127814,2,9,0,18,0,8,0,0,0,0,1,1,6,3,-1,-1,-1,-1,-1,-1,-1,-1
2018010127817,1,9,0,4,0,8,0,0,0,0,2,1,6,1,37,7,3311,8,10,3,1,3
2018010127817,2,9,0,4,0,8,0,0,0,0,1,1,6,2,28,6,1240,1,13,4,1,4
2018010127820,1,9,0,18,0,8,0,0,0,0,1,1,6,3,-1,-1,-1,-1,-1,-1,-1,-1
2018010127820,2,1,0,5,0,1,0,0,0,0,1,1,6,2,23,5,-1,-1,-1,5,1,5
2018010127822,1,8,0,18,0,0,1,0,0,0,2,1,1,1,74,10,1798,1,9,7,1,7
2018010127822,2,9,0,18,0,0,1,0,0,0,1,1,6,1,58,9,1395,1,2,3,1,3
2018010127822,3,9,0,18,0,0,0,0,0,0,1,1,6,3,-1,-1,-1,-1,-1,-1,-1,-1
2018010127824,1,9,0,-1,-1,-1,-1,-1,-1,-1,1,-1,6,1,33,6,1596,1,16,2,1,2
2018010127824,2,9,0,-1,-1,-1,-1,-1,-1,-1,-1,-1,6,3,-1,-1,1598,2,6,-1,1,-1
2018010127825,1,9,0,5,-1,1,0,0,-1,0,4,-1,6,3,-1,-1,1995,2,13,-1,-1,-1
2018010127829,1,9,0,3,0,0,0,0,0,0,1,1,6,1,38,7,1596,1,11,1,1,1
2018010127830,1,2,0,18,0,1,0,0,0,0,1,1,6,1,26,6,102,1,11,5,1,5
2018010127830,2,9,0,18,0,1,0,0,0,0,1,1,6,3,-1,-1,-1,-1,-1,-1,-1,-1