Accident_Index,Vehicle_Reference,Vehicle_Type,Towing_and_Articulation,Vehicle_Manoeuvre,Vehicle_Location-Restricted_Lane,Junction_Location,Skidding_and_Overturning,Hit_Object_in_Carriageway,Vehicle_Leaving_Carriageway,Hit_Object_off_Carriageway,1st_Point_of_Impact,Was_Vehicle_Left_Hand_Drive?,Journey_Purpose_of_Driver,Sex_of_Driver,Age_of_Driver,Age_Band_of_Driver,Engine_Capacity_(CC),Propulsion_Code,Age_of_Vehicle,Driver_IMD_Decile,Driver_Home_Area_Type,Vehicle_IMD_Decile
2018010128291,1,9,0,9,0,1,0,0,0,0,1,1,1,1,29,6,1798,8,4,-1,-1,-1
2018010128291,2,1,0,9,0,1,0,0,0,0,1,1,6,1,65,9,-1,-1,-1,6,1,6
2018010128301,1,9,0,18,0,1,0,0,0,0,3,1,6,3,-1,-1,-1,-1,-1,-1,-1,-1
2018010128302,1,9,0,3,0,1,0,0,0,0,2,1,2,2,48,8,1781,1,15,7,1,7
2018010128302,2,9,0,5,0,4,0,0,0,0,1,1,6,1,25,5,-1,-1,-1,3,1,3
2018010128304,1,9,0,5,0,0,0,0,0,0,1,1,6,1,42,7,2996,1,8,5,1,5
2018010128306,1,9,0,2,0,8,0,0,0,0,2,1,6,3,-1,-1,1598,1,9,-1,-1,-1
2018010128306,2,9,0,18,0,8,0,4,0,0,1,1,6,1,27,6,1560,2,5,7,1,7
2018010128308,1,5,0,-1,-1,0,-1,-1,-1,-1,-1,1,2,1,42,7,750,1,10,4,1,4
2018010128308,2,3,0,-1,-1,0,-1,-1,-1,-1,-1,1,6,3,18,4,124,1,11,2,1,2
2018010128308,3,9,0,-1,-1,0,-1,-1,-1,-1,2,-1,6,3,-1,-1,1997,1,6,6,1,6
2018010128313,1,9,0,9,0,8,0,0,0,0,1,1,6,3,-1,-1,-1,-1,-1,-1,-1,-1
2018010128313,2,1,0,18,0,8,5,0,0,0,1,1,6,2,24,5,-1,-1,-1,5,1,5
2018010128314,1,9,0,9,0,8,0,0,0,0,0,1,6,1,28,6,1461,2,2,4,1,4
2018010128314,2,90,0,18,0,8,0,0,0,0,1,1,6,1,18,4,-1,-1,-1,7,1,7
2018010128318,1,9,0,18,0,0,1,0,7,0,1,1,6,1,37,7,1994,2,14,3,1,3
2018010128318,2,9,0,2,9,0,0,0,0,0,1,1,6,3,-1,-1,1395,1,5,-1,-1,-1
2018010128320,1,9,0,18,0,0,0,0,0,0,4,1,6,1,40,7,2493,8,5,4,1,4
2018010128321,1,9,0,18,0,1,0,0,0,0,1,1,6,3,-1,-1,-1,-1,-1,-1,-1,-1
2018010128323,1,9,0,-1,-1,0,-1,-1,-1,-1,2,-1,6,1,30,6,1798,8,2,3,1,3
2018010128323,2,9,0,-1,-1,0,-1,-1,-1,-1,1,-1,6,3,-1,-1,1596,1,14,-1,-1,-1
2018010128327,1,9,0,18,0,1,0,0,0,0,1,1,6,3,-1,-1,1598,2,2,-1,-1,-1
2018010128327,2,4,0,9,0,8,2,0,0,0,2,1,2,1,29,6,125,1,5,8,1,8
2018010128333,1,3,0,18,0,1,1,7,0,0,1,1,6,1,28,6,108,1,7,3,1,3
2018010128336,1,1,-1,-1,-1,0,-1,-1,-1,0,-1,1,6,2,-1,-1,-1,-1,-1,3,1,3
2018010128336,2,9,-1,-1,-1,0,-1,-1,-1,0,-1,-1,6,3,-1,-1,-1,-1,-1,-1,-1,-1
2018010128339,1,11,0,17,0,4,0,0,0,0,0,1,1,1,32,6,6696,2,5,2,1,2
2018010128345,1,11,0,-1,0,0,-1,-1,0,0,0,-1,1,1,50,8,6700,2,10,4,1,4
2018010128354,1,9,0,-1,0,0,0,0,0,0,1,1,6,3,-1,-1,-1,-1,-1,-1,-1,-1
2018010128356,1,9,0,18,0,1,0,0,0,0,1,1,6,1,28,6,1997,2,6,2,1,2
2018010128368,1,3,-1,-1,-1,-1,-1,-1,-1,-1,1,1,2,2,33,6,108,1,5,4,1,4
2018010128368,2,9,-1,-1,-1,-1,-1,-1,-1,-1,1,-1,6,3,-1,-1,1997,1,4,-1,-1,-1
2018010128374,1,1,-1,-1,-1,-1,-1,-1,-1,-1,-1,1,6,1,57,9,-1,-1,-1,7,1,7
2018010128374,2,9,-1,6,-1,-1,-1,-1,-1,-1,-1,-1,6,1,-1,-1,1560,2,5,9,1,9
2018010128381,1,1,-1,-1,-1,-1,-1,-1,-1,-1,1,1,2,1,36,7,-1,-1,-1,5,3,5
2018010128381,2,9,0,-1,-1,-1,-1,-1,-1,-1,1,-1,6,3,33,6,1395,1,2,4,1,4
2018010128383,1,9,0,18,9,0,1,10,1,1,1,1,6,2,37,7,1397,1,10,3,1,3
2018010128391,1,9,-1,10,0,5,-1,0,0,0,0,1,6,2,39,7,2488,2,9,6,1,6
2018010128393,1,9,0,18,0,1,0,10,0,0,3,1,6,1,42,7,1598,1,6,4,1,4
2018010128393,2,9,0,18,0,2,0,10,0,0,1,1,6,1,29,6,1596,1,12,2,1,2
2018010128396,1,4,0,14,0,0,0,0,0,0,2,1,6,1,37,7,125,1,-1,5,1,5
2018010128399,1,1,-1,-1,-1,-1,-1,-1,-1,-1,1,1,2,2,26,6,-1,-1,-1,2,1,2
2018010128399,2,9,0,-1,-1,-1,-1,-1,-1,-1,-1,-1,6,3,-1,-1,-1,-1,-1,-1,-1,-1
2018010128400,1,21,0,3,0,0,0,4,0,0,1,1,6,1,52,8,-1,-1,-1,2,1,2
2018010128400,2,9,0,2,0,0,0,0,0,0,3,1,6,3,-1,-1,2199,2,1,-1,-1,-1
2018010128402,1,9,0,3,0,8,0,0,0,0,1,1,1,1,30,6,-1,3,5,8,1,8
2018010128402,2,4,0,3,0,6,5,0,0,0,2,1,1,1,60,9,400,1,6,10,1,10
2018010128404,1,9,0,-1,-1,-1,-1,-1,-1,-1,2,-1,2,1,42,7,-1,-1,-1,4,1,4
2018010128404,2,9,0,-1,-1,-1,-1,-1,-1,-1,-1,-1,6,3,-1,-1,1390,1,17,-1,-1,-1
2018010128406,1,9,0,3,0,3,0,0,0,0,2,1,6,1,32,6,1398,1,6,4,1,4
2018010128406,2,9,0,18,0,3,0,0,0,0,1,1,6,2,46,8,1328,1,8,2,1,2
2018010128407,1,9,0,18,9,5,0,0,-1,0,1,-1,6,3,-1,-1,-1,-1,-1,-1,-1,-1
2018010128414,1,3,0,18,0,0,0,0,0,0,4,1,6,1,29,6,124,1,1,3,1,3
2018010128414,2,19,0,18,0,0,0,0,0,0,4,1,1,1,38,7,1560,2,1,5,2,5
2018010128414,3,20,1,18,0,0,0,0,0,0,3,1,6,3,-1,-1,-1,-1,-1,-1,-1,-1
2018010128415,1,8,0,6,0,0,0,0,0,0,1,1,6,1,49,8,2967,2,4,6,1,6
2018010128415,2,5,0,18,0,0,5,0,0,0,1,1,6,1,70,10,955,1,18,1,1,1
2018010128419,1,5,0,18,0,1,0,0,0,0,1,1,6,1,42,7,-1,-1,-1,-1,-1,-1
2018010128422,1,9,0,18,0,8,1,0,1,0,1,1,6,2,84,11,1870,2,19,10,1,10
2018010128422,2,9,0,9,0,2,1,0,0,0,1,1,6,1,40,7,1798,8,1,3,1,3
2018010128426,1,9,0,16,0,2,0,0,0,0,1,2,6,3,-1,-1,1328,1,11,-1,-1,-1
2018010128429,1,9,0,18,0,1,0,0,0,0,1,1,6,2,41,7,2720,2,10,2,1,2
2018010128429,2,90,0,5,0,6,0,0,0,0,3,1,6,1,61,9,-1,-1,-1,2,1,2
2018010128430,1,9,0,18,0,0,0,0,0,0,1,-1,6,2,39,7,1328,1,11,1,1,1
2018010128430,2,9,-1,-1,0,0,-1,0,0,0,1,-1,6,3,-1,-1,1461,2,12,-1,-1,-1
2018010128433,1,9,0,-1,-1,-1,-1,-1,-1,-1,-1,-1,6,1,26,6,1587,1,14,1,1,1
2018010128433,2,20,0,-1,-1,-1,-1,-1,-1,-1,-1,-1,6,3,-1,-1,-1,-1,-1,8,1,8
2018010128435,1,9,0,10,0,1,0,0,0,0,3,2,6,1,48,8,1997,2,7,3,1,3
2018010128435,2,3,0,13,0,1,0,4,0,0,1,1,6,1,53,8,600,1,12,2,1,2
2018010128436,1,9,0,6,0,8,0,0,0,0,1,-1,2,2,31,6,998,1,9,-1,-1,-1
2018010128436,2,9,0,18,0,8,0,0,0,0,1,-1,6,3,-1,-1,1997,2,11,-1,-1,-1
2018010128438,1,1,-1,-1,-1,-1,-1,-1,-1,-1,1,1,2,1,37,7,-1,-1,-1,2,1,2
2018010128438,2,8,0,-1,-1,-1,-1,-1,-1,-1,1,-1,6,3,-1,-1,1997,2,3,-1,-1,-1
2018010128441,1,9,0,3,0,1,0,0,0,0,4,1,6,1,19,4,1198,1,11,2,1,2
2018010128441,2,1,0,15,0,1,0,0,0,0,1,1,6,1,51,8,-1,-1,-1,2,1,2
2018010128445,1,9,0,-1,-1,-1,-1,-1,-1,-1,-1,-1,6,1,36,7,1997,2,1,5,1,5
2018010128445,2,9,-1,-1,0,-1,-1,-1,-1,-1,-1,-1,6,1,21,5,1398,1,13,4,1,4
2018010128448,1,9,-1,3,0,1,-1,0,0,0,2,-1,6,1,61,9,1796,1,7,-1,-1,-1
2018010128448,2,9,-1,-1,0,1,-1,0,0,0,1,-1,6,3,-1,-1,1995,2,6,-1,-1,-1
2018010128464,1,3,0,18,0,1,0,0,0,0,1,1,6,1,22,5,108,1,4,4,1,4
2018010128466,1,9,0,-1,-1,-1,-1,-1,-1,-1,2,-1,6,3,43,7,1995,2,5,4,1,4
2018010128469,1,1,0,18,0,0,0,0,0,0,1,1,6,1,18,4,-1,-1,-1,5,1,5
2018010128469,2,9,0,18,0,0,0,0,0,0,4,1,6,3,18,4,-1,-1,-1,-1,-1,-1
2018010128470,1,9,0,18,0,1,0,0,0,0,2,1,1,1,64,9,1998,1,16,2,1,2
2018010128470,2,5,0,18,0,1,0,0,0,0,1,1,1,1,54,8,1783,1,9,2,1,2
2018010128471,1,11,0,3,2,0,0,0,0,0,0,1,6,3,-1,-1,4461,2,4,-1,-1,-1
2018010128477,1,9,0,4,0,0,0,0,0,0,2,1,6,1,31,6,1968,2,3,3,1,3
2018010128477,2,9,0,12,0,0,0,0,0,0,1,1,6,1,24,5,1995,2,12,2,1,2
2018010128484,1,9,0,6,0,1,0,0,0,0,4,1,6,1,45,7,1397,1,15,1,1,1
2018010128484,2,20,0,4,0,1,0,0,0,0,1,1,1,1,49,8,12740,2,4,3,1,3
2018010128490,1,9,0,3,0,5,0,0,0,0,2,1,6,1,44,7,1995,2,9,4,1,4
2018010128490,2,9,0,18,0,5,0,0,0,0,1,1,6,1,28,6,2720,2,11,6,1,6
2018010128491,1,21,1,18,0,1,0,0,0,0,4,1,1,1,49,8,12900,2,4,7,3,7
2018010128491,2,1,0,15,0,1,0,0,0,0,3,1,6,2,27,6,-1,-1,-1,2,1,2
2018010128492,1,11,0,4,0,2,0,0,0,0,0,1,1,1,41,7,4500,2,1,2,1,2
2018010128495,1,9,0,-1,-1,-1,-1,-1,-1,-1,-1,-1,6,2,25,5,2967,2,4,2,1,2
2018010128495,2,9,0,-1,-1,-1,-1,-1,-1,-1,-1,-1,6,3,-1,-1,-1,-1,-1,-1,-1,-1
2018010128496,1,9,0,9,0,2,0,0,0,0,1,1,6,2,31,6,1399,1,-1,6,1,6
2018010128496,2,3,0,18,0,2,0,0,0,0,3,1,2,1,33,6,124,1,28,2,1,2
2018010128499,1,9,0,7,4,8,0,0,0,0,3,1,6,2,53,8,1796,1,8,6,1,6
2018010128499,2,1,0,18,4,8,0,0,0,0,4,1,2,2,27,6,-1,-1,-1,3,1,3
2018010128502,1,1,-1,-1,-1,-1,-1,-1,-1,-1,-1,1,2,2,34,6,-1,-1,-1,3,1,3
2018010128502,2,9,0,-1,-1,-1,-1,-1,-1,-1,1,-1,6,3,49,8,1968,2,10,9,1,9
2018010128505,1,9,0,9,0,0,0,0,0,0,0,1,2,1,45,7,1399,1,-1,3,1,3
2018010128505,2,3,0,18,0,0,0,0,0,0,1,1,1,1,18,4,124,1,-1,3,1,3
2018010128506,1,9,0,9,0,5,0,0,0,0,3,1,1,1,42,7,1386,1,10,4,1,4
2018010128506,2,3,0,13,0,1,5,0,0,0,1,1,2,1,25,5,125,1,6,4,1,4
2018010128507,1,9,0,18,0,0,0,0,0,0,4,1,1,1,30,6,2993,2,3,3,1,3
2018010128507,2,2,0,18,0,0,1,0,1,0,3,1,6,1,27,6,49,1,17,2,1,2
2018010128510,1,9,0,-1,-1,-1,-1,-1,-1,-1,-1,-1,6,2,29,6,1388,1,12,8,1,8
2018010128510,2,20,0,-1,-1,-1,-1,-1,-1,-1,2,-1,6,3,-1,-1,-1,-1,-1,-1,-1,-1
2018010128510,3,9,0,-1,-1,-1,-1,-1,-1,-1,1,-1,6,3,-1,-1,2143,2,-1,-1,-1,-1
2018010128511,1,5,0,12,0,0,2,10,0,0,0,1,2,1,28,6,998,1,8,-1,-1,-1
2018010128513,1,5,0,18,0,1,0,0,0,0,1,1,2,1,22,5,645,1,15,-1,-1,-1
2018010128513,2,1,0,9,0,1,0,0,0,0,3,1,6,2,23,5,-1,-1,-1,5,1,5
2018010128515,1,9,0,13,0,1,0,0,7,4,1,1,6,3,28,6,2143,2,3,-1,-1,-1
2018010128515,2,9,0,2,9,2,0,0,0,0,2,1,6,3,-1,-1,1598,2,6,-1,-1,-1
2018010128515,3,9,0,9,0,1,0,0,0,0,1,1,6,2,53,8,1329,1,9,7,1,7
2018010128517,1,9,0,10,0,6,0,0,0,0,4,1,6,1,47,8,1388,1,15,3,1,3
2018010128517,2,1,0,18,0,1,0,0,0,0,1,1,6,1,24,5,-1,-1,-1,5,1,5
2018010128518,1,9,0,18,0,0,1,10,1,2,4,1,6,1,18,4,1229,1,3,9,1,9
2018010128518,2,19,0,18,0,0,0,0,0,0,3,1,1,1,65,9,2143,2,3,7,1,7
2018010128519,1,9,0,5,0,1,0,0,0,0,4,1,6,1,30,6,1997,2,14,2,1,2
2018010128520,1,9,0,18,0,1,0,10,1,1,1,1,6,1,25,5,2143,2,3,-1,-1,-1
2018010128528,1,9,0,18,0,0,0,0,0,0,1,1,6,2,29,6,2143,2,3,3,1,3
2018010128528,2,1,0,5,0,0,5,0,0,0,3,1,6,1,10,2,-1,-1,-1,5,1,5
2018010128530,1,9,0,3,0,1,0,0,0,0,1,1,6,1,41,7,2993,2,11,2,1,2
2018010128530,2,9,0,9,0,8,0,0,0,0,2,1,6,1,34,6,1986,2,13,2,1,2
2018010128530,3,9,0,3,0,1,0,0,0,0,3,1,6,1,28,6,1248,2,1,2,1,2
2018010128532,1,9,0,6,0,1,0,0,0,0,1,1,2,1,70,10,1596,1,14,2,1,2
2018010128532,2,5,0,18,0,1,0,0,0,0,3,1,2,1,54,8,918,1,18,2,1,2
2018010128535,1,4,0,13,0,0,0,0,0,0,1,1,6,1,17,4,124,1,12,4,1,4
2018010128535,2,9,0,6,0,0,0,0,0,0,4,1,6,1,40,7,1998,1,-1,4,1,4
2018010128536,1,9,0,18,0,1,0,0,0,0,1,1,6,1,19,4,1595,1,8,4,1,4
2018010128536,2,9,0,5,0,1,0,0,0,0,4,1,6,1,25,5,1329,1,5,-1,-1,-1
2018010128537,1,9,0,3,0,0,0,0,0,0,2,1,6,1,59,9,2993,2,1,6,3,6
2018010128537,2,8,0,3,0,0,0,0,0,0,2,1,1,1,60,9,1997,2,4,1,1,1
2018010128537,3,8,0,4,0,0,0,0,0,0,2,1,1,1,39,7,1997,2,5,8,1,8
2018010128537,4,9,0,18,0,0,0,0,0,0,1,1,6,1,26,6,1968,2,5,-1,-1,-1
2018010128539,1,3,0,9,0,1,0,0,0,0,1,1,6,3,-1,-1,124,1,11,-1,-1,-1
2018010128539,2,9,0,18,0,8,0,0,0,0,4,1,1,1,41,7,2993,2,2,9,1,9
2018010128540,1,9,0,18,0,8,0,0,0,0,1,1,6,1,23,5,1496,2,1,2,1,2
2018010128540,2,19,0,18,0,8,0,0,0,0,3,1,6,1,28,6,2402,2,6,5,1,5
2018010128540,3,9,0,2,9,1,0,0,0,0,3,1,6,3,-1,-1,1598,1,16,-1,-1,-1
2018010128541,1,5,0,-1,-1,0,-1,-1,-1,-1,2,1,2,1,32,6,645,1,14,3,1,3
2018010128541,2,11,0,-1,-1,0,-1,-1,-1,-1,-1,-1,6,3,-1,-1,4760,2,5,-1,-1,-1
2018010128542,1,9,0,4,0,1,0,0,0,0,1,1,6,1,19,4,1596,1,9,2,1,2
2018010128542,2,1,0,18,0,1,2,0,0,0,1,1,6,1,24,5,-1,-1,-1,3,1,3
2018010128543,1,3,0,3,0,1,0,0,0,0,1,1,6,1,28,6,125,1,1,5,1,5
2018010128543,2,19,0,1,0,8,0,4,0,0,2,1,6,3,-1,-1,2143,2,2,-1,-1,-1
2018010128546,1,9,0,18,0,1,2,10,7,10,1,1,6,1,18,4,1769,1,13,-1,-1,-1
2018010128546,2,9,0,2,0,1,0,0,0,0,3,1,6,3,-1,-1,1299,1,17,-1,-1,-1
2018010128547,1,9,0,12,0,0,0,0,0,0,2,1,6,1,20,4,1390,1,9,5,1,5
2018010128547,2,9,0,11,0,0,1,0,0,0,2,1,1,1,57,9,1797,8,8,1,1,1
2018010128549,1,3,0,9,0,6,0,0,0,0,3,1,6,1,62,9,125,1,1,1,1,1
2018010128549,2,3,0,18,0,1,0,0,0,0,1,1,6,1,32,6,124,1,2,2,1,2
2018010128556,1,19,0,18,0,-1,0,0,0,0,2,1,1,1,47,8,2148,2,13,7,1,7
2018010128556,2,9,0,18,0,-1,0,0,0,0,2,1,6,2,-1,-1,1339,8,11,-1,-1,-1
2018010128558,1,9,0,-1,-1,1,-1,0,0,0,2,1,6,1,64,9,1968,2,5,3,1,3
2018010128558,2,9,-1,18,0,1,-1,0,0,0,1,1,6,3,-1,-1,1998,1,16,-1,-1,-1
2018010128562,1,9,0,10,0,8,0,0,0,0,2,-1,6,1,45,7,1596,1,11,3,1,3
2018010128562,2,9,-1,18,0,8,0,0,0,0,-1,-1,6,3,-1,-1,1797,8,8,-1,-1,-1
2018010128567,1,9,0,18,0,2,5,7,0,0,1,1,6,1,64,9,1968,2,10,5,1,5
2018010128573,1,9,0,9,0,8,0,0,0,0,4,1,6,2,26,6,1498,1,12,2,1,2
2018010128573,2,9,0,18,0,8,0,0,0,0,1,1,6,2,29,6,1598,2,6,3,1,3
2018010128577,1,3,0,15,0,1,0,0,0,0,0,1,6,1,43,7,124,1,7,2,1,2
2018010128577,2,2,0,15,0,1,0,0,0,0,1,1,6,1,35,6,49,1,16,2,1,2
2018010128577,3,90,0,9,0,5,0,0,0,0,2,1,1,1,38,7,7146,2,8,5,1,5
2018010128583,1,9,0,18,0,8,0,0,1,0,1,1,6,1,68,10,2995,1,16,2,1,2
2018010128583,2,9,0,9,0,8,0,0,0,0,4,1,6,2,54,8,1685,2,5,8,2,8
2018010128584,1,1,-1,-1,-1,-1,-1,-1,-1,-1,-1,1,2,1,31,6,-1,-1,-1,2,1,2
2018010128584,2,9,0,-1,-1,-1,-1,-1,-1,-1,-1,-1,6,3,-1,-1,1560,2,5,2,1,2
2018010128587,1,9,0,18,0,0,0,0,0,0,1,1,6,3,-1,-1,2179,2,5,-1,-1,-1
2018010128587,2,9,0,8,0,0,0,0,0,0,2,1,1,1,28,6,1995,2,2,6,1,6
2018010128588,1,9,0,18,0,8,0,0,0,0,1,-1,6,2,24,5,1595,1,10,2,1,2
2018010128588,2,9,0,18,0,8,0,0,0,0,1,-1,6,1,-1,-1,1995,2,12,2,1,2
2018010128590,1,9,0,-1,-1,-1,-1,-1,-1,-1,2,-1,6,1,51,8,1364,1,1,2,1,2
2018010128591,1,9,0,9,0,5,0,0,0,0,1,1,6,3,-1,-1,-1,-1,-1,-1,-1,-1
2018010128591,2,3,0,9,0,1,0,0,1,0,2,1,6,1,30,6,125,1,1,-1,-1,-1
2018010128596,1,9,0,4,0,8,0,0,0,0,1,1,2,2,32,6,998,1,4,9,1,9
2018010128596,2,9,0,9,0,6,0,0,0,0,1,1,6,1,28,6,1461,2,13,3,1,3
2018010128597,1,5,0,18,0,8,0,0,0,0,1,1,2,1,32,6,649,1,4,6,1,6
2018010128597,2,1,0,18,0,8,0,0,0,0,4,1,2,1,26,6,-1,-1,-1,8,1,8
2018010128602,1,9,0,10,0,1,0,0,0,0,1,1,6,2,-1,-1,2199,2,3,7,1,7
2018010128602,2,9,0,18,0,1,1,0,0,0,2,1,6,2,68,10,4966,1,14,7,1,7
2018010128602,3,9,0,13,0,1,5,4,3,0,2,1,6,3,-1,-1,-1,-1,-1,-1,-1,-1
2018010128603,1,9,0,18,0,1,0,0,0,0,4,1,1,1,52,8,-1,-1,-1,4,1,4
2018010128605,1,9,0,12,0,1,0,0,4,6,1,1,6,1,23,5,1600,2,8,5,1,5
2018010128605,2,9,0,18,0,2,0,0,0,0,1,1,6,2,43,7,1598,1,1,3,1,3
2018010128605,3,9,0,18,0,1,0,0,0,0,4,1,6,1,33,6,2993,2,1,1,1,1
2018010128605,4,9,0,18,0,1,0,0,0,0,3,1,1,1,33,6,2993,2,2,4,1,4
2018010128606,1,19,0,4,0,1,0,0,0,0,2,1,1,1,28,6,-1,3,1,2,1,2
2018010128606,2,9,0,4,0,1,1,0,0,0,1,1,2,1,51,8,1997,2,15,2,1,2
2018010128607,1,3,0,14,0,0,0,0,0,0,1,1,2,1,32,6,125,1,2,2,1,2
2018010128607,2,9,0,1,0,0,0,0,0,0,2,1,2,1,21,5,-1,-1,-1,10,1,10
2018010128608,1,9,0,6,0,0,0,0,0,0,2,1,6,1,57,9,1798,8,6,5,1,5
2018010128608,2,5,0,15,0,0,1,0,0,0,1,1,2,1,56,9,1300,1,3,10,1,10
2018010128611,1,9,0,-1,-1,0,-1,-1,-1,-1,2,-1,6,1,62,9,1796,1,15,1,1,1
2018010128612,1,21,0,18,0,1,0,0,0,0,1,1,1,1,28,6,6374,2,5,4,1,4
2018010128626,1,11,0,18,0,2,1,10,1,2,1,1,6,1,24,5,-1,2,20,2,1,2
2018010128632,1,3,0,18,0,4,0,0,0,0,1,1,6,1,27,6,125,1,7,2,1,2
2018010128632,2,9,0,18,0,3,0,0,0,0,0,1,6,1,39,7,-1,-1,-1,3,1,3
2018010128634,1,5,0,-1,-1,-1,-1,-1,-1,-1,-1,1,2,1,47,8,647,1,20,6,2,6
2018010128634,2,9,0,-1,-1,-1,-1,-1,-1,-1,-1,-1,6,3,-1,-1,2143,2,5,-1,-1,-1
2018010128636,1,90,5,12,0,2,1,0,0,0,1,2,1,1,42,7,-1,-1,-1,5,1,5
2018010128636,2,9,0,5,0,2,1,0,0,0,1,1,2,1,64,9,1390,1,13,2,1,2
2018010128637,1,1,-1,-1,-1,0,-1,-1,-1,-1,1,1,2,1,37,7,-1,-1,-1,9,1,9
2018010128639,1,19,0,9,0,5,0,0,0,0,4,1,1,1,53,8,2998,2,-1,3,1,3
2018010128639,2,2,0,15,0,5,1,0,0,0,1,1,6,1,19,4,108,1,5,8,1,8
2018010128641,1,2,0,5,0,1,0,0,0,0,4,1,6,1,19,4,125,1,3,2,1,2
2018010128641,2,9,0,5,0,1,0,0,0,0,1,1,6,1,20,4,1388,1,11,3,1,3
2018010128643,1,11,0,5,0,0,0,0,0,0,0,1,1,1,37,7,4500,2,4,2,1,2
2018010128645,1,1,0,10,0,5,0,0,0,0,1,1,6,1,71,10,-1,-1,-1,8,1,8
2018010128645,2,9,0,9,0,6,0,0,0,0,3,1,6,2,55,8,1242,1,8,6,1,6
2018010128648,1,9,0,-1,-1,0,-1,-1,-1,-1,2,-1,6,1,38,7,1499,2,-1,2,1,2
2018010128650,1,1,-1,-1,-1,0,-1,-1,-1,-1,-1,1,6,3,-1,-1,-1,-1,-1,-1,-1,-1
2018010128652,1,1,-1,-1,-1,-1,-1,-1,-1,-1,1,1,2,1,29,6,-1,-1,-1,9,1,9
2018010128652,2,9,0,-1,-1,-1,-1,-1,-1,-1,2,-1,6,3,-1,-1,-1,-1,-1,-1,-1,-1
2018010128654,1,1,-1,-1,-1,0,-1,-1,-1,-1,1,1,2,1,34,6,-1,-1,-1,2,1,2
2018010128654,2,9,0,-1,-1,0,-1,-1,-1,-1,1,-1,6,3,-1,-1,2143,2,1,-1,-1,-1
2018010128658,1,19,0,6,0,0,0,0,0,0,3,1,2,1,41,7,1995,2,6,9,1,9
2018010128658,2,1,0,14,0,0,2,0,0,0,1,1,6,1,43,7,-1,-1,-1,9,1,9
2018010128659,1,9,0,18,0,0,0,0,0,0,4,1,6,2,61,9,1560,2,6,5,1,5
2018010128660,1,1,-1,-1,-1,-1,-1,-1,-1,-1,1,1,2,1,24,5,-1,-1,-1,-1,-1,-1
2018010128660,2,19,0,-1,-1,-1,-1,-1,-1,-1,-1,-1,6,3,33,6,1560,2,4,8,2,8
2018010128661,1,9,0,18,0,1,0,0,0,0,1,1,6,2,34,6,1560,2,13,6,1,6
2018010128661,2,9,0,18,0,1,0,0,0,0,1,1,6,1,45,7,1956,2,7,9,1,9
2018010128662,1,9,0,5,0,1,0,0,0,0,2,1,6,2,48,8,1995,2,2,-1,-1,-1
2018010128664,1,8,0,9,0,8,0,0,0,0,1,1,1,1,44,7,1997,2,4,2,1,2
2018010128664,2,1,0,18,0,8,5,0,0,0,3,1,2,2,43,7,-1,-1,-1,4,1,4
2018010128665,1,9,0,-1,-1,0,-1,-1,-1,-1,1,-1,6,1,49,8,1598,1,11,5,1,5
2018010128665,2,90,0,-1,-1,0,-1,-1,-1,-1,2,-1,6,3,-1,-1,-1,-1,-1,-1,-1,-1
2018010128666,1,20,0,1,0,0,0,0,0,0,2,1,1,1,61,9,-1,-1,-1,2,1,2
2018010128666,2,5,0,3,0,0,0,0,0,0,2,1,6,1,51,8,1043,1,3,2,1,2
2018010128669,1,4,0,14,0,1,0,0,0,0,1,1,2,1,43,7,248,1,-1,9,2,9
2018010128669,2,9,0,9,0,1,0,0,0,0,3,1,6,2,33,6,1997,1,13,1,1,1
2018010128670,1,9,0,3,0,1,0,0,0,0,2,1,6,1,28,6,1968,2,3,-1,-1,-1
2018010128670,2,1,0,16,0,1,1,0,0,0,1,1,2,1,22,5,-1,-1,-1,-1,-1,-1
2018010128673,1,3,0,18,0,1,0,0,0,0,1,1,6,1,49,8,125,1,3,5,1,5
2018010128673,2,9,0,18,0,2,0,0,0,0,4,1,6,2,28,6,998,1,15,6,1,6
2018010128674,1,4,0,7,0,2,0,0,0,0,2,1,1,1,38,7,125,1,2,3,1,3
2018010128674,2,1,0,18,0,2,0,0,0,0,1,1,2,1,26,6,-1,-1,-1,2,1,2
2018010128676,1,9,0,10,0,0,0,0,0,0,3,1,2,1,40,7,1984,1,10,9,1,9
2018010128676,2,1,0,14,0,0,0,0,0,0,4,1,2,2,27,6,-1,-1,-1,9,1,9
2018010128676,3,1,0,14,0,0,0,1,0,0,1,1,2,1,45,7,-1,-1,-1,10,1,10
2018010128678,1,9,0,18,0,1,0,0,0,0,1,1,6,1,77,11,1497,8,10,4,1,4
2018010128682,1,3,0,18,0,8,0,0,0,0,3,1,2,1,24,5,124,1,3,-1,-1,-1
2018010128682,2,9,0,9,0,6,0,0,0,0,1,1,6,3,-1,-1,-1,-1,-1,-1,-1,-1
2018010128683,1,9,0,5,0,0,0,0,0,0,1,1,1,1,65,9,1461,2,1,5,1,5
2018010128684,1,19,0,18,0,8,0,0,0,0,1,1,2,1,25,5,1995,2,1,2,1,2
2018010128689,1,9,0,-1,-1,-1,-1,-1,-1,-1,2,-1,6,1,43,7,1390,1,7,2,1,2
2018010128689,2,9,0,-1,-1,-1,-1,-1,-1,-1,1,-1,6,3,-1,-1,1995,2,3,-1,-1,-1
2018010128702,1,1,0,18,0,0,0,0,0,0,1,1,2,1,32,6,-1,-1,-1,2,1,2
2018010128704,1,9,0,18,0,1,0,7,1,10,4,1,6,1,46,8,1896,2,10,6,1,6
2018010128705,1,9,0,9,-1,0,-1,-1,-1,-1,-1,-1,6,2,29,6,1995,2,7,6,1,6