Accident_Index,Vehicle_Reference,Vehicle_Type,Towing_and_Articulation,Vehicle_Manoeuvre,Vehicle_Location-Restricted_Lane,Junction_Location,Skidding_and_Overturning,Hit_Object_in_Carriageway,Vehicle_Leaving_Carriageway,Hit_Object_off_Carriageway,1st_Point_of_Impact,Was_Vehicle_Left_Hand_Drive?,Journey_Purpose_of_Driver,Sex_of_Driver,Age_of_Driver,Age_Band_of_Driver,Engine_Capacity_(CC),Propulsion_Code,Age_of_Vehicle,Driver_IMD_Decile,Driver_Home_Area_Type,Vehicle_IMD_Decile
2018010128705,2,3,0,-1,-1,0,-1,-1,-1,-1,1,1,6,3,-1,-1,124,1,15,-1,-1,-1
2018010128706,1,8,0,9,0,1,0,0,0,0,3,2,1,1,46,8,1798,1,4,3,1,3
2018010128706,2,19,0,13,0,1,0,0,0,0,4,1,1,1,28,6,1995,2,-1,3,1,3
2018010128709,1,19,0,9,0,6,0,0,0,0,3,1,1,1,40,7,2143,2,1,3,1,3
2018010128709,2,3,0,18,0,1,0,0,0,0,1,1,6,1,25,5,124,1,10,8,1,8
2018010128710,1,9,0,18,9,2,0,0,1,10,1,1,6,2,23,5,1598,1,7,2,1,2
2018010128712,1,9,0,13,0,0,0,0,0,0,1,1,2,1,39,7,1598,1,5,5,1,5
2018010128712,2,1,0,18,0,0,0,0,0,0,3,1,6,1,29,6,-1,-1,-1,2,1,2
2018010128718,1,9,0,18,0,1,0,0,0,0,1,1,6,1,34,6,1968,2,3,6,1,6
2018010128718,2,9,0,18,0,1,0,0,0,0,2,1,6,1,33,6,1910,2,11,10,1,10
2018010128723,1,1,-1,-1,-1,0,-1,-1,-1,-1,1,1,6,1,30,6,-1,-1,-1,8,1,8
2018010128723,2,9,0,-1,-1,0,-1,-1,-1,-1,1,-1,6,1,32,6,2993,2,9,4,1,4
2018010128725,1,11,0,4,0,0,0,0,0,0,1,1,6,1,45,7,6700,2,7,7,1,7
2018010128730,1,1,-1,-1,-1,-1,-1,-1,-1,-1,-1,1,2,1,45,7,-1,-1,-1,7,1,7
2018010128730,2,9,0,-1,-1,-1,-1,-1,-1,-1,-1,-1,6,3,-1,-1,1328,1,14,-1,-1,-1
2018010128732,1,1,0,7,0,8,5,0,0,0,1,1,2,1,43,7,-1,-1,-1,9,1,9
2018010128732,2,9,0,4,0,1,0,0,0,0,3,1,6,2,53,8,1398,1,6,-1,-1,-1
2018010128735,1,9,0,9,0,8,0,-1,0,0,1,-1,6,1,-1,-1,1798,1,2,-1,-1,-1
2018010128735,2,1,0,18,0,1,0,-1,0,0,3,1,2,1,35,6,-1,-1,-1,5,1,5
2018010128745,1,9,0,-1,-1,-1,0,-1,-1,-1,-1,1,6,1,51,8,1497,1,13,5,1,5
2018010128745,2,90,0,-1,-1,-1,-1,-1,-1,-1,-1,-1,6,3,-1,-1,-1,-1,-1,-1,-1,-1
2018010128747,1,9,0,4,0,0,0,0,0,0,2,1,1,1,36,7,1950,2,-1,8,1,8
2018010128747,2,9,0,18,0,0,0,0,0,0,2,1,1,1,43,7,1791,8,7,5,1,5
2018010128750,1,5,0,18,0,1,0,7,0,0,1,1,6,1,24,5,599,1,10,1,1,1
2018010128750,2,9,0,18,0,1,0,0,0,0,0,1,1,1,41,7,2993,2,2,4,1,4
2018010128750,3,8,0,3,0,1,0,0,0,0,4,1,1,1,44,7,1798,8,3,4,1,4
2018010128756,1,9,0,18,0,6,0,0,0,0,1,1,6,2,41,7,1995,1,7,5,1,5
2018010128756,2,3,0,15,0,8,0,0,1,0,3,1,2,1,25,5,125,1,7,5,1,5
2018010128764,1,9,0,3,0,8,5,0,0,0,1,1,6,1,18,4,1968,2,14,6,1,6
2018010128764,2,9,0,4,0,8,0,0,0,0,1,1,6,1,80,11,-1,-1,-1,4,1,4
2018010128767,1,9,0,18,0,-1,0,-1,0,0,1,1,6,1,36,7,1997,2,7,4,1,4
2018010128767,2,9,0,18,0,-1,0,-1,0,0,1,1,6,3,-1,-1,998,1,10,-1,-1,-1
2018010128771,1,5,0,18,0,0,2,0,0,0,1,1,6,1,70,10,885,1,18,6,1,6
2018010128771,2,9,0,18,0,0,0,0,0,0,2,1,6,2,70,10,1339,1,8,7,2,7
2018010128772,1,8,0,-1,-1,-1,-1,-1,-1,-1,2,-1,6,3,-1,-1,2499,2,6,-1,-1,-1
2018010128773,1,9,0,9,0,5,0,0,0,0,4,1,6,1,62,9,1587,1,15,2,1,2
2018010128773,2,5,0,18,0,8,0,0,0,0,1,1,6,1,29,6,781,1,19,7,1,7
2018010128774,1,5,0,18,0,1,0,0,0,0,1,1,6,1,34,6,847,1,4,3,1,3
2018010128776,1,19,0,9,0,8,0,0,0,0,3,1,1,1,25,5,1968,2,-1,5,2,5
2018010128776,2,1,0,18,0,8,0,0,0,0,0,1,1,1,39,7,-1,-1,-1,6,1,6
2018010128778,1,11,0,9,0,3,0,0,0,0,0,1,1,1,52,8,4760,2,6,1,1,1
2018010128781,1,19,0,10,0,1,0,0,0,0,2,1,1,1,22,5,2287,2,1,2,1,2
2018010128781,2,9,0,12,0,1,0,0,0,0,1,1,6,1,24,5,1798,1,10,3,1,3
2018010128791,1,9,0,-1,-1,0,-1,-1,-1,-1,-1,-1,6,1,45,7,1796,1,17,2,1,2
2018010128791,2,9,5,-1,-1,0,5,-1,-1,-1,4,-1,6,1,49,8,1995,2,10,2,1,2
2018010128797,1,9,0,18,0,0,0,0,0,0,4,1,6,2,21,5,998,1,1,3,1,3
2018010128799,1,3,0,-1,-1,-1,-1,-1,-1,-1,-1,1,6,1,51,8,125,1,-1,4,2,4
2018010128799,2,9,0,-1,-1,-1,-1,-1,-1,-1,-1,-1,6,3,-1,-1,1950,2,1,-1,-1,-1
2018010128802,1,9,0,18,0,8,0,0,0,0,1,1,6,1,26,6,1398,1,5,7,1,7
2018010128802,2,4,0,18,0,1,2,0,0,0,1,1,6,1,23,5,124,1,4,3,1,3
2018010128803,1,8,0,18,0,1,0,4,0,0,1,1,1,1,51,8,1797,8,9,4,1,4
2018010128803,2,9,0,2,0,1,0,0,0,0,1,1,6,3,-1,-1,999,1,1,-1,-1,-1
2018010128803,3,9,0,2,0,1,0,0,0,0,1,1,6,3,-1,-1,2179,2,4,-1,-1,-1
2018010128809,1,3,0,-1,-1,0,-1,-1,-1,-1,1,1,6,2,47,8,125,1,-1,3,1,3
2018010128809,2,19,0,-1,-1,0,-1,-1,-1,-1,2,-1,6,1,-1,-1,2461,2,10,-1,-1,-1
2018010128811,1,9,0,9,0,1,0,0,0,0,1,1,6,1,-1,-1,2494,8,1,-1,-1,-1
2018010128812,1,5,0,4,0,1,0,10,0,0,1,1,2,1,46,8,998,1,14,8,3,8
2018010128815,1,9,0,18,0,0,0,0,0,0,1,1,6,1,39,7,2993,2,11,3,1,3
2018010128815,2,1,0,18,0,0,0,0,0,0,3,1,6,1,13,3,-1,-1,-1,3,1,3
2018010128816,1,9,0,9,0,8,0,0,0,0,1,1,6,1,39,7,1995,2,2,6,1,6
2018010128816,2,9,0,18,0,8,0,0,0,0,1,1,6,1,18,4,999,1,6,9,1,9
2018010128816,3,9,0,2,0,8,0,0,0,0,1,1,6,3,-1,-1,1781,1,15,-1,-1,-1
2018010128819,1,9,0,9,0,5,0,0,0,0,3,1,6,1,24,5,999,1,9,1,1,1
2018010128819,2,4,0,18,0,1,5,0,0,0,1,1,6,2,36,7,125,1,1,5,1,5
2018010128822,1,2,0,18,0,2,1,11,0,0,3,1,1,1,20,4,108,1,3,2,1,2
2018010128823,1,9,0,16,0,0,0,0,0,0,1,1,6,1,69,10,2435,1,11,3,1,3
2018010128823,2,3,0,17,0,0,0,0,0,0,1,1,6,1,19,4,124,1,4,2,1,2
2018010128829,1,9,0,10,0,6,0,0,0,0,1,1,6,2,24,5,1595,1,1,2,1,2
2018010128829,2,3,0,18,0,1,0,0,0,0,1,1,6,1,31,6,125,1,7,3,1,3
2018010128829,3,9,0,3,0,1,0,0,0,0,3,1,6,1,38,7,1364,2,4,5,1,5
2018010128831,1,9,0,18,0,0,0,0,0,0,1,1,6,3,-1,-1,1596,1,14,-1,-1,-1
2018010128832,1,11,0,4,0,2,0,0,0,0,0,1,6,2,47,8,6692,2,9,2,1,2
2018010128834,1,1,-1,-1,-1,-1,-1,-1,-1,-1,-1,1,2,1,28,6,-1,-1,-1,9,1,9
2018010128834,2,9,0,-1,-1,-1,-1,-1,-1,-1,1,-1,6,1,34,6,1997,2,10,3,1,3
2018010128836,1,9,0,-1,-1,-1,-1,-1,-1,-1,-1,-1,6,3,67,10,1339,8,6,7,1,7
2018010128838,1,9,0,18,0,0,0,0,0,0,4,1,6,1,19,4,1197,1,1,1,1,1
2018010128845,1,9,0,2,0,0,0,0,0,0,0,1,6,3,-1,-1,-1,-1,-1,-1,-1,-1
2018010128845,2,1,0,18,0,0,0,4,0,0,1,1,6,1,33,6,-1,-1,-1,2,1,2
2018010128846,1,9,0,-1,-1,-1,-1,-1,-1,-1,-1,-1,6,2,24,5,1598,2,2,4,1,4
2018010128847,1,9,0,18,9,2,0,0,1,10,1,1,6,2,48,8,2494,1,19,7,1,7
2018010128850,1,9,0,18,0,2,0,0,0,0,1,1,6,1,41,7,1799,1,10,2,1,2
2018010128850,2,9,0,3,0,1,0,0,0,0,1,1,6,1,45,7,1997,2,9,4,3,4
2018010128850,3,9,0,3,0,1,0,0,0,0,1,1,6,2,48,8,1762,1,20,3,1,3
2018010128852,1,9,0,-1,-1,-1,-1,-1,-1,-1,-1,-1,6,2,30,6,1968,2,3,4,1,4
2018010128852,2,9,0,-1,-1,-1,-1,-1,-1,-1,1,-1,6,3,28,6,1595,1,13,-1,-1,-1
2018010128853,1,1,-1,-1,-1,0,-1,-1,-1,-1,1,1,2,1,35,6,-1,-1,-1,1,1,1
2018010128853,2,9,0,-1,-1,0,-1,-1,-1,-1,1,-1,6,1,-1,-1,1896,2,14,4,1,4
2018010128854,1,9,0,18,0,1,0,0,0,0,1,1,2,2,26,6,1329,1,9,-1,-1,-1
2018010128854,2,9,0,10,0,5,0,0,0,0,2,1,6,1,49,8,1598,1,3,5,1,5
2018010128855,1,9,0,7,0,6,0,11,0,0,1,1,1,1,55,8,1587,1,12,1,1,1
2018010128864,1,9,0,4,0,1,0,0,0,0,1,1,6,1,82,11,1422,2,10,7,1,7
2018010128864,2,9,0,10,0,1,0,0,0,0,2,1,6,2,56,9,1598,1,11,2,1,2
2018010128865,1,9,0,9,0,8,0,0,0,0,3,1,6,2,21,5,1968,2,9,4,1,4
2018010128865,2,3,0,9,0,8,0,0,0,0,4,1,6,1,25,5,125,1,7,3,1,3
2018010128866,1,1,-1,-1,-1,-1,-1,-1,-1,-1,-1,1,6,1,32,6,-1,-1,-1,2,1,2
2018010128866,2,9,0,-1,-1,-1,-1,-1,-1,-1,1,-1,6,3,29,6,1595,1,10,-1,-1,-1
2018010128867,1,2,0,6,0,8,0,0,0,0,1,1,6,1,20,4,125,1,2,1,1,1
2018010128867,2,9,0,18,0,8,0,0,0,0,3,1,6,1,20,4,1598,2,2,2,1,2
2018010128868,1,9,0,-1,-1,0,-1,-1,-1,-1,1,1,6,2,-1,-1,1339,1,15,6,1,6
2018010128868,2,9,0,-1,0,0,0,0,0,0,-1,1,6,3,-1,-1,-1,-1,-1,-1,-1,-1
2018010128869,1,9,0,9,0,8,0,0,0,0,0,1,6,1,38,7,1968,2,3,10,1,10
2018010128869,2,4,0,18,0,8,2,0,0,0,0,1,2,1,20,4,249,1,6,5,1,5
2018010128870,1,3,0,18,0,1,0,0,0,0,1,1,6,1,18,4,125,1,10,5,1,5
2018010128870,2,9,0,9,0,1,0,0,0,0,3,1,6,3,-1,-1,-1,-1,-1,-1,-1,-1
2018010128871,1,9,0,18,0,1,0,0,0,0,1,1,6,1,20,4,1595,1,15,4,1,4
2018010128871,2,9,0,9,0,8,0,0,0,0,4,1,6,1,63,9,1149,1,13,-1,-1,-1
2018010128874,1,3,0,18,0,2,0,0,0,0,1,1,6,3,-1,-1,124,1,17,-1,-1,-1
2018010128874,2,1,0,18,0,1,0,0,0,0,1,1,6,1,17,4,-1,-1,-1,5,1,5
2018010128875,1,9,0,4,0,1,0,0,0,0,2,1,6,1,38,7,2996,1,1,5,1,5
2018010128875,2,11,0,18,0,1,0,0,0,0,1,1,1,1,26,6,6700,2,9,-1,-1,-1
2018010128884,1,9,0,9,0,5,0,0,0,0,3,1,6,1,-1,-1,2720,2,10,-1,-1,-1
2018010128884,2,1,0,18,0,8,0,0,0,0,1,1,6,1,45,7,-1,-1,-1,7,1,7
2018010128886,1,1,5,15,0,1,0,0,0,0,1,1,6,1,34,6,-1,-1,-1,-1,-1,-1
2018010128890,1,9,0,18,0,2,0,0,0,0,3,1,6,1,86,11,1587,1,12,8,1,8
2018010128895,1,9,0,18,0,1,1,0,0,0,1,1,6,1,22,5,1398,1,4,3,1,3
2018010128895,2,11,0,18,0,2,0,0,0,0,0,1,1,1,54,8,-1,-1,-1,-1,-1,-1
2018010128900,1,5,0,3,0,4,0,0,0,0,0,1,2,1,33,6,1170,1,2,4,1,4
2018010128900,2,9,0,3,0,4,0,0,0,0,1,1,2,1,30,6,1769,1,13,6,1,6
2018010128908,1,11,0,18,0,1,0,0,0,0,0,1,1,1,27,6,4500,2,-1,2,1,2
2018010128908,2,9,0,11,0,1,0,0,0,0,0,1,6,3,-1,-1,-1,-1,-1,-1,-1,-1
2018010128909,1,9,0,-1,-1,0,-1,-1,-1,-1,-1,-1,6,3,-1,-1,1781,1,21,-1,-1,-1
2018010128910,1,11,0,9,0,6,0,0,0,0,3,1,1,1,26,6,4500,2,11,7,1,7
2018010128910,2,1,0,18,0,8,1,0,0,0,1,1,6,1,37,7,-1,-1,-1,10,1,10
2018010128912,1,9,0,4,0,2,0,0,0,0,2,2,6,1,37,7,998,1,-1,2,1,2
2018010128912,2,9,0,18,0,2,0,0,0,0,1,1,6,1,41,7,1995,2,5,2,1,2
2018010128915,1,3,0,-1,-1,-1,-1,-1,-1,-1,1,1,6,1,32,6,125,1,9,2,1,2
2018010128915,2,9,0,-1,-1,-1,-1,-1,-1,-1,2,-1,6,3,-1,-1,-1,-1,-1,-1,-1,-1
2018010128916,1,9,0,12,0,0,0,0,0,0,0,1,6,3,-1,-1,-1,-1,-1,-1,-1,-1
2018010128916,2,3,0,16,0,0,2,10,4,6,4,1,6,1,33,6,124,1,13,5,1,5
2018010128917,1,9,0,18,0,2,0,0,0,0,3,1,6,1,50,8,4999,1,2,3,1,3
2018010128919,1,9,0,18,0,1,0,0,0,0,3,1,6,2,42,7,1598,1,4,4,1,4
2018010128919,2,9,0,4,0,1,0,0,0,0,3,1,6,1,21,5,1596,1,7,7,1,7
2018010128919,3,9,0,9,0,6,0,0,0,0,1,1,6,1,69,10,1598,1,5,2,1,2
2018010128919,4,9,0,2,0,1,0,0,0,0,3,1,6,3,-1,-1,1998,1,12,-1,-1,-1
2018010128923,1,19,0,9,0,1,0,0,0,0,1,1,1,1,41,7,2143,2,3,3,1,3
2018010128923,2,3,0,18,0,1,0,0,0,0,3,1,6,1,49,8,-1,-1,-1,2,1,2
2018010128928,1,8,0,-1,-1,-1,-1,-1,-1,-1,2,-1,6,1,35,6,2143,2,4,3,1,3
2018010128928,2,9,0,-1,-1,-1,-1,-1,-1,-1,1,-1,6,3,56,9,2967,2,8,5,1,5
2018010128929,1,3,0,18,0,1,0,0,0,0,1,1,6,1,33,6,125,1,1,2,1,2
2018010128929,2,9,0,9,0,1,0,0,0,0,1,1,6,1,24,5,1497,8,5,4,1,4
2018010128932,1,11,0,5,0,2,0,0,0,0,0,1,1,1,30,6,5132,2,1,9,1,9
2018010128934,1,9,0,3,0,1,0,0,0,0,2,1,6,2,32,6,1598,1,12,8,1,8
2018010128934,2,19,0,18,0,1,0,0,0,0,1,1,6,1,45,7,1995,2,1,9,1,9
2018010128934,3,9,0,3,0,1,0,0,0,0,2,1,6,1,49,8,1797,8,4,-1,-1,-1
2018010128935,1,19,0,18,0,1,0,0,0,0,3,1,1,1,30,6,1997,2,1,3,1,3
2018010128936,1,9,0,18,0,0,0,0,0,0,1,1,6,1,33,6,1995,1,10,5,1,5
2018010128936,2,9,0,17,0,0,1,0,7,0,2,1,6,1,-1,-1,998,1,10,5,1,5
2018010128939,1,9,0,18,0,0,0,0,0,0,3,1,6,2,30,6,1197,1,4,4,1,4
2018010128939,2,1,0,18,0,0,0,0,0,0,4,1,6,1,38,7,-1,-1,-1,3,1,3
2018010128944,1,8,0,-1,-1,-1,-1,-1,-1,-1,1,-1,6,1,57,9,1956,2,4,5,1,5
2018010128944,2,9,0,-1,-1,-1,-1,-1,-1,-1,1,-1,6,3,36,7,-1,-1,-1,2,1,2
2018010128947,1,9,0,5,0,8,0,0,0,0,1,1,6,2,27,6,1580,8,1,4,1,4
2018010128947,2,3,0,18,0,8,0,0,0,0,2,1,6,1,27,6,125,1,12,5,1,5
2018010128950,1,9,0,-1,-1,-1,-1,-1,-1,-1,1,-1,6,1,21,5,998,1,31,3,1,3
2018010128950,2,9,0,-1,-1,-1,-1,-1,-1,-1,1,-1,6,3,-1,-1,1360,1,14,-1,-1,-1
2018010128951,1,9,0,9,0,8,0,0,0,0,1,1,6,1,41,7,1999,2,3,7,1,7
2018010128951,2,19,0,18,0,1,0,0,0,0,1,1,6,1,46,8,1995,2,6,2,1,2
2018010128952,1,9,0,8,0,1,0,0,0,0,1,1,6,2,62,9,1798,8,5,10,1,10
2018010128954,1,8,0,18,0,1,0,0,0,0,1,2,1,1,45,7,2776,2,2,6,1,6
2018010128954,2,8,0,3,0,1,0,0,0,0,2,2,1,1,37,7,-1,-1,-1,3,1,3
2018010128965,1,9,0,16,0,0,0,10,7,3,1,1,6,2,25,5,1197,1,2,7,1,7
2018010128966,1,9,0,-1,-1,0,-1,-1,-1,-1,2,-1,6,2,35,6,1368,1,9,6,1,6
2018010128966,2,9,-1,-1,-1,0,-1,-1,-1,-1,-1,-1,6,2,55,8,3724,1,15,4,1,4
2018010128967,1,8,0,18,2,0,0,0,0,0,1,1,1,1,51,8,1956,2,7,2,1,2
2018010128968,1,9,0,18,0,1,0,0,0,0,1,1,6,1,64,9,3239,1,23,10,1,10
2018010128968,2,1,0,4,0,1,5,0,0,0,1,1,6,1,70,10,-1,-1,-1,-1,-1,-1
2018010128969,1,3,0,18,0,8,0,0,0,0,1,1,6,1,30,6,124,1,1,3,1,3
2018010128969,2,19,0,9,0,5,0,0,1,0,0,1,1,1,24,5,2143,2,4,2,1,2
2018010128970,1,9,0,9,0,3,0,0,0,0,4,1,6,1,23,5,1598,1,8,3,1,3
2018010128971,1,11,0,-1,-1,-1,-1,-1,-1,-1,1,-1,6,1,28,6,9360,2,7,6,1,6
2018010128971,2,9,0,-1,-1,-1,-1,-1,-1,-1,2,-1,6,3,-1,-1,-1,-1,-1,2,1,2
2018010128977,1,9,0,5,0,8,0,0,0,0,4,1,6,1,38,7,2993,2,-1,9,3,9
2018010128977,2,9,0,5,0,8,0,0,3,0,4,1,6,2,45,7,1598,2,2,2,1,2
2018010128979,1,9,0,18,0,2,0,7,0,0,1,1,6,2,52,8,599,1,15,2,1,2
2018010128979,2,9,0,9,0,6,0,0,0,0,0,1,6,3,-1,-1,-1,-1,-1,-1,-1,-1
2018010128980,1,9,0,18,0,1,0,0,0,0,0,1,6,3,-1,-1,-1,-1,-1,-1,-1,-1
2018010128980,2,9,0,18,0,1,0,0,0,0,2,1,6,1,34,6,1596,1,12,-1,-1,-1
2018010128980,3,9,0,18,0,1,0,0,0,0,1,1,6,2,32,6,1240,1,14,3,1,3
2018010128980,4,9,0,18,0,1,0,0,0,0,1,1,6,1,39,7,999,1,9,3,1,3
2018010128982,1,3,0,18,0,1,0,0,0,0,1,1,2,1,36,7,125,1,3,9,1,9
2018010128982,2,9,0,18,0,1,0,0,0,0,2,1,2,1,22,5,1399,1,1,3,1,3
2018010128983,1,9,0,18,0,1,0,0,0,0,0,1,1,1,41,7,2993,2,2,4,1,4
2018010128983,2,9,0,18,0,6,1,0,0,0,3,1,6,1,28,6,1968,2,13,-1,-1,-1
2018010128983,3,9,0,18,0,8,0,0,0,0,1,1,6,1,47,8,1995,2,6,-1,-1,-1
2018010128983,4,9,0,18,0,8,0,0,0,0,4,1,6,1,29,6,1598,1,15,4,1,4
2018010128983,5,11,0,18,0,8,0,0,0,0,2,1,1,1,56,9,4500,2,8,5,1,5
2018010128983,6,9,0,3,0,8,0,0,0,0,3,1,6,2,29,6,1388,1,12,10,1,10
2018010128984,1,1,0,5,0,1,0,0,0,0,3,1,6,1,40,7,-1,-1,-1,1,1,1
2018010128984,2,9,0,7,0,1,0,0,0,0,4,1,6,3,-1,-1,-1,-1,-1,-1,-1,-1
2018010128992,1,9,0,9,0,2,0,0,0,0,1,1,6,1,24,5,1991,1,-1,2,1,2
2018010128992,2,9,0,5,0,1,0,0,0,0,3,1,6,1,31,6,5461,1,2,2,1,2
2018010128997,1,9,0,18,0,4,0,0,0,0,1,1,6,1,41,7,1349,1,7,8,1,8
2018010128997,2,9,0,16,0,3,0,0,0,0,1,1,6,1,25,5,2685,2,14,7,1,7
2018010128998,1,9,0,7,0,5,0,0,0,0,1,1,6,1,47,8,2488,2,11,2,1,2
2018010129005,1,9,0,7,0,1,0,0,0,0,1,1,6,1,86,11,1598,1,5,8,1,8
2018010129005,2,2,0,18,0,2,0,0,0,0,3,1,1,1,28,6,108,1,5,2,1,2
2018010129010,1,9,0,10,0,1,0,0,0,0,2,1,1,1,40,7,2179,2,6,2,1,2
2018010129010,2,5,0,15,0,8,5,0,0,0,1,1,6,1,34,6,750,1,18,2,1,2
2018010129012,1,9,-1,-1,-1,-1,-1,-1,-1,-1,-1,-1,6,3,-1,-1,-1,-1,-1,-1,-1,-1
2018010129014,1,8,0,7,0,1,0,0,0,0,4,1,1,1,50,8,2143,2,4,5,1,5
2018010129018,1,9,0,18,0,0,1,0,5,6,3,1,6,1,22,5,1968,2,2,2,-1,2
2018010129018,2,9,0,18,0,0,1,10,5,6,4,1,2,1,21,5,2993,2,13,3,1,3
2018010129018,3,9,0,18,0,0,1,0,0,0,2,1,6,2,39,7,1198,1,5,2,1,2
2018010129019,1,9,0,18,0,8,0,0,0,0,1,1,6,3,-1,-1,-1,-1,-1,-1,-1,-1
2018010129024,1,9,0,18,0,0,1,4,0,0,1,1,6,1,29,6,1984,1,10,2,1,2
2018010129024,2,9,0,2,0,0,0,0,0,0,4,1,6,3,-1,-1,3222,2,15,-1,-1,-1
2018010129024,3,9,0,2,0,0,0,0,0,0,1,1,6,3,-1,-1,998,1,12,-1,-1,-1
2018010129024,4,9,0,2,0,0,0,0,0,0,2,2,6,3,-1,-1,1598,2,-1,-1,-1,-1
2018010129028,1,5,0,-1,-1,-1,-1,-1,-1,-1,0,1,2,1,25,5,847,1,1,5,1,5
2018010129028,2,9,0,-1,-1,-1,-1,-1,-1,-1,-1,-1,6,3,28,6,4398,1,17,-1,-1,-1
2018010129031,1,20,0,18,0,0,0,0,0,0,1,1,1,1,63,9,-1,-1,-1,2,1,2
2018010129031,2,9,0,18,9,0,0,12,7,0,1,1,6,1,59,9,1390,1,16,2,1,2
2018010129047,1,9,0,4,0,4,0,0,0,0,2,1,6,2,17,4,998,1,-1,10,1,10
2018010129047,2,9,0,18,0,4,0,0,0,0,1,1,6,3,-1,-1,1587,1,16,-1,-1,-1
2018010129048,1,9,0,9,0,6,0,0,0,0,1,1,6,2,36,7,1398,1,2,3,1,3
2018010129048,2,1,0,18,0,1,0,0,0,0,1,1,1,1,50,8,-1,-1,-1,2,1,2
2018010129053,1,9,0,18,0,0,0,0,0,0,1,1,6,3,-1,-1,-1,-1,-1,-1,-1,-1
2018010129054,1,9,0,18,0,2,0,0,0,0,4,1,6,1,27,6,1995,2,14,2,1,2
2018010129060,1,9,0,3,0,1,0,0,0,0,1,1,6,2,36,7,1994,2,11,3,1,3
2018010129061,1,9,0,4,0,1,0,0,0,0,3,1,1,1,35,6,1598,2,3,1,1,1
2018010129061,2,1,0,18,9,1,0,0,0,0,1,1,6,1,48,8,-1,-1,-1,-1,-1,-1
2018010129065,1,9,0,5,0,0,0,0,0,0,4,1,6,1,54,8,1598,1,5,6,1,6
2018010129066,1,9,0,18,0,2,0,0,0,0,2,1,6,1,19,4,1997,1,17,3,1,3
2018010129066,2,9,0,3,0,2,0,0,0,0,2,1,6,1,51,8,3628,2,12,5,1,5
2018010129067,1,9,0,-1,-1,-1,-1,-1,-1,-1,1,-1,6,1,71,10,1796,1,13,10,1,10
2018010129067,2,9,0,-1,-1,-1,-1,-1,-1,-1,1,-1,6,3,-1,-1,1461,2,2,10,1,10
2018010129068,1,9,0,5,0,4,0,0,0,0,3,1,6,1,63,9,1968,2,5,2,1,2
2018010129068,2,2,0,3,0,4,0,0,0,0,4,1,6,1,32,6,-1,-1,-1,2,1,2
2018010129071,1,8,0,18,0,1,0,0,0,0,1,1,1,1,43,7,2499,2,7,3,1,3
2018010129071,2,8,0,9,0,5,0,0,0,0,2,1,6,1,47,8,1995,2,5,2,1,2
2018010129077,1,3,0,4,0,0,1,0,0,0,0,1,6,1,30,6,125,1,9,3,1,3
2018010129082,1,9,0,5,0,1,0,4,0,0,2,1,6,2,61,9,1995,2,8,10,1,10
2018010129082,2,9,0,5,0,1,0,4,0,0,1,1,6,2,61,9,1598,2,2,4,1,4
2018010129082,3,9,0,5,0,1,0,4,0,0,2,1,6,2,30,6,1339,1,6,4,1,4
2018010129082,4,9,0,5,0,1,0,0,0,0,2,1,6,1,38,7,1968,2,3,2,1,2
2018010129083,1,8,0,-1,-1,-1,-1,-1,-1,-1,2,-1,6,1,43,7,1497,8,9,2,1,2
2018010129083,2,9,0,-1,-1,-1,-1,-1,-1,-1,1,-1,6,3,-1,-1,1498,1,11,-1,-1,-1
2018010129088,1,9,0,4,0,0,0,0,0,0,1,1,6,1,22,5,1242,1,5,4,1,4
2018010129088,2,9,0,4,0,0,0,0,0,0,2,1,6,1,33,6,1995,2,11,1,1,1
2018010129090,1,3,0,18,0,2,0,0,0,0,1,1,1,1,43,7,108,1,3,4,1,4
2018010129094,1,9,0,4,0,8,0,0,0,0,0,1,6,1,48,8,2979,1,2,7,1,7
2018010129094,2,9,0,18,0,8,0,0,0,0,1,1,6,1,48,8,1199,2,6,6,1,6
2018010129097,1,9,0,7,0,2,0,0,0,0,1,1,6,1,34,6,2993,2,-1,10,1,10
2018010129099,1,9,0,9,0,5,0,0,0,0,1,1,6,2,17,4,1242,1,9,9,1,9
2018010129099,2,9,0,18,0,1,0,0,0,0,3,1,6,1,52,8,1596,1,13,3,1,3
2018010129101,1,1,0,18,0,1,0,0,0,0,1,1,6,1,19,4,-1,-1,-1,5,1,5
2018010129103,1,9,0,18,9,2,0,10,7,2,4,1,6,1,34,6,1995,2,11,1,1,1
2018010129104,1,9,0,18,0,2,0,0,3,0,1,1,1,1,49,8,1797,8,7,-1,-1,-1
2018010129105,1,9,0,3,0,1,0,0,0,0,2,1,6,1,30,6,-1,-1,-1,4,1,4
2018010129105,2,9,0,4,0,1,1,0,0,0,1,1,6,2,29,6,1596,1,14,2,1,2
2018010129111,1,9,0,18,0,0,1,0,4,2,1,1,6,1,48,8,1497,1,13,6,1,6
2018010129112,1,9,0,-1,-1,0,-1,-1,-1,-1,-1,-1,6,1,51,8,1968,2,6,3,1,3
2018010129112,2,9,-1,-1,-1,0,-1,-1,-1,-1,-1,-1,6,2,30,6,1229,1,8,2,1,2
2018010129113,1,9,0,18,0,0,0,0,0,0,1,1,6,1,31,6,1995,2,8,8,1,8
2018010129114,1,9,5,18,0,8,0,10,0,0,3,1,6,1,28,6,-1,-1,-1,1,1,1
2018010129114,2,9,0,13,0,8,0,0,0,0,1,2,6,1,50,8,1956,2,3,1,1,1