Accident_Index,Vehicle_Reference,Vehicle_Type,Towing_and_Articulation,Vehicle_Manoeuvre,Vehicle_Location-Restricted_Lane,Junction_Location,Skidding_and_Overturning,Hit_Object_in_Carriageway,Vehicle_Leaving_Carriageway,Hit_Object_off_Carriageway,1st_Point_of_Impact,Was_Vehicle_Left_Hand_Drive?,Journey_Purpose_of_Driver,Sex_of_Driver,Age_of_Driver,Age_Band_of_Driver,Engine_Capacity_(CC),Propulsion_Code,Age_of_Vehicle,Driver_IMD_Decile,Driver_Home_Area_Type,Vehicle_IMD_Decile
2018010129116,1,2,0,18,0,5,0,0,0,0,0,1,6,1,28,6,125,1,2,3,1,3
2018010129117,1,9,0,-1,-1,-1,-1,-1,-1,-1,-1,-1,6,1,35,6,998,1,5,9,1,9
2018010129120,1,9,0,4,0,3,0,0,0,0,2,1,6,1,57,9,1197,1,1,3,1,3
2018010129120,2,9,0,4,0,3,0,0,0,0,1,1,6,1,49,8,1968,2,4,5,1,5
2018010129121,1,9,0,18,0,0,1,4,0,0,1,1,6,1,37,7,1360,1,13,-1,-1,-1
2018010129121,2,9,0,18,0,0,0,0,0,0,1,1,6,1,22,5,1995,2,5,7,2,7
2018010129121,3,9,0,1,0,0,0,0,0,0,2,1,6,1,22,5,1398,1,2,4,1,4
2018010129121,4,9,0,2,0,0,0,0,0,0,2,1,6,3,-1,-1,1200,1,-1,-1,-1,-1
2018010129121,5,9,0,18,0,0,0,0,0,0,2,1,6,1,30,6,2143,2,3,6,1,6
2018010129122,1,2,0,18,9,1,1,0,0,0,3,1,1,1,27,6,49,1,5,2,1,2
2018010129122,2,19,0,9,0,1,0,0,0,0,2,1,6,3,-1,-1,-1,-1,-1,-1,-1,-1
2018010129124,1,9,0,18,0,1,0,0,0,0,4,1,6,1,57,9,2264,2,17,-1,-1,-1
2018010129124,2,9,0,7,0,8,1,0,0,0,1,1,6,1,47,8,1587,1,14,3,1,3
2018010129127,1,9,0,-1,-1,0,-1,-1,-1,-1,2,-1,6,2,26,6,1796,1,11,4,1,4
2018010129127,2,8,0,-1,-1,0,-1,-1,-1,-1,1,-1,6,3,-1,-1,1797,8,8,-1,-1,-1
2018010129128,1,9,0,9,0,1,1,0,0,0,1,1,6,1,50,8,1799,1,23,6,1,6
2018010129128,2,4,0,18,0,1,0,0,0,0,1,1,2,1,51,8,249,1,7,3,1,3
2018010129129,1,3,0,3,0,1,0,0,0,0,2,1,2,1,22,5,125,1,11,5,1,5
2018010129129,2,9,0,5,0,8,0,0,0,0,1,1,6,3,-1,-1,-1,-1,-1,-1,-1,-1
2018010129130,1,9,0,9,0,2,0,0,0,0,4,1,6,1,37,7,1968,2,7,6,1,6
2018010129131,1,9,0,9,0,2,0,0,0,0,3,1,1,1,49,8,1399,1,10,2,1,2
2018010129135,1,9,0,7,0,1,0,0,0,0,1,1,6,1,45,7,1598,2,6,5,1,5
2018010129135,2,9,0,9,0,1,0,0,0,0,1,1,6,1,28,6,1896,2,12,5,2,5
2018010129136,1,9,0,18,0,0,5,4,0,0,1,1,6,1,27,6,1598,2,3,4,1,4
2018010129136,2,9,0,2,9,0,0,0,1,0,4,1,6,3,-1,-1,1198,1,6,-1,-1,-1
2018010129138,1,9,0,9,0,8,1,0,1,0,4,1,6,2,22,5,1598,1,13,3,1,3
2018010129138,2,9,0,18,0,1,0,0,0,0,4,1,6,1,23,5,1997,2,7,2,1,2
2018010129139,1,3,-1,-1,-1,0,-1,-1,-1,-1,1,1,6,1,28,6,125,1,2,5,1,5
2018010129139,2,9,-1,-1,-1,0,-1,-1,-1,-1,-1,-1,6,3,-1,-1,1595,2,8,-1,-1,-1
2018010129141,1,9,0,18,0,1,0,0,0,0,1,1,6,2,27,6,1248,2,7,5,1,5
2018010129141,2,9,0,16,0,2,0,0,0,0,1,1,6,2,64,9,1582,2,3,7,1,7
2018010129141,3,9,0,16,0,2,0,0,8,10,1,2,6,1,39,7,2696,2,10,9,1,9
2018010129148,1,9,0,18,0,4,1,0,0,0,3,1,6,1,22,5,-1,-1,-1,5,1,5
2018010129148,2,9,0,18,0,4,0,0,0,0,1,1,6,3,-1,-1,-1,-1,-1,-1,-1,-1
2018010129153,1,8,0,3,0,2,0,0,0,0,2,1,1,1,39,7,1797,8,3,3,1,3
2018010129153,2,9,0,5,0,8,0,0,0,0,1,1,6,2,24,5,1596,1,13,5,1,5
2018010129154,1,9,0,7,0,1,1,0,0,0,1,1,1,2,23,5,998,1,18,3,1,3
2018010129155,1,9,0,18,0,1,0,4,0,0,1,1,6,1,38,7,1497,8,14,6,1,6
2018010129155,2,9,0,9,0,8,0,4,0,0,3,1,6,1,72,10,1796,1,10,5,1,5
2018010129155,3,9,0,2,0,1,0,0,0,0,3,1,6,3,-1,-1,1995,2,12,-1,-1,-1
2018010129155,4,9,0,2,0,1,0,0,0,0,4,1,6,3,-1,-1,1598,1,5,-1,-1,-1
2018010129156,1,9,0,18,0,0,0,0,0,0,1,1,6,1,39,7,1995,2,2,2,1,2
2018010129156,2,1,0,18,0,0,0,0,1,0,2,1,6,1,45,7,-1,-1,-1,4,1,4
2018010129158,1,9,0,18,0,0,5,0,0,0,4,1,2,2,58,9,1339,8,8,3,1,3
2018010129160,1,1,-1,-1,-1,-1,-1,-1,-1,-1,-1,1,2,2,42,7,-1,-1,-1,3,1,3
2018010129160,2,20,0,-1,-1,-1,-1,-1,-1,-1,-1,-1,6,3,-1,-1,-1,-1,-1,9,1,9
2018010129167,1,9,0,18,0,8,0,0,0,0,1,1,2,1,44,7,1598,1,14,2,1,2
2018010129167,2,9,0,18,0,8,0,7,7,0,3,1,6,2,56,9,1598,1,10,8,1,8
2018010129174,1,9,0,2,0,0,0,4,0,0,2,1,6,3,-1,-1,2993,2,6,-1,-1,-1
2018010129174,2,1,0,18,0,0,0,4,0,0,1,1,6,1,58,9,-1,-1,-1,5,1,5
2018010129177,1,1,0,18,0,0,0,0,0,0,3,1,6,1,46,8,-1,-1,-1,7,1,7
2018010129177,2,9,0,13,0,0,0,0,1,0,4,1,6,2,70,10,-1,3,4,4,1,4
2018010129185,1,3,0,17,0,8,0,0,0,0,1,1,1,1,39,7,125,1,2,2,1,2
2018010129185,2,19,0,4,0,1,0,0,0,0,1,1,1,1,22,5,2143,2,1,3,1,3
2018010129186,1,9,0,-1,-1,-1,-1,-1,-1,-1,2,-1,6,1,31,6,1796,1,15,4,1,4
2018010129186,2,9,0,-1,-1,-1,-1,-1,-1,-1,1,-1,6,3,-1,-1,1560,2,11,-1,-1,-1
2018010129187,1,9,0,18,0,8,0,0,0,0,1,1,6,1,29,6,1595,1,10,2,1,2
2018010129187,2,9,0,18,0,8,0,0,0,0,2,1,6,1,53,8,1339,1,15,5,1,5
2018010129187,3,9,0,18,0,8,0,0,0,0,2,1,6,1,28,6,2967,2,4,1,1,1
2018010129192,1,4,0,18,0,1,0,7,0,0,1,1,6,1,15,3,125,1,-1,8,1,8
2018010129193,1,1,-1,-1,-1,-1,-1,-1,-1,-1,1,1,6,1,30,6,-1,-1,-1,8,1,8
2018010129193,2,9,0,-1,-1,-1,-1,-1,-1,-1,2,-1,6,3,45,7,2993,2,-1,10,1,10
2018010129194,1,1,-1,-1,-1,0,-1,-1,-1,-1,1,1,6,2,25,5,-1,-1,-1,3,1,3
2018010129194,2,9,0,-1,-1,0,-1,-1,-1,-1,-1,-1,6,3,-1,-1,-1,-1,-1,-1,-1,-1
2018010129197,1,3,0,-1,-1,0,-1,-1,-1,-1,1,1,6,1,45,7,124,1,11,3,1,3
2018010129197,2,9,0,-1,-1,0,-1,-1,-1,-1,-1,-1,6,3,-1,-1,1910,2,8,-1,-1,-1
2018010129199,1,9,0,18,0,2,0,0,0,0,3,1,6,2,56,9,1461,2,7,3,1,3
2018010129199,2,9,0,18,0,1,0,0,0,0,1,1,6,1,47,8,1968,2,6,3,1,3
2018010129199,3,9,0,18,0,8,0,0,0,0,1,1,6,3,-1,-1,1998,1,17,-1,-1,-1
2018010129200,1,9,0,-1,-1,-1,-1,-1,-1,-1,2,-1,6,1,36,7,2993,2,9,4,1,4
2018010129200,2,9,0,18,0,1,0,0,0,0,1,1,6,1,-1,-1,1995,1,12,4,1,4
2018010129202,1,4,0,-1,-1,-1,-1,-1,-1,-1,2,1,2,1,37,7,249,1,7,3,1,3
2018010129202,2,8,0,-1,-1,-1,-1,-1,-1,-1,2,-1,6,3,-1,-1,-1,-1,-1,-1,-1,-1
2018010129203,1,9,0,18,0,1,0,0,0,0,1,1,6,2,34,6,1198,1,3,2,1,2
2018010129204,1,9,0,9,0,4,0,0,0,0,3,2,6,2,53,8,1587,1,17,2,1,2
2018010129204,2,9,0,18,0,8,0,0,0,0,1,1,6,3,-1,-1,-1,-1,-1,-1,-1,-1
2018010129208,1,9,0,-1,0,8,0,0,0,0,2,-1,6,1,57,9,1910,2,13,6,1,6
2018010129209,1,9,0,9,0,8,0,0,0,0,2,1,6,1,47,8,2979,1,5,5,1,5
2018010129209,2,1,0,18,0,8,0,0,0,0,1,1,6,2,26,6,-1,-1,-1,2,1,2
2018010129212,1,9,0,4,0,1,0,0,0,0,4,2,6,3,-1,-1,-1,-1,-1,-1,-1,-1
2018010129213,1,19,0,18,0,1,0,10,1,2,1,1,1,1,47,8,1598,2,3,8,1,8
2018010129214,1,9,0,5,0,2,0,0,0,0,3,1,6,1,52,8,3824,1,12,6,1,6
2018010129214,2,3,0,18,0,1,0,0,0,0,4,1,1,1,57,9,125,1,3,7,1,7
2018010129215,1,9,0,-1,0,8,0,0,0,0,-1,-1,6,2,51,8,1240,1,8,3,1,3
2018010129219,1,9,0,18,0,1,0,0,0,0,1,1,6,2,30,6,998,1,15,3,1,3
2018010129219,2,9,0,9,0,1,0,0,0,0,1,1,6,1,28,6,1984,1,14,3,1,3
2018010129221,1,9,0,18,0,0,0,0,0,0,1,1,6,3,-1,-1,-1,-1,-1,-1,-1,-1
2018010129222,1,1,-1,-1,-1,-1,-1,-1,-1,-1,1,1,2,1,35,6,-1,-1,-1,7,1,7
2018010129222,2,9,0,-1,-1,-1,-1,-1,-1,-1,4,-1,6,3,-1,-1,1998,1,11,2,1,2
2018010129226,1,4,0,-1,-1,-1,-1,-1,-1,-1,1,1,2,1,54,8,-1,-1,-1,4,1,4
2018010129226,2,3,0,-1,-1,-1,-1,-1,-1,-1,2,1,6,3,-1,-1,-1,-1,-1,-1,-1,-1
2018010129231,1,9,0,18,0,1,0,0,0,0,1,1,6,2,24,5,1124,1,15,1,1,1
2018010129231,2,21,0,3,0,1,0,0,0,0,2,1,1,1,46,8,-1,-1,-1,9,1,9
2018010129234,1,5,0,18,0,1,0,0,2,7,1,1,6,1,62,9,749,1,2,4,1,4
2018010129235,1,9,0,-1,-1,1,-1,-1,-1,-1,2,-1,6,2,39,7,1360,1,19,2,1,2
2018010129235,2,9,0,-1,-1,1,-1,-1,-1,-1,2,-1,6,3,-1,-1,-1,-1,-1,-1,-1,-1
2018010129238,1,9,0,16,0,0,0,0,6,10,2,1,6,1,24,5,1998,1,-1,4,1,4
2018010129238,2,9,0,16,0,0,0,0,0,0,0,1,1,1,25,5,1499,2,2,5,1,5
2018010129239,1,21,1,18,0,1,0,0,0,0,1,1,1,3,-1,-1,-1,-1,-1,-1,-1,-1
2018010129241,1,9,0,18,0,0,0,0,0,0,1,1,6,1,35,6,2148,2,16,4,1,4
2018010129242,1,9,0,18,0,2,1,0,0,0,1,1,6,1,21,5,2993,2,3,4,1,4
2018010129242,2,9,0,18,0,8,0,0,0,0,1,1,6,2,41,7,1560,2,9,1,1,1
2018010129242,3,9,0,2,6,8,0,0,0,0,3,1,6,3,-1,-1,1598,2,6,-1,-1,-1
2018010129242,4,9,0,2,6,8,1,0,1,0,4,1,6,3,-1,-1,1984,1,2,-1,-1,-1
2018010129242,5,9,0,2,6,8,0,0,0,0,3,1,6,3,-1,-1,1984,1,2,-1,-1,-1
2018010129244,1,1,-1,-1,-1,-1,-1,-1,-1,-1,-1,1,6,2,30,6,-1,-1,-1,5,1,5
2018010129244,2,9,0,-1,-1,-1,-1,-1,-1,-1,1,-1,6,3,-1,-1,6592,1,-1,-1,-1,-1
2018010129247,1,9,0,9,0,2,0,0,0,0,1,1,6,1,65,9,1999,1,16,2,1,2
2018010129248,1,9,0,-1,-1,-1,-1,-1,-1,-1,2,-1,6,2,31,6,1995,2,6,2,1,2
2018010129248,2,19,-1,18,0,8,0,-1,0,0,1,-1,6,1,-1,-1,1998,2,15,-1,-1,-1
2018010129251,1,9,0,18,0,1,0,0,0,0,3,1,6,1,43,7,2993,2,4,8,1,8
2018010129251,2,3,0,18,0,1,5,4,0,0,3,1,6,1,19,4,125,1,5,4,1,4
2018010129251,3,9,0,2,0,1,0,0,0,0,3,1,6,3,-1,-1,2967,2,6,-1,-1,-1
2018010129253,1,3,0,18,0,6,1,0,0,0,4,1,6,1,49,8,125,1,3,3,1,3
2018010129254,1,3,0,5,0,0,0,0,0,0,1,1,6,3,-1,-1,-1,-1,-1,-1,-1,-1
2018010129257,1,9,0,18,0,1,0,0,0,0,1,1,6,1,19,4,1596,1,7,1,1,1
2018010129257,2,9,0,2,0,1,0,0,0,0,2,1,6,3,-1,-1,1461,2,8,-1,-1,-1
2018010129257,3,9,0,2,9,1,0,0,1,0,2,1,6,3,-1,-1,1587,1,13,-1,-1,-1
2018010129257,4,9,0,2,0,2,0,0,0,0,1,1,6,3,-1,-1,1997,2,9,-1,-1,-1
2018010129258,1,8,0,18,0,0,0,0,0,0,1,1,1,1,53,8,1598,2,7,3,1,3
2018010129258,2,19,0,18,0,0,0,0,0,0,3,1,2,2,54,8,1995,2,1,6,1,6
2018010129259,1,9,0,16,0,0,0,0,0,0,2,1,6,1,47,8,1968,2,1,7,1,7
2018010129259,2,9,0,16,0,0,0,0,0,0,1,1,6,1,21,5,1586,1,1,4,1,4
2018010129264,1,9,0,-1,-1,-1,-1,-1,-1,0,-1,-1,6,1,41,7,1950,2,1,4,1,4
2018010129264,2,20,0,-1,-1,-1,0,-1,-1,0,-1,-1,6,1,-1,-1,-1,-1,-1,4,1,4
2018010129269,1,9,-1,18,-1,-1,-1,-1,-1,0,1,-1,6,1,59,9,1560,2,5,4,1,4
2018010129269,2,19,-1,6,-1,-1,-1,-1,-1,-1,1,-1,6,1,44,7,2198,2,11,5,1,5
2018010129271,1,3,0,16,0,1,0,0,0,0,3,1,6,1,27,6,108,1,2,9,1,9
2018010129271,2,9,0,17,0,1,0,0,0,0,3,1,6,2,33,6,1560,2,3,2,1,2
2018010129277,1,1,-1,-1,-1,-1,-1,-1,-1,-1,-1,1,2,2,41,7,-1,-1,-1,9,1,9
2018010129277,2,19,0,-1,-1,-1,-1,-1,-1,-1,1,-1,6,3,-1,-1,1461,2,-1,8,1,8
2018010129280,1,3,0,4,0,0,0,0,0,0,1,1,2,1,21,5,108,1,2,4,1,4
2018010129280,2,9,0,3,0,0,0,0,0,0,0,1,6,3,-1,-1,1499,1,-1,-1,-1,-1
2018010129281,1,9,0,18,0,0,0,4,0,0,1,1,1,2,53,8,1598,1,7,8,1,8
2018010129281,2,9,0,2,0,0,0,0,0,0,2,1,6,3,-1,-1,2993,2,13,-1,-1,-1
2018010129286,1,9,0,18,-1,8,-1,-1,-1,-1,1,1,6,2,26,6,1242,1,9,5,1,5
2018010129286,2,9,0,9,0,8,0,0,0,0,1,-1,6,3,-1,-1,1798,8,6,-1,-1,-1
2018010129290,1,9,0,-1,-1,-1,-1,-1,-1,-1,1,-1,6,1,31,6,1396,1,16,4,1,4
2018010129301,1,9,0,18,0,1,0,0,0,0,1,1,6,2,38,7,1798,8,6,6,1,6
2018010129301,2,9,0,2,0,1,0,0,1,0,2,1,6,3,-1,-1,1395,1,2,-1,-1,-1
2018010129301,3,9,0,2,0,1,0,0,0,0,2,1,6,3,-1,-1,1149,1,16,-1,-1,-1
2018010129301,4,9,0,2,0,1,0,0,0,0,2,1,6,3,-1,-1,1999,1,16,-1,-1,-1
2018010129305,1,9,0,3,0,0,0,4,0,0,2,1,2,2,41,7,1995,2,3,-1,1,-1
2018010129305,2,9,0,18,0,0,0,4,0,0,1,1,2,1,29,6,1242,1,11,10,1,10
2018010129310,1,3,0,12,0,0,0,0,0,0,3,1,1,1,19,4,108,1,1,1,1,1
2018010129310,2,90,0,12,0,0,0,0,0,0,4,1,6,3,-1,-1,-1,-1,-1,-1,-1,-1
2018010129311,1,3,0,18,0,0,0,0,0,0,1,1,1,1,28,6,125,1,5,5,1,5
2018010129311,2,19,0,17,0,0,0,0,0,0,1,1,6,3,-1,-1,2402,2,12,-1,-1,-1
2018010129312,1,8,0,-1,-1,0,-1,-1,-1,-1,2,-1,6,1,51,8,1995,2,4,6,1,6
2018010129312,2,9,-1,-1,-1,0,-1,-1,-1,-1,2,-1,6,3,-1,-1,2499,1,7,-1,-1,-1
2018010129320,1,9,0,9,0,8,0,0,0,0,0,1,6,1,39,7,1968,2,7,9,1,9
2018010129320,2,3,0,18,0,1,2,0,0,0,0,1,2,1,36,7,49,1,1,9,1,9
2018010129321,1,9,0,9,0,7,0,0,0,0,1,1,6,1,35,6,1461,2,14,4,1,4
2018010129321,2,5,0,18,0,8,0,0,0,0,1,1,2,1,32,6,599,1,14,4,1,4
2018010129325,1,1,0,18,0,8,0,0,0,0,1,1,6,1,15,3,-1,-1,-1,7,1,7
2018010129326,1,1,-1,-1,-1,5,-1,-1,-1,-1,1,1,2,2,31,6,-1,-1,-1,2,1,2
2018010129326,2,3,0,-1,-1,6,-1,-1,-1,-1,1,1,6,3,-1,-1,-1,-1,-1,-1,-1,-1
2018010129329,1,9,0,18,0,8,0,0,0,0,1,1,6,2,38,7,2967,2,2,9,1,9
2018010129329,2,9,0,18,0,8,0,0,0,0,3,1,6,2,24,5,1396,1,13,9,1,9
2018010129331,1,9,0,-1,-1,0,-1,-1,-1,-1,2,-1,6,1,47,8,1998,1,14,6,1,6
2018010129331,2,9,0,-1,-1,0,-1,-1,-1,-1,1,-1,6,3,-1,-1,1598,2,5,8,1,8
2018010129333,1,9,0,18,0,1,0,0,0,0,1,1,6,1,28,6,1900,2,14,-1,-1,-1
2018010129333,2,8,0,18,0,2,0,0,0,0,1,1,6,1,53,8,2148,2,9,-1,-1,-1
2018010129335,1,9,0,9,0,8,0,0,0,0,4,1,6,1,54,8,1995,2,1,9,1,9
2018010129335,2,3,0,18,0,8,5,0,0,0,1,1,6,1,25,5,125,1,7,3,1,3
2018010129346,1,9,0,9,0,0,0,0,0,0,3,1,1,1,59,9,-1,-1,-1,3,1,3
2018010129351,1,9,0,4,9,2,0,0,0,0,3,1,6,2,48,8,1296,1,12,2,1,2
2018010129351,2,1,0,18,4,2,5,4,0,0,1,1,6,1,15,3,-1,-1,-1,2,1,2
2018010129354,1,1,-1,-1,-1,0,-1,-1,-1,-1,1,1,6,1,37,7,-1,-1,-1,3,1,3
2018010129354,2,8,0,-1,-1,0,-1,-1,-1,-1,-1,-1,6,3,-1,-1,1995,2,6,6,1,6
2018010129355,1,11,0,5,0,0,0,0,0,0,0,1,1,1,57,9,4500,2,2,-1,-1,-1
2018010129356,1,5,0,-1,-1,-1,-1,-1,-1,-1,-1,1,2,1,34,6,1237,1,8,6,1,6
2018010129356,2,9,0,-1,-1,-1,-1,-1,-1,-1,-1,-1,6,3,-1,-1,-1,-1,-1,-1,-1,-1
2018010129359,1,9,-1,-1,0,-1,-1,0,0,0,-1,-1,6,3,-1,-1,-1,-1,-1,-1,-1,-1
2018010129365,1,19,0,2,0,0,0,0,0,0,0,1,6,3,-1,-1,2148,2,12,-1,-1,-1
2018010129365,2,90,0,1,0,0,0,0,0,0,3,1,1,1,38,7,-1,-1,-1,-1,-1,-1
2018010129370,1,9,0,-1,-1,-1,-1,-1,-1,-1,1,-1,6,1,40,7,1968,2,9,4,1,4
2018010129370,2,20,0,-1,-1,-1,-1,-1,-1,-1,2,-1,6,3,-1,-1,-1,-1,-1,-1,-1,-1
2018010129374,1,3,0,18,0,4,1,10,3,2,1,1,6,1,31,6,124,1,2,5,1,5
2018010129374,2,9,0,9,0,4,0,0,0,0,1,1,6,2,47,8,2497,2,11,5,1,5
2018010129376,1,9,0,3,0,0,0,0,0,0,2,1,6,2,50,8,1796,1,14,5,1,5
2018010129376,2,9,0,3,0,0,0,0,0,0,2,1,6,1,43,7,1995,2,10,4,1,4
2018010129376,3,19,0,3,0,0,0,4,0,0,2,1,6,1,45,7,1996,2,6,3,1,3
2018010129376,4,19,0,3,0,0,0,4,0,0,2,1,1,1,60,9,1995,2,-1,7,1,7
2018010129378,1,9,0,18,0,0,0,0,0,0,1,1,6,1,43,7,1399,1,11,3,1,3
2018010129380,1,3,0,-1,-1,-1,-1,-1,-1,-1,-1,1,6,1,28,6,108,1,6,2,1,2
2018010129380,2,9,0,-1,-1,-1,-1,-1,-1,-1,0,-1,6,3,-1,-1,-1,-1,-1,-1,-1,-1
2018010129382,1,11,0,9,2,8,0,0,0,0,0,1,1,1,30,6,-1,-1,-1,4,1,4
2018010129383,1,9,0,14,0,1,0,0,0,0,1,1,2,2,27,6,998,1,2,6,1,6
2018010129387,1,19,0,18,0,8,0,0,0,0,1,1,1,1,24,5,-1,-1,-1,4,1,4
2018010129388,1,1,0,18,0,0,0,0,0,0,4,1,2,1,31,6,-1,-1,-1,6,1,6
2018010129389,1,1,0,5,0,1,0,0,0,0,1,1,6,1,30,6,-1,-1,-1,-1,-1,-1
2018010129391,1,1,-1,-1,-1,-1,-1,-1,-1,-1,-1,1,6,2,21,5,-1,-1,-1,3,1,3
2018010129391,2,9,0,-1,-1,-1,-1,-1,-1,-1,1,-1,6,3,-1,-1,1598,1,7,-1,-1,-1
2018010129393,1,11,0,4,2,8,0,0,0,0,3,1,1,1,52,8,5132,2,1,1,1,1
2018010129393,2,19,0,7,0,5,0,0,0,0,3,1,1,1,26,6,1968,2,2,7,1,7
2018010129395,1,11,0,5,0,1,0,0,0,0,0,1,1,1,28,6,4500,2,2,-1,-1,-1
2018010129400,1,9,0,7,0,8,0,0,0,0,4,1,6,1,37,7,1968,2,-1,5,1,5
2018010129400,2,3,0,18,0,8,0,0,0,0,1,1,6,1,37,7,125,1,4,4,1,4
2018010129402,1,19,0,2,0,0,0,4,0,0,3,1,6,3,-1,-1,2143,2,-1,-1,-1,-1
2018010129402,2,90,0,18,0,0,0,4,0,0,4,1,6,3,-1,-1,-1,-1,-1,-1,-1,-1
2018010129408,1,1,0,18,0,1,0,0,0,0,1,1,2,1,31,6,-1,-1,-1,7,1,7
2018010129409,1,9,0,3,0,1,0,0,0,0,2,1,6,1,38,7,1997,2,8,10,1,10
2018010129409,2,9,0,3,0,1,0,0,0,0,2,1,6,2,29,6,1296,1,12,5,1,5
2018010129409,3,9,0,3,0,1,0,0,0,0,1,1,6,2,18,4,1149,1,15,8,1,8
2018010129411,1,3,0,18,0,1,0,0,0,0,3,1,6,1,33,6,124,1,4,-1,-1,-1
2018010129411,2,9,0,18,0,1,0,0,0,0,1,1,1,1,56,9,2993,2,3,4,1,4
2018010129413,1,9,0,1,9,0,0,0,0,0,2,1,6,2,78,11,1198,1,5,9,1,9
2018010129415,1,9,0,9,0,1,1,0,0,0,1,1,6,1,46,8,1753,2,12,5,1,5
2018010129415,2,3,0,13,0,1,2,0,0,0,2,1,6,1,31,6,124,1,2,3,1,3
2018010129418,1,9,0,7,0,5,0,0,0,0,4,1,6,1,41,7,2143,2,3,3,1,3
2018010129418,2,3,0,7,0,5,0,0,0,0,3,1,1,1,28,6,108,1,2,2,1,2
2018010129421,1,9,0,-1,-1,-1,-1,-1,-1,-1,1,-1,6,1,26,6,1461,2,10,8,1,8
2018010129422,1,9,0,-1,-1,-1,-1,-1,-1,-1,2,-1,6,2,56,9,1896,2,10,6,1,6
2018010129422,2,9,0,-1,-1,-1,-1,-1,-1,-1,0,-1,6,3,-1,-1,2996,1,9,-1,-1,-1
2018010129423,1,9,0,18,0,3,0,0,0,0,1,1,6,1,56,9,-1,-1,-1,3,1,3
2018010129425,1,5,0,18,0,0,0,0,0,0,3,1,2,1,37,7,806,1,2,2,1,2
2018010129428,1,9,0,18,0,8,0,0,0,0,1,1,6,2,21,5,1390,1,11,2,1,2
2018010129428,2,8,0,9,0,8,0,0,0,0,1,1,1,1,36,7,1797,8,8,5,1,5
2018010129432,1,19,0,18,0,0,0,4,0,0,1,1,6,1,40,7,1968,2,1,7,1,7
2018010129432,2,21,1,2,0,0,0,0,0,0,2,1,6,3,-1,-1,9186,2,5,-1,-1,-1
2018010129433,1,9,0,2,0,1,0,0,0,0,3,1,6,3,-1,-1,1499,1,2,-1,-1,-1
2018010129433,2,1,0,18,0,1,0,4,0,0,4,1,6,1,25,5,-1,-1,-1,1,1,1
2018010129434,1,3,0,14,0,0,0,0,0,0,3,1,1,1,45,7,125,1,7,3,1,3
2018010129434,2,9,0,4,6,0,0,0,0,0,4,1,6,2,26,6,1595,1,1,3,1,3
2018010129435,1,3,0,4,0,0,1,11,0,0,1,1,6,1,24,5,125,1,8,5,-1,5
2018010129435,2,20,0,18,0,0,0,0,0,0,0,1,6,3,-1,-1,-1,-1,-1,-1,-1,-1
2018010129436,1,9,0,1,0,1,0,0,0,0,2,1,6,1,43,7,1950,2,1,8,1,8
2018010129445,1,19,0,4,0,1,0,0,0,0,3,1,1,1,59,9,2198,2,3,7,1,7
2018010129445,2,1,0,15,0,1,0,0,0,0,1,1,6,1,34,6,-1,-1,-1,2,1,2
2018010129446,1,1,0,18,0,8,5,0,0,0,0,1,6,1,40,7,-1,-1,-1,4,1,4
2018010129446,2,3,-1,7,0,8,0,-1,-1,0,0,1,6,1,-1,-1,125,1,3,3,1,3
2018010129448,1,9,0,5,0,8,0,0,0,0,0,1,6,2,27,6,1339,1,15,2,1,2
2018010129448,2,3,0,18,0,8,2,0,0,0,0,1,2,1,33,6,125,1,2,3,1,3
2018010129449,1,9,0,15,0,1,0,0,0,0,1,1,6,3,-1,-1,1461,2,7,-1,-1,-1
2018010129449,2,1,0,3,0,1,0,0,0,0,2,1,1,2,29,6,-1,-1,-1,-1,-1,-1
2018010129457,1,3,0,-1,-1,-1,-1,-1,-1,-1,1,1,6,1,17,4,-1,-1,-1,7,1,7
2018010129457,2,90,0,-1,-1,-1,-1,-1,-1,-1,-1,-1,6,3,-1,-1,-1,-1,-1,-1,-1,-1
2018010129463,1,9,0,17,0,8,0,0,0,0,4,-1,6,1,42,7,1598,1,12,1,1,1
2018010129463,2,9,-1,12,0,8,-1,0,0,0,3,-1,6,1,37,7,2987,2,8,3,1,3
2018010129464,1,9,0,9,0,5,0,0,0,0,1,1,6,1,25,5,1395,1,1,5,3,5
2018010129464,2,4,0,18,0,1,0,0,0,0,1,1,6,2,39,7,599,1,8,1,1,1
2018010129468,1,9,0,4,0,0,0,0,0,0,2,1,6,1,43,7,1497,8,13,3,1,3
2018010129468,2,9,0,3,0,0,0,0,0,0,1,1,6,1,26,6,1798,8,6,8,1,8
2018010129471,1,9,0,4,0,1,1,0,0,0,1,1,2,1,36,7,2000,2,13,3,1,3
2018010129471,2,9,0,4,0,1,0,0,0,0,2,1,6,2,51,8,1390,1,8,-1,-1,-1
2018010129473,1,9,0,3,-1,-1,-1,-1,-1,-1,2,-1,2,1,20,4,1984,1,1,4,1,4
2018010129473,2,9,0,-1,-1,-1,-1,-1,-1,-1,1,-1,6,3,-1,-1,1242,1,10,-1,-1,-1
2018010129477,1,1,-1,-1,-1,-1,-1,-1,-1,-1,-1,1,2,1,29,6,-1,-1,-1,3,1,3
2018010129477,2,8,0,-1,-1,-1,-1,-1,-1,-1,1,-1,6,3,-1,-1,-1,-1,-1,-1,-1,-1
2018010129478,1,9,5,9,0,1,0,0,0,0,3,-1,6,1,30,6,1995,2,5,1,1,1
2018010129478,2,9,-1,-1,0,-1,0,0,0,0,-1,-1,6,3,-1,-1,1986,2,9,-1,-1,-1
2018010129483,1,9,0,-1,-1,0,-1,-1,-1,-1,2,-1,2,2,40,7,1798,8,2,8,1,8
2018010129483,2,9,-1,-1,-1,0,-1,-1,-1,-1,1,-1,6,3,-1,-1,-1,-1,-1,-1,-1,-1