Accident_Index,Vehicle_Reference,Vehicle_Type,Towing_and_Articulation,Vehicle_Manoeuvre,Vehicle_Location-Restricted_Lane,Junction_Location,Skidding_and_Overturning,Hit_Object_in_Carriageway,Vehicle_Leaving_Carriageway,Hit_Object_off_Carriageway,1st_Point_of_Impact,Was_Vehicle_Left_Hand_Drive?,Journey_Purpose_of_Driver,Sex_of_Driver,Age_of_Driver,Age_Band_of_Driver,Engine_Capacity_(CC),Propulsion_Code,Age_of_Vehicle,Driver_IMD_Decile,Driver_Home_Area_Type,Vehicle_IMD_Decile
2018010129485,1,9,0,7,0,5,0,0,0,0,1,1,6,1,23,5,1598,1,12,4,1,4
2018010129490,1,90,0,5,0,0,0,0,7,0,1,1,6,1,30,6,-1,-1,-1,-1,-1,-1
2018010129494,1,9,0,18,0,4,0,0,0,0,1,1,2,2,24,5,2231,2,9,6,1,6
2018010129494,2,1,0,18,0,3,0,0,0,0,3,1,2,1,32,6,-1,-1,-1,7,-1,7
2018010129495,1,9,0,18,0,8,0,0,0,0,1,1,6,1,36,7,1794,1,11,-1,-1,-1
2018010129495,2,9,0,9,0,8,0,0,0,0,4,1,6,1,77,11,1587,1,12,6,1,6
2018010129496,1,8,0,12,2,0,0,0,0,0,3,1,1,1,48,8,1997,2,2,5,1,5
2018010129496,2,3,0,18,2,0,1,0,0,0,1,1,6,1,24,5,-1,-1,-1,7,1,7
2018010129500,1,90,0,18,0,1,0,0,0,0,1,1,6,1,69,10,-1,-1,-1,3,1,3
2018010129500,2,9,0,10,0,1,0,0,0,0,2,1,6,1,26,6,1995,2,-1,2,1,2
2018010129500,3,9,0,18,0,1,0,0,0,0,3,1,6,2,24,5,1197,1,3,8,1,8
2018010129503,1,3,0,18,0,8,0,0,0,0,1,1,6,1,39,7,124,1,7,-1,-1,-1
2018010129503,2,9,-1,-1,-1,-1,-1,-1,-1,-1,-1,-1,6,2,22,5,1598,1,12,8,2,8
2018010129505,1,9,0,-1,-1,-1,-1,-1,-1,-1,-1,-1,6,1,41,7,1997,2,7,5,1,5
2018010129505,2,19,-1,18,-1,1,-1,0,0,0,1,1,6,3,28,6,1995,2,-1,-1,-1,-1
2018010129506,1,9,0,9,0,2,0,0,1,10,1,1,1,1,64,9,1493,1,22,3,1,3
2018010129506,2,19,0,18,0,1,0,0,0,0,1,1,1,1,38,7,2287,2,1,2,1,2
2018010129508,1,9,0,9,0,1,0,0,0,0,1,1,6,2,36,7,1197,1,2,2,1,2
2018010129508,2,9,0,3,0,8,1,0,0,0,1,1,6,2,38,7,1956,2,2,6,3,6
2018010129510,1,9,0,8,0,8,0,0,0,0,0,1,6,2,35,6,1598,1,6,4,1,4
2018010129510,2,1,0,18,4,8,5,0,0,0,0,1,2,1,37,7,-1,-1,-1,3,1,3
2018010129518,1,9,0,18,0,0,0,10,7,4,1,1,6,1,84,11,1597,1,9,-1,-1,-1
2018010129522,1,1,0,18,0,8,0,0,0,0,1,1,6,1,35,6,-1,-1,-1,4,1,4
2018010129522,2,9,-1,9,0,8,0,-1,-1,0,-1,-1,6,3,-1,-1,1390,1,9,-1,-1,-1
2018010129525,1,9,0,4,0,0,0,0,0,0,2,-1,6,1,35,6,1998,1,15,-1,-1,-1
2018010129525,2,19,-1,-1,-1,0,-1,-1,0,0,1,-1,6,3,-1,-1,1995,2,1,-1,-1,-1
2018010129525,3,19,0,4,0,0,0,0,0,0,2,-1,6,1,44,7,2198,2,5,6,1,6
2018010129527,1,9,0,18,0,4,-1,0,0,0,2,1,6,2,44,7,1299,1,17,6,1,6
2018010129527,2,9,0,18,0,4,-1,0,0,0,1,-1,6,3,-1,-1,-1,-1,-1,-1,-1,-1
2018010129533,1,9,0,5,0,8,0,0,0,0,3,1,1,1,37,7,1395,8,3,7,1,7
2018010129533,2,1,0,18,0,8,0,0,0,0,1,1,6,2,47,8,-1,-1,-1,1,1,1
2018010129534,1,9,0,18,0,1,0,0,0,0,1,1,6,2,45,7,1339,1,11,5,1,5
2018010129534,2,8,0,18,0,2,0,0,0,0,1,1,1,1,56,9,2231,2,9,4,1,4
2018010129535,1,11,0,18,0,0,0,0,0,0,0,1,1,3,-1,-1,-1,-1,-1,-1,-1,-1
2018010129540,1,9,0,-1,-1,-1,-1,-1,-1,-1,-1,-1,6,1,23,5,1995,2,6,5,1,5
2018010129542,1,3,0,-1,-1,0,-1,-1,-1,-1,2,1,6,1,26,6,108,1,1,2,1,2
2018010129542,2,9,0,-1,-1,0,-1,-1,-1,-1,1,-1,6,3,33,6,1791,8,6,-1,-1,-1
2018010129546,1,5,0,18,0,8,0,0,0,0,1,1,6,2,30,6,649,1,5,6,1,6
2018010129546,2,9,0,9,0,6,0,0,0,0,3,1,6,1,37,7,1600,1,14,7,1,7
2018010129548,1,9,0,14,0,1,0,0,0,0,1,1,6,1,42,7,1149,1,8,2,1,2
2018010129548,2,9,0,18,0,1,0,0,0,0,3,1,6,2,68,10,1242,1,4,4,1,4
2018010129548,3,9,0,18,0,2,0,0,1,0,1,1,6,1,66,10,1997,2,3,6,1,6
2018010129550,1,9,0,-1,-1,-1,-1,-1,-1,-1,-1,-1,6,1,27,6,1248,1,2,3,1,3
2018010129550,2,9,0,-1,-1,-1,-1,-1,-1,-1,1,-1,6,3,-1,-1,1968,2,2,2,1,2
2018010129556,1,9,0,5,0,0,0,0,0,0,1,1,6,1,25,5,1991,1,-1,-1,-1,-1
2018010129557,1,9,0,5,0,1,0,0,0,0,1,1,6,1,38,7,1599,1,16,4,1,4
2018010129557,2,1,0,13,0,2,0,0,0,0,1,1,6,1,13,3,-1,-1,-1,2,1,2
2018010129559,1,9,0,12,0,7,0,0,0,0,2,1,6,2,66,10,1098,1,-1,8,1,8
2018010129559,2,9,0,18,0,8,0,0,0,0,1,1,1,1,45,7,1339,8,7,-1,-1,-1
2018010129563,1,9,0,5,0,1,0,0,0,0,1,1,1,1,37,7,1685,2,2,2,1,2
2018010129564,1,11,0,4,0,8,0,0,0,0,4,1,1,1,54,8,4500,2,6,2,1,2
2018010129565,1,9,0,18,0,0,0,0,0,0,4,1,6,1,24,5,1995,2,4,2,1,2
2018010129566,1,19,0,4,0,8,0,0,0,0,2,1,2,2,54,8,1995,2,1,4,1,4
2018010129566,2,1,0,18,0,8,0,0,0,0,1,1,6,1,17,4,-1,-1,-1,6,1,6
2018010129569,1,9,0,18,0,1,0,0,0,0,1,1,6,1,23,5,2143,2,3,1,1,1
2018010129570,1,9,0,9,0,1,0,0,0,0,4,1,6,1,-1,-1,1390,1,11,4,1,4
2018010129570,2,1,0,18,0,1,0,0,0,0,1,1,2,1,25,5,-1,-1,-1,3,1,3
2018010129572,1,19,0,9,0,8,0,0,0,0,3,1,6,1,26,6,2151,2,15,-1,1,-1
2018010129572,2,3,0,16,0,8,0,0,0,0,1,1,6,1,23,5,124,1,-1,2,1,2
2018010129572,3,9,0,3,0,1,0,0,0,0,1,1,6,1,61,9,-1,-1,-1,1,1,1
2018010129574,1,9,0,9,0,3,0,0,0,0,1,1,2,2,68,10,1598,1,16,2,1,2
2018010129574,2,4,0,14,0,3,0,4,0,0,1,1,6,1,40,7,125,1,10,2,1,2
2018010129575,1,9,0,18,0,1,0,0,0,0,1,1,6,3,-1,-1,-1,-1,-1,-1,-1,-1
2018010129577,1,3,0,11,0,8,5,0,0,0,1,1,6,3,-1,-1,125,1,9,-1,-1,-1
2018010129577,2,11,0,18,0,8,0,0,0,0,1,1,1,1,33,6,5132,2,1,5,1,5
2018010129579,1,9,0,18,0,2,0,0,0,0,1,2,6,2,32,6,2143,2,-1,2,1,2
2018010129579,2,9,0,9,0,5,0,0,0,0,1,1,6,2,52,8,1595,1,-1,3,1,3
2018010129584,1,9,0,18,0,0,0,0,0,0,1,1,6,1,73,10,2967,2,6,9,1,9
2018010129585,1,9,0,18,0,0,0,0,0,0,4,1,6,1,18,4,1198,1,4,5,1,5
2018010129585,2,9,0,2,0,0,0,0,0,0,2,1,6,3,-1,-1,1587,1,12,-1,-1,-1
2018010129589,1,9,0,-1,-1,-1,-1,-1,-1,-1,2,-1,2,1,44,7,1968,1,10,4,1,4
2018010129594,1,9,0,-1,-1,-1,-1,-1,-1,-1,2,-1,6,2,67,10,1799,1,11,5,1,5
2018010129594,2,9,0,-1,-1,-1,-1,-1,-1,-1,1,-1,6,3,-1,-1,2204,2,11,-1,-1,-1
2018010129595,1,11,0,18,0,0,0,0,0,0,4,1,6,1,38,7,9360,2,6,2,1,2
2018010129600,1,9,0,5,0,6,0,0,0,0,3,1,6,1,36,7,1197,1,1,3,1,3
2018010129604,1,9,0,18,0,8,0,0,0,0,1,1,6,1,46,8,1329,1,9,2,1,2
2018010129604,2,9,0,9,0,7,0,0,0,0,4,1,6,1,41,7,-1,-1,-1,5,1,5
2018010129607,1,3,0,18,0,1,0,0,0,0,1,1,6,3,-1,-1,-1,-1,-1,-1,-1,-1
2018010129610,1,9,0,18,0,1,0,0,0,0,1,1,6,1,18,4,2967,2,5,-1,-1,-1
2018010129610,2,9,0,18,0,8,0,0,0,0,1,1,6,1,25,5,1995,2,8,5,1,5
2018010129613,1,90,0,5,0,1,0,0,0,0,1,1,6,3,-1,-1,2299,2,4,-1,-1,-1
2018010129613,2,5,0,3,0,1,0,0,0,0,2,1,6,1,59,9,1202,1,6,1,1,1
2018010129614,1,1,-1,-1,-1,0,-1,-1,-1,-1,0,1,2,2,40,7,-1,-1,-1,3,1,3
2018010129614,2,9,0,-1,-1,0,-1,-1,-1,-1,-1,-1,6,3,58,9,2179,2,6,-1,-1,-1
2018010129618,1,9,0,18,0,0,0,0,0,0,1,1,6,1,36,7,1781,1,18,6,1,6
2018010129618,2,9,0,6,0,0,0,0,0,0,1,1,6,1,30,6,1598,1,12,7,1,7
2018010129620,1,9,0,18,0,0,0,0,0,0,1,1,1,1,33,6,2993,2,2,-1,-1,-1
2018010129620,2,4,0,18,0,0,0,0,0,0,4,1,6,1,18,4,125,1,2,8,1,8
2018010129623,1,11,0,5,0,2,0,0,0,0,1,1,1,1,54,8,4500,2,2,4,1,4
2018010129624,1,9,0,5,0,1,0,0,0,0,1,1,6,1,23,5,1598,2,4,9,1,9
2018010129624,2,1,0,18,0,1,0,0,0,0,3,1,2,2,26,6,-1,-1,-1,9,1,9
2018010129628,1,1,-1,-1,-1,-1,-1,-1,-1,-1,-1,1,2,1,27,6,-1,-1,-1,2,1,2
2018010129628,2,3,0,-1,-1,-1,-1,-1,-1,-1,-1,1,6,3,-1,-1,-1,-1,-1,-1,-1,-1
2018010129630,1,9,0,9,0,8,0,0,0,0,1,1,2,2,25,5,1229,1,3,6,1,6
2018010129630,2,1,0,18,0,8,0,0,0,0,1,1,6,1,30,6,-1,-1,-1,8,1,8
2018010129633,1,3,-1,-1,0,0,0,-1,-1,0,-1,1,6,1,39,7,125,1,5,1,1,1
2018010129633,2,9,-1,-1,-1,0,0,-1,-1,0,-1,-1,6,3,-1,-1,-1,-1,-1,-1,-1,-1
2018010129637,1,9,-1,-1,-1,-1,-1,-1,-1,-1,-1,-1,6,1,27,6,1198,1,1,3,1,3
2018010129637,2,9,-1,-1,-1,-1,-1,-1,-1,-1,-1,-1,6,3,-1,-1,998,1,1,-1,-1,-1
2018010129649,1,1,-1,-1,-1,-1,-1,-1,-1,-1,-1,1,2,1,31,6,-1,-1,-1,2,1,2
2018010129649,2,19,-1,-1,-1,-1,-1,-1,-1,-1,-1,-1,6,3,-1,-1,2198,2,6,-1,-1,-1
2018010129653,1,9,0,1,9,0,0,0,0,0,4,-1,6,3,-1,-1,-1,-1,-1,-1,-1,-1
2018010129657,1,9,0,18,2,1,0,7,0,0,3,1,6,1,22,5,2204,2,12,3,1,3
2018010129657,2,19,0,11,0,5,0,0,0,0,4,1,1,1,51,8,1995,2,1,8,3,8
2018010129661,1,9,-1,18,0,1,-1,-1,-1,-1,1,-1,6,3,-1,-1,1995,2,6,-1,-1,-1
2018010129661,2,2,-1,18,0,1,-1,-1,-1,-1,4,1,6,1,-1,-1,-1,-1,-1,2,1,2
2018010129662,1,11,0,4,0,1,0,0,0,0,0,1,1,1,56,9,9360,2,8,4,1,4
2018010129663,1,11,0,18,0,2,0,0,0,0,1,1,1,1,48,8,6696,2,5,5,1,5
2018010129665,1,9,0,-1,-1,-1,-1,-1,-1,-1,2,-1,6,2,24,5,1598,1,12,6,3,6
2018010129665,2,9,0,-1,-1,-1,-1,-1,-1,-1,1,-1,6,3,-1,-1,1586,1,3,-1,-1,-1
2018010129666,1,9,0,3,0,0,0,0,0,0,2,1,6,1,43,7,2143,2,1,2,1,2
2018010129666,2,9,0,4,0,0,0,0,0,0,1,1,2,1,56,9,-1,-1,-1,9,1,9
2018010129667,1,9,0,12,6,5,0,0,0,0,1,1,6,1,24,5,1395,1,-1,2,1,2
2018010129667,2,9,0,18,0,6,0,10,0,0,4,1,6,1,52,8,2143,2,8,5,1,5
2018010129674,1,19,0,14,0,0,0,0,0,0,0,1,1,1,47,8,1753,2,11,9,2,9
2018010129674,2,3,0,5,0,0,0,0,0,0,1,1,1,1,-1,-1,125,1,6,3,1,3
2018010129676,1,11,0,17,0,8,0,0,3,0,0,1,1,1,40,7,4500,2,9,7,1,7
2018010129677,1,21,1,18,0,1,0,0,0,0,1,1,1,1,51,8,6692,2,7,1,1,1
2018010129677,2,9,0,9,0,8,0,0,0,0,2,1,1,1,47,8,1968,2,8,9,1,9
2018010129681,1,19,0,11,5,5,0,0,0,0,4,1,1,1,22,5,1753,2,11,2,1,2
2018010129681,2,1,0,18,5,5,0,0,0,0,1,1,1,1,46,8,-1,-1,-1,8,1,8
2018010129682,1,9,0,18,0,0,0,4,0,0,1,1,6,1,25,5,1995,2,2,-1,-1,-1
2018010129682,2,9,0,2,0,0,0,4,0,0,2,1,6,3,-1,-1,1747,1,20,-1,-1,-1
2018010129682,3,9,0,2,0,0,0,4,0,0,2,1,6,3,-1,-1,1596,1,11,-1,-1,-1
2018010129682,4,9,0,2,0,0,0,0,0,0,2,1,6,3,-1,-1,1599,1,10,-1,-1,-1
2018010129691,1,9,0,18,0,1,0,0,0,0,1,1,6,3,-1,-1,-1,-1,-1,-1,-1,-1
2018010129692,1,1,-1,-1,-1,-1,-1,-1,-1,-1,-1,1,2,1,48,8,-1,-1,-1,3,1,3
2018010129692,2,9,0,-1,-1,-1,-1,-1,-1,-1,1,-1,6,3,-1,-1,2143,2,-1,9,3,9
2018010129693,1,9,0,3,0,0,0,0,0,0,2,1,6,2,39,7,1364,1,10,7,1,7
2018010129693,2,9,0,3,0,0,0,0,0,0,2,1,6,3,-1,-1,1560,2,12,-1,-1,-1
2018010129693,3,9,0,3,0,0,0,0,0,0,2,1,6,1,25,5,1995,2,11,5,1,5
2018010129693,4,9,0,18,0,0,0,0,0,0,1,1,6,2,38,7,1968,2,11,5,1,5
2018010129694,1,9,0,-1,-1,-1,-1,-1,-1,-1,-1,-1,6,1,33,6,1595,1,13,1,1,1
2018010129694,2,9,0,-1,-1,-1,-1,-1,-1,-1,-1,-1,6,3,31,6,-1,-1,-1,-1,-1,-1
2018010129695,1,9,0,18,0,0,0,0,0,0,4,1,6,2,37,7,1339,1,15,-1,-1,-1
2018010129695,2,19,0,2,0,0,0,0,0,0,3,1,6,3,-1,-1,1995,2,10,-1,-1,-1
2018010129697,1,9,0,14,0,1,0,0,0,0,1,1,6,2,32,6,1595,1,11,6,1,6
2018010129697,2,9,0,10,0,1,0,0,0,0,2,1,6,1,54,8,2993,2,1,9,3,9
2018010129699,1,9,0,18,0,0,0,0,0,0,1,1,2,1,25,5,1149,1,14,4,1,4
2018010129705,1,1,-1,-1,-1,-1,-1,-1,-1,-1,-1,1,2,2,33,6,-1,-1,-1,-1,-1,-1
2018010129705,2,90,0,-1,-1,-1,-1,-1,-1,-1,1,-1,6,3,-1,-1,-1,-1,-1,-1,-1,-1
2018010129707,1,9,0,18,0,8,1,0,0,0,1,1,6,1,87,11,1318,1,2,10,1,10
2018010129707,2,9,0,10,0,1,0,0,0,0,3,1,6,1,48,8,1198,1,3,9,1,9
2018010129707,3,11,0,10,0,1,0,0,0,0,1,1,1,1,54,8,4500,2,7,5,1,5
2018010129708,1,9,0,-1,-1,-1,-1,-1,-1,-1,1,-1,6,2,68,10,-1,-1,-1,6,1,6
2018010129720,1,9,0,18,0,1,0,0,7,10,1,1,6,2,75,10,1240,1,11,8,1,8
2018010129720,2,9,0,7,0,6,0,0,0,0,3,1,6,1,54,8,2496,1,16,-1,-1,-1
2018010129722,1,9,0,-1,-1,-1,-1,-1,-1,-1,1,-1,6,2,35,6,1598,2,2,10,1,10
2018010129722,2,9,0,-1,-1,-1,-1,-1,-1,-1,-1,-1,6,2,27,6,1390,1,7,7,1,7
2018010129723,1,9,0,18,0,1,0,0,0,0,1,1,6,1,23,5,1388,1,11,2,1,2
2018010129723,2,3,0,18,0,1,0,0,0,0,2,1,6,1,29,6,125,1,2,3,1,3
2018010129723,3,9,0,5,0,1,0,0,0,0,0,1,6,1,30,6,1995,2,2,3,1,3
2018010129723,4,3,0,18,0,1,0,0,0,0,2,1,6,1,23,5,124,1,11,6,1,6
2018010129724,1,9,0,18,0,8,0,0,0,0,1,1,6,1,30,6,1968,2,7,7,1,7
2018010129724,2,9,0,9,0,8,0,0,0,0,1,1,6,1,26,6,1591,1,7,7,1,7
2018010129725,1,8,0,-1,-1,0,-1,-1,-1,-1,2,-1,6,1,30,6,1798,8,-1,2,1,2
2018010129725,2,9,0,-1,-1,0,-1,-1,-1,-1,1,-1,6,3,-1,-1,-1,-1,-1,-1,-1,-1
2018010129726,1,9,0,5,0,2,0,0,0,0,1,1,6,1,56,9,1598,1,4,3,1,3
2018010129726,2,4,0,17,0,1,0,0,0,0,4,1,6,1,66,10,645,1,5,-1,-1,-1
2018010129730,1,11,0,5,0,8,0,0,0,0,0,1,6,2,46,8,6700,2,6,1,1,1
2018010129731,1,9,0,18,0,0,0,0,0,0,1,1,6,1,19,4,-1,3,2,3,1,3
2018010129733,1,9,0,-1,-1,-1,-1,-1,-1,-1,-1,-1,6,1,39,7,1339,1,13,6,1,6
2018010129733,2,9,-1,18,-1,-1,-1,-1,-1,-1,-1,1,6,1,28,6,1910,2,11,-1,-1,-1
2018010129736,1,9,0,18,0,1,0,0,0,0,1,1,6,2,73,10,1799,1,11,7,1,7
2018010129736,2,1,0,9,0,1,0,0,0,0,1,1,6,1,13,3,-1,-1,-1,5,1,5
2018010129737,1,8,0,18,0,0,0,0,0,0,4,1,1,1,55,8,2402,2,17,8,1,8
2018010129739,1,9,0,4,0,0,0,0,0,0,4,1,6,2,46,8,2993,2,10,2,1,2
2018010129739,2,19,0,2,0,0,0,0,0,0,1,1,6,3,-1,-1,1997,2,1,-1,-1,-1
2018010129740,1,3,0,18,0,1,0,0,0,0,1,1,6,1,35,6,125,1,2,3,1,3
2018010129740,2,19,0,11,0,5,0,0,0,0,4,1,1,1,46,8,1995,2,-1,10,1,10
2018010129742,1,9,0,9,0,8,0,0,0,0,4,1,6,2,41,7,-1,3,2,9,1,9
2018010129743,1,9,0,7,0,5,0,0,0,0,3,1,6,1,25,5,1598,2,7,5,1,5
2018010129743,2,1,0,15,0,8,0,0,0,0,4,1,6,1,30,6,-1,-1,-1,2,1,2
2018010129744,1,9,0,10,0,5,0,0,0,0,1,1,2,1,64,9,2993,2,9,5,1,5
2018010129744,2,9,0,10,0,5,0,0,0,0,2,1,6,2,41,7,1364,1,11,3,1,3
2018010129744,3,9,0,9,0,8,0,0,0,0,1,1,6,1,23,5,1396,1,20,-1,-1,-1
2018010129746,1,19,0,4,0,0,0,0,0,0,0,1,1,1,35,6,2402,2,10,6,1,6
2018010129747,1,19,0,18,0,2,0,0,0,0,4,1,6,1,34,6,-1,-1,-1,3,1,3
2018010129747,2,1,0,18,0,2,0,0,0,0,3,1,6,1,29,6,-1,-1,-1,6,1,6
2018010129753,1,11,0,5,0,8,0,0,0,0,0,1,1,2,39,7,5132,2,-1,3,1,3
2018010129755,1,1,-1,-1,-1,0,-1,-1,-1,-1,-1,1,2,1,42,7,-1,-1,-1,3,1,3
2018010129755,2,9,-1,-1,-1,0,-1,-1,-1,-1,1,-1,6,3,-1,-1,-1,-1,-1,-1,-1,-1
2018010129757,1,9,0,-1,-1,0,-1,-1,-1,-1,1,-1,6,3,-1,-1,-1,-1,-1,9,1,9
2018010129758,1,9,0,18,0,4,0,0,0,0,4,1,6,2,55,8,1390,1,5,10,1,10
2018010129759,1,9,0,9,0,2,0,0,0,0,1,1,6,1,47,8,1242,1,5,8,1,8
2018010129759,2,9,0,2,0,2,0,0,0,0,0,1,6,3,-1,-1,1686,2,5,-1,-1,-1
2018010129760,1,9,0,9,0,1,0,0,7,0,3,1,6,1,40,7,1598,2,1,6,1,6
2018010129760,2,4,0,15,0,8,0,0,0,0,1,1,2,1,30,6,599,1,15,2,1,2
2018010129762,1,8,0,4,0,2,0,0,0,0,4,1,1,1,40,7,1598,2,4,2,1,2
2018010129762,2,1,0,15,0,2,0,0,0,0,1,1,2,1,44,7,-1,-1,-1,4,1,4
2018010129763,1,9,0,18,0,8,0,0,0,0,1,1,6,3,-1,-1,-1,-1,-1,-1,-1,-1
2018010129767,1,4,0,18,0,1,0,0,0,0,3,1,6,1,25,5,-1,-1,-1,2,1,2
2018010129767,2,9,0,9,0,8,0,0,0,0,1,1,6,1,33,6,2987,2,-1,3,1,3
2018010129770,1,9,0,18,0,2,0,10,0,0,3,1,6,2,40,7,1595,1,3,9,-1,9
2018010129770,2,90,0,5,0,8,0,0,0,0,1,1,1,1,34,6,7698,2,1,6,3,6
2018010129772,1,9,0,18,-1,0,-1,-1,-1,-1,1,1,6,1,26,6,1995,2,3,4,1,4
2018010129775,1,1,-1,-1,-1,-1,-1,-1,-1,-1,-1,1,6,1,32,6,-1,-1,-1,4,1,4
2018010129775,2,9,0,-1,-1,-1,-1,-1,-1,-1,1,-1,6,3,-1,-1,-1,-1,-1,-1,-1,-1
2018010129776,1,9,0,13,0,1,0,0,0,0,1,1,6,1,26,6,1968,2,13,2,1,2
2018010129776,2,9,0,18,0,1,0,0,0,0,1,1,1,1,59,9,1798,8,6,2,1,2
2018010129776,3,9,0,18,0,1,0,0,0,0,1,1,6,1,43,7,-1,-1,-1,3,1,3
2018010129776,4,9,0,18,0,1,0,0,0,0,2,1,6,1,26,6,1997,2,10,1,1,1
2018010129778,1,9,0,18,0,0,0,0,0,0,4,2,2,1,24,5,1685,2,2,2,1,2
2018010129778,2,1,0,14,0,0,0,0,0,0,3,1,1,2,32,6,-1,-1,-1,4,1,4
2018010129779,1,8,0,5,0,0,0,0,0,0,2,1,1,1,62,9,1798,8,2,3,1,3
2018010129783,1,9,0,7,0,2,0,0,0,0,3,1,6,1,19,4,2000,2,7,3,1,3
2018010129783,2,1,0,18,0,1,0,0,0,0,1,1,6,2,23,5,-1,-1,-1,3,1,3
2018010129785,1,11,0,5,0,8,0,0,0,0,0,1,1,1,31,6,6700,2,9,5,1,5
2018010129786,1,9,0,18,0,0,0,0,1,0,3,1,6,2,75,10,1590,1,6,5,1,5
2018010129786,2,20,0,18,0,0,0,0,0,0,4,1,6,3,-1,-1,-1,-1,-1,-1,-1,-1
2018010129789,1,9,0,18,0,8,0,0,0,0,0,1,1,1,52,8,1797,8,6,1,1,1
2018010129789,2,9,0,18,0,8,0,0,0,0,2,2,2,1,43,7,-1,-1,-1,2,1,2
2018010129789,3,9,0,13,0,8,0,0,0,0,1,1,6,3,-1,-1,1988,1,14,-1,-1,-1
2018010129792,1,9,0,7,4,8,0,0,0,0,4,1,1,1,31,6,-1,-1,-1,9,1,9
2018010129792,2,1,0,18,4,1,0,0,0,0,1,1,2,2,30,6,-1,-1,-1,7,1,7
2018010129793,1,11,0,18,0,0,0,0,0,0,1,1,1,1,53,8,6700,2,10,3,1,3
2018010129793,2,9,0,18,0,0,0,0,0,0,2,1,6,1,27,6,1598,1,11,6,1,6
2018010129800,1,19,0,14,0,2,0,0,0,0,3,1,1,1,24,5,2143,2,1,7,1,7
2018010129800,2,3,0,13,0,2,0,0,0,0,4,1,2,1,33,6,124,1,8,5,1,5
2018010129800,3,9,0,2,0,2,0,0,0,0,0,1,6,3,-1,-1,1968,2,7,-1,-1,-1
2018010129800,4,9,0,2,0,2,0,0,0,0,0,1,6,3,-1,-1,1360,1,13,-1,-1,-1
2018010129801,1,9,0,-1,-1,-1,-1,-1,-1,-1,4,-1,6,3,-1,-1,1794,1,12,-1,-1,-1
2018010129811,1,3,0,-1,-1,-1,-1,-1,-1,-1,-1,1,6,1,33,6,124,1,8,3,1,3
2018010129811,2,9,0,-1,-1,-1,-1,-1,-1,-1,1,-1,6,3,-1,-1,-1,-1,-1,-1,-1,-1
2018010129812,1,1,-1,-1,-1,-1,-1,-1,-1,-1,-1,1,2,1,38,7,-1,-1,-1,10,1,10
2018010129812,2,19,0,-1,-1,-1,-1,-1,-1,-1,-1,-1,6,3,-1,-1,2198,2,4,-1,-1,-1
2018010129815,1,1,-1,18,-1,-1,-1,-1,-1,-1,-1,1,6,1,32,6,-1,-1,-1,2,1,2
2018010129815,2,8,-1,7,-1,-1,-1,-1,-1,-1,-1,-1,6,3,-1,-1,2499,2,5,-1,-1,-1
2018010129821,1,9,0,5,0,8,0,0,0,0,1,1,2,2,50,8,1240,1,9,9,1,9
2018010129821,2,9,0,3,0,8,0,0,0,0,1,1,2,1,42,7,1797,8,4,5,1,5
2018010129822,1,9,0,18,0,4,0,0,0,0,1,1,6,2,31,6,2143,2,2,2,1,2
2018010129822,2,3,0,18,0,4,0,0,0,0,4,1,2,1,42,7,689,1,4,7,1,7
2018010129823,1,9,0,18,0,1,0,7,0,0,1,1,6,2,18,4,1242,1,6,10,1,10
2018010129834,1,9,0,-1,-1,-1,-1,-1,-1,-1,1,-1,6,1,19,4,1968,2,13,3,1,3
2018010129834,2,90,-1,-1,-1,-1,-1,-1,-1,-1,2,-1,6,1,63,9,-1,-1,-1,9,2,9
2018010129838,1,3,0,13,0,1,0,0,0,0,1,1,6,1,19,4,125,1,4,3,1,3
2018010129838,2,9,0,3,0,1,0,0,0,0,1,1,1,1,33,6,1797,8,8,-1,-1,-1
2018010129838,3,9,0,5,0,8,0,0,0,0,1,1,6,1,32,6,1498,1,13,-1,-1,-1
2018010129840,1,8,0,9,0,1,0,0,0,0,1,1,1,1,47,8,1798,8,2,3,1,3
2018010129840,2,1,0,15,0,1,0,0,0,0,1,1,6,1,40,7,-1,-1,-1,3,1,3
2018010129843,1,1,0,18,0,0,0,0,0,0,4,1,6,2,58,9,-1,-1,-1,9,1,9
2018010129844,1,9,0,3,-1,-1,-1,-1,-1,-1,2,-1,6,2,32,6,1229,1,12,2,1,2
2018010129844,2,9,0,-1,-1,-1,-1,-1,-1,-1,1,1,6,3,-1,-1,1397,1,9,-1,-1,-1
2018010129847,1,9,0,18,0,2,0,0,0,0,1,1,6,1,65,9,-1,3,1,10,1,10
2018010129848,1,19,-1,-1,-1,0,-1,-1,-1,-1,-1,-1,6,3,-1,-1,2488,2,9,-1,-1,-1
2018010129851,1,11,0,5,2,1,0,0,0,0,0,1,1,1,58,9,4500,2,4,3,1,3
2018010129862,1,9,0,9,0,8,0,0,0,0,3,1,6,1,20,4,1499,2,5,9,1,9
2018010129862,2,2,0,18,0,8,0,0,0,0,1,1,6,1,31,6,125,1,1,3,1,3
2018010129865,1,9,0,-1,-1,-1,-1,-1,-1,-1,2,-1,6,2,37,7,1362,1,5,2,1,2
2018010129870,1,19,0,5,0,2,0,0,0,0,2,1,6,1,30,6,1598,2,4,7,1,7
2018010129870,2,2,0,18,0,1,0,0,0,0,1,1,6,1,28,6,102,1,11,4,1,4
2018010129882,1,9,0,18,0,8,0,0,0,0,4,1,6,2,32,6,1796,1,10,-1,-1,-1
2018010129882,2,19,0,9,0,6,0,0,0,0,1,1,6,1,38,7,1560,2,2,9,2,9
2018010129888,1,9,0,10,0,5,0,0,0,0,1,1,2,1,40,7,1242,1,8,2,1,2