Accident_Index,Vehicle_Reference,Vehicle_Type,Towing_and_Articulation,Vehicle_Manoeuvre,Vehicle_Location-Restricted_Lane,Junction_Location,Skidding_and_Overturning,Hit_Object_in_Carriageway,Vehicle_Leaving_Carriageway,Hit_Object_off_Carriageway,1st_Point_of_Impact,Was_Vehicle_Left_Hand_Drive?,Journey_Purpose_of_Driver,Sex_of_Driver,Age_of_Driver,Age_Band_of_Driver,Engine_Capacity_(CC),Propulsion_Code,Age_of_Vehicle,Driver_IMD_Decile,Driver_Home_Area_Type,Vehicle_IMD_Decile
2018010130662,1,9,0,18,0,8,0,0,0,0,1,-1,6,2,35,6,1968,2,3,2,1,2
2018010130662,2,8,0,-1,0,6,0,0,0,0,3,-1,6,3,-1,-1,1797,8,4,-1,-1,-1
2018010130664,1,9,0,-1,-1,-1,-1,-1,-1,-1,2,-1,6,3,-1,-1,-1,-1,-1,-1,-1,-1
2018010130667,1,9,0,-1,0,1,0,0,0,0,1,-1,6,2,-1,-1,-1,-1,-1,-1,-1,-1
2018010130679,1,9,0,3,0,8,0,0,0,0,3,1,1,1,30,6,1995,2,3,2,1,2
2018010130679,2,9,0,6,0,8,0,0,0,0,4,1,6,1,-1,-1,1685,2,4,-1,-1,-1
2018010130681,1,9,0,-1,-1,-1,-1,-1,-1,-1,2,-1,6,3,28,6,-1,-1,-1,-1,-1,-1
2018010130682,1,9,0,18,0,2,0,-1,-1,0,-1,-1,6,3,-1,-1,-1,-1,-1,-1,-1,-1
2018010130684,1,9,-1,-1,-1,-1,-1,-1,-1,-1,-1,-1,6,1,-1,-1,1796,1,19,5,1,5
2018010130688,1,1,-1,-1,-1,0,-1,-1,-1,-1,1,1,6,1,51,8,-1,-1,-1,6,1,6
2018010130688,2,19,0,-1,-1,0,-1,-1,-1,-1,-1,-1,6,3,45,7,2143,2,2,8,1,8
2018010130690,1,19,0,9,0,4,0,0,0,0,3,1,1,1,22,5,1598,2,1,2,1,2
2018010130690,2,1,0,9,0,8,0,0,0,0,1,1,6,1,32,6,-1,-1,-1,4,1,4
2018010130691,1,9,0,10,0,1,0,0,0,0,2,1,6,2,49,8,1798,1,13,7,1,7
2018010130691,2,9,0,18,0,8,0,0,0,0,1,1,6,1,56,9,3200,1,10,8,2,8
2018010130692,1,5,0,18,0,1,0,0,0,0,1,1,6,1,41,7,745,1,4,8,1,8
2018010130692,2,9,0,3,0,1,0,0,0,0,4,1,6,1,44,7,1798,1,9,6,1,6
2018010130694,1,5,0,18,0,1,1,0,0,0,1,1,6,1,26,6,599,1,19,8,1,8
2018010130695,1,1,0,-1,0,1,0,-1,0,0,-1,1,6,2,37,7,-1,-1,-1,5,1,5
2018010130695,2,20,0,7,0,8,0,-1,0,0,-1,1,6,3,35,6,2143,2,4,2,1,2
2018010130697,1,21,0,3,0,1,0,4,0,0,1,1,1,1,51,8,3920,2,16,9,1,9
2018010130697,2,9,0,4,0,1,0,0,0,0,2,1,6,2,20,4,1597,2,1,3,1,3
2018010130698,1,3,0,-1,-1,0,-1,-1,-1,-1,-1,1,2,2,42,7,125,1,1,7,1,7
2018010130698,2,9,0,-1,-1,0,-1,-1,-1,-1,-1,-1,6,3,-1,-1,-1,-1,-1,-1,-1,-1
2018010130706,1,9,0,3,0,0,0,0,0,0,1,1,1,1,41,7,2295,1,15,7,1,7
2018010130706,2,4,0,18,0,0,5,0,0,0,1,1,6,1,28,6,249,1,8,2,1,2
2018010130706,3,9,0,18,0,0,0,0,0,0,1,1,1,1,28,6,1995,2,3,-1,-1,-1
2018010130711,1,9,0,4,0,0,0,0,0,0,3,1,6,1,82,11,1242,1,9,5,1,5
2018010130713,1,9,0,18,0,1,0,0,0,0,1,1,6,2,44,7,1968,2,4,6,1,6
2018010130713,2,10,0,4,0,1,0,0,0,0,2,1,1,1,44,7,-1,-1,-1,3,1,3
2018010130714,1,5,0,5,0,1,0,0,0,0,1,1,6,1,41,7,599,1,6,6,1,6
2018010130714,2,9,0,7,0,1,0,0,0,0,2,1,1,1,57,9,1797,8,8,2,1,2
2018010130719,1,1,-1,-1,-1,0,-1,-1,-1,-1,1,1,2,1,27,6,-1,-1,-1,6,1,6
2018010130719,2,8,0,-1,-1,0,-1,-1,-1,-1,1,-1,6,3,-1,-1,1797,8,7,-1,-1,-1
2018010130723,1,11,0,5,0,0,0,0,0,0,0,1,1,1,31,6,4500,2,2,3,1,3
2018010130729,1,21,1,18,0,0,0,0,0,0,1,1,1,1,24,5,15607,2,4,6,1,6
2018010130729,2,9,0,18,0,0,0,0,0,0,2,1,6,2,26,6,1364,1,10,1,1,1
2018010130729,3,9,0,18,0,0,0,0,0,0,1,1,6,2,47,8,1598,1,9,2,1,2
2018010130729,4,19,0,18,0,0,0,0,0,0,2,1,6,1,33,6,2143,2,8,2,1,2
2018010130736,1,11,0,18,0,1,0,0,0,0,4,1,6,1,21,5,-1,-1,-1,7,1,7
2018010130738,1,9,-1,9,0,2,-1,0,0,0,1,-1,6,3,-1,-1,1461,2,1,-1,-1,-1
2018010130741,1,9,0,18,0,8,0,0,0,0,1,1,2,1,32,6,1596,1,16,7,1,7
2018010130741,2,9,0,18,0,8,0,0,0,0,3,1,1,1,23,5,-1,-1,-1,3,1,3
2018010130744,1,9,0,18,-1,-1,-1,-1,-1,-1,4,-1,6,2,22,5,1398,1,3,1,1,1
2018010130744,2,9,0,-1,-1,-1,-1,-1,-1,-1,-1,-1,6,3,-1,-1,1498,1,-1,-1,-1,-1
2018010130745,1,11,0,18,0,1,0,0,0,0,0,1,1,2,32,6,6696,2,5,2,1,2
2018010130745,2,9,0,7,0,6,0,0,0,0,0,1,6,3,-1,-1,6208,1,5,-1,-1,-1
2018010130752,1,1,0,18,0,1,0,0,0,0,1,1,6,1,48,8,-1,-1,-1,-1,-1,-1
2018010130755,1,9,0,18,0,0,0,0,0,0,1,1,2,1,48,8,1769,1,14,2,1,2
2018010130756,1,11,0,4,0,0,0,0,0,0,0,1,1,1,32,6,4500,2,6,8,1,8
2018010130758,1,1,-1,-1,-1,-1,-1,-1,-1,-1,1,1,2,1,-1,-1,-1,-1,-1,10,1,10
2018010130758,2,19,0,-1,-1,-1,-1,-1,-1,-1,-1,-1,6,3,-1,-1,2143,2,2,-1,-1,-1
2018010130760,1,19,0,-1,-1,0,-1,-1,-1,-1,2,-1,6,1,41,7,2198,2,8,1,1,1
2018010130760,2,9,0,-1,-1,0,-1,-1,-1,-1,1,-1,6,3,-1,-1,1498,1,8,-1,-1,-1
2018010130762,1,9,0,18,0,0,0,0,0,0,-1,1,6,3,-1,-1,-1,-1,-1,-1,-1,-1
2018010130764,1,9,0,-1,-1,-1,-1,-1,-1,-1,2,-1,6,1,26,6,1461,2,2,4,1,4
2018010130773,1,19,0,18,0,1,0,0,0,0,3,1,1,1,52,8,1968,2,5,3,1,3
2018010130773,2,2,0,13,0,1,2,0,0,0,4,1,6,1,17,4,108,1,-1,4,1,4
2018010130774,1,19,0,16,0,3,0,0,0,0,2,1,1,1,24,5,2287,2,6,3,1,3
2018010130774,2,1,0,16,4,3,0,10,0,0,1,1,6,1,20,4,-1,-1,-1,6,1,6
2018010130778,1,19,0,8,0,6,0,0,0,0,4,1,1,1,64,9,3920,2,8,2,1,2
2018010130778,2,1,0,15,0,1,0,0,0,0,1,1,2,1,48,8,-1,-1,-1,3,1,3
2018010130782,1,1,-1,-1,-1,-1,-1,-1,-1,-1,1,1,6,1,17,4,-1,-1,-1,3,1,3
2018010130782,2,9,0,-1,-1,-1,-1,-1,-1,-1,-1,-1,6,1,34,6,1797,8,8,3,1,3
2018010130785,1,9,0,3,0,1,0,0,0,0,0,1,6,1,25,5,1998,2,11,6,1,6
2018010130785,2,19,0,18,0,1,0,0,0,0,1,2,6,1,34,6,1560,2,2,4,1,4
2018010130786,1,9,0,10,0,5,0,0,0,0,2,1,6,1,39,7,1968,2,9,1,1,1
2018010130786,2,9,0,18,0,8,1,4,0,0,1,1,6,1,24,5,1364,1,9,1,1,1
2018010130786,3,9,0,2,9,2,0,0,0,0,2,1,6,3,-1,-1,875,1,5,-1,-1,-1
2018010130787,1,9,0,17,0,1,0,0,0,0,1,1,6,1,22,5,1248,2,9,3,1,3
2018010130788,1,9,0,4,0,1,0,0,0,0,1,1,6,1,27,6,1968,2,8,6,1,6
2018010130788,2,9,0,3,0,1,0,0,0,0,2,1,6,1,39,7,1797,8,8,2,1,2
2018010130788,3,9,0,3,0,1,0,0,0,0,2,1,6,2,42,7,1995,2,5,7,1,7
2018010130789,1,9,0,9,0,5,0,11,1,10,1,2,6,1,26,6,1598,2,7,8,1,8
2018010130789,2,1,0,18,0,1,0,11,0,0,3,1,2,2,52,8,-1,-1,-1,4,1,4
2018010130790,1,9,0,3,0,1,0,0,0,0,2,1,2,2,29,6,1797,8,7,5,1,5
2018010130790,2,9,0,3,0,1,0,0,0,0,2,1,2,2,53,8,1229,1,1,9,1,9
2018010130790,3,9,0,14,0,1,0,0,0,0,1,1,6,1,81,11,1685,2,1,6,1,6
2018010130790,4,9,0,2,0,1,0,0,0,0,3,1,6,3,-1,-1,1497,8,10,-1,-1,-1
2018010130791,1,5,0,16,0,3,1,0,0,0,3,1,6,1,37,7,636,1,5,5,1,5
2018010130792,1,9,0,18,0,3,0,0,0,0,1,1,6,2,64,9,1595,1,1,7,1,7
2018010130793,1,9,0,18,0,1,0,4,0,0,1,1,6,2,56,9,1984,1,1,3,1,3
2018010130793,2,9,0,2,0,1,0,4,1,0,2,1,6,3,-1,-1,1248,1,8,-1,-1,-1
2018010130793,3,9,0,2,2,1,0,0,0,0,2,1,6,3,-1,-1,1598,1,12,-1,-1,-1
2018010130796,1,9,0,4,0,8,0,0,0,0,0,1,6,2,55,8,2902,2,9,2,1,2
2018010130797,1,9,0,9,0,8,0,0,0,0,2,1,6,1,52,8,1332,1,19,1,1,1
2018010130797,2,4,0,18,0,1,0,0,0,0,1,1,6,1,43,7,124,1,6,-1,-1,-1
2018010130798,1,9,0,4,0,1,0,10,1,10,1,1,6,1,26,6,1596,1,13,6,1,6
2018010130799,1,9,0,4,0,0,0,4,7,10,2,1,1,1,39,7,1396,1,-1,5,1,5
2018010130799,2,9,0,4,0,0,0,0,0,0,1,1,1,1,34,6,2993,2,-1,2,1,2
2018010130799,3,9,0,3,0,0,0,0,0,0,0,1,2,2,28,6,1968,2,2,-1,-1,-1
2018010130800,1,1,0,14,0,2,0,4,0,0,3,1,2,1,45,7,-1,-1,-1,5,1,5
2018010130800,2,9,0,13,0,2,0,0,0,0,4,1,6,2,45,7,2967,2,12,2,1,2
2018010130801,1,9,0,1,6,0,0,0,0,0,2,1,6,2,21,5,999,1,2,9,1,9
2018010130801,2,9,0,2,6,0,0,0,0,0,0,1,6,3,-1,-1,1596,1,6,-1,-1,-1
2018010130802,1,9,0,1,0,8,0,0,0,0,2,1,6,1,63,9,1797,8,7,6,1,6
2018010130804,1,9,0,4,0,0,0,0,0,0,0,1,2,1,39,7,1461,2,7,3,1,3
2018010130804,2,9,0,18,0,0,0,0,0,0,0,1,6,3,-1,-1,-1,-1,-1,-1,-1,-1
2018010130805,1,9,0,17,0,0,0,0,2,2,4,1,6,2,21,5,1198,1,15,2,1,2
2018010130813,1,9,0,17,0,0,0,0,0,0,2,1,6,1,28,6,1781,1,12,3,1,3
2018010130813,2,9,0,18,0,0,1,0,0,0,1,1,6,1,22,5,4999,1,-1,4,1,4
2018010130814,1,8,0,9,0,8,0,0,0,0,3,1,1,1,52,8,2143,2,3,2,1,2
2018010130818,1,9,0,18,0,1,0,0,0,0,1,1,6,1,58,9,1499,2,1,4,1,4
2018010130818,2,9,0,18,0,8,0,0,0,0,1,1,1,1,36,7,1560,2,4,4,1,4
2018010130820,1,9,-1,11,0,2,-1,-1,-1,-1,2,-1,6,1,54,8,1599,1,9,5,1,5
2018010130820,2,19,-1,18,-1,1,-1,-1,-1,-1,-1,-1,6,1,-1,-1,10518,2,4,4,1,4
2018010130822,1,3,0,18,0,0,0,0,0,0,1,1,1,1,31,6,114,1,4,10,1,10
2018010130823,1,9,0,3,0,2,0,0,0,0,1,1,2,1,43,7,2993,2,9,6,1,6
2018010130823,2,1,0,18,0,8,0,0,0,0,4,1,2,1,33,6,-1,-1,-1,-1,-1,-1
2018010130829,1,8,0,4,0,0,0,0,0,0,2,1,1,1,50,8,1798,8,3,4,1,4
2018010130829,2,9,0,18,0,0,0,0,0,0,1,1,2,1,50,8,-1,-1,-1,2,1,2
2018010130837,1,1,0,18,0,1,-1,0,0,0,1,1,6,2,23,5,-1,-1,-1,5,1,5
2018010130843,1,4,0,-1,-1,0,-1,-1,-1,-1,-1,1,2,1,46,8,249,1,4,5,1,5
2018010130843,2,90,0,-1,-1,0,-1,-1,-1,-1,-1,-1,6,3,-1,-1,-1,-1,-1,-1,-1,-1
2018010130863,1,3,0,-1,-1,0,-1,-1,-1,-1,-1,1,6,1,34,6,125,1,3,2,1,2
2018010130863,2,9,0,-1,-1,0,-1,-1,-1,-1,-1,-1,6,3,-1,-1,-1,-1,-1,-1,-1,-1
2018010130865,1,9,0,-1,-1,-1,-1,-1,-1,-1,-1,-1,6,2,28,6,1598,1,14,8,1,8
2018010130865,2,9,0,-1,-1,-1,-1,-1,-1,-1,1,-1,6,3,-1,-1,-1,-1,-1,5,1,5
2018010130886,1,1,-1,-1,-1,-1,-1,-1,-1,-1,-1,1,2,2,48,8,-1,-1,-1,3,1,3
2018010130886,2,19,0,-1,-1,-1,-1,-1,-1,-1,-1,-1,6,3,-1,-1,1870,2,13,-1,-1,-1
2018010130887,1,1,-1,-1,-1,-1,-1,-1,-1,-1,-1,1,2,1,43,7,-1,-1,-1,4,1,4
2018010130887,2,9,0,-1,-1,-1,-1,-1,-1,-1,-1,-1,6,3,-1,-1,-1,-1,-1,-1,-1,-1
2018010130889,1,1,-1,-1,-1,-1,-1,-1,-1,-1,1,1,2,1,41,7,-1,-1,-1,10,1,10
2018010130889,2,9,0,-1,-1,-1,-1,-1,-1,-1,-1,-1,6,3,-1,-1,-1,-1,-1,-1,-1,-1
2018010130891,1,9,0,-1,-1,-1,-1,-1,-1,-1,-1,-1,6,3,-1,-1,-1,-1,-1,-1,-1,-1
2018010130893,1,9,0,9,0,8,0,0,0,0,1,1,6,2,57,9,1388,1,6,9,1,9
2018010130893,2,1,0,18,0,8,0,0,0,0,4,1,6,1,28,6,-1,-1,-1,10,1,10
2018010130896,1,9,0,5,0,6,0,0,0,0,1,1,2,2,25,5,1198,1,8,2,1,2
2018010130896,2,3,0,18,0,2,0,0,0,0,4,1,2,1,22,5,-1,-1,-1,4,1,4
2018010130902,1,3,0,-1,-1,0,-1,-1,-1,-1,1,1,2,1,28,6,124,1,2,3,1,3
2018010130902,2,9,0,-1,-1,0,-1,-1,-1,-1,-1,-1,6,3,-1,-1,-1,-1,-1,-1,-1,-1
2018010130904,1,20,0,7,0,1,0,0,0,0,4,1,1,1,40,7,-1,-1,-1,4,2,4
2018010130905,1,11,0,5,0,2,0,0,0,0,0,1,1,1,51,8,6700,2,6,2,1,2
2018010130913,1,9,0,18,9,1,5,10,2,2,1,1,6,1,20,4,1395,1,-1,9,1,9
2018010130916,1,9,0,9,0,5,0,0,0,0,3,1,6,1,70,10,1360,1,12,4,1,4
2018010130916,2,5,0,18,0,1,0,0,0,0,1,1,6,1,24,5,599,1,16,2,1,2
2018010130918,1,9,0,18,0,8,0,7,0,0,2,1,2,1,62,9,1598,1,15,3,1,3
2018010130918,2,9,0,18,0,8,0,0,0,0,1,1,6,2,45,7,2993,2,6,8,1,8
2018010130919,1,5,0,18,0,0,0,0,0,0,4,1,2,1,50,8,847,1,-1,5,1,5
2018010130919,2,9,0,9,0,0,0,0,0,0,3,1,2,1,24,5,-1,-1,-1,9,1,9
2018010130920,1,1,-1,18,0,1,-1,-1,0,0,2,1,6,1,38,7,-1,-1,-1,4,1,4
2018010130920,2,4,-1,-1,0,-1,-1,-1,-1,-1,-1,1,6,3,-1,-1,-1,-1,-1,-1,-1,-1
2018010130922,1,1,0,18,0,0,0,0,0,0,1,1,1,1,38,7,-1,-1,-1,2,1,2
2018010130923,1,11,0,5,0,0,0,0,0,0,0,1,1,1,20,4,9000,2,9,1,1,1
2018010130926,1,1,-1,-1,-1,0,-1,-1,-1,-1,-1,1,2,2,25,5,-1,-1,-1,2,1,2
2018010130926,2,9,0,-1,-1,0,-1,-1,-1,-1,1,-1,6,3,-1,-1,-1,-1,-1,-1,-1,-1
2018010130930,1,1,-1,-1,-1,-1,-1,-1,-1,-1,-1,1,2,1,25,5,-1,-1,-1,10,1,10
2018010130930,2,19,0,-1,-1,-1,-1,-1,-1,-1,1,-1,6,3,-1,-1,-1,-1,-1,-1,-1,-1
2018010130932,1,9,0,3,0,6,0,0,0,0,1,1,6,1,58,9,1242,1,5,2,1,2
2018010130932,2,8,0,9,0,6,0,0,0,0,1,1,1,1,32,6,1790,8,6,4,1,4
2018010130937,1,9,0,18,0,0,0,10,5,6,3,1,6,1,21,5,1600,2,8,3,1,3
2018010130942,1,9,0,3,0,1,0,0,0,0,2,1,1,1,43,7,1797,8,5,4,1,4
2018010130942,2,19,0,5,0,1,0,0,0,0,1,1,1,1,41,7,1997,2,2,3,1,3
2018010130943,1,9,0,-1,-1,-1,-1,-1,-1,-1,-1,-1,6,2,27,6,1368,1,1,5,1,5
2018010130946,1,3,0,18,0,0,5,0,0,0,2,1,1,1,34,6,125,1,5,3,1,3
2018010130946,2,9,0,18,0,0,0,0,0,0,1,1,6,1,38,7,995,1,11,-1,-1,-1
2018010130948,1,9,0,18,0,0,1,0,0,0,1,1,6,1,17,4,1598,2,4,-1,-1,-1
2018010130948,2,9,0,18,0,0,0,0,0,0,1,1,6,1,57,9,1587,1,17,-1,-1,-1
2018010130948,3,9,0,2,0,0,0,0,0,0,2,1,6,3,-1,-1,1398,1,-1,-1,-1,-1
2018010130949,1,3,0,18,0,0,0,0,0,0,3,1,6,1,26,6,124,1,5,-1,-1,-1
2018010130949,2,9,0,9,0,0,0,0,0,0,1,1,6,2,54,8,1781,1,17,6,1,6
2018010130951,1,11,0,4,0,0,0,0,0,0,3,1,6,1,28,6,4500,2,2,3,1,3
2018010130951,2,9,0,7,0,0,0,0,0,0,4,1,2,1,53,8,1997,2,12,2,1,2
2018010130953,1,9,0,3,0,0,0,0,0,0,2,1,1,1,38,7,1200,1,2,-1,-1,-1
2018010130953,2,9,0,14,0,0,0,0,0,0,1,1,1,1,38,7,1685,2,4,10,2,10
2018010130954,1,9,0,5,0,0,0,4,0,0,3,2,6,2,47,8,1995,2,-1,3,1,3
2018010130954,2,9,0,2,0,0,0,4,0,0,2,2,6,3,-1,-1,1149,1,14,-1,-1,-1
2018010130960,1,9,0,9,0,0,0,0,0,0,4,1,6,2,63,9,1596,1,13,2,1,2
2018010130960,2,2,0,15,0,0,0,0,1,0,1,1,6,1,19,4,124,1,10,3,1,3
2018010130961,1,9,0,7,0,0,0,0,0,0,4,1,6,1,48,8,1497,8,10,-1,-1,-1
2018010130963,1,11,0,18,2,1,0,0,0,0,0,1,1,1,22,5,5132,2,1,2,1,2
2018010130965,1,9,-1,-1,-1,-1,-1,-1,-1,-1,-1,-1,6,2,43,7,1396,1,18,1,1,1
2018010130965,2,9,-1,-1,-1,-1,-1,-1,-1,-1,-1,-1,6,2,-1,-1,1461,2,4,3,1,3
2018010130973,1,1,-1,-1,-1,-1,-1,-1,-1,-1,-1,1,2,1,26,6,-1,-1,-1,5,1,5
2018010130973,2,9,0,-1,-1,-1,-1,-1,-1,-1,1,-1,6,3,-1,-1,-1,-1,-1,-1,-1,-1
2018010130976,1,11,0,4,0,1,0,0,0,0,0,1,1,1,47,8,5132,2,1,7,1,7
2018010130977,1,1,-1,-1,-1,-1,-1,-1,-1,-1,2,1,2,2,48,8,-1,-1,-1,2,1,2
2018010130977,2,9,0,-1,-1,-1,-1,-1,-1,-1,1,-1,6,3,-1,-1,1796,1,14,6,1,6
2018010130979,1,9,0,14,0,1,0,0,0,0,1,1,6,2,55,8,1598,1,14,9,1,9
2018010130980,1,9,0,18,0,0,0,0,0,0,1,1,3,1,48,8,4134,2,4,8,1,8
2018010130980,2,9,0,1,0,0,0,0,0,0,2,1,6,2,50,8,-1,-1,-1,-1,-1,-1
2018010130980,3,9,0,2,0,0,0,0,0,0,1,1,6,3,-1,-1,1086,1,8,-1,-1,-1
2018010130989,1,19,0,9,0,2,0,0,0,0,1,1,1,1,57,9,1598,2,2,7,2,7
2018010130989,2,9,0,18,0,8,0,0,0,0,1,1,6,2,28,6,999,1,-1,4,1,4
2018010130994,1,9,0,5,0,0,0,0,0,0,3,1,1,1,47,8,1997,2,1,3,1,3
2018010130994,2,1,0,3,0,0,0,0,0,0,1,1,2,1,30,6,-1,-1,-1,8,1,8
2018010130995,1,11,0,18,0,0,0,0,0,0,0,1,1,1,56,9,6692,2,8,2,1,2
2018010131005,1,9,0,9,0,8,0,0,0,0,4,1,6,1,38,7,1781,1,16,5,1,5
2018010131005,2,3,0,18,0,8,0,0,0,0,1,1,6,1,18,4,124,1,10,4,1,4
2018010131006,1,9,0,1,8,0,0,6,0,0,2,1,1,1,40,7,1339,1,16,-1,-1,-1
2018010131008,1,9,0,5,0,8,1,0,0,0,1,1,6,1,58,9,-1,-1,-1,1,1,1
2018010131008,2,4,0,9,0,8,2,0,6,10,1,1,2,1,34,6,124,1,10,9,1,9
2018010131009,1,3,0,15,0,2,1,0,0,0,3,1,2,1,27,6,125,1,2,8,1,8
2018010131009,2,19,0,11,0,2,0,0,0,0,4,1,1,1,24,5,1499,2,-1,3,1,3
2018010131010,1,8,0,-1,-1,-1,-1,-1,-1,-1,2,-1,6,3,-1,-1,2143,2,1,2,1,2
2018010131013,1,9,0,18,0,0,0,0,0,0,3,2,6,2,33,6,1560,2,9,2,1,2
2018010131013,2,3,0,7,0,0,5,0,0,0,3,1,6,2,35,6,125,1,7,1,1,1
2018010131015,1,9,0,5,0,4,0,0,0,0,1,1,2,1,65,9,3189,1,14,8,1,8
2018010131015,2,1,0,18,0,4,0,0,0,0,4,1,1,1,61,9,-1,-1,-1,9,1,9
2018010131016,1,9,0,18,0,0,0,0,0,0,1,1,2,2,35,6,1197,1,1,9,1,9
2018010131017,1,19,0,18,0,8,0,0,0,0,1,1,2,1,26,6,1598,2,3,-1,-1,-1
2018010131017,2,9,0,9,0,6,0,0,0,0,3,1,6,1,24,5,1397,1,10,8,1,8
2018010131018,1,8,0,5,0,1,0,0,0,0,1,1,1,1,61,9,1997,2,7,7,1,7
2018010131018,2,9,0,4,0,8,0,0,0,0,1,1,1,2,27,6,698,1,12,3,1,3
2018010131024,1,9,0,9,0,1,0,0,0,0,4,1,6,1,23,5,1998,1,10,-1,-1,-1
2018010131024,2,2,0,18,0,1,1,0,0,0,1,1,6,1,53,8,125,1,5,4,1,4
2018010131033,1,9,0,5,0,2,0,0,0,0,1,1,6,1,25,5,1364,1,11,2,1,2
2018010131033,2,1,0,18,0,1,0,0,0,0,4,1,6,1,51,8,-1,-1,-1,1,1,1
2018010131036,1,21,1,4,0,0,0,0,0,0,1,1,1,1,55,8,10837,2,3,6,1,6
2018010131036,2,9,0,4,0,0,1,0,0,0,2,1,2,1,34,6,1968,2,-1,8,1,8
2018010131037,1,11,0,4,2,2,0,0,0,0,2,1,1,1,32,6,4500,2,7,7,1,7
2018010131037,2,9,0,18,2,2,0,0,0,0,1,1,6,1,27,6,1197,1,4,10,1,10
2018010131038,1,9,0,16,0,2,0,0,0,0,1,1,2,1,27,6,1995,2,6,2,1,2
2018010131038,2,1,0,9,0,1,0,10,0,0,3,1,6,2,31,6,-1,-1,-1,1,1,1
2018010131039,1,9,-1,-1,-1,-1,-1,-1,-1,-1,1,-1,6,2,26,6,2143,2,5,2,1,2
2018010131039,2,90,-1,-1,-1,-1,-1,-1,-1,-1,1,-1,6,3,-1,-1,-1,-1,-1,-1,-1,-1
2018010131040,1,9,0,5,0,2,0,0,0,0,1,1,3,2,36,7,1999,1,12,7,1,7
2018010131040,2,9,0,3,0,2,0,0,0,0,2,1,3,2,63,9,1598,1,2,4,1,4
2018010131041,1,3,0,14,0,0,1,0,0,0,2,1,6,1,21,5,-1,-1,-1,9,1,9
2018010131042,1,9,0,10,0,1,0,0,0,0,3,1,6,1,20,4,1390,1,12,-1,1,-1
2018010131042,2,1,0,18,0,1,1,0,0,0,1,1,6,1,16,4,-1,-1,-1,4,1,4
2018010131043,1,9,0,18,0,1,0,0,0,0,1,1,6,1,27,6,2995,1,3,3,1,3
2018010131047,1,3,0,18,0,3,0,0,0,0,4,1,6,1,75,10,124,1,9,8,1,8
2018010131047,2,9,0,18,0,3,0,0,0,0,3,1,6,1,54,8,1598,1,3,8,1,8
2018010131058,1,8,0,18,0,2,0,0,0,0,3,1,1,1,39,7,1997,2,6,3,1,3
2018010131060,1,9,0,-1,-1,-1,-1,-1,-1,-1,2,-1,6,1,57,9,1364,1,-1,5,1,5
2018010131060,2,9,0,-1,-1,-1,-1,-1,-1,-1,2,-1,6,3,-1,-1,1995,2,4,-1,-1,-1
2018010131061,1,9,0,18,0,1,0,0,0,0,1,1,6,1,52,8,1390,1,21,1,1,1
2018010131061,2,9,0,7,0,8,0,0,0,0,1,1,6,3,-1,-1,-1,-1,-1,-1,-1,-1
2018010131064,1,9,0,18,0,1,0,0,0,0,1,1,6,1,42,7,2996,1,9,3,1,3
2018010131064,2,3,0,13,0,1,0,0,0,0,4,1,6,1,30,6,108,1,10,4,1,4
2018010131065,1,9,0,-1,-1,0,-1,-1,-1,-1,2,-1,6,2,22,5,1198,1,4,10,1,10
2018010131065,2,9,0,-1,-1,0,-1,-1,-1,-1,1,-1,6,3,23,5,2171,1,16,9,1,9
2018010131066,1,9,0,5,0,1,0,0,0,0,3,1,2,2,38,7,1560,2,8,4,1,4
2018010131066,2,3,0,18,0,1,1,0,0,0,1,1,6,3,-1,-1,-1,-1,-1,-1,-1,-1
2018010131067,1,21,1,7,0,5,0,0,0,0,4,1,1,1,52,8,12809,2,5,6,1,6
2018010131067,2,1,0,9,0,2,0,0,0,0,1,1,6,2,22,5,-1,-1,-1,2,1,2
2018010131072,1,3,0,4,0,1,0,0,0,0,4,1,1,1,42,7,108,1,1,1,-1,1
2018010131073,1,90,0,18,0,1,0,0,0,0,4,1,1,1,40,7,6370,2,11,10,1,10
2018010131074,1,3,0,14,0,0,0,0,0,0,1,1,6,1,17,4,124,1,4,-1,-1,-1
2018010131078,1,9,0,4,0,2,0,0,0,0,1,1,1,1,27,6,1560,2,4,2,1,2
2018010131078,2,19,0,5,0,1,0,0,0,0,1,1,6,3,-1,-1,2402,2,14,-1,-1,-1
2018010131078,3,9,0,4,0,1,0,0,1,0,1,1,1,1,28,6,1560,2,4,2,1,2
2018010131079,1,9,0,18,0,3,1,10,1,10,1,1,2,1,29,6,3980,1,23,-1,-1,-1
2018010131080,1,9,0,16,0,8,0,10,4,0,1,1,6,2,27,6,-1,-1,-1,8,1,8
2018010131080,2,8,0,4,0,8,0,0,0,0,3,1,1,1,63,9,1477,8,-1,7,1,7
2018010131080,3,9,0,4,0,8,0,0,0,0,3,1,1,1,44,7,1197,1,3,4,1,4
2018010131083,1,9,0,18,0,1,0,0,0,0,3,1,6,2,53,8,2987,2,5,5,1,5
2018010131083,2,9,0,13,0,1,0,0,0,0,4,1,6,1,40,7,2792,1,21,4,1,4
2018010131095,1,4,-1,-1,0,-1,-1,-1,-1,-1,-1,1,6,1,50,8,125,1,3,4,1,4
2018010131095,2,9,-1,-1,-1,-1,-1,-1,-1,-1,-1,-1,6,3,-1,-1,1999,1,3,-1,-1,-1
2018010131097,1,19,0,5,0,8,0,0,0,0,1,1,2,1,68,10,1997,2,-1,2,1,2
2018010131097,2,1,0,18,0,8,0,0,0,0,3,1,6,1,23,5,-1,-1,-1,5,1,5
2018010131098,1,9,0,18,0,0,0,0,0,0,1,1,2,1,44,7,1275,1,19,3,1,3