Accident_Index,Vehicle_Reference,Vehicle_Type,Towing_and_Articulation,Vehicle_Manoeuvre,Vehicle_Location-Restricted_Lane,Junction_Location,Skidding_and_Overturning,Hit_Object_in_Carriageway,Vehicle_Leaving_Carriageway,Hit_Object_off_Carriageway,1st_Point_of_Impact,Was_Vehicle_Left_Hand_Drive?,Journey_Purpose_of_Driver,Sex_of_Driver,Age_of_Driver,Age_Band_of_Driver,Engine_Capacity_(CC),Propulsion_Code,Age_of_Vehicle,Driver_IMD_Decile,Driver_Home_Area_Type,Vehicle_IMD_Decile
2018010131098,2,9,0,14,0,0,0,0,0,0,1,1,6,2,58,9,999,1,-1,4,1,4
2018010131099,1,9,0,11,0,0,0,0,0,0,4,1,2,1,23,5,1398,1,7,1,1,1
2018010131099,2,5,0,18,0,0,1,0,0,0,3,1,3,1,36,7,647,1,19,5,1,5
2018010131100,1,1,-1,-1,-1,-1,-1,-1,-1,-1,-1,1,6,1,42,7,-1,-1,-1,3,1,3
2018010131100,2,9,0,-1,-1,-1,-1,-1,-1,-1,4,-1,6,3,-1,-1,1997,2,2,-1,-1,-1
2018010131104,1,9,0,9,0,8,0,0,0,0,1,1,2,2,24,5,998,1,2,10,1,10
2018010131104,2,1,0,18,0,8,0,0,0,0,1,1,2,1,41,7,-1,-1,-1,9,1,9
2018010131106,1,1,-1,-1,-1,-1,-1,-1,-1,-1,2,1,2,2,32,6,-1,-1,-1,3,1,3
2018010131106,2,20,-1,-1,-1,-1,-1,-1,-1,-1,1,-1,6,3,-1,-1,-1,-1,-1,-1,-1,-1
2018010131112,1,21,1,9,0,8,0,0,0,0,1,1,1,1,30,6,4462,2,5,4,1,4
2018010131112,2,3,0,18,0,1,0,0,0,0,1,1,6,1,40,7,656,1,9,2,1,2
2018010131113,1,9,0,10,0,1,0,0,0,0,1,1,2,1,49,8,1753,2,10,2,1,2
2018010131113,2,4,0,18,0,1,0,0,0,0,4,1,2,1,28,6,395,1,39,2,1,2
2018010131117,1,1,-1,-1,-1,0,-1,-1,-1,-1,1,1,6,2,-1,-1,-1,-1,-1,-1,-1,-1
2018010131117,2,2,0,-1,-1,0,-1,-1,-1,-1,1,1,6,3,-1,-1,-1,-1,-1,-1,-1,-1
2018010131119,1,8,0,18,0,8,0,0,0,0,1,1,6,3,-1,-1,2499,2,11,-1,-1,-1
2018010131119,2,1,0,5,0,2,0,0,0,0,1,1,2,2,24,5,-1,-1,-1,2,1,2
2018010131122,1,21,0,18,0,0,0,0,0,0,3,1,1,1,64,9,-1,-1,-1,2,1,2
2018010131122,2,8,0,14,0,0,0,0,0,0,3,1,1,1,39,7,1997,2,3,5,1,5
2018010131130,1,9,0,3,0,1,0,0,0,0,2,-1,6,1,43,7,1798,8,-1,4,1,4
2018010131130,2,9,0,-1,0,-1,-1,0,0,0,1,-1,6,3,-1,-1,5461,1,12,-1,-1,-1
2018010131132,1,9,0,18,0,5,5,4,0,0,1,1,6,2,33,6,1339,1,11,7,1,7
2018010131132,2,9,0,2,0,2,0,0,0,0,2,1,6,3,-1,-1,-1,-1,-1,-1,-1,-1
2018010131144,1,9,0,3,0,2,0,0,0,0,2,1,6,2,49,8,1598,1,18,1,1,1
2018010131144,2,9,0,7,0,2,0,0,0,0,1,1,6,2,37,7,1390,1,10,1,1,1
2018010131146,1,9,0,7,0,6,0,0,0,0,1,1,2,1,47,8,1596,1,6,7,1,7
2018010131150,1,1,0,18,0,4,5,0,0,0,3,1,6,1,32,6,-1,-1,-1,2,1,2
2018010131150,2,9,0,13,0,4,0,0,0,0,4,-1,6,1,-1,-1,-1,-1,-1,-1,-1,-1
2018010131151,1,1,-1,-1,-1,-1,-1,-1,-1,-1,-1,1,6,2,23,5,-1,-1,-1,3,1,3
2018010131151,2,9,-1,-1,-1,-1,-1,-1,-1,-1,-1,-1,6,3,-1,-1,-1,-1,-1,-1,-1,-1
2018010131154,1,9,0,9,0,1,0,0,0,0,1,1,3,1,41,7,2967,2,2,8,1,8
2018010131155,1,19,0,1,9,2,0,0,0,0,2,1,1,1,25,5,1995,2,1,2,1,2
2018010131157,1,19,0,16,0,3,0,10,3,2,1,1,1,1,44,7,1995,2,5,8,1,8
2018010131159,1,8,0,-1,-1,-1,-1,-1,-1,-1,3,-1,6,1,47,8,1397,1,8,1,1,1
2018010131159,2,90,0,-1,-1,-1,-1,-1,-1,-1,1,-1,6,3,-1,-1,-1,-1,-1,4,2,4
2018010131160,1,9,0,7,0,1,0,0,0,0,1,1,6,1,42,7,2967,2,2,10,1,10
2018010131160,2,9,0,18,0,1,0,0,0,0,4,1,1,1,44,7,2143,2,2,8,1,8
2018010131162,1,4,0,18,0,2,0,0,1,0,1,1,2,1,33,6,-1,-1,-1,8,1,8
2018010131162,2,1,0,18,0,2,0,0,1,0,1,1,2,1,30,6,-1,-1,-1,4,1,4
2018010131166,1,19,0,18,0,0,0,0,0,0,2,1,1,1,50,8,2143,2,6,3,1,3
2018010131166,2,9,0,12,0,0,0,0,0,0,0,1,2,1,47,8,2998,1,2,10,2,10
2018010131166,3,5,0,18,0,0,0,0,0,0,1,1,2,2,42,7,998,1,6,5,1,5
2018010131166,4,20,1,11,0,0,0,0,0,0,0,1,1,3,-1,-1,-1,-1,-1,-1,-1,-1
2018010131167,1,8,0,9,0,1,0,0,0,0,1,1,1,1,42,7,1997,2,5,4,1,4
2018010131167,2,3,0,9,0,1,0,0,0,0,1,1,6,1,21,5,125,1,1,1,1,1
2018010131172,1,8,0,5,0,1,0,0,0,0,1,1,6,1,63,9,-1,-1,-1,3,1,3
2018010131176,1,9,0,7,0,1,0,0,0,0,2,1,6,2,45,7,1999,1,11,6,1,6
2018010131176,2,19,0,7,0,1,0,0,0,0,1,1,3,1,38,7,1560,2,5,-1,-1,-1
2018010131177,1,3,0,18,0,0,0,0,0,0,1,1,6,1,26,6,108,1,5,2,1,2
2018010131178,1,9,0,9,0,5,0,0,0,0,1,1,6,1,66,10,1598,1,17,7,1,7
2018010131178,2,3,0,18,0,8,1,0,0,0,1,1,6,1,17,4,125,1,4,1,1,1
2018010131179,1,9,0,18,0,2,0,0,0,0,1,1,6,1,81,11,1329,1,2,3,1,3
2018010131179,2,1,0,18,0,2,0,0,0,0,2,1,6,1,81,11,-1,-1,-1,6,1,6
2018010131180,1,8,0,3,0,0,0,0,0,0,4,1,1,1,58,9,1797,8,5,2,1,2
2018010131180,2,1,0,15,0,0,0,0,0,0,1,1,2,1,33,6,-1,-1,-1,4,1,4
2018010131184,1,9,0,3,0,8,0,0,0,0,2,-1,6,1,55,8,2148,2,14,2,1,2
2018010131184,2,9,0,18,0,8,0,0,0,0,1,-1,6,1,25,5,2143,2,2,1,1,1
2018010131184,3,9,0,3,0,8,0,-1,0,0,2,-1,6,2,-1,-1,-1,-1,-1,-1,-1,-1
2018010131190,1,9,0,18,0,1,0,0,0,0,0,1,1,2,32,6,1498,1,-1,2,1,2
2018010131190,2,3,0,17,0,3,0,0,0,0,1,1,6,1,16,4,124,1,5,-1,-1,-1
2018010131190,3,9,0,18,0,3,0,0,0,0,1,1,6,1,61,9,1388,1,15,-1,-1,-1
2018010131192,1,90,0,-1,-1,-1,-1,-1,-1,-1,2,-1,6,3,-1,-1,-1,-1,-1,3,1,3
2018010131193,1,1,-1,-1,-1,-1,-1,-1,-1,-1,2,1,2,1,31,6,-1,-1,-1,10,1,10
2018010131193,2,9,0,-1,-1,-1,-1,-1,-1,-1,1,-1,6,3,-1,-1,-1,-1,-1,8,1,8
2018010131197,1,1,0,18,0,1,0,0,0,0,3,1,6,1,70,10,-1,-1,-1,1,1,1
2018010131197,2,4,0,18,0,1,0,0,0,0,4,1,6,3,-1,-1,125,1,11,-1,-1,-1
2018010131201,1,9,0,9,0,6,0,0,0,0,1,1,2,1,32,6,-1,-1,-1,7,1,7
2018010131201,2,4,0,14,0,1,0,0,1,0,1,1,6,1,38,7,471,1,5,2,1,2
2018010131201,3,9,0,3,0,1,0,0,0,0,1,1,2,1,33,6,6208,1,10,3,1,3
2018010131203,1,8,0,-1,-1,-1,-1,-1,-1,-1,2,-1,2,1,47,8,1998,2,7,2,1,2
2018010131203,2,3,0,-1,-1,-1,-1,-1,-1,-1,1,1,6,3,-1,-1,125,1,4,-1,-1,-1
2018010131204,1,9,0,10,0,0,0,0,0,0,3,1,6,1,30,6,1968,2,1,9,1,9
2018010131204,2,3,0,13,0,0,0,0,0,0,4,1,6,1,21,5,-1,-1,-1,2,1,2
2018010131209,1,90,0,3,9,0,0,0,0,0,3,1,1,1,33,6,-1,-1,-1,3,1,3
2018010131210,1,1,-1,-1,-1,-1,-1,-1,-1,-1,-1,1,6,2,22,5,-1,-1,-1,2,1,2
2018010131210,2,9,0,-1,-1,-1,-1,-1,-1,-1,-1,-1,6,3,-1,-1,-1,-1,-1,-1,-1,-1
2018010131211,1,11,0,5,0,2,0,0,0,0,0,1,1,1,48,8,9360,2,6,-1,-1,-1
2018010131213,1,9,0,9,0,8,0,0,0,0,3,1,6,1,-1,-1,1595,1,-1,6,1,6
2018010131213,2,9,0,18,0,8,0,0,0,0,1,1,1,2,23,5,-1,-1,-1,6,1,6
2018010131214,1,9,0,18,0,0,0,0,0,0,1,1,1,1,33,6,1797,8,8,3,1,3
2018010131214,2,19,0,11,0,0,0,0,0,0,2,1,6,3,-1,-1,2198,2,5,-1,-1,-1
2018010131216,1,3,0,-1,-1,-1,-1,-1,-1,-1,1,1,6,1,17,4,125,1,-1,3,1,3
2018010131216,2,9,0,-1,-1,-1,-1,-1,-1,-1,1,-1,6,3,39,7,1598,1,9,4,1,4
2018010131217,1,9,0,5,0,2,0,0,0,0,1,1,1,1,45,7,-1,-1,-1,1,1,1
2018010131219,1,3,0,9,4,1,0,0,0,0,1,1,6,1,22,5,125,1,-1,2,1,2
2018010131219,2,1,0,18,4,2,5,0,0,0,3,1,2,1,35,6,-1,-1,-1,5,1,5
2018010131222,1,9,0,9,0,1,0,0,0,0,1,1,6,1,28,6,1796,1,8,1,1,1
2018010131222,2,2,0,13,0,1,0,0,0,0,1,1,6,1,21,5,125,1,3,2,1,2
2018010131225,1,1,0,18,5,0,0,0,0,0,1,1,2,1,43,7,-1,-1,-1,10,1,10
2018010131227,1,1,0,15,0,0,0,0,0,0,0,1,2,1,45,7,-1,-1,-1,10,1,10
2018010131229,1,4,0,18,0,1,0,0,0,0,1,1,1,1,40,7,125,1,-1,5,1,5
2018010131229,2,9,0,9,0,5,0,0,0,0,3,1,6,1,65,9,1896,2,15,4,1,4
2018010131234,1,9,0,5,6,6,0,0,0,0,4,1,6,1,38,7,1968,2,12,6,1,6
2018010131234,2,3,0,5,6,6,0,0,0,0,3,1,1,1,35,6,124,1,8,6,1,6
2018010131235,1,1,-1,-1,-1,-1,-1,-1,-1,-1,1,1,2,2,47,8,-1,-1,-1,8,1,8
2018010131236,1,9,0,-1,0,8,0,0,0,0,1,-1,6,2,61,9,1560,2,9,7,2,7
2018010131236,2,1,-1,-1,-1,-1,-1,-1,-1,-1,-1,1,6,1,-1,-1,-1,-1,-1,1,1,1
2018010131238,1,5,0,15,0,0,0,0,0,0,0,1,6,1,25,5,998,1,2,6,1,6
2018010131241,1,9,0,18,0,6,0,0,0,0,2,1,6,2,56,9,1399,2,7,1,1,1
2018010131241,2,19,0,18,0,6,0,0,0,0,1,1,1,1,36,7,1598,2,2,6,1,6
2018010131247,1,5,0,18,0,0,0,0,0,0,1,1,2,1,41,7,649,1,1,8,1,8
2018010131248,1,9,0,17,0,0,0,0,0,0,1,1,6,1,41,7,1596,1,13,-1,-1,-1
2018010131248,2,9,0,16,0,0,0,0,0,0,3,1,6,1,33,6,2143,2,2,6,1,6
2018010131248,3,9,0,18,0,0,0,0,0,0,0,1,6,3,-1,-1,999,1,2,4,1,4
2018010131250,1,4,0,15,0,1,0,0,0,0,1,1,2,1,33,6,296,1,2,5,1,5
2018010131252,1,1,0,13,0,0,0,0,0,0,1,1,6,1,26,6,-1,-1,-1,5,1,5
2018010131252,2,9,0,4,0,0,0,0,0,0,0,1,6,1,47,8,2354,1,10,2,1,2
2018010131254,1,9,0,7,0,7,0,0,0,0,4,1,2,1,33,6,1248,2,4,3,1,3
2018010131254,2,1,0,18,9,8,0,0,0,0,1,1,2,1,29,6,-1,-1,-1,5,1,5
2018010131259,1,9,0,18,0,1,0,0,0,0,1,1,2,1,52,8,2979,1,15,2,1,2
2018010131259,2,9,0,3,0,1,0,0,0,0,2,1,6,2,57,9,875,1,5,5,1,5
2018010131261,1,1,-1,-1,-1,0,-1,-1,-1,-1,1,1,2,1,30,6,-1,-1,-1,10,1,10
2018010131261,2,9,0,-1,-1,0,-1,-1,-1,-1,1,-1,6,3,-1,-1,-1,-1,-1,10,1,10
2018010131262,1,11,1,18,0,3,0,0,0,0,0,1,1,1,56,9,6692,2,9,9,1,9
2018010131263,1,3,0,9,0,1,2,0,0,0,0,1,1,1,29,6,-1,-1,-1,2,1,2
2018010131263,2,9,0,9,0,1,0,0,0,0,0,1,6,2,73,10,2970,1,17,8,1,8
2018010131265,1,9,0,9,0,2,0,0,0,0,4,1,6,1,31,6,1598,1,14,3,1,3
2018010131265,2,9,0,18,0,1,0,0,0,0,1,1,6,1,35,6,2143,2,5,1,1,1
2018010131266,1,9,0,18,0,0,0,4,0,0,1,1,6,1,21,5,1598,1,9,2,1,2
2018010131266,2,9,0,2,9,0,0,0,0,0,1,1,6,3,-1,-1,2149,2,11,-1,-1,-1
2018010131266,3,19,0,2,9,0,0,0,0,0,1,1,6,3,-1,-1,2143,2,7,-1,-1,-1
2018010131268,1,11,0,5,3,0,0,0,0,0,0,1,1,1,46,8,9000,2,11,5,1,5
2018010131273,1,9,0,16,0,1,0,0,0,0,1,1,6,1,24,5,1984,1,10,9,1,9
2018010131273,2,3,0,18,0,1,0,0,0,0,1,1,6,1,21,5,-1,-1,-1,9,1,9
2018010131274,1,9,0,18,0,1,0,0,0,0,1,1,3,2,38,7,2143,2,4,6,1,6
2018010131274,2,1,0,5,0,6,0,0,0,0,3,1,2,1,21,5,-1,-1,-1,4,1,4
2018010131280,1,2,0,5,0,0,0,0,0,0,3,1,1,1,29,6,108,1,3,3,1,3
2018010131281,1,9,0,18,0,2,1,0,0,0,4,1,6,1,28,6,998,1,17,4,1,4
2018010131281,2,9,0,18,0,2,1,0,0,0,1,1,6,3,-1,-1,1968,2,8,-1,-1,-1
2018010131282,1,11,0,18,2,1,0,0,0,0,4,1,1,1,56,9,6700,2,6,2,1,2
2018010131288,1,9,0,7,2,1,0,0,0,0,3,1,1,1,45,7,1798,8,2,2,1,2
2018010131288,2,1,0,5,0,1,0,0,0,0,1,1,6,1,34,6,-1,-1,-1,3,1,3
2018010131291,1,19,0,5,0,1,0,0,0,0,1,1,1,1,54,8,2198,2,10,4,1,4
2018010131293,1,9,0,18,0,0,0,6,0,0,1,1,6,2,21,5,998,1,4,8,1,8
2018010131295,1,9,0,9,0,1,0,0,0,0,1,1,6,2,35,6,-1,-1,-1,8,1,8
2018010131295,2,9,0,18,0,1,0,0,0,0,1,1,2,1,54,8,1598,1,13,1,1,1
2018010131297,1,9,0,18,0,2,0,0,0,0,4,1,6,3,-1,-1,-1,-1,-1,-1,-1,-1
2018010131297,2,1,0,18,0,2,0,0,0,0,3,1,2,1,42,7,-1,-1,-1,3,1,3
2018010131302,1,9,0,18,0,0,1,7,1,2,1,1,6,1,20,4,1199,1,15,2,1,2
2018010131306,1,9,0,18,0,2,0,0,0,0,1,1,6,1,24,5,999,1,9,1,1,1
2018010131307,1,3,0,18,0,1,0,0,0,0,4,1,6,1,45,7,125,1,3,3,1,3
2018010131307,2,8,0,18,0,1,0,0,0,0,3,1,1,1,51,8,2143,2,1,3,1,3
2018010131309,1,9,0,-1,-1,-1,-1,-1,-1,-1,2,-1,6,2,33,6,3200,1,10,9,1,9
2018010131309,2,9,0,-1,-1,-1,-1,-1,-1,-1,1,-1,6,3,-1,-1,2996,2,7,8,1,8
2018010131311,1,9,0,-1,-1,0,-1,-1,-1,-1,-1,-1,6,3,-1,-1,-1,-1,-1,-1,-1,-1
2018010131317,1,9,0,18,0,0,0,0,0,0,1,1,6,1,18,4,-1,-1,-1,-1,-1,-1
2018010131321,1,9,0,-1,-1,-1,-1,-1,-1,-1,-1,-1,2,2,25,5,1399,1,10,2,-1,2
2018010131321,2,9,0,-1,-1,-1,-1,-1,-1,-1,1,-1,6,3,-1,-1,647,8,1,-1,-1,-1
2018010131326,1,1,-1,-1,-1,0,-1,-1,-1,-1,2,1,6,2,32,6,-1,-1,-1,-1,1,-1
2018010131326,2,9,0,-1,-1,0,-1,-1,-1,-1,1,-1,6,3,26,6,1299,1,16,-1,1,-1
2018010131330,1,11,0,3,2,0,0,0,0,0,0,1,1,1,40,7,-1,-1,-1,5,1,5
2018010131333,1,1,-1,-1,-1,-1,-1,-1,-1,-1,0,1,2,1,41,7,-1,-1,-1,2,1,2
2018010131333,2,19,0,-1,-1,-1,-1,-1,-1,-1,0,-1,6,3,-1,-1,-1,-1,-1,-1,-1,-1
2018010131337,1,19,0,6,0,0,0,0,0,0,2,1,1,1,45,7,1499,2,2,1,1,1
2018010131337,2,3,0,18,0,0,0,0,0,0,1,1,1,1,28,6,125,1,6,1,1,1
2018010131338,1,9,0,5,0,2,0,0,0,0,1,1,6,2,30,6,2143,2,1,5,1,5
2018010131338,2,9,0,2,0,2,0,0,0,0,4,1,6,3,-1,-1,1995,1,8,-1,-1,-1
2018010131338,3,9,0,18,0,1,0,0,0,0,1,1,6,1,31,6,1499,1,1,2,1,2
2018010131340,1,9,0,18,0,1,0,0,0,0,1,1,3,2,46,8,1598,2,6,2,1,2
2018010131340,2,9,0,9,0,6,0,0,0,0,1,1,6,1,47,8,1242,1,3,8,1,8
2018010131341,1,9,0,-1,-1,0,-1,-1,-1,-1,2,-1,6,1,20,4,1560,2,6,5,1,5
2018010131341,2,9,0,-1,-1,0,-1,-1,-1,-1,1,-1,6,3,-1,-1,-1,-1,-1,-1,-1,-1
2018010131342,1,11,0,18,0,4,0,0,0,0,0,1,1,1,44,7,6692,2,9,1,1,1
2018010131342,2,9,0,9,0,4,0,0,0,0,0,1,6,3,-1,-1,-1,-1,-1,-1,-1,-1
2018010131345,1,9,0,-1,-1,0,-1,-1,-1,-1,2,-1,6,2,37,7,1598,2,5,2,1,2
2018010131348,1,1,0,5,0,8,0,0,0,0,3,1,6,1,39,7,-1,-1,-1,5,1,5
2018010131348,2,9,0,5,0,8,0,0,0,0,4,1,6,2,60,9,1598,1,6,4,1,4
2018010131357,1,8,0,18,0,1,0,0,0,0,1,1,1,1,51,8,2499,2,11,10,1,10
2018010131357,2,3,0,9,0,8,0,0,0,0,3,1,6,1,34,6,125,1,13,2,1,2
2018010131363,1,3,0,-1,-1,-1,-1,-1,-1,-1,2,1,6,1,33,6,125,1,12,1,1,1
2018010131363,2,9,0,-1,-1,-1,-1,-1,-1,-1,1,-1,6,3,-1,-1,-1,-1,-1,-1,-1,-1
2018010131364,1,9,0,-1,-1,1,-1,-1,-1,-1,-1,-1,6,3,-1,-1,-1,-1,-1,-1,-1,-1
2018010131366,1,1,-1,-1,-1,-1,-1,-1,-1,-1,-1,1,2,1,43,7,-1,-1,-1,3,1,3
2018010131367,1,9,0,5,0,0,0,0,0,0,1,1,6,1,36,7,1598,1,5,6,1,6
2018010131367,2,9,0,3,0,0,0,0,0,0,2,1,6,1,39,7,-1,-1,-1,4,1,4
2018010131374,1,9,0,7,0,5,0,0,0,0,1,1,6,3,-1,-1,-1,-1,-1,-1,-1,-1
2018010131374,2,1,0,18,0,8,0,0,0,0,3,1,6,1,37,7,-1,-1,-1,5,1,5
2018010131376,1,9,0,5,0,1,0,0,0,0,3,1,6,2,52,8,1797,8,8,8,1,8
2018010131376,2,9,0,18,0,8,0,0,0,0,1,1,6,1,21,5,1896,2,11,2,1,2
2018010131389,1,9,0,18,0,1,0,0,0,0,2,1,2,2,38,7,1598,1,9,-1,-1,-1
2018010131389,2,9,0,18,0,1,0,0,0,0,2,1,6,2,54,8,1998,1,1,8,3,8
2018010131390,1,19,0,18,0,8,0,0,0,0,3,1,1,1,37,7,2198,2,4,5,3,5
2018010131390,2,9,0,9,0,8,0,0,0,0,4,1,6,2,34,6,2143,2,6,4,1,4
2018010131395,1,19,0,18,0,0,0,0,0,0,4,1,6,1,29,6,2198,2,3,2,1,2
2018010131396,1,11,0,18,2,2,0,0,0,0,1,1,6,1,58,9,6700,2,9,4,1,4
2018010131398,1,3,0,13,0,0,0,0,0,0,1,1,2,1,26,6,124,1,7,3,1,3
2018010131398,2,9,0,18,0,0,0,0,0,0,3,1,6,1,23,5,1390,1,8,2,1,2
2018010131399,1,9,0,-1,-1,0,-1,-1,-1,-1,2,-1,6,1,32,6,1390,1,19,3,1,3
2018010131399,2,9,0,-1,-1,0,-1,-1,-1,-1,1,-1,6,1,26,6,1995,2,12,2,1,2
2018010131400,1,9,0,-1,-1,-1,-1,-1,-1,-1,2,-1,6,2,79,11,1499,1,21,3,1,3
2018010131400,2,9,0,-1,-1,-1,-1,-1,-1,-1,2,-1,6,3,28,6,-1,-1,-1,3,1,3
2018010131404,1,9,0,-1,-1,0,-1,-1,-1,-1,-1,-1,6,1,26,6,1595,1,-1,2,1,2
2018010131404,2,19,0,-1,-1,0,-1,-1,-1,-1,-1,-1,6,3,-1,-1,2402,2,11,6,1,6
2018010131408,1,9,0,5,0,0,0,0,0,0,3,1,6,2,32,6,1499,1,-1,4,1,4
2018010131408,2,21,4,5,0,0,0,0,0,0,1,1,6,1,58,9,6700,2,4,7,1,7
2018010131409,1,9,0,7,0,0,0,10,0,0,1,1,6,1,31,6,1796,1,11,1,1,1
2018010131410,1,9,0,9,0,8,0,0,0,0,4,1,6,1,71,10,1197,1,1,3,1,3
2018010131410,2,3,0,18,0,8,0,0,0,0,1,1,6,1,33,6,-1,-1,-1,9,1,9
2018010131415,1,9,0,7,0,5,0,0,7,0,1,1,6,2,22,5,1397,1,9,3,1,3
2018010131415,2,1,0,16,0,1,0,0,0,0,1,1,1,1,24,5,-1,-1,-1,1,1,1
2018010131418,1,9,0,9,0,1,0,0,0,0,1,1,6,3,-1,-1,-1,-1,-1,-1,-1,-1
2018010131418,2,1,0,18,0,1,5,0,0,0,3,1,6,1,18,4,-1,-1,-1,1,1,1
2018010131420,1,9,0,18,0,8,0,0,0,0,1,1,1,1,33,6,1968,2,4,1,1,1
2018010131421,1,3,0,13,0,1,0,0,0,0,1,1,6,1,46,8,124,1,5,1,1,1
2018010131421,2,9,0,10,0,1,0,0,0,0,1,1,6,1,38,7,1995,1,9,2,1,2
2018010131422,1,9,0,18,0,2,0,0,0,0,1,1,6,2,63,9,998,1,19,2,1,2
2018010131424,1,3,0,18,0,0,0,4,0,0,1,1,1,1,20,4,124,1,-1,3,1,3
2018010131424,2,9,0,2,0,0,0,0,0,0,2,1,6,3,-1,-1,1796,1,9,-1,-1,-1
2018010131425,1,2,0,18,0,1,0,0,0,0,1,1,6,3,-1,-1,-1,-1,-1,-1,-1,-1
2018010131426,1,9,0,6,0,6,1,4,0,0,4,1,6,1,56,9,4806,1,7,5,1,5
2018010131426,2,3,0,18,0,1,5,0,0,0,1,1,2,1,38,7,125,1,3,2,1,2
2018010131426,3,9,0,2,0,1,0,0,0,0,3,1,6,3,-1,-1,3199,1,19,-1,-1,-1
2018010131429,1,8,0,18,0,1,0,0,0,0,4,1,6,1,40,7,2143,2,1,2,1,2
2018010131431,1,8,0,-1,-1,0,-1,-1,-1,-1,-1,-1,6,1,21,5,1995,2,4,2,1,2
2018010131431,2,9,0,-1,-1,0,-1,-1,-1,-1,-1,-1,6,3,-1,-1,-1,-1,-1,-1,-1,-1
2018010131433,1,9,0,18,0,1,0,0,1,0,4,1,6,3,-1,-1,-1,-1,-1,-1,-1,-1
2018010131448,1,9,0,9,0,8,0,0,0,0,4,1,6,1,63,9,1560,2,11,3,1,3
2018010131448,2,3,0,18,0,1,0,0,0,0,1,1,1,1,30,6,124,1,7,3,1,3
2018010131452,1,3,0,15,4,1,5,0,0,0,1,1,1,1,24,5,124,1,1,1,1,1
2018010131452,2,9,0,18,0,8,0,0,0,0,4,1,6,1,20,4,1200,1,15,1,1,1
2018010131454,1,9,0,4,0,1,0,0,0,0,2,1,6,1,32,6,1968,2,1,3,1,3
2018010131454,2,9,0,4,0,1,0,0,0,0,1,1,6,1,26,6,1598,2,3,5,1,5
2018010131457,1,9,0,18,0,8,0,0,0,0,1,1,1,1,44,7,1997,2,3,5,1,5
2018010131457,2,9,0,18,0,8,0,0,0,0,3,1,6,3,-1,-1,1950,2,2,-1,-1,-1
2018010131457,3,9,0,2,0,2,0,0,0,0,2,1,6,3,-1,-1,1496,1,2,-1,-1,-1
2018010131457,4,9,0,2,0,2,0,0,0,0,4,1,6,3,-1,-1,1398,1,14,-1,-1,-1
2018010131458,1,9,0,18,0,8,0,0,0,0,1,2,6,1,33,6,2148,2,8,3,1,3
2018010131458,2,4,0,18,0,8,0,0,0,0,3,1,6,1,22,5,-1,-1,-1,3,1,3
2018010131462,1,9,0,18,0,0,0,0,0,0,1,1,6,3,-1,-1,2401,2,11,-1,-1,-1
2018010131481,1,19,0,18,0,0,0,0,0,0,1,1,6,3,-1,-1,-1,-1,-1,-1,-1,-1
2018010131484,1,9,0,7,0,0,0,0,0,0,4,1,2,2,20,4,999,1,1,8,1,8
2018010131484,2,3,0,15,0,0,0,0,0,0,1,1,2,1,26,6,-1,-1,-1,2,1,2
2018010131486,1,9,0,18,0,0,5,4,0,0,1,1,6,1,49,8,2616,1,13,3,1,3
2018010131486,2,9,0,2,0,0,0,0,0,0,1,1,6,3,-1,-1,1598,1,16,-1,-1,-1
2018010131486,3,9,0,2,0,0,0,0,0,0,2,1,6,3,-1,-1,2993,2,13,-1,-1,-1
2018010131489,1,9,0,18,0,8,2,7,0,0,1,1,6,2,33,6,2143,2,4,-1,-1,-1
2018010131490,1,1,0,18,0,1,0,0,0,0,1,1,6,1,48,8,-1,-1,-1,6,1,6
2018010131490,2,9,0,4,0,1,0,0,0,0,1,1,6,1,55,8,2179,2,7,10,1,10
2018010131492,1,9,0,-1,-1,0,-1,-1,-1,-1,2,-1,6,1,24,5,999,1,-1,-1,-1,-1
2018010131492,2,9,0,-1,-1,0,-1,-1,-1,-1,2,-1,6,3,-1,-1,1598,1,11,5,1,5
2018010131493,1,3,0,17,0,0,0,0,0,0,0,1,1,1,35,6,108,1,2,4,1,4
2018010131495,1,9,0,14,0,0,0,0,0,0,1,1,1,1,58,9,1968,2,7,-1,-1,-1
2018010131495,2,9,0,5,0,0,0,0,0,0,3,1,6,2,44,7,1999,1,10,1,1,1
2018010131498,1,9,0,9,0,6,0,0,0,0,1,1,6,1,71,10,1685,2,1,4,1,4
2018010131498,2,9,0,18,0,1,0,0,0,0,1,1,2,2,28,6,1362,1,5,5,1,5
2018010131500,1,3,0,-1,-1,0,-1,-1,-1,-1,-1,1,6,2,29,6,125,1,1,7,1,7
2018010131501,1,9,0,18,0,1,0,0,0,0,1,1,6,2,27,6,1398,1,6,4,1,4
2018010131501,2,9,0,18,0,1,5,0,0,0,1,1,2,1,35,6,1798,8,5,3,1,3
2018010131502,1,4,0,13,0,1,0,0,0,0,1,1,1,1,36,7,125,1,2,3,1,3
2018010131502,2,9,0,9,0,1,0,0,0,0,1,1,6,1,53,8,2179,2,4,7,1,7
2018010131504,1,9,0,14,0,0,0,0,0,0,1,1,6,3,-1,-1,-1,-1,-1,-1,-1,-1
2018010131505,1,9,0,9,0,4,0,0,0,0,2,1,6,2,51,8,999,1,2,9,1,9
2018010131505,2,9,0,18,0,4,0,0,0,0,1,1,2,2,46,8,1991,1,-1,10,1,10
2018010131506,1,1,-1,-1,-1,-1,-1,-1,-1,-1,1,1,2,1,23,5,-1,-1,-1,-1,-1,-1
2018010131506,2,9,0,-1,-1,-1,-1,-1,-1,-1,1,-1,6,3,-1,-1,-1,-1,-1,-1,-1,-1
2018010131507,1,11,0,3,0,1,0,0,0,0,0,1,1,1,41,7,-1,-1,-1,4,1,4