Accident_Index,Vehicle_Reference,Vehicle_Type,Towing_and_Articulation,Vehicle_Manoeuvre,Vehicle_Location-Restricted_Lane,Junction_Location,Skidding_and_Overturning,Hit_Object_in_Carriageway,Vehicle_Leaving_Carriageway,Hit_Object_off_Carriageway,1st_Point_of_Impact,Was_Vehicle_Left_Hand_Drive?,Journey_Purpose_of_Driver,Sex_of_Driver,Age_of_Driver,Age_Band_of_Driver,Engine_Capacity_(CC),Propulsion_Code,Age_of_Vehicle,Driver_IMD_Decile,Driver_Home_Area_Type,Vehicle_IMD_Decile
2018010132643,1,4,0,18,0,0,5,0,0,0,2,1,2,1,43,7,249,1,9,5,1,5
2018010132643,2,9,0,18,0,0,0,0,0,0,4,1,2,2,60,9,1242,1,11,-1,-1,-1
2018010132643,3,3,0,18,0,0,2,0,0,0,1,1,6,1,51,8,125,1,1,-1,-1,-1
2018010132644,1,5,0,7,0,7,-1,-1,-1,-1,-1,1,6,3,-1,-1,-1,-1,-1,-1,-1,-1
2018010132648,1,9,0,-1,-1,-1,-1,-1,-1,-1,-1,-1,6,1,50,8,1395,1,-1,3,1,3
2018010132650,1,8,0,-1,-1,-1,-1,-1,-1,-1,2,-1,6,1,53,8,1997,2,6,3,1,3
2018010132650,2,8,-1,-1,-1,-1,-1,-1,-1,-1,-1,-1,6,3,-1,-1,-1,-1,-1,-1,-1,-1
2018010132651,1,11,0,5,0,3,0,0,0,0,0,1,1,1,46,8,5132,2,2,2,1,2
2018010132653,1,9,0,18,0,0,0,0,0,0,2,1,1,1,49,8,2987,2,6,5,1,5
2018010132653,2,9,0,18,0,0,0,0,0,0,1,1,6,1,52,8,-1,-1,-1,3,1,3
2018010132655,1,9,0,-1,-1,-1,-1,-1,-1,-1,2,-1,6,1,37,7,1798,8,5,4,1,4
2018010132655,2,3,-1,-1,-1,-1,-1,-1,-1,0,-1,1,6,3,-1,-1,125,1,4,-1,-1,-1
2018010132656,1,9,0,9,0,1,0,0,0,0,1,1,6,1,51,8,2143,2,2,7,1,7
2018010132656,2,3,0,18,0,1,2,0,0,0,1,1,1,1,20,4,125,1,-1,7,1,7
2018010132661,1,9,0,5,0,0,0,0,0,0,2,1,1,1,33,6,1796,1,4,3,1,3
2018010132661,2,3,0,5,0,0,0,4,0,0,1,1,6,3,-1,-1,-1,-1,-1,-1,-1,-1
2018010132662,1,9,0,4,7,6,0,0,0,0,4,1,6,2,29,6,1998,1,16,8,1,8
2018010132662,2,19,0,17,8,6,0,0,0,0,1,1,6,1,34,6,1997,2,4,3,1,3
2018010132664,1,4,0,18,0,1,2,10,0,0,0,1,1,1,26,6,124,1,6,2,1,2
2018010132664,2,9,0,9,0,6,0,0,0,0,0,1,6,1,22,5,1197,1,2,7,1,7
2018010132665,1,9,0,18,0,1,0,0,0,0,4,1,6,1,58,9,2793,1,19,2,1,2
2018010132665,2,2,0,13,0,1,0,0,0,0,3,1,2,1,17,4,124,1,5,2,1,2
2018010132667,1,9,0,18,0,2,0,0,0,0,1,1,6,3,-1,-1,-1,-1,-1,-1,-1,-1
2018010132671,1,9,0,18,0,5,0,7,4,6,2,1,6,1,19,4,1368,1,10,5,1,5
2018010132671,2,9,0,18,0,5,0,0,0,0,1,1,6,1,41,7,2993,2,10,3,1,3
2018010132672,1,9,0,7,0,5,0,0,0,0,2,1,6,2,52,8,1398,1,3,6,1,6
2018010132672,2,9,0,18,0,1,0,0,1,10,1,1,6,3,-1,-1,1749,1,17,-1,-1,-1
2018010132674,1,9,0,-1,-1,-1,-1,-1,-1,-1,-1,-1,6,1,30,6,1968,2,9,3,1,3
2018010132674,2,2,0,-1,-1,-1,-1,-1,-1,-1,-1,1,6,3,-1,-1,-1,-1,-1,-1,-1,-1
2018010132675,1,9,0,1,0,0,0,0,0,0,2,-1,6,3,-1,-1,-1,-1,-1,-1,-1,-1
2018010132676,1,9,0,10,0,1,0,0,0,0,2,1,2,1,47,8,1798,1,3,-1,-1,-1
2018010132676,2,19,0,18,0,1,1,0,0,0,1,1,1,1,25,5,2287,2,5,6,1,6
2018010132677,1,9,0,18,0,0,0,0,0,0,2,1,2,1,38,7,1199,1,15,3,1,3
2018010132677,2,9,0,18,0,0,0,0,0,0,1,1,6,2,24,5,1997,2,9,2,1,2
2018010132681,1,9,0,18,0,0,0,0,7,10,1,1,6,1,19,4,1399,1,1,6,1,6
2018010132682,1,19,0,9,0,6,0,0,0,0,1,1,6,1,55,8,2402,2,16,2,1,2
2018010132682,2,3,0,7,0,6,0,0,0,0,1,1,6,1,25,5,125,1,4,2,1,2
2018010132683,1,3,0,18,0,8,0,0,0,0,1,1,2,1,36,7,125,1,5,2,1,2
2018010132683,2,9,0,7,0,8,0,0,0,0,1,1,6,3,-1,-1,1956,2,8,-1,-1,-1
2018010132685,1,8,0,18,0,0,0,0,0,0,3,1,1,1,40,7,1798,8,6,4,1,4
2018010132685,2,9,0,9,0,0,1,0,0,0,1,1,6,1,39,7,1596,1,10,2,1,2
2018010132685,3,9,0,18,0,0,1,0,0,0,1,1,6,1,20,4,1364,1,14,8,1,8
2018010132688,1,3,0,18,0,0,0,0,0,0,4,1,6,1,25,5,125,1,3,2,1,2
2018010132689,1,9,0,16,0,8,0,0,7,10,1,1,1,1,38,7,1560,2,4,5,1,5
2018010132689,2,9,0,7,0,8,0,0,0,0,1,1,6,1,35,6,1598,2,5,1,1,1
2018010132691,1,9,0,18,0,0,0,0,0,0,1,1,6,2,51,8,2776,2,13,3,1,3
2018010132691,2,9,0,18,0,0,5,0,0,0,1,1,6,1,49,8,2143,2,-1,8,3,8
2018010132692,1,8,0,17,0,4,0,0,0,0,4,1,6,1,44,7,2148,2,8,3,1,3
2018010132692,2,1,0,17,0,8,0,0,0,0,3,1,6,1,49,8,-1,-1,-1,3,1,3
2018010132694,1,9,0,9,0,8,0,0,0,0,1,1,1,1,28,6,1200,1,1,3,1,3
2018010132694,2,9,0,18,0,8,0,0,0,0,3,1,6,2,27,6,1995,2,4,5,1,5
2018010132701,1,9,0,18,0,1,0,10,1,5,1,1,6,1,33,6,1968,2,2,3,1,3
2018010132702,1,9,0,13,0,1,0,4,0,0,1,1,6,1,24,5,1968,2,5,4,1,4
2018010132702,2,9,0,9,0,1,0,0,7,10,4,2,1,1,23,5,1956,2,3,4,1,4
2018010132702,3,9,0,2,9,1,0,0,7,0,3,1,6,3,-1,-1,2401,2,14,-1,-1,-1
2018010132706,1,8,0,-1,-1,-1,-1,-1,-1,-1,1,-1,6,1,37,7,-1,-1,-1,3,1,3
2018010132706,2,9,0,-1,-1,-1,-1,-1,-1,-1,2,-1,6,3,24,5,2179,2,6,-1,1,-1
2018010132710,1,9,0,18,0,1,0,0,0,0,1,1,1,1,40,7,2993,2,13,8,1,8
2018010132710,2,9,0,9,0,8,0,0,0,0,1,1,6,2,32,6,1598,1,16,1,1,1
2018010132713,1,4,0,18,0,8,5,0,0,0,1,1,2,1,38,7,599,1,20,4,1,4
2018010132713,2,9,0,9,0,8,0,0,0,0,3,1,6,1,39,7,1390,1,14,4,1,4
2018010132717,1,9,0,18,0,2,0,0,0,0,1,1,6,2,52,8,1242,1,7,2,1,2
2018010132717,2,19,0,3,0,2,0,0,0,0,2,1,2,1,51,8,2198,2,3,3,1,3
2018010132721,1,4,0,9,0,6,0,0,0,0,3,1,6,1,44,7,-1,-1,-1,3,1,3
2018010132721,2,9,0,9,0,1,0,0,0,0,1,1,6,1,52,8,1364,1,1,3,1,3
2018010132722,1,9,0,9,0,5,0,0,0,0,3,1,6,1,43,7,-1,-1,-1,-1,-1,-1
2018010132722,2,3,0,13,0,1,0,0,0,0,4,1,6,1,38,7,124,1,-1,-1,-1,-1
2018010132730,1,19,0,10,0,1,0,0,1,0,1,1,1,1,26,6,-1,3,9,2,1,2
2018010132730,2,1,0,18,0,1,0,0,7,0,1,1,2,2,34,6,-1,-1,-1,3,1,3
2018010132731,1,1,-1,-1,-1,-1,-1,-1,-1,-1,-1,1,2,2,31,6,-1,-1,-1,5,1,5
2018010132731,2,11,-1,-1,-1,-1,-1,-1,-1,-1,2,-1,6,3,-1,-1,-1,-1,-1,-1,-1,-1
2018010132735,1,9,0,18,0,0,0,0,0,0,1,1,2,1,35,6,998,1,12,6,1,6
2018010132735,2,9,0,2,0,0,0,0,0,0,2,1,6,3,-1,-1,998,1,17,-1,-1,-1
2018010132736,1,1,0,18,0,0,0,0,0,0,-1,1,6,1,-1,-1,-1,-1,-1,-1,-1,-1
2018010132739,1,9,0,18,0,1,0,0,0,0,4,1,6,2,54,8,898,1,-1,9,1,9
2018010132739,2,9,0,9,0,1,0,0,0,0,1,1,6,1,38,7,1598,1,7,3,1,3
2018010132743,1,9,0,-1,-1,-1,-1,-1,-1,-1,4,-1,6,1,66,10,1797,8,7,4,1,4
2018010132745,1,9,0,4,0,1,0,0,0,0,2,1,6,2,35,6,1386,1,6,3,1,3
2018010132745,2,9,0,4,0,1,0,0,0,0,1,1,6,1,79,11,1388,1,14,2,1,2
2018010132746,1,90,0,9,0,1,0,0,0,0,1,1,6,2,69,10,-1,-1,-1,3,1,3
2018010132746,2,9,0,7,0,1,0,0,0,0,1,1,6,3,-1,-1,1900,2,19,-1,-1,-1
2018010132747,1,3,0,18,0,0,0,0,0,0,1,1,1,1,27,6,125,1,2,6,1,6
2018010132747,2,19,0,4,0,0,0,0,0,0,1,1,6,1,66,10,2402,2,11,5,1,5
2018010132748,1,9,0,5,0,1,0,0,0,0,1,1,6,2,25,5,1229,1,11,3,1,3
2018010132750,1,9,0,18,0,8,1,0,0,0,3,1,6,2,25,5,1248,2,9,1,1,1
2018010132750,2,9,0,18,0,8,0,0,0,0,1,2,6,2,37,7,2179,2,4,6,1,6
2018010132750,3,9,0,10,0,1,0,0,0,0,4,1,6,2,37,7,-1,-1,-1,4,1,4
2018010132751,1,9,0,3,0,1,0,0,0,0,1,1,6,1,58,9,1248,2,12,5,1,5
2018010132751,2,17,0,3,0,1,0,0,0,0,0,1,1,1,40,7,1115,2,2,3,1,3
2018010132751,3,1,0,9,0,1,2,0,0,0,2,1,6,1,33,6,-1,-1,-1,4,1,4
2018010132753,1,9,0,7,0,2,0,10,1,2,1,1,2,1,18,4,1198,1,8,1,1,1
2018010132759,1,9,0,2,0,2,0,0,0,0,1,1,6,3,-1,-1,1995,2,-1,-1,-1,-1
2018010132759,2,16,5,18,0,1,0,4,0,0,1,1,6,1,49,8,-1,-1,-1,3,1,3
2018010132763,1,9,0,5,0,0,0,4,0,0,1,1,6,1,40,7,1596,1,14,2,1,2
2018010132763,2,9,0,3,0,0,0,0,0,0,2,1,6,1,25,5,1598,1,13,2,1,2
2018010132765,1,9,0,-1,-1,-1,-1,-1,-1,-1,1,-1,6,1,65,9,1598,1,15,3,2,3
2018010132765,2,1,-1,-1,-1,-1,-1,-1,-1,-1,4,1,6,1,62,9,-1,-1,-1,5,1,5
2018010132767,1,1,-1,-1,-1,-1,-1,-1,-1,-1,2,1,6,1,47,8,-1,-1,-1,8,1,8
2018010132767,2,9,0,-1,-1,-1,-1,-1,-1,-1,1,-1,6,3,-1,-1,1984,1,12,-1,-1,-1
2018010132768,1,9,0,-1,-1,-1,-1,-1,-1,-1,2,-1,2,2,50,8,1596,1,13,2,1,2
2018010132768,2,9,0,-1,-1,-1,-1,-1,-1,-1,1,-1,6,3,28,6,1364,1,11,1,1,1
2018010132771,1,9,0,18,0,1,2,0,0,0,1,1,6,2,40,7,1956,2,-1,10,1,10
2018010132771,2,9,0,12,0,7,1,0,0,0,3,1,6,1,52,8,1968,2,11,2,1,2
2018010132775,1,9,0,18,0,0,0,0,0,0,1,1,6,2,28,6,1590,1,14,3,1,3
2018010132775,2,9,0,4,0,0,0,0,0,0,0,1,6,2,33,6,1968,2,8,3,1,3
2018010132776,1,1,0,18,0,0,1,0,1,10,1,1,6,1,45,7,-1,-1,-1,4,1,4
2018010132777,1,9,0,-1,-1,-1,-1,-1,-1,-1,2,-1,6,2,25,5,1995,2,2,2,1,2
2018010132777,2,9,0,-1,-1,-1,-1,-1,-1,-1,1,-1,6,3,-1,-1,998,1,9,-1,-1,-1
2018010132780,1,9,0,9,0,2,0,0,0,0,1,1,1,1,62,9,1339,1,6,6,1,6
2018010132782,1,11,0,4,0,2,0,0,0,0,0,1,1,1,26,6,4500,2,4,4,1,4
2018010132783,1,9,0,-1,-1,-1,-1,-1,-1,-1,2,-1,6,1,45,7,1398,1,16,2,1,2
2018010132783,2,9,0,-1,-1,-1,-1,-1,-1,-1,1,-1,6,3,-1,-1,-1,-1,-1,-1,-1,-1
2018010132784,1,8,0,-1,-1,0,-1,-1,-1,-1,1,-1,6,1,36,7,1797,8,8,3,1,3
2018010132784,2,9,0,-1,-1,0,-1,-1,-1,-1,-1,-1,6,3,-1,-1,-1,-1,-1,-1,-1,-1
2018010132785,1,4,0,18,0,0,1,0,0,0,4,1,6,1,30,6,124,1,6,1,1,1
2018010132792,1,4,0,3,0,0,0,0,0,0,1,1,6,1,27,6,-1,-1,-1,3,1,3
2018010132792,2,19,0,18,0,0,0,0,0,0,2,1,6,3,-1,-1,-1,-1,-1,-1,-1,-1
2018010132793,1,11,0,3,0,8,0,0,0,0,0,1,1,1,69,10,6700,2,-1,3,1,3
2018010132793,2,11,0,18,0,8,0,0,0,0,0,2,6,3,38,7,-1,-1,-1,-1,-1,-1
2018010132796,1,9,0,2,-1,0,-1,-1,-1,-1,2,1,6,3,-1,-1,1596,1,12,-1,-1,-1
2018010132796,2,19,0,-1,-1,0,-1,-1,-1,-1,2,-1,6,1,28,6,2298,2,2,2,1,2
2018010132799,1,1,-1,-1,-1,-1,-1,-1,-1,-1,2,1,6,1,27,6,-1,-1,-1,4,1,4
2018010132799,2,9,0,-1,-1,-1,-1,-1,-1,-1,1,-1,6,3,-1,-1,-1,-1,-1,-1,-1,-1
2018010132803,1,8,0,18,0,0,0,0,0,0,1,1,1,1,54,8,1797,8,8,1,1,1
2018010132804,1,9,0,9,0,1,0,0,0,0,1,1,6,1,60,9,2143,2,3,8,1,8
2018010132804,2,5,0,14,0,1,0,0,0,0,1,1,6,1,37,7,-1,-1,-1,3,1,3
2018010132805,1,9,0,6,0,1,0,0,0,0,0,1,1,1,45,7,1798,8,4,4,1,4
2018010132805,2,1,0,18,4,1,0,0,0,0,0,1,6,1,71,10,-1,-1,-1,8,1,8
2018010132806,1,1,0,18,0,0,0,0,0,0,1,1,1,1,28,6,-1,-1,-1,4,1,4
2018010132809,1,11,0,5,3,0,0,0,0,0,0,1,1,1,63,9,4500,2,3,2,1,2
2018010132811,1,9,0,7,0,0,0,0,0,0,0,1,6,1,28,6,1360,1,11,1,1,1
2018010132811,2,11,0,18,2,0,0,0,0,0,0,1,1,1,46,8,4500,2,3,6,1,6
2018010132812,1,9,0,18,0,2,0,0,0,0,1,1,6,1,35,6,2987,2,12,3,1,3
2018010132812,2,9,0,12,0,6,1,0,0,0,4,1,6,1,56,9,2496,1,9,3,1,3
2018010132812,3,19,0,2,2,1,0,0,0,0,2,2,6,3,-1,-1,-1,-1,-1,-1,-1,-1
2018010132818,1,5,0,13,0,1,1,0,0,0,1,1,6,1,40,7,-1,-1,-1,3,1,3
2018010132818,2,9,0,9,0,5,0,0,0,0,1,2,6,2,68,10,1598,1,6,10,1,10
2018010132820,1,9,0,-1,-1,-1,-1,-1,-1,-1,3,-1,2,1,41,7,1995,2,10,9,1,9
2018010132820,2,9,0,-1,-1,-1,-1,-1,-1,-1,1,-1,6,3,60,9,3248,1,16,9,1,9
2018010132822,1,9,0,5,0,7,0,0,0,0,3,1,6,1,23,5,1995,2,12,1,1,1
2018010132822,2,9,0,18,0,2,0,0,0,0,4,1,6,1,45,7,1339,8,7,3,1,3
2018010132824,1,9,0,9,0,5,0,0,0,0,1,1,6,1,23,5,1498,1,-1,4,1,4
2018010132824,2,2,0,18,0,8,5,0,0,0,1,1,1,1,39,7,108,1,7,2,1,2
2018010132826,1,9,0,18,0,8,0,0,0,0,3,1,6,3,-1,-1,-1,-1,-1,-1,-1,-1
2018010132830,1,9,0,9,0,5,0,0,0,0,1,1,6,1,25,5,4163,1,9,9,1,9
2018010132831,1,1,0,5,0,1,1,0,0,0,1,1,6,1,33,6,-1,-1,-1,1,1,1
2018010132836,1,9,0,7,0,1,0,0,0,0,3,1,6,1,31,6,1995,2,8,6,1,6
2018010132836,2,4,0,7,0,1,0,0,0,0,4,1,1,1,26,6,124,1,6,2,1,2
2018010132837,1,9,0,8,0,1,0,0,0,0,1,1,6,1,51,8,3199,1,17,2,1,2
2018010132837,2,5,0,15,4,1,0,0,0,0,1,1,2,1,59,9,471,1,1,4,1,4
2018010132839,1,8,0,9,0,2,0,0,0,0,1,1,1,1,64,9,1797,8,5,2,1,2
2018010132839,2,4,0,18,0,1,0,0,0,0,1,1,1,1,19,4,125,1,3,-1,-1,-1
2018010132842,1,9,0,9,0,8,0,0,0,0,4,1,6,1,23,5,1242,1,13,5,1,5
2018010132842,2,5,0,18,0,1,0,0,0,0,1,1,6,1,30,6,-1,-1,-1,3,1,3
2018010132842,3,9,0,18,0,1,0,0,0,0,1,1,6,1,65,9,1988,1,15,3,1,3
2018010132847,1,9,0,18,0,0,2,0,0,0,1,1,6,1,37,7,1200,1,-1,10,1,10
2018010132848,1,9,0,9,0,4,1,7,8,7,1,1,6,3,-1,-1,1984,1,6,-1,-1,-1
2018010132849,1,8,0,2,0,0,0,0,0,0,0,1,6,3,-1,-1,1997,2,6,-1,-1,-1
2018010132849,2,9,0,18,0,0,0,0,0,0,4,1,6,3,-1,-1,1229,1,5,-1,-1,-1
2018010132851,1,1,-1,-1,-1,-1,-1,-1,-1,-1,-1,1,6,2,33,6,-1,-1,-1,2,1,2
2018010132851,2,9,0,-1,-1,-1,-1,-1,-1,-1,-1,-1,6,3,-1,-1,-1,-1,-1,-1,-1,-1
2018010132852,1,8,0,18,0,0,0,0,0,0,1,1,1,1,61,9,2143,2,6,2,1,2
2018010132853,1,1,0,18,5,0,0,0,0,0,1,1,2,1,32,6,-1,-1,-1,-1,-1,-1
2018010132854,1,9,0,3,0,2,0,0,0,0,1,1,1,2,19,4,1229,1,3,4,1,4
2018010132854,2,9,0,18,0,1,0,0,0,0,4,1,6,1,37,7,-1,-1,-1,-1,-1,-1
2018010132859,1,9,0,9,0,0,0,0,0,0,4,1,6,2,41,7,1997,1,5,6,1,6
2018010132859,2,3,0,13,0,0,0,0,0,0,3,1,6,2,45,7,125,1,3,6,1,6
2018010132860,1,9,0,4,0,2,0,0,0,0,2,1,6,1,50,8,1560,2,7,7,1,7
2018010132860,2,19,0,18,0,1,0,0,0,0,2,1,6,1,40,7,2442,2,1,4,1,4
2018010132860,3,9,3,18,0,2,0,0,0,0,1,1,6,1,25,5,1197,1,7,8,1,8
2018010132862,1,90,0,18,0,0,0,0,0,0,2,1,1,1,35,6,4461,2,6,4,1,4
2018010132862,2,9,0,18,0,0,0,0,0,0,1,1,6,1,24,5,2035,1,13,-1,-1,-1
2018010132868,1,21,1,12,0,8,0,0,0,0,1,1,1,1,51,8,12902,2,2,5,1,5
2018010132868,2,9,0,18,0,8,0,0,0,0,2,1,1,2,30,6,1318,1,2,9,1,9
2018010132868,3,9,0,18,0,1,0,0,0,0,1,1,6,1,52,8,999,1,-1,5,1,5
2018010132868,4,9,0,18,0,8,0,0,0,0,0,1,1,1,40,7,1499,2,2,3,1,3
2018010132872,1,9,0,5,0,1,0,0,0,0,3,1,6,1,50,8,998,1,3,6,1,6
2018010132880,1,2,0,-1,-1,-1,-1,-1,-1,-1,-1,1,6,2,33,6,49,1,10,3,1,3
2018010132880,2,9,0,-1,-1,-1,-1,-1,-1,-1,1,-1,6,3,-1,-1,-1,-1,-1,4,1,4
2018010132881,1,9,0,9,0,8,0,0,0,0,1,1,1,1,44,7,2143,2,3,-1,-1,-1
2018010132881,2,5,0,5,0,8,0,0,0,0,1,1,6,1,50,8,673,1,36,4,1,4
2018010132882,1,9,0,18,0,2,0,4,0,0,1,1,6,1,54,8,1596,1,13,10,1,10
2018010132882,2,8,0,4,0,2,0,0,0,0,3,1,6,1,35,6,2143,2,3,8,1,8
2018010132884,1,9,0,1,0,1,0,0,0,0,3,1,6,1,62,9,1896,2,15,8,1,8
2018010132884,2,3,0,4,0,1,2,0,0,0,4,1,6,1,18,4,-1,-1,-1,7,1,7
2018010132890,1,9,0,18,0,1,0,0,0,0,4,1,6,1,68,10,1388,1,15,9,1,9
2018010132892,1,9,0,1,9,6,0,0,0,0,2,1,6,2,46,8,1968,2,10,2,1,2
2018010132896,1,9,0,18,0,0,2,0,2,10,0,1,6,1,27,6,2402,2,9,2,1,2
2018010132896,2,9,0,18,0,0,0,0,0,0,1,1,6,1,29,6,1461,2,1,4,1,4
2018010132902,1,9,0,18,0,1,1,4,0,0,3,1,6,1,26,6,2993,2,5,7,1,7
2018010132902,2,9,0,9,0,8,0,0,0,0,1,1,1,1,30,6,1198,1,1,1,1,1
2018010132902,3,9,0,2,0,1,0,0,0,0,3,1,6,3,-1,-1,1560,2,12,-1,-1,-1
2018010132902,4,9,0,2,0,1,0,0,0,0,3,1,6,3,-1,-1,2993,2,9,-1,-1,-1
2018010132902,5,9,0,2,0,1,0,0,0,0,1,1,6,3,-1,-1,1995,2,4,-1,-1,-1
2018010132906,1,9,0,-1,-1,0,-1,-1,-1,-1,-1,-1,6,1,44,7,1998,1,13,3,1,3
2018010132911,1,9,0,3,0,4,0,0,0,0,2,1,6,2,51,8,1896,2,11,-1,-1,-1
2018010132911,2,9,0,3,0,1,0,0,0,0,1,1,6,1,50,8,1197,1,4,-1,-1,-1
2018010132917,1,19,0,-1,-1,-1,-1,-1,-1,-1,2,-1,6,1,55,8,2461,2,11,3,1,3
2018010132917,2,19,-1,1,0,-1,0,-1,0,0,2,-1,6,3,-1,-1,2998,2,11,-1,-1,-1
2018010132918,1,9,0,18,0,0,0,0,0,0,1,1,6,1,53,8,1998,1,17,4,1,4
2018010132920,1,3,0,-1,-1,-1,-1,-1,-1,-1,1,1,6,1,30,6,125,1,2,5,1,5
2018010132920,2,8,0,-1,-1,-1,-1,-1,-1,-1,2,-1,6,3,-1,-1,-1,-1,-1,-1,-1,-1
2018010132925,1,9,0,-1,-1,0,-1,-1,-1,-1,1,-1,6,1,48,8,1790,8,6,3,1,3
2018010132925,2,9,-1,5,-1,0,-1,-1,-1,-1,-1,-1,6,2,29,6,999,1,-1,3,1,3
2018010132928,1,9,0,18,0,6,0,0,0,0,1,1,6,2,30,6,1998,1,16,7,1,7
2018010132928,2,9,0,18,0,8,0,0,0,0,1,1,6,2,44,7,1339,1,8,1,1,1
2018010132933,1,9,0,9,0,5,0,0,0,0,4,1,1,1,43,7,1797,8,8,1,1,1
2018010132933,2,3,0,18,0,1,5,0,0,0,1,1,6,1,22,5,108,1,5,3,1,3
2018010132935,1,11,0,18,0,1,0,0,0,0,1,1,1,1,57,9,4461,2,5,2,1,2
2018010132936,1,9,0,4,0,2,0,0,0,0,1,1,6,1,36,7,1497,8,10,4,1,4
2018010132936,2,9,0,3,0,2,0,0,0,0,2,1,6,1,22,5,1248,1,5,2,1,2
2018010132937,1,11,0,5,0,1,0,0,0,0,4,1,1,1,53,8,4760,2,5,2,1,2
2018010132939,1,5,0,17,0,1,0,10,1,2,1,1,6,1,43,7,599,1,15,3,1,3
2018010132941,1,9,0,5,0,1,0,0,0,0,1,1,6,1,76,11,1753,2,16,2,1,2
2018010132941,2,1,0,18,0,8,0,0,0,0,3,1,6,1,16,4,-1,-1,-1,2,1,2
2018010132942,1,9,0,18,0,0,0,7,5,6,1,1,6,2,36,7,1896,2,10,4,1,4
2018010132943,1,9,0,3,0,2,0,0,0,0,2,1,2,1,44,7,2401,2,13,7,1,7
2018010132943,2,3,0,3,0,2,0,0,0,0,2,1,1,1,41,7,125,1,-1,4,1,4
2018010132943,3,9,0,18,0,2,0,0,0,0,1,1,6,1,32,6,973,1,16,5,1,5
2018010132947,1,9,0,10,0,1,0,0,0,0,1,1,6,1,31,6,1896,2,10,-1,-1,-1
2018010132947,2,5,0,14,0,1,2,0,0,0,1,1,6,1,19,4,600,1,5,-1,-1,-1
2018010132949,1,11,0,4,2,0,0,0,0,0,0,1,1,2,58,9,4500,2,3,7,1,7
2018010132953,1,9,0,4,0,1,0,0,0,0,1,1,6,1,38,7,1798,1,-1,4,1,4
2018010132953,2,3,0,9,0,8,5,0,7,0,1,1,6,3,-1,-1,108,1,4,-1,-1,-1
2018010132957,1,9,0,18,0,1,0,0,7,2,1,1,6,1,19,4,1598,1,5,5,1,5
2018010132957,2,9,0,9,0,1,0,0,0,0,1,1,6,1,46,8,1499,8,-1,2,1,2
2018010132965,1,9,0,-1,-1,0,-1,-1,-1,-1,2,-1,6,2,41,7,1461,2,-1,1,1,1
2018010132965,2,9,0,-1,-1,0,-1,-1,-1,-1,1,-1,6,3,-1,-1,1797,8,5,-1,-1,-1
2018010132970,1,9,0,5,0,6,0,0,0,0,3,1,6,1,19,4,1984,1,2,1,1,1
2018010132970,2,9,0,5,0,6,0,0,0,0,1,1,1,1,47,8,2925,2,-1,2,1,2
2018010132971,1,9,0,-1,-1,-1,-1,-1,-1,-1,-1,-1,6,1,45,7,3000,1,21,4,1,4
2018010132971,2,9,0,-1,-1,-1,-1,-1,-1,-1,1,-1,6,1,25,5,1339,8,11,3,1,3
2018010132977,1,5,0,4,0,1,0,0,0,0,1,1,6,1,21,5,649,1,5,6,1,6
2018010132977,2,9,0,3,0,1,0,0,0,0,2,1,6,1,32,6,2987,2,9,5,1,5
2018010132978,1,9,0,4,0,1,0,0,0,0,1,1,2,1,38,7,-1,-1,-1,4,1,4
2018010132978,2,3,0,4,0,1,0,0,0,0,2,1,1,1,21,5,124,1,3,2,1,2
2018010132979,1,9,0,18,0,1,0,0,3,10,1,1,6,2,26,6,1896,2,11,6,2,6
2018010132980,1,9,0,18,0,1,1,4,1,0,1,1,6,1,62,9,1395,1,-1,4,1,4
2018010132980,2,9,0,2,0,1,0,0,0,0,1,1,6,3,-1,-1,1997,1,13,-1,-1,-1
2018010132980,3,8,0,2,0,1,0,0,0,0,3,1,6,3,-1,-1,1798,8,2,-1,-1,-1
2018010132986,1,9,0,18,0,1,0,4,0,0,1,2,6,1,29,6,1995,2,3,5,1,5
2018010132986,2,4,0,4,0,1,0,0,0,0,2,1,2,1,55,8,124,1,1,4,1,4
2018010132991,1,9,0,-1,-1,0,-1,-1,-1,-1,2,-1,6,1,39,7,1988,2,14,1,1,1
2018010132991,2,9,0,-1,-1,0,-1,-1,-1,-1,1,-1,6,3,-1,-1,2143,2,4,-1,-1,-1
2018010132997,1,9,-1,18,0,0,-1,-1,-1,-1,-1,-1,6,1,-1,-1,-1,-1,-1,-1,-1,-1
2018010133000,1,9,0,9,0,8,0,0,0,0,3,1,2,2,26,6,1198,1,5,4,1,4
2018010133000,2,9,0,18,0,8,0,0,0,0,1,1,2,1,49,8,999,1,6,2,1,2
2018010133001,1,9,0,18,0,1,0,0,0,0,-1,1,6,1,60,9,1998,1,12,-1,-1,-1
2018010133002,1,9,0,3,0,1,0,0,0,0,4,-1,6,2,30,6,1364,1,8,4,1,4
2018010133002,2,3,-1,18,0,1,0,0,0,0,3,1,6,3,-1,-1,-1,-1,-1,-1,-1,-1
2018010133003,1,19,0,5,0,2,0,0,0,0,0,1,1,1,29,6,2287,2,4,7,1,7
2018010133003,2,1,0,18,0,2,0,0,0,0,1,1,6,2,53,8,-1,-1,-1,8,1,8
2018010133006,1,9,0,-1,-1,-1,-1,-1,-1,-1,-1,-1,6,1,40,7,998,1,5,1,1,1
2018010133006,2,9,0,-1,-1,-1,-1,-1,-1,-1,-1,-1,6,3,-1,-1,-1,-1,-1,-1,-1,-1
2018010133013,1,19,0,7,0,1,0,0,0,0,4,1,2,1,48,8,2287,2,9,8,1,8
2018010133013,2,1,0,18,0,1,0,0,0,0,1,1,1,2,27,6,-1,-1,-1,6,1,6