Accident_Index,Vehicle_Reference,Vehicle_Type,Towing_and_Articulation,Vehicle_Manoeuvre,Vehicle_Location-Restricted_Lane,Junction_Location,Skidding_and_Overturning,Hit_Object_in_Carriageway,Vehicle_Leaving_Carriageway,Hit_Object_off_Carriageway,1st_Point_of_Impact,Was_Vehicle_Left_Hand_Drive?,Journey_Purpose_of_Driver,Sex_of_Driver,Age_of_Driver,Age_Band_of_Driver,Engine_Capacity_(CC),Propulsion_Code,Age_of_Vehicle,Driver_IMD_Decile,Driver_Home_Area_Type,Vehicle_IMD_Decile
2018010133014,1,9,0,18,0,2,0,0,0,0,1,1,6,1,24,5,1497,1,-1,10,1,10
2018010133018,1,9,0,7,0,8,0,0,0,0,4,1,2,2,70,10,1386,1,12,9,1,9
2018010133020,1,9,0,-1,-1,-1,-1,-1,-1,-1,-1,-1,6,3,-1,-1,2993,2,5,-1,-1,-1
2018010133022,1,3,-1,18,-1,-1,-1,0,-1,0,-1,1,6,3,-1,-1,-1,-1,-1,-1,-1,-1
2018010133022,2,9,-1,9,-1,-1,-1,0,-1,0,-1,-1,6,1,43,7,-1,-1,-1,2,1,2
2018010133023,1,19,0,5,0,8,0,0,0,0,1,1,1,1,31,6,1560,2,3,2,1,2
2018010133023,2,1,0,18,0,8,0,0,0,0,1,1,1,1,34,6,-1,-1,-1,1,1,1
2018010133033,1,9,0,18,0,0,1,10,5,6,1,1,6,2,28,6,1598,1,12,6,1,6
2018010133033,2,9,0,11,0,0,0,0,0,0,3,1,6,2,53,8,1598,1,10,5,1,5
2018010133038,1,9,0,-1,-1,0,-1,-1,-1,-1,2,-1,6,1,42,7,1596,1,12,2,2,2
2018010133038,2,9,0,-1,-1,0,-1,-1,-1,-1,1,-1,6,3,-1,-1,1587,1,12,3,1,3
2018010133043,1,3,0,18,0,0,0,0,0,0,1,1,1,1,28,6,125,1,-1,6,1,6
2018010133043,2,9,0,6,0,0,0,0,0,0,4,1,6,3,-1,-1,-1,-1,-1,-1,-1,-1
2018010133044,1,90,0,18,0,0,0,4,0,0,3,1,1,1,40,7,-1,-1,-1,4,1,4
2018010133044,2,9,0,2,0,0,0,0,0,0,4,1,6,3,-1,-1,1995,1,14,-1,-1,-1
2018010133044,3,9,0,2,0,0,0,0,0,0,4,1,6,3,-1,-1,1995,1,10,-1,-1,-1
2018010133045,1,9,0,18,0,0,1,0,0,0,1,1,6,1,79,11,1956,2,7,7,1,7
2018010133052,1,9,0,5,0,6,0,0,0,0,3,1,6,1,95,11,1390,1,15,9,1,9
2018010133052,2,9,0,18,0,8,0,0,1,4,4,1,6,2,76,11,1498,1,6,8,1,8
2018010133058,1,9,0,18,0,1,0,0,0,0,1,1,4,2,31,6,1582,2,4,3,1,3
2018010133060,1,1,-1,-1,-1,0,-1,-1,-1,-1,2,1,6,1,21,5,-1,-1,-1,4,1,4
2018010133060,2,9,0,-1,-1,0,-1,-1,-1,-1,-1,-1,6,3,-1,-1,1388,1,14,2,1,2
2018010133061,1,9,0,9,0,6,0,0,0,0,1,1,6,1,37,7,998,1,8,7,1,7
2018010133061,2,3,0,14,0,1,0,0,0,0,4,1,2,1,29,6,125,1,7,6,1,6
2018010133062,1,9,0,7,0,1,0,0,0,0,0,1,6,1,69,10,2987,2,11,9,1,9
2018010133063,1,9,0,-1,-1,-1,-1,-1,-1,-1,-1,-1,6,1,38,7,1995,2,1,2,1,2
2018010133063,2,9,0,-1,-1,-1,-1,-1,-1,-1,-1,-1,6,3,-1,-1,1124,1,11,3,1,3
2018010133067,1,1,-1,-1,-1,0,-1,-1,-1,-1,1,1,6,1,41,7,-1,-1,-1,9,1,9
2018010133067,2,9,0,-1,-1,0,-1,-1,-1,-1,3,-1,6,3,52,8,999,1,3,9,1,9
2018010133080,1,1,0,18,0,0,0,0,0,0,0,1,6,2,58,9,-1,-1,-1,-1,-1,-1
2018010133081,1,9,0,18,0,1,0,4,0,0,3,1,6,1,87,11,1240,1,8,3,1,3
2018010133081,2,1,0,3,0,8,0,4,0,0,2,1,6,2,36,7,-1,-1,-1,3,1,3
2018010133087,1,3,0,-1,-1,-1,-1,-1,-1,-1,1,1,6,1,32,6,125,1,-1,5,1,5
2018010133087,2,9,0,-1,-1,-1,-1,-1,-1,-1,1,-1,6,3,-1,-1,998,1,9,-1,-1,-1
2018010133090,1,1,0,18,0,8,0,0,0,0,-1,1,6,1,42,7,-1,-1,-1,10,1,10
2018010133090,2,9,0,-1,0,8,0,0,-1,-1,4,-1,6,3,-1,-1,1991,2,7,-1,-1,-1
2018010133093,1,9,0,18,0,8,0,0,0,0,1,1,1,1,45,7,1339,8,11,3,1,3
2018010133093,2,1,0,18,0,8,0,0,0,0,1,1,6,1,29,6,-1,-1,-1,3,1,3
2018010133094,1,9,0,-1,-1,-1,-1,-1,-1,-1,2,-1,6,1,67,10,1598,2,6,10,1,10
2018010133094,2,9,0,-1,-1,-1,-1,-1,-1,-1,1,-1,6,3,-1,-1,998,1,10,-1,-1,-1
2018010133099,1,1,-1,-1,-1,-1,-1,-1,-1,-1,2,1,6,1,42,7,-1,-1,-1,2,1,2
2018010133099,2,9,0,-1,-1,-1,-1,-1,-1,-1,1,-1,6,3,-1,-1,1596,1,9,2,1,2
2018010133100,1,1,-1,-1,-1,-1,-1,-1,-1,-1,-1,1,2,1,46,8,-1,-1,-1,6,3,6
2018010133100,2,9,0,-1,-1,-1,-1,-1,-1,-1,1,-1,6,3,-1,-1,-1,-1,-1,-1,-1,-1
2018010133103,1,9,0,-1,-1,-1,-1,-1,-1,-1,-1,-1,6,2,49,8,-1,-1,-1,6,1,6
2018010133103,2,9,0,-1,-1,-1,-1,-1,-1,-1,-1,-1,6,3,-1,-1,-1,-1,-1,-1,-1,-1
2018010133104,1,1,-1,-1,-1,-1,-1,-1,-1,-1,1,1,2,2,26,6,-1,-1,-1,4,1,4
2018010133104,2,9,0,-1,-1,-1,-1,-1,-1,-1,-1,-1,6,3,25,5,1968,2,5,2,1,2
2018010133105,1,9,0,16,0,3,0,0,0,0,3,1,6,1,52,8,1399,2,8,6,1,6
2018010133106,1,9,0,-1,-1,0,-1,-1,-1,-1,2,-1,2,1,37,7,698,1,14,3,1,3
2018010133109,1,1,-1,-1,-1,0,-1,-1,-1,-1,-1,1,6,2,24,5,-1,-1,-1,7,1,7
2018010133109,2,20,0,-1,-1,0,-1,-1,-1,-1,-1,-1,6,3,-1,-1,-1,-1,-1,-1,-1,-1
2018010133111,1,19,0,15,0,8,0,0,0,0,1,1,6,1,51,8,1998,2,17,9,1,9
2018010133118,1,9,0,5,0,1,0,0,0,0,1,1,6,2,67,10,1339,1,6,3,1,3
2018010133119,1,8,0,9,0,5,0,0,0,0,3,1,1,1,-1,-1,-1,-1,-1,3,1,3
2018010133119,2,1,0,9,0,8,0,0,0,0,1,1,6,1,21,5,-1,-1,-1,3,1,3
2018010133122,1,9,0,5,0,8,0,0,0,0,4,1,6,1,19,4,1598,1,5,9,2,9
2018010133122,2,1,0,15,0,8,5,0,0,0,4,1,2,2,32,6,-1,-1,-1,3,-1,3
2018010133124,1,9,0,-1,-1,-1,-1,-1,-1,-1,1,-1,6,3,-1,-1,-1,-1,-1,6,1,6
2018010133126,1,11,0,4,0,1,0,0,0,0,0,1,1,1,44,7,6700,2,10,1,1,1
2018010133128,1,9,0,18,0,0,0,0,0,0,1,1,6,1,52,8,2997,1,3,-1,-1,-1
2018010133128,2,9,0,18,0,0,0,0,0,0,2,1,6,2,21,5,1299,1,16,6,1,6
2018010133129,1,9,0,3,0,1,0,0,0,0,1,1,1,2,37,7,1598,2,5,5,1,5
2018010133129,2,9,0,1,0,1,0,0,0,0,4,1,6,1,35,6,2993,2,2,6,1,6
2018010133134,1,1,0,18,2,2,0,0,0,0,0,1,2,1,44,7,-1,-1,-1,5,1,5
2018010133134,2,11,0,5,2,2,0,0,0,0,2,1,6,3,48,8,-1,-1,-1,-1,-1,-1
2018010133136,1,5,0,18,3,0,0,0,0,0,1,1,2,1,32,6,765,1,1,3,1,3
2018010133136,2,8,0,11,0,0,0,0,0,0,4,1,6,1,40,7,1997,2,7,1,1,1
2018010133137,1,9,0,18,0,4,0,0,0,0,1,1,2,1,46,8,-1,-1,-1,4,1,4
2018010133137,2,9,0,3,0,1,0,0,0,0,2,1,2,1,54,8,1998,1,10,5,1,5
2018010133139,1,1,-1,-1,-1,-1,-1,-1,-1,-1,-1,1,6,2,27,6,-1,-1,-1,8,1,8
2018010133139,2,9,0,-1,-1,-1,-1,-1,-1,-1,4,-1,6,3,45,7,1997,2,7,9,1,9
2018010133140,1,9,0,18,0,0,0,0,0,0,1,1,6,3,-1,-1,-1,-1,-1,-1,-1,-1
2018010133144,1,8,0,7,0,5,0,0,0,0,4,1,1,1,33,6,1968,2,7,3,-1,3
2018010133144,2,1,0,18,0,1,5,0,0,0,3,1,2,1,33,6,-1,-1,-1,6,1,6
2018010133145,1,9,0,18,0,0,0,0,0,0,4,1,6,1,37,7,1499,1,3,10,1,10
2018010133148,1,3,0,-1,-1,0,-1,-1,-1,-1,-1,1,6,2,47,8,125,1,10,1,1,1
2018010133148,2,9,0,-1,-1,0,-1,-1,-1,-1,1,-1,6,3,-1,-1,1596,1,12,-1,-1,-1
2018010133149,1,8,0,9,0,6,0,0,0,0,1,1,1,1,53,8,1598,1,6,2,1,2
2018010133151,1,9,0,-1,-1,0,-1,-1,-1,-1,1,1,6,2,28,6,1242,1,19,6,1,6
2018010133151,2,90,0,-1,0,0,0,-1,-1,-1,1,1,6,3,-1,-1,-1,-1,-1,-1,-1,-1
2018010133154,1,9,0,4,0,0,0,0,0,0,2,1,2,1,55,8,1968,2,3,10,1,10
2018010133154,2,9,0,4,0,0,0,0,0,0,1,1,6,1,41,7,1995,2,1,8,1,8
2018010133154,3,19,0,4,0,0,0,0,0,0,1,1,2,1,33,6,1560,2,1,3,1,3
2018010133158,1,19,0,18,0,0,0,0,0,0,4,1,2,1,56,9,2198,2,9,8,1,8
2018010133159,1,1,-1,-1,-1,-1,-1,-1,-1,-1,2,1,2,2,22,5,-1,-1,-1,4,1,4
2018010133159,2,9,0,-1,-1,-1,-1,-1,-1,-1,1,-1,6,3,-1,-1,3498,8,4,1,1,1
2018010133161,1,9,0,18,0,1,0,10,0,0,1,1,6,2,39,7,1242,1,7,3,1,3
2018010133164,1,9,0,18,0,0,0,0,0,0,1,1,6,2,33,6,1364,1,3,3,1,3
2018010133164,2,9,0,3,0,0,0,0,0,0,2,1,2,1,44,7,2993,2,2,5,1,5
2018010133165,1,9,0,-1,-1,0,-1,-1,-1,-1,1,-1,6,2,49,8,2967,1,15,5,1,5
2018010133165,2,9,0,-1,-1,0,-1,-1,-1,-1,-1,-1,6,3,74,10,1598,1,4,4,1,4
2018010133167,1,9,0,9,0,0,0,0,0,0,4,1,6,1,38,7,1598,1,9,-1,-1,-1
2018010133167,2,1,0,18,0,0,0,0,0,0,1,1,6,1,51,8,-1,-1,-1,-1,-1,-1
2018010133169,1,9,0,4,0,1,0,0,0,0,0,1,6,2,58,9,2143,2,5,1,1,1
2018010133169,2,1,0,4,0,1,0,0,0,0,0,1,6,2,72,10,-1,-1,-1,6,1,6
2018010133177,1,9,0,-1,-1,8,-1,-1,-1,-1,-1,-1,6,1,38,7,1398,1,14,2,1,2
2018010133177,2,9,0,-1,-1,8,-1,-1,-1,-1,1,-1,6,3,-1,-1,-1,-1,-1,-1,-1,-1
2018010133178,1,8,0,9,0,1,0,0,0,0,1,1,1,1,50,8,2143,2,7,5,1,5
2018010133178,2,1,0,9,0,1,0,0,0,0,4,1,2,2,27,6,-1,-1,-1,5,1,5
2018010133180,1,9,0,18,0,0,0,0,0,0,0,1,6,1,44,7,2993,2,1,9,1,9
2018010133180,2,9,0,18,0,0,1,10,2,2,1,1,6,1,19,4,1341,1,14,1,1,1
2018010133180,3,9,0,2,6,0,0,0,0,0,2,1,6,3,-1,-1,1998,1,17,-1,-1,-1
2018010133181,1,9,0,9,0,5,0,0,0,0,3,1,6,1,35,6,2000,2,13,9,1,9
2018010133181,2,2,0,13,0,1,0,0,0,0,4,1,1,1,18,4,108,1,2,4,1,4
2018010133182,1,9,0,18,0,8,0,0,0,0,1,1,6,3,-1,-1,-1,-1,-1,-1,-1,-1
2018010133186,1,3,0,-1,-1,-1,-1,-1,-1,-1,-1,1,6,1,31,6,125,1,-1,3,1,3
2018010133186,2,3,0,-1,-1,-1,-1,-1,-1,-1,1,1,6,3,-1,-1,108,1,1,3,1,3
2018010133191,1,9,0,18,0,8,0,0,0,0,4,1,6,2,43,7,998,1,6,-1,-1,-1
2018010133191,2,21,1,18,0,8,0,0,0,0,1,2,1,1,24,5,-1,-1,-1,-1,-1,-1
2018010133192,1,9,0,18,0,1,0,7,0,0,1,1,6,1,86,11,1390,1,4,6,1,6
2018010133194,1,9,0,9,0,2,0,0,0,0,0,1,1,1,44,7,2993,2,1,6,1,6
2018010133194,2,3,0,9,9,1,1,0,7,0,1,1,6,1,17,4,125,1,7,2,1,2
2018010133195,1,8,0,18,0,1,0,4,0,0,1,1,1,1,48,8,1968,2,2,3,-1,3
2018010133195,2,9,0,2,0,1,0,0,0,0,1,1,6,3,-1,-1,1968,2,1,-1,-1,-1
2018010133197,1,5,0,18,0,1,1,0,0,0,1,1,2,1,34,6,599,1,15,6,1,6
2018010133201,1,21,0,1,0,1,0,0,0,0,2,1,1,1,46,8,7698,2,3,6,1,6
2018010133201,2,9,0,18,0,1,0,0,0,0,4,1,2,1,62,9,1997,2,6,2,1,2
2018010133211,1,9,0,18,0,2,0,0,0,0,4,1,1,1,39,7,1995,2,11,2,1,2
2018010133214,1,3,0,18,0,1,0,0,1,0,1,1,6,1,29,6,125,1,4,3,1,3
2018010133219,1,9,-1,-1,0,8,0,0,0,0,1,1,6,1,78,11,2179,2,6,10,1,10
2018010133219,2,19,-1,2,0,8,0,0,0,0,2,-1,6,3,-1,-1,-1,-1,-1,-1,-1,-1
2018010133224,1,9,0,-1,-1,-1,-1,-1,-1,-1,2,-1,2,2,28,6,1364,1,3,4,1,4
2018010133224,2,9,0,-1,-1,-1,-1,-1,-1,-1,1,-1,6,3,-1,-1,1798,1,11,-1,-1,-1
2018010133241,1,9,-1,3,0,0,0,0,0,0,2,-1,6,1,26,6,1461,2,3,3,1,3
2018010133241,2,9,0,18,0,0,0,0,0,0,1,-1,6,1,-1,-1,1871,2,13,4,1,4
2018010133242,1,9,0,-1,-1,0,-1,-1,-1,-1,-1,-1,6,2,46,8,2231,2,12,4,1,4
2018010133244,1,9,0,18,0,0,0,2,0,0,1,1,1,1,61,9,1798,8,3,5,1,5
2018010133244,2,9,0,18,0,0,0,0,1,9,1,1,3,2,21,5,1390,1,4,4,1,4
2018010133248,1,9,0,9,0,5,0,0,0,0,4,1,2,1,23,5,1388,1,8,10,1,10
2018010133248,2,5,0,18,0,1,1,0,0,0,1,1,2,1,51,8,1043,1,5,8,1,8
2018010133249,1,9,0,5,0,1,0,0,0,0,3,1,6,1,34,6,-1,-1,-1,9,1,9
2018010133249,2,3,0,18,0,8,0,0,0,0,1,1,1,1,19,4,125,1,8,7,1,7
2018010133251,1,9,0,9,0,8,0,0,0,0,1,1,2,1,47,8,2461,2,10,3,1,3
2018010133251,2,1,0,18,0,8,0,0,0,0,3,1,6,2,33,6,-1,-1,-1,-1,-1,-1
2018010133257,1,20,4,18,9,0,0,0,0,0,1,1,1,1,25,5,7698,2,3,10,1,10
2018010133257,2,9,0,12,0,0,0,0,0,0,3,1,6,1,42,7,1968,2,1,3,1,3
2018010133257,3,2,0,13,0,0,0,0,1,0,1,1,6,1,20,4,125,1,-1,7,1,7
2018010133258,1,19,0,9,0,5,0,0,0,0,1,1,1,1,39,7,2143,2,6,8,1,8
2018010133261,1,9,0,18,0,0,0,0,0,0,0,1,1,1,39,7,1798,8,-1,3,1,3
2018010133264,1,9,0,18,0,1,0,4,0,0,1,1,6,1,29,6,1198,1,10,1,1,1
2018010133264,2,90,0,5,0,1,0,0,3,0,3,1,6,1,64,9,-1,-1,-1,1,1,1
2018010133267,1,9,0,3,0,1,0,0,0,0,2,1,6,2,40,7,1598,1,5,3,1,3
2018010133267,2,20,0,18,0,8,0,0,0,0,1,1,1,1,33,6,2198,2,2,-1,-1,-1
2018010133272,1,1,-1,-1,-1,-1,-1,-1,-1,-1,2,1,6,2,25,5,-1,-1,-1,5,1,5
2018010133272,2,9,-1,-1,-1,-1,-1,-1,-1,-1,-1,-1,6,3,-1,-1,-1,-1,-1,-1,-1,-1
2018010133274,1,9,0,5,0,0,0,0,0,0,1,1,6,1,27,6,898,1,-1,2,1,2
2018010133275,1,3,0,9,0,2,0,0,0,0,1,1,1,1,41,7,125,1,-1,1,1,1
2018010133275,2,9,0,18,0,1,0,0,0,0,1,1,6,3,-1,-1,-1,-1,-1,-1,-1,-1
2018010133280,1,9,0,4,0,1,0,0,0,0,4,1,1,1,-1,-1,1598,2,1,-1,-1,-1
2018010133280,2,3,0,7,0,2,0,0,0,0,1,1,6,1,21,5,124,1,11,2,1,2
2018010133282,1,9,0,18,0,0,0,0,0,0,1,1,6,2,67,10,1598,2,8,10,1,10
2018010133286,1,19,0,4,0,0,0,0,0,0,2,1,6,3,-1,-1,-1,-1,-1,-1,-1,-1
2018010133287,1,9,0,-1,-1,-1,-1,-1,-1,-1,-1,-1,6,1,38,7,1598,1,10,2,1,2
2018010133287,2,9,0,-1,-1,-1,-1,-1,-1,-1,1,-1,6,3,31,6,2685,2,14,4,1,4
2018010133289,1,9,0,1,0,0,0,0,0,0,2,1,3,2,37,7,2979,1,17,7,1,7
2018010133290,1,11,0,18,0,1,0,0,0,0,4,1,1,1,52,8,4500,2,2,4,1,4
2018010133291,1,9,0,7,0,1,0,0,0,0,4,1,6,1,50,8,1968,2,10,1,1,1
2018010133291,2,1,0,18,0,1,0,0,0,0,1,1,6,1,27,6,-1,-1,-1,2,1,2
2018010133294,1,1,-1,-1,-1,-1,-1,-1,-1,-1,2,1,6,2,44,7,-1,-1,-1,-1,-1,-1
2018010133294,2,20,0,-1,-1,-1,-1,-1,-1,-1,-1,-1,6,3,-1,-1,2148,2,11,1,1,1
2018010133295,1,9,0,18,0,1,1,10,0,0,3,1,6,2,72,10,1198,1,8,10,1,10
2018010133296,1,9,0,-1,-1,-1,-1,-1,-1,-1,3,-1,6,1,19,4,1299,1,19,2,1,2
2018010133296,2,9,0,18,0,-1,0,0,0,0,1,-1,6,3,-1,-1,1968,2,-1,-1,-1,-1
2018010133297,1,2,0,4,0,0,0,0,0,0,2,1,1,1,24,5,108,1,6,3,1,3
2018010133297,2,9,0,18,0,0,0,0,0,0,2,1,6,2,36,7,2143,2,3,3,1,3
2018010133298,1,1,0,5,0,1,0,0,0,0,1,1,1,2,25,5,-1,-1,-1,8,1,8
2018010133298,2,11,0,5,0,1,0,0,0,0,2,1,1,1,38,7,6692,2,9,3,1,3
2018010133309,1,19,0,5,0,0,0,0,0,0,2,1,1,1,41,7,1753,2,14,2,1,2
2018010133309,2,9,0,5,0,0,0,0,0,0,1,1,6,1,60,9,2179,2,7,3,1,3
2018010133309,3,21,0,5,0,0,0,0,0,0,1,1,1,1,44,7,4500,2,-1,2,1,2
2018010133310,1,9,0,18,0,1,0,0,0,0,1,1,6,1,30,6,1995,1,15,3,1,3
2018010133310,2,9,0,18,0,1,0,0,0,0,2,1,6,1,65,9,1598,1,1,2,1,2
2018010133312,1,9,0,-1,-1,8,-1,-1,-1,-1,-1,1,6,1,23,5,998,1,-1,3,1,3
2018010133312,2,9,0,-1,-1,8,-1,-1,-1,-1,0,-1,6,3,-1,-1,998,1,1,7,1,7
2018010133313,1,1,0,-1,0,8,-1,0,0,0,1,1,6,1,49,8,-1,-1,-1,5,1,5
2018010133313,2,10,0,-1,0,8,0,0,0,0,1,-1,6,3,47,8,2143,2,2,10,1,10
2018010133314,1,9,0,18,0,0,0,10,0,0,3,1,6,2,46,8,2995,1,9,2,1,2
2018010133314,2,9,0,18,0,0,0,4,1,0,4,1,6,1,27,6,-1,-1,-1,3,1,3
2018010133316,1,9,0,18,0,0,0,4,0,0,4,1,2,1,83,11,2979,1,2,5,1,5
2018010133316,2,21,0,2,0,0,0,0,0,0,4,1,6,3,-1,-1,7146,2,5,-1,-1,-1
2018010133320,1,9,0,-1,-1,-1,-1,-1,-1,-1,-1,-1,6,1,21,5,1199,2,8,8,1,8
2018010133321,1,5,0,4,0,0,0,0,0,0,1,1,2,1,69,10,918,1,22,7,1,7
2018010133321,2,19,0,12,0,0,0,0,1,0,2,1,6,1,22,5,-1,-1,-1,5,1,5
2018010133329,1,9,0,18,0,-1,0,0,0,0,-1,1,6,2,27,6,1995,2,8,5,1,5
2018010133329,2,9,0,18,0,-1,0,0,0,0,-1,1,6,3,23,5,998,1,4,6,1,6
2018010133333,1,9,0,18,9,1,0,0,1,2,4,1,6,1,91,11,2494,1,24,9,1,9
2018010133335,1,1,-1,-1,-1,-1,-1,-1,-1,-1,2,1,2,1,34,6,-1,-1,-1,2,1,2
2018010133335,2,11,0,-1,-1,-1,-1,-1,-1,-1,1,-1,6,3,-1,-1,6692,2,5,-1,-1,-1
2018010133336,1,19,0,12,0,2,0,0,0,0,1,1,1,1,37,7,2198,2,5,4,1,4
2018010133336,2,1,0,12,0,2,0,0,0,0,2,1,6,1,55,8,-1,-1,-1,2,1,2
2018010133340,1,90,0,5,0,1,0,0,0,0,1,1,1,1,40,7,5900,2,11,3,1,3
2018010133340,2,9,0,3,0,8,0,0,0,0,2,1,2,2,43,7,1794,1,17,5,1,5
2018010133342,1,9,0,18,0,0,0,0,0,0,4,1,6,2,46,8,1998,1,-1,10,-1,10
2018010133344,1,9,0,-1,-1,-1,-1,-1,-1,-1,2,-1,2,2,25,5,1328,1,12,5,1,5
2018010133344,2,9,0,-1,-1,-1,-1,-1,-1,-1,1,-1,6,3,-1,-1,-1,-1,-1,-1,-1,-1
2018010133345,1,3,0,-1,-1,-1,-1,-1,-1,-1,-1,1,6,1,28,6,125,1,-1,3,1,3
2018010133345,2,9,-1,-1,-1,-1,-1,-1,-1,-1,-1,-1,6,3,-1,-1,2143,2,4,-1,-1,-1
2018010133347,1,1,0,18,0,8,0,0,0,0,4,1,6,1,59,9,-1,-1,-1,10,1,10
2018010133347,2,9,0,5,0,6,0,0,0,0,1,1,6,2,31,6,2922,1,14,9,1,9
2018010133348,1,4,0,4,0,8,0,0,3,0,1,1,2,1,22,5,125,1,-1,8,1,8
2018010133348,2,19,0,9,0,6,0,0,0,0,3,1,6,1,27,6,-1,-1,-1,7,1,7
2018010133349,1,19,0,3,0,1,0,0,0,0,2,1,1,1,35,6,1968,2,2,2,1,2
2018010133349,2,19,0,4,0,1,0,4,0,0,2,1,1,1,62,9,1995,2,-1,2,1,2
2018010133349,3,9,0,4,0,1,0,0,0,0,1,1,6,1,28,6,1496,2,-1,7,1,7
2018010133350,1,11,0,17,0,8,0,0,0,0,0,1,6,1,39,7,5132,2,-1,6,1,6
2018010133351,1,9,0,5,0,1,0,0,0,0,1,1,6,2,27,6,1197,1,-1,2,1,2
2018010133351,2,9,0,10,0,1,0,0,0,0,2,1,1,1,33,6,1200,1,1,4,1,4
2018010133352,1,11,0,5,0,0,0,0,0,0,4,1,1,1,48,8,4500,2,7,4,1,4
2018010133356,1,9,0,3,0,7,0,0,0,0,2,2,6,2,37,7,2231,2,11,2,1,2
2018010133356,2,9,0,18,0,1,0,0,0,0,1,1,6,2,31,6,1995,2,3,1,1,1
2018010133360,1,4,0,13,0,0,0,0,0,0,0,1,6,1,49,8,892,1,19,6,1,6
2018010133360,2,9,0,18,0,0,0,0,0,0,0,1,6,1,75,10,1799,1,8,6,1,6
2018010133361,1,1,0,9,4,1,0,0,0,0,1,1,6,2,26,6,-1,-1,-1,2,1,2
2018010133361,2,2,0,18,4,1,0,0,0,0,1,1,6,1,-1,-1,-1,-1,-1,-1,-1,-1
2018010133366,1,9,0,8,0,1,0,0,0,0,4,1,2,2,25,5,998,1,2,7,1,7
2018010133366,2,5,0,18,2,1,0,0,0,0,1,1,2,1,25,5,499,1,13,3,1,3
2018010133367,1,9,0,18,0,8,0,4,0,0,4,1,6,2,58,9,1461,2,6,7,1,7
2018010133367,2,9,0,2,0,8,0,0,0,0,1,1,6,3,-1,-1,1987,1,2,-1,-1,-1
2018010133370,1,19,0,-1,-1,-1,-1,-1,-1,-1,1,-1,6,1,39,7,1968,2,2,-1,1,-1
2018010133370,2,1,-1,-1,-1,-1,-1,-1,-1,-1,2,1,6,1,-1,-1,-1,-1,-1,5,1,5
2018010133371,1,9,0,18,0,0,0,0,0,0,2,1,6,1,25,5,1995,1,8,4,1,4
2018010133371,2,9,0,18,0,0,0,0,0,0,1,1,6,1,48,8,2360,1,15,2,1,2
2018010133374,1,4,0,15,0,3,0,7,0,0,1,1,6,1,47,8,-1,-1,-1,8,1,8
2018010133376,1,9,0,5,0,4,0,0,0,0,1,1,6,1,57,9,1360,1,15,-1,-1,-1
2018010133376,2,1,0,9,0,3,0,0,0,0,3,1,2,2,34,6,-1,-1,-1,4,1,4
2018010133377,1,9,0,9,0,1,0,0,0,0,4,1,6,2,25,5,1229,1,6,6,1,6
2018010133377,2,9,0,18,0,1,0,0,0,0,1,1,6,1,-1,-1,2993,2,10,3,1,3
2018010133378,1,1,0,18,0,0,0,0,0,0,0,1,6,1,33,6,-1,-1,-1,3,1,3
2018010133379,1,9,0,5,6,1,0,0,0,0,1,1,6,2,52,8,2000,2,18,1,1,1
2018010133379,2,1,0,18,0,1,0,0,0,0,1,1,1,1,42,7,-1,-1,-1,4,1,4
2018010133387,1,9,0,18,0,1,0,0,0,0,1,1,1,1,43,7,-1,-1,-1,2,1,2
2018010133390,1,1,0,18,0,8,0,0,0,0,1,1,6,1,-1,-1,-1,-1,-1,-1,-1,-1
2018010133391,1,9,0,-1,-1,0,-1,-1,-1,-1,-1,-1,6,1,33,6,2143,2,4,10,1,10
2018010133395,1,9,0,4,0,1,0,0,0,0,1,1,6,2,25,5,1198,1,-1,2,1,2
2018010133395,2,9,0,5,0,1,0,0,0,0,2,1,6,3,-1,-1,1360,1,7,-1,-1,-1
2018010133399,1,4,0,18,0,1,0,0,0,0,2,1,6,3,-1,-1,125,1,10,-1,-1,-1
2018010133399,2,9,0,2,0,1,0,0,0,0,3,1,6,3,-1,-1,1395,1,3,-1,-1,-1
2018010133399,3,10,0,18,0,2,0,0,0,0,3,1,6,1,-1,-1,2198,2,3,-1,-1,-1
2018010133401,1,9,0,6,0,2,1,0,0,0,3,1,6,2,33,6,1995,1,10,3,1,3
2018010133401,2,11,0,18,0,2,1,0,0,0,1,1,1,1,38,7,6700,2,6,3,1,3
2018010133402,1,9,0,5,0,1,0,7,0,0,1,1,6,1,37,7,2993,2,5,3,1,3
2018010133403,1,11,0,4,0,1,0,0,0,0,0,1,1,1,38,7,-1,-1,-1,2,1,2
2018010133404,1,9,0,4,0,1,0,0,0,0,1,1,6,3,-1,-1,2993,2,5,-1,-1,-1
2018010133404,2,8,0,3,0,1,0,0,0,0,2,1,1,1,49,8,2143,2,5,4,1,4
2018010133409,1,3,0,18,0,0,0,4,0,0,1,1,6,1,29,6,108,1,2,3,1,3
2018010133409,2,9,0,2,0,0,0,0,0,0,3,1,6,3,-1,-1,1398,2,15,-1,-1,-1
2018010133410,1,9,0,3,0,0,0,0,0,0,1,1,6,1,19,4,1598,1,17,8,1,8
2018010133410,2,9,0,3,0,0,0,0,0,0,2,1,6,1,58,9,1590,1,13,8,2,8
2018010133413,1,3,0,-1,-1,-1,-1,-1,-1,-1,1,1,2,1,33,6,125,1,9,3,1,3
2018010133413,2,9,0,-1,-1,-1,-1,-1,-1,-1,-1,-1,6,3,50,8,-1,-1,-1,-1,-1,-1
2018010133415,1,9,0,9,0,4,0,0,0,0,1,1,6,3,-1,-1,-1,-1,-1,-1,-1,-1
2018010133415,2,1,0,18,0,3,0,0,0,0,2,1,2,1,26,6,-1,-1,-1,3,1,3