Accident_Index,Vehicle_Reference,Vehicle_Type,Towing_and_Articulation,Vehicle_Manoeuvre,Vehicle_Location-Restricted_Lane,Junction_Location,Skidding_and_Overturning,Hit_Object_in_Carriageway,Vehicle_Leaving_Carriageway,Hit_Object_off_Carriageway,1st_Point_of_Impact,Was_Vehicle_Left_Hand_Drive?,Journey_Purpose_of_Driver,Sex_of_Driver,Age_of_Driver,Age_Band_of_Driver,Engine_Capacity_(CC),Propulsion_Code,Age_of_Vehicle,Driver_IMD_Decile,Driver_Home_Area_Type,Vehicle_IMD_Decile
2018010133416,1,1,0,18,0,1,0,0,0,0,4,1,6,2,40,7,-1,-1,-1,3,1,3
2018010133416,2,9,0,7,0,1,0,0,0,0,1,1,6,3,-1,-1,-1,-1,-1,-1,-1,-1
2018010133417,1,5,0,18,0,0,0,4,0,0,1,1,2,1,37,7,599,1,13,6,1,6
2018010133417,2,9,0,17,0,0,0,0,0,0,0,1,2,2,32,6,998,1,5,2,1,2
2018010133417,3,19,0,2,0,0,0,0,0,0,2,1,6,3,-1,-1,2298,2,5,-1,-1,-1
2018010133420,1,9,0,18,0,1,0,0,0,0,0,1,6,1,45,7,999,1,2,4,1,4
2018010133420,2,3,0,18,0,8,2,10,0,0,1,1,6,1,14,3,108,1,2,3,1,3
2018010133426,1,9,0,-1,-1,0,-1,-1,-1,-1,2,-1,2,2,25,5,1461,2,-1,6,-1,6
2018010133426,2,9,0,-1,-1,0,-1,-1,-1,-1,2,-1,6,3,-1,-1,-1,-1,-1,-1,-1,-1
2018010133429,1,4,0,-1,-1,0,-1,-1,-1,-1,4,1,2,1,48,8,373,1,1,9,3,9
2018010133429,2,9,0,-1,-1,0,-1,-1,-1,-1,3,-1,6,3,30,6,1248,2,7,6,-1,6
2018010133437,1,9,0,18,0,1,0,0,0,0,1,1,6,2,21,5,1598,2,3,-1,-1,-1
2018010133438,1,1,-1,-1,-1,-1,-1,-1,-1,-1,-1,1,6,1,23,5,-1,-1,-1,7,1,7
2018010133438,2,8,0,-1,-1,-1,-1,-1,-1,-1,-1,-1,6,3,-1,-1,-1,-1,-1,-1,-1,-1
2018010133439,1,9,0,9,0,1,0,0,0,0,0,1,6,2,35,6,1995,2,1,6,1,6
2018010133442,1,1,0,9,4,2,0,0,0,0,1,1,1,2,56,9,-1,-1,-1,3,1,3
2018010133442,2,1,0,7,4,2,0,0,0,0,2,1,2,2,30,6,-1,-1,-1,4,1,4
2018010133443,1,9,0,5,0,1,0,0,0,0,1,1,2,1,54,8,1798,1,9,9,1,9
2018010133443,2,1,0,18,0,6,0,0,0,0,1,1,2,1,29,6,-1,-1,-1,3,1,3
2018010133446,1,9,-1,3,0,0,0,0,0,0,-1,-1,6,2,41,7,1499,1,-1,4,1,4
2018010133446,2,9,-1,14,0,0,0,0,0,0,-1,-1,6,1,51,8,1587,1,16,4,1,4
2018010133447,1,1,-1,-1,-1,-1,-1,-1,-1,-1,1,1,2,1,51,8,-1,-1,-1,9,1,9
2018010133447,2,9,0,-1,-1,-1,-1,-1,-1,-1,2,-1,6,3,-1,-1,-1,-1,-1,-1,-1,-1
2018010133449,1,9,0,18,0,2,0,0,0,0,1,1,1,1,21,5,-1,-1,-1,5,1,5
2018010133449,2,1,0,18,0,1,0,0,0,0,1,1,1,1,61,9,-1,-1,-1,8,1,8
2018010133451,1,4,0,13,0,1,1,0,0,0,1,1,6,1,19,4,124,1,10,9,1,9
2018010133452,1,9,0,9,0,6,0,0,0,0,1,1,3,1,45,7,1984,1,17,-1,-1,-1
2018010133452,2,1,0,18,0,8,0,0,0,0,3,1,2,1,22,5,-1,-1,-1,2,1,2
2018010133455,1,9,0,18,0,1,0,0,0,0,4,1,6,1,71,10,2401,2,12,8,1,8
2018010133455,2,1,0,18,0,2,0,0,0,0,1,1,4,1,4,1,-1,-1,-1,6,1,6
2018010133461,1,9,0,9,0,1,0,0,0,0,4,1,2,1,33,6,1995,2,12,3,1,3
2018010133461,2,4,0,5,0,1,2,0,0,0,1,1,2,1,34,6,781,1,20,5,1,5
2018010133462,1,3,3,-1,-1,-1,-1,-1,-1,-1,-1,1,6,1,46,8,108,1,-1,4,1,4
2018010133462,2,9,0,-1,-1,-1,-1,-1,-1,-1,1,-1,6,3,-1,-1,1781,1,13,-1,-1,-1
2018010133466,1,1,-1,-1,-1,0,-1,-1,-1,-1,1,1,2,2,21,5,-1,-1,-1,5,1,5
2018010133466,2,9,0,-1,-1,0,-1,-1,-1,-1,-1,-1,6,3,-1,-1,1598,1,11,-1,-1,-1
2018010133468,1,9,0,-1,-1,-1,-1,-1,-1,-1,-1,-1,6,2,34,6,1198,1,6,2,1,2
2018010133468,2,9,-1,-1,-1,-1,-1,-1,-1,-1,-1,-1,6,1,-1,-1,1781,1,13,2,1,2
2018010133469,1,9,0,-1,-1,0,-1,-1,-1,-1,2,-1,6,1,40,7,1796,1,12,6,1,6
2018010133469,2,9,-1,-1,0,0,0,-1,0,0,-1,-1,6,1,34,6,2926,2,13,-1,-1,-1
2018010133474,1,4,0,14,0,8,0,0,0,0,1,1,2,1,46,8,292,1,-1,6,1,6
2018010133475,1,8,-1,-1,-1,-1,-1,-1,-1,-1,-1,-1,1,1,22,5,2499,2,3,1,1,1
2018010133475,2,9,-1,-1,-1,-1,-1,-1,-1,-1,-1,-1,6,3,-1,-1,2143,2,1,-1,-1,-1
2018010133481,1,9,0,18,0,4,0,0,0,0,1,1,2,2,70,10,1242,1,12,6,1,6
2018010133481,2,1,0,9,0,8,5,0,0,0,4,1,6,1,66,10,-1,-1,-1,8,1,8
2018010133487,1,9,0,1,0,0,0,0,0,0,2,1,6,1,23,5,1198,1,16,5,1,5
2018010133489,1,9,0,4,0,0,0,0,0,0,1,1,6,1,28,6,1686,2,7,-1,-1,-1
2018010133489,2,9,0,18,0,0,0,0,0,0,3,1,1,1,47,8,1242,1,5,4,1,4
2018010133489,3,9,0,18,0,0,0,0,0,0,3,1,2,1,37,7,998,1,6,6,1,6
2018010133489,4,9,0,18,0,0,0,0,0,0,2,1,6,3,-1,-1,2183,2,8,-1,-1,-1
2018010133491,1,19,0,18,0,-1,0,-1,0,0,-1,-1,6,1,-1,-1,1598,2,1,-1,-1,-1
2018010133491,2,1,-1,-1,-1,-1,0,-1,0,0,-1,1,6,1,-1,-1,-1,-1,-1,2,1,2
2018010133500,1,9,0,9,0,5,0,0,0,0,3,1,2,2,40,7,1388,1,5,-1,-1,-1
2018010133500,2,2,0,13,0,1,0,0,0,0,1,1,2,1,31,6,124,1,3,9,1,9
2018010133502,1,9,-1,2,-1,-1,-1,-1,-1,0,1,-1,6,3,-1,-1,2987,2,11,-1,-1,-1
2018010133502,2,9,-1,5,-1,-1,-1,0,-1,-1,-1,-1,6,3,-1,-1,3996,1,18,-1,-1,-1
2018010133504,1,9,-1,-1,-1,-1,-1,-1,-1,-1,-1,-1,6,3,-1,-1,-1,-1,-1,-1,-1,-1
2018010133506,1,9,0,18,0,1,0,0,0,0,3,2,6,3,-1,-1,1395,1,4,-1,-1,-1
2018010133506,2,3,0,13,0,1,1,0,0,0,4,1,6,1,52,8,125,1,2,4,-1,4
2018010133507,1,9,-1,-1,-1,0,-1,-1,-1,-1,-1,-1,6,1,51,8,1797,8,2,4,1,4
2018010133507,2,9,-1,-1,-1,0,-1,-1,-1,-1,-1,-1,6,3,-1,-1,1598,2,6,-1,-1,-1
2018010133515,1,5,0,3,0,2,0,0,0,0,2,1,2,1,50,8,1298,1,15,2,1,2
2018010133515,2,19,0,9,0,6,0,0,0,0,1,1,1,1,33,6,1995,2,1,2,1,2
2018010133516,1,3,0,18,0,2,0,0,0,0,1,1,1,1,29,6,125,1,4,2,1,2
2018010133516,2,20,0,2,0,2,0,0,0,0,3,1,6,3,-1,-1,4250,2,8,-1,-1,-1
2018010133520,1,1,-1,18,0,1,-1,0,0,0,1,1,6,1,32,6,-1,-1,-1,4,1,4
2018010133520,2,90,-1,7,0,5,0,0,0,0,1,-1,1,2,-1,-1,-1,-1,-1,2,1,2
2018010133523,1,11,0,18,0,1,0,0,0,0,1,1,1,2,31,6,9360,2,9,6,1,6
2018010133524,1,9,0,-1,-1,0,-1,0,-1,-1,0,-1,6,2,70,10,1596,1,13,1,1,1
2018010133524,2,9,-1,-1,-1,0,-1,-1,-1,-1,-1,-1,6,1,81,11,1364,1,7,7,1,7
2018010133526,1,9,-1,-1,-1,-1,-1,-1,-1,-1,-1,-1,6,1,47,8,2993,2,12,-1,-1,-1
2018010133526,2,9,-1,-1,-1,-1,-1,-1,-1,-1,-1,-1,6,1,39,7,1995,2,3,1,1,1
2018010133527,1,1,0,14,0,2,0,0,0,0,1,1,6,1,17,4,-1,-1,-1,-1,-1,-1
2018010133528,1,8,0,18,0,0,0,0,0,0,1,2,1,1,62,9,2499,2,10,-1,-1,-1
2018010133528,2,19,0,3,0,0,0,0,0,0,0,1,1,1,43,7,2298,2,2,2,1,2
2018010133528,3,1,0,18,0,0,5,0,0,0,2,1,6,2,55,8,-1,-1,-1,6,1,6
2018010133530,1,11,0,3,0,2,0,0,0,0,0,1,1,1,36,7,4500,2,3,1,1,1
2018010133538,1,9,0,9,0,5,0,0,0,0,4,1,6,2,46,8,1296,1,10,4,1,4
2018010133538,2,9,0,18,0,1,0,0,0,0,1,1,1,2,22,5,1796,1,14,4,1,4
2018010133545,1,3,0,-1,-1,-1,-1,-1,-1,-1,1,1,2,1,60,9,125,1,1,9,1,9
2018010133545,2,90,0,-1,-1,-1,-1,-1,-1,-1,1,-1,6,3,-1,-1,-1,-1,-1,9,1,9
2018010133548,1,1,-1,-1,-1,-1,-1,-1,-1,-1,2,1,2,2,38,7,-1,-1,-1,3,1,3
2018010133548,2,9,0,-1,-1,-1,-1,-1,-1,-1,-1,-1,6,3,-1,-1,1685,2,2,-1,-1,-1
2018010133550,1,1,-1,-1,-1,-1,-1,-1,-1,-1,-1,1,6,2,28,6,-1,-1,-1,2,1,2
2018010133554,1,1,-1,-1,-1,-1,-1,-1,-1,-1,1,1,6,1,34,6,-1,-1,-1,5,1,5
2018010133554,2,9,0,-1,-1,-1,-1,-1,-1,-1,-1,-1,6,3,-1,-1,1389,1,15,5,1,5
2018010133555,1,9,0,7,0,6,0,0,0,0,1,1,1,1,49,8,2488,2,12,8,1,8
2018010133555,2,1,0,17,0,8,0,0,0,0,3,1,1,1,21,5,-1,-1,-1,5,1,5
2018010133557,1,9,0,18,0,0,0,0,0,0,2,1,2,2,27,6,1598,1,21,7,1,7
2018010133557,2,9,0,18,0,0,0,0,0,0,1,2,6,1,22,5,-1,-1,-1,-1,-1,-1
2018010133558,1,9,0,5,0,2,0,0,0,0,1,1,6,1,20,4,1149,1,11,-1,-1,-1
2018010133561,1,9,0,18,0,8,0,0,0,0,1,1,6,2,28,6,-1,-1,-1,1,1,1
2018010133561,2,8,0,18,0,8,0,0,0,0,1,1,1,1,52,8,2776,2,2,1,1,1
2018010133566,1,9,0,4,0,1,0,0,0,0,1,1,2,1,53,8,2494,8,-1,10,1,10
2018010133570,1,9,0,-1,-1,-1,-1,-1,-1,-1,-1,-1,6,2,56,9,1299,1,11,5,1,5
2018010133570,2,9,0,-1,-1,-1,-1,-1,-1,-1,2,-1,6,3,-1,-1,1995,2,6,4,1,4
2018010133573,1,9,0,18,0,0,0,0,0,0,4,1,6,2,37,7,1499,2,4,4,1,4
2018010133575,1,9,0,18,0,1,0,10,0,0,0,1,6,1,26,6,1796,1,10,-1,-1,-1
2018010133576,1,9,0,9,0,1,0,0,0,0,4,1,6,2,21,5,999,1,2,5,1,5
2018010133576,2,4,0,18,0,1,0,0,0,0,1,1,2,1,21,5,124,1,8,3,1,3
2018010133579,1,11,0,18,0,0,0,0,0,0,0,1,1,2,42,7,6700,2,10,4,1,4
2018010133580,1,21,0,11,0,1,0,0,0,0,4,1,1,1,64,9,10837,2,3,2,1,2
2018010133580,2,9,0,18,0,1,0,0,0,0,3,1,2,1,24,5,1598,1,4,7,1,7
2018010133581,1,9,0,18,0,3,0,0,0,0,1,1,6,1,46,8,1900,2,20,8,1,8
2018010133581,2,2,0,18,0,3,0,0,0,0,1,1,6,1,26,6,125,1,10,-1,-1,-1
2018010133582,1,1,0,18,4,0,0,10,0,0,1,1,2,1,30,6,-1,-1,-1,4,1,4
2018010133583,1,9,0,9,0,6,0,0,0,0,3,1,6,2,20,4,996,1,7,10,1,10
2018010133583,2,3,0,18,0,8,0,0,0,0,1,1,1,1,23,5,124,1,8,6,1,6
2018010133584,1,8,0,18,0,0,0,0,0,0,4,1,1,1,32,6,2148,2,7,8,1,8
2018010133586,1,19,0,9,0,8,0,0,0,0,1,1,1,1,21,5,2198,2,7,5,1,5
2018010133586,2,5,0,18,0,8,0,0,0,0,1,1,6,1,61,9,790,1,14,5,1,5
2018010133590,1,9,0,18,0,-1,0,0,0,0,2,1,6,2,35,6,2148,2,10,5,1,5
2018010133590,2,9,0,-1,-1,-1,-1,-1,-1,-1,1,-1,6,1,42,7,1998,1,13,5,1,5
2018010133595,1,8,0,-1,-1,-1,-1,-1,-1,-1,2,-1,6,1,39,7,1797,8,8,4,1,4
2018010133598,1,9,0,7,0,1,0,0,0,0,4,1,6,1,33,6,1598,1,6,2,1,2
2018010133598,2,5,0,15,0,1,0,0,0,0,1,1,2,1,35,6,650,1,18,2,1,2
2018010133600,1,8,0,9,0,0,0,0,0,0,4,2,1,1,42,7,2143,2,5,7,1,7
2018010133600,2,9,0,5,0,0,0,0,0,0,1,1,6,1,24,5,1995,2,8,3,1,3
2018010133603,1,9,0,18,0,1,0,0,0,0,0,1,6,2,56,9,1999,1,10,8,1,8
2018010133605,1,1,-1,-1,-1,-1,-1,-1,-1,-1,-1,1,2,2,31,6,-1,-1,-1,6,1,6
2018010133605,2,9,0,-1,-1,-1,-1,-1,-1,-1,1,-1,6,3,-1,-1,-1,-1,-1,-1,-1,-1
2018010133606,1,3,0,18,0,0,0,0,0,0,1,1,2,1,19,4,108,1,5,8,1,8
2018010133606,2,1,0,18,9,0,1,0,0,0,3,1,6,1,47,8,-1,-1,-1,3,1,3
2018010133608,1,3,0,18,0,8,0,0,0,0,4,1,1,1,23,5,108,1,10,3,1,3
2018010133608,2,8,0,9,0,6,0,0,0,0,1,1,1,1,58,9,1477,8,-1,6,3,6
2018010133609,1,1,-1,-1,-1,-1,-1,-1,-1,-1,-1,1,6,1,62,9,-1,-1,-1,8,1,8
2018010133609,2,9,0,-1,-1,-1,-1,-1,-1,-1,1,-1,6,2,36,7,1998,1,11,5,3,5
2018010133611,1,9,0,18,0,0,0,0,0,0,3,1,2,1,28,6,1896,2,10,1,1,1
2018010133611,2,1,0,13,0,0,0,0,1,0,4,1,6,1,26,6,-1,-1,-1,2,1,2
2018010133612,1,9,0,-1,-1,-1,-1,-1,-1,-1,2,-1,2,2,48,8,999,1,5,8,1,8
2018010133612,2,9,0,-1,-1,-1,-1,-1,-1,-1,1,-1,6,3,-1,-1,1598,1,14,5,1,5
2018010133614,1,1,-1,-1,-1,-1,-1,-1,-1,-1,-1,1,2,1,41,7,-1,-1,-1,10,1,10
2018010133614,2,8,0,-1,-1,-1,-1,-1,-1,-1,1,-1,6,3,-1,-1,1798,8,3,4,1,4
2018010133615,1,9,0,18,0,4,0,0,0,0,1,1,6,1,17,4,1198,1,16,8,2,8
2018010133615,2,9,0,9,0,3,0,0,0,0,4,1,6,2,22,5,999,1,3,8,1,8
2018010133616,1,3,0,-1,-1,-1,-1,-1,-1,-1,2,1,2,1,32,6,125,1,2,5,1,5
2018010133616,2,19,0,-1,-1,-1,-1,-1,-1,-1,1,-1,6,3,-1,-1,1968,2,4,-1,-1,-1
2018010133617,1,9,0,7,0,5,0,0,0,0,1,1,6,2,18,4,1198,1,10,5,1,5
2018010133617,2,9,0,8,0,6,0,0,0,0,3,1,6,1,39,7,1461,2,7,7,1,7
2018010133621,1,5,0,18,0,0,0,0,0,0,1,1,2,1,25,5,-1,-1,-1,2,1,2
2018010133622,1,1,0,18,9,0,0,0,0,0,1,1,6,1,25,5,-1,-1,-1,2,1,2
2018010133626,1,9,0,2,0,2,0,0,0,0,2,1,6,3,-1,-1,1364,1,8,-1,-1,-1
2018010133626,2,1,0,18,0,2,0,4,0,0,1,1,2,1,23,5,-1,-1,-1,4,1,4
2018010133627,1,9,0,18,0,0,0,4,0,0,3,1,6,2,52,8,1395,1,1,9,1,9
2018010133627,2,9,0,2,0,0,0,0,0,0,4,1,6,3,-1,-1,2967,2,2,-1,-1,-1
2018010133628,1,3,0,17,0,1,5,0,0,0,1,1,2,1,28,6,125,1,3,-1,-1,-1
2018010133628,2,9,0,9,0,8,0,0,0,0,1,1,2,2,54,8,1986,2,10,8,1,8
2018010133629,1,5,0,18,0,0,0,0,0,0,1,1,6,1,47,8,599,1,16,5,2,5
2018010133629,2,9,0,2,0,0,0,0,0,0,1,1,6,3,-1,-1,1582,2,6,-1,-1,-1
2018010133629,3,9,0,2,0,0,0,0,0,0,2,1,6,3,-1,-1,1398,1,18,-1,-1,-1
2018010133634,1,9,0,18,0,2,0,7,0,0,1,1,6,2,76,11,1599,1,11,10,1,10
2018010133634,2,9,0,18,0,1,0,0,0,0,3,1,6,1,33,6,1461,2,2,10,1,10
2018010133634,3,8,0,18,0,1,0,0,0,0,3,1,6,1,66,10,2402,2,12,10,1,10
2018010133635,1,9,0,18,0,2,0,0,0,0,1,1,6,1,25,5,1995,2,3,2,1,2
2018010133635,2,1,0,9,9,1,0,0,1,0,3,1,6,1,22,5,-1,-1,-1,2,1,2
2018010133637,1,19,5,16,0,1,0,0,0,0,1,1,1,1,54,8,-1,-1,-1,5,1,5
2018010133637,2,9,0,18,0,1,0,0,0,0,2,1,6,1,19,4,1461,2,-1,5,1,5
2018010133638,1,3,0,18,0,8,0,0,0,0,1,1,6,1,25,5,108,1,4,-1,-1,-1
2018010133638,2,9,0,18,0,8,0,0,0,0,1,1,6,1,55,8,1199,1,16,6,1,6
2018010133639,1,2,0,-1,-1,0,-1,-1,-1,-1,1,1,6,1,40,7,49,1,6,7,1,7
2018010133639,2,9,0,-1,-1,0,-1,-1,-1,-1,2,-1,6,3,-1,-1,1498,1,-1,1,1,1
2018010133642,1,8,0,18,0,1,0,0,0,0,1,2,1,1,53,8,2499,2,3,1,1,1
2018010133642,2,4,0,5,0,2,0,0,0,0,2,1,6,1,26,6,123,1,2,1,1,1
2018010133644,1,9,0,18,0,4,0,0,0,0,1,1,6,1,32,6,999,1,10,-1,-1,-1
2018010133645,1,3,0,18,9,0,5,0,0,0,1,1,6,3,-1,-1,-1,-1,-1,-1,-1,-1
2018010133653,1,9,0,9,0,8,0,0,0,0,3,1,2,1,26,6,1968,2,7,3,1,3
2018010133653,2,19,0,18,0,8,0,0,0,0,4,1,2,1,53,8,2295,7,14,3,1,3
2018010133655,1,19,0,18,0,0,1,0,0,0,1,1,1,1,39,7,2402,2,9,4,1,4
2018010133656,1,19,0,4,0,2,0,0,0,0,4,1,1,1,34,6,1995,2,1,6,1,6
2018010133656,2,1,0,18,0,1,0,0,0,0,1,1,2,1,25,5,-1,-1,-1,2,1,2
2018010133657,1,9,0,17,0,7,0,0,0,0,1,1,4,1,18,4,-1,-1,-1,8,1,8
2018010133657,2,1,0,18,0,2,0,0,0,0,3,1,6,1,23,5,-1,-1,-1,2,1,2
2018010133658,1,8,0,18,0,2,0,0,0,0,3,1,6,1,56,9,2143,2,3,4,1,4
2018010133658,2,9,0,18,0,2,0,0,0,0,2,1,6,2,56,9,1560,2,7,2,1,2
2018010133661,1,9,0,5,0,6,0,0,0,0,1,1,6,1,52,8,1591,1,2,-1,-1,-1
2018010133663,1,9,0,-1,-1,-1,-1,-1,-1,-1,-1,1,2,1,23,5,1198,1,6,5,1,5
2018010133663,2,9,0,-1,-1,-1,-1,-1,-1,-1,2,1,6,3,28,6,-1,-1,-1,2,1,2
2018010133669,1,9,0,-1,-1,0,-1,-1,-1,-1,-1,-1,6,2,19,4,1242,1,5,6,1,6
2018010133669,2,9,0,-1,-1,0,-1,-1,-1,-1,-1,-1,6,3,42,7,1686,2,11,6,1,6
2018010133714,1,9,0,3,0,1,0,0,0,0,4,1,6,3,-1,-1,1910,2,10,-1,-1,-1
2018010133715,1,20,0,5,0,0,0,0,0,0,4,1,1,1,49,8,4500,2,2,8,1,8
2018010133726,1,1,-1,-1,-1,0,-1,-1,-1,-1,1,1,2,1,44,7,-1,-1,-1,6,1,6
2018010133726,2,9,0,-1,-1,0,-1,-1,-1,-1,4,-1,6,3,-1,-1,-1,-1,-1,-1,-1,-1
2018010133730,1,9,0,3,0,4,0,0,0,0,2,1,6,1,40,7,1461,2,3,4,1,4
2018010133730,2,21,0,18,0,1,0,0,0,0,1,1,1,1,49,8,6870,2,10,2,1,2
2018010133731,1,9,0,9,0,8,0,0,0,0,1,1,6,2,39,7,1598,1,11,3,1,3
2018010133731,2,9,0,9,0,2,0,0,0,0,3,1,6,2,52,8,1995,1,15,3,1,3
2018010133732,1,3,0,-1,-1,-1,-1,-1,-1,-1,1,1,6,1,21,5,124,1,6,2,1,2
2018010133732,2,90,0,-1,-1,-1,-1,-1,-1,-1,2,-1,6,1,32,6,-1,-1,-1,4,1,4
2018010133734,1,1,0,-1,0,0,-1,0,-1,-1,1,1,2,1,32,6,-1,-1,-1,8,1,8
2018010133734,2,9,0,-1,0,0,0,-1,-1,-1,3,-1,6,3,-1,-1,1998,1,12,-1,-1,-1
2018010133735,1,9,0,-1,-1,0,-1,-1,-1,-1,2,-1,2,2,31,6,999,1,8,8,1,8
2018010133735,2,9,0,-1,-1,0,-1,-1,-1,-1,1,-1,6,3,-1,-1,2143,2,3,-1,-1,-1
2018010133743,1,8,0,5,0,1,0,0,0,0,4,1,1,1,39,7,1968,2,2,7,1,7
2018010133743,2,1,0,3,0,1,0,0,0,0,3,1,6,1,63,9,-1,-1,-1,7,1,7
2018010133745,1,5,0,18,0,0,0,0,0,0,1,1,2,1,26,6,1050,1,2,8,1,8
2018010133745,2,19,0,18,0,0,0,0,0,0,0,1,1,1,41,7,2299,2,3,10,2,10
2018010133746,1,8,0,-1,-1,0,-1,-1,-1,-1,2,-1,6,3,-1,-1,1560,2,4,-1,-1,-1
2018010133753,1,9,0,-1,-1,-1,-1,-1,-1,-1,2,-1,6,1,41,7,2993,2,8,1,1,1
2018010133753,2,9,0,-1,-1,-1,-1,-1,-1,-1,1,-1,6,3,-1,-1,1598,1,7,-1,-1,-1
2018010133756,1,5,0,-1,-1,-1,-1,-1,-1,-1,-1,1,2,1,31,6,649,1,4,3,1,3
2018010133756,2,9,0,-1,-1,-1,-1,-1,-1,-1,-1,-1,6,3,-1,-1,-1,-1,-1,-1,-1,-1
2018010133758,1,9,0,7,0,8,0,0,0,0,1,1,2,2,37,7,1598,1,10,3,1,3
2018010133758,2,1,0,18,0,8,0,0,0,0,3,1,2,1,50,8,-1,-1,-1,8,1,8
2018010133762,1,5,0,5,0,1,0,0,0,0,1,1,6,1,50,8,670,1,4,4,1,4
2018010133762,2,9,0,7,0,1,0,0,0,0,4,1,6,2,35,6,1461,2,5,4,1,4
2018010133764,1,9,0,11,0,0,0,0,0,0,1,1,6,2,65,9,1769,1,15,3,1,3
2018010133764,2,9,0,11,0,0,0,0,0,0,4,1,2,1,32,6,-1,-1,-1,5,2,5
2018010133765,1,9,0,18,0,1,0,0,0,0,4,1,6,1,77,11,1498,1,10,8,1,8
2018010133767,1,9,0,3,0,0,0,0,0,0,1,1,1,2,24,5,1595,1,12,4,1,4
2018010133767,2,9,0,3,0,0,0,0,0,0,2,1,6,2,37,7,1198,1,8,5,1,5
2018010133767,3,9,0,3,0,0,0,0,0,0,2,1,1,2,37,7,2268,2,4,4,1,4
2018010133767,4,9,0,3,0,0,0,0,0,0,2,1,6,3,-1,-1,-1,-1,-1,-1,-1,-1
2018010133772,1,1,-1,-1,-1,-1,-1,-1,-1,-1,1,1,2,1,-1,-1,-1,-1,-1,5,1,5
2018010133772,2,19,4,-1,-1,-1,-1,-1,-1,-1,1,-1,6,1,54,8,2442,2,-1,10,1,10
2018010133774,1,8,0,-1,-1,-1,-1,-1,-1,-1,-1,-1,6,1,46,8,2499,2,3,3,1,3
2018010133779,1,9,0,18,0,0,0,0,0,0,4,1,3,2,42,7,1560,2,4,-1,-1,-1
2018010133781,1,19,0,9,0,5,0,0,0,0,3,1,1,1,34,6,2198,2,4,5,1,5
2018010133781,2,3,0,9,0,5,0,0,0,0,4,1,6,1,22,5,125,1,4,3,1,3
2018010133782,1,9,0,3,0,1,0,0,0,0,2,1,6,1,47,8,1999,1,11,2,1,2
2018010133782,2,9,0,3,0,1,0,0,0,0,1,1,6,1,37,7,1596,1,13,2,1,2
2018010133783,1,9,0,-1,-1,-1,0,-1,-1,-1,-1,-1,6,1,42,7,1968,2,9,7,1,7
2018010133783,2,9,0,-1,-1,-1,0,-1,-1,-1,-1,-1,6,3,-1,-1,1997,2,1,-1,-1,-1
2018010133784,1,1,0,18,4,1,0,0,0,0,1,1,1,2,32,6,-1,-1,-1,2,1,2
2018010133784,2,1,0,18,4,1,0,0,0,0,1,1,6,3,-1,-1,-1,-1,-1,-1,-1,-1
2018010133785,1,9,0,7,0,6,1,10,1,7,1,1,6,1,73,10,2776,2,13,3,1,3
2018010133828,1,8,0,-1,-1,0,-1,-1,-1,-1,2,-1,6,3,-1,-1,-1,-1,-1,-1,-1,-1
2018010133838,1,11,0,5,2,0,0,0,0,0,0,1,6,1,59,9,9360,2,6,2,1,2
2018010133840,1,1,-1,-1,-1,-1,-1,-1,-1,-1,-1,1,2,2,32,6,-1,-1,-1,10,1,10
2018010133840,2,8,0,-1,-1,-1,-1,-1,-1,-1,-1,-1,6,1,48,8,1591,1,-1,4,1,4
2018010133841,1,9,0,-1,-1,0,-1,-1,-1,-1,1,-1,6,3,-1,-1,-1,-1,-1,-1,-1,-1
2018010133842,1,9,0,3,0,2,0,0,0,0,0,1,6,2,67,10,1399,2,6,6,1,6
2018010133842,2,1,0,15,4,2,0,8,0,0,4,1,2,1,37,7,-1,-1,-1,5,1,5
2018010133851,1,1,-1,-1,-1,-1,-1,-1,-1,-1,-1,1,2,2,34,6,-1,-1,-1,6,1,6
2018010133851,2,8,0,-1,-1,-1,-1,-1,-1,-1,-1,-1,6,3,48,8,1791,8,6,2,1,2
2018010133852,1,9,0,11,0,0,0,0,0,0,2,1,6,1,48,8,1870,2,11,1,1,1
2018010133852,2,5,0,18,0,0,5,0,0,0,1,1,2,1,33,6,675,1,4,6,1,6
2018010133854,1,3,0,18,0,2,0,0,0,0,1,1,6,3,-1,-1,-1,-1,-1,-1,-1,-1
2018010133857,1,9,0,-1,-1,-1,-1,-1,-1,-1,-1,-1,2,2,67,10,1968,2,5,7,1,7
2018010133857,2,9,0,-1,0,8,-1,0,0,0,3,-1,6,3,-1,-1,-1,-1,-1,-1,-1,-1
2018010133865,1,9,0,14,0,0,0,0,0,0,1,1,6,3,-1,-1,-1,-1,-1,-1,-1,-1
2018010133869,1,9,0,-1,-1,0,-1,-1,-1,-1,2,-1,2,2,41,7,1596,1,9,2,1,2
2018010133869,2,9,-1,18,-1,0,-1,-1,0,0,1,-1,6,1,-1,-1,1998,1,16,2,1,2
2018010133871,1,1,-1,-1,-1,0,-1,-1,-1,-1,1,1,6,3,-1,-1,-1,-1,-1,1,1,1
2018010133873,1,9,0,18,0,0,0,0,0,0,1,1,6,1,21,5,1398,1,1,4,1,4
2018010133875,1,9,0,18,0,2,0,0,0,0,3,1,6,1,34,6,1200,1,-1,2,1,2
2018010133875,2,3,0,18,0,2,0,0,0,0,4,1,2,1,30,6,125,1,-1,6,1,6
2018010133876,1,5,0,18,0,8,0,0,0,0,2,1,1,1,50,8,-1,-1,-1,3,1,3
2018010133876,2,5,0,18,0,8,0,0,0,0,1,1,1,1,44,7,-1,-1,-1,3,1,3
2018010133882,1,9,0,18,0,0,0,0,0,0,1,2,6,1,63,9,2499,1,13,3,1,3
2018010133885,1,9,0,18,0,0,0,0,0,0,1,1,6,2,41,7,1399,1,7,2,1,2
2018010133887,1,9,0,18,0,3,0,0,0,0,1,1,2,2,54,8,1598,1,13,7,1,7