Accident_Index,Vehicle_Reference,Vehicle_Type,Towing_and_Articulation,Vehicle_Manoeuvre,Vehicle_Location-Restricted_Lane,Junction_Location,Skidding_and_Overturning,Hit_Object_in_Carriageway,Vehicle_Leaving_Carriageway,Hit_Object_off_Carriageway,1st_Point_of_Impact,Was_Vehicle_Left_Hand_Drive?,Journey_Purpose_of_Driver,Sex_of_Driver,Age_of_Driver,Age_Band_of_Driver,Engine_Capacity_(CC),Propulsion_Code,Age_of_Vehicle,Driver_IMD_Decile,Driver_Home_Area_Type,Vehicle_IMD_Decile
2018010133887,2,1,0,18,0,3,0,0,0,0,3,1,2,2,50,8,-1,-1,-1,5,1,5
2018010133889,1,9,0,4,0,1,0,0,0,0,0,1,2,1,40,7,1499,2,2,-1,-1,-1
2018010133889,2,1,0,18,0,8,0,0,0,0,1,1,6,1,14,3,-1,-1,-1,2,1,2
2018010133890,1,5,0,17,0,0,5,10,2,7,4,1,6,1,30,6,645,1,9,2,1,2
2018010133893,1,9,0,7,0,6,0,0,0,0,1,1,6,2,59,9,1598,1,7,4,1,4
2018010133897,1,3,0,-1,-1,-1,-1,-1,-1,-1,1,1,6,1,36,7,124,1,3,3,1,3
2018010133900,1,1,0,18,0,2,0,0,0,0,3,1,6,1,44,7,-1,-1,-1,6,1,6
2018010133900,2,8,0,18,0,2,0,0,0,0,4,1,6,3,-1,-1,-1,-1,-1,-1,-1,-1
2018010133904,1,9,0,-1,-1,-1,-1,-1,-1,-1,2,-1,6,1,36,7,2143,2,5,3,1,3
2018010133904,2,9,0,-1,-1,-1,-1,-1,-1,-1,1,-1,6,3,-1,-1,2143,2,3,-1,-1,-1
2018010133905,1,9,0,3,0,0,0,0,0,0,1,1,6,1,20,4,1229,1,10,4,1,4
2018010133909,1,9,0,10,0,0,0,0,0,0,1,1,6,2,53,8,1968,2,2,5,3,5
2018010133909,2,5,0,15,0,0,0,0,0,0,1,1,6,1,63,9,748,1,11,2,1,2
2018010133911,1,3,0,18,0,1,0,0,0,0,1,1,2,1,25,5,108,1,5,2,1,2
2018010133911,2,3,0,18,0,6,0,0,0,0,3,1,6,1,-1,-1,125,1,15,-1,-1,-1
2018010133917,1,9,0,18,0,2,0,0,0,0,1,1,6,1,24,5,1984,1,3,6,1,6
2018010133918,1,9,0,18,0,0,0,0,0,0,1,1,6,2,55,8,999,1,1,2,1,2
2018010133918,2,3,0,18,0,0,0,0,0,0,2,1,6,1,33,6,125,1,10,2,1,2
2018010133924,1,3,0,18,0,1,0,0,0,0,1,1,6,1,18,4,124,1,2,8,1,8
2018010133924,2,9,0,9,0,1,0,0,0,0,4,1,2,1,39,7,1796,1,12,4,1,4
2018010133928,1,9,0,7,0,1,0,0,0,0,4,1,6,1,38,7,-1,-1,-1,-1,-1,-1
2018010133928,2,1,0,18,0,1,0,0,0,0,1,1,2,2,23,5,-1,-1,-1,5,1,5
2018010133931,1,11,0,18,0,8,0,0,0,0,0,1,1,1,41,7,4500,2,2,2,1,2
2018010133932,1,8,0,-1,-1,-1,-1,-1,-1,-1,3,-1,6,1,44,7,1797,8,8,2,1,2
2018010133932,2,9,-1,-1,0,-1,0,0,0,0,-1,1,6,1,18,4,1596,1,13,2,1,2
2018010133933,1,3,0,18,0,1,0,0,0,0,1,1,6,1,40,7,125,1,11,1,1,1
2018010133933,2,9,0,18,0,8,0,0,0,0,1,1,1,1,33,6,1968,2,3,8,1,8
2018010133934,1,9,0,5,9,0,0,0,0,0,0,1,6,1,31,6,2143,2,3,4,1,4
2018010133937,1,9,0,17,0,0,2,7,0,0,1,1,6,1,20,4,1296,1,11,-1,-1,-1
2018010133941,1,9,0,-1,-1,0,-1,-1,-1,-1,1,-1,6,3,-1,-1,-1,-1,-1,-1,-1,-1
2018010133945,1,11,0,18,0,6,0,0,0,0,1,1,1,1,58,9,5132,2,1,2,1,2
2018010133950,1,8,0,18,0,8,0,0,0,0,1,1,1,1,36,7,2499,2,10,6,1,6
2018010133950,2,9,0,9,0,8,0,10,0,0,4,1,2,1,23,5,1598,1,4,4,2,4
2018010133954,1,9,0,18,0,8,0,0,0,0,4,1,2,1,25,5,1461,2,5,4,1,4
2018010133954,2,4,0,18,0,8,0,0,0,0,1,1,2,1,38,7,125,1,1,-1,-1,-1
2018010133962,1,9,-1,-1,-1,-1,-1,-1,-1,-1,-1,-1,6,1,56,9,1390,1,18,2,1,2
2018010133962,2,9,-1,-1,-1,-1,-1,-1,-1,-1,-1,-1,6,3,-1,-1,4367,2,6,-1,-1,-1
2018010133963,1,9,0,9,0,2,0,0,0,0,1,1,6,2,40,7,1596,1,11,1,1,1
2018010133963,2,3,0,18,0,8,0,0,0,0,1,1,2,1,23,5,124,1,7,3,1,3
2018010133964,1,9,-1,-1,-1,3,-1,-1,-1,-1,-1,-1,6,1,18,4,1461,2,1,8,1,8
2018010133978,1,11,0,18,0,1,0,-1,-1,0,-1,1,6,1,29,6,-1,-1,-1,8,1,8
2018010133981,1,2,0,18,0,2,-1,0,-1,-1,1,1,6,1,51,8,125,1,-1,2,1,2
2018010133981,2,9,-1,18,-1,-1,-1,-1,-1,-1,-1,1,6,1,27,6,1984,1,13,-1,-1,-1
2018010133983,1,9,-1,18,0,-1,-1,-1,0,0,-1,-1,6,1,28,6,1995,2,5,3,1,3
2018010133983,2,9,-1,-1,-1,-1,-1,-1,-1,-1,-1,-1,6,3,-1,-1,-1,-1,-1,-1,-1,-1
2018010133992,1,8,0,3,0,0,0,0,0,0,2,1,3,2,51,8,1598,2,8,5,1,5
2018010133992,2,9,0,18,0,0,0,0,0,0,2,1,2,2,45,7,2179,2,4,6,1,6
2018010133992,3,9,0,3,0,0,0,0,0,0,1,1,1,1,23,5,1461,2,2,8,1,8
2018010133995,1,1,-1,-1,-1,-1,-1,-1,-1,-1,-1,1,2,1,53,8,-1,-1,-1,2,1,2
2018010133995,2,9,0,-1,-1,-1,-1,-1,-1,-1,1,-1,6,3,-1,-1,-1,-1,-1,-1,-1,-1
2018010133997,1,1,0,3,0,4,0,10,0,0,1,1,1,1,-1,-1,-1,-1,-1,7,1,7
2018010133997,2,9,0,3,0,4,0,0,0,0,1,1,1,1,57,9,1992,2,11,9,1,9
2018010134003,1,9,4,5,0,2,0,0,0,0,2,1,2,1,29,6,-1,-1,-1,3,1,3
2018010134003,2,1,0,5,0,1,0,0,0,0,4,1,2,1,54,8,-1,-1,-1,8,1,8
2018010134006,1,9,0,18,0,3,0,0,0,0,4,1,6,1,82,11,1560,2,5,4,1,4
2018010134011,1,3,0,-1,-1,-1,-1,-1,-1,-1,-1,1,6,1,31,6,108,1,8,4,1,4
2018010134011,2,9,0,-1,-1,-1,-1,-1,-1,-1,1,-1,6,3,28,6,1595,1,-1,6,1,6
2018010134012,1,19,0,-1,-1,0,-1,-1,-1,-1,2,-1,2,1,35,6,1560,2,1,3,1,3
2018010134012,2,4,0,-1,-1,0,-1,-1,-1,-1,1,1,6,3,-1,-1,-1,-1,-1,-1,-1,-1
2018010134013,1,9,0,-1,-1,-1,-1,-1,-1,-1,2,-1,6,2,46,8,1499,1,-1,9,1,9
2018010134013,2,9,0,-1,-1,-1,-1,-1,-1,-1,-1,-1,6,1,-1,-1,-1,-1,-1,3,1,3
2018010134016,1,9,0,-1,-1,-1,-1,-1,-1,-1,-1,-1,6,2,25,5,1200,1,-1,8,1,8
2018010134016,2,9,0,-1,-1,-1,-1,-1,-1,-1,1,-1,6,3,-1,-1,2143,2,1,-1,-1,-1
2018010134019,1,9,0,-1,-1,-1,-1,-1,-1,-1,-1,-1,6,3,-1,-1,1781,1,13,3,1,3
2018010134020,1,1,-1,-1,-1,0,-1,-1,-1,-1,1,1,2,1,32,6,-1,-1,-1,2,1,2
2018010134020,2,9,0,-1,-1,0,-1,-1,-1,-1,1,-1,6,3,45,7,1798,8,6,3,1,3
2018010134022,1,9,0,5,0,2,0,0,0,0,1,1,6,1,64,9,2656,1,15,-1,-1,-1
2018010134022,2,9,0,5,0,2,0,0,0,0,2,1,3,2,32,6,1329,1,6,-1,-1,-1
2018010134025,1,11,0,13,0,2,0,0,0,0,3,1,1,1,48,8,4500,2,1,5,1,5
2018010134025,2,1,0,18,0,2,0,0,0,0,4,1,4,1,15,3,-1,-1,-1,2,1,2
2018010134029,1,1,-1,-1,-1,-1,-1,-1,-1,-1,1,1,6,1,41,7,-1,-1,-1,5,1,5
2018010134030,1,3,0,13,0,1,0,0,0,0,1,1,1,1,41,7,125,1,3,4,1,4
2018010134030,2,8,0,14,0,1,0,0,0,0,3,1,1,1,34,6,1798,8,1,1,1,1
2018010134034,1,9,0,5,0,1,0,0,0,0,1,1,6,3,-1,-1,-1,-1,-1,-1,-1,-1
2018010134035,1,9,0,18,0,0,0,4,0,0,1,1,6,2,23,5,1461,2,8,1,1,1
2018010134035,2,9,0,2,0,0,0,4,0,0,1,1,6,3,-1,-1,1198,1,9,-1,-1,-1
2018010134035,3,9,0,2,0,0,0,0,0,0,2,1,6,3,-1,-1,1098,1,-1,-1,-1,-1
2018010134035,4,9,0,2,0,0,0,0,0,0,0,1,6,3,-1,-1,2987,2,2,-1,-1,-1
2018010134037,1,1,-1,-1,-1,0,-1,-1,-1,-1,-1,1,2,1,37,7,-1,-1,-1,7,1,7
2018010134037,2,9,0,-1,-1,0,-1,-1,-1,-1,1,-1,6,3,-1,-1,1395,1,4,3,1,3
2018010134038,1,1,-1,-1,-1,-1,-1,-1,-1,-1,-1,1,2,1,35,6,-1,-1,-1,4,1,4
2018010134038,2,9,0,-1,-1,-1,-1,-1,-1,-1,1,-1,6,3,35,6,1984,1,7,7,1,7
2018010134039,1,9,0,9,0,8,0,0,0,0,4,1,6,2,30,6,1796,1,7,10,1,10
2018010134039,2,9,0,18,0,8,0,0,0,0,1,1,6,1,34,6,1368,1,1,1,1,1
2018010134045,1,19,0,3,0,1,0,0,0,0,2,1,1,1,23,5,1560,2,7,-1,2,-1
2018010134045,2,9,0,18,0,1,0,0,0,0,1,1,1,1,43,7,1497,8,9,4,1,4
2018010134045,3,19,0,3,0,1,0,0,0,0,1,1,6,1,27,6,2198,2,5,8,1,8
2018010134046,1,9,0,9,0,1,0,0,0,0,0,1,6,1,37,7,1368,1,1,3,1,3
2018010134048,1,9,0,18,0,1,0,0,0,0,1,1,6,1,81,11,2179,2,8,4,1,4
2018010134048,2,9,0,4,0,1,0,0,0,0,2,1,6,1,43,7,1499,1,1,9,1,9
2018010134048,3,9,0,10,0,1,0,0,0,0,0,1,6,1,46,8,999,1,-1,3,1,3
2018010134053,1,9,0,-1,-1,0,-1,-1,-1,-1,2,-1,2,1,29,6,1461,2,6,5,1,5
2018010134053,2,9,0,-1,-1,0,-1,-1,-1,-1,1,-1,6,3,-1,-1,1598,1,12,-1,-1,-1
2018010134060,1,9,0,17,0,2,1,0,7,4,3,1,6,1,21,5,1000,1,18,7,1,7
2018010134061,1,9,0,-1,-1,-1,-1,-1,-1,-1,1,-1,6,2,29,6,1242,1,12,5,1,5
2018010134061,2,9,0,-1,-1,-1,-1,-1,-1,-1,2,-1,6,3,-1,-1,998,1,7,-1,-1,-1
2018010134062,1,19,0,18,0,0,0,0,0,0,1,1,1,1,27,6,2402,2,13,2,1,2
2018010134062,2,9,0,3,0,0,0,0,0,0,2,1,2,2,26,6,1149,1,2,2,1,2
2018010134062,3,9,0,18,0,0,0,0,0,0,1,1,6,3,-1,-1,-1,-1,-1,-1,-1,-1
2018010134064,1,4,0,-1,-1,-1,-1,-1,-1,-1,1,1,6,3,22,5,125,1,4,4,1,4
2018010134065,1,9,0,18,0,6,0,0,0,0,4,1,6,2,42,7,1618,1,2,8,1,8
2018010134065,2,3,0,18,0,1,0,0,0,0,1,1,6,1,33,6,108,1,1,9,1,9
2018010134067,1,8,0,-1,-1,0,-1,-1,-1,-1,2,-1,6,1,56,9,1798,1,-1,1,1,1
2018010134067,2,9,0,-1,-1,0,-1,-1,-1,-1,1,-1,6,3,-1,-1,1598,1,2,-1,-1,-1
2018010134070,1,1,-1,-1,-1,-1,-1,-1,-1,-1,-1,1,6,1,52,8,-1,-1,-1,6,1,6
2018010134070,2,9,0,-1,-1,-1,-1,-1,-1,-1,3,-1,6,1,24,5,1796,1,12,3,1,3
2018010134072,1,9,0,5,0,1,0,0,0,0,1,1,6,1,53,8,2143,2,2,9,1,9
2018010134072,2,9,0,3,0,1,0,0,0,0,2,1,6,1,36,7,1997,2,7,4,1,4
2018010134079,1,19,0,5,0,1,0,0,0,0,3,1,1,1,23,5,2143,2,1,4,1,4
2018010134079,2,4,0,14,0,1,0,0,0,0,1,1,6,1,22,5,125,1,2,5,1,5
2018010134082,1,9,0,-1,-1,-1,-1,-1,-1,-1,1,-1,6,3,-1,-1,-1,-1,-1,7,1,7
2018010134087,1,9,0,-1,-1,-1,-1,-1,-1,-1,2,-1,6,2,24,5,1199,1,-1,3,1,3
2018010134087,2,9,0,-1,-1,-1,-1,-1,-1,-1,1,-1,6,3,-1,-1,1995,2,15,-1,-1,-1
2018010134091,1,9,0,3,0,0,0,0,0,0,2,1,6,2,42,7,1197,1,2,3,1,3
2018010134091,2,9,0,4,0,0,0,0,0,0,1,1,6,1,27,6,1995,1,9,1,1,1
2018010134093,1,9,0,18,0,8,0,0,0,0,4,1,6,2,36,7,1995,1,10,7,1,7
2018010134097,1,5,0,18,0,2,1,0,0,0,1,1,6,1,28,6,636,1,16,9,1,9
2018010134098,1,3,0,18,0,2,0,0,0,0,1,1,1,1,25,5,125,1,-1,1,1,1
2018010134098,2,9,0,5,0,2,0,0,0,0,1,1,6,1,43,7,1368,1,1,7,1,7
2018010134101,1,2,0,15,0,0,0,0,0,0,1,1,6,1,16,4,49,1,3,3,1,3
2018010134101,2,9,0,9,0,0,0,0,0,0,1,1,6,2,45,7,1339,1,12,2,1,2
2018010134104,1,3,0,18,0,1,1,0,0,0,1,1,2,1,19,4,656,1,13,6,1,6
2018010134104,2,19,0,9,0,2,0,0,0,0,3,1,2,1,34,6,1598,2,4,4,1,4
2018010134105,1,19,0,11,0,1,0,0,0,0,1,1,1,1,35,6,2198,2,2,4,-1,4
2018010134105,2,3,0,18,0,8,0,0,0,0,2,1,1,1,58,9,125,1,-1,1,1,1
2018010134109,1,9,0,9,0,1,0,0,0,0,1,1,6,2,38,7,1395,1,-1,3,1,3
2018010134109,2,1,0,18,0,1,0,0,0,0,1,1,6,1,33,6,-1,-1,-1,6,1,6
2018010134110,1,9,0,5,0,0,0,0,0,0,4,1,6,1,43,7,1797,8,8,3,1,3
2018010134111,1,8,0,9,0,1,0,0,0,0,3,1,1,1,43,7,2143,2,5,1,1,1
2018010134111,2,5,0,18,0,1,0,0,0,0,1,1,6,1,50,8,1170,1,1,10,1,10
2018010134113,1,9,0,9,0,2,0,0,0,0,3,1,6,2,28,6,1395,1,-1,5,1,5
2018010134113,2,9,0,18,0,2,0,0,0,0,1,1,6,1,53,8,2987,2,12,9,1,9
2018010134115,1,19,0,10,0,1,0,0,0,0,1,1,2,1,38,7,2143,2,9,4,1,4
2018010134115,2,1,0,15,0,1,0,0,0,0,1,1,6,1,39,7,-1,-1,-1,4,1,4
2018010134116,1,9,0,15,0,1,0,0,0,0,1,1,6,1,21,5,1968,2,10,7,1,7
2018010134118,1,5,0,5,0,8,0,0,0,0,3,1,2,1,32,6,649,1,2,2,1,2
2018010134118,2,5,0,5,0,8,0,0,0,0,4,1,2,1,43,7,689,1,2,4,1,4
2018010134122,1,11,0,5,0,1,0,0,0,0,0,1,1,1,53,8,4461,2,4,2,1,2
2018010134125,1,5,0,-1,-1,0,-1,-1,-1,-1,-1,1,6,2,60,9,649,1,1,7,1,7
2018010134125,2,9,0,-1,-1,0,-1,-1,-1,-1,-1,-1,6,3,-1,-1,-1,-1,-1,-1,-1,-1
2018010134126,1,3,0,5,0,8,0,0,0,0,1,1,6,1,-1,-1,125,1,3,-1,-1,-1
2018010134128,1,9,0,3,0,4,0,0,0,0,1,1,6,1,60,9,1968,2,10,3,1,3
2018010134128,2,1,0,9,4,4,0,0,0,0,2,1,2,2,37,7,-1,-1,-1,3,1,3
2018010134131,1,9,0,9,0,5,0,0,0,0,1,1,6,2,73,10,998,1,16,8,1,8
2018010134131,2,3,0,18,0,1,0,0,1,0,1,1,2,1,20,4,125,1,11,5,1,5
2018010134132,1,9,0,4,0,4,0,0,0,0,4,1,6,1,66,10,1596,1,4,8,1,8
2018010134132,2,1,0,4,0,4,0,0,0,0,3,1,6,1,38,7,-1,-1,-1,2,1,2
2018010134136,1,1,0,18,0,0,0,0,0,0,2,1,6,1,18,4,-1,-1,-1,5,1,5
2018010134136,2,8,0,18,0,0,0,0,0,0,1,1,6,1,51,8,1797,8,4,5,1,5
2018010134137,1,5,0,16,0,1,5,4,0,0,1,1,2,1,33,6,645,1,1,8,1,8
2018010134137,2,9,0,2,0,1,0,0,0,0,1,1,6,3,-1,-1,1991,2,8,-1,-1,-1
2018010134138,1,5,0,4,0,4,0,0,0,0,1,1,6,1,54,8,659,1,14,5,1,5
2018010134138,2,9,0,18,0,4,0,0,0,0,2,1,6,3,-1,-1,-1,-1,-1,-1,-1,-1
2018010134139,1,8,0,12,0,0,0,0,0,0,0,1,1,1,42,7,-1,-1,-1,4,1,4
2018010134139,2,1,0,18,0,0,0,0,0,0,0,1,2,2,39,7,-1,-1,-1,9,1,9
2018010134141,1,1,-1,-1,-1,-1,-1,-1,-1,-1,-1,1,6,2,28,6,-1,-1,-1,4,1,4
2018010134141,2,9,0,-1,-1,-1,-1,-1,-1,-1,1,-1,6,3,28,6,1984,1,7,-1,-1,-1
2018010134142,1,9,0,-1,-1,-1,-1,-1,-1,-1,2,-1,6,2,26,6,1598,1,5,7,1,7
2018010134142,2,9,0,-1,-1,-1,-1,-1,-1,-1,-1,-1,6,3,-1,-1,1596,1,17,-1,-1,-1
2018010134146,1,3,0,3,0,1,0,0,0,0,3,1,1,1,39,7,125,1,-1,-1,-1,-1
2018010134146,2,3,0,18,0,1,0,0,0,0,1,1,6,3,-1,-1,-1,-1,-1,-1,-1,-1
2018010134147,1,9,0,18,0,0,0,11,2,10,1,1,6,2,65,9,1242,1,1,9,1,9
2018010134150,1,9,0,1,0,0,0,0,0,0,2,1,6,1,21,5,-1,-1,-1,7,1,7
2018010134153,1,9,0,11,0,0,0,0,1,10,2,1,6,1,33,6,1248,1,1,7,3,7
2018010134153,2,11,0,18,0,0,0,0,0,0,1,1,1,1,25,5,9000,2,9,4,1,4
2018010134155,1,9,0,13,0,0,2,0,7,0,1,1,6,3,18,4,2993,2,5,-1,-1,-1
2018010134155,2,9,0,18,0,0,0,0,0,0,3,1,6,1,38,7,1598,1,8,7,1,7
2018010134155,3,9,0,18,0,0,0,0,0,0,1,1,6,1,37,7,1395,1,-1,8,1,8
2018010134155,4,9,0,18,0,0,0,0,0,0,3,1,6,1,60,9,1796,1,14,10,1,10
2018010134155,5,9,0,2,0,0,0,0,0,0,2,1,6,3,-1,-1,-1,-1,-1,-1,-1,-1
2018010134159,1,9,0,18,0,1,0,10,5,10,1,1,6,1,21,5,1995,2,14,6,1,6
2018010134161,1,9,0,9,0,8,0,0,0,0,1,1,6,2,33,6,998,1,1,6,1,6
2018010134161,2,9,0,18,0,8,0,0,0,0,1,1,6,1,45,7,1998,1,10,5,1,5
2018010134162,1,9,0,18,0,1,0,10,0,0,4,1,6,1,24,5,1598,2,1,-1,-1,-1
2018010134162,2,9,3,18,0,1,0,0,0,0,0,1,1,1,28,6,1499,1,1,5,1,5
2018010134163,1,9,0,9,0,1,0,0,0,0,1,1,6,1,40,7,1598,2,5,1,1,1
2018010134163,2,3,0,18,0,1,0,0,0,0,1,1,6,1,35,6,108,1,10,1,1,1
2018010134164,1,9,0,4,0,4,0,0,0,0,1,1,6,1,24,5,1461,2,2,2,1,2
2018010134164,2,8,0,4,0,4,0,4,0,0,2,1,1,1,30,6,1797,8,3,6,1,6
2018010134164,3,9,0,4,0,4,0,0,0,0,2,1,6,1,50,8,1198,1,3,5,1,5
2018010134165,1,19,0,7,0,2,0,0,0,0,2,1,6,1,38,7,1968,2,8,7,1,7
2018010134165,2,3,0,4,0,2,0,0,0,0,2,1,1,1,31,6,-1,-1,-1,9,1,9
2018010134166,1,9,0,16,0,0,0,0,0,0,1,1,6,1,40,7,1968,2,9,8,1,8
2018010134166,2,8,0,18,0,0,0,0,0,0,1,1,1,1,51,8,2402,2,14,2,1,2
2018010134168,1,11,0,18,2,1,0,0,0,0,0,1,1,1,52,8,5132,2,1,1,1,1
2018010134168,2,9,0,5,0,5,0,0,0,0,0,1,6,3,-1,-1,-1,-1,-1,-1,-1,-1
2018010134169,1,9,0,18,0,0,0,4,0,0,1,1,6,3,-1,-1,-1,-1,-1,-1,-1,-1
2018010134169,2,9,0,2,9,0,0,0,0,0,1,1,6,3,-1,-1,1956,2,9,-1,-1,-1
2018010134169,3,9,0,2,9,0,0,0,1,0,3,1,6,3,-1,-1,1299,1,13,-1,-1,-1
2018010134180,1,1,-1,-1,-1,-1,-1,-1,-1,-1,1,1,2,1,27,6,-1,-1,-1,4,1,4
2018010134180,2,9,0,-1,-1,-1,-1,-1,-1,-1,1,-1,6,3,-1,-1,1390,1,14,-1,-1,-1
2018010134182,1,1,0,18,0,1,5,0,0,0,1,1,6,2,49,8,-1,-1,-1,9,1,9
2018010134190,1,9,0,9,0,8,0,0,0,0,3,1,6,1,39,7,1994,2,8,5,1,5
2018010134190,2,3,0,13,0,8,2,0,0,0,1,1,1,1,22,5,125,1,10,3,1,3
2018010134191,1,9,0,7,0,1,0,0,0,0,1,1,6,1,31,6,1598,2,2,6,2,6
2018010134191,2,4,0,18,0,1,0,0,0,0,1,1,2,1,31,6,499,1,7,5,1,5
2018010134194,1,9,0,18,0,1,0,0,0,0,1,1,6,1,51,8,1390,1,23,2,1,2
2018010134194,2,9,0,18,0,1,0,0,0,0,2,1,6,1,47,8,1797,8,9,2,1,2
2018010134197,1,9,0,5,0,4,0,0,0,0,2,1,6,1,20,4,1595,1,13,4,1,4
2018010134197,2,19,0,4,0,3,0,0,0,0,1,1,1,1,20,4,-1,-1,-1,4,1,4
2018010134198,1,5,0,18,0,1,0,0,0,0,1,1,6,1,43,7,800,1,2,4,1,4
2018010134198,2,1,0,18,0,6,1,0,0,0,1,1,6,1,-1,-1,-1,-1,-1,-1,-1,-1
2018010134202,1,9,0,6,0,0,0,0,0,0,1,1,6,1,21,5,1364,1,9,3,1,3
2018010134202,2,9,0,18,0,0,0,0,0,0,1,1,6,1,24,5,1229,1,10,4,1,4
2018010134210,1,8,0,9,0,6,0,0,0,0,1,1,1,1,38,7,1791,8,7,2,1,2
2018010134211,1,19,0,18,0,2,0,0,0,0,1,1,1,1,37,7,6700,2,2,5,1,5
2018010134211,2,9,0,5,0,1,0,0,0,0,3,1,6,1,31,6,1595,1,9,6,1,6
2018010134212,1,9,0,18,0,0,0,0,0,0,1,1,6,1,77,11,2993,2,9,10,1,10
2018010134212,2,9,0,18,0,0,0,0,0,0,1,1,6,1,26,6,1598,1,6,10,1,10
2018010134213,1,9,0,-1,-1,-1,-1,-1,-1,-1,-1,-1,6,3,-1,-1,1329,1,4,-1,-1,-1
2018010134214,1,9,0,5,0,8,0,0,0,0,1,1,6,1,35,6,1400,1,12,9,2,9
2018010134214,2,9,0,18,0,8,0,0,0,0,3,1,6,1,27,6,1598,1,5,6,1,6
2018010134215,1,9,0,9,0,6,0,0,0,0,3,1,6,2,28,6,2987,2,-1,3,1,3
2018010134215,2,2,0,18,0,1,0,0,0,0,1,1,6,1,31,6,124,1,4,2,1,2
2018010134216,1,19,0,7,0,1,0,0,0,0,3,1,1,1,29,6,-1,-1,-1,4,1,4
2018010134216,2,3,0,18,0,1,0,0,0,0,1,1,1,1,41,7,125,1,2,1,1,1
2018010134221,1,9,0,18,0,8,0,0,0,0,4,1,6,1,27,6,1796,1,7,2,1,2
2018010134221,2,1,0,18,0,8,5,0,0,0,4,1,6,1,34,6,-1,-1,-1,6,1,6
2018010134223,1,9,0,6,0,0,0,0,0,0,4,1,6,1,41,7,1497,8,-1,2,1,2
2018010134223,2,3,0,18,0,0,0,0,0,0,1,1,6,1,32,6,125,1,2,4,1,4
2018010134224,1,9,5,18,0,1,1,10,1,1,1,2,6,1,58,9,1868,2,16,4,1,4
2018010134232,1,1,-1,-1,-1,0,-1,-1,-1,-1,-1,1,2,2,26,6,-1,-1,-1,9,2,9
2018010134232,2,9,0,-1,-1,0,-1,-1,-1,-1,-1,-1,6,3,-1,-1,-1,-1,-1,-1,-1,-1
2018010134233,1,9,0,7,0,8,0,4,0,0,1,1,6,1,34,6,1995,2,6,5,1,5
2018010134233,2,9,0,9,0,1,0,0,0,0,3,1,6,1,33,6,1598,1,11,5,1,5
2018010134238,1,8,0,9,0,8,0,0,0,0,3,1,1,1,42,7,1797,8,4,1,1,1
2018010134238,2,9,0,18,0,1,0,0,0,0,1,1,6,1,38,7,2993,2,1,-1,-1,-1
2018010134245,1,4,0,4,0,1,0,0,0,0,2,1,2,1,26,6,125,1,3,-1,-1,-1
2018010134245,2,19,0,4,0,1,0,0,0,0,1,1,6,1,29,6,-1,-1,-1,1,1,1
2018010134247,1,9,0,9,0,1,0,0,0,0,4,1,6,1,27,6,1799,1,7,3,1,3
2018010134247,2,8,0,18,0,1,0,0,0,0,1,1,1,1,75,10,2499,2,8,1,1,1
2018010134248,1,3,0,18,0,1,0,0,0,0,1,1,6,3,-1,-1,-1,-1,-1,-1,-1,-1
2018010134248,2,1,0,18,0,6,0,0,0,0,3,1,6,1,12,3,-1,-1,-1,1,1,1
2018010134249,1,1,-1,-1,-1,0,-1,-1,-1,-1,1,1,6,1,21,5,-1,-1,-1,3,1,3
2018010134249,2,8,0,-1,-1,0,-1,-1,-1,-1,3,-1,6,3,-1,-1,-1,-1,-1,-1,-1,-1
2018010134250,1,19,0,9,0,5,0,0,0,0,4,1,6,2,50,8,2148,2,11,1,1,1
2018010134250,2,1,0,7,0,5,0,0,0,0,3,1,6,1,19,4,-1,-1,-1,2,1,2
2018010134251,1,9,0,-1,-1,8,-1,-1,0,0,2,-1,6,1,25,5,1797,8,7,1,1,1
2018010134251,2,9,0,18,0,8,0,0,0,0,1,1,6,3,-1,-1,1390,1,16,-1,-1,-1
2018010134252,1,9,0,18,-1,-1,-1,-1,-1,-1,4,1,6,2,37,7,1398,1,2,5,1,5
2018010134252,2,9,0,-1,-1,-1,-1,-1,-1,-1,-1,-1,6,1,49,8,1995,2,2,5,1,5
2018010134257,1,3,0,18,0,0,0,0,0,0,0,1,6,1,25,5,125,1,2,6,1,6
2018010134257,2,19,0,9,0,0,0,0,0,0,3,1,6,1,58,9,1560,2,2,-1,-1,-1
2018010134261,1,9,0,4,0,1,0,0,0,0,1,1,6,1,48,8,1968,2,10,2,1,2
2018010134266,1,9,0,4,0,0,0,0,0,0,1,1,1,1,57,9,-1,-1,-1,1,1,1
2018010134266,2,9,0,3,0,0,0,0,0,0,2,1,6,2,34,6,1395,1,3,1,1,1
2018010134266,3,9,0,3,0,0,0,0,0,0,2,1,1,1,45,7,1598,2,3,-1,-1,-1
2018010134272,1,11,0,18,0,1,0,0,0,0,1,1,1,1,38,7,4500,2,-1,5,1,5
2018010134272,2,9,0,5,0,6,0,0,0,0,3,1,6,1,40,7,2148,2,13,4,1,4
2018010134273,1,9,0,4,0,0,0,0,0,0,2,1,6,2,26,6,1999,2,3,2,1,2
2018010134273,2,19,0,4,0,0,0,0,0,0,1,1,6,3,17,4,1753,2,10,-1,-1,-1
2018010134274,1,9,0,-1,-1,-1,-1,-1,-1,-1,-1,-1,6,1,36,7,1968,2,10,-1,-1,-1
2018010134274,2,9,-1,-1,-1,-1,-1,-1,-1,-1,-1,-1,6,3,-1,-1,1956,2,5,3,1,3
2018010134278,1,9,0,-1,-1,-1,-1,-1,-1,-1,2,-1,6,1,38,7,2143,2,-1,8,1,8
2018010134278,2,9,0,-1,-1,-1,-1,-1,-1,-1,1,-1,6,3,-1,-1,1896,2,10,-1,-1,-1