Accident_Index,Vehicle_Reference,Vehicle_Type,Towing_and_Articulation,Vehicle_Manoeuvre,Vehicle_Location-Restricted_Lane,Junction_Location,Skidding_and_Overturning,Hit_Object_in_Carriageway,Vehicle_Leaving_Carriageway,Hit_Object_off_Carriageway,1st_Point_of_Impact,Was_Vehicle_Left_Hand_Drive?,Journey_Purpose_of_Driver,Sex_of_Driver,Age_of_Driver,Age_Band_of_Driver,Engine_Capacity_(CC),Propulsion_Code,Age_of_Vehicle,Driver_IMD_Decile,Driver_Home_Area_Type,Vehicle_IMD_Decile
2018010134279,1,9,0,7,0,2,0,0,0,0,0,1,6,2,18,4,1968,2,-1,5,1,5
2018010134279,2,3,0,18,0,1,1,7,0,0,1,1,6,1,31,6,124,1,19,3,1,3
2018010134283,1,9,0,-1,-1,-1,-1,-1,-1,-1,2,-1,6,1,48,8,2148,2,12,3,1,3
2018010134283,2,9,0,-1,-1,-1,-1,-1,-1,-1,-1,-1,6,3,-1,-1,1998,8,1,-1,-1,-1
2018010134284,1,9,0,-1,-1,-1,-1,-1,-1,-1,2,-1,6,1,35,6,1229,1,13,3,1,3
2018010134284,2,9,0,-1,-1,-1,-1,-1,-1,-1,1,-1,6,3,-1,-1,1461,2,5,-1,-1,-1
2018010134284,3,9,0,-1,-1,-1,-1,-1,-1,-1,2,-1,6,3,-1,-1,1976,1,8,-1,-1,-1
2018010134286,1,5,0,18,0,1,5,0,0,0,3,1,6,1,69,10,1037,1,3,6,1,6
2018010134286,2,8,0,5,0,1,0,0,0,0,4,1,1,1,39,7,1968,2,5,2,1,2
2018010134289,1,9,0,18,0,4,0,0,0,0,1,1,6,3,-1,-1,-1,-1,-1,-1,-1,-1
2018010134291,1,9,0,9,0,1,0,0,4,0,3,1,6,1,27,6,1796,1,11,1,1,1
2018010134291,2,9,0,5,0,2,1,0,3,0,3,1,6,1,22,5,1390,1,5,1,1,1
2018010134292,1,4,0,9,0,1,1,0,0,0,3,1,1,2,47,8,125,1,5,2,1,2
2018010134293,1,5,0,18,0,1,0,0,0,0,-1,1,6,1,19,4,806,1,4,1,1,1
2018010134293,2,9,0,-1,0,1,0,0,0,0,-1,-1,6,3,-1,-1,2987,2,6,3,1,3
2018010134295,1,9,0,7,0,1,0,0,0,0,1,1,6,2,31,6,1399,1,10,3,1,3
2018010134295,2,1,0,18,4,1,0,0,0,0,1,1,6,1,49,8,-1,-1,-1,2,1,2
2018010134296,1,11,0,18,0,0,0,0,0,0,1,1,1,1,52,8,4760,2,5,6,1,6
2018010134297,1,9,0,9,0,1,0,0,0,0,1,1,6,2,33,6,1390,1,7,9,1,9
2018010134297,2,3,0,13,0,8,0,0,0,0,1,1,6,1,31,6,102,1,15,6,1,6
2018010134300,1,8,0,9,0,5,0,0,0,0,1,1,1,1,39,7,2499,2,7,6,1,6
2018010134301,1,11,0,5,0,2,0,0,0,0,4,1,1,1,47,8,5132,2,1,5,1,5
2018010134301,2,9,0,3,0,2,0,0,0,0,4,1,6,1,34,6,2143,2,4,4,1,4
2018010134302,1,9,0,-1,-1,-1,-1,-1,-1,-1,-1,-1,6,3,-1,-1,-1,-1,-1,-1,-1,-1
2018010134302,2,9,-1,-1,-1,-1,-1,-1,-1,-1,-1,-1,6,2,25,5,-1,-1,-1,2,1,2
2018010134303,1,3,0,18,0,0,1,0,0,0,1,1,1,1,39,7,125,1,11,9,1,9
2018010134303,2,9,0,9,0,0,0,0,0,0,1,1,6,2,60,9,1149,1,12,9,1,9
2018010134304,1,3,0,18,0,1,0,0,0,0,3,1,1,1,18,4,108,1,2,2,1,2
2018010134304,2,9,0,18,0,1,0,0,0,0,4,1,6,3,-1,-1,-1,-1,-1,-1,-1,-1
2018010134306,1,11,0,5,2,1,0,0,0,0,4,1,1,1,44,7,8300,2,12,1,1,1
2018010134308,1,9,0,18,0,8,0,0,0,0,1,1,6,1,28,6,1598,1,14,-1,-1,-1
2018010134308,2,9,0,9,0,8,0,0,0,0,1,1,6,2,24,5,1598,1,14,4,1,4
2018010134310,1,9,0,9,0,1,0,0,0,0,2,1,6,2,25,5,1390,1,12,5,1,5
2018010134310,2,2,0,18,0,1,0,0,0,0,1,1,2,2,29,6,108,1,-1,10,1,10
2018010134312,1,9,0,18,0,0,0,0,0,0,0,1,6,1,38,7,1560,2,4,-1,-1,-1
2018010134312,2,9,0,18,0,0,0,0,0,0,1,1,6,2,38,7,1997,2,4,-1,-1,-1
2018010134312,3,9,0,18,0,0,0,0,0,0,1,1,6,1,24,5,5654,1,12,-1,-1,-1
2018010134318,1,9,0,17,0,8,0,0,0,0,1,1,6,1,58,9,1999,1,11,3,1,3
2018010134318,2,1,0,7,0,8,0,0,0,0,4,1,6,1,27,6,-1,-1,-1,5,1,5
2018010134320,1,3,0,18,0,0,0,0,0,0,1,1,1,1,50,8,108,1,5,2,1,2
2018010134322,1,9,0,3,0,0,1,0,0,0,1,1,6,2,39,7,-1,-1,-1,7,1,7
2018010134322,2,9,0,3,0,0,0,0,0,0,2,1,6,2,23,5,998,1,1,9,1,9
2018010134322,3,9,0,3,0,0,0,0,0,0,2,1,6,1,26,6,998,1,4,3,1,3
2018010134323,1,9,0,-1,-1,0,-1,-1,-1,-1,2,-1,6,1,27,6,1582,2,2,2,1,2
2018010134323,2,9,-1,-1,-1,0,-1,-1,-1,-1,-1,-1,6,3,-1,-1,-1,-1,-1,-1,-1,-1
2018010134327,1,9,0,10,0,1,0,0,0,0,2,1,2,1,34,6,-1,-1,-1,3,1,3
2018010134327,2,9,0,18,0,1,0,0,0,0,1,1,6,1,32,6,2171,2,15,5,1,5
2018010134329,1,9,0,18,0,3,0,0,1,2,1,1,6,1,66,10,999,1,2,5,1,5
2018010134330,1,9,0,10,0,1,0,0,0,0,0,1,6,2,51,8,1598,1,12,3,1,3
2018010134330,2,8,0,10,0,1,0,0,0,0,0,1,1,1,42,7,1797,8,9,4,1,4
2018010134330,3,3,0,4,0,1,1,0,0,0,1,1,1,1,24,5,-1,-1,-1,1,1,1
2018010134332,1,9,0,13,0,1,0,7,1,2,1,1,6,2,39,7,1895,1,16,2,1,2
2018010134336,1,9,0,18,0,2,0,0,0,0,2,1,6,1,35,6,1229,1,10,2,1,2
2018010134336,2,9,0,18,0,2,0,0,0,0,1,1,6,3,-1,-1,1984,1,8,-1,-1,-1
2018010134338,1,9,0,17,0,8,1,0,1,2,1,1,6,1,30,6,1599,1,10,10,1,10
2018010134348,1,9,0,18,0,1,0,0,7,0,4,1,6,1,23,5,1364,1,9,2,1,2
2018010134348,2,9,0,7,0,2,0,0,0,0,1,1,6,1,20,4,1339,1,12,-1,-1,-1
2018010134351,1,9,0,18,0,0,0,0,0,0,1,1,6,1,21,5,1596,1,11,5,1,5
2018010134351,2,9,0,17,0,0,1,0,0,0,1,1,6,1,36,7,1896,2,16,5,1,5
2018010134352,1,9,0,17,9,0,5,10,7,10,1,1,6,1,22,5,1596,1,5,3,1,3
2018010134354,1,9,0,5,0,0,0,0,0,0,1,1,6,1,42,7,-1,-1,-1,-1,-1,-1
2018010134355,1,9,0,3,0,0,0,0,0,0,2,1,2,1,38,7,1797,8,8,2,1,2
2018010134355,2,9,0,4,0,0,0,0,0,0,1,1,6,3,-1,-1,-1,-1,-1,-1,-1,-1
2018010134357,1,9,0,9,0,8,0,0,0,0,1,1,6,1,33,6,2204,2,10,4,1,4
2018010134357,2,9,0,9,0,8,0,0,3,1,3,1,6,1,-1,-1,1596,1,12,-1,-1,-1
2018010134358,1,9,0,18,9,5,0,10,3,10,1,1,6,1,22,5,1598,1,13,2,1,2
2018010134358,2,9,0,3,0,1,0,0,0,0,2,1,1,1,44,7,1797,8,7,4,1,4
2018010134360,1,3,0,18,0,1,0,0,0,0,1,1,6,1,20,4,125,1,-1,2,1,2
2018010134360,2,9,0,10,0,2,0,0,0,0,1,1,1,1,54,8,1997,2,7,3,1,3
2018010134362,1,8,0,9,0,1,5,0,0,0,4,1,1,1,59,9,2360,8,7,3,1,3
2018010134364,1,4,0,18,0,1,0,0,0,0,4,1,6,1,49,8,535,1,3,5,1,5
2018010134364,2,1,0,18,0,1,0,0,0,0,3,1,6,2,34,6,-1,-1,-1,4,1,4
2018010134366,1,9,-1,12,0,0,-1,0,-1,0,3,-1,6,3,-1,-1,-1,-1,-1,-1,-1,-1
2018010134368,1,9,-1,-1,-1,0,-1,-1,-1,-1,-1,-1,6,3,-1,-1,-1,-1,-1,-1,-1,-1
2018010134371,1,9,0,-1,-1,2,-1,-1,-1,-1,2,-1,6,2,47,8,2720,2,10,9,2,9
2018010134371,2,9,0,-1,-1,2,-1,-1,-1,-1,1,-1,6,3,-1,-1,2776,2,12,-1,-1,-1
2018010134372,1,1,-1,-1,-1,-1,-1,-1,-1,-1,1,1,6,1,37,7,-1,-1,-1,6,1,6
2018010134372,2,9,0,-1,-1,-1,-1,-1,-1,-1,1,-1,6,3,50,8,1389,1,13,5,1,5
2018010134373,1,11,0,4,2,2,0,0,0,0,0,1,1,1,41,7,9360,2,6,7,1,7
2018010134386,1,9,0,-1,-1,0,-1,-1,-1,-1,2,-1,6,3,-1,-1,1995,2,4,4,1,4
2018010134386,2,19,-1,2,0,0,-1,0,0,0,2,-1,6,3,-1,-1,1560,2,1,-1,-1,-1
2018010134386,3,9,-1,-1,0,0,-1,-1,-1,-1,-1,-1,6,3,-1,-1,1360,1,13,-1,-1,-1
2018010134400,1,9,0,5,0,0,0,0,0,0,3,1,6,1,64,9,2204,2,11,6,1,6
2018010134400,2,3,0,18,0,0,1,0,0,0,1,1,6,1,28,6,124,1,6,-1,-1,-1
2018010134402,1,9,0,-1,-1,0,-1,-1,-1,-1,2,-1,6,1,24,5,998,1,2,2,1,2
2018010134402,2,9,0,-1,-1,0,-1,-1,-1,-1,1,-1,6,3,-1,-1,998,1,6,-1,-1,-1
2018010134402,3,9,0,-1,-1,0,-1,-1,-1,-1,2,-1,6,3,-1,-1,1997,2,7,-1,-1,-1
2018010134404,1,8,0,10,0,5,0,0,0,0,2,1,1,1,49,8,1798,8,6,4,1,4
2018010134404,2,9,0,18,0,1,0,0,0,0,1,1,6,1,23,5,2497,2,16,6,1,6
2018010134406,1,9,0,17,0,2,0,0,1,4,1,1,6,1,78,11,1149,1,8,5,1,5
2018010134408,1,19,0,18,0,1,0,0,0,0,4,1,6,1,71,10,2198,2,10,-1,-1,-1
2018010134410,1,8,0,18,0,2,0,0,0,0,1,1,1,1,37,7,1795,8,6,1,1,1
2018010134410,2,9,0,18,0,1,0,0,0,0,2,1,6,2,33,6,1968,2,11,2,1,2
2018010134412,1,9,0,3,0,1,0,0,0,0,2,1,6,1,28,6,1248,2,11,5,1,5
2018010134412,2,9,0,4,0,1,1,0,0,0,1,1,6,2,29,6,1349,1,11,2,1,2
2018010134413,1,19,0,-1,-1,0,-1,-1,-1,-1,2,-1,6,1,24,5,2143,2,1,5,1,5
2018010134415,1,2,0,18,0,1,0,0,0,0,0,1,6,1,21,5,-1,-1,-1,2,1,2
2018010134422,1,9,0,9,0,1,0,0,0,0,3,1,6,1,58,9,995,1,6,6,1,6
2018010134422,2,1,0,18,0,6,0,0,0,0,1,1,2,2,26,6,-1,-1,-1,2,1,2
2018010134423,1,9,0,18,0,2,0,0,0,0,1,1,6,1,38,7,1956,2,9,4,1,4
2018010134423,2,19,0,18,0,1,0,0,0,0,1,1,6,1,49,8,2143,2,4,8,1,8
2018010134424,1,9,0,-1,-1,-1,-1,-1,-1,-1,2,-1,6,2,35,6,1598,1,10,2,1,2
2018010134424,2,9,0,-1,-1,-1,-1,-1,-1,-1,1,-1,6,3,-1,-1,1198,1,4,6,1,6
2018010134425,1,9,0,9,0,1,0,0,1,0,1,1,6,2,35,6,1598,1,14,2,1,2
2018010134425,2,2,0,13,0,2,0,0,0,0,3,1,6,1,39,7,1140,1,2,3,1,3
2018010134429,1,9,0,6,0,1,0,0,0,0,3,1,6,1,43,7,1596,1,8,1,1,1
2018010134429,2,3,0,3,0,1,0,0,0,0,1,1,6,1,22,5,125,1,-1,5,1,5
2018010134433,1,1,-1,-1,-1,-1,-1,-1,-1,-1,2,1,6,1,47,8,-1,-1,-1,9,1,9
2018010134433,2,9,0,-1,-1,-1,-1,-1,-1,-1,1,-1,6,3,-1,-1,-1,-1,-1,-1,-1,-1
2018010134434,1,1,-1,18,-1,-1,-1,0,-1,-1,-1,1,6,1,28,6,-1,-1,-1,-1,-1,-1
2018010134438,1,9,0,18,0,0,0,4,1,10,4,1,6,2,28,6,1229,1,11,1,1,1
2018010134438,2,9,0,2,9,0,0,0,0,0,4,1,6,3,-1,-1,1968,2,2,-1,-1,-1
2018010134438,3,9,0,2,9,0,0,0,0,0,4,1,6,3,-1,-1,1242,1,4,-1,-1,-1
2018010134438,4,9,0,2,9,0,0,0,0,0,3,1,6,3,-1,-1,3199,1,14,-1,-1,-1
2018010134439,1,3,0,8,0,6,0,0,0,0,2,1,6,1,22,5,125,1,-1,3,1,3
2018010134439,2,9,0,8,0,6,0,0,0,0,1,1,6,1,37,7,1956,2,7,6,1,6
2018010134441,1,9,0,4,0,0,0,0,0,0,1,1,6,1,29,6,1997,1,13,3,1,3
2018010134451,1,9,0,9,0,8,0,10,0,0,1,1,6,1,34,6,1595,1,-1,9,-1,9
2018010134451,2,9,0,17,0,8,0,0,0,0,0,1,6,3,-1,-1,-1,-1,-1,-1,-1,-1
2018010134455,1,3,0,5,0,6,1,0,0,0,3,1,6,1,18,4,125,1,7,1,1,1
2018010134455,2,5,0,18,0,1,0,0,0,0,1,1,6,1,51,8,-1,-1,-1,5,1,5
2018010134456,1,9,0,4,0,0,0,0,0,0,2,1,6,1,61,9,1995,2,9,-1,-1,-1
2018010134456,2,9,0,4,0,0,0,0,0,0,2,1,6,1,26,6,1995,1,9,3,1,3
2018010134456,3,9,0,18,0,0,0,0,0,0,1,1,6,1,19,4,-1,-1,-1,6,1,6
2018010134457,1,9,0,18,0,2,0,0,0,0,2,1,6,3,-1,-1,-1,-1,-1,-1,-1,-1
2018010134467,1,9,0,-1,-1,-1,-1,-1,-1,-1,2,-1,6,2,53,8,1597,1,10,4,1,4
2018010134467,2,9,0,-1,-1,-1,-1,-1,-1,-1,1,-1,6,3,-1,-1,1598,1,12,1,1,1
2018010134468,1,9,0,7,0,0,0,0,0,0,3,1,1,1,27,6,-1,-1,-1,2,1,2
2018010134468,2,1,0,4,0,0,0,0,0,0,1,1,6,1,27,6,-1,-1,-1,7,1,7
2018010134471,1,9,0,7,0,5,0,0,0,0,1,1,6,1,25,5,2995,1,1,9,1,9
2018010134471,2,2,0,18,0,5,0,0,0,0,1,1,6,1,26,6,125,1,4,6,1,6
2018010134479,1,9,0,18,0,8,0,0,0,0,4,1,1,1,22,5,1560,2,4,3,1,3
2018010134479,2,9,0,18,0,8,0,0,0,0,1,1,6,2,32,6,2993,2,9,3,1,3
2018010134481,1,9,0,18,0,1,0,0,0,0,2,1,6,1,33,6,2926,2,13,7,3,7
2018010134481,2,1,0,18,0,1,0,0,0,0,1,1,6,1,33,6,-1,-1,-1,6,1,6
2018010134482,1,9,0,9,0,1,0,0,0,0,3,1,6,1,40,7,2204,2,10,2,1,2
2018010134482,2,4,0,13,0,1,0,0,0,0,4,1,6,1,31,6,125,1,6,1,1,1
2018010134487,1,9,0,1,0,0,0,0,0,0,3,1,6,1,29,6,1995,2,6,1,1,1
2018010134487,2,3,0,18,0,0,0,0,0,0,1,1,6,1,31,6,125,1,8,3,1,3
2018010134488,1,9,0,4,0,2,0,0,0,0,1,1,6,1,28,6,1339,8,8,3,1,3
2018010134488,2,3,0,18,0,1,0,0,0,0,1,1,6,1,31,6,125,1,4,7,1,7
2018010134494,1,9,0,18,0,1,1,0,0,0,1,1,6,1,54,8,1596,1,18,-1,-1,-1
2018010134495,1,11,0,18,2,0,0,0,0,0,4,1,1,2,50,8,4500,2,7,2,1,2
2018010134495,2,9,0,18,0,0,0,0,0,0,0,1,6,3,-1,-1,-1,-1,-1,-1,-1,-1
2018010134499,1,9,0,7,0,8,0,0,7,2,1,1,6,1,36,7,1995,2,7,6,1,6
2018010134499,2,9,0,16,0,3,0,0,0,0,1,1,6,1,26,6,1598,1,17,2,1,2
2018010134502,1,9,0,4,0,0,0,0,0,0,2,1,6,1,33,6,2148,2,16,8,1,8
2018010134502,2,9,0,4,0,0,0,0,0,0,2,1,6,2,49,8,1397,1,16,5,1,5
2018010134502,3,9,0,4,0,0,1,4,0,0,1,1,6,2,30,6,999,1,3,2,1,2
2018010134504,1,9,0,3,0,1,0,0,0,0,2,1,6,2,45,7,1598,2,7,2,1,2
2018010134504,2,9,0,18,0,1,0,0,0,0,1,1,6,2,28,6,1200,1,-1,5,1,5
2018010134509,1,9,0,18,0,1,0,0,0,0,1,1,6,1,19,4,1396,1,15,5,1,5
2018010134509,2,9,0,9,0,6,0,0,0,0,1,1,2,1,57,9,1398,1,4,5,1,5
2018010134513,1,9,0,-1,-1,-1,-1,-1,-1,-1,2,-1,2,2,26,6,1796,1,10,9,1,9
2018010134513,2,9,0,-1,-1,-1,-1,-1,-1,-1,1,-1,6,3,-1,-1,-1,-1,-1,-1,-1,-1
2018010134515,1,9,0,9,0,3,0,0,1,10,1,1,6,2,71,10,1242,1,14,8,1,8
2018010134518,1,9,0,5,0,1,0,0,0,0,1,1,6,1,36,7,1461,2,8,2,1,2
2018010134518,2,9,0,5,6,2,0,0,0,0,4,1,6,1,23,5,1797,8,8,7,1,7
2018010134518,3,9,0,18,0,1,1,0,0,0,1,1,6,1,25,5,2184,2,16,7,1,7
2018010134518,4,9,0,2,6,1,0,0,0,0,4,1,6,3,-1,-1,1461,2,12,-1,-1,-1
2018010134519,1,9,0,-1,-1,-1,-1,-1,-1,-1,2,-1,6,1,31,6,1798,1,10,6,1,6
2018010134519,2,9,-1,18,0,-1,-1,-1,0,0,-1,-1,6,3,-1,-1,2401,2,15,-1,-1,-1
2018010134522,1,9,0,15,0,1,1,0,0,0,1,1,4,1,34,6,1242,1,12,5,1,5
2018010134523,1,9,0,7,9,1,0,10,1,0,1,1,6,3,27,6,1984,1,2,-1,-1,-1
2018010134524,1,19,0,16,0,0,0,0,0,0,1,1,6,1,38,7,2148,2,11,3,1,3
2018010134526,1,3,0,18,0,8,0,0,0,0,1,1,1,1,18,4,124,1,5,-1,-1,-1
2018010134526,2,9,0,9,0,8,0,0,0,0,2,2,6,2,23,5,1229,1,9,-1,-1,-1
2018010134528,1,11,0,4,2,0,0,0,0,0,0,1,1,1,52,8,6700,2,6,9,1,9
2018010134530,1,21,4,18,0,0,0,0,0,0,2,1,1,1,69,10,7146,2,9,2,1,2
2018010134530,2,9,0,18,0,0,0,0,0,0,2,1,1,1,52,8,1598,1,12,4,1,4
2018010134530,3,9,0,18,0,0,0,0,0,0,1,1,2,2,36,7,2143,2,8,7,1,7
2018010134538,1,9,0,-1,-1,0,-1,-1,-1,-1,-1,-1,6,2,25,5,1242,1,9,4,1,4
2018010134538,2,9,0,-1,-1,0,-1,-1,-1,-1,-1,-1,6,2,35,6,-1,-1,-1,6,1,6
2018010134540,1,9,0,18,0,0,0,0,0,0,1,1,3,1,30,6,1598,1,10,6,1,6
2018010134540,2,1,0,12,0,0,5,0,0,0,3,1,1,1,87,11,-1,-1,-1,8,1,8
2018010134544,1,9,0,7,0,2,0,0,0,0,1,1,2,2,67,10,1799,1,9,3,1,3
2018010134546,1,9,0,-1,-1,-1,-1,-1,-1,-1,1,-1,6,3,-1,-1,-1,-1,-1,-1,-1,-1
2018010134553,1,9,0,9,0,0,0,0,0,0,4,1,2,2,48,8,1951,2,16,6,1,6
2018010134553,2,1,0,18,0,0,2,0,0,0,1,1,2,1,34,6,-1,-1,-1,5,1,5
2018010134556,1,9,0,5,0,0,0,0,0,0,3,1,1,1,29,6,1397,1,10,7,1,7
2018010134556,2,3,0,18,0,0,2,4,0,0,1,1,1,1,46,8,-1,-1,-1,7,1,7
2018010134556,3,9,0,2,0,0,0,0,0,0,4,1,6,3,-1,-1,2143,2,2,-1,-1,-1
2018010134558,1,4,0,18,0,1,0,0,0,0,1,1,1,1,58,9,-1,-1,-1,9,1,9
2018010134563,1,9,0,-1,-1,-1,-1,-1,-1,-1,1,-1,6,2,24,5,1197,1,4,2,1,2
2018010134563,2,9,0,-1,-1,-1,-1,-1,-1,-1,2,-1,6,3,-1,-1,1798,8,4,-1,-1,-1
2018010134567,1,3,0,-1,-1,-1,-1,-1,-1,-1,-1,1,2,2,28,6,125,1,3,5,1,5
2018010134567,2,9,0,-1,-1,-1,-1,-1,-1,-1,1,-1,6,3,-1,-1,-1,-1,-1,-1,-1,-1
2018010134572,1,3,0,-1,-1,-1,-1,-1,-1,-1,-1,1,6,1,20,4,125,1,3,4,1,4
2018010134572,2,9,0,-1,-1,-1,-1,-1,-1,-1,-1,-1,6,3,18,4,1197,1,1,2,1,2
2018010134573,1,1,-1,-1,-1,-1,-1,-1,-1,-1,-1,1,2,2,32,6,-1,-1,-1,5,1,5
2018010134573,2,9,0,-1,-1,-1,-1,-1,-1,-1,-1,-1,6,1,53,8,2000,1,14,5,1,5
2018010134574,1,9,0,-1,0,2,0,0,0,0,1,-1,6,3,-1,-1,-1,-1,-1,-1,-1,-1
2018010134575,1,9,0,5,0,1,0,0,0,0,2,-1,6,1,54,8,1798,8,5,4,1,4
2018010134575,2,9,0,18,0,1,0,0,0,0,1,-1,6,1,-1,-1,-1,-1,-1,-1,-1,-1
2018010134578,1,3,0,18,0,8,5,0,0,0,4,1,1,1,48,8,125,1,4,5,1,5
2018010134578,2,9,0,9,0,8,0,0,0,0,3,1,6,2,57,9,2998,1,2,2,1,2
2018010134579,1,9,0,11,0,0,1,0,5,6,4,1,6,2,34,6,1618,1,3,5,1,5
2018010134579,2,9,0,18,0,0,0,0,0,0,0,1,6,2,47,8,1242,1,8,2,1,2
2018010134581,1,9,0,9,0,6,0,0,0,0,0,1,6,3,-1,-1,1598,2,1,-1,-1,-1
2018010134581,2,1,0,18,0,1,1,10,1,0,0,1,6,1,42,7,-1,-1,-1,7,1,7
2018010134582,1,9,0,16,0,1,0,0,0,0,4,1,2,1,55,8,-1,3,1,10,2,10
2018010134582,2,1,0,16,0,8,0,10,0,0,3,1,6,1,54,8,-1,-1,-1,3,1,3
2018010134583,1,9,0,-1,0,1,0,0,0,0,1,1,6,1,24,5,1248,1,7,8,1,8
2018010134583,2,19,-1,-1,0,6,-1,0,0,0,2,1,6,3,-1,-1,2143,2,4,-1,-1,-1
2018010134587,1,1,0,18,0,1,0,0,0,0,2,1,6,1,23,5,-1,-1,-1,-1,-1,-1
2018010134588,1,5,0,18,0,1,0,0,0,0,1,1,1,1,23,5,649,1,12,5,1,5
2018010134588,2,9,0,9,0,1,0,0,0,0,1,1,6,2,30,6,1242,1,3,9,1,9
2018010134589,1,9,0,18,0,2,0,0,0,0,1,1,6,2,26,6,1388,1,9,8,1,8
2018010134589,2,19,0,9,0,1,0,0,0,0,1,1,2,1,44,7,2402,2,9,3,1,3
2018010134591,1,1,-1,-1,-1,-1,-1,-1,-1,-1,1,1,6,2,28,6,-1,-1,-1,3,1,3
2018010134591,2,9,0,-1,-1,-1,-1,-1,-1,-1,1,-1,6,3,-1,-1,-1,-1,-1,-1,-1,-1
2018010134594,1,19,0,4,0,1,0,0,0,0,2,1,2,1,46,8,1753,2,16,5,1,5
2018010134594,2,9,0,3,0,2,0,0,0,0,1,1,6,1,25,5,1598,1,8,2,1,2
2018010134595,1,9,0,17,0,0,0,0,0,0,1,1,1,1,47,8,1797,8,8,6,1,6
2018010134597,1,19,0,-1,-1,-1,-1,-1,-1,-1,2,-1,2,1,52,8,1995,2,10,7,1,7
2018010134597,2,9,0,-1,-1,-1,-1,-1,-1,-1,1,-1,6,3,-1,-1,999,1,4,9,1,9
2018010134598,1,9,0,18,0,2,0,0,0,0,1,1,6,1,51,8,3456,8,8,2,1,2
2018010134601,1,5,0,7,0,2,0,0,1,2,1,1,6,1,25,5,599,1,12,4,1,4
2018010134611,1,9,0,18,0,1,0,-1,0,0,1,-1,6,1,-1,-1,-1,-1,-1,-1,-1,-1
2018010134613,1,11,0,4,0,1,0,0,0,0,4,1,1,1,54,8,6700,2,9,3,1,3
2018010134617,1,1,-1,-1,-1,-1,-1,-1,-1,-1,1,1,6,2,32,6,-1,-1,-1,5,1,5
2018010134617,2,8,0,-1,-1,-1,-1,-1,-1,-1,-1,-1,6,3,-1,-1,-1,-1,-1,-1,-1,-1
2018010134619,1,9,0,-1,-1,-1,-1,-1,-1,-1,1,-1,6,1,19,4,999,1,-1,8,1,8
2018010134621,1,9,0,9,0,1,0,0,0,0,1,1,6,1,50,8,1910,2,10,3,1,3
2018010134622,1,9,0,17,0,0,0,0,1,0,1,1,6,2,19,4,-1,-1,-1,4,1,4
2018010134623,1,11,0,18,0,0,0,0,0,0,0,1,1,1,32,6,4760,2,5,3,1,3
2018010134625,1,9,0,18,0,1,0,0,0,0,4,1,6,3,-1,-1,-1,-1,-1,-1,-1,-1
2018010134628,1,9,0,18,0,1,0,0,1,7,1,1,1,1,26,6,3999,1,7,3,1,3
2018010134628,2,21,1,3,0,1,0,0,0,0,2,1,1,1,54,8,12902,2,3,4,1,4
2018010134629,1,9,0,18,0,1,0,0,0,0,4,1,1,1,31,6,1798,8,-1,3,1,3
2018010134631,1,9,0,18,0,0,0,0,0,0,2,1,6,2,42,7,1910,2,8,7,1,7
2018010134631,2,8,0,16,0,0,0,0,0,0,2,1,1,1,34,6,2143,2,2,7,1,7
2018010134631,3,9,0,16,0,0,0,0,0,0,1,1,2,1,32,6,1794,1,9,6,1,6
2018010134633,1,3,0,-1,-1,-1,-1,-1,-1,-1,2,1,2,1,43,7,124,1,7,3,1,3
2018010134633,2,9,0,-1,-1,-1,-1,-1,-1,-1,1,-1,6,3,-1,-1,-1,-1,-1,-1,-1,-1
2018010134636,1,1,0,7,0,6,0,0,0,0,1,1,6,1,43,7,-1,-1,-1,3,1,3
2018010134637,1,1,-1,-1,-1,-1,-1,-1,-1,-1,1,1,6,1,24,5,-1,-1,-1,4,1,4
2018010134637,2,9,0,-1,-1,-1,-1,-1,-1,-1,-1,-1,6,3,75,10,1596,1,13,9,1,9
2018010134640,1,10,0,9,0,8,0,0,0,0,3,1,6,1,59,9,2402,2,7,-1,-1,-1
2018010134640,2,1,0,18,0,8,0,0,0,0,1,1,2,1,26,6,-1,-1,-1,2,1,2
2018010134642,1,9,0,-1,-1,-1,-1,-1,-1,-1,2,-1,6,2,48,8,1000,1,27,8,1,8
2018010134642,2,9,0,-1,-1,-1,-1,-1,-1,-1,-1,-1,6,3,-1,-1,998,1,1,-1,-1,-1
2018010134646,1,9,0,7,0,2,0,4,0,0,1,1,6,1,25,5,1598,2,4,1,1,1
2018010134646,2,9,0,18,0,8,0,0,0,0,1,1,6,1,68,10,1796,1,13,7,1,7
2018010134646,3,19,0,2,0,1,0,0,0,0,3,1,6,3,-1,-1,2198,2,2,-1,-1,-1
2018010134656,1,9,0,-1,-1,-1,-1,-1,-1,-1,2,-1,6,1,30,6,2143,2,-1,8,1,8
2018010134663,1,3,0,14,0,5,0,0,0,0,4,1,6,1,40,7,125,1,-1,8,1,8
2018010134663,2,9,0,5,0,5,0,0,0,0,3,1,6,1,51,8,3311,1,13,9,1,9
2018010134664,1,1,-1,-1,-1,-1,-1,-1,-1,-1,-1,1,2,1,39,7,-1,-1,-1,6,1,6
2018010134664,2,9,0,-1,-1,-1,-1,-1,-1,-1,-1,-1,6,3,-1,-1,2204,2,13,-1,-1,-1
2018010134670,1,9,-1,-1,-1,-1,-1,-1,-1,-1,-1,-1,6,3,-1,-1,-1,-1,-1,-1,-1,-1
2018010134672,1,19,0,16,0,8,0,0,0,0,1,1,1,1,60,9,2143,2,7,3,1,3
2018010134672,2,9,0,4,0,1,0,0,3,0,4,1,6,1,83,11,1589,1,19,7,1,7
2018010134673,1,3,0,14,0,1,0,0,0,0,1,1,6,1,31,6,125,1,1,2,1,2