Accident_Index,Vehicle_Reference,Vehicle_Type,Towing_and_Articulation,Vehicle_Manoeuvre,Vehicle_Location-Restricted_Lane,Junction_Location,Skidding_and_Overturning,Hit_Object_in_Carriageway,Vehicle_Leaving_Carriageway,Hit_Object_off_Carriageway,1st_Point_of_Impact,Was_Vehicle_Left_Hand_Drive?,Journey_Purpose_of_Driver,Sex_of_Driver,Age_of_Driver,Age_Band_of_Driver,Engine_Capacity_(CC),Propulsion_Code,Age_of_Vehicle,Driver_IMD_Decile,Driver_Home_Area_Type,Vehicle_IMD_Decile
2018010134674,1,9,0,7,0,3,0,0,0,0,2,1,6,1,20,4,1995,2,3,5,1,5
2018010134674,2,11,0,7,0,3,0,0,0,0,3,1,1,1,61,9,-1,-1,-1,-1,-1,-1
2018010134675,1,9,0,17,0,1,0,0,0,0,1,1,1,1,28,6,1399,1,1,1,1,1
2018010134675,2,9,0,9,0,1,0,0,7,10,3,1,6,1,23,5,998,1,5,2,1,2
2018010134676,1,4,0,18,0,8,0,0,0,0,1,1,6,1,30,6,124,1,8,2,1,2
2018010134680,1,9,0,9,8,5,0,0,0,0,4,1,6,1,17,4,2171,1,14,4,1,4
2018010134680,2,5,0,16,0,8,1,0,0,0,1,1,6,1,35,6,599,1,9,3,1,3
2018010134681,1,9,0,-1,-1,0,-1,-1,-1,-1,2,-1,6,1,27,6,1242,1,11,2,1,2
2018010134683,1,9,0,16,0,2,0,4,0,0,4,1,6,1,22,5,2998,1,2,9,1,9
2018010134683,2,9,0,17,0,1,0,0,0,0,1,1,6,1,41,7,1796,1,8,8,1,8
2018010134683,3,11,0,3,0,2,0,0,0,0,0,1,1,2,52,8,6700,2,9,10,1,10
2018010134689,1,1,0,18,4,0,0,0,0,0,1,1,2,1,30,6,-1,-1,-1,6,-1,6
2018010134690,1,9,0,9,0,0,0,0,7,0,3,1,6,1,32,6,-1,-1,-1,6,1,6
2018010134690,2,2,0,18,0,0,0,0,0,0,3,1,6,1,32,6,125,1,2,3,1,3
2018010134691,1,9,0,9,0,7,0,0,0,0,1,1,6,1,19,4,1388,1,14,6,1,6
2018010134691,2,3,0,15,0,2,0,0,0,0,4,1,6,1,59,9,-1,-1,-1,2,1,2
2018010134695,1,4,0,5,2,0,0,0,1,0,1,1,1,1,32,6,292,1,-1,5,1,5
2018010134699,1,11,0,1,3,1,0,0,0,0,2,1,1,1,59,9,9360,2,7,7,1,7
2018010134702,1,4,0,18,0,4,1,0,0,0,2,1,6,1,47,8,599,1,11,3,1,3
2018010134702,2,9,0,18,0,3,0,0,0,0,1,1,6,1,25,5,1461,2,5,-1,-1,-1
2018010134703,1,9,0,7,0,8,0,0,0,0,1,1,6,1,47,8,1461,2,1,1,1,1
2018010134705,1,9,0,16,0,4,0,0,0,0,2,1,2,2,51,8,1598,1,9,8,1,8
2018010134705,2,3,0,18,0,4,0,0,0,0,1,1,6,1,44,7,108,1,1,6,1,6
2018010134707,1,9,0,18,0,1,0,0,0,0,1,1,6,2,37,7,998,1,5,2,1,2
2018010134708,1,9,0,9,0,0,0,0,0,0,4,1,6,1,73,10,1390,1,16,3,1,3
2018010134708,2,3,0,18,0,0,0,0,0,0,1,1,6,1,26,6,125,1,-1,3,1,3
2018010134710,1,4,0,18,0,0,0,0,0,0,1,1,6,1,36,7,125,1,4,4,1,4
2018010134710,2,9,0,6,0,0,0,0,0,0,3,1,1,1,29,6,1339,8,8,6,1,6
2018010134712,1,9,0,5,0,8,0,0,0,0,1,1,6,1,24,5,999,1,6,3,1,3
2018010134712,2,1,0,9,0,6,0,0,0,0,3,1,6,1,14,3,-1,-1,-1,3,-1,3
2018010134714,1,9,0,-1,-1,0,-1,-1,-1,-1,2,-1,6,1,28,6,1600,2,9,3,1,3
2018010134714,2,9,-1,-1,0,0,0,0,0,0,1,-1,6,3,-1,-1,1995,2,14,-1,-1,-1
2018010134715,1,1,-1,-1,-1,-1,-1,-1,-1,-1,1,1,2,1,39,7,-1,-1,-1,2,1,2
2018010134715,2,9,0,-1,-1,-1,-1,-1,-1,-1,-1,1,6,1,60,9,1796,1,13,2,1,2
2018010134717,1,1,-1,-1,-1,-1,-1,-1,-1,-1,-1,1,6,1,40,7,-1,-1,-1,3,1,3
2018010134717,2,9,0,-1,-1,-1,-1,-1,-1,-1,-1,-1,6,1,49,8,1790,8,5,6,1,6
2018010134718,1,9,0,18,0,1,0,0,0,0,0,1,2,1,28,6,1968,2,11,-1,-1,-1
2018010134721,1,9,0,9,0,8,0,0,0,0,3,1,6,2,70,10,1398,2,13,5,1,5
2018010134721,2,9,0,5,0,8,0,0,0,0,1,1,6,1,19,4,1395,1,4,10,1,10
2018010134724,1,9,0,18,0,0,0,0,0,0,1,1,6,2,19,4,-1,-1,-1,10,1,10
2018010134724,2,9,0,2,0,0,0,0,7,0,2,1,6,3,-1,-1,1598,1,7,-1,-1,-1
2018010134724,3,9,0,2,0,0,0,0,0,0,4,1,6,3,-1,-1,1598,1,11,-1,-1,-1
2018010134725,1,1,-1,-1,-1,0,-1,-1,-1,-1,1,1,6,1,26,6,-1,-1,-1,3,-1,3
2018010134725,2,9,0,-1,-1,0,-1,-1,-1,-1,-1,-1,6,3,-1,-1,1390,1,13,-1,-1,-1
2018010134726,1,19,0,5,0,4,0,0,0,0,1,1,1,1,30,6,1968,2,-1,1,1,1
2018010134726,2,1,0,7,0,3,0,0,0,0,1,1,1,2,30,6,-1,-1,-1,1,1,1
2018010134734,1,9,0,18,0,1,1,0,8,4,1,1,6,1,33,6,1596,1,15,4,1,4
2018010134737,1,11,0,18,0,1,0,0,0,0,1,1,1,1,37,7,4500,2,1,2,1,2
2018010134737,2,9,0,3,0,6,0,0,0,0,2,1,1,1,23,5,1598,1,9,3,1,3
2018010134739,1,9,0,17,0,6,0,11,0,0,1,1,6,1,22,5,1596,1,6,-1,-1,-1
2018010134739,2,9,0,18,0,6,0,0,0,0,0,1,1,1,43,7,2993,2,1,-1,-1,-1
2018010134743,1,4,0,18,0,1,0,0,0,0,3,1,2,1,46,8,125,1,4,6,1,6
2018010134743,2,9,0,9,0,2,0,0,0,0,3,1,1,1,32,6,-1,-1,-1,3,1,3
2018010134746,1,5,5,2,9,0,0,0,-1,0,0,1,6,3,-1,-1,124,1,12,-1,-1,-1
2018010134749,1,9,0,9,0,6,0,0,0,0,3,1,6,2,28,6,1388,1,6,5,1,5
2018010134749,2,3,0,18,0,1,0,0,0,0,1,1,2,1,18,4,125,1,-1,4,1,4
2018010134755,1,1,-1,-1,-1,-1,-1,-1,-1,-1,1,1,2,1,34,6,-1,-1,-1,5,1,5
2018010134755,2,9,0,-1,-1,-1,-1,-1,-1,-1,-1,-1,6,3,21,5,1499,1,3,8,1,8
2018010134758,1,9,0,10,0,1,0,0,0,0,1,1,6,1,23,5,1242,1,9,2,1,2
2018010134758,2,1,0,18,0,1,0,0,0,0,1,1,1,1,37,7,-1,-1,-1,2,1,2
2018010134770,1,1,-1,-1,-1,-1,-1,-1,-1,-1,-1,1,2,1,50,8,-1,-1,-1,2,1,2
2018010134770,2,9,0,-1,-1,-1,-1,-1,-1,-1,1,-1,6,3,-1,-1,2521,1,12,-1,-1,-1
2018010134771,1,1,-1,-1,-1,0,-1,-1,-1,-1,1,1,6,1,62,9,-1,-1,-1,5,1,5
2018010134771,2,9,0,-1,-1,0,-1,-1,-1,-1,-1,-1,6,3,18,4,999,1,2,4,1,4
2018010134776,1,1,-1,-1,-1,-1,-1,-1,-1,-1,-1,1,2,1,35,6,-1,-1,-1,8,1,8
2018010134776,2,9,0,-1,-1,-1,-1,-1,-1,-1,0,-1,6,3,-1,-1,-1,-1,-1,5,1,5
2018010134779,1,9,-1,-1,-1,-1,-1,-1,-1,-1,1,-1,6,3,-1,-1,-1,-1,-1,-1,-1,-1
2018010134780,1,9,0,18,0,1,0,0,3,0,4,1,2,2,23,5,1496,2,1,10,1,10
2018010134780,2,11,0,18,0,2,0,0,0,0,1,1,1,1,41,7,9360,2,9,6,1,6
2018010134783,1,11,0,4,0,0,0,0,0,0,0,1,1,1,57,9,4461,2,4,7,1,7
2018010134784,1,11,0,18,0,1,0,0,0,0,0,1,1,2,30,6,5132,2,1,4,1,4
2018010134786,1,9,0,9,0,6,0,0,0,0,1,1,2,1,60,9,1598,2,4,6,1,6
2018010134786,2,9,0,18,0,1,0,0,0,0,1,1,6,1,19,4,1229,1,11,3,1,3
2018010134792,1,1,0,18,0,0,5,0,0,0,1,1,2,1,36,7,-1,-1,-1,10,1,10
2018010134795,1,5,0,18,0,1,0,0,0,0,4,1,2,1,31,6,749,1,5,4,1,4
2018010134797,1,9,0,10,0,1,0,0,0,0,1,1,6,1,43,7,1995,2,11,6,1,6
2018010134797,2,1,0,18,0,1,0,0,0,0,1,1,6,1,36,7,-1,-1,-1,10,1,10
2018010134798,1,3,0,18,0,1,1,0,0,0,0,1,2,1,38,7,124,1,13,2,1,2
2018010134811,1,3,0,-1,-1,-1,-1,-1,-1,-1,1,1,6,1,57,9,125,1,3,2,1,2
2018010134811,2,9,0,-1,-1,-1,-1,-1,-1,-1,-1,-1,6,3,-1,-1,1995,2,10,5,1,5
2018010134814,1,4,0,15,0,0,0,0,0,0,1,1,2,1,54,8,399,1,7,9,1,9
2018010134814,2,5,0,5,0,0,0,0,0,0,2,1,2,1,32,6,750,1,7,5,3,5
2018010134817,1,9,0,-1,-1,0,-1,-1,-1,-1,1,-1,6,1,24,5,1598,1,16,2,1,2
2018010134817,2,9,0,-1,-1,0,-1,-1,-1,-1,1,-1,6,1,33,6,1896,2,10,2,1,2
2018010134821,1,9,0,-1,-1,-1,-1,-1,-1,-1,2,-1,6,2,53,8,1242,1,2,7,1,7
2018010134822,1,9,0,-1,-1,-1,-1,-1,-1,-1,2,-1,6,1,25,5,1968,2,12,2,1,2
2018010134824,1,4,0,18,0,2,5,0,0,0,1,1,6,1,33,6,102,1,11,6,1,6
2018010134824,2,9,0,9,0,5,0,0,0,0,1,1,2,2,27,6,1364,1,2,9,1,9
2018010134826,1,19,0,18,0,8,0,0,0,0,1,2,2,1,59,9,2261,1,10,-1,-1,-1
2018010134826,2,90,0,18,0,8,0,0,0,0,1,2,1,1,29,6,-1,-1,-1,3,1,3
2018010134827,1,3,0,13,0,8,0,0,0,0,4,1,1,1,31,6,125,1,-1,4,-1,4
2018010134827,2,19,0,6,0,8,0,0,0,0,3,1,1,1,30,6,2299,2,7,3,1,3
2018010134828,1,9,0,-1,-1,-1,-1,-1,-1,-1,1,-1,6,2,25,5,1386,1,15,6,1,6
2018010134833,1,9,0,7,0,2,0,0,0,0,1,1,6,2,85,11,1396,1,5,4,1,4
2018010134835,1,9,0,18,0,8,0,0,1,2,1,1,2,1,24,5,1198,1,4,4,1,4
2018010134835,2,9,0,18,0,8,0,0,1,0,1,1,6,1,31,6,1598,1,8,9,1,9
2018010134836,1,9,0,10,0,2,0,0,0,0,1,1,1,1,52,8,2143,2,2,8,1,8
2018010134836,2,3,0,4,0,1,0,0,0,0,1,1,1,2,23,5,124,1,6,3,1,3
2018010134838,1,9,0,18,0,8,0,4,0,0,1,1,6,3,-1,-1,1984,1,2,-1,-1,-1
2018010134838,2,9,0,7,0,8,0,0,0,0,1,1,6,1,44,7,2493,8,4,1,1,1
2018010134838,3,9,0,2,0,2,0,0,0,0,4,1,6,3,-1,-1,2967,2,4,-1,-1,-1
2018010134841,1,9,0,6,0,0,0,0,0,0,3,1,6,1,39,7,2143,2,-1,3,1,3
2018010134841,2,1,0,14,0,0,0,0,0,0,1,1,6,1,53,8,-1,-1,-1,6,1,6
2018010134843,1,9,0,9,0,8,0,0,0,0,1,1,2,1,36,7,1586,1,13,8,1,8
2018010134847,1,9,0,7,0,3,0,0,0,0,3,1,6,1,27,6,1499,1,-1,3,1,3
2018010134847,2,11,0,18,0,3,0,0,0,0,4,1,6,1,55,8,9360,2,9,3,1,3
2018010134851,1,3,0,18,0,1,0,0,0,0,1,1,6,1,36,7,125,1,8,-1,-1,-1
2018010134851,2,9,0,9,0,5,0,0,0,0,1,1,6,3,-1,-1,-1,-1,-1,-1,-1,-1
2018010134852,1,3,0,-1,0,2,0,0,0,0,-1,1,6,1,47,8,125,1,-1,10,1,10
2018010134852,2,9,0,-1,0,2,0,0,0,0,-1,-1,6,3,-1,-1,-1,-1,-1,-1,-1,-1
2018010134861,1,11,-1,18,-1,-1,0,0,-1,0,-1,1,1,1,-1,-1,4461,2,5,7,1,7
2018010134861,2,9,-1,18,-1,-1,-1,0,-1,0,-1,-1,6,3,-1,-1,1896,2,17,3,1,3
2018010134864,1,11,0,18,0,0,0,0,0,0,1,1,1,1,29,6,-1,3,2,3,1,3
2018010134864,2,20,0,3,0,0,0,0,0,0,2,1,1,1,42,7,2299,2,1,8,1,8
2018010134864,3,9,0,3,0,0,0,0,0,0,2,1,1,1,55,8,1798,8,-1,8,1,8
2018010134865,1,9,0,5,0,8,0,0,0,0,2,1,6,2,34,6,1364,1,1,5,1,5
2018010134865,2,9,0,18,0,8,0,0,0,0,1,1,6,1,57,9,1896,2,16,3,1,3
2018010134865,3,9,0,18,0,8,0,0,0,0,1,1,1,1,49,8,1998,2,8,2,1,2
2018010134866,1,4,0,5,0,1,0,0,0,0,1,1,6,1,18,4,125,1,-1,3,1,3
2018010134866,2,9,0,5,0,2,0,0,0,0,1,1,3,1,50,8,1560,2,4,1,1,1
2018010134873,1,11,0,5,0,0,0,0,0,0,0,1,1,1,39,7,4500,2,4,2,1,2
2018010134875,1,1,-1,-1,-1,-1,-1,-1,-1,-1,1,1,2,2,29,6,-1,-1,-1,5,1,5
2018010134875,2,1,-1,-1,-1,-1,-1,-1,-1,-1,-1,1,6,1,-1,-1,-1,-1,-1,-1,-1,-1
2018010134876,1,3,0,-1,-1,-1,-1,-1,-1,-1,1,1,6,2,30,6,125,1,7,2,1,2
2018010134876,2,9,0,-1,-1,-1,-1,-1,-1,-1,-1,-1,6,3,-1,-1,1762,1,22,-1,-1,-1
2018010134878,1,11,0,3,0,0,0,0,0,0,2,1,1,1,52,8,5132,2,4,4,1,4
2018010134878,2,9,0,14,0,0,0,0,0,0,1,1,6,1,88,11,998,1,12,8,1,8
2018010134879,1,9,0,5,0,3,0,0,0,0,1,1,6,1,55,8,3456,8,7,10,1,10
2018010134883,1,9,0,-1,-1,0,-1,-1,-1,-1,3,-1,2,1,40,7,1598,1,5,3,1,3
2018010134883,2,9,0,-1,-1,0,-1,-1,-1,-1,1,-1,6,3,-1,-1,1596,1,15,-1,-1,-1
2018010134885,1,9,0,5,9,5,0,0,7,0,3,1,2,2,53,8,1197,1,3,2,1,2
2018010134885,2,2,0,13,9,5,0,0,7,0,4,1,2,1,33,6,124,1,2,2,1,2
2018010134887,1,9,0,-1,-1,0,-1,-1,-1,-1,2,-1,6,1,25,5,1248,2,9,2,1,2
2018010134887,2,9,0,-1,-1,0,-1,-1,-1,-1,1,-1,6,3,-1,-1,1951,2,13,-1,-1,-1
2018010134891,1,4,0,7,0,4,0,0,0,0,2,1,6,1,77,11,244,1,11,2,1,2
2018010134891,2,9,0,7,0,4,0,0,0,0,1,1,6,2,61,9,1598,1,3,5,1,5
2018010134896,1,9,0,-1,-1,-1,-1,-1,-1,-1,2,-1,6,1,27,6,1200,1,-1,2,1,2
2018010134896,2,8,0,-1,-1,-1,-1,-1,-1,-1,1,-1,6,3,-1,-1,1797,8,7,-1,-1,-1
2018010134898,1,9,0,6,0,0,0,0,0,0,3,1,6,1,21,5,1198,1,10,-1,-1,-1
2018010134898,2,3,0,13,0,0,1,0,0,0,1,1,6,2,23,5,124,1,17,-1,-1,-1
2018010134905,1,9,0,9,0,5,0,0,0,0,3,1,6,2,50,8,898,1,1,4,1,4
2018010134905,2,5,0,9,0,5,5,0,0,0,4,1,6,1,49,8,998,1,4,4,3,4
2018010134908,1,19,0,9,0,8,0,0,0,0,1,1,1,1,30,6,-1,3,1,7,1,7
2018010134908,2,1,0,5,0,2,0,0,0,0,2,1,1,2,47,8,-1,-1,-1,4,1,4
2018010134909,1,8,0,3,0,1,0,0,0,0,1,1,6,1,24,5,-1,-1,-1,3,1,3
2018010134910,1,9,0,18,0,0,1,4,0,0,1,1,6,1,25,5,2993,2,1,7,1,7
2018010134910,2,9,0,2,0,0,0,0,1,2,4,1,6,3,-1,-1,1395,1,1,-1,-1,-1
2018010134910,3,9,0,2,0,0,0,0,0,0,2,1,6,3,-1,-1,1995,2,5,-1,-1,-1
2018010134910,4,9,0,2,0,0,0,0,0,0,2,1,6,3,-1,-1,1398,1,4,-1,-1,-1
2018010134910,5,9,0,2,9,0,0,0,0,0,2,1,6,3,-1,-1,998,1,7,-1,-1,-1
2018010134912,1,9,0,18,0,1,0,0,0,0,2,1,6,1,65,9,1395,1,1,10,1,10
2018010134912,2,5,0,18,0,1,0,0,0,0,1,1,2,1,32,6,599,1,13,2,1,2
2018010134916,1,9,0,18,0,1,0,11,0,0,1,1,6,1,72,10,1797,8,4,4,1,4
2018010134917,1,3,0,9,0,6,1,0,0,0,0,1,2,1,55,8,125,1,6,2,1,2
2018010134919,1,5,0,18,0,8,0,0,0,0,1,1,6,1,44,7,745,1,2,3,1,3
2018010134919,2,9,0,18,0,8,0,10,0,0,4,1,6,2,71,10,1242,1,2,6,1,6
2018010134923,1,1,-1,-1,-1,-1,-1,-1,-1,-1,-1,1,2,1,32,6,-1,-1,-1,8,1,8
2018010134923,2,9,0,-1,-1,-1,-1,-1,-1,-1,1,-1,6,3,-1,-1,-1,-1,-1,-1,-1,-1
2018010134924,1,5,0,-1,-1,0,-1,-1,-1,-1,-1,1,2,1,28,6,750,1,12,3,1,3
2018010134929,1,9,0,9,0,8,0,0,0,0,1,1,6,1,49,8,1950,2,-1,-1,-1,-1
2018010134929,2,9,0,18,0,8,0,10,0,0,3,1,1,1,59,9,1796,1,13,5,1,5
2018010134931,1,1,-1,-1,-1,-1,-1,-1,-1,-1,1,1,6,1,14,3,-1,-1,-1,4,1,4
2018010134931,2,8,0,-1,0,8,0,-1,0,0,1,-1,6,1,43,7,2987,2,2,8,1,8
2018010134933,1,2,0,18,0,0,0,0,0,0,1,1,2,1,18,4,49,1,10,5,1,5
2018010134933,2,9,0,18,0,0,0,0,0,0,2,1,6,2,57,9,1461,2,9,2,1,2
2018010134938,1,9,0,5,0,0,0,0,0,0,1,1,6,2,56,9,1598,1,11,3,1,3
2018010134942,1,9,0,18,0,8,0,0,0,0,1,1,6,3,-1,-1,-1,-1,-1,-1,-1,-1
2018010134943,1,9,0,18,0,1,0,0,0,0,4,1,6,1,20,4,1364,1,10,9,2,9
2018010134943,2,11,0,18,0,1,0,0,0,0,3,1,1,1,55,8,6700,2,4,5,1,5
2018010134944,1,1,-1,-1,-1,-1,-1,-1,-1,-1,-1,1,6,2,53,8,-1,-1,-1,1,1,1
2018010134944,2,1,-1,-1,-1,-1,-1,-1,-1,-1,1,1,6,3,-1,-1,-1,-1,-1,-1,-1,-1
2018010134945,1,9,0,18,0,0,0,0,7,3,1,1,6,2,79,11,1198,1,9,6,1,6
2018010134949,1,1,-1,-1,-1,-1,-1,-1,-1,-1,1,1,2,2,25,5,-1,-1,-1,5,1,5
2018010134949,2,9,0,-1,-1,-1,-1,-1,-1,-1,1,-1,6,3,54,8,1998,1,13,6,1,6
2018010134951,1,3,0,3,0,1,0,0,7,2,2,1,2,1,39,7,125,1,11,6,1,6
2018010134951,2,8,0,18,0,1,0,0,0,0,1,1,1,1,40,7,1339,8,8,2,1,2
2018010134954,1,3,0,18,0,8,2,0,0,0,1,1,6,1,30,6,108,1,4,6,1,6
2018010134954,2,1,0,9,0,8,2,0,0,0,3,1,6,1,19,4,-1,-1,-1,3,1,3
2018010134959,1,3,0,-1,-1,-1,-1,-1,-1,-1,-1,1,6,1,41,7,108,1,1,6,1,6
2018010134959,2,9,0,-1,-1,-1,-1,-1,-1,-1,1,-1,6,3,-1,-1,-1,-1,-1,-1,-1,-1
2018010134962,1,9,0,10,0,1,0,0,0,0,3,1,6,1,20,4,1461,2,-1,2,1,2
2018010134962,2,4,0,13,0,1,0,0,0,0,4,1,6,1,31,6,124,1,10,3,1,3
2018010134965,1,9,0,4,0,8,0,0,0,0,2,1,6,2,22,5,-1,-1,-1,3,-1,3
2018010134965,2,9,0,18,0,8,0,0,0,0,1,1,6,1,48,8,5461,1,2,-1,-1,-1
2018010134968,1,9,0,18,0,0,0,0,0,0,1,1,6,1,31,6,1598,1,13,1,1,1
2018010134968,2,9,0,4,0,0,0,0,0,0,2,1,6,1,25,5,1995,1,11,5,1,5
2018010134972,1,9,0,9,0,2,0,0,0,0,3,1,2,1,45,7,1596,1,12,2,1,2
2018010134972,2,5,0,18,0,1,2,0,0,0,3,1,2,1,53,8,805,1,6,3,1,3
2018010134973,1,11,0,18,2,2,0,0,0,0,1,1,1,1,34,6,9360,2,7,3,1,3
2018010134974,1,9,0,-1,-1,-1,-1,-1,-1,-1,1,-1,2,1,31,6,1895,1,17,10,1,10
2018010134974,2,20,0,-1,-1,-1,-1,-1,-1,-1,-1,-1,6,3,-1,-1,-1,-1,-1,-1,-1,-1
2018010134977,1,9,0,18,0,8,0,0,0,0,1,1,1,1,40,7,1499,2,1,2,1,2
2018010134977,2,9,0,5,0,2,0,0,7,0,4,1,6,1,21,5,1995,2,11,3,1,3
2018010134978,1,9,0,5,8,3,0,0,0,0,1,1,6,3,-1,-1,-1,-1,-1,-1,-1,-1
2018010134978,2,1,0,18,0,8,0,0,0,0,1,1,6,1,46,8,-1,-1,-1,3,1,3
2018010134979,1,21,1,18,0,0,0,0,0,0,1,1,1,1,20,4,4764,2,6,8,3,8
2018010134979,2,21,4,2,6,0,0,0,1,0,2,1,6,3,-1,-1,12900,2,7,-1,-1,-1
2018010134979,3,9,0,2,0,0,0,0,0,0,1,1,6,3,-1,-1,1995,2,4,-1,-1,-1
2018010134986,1,9,0,18,0,0,0,7,0,0,1,1,1,1,48,8,1596,1,14,3,1,3
2018010134987,1,4,0,18,2,1,0,0,0,0,1,1,6,1,31,6,124,1,8,2,1,2
2018010134987,2,9,0,8,2,5,0,0,0,0,4,1,6,1,46,8,1984,1,-1,9,2,9
2018010134988,1,9,0,7,0,6,0,0,1,0,4,1,2,1,36,7,-1,-1,-1,7,1,7
2018010134988,2,1,0,18,4,1,0,0,1,0,3,1,6,2,36,7,-1,-1,-1,5,1,5
2018010134991,1,9,0,18,0,1,0,0,0,0,1,1,6,2,56,9,993,1,19,2,1,2
2018010134993,1,9,0,11,0,0,0,0,0,0,4,1,6,2,29,6,1206,1,8,8,1,8
2018010134993,2,3,0,18,0,0,0,0,0,0,0,1,2,1,31,6,125,1,3,3,1,3
2018010135000,1,19,0,9,0,5,0,0,0,0,3,1,2,1,51,8,1997,2,-1,6,1,6
2018010135000,2,4,0,14,0,8,0,0,0,0,1,1,2,1,59,9,250,1,3,-1,-1,-1
2018010135005,1,9,0,18,0,0,0,0,0,0,1,1,6,1,34,6,1796,1,15,2,1,2
2018010135005,2,9,0,18,0,0,0,0,0,0,2,-1,6,1,-1,-1,1910,2,10,2,1,2
2018010135012,1,9,0,12,0,0,0,0,0,0,2,1,6,1,54,8,1400,2,12,6,1,6
2018010135012,2,3,0,18,0,0,0,0,0,0,1,1,6,1,41,7,125,1,-1,2,1,2
2018010135016,1,9,0,9,0,0,0,0,0,0,3,1,1,1,26,6,1598,2,5,2,1,2
2018010135016,2,1,0,13,0,0,0,0,0,0,1,1,2,1,42,7,-1,-1,-1,10,1,10
2018010135017,1,9,0,5,0,4,0,0,0,0,4,1,6,2,62,9,999,1,-1,8,1,8
2018010135017,2,9,0,18,9,1,0,0,0,0,1,1,6,2,59,9,1598,1,16,6,1,6
2018010135024,1,9,0,3,0,1,0,0,0,0,1,1,1,1,27,6,-1,-1,-1,6,1,6
2018010135024,2,19,0,1,0,1,0,0,0,0,2,1,1,1,37,7,2143,2,1,9,1,9
2018010135026,1,19,0,18,0,1,0,0,0,0,0,1,1,1,46,8,10518,2,6,5,1,5
2018010135026,2,1,0,4,0,1,0,0,0,0,2,1,2,1,28,6,-1,-1,-1,3,1,3
2018010135027,1,8,0,18,0,1,0,0,0,0,4,1,1,1,46,8,2499,2,9,1,1,1
2018010135031,1,1,-1,18,-1,-1,-1,-1,-1,-1,1,1,2,1,34,6,-1,-1,-1,2,1,2
2018010135031,2,9,-1,7,0,5,0,0,0,0,1,-1,6,1,-1,-1,-1,-1,-1,-1,-1,-1
2018010135033,1,9,0,13,0,0,0,4,1,0,1,2,3,1,45,7,1984,1,13,3,1,3
2018010135033,2,9,0,4,0,0,0,0,0,0,3,2,3,2,23,5,1598,1,5,5,1,5
2018010135033,3,9,0,4,0,0,0,0,0,0,3,2,3,2,39,7,1997,1,10,6,1,6
2018010135037,1,9,0,3,0,0,0,0,0,0,2,1,6,2,41,7,1995,2,7,9,1,9
2018010135037,2,19,0,18,0,0,0,0,0,0,1,1,1,1,30,6,2198,2,3,10,2,10
2018010135039,1,19,0,4,0,0,0,0,0,0,2,1,2,1,37,7,2143,2,5,3,1,3
2018010135039,2,1,0,4,0,0,0,0,0,0,1,1,6,1,53,8,-1,-1,-1,2,1,2
2018010135042,1,9,0,18,0,0,0,0,0,0,1,1,6,1,24,5,1198,1,15,7,1,7
2018010135042,2,9,0,18,0,0,0,0,0,0,1,1,2,1,57,9,1998,1,11,2,1,2
2018010135043,1,19,0,10,0,8,0,0,0,0,1,1,1,1,63,9,2148,2,9,-1,-1,-1
2018010135043,2,1,0,18,0,8,5,0,0,0,1,1,1,1,25,5,-1,-1,-1,3,1,3
2018010135046,1,9,0,18,0,8,0,0,0,0,3,1,6,1,65,9,1797,8,8,2,1,2
2018010135046,2,9,0,9,0,8,0,0,0,0,1,1,6,1,30,6,1591,1,-1,-1,-1,-1
2018010135048,1,19,0,18,0,8,0,0,0,0,1,1,6,1,48,8,1598,2,-1,2,1,2
2018010135048,2,1,0,12,0,8,0,0,0,0,2,1,1,1,38,7,-1,-1,-1,2,1,2
2018010135048,3,19,0,18,0,8,0,0,0,0,1,1,6,1,28,6,1995,2,6,4,1,4
2018010135053,1,9,0,18,0,1,0,0,0,0,1,1,6,2,48,8,-1,-1,-1,-1,-1,-1
2018010135054,1,9,0,5,0,0,0,0,0,0,1,1,6,1,51,8,1798,8,2,7,1,7
2018010135054,2,9,0,2,0,0,0,0,0,0,3,1,6,3,-1,-1,1349,1,5,-1,-1,-1
2018010135057,1,9,0,18,0,4,0,0,0,0,3,1,2,1,36,7,1796,1,12,3,1,3
2018010135057,2,9,0,18,0,8,0,0,0,0,4,1,6,2,31,6,1950,2,2,5,1,5
2018010135058,1,5,0,-1,-1,-1,-1,-1,-1,-1,-1,1,6,1,54,8,599,1,10,3,1,3
2018010135058,2,19,0,-1,-1,-1,-1,-1,-1,-1,-1,-1,6,3,-1,-1,1598,2,2,4,1,4
2018010135062,1,9,0,-1,-1,-1,-1,-1,-1,-1,2,-1,2,1,38,7,2000,2,9,5,1,5
2018010135062,2,90,0,-1,-1,-1,-1,-1,-1,-1,2,-1,6,1,56,9,-1,-1,-1,9,1,9
2018010135063,1,9,0,18,0,1,0,0,0,0,1,1,6,1,36,7,1396,1,18,7,1,7
2018010135064,1,11,0,18,2,0,0,0,0,0,1,1,1,1,44,7,5132,2,2,5,1,5
2018010135064,2,9,0,7,2,0,0,0,0,0,2,1,6,2,29,6,1596,1,13,6,1,6
2018010135066,1,9,0,18,0,1,1,4,0,0,4,1,6,2,28,6,1229,1,2,3,1,3
2018010135066,2,9,0,18,0,1,0,0,0,0,3,1,6,1,56,9,1984,2,7,3,1,3
2018010135067,1,1,-1,-1,-1,-1,-1,-1,-1,-1,1,1,6,2,29,6,-1,-1,-1,4,1,4
2018010135067,2,9,0,-1,-1,-1,-1,-1,-1,-1,1,-1,6,3,-1,-1,-1,-1,-1,-1,-1,-1
2018010135068,1,90,5,18,0,0,0,0,0,0,4,1,2,1,56,9,-1,-1,-1,5,1,5