Accident_Index,Vehicle_Reference,Vehicle_Type,Towing_and_Articulation,Vehicle_Manoeuvre,Vehicle_Location-Restricted_Lane,Junction_Location,Skidding_and_Overturning,Hit_Object_in_Carriageway,Vehicle_Leaving_Carriageway,Hit_Object_off_Carriageway,1st_Point_of_Impact,Was_Vehicle_Left_Hand_Drive?,Journey_Purpose_of_Driver,Sex_of_Driver,Age_of_Driver,Age_Band_of_Driver,Engine_Capacity_(CC),Propulsion_Code,Age_of_Vehicle,Driver_IMD_Decile,Driver_Home_Area_Type,Vehicle_IMD_Decile
2018010135071,1,9,0,18,0,1,0,7,1,1,1,1,6,1,26,6,1598,1,8,1,1,1
2018010135071,2,9,0,9,0,5,0,0,0,0,1,1,6,2,27,6,1248,2,6,1,1,1
2018010135075,1,9,0,-1,0,0,0,0,0,0,-1,-1,6,1,35,6,1560,2,3,4,1,4
2018010135075,2,9,0,-1,0,0,0,0,0,0,-1,-1,6,3,-1,-1,2488,1,13,5,1,5
2018010135086,1,9,0,4,0,1,0,0,0,0,1,1,6,1,71,10,1598,1,13,3,1,3
2018010135087,1,9,0,18,0,8,0,0,0,0,3,1,6,1,68,10,2979,1,15,4,1,4
2018010135087,2,3,0,5,0,8,5,0,0,0,1,1,1,1,40,7,125,1,4,2,1,2
2018010135088,1,9,0,18,0,2,0,0,0,0,1,1,6,1,28,6,2378,1,13,3,1,3
2018010135088,2,3,0,9,0,8,0,0,0,0,4,1,6,1,43,7,108,1,5,3,1,3
2018010135095,1,9,0,3,0,1,0,-1,-1,-1,1,-1,6,2,65,9,2261,1,15,-1,-1,-1
2018010135095,2,9,-1,-1,0,1,-1,-1,-1,-1,-1,-1,6,1,-1,-1,-1,-1,-1,-1,-1,-1
2018010135095,3,9,0,18,-1,1,0,-1,-1,-1,-1,-1,6,1,-1,-1,1796,1,15,-1,-1,-1
2018010135104,1,3,0,11,2,1,0,0,0,0,1,1,6,1,24,5,125,1,-1,2,1,2
2018010135104,2,11,0,11,0,1,0,0,0,0,1,1,1,2,51,8,2402,2,10,2,1,2
2018010135107,1,3,0,18,0,0,0,0,0,0,1,1,1,1,27,6,124,1,4,-1,-1,-1
2018010135107,2,9,0,6,0,0,0,0,0,0,1,1,6,2,58,9,1598,1,3,6,1,6
2018010135109,1,8,0,-1,-1,-1,-1,-1,-1,-1,2,-1,6,1,60,9,1339,8,7,3,1,3
2018010135112,1,9,0,4,0,1,0,0,0,0,3,1,3,2,36,7,1769,1,13,-1,-1,-1
2018010135115,1,9,0,18,0,0,0,0,0,0,4,1,6,2,27,6,4398,1,14,7,1,7
2018010135115,2,9,0,18,0,0,0,0,1,0,2,1,6,1,39,7,1598,2,8,8,1,8
2018010135118,1,19,0,18,0,4,0,0,0,0,1,1,2,1,41,7,2198,2,11,7,1,7
2018010135118,2,1,0,18,0,4,0,0,0,0,2,1,2,1,68,10,-1,-1,-1,5,1,5
2018010135121,1,11,0,18,0,8,0,0,0,0,3,1,6,1,47,8,4461,2,5,5,1,5
2018010135121,2,8,0,10,0,8,0,0,0,0,3,1,6,1,33,6,1798,8,6,3,1,3
2018010135124,1,9,0,-1,-1,-1,-1,-1,-1,-1,2,-1,6,1,35,6,1598,1,12,2,1,2
2018010135124,2,9,0,-1,-1,-1,-1,-1,-1,-1,1,-1,6,3,-1,-1,1968,2,3,8,1,8
2018010135125,1,21,0,12,0,2,0,0,0,0,3,1,1,1,26,6,10837,2,-1,4,1,4
2018010135125,2,1,0,18,0,2,0,0,0,0,4,1,4,1,13,3,-1,-1,-1,1,1,1
2018010135127,1,11,0,18,0,2,0,0,0,0,1,1,1,1,61,9,4500,2,8,2,1,2
2018010135127,2,1,0,18,0,2,0,0,0,0,2,1,2,2,56,9,-1,-1,-1,6,1,6
2018010135132,1,9,0,18,0,1,0,0,0,0,4,1,6,2,80,11,-1,-1,-1,5,1,5
2018010135133,1,19,0,5,0,1,0,0,0,0,3,2,6,1,35,6,1598,2,2,3,1,3
2018010135133,2,1,0,16,0,1,0,0,0,0,1,1,2,2,59,9,-1,-1,-1,9,1,9
2018010135137,1,19,0,9,0,1,0,10,0,0,2,1,1,1,37,7,2402,2,10,4,1,4
2018010135137,2,3,0,13,0,1,1,4,0,0,1,1,6,1,19,4,124,1,4,1,1,1
2018010135139,1,21,0,8,0,1,0,0,0,0,4,1,1,1,38,7,12419,2,1,5,1,5
2018010135139,2,11,0,15,2,7,0,0,0,0,1,1,1,1,56,9,5132,2,-1,1,1,1
2018010135142,1,19,0,4,0,0,0,0,0,0,2,1,1,1,39,7,1968,2,1,4,1,4
2018010135142,2,9,0,4,0,0,0,0,0,0,1,1,2,1,24,5,1997,2,9,5,1,5
2018010135142,3,8,0,4,0,0,0,0,0,0,2,1,1,1,54,8,2499,2,4,7,1,7
2018010135142,4,9,0,4,0,0,0,0,1,0,2,1,6,1,42,7,1497,8,10,4,1,4
2018010135144,1,1,-1,-1,-1,-1,-1,-1,-1,-1,1,1,2,2,41,7,-1,-1,-1,5,1,5
2018010135144,2,9,0,-1,-1,-1,-1,-1,-1,-1,1,-1,6,3,-1,-1,-1,-1,-1,-1,-1,-1
2018010135148,1,19,0,-1,-1,0,-1,-1,-1,-1,1,-1,6,3,-1,-1,-1,-1,-1,-1,-1,-1
2018010135149,1,1,-1,-1,-1,-1,-1,-1,-1,-1,1,1,1,2,29,6,-1,-1,-1,4,1,4
2018010135149,2,9,0,5,0,1,0,0,0,0,1,1,6,2,47,8,1395,1,-1,3,1,3
2018010135152,1,1,-1,-1,-1,-1,-1,-1,-1,-1,-1,1,2,1,24,5,-1,-1,-1,8,1,8
2018010135152,2,9,0,18,-1,-1,-1,-1,-1,-1,1,-1,6,3,-1,-1,1998,1,1,-1,-1,-1
2018010135157,1,11,0,3,0,0,0,0,0,0,0,1,1,1,49,8,5132,2,1,4,1,4
2018010135159,1,9,0,-1,-1,-1,-1,-1,-1,-1,1,-1,6,2,25,5,999,1,2,2,1,2
2018010135159,2,90,0,-1,-1,-1,-1,-1,-1,-1,2,-1,6,3,-1,-1,-1,-1,-1,-1,-1,-1
2018010135160,1,9,0,9,0,8,0,0,0,0,4,1,6,1,59,9,2777,2,10,1,1,1
2018010135160,2,5,0,15,0,1,0,0,0,0,1,1,6,1,32,6,1050,1,7,7,1,7
2018010135161,1,5,0,-1,-1,-1,-1,-1,-1,-1,-1,1,2,1,55,8,803,1,1,10,1,10
2018010135161,2,9,0,-1,-1,-1,-1,-1,-1,-1,-1,-1,6,3,-1,-1,-1,-1,-1,-1,-1,-1
2018010135161,3,90,0,-1,-1,-1,-1,-1,-1,-1,1,-1,6,3,-1,-1,-1,-1,-1,-1,-1,-1
2018010135164,1,11,0,5,0,1,0,0,0,0,0,1,1,1,27,6,4500,2,2,2,1,2
2018010135165,1,8,0,4,0,1,0,0,0,0,2,1,6,1,33,6,1685,2,3,2,1,2
2018010135165,2,9,0,18,0,1,0,0,0,0,1,1,2,1,38,7,1686,2,6,3,1,3
2018010135166,1,9,0,-1,-1,-1,-1,-1,-1,-1,-1,-1,6,2,32,6,2143,2,3,6,1,6
2018010135166,2,9,-1,-1,-1,-1,-1,-1,-1,-1,-1,-1,6,2,21,5,1598,2,3,2,1,2
2018010135167,1,9,0,9,0,5,0,0,0,0,1,1,6,1,37,7,2300,1,18,5,1,5
2018010135167,2,1,0,18,4,8,5,0,0,0,1,1,6,1,35,6,-1,-1,-1,8,1,8
2018010135170,1,3,0,4,0,0,0,8,0,0,1,1,1,1,44,7,125,1,2,3,1,3
2018010135170,2,9,0,2,6,0,0,0,0,0,4,1,6,3,-1,-1,-1,-1,-1,-1,-1,-1
2018010135171,1,19,0,10,0,8,0,0,0,0,3,1,1,1,30,6,1598,2,4,2,1,2
2018010135171,2,3,0,18,0,2,0,0,0,0,1,1,6,1,31,6,124,1,3,3,1,3
2018010135173,1,9,0,18,0,0,0,0,0,0,4,1,6,1,36,7,1997,2,6,4,1,4
2018010135175,1,9,0,4,0,1,0,0,0,0,1,1,2,2,19,4,1229,1,1,5,1,5
2018010135175,2,9,0,3,0,1,0,0,0,0,2,1,2,2,34,6,999,1,7,6,1,6
2018010135176,1,1,0,18,0,8,0,0,0,0,-1,1,2,1,39,7,-1,-1,-1,3,1,3
2018010135176,2,9,0,7,0,8,0,0,0,0,3,1,6,3,-1,-1,1596,1,14,2,1,2
2018010135182,1,9,0,16,0,1,0,0,0,0,0,1,6,1,75,10,2143,2,2,5,1,5
2018010135183,1,9,0,18,0,0,0,0,0,0,1,1,6,2,41,7,1461,2,9,2,1,2
2018010135183,2,9,0,2,0,0,0,0,0,0,1,1,6,3,-1,-1,1499,1,1,-1,-1,-1
2018010135184,1,5,0,13,0,1,0,0,0,0,1,1,2,1,31,6,-1,-1,-1,5,1,5
2018010135184,2,9,0,9,0,5,0,0,0,0,3,1,2,2,60,9,2000,2,13,7,1,7
2018010135187,1,9,0,9,0,5,0,0,0,0,1,1,6,1,43,7,1796,1,7,5,1,5
2018010135187,2,2,0,15,0,1,5,0,0,0,3,1,6,1,21,5,49,1,12,2,1,2
2018010135190,1,8,0,-1,-1,-1,-1,-1,-1,-1,1,-1,6,1,43,7,1798,8,6,2,1,2
2018010135190,2,9,0,-1,-1,-1,-1,-1,-1,-1,1,-1,6,3,-1,-1,1968,2,2,-1,-1,-1
2018010135191,1,4,0,13,0,2,0,0,0,0,4,1,6,1,44,7,125,1,10,3,1,3
2018010135191,2,9,0,8,0,2,0,0,0,0,3,1,6,1,40,7,1984,1,10,8,1,8
2018010135193,1,9,0,9,0,1,0,0,0,0,4,1,6,1,59,9,1781,1,17,4,1,4
2018010135193,2,3,0,18,0,8,0,0,0,0,1,1,2,1,22,5,124,1,9,3,1,3
2018010135198,1,3,0,15,0,2,2,0,0,0,0,1,6,1,25,5,125,1,-1,4,1,4
2018010135200,1,9,0,9,0,1,0,0,0,0,1,1,6,3,-1,-1,1229,1,5,-1,-1,-1
2018010135200,2,1,0,10,0,1,5,0,0,0,1,1,6,2,30,6,-1,-1,-1,2,1,2
2018010135201,1,3,0,3,0,1,0,8,0,0,1,1,1,1,27,6,108,1,9,3,1,3
2018010135201,2,8,0,3,0,1,0,0,0,0,1,1,6,3,-1,-1,1560,2,7,-1,-1,-1
2018010135201,3,19,0,18,6,1,0,0,0,0,4,1,1,1,35,6,-1,-1,-1,1,1,1
2018010135204,1,2,0,5,0,4,0,0,0,0,2,1,6,1,36,7,124,1,12,4,1,4
2018010135204,2,9,0,5,0,4,0,0,0,0,1,1,6,2,43,7,995,1,9,4,1,4
2018010135206,1,9,0,18,2,0,0,0,0,0,1,1,2,1,69,10,1498,1,1,10,1,10
2018010135207,1,9,0,9,0,5,0,0,0,0,0,1,6,1,25,5,1995,2,4,7,1,7
2018010135207,2,3,0,9,0,1,0,0,0,0,0,1,1,1,34,6,108,1,3,1,1,1
2018010135209,1,9,0,4,0,1,0,0,0,0,2,-1,6,1,54,8,2987,2,5,3,1,3
2018010135209,2,9,0,-1,0,1,0,0,0,0,1,-1,6,2,-1,-1,1796,1,9,6,1,6
2018010135213,1,9,-1,7,-1,-1,-1,-1,-1,-1,-1,-1,6,3,-1,-1,-1,-1,-1,-1,-1,-1
2018010135213,2,1,-1,18,-1,-1,5,-1,-1,-1,-1,1,6,1,-1,-1,-1,-1,-1,1,1,1
2018010135215,1,9,0,9,0,8,0,0,0,0,1,1,1,1,27,6,-1,-1,-1,2,1,2
2018010135215,2,3,0,18,0,1,0,0,0,0,1,1,6,2,36,7,125,1,10,5,1,5
2018010135229,1,3,0,-1,-1,-1,-1,-1,-1,-1,1,1,6,2,32,6,125,1,2,3,1,3
2018010135229,2,20,-1,-1,-1,-1,-1,-1,-1,-1,1,-1,6,3,-1,-1,-1,-1,-1,-1,-1,-1
2018010135233,1,5,0,4,0,0,0,0,0,0,1,1,2,1,25,5,781,1,16,10,1,10
2018010135233,2,9,0,18,0,0,0,0,0,0,1,1,3,2,44,7,1968,2,1,7,1,7
2018010135235,1,1,0,18,0,0,0,0,1,10,0,1,6,1,45,7,-1,-1,-1,9,1,9
2018010135235,2,11,0,18,0,0,0,0,0,0,0,1,1,1,55,8,9360,2,8,4,1,4
2018010135236,1,9,0,-1,0,1,0,0,0,0,1,-1,6,2,82,11,1318,1,2,1,1,1
2018010135236,2,9,0,1,0,1,0,0,0,0,2,-1,6,1,27,6,2143,2,5,5,1,5
2018010135239,1,9,0,-1,0,1,0,0,0,0,3,-1,6,1,58,9,1896,2,15,1,1,1
2018010135239,2,9,0,-1,0,1,0,0,0,0,-1,-1,6,3,-1,-1,1798,8,5,-1,-1,-1
2018010135246,1,11,0,18,0,0,0,0,0,0,0,1,6,1,54,8,-1,-1,-1,3,1,3
2018010135251,1,9,-1,3,0,-1,0,-1,-1,0,-1,-1,2,1,48,8,1998,8,1,7,1,7
2018010135251,2,9,-1,18,-1,-1,-1,0,0,0,1,-1,6,3,-1,-1,1995,2,3,-1,-1,-1
2018010135257,1,9,0,-1,-1,-1,-1,-1,-1,-1,-1,-1,6,1,25,5,2979,1,7,6,3,6
2018010135257,2,9,0,-1,-1,-1,-1,-1,-1,-1,-1,-1,6,3,-1,-1,1200,1,-1,-1,-1,-1
2018010135259,1,9,0,-1,-1,-1,-1,-1,-1,-1,4,-1,6,2,18,4,1499,1,-1,8,2,8
2018010135259,2,9,0,-1,-1,-1,-1,-1,-1,-1,1,-1,6,3,-1,-1,1999,1,16,-1,-1,-1
2018010135261,1,11,0,18,0,1,0,-1,0,0,-1,-1,6,3,-1,-1,-1,-1,-1,-1,-1,-1
2018010135264,1,9,0,16,0,1,0,0,0,0,3,1,2,1,56,9,2967,2,1,1,1,1
2018010135268,1,9,0,18,0,4,0,0,0,0,1,1,6,1,78,11,1339,1,8,10,1,10
2018010135268,2,9,0,18,0,4,0,0,0,0,4,1,6,2,36,7,1591,1,7,4,1,4
2018010135270,1,3,0,18,0,1,0,0,0,0,3,1,6,1,18,4,125,1,3,3,1,3
2018010135270,2,9,0,9,0,1,0,0,0,0,3,1,6,2,21,5,1240,1,10,4,1,4
2018010135273,1,11,0,18,0,1,0,0,0,0,1,1,1,1,39,7,5132,2,-1,8,1,8
2018010135275,1,9,0,-1,-1,-1,-1,-1,-1,-1,3,-1,6,1,25,5,998,1,8,2,1,2
2018010135275,2,9,-1,-1,-1,-1,-1,-1,-1,-1,1,-1,6,3,-1,-1,1498,1,-1,-1,-1,-1
2018010135277,1,9,0,9,0,5,0,0,0,0,1,1,3,1,63,9,1598,1,17,4,1,4
2018010135277,2,1,5,7,0,5,5,0,7,10,1,1,6,1,44,7,-1,-1,-1,7,1,7
2018010135278,1,3,0,4,0,1,0,0,0,0,2,1,6,2,53,8,124,1,7,6,1,6
2018010135278,2,9,0,18,0,1,0,0,0,0,1,1,6,1,33,6,1299,1,15,2,1,2
2018010135281,1,9,0,18,0,0,0,0,0,0,3,1,6,2,43,7,-1,-1,-1,8,1,8
2018010135281,2,19,0,-1,0,0,0,0,0,0,3,1,6,1,48,8,2198,2,3,7,1,7
2018010135286,1,9,0,9,0,2,0,0,0,0,1,1,6,1,78,11,1389,1,24,2,1,2
2018010135287,1,11,0,4,0,0,0,0,0,0,0,1,1,1,46,8,7300,2,16,2,1,2
2018010135289,1,9,0,11,0,1,0,7,1,7,1,1,6,2,47,8,1956,2,9,2,1,2
2018010135304,1,3,0,18,0,8,1,0,0,0,1,1,6,1,38,7,124,1,2,2,1,2
2018010135304,2,9,0,9,0,8,0,0,0,0,3,1,6,1,70,10,1499,2,2,-1,-1,-1
2018010135305,1,19,0,7,0,0,0,0,0,0,4,1,1,1,59,9,2198,2,3,8,1,8
2018010135305,2,1,0,18,0,0,0,0,0,0,4,1,6,2,28,6,-1,-1,-1,-1,-1,-1
2018010135305,3,1,0,18,0,0,0,0,0,0,4,1,6,1,-1,-1,-1,-1,-1,5,1,5
2018010135307,1,11,0,5,0,1,0,0,0,0,0,1,1,1,32,6,5132,2,1,3,1,3
2018010135308,1,9,0,9,0,1,0,0,0,0,1,1,1,1,61,9,1596,1,17,-1,-1,-1
2018010135308,2,1,0,18,0,1,0,0,0,0,1,1,6,1,-1,-1,-1,-1,-1,3,1,3
2018010135309,1,9,0,18,0,4,0,0,0,0,1,1,3,2,51,8,1995,2,4,4,1,4
2018010135309,2,11,0,18,0,4,0,0,0,0,4,2,6,1,49,8,-1,-1,-1,-1,-1,-1
2018010135310,1,19,0,18,9,1,0,0,0,0,1,1,6,1,-1,-1,-1,-1,-1,-1,-1,-1
2018010135314,1,9,0,10,0,5,0,0,0,0,2,1,1,1,38,7,1998,8,-1,7,1,7
2018010135314,2,4,0,18,0,1,0,0,0,0,1,1,6,1,24,5,124,1,3,4,1,4
2018010135317,1,9,0,4,0,1,0,0,0,0,1,1,1,1,48,8,1968,2,2,-1,-1,-1
2018010135320,1,1,-1,-1,-1,0,-1,-1,-1,-1,2,1,6,1,56,9,-1,-1,-1,9,1,9
2018010135320,2,9,0,-1,-1,0,-1,-1,-1,-1,1,-1,6,2,27,6,1395,1,1,2,1,2
2018010135324,1,9,-1,-1,-1,-1,-1,-1,-1,-1,-1,-1,6,2,48,8,1299,1,18,1,1,1
2018010135324,2,9,-1,-1,-1,-1,-1,-1,-1,-1,-1,-1,6,1,-1,-1,1968,2,1,8,1,8
2018010135335,1,4,0,-1,-1,0,-1,-1,-1,-1,-1,1,6,1,36,7,125,1,-1,5,1,5
2018010135335,2,9,-1,-1,-1,0,-1,-1,-1,-1,-1,1,6,2,-1,-1,1995,2,4,2,1,2
2018010135337,1,9,-1,-1,-1,-1,-1,-1,-1,-1,-1,-1,6,1,24,5,1390,1,7,3,1,3
2018010135337,2,9,-1,-1,-1,-1,-1,-1,-1,-1,-1,-1,6,1,-1,-1,1596,1,13,-1,-1,-1
2018010135339,1,9,0,18,0,1,0,7,0,0,1,1,6,1,-1,-1,998,1,3,-1,-1,-1
2018010135348,1,9,0,7,0,2,0,0,0,0,3,1,6,2,55,8,1298,1,15,8,1,8
2018010135350,1,4,0,4,0,1,0,0,0,0,1,1,6,1,30,6,125,1,1,6,1,6
2018010135354,1,1,-1,-1,-1,-1,-1,-1,-1,-1,-1,1,2,1,41,7,-1,-1,-1,3,1,3
2018010135354,2,19,0,-1,-1,-1,-1,-1,-1,-1,-1,-1,6,3,22,5,-1,-1,-1,9,1,9
2018010135357,1,9,0,7,0,5,0,0,0,0,3,1,3,1,38,7,-1,-1,-1,6,1,6
2018010135358,1,1,-1,-1,-1,0,-1,-1,-1,-1,0,1,6,2,43,7,-1,-1,-1,7,1,7
2018010135358,2,9,-1,-1,-1,0,-1,-1,-1,-1,-1,-1,6,3,-1,-1,-1,-1,-1,-1,-1,-1
2018010135364,1,9,0,9,0,1,0,0,0,0,4,1,6,2,22,5,1598,1,13,5,1,5
2018010135364,2,1,0,18,4,1,0,0,0,0,1,1,6,1,46,8,-1,-1,-1,7,1,7
2018010135365,1,9,0,5,0,1,0,0,0,0,1,1,3,1,41,7,1798,8,6,2,1,2
2018010135366,1,9,0,-1,-1,-1,-1,-1,-1,-1,3,-1,2,2,53,8,1598,1,6,6,1,6
2018010135366,2,9,-1,-1,-1,-1,-1,-1,-1,-1,-1,-1,6,3,-1,-1,-1,-1,-1,-1,-1,-1
2018010135367,1,5,0,-1,-1,0,-1,-1,-1,-1,-1,1,2,1,34,6,1170,1,2,6,1,6
2018010135367,2,9,0,-1,-1,0,-1,-1,-1,-1,-1,-1,6,3,-1,-1,-1,-1,-1,-1,-1,-1
2018010135368,1,9,0,3,0,0,0,0,0,0,2,1,1,1,41,7,1797,8,8,-1,-1,-1
2018010135368,2,9,0,4,0,0,0,0,0,0,2,1,1,1,44,7,1798,8,3,2,1,2
2018010135368,3,9,0,18,0,0,0,0,0,0,1,1,6,1,30,6,1386,1,11,5,1,5
2018010135370,1,9,0,16,0,8,0,0,0,0,1,1,6,2,23,5,1796,2,5,5,1,5
2018010135371,1,1,-1,-1,-1,-1,-1,-1,-1,-1,-1,1,2,1,45,7,-1,-1,-1,7,1,7
2018010135371,2,20,0,-1,-1,8,-1,-1,-1,-1,1,-1,6,3,-1,-1,-1,-1,-1,3,1,3
2018010135372,1,19,0,18,0,8,0,0,0,0,3,1,6,1,71,10,1753,2,13,7,1,7
2018010135372,2,19,0,18,0,8,0,0,0,0,4,1,6,1,48,8,-1,-1,-1,7,1,7
2018010135373,1,9,0,-1,-1,-1,-1,-1,-1,-1,2,-1,6,2,-1,-1,2143,2,-1,10,1,10
2018010135373,2,9,0,-1,-1,-1,-1,-1,-1,-1,1,-1,6,3,-1,-1,-1,-1,-1,-1,-1,-1
2018010135377,1,9,0,7,0,6,0,0,0,0,1,1,6,1,29,6,1595,1,6,3,1,3
2018010135377,2,9,0,18,0,1,0,0,0,0,1,1,3,1,42,7,1360,1,13,3,1,3
2018010135382,1,1,-1,-1,-1,-1,-1,-1,-1,-1,-1,1,6,2,62,9,-1,-1,-1,5,1,5
2018010135382,2,90,0,-1,-1,-1,-1,-1,-1,-1,0,-1,6,3,-1,-1,-1,-1,-1,-1,-1,-1
2018010135383,1,9,-1,18,9,-1,0,0,0,0,3,-1,6,3,-1,-1,-1,-1,-1,-1,-1,-1
2018010135383,2,1,0,18,9,-1,-1,0,0,0,1,1,6,1,15,3,-1,-1,-1,4,1,4
2018010135384,1,9,0,18,0,1,0,0,0,0,4,1,6,1,23,5,1461,2,4,-1,-1,-1
2018010135387,1,9,0,18,0,0,1,0,1,7,4,1,6,1,30,6,1598,2,1,7,1,7
2018010135387,2,21,1,12,0,0,0,0,0,0,3,2,1,1,47,8,-1,-1,-1,-1,-1,-1
2018010135388,1,9,0,18,0,2,0,7,7,0,1,1,6,1,64,9,1595,1,16,2,1,2
2018010135391,1,1,-1,-1,-1,-1,-1,-1,-1,-1,-1,1,6,1,56,9,-1,-1,-1,6,1,6
2018010135391,2,9,0,-1,-1,-1,-1,-1,-1,-1,1,-1,6,3,78,11,996,1,9,6,1,6
2018010135393,1,9,0,18,0,3,0,0,0,0,1,1,1,1,44,7,1598,1,11,3,1,3
2018010135394,1,1,0,18,0,1,0,8,0,0,1,1,6,1,26,6,-1,-1,-1,4,1,4
2018010135394,2,9,0,2,0,1,0,0,0,0,3,1,6,3,-1,-1,-1,-1,-1,-1,-1,-1
2018010135396,1,9,-1,-1,-1,-1,-1,-1,-1,-1,2,-1,2,2,39,7,1598,1,2,1,1,1
2018010135396,2,9,0,-1,-1,-1,-1,-1,-1,-1,2,1,6,1,-1,-1,-1,-1,-1,-1,-1,-1
2018010135404,1,1,-1,-1,-1,-1,-1,-1,-1,-1,-1,1,2,1,40,7,-1,-1,-1,6,1,6
2018010135404,2,11,0,-1,-1,-1,-1,-1,-1,-1,-1,-1,6,1,68,10,4580,2,2,9,1,9
2018010135406,1,9,0,18,0,2,0,0,0,0,1,1,6,2,49,8,1999,1,10,8,1,8
2018010135408,1,9,0,18,0,0,0,0,0,0,0,1,6,1,45,7,998,1,19,3,1,3
2018010135411,1,9,0,3,0,0,0,0,0,0,2,1,2,2,57,9,1998,1,15,3,1,3
2018010135411,2,9,0,18,0,0,0,0,0,0,1,1,6,2,20,4,1149,1,7,5,1,5
2018010135417,1,19,0,11,2,1,0,0,0,0,4,1,2,1,32,6,1560,2,2,6,3,6
2018010135417,2,3,0,18,2,2,5,0,1,0,1,1,6,1,48,8,125,1,3,3,1,3
2018010135418,1,4,0,18,0,1,0,0,0,0,1,1,6,1,45,7,399,1,1,8,1,8
2018010135418,2,9,0,10,0,1,0,0,0,0,1,1,6,2,74,10,1999,2,1,-1,-1,-1
2018010135419,1,9,0,9,0,2,0,0,0,0,3,1,2,1,46,8,-1,-1,-1,4,1,4
2018010135419,2,5,0,18,0,2,0,0,0,0,1,1,6,1,23,5,636,1,16,-1,-1,-1
2018010135422,1,9,0,18,0,0,0,0,0,0,3,1,6,2,32,6,1363,2,14,5,1,5
2018010135422,2,8,0,18,0,0,0,0,0,0,3,1,6,1,54,8,1797,8,9,1,1,1
2018010135426,1,9,0,18,0,1,0,0,0,0,2,1,6,1,24,5,1999,2,1,9,1,9
2018010135426,2,5,0,17,0,1,0,0,0,0,1,1,6,1,59,9,1130,1,13,6,1,6
2018010135429,1,1,-1,-1,-1,-1,-1,-1,-1,-1,-1,1,2,1,38,7,-1,-1,-1,3,1,3
2018010135429,2,9,0,-1,-1,-1,-1,-1,-1,-1,2,-1,6,1,37,7,2295,1,17,1,1,1
2018010135431,1,11,0,9,0,6,0,0,0,0,0,1,1,1,38,7,6700,2,7,8,1,8
2018010135432,1,9,0,-1,-1,-1,-1,-1,-1,-1,1,-1,6,1,26,6,1796,1,11,6,1,6
2018010135432,2,9,0,-1,-1,-1,-1,-1,-1,-1,1,-1,6,3,33,6,1560,2,11,10,1,10
2018010135434,1,9,0,-1,-1,0,-1,-1,-1,-1,-1,-1,6,2,35,6,1968,2,1,6,1,6
2018010135436,1,3,0,17,0,0,1,4,0,0,1,1,1,1,19,4,108,1,-1,3,1,3
2018010135436,2,9,0,2,0,0,0,0,0,0,2,1,6,3,-1,-1,1598,1,11,-1,-1,-1
2018010135436,3,9,0,2,0,0,0,0,0,0,4,1,6,3,-1,-1,2143,2,4,-1,-1,-1
2018010135437,1,1,0,18,0,2,0,0,0,0,4,1,6,2,45,7,-1,-1,-1,-1,-1,-1
2018010135437,2,9,0,18,0,2,0,0,0,0,3,1,6,3,-1,-1,-1,-1,-1,-1,-1,-1
2018010135438,1,9,0,6,0,1,0,0,0,0,4,2,6,1,29,6,1586,1,-1,1,1,1
2018010135438,2,3,0,15,0,1,0,0,0,0,1,1,6,1,25,5,124,1,6,2,1,2
2018010135440,1,9,0,3,2,0,0,0,0,0,2,1,6,1,23,5,1995,2,4,3,1,3
2018010135440,2,9,0,18,0,0,0,0,0,0,1,1,1,1,32,6,-1,-1,-1,5,1,5
2018010135443,1,1,-1,-1,-1,-1,-1,-1,-1,-1,1,1,2,1,32,6,-1,-1,-1,4,1,4
2018010135443,2,19,0,-1,-1,-1,-1,-1,-1,-1,-1,-1,6,3,-1,-1,2198,2,5,-1,-1,-1
2018010135449,1,9,0,9,0,6,0,0,0,0,1,1,6,1,33,6,1997,2,6,9,1,9
2018010135449,2,9,0,18,0,8,0,0,0,0,4,1,6,1,29,6,1598,1,11,4,1,4
2018010135450,1,19,0,17,0,1,0,0,1,0,1,2,2,1,28,6,1560,2,-1,9,1,9
2018010135450,2,1,0,9,0,1,0,0,0,0,3,1,6,1,11,3,-1,-1,-1,1,1,1
2018010135451,1,3,0,18,0,8,0,0,0,0,1,1,6,1,17,4,124,1,8,1,1,1
2018010135451,2,9,0,9,0,8,0,0,0,0,1,1,6,2,45,7,1598,1,10,2,1,2
2018010135452,1,9,0,18,0,1,0,0,0,0,4,2,6,1,28,6,1968,2,4,3,1,3
2018010135452,2,5,0,12,0,1,0,0,0,0,3,1,6,1,31,6,1170,1,-1,7,1,7
2018010135461,1,8,0,-1,-1,-1,-1,-1,-1,-1,4,-1,6,1,31,6,1798,8,6,2,1,2
2018010135462,1,19,0,-1,-1,-1,-1,-1,-1,-1,-1,-1,6,1,29,6,1560,2,4,9,1,9
2018010135462,2,9,0,-1,-1,-1,-1,-1,-1,-1,-1,-1,6,1,-1,-1,1998,1,20,-1,-1,-1
2018010135465,1,1,-1,-1,-1,-1,-1,-1,-1,-1,-1,1,2,1,25,5,-1,-1,-1,7,1,7
2018010135465,2,9,0,-1,-1,-1,-1,-1,-1,-1,1,-1,6,3,-1,-1,-1,-1,-1,-1,-1,-1
2018010135466,1,9,0,10,0,1,0,0,0,0,2,1,6,1,33,6,2987,2,8,4,1,4
2018010135466,2,9,0,18,0,1,0,0,0,0,1,1,6,1,33,6,1299,1,10,3,1,3
2018010135469,1,2,0,13,0,2,2,7,0,0,1,1,2,1,41,7,-1,-1,-1,3,1,3
2018010135473,1,9,0,18,0,1,0,0,0,0,1,1,6,2,36,7,1398,2,5,7,1,7
2018010135473,2,8,0,3,0,1,0,0,0,0,2,1,1,1,40,7,1560,2,2,3,1,3