Accident_Index,Vehicle_Reference,Vehicle_Type,Towing_and_Articulation,Vehicle_Manoeuvre,Vehicle_Location-Restricted_Lane,Junction_Location,Skidding_and_Overturning,Hit_Object_in_Carriageway,Vehicle_Leaving_Carriageway,Hit_Object_off_Carriageway,1st_Point_of_Impact,Was_Vehicle_Left_Hand_Drive?,Journey_Purpose_of_Driver,Sex_of_Driver,Age_of_Driver,Age_Band_of_Driver,Engine_Capacity_(CC),Propulsion_Code,Age_of_Vehicle,Driver_IMD_Decile,Driver_Home_Area_Type,Vehicle_IMD_Decile
2018010135477,1,9,0,18,0,1,0,0,0,0,1,1,6,3,-1,-1,-1,-1,-1,-1,-1,-1
2018010135479,1,19,0,-1,-1,-1,-1,-1,-1,-1,2,1,6,1,31,6,1499,2,1,5,1,5
2018010135479,2,9,0,-1,-1,-1,-1,-1,-1,-1,1,1,6,3,-1,-1,2143,2,3,-1,-1,-1
2018010135481,1,21,0,10,0,1,0,0,0,0,2,1,1,1,44,7,4485,2,2,3,1,3
2018010135481,2,9,0,10,0,1,0,0,0,0,2,1,6,1,32,6,1124,1,14,1,1,1
2018010135481,3,9,0,10,0,1,0,0,0,0,0,1,1,1,41,7,1798,8,-1,1,1,1
2018010135483,1,9,0,5,0,1,0,4,0,0,1,1,6,2,64,9,1390,1,16,5,1,5
2018010135483,2,9,0,2,0,1,0,0,0,0,1,1,6,3,-1,-1,2993,2,7,-1,-1,-1
2018010135483,3,9,0,2,0,1,0,0,0,0,1,1,6,3,-1,-1,1461,2,13,-1,-1,-1
2018010135495,1,11,0,4,0,0,0,0,0,0,0,1,1,1,52,8,4500,2,1,7,3,7
2018010135497,1,11,-1,18,-1,0,-1,-1,-1,-1,-1,1,6,3,-1,-1,4500,2,1,-1,-1,-1
2018010135504,1,1,0,13,0,1,0,0,3,0,1,1,6,1,-1,-1,-1,-1,-1,-1,-1,-1
2018010135505,1,9,0,6,0,2,0,0,0,0,3,2,6,1,58,9,1586,1,6,1,1,1
2018010135505,2,1,0,14,0,2,0,0,0,0,1,1,2,1,27,6,-1,-1,-1,3,1,3
2018010135506,1,9,0,-1,-1,-1,-1,-1,-1,-1,2,-1,2,1,53,8,1910,2,7,5,1,5
2018010135506,2,9,0,-1,-1,-1,-1,-1,-1,-1,1,-1,6,3,28,6,-1,-1,-1,-1,-1,-1
2018010135506,3,9,0,-1,-1,-1,-1,-1,-1,-1,2,-1,6,3,28,6,1364,2,2,-1,-1,-1
2018010135510,1,9,-1,-1,-1,-1,-1,-1,-1,-1,-1,-1,6,3,-1,-1,-1,-1,-1,-1,-1,-1
2018010135512,1,20,-1,-1,-1,0,-1,-1,-1,-1,2,-1,6,1,30,6,-1,-1,-1,3,1,3
2018010135515,1,9,0,17,0,2,0,0,0,0,1,1,6,2,21,5,1229,1,8,7,1,7
2018010135515,2,4,0,14,0,2,0,0,0,0,1,1,6,1,30,6,125,1,3,5,1,5
2018010135524,1,9,0,-1,-1,-1,0,0,0,0,2,-1,6,1,42,7,1496,2,1,2,1,2
2018010135530,1,11,0,4,0,2,0,0,0,0,1,1,1,1,27,6,6692,2,5,3,1,3
2018010135536,1,1,0,14,0,1,0,0,0,0,3,1,6,1,30,6,-1,-1,-1,1,1,1
2018010135537,1,1,-1,-1,-1,-1,-1,-1,-1,-1,-1,1,6,1,36,7,-1,-1,-1,1,1,1
2018010135537,2,9,0,-1,-1,-1,-1,-1,-1,-1,-1,-1,6,3,48,8,-1,-1,-1,3,1,3
2018010135538,1,9,0,-1,-1,-1,-1,-1,-1,-1,2,-1,6,2,36,7,1997,1,11,7,1,7
2018010135539,1,1,-1,-1,-1,-1,-1,-1,-1,-1,-1,1,2,1,55,8,-1,-1,-1,6,1,6
2018010135539,2,19,0,-1,-1,-1,-1,-1,-1,-1,1,-1,6,3,-1,-1,2143,2,1,-1,-1,-1
2018010135540,1,1,-1,-1,-1,-1,-1,-1,-1,-1,-1,1,2,1,23,5,-1,-1,-1,3,1,3
2018010135540,2,8,0,-1,-1,-1,-1,-1,-1,-1,1,-1,6,3,57,9,1997,2,1,2,1,2
2018010135548,1,9,0,4,0,0,0,0,0,0,2,1,6,1,26,6,1995,2,-1,-1,-1,-1
2018010135548,2,9,0,18,0,0,0,10,1,0,2,1,6,2,51,8,1598,1,13,5,1,5
2018010135548,3,9,0,4,0,0,0,0,0,0,3,1,4,2,34,6,1587,1,12,7,1,7
2018010135548,4,9,0,18,0,0,0,0,0,0,0,1,1,1,45,7,1997,2,4,4,1,4
2018010135548,5,9,3,3,0,0,0,0,0,0,2,2,6,1,18,4,1242,1,12,1,1,1
2018010135551,1,9,0,7,0,5,0,0,0,0,1,1,1,1,36,7,1395,8,-1,7,1,7
2018010135551,2,3,0,18,0,8,0,0,0,0,1,1,1,1,40,7,125,1,8,2,1,2
2018010135552,1,3,0,18,0,8,5,-1,0,0,4,1,6,1,19,4,124,1,3,4,2,4
2018010135552,2,9,0,9,0,8,-1,0,-1,0,1,-1,6,1,28,6,1596,1,8,6,1,6
2018010135554,1,19,0,9,0,6,0,0,0,0,1,1,1,1,35,6,-1,-1,-1,7,3,7
2018010135554,2,9,0,18,0,1,0,0,0,0,1,1,2,1,45,7,1796,1,15,5,1,5
2018010135556,1,9,-1,-1,-1,2,-1,-1,-1,-1,-1,-1,6,2,45,7,1769,1,12,3,1,3
2018010135556,2,9,-1,-1,-1,2,-1,-1,-1,-1,-1,-1,6,1,-1,-1,1598,1,16,-1,-1,-1
2018010135562,1,9,0,9,0,1,0,0,0,0,3,1,6,1,27,6,1360,1,12,3,1,3
2018010135562,2,9,0,5,0,8,0,0,0,0,1,1,6,1,53,8,-1,-1,-1,5,1,5
2018010135563,1,9,0,-1,-1,-1,-1,-1,-1,-1,-1,-1,6,2,53,8,1796,1,12,5,1,5
2018010135563,2,9,0,-1,-1,-1,-1,-1,-1,-1,-1,-1,6,3,-1,-1,-1,-1,-1,-1,-1,-1
2018010135565,1,9,0,9,0,6,0,0,0,0,1,1,6,1,45,7,998,1,-1,2,1,2
2018010135565,2,3,0,18,0,1,1,0,0,0,4,1,6,1,19,4,-1,-1,-1,2,1,2
2018010135572,1,9,0,9,0,1,0,0,0,0,1,1,6,2,35,6,1390,1,15,2,1,2
2018010135572,2,4,0,18,0,1,0,0,0,0,1,1,6,1,59,9,-1,-1,-1,7,1,7
2018010135575,1,9,0,-1,-1,-1,-1,-1,-1,-1,0,-1,6,2,28,6,1599,1,13,5,3,5
2018010135575,2,9,0,-1,-1,-1,-1,-1,-1,-1,0,-1,6,3,-1,-1,3311,8,11,-1,-1,-1
2018010135583,1,19,0,-1,-1,-1,-1,-1,-1,-1,2,-1,6,1,50,8,1598,2,3,8,1,8
2018010135583,2,19,0,-1,-1,-1,-1,-1,-1,-1,1,-1,6,3,-1,-1,1870,2,15,-1,-1,-1
2018010135584,1,9,0,18,0,1,0,0,0,0,1,1,6,1,23,5,2143,2,2,7,1,7
2018010135584,2,8,0,3,0,1,0,0,0,0,2,1,1,1,50,8,2499,2,11,4,1,4
2018010135584,3,9,0,3,0,1,0,0,0,0,2,1,6,1,47,8,1560,2,5,9,1,9
2018010135593,1,1,-1,-1,-1,-1,-1,-1,-1,-1,-1,1,6,3,-1,-1,-1,-1,-1,-1,-1,-1
2018010135594,1,9,0,-1,-1,-1,-1,-1,-1,-1,2,-1,6,2,39,7,1598,1,12,2,1,2
2018010135599,1,9,-1,3,0,8,-1,0,0,0,-1,-1,6,2,51,8,1598,1,10,4,1,4
2018010135599,2,9,-1,-1,0,4,-1,0,0,0,1,-1,6,3,-1,-1,1998,8,1,-1,-1,-1
2018010135607,1,9,0,4,0,0,0,0,0,0,2,1,6,1,28,6,1600,2,6,4,1,4
2018010135607,2,3,0,18,0,0,0,0,0,0,1,1,6,1,26,6,108,1,1,5,1,5
2018010135610,1,9,0,18,0,0,0,0,0,0,1,1,3,1,37,7,1349,1,4,6,1,6
2018010135614,1,1,-1,-1,-1,-1,-1,-1,-1,-1,1,1,6,2,23,5,-1,-1,-1,2,1,2
2018010135614,2,9,0,-1,-1,-1,-1,-1,-1,-1,1,-1,6,3,41,7,1586,1,11,2,1,2
2018010135618,1,9,0,-1,-1,0,-1,-1,-1,-1,1,-1,6,2,29,6,1389,1,15,8,1,8
2018010135618,2,9,0,1,0,0,0,0,0,0,2,-1,6,3,-1,-1,-1,-1,-1,-1,-1,-1
2018010135619,1,9,0,6,0,6,0,0,0,0,3,1,3,2,30,6,2148,2,9,2,1,2
2018010135619,2,19,0,18,0,6,0,0,0,0,1,1,1,1,37,7,1598,2,2,2,1,2
2018010135620,1,3,0,18,9,0,0,0,0,0,1,1,6,1,29,6,125,1,5,-1,-1,-1
2018010135620,2,9,0,18,9,0,0,0,0,0,1,1,1,1,41,7,2993,2,6,3,1,3
2018010135621,1,11,0,4,0,2,0,0,0,0,0,1,1,1,44,7,4500,2,2,3,1,3
2018010135627,1,9,0,18,0,0,0,0,0,0,1,1,2,2,35,6,1598,1,2,5,2,5
2018010135632,1,9,0,-1,-1,0,-1,-1,-1,-1,2,-1,6,1,29,6,1390,1,7,9,1,9
2018010135632,2,19,0,-1,-1,0,-1,-1,-1,-1,2,-1,6,3,57,9,2198,2,6,8,1,8
2018010135636,1,9,0,7,0,8,0,0,0,0,2,1,6,1,70,10,1595,1,9,5,1,5
2018010135636,2,3,0,7,0,8,0,0,0,0,2,1,6,1,17,4,125,1,2,2,1,2
2018010135639,1,9,0,18,0,1,0,7,0,0,3,1,6,1,44,7,1499,2,1,4,1,4
2018010135642,1,1,-1,-1,-1,0,-1,-1,-1,-1,1,1,6,1,38,7,-1,-1,-1,3,1,3
2018010135642,2,9,0,-1,-1,0,-1,-1,-1,-1,1,-1,6,3,-1,-1,-1,-1,-1,-1,-1,-1
2018010135647,1,9,0,9,0,1,0,0,0,0,3,1,1,1,32,6,1497,8,-1,4,1,4
2018010135647,2,3,0,14,0,1,1,0,0,0,4,1,1,1,38,7,125,1,6,2,1,2
2018010135648,1,1,0,18,0,0,0,0,0,0,1,1,6,2,31,6,-1,-1,-1,7,1,7
2018010135649,1,21,0,7,0,5,0,0,0,0,3,1,1,1,38,7,-1,-1,-1,3,1,3
2018010135649,2,1,0,18,0,1,0,0,0,0,4,1,2,1,59,9,-1,-1,-1,2,1,2
2018010135650,1,3,0,18,0,1,5,0,0,0,4,1,6,1,31,6,-1,-1,-1,4,1,4
2018010135650,2,9,0,2,0,1,0,0,0,0,3,1,6,3,-1,-1,-1,-1,-1,-1,-1,-1
2018010135651,1,9,0,11,0,4,0,0,0,0,4,1,6,2,42,7,1497,8,13,7,1,7
2018010135651,2,1,0,17,0,4,0,0,0,0,4,1,6,1,41,7,-1,-1,-1,8,1,8
2018010135653,1,9,0,18,0,0,0,0,0,0,1,2,6,2,22,5,899,1,4,2,1,2
2018010135654,1,3,0,18,0,1,0,0,0,0,1,1,1,1,31,6,125,1,3,3,1,3
2018010135654,2,9,0,9,0,1,0,0,0,0,1,1,1,1,48,8,2987,2,10,2,1,2
2018010135655,1,9,0,18,0,8,0,0,0,0,1,1,1,1,29,6,-1,-1,-1,2,1,2
2018010135655,2,9,0,18,0,8,0,0,0,0,4,1,6,1,22,5,1360,1,13,4,1,4
2018010135656,1,9,0,10,0,2,0,0,0,0,1,1,6,1,47,8,1798,8,5,2,1,2
2018010135657,1,9,0,18,9,0,0,0,0,0,0,1,2,1,55,8,4511,1,14,8,1,8
2018010135657,2,9,0,4,0,0,5,0,0,0,1,1,1,1,19,4,-1,-1,-1,2,1,2
2018010135660,1,9,0,9,0,1,0,0,0,0,4,1,6,1,50,8,1997,2,9,-1,-1,-1
2018010135660,2,3,0,9,0,1,0,0,0,0,3,1,6,1,22,5,108,1,1,6,1,6
2018010135663,1,9,0,18,0,1,0,0,0,0,2,2,6,2,33,6,1910,2,9,3,1,3
2018010135663,2,9,0,2,9,1,0,0,0,0,1,2,6,3,-1,-1,2204,2,10,-1,-1,-1
2018010135663,3,9,0,16,0,1,1,10,1,0,1,2,2,1,25,5,2143,2,2,8,1,8
2018010135664,1,9,0,18,0,1,0,0,0,0,1,1,6,1,57,9,1998,1,13,8,1,8
2018010135664,2,1,0,18,0,6,0,0,0,0,4,1,6,2,8,2,-1,-1,-1,3,1,3
2018010135669,1,9,0,18,0,0,0,0,0,0,0,1,6,1,52,8,1968,2,4,6,1,6
2018010135669,2,19,0,18,0,0,0,0,0,0,1,1,1,1,55,8,1995,2,-1,3,1,3
2018010135672,1,9,0,18,0,1,0,0,0,0,1,1,2,1,35,6,1198,1,13,-1,-1,-1
2018010135672,2,9,0,10,0,1,0,0,0,0,2,1,1,1,48,8,1798,8,2,-1,-1,-1
2018010135673,1,11,0,5,0,2,0,0,0,0,0,1,1,1,59,9,6700,2,7,8,1,8
2018010135674,1,9,0,17,0,2,0,0,0,0,1,1,6,1,27,6,1995,1,10,6,1,6
2018010135674,2,9,0,12,0,2,0,0,0,0,1,1,6,1,39,7,3498,1,14,6,1,6
2018010135676,1,9,0,18,0,2,0,0,0,0,1,1,6,1,35,6,998,1,4,8,1,8
2018010135676,2,9,0,18,0,2,0,0,0,0,2,1,6,1,29,6,1240,1,12,-1,-1,-1
2018010135676,3,9,0,18,0,2,0,0,0,0,2,1,6,2,67,10,1591,1,7,3,1,3
2018010135677,1,9,0,9,0,1,0,0,0,0,1,1,6,1,28,6,-1,-1,-1,-1,-1,-1
2018010135677,2,1,0,18,5,8,0,0,0,0,4,1,6,1,43,7,-1,-1,-1,8,1,8
2018010135679,1,8,0,7,0,1,0,0,0,0,2,1,1,1,45,7,1798,8,6,4,1,4
2018010135684,1,3,0,18,0,1,0,0,0,0,1,1,6,1,31,6,125,1,2,6,1,6
2018010135684,2,9,0,18,0,1,0,0,0,0,3,1,6,1,45,7,1995,1,11,3,1,3
2018010135686,1,9,0,18,0,5,0,0,0,0,4,1,6,1,74,10,1990,1,14,2,1,2
2018010135686,2,5,0,18,0,8,5,0,0,0,1,1,6,1,25,5,745,1,1,-1,-1,-1
2018010135687,1,9,0,9,0,8,0,0,0,0,4,1,2,2,35,6,-1,-1,-1,4,1,4
2018010135687,2,2,0,18,0,8,1,0,0,0,1,1,6,1,19,4,124,1,4,2,1,2
2018010135688,1,3,0,11,0,0,0,0,0,0,3,1,6,1,42,7,125,1,4,2,1,2
2018010135688,2,9,0,18,0,0,0,0,0,0,4,1,6,3,24,5,1995,2,3,2,1,2
2018010135688,3,9,0,15,0,0,0,0,0,0,1,1,6,1,-1,-1,1968,2,4,3,1,3
2018010135689,1,19,0,18,0,8,0,0,0,0,1,1,1,1,51,8,1995,2,2,8,1,8
2018010135689,2,9,0,18,0,8,0,0,0,0,1,1,6,1,78,11,1364,1,1,5,1,5
2018010135690,1,9,0,9,0,8,0,0,0,0,1,1,6,2,56,9,1598,1,10,7,1,7
2018010135690,2,3,0,18,0,8,5,0,0,0,1,1,1,1,25,5,125,1,1,1,1,1
2018010135693,1,3,0,18,0,1,0,0,0,0,1,1,1,1,29,6,108,1,6,3,1,3
2018010135693,2,3,0,18,0,1,0,0,0,0,1,1,6,1,18,4,125,1,8,2,1,2
2018010135695,1,9,0,4,0,0,0,0,0,0,1,1,6,1,53,8,2148,2,11,6,1,6
2018010135695,2,8,0,4,0,0,0,0,0,0,2,1,6,3,-1,-1,1798,8,1,-1,-1,-1
2018010135697,1,1,-1,-1,-1,-1,-1,-1,-1,-1,0,1,2,1,62,9,-1,-1,-1,8,1,8
2018010135697,2,20,0,-1,-1,-1,-1,-1,-1,-1,0,-1,6,3,-1,-1,-1,-1,-1,-1,-1,-1
2018010135699,1,9,0,18,0,0,0,0,0,0,3,1,2,1,62,9,1598,1,10,6,1,6
2018010135699,2,9,0,18,0,0,0,0,0,0,1,1,6,1,33,6,-1,-1,-1,4,1,4
2018010135699,3,9,0,18,0,0,0,0,0,0,3,1,6,1,36,7,998,1,11,3,1,3
2018010135700,1,1,-1,-1,-1,-1,-1,-1,-1,-1,-1,1,6,1,44,7,-1,-1,-1,2,1,2
2018010135700,2,9,0,-1,-1,-1,-1,-1,-1,-1,-1,-1,6,3,-1,-1,-1,-1,-1,-1,-1,-1
2018010135703,1,4,0,18,0,1,0,0,0,0,1,1,6,1,25,5,250,1,30,7,1,7
2018010135703,2,19,0,9,0,5,0,0,0,0,4,1,6,1,48,8,2148,2,13,7,1,7
2018010135709,1,8,0,18,0,2,0,0,0,0,1,1,6,1,31,6,1956,2,4,4,1,4
2018010135709,2,3,0,18,0,1,0,0,0,0,1,1,2,1,29,6,108,1,2,5,1,5
2018010135710,1,9,0,4,0,0,0,0,0,0,2,1,1,1,46,8,1686,2,4,4,1,4
2018010135710,2,3,0,18,0,0,1,0,0,0,1,1,1,1,31,6,124,1,10,4,1,4
2018010135711,1,9,0,18,0,0,1,0,1,0,1,1,6,1,35,6,1995,2,4,3,1,3
2018010135711,2,8,0,18,0,0,1,0,0,0,1,1,1,1,38,7,1798,8,6,3,1,3
2018010135714,1,8,0,18,0,8,0,0,0,0,1,1,1,1,31,6,1997,2,7,2,1,2
2018010135714,2,9,0,18,0,8,0,0,0,0,0,1,6,1,19,4,1595,2,8,7,1,7
2018010135715,1,1,0,18,0,0,0,0,0,0,1,1,6,2,32,6,-1,-1,-1,3,1,3
2018010135715,2,9,0,1,0,0,0,0,0,0,2,1,6,3,-1,-1,-1,-1,-1,-1,-1,-1
2018010135719,1,8,0,17,0,8,0,0,7,0,2,1,2,1,56,9,1798,8,6,5,1,5
2018010135719,2,9,0,18,0,4,0,0,0,0,1,1,6,1,28,6,1364,1,10,-1,-1,-1
2018010135720,1,9,0,5,0,4,0,0,0,0,1,1,6,2,31,6,1395,1,1,-1,-1,-1
2018010135720,2,1,0,17,0,3,0,0,0,0,4,1,2,1,29,6,-1,-1,-1,9,1,9
2018010135721,1,8,0,5,0,1,0,0,0,0,3,1,1,1,32,6,-1,-1,-1,3,1,3
2018010135721,2,3,0,4,0,1,2,0,0,0,3,1,1,1,21,5,125,1,3,7,1,7
2018010135722,1,11,0,4,0,1,0,0,0,0,1,1,1,1,51,8,6700,2,-1,2,1,2
2018010135723,1,9,0,5,0,0,5,4,0,0,1,1,6,1,43,7,1910,2,12,2,1,2
2018010135723,2,9,0,2,0,0,0,0,0,0,2,1,6,3,-1,-1,1896,2,11,-1,-1,-1
2018010135723,3,9,0,2,0,0,0,0,0,0,2,1,6,3,-1,-1,-1,-1,-1,-1,-1,-1
2018010135724,1,21,1,18,0,5,0,0,0,0,2,1,1,1,24,5,12809,2,3,2,1,2
2018010135724,2,21,1,18,0,1,0,0,0,0,1,2,1,1,62,9,12809,2,1,6,1,6
2018010135726,1,9,0,18,0,4,0,0,0,0,3,1,6,1,26,6,1598,2,4,10,2,10
2018010135726,2,9,0,18,0,4,0,0,0,0,1,1,1,2,41,7,1493,2,12,2,1,2
2018010135729,1,19,0,16,0,1,0,0,0,0,1,1,6,3,-1,-1,2198,2,8,-1,-1,-1
2018010135729,2,1,0,18,0,1,0,0,0,0,1,1,6,1,28,6,-1,-1,-1,3,1,3
2018010135732,1,5,0,9,0,1,2,0,1,0,4,1,6,1,47,8,996,1,20,2,1,2
2018010135736,1,9,0,7,0,8,0,0,0,0,1,1,6,3,-1,-1,-1,-1,-1,-1,-1,-1
2018010135736,2,1,0,18,0,8,0,0,0,0,3,1,6,1,12,3,-1,-1,-1,4,1,4
2018010135743,1,9,0,18,0,0,0,0,0,0,4,1,1,1,54,8,1797,8,6,3,1,3
2018010135743,2,19,0,7,8,0,0,0,0,0,1,1,1,1,46,8,1870,2,12,3,1,3
2018010135745,1,9,0,-1,-1,-1,-1,-1,-1,-1,2,-1,2,2,27,6,1198,1,10,3,1,3
2018010135747,1,9,0,18,0,2,0,0,0,0,1,1,6,3,-1,-1,-1,-1,-1,-1,-1,-1
2018010135759,1,11,0,5,2,1,0,0,0,0,0,1,1,1,39,7,5132,2,2,4,1,4
2018010135763,1,5,0,18,0,1,0,0,0,0,1,1,2,1,25,5,599,1,10,8,1,8
2018010135768,1,11,0,18,0,2,0,0,0,0,0,1,1,2,42,7,9360,2,7,5,1,5
2018010135769,1,9,0,18,0,2,0,0,0,0,1,1,6,1,28,6,2143,2,6,2,1,2
2018010135769,2,1,0,18,0,8,0,0,0,0,4,1,6,1,82,11,-1,-1,-1,9,1,9
2018010135777,1,3,0,18,0,2,0,0,0,0,3,1,6,1,31,6,125,1,-1,3,1,3
2018010135777,2,9,0,9,0,1,0,0,0,0,3,1,6,2,47,8,1796,1,13,3,1,3
2018010135786,1,3,0,18,0,8,0,0,3,7,3,1,6,1,30,6,125,1,2,6,1,6
2018010135786,2,9,0,18,0,8,0,0,0,0,1,1,6,1,66,10,1896,2,10,6,1,6
2018010135788,1,9,0,14,0,0,0,4,0,0,4,1,6,2,39,7,1390,1,18,-1,-1,-1
2018010135788,2,9,0,2,0,0,0,0,0,0,4,1,6,3,-1,-1,1498,1,1,-1,-1,-1
2018010135788,3,9,0,2,0,0,0,0,0,0,3,1,6,3,-1,-1,2496,1,14,-1,-1,-1
2018010135790,1,9,0,1,8,2,0,0,0,0,2,1,6,3,-1,-1,1364,1,13,-1,-1,-1
2018010135791,1,9,0,5,0,3,0,0,0,0,4,1,6,1,66,10,1975,1,16,5,1,5
2018010135791,2,9,0,18,0,4,0,0,0,0,1,1,6,1,50,8,1560,2,8,5,1,5
2018010135792,1,9,0,-1,-1,0,-1,-1,-1,-1,-1,-1,6,1,25,5,999,1,5,5,1,5
2018010135792,2,90,-1,-1,-1,0,-1,-1,-1,-1,1,-1,6,3,-1,-1,-1,-1,-1,-1,-1,-1
2018010135794,1,9,0,18,0,1,0,0,0,0,1,1,6,1,35,6,1598,1,14,4,1,4
2018010135794,2,9,0,9,0,5,0,0,0,0,4,1,6,1,47,8,1798,8,3,3,1,3
2018010135795,1,9,0,18,0,1,0,4,0,0,3,1,6,1,22,5,1499,2,-1,2,1,2
2018010135795,2,9,0,2,9,1,0,0,0,0,4,1,6,3,-1,-1,2967,1,19,-1,-1,-1
2018010135795,3,9,0,2,9,2,0,0,0,0,4,1,6,3,-1,-1,1910,2,14,-1,-1,-1
2018010135795,4,9,0,9,8,2,0,0,0,0,0,1,6,1,37,7,2616,1,12,3,1,3
2018010135797,1,9,0,10,0,0,0,0,0,0,1,1,6,2,35,6,2179,2,3,6,1,6
2018010135797,2,3,0,13,0,0,1,0,0,0,1,1,6,1,31,6,125,1,-1,-1,-1,-1
2018010135802,1,9,0,18,0,6,0,0,0,0,4,1,6,1,25,5,1598,1,13,2,1,2
2018010135803,1,9,0,1,0,0,0,0,0,0,2,1,2,1,44,7,1950,2,1,3,1,3
2018010135804,1,8,0,5,0,2,0,0,0,0,1,1,1,1,52,8,1798,8,6,5,1,5
2018010135804,2,1,0,18,0,2,0,0,0,0,1,1,6,1,24,5,-1,-1,-1,5,1,5
2018010135805,1,9,0,-1,0,1,0,0,0,0,2,-1,6,1,33,6,3628,2,10,3,1,3
2018010135805,2,9,0,-1,0,1,0,0,0,0,1,-1,6,3,-1,-1,4367,2,5,-1,-1,-1
2018010135806,1,9,0,9,0,7,0,0,0,0,-1,1,6,2,21,5,-1,-1,-1,2,1,2
2018010135810,1,9,0,17,0,8,0,0,0,0,3,1,6,2,48,8,1198,1,4,4,1,4
2018010135810,2,9,0,17,0,8,0,0,0,0,1,1,6,1,45,7,1995,2,1,2,1,2
2018010135813,1,9,0,5,0,0,0,0,0,0,4,1,6,1,27,6,1595,1,8,3,1,3
2018010135813,2,2,0,18,0,0,0,0,0,0,1,1,1,1,22,5,125,1,1,3,1,3
2018010135815,1,9,0,3,0,2,0,0,0,0,2,1,6,2,30,6,1399,1,2,10,1,10
2018010135815,2,9,0,18,0,2,0,0,0,0,1,1,6,2,57,9,1368,1,3,10,1,10
2018010135816,1,9,0,9,0,4,0,0,0,0,1,1,6,2,36,7,1590,1,15,4,1,4
2018010135816,2,9,0,18,0,4,0,0,0,0,1,1,6,1,47,8,1596,1,14,5,1,5
2018010135819,1,9,0,7,0,6,0,0,0,0,2,1,6,2,32,6,1200,1,3,4,1,4
2018010135819,2,8,0,7,0,6,0,4,0,0,1,1,6,1,25,5,1798,8,4,5,1,5
2018010135821,1,9,0,3,0,1,0,0,0,0,2,1,6,1,33,6,1968,2,1,3,1,3
2018010135821,2,9,0,3,0,1,0,4,0,0,2,1,6,2,25,5,1956,2,3,4,1,4
2018010135821,3,9,0,3,0,1,0,4,0,0,2,1,6,1,73,10,1560,2,12,5,1,5
2018010135821,4,9,0,4,0,1,0,4,0,0,1,1,6,1,35,6,1870,2,11,3,1,3
2018010135823,1,9,0,-1,-1,0,-1,-1,-1,-1,2,-1,2,1,45,7,1398,1,11,4,1,4
2018010135823,2,9,0,-1,-1,0,-1,-1,-1,-1,1,-1,6,3,-1,-1,2746,1,35,-1,-1,-1
2018010135827,1,9,0,5,0,3,0,0,1,0,3,1,6,1,49,8,2171,1,15,3,1,3
2018010135827,2,1,0,9,0,3,0,0,1,0,4,1,6,1,35,6,-1,-1,-1,1,1,1
2018010135830,1,9,0,18,0,1,0,0,0,0,4,1,2,1,37,7,1968,2,14,3,1,3
2018010135830,2,9,0,9,0,6,0,0,0,0,1,1,6,1,32,6,1781,1,13,4,1,4
2018010135831,1,5,0,17,0,8,0,10,0,0,2,1,6,1,50,8,1298,1,4,3,1,3
2018010135831,2,9,0,18,0,4,0,0,3,0,1,1,6,1,25,5,1896,2,13,7,1,7
2018010135832,1,9,0,3,0,0,0,0,0,0,2,1,6,2,66,10,1339,1,11,2,1,2
2018010135832,2,9,0,3,0,0,0,0,0,0,1,1,6,1,75,10,1968,2,5,10,1,10
2018010135832,3,8,0,18,0,0,0,0,0,0,2,1,1,1,43,7,1968,2,2,8,1,8
2018010135832,4,9,0,18,0,0,0,0,0,0,1,1,6,2,35,6,2143,2,7,9,1,9
2018010135837,1,9,0,18,9,6,0,0,0,0,1,1,6,2,50,8,998,1,7,6,1,6
2018010135837,2,1,0,18,9,8,0,0,0,0,4,1,6,1,14,3,-1,-1,-1,3,1,3
2018010135838,1,9,0,18,0,8,1,0,0,0,1,1,6,1,25,5,1596,1,9,9,1,9
2018010135838,2,9,0,5,0,8,0,0,0,0,0,1,6,2,38,7,1388,1,6,10,1,10
2018010135839,1,9,0,18,0,-1,0,0,0,0,1,1,2,2,41,7,1390,1,14,4,1,4
2018010135839,2,9,0,18,0,-1,0,0,0,0,3,1,6,2,43,7,2362,7,18,5,1,5
2018010135840,1,9,0,6,0,0,0,0,0,0,3,1,6,1,27,6,1242,1,14,4,1,4
2018010135840,2,3,0,18,0,0,0,0,0,0,1,1,6,1,44,7,124,1,9,2,1,2
2018010135842,1,19,0,5,0,1,0,0,0,0,1,1,1,1,51,8,1461,2,-1,3,1,3
2018010135844,1,9,0,-1,-1,0,-1,-1,-1,-1,-1,-1,6,1,28,6,1995,2,7,4,1,4
2018010135844,2,8,0,-1,-1,0,-1,-1,-1,-1,-1,-1,6,1,49,8,1956,2,3,2,1,2
2018010135849,1,8,0,18,0,1,0,0,0,0,2,1,1,1,49,8,1797,8,8,2,1,2
2018010135849,2,8,0,18,0,2,1,0,0,0,1,1,1,1,40,7,1797,8,5,3,1,3
2018010135859,1,9,0,18,0,0,0,0,0,0,3,1,6,2,43,7,1783,1,16,2,1,2
2018010135859,2,9,0,18,0,0,0,0,0,0,3,1,6,1,20,4,1598,2,5,10,1,10
2018010135859,3,9,0,2,9,0,0,0,0,0,3,1,6,3,-1,-1,1589,1,20,-1,-1,-1
2018010135861,1,11,0,9,0,0,0,0,0,0,4,1,1,1,51,8,4500,2,2,7,1,7
2018010135861,2,1,0,18,9,0,0,0,0,0,4,1,6,1,51,8,-1,-1,-1,-1,-1,-1
2018010135862,1,9,0,4,0,0,0,0,0,0,2,1,6,1,30,6,1595,1,-1,4,1,4
2018010135862,2,9,0,18,0,0,0,0,0,0,1,1,6,3,-1,-1,1498,1,-1,-1,-1,-1