Accident_Index,Vehicle_Reference,Vehicle_Type,Towing_and_Articulation,Vehicle_Manoeuvre,Vehicle_Location-Restricted_Lane,Junction_Location,Skidding_and_Overturning,Hit_Object_in_Carriageway,Vehicle_Leaving_Carriageway,Hit_Object_off_Carriageway,1st_Point_of_Impact,Was_Vehicle_Left_Hand_Drive?,Journey_Purpose_of_Driver,Sex_of_Driver,Age_of_Driver,Age_Band_of_Driver,Engine_Capacity_(CC),Propulsion_Code,Age_of_Vehicle,Driver_IMD_Decile,Driver_Home_Area_Type,Vehicle_IMD_Decile
2018010135868,1,9,0,3,0,0,0,0,0,0,2,1,6,2,34,6,1242,1,9,8,1,8
2018010135868,2,9,0,18,0,0,0,0,0,0,1,1,6,2,20,4,1598,1,5,8,1,8
2018010135869,1,90,0,5,0,0,0,0,0,0,0,1,1,1,21,5,-1,-1,-1,4,1,4
2018010135870,1,9,0,5,0,1,0,0,0,0,1,1,6,2,42,7,1242,1,3,3,3,3
2018010135870,2,1,0,18,0,1,5,0,0,0,4,1,2,1,37,7,-1,-1,-1,7,1,7
2018010135871,1,9,0,18,0,1,0,0,0,0,0,1,1,1,47,8,2993,2,2,4,1,4
2018010135871,2,5,0,1,0,8,2,0,0,0,3,1,6,1,18,4,599,1,6,7,1,7
2018010135872,1,8,0,-1,-1,0,-1,-1,-1,-1,1,-1,6,2,28,6,998,1,11,4,1,4
2018010135872,2,9,0,-1,-1,0,-1,-1,-1,-1,-1,-1,6,3,-1,-1,-1,-1,-1,2,1,2
2018010135874,1,9,0,18,0,0,0,0,0,0,1,1,6,3,-1,-1,-1,-1,-1,-1,-1,-1
2018010135874,2,1,0,16,0,0,0,0,1,0,2,1,6,1,18,4,-1,-1,-1,2,1,2
2018010135879,1,9,0,-1,-1,-1,-1,-1,-1,-1,-1,-1,6,1,35,6,1997,2,8,5,1,5
2018010135879,2,9,0,-1,-1,-1,-1,-1,-1,-1,-1,-1,6,3,26,6,1598,1,6,2,1,2
2018010135881,1,3,0,18,0,2,0,0,0,0,2,1,6,1,26,6,108,1,6,5,1,5
2018010135881,2,19,0,18,0,2,0,0,0,0,1,1,6,1,29,6,2148,2,13,5,1,5
2018010135881,3,9,0,18,0,2,0,0,0,0,2,1,6,1,23,5,1798,8,5,4,1,4
2018010135881,4,9,0,18,0,2,0,0,0,0,2,1,6,1,25,5,1364,1,11,3,1,3
2018010135882,1,8,0,5,0,0,0,0,0,0,4,-1,1,1,28,6,-1,-1,-1,-1,-1,-1
2018010135886,1,8,0,2,0,0,0,0,0,0,2,1,6,3,-1,-1,1797,8,6,-1,-1,-1
2018010135886,2,8,0,18,0,0,0,4,0,0,1,1,6,1,29,6,1797,8,7,1,1,1
2018010135887,1,9,0,5,0,0,0,4,0,0,1,1,6,1,23,5,1388,1,15,5,1,5
2018010135887,2,9,0,2,0,0,0,0,0,0,4,1,6,3,-1,-1,1461,2,-1,-1,-1,-1
2018010135889,1,8,0,9,0,5,0,0,0,0,3,1,2,1,42,7,1968,2,4,2,1,2
2018010135889,2,3,0,13,0,1,1,0,0,0,1,1,6,1,36,7,125,1,2,3,1,3
2018010135892,1,9,0,7,0,1,0,0,0,0,4,1,6,2,35,6,2179,2,5,-1,-1,-1
2018010135892,2,9,0,15,2,1,0,0,0,0,1,1,6,3,-1,-1,-1,-1,-1,-1,-1,-1
2018010135897,1,9,0,18,6,0,0,0,0,0,1,1,6,3,-1,-1,-1,-1,-1,-1,-1,-1
2018010135898,1,9,0,18,0,8,0,0,0,0,1,1,6,2,19,4,1242,1,14,3,1,3
2018010135901,1,9,0,17,0,0,0,0,0,0,4,1,6,1,41,7,-1,-1,-1,6,1,6
2018010135901,2,9,0,16,0,0,1,0,0,0,1,1,6,1,37,7,1968,2,8,4,1,4
2018010135902,1,9,0,7,0,8,0,10,0,0,1,1,6,3,17,4,999,1,1,-1,-1,-1
2018010135903,1,9,0,16,0,0,0,0,0,0,1,1,6,1,27,6,2998,1,1,4,1,4
2018010135903,2,9,0,18,0,0,0,0,0,0,1,1,6,1,59,9,1968,2,2,9,1,9
2018010135903,3,9,0,2,0,0,0,0,0,0,2,1,6,3,-1,-1,1596,1,11,-1,-1,-1
2018010135904,1,8,0,18,0,0,0,11,1,1,1,1,6,1,45,7,1798,8,1,2,1,2
2018010135906,1,9,0,18,0,1,0,0,0,0,1,1,6,1,28,6,998,1,17,4,1,4
2018010135906,2,9,0,18,0,1,0,0,0,0,1,1,6,1,44,7,1798,8,2,6,1,6
2018010135908,1,9,0,18,9,0,0,0,1,4,1,1,6,1,25,5,999,1,-1,2,1,2
2018010135909,1,9,0,9,0,1,0,0,0,0,3,1,6,1,19,4,998,1,4,10,1,10
2018010135909,2,1,0,14,0,1,5,0,0,0,1,1,6,1,37,7,-1,-1,-1,10,1,10
2018010135910,1,9,0,18,0,0,0,7,0,0,1,1,6,1,19,4,1461,2,3,10,1,10
2018010135910,2,19,0,2,0,0,0,0,0,0,1,1,6,3,-1,-1,2298,2,3,-1,-1,-1
2018010135911,1,9,0,9,0,3,0,0,0,0,1,1,6,1,35,6,2987,2,1,3,1,3
2018010135912,1,9,0,18,0,4,0,0,0,0,1,1,2,1,57,9,1997,1,6,8,1,8
2018010135912,2,1,0,18,0,3,0,0,0,0,4,1,6,1,31,6,-1,-1,-1,7,1,7
2018010135913,1,9,0,9,0,1,0,0,0,0,1,1,6,1,26,6,1797,8,5,-1,-1,-1
2018010135913,2,3,0,18,0,1,0,0,0,0,1,1,6,1,28,6,124,1,9,-1,-1,-1
2018010135915,1,9,0,9,0,6,0,0,0,0,3,1,6,2,57,9,-1,-1,-1,6,1,6
2018010135915,2,1,0,18,0,8,0,0,0,0,1,1,2,1,43,7,-1,-1,-1,2,1,2
2018010135920,1,1,-1,-1,-1,-1,-1,-1,-1,-1,-1,1,6,2,45,7,-1,-1,-1,5,1,5
2018010135920,2,9,0,-1,-1,-1,-1,-1,-1,-1,1,-1,6,3,-1,-1,1796,1,15,4,1,4
2018010135921,1,9,0,7,0,5,0,0,0,0,1,1,2,2,49,8,1497,8,4,5,1,5
2018010135921,2,3,0,18,9,8,5,0,1,0,3,1,2,2,19,4,125,1,4,9,1,9
2018010135925,1,11,0,-1,-1,-1,-1,-1,-1,-1,-1,-1,6,3,-1,-1,6700,2,2,-1,-1,-1
2018010135929,1,9,0,9,0,8,0,0,0,0,3,1,6,1,47,8,2400,2,4,5,1,5
2018010135929,2,3,0,13,0,8,0,0,0,0,4,1,6,1,36,7,124,1,9,4,1,4
2018010135935,1,3,0,-1,-1,-1,-1,-1,-1,-1,-1,1,6,1,33,6,125,1,1,9,1,9
2018010135935,2,9,0,-1,-1,-1,-1,-1,-1,-1,1,-1,6,3,-1,-1,-1,-1,-1,-1,-1,-1
2018010135936,1,9,0,4,0,1,0,0,0,0,2,1,2,2,36,7,1999,2,2,2,1,2
2018010135936,2,9,0,18,0,1,0,0,0,0,1,1,2,2,42,7,-1,-1,-1,3,1,3
2018010135940,1,9,0,-1,-1,-1,-1,-1,-1,-1,1,-1,6,2,20,4,1198,1,11,2,1,2
2018010135940,2,9,0,-1,-1,-1,-1,-1,-1,-1,-1,-1,6,3,-1,-1,-1,-1,-1,-1,-1,-1
2018010135942,1,9,0,3,0,1,0,0,0,0,2,1,3,1,59,9,1997,1,3,4,1,4
2018010135942,2,9,0,3,0,1,0,4,0,0,1,1,1,2,50,8,1998,1,16,6,1,6
2018010135947,1,9,0,9,0,8,0,0,0,0,3,1,1,1,47,8,1598,2,1,-1,-1,-1
2018010135947,2,5,0,13,0,1,0,0,0,0,1,1,6,1,36,7,649,1,-1,-1,-1,-1
2018010135952,1,9,0,-1,-1,-1,-1,-1,-1,-1,2,-1,2,2,21,5,999,1,7,3,1,3
2018010135952,2,9,0,-1,-1,-1,-1,-1,-1,-1,1,-1,6,3,28,6,-1,-1,-1,-1,-1,-1
2018010135955,1,9,0,-1,-1,0,-1,-1,-1,-1,-1,-1,6,2,35,6,1956,2,3,4,1,4
2018010135955,2,9,0,-1,-1,0,-1,-1,-1,-1,-1,-1,6,3,-1,-1,1968,2,13,-1,-1,-1
2018010135959,1,19,0,7,0,2,0,0,0,0,1,1,1,1,29,6,2143,2,3,3,1,3
2018010135959,2,1,0,18,0,1,0,0,0,0,3,1,6,1,40,7,-1,-1,-1,3,1,3
2018010135963,1,9,0,10,0,1,0,0,0,0,3,1,6,1,48,8,1796,1,9,2,1,2
2018010135963,2,3,0,18,0,1,0,0,0,0,1,1,1,1,20,4,108,1,1,6,1,6
2018010135964,1,9,0,18,0,4,0,0,0,0,1,1,6,1,44,7,2360,8,9,5,1,5
2018010135964,2,9,0,5,0,4,0,0,0,0,2,1,6,2,33,6,1197,1,7,6,1,6
2018010135967,1,3,0,18,0,1,0,0,0,0,1,1,1,1,44,7,125,1,-1,6,1,6
2018010135967,2,9,0,9,0,6,0,0,0,0,1,1,6,1,31,6,2143,2,3,6,1,6
2018010135970,1,9,0,5,0,8,0,0,0,0,1,1,6,1,24,5,1995,2,4,3,1,3
2018010135970,2,1,0,18,0,8,2,0,0,0,1,1,6,1,46,8,-1,-1,-1,1,1,1
2018010135974,1,9,0,-1,0,0,0,0,0,0,1,1,6,3,24,5,1598,1,10,2,1,2
2018010135976,1,9,0,18,0,8,1,0,0,0,1,1,6,1,20,4,1242,1,20,7,1,7
2018010135976,2,9,0,9,0,8,0,0,0,0,1,1,6,1,49,8,-1,-1,-1,3,1,3
2018010135977,1,1,-1,-1,-1,-1,-1,-1,-1,-1,-1,1,2,1,39,7,-1,-1,-1,2,-1,2
2018010135977,2,8,0,-1,-1,-1,-1,-1,-1,-1,-1,-1,6,3,-1,-1,-1,-1,-1,-1,-1,-1
2018010135980,1,9,0,18,0,0,1,0,1,0,1,1,6,3,28,6,1598,1,17,-1,-1,-1
2018010135980,2,9,0,2,0,0,0,0,0,0,1,1,6,3,-1,-1,1339,1,14,-1,-1,-1
2018010135980,3,9,0,2,0,0,0,0,0,0,1,1,6,3,-1,-1,1999,1,12,-1,-1,-1
2018010135987,1,9,-1,4,0,0,0,0,0,0,2,1,6,2,43,7,1591,1,7,2,1,2
2018010135987,2,9,0,5,-1,0,0,0,0,0,1,1,6,1,53,8,1339,1,12,1,1,1
2018010135987,3,9,0,5,0,0,0,0,0,0,-1,1,6,3,-1,-1,1149,1,12,2,1,2
2018010135988,1,3,0,18,0,1,0,0,0,0,1,1,1,1,39,7,125,1,2,1,1,1
2018010135988,2,9,0,18,0,2,0,0,0,0,3,1,6,2,58,9,1386,1,12,3,1,3
2018010135989,1,1,-1,-1,-1,0,-1,-1,-1,-1,-1,1,6,1,31,6,-1,-1,-1,1,1,1
2018010135989,2,9,0,-1,-1,0,-1,-1,-1,-1,-1,-1,6,3,-1,-1,-1,-1,-1,-1,-1,-1
2018010135990,1,11,0,4,2,2,0,0,0,0,4,1,1,1,39,7,5132,2,1,2,1,2
2018010135997,1,11,0,5,2,0,0,0,0,0,0,1,1,2,50,8,4500,2,1,3,1,3
2018010135998,1,9,0,-1,-1,-1,-1,-1,-1,-1,2,-1,6,1,23,5,2143,2,2,3,1,3
2018010135998,2,9,0,-1,-1,-1,-1,-1,-1,-1,2,-1,6,3,-1,-1,-1,-1,-1,-1,-1,-1
2018010136004,1,9,0,-1,-1,0,-1,-1,-1,-1,2,1,6,2,-1,-1,2143,2,2,6,1,6
2018010136007,1,9,0,5,0,8,0,0,0,0,1,1,6,1,55,8,2143,2,8,3,1,3
2018010136010,1,9,0,-1,-1,0,-1,-1,-1,-1,1,-1,6,2,26,6,939,1,3,4,1,4
2018010136010,2,9,0,-1,-1,0,-1,-1,-1,-1,-1,-1,6,3,25,5,2993,2,6,8,1,8
2018010136012,1,9,0,-1,-1,-1,-1,-1,-1,-1,4,-1,6,1,39,7,1364,1,13,4,1,4
2018010136012,2,2,0,-1,-1,-1,-1,-1,-1,-1,-1,1,6,3,28,6,108,1,1,-1,-1,-1
2018010136014,1,11,0,4,0,1,0,0,0,0,0,1,1,1,30,6,4500,2,2,2,1,2
2018010136016,1,9,0,4,0,0,0,0,0,0,1,1,6,1,33,6,1396,1,10,4,1,4
2018010136016,2,9,0,4,0,0,0,0,0,0,2,1,1,1,48,8,-1,-1,-1,1,1,1
2018010136016,3,9,0,3,0,0,0,0,0,0,2,1,1,2,61,9,1997,2,5,2,1,2
2018010136017,1,9,0,9,0,5,0,0,0,0,1,1,6,1,40,7,3199,1,19,2,1,2
2018010136017,2,9,0,18,0,1,0,0,0,0,3,1,6,2,23,5,1390,1,16,2,1,2
2018010136020,1,9,0,-1,-1,-1,-1,-1,-1,-1,2,-1,6,1,57,9,2401,2,9,9,1,9
2018010136020,2,9,0,-1,-1,-1,-1,-1,-1,-1,-1,-1,6,3,-1,-1,1149,1,2,3,1,3
2018010136021,1,1,-1,-1,-1,-1,-1,-1,-1,-1,1,1,2,2,18,4,-1,-1,-1,5,1,5
2018010136021,2,9,0,-1,-1,-1,-1,-1,-1,-1,-1,-1,6,3,-1,-1,-1,-1,-1,-1,-1,-1
2018010136023,1,11,0,5,0,2,0,0,0,0,1,1,1,1,24,5,4500,2,1,3,1,3
2018010136023,2,1,0,18,0,8,0,0,0,0,4,1,6,2,30,6,-1,-1,-1,7,1,7
2018010136025,1,9,0,18,0,8,0,0,0,0,4,1,6,3,-1,-1,-1,-1,-1,-1,-1,-1
2018010136026,1,9,0,9,0,5,0,0,0,0,3,1,6,1,50,8,1360,1,13,1,1,1
2018010136026,2,5,0,18,0,1,0,0,0,0,1,1,6,1,34,6,998,1,14,3,1,3
2018010136027,1,5,0,18,0,1,5,0,0,0,1,1,6,1,54,8,1170,1,5,-1,-1,-1
2018010136027,2,9,0,9,0,6,0,0,0,0,3,1,6,1,61,9,1600,1,13,9,1,9
2018010136032,1,9,0,6,0,0,0,0,0,0,0,1,6,2,25,5,1461,2,1,7,1,7
2018010136032,2,3,0,14,0,0,0,0,0,0,0,1,6,1,27,6,108,1,2,4,1,4
2018010136033,1,3,0,9,0,6,0,0,0,0,4,1,6,1,57,9,124,1,-1,-1,-1,-1
2018010136037,1,9,0,18,0,2,0,0,0,0,3,1,6,1,33,6,1242,1,12,5,1,5
2018010136037,2,9,0,18,0,2,1,0,0,0,4,1,6,1,26,6,1968,2,3,3,1,3
2018010136043,1,9,0,-1,-1,-1,-1,-1,-1,-1,1,-1,6,2,40,7,1598,1,12,7,1,7
2018010136043,2,9,0,-1,-1,-1,-1,-1,-1,-1,2,-1,6,3,-1,-1,998,1,2,-1,-1,-1
2018010136044,1,9,0,18,0,2,0,0,0,0,3,1,6,1,53,8,1329,1,8,2,1,2
2018010136047,1,1,0,18,0,0,0,0,0,0,1,1,6,1,19,4,-1,-1,-1,10,1,10
2018010136047,2,9,0,18,0,0,0,0,0,0,0,1,6,3,-1,-1,-1,-1,-1,-1,-1,-1
2018010136048,1,9,0,-1,-1,-1,-1,-1,-1,-1,2,-1,6,2,49,8,1242,1,15,3,1,3
2018010136053,1,9,0,18,0,8,0,0,0,0,3,1,6,1,70,10,2954,1,28,1,1,1
2018010136053,2,9,3,18,0,8,0,0,0,0,4,1,6,3,-1,-1,1560,2,13,-1,-1,-1
2018010136057,1,9,0,-1,-1,-1,-1,-1,-1,-1,2,-1,2,2,44,7,1341,1,13,2,1,2
2018010136057,2,9,0,-1,-1,-1,-1,-1,-1,-1,1,-1,6,3,-1,-1,1587,1,13,4,1,4
2018010136058,1,9,0,18,0,1,0,0,0,0,4,1,6,2,37,7,1461,2,4,-1,-1,-1
2018010136062,1,3,0,-1,-1,-1,-1,-1,-1,-1,-1,1,6,2,30,6,125,1,3,5,1,5
2018010136062,2,19,0,-1,-1,-1,-1,-1,-1,-1,-1,-1,6,3,-1,-1,-1,-1,-1,-1,-1,-1
2018010136071,1,9,0,-1,-1,0,-1,-1,-1,-1,2,-1,6,1,49,8,1580,8,1,1,1,1
2018010136071,2,9,0,-1,-1,0,-1,-1,-1,-1,1,-1,6,2,28,6,1956,2,7,3,1,3
2018010136072,1,9,0,3,0,1,0,0,0,0,3,1,6,1,30,6,1781,1,17,3,1,3
2018010136072,2,9,0,3,0,1,0,0,0,0,2,1,6,1,57,9,2148,2,16,3,1,3
2018010136072,3,9,0,3,0,1,0,0,0,0,1,1,6,3,-1,-1,1368,1,10,7,1,7
2018010136074,1,9,0,3,0,0,0,0,0,0,3,1,1,1,39,7,1364,1,2,1,1,1
2018010136074,2,1,0,14,0,0,0,4,0,0,3,1,1,1,30,6,-1,-1,-1,3,1,3
2018010136074,3,9,0,14,0,0,0,0,0,0,4,1,6,1,22,5,1497,8,12,2,1,2
2018010136079,1,9,0,18,0,0,0,7,0,0,1,1,6,2,77,11,2495,1,14,3,1,3
2018010136084,1,1,-1,18,0,-1,0,-1,-1,-1,1,1,6,1,49,8,-1,-1,-1,5,1,5
2018010136084,2,9,-1,-1,0,-1,0,-1,0,0,-1,-1,6,2,25,5,2720,2,11,2,1,2
2018010136087,1,9,0,-1,-1,0,-1,-1,-1,-1,2,-1,2,1,22,5,1198,1,14,3,1,3
2018010136087,2,9,0,-1,-1,0,-1,-1,-1,-1,1,-1,6,3,-1,-1,1360,1,16,-1,-1,-1
2018010136087,3,9,0,-1,-1,0,-1,-1,-1,-1,2,-1,6,3,-1,-1,1497,8,10,-1,-1,-1
2018010136093,1,9,-1,-1,-1,1,-1,0,0,0,1,-1,6,1,49,8,1910,2,8,3,1,3
2018010136093,2,9,-1,-1,0,1,-1,0,0,0,-1,-1,6,3,-1,-1,1596,1,8,-1,-1,-1
2018010136102,1,8,0,9,0,1,0,0,0,0,4,1,1,1,47,8,1798,8,-1,3,1,3
2018010136102,2,8,0,18,0,1,0,0,0,0,1,1,1,1,39,7,2499,2,4,4,1,4
2018010136103,1,1,0,18,0,0,0,0,0,0,1,1,6,2,-1,-1,-1,-1,-1,8,1,8
2018010136104,1,9,0,-1,-1,-1,-1,-1,-1,-1,1,-1,6,2,46,8,1496,2,3,1,1,1
2018010136104,2,9,0,-1,-1,-1,-1,-1,-1,-1,1,-1,6,3,-1,-1,-1,-1,-1,-1,-1,-1
2018010136105,1,11,-1,-1,-1,-1,-1,-1,-1,-1,-1,1,1,1,51,8,-1,-1,-1,2,1,2
2018010136106,1,9,0,-1,-1,-1,0,-1,-1,-1,-1,1,6,2,19,4,1398,1,2,-1,-1,-1
2018010136106,2,9,0,-1,-1,-1,0,-1,-1,-1,-1,-1,6,3,-1,-1,1968,2,11,-1,-1,-1
2018010136111,1,9,-1,-1,-1,3,-1,0,0,0,2,-1,6,1,29,6,2993,2,7,4,1,4
2018010136111,2,9,-1,-1,0,4,-1,0,-1,-1,-1,-1,6,1,32,6,2143,2,1,6,1,6
2018010136114,1,9,0,18,0,2,0,0,0,0,1,1,2,1,39,7,2143,2,1,10,1,10
2018010136114,2,9,0,18,0,1,5,0,1,0,1,1,6,2,48,8,1299,1,13,4,1,4
2018010136115,1,19,0,9,0,2,0,0,0,0,1,1,2,1,25,5,1598,2,1,7,1,7
2018010136115,2,1,0,9,0,2,0,0,0,0,2,1,2,1,32,6,-1,-1,-1,3,1,3
2018010136123,1,9,0,18,0,0,0,11,0,0,3,1,6,2,27,6,1299,1,14,4,1,4
2018010136123,2,3,0,18,0,0,0,11,0,0,1,1,6,1,20,4,373,1,-1,3,1,3
2018010136123,3,4,0,18,0,0,0,11,0,0,1,1,6,1,28,6,292,1,1,3,1,3
2018010136125,1,19,0,9,0,1,0,0,0,0,1,1,1,1,30,6,1995,2,1,5,1,5
2018010136125,2,1,0,18,0,1,0,0,0,0,1,1,6,1,59,9,-1,-1,-1,-1,-1,-1
2018010136126,1,9,0,11,0,0,0,0,0,0,4,1,1,1,31,6,1560,2,3,9,1,9
2018010136126,2,5,0,15,2,0,0,0,1,0,1,1,2,1,41,7,745,1,1,10,1,10
2018010136127,1,1,-1,-1,-1,-1,-1,-1,-1,-1,-1,1,2,1,39,7,-1,-1,-1,9,1,9
2018010136127,2,9,0,-1,-1,-1,-1,-1,-1,-1,-1,-1,6,3,-1,-1,1248,1,5,-1,-1,-1
2018010136128,1,2,-1,-1,-1,-1,-1,-1,-1,-1,-1,1,6,3,-1,-1,-1,-1,-1,-1,-1,-1
2018010136130,1,1,-1,-1,-1,0,-1,-1,-1,-1,-1,1,2,1,30,6,-1,-1,-1,2,1,2
2018010136130,2,9,0,-1,-1,0,-1,-1,-1,-1,2,-1,6,3,-1,-1,-1,-1,-1,-1,-1,-1
2018010136131,1,1,-1,18,-1,-1,-1,-1,-1,-1,-1,1,6,2,57,9,-1,-1,-1,4,1,4
2018010136131,2,9,-1,18,-1,-1,-1,-1,-1,-1,-1,-1,6,3,31,6,1560,2,6,4,1,4
2018010136137,1,9,0,10,0,1,0,0,0,0,1,1,6,1,37,7,1248,1,2,6,1,6
2018010136137,2,9,0,18,0,1,0,0,0,0,1,1,6,2,50,8,1998,1,21,8,1,8
2018010136138,1,1,-1,-1,-1,-1,-1,-1,-1,-1,2,1,2,1,-1,-1,-1,-1,-1,8,1,8
2018010136138,2,90,0,-1,-1,-1,-1,-1,-1,-1,1,-1,6,3,-1,-1,-1,-1,-1,7,1,7
2018010136140,1,9,0,5,9,4,0,10,0,0,1,1,6,1,24,5,1242,1,11,1,1,1
2018010136141,1,8,0,-1,-1,0,-1,-1,-1,-1,3,-1,6,1,40,7,1339,8,8,3,1,3
2018010136141,2,9,0,-1,-1,0,-1,-1,-1,-1,-1,-1,6,3,-1,-1,2497,2,14,-1,-1,-1
2018010136142,1,9,0,-1,-1,0,-1,-1,-1,-1,2,-1,6,1,18,4,1968,2,4,9,1,9
2018010136142,2,9,0,-1,-1,0,-1,-1,-1,-1,2,-1,6,3,-1,-1,1560,2,14,2,1,2
2018010136144,1,90,5,5,0,0,0,0,0,0,4,1,6,1,58,9,-1,-1,-1,5,1,5
2018010136144,2,9,0,5,0,0,0,0,0,0,3,1,6,2,50,8,1595,1,5,-1,-1,-1
2018010136147,1,8,0,18,0,8,0,0,0,0,1,1,1,1,60,9,2776,2,1,9,1,9
2018010136149,1,9,-1,-1,-1,2,-1,-1,-1,-1,-1,-1,6,1,56,9,1598,1,11,-1,-1,-1
2018010136149,2,9,-1,-1,-1,2,-1,-1,-1,-1,-1,-1,6,3,-1,-1,1596,1,10,-1,-1,-1
2018010136151,1,9,-1,3,0,-1,-1,0,0,0,2,-1,6,2,21,5,998,1,16,9,1,9
2018010136151,2,9,-1,12,0,-1,-1,0,0,0,1,-1,6,3,-1,-1,2191,2,4,-1,-1,-1
2018010136152,1,9,0,18,0,0,0,0,0,0,2,1,6,2,23,5,998,1,1,2,1,2
2018010136152,2,9,0,18,0,0,0,0,0,0,1,1,6,3,-1,-1,-1,-1,-1,-1,-1,-1
2018010136154,1,11,0,5,0,0,0,0,0,0,0,1,1,2,26,6,4500,2,-1,2,1,2
2018010136154,2,9,0,18,0,0,0,0,0,0,0,1,6,1,40,7,1198,1,4,-1,-1,-1
2018010136163,1,1,-1,-1,-1,0,-1,-1,-1,-1,1,1,2,1,32,6,-1,-1,-1,6,1,6
2018010136164,1,9,0,-1,-1,-1,-1,-1,-1,-1,2,-1,6,2,61,9,1598,1,7,5,1,5
2018010136164,2,9,0,-1,-1,-1,-1,-1,-1,-1,1,-1,6,3,-1,-1,-1,-1,-1,-1,-1,-1
2018010136166,1,9,0,-1,-1,-1,-1,-1,-1,-1,-1,-1,6,2,22,5,1399,1,2,8,1,8
2018010136166,2,11,0,-1,-1,-1,-1,-1,-1,-1,-1,-1,6,3,-1,-1,-1,-1,-1,-1,-1,-1
2018010136168,1,9,0,7,0,8,0,0,0,0,3,2,6,1,53,8,6700,1,59,3,1,3
2018010136175,1,3,0,13,0,1,1,0,0,0,4,1,6,1,24,5,124,1,13,4,1,4
2018010136175,2,9,0,9,0,8,0,0,0,0,3,1,6,1,43,7,1796,1,11,3,1,3
2018010136177,1,3,0,4,0,1,0,0,0,0,2,1,6,1,38,7,124,1,3,3,1,3
2018010136177,2,9,0,4,0,1,0,0,0,0,1,1,6,2,71,10,998,1,12,5,1,5
2018010136179,1,9,0,18,0,0,0,0,1,10,1,1,6,1,48,8,1997,1,13,8,3,8
2018010136179,2,9,0,2,9,0,0,0,0,0,3,1,6,3,-1,-1,1985,1,17,-1,-1,-1
2018010136180,1,9,0,10,0,1,0,0,0,0,0,1,6,2,31,6,1997,2,1,2,1,2
2018010136180,2,5,0,18,0,2,1,7,0,0,1,1,6,1,23,5,599,1,9,2,1,2
2018010136189,1,9,0,6,0,6,0,0,1,0,3,1,6,1,53,8,1798,1,14,3,1,3
2018010136189,2,9,0,18,0,1,0,0,0,0,1,1,6,1,31,6,1956,2,5,-1,-1,-1
2018010136190,1,9,0,-1,-1,-1,-1,-1,-1,-1,2,-1,6,1,32,6,4969,1,10,4,1,4
2018010136190,2,9,0,-1,-1,-1,-1,-1,-1,-1,1,-1,6,3,28,6,1395,1,-1,-1,-1,-1
2018010136197,1,1,-1,-1,-1,-1,-1,-1,-1,-1,1,1,2,1,22,5,-1,-1,-1,2,1,2
2018010136197,2,19,0,-1,-1,-1,-1,-1,-1,-1,-1,-1,6,1,55,8,2402,2,17,4,1,4
2018010136199,1,9,0,18,0,1,0,0,0,0,4,2,1,1,42,7,1794,1,10,1,1,1
2018010136201,1,3,0,-1,-1,-1,-1,-1,-1,-1,-1,1,6,1,58,9,-1,-1,-1,2,1,2
2018010136201,2,9,0,-1,-1,-1,-1,-1,-1,-1,1,-1,6,3,-1,-1,-1,-1,-1,-1,-1,-1
2018010136205,1,9,0,-1,-1,-1,-1,-1,-1,-1,-1,-1,6,2,38,7,1798,1,2,1,1,1
2018010136205,2,8,0,-1,-1,-1,-1,-1,-1,-1,1,-1,6,3,-1,-1,1798,8,2,-1,-1,-1
2018010136208,1,9,0,18,0,1,0,0,0,0,2,1,6,3,-1,-1,-1,-1,-1,-1,-1,-1
2018010136216,1,9,0,18,0,0,0,0,0,0,4,1,6,1,37,7,1598,2,4,4,1,4
2018010136217,1,9,0,-1,-1,0,-1,-1,-1,-1,-1,-1,6,3,-1,-1,1995,2,10,7,1,7
2018010136222,1,9,0,18,0,1,1,0,0,0,1,1,6,1,29,6,1984,1,8,3,1,3
2018010136222,2,9,0,9,0,2,1,0,0,0,2,1,6,2,35,6,1595,1,5,4,1,4
2018010136222,3,9,0,2,0,1,0,0,0,0,2,1,6,3,-1,-1,1560,2,4,-1,-1,-1
2018010136223,1,4,0,14,0,6,0,0,0,0,4,1,2,2,38,7,649,1,6,7,2,7
2018010136223,2,9,0,9,0,6,0,0,0,0,1,1,1,2,30,6,1995,2,6,-1,-1,-1
2018010136224,1,9,0,-1,-1,0,-1,-1,-1,-1,-1,-1,6,1,63,9,1950,2,2,5,1,5
2018010136224,2,90,0,-1,-1,0,-1,-1,-1,-1,-1,-1,6,1,55,8,-1,-1,-1,2,-1,2
2018010136226,1,9,0,1,0,3,0,0,0,0,2,1,2,1,40,7,1499,2,5,-1,-1,-1
2018010136228,1,90,0,7,0,5,0,0,1,0,1,1,1,1,32,6,-1,-1,-1,4,1,4
2018010136228,2,1,0,18,0,1,1,0,0,0,1,1,6,1,25,5,-1,-1,-1,8,1,8
2018010136232,1,9,0,18,9,8,0,0,0,0,3,1,3,1,32,6,1560,2,10,7,1,7
2018010136234,1,19,0,5,0,2,0,0,0,0,1,1,2,1,34,6,2402,2,10,5,1,5
2018010136234,2,19,4,3,0,1,0,0,0,0,3,1,1,1,30,6,1995,2,1,2,1,2
2018010136236,1,9,0,18,0,0,0,0,0,0,1,1,6,1,27,6,1984,1,-1,4,1,4
2018010136238,1,9,0,-1,-1,-1,-1,-1,-1,-1,-1,-1,2,1,22,5,1598,1,11,5,1,5
2018010136238,2,1,-1,-1,-1,-1,-1,-1,-1,-1,1,1,6,1,-1,-1,-1,-1,-1,-1,-1,-1
2018010136240,1,9,-1,-1,-1,0,-1,-1,-1,-1,3,-1,6,2,36,7,1995,1,10,3,1,3
2018010136240,2,21,4,-1,-1,0,-1,-1,-1,-1,3,1,1,1,-1,-1,12740,2,2,-1,-1,-1
2018010136242,1,9,0,18,0,2,0,0,0,0,2,1,6,2,51,8,-1,-1,-1,2,1,2