Accident_Index,Vehicle_Reference,Vehicle_Type,Towing_and_Articulation,Vehicle_Manoeuvre,Vehicle_Location-Restricted_Lane,Junction_Location,Skidding_and_Overturning,Hit_Object_in_Carriageway,Vehicle_Leaving_Carriageway,Hit_Object_off_Carriageway,1st_Point_of_Impact,Was_Vehicle_Left_Hand_Drive?,Journey_Purpose_of_Driver,Sex_of_Driver,Age_of_Driver,Age_Band_of_Driver,Engine_Capacity_(CC),Propulsion_Code,Age_of_Vehicle,Driver_IMD_Decile,Driver_Home_Area_Type,Vehicle_IMD_Decile
2018010137058,1,1,0,18,0,1,0,0,0,0,1,1,2,1,41,7,-1,-1,-1,3,1,3
2018010137058,2,19,0,18,0,1,0,0,0,0,4,1,1,1,50,8,1560,2,-1,6,1,6
2018010137059,1,9,0,-1,-1,-1,-1,-1,-1,-1,2,-1,6,1,34,6,2000,1,9,3,1,3
2018010137060,1,3,0,4,0,1,0,0,0,0,3,1,6,1,21,5,125,1,1,3,1,3
2018010137060,2,9,0,18,0,1,0,0,0,0,4,1,6,1,44,7,2261,1,2,4,1,4
2018010137061,1,9,0,5,0,5,0,0,0,0,1,1,6,2,47,8,1390,1,12,8,1,8
2018010137065,1,9,0,-1,-1,-1,-1,-1,-1,-1,-1,-1,6,2,37,7,1598,1,11,1,1,1
2018010137065,2,9,0,-1,-1,-1,-1,-1,-1,-1,-1,-1,6,3,-1,-1,1997,1,4,-1,-1,-1
2018010137067,1,8,0,18,0,0,0,0,0,0,1,1,1,1,38,7,2499,2,11,2,1,2
2018010137068,1,11,0,-1,-1,0,-1,-1,-1,-1,0,-1,6,2,67,10,5132,2,3,4,1,4
2018010137072,1,9,0,7,0,6,0,0,0,0,3,1,1,1,35,6,1598,2,7,2,1,2
2018010137072,2,9,0,18,0,1,0,0,0,0,3,1,1,1,55,8,2987,2,8,4,1,4
2018010137072,3,1,0,18,0,1,0,0,0,0,1,1,2,1,39,7,-1,-1,-1,7,1,7
2018010137076,1,3,0,-1,-1,-1,-1,-1,-1,-1,1,1,2,1,22,5,125,1,3,3,1,3
2018010137076,2,8,0,-1,-1,-1,-1,-1,-1,-1,-1,-1,6,3,-1,-1,1995,2,7,3,1,3
2018010137080,1,8,0,3,0,1,0,0,0,0,1,1,6,1,34,6,1598,2,5,3,1,3
2018010137081,1,19,0,18,0,8,0,0,0,0,4,1,6,1,23,5,2143,2,2,2,1,2
2018010137085,1,19,0,4,0,2,0,0,0,0,2,1,2,1,28,6,1995,2,8,7,1,7
2018010137085,2,3,0,18,0,2,0,0,0,0,1,1,6,1,31,6,125,1,10,4,1,4
2018010137089,1,19,0,-1,-1,-1,-1,-1,-1,-1,2,-1,6,1,37,7,1461,2,-1,2,1,2
2018010137089,2,9,0,-1,-1,-1,-1,-1,-1,-1,1,-1,6,3,42,7,2926,2,15,2,1,2
2018010137090,1,9,0,3,0,8,0,0,0,0,2,1,6,2,42,7,1783,1,14,4,1,4
2018010137090,2,9,0,18,0,1,0,0,0,0,1,1,6,3,-1,-1,1398,1,3,-1,-1,-1
2018010137093,1,11,0,18,0,2,0,0,0,0,0,1,1,1,62,9,4500,2,10,3,1,3
2018010137094,1,9,0,18,0,0,5,4,0,0,4,1,6,2,88,11,1395,1,2,9,1,9
2018010137094,2,9,0,2,0,0,0,0,0,0,3,1,6,3,-1,-1,2000,2,8,-1,-1,-1
2018010137094,3,9,0,2,0,0,0,0,0,0,1,1,6,3,-1,-1,1598,1,14,-1,-1,-1
2018010137094,4,19,0,2,0,0,0,0,0,0,3,1,6,3,-1,-1,2198,2,2,-1,-1,-1
2018010137097,1,11,0,18,0,0,0,0,0,0,0,1,1,2,49,8,6692,2,7,-1,-1,-1
2018010137098,1,3,0,16,0,1,1,0,7,0,1,1,1,1,17,4,108,1,2,-1,-1,-1
2018010137098,2,9,0,16,0,1,0,0,0,0,2,1,2,1,23,5,1995,2,5,4,1,4
2018010137101,1,3,0,5,0,2,0,0,0,0,1,1,1,1,29,6,124,1,9,8,1,8
2018010137102,1,8,0,11,-1,-1,-1,-1,-1,-1,-1,1,6,3,-1,-1,2143,2,6,7,3,7
2018010137104,1,9,0,18,0,1,0,0,0,0,1,1,6,1,25,5,-1,-1,-1,2,1,2
2018010137104,2,9,0,3,0,1,0,0,0,0,2,1,6,2,28,6,998,1,21,8,1,8
2018010137104,3,9,0,3,0,1,0,0,0,0,2,1,6,2,52,8,1198,1,7,5,1,5
2018010137105,1,21,0,7,0,8,0,0,0,0,1,1,1,1,46,8,7698,2,2,5,3,5
2018010137105,2,1,0,18,0,8,2,0,0,0,3,1,2,2,38,7,-1,-1,-1,7,1,7
2018010137107,1,8,0,1,0,1,0,0,0,0,2,1,1,1,41,7,1598,1,4,5,1,5
2018010137107,2,9,0,18,0,1,0,0,0,0,3,1,6,2,34,6,1995,2,6,7,1,7
2018010137109,1,9,0,-1,-1,-1,-1,-1,-1,-1,3,-1,6,2,51,8,1242,1,4,6,1,6
2018010137109,2,9,0,-1,-1,-1,-1,-1,-1,-1,4,-1,6,3,-1,-1,1598,1,6,-1,-1,-1
2018010137110,1,19,0,18,0,0,0,0,0,0,1,1,2,1,46,8,1997,2,10,-1,-1,-1
2018010137114,1,3,0,18,0,2,1,0,0,0,1,1,6,1,17,4,125,1,-1,1,1,1
2018010137119,1,9,0,9,0,5,0,0,0,0,4,1,6,1,27,6,1598,2,5,4,1,4
2018010137119,2,1,0,18,0,1,0,0,1,0,1,1,6,1,57,9,-1,-1,-1,2,1,2
2018010137121,1,9,0,18,0,0,0,0,0,0,1,1,6,1,28,6,1197,1,-1,1,1,1
2018010137123,1,9,0,12,0,8,0,10,0,0,3,2,6,1,23,5,1198,1,7,2,1,2
2018010137123,2,9,0,18,0,2,0,0,0,0,1,2,6,1,41,7,898,1,-1,-1,-1,-1
2018010137124,1,11,0,4,0,0,0,0,0,0,0,1,1,1,35,6,7300,2,12,2,1,2
2018010137127,1,9,0,9,0,1,0,0,0,0,1,1,6,1,38,7,1956,2,8,2,1,2
2018010137130,1,9,0,15,0,1,0,0,0,0,4,1,6,1,35,6,1499,1,3,9,1,9
2018010137130,2,1,0,18,0,1,0,0,0,0,3,1,2,1,29,6,-1,-1,-1,2,1,2
2018010137131,1,9,0,1,9,6,0,0,0,0,2,1,6,1,21,5,1229,1,10,2,1,2
2018010137136,1,1,-1,-1,-1,0,-1,-1,-1,-1,-1,1,2,1,36,7,-1,-1,-1,10,1,10
2018010137136,2,9,0,-1,-1,0,-1,-1,-1,-1,-1,-1,6,3,-1,-1,-1,-1,-1,-1,-1,-1
2018010137137,1,9,0,18,0,0,0,4,0,0,4,1,6,1,20,4,1461,2,-1,3,1,3
2018010137137,2,9,0,2,0,0,0,0,0,0,2,1,6,3,-1,-1,2995,1,4,-1,-1,-1
2018010137140,1,9,0,3,0,0,0,0,0,0,3,1,1,1,47,8,1896,2,8,2,1,2
2018010137140,2,1,0,18,0,0,0,0,0,0,1,1,6,1,15,3,-1,-1,-1,3,1,3
2018010137142,1,9,0,18,0,8,0,0,0,0,3,1,6,1,51,8,1596,1,14,2,1,2
2018010137142,2,1,0,18,0,8,0,0,0,0,1,1,4,1,13,3,-1,-1,-1,5,1,5
2018010137146,1,1,0,18,0,1,0,0,0,0,-1,1,2,2,57,9,-1,-1,-1,6,1,6
2018010137146,2,9,0,-1,0,1,0,0,0,0,-1,1,6,3,-1,-1,2993,2,13,-1,-1,-1
2018010137151,1,9,0,18,0,6,0,0,0,0,3,1,6,3,-1,-1,-1,-1,-1,-1,-1,-1
2018010137152,1,8,0,18,0,1,0,0,0,0,1,1,1,1,42,7,1896,2,15,7,1,7
2018010137152,2,1,0,9,0,8,0,0,0,0,4,1,6,1,22,5,-1,-1,-1,4,1,4
2018010137154,1,2,0,4,0,0,0,0,0,0,0,1,1,1,30,6,124,1,5,6,1,6
2018010137154,2,9,0,6,0,0,0,0,0,0,0,1,6,1,36,7,1339,1,12,6,1,6
2018010137156,1,9,0,9,0,8,0,0,0,0,4,1,6,2,23,5,1560,2,8,4,1,4
2018010137156,2,9,0,18,0,8,0,0,0,0,1,1,6,1,21,5,1796,1,14,3,1,3
2018010137157,1,3,0,13,0,6,0,0,0,0,1,1,6,1,15,3,125,1,13,1,1,1
2018010137157,2,9,0,18,0,1,0,0,0,0,0,1,6,1,36,7,1200,1,1,5,3,5
2018010137157,3,9,0,18,0,6,0,0,0,0,1,1,6,3,-1,-1,-1,-1,-1,-1,-1,-1
2018010137158,1,5,0,18,0,8,0,0,0,0,1,1,6,1,26,6,998,1,11,-1,-1,-1
2018010137158,2,9,0,5,0,8,0,0,0,0,4,1,6,1,36,7,1896,2,12,2,1,2
2018010137160,1,9,0,18,0,0,0,0,0,0,1,1,6,3,-1,-1,-1,-1,-1,-1,-1,-1
2018010137162,1,9,0,7,0,3,0,0,0,0,1,1,6,2,29,6,1398,1,2,10,2,10
2018010137162,2,9,0,18,0,4,0,0,1,0,1,1,6,3,-1,-1,2720,2,13,-1,-1,-1
2018010137163,1,90,0,18,9,1,0,0,0,0,1,1,6,1,27,6,-1,-1,-1,3,1,3
2018010137163,2,9,0,9,0,1,0,0,0,0,1,1,6,1,61,9,1850,1,20,4,1,4
2018010137166,1,9,0,18,0,0,0,0,0,0,3,1,6,1,31,6,1896,2,12,4,1,4
2018010137166,2,9,0,18,0,0,0,0,0,0,3,1,6,1,39,7,2000,2,12,-1,-1,-1
2018010137167,1,8,0,6,0,1,0,0,0,0,3,1,1,1,48,8,-1,-1,-1,7,1,7
2018010137167,2,3,0,18,0,1,0,0,0,0,4,1,6,1,19,4,124,1,10,2,1,2
2018010137168,1,8,0,6,0,0,0,0,0,0,4,1,1,1,52,8,2143,2,5,2,1,2
2018010137179,1,8,0,-1,0,1,0,0,0,0,2,-1,6,1,36,7,2402,2,15,1,1,1
2018010137179,2,9,0,-1,0,1,0,0,0,0,1,-1,6,1,22,5,1995,2,7,3,1,3
2018010137182,1,9,0,9,0,6,0,0,0,0,1,1,6,1,27,6,1598,1,5,2,1,2
2018010137182,2,9,0,18,0,1,1,4,0,0,3,1,6,2,24,5,-1,-1,-1,4,1,4
2018010137182,3,9,0,2,0,1,1,4,7,0,2,1,6,3,-1,-1,1197,1,1,-1,-1,-1
2018010137182,4,19,0,2,0,1,0,4,0,0,1,1,6,3,-1,-1,2198,2,6,-1,-1,-1
2018010137183,1,9,0,18,0,1,0,0,0,0,3,1,6,2,44,7,1598,1,11,3,1,3
2018010137187,1,9,0,18,0,0,0,0,0,0,1,1,6,3,-1,-1,1398,1,4,-1,-1,-1
2018010137187,2,1,0,18,0,0,0,0,0,0,2,1,2,1,13,3,-1,-1,-1,4,1,4
2018010137188,1,19,0,18,0,2,0,0,0,0,4,1,1,2,38,7,2287,2,12,3,1,3
2018010137189,1,1,-1,-1,-1,-1,-1,-1,-1,-1,-1,1,6,2,60,9,-1,-1,-1,10,1,10
2018010137189,2,9,0,-1,-1,-1,-1,-1,-1,-1,1,-1,6,3,43,7,1997,2,6,9,1,9
2018010137190,1,9,0,-1,-1,0,-1,-1,-1,-1,-1,-1,6,2,39,7,1998,1,13,2,1,2
2018010137190,2,9,0,-1,-1,0,-1,-1,-1,-1,-1,-1,6,3,-1,-1,1796,1,14,9,1,9
2018010137192,1,5,0,18,0,1,0,0,0,0,2,1,6,1,38,7,599,1,4,4,1,4
2018010137192,2,9,0,18,0,1,0,0,0,0,1,1,6,2,24,5,1598,1,12,2,1,2
2018010137194,1,9,0,17,0,8,0,0,0,0,1,1,6,1,43,7,3311,8,11,4,1,4
2018010137194,2,9,0,17,0,8,0,0,0,0,2,1,1,1,37,7,-1,-1,-1,4,1,4
2018010137198,1,1,-1,-1,-1,-1,-1,-1,-1,-1,2,1,2,1,29,6,-1,-1,-1,6,1,6
2018010137198,2,9,0,-1,-1,-1,-1,-1,-1,-1,1,-1,6,3,32,6,1896,2,10,5,1,5
2018010137203,1,11,0,18,2,0,0,0,0,0,1,1,1,3,49,8,-1,-1,-1,5,1,5
2018010137205,1,9,0,8,0,1,0,0,0,0,1,1,6,1,50,8,1396,1,13,2,1,2
2018010137205,2,9,0,3,0,4,0,0,0,0,2,1,6,1,52,8,2494,8,1,5,1,5
2018010137209,1,9,0,-1,-1,0,-1,-1,-1,-1,1,-1,6,1,57,9,1199,1,17,4,1,4
2018010137209,2,9,0,-1,-1,0,-1,-1,-1,-1,0,-1,6,3,-1,-1,-1,-1,-1,-1,-1,-1
2018010137209,3,9,0,-1,-1,0,-1,-1,-1,-1,2,-1,6,3,-1,-1,2179,2,5,-1,-1,-1
2018010137210,1,1,-1,-1,-1,0,-1,-1,-1,-1,-1,1,6,2,41,7,-1,-1,-1,6,1,6
2018010137210,2,9,0,-1,-1,0,-1,-1,-1,-1,1,-1,6,1,44,7,1598,1,7,5,1,5
2018010137214,1,9,0,5,0,2,0,0,0,0,1,1,2,1,32,6,1587,1,17,1,1,1
2018010137214,2,9,0,4,0,2,0,0,0,0,2,1,6,1,52,8,1950,2,2,8,1,8
2018010137215,1,9,0,10,0,4,0,7,0,0,1,1,6,2,28,6,1496,2,1,5,1,5
2018010137223,1,8,0,-1,-1,-1,-1,-1,-1,-1,2,-1,6,1,40,7,1797,8,8,4,1,4
2018010137223,2,9,0,-1,-1,-1,-1,-1,-1,-1,2,-1,6,3,-1,-1,-1,-1,-1,-1,-1,-1
2018010137225,1,9,0,-1,-1,-1,-1,-1,-1,-1,-1,-1,6,1,36,7,1498,1,13,6,1,6
2018010137225,2,9,0,-1,-1,-1,-1,-1,-1,-1,1,-1,6,3,-1,-1,-1,-1,-1,-1,-1,-1
2018010137227,1,5,0,18,0,8,0,0,0,0,2,1,2,1,33,6,883,1,13,3,1,3
2018010137227,2,9,0,5,0,8,0,0,0,0,1,1,6,2,50,8,2143,2,2,10,1,10
2018010137229,1,9,0,-1,-1,-1,-1,-1,-1,-1,2,-1,2,1,33,6,1422,2,9,9,1,9
2018010137229,2,9,0,-1,-1,-1,-1,-1,-1,-1,1,-1,6,3,-1,-1,1364,1,10,-1,-1,-1
2018010137234,1,9,0,6,0,1,0,0,0,0,2,1,1,1,42,7,1798,8,3,1,1,1
2018010137237,1,9,0,9,0,2,0,0,0,0,3,1,6,2,30,6,1299,1,14,4,1,4
2018010137237,2,2,0,18,0,1,0,0,0,0,1,1,6,2,24,5,48,1,6,6,1,6
2018010137238,1,9,0,9,0,0,0,0,0,0,4,1,6,2,30,6,1998,2,13,9,1,9
2018010137238,2,9,0,18,0,0,0,0,0,0,1,1,6,2,52,8,2688,2,16,3,1,3
2018010137239,1,9,0,5,0,2,0,0,0,0,1,1,6,1,50,8,1560,2,9,3,1,3
2018010137240,1,3,0,18,0,0,1,0,0,0,0,1,6,1,21,5,125,1,4,2,1,2
2018010137249,1,2,0,18,0,1,2,0,0,0,0,1,1,1,18,4,49,1,11,5,1,5
2018010137249,2,19,0,9,0,1,0,0,0,0,0,1,6,1,30,6,2198,2,7,2,1,2
2018010137251,1,8,0,-1,-1,0,-1,-1,-1,-1,4,-1,6,1,36,7,1797,8,7,4,1,4
2018010137251,2,9,0,-1,-1,0,-1,-1,-1,-1,-1,-1,6,3,-1,-1,1997,1,9,-1,-1,-1
2018010137254,1,8,0,-1,-1,-1,-1,-1,-1,-1,-1,-1,6,1,-1,-1,1797,8,7,4,1,4
2018010137254,2,9,0,-1,-1,-1,-1,-1,-1,-1,-1,-1,6,3,-1,-1,1368,1,12,2,1,2
2018010137255,1,9,0,-1,-1,0,-1,-1,-1,-1,1,-1,2,2,37,7,1198,1,4,2,1,2
2018010137255,2,9,0,-1,-1,0,-1,-1,-1,-1,2,-1,6,3,-1,-1,1984,1,2,-1,-1,-1
2018010137258,1,8,0,18,0,8,0,0,0,0,1,1,2,1,44,7,1998,2,7,5,1,5
2018010137258,2,1,0,17,0,8,0,0,0,0,2,1,6,1,49,8,-1,-1,-1,6,3,6
2018010137259,1,9,0,-1,-1,-1,-1,-1,-1,-1,-1,-1,6,2,50,8,1798,1,11,5,1,5
2018010137259,2,19,0,-1,-1,-1,-1,-1,-1,-1,-1,-1,6,3,-1,-1,-1,-1,-1,-1,-1,-1
2018010137260,1,9,0,9,0,8,0,0,0,0,2,1,1,1,53,8,998,1,6,4,1,4
2018010137260,2,1,0,18,0,8,0,0,0,0,1,1,1,1,44,7,-1,-1,-1,5,1,5
2018010137263,1,9,0,16,0,3,0,0,0,0,1,1,6,1,35,6,2493,8,4,5,1,5
2018010137263,2,1,0,12,0,8,0,0,0,0,2,1,6,2,37,7,-1,-1,-1,4,1,4
2018010137264,1,8,0,18,0,1,0,0,0,0,2,1,6,1,48,8,1797,8,7,5,1,5
2018010137266,1,9,0,9,0,5,0,0,0,0,3,1,6,2,40,7,1360,1,11,3,1,3
2018010137267,1,1,-1,-1,-1,-1,-1,-1,-1,-1,-1,1,2,1,19,4,-1,-1,-1,9,1,9
2018010137267,2,9,0,-1,-1,-1,-1,-1,-1,-1,1,-1,6,3,47,8,5343,1,30,4,1,4
2018010137269,1,3,0,-1,-1,-1,-1,-1,-1,-1,-1,1,6,1,53,8,124,1,8,3,1,3
2018010137269,2,9,0,-1,-1,-1,-1,-1,-1,-1,-1,-1,6,3,-1,-1,2143,2,4,-1,-1,-1
2018010137271,1,1,0,18,0,1,0,0,0,0,1,1,6,1,15,3,-1,-1,-1,1,1,1
2018010137271,2,9,0,9,0,6,0,0,0,0,1,1,6,2,31,6,-1,-1,-1,2,1,2
2018010137272,1,9,0,5,0,2,0,0,0,0,1,1,6,3,-1,-1,-1,-1,-1,-1,-1,-1
2018010137275,1,9,0,-1,-1,-1,-1,-1,-1,-1,2,-1,2,1,25,5,1799,1,11,4,-1,4
2018010137275,2,9,0,-1,-1,-1,-1,-1,-1,-1,1,-1,6,3,-1,-1,1598,1,7,4,1,4
2018010137276,1,3,0,18,2,0,0,0,0,0,3,1,1,1,45,7,125,1,3,1,1,1
2018010137276,2,9,0,18,2,0,0,0,0,0,3,1,6,3,-1,-1,-1,-1,-1,2,1,2
2018010137277,1,9,0,-1,-1,-1,-1,-1,-1,-1,0,-1,2,2,47,8,1797,8,4,3,1,3
2018010137277,2,9,0,-1,-1,-1,-1,-1,-1,-1,0,-1,6,3,-1,-1,-1,-1,-1,-1,-1,-1
2018010137278,1,11,0,18,0,0,1,0,0,0,1,1,1,1,35,6,4500,2,11,3,1,3
2018010137278,2,9,0,6,0,0,0,0,0,0,4,1,6,1,42,7,1896,2,12,3,1,3
2018010137282,1,9,0,14,0,1,0,0,0,0,4,1,6,3,-1,-1,-1,-1,-1,-1,-1,-1
2018010137284,1,9,0,-1,-1,-1,-1,-1,-1,-1,2,-1,6,3,28,6,-1,-1,-1,-1,-1,-1
2018010137284,2,9,0,-1,-1,-1,-1,-1,-1,-1,1,-1,6,3,28,6,-1,-1,-1,-1,-1,-1
2018010137285,1,8,0,9,0,2,0,0,0,0,1,1,6,1,53,8,1797,8,7,3,1,3
2018010137288,1,5,0,13,0,1,0,0,7,0,1,1,6,1,32,6,599,1,6,1,1,1
2018010137288,2,9,0,9,0,1,0,0,0,0,1,1,6,2,42,7,1896,2,16,1,1,1
2018010137289,1,3,0,18,0,7,2,0,0,0,4,1,2,1,23,5,124,1,4,3,1,3
2018010137289,2,9,0,10,0,1,0,0,0,0,1,1,6,2,28,6,999,1,2,2,1,2
2018010137292,1,1,0,18,0,8,0,0,0,0,1,1,6,2,24,5,-1,-1,-1,2,1,2
2018010137292,2,9,0,5,0,8,0,0,0,0,4,1,6,3,-1,-1,-1,-1,-1,-1,-1,-1
2018010137294,1,11,0,5,2,0,0,0,0,0,1,1,1,1,65,9,5132,2,2,4,1,4
2018010137299,1,3,0,4,0,1,2,0,0,0,3,1,1,1,51,8,108,1,3,2,1,2
2018010137299,2,9,0,4,0,1,0,0,0,0,0,1,6,3,-1,-1,-1,-1,-1,-1,-1,-1
2018010137300,1,9,0,6,0,8,0,0,0,0,3,1,6,2,33,6,1984,1,1,3,1,3
2018010137300,2,3,0,18,0,1,0,0,0,0,1,1,1,1,33,6,125,1,-1,2,1,2
2018010137301,1,4,0,18,0,1,0,0,0,0,1,1,6,1,20,4,125,1,2,1,1,1
2018010137301,2,9,0,9,0,1,0,0,0,0,1,1,6,2,28,6,1596,1,12,10,2,10
2018010137302,1,9,0,9,0,6,0,0,3,4,1,1,6,2,37,7,1998,1,-1,2,1,2
2018010137302,2,9,0,18,0,1,0,0,0,0,1,1,6,1,41,7,2993,2,6,4,1,4
2018010137303,1,9,0,-1,-1,-1,-1,-1,-1,-1,-1,-1,6,3,-1,-1,1364,1,3,-1,-1,-1
2018010137304,1,3,0,-1,-1,0,-1,-1,-1,-1,-1,1,6,1,18,4,124,1,2,2,1,2
2018010137304,2,9,0,-1,-1,0,-1,-1,-1,-1,0,-1,6,3,-1,-1,-1,-1,-1,3,1,3
2018010137305,1,9,0,3,0,3,0,0,0,0,0,1,6,1,26,6,1798,8,1,4,1,4
2018010137305,2,3,0,5,0,3,0,4,0,0,1,1,1,1,37,7,125,1,1,1,1,1
2018010137306,1,9,0,18,0,0,0,0,0,0,1,1,6,1,36,7,1968,2,6,4,1,4
2018010137306,2,9,0,13,0,0,0,0,0,0,1,1,6,1,24,5,1989,1,19,5,1,5
2018010137307,1,9,0,18,0,1,0,0,0,0,1,1,6,3,-1,-1,-1,-1,-1,-1,-1,-1
2018010137311,1,8,-1,-1,-1,0,-1,-1,-1,-1,4,-1,6,1,34,6,1956,2,4,5,1,5
2018010137312,1,4,0,9,0,5,0,0,0,0,4,1,6,1,35,6,399,1,9,4,1,4
2018010137312,2,19,0,9,0,1,0,0,0,0,3,1,1,1,65,9,2198,2,5,2,1,2
2018010137313,1,9,0,9,0,8,0,0,0,0,4,1,6,2,20,4,1248,2,9,3,1,3
2018010137313,2,9,0,18,0,6,0,0,0,0,1,1,6,2,29,6,1968,2,4,6,1,6
2018010137314,1,9,0,5,0,8,0,0,0,0,3,1,2,1,21,5,1364,1,9,5,1,5
2018010137314,2,3,0,18,0,1,0,0,0,0,1,1,6,1,34,6,125,1,3,3,1,3
2018010137315,1,4,0,18,2,1,1,0,0,0,1,1,6,1,23,5,1000,1,10,1,1,1
2018010137315,2,9,0,9,0,5,0,0,0,0,1,1,6,1,40,7,1968,2,-1,10,1,10
2018010137316,1,9,0,4,0,1,0,0,0,0,2,1,1,2,44,7,2143,2,1,9,1,9
2018010137316,2,9,0,18,0,1,0,0,0,0,1,1,2,1,29,6,1797,8,8,6,1,6
2018010137317,1,9,0,-1,-1,-1,-1,-1,-1,-1,1,-1,6,2,32,6,1997,2,5,2,1,2
2018010137319,1,9,0,4,0,5,0,0,0,0,2,1,6,2,55,8,1598,1,5,-1,-1,-1
2018010137319,2,9,0,18,0,5,0,0,0,0,1,1,6,1,38,7,1299,1,17,2,1,2
2018010137323,1,3,0,18,2,0,0,0,0,0,1,1,6,1,-1,-1,108,1,5,9,1,9
2018010137323,2,1,0,5,2,0,0,0,0,0,3,1,6,2,55,8,-1,-1,-1,3,1,3
2018010137324,1,9,0,18,0,8,0,0,0,0,1,1,2,1,25,5,-1,-1,-1,7,1,7
2018010137324,2,9,0,7,0,8,0,0,0,0,3,2,6,2,21,5,1368,1,9,4,1,4
2018010137326,1,9,0,3,0,1,0,0,0,0,2,1,6,1,43,7,1968,2,11,3,1,3
2018010137326,2,9,0,18,0,1,0,0,0,0,1,1,6,1,33,6,1339,1,14,8,1,8
2018010137327,1,8,0,3,0,0,0,0,0,0,2,1,1,1,45,7,2499,2,10,6,1,6
2018010137327,2,8,0,3,0,0,0,0,0,0,2,1,1,1,41,7,2143,2,1,3,1,3
2018010137327,3,9,0,3,0,0,0,0,0,0,1,1,2,2,25,5,1896,2,12,5,1,5
2018010137328,1,9,0,16,0,0,0,7,1,6,1,1,6,1,24,5,2494,1,29,4,1,4
2018010137330,1,9,0,17,0,1,5,10,2,2,4,1,6,1,39,7,1968,2,4,9,1,9
2018010137332,1,19,0,18,0,0,0,0,0,0,4,1,6,1,64,9,1896,2,11,8,1,8
2018010137333,1,9,0,15,0,1,1,4,0,0,1,1,6,3,-1,-1,2480,1,1,-1,-1,-1
2018010137333,2,9,0,9,0,8,1,4,0,0,3,1,6,1,59,9,2171,1,17,3,1,3
2018010137333,3,8,0,10,0,1,0,0,0,0,1,1,1,1,43,7,1797,8,7,1,1,1
2018010137334,1,9,0,7,0,0,1,10,3,1,1,1,6,3,-1,-1,1896,2,15,4,1,4
2018010137335,1,9,0,18,0,0,0,0,0,0,0,1,6,1,44,7,1798,8,5,7,1,7
2018010137335,2,3,0,18,0,0,0,0,0,0,0,1,2,1,43,7,125,1,3,6,1,6
2018010137337,1,9,0,18,0,8,0,0,0,0,1,1,6,1,50,8,2987,2,7,2,1,2
2018010137337,2,1,0,18,0,8,0,0,0,0,4,1,6,1,34,6,-1,-1,-1,2,1,2
2018010137341,1,19,0,5,0,1,0,0,0,0,1,1,1,2,22,5,1995,2,10,1,1,1
2018010137341,2,3,0,7,0,1,0,0,0,0,1,1,1,1,21,5,124,1,-1,3,1,3
2018010137343,1,1,0,18,0,2,0,0,0,0,1,1,6,1,-1,-1,-1,-1,-1,-1,-1,-1
2018010137345,1,9,0,-1,-1,-1,-1,-1,-1,-1,2,-1,6,1,23,5,1399,1,2,3,1,3
2018010137345,2,9,0,-1,-1,-1,-1,-1,-1,-1,1,-1,6,3,-1,-1,1598,1,11,1,1,1
2018010137346,1,11,0,4,3,0,0,0,7,0,0,1,1,1,49,8,6700,2,-1,4,1,4
2018010137351,1,9,0,-1,-1,-1,-1,-1,-1,-1,2,-1,6,1,59,9,1598,1,14,5,1,5
2018010137351,2,9,0,-1,-1,-1,-1,-1,-1,-1,1,-1,6,3,51,8,1995,1,13,2,1,2
2018010137355,1,11,0,18,0,0,0,0,0,0,1,1,1,1,55,8,6700,2,6,2,1,2
2018010137356,1,9,0,-1,-1,0,-1,-1,-1,-1,2,-1,6,3,-1,-1,1200,1,3,3,1,3
2018010137357,1,4,0,18,0,1,0,0,0,0,1,1,6,1,32,6,125,1,4,6,1,6
2018010137357,2,1,0,18,0,1,0,0,0,0,4,1,6,2,30,6,-1,-1,-1,6,1,6
2018010137358,1,8,0,10,0,6,0,0,1,0,1,1,1,1,28,6,1797,8,7,3,1,3
2018010137358,2,3,0,18,0,1,0,0,0,0,1,1,6,1,50,8,125,1,4,1,1,1
2018010137359,1,9,0,18,0,4,0,11,0,0,1,1,6,1,20,4,2993,2,7,-1,-1,-1
2018010137359,2,9,0,3,0,4,0,0,0,0,2,1,6,1,35,6,3497,1,13,9,1,9
2018010137363,1,9,0,2,0,2,0,0,0,0,2,1,6,3,-1,-1,1388,1,14,-1,-1,-1
2018010137363,2,9,0,9,0,2,1,0,0,0,1,1,6,2,-1,-1,1560,2,7,-1,-1,-1
2018010137363,3,9,0,2,0,8,0,0,0,0,1,1,6,3,-1,-1,1956,2,7,-1,-1,-1
2018010137364,1,9,0,9,0,8,0,0,0,0,3,1,1,1,40,7,2143,2,6,2,1,2
2018010137364,2,4,0,13,0,1,0,0,0,0,1,1,6,1,43,7,125,1,4,4,1,4
2018010137367,1,9,0,18,0,1,0,0,0,0,1,1,6,3,-1,-1,-1,-1,-1,-1,-1,-1
2018010137368,1,3,0,18,0,1,2,0,0,0,0,1,1,1,20,4,125,1,7,3,1,3
2018010137368,2,9,0,10,0,1,0,0,0,0,0,1,1,1,48,8,1968,2,1,3,-1,3
2018010137372,1,8,0,18,0,8,0,0,0,0,1,1,1,1,37,7,1997,2,7,4,1,4
2018010137372,2,9,0,18,0,8,0,2,0,0,3,1,6,1,19,4,1242,1,3,2,1,2
2018010137398,1,9,0,16,0,3,0,0,0,0,2,1,6,1,34,6,1598,2,4,8,1,8
2018010137398,2,9,0,17,0,3,0,0,0,0,1,1,6,2,25,5,2179,2,5,7,1,7
2018010137399,1,9,0,9,0,5,0,0,0,0,1,1,6,1,30,6,1600,1,12,6,1,6