Accident_Index,Vehicle_Reference,Vehicle_Type,Towing_and_Articulation,Vehicle_Manoeuvre,Vehicle_Location-Restricted_Lane,Junction_Location,Skidding_and_Overturning,Hit_Object_in_Carriageway,Vehicle_Leaving_Carriageway,Hit_Object_off_Carriageway,1st_Point_of_Impact,Was_Vehicle_Left_Hand_Drive?,Journey_Purpose_of_Driver,Sex_of_Driver,Age_of_Driver,Age_Band_of_Driver,Engine_Capacity_(CC),Propulsion_Code,Age_of_Vehicle,Driver_IMD_Decile,Driver_Home_Area_Type,Vehicle_IMD_Decile
2018010137777,2,9,0,4,0,0,0,0,0,0,2,1,3,1,49,8,1798,8,1,4,1,4
2018010137783,1,9,0,-1,-1,-1,-1,-1,-1,-1,1,-1,6,3,-1,-1,1124,1,16,-1,-1,-1
2018010137784,1,5,0,4,0,1,0,0,1,0,1,1,2,1,31,6,599,1,7,9,1,9
2018010137785,1,9,-1,-1,-1,-1,-1,-1,-1,-1,-1,-1,6,3,-1,-1,-1,-1,-1,-1,-1,-1
2018010137787,1,9,0,-1,-1,-1,-1,-1,-1,-1,1,-1,6,2,29,6,1198,1,13,2,1,2
2018010137787,2,9,-1,-1,-1,-1,-1,-1,-1,-1,-1,-1,6,3,-1,-1,-1,-1,-1,-1,-1,-1
2018010137788,1,9,0,10,0,1,0,0,0,0,3,1,2,2,51,8,1595,1,15,-1,-1,-1
2018010137788,2,9,0,18,0,1,0,0,0,0,1,1,6,1,33,6,1910,2,13,-1,-1,-1
2018010137792,1,9,0,4,0,0,0,0,0,0,1,1,6,3,-1,-1,-1,-1,-1,-1,-1,-1
2018010137794,1,9,0,9,0,1,0,0,0,0,1,1,6,1,29,6,1360,1,16,4,1,4
2018010137794,2,1,0,18,4,8,0,0,0,0,1,1,2,1,38,7,-1,-1,-1,2,1,2
2018010137799,1,9,0,18,0,2,0,0,0,0,1,1,6,2,36,7,-1,-1,-1,6,1,6
2018010137799,2,4,0,18,0,1,0,0,0,0,2,1,2,1,32,6,471,1,5,1,1,1
2018010137803,1,19,0,18,0,1,0,0,0,0,4,1,1,1,34,6,2198,2,7,3,1,3
2018010137803,2,1,0,18,0,1,0,0,0,0,1,1,6,1,32,6,-1,-1,-1,7,1,7
2018010137804,1,9,-1,3,0,1,-1,0,0,0,1,-1,6,2,35,6,1461,2,6,5,1,5
2018010137804,2,9,-1,1,0,1,-1,0,0,0,2,-1,6,1,-1,-1,1598,1,14,-1,-1,-1
2018010137808,1,8,0,18,0,0,0,0,0,0,1,1,6,1,18,4,-1,-1,-1,-1,-1,-1
2018010137808,2,1,0,5,9,0,0,0,0,0,1,1,4,1,12,3,-1,-1,-1,7,1,7
2018010137809,1,9,0,9,0,6,0,0,0,0,1,1,2,2,25,5,-1,-1,-1,8,1,8
2018010137809,2,1,0,14,0,1,0,0,0,0,1,1,2,1,28,6,-1,-1,-1,5,1,5
2018010137812,1,1,-1,-1,-1,-1,-1,-1,-1,-1,1,1,6,2,29,6,-1,-1,-1,5,1,5
2018010137812,2,9,0,-1,-1,-1,-1,-1,-1,-1,1,-1,6,3,-1,-1,1339,1,15,1,1,1
2018010137824,1,9,0,9,0,8,0,0,0,0,3,1,6,1,48,8,1395,1,2,4,1,4
2018010137824,2,5,0,13,0,1,0,0,0,0,1,1,6,1,52,8,693,1,1,6,1,6
2018010137826,1,9,0,11,0,2,0,0,0,0,4,1,3,1,34,6,3199,1,16,4,1,4
2018010137826,2,5,0,18,9,2,0,0,1,2,3,1,2,1,41,7,645,1,11,3,1,3
2018010137831,1,9,0,9,0,6,0,0,0,0,1,1,6,1,68,10,1798,1,9,-1,-1,-1
2018010137831,2,90,0,4,0,8,0,0,0,0,4,1,1,1,57,9,7142,2,10,-1,-1,-1
2018010137832,1,9,0,5,0,6,0,0,0,0,1,1,6,2,43,7,-1,-1,-1,2,1,2
2018010137832,2,1,0,18,9,1,5,0,0,0,3,1,2,1,35,6,-1,-1,-1,5,1,5
2018010137834,1,3,0,18,0,1,0,0,0,0,1,1,1,1,26,6,125,1,8,5,1,5
2018010137834,2,9,0,9,0,5,0,0,0,0,4,1,2,2,56,9,1796,1,9,4,1,4
2018010137836,1,1,-1,-1,-1,-1,-1,-1,-1,-1,1,1,2,1,32,6,-1,-1,-1,2,-1,2
2018010137836,2,9,0,-1,-1,-1,-1,-1,-1,-1,1,-1,6,3,28,6,-1,-1,-1,2,1,2
2018010137843,1,11,0,5,0,0,0,0,0,0,0,1,1,1,37,7,5132,2,-1,7,1,7
2018010137845,1,9,0,8,0,1,0,0,0,0,1,1,3,2,54,8,1995,2,5,6,1,6
2018010137845,2,9,0,9,0,1,0,0,0,0,1,1,6,2,57,9,1685,2,3,2,1,2
2018010137850,1,9,0,-1,-1,-1,-1,-1,-1,-1,1,-1,6,3,-1,-1,1997,2,4,-1,-1,-1
2018010137852,1,1,-1,-1,-1,-1,-1,-1,-1,-1,1,1,2,2,30,6,-1,-1,-1,5,1,5
2018010137852,2,9,0,-1,-1,-1,-1,-1,-1,-1,-1,-1,6,3,-1,-1,-1,-1,-1,-1,-1,-1
2018010137853,1,9,0,18,0,1,0,0,0,0,1,1,6,3,-1,-1,-1,-1,-1,-1,-1,-1
2018010137855,1,9,-1,18,0,8,0,0,0,0,2,-1,6,2,38,7,1596,1,17,3,1,3
2018010137855,2,9,-1,18,0,8,-1,0,0,0,1,-1,6,3,-1,-1,-1,-1,-1,-1,-1,-1
2018010137856,1,3,0,14,0,0,0,0,0,0,1,1,2,1,26,6,108,1,4,3,1,3
2018010137857,1,9,0,18,0,2,0,0,0,0,1,1,2,2,59,9,1242,1,4,7,1,7
2018010137857,2,19,0,2,0,2,0,0,1,7,2,2,6,3,-1,-1,-1,-1,-1,-1,-1,-1
2018010137860,1,9,0,-1,-1,-1,-1,-1,-1,-1,2,-1,6,2,33,6,1198,1,8,3,1,3
2018010137860,2,9,0,-1,-1,-1,-1,-1,-1,-1,1,-1,6,1,48,8,1968,2,2,4,1,4
2018010137861,1,2,0,-1,-1,0,-1,-1,-1,-1,-1,1,6,2,19,4,49,1,3,1,1,1
2018010137861,2,9,0,-1,-1,0,-1,-1,-1,-1,1,-1,6,3,-1,-1,1995,2,4,-1,-1,-1
2018010137868,1,9,0,-1,-1,0,-1,-1,-1,-1,2,-1,6,2,31,6,1999,2,-1,3,1,3
2018010137868,2,9,0,-1,-1,0,-1,-1,-1,-1,1,-1,6,3,-1,-1,1398,1,1,8,1,8
2018010137869,1,8,-1,-1,-1,-1,-1,-1,-1,-1,-1,-1,6,3,-1,-1,1791,8,6,-1,-1,-1
2018010137871,1,9,0,18,0,1,0,0,0,0,3,1,6,2,38,7,1591,1,1,2,1,2
2018010137875,1,19,0,-1,-1,-1,-1,-1,-1,-1,-1,-1,6,3,-1,-1,-1,-1,-1,-1,-1,-1
2018010137876,1,9,0,18,0,0,0,10,0,0,1,1,2,1,58,9,1598,1,16,6,1,6
2018010137880,1,9,0,-1,-1,-1,-1,-1,-1,-1,2,-1,6,2,46,8,1242,1,1,4,1,4
2018010137881,1,8,0,3,0,1,0,0,0,0,2,2,1,1,63,9,-1,-1,-1,1,1,1
2018010137881,2,1,0,18,0,1,0,0,0,0,1,1,6,1,47,8,-1,-1,-1,5,1,5
2018010137881,3,1,0,18,0,1,0,0,0,0,1,1,6,1,18,4,-1,-1,-1,-1,-1,-1
2018010137884,1,1,-1,-1,-1,-1,-1,-1,-1,-1,1,1,6,3,-1,-1,-1,-1,-1,-1,-1,-1
2018010137887,1,9,0,3,-1,-1,-1,-1,-1,-1,2,1,6,1,31,6,1580,8,-1,4,1,4
2018010137887,2,9,0,-1,-1,-1,-1,-1,-1,-1,1,-1,6,3,-1,-1,998,1,7,-1,-1,-1
2018010137890,1,19,0,18,0,2,0,0,0,0,4,1,1,1,37,7,1968,2,1,2,1,2
2018010137897,1,11,0,7,0,1,0,0,0,0,1,1,1,1,47,8,4500,2,10,1,1,1
2018010137898,1,9,0,18,0,0,0,0,0,0,2,1,6,2,57,9,1339,1,13,-1,-1,-1
2018010137898,2,9,0,18,0,0,0,0,0,0,1,1,6,1,39,7,4367,2,-1,9,1,9
2018010137899,1,1,-1,-1,-1,-1,-1,-1,-1,-1,-1,1,2,1,25,5,-1,-1,-1,2,1,2
2018010137899,2,11,0,-1,-1,-1,-1,-1,-1,-1,-1,-1,6,3,-1,-1,-1,-1,-1,-1,-1,-1
2018010137900,1,9,0,18,0,-1,0,0,0,0,-1,1,6,3,-1,-1,4367,2,2,-1,-1,-1
2018010137903,1,1,-1,-1,-1,-1,-1,-1,-1,-1,1,1,2,1,42,7,-1,-1,-1,10,1,10
2018010137903,2,9,0,-1,-1,-1,-1,-1,-1,-1,-1,-1,6,3,-1,-1,-1,-1,-1,-1,-1,-1
2018010137908,1,1,-1,-1,-1,-1,-1,-1,-1,-1,2,1,6,1,51,8,-1,-1,-1,5,1,5
2018010137908,2,9,0,-1,-1,-1,-1,-1,-1,-1,2,-1,6,1,23,5,1995,2,8,3,1,3
2018010137910,1,9,0,18,0,1,5,0,0,0,1,1,3,2,30,6,1240,1,12,6,1,6
2018010137910,2,9,0,7,0,1,0,0,0,0,2,1,6,1,39,7,1398,1,2,3,1,3
2018010137911,1,9,0,18,0,1,0,0,0,0,4,1,2,1,33,6,-1,-1,-1,2,1,2
2018010137914,1,9,0,18,0,4,0,0,0,0,1,1,6,2,60,9,1197,1,4,7,1,7
2018010137914,2,9,0,11,0,3,0,0,0,0,4,1,6,2,59,9,1798,1,10,5,1,5
2018010137915,1,9,0,4,0,1,0,0,0,0,2,1,6,1,34,6,2143,2,6,5,1,5
2018010137915,2,8,0,4,0,1,1,0,0,0,1,1,1,1,34,6,1968,2,4,6,1,6
2018010137916,1,5,0,5,0,1,0,0,0,0,3,1,2,1,40,7,999,1,2,2,1,2
2018010137916,2,9,0,18,0,1,0,0,0,0,4,2,6,2,84,11,1399,1,12,3,1,3
2018010137917,1,4,0,18,0,1,0,0,0,0,1,1,6,1,68,10,124,1,10,6,1,6
2018010137917,2,9,0,18,0,1,0,0,0,0,4,1,6,1,37,7,1798,8,2,6,1,6
2018010137918,1,8,0,-1,-1,-1,-1,-1,-1,-1,2,-1,2,1,63,9,1797,8,8,4,1,4
2018010137918,2,9,0,-1,-1,-1,-1,-1,-1,-1,1,-1,6,3,-1,-1,1598,1,5,9,1,9
2018010137919,1,9,0,9,0,6,0,0,0,0,1,1,1,2,57,9,1198,1,4,5,1,5
2018010137919,2,3,0,14,0,1,0,0,0,0,1,1,2,1,38,7,125,1,4,2,1,2
2018010137920,1,9,0,18,0,0,0,0,0,0,4,1,6,2,50,8,1298,1,10,4,1,4
2018010137920,2,9,0,5,9,0,0,0,0,0,1,1,6,2,28,6,1461,2,-1,5,1,5
2018010137921,1,9,0,18,0,2,1,0,1,10,1,1,6,2,39,7,1329,1,8,5,1,5
2018010137921,2,1,0,7,0,8,0,0,1,0,1,1,6,1,8,2,-1,-1,-1,5,1,5
2018010137927,1,9,0,-1,-1,-1,-1,-1,-1,-1,2,-1,6,2,61,9,1796,1,15,7,1,7
2018010137927,2,8,0,-1,-1,-1,-1,-1,-1,-1,2,-1,6,3,-1,-1,1798,8,3,5,1,5
2018010137928,1,9,0,9,0,5,0,0,0,0,4,1,1,1,43,7,1968,2,5,2,1,2
2018010137928,2,1,0,18,0,1,0,0,0,0,1,1,6,1,34,6,-1,-1,-1,9,1,9
2018010137929,1,9,0,18,0,4,0,0,0,0,1,1,6,1,43,7,2979,1,9,-1,-1,-1
2018010137929,2,9,0,18,0,8,0,0,1,4,2,1,1,1,20,4,1149,1,16,8,1,8
2018010137930,1,9,0,9,0,6,0,0,0,0,1,1,2,1,78,11,1598,1,16,-1,-1,-1
2018010137934,1,3,0,18,0,8,0,0,0,0,3,1,6,1,26,6,124,1,17,1,1,1
2018010137934,2,19,0,5,0,8,0,0,0,0,1,1,6,1,-1,-1,2148,2,9,4,1,4
2018010137938,1,9,0,18,0,6,0,0,0,0,1,1,6,1,52,8,1240,1,11,5,1,5
2018010137938,2,9,0,12,0,6,0,0,0,0,2,1,6,1,46,8,2143,2,6,3,1,3
2018010137942,1,5,0,1,0,2,5,0,0,0,2,1,6,2,38,7,600,1,4,7,1,7
2018010137942,2,9,0,5,0,1,0,0,0,0,1,1,6,3,-1,-1,1796,1,19,-1,-1,-1
2018010137947,1,1,-1,-1,-1,-1,-1,-1,-1,-1,1,1,2,2,53,8,-1,-1,-1,7,1,7
2018010137950,1,9,0,18,0,1,0,10,0,0,1,1,6,1,88,11,1461,2,3,4,1,4
2018010137951,1,9,0,17,0,1,0,0,0,0,1,1,6,2,41,7,1329,1,4,-1,-1,-1
2018010137951,2,9,0,16,0,1,0,0,0,0,1,1,3,2,36,7,1598,2,5,3,1,3
2018010137954,1,9,0,6,0,0,0,0,0,0,3,1,6,1,27,6,1995,2,4,2,1,2
2018010137954,2,4,0,18,0,0,2,0,0,0,1,1,6,1,23,5,749,1,12,3,1,3
2018010137957,1,1,0,18,9,0,0,0,0,0,0,1,6,1,25,5,-1,-1,-1,1,1,1
2018010137960,1,9,0,4,2,0,0,0,0,0,2,1,1,1,32,6,1798,8,1,5,1,5
2018010137960,2,1,0,18,0,0,0,0,0,0,1,1,6,1,45,7,-1,-1,-1,-1,-1,-1
2018010137966,1,9,0,18,0,8,0,7,0,0,3,1,6,1,20,4,1496,2,2,1,1,1
2018010137966,2,19,0,15,0,8,0,7,0,0,3,1,6,1,50,8,1461,2,6,3,1,3
2018010137967,1,19,4,6,0,0,0,0,0,0,3,1,1,1,38,7,2198,2,2,-1,-1,-1
2018010137967,2,5,0,18,0,0,0,0,0,0,1,1,6,1,28,6,937,1,1,6,1,6
2018010137969,1,11,0,5,0,0,0,0,0,0,0,1,6,3,-1,-1,-1,-1,-1,-1,-1,-1
2018010137971,1,9,0,18,0,0,0,0,0,0,1,1,6,3,-1,-1,-1,-1,-1,-1,-1,-1
2018010137972,1,9,0,-1,-1,-1,-1,-1,-1,-1,2,-1,6,2,47,8,2149,2,11,4,1,4
2018010137972,2,9,0,-1,-1,-1,-1,-1,-1,-1,1,-1,6,2,21,5,1461,2,1,5,1,5
2018010137973,1,9,0,18,0,6,0,0,0,0,3,1,6,1,22,5,1598,1,4,5,1,5
2018010137973,2,9,0,18,0,6,0,0,0,0,3,2,2,1,59,9,1560,2,3,7,1,7
2018010137975,1,9,0,5,0,2,0,0,0,0,4,1,6,1,18,4,1395,1,3,9,1,9
2018010137975,2,11,0,5,0,2,0,0,0,0,1,1,1,2,51,8,-1,-1,-1,3,1,3
2018010137976,1,9,0,9,0,1,0,0,0,0,3,1,2,1,21,5,1499,2,1,10,1,10
2018010137976,2,5,0,15,0,1,0,0,0,0,1,1,2,1,37,7,1043,1,1,8,1,8
2018010137978,1,9,0,15,2,8,0,0,0,0,1,1,1,1,28,6,1582,2,5,7,1,7
2018010137978,2,9,0,9,0,5,0,0,0,0,1,1,2,1,28,6,1956,2,7,3,1,3
2018010137980,1,11,0,18,2,2,0,0,0,0,0,1,1,1,50,8,4500,2,6,2,1,2
2018010137980,2,9,0,7,0,6,0,0,0,0,0,1,6,3,-1,-1,2967,2,6,-1,-1,-1
2018010137982,1,9,0,7,0,1,0,0,0,0,1,2,3,2,29,6,-1,-1,-1,4,1,4
2018010137982,2,1,0,18,4,1,0,0,0,0,1,1,2,1,41,7,-1,-1,-1,8,1,8
2018010137983,1,11,0,-1,-1,-1,-1,-1,-1,-1,-1,-1,6,1,58,9,-1,-1,-1,3,1,3
2018010137983,2,1,-1,-1,-1,-1,-1,-1,-1,-1,-1,1,6,1,-1,-1,-1,-1,-1,4,1,4
2018010137984,1,9,0,14,0,1,0,0,0,0,1,1,3,2,29,6,1995,2,6,4,1,4
2018010137987,1,19,0,4,0,2,0,0,0,0,2,1,1,1,38,7,2198,2,8,9,1,9
2018010137987,2,1,0,4,0,2,0,4,0,0,1,1,1,2,27,6,-1,-1,-1,8,1,8
2018010137988,1,9,-1,3,-1,-1,-1,0,-1,-1,2,-1,6,2,-1,-1,999,1,4,4,1,4
2018010137988,2,9,-1,-1,-1,-1,-1,-1,-1,-1,-1,-1,6,1,35,6,1998,2,5,4,1,4
2018010137995,1,1,-1,-1,-1,-1,-1,-1,-1,-1,-1,1,2,1,34,6,-1,-1,-1,5,1,5
2018010137995,2,9,0,-1,-1,-1,-1,-1,-1,-1,-1,-1,6,3,-1,-1,1969,2,2,-1,-1,-1
2018010138001,1,9,0,18,0,4,0,0,0,0,1,1,6,1,36,7,1396,1,16,6,1,6
2018010138001,2,1,0,9,0,8,5,0,0,0,4,1,1,1,45,7,-1,-1,-1,4,1,4
2018010138003,1,9,0,5,0,6,0,0,3,10,1,1,3,2,34,6,1339,8,11,5,1,5
2018010138003,2,9,0,2,9,1,0,0,0,0,1,1,6,3,-1,-1,1242,1,8,-1,-1,-1
2018010138003,3,9,0,18,0,1,0,0,0,0,4,1,6,1,30,6,2143,2,3,3,1,3
2018010138004,1,9,0,18,0,1,0,0,0,0,2,1,6,1,29,6,1995,2,1,4,1,4
2018010138004,2,8,0,18,0,1,0,0,0,0,2,1,6,3,-1,-1,1686,2,8,-1,-1,-1
2018010138005,1,9,0,18,0,-1,0,0,0,0,-1,-1,6,1,-1,-1,1580,8,1,-1,-1,-1
2018010138006,1,9,0,9,0,1,0,0,0,0,1,1,6,2,49,8,1364,1,13,2,1,2
2018010138009,1,9,0,18,0,1,0,0,0,0,1,1,6,1,44,7,1339,8,6,3,1,3
2018010138012,1,9,0,-1,-1,0,-1,-1,-1,-1,-1,-1,6,1,18,4,1390,1,11,2,1,2
2018010138018,1,3,-1,18,0,8,-1,0,0,0,1,1,6,3,-1,-1,-1,-1,-1,-1,-1,-1
2018010138021,1,3,0,-1,-1,-1,-1,-1,-1,-1,-1,1,2,1,52,8,125,1,3,3,1,3
2018010138021,2,9,0,-1,-1,-1,-1,-1,-1,-1,1,-1,6,3,-1,-1,2231,2,6,7,1,7
2018010138023,1,9,0,18,0,0,0,11,0,0,3,1,3,2,43,7,1248,1,9,9,1,9
2018010138023,2,9,0,5,0,0,0,11,0,0,4,1,2,2,43,7,2993,2,4,10,1,10
2018010138027,1,11,0,18,0,1,0,0,0,0,0,2,1,1,27,6,4461,2,4,2,1,2
2018010138030,1,1,0,18,0,8,2,0,0,0,1,1,2,1,40,7,-1,-1,-1,7,1,7
2018010138030,2,9,0,7,0,8,0,0,0,0,3,1,2,1,60,9,1390,1,7,7,1,7
2018010138032,1,1,-1,18,0,0,0,-1,0,0,2,1,6,1,46,8,-1,-1,-1,5,1,5
2018010138032,2,9,0,18,0,0,0,-1,-1,-1,1,1,6,3,61,9,1461,2,2,-1,-1,-1
2018010138033,1,9,0,18,0,-1,0,0,0,0,2,1,6,1,56,9,1497,8,4,7,1,7
2018010138033,2,9,0,-1,-1,-1,-1,-1,-1,-1,1,-1,6,3,-1,-1,-1,-1,-1,-1,-1,-1
2018010138034,1,8,0,-1,-1,-1,-1,-1,-1,-1,2,-1,6,1,29,6,1997,2,5,2,1,2
2018010138035,1,3,0,-1,-1,-1,-1,-1,-1,-1,-1,1,6,1,28,6,125,1,2,8,1,8
2018010138035,2,20,0,-1,-1,-1,-1,-1,-1,-1,-1,-1,6,3,-1,-1,-1,-1,-1,-1,-1,-1
2018010138039,1,5,0,18,0,1,0,0,0,0,4,1,2,1,43,7,660,1,11,3,1,3
2018010138039,2,9,0,9,0,1,0,0,0,0,3,1,1,1,44,7,1968,2,1,5,1,5
2018010138042,1,5,0,14,0,0,0,0,0,0,4,1,2,1,27,6,937,1,1,-1,-1,-1
2018010138042,2,9,0,9,0,0,0,0,0,0,3,1,6,1,36,7,1198,1,4,4,1,4
2018010138043,1,9,0,18,0,0,0,0,0,0,2,1,6,1,28,6,1596,1,9,3,1,3
2018010138043,2,5,0,18,0,0,0,0,0,0,1,1,1,1,39,7,1170,1,6,4,1,4
2018010138045,1,1,0,18,-1,0,0,12,-1,-1,-1,1,6,1,69,10,-1,-1,-1,1,1,1
2018010138048,1,4,0,15,0,5,0,4,0,0,4,1,2,2,41,7,153,1,12,9,1,9
2018010138048,2,9,0,5,8,2,0,4,0,0,3,1,6,1,27,6,1598,2,2,4,1,4
2018010138050,1,19,0,7,0,5,0,0,0,0,4,1,6,1,58,9,1870,2,9,-1,-1,-1
2018010138050,2,1,0,18,0,8,0,0,0,0,1,1,6,1,31,6,-1,-1,-1,3,1,3
2018010138051,1,1,-1,-1,-1,-1,-1,-1,-1,-1,-1,1,2,1,51,8,-1,-1,-1,8,1,8
2018010138051,2,8,0,-1,-1,-1,-1,-1,-1,-1,1,-1,6,3,60,9,2402,2,14,7,1,7
2018010138054,1,1,-1,-1,-1,0,-1,-1,-1,-1,1,1,6,1,29,6,-1,-1,-1,6,1,6
2018010138054,2,9,0,-1,-1,0,-1,-1,-1,-1,-1,-1,6,3,-1,-1,1956,2,7,-1,-1,-1
2018010138056,1,9,0,18,0,0,0,0,0,0,1,1,6,1,56,9,1796,1,15,4,1,4
2018010138056,2,9,0,18,0,0,0,0,0,0,1,1,3,2,37,7,1339,1,16,2,1,2
2018010138058,1,9,0,5,0,1,0,0,0,0,1,1,6,1,38,7,-1,3,5,10,1,10
2018010138059,1,9,0,17,0,1,0,0,0,0,1,1,6,1,58,9,1398,1,17,5,1,5
2018010138059,2,19,0,2,9,1,0,0,0,0,2,1,6,3,-1,-1,1968,2,9,-1,-1,-1
2018010138059,3,5,0,2,9,1,0,0,0,0,3,1,6,3,-1,-1,535,1,23,-1,-1,-1
2018010138060,1,9,0,-1,-1,-1,-1,-1,-1,-1,1,-1,6,2,36,7,1199,1,16,5,1,5
2018010138060,2,9,0,-1,-1,-1,-1,-1,-1,-1,-1,-1,6,3,-1,-1,1995,2,7,-1,-1,-1
2018010138062,1,1,0,3,0,0,0,0,0,0,1,1,2,1,31,6,-1,-1,-1,-1,-1,-1
2018010138062,2,9,0,10,0,0,0,0,0,0,0,1,2,1,45,7,-1,-1,-1,1,1,1
2018010138067,1,9,-1,-1,-1,0,-1,-1,-1,-1,-1,-1,6,1,-1,-1,1598,2,2,-1,-1,-1
2018010138067,2,9,-1,-1,-1,0,-1,-1,-1,-1,-1,-1,6,3,-1,-1,1998,2,6,-1,-1,-1
2018010138069,1,9,0,18,0,0,0,0,0,0,1,1,6,1,51,8,1598,1,12,8,1,8
2018010138069,2,19,4,18,0,0,0,0,0,0,1,1,1,1,54,8,2402,2,10,2,1,2
2018010138069,3,19,0,18,0,0,0,0,0,0,2,1,1,1,45,7,1560,2,1,6,1,6
2018010138072,1,9,0,7,0,2,0,0,0,0,1,1,6,2,35,6,1596,1,12,6,1,6
2018010138072,2,1,0,18,0,2,0,0,0,0,3,1,6,2,46,8,-1,-1,-1,3,1,3
2018010138073,1,1,0,4,0,1,0,0,0,0,2,1,2,1,39,7,-1,-1,-1,2,1,2
2018010138073,2,8,0,3,0,1,0,0,0,0,1,1,6,3,-1,-1,1798,8,2,-1,-1,-1
2018010138075,1,9,-1,2,-1,-1,-1,-1,-1,0,3,1,6,3,-1,-1,1390,1,13,-1,-1,-1
2018010138075,2,90,-1,-1,0,2,0,8,0,0,-1,-1,6,1,30,6,7146,2,7,-1,-1,-1
2018010138078,1,9,0,18,0,0,1,0,7,0,1,1,2,1,27,6,1388,1,15,7,1,7
2018010138078,2,19,0,18,0,0,1,0,1,4,3,1,1,1,43,7,1995,2,1,7,1,7
2018010138078,3,19,0,18,0,0,0,0,0,0,1,1,1,1,35,6,2198,2,9,10,1,10
2018010138079,1,9,0,5,9,8,2,0,0,0,1,1,6,2,84,11,1197,1,4,10,1,10
2018010138084,1,9,0,18,0,1,0,0,0,0,1,1,6,1,22,5,1149,1,10,10,1,10
2018010138085,1,2,0,7,0,6,0,0,0,0,2,1,1,1,34,6,125,1,-1,4,1,4
2018010138085,2,9,0,9,0,6,0,0,0,0,1,1,6,1,17,4,1364,1,11,3,1,3
2018010138086,1,9,0,18,0,8,-1,0,0,0,3,-1,6,1,35,6,-1,-1,-1,3,1,3
2018010138086,2,9,0,18,0,8,-1,0,0,0,1,-1,6,1,28,6,-1,-1,-1,5,1,5
2018010138088,1,9,0,18,0,0,0,0,0,0,4,1,6,2,25,5,1560,2,10,2,1,2
2018010138088,2,9,0,5,0,0,0,0,0,0,3,1,6,3,-1,-1,-1,-1,-1,-1,-1,-1
2018010138089,1,9,-1,-1,0,0,-1,0,0,0,-1,-1,6,3,-1,-1,-1,-1,-1,-1,-1,-1
2018010138090,1,4,0,4,0,2,0,0,0,0,4,1,6,1,-1,-1,499,1,10,7,1,7
2018010138090,2,8,0,6,0,2,0,0,0,0,1,1,1,1,18,4,2499,2,3,9,1,9
2018010138092,1,11,0,4,0,8,0,0,0,0,2,1,1,1,45,7,6692,2,5,5,1,5
2018010138092,2,9,0,15,0,8,0,0,0,0,1,1,6,2,32,6,1339,1,15,2,1,2
2018010138095,1,9,0,2,0,0,0,0,0,0,0,1,6,3,-1,-1,-1,-1,-1,-1,-1,-1
2018010138095,2,1,0,18,0,0,0,8,0,0,1,1,6,1,56,9,-1,-1,-1,-1,-1,-1
2018010138097,1,9,0,10,-1,-1,-1,-1,-1,-1,3,1,6,1,55,8,-1,-1,-1,8,1,8
2018010138097,2,9,0,-1,-1,-1,-1,-1,-1,-1,-1,-1,6,3,-1,-1,998,1,3,-1,-1,-1
2018010138098,1,9,0,-1,-1,-1,-1,-1,-1,-1,2,-1,6,2,61,9,1499,1,3,4,1,4
2018010138098,2,9,0,-1,-1,-1,-1,-1,-1,-1,2,-1,6,3,-1,-1,1995,2,-1,-1,-1,-1
2018010138099,1,9,0,4,0,1,0,0,0,0,1,1,1,1,61,9,1796,1,11,7,1,7
2018010138099,2,3,0,4,0,1,0,0,0,0,2,1,6,1,34,6,125,1,-1,2,1,2
2018010138100,1,9,0,18,0,0,0,0,0,0,1,1,6,1,25,5,1598,1,12,2,1,2
2018010138102,1,9,0,18,0,0,1,4,0,0,4,1,6,2,37,7,998,1,1,9,1,9
2018010138102,2,9,0,2,0,0,1,0,0,0,4,1,6,3,-1,-1,1995,2,3,-1,-1,-1
2018010138103,1,9,0,3,0,0,0,0,0,0,3,1,6,1,18,4,998,1,9,3,1,3
2018010138103,2,4,0,14,0,0,0,8,0,0,3,1,6,1,43,7,124,1,8,2,1,2
2018010138105,1,9,0,18,0,2,0,0,1,0,3,1,6,2,40,7,1388,1,12,3,1,3
2018010138106,1,9,0,10,0,1,0,0,0,0,4,1,6,1,25,5,1988,2,13,3,1,3
2018010138106,2,9,0,18,0,1,0,0,0,0,3,-1,6,3,-1,-1,-1,-1,-1,-1,-1,-1
2018010138107,1,5,0,14,0,2,0,0,0,0,1,1,6,1,37,7,948,1,1,6,1,6
2018010138107,2,8,0,7,0,6,0,0,0,0,1,1,6,1,37,7,1997,2,7,6,1,6
2018010138120,1,9,0,9,0,5,2,0,7,0,1,1,6,3,-1,-1,-1,-1,-1,-1,-1,-1
2018010138120,2,1,0,18,0,5,0,0,0,0,1,1,2,1,46,8,-1,-1,-1,6,1,6
2018010138121,1,9,0,-1,-1,0,-1,-1,-1,-1,2,-1,6,2,35,6,1598,1,12,6,1,6
2018010138121,2,9,0,-1,-1,0,-1,-1,-1,-1,1,-1,6,3,19,4,1299,1,13,8,1,8
2018010138128,1,5,0,18,0,8,0,0,0,0,1,1,6,1,17,4,-1,-1,-1,2,1,2
2018010138128,2,9,0,18,0,1,0,0,0,0,0,1,6,1,52,8,1997,2,4,4,1,4
2018010138128,3,9,0,18,0,8,0,0,0,0,4,1,6,1,43,7,1995,2,8,2,1,2
2018010138129,1,1,-1,-1,-1,-1,-1,-1,-1,-1,-1,1,6,2,37,7,-1,-1,-1,3,1,3
2018010138129,2,9,0,-1,-1,-1,-1,-1,-1,-1,-1,-1,6,3,-1,-1,2171,2,15,-1,-1,-1
2018010138130,1,3,0,-1,-1,-1,-1,-1,-1,-1,1,1,6,1,22,5,125,1,7,6,1,6
2018010138130,2,9,0,-1,-1,-1,-1,-1,-1,-1,-1,-1,6,1,60,9,1796,1,14,3,1,3
2018010138131,1,9,0,5,0,8,0,0,0,0,0,1,6,1,51,8,-1,-1,-1,9,1,9