Accident_Index,Vehicle_Reference,Vehicle_Type,Towing_and_Articulation,Vehicle_Manoeuvre,Vehicle_Location-Restricted_Lane,Junction_Location,Skidding_and_Overturning,Hit_Object_in_Carriageway,Vehicle_Leaving_Carriageway,Hit_Object_off_Carriageway,1st_Point_of_Impact,Was_Vehicle_Left_Hand_Drive?,Journey_Purpose_of_Driver,Sex_of_Driver,Age_of_Driver,Age_Band_of_Driver,Engine_Capacity_(CC),Propulsion_Code,Age_of_Vehicle,Driver_IMD_Decile,Driver_Home_Area_Type,Vehicle_IMD_Decile
2018010138131,2,9,0,3,0,1,0,0,0,0,1,1,1,1,36,7,1598,2,6,4,1,4
2018010138131,3,1,0,14,0,1,0,0,0,0,1,1,6,1,34,6,-1,-1,-1,2,1,2
2018010138134,1,2,0,-1,-1,-1,-1,-1,-1,-1,-1,1,6,2,19,4,-1,-1,-1,2,1,2
2018010138134,2,9,0,-1,-1,-1,-1,-1,-1,-1,-1,-1,6,3,-1,-1,-1,-1,-1,-1,-1,-1
2018010138137,1,19,0,3,0,0,0,0,0,0,2,1,1,1,41,7,2143,2,1,5,1,5
2018010138137,2,19,0,3,0,0,0,4,0,0,2,1,1,1,26,6,2198,2,3,3,1,3
2018010138137,3,19,0,18,0,0,0,4,0,0,1,1,6,2,38,7,2402,2,11,2,1,2
2018010138138,1,11,0,4,0,0,0,0,0,0,0,1,1,1,44,7,4500,2,7,3,1,3
2018010138140,1,90,0,18,0,0,0,0,0,0,1,1,2,1,50,8,-1,-1,-1,9,1,9
2018010138140,2,9,0,-1,0,0,0,0,0,0,1,1,6,3,-1,-1,998,1,20,-1,-1,-1
2018010138141,1,9,0,18,0,8,0,0,7,0,4,1,6,2,48,8,1242,1,16,5,1,5
2018010138141,2,9,0,18,0,4,0,0,0,0,1,1,6,1,52,8,1598,2,8,3,1,3
2018010138142,1,5,0,-1,0,1,0,0,0,0,-1,1,2,1,39,7,-1,-1,-1,4,1,4
2018010138142,2,9,0,-1,0,1,0,0,0,0,-1,-1,6,3,-1,-1,-1,-1,-1,-1,-1,-1
2018010138147,1,9,0,9,0,5,0,0,0,0,1,1,6,2,67,10,1598,1,9,4,1,4
2018010138147,2,1,0,18,0,8,0,0,0,0,1,1,2,1,45,7,-1,-1,-1,4,1,4
2018010138148,1,9,0,18,0,1,0,0,0,0,1,1,2,2,23,5,998,1,5,6,1,6
2018010138149,1,11,0,4,0,1,0,0,0,0,0,1,6,1,38,7,-1,-1,-1,-1,-1,-1
2018010138150,1,9,0,9,0,8,0,0,0,0,1,1,6,2,44,7,1999,2,1,6,1,6
2018010138150,2,5,0,9,0,8,0,0,0,0,2,1,6,1,45,7,883,1,2,4,1,4
2018010138155,1,8,0,9,0,0,0,0,0,0,3,1,1,1,50,8,1997,2,6,2,1,2
2018010138155,2,5,0,13,0,0,0,0,0,0,1,1,6,1,35,6,599,1,10,8,1,8
2018010138159,1,5,0,18,0,0,0,0,0,0,1,1,6,1,32,6,599,1,9,1,1,1
2018010138159,2,8,0,6,0,0,0,0,0,0,4,1,3,1,50,8,1598,1,8,2,1,2
2018010138160,1,4,0,5,0,2,5,0,0,0,3,1,6,1,46,8,279,1,2,4,1,4
2018010138160,2,5,0,5,0,2,1,0,0,0,3,1,6,1,32,6,599,1,12,3,1,3
2018010138160,3,5,0,18,0,1,5,0,0,0,3,1,6,1,39,7,998,1,14,8,1,8
2018010138162,1,9,0,4,0,0,0,0,0,0,4,1,6,2,31,6,1595,1,1,8,1,8
2018010138162,2,21,0,1,0,0,0,0,0,0,1,2,1,1,44,7,-1,-1,-1,-1,-1,-1
2018010138164,1,9,0,9,0,0,1,4,0,0,1,1,6,3,-1,-1,2793,1,21,-1,-1,-1
2018010138164,2,9,0,2,0,0,0,4,0,0,2,1,6,3,-1,-1,1999,2,2,-1,-1,-1
2018010138164,3,9,0,2,0,0,0,0,0,0,2,1,6,3,-1,-1,3199,1,17,-1,-1,-1
2018010138164,4,9,0,2,0,0,0,4,0,0,2,1,6,3,-1,-1,1240,1,12,-1,-1,-1
2018010138165,1,9,0,4,0,1,0,0,0,0,1,1,6,1,63,9,2198,1,11,2,1,2
2018010138171,1,9,0,7,0,5,0,0,0,0,1,1,6,1,38,7,2143,2,4,1,1,1
2018010138171,2,1,0,18,0,1,0,0,0,0,1,1,6,2,32,6,-1,-1,-1,4,1,4
2018010138172,1,9,-1,-1,-1,-1,-1,-1,-1,-1,-1,-1,6,1,43,7,1242,1,13,3,1,3
2018010138176,1,4,0,14,0,1,1,0,0,0,1,1,6,3,-1,-1,-1,-1,-1,-1,-1,-1
2018010138177,1,3,0,18,0,0,1,0,0,0,1,1,6,3,-1,-1,-1,-1,-1,-1,-1,-1
2018010138179,1,9,0,-1,-1,0,-1,-1,-1,-1,2,-1,6,1,59,9,-1,-1,-1,8,1,8
2018010138179,2,9,0,-1,-1,0,-1,-1,-1,-1,2,-1,6,3,-1,-1,-1,-1,-1,-1,-1,-1
2018010138182,1,8,0,-1,-1,-1,-1,-1,-1,-1,-1,-1,6,3,-1,-1,-1,-1,-1,-1,-1,-1
2018010138187,1,1,-1,-1,0,1,0,0,0,0,2,1,6,1,25,5,-1,-1,-1,2,1,2
2018010138187,2,9,-1,-1,0,1,0,0,0,0,1,-1,6,3,-1,-1,-1,-1,-1,-1,-1,-1
2018010138189,1,9,0,-1,-1,-1,-1,-1,-1,-1,2,-1,2,1,30,6,1388,1,6,8,1,8
2018010138189,2,9,0,-1,-1,-1,-1,-1,-1,-1,1,-1,6,3,-1,-1,-1,-1,-1,-1,-1,-1
2018010138191,1,1,0,18,0,0,0,0,0,0,1,1,2,1,35,6,-1,-1,-1,2,1,2
2018010138192,1,9,0,18,0,-1,0,0,0,0,2,1,2,2,59,9,1968,2,2,7,3,7
2018010138192,2,9,0,-1,-1,-1,-1,-1,-1,-1,2,-1,6,3,-1,-1,1296,1,12,5,-1,5
2018010138193,1,9,0,18,-1,-1,-1,-1,-1,-1,3,1,6,2,58,9,998,1,11,10,1,10
2018010138193,2,19,0,-1,-1,-1,-1,-1,-1,-1,1,-1,6,1,-1,-1,2198,2,11,-1,-1,-1
2018010138194,1,9,0,-1,-1,-1,-1,-1,-1,-1,1,-1,2,2,23,5,1329,1,9,5,1,5
2018010138194,2,9,-1,-1,-1,-1,-1,-1,-1,-1,-1,-1,6,3,-1,-1,-1,-1,-1,-1,-1,-1
2018010138198,1,8,0,12,0,0,0,0,0,0,1,1,1,1,34,6,1477,8,-1,3,1,3
2018010138198,2,1,0,18,6,0,2,0,0,0,4,1,2,1,33,6,-1,-1,-1,-1,-1,-1
2018010138200,1,1,-1,-1,-1,-1,-1,-1,-1,-1,-1,1,2,2,22,5,-1,-1,-1,2,1,2
2018010138200,2,9,0,-1,-1,-1,-1,-1,-1,-1,1,-1,6,3,-1,-1,1991,1,-1,-1,-1,-1
2018010138202,1,9,0,9,2,6,0,0,0,0,3,1,6,2,39,7,2143,2,2,10,1,10
2018010138202,2,4,0,15,2,1,2,0,0,0,1,1,6,1,24,5,124,1,9,6,1,6
2018010138204,1,9,0,5,0,0,0,10,1,1,1,1,6,2,71,10,1596,1,11,7,1,7
2018010138212,1,9,0,18,9,0,0,4,0,0,3,1,2,1,25,5,1461,2,3,1,1,1
2018010138212,2,9,0,2,0,0,0,0,0,0,4,1,6,3,-1,-1,-1,-1,-1,-1,-1,-1
2018010138213,1,19,0,9,0,8,0,0,0,0,3,1,6,1,52,8,2198,2,3,-1,-1,-1
2018010138214,1,8,0,12,0,1,0,0,0,0,1,1,1,1,54,8,2499,2,3,7,1,7
2018010138214,2,3,0,15,9,1,0,0,0,0,1,1,2,1,24,5,108,1,3,4,1,4
2018010138218,1,11,0,7,0,6,0,0,0,0,3,1,1,1,50,8,4500,2,2,3,1,3
2018010138218,2,9,0,18,0,8,0,0,0,0,1,1,6,1,26,6,1364,1,11,10,2,10
2018010138219,1,3,0,18,0,1,2,0,0,0,1,1,2,1,19,4,108,1,5,3,1,3
2018010138219,2,9,0,18,0,2,0,0,0,0,1,1,6,3,-1,-1,2495,7,15,-1,-1,-1
2018010138226,1,9,0,18,0,8,0,0,0,0,1,1,6,2,39,7,1598,1,7,3,1,3
2018010138226,2,9,0,4,0,8,0,0,0,0,1,1,6,2,56,9,1596,1,7,3,1,3
2018010138235,1,9,0,18,0,0,0,0,0,0,1,1,1,1,37,7,2993,2,7,10,2,10
2018010138235,2,9,0,18,0,0,0,0,0,0,2,1,1,1,38,7,2191,2,3,8,1,8
2018010138235,3,9,0,18,0,0,0,0,0,0,2,1,2,1,47,8,1985,1,18,8,1,8
2018010138235,4,19,0,18,0,0,0,0,0,0,2,1,1,1,38,7,2148,2,11,2,1,2
2018010138235,5,9,0,18,0,0,0,0,0,0,2,1,1,1,48,8,1798,1,6,10,1,10
2018010138235,6,9,0,2,0,0,0,0,0,0,2,1,6,3,-1,-1,4999,1,3,-1,-1,-1
2018010138241,1,1,-1,-1,-1,-1,-1,-1,-1,-1,1,1,6,1,24,5,-1,-1,-1,8,1,8
2018010138241,2,8,0,-1,-1,-1,-1,-1,-1,-1,1,-1,6,1,59,9,2402,2,13,7,1,7
2018010138251,1,9,0,9,0,8,0,0,0,0,1,1,3,2,33,6,-1,-1,-1,3,1,3
2018010138251,2,21,1,18,0,8,0,0,0,0,3,2,1,1,47,8,-1,-1,-1,-1,-1,-1
2018010138254,1,1,-1,-1,-1,-1,-1,-1,-1,-1,1,1,2,2,51,8,-1,-1,-1,5,1,5
2018010138254,2,20,0,-1,-1,-1,-1,-1,-1,-1,1,-1,6,3,-1,-1,-1,-1,-1,-1,-1,-1
2018010138257,1,9,0,18,0,0,0,0,0,0,2,-1,6,1,71,10,1794,1,10,10,1,10
2018010138257,2,9,0,18,0,0,0,0,0,0,2,-1,6,1,-1,-1,-1,-1,-1,-1,-1,-1
2018010138257,3,9,0,18,0,0,0,0,0,0,1,-1,6,3,-1,-1,1395,1,4,-1,-1,-1
2018010138258,1,19,0,10,0,1,0,0,0,0,1,1,1,1,53,8,1598,2,4,2,1,2
2018010138258,2,3,0,18,0,1,0,0,0,0,1,1,1,1,37,7,125,1,4,9,1,9
2018010138265,1,9,0,9,0,5,0,0,0,0,1,1,2,1,41,7,1397,1,7,-1,-1,-1
2018010138265,2,1,0,14,0,1,0,0,0,0,1,1,2,2,37,7,-1,-1,-1,2,1,2
2018010138276,1,9,-1,18,-1,4,-1,0,0,0,3,-1,6,2,19,4,1400,1,13,4,1,4
2018010138276,2,9,-1,18,0,4,0,0,0,0,4,-1,6,1,-1,-1,1248,2,12,9,1,9
2018010138277,1,11,0,4,0,1,0,0,0,0,0,1,1,1,30,6,4760,2,6,6,1,6
2018010138281,1,9,0,18,0,1,0,0,0,0,3,1,6,1,51,8,999,1,1,2,1,2
2018010138281,2,9,0,9,0,1,0,0,0,0,1,1,6,2,47,8,1998,2,4,3,1,3
2018010138282,1,20,0,-1,-1,-1,-1,-1,-1,-1,2,-1,6,1,33,6,-1,-1,-1,7,1,7
2018010138286,1,9,-1,18,0,0,-1,0,0,0,-1,-1,6,1,-1,-1,-1,-1,-1,-1,-1,-1
2018010138290,1,1,-1,-1,-1,-1,-1,-1,-1,-1,-1,1,2,1,30,6,-1,-1,-1,6,1,6
2018010138290,2,9,0,-1,-1,-1,-1,-1,-1,-1,1,-1,6,3,-1,-1,1796,1,11,-1,-1,-1
2018010138297,1,1,0,18,0,1,0,0,0,0,1,1,6,1,-1,-1,-1,-1,-1,-1,-1,-1
2018010138299,1,9,0,-1,-1,-1,-1,-1,-1,-1,2,-1,6,1,69,10,2995,1,16,7,1,7
2018010138303,1,9,0,3,0,0,0,0,0,0,3,1,6,1,71,10,1389,1,20,6,1,6
2018010138303,2,9,0,18,0,0,0,0,0,0,1,1,6,1,43,7,1686,2,14,9,1,9
2018010138303,3,9,0,14,0,0,0,4,0,0,1,1,6,1,26,6,2993,2,7,7,1,7
2018010138306,1,1,-1,-1,-1,-1,-1,-1,-1,-1,2,1,2,1,28,6,-1,-1,-1,6,1,6
2018010138306,2,9,0,-1,-1,-1,-1,-1,-1,-1,2,1,6,3,-1,-1,1598,1,4,-1,-1,-1
2018010138308,1,9,0,-1,-1,-1,-1,-1,-1,-1,-1,1,6,3,-1,-1,-1,-1,-1,-1,-1,-1
2018010138311,1,9,0,9,0,6,0,0,0,0,1,1,6,2,55,8,1598,1,8,4,1,4
2018010138311,2,3,0,18,0,8,0,0,0,0,1,1,1,1,49,8,96,1,33,10,1,10
2018010138312,1,1,-1,-1,-1,-1,-1,-1,-1,-1,-1,1,6,1,57,9,-1,-1,-1,5,1,5
2018010138312,2,9,0,-1,-1,-1,-1,-1,-1,-1,-1,-1,6,3,-1,-1,1798,1,7,8,1,8
2018010138318,1,11,0,18,0,1,0,0,0,0,1,1,1,2,52,8,6700,2,11,2,1,2
2018010138318,2,1,0,9,0,6,0,0,0,0,1,1,6,2,29,6,-1,-1,-1,1,1,1
2018010138321,1,9,0,-1,-1,-1,-1,-1,-1,-1,1,-1,6,1,61,9,1497,1,12,5,1,5
2018010138321,2,9,0,-1,-1,-1,-1,-1,-1,-1,1,-1,6,3,-1,-1,2993,2,8,-1,-1,-1
2018010138322,1,11,0,15,0,6,0,0,0,0,4,1,1,2,58,9,6700,2,9,3,1,3
2018010138322,2,9,0,6,0,6,0,0,0,0,3,1,3,2,41,7,2776,2,12,4,1,4
2018010138323,1,1,0,18,4,0,0,0,0,0,1,1,6,2,19,4,-1,-1,-1,-1,-1,-1
2018010138329,1,2,0,18,0,0,0,0,0,0,1,1,6,1,72,10,249,1,18,4,1,4
2018010138329,2,19,0,12,0,0,0,0,0,0,1,1,1,1,59,9,1560,2,2,9,2,9
2018010138331,1,9,0,18,0,8,0,0,0,0,4,1,2,2,68,10,1984,1,4,9,1,9
2018010138331,2,1,0,18,0,1,0,0,0,0,2,1,1,1,53,8,-1,-1,-1,2,1,2
2018010138332,1,11,0,18,0,0,0,0,0,0,4,1,1,1,32,6,-1,3,-1,1,1,1
2018010138332,2,1,0,18,0,0,0,0,0,0,1,1,2,1,36,7,-1,-1,-1,3,1,3
2018010138335,1,9,0,3,0,2,0,0,0,0,1,1,6,1,44,7,2401,2,13,5,1,5
2018010138335,2,9,0,18,0,2,0,0,0,0,1,1,6,1,59,9,-1,-1,-1,5,1,5
2018010138340,1,9,0,16,0,1,0,0,0,0,3,1,3,2,26,6,1248,2,10,2,1,2
2018010138340,2,9,0,5,0,1,0,0,0,0,1,1,3,2,33,6,1968,2,1,3,1,3
2018010138342,1,9,-1,-1,-1,0,-1,-1,-1,-1,2,-1,6,1,35,6,1798,1,11,2,1,2
2018010138342,2,9,-1,-1,-1,0,-1,-1,-1,-1,-1,-1,6,3,-1,-1,-1,-1,-1,-1,-1,-1
2018010138348,1,1,-1,-1,-1,-1,-1,-1,-1,-1,-1,1,6,1,25,5,-1,-1,-1,2,1,2
2018010138348,2,8,0,-1,-1,-1,-1,-1,-1,-1,1,-1,6,3,-1,-1,-1,-1,-1,-1,-1,-1
2018010138356,1,5,0,13,0,0,0,0,0,0,1,1,6,1,26,6,649,1,2,3,1,3
2018010138356,2,9,0,12,0,0,0,0,0,0,3,1,6,1,38,7,1800,1,19,3,1,3
2018010138364,1,11,0,4,2,2,0,0,0,0,0,1,6,1,45,7,5132,2,4,2,1,2
2018010138384,1,9,0,-1,-1,0,-1,-1,-1,-1,4,-1,6,2,21,5,1198,1,8,5,-1,5
2018010138384,2,20,0,-1,-1,0,-1,-1,-1,-1,2,-1,6,3,46,8,-1,-1,-1,5,1,5
2018010138385,1,9,0,-1,-1,-1,-1,-1,-1,-1,1,-1,6,2,50,8,1598,1,11,8,1,8
2018010138385,2,19,0,-1,-1,-1,-1,-1,-1,-1,2,-1,6,1,30,6,-1,-1,-1,3,1,3
2018010138386,1,5,0,18,0,0,0,0,0,0,1,1,2,1,29,6,748,1,10,10,1,10
2018010138386,2,19,0,18,0,0,0,0,0,0,0,1,1,1,48,8,2198,2,5,7,1,7
2018010138386,3,19,0,18,0,0,0,0,0,0,2,1,1,1,54,8,2198,2,2,10,1,10
2018010138387,1,19,0,7,0,8,0,0,0,0,2,1,1,1,50,8,1995,2,-1,5,1,5
2018010138392,1,9,0,18,0,0,0,0,0,0,1,1,6,3,-1,-1,-1,-1,-1,-1,-1,-1
2018010138393,1,9,0,5,0,1,0,0,0,0,4,1,6,1,21,5,1197,1,1,7,1,7
2018010138396,1,9,0,3,0,2,0,0,0,0,3,1,2,1,58,9,2987,2,2,7,1,7
2018010138396,2,9,0,3,0,2,0,0,1,7,3,1,6,2,34,6,1598,1,11,-1,-1,-1
2018010138396,3,9,0,3,0,2,0,0,0,0,3,1,6,1,55,8,1995,2,16,3,-1,3
2018010138396,4,9,0,3,0,2,0,0,0,0,2,2,6,1,32,6,1598,1,10,3,1,3
2018010138396,5,9,0,3,0,2,0,0,0,0,2,1,6,2,34,6,1910,2,11,4,1,4
2018010138396,6,9,0,15,0,2,0,0,0,0,4,1,6,1,27,6,2143,2,3,-1,-1,-1
2018010138397,1,8,0,17,0,1,0,0,0,0,3,1,1,1,47,8,1950,2,-1,5,1,5
2018010138397,2,1,0,17,0,8,5,0,0,0,4,1,2,1,45,7,-1,-1,-1,4,1,4
2018010138399,1,9,0,-1,-1,-1,-1,-1,-1,-1,-1,-1,2,1,-1,-1,-1,-1,-1,2,1,2
2018010138399,2,9,0,-1,-1,-1,-1,-1,-1,-1,1,-1,6,3,-1,-1,1799,1,12,2,1,2
2018010138400,1,1,-1,-1,-1,-1,-1,-1,-1,-1,2,1,2,1,44,7,-1,-1,-1,9,1,9
2018010138400,2,9,0,-1,-1,-1,-1,-1,-1,-1,1,-1,6,3,20,4,1368,1,8,6,1,6
2018010138405,1,9,0,-1,-1,0,-1,-1,-1,-1,2,-1,6,1,18,4,1199,1,16,3,1,3
2018010138405,2,9,0,-1,-1,0,-1,-1,-1,-1,1,-1,6,1,19,4,1229,1,12,7,1,7
2018010138407,1,1,-1,-1,-1,-1,-1,-1,-1,-1,-1,1,2,1,58,9,-1,-1,-1,10,1,10
2018010138407,2,9,0,-1,-1,-1,-1,-1,-1,-1,4,-1,6,1,59,9,1248,1,8,3,1,3
2018010138409,1,9,0,4,0,1,0,0,0,0,1,1,2,2,34,6,1598,1,14,3,1,3
2018010138409,2,10,0,4,0,1,0,0,0,0,0,1,1,2,35,6,-1,-1,-1,-1,-1,-1
2018010138409,3,9,0,15,0,1,1,0,0,0,1,1,6,3,-1,-1,1248,2,11,-1,-1,-1
2018010138412,1,9,0,4,0,8,0,0,0,0,2,1,1,2,43,7,1997,1,10,3,1,3
2018010138412,2,9,0,3,0,8,0,0,0,0,1,1,6,1,-1,-1,-1,-1,-1,1,1,1
2018010138413,1,8,0,18,0,1,0,0,0,0,4,1,6,1,73,10,1896,2,11,8,1,8
2018010138413,2,2,0,18,0,1,0,0,0,0,4,1,6,1,32,6,124,1,7,2,1,2
2018010138415,1,9,0,18,0,0,0,0,0,0,3,1,2,1,55,8,1461,2,13,-1,-1,-1
2018010138415,2,1,0,18,0,0,0,0,0,0,1,1,1,1,18,4,-1,-1,-1,3,1,3
2018010138418,1,9,0,5,0,6,0,0,0,0,1,1,6,1,25,5,1796,1,11,4,1,4
2018010138418,2,1,0,18,0,1,0,0,0,0,1,1,2,1,27,6,-1,-1,-1,4,1,4
2018010138419,1,9,0,-1,-1,-1,-1,-1,-1,-1,1,-1,2,1,26,6,1368,1,11,2,1,2
2018010138419,2,9,0,-1,-1,-1,-1,-1,-1,-1,1,-1,6,3,-1,-1,-1,-1,-1,-1,-1,-1
2018010138420,1,9,0,-1,-1,0,-1,-1,-1,-1,2,-1,2,1,34,6,2616,1,13,4,1,4
2018010138420,2,9,0,-1,-1,0,-1,-1,-1,-1,1,-1,6,3,-1,-1,1496,2,1,-1,-1,-1
2018010138425,1,19,0,18,0,2,0,0,0,0,4,1,2,1,54,8,2402,2,13,10,1,10
2018010138425,2,4,0,18,0,2,0,0,0,0,3,1,6,1,23,5,125,1,3,1,1,1
2018010138425,3,21,1,3,0,1,0,0,0,0,0,1,1,1,36,7,11967,2,7,2,1,2
2018010138426,1,9,0,9,0,8,0,0,0,0,1,1,6,1,55,8,1364,1,2,2,1,2
2018010138428,1,3,0,18,0,1,0,0,0,0,4,1,6,2,20,4,125,1,5,3,1,3
2018010138428,2,19,0,12,0,1,0,0,0,0,1,1,6,1,35,6,1298,1,13,5,1,5
2018010138431,1,9,0,2,0,0,0,0,0,0,3,1,6,3,-1,-1,1364,1,9,-1,-1,-1
2018010138431,2,1,0,17,0,0,0,8,0,0,1,1,2,1,38,7,-1,-1,-1,2,1,2
2018010138432,1,9,0,9,0,4,0,10,0,0,1,1,6,2,24,5,2143,2,1,4,1,4
2018010138433,1,3,0,6,0,0,0,0,0,0,1,1,6,1,31,6,125,1,1,2,1,2
2018010138433,2,5,0,18,0,0,0,0,0,0,1,1,6,1,38,7,647,1,16,-1,-1,-1
2018010138434,1,9,0,9,0,8,0,0,0,0,1,1,6,1,24,5,1798,1,5,1,1,1
2018010138434,2,9,0,18,0,8,0,0,0,0,1,1,6,2,28,6,1995,2,10,2,1,2
2018010138435,1,9,0,9,0,5,0,0,0,0,3,1,1,1,46,8,1560,2,2,4,1,4
2018010138435,2,3,0,18,2,1,0,0,0,0,1,1,6,1,31,6,124,1,11,4,1,4
2018010138438,1,5,0,-1,-1,-1,-1,-1,-1,-1,-1,1,2,1,55,8,1170,1,1,10,1,10
2018010138438,2,9,0,-1,-1,-1,-1,-1,-1,-1,1,-1,6,3,-1,-1,-1,-1,-1,6,3,6
2018010138439,1,9,0,9,0,5,0,0,0,0,1,1,6,1,31,6,1198,1,9,-1,-1,-1
2018010138440,1,9,0,9,0,0,0,0,0,0,1,1,6,1,31,6,-1,-1,-1,3,1,3
2018010138440,2,1,0,18,0,0,1,0,0,0,1,1,2,1,36,7,-1,-1,-1,9,1,9
2018010138441,1,9,0,3,0,1,0,0,0,0,4,1,6,1,84,11,1984,1,14,1,1,1
2018010138442,1,9,0,18,0,8,0,0,5,6,2,1,6,2,30,6,1229,1,2,3,1,3
2018010138442,2,9,0,18,0,8,0,0,0,0,1,1,6,1,56,9,1995,2,7,4,1,4
2018010138447,1,9,0,7,0,8,0,0,0,0,1,1,6,2,47,8,1598,2,7,8,1,8
2018010138447,2,1,0,18,0,8,0,0,0,0,1,1,6,1,40,7,-1,-1,-1,5,1,5
2018010138448,1,9,0,18,0,0,0,0,0,0,4,1,6,1,27,6,1968,2,12,2,1,2
2018010138451,1,11,0,3,0,1,0,0,0,0,0,1,1,3,-1,-1,-1,-1,-1,-1,-1,-1
2018010138455,1,9,0,9,0,5,0,0,0,0,1,1,6,3,-1,-1,2435,7,14,-1,-1,-1
2018010138455,2,1,0,18,0,8,0,0,0,0,1,1,6,1,13,3,-1,-1,-1,1,1,1
2018010138456,1,8,0,-1,-1,-1,-1,-1,-1,-1,0,-1,6,3,-1,-1,1798,8,-1,-1,-1,-1
2018010138461,1,9,0,5,0,8,0,0,0,0,1,1,6,1,40,7,-1,-1,-1,9,1,9
2018010138464,1,1,0,18,0,1,2,0,0,0,1,1,2,1,51,8,-1,-1,-1,3,1,3
2018010138464,2,8,0,6,0,1,0,0,0,0,1,1,1,1,36,7,1798,8,3,5,1,5
2018010138466,1,9,0,17,0,1,0,0,0,0,0,1,1,1,64,9,2143,2,2,2,1,2
2018010138466,2,1,0,9,0,1,0,0,0,0,0,1,2,1,29,6,-1,-1,-1,4,1,4
2018010138471,1,5,0,-1,-1,-1,-1,-1,-1,-1,2,1,2,1,34,6,803,1,1,5,1,5
2018010138471,2,9,0,-1,-1,-1,-1,-1,-1,-1,1,-1,6,3,-1,-1,1797,8,8,-1,-1,-1
2018010138474,1,11,-1,-1,-1,0,-1,-1,-1,-1,-1,1,6,3,-1,-1,-1,-1,-1,-1,-1,-1
2018010138475,1,9,0,5,0,2,0,0,0,0,1,1,6,1,57,9,1400,1,12,-1,-1,-1
2018010138481,1,9,0,-1,0,1,0,0,0,0,2,1,6,1,39,7,1794,1,11,2,1,2
2018010138481,2,3,0,18,0,1,0,0,0,0,1,1,6,3,-1,-1,108,1,10,-1,-1,-1
2018010138487,1,9,0,18,0,1,0,0,0,0,1,1,6,1,28,6,2993,2,9,4,1,4
2018010138489,1,3,0,18,0,1,2,0,0,0,0,1,1,1,28,6,108,1,8,5,1,5
2018010138489,2,9,0,6,0,1,0,0,0,0,0,1,6,3,-1,-1,-1,-1,-1,-1,-1,-1
2018010138490,1,9,0,1,0,0,0,0,0,0,2,1,6,3,-1,-1,-1,-1,-1,-1,-1,-1
2018010138491,1,9,0,5,0,6,0,0,0,0,3,1,6,2,47,8,1296,1,11,2,1,2
2018010138491,2,9,0,18,0,1,0,0,1,0,1,1,6,1,28,6,1199,1,16,2,1,2
2018010138492,1,9,0,18,0,2,0,0,0,0,1,1,6,3,-1,-1,-1,-1,-1,-1,-1,-1
2018010138493,1,9,0,18,0,8,0,0,0,0,1,1,6,2,-1,-1,2987,2,1,5,2,5
2018010138493,2,9,0,9,0,8,0,0,0,0,4,1,2,1,43,7,-1,-1,-1,8,1,8
2018010138494,1,9,0,18,0,0,1,4,0,0,1,1,6,1,25,5,1395,1,-1,2,1,2
2018010138494,2,9,0,2,0,0,0,0,1,0,2,1,6,3,-1,-1,1796,1,8,-1,-1,-1
2018010138494,3,9,0,2,0,0,0,0,7,0,1,1,6,3,-1,-1,1968,2,9,-1,-1,-1
2018010138496,1,9,0,9,0,5,0,0,0,0,1,1,6,1,39,7,1991,8,2,2,1,2
2018010138496,2,3,0,18,0,8,1,0,0,0,1,1,6,1,23,5,125,1,2,4,1,4
2018010138499,1,9,0,5,0,6,0,0,0,0,1,1,6,1,50,8,1596,1,11,5,1,5
2018010138499,2,1,0,18,0,1,0,0,0,0,1,1,2,1,36,7,-1,-1,-1,7,1,7
2018010138500,1,21,0,3,0,0,0,0,0,0,1,1,1,1,36,7,10837,2,3,10,1,10
2018010138500,2,1,0,15,0,0,0,0,0,0,1,1,6,2,54,8,-1,-1,-1,8,1,8
2018010138505,1,8,0,7,0,2,0,0,0,0,3,2,2,1,55,8,1968,2,4,1,1,1
2018010138505,2,1,0,18,0,1,0,0,0,0,1,1,2,1,32,6,-1,-1,-1,1,1,1
2018010138508,1,9,0,18,0,2,0,0,0,0,1,1,6,1,28,6,1984,1,11,4,1,4
2018010138508,2,1,0,18,0,2,0,0,0,0,2,1,6,1,54,8,-1,-1,-1,-1,-1,-1
2018010138510,1,1,-1,18,0,2,5,0,0,0,3,1,6,2,36,7,-1,-1,-1,2,1,2
2018010138515,1,19,0,18,0,0,1,0,0,0,1,1,1,1,30,6,2198,2,8,7,1,7
2018010138515,2,9,0,9,0,0,0,0,0,0,3,1,3,1,42,7,1197,1,1,10,1,10
2018010138516,1,9,0,18,0,8,0,0,0,0,3,1,2,1,58,9,2148,2,9,7,1,7
2018010138516,2,19,0,9,0,5,0,0,0,0,1,1,1,1,49,8,1968,2,5,2,1,2
2018010138517,1,5,0,12,0,0,0,0,0,0,4,1,2,1,34,6,675,1,5,1,1,1
2018010138517,2,1,0,18,4,0,5,0,0,0,1,1,6,1,34,6,-1,-1,-1,6,1,6
2018010138518,1,9,-1,18,0,0,-1,-1,0,0,1,-1,6,1,-1,-1,-1,-1,-1,-1,-1,-1
2018010138519,1,9,0,9,0,2,0,0,0,0,1,1,6,1,52,8,1998,8,-1,5,1,5
2018010138521,1,19,0,10,5,1,0,0,0,0,1,1,1,1,37,7,2461,2,8,5,1,5
2018010138521,2,1,0,18,4,1,0,0,0,0,1,1,1,2,36,7,-1,-1,-1,2,-1,2
2018010138524,1,9,0,3,0,0,0,0,0,0,2,1,6,2,45,7,2993,2,1,9,1,9
2018010138524,2,9,0,18,0,0,0,0,0,0,1,-1,6,3,-1,-1,1390,2,15,-1,-1,-1
2018010138526,1,9,0,18,0,8,0,0,0,0,1,1,1,1,37,7,1796,1,16,-1,-1,-1
2018010138526,2,9,0,2,0,2,0,0,0,0,0,1,6,3,-1,-1,1399,1,13,-1,-1,-1