Accident_Index,Vehicle_Reference,Vehicle_Type,Towing_and_Articulation,Vehicle_Manoeuvre,Vehicle_Location-Restricted_Lane,Junction_Location,Skidding_and_Overturning,Hit_Object_in_Carriageway,Vehicle_Leaving_Carriageway,Hit_Object_off_Carriageway,1st_Point_of_Impact,Was_Vehicle_Left_Hand_Drive?,Journey_Purpose_of_Driver,Sex_of_Driver,Age_of_Driver,Age_Band_of_Driver,Engine_Capacity_(CC),Propulsion_Code,Age_of_Vehicle,Driver_IMD_Decile,Driver_Home_Area_Type,Vehicle_IMD_Decile
2018010138982,2,9,0,18,0,0,0,0,1,0,3,1,6,1,19,4,2793,1,20,-1,-1,-1
2018010138982,3,9,0,2,0,0,0,0,0,0,2,1,6,3,-1,-1,1199,2,6,-1,-1,-1
2018010138982,4,9,0,18,0,0,0,0,0,0,0,1,6,3,-1,-1,2494,1,16,-1,-1,-1
2018010138984,1,9,0,4,0,1,0,0,0,0,0,1,6,2,38,7,1461,2,8,5,1,5
2018010138984,2,9,0,4,0,1,0,0,0,0,1,1,6,1,36,7,1397,1,14,5,1,5
2018010138984,3,9,0,4,0,1,0,0,0,0,1,1,6,1,21,5,998,1,7,5,1,5
2018010138987,1,9,0,18,0,1,0,0,0,0,1,1,6,2,28,6,999,1,5,2,1,2
2018010138990,1,9,0,9,0,5,0,0,0,0,4,1,6,2,73,10,988,1,-1,9,1,9
2018010138990,2,11,0,18,0,1,0,0,0,0,3,1,1,1,49,8,5132,2,1,7,1,7
2018010138995,1,3,0,4,0,1,2,0,0,0,3,1,1,1,50,8,125,1,1,1,1,1
2018010138995,2,8,0,8,0,1,0,0,0,0,1,1,1,1,34,6,1798,8,1,6,1,6
2018010138999,1,9,0,5,0,4,0,0,0,0,3,1,6,2,34,6,1591,1,8,5,1,5
2018010138999,2,11,0,5,0,4,0,0,0,0,3,1,1,1,33,6,4500,2,1,1,1,1
2018010139006,1,8,0,9,0,8,0,0,0,0,4,1,1,1,44,7,1798,8,6,2,1,2
2018010139006,2,4,0,18,0,8,0,0,0,0,1,1,6,1,69,10,320,1,3,3,1,3
2018010139012,1,8,0,3,0,0,0,0,0,0,1,1,1,1,-1,-1,1800,8,7,3,1,3
2018010139012,2,9,0,3,0,0,0,0,0,0,2,1,2,2,34,6,-1,-1,-1,1,1,1
2018010139013,1,8,0,-1,-1,-1,-1,-1,-1,-1,2,-1,6,1,47,8,1797,8,6,4,1,4
2018010139014,1,9,0,18,0,8,0,0,0,0,1,1,6,1,20,4,1390,1,15,9,1,9
2018010139014,2,9,0,9,0,2,0,0,0,0,1,1,6,2,26,6,1396,1,16,2,1,2
2018010139015,1,9,0,-1,-1,0,-1,-1,-1,-1,1,-1,6,3,-1,-1,898,1,-1,-1,-1,-1
2018010139016,1,1,0,18,0,8,0,0,0,0,-1,1,6,2,24,5,-1,-1,-1,3,1,3
2018010139016,2,8,0,18,0,8,0,0,0,0,1,1,6,3,43,7,1598,2,2,-1,-1,-1
2018010139019,1,9,0,-1,-1,-1,-1,-1,-1,-1,1,-1,6,3,-1,-1,-1,-1,-1,-1,-1,-1
2018010139025,1,3,0,3,0,1,0,0,0,0,1,1,2,2,26,6,125,1,3,4,1,4
2018010139025,2,19,0,1,0,8,0,0,0,0,2,1,6,1,28,6,-1,-1,-1,-1,-1,-1
2018010139029,1,5,0,18,0,8,0,0,0,0,1,1,6,1,49,8,-1,-1,-1,7,1,7
2018010139029,2,9,0,9,0,8,0,0,0,0,1,1,6,1,20,4,1200,1,-1,4,1,4
2018010139031,1,3,0,18,0,0,2,0,0,0,0,1,1,1,25,5,125,1,-1,3,1,3
2018010139032,1,9,0,-1,-1,-1,-1,-1,-1,-1,2,-1,6,2,27,6,1229,1,11,2,1,2
2018010139033,1,3,0,18,0,8,1,0,0,0,1,1,6,1,21,5,125,1,-1,-1,-1,-1
2018010139033,2,9,0,9,0,5,0,0,0,0,1,1,6,3,-1,-1,2993,2,10,-1,-1,-1
2018010139037,1,9,0,4,0,6,0,0,0,0,2,1,6,2,44,7,2987,2,8,8,1,8
2018010139037,2,9,0,9,0,6,0,0,0,0,1,1,6,1,49,8,1598,1,11,5,1,5
2018010139042,1,1,0,18,0,0,0,0,0,0,3,1,1,2,59,9,-1,-1,-1,5,1,5
2018010139042,2,9,0,18,0,0,0,0,0,0,4,1,6,1,41,7,1995,2,15,4,1,4
2018010139043,1,8,0,5,0,1,0,0,0,0,4,2,6,1,49,8,-1,-1,-1,7,1,7
2018010139047,1,9,0,-1,-1,2,-1,-1,-1,-1,-1,-1,6,2,43,7,1598,1,11,4,1,4
2018010139047,2,8,0,-1,-1,2,-1,-1,-1,-1,1,-1,6,3,-1,-1,1790,8,8,2,1,2
2018010139049,1,1,-1,-1,-1,-1,-1,-1,-1,-1,2,1,2,1,32,6,-1,-1,-1,4,1,4
2018010139049,2,8,0,-1,-1,-1,-1,-1,-1,-1,1,-1,6,3,-1,-1,-1,-1,-1,-1,-1,-1
2018010139050,1,9,0,-1,-1,-1,-1,-1,-1,-1,-1,-1,6,1,32,6,1910,2,10,8,1,8
2018010139050,2,9,0,-1,-1,-1,-1,-1,-1,-1,-1,-1,6,3,-1,-1,-1,-1,-1,-1,-1,-1
2018010139051,1,9,0,-1,-1,-1,-1,-1,-1,-1,-1,-1,6,2,58,9,1969,2,3,6,1,6
2018010139051,2,9,0,-1,-1,-1,-1,-1,-1,-1,2,-1,6,3,-1,-1,2143,2,2,8,1,8
2018010139052,1,8,0,3,0,2,0,4,0,0,2,1,1,1,41,7,1798,8,2,2,1,2
2018010139052,2,1,0,5,0,1,0,4,0,0,1,1,1,1,29,6,-1,-1,-1,-1,-1,-1
2018010139053,1,3,0,18,0,0,2,7,7,0,1,1,6,1,-1,-1,125,1,3,7,1,7
2018010139053,2,9,0,18,0,0,0,0,0,0,0,1,6,3,-1,-1,599,1,15,-1,-1,-1
2018010139054,1,9,0,16,0,0,0,0,0,0,4,1,6,1,24,5,1197,1,2,4,1,4
2018010139054,2,9,0,17,0,0,0,0,0,0,1,1,6,1,24,5,1390,1,9,2,1,2
2018010139055,1,9,0,17,0,0,1,7,0,0,1,1,2,2,29,6,1398,2,14,7,1,7
2018010139058,1,8,0,18,0,8,0,0,0,0,1,1,1,2,43,7,2499,2,5,5,1,5
2018010139058,2,1,0,9,0,8,0,0,0,0,2,1,2,1,20,4,-1,-1,-1,7,1,7
2018010139059,1,9,0,4,0,0,0,0,0,0,2,1,6,2,24,5,1398,1,5,2,1,2
2018010139060,1,9,0,18,0,8,0,0,0,0,1,1,6,1,24,5,1995,2,9,9,1,9
2018010139060,2,9,0,9,0,8,0,0,0,0,1,1,6,1,18,4,1364,1,11,2,1,2
2018010139063,1,5,0,-1,-1,-1,-1,-1,-1,-1,1,1,2,1,50,8,865,1,3,4,1,4
2018010139063,2,8,0,-1,-1,-1,-1,-1,-1,-1,-1,1,6,3,-1,-1,1797,8,3,2,1,2
2018010139064,1,19,0,18,0,8,0,0,0,0,0,1,1,1,35,6,1598,2,-1,3,1,3
2018010139068,1,9,0,3,0,8,0,0,0,0,2,1,6,2,45,7,875,1,7,9,1,9
2018010139068,2,9,0,4,0,8,0,0,0,0,1,1,6,1,49,8,2979,1,13,8,1,8
2018010139070,1,9,0,9,0,8,0,0,0,0,1,1,6,3,-1,-1,-1,-1,-1,-1,-1,-1
2018010139071,1,9,0,-1,-1,-1,-1,-1,-1,-1,-1,1,6,1,38,7,1956,2,5,1,1,1
2018010139072,1,1,0,18,0,0,0,0,0,0,1,1,6,1,38,7,-1,-1,-1,-1,-1,-1
2018010139073,1,9,0,16,0,8,0,10,8,10,1,1,6,1,23,5,1149,1,17,3,1,3
2018010139073,2,9,0,2,9,8,0,0,1,0,3,1,6,3,-1,-1,-1,-1,-1,-1,-1,-1
2018010139073,3,9,0,2,0,8,0,0,7,0,3,1,6,3,-1,-1,1398,1,16,-1,-1,-1
2018010139077,1,9,0,7,0,8,0,0,0,0,4,1,6,3,-1,-1,-1,-1,-1,-1,-1,-1
2018010139078,1,19,0,3,0,1,0,0,0,0,2,1,2,1,57,9,1560,2,2,3,1,3
2018010139078,2,9,0,15,0,1,0,0,0,0,1,1,6,1,33,6,2148,2,16,3,1,3
2018010139081,1,19,0,4,0,1,0,0,0,0,2,1,1,1,65,9,2198,2,6,6,1,6
2018010139081,2,9,0,4,0,1,0,0,0,0,2,1,2,1,21,5,1798,1,5,2,1,2
2018010139081,3,9,0,18,0,1,0,0,0,0,1,1,2,2,61,9,1242,1,7,4,1,4
2018010139084,1,1,0,5,0,0,0,0,0,0,0,1,2,1,31,6,-1,-1,-1,6,1,6
2018010139084,2,9,0,6,0,0,0,0,0,0,1,1,6,1,48,8,1560,2,4,1,1,1
2018010139085,1,9,0,18,0,2,0,0,0,0,4,1,3,2,37,7,1798,1,9,4,1,4
2018010139101,1,9,-1,3,0,2,0,0,0,0,2,-1,6,2,39,7,1598,1,9,2,1,2
2018010139101,2,3,-1,18,0,2,-1,0,0,0,1,1,6,3,-1,-1,800,1,40,-1,-1,-1
2018010139104,1,9,0,5,0,0,0,0,0,0,1,1,1,1,48,8,1998,2,6,4,1,4
2018010139119,1,9,0,7,0,5,0,0,0,0,1,1,6,1,-1,-1,-1,-1,-1,-1,-1,-1
2018010139122,1,1,-1,9,0,0,-1,-1,-1,-1,-1,1,2,1,20,4,-1,-1,-1,8,1,8
2018010139127,1,9,0,18,0,3,0,0,0,0,4,1,2,1,64,9,1798,1,11,-1,-1,-1
2018010139127,2,9,0,18,9,4,0,0,0,0,1,1,2,1,30,6,-1,-1,-1,5,1,5
2018010139129,1,1,0,18,0,0,0,0,0,0,1,1,6,2,40,7,-1,-1,-1,7,1,7
2018010139129,2,90,-1,2,0,0,0,0,0,0,3,1,6,3,-1,-1,-1,-1,-1,-1,-1,-1
2018010139133,1,9,0,9,0,6,0,0,0,0,2,1,2,1,37,7,1587,1,12,4,1,4
2018010139133,2,1,0,18,0,1,1,0,0,0,2,1,2,1,36,7,-1,-1,-1,6,1,6
2018010139138,1,9,0,2,6,0,0,0,0,0,3,1,6,3,-1,-1,1368,1,9,-1,-1,-1
2018010139138,2,9,0,18,0,0,0,4,0,0,4,1,3,2,29,6,1799,1,12,4,1,4
2018010139141,1,9,0,18,0,8,0,0,1,4,1,1,6,1,36,7,2148,2,12,-1,-1,-1
2018010139141,2,9,0,18,0,8,0,0,8,10,1,1,6,3,-1,-1,2143,2,-1,-1,-1,-1
2018010139144,1,9,0,18,0,8,0,7,0,0,1,1,6,2,70,10,2198,1,17,9,1,9
2018010139148,1,9,0,-1,-1,-1,-1,-1,-1,-1,1,-1,6,3,-1,-1,-1,-1,-1,-1,-1,-1
2018010139150,1,9,0,18,0,1,0,0,0,0,1,1,6,1,58,9,3199,1,17,3,1,3
2018010139153,1,9,0,18,0,8,0,0,0,0,1,1,6,1,20,4,1329,1,4,5,1,5
2018010139153,2,9,0,7,0,6,0,0,0,0,1,1,6,1,20,4,1995,2,5,2,1,2
2018010139154,1,1,0,16,0,2,5,0,0,0,1,1,6,1,36,7,-1,-1,-1,9,1,9
2018010139154,2,9,-1,5,0,2,0,0,0,0,1,-1,6,1,-1,-1,1995,2,6,2,1,2
2018010139155,1,9,0,18,0,8,0,0,0,0,1,1,6,1,42,7,2995,1,-1,9,1,9
2018010139155,2,1,0,18,0,8,0,0,0,0,1,1,1,1,27,6,-1,-1,-1,4,-1,4
2018010139157,1,9,0,-1,-1,-1,-1,-1,-1,-1,4,-1,6,1,41,7,1598,2,1,2,1,2
2018010139157,2,19,0,-1,-1,-1,-1,-1,-1,-1,-1,-1,6,3,-1,-1,-1,-1,-1,-1,-1,-1
2018010139162,1,5,0,3,0,0,0,0,0,0,2,1,2,1,58,9,999,1,7,10,1,10
2018010139162,2,9,4,5,0,0,0,0,0,0,4,1,6,1,-1,-1,-1,-1,-1,5,3,5
2018010139173,1,8,0,-1,-1,-1,-1,-1,-1,-1,2,-1,6,3,-1,-1,-1,-1,-1,-1,-1,-1
2018010139173,2,9,0,-1,-1,-1,-1,-1,-1,-1,1,-1,6,3,-1,-1,-1,-1,-1,-1,-1,-1
2018010139178,1,5,0,18,0,1,0,0,0,0,3,1,1,1,38,7,745,1,4,8,1,8
2018010139178,2,9,0,5,0,8,0,0,0,0,1,1,6,1,69,10,3498,1,7,3,1,3
2018010139180,1,3,0,4,0,0,1,0,0,0,0,1,6,1,26,6,125,1,2,-1,-1,-1
2018010139182,1,8,0,-1,-1,-1,-1,-1,-1,-1,2,-1,6,1,26,6,1498,1,-1,3,1,3
2018010139182,2,9,-1,-1,-1,-1,-1,-1,-1,-1,-1,-1,6,3,-1,-1,-1,-1,-1,-1,-1,-1
2018010139182,3,9,-1,-1,-1,-1,-1,-1,-1,-1,-1,1,6,3,-1,-1,2143,2,6,-1,-1,-1
2018010139184,1,1,-1,-1,-1,-1,-1,-1,-1,-1,1,1,6,1,23,5,-1,-1,-1,2,1,2
2018010139184,2,9,0,-1,-1,-1,-1,-1,-1,-1,-1,-1,6,3,-1,-1,-1,-1,-1,1,1,1
2018010139191,1,19,0,-1,-1,0,-1,-1,-1,-1,2,1,6,1,44,7,2198,2,2,9,3,9
2018010139191,2,9,0,-1,0,0,0,0,0,0,1,1,6,3,-1,-1,-1,-1,-1,-1,-1,-1
2018010139198,1,9,0,-1,-1,-1,-1,-1,-1,-1,1,-1,6,1,57,9,1598,2,3,10,1,10
2018010139199,1,9,0,9,0,1,0,0,0,0,3,1,6,1,41,7,1995,2,3,2,1,2
2018010139199,2,9,0,13,0,1,2,0,0,0,1,1,6,2,43,7,1395,1,3,6,1,6
2018010139201,1,9,0,5,0,2,0,0,0,0,1,1,6,1,27,6,1600,1,13,2,1,2
2018010139203,1,9,0,3,9,0,0,0,0,0,2,1,1,1,47,8,2987,2,-1,2,1,2
2018010139206,1,9,0,3,0,1,0,0,0,0,2,1,1,1,27,6,1995,2,6,-1,-1,-1
2018010139206,2,9,0,3,0,1,0,0,0,0,1,1,6,1,24,5,-1,-1,-1,6,1,6
2018010139206,3,19,0,3,0,1,0,0,0,0,1,1,1,1,25,5,1968,2,11,7,1,7
2018010139208,1,1,-1,-1,-1,-1,-1,-1,-1,-1,-1,1,6,2,55,8,-1,-1,-1,3,1,3
2018010139208,2,1,-1,-1,-1,-1,-1,-1,-1,-1,-1,1,6,3,-1,-1,-1,-1,-1,-1,-1,-1
2018010139208,3,90,-1,-1,-1,-1,-1,-1,-1,-1,-1,-1,6,3,-1,-1,-1,-1,-1,-1,-1,-1
2018010139209,1,19,0,5,0,0,0,0,0,0,4,1,1,1,62,9,2198,2,3,7,1,7
2018010139210,1,3,0,4,0,1,0,0,0,0,1,1,6,1,47,8,125,1,1,9,1,9
2018010139210,2,9,0,3,0,1,0,0,0,0,4,1,2,1,32,6,999,1,4,4,1,4
2018010139216,1,9,0,5,0,8,0,0,0,0,1,1,6,2,36,7,2231,2,5,1,1,1
2018010139216,2,1,0,5,0,8,0,0,0,0,3,1,6,1,10,2,-1,-1,-1,-1,-1,-1
2018010139220,1,9,0,9,9,5,0,10,3,10,1,1,6,1,22,5,2143,2,4,2,1,2
2018010139221,1,9,0,18,9,1,0,0,7,0,1,1,1,1,43,7,2993,2,3,4,1,4
2018010139221,2,3,0,6,9,2,0,0,0,0,3,1,6,1,17,4,125,1,3,4,1,4
2018010139222,1,2,0,-1,-1,0,-1,-1,-1,-1,-1,1,2,2,17,4,49,1,7,1,1,1
2018010139222,2,9,0,-1,-1,0,-1,-1,-1,-1,-1,-1,6,3,-1,-1,-1,-1,-1,-1,-1,-1
2018010139223,1,9,0,3,0,0,0,0,0,0,2,1,6,2,25,5,1198,1,11,3,1,3
2018010139223,2,9,0,18,0,0,0,0,0,0,1,1,6,3,-1,-1,-1,-1,-1,4,1,4
2018010139228,1,9,0,18,0,1,0,0,0,0,1,1,6,2,39,7,1386,1,12,4,1,4
2018010139230,1,19,0,9,0,6,0,0,0,0,1,1,1,1,42,7,2198,2,3,6,1,6
2018010139230,2,4,0,18,0,8,0,0,7,0,4,1,2,1,35,6,-1,-1,-1,6,1,6
2018010139233,1,9,0,5,0,1,0,0,0,0,3,1,6,1,67,10,1595,1,14,4,1,4
2018010139233,2,2,0,5,0,1,0,0,0,0,3,1,6,1,39,7,125,1,3,7,1,7
2018010139235,1,9,0,-1,-1,0,-1,-1,-1,-1,2,-1,2,2,36,7,1242,1,11,4,1,4
2018010139235,2,90,0,-1,-1,0,-1,-1,-1,-1,1,-1,6,1,36,7,-1,-1,-1,3,1,3
2018010139237,1,4,0,18,0,1,0,0,0,0,4,1,6,1,36,7,124,1,-1,7,1,7
2018010139237,2,9,0,12,0,1,0,0,0,0,3,1,6,3,28,6,-1,-1,-1,-1,-1,-1
2018010139240,1,9,0,18,0,8,0,0,0,0,3,-1,6,1,19,4,988,1,1,3,1,3
2018010139242,1,9,0,18,0,0,0,0,0,0,1,1,6,2,55,8,998,1,6,4,1,4
2018010139244,1,5,0,-1,-1,0,-1,-1,-1,-1,1,1,6,1,54,8,1085,1,22,2,1,2
2018010139244,2,9,0,-1,-1,0,-1,-1,-1,-1,-1,-1,6,3,-1,-1,-1,-1,-1,-1,-1,-1
2018010139245,1,9,0,18,9,1,0,0,7,2,1,1,6,1,61,9,1995,2,4,8,1,8
2018010139246,1,1,-1,-1,-1,-1,-1,-1,-1,-1,-1,1,2,1,39,7,-1,-1,-1,1,1,1
2018010139246,2,9,0,-1,-1,-1,-1,-1,-1,-1,-1,-1,6,3,-1,-1,1995,2,14,-1,-1,-1
2018010139247,1,4,0,18,0,0,2,0,0,0,0,1,2,1,54,8,-1,-1,-1,1,1,1
2018010139252,1,11,0,18,0,1,0,0,0,0,0,1,1,1,54,8,5132,2,1,2,1,2
2018010139255,1,3,0,9,0,1,1,0,0,0,4,1,6,1,46,8,125,1,5,7,1,7
2018010139256,1,1,-1,-1,-1,0,-1,-1,-1,-1,-1,1,2,1,41,7,-1,-1,-1,2,1,2
2018010139256,2,9,0,-1,-1,0,-1,-1,-1,-1,-1,-1,6,3,-1,-1,1598,1,3,4,1,4
2018010139257,1,3,0,18,0,8,0,0,0,0,1,1,2,1,50,8,108,1,2,2,1,2
2018010139257,2,9,0,7,0,8,0,0,0,0,4,1,6,2,58,9,1499,2,2,2,1,2
2018010139269,1,4,0,9,0,5,0,0,1,0,4,1,6,1,26,6,124,1,2,5,1,5
2018010139269,2,9,0,9,0,8,0,0,0,0,1,1,6,3,-1,-1,2148,2,10,-1,-1,-1
2018010139275,1,9,0,18,0,1,0,0,0,0,1,1,6,1,31,6,1124,1,17,3,1,3
2018010139275,2,9,0,3,0,1,0,0,0,0,2,1,2,2,28,6,1686,2,11,5,-1,5
2018010139277,1,11,0,5,0,0,0,0,0,0,3,1,1,1,51,8,4760,2,5,2,1,2
2018010139278,1,11,0,3,2,1,0,0,0,0,0,1,1,1,28,6,4500,2,3,2,1,2
2018010139278,2,19,0,4,2,1,0,0,0,0,0,1,6,3,-1,-1,-1,-1,-1,-1,-1,-1
2018010139280,1,3,0,18,0,8,0,0,0,0,1,1,6,1,19,4,124,1,8,9,1,9
2018010139280,2,9,0,9,0,8,0,0,0,0,4,1,6,1,84,11,1781,1,24,8,1,8
2018010139282,1,9,0,5,0,4,0,0,0,0,0,1,2,1,58,9,1900,2,18,9,1,9
2018010139282,2,1,0,5,0,4,2,0,0,0,0,1,2,1,59,9,-1,-1,-1,-1,-1,-1
2018010139284,1,5,0,18,0,8,2,0,0,0,0,1,2,1,49,8,656,1,8,8,1,8
2018010139284,2,19,0,18,0,2,0,0,0,0,1,1,1,1,55,8,2198,2,2,4,1,4
2018010139286,1,20,4,12,0,1,0,0,0,0,3,1,1,1,58,9,4500,2,1,3,1,3
2018010139286,2,5,0,18,0,1,2,0,0,0,4,1,2,2,38,7,649,1,11,8,1,8
2018010139287,1,9,0,4,0,1,0,0,0,0,1,1,6,1,18,4,1598,2,3,1,1,1
2018010139290,1,9,0,-1,-1,-1,-1,-1,-1,-1,2,-1,6,2,22,5,1242,1,9,1,1,1
2018010139290,2,3,-1,-1,-1,-1,-1,-1,-1,-1,2,1,6,3,-1,-1,-1,-1,-1,2,1,2
2018010139292,1,11,0,-1,-1,-1,-1,-1,-1,-1,0,-1,6,1,37,7,4500,2,1,2,1,2
2018010139299,1,9,0,7,0,1,0,0,0,0,2,1,6,2,31,6,1329,1,2,-1,-1,-1
2018010139299,2,1,0,18,0,1,0,0,0,0,1,1,1,1,23,5,-1,-1,-1,4,1,4
2018010139301,1,9,0,-1,-1,0,-1,-1,-1,-1,4,-1,6,2,35,6,3311,8,11,3,1,3
2018010139301,2,9,0,-1,-1,0,-1,-1,-1,-1,1,-1,6,3,-1,-1,-1,-1,-1,-1,-1,-1
2018010139311,1,19,0,4,2,0,0,0,0,0,3,1,1,1,37,7,2298,2,1,4,1,4
2018010139311,2,1,0,14,2,0,0,8,0,0,4,1,4,1,18,4,-1,-1,-1,4,1,4
2018010139314,1,1,-1,-1,-1,-1,-1,-1,-1,-1,-1,1,2,1,42,7,-1,-1,-1,7,1,7
2018010139314,2,9,0,-1,-1,-1,-1,-1,-1,-1,1,-1,6,3,-1,-1,1596,1,10,7,1,7
2018010139315,1,5,0,-1,-1,-1,-1,-1,-1,-1,-1,1,2,1,43,7,-1,-1,-1,8,1,8
2018010139315,2,9,0,-1,-1,-1,-1,-1,-1,-1,-1,-1,6,3,-1,-1,1598,2,6,-1,-1,-1
2018010139318,1,19,0,18,0,4,0,0,0,0,1,2,1,1,55,8,2198,2,9,9,1,9
2018010139318,2,11,0,9,0,3,0,0,0,0,1,2,1,1,40,7,4500,2,11,4,1,4
2018010139323,1,9,0,14,0,1,0,0,0,0,3,1,6,2,23,5,999,1,6,5,1,5
2018010139323,2,1,0,13,0,1,0,0,0,0,1,1,1,1,27,6,-1,-1,-1,9,1,9
2018010139326,1,1,0,-1,4,8,0,10,0,0,3,1,6,2,28,6,-1,-1,-1,3,1,3
2018010139326,2,11,-1,14,0,8,0,0,0,0,4,-1,6,3,-1,-1,-1,-1,-1,-1,-1,-1
2018010139329,1,9,0,-1,-1,0,-1,-1,-1,-1,2,-1,6,1,58,9,2495,2,20,3,1,3
2018010139329,2,8,0,-1,-1,0,-1,-1,-1,-1,1,-1,6,3,-1,-1,2402,2,13,-1,-1,-1
2018010139330,1,21,1,5,0,3,0,0,0,0,4,2,1,1,24,5,-1,-1,-1,-1,-1,-1
2018010139330,2,9,0,3,0,1,0,0,0,0,3,1,2,2,44,7,1995,2,1,6,1,6
2018010139330,3,9,0,3,0,1,0,0,0,0,3,1,6,1,44,7,1995,2,4,5,1,5
2018010139333,1,11,0,5,0,3,0,0,0,0,0,1,1,1,39,7,-1,-1,-1,3,1,3
2018010139334,1,9,0,3,0,1,0,0,0,0,4,1,1,1,32,6,998,1,6,5,1,5
2018010139334,2,9,0,18,0,1,0,0,0,0,1,1,6,2,30,6,1398,1,8,2,1,2
2018010139334,3,9,0,3,0,1,0,0,0,0,1,1,2,2,43,7,1499,2,1,8,1,8
2018010139337,1,9,0,3,0,0,0,0,0,0,2,1,6,1,26,6,1398,2,13,4,1,4
2018010139337,2,9,0,3,0,0,0,0,0,0,2,1,2,2,33,6,1328,1,8,4,1,4
2018010139337,3,9,0,18,0,0,0,0,0,0,1,1,2,1,30,6,2143,2,8,2,1,2
2018010139338,1,9,0,4,0,1,0,0,0,0,1,1,6,3,-1,-1,-1,-1,-1,-1,-1,-1
2018010139341,1,1,-1,-1,-1,0,-1,-1,-1,-1,-1,1,2,2,24,5,-1,-1,-1,2,1,2
2018010139341,2,9,0,-1,-1,0,-1,-1,-1,-1,1,-1,6,1,-1,-1,1229,1,11,2,1,2
2018010139344,1,9,-1,-1,-1,0,-1,-1,-1,-1,-1,-1,6,3,-1,-1,-1,-1,-1,-1,-1,-1
2018010139346,1,2,0,18,0,0,0,0,0,0,4,1,2,1,45,7,998,1,13,6,1,6
2018010139346,2,9,0,11,0,0,0,0,0,0,3,1,2,1,61,9,1794,1,14,7,1,7
2018010139348,1,11,0,3,2,0,0,0,0,0,2,1,1,1,33,6,4500,2,2,5,1,5
2018010139348,2,11,0,3,2,0,0,4,0,0,2,1,1,1,60,9,5132,2,4,2,1,2
2018010139348,3,11,0,4,2,0,0,4,0,0,1,1,1,1,57,9,4500,2,3,7,1,7
2018010139350,1,9,0,-1,-1,0,-1,-1,-1,-1,2,-1,6,2,33,6,1248,1,5,5,1,5
2018010139350,2,9,0,-1,-1,0,-1,-1,-1,-1,1,-1,6,3,-1,-1,1686,2,8,6,1,6
2018010139351,1,9,0,18,0,-1,0,0,0,0,0,1,6,3,-1,-1,999,1,3,-1,-1,-1
2018010139351,2,2,0,18,0,-1,0,0,0,0,0,1,6,1,39,7,-1,-1,-1,3,1,3
2018010139352,1,9,0,5,0,2,0,0,3,0,0,2,6,2,36,7,1560,2,5,1,1,1
2018010139352,2,9,0,17,0,2,0,4,3,0,1,2,6,2,44,7,-1,-1,-1,6,1,6
2018010139361,1,9,0,9,0,6,0,0,0,0,1,1,6,1,71,10,1332,1,9,1,1,1
2018010139362,1,21,0,18,0,0,0,0,0,0,0,1,1,1,63,9,6370,2,6,2,1,2
2018010139362,2,9,0,3,0,0,0,0,0,0,1,1,6,1,46,8,1896,2,10,3,1,3
2018010139362,3,9,0,18,0,0,0,0,0,0,1,1,6,1,57,9,1999,1,12,8,3,8
2018010139363,1,9,0,18,0,0,0,0,0,0,1,1,6,1,44,7,1896,2,12,2,1,2
2018010139363,2,90,0,4,0,0,0,0,0,0,2,1,1,1,58,9,-1,-1,-1,4,1,4
2018010139364,1,9,0,5,0,1,0,0,0,0,3,1,3,2,39,7,3456,1,11,4,1,4
2018010139364,2,9,0,3,0,1,0,0,0,0,2,1,2,2,61,9,1998,1,3,8,1,8
2018010139366,1,1,-1,-1,-1,-1,-1,-1,-1,-1,-1,1,6,2,32,6,-1,-1,-1,2,1,2
2018010139366,2,9,0,-1,-1,-1,-1,-1,-1,-1,1,-1,6,3,-1,-1,-1,-1,-1,2,1,2
2018010139367,1,1,-1,18,0,1,-1,0,0,0,-1,1,6,1,35,6,-1,-1,-1,3,1,3
2018010139367,2,9,-1,-1,-1,-1,-1,0,-1,0,-1,-1,6,3,-1,-1,1598,1,12,-1,-1,-1
2018010139368,1,19,0,3,0,0,0,10,0,0,2,1,1,1,47,8,1560,2,-1,9,1,9
2018010139368,2,19,0,13,0,0,0,0,0,0,4,1,1,1,39,7,2298,2,2,9,1,9
2018010139369,1,8,0,5,0,0,0,0,0,0,0,1,6,3,28,6,-1,-1,-1,-1,-1,-1
2018010139372,1,9,0,5,0,0,0,0,0,0,1,1,1,2,24,5,-1,-1,-1,3,1,3
2018010139372,2,10,0,18,9,0,0,0,0,0,4,1,1,1,49,8,-1,-1,-1,3,1,3
2018010139379,1,9,0,9,0,2,0,0,0,0,4,1,3,2,34,6,1496,2,3,3,1,3
2018010139379,2,9,0,18,0,1,0,0,0,0,1,1,2,1,52,8,1248,2,4,1,1,1
2018010139380,1,9,0,5,0,0,0,0,0,0,1,1,1,2,66,10,1598,1,7,5,1,5
2018010139380,2,3,0,18,0,0,0,0,0,0,4,1,6,2,26,6,125,1,12,1,1,1
2018010139380,3,9,0,2,0,0,0,0,0,0,4,1,6,3,-1,-1,1339,1,8,-1,-1,-1
2018010139382,1,90,0,18,0,2,0,0,0,0,2,1,1,2,22,5,2148,2,11,9,1,9
2018010139382,2,9,0,18,0,2,0,0,0,0,1,1,1,1,51,8,1598,1,14,6,1,6
2018010139390,1,9,0,18,0,0,0,0,0,0,4,1,6,2,69,10,1198,1,4,5,3,5
2018010139392,1,1,-1,18,0,1,-1,8,0,0,1,1,6,1,49,8,-1,-1,-1,1,1,1
2018010139392,2,8,0,5,0,1,0,0,0,0,4,-1,6,3,-1,-1,1950,2,2,-1,-1,-1
2018010139393,1,1,0,18,0,0,1,11,0,0,0,1,2,1,38,7,-1,-1,-1,3,1,3
2018010139396,1,11,0,18,0,3,0,0,0,0,1,1,1,2,31,6,4500,2,2,2,1,2