Accident_Index,Vehicle_Reference,Vehicle_Type,Towing_and_Articulation,Vehicle_Manoeuvre,Vehicle_Location-Restricted_Lane,Junction_Location,Skidding_and_Overturning,Hit_Object_in_Carriageway,Vehicle_Leaving_Carriageway,Hit_Object_off_Carriageway,1st_Point_of_Impact,Was_Vehicle_Left_Hand_Drive?,Journey_Purpose_of_Driver,Sex_of_Driver,Age_of_Driver,Age_Band_of_Driver,Engine_Capacity_(CC),Propulsion_Code,Age_of_Vehicle,Driver_IMD_Decile,Driver_Home_Area_Type,Vehicle_IMD_Decile
2018010139405,1,1,-1,-1,-1,-1,-1,-1,-1,-1,1,1,2,1,28,6,-1,-1,-1,6,1,6
2018010139412,1,19,0,18,0,0,1,10,1,1,1,1,6,1,57,9,-1,-1,-1,5,1,5
2018010139421,1,11,0,11,2,0,0,0,0,0,0,1,1,1,29,6,4461,2,5,3,1,3
2018010139423,1,19,0,12,0,0,0,0,0,0,4,1,1,1,61,9,2496,2,19,8,1,8
2018010139423,2,1,0,18,0,0,0,0,0,0,1,1,6,1,57,9,-1,-1,-1,3,1,3
2018010139431,1,1,-1,-1,-1,-1,-1,-1,-1,-1,1,1,2,1,24,5,-1,-1,-1,5,1,5
2018010139431,2,9,0,-1,-1,-1,-1,-1,-1,-1,1,-1,6,2,31,6,1198,1,4,7,1,7
2018010139433,1,9,0,-1,0,0,0,0,-1,0,1,-1,6,2,75,10,1399,1,9,3,1,3
2018010139433,2,9,-1,1,-1,0,-1,0,-1,0,2,-1,6,3,-1,-1,1796,2,5,3,1,3
2018010139435,1,1,0,18,9,0,0,0,0,0,2,1,6,1,34,6,-1,-1,-1,1,1,1
2018010139436,1,2,0,13,0,0,0,0,0,0,4,1,6,1,48,8,125,1,-1,2,1,2
2018010139436,2,9,0,7,0,0,0,0,0,0,4,1,6,1,22,5,1461,2,14,1,1,1
2018010139441,1,3,0,18,0,8,0,0,0,0,1,1,6,1,17,4,125,1,-1,2,1,2
2018010139447,1,9,0,5,0,2,0,0,0,0,1,1,6,2,44,7,1598,1,12,1,1,1
2018010139448,1,9,0,12,7,0,0,0,0,0,3,1,6,2,23,5,1242,1,9,2,1,2
2018010139448,2,9,0,9,0,0,0,0,0,0,3,1,6,2,26,6,999,1,1,1,1,1
2018010139449,1,9,0,9,0,1,0,0,0,0,1,2,6,1,41,7,2987,2,3,8,1,8
2018010139449,2,3,0,15,4,1,0,0,0,0,1,1,1,1,36,7,124,1,1,4,1,4
2018010139450,1,11,0,5,2,1,0,0,0,0,0,1,1,1,71,10,4760,2,5,7,1,7
2018010139451,1,4,0,-1,-1,-1,-1,-1,-1,-1,-1,1,2,1,30,6,125,1,6,2,1,2
2018010139451,2,19,0,-1,-1,-1,-1,-1,-1,-1,1,-1,6,3,-1,-1,-1,3,4,-1,-1,-1
2018010139452,1,9,0,9,0,1,0,0,0,0,4,1,6,1,43,7,1796,1,14,9,1,9
2018010139452,2,1,0,18,0,1,0,0,0,0,1,1,6,1,19,4,-1,-1,-1,2,1,2
2018010139457,1,9,0,9,0,1,0,0,0,0,1,1,6,2,47,8,1968,2,2,7,1,7
2018010139457,2,1,0,18,0,1,0,0,0,0,1,1,2,1,45,7,-1,-1,-1,3,1,3
2018010139459,1,9,0,5,0,1,0,0,0,0,3,1,6,1,22,5,1596,1,13,2,1,2
2018010139459,2,1,0,18,0,1,0,0,0,0,4,1,2,2,28,6,-1,-1,-1,2,1,2
2018010139461,1,11,0,3,0,0,0,0,0,0,2,1,1,1,-1,-1,4500,2,6,4,1,4
2018010139461,2,9,0,18,0,0,0,0,0,0,1,1,2,1,35,6,1598,1,13,2,1,2
2018010139463,1,9,0,17,0,8,0,0,1,0,1,1,6,1,31,6,1587,1,11,10,1,10
2018010139463,2,3,0,18,0,8,1,0,0,0,1,1,6,1,31,6,124,1,-1,3,1,3
2018010139464,1,8,0,9,0,8,0,0,0,0,1,1,6,2,31,6,1791,8,6,1,1,1
2018010139464,2,3,0,18,0,8,0,0,0,0,3,1,2,1,34,6,125,1,3,7,1,7
2018010139465,1,5,0,14,0,3,0,0,0,0,4,1,2,1,49,8,1050,1,1,9,1,9
2018010139465,2,9,0,5,0,1,0,0,0,0,3,1,2,2,21,5,1299,1,12,5,1,5
2018010139467,1,11,0,18,2,1,0,0,0,0,0,1,6,1,60,9,6700,2,6,2,1,2
2018010139468,1,9,0,1,0,0,0,0,0,0,2,1,4,2,30,6,1329,1,8,4,1,4
2018010139468,2,3,0,18,0,0,0,0,0,0,1,1,1,1,34,6,125,1,1,8,1,8
2018010139470,1,9,0,14,0,0,0,0,0,0,4,1,2,2,26,6,1248,2,12,9,1,9
2018010139471,1,19,0,9,0,8,0,0,3,0,1,1,1,1,20,4,2143,2,-1,1,1,1
2018010139471,2,1,0,9,0,1,0,0,3,0,4,1,6,2,18,4,-1,-1,-1,4,1,4
2018010139475,1,1,-1,-1,-1,0,-1,-1,-1,-1,1,1,2,1,-1,-1,-1,-1,-1,2,1,2
2018010139475,2,9,-1,-1,-1,0,-1,-1,-1,-1,-1,-1,6,1,-1,-1,1497,8,-1,2,1,2
2018010139482,1,9,0,17,0,0,0,0,0,0,1,1,6,1,79,11,1332,1,20,3,1,3
2018010139485,1,9,0,18,0,2,0,0,0,0,4,1,2,2,33,6,998,1,1,3,1,3
2018010139492,1,9,0,18,0,0,0,0,0,0,0,1,6,2,45,7,1390,1,9,9,1,9
2018010139492,2,5,0,4,0,0,1,7,0,0,0,1,2,1,38,7,918,1,20,5,1,5
2018010139495,1,9,0,3,0,8,0,10,0,0,3,1,1,1,49,8,1797,8,7,-1,-1,-1
2018010139495,2,9,0,14,0,8,0,10,0,0,1,2,6,1,28,6,1796,1,14,3,1,3
2018010139498,1,3,0,13,0,1,0,0,0,0,1,1,1,1,55,8,125,1,-1,3,1,3
2018010139498,2,9,0,9,0,2,0,0,0,0,1,1,6,1,38,7,-1,-1,-1,2,1,2
2018010139508,1,9,0,-1,-1,-1,-1,-1,-1,-1,3,-1,6,2,43,7,2143,2,4,4,1,4
2018010139508,2,9,-1,18,0,2,-1,0,0,0,-1,-1,6,3,-1,-1,-1,-1,-1,-1,-1,-1
2018010139510,1,1,-1,-1,-1,-1,-1,-1,-1,-1,-1,1,2,1,49,8,-1,-1,-1,2,1,2
2018010139510,2,9,0,-1,-1,-1,-1,-1,-1,-1,-1,-1,6,3,-1,-1,1797,8,4,-1,-1,-1
2018010139511,1,9,0,3,0,1,0,0,0,0,2,1,6,1,48,8,1990,1,14,10,1,10
2018010139511,2,9,0,3,0,1,0,0,0,0,1,1,6,3,28,6,2435,1,17,-1,-1,-1
2018010139513,1,9,0,6,0,0,0,0,0,0,1,1,6,1,21,5,1560,2,5,3,1,3
2018010139513,2,4,0,18,0,0,0,0,0,0,1,1,2,1,34,6,-1,-1,-1,4,1,4
2018010139514,1,11,0,-1,-1,-1,-1,-1,-1,-1,1,-1,6,1,59,9,6700,2,10,2,1,2
2018010139516,1,1,0,18,2,1,2,0,0,0,1,1,2,1,45,7,-1,-1,-1,7,3,7
2018010139518,1,8,0,18,2,2,0,0,0,0,1,1,6,1,47,8,2776,2,2,8,-1,8
2018010139520,1,9,0,18,0,2,0,4,0,0,1,1,6,1,29,6,1995,2,9,8,1,8
2018010139520,2,9,0,2,0,2,0,0,0,0,1,1,6,3,-1,-1,1587,1,11,-1,-1,-1
2018010139520,3,9,0,2,0,1,0,0,0,0,1,1,6,3,-1,-1,1240,1,15,-1,-1,-1
2018010139525,1,9,0,5,0,6,0,0,0,0,1,1,6,1,53,8,999,1,1,9,1,9
2018010139527,1,9,0,18,0,2,0,0,0,0,2,1,6,1,28,6,1796,1,9,10,1,10
2018010139527,2,9,0,18,0,2,0,0,0,0,1,1,6,1,25,5,1796,1,10,2,1,2
2018010139532,1,9,0,18,0,8,0,0,0,0,1,1,1,1,47,8,1997,2,4,-1,-1,-1
2018010139532,2,9,0,18,0,8,0,0,7,0,1,1,6,1,23,5,1390,1,4,5,1,5
2018010139532,3,9,0,18,0,1,0,0,0,0,0,1,6,1,40,7,1995,2,3,7,1,7
2018010139533,1,9,0,7,0,3,0,0,2,7,3,1,6,1,59,9,1798,1,3,3,1,3
2018010139533,2,9,0,7,0,3,0,10,0,0,4,1,6,3,30,6,1896,1,22,-1,-1,-1
2018010139537,1,3,0,7,0,1,0,0,0,0,1,1,6,1,43,7,125,1,7,10,1,10
2018010139537,2,9,0,18,0,1,0,0,0,0,-1,-1,6,1,36,7,-1,-1,-1,5,1,5
2018010139541,1,9,0,-1,0,-1,0,0,0,0,1,1,6,1,51,8,1997,2,6,3,1,3
2018010139547,1,9,0,5,0,1,0,0,0,0,3,1,1,2,24,5,1328,1,10,6,1,6
2018010139547,2,8,0,18,0,1,0,0,0,0,1,1,6,1,51,8,1997,2,5,6,1,6
2018010139547,3,4,0,18,0,1,0,0,0,0,1,1,2,1,33,6,124,1,2,9,1,9
2018010139550,1,9,0,9,0,8,0,0,0,0,3,1,6,1,59,9,2922,1,14,10,1,10
2018010139550,2,5,0,18,0,1,0,0,0,0,1,1,6,1,40,7,689,1,2,7,1,7
2018010139568,1,9,0,6,0,2,0,0,0,0,0,1,2,2,29,6,1124,1,11,2,1,2
2018010139568,2,3,0,18,0,2,1,0,0,0,3,1,2,1,33,6,124,1,6,9,1,9
2018010139569,1,1,0,18,0,1,0,0,0,0,4,1,6,1,45,7,-1,-1,-1,8,1,8
2018010139569,2,9,0,5,0,1,0,0,0,0,1,1,1,1,53,8,1950,2,1,5,1,5
2018010139570,1,1,-1,18,0,8,-1,-1,0,0,1,1,6,1,16,4,-1,-1,-1,3,1,3
2018010139570,2,9,-1,-1,0,-1,-1,0,0,0,1,-1,6,1,34,6,1798,8,3,4,1,4
2018010139573,1,11,0,18,0,1,0,0,0,0,0,1,1,1,30,6,6700,2,9,7,1,7
2018010139578,1,9,0,18,0,0,0,4,7,2,1,1,6,1,68,10,1896,2,9,5,1,5
2018010139578,2,9,0,2,0,0,0,0,0,0,2,1,6,3,-1,-1,1968,2,9,-1,-1,-1
2018010139579,1,9,-1,18,-1,-1,-1,0,0,0,-1,-1,6,1,37,7,1798,8,2,6,1,6
2018010139579,2,9,-1,18,-1,-1,-1,-1,-1,-1,-1,-1,6,3,-1,-1,2720,2,10,-1,-1,-1
2018010139580,1,1,0,5,0,8,0,0,0,0,1,1,1,1,56,9,-1,-1,-1,10,1,10
2018010139580,2,9,0,5,0,8,0,0,0,0,1,1,1,2,58,9,1149,1,11,5,1,5
2018010139581,1,9,0,18,0,0,0,0,0,0,0,1,6,2,26,6,-1,-1,-1,2,1,2
2018010139581,2,19,0,18,0,0,0,0,0,0,1,1,1,1,40,7,2198,2,2,4,1,4
2018010139583,1,5,0,14,0,1,1,0,0,0,1,1,2,1,27,6,798,1,12,-1,-1,-1
2018010139583,2,9,0,7,0,8,0,0,0,0,1,1,6,2,43,7,1995,2,7,-1,-1,-1
2018010139588,1,19,0,9,0,2,0,0,0,0,1,1,1,1,37,7,1995,2,1,2,1,2
2018010139588,2,1,0,18,0,1,0,0,0,0,1,1,6,1,37,7,-1,-1,-1,1,1,1
2018010139589,1,9,0,-1,-1,-1,-1,-1,-1,-1,2,-1,6,1,40,7,1497,8,9,3,1,3
2018010139589,2,10,0,-1,-1,-1,-1,-1,-1,-1,-1,-1,6,3,-1,-1,-1,-1,-1,-1,-1,-1
2018010139591,1,1,-1,-1,-1,-1,-1,-1,-1,-1,1,1,2,1,47,8,-1,-1,-1,5,1,5
2018010139591,2,9,0,-1,-1,-1,-1,-1,-1,-1,-1,-1,6,3,31,6,1390,1,10,2,1,2
2018010139595,1,9,-1,-1,-1,-1,-1,-1,-1,-1,1,-1,6,1,24,5,1798,8,6,3,1,3
2018010139595,2,90,1,-1,-1,-1,-1,-1,-1,-1,-1,-1,6,3,-1,-1,-1,-1,-1,-1,-1,-1
2018010139600,1,9,0,7,0,2,0,4,0,0,1,1,1,1,71,10,4196,1,13,-1,-1,-1
2018010139600,2,9,0,2,0,2,0,4,0,0,2,1,6,3,-1,-1,1242,1,13,-1,-1,-1
2018010139600,3,9,0,2,0,2,0,11,1,10,2,1,6,3,-1,-1,1198,1,4,-1,-1,-1
2018010139600,4,9,0,2,0,2,0,0,0,0,2,1,6,3,-1,-1,1388,1,13,-1,-1,-1
2018010139602,1,4,0,3,0,1,0,0,0,0,3,1,2,1,32,6,108,1,1,3,1,3
2018010139602,2,19,0,18,0,8,0,0,0,0,1,1,2,1,45,7,1995,2,7,5,1,5
2018010139602,3,9,0,18,0,8,0,0,0,0,3,1,2,1,42,7,1685,2,-1,10,1,10
2018010139603,1,3,0,18,0,1,1,0,0,0,3,1,6,1,19,4,125,1,2,6,1,6
2018010139603,2,9,0,8,0,6,0,0,0,0,0,1,6,2,22,5,1248,2,10,4,1,4
2018010139604,1,9,0,15,0,0,1,0,0,0,3,1,6,1,36,7,1242,1,6,4,1,4
2018010139604,2,9,0,18,0,0,0,0,0,0,3,1,6,1,36,7,2143,2,4,2,1,2
2018010139606,1,9,0,18,0,4,0,0,0,0,2,-1,6,1,49,8,2231,2,10,-1,-1,-1
2018010139606,2,19,0,18,0,4,0,0,0,0,1,-1,6,3,-1,-1,-1,-1,-1,-1,-1,-1
2018010139609,1,3,0,18,0,8,0,0,0,0,1,1,1,1,31,6,108,1,1,3,1,3
2018010139609,2,19,0,9,0,8,0,0,0,0,1,1,1,1,50,8,2198,2,4,3,1,3
2018010139611,1,9,0,18,0,0,0,0,0,0,2,1,6,1,27,6,1598,1,7,4,1,4
2018010139611,2,9,0,18,0,0,1,10,1,7,1,1,1,1,-1,-1,2993,2,4,2,1,2
2018010139617,1,10,0,-1,-1,-1,-1,-1,-1,-1,-1,-1,6,3,-1,-1,2143,2,1,-1,-1,-1
2018010139619,1,4,0,15,0,1,0,0,0,0,0,1,6,1,23,5,124,1,9,2,1,2
2018010139619,2,9,0,9,0,5,0,0,0,0,0,1,1,1,37,7,1560,2,3,2,1,2
2018010139620,1,9,0,5,0,2,0,0,0,0,1,1,6,1,56,9,2993,2,1,6,1,6
2018010139623,1,11,0,18,0,8,0,0,0,0,1,1,1,1,45,7,9000,2,10,2,1,2
2018010139623,2,9,0,9,0,1,0,0,0,0,4,1,6,3,-1,-1,2000,2,13,-1,-1,-1
2018010139623,3,9,0,10,0,1,0,0,0,0,0,1,6,2,38,7,1560,2,10,3,1,3
2018010139625,1,9,0,9,0,6,0,0,0,0,0,1,6,1,63,9,2261,1,2,8,1,8
2018010139631,1,9,-1,1,9,0,0,0,0,0,2,-1,6,3,-1,-1,-1,-1,-1,-1,-1,-1
2018010139632,1,9,0,9,0,1,0,0,0,0,3,1,6,1,36,7,1364,1,1,2,1,2
2018010139632,2,4,0,18,2,1,0,0,0,0,1,1,6,1,35,6,998,1,-1,7,1,7
2018010139635,1,9,0,9,0,0,0,0,0,0,1,1,2,1,33,6,2143,2,3,2,1,2
2018010139635,2,3,0,18,0,0,0,0,0,0,1,1,6,1,21,5,125,1,-1,4,1,4
2018010139636,1,9,0,18,0,1,0,0,0,0,2,-1,6,2,30,6,998,1,2,3,1,3
2018010139636,2,9,0,18,0,1,0,0,0,0,1,-1,6,1,-1,-1,1968,2,6,2,1,2
2018010139636,3,9,0,4,0,1,0,0,0,0,0,-1,6,3,-1,-1,1796,1,16,3,1,3
2018010139639,1,4,-1,18,0,4,0,0,0,0,2,1,6,1,48,8,296,1,1,3,1,3
2018010139639,2,9,-1,-1,0,4,0,0,0,0,1,-1,6,1,-1,-1,1997,1,4,-1,-1,-1
2018010139641,1,9,0,18,0,1,0,0,0,0,3,1,6,1,67,10,3456,8,11,9,1,9
2018010139641,2,5,0,18,0,1,0,0,0,0,1,1,1,1,36,7,1043,1,-1,-1,-1,-1
2018010139649,1,19,0,4,0,1,1,10,1,10,1,1,2,1,37,7,1968,2,9,-1,-1,-1
2018010139649,2,9,0,17,0,1,0,0,0,0,0,1,1,1,30,6,1498,1,-1,4,1,4
2018010139649,3,9,0,4,0,1,0,0,0,0,0,1,6,3,-1,-1,-1,-1,-1,-1,-1,-1
2018010139650,1,9,-1,18,0,5,0,0,0,0,3,-1,6,2,22,5,1242,1,9,6,1,6
2018010139652,1,1,-1,-1,-1,0,-1,-1,-1,-1,1,1,6,3,-1,-1,-1,-1,-1,-1,-1,-1
2018010139655,1,9,0,-1,0,1,0,0,0,0,4,-1,6,1,34,6,998,1,4,-1,-1,-1
2018010139655,2,9,-1,-1,0,-1,0,0,0,0,4,-1,6,3,-1,-1,2720,2,10,-1,-1,-1
2018010139657,1,8,0,-1,-1,-1,-1,-1,-1,-1,2,-1,6,1,47,8,1598,1,9,2,1,2
2018010139657,2,9,0,-1,-1,-1,-1,-1,-1,-1,1,-1,6,3,-1,-1,1364,1,10,-1,-1,-1
2018010139658,1,9,0,9,0,5,0,0,0,0,1,1,6,1,43,7,1796,1,15,4,1,4
2018010139669,1,5,0,18,0,0,0,0,0,0,1,1,2,1,44,7,1050,1,10,9,1,9
2018010139669,2,9,0,3,0,0,0,0,0,0,2,1,1,1,25,5,1248,1,2,8,1,8
2018010139670,1,1,-1,-1,-1,-1,-1,-1,-1,-1,-1,1,2,2,27,6,-1,-1,-1,4,1,4
2018010139670,2,9,0,-1,-1,-1,-1,-1,-1,-1,1,-1,6,3,-1,-1,-1,-1,-1,-1,-1,-1
2018010139671,1,9,0,18,0,0,0,0,0,0,2,1,1,1,39,7,1998,8,1,10,1,10
2018010139671,2,9,0,4,0,0,0,0,0,0,2,1,6,1,45,7,2319,1,15,9,1,9
2018010139671,3,9,0,4,0,0,0,0,0,0,1,1,2,1,27,6,1461,2,2,5,1,5
2018010139672,1,3,0,18,0,1,0,0,0,0,1,1,6,1,34,6,125,1,10,1,1,1
2018010139673,1,1,-1,-1,-1,-1,-1,-1,-1,-1,1,1,2,1,58,9,-1,-1,-1,3,1,3
2018010139673,2,8,0,-1,-1,-1,-1,-1,-1,-1,-1,-1,6,3,39,7,1798,8,1,4,1,4
2018010139677,1,9,0,-1,-1,-1,-1,-1,-1,-1,1,-1,2,2,46,8,1461,2,3,5,1,5
2018010139677,2,9,0,-1,-1,-1,-1,-1,-1,-1,-1,-1,6,3,-1,-1,-1,-1,-1,-1,-1,-1
2018010139679,1,9,-1,-1,-1,-1,-1,-1,-1,-1,-1,-1,6,3,-1,-1,-1,-1,-1,-1,-1,-1
2018010139684,1,2,0,18,0,1,1,0,0,0,3,1,1,1,35,6,125,1,11,7,1,7
2018010139685,1,9,0,3,0,8,0,-1,0,0,2,-1,2,2,24,5,998,1,16,-1,-1,-1
2018010139685,2,9,0,-1,0,8,0,-1,0,0,1,-1,6,3,-1,-1,-1,-1,-1,-1,-1,-1
2018010139686,1,9,0,3,0,0,0,0,0,0,2,1,6,1,72,10,1108,1,9,8,1,8
2018010139686,2,9,0,18,0,0,0,0,0,0,2,1,6,1,31,6,1598,1,12,7,1,7
2018010139686,3,9,0,4,0,0,0,0,0,0,1,1,6,2,49,8,1783,1,18,8,1,8
2018010139689,1,9,0,3,0,0,-1,-1,0,0,2,-1,6,2,-1,-1,1968,2,3,9,1,9
2018010139689,2,9,0,-1,0,0,-1,-1,0,0,1,-1,6,3,-1,-1,1198,1,4,-1,-1,-1
2018010139690,1,9,-1,-1,-1,-1,-1,-1,-1,-1,-1,-1,6,3,-1,-1,1998,2,14,-1,-1,-1
2018010139694,1,9,0,9,0,8,0,0,0,0,1,1,6,1,34,6,1999,1,14,5,1,5
2018010139694,2,9,0,17,0,1,0,0,0,0,3,1,6,1,47,8,1968,2,6,8,1,8
2018010139696,1,9,0,13,5,0,0,7,0,0,1,1,6,3,-1,-1,1968,2,13,-1,-1,-1
2018010139696,2,9,0,18,0,0,0,0,0,0,1,1,1,1,35,6,999,1,-1,-1,-1,-1
2018010139696,3,4,0,4,2,0,0,0,0,0,4,1,6,1,52,8,248,1,5,3,1,3
2018010139696,4,19,0,18,0,0,0,0,0,0,4,1,1,1,28,6,1248,2,1,5,1,5
2018010139702,1,3,0,18,0,1,0,0,7,0,1,1,6,1,23,5,124,1,-1,5,1,5
2018010139702,2,9,0,9,0,1,0,0,0,0,3,1,6,2,29,6,1997,2,9,3,1,3
2018010139704,1,3,0,14,0,2,0,0,0,0,1,1,6,1,35,6,125,1,3,2,1,2
2018010139709,1,3,0,18,0,0,1,0,0,0,0,1,1,1,32,6,-1,-1,-1,3,1,3
2018010139714,1,9,0,18,0,4,0,0,0,0,3,2,2,1,57,9,2995,1,1,9,1,9
2018010139714,2,1,0,9,0,4,0,0,0,0,1,1,2,1,52,8,-1,-1,-1,3,1,3
2018010139716,1,1,-1,-1,-1,-1,-1,-1,-1,-1,-1,1,2,2,26,6,-1,-1,-1,2,1,2
2018010139716,2,9,0,-1,-1,-1,-1,-1,-1,-1,-1,-1,6,3,-1,-1,-1,-1,-1,-1,-1,-1
2018010139717,1,9,0,9,0,5,0,0,0,0,1,1,6,1,56,9,1240,1,15,5,1,5
2018010139717,2,1,0,18,0,1,0,0,0,0,1,1,6,1,39,7,-1,-1,-1,2,1,2
2018010139719,1,1,-1,-1,-1,-1,-1,-1,-1,-1,-1,1,6,2,45,7,-1,-1,-1,4,1,4
2018010139719,2,9,0,-1,-1,-1,-1,-1,-1,-1,1,-1,6,3,-1,-1,1956,2,6,-1,-1,-1
2018010139721,1,9,0,-1,-1,-1,-1,-1,-1,-1,2,-1,2,1,37,7,1896,2,9,3,1,3
2018010139722,1,5,0,-1,-1,-1,-1,-1,-1,-1,-1,1,6,1,38,7,1170,1,-1,8,1,8
2018010139722,2,1,-1,-1,-1,-1,-1,-1,-1,-1,1,1,6,1,-1,-1,-1,-1,-1,-1,-1,-1
2018010139724,1,9,0,18,0,0,0,0,0,0,4,1,6,1,30,6,2179,2,6,2,1,2
2018010139726,1,1,-1,-1,-1,0,-1,-1,-1,-1,2,1,2,1,44,7,-1,-1,-1,9,1,9
2018010139726,2,3,0,-1,-1,0,-1,-1,-1,-1,-1,1,6,3,-1,-1,-1,-1,-1,-1,-1,-1
2018010139727,1,9,0,3,0,1,0,0,0,0,2,-1,2,2,38,7,999,1,1,2,1,2
2018010139727,2,9,0,-1,-1,-1,-1,-1,-1,-1,2,-1,6,3,-1,-1,-1,-1,-1,-1,-1,-1
2018010139729,1,9,0,18,0,8,0,0,0,0,1,1,6,3,-1,-1,-1,-1,-1,-1,-1,-1
2018010139729,2,1,0,18,0,2,5,0,0,0,3,1,6,1,34,6,-1,-1,-1,3,1,3
2018010139731,1,9,0,6,0,2,0,0,0,0,3,1,6,2,70,10,1197,1,3,9,1,9
2018010139731,2,3,0,13,0,2,1,0,0,0,1,1,2,1,32,6,125,1,4,6,1,6
2018010139733,1,2,0,-1,-1,0,-1,-1,-1,-1,-1,1,6,1,37,7,49,1,5,3,1,3
2018010139733,2,8,0,-1,-1,0,-1,-1,-1,-1,-1,-1,6,3,-1,-1,2499,2,9,-1,-1,-1
2018010139734,1,8,0,5,0,6,0,0,0,0,1,1,1,1,-1,-1,2143,2,6,8,1,8
2018010139740,1,9,0,4,0,1,0,0,0,0,2,1,3,2,34,6,1400,1,13,2,1,2
2018010139740,2,9,0,4,0,1,0,0,0,0,1,1,6,3,-1,-1,1364,1,14,-1,-1,-1
2018010139750,1,9,0,12,0,2,0,10,0,0,1,1,6,1,80,11,1850,1,18,7,1,7
2018010139752,1,9,0,10,0,5,0,0,0,0,3,1,6,1,61,9,1968,2,9,6,1,6
2018010139752,2,3,0,14,0,1,0,0,0,0,4,1,6,1,29,6,125,1,2,4,1,4
2018010139753,1,9,0,9,0,0,0,0,0,0,4,1,6,1,19,4,1995,2,3,-1,-1,-1
2018010139753,2,1,0,18,0,0,5,0,0,0,1,1,2,1,45,7,-1,-1,-1,5,1,5
2018010139755,1,9,0,5,6,0,0,0,0,0,4,1,2,1,54,8,2987,2,2,2,1,2
2018010139755,2,1,0,18,0,0,0,4,0,0,1,1,2,1,34,6,-1,-1,-1,5,1,5
2018010139756,1,4,0,3,0,2,5,0,0,0,2,1,2,1,45,7,120,1,17,2,1,2
2018010139756,2,9,0,3,0,2,0,0,0,0,1,1,6,2,29,6,1968,2,9,3,1,3
2018010139758,1,9,0,5,0,0,0,0,0,0,3,1,6,1,38,7,2993,2,2,2,1,2
2018010139763,1,3,0,15,0,2,0,0,0,0,3,1,6,1,19,4,125,1,4,4,1,4
2018010139763,2,8,0,16,0,2,0,0,0,0,4,1,1,1,52,8,1339,8,7,-1,-1,-1
2018010139765,1,9,0,18,0,0,0,0,0,0,1,1,6,2,62,9,2953,1,4,7,1,7
2018010139765,2,9,0,6,0,0,0,0,0,0,3,1,6,1,22,5,1299,1,17,9,1,9
2018010139766,1,9,0,5,0,8,0,0,0,0,2,1,2,1,53,8,2143,2,9,2,1,2
2018010139766,2,9,0,3,0,5,0,0,0,0,1,1,2,2,20,4,1390,1,6,-1,-1,-1
2018010139767,1,11,0,18,0,1,0,0,0,0,1,1,1,1,57,9,12742,2,-1,4,1,4
2018010139769,1,8,0,6,0,1,0,0,0,0,3,1,1,1,58,9,2499,2,8,8,1,8
2018010139769,2,1,0,13,0,1,0,0,0,0,1,1,6,1,29,6,-1,-1,-1,3,1,3
2018010139772,1,9,0,9,0,1,0,0,0,0,0,1,2,1,32,6,1896,2,17,4,1,4
2018010139772,2,1,0,18,0,1,0,10,1,0,1,1,2,1,28,6,-1,-1,-1,6,1,6
2018010139773,1,3,0,-1,-1,-1,-1,-1,-1,-1,1,1,6,1,35,6,124,1,6,2,1,2
2018010139773,2,9,0,-1,-1,-1,-1,-1,-1,-1,1,-1,6,3,-1,-1,-1,-1,-1,4,1,4
2018010139780,1,19,0,18,0,0,0,0,0,0,0,1,6,1,58,9,-1,-1,-1,5,1,5
2018010139787,1,1,-1,-1,-1,-1,-1,-1,-1,-1,0,1,2,2,24,5,-1,-1,-1,-1,-1,-1
2018010139787,2,9,4,-1,-1,-1,-1,-1,-1,-1,-1,-1,6,1,58,9,1968,2,10,6,1,6
2018010139790,1,9,0,7,0,6,0,0,0,0,3,1,6,1,58,9,2143,2,5,-1,-1,-1
2018010139790,2,4,0,18,0,1,0,0,0,0,1,1,6,1,35,6,-1,-1,-1,4,1,4
2018010139792,1,9,0,-1,-1,-1,-1,-1,-1,-1,2,-1,6,2,28,6,1360,1,14,10,1,10
2018010139792,2,9,0,-1,-1,-1,-1,-1,-1,-1,2,-1,6,3,47,8,1461,2,9,3,1,3
2018010139794,1,9,0,5,0,1,0,0,0,0,3,1,6,2,43,7,1998,1,13,3,1,3
2018010139794,2,5,0,18,0,1,0,0,0,0,4,1,6,1,24,5,-1,-1,-1,3,1,3
2018010139796,1,11,0,18,0,1,0,0,0,0,0,1,1,1,50,8,4500,2,8,4,1,4
2018010139796,2,9,0,7,0,8,0,0,0,0,0,1,6,1,68,10,1388,1,10,1,1,1
2018010139797,1,9,-1,-1,-1,-1,-1,-1,-1,-1,-1,-1,6,2,52,8,1388,1,8,-1,-1,-1
2018010139797,2,9,0,-1,-1,-1,0,-1,-1,-1,-1,-1,6,2,-1,-1,1598,1,3,-1,-1,-1
2018010139801,1,9,-1,1,-1,-1,-1,-1,-1,-1,-1,-1,6,1,-1,-1,-1,-1,-1,-1,-1,-1
2018010139803,1,9,0,4,0,0,0,0,0,0,1,1,6,1,37,7,2493,8,4,-1,-1,-1
2018010139803,2,8,0,4,0,0,0,0,0,0,2,1,6,1,25,5,1797,8,4,4,1,4
2018010139803,3,9,0,4,0,0,0,0,0,0,2,1,6,1,49,8,1997,2,6,3,1,3
2018010139806,1,1,-1,18,-1,-1,-1,-1,-1,-1,4,1,6,1,-1,-1,-1,-1,-1,1,1,1
2018010139806,2,9,-1,18,-1,-1,-1,-1,-1,-1,-1,1,6,3,-1,-1,1598,1,17,-1,-1,-1
2018010139813,1,9,0,4,0,0,0,0,0,0,2,-1,6,1,51,8,1390,1,5,8,1,8
2018010139813,2,9,0,-1,0,0,0,0,0,0,3,-1,6,1,-1,-1,1497,8,13,-1,-1,-1