Accident_Index,Vehicle_Reference,Vehicle_Type,Towing_and_Articulation,Vehicle_Manoeuvre,Vehicle_Location-Restricted_Lane,Junction_Location,Skidding_and_Overturning,Hit_Object_in_Carriageway,Vehicle_Leaving_Carriageway,Hit_Object_off_Carriageway,1st_Point_of_Impact,Was_Vehicle_Left_Hand_Drive?,Journey_Purpose_of_Driver,Sex_of_Driver,Age_of_Driver,Age_Band_of_Driver,Engine_Capacity_(CC),Propulsion_Code,Age_of_Vehicle,Driver_IMD_Decile,Driver_Home_Area_Type,Vehicle_IMD_Decile
2018010139814,1,9,0,9,0,8,0,0,0,0,4,1,6,2,69,10,1296,1,11,9,1,9
2018010139814,2,1,0,18,0,8,0,0,0,0,1,1,6,1,42,7,-1,-1,-1,9,1,9
2018010139815,1,9,0,18,0,0,0,0,0,0,0,1,6,1,-1,-1,-1,-1,-1,-1,-1,-1
2018010139820,1,11,-1,-1,-1,-1,-1,-1,-1,-1,-1,-1,6,1,-1,-1,4500,2,-1,-1,-1,-1
2018010139822,1,9,0,18,0,8,0,0,0,0,1,1,6,1,37,7,1968,2,1,3,1,3
2018010139826,1,9,0,18,0,1,0,0,0,0,1,1,1,1,30,6,1398,1,7,2,1,2
2018010139826,2,3,0,14,0,2,1,0,0,0,1,1,6,1,31,6,988,1,15,1,1,1
2018010139832,1,5,0,18,0,5,1,0,0,0,0,1,2,1,32,6,781,1,16,-1,-1,-1
2018010139834,1,1,-1,-1,-1,-1,-1,-1,-1,-1,-1,1,2,2,36,7,-1,-1,-1,1,1,1
2018010139834,2,9,0,-1,-1,-1,-1,-1,-1,-1,1,-1,6,3,-1,-1,-1,-1,-1,-1,-1,-1
2018010139836,1,9,0,-1,-1,-1,-1,-1,-1,-1,2,-1,6,1,38,7,1339,1,11,2,1,2
2018010139836,2,9,0,-1,-1,-1,-1,-1,-1,-1,2,-1,6,3,-1,-1,-1,-1,-1,-1,-1,-1
2018010139838,1,9,0,18,0,0,0,0,0,0,1,1,6,1,49,8,-1,-1,-1,-1,1,-1
2018010139838,2,9,0,18,0,0,0,0,0,0,2,1,2,1,45,7,1753,2,10,-1,-1,-1
2018010139838,3,19,0,4,0,0,0,0,0,0,2,1,1,1,35,6,1995,2,1,5,1,5
2018010139843,1,1,0,-1,0,0,0,0,0,0,1,1,6,3,-1,-1,-1,-1,-1,-1,-1,-1
2018010139844,1,5,0,3,0,0,0,0,0,0,2,1,6,1,58,9,1550,1,30,3,1,3
2018010139844,2,9,-1,18,0,0,0,0,0,0,1,-1,6,1,30,6,1242,1,11,2,1,2
2018010139845,1,9,0,-1,-1,-1,-1,-1,-1,-1,-1,-1,6,2,23,5,1390,1,5,1,1,1
2018010139845,2,9,0,-1,-1,-1,-1,-1,-1,-1,-1,-1,6,3,-1,-1,1498,1,12,2,1,2
2018010139850,1,9,-1,18,0,0,-1,0,0,0,2,-1,6,2,34,6,1598,1,10,2,1,2
2018010139850,2,9,-1,18,0,0,-1,0,0,0,1,-1,6,1,-1,-1,1999,2,-1,-1,-1,-1
2018010139852,1,21,1,11,0,0,0,0,0,0,1,1,1,1,45,7,9290,2,-1,5,1,5
2018010139852,2,9,0,18,0,0,0,0,0,0,3,1,6,1,64,9,1998,1,20,2,1,2
2018010139853,1,9,0,-1,-1,0,-1,-1,-1,-1,1,-1,6,2,20,4,998,1,10,3,1,3
2018010139858,1,9,-1,-1,-1,-1,-1,-1,-1,-1,-1,-1,6,3,-1,-1,1794,1,10,1,1,1
2018010139863,1,9,0,-1,-1,0,-1,-1,-1,-1,2,-1,6,1,22,5,1995,2,8,1,1,1
2018010139865,1,9,0,18,0,0,0,0,0,0,2,1,6,2,35,6,1499,2,1,2,1,2
2018010139865,2,9,0,18,0,0,0,0,0,0,1,1,6,1,72,10,1968,2,5,6,1,6
2018010139871,1,9,0,-1,9,0,-1,-1,-1,0,3,-1,6,3,59,9,1242,1,9,9,1,9
2018010139880,1,5,0,-1,-1,-1,-1,-1,-1,-1,1,1,6,3,25,5,-1,-1,-1,8,1,8
2018010139881,1,3,0,18,0,1,0,0,0,0,1,1,6,1,20,4,124,1,2,4,1,4
2018010139887,1,3,0,-1,-1,-1,-1,-1,-1,-1,1,1,2,1,41,7,108,1,1,5,1,5
2018010139887,2,9,0,-1,-1,-1,-1,-1,-1,-1,-1,-1,6,1,-1,-1,1968,2,13,-1,-1,-1
2018010139893,1,9,0,18,0,1,0,0,0,0,1,1,6,1,26,6,1368,1,11,6,1,6
2018010139898,1,9,0,6,0,1,0,0,0,0,3,1,6,1,28,6,1948,1,18,1,1,1
2018010139898,2,3,0,18,0,1,0,0,0,0,1,1,1,1,46,8,109,1,3,5,1,5
2018010139899,1,8,0,-1,0,8,0,0,0,0,-1,-1,6,3,-1,-1,1797,8,8,-1,-1,-1
2018010139899,2,9,0,-1,0,8,0,-1,0,0,-1,-1,6,3,-1,-1,1368,1,1,-1,-1,-1
2018010139900,1,19,0,1,0,0,0,0,0,0,1,1,1,1,35,6,2198,2,6,4,1,4
2018010139900,2,9,0,18,0,0,0,0,0,0,4,1,6,2,48,8,2993,2,5,8,1,8
2018010139902,1,11,0,4,2,0,0,0,0,0,0,1,1,1,69,10,4461,2,4,4,1,4
2018010139907,1,19,0,-1,-1,-1,-1,-1,-1,-1,-1,-1,2,1,20,4,1995,2,-1,10,1,10
2018010139907,2,9,0,-1,-1,-1,-1,-1,-1,-1,1,-1,6,3,-1,-1,1242,1,5,8,1,8
2018010139916,1,1,-1,-1,-1,-1,-1,-1,-1,-1,-1,1,6,2,53,8,-1,-1,-1,5,1,5
2018010139916,2,9,0,-1,-1,-1,-1,-1,-1,-1,-1,-1,6,3,-1,-1,-1,-1,-1,-1,-1,-1
2018010139917,1,9,0,16,0,0,0,0,0,0,4,2,2,2,78,11,1198,1,4,4,1,4
2018010139918,1,11,0,5,0,0,0,0,0,0,0,1,1,1,43,7,4500,2,4,1,1,1
2018010139920,1,20,0,18,0,2,0,0,0,0,4,1,1,1,40,7,-1,-1,-1,5,1,5
2018010139924,1,11,0,18,0,0,0,0,0,0,0,1,1,1,30,6,4500,2,4,3,1,3
2018010139926,1,9,0,3,0,0,0,0,0,0,2,2,6,2,-1,-1,1598,1,2,3,1,3
2018010139926,2,9,0,1,0,0,0,0,0,0,1,2,6,1,-1,-1,-1,-1,-1,2,1,2
2018010139927,1,9,0,5,0,1,0,0,0,0,1,1,2,1,32,6,1248,1,1,7,1,7
2018010139929,1,2,0,13,0,1,0,0,0,0,1,1,6,1,20,4,124,1,3,2,1,2
2018010139930,1,9,0,18,0,4,0,0,0,0,1,2,6,1,94,11,1796,1,13,9,1,9
2018010139930,2,19,0,18,0,4,0,0,0,0,1,2,1,2,23,5,1560,2,1,7,3,7
2018010139931,1,9,0,-1,-1,-1,-1,-1,-1,-1,2,-1,6,2,53,8,1685,2,7,4,1,4
2018010139931,2,9,0,18,0,-1,-1,0,0,0,1,1,6,2,-1,-1,1998,1,14,2,1,2
2018010139931,3,9,-1,18,0,-1,-1,-1,0,0,-1,1,6,2,65,9,1685,2,2,2,1,2
2018010139932,1,1,-1,-1,-1,-1,-1,-1,-1,-1,-1,1,6,1,36,7,-1,-1,-1,2,1,2
2018010139933,1,9,0,3,0,8,0,0,0,0,4,1,6,2,58,9,1596,1,13,3,1,3
2018010139934,1,9,0,9,0,5,0,0,0,0,1,1,6,2,67,10,1798,8,1,8,1,8
2018010139934,2,1,0,13,0,1,0,0,0,0,4,1,6,1,39,7,-1,-1,-1,3,1,3
2018010139936,1,19,0,18,0,1,0,0,0,0,1,1,2,1,50,8,2402,2,14,3,1,3
2018010139936,2,9,0,7,0,6,0,0,0,0,1,2,6,1,39,7,-1,-1,-1,7,1,7
2018010139939,1,9,0,-1,-1,-1,-1,-1,-1,-1,2,-1,6,1,53,8,1198,1,3,1,1,1
2018010139939,2,9,0,-1,-1,-1,-1,-1,-1,-1,-1,-1,6,3,-1,-1,2398,1,20,-1,-1,-1
2018010139942,1,1,-1,-1,-1,-1,-1,-1,-1,-1,1,1,2,1,52,8,-1,-1,-1,5,1,5
2018010139942,2,9,0,-1,-1,-1,-1,-1,-1,-1,-1,-1,6,3,-1,-1,-1,-1,-1,-1,-1,-1
2018010139943,1,9,0,9,0,8,0,0,0,0,1,1,6,1,26,6,1197,1,3,3,1,3
2018010139943,2,9,0,18,0,8,0,0,0,0,3,1,6,2,26,6,1995,2,1,7,1,7
2018010139944,1,9,0,18,0,1,0,0,0,0,1,1,4,2,36,7,1598,2,5,2,1,2
2018010139948,1,1,-1,-1,-1,0,-1,-1,-1,-1,-1,1,2,2,18,4,-1,-1,-1,2,1,2
2018010139948,2,10,0,-1,-1,0,-1,-1,-1,-1,-1,-1,6,3,-1,-1,-1,-1,-1,-1,-1,-1
2018010139951,1,9,0,4,0,0,0,0,0,0,1,1,6,2,44,7,1498,1,8,8,1,8
2018010139951,2,9,0,4,0,0,0,0,0,0,2,1,6,2,51,8,1329,1,6,3,1,3
2018010139951,3,9,0,4,0,0,0,0,0,0,2,1,6,2,43,7,1197,1,-1,2,1,2
2018010139957,1,5,0,15,0,0,0,0,0,0,1,1,2,1,27,6,599,1,9,5,1,5
2018010139960,1,9,0,9,0,5,0,0,0,0,1,1,2,1,53,8,1794,1,18,4,1,4
2018010139960,2,3,0,18,0,1,0,0,0,0,1,1,6,1,44,7,125,1,1,-1,-1,-1
2018010139961,1,9,0,8,0,1,0,0,0,0,4,1,6,1,59,9,1796,1,6,5,1,5
2018010139961,2,1,0,18,0,1,0,0,0,0,1,1,2,1,38,7,-1,-1,-1,7,1,7
2018010139962,1,9,0,15,0,0,0,0,0,0,1,1,1,1,42,7,2993,2,2,-1,-1,-1
2018010139962,2,9,0,11,0,0,0,0,0,0,2,1,6,2,44,7,1769,1,13,4,1,4
2018010139968,1,21,1,18,0,0,0,0,0,0,1,1,1,1,50,8,12740,2,3,1,1,1
2018010139968,2,21,1,4,0,0,0,0,0,0,2,1,1,1,48,8,10518,2,6,1,1,1
2018010139970,1,9,0,18,0,1,0,0,1,2,1,1,2,2,28,6,2231,2,10,8,1,8
2018010139970,2,9,0,9,0,7,0,0,0,0,1,1,2,1,27,6,1360,1,15,4,1,4
2018010139988,1,1,-1,-1,-1,0,-1,-1,-1,-1,1,1,2,1,34,6,-1,-1,-1,9,1,9
2018010139988,2,9,0,-1,-1,0,-1,-1,-1,-1,2,-1,6,3,-1,-1,-1,-1,-1,-1,-1,-1
2018010139998,1,19,4,18,0,1,5,10,7,0,1,1,1,1,24,5,2198,2,8,7,3,7
2018010139998,2,9,0,4,0,1,5,0,0,0,2,1,6,2,40,7,1240,1,14,3,1,3
2018010140000,1,3,0,10,2,1,0,0,0,0,1,1,4,1,21,5,124,1,8,3,1,3
2018010140000,2,9,0,18,0,6,0,0,0,0,3,1,6,3,-1,-1,-1,-1,-1,-1,-1,-1
2018010140005,1,9,0,4,0,0,0,0,0,0,2,1,6,2,46,8,2401,2,14,9,1,9
2018010140005,2,19,0,3,0,0,0,0,0,0,2,1,1,1,19,4,2198,2,8,4,1,4
2018010140005,3,19,0,18,0,0,0,0,0,0,1,1,1,1,29,6,2402,2,7,4,1,4
2018010140006,1,9,0,14,0,1,0,0,0,0,1,1,2,1,42,7,2362,1,12,7,1,7
2018010140007,1,9,-1,18,0,-1,-1,0,0,0,-1,-1,6,1,26,6,1796,1,7,8,1,8
2018010140008,1,9,0,18,0,1,0,0,0,0,4,1,2,1,29,6,-1,-1,-1,4,1,4
2018010140008,2,1,0,18,0,1,0,0,0,0,1,1,1,1,25,5,-1,-1,-1,2,1,2
2018010140009,1,3,0,18,0,7,0,0,0,0,1,1,1,1,30,6,278,1,8,5,1,5
2018010140015,1,9,-1,-1,-1,-1,-1,-1,-1,10,-1,2,6,1,41,7,1390,1,14,4,1,4
2018010140016,1,9,0,-1,0,1,0,0,0,0,1,-1,6,3,-1,-1,1590,1,13,-1,-1,-1
2018010140016,2,1,0,-1,0,1,-1,0,0,0,4,1,4,1,-1,-1,-1,-1,-1,2,1,2
2018010140018,1,9,0,18,0,3,0,0,0,0,1,-1,6,1,33,6,2000,2,13,-1,-1,-1
2018010140018,2,90,0,18,0,3,0,0,0,0,1,-1,6,1,-1,-1,-1,-1,-1,-1,-1,-1
2018010140018,3,90,0,18,0,3,0,0,0,0,1,-1,6,3,-1,-1,-1,-1,-1,-1,-1,-1
2018010140018,4,90,0,18,0,3,0,0,0,0,1,-1,6,3,-1,-1,-1,-1,-1,-1,-1,-1
2018010140026,1,9,0,-1,-1,0,-1,-1,-1,-1,2,-1,6,3,68,10,1396,1,18,6,3,6
2018010140031,1,1,-1,-1,-1,-1,-1,-1,-1,-1,-1,1,2,1,37,7,-1,-1,-1,10,1,10
2018010140031,2,9,0,-1,-1,-1,-1,-1,-1,-1,-1,-1,6,3,-1,-1,-1,-1,-1,-1,-1,-1
2018010140033,1,1,-1,-1,-1,-1,-1,-1,-1,-1,1,1,2,1,36,7,-1,-1,-1,8,1,8
2018010140033,2,9,0,-1,-1,-1,-1,-1,-1,-1,-1,-1,6,2,46,8,1229,1,8,5,1,5
2018010140036,1,9,0,18,0,0,0,0,0,0,1,1,6,2,52,8,1968,2,3,3,1,3
2018010140039,1,3,0,14,0,1,0,0,0,0,1,1,2,1,23,5,125,1,4,8,1,8
2018010140039,2,9,0,9,0,1,0,0,0,0,3,1,6,2,59,9,1198,1,6,7,1,7
2018010140047,1,9,-1,-1,-1,-1,-1,-1,-1,-1,-1,-1,6,1,56,9,-1,-1,-1,10,3,10
2018010140047,2,8,-1,-1,-1,-1,-1,-1,-1,-1,-1,-1,6,1,38,7,2499,2,8,1,1,1
2018010140048,1,8,0,-1,-1,-1,-1,-1,-1,-1,2,-1,6,1,29,6,1797,8,7,1,1,1
2018010140049,1,9,0,5,0,6,0,0,7,10,1,1,6,2,86,11,-1,-1,-1,5,1,5
2018010140049,2,9,0,5,0,1,0,0,0,0,3,1,6,1,52,8,999,1,2,7,1,7
2018010140050,1,9,0,-1,-1,0,-1,-1,-1,-1,1,-1,2,2,44,7,647,8,1,7,1,7
2018010140050,2,9,0,-1,-1,0,-1,-1,-1,-1,2,-1,6,3,-1,-1,1984,1,4,-1,-1,-1
2018010140051,1,9,0,18,0,0,0,0,0,0,1,1,1,1,50,8,-1,-1,-1,3,1,3
2018010140053,1,9,-1,-1,-1,-1,-1,0,-1,0,-1,-1,6,1,26,6,1398,1,6,6,1,6
2018010140054,1,19,0,9,0,6,0,0,0,0,1,1,1,1,29,6,1560,2,6,4,1,4
2018010140054,2,1,0,18,0,1,0,0,0,0,1,1,1,1,29,6,-1,-1,-1,3,1,3
2018010140058,1,5,0,18,0,0,0,0,0,0,1,1,2,1,53,8,1261,1,16,9,1,9
2018010140061,1,9,0,18,9,0,0,10,1,10,1,1,6,2,25,5,1497,8,-1,-1,-1,-1
2018010140062,1,9,0,9,0,1,0,0,0,0,4,1,6,1,20,4,999,1,1,3,1,3
2018010140062,2,8,0,18,0,8,0,0,0,0,1,1,1,1,57,9,2987,2,1,2,1,2
2018010140067,1,10,0,18,0,8,0,0,0,0,1,1,1,1,61,9,-1,-1,-1,6,1,6
2018010140067,2,9,0,3,0,8,0,0,0,0,2,2,6,1,33,6,1999,1,13,3,1,3
2018010140069,1,9,0,5,0,4,0,0,0,0,1,1,2,1,33,6,2993,2,8,3,1,3
2018010140069,2,9,0,3,0,1,0,0,0,0,2,1,6,2,30,6,1390,1,14,9,1,9
2018010140070,1,1,-1,-1,-1,0,-1,-1,-1,-1,2,1,6,1,40,7,-1,-1,-1,4,1,4
2018010140070,2,9,0,-1,-1,0,-1,-1,-1,-1,1,-1,6,3,-1,-1,2967,1,17,-1,-1,-1
2018010140071,1,9,0,18,0,8,0,0,0,0,4,2,6,1,42,7,1398,1,12,3,1,3
2018010140071,2,9,0,10,0,1,0,0,0,0,1,1,6,1,35,6,1797,8,8,3,1,3
2018010140073,1,9,0,18,0,0,0,0,0,0,1,1,2,2,34,6,1386,1,14,-1,-1,-1
2018010140074,1,9,0,9,0,6,0,0,0,0,1,2,3,1,37,7,3490,1,14,5,1,5
2018010140074,2,1,0,18,0,6,0,0,0,0,1,1,2,1,-1,-1,-1,-1,-1,3,1,3
2018010140078,1,1,-1,-1,-1,0,-1,-1,-1,-1,2,1,2,1,34,6,-1,-1,-1,6,1,6
2018010140078,2,8,0,-1,-1,0,-1,-1,-1,-1,1,-1,6,3,-1,-1,-1,-1,-1,8,1,8
2018010140082,1,90,0,7,0,2,0,0,0,0,1,1,6,3,-1,-1,-1,-1,-1,-1,-1,-1
2018010140085,1,1,-1,-1,-1,-1,-1,-1,-1,-1,2,1,2,1,39,7,-1,-1,-1,2,1,2
2018010140085,2,9,0,-1,-1,-1,-1,-1,-1,-1,1,-1,6,3,28,6,1332,1,8,-1,-1,-1
2018010140086,1,3,0,18,0,0,-1,0,0,0,-1,1,6,2,41,7,125,1,9,3,1,3
2018010140086,2,19,0,-1,0,0,-1,-1,0,0,-1,-1,6,1,30,6,2143,2,1,6,1,6
2018010140091,1,19,0,-1,-1,-1,-1,-1,-1,-1,-1,-1,6,1,35,6,1560,2,1,6,1,6
2018010140091,2,9,0,-1,-1,-1,-1,-1,-1,-1,0,-1,6,3,-1,-1,1968,2,9,-1,-1,-1
2018010140095,1,9,0,9,0,6,0,0,0,0,3,2,6,2,32,6,1461,2,1,5,1,5
2018010140095,2,3,0,18,0,1,1,0,0,0,4,1,1,1,23,5,125,1,-1,3,1,3
2018010140097,1,11,0,5,2,1,0,0,0,0,0,1,1,1,53,8,4500,2,4,2,1,2
2018010140098,1,9,0,18,0,4,0,0,0,0,1,1,1,1,34,6,1797,8,8,1,1,1
2018010140098,2,9,0,5,0,4,0,0,0,0,3,1,6,2,48,8,1598,1,12,6,1,6
2018010140099,1,9,0,7,0,5,0,0,0,0,4,1,6,2,53,8,1591,1,-1,-1,1,-1
2018010140099,2,5,0,18,0,1,0,0,0,0,1,1,1,1,35,6,599,1,18,9,1,9
2018010140101,1,11,0,18,0,1,0,0,0,0,1,1,1,1,45,7,4500,2,2,5,1,5
2018010140102,1,9,0,18,0,0,0,0,0,0,1,1,6,3,-1,-1,1591,1,6,-1,-1,-1
2018010140102,2,9,0,2,0,0,0,0,0,0,0,1,6,3,-1,-1,1498,1,2,-1,-1,-1
2018010140102,3,11,0,9,0,0,0,0,0,0,3,1,1,2,23,5,9200,2,13,6,1,6
2018010140105,1,9,0,9,0,1,0,0,0,0,4,1,6,2,18,4,1242,1,8,8,1,8
2018010140105,2,9,0,18,0,1,0,0,0,0,1,1,2,1,58,9,1560,2,7,9,1,9
2018010140106,1,9,0,18,0,8,0,0,1,0,3,1,6,2,46,8,1086,1,10,7,1,7
2018010140106,2,9,0,9,0,6,0,0,0,0,1,1,6,2,21,5,1968,2,1,6,1,6
2018010140115,1,5,0,18,0,0,0,10,1,7,1,1,6,1,51,8,1137,1,17,6,1,6
2018010140115,2,9,0,9,0,0,0,0,0,0,4,1,1,1,29,6,1598,2,7,3,1,3
2018010140118,1,9,0,6,0,0,0,0,0,0,1,1,6,1,34,6,4663,1,1,7,1,7
2018010140118,2,3,0,18,0,0,5,0,1,10,1,1,1,1,22,5,108,1,1,2,1,2
2018010140123,1,9,0,18,0,1,0,0,0,0,1,1,6,1,28,6,1598,2,2,2,1,2
2018010140124,1,9,0,-1,-1,0,-1,-1,-1,-1,2,-1,6,1,24,5,1586,1,2,2,1,2
2018010140124,2,9,0,-1,-1,0,-1,-1,-1,-1,1,-1,6,3,-1,-1,1988,1,15,-1,-1,-1
2018010140130,1,9,0,4,0,0,0,0,0,0,1,1,6,1,50,8,1596,1,7,4,1,4
2018010140133,1,9,0,9,0,2,0,0,0,0,1,1,6,1,27,6,1596,1,11,7,1,7
2018010140133,2,9,0,18,0,1,0,0,0,0,1,2,6,2,24,5,1598,1,6,2,1,2
2018010140135,1,20,4,15,0,1,0,0,0,0,1,1,6,3,-1,-1,-1,-1,-1,-1,-1,-1
2018010140135,2,1,0,18,0,1,0,0,0,0,1,1,2,1,26,6,-1,-1,-1,-1,-1,-1
2018010140137,1,9,0,9,0,5,0,0,0,0,4,1,6,1,-1,-1,1991,2,7,-1,-1,-1
2018010140137,2,1,0,18,4,8,0,0,0,0,1,1,6,1,33,6,-1,-1,-1,4,1,4
2018010140137,3,11,0,4,0,1,0,0,0,0,0,1,1,3,-1,-1,-1,-1,-1,-1,-1,-1
2018010140139,1,8,0,18,0,2,0,0,0,0,3,1,1,1,59,9,1798,8,-1,3,1,3
2018010140140,1,9,0,9,0,0,5,0,0,0,1,1,6,1,85,11,1596,1,16,-1,-1,-1
2018010140140,2,9,0,4,0,0,0,0,0,0,2,1,6,2,73,10,1998,1,-1,9,1,9
2018010140141,1,2,0,14,0,2,0,0,0,0,1,1,6,1,20,4,125,1,6,6,1,6
2018010140143,1,9,0,3,0,2,0,0,0,0,2,1,6,1,53,8,1999,2,1,5,1,5
2018010140143,2,5,0,3,0,2,0,0,0,0,1,1,6,1,47,8,599,1,20,5,1,5
2018010140144,1,9,0,18,0,0,0,0,0,0,4,1,6,1,19,4,1995,2,3,3,1,3
2018010140144,2,9,0,18,0,0,0,0,0,0,3,1,6,1,52,8,1240,1,13,2,1,2
2018010140145,1,8,0,3,0,0,0,0,0,0,2,1,1,1,34,6,1997,2,4,9,1,9
2018010140145,2,3,0,5,0,0,0,0,0,0,1,1,2,1,33,6,-1,-1,-1,3,1,3
2018010140146,1,9,0,4,0,0,0,0,0,0,2,1,6,2,53,8,1461,2,4,7,1,7
2018010140146,2,9,0,18,0,0,5,0,0,0,1,1,6,1,55,8,-1,-1,-1,3,1,3
2018010140147,1,5,0,13,0,1,2,0,0,0,1,1,2,1,29,6,798,1,10,9,1,9
2018010140148,1,1,0,18,5,0,0,0,0,0,1,1,6,1,-1,-1,-1,-1,-1,-1,-1,-1
2018010140149,1,11,0,5,0,0,0,0,0,0,4,1,1,1,21,5,5132,2,2,2,1,2
2018010140149,2,21,0,3,0,0,0,0,0,0,3,1,1,1,59,9,7698,2,2,4,1,4
2018010140153,1,3,0,18,0,1,0,0,0,0,1,1,1,1,25,5,125,1,-1,6,1,6
2018010140153,2,9,0,5,0,1,0,0,0,0,1,1,1,1,25,5,1395,1,-1,10,1,10
2018010140155,1,9,0,-1,-1,0,-1,-1,-1,-1,3,-1,6,2,21,5,1398,1,1,4,1,4
2018010140158,1,10,0,18,0,8,0,0,0,0,1,1,6,1,27,6,-1,-1,-1,2,1,2
2018010140165,1,9,0,5,0,1,0,0,0,0,1,1,6,1,81,11,1596,1,12,5,1,5
2018010140165,2,1,0,18,0,1,0,11,0,0,1,1,6,2,24,5,-1,-1,-1,3,1,3
2018010140169,1,9,0,9,0,5,0,0,3,0,3,1,2,2,67,10,2143,2,5,7,1,7
2018010140169,2,3,0,13,0,8,5,0,0,0,4,1,1,1,38,7,125,1,3,2,1,2
2018010140172,1,9,0,18,0,2,0,0,0,0,1,1,2,1,28,6,1968,2,11,6,1,6
2018010140175,1,9,0,18,0,0,0,0,0,0,3,1,2,2,54,8,1598,1,10,2,1,2
2018010140184,1,9,0,7,0,8,0,0,0,0,2,1,6,2,30,6,1398,1,15,2,1,2
2018010140184,2,5,0,14,0,1,0,0,0,0,1,1,6,1,35,6,636,1,16,4,1,4
2018010140184,3,21,0,15,0,1,0,0,0,0,4,1,1,1,34,6,5880,2,11,4,1,4
2018010140188,1,11,0,18,0,8,0,0,0,0,1,1,1,1,37,7,4500,2,-1,1,1,1
2018010140188,2,9,0,7,0,3,0,0,0,0,4,1,6,1,43,7,1995,2,3,4,1,4
2018010140190,1,8,0,-1,-1,-1,-1,-1,-1,-1,1,-1,6,1,59,9,1798,8,2,3,1,3
2018010140190,2,1,-1,-1,-1,-1,-1,-1,-1,-1,1,1,6,1,-1,-1,-1,-1,-1,6,1,6
2018010140191,1,2,0,18,0,8,0,0,0,0,2,1,1,1,18,4,108,1,3,3,1,3
2018010140191,2,19,0,18,0,8,0,0,0,0,1,1,6,3,-1,-1,-1,-1,-1,-1,-1,-1
2018010140192,1,3,0,10,0,1,0,0,0,0,2,1,1,1,18,4,108,1,9,1,1,1
2018010140192,2,3,0,18,0,1,0,0,0,0,1,1,6,3,-1,-1,125,1,11,-1,-1,-1
2018010140193,1,8,0,18,0,0,0,0,0,0,0,1,6,1,48,8,1797,8,8,3,1,3
2018010140195,1,1,-1,-1,-1,-1,-1,-1,-1,-1,1,1,6,1,23,5,-1,-1,-1,3,1,3
2018010140195,2,19,0,-1,-1,-1,-1,-1,-1,-1,-1,-1,6,3,29,6,2198,2,9,3,1,3
2018010140196,1,9,0,-1,-1,-1,-1,-1,-1,-1,2,-1,6,1,44,7,1968,2,8,3,1,3
2018010140196,2,9,-1,18,0,3,-1,-1,0,0,1,-1,6,3,-1,-1,-1,-1,-1,-1,-1,-1
2018010140197,1,9,0,18,0,0,0,7,7,10,2,1,6,2,21,5,1368,1,10,4,2,4
2018010140197,2,9,0,18,0,0,1,0,0,0,1,1,6,3,-1,-1,2993,2,2,-1,-1,-1
2018010140198,1,8,0,7,0,2,0,0,0,0,4,1,1,1,32,6,1956,2,7,2,1,2
2018010140198,2,3,0,15,0,2,0,0,1,4,1,1,6,1,28,6,124,1,7,-1,-1,-1
2018010140199,1,9,0,18,0,1,0,10,3,10,1,2,6,2,29,6,1598,1,13,6,2,6
2018010140201,1,11,0,5,0,1,0,0,0,0,0,1,1,1,34,6,4500,2,9,3,1,3
2018010140203,1,8,0,4,0,1,0,0,0,0,2,1,1,1,54,8,2499,2,11,4,1,4
2018010140203,2,9,0,18,0,1,0,0,0,0,1,1,6,1,57,9,1395,1,-1,5,1,5
2018010140204,1,2,0,18,0,1,0,0,0,0,1,1,1,1,18,4,108,1,-1,2,1,2
2018010140204,2,9,0,6,0,1,0,0,0,0,1,1,6,2,33,6,-1,-1,-1,-1,-1,-1
2018010140207,1,9,0,18,0,0,0,4,0,0,4,1,6,1,28,6,2143,2,2,3,1,3
2018010140207,2,20,0,4,0,0,1,0,0,0,2,1,1,1,38,7,4500,2,-1,2,1,2
2018010140208,1,3,0,18,0,0,5,10,0,0,3,1,6,1,17,4,125,1,4,2,1,2
2018010140208,2,9,0,18,0,0,0,0,0,0,0,1,1,1,33,6,1995,2,2,-1,-1,-1
2018010140209,1,9,0,17,0,0,1,7,0,0,1,1,6,1,21,5,1598,1,11,10,1,10
2018010140218,1,9,0,2,0,0,0,0,0,0,3,1,6,3,-1,-1,1910,2,12,-1,-1,-1
2018010140218,2,1,0,18,0,0,0,0,0,0,3,1,6,1,43,7,-1,-1,-1,2,1,2
2018010140219,1,9,0,18,0,0,0,0,0,0,4,1,6,3,-1,-1,-1,-1,-1,-1,-1,-1
2018010140219,2,1,0,16,0,0,0,0,0,0,1,1,6,2,22,5,-1,-1,-1,4,1,4
2018010140226,1,9,0,-1,-1,-1,-1,-1,-1,-1,1,-1,6,3,-1,-1,1689,2,14,-1,-1,-1
2018010140227,1,9,0,3,0,1,0,0,0,0,3,1,6,1,39,7,1997,2,8,2,1,2
2018010140227,2,9,0,16,0,7,1,0,0,0,1,1,6,2,22,5,698,1,12,1,1,1
2018010140229,1,9,0,-1,-1,0,-1,-1,-1,-1,2,-1,6,1,22,5,999,1,1,3,1,3
2018010140231,1,1,-1,-1,-1,-1,-1,-1,-1,-1,-1,1,2,1,45,7,-1,-1,-1,5,1,5
2018010140231,2,9,-1,-1,-1,-1,-1,-1,-1,-1,-1,-1,6,2,60,9,998,1,1,4,1,4
2018010140234,1,19,0,9,0,2,0,0,0,0,4,1,6,2,64,9,1995,2,2,5,1,5
2018010140239,1,9,0,-1,-1,-1,-1,-1,-1,-1,1,-1,6,3,74,10,1591,1,-1,2,1,2
2018010140240,1,9,0,18,0,1,0,0,0,0,0,1,6,1,-1,-1,-1,-1,-1,-1,-1,-1
2018010140241,1,20,0,-1,-1,-1,-1,-1,-1,-1,2,-1,2,1,-1,-1,-1,-1,-1,4,1,4