Accident_Index,Vehicle_Reference,Vehicle_Type,Towing_and_Articulation,Vehicle_Manoeuvre,Vehicle_Location-Restricted_Lane,Junction_Location,Skidding_and_Overturning,Hit_Object_in_Carriageway,Vehicle_Leaving_Carriageway,Hit_Object_off_Carriageway,1st_Point_of_Impact,Was_Vehicle_Left_Hand_Drive?,Journey_Purpose_of_Driver,Sex_of_Driver,Age_of_Driver,Age_Band_of_Driver,Engine_Capacity_(CC),Propulsion_Code,Age_of_Vehicle,Driver_IMD_Decile,Driver_Home_Area_Type,Vehicle_IMD_Decile
2018010140241,2,20,0,-1,-1,-1,-1,-1,-1,-1,1,-1,6,3,-1,-1,6692,2,6,-1,-1,-1
2018010140243,1,9,0,4,0,8,0,0,0,0,1,1,6,2,26,6,1242,1,16,3,1,3
2018010140243,2,4,0,13,0,8,2,0,0,0,3,1,6,1,22,5,125,1,3,-1,-1,-1
2018010140245,1,19,0,5,0,7,0,0,0,0,1,1,1,1,26,6,1499,2,3,1,1,1
2018010140245,2,9,0,18,0,7,0,0,0,0,1,1,6,1,23,5,2494,1,13,8,1,8
2018010140245,3,9,0,18,0,1,0,0,0,0,1,1,6,2,31,6,1968,2,7,2,1,2
2018010140248,1,9,-1,-1,-1,-1,-1,-1,-1,-1,2,-1,6,1,43,7,1995,2,10,2,1,2
2018010140248,2,20,-1,-1,-1,-1,-1,-1,-1,-1,-1,-1,6,1,-1,-1,-1,-1,-1,-1,-1,-1
2018010140249,1,9,0,5,0,2,5,0,0,0,1,1,6,1,37,7,1794,1,15,8,1,8
2018010140249,2,8,0,18,0,2,5,0,0,0,1,1,2,1,69,10,1798,8,5,5,1,5
2018010140250,1,9,0,2,0,2,0,0,0,0,3,2,6,3,-1,-1,1798,8,6,-1,-1,-1
2018010140250,2,90,0,15,0,2,0,4,0,0,1,1,1,2,21,5,-1,-1,-1,2,1,2
2018010140256,1,9,0,18,0,4,0,9,1,2,1,1,2,1,31,6,1390,1,4,3,1,3
2018010140256,2,9,0,18,0,4,0,0,0,0,3,1,6,1,69,10,1598,1,10,4,1,4
2018010140258,1,9,0,7,0,5,0,0,0,0,3,1,6,1,40,7,999,1,4,7,1,7
2018010140258,2,3,0,18,0,8,0,0,0,0,1,1,6,2,39,7,108,1,5,3,1,3
2018010140259,1,11,0,5,0,2,0,0,0,0,0,1,1,1,39,7,4461,2,4,2,1,2
2018010140263,1,9,0,9,0,6,0,0,0,0,1,1,6,1,32,6,999,1,2,3,1,3
2018010140263,2,4,0,18,0,1,0,0,0,0,4,1,1,1,43,7,125,1,3,5,1,5
2018010140266,1,9,0,7,0,1,0,0,0,0,4,1,6,1,54,8,1198,1,1,7,2,7
2018010140266,2,3,0,5,0,1,0,0,0,0,3,1,6,1,50,8,125,1,4,2,1,2
2018010140267,1,9,0,10,0,6,0,0,0,0,1,1,6,2,38,7,1560,2,10,6,1,6
2018010140267,2,3,0,13,0,1,0,0,0,0,4,1,2,1,31,6,125,1,5,-1,-1,-1
2018010140269,1,9,0,5,0,1,0,0,0,0,0,1,6,1,41,7,1598,2,2,3,1,3
2018010140269,2,9,0,18,0,1,0,0,0,0,2,1,1,1,44,7,1798,8,3,3,1,3
2018010140269,3,9,0,5,0,2,0,0,0,0,3,1,6,1,42,7,1560,2,7,4,1,4
2018010140272,1,9,0,1,0,0,0,0,0,0,1,1,6,1,40,7,1796,1,11,4,1,4
2018010140272,2,5,0,15,0,0,1,0,7,0,1,1,6,1,30,6,1199,1,16,5,1,5
2018010140275,1,9,0,7,0,1,0,12,1,10,0,1,6,1,47,8,1364,1,1,4,1,4
2018010140276,1,1,-1,-1,0,0,-1,0,0,0,2,1,6,1,20,4,-1,-1,-1,2,1,2
2018010140276,2,9,-1,-1,0,0,-1,-1,0,0,1,-1,6,1,49,8,1956,2,6,4,1,4
2018010140278,1,9,0,9,0,5,0,0,0,0,1,1,6,2,72,10,998,1,17,5,1,5
2018010140278,2,3,0,18,2,1,5,0,1,10,1,1,6,1,42,7,125,1,7,2,1,2
2018010140283,1,9,0,-1,-1,-1,-1,-1,-1,-1,2,-1,6,2,39,7,1997,2,4,2,1,2
2018010140283,2,19,0,-1,-1,-1,-1,-1,-1,-1,1,-1,6,3,-1,-1,-1,-1,-1,-1,-1,-1
2018010140283,3,9,0,-1,-1,-1,-1,-1,-1,-1,2,-1,6,3,40,7,1951,2,17,4,1,4
2018010140284,1,9,0,9,0,8,0,0,7,10,3,1,6,1,34,6,1296,1,10,1,1,1
2018010140284,2,3,0,13,0,8,5,0,7,10,1,1,6,1,26,6,124,1,3,3,1,3
2018010140289,1,9,0,4,0,6,0,0,0,0,2,1,6,1,48,8,999,1,1,9,1,9
2018010140289,2,11,0,18,0,8,0,0,0,0,1,1,1,1,47,8,5132,2,-1,3,1,3
2018010140299,1,3,0,15,0,0,0,8,1,0,3,1,1,1,21,5,125,1,-1,2,1,2
2018010140299,2,8,0,3,0,0,0,0,0,0,4,1,1,1,54,8,1798,8,-1,3,1,3
2018010140305,1,9,0,18,0,1,0,0,0,0,1,1,6,1,78,11,1596,1,2,4,1,4
2018010140305,2,9,0,18,0,1,0,0,0,0,3,1,6,1,32,6,1956,2,5,6,1,6
2018010140310,1,9,0,-1,-1,0,-1,-1,-1,-1,2,-1,6,1,30,6,1598,1,8,4,1,4
2018010140310,2,90,-1,18,-1,0,-1,-1,-1,-1,1,-1,6,3,-1,-1,-1,-1,-1,-1,-1,-1
2018010140312,1,9,0,18,0,0,0,0,0,0,4,1,6,2,37,7,2231,2,12,3,1,3
2018010140312,2,1,0,18,0,0,0,0,0,0,2,1,6,2,30,6,-1,-1,-1,-1,-1,-1
2018010140313,1,9,0,18,0,1,0,0,0,0,0,1,6,2,42,7,1986,2,13,8,1,8
2018010140313,2,9,0,18,0,1,0,0,0,0,1,1,6,1,22,5,-1,-1,-1,5,1,5
2018010140313,3,9,0,2,6,1,0,0,0,0,0,1,6,3,-1,-1,2191,2,3,-1,-1,-1
2018010140316,1,9,0,18,0,0,0,0,0,0,1,1,6,2,34,6,1395,1,2,3,1,3
2018010140316,2,19,0,4,0,0,0,0,0,0,2,1,1,1,21,5,2143,2,4,7,1,7
2018010140318,1,9,0,3,0,1,0,4,0,0,2,1,6,2,27,6,1461,2,5,4,-1,4
2018010140318,2,11,0,3,0,1,0,4,0,0,2,1,6,1,53,8,4500,2,1,2,1,2
2018010140318,3,9,0,18,0,1,0,4,0,0,1,1,6,1,34,6,-1,-1,-1,2,1,2
2018010140319,1,9,0,18,0,0,0,0,0,0,4,1,6,1,33,6,1797,8,6,1,1,1
2018010140320,1,9,0,18,0,0,0,0,0,0,1,1,6,2,69,10,1395,1,-1,9,3,9
2018010140321,1,3,0,18,0,8,0,0,0,0,1,1,6,1,36,7,125,1,3,3,1,3
2018010140321,2,9,0,16,0,8,0,0,0,0,4,1,6,1,18,4,-1,-1,-1,5,1,5
2018010140326,1,1,-1,-1,-1,-1,-1,-1,-1,-1,-1,1,6,1,45,7,-1,-1,-1,2,1,2
2018010140326,2,9,0,-1,-1,-1,-1,-1,-1,-1,1,-1,6,3,-1,-1,1242,1,11,4,1,4
2018010140328,1,3,0,18,0,1,0,0,0,0,4,1,1,1,36,7,124,1,1,2,1,2
2018010140328,2,9,0,18,0,1,0,0,0,0,4,1,6,1,61,9,4608,1,10,9,2,9
2018010140331,1,9,0,10,0,6,0,0,0,0,3,1,6,2,43,7,1397,1,14,2,1,2
2018010140331,2,3,0,13,0,1,0,0,0,0,4,1,1,1,29,6,108,1,2,3,1,3
2018010140332,1,9,0,2,0,1,0,0,0,0,3,1,6,3,-1,-1,-1,-1,-1,-1,-1,-1
2018010140332,2,1,0,18,0,2,0,0,0,0,1,1,2,1,29,6,-1,-1,-1,8,1,8
2018010140333,1,9,0,1,0,2,0,0,0,0,2,1,6,1,53,8,2488,1,13,-1,-1,-1
2018010140334,1,9,0,10,0,0,0,0,0,0,1,1,6,1,41,7,1299,1,16,3,1,3
2018010140334,2,1,0,18,0,0,0,0,0,0,1,1,6,1,22,5,-1,-1,-1,2,1,2
2018010140335,1,3,0,18,0,0,0,0,0,0,0,1,1,1,25,5,125,1,-1,3,1,3
2018010140337,1,8,0,6,0,0,0,0,0,0,1,1,1,1,28,6,1395,1,2,5,1,5
2018010140337,2,3,0,18,0,0,0,0,0,0,1,1,6,1,33,6,125,1,2,1,1,1
2018010140338,1,4,0,9,0,5,0,0,0,0,1,1,6,1,28,6,599,1,10,8,1,8
2018010140338,2,9,0,9,0,5,0,0,0,0,3,1,6,1,20,4,1598,1,7,-1,-1,-1
2018010140340,1,9,0,16,0,0,0,0,0,0,1,1,6,1,42,7,2993,2,8,5,1,5
2018010140340,2,9,0,18,0,0,0,0,0,0,1,1,6,1,60,9,1997,1,23,3,1,3
2018010140341,1,9,0,11,0,8,5,7,0,0,1,1,6,2,76,11,1124,1,12,-1,-1,-1
2018010140342,1,9,0,-1,-1,0,-1,-1,-1,-1,2,-1,6,1,66,10,1598,1,10,2,1,2
2018010140344,1,9,0,9,0,8,0,0,0,0,4,1,6,1,28,6,1896,2,14,4,1,4
2018010140344,2,8,0,18,0,8,0,0,0,0,1,1,1,1,48,8,1997,2,8,3,1,3
2018010140345,1,9,0,-1,-1,-1,-1,-1,-1,-1,2,-1,2,1,37,7,1995,2,4,2,1,2
2018010140345,2,9,0,-1,-1,-1,-1,-1,-1,-1,2,-1,6,3,-1,-1,1364,1,9,-1,-1,-1
2018010140346,1,9,0,9,0,1,0,0,0,0,0,1,6,1,50,8,1596,1,18,3,1,3
2018010140346,2,1,0,18,0,1,0,0,0,0,0,1,6,1,33,6,-1,-1,-1,2,1,2
2018010140348,1,9,0,-1,-1,-1,-1,-1,-1,-1,1,-1,6,2,-1,-1,998,1,1,2,1,2
2018010140348,2,9,0,-1,-1,-1,-1,-1,-1,-1,1,-1,6,3,-1,-1,-1,-1,-1,-1,-1,-1
2018010140349,1,9,0,-1,-1,-1,-1,-1,-1,-1,2,-1,6,2,30,6,-1,-1,-1,9,1,9
2018010140349,2,9,0,-1,-1,-1,-1,-1,-1,-1,1,-1,6,3,-1,-1,1995,2,8,-1,-1,-1
2018010140355,1,9,0,17,0,2,0,0,1,10,4,1,1,1,29,6,1598,2,2,8,1,8
2018010140358,1,9,0,17,0,2,0,0,1,4,1,1,6,2,29,6,1399,1,-1,4,1,4
2018010140359,1,9,0,3,0,0,0,0,0,0,3,1,6,1,50,8,1998,2,9,4,1,4
2018010140359,2,9,0,18,0,0,0,0,0,0,1,1,6,1,17,4,1598,1,10,3,1,3
2018010140362,1,9,0,18,0,1,0,0,0,0,1,1,6,2,58,9,1388,1,15,5,1,5
2018010140362,2,8,0,18,0,1,0,0,0,0,3,1,1,1,25,5,1797,8,8,-1,-1,-1
2018010140363,1,5,0,18,0,0,1,7,0,0,0,1,2,1,25,5,599,1,15,4,1,4
2018010140363,2,9,0,1,0,0,0,0,0,0,1,1,6,2,24,5,1596,1,5,4,1,4
2018010140364,1,9,0,18,0,4,0,0,0,0,4,1,2,1,22,5,1398,1,-1,9,1,9
2018010140364,2,9,0,18,0,4,0,0,0,0,3,1,6,2,32,6,1995,2,6,5,1,5
2018010140365,1,9,0,9,0,8,0,0,0,0,3,1,6,1,19,4,1197,1,5,-1,-1,-1
2018010140365,2,9,0,18,0,8,0,0,0,0,1,1,6,1,35,6,1496,2,2,6,1,6
2018010140370,1,9,0,5,0,1,0,0,0,0,3,1,6,2,26,6,1596,1,11,1,1,1
2018010140370,2,9,0,14,0,1,0,0,0,0,4,1,6,1,33,6,1598,1,14,1,1,1
2018010140370,3,9,0,3,0,2,0,0,0,0,0,1,6,1,31,6,1968,2,12,-1,-1,-1
2018010140379,1,9,0,3,0,1,0,0,0,0,2,1,6,2,26,6,1197,1,3,2,1,2
2018010140379,2,9,0,18,0,1,0,0,0,0,1,1,6,1,26,6,-1,-1,-1,4,1,4
2018010140380,1,19,0,18,0,0,0,0,0,0,1,1,1,1,43,7,2143,2,4,2,1,2
2018010140380,2,9,0,4,0,0,0,0,0,0,2,1,6,1,55,8,1399,2,6,4,1,4
2018010140380,3,9,0,3,0,0,0,0,0,0,2,1,6,1,41,7,1686,2,7,3,1,3
2018010140381,1,9,0,5,0,2,0,0,0,0,1,1,6,1,82,11,1968,2,5,8,1,8
2018010140381,2,9,0,9,0,8,0,0,0,0,3,1,6,1,37,7,1240,1,13,9,1,9
2018010140382,1,9,0,18,9,2,1,0,1,10,1,1,6,1,31,6,1999,2,-1,1,1,1
2018010140383,1,8,0,18,0,2,5,7,0,0,3,1,1,1,49,8,1800,8,6,4,1,4
2018010140389,1,5,0,5,0,8,0,0,0,0,0,1,6,1,54,8,1552,1,10,6,1,6
2018010140389,2,9,0,9,0,8,0,0,0,0,0,1,6,3,-1,-1,-1,-1,-1,-1,-1,-1
2018010140395,1,9,0,18,0,0,1,0,0,0,1,1,6,1,33,6,1968,2,9,2,1,2
2018010140395,2,21,1,18,0,0,1,0,0,0,1,1,1,1,64,9,6700,2,2,3,1,3
2018010140396,1,8,0,18,0,1,0,0,0,0,1,1,1,1,53,8,1950,2,2,10,1,10
2018010140396,2,8,0,18,0,2,0,0,0,0,1,1,1,1,57,9,2143,2,5,8,1,8
2018010140397,1,9,0,18,0,0,5,4,0,0,1,1,6,1,40,7,1598,1,9,6,1,6
2018010140397,2,9,0,2,0,0,0,0,0,0,2,1,6,3,-1,-1,1598,1,8,-1,-1,-1
2018010140400,1,9,0,2,0,2,0,0,0,0,0,1,6,3,-1,-1,1560,2,11,-1,-1,-1
2018010140400,2,9,0,14,0,2,0,0,0,0,4,1,6,1,82,11,1997,1,9,4,1,4
2018010140402,1,19,0,18,0,2,0,0,0,0,4,1,1,1,21,5,1598,2,2,-1,-1,-1
2018010140406,1,9,0,-1,-1,0,-1,-1,-1,-1,2,-1,6,1,39,7,1461,2,2,3,1,3
2018010140406,2,9,-1,-1,0,0,-1,0,0,0,1,-1,6,2,-1,-1,1240,1,8,1,1,1
2018010140421,1,9,-1,5,0,0,0,0,0,0,1,-1,6,3,-1,-1,-1,-1,-1,-1,-1,-1
2018010140422,1,9,0,9,0,6,0,0,0,0,0,1,6,1,39,7,1591,1,5,4,1,4
2018010140422,2,3,0,18,0,1,0,0,0,0,1,1,6,1,21,5,125,1,11,7,1,7
2018010140423,1,9,0,-1,0,0,0,0,0,0,-1,-1,6,1,68,10,1199,1,19,4,1,4
2018010140423,2,1,0,18,0,0,0,0,0,0,-1,1,6,1,-1,-1,-1,-1,-1,-1,-1,-1
2018010140425,1,9,0,7,9,2,0,10,3,10,3,1,6,3,-1,-1,1587,1,16,-1,-1,-1
2018010140426,1,3,0,18,0,0,0,0,0,0,1,1,6,3,-1,-1,125,1,9,-1,-1,-1
2018010140427,1,1,-1,-1,-1,0,-1,-1,-1,-1,-1,1,6,1,38,7,-1,-1,-1,3,1,3
2018010140427,2,9,0,-1,-1,0,-1,-1,-1,-1,-1,-1,6,3,-1,-1,1390,1,7,-1,-1,-1
2018010140428,1,9,0,-1,-1,0,-1,-1,-1,-1,-1,-1,6,1,46,8,1968,2,2,4,1,4
2018010140428,2,9,0,-1,-1,0,-1,-1,-1,-1,-1,-1,6,3,-1,-1,1229,1,4,2,1,2
2018010140430,1,19,0,12,0,0,0,0,0,0,3,2,1,1,21,5,-1,-1,-1,-1,-1,-1
2018010140430,2,5,0,18,0,0,0,0,0,0,4,1,6,1,52,8,599,1,11,5,1,5
2018010140435,1,1,-1,-1,-1,-1,-1,-1,-1,-1,-1,1,6,1,47,8,-1,-1,-1,9,1,9
2018010140435,2,9,0,-1,-1,-1,-1,-1,-1,-1,1,-1,6,1,57,9,1995,2,7,10,1,10
2018010140437,1,1,0,18,5,1,0,0,0,0,3,1,4,1,13,3,-1,-1,-1,8,1,8
2018010140440,1,3,0,18,0,0,0,0,0,0,1,1,6,3,-1,-1,-1,-1,-1,-1,-1,-1
2018010140440,2,1,0,18,5,0,0,0,0,0,0,1,6,1,47,8,-1,-1,-1,7,1,7
2018010140441,1,9,0,18,0,1,0,0,0,0,0,1,6,1,41,7,999,1,4,6,1,6
2018010140441,2,1,0,18,0,1,0,0,3,0,0,1,6,1,29,6,-1,-1,-1,2,1,2
2018010140443,1,1,-1,-1,-1,-1,-1,-1,-1,-1,1,1,2,1,30,6,-1,-1,-1,-1,-1,-1
2018010140443,2,9,0,-1,-1,-1,-1,-1,-1,-1,-1,-1,6,1,31,6,1797,8,9,2,1,2
2018010140446,1,2,0,4,0,1,0,0,0,0,3,1,6,1,55,8,-1,-1,-1,6,1,6
2018010140448,1,3,0,18,0,1,5,0,0,0,1,1,6,1,25,5,125,1,7,-1,-1,-1
2018010140448,2,9,0,7,0,8,0,0,0,0,3,1,6,1,26,6,1197,1,1,-1,-1,-1
2018010140453,1,9,0,18,0,0,0,0,0,0,1,1,6,1,51,8,1797,8,7,4,1,4
2018010140453,2,1,0,18,0,0,5,0,0,0,3,1,6,2,15,3,-1,-1,-1,6,1,6
2018010140454,1,9,0,4,0,0,0,8,0,0,3,1,1,1,31,6,1991,8,-1,3,1,3
2018010140454,2,1,0,18,0,0,0,8,0,0,1,1,6,2,34,6,-1,-1,-1,5,1,5
2018010140457,1,9,0,5,0,8,0,0,0,0,1,1,6,1,37,7,1399,2,9,3,1,3
2018010140457,2,3,0,18,0,8,0,0,0,0,1,1,1,1,32,6,125,1,10,5,1,5
2018010140466,1,8,0,-1,-1,-1,-1,-1,-1,-1,2,-1,6,3,43,7,1797,8,7,2,1,2
2018010140468,1,9,0,8,0,8,0,8,0,0,0,1,6,1,46,8,-1,-1,-1,2,1,2
2018010140468,2,1,0,7,0,8,0,8,0,0,4,1,6,1,37,7,-1,-1,-1,3,1,3
2018010140472,1,9,0,14,0,1,0,0,0,0,1,1,6,1,30,6,1968,2,4,2,1,2
2018010140472,2,9,0,5,0,1,0,0,0,0,4,1,6,1,27,6,1995,2,4,3,1,3
2018010140473,1,9,0,18,0,1,0,0,0,0,4,1,6,2,78,11,998,1,12,-1,-1,-1
2018010140473,2,9,0,2,0,1,0,0,0,0,3,1,6,3,-1,-1,1584,1,10,-1,-1,-1
2018010140474,1,9,0,18,0,2,0,0,0,0,1,1,2,1,32,6,2143,2,4,1,1,1
2018010140474,2,4,0,18,0,2,0,0,0,0,3,1,6,1,33,6,471,1,-1,3,1,3
2018010140474,3,8,0,2,0,2,0,0,0,0,2,1,6,3,-1,-1,2143,2,1,-1,-1,-1
2018010140476,1,9,0,-1,-1,0,-1,-1,-1,-1,-1,-1,2,2,34,6,1368,1,6,2,1,2
2018010140476,2,9,0,-1,-1,0,-1,-1,-1,-1,-1,-1,6,3,-1,-1,1364,1,9,-1,-1,-1
2018010140478,1,1,-1,-1,-1,-1,-1,-1,-1,-1,-1,1,6,1,58,9,-1,-1,-1,10,1,10
2018010140478,2,9,0,-1,-1,-1,-1,-1,-1,-1,-1,-1,6,3,-1,-1,1968,2,2,5,1,5
2018010140480,1,21,0,18,0,5,0,0,0,0,1,1,1,1,53,8,5193,2,6,4,1,4
2018010140480,2,9,0,11,0,7,0,0,0,0,4,1,6,1,18,4,1388,1,13,4,1,4
2018010140481,1,9,0,18,0,0,0,0,0,0,2,1,6,1,65,9,1596,1,7,8,1,8
2018010140481,2,9,0,18,0,0,0,0,0,0,2,2,6,1,27,6,-1,-1,-1,3,1,3
2018010140481,3,9,0,18,0,0,0,0,0,0,2,1,6,1,45,7,1796,1,7,9,1,9
2018010140481,4,19,0,18,0,0,1,0,0,0,1,1,1,1,32,6,2461,2,11,-1,-1,-1
2018010140487,1,3,0,18,0,1,1,0,0,0,1,1,1,1,18,4,108,1,2,4,1,4
2018010140487,2,9,0,9,0,8,1,0,0,0,4,1,6,3,-1,-1,-1,-1,-1,-1,-1,-1
2018010140488,1,3,0,18,0,4,0,0,0,0,1,1,6,1,21,5,124,1,1,2,1,2
2018010140491,1,9,0,3,0,0,0,0,0,0,0,1,6,1,56,9,1368,1,2,1,1,1
2018010140493,1,11,0,18,0,1,0,0,0,0,3,1,1,1,38,7,6700,2,7,2,1,2
2018010140493,2,9,0,3,0,1,0,0,0,0,4,1,6,1,38,7,1798,1,9,3,1,3
2018010140495,1,3,0,12,0,1,0,0,0,0,4,1,2,1,22,5,125,1,-1,-1,-1,-1
2018010140495,2,9,0,12,0,1,0,0,0,0,1,1,6,1,50,8,1598,1,3,3,1,3
2018010140498,1,9,0,9,0,8,0,0,0,0,1,1,6,1,23,5,1995,2,10,3,1,3
2018010140498,2,1,0,18,0,8,0,0,0,0,0,1,1,1,35,6,-1,-1,-1,2,1,2
2018010140502,1,8,0,4,0,1,0,0,0,0,3,1,1,1,51,8,1997,2,6,3,1,3
2018010140504,1,9,0,11,0,3,0,0,0,0,1,1,2,2,23,5,2401,2,13,6,1,6
2018010140504,2,3,0,4,0,3,0,0,0,0,2,1,1,1,23,5,125,1,2,-1,-1,-1
2018010140505,1,1,-1,-1,-1,-1,-1,-1,-1,-1,-1,1,6,1,31,6,-1,-1,-1,3,1,3
2018010140505,2,90,-1,-1,-1,-1,-1,-1,-1,-1,2,-1,6,3,-1,-1,-1,-1,-1,5,1,5
2018010140507,1,8,0,2,0,8,0,0,0,0,3,1,6,3,-1,-1,-1,-1,-1,-1,-1,-1
2018010140507,2,1,0,18,0,1,0,8,1,0,1,1,6,1,24,5,-1,-1,-1,2,1,2
2018010140508,1,19,0,-1,-1,0,-1,-1,-1,-1,-1,-1,6,1,38,7,1560,2,-1,4,1,4
2018010140510,1,9,0,3,0,1,0,0,0,0,2,1,6,1,23,5,2148,2,10,2,1,2
2018010140510,2,9,0,3,0,1,0,0,0,0,1,2,6,1,30,6,-1,-1,-1,3,1,3
2018010140513,1,9,0,-1,-1,0,-1,-1,-1,-1,-1,-1,6,3,-1,-1,1461,2,12,-1,-1,-1
2018010140516,1,9,0,18,0,4,0,0,0,0,1,1,6,1,20,4,1895,1,17,8,3,8
2018010140516,2,9,0,18,0,3,0,0,1,0,1,1,6,1,24,5,1995,2,-1,3,1,3
2018010140518,1,11,0,-1,-1,-1,-1,-1,-1,-1,4,-1,6,1,26,6,-1,2,17,-1,-1,-1
2018010140518,2,19,0,-1,-1,-1,-1,-1,-1,-1,4,-1,6,3,-1,-1,1995,2,1,7,2,7
2018010140519,1,9,0,5,0,2,0,0,0,0,1,1,1,1,41,7,1791,8,7,2,1,2
2018010140520,1,8,0,18,0,0,0,0,0,0,2,1,2,1,50,8,1797,8,7,6,1,6
2018010140520,2,9,0,15,0,0,0,0,0,0,1,1,6,1,-1,-1,1798,1,8,-1,-1,-1
2018010140522,1,9,0,-1,-1,-1,-1,-1,-1,-1,-1,-1,6,1,29,6,1595,1,11,3,1,3
2018010140523,1,9,0,18,0,1,0,0,0,0,1,1,6,3,-1,-1,-1,-1,-1,-1,-1,-1
2018010140523,2,1,0,9,0,6,5,0,0,0,1,1,6,1,59,9,-1,-1,-1,2,1,2
2018010140526,1,9,0,4,0,1,0,0,0,0,2,1,6,2,44,7,1498,1,-1,-1,-1,-1
2018010140526,2,9,0,4,0,1,0,0,0,0,1,1,6,2,35,6,1995,2,8,5,1,5
2018010140529,1,19,0,12,0,0,0,0,0,0,1,1,1,1,49,8,2143,2,3,3,1,3
2018010140529,2,9,0,18,0,0,0,0,0,0,1,1,6,1,47,8,1796,1,13,7,1,7
2018010140530,1,9,0,9,0,8,0,0,0,0,2,1,6,1,62,9,3199,1,16,10,1,10
2018010140530,2,3,0,9,0,1,1,0,0,0,1,1,6,1,17,4,124,1,10,7,1,7
2018010140531,1,1,-1,-1,-1,0,-1,-1,-1,-1,1,1,2,1,29,6,-1,-1,-1,1,1,1
2018010140531,2,9,0,-1,-1,0,-1,-1,-1,-1,-1,-1,6,3,-1,-1,1798,8,2,3,1,3
2018010140534,1,9,0,9,0,1,0,0,0,0,0,1,2,2,38,7,1968,2,1,3,1,3
2018010140534,2,5,0,13,0,1,0,0,0,0,3,1,2,1,33,6,865,1,2,4,1,4
2018010140540,1,8,0,9,0,8,0,0,0,0,4,1,1,1,56,9,2987,2,3,2,1,2
2018010140540,2,1,0,18,0,2,1,0,0,0,1,1,2,1,28,6,-1,-1,-1,2,1,2
2018010140542,1,9,0,18,0,8,0,0,0,0,1,1,1,2,33,6,1995,2,10,-1,-1,-1
2018010140542,2,1,0,18,4,8,0,0,0,0,0,1,1,1,46,8,-1,-1,-1,10,1,10
2018010140549,1,9,0,-1,-1,0,-1,-1,-1,-1,2,-1,6,1,23,5,999,1,9,-1,-1,-1
2018010140550,1,9,0,-1,-1,-1,0,-1,-1,0,-1,-1,6,2,47,8,1390,1,6,4,1,4
2018010140550,2,19,0,-1,-1,-1,0,-1,-1,0,-1,1,6,3,-1,-1,2402,2,6,-1,-1,-1
2018010140553,1,9,0,4,0,1,0,7,0,0,1,1,6,1,68,10,1598,1,6,7,1,7
2018010140568,1,19,0,5,0,1,0,0,0,0,3,1,6,1,68,10,1796,7,12,7,1,7
2018010140568,2,4,0,5,0,1,0,0,0,0,1,1,6,1,57,9,471,1,3,10,1,10
2018010140574,1,1,-1,-1,-1,-1,-1,-1,-1,-1,-1,1,2,1,25,5,-1,-1,-1,1,1,1
2018010140574,2,9,0,-1,-1,-1,-1,-1,-1,-1,1,-1,6,3,47,8,1798,8,3,2,1,2
2018010140577,1,9,0,18,0,0,0,0,0,0,3,1,6,2,31,6,1229,1,7,3,1,3
2018010140577,2,9,0,3,0,0,0,0,0,0,1,1,3,2,30,6,1796,2,3,9,1,9
2018010140578,1,1,-1,-1,-1,-1,-1,-1,-1,-1,-1,1,2,1,28,6,-1,-1,-1,5,1,5
2018010140578,2,9,0,-1,-1,-1,-1,-1,-1,-1,-1,-1,6,3,-1,-1,1991,1,-1,4,1,4
2018010140580,1,3,0,5,0,1,0,0,0,0,1,1,6,1,32,6,125,1,-1,3,1,3
2018010140580,2,9,0,9,0,2,0,0,0,0,1,1,6,2,59,9,1497,8,-1,1,1,1
2018010140580,3,11,0,3,0,1,0,0,0,0,1,1,1,2,60,9,5132,2,2,2,1,2
2018010140582,1,9,0,-1,-1,-1,-1,-1,-1,-1,4,-1,6,1,19,4,1200,1,1,9,1,9
2018010140582,2,9,0,-1,-1,-1,-1,-1,-1,-1,3,-1,6,3,-1,-1,1968,2,12,-1,-1,-1
2018010140583,1,9,0,18,0,0,0,0,7,10,1,1,2,2,41,7,1598,1,8,6,1,6
2018010140584,1,9,-1,18,0,0,0,0,-1,0,0,-1,1,1,40,7,1399,1,1,8,1,8
2018010140584,2,9,0,13,0,0,0,-1,-1,0,3,-1,6,3,54,8,1896,2,17,10,1,10
2018010140585,1,9,0,9,0,8,0,0,0,0,1,1,6,1,80,11,1596,1,11,-1,-1,-1
2018010140585,2,9,0,18,0,8,0,0,0,0,3,1,2,1,39,7,1229,1,12,-1,-1,-1
2018010140587,1,1,-1,-1,-1,0,-1,-1,-1,-1,1,1,2,1,28,6,-1,-1,-1,2,1,2
2018010140587,2,3,-1,-1,-1,0,-1,-1,-1,-1,-1,1,6,3,-1,-1,-1,-1,-1,-1,-1,-1
2018010140588,1,1,0,14,0,2,0,0,0,0,1,1,2,1,29,6,-1,-1,-1,6,1,6
2018010140588,2,9,0,9,2,6,0,0,0,0,1,1,6,1,28,6,-1,-1,-1,-1,-1,-1
2018010140591,1,9,0,-1,-1,-1,-1,-1,-1,-1,2,-1,6,1,47,8,1769,1,14,4,1,4
2018010140591,2,9,0,-1,-1,-1,-1,-1,-1,-1,1,-1,6,3,-1,-1,1596,1,12,-1,-1,-1
2018010140595,1,9,0,7,0,1,0,0,0,0,3,1,6,2,20,4,1248,2,5,6,1,6
2018010140595,2,1,0,18,0,1,0,0,0,0,1,1,1,1,48,8,-1,-1,-1,3,1,3
2018010140597,1,9,0,18,0,0,2,4,0,0,1,1,6,2,89,11,1240,1,12,7,1,7
2018010140597,2,9,0,2,6,0,0,0,0,0,4,1,6,3,-1,-1,2143,2,4,-1,-1,-1
2018010140601,1,5,0,4,0,1,0,0,0,0,4,1,6,1,37,7,798,1,10,4,1,4