Accident_Index,Vehicle_Reference,Vehicle_Type,Towing_and_Articulation,Vehicle_Manoeuvre,Vehicle_Location-Restricted_Lane,Junction_Location,Skidding_and_Overturning,Hit_Object_in_Carriageway,Vehicle_Leaving_Carriageway,Hit_Object_off_Carriageway,1st_Point_of_Impact,Was_Vehicle_Left_Hand_Drive?,Journey_Purpose_of_Driver,Sex_of_Driver,Age_of_Driver,Age_Band_of_Driver,Engine_Capacity_(CC),Propulsion_Code,Age_of_Vehicle,Driver_IMD_Decile,Driver_Home_Area_Type,Vehicle_IMD_Decile
2018010140603,1,1,-1,-1,-1,0,-1,-1,-1,-1,-1,1,2,2,27,6,-1,-1,-1,5,1,5
2018010140603,2,8,0,-1,-1,0,-1,-1,-1,-1,-1,-1,6,3,-1,-1,1797,8,7,-1,-1,-1
2018010140604,1,9,5,18,0,0,0,0,7,10,1,1,6,3,-1,-1,1998,2,15,-1,-1,-1
2018010140604,2,90,5,18,0,0,0,0,0,0,1,1,6,3,-1,-1,-1,-1,-1,-1,-1,-1
2018010140604,3,9,0,2,0,0,0,0,1,0,1,1,6,3,-1,-1,1796,1,10,-1,-1,-1
2018010140605,1,9,0,5,0,0,0,0,0,0,1,1,6,2,47,8,1797,8,8,4,1,4
2018010140606,1,9,0,-1,-1,0,-1,-1,-1,-1,1,-1,6,3,-1,-1,-1,-1,-1,-1,-1,-1
2018010140607,1,9,0,10,0,8,0,0,0,0,3,1,6,2,24,5,1362,1,5,9,1,9
2018010140607,2,3,0,18,0,1,2,0,0,0,1,1,6,1,43,7,125,1,-1,-1,-1,-1
2018010140611,1,19,0,7,0,5,0,0,0,0,4,1,1,1,62,9,1995,2,-1,5,1,5
2018010140611,2,1,0,18,0,8,0,0,0,0,1,1,6,1,19,4,-1,-1,-1,3,1,3
2018010140612,1,4,0,18,0,0,0,0,0,0,1,1,2,1,31,6,124,1,2,8,1,8
2018010140616,1,9,0,-1,-1,-1,-1,-1,-1,-1,2,-1,6,3,-1,-1,-1,-1,-1,-1,-1,-1
2018010140618,1,11,0,14,0,1,0,0,0,0,1,1,1,2,34,6,6700,2,7,2,1,2
2018010140618,2,9,0,7,0,6,0,0,0,0,1,1,6,2,24,5,1229,1,11,8,1,8
2018010140623,1,1,-1,-1,-1,-1,-1,-1,-1,-1,-1,1,2,2,30,6,-1,-1,-1,3,1,3
2018010140623,2,9,0,-1,-1,-1,-1,-1,-1,-1,1,-1,6,3,-1,-1,1598,1,10,3,1,3
2018010140624,1,9,0,-1,-1,-1,-1,-1,-1,-1,2,-1,6,2,39,7,1560,2,6,10,1,10
2018010140630,1,9,0,5,0,5,0,0,0,0,1,1,2,1,69,10,998,1,15,3,1,3
2018010140632,1,19,0,-1,-1,-1,-1,-1,-1,-1,-1,-1,6,1,21,5,1968,2,-1,4,1,4
2018010140634,1,9,0,18,0,1,0,0,0,0,1,1,6,2,29,6,1598,1,6,6,1,6
2018010140634,2,9,0,7,0,1,0,0,0,0,2,1,6,2,59,9,-1,-1,-1,10,1,10
2018010140634,3,9,0,8,0,1,0,0,0,0,3,1,6,1,70,10,1364,1,12,6,2,6
2018010140637,1,1,-1,-1,-1,-1,-1,-1,-1,-1,-1,1,2,1,36,7,-1,-1,-1,3,1,3
2018010140639,1,1,-1,-1,-1,-1,-1,-1,-1,-1,-1,1,2,1,36,7,-1,-1,-1,7,1,7
2018010140639,2,9,0,-1,-1,-1,-1,-1,-1,-1,-1,-1,6,3,-1,-1,1461,2,2,-1,-1,-1
2018010140640,1,9,0,18,-1,-1,-1,-1,-1,-1,3,-1,6,1,41,7,1198,1,12,4,1,4
2018010140644,1,8,0,18,0,8,0,0,0,0,1,1,1,1,54,8,-1,-1,-1,3,1,3
2018010140645,1,8,0,-1,-1,0,-1,-1,-1,-1,1,-1,2,1,34,6,1798,8,3,3,1,3
2018010140645,2,8,0,-1,-1,0,-1,-1,-1,-1,2,-1,6,3,-1,-1,1798,8,3,-1,-1,-1
2018010140649,1,9,0,18,0,1,1,0,0,0,3,1,1,1,38,7,1498,1,1,3,1,3
2018010140649,2,9,0,6,0,2,0,0,0,0,1,1,6,1,82,11,1560,2,14,-1,-1,-1
2018010140652,1,9,0,-1,-1,0,-1,-1,-1,-1,1,-1,6,2,53,8,2400,8,8,3,1,3
2018010140653,1,11,0,9,0,8,0,0,0,0,1,1,1,1,61,9,10838,2,-1,-1,1,-1
2018010140653,2,3,0,18,0,8,1,0,0,0,3,1,1,1,37,7,125,1,2,5,1,5
2018010140657,1,9,0,18,0,1,0,0,0,0,1,2,6,2,42,7,1499,2,3,6,1,6
2018010140657,2,9,0,9,0,1,0,0,0,0,1,1,6,1,20,4,1086,1,12,7,-1,7
2018010140658,1,8,0,3,0,1,0,0,0,0,4,1,1,1,44,7,2776,2,2,6,1,6
2018010140663,1,11,0,4,0,8,0,0,1,2,1,1,1,1,33,6,4500,2,10,5,1,5
2018010140663,2,19,0,9,0,6,0,0,3,2,4,1,1,1,34,6,2198,2,5,4,1,4
2018010140664,1,3,0,9,0,2,0,0,0,0,1,1,1,1,29,6,125,1,2,7,1,7
2018010140666,1,9,0,18,0,8,0,0,0,0,1,1,6,2,49,8,1200,1,3,9,1,9
2018010140666,2,9,0,9,0,8,0,0,0,0,1,1,6,1,35,6,1968,2,10,3,1,3
2018010140667,1,9,0,2,0,1,0,0,0,0,0,1,6,3,-1,-1,1560,2,4,-1,-1,-1
2018010140667,2,3,0,16,9,2,5,7,1,0,1,1,6,1,20,4,125,1,8,-1,-1,-1
2018010140668,1,9,0,18,0,0,0,0,0,0,1,1,6,2,26,6,1600,1,14,3,1,3
2018010140668,2,9,0,18,0,0,0,0,0,0,2,1,6,2,36,7,1391,1,17,6,1,6
2018010140668,3,9,0,7,0,0,0,0,0,0,2,1,6,1,59,9,1769,1,13,4,1,4
2018010140675,1,19,0,18,0,1,0,0,0,0,3,1,1,2,31,6,1560,2,1,3,1,3
2018010140675,2,3,0,18,0,8,0,0,0,0,1,1,6,1,26,6,-1,-1,-1,1,1,1
2018010140676,1,9,0,9,4,8,0,0,0,0,2,1,6,2,46,8,1968,2,2,5,1,5
2018010140676,2,1,0,16,0,8,2,0,0,0,1,1,2,1,35,6,-1,-1,-1,3,1,3
2018010140678,1,9,0,18,0,1,0,0,0,0,1,1,6,1,61,9,2777,2,9,7,1,7
2018010140679,1,9,0,15,0,1,0,0,0,0,1,1,6,1,18,4,998,1,13,3,1,3
2018010140679,2,9,0,9,0,1,1,0,0,0,2,1,6,1,25,5,-1,-1,-1,7,1,7
2018010140680,1,9,0,-1,-1,-1,-1,-1,-1,-1,-1,-1,6,1,27,6,-1,-1,-1,5,1,5
2018010140681,1,9,0,1,0,8,0,0,0,0,0,1,6,2,24,5,1197,1,4,3,1,3
2018010140683,1,9,0,9,0,1,0,0,0,0,1,1,6,1,61,9,1198,1,8,9,1,9
2018010140683,2,9,0,18,0,8,1,0,1,10,1,1,6,1,21,5,973,1,16,3,1,3
2018010140685,1,5,0,18,0,8,0,0,0,0,4,1,2,1,38,7,599,1,6,5,1,5
2018010140685,2,9,0,9,0,6,0,0,0,0,1,1,2,1,21,5,1595,1,2,7,1,7
2018010140691,1,9,0,7,0,4,5,0,1,0,2,1,6,1,22,5,1388,1,12,4,1,4
2018010140691,2,9,0,18,0,4,0,0,0,0,1,1,6,3,-1,-1,-1,-1,-1,-1,-1,-1
2018010140693,1,9,0,4,0,1,0,0,0,0,4,1,2,1,53,8,2987,2,2,7,1,7
2018010140693,2,5,0,4,0,1,0,0,0,0,3,1,1,2,57,9,598,1,25,4,1,4
2018010140697,1,9,0,2,-1,-1,-1,-1,-1,0,3,1,6,3,-1,-1,1598,1,4,-1,-1,-1
2018010140697,2,21,0,9,0,8,0,4,0,0,-1,-1,6,3,-1,-1,5132,2,-1,-1,-1,-1
2018010140706,1,9,0,18,0,8,0,0,0,0,1,1,6,2,55,8,1339,1,4,2,1,2
2018010140706,2,9,0,10,0,1,0,0,0,0,1,1,6,1,44,7,1242,1,3,5,1,5
2018010140706,3,1,0,18,0,8,0,0,0,0,3,1,6,1,33,6,-1,-1,-1,1,1,1
2018010140708,1,19,0,4,0,0,0,0,0,0,2,1,1,1,35,6,1598,2,3,6,2,6
2018010140708,2,3,0,18,0,0,0,0,0,0,1,1,2,1,21,5,124,1,5,7,1,7
2018010140710,1,5,0,18,0,0,0,0,0,0,1,1,6,1,40,7,998,1,8,3,1,3
2018010140710,2,19,0,6,2,0,0,0,0,0,2,1,1,1,21,5,2148,2,11,4,3,4
2018010140712,1,9,0,12,0,0,0,0,0,0,2,1,1,1,30,6,-1,-1,-1,6,1,6
2018010140712,2,5,0,18,0,0,1,0,0,0,1,1,1,1,34,6,645,1,13,3,1,3
2018010140713,1,9,0,9,0,1,0,0,0,0,1,1,6,1,45,7,1968,2,11,5,1,5
2018010140713,2,1,0,18,0,1,0,0,0,0,1,1,6,1,30,6,-1,-1,-1,3,1,3
2018010140715,1,9,0,18,0,8,0,0,0,0,1,1,1,1,49,8,1798,8,5,1,1,1
2018010140715,2,1,0,18,0,1,0,0,0,0,1,1,1,1,35,6,-1,-1,-1,2,1,2
2018010140721,1,9,0,18,0,0,0,0,0,0,1,1,6,2,53,8,1339,1,14,3,1,3
2018010140721,2,9,0,18,0,0,0,0,0,0,1,1,6,1,74,10,1699,1,7,9,1,9
2018010140724,1,9,0,-1,-1,-1,-1,-1,-1,-1,2,-1,2,2,42,7,1229,1,6,10,1,10
2018010140724,2,9,0,-1,-1,-1,-1,-1,-1,-1,2,-1,6,3,-1,-1,1968,2,10,-1,-1,-1
2018010140724,3,90,0,-1,-1,-1,-1,-1,-1,-1,1,-1,6,3,-1,-1,-1,-1,-1,-1,-1,-1
2018010140734,1,9,0,18,0,1,0,0,0,0,4,1,6,1,28,6,1461,2,-1,2,1,2
2018010140734,2,9,0,9,0,6,0,0,0,0,3,1,6,1,20,4,1398,1,1,8,1,8
2018010140736,1,8,0,9,0,1,0,0,0,0,3,1,6,1,46,8,1798,8,-1,2,1,2
2018010140736,2,5,0,13,0,1,2,0,0,0,1,1,6,1,48,8,998,1,26,10,1,10
2018010140743,1,9,0,18,0,0,0,0,0,0,1,1,6,1,23,5,1598,2,8,2,1,2
2018010140743,2,9,0,18,0,0,0,10,1,10,1,1,6,1,46,8,1390,1,17,-1,-1,-1
2018010140744,1,3,0,18,0,1,1,0,0,0,1,1,1,1,39,7,108,1,3,5,1,5
2018010140744,2,9,0,7,0,1,0,0,0,0,4,1,6,3,-1,-1,-1,-1,-1,-1,-1,-1
2018010140745,1,9,0,9,9,6,0,10,1,2,1,1,6,2,33,6,995,1,11,8,1,8
2018010140745,2,9,0,2,0,1,0,0,0,0,1,1,6,3,-1,-1,2979,1,5,-1,-1,-1
2018010140752,1,9,0,9,0,8,0,0,0,0,3,1,2,1,56,9,1794,1,15,2,1,2
2018010140752,2,11,0,18,0,8,0,0,0,0,1,1,1,1,48,8,6700,2,7,2,1,2
2018010140753,1,9,0,18,0,0,0,4,0,0,1,1,6,1,18,4,1991,1,5,2,1,2
2018010140753,2,9,0,2,0,0,0,4,0,0,3,1,6,3,-1,-1,1997,1,12,-1,-1,-1
2018010140753,3,9,0,2,0,0,0,4,0,0,3,1,6,3,-1,-1,973,1,17,-1,-1,-1
2018010140753,4,9,0,2,0,0,0,0,0,0,1,1,6,3,-1,-1,1797,8,7,-1,-1,-1
2018010140754,1,4,0,18,0,1,0,0,0,0,3,1,6,2,36,7,125,1,14,3,1,3
2018010140754,2,9,0,18,0,1,0,0,0,0,1,1,6,1,41,7,2987,2,4,1,1,1
2018010140756,1,9,0,9,0,5,0,0,0,0,4,1,2,1,33,6,2179,2,6,6,1,6
2018010140756,2,1,0,18,0,8,0,0,0,0,1,1,2,1,41,7,-1,-1,-1,10,1,10
2018010140759,1,1,-1,-1,-1,0,-1,-1,-1,-1,-1,1,2,1,29,6,-1,-1,-1,2,1,2
2018010140759,2,19,0,-1,-1,0,-1,-1,-1,-1,1,-1,6,3,-1,-1,-1,-1,-1,-1,-1,-1
2018010140760,1,9,0,9,0,8,0,0,0,0,4,2,6,1,25,5,1397,1,16,3,1,3
2018010140760,2,3,0,18,0,8,0,0,0,0,1,1,6,1,42,7,125,1,11,9,1,9
2018010140761,1,9,0,-1,-1,-1,-1,-1,-1,-1,2,-1,2,2,22,5,1598,1,2,5,1,5
2018010140761,2,9,0,-1,-1,-1,-1,-1,-1,-1,1,-1,6,3,-1,-1,1248,2,7,-1,-1,-1
2018010140765,1,1,-1,-1,-1,-1,-1,-1,-1,-1,-1,1,2,1,32,6,-1,-1,-1,2,1,2
2018010140765,2,9,0,-1,-1,-1,-1,-1,-1,-1,-1,-1,6,3,-1,-1,-1,-1,-1,-1,-1,-1
2018010140767,1,11,0,4,0,8,0,0,0,0,0,-1,1,1,-1,-1,9000,2,9,2,1,2
2018010140769,1,1,-1,-1,-1,0,-1,-1,-1,-1,-1,1,6,1,30,6,-1,-1,-1,3,1,3
2018010140769,2,9,0,-1,-1,0,-1,-1,-1,-1,1,-1,6,3,59,9,1999,1,7,3,1,3
2018010140771,1,9,0,-1,-1,-1,-1,-1,-1,-1,2,-1,6,2,28,6,-1,-1,-1,4,1,4
2018010140771,2,9,-1,-1,-1,-1,-1,-1,-1,-1,-1,-1,6,3,-1,-1,2204,2,12,-1,-1,-1
2018010140772,1,19,0,4,0,0,0,0,0,0,3,1,1,1,57,9,2299,2,1,-1,-1,-1
2018010140772,2,1,0,18,0,0,0,0,0,0,1,1,2,1,32,6,-1,-1,-1,4,1,4
2018010140773,1,1,0,18,0,0,0,0,0,0,-1,1,6,1,16,4,-1,-1,-1,3,1,3
2018010140773,2,9,-1,18,0,0,0,0,0,0,-1,-1,6,3,-1,-1,1997,1,11,-1,-1,-1
2018010140777,1,9,0,16,0,8,0,0,0,0,1,1,2,2,30,6,1598,1,17,1,1,1
2018010140777,2,1,0,16,0,8,0,0,0,0,2,1,2,1,44,7,-1,-1,-1,9,1,9
2018010140783,1,9,-1,-1,0,0,-1,-1,-1,-1,2,-1,6,1,28,6,1998,1,14,5,1,5
2018010140783,2,9,-1,-1,0,0,-1,-1,-1,-1,1,-1,6,3,-1,-1,-1,-1,-1,4,1,4
2018010140784,1,9,0,18,0,3,0,0,7,2,1,1,1,1,46,8,1995,2,3,1,1,1
2018010140784,2,19,0,9,0,3,0,0,0,0,1,1,1,1,64,9,1560,2,2,3,1,3
2018010140786,1,9,0,9,0,1,0,0,0,0,1,1,1,1,30,6,1388,1,11,9,1,9
2018010140786,2,5,0,18,0,1,0,0,0,0,1,1,6,1,33,6,-1,-1,-1,5,1,5
2018010140789,1,9,-1,-1,0,-1,-1,-1,0,0,-1,-1,6,1,52,8,1388,1,7,2,1,2
2018010140793,1,1,-1,-1,-1,-1,-1,-1,-1,-1,-1,1,2,1,56,9,-1,-1,-1,9,1,9
2018010140793,2,9,0,-1,-1,-1,-1,-1,-1,-1,1,-1,6,3,67,10,1970,1,11,-1,-1,-1
2018010140798,1,9,0,18,0,1,0,0,0,0,4,1,6,1,60,9,3600,6,22,6,1,6
2018010140798,2,9,0,18,0,1,0,0,0,0,3,1,6,1,81,11,1995,1,10,2,1,2
2018010140798,3,9,0,18,0,1,0,0,0,0,3,1,6,2,72,10,1389,1,21,2,1,2
2018010140800,1,9,0,-1,-1,-1,-1,-1,-1,-1,-1,-1,2,1,32,6,1596,1,10,3,1,3
2018010140800,2,9,0,-1,-1,-1,-1,-1,-1,-1,1,-1,6,3,-1,-1,1498,1,13,-1,-1,-1
2018010140804,1,1,-1,-1,-1,-1,-1,-1,-1,-1,-1,1,2,1,45,7,-1,-1,-1,6,1,6
2018010140804,2,8,0,-1,-1,-1,-1,-1,-1,-1,1,-1,6,3,-1,-1,2499,2,3,3,1,3
2018010140806,1,3,0,13,0,0,0,0,0,0,4,1,2,1,41,7,-1,-1,-1,2,1,2
2018010140806,2,9,0,10,0,0,0,0,0,0,4,1,6,1,40,7,2967,2,7,9,1,9
2018010140809,1,9,0,4,0,1,0,0,0,0,2,-1,6,2,54,8,-1,-1,-1,9,1,9
2018010140809,2,9,0,18,0,1,0,0,0,0,1,-1,6,3,-1,-1,2979,1,17,-1,-1,-1
2018010140812,1,19,0,7,0,8,0,0,0,0,4,1,6,1,59,9,2287,2,2,4,3,4
2018010140812,2,9,0,18,0,8,0,0,0,0,3,1,6,1,47,8,1797,8,8,3,1,3
2018010140821,1,1,0,18,0,1,0,0,0,0,3,1,2,1,23,5,-1,-1,-1,2,-1,2
2018010140821,2,11,0,4,0,1,0,0,0,0,4,1,1,1,38,7,-1,-1,-1,2,1,2
2018010140825,1,3,0,18,0,0,0,0,0,0,1,1,1,1,48,8,-1,-1,-1,-1,-1,-1
2018010140832,1,9,0,18,0,1,0,0,0,0,1,1,6,3,-1,-1,-1,-1,-1,-1,-1,-1
2018010140840,1,3,-1,18,0,-1,-1,0,0,0,1,1,1,1,21,5,108,1,1,3,1,3
2018010140840,2,9,0,-1,0,-1,0,0,0,0,1,1,6,3,-1,-1,1396,1,19,-1,-1,-1
2018010140841,1,11,0,4,0,1,0,0,0,0,3,1,1,1,49,8,9360,2,6,2,1,2
2018010140841,2,9,0,5,0,1,0,0,0,0,4,1,6,1,74,10,1598,1,13,4,1,4
2018010140851,1,9,0,18,0,0,0,0,0,0,1,1,6,2,29,6,1498,1,12,-1,-1,-1
2018010140851,2,9,0,4,0,0,0,0,0,0,2,2,2,1,34,6,-1,-1,-1,1,1,1
2018010140857,1,9,0,3,0,0,0,0,0,0,2,1,6,2,22,5,1229,1,10,3,1,3
2018010140857,2,19,0,18,0,0,0,4,0,0,1,1,1,1,48,8,2450,2,11,2,1,2
2018010140858,1,9,0,4,0,1,0,0,0,0,1,1,6,1,32,6,2199,1,23,6,1,6
2018010140859,1,11,0,18,0,0,0,0,0,0,0,1,1,1,31,6,5132,2,1,7,1,7
2018010140862,1,1,-1,-1,-1,0,-1,-1,-1,-1,1,1,2,1,23,5,-1,-1,-1,2,1,2
2018010140862,2,9,0,-1,-1,0,-1,-1,-1,-1,-1,-1,6,3,45,7,1598,1,5,2,1,2
2018010140862,3,20,0,-1,-1,0,-1,-1,-1,-1,0,-1,6,3,-1,-1,-1,-1,-1,-1,-1,-1
2018010140864,1,1,-1,-1,-1,-1,-1,-1,-1,-1,1,1,6,3,-1,-1,-1,-1,-1,-1,-1,-1
2018010140865,1,1,-1,-1,-1,-1,-1,-1,-1,-1,-1,1,2,2,28,6,-1,-1,-1,3,1,3
2018010140865,2,20,0,-1,-1,-1,-1,-1,-1,-1,-1,-1,6,3,35,6,-1,-1,-1,2,1,2
2018010140868,1,9,0,-1,-1,0,-1,-1,-1,-1,4,-1,6,2,33,6,1499,1,-1,5,1,5
2018010140868,2,1,-1,-1,-1,0,-1,-1,-1,-1,-1,1,6,1,-1,-1,-1,-1,-1,9,1,9
2018010140873,1,19,0,-1,-1,-1,-1,-1,-1,-1,2,-1,6,1,52,8,1996,2,7,2,1,2
2018010140873,2,11,-1,-1,-1,-1,-1,-1,-1,-1,-1,-1,6,3,-1,-1,6700,2,9,-1,-1,-1
2018010140882,1,1,-1,18,-1,0,-1,-1,-1,-1,-1,1,2,1,30,6,-1,-1,-1,5,1,5
2018010140882,2,9,0,-1,-1,0,-1,-1,-1,-1,1,-1,6,2,-1,-1,-1,-1,-1,-1,-1,-1
2018010140883,1,1,-1,-1,-1,0,-1,-1,-1,-1,1,1,2,2,32,6,-1,-1,-1,3,1,3
2018010140883,2,9,0,-1,0,0,0,0,0,0,3,-1,6,1,-1,-1,1339,8,9,4,2,4
2018010140890,1,9,0,9,0,2,0,0,0,0,1,1,2,1,41,7,1497,8,11,6,-1,6
2018010140890,2,1,0,18,0,1,0,0,0,0,1,1,2,1,42,7,-1,-1,-1,10,1,10
2018010140892,1,9,0,9,0,5,0,0,0,0,3,1,2,1,29,6,1797,8,4,3,1,3
2018010140892,2,3,0,14,0,8,0,0,0,0,1,1,1,1,45,7,125,1,-1,2,1,2
2018010140895,1,2,0,18,0,1,0,0,0,0,1,1,6,3,-1,-1,-1,-1,-1,-1,-1,-1
2018010140897,1,9,0,-1,-1,-1,-1,-1,-1,-1,3,-1,2,2,49,8,1395,1,-1,2,1,2
2018010140897,2,90,4,-1,-1,-1,-1,-1,-1,-1,4,-1,6,3,-1,-1,-1,-1,-1,-1,-1,-1
2018010140898,1,11,0,18,0,1,0,0,0,0,3,1,1,1,46,8,6700,2,7,4,1,4
2018010140900,1,9,0,9,0,8,0,0,0,0,3,1,6,1,50,8,1395,1,4,3,1,3
2018010140904,1,9,0,10,0,1,0,0,0,0,3,1,6,1,30,6,998,1,1,4,1,4
2018010140904,2,4,0,18,0,1,0,0,0,0,1,1,6,1,36,7,125,1,5,4,1,4
2018010140905,1,3,0,18,0,2,0,0,0,0,1,1,1,1,26,6,108,1,-1,3,1,3
2018010140905,2,9,0,3,0,2,0,0,0,0,2,1,6,2,63,9,1596,1,12,5,1,5
2018010140909,1,9,0,18,0,0,0,0,0,0,1,1,6,2,37,7,2776,2,14,6,1,6
2018010140911,1,19,0,-1,-1,-1,-1,-1,-1,-1,-1,-1,6,2,37,7,2198,2,4,6,1,6
2018010140911,2,9,0,-1,-1,-1,-1,-1,-1,-1,-1,-1,6,3,-1,-1,1560,2,4,-1,-1,-1
2018010140915,1,11,0,5,0,8,0,0,0,0,0,1,1,1,46,8,5132,2,1,4,1,4
2018010140917,1,9,0,9,0,6,0,0,0,0,1,1,6,3,-1,-1,-1,-1,-1,-1,-1,-1
2018010140917,2,9,0,18,0,1,0,10,0,0,2,1,6,2,84,11,1339,1,11,8,1,8
2018010140917,3,9,0,2,0,2,0,0,0,0,1,1,6,3,-1,-1,-1,-1,-1,-1,-1,-1
2018010140919,1,9,0,18,0,0,0,0,0,0,1,2,6,1,39,7,1896,2,13,2,1,2
2018010140919,2,3,0,18,0,0,5,0,0,0,1,1,6,1,27,6,108,1,6,2,1,2
2018010140920,1,9,0,5,0,0,0,0,0,0,1,1,6,2,34,6,1995,2,3,3,-1,3
2018010140923,1,9,0,18,0,0,0,0,0,0,1,1,6,2,26,6,1362,1,6,2,1,2
2018010140923,2,1,0,18,0,0,0,0,0,0,2,1,2,1,33,6,-1,-1,-1,5,1,5
2018010140924,1,19,0,-1,-1,0,-1,-1,-1,-1,2,-1,2,1,59,9,1870,2,15,4,3,4
2018010140925,1,9,0,-1,-1,0,-1,-1,-1,-1,-1,-1,2,2,21,5,1086,1,11,3,1,3
2018010140925,2,9,0,-1,-1,0,-1,-1,-1,-1,1,-1,6,3,-1,-1,1242,1,13,2,1,2
2018010140926,1,3,0,17,0,8,0,0,0,0,4,1,2,1,39,7,125,1,1,5,1,5
2018010140926,2,9,0,7,0,2,0,0,0,0,1,1,6,3,-1,-1,-1,-1,-1,-1,-1,-1
2018010140928,1,9,0,4,0,1,0,0,0,0,2,1,2,1,58,9,1969,8,2,-1,-1,-1
2018010140928,2,9,0,7,0,1,0,0,0,0,1,1,6,2,25,5,1560,2,5,6,2,6
2018010140930,1,9,0,13,0,2,0,0,0,0,4,1,6,1,51,8,2298,1,21,2,1,2
2018010140930,2,3,0,9,0,5,0,0,0,0,1,1,1,1,26,6,125,1,-1,2,1,2
2018010140931,1,9,0,7,0,0,0,0,0,0,1,1,6,1,42,7,2143,2,5,6,1,6
2018010140933,1,8,0,-1,-1,-1,-1,-1,-1,-1,-1,-1,6,1,62,9,2402,2,13,6,1,6
2018010140934,1,4,0,4,0,1,1,0,0,0,4,1,6,1,21,5,689,1,3,6,1,6
2018010140934,2,9,0,2,0,1,0,0,0,0,3,1,6,3,-1,-1,1798,8,3,-1,-1,-1
2018010140935,1,9,0,18,0,1,0,0,0,0,0,1,1,1,39,7,2993,2,2,-1,-1,-1
2018010140935,2,9,0,9,0,8,0,0,0,0,1,1,6,1,20,4,2143,2,5,4,1,4
2018010140937,1,10,0,-1,-1,-1,-1,-1,-1,-1,-1,-1,6,1,39,7,1968,2,7,5,1,5
2018010140937,2,9,-1,-1,-1,-1,-1,-1,-1,-1,-1,-1,6,3,-1,-1,1995,2,9,-1,-1,-1
2018010140938,1,8,0,-1,-1,-1,-1,-1,-1,-1,-1,-1,6,1,50,8,1798,8,1,3,1,3
2018010140938,2,8,0,-1,-1,-1,-1,-1,-1,-1,1,-1,6,3,-1,-1,2499,2,10,6,1,6
2018010140943,1,9,0,13,0,1,5,0,7,0,1,1,6,1,19,4,2993,2,-1,3,1,3
2018010140943,2,9,0,9,0,5,0,0,0,0,3,1,6,1,46,8,999,1,1,5,1,5
2018010140949,1,9,0,7,9,5,0,10,3,10,1,1,6,2,21,5,1390,1,9,-1,-1,-1
2018010140949,2,9,0,4,0,5,0,0,0,0,1,1,1,1,38,7,1995,2,2,3,1,3
2018010140951,1,9,0,18,0,4,2,11,0,0,1,1,6,1,26,6,1242,1,5,-1,-1,-1
2018010140958,1,9,0,9,0,0,0,0,0,0,3,1,2,1,38,7,2143,2,1,8,1,8
2018010140958,2,3,0,18,0,0,0,0,0,0,4,1,2,2,23,5,125,1,1,10,1,10
2018010140964,1,9,0,18,0,1,0,0,0,0,1,1,1,1,61,9,1796,1,15,2,1,2
2018010140964,2,9,0,16,0,1,0,0,0,0,1,1,1,1,38,7,278,1,3,7,1,7
2018010140967,1,9,0,9,0,1,0,0,0,0,3,1,1,1,41,7,1598,2,2,9,1,9
2018010140967,2,5,0,13,0,1,0,0,0,0,4,1,1,1,31,6,599,1,6,10,1,10
2018010140969,1,9,0,-1,-1,-1,-1,-1,-1,-1,-1,-1,6,2,34,6,1998,2,9,2,1,2
2018010140969,2,9,0,-1,-1,-1,-1,-1,-1,-1,-1,-1,6,3,72,10,2979,1,17,2,1,2
2018010140970,1,9,0,3,0,1,0,0,0,0,0,-1,6,2,36,7,1497,8,12,7,1,7
2018010140970,2,9,0,18,0,1,0,0,0,0,2,-1,6,1,44,7,2993,12,2,9,1,9
2018010140972,1,9,0,5,0,-1,0,0,3,0,1,-1,6,3,-1,-1,-1,-1,-1,-1,-1,-1
2018010140973,1,9,0,9,0,1,0,0,0,0,1,1,6,2,23,5,1591,1,9,3,1,3
2018010140973,2,5,0,18,0,1,0,0,0,0,4,1,6,1,31,6,600,1,14,-1,-1,-1
2018010140978,1,9,-1,-1,-1,0,-1,-1,-1,-1,-1,-1,6,1,41,7,1339,1,9,7,1,7
2018010140980,1,1,-1,-1,-1,-1,-1,-1,-1,-1,1,1,2,1,31,6,-1,-1,-1,3,1,3
2018010140980,2,9,0,-1,-1,-1,-1,-1,-1,-1,-1,-1,6,3,-1,-1,-1,-1,-1,-1,-1,-1
2018010140990,1,1,-1,18,-1,-1,-1,-1,-1,-1,-1,1,6,1,45,7,-1,-1,-1,3,1,3
2018010140990,2,9,-1,6,-1,-1,-1,-1,-1,-1,-1,-1,6,3,-1,-1,-1,-1,-1,-1,-1,-1
2018010141000,1,9,0,3,0,0,0,0,0,0,0,1,2,1,33,6,-1,-1,-1,7,1,7
2018010141000,2,9,0,3,0,0,0,0,0,0,2,1,6,1,50,8,2143,2,4,10,1,10
2018010141000,3,9,0,3,0,0,0,0,0,0,2,1,2,1,23,5,2967,2,3,10,1,10
2018010141000,4,9,0,3,0,0,0,0,0,0,2,1,1,1,55,8,-1,-1,-1,9,1,9
2018010141000,5,9,0,3,0,0,0,0,0,0,2,1,2,1,46,8,-1,-1,-1,9,1,9
2018010141000,6,9,0,3,0,0,0,0,0,0,1,1,2,1,31,6,1496,2,1,3,1,3
2018010141004,1,9,-1,-1,0,0,-1,0,-1,-1,4,-1,2,1,20,4,1242,1,10,7,1,7
2018010141004,2,17,-1,-1,0,0,-1,0,-1,-1,3,-1,6,1,56,9,1123,2,7,2,1,2
2018010141010,1,1,0,18,0,1,1,0,0,0,1,1,1,1,35,6,-1,-1,-1,4,1,4
2018010141010,2,1,0,9,0,1,1,0,0,0,1,1,1,1,26,6,-1,-1,-1,8,1,8
2018010141011,1,9,0,-1,-1,0,-1,-1,-1,-1,1,-1,6,3,-1,-1,-1,-1,-1,-1,-1,-1