Accident_Index,Vehicle_Reference,Vehicle_Type,Towing_and_Articulation,Vehicle_Manoeuvre,Vehicle_Location-Restricted_Lane,Junction_Location,Skidding_and_Overturning,Hit_Object_in_Carriageway,Vehicle_Leaving_Carriageway,Hit_Object_off_Carriageway,1st_Point_of_Impact,Was_Vehicle_Left_Hand_Drive?,Journey_Purpose_of_Driver,Sex_of_Driver,Age_of_Driver,Age_Band_of_Driver,Engine_Capacity_(CC),Propulsion_Code,Age_of_Vehicle,Driver_IMD_Decile,Driver_Home_Area_Type,Vehicle_IMD_Decile
2018010141012,1,8,0,-1,-1,-1,-1,-1,-1,-1,2,-1,6,3,-1,-1,1997,2,5,-1,-1,-1
2018010141016,1,9,0,18,0,1,0,0,0,0,0,1,6,1,36,7,1598,1,10,3,1,3
2018010141016,2,3,0,18,0,1,0,0,0,0,0,1,1,1,36,7,108,1,1,2,1,2
2018010141018,1,9,0,18,0,0,2,0,0,0,3,1,6,2,73,10,2835,2,19,3,1,3
2018010141019,1,9,0,-1,-1,-1,-1,-1,-1,-1,2,-1,6,2,26,6,1499,1,3,6,1,6
2018010141023,1,1,0,18,0,8,5,0,0,0,0,1,6,1,53,8,-1,-1,-1,1,1,1
2018010141023,2,9,-1,7,0,8,-1,0,0,0,-1,-1,6,1,-1,-1,1364,1,3,4,1,4
2018010141030,1,3,0,-1,0,0,0,0,0,0,2,1,6,2,32,6,108,1,5,3,1,3
2018010141030,2,11,0,-1,0,0,0,0,0,0,1,1,1,2,25,5,5132,2,1,2,1,2
2018010141032,1,19,0,5,0,1,0,0,0,0,4,1,1,1,36,7,1995,2,8,7,1,7
2018010141033,1,11,0,5,0,2,0,0,0,0,0,1,1,1,21,5,-1,-1,-1,2,1,2
2018010141035,1,1,0,-1,0,1,0,0,0,0,2,1,2,1,30,6,-1,-1,-1,10,1,10
2018010141035,2,9,0,-1,0,1,0,0,0,0,1,-1,6,3,41,7,2493,8,4,8,1,8
2018010141037,1,9,0,9,0,2,0,0,0,0,1,1,1,1,50,8,2982,2,6,8,1,8
2018010141046,1,3,0,-1,-1,-1,-1,-1,-1,-1,1,1,6,1,34,6,123,1,11,10,1,10
2018010141046,2,9,0,-1,-1,-1,-1,-1,-1,-1,1,-1,6,3,-1,-1,1991,1,2,-1,-1,-1
2018010141047,1,9,0,-1,-1,-1,-1,-1,-1,-1,4,-1,6,2,54,8,1998,1,9,2,1,2
2018010141047,2,9,0,-1,-1,-1,-1,-1,-1,-1,1,-1,6,3,-1,-1,1242,1,10,2,1,2
2018010141050,1,2,0,15,0,8,0,0,0,0,3,1,6,1,53,8,124,1,12,3,1,3
2018010141050,2,9,0,9,0,6,0,0,0,0,1,1,6,1,82,11,1598,1,4,3,1,3
2018010141052,1,9,0,9,6,1,0,0,0,0,1,1,3,1,45,7,-1,-1,-1,2,1,2
2018010141053,1,9,0,18,0,1,0,0,0,0,4,1,1,1,18,4,998,1,16,5,1,5
2018010141053,2,9,0,9,0,6,0,0,0,0,3,1,6,2,23,5,1248,2,6,7,1,7
2018010141054,1,9,0,4,0,1,0,0,0,0,2,-1,6,2,36,7,1200,1,1,6,1,6
2018010141054,2,9,0,-1,0,1,0,0,0,0,1,-1,6,1,-1,-1,-1,-1,-1,-1,-1,-1
2018010141055,1,9,0,18,0,0,0,0,0,0,1,1,6,2,90,11,1364,1,11,7,1,7
2018010141055,2,1,0,18,0,0,0,0,0,0,2,1,6,1,70,10,-1,-1,-1,8,1,8
2018010141057,1,11,0,18,0,1,0,0,0,0,0,1,1,1,62,9,4500,2,-1,3,1,3
2018010141057,2,9,0,7,0,1,0,0,0,0,0,1,6,1,24,5,1242,1,2,9,1,9
2018010141068,1,9,0,12,0,8,0,0,0,0,3,1,6,1,41,7,2143,2,1,5,1,5
2018010141068,2,21,0,17,0,8,0,0,0,0,1,1,1,1,33,6,10837,2,3,5,3,5
2018010141070,1,9,0,5,0,0,0,0,0,0,1,1,6,1,19,4,1956,2,7,3,1,3
2018010141070,2,9,0,4,0,0,0,0,0,0,1,1,1,1,38,7,1498,1,-1,4,1,4
2018010141070,3,9,0,2,0,0,0,0,0,0,1,1,6,3,-1,-1,1968,2,5,-1,-1,-1
2018010141073,1,9,0,3,0,1,0,0,0,0,4,1,6,1,46,8,-1,-1,-1,8,1,8
2018010141073,2,19,0,15,0,1,0,0,0,0,3,2,6,1,62,9,2286,2,13,2,1,2
2018010141075,1,9,0,-1,-1,-1,-1,-1,-1,-1,2,-1,2,1,24,5,1896,2,10,2,1,2
2018010141075,2,9,0,-1,-1,-1,-1,-1,-1,-1,1,-1,6,3,28,6,1339,8,8,-1,-1,-1
2018010141086,1,9,0,-1,-1,0,-1,-1,-1,-1,2,-1,6,2,34,6,1699,1,12,5,1,5
2018010141086,2,9,0,-1,-1,0,-1,-1,-1,-1,1,-1,6,3,-1,-1,1149,1,15,-1,-1,-1
2018010141089,1,2,0,3,0,1,0,0,0,0,2,1,6,1,42,7,124,1,4,1,1,1
2018010141089,2,19,0,5,0,1,0,0,0,0,1,1,2,1,32,6,1998,2,16,7,1,7
2018010141093,1,90,0,-1,0,1,0,0,0,0,1,-1,6,1,23,5,-1,-1,-1,3,1,3
2018010141093,2,1,0,-1,0,2,0,0,0,0,1,1,6,2,-1,-1,-1,-1,-1,5,1,5
2018010141094,1,9,0,-1,-1,-1,-1,-1,-1,-1,-1,-1,2,2,45,7,1998,1,16,2,1,2
2018010141094,2,9,0,-1,-1,-1,-1,0,-1,-1,-1,-1,6,3,-1,-1,-1,-1,-1,-1,-1,-1
2018010141097,1,9,-1,-1,-1,-1,-1,-1,-1,-1,-1,-1,6,2,-1,-1,1798,1,10,-1,-1,-1
2018010141098,1,1,0,18,0,2,1,0,0,0,1,1,2,1,21,5,-1,-1,-1,2,1,2
2018010141098,2,9,0,13,0,1,0,0,0,0,1,1,6,3,-1,-1,998,1,8,5,3,5
2018010141103,1,3,0,-1,-1,-1,-1,-1,-1,-1,-1,1,6,1,35,6,124,1,9,6,1,6
2018010141106,1,1,0,14,0,0,0,12,0,0,1,1,6,3,37,7,-1,-1,-1,-1,-1,-1
2018010141107,1,9,0,5,0,1,0,0,0,0,1,1,6,1,20,4,1956,2,4,6,1,6
2018010141107,2,1,0,4,0,1,0,0,0,0,2,1,6,1,49,8,-1,-1,-1,6,1,6
2018010141110,1,21,1,18,0,0,0,0,0,0,1,1,1,1,55,8,12419,2,3,2,1,2
2018010141110,2,9,0,18,0,0,1,0,0,0,2,1,6,1,38,7,1968,2,4,6,3,6
2018010141112,1,1,-1,-1,-1,-1,-1,-1,-1,-1,1,1,6,1,20,4,-1,-1,-1,2,1,2
2018010141112,2,9,0,-1,-1,-1,-1,-1,-1,-1,-1,-1,6,3,-1,-1,-1,-1,-1,-1,-1,-1
2018010141115,1,3,0,14,0,1,0,0,0,0,1,1,6,1,25,5,125,1,6,3,1,3
2018010141115,2,1,0,5,0,1,0,0,0,0,3,1,6,1,21,5,-1,-1,-1,2,1,2
2018010141116,1,9,0,4,0,0,0,0,0,0,2,1,6,2,53,8,2996,1,11,9,3,9
2018010141116,2,9,0,4,0,0,0,0,0,0,2,1,2,2,26,6,1598,2,6,-1,1,-1
2018010141116,3,9,0,4,0,0,0,0,0,0,1,1,2,1,34,6,1995,2,3,-1,-1,-1
2018010141117,1,9,0,9,0,5,0,0,7,10,4,1,2,1,17,4,1999,2,-1,7,1,7
2018010141117,2,1,0,18,0,2,1,0,0,0,1,1,6,1,30,6,-1,-1,-1,8,1,8
2018010141119,1,9,0,18,0,8,0,0,0,0,1,2,6,1,25,5,1587,1,16,3,1,3
2018010141119,2,8,0,18,0,8,0,0,0,0,1,1,1,1,57,9,1956,2,1,7,1,7
2018010141120,1,9,0,18,0,1,0,8,0,0,4,1,2,1,43,7,-1,-1,-1,6,1,6
2018010141120,2,1,0,14,0,1,0,8,0,0,4,1,2,1,52,8,-1,-1,-1,7,1,7
2018010141123,1,9,0,18,0,2,5,0,0,0,1,1,2,1,60,9,-1,-1,-1,5,1,5
2018010141123,2,19,0,12,0,2,0,0,0,0,2,1,2,1,48,8,1598,2,2,7,1,7
2018010141125,1,8,0,6,0,0,0,0,0,0,4,1,6,1,64,9,2776,2,3,5,1,5
2018010141125,2,3,0,5,0,0,0,0,0,0,1,1,6,1,28,6,114,1,4,6,1,6
2018010141126,1,5,0,18,0,0,0,0,0,0,4,1,6,1,35,6,599,1,5,8,1,8
2018010141126,2,9,0,12,0,0,0,0,0,0,3,1,6,3,-1,-1,-1,-1,-1,-1,-1,-1
2018010141126,3,9,0,18,0,0,0,0,0,0,4,1,2,1,46,8,1598,2,-1,10,1,10
2018010141126,4,9,0,18,0,0,0,0,0,0,0,1,1,2,32,6,1398,1,7,8,1,8
2018010141127,1,9,0,-1,-1,0,-1,-1,-1,-1,2,-1,2,1,33,6,1596,1,13,1,1,1
2018010141127,2,19,-1,18,-1,0,-1,-1,-1,-1,-1,1,1,1,51,8,-1,-1,-1,3,1,3
2018010141130,1,9,0,18,0,2,0,0,0,0,4,1,6,3,-1,-1,-1,-1,-1,-1,-1,-1
2018010141130,2,1,0,18,0,2,0,0,0,0,3,1,2,1,54,8,-1,-1,-1,3,1,3
2018010141131,1,1,0,18,0,2,0,0,0,0,1,1,2,1,52,8,-1,-1,-1,6,1,6
2018010141133,1,9,0,18,0,1,0,0,0,0,3,1,2,1,41,7,1686,2,16,-1,-1,-1
2018010141134,1,9,0,4,0,0,0,0,0,0,1,1,6,1,-1,-1,998,1,-1,3,1,3
2018010141134,2,9,0,4,0,0,0,0,0,0,2,1,6,1,57,9,1798,8,3,-1,-1,-1
2018010141134,3,9,0,18,0,0,0,0,0,0,1,1,6,1,23,5,1390,1,13,5,1,5
2018010141134,4,11,0,2,0,0,0,0,0,0,3,1,6,3,-1,-1,6700,2,2,-1,-1,-1
2018010141135,1,9,0,5,0,5,0,7,0,0,1,1,6,2,20,4,1242,1,4,3,1,3
2018010141138,1,9,0,9,0,5,0,0,0,0,1,1,6,1,28,6,2793,1,19,6,1,6
2018010141138,2,3,0,18,0,1,0,0,0,0,4,1,2,1,26,6,124,1,1,7,1,7
2018010141139,1,9,0,18,0,0,0,10,0,0,1,1,6,1,21,5,998,1,5,2,1,2
2018010141141,1,5,0,9,9,5,2,0,0,0,3,1,1,1,46,8,124,1,8,5,1,5
2018010141141,2,90,0,18,0,2,0,0,0,0,0,1,1,1,-1,-1,-1,-1,-1,-1,-1,-1
2018010141142,1,3,0,18,0,0,0,0,0,0,1,1,6,1,53,8,-1,-1,-1,2,1,2
2018010141148,1,9,0,-1,-1,-1,-1,-1,-1,-1,1,-1,2,2,39,7,3498,1,9,2,1,2
2018010141148,2,9,0,-1,-1,-1,-1,-1,-1,-1,2,-1,6,3,-1,-1,-1,-1,-1,-1,-1,-1
2018010141153,1,4,0,-1,-1,-1,-1,-1,-1,-1,1,1,6,1,25,5,-1,-1,-1,3,1,3
2018010141153,2,9,0,-1,-1,-1,-1,-1,-1,-1,-1,-1,6,3,-1,-1,-1,-1,-1,-1,-1,-1
2018010141156,1,9,0,18,0,8,0,0,0,0,1,1,6,1,23,5,1598,1,10,-1,-1,-1
2018010141156,2,9,0,18,0,8,0,0,0,0,4,1,6,1,22,5,1995,2,1,2,1,2
2018010141156,3,19,0,18,0,1,0,0,0,0,0,1,1,2,28,6,-1,-1,-1,-1,-1,-1
2018010141158,1,9,0,2,0,1,0,0,0,0,3,1,6,3,-1,-1,1798,1,13,-1,-1,-1
2018010141158,2,9,0,2,0,1,0,0,0,0,3,1,6,3,-1,-1,1598,1,11,-1,-1,-1
2018010141158,3,9,0,2,0,1,0,0,0,0,1,1,6,3,-1,-1,1900,2,12,-1,-1,-1
2018010141158,4,9,0,18,0,1,5,4,0,0,1,1,6,2,30,6,1595,1,1,2,1,2
2018010141160,1,11,0,18,0,2,0,0,0,0,1,1,1,1,30,6,9360,2,7,5,1,5
2018010141160,2,9,0,7,0,2,0,0,0,0,1,1,6,3,-1,-1,1598,1,9,3,1,3
2018010141161,1,9,0,18,0,8,5,0,4,0,3,1,6,1,32,6,999,1,6,2,1,2
2018010141161,2,9,0,18,0,1,0,0,1,0,1,1,6,2,47,8,1994,1,15,3,1,3
2018010141167,1,9,0,4,0,1,0,12,0,0,1,1,2,2,53,8,1596,1,7,4,1,4
2018010141170,1,9,0,18,0,1,0,0,0,0,3,1,2,1,42,7,1998,1,7,8,1,8
2018010141170,2,9,0,18,0,1,0,0,0,0,1,1,2,1,34,6,-1,-1,-1,3,1,3
2018010141170,3,9,0,18,0,2,0,0,0,0,3,1,2,1,30,6,1582,2,7,7,1,7
2018010141172,1,9,0,3,0,0,0,0,0,0,2,-1,6,1,28,6,1598,2,8,6,1,6
2018010141173,1,9,0,18,0,2,5,0,0,0,1,1,6,1,33,6,1386,1,15,3,1,3
2018010141176,1,19,0,18,0,8,0,0,0,0,1,1,2,1,52,8,2151,2,15,1,1,1
2018010141176,2,9,0,3,0,8,0,0,0,0,2,1,2,2,29,6,1956,2,1,10,1,10
2018010141178,1,9,0,-1,-1,0,-1,-1,-1,-1,2,-1,6,1,32,6,2143,2,5,8,1,8
2018010141178,2,90,0,-1,-1,0,-1,-1,-1,-1,1,-1,6,3,-1,-1,-1,-1,-1,5,1,5
2018010141179,1,9,0,9,0,8,0,0,0,0,4,1,1,1,46,8,1797,8,7,7,1,7
2018010141179,2,1,0,18,0,1,0,0,0,0,1,1,2,1,38,7,-1,-1,-1,10,1,10
2018010141180,1,5,0,18,0,2,1,0,0,0,0,1,1,1,55,8,599,1,19,7,1,7
2018010141180,2,9,0,5,0,1,0,0,0,0,0,1,6,1,37,7,1598,1,12,4,1,4
2018010141183,1,9,-1,-1,-1,8,-1,-1,-1,-1,-1,-1,6,1,36,7,1950,2,2,-1,-1,-1
2018010141183,2,19,-1,-1,-1,-1,-1,-1,-1,-1,-1,-1,6,3,-1,-1,-1,-1,-1,-1,-1,-1
2018010141192,1,3,0,-1,0,0,0,-1,-1,0,-1,1,6,1,-1,-1,-1,-1,-1,-1,-1,-1
2018010141192,2,1,0,-1,0,0,0,-1,0,0,-1,1,6,2,26,6,-1,-1,-1,3,1,3
2018010141193,1,3,0,4,0,1,-1,-1,-1,-1,2,1,6,1,32,6,124,1,12,2,1,2
2018010141193,2,9,-1,-1,-1,-1,-1,-1,-1,-1,-1,-1,6,3,-1,-1,2996,8,1,3,1,3
2018010141209,1,9,0,18,0,0,0,10,0,0,4,1,1,1,36,7,1560,2,4,2,1,2
2018010141210,1,11,-1,18,-1,-1,-1,0,-1,0,0,1,1,1,36,7,-1,-1,-1,2,1,2
2018010141214,1,1,0,4,0,1,0,0,0,0,1,1,6,1,16,4,-1,-1,-1,1,1,1
2018010141215,1,9,-1,18,0,1,0,0,0,0,2,-1,6,1,48,8,-1,-1,-1,9,1,9
2018010141221,1,11,0,5,0,0,0,0,0,0,0,1,1,2,57,9,5132,2,1,3,1,3
2018010141222,1,19,0,18,0,1,0,0,1,0,2,1,2,1,23,5,2198,2,6,7,1,7
2018010141222,2,19,0,18,0,1,1,4,0,0,1,1,2,1,33,6,2143,2,5,3,1,3
2018010141225,1,20,0,11,0,0,0,0,0,0,1,1,1,1,34,6,4461,2,6,-1,-1,-1
2018010141225,2,9,0,18,0,0,0,0,0,0,2,1,1,1,46,8,1968,2,5,-1,-1,-1
2018010141225,3,9,0,18,0,0,0,0,0,0,3,1,1,1,45,7,1997,2,1,2,1,2
2018010141226,1,9,0,18,0,1,0,0,0,0,3,1,6,1,68,10,1395,1,-1,-1,-1,-1
2018010141226,2,1,0,7,0,1,0,0,0,0,1,1,6,1,-1,-1,-1,-1,-1,-1,-1,-1
2018010141227,1,10,0,3,0,1,0,0,0,0,2,1,1,1,38,7,2198,2,4,4,1,4
2018010141227,2,9,0,3,0,1,0,0,0,0,2,1,6,2,29,6,1399,2,16,2,1,2
2018010141227,3,9,0,18,0,1,0,0,0,0,1,1,6,3,-1,-1,1798,8,5,-1,-1,-1
2018010141229,1,1,-1,-1,-1,-1,-1,-1,-1,-1,-1,1,2,1,49,8,-1,-1,-1,6,1,6
2018010141229,2,9,0,-1,-1,-1,-1,-1,-1,-1,1,-1,6,3,-1,-1,-1,-1,-1,-1,-1,-1
2018010141235,1,9,0,-1,-1,-1,-1,-1,-1,-1,-1,-1,6,1,-1,-1,1984,1,1,2,1,2
2018010141235,2,9,0,-1,-1,-1,-1,-1,-1,-1,1,-1,6,3,-1,-1,1995,2,14,5,1,5
2018010141243,1,9,0,9,0,1,0,0,0,0,4,1,6,1,71,10,1560,2,3,7,3,7
2018010141243,2,9,0,18,0,1,0,0,0,0,1,1,6,1,47,8,1499,2,1,4,1,4
2018010141245,1,19,0,18,0,-1,0,7,0,0,1,-1,6,1,32,6,1995,2,-1,6,1,6
2018010141247,1,9,0,18,0,0,0,0,0,0,1,1,6,1,32,6,-1,-1,-1,6,1,6
2018010141255,1,9,0,18,0,1,0,0,0,0,1,1,6,2,85,11,1242,1,4,9,1,9
2018010141255,2,9,0,10,0,1,0,0,0,0,1,1,6,2,42,7,-1,-1,-1,9,1,9
2018010141255,3,9,0,10,0,1,0,0,1,0,2,1,6,1,58,9,1200,1,1,6,1,6
2018010141259,1,3,0,18,0,8,0,0,0,0,1,1,6,1,32,6,125,1,-1,8,1,8
2018010141262,1,8,0,-1,-1,-1,-1,-1,-1,-1,2,-1,6,1,48,8,1798,8,4,4,1,4
2018010141262,2,9,0,-1,-1,-1,-1,-1,-1,-1,1,-1,6,3,-1,-1,-1,-1,-1,-1,-1,-1
2018010141263,1,19,0,10,0,6,0,0,0,0,1,1,1,1,45,7,2198,2,4,3,1,3
2018010141263,2,1,0,18,0,1,0,0,0,0,4,1,6,1,53,8,-1,-1,-1,2,1,2
2018010141264,1,3,0,14,0,2,0,0,0,0,4,1,2,1,30,6,125,1,2,4,1,4
2018010141266,1,19,0,18,0,1,0,0,0,0,3,1,1,1,29,6,1997,2,9,4,1,4
2018010141266,2,9,0,18,0,1,0,0,0,0,4,1,6,1,31,6,1950,2,1,2,1,2
2018010141266,3,3,0,18,0,1,0,0,1,0,4,1,6,1,18,4,124,1,4,-1,-1,-1
2018010141268,1,19,0,-1,-1,0,-1,-1,-1,-1,2,-1,6,1,29,6,1248,2,4,2,1,2
2018010141270,1,9,0,-1,-1,-1,-1,-1,-1,-1,2,-1,6,1,53,8,1560,2,2,8,3,8
2018010141270,2,90,0,-1,-1,-1,-1,-1,-1,-1,1,-1,6,3,-1,-1,-1,-1,-1,1,1,1
2018010141270,3,90,-1,-1,-1,-1,-1,-1,-1,-1,2,-1,6,3,-1,-1,10677,2,1,7,1,7
2018010141273,1,9,0,-1,-1,-1,-1,-1,-1,-1,-1,-1,6,1,32,6,2143,2,7,4,-1,4
2018010141273,2,90,0,-1,-1,-1,-1,-1,-1,-1,1,-1,6,3,-1,-1,-1,-1,-1,6,1,6
2018010141275,1,1,-1,18,0,1,-1,-1,-1,-1,-1,1,6,2,40,7,-1,-1,-1,3,1,3
2018010141275,2,9,-1,7,-1,1,-1,-1,-1,-1,-1,-1,6,3,22,5,1995,2,2,8,1,8
2018010141276,1,9,0,-1,-1,0,-1,-1,-1,-1,2,-1,6,2,31,6,-1,-1,-1,4,1,4
2018010141276,2,9,0,-1,-1,0,-1,-1,-1,-1,1,-1,6,3,-1,-1,1596,1,10,-1,-1,-1
2018010141281,1,9,0,-1,-1,-1,-1,-1,-1,-1,2,-1,2,1,28,6,1995,2,3,-1,-1,-1
2018010141281,2,9,0,-1,-1,-1,-1,-1,-1,-1,1,-1,6,3,-1,-1,1360,1,18,1,1,1
2018010141282,1,8,0,18,0,1,0,0,0,0,1,1,6,3,-1,-1,1997,2,2,8,1,8
2018010141283,1,5,0,18,0,2,0,0,0,0,4,1,2,1,40,7,600,1,13,5,1,5
2018010141283,2,9,0,9,0,1,0,0,0,0,3,1,2,1,28,6,-1,-1,-1,3,1,3
2018010141290,1,5,0,15,0,8,0,0,0,0,1,1,6,1,37,7,645,1,3,5,1,5
2018010141295,1,9,0,-1,-1,-1,-1,-1,-1,-1,2,-1,6,1,49,8,1997,1,10,3,1,3
2018010141295,2,9,0,-1,-1,-1,-1,-1,-1,-1,1,1,6,1,-1,-1,1797,8,7,7,1,7
2018010141297,1,1,-1,-1,-1,-1,-1,-1,-1,-1,1,1,6,3,-1,-1,-1,-1,-1,-1,-1,-1
2018010141298,1,3,0,-1,-1,-1,-1,-1,-1,-1,-1,1,6,2,18,4,124,1,2,2,1,2
2018010141298,2,9,0,-1,-1,-1,-1,-1,-1,-1,1,-1,6,3,45,7,1598,1,16,4,1,4
2018010141300,1,9,0,18,0,0,1,0,0,0,1,1,6,1,20,4,1984,1,1,4,1,4
2018010141300,2,9,0,4,0,0,0,0,0,0,2,1,6,1,31,6,5461,1,4,2,1,2
2018010141300,3,8,0,4,0,0,0,0,0,0,2,1,1,1,64,9,1896,2,9,2,1,2
2018010141300,4,9,0,18,0,0,0,0,0,0,0,1,6,1,22,5,2993,2,3,4,1,4
2018010141301,1,9,0,18,0,1,0,0,0,0,4,1,6,1,35,6,1790,8,7,2,1,2
2018010141301,2,9,0,9,0,6,0,0,0,0,1,1,6,1,39,7,999,1,-1,3,1,3
2018010141302,1,1,-1,-1,-1,-1,-1,-1,-1,-1,-1,1,2,1,40,7,-1,-1,-1,6,1,6
2018010141302,2,9,0,-1,-1,-1,-1,-1,-1,-1,-1,-1,6,3,-1,-1,1969,2,-1,-1,-1,-1
2018010141304,1,9,0,5,0,4,0,0,0,0,3,1,6,1,36,7,1995,2,-1,8,1,8
2018010141304,2,1,0,18,0,3,0,0,0,0,1,1,2,1,40,7,-1,-1,-1,3,1,3
2018010141306,1,9,0,3,0,1,0,0,0,0,2,1,6,2,38,7,1995,2,7,6,1,6
2018010141306,2,8,0,3,0,1,0,0,0,0,1,1,1,1,41,7,1798,8,1,7,1,7
2018010141307,1,9,0,7,0,2,0,0,0,0,0,1,1,1,30,6,-1,-1,-1,3,1,3
2018010141307,2,1,0,18,4,1,1,10,1,2,0,1,6,1,25,5,-1,-1,-1,2,1,2
2018010141309,1,9,0,4,0,8,0,0,0,0,0,1,6,1,69,10,2143,2,-1,2,1,2
2018010141309,2,9,0,4,0,2,0,0,0,0,2,1,1,1,32,6,2198,1,10,4,1,4
2018010141309,3,9,0,4,0,1,0,4,0,0,1,1,6,1,26,6,1986,2,11,6,1,6
2018010141310,1,9,0,3,0,2,0,0,0,0,2,1,6,2,41,7,1240,1,12,2,1,2
2018010141310,2,9,0,9,0,1,0,0,0,0,2,1,6,2,34,6,-1,-1,-1,2,1,2
2018010141311,1,11,0,5,0,3,0,0,0,0,0,1,1,1,44,7,4500,2,2,4,1,4
2018010141314,1,2,0,18,0,2,0,0,0,0,1,1,6,3,-1,-1,-1,-1,-1,-1,-1,-1
2018010141315,1,9,0,9,0,6,0,0,0,0,1,1,6,1,65,9,1969,1,2,4,1,4
2018010141315,2,9,0,18,0,1,0,0,0,0,1,1,6,1,22,5,1995,2,6,2,1,2
2018010141317,1,5,0,18,0,1,0,4,0,0,4,1,2,1,46,8,999,1,11,4,1,4
2018010141317,2,9,0,3,0,1,0,8,0,0,3,1,6,1,34,6,1597,1,8,4,1,4
2018010141318,1,8,0,9,0,1,0,0,0,0,1,1,6,1,50,8,-1,-1,-1,3,1,3
2018010141318,2,1,0,4,0,2,2,0,0,0,1,1,1,2,33,6,-1,-1,-1,4,1,4
2018010141319,1,9,0,-1,-1,-1,-1,-1,-1,-1,2,-1,6,2,27,6,1596,1,14,1,1,1
2018010141319,2,9,-1,18,-1,-1,-1,12,-1,-1,-1,-1,6,1,52,8,1896,2,14,2,1,2
2018010141320,1,9,0,9,0,5,0,0,0,0,3,1,6,1,17,4,-1,-1,-1,-1,-1,-1
2018010141320,2,1,0,18,0,1,0,0,1,0,3,1,6,1,50,8,-1,-1,-1,2,1,2
2018010141322,1,9,0,18,0,1,0,0,0,0,1,1,6,1,30,6,1364,1,1,6,1,6
2018010141322,2,1,0,12,9,6,0,0,0,0,1,1,2,1,29,6,-1,-1,-1,2,1,2
2018010141323,1,9,0,18,0,0,0,0,0,0,1,1,6,1,32,6,1242,1,1,4,1,4
2018010141323,2,9,0,4,0,0,0,0,0,0,2,1,6,2,56,9,1197,1,1,5,1,5
2018010141323,3,9,0,4,0,0,0,0,0,0,2,1,6,2,50,8,1339,8,8,3,1,3
2018010141325,1,9,0,18,0,1,0,0,0,0,1,1,6,1,-1,-1,-1,-1,-1,-1,-1,-1
2018010141326,1,9,0,7,0,2,0,0,0,0,3,1,4,1,62,9,2987,2,11,10,1,10
2018010141326,2,5,0,18,0,1,1,0,0,0,1,1,2,1,28,6,599,1,16,9,1,9
2018010141330,1,9,0,9,0,8,0,0,0,0,1,1,6,2,32,6,1968,2,3,10,1,10
2018010141330,2,1,0,18,0,8,0,0,0,0,1,1,6,1,39,7,-1,-1,-1,-1,-1,-1
2018010141334,1,9,0,7,0,6,0,0,0,0,1,1,2,2,63,9,1797,8,4,6,1,6
2018010141334,2,1,0,18,0,1,0,0,0,0,4,1,2,1,25,5,-1,-1,-1,3,1,3
2018010141335,1,1,0,7,0,8,2,0,0,0,4,1,6,1,65,9,-1,-1,-1,9,1,9
2018010141339,1,9,0,18,0,1,0,4,0,0,4,1,6,2,28,6,1199,1,18,3,1,3
2018010141339,2,9,0,2,0,1,0,0,0,0,4,1,6,3,-1,-1,2993,2,6,-1,-1,-1
2018010141343,1,9,0,-1,-1,0,-1,-1,-1,-1,2,-1,6,2,42,7,2000,1,13,3,1,3
2018010141343,2,19,0,-1,-1,0,-1,-1,-1,-1,1,-1,6,3,-1,-1,2151,2,16,-1,-1,-1
2018010141344,1,9,0,-1,-1,-1,-1,-1,-1,-1,-1,-1,6,1,23,5,2000,2,8,2,1,2
2018010141345,1,9,0,18,0,1,0,0,0,0,1,1,6,1,30,6,1796,1,4,5,1,5
2018010141348,1,2,0,18,0,0,0,0,0,0,3,1,6,1,22,5,50,1,1,4,1,4
2018010141348,2,9,0,18,0,0,0,0,0,0,4,1,6,2,30,6,1197,1,2,5,1,5
2018010141349,1,8,0,18,0,1,0,0,0,0,1,1,1,1,51,8,1997,2,1,3,1,3
2018010141351,1,9,0,14,0,1,0,0,0,0,4,1,2,1,36,7,1339,8,8,-1,-1,-1
2018010141353,1,9,0,3,0,1,0,0,0,0,2,1,6,1,29,6,2996,2,9,1,1,1
2018010141353,2,19,0,18,0,2,0,4,0,0,1,1,6,1,65,9,1997,2,2,5,1,5
2018010141354,1,5,0,18,0,8,0,0,0,0,1,1,1,1,43,7,798,1,2,4,1,4
2018010141354,2,1,0,18,0,8,0,0,0,0,2,1,6,1,26,6,-1,-1,-1,2,1,2
2018010141355,1,19,0,9,0,2,0,0,0,0,1,1,6,1,29,6,2148,2,13,1,1,1
2018010141355,2,11,0,18,0,1,0,0,0,0,1,1,1,1,53,8,4500,2,-1,9,1,9
2018010141363,1,9,0,18,0,0,0,0,0,0,1,1,6,1,26,6,2143,2,-1,3,1,3
2018010141363,2,9,0,9,0,0,0,0,1,0,4,1,6,2,25,5,1598,2,-1,1,1,1
2018010141368,1,9,0,-1,0,1,0,0,0,0,1,-1,6,1,53,8,1395,1,-1,9,1,9
2018010141368,2,9,0,-1,0,1,0,0,0,0,4,-1,6,1,-1,-1,-1,-1,-1,8,1,8
2018010141375,1,9,0,-1,0,1,0,0,0,0,2,-1,6,1,42,7,1798,8,2,3,1,3
2018010141375,2,9,-1,-1,-1,1,-1,0,0,0,1,-1,6,3,-1,-1,-1,-1,-1,-1,-1,-1
2018010141376,1,9,0,9,0,5,0,0,0,0,4,1,6,1,40,7,1997,2,6,2,1,2
2018010141376,2,1,0,18,0,1,0,0,0,0,1,1,6,1,32,6,-1,-1,-1,1,1,1
2018010141379,1,9,0,18,0,1,0,0,0,0,1,1,6,1,49,8,2171,1,15,4,1,4
2018010141385,1,9,0,9,0,1,0,0,0,0,1,1,6,2,46,8,1197,1,3,-1,-1,-1