Accident_Index,Vehicle_Reference,Vehicle_Type,Towing_and_Articulation,Vehicle_Manoeuvre,Vehicle_Location-Restricted_Lane,Junction_Location,Skidding_and_Overturning,Hit_Object_in_Carriageway,Vehicle_Leaving_Carriageway,Hit_Object_off_Carriageway,1st_Point_of_Impact,Was_Vehicle_Left_Hand_Drive?,Journey_Purpose_of_Driver,Sex_of_Driver,Age_of_Driver,Age_Band_of_Driver,Engine_Capacity_(CC),Propulsion_Code,Age_of_Vehicle,Driver_IMD_Decile,Driver_Home_Area_Type,Vehicle_IMD_Decile
2018010141386,1,11,5,4,0,0,0,0,0,0,1,1,6,1,54,8,6700,2,7,2,1,2
2018010141387,1,19,0,18,0,1,0,0,0,0,1,1,1,1,54,8,1997,2,1,3,1,3
2018010141398,1,19,0,11,7,8,0,0,0,0,1,1,1,1,42,7,1598,2,3,10,1,10
2018010141398,2,5,0,15,9,6,0,0,2,10,0,1,2,1,23,5,599,1,12,4,1,4
2018010141403,1,9,0,5,0,1,0,0,0,0,-1,-1,1,1,40,7,-1,-1,-1,4,1,4
2018010141403,2,9,0,15,0,1,0,0,0,0,-1,-1,6,3,-1,-1,-1,-1,-1,-1,-1,-1
2018010141404,1,1,-1,-1,-1,-1,-1,-1,-1,-1,-1,1,2,1,34,6,-1,-1,-1,4,1,4
2018010141404,2,9,0,-1,-1,-1,-1,-1,-1,-1,-1,-1,6,3,-1,-1,1796,1,11,-1,-1,-1
2018010141407,1,9,0,5,0,8,0,0,0,0,3,1,6,2,26,6,1595,2,8,-1,-1,-1
2018010141407,2,9,0,18,0,8,0,0,0,0,1,1,6,1,58,9,2987,2,8,2,1,2
2018010141409,1,9,-1,18,-1,-1,-1,-1,-1,-1,2,-1,6,2,27,6,-1,-1,-1,8,1,8
2018010141409,2,9,-1,18,0,-1,-1,-1,-1,-1,1,-1,6,2,-1,-1,1246,1,14,2,1,2
2018010141410,1,8,0,9,0,1,0,0,1,0,1,1,1,1,43,7,2499,2,11,8,1,8
2018010141410,2,1,0,18,0,1,0,0,0,0,1,1,1,1,31,6,-1,-1,-1,7,1,7
2018010141417,1,2,0,18,0,2,0,0,0,0,1,1,2,2,48,8,124,1,4,9,1,9
2018010141419,1,1,-1,-1,-1,-1,-1,-1,-1,-1,1,1,2,1,33,6,-1,-1,-1,3,1,3
2018010141419,2,9,0,-1,-1,-1,-1,-1,-1,-1,1,-1,6,3,-1,-1,-1,-1,-1,7,1,7
2018010141420,1,1,0,-1,0,1,0,0,0,0,4,1,6,1,26,6,-1,-1,-1,2,1,2
2018010141420,2,9,0,-1,0,1,0,0,0,0,1,-1,6,3,-1,-1,1390,1,19,-1,-1,-1
2018010141423,1,9,0,16,0,0,1,0,0,0,1,1,1,1,25,5,3982,1,2,8,1,8
2018010141423,2,9,0,9,9,0,1,4,6,10,2,1,6,1,38,7,1984,1,1,7,1,7
2018010141423,3,9,0,2,0,0,0,0,0,0,3,1,6,3,-1,-1,1896,2,15,-1,-1,-1
2018010141423,4,9,0,2,0,0,0,0,0,0,3,1,6,3,-1,-1,1329,1,4,-1,-1,-1
2018010141423,5,19,3,2,0,0,0,0,0,0,1,1,6,3,-1,-1,1995,2,1,-1,-1,-1
2018010141424,1,1,-1,-1,-1,-1,-1,-1,-1,-1,-1,1,6,1,46,8,-1,-1,-1,7,1,7
2018010141424,2,90,0,-1,-1,-1,-1,-1,-1,-1,1,-1,6,3,-1,-1,-1,-1,-1,-1,-1,-1
2018010141425,1,3,0,14,0,0,0,0,0,0,1,1,6,3,-1,-1,-1,-1,-1,-1,-1,-1
2018010141428,1,9,0,18,0,2,0,0,0,0,2,1,1,1,18,4,2400,2,7,10,1,10
2018010141428,2,3,0,4,0,2,0,0,0,0,1,1,6,1,21,5,-1,-1,-1,6,1,6
2018010141433,1,9,0,18,0,1,0,0,0,0,1,1,6,1,27,6,1798,1,6,2,1,2
2018010141435,1,3,0,4,0,0,1,0,0,0,1,1,1,1,59,9,150,1,4,6,1,6
2018010141435,2,8,0,6,0,0,0,0,0,0,0,1,1,1,32,6,1956,2,6,5,1,5
2018010141436,1,9,0,1,0,0,0,0,0,0,2,-1,1,1,56,9,1968,2,2,4,1,4
2018010141440,1,11,0,5,0,0,0,0,0,0,0,1,1,1,63,9,4500,2,2,2,1,2
2018010141441,1,19,0,18,0,2,0,0,0,0,4,1,1,1,36,7,-1,-1,-1,2,1,2
2018010141441,2,1,0,18,0,1,0,0,0,0,1,1,6,1,28,6,-1,-1,-1,4,1,4
2018010141442,1,9,0,10,0,8,0,10,0,0,1,1,6,1,75,10,1599,1,10,9,1,9
2018010141442,2,9,0,5,0,8,0,0,1,10,1,1,6,1,28,6,1968,2,6,9,1,9
2018010141448,1,9,0,18,0,0,0,0,0,0,1,1,6,1,36,7,1198,1,4,-1,-1,-1
2018010141449,1,9,0,-1,-1,-1,-1,-1,-1,-1,-1,-1,6,2,42,7,1197,1,-1,3,1,3
2018010141449,2,9,0,-1,-1,-1,-1,-1,-1,-1,1,-1,6,3,-1,-1,2148,2,10,-1,-1,-1
2018010141450,1,9,0,4,0,0,0,0,0,0,2,1,6,1,22,5,999,1,1,2,1,2
2018010141450,2,20,0,4,0,0,0,0,0,0,1,1,1,1,35,6,4500,2,11,7,1,7
2018010141451,1,9,0,1,-1,-1,0,0,0,0,2,1,6,3,-1,-1,1900,2,14,-1,-1,-1
2018010141452,1,9,0,18,0,1,0,0,0,0,0,1,1,1,25,5,1560,2,4,5,1,5
2018010141452,2,9,0,7,9,8,0,10,7,10,1,1,6,3,-1,-1,1995,2,3,-1,-1,-1
2018010141457,1,19,0,16,0,1,0,11,7,4,1,1,1,1,42,7,2198,2,2,5,1,5
2018010141459,1,1,-1,-1,-1,-1,-1,-1,-1,-1,-1,1,6,1,36,7,-1,-1,-1,5,1,5
2018010141459,2,9,0,-1,-1,-1,-1,-1,-1,-1,1,-1,6,3,-1,-1,-1,-1,-1,-1,-1,-1
2018010141460,1,5,0,-1,-1,-1,-1,-1,-1,-1,2,1,6,1,30,6,-1,-1,-1,2,1,2
2018010141460,2,9,0,-1,0,-1,0,0,0,0,1,1,6,3,-1,-1,-1,-1,-1,-1,-1,-1
2018010141465,1,9,0,9,0,1,0,0,0,0,1,1,6,1,67,10,2401,2,11,4,1,4
2018010141465,2,1,0,18,0,1,5,0,0,0,1,1,6,1,26,6,-1,-1,-1,3,1,3
2018010141466,1,3,0,9,0,7,0,0,0,0,1,1,1,1,34,6,125,1,2,4,1,4
2018010141468,1,3,0,18,0,8,1,0,0,0,1,1,6,1,14,3,125,1,5,-1,-1,-1
2018010141468,2,9,0,18,0,8,0,0,7,10,4,1,6,1,53,8,1598,1,8,-1,-1,-1
2018010141470,1,9,0,-1,-1,-1,-1,-1,-1,-1,2,-1,6,1,56,9,1797,8,9,2,1,2
2018010141470,2,9,0,-1,-1,-1,-1,-1,-1,-1,1,-1,6,3,-1,-1,1997,2,-1,-1,-1,-1
2018010141473,1,2,0,18,0,8,0,10,1,0,1,1,6,1,42,7,125,1,1,5,1,5
2018010141473,2,9,0,9,0,8,0,0,0,0,1,1,6,2,25,5,1995,2,10,3,1,3
2018010141476,1,1,0,18,0,5,0,0,0,0,4,1,2,1,52,8,-1,-1,-1,1,1,1
2018010141476,2,19,0,18,0,5,0,0,0,0,1,1,6,3,-1,-1,1560,2,1,-1,-1,-1
2018010141477,1,11,0,18,0,0,0,0,0,0,-1,1,1,1,-1,-1,5132,2,1,2,1,2
2018010141481,1,1,-1,-1,-1,-1,-1,-1,-1,-1,-1,1,2,1,28,6,-1,-1,-1,4,1,4
2018010141481,2,90,0,-1,-1,-1,-1,-1,-1,-1,1,-1,6,3,-1,-1,-1,-1,-1,-1,-1,-1
2018010141482,1,9,0,-1,-1,-1,-1,-1,-1,-1,2,-1,6,2,37,7,2993,2,-1,6,1,6
2018010141482,2,9,0,-1,-1,-1,-1,-1,-1,-1,1,-1,6,3,-1,-1,1386,1,12,1,1,1
2018010141487,1,3,0,5,0,8,0,11,0,0,1,1,6,1,38,7,125,1,-1,5,1,5
2018010141489,1,19,0,18,0,1,0,0,7,0,1,1,1,1,27,6,2198,2,3,-1,-1,-1
2018010141489,2,9,0,7,0,1,0,0,1,0,1,1,6,1,34,6,2993,2,8,6,1,6
2018010141492,1,9,0,18,0,0,0,0,0,0,4,1,6,1,58,9,1689,2,19,9,2,9
2018010141495,1,9,0,-1,-1,-1,-1,-1,-1,-1,-1,-1,2,2,59,9,1956,2,6,2,1,2
2018010141497,1,3,0,18,0,1,0,0,0,0,1,1,2,1,24,5,125,1,12,2,1,2
2018010141498,1,9,0,10,0,8,0,0,0,0,4,1,6,1,28,6,1596,1,13,3,1,3
2018010141498,2,4,0,13,0,8,0,0,0,0,1,1,6,1,34,6,998,1,14,3,1,3
2018010141499,1,5,0,18,0,6,0,0,0,0,4,1,2,1,30,6,1255,1,8,8,1,8
2018010141499,2,9,0,7,0,6,0,0,0,0,1,1,6,1,38,7,1461,2,7,2,1,2
2018010141502,1,9,0,9,0,8,0,0,3,0,4,1,6,3,-1,-1,-1,-1,-1,-1,-1,-1
2018010141502,2,1,0,18,0,8,0,0,0,0,1,1,6,1,40,7,-1,-1,-1,4,1,4
2018010141503,1,8,0,6,0,5,0,0,0,0,3,1,6,1,48,8,1798,8,6,2,1,2
2018010141503,2,3,0,13,0,1,0,0,0,0,4,1,6,1,30,6,124,1,5,4,1,4
2018010141508,1,9,0,18,0,1,0,0,0,0,1,1,6,2,59,9,-1,3,-1,4,1,4
2018010141508,2,9,0,9,0,1,0,0,0,0,1,1,6,1,60,9,1598,2,1,5,1,5
2018010141509,1,19,0,18,0,8,0,0,0,0,4,1,1,1,38,7,1968,2,7,9,1,9
2018010141509,2,1,0,18,4,8,0,0,0,0,3,1,6,1,37,7,-1,-1,-1,6,1,6
2018010141510,1,9,0,4,0,1,0,0,0,0,2,1,2,1,43,7,1796,1,10,6,1,6
2018010141510,2,9,0,18,0,1,0,0,0,0,1,1,6,1,43,7,1395,1,-1,9,1,9
2018010141511,1,11,0,5,0,0,0,0,0,0,0,1,1,1,62,9,5132,2,2,7,1,7
2018010141512,1,1,-1,-1,-1,-1,-1,-1,-1,-1,-1,1,2,2,41,7,-1,-1,-1,2,1,2
2018010141512,2,3,0,-1,-1,-1,-1,-1,-1,-1,1,1,6,3,-1,-1,108,1,4,3,1,3
2018010141513,1,3,0,7,0,1,0,0,0,0,1,1,1,1,31,6,108,1,2,3,1,3
2018010141513,2,9,0,9,0,1,0,0,0,0,1,1,2,1,51,8,2987,2,1,10,1,10
2018010141514,1,9,0,18,0,1,1,0,1,7,1,1,6,1,28,6,1587,1,16,4,3,4
2018010141514,2,9,0,18,0,1,0,0,0,0,0,1,6,3,-1,-1,-1,-1,-1,-1,-1,-1
2018010141516,1,3,0,17,0,1,0,0,1,2,1,1,6,1,16,4,120,1,3,-1,-1,-1
2018010141517,1,9,0,18,0,0,0,10,0,0,3,1,2,1,25,5,1984,1,1,6,1,6
2018010141517,2,8,0,11,0,0,0,0,0,0,4,1,1,1,28,6,2143,2,1,7,1,7
2018010141518,1,9,0,9,0,1,0,0,0,0,1,1,6,3,-1,-1,1596,1,14,-1,-1,-1
2018010141518,2,1,0,18,0,1,2,0,0,0,1,1,6,1,46,8,-1,-1,-1,1,1,1
2018010141519,1,3,0,5,0,0,0,0,0,0,4,1,1,1,24,5,108,1,3,5,1,5
2018010141519,2,9,0,5,0,0,0,0,0,0,3,1,6,3,-1,-1,1956,2,6,-1,-1,-1
2018010141520,1,9,0,18,0,1,0,0,0,0,1,1,6,1,30,6,1596,1,15,2,1,2
2018010141521,1,9,0,7,2,8,0,0,0,0,4,1,6,2,28,6,1200,1,2,7,1,7
2018010141521,2,3,0,18,2,1,0,0,0,0,1,1,1,1,21,5,-1,-1,-1,9,1,9
2018010141525,1,5,0,18,0,8,0,0,0,0,0,1,6,1,28,6,660,1,10,5,1,5
2018010141525,2,8,0,9,0,8,0,0,0,0,1,1,2,1,43,7,1497,8,10,2,1,2
2018010141526,1,4,0,18,0,1,1,0,0,0,3,1,6,1,30,6,-1,-1,-1,3,1,3
2018010141528,1,3,0,18,9,1,0,0,0,0,1,1,6,1,20,4,125,1,5,4,1,4
2018010141529,1,9,0,18,0,2,0,0,0,0,1,1,6,1,35,6,1997,2,6,6,1,6
2018010141534,1,3,0,18,0,0,0,0,0,0,1,1,6,1,34,6,125,1,1,5,1,5
2018010141534,2,9,0,9,0,0,0,0,0,0,3,1,6,1,39,7,1598,1,9,4,1,4
2018010141536,1,9,0,18,0,1,0,0,0,0,1,1,2,1,26,6,1229,1,4,-1,-1,-1
2018010141538,1,11,0,18,0,0,0,0,0,0,4,1,6,1,50,8,6692,2,7,5,1,5
2018010141540,1,9,0,18,0,0,0,0,0,0,1,1,6,3,-1,-1,-1,-1,-1,-1,-1,-1
2018010141540,2,1,0,18,0,0,0,0,0,0,2,1,6,1,13,3,-1,-1,-1,2,1,2
2018010141541,1,9,0,18,0,3,0,0,0,0,2,1,6,1,32,6,1968,2,11,3,1,3
2018010141541,2,2,0,18,0,3,0,0,0,0,1,1,6,1,34,6,-1,-1,-1,5,1,5
2018010141542,1,19,0,7,0,2,0,0,0,0,4,1,2,1,45,7,1968,2,1,3,1,3
2018010141542,2,1,0,18,0,1,0,0,0,0,1,1,6,1,29,6,-1,-1,-1,6,1,6
2018010141544,1,9,0,5,0,6,0,0,0,0,1,1,6,1,41,7,1461,2,9,5,1,5
2018010141544,2,3,0,18,0,8,5,0,0,0,1,1,1,1,40,7,108,1,-1,4,1,4
2018010141549,1,11,0,18,0,8,0,0,0,0,0,1,1,2,51,8,5132,2,1,4,1,4
2018010141552,1,19,0,7,0,1,0,0,0,0,1,1,2,1,40,7,2143,2,8,6,1,6
2018010141552,2,4,0,8,0,1,0,0,0,0,0,1,6,1,70,10,249,1,26,3,1,3
2018010141553,1,11,0,5,2,1,0,0,0,0,4,1,6,1,50,8,4500,2,3,-1,-1,-1
2018010141558,1,9,0,18,0,8,0,0,0,0,1,1,6,1,17,4,1242,1,11,2,1,2
2018010141561,1,3,0,-1,-1,-1,-1,-1,-1,-1,2,1,6,1,22,5,125,1,2,3,1,3
2018010141561,2,19,0,-1,-1,-1,-1,-1,-1,-1,1,-1,6,3,-1,-1,-1,-1,-1,-1,-1,-1
2018010141562,1,9,0,18,0,0,0,4,0,0,1,1,6,2,25,5,1798,1,7,10,2,10
2018010141562,2,9,0,2,0,0,0,0,0,0,4,1,6,3,-1,-1,-1,-1,-1,-1,-1,-1
2018010141567,1,9,0,5,0,0,0,0,0,0,4,1,6,1,25,5,1582,2,2,1,1,1
2018010141567,2,9,0,5,0,0,0,0,0,0,4,1,6,2,-1,-1,1197,1,1,-1,-1,-1
2018010141568,1,9,0,-1,-1,-1,-1,-1,-1,-1,2,-1,6,1,32,6,999,1,1,3,-1,3
2018010141568,2,9,-1,18,0,1,-1,-1,0,0,1,-1,6,1,32,6,1796,1,14,-1,-1,-1
2018010141569,1,9,0,18,0,0,0,4,0,0,1,1,6,1,23,5,1968,2,7,10,1,10
2018010141569,2,9,0,2,0,0,0,0,0,0,4,1,6,3,-1,-1,1998,8,2,-1,-1,-1
2018010141569,3,9,0,2,0,0,0,0,0,0,3,1,6,3,-1,-1,1595,1,5,-1,-1,-1
2018010141569,4,9,0,2,0,0,0,0,0,0,3,1,6,3,-1,-1,2143,2,4,-1,-1,-1
2018010141569,5,9,0,18,0,0,0,0,0,0,4,1,1,1,35,6,-1,3,1,3,1,3
2018010141570,1,9,0,18,0,8,0,0,7,0,4,1,1,1,36,7,1560,2,4,6,1,6
2018010141570,2,9,0,6,0,8,0,0,0,0,3,1,6,1,29,6,1956,2,5,3,1,3
2018010141573,1,9,0,18,0,0,0,0,7,1,1,1,6,2,26,6,1598,1,5,10,3,10
2018010141574,1,8,0,18,0,2,1,0,0,0,2,1,1,1,49,8,2143,12,3,2,1,2
2018010141574,2,9,0,17,0,2,0,0,0,0,1,1,6,1,20,4,4663,1,3,5,1,5
2018010141581,1,9,0,17,0,4,0,0,0,0,2,1,6,2,29,6,1390,1,8,4,1,4
2018010141581,2,11,0,18,0,4,0,0,0,0,1,1,1,2,61,9,4500,2,2,3,1,3
2018010141583,1,9,0,18,7,1,0,0,1,7,1,1,6,2,19,4,1598,2,5,5,1,5
2018010141585,1,1,0,18,2,2,0,0,0,0,2,1,2,1,55,8,-1,-1,-1,1,1,1
2018010141585,2,9,0,18,2,2,0,0,0,0,1,1,6,3,-1,-1,-1,-1,-1,-1,-1,-1
2018010141587,1,4,0,4,0,1,0,0,0,0,1,1,6,1,42,7,124,1,1,10,1,10
2018010141589,1,19,0,16,0,1,0,0,0,0,1,1,1,1,54,8,1995,2,1,2,1,2
2018010141592,1,9,0,18,0,8,0,0,0,0,0,1,6,1,-1,-1,1995,2,5,3,1,3
2018010141594,1,9,0,7,0,8,0,0,0,0,4,1,6,1,29,6,1198,1,11,7,1,7
2018010141594,2,1,0,18,0,8,5,0,0,0,1,1,6,1,49,8,-1,-1,-1,9,1,9
2018010141598,1,1,-1,-1,-1,-1,-1,-1,-1,-1,-1,1,6,1,51,8,-1,-1,-1,8,1,8
2018010141598,2,9,0,-1,-1,-1,-1,-1,-1,-1,1,-1,6,1,69,10,1598,1,10,5,1,5
2018010141599,1,11,0,18,0,0,0,0,0,0,1,1,6,1,42,7,4500,2,6,3,1,3
2018010141603,1,9,0,-1,-1,-1,-1,-1,-1,-1,3,-1,6,2,58,9,998,1,6,5,1,5
2018010141603,2,9,0,-1,-1,-1,-1,-1,-1,-1,1,-1,6,3,-1,-1,3999,1,6,-1,-1,-1
2018010141607,1,19,0,-1,-1,0,-1,-1,-1,-1,2,-1,6,1,60,9,1560,2,5,10,1,10
2018010141607,2,8,0,-1,-1,0,-1,-1,-1,-1,1,-1,6,3,-1,-1,1991,8,2,3,1,3
2018010141612,1,19,0,4,0,1,0,0,0,0,1,1,2,1,24,5,2198,2,2,2,1,2
2018010141612,2,5,0,5,0,1,1,0,0,0,1,1,2,1,45,7,1340,1,9,2,1,2
2018010141614,1,9,0,7,0,7,0,0,0,0,2,1,6,2,65,9,1388,1,11,8,1,8
2018010141614,2,5,0,15,0,2,0,0,0,0,1,1,6,1,37,7,998,1,12,4,1,4
2018010141616,1,9,0,-1,-1,0,-1,-1,-1,-1,1,-1,6,1,40,7,1987,1,2,3,1,3
2018010141616,2,9,0,-1,-1,0,-1,-1,-1,-1,-1,-1,6,3,24,5,1797,8,7,9,3,9
2018010141617,1,9,0,14,0,1,0,0,0,0,1,1,6,1,20,4,1200,1,2,1,1,1
2018010141621,1,1,-1,-1,-1,8,-1,-1,-1,-1,-1,1,6,1,27,6,-1,-1,-1,7,1,7
2018010141621,2,19,0,-1,-1,8,-1,-1,-1,-1,0,-1,6,3,-1,-1,-1,-1,-1,-1,-1,-1
2018010141624,1,5,0,17,-1,-1,-1,-1,-1,-1,-1,1,6,1,44,7,1198,1,29,4,1,4
2018010141624,2,19,0,-1,-1,-1,-1,-1,-1,-1,1,-1,6,1,67,10,2298,2,2,3,1,3
2018010141628,1,90,0,18,0,1,0,0,0,0,4,1,1,2,25,5,2987,2,-1,6,1,6
2018010141628,2,8,0,5,0,2,0,0,0,0,1,1,1,1,56,9,1797,8,3,3,1,3
2018010141629,1,9,0,-1,-1,-1,-1,-1,-1,-1,2,-1,6,2,37,7,1598,2,1,2,1,2
2018010141629,2,9,0,-1,-1,-1,-1,-1,-1,-1,-1,-1,6,3,-1,-1,1995,2,6,-1,-1,-1
2018010141635,1,9,0,5,0,8,0,0,0,0,1,1,6,1,36,7,1499,1,1,6,-1,6
2018010141635,2,9,0,5,0,8,0,0,0,0,4,1,6,2,35,6,1390,1,8,3,1,3
2018010141639,1,9,0,18,0,0,0,0,0,0,1,1,6,2,28,6,1910,2,12,8,2,8
2018010141639,2,19,0,18,0,0,0,0,0,0,2,1,6,1,52,8,3198,2,1,6,1,6
2018010141640,1,9,0,5,0,0,0,0,0,0,1,1,6,1,64,9,1360,1,12,5,1,5
2018010141640,2,3,0,18,0,0,0,0,0,0,1,1,6,1,31,6,125,1,1,3,1,3
2018010141641,1,1,-1,-1,-1,0,-1,-1,-1,-1,1,1,2,1,30,6,-1,-1,-1,8,1,8
2018010141641,2,9,0,-1,-1,0,-1,-1,-1,-1,-1,-1,6,3,-1,-1,-1,-1,-1,-1,-1,-1
2018010141642,1,9,0,4,0,0,0,0,0,0,0,1,1,1,29,6,1560,2,4,4,1,4
2018010141642,2,3,0,14,0,0,1,0,0,0,1,1,6,1,16,4,125,1,7,5,1,5
2018010141642,3,9,0,2,0,0,0,0,0,0,2,1,6,3,-1,-1,1422,2,4,-1,-1,-1
2018010141645,1,9,0,13,0,0,0,7,0,0,1,1,6,2,36,7,1490,1,12,2,1,2
2018010141645,2,9,0,14,0,0,0,0,0,0,0,1,6,3,-1,-1,-1,-1,-1,-1,-1,-1
2018010141647,1,5,0,18,0,0,0,0,0,0,1,1,2,1,28,6,806,1,3,1,1,1
2018010141649,1,1,-1,-1,-1,-1,-1,-1,-1,-1,2,1,6,1,53,8,-1,-1,-1,9,1,9
2018010141649,2,9,0,-1,-1,-1,-1,-1,-1,-1,1,-1,6,2,-1,-1,1587,1,11,5,1,5
2018010141650,1,1,-1,-1,-1,0,-1,-1,-1,-1,1,1,2,1,29,6,-1,-1,-1,6,1,6
2018010141650,2,8,0,-1,-1,0,-1,-1,-1,-1,1,-1,6,3,35,6,1968,2,2,2,1,2
2018010141654,1,9,0,10,0,8,0,0,0,0,0,1,6,2,39,7,2979,1,3,6,1,6
2018010141654,2,1,0,18,0,8,0,0,0,0,1,1,6,1,52,8,-1,-1,-1,5,1,5
2018010141656,1,9,0,3,0,2,0,0,0,0,1,1,1,1,37,7,4511,7,15,5,1,5
2018010141656,2,9,0,18,0,1,0,0,0,0,1,1,6,2,45,7,1896,2,16,1,1,1
2018010141661,1,9,-1,15,9,8,-1,0,0,0,1,-1,6,3,-1,-1,-1,-1,-1,-1,-1,-1
2018010141663,1,19,0,4,0,1,0,0,0,0,2,1,2,1,50,8,1968,2,2,2,1,2
2018010141663,2,9,0,4,0,1,0,0,0,0,1,1,6,1,81,11,1588,1,26,8,1,8
2018010141667,1,5,0,18,0,0,5,0,0,0,1,1,6,1,22,5,600,1,5,3,1,3
2018010141667,2,9,0,18,0,0,0,0,0,0,1,1,6,1,24,5,1997,2,11,7,1,7
2018010141668,1,19,4,18,0,4,0,0,0,0,1,1,6,3,-1,-1,-1,-1,-1,-1,-1,-1
2018010141669,1,3,0,-1,-1,0,-1,-1,-1,-1,-1,1,6,1,39,7,125,1,2,4,1,4
2018010141669,2,9,0,-1,-1,0,-1,-1,-1,-1,-1,-1,6,3,-1,-1,1995,2,5,-1,-1,-1
2018010141673,1,9,0,-1,-1,-1,-1,-1,-1,-1,-1,-1,6,2,20,4,999,1,-1,7,1,7
2018010141673,2,9,0,-1,-1,-1,-1,-1,-1,-1,1,-1,6,3,-1,-1,1968,2,3,7,1,7
2018010141675,1,9,0,3,0,0,0,0,0,0,3,1,6,2,52,8,1395,1,3,5,1,5
2018010141684,1,90,-1,-1,-1,-1,-1,-1,-1,-1,-1,-1,6,3,-1,-1,-1,-1,-1,-1,-1,-1
2018010141688,1,9,0,-1,-1,0,-1,-1,-1,-1,1,-1,6,3,-1,-1,1390,1,9,5,1,5
2018010141692,1,1,-1,-1,-1,-1,-1,-1,-1,-1,-1,1,2,2,30,6,-1,-1,-1,3,1,3
2018010141692,2,9,0,-1,-1,-1,-1,-1,-1,-1,1,-1,6,3,-1,-1,-1,-1,-1,-1,-1,-1
2018010141694,1,11,0,18,0,2,0,0,0,0,2,1,1,1,55,8,4250,2,9,6,1,6
2018010141695,1,9,0,4,0,0,0,0,7,0,2,1,6,1,39,7,2143,2,-1,4,1,4
2018010141695,2,9,0,18,0,0,0,0,0,0,1,1,6,3,-1,-1,1598,1,8,-1,-1,-1
2018010141695,3,9,0,2,0,0,0,4,0,0,3,1,6,3,-1,-1,1240,1,15,-1,-1,-1
2018010141695,4,9,0,2,0,0,0,4,0,0,3,1,6,3,-1,-1,1968,2,2,-1,-1,-1
2018010141700,1,1,0,13,0,2,0,0,0,0,1,1,2,1,32,6,-1,-1,-1,4,1,4
2018010141700,2,9,0,18,0,1,0,0,0,0,1,-1,6,3,-1,-1,2360,1,9,2,1,2
2018010141701,1,9,0,3,0,1,0,0,0,0,2,1,6,1,21,5,1968,2,8,2,1,2
2018010141701,2,5,0,18,0,1,5,0,0,0,1,1,6,1,24,5,600,1,21,2,1,2
2018010141702,1,9,0,9,0,1,0,0,0,0,1,1,6,1,40,7,1242,1,15,6,1,6
2018010141702,2,3,0,18,0,2,0,0,0,0,1,1,6,1,33,6,124,1,10,2,1,2
2018010141703,1,9,0,-1,-1,-1,-1,-1,-1,-1,1,-1,6,1,45,7,2148,2,12,2,1,2
2018010141703,2,9,0,-1,-1,-1,-1,-1,-1,-1,2,-1,6,3,28,6,1896,2,10,-1,-1,-1
2018010141705,1,8,0,18,0,1,0,0,0,0,1,1,1,1,-1,-1,-1,-1,-1,-1,-1,-1
2018010141711,1,9,0,-1,-1,0,-1,-1,-1,-1,3,-1,6,1,25,5,2979,1,1,9,1,9
2018010141711,2,9,0,-1,-1,0,-1,-1,-1,-1,-1,-1,6,3,-1,-1,1995,2,4,-1,-1,-1
2018010141714,1,9,0,9,0,1,0,0,0,0,1,1,6,3,-1,-1,-1,-1,-1,-1,-1,-1
2018010141714,2,5,0,7,0,2,0,0,0,0,4,1,6,1,25,5,649,1,1,2,1,2
2018010141718,1,9,0,9,0,1,0,0,0,0,1,1,6,2,22,5,1242,1,3,10,1,10
2018010141718,2,3,0,18,0,1,0,0,0,0,3,1,6,1,39,7,108,1,10,2,1,2
2018010141719,1,9,0,18,0,6,0,0,0,0,4,1,6,1,20,4,1248,2,10,4,1,4
2018010141719,2,9,0,18,0,1,0,0,0,0,1,1,6,1,47,8,4511,1,13,5,1,5
2018010141721,1,9,0,11,0,0,0,0,0,0,0,1,6,3,-1,-1,-1,-1,-1,-1,-1,-1
2018010141721,2,9,0,18,0,0,0,0,0,0,2,1,6,1,18,4,1995,2,7,2,1,2
2018010141721,3,9,0,18,0,0,0,0,0,0,1,1,6,1,46,8,1587,1,10,6,1,6
2018010141722,1,11,0,5,0,0,0,0,0,0,0,1,1,1,52,8,4500,2,3,3,1,3
2018010141724,1,3,0,18,0,7,0,10,0,0,3,1,2,1,40,7,108,1,5,4,1,4
2018010141727,1,9,0,3,0,1,0,0,0,0,2,1,6,2,30,6,1991,1,-1,4,1,4
2018010141727,2,9,0,3,0,1,0,0,0,0,2,1,6,1,24,5,1242,1,11,8,1,8
2018010141727,3,19,0,18,0,1,0,0,0,0,1,2,1,1,29,6,-1,-1,-1,4,1,4
2018010141731,1,8,0,18,-1,0,-1,-1,-1,-1,2,-1,6,1,34,6,2993,2,5,9,1,9
2018010141739,1,9,0,18,0,0,0,4,0,0,1,1,6,1,44,7,1995,2,5,7,1,7
2018010141739,2,9,0,2,0,0,0,0,0,0,2,1,6,3,-1,-1,1991,2,8,-1,-1,-1
2018010141739,3,9,0,2,0,0,0,0,0,0,1,1,6,3,-1,-1,1390,1,8,-1,-1,-1
2018010141739,4,3,0,2,0,0,0,0,0,0,1,1,6,3,-1,-1,124,1,10,-1,-1,-1
2018010141739,5,9,0,2,0,0,0,0,0,0,2,1,6,3,-1,-1,2143,2,2,-1,-1,-1
2018010141742,1,9,0,12,0,2,0,0,0,0,3,1,6,2,45,7,1198,1,12,3,1,3
2018010141742,2,9,0,18,0,2,1,0,4,0,1,1,6,1,33,6,998,1,-1,3,1,3
2018010141743,1,9,0,9,0,1,0,0,0,0,3,1,2,1,50,8,1951,2,13,-1,-1,-1
2018010141743,2,3,0,18,0,1,0,0,0,0,1,1,1,1,29,6,108,1,1,1,1,1
2018010141745,1,3,-1,-1,-1,-1,-1,-1,-1,-1,-1,1,6,2,28,6,125,1,6,9,1,9