Accident_Index,Vehicle_Reference,Vehicle_Type,Towing_and_Articulation,Vehicle_Manoeuvre,Vehicle_Location-Restricted_Lane,Junction_Location,Skidding_and_Overturning,Hit_Object_in_Carriageway,Vehicle_Leaving_Carriageway,Hit_Object_off_Carriageway,1st_Point_of_Impact,Was_Vehicle_Left_Hand_Drive?,Journey_Purpose_of_Driver,Sex_of_Driver,Age_of_Driver,Age_Band_of_Driver,Engine_Capacity_(CC),Propulsion_Code,Age_of_Vehicle,Driver_IMD_Decile,Driver_Home_Area_Type,Vehicle_IMD_Decile
2018010143019,1,9,0,9,0,2,0,0,0,0,1,1,6,1,45,7,1834,1,14,4,1,4
2018010143019,2,1,0,3,0,1,0,0,0,0,1,1,1,1,55,8,-1,-1,-1,6,1,6
2018010143021,1,4,0,18,0,0,0,0,1,0,1,1,6,1,35,6,125,1,2,2,1,2
2018010143021,2,9,0,18,0,0,0,0,0,0,3,1,6,1,52,8,875,1,3,6,1,6
2018010143021,3,19,0,2,0,0,0,0,0,0,4,1,6,3,-1,-1,2143,2,6,-1,-1,-1
2018010143022,1,21,1,18,0,0,0,5,0,0,0,1,1,1,34,6,10837,2,3,6,1,6
2018010143025,1,9,0,3,0,1,0,0,0,0,3,1,6,1,36,7,1797,8,4,3,1,3
2018010143025,2,19,0,18,0,1,0,0,0,0,1,1,6,1,58,9,2143,2,9,2,1,2
2018010143026,1,9,0,6,0,1,0,0,1,3,1,1,2,1,63,9,1999,1,16,5,1,5
2018010143026,2,9,0,18,0,2,0,0,0,0,1,1,2,1,64,9,1299,1,13,10,1,10
2018010143028,1,4,0,14,0,0,0,0,0,0,1,1,6,1,-1,-1,125,1,1,-1,-1,-1
2018010143029,1,9,0,18,0,5,0,7,0,0,4,1,6,1,34,6,1997,1,17,4,1,4
2018010143029,2,9,0,18,0,8,0,0,0,0,1,1,6,1,21,5,1598,1,7,5,1,5
2018010143030,1,9,0,4,0,2,0,0,0,0,3,1,6,1,26,6,1995,2,4,9,1,9
2018010143030,2,5,0,13,0,2,0,0,0,0,4,1,6,1,54,8,1170,1,-1,9,1,9
2018010143031,1,9,0,9,0,6,0,0,0,0,1,1,6,1,72,10,1587,1,16,2,1,2
2018010143031,2,3,0,18,0,1,1,0,0,0,1,1,2,1,28,6,-1,-1,-1,3,1,3
2018010143032,1,9,0,4,0,8,0,0,0,0,1,1,6,1,43,7,1968,2,7,4,1,4
2018010143032,2,9,0,4,0,8,0,0,0,0,2,1,6,2,61,9,1497,8,2,4,1,4
2018010143035,1,9,0,-1,-1,-1,-1,-1,-1,-1,-1,-1,2,2,46,8,1596,1,13,2,1,2
2018010143035,2,19,0,-1,-1,-1,-1,-1,-1,-1,-1,-1,6,3,-1,-1,1968,2,2,2,1,2
2018010143036,1,9,0,9,0,5,0,0,0,0,1,1,2,1,28,6,1560,2,3,6,1,6
2018010143036,2,3,0,18,0,8,0,0,0,0,1,1,6,1,17,4,125,1,8,2,1,2
2018010143038,1,9,0,18,0,1,0,0,0,0,3,1,6,1,58,9,1800,8,5,1,1,1
2018010143039,1,9,0,5,0,2,0,0,0,0,1,1,6,1,72,10,999,1,18,-1,-1,-1
2018010143039,2,9,0,18,0,8,0,0,1,10,4,1,6,1,32,6,1798,1,12,2,1,2
2018010143041,1,1,-1,-1,-1,-1,-1,-1,-1,-1,-1,1,2,1,22,5,-1,-1,-1,3,1,3
2018010143041,2,9,0,-1,-1,-1,-1,-1,-1,-1,1,-1,6,3,44,7,2987,2,4,2,1,2
2018010143045,1,8,0,18,0,2,0,0,0,0,1,1,1,1,40,7,1798,8,6,5,1,5
2018010143046,1,9,0,-1,-1,-1,-1,-1,-1,-1,2,-1,6,2,64,9,1598,1,2,5,1,5
2018010143046,2,9,0,-1,-1,-1,-1,-1,-1,-1,1,-1,6,3,-1,-1,1596,1,10,1,1,1
2018010143048,1,9,0,2,0,0,0,0,0,0,2,1,6,3,-1,-1,1596,1,11,-1,-1,-1
2018010143048,2,9,0,5,0,0,0,4,0,0,1,1,6,2,52,8,1364,1,3,1,1,1
2018010143051,1,3,0,9,0,0,0,0,0,0,1,1,1,1,47,8,645,1,17,-1,-1,-1
2018010143051,2,9,0,9,2,0,0,8,0,0,1,1,1,1,69,10,1598,2,2,1,1,1
2018010143052,1,8,0,18,0,8,0,0,0,0,3,-1,6,1,36,7,1798,8,6,-1,-1,-1
2018010143052,2,9,0,7,0,3,0,0,0,0,4,-1,6,2,26,6,1995,2,8,1,1,1
2018010143054,1,4,0,13,0,8,2,0,0,0,1,1,6,1,19,4,125,1,8,4,1,4
2018010143054,2,9,0,9,0,5,0,0,0,0,3,1,6,1,37,7,1598,2,5,4,1,4
2018010143055,1,8,0,18,0,1,0,10,2,10,4,1,1,1,49,8,2499,2,12,2,1,2
2018010143055,2,9,3,18,0,1,0,0,0,0,1,1,6,1,28,6,1560,2,8,-1,-1,-1
2018010143057,1,9,0,5,0,0,0,0,0,0,1,2,6,1,22,5,1390,1,8,3,1,3
2018010143057,2,11,0,5,0,0,0,0,0,0,1,1,1,1,47,8,4500,2,11,4,1,4
2018010143060,1,8,0,11,0,4,0,0,1,0,4,1,1,1,38,7,-1,-1,-1,2,1,2
2018010143060,2,4,0,12,0,4,0,0,0,0,3,1,6,1,47,8,-1,-1,-1,3,1,3
2018010143063,1,9,0,9,0,5,0,0,0,0,1,1,6,2,18,4,1461,2,4,1,1,1
2018010143063,2,3,0,18,0,1,0,0,0,0,1,1,6,1,36,7,125,1,6,1,1,1
2018010143064,1,9,0,1,0,0,0,4,0,0,2,1,6,1,25,5,4367,2,3,-1,-1,-1
2018010143064,2,8,0,2,0,0,0,0,0,0,1,1,6,3,-1,-1,2183,2,7,-1,-1,-1
2018010143065,1,9,0,9,0,1,0,0,0,0,1,1,6,1,21,5,1590,1,14,5,1,5
2018010143067,1,9,0,11,0,0,0,0,0,0,1,1,6,1,21,5,2143,2,4,3,1,3
2018010143067,2,9,0,3,0,0,0,0,0,0,2,1,6,1,44,7,1796,1,11,3,1,3
2018010143067,3,9,0,3,0,0,0,0,0,0,2,1,6,2,35,6,-1,-1,-1,7,1,7
2018010143067,4,9,0,3,0,0,0,0,0,0,3,1,6,1,48,8,1598,1,16,2,1,2
2018010143068,1,9,0,3,0,1,0,0,0,0,0,1,1,1,46,8,1798,8,1,-1,-1,-1
2018010143070,1,9,0,18,0,0,0,0,0,0,2,1,6,1,35,6,2143,2,3,-1,-1,-1
2018010143070,2,9,0,18,0,0,0,0,0,0,2,1,6,1,19,4,1995,2,5,8,1,8
2018010143071,1,8,0,18,0,0,0,7,0,0,3,1,1,1,53,8,1798,8,-1,3,1,3
2018010143072,1,11,0,5,0,0,0,0,0,0,0,1,1,2,50,8,5132,2,1,4,1,4
2018010143073,1,9,0,18,0,0,5,4,0,0,1,1,6,2,48,8,1498,1,11,6,1,6
2018010143073,2,9,0,2,0,0,0,0,0,0,1,1,6,3,-1,-1,1998,1,17,-1,-1,-1
2018010143073,3,9,0,2,0,0,0,0,0,0,2,1,6,3,-1,-1,1995,2,6,-1,-1,-1
2018010143074,1,1,0,17,0,4,0,10,0,0,2,1,3,2,59,9,-1,-1,-1,8,1,8
2018010143074,2,8,0,5,0,1,0,0,0,0,1,1,6,1,48,8,1797,8,9,5,1,5
2018010143078,1,9,0,18,0,0,0,0,0,0,1,1,6,3,-1,-1,-1,-1,-1,-1,-1,-1
2018010143079,1,9,0,18,9,1,0,0,7,0,1,1,6,3,-1,-1,-1,-1,-1,-1,-1,-1
2018010143084,1,9,0,10,0,1,0,0,0,0,1,1,2,1,53,8,1596,1,11,5,1,5
2018010143084,2,9,0,7,0,2,1,0,0,0,1,1,6,1,29,6,1796,1,11,-1,1,-1
2018010143090,1,9,0,3,0,0,0,0,0,0,2,1,6,1,46,8,2498,6,18,2,1,2
2018010143090,2,19,0,3,0,0,0,0,0,0,2,1,1,1,49,8,1461,2,8,4,1,4
2018010143090,3,9,0,18,0,0,0,0,0,0,1,1,6,1,-1,-1,1995,2,10,3,1,3
2018010143093,1,1,-1,-1,-1,-1,-1,-1,-1,-1,1,1,2,1,36,7,-1,-1,-1,4,1,4
2018010143093,2,9,0,-1,-1,-1,-1,-1,-1,-1,-1,-1,6,3,-1,-1,1794,1,12,6,1,6
2018010143101,1,2,0,14,0,1,5,0,0,0,1,1,6,1,19,4,249,1,9,4,1,4
2018010143107,1,9,0,9,0,5,0,0,0,0,4,1,6,2,52,8,1386,1,13,6,1,6
2018010143107,2,1,0,15,0,1,0,0,0,0,3,1,6,1,54,8,-1,-1,-1,4,1,4
2018010143110,1,9,0,9,0,0,0,0,0,0,3,1,6,1,41,7,1968,2,13,5,1,5
2018010143110,2,3,0,18,2,0,0,0,1,0,1,1,1,1,26,6,125,1,2,-1,-1,-1
2018010143116,1,9,0,18,5,1,0,0,0,0,4,1,6,1,56,9,2967,2,9,4,1,4
2018010143119,1,9,0,18,0,2,5,0,0,0,1,1,2,2,20,4,1389,1,14,7,1,7
2018010143119,2,8,0,3,0,1,0,0,0,0,2,1,1,1,43,7,1797,8,7,3,1,3
2018010143120,1,9,0,18,0,8,0,0,0,0,1,1,6,1,36,7,1968,2,5,6,1,6
2018010143120,2,9,0,18,0,8,0,0,7,0,1,1,6,2,34,6,1998,1,-1,5,1,5
2018010143121,1,9,0,2,0,0,0,0,0,0,1,1,6,3,-1,-1,3189,1,14,-1,-1,-1
2018010143121,2,9,0,18,0,0,0,0,0,0,1,1,6,2,39,7,1590,1,15,2,1,2
2018010143127,1,3,0,18,0,8,5,0,0,0,4,1,1,1,33,6,125,1,5,1,1,1
2018010143127,2,9,0,5,0,8,0,0,0,0,1,1,6,1,32,6,2993,2,-1,2,1,2
2018010143128,1,9,0,18,0,1,0,0,0,0,1,1,6,2,41,7,1362,1,5,1,1,1
2018010143130,1,9,0,18,0,0,0,0,0,0,1,1,6,1,34,6,2967,2,6,8,1,8
2018010143130,2,9,0,18,0,0,0,0,1,0,2,1,6,1,25,5,2143,2,4,4,1,4
2018010143131,1,9,0,-1,-1,-1,-1,-1,-1,-1,2,-1,6,2,29,6,1798,1,7,7,1,7
2018010143131,2,9,0,-1,-1,-1,-1,-1,-1,-1,-1,-1,6,3,-1,-1,1240,1,11,-1,-1,-1
2018010143133,1,9,0,4,0,1,0,0,0,0,1,1,6,1,65,9,1596,1,14,1,1,1
2018010143133,2,1,0,3,0,1,0,0,0,0,2,1,1,1,40,7,-1,-1,-1,3,1,3
2018010143134,1,1,-1,-1,0,1,-1,0,0,0,1,1,6,3,-1,-1,-1,-1,-1,-1,-1,-1
2018010143135,1,19,0,12,2,0,0,0,1,0,3,1,1,1,22,5,2143,2,3,4,1,4
2018010143135,2,4,0,18,0,0,0,0,1,0,1,1,6,1,45,7,-1,-1,-1,7,1,7
2018010143137,1,1,-1,-1,-1,-1,-1,-1,-1,-1,-1,1,2,1,46,8,-1,-1,-1,8,1,8
2018010143137,2,11,0,-1,-1,-1,-1,-1,-1,-1,-1,-1,6,1,38,7,4500,2,8,4,1,4
2018010143139,1,9,0,9,0,2,0,0,0,0,3,1,6,1,27,6,1248,1,5,4,-1,4
2018010143139,2,3,0,9,0,1,0,0,0,0,1,1,6,1,31,6,125,1,1,2,1,2
2018010143143,1,9,0,18,0,0,0,0,0,0,3,2,6,1,34,6,1984,1,8,2,1,2
2018010143143,2,9,0,10,0,0,0,0,0,0,1,1,6,2,41,7,1598,2,3,2,1,2
2018010143144,1,9,0,5,0,1,0,0,0,0,1,1,6,1,44,7,1598,1,3,6,1,6
2018010143147,1,3,0,-1,-1,-1,-1,-1,-1,-1,1,1,6,1,17,4,108,1,2,5,1,5
2018010143147,2,8,0,-1,-1,-1,-1,-1,-1,-1,-1,-1,6,3,-1,-1,1477,8,-1,-1,-1,-1
2018010143151,1,9,0,-1,-1,-1,-1,-1,-1,-1,2,-1,6,1,27,6,1995,2,3,7,-1,7
2018010143151,2,9,0,-1,-1,-1,-1,-1,-1,-1,1,-1,6,3,-1,-1,-1,-1,-1,-1,-1,-1
2018010143152,1,9,0,9,0,5,0,0,0,0,4,1,1,2,36,7,-1,-1,-1,2,1,2
2018010143152,2,1,0,18,0,8,0,0,0,0,1,1,6,1,24,5,-1,-1,-1,4,1,4
2018010143153,1,9,0,3,0,0,0,0,0,0,3,1,6,3,28,6,2143,2,8,-1,-1,-1
2018010143153,2,1,0,4,0,0,0,0,0,0,3,1,2,2,28,6,-1,-1,-1,2,1,2
2018010143158,1,9,0,5,0,0,0,0,1,0,1,1,6,1,22,5,1596,1,9,9,1,9
2018010143158,2,9,0,3,0,0,0,0,1,0,2,1,6,2,-1,-1,1329,1,7,3,1,3
2018010143158,3,9,0,2,0,0,0,0,0,0,1,1,6,3,-1,-1,1995,2,3,-1,-1,-1
2018010143160,1,9,0,3,0,1,0,0,0,0,2,1,1,1,32,6,-1,-1,-1,6,1,6
2018010143160,2,19,0,4,0,1,0,0,0,0,1,1,1,1,41,7,2287,2,5,10,1,10
2018010143161,1,9,0,5,0,2,0,0,0,0,0,1,6,1,37,7,1598,1,8,5,1,5
2018010143161,2,3,0,2,6,2,0,0,0,0,1,1,6,3,-1,-1,125,1,-1,-1,-1,-1
2018010143161,3,1,0,5,0,2,2,0,0,0,1,1,6,2,28,6,-1,-1,-1,2,1,2
2018010143164,1,9,0,18,0,1,0,0,0,0,0,1,1,2,32,6,1560,2,4,3,1,3
2018010143164,2,8,0,4,0,1,0,0,0,0,0,1,1,1,86,11,2402,2,15,9,1,9
2018010143166,1,9,0,-1,-1,-1,-1,-1,-1,-1,-1,-1,6,2,21,5,998,1,15,1,1,1
2018010143166,2,9,0,-1,-1,-1,-1,-1,-1,-1,1,-1,6,3,23,5,1240,1,13,2,1,2
2018010143173,1,9,0,-1,-1,0,-1,-1,-1,-1,2,-1,6,1,72,10,1973,1,17,6,1,6
2018010143173,2,9,0,-1,-1,0,-1,-1,-1,-1,1,-1,6,3,-1,-1,1364,1,11,6,1,6
2018010143175,1,9,0,5,0,1,0,0,0,0,1,1,6,1,63,9,1364,2,12,10,1,10
2018010143177,1,9,0,2,0,0,0,0,0,0,1,1,6,3,-1,-1,1995,2,7,-1,-1,-1
2018010143177,2,5,0,17,0,0,5,4,7,10,1,1,6,1,22,5,847,1,2,-1,-1,-1
2018010143177,3,9,0,18,0,0,0,0,0,0,0,1,6,1,40,7,1997,1,1,2,-1,2
2018010143184,1,10,0,5,0,2,0,0,0,0,4,1,6,1,42,7,-1,-1,-1,5,1,5
2018010143189,1,9,0,18,0,8,0,0,0,0,1,1,6,3,18,4,1596,1,7,-1,-1,-1
2018010143189,2,3,0,18,0,8,0,0,0,0,1,1,6,1,42,7,125,1,10,2,1,2
2018010143190,1,1,-1,-1,-1,0,-1,-1,-1,-1,-1,1,2,1,39,7,-1,-1,-1,3,1,3
2018010143190,2,90,0,-1,-1,0,-1,-1,-1,-1,4,-1,6,3,-1,-1,-1,-1,-1,-1,-1,-1
2018010143192,1,3,0,18,0,1,5,0,0,0,3,1,1,1,34,6,102,1,11,2,1,2
2018010143192,2,9,0,9,0,1,0,0,0,0,4,1,6,3,-1,-1,-1,-1,-1,-1,-1,-1
2018010143195,1,9,0,18,0,0,0,0,0,0,1,1,6,2,63,9,1197,1,2,4,1,4
2018010143195,2,9,0,18,0,0,0,0,4,6,1,1,6,1,29,6,1339,8,11,2,1,2
2018010143195,3,9,0,18,0,0,0,0,0,0,2,1,6,1,47,8,1968,2,1,1,1,1
2018010143196,1,11,0,9,0,8,0,0,0,0,0,1,6,2,40,7,4500,2,1,3,1,3
2018010143197,1,8,0,5,0,8,0,0,0,0,1,1,1,1,40,7,1798,8,2,3,1,3
2018010143197,2,9,0,18,0,1,0,0,0,0,1,1,6,1,21,5,1229,1,8,5,1,5
2018010143198,1,3,0,18,0,1,1,0,0,0,4,1,6,1,19,4,125,1,7,2,1,2
2018010143199,1,1,0,18,0,1,0,0,0,0,1,1,6,1,49,8,-1,-1,-1,5,1,5
2018010143199,2,9,0,7,0,5,0,0,0,0,1,1,6,3,-1,-1,1560,2,4,-1,-1,-1
2018010143201,1,9,0,14,0,1,0,0,0,0,4,2,1,1,27,6,1968,2,6,2,1,2
2018010143201,2,9,0,9,0,2,0,0,0,0,3,2,6,2,29,6,1596,1,4,1,1,1
2018010143207,1,3,0,18,0,2,0,0,0,0,3,1,1,1,22,5,125,1,8,9,1,9
2018010143207,2,9,0,18,0,2,0,0,0,0,0,1,6,3,-1,-1,-1,-1,-1,-1,-1,-1
2018010143210,1,9,0,18,0,2,0,0,0,0,1,1,6,1,31,6,2499,1,12,-1,-1,-1
2018010143210,2,9,0,6,0,2,0,0,0,0,3,1,6,2,38,7,1242,1,11,-1,-1,-1
2018010143211,1,5,0,-1,-1,-1,-1,-1,-1,-1,-1,1,6,1,54,8,599,1,16,3,1,3
2018010143211,2,9,0,-1,-1,-1,-1,-1,-1,-1,-1,-1,6,3,-1,-1,-1,-1,-1,-1,-1,-1
2018010143212,1,9,0,9,0,6,0,0,0,0,3,1,6,1,63,9,1390,1,20,4,1,4
2018010143212,2,3,0,18,0,1,0,0,0,0,1,1,1,1,34,6,125,1,3,4,1,4
2018010143216,1,1,-1,-1,-1,-1,-1,-1,-1,-1,1,1,6,3,-1,-1,-1,-1,-1,-1,-1,-1
2018010143217,1,3,0,14,0,1,0,0,0,0,1,1,6,1,31,6,125,1,4,3,1,3
2018010143217,2,9,0,7,0,1,0,0,0,0,1,1,6,1,26,6,2499,1,13,3,1,3
2018010143218,1,8,0,18,0,1,0,0,0,0,3,1,1,1,60,9,1598,2,7,3,1,3
2018010143218,2,9,0,9,0,6,0,0,0,0,1,1,6,1,21,5,1998,1,15,6,3,6
2018010143219,1,9,0,18,0,1,0,4,0,0,4,1,6,1,52,8,799,2,9,9,3,9
2018010143219,2,9,0,18,0,1,0,0,0,0,2,1,6,1,30,6,1796,1,12,4,1,4
2018010143219,3,9,0,9,0,1,0,0,0,0,4,1,2,1,47,8,1968,2,5,8,3,8
2018010143219,4,9,0,18,0,1,0,0,0,0,4,1,6,1,27,6,1390,1,14,7,1,7
2018010143222,1,9,0,-1,-1,0,-1,-1,-1,-1,-1,-1,6,2,32,6,1997,2,6,3,1,3
2018010143223,1,9,0,4,0,2,0,0,0,0,1,1,2,2,26,6,1596,1,2,4,1,4
2018010143223,2,9,0,15,0,1,0,0,0,0,1,1,6,2,50,8,1598,1,4,2,1,2
2018010143227,1,9,0,16,0,1,0,7,0,0,1,1,6,1,63,9,1991,1,3,-1,-1,-1
2018010143230,1,11,-1,-1,-1,-1,-1,-1,-1,-1,-1,-1,6,1,39,7,9360,2,6,1,1,1
2018010143235,1,9,0,3,0,1,0,0,0,0,2,-1,6,2,37,7,1242,1,4,4,1,4
2018010143235,2,9,0,-1,0,1,0,0,0,0,1,-1,6,3,-1,-1,1560,2,8,-1,-1,-1
2018010143239,1,3,0,18,0,4,5,0,0,0,1,1,2,2,41,7,124,1,6,-1,-1,-1
2018010143239,2,9,0,18,0,4,0,0,0,0,3,1,6,1,17,4,1598,1,6,3,1,3
2018010143240,1,9,0,18,0,1,0,0,0,0,0,1,1,1,63,9,1910,2,11,2,1,2
2018010143240,2,3,0,3,0,1,0,0,0,0,2,1,2,1,29,6,108,1,6,6,1,6
2018010143240,3,8,0,3,0,1,0,0,0,0,1,1,1,1,43,7,1798,8,1,5,1,5
2018010143244,1,9,0,12,0,2,0,0,0,0,3,1,6,1,50,8,1388,1,10,3,1,3
2018010143244,2,11,0,9,0,6,0,0,0,0,1,1,1,1,60,9,6700,2,10,7,1,7
2018010143245,1,9,0,16,0,0,0,0,0,0,1,1,6,2,26,6,1968,2,5,3,1,3
2018010143245,2,9,0,17,0,0,0,0,0,0,1,1,6,3,-1,-1,-1,-1,-1,-1,-1,-1
2018010143247,1,9,0,12,0,0,0,0,0,0,1,1,2,1,29,6,998,1,6,4,1,4
2018010143247,2,2,0,18,0,0,0,0,0,0,0,1,2,1,39,7,125,1,-1,9,1,9
2018010143249,1,9,0,18,0,4,0,0,0,0,1,1,6,2,28,6,1242,1,3,-1,-1,-1
2018010143250,1,9,0,4,0,0,0,0,0,0,1,1,6,3,-1,-1,-1,-1,-1,-1,-1,-1
2018010143250,2,4,0,4,0,0,0,0,7,0,3,1,1,1,20,4,108,1,-1,4,1,4
2018010143250,3,9,0,2,0,0,0,0,0,0,4,2,6,3,-1,-1,2981,1,2,-1,-1,-1
2018010143256,1,9,0,16,0,7,0,4,0,0,1,1,6,1,20,4,998,1,12,1,1,1
2018010143257,1,8,0,18,0,1,0,0,0,0,1,1,2,1,58,9,1896,2,13,2,1,2
2018010143257,2,9,0,18,0,2,0,0,0,0,3,1,6,1,28,6,1339,8,8,3,1,3
2018010143260,1,9,0,16,0,2,0,4,7,4,1,1,6,2,31,6,1984,1,4,10,1,10
2018010143260,2,19,0,2,0,2,0,4,7,4,2,1,6,3,-1,-1,1598,2,2,-1,-1,-1
2018010143260,3,9,0,2,0,2,0,4,0,0,2,1,6,3,-1,-1,1753,2,9,-1,-1,-1
2018010143260,4,9,0,2,0,2,0,0,0,0,1,1,6,3,-1,-1,2143,2,4,-1,-1,-1
2018010143274,1,9,0,9,0,6,0,0,0,0,1,1,6,1,25,5,-1,-1,-1,5,1,5
2018010143274,2,5,0,18,0,1,0,0,0,0,1,1,2,1,26,6,599,1,17,5,1,5
2018010143275,1,9,0,18,0,1,0,0,0,0,2,1,6,2,37,7,1497,8,5,-1,-1,-1
2018010143275,2,9,0,18,0,1,0,0,0,0,1,1,6,3,-1,-1,-1,-1,-1,-1,-1,-1
2018010143282,1,3,0,-1,-1,-1,-1,-1,-1,-1,1,1,6,1,23,5,124,1,6,5,1,5
2018010143282,2,9,0,-1,-1,-1,-1,-1,-1,-1,-1,-1,6,3,-1,-1,-1,-1,-1,-1,-1,-1
2018010143285,1,9,0,-1,-1,0,-1,-1,-1,-1,1,-1,6,1,35,6,999,1,-1,2,1,2
2018010143285,2,9,0,-1,-1,0,-1,-1,-1,-1,2,-1,6,1,55,8,1797,8,7,3,1,3
2018010143286,1,9,0,-1,-1,-1,-1,-1,-1,-1,2,-1,6,2,59,9,2902,2,14,9,1,9
2018010143286,2,19,0,-1,-1,-1,-1,-1,-1,-1,2,-1,6,3,60,9,2299,2,1,10,2,10
2018010143291,1,3,0,12,0,8,0,0,0,0,3,1,6,2,47,8,125,1,1,3,1,3
2018010143291,2,19,0,18,0,8,0,0,0,0,4,1,1,1,57,9,1995,2,-1,3,1,3
2018010143296,1,9,0,18,0,8,0,0,0,0,1,1,2,2,38,7,1598,1,6,7,1,7
2018010143296,2,9,0,18,0,8,0,0,0,0,3,1,6,3,-1,-1,-1,-1,-1,-1,-1,-1
2018010143298,1,9,0,9,0,1,0,0,0,0,1,1,6,1,37,7,-1,-1,-1,10,1,10
2018010143298,2,1,0,18,0,1,0,0,0,0,1,1,2,1,80,11,-1,-1,-1,9,1,9
2018010143302,1,8,0,4,0,8,0,0,1,0,2,-1,6,1,51,8,2402,2,15,4,1,4
2018010143302,2,9,0,18,-1,-1,-1,-1,-1,-1,1,-1,6,3,-1,-1,1560,2,5,1,1,1
2018010143304,1,9,0,13,0,1,1,0,0,0,1,1,6,3,-1,-1,1995,2,13,-1,-1,-1
2018010143305,1,19,0,18,0,0,0,0,0,0,4,1,2,1,34,6,1995,2,-1,4,1,4
2018010143307,1,9,0,3,0,0,0,0,0,0,1,1,6,2,37,7,1388,1,15,4,1,4
2018010143307,2,11,0,2,0,0,0,0,0,0,0,1,6,3,-1,-1,6700,2,7,-1,-1,-1
2018010143313,1,5,0,18,0,0,0,0,0,0,1,1,6,1,35,6,675,1,2,3,1,3
2018010143313,2,9,0,6,0,0,0,0,0,0,2,1,6,1,24,5,1242,1,11,8,1,8
2018010143332,1,9,0,18,0,0,0,0,0,0,0,1,6,1,29,6,-1,-1,-1,5,1,5
2018010143333,1,9,0,-1,-1,-1,-1,-1,-1,-1,2,-1,6,2,32,6,-1,-1,-1,5,1,5
2018010143333,2,1,-1,-1,-1,-1,-1,-1,-1,-1,-1,1,6,1,-1,-1,-1,-1,-1,-1,-1,-1
2018010143334,1,1,-1,-1,-1,-1,-1,-1,-1,-1,-1,1,2,1,50,8,-1,-1,-1,5,1,5
2018010143334,2,90,0,-1,-1,-1,-1,-1,-1,-1,-1,-1,6,3,-1,-1,-1,-1,-1,-1,-1,-1
2018010143336,1,9,0,3,0,0,0,0,0,0,2,1,6,1,44,7,1499,2,2,2,1,2
2018010143336,2,9,0,3,0,0,0,0,0,0,2,1,6,2,49,8,1686,2,8,2,1,2
2018010143336,3,9,0,18,0,0,0,0,0,0,1,1,1,2,29,6,1461,2,3,2,1,2
2018010143339,1,9,0,-1,-1,-1,-1,-1,-1,-1,2,-1,6,2,34,6,-1,-1,-1,8,1,8
2018010143339,2,4,0,-1,-1,-1,-1,-1,-1,-1,1,1,6,3,28,6,125,1,3,3,1,3
2018010143340,1,1,-1,-1,-1,-1,-1,-1,-1,-1,-1,1,2,2,31,6,-1,-1,-1,8,1,8
2018010143340,2,9,0,-1,-1,-1,-1,-1,-1,-1,2,-1,6,3,-1,-1,1397,1,9,-1,-1,-1
2018010143341,1,1,-1,-1,-1,-1,-1,-1,-1,-1,-1,1,2,2,60,9,-1,-1,-1,4,1,4
2018010143341,2,9,0,-1,-1,-1,-1,-1,-1,-1,1,-1,6,3,-1,-1,-1,-1,-1,-1,-1,-1
2018010143348,1,9,0,6,0,0,0,0,0,0,3,1,6,1,23,5,1360,1,12,4,1,4
2018010143348,2,2,0,14,0,0,0,0,0,0,1,1,6,1,31,6,-1,-1,-1,2,1,2
2018010143350,1,9,0,3,0,0,0,0,0,0,2,1,6,2,30,6,973,1,16,3,1,3
2018010143350,2,9,0,18,0,0,0,0,0,0,1,1,6,1,25,5,-1,-1,-1,5,1,5
2018010143351,1,9,0,5,0,4,0,0,0,0,1,1,6,2,93,11,1400,1,13,7,1,7
2018010143351,2,9,0,9,0,3,0,0,0,0,4,1,6,2,39,7,1388,1,15,6,1,6
2018010143355,1,9,0,-1,-1,-1,-1,-1,-1,-1,2,-1,6,2,31,6,2143,2,5,7,1,7
2018010143355,2,9,0,-1,-1,-1,-1,-1,-1,-1,1,-1,6,3,-1,-1,3189,1,12,2,1,2
2018010143357,1,11,0,18,0,0,0,0,0,0,0,1,6,3,-1,-1,-1,-1,-1,-1,-1,-1
2018010143360,1,8,0,5,0,2,0,0,0,0,1,1,6,1,51,8,1598,1,5,3,1,3
2018010143360,2,1,0,5,0,8,0,0,0,0,4,1,2,1,27,6,-1,-1,-1,1,1,1
2018010143362,1,9,0,18,0,1,0,0,0,0,3,1,6,3,-1,-1,-1,-1,-1,-1,-1,-1
2018010143364,1,9,0,18,0,2,0,0,0,0,1,1,6,2,20,4,1499,1,3,10,1,10
2018010143364,2,9,0,2,0,2,0,0,0,0,3,1,6,3,-1,-1,1598,2,8,-1,-1,-1
2018010143367,1,9,0,7,0,8,0,0,0,0,1,1,6,1,34,6,1497,8,12,9,1,9
2018010143367,2,3,0,18,0,8,5,0,0,0,1,1,6,1,19,4,125,1,1,2,1,2
2018010143370,1,8,0,5,0,0,0,0,0,0,0,1,6,1,40,7,-1,-1,-1,3,1,3
2018010143372,1,9,0,3,0,1,0,0,0,0,2,-1,2,1,41,7,1598,1,5,4,1,4
2018010143372,2,9,0,5,0,1,0,0,0,0,1,-1,6,3,-1,-1,1398,1,1,-1,-1,-1
2018010143374,1,9,0,9,0,0,0,0,0,0,1,1,6,1,48,8,1397,1,8,8,1,8
2018010143374,2,3,0,18,0,0,0,0,0,0,4,1,6,1,33,6,108,1,6,4,1,4
2018010143376,1,9,0,-1,-1,-1,-1,-1,-1,-1,1,-1,6,1,23,5,2148,2,11,2,1,2
2018010143376,2,9,0,-1,-1,-1,-1,-1,-1,-1,1,-1,6,3,-1,-1,2987,2,4,6,1,6
2018010143383,1,9,0,18,0,1,2,0,0,0,1,1,6,1,25,5,1997,2,9,-1,-1,-1