Accident_Index,Vehicle_Reference,Vehicle_Type,Towing_and_Articulation,Vehicle_Manoeuvre,Vehicle_Location-Restricted_Lane,Junction_Location,Skidding_and_Overturning,Hit_Object_in_Carriageway,Vehicle_Leaving_Carriageway,Hit_Object_off_Carriageway,1st_Point_of_Impact,Was_Vehicle_Left_Hand_Drive?,Journey_Purpose_of_Driver,Sex_of_Driver,Age_of_Driver,Age_Band_of_Driver,Engine_Capacity_(CC),Propulsion_Code,Age_of_Vehicle,Driver_IMD_Decile,Driver_Home_Area_Type,Vehicle_IMD_Decile
2018010143853,3,9,0,18,0,0,0,0,0,0,1,1,6,2,23,5,1149,1,4,2,1,2
2018010143854,1,19,0,12,0,2,0,0,0,0,3,1,1,1,42,7,2198,2,6,4,1,4
2018010143854,2,3,0,18,0,2,0,0,0,0,4,1,2,1,33,6,125,1,-1,6,3,6
2018010143855,1,9,0,7,0,2,0,0,0,0,1,1,2,1,47,8,1798,8,-1,2,1,2
2018010143855,2,1,0,18,4,8,0,0,0,0,4,1,2,2,53,8,-1,-1,-1,5,1,5
2018010143861,1,1,-1,-1,-1,-1,-1,-1,-1,-1,-1,1,2,1,48,8,-1,-1,-1,10,1,10
2018010143861,2,9,0,-1,-1,-1,-1,-1,-1,-1,1,-1,6,3,38,7,1798,8,1,7,1,7
2018010143864,1,1,-1,-1,-1,0,-1,-1,-1,-1,1,1,2,2,54,8,-1,-1,-1,7,1,7
2018010143864,2,90,0,-1,-1,0,-1,-1,-1,-1,-1,-1,6,3,-1,-1,-1,-1,-1,-1,-1,-1
2018010143865,1,9,0,-1,-1,-1,-1,-1,-1,-1,2,-1,2,1,30,6,1798,1,6,7,1,7
2018010143865,2,9,0,-1,-1,-1,-1,-1,-1,-1,1,-1,6,3,-1,-1,1984,1,1,-1,-1,-1
2018010143866,1,9,-1,-1,0,0,-1,-1,-1,-1,-1,-1,6,1,48,8,2143,2,5,2,1,2
2018010143866,2,9,-1,-1,0,0,-1,-1,-1,-1,-1,-1,6,1,-1,-1,-1,-1,-1,3,1,3
2018010143867,1,9,0,18,0,0,0,0,0,0,1,1,6,2,74,10,1991,2,12,-1,-1,-1
2018010143869,1,9,0,5,0,4,0,0,0,0,1,1,1,2,39,7,-1,-1,-1,6,1,6
2018010143869,2,1,0,18,0,4,2,0,3,0,1,1,1,1,33,6,-1,-1,-1,6,1,6
2018010143871,1,9,0,9,0,5,0,0,0,0,4,1,3,2,36,7,1596,1,12,3,1,3
2018010143871,2,1,0,18,0,1,0,0,0,0,4,1,1,2,49,8,-1,-1,-1,1,1,1
2018010143878,1,9,0,-1,-1,0,-1,-1,-1,-1,2,1,6,2,-1,-1,998,1,-1,4,1,4
2018010143878,2,9,-1,-1,-1,0,-1,-1,-1,-1,-1,1,6,1,27,6,999,1,-1,7,1,7
2018010143883,1,1,-1,-1,-1,-1,-1,-1,-1,-1,-1,1,2,2,33,6,-1,-1,-1,4,1,4
2018010143885,1,21,1,11,0,0,0,0,0,0,4,1,1,1,49,8,-1,2,15,5,1,5
2018010143885,2,9,0,18,0,0,1,0,0,0,3,1,6,1,35,6,1596,1,7,3,1,3
2018010143885,3,8,0,18,0,0,0,0,0,0,1,1,1,1,63,9,2148,2,8,3,1,3
2018010143887,1,9,-1,-1,-1,0,-1,-1,-1,-1,-1,-1,6,3,-1,-1,1798,8,-1,-1,-1,-1
2018010143888,1,9,-1,18,-1,-1,-1,-1,0,0,-1,-1,6,2,38,7,1248,1,6,3,1,3
2018010143888,2,9,-1,18,-1,-1,-1,-1,0,0,-1,-1,6,1,-1,-1,1598,1,8,8,1,8
2018010143893,1,1,0,18,0,8,0,0,0,0,1,1,2,1,27,6,-1,-1,-1,6,1,6
2018010143893,2,8,0,9,0,1,0,0,0,0,4,1,1,1,46,8,1798,8,3,7,1,7
2018010143900,1,19,0,5,0,0,0,4,0,0,1,1,2,1,43,7,2148,2,12,-1,-1,-1
2018010143900,2,9,0,3,0,0,0,4,0,0,2,1,6,2,20,4,1796,1,8,4,1,4
2018010143900,3,9,0,3,0,0,0,4,0,0,2,1,4,1,45,7,1341,1,13,4,1,4
2018010143900,4,9,0,3,0,0,0,0,0,0,2,1,4,1,40,7,1598,1,2,6,1,6
2018010143902,1,9,0,-1,-1,-1,-1,-1,-1,-1,2,-1,6,1,25,5,1995,2,11,4,1,4
2018010143902,2,9,0,-1,-1,-1,-1,-1,-1,-1,1,-1,6,3,-1,-1,1329,1,9,-1,-1,-1
2018010143904,1,19,0,18,0,2,0,0,0,0,3,1,1,1,46,8,1598,2,10,2,1,2
2018010143905,1,21,1,18,0,0,0,0,0,0,3,1,1,1,40,7,10837,2,2,6,1,6
2018010143908,1,19,0,10,0,1,0,0,0,0,1,1,1,1,62,9,1997,2,2,4,1,4
2018010143908,2,1,0,18,0,1,0,0,0,0,1,1,1,1,40,7,-1,-1,-1,4,1,4
2018010143910,1,9,0,18,0,2,0,10,1,10,1,1,6,2,69,10,1360,1,9,2,1,2
2018010143910,2,1,0,18,0,6,0,0,0,0,1,1,6,1,25,5,-1,-1,-1,4,1,4
2018010143911,1,9,0,9,0,1,0,0,0,0,1,1,6,2,35,6,2319,1,17,4,1,4
2018010143911,2,9,0,18,0,1,1,0,0,0,4,1,6,2,42,7,1870,2,12,6,1,6
2018010143912,1,19,0,18,0,3,0,0,0,0,4,1,1,1,57,9,1995,2,-1,6,1,6
2018010143913,1,5,0,-1,-1,-1,-1,-1,-1,-1,-1,1,2,1,66,10,745,1,12,8,1,8
2018010143914,1,9,0,18,0,8,0,0,0,0,1,1,6,1,36,7,998,1,5,4,1,4
2018010143914,2,9,0,9,0,8,0,0,0,0,4,1,6,1,81,11,1796,1,12,3,1,3
2018010143917,1,9,0,4,0,1,0,0,0,0,2,1,6,2,47,8,1329,1,7,5,1,5
2018010143917,2,9,0,18,0,1,0,0,0,0,1,1,2,1,50,8,2191,2,3,2,3,2
2018010143920,1,4,0,18,0,0,0,0,0,0,4,1,1,1,22,5,108,1,1,3,1,3
2018010143921,1,3,0,18,0,1,0,0,0,0,0,1,1,1,39,7,108,1,2,5,1,5
2018010143921,2,9,0,9,0,1,0,0,0,0,0,1,6,1,32,6,1596,1,8,4,-1,4
2018010143924,1,9,0,7,0,5,0,0,0,0,4,1,6,3,-1,-1,2993,2,6,-1,-1,-1
2018010143924,2,1,0,18,4,8,0,0,0,0,3,1,6,2,26,6,-1,-1,-1,3,1,3
2018010143926,1,9,0,16,0,0,0,11,0,0,2,1,6,1,49,8,1229,1,10,5,1,5
2018010143926,2,9,0,16,0,0,0,0,0,0,1,1,6,2,31,6,1560,2,2,3,1,3
2018010143926,3,9,0,16,0,0,0,0,0,0,1,1,6,1,31,6,1956,2,7,8,1,8
2018010143926,4,9,0,16,0,0,0,0,0,0,1,1,6,2,29,6,1968,2,10,4,1,4
2018010143927,1,9,3,9,0,6,0,0,0,0,1,1,6,1,45,7,1360,1,14,6,1,6
2018010143927,2,5,0,18,0,1,5,0,0,0,1,1,2,1,40,7,998,1,1,3,1,3
2018010143933,1,90,0,2,0,2,0,0,0,0,0,1,6,3,-1,-1,-1,-1,-1,-1,-1,-1
2018010143933,2,90,1,18,0,2,0,4,0,0,4,1,1,1,37,7,-1,-1,-1,7,3,7
2018010143935,1,1,0,18,0,8,0,0,0,0,4,1,2,1,23,5,-1,-1,-1,8,1,8
2018010143935,2,9,0,18,0,8,0,0,0,0,1,1,6,2,35,6,2776,2,4,7,1,7
2018010143936,1,9,0,7,0,1,0,0,0,0,4,1,3,2,48,8,998,1,16,4,1,4
2018010143936,2,1,0,18,2,1,0,0,0,0,1,1,2,1,28,6,-1,-1,-1,3,1,3
2018010143937,1,9,-1,3,0,-1,-1,-1,-1,0,3,1,6,1,41,7,1968,2,3,6,1,6
2018010143938,1,9,0,3,0,1,0,0,0,0,1,1,1,1,50,8,1339,8,8,-1,-1,-1
2018010143938,2,19,0,1,0,1,0,0,0,0,2,1,2,1,28,6,2148,2,12,3,1,3
2018010143940,1,8,0,6,0,1,0,0,0,0,3,1,6,1,44,7,1968,2,1,5,1,5
2018010143940,2,20,0,18,0,1,0,0,0,0,1,1,6,1,49,8,-1,-1,-1,2,1,2
2018010143944,1,9,0,9,0,5,0,0,0,0,3,1,6,2,72,10,1198,1,1,5,1,5
2018010143949,1,9,0,9,0,5,0,0,0,0,1,1,6,1,67,10,1198,1,3,-1,-1,-1
2018010143949,2,1,0,18,0,8,0,0,0,0,3,1,2,1,30,6,-1,-1,-1,5,1,5
2018010143951,1,1,-1,-1,-1,-1,-1,-1,-1,-1,-1,1,2,1,37,7,-1,-1,-1,5,1,5
2018010143951,2,9,0,-1,-1,-1,-1,-1,-1,-1,1,-1,6,3,-1,-1,1596,1,14,1,1,1
2018010143955,1,3,0,18,0,1,1,0,0,0,1,1,2,1,24,5,124,1,7,5,1,5
2018010143958,1,9,0,-1,-1,-1,-1,-1,-1,-1,2,1,2,1,51,8,1995,2,12,3,1,3
2018010143958,2,9,-1,-1,-1,-1,-1,-1,-1,-1,-1,1,6,3,-1,-1,1600,1,19,-1,-1,-1
2018010143968,1,5,0,18,0,1,0,0,0,0,4,1,6,2,22,5,689,1,1,8,1,8
2018010143968,2,9,0,9,0,2,0,0,0,0,1,1,6,2,40,7,1699,1,12,7,1,7
2018010143968,3,9,0,3,0,2,0,0,0,0,1,1,6,1,57,9,2143,2,5,7,1,7
2018010143978,1,19,0,3,0,1,0,0,0,0,0,1,6,1,43,7,1499,2,2,1,1,1
2018010143978,2,19,0,1,0,1,0,4,0,0,2,1,2,1,30,6,1995,2,-1,5,1,5
2018010143980,1,1,-1,-1,-1,0,-1,-1,-1,-1,-1,1,6,1,38,7,-1,-1,-1,3,1,3
2018010143980,2,1,-1,-1,-1,0,-1,-1,-1,-1,-1,1,6,1,-1,-1,-1,-1,-1,4,1,4
2018010143982,1,1,-1,-1,-1,-1,-1,-1,-1,-1,1,1,2,1,33,6,-1,-1,-1,3,1,3
2018010143982,2,9,-1,-1,-1,-1,-1,-1,-1,-1,-1,-1,6,3,-1,-1,1598,2,8,-1,-1,-1
2018010143994,1,3,0,18,0,2,0,0,0,0,1,1,1,1,39,7,125,1,5,2,1,2
2018010143994,2,19,0,9,0,2,0,0,0,0,3,1,1,1,46,8,2143,2,-1,2,1,2
2018010144003,1,11,0,18,0,0,0,0,0,0,3,1,1,2,39,7,6700,2,7,6,1,6
2018010144004,1,11,0,5,0,1,0,0,0,0,0,1,1,1,51,8,9000,2,8,2,1,2
2018010144004,2,9,0,7,0,6,0,0,0,0,0,1,6,1,48,8,1910,2,12,6,1,6
2018010144006,1,9,0,18,0,0,0,0,0,0,1,1,6,1,44,7,-1,-1,-1,2,1,2
2018010144010,1,9,0,18,0,1,0,0,0,0,1,1,6,1,27,6,1242,1,12,2,1,2
2018010144012,1,9,0,3,0,2,0,0,0,0,1,1,6,2,66,10,1396,1,7,-1,-1,-1
2018010144017,1,9,0,18,0,1,0,0,0,0,1,1,6,1,70,10,1364,1,-1,1,1,1
2018010144018,1,19,0,18,0,1,0,0,0,0,1,1,1,1,42,7,1560,2,2,5,1,5
2018010144018,2,11,0,3,0,1,0,0,0,0,2,1,6,1,-1,-1,4500,2,3,7,1,7
2018010144019,1,1,-1,-1,-1,-1,-1,-1,-1,-1,1,1,2,1,30,6,-1,-1,-1,8,1,8
2018010144019,2,9,0,-1,-1,-1,-1,-1,-1,-1,-1,-1,6,3,-1,-1,1498,1,9,3,1,3
2018010144022,1,9,0,-1,-1,-1,-1,-1,-1,-1,-1,-1,6,2,49,8,1598,1,13,8,1,8
2018010144022,2,9,-1,1,0,-1,-1,-1,-1,0,-1,-1,6,3,-1,-1,2987,2,12,-1,-1,-1
2018010144027,1,9,0,18,0,0,0,0,0,0,4,1,6,2,55,8,1598,1,13,2,1,2
2018010144030,1,9,0,18,0,2,0,0,0,0,1,1,6,1,78,11,1796,1,12,-1,-1,-1
2018010144031,1,5,0,13,0,1,1,0,0,0,1,1,6,1,45,7,645,1,18,7,1,7
2018010144033,1,19,0,9,0,5,0,0,0,0,0,1,2,1,50,8,2461,2,11,3,1,3
2018010144033,2,3,0,18,0,1,0,0,0,0,0,1,1,1,25,5,108,1,-1,3,1,3
2018010144036,1,9,0,7,0,5,0,0,0,0,1,1,6,1,59,9,1497,8,14,4,1,4
2018010144037,1,9,0,7,0,0,0,0,0,0,4,1,6,2,37,7,2967,2,4,5,1,5
2018010144037,2,9,0,18,0,0,0,0,0,0,1,2,6,1,65,9,1248,2,13,2,1,2
2018010144040,1,9,0,7,0,2,0,0,0,0,3,1,6,2,74,10,1598,2,2,-1,-1,-1
2018010144040,2,9,0,18,0,2,0,0,0,0,4,1,6,1,52,8,2199,2,7,3,1,3
2018010144041,1,9,0,18,0,8,5,10,1,2,1,1,6,2,76,11,1598,1,11,5,1,5
2018010144043,1,3,0,18,0,1,0,0,0,0,1,1,1,1,30,6,108,1,2,6,1,6
2018010144043,2,9,0,13,0,1,0,0,0,0,2,1,6,1,54,8,1798,8,-1,4,1,4
2018010144046,1,9,0,9,0,2,0,0,0,0,1,1,6,2,68,10,1396,1,17,8,1,8
2018010144046,2,1,0,18,0,1,0,0,0,0,1,1,6,1,56,9,-1,-1,-1,2,1,2
2018010144057,1,5,0,18,0,1,2,0,0,0,0,1,6,1,55,8,989,1,30,5,1,5
2018010144057,2,9,0,5,0,5,0,0,0,0,0,1,6,1,40,7,2979,1,10,8,1,8
2018010144058,1,9,0,7,0,8,0,0,0,0,0,1,1,1,24,5,-1,-1,-1,6,1,6
2018010144058,2,1,0,13,0,8,0,0,0,0,0,1,6,1,26,6,-1,-1,-1,2,1,2
2018010144059,1,9,0,-1,-1,-1,-1,-1,-1,-1,-1,-1,6,3,-1,-1,2720,2,10,-1,-1,-1
2018010144062,1,11,0,18,0,1,0,0,0,0,0,1,1,1,44,7,4500,2,2,4,1,4
2018010144063,1,9,0,18,0,0,0,0,0,0,1,1,6,1,27,6,1399,1,1,4,1,4
2018010144063,2,9,0,18,0,0,0,0,0,0,1,1,6,2,23,5,1198,1,5,6,3,6
2018010144063,3,9,0,13,0,0,0,0,0,0,3,1,2,1,29,6,1995,2,13,10,1,10
2018010144064,1,9,0,13,0,2,0,0,0,0,4,1,2,1,57,9,1968,2,11,6,1,6
2018010144064,2,2,0,18,0,2,2,0,0,0,1,1,1,1,50,8,109,1,5,5,1,5
2018010144066,1,9,0,18,0,1,0,0,0,0,4,1,2,1,28,6,1497,8,3,9,1,9
2018010144066,2,3,0,4,0,1,0,0,0,0,2,1,1,1,50,8,125,1,-1,4,1,4
2018010144068,1,9,0,5,0,0,0,0,0,0,1,1,6,1,31,6,1997,1,13,5,1,5
2018010144068,2,5,0,18,9,0,1,0,0,0,1,1,6,1,33,6,798,1,4,5,1,5
2018010144070,1,9,0,18,0,2,0,0,0,0,1,1,6,3,-1,-1,-1,-1,-1,-1,-1,-1
2018010144079,1,9,0,7,0,1,0,0,0,0,4,1,2,1,53,8,1998,2,12,8,1,8
2018010144079,2,1,0,7,0,2,0,0,0,0,1,1,2,1,51,8,-1,-1,-1,6,2,6
2018010144080,1,2,0,5,0,2,0,0,0,0,0,1,6,1,32,6,124,1,2,1,1,1
2018010144080,2,19,0,9,0,2,0,0,0,0,0,1,6,1,48,8,1598,2,2,3,1,3
2018010144082,1,9,0,9,0,6,0,0,0,0,1,1,6,2,43,7,1753,2,9,3,1,3
2018010144083,1,8,0,18,0,2,0,0,0,0,1,1,2,1,46,8,1797,8,4,4,1,4
2018010144084,1,9,0,-1,-1,-1,-1,-1,-1,-1,2,-1,6,1,43,7,999,1,2,2,1,2
2018010144084,2,9,0,-1,-1,-1,-1,-1,-1,-1,1,-1,6,3,29,6,1997,1,4,8,1,8
2018010144088,1,9,0,18,0,1,0,0,0,0,0,1,2,1,66,10,1242,1,17,2,1,2
2018010144090,1,11,0,18,0,-1,0,-1,0,0,1,1,6,3,-1,-1,-1,-1,-1,-1,-1,-1
2018010144094,1,19,0,4,0,0,0,0,0,0,2,1,1,1,31,6,1995,2,-1,3,1,3
2018010144094,2,9,0,4,0,0,0,0,0,0,2,1,6,1,57,9,1461,2,1,7,1,7
2018010144094,3,19,0,4,0,0,0,0,0,0,2,1,1,1,45,7,1560,2,2,3,1,3
2018010144094,4,9,0,4,0,0,0,0,0,0,1,1,6,1,49,8,1797,8,8,10,1,10
2018010144105,1,8,0,18,0,0,0,0,0,0,2,1,1,1,32,6,1797,8,4,9,1,9
2018010144105,2,9,0,18,0,0,0,0,0,0,1,1,6,2,38,7,1390,1,15,8,1,8
2018010144107,1,9,0,-1,0,1,0,0,0,0,2,-1,6,2,34,6,999,1,1,2,1,2
2018010144107,2,20,0,-1,0,1,0,0,0,0,1,-1,6,1,29,6,5880,2,10,1,1,1
2018010144108,1,9,0,18,0,4,0,0,0,0,3,1,6,1,31,6,998,1,13,2,1,2
2018010144108,2,9,0,7,0,6,0,0,0,0,4,1,6,2,33,6,1598,2,3,1,1,1
2018010144109,1,9,0,7,0,5,0,0,0,0,4,1,1,1,53,8,2143,2,2,2,1,2
2018010144109,2,3,0,18,2,6,0,0,0,0,1,1,1,1,29,6,125,1,2,10,1,10
2018010144110,1,9,0,-1,-1,-1,-1,-1,-1,-1,-1,-1,6,2,57,9,1796,1,13,6,1,6
2018010144110,2,19,-1,-1,-1,-1,-1,-1,-1,-1,-1,-1,6,3,-1,-1,4250,2,6,-1,-1,-1
2018010144114,1,8,0,18,0,1,0,0,0,0,3,1,1,1,53,8,2499,2,11,7,1,7
2018010144114,2,19,0,7,0,1,0,0,0,0,1,1,1,1,55,8,2198,2,4,-1,-1,-1
2018010144115,1,9,0,18,0,0,0,0,0,0,1,1,2,1,25,5,1388,1,15,5,1,5
2018010144115,2,9,0,18,0,0,0,0,1,0,1,1,2,1,42,7,647,8,2,5,1,5
2018010144117,1,9,0,7,0,1,0,0,0,0,4,1,1,2,20,4,1598,2,3,3,1,3
2018010144117,2,1,0,18,0,1,0,0,0,0,1,1,1,1,31,6,-1,-1,-1,9,1,9
2018010144121,1,19,0,18,4,0,0,0,0,0,4,1,1,1,32,6,1997,2,-1,-1,-1,-1
2018010144121,2,1,0,18,4,0,0,0,0,0,3,1,2,1,49,8,-1,-1,-1,3,1,3
2018010144125,1,8,0,3,0,2,0,0,0,0,4,1,1,1,31,6,1797,8,8,3,1,3
2018010144125,2,1,0,15,4,2,0,8,0,0,1,1,6,1,27,6,-1,-1,-1,9,1,9
2018010144126,1,19,0,18,0,6,0,0,0,0,1,1,1,1,30,6,1796,7,14,3,1,3
2018010144130,1,9,0,18,0,1,0,4,0,0,1,1,2,1,57,9,1197,1,3,5,1,5
2018010144130,2,9,0,2,0,1,0,0,0,0,2,1,6,3,-1,-1,1590,1,16,-1,-1,-1
2018010144131,1,8,0,5,0,0,0,7,0,0,1,1,2,1,64,9,2499,2,5,5,1,5
2018010144132,1,1,0,18,0,8,5,0,0,0,0,1,6,1,32,6,-1,-1,-1,2,1,2
2018010144132,2,9,0,9,0,8,0,0,0,0,0,-1,6,1,-1,-1,2179,2,7,-1,-1,-1
2018010144133,1,9,0,6,0,8,0,0,0,0,3,1,6,1,47,8,1229,1,11,7,1,7
2018010144133,2,1,0,14,0,8,0,0,0,0,1,1,2,2,31,6,-1,-1,-1,10,1,10
2018010144140,1,9,0,6,0,0,0,0,0,0,3,1,6,1,26,6,1797,8,8,5,1,5
2018010144140,2,4,0,13,0,0,0,0,0,0,1,1,1,1,47,8,689,1,1,6,1,6
2018010144146,1,90,0,4,0,1,0,0,0,0,1,1,1,1,33,6,-1,-1,-1,4,1,4
2018010144146,2,9,0,4,0,1,0,0,0,0,2,1,2,2,42,7,-1,-1,-1,5,3,5
2018010144146,3,9,0,18,0,1,0,0,0,0,2,1,1,2,55,8,1797,8,4,4,1,4
2018010144147,1,9,0,-1,-1,-1,-1,-1,-1,-1,1,-1,6,3,-1,-1,-1,-1,-1,6,1,6
2018010144151,1,9,0,4,0,1,0,0,0,0,1,1,6,2,42,7,2720,2,13,3,1,3
2018010144151,2,9,0,4,0,1,0,0,0,0,2,1,1,1,43,7,2231,2,12,3,1,3
2018010144152,1,9,0,13,0,1,0,0,0,0,3,1,2,2,25,5,1242,1,4,-1,-1,-1
2018010144152,2,5,0,13,0,1,5,0,0,0,4,1,2,1,41,7,800,1,2,-1,-1,-1
2018010144154,1,8,0,5,0,1,0,0,0,0,1,1,2,1,42,7,1800,8,7,3,1,3
2018010144154,2,1,0,18,0,1,0,0,0,0,4,1,6,1,51,8,-1,-1,-1,3,1,3
2018010144157,1,9,0,7,0,1,0,0,0,0,3,1,2,2,40,7,1995,2,6,3,1,3
2018010144157,2,1,0,18,0,1,0,0,0,0,1,1,6,1,28,6,-1,-1,-1,5,1,5
2018010144158,1,19,0,18,0,1,0,0,0,0,1,1,1,1,62,9,-1,-1,-1,-1,-1,-1
2018010144161,1,19,0,10,0,1,0,0,0,0,3,1,1,1,31,6,-1,-1,-1,5,1,5
2018010144161,2,9,0,1,0,1,0,0,0,0,1,1,6,1,54,8,2143,2,1,4,1,4
2018010144163,1,8,0,3,0,0,-1,-1,0,0,2,-1,1,3,-1,-1,-1,-1,-1,-1,-1,-1
2018010144167,1,9,0,1,0,1,0,0,0,0,2,1,6,1,90,11,1598,2,5,5,1,5
2018010144167,2,9,0,18,0,2,0,0,0,0,3,1,6,1,43,7,1797,8,7,4,1,4
2018010144167,3,9,0,7,0,1,0,0,0,0,1,1,6,2,27,6,1598,1,6,5,1,5
2018010144168,1,9,0,18,-1,-1,-1,0,-1,0,-1,1,6,1,30,6,1800,8,6,2,1,2
2018010144169,1,9,0,9,0,3,0,0,0,0,3,1,6,1,29,6,1248,1,1,1,1,1
2018010144172,1,8,0,4,0,2,0,0,0,0,2,1,1,1,51,8,1798,8,-1,4,1,4
2018010144172,2,9,0,3,0,2,0,0,0,0,1,1,2,1,29,6,1598,1,7,-1,-1,-1
2018010144176,1,9,0,18,0,2,0,0,0,0,4,1,2,2,43,7,996,1,7,-1,-1,-1
2018010144177,1,9,0,3,-1,-1,-1,-1,-1,-1,2,-1,6,2,34,6,2967,2,5,9,1,9
2018010144177,2,9,0,-1,-1,-1,-1,-1,-1,-1,1,-1,6,3,51,8,-1,-1,-1,6,1,6
2018010144178,1,9,0,9,0,5,0,0,0,0,4,1,2,2,45,7,1596,1,11,2,1,2
2018010144178,2,5,0,18,0,1,0,0,0,0,1,1,2,1,43,7,988,1,17,4,3,4
2018010144179,1,9,0,9,0,8,0,0,0,0,1,1,2,2,39,7,1240,1,13,7,1,7
2018010144179,2,3,0,18,0,8,0,0,0,0,3,1,2,1,58,9,-1,-1,-1,7,1,7
2018010144182,1,2,0,18,0,2,2,10,1,10,0,1,4,1,16,4,50,1,9,3,1,3
2018010144182,2,9,0,9,0,6,0,0,0,0,0,1,6,3,-1,-1,1997,1,13,-1,-1,-1
2018010144184,1,9,0,18,0,6,0,0,0,0,3,-1,6,2,30,6,-1,-1,-1,6,1,6
2018010144184,2,9,0,18,0,6,0,0,0,0,1,-1,6,3,37,7,2143,2,3,2,1,2
2018010144190,1,5,0,-1,-1,-1,-1,-1,-1,-1,1,1,2,1,32,6,782,1,8,9,1,9
2018010144190,2,19,0,-1,-1,-1,-1,-1,-1,-1,-1,-1,6,3,-1,-1,2198,2,9,2,1,2
2018010144191,1,5,0,13,0,1,1,0,0,0,1,1,1,2,52,8,649,1,-1,2,1,2
2018010144191,2,8,0,6,0,1,0,0,0,0,3,1,1,1,27,6,1242,1,8,-1,-1,-1
2018010144193,1,9,0,9,0,5,0,0,0,0,3,1,2,1,64,9,2993,2,6,3,1,3
2018010144193,2,3,0,18,0,8,0,0,0,0,1,1,1,1,33,6,124,1,6,5,1,5
2018010144194,1,9,0,-1,-1,-1,-1,-1,-1,-1,1,-1,6,1,56,9,1348,1,16,4,1,4
2018010144194,2,9,0,-1,-1,-1,-1,-1,-1,-1,1,-1,6,3,18,4,1598,2,2,6,1,6
2018010144199,1,11,0,18,0,0,0,0,0,0,0,1,1,1,60,9,4500,2,7,3,1,3
2018010144205,1,9,0,7,0,8,0,0,0,0,1,1,6,1,42,7,1248,2,8,-1,-1,-1
2018010144206,1,4,0,17,0,3,0,0,0,0,1,1,6,1,39,7,247,1,5,3,1,3
2018010144206,2,19,0,17,0,3,0,0,0,0,3,1,1,1,27,6,1998,2,12,4,1,4
2018010144211,1,9,0,9,0,6,0,0,0,0,1,1,6,1,53,8,1998,2,10,8,1,8
2018010144212,1,9,0,4,0,1,0,0,0,0,1,1,6,3,-1,-1,-1,-1,-1,-1,-1,-1
2018010144216,1,1,-1,-1,-1,0,-1,-1,-1,-1,1,1,2,1,59,9,-1,-1,-1,7,1,7
2018010144216,2,9,0,-1,-1,0,-1,-1,-1,-1,-1,-1,6,1,50,8,2993,2,5,9,1,9
2018010144226,1,9,0,7,9,5,0,0,7,0,1,1,2,2,65,9,2993,2,7,3,1,3
2018010144226,2,9,0,10,0,2,0,0,0,0,1,1,2,2,19,4,1398,1,3,3,1,3
2018010144226,3,9,0,3,0,2,0,0,0,0,2,1,1,2,44,7,1998,2,7,2,1,2
2018010144227,1,9,0,18,0,8,0,0,0,0,4,1,3,2,29,6,1582,2,2,3,1,3
2018010144232,1,3,0,18,0,0,0,0,0,0,1,1,6,1,18,4,125,1,1,5,1,5
2018010144233,1,1,-1,-1,-1,-1,-1,-1,-1,-1,-1,1,6,2,32,6,-1,-1,-1,2,1,2
2018010144233,2,9,-1,-1,-1,-1,-1,-1,-1,-1,-1,-1,6,3,-1,-1,1956,2,6,-1,-1,-1
2018010144234,1,11,0,15,0,2,0,0,0,0,2,1,1,1,38,7,5132,2,1,1,1,1
2018010144234,2,19,0,18,0,1,0,0,1,0,4,1,6,1,33,6,2298,2,7,2,1,2
2018010144239,1,19,0,18,0,0,0,0,0,0,1,1,6,3,-1,-1,-1,-1,-1,-1,-1,-1
2018010144239,2,1,0,12,0,0,5,0,0,0,2,1,1,2,26,6,-1,-1,-1,3,1,3
2018010144240,1,9,0,-1,-1,-1,-1,-1,-1,-1,2,-1,6,2,27,6,1968,2,6,1,1,1
2018010144240,2,9,0,-1,-1,-1,-1,-1,-1,-1,1,-1,6,1,-1,-1,-1,-1,-1,2,1,2
2018010144242,1,9,0,16,0,2,0,7,0,0,1,1,6,1,35,6,1596,1,8,1,1,1
2018010144247,1,9,0,4,0,0,0,0,0,0,2,1,6,2,76,11,1397,1,17,6,1,6
2018010144247,2,1,0,18,0,0,0,0,0,0,1,1,1,1,47,8,-1,-1,-1,7,1,7
2018010144248,1,9,0,7,5,0,0,0,0,0,1,1,6,1,78,11,1497,8,3,6,1,6
2018010144248,2,1,0,4,5,0,0,4,0,0,1,1,2,1,20,4,-1,-1,-1,6,1,6
2018010144249,1,9,0,5,0,8,0,0,0,0,1,1,6,1,45,7,1200,1,-1,3,1,3
2018010144249,2,3,0,18,0,8,0,0,0,0,1,1,6,1,22,5,125,1,12,5,1,5
2018010144257,1,9,0,9,0,8,0,0,0,0,4,1,6,1,86,11,1870,2,9,-1,-1,-1
2018010144257,2,9,0,18,0,8,0,0,0,0,1,1,6,2,50,8,1595,1,2,-1,-1,-1
2018010144266,1,3,0,14,0,2,5,0,0,0,1,1,2,1,49,8,124,1,4,2,1,2
2018010144269,1,1,-1,-1,-1,-1,-1,-1,-1,-1,-1,1,2,1,35,6,-1,-1,-1,3,1,3
2018010144269,2,8,0,-1,-1,-1,-1,-1,-1,-1,1,-1,6,3,-1,-1,2402,2,13,1,1,1
2018010144272,1,19,0,18,0,1,0,0,0,0,3,1,6,1,45,7,2287,2,7,6,1,6
2018010144272,2,8,0,18,0,1,0,0,0,0,1,1,1,1,49,8,2143,2,7,3,1,3
2018010144273,1,90,0,18,0,0,0,0,0,0,3,1,6,3,-1,-1,-1,-1,-1,-1,-1,-1
2018010144276,1,3,0,-1,-1,-1,-1,-1,-1,-1,-1,1,2,1,39,7,124,1,4,3,1,3