Accident_Index,Vehicle_Reference,Vehicle_Type,Towing_and_Articulation,Vehicle_Manoeuvre,Vehicle_Location-Restricted_Lane,Junction_Location,Skidding_and_Overturning,Hit_Object_in_Carriageway,Vehicle_Leaving_Carriageway,Hit_Object_off_Carriageway,1st_Point_of_Impact,Was_Vehicle_Left_Hand_Drive?,Journey_Purpose_of_Driver,Sex_of_Driver,Age_of_Driver,Age_Band_of_Driver,Engine_Capacity_(CC),Propulsion_Code,Age_of_Vehicle,Driver_IMD_Decile,Driver_Home_Area_Type,Vehicle_IMD_Decile
2018010144654,1,9,0,18,0,0,0,0,0,0,4,1,6,1,58,9,2685,2,16,6,1,6
2018010144657,1,9,0,-1,-1,-1,-1,-1,-1,-1,2,-1,6,1,53,8,1399,1,2,7,1,7
2018010144658,1,9,0,4,0,0,0,0,1,0,2,1,6,1,40,7,1968,2,1,4,1,4
2018010144658,2,9,0,4,0,0,0,0,0,0,2,1,6,1,52,8,-1,-1,-1,1,1,1
2018010144658,3,9,0,4,0,0,0,0,0,0,2,1,6,1,59,9,-1,-1,-1,-1,-1,-1
2018010144658,4,8,0,4,0,0,0,0,0,0,1,1,1,1,53,8,1798,8,6,3,1,3
2018010144658,5,9,0,18,0,0,0,0,0,0,4,1,6,2,43,7,1590,1,13,3,1,3
2018010144658,6,9,0,18,0,0,0,0,1,0,3,1,6,1,41,7,1796,1,15,2,1,2
2018010144659,1,9,0,-1,-1,0,-1,-1,-1,-1,1,-1,6,1,28,6,1390,1,16,2,1,2
2018010144659,2,9,-1,1,-1,0,-1,-1,-1,-1,-1,-1,6,3,-1,-1,2000,1,11,-1,-1,-1
2018010144660,1,1,0,18,9,8,0,0,0,0,1,1,6,3,17,4,-1,-1,-1,-1,-1,-1
2018010144662,1,1,-1,-1,-1,-1,-1,-1,-1,-1,-1,1,6,1,54,8,-1,-1,-1,3,1,3
2018010144662,2,9,0,-1,-1,-1,-1,-1,-1,-1,1,-1,6,3,-1,-1,1364,1,11,-1,-1,-1
2018010144666,1,2,0,-1,-1,-1,-1,-1,-1,-1,1,1,6,3,-1,-1,-1,-1,-1,-1,-1,-1
2018010144669,1,1,0,18,0,8,0,0,0,0,1,1,2,1,56,9,-1,-1,-1,2,1,2
2018010144669,2,9,0,18,0,2,0,0,0,0,1,1,6,1,18,4,-1,-1,-1,-1,-1,-1
2018010144671,1,9,0,6,0,0,0,0,0,0,4,2,6,1,31,6,3969,1,18,5,1,5
2018010144671,2,3,0,18,0,0,0,0,0,0,1,1,6,1,35,6,102,1,4,8,1,8
2018010144672,1,9,0,4,0,1,0,0,0,0,1,1,6,2,38,7,1341,1,13,3,1,3
2018010144672,2,9,0,3,0,1,0,4,0,0,0,1,6,1,38,7,-1,-1,-1,2,1,2
2018010144672,3,9,0,3,0,1,0,0,0,0,2,1,6,1,44,7,1999,2,2,6,1,6
2018010144675,1,9,0,3,0,8,0,0,0,0,2,-1,6,1,32,6,1995,2,5,3,1,3
2018010144675,2,9,0,18,0,8,0,0,0,0,2,-1,6,3,-1,-1,1596,1,13,-1,-1,-1
2018010144677,1,19,0,3,0,1,0,0,0,0,2,1,6,1,50,8,-1,-1,-1,9,1,9
2018010144677,2,9,0,4,0,1,0,0,0,0,1,1,6,2,41,7,1995,2,7,8,1,8
2018010144678,1,9,0,18,0,2,0,0,0,0,1,1,6,1,35,6,1797,8,7,10,1,10
2018010144681,1,4,0,18,0,1,1,0,0,0,3,1,1,1,41,7,125,1,3,2,1,2
2018010144682,1,11,0,5,2,0,0,0,0,0,0,1,1,1,38,7,9000,2,8,6,1,6
2018010144682,2,9,0,11,0,0,0,0,0,0,0,2,6,3,-1,-1,-1,-1,-1,-1,-1,-1
2018010144683,1,9,0,-1,-1,0,-1,-1,-1,-1,2,-1,6,2,39,7,1995,2,5,2,1,2
2018010144683,2,9,0,-1,-1,0,-1,-1,-1,-1,1,-1,6,3,-1,-1,2698,2,7,1,1,1
2018010144688,1,11,0,5,0,0,0,0,0,0,0,1,1,1,40,7,4500,2,10,4,1,4
2018010144689,1,9,0,1,0,1,0,0,0,0,2,1,6,1,32,6,2143,2,7,5,3,5
2018010144689,2,3,0,3,0,1,0,10,0,0,1,1,1,1,21,5,108,1,-1,4,1,4
2018010144691,1,9,0,9,0,8,0,0,3,10,1,1,6,1,55,8,2987,2,13,6,1,6
2018010144691,2,9,0,18,0,8,0,0,0,0,1,1,6,2,29,6,1339,1,11,2,1,2
2018010144699,1,9,0,18,0,1,0,0,0,0,2,1,6,1,35,6,1560,2,6,5,1,5
2018010144700,1,8,0,7,0,1,0,0,0,0,0,1,1,1,43,7,1795,8,4,2,1,2
2018010144701,1,9,0,18,0,0,0,10,0,0,1,1,6,1,39,7,1598,1,18,8,1,8
2018010144702,1,9,0,18,0,4,0,0,0,0,1,1,6,1,34,6,1198,1,2,6,1,6
2018010144702,2,1,0,18,0,4,0,0,0,0,1,1,6,1,32,6,-1,-1,-1,4,1,4
2018010144705,1,9,0,16,0,0,0,0,0,0,3,1,6,1,27,6,1242,1,11,2,1,2
2018010144705,2,9,0,16,0,0,0,0,0,0,3,1,6,1,35,6,1197,1,5,9,1,9
2018010144706,1,9,0,-1,-1,-1,-1,-1,-1,-1,2,-1,6,1,19,4,1596,1,9,1,1,1
2018010144706,2,9,0,-1,-1,-1,-1,-1,-1,-1,1,-1,6,3,-1,-1,-1,-1,-1,-1,-1,-1
2018010144708,1,9,0,9,0,1,0,0,0,0,4,1,6,1,43,7,1995,2,13,7,1,7
2018010144708,2,9,0,18,0,2,0,0,0,0,1,2,6,1,26,6,-1,-1,-1,9,1,9
2018010144710,1,9,0,-1,-1,0,-1,-1,-1,-1,2,-1,6,2,22,5,1390,1,5,6,1,6
2018010144710,2,9,0,-1,-1,0,-1,-1,-1,-1,1,-1,6,2,42,7,1598,1,14,2,1,2
2018010144711,1,9,0,9,0,1,0,0,1,4,1,1,6,2,18,4,1498,1,-1,-1,-1,-1
2018010144712,1,9,0,9,0,1,0,10,0,0,1,1,1,1,34,6,1995,2,2,2,1,2
2018010144713,1,8,0,1,0,1,0,0,0,0,2,1,1,1,53,8,1798,8,1,4,1,4
2018010144713,2,3,0,3,0,1,0,0,0,0,1,1,1,1,37,7,125,1,5,2,1,2
2018010144715,1,9,0,18,0,1,0,0,0,0,1,1,6,2,20,4,1240,1,13,7,1,7
2018010144715,2,9,0,9,0,8,0,0,0,0,1,1,6,1,83,11,898,1,1,10,1,10
2018010144716,1,3,0,13,0,1,0,0,0,0,4,1,6,1,35,6,125,1,3,1,1,1
2018010144716,2,9,0,10,0,1,0,0,0,0,4,1,6,1,59,9,1686,2,5,6,3,6
2018010144718,1,9,0,18,0,0,0,-1,0,0,-1,1,1,1,-1,-1,-1,-1,-1,-1,-1,-1
2018010144723,1,19,0,18,0,1,0,0,0,0,1,1,1,1,63,9,2143,2,7,1,1,1
2018010144724,1,9,0,-1,-1,-1,-1,-1,-1,-1,-1,-1,2,1,44,7,1598,2,3,5,1,5
2018010144724,2,9,0,-1,-1,-1,-1,-1,-1,-1,1,-1,6,3,-1,-1,-1,-1,-1,-1,-1,-1
2018010144726,1,9,0,18,0,8,0,0,0,0,1,1,6,1,26,6,1200,1,4,4,1,4
2018010144728,1,9,0,18,0,1,0,0,0,0,2,1,6,1,47,8,1997,8,1,10,1,10
2018010144728,2,9,0,18,0,1,0,0,0,0,2,1,6,2,47,8,1364,1,9,4,1,4
2018010144728,3,9,0,18,0,2,0,0,0,0,1,1,6,1,29,6,1997,2,4,-1,-1,-1
2018010144730,1,1,0,7,9,1,1,0,0,0,0,1,6,1,29,6,-1,-1,-1,6,1,6
2018010144731,1,9,0,-1,-1,-1,-1,-1,-1,-1,2,-1,6,1,27,6,1598,2,2,2,1,2
2018010144731,2,9,0,-1,-1,-1,-1,-1,-1,-1,1,-1,6,3,-1,-1,1997,2,4,-1,-1,-1
2018010144732,1,9,0,18,0,8,0,0,0,0,1,1,6,3,-1,-1,-1,-1,-1,-1,-1,-1
2018010144733,1,3,0,18,0,0,0,0,0,0,0,1,6,1,45,7,124,1,13,5,1,5
2018010144733,2,9,0,8,0,0,0,0,0,0,0,1,1,1,53,8,1598,1,13,-1,-1,-1
2018010144735,1,9,0,5,0,6,0,0,0,0,1,1,6,2,28,6,1461,2,4,8,1,8
2018010144742,1,9,0,-1,-1,0,-1,-1,-1,-1,-1,1,6,2,48,8,1995,2,5,5,1,5
2018010144742,2,90,0,-1,-1,0,-1,-1,-1,-1,-1,-1,6,3,-1,-1,-1,-1,-1,-1,-1,-1
2018010144744,1,9,0,-1,-1,-1,-1,-1,-1,-1,2,-1,6,2,46,8,1598,2,5,4,1,4
2018010144744,2,9,0,-1,-1,-1,-1,-1,-1,-1,1,-1,6,3,-1,-1,1598,2,4,4,1,4
2018010144744,3,9,0,-1,-1,-1,-1,-1,-1,-1,2,-1,6,3,-1,-1,-1,-1,-1,-1,-1,-1
2018010144746,1,9,0,17,2,1,0,10,1,5,1,1,6,1,47,8,1797,8,6,6,1,6
2018010144747,1,11,0,9,0,2,0,0,0,0,4,1,1,1,58,9,9360,2,8,1,1,1
2018010144749,1,9,-1,18,0,0,0,0,0,0,1,-1,6,3,-1,-1,-1,-1,-1,-1,-1,-1
2018010144750,1,9,0,5,0,1,0,0,0,0,1,1,6,1,65,9,1388,1,7,5,1,5
2018010144750,2,2,0,18,0,1,0,0,0,0,1,1,1,1,18,4,49,1,6,3,1,3
2018010144751,1,9,0,9,0,3,0,11,8,2,1,1,6,2,86,11,-1,-1,-1,2,1,2
2018010144761,1,9,0,18,0,1,0,0,0,0,1,1,6,1,33,6,1398,1,3,2,1,2
2018010144761,2,4,0,10,0,1,5,0,0,0,2,1,6,1,30,6,487,1,19,4,1,4
2018010144767,1,9,0,9,0,2,0,0,0,0,1,1,2,1,52,8,1973,1,17,4,1,4
2018010144768,1,3,0,18,0,2,2,0,0,0,4,1,1,1,23,5,108,1,5,-1,-1,-1
2018010144769,1,8,0,5,0,2,0,0,0,0,1,1,1,1,38,7,1797,8,8,1,1,1
2018010144774,1,4,0,8,0,6,5,0,0,0,2,1,1,1,31,6,124,1,9,2,1,2
2018010144774,2,9,0,4,0,1,0,0,0,0,1,1,1,1,39,7,1242,1,14,1,1,1
2018010144780,1,9,0,18,0,8,0,0,0,0,1,1,6,1,28,6,1991,1,2,4,1,4
2018010144780,2,8,0,18,0,8,0,4,0,0,2,1,1,1,34,6,1798,8,2,3,1,3
2018010144780,3,9,0,2,0,8,0,4,0,0,2,1,6,3,-1,-1,998,1,5,-1,-1,-1
2018010144780,4,9,0,2,0,8,0,4,0,0,1,1,6,3,-1,-1,999,1,2,-1,-1,-1
2018010144780,5,9,0,2,0,8,0,0,0,0,2,1,6,3,-1,-1,1598,1,17,-1,-1,-1
2018010144782,1,9,0,5,0,1,0,0,0,0,1,1,6,1,19,4,1910,2,9,8,1,8
2018010144784,1,9,0,5,0,8,0,0,0,0,1,1,2,1,27,6,1794,1,12,-1,-1,-1
2018010144784,2,9,0,18,0,8,0,0,0,0,1,1,6,1,28,6,1388,1,9,3,1,3
2018010144785,1,9,0,18,0,0,0,0,0,0,1,1,6,1,-1,-1,2993,2,4,-1,-1,-1
2018010144785,2,8,0,3,0,0,0,0,0,0,2,1,1,1,39,7,1560,2,5,4,1,4
2018010144785,3,8,0,3,0,0,0,0,0,0,2,1,1,1,40,7,1798,8,2,4,1,4
2018010144787,1,9,0,18,0,0,1,0,0,0,1,1,1,2,29,6,1595,1,6,2,1,2
2018010144789,1,3,0,-1,-1,-1,-1,-1,-1,-1,-1,1,6,3,-1,-1,-1,-1,-1,-1,-1,-1
2018010144791,1,9,0,-1,-1,-1,-1,-1,-1,-1,1,-1,2,2,29,6,1149,1,8,2,1,2
2018010144791,2,90,0,-1,-1,-1,-1,-1,-1,-1,1,-1,6,3,28,6,-1,-1,-1,-1,-1,-1
2018010144793,1,9,0,-1,-1,-1,-1,-1,-1,-1,-1,-1,6,1,40,7,1598,1,14,9,1,9
2018010144793,2,19,0,-1,-1,-1,-1,-1,-1,-1,-1,-1,6,3,-1,-1,-1,-1,-1,-1,-1,-1
2018010144798,1,11,0,5,0,1,0,0,0,0,0,1,1,1,40,7,5132,2,1,3,1,3
2018010144799,1,11,0,5,0,6,0,0,2,10,0,1,1,1,19,4,-1,-1,-1,-1,-1,-1
2018010144806,1,5,0,-1,-1,-1,-1,-1,-1,-1,1,1,2,1,29,6,599,1,19,1,1,1
2018010144815,1,19,0,-1,-1,0,-1,-1,-1,-1,2,1,6,2,59,9,2148,2,9,5,1,5
2018010144815,2,9,0,-1,-1,0,-1,-1,-1,-1,1,1,6,3,-1,-1,998,1,5,2,1,2
2018010144817,1,9,0,-1,-1,0,-1,-1,-1,-1,1,-1,6,2,71,10,1618,1,4,10,1,10
2018010144824,1,9,0,5,0,0,0,7,0,0,1,1,6,1,89,11,999,1,2,5,1,5
2018010144829,1,90,0,2,0,0,0,0,0,0,0,1,6,3,-1,-1,5132,2,-1,-1,-1,-1
2018010144829,2,9,0,13,0,0,0,0,0,0,0,1,6,1,36,7,2143,2,3,5,1,5
2018010144838,1,8,0,9,0,1,0,0,0,0,0,1,1,1,49,8,1968,2,3,2,1,2
2018010144838,2,9,0,6,0,2,0,0,0,0,0,1,6,1,25,5,1998,1,-1,3,1,3
2018010144840,1,11,0,18,0,8,1,0,1,5,1,1,1,1,61,9,6700,2,8,4,1,4
2018010144840,2,11,0,7,0,8,0,0,0,0,2,1,1,1,47,8,4500,2,6,3,1,3
2018010144840,3,9,0,3,0,8,0,0,0,0,2,1,6,2,28,6,1390,1,21,4,1,4
2018010144841,1,9,0,18,0,8,0,0,0,0,2,1,6,1,44,7,998,1,8,4,1,4
2018010144841,2,19,0,18,0,8,0,0,0,0,1,1,6,1,27,6,1870,2,14,6,1,6
2018010144842,1,3,0,4,0,1,0,0,0,0,1,1,6,1,25,5,-1,-1,-1,2,1,2
2018010144842,2,9,0,1,0,1,0,0,0,0,2,1,6,2,30,6,1498,1,-1,2,1,2
2018010144856,1,9,0,3,0,1,0,0,0,0,2,1,1,1,24,5,1399,1,1,6,1,6
2018010144856,2,9,0,4,0,1,0,0,0,0,1,1,6,1,40,7,1598,1,5,7,1,7
2018010144858,1,9,0,1,0,0,0,0,0,0,2,1,6,3,-1,-1,2204,2,13,-1,-1,-1
2018010144868,1,9,0,18,0,1,0,0,0,0,1,1,6,1,24,5,1968,2,13,3,1,3
2018010144868,2,9,0,18,0,6,0,0,0,0,2,1,6,2,51,8,1200,1,2,2,1,2
2018010144872,1,9,0,-1,-1,-1,-1,-1,-1,-1,1,-1,6,3,-1,-1,1461,2,1,-1,-1,-1
2018010144877,1,9,0,7,0,3,0,0,0,0,4,1,6,2,23,5,1598,1,5,4,1,4
2018010144877,2,1,0,5,0,4,0,0,0,0,1,1,6,1,66,10,-1,-1,-1,9,1,9
2018010144878,1,11,0,9,0,6,0,0,0,0,0,1,1,1,54,8,5132,2,3,5,1,5
2018010144884,1,9,0,18,0,0,0,0,0,0,1,2,6,1,38,7,1339,8,5,1,1,1
2018010144884,2,9,0,18,9,0,0,0,7,2,1,1,6,1,22,5,1598,1,14,2,1,2
2018010144887,1,9,0,18,0,8,0,0,0,0,4,1,6,2,22,5,998,1,-1,-1,-1,-1
2018010144887,2,9,0,18,0,8,0,0,0,0,1,1,2,1,34,6,1797,8,7,1,1,1
2018010144888,1,1,0,15,0,0,0,0,0,0,4,1,6,1,17,4,-1,-1,-1,1,1,1
2018010144888,2,8,0,4,0,0,0,0,0,0,4,1,1,1,52,8,1798,1,5,7,1,7
2018010144896,1,9,0,18,0,0,0,0,0,0,4,1,6,1,28,6,1398,1,13,3,1,3
2018010144901,1,8,0,6,0,1,0,0,0,0,0,1,1,1,52,8,2499,2,3,3,1,3
2018010144901,2,1,0,18,0,1,0,0,0,0,0,1,6,1,21,5,-1,-1,-1,4,1,4
2018010144903,1,9,0,-1,-1,0,-1,-1,-1,-1,2,-1,6,1,39,7,998,1,6,2,1,2
2018010144903,2,9,0,-1,-1,0,-1,-1,-1,-1,1,-1,6,3,-1,-1,2179,2,6,-1,-1,-1
2018010144905,1,3,0,18,0,1,0,0,0,0,1,1,1,1,32,6,125,1,1,5,1,5
2018010144907,1,9,0,5,0,0,0,0,0,0,1,1,6,1,24,5,1995,2,10,3,1,3
2018010144907,2,9,0,18,0,0,0,0,0,0,1,1,6,3,-1,-1,-1,-1,-1,-1,-1,-1
2018010144908,1,9,-1,-1,-1,-1,-1,-1,-1,-1,-1,-1,6,3,-1,-1,-1,-1,-1,-1,-1,-1
2018010144908,2,19,-1,-1,-1,-1,-1,-1,-1,-1,-1,-1,6,1,37,7,1560,2,2,5,1,5
2018010144909,1,3,0,18,0,1,0,0,0,0,1,1,1,1,41,7,108,1,2,6,1,6
2018010144909,2,2,0,9,0,6,0,0,0,0,3,1,1,1,35,6,108,1,-1,6,1,6
2018010144910,1,9,0,-1,-1,-1,-1,-1,-1,-1,2,-1,6,2,51,8,1560,2,4,5,1,5
2018010144910,2,9,0,-1,-1,-1,-1,-1,-1,-1,-1,-1,6,3,37,7,1496,2,3,10,1,10
2018010144913,1,9,0,-1,-1,-1,-1,-1,-1,-1,1,-1,6,2,40,7,2720,2,10,2,1,2
2018010144913,2,11,0,-1,-1,-1,-1,-1,-1,-1,1,-1,6,3,54,8,4500,2,3,4,1,4
2018010144914,1,11,0,18,0,0,0,0,0,0,3,1,1,1,47,8,4500,2,3,1,1,1
2018010144914,2,9,0,11,0,0,0,0,0,0,4,1,6,2,54,8,2179,2,6,1,1,1
2018010144915,1,9,0,18,0,1,0,0,0,0,1,1,1,1,31,6,1797,8,4,2,1,2
2018010144915,2,9,0,18,0,1,0,0,7,10,1,1,2,2,42,7,1368,1,10,2,1,2
2018010144916,1,19,0,4,0,1,0,4,0,0,2,1,1,1,37,7,2148,2,11,5,1,5
2018010144916,2,4,0,3,0,1,0,0,0,0,2,1,1,1,33,6,125,1,-1,4,1,4
2018010144917,1,9,0,18,0,2,0,0,1,0,3,1,6,1,30,6,999,1,3,9,1,9
2018010144917,2,3,0,18,0,2,0,0,0,0,1,1,6,1,33,6,125,1,-1,10,1,10
2018010144920,1,9,0,3,0,0,0,0,0,0,2,1,6,1,48,8,1685,2,4,3,1,3
2018010144920,2,9,0,18,0,0,0,0,0,0,0,1,6,1,21,5,6592,1,1,3,1,3
2018010144923,1,1,-1,-1,-1,-1,-1,-1,-1,-1,1,1,2,2,39,7,-1,-1,-1,5,-1,5
2018010144923,2,8,0,-1,-1,-1,-1,-1,-1,-1,-1,-1,6,3,28,6,-1,-1,-1,1,1,1
2018010144924,1,11,0,18,0,0,0,0,0,0,0,1,1,1,38,7,6692,2,7,4,1,4
2018010144926,1,9,0,-1,-1,-1,-1,-1,-1,-1,2,-1,6,1,38,7,1298,1,15,2,1,2
2018010144926,2,9,0,-1,-1,-1,-1,-1,-1,-1,1,-1,6,3,-1,-1,-1,-1,-1,-1,-1,-1
2018010144927,1,9,0,-1,-1,-1,-1,-1,-1,-1,2,-1,6,2,41,7,1497,1,17,2,1,2
2018010144927,2,9,0,-1,-1,-1,-1,-1,-1,-1,1,-1,6,3,-1,-1,1499,2,3,8,1,8
2018010144928,1,9,0,3,0,1,0,0,0,0,2,1,6,2,51,8,1498,1,10,5,1,5
2018010144928,2,3,0,18,0,1,0,0,0,0,1,1,1,1,25,5,108,1,-1,2,1,2
2018010144931,1,9,0,18,0,0,0,0,0,0,1,1,6,2,79,11,-1,-1,-1,7,1,7
2018010144938,1,5,0,9,0,8,0,0,0,0,4,1,6,1,30,6,599,1,11,7,1,7
2018010144938,2,9,0,18,0,8,0,0,0,0,1,1,6,1,42,7,1995,2,3,3,1,3
2018010144939,1,9,0,-1,-1,0,-1,-1,-1,-1,2,-1,6,2,46,8,1986,2,11,2,1,2
2018010144939,2,19,0,-1,-1,0,-1,-1,-1,-1,1,-1,6,3,-1,-1,-1,-1,-1,-1,-1,-1
2018010144940,1,9,-1,-1,0,-1,-1,-1,-1,-1,-1,-1,6,3,-1,-1,-1,-1,-1,-1,-1,-1
2018010144950,1,9,0,-1,-1,-1,-1,-1,-1,-1,-1,-1,6,1,60,9,1197,1,-1,1,1,1
2018010144954,1,9,0,18,0,1,0,0,0,0,1,1,1,1,40,7,1997,2,1,8,1,8
2018010144954,2,9,0,3,0,1,0,0,0,0,2,1,1,1,49,8,1560,2,7,3,1,3
2018010144954,3,9,0,3,0,1,0,0,0,0,2,1,1,1,42,7,1798,8,4,2,1,2
2018010144958,1,9,0,18,0,8,0,0,0,0,1,1,2,1,43,7,-1,-1,-1,3,1,3
2018010144958,2,9,0,18,0,8,0,0,0,0,4,1,2,1,59,9,1390,1,14,8,1,8
2018010144965,1,9,0,-1,-1,-1,-1,-1,-1,-1,1,1,6,3,-1,-1,-1,-1,-1,-1,-1,-1
2018010144967,1,8,0,3,0,1,0,0,0,0,4,1,1,1,46,8,1791,8,6,2,1,2
2018010144967,2,1,0,15,0,1,0,10,0,0,3,1,1,1,47,8,-1,-1,-1,1,1,1
2018010144968,1,9,0,18,0,0,0,4,0,0,1,1,6,2,73,10,1197,1,2,3,1,3
2018010144968,2,9,0,2,0,0,0,0,0,0,3,1,6,3,-1,-1,1798,1,11,-1,-1,-1
2018010144968,3,9,0,2,0,0,0,0,0,0,2,1,6,3,-1,-1,2143,2,-1,-1,-1,-1
2018010144972,1,9,0,9,0,2,0,0,0,0,1,1,1,1,29,6,1560,2,4,2,1,2
2018010144975,1,9,0,-1,-1,-1,-1,-1,-1,-1,3,-1,6,2,32,6,1995,2,7,8,1,8
2018010144975,2,9,0,-1,-1,-1,-1,-1,-1,-1,4,-1,6,3,89,11,1242,1,17,9,1,9
2018010144980,1,9,0,18,0,1,0,0,0,0,3,1,6,1,37,7,1560,2,3,3,1,3
2018010144980,2,9,0,18,0,-1,0,0,0,0,1,-1,6,2,-1,-1,-1,-1,-1,7,1,7
2018010144981,1,8,0,1,0,0,0,0,0,0,2,1,1,1,55,8,1791,8,6,2,1,2
2018010144988,1,11,0,5,3,1,0,0,0,0,0,1,1,1,62,9,4500,2,2,5,1,5
2018010144989,1,9,-1,-1,-1,-1,-1,-1,-1,-1,-1,-1,6,1,-1,-1,-1,-1,-1,-1,-1,-1
2018010144992,1,1,-1,-1,-1,-1,-1,-1,-1,-1,-1,1,2,1,31,6,-1,-1,-1,-1,-1,-1
2018010144992,2,19,0,-1,-1,-1,-1,-1,-1,-1,-1,-1,6,3,63,9,2198,2,9,5,1,5
2018010144997,1,1,-1,-1,-1,-1,-1,-1,-1,-1,-1,1,6,2,65,9,-1,-1,-1,3,1,3
2018010145000,1,19,0,4,0,6,0,0,1,0,4,1,1,2,28,6,1310,1,5,-1,-1,-1
2018010145000,2,1,0,15,0,8,0,0,0,0,4,1,6,2,24,5,-1,-1,-1,6,1,6
2018010145004,1,1,-1,-1,-1,-1,-1,-1,-1,-1,-1,1,6,1,53,8,-1,-1,-1,8,1,8
2018010145004,2,9,0,-1,-1,-1,-1,-1,-1,-1,-1,-1,6,3,-1,-1,-1,-1,-1,-1,-1,-1
2018010145005,1,9,0,18,0,1,0,0,0,0,1,1,2,2,33,6,1598,1,13,2,1,2
2018010145005,2,9,0,18,0,1,0,0,0,0,3,1,6,1,23,5,2204,2,11,2,1,2
2018010145022,1,1,-1,-1,-1,-1,-1,-1,-1,-1,1,1,2,1,28,6,-1,-1,-1,2,1,2
2018010145022,2,19,0,-1,-1,-1,-1,-1,-1,-1,-1,-1,6,3,-1,-1,1598,2,3,-1,-1,-1
2018010145026,1,9,0,-1,-1,-1,-1,-1,-1,-1,-1,-1,6,1,43,7,1398,1,8,1,1,1
2018010145026,2,9,0,-1,-1,-1,-1,-1,-1,-1,-1,-1,6,3,-1,-1,2143,2,4,10,1,10
2018010145029,1,3,0,4,0,3,0,0,0,0,2,1,2,1,41,7,125,1,3,3,1,3
2018010145029,2,9,0,4,0,3,1,0,0,0,1,1,2,1,54,8,998,1,4,1,1,1
2018010145030,1,9,0,9,0,6,0,0,0,0,1,1,6,1,40,7,1798,8,4,-1,-1,-1
2018010145030,2,1,0,5,0,8,0,0,0,0,1,1,6,2,18,4,-1,-1,-1,-1,-1,-1
2018010145031,1,9,0,18,0,6,0,0,0,0,2,1,1,1,23,5,1796,1,12,2,1,2
2018010145031,2,4,0,18,0,2,0,0,0,0,1,1,1,2,48,8,125,1,2,-1,-1,-1
2018010145034,1,3,0,-1,-1,0,-1,-1,-1,-1,1,1,6,1,44,7,124,1,5,7,1,7
2018010145034,2,9,0,-1,-1,0,-1,-1,-1,-1,-1,-1,6,3,-1,-1,1995,1,14,-1,-1,-1
2018010145037,1,9,0,18,0,0,0,7,0,0,1,2,1,1,37,7,1997,2,3,8,3,8
2018010145041,1,8,0,-1,-1,-1,-1,-1,-1,-1,2,-1,2,1,43,7,1797,8,9,1,1,1
2018010145041,2,9,0,-1,-1,-1,-1,-1,-1,-1,1,-1,6,3,-1,-1,1796,1,13,-1,-1,-1
2018010145043,1,9,0,18,0,8,0,0,0,0,1,1,6,2,43,7,1598,1,10,9,2,9
2018010145043,2,9,0,5,0,2,0,0,0,0,3,1,6,1,39,7,1596,1,10,9,1,9
2018010145044,1,9,0,-1,-1,-1,-1,-1,-1,-1,2,-1,6,3,-1,-1,-1,-1,-1,-1,-1,-1
2018010145046,1,9,0,18,0,2,0,0,0,0,3,1,6,2,40,7,2697,2,12,4,1,4
2018010145046,2,9,0,10,0,2,0,0,0,0,1,1,6,2,45,7,1339,1,16,3,1,3
2018010145049,1,11,0,4,2,1,0,0,0,0,0,1,6,1,40,7,4461,2,5,5,1,5
2018010145050,1,9,0,18,0,2,0,0,0,0,2,1,6,1,44,7,1998,1,-1,-1,-1,-1
2018010145050,2,9,0,18,0,2,0,0,0,0,1,2,6,2,36,7,1968,2,-1,1,1,1
2018010145051,1,19,0,18,0,1,0,0,0,0,1,1,1,2,25,5,2298,2,2,2,1,2
2018010145054,1,11,0,18,0,8,0,0,0,0,1,1,1,1,52,8,5132,2,-1,3,1,3
2018010145057,1,8,0,10,0,8,0,0,0,0,2,1,1,1,54,8,1797,8,8,3,1,3
2018010145057,2,9,0,18,0,8,0,0,0,0,1,1,3,2,22,5,1597,2,4,6,1,6
2018010145058,1,9,0,4,0,8,0,0,0,0,3,1,6,1,50,8,1598,1,14,6,1,6
2018010145058,2,9,0,18,0,8,0,0,0,0,4,1,6,2,26,6,1388,1,9,3,1,3
2018010145059,1,9,0,8,0,1,0,0,0,0,0,1,1,1,25,5,1560,2,4,2,-1,2
2018010145059,2,9,0,18,0,2,0,0,0,0,0,1,2,1,61,9,2993,2,6,8,1,8
2018010145059,3,21,1,18,0,2,0,0,0,0,1,1,1,1,54,8,11946,2,7,8,1,8
2018010145060,1,9,0,3,0,0,0,0,0,0,2,1,6,2,51,8,1995,2,8,9,1,9
2018010145060,2,19,0,4,0,0,0,0,0,0,1,1,1,1,23,5,3920,2,8,2,1,2
2018010145060,3,19,0,3,0,0,0,0,0,0,2,1,1,1,18,4,1997,2,1,4,1,4
2018010145062,1,8,0,18,0,1,0,0,0,0,1,1,1,1,31,6,1798,8,5,7,1,7
2018010145062,2,19,0,9,0,2,0,0,0,0,4,1,1,1,24,5,1995,2,-1,2,1,2
2018010145063,1,19,0,7,0,5,0,0,0,0,3,1,1,1,64,9,2298,2,2,7,1,7
2018010145064,1,9,0,18,0,0,0,0,0,0,1,1,6,1,55,8,1198,1,9,4,1,4
2018010145064,2,9,0,1,0,0,0,0,0,0,2,1,6,3,-1,-1,-1,-1,-1,-1,-1,-1
2018010145074,1,90,-1,-1,-1,0,-1,-1,-1,-1,2,-1,6,3,-1,-1,-1,-1,-1,-1,-1,-1
2018010145078,1,11,0,4,0,5,0,0,0,0,0,1,1,1,48,8,4500,2,3,3,1,3
2018010145081,1,9,0,-1,-1,-1,-1,-1,-1,-1,-1,-1,6,3,39,7,1997,2,1,5,1,5
2018010145082,1,9,0,-1,-1,-1,-1,-1,-1,-1,2,-1,6,2,33,6,1984,2,4,2,1,2