Accident_Index,Vehicle_Reference,Vehicle_Type,Towing_and_Articulation,Vehicle_Manoeuvre,Vehicle_Location-Restricted_Lane,Junction_Location,Skidding_and_Overturning,Hit_Object_in_Carriageway,Vehicle_Leaving_Carriageway,Hit_Object_off_Carriageway,1st_Point_of_Impact,Was_Vehicle_Left_Hand_Drive?,Journey_Purpose_of_Driver,Sex_of_Driver,Age_of_Driver,Age_Band_of_Driver,Engine_Capacity_(CC),Propulsion_Code,Age_of_Vehicle,Driver_IMD_Decile,Driver_Home_Area_Type,Vehicle_IMD_Decile
2018010145082,2,9,0,-1,-1,-1,-1,-1,-1,-1,2,-1,6,3,-1,-1,1910,2,11,-1,-1,-1
2018010145085,1,9,0,-1,-1,-1,-1,-1,-1,-1,1,-1,6,1,-1,-1,-1,-1,-1,7,1,7
2018010145089,1,9,0,17,9,0,2,4,7,0,1,1,6,1,27,6,1598,1,12,2,1,2
2018010145089,2,9,0,2,0,0,0,4,0,0,1,1,6,3,-1,-1,1796,1,8,-1,-1,-1
2018010145089,3,9,0,2,0,0,0,4,0,0,2,1,6,3,-1,-1,1796,1,6,-1,-1,-1
2018010145091,1,9,0,4,0,0,0,0,0,0,2,1,1,2,30,6,1560,2,2,6,1,6
2018010145091,2,19,0,4,0,0,0,0,0,0,1,1,1,1,38,7,1560,2,8,7,1,7
2018010145094,1,20,0,18,0,1,0,0,0,0,2,1,6,3,-1,-1,-1,-1,-1,-1,-1,-1
2018010145099,1,9,0,-1,-1,-1,-1,-1,-1,-1,2,-1,2,2,33,6,2143,2,2,10,1,10
2018010145112,1,1,-1,-1,-1,-1,-1,-1,-1,-1,-1,1,2,1,56,9,-1,-1,-1,2,1,2
2018010145112,2,9,0,-1,-1,-1,-1,-1,-1,-1,1,-1,6,3,-1,-1,1296,1,10,4,1,4
2018010145115,1,11,0,9,0,1,0,0,0,0,0,1,1,1,38,7,6692,2,7,7,1,7
2018010145121,1,9,-1,-1,-1,-1,-1,-1,-1,-1,-1,1,6,3,-1,-1,-1,-1,-1,-1,-1,-1
2018010145124,1,9,0,5,0,6,0,0,0,0,1,1,6,1,49,8,-1,-1,-1,5,1,5
2018010145124,2,9,0,18,0,6,0,0,0,0,1,1,6,1,41,7,1461,2,9,2,1,2
2018010145128,1,9,0,9,0,6,0,0,0,0,1,1,6,1,24,5,1197,1,7,3,1,3
2018010145128,2,1,0,18,0,6,0,0,0,0,2,1,2,1,37,7,-1,-1,-1,4,1,4
2018010145135,1,9,0,18,0,2,-1,0,0,0,-1,-1,6,2,45,7,998,1,16,5,1,5
2018010145135,2,9,0,18,0,2,-1,0,0,0,-1,-1,6,3,28,6,1596,1,12,-1,-1,-1
2018010145137,1,9,0,18,0,0,0,0,0,0,1,1,2,1,21,5,998,1,7,1,1,1
2018010145138,1,11,0,5,3,2,0,0,0,0,0,1,6,3,-1,-1,-1,-1,-1,-1,-1,-1
2018010145140,1,9,0,-1,-1,-1,-1,-1,-1,-1,-1,-1,2,2,24,5,1149,1,7,2,1,2
2018010145140,2,19,0,-1,-1,-1,-1,-1,-1,-1,1,-1,6,3,28,6,2143,2,7,2,1,2
2018010145144,1,8,0,-1,-1,-1,-1,-1,-1,-1,2,-1,6,1,57,9,1797,8,8,2,1,2
2018010145144,2,9,0,-1,-1,-1,-1,-1,-1,-1,1,-1,6,3,-1,-1,1461,2,2,-1,-1,-1
2018010145146,1,9,0,9,0,8,0,0,0,0,1,1,6,1,50,8,1390,1,13,6,1,6
2018010145146,2,19,0,9,0,1,0,0,0,0,3,1,1,1,34,6,7698,2,2,10,2,10
2018010145148,1,9,0,6,9,0,0,0,2,10,1,1,6,1,53,8,1799,1,9,2,1,2
2018010145148,2,9,0,3,0,0,0,0,0,0,4,1,6,1,40,7,1870,2,15,8,1,8
2018010145150,1,1,-1,-1,-1,-1,-1,-1,-1,-1,-1,1,2,2,29,6,-1,-1,-1,4,1,4
2018010145150,2,9,0,-1,-1,-1,-1,-1,-1,-1,-1,-1,6,3,-1,-1,1968,2,10,-1,-1,-1
2018010145151,1,1,-1,-1,-1,-1,-1,-1,-1,-1,1,1,2,2,25,5,-1,-1,-1,2,1,2
2018010145151,2,8,0,-1,-1,-1,-1,-1,-1,-1,-1,-1,6,3,56,9,2499,2,8,3,1,3
2018010145156,1,3,0,-1,-1,0,-1,-1,-1,-1,-1,1,6,1,19,4,125,1,5,7,1,7
2018010145156,2,9,0,-1,-1,0,-1,-1,-1,-1,-1,-1,6,3,-1,-1,1598,1,7,-1,-1,-1
2018010145157,1,9,0,7,0,6,0,0,0,0,1,1,6,1,30,6,1598,1,4,3,1,3
2018010145160,1,9,-1,-1,0,0,-1,0,0,0,-1,-1,6,3,-1,-1,-1,-1,-1,-1,-1,-1
2018010145161,1,3,0,5,0,1,2,0,0,0,0,1,2,1,39,7,124,1,10,4,1,4
2018010145161,2,8,0,9,0,5,0,0,0,0,0,1,6,1,63,9,2499,2,11,9,1,9
2018010145162,1,9,0,-1,-1,-1,-1,-1,-1,-1,-1,-1,6,1,57,9,999,1,1,3,1,3
2018010145164,1,9,0,-1,-1,-1,-1,-1,-1,-1,2,-1,6,1,49,8,1595,1,11,2,1,2
2018010145164,2,10,0,-1,-1,-1,-1,-1,-1,-1,1,-1,6,3,-1,-1,-1,-1,-1,-1,-1,-1
2018010145165,1,9,0,9,0,0,0,0,0,0,4,1,6,1,39,7,1999,1,11,1,1,1
2018010145165,2,5,0,13,0,0,0,0,0,0,1,1,2,1,46,8,773,1,3,-1,-1,-1
2018010145168,1,9,5,4,0,8,0,0,0,0,2,1,6,1,38,7,1910,2,10,8,1,8
2018010145168,2,9,0,3,0,1,0,0,0,0,2,1,6,1,29,6,1390,1,8,7,3,7
2018010145168,3,19,0,4,0,1,0,0,0,0,2,1,6,1,18,4,1560,2,5,5,1,5
2018010145168,4,9,0,18,0,7,0,0,0,0,1,1,6,2,23,5,1229,1,3,9,1,9
2018010145170,1,19,0,9,0,0,0,0,0,0,3,1,1,1,28,6,1598,2,2,6,1,6
2018010145170,2,3,0,18,0,0,0,0,0,0,1,1,1,1,28,6,125,1,-1,4,1,4
2018010145172,1,3,0,-1,-1,0,-1,-1,-1,-1,-1,1,2,2,24,5,-1,-1,-1,1,1,1
2018010145172,2,9,0,-1,-1,0,-1,-1,-1,-1,-1,-1,6,3,-1,-1,-1,-1,-1,-1,-1,-1
2018010145174,1,5,0,14,0,0,0,0,7,0,1,1,2,1,50,8,847,1,3,4,1,4
2018010145174,2,8,0,6,0,0,0,0,0,0,3,1,2,1,49,8,2143,2,6,-1,1,-1
2018010145177,1,3,0,-1,-1,-1,-1,-1,-1,-1,1,1,6,1,20,4,125,1,3,1,1,1
2018010145177,2,9,0,-1,-1,-1,-1,-1,-1,-1,1,-1,6,3,-1,-1,-1,-1,-1,-1,-1,-1
2018010145181,1,9,0,-1,-1,-1,-1,-1,-1,-1,2,-1,6,1,38,7,2143,2,2,6,1,6
2018010145181,2,9,0,-1,-1,-1,-1,-1,-1,-1,1,-1,6,3,-1,-1,-1,-1,-1,-1,-1,-1
2018010145184,1,11,-1,-1,-1,-1,-1,-1,-1,-1,-1,1,6,3,-1,-1,-1,-1,-1,-1,-1,-1
2018010145185,1,3,0,18,0,8,2,0,0,0,0,1,6,1,37,7,125,1,7,1,1,1
2018010145187,1,9,0,-1,0,1,0,0,0,0,1,-1,6,3,-1,-1,-1,-1,-1,9,1,9
2018010145189,1,2,0,18,0,8,0,0,0,0,4,1,6,1,19,4,49,1,5,1,1,1
2018010145189,2,3,0,18,0,8,0,0,0,0,3,1,6,3,-1,-1,-1,-1,-1,-1,-1,-1
2018010145190,1,9,0,5,0,1,0,0,0,0,2,1,6,2,40,7,1242,1,10,3,1,3
2018010145190,2,19,0,18,0,1,0,0,0,0,1,1,2,1,21,5,2148,2,14,5,1,5
2018010145191,1,1,-1,-1,-1,0,-1,-1,-1,-1,1,1,6,2,40,7,-1,-1,-1,2,1,2
2018010145191,2,9,0,-1,-1,0,-1,-1,-1,-1,1,-1,6,3,-1,-1,1791,8,7,-1,-1,-1
2018010145193,1,9,0,9,0,5,0,0,7,10,1,1,2,2,61,9,1339,1,8,3,1,3
2018010145194,1,9,0,9,0,5,0,0,0,0,3,1,2,1,27,6,1364,1,9,3,1,3
2018010145195,1,9,0,18,0,0,0,0,0,0,1,2,1,1,25,5,1968,2,8,7,1,7
2018010145195,2,9,0,18,0,0,0,0,0,0,1,1,6,2,49,8,1998,1,15,6,1,6
2018010145199,1,9,0,18,0,1,0,0,0,0,0,1,6,1,43,7,1956,2,7,4,1,4
2018010145199,2,9,0,18,9,1,1,9,0,0,2,1,6,1,26,6,1995,2,6,-1,-1,-1
2018010145201,1,8,0,-1,-1,0,-1,-1,-1,-1,-1,-1,6,1,30,6,1598,2,2,1,1,1
2018010145201,2,9,0,-1,-1,0,-1,-1,-1,-1,1,-1,6,2,50,8,998,1,16,5,1,5
2018010145203,1,9,0,-1,-1,-1,-1,-1,-1,-1,2,-1,6,1,36,7,1339,8,8,4,1,4
2018010145207,1,9,0,18,0,0,0,10,1,4,1,1,6,2,26,6,1991,1,3,3,1,3
2018010145207,2,9,0,18,0,0,0,0,0,0,0,1,6,1,27,6,1991,1,1,2,1,2
2018010145208,1,9,0,9,0,5,0,0,0,0,4,1,6,1,38,7,989,1,15,3,1,3
2018010145208,2,1,0,18,0,5,1,0,0,0,1,1,6,1,30,6,-1,-1,-1,3,1,3
2018010145211,1,1,0,18,0,1,0,0,0,0,4,1,6,1,22,5,-1,-1,-1,7,1,7
2018010145211,2,8,0,7,0,1,0,0,0,0,4,1,2,1,54,8,2925,2,-1,3,1,3
2018010145212,1,19,0,4,0,1,0,0,0,0,1,1,6,1,38,7,1248,2,12,3,1,3
2018010145212,2,9,0,4,0,1,0,0,0,0,2,1,6,1,59,9,1598,1,15,3,1,3
2018010145213,1,9,0,-1,-1,-1,-1,-1,-1,-1,-1,-1,6,1,22,5,2143,2,2,6,1,6
2018010145213,2,9,0,-1,-1,-1,-1,-1,-1,-1,-1,-1,6,1,30,6,998,1,15,3,1,3
2018010145217,1,5,0,18,0,8,0,0,1,0,1,1,6,1,49,8,599,1,17,1,1,1
2018010145217,2,9,0,9,0,8,0,0,0,0,3,1,6,1,60,9,1798,1,3,-1,-1,-1
2018010145218,1,9,0,18,0,0,0,0,1,0,4,1,6,1,28,6,1598,1,10,5,1,5
2018010145218,2,9,0,18,0,0,0,0,1,0,3,1,6,3,-1,-1,1396,1,8,-1,-1,-1
2018010145226,1,9,0,18,0,2,1,7,1,4,1,1,6,2,86,11,1339,1,12,8,1,8
2018010145227,1,8,0,10,0,1,0,0,0,0,3,1,1,1,60,9,2499,2,11,6,1,6
2018010145227,2,9,0,14,0,1,0,0,0,0,4,1,1,1,48,8,1200,1,1,3,1,3
2018010145232,1,9,0,-1,-1,0,-1,-1,-1,-1,3,-1,2,2,34,6,1995,2,5,6,1,6
2018010145232,2,90,0,-1,-1,0,-1,-1,-1,-1,4,-1,6,3,-1,-1,-1,-1,-1,-1,-1,-1
2018010145234,1,9,0,11,0,0,0,0,0,0,4,1,3,2,54,8,1995,2,12,7,1,7
2018010145234,2,11,0,18,0,0,0,0,0,0,3,1,1,1,33,6,4500,2,10,3,1,3
2018010145243,1,1,-1,-1,-1,-1,-1,-1,-1,-1,-1,1,2,2,33,6,-1,-1,-1,3,1,3
2018010145243,2,8,0,-1,-1,-1,-1,-1,-1,-1,1,-1,6,3,-1,-1,2499,2,11,3,1,3
2018010145246,1,4,0,18,0,0,0,0,0,0,4,1,2,1,24,5,471,1,2,7,-1,7
2018010145246,2,9,0,12,0,0,0,0,0,0,3,1,2,1,57,9,2967,1,8,5,-1,5
2018010145254,1,1,-1,-1,-1,-1,-1,-1,-1,-1,-1,1,2,1,45,7,-1,-1,-1,1,1,1
2018010145254,2,9,0,-1,-1,-1,-1,-1,-1,-1,1,-1,6,3,-1,-1,1339,1,6,-1,-1,-1
2018010145256,1,9,0,18,0,1,0,0,0,0,3,1,1,1,43,7,-1,-1,-1,3,1,3
2018010145256,2,9,0,18,0,1,0,0,0,0,1,1,1,1,31,6,-1,-1,-1,10,1,10
2018010145268,1,19,0,18,0,0,0,0,0,0,1,1,1,1,44,7,2461,2,9,5,1,5
2018010145268,2,9,0,18,0,0,0,0,0,0,2,1,1,1,34,6,1582,2,6,3,1,3
2018010145268,3,9,0,4,0,0,0,0,0,0,2,1,1,1,67,10,2148,2,9,4,3,4
2018010145269,1,9,0,16,0,0,0,4,1,0,1,1,6,2,36,7,1598,2,2,4,1,4
2018010145269,2,19,0,18,0,0,0,0,0,0,1,1,1,1,73,10,1968,2,-1,10,1,10
2018010145269,3,21,0,4,6,0,0,0,0,0,2,2,1,1,33,6,-1,-1,-1,-1,-1,-1
2018010145271,1,11,0,18,0,4,0,0,0,0,1,1,1,1,48,8,8268,2,15,5,1,5
2018010145271,2,9,0,17,0,4,0,0,0,0,1,2,6,1,60,9,1596,1,12,8,1,8
2018010145272,1,9,0,10,0,0,0,0,0,0,1,1,1,1,51,8,2143,2,4,-1,-1,-1
2018010145272,2,5,0,14,0,0,0,0,0,0,1,1,1,1,50,8,745,1,2,1,1,1
2018010145273,1,9,0,18,0,8,0,0,0,0,1,2,6,1,32,6,-1,-1,-1,8,1,8
2018010145273,2,9,0,9,0,1,0,0,0,0,4,1,2,2,34,6,698,1,12,7,1,7
2018010145274,1,19,0,9,0,2,0,0,0,0,1,1,1,1,38,7,1995,2,1,4,1,4
2018010145276,1,21,4,5,0,8,0,0,0,0,2,1,1,1,51,8,12902,2,-1,4,1,4
2018010145276,2,19,0,18,0,1,1,0,0,0,1,1,1,1,25,5,2148,2,12,4,1,4
2018010145279,1,9,0,-1,-1,-1,-1,-1,-1,-1,2,-1,6,1,43,7,1598,2,-1,3,1,3
2018010145279,2,9,0,-1,-1,-1,-1,-1,-1,-1,1,-1,6,3,-1,-1,1984,1,2,-1,-1,-1
2018010145286,1,9,0,3,0,2,1,0,0,0,2,1,6,2,37,7,1299,1,15,3,1,3
2018010145286,2,9,0,15,0,2,0,0,0,0,1,1,6,2,37,7,1896,2,12,9,1,9
2018010145287,1,1,0,18,0,0,0,4,0,0,1,1,6,1,36,7,-1,-1,-1,2,1,2
2018010145287,2,19,0,18,0,0,0,0,0,0,2,1,1,1,33,6,-1,-1,-1,1,1,1
2018010145289,1,3,0,-1,-1,-1,-1,-1,-1,-1,2,1,6,1,24,5,108,1,-1,5,1,5
2018010145289,2,9,0,-1,-1,-1,-1,-1,-1,-1,1,-1,6,3,-1,-1,1364,1,-1,-1,-1,-1
2018010145292,1,3,0,18,0,0,0,4,0,0,3,1,2,1,32,6,125,1,-1,7,1,7
2018010145292,2,9,0,11,0,0,0,0,0,0,4,1,6,1,79,11,1796,1,17,7,1,7
2018010145292,3,9,0,2,6,0,0,0,0,0,3,1,6,3,-1,-1,1398,1,8,-1,-1,-1
2018010145293,1,1,-1,-1,-1,-1,-1,-1,-1,-1,1,1,6,1,47,8,-1,-1,-1,5,1,5
2018010145293,2,19,0,-1,-1,-1,-1,-1,-1,-1,-1,-1,6,3,-1,-1,1598,2,3,-1,-1,-1
2018010145296,1,19,0,5,0,4,0,0,0,0,1,1,1,1,51,8,1560,2,4,3,1,3
2018010145296,2,1,0,18,0,3,0,0,0,0,3,1,1,1,37,7,-1,-1,-1,6,1,6
2018010145298,1,11,0,18,0,2,0,0,0,0,0,1,1,1,50,8,6700,2,7,2,1,2
2018010145302,1,19,0,1,0,2,0,0,0,0,2,1,1,1,72,10,2178,2,12,6,1,6
2018010145305,1,9,0,18,0,0,0,0,0,0,1,1,6,2,37,7,1796,1,16,4,1,4
2018010145305,2,9,0,18,0,0,0,0,0,0,1,1,6,2,27,6,1600,1,14,1,1,1
2018010145309,1,1,0,18,0,2,0,0,0,0,1,1,2,1,22,5,-1,-1,-1,7,1,7
2018010145311,1,9,0,14,0,1,0,0,0,0,4,1,1,1,44,7,1995,2,3,5,1,5
2018010145311,2,9,0,10,0,1,0,0,0,0,1,1,6,1,69,10,898,1,3,5,1,5
2018010145316,1,9,0,9,0,1,0,0,0,0,1,1,6,1,68,10,1596,1,11,-1,-1,-1
2018010145316,2,9,0,18,0,1,0,0,0,0,1,1,6,2,42,7,998,1,14,-1,-1,-1
2018010145317,1,1,0,-1,0,8,0,0,0,0,-1,1,6,2,65,9,-1,-1,-1,3,1,3
2018010145317,2,8,0,18,0,8,0,0,0,0,-1,-1,6,1,41,7,-1,-1,-1,1,1,1
2018010145319,1,3,0,18,0,8,0,0,0,0,1,1,6,1,26,6,125,1,7,4,1,4
2018010145319,2,9,0,9,0,1,0,0,0,0,1,1,6,3,-1,-1,1968,2,11,-1,-1,-1
2018010145321,1,9,0,10,0,5,0,0,0,0,2,1,1,1,53,8,2993,2,2,10,1,10
2018010145321,2,9,0,18,0,1,0,0,0,0,1,1,2,1,59,9,2926,2,16,1,1,1
2018010145322,1,9,0,10,0,8,0,0,0,0,1,1,2,1,26,6,1997,1,5,-1,-1,-1
2018010145322,2,3,0,13,0,8,0,0,0,0,4,1,6,1,22,5,125,1,-1,8,1,8
2018010145323,1,9,0,-1,-1,0,-1,-1,-1,-1,-1,-1,6,2,57,9,1229,1,7,3,1,3
2018010145323,2,90,0,-1,-1,0,-1,-1,-1,-1,-1,-1,6,3,-1,-1,-1,-1,-1,-1,-1,-1
2018010145326,1,11,0,18,2,1,0,0,0,0,0,1,1,1,55,8,8300,2,11,3,1,3
2018010145329,1,9,0,14,0,2,0,0,0,0,1,1,6,3,-1,-1,-1,-1,-1,-1,-1,-1
2018010145333,1,1,0,-1,0,8,0,0,0,0,1,1,2,1,34,6,-1,-1,-1,9,1,9
2018010145333,2,9,0,1,0,8,0,-1,0,0,2,1,6,3,-1,-1,-1,3,4,9,1,9
2018010145334,1,9,0,-1,-1,-1,-1,-1,-1,-1,1,-1,6,2,55,8,2148,2,8,7,1,7
2018010145334,2,8,0,-1,-1,-1,-1,-1,-1,-1,1,-1,6,3,-1,-1,1794,1,12,-1,-1,-1
2018010145335,1,9,0,4,0,0,0,0,0,0,1,1,2,1,30,6,1896,2,16,6,1,6
2018010145335,2,5,0,3,0,0,5,0,0,0,2,1,2,1,31,6,645,1,19,6,1,6
2018010145344,1,8,0,9,0,5,0,0,0,0,1,1,1,1,58,9,2402,2,12,9,1,9
2018010145344,2,1,0,18,0,1,0,0,0,0,3,1,6,1,60,9,-1,-1,-1,1,1,1
2018010145348,1,9,0,1,0,1,0,0,0,0,2,1,6,1,20,4,999,1,1,9,1,9
2018010145352,1,5,0,18,0,1,0,0,0,0,1,1,6,1,60,9,1200,1,12,7,1,7
2018010145352,2,9,0,5,0,8,0,0,0,0,3,1,6,1,17,4,1229,1,10,4,1,4
2018010145356,1,19,0,-1,-1,-1,-1,-1,-1,-1,1,-1,6,1,28,6,2143,2,7,4,1,4
2018010145356,2,9,0,-1,-1,-1,-1,-1,-1,-1,2,-1,6,2,52,8,1896,2,14,5,2,5
2018010145357,1,1,-1,-1,-1,-1,-1,-1,-1,-1,1,1,2,2,25,5,-1,-1,-1,5,-1,5
2018010145357,2,90,0,-1,-1,-1,-1,-1,-1,-1,-1,-1,6,3,-1,-1,-1,-1,-1,-1,-1,-1
2018010145362,1,19,0,18,0,0,0,0,0,0,4,1,6,3,-1,-1,-1,-1,-1,-1,-1,-1
2018010145367,1,9,0,14,0,1,0,0,0,0,3,1,6,1,68,10,-1,-1,-1,5,1,5
2018010145368,1,9,0,-1,-1,-1,-1,-1,-1,-1,2,-1,2,1,38,7,1364,1,10,3,1,3
2018010145368,2,9,-1,-1,-1,-1,-1,-1,-1,-1,-1,-1,6,1,25,5,1499,1,-1,3,1,3
2018010145369,1,8,-1,-1,-1,-1,-1,-1,-1,-1,-1,-1,6,3,-1,-1,1796,1,4,3,1,3
2018010145369,2,90,-1,-1,-1,-1,-1,-1,-1,-1,-1,-1,6,3,-1,-1,-1,-1,-1,-1,-1,-1
2018010145375,1,3,0,18,0,1,0,0,0,0,1,1,6,1,29,6,125,1,4,3,1,3
2018010145375,2,9,0,18,0,1,0,0,0,0,4,1,6,3,-1,-1,-1,-1,-1,-1,-1,-1
2018010145376,1,9,0,-1,-1,-1,-1,-1,-1,-1,-1,-1,6,1,27,6,1560,2,4,5,1,5
2018010145377,1,9,0,-1,-1,-1,-1,-1,-1,-1,2,-1,2,1,35,6,1560,2,8,8,1,8
2018010145377,2,9,0,-1,-1,-1,-1,-1,-1,-1,1,-1,6,3,-1,-1,-1,-1,-1,-1,-1,-1
2018010145379,1,9,0,18,0,1,0,0,0,0,1,1,6,2,35,6,1586,1,2,8,1,8
2018010145380,1,8,0,18,0,1,0,0,0,0,3,1,1,1,41,7,1798,8,3,2,1,2
2018010145386,1,8,0,4,0,2,0,0,0,0,3,1,1,1,53,8,2499,2,5,2,1,2
2018010145388,1,19,0,-1,-1,-1,-1,-1,-1,-1,-1,-1,6,1,34,6,1753,2,14,6,1,6
2018010145388,2,9,-1,-1,-1,-1,-1,-1,-1,-1,-1,-1,6,3,-1,-1,-1,-1,-1,-1,-1,-1
2018010145389,1,11,0,4,0,0,0,0,0,0,0,1,1,1,54,8,5132,2,-1,2,1,2
2018010145395,1,9,0,18,0,2,0,0,0,0,1,1,6,2,34,6,1497,8,1,1,1,1
2018010145398,1,9,0,9,0,2,0,0,0,0,1,1,6,1,64,9,1108,1,9,5,1,5
2018010145398,2,3,0,14,0,8,5,0,0,0,4,1,2,1,56,9,124,1,14,1,1,1
2018010145399,1,1,-1,-1,-1,-1,-1,-1,-1,-1,2,1,6,1,33,6,-1,-1,-1,2,1,2
2018010145399,2,9,0,-1,-1,-1,-1,-1,-1,-1,1,-1,6,3,-1,-1,2204,2,12,-1,-1,-1
2018010145400,1,9,0,18,0,1,0,0,0,0,1,1,6,1,71,10,1596,1,16,5,1,5
2018010145401,1,9,0,18,0,1,0,0,0,0,4,1,6,2,74,10,1596,1,13,4,1,4
2018010145403,1,9,0,4,0,1,0,0,0,0,2,1,6,2,38,7,1386,1,14,1,1,1
2018010145403,2,9,0,4,0,1,0,0,0,0,1,1,6,1,54,8,1796,1,13,-1,-1,-1
2018010145404,1,9,0,9,0,1,0,0,0,0,1,1,6,1,56,9,1332,1,-1,3,1,3
2018010145404,2,1,0,18,0,1,0,0,0,0,1,1,2,1,30,6,-1,-1,-1,3,1,3
2018010145406,1,20,0,18,0,2,0,0,0,0,1,1,6,3,-1,-1,-1,-1,-1,-1,-1,-1
2018010145407,1,2,0,18,0,0,0,0,0,0,3,1,6,3,-1,-1,-1,-1,-1,-1,-1,-1
2018010145407,2,1,0,18,0,0,0,10,0,0,3,1,6,1,20,4,-1,-1,-1,2,1,2
2018010145409,1,8,0,-1,-1,0,-1,-1,-1,-1,2,-1,6,2,43,7,1950,2,2,2,1,2
2018010145409,2,9,0,-1,-1,0,-1,-1,-1,-1,1,-1,6,1,-1,-1,2143,2,4,3,1,3
2018010145410,1,9,0,14,0,0,0,0,0,0,1,1,6,3,-1,-1,-1,-1,-1,-1,-1,-1
2018010145410,2,9,0,2,0,0,0,0,0,0,1,1,6,3,-1,-1,2143,2,4,-1,-1,-1
2018010145410,3,1,0,18,0,0,0,0,0,0,1,1,6,1,24,5,-1,-1,-1,5,1,5
2018010145411,1,9,0,9,0,5,0,0,0,0,1,1,2,2,43,7,3301,1,16,3,1,3
2018010145411,2,1,0,18,0,1,0,0,0,0,3,1,2,2,25,5,-1,-1,-1,7,1,7
2018010145413,1,11,0,4,0,1,0,0,0,0,0,1,1,2,59,9,5132,2,3,2,1,2
2018010145417,1,1,0,18,0,1,0,0,0,0,1,1,2,1,42,7,-1,-1,-1,3,1,3
2018010145417,2,9,0,7,0,1,0,0,0,0,-1,1,6,1,-1,-1,1781,1,12,-1,-1,-1
2018010145418,1,9,0,18,0,0,0,0,0,0,3,1,6,1,23,5,1399,1,-1,-1,-1,-1
2018010145418,2,9,0,18,0,0,0,0,0,0,3,1,2,1,50,8,2894,1,1,-1,-1,-1
2018010145422,1,9,0,9,0,8,0,0,0,0,1,1,6,1,68,10,1395,1,1,5,1,5
2018010145423,1,9,0,1,0,8,0,0,0,0,2,1,6,1,53,8,1968,2,9,6,1,6
2018010145424,1,9,0,18,0,0,0,0,0,0,1,1,6,1,23,5,1582,2,6,5,1,5
2018010145424,2,2,0,18,0,0,0,0,0,0,1,1,6,1,27,6,124,1,1,1,1,1
2018010145428,1,9,0,18,0,0,0,0,0,0,1,1,6,1,88,11,2521,1,14,-1,-1,-1
2018010145428,2,9,0,2,0,0,0,0,0,0,1,1,6,3,-1,-1,1360,1,7,-1,-1,-1
2018010145430,1,3,0,18,0,0,0,0,0,0,1,1,2,2,36,7,125,1,4,4,1,4
2018010145431,1,9,0,18,0,1,0,7,0,0,1,1,6,2,67,10,1200,1,4,7,1,7
2018010145436,1,9,0,9,0,0,0,0,0,0,1,1,6,1,76,11,1364,1,10,2,1,2
2018010145436,2,5,0,18,0,0,0,0,0,0,1,1,6,1,27,6,599,1,11,3,1,3
2018010145438,1,9,0,18,0,0,0,0,0,0,2,1,6,1,60,9,1991,1,2,8,1,8
2018010145438,2,9,0,18,0,0,0,0,0,0,2,1,6,2,44,7,1200,1,1,5,1,5
2018010145438,3,9,0,18,0,0,0,0,0,0,2,1,6,2,33,6,1360,1,15,10,1,10
2018010145438,4,9,0,18,0,0,0,0,0,0,1,1,1,1,34,6,1968,2,12,8,1,8
2018010145439,1,19,0,18,0,1,0,0,0,0,1,1,1,1,54,8,-1,-1,-1,4,1,4
2018010145447,1,9,0,9,0,8,0,0,0,0,4,1,2,2,37,7,1499,1,1,-1,-1,-1
2018010145447,2,9,0,18,0,8,0,0,1,2,1,1,6,1,30,6,3222,2,15,5,1,5
2018010145451,1,9,0,-1,-1,-1,-1,0,0,0,1,-1,6,3,-1,-1,1248,1,7,-1,-1,-1
2018010145455,1,3,0,18,0,0,0,0,0,0,1,1,6,1,26,6,124,1,10,3,1,3
2018010145455,2,3,0,5,0,0,0,0,0,0,1,1,1,1,57,9,125,1,-1,3,1,3
2018010145455,3,9,0,2,0,0,0,0,0,0,2,1,6,3,-1,-1,-1,-1,-1,-1,-1,-1
2018010145456,1,9,0,17,0,0,0,4,0,0,1,1,6,1,-1,-1,1560,2,6,5,1,5
2018010145456,2,9,0,3,0,0,0,0,0,0,2,1,6,2,29,6,1368,1,9,1,1,1
2018010145456,3,8,0,4,0,0,0,0,0,0,2,1,6,1,57,9,1798,8,6,3,1,3
2018010145456,4,9,0,4,0,0,0,0,0,0,2,1,6,1,52,8,1596,1,15,3,1,3
2018010145459,1,19,0,12,0,0,0,0,0,0,2,1,6,1,39,7,1598,2,1,3,1,3
2018010145459,2,19,0,4,0,0,0,4,0,0,2,1,6,1,50,8,1997,2,1,9,2,9
2018010145459,3,9,0,4,0,0,0,4,0,0,1,1,6,2,19,4,1242,1,9,2,1,2
2018010145459,4,9,0,3,0,0,0,0,0,0,0,1,6,2,-1,-1,1995,2,5,4,1,4
2018010145462,1,9,0,-1,-1,-1,-1,-1,-1,-1,2,-1,6,2,35,6,1198,1,13,4,1,4
2018010145465,1,9,0,7,0,1,0,11,0,0,3,1,6,2,36,7,1498,1,11,3,1,3
2018010145465,2,1,0,3,9,1,0,4,0,0,1,1,6,1,20,4,-1,-1,-1,4,1,4
2018010145467,1,3,0,18,0,0,1,0,0,0,1,1,6,1,20,4,125,1,6,5,1,5
2018010145467,2,9,0,3,0,0,0,0,0,0,1,1,1,1,27,6,1968,2,6,8,2,8
2018010145469,1,9,0,18,0,1,0,0,0,0,1,1,4,1,22,5,1995,1,14,1,1,1
2018010145469,2,9,0,3,0,1,0,0,0,0,4,1,6,1,50,8,1124,1,17,3,1,3
2018010145473,1,19,0,14,0,1,0,0,0,0,1,1,6,1,69,10,2287,2,9,3,1,3
2018010145473,2,1,0,18,0,1,0,0,0,0,4,1,6,2,54,8,-1,-1,-1,6,1,6
2018010145474,1,9,0,18,0,0,0,0,0,0,4,1,6,1,32,6,1399,1,11,-1,-1,-1