Accident_Index,Vehicle_Reference,Vehicle_Type,Towing_and_Articulation,Vehicle_Manoeuvre,Vehicle_Location-Restricted_Lane,Junction_Location,Skidding_and_Overturning,Hit_Object_in_Carriageway,Vehicle_Leaving_Carriageway,Hit_Object_off_Carriageway,1st_Point_of_Impact,Was_Vehicle_Left_Hand_Drive?,Journey_Purpose_of_Driver,Sex_of_Driver,Age_of_Driver,Age_Band_of_Driver,Engine_Capacity_(CC),Propulsion_Code,Age_of_Vehicle,Driver_IMD_Decile,Driver_Home_Area_Type,Vehicle_IMD_Decile
2018010145476,1,9,0,9,0,2,0,2,0,0,1,1,6,1,19,4,1229,1,13,7,1,7
2018010145477,1,9,0,18,0,1,0,4,0,0,2,1,6,1,32,6,1596,1,18,4,1,4
2018010145477,2,9,0,18,0,1,0,0,0,0,1,1,6,1,23,5,1995,2,4,2,1,2
2018010145477,3,9,0,2,0,1,0,0,0,0,2,1,6,3,-1,-1,1596,1,15,-1,-1,-1
2018010145478,1,9,0,18,0,1,0,0,0,0,1,1,6,1,33,6,2199,2,9,-1,-1,-1
2018010145478,2,19,0,18,0,1,0,0,0,0,1,1,6,1,60,9,-1,-1,-1,6,3,6
2018010145481,1,9,0,4,0,1,0,0,0,0,0,1,1,1,27,6,999,1,1,7,1,7
2018010145481,2,9,0,18,0,1,1,4,0,0,1,1,6,1,18,4,2979,1,-1,1,1,1
2018010145481,3,9,0,2,0,1,0,0,0,0,3,1,6,3,-1,-1,-1,-1,-1,-1,-1,-1
2018010145481,4,9,0,2,0,1,0,4,0,0,2,1,6,3,-1,-1,1200,1,1,-1,-1,-1
2018010145481,5,9,0,2,0,1,0,4,0,0,2,1,6,3,-1,-1,2000,1,11,-1,-1,-1
2018010145481,6,9,0,2,0,1,5,4,7,10,4,1,6,3,-1,-1,-1,-1,-1,-1,-1,-1
2018010145482,1,9,0,10,0,8,0,0,0,0,1,1,6,1,28,6,1598,2,-1,2,1,2
2018010145482,2,9,0,18,0,8,1,0,0,0,1,1,6,1,22,5,1397,1,14,1,1,1
2018010145484,1,9,0,9,0,5,0,0,0,0,1,1,6,1,38,7,1598,1,11,-1,-1,-1
2018010145484,2,1,0,3,0,1,0,0,0,0,1,1,6,2,39,7,-1,-1,-1,6,1,6
2018010145486,1,11,0,5,0,0,0,0,0,0,0,1,2,1,48,8,-1,-1,-1,7,1,7
2018010145487,1,9,0,18,0,8,0,0,0,0,1,-1,6,3,-1,-1,1999,1,8,-1,-1,-1
2018010145488,1,19,0,18,0,0,0,0,0,0,2,1,2,1,32,6,2198,2,2,3,1,3
2018010145488,2,9,0,18,0,0,0,0,0,0,1,1,6,1,22,5,1497,1,-1,4,1,4
2018010145489,1,9,0,18,0,1,0,0,0,0,1,2,6,1,25,5,2204,2,10,3,1,3
2018010145490,1,9,0,18,0,4,0,0,0,0,1,1,2,1,35,6,1796,1,7,2,1,2
2018010145490,2,1,0,18,0,3,0,0,0,0,4,1,2,1,25,5,-1,-1,-1,7,1,7
2018010145491,1,9,0,18,0,4,0,0,0,0,1,1,2,2,48,8,1390,1,4,4,1,4
2018010145491,2,9,0,18,0,2,0,0,0,0,2,1,2,1,39,7,1399,1,11,-1,-1,-1
2018010145498,1,9,0,-1,-1,0,-1,-1,-1,-1,2,-1,6,1,35,6,2143,2,-1,8,1,8
2018010145498,2,9,0,-1,-1,0,-1,-1,-1,-1,1,-1,6,3,-1,-1,-1,-1,-1,-1,-1,-1
2018010145500,1,8,-1,18,-1,-1,-1,-1,-1,-1,-1,-1,6,3,62,9,3724,1,11,3,1,3
2018010145502,1,9,0,18,0,3,0,10,1,1,4,1,2,1,53,8,998,1,-1,7,1,7
2018010145502,2,19,0,9,0,3,0,0,0,0,3,1,6,1,33,6,1997,2,1,3,1,3
2018010145508,1,1,-1,-1,-1,-1,-1,-1,-1,-1,1,1,2,2,33,6,-1,-1,-1,5,1,5
2018010145508,2,5,0,-1,-1,-1,-1,-1,-1,-1,1,1,6,3,35,6,599,1,15,10,1,10
2018010145509,1,9,-1,-1,-1,-1,-1,-1,-1,-1,-1,-1,6,2,32,6,998,1,3,3,1,3
2018010145510,1,3,-1,18,0,8,-1,-1,-1,-1,1,1,6,1,30,6,125,1,-1,2,1,2
2018010145512,1,4,-1,18,-1,-1,-1,0,0,0,-1,1,1,1,24,5,124,1,1,1,1,1
2018010145512,2,9,-1,18,0,-1,-1,0,-1,-1,2,-1,6,2,-1,-1,1498,1,9,4,1,4
2018010145516,1,1,-1,18,-1,-1,-1,-1,-1,-1,-1,1,2,1,28,6,-1,-1,-1,7,-1,7
2018010145516,2,9,0,-1,-1,-1,-1,-1,-1,-1,1,-1,6,2,26,6,-1,-1,-1,8,1,8
2018010145519,1,11,0,18,0,1,0,0,0,0,0,1,1,1,36,7,-1,-1,-1,3,1,3
2018010145521,1,9,0,18,0,1,0,0,0,0,2,1,6,3,-1,-1,-1,-1,-1,-1,-1,-1
2018010145526,1,9,0,-1,-1,-1,-1,-1,-1,-1,-1,-1,6,2,24,5,2143,2,3,7,1,7
2018010145526,2,9,0,-1,-1,-1,-1,-1,-1,-1,1,-1,6,3,-1,-1,-1,-1,-1,-1,-1,-1
2018010145530,1,9,0,18,0,1,0,0,0,0,1,1,2,1,28,6,1968,2,2,3,1,3
2018010145535,1,9,0,7,0,5,0,0,0,0,1,1,6,1,42,7,2143,2,4,3,1,3
2018010145535,2,3,0,9,9,8,0,0,1,0,1,1,1,1,22,5,125,1,-1,-1,-1,-1
2018010145536,1,9,0,9,0,8,0,0,0,0,4,1,2,1,53,8,-1,-1,-1,4,1,4
2018010145536,2,1,0,5,0,8,0,0,0,0,1,1,2,1,26,6,-1,-1,-1,2,1,2
2018010145541,1,9,-1,-1,-1,-1,-1,-1,-1,-1,-1,-1,6,1,42,7,1995,2,5,2,1,2
2018010145541,2,9,-1,-1,-1,-1,-1,-1,-1,-1,-1,-1,6,3,-1,-1,2995,1,14,-1,-1,-1
2018010145543,1,9,0,5,0,6,0,0,0,0,1,1,6,1,62,9,1969,2,2,6,2,6
2018010145543,2,3,0,4,0,8,0,0,0,0,4,1,1,1,24,5,125,1,2,6,1,6
2018010145544,1,11,0,4,0,1,0,0,0,0,0,1,1,1,45,7,4500,2,6,5,1,5
2018010145546,1,9,0,3,0,4,0,0,0,0,2,1,6,1,41,7,1598,2,7,4,1,4
2018010145546,2,9,0,3,0,4,0,0,0,0,1,-1,6,2,25,5,1461,2,1,6,1,6
2018010145547,1,1,0,5,0,8,0,0,0,0,1,1,2,1,26,6,-1,-1,-1,7,1,7
2018010145548,1,5,0,18,0,8,0,0,0,0,1,1,6,1,43,7,744,1,-1,1,1,1
2018010145554,1,9,0,7,0,8,0,0,0,0,1,1,6,3,-1,-1,-1,-1,-1,-1,-1,-1
2018010145557,1,9,0,-1,-1,-1,-1,-1,-1,-1,2,-1,6,1,21,5,1968,2,5,7,1,7
2018010145557,2,9,0,-1,-1,-1,-1,-1,-1,-1,1,-1,6,3,-1,-1,-1,-1,-1,-1,-1,-1
2018010145559,1,9,0,9,0,8,0,0,0,0,4,1,2,1,52,8,2993,2,3,6,1,6
2018010145559,2,1,0,18,0,8,0,0,0,0,1,1,2,1,49,8,-1,-1,-1,10,1,10
2018010145560,1,9,0,-1,-1,0,-1,-1,-1,-1,-1,-1,6,3,-1,-1,-1,-1,-1,-1,-1,-1
2018010145565,1,9,0,9,0,1,0,0,0,0,1,1,3,1,45,7,1198,1,12,4,1,4
2018010145565,2,3,0,14,0,1,0,0,0,0,3,1,1,2,20,4,-1,-1,-1,9,1,9
2018010145568,1,9,0,7,0,1,0,0,0,0,3,1,6,1,47,8,3628,2,8,2,1,2
2018010145568,2,1,0,15,0,1,0,0,0,0,1,1,6,2,27,6,-1,-1,-1,5,1,5
2018010145570,1,19,0,-1,-1,0,-1,-1,-1,-1,-1,-1,6,1,53,8,2198,2,4,2,1,2
2018010145570,2,19,0,-1,-1,0,-1,-1,-1,-1,-1,-1,6,3,-1,-1,1598,2,3,9,1,9
2018010145576,1,9,0,9,0,8,0,0,0,0,4,-1,6,2,33,6,1986,2,11,2,1,2
2018010145576,2,1,-1,-1,0,8,5,0,0,0,-1,1,6,2,-1,-1,-1,-1,-1,-1,-1,-1
2018010145578,1,9,0,5,0,1,0,4,0,0,1,1,6,1,83,11,1242,1,-1,6,1,6
2018010145580,1,9,0,10,0,8,0,0,0,0,1,1,2,1,53,8,1686,2,13,2,1,2
2018010145580,2,5,0,18,0,8,0,0,0,0,3,1,2,1,37,7,803,1,7,3,1,3
2018010145585,1,9,4,9,0,5,0,0,0,0,1,1,6,2,68,10,1248,1,8,4,2,4
2018010145586,1,1,-1,-1,-1,-1,-1,-1,-1,-1,-1,1,6,1,16,4,-1,-1,-1,4,1,4
2018010145586,2,9,0,-1,-1,-1,-1,-1,-1,-1,4,-1,6,1,58,9,2497,2,16,5,1,5
2018010145588,1,9,0,9,0,6,0,0,0,0,1,1,6,1,38,7,1999,2,2,10,2,10
2018010145589,1,9,0,17,0,5,0,0,0,0,4,2,6,2,31,6,1461,2,1,1,1,1
2018010145589,2,9,0,17,0,1,0,0,0,0,3,2,2,1,48,8,3000,1,7,3,1,3
2018010145594,1,11,0,-1,-1,-1,-1,-1,-1,-1,0,-1,6,1,32,6,-1,-1,-1,2,1,2
2018010145594,2,9,-1,-1,-1,-1,-1,-1,-1,-1,-1,-1,6,3,-1,-1,-1,-1,-1,-1,-1,-1
2018010145597,1,9,0,18,0,2,0,0,0,0,3,1,2,1,61,9,2993,2,6,7,1,7
2018010145597,2,3,0,18,0,8,0,0,0,0,1,1,6,1,19,4,125,1,1,3,1,3
2018010145601,1,9,0,10,0,6,0,0,0,0,1,1,1,1,46,8,1969,2,1,4,1,4
2018010145601,2,9,0,18,0,8,0,0,0,0,1,1,6,2,71,10,1389,1,13,-1,-1,-1
2018010145604,1,9,0,3,0,0,0,0,0,0,0,1,1,2,31,6,998,1,-1,2,1,2
2018010145604,2,5,0,14,0,0,0,0,0,0,1,1,2,1,35,6,599,1,10,1,1,1
2018010145606,1,9,0,18,0,0,0,0,1,2,1,1,6,1,87,11,1396,1,14,7,1,7
2018010145610,1,3,0,18,0,1,0,0,0,0,1,1,6,1,46,8,108,1,7,2,1,2
2018010145610,2,9,0,18,0,1,0,0,0,0,4,-1,6,3,-1,-1,1968,2,4,-1,-1,-1
2018010145615,1,9,-1,-1,-1,-1,-1,-1,-1,-1,-1,-1,6,1,47,8,1596,1,13,1,1,1
2018010145619,1,1,0,18,0,1,0,0,0,0,1,1,6,1,39,7,-1,-1,-1,-1,-1,-1
2018010145623,1,9,0,-1,-1,-1,-1,-1,-1,-1,1,-1,6,2,40,7,-1,-1,-1,3,1,3
2018010145625,1,11,0,5,0,2,0,0,0,0,0,1,1,1,32,6,4500,2,3,2,1,2
2018010145626,1,9,0,7,0,5,0,0,0,0,1,1,6,1,34,6,1364,1,-1,4,-1,4
2018010145628,1,9,0,-1,-1,-1,-1,-1,-1,-1,2,-1,6,1,19,4,1229,1,9,6,1,6
2018010145628,2,9,0,-1,-1,-1,-1,-1,-1,-1,1,-1,6,3,-1,-1,2993,2,13,-1,-1,-1
2018010145636,1,9,0,7,0,2,0,0,0,0,2,1,6,1,42,7,1998,1,13,2,1,2
2018010145636,2,19,0,3,0,2,0,0,0,0,1,1,1,1,51,8,2198,2,4,9,1,9
2018010145637,1,9,0,9,6,8,0,0,0,0,2,1,6,2,32,6,1956,2,7,3,1,3
2018010145637,2,5,0,14,0,1,1,0,0,0,1,1,6,1,40,7,600,1,5,10,1,10
2018010145639,1,1,-1,-1,-1,-1,-1,-1,-1,-1,-1,1,2,1,30,6,-1,-1,-1,4,1,4
2018010145639,2,9,0,-1,-1,-1,-1,-1,-1,-1,1,-1,6,1,36,7,1390,1,8,4,1,4
2018010145643,1,9,0,-1,-1,0,-1,-1,-1,-1,-1,-1,2,2,32,6,1339,1,12,10,1,10
2018010145643,2,90,0,-1,-1,0,-1,-1,-1,-1,-1,-1,6,3,-1,-1,-1,-1,-1,-1,-1,-1
2018010145645,1,1,0,-1,0,1,0,0,0,0,-1,1,2,2,32,6,-1,-1,-1,3,1,3
2018010145645,2,9,0,-1,0,1,0,0,0,0,-1,-1,6,3,-1,-1,1598,1,13,-1,-1,-1
2018010145647,1,2,0,18,0,1,0,0,0,0,1,1,6,1,26,6,124,1,8,6,3,6
2018010145649,1,3,0,-1,-1,-1,-1,-1,-1,-1,-1,1,6,1,32,6,108,1,4,3,1,3
2018010145649,2,9,0,-1,-1,-1,-1,-1,-1,-1,0,-1,6,1,40,7,1798,1,-1,2,1,2
2018010145650,1,9,0,18,0,1,0,0,0,0,1,1,6,1,32,6,-1,-1,-1,3,1,3
2018010145650,2,1,0,18,0,1,5,0,0,0,1,1,6,2,17,4,-1,-1,-1,1,1,1
2018010145653,1,5,0,-1,-1,-1,-1,-1,-1,-1,-1,1,2,1,50,8,670,1,6,-1,-1,-1
2018010145655,1,9,0,-1,-1,-1,-1,-1,-1,-1,-1,-1,6,3,-1,-1,-1,-1,-1,-1,-1,-1
2018010145656,1,9,0,18,0,4,0,0,0,0,1,1,6,3,-1,-1,-1,-1,-1,-1,-1,-1
2018010145660,1,9,0,18,0,8,0,0,0,0,2,1,6,1,35,6,2143,2,4,-1,-1,-1
2018010145660,2,9,0,18,0,8,0,0,0,0,1,1,6,1,28,6,1896,2,13,5,1,5
2018010145669,1,11,0,18,2,1,0,0,0,0,1,1,1,1,71,10,4500,2,8,9,1,9
2018010145670,1,9,0,18,0,8,0,0,0,0,2,-1,6,1,52,8,1995,2,12,5,1,5
2018010145670,2,3,0,18,0,8,0,0,0,0,2,1,6,3,-1,-1,-1,-1,-1,-1,-1,-1
2018010145671,1,9,0,9,0,1,0,0,0,0,1,1,6,1,37,7,1968,2,13,5,1,5
2018010145671,2,1,0,18,0,1,0,0,0,0,4,1,6,1,27,6,-1,-1,-1,5,1,5
2018010145672,1,9,0,18,9,0,0,0,0,0,1,1,2,1,31,6,647,8,1,2,1,2
2018010145673,1,9,0,1,9,2,0,10,0,0,1,2,6,1,40,7,1910,2,10,2,1,2
2018010145673,2,9,0,1,0,2,0,0,0,0,2,1,6,3,-1,-1,1997,2,19,-1,-1,-1
2018010145679,1,9,0,18,0,0,0,0,0,0,1,1,6,3,-1,-1,1968,2,8,-1,-1,-1
2018010145680,1,9,0,9,0,1,0,0,0,0,0,1,6,1,50,8,1461,2,2,4,1,4
2018010145680,2,3,0,18,9,8,1,4,0,0,1,1,6,1,26,6,124,1,6,7,1,7
2018010145680,3,9,0,2,0,2,0,0,0,0,4,1,6,3,-1,-1,999,1,19,-1,-1,-1
2018010145687,1,5,0,14,0,0,0,4,0,0,1,1,6,1,25,5,599,1,11,7,1,7
2018010145687,2,9,0,2,0,0,1,0,0,0,2,1,6,3,-1,-1,1598,1,13,-1,-1,-1
2018010145687,3,9,0,2,0,0,0,0,0,0,0,1,6,3,-1,-1,2993,2,2,-1,-1,-1
2018010145688,1,1,-1,-1,-1,-1,-1,-1,-1,-1,-1,1,6,2,53,8,-1,-1,-1,4,1,4
2018010145688,2,9,0,-1,-1,-1,-1,-1,-1,-1,1,-1,6,3,-1,-1,1968,2,4,-1,-1,-1
2018010145692,1,1,-1,-1,-1,-1,-1,-1,-1,-1,-1,1,2,1,42,7,-1,-1,-1,3,1,3
2018010145692,2,9,0,-1,-1,-1,-1,-1,-1,-1,-1,-1,6,3,-1,-1,1598,1,6,4,1,4
2018010145697,1,1,-1,-1,-1,8,-1,-1,-1,-1,-1,1,2,2,41,7,-1,-1,-1,8,1,8
2018010145697,2,9,0,-1,-1,8,-1,-1,-1,-1,1,-1,6,3,50,8,2993,2,5,9,1,9
2018010145699,1,9,0,18,0,1,0,0,0,0,1,1,6,1,63,9,2993,2,6,6,1,6
2018010145700,1,9,0,6,0,1,0,0,0,0,3,1,6,1,47,8,1364,2,9,9,1,9
2018010145700,2,3,0,18,0,2,0,0,0,0,1,1,6,1,42,7,125,1,5,1,1,1
2018010145702,1,5,0,5,0,8,5,0,0,0,3,1,1,1,49,8,745,1,2,7,1,7
2018010145702,2,11,0,5,0,8,0,0,0,0,3,1,1,1,24,5,5132,2,-1,3,1,3
2018010145702,3,20,0,5,0,8,0,0,0,0,1,1,6,3,-1,-1,-1,-1,-1,-1,-1,-1
2018010145705,1,8,0,14,0,0,0,0,0,0,4,1,1,1,37,7,1997,2,5,3,1,3
2018010145705,2,3,0,18,0,0,0,0,0,0,3,1,6,1,51,8,125,1,1,6,1,6
2018010145707,1,19,0,4,0,8,0,0,0,0,1,1,1,1,44,7,1870,2,14,-1,-1,-1
2018010145707,2,9,0,18,0,1,0,0,0,0,1,1,1,1,40,7,1339,8,8,4,1,4
2018010145707,3,9,0,9,0,8,0,0,0,0,0,1,6,3,-1,-1,-1,-1,-1,-1,-1,-1
2018010145708,1,3,0,18,0,8,1,0,0,0,0,1,6,1,23,5,115,1,3,7,1,7
2018010145708,2,9,-1,9,0,-1,-1,0,-1,0,0,-1,6,3,-1,-1,-1,-1,-1,-1,-1,-1
2018010145711,1,1,-1,-1,-1,-1,-1,-1,-1,-1,-1,1,2,1,39,7,-1,-1,-1,8,1,8
2018010145711,2,9,0,-1,-1,-1,-1,-1,-1,-1,-1,-1,6,3,28,6,1968,2,4,3,1,3
2018010145712,1,9,0,-1,-1,0,-1,-1,-1,-1,-1,-1,6,2,31,6,898,1,-1,3,1,3
2018010145712,2,9,0,-1,-1,0,-1,-1,-1,-1,1,-1,6,3,-1,-1,1995,2,3,-1,-1,-1
2018010145713,1,9,0,10,0,1,0,0,0,0,3,1,6,1,36,7,2967,2,4,7,1,7
2018010145713,2,3,0,18,0,1,0,0,0,0,1,1,2,1,28,6,124,1,6,2,1,2
2018010145715,1,9,0,18,0,2,0,0,0,0,1,1,6,2,59,9,998,1,19,3,1,3
2018010145718,1,5,0,18,0,2,0,0,0,0,1,1,6,1,32,6,-1,-1,-1,8,1,8
2018010145718,2,9,0,18,0,1,0,0,0,0,2,1,6,3,-1,-1,-1,-1,-1,-1,-1,-1
2018010145720,1,1,0,14,0,0,0,8,0,0,1,1,2,1,32,6,-1,-1,-1,1,1,1
2018010145720,2,9,0,2,0,0,0,0,0,0,3,-1,6,3,-1,-1,1591,1,1,-1,-1,-1
2018010145721,1,9,0,18,0,2,0,11,0,0,1,1,6,1,21,5,1364,1,11,2,1,2
2018010145721,2,9,0,9,0,2,0,0,0,0,1,1,6,3,-1,-1,-1,-1,-1,-1,-1,-1
2018010145722,1,2,0,14,0,8,0,0,0,0,1,1,6,1,36,7,49,1,5,-1,-1,-1
2018010145722,2,11,1,9,0,8,0,0,0,0,1,1,1,1,50,8,4500,2,11,2,1,2
2018010145723,1,9,0,18,0,1,0,0,0,0,1,1,6,1,-1,-1,-1,-1,-1,-1,-1,-1
2018010145725,1,9,0,9,0,6,0,0,0,0,3,1,6,1,46,8,1560,2,7,9,1,9
2018010145725,2,5,0,18,0,1,0,0,0,0,1,1,6,1,52,8,1298,1,18,7,3,7
2018010145726,1,9,0,9,0,0,0,0,0,0,1,1,6,1,23,5,1399,2,10,3,1,3
2018010145726,2,3,0,13,0,0,5,0,0,0,1,1,6,1,30,6,108,1,4,2,1,2
2018010145728,1,9,0,9,0,3,0,0,0,0,4,1,6,2,52,8,1598,1,4,3,1,3
2018010145728,2,3,0,18,0,4,0,0,1,0,1,1,6,1,21,5,124,1,6,-1,-1,-1
2018010145729,1,9,0,17,0,0,5,10,1,0,1,2,6,1,32,6,-1,-1,-1,9,1,9
2018010145730,1,9,0,5,0,3,0,0,0,0,4,1,6,1,18,4,998,1,3,10,1,10
2018010145730,2,9,0,5,0,3,0,0,0,0,1,1,6,3,-1,-1,-1,-1,-1,-1,-1,-1
2018010145731,1,9,0,5,0,8,0,0,0,0,1,1,2,1,21,5,-1,-1,-1,1,1,1
2018010145735,1,9,0,18,0,4,0,0,0,0,1,1,1,1,51,8,998,1,1,5,1,5
2018010145735,2,9,0,9,0,3,0,0,0,0,4,1,2,1,58,9,278,1,7,3,1,3
2018010145736,1,19,0,18,9,1,0,10,2,10,1,1,1,1,49,8,-1,-1,-1,7,1,7
2018010145737,1,1,0,18,0,-1,-1,0,0,0,2,1,6,2,30,6,-1,-1,-1,4,1,4
2018010145737,2,9,0,18,0,-1,0,0,0,0,4,-1,6,3,-1,-1,-1,-1,-1,-1,-1,-1
2018010145738,1,9,0,-1,-1,-1,-1,-1,-1,-1,-1,-1,6,1,25,5,1595,1,8,3,1,3
2018010145738,2,19,-1,-1,-1,-1,-1,-1,-1,-1,1,-1,6,1,36,7,-1,-1,-1,7,2,7
2018010145739,1,3,0,18,0,0,0,0,0,0,1,1,2,1,38,7,125,1,-1,9,1,9
2018010145739,2,19,0,18,0,0,0,0,0,0,0,1,6,3,-1,-1,-1,-1,-1,-1,-1,-1
2018010145741,1,3,0,4,0,0,0,-1,0,0,2,1,6,1,33,6,-1,-1,-1,2,1,2
2018010145745,1,9,0,3,0,0,0,0,0,0,2,1,6,2,50,8,1796,1,13,6,1,6
2018010145745,2,9,0,18,0,0,0,0,0,0,1,1,6,1,25,5,1598,2,4,6,1,6
2018010145752,1,19,0,18,0,0,0,0,0,0,2,1,2,1,-1,-1,2143,2,6,7,1,7
2018010145752,2,9,0,18,0,0,0,0,0,0,2,1,2,2,29,6,2143,2,8,5,1,5
2018010145752,3,19,0,18,0,0,0,0,0,0,0,1,1,1,33,6,1995,2,9,3,1,3
2018010145760,1,9,-1,-1,-1,-1,-1,-1,-1,-1,-1,-1,6,1,29,6,-1,-1,-1,6,1,6
2018010145760,2,9,-1,-1,-1,-1,-1,-1,-1,-1,-1,-1,6,3,-1,-1,1995,2,7,-1,-1,-1
2018010145761,1,9,-1,-1,-1,-1,-1,-1,-1,-1,-1,-1,6,1,44,7,2179,2,13,4,1,4
2018010145761,2,9,-1,-1,-1,-1,-1,-1,-1,-1,-1,-1,6,3,-1,-1,-1,-1,-1,-1,-1,-1
2018010145764,1,19,0,4,9,0,0,0,0,0,1,1,1,1,66,10,2287,2,11,3,1,3
2018010145766,1,1,-1,-1,-1,-1,-1,-1,-1,-1,1,1,2,1,43,7,-1,-1,-1,2,1,2
2018010145766,2,9,0,-1,-1,-1,-1,-1,-1,-1,-1,-1,6,3,-1,-1,1240,1,13,1,1,1
2018010145769,1,19,0,7,0,8,0,0,0,0,1,1,1,1,52,8,2143,2,4,5,1,5
2018010145772,1,9,0,5,0,1,0,0,0,0,-1,-1,6,1,32,6,1968,2,1,1,1,1
2018010145772,2,9,0,18,0,1,0,0,0,0,-1,-1,6,3,-1,-1,998,1,6,-1,-1,-1
2018010145773,1,9,0,6,0,0,0,0,0,0,3,1,6,1,23,5,2143,2,-1,7,3,7
2018010145773,2,5,0,14,0,0,5,0,0,0,3,1,2,1,28,6,599,1,12,9,1,9
2018010145774,1,9,0,9,0,5,0,0,0,0,2,1,6,3,-1,-1,-1,-1,-1,-1,-1,-1
2018010145774,2,1,0,18,0,8,0,0,0,0,2,1,3,1,12,3,-1,-1,-1,7,1,7
2018010145775,1,9,0,3,0,2,0,0,0,0,2,2,2,2,56,9,1397,1,14,9,1,9
2018010145775,2,9,0,3,0,1,0,0,0,0,1,1,1,1,41,7,1997,2,4,8,1,8
2018010145775,3,3,0,3,0,2,0,0,0,0,2,1,2,1,32,6,125,1,-1,1,1,1
2018010145776,1,9,0,9,0,5,0,0,0,0,3,1,6,1,54,8,1388,1,14,4,1,4
2018010145776,2,4,0,18,0,5,0,0,0,0,1,1,6,1,36,7,125,1,4,4,1,4
2018010145781,1,2,-1,18,0,8,-1,0,-1,0,4,1,6,1,19,4,49,1,1,1,1,1
2018010145781,2,9,0,9,-1,8,0,-1,-1,-1,3,1,6,1,-1,-1,-1,-1,-1,-1,-1,-1
2018010145787,1,9,0,18,0,8,0,0,0,0,1,1,6,3,-1,-1,-1,-1,-1,-1,-1,-1
2018010145789,1,1,-1,-1,-1,-1,-1,-1,-1,-1,-1,1,2,1,38,7,-1,-1,-1,2,1,2
2018010145789,2,9,0,-1,-1,-1,-1,-1,-1,-1,-1,-1,6,3,-1,-1,-1,-1,-1,-1,-1,-1
2018010145795,1,9,0,18,0,0,0,0,0,0,1,1,2,1,34,6,1400,1,12,7,1,7
2018010145805,1,1,-1,-1,-1,8,-1,-1,-1,-1,1,1,2,1,44,7,-1,-1,-1,10,1,10
2018010145805,2,9,0,-1,-1,8,-1,-1,-1,-1,1,-1,6,3,-1,-1,2204,2,12,9,1,9
2018010145806,1,10,0,7,0,1,0,0,0,0,4,1,6,1,44,7,-1,-1,-1,5,1,5
2018010145806,2,1,0,18,5,8,0,0,0,0,1,1,2,1,36,7,-1,-1,-1,2,1,2
2018010145807,1,9,0,18,9,8,5,10,1,1,1,1,2,2,46,8,1240,1,11,2,1,2
2018010145810,1,9,0,9,0,3,0,0,0,0,1,1,6,1,51,8,1499,8,-1,7,1,7
2018010145811,1,9,0,7,0,1,0,7,0,0,1,1,6,1,52,8,1242,1,3,9,1,9
2018010145811,2,1,0,18,0,1,0,0,0,0,1,1,6,1,-1,-1,-1,-1,-1,-1,-1,-1
2018010145814,1,19,0,9,0,8,0,0,0,0,3,1,2,1,52,8,1598,2,1,2,1,2
2018010145814,2,5,0,9,0,8,0,0,0,0,1,1,2,1,44,7,1200,1,2,2,1,2
2018010145815,1,1,-1,-1,-1,-1,-1,-1,-1,-1,-1,1,2,2,23,5,-1,-1,-1,2,1,2
2018010145815,2,1,-1,-1,-1,-1,-1,-1,-1,-1,1,1,6,3,-1,-1,-1,-1,-1,-1,-1,-1
2018010145821,1,5,0,18,0,8,0,0,0,0,4,1,2,1,33,6,296,1,2,5,1,5
2018010145821,2,8,0,9,0,5,0,0,0,0,3,1,1,1,59,9,1598,2,3,4,1,4
2018010145823,1,5,0,14,0,0,0,0,0,0,1,1,1,1,52,8,1170,1,-1,10,1,10
2018010145828,1,5,0,18,0,1,0,0,0,0,1,1,6,1,61,9,1690,1,3,4,1,4
2018010145828,2,9,0,10,0,1,0,0,0,0,1,1,6,2,33,6,1796,2,6,2,1,2
2018010145838,1,9,0,-1,-1,-1,-1,-1,-1,-1,2,-1,6,2,25,5,1198,1,8,10,2,10
2018010145838,2,9,0,-1,-1,-1,-1,-1,-1,-1,1,-1,6,1,19,4,1229,1,7,4,1,4
2018010145856,1,9,0,4,0,0,0,0,0,0,2,1,6,1,41,7,1364,2,11,5,1,5
2018010145856,2,9,0,18,0,0,0,0,0,0,1,1,6,3,-1,-1,1398,1,7,-1,-1,-1
2018010145861,1,19,0,5,0,0,0,0,0,0,3,1,1,1,26,6,1968,2,-1,2,1,2
2018010145861,2,4,0,13,0,0,0,0,0,0,4,1,2,2,25,5,124,1,2,6,1,6
2018010145869,1,9,0,4,0,0,0,0,0,0,2,1,6,2,33,6,1995,2,3,-1,-1,-1
2018010145869,2,9,0,4,0,0,0,0,0,0,2,1,6,2,22,5,1598,1,6,-1,-1,-1
2018010145869,3,9,0,18,0,0,0,0,0,0,1,1,3,2,36,7,1999,1,13,2,1,2
2018010145870,1,9,0,3,0,0,0,0,1,0,2,1,2,1,51,8,-1,-1,-1,2,1,2
2018010145870,2,9,0,3,0,0,0,0,0,0,1,1,2,1,43,7,1598,1,7,2,1,2
2018010145872,1,9,0,18,0,1,0,0,0,0,4,1,2,1,28,6,1248,1,-1,1,1,1
2018010145875,1,9,0,-1,-1,0,-1,-1,-1,-1,2,-1,6,2,44,7,1461,2,1,1,1,1
2018010145875,2,9,0,-1,-1,0,-1,-1,-1,-1,2,-1,6,3,-1,-1,2143,2,3,-1,-1,-1
2018010145875,3,9,0,-1,-1,0,-1,-1,-1,-1,0,-1,6,3,-1,-1,2143,2,5,-1,-1,-1
2018010145883,1,5,0,18,0,2,0,0,0,0,1,1,6,1,25,5,599,1,15,-1,-1,-1
2018010145883,2,9,0,9,0,1,0,0,0,0,1,1,2,1,44,7,2099,1,14,-1,-1,-1
2018010145884,1,9,0,7,0,1,0,0,0,0,3,1,6,3,-1,-1,-1,-1,-1,-1,-1,-1