Accident_Index,Vehicle_Reference,Vehicle_Type,Towing_and_Articulation,Vehicle_Manoeuvre,Vehicle_Location-Restricted_Lane,Junction_Location,Skidding_and_Overturning,Hit_Object_in_Carriageway,Vehicle_Leaving_Carriageway,Hit_Object_off_Carriageway,1st_Point_of_Impact,Was_Vehicle_Left_Hand_Drive?,Journey_Purpose_of_Driver,Sex_of_Driver,Age_of_Driver,Age_Band_of_Driver,Engine_Capacity_(CC),Propulsion_Code,Age_of_Vehicle,Driver_IMD_Decile,Driver_Home_Area_Type,Vehicle_IMD_Decile
2018010145884,2,1,0,18,0,1,0,0,1,0,1,1,2,2,34,6,-1,-1,-1,1,1,1
2018010145885,1,8,0,-1,-1,-1,-1,-1,-1,-1,4,-1,6,1,54,8,2499,2,4,6,1,6
2018010145886,1,1,0,14,0,1,0,11,0,0,1,1,6,1,26,6,-1,-1,-1,2,1,2
2018010145892,1,1,-1,-1,-1,-1,-1,-1,-1,-1,-1,1,6,1,25,5,-1,-1,-1,6,1,6
2018010145892,2,90,0,-1,-1,-1,-1,-1,-1,-1,-1,-1,6,3,-1,-1,-1,-1,-1,-1,-1,-1
2018010145896,1,9,0,5,0,6,0,0,0,0,1,1,6,1,29,6,1596,1,13,3,1,3
2018010145896,2,5,0,4,0,1,0,10,0,0,1,1,6,1,50,8,656,1,9,4,2,4
2018010145901,1,3,0,-1,-1,0,-1,-1,-1,-1,-1,1,2,1,32,6,125,1,-1,8,1,8
2018010145901,2,9,0,-1,-1,0,-1,-1,-1,-1,0,-1,6,3,-1,-1,1968,2,7,5,1,5
2018010145902,1,4,0,5,0,1,1,0,0,0,0,1,6,1,48,8,-1,-1,-1,10,1,10
2018010145905,1,9,0,18,0,0,0,0,0,0,1,1,2,2,44,7,1497,8,2,1,1,1
2018010145906,1,9,0,4,0,0,0,0,0,0,2,1,2,2,49,8,1390,1,7,6,1,6
2018010145906,2,9,0,18,0,0,0,0,0,0,1,1,2,1,68,10,2720,2,12,8,1,8
2018010145906,3,9,0,4,0,0,0,0,0,0,2,1,6,2,32,6,1798,8,-1,2,1,2
2018010145907,1,9,0,18,0,0,0,0,0,0,1,1,2,1,29,6,1595,1,7,6,1,6
2018010145907,2,9,0,18,0,0,0,0,0,0,1,1,6,2,33,6,1299,1,18,3,1,3
2018010145909,1,9,0,9,0,8,0,0,0,0,1,1,6,3,-1,-1,1560,2,9,-1,-1,-1
2018010145909,2,9,0,18,0,2,0,0,0,0,3,1,6,2,48,8,1950,2,1,-1,-1,-1
2018010145910,1,9,0,4,0,1,0,0,0,0,2,1,6,1,26,6,1999,2,-1,3,1,3
2018010145910,2,1,0,4,0,1,0,0,0,0,2,1,2,1,20,4,-1,-1,-1,2,1,2
2018010145912,1,1,0,15,3,0,0,0,0,0,1,1,6,1,18,4,-1,-1,-1,-1,-1,-1
2018010145913,1,9,0,18,0,1,0,0,0,0,4,1,6,1,35,6,1596,1,4,1,1,1
2018010145913,2,11,0,3,2,1,0,0,0,0,0,1,1,1,50,8,6700,2,10,6,1,6
2018010145913,3,11,0,3,0,1,0,0,0,0,0,1,1,1,41,7,6692,2,5,3,1,3
2018010145915,1,3,0,15,5,1,0,0,0,0,1,1,6,1,19,4,125,1,10,4,-1,4
2018010145915,2,19,0,3,0,1,0,0,0,0,4,1,1,1,36,7,1968,2,2,4,1,4
2018010145915,3,1,0,18,5,2,0,0,0,0,1,1,2,1,42,7,-1,-1,-1,10,1,10
2018010145918,1,5,0,-1,-1,0,-1,-1,-1,-1,1,1,6,2,34,6,599,1,8,6,1,6
2018010145918,2,9,0,-1,-1,0,-1,-1,-1,-1,-1,-1,6,3,-1,-1,1199,2,6,-1,-1,-1
2018010145919,1,11,0,5,0,0,0,0,0,0,0,1,6,1,45,7,9000,2,9,3,1,3
2018010145920,1,2,0,1,9,-1,0,0,-1,0,-1,1,6,3,-1,-1,-1,-1,-1,-1,-1,-1
2018010145921,1,9,0,18,0,1,0,0,0,0,3,1,6,1,68,10,1339,1,12,3,1,3
2018010145927,1,5,0,18,0,0,0,0,0,0,1,1,2,1,30,6,847,1,-1,8,2,8
2018010145930,1,9,0,-1,-1,-1,-1,-1,-1,-1,1,-1,6,1,35,6,1798,8,2,3,1,3
2018010145930,2,8,0,-1,-1,-1,-1,-1,-1,-1,1,-1,6,3,-1,-1,-1,-1,-1,-1,-1,-1
2018010145931,1,3,0,16,0,2,0,0,0,0,0,1,6,3,-1,-1,-1,-1,-1,-1,-1,-1
2018010145932,1,9,0,-1,-1,-1,-1,-1,-1,-1,2,-1,6,3,-1,-1,-1,-1,-1,-1,-1,-1
2018010145935,1,3,0,-1,-1,-1,-1,-1,-1,-1,-1,1,6,2,37,7,125,1,4,3,1,3
2018010145935,2,9,0,-1,-1,-1,-1,-1,-1,-1,1,-1,6,3,53,8,1395,1,1,3,1,3
2018010145937,1,9,0,9,0,5,0,0,0,0,1,1,2,1,57,9,1999,1,17,-1,-1,-1
2018010145937,2,1,0,18,0,1,1,0,0,0,1,1,3,1,15,3,-1,-1,-1,1,1,1
2018010145942,1,9,0,18,0,1,0,0,0,0,1,1,6,2,49,8,1364,1,11,3,1,3
2018010145946,1,9,0,18,0,1,0,0,0,0,1,1,6,1,26,6,1395,1,-1,2,1,2
2018010145946,2,9,0,9,0,6,0,0,6,10,2,1,6,2,35,6,1275,1,20,6,1,6
2018010145946,3,9,0,2,0,1,0,0,0,0,1,1,6,3,-1,-1,1364,1,10,-1,-1,-1
2018010145946,4,9,0,2,0,1,0,0,0,0,1,1,6,3,-1,-1,996,1,5,-1,-1,-1
2018010145948,1,1,-1,-1,-1,8,-1,-1,-1,-1,2,1,2,1,33,6,-1,-1,-1,8,1,8
2018010145948,2,9,0,-1,-1,8,-1,-1,-1,-1,1,1,6,3,-1,-1,-1,-1,-1,8,1,8
2018010145951,1,9,0,5,0,8,0,0,0,0,1,1,6,2,29,6,1296,1,12,1,1,1
2018010145951,2,9,0,5,0,8,0,0,0,0,2,1,6,2,58,9,1197,1,3,2,1,2
2018010145953,1,9,0,16,0,1,0,0,8,4,1,1,6,2,59,9,1296,1,11,3,1,3
2018010145953,2,9,0,16,0,1,0,0,0,0,0,1,6,3,-1,-1,-1,-1,-1,-1,-1,-1
2018010145954,1,9,0,18,0,2,0,0,0,0,1,1,6,1,25,5,1390,1,5,4,1,4
2018010145954,2,2,0,18,0,2,0,0,0,0,3,1,6,1,48,8,124,1,13,6,1,6
2018010145963,1,8,0,18,0,2,0,0,0,0,4,1,1,1,34,6,1797,8,8,3,1,3
2018010145964,1,3,0,18,0,0,0,0,1,0,1,1,2,1,33,6,124,1,21,3,1,3
2018010145964,2,9,0,18,0,0,0,0,0,0,1,1,6,1,55,8,2793,1,19,9,1,9
2018010145967,1,9,0,-1,-1,-1,-1,-1,-1,-1,-1,-1,2,2,55,8,1242,1,9,3,1,3
2018010145967,2,9,0,-1,-1,-1,-1,-1,-1,-1,1,-1,6,3,-1,-1,1968,2,8,3,1,3
2018010145969,1,9,0,18,0,1,2,4,0,0,1,1,6,1,19,4,2987,2,10,5,1,5
2018010145969,2,9,0,2,0,1,0,0,0,0,4,1,6,3,-1,-1,999,1,4,-1,-1,-1
2018010145969,3,9,0,2,0,1,0,0,0,0,4,1,6,3,-1,-1,1596,1,4,-1,-1,-1
2018010145973,1,9,0,7,0,6,0,0,0,0,4,1,6,2,24,5,1461,2,3,2,1,2
2018010145973,2,1,0,3,0,1,0,0,0,0,4,1,1,1,28,6,-1,-1,-1,5,1,5
2018010145975,1,9,0,4,0,1,0,0,0,0,3,1,3,1,28,6,1398,1,3,1,1,1
2018010145976,1,3,0,18,0,0,0,-1,0,0,1,1,6,1,25,5,-1,-1,-1,4,1,4
2018010145982,1,9,-1,-1,-1,-1,-1,-1,-1,-1,-1,-1,6,2,45,7,2720,2,10,3,1,3
2018010145982,2,9,-1,-1,-1,-1,-1,-1,-1,-1,-1,-1,6,1,30,6,2698,2,10,2,1,2
2018010145983,1,9,0,8,0,6,0,0,0,0,1,1,6,2,47,8,1332,1,5,9,1,9
2018010145983,2,9,0,18,0,1,0,0,0,0,1,1,6,1,26,6,1995,2,13,5,1,5
2018010145983,3,9,0,9,0,5,0,0,0,0,4,1,6,1,48,8,1998,1,16,4,1,4
2018010145987,1,9,0,18,0,8,0,0,0,0,3,1,6,1,32,6,2171,1,17,2,1,2
2018010145987,2,9,0,12,0,8,0,0,0,0,4,1,6,1,-1,-1,2184,2,14,6,1,6
2018010145996,1,1,-1,-1,-1,-1,-1,-1,-1,-1,1,1,2,1,38,7,-1,-1,-1,3,1,3
2018010145996,2,9,0,-1,-1,-1,-1,-1,-1,-1,-1,-1,6,3,-1,-1,1499,1,-1,-1,-1,-1
2018010145999,1,9,0,18,0,1,0,0,0,0,1,1,6,2,48,8,998,1,8,7,1,7
2018010145999,2,9,0,18,0,4,0,0,0,0,1,1,6,2,35,6,1595,1,16,8,1,8
2018010145999,3,9,0,18,0,4,0,0,1,1,1,1,6,1,38,7,1995,2,2,7,1,7
2018010146000,1,9,0,-1,-1,1,-1,-1,-1,-1,2,1,6,1,30,6,1995,2,4,8,1,8
2018010146000,2,9,0,-1,-1,1,-1,-1,-1,-1,1,-1,6,3,-1,-1,-1,-1,-1,-1,-1,-1
2018010146002,1,9,-1,18,0,0,-1,-1,-1,-1,-1,1,6,1,-1,-1,-1,-1,-1,-1,-1,-1
2018010146002,2,9,-1,18,0,0,-1,-1,-1,-1,-1,-1,6,1,36,7,1248,1,9,7,3,7
2018010146003,1,9,0,3,0,0,0,0,0,0,2,1,6,1,42,7,2982,2,10,9,1,9
2018010146003,2,9,0,3,0,0,0,0,0,0,2,1,6,2,37,7,1400,1,13,-1,-1,-1
2018010146003,3,9,0,4,0,0,0,0,0,0,1,1,2,1,48,8,3311,8,11,-1,-1,-1
2018010146012,1,20,0,5,0,2,0,0,0,0,3,1,1,2,51,8,10837,2,-1,6,1,6
2018010146013,1,5,0,12,0,0,1,0,0,0,0,1,6,1,31,6,656,1,10,-1,-1,-1
2018010146015,1,3,0,-1,-1,-1,-1,-1,-1,-1,1,1,6,1,40,7,125,1,-1,5,1,5
2018010146019,1,1,-1,-1,-1,-1,-1,-1,-1,-1,1,1,2,1,30,6,-1,-1,-1,6,1,6
2018010146019,2,8,0,-1,-1,-1,-1,-1,-1,-1,1,-1,6,3,-1,-1,-1,-1,-1,-1,-1,-1
2018010146020,1,9,0,-1,-1,-1,-1,-1,-1,-1,-1,-1,6,2,34,6,1388,1,10,2,1,2
2018010146020,2,9,0,-1,-1,-1,-1,-1,-1,-1,-1,-1,6,3,-1,-1,-1,-1,-1,-1,-1,-1
2018010146022,1,9,0,18,0,0,0,0,0,0,1,1,6,3,-1,-1,-1,-1,-1,-1,-1,-1
2018010146022,2,1,0,5,0,0,0,0,0,0,2,1,4,1,13,3,-1,-1,-1,3,1,3
2018010146023,1,9,0,9,0,1,0,0,0,0,3,1,6,1,68,10,1798,1,11,5,1,5
2018010146023,2,1,0,18,0,2,0,0,0,0,1,1,2,1,47,8,-1,-1,-1,4,1,4
2018010146029,1,19,0,4,0,8,0,0,0,0,4,1,2,1,55,8,1995,2,1,5,1,5
2018010146029,2,1,0,5,0,2,0,0,0,0,4,1,6,2,31,6,-1,-1,-1,6,1,6
2018010146030,1,1,0,18,0,8,0,-1,-1,-1,1,1,6,1,51,8,-1,-1,-1,6,1,6
2018010146030,2,9,-1,9,0,8,0,-1,-1,-1,-1,1,6,1,-1,-1,875,1,7,3,1,3
2018010146044,1,9,-1,18,0,-1,-1,0,0,0,1,-1,6,3,-1,-1,-1,-1,-1,-1,-1,-1
2018010146047,1,9,0,3,0,-1,0,0,0,0,2,-1,6,1,63,9,3311,8,10,8,1,8
2018010146047,2,9,0,18,0,-1,0,0,0,0,1,-1,6,1,-1,-1,1339,1,13,4,1,4
2018010146048,1,9,0,3,0,2,0,0,0,0,2,1,6,2,70,10,1198,1,6,4,1,4
2018010146048,2,9,0,18,0,2,0,0,0,0,1,1,6,1,85,11,1598,1,9,-1,-1,-1
2018010146058,1,9,0,5,0,4,0,0,0,0,1,1,6,1,39,7,2204,2,13,3,1,3
2018010146066,1,1,0,18,0,1,0,11,0,0,1,1,6,1,49,8,-1,-1,-1,4,1,4
2018010146072,1,9,0,9,0,8,0,0,0,0,1,1,6,2,54,8,1600,1,13,9,1,9
2018010146073,1,9,0,18,0,2,1,4,0,0,1,1,6,1,34,6,1995,2,7,5,1,5
2018010146073,2,9,0,3,0,2,0,4,0,0,2,1,2,2,49,8,1997,1,10,8,1,8
2018010146073,3,9,0,3,0,2,0,0,0,0,2,1,1,1,55,8,3311,8,10,4,1,4
2018010146073,4,8,0,12,0,2,0,0,0,0,4,1,1,1,43,7,1968,2,6,2,1,2
2018010146074,1,9,0,-1,-1,0,-1,-1,-1,-1,-1,-1,2,1,38,7,2204,2,12,6,1,6
2018010146074,2,11,0,-1,-1,0,-1,-1,-1,-1,1,-1,6,3,-1,-1,-1,2,9,-1,1,-1
2018010146076,1,9,0,4,0,1,0,0,0,0,4,1,6,1,48,8,-1,-1,-1,4,1,4
2018010146080,1,19,0,17,0,4,0,0,0,0,0,1,1,1,47,8,1753,2,7,10,1,10
2018010146080,2,1,0,17,0,4,0,0,0,0,0,1,6,1,73,10,-1,-1,-1,5,1,5
2018010146082,1,3,0,18,0,2,0,0,0,0,1,1,6,1,38,7,-1,-1,-1,-1,-1,-1
2018010146083,1,8,0,-1,-1,0,-1,-1,-1,-1,3,-1,6,1,64,9,2967,2,6,4,1,4
2018010146083,2,90,4,-1,-1,0,-1,-1,-1,-1,-1,2,6,3,-1,-1,-1,-1,-1,-1,-1,-1
2018010146087,1,3,0,15,2,1,0,0,1,0,3,1,1,1,40,7,108,1,9,3,1,3
2018010146087,2,9,0,8,0,1,0,0,0,0,1,1,1,1,30,6,-1,-1,-1,1,1,1
2018010146092,1,11,0,5,0,0,0,0,0,0,0,1,1,1,-1,-1,-1,-1,-1,-1,-1,-1
2018010146095,1,9,0,-1,-1,-1,-1,-1,-1,-1,1,-1,2,1,40,7,1968,2,10,5,1,5
2018010146095,2,9,0,-1,-1,-1,-1,-1,-1,-1,1,-1,6,1,57,9,1995,2,6,5,1,5
2018010146099,1,9,0,18,0,0,0,0,0,0,1,1,6,1,29,6,3222,2,14,4,1,4
2018010146103,1,9,0,4,0,4,0,0,0,0,4,1,2,2,44,7,1587,1,15,9,2,9
2018010146103,2,1,0,18,0,4,0,0,0,0,1,1,6,1,27,6,-1,-1,-1,8,1,8
2018010146105,1,9,0,3,0,1,0,0,0,0,2,1,2,1,48,8,1560,2,7,2,1,2
2018010146105,2,1,0,4,0,1,0,0,0,0,1,1,2,1,48,8,-1,-1,-1,4,1,4
2018010146106,1,9,0,3,0,1,0,0,0,0,2,1,6,1,50,8,2967,2,3,2,1,2
2018010146106,2,9,0,3,0,1,0,0,0,0,2,1,6,1,30,6,998,1,16,2,1,2
2018010146106,3,19,0,5,0,1,0,0,0,0,1,1,6,1,70,10,2143,2,3,10,1,10
2018010146109,1,9,0,7,0,2,0,0,0,0,1,1,6,2,21,5,1997,1,13,9,1,9
2018010146111,1,11,0,18,0,1,0,0,0,0,0,1,1,1,56,9,4500,2,10,2,1,2
2018010146118,1,9,-1,-1,-1,0,-1,-1,-1,-1,-1,-1,6,3,-1,-1,-1,-1,-1,-1,-1,-1
2018010146125,1,9,0,-1,-1,-1,-1,-1,-1,-1,-1,-1,6,2,19,4,1896,2,14,3,1,3
2018010146125,2,9,0,-1,-1,-1,-1,-1,-1,-1,0,-1,6,3,-1,-1,1968,2,-1,3,1,3
2018010146129,1,9,0,18,0,1,0,0,0,0,1,1,1,1,44,7,998,1,6,7,1,7
2018010146129,2,3,0,18,0,2,1,0,0,0,1,1,1,1,23,5,124,1,2,3,1,3
2018010146133,1,9,0,4,0,1,0,0,0,0,4,1,2,1,55,8,1991,1,2,-1,-1,-1
2018010146133,2,2,0,15,0,1,0,0,0,0,1,1,1,1,26,6,50,1,2,-1,-1,-1
2018010146135,1,9,0,9,0,1,0,0,0,0,3,1,6,3,-1,-1,1984,1,17,-1,-1,-1
2018010146135,2,1,0,18,2,1,1,0,0,0,3,1,2,1,49,8,-1,-1,-1,7,1,7
2018010146139,1,2,0,18,0,1,0,0,0,0,1,1,1,1,33,6,-1,-1,-1,4,1,4
2018010146139,2,19,0,2,0,1,0,0,0,0,2,1,6,3,-1,-1,-1,-1,-1,-1,-1,-1
2018010146143,1,9,0,17,0,8,0,0,0,0,1,1,6,1,42,7,2987,2,12,8,1,8
2018010146146,1,11,0,5,2,0,0,0,0,0,0,1,1,1,55,8,9000,2,9,1,1,1
2018010146147,1,11,0,18,0,2,0,0,0,0,4,1,1,1,47,8,4760,2,5,6,1,6
2018010146147,2,3,0,18,0,2,0,0,1,0,3,1,6,1,32,6,108,1,4,2,1,2
2018010146148,1,9,0,4,0,1,0,0,0,0,1,1,6,1,31,6,2499,1,12,2,1,2
2018010146150,1,9,0,9,0,5,0,0,0,0,4,2,2,1,70,10,-1,-1,-1,8,1,8
2018010146150,2,9,0,18,0,2,0,0,0,0,1,1,2,1,42,7,998,1,12,9,1,9
2018010146151,1,9,0,17,0,2,0,0,0,0,1,1,6,2,39,7,2995,1,12,1,1,1
2018010146153,1,11,0,4,0,8,0,0,0,0,0,1,1,2,60,9,9360,2,7,5,1,5
2018010146153,2,1,0,18,0,1,0,0,0,0,1,1,2,1,50,8,-1,-1,-1,8,1,8
2018010146154,1,1,-1,-1,-1,-1,-1,-1,-1,-1,-1,1,6,1,31,6,-1,-1,-1,7,1,7
2018010146154,2,19,0,-1,-1,-1,-1,-1,-1,-1,1,-1,6,3,-1,-1,2494,2,9,2,1,2
2018010146156,1,1,0,18,0,1,0,8,0,0,1,1,2,1,53,8,-1,-1,-1,2,1,2
2018010146156,2,9,0,3,0,1,0,0,0,0,3,1,6,1,31,6,1995,2,7,4,1,4
2018010146158,1,9,0,18,0,1,0,0,3,10,1,1,6,1,50,8,2993,2,2,9,1,9
2018010146158,2,9,0,18,0,1,0,0,0,0,3,1,6,1,32,6,-1,-1,-1,-1,-1,-1
2018010146158,3,9,0,2,0,1,0,0,0,0,2,1,6,3,-1,-1,1200,1,3,-1,-1,-1
2018010146158,4,9,0,2,0,2,0,0,0,0,1,1,6,3,-1,-1,1997,2,6,-1,-1,-1
2018010146160,1,9,0,-1,-1,-1,-1,-1,-1,-1,2,-1,6,3,-1,-1,1197,1,-1,-1,-1,-1
2018010146168,1,8,0,18,0,1,0,0,0,0,4,1,1,1,33,6,1968,2,5,9,1,9
2018010146168,2,9,0,9,0,1,0,0,0,0,1,1,6,1,29,6,2998,1,-1,9,1,9
2018010146169,1,9,0,-1,-1,0,-1,-1,-1,-1,-1,-1,6,2,32,6,1199,1,-1,2,1,2
2018010146169,2,9,0,-1,-1,0,-1,-1,-1,-1,-1,1,6,3,-1,-1,998,1,12,-1,-1,-1
2018010146170,1,9,0,6,2,0,0,0,0,0,1,1,6,1,47,8,1900,2,12,5,1,5
2018010146170,2,2,0,14,2,0,0,0,0,0,1,1,1,1,27,6,108,1,3,3,1,3
2018010146172,1,9,0,18,0,0,0,0,0,0,1,1,6,1,24,5,1242,1,5,6,1,6
2018010146172,2,19,0,18,0,0,0,0,0,0,1,1,6,1,38,7,1753,2,10,-1,-1,-1
2018010146173,1,3,0,13,0,0,0,0,0,0,0,1,1,1,19,4,108,1,2,3,1,3
2018010146174,1,9,0,3,0,2,0,0,0,0,2,1,6,1,38,7,1797,8,7,6,1,6
2018010146174,2,2,0,4,0,2,1,0,0,0,1,1,1,1,21,5,108,1,5,5,1,5
2018010146177,1,9,0,18,0,1,5,4,0,0,1,1,6,1,31,6,1998,1,12,2,1,2
2018010146177,2,9,0,2,0,1,0,0,0,0,1,1,6,3,-1,-1,1968,2,5,-1,-1,-1
2018010146177,3,19,0,2,0,1,0,0,0,0,2,1,6,3,-1,-1,1968,2,-1,-1,-1,-1
2018010146178,1,9,0,18,0,1,0,0,0,0,1,1,6,1,28,6,1397,1,18,2,1,2
2018010146179,1,9,0,18,0,8,0,0,0,0,1,1,6,3,-1,-1,-1,-1,-1,-1,-1,-1
2018010146180,1,8,0,18,0,2,0,0,0,0,1,1,1,1,61,9,1497,8,9,4,1,4
2018010146183,1,9,0,18,0,1,0,7,0,0,1,1,6,1,23,5,2204,2,11,9,1,9
2018010146190,1,9,0,9,0,6,0,0,0,0,1,1,6,2,26,6,1596,1,13,2,1,2
2018010146190,2,3,0,7,0,6,0,0,0,0,1,1,1,1,38,7,108,1,-1,4,1,4
2018010146191,1,1,-1,-1,-1,-1,-1,-1,-1,-1,-1,1,2,1,29,6,-1,-1,-1,1,1,1
2018010146201,1,3,0,-1,-1,-1,-1,-1,-1,-1,1,1,2,1,34,6,124,1,10,2,1,2
2018010146201,2,9,0,-1,-1,-1,-1,-1,-1,-1,-1,-1,6,3,-1,-1,1461,2,3,3,1,3
2018010146202,1,9,0,9,9,1,0,0,0,0,1,1,6,1,21,5,1390,1,11,5,1,5
2018010146202,2,1,0,15,4,1,0,0,1,0,3,1,6,1,59,9,-1,-1,-1,3,1,3
2018010146203,1,8,0,6,0,1,0,0,0,0,3,1,1,1,42,7,1997,2,2,2,1,2
2018010146203,2,1,0,18,0,1,0,0,0,0,1,1,1,2,-1,-1,-1,-1,-1,2,1,2
2018010146209,1,9,0,-1,-1,-1,-1,-1,-1,-1,-1,-1,6,3,-1,-1,-1,-1,-1,4,1,4
2018010146210,1,3,0,15,0,1,5,0,0,0,1,1,6,1,29,6,125,1,1,5,1,5
2018010146210,2,9,0,7,0,1,0,0,0,0,4,1,6,2,36,7,1796,1,11,2,1,2
2018010146210,3,3,0,15,0,1,5,0,0,0,1,1,6,1,28,6,125,1,-1,4,1,4
2018010146214,1,3,0,5,0,8,0,0,0,0,1,1,1,2,42,7,125,1,1,4,1,4
2018010146218,1,9,0,-1,-1,-1,-1,-1,-1,-1,1,-1,6,3,69,10,1497,8,11,1,1,1
2018010146223,1,9,0,-1,-1,-1,-1,-1,-1,-1,-1,-1,6,1,28,6,1968,2,4,2,1,2
2018010146223,2,8,0,-1,-1,-1,-1,-1,-1,-1,-1,-1,6,3,51,8,2499,2,5,6,1,6
2018010146227,1,9,0,18,0,1,5,4,0,0,1,1,6,2,74,10,1598,1,15,6,1,6
2018010146227,2,9,0,2,0,1,0,0,0,0,1,1,6,3,-1,-1,2495,2,15,-1,-1,-1
2018010146229,1,4,0,5,0,8,0,0,0,0,1,1,6,1,34,6,292,1,1,1,1,1
2018010146230,1,9,0,4,0,1,0,0,0,0,1,1,6,1,28,6,1364,1,7,-1,-1,-1
2018010146238,1,4,0,18,9,5,2,10,1,10,1,1,6,1,30,6,-1,-1,-1,7,3,7
2018010146239,1,9,0,-1,-1,0,-1,-1,-1,-1,2,-1,6,1,43,7,2494,1,15,7,1,7
2018010146239,2,9,0,-1,-1,0,-1,-1,-1,-1,2,-1,6,3,-1,-1,1991,1,3,-1,-1,-1
2018010146241,1,9,0,9,0,2,0,0,0,0,1,1,6,2,49,8,3189,1,13,9,1,9
2018010146241,2,4,0,15,0,1,2,0,0,0,1,1,6,1,30,6,499,1,12,9,1,9
2018010146242,1,19,0,18,9,8,0,0,0,0,1,1,6,3,-1,-1,-1,-1,-1,-1,-1,-1
2018010146247,1,11,0,18,0,1,0,0,0,0,3,1,1,1,25,5,-1,-1,-1,2,1,2
2018010146247,2,1,0,18,0,2,5,0,0,0,3,1,6,2,13,3,-1,-1,-1,4,1,4
2018010146248,1,9,0,18,0,1,0,0,0,0,3,1,1,1,29,6,1200,1,-1,3,1,3
2018010146249,1,9,0,7,0,4,0,0,0,0,1,1,6,1,42,7,2967,2,2,9,1,9
2018010146249,2,1,0,18,0,3,0,0,0,0,2,1,2,2,35,6,-1,-1,-1,3,1,3
2018010146251,1,8,0,-1,-1,-1,-1,-1,-1,-1,4,-1,6,1,38,7,1991,1,-1,5,1,5
2018010146251,2,9,0,-1,-1,-1,-1,-1,-1,-1,1,-1,6,2,38,7,1595,1,15,2,1,2
2018010146258,1,9,0,-1,-1,0,-1,-1,-1,-1,1,-1,6,1,20,4,998,1,18,5,1,5
2018010146258,2,19,0,-1,-1,0,-1,-1,-1,-1,3,-1,6,3,-1,-1,2198,2,3,9,1,9
2018010146259,1,8,0,-1,-1,-1,-1,-1,-1,-1,2,-1,6,1,48,8,1798,8,1,7,1,7
2018010146259,2,9,0,-1,-1,-1,-1,-1,-1,-1,-1,-1,6,3,-1,-1,2987,2,6,-1,-1,-1
2018010146260,1,9,0,1,0,0,0,0,0,0,3,1,6,1,73,10,1685,2,-1,3,1,3
2018010146273,1,9,0,7,0,8,0,0,0,0,4,1,6,1,35,6,2143,2,7,5,1,5
2018010146277,1,9,0,9,0,6,0,0,0,0,3,1,6,2,52,8,1796,1,12,2,1,2
2018010146277,2,3,0,18,0,1,0,0,0,0,4,1,1,1,19,4,108,1,4,2,1,2
2018010146277,3,11,0,3,0,1,0,0,0,0,3,1,1,1,25,5,4500,2,-1,-1,-1,-1
2018010146278,1,9,0,7,0,3,1,10,7,1,1,1,6,2,21,5,1598,1,8,10,1,10
2018010146281,1,9,0,18,0,1,0,0,0,0,1,1,6,1,22,5,1596,1,16,10,1,10
2018010146283,1,9,0,18,0,0,0,0,0,0,3,1,6,1,26,6,1296,1,12,5,1,5
2018010146284,1,19,0,3,0,1,0,0,0,0,1,1,1,1,49,8,2148,2,11,4,1,4
2018010146285,1,9,0,18,0,0,1,0,0,0,1,1,6,1,54,8,1956,2,8,1,1,1
2018010146285,2,3,0,4,0,0,0,0,0,0,2,1,6,1,24,5,125,1,1,2,1,2
2018010146285,3,9,0,18,0,0,0,0,0,0,0,1,6,1,28,6,1598,1,8,-1,-1,-1
2018010146288,1,9,0,-1,-1,-1,-1,-1,-1,-1,-1,-1,6,2,55,8,1364,1,13,2,1,2
2018010146288,2,9,0,-1,-1,-1,-1,-1,-1,-1,1,-1,6,3,-1,-1,1389,1,11,-1,-1,-1
2018010146289,1,9,0,7,2,1,0,0,0,0,4,1,6,1,26,6,1364,2,12,1,1,1
2018010146289,2,4,0,18,2,1,0,0,0,0,1,1,6,1,31,6,399,1,-1,5,1,5
2018010146291,1,9,0,18,0,1,0,0,0,0,1,1,6,1,73,10,1997,1,8,2,1,2
2018010146291,2,9,0,18,0,8,0,0,0,0,4,1,6,2,19,4,1200,1,3,10,1,10
2018010146292,1,9,0,18,0,0,0,0,0,0,1,1,6,3,-1,-1,-1,-1,-1,-1,-1,-1
2018010146293,1,90,0,18,0,1,0,0,0,0,3,1,6,1,25,5,234,1,13,1,1,1
2018010146293,2,9,0,18,0,1,0,0,0,0,1,1,6,1,26,6,998,1,10,2,1,2
2018010146295,1,9,0,3,0,1,0,0,0,0,2,1,6,1,42,7,1995,2,2,6,3,6
2018010146295,2,19,0,18,0,1,0,0,0,0,1,1,6,1,37,7,1995,2,-1,-1,-1,-1
2018010146296,1,3,0,18,0,2,0,0,0,0,2,1,1,1,34,6,108,1,2,3,1,3
2018010146296,2,3,0,18,0,2,0,0,0,0,1,1,1,1,22,5,108,1,2,1,1,1
2018010146297,1,8,0,7,0,6,0,0,0,0,4,1,6,1,56,9,2499,2,8,3,1,3
2018010146298,1,9,0,18,0,1,0,0,0,0,3,1,6,2,43,7,1199,1,1,5,1,5
2018010146298,2,9,0,9,0,8,0,0,0,0,4,1,6,1,37,7,1360,1,14,4,1,4
2018010146299,1,3,0,-1,-1,-1,-1,-1,-1,-1,-1,1,6,1,33,6,125,1,2,3,2,3
2018010146299,2,9,0,-1,-1,-1,-1,-1,-1,-1,2,-1,6,3,-1,-1,1995,2,4,3,1,3
2018010146300,1,9,0,-1,0,1,0,0,0,0,2,1,6,1,31,6,1598,1,1,3,1,3
2018010146300,2,9,0,-1,0,1,0,0,0,0,1,-1,6,3,-1,-1,1998,1,16,-1,-1,-1
2018010146301,1,9,0,4,0,1,0,0,0,0,2,1,6,1,44,7,2143,2,9,3,1,3