Accident_Index,Vehicle_Reference,Vehicle_Type,Towing_and_Articulation,Vehicle_Manoeuvre,Vehicle_Location-Restricted_Lane,Junction_Location,Skidding_and_Overturning,Hit_Object_in_Carriageway,Vehicle_Leaving_Carriageway,Hit_Object_off_Carriageway,1st_Point_of_Impact,Was_Vehicle_Left_Hand_Drive?,Journey_Purpose_of_Driver,Sex_of_Driver,Age_of_Driver,Age_Band_of_Driver,Engine_Capacity_(CC),Propulsion_Code,Age_of_Vehicle,Driver_IMD_Decile,Driver_Home_Area_Type,Vehicle_IMD_Decile
2018010146714,2,1,-1,-1,-1,0,-1,-1,-1,-1,-1,1,6,3,-1,-1,-1,-1,-1,-1,-1,-1
2018010146723,1,1,-1,-1,-1,0,-1,-1,-1,-1,1,1,6,1,42,7,-1,-1,-1,4,1,4
2018010146723,2,8,0,-1,-1,0,-1,-1,-1,-1,-1,-1,6,3,-1,-1,-1,-1,-1,-1,-1,-1
2018010146727,1,19,0,-1,-1,-1,-1,-1,-1,-1,-1,-1,6,1,51,8,1997,2,1,6,3,6
2018010146727,2,1,-1,-1,-1,-1,-1,-1,-1,-1,1,1,6,1,-1,-1,-1,-1,-1,3,-1,3
2018010146732,1,9,-1,-1,0,8,0,-1,-1,-1,3,-1,6,2,22,5,-1,-1,-1,4,1,4
2018010146732,2,9,0,-1,0,8,0,0,0,0,1,-1,6,3,-1,-1,1910,2,11,-1,-1,-1
2018010146739,1,9,0,18,0,8,0,0,0,0,3,-1,6,2,53,8,1200,1,4,8,1,8
2018010146739,2,9,0,-1,0,8,0,0,0,0,1,-1,6,3,-1,-1,1984,1,17,6,1,6
2018010146744,1,9,0,-1,-1,-1,-1,-1,-1,-1,2,-1,6,1,25,5,2979,1,4,3,1,3
2018010146744,2,9,-1,-1,-1,-1,-1,-1,-1,-1,-1,-1,6,1,33,6,1598,1,10,3,1,3
2018010146746,1,9,0,18,0,0,0,0,0,0,1,1,6,1,-1,-1,1395,1,1,-1,-1,-1
2018010146747,1,9,0,-1,-1,-1,-1,-1,-1,-1,-1,-1,6,1,37,7,1796,1,12,5,1,5
2018010146747,2,19,0,-1,-1,-1,-1,-1,-1,-1,-1,-1,6,3,-1,-1,1968,2,1,-1,-1,-1
2018010146751,1,1,-1,-1,-1,-1,-1,-1,-1,-1,2,1,2,1,34,6,-1,-1,-1,5,1,5
2018010146751,2,9,0,-1,-1,-1,-1,-1,-1,-1,1,-1,6,3,-1,-1,1769,1,16,2,1,2
2018010146752,1,1,-1,-1,-1,0,-1,-1,-1,-1,2,1,6,1,-1,-1,-1,-1,-1,-1,-1,-1
2018010146752,2,90,-1,18,0,0,0,0,0,0,1,1,6,1,53,8,-1,-1,-1,1,1,1
2018010146757,1,9,0,3,0,0,0,0,0,0,2,1,6,1,60,9,1797,8,7,7,1,7
2018010146757,2,3,0,18,0,0,0,0,0,0,1,1,6,1,32,6,124,1,7,3,1,3
2018010146758,1,9,0,18,0,2,0,0,0,0,1,1,6,1,22,5,999,1,2,2,1,2
2018010146758,2,3,0,18,0,2,0,0,0,0,3,1,6,1,38,7,109,1,4,2,1,2
2018010146763,1,9,0,7,0,6,0,0,0,0,3,1,6,1,56,9,1798,8,6,8,1,8
2018010146763,2,1,0,18,0,1,0,0,0,0,1,1,6,1,33,6,-1,-1,-1,3,1,3
2018010146770,1,9,0,18,0,2,1,0,0,0,3,1,2,1,59,9,1240,1,13,-1,-1,-1
2018010146770,2,90,0,11,0,2,0,0,0,0,1,1,1,1,28,6,-1,-1,-1,4,1,4
2018010146772,1,9,-1,18,-1,-1,-1,-1,-1,-1,-1,-1,6,1,46,8,1596,1,13,-1,-1,-1
2018010146772,2,9,-1,-1,-1,-1,-1,-1,-1,-1,-1,-1,6,3,-1,-1,-1,-1,-1,-1,-1,-1
2018010146773,1,9,0,-1,-1,-1,-1,-1,-1,-1,1,-1,6,3,-1,-1,-1,-1,-1,-1,-1,-1
2018010146774,1,3,0,4,0,0,0,0,0,0,3,1,2,1,47,8,125,1,-1,10,1,10
2018010146774,2,9,0,5,0,0,0,0,0,0,1,1,2,1,66,10,3498,8,2,3,1,3
2018010146780,1,19,0,7,4,8,0,0,0,0,4,1,1,1,62,9,1996,2,8,3,1,3
2018010146780,2,1,0,18,4,8,0,0,0,0,3,1,1,1,25,5,-1,-1,-1,2,1,2
2018010146784,1,11,-1,3,0,4,-1,0,0,0,0,1,6,1,38,7,6692,2,8,-1,-1,-1
2018010146788,1,4,0,18,0,1,1,0,0,0,0,1,6,1,38,7,125,1,4,2,1,2
2018010146788,2,11,0,18,0,1,0,0,0,0,0,1,1,1,33,6,6700,2,9,3,1,3
2018010146793,1,9,0,-1,-1,-1,-1,-1,-1,-1,3,-1,6,1,52,8,2230,1,12,8,1,8
2018010146794,1,1,-1,-1,-1,-1,-1,-1,-1,-1,-1,1,6,1,24,5,-1,-1,-1,7,1,7
2018010146796,1,9,0,18,0,0,0,0,0,0,-1,-1,6,1,51,8,1499,1,-1,10,1,10
2018010146798,1,1,-1,-1,-1,-1,-1,-1,-1,-1,-1,1,2,1,34,6,-1,-1,-1,6,1,6
2018010146798,2,9,0,-1,-1,-1,-1,-1,-1,-1,-1,-1,6,2,21,5,1398,1,2,5,1,5
2018010146808,1,1,-1,-1,-1,-1,-1,-1,-1,-1,1,1,2,1,25,5,-1,-1,-1,2,1,2
2018010146808,2,9,0,-1,-1,-1,-1,-1,-1,-1,1,-1,6,1,53,8,1398,1,13,9,1,9
2018010146810,1,90,0,18,0,1,0,0,0,0,3,1,1,1,28,6,4899,2,1,2,1,2
2018010146810,2,1,0,18,0,1,2,0,0,0,4,1,2,1,46,8,-1,-1,-1,3,1,3
2018010146813,1,9,0,18,0,5,0,0,0,0,1,1,6,1,-1,-1,-1,-1,-1,-1,-1,-1
2018010146817,1,9,0,9,0,1,0,0,0,0,1,1,6,1,41,7,1497,8,12,3,1,3
2018010146819,1,9,0,-1,-1,-1,-1,-1,-1,-1,1,-1,2,1,37,7,1791,8,7,3,1,3
2018010146819,2,19,0,-1,-1,-1,-1,-1,-1,-1,2,-1,6,3,-1,-1,1753,2,9,8,1,8
2018010146822,1,90,0,18,0,1,0,0,0,0,1,1,6,1,37,7,7146,2,7,2,1,2
2018010146822,2,9,0,9,0,1,0,0,0,0,4,1,6,1,47,8,1798,8,-1,9,1,9
2018010146823,1,9,0,18,0,1,0,0,0,0,1,1,6,1,-1,-1,-1,-1,-1,-1,-1,-1
2018010146824,1,9,0,18,0,8,0,0,0,0,3,-1,6,2,46,8,-1,-1,-1,2,1,2
2018010146824,2,9,0,18,0,6,0,0,7,0,1,-1,6,1,-1,-1,-1,-1,-1,-1,-1,-1
2018010146827,1,1,0,4,0,1,0,0,0,0,1,1,1,1,27,6,-1,-1,-1,3,1,3
2018010146830,1,8,0,7,9,8,0,0,3,10,1,1,1,1,36,7,1798,8,2,2,1,2
2018010146830,2,8,0,18,0,1,0,0,0,0,1,1,1,1,53,8,2402,2,14,9,1,9
2018010146832,1,2,0,18,0,-1,0,0,0,0,-1,1,6,1,29,6,125,1,2,3,1,3
2018010146832,2,9,-1,18,0,1,-1,0,0,0,-1,-1,6,3,-1,-1,1560,2,6,-1,-1,-1
2018010146834,1,20,0,7,0,8,0,0,1,0,1,1,1,1,67,10,-1,-1,-1,4,1,4
2018010146834,2,9,0,18,0,8,1,0,0,0,4,1,6,2,80,11,1596,1,5,7,1,7
2018010146837,1,1,-1,-1,-1,-1,-1,-1,-1,-1,1,1,2,1,32,6,-1,-1,-1,-1,-1,-1
2018010146837,2,8,0,-1,-1,-1,-1,-1,-1,-1,1,-1,6,3,36,7,1797,8,8,8,1,8
2018010146838,1,11,0,18,2,0,0,0,0,0,0,1,1,1,73,10,4500,2,4,6,1,6
2018010146842,1,9,0,-1,-1,-1,-1,-1,-1,-1,1,-1,6,1,40,7,2967,2,2,8,1,8
2018010146842,2,1,-1,-1,-1,-1,-1,-1,-1,-1,-1,1,6,1,-1,-1,-1,-1,-1,10,1,10
2018010146848,1,8,0,-1,-1,0,-1,-1,-1,-1,2,-1,6,1,48,8,1797,8,8,6,1,6
2018010146848,2,9,0,-1,-1,0,-1,-1,-1,-1,1,-1,6,3,-1,-1,-1,-1,-1,-1,-1,-1
2018010146851,1,9,0,5,0,1,0,0,0,0,2,-1,6,2,35,6,2495,2,12,7,1,7
2018010146851,2,9,0,5,0,1,0,0,0,0,1,-1,6,1,-1,-1,2179,2,9,3,1,3
2018010146852,1,8,0,9,0,5,0,0,0,0,3,1,1,1,64,9,1997,2,7,2,1,2
2018010146852,2,1,0,18,0,1,0,0,0,0,1,1,2,2,27,6,-1,-1,-1,3,1,3
2018010146856,1,9,0,-1,-1,-1,-1,-1,-1,-1,1,-1,6,3,-1,-1,-1,-1,-1,-1,-1,-1
2018010146864,1,20,0,9,0,5,0,0,0,0,3,1,1,1,39,7,-1,-1,-1,2,1,2
2018010146864,2,3,0,13,0,2,0,0,0,0,1,1,1,1,33,6,125,1,8,3,1,3
2018010146866,1,1,-1,-1,-1,-1,-1,-1,-1,-1,-1,1,2,2,36,7,-1,-1,-1,6,1,6
2018010146866,2,9,0,-1,-1,-1,-1,-1,-1,-1,-1,1,6,1,49,8,1299,1,18,4,1,4
2018010146870,1,9,0,18,0,1,1,0,2,10,0,1,6,1,87,11,1598,1,12,7,1,7
2018010146870,2,19,0,18,0,6,0,0,0,0,1,1,2,1,51,8,2198,2,2,2,1,2
2018010146870,3,9,0,2,0,2,0,0,0,0,0,1,6,3,-1,-1,2378,1,15,-1,-1,-1
2018010146871,1,11,0,18,2,0,0,0,0,0,0,1,1,1,61,9,4500,2,2,2,1,2
2018010146871,2,19,0,11,2,0,0,0,0,0,0,1,1,1,53,8,2198,2,2,-1,-1,-1
2018010146874,1,1,-1,-1,-1,-1,-1,-1,-1,-1,-1,1,2,1,34,6,-1,-1,-1,7,1,7
2018010146874,2,9,0,-1,-1,-1,-1,-1,-1,-1,-1,-1,6,3,-1,-1,-1,-1,-1,-1,-1,-1
2018010146879,1,19,0,18,0,0,1,0,0,0,1,1,1,1,29,6,2198,2,2,4,1,4
2018010146879,2,9,0,4,0,0,0,0,0,0,2,1,6,2,20,4,1499,2,2,1,1,1
2018010146888,1,1,0,18,0,0,0,4,0,0,4,1,1,1,19,4,-1,-1,-1,4,1,4
2018010146888,2,9,0,18,0,0,0,0,0,0,1,1,6,3,28,6,-1,-1,-1,-1,-1,-1
2018010146888,3,9,0,2,0,0,0,0,0,0,4,1,6,3,-1,-1,1596,1,12,-1,-1,-1
2018010146888,4,9,0,2,0,0,0,0,0,0,2,1,6,3,-1,-1,1400,1,11,-1,-1,-1
2018010146890,1,9,0,-1,-1,-1,-1,-1,-1,-1,2,-1,6,2,30,6,1197,1,2,2,1,2
2018010146890,2,9,0,-1,-1,-1,-1,-1,-1,-1,1,-1,6,3,-1,-1,1149,1,5,-1,-1,-1
2018010146896,1,5,0,16,0,6,2,0,0,0,1,1,2,1,45,7,953,1,10,4,1,4
2018010146897,1,9,0,18,0,8,0,0,0,0,1,1,1,2,53,8,1390,1,11,7,1,7
2018010146899,1,9,0,9,0,8,0,0,0,0,1,1,6,2,36,7,1797,8,9,5,1,5
2018010146901,1,9,0,9,0,5,0,0,0,0,1,1,2,1,75,10,-1,-1,-1,10,1,10
2018010146901,2,1,0,8,0,6,0,0,0,0,1,1,6,1,17,4,-1,-1,-1,10,1,10
2018010146902,1,9,0,-1,-1,0,-1,-1,-1,-1,-1,-1,6,1,46,8,2143,2,6,1,1,1
2018010146902,2,19,0,-1,-1,0,-1,-1,-1,-1,-1,-1,6,3,24,5,2143,2,-1,3,1,3
2018010146904,1,11,0,4,0,1,0,0,0,0,0,1,1,1,36,7,5132,2,-1,3,1,3
2018010146904,2,9,0,8,0,1,0,0,0,0,0,1,6,3,-1,-1,-1,-1,-1,-1,-1,-1
2018010146906,1,9,0,18,0,0,0,0,0,0,2,1,6,2,26,6,1598,2,5,2,1,2
2018010146906,2,19,0,1,0,0,0,0,0,0,2,1,6,3,-1,-1,-1,-1,-1,-1,-1,-1
2018010146910,1,9,0,-1,-1,8,-1,-1,-1,-1,2,-1,6,1,48,8,1339,8,6,6,1,6
2018010146910,2,9,0,-1,-1,8,-1,-1,-1,-1,1,-1,6,3,-1,-1,-1,-1,-1,-1,-1,-1
2018010146912,1,19,0,9,0,1,0,0,0,0,4,1,1,1,55,8,1995,2,-1,6,1,6
2018010146921,1,9,0,9,0,5,0,0,0,0,1,1,6,1,34,6,1995,2,2,6,1,6
2018010146922,1,9,0,4,0,1,0,0,0,0,1,1,6,1,25,5,1229,1,13,3,1,3
2018010146925,1,9,0,3,0,5,0,0,0,0,4,1,6,2,17,4,1242,1,5,8,1,8
2018010146925,2,9,0,18,0,1,0,0,0,0,1,2,6,2,23,5,1997,2,1,4,2,4
2018010146926,1,9,0,18,0,0,0,0,0,0,4,1,6,1,45,7,1995,2,11,5,1,5
2018010146926,2,90,0,18,0,0,0,0,0,0,1,1,6,2,38,7,-1,-1,-1,3,1,3
2018010146927,1,9,0,5,0,1,0,0,0,0,1,1,2,1,32,6,1997,2,7,6,1,6
2018010146927,2,4,0,18,0,1,0,0,0,0,4,1,6,1,33,6,125,1,2,7,1,7
2018010146930,1,5,0,18,0,0,-1,0,0,0,2,1,6,1,59,9,1298,1,5,5,1,5
2018010146930,2,9,0,-1,0,0,-1,0,0,0,1,-1,6,1,32,6,1197,1,2,3,1,3
2018010146933,1,9,0,18,0,1,0,0,0,0,1,1,1,1,29,6,-1,-1,-1,6,1,6
2018010146933,2,1,0,18,0,1,2,0,0,0,4,1,2,2,53,8,-1,-1,-1,10,1,10
2018010146934,1,9,0,18,0,2,0,0,0,0,2,1,1,1,50,8,989,1,14,2,1,2
2018010146934,2,9,0,18,0,2,0,0,0,0,2,1,1,1,39,7,1968,2,5,-1,-1,-1
2018010146934,3,9,0,18,0,2,0,0,0,0,2,1,6,1,59,9,1798,8,-1,-1,-1,-1
2018010146934,4,9,0,18,0,2,0,0,0,0,1,1,1,1,47,8,1497,8,9,5,1,5
2018010146936,1,9,0,-1,-1,-1,-1,-1,-1,-1,2,-1,6,2,36,7,1399,1,-1,5,1,5
2018010146936,2,9,-1,18,0,-1,-1,0,0,0,1,-1,6,3,-1,-1,2993,2,6,-1,-1,-1
2018010146942,1,1,0,18,0,0,0,0,0,0,1,1,6,1,49,8,-1,-1,-1,5,1,5
2018010146945,1,9,0,8,0,2,0,0,0,0,1,1,1,1,43,7,1598,2,5,5,1,5
2018010146945,2,1,0,5,0,2,0,0,0,0,1,1,2,1,27,6,-1,-1,-1,6,1,6
2018010146946,1,1,0,18,0,2,5,0,0,0,4,1,6,1,24,5,-1,-1,-1,-1,-1,-1
2018010146946,2,9,0,9,0,1,0,0,0,0,1,1,6,3,-1,-1,-1,-1,-1,-1,-1,-1
2018010146947,1,9,0,5,0,2,0,0,0,0,1,1,6,1,57,9,2231,2,11,2,1,2
2018010146947,2,4,0,18,0,1,0,0,0,0,1,1,6,1,23,5,125,1,7,4,1,4
2018010146958,1,19,0,3,0,1,1,0,0,0,1,1,1,1,57,9,2461,2,8,4,1,4
2018010146958,2,9,0,4,0,1,0,0,0,0,2,1,6,2,39,7,1968,2,12,7,1,7
2018010146959,1,9,0,13,0,2,0,0,0,0,3,1,1,1,21,5,1998,1,-1,3,1,3
2018010146959,2,11,0,18,0,8,0,0,0,0,4,1,1,1,32,6,5883,2,16,1,1,1
2018010146962,1,1,-1,-1,-1,-1,-1,-1,-1,-1,-1,1,2,2,26,6,-1,-1,-1,5,1,5
2018010146962,2,9,0,-1,-1,-1,-1,-1,-1,-1,1,-1,6,3,-1,-1,-1,-1,-1,4,1,4
2018010146963,1,9,0,18,0,6,0,0,0,0,3,1,2,1,52,8,1596,1,13,4,1,4
2018010146963,2,9,0,10,0,1,0,0,0,0,1,1,6,1,33,6,1498,1,2,4,1,4
2018010146965,1,9,0,7,0,3,0,0,0,0,4,1,1,1,45,7,-1,-1,-1,5,1,5
2018010146966,1,9,0,3,0,1,0,0,0,0,2,1,6,2,68,10,1948,1,15,10,1,10
2018010146966,2,9,0,4,0,1,0,0,0,0,1,1,6,2,39,7,1198,1,11,4,1,4
2018010146980,1,8,0,9,0,4,1,0,0,0,4,1,1,1,35,6,1797,1,3,3,1,3
2018010146980,2,9,0,18,0,4,0,0,0,0,1,1,6,2,44,7,2494,8,2,9,1,9
2018010146981,1,9,0,-1,-1,0,-1,-1,-1,-1,2,-1,6,1,27,6,1397,1,9,3,1,3
2018010146981,2,9,0,-1,-1,0,-1,-1,-1,-1,1,-1,6,3,-1,-1,1242,1,9,2,1,2
2018010146984,1,9,0,3,-1,-1,-1,-1,-1,-1,2,-1,6,2,28,6,1398,2,6,2,1,2
2018010146984,2,90,0,-1,-1,-1,-1,-1,-1,-1,-1,-1,6,3,-1,-1,-1,-1,-1,-1,-1,-1
2018010146986,1,9,0,18,0,1,0,0,0,0,4,1,6,1,18,4,1229,1,13,5,1,5
2018010146986,2,9,0,18,0,1,0,0,1,0,3,1,6,2,36,7,1461,2,-1,3,1,3
2018010146988,1,3,0,13,0,2,0,0,0,0,4,1,6,1,43,7,113,1,2,3,1,3
2018010146988,2,9,0,9,0,2,0,0,0,0,3,1,6,1,59,9,2199,2,8,-1,-1,-1
2018010146989,1,8,0,5,0,8,0,0,0,0,4,-1,6,1,32,6,1598,2,5,2,1,2
2018010146989,2,9,0,5,0,8,0,0,0,0,1,-1,6,3,-1,-1,1197,1,8,-1,-1,-1
2018010146990,1,9,0,3,0,1,0,0,0,0,2,1,6,2,33,6,1796,1,9,3,1,3
2018010146990,2,9,0,18,0,1,0,0,0,0,1,1,6,3,-1,-1,1968,2,7,-1,-1,-1
2018010146992,1,9,0,9,0,0,0,0,0,0,3,1,1,1,53,8,1797,8,8,-1,-1,-1
2018010146992,2,3,0,18,0,0,0,0,0,0,1,1,1,2,17,4,113,1,-1,4,1,4
2018010146993,1,19,0,5,0,4,0,0,0,0,3,1,1,1,59,9,1560,2,3,5,1,5
2018010146994,1,8,0,14,0,1,0,0,0,0,3,1,1,1,36,7,1798,8,1,6,1,6
2018010146995,1,9,0,18,0,1,0,0,0,0,1,1,1,1,48,8,1797,8,3,4,1,4
2018010146996,1,9,0,-1,-1,-1,-1,-1,-1,-1,4,-1,2,1,43,7,1895,1,19,3,1,3
2018010146997,1,8,0,17,0,1,0,0,0,0,1,1,1,1,50,8,2499,2,7,4,1,4
2018010146998,1,9,0,18,0,1,0,0,0,0,1,2,6,1,29,6,-1,-1,-1,5,1,5
2018010146998,2,9,0,2,0,8,0,0,1,0,2,1,6,3,-1,-1,1796,1,10,-1,-1,-1
2018010147002,1,9,0,18,0,1,0,0,0,0,4,1,6,3,-1,-1,-1,-1,-1,-1,-1,-1
2018010147003,1,9,0,18,0,4,0,0,0,0,1,1,6,2,48,8,2967,2,5,9,1,9
2018010147003,2,9,0,9,0,1,0,0,0,0,1,1,6,2,24,5,1242,1,1,5,1,5
2018010147004,1,9,0,7,0,5,0,0,0,0,2,1,2,1,51,8,2497,2,1,-1,-1,-1
2018010147004,2,9,0,18,0,1,5,0,0,0,1,1,6,2,34,6,1796,1,13,-1,-1,-1
2018010147006,1,9,0,-1,-1,-1,-1,-1,-1,-1,2,-1,6,1,53,8,2830,2,23,6,1,6
2018010147006,2,20,0,-1,-1,-1,-1,-1,-1,-1,2,-1,6,3,-1,-1,-1,-1,-1,-1,-1,-1
2018010147006,3,9,0,-1,-1,-1,-1,-1,-1,-1,2,-1,6,3,-1,-1,1596,1,15,9,1,9
2018010147010,1,19,0,9,0,7,0,0,0,0,1,1,6,1,54,8,2461,2,10,2,1,2
2018010147010,2,1,0,18,0,2,0,0,0,0,1,1,6,1,25,5,-1,-1,-1,2,1,2
2018010147017,1,9,0,-1,-1,-1,-1,-1,-1,-1,-1,-1,6,3,-1,-1,-1,-1,-1,-1,-1,-1
2018010147020,1,9,0,17,0,0,0,0,0,0,1,1,2,1,21,5,1798,1,9,7,1,7
2018010147020,2,9,0,16,0,0,0,0,0,0,1,1,6,1,44,7,2987,2,-1,7,1,7
2018010147026,1,9,0,8,0,6,0,0,0,0,4,1,2,1,53,8,1997,8,-1,8,1,8
2018010147026,2,3,0,8,0,6,0,0,0,0,3,1,6,1,33,6,124,1,-1,3,1,3
2018010147037,1,9,-1,18,-1,-1,-1,-1,-1,-1,-1,-1,6,1,48,8,2987,2,10,4,1,4
2018010147037,2,9,-1,-1,-1,-1,-1,-1,-1,-1,-1,-1,6,3,-1,-1,-1,-1,-1,-1,-1,-1
2018010147040,1,9,0,9,0,1,0,0,0,0,1,1,6,2,28,6,1598,1,9,10,2,10
2018010147045,1,1,-1,-1,-1,-1,-1,-1,-1,-1,2,1,2,1,33,6,-1,-1,-1,2,1,2
2018010147045,2,9,0,-1,-1,-1,-1,-1,-1,-1,1,-1,6,1,21,5,1599,1,10,7,1,7
2018010147047,1,9,0,-1,-1,0,-1,-1,-1,-1,0,-1,6,1,54,8,1997,2,3,4,1,4
2018010147047,2,9,0,-1,-1,0,-1,-1,-1,-1,1,-1,6,3,-1,-1,1800,1,19,-1,-1,-1
2018010147053,1,9,0,16,0,0,1,0,0,0,1,1,6,1,44,7,998,1,17,3,1,3
2018010147053,2,21,0,4,0,0,0,0,0,0,1,1,1,1,51,8,2998,2,5,8,2,8
2018010147053,3,9,0,2,0,0,0,0,0,0,3,1,6,3,-1,-1,1910,2,10,-1,-1,-1
2018010147054,1,3,0,18,0,8,0,0,0,0,4,1,2,2,45,7,125,1,-1,4,1,4
2018010147054,2,9,0,18,0,4,0,0,0,0,3,1,6,1,48,8,1496,2,1,9,1,9
2018010147064,1,11,0,7,0,1,0,0,0,0,1,1,1,1,51,8,9360,2,8,3,1,3
2018010147067,1,9,0,18,0,0,0,0,0,0,1,1,1,1,60,9,1499,2,1,3,1,3
2018010147076,1,3,-1,-1,-1,0,-1,-1,-1,-1,-1,1,6,1,29,6,125,1,3,4,1,4
2018010147076,2,9,-1,-1,-1,0,-1,-1,-1,-1,-1,-1,6,1,-1,-1,1461,2,4,7,1,7
2018010147083,1,9,0,-1,-1,-1,-1,-1,-1,-1,2,-1,2,2,28,6,1229,1,6,5,1,5
2018010147083,2,19,-1,-1,-1,-1,-1,-1,-1,-1,2,-1,6,3,-1,-1,1998,2,13,4,1,4
2018010147086,1,9,0,18,9,2,0,0,1,2,1,2,6,1,42,7,2199,2,5,1,1,1
2018010147088,1,9,0,5,0,2,0,4,0,0,1,1,6,1,74,10,1390,1,17,8,1,8
2018010147088,2,9,0,2,0,2,0,0,0,0,3,1,6,3,-1,-1,999,1,11,-1,-1,-1
2018010147088,3,9,0,2,0,2,0,0,0,0,2,2,6,3,-1,-1,-1,-1,-1,-1,-1,-1
2018010147092,1,9,0,3,0,1,0,0,0,0,2,1,6,1,38,7,1598,1,16,5,1,5
2018010147092,2,21,0,3,0,1,0,0,0,0,2,1,1,1,47,8,4461,2,8,-1,-1,-1
2018010147092,3,9,0,3,0,1,0,0,0,0,2,1,3,2,41,7,1242,1,5,9,1,9
2018010147092,4,8,0,18,0,1,0,0,0,0,1,1,6,1,51,8,1798,8,3,2,1,2
2018010147094,1,9,0,-1,-1,-1,-1,-1,-1,-1,-1,-1,6,2,62,9,1798,1,6,5,1,5
2018010147096,1,1,0,9,5,2,0,0,0,0,4,1,6,2,59,9,-1,-1,-1,7,1,7
2018010147096,2,1,0,18,5,2,0,0,0,0,1,1,6,1,34,6,-1,-1,-1,6,1,6
2018010147100,1,9,0,18,0,-1,0,0,0,0,4,1,6,1,50,8,1997,2,8,3,1,3
2018010147104,1,3,0,-1,-1,0,-1,-1,-1,-1,-1,1,6,1,20,4,124,1,5,1,1,1
2018010147104,2,19,0,-1,-1,0,-1,-1,-1,-1,-1,-1,6,3,-1,-1,1995,2,1,-1,-1,-1
2018010147108,1,9,0,18,0,2,0,0,1,1,1,1,6,1,78,11,1398,2,11,4,1,4
2018010147108,2,9,0,18,0,6,0,0,0,0,1,1,6,3,-1,-1,-1,-1,-1,-1,-1,-1
2018010147114,1,1,-1,-1,-1,0,-1,-1,-1,-1,-1,1,6,3,-1,-1,-1,-1,-1,-1,-1,-1
2018010147119,1,2,-1,-1,-1,-1,-1,-1,-1,-1,-1,1,6,3,-1,-1,-1,-1,-1,-1,-1,-1
2018010147123,1,9,0,-1,-1,0,-1,-1,-1,-1,2,-1,2,1,28,6,1398,1,5,7,3,7
2018010147123,2,90,0,-1,-1,0,-1,-1,-1,-1,1,-1,6,3,-1,-1,-1,-1,-1,-1,-1,-1
2018010147125,1,9,0,18,0,8,0,0,0,0,4,1,6,1,58,9,1339,8,7,-1,1,-1
2018010147125,2,9,0,18,0,8,0,0,1,1,1,1,6,1,67,10,1497,8,3,2,1,2
2018010147126,1,19,0,18,0,0,0,4,0,0,1,1,1,1,33,6,-1,-1,-1,5,1,5
2018010147126,2,9,0,2,0,0,0,0,0,0,3,1,6,3,-1,-1,1461,2,3,-1,-1,-1
2018010147132,1,90,-1,18,0,1,0,0,0,0,1,-1,1,1,50,8,-1,-1,-1,3,1,3
2018010147137,1,9,0,9,0,2,0,0,0,0,4,1,6,1,56,9,2993,2,11,9,1,9
2018010147137,2,3,0,14,0,1,0,0,0,0,1,1,4,1,18,4,108,1,1,6,1,6
2018010147141,1,1,-1,-1,-1,-1,-1,-1,-1,-1,1,1,2,2,25,5,-1,-1,-1,9,1,9
2018010147141,2,9,0,-1,-1,-1,-1,-1,-1,-1,-1,-1,6,3,-1,-1,-1,-1,-1,-1,-1,-1
2018010147142,1,1,-1,-1,-1,-1,-1,-1,-1,-1,-1,1,2,1,39,7,-1,-1,-1,2,1,2
2018010147142,2,9,0,-1,-1,-1,-1,-1,-1,-1,-1,-1,6,3,32,6,1995,2,6,-1,-1,-1
2018010147145,1,9,-1,3,-1,-1,-1,-1,-1,-1,-1,-1,6,2,46,8,1560,2,14,3,1,3
2018010147145,2,9,-1,-1,-1,-1,-1,-1,-1,-1,-1,-1,6,1,19,4,1598,2,5,4,1,4
2018010147152,1,10,-1,-1,-1,-1,-1,-1,-1,-1,-1,-1,1,3,-1,-1,6000,1,12,-1,-1,-1
2018010147153,1,9,0,-1,-1,0,-1,-1,-1,-1,2,1,6,2,73,10,1339,1,14,7,1,7
2018010147153,2,1,-1,-1,-1,0,-1,-1,-1,-1,-1,1,6,1,-1,-1,-1,-1,-1,6,1,6
2018010147156,1,90,0,18,0,2,0,0,0,0,1,1,6,3,-1,-1,-1,-1,-1,-1,-1,-1
2018010147157,1,90,0,-1,-1,-1,-1,-1,-1,-1,2,-1,6,3,-1,-1,-1,-1,-1,1,1,1
2018010147158,1,5,0,18,0,0,0,0,0,0,2,1,2,1,33,6,649,1,18,-1,-1,-1
2018010147158,2,9,0,18,0,0,0,0,0,0,1,1,6,2,28,6,1229,1,6,8,1,8
2018010147160,1,9,0,3,0,0,0,0,0,0,2,1,6,2,21,5,1197,1,3,2,1,2
2018010147160,2,9,0,18,0,0,0,0,0,0,1,1,6,3,-1,-1,1797,8,7,-1,-1,-1
2018010147163,1,9,0,-1,-1,0,-1,-1,-1,-1,-1,-1,6,2,41,7,998,1,4,4,1,4
2018010147163,2,9,0,-1,-1,0,-1,-1,-1,-1,-1,-1,6,3,-1,-1,1596,1,13,-1,-1,-1
2018010147166,1,4,0,18,-1,-1,-1,-1,-1,-1,-1,1,6,1,33,6,125,1,3,4,1,4
2018010147166,2,9,0,18,0,-1,0,0,0,0,-1,1,6,1,32,6,1685,2,2,6,1,6
2018010147172,1,9,0,9,0,0,0,0,0,0,3,1,6,2,25,5,2143,2,2,1,1,1
2018010147172,2,5,0,14,0,0,0,0,0,0,1,1,6,1,41,7,745,1,20,1,1,1
2018010147178,1,9,0,18,0,8,0,0,0,0,1,1,6,2,35,6,1198,1,8,1,1,1
2018010147180,1,9,0,-1,-1,-1,-1,-1,-1,-1,1,-1,2,1,34,6,1242,1,11,4,1,4
2018010147180,2,9,0,-1,-1,-1,-1,-1,-1,-1,-1,-1,6,3,-1,-1,1896,2,10,-1,-1,-1
2018010147181,1,1,-1,-1,-1,-1,-1,-1,-1,-1,-1,1,2,2,26,6,-1,-1,-1,3,1,3