Accident_Index,Vehicle_Reference,Vehicle_Type,Towing_and_Articulation,Vehicle_Manoeuvre,Vehicle_Location-Restricted_Lane,Junction_Location,Skidding_and_Overturning,Hit_Object_in_Carriageway,Vehicle_Leaving_Carriageway,Hit_Object_off_Carriageway,1st_Point_of_Impact,Was_Vehicle_Left_Hand_Drive?,Journey_Purpose_of_Driver,Sex_of_Driver,Age_of_Driver,Age_Band_of_Driver,Engine_Capacity_(CC),Propulsion_Code,Age_of_Vehicle,Driver_IMD_Decile,Driver_Home_Area_Type,Vehicle_IMD_Decile
2018010147181,2,9,0,-1,-1,-1,-1,-1,-1,-1,1,-1,6,3,28,6,1796,1,11,-1,-1,-1
2018010147182,1,8,0,18,0,8,0,0,0,0,3,1,1,1,62,9,2499,2,7,10,3,10
2018010147182,2,9,0,18,0,8,0,0,0,0,1,1,6,3,-1,-1,-1,-1,-1,-1,-1,-1
2018010147183,1,5,0,14,0,2,0,0,0,0,1,1,1,1,47,8,-1,-1,-1,3,1,3
2018010147185,1,9,0,-1,-1,-1,-1,-1,-1,-1,1,-1,6,3,-1,-1,-1,-1,-1,-1,-1,-1
2018010147191,1,8,0,5,0,1,0,0,0,0,4,1,1,1,63,9,1797,8,9,5,1,5
2018010147191,2,1,0,18,0,1,0,0,0,0,1,1,6,1,20,4,-1,-1,-1,6,1,6
2018010147192,1,9,0,2,0,1,0,0,0,0,1,1,6,3,-1,-1,1560,2,7,-1,-1,-1
2018010147192,2,9,0,2,0,1,0,0,0,0,1,1,6,3,-1,-1,1968,2,3,-1,-1,-1
2018010147192,3,8,0,9,0,1,0,4,0,0,1,1,1,1,53,8,1477,8,-1,3,1,3
2018010147192,4,4,0,18,0,1,0,0,0,0,1,1,6,1,40,7,-1,-1,-1,-1,-1,-1
2018010147192,5,9,0,2,0,1,0,0,0,0,1,1,6,3,-1,-1,1950,2,1,-1,-1,-1
2018010147196,1,3,0,18,0,0,5,0,0,0,1,1,1,1,32,6,125,1,4,3,1,3
2018010147197,1,5,0,-1,-1,-1,-1,-1,-1,-1,-1,1,2,1,27,6,649,1,2,3,1,3
2018010147197,2,9,0,-1,-1,-1,-1,-1,-1,-1,-1,-1,6,1,56,9,1560,2,8,2,1,2
2018010147198,1,9,0,-1,-1,-1,-1,-1,-1,-1,2,-1,2,2,36,7,1390,1,10,7,1,7
2018010147198,2,9,0,-1,-1,-1,-1,-1,-1,-1,1,-1,6,3,-1,-1,-1,-1,-1,-1,-1,-1
2018010147200,1,9,0,18,9,0,0,0,1,0,1,1,6,1,89,11,1390,1,16,4,1,4
2018010147200,2,9,0,2,0,0,0,0,0,0,1,1,6,3,-1,-1,4398,1,15,-1,-1,-1
2018010147202,1,19,0,9,0,1,0,0,0,0,1,1,1,1,36,7,1598,2,2,4,1,4
2018010147202,2,9,0,15,0,1,0,0,0,0,1,1,3,2,49,8,1984,1,10,6,1,6
2018010147204,1,1,-1,-1,-1,-1,-1,-1,-1,-1,1,1,6,1,34,6,-1,-1,-1,3,1,3
2018010147204,2,9,0,-1,-1,-1,-1,-1,-1,-1,-1,-1,6,3,-1,-1,1339,8,11,5,1,5
2018010147210,1,9,0,3,0,1,0,0,0,0,1,1,6,1,53,8,1390,1,14,7,1,7
2018010147211,1,9,0,4,0,8,0,0,0,0,1,1,6,1,45,7,1791,8,7,3,1,3
2018010147211,2,1,0,18,0,8,0,0,0,0,4,1,6,1,30,6,-1,-1,-1,2,1,2
2018010147212,1,19,0,-1,-1,-1,-1,-1,-1,-1,-1,-1,6,1,34,6,1995,2,11,1,1,1
2018010147212,2,9,-1,-1,-1,-1,5,-1,-1,-1,-1,-1,6,3,-1,-1,1598,2,5,-1,-1,-1
2018010147213,1,9,0,18,0,3,0,0,0,0,1,1,6,1,45,7,-1,3,-1,5,1,5
2018010147214,1,9,0,9,0,5,0,0,0,0,4,1,6,1,40,7,1560,2,3,3,1,3
2018010147214,2,1,0,4,2,1,0,0,0,0,1,1,2,2,24,5,-1,-1,-1,7,1,7
2018010147215,1,2,0,18,0,1,5,0,0,0,1,1,2,1,39,7,49,1,10,5,1,5
2018010147215,2,2,0,14,0,1,1,0,1,0,1,1,6,1,25,5,125,1,2,2,1,2
2018010147216,1,19,0,18,0,1,0,0,0,0,4,1,1,1,35,6,2143,2,2,2,1,2
2018010147217,1,11,0,3,0,8,0,0,0,0,1,1,1,1,49,8,-1,-1,-1,4,1,4
2018010147217,2,5,0,18,0,8,0,0,0,0,4,1,2,2,33,6,-1,-1,-1,7,1,7
2018010147219,1,9,0,3,0,2,0,0,0,0,-1,-1,6,2,-1,-1,1197,1,1,2,1,2
2018010147222,1,9,0,7,0,1,0,0,0,0,1,1,6,2,40,7,998,1,5,3,1,3
2018010147222,2,9,0,7,0,1,0,0,0,0,1,1,2,1,27,6,1400,1,13,2,1,2
2018010147226,1,9,0,18,0,4,0,0,0,0,0,1,6,1,64,9,1598,1,2,2,1,2
2018010147226,2,1,0,18,0,4,0,0,0,0,1,1,6,1,24,5,-1,-1,-1,3,1,3
2018010147227,1,9,0,18,0,0,0,0,0,0,1,1,6,2,69,10,1332,1,6,8,1,8
2018010147227,2,19,0,5,9,0,0,0,0,0,1,1,6,1,62,9,1870,2,13,10,1,10
2018010147228,1,19,0,9,0,1,0,0,0,0,1,1,2,1,36,7,1560,2,2,2,1,2
2018010147228,2,5,0,14,0,1,0,0,0,0,1,1,2,1,41,7,649,1,8,5,1,5
2018010147229,1,3,0,18,0,8,0,0,0,0,3,1,6,1,43,7,125,1,3,2,1,2
2018010147229,2,9,0,9,0,5,0,0,0,0,1,1,6,2,46,8,1699,1,13,5,1,5
2018010147230,1,1,-1,-1,-1,0,-1,-1,-1,-1,-1,1,6,1,16,4,-1,-1,-1,7,1,7
2018010147233,1,9,0,18,0,8,1,0,3,10,1,1,6,1,17,4,1995,2,14,2,1,2
2018010147233,2,9,0,9,0,6,0,0,0,0,0,1,6,3,-1,-1,-1,-1,-1,-1,-1,-1
2018010147235,1,4,0,3,0,2,0,0,0,0,1,1,2,1,28,6,-1,-1,-1,7,1,7
2018010147236,1,9,0,18,0,0,0,10,7,1,1,1,6,1,20,4,1198,1,2,4,1,4
2018010147236,2,9,0,2,0,0,0,0,0,0,4,1,6,3,-1,-1,998,1,19,-1,-1,-1
2018010147238,1,9,0,18,0,8,0,0,0,0,1,1,4,1,28,6,1896,2,13,4,1,4
2018010147238,2,9,0,18,0,8,0,0,0,0,0,2,1,1,34,6,2993,2,2,2,1,2
2018010147240,1,9,0,18,0,8,0,10,0,0,1,1,6,1,26,6,-1,-1,-1,10,1,10
2018010147240,2,9,0,18,0,1,0,0,0,0,1,1,6,1,19,4,1595,1,9,7,1,7
2018010147240,3,9,0,2,0,1,0,0,0,0,2,2,6,3,-1,-1,1498,1,-1,-1,-1,-1
2018010147241,1,1,-1,-1,-1,-1,-1,-1,-1,-1,-1,1,2,1,21,5,-1,-1,-1,1,1,1
2018010147241,2,9,0,-1,-1,-1,-1,-1,-1,-1,-1,-1,6,1,30,6,1984,1,1,2,1,2
2018010147242,1,3,0,15,0,1,0,0,0,0,1,1,6,1,37,7,125,1,3,2,1,2
2018010147242,2,9,0,10,0,8,0,0,0,0,0,1,6,1,42,7,1798,8,3,2,1,2
2018010147242,3,9,0,18,0,1,0,0,0,0,0,1,6,1,21,5,998,1,2,7,1,7
2018010147245,1,9,0,13,0,0,0,0,0,0,4,1,6,3,-1,-1,-1,-1,-1,-1,-1,-1
2018010147246,1,1,-1,-1,-1,0,-1,-1,-1,-1,-1,1,6,2,53,8,-1,-1,-1,4,1,4
2018010147246,2,9,0,-1,-1,0,-1,-1,-1,-1,-1,-1,6,3,-1,-1,-1,-1,-1,-1,-1,-1
2018010147247,1,9,0,3,0,4,0,0,0,0,2,1,2,1,41,7,-1,-1,-1,8,1,8
2018010147247,2,9,0,5,0,3,0,0,0,0,1,1,6,1,-1,-1,-1,-1,-1,-1,-1,-1
2018010147249,1,9,0,18,0,0,0,0,0,0,4,1,6,3,-1,-1,1390,1,12,-1,-1,-1
2018010147249,2,9,0,3,0,0,0,0,0,0,0,1,1,1,48,8,1560,2,4,2,1,2
2018010147255,1,9,0,18,0,0,0,0,0,0,1,1,6,1,21,5,1995,2,6,3,1,3
2018010147255,2,2,0,13,0,0,0,0,0,0,1,1,6,1,26,6,50,1,14,-1,-1,-1
2018010147257,1,8,0,9,0,6,0,0,0,0,4,1,1,1,52,8,-1,-1,-1,4,1,4
2018010147257,2,3,0,18,0,1,5,0,0,0,1,1,6,2,27,6,-1,-1,-1,1,1,1
2018010147261,1,9,0,18,0,1,0,0,0,0,1,1,6,2,27,6,2497,1,13,1,1,1
2018010147261,2,9,0,18,0,2,0,10,0,0,1,1,6,3,18,4,1794,1,13,-1,-1,-1
2018010147262,1,8,0,-1,-1,-1,-1,-1,-1,-1,1,-1,6,1,29,6,1798,8,3,5,1,5
2018010147262,2,19,0,-1,-1,-1,-1,-1,-1,-1,-1,-1,6,3,-1,-1,2298,2,2,5,1,5
2018010147263,1,8,0,9,0,2,0,0,0,0,0,1,1,1,53,8,2143,2,2,2,1,2
2018010147270,1,9,0,18,0,1,0,0,0,0,1,1,1,1,49,8,1242,1,12,1,1,1
2018010147270,2,9,0,9,0,1,0,0,0,0,1,1,1,1,23,5,1395,1,-1,5,1,5
2018010147273,1,9,0,-1,0,5,0,0,0,0,3,-1,2,1,42,7,1598,1,15,4,1,4
2018010147273,2,9,0,-1,0,1,0,0,0,0,1,-1,6,3,-1,-1,-1,-1,-1,3,1,3
2018010147278,1,5,0,18,0,-1,0,0,0,0,2,1,6,1,47,8,689,1,-1,6,1,6
2018010147278,2,9,0,18,0,-1,0,-1,0,0,1,1,6,1,51,8,2354,1,15,6,1,6
2018010147284,1,9,0,7,0,2,0,0,0,0,3,1,6,2,61,9,1798,8,-1,8,1,8
2018010147284,2,9,0,18,0,1,0,0,0,0,1,1,6,1,22,5,998,1,18,2,1,2
2018010147285,1,1,-1,18,0,-1,-1,0,0,0,2,1,6,2,49,8,-1,-1,-1,4,1,4
2018010147286,1,9,-1,-1,0,-1,-1,-1,-1,-1,-1,-1,6,1,-1,-1,2494,1,18,1,1,1
2018010147286,2,3,-1,18,0,1,-1,-1,-1,-1,-1,1,6,1,18,4,125,1,6,9,1,9
2018010147288,1,3,0,-1,-1,-1,-1,-1,-1,-1,-1,1,6,1,63,9,125,1,9,3,1,3
2018010147288,2,11,0,-1,-1,-1,-1,-1,-1,-1,-1,-1,6,3,50,8,4500,2,4,2,1,2
2018010147291,1,3,-1,18,0,1,-1,0,0,0,-1,1,1,1,37,7,125,1,4,3,1,3
2018010147295,1,19,0,18,0,1,0,0,0,0,1,1,1,1,32,6,1996,2,4,2,1,2
2018010147300,1,9,0,9,0,5,0,0,0,0,1,-1,6,1,-1,-1,-1,-1,-1,-1,-1,-1
2018010147304,1,1,-1,-1,-1,-1,-1,-1,-1,-1,-1,1,2,1,28,6,-1,-1,-1,4,1,4
2018010147304,2,9,0,-1,-1,-1,-1,-1,-1,-1,1,-1,6,3,-1,-1,1399,2,14,4,1,4
2018010147307,1,90,-1,18,0,-1,0,0,0,0,1,1,6,3,-1,-1,-1,-1,-1,-1,-1,-1
2018010147308,1,1,0,18,0,1,-1,0,0,0,2,1,6,1,22,5,-1,-1,-1,3,1,3
2018010147308,2,9,0,18,0,1,0,0,0,0,1,-1,6,3,-1,-1,-1,-1,-1,-1,-1,-1
2018010147312,1,1,-1,-1,-1,-1,-1,-1,-1,-1,-1,1,2,1,29,6,-1,-1,-1,6,1,6
2018010147312,2,8,0,-1,-1,-1,-1,-1,-1,-1,-1,-1,6,3,-1,-1,-1,-1,-1,-1,-1,-1
2018010147316,1,9,0,18,0,1,0,0,0,0,0,1,6,2,31,6,1598,1,-1,-1,-1,-1
2018010147316,2,3,0,18,0,1,0,0,0,0,0,1,2,1,32,6,125,1,-1,9,1,9
2018010147323,1,1,-1,18,-1,0,-1,-1,-1,-1,2,1,6,1,54,8,-1,-1,-1,4,1,4
2018010147323,2,4,-1,18,-1,0,-1,-1,-1,-1,-1,1,6,1,43,7,330,1,4,4,1,4
2018010147326,1,9,0,7,0,1,0,0,0,0,3,1,3,2,46,8,2967,2,5,8,1,8
2018010147326,2,1,0,18,0,1,0,0,0,0,1,1,2,2,52,8,-1,-1,-1,2,1,2
2018010147332,1,9,0,1,0,8,0,-1,0,0,2,1,6,3,-1,-1,-1,-1,-1,-1,-1,-1
2018010147337,1,9,0,18,0,0,0,0,0,0,1,1,2,1,32,6,2967,2,4,3,1,3
2018010147337,2,2,0,18,0,0,0,0,0,0,2,1,6,1,41,7,49,1,6,1,1,1
2018010147339,1,5,-1,-1,-1,-1,-1,-1,-1,-1,-1,1,2,1,52,8,1052,1,16,7,1,7
2018010147339,2,9,0,-1,-1,-1,-1,-1,-1,-1,-1,-1,6,3,-1,-1,600,8,-1,4,1,4
2018010147349,1,9,0,10,0,1,0,0,0,0,1,1,6,1,58,9,1240,1,11,3,1,3
2018010147349,2,90,0,9,0,1,0,0,0,0,2,1,1,1,29,6,-1,-1,-1,3,1,3
2018010147351,1,9,-1,-1,-1,0,-1,-1,-1,-1,-1,-1,6,3,-1,-1,-1,-1,-1,-1,-1,-1
2018010147359,1,9,0,4,0,6,0,4,0,0,1,1,6,1,26,6,999,1,-1,2,1,2
2018010147359,2,9,0,3,0,6,0,0,0,0,2,1,6,1,44,7,1997,2,4,2,1,2
2018010147360,1,9,0,18,0,1,0,0,0,0,2,1,6,2,27,6,1200,1,1,6,1,6
2018010147360,2,9,0,18,0,1,0,0,0,0,1,1,6,2,25,5,1229,1,10,3,1,3
2018010147361,1,19,0,-1,-1,-1,-1,-1,-1,-1,2,-1,6,1,67,10,1995,2,8,5,1,5
2018010147361,2,9,0,-1,-1,-1,-1,-1,-1,-1,1,-1,6,3,-1,-1,1598,2,5,2,1,2
2018010147362,1,3,0,-1,-1,-1,-1,-1,-1,-1,-1,1,6,1,23,5,124,1,3,2,1,2
2018010147362,2,90,0,-1,-1,-1,-1,-1,-1,-1,1,-1,6,3,-1,-1,-1,-1,-1,4,1,4
2018010147365,1,8,0,-1,-1,0,-1,-1,-1,-1,2,-1,6,1,46,8,1968,2,6,3,1,3
2018010147367,1,9,0,3,0,0,0,0,0,0,2,1,6,1,44,7,1598,1,16,-1,-1,-1
2018010147367,2,9,0,4,0,0,0,0,0,0,2,1,6,1,20,4,1595,1,-1,2,1,2
2018010147367,3,9,0,18,0,0,0,0,0,0,1,1,6,2,45,7,1240,1,12,-1,-1,-1
2018010147370,1,3,0,-1,-1,-1,-1,-1,-1,-1,1,1,6,1,32,6,125,1,-1,2,1,2
2018010147370,2,9,0,-1,-1,-1,-1,-1,-1,-1,2,-1,6,3,-1,-1,2996,1,13,10,1,10
2018010147372,1,3,0,16,0,8,5,0,0,0,4,1,6,1,46,8,125,1,1,6,1,6
2018010147372,2,19,0,17,0,8,0,0,0,0,0,1,2,1,32,6,1753,2,5,5,-1,5
2018010147376,1,4,0,18,0,0,5,0,0,0,1,1,6,2,39,7,108,1,4,5,1,5
2018010147376,2,9,0,18,0,0,0,0,0,0,1,1,6,3,-1,-1,-1,-1,-1,-1,-1,-1
2018010147377,1,9,0,3,0,1,0,0,0,0,2,-1,6,2,76,11,-1,-1,-1,-1,-1,-1
2018010147377,2,19,0,18,0,1,0,0,0,0,1,-1,6,1,-1,-1,2143,2,3,-1,-1,-1
2018010147378,1,9,0,-1,-1,-1,-1,-1,-1,-1,2,-1,6,2,53,8,1598,1,11,4,1,4
2018010147378,2,19,0,-1,-1,-1,-1,-1,-1,-1,2,-1,6,3,28,6,1995,2,10,-1,-1,-1
2018010147381,1,9,0,-1,-1,-1,-1,-1,-1,-1,-1,-1,2,1,20,4,1598,1,10,5,1,5
2018010147381,2,9,0,-1,-1,-1,-1,-1,-1,-1,2,-1,6,3,-1,-1,1598,2,4,-1,-1,-1
2018010147381,3,90,-1,-1,-1,-1,-1,-1,-1,-1,2,-1,6,3,-1,-1,-1,-1,-1,-1,-1,-1
2018010147392,1,9,-1,-1,-1,-1,-1,-1,-1,-1,-1,-1,6,1,34,6,1560,2,4,2,1,2
2018010147392,2,90,-1,-1,-1,-1,-1,-1,-1,-1,-1,-1,6,3,-1,-1,-1,-1,-1,-1,-1,-1
2018010147393,1,3,0,-1,-1,0,-1,-1,-1,-1,-1,1,6,1,34,6,108,1,3,2,1,2
2018010147393,2,9,0,-1,-1,0,-1,-1,-1,-1,0,-1,6,3,-1,-1,2127,6,40,3,1,3
2018010147395,1,9,0,18,0,1,0,0,0,0,1,1,6,1,20,4,1900,2,11,2,1,2
2018010147395,2,9,-1,18,0,8,0,0,0,0,4,1,6,1,37,7,-1,-1,-1,5,1,5
2018010147408,1,3,0,16,0,2,1,0,0,0,1,1,2,1,24,5,124,1,6,4,1,4
2018010147416,1,8,0,5,0,0,0,0,0,0,0,1,6,3,53,8,1797,8,8,4,1,4
2018010147418,1,19,0,3,0,0,0,0,0,0,1,1,6,1,61,9,2143,2,4,3,1,3
2018010147433,1,8,0,-1,-1,-1,-1,-1,-1,-1,2,-1,6,1,50,8,2402,2,14,7,1,7
2018010147433,2,9,0,-1,-1,-1,-1,-1,-1,-1,1,-1,6,3,-1,-1,-1,-1,-1,-1,-1,-1
2018010147436,1,9,0,17,0,2,1,0,1,2,3,1,6,1,44,7,1461,2,8,5,1,5
2018010147438,1,9,0,3,0,2,0,0,0,0,1,1,2,2,32,6,1598,1,17,6,3,6
2018010147442,1,1,0,14,0,0,0,4,0,0,1,1,2,2,37,7,-1,-1,-1,5,1,5
2018010147442,2,19,0,5,0,0,0,0,0,0,0,1,6,1,43,7,2198,2,6,6,1,6
2018010147443,1,9,0,3,0,0,0,0,0,0,2,1,6,1,51,8,-1,3,-1,9,1,9
2018010147443,2,19,0,4,0,0,0,0,0,0,2,1,6,1,21,5,1753,2,10,10,1,10
2018010147443,3,9,0,18,0,0,0,0,0,0,1,1,2,2,27,6,1242,1,6,8,1,8
2018010147444,1,9,0,1,0,1,0,0,0,0,2,1,6,3,-1,-1,1200,1,3,-1,-1,-1
2018010147446,1,9,0,18,0,0,0,0,7,2,1,1,6,1,58,9,1598,1,14,1,1,1
2018010147451,1,9,0,5,0,0,0,0,0,0,2,1,6,1,45,7,1149,1,14,2,1,2
2018010147451,2,19,0,4,0,0,0,0,0,0,1,1,6,1,47,8,2464,2,9,3,1,3
2018010147451,3,9,0,3,0,0,0,0,0,0,2,1,1,1,27,6,1499,2,2,3,1,3
2018010147453,1,4,0,-1,-1,-1,-1,-1,-1,-1,1,1,2,1,31,6,400,1,9,6,1,6
2018010147453,2,8,0,-1,-1,-1,-1,-1,-1,-1,1,-1,6,3,39,7,1790,8,4,5,1,5
2018010147462,1,9,0,18,0,1,0,0,0,0,1,1,2,1,45,7,1997,8,1,10,1,10
2018010147462,2,9,0,18,0,1,0,0,0,0,1,1,6,2,55,8,1332,1,-1,9,1,9
2018010147462,3,9,0,2,0,1,0,0,0,0,3,1,6,3,-1,-1,1242,1,-1,-1,-1,-1
2018010147462,4,9,0,2,0,1,0,0,0,0,3,1,6,3,-1,-1,2199,1,23,-1,-1,-1
2018010147466,1,9,0,18,0,1,0,0,0,0,1,1,6,3,-1,-1,-1,-1,-1,-1,-1,-1
2018010147468,1,9,0,-1,-1,0,-1,-1,-1,-1,2,-1,2,2,60,9,1997,2,6,3,1,3
2018010147468,2,20,0,-1,-1,0,-1,-1,-1,-1,1,-1,6,3,-1,-1,-1,-1,-1,-1,-1,-1
2018010147469,1,9,0,18,0,0,0,0,0,0,3,1,1,1,29,6,1497,8,-1,2,1,2
2018010147472,1,1,-1,-1,-1,-1,-1,-1,-1,-1,1,1,2,1,31,6,-1,-1,-1,3,1,3
2018010147472,2,9,0,-1,-1,-1,-1,-1,-1,-1,-1,-1,6,3,-1,-1,2993,2,-1,7,1,7
2018010147473,1,9,0,9,0,2,0,0,0,0,1,1,6,1,63,9,1364,1,-1,2,1,2
2018010147473,2,1,0,18,0,1,0,0,0,0,1,1,6,1,24,5,-1,-1,-1,4,1,4
2018010147478,1,5,0,18,0,0,0,0,0,0,4,1,6,1,38,7,998,1,10,6,1,6
2018010147478,2,9,0,12,0,0,0,0,0,0,3,1,6,1,24,5,2143,2,5,1,1,1
2018010147479,1,1,-1,-1,-1,-1,-1,-1,-1,-1,-1,1,2,2,46,8,-1,-1,-1,2,1,2
2018010147479,2,9,0,-1,-1,-1,-1,-1,-1,-1,1,-1,6,3,-1,-1,1753,2,13,-1,-1,-1
2018010147480,1,9,0,-1,-1,-1,-1,-1,-1,-1,2,-1,2,2,39,7,1497,8,12,7,1,7
2018010147480,2,9,0,-1,-1,-1,-1,-1,-1,-1,1,-1,6,3,28,6,1896,2,10,-1,-1,-1
2018010147482,1,3,0,5,0,0,2,0,0,0,1,1,6,1,34,6,108,1,4,2,1,2
2018010147483,1,3,0,7,0,2,0,0,0,0,1,1,6,3,-1,-1,745,1,3,-1,-1,-1
2018010147483,2,9,0,18,0,1,0,0,0,0,0,1,1,1,44,7,600,8,-1,2,1,2
2018010147484,1,19,0,3,0,1,0,0,0,0,3,1,6,1,47,8,1248,2,9,5,1,5
2018010147484,2,3,0,5,0,1,0,8,0,0,4,1,6,1,19,4,-1,-1,-1,3,1,3
2018010147484,3,9,0,4,0,1,0,0,0,0,4,1,6,2,36,7,-1,-1,-1,4,1,4
2018010147490,1,1,-1,-1,-1,-1,-1,-1,-1,-1,1,1,2,1,40,7,-1,-1,-1,1,1,1
2018010147490,2,9,0,-1,-1,-1,-1,-1,-1,-1,-1,-1,6,3,-1,-1,-1,-1,-1,-1,-1,-1
2018010147492,1,9,0,18,0,0,0,0,0,0,4,1,6,1,37,7,1395,1,-1,1,1,1
2018010147493,1,9,0,4,0,0,0,0,0,0,1,1,2,2,23,5,1198,1,4,4,1,4
2018010147500,1,9,0,18,0,0,0,10,0,0,1,1,2,1,18,4,1229,1,13,9,1,9
2018010147500,2,9,0,5,0,0,0,0,0,0,3,1,2,1,42,7,1598,1,8,3,1,3
2018010147502,1,3,0,18,0,0,0,0,0,0,1,1,2,1,46,8,493,1,9,8,1,8
2018010147503,1,8,0,18,0,3,1,0,4,6,1,1,2,1,61,9,2499,2,8,10,1,10
2018010147504,1,9,0,18,6,0,1,0,1,7,3,1,2,2,34,6,1299,1,11,5,1,5
2018010147504,2,9,0,18,0,0,0,0,0,0,1,1,6,3,-1,-1,-1,-1,-1,-1,-1,-1
2018010147509,1,4,0,18,0,1,0,0,0,0,1,1,6,1,22,5,125,1,2,1,1,1
2018010147510,1,9,0,18,0,8,0,0,0,0,0,1,6,1,46,8,1896,2,9,-1,-1,-1
2018010147510,2,3,0,18,0,6,1,0,0,0,0,1,6,1,26,6,125,1,6,-1,-1,-1
2018010147511,1,9,0,5,0,1,0,0,0,0,1,1,6,2,37,7,1910,2,11,2,1,2
2018010147511,2,3,0,18,0,1,2,0,0,0,1,1,6,1,29,6,125,1,3,2,1,2
2018010147514,1,9,0,-1,-1,0,-1,-1,-1,-1,1,-1,6,3,-1,-1,-1,-1,-1,2,1,2
2018010147515,1,11,0,7,0,5,0,0,0,0,1,1,1,1,52,8,6700,2,12,6,3,6
2018010147515,2,9,0,18,0,1,0,0,0,0,1,1,6,2,48,8,1499,2,2,7,1,7
2018010147516,1,19,0,18,0,0,0,0,0,0,1,1,1,1,64,9,1560,2,1,2,1,2
2018010147516,2,8,0,3,0,0,0,4,0,0,2,1,1,1,58,9,2499,2,11,10,1,10
2018010147516,3,8,0,3,0,0,0,0,0,0,2,1,1,1,-1,-1,2148,2,9,-1,-1,-1
2018010147517,1,1,-1,-1,-1,-1,-1,-1,-1,-1,-1,1,6,1,39,7,-1,-1,-1,2,1,2
2018010147517,2,90,0,-1,-1,-1,-1,-1,-1,-1,1,-1,6,3,-1,-1,-1,-1,-1,-1,-1,-1
2018010147520,1,3,0,14,0,8,0,0,0,0,1,1,6,1,26,6,108,1,7,3,1,3
2018010147524,1,9,0,4,0,0,0,0,0,0,1,1,6,1,27,6,1998,2,9,3,1,3
2018010147524,2,9,0,14,0,0,1,0,0,0,3,1,6,2,22,5,1598,2,3,3,1,3
2018010147526,1,3,0,16,0,1,0,0,0,0,1,1,1,1,25,5,125,1,-1,4,1,4
2018010147528,1,19,0,18,0,0,0,0,0,0,1,1,1,1,48,8,2143,2,-1,3,1,3
2018010147528,2,1,0,18,0,0,0,0,0,0,3,1,6,1,19,4,-1,-1,-1,4,1,4
2018010147531,1,9,0,5,0,0,0,0,0,0,3,1,2,1,46,8,1400,2,11,4,1,4
2018010147531,2,4,0,18,0,0,1,0,0,0,1,1,6,1,19,4,125,1,3,2,1,2
2018010147533,1,9,-1,-1,-1,-1,-1,-1,-1,-1,-1,-1,6,2,24,5,1242,1,12,2,1,2
2018010147533,2,9,-1,-1,-1,-1,-1,-1,-1,-1,-1,-1,6,2,26,6,799,2,8,6,2,6
2018010147535,1,11,0,4,2,0,0,0,0,0,0,1,1,1,48,8,9000,2,8,8,1,8
2018010147537,1,3,0,-1,0,1,0,0,0,0,3,1,6,1,30,6,899,1,18,8,1,8
2018010147537,2,9,0,-1,0,1,0,0,0,0,4,-1,6,2,-1,-1,2400,2,9,-1,-1,-1
2018010147541,1,9,0,7,0,5,1,7,0,0,1,1,6,1,23,5,1198,1,5,6,1,6
2018010147547,1,11,0,5,0,0,0,0,0,0,1,1,1,1,60,9,-1,3,-1,4,1,4
2018010147550,1,10,0,7,0,8,0,0,0,0,0,1,3,1,55,8,-1,-1,-1,3,1,3
2018010147550,2,1,0,9,0,8,5,0,0,0,1,1,6,2,23,5,-1,-1,-1,3,1,3
2018010147551,1,9,0,-1,-1,0,-1,-1,-1,-1,2,-1,2,1,46,8,1975,1,9,4,1,4
2018010147551,2,9,0,-1,-1,0,-1,-1,-1,-1,1,-1,6,1,68,10,1598,1,12,10,1,10
2018010147552,1,9,0,14,0,0,0,0,0,0,4,1,6,1,20,4,1598,1,10,5,1,5
2018010147554,1,9,0,3,0,1,0,0,0,0,2,1,1,2,18,4,1461,2,6,1,1,1
2018010147554,2,9,0,18,0,1,0,0,0,0,1,1,6,2,52,8,1596,1,9,6,1,6
2018010147559,1,9,0,9,0,1,0,0,0,0,1,1,6,3,-1,-1,-1,-1,-1,-1,-1,-1
2018010147559,2,1,0,18,2,8,5,0,0,0,1,1,4,1,18,4,-1,-1,-1,5,1,5
2018010147562,1,1,-1,-1,-1,-1,-1,-1,-1,-1,-1,1,2,1,38,7,-1,-1,-1,2,1,2
2018010147562,2,8,0,-1,-1,-1,-1,-1,-1,-1,0,-1,6,3,-1,-1,2402,2,15,9,1,9
2018010147564,1,9,0,-1,-1,-1,-1,-1,-1,-1,-1,-1,6,2,27,6,1997,2,1,6,1,6
2018010147564,2,9,0,-1,-1,-1,-1,-1,-1,-1,-1,-1,6,3,-1,-1,1597,1,11,-1,-1,-1
2018010147565,1,2,0,18,0,1,0,0,0,0,3,1,2,1,34,6,49,1,9,9,1,9
2018010147565,2,9,0,9,0,1,0,0,0,0,1,1,2,1,37,7,-1,-1,-1,2,1,2
2018010147571,1,19,0,18,0,0,0,10,1,0,1,1,1,1,54,8,1968,2,1,5,1,5
2018010147576,1,19,0,-1,-1,0,-1,-1,-1,-1,2,-1,6,1,42,7,2143,2,-1,2,1,2
2018010147576,2,9,0,-1,-1,0,-1,-1,-1,-1,1,-1,6,3,48,8,-1,3,4,1,1,1
2018010147577,1,8,0,9,0,8,0,0,0,0,1,1,3,1,26,6,1997,2,6,3,1,3
2018010147577,2,9,0,18,0,8,1,0,0,0,1,1,2,2,29,6,1997,1,6,2,1,2
2018010147579,1,9,0,18,0,0,0,0,0,0,1,1,2,1,52,8,1998,1,15,2,1,2
2018010147579,2,9,0,18,0,0,0,0,0,0,1,1,6,2,24,5,1798,8,-1,2,1,2
2018010147582,1,3,0,13,0,1,0,0,0,0,1,1,6,1,28,6,125,1,9,3,1,3
2018010147582,2,19,0,9,0,6,0,0,0,0,1,1,1,1,30,6,2198,2,5,4,1,4
2018010147583,1,9,0,18,0,1,0,0,0,0,1,1,1,1,23,5,1560,2,3,3,1,3