Accident_Index,Vehicle_Reference,Vehicle_Type,Towing_and_Articulation,Vehicle_Manoeuvre,Vehicle_Location-Restricted_Lane,Junction_Location,Skidding_and_Overturning,Hit_Object_in_Carriageway,Vehicle_Leaving_Carriageway,Hit_Object_off_Carriageway,1st_Point_of_Impact,Was_Vehicle_Left_Hand_Drive?,Journey_Purpose_of_Driver,Sex_of_Driver,Age_of_Driver,Age_Band_of_Driver,Engine_Capacity_(CC),Propulsion_Code,Age_of_Vehicle,Driver_IMD_Decile,Driver_Home_Area_Type,Vehicle_IMD_Decile
2018010148708,2,9,0,2,0,0,0,0,0,0,2,1,6,3,-1,-1,1598,1,8,-1,-1,-1
2018010148708,3,9,0,2,0,0,0,0,0,0,1,1,6,3,-1,-1,1198,1,5,-1,-1,-1
2018010148709,1,9,0,9,0,1,0,0,0,0,4,1,6,1,28,6,1596,1,13,8,1,8
2018010148709,2,1,0,18,0,8,0,0,0,0,4,1,6,1,40,7,-1,-1,-1,3,1,3
2018010148710,1,3,0,18,0,0,0,0,0,0,0,1,6,1,-1,-1,-1,-1,-1,8,1,8
2018010148712,1,9,0,18,9,0,1,10,1,3,1,1,6,1,17,4,1587,1,25,10,1,10
2018010148714,1,9,0,17,0,1,0,0,2,7,4,1,6,2,72,10,1390,1,9,-1,-1,-1
2018010148715,1,8,0,3,0,2,0,0,0,0,4,1,1,1,36,7,1798,8,1,4,1,4
2018010148715,2,1,0,18,0,2,5,8,0,0,3,1,6,1,40,7,-1,-1,-1,2,1,2
2018010148717,1,9,0,18,0,1,0,0,0,0,1,1,2,1,41,7,1995,1,8,8,1,8
2018010148717,2,9,0,6,0,1,0,0,1,2,2,1,6,1,58,9,1783,1,14,2,1,2
2018010148719,1,9,0,3,0,1,0,0,0,0,2,1,6,1,56,9,1596,1,10,1,1,1
2018010148719,2,19,0,18,0,1,0,0,0,0,1,1,6,3,-1,-1,1560,2,-1,-1,-1,-1
2018010148720,1,9,0,18,0,8,1,0,0,0,1,1,6,2,56,9,1797,8,4,6,1,6
2018010148720,2,9,0,18,0,8,0,0,0,0,1,1,6,1,44,7,1797,8,7,5,1,5
2018010148722,1,9,0,1,0,0,0,0,0,0,-1,-1,6,2,58,9,1796,1,11,2,1,2
2018010148723,1,9,0,4,0,2,0,0,0,0,1,1,2,1,59,9,1596,1,15,5,1,5
2018010148727,1,4,0,14,0,2,2,0,2,10,0,1,2,1,25,5,124,1,-1,9,1,9
2018010148736,1,1,-1,-1,-1,-1,-1,-1,-1,-1,1,1,2,1,33,6,-1,-1,-1,4,1,4
2018010148736,2,9,0,-1,-1,-1,-1,-1,-1,-1,1,-1,6,3,-1,-1,1998,1,13,2,1,2
2018010148739,1,9,0,5,0,8,0,0,0,0,1,1,6,2,45,7,-1,-1,-1,5,1,5
2018010148739,2,1,0,18,0,1,0,0,0,0,1,1,2,1,33,6,-1,-1,-1,8,1,8
2018010148743,1,1,-1,-1,-1,-1,-1,-1,-1,-1,1,1,2,1,27,6,-1,-1,-1,2,1,2
2018010148744,1,9,0,-1,-1,-1,-1,-1,-1,-1,2,-1,6,3,-1,-1,1149,1,8,-1,-1,-1
2018010148745,1,9,-1,-1,-1,0,-1,-1,-1,-1,-1,-1,6,2,26,6,1598,2,6,1,1,1
2018010148747,1,9,0,18,0,0,0,0,0,0,3,1,1,1,49,8,1950,2,1,2,1,2
2018010148747,2,9,0,18,0,0,0,0,0,0,1,1,1,1,43,7,-1,-1,-1,6,3,6
2018010148749,1,9,0,-1,-1,0,-1,-1,-1,-1,-1,-1,6,2,30,6,1499,1,-1,2,1,2
2018010148749,2,9,0,-1,-1,0,-1,-1,-1,-1,-1,-1,6,3,-1,-1,1598,1,9,-1,-1,-1
2018010148750,1,9,0,18,0,0,0,0,0,0,1,1,1,1,59,9,1790,8,6,-1,-1,-1
2018010148751,1,9,0,18,0,2,2,4,0,0,1,2,6,2,47,8,1995,2,1,6,1,6
2018010148751,2,9,0,18,0,2,0,0,0,0,3,2,6,2,54,8,2494,8,3,3,1,3
2018010148751,3,9,0,18,0,2,0,0,0,0,3,1,6,2,45,7,1461,2,3,6,1,6
2018010148751,4,9,0,2,0,2,1,0,1,0,0,1,6,3,-1,-1,2393,1,15,-1,-1,-1
2018010148752,1,9,0,7,0,1,0,0,0,0,4,2,2,1,64,9,1584,1,13,2,1,2
2018010148752,2,3,0,18,0,1,0,0,0,0,2,1,2,1,35,6,125,1,5,3,1,3
2018010148756,1,90,0,3,0,0,0,0,0,0,2,2,1,1,32,6,10837,2,-1,2,1,2
2018010148756,2,9,0,3,0,0,0,0,0,0,2,1,1,2,26,6,1598,1,5,9,1,9
2018010148756,3,19,0,3,0,0,0,0,0,0,2,1,2,1,50,8,2148,2,10,1,1,1
2018010148756,4,19,0,4,0,0,0,0,0,0,1,1,2,1,51,8,4485,2,2,3,1,3
2018010148757,1,9,0,-1,-1,-1,-1,-1,-1,-1,2,-1,6,1,32,6,1395,1,2,7,-1,7
2018010148757,2,90,0,-1,-1,-1,-1,-1,-1,-1,1,-1,6,3,-1,-1,-1,-1,-1,-1,-1,-1
2018010148759,1,3,0,-1,-1,0,-1,-1,-1,-1,-1,1,2,2,27,6,124,1,8,5,1,5
2018010148760,1,5,0,18,0,1,0,0,0,0,1,1,6,1,46,8,1215,1,4,3,1,3
2018010148760,2,9,0,9,0,1,0,0,0,0,1,1,6,2,33,6,2400,2,7,4,1,4
2018010148764,1,19,0,3,0,1,0,0,0,0,2,1,1,1,45,7,1995,2,10,6,1,6
2018010148764,2,3,0,4,0,1,1,0,0,0,1,1,6,1,21,5,124,1,15,1,1,1
2018010148772,1,9,0,-1,-1,-1,-1,-1,-1,-1,1,-1,6,1,28,6,998,1,2,9,3,9
2018010148772,2,9,0,-1,-1,-1,-1,-1,-1,-1,1,-1,6,3,-1,-1,-1,-1,-1,-1,-1,-1
2018010148775,1,9,0,-1,-1,-1,-1,-1,-1,-1,1,-1,6,3,-1,-1,2149,2,11,2,1,2
2018010148777,1,3,0,18,-1,-1,-1,-1,-1,-1,1,1,6,1,27,6,124,1,5,2,1,2
2018010148777,2,9,0,-1,-1,-1,-1,-1,-1,-1,1,-1,6,1,53,8,1586,1,1,7,1,7
2018010148782,1,2,0,-1,-1,-1,-1,-1,-1,-1,-1,1,6,2,40,7,49,1,6,8,1,8
2018010148782,2,8,0,-1,-1,-1,-1,-1,-1,-1,-1,-1,6,3,-1,-1,1798,8,4,-1,-1,-1
2018010148786,1,1,0,-1,0,1,0,0,0,0,-1,1,2,1,29,6,-1,-1,-1,2,1,2
2018010148786,2,9,0,18,0,-1,0,0,0,0,-1,1,6,3,-1,-1,-1,-1,-1,-1,-1,-1
2018010148792,1,19,0,3,0,0,0,0,0,0,1,1,1,1,41,7,-1,-1,-1,3,1,3
2018010148792,2,4,0,3,0,0,0,0,0,0,1,1,2,2,55,8,124,1,11,3,1,3
2018010148793,1,1,-1,-1,-1,-1,-1,-1,-1,-1,-1,1,6,1,37,7,-1,-1,-1,1,1,1
2018010148793,2,19,0,-1,-1,-1,-1,-1,-1,-1,1,-1,6,3,-1,-1,-1,-1,-1,-1,-1,-1
2018010148794,1,11,0,4,2,0,0,0,0,0,0,1,1,1,65,9,-1,-1,-1,3,1,3
2018010148795,1,19,0,18,0,1,0,0,0,0,1,1,6,3,-1,-1,-1,-1,-1,-1,-1,-1
2018010148796,1,9,0,15,0,0,1,0,0,0,1,2,6,2,28,6,-1,-1,-1,3,1,3
2018010148796,2,21,1,18,0,0,0,0,0,0,1,1,1,1,38,7,10677,2,4,3,2,3
2018010148803,1,3,0,13,0,1,2,0,0,0,1,1,1,1,31,6,125,1,5,5,1,5
2018010148803,2,9,0,10,0,1,0,0,0,0,1,1,1,1,30,6,1582,2,6,7,1,7
2018010148813,1,9,-1,1,0,0,-1,0,0,0,2,-1,6,3,-1,-1,2143,2,3,-1,-1,-1
2018010148813,2,9,0,18,0,0,0,0,0,0,1,-1,6,2,25,5,1560,2,12,9,1,9
2018010148817,1,1,-1,-1,-1,-1,-1,-1,-1,-1,1,1,2,2,30,6,-1,-1,-1,6,1,6
2018010148817,2,8,0,-1,-1,-1,-1,-1,-1,-1,-1,-1,6,3,55,8,1339,8,8,1,1,1
2018010148819,1,9,0,18,0,1,0,0,0,0,1,1,6,2,60,9,1497,8,11,3,1,3
2018010148820,1,9,0,14,9,8,0,0,0,10,1,1,6,1,27,6,-1,-1,-1,5,1,5
2018010148821,1,3,0,-1,-1,0,-1,-1,-1,-1,2,1,2,1,33,6,125,1,-1,10,1,10
2018010148821,2,19,0,-1,-1,0,-1,-1,-1,-1,1,-1,6,3,-1,-1,2143,2,-1,-1,-1,-1
2018010148823,1,9,0,-1,-1,0,-1,-1,-1,-1,-1,-1,6,1,27,6,1560,2,11,3,1,3
2018010148823,2,9,0,-1,-1,0,-1,-1,-1,-1,-1,-1,6,3,53,8,3456,8,1,6,1,6
2018010148834,1,9,0,-1,-1,-1,-1,-1,-1,-1,2,-1,6,1,32,6,999,1,10,5,1,5
2018010148834,2,8,0,-1,-1,-1,-1,-1,-1,-1,-1,-1,6,3,-1,-1,1797,8,7,3,1,3
2018010148834,3,9,0,-1,-1,-1,-1,-1,-1,-1,2,-1,6,3,-1,-1,1595,1,3,-1,-1,-1
2018010148839,1,9,0,4,0,4,0,0,0,0,0,1,6,2,22,5,1422,2,10,5,1,5
2018010148842,1,9,0,16,0,0,0,0,0,0,0,1,6,1,43,7,3199,1,15,2,1,2
2018010148850,1,1,-1,-1,-1,-1,-1,-1,-1,-1,-1,1,6,2,39,7,-1,-1,-1,7,1,7
2018010148850,2,9,0,-1,-1,-1,-1,-1,-1,-1,1,-1,6,3,-1,-1,1229,1,6,-1,-1,-1
2018010148851,1,9,0,10,0,2,0,0,0,0,1,1,6,1,28,6,1968,2,10,2,1,2
2018010148851,2,9,0,18,0,8,0,0,0,0,3,1,6,1,27,6,1995,2,4,9,1,9
2018010148852,1,9,0,9,0,1,0,0,0,0,4,1,6,3,-1,-1,1229,1,-1,-1,-1,-1
2018010148853,1,1,-1,-1,-1,-1,-1,-1,-1,-1,1,1,2,2,34,6,-1,-1,-1,3,1,3
2018010148853,2,19,-1,-1,-1,-1,-1,-1,-1,-1,1,-1,6,3,-1,-1,-1,-1,-1,-1,-1,-1
2018010148854,1,11,0,11,0,1,0,0,0,0,0,1,1,1,37,7,5132,2,2,6,1,6
2018010148860,1,11,0,4,0,1,0,0,0,0,1,1,1,1,34,6,4500,2,1,3,1,3
2018010148860,2,9,0,11,0,1,0,0,0,0,1,1,6,3,-1,-1,-1,-1,-1,-1,-1,-1
2018010148860,3,9,0,18,0,1,0,0,0,0,0,1,6,3,-1,-1,-1,-1,-1,-1,-1,-1
2018010148861,1,9,0,18,0,8,0,0,0,0,1,1,6,3,-1,-1,-1,-1,-1,-1,-1,-1
2018010148863,1,9,0,9,0,1,0,0,0,0,3,1,6,1,18,4,1242,1,9,8,1,8
2018010148863,2,8,0,14,0,1,0,0,0,0,4,1,6,1,-1,-1,1497,8,13,2,1,2
2018010148864,1,9,0,-1,-1,0,-1,-1,-1,-1,2,-1,2,1,22,5,1242,1,2,2,1,2
2018010148866,1,9,0,18,0,1,0,0,0,0,1,1,2,2,29,6,1560,2,5,3,1,3
2018010148866,2,1,0,18,0,6,0,0,0,0,1,1,6,1,18,4,-1,-1,-1,6,1,6
2018010148867,1,3,0,13,0,1,5,7,0,0,3,1,6,1,25,5,125,1,1,4,1,4
2018010148867,2,9,0,18,0,2,0,0,0,0,3,1,6,1,22,5,1598,1,6,6,1,6
2018010148869,1,3,0,18,0,1,0,0,0,0,1,1,6,1,19,4,125,1,5,6,1,6
2018010148869,2,9,0,18,0,8,0,0,0,0,2,1,6,2,68,10,2438,1,20,10,1,10
2018010148870,1,1,-1,-1,-1,-1,-1,-1,-1,-1,2,1,6,1,51,8,-1,-1,-1,6,1,6
2018010148870,2,9,0,-1,-1,-1,-1,-1,-1,-1,1,-1,6,3,-1,-1,1390,1,14,3,1,3
2018010148873,1,9,0,18,0,0,0,0,0,0,1,1,6,3,-1,-1,-1,-1,-1,-1,-1,-1
2018010148874,1,5,0,18,0,0,0,0,0,0,1,1,2,1,60,9,865,1,4,3,1,3
2018010148874,2,9,0,10,0,0,0,0,0,0,2,1,6,2,27,6,1968,2,4,3,1,3
2018010148880,1,9,0,18,-1,-1,-1,-1,-1,-1,2,-1,2,2,56,9,1988,1,14,6,1,6
2018010148880,2,9,0,-1,-1,-1,-1,-1,-1,-1,1,-1,6,3,-1,-1,-1,-1,-1,-1,-1,-1
2018010148883,1,9,0,-1,-1,0,-1,-1,-1,-1,2,-1,6,2,51,8,1339,1,9,2,1,2
2018010148885,1,1,-1,-1,-1,-1,-1,-1,-1,-1,-1,1,2,1,41,7,-1,-1,-1,4,1,4
2018010148885,2,9,-1,-1,-1,-1,-1,-1,-1,-1,0,-1,6,3,-1,-1,-1,-1,-1,-1,-1,-1
2018010148887,1,9,0,18,0,8,0,0,0,0,1,1,6,2,24,5,1390,1,9,3,1,3
2018010148887,2,9,0,9,0,1,0,0,0,0,4,1,6,1,40,7,1560,2,6,-1,-1,-1
2018010148889,1,90,-1,-1,-1,0,0,0,-1,0,-1,-1,6,3,-1,-1,-1,-1,-1,-1,-1,-1
2018010148890,1,11,0,5,0,1,0,0,0,0,0,1,1,1,51,8,5132,2,1,6,1,6
2018010148891,1,5,0,14,0,0,0,0,0,0,1,1,2,1,31,6,599,1,17,5,1,5
2018010148892,1,9,0,18,0,0,0,0,0,0,2,1,2,1,77,11,1397,1,15,-1,-1,-1
2018010148892,2,9,0,18,0,0,0,0,0,0,1,1,2,1,31,6,1339,1,15,-1,-1,-1
2018010148893,1,9,0,6,0,0,0,0,0,0,3,1,6,1,52,8,1296,1,10,-1,-1,-1
2018010148893,2,3,0,18,0,0,2,0,0,0,1,1,6,1,27,6,125,1,-1,9,1,9
2018010148894,1,3,0,5,0,1,0,0,0,0,2,1,1,1,25,5,125,1,5,5,1,5
2018010148894,2,9,0,5,0,1,0,0,0,0,1,1,6,1,27,6,1598,2,4,3,1,3
2018010148896,1,9,0,-1,-1,-1,-1,-1,-1,-1,-1,-1,6,2,45,7,-1,-1,-1,4,1,4
2018010148896,2,9,0,-1,-1,-1,-1,-1,-1,-1,-1,-1,6,3,-1,-1,2979,1,16,5,1,5
2018010148897,1,9,0,4,0,0,0,0,0,0,2,1,6,1,19,4,1084,1,-1,6,1,6
2018010148897,2,9,0,3,0,0,0,0,0,0,1,1,6,1,28,6,1598,1,10,2,1,2
2018010148900,1,3,0,18,0,1,0,0,0,0,1,1,1,1,35,6,125,1,1,3,1,3
2018010148900,2,9,0,9,0,5,0,0,0,0,1,1,6,1,24,5,1390,1,9,5,1,5
2018010148902,1,9,0,3,0,1,0,0,0,0,2,1,6,1,23,5,1198,1,14,4,1,4
2018010148902,2,9,0,14,0,1,0,0,0,0,1,1,6,1,24,5,1968,2,6,3,1,3
2018010148904,1,9,0,-1,-1,-1,-1,-1,-1,-1,2,-1,6,1,23,5,1598,2,3,2,1,2
2018010148904,2,9,0,-1,0,-1,0,0,0,0,1,1,6,1,-1,-1,1596,1,17,2,1,2
2018010148906,1,9,0,18,0,0,0,0,7,0,2,1,6,2,24,5,999,1,5,9,1,9
2018010148906,2,9,0,18,0,0,0,0,0,0,1,1,6,1,35,6,1995,2,5,5,1,5
2018010148909,1,3,0,16,0,1,0,0,0,0,1,1,1,1,29,6,108,1,1,6,1,6
2018010148910,1,9,0,-1,-1,-1,-1,-1,-1,-1,3,-1,2,1,25,5,1598,1,9,2,1,2
2018010148910,2,9,0,-1,-1,-1,-1,-1,-1,-1,-1,-1,6,3,-1,-1,1984,1,3,-1,-1,-1
2018010148912,1,1,-1,-1,-1,-1,-1,-1,-1,-1,2,1,2,1,39,7,-1,-1,-1,3,1,3
2018010148912,2,9,0,-1,-1,-1,-1,-1,-1,-1,-1,-1,6,3,-1,-1,3456,8,2,2,1,2
2018010148920,1,8,0,9,0,1,0,0,0,0,3,1,6,1,60,9,1598,2,7,4,1,4
2018010148920,2,3,0,13,0,8,0,0,0,0,3,1,2,1,30,6,124,1,3,3,1,3
2018010148921,1,1,-1,18,-1,-1,-1,-1,-1,-1,-1,1,2,1,50,8,-1,-1,-1,10,1,10
2018010148921,2,8,0,-1,-1,-1,-1,-1,-1,-1,3,-1,6,3,-1,-1,2499,2,3,-1,-1,-1
2018010148923,1,9,0,18,0,1,0,0,0,0,3,1,1,1,41,7,1560,2,3,-1,-1,-1
2018010148923,2,9,0,9,0,1,0,0,0,0,1,1,6,1,32,6,1797,8,7,5,1,5
2018010148927,1,9,0,9,0,8,0,0,0,0,4,1,6,1,24,5,1364,1,11,-1,-1,-1
2018010148931,1,9,0,16,0,3,0,9,0,0,1,1,2,2,19,4,1398,2,3,-1,-1,-1
2018010148936,1,9,0,9,0,0,1,0,0,0,1,1,6,1,30,6,-1,-1,-1,2,1,2
2018010148940,1,9,-1,-1,-1,-1,-1,-1,-1,-1,-1,-1,6,3,-1,-1,1997,2,2,-1,-1,-1
2018010148944,1,11,0,18,0,1,0,0,0,0,0,1,1,1,47,8,4760,2,7,3,1,3
2018010148945,1,9,0,9,0,2,0,0,0,0,4,1,6,1,63,9,1995,2,9,10,1,10
2018010148945,2,9,0,18,0,8,1,0,4,10,3,1,6,2,35,6,1388,1,11,5,1,5
2018010148949,1,9,0,18,0,0,0,0,0,0,1,1,3,2,44,7,1229,1,5,5,1,5
2018010148954,1,1,-1,-1,-1,-1,-1,-1,-1,-1,-1,1,6,2,59,9,-1,-1,-1,9,1,9
2018010148954,2,9,0,-1,-1,-1,-1,-1,-1,-1,-1,-1,6,3,-1,-1,998,1,4,-1,-1,-1
2018010148958,1,19,0,18,7,3,0,0,0,0,4,1,2,1,50,8,1598,2,2,5,1,5
2018010148967,1,1,-1,-1,-1,-1,-1,-1,-1,-1,2,1,2,1,30,6,-1,-1,-1,5,1,5
2018010148967,2,9,0,-1,-1,-1,-1,-1,-1,-1,1,-1,6,3,-1,-1,-1,-1,-1,-1,-1,-1
2018010148971,1,90,-1,14,0,2,0,0,0,0,3,-1,6,3,-1,-1,-1,-1,-1,-1,-1,-1
2018010148972,1,9,0,4,0,2,0,0,0,0,2,1,2,2,45,7,2597,1,14,4,1,4
2018010148972,2,9,0,10,0,2,0,0,0,0,2,1,6,2,64,9,2148,2,16,8,1,8
2018010148972,3,9,0,18,0,2,0,0,0,0,1,1,2,2,35,6,1995,1,11,3,1,3
2018010148974,1,9,0,-1,-1,0,-1,-1,-1,-1,2,-1,6,1,50,8,1896,2,10,7,3,7
2018010148974,2,9,0,-1,-1,0,-1,-1,-1,-1,1,-1,6,3,-1,-1,-1,-1,-1,6,1,6
2018010148974,3,9,0,-1,-1,0,-1,-1,-1,-1,2,-1,6,3,-1,-1,1968,2,6,4,1,4
2018010148977,1,1,0,18,0,1,0,0,0,0,1,1,6,3,-1,-1,-1,-1,-1,-1,-1,-1
2018010148981,1,90,0,-1,-1,0,-1,-1,-1,-1,1,-1,6,3,-1,-1,-1,-1,-1,-1,-1,-1
2018010148982,1,1,-1,-1,-1,-1,-1,-1,-1,-1,-1,1,2,1,35,6,-1,-1,-1,5,1,5
2018010148982,2,8,0,-1,-1,-1,-1,-1,-1,-1,-1,-1,6,3,-1,-1,1798,8,1,4,3,4
2018010148983,1,5,0,-1,-1,-1,-1,-1,-1,-1,-1,1,2,1,39,7,649,1,2,5,1,5
2018010148983,2,9,0,-1,-1,-1,-1,-1,-1,-1,-1,-1,6,3,18,4,999,1,4,10,1,10
2018010148989,1,9,0,-1,-1,-1,-1,-1,-1,-1,2,-1,6,1,40,7,2987,2,10,3,1,3
2018010148989,2,20,1,-1,-1,-1,-1,-1,-1,-1,4,-1,6,3,-1,-1,-1,-1,-1,-1,-1,-1
2018010148990,1,9,0,9,0,8,0,0,0,0,4,1,3,2,46,8,1390,1,11,-1,-1,-1
2018010148992,1,21,1,18,0,0,0,0,0,0,1,1,1,1,43,7,12902,2,5,9,1,9
2018010148992,2,11,0,3,0,0,0,0,0,0,2,1,1,1,60,9,4500,2,-1,4,1,4
2018010148994,1,9,0,18,0,6,0,11,0,0,1,1,6,2,57,9,1997,1,4,10,1,10
2018010148996,1,9,0,18,0,1,0,0,0,0,1,1,2,2,35,6,1969,2,1,7,1,7
2018010149003,1,1,-1,18,0,-1,-1,-1,0,0,0,1,6,1,34,6,-1,-1,-1,8,1,8
2018010149003,2,9,-1,2,0,-1,-1,0,0,0,0,-1,6,3,-1,-1,2494,8,-1,-1,-1,-1
2018010149004,1,11,0,18,0,1,0,0,0,0,3,1,6,1,32,6,6370,2,6,7,1,7
2018010149004,2,9,0,11,0,1,0,0,0,0,4,1,6,2,43,7,1968,2,11,10,1,10
2018010149005,1,4,0,18,0,1,0,0,0,0,1,1,6,1,44,7,124,1,-1,9,1,9
2018010149005,2,19,0,10,0,1,0,0,0,0,1,1,6,1,-1,-1,1998,2,15,6,1,6
2018010149006,1,11,0,5,2,1,0,0,0,0,0,1,1,1,48,8,4500,2,3,-1,-1,-1
2018010149006,2,9,0,9,0,1,0,0,0,0,0,1,6,3,-1,-1,-1,-1,-1,-1,-1,-1
2018010149011,1,19,0,6,0,2,0,0,0,0,4,1,6,1,49,8,2143,2,1,10,1,10
2018010149011,2,1,0,7,0,2,2,0,0,0,1,1,6,1,41,7,-1,-1,-1,3,1,3
2018010149016,1,9,0,9,0,3,0,0,0,0,1,1,6,2,19,4,1242,1,10,3,1,3
2018010149016,2,9,0,18,0,4,0,0,0,0,3,1,6,3,-1,-1,-1,-1,-1,-1,-1,-1
2018010149017,1,9,0,9,0,1,0,0,0,0,1,1,6,1,31,6,2925,2,-1,3,-1,3
2018010149017,2,19,0,16,0,1,0,0,0,0,1,1,6,1,24,5,1998,2,12,3,1,3
2018010149019,1,1,0,18,0,8,0,0,0,0,-1,1,2,1,36,7,-1,-1,-1,5,1,5
2018010149019,2,9,0,18,0,8,0,0,0,0,1,1,6,3,-1,-1,1396,1,17,4,1,4
2018010149022,1,90,0,18,0,6,0,4,0,0,1,1,2,1,39,7,5880,2,12,2,1,2
2018010149022,2,9,0,18,0,6,0,4,0,0,2,1,6,2,59,9,1339,1,16,1,1,1
2018010149022,3,9,0,4,0,6,0,0,0,0,2,1,6,2,57,9,2143,2,1,4,1,4
2018010149023,1,3,0,18,0,0,0,0,0,0,1,1,6,1,38,7,124,1,7,9,1,9
2018010149024,1,3,0,3,0,1,5,0,0,0,2,1,1,1,38,7,-1,-1,-1,1,1,1
2018010149024,2,19,0,3,0,1,0,0,0,0,1,1,1,1,38,7,2299,2,7,2,1,2
2018010149029,1,9,0,18,0,0,0,0,7,10,1,1,3,2,43,7,1360,1,17,4,1,4
2018010149030,1,9,0,18,0,1,0,0,0,0,1,1,6,1,36,7,1997,2,4,6,1,6
2018010149031,1,8,0,6,2,0,0,0,0,0,4,1,6,1,52,8,-1,-1,-1,4,1,4
2018010149031,2,11,0,18,2,0,0,4,0,0,1,1,1,1,63,9,4461,2,5,5,1,5
2018010149032,1,3,0,18,0,1,0,0,0,0,0,1,6,1,24,5,124,1,2,2,1,2
2018010149033,1,19,0,18,0,1,0,0,0,0,1,1,6,1,58,9,1753,2,14,-1,-1,-1
2018010149033,2,9,0,9,0,2,0,0,0,0,1,1,6,1,74,10,1968,2,1,10,1,10
2018010149036,1,11,0,9,0,2,0,0,0,0,4,1,1,1,49,8,4500,2,6,3,1,3
2018010149036,2,1,0,9,0,2,0,0,0,0,1,1,2,2,34,6,-1,-1,-1,4,1,4
2018010149037,1,9,0,1,0,2,0,0,0,0,2,1,2,2,34,6,4806,1,6,5,1,5
2018010149038,1,3,0,14,0,8,2,0,1,0,1,1,2,1,20,4,-1,-1,-1,4,1,4
2018010149040,1,9,0,9,0,6,0,0,0,0,3,1,6,1,53,8,1995,2,11,-1,-1,-1
2018010149040,2,3,0,14,0,8,0,0,0,0,1,1,1,1,30,6,125,1,2,4,1,4
2018010149050,1,9,0,-1,-1,-1,-1,-1,-1,-1,2,-1,6,2,26,6,2967,2,-1,2,1,2
2018010149050,2,9,0,-1,-1,-1,-1,-1,-1,-1,1,-1,6,3,-1,-1,1984,1,1,3,1,3
2018010149052,1,9,0,6,0,1,0,0,0,0,1,1,1,1,64,9,-1,-1,-1,6,1,6
2018010149052,2,3,0,18,0,1,1,0,7,0,1,1,1,2,23,5,-1,-1,-1,3,1,3
2018010149054,1,5,0,18,-1,-1,-1,-1,-1,-1,-1,1,6,1,54,8,781,1,20,8,1,8
2018010149054,2,9,0,-1,-1,-1,-1,-1,-1,-1,1,-1,6,1,37,7,2967,2,10,8,1,8
2018010149056,1,11,0,7,0,5,0,0,0,0,4,1,1,1,50,8,6700,2,7,4,1,4
2018010149062,1,9,0,-1,-1,-1,-1,-1,-1,-1,3,-1,6,2,38,7,2148,2,13,4,1,4
2018010149062,2,9,-1,-1,-1,-1,-1,-1,-1,-1,-1,-1,6,3,-1,-1,998,1,12,-1,-1,-1
2018010149064,1,11,0,4,0,1,0,0,0,0,0,1,1,1,36,7,7300,2,13,1,1,1
2018010149069,1,19,0,9,0,1,0,0,0,0,1,1,1,1,56,9,1461,2,3,9,1,9
2018010149069,2,5,0,18,0,1,0,0,0,0,1,1,2,1,31,6,599,1,7,4,1,4
2018010149070,1,3,0,4,0,1,5,0,0,0,2,1,6,1,31,6,124,1,6,2,1,2
2018010149070,2,9,0,18,0,1,0,0,0,0,1,1,6,1,46,8,1995,2,5,2,1,2
2018010149072,1,19,0,4,0,0,0,0,0,0,1,1,1,1,41,7,2198,2,3,6,1,6
2018010149072,2,9,0,4,0,0,0,0,0,0,2,1,6,2,23,5,1197,1,1,8,1,8
2018010149073,1,3,0,-1,-1,-1,-1,-1,-1,-1,1,1,6,3,-1,-1,-1,-1,-1,-1,-1,-1
2018010149076,1,9,0,18,0,1,0,0,0,0,-1,1,6,3,-1,-1,2143,2,3,-1,-1,-1
2018010149077,1,11,0,18,0,8,0,0,0,0,0,1,6,1,30,6,9360,2,6,4,1,4
2018010149077,2,9,0,18,0,8,0,0,0,0,0,1,6,3,-1,-1,-1,-1,-1,-1,-1,-1
2018010149078,1,9,-1,-1,-1,-1,-1,-1,-1,-1,-1,-1,6,3,-1,-1,-1,-1,-1,-1,-1,-1
2018010149081,1,1,-1,-1,-1,0,-1,-1,-1,-1,-1,1,2,1,49,8,-1,-1,-1,5,1,5
2018010149081,2,9,0,-1,-1,0,-1,-1,-1,-1,-1,-1,6,3,-1,-1,2993,2,3,7,1,7
2018010149082,1,8,0,4,0,1,0,0,0,0,2,1,1,1,65,9,2143,2,-1,10,1,10
2018010149082,2,9,0,4,0,1,0,0,0,0,2,1,2,1,44,7,2993,2,7,7,1,7
2018010149082,3,1,0,4,0,1,0,0,0,0,1,1,1,1,28,6,-1,-1,-1,2,1,2
2018010149083,1,9,0,7,0,2,0,0,0,0,3,1,6,1,24,5,1198,1,12,9,1,9
2018010149088,1,9,0,-1,0,1,0,0,0,0,-1,1,6,3,-1,-1,-1,-1,-1,-1,-1,-1
2018010149089,1,9,0,18,0,0,0,0,0,0,1,2,2,1,27,6,1988,1,16,3,1,3
2018010149097,1,9,0,18,0,1,0,0,0,0,1,1,6,1,27,6,2143,2,1,2,1,2
2018010149097,2,9,0,3,0,1,0,0,0,0,3,1,2,2,44,7,1798,1,9,8,1,8
2018010149098,1,9,0,-1,-1,-1,-1,-1,-1,-1,1,-1,6,3,28,6,-1,-1,-1,-1,-1,-1
2018010149100,1,9,0,-1,-1,0,-1,-1,-1,-1,1,-1,6,1,21,5,1360,1,9,2,1,2
2018010149100,2,1,-1,-1,-1,0,-1,-1,-1,-1,1,1,6,1,-1,-1,-1,-1,-1,3,1,3
2018010149101,1,9,0,4,0,2,0,0,0,0,2,1,2,1,43,7,999,1,10,6,1,6
2018010149101,2,8,0,3,0,1,0,0,0,0,1,1,6,1,47,8,1797,8,8,1,1,1
2018010149103,1,9,0,3,-1,-1,-1,-1,-1,-1,2,-1,6,2,54,8,1969,2,1,-1,-1,-1
2018010149103,2,9,0,-1,-1,-1,-1,-1,-1,-1,1,-1,6,3,-1,-1,1796,1,15,-1,-1,-1