Accident_Index,Vehicle_Reference,Vehicle_Type,Towing_and_Articulation,Vehicle_Manoeuvre,Vehicle_Location-Restricted_Lane,Junction_Location,Skidding_and_Overturning,Hit_Object_in_Carriageway,Vehicle_Leaving_Carriageway,Hit_Object_off_Carriageway,1st_Point_of_Impact,Was_Vehicle_Left_Hand_Drive?,Journey_Purpose_of_Driver,Sex_of_Driver,Age_of_Driver,Age_Band_of_Driver,Engine_Capacity_(CC),Propulsion_Code,Age_of_Vehicle,Driver_IMD_Decile,Driver_Home_Area_Type,Vehicle_IMD_Decile
2018010149507,1,8,0,-1,-1,-1,-1,-1,-1,-1,1,-1,6,1,37,7,1950,2,-1,-1,1,-1
2018010149507,2,9,0,-1,-1,-1,-1,-1,-1,-1,-1,-1,6,3,-1,-1,1950,2,2,-1,-1,-1
2018010149511,1,9,0,18,0,1,0,0,0,0,1,1,6,2,62,9,1332,1,19,10,1,10
2018010149512,1,9,0,9,0,6,0,0,0,0,1,1,6,1,44,7,-1,-1,-1,5,1,5
2018010149512,2,9,0,18,0,8,0,0,0,0,1,1,6,1,82,11,1199,1,18,4,1,4
2018010149517,1,9,0,18,0,1,0,0,0,0,1,1,6,3,-1,-1,-1,-1,-1,-1,-1,-1
2018010149519,1,9,0,18,0,0,0,0,0,0,1,1,6,1,38,7,1598,1,12,3,1,3
2018010149519,2,8,0,4,9,0,0,0,1,0,2,1,1,1,44,7,-1,-1,-1,3,1,3
2018010149519,3,9,0,18,0,0,0,0,0,0,1,1,6,1,30,6,1986,2,12,2,1,2
2018010149520,1,8,0,18,0,1,0,0,0,0,1,1,1,1,60,9,2402,2,13,5,1,5
2018010149523,1,3,0,18,0,8,0,0,0,0,1,1,1,2,16,4,125,1,1,2,1,2
2018010149523,2,9,0,9,0,8,0,0,0,0,1,1,6,1,62,9,1969,2,2,-1,-1,-1
2018010149525,1,11,0,4,0,1,0,0,0,0,0,1,1,2,39,7,6700,2,9,6,1,6
2018010149532,1,9,0,9,0,5,0,0,0,0,1,1,1,1,56,9,-1,-1,-1,4,1,4
2018010149532,2,1,0,18,4,6,0,0,1,2,1,1,6,1,32,6,-1,-1,-1,3,1,3
2018010149533,1,9,0,9,0,0,0,0,0,0,1,1,6,1,57,9,1598,1,16,3,1,3
2018010149533,2,9,0,16,0,0,0,0,1,0,3,1,6,2,36,7,1296,1,10,3,1,3
2018010149543,1,9,0,18,0,1,0,0,0,0,1,2,6,1,22,5,1598,1,10,1,1,1
2018010149543,2,9,0,3,0,1,0,0,0,0,2,1,6,2,54,8,1200,1,4,2,1,2
2018010149543,3,21,0,4,0,1,0,0,0,0,2,1,1,1,38,7,-1,-1,-1,-1,-1,-1
2018010149545,1,19,0,1,0,1,0,0,0,0,2,1,1,1,59,9,2143,2,3,1,1,1
2018010149549,1,9,0,18,0,1,0,0,0,0,2,1,2,1,42,7,2171,1,15,2,1,2
2018010149549,2,9,0,18,0,1,0,0,0,0,1,1,2,1,22,5,1398,1,6,5,1,5
2018010149550,1,9,0,3,0,6,0,0,0,0,3,2,2,2,37,7,1992,2,10,-1,-1,-1
2018010149550,2,5,0,3,0,1,1,0,0,0,4,1,6,1,41,7,1584,1,9,5,1,5
2018010149552,1,9,-1,-1,-1,-1,-1,-1,-1,-1,-1,-1,6,3,-1,-1,-1,-1,-1,-1,-1,-1
2018010149555,1,9,0,9,0,8,0,0,0,0,1,1,2,1,48,8,2969,2,11,6,3,6
2018010149555,2,1,0,5,0,8,0,0,0,0,3,1,2,1,36,7,-1,-1,-1,6,1,6
2018010149556,1,9,0,-1,-1,-1,-1,-1,-1,-1,2,-1,6,1,64,9,1950,2,1,4,1,4
2018010149556,2,9,0,-1,-1,-1,-1,-1,-1,-1,1,-1,6,3,-1,-1,-1,-1,-1,-1,-1,-1
2018010149558,1,9,0,-1,-1,0,-1,-1,-1,-1,2,-1,6,1,68,10,1461,2,6,2,1,2
2018010149560,1,9,0,-1,-1,-1,-1,-1,-1,-1,4,-1,6,2,-1,-1,-1,-1,-1,-1,-1,-1
2018010149566,1,19,0,18,0,1,1,0,0,0,1,1,1,1,59,9,2148,2,10,9,1,9
2018010149567,1,9,0,18,-1,-1,-1,-1,-1,-1,4,-1,6,2,23,5,1461,2,1,3,1,3
2018010149567,2,9,0,-1,-1,-1,0,0,0,0,3,1,6,1,26,6,1598,1,16,6,1,6
2018010149570,1,9,0,18,0,8,0,0,0,0,1,-1,6,1,39,7,1497,1,14,5,1,5
2018010149570,2,9,0,-1,0,8,0,0,0,0,-1,-1,6,1,59,9,1995,2,7,4,1,4
2018010149575,1,1,0,18,0,1,0,0,0,0,1,1,2,1,41,7,-1,-1,-1,6,1,6
2018010149576,1,9,0,18,0,2,0,0,0,0,3,1,1,1,53,8,1560,2,6,1,1,1
2018010149576,2,3,0,18,0,1,1,0,0,0,2,1,1,1,20,4,125,1,-1,-1,-1,-1
2018010149577,1,8,0,-1,-1,-1,-1,-1,-1,-1,1,-1,6,3,-1,-1,1798,8,2,8,1,8
2018010149583,1,9,0,9,0,6,0,0,0,0,0,1,6,2,74,10,1398,1,2,8,1,8
2018010149585,1,9,-1,-1,-1,-1,-1,-1,-1,-1,-1,-1,6,3,-1,-1,-1,-1,-1,-1,-1,-1
2018010149588,1,9,0,18,0,2,0,0,0,0,1,1,3,2,49,8,1596,1,10,-1,-1,-1
2018010149590,1,90,0,3,0,0,0,0,0,0,1,1,6,3,-1,-1,-1,-1,-1,-1,-1,-1
2018010149590,2,9,0,3,0,0,0,0,0,0,3,1,6,2,48,8,1329,1,6,4,1,4
2018010149594,1,9,0,-1,0,0,0,0,0,0,-1,-1,6,3,-1,-1,1587,1,13,-1,-1,-1
2018010149595,1,10,0,9,0,8,0,0,3,0,1,1,3,1,42,7,2402,2,11,3,1,3
2018010149595,2,3,0,18,0,8,1,0,0,0,1,1,6,1,49,8,124,1,10,4,1,4
2018010149605,1,9,0,18,0,8,0,0,0,0,2,-1,6,2,46,8,1496,2,-1,5,1,5
2018010149605,2,9,-1,-1,0,8,0,0,0,0,1,-1,6,3,-1,-1,-1,-1,-1,-1,-1,-1
2018010149606,1,9,0,9,0,1,0,0,0,0,3,1,1,1,39,7,1798,8,-1,6,1,6
2018010149606,2,1,0,14,0,1,1,0,0,0,1,1,1,2,26,6,-1,-1,-1,7,1,7
2018010149607,1,9,0,4,0,1,0,0,0,0,1,1,6,2,71,10,1242,1,21,-1,-1,-1
2018010149607,2,9,0,18,0,8,0,0,0,0,3,1,3,1,36,7,1084,1,-1,2,1,2
2018010149607,3,9,0,2,0,8,0,0,0,0,1,1,6,3,-1,-1,1496,2,2,-1,-1,-1
2018010149613,1,9,0,18,0,8,0,0,0,0,1,1,6,1,31,6,2993,2,11,2,1,2
2018010149614,1,9,-1,-1,-1,0,-1,-1,-1,-1,-1,-1,6,3,-1,-1,-1,-1,-1,-1,-1,-1
2018010149619,1,3,-1,-1,-1,0,-1,-1,-1,-1,1,1,6,1,29,6,125,1,4,2,1,2
2018010149619,2,20,0,-1,-1,0,-1,-1,-1,-1,2,-1,6,3,-1,-1,2287,2,3,-1,-1,-1
2018010149621,1,3,4,-1,-1,-1,-1,-1,-1,-1,1,1,2,2,45,7,125,1,-1,5,1,5
2018010149621,2,19,0,-1,-1,-1,-1,-1,-1,-1,-1,-1,6,3,-1,-1,1499,2,2,-1,-1,-1
2018010149624,1,9,0,18,9,1,0,0,7,10,1,1,6,1,79,11,1596,1,15,8,1,8
2018010149633,1,9,-1,-1,-1,-1,-1,-1,-1,-1,2,-1,6,1,38,7,999,1,-1,4,1,4
2018010149633,2,9,0,-1,-1,-1,-1,-1,-1,-1,2,-1,6,3,-1,-1,-1,-1,-1,-1,-1,-1
2018010149637,1,90,0,-1,-1,0,-1,-1,-1,-1,4,-1,6,2,24,5,-1,-1,-1,4,1,4
2018010149638,1,11,0,4,0,0,0,0,0,0,0,1,1,2,44,7,4500,2,3,2,1,2
2018010149643,1,3,0,17,0,8,1,0,0,0,1,1,2,1,23,5,125,1,3,3,1,3
2018010149643,2,3,0,18,0,8,1,0,0,0,1,1,2,1,23,5,125,1,-1,6,1,6
2018010149646,1,9,0,16,0,1,0,0,0,0,1,1,6,1,30,6,2148,2,13,-1,-1,-1
2018010149646,2,9,0,18,0,1,0,0,0,0,2,1,1,2,34,6,-1,-1,-1,2,1,2
2018010149646,3,9,0,18,0,1,0,0,0,0,2,2,2,2,60,9,1388,1,9,2,1,2
2018010149651,1,11,0,18,0,1,0,0,0,0,1,1,1,1,56,9,4500,2,1,5,1,5
2018010149651,2,3,0,3,0,1,0,0,0,0,2,1,1,1,21,5,108,1,3,3,1,3
2018010149654,1,19,0,7,0,1,0,0,0,0,3,1,6,1,56,9,2198,2,3,5,1,5
2018010149654,2,1,0,14,0,1,5,0,0,0,1,1,2,1,47,8,-1,-1,-1,3,1,3
2018010149655,1,3,0,5,0,1,0,0,0,0,1,1,2,1,33,6,125,1,7,9,1,9
2018010149655,2,9,0,9,0,1,0,0,0,0,3,1,2,1,74,10,1998,1,17,9,1,9
2018010149656,1,9,0,5,0,8,0,0,0,0,1,1,2,1,34,6,1242,1,5,5,1,5
2018010149660,1,9,0,9,0,5,0,0,0,0,1,1,6,1,24,5,1995,1,11,2,1,2
2018010149663,1,9,0,-1,-1,-1,-1,-1,-1,-1,2,-1,6,2,52,8,1499,2,2,3,1,3
2018010149663,2,9,0,-1,-1,-1,-1,-1,-1,-1,1,-1,6,3,-1,-1,1395,1,1,6,1,6
2018010149664,1,8,0,18,0,8,0,0,0,0,3,1,6,1,44,7,1598,1,9,3,1,3
2018010149664,2,3,0,18,0,4,0,0,0,0,1,1,6,1,21,5,125,1,2,5,1,5
2018010149666,1,9,0,-1,-1,-1,-1,-1,-1,-1,1,-1,6,2,83,11,996,1,1,7,1,7
2018010149666,2,9,0,-1,-1,-1,-1,-1,-1,-1,-1,-1,6,1,72,10,1498,1,10,8,1,8
2018010149667,1,19,0,1,0,1,0,0,0,0,2,1,2,1,51,8,1499,2,2,7,1,7
2018010149669,1,9,-1,-1,-1,1,-1,-1,-1,-1,-1,-1,6,2,-1,-1,-1,-1,-1,-1,-1,-1
2018010149671,1,1,-1,-1,-1,-1,-1,-1,-1,-1,1,1,2,2,-1,-1,-1,-1,-1,5,1,5
2018010149671,2,9,0,-1,-1,-1,-1,-1,-1,-1,2,-1,6,3,-1,-1,-1,-1,-1,-1,-1,-1
2018010149676,1,1,-1,-1,-1,0,-1,-1,-1,-1,1,1,2,2,44,7,-1,-1,-1,2,1,2
2018010149676,2,9,0,-1,0,0,0,0,0,0,4,-1,6,3,42,7,1668,1,13,3,1,3
2018010149678,1,11,0,4,0,0,0,0,0,0,0,1,1,1,27,6,9360,2,7,2,1,2
2018010149680,1,3,0,-1,-1,-1,-1,-1,-1,-1,2,1,2,2,39,7,124,1,9,1,1,1
2018010149680,2,9,0,-1,-1,-1,-1,-1,-1,-1,1,-1,6,3,-1,-1,1796,1,17,-1,-1,-1
2018010149681,1,9,0,-1,-1,-1,-1,-1,-1,-1,-1,-1,6,2,54,8,1798,1,4,4,1,4
2018010149681,2,9,0,-1,-1,-1,-1,-1,-1,-1,1,-1,6,3,-1,-1,1598,2,6,2,1,2
2018010149682,1,9,0,10,0,1,0,0,0,0,2,1,6,1,19,4,1364,1,12,10,1,10
2018010149682,2,19,0,10,0,1,0,0,0,0,1,1,6,1,33,6,2298,2,7,8,1,8
2018010149688,1,9,0,-1,-1,0,-1,-1,-1,-1,2,-1,6,2,34,6,999,1,2,-1,2,-1
2018010149690,1,8,0,9,0,2,0,0,0,0,3,1,6,1,-1,-1,-1,-1,-1,-1,-1,-1
2018010149697,1,9,0,18,0,5,0,0,0,0,4,1,3,2,41,7,1197,1,2,2,1,2
2018010149697,2,9,0,18,0,1,0,0,0,0,1,1,6,2,46,8,1497,8,2,5,1,5
2018010149702,1,9,0,3,0,8,0,0,0,0,2,1,6,2,51,8,1596,1,16,2,1,2
2018010149702,2,9,0,18,0,8,0,0,0,0,1,1,1,1,36,7,1689,2,15,7,1,7
2018010149703,1,3,0,18,0,1,0,0,0,0,1,1,6,1,25,5,125,1,2,4,1,4
2018010149705,1,9,0,18,0,1,1,0,0,0,1,1,6,1,24,5,3993,1,1,3,1,3
2018010149705,2,9,0,18,0,1,0,0,0,0,3,1,2,1,58,9,1968,2,7,10,1,10
2018010149706,1,19,0,18,0,2,0,0,0,0,1,1,1,1,54,8,2143,2,2,3,1,3
2018010149706,2,19,0,18,0,2,0,0,0,0,2,1,6,1,64,9,1968,2,1,9,1,9
2018010149710,1,9,0,3,0,2,0,0,0,0,2,1,6,2,40,7,1587,1,13,1,1,1
2018010149710,2,9,0,18,0,1,0,0,0,0,1,1,6,3,-1,-1,-1,-1,-1,-1,-1,-1
2018010149712,1,9,0,-1,-1,-1,-1,-1,-1,-1,1,-1,6,1,35,6,1580,8,-1,6,-1,6
2018010149712,2,9,0,-1,-1,-1,-1,-1,-1,-1,-1,-1,6,3,-1,-1,1896,2,15,-1,-1,-1
2018010149717,1,9,0,-1,-1,-1,-1,-1,-1,-1,2,-1,6,1,45,7,2993,2,3,8,1,8
2018010149717,2,9,0,-1,-1,-1,-1,-1,-1,-1,1,-1,6,3,-1,-1,-1,-1,-1,-1,-1,-1
2018010149718,1,9,0,18,0,0,1,0,7,0,1,1,6,1,21,5,1598,2,1,2,1,2
2018010149718,2,9,0,1,0,0,0,0,0,0,2,1,6,2,45,7,1598,2,7,1,1,1
2018010149721,1,9,0,4,0,2,1,0,0,0,2,1,6,1,27,6,1968,2,5,3,1,3
2018010149721,2,9,0,4,0,2,0,0,0,0,1,1,6,2,29,6,1461,2,5,2,1,2
2018010149723,1,9,0,-1,-1,-1,-1,-1,-1,-1,2,-1,6,1,25,5,2926,2,15,2,1,2
2018010149723,2,9,0,-1,-1,-1,-1,-1,-1,-1,1,-1,6,3,-1,-1,-1,-1,-1,-1,-1,-1
2018010149728,1,9,0,18,0,1,0,0,0,0,1,1,6,3,-1,-1,-1,-1,-1,-1,-1,-1
2018010149732,1,9,0,18,0,1,0,0,0,0,0,1,6,2,40,7,1248,1,4,5,1,5
2018010149732,2,1,0,18,0,1,0,0,0,0,0,1,6,1,33,6,-1,-1,-1,2,1,2
2018010149733,1,9,0,18,0,0,0,4,0,0,1,1,6,1,19,4,1598,1,16,1,1,1
2018010149733,2,9,0,2,0,0,0,0,0,0,2,1,6,3,-1,-1,2996,1,-1,-1,-1,-1
2018010149735,1,9,0,18,0,0,0,8,0,0,1,1,6,2,55,8,996,1,4,4,1,4
2018010149735,2,9,0,2,0,0,0,0,0,0,3,1,6,3,-1,-1,1591,1,3,-1,-1,-1
2018010149736,1,9,0,18,0,1,0,0,0,0,1,1,6,3,-1,-1,-1,-1,-1,-1,-1,-1
2018010149738,1,11,0,18,0,1,0,0,0,0,0,1,1,1,48,8,4500,2,3,5,1,5
2018010149740,1,20,0,-1,-1,-1,-1,-1,-1,-1,-1,-1,6,1,35,6,-1,-1,-1,8,1,8
2018010149747,1,9,0,18,0,0,0,10,6,10,1,1,6,1,20,4,1596,1,12,9,1,9
2018010149751,1,5,0,18,0,8,0,0,0,0,4,1,2,1,31,6,649,1,4,2,1,2
2018010149751,2,19,0,18,0,4,0,0,0,0,1,1,2,1,36,7,1461,2,1,-1,1,-1
2018010149752,1,90,0,1,0,0,0,0,0,0,2,1,1,1,24,5,6370,2,6,3,1,3
2018010149754,1,9,0,-1,-1,-1,-1,-1,-1,-1,2,-1,2,2,36,7,1598,1,14,1,1,1
2018010149754,2,9,0,-1,-1,-1,-1,-1,-1,-1,2,-1,6,3,-1,-1,-1,-1,-1,-1,-1,-1
2018010149754,3,9,-1,-1,-1,-1,-1,-1,-1,-1,-1,-1,6,2,-1,-1,1582,2,7,5,1,5
2018010149759,1,9,0,3,0,8,0,0,0,0,1,-1,3,1,42,7,1956,2,5,3,1,3
2018010149759,2,9,0,1,0,8,0,0,0,0,2,-1,6,2,21,5,1598,2,5,4,1,4
2018010149762,1,9,0,18,0,0,0,11,0,0,4,1,2,1,36,7,-1,-1,-1,8,1,8
2018010149764,1,1,0,18,0,8,5,0,0,0,3,1,6,1,64,9,-1,-1,-1,8,1,8
2018010149764,2,9,0,13,0,8,0,0,0,0,4,-1,6,3,-1,-1,-1,-1,-1,-1,-1,-1
2018010149767,1,9,0,18,0,8,0,0,0,0,2,-1,6,1,38,7,1797,8,9,6,1,6
2018010149767,2,9,0,18,0,8,0,-1,0,0,1,-1,6,3,-1,-1,1997,2,6,5,1,5
2018010149768,1,9,0,-1,-1,-1,-1,-1,-1,-1,1,-1,6,1,61,9,998,1,2,3,1,3
2018010149771,1,9,0,-1,-1,-1,-1,-1,-1,-1,2,-1,2,1,48,8,1198,1,6,2,1,2
2018010149771,2,9,0,-1,-1,-1,-1,-1,-1,-1,1,-1,6,3,-1,-1,1389,1,14,-1,-1,-1
2018010149776,1,9,0,4,0,0,0,10,1,4,2,1,6,2,61,9,1242,1,6,9,1,9
2018010149776,2,9,0,18,0,0,2,4,0,0,1,1,6,3,-1,-1,1598,1,16,-1,-1,-1
2018010149778,1,9,0,3,0,1,0,0,0,0,1,1,6,2,37,7,2400,2,2,2,1,2
2018010149779,1,9,0,18,0,8,0,0,0,0,1,1,2,2,35,6,1329,1,5,8,1,8
2018010149779,2,9,0,5,0,8,0,0,0,0,4,1,6,2,25,5,1199,2,7,7,1,7
2018010149782,1,9,0,-1,-1,-1,-1,-1,-1,-1,-1,-1,6,1,22,5,1995,2,8,1,1,1
2018010149783,1,9,0,18,0,1,0,0,0,0,1,1,2,2,52,8,998,1,5,3,1,3
2018010149784,1,8,0,9,0,8,0,0,0,0,1,1,1,1,43,7,1791,8,7,5,1,5
2018010149785,1,9,-1,-1,0,1,0,0,0,0,2,-1,6,2,33,6,1598,1,6,3,1,3
2018010149785,2,9,0,-1,0,1,0,0,-1,0,2,-1,6,1,19,4,1461,2,-1,1,1,1
2018010149788,1,19,-1,9,0,5,0,0,0,0,3,-1,6,1,-1,-1,-1,-1,-1,2,1,2
2018010149789,1,4,0,15,0,0,0,0,0,0,4,1,2,1,20,4,124,1,14,3,1,3
2018010149789,2,19,0,6,0,0,0,0,0,0,4,1,2,1,56,9,1995,2,9,4,1,4
2018010149791,1,8,0,5,0,4,0,0,0,0,3,1,1,1,52,8,1798,8,5,4,1,4
2018010149791,2,1,0,17,0,8,0,0,0,0,1,1,1,1,60,9,-1,-1,-1,9,1,9
2018010149795,1,11,0,18,0,1,0,0,0,0,1,1,2,1,49,8,9200,2,12,3,1,3
2018010149795,2,1,0,9,0,1,0,0,0,0,1,1,6,1,39,7,-1,-1,-1,-1,-1,-1
2018010149796,1,9,0,4,0,1,0,0,0,0,4,1,2,1,46,8,1198,1,6,2,1,2
2018010149800,1,9,0,7,4,5,0,0,0,0,1,1,6,1,31,6,998,1,7,9,1,9
2018010149800,2,1,0,18,4,1,0,0,0,0,1,1,6,1,37,7,-1,-1,-1,5,3,5
2018010149802,1,9,0,9,0,1,0,0,0,0,1,1,6,1,67,10,1896,2,10,10,1,10
2018010149804,1,9,0,5,0,6,0,0,0,0,1,1,2,2,44,7,1598,1,8,2,1,2
2018010149804,2,9,0,16,0,1,0,0,0,0,1,1,2,1,42,7,1242,1,10,2,1,2
2018010149809,1,9,0,18,0,0,0,0,0,0,2,1,6,1,37,7,-1,-1,-1,10,1,10
2018010149809,2,9,0,18,0,0,0,0,0,0,1,1,6,2,62,9,3996,1,18,8,1,8
2018010149816,1,9,0,18,0,3,0,0,0,0,1,1,1,1,36,7,1200,1,-1,3,1,3
2018010149816,2,9,0,4,0,3,0,0,0,0,3,1,6,2,55,8,1598,2,6,8,1,8
2018010149817,1,9,0,4,0,1,0,0,0,0,4,1,2,2,34,6,1796,1,9,4,1,4
2018010149820,1,9,0,9,0,6,0,0,1,0,1,1,1,1,40,7,1968,2,6,3,1,3
2018010149820,2,9,0,18,0,1,0,0,0,0,4,1,6,2,51,8,1998,1,2,3,1,3
2018010149821,1,9,0,5,0,1,1,0,0,0,2,1,6,2,26,6,2199,2,9,3,1,3
2018010149821,2,19,0,5,0,1,0,0,0,0,1,1,1,1,56,9,-1,-1,-1,5,1,5
2018010149826,1,9,0,13,0,0,1,0,0,0,4,1,6,2,20,4,1968,2,4,9,-1,9
2018010149826,2,21,1,12,0,0,0,0,0,0,3,2,2,1,46,8,-1,-1,-1,-1,-1,-1
2018010149826,3,21,1,18,0,0,1,0,0,0,2,1,2,1,47,8,9186,2,5,7,1,7
2018010149826,4,9,0,18,0,0,0,0,0,0,1,1,2,2,24,5,1329,1,5,2,1,2
2018010149828,1,11,0,18,0,0,0,0,0,0,0,1,1,2,43,7,5132,2,1,5,1,5
2018010149830,1,3,0,-1,-1,-1,-1,-1,-1,-1,-1,1,6,1,21,5,125,1,-1,8,1,8
2018010149830,2,9,0,-1,-1,-1,-1,-1,-1,-1,1,-1,6,3,-1,-1,-1,-1,-1,5,1,5
2018010149830,3,11,0,3,-1,-1,0,-1,0,0,-1,1,1,1,-1,-1,4500,2,2,-1,-1,-1
2018010149832,1,19,0,10,0,0,0,0,0,0,1,1,3,1,44,7,1968,2,8,1,1,1
2018010149832,2,9,0,18,0,0,0,4,0,0,4,1,2,2,61,9,1332,1,20,10,1,10
2018010149832,3,9,0,2,0,0,0,4,0,0,2,1,6,3,-1,-1,1398,1,7,-1,-1,-1
2018010149832,4,9,0,2,0,0,0,0,0,0,2,1,6,3,-1,-1,1995,2,3,-1,-1,-1
2018010149834,1,1,-1,-1,-1,-1,-1,-1,-1,0,-1,1,6,1,41,7,-1,-1,-1,5,1,5
2018010149834,2,9,-1,-1,-1,-1,-1,-1,-1,-1,-1,-1,6,3,-1,-1,1797,8,7,4,-1,4
2018010149836,1,9,0,7,0,3,0,0,0,0,1,1,1,1,32,6,-1,-1,-1,4,1,4
2018010149837,1,8,0,9,0,6,0,0,0,0,4,1,3,2,40,7,1796,1,12,-1,-1,-1
2018010149837,2,1,0,18,0,1,0,0,0,0,1,1,2,2,54,8,-1,-1,-1,8,1,8
2018010149845,1,11,0,3,0,1,0,0,0,0,3,1,1,2,46,8,12742,2,-1,4,1,4
2018010149845,2,9,0,13,9,5,0,4,7,2,1,1,6,1,27,6,1995,2,6,6,1,6
2018010149845,3,9,0,2,6,1,0,0,0,0,3,1,6,3,-1,-1,-1,-1,-1,-1,-1,-1
2018010149847,1,19,0,7,2,5,0,0,7,0,1,1,2,1,55,8,2287,2,4,6,1,6
2018010149847,2,4,0,18,0,1,0,0,1,0,2,1,6,1,33,6,279,1,1,2,1,2
2018010149849,1,8,0,-1,-1,-1,-1,-1,-1,-1,1,-1,6,3,-1,-1,-1,-1,-1,-1,-1,-1
2018010149851,1,9,0,5,0,0,0,0,0,0,3,1,2,2,31,6,1595,1,6,3,1,3
2018010149851,2,9,0,18,0,0,0,0,7,0,1,1,1,1,55,8,998,1,-1,2,1,2
2018010149855,1,9,0,18,0,0,0,0,0,0,2,1,2,2,37,7,1798,8,2,2,1,2
2018010149855,2,9,0,2,0,0,0,0,0,0,2,1,6,3,-1,-1,1396,1,9,-1,-1,-1
2018010149855,3,9,0,2,0,0,0,0,0,0,2,1,6,3,-1,-1,1596,1,2,-1,-1,-1
2018010149855,4,9,0,2,0,0,0,0,0,0,2,1,6,3,-1,-1,1198,1,8,-1,-1,-1
2018010149855,5,9,0,2,0,0,0,0,0,0,2,1,6,3,-1,-1,1390,1,17,-1,-1,-1
2018010149855,6,9,0,2,0,0,0,0,0,0,2,1,6,3,-1,-1,1461,2,4,-1,-1,-1
2018010149857,1,9,0,5,0,0,0,0,0,0,1,1,6,2,40,7,998,1,16,3,1,3
2018010149857,2,3,0,13,0,0,0,0,0,0,4,1,6,1,19,4,125,1,13,3,1,3
2018010149858,1,11,0,4,0,1,0,0,0,0,1,1,1,1,25,5,6700,2,6,2,1,2
2018010149863,1,9,0,18,0,0,0,0,0,0,1,1,4,2,31,6,1995,2,13,2,1,2
2018010149865,1,3,0,5,0,0,2,0,0,0,1,1,2,1,23,5,124,1,3,-1,-1,-1
2018010149866,1,11,0,4,0,1,0,0,0,0,0,1,1,1,41,7,9000,2,10,9,1,9
2018010149867,1,9,0,9,0,8,0,0,0,0,4,1,6,2,40,7,1329,1,9,5,1,5
2018010149867,2,1,0,18,0,8,0,0,0,0,1,1,6,1,32,6,-1,-1,-1,3,1,3
2018010149869,1,9,0,5,0,4,0,0,0,0,1,1,2,1,33,6,1332,1,14,6,1,6
2018010149869,2,3,0,9,0,8,0,0,0,0,4,1,1,1,28,6,125,1,13,3,1,3
2018010149870,1,9,0,18,0,8,0,0,0,0,1,1,1,1,27,6,-1,-1,-1,3,1,3
2018010149871,1,9,0,9,0,5,0,0,0,0,4,1,6,2,19,4,1240,1,11,9,1,9
2018010149871,2,1,0,18,0,1,0,0,0,0,1,1,6,1,14,3,-1,-1,-1,5,1,5
2018010149872,1,11,0,18,0,1,0,0,0,0,1,1,1,1,40,7,4500,2,6,2,1,2
2018010149874,1,9,0,5,0,1,0,0,0,0,1,1,1,1,56,9,1798,8,3,2,1,2
2018010149874,2,1,0,9,0,1,0,0,0,0,2,1,4,1,16,4,-1,-1,-1,3,1,3
2018010149875,1,9,0,4,0,1,1,0,0,0,1,1,6,2,76,11,1299,1,18,3,1,3
2018010149875,2,9,0,4,0,1,0,0,0,0,4,1,1,1,43,7,-1,-1,-1,5,1,5
2018010149875,3,9,0,10,0,1,1,0,0,0,1,1,1,1,47,8,-1,-1,-1,3,1,3
2018010149876,1,19,0,18,0,1,0,0,0,0,1,1,1,1,54,8,1248,2,7,3,1,3
2018010149876,2,90,0,18,0,1,0,0,0,0,0,1,1,1,49,8,2987,2,-1,8,1,8
2018010149877,1,11,0,18,0,1,0,0,0,0,1,1,1,2,42,7,5132,2,2,1,1,1
2018010149878,1,9,0,15,0,0,0,0,0,0,1,1,6,2,46,8,1995,1,8,4,1,4
2018010149878,2,9,0,18,0,0,0,0,0,0,2,1,2,1,43,7,1596,1,18,3,1,3
2018010149878,3,9,0,18,0,0,0,0,0,0,1,1,6,2,47,8,1997,1,5,6,1,6
2018010149880,1,1,0,9,0,1,0,0,0,0,3,1,6,1,50,8,-1,-1,-1,2,1,2
2018010149880,2,8,0,18,0,8,0,0,0,0,1,1,6,1,17,4,1797,8,-1,6,1,6
2018010149881,1,9,0,17,0,0,0,0,0,0,1,1,6,3,-1,-1,1997,2,8,-1,-1,-1
2018010149881,2,1,0,18,0,0,5,0,0,0,3,1,6,1,25,5,-1,-1,-1,2,1,2
2018010149883,1,90,0,-1,-1,-1,-1,-1,-1,-1,-1,-1,6,1,69,10,-1,-1,-1,5,1,5
2018010149883,2,9,0,-1,-1,-1,-1,-1,-1,-1,-1,-1,6,3,-1,-1,-1,-1,-1,-1,-1,-1
2018010149885,1,9,0,9,0,8,0,0,0,0,2,1,6,1,-1,-1,2148,2,12,3,1,3
2018010149885,2,5,0,18,0,8,0,0,0,0,1,1,2,1,30,6,-1,-1,-1,3,1,3
2018010149892,1,9,0,-1,-1,0,-1,-1,-1,-1,-1,-1,2,2,-1,-1,1995,2,11,2,1,2
2018010149905,1,1,-1,-1,-1,-1,-1,-1,-1,-1,-1,1,2,1,27,6,-1,-1,-1,5,1,5
2018010149907,1,1,0,-1,4,0,0,0,-1,0,2,1,2,2,28,6,-1,-1,-1,8,1,8
2018010149907,2,9,0,18,4,0,0,0,-1,0,1,-1,6,3,-1,-1,-1,-1,-1,-1,-1,-1
2018010149908,1,1,-1,-1,-1,-1,-1,-1,-1,-1,1,1,6,1,28,6,-1,-1,-1,1,1,1
2018010149908,2,8,0,-1,-1,-1,-1,-1,-1,-1,1,-1,6,3,51,8,1798,8,5,2,1,2
2018010149913,1,9,0,-1,-1,0,-1,-1,-1,-1,2,-1,2,2,44,7,1198,1,4,4,1,4
2018010149918,1,1,-1,-1,-1,-1,-1,-1,-1,-1,1,1,6,3,-1,-1,-1,-1,-1,-1,-1,-1