Accident_Index,Vehicle_Reference,Vehicle_Type,Towing_and_Articulation,Vehicle_Manoeuvre,Vehicle_Location-Restricted_Lane,Junction_Location,Skidding_and_Overturning,Hit_Object_in_Carriageway,Vehicle_Leaving_Carriageway,Hit_Object_off_Carriageway,1st_Point_of_Impact,Was_Vehicle_Left_Hand_Drive?,Journey_Purpose_of_Driver,Sex_of_Driver,Age_of_Driver,Age_Band_of_Driver,Engine_Capacity_(CC),Propulsion_Code,Age_of_Vehicle,Driver_IMD_Decile,Driver_Home_Area_Type,Vehicle_IMD_Decile
2018010149920,1,9,0,-1,-1,-1,-1,-1,-1,-1,1,-1,6,1,45,7,1968,2,2,5,1,5
2018010149920,2,9,0,-1,-1,-1,-1,-1,-1,-1,2,-1,6,3,-1,-1,-1,-1,-1,-1,-1,-1
2018010149923,1,9,0,4,0,1,0,0,0,0,1,1,6,1,60,9,-1,-1,-1,6,1,6
2018010149923,2,1,0,4,0,1,0,0,0,0,2,1,6,1,36,7,-1,-1,-1,9,1,9
2018010149926,1,1,-1,-1,-1,0,-1,-1,-1,-1,1,1,2,2,32,6,-1,-1,-1,3,1,3
2018010149926,2,8,0,-1,-1,0,-1,-1,-1,-1,-1,-1,6,3,-1,-1,1798,8,5,5,1,5
2018010149931,1,9,0,-1,-1,0,-1,-1,-1,-1,1,-1,6,1,30,6,1995,2,5,7,1,7
2018010149931,2,9,0,-1,-1,0,-1,-1,-1,-1,2,-1,6,3,-1,-1,1797,8,8,-1,-1,-1
2018010149932,1,1,-1,-1,-1,-1,-1,-1,-1,-1,1,1,6,2,40,7,-1,-1,-1,4,1,4
2018010149932,2,9,0,-1,-1,-1,-1,-1,-1,-1,1,-1,6,3,-1,-1,-1,-1,-1,-1,-1,-1
2018010149939,1,9,0,-1,-1,-1,-1,-1,-1,-1,1,-1,6,1,32,6,2987,2,6,3,1,3
2018010149939,2,9,-1,-1,-1,-1,-1,-1,-1,-1,-1,-1,6,2,78,11,1997,1,8,5,1,5
2018010149941,1,11,0,18,0,1,0,0,0,0,2,1,1,1,53,8,4500,2,7,4,1,4
2018010149941,2,1,0,18,0,1,0,0,0,0,1,1,6,1,19,4,-1,-1,-1,3,1,3
2018010149946,1,9,0,18,0,1,0,0,0,0,3,1,6,1,57,9,1598,2,4,9,1,9
2018010149947,1,9,0,-1,-1,-1,-1,-1,-1,-1,3,-1,2,2,35,6,698,1,15,3,1,3
2018010149947,2,11,0,-1,-1,-1,-1,-1,-1,-1,2,-1,6,3,-1,-1,10837,2,2,-1,-1,-1
2018010149948,1,19,0,18,0,1,0,0,0,0,3,1,1,1,49,8,2143,2,-1,5,1,5
2018010149948,2,3,0,13,0,1,0,0,0,0,4,1,2,1,26,6,125,1,1,2,1,2
2018010149954,1,9,-1,-1,-1,-1,-1,-1,-1,-1,4,-1,6,3,-1,-1,-1,-1,-1,-1,-1,-1
2018010149956,1,3,0,-1,-1,8,-1,-1,-1,-1,-1,1,2,1,33,6,125,1,6,8,1,8
2018010149957,1,1,-1,-1,-1,-1,-1,-1,-1,-1,1,1,2,2,31,6,-1,-1,-1,6,1,6
2018010149957,2,9,0,-1,-1,-1,-1,-1,-1,-1,-1,-1,6,3,32,6,1685,2,2,2,1,2
2018010149958,1,9,0,-1,-1,-1,-1,-1,-1,-1,2,-1,6,1,48,8,2180,2,23,7,1,7
2018010149958,2,9,0,-1,-1,-1,-1,-1,-1,-1,-1,-1,6,3,-1,-1,-1,-1,-1,-1,-1,-1
2018010149960,1,9,0,-1,-1,-1,-1,-1,-1,-1,1,-1,6,3,-1,-1,-1,-1,-1,-1,-1,-1
2018010149962,1,9,0,5,0,0,0,0,0,0,4,1,1,1,55,8,1968,2,6,2,1,2
2018010149965,1,9,0,18,0,8,0,0,0,0,1,1,2,1,36,7,2143,2,6,-1,-1,-1
2018010149965,2,9,0,18,0,8,0,0,1,10,4,1,6,2,28,6,1968,2,11,-1,-1,-1
2018010149966,1,9,0,18,0,0,0,0,0,0,1,1,6,1,24,5,1461,2,1,5,1,5
2018010149969,1,9,0,9,0,8,0,0,0,0,1,1,6,1,25,5,2180,2,23,6,1,6
2018010149969,2,3,0,18,0,8,0,0,1,10,3,1,6,1,29,6,-1,-1,-1,5,1,5
2018010149972,1,9,0,9,0,5,0,0,0,0,1,1,2,1,72,10,1597,1,19,6,1,6
2018010149973,1,19,0,18,0,1,0,0,0,0,4,1,6,1,69,10,1298,1,16,7,1,7
2018010149974,1,9,0,18,0,8,0,0,0,0,1,1,6,1,23,5,1500,2,-1,3,1,3
2018010149974,2,9,0,18,0,8,1,0,0,0,2,1,6,1,27,6,2143,2,4,3,1,3
2018010149975,1,3,0,13,0,1,1,10,7,1,3,1,6,1,22,5,125,1,3,9,1,9
2018010149976,1,9,0,18,0,1,0,0,1,2,1,1,6,1,35,6,1796,1,10,2,1,2
2018010149981,1,9,0,18,0,3,0,4,0,0,1,1,1,1,-1,-1,1498,1,1,4,1,4
2018010149981,2,9,0,2,0,1,0,4,0,0,2,1,6,3,-1,-1,1995,1,7,-1,-1,-1
2018010149981,3,9,0,2,0,1,0,4,0,0,2,1,6,3,-1,-1,-1,-1,-1,-1,-1,-1
2018010149981,4,9,0,2,0,1,0,0,0,0,2,1,6,3,-1,-1,1587,1,17,-1,-1,-1
2018010149981,5,9,0,18,0,1,0,0,0,0,0,1,6,3,-1,-1,1596,1,2,-1,-1,-1
2018010149982,1,8,0,7,0,5,0,0,1,0,1,1,6,1,42,7,1798,8,-1,2,1,2
2018010149982,2,1,0,7,0,5,0,0,7,0,1,1,6,1,42,7,-1,-1,-1,3,1,3
2018010149984,1,3,0,18,0,0,0,0,0,0,1,1,6,1,19,4,108,1,1,-1,-1,-1
2018010149985,1,9,0,9,0,6,0,0,0,0,1,1,6,1,18,4,1997,2,-1,-1,-1,-1
2018010149985,2,9,0,18,0,1,0,0,0,0,0,1,1,1,-1,-1,2993,2,2,4,1,4
2018010149985,3,9,0,18,0,8,0,0,0,0,4,1,6,1,27,6,2993,2,1,5,1,5
2018010149986,1,9,0,6,0,0,0,0,0,0,3,1,6,1,21,5,2171,1,15,2,1,2
2018010149986,2,9,0,18,0,0,0,0,0,0,1,1,6,2,31,6,998,1,4,3,1,3
2018010149986,3,9,0,2,0,0,0,0,0,0,3,1,6,3,-1,-1,1968,2,10,-1,-1,-1
2018010149987,1,9,0,18,0,0,0,0,0,0,2,1,6,1,23,5,-1,-1,-1,2,1,2
2018010149987,2,17,4,18,0,0,0,0,0,0,1,1,1,1,44,7,-1,-1,-1,-1,-1,-1
2018010149988,1,9,0,14,0,1,0,0,0,0,3,1,6,1,48,8,1686,2,14,3,1,3
2018010149988,2,9,0,18,0,2,0,0,0,0,3,1,1,1,25,5,1560,2,4,2,1,2
2018010149988,3,8,0,2,0,1,0,0,0,0,1,1,6,3,-1,-1,-1,-1,-1,-1,-1,-1
2018010149988,4,9,0,2,0,2,0,0,0,0,3,1,6,3,-1,-1,1598,1,7,-1,-1,-1
2018010149988,5,9,0,2,0,2,0,0,0,0,3,1,6,3,-1,-1,1598,1,5,-1,-1,-1
2018010149989,1,9,0,18,0,0,0,0,0,0,0,1,6,3,-1,-1,-1,-1,-1,-1,-1,-1
2018010149992,1,9,0,16,0,8,1,0,7,10,1,1,6,1,18,4,-1,-1,-1,-1,-1,-1
2018010149993,1,9,0,9,0,1,0,0,0,0,1,1,2,1,60,9,998,1,6,5,1,5
2018010150002,1,9,0,7,0,6,0,0,0,0,1,1,2,1,37,7,1198,1,-1,2,1,2
2018010150002,2,1,0,18,0,1,0,0,0,0,1,1,2,1,38,7,-1,-1,-1,1,1,1
2018010150003,1,8,0,9,0,1,0,0,0,0,1,1,3,1,44,7,1596,1,7,4,1,4
2018010150003,2,1,0,7,0,1,0,0,0,0,1,1,2,2,36,7,-1,-1,-1,3,1,3
2018010150004,1,9,0,9,0,6,0,0,0,0,1,1,2,1,52,8,1587,1,13,8,1,8
2018010150007,1,9,0,7,0,3,0,0,0,0,4,1,1,2,50,8,1242,1,17,8,1,8
2018010150007,2,1,0,18,0,8,1,0,0,0,3,1,6,2,75,10,-1,-1,-1,9,1,9
2018010150009,1,9,0,18,0,1,0,0,0,0,1,1,2,2,50,8,998,1,1,5,1,5
2018010150009,2,1,0,18,0,1,5,0,0,0,3,1,2,2,47,8,-1,-1,-1,1,1,1
2018010150010,1,1,0,18,4,2,0,0,0,0,1,1,2,2,40,7,-1,-1,-1,5,1,5
2018010150010,2,9,0,2,0,1,0,0,0,0,2,1,6,3,-1,-1,-1,-1,-1,-1,-1,-1
2018010150012,1,9,0,-1,-1,-1,-1,-1,-1,-1,2,-1,6,1,37,7,1498,1,-1,3,1,3
2018010150012,2,9,0,-1,-1,-1,-1,-1,-1,-1,1,-1,6,3,-1,-1,2987,2,8,-1,-1,-1
2018010150014,1,9,0,5,0,4,0,0,0,0,3,1,3,2,54,8,2438,1,21,9,1,9
2018010150014,2,1,0,18,0,8,0,0,0,0,1,1,2,2,33,6,-1,-1,-1,6,1,6
2018010150018,1,1,0,-1,0,1,0,0,0,0,-1,1,2,2,41,7,-1,-1,-1,6,1,6
2018010150018,2,9,0,-1,0,1,0,0,0,0,2,-1,6,3,-1,-1,1999,2,2,6,1,6
2018010150024,1,9,-1,18,-1,0,-1,-1,-1,-1,-1,-1,6,1,40,7,1200,1,3,2,1,2
2018010150024,2,9,-1,1,-1,0,-1,-1,-1,-1,-1,-1,6,3,-1,-1,1995,2,11,-1,-1,-1
2018010150029,1,9,0,-1,-1,-1,-1,-1,-1,-1,2,-1,6,2,22,5,1461,2,3,4,1,4
2018010150029,2,9,0,-1,-1,-1,-1,-1,-1,-1,1,-1,6,3,-1,-1,1598,1,13,-1,-1,-1
2018010150030,1,3,0,18,0,2,0,0,0,0,1,1,6,3,-1,-1,108,1,1,-1,-1,-1
2018010150034,1,9,0,-1,-1,0,-1,-1,-1,-1,4,-1,6,2,35,6,1598,1,10,2,1,2
2018010150034,2,9,0,-1,-1,0,-1,-1,-1,-1,4,-1,6,3,-1,-1,-1,-1,-1,-1,-1,-1
2018010150035,1,9,0,-1,-1,-1,-1,-1,-1,-1,-1,-1,2,2,42,7,1461,2,2,3,1,3
2018010150035,2,1,-1,-1,-1,-1,-1,-1,-1,-1,0,1,6,1,-1,-1,-1,-1,-1,6,1,6
2018010150037,1,1,-1,-1,-1,-1,-1,-1,-1,-1,2,1,6,2,54,8,-1,-1,-1,10,1,10
2018010150037,2,90,0,-1,-1,-1,-1,-1,-1,-1,1,-1,6,3,-1,-1,-1,-1,-1,8,1,8
2018010150038,1,1,-1,-1,-1,-1,-1,-1,-1,-1,1,1,2,2,34,6,-1,-1,-1,-1,-1,-1
2018010150038,2,9,0,-1,-1,-1,-1,-1,-1,-1,1,-1,6,3,-1,-1,1598,1,12,2,1,2
2018010150040,1,9,0,5,0,0,0,0,0,0,3,1,6,2,48,8,1461,2,1,-1,-1,-1
2018010150040,2,1,0,18,0,0,5,0,0,0,4,1,6,1,35,6,-1,-1,-1,10,1,10
2018010150041,1,1,-1,-1,-1,-1,-1,-1,-1,-1,-1,1,6,2,30,6,-1,-1,-1,4,1,4
2018010150041,2,9,0,-1,-1,-1,-1,-1,-1,-1,-1,-1,6,3,-1,-1,1975,1,11,-1,-1,-1
2018010150043,1,9,0,9,0,8,0,0,0,0,1,1,6,2,70,10,1197,1,3,6,1,6
2018010150043,2,9,0,18,0,8,0,0,0,0,1,1,6,1,29,6,1598,1,4,6,1,6
2018010150046,1,9,0,-1,-1,0,-1,-1,-1,-1,1,-1,6,1,31,6,1242,1,19,2,1,2
2018010150046,2,9,0,-1,-1,0,-1,-1,-1,-1,2,-1,6,2,-1,-1,1461,2,1,2,1,2
2018010150051,1,9,0,7,0,1,0,0,0,0,1,1,2,1,26,6,2993,2,5,-1,1,-1
2018010150051,2,1,0,18,0,1,0,0,0,0,1,1,6,1,29,6,-1,-1,-1,3,1,3
2018010150052,1,8,0,-1,-1,0,-1,-1,-1,-1,-1,1,6,1,39,7,1997,2,1,1,1,1
2018010150052,2,9,-1,-1,-1,0,-1,-1,-1,-1,-1,1,6,3,-1,-1,1685,2,1,-1,-1,-1
2018010150058,1,9,0,4,0,0,0,0,0,0,3,1,6,1,28,6,2143,2,3,2,1,2
2018010150058,2,5,5,18,0,0,2,0,7,10,1,1,2,1,30,6,892,1,21,3,1,3
2018010150059,1,11,0,2,2,1,0,0,0,0,0,1,6,3,-1,-1,-1,-1,-1,-1,-1,-1
2018010150064,1,9,0,-1,-1,0,-1,-1,-1,-1,2,-1,6,1,58,9,3189,1,12,2,1,2
2018010150065,1,9,0,-1,0,1,0,0,0,0,1,-1,6,3,46,8,1998,1,14,3,1,3
2018010150066,1,9,0,5,0,0,0,0,1,0,1,1,6,1,55,8,1329,1,8,10,1,10
2018010150066,2,9,0,16,0,0,1,0,0,0,1,1,6,2,31,6,1598,1,11,2,1,2
2018010150069,1,9,0,18,0,5,0,0,0,0,3,1,6,2,67,10,1798,1,8,5,1,5
2018010150071,1,3,0,6,0,2,0,0,0,0,2,1,1,1,31,6,125,1,-1,5,1,5
2018010150071,2,9,0,5,0,2,0,0,0,0,1,1,6,1,24,5,1598,1,4,2,1,2
2018010150076,1,4,0,18,0,1,2,0,0,0,1,1,6,1,29,6,125,1,-1,8,1,8
2018010150076,2,9,0,5,0,6,0,0,0,0,1,1,2,1,46,8,1968,2,14,6,1,6
2018010150077,1,9,0,12,0,0,0,0,0,0,0,1,6,1,39,7,1910,2,11,4,1,4
2018010150077,2,3,0,4,0,0,1,7,0,0,3,1,2,1,22,5,-1,-1,-1,3,1,3
2018010150081,1,1,0,18,0,8,5,0,0,0,1,1,2,1,41,7,-1,-1,-1,4,1,4
2018010150081,2,19,0,9,0,8,0,0,0,0,1,1,1,1,55,8,2143,2,3,3,1,3
2018010150084,1,11,0,18,0,8,0,0,0,0,0,1,1,1,57,9,4500,2,6,1,1,1
2018010150087,1,1,-1,-1,-1,0,-1,-1,-1,-1,-1,1,2,1,-1,-1,-1,-1,-1,2,1,2
2018010150087,2,9,0,-1,-1,0,-1,-1,-1,-1,1,-1,6,3,-1,-1,1797,8,6,-1,-1,-1
2018010150102,1,3,0,-1,-1,0,-1,-1,-1,-1,1,1,2,1,18,4,124,1,-1,3,1,3
2018010150102,2,9,0,-1,-1,0,-1,-1,-1,-1,-1,-1,6,3,-1,-1,1995,2,12,-1,-1,-1
2018010150103,1,9,0,-1,-1,-1,-1,-1,-1,-1,1,-1,6,1,25,5,998,1,3,8,1,8
2018010150103,2,9,0,-1,-1,-1,-1,-1,-1,-1,0,-1,6,3,-1,-1,2993,2,3,-1,-1,-1
2018010150103,3,8,0,-1,-1,-1,-1,-1,-1,-1,2,-1,6,3,-1,-1,1997,2,1,2,1,2
2018010150104,1,9,0,5,9,1,1,11,7,10,1,1,6,1,70,10,1998,1,22,2,1,2
2018010150104,2,9,0,2,9,1,0,0,0,0,1,1,6,3,-1,-1,1397,1,18,-1,-1,-1
2018010150108,1,1,-1,-1,-1,0,-1,-1,-1,-1,0,1,2,1,42,7,-1,-1,-1,2,1,2
2018010150108,2,9,0,-1,-1,0,-1,-1,-1,-1,0,-1,6,3,-1,-1,1984,1,-1,4,1,4
2018010150114,1,9,0,9,0,8,0,0,0,0,3,1,6,2,45,7,2400,2,7,4,1,4
2018010150114,2,4,0,18,0,6,0,0,0,0,1,1,6,1,47,8,279,1,-1,4,1,4
2018010150115,1,9,0,3,0,0,0,0,0,0,2,1,6,1,37,7,998,1,2,1,1,1
2018010150115,2,9,0,4,0,0,0,0,0,0,1,1,6,2,47,8,1598,1,7,10,1,10
2018010150117,1,9,0,-1,-1,0,-1,-1,-1,-1,1,-1,2,2,48,8,1598,1,11,1,1,1
2018010150117,2,19,0,-1,-1,0,-1,-1,-1,-1,2,-1,6,3,-1,-1,1995,2,1,-1,-1,-1
2018010150126,1,9,0,-1,-1,-1,-1,-1,-1,-1,4,-1,2,2,33,6,2497,1,1,6,1,6
2018010150126,2,9,0,-1,-1,-1,-1,-1,-1,-1,1,-1,6,3,-1,-1,1995,2,15,3,1,3
2018010150132,1,9,0,9,0,1,0,0,0,0,2,1,6,2,58,9,1796,1,11,2,1,2
2018010150132,2,4,0,18,0,1,1,0,0,0,1,1,1,1,45,7,125,1,2,4,1,4
2018010150132,3,9,0,2,0,1,0,0,0,0,1,1,6,3,-1,-1,2148,2,12,-1,-1,-1
2018010150133,1,19,0,10,0,2,0,0,1,0,4,2,6,1,24,5,1753,2,11,3,1,3
2018010150133,2,3,0,18,0,1,5,0,7,0,1,1,6,1,23,5,598,1,12,2,1,2
2018010150136,1,9,0,-1,-1,0,-1,-1,-1,-1,1,-1,6,1,19,4,1598,2,4,1,1,1
2018010150137,1,9,0,3,0,1,0,0,0,0,3,1,6,2,37,7,998,1,-1,5,1,5
2018010150138,1,5,0,17,0,1,0,0,0,0,1,1,6,1,34,6,649,1,4,4,1,4
2018010150138,2,19,0,9,0,8,0,0,0,0,1,1,1,1,26,6,2143,2,1,4,1,4
2018010150141,1,5,0,-1,-1,-1,-1,-1,-1,-1,-1,1,2,1,34,6,1137,1,10,3,1,3
2018010150141,2,19,0,-1,-1,-1,-1,-1,-1,-1,-1,-1,6,3,-1,-1,2198,2,7,-1,-1,-1
2018010150144,1,9,0,7,0,0,0,0,0,0,2,1,6,1,29,6,1199,1,-1,4,1,4
2018010150144,2,1,0,15,0,0,0,0,0,0,2,1,6,1,34,6,-1,-1,-1,1,1,1
2018010150154,1,9,0,9,0,5,0,0,0,0,1,1,1,1,39,7,1560,2,11,2,1,2
2018010150155,1,9,0,18,0,2,0,0,0,0,1,1,6,2,24,5,1796,1,17,5,1,5
2018010150159,1,9,0,4,0,0,0,0,0,0,2,1,6,3,-1,-1,-1,-1,-1,-1,-1,-1
2018010150159,2,1,0,18,0,0,0,0,0,0,1,1,2,1,22,5,-1,-1,-1,5,1,5
2018010150161,1,11,0,9,0,8,0,0,0,0,1,1,1,1,59,9,9360,2,6,5,1,5
2018010150165,1,10,0,9,0,5,0,0,0,0,1,1,1,1,37,7,-1,-1,-1,2,1,2
2018010150165,2,1,0,18,0,1,0,0,0,0,3,1,6,1,54,8,-1,-1,-1,1,1,1
2018010150167,1,3,0,9,0,5,0,0,0,0,1,1,2,1,24,5,125,1,1,5,1,5
2018010150167,2,9,0,18,0,1,0,0,0,0,1,1,6,1,31,6,1395,1,-1,5,1,5
2018010150168,1,1,-1,-1,-1,-1,-1,-1,-1,-1,-1,1,2,1,55,8,-1,-1,-1,5,1,5
2018010150168,2,9,0,-1,-1,-1,-1,-1,-1,-1,1,-1,6,3,-1,-1,-1,-1,-1,-1,-1,-1
2018010150169,1,8,0,5,0,6,0,0,0,0,1,1,1,1,32,6,1797,8,5,8,1,8
2018010150169,2,1,0,5,0,1,0,0,0,0,1,1,1,1,37,7,-1,-1,-1,4,1,4
2018010150172,1,9,0,3,0,0,0,0,0,0,2,1,6,2,29,6,1598,1,5,3,1,3
2018010150172,2,19,0,5,0,0,0,0,0,0,1,1,1,1,39,7,2148,2,11,4,1,4
2018010150173,1,9,0,9,0,5,0,0,0,0,1,1,6,2,35,6,1496,1,3,9,1,9
2018010150173,2,1,0,16,0,1,0,0,0,0,1,1,6,2,37,7,-1,-1,-1,9,1,9
2018010150175,1,9,0,10,0,1,0,0,0,0,1,1,6,2,90,11,1396,1,17,9,1,9
2018010150175,2,9,0,18,0,1,0,0,0,0,3,1,6,1,58,9,1995,1,10,10,1,10
2018010150176,1,9,0,18,0,8,1,10,1,0,3,1,1,2,39,7,1398,2,3,9,1,9
2018010150176,2,9,0,18,0,6,1,0,1,2,1,1,6,1,27,6,1108,1,15,6,1,6
2018010150184,1,5,0,13,0,2,0,0,0,0,4,1,6,1,30,6,689,1,-1,2,1,2
2018010150184,2,9,0,9,0,2,0,0,0,0,4,1,6,1,53,8,3311,8,13,-1,-1,-1
2018010150187,1,3,0,18,0,8,0,0,0,0,1,1,6,1,23,5,125,1,4,7,1,7
2018010150187,2,9,0,9,0,8,0,0,0,0,3,1,6,1,52,8,-1,-1,-1,7,1,7
2018010150188,1,9,0,9,0,1,0,0,1,0,1,1,6,1,38,7,1995,2,5,-1,-1,-1
2018010150188,2,1,0,14,9,8,0,0,0,0,3,1,2,2,22,5,-1,-1,-1,4,1,4
2018010150191,1,9,0,-1,-1,-1,-1,-1,-1,-1,2,-1,6,2,52,8,1796,1,16,9,1,9
2018010150191,2,9,0,-1,-1,-1,-1,-1,-1,-1,1,-1,6,3,-1,-1,1798,8,-1,9,1,9
2018010150192,1,9,0,-1,-1,-1,-1,-1,-1,-1,-1,-1,6,2,36,7,1997,2,4,3,1,3
2018010150192,2,9,0,-1,-1,-1,-1,-1,-1,-1,2,-1,6,3,-1,-1,1197,1,2,-1,-1,-1
2018010150194,1,9,0,7,0,1,0,0,0,0,4,1,6,1,17,4,2996,1,9,3,1,3
2018010150197,1,11,0,18,0,8,0,0,0,0,1,1,1,1,39,7,4500,2,1,2,1,2
2018010150197,2,9,0,9,0,2,0,0,1,10,1,1,2,2,26,6,1198,1,7,8,1,8
2018010150198,1,9,0,-1,-1,0,-1,-1,-1,-1,-1,-1,6,2,45,7,-1,3,1,6,1,6
2018010150198,2,9,-1,-1,-1,0,-1,-1,-1,-1,-1,-1,6,3,-1,-1,-1,-1,-1,-1,-1,-1
2018010150200,1,9,0,18,0,1,0,0,0,0,3,1,6,2,58,9,1329,1,3,3,1,3
2018010150201,1,19,0,18,9,2,0,4,3,10,1,1,1,1,42,7,1686,2,6,2,1,2
2018010150201,2,19,0,10,0,8,0,4,0,0,4,1,1,1,44,7,2148,2,10,2,1,2
2018010150203,1,9,0,3,0,1,0,0,0,0,2,1,6,2,37,7,1360,1,15,6,1,6
2018010150203,2,9,0,3,0,1,0,0,0,0,2,1,6,1,51,8,1995,2,2,8,1,8
2018010150203,3,9,0,18,0,1,1,0,0,0,1,1,1,1,37,7,-1,-1,-1,4,1,4
2018010150204,1,9,0,18,0,5,0,0,0,0,1,1,6,2,19,4,998,1,13,4,1,4
2018010150205,1,3,0,-1,-1,-1,-1,-1,-1,-1,1,1,6,1,26,6,125,1,1,1,1,1
2018010150205,2,9,0,-1,-1,-1,-1,-1,-1,-1,2,-1,6,1,-1,-1,1995,1,11,3,1,3
2018010150206,1,9,0,1,0,1,0,0,0,0,2,1,6,2,17,4,1388,1,9,-1,-1,-1
2018010150206,2,3,0,4,0,1,0,0,0,0,1,1,6,1,17,4,100,1,15,1,1,1
2018010150208,1,9,0,18,0,0,0,0,0,0,1,1,6,1,34,6,1910,2,11,-1,-1,-1
2018010150208,2,10,0,18,0,0,0,0,0,0,3,1,6,1,33,6,2143,2,1,1,1,1
2018010150209,1,9,0,7,0,5,0,0,0,0,1,1,6,1,19,4,1149,1,6,-1,-1,-1
2018010150209,2,9,0,2,0,1,0,0,0,0,2,1,6,3,-1,-1,1587,1,23,-1,-1,-1
2018010150209,3,9,0,2,0,1,0,0,0,0,2,1,6,3,-1,-1,2967,2,11,-1,-1,-1
2018010150210,1,9,0,5,3,1,0,0,0,0,3,1,6,1,29,6,998,1,-1,2,1,2
2018010150210,2,1,0,18,0,1,1,0,0,0,1,1,2,1,24,5,-1,-1,-1,6,1,6
2018010150211,1,19,0,7,0,5,0,0,0,0,4,1,1,1,46,8,2143,2,2,4,1,4
2018010150211,2,9,0,15,0,1,0,0,0,0,1,1,6,1,48,8,2755,2,-1,4,1,4
2018010150217,1,8,0,-1,-1,0,-1,-1,-1,-1,1,-1,6,1,44,7,1798,8,1,5,1,5
2018010150218,1,9,0,18,0,0,0,0,0,0,1,1,2,1,43,7,2967,2,7,5,1,5
2018010150219,1,1,0,18,0,-1,-1,-1,-1,0,-1,1,1,1,-1,-1,-1,-1,-1,4,1,4
2018010150219,2,9,0,3,0,-1,-1,-1,-1,0,-1,-1,6,1,-1,-1,-1,-1,-1,-1,-1,-1
2018010150220,1,9,0,18,0,0,0,0,5,6,4,1,2,1,19,4,-1,-1,-1,4,1,4
2018010150220,2,19,0,12,0,0,0,0,0,0,3,1,1,1,26,6,1598,2,3,2,1,2
2018010150221,1,8,0,9,0,4,0,0,0,0,1,1,1,1,28,6,2143,2,4,4,1,4
2018010150221,2,1,0,13,0,4,0,0,0,0,1,1,2,1,44,7,-1,-1,-1,8,1,8
2018010150223,1,9,0,18,0,0,0,4,0,0,4,1,6,1,31,6,1461,2,5,2,1,2
2018010150223,2,9,0,2,0,0,0,4,0,0,1,1,6,3,-1,-1,1995,2,7,-1,-1,-1
2018010150223,3,9,0,2,0,0,0,0,0,0,2,1,6,3,-1,-1,1490,1,13,-1,-1,-1
2018010150237,1,9,0,7,0,2,0,0,0,0,1,1,3,2,51,8,1984,1,5,9,1,9
2018010150239,1,19,0,7,0,5,0,0,0,0,2,1,6,3,-1,-1,-1,-1,-1,-1,-1,-1
2018010150239,2,1,0,13,4,1,0,0,0,0,1,1,6,1,38,7,-1,-1,-1,2,1,2
2018010150239,3,1,0,15,0,1,0,0,0,0,0,1,6,3,-1,-1,-1,-1,-1,-1,-1,-1
2018010150244,1,9,-1,18,0,8,-1,0,0,0,-1,-1,6,2,20,4,998,1,3,9,1,9
2018010150244,2,9,-1,18,0,8,-1,0,0,0,-1,-1,6,1,-1,-1,-1,-1,-1,-1,-1,-1
2018010150245,1,9,0,-1,-1,0,-1,-1,-1,-1,1,-1,6,2,-1,-1,-1,-1,-1,-1,-1,-1
2018010150246,1,9,0,-1,-1,-1,-1,-1,-1,-1,1,-1,2,1,21,5,1900,2,11,5,1,5
2018010150246,2,19,-1,14,-1,-1,-1,-1,-1,-1,-1,-1,6,1,23,5,2198,2,2,3,1,3
2018010150252,1,4,0,18,0,1,0,0,0,0,1,1,6,1,27,6,-1,-1,-1,6,1,6
2018010150252,2,9,0,9,0,6,0,0,0,0,1,1,6,2,44,7,1995,2,9,4,1,4
2018010150256,1,3,0,-1,-1,0,-1,-1,-1,-1,1,1,6,1,30,6,125,1,3,3,1,3
2018010150256,2,9,0,-1,-1,0,-1,-1,-1,-1,-1,-1,6,3,-1,-1,1798,8,2,5,1,5
2018010150258,1,9,0,18,0,0,0,0,0,0,1,1,3,2,51,8,875,1,3,8,1,8
2018010150261,1,9,-1,18,-1,-1,-1,-1,-1,-1,4,-1,6,1,45,7,1497,8,12,3,1,3
2018010150261,2,8,-1,18,-1,-1,0,-1,0,0,1,-1,6,1,-1,-1,1910,2,9,-1,-1,-1
2018010150263,1,1,-1,-1,-1,-1,-1,-1,-1,-1,-1,1,6,2,29,6,-1,-1,-1,9,1,9
2018010150263,2,9,0,-1,-1,-1,-1,-1,-1,-1,1,-1,6,3,50,8,2993,2,11,4,1,4
2018010150267,1,9,0,7,0,1,0,0,0,0,1,1,6,2,40,7,1598,1,10,4,1,4
2018010150267,2,1,0,18,0,2,0,0,0,0,4,1,1,1,17,4,-1,-1,-1,6,1,6
2018010150268,1,11,0,10,0,2,0,0,0,0,1,1,1,1,62,9,9000,2,12,5,1,5
2018010150268,2,5,0,18,0,2,1,0,0,0,1,1,6,1,63,9,400,1,20,8,1,8
2018010150270,1,9,0,18,0,1,0,0,0,0,1,1,6,1,24,5,998,1,19,6,1,6
2018010150276,1,11,0,11,0,8,0,0,0,0,1,2,1,1,58,9,-1,3,2,3,1,3
2018010150277,1,20,0,13,0,0,0,10,0,0,1,1,1,1,44,7,6700,2,-1,2,1,2
2018010150277,2,1,0,18,0,0,0,0,0,0,2,1,6,1,47,8,-1,-1,-1,5,1,5
2018010150282,1,9,0,-1,-1,-1,-1,-1,-1,-1,2,-1,2,2,38,7,1598,1,11,5,1,5
2018010150283,1,1,0,18,0,2,0,0,0,0,3,1,1,2,24,5,-1,-1,-1,3,1,3
2018010150284,1,3,0,-1,-1,0,-1,-1,-1,-1,-1,1,6,1,26,6,108,1,1,3,1,3
2018010150284,2,9,0,-1,-1,0,-1,-1,-1,-1,-1,-1,6,3,-1,-1,-1,-1,-1,-1,-1,-1
2018010150288,1,9,0,18,0,1,0,0,0,0,1,1,6,1,73,10,998,1,2,3,1,3
2018010150289,1,9,0,18,0,0,0,4,0,0,1,1,6,1,22,5,1969,2,2,-1,-1,-1