Accident_Index,Vehicle_Reference,Vehicle_Type,Towing_and_Articulation,Vehicle_Manoeuvre,Vehicle_Location-Restricted_Lane,Junction_Location,Skidding_and_Overturning,Hit_Object_in_Carriageway,Vehicle_Leaving_Carriageway,Hit_Object_off_Carriageway,1st_Point_of_Impact,Was_Vehicle_Left_Hand_Drive?,Journey_Purpose_of_Driver,Sex_of_Driver,Age_of_Driver,Age_Band_of_Driver,Engine_Capacity_(CC),Propulsion_Code,Age_of_Vehicle,Driver_IMD_Decile,Driver_Home_Area_Type,Vehicle_IMD_Decile
2018010150289,2,9,0,3,0,0,0,0,0,0,2,1,1,1,43,7,2993,2,2,4,1,4
2018010150290,1,1,0,9,0,1,0,0,0,0,1,1,6,1,35,6,-1,-1,-1,-1,-1,-1
2018010150291,1,8,0,6,0,0,0,0,0,0,1,2,6,1,47,8,1995,2,6,5,1,5
2018010150291,2,2,0,18,0,0,0,0,0,0,4,1,6,1,21,5,124,1,15,-1,-1,-1
2018010150293,1,9,0,8,0,1,0,0,0,0,4,1,6,1,50,8,1598,1,18,3,1,3
2018010150293,2,9,0,18,0,-1,0,-1,0,0,4,-1,6,3,-1,-1,1797,8,5,-1,-1,-1
2018010150294,1,9,0,5,0,0,0,0,0,0,1,1,6,2,66,10,1685,2,2,2,1,2
2018010150298,1,11,0,18,0,1,0,0,0,0,2,1,1,1,44,7,9360,2,8,3,1,3
2018010150298,2,9,0,9,0,1,0,0,0,0,1,1,6,1,38,7,1988,1,14,5,1,5
2018010150302,1,1,-1,-1,-1,-1,-1,-1,-1,-1,-1,1,2,1,56,9,-1,-1,-1,9,3,9
2018010150302,2,19,0,-1,-1,-1,-1,-1,-1,-1,-1,-1,6,3,-1,-1,2198,2,10,-1,-1,-1
2018010150303,1,9,-1,-1,-1,-1,-1,-1,-1,-1,-1,-1,6,1,-1,-1,2143,2,1,-1,-1,-1
2018010150306,1,11,0,18,0,1,0,0,0,0,1,1,1,1,37,7,4461,2,5,2,1,2
2018010150307,1,3,5,-1,-1,-1,5,-1,-1,-1,4,1,6,1,29,6,125,1,8,5,1,5
2018010150307,2,9,-1,-1,-1,-1,-1,-1,-1,-1,-1,-1,6,3,-1,-1,2993,2,7,-1,-1,-1
2018010150311,1,9,0,17,0,1,0,0,0,0,1,1,1,1,41,7,1598,2,1,2,1,2
2018010150312,1,9,0,18,0,2,0,0,0,0,1,1,6,1,69,10,1198,1,3,7,1,7
2018010150316,1,9,-1,1,-1,-1,-1,-1,-1,-1,-1,-1,6,1,27,6,2231,2,9,2,1,2
2018010150321,1,1,-1,-1,-1,0,-1,-1,-1,-1,1,1,2,1,21,5,-1,-1,-1,2,1,2
2018010150321,2,19,0,-1,-1,0,-1,-1,-1,-1,2,-1,6,3,-1,-1,-1,-1,-1,-1,-1,-1
2018010150322,1,11,0,3,0,1,0,0,0,0,0,1,1,1,58,9,6700,2,6,-1,-1,-1
2018010150332,1,19,0,-1,-1,-1,-1,-1,-1,-1,2,-1,6,1,62,9,1598,2,1,10,1,10
2018010150332,2,9,0,-1,-1,-1,-1,-1,-1,-1,2,-1,6,3,-1,-1,-1,-1,-1,-1,-1,-1
2018010150338,1,9,0,3,0,1,0,0,0,0,3,1,6,1,32,6,1598,1,11,7,-1,7
2018010150338,2,19,0,5,0,5,0,0,0,0,1,1,6,1,61,9,2148,2,11,9,1,9
2018010150342,1,9,0,18,0,1,0,0,0,0,4,1,6,2,39,7,1587,1,12,8,1,8
2018010150350,1,3,0,18,0,8,0,0,0,0,1,1,6,1,19,4,124,1,11,2,1,2
2018010150350,2,9,0,5,0,2,0,0,0,0,1,1,6,2,26,6,1390,1,10,1,1,1
2018010150351,1,9,0,1,9,0,0,0,0,0,0,1,3,2,55,8,1596,1,9,3,1,3
2018010150359,1,9,0,-1,-1,-1,-1,-1,-1,-1,2,-1,6,1,56,9,1997,1,11,7,1,7
2018010150359,2,9,0,-1,-1,-1,-1,-1,-1,-1,1,-1,6,3,-1,-1,1596,1,15,-1,-1,-1
2018010150361,1,9,0,9,0,8,0,0,0,0,1,1,6,1,59,9,1197,1,2,2,1,2
2018010150361,2,5,0,18,0,8,0,0,0,0,1,1,6,1,23,5,599,1,8,6,1,6
2018010150369,1,9,0,18,0,2,0,0,0,0,1,1,6,1,45,7,1582,2,4,2,1,2
2018010150370,1,9,0,-1,-1,0,-1,-1,-1,-1,-1,-1,6,2,26,6,1596,1,6,2,1,2
2018010150370,2,9,0,-1,-1,0,-1,-1,-1,-1,2,-1,6,3,-1,-1,1781,1,14,-1,-1,-1
2018010150373,1,4,0,-1,-1,-1,-1,-1,-1,-1,2,1,2,1,51,8,395,1,1,10,1,10
2018010150373,2,8,0,-1,-1,-1,-1,-1,-1,-1,1,-1,6,3,-1,-1,-1,-1,-1,-1,-1,-1
2018010150377,1,3,0,-1,-1,-1,-1,-1,-1,-1,-1,1,2,1,19,4,125,1,-1,-1,-1,-1
2018010150379,1,9,0,18,0,6,0,0,3,0,1,1,2,1,61,9,1242,1,4,8,1,8
2018010150379,2,9,0,18,0,1,0,0,7,0,4,1,6,2,28,6,1390,1,6,2,1,2
2018010150380,1,9,0,18,0,0,1,0,0,0,1,1,6,1,41,7,998,1,15,5,1,5
2018010150380,2,21,1,18,0,0,0,0,0,0,1,1,1,1,61,9,12809,2,3,5,1,5
2018010150381,1,3,0,18,0,0,0,0,0,0,1,1,1,1,23,5,-1,-1,-1,3,1,3
2018010150385,1,8,0,18,0,1,0,0,0,0,3,1,1,1,47,8,2499,2,11,7,3,7
2018010150388,1,3,0,4,0,1,1,0,0,0,2,1,1,1,31,6,108,1,2,5,1,5
2018010150388,2,8,0,18,0,1,0,0,0,0,1,1,1,1,38,7,2499,2,3,6,1,6
2018010150392,1,9,0,-1,-1,-1,-1,-1,-1,-1,-1,-1,6,2,34,6,1991,1,2,6,1,6
2018010150394,1,9,0,-1,-1,0,-1,-1,-1,-1,-1,1,2,2,27,6,1296,1,12,3,1,3
2018010150394,2,9,0,-1,-1,0,-1,-1,-1,-1,-1,-1,6,3,-1,-1,-1,-1,-1,-1,-1,-1
2018010150396,1,2,0,18,0,0,2,0,0,0,1,1,2,1,62,9,49,1,-1,2,1,2
2018010150396,2,3,0,18,0,0,5,0,0,0,2,1,1,1,29,6,108,1,3,1,1,1
2018010150398,1,9,0,-1,-1,-1,-1,-1,-1,-1,2,-1,6,2,33,6,898,1,4,3,1,3
2018010150399,1,9,0,-1,-1,-1,-1,-1,-1,-1,2,-1,2,2,58,9,1329,1,1,4,1,4
2018010150399,2,9,-1,18,-1,-1,-1,-1,-1,-1,-1,1,6,2,62,9,898,1,1,3,1,3
2018010150400,1,9,0,9,0,6,0,0,0,0,1,1,6,1,38,7,1797,8,5,-1,-1,-1
2018010150400,2,1,0,18,0,1,0,0,0,0,1,1,2,2,28,6,-1,-1,-1,7,1,7
2018010150401,1,9,0,-1,-1,0,-1,-1,-1,-1,2,-1,2,1,35,6,1999,1,12,6,1,6
2018010150401,2,9,0,-1,-1,0,-1,-1,-1,-1,1,-1,6,3,-1,-1,1995,2,5,-1,-1,-1
2018010150401,3,9,0,-1,-1,0,-1,-1,-1,-1,2,-1,6,3,-1,-1,1086,1,10,-1,-1,-1
2018010150402,1,1,-1,-1,-1,-1,-1,-1,-1,-1,-1,1,2,2,54,8,-1,-1,-1,2,1,2
2018010150402,2,9,0,-1,-1,-1,-1,-1,-1,-1,3,-1,6,3,-1,-1,-1,-1,-1,4,1,4
2018010150403,1,9,0,4,0,0,0,0,0,0,1,1,6,2,23,5,999,1,2,2,1,2
2018010150403,2,3,3,4,0,0,2,0,0,0,3,1,6,1,18,4,96,1,11,7,3,7
2018010150405,1,9,0,-1,-1,-1,-1,-1,-1,-1,2,-1,6,1,18,4,1390,1,15,4,1,4
2018010150405,2,9,0,-1,-1,-1,-1,-1,-1,-1,1,-1,6,3,22,5,1598,1,15,1,1,1
2018010150407,1,9,0,-1,-1,-1,-1,-1,-1,-1,-1,-1,2,2,25,5,1360,1,7,3,1,3
2018010150407,2,9,-1,-1,-1,-1,-1,-1,-1,-1,-1,-1,6,3,-1,-1,1368,1,-1,-1,-1,-1
2018010150408,1,5,0,3,0,1,0,0,0,0,2,1,6,1,22,5,689,1,2,2,1,2
2018010150408,2,5,0,4,0,1,0,4,0,0,1,1,6,1,51,8,1170,1,5,10,1,10
2018010150409,1,9,0,18,0,1,0,0,0,0,1,1,2,1,75,10,1490,1,8,5,1,5
2018010150413,1,3,0,18,0,0,0,0,0,0,1,1,1,1,24,5,108,1,2,6,1,6
2018010150415,1,1,-1,-1,-1,-1,-1,-1,-1,-1,1,1,2,1,46,8,-1,-1,-1,6,1,6
2018010150415,2,9,0,-1,-1,-1,-1,-1,-1,-1,-1,-1,6,3,-1,-1,-1,-1,-1,-1,-1,-1
2018010150419,1,19,0,6,0,0,0,4,0,0,0,1,6,1,45,7,2198,2,8,10,1,10
2018010150419,2,2,0,18,0,0,1,4,0,0,1,1,6,1,20,4,125,1,3,3,1,3
2018010150419,3,9,0,2,0,0,0,0,0,0,3,1,6,3,-1,-1,1794,1,13,-1,-1,-1
2018010150419,4,9,0,2,0,0,0,0,0,0,1,2,6,3,-1,-1,1360,1,14,-1,-1,-1
2018010150428,1,9,0,5,0,1,0,0,0,0,1,1,6,1,48,8,1598,2,-1,2,1,2
2018010150428,2,1,0,18,0,1,5,0,0,0,1,1,6,2,55,8,-1,-1,-1,-1,-1,-1
2018010150432,1,11,0,4,0,1,0,0,0,0,1,1,1,1,44,7,4461,2,4,5,1,5
2018010150434,1,9,0,18,0,1,0,0,0,0,1,1,6,3,-1,-1,-1,-1,-1,-1,-1,-1
2018010150436,1,9,0,18,0,3,0,0,0,0,1,1,6,2,24,5,1799,1,12,7,1,7
2018010150436,2,9,0,18,0,4,0,0,0,0,1,1,6,1,45,7,1596,1,6,3,1,3
2018010150437,1,9,0,18,0,0,0,0,0,0,3,1,2,2,26,6,1597,1,10,7,1,7
2018010150437,2,8,0,18,0,0,0,0,1,0,1,1,1,1,40,7,1339,8,7,3,1,3
2018010150438,1,9,0,-1,-1,-1,-1,-1,-1,-1,2,-1,6,1,61,9,1995,2,4,7,1,7
2018010150438,2,9,0,-1,-1,-1,-1,-1,-1,-1,1,-1,6,3,-1,-1,1390,1,13,-1,-1,-1
2018010150441,1,9,0,9,0,5,0,0,0,0,1,1,6,2,45,7,1968,2,3,6,1,6
2018010150442,1,9,0,1,0,0,0,0,7,1,2,1,6,1,28,6,2993,2,7,2,1,2
2018010150442,2,9,0,18,0,0,0,0,0,0,3,1,6,1,52,8,1997,2,5,2,1,2
2018010150442,3,9,0,3,0,0,0,0,0,0,1,1,1,1,29,6,1560,2,3,-1,-1,-1
2018010150442,4,9,0,3,0,0,0,0,0,0,0,1,1,1,18,4,999,1,2,-1,-1,-1
2018010150443,1,5,0,18,2,2,0,0,0,0,1,1,2,1,53,8,798,1,4,4,1,4
2018010150443,2,9,0,11,2,2,0,0,0,0,2,1,6,1,28,6,2143,2,-1,1,1,1
2018010150444,1,11,0,3,0,0,0,0,0,0,2,1,1,2,50,8,5132,2,3,-1,-1,-1
2018010150444,2,9,0,15,0,0,0,0,0,0,4,1,6,3,-1,-1,-1,-1,-1,-1,-1,-1
2018010150448,1,1,-1,-1,-1,-1,-1,-1,-1,-1,-1,1,2,1,45,7,-1,-1,-1,3,1,3
2018010150448,2,9,0,-1,-1,-1,-1,-1,-1,-1,1,-1,6,3,-1,-1,1364,1,11,-1,-1,-1
2018010150453,1,9,0,5,0,1,0,0,0,0,1,1,3,1,64,9,1998,2,10,3,1,3
2018010150454,1,21,0,18,0,1,0,0,0,0,1,1,1,1,59,9,3920,2,10,4,1,4
2018010150465,1,9,0,9,0,6,0,0,0,0,4,1,6,1,29,6,998,1,-1,4,1,4
2018010150466,1,4,0,18,0,1,0,0,0,0,3,1,2,1,29,6,125,1,6,1,1,1
2018010150466,2,9,0,9,0,5,0,0,0,0,1,1,6,2,29,6,1560,2,8,3,1,3
2018010150469,1,9,0,18,0,1,0,0,0,0,4,1,6,1,88,11,998,1,4,-1,-1,-1
2018010150470,1,9,0,-1,0,1,0,0,0,0,2,-1,6,1,32,6,1580,8,2,2,1,2
2018010150470,2,9,0,-1,0,1,0,0,0,0,1,-1,6,3,-1,-1,1364,1,9,-1,-1,-1
2018010150474,1,1,-1,-1,-1,0,-1,-1,-1,-1,-1,1,6,1,57,9,-1,-1,-1,7,1,7
2018010150476,1,90,0,18,0,1,0,0,0,0,1,1,1,1,40,7,-1,-1,-1,7,1,7
2018010150478,1,11,0,3,0,0,0,0,0,0,0,1,6,1,-1,-1,-1,-1,-1,-1,-1,-1
2018010150479,1,9,0,5,0,8,0,0,0,0,1,1,1,1,50,8,1798,8,-1,-1,-1,-1
2018010150479,2,1,0,5,0,8,0,0,0,0,2,1,6,1,69,10,-1,-1,-1,2,1,2
2018010150482,1,5,0,14,0,2,1,0,0,0,1,1,2,1,46,8,892,1,22,8,1,8
2018010150482,2,19,0,9,0,5,0,0,0,0,1,1,2,1,21,5,2300,2,12,2,1,2
2018010150482,3,9,0,7,0,6,0,0,0,0,1,1,2,1,40,7,-1,-1,-1,6,1,6
2018010150484,1,19,0,-1,-1,-1,-1,-1,-1,-1,1,-1,6,3,-1,-1,-1,-1,-1,5,1,5
2018010150492,1,1,-1,-1,-1,-1,-1,-1,-1,-1,-1,1,2,1,33,6,-1,-1,-1,4,1,4
2018010150492,2,9,0,-1,-1,-1,-1,-1,-1,-1,-1,-1,6,3,-1,-1,-1,-1,-1,-1,-1,-1
2018010150494,1,9,0,18,0,0,0,0,0,0,3,1,6,3,-1,-1,-1,-1,-1,-1,-1,-1
2018010150501,1,1,0,18,0,8,0,0,0,0,3,1,2,1,55,8,-1,-1,-1,2,1,2
2018010150501,2,90,0,7,0,8,0,0,0,0,4,1,1,1,-1,-1,-1,-1,-1,-1,-1,-1
2018010150502,1,9,0,-1,-1,-1,-1,-1,-1,-1,-1,-1,6,3,-1,-1,-1,-1,-1,-1,-1,-1
2018010150503,1,11,0,4,0,8,0,0,0,0,1,1,6,1,31,6,9360,2,9,4,1,4
2018010150503,2,9,0,7,0,8,0,0,0,0,1,1,6,2,48,8,1242,1,1,8,1,8
2018010150505,1,9,0,18,0,0,0,0,0,0,4,1,3,1,51,8,1461,2,4,6,1,6
2018010150507,1,9,0,18,0,0,1,10,4,2,1,1,6,1,54,8,3000,1,23,6,3,6
2018010150507,2,19,0,3,0,0,0,0,0,0,3,1,1,1,58,9,2143,2,4,6,1,6
2018010150507,3,19,0,3,0,0,0,0,0,0,3,1,1,1,26,6,1560,2,1,2,1,2
2018010150509,1,9,0,18,0,1,0,0,0,0,3,1,6,1,77,11,1299,1,14,2,1,2
2018010150510,1,9,0,18,0,1,0,0,0,0,3,1,6,2,21,5,1197,1,2,6,1,6
2018010150519,1,9,-1,-1,-1,1,-1,-1,-1,-1,-1,-1,6,3,-1,-1,-1,-1,-1,-1,-1,-1
2018010150520,1,9,0,3,0,1,0,0,0,0,2,1,6,1,58,9,1997,2,-1,4,1,4
2018010150520,2,9,0,18,0,1,0,0,0,0,1,1,6,1,28,6,1984,1,-1,-1,-1,-1
2018010150524,1,1,0,-1,-1,-1,0,-1,-1,-1,-1,1,2,1,54,8,-1,-1,-1,8,1,8
2018010150524,2,9,0,-1,-1,-1,-1,-1,-1,-1,1,-1,6,3,-1,-1,-1,-1,-1,-1,-1,-1
2018010150526,1,11,0,18,0,1,0,0,0,0,0,1,1,1,65,9,4500,2,6,7,1,7
2018010150527,1,11,0,18,0,2,0,0,0,0,0,1,6,2,58,9,9360,2,9,5,1,5
2018010150534,1,9,0,9,0,6,0,0,0,0,1,1,1,1,36,7,1995,2,5,4,1,4
2018010150534,2,1,0,18,0,8,0,0,0,0,1,1,6,1,21,5,-1,-1,-1,3,1,3
2018010150536,1,9,0,17,0,8,1,0,0,0,1,1,6,2,39,7,1997,2,2,6,1,6
2018010150536,2,19,0,16,0,8,0,0,0,0,1,1,1,1,47,8,2402,2,13,5,1,5
2018010150540,1,9,0,9,0,8,0,0,0,0,1,1,6,2,35,6,-1,-1,-1,7,1,7
2018010150540,2,9,0,18,0,8,0,0,0,0,1,1,6,2,63,9,1781,1,15,5,1,5
2018010150541,1,9,0,9,0,2,0,0,0,0,1,1,6,1,29,6,-1,-1,-1,3,1,3
2018010150547,1,9,0,9,0,8,0,0,0,0,1,1,1,1,32,6,1560,2,3,6,1,6
2018010150547,2,5,0,18,0,8,5,0,0,0,1,1,2,1,28,6,645,1,7,4,1,4
2018010150553,1,9,0,9,0,8,0,0,0,0,1,1,6,3,-1,-1,-1,-1,-1,-1,-1,-1
2018010150556,1,9,0,18,0,0,0,0,0,0,0,1,6,3,-1,-1,-1,-1,-1,-1,-1,-1
2018010150557,1,9,0,9,0,6,0,0,0,0,4,1,6,1,57,9,1995,1,9,3,1,3
2018010150557,2,5,0,18,0,8,2,0,0,0,1,1,6,1,34,6,599,1,9,4,1,4
2018010150559,1,3,0,16,0,3,0,0,0,0,2,1,1,2,24,5,124,1,1,3,1,3
2018010150559,2,9,0,16,0,3,0,0,0,0,1,1,6,2,50,8,2967,2,10,1,1,1
2018010150569,1,9,0,18,0,0,0,0,0,0,4,1,6,1,50,8,2995,1,7,2,1,2
2018010150569,2,9,0,18,0,0,0,0,0,0,3,-1,6,1,25,5,2993,2,1,4,1,4
2018010150571,1,9,0,-1,-1,-1,-1,-1,-1,-1,2,-1,2,2,24,5,998,1,3,9,1,9
2018010150571,2,9,0,-1,-1,-1,-1,-1,-1,-1,1,-1,6,3,-1,-1,4163,1,7,-1,-1,-1
2018010150584,1,19,0,-1,-1,0,-1,-1,-1,-1,2,1,6,1,42,7,1461,2,4,4,1,4
2018010150584,2,9,-1,-1,-1,0,-1,-1,-1,-1,-1,1,6,3,-1,-1,1364,1,11,-1,-1,-1
2018010150584,3,9,-1,-1,-1,0,-1,-1,-1,-1,-1,1,6,3,-1,-1,2993,2,10,-1,-1,-1
2018010150590,1,19,0,18,0,0,1,0,0,0,1,1,1,1,27,6,2143,2,3,10,1,10
2018010150590,2,9,0,9,0,0,0,0,0,0,2,1,6,2,49,8,1910,2,12,9,1,9
2018010150591,1,9,0,5,0,0,0,0,0,0,1,1,6,2,19,4,998,1,12,2,1,2
2018010150594,1,1,-1,-1,-1,-1,-1,-1,-1,-1,1,1,6,1,46,8,-1,-1,-1,2,1,2
2018010150594,2,9,0,-1,-1,-1,-1,-1,-1,-1,-1,-1,6,3,57,9,1598,1,8,2,1,2
2018010150596,1,19,0,1,0,1,0,0,0,0,2,1,1,1,43,7,1968,2,-1,7,1,7
2018010150598,1,3,0,17,0,2,1,0,0,0,1,1,2,1,41,7,125,1,2,3,1,3
2018010150598,2,9,0,18,0,8,0,0,0,0,0,1,1,2,46,8,1200,1,-1,6,1,6
2018010150598,3,9,0,17,0,8,0,0,0,0,1,1,6,2,63,9,1798,8,-1,5,1,5
2018010150605,1,1,0,18,0,1,1,0,0,0,1,1,2,1,28,6,-1,-1,-1,6,1,6
2018010150610,1,9,0,5,0,1,0,0,7,0,1,1,2,1,39,7,-1,-1,-1,9,1,9
2018010150610,2,9,0,5,0,8,0,0,0,0,1,1,6,1,33,6,2143,12,4,-1,-1,-1
2018010150614,1,19,0,18,0,1,0,0,0,0,1,1,2,1,43,7,1870,2,13,2,1,2
2018010150616,1,3,0,-1,0,-1,0,0,0,0,-1,1,6,1,54,8,125,1,-1,4,1,4
2018010150616,2,9,-1,-1,0,-1,-1,0,0,0,-1,1,6,3,-1,-1,-1,3,2,-1,-1,-1
2018010150621,1,9,0,9,0,5,0,0,0,0,4,1,6,1,34,6,1591,1,-1,2,1,2
2018010150622,1,9,0,-1,-1,-1,-1,-1,-1,-1,2,-1,6,2,22,5,1968,2,1,1,1,1
2018010150622,2,9,0,-1,-1,-1,-1,-1,-1,-1,1,-1,6,3,-1,-1,1390,1,11,-1,-1,-1
2018010150623,1,19,0,18,0,2,0,0,0,0,1,1,1,1,28,6,1997,2,-1,3,1,3
2018010150624,1,9,0,18,0,1,0,0,0,0,1,1,6,1,39,7,1794,1,13,2,1,2
2018010150624,2,1,0,9,0,1,0,0,0,0,2,1,6,1,49,8,-1,-1,-1,3,1,3
2018010150632,1,3,0,14,0,2,0,0,0,0,1,1,2,1,25,5,125,1,13,-1,-1,-1
2018010150632,2,3,0,18,0,1,0,0,0,0,1,1,6,1,23,5,125,1,2,2,1,2
2018010150633,1,19,0,9,0,1,0,0,0,0,0,1,1,1,42,7,2402,2,12,7,1,7
2018010150633,2,4,0,13,0,1,0,0,0,0,4,1,1,1,33,6,-1,-1,-1,3,1,3
2018010150634,1,11,0,18,0,2,0,0,0,0,3,1,1,1,56,9,6700,2,8,6,1,6
2018010150634,2,9,0,13,0,1,0,0,0,0,4,1,6,3,18,4,1390,1,11,-1,-1,-1
2018010150636,1,1,-1,-1,-1,-1,-1,-1,-1,-1,-1,1,2,1,25,5,-1,-1,-1,2,1,2
2018010150636,2,9,0,-1,-1,-1,-1,-1,-1,-1,-1,-1,6,1,28,6,999,1,3,3,1,3
2018010150640,1,9,0,4,0,0,2,7,0,0,3,1,6,2,55,8,1596,1,14,4,1,4
2018010150641,1,3,0,15,2,1,0,0,0,0,1,1,6,1,20,4,125,1,6,2,1,2
2018010150641,2,9,0,9,0,5,0,0,0,0,4,1,6,3,-1,-1,1997,2,16,-1,-1,-1
2018010150642,1,9,0,-1,-1,-1,-1,-1,-1,-1,2,-1,6,2,35,6,1999,2,-1,2,1,2
2018010150642,2,9,0,-1,-1,-1,-1,-1,-1,-1,-1,-1,6,3,-1,-1,-1,-1,-1,-1,-1,-1
2018010150645,1,11,0,16,0,1,0,0,0,0,1,1,1,1,57,9,11967,2,7,4,1,4
2018010150647,1,9,0,1,0,1,0,0,0,0,2,1,2,1,21,5,1995,2,-1,4,1,4
2018010150654,1,9,0,7,0,8,0,0,0,0,4,1,6,3,-1,-1,-1,-1,-1,-1,-1,-1
2018010150655,1,9,0,18,0,2,0,0,0,0,1,1,6,1,40,7,1600,1,13,3,1,3
2018010150661,1,9,0,1,0,1,0,0,0,0,2,1,6,1,38,7,1896,2,11,-1,3,-1
2018010150662,1,9,0,9,0,1,0,0,0,0,4,1,6,2,33,6,1995,2,13,1,1,1
2018010150662,2,3,0,18,0,1,0,0,0,0,1,1,6,1,37,7,108,1,8,-1,-1,-1
2018010150663,1,9,0,10,0,5,0,0,0,0,4,1,6,1,28,6,1910,2,10,1,1,1
2018010150663,2,3,0,18,0,8,0,0,0,0,1,1,6,1,24,5,113,1,-1,1,1,1
2018010150665,1,9,0,18,2,0,0,0,0,0,1,1,6,1,62,9,1598,2,5,2,1,2
2018010150665,2,11,0,18,2,0,0,0,0,0,1,1,1,1,43,7,4500,2,7,2,1,2
2018010150666,1,2,0,3,0,1,0,0,0,0,2,1,1,1,22,5,108,1,2,4,1,4
2018010150666,2,9,0,3,0,1,0,0,0,0,2,1,6,2,48,8,1582,2,7,2,1,2
2018010150666,3,9,0,18,0,1,0,0,0,0,1,1,6,3,-1,-1,1368,1,-1,-1,-1,-1
2018010150668,1,9,0,-1,-1,0,-1,-1,-1,-1,2,-1,6,1,45,7,1797,8,8,2,1,2
2018010150668,2,9,0,-1,0,0,-1,0,0,0,1,-1,6,1,29,6,1998,1,15,2,1,2
2018010150669,1,9,0,18,0,1,0,0,0,0,1,1,2,1,50,8,1797,8,7,4,1,4
2018010150669,2,9,0,16,0,1,0,0,0,0,1,1,3,1,62,9,1968,2,1,-1,-1,-1
2018010150672,1,3,0,18,0,1,2,0,0,0,3,1,1,1,22,5,108,1,2,3,1,3
2018010150672,2,9,0,5,0,8,0,0,0,0,3,1,6,2,31,6,-1,-1,-1,4,1,4
2018010150675,1,9,0,5,0,0,0,0,0,0,1,1,6,1,28,6,998,1,-1,4,1,4
2018010150693,1,3,0,-1,-1,-1,-1,-1,-1,-1,-1,1,2,1,26,6,108,1,-1,4,1,4
2018010150693,2,9,0,-1,-1,-1,-1,-1,-1,-1,3,-1,6,2,-1,-1,1968,2,3,-1,-1,-1
2018010150694,1,9,0,18,0,0,0,0,0,0,3,1,6,1,47,8,1339,8,9,6,1,6
2018010150694,2,3,0,15,0,0,0,0,0,0,4,1,6,1,23,5,108,1,10,6,1,6
2018010150696,1,8,0,4,0,0,0,0,0,0,3,1,1,1,48,8,2499,2,4,5,1,5
2018010150696,2,2,0,18,0,0,0,0,0,0,4,1,1,1,19,4,109,1,4,4,1,4
2018010150697,1,9,0,-1,-1,-1,-1,-1,-1,-1,2,-1,6,1,30,6,2496,2,15,3,1,3
2018010150697,2,9,0,-1,-1,-1,-1,-1,-1,-1,2,-1,6,1,30,6,2521,1,10,4,1,4
2018010150698,1,9,0,4,0,1,0,0,0,0,4,1,1,1,29,6,1200,1,-1,5,1,5
2018010150698,2,9,0,18,0,1,0,0,0,0,1,1,6,3,-1,-1,1995,2,11,-1,-1,-1
2018010150703,1,9,0,4,0,1,0,0,0,0,1,1,2,1,49,8,1997,1,10,2,1,2
2018010150703,2,9,0,3,0,1,0,0,0,0,2,1,1,1,43,7,1798,8,2,-1,-1,-1
2018010150705,1,9,0,18,0,1,0,4,0,0,1,1,6,2,22,5,2143,2,1,2,1,2
2018010150705,2,9,0,2,0,1,0,0,0,0,2,1,6,3,-1,-1,989,1,17,-1,-1,-1
2018010150705,3,9,0,2,0,1,0,4,0,0,1,1,6,3,-1,-1,1997,2,5,-1,-1,-1
2018010150706,1,9,0,18,0,1,0,0,0,0,4,1,6,1,25,5,2204,2,11,3,1,3
2018010150709,1,9,0,18,0,2,0,0,0,0,1,1,6,3,-1,-1,-1,-1,-1,-1,-1,-1
2018010150709,2,1,0,18,0,2,2,10,0,0,2,1,2,1,29,6,-1,-1,-1,5,1,5
2018010150710,1,9,0,18,0,1,0,0,0,0,1,1,6,1,23,5,1995,2,3,2,1,2
2018010150710,2,1,0,18,0,8,0,0,0,0,4,1,6,1,19,4,-1,-1,-1,1,1,1
2018010150711,1,9,0,18,0,0,0,0,1,1,1,1,6,1,21,5,1587,1,14,2,1,2
2018010150712,1,9,-1,-1,-1,-1,-1,-1,-1,10,-1,-1,6,1,46,8,1796,1,13,4,1,4
2018010150713,1,9,0,17,0,0,0,0,1,2,1,1,6,1,26,6,2179,2,3,4,1,4
2018010150713,2,10,0,2,6,0,0,0,0,0,3,1,6,3,-1,-1,2402,2,14,-1,-1,-1
2018010150714,1,9,0,18,0,2,0,10,0,0,1,1,2,1,35,6,2143,2,3,4,1,4
2018010150714,2,19,0,18,0,2,0,0,0,0,1,1,6,1,31,6,1995,2,1,2,1,2
2018010150716,1,8,0,-1,-1,-1,-1,-1,-1,-1,1,-1,6,1,28,6,1598,2,5,3,1,3
2018010150716,2,9,0,-1,-1,-1,-1,-1,-1,-1,1,-1,6,3,-1,-1,-1,-1,-1,-1,-1,-1
2018010150718,1,9,0,12,0,2,0,11,0,0,1,1,6,1,43,7,1496,2,1,4,1,4
2018010150719,1,9,0,16,0,4,2,10,0,0,3,1,6,1,17,4,2979,1,2,-1,-1,-1
2018010150720,1,1,-1,-1,-1,-1,-1,-1,-1,-1,2,1,2,1,44,7,-1,-1,-1,10,1,10
2018010150720,2,9,0,-1,-1,-1,-1,-1,-1,-1,1,-1,6,3,28,6,1395,1,2,9,1,9
2018010150723,1,9,0,7,0,6,0,0,0,0,1,1,6,2,31,6,1242,1,9,10,-1,10
2018010150725,1,11,0,18,0,0,0,0,0,0,1,1,1,1,21,5,5132,2,1,4,1,4
2018010150725,2,9,0,3,0,0,0,0,0,0,0,1,6,1,22,5,1368,1,3,-1,-1,-1
2018010150730,1,19,0,4,0,1,0,0,0,0,2,1,1,1,42,7,2402,2,15,4,1,4
2018010150730,2,1,5,4,0,1,1,0,0,0,3,1,6,1,51,8,-1,-1,-1,4,1,4
2018010150731,1,1,-1,-1,-1,-1,-1,-1,-1,-1,-1,1,2,1,52,8,-1,-1,-1,7,1,7
2018010150731,2,3,0,-1,-1,-1,-1,-1,-1,-1,1,1,6,3,-1,-1,-1,-1,-1,-1,-1,-1