Accident_Index,Vehicle_Reference,Vehicle_Type,Towing_and_Articulation,Vehicle_Manoeuvre,Vehicle_Location-Restricted_Lane,Junction_Location,Skidding_and_Overturning,Hit_Object_in_Carriageway,Vehicle_Leaving_Carriageway,Hit_Object_off_Carriageway,1st_Point_of_Impact,Was_Vehicle_Left_Hand_Drive?,Journey_Purpose_of_Driver,Sex_of_Driver,Age_of_Driver,Age_Band_of_Driver,Engine_Capacity_(CC),Propulsion_Code,Age_of_Vehicle,Driver_IMD_Decile,Driver_Home_Area_Type,Vehicle_IMD_Decile
2018010150732,1,19,0,18,0,0,0,0,0,0,1,1,6,1,30,6,2143,2,3,4,1,4
2018010150735,1,9,0,-1,-1,-1,-1,-1,-1,-1,1,-1,6,1,26,6,999,1,9,3,1,3
2018010150736,1,90,0,-1,-1,-1,-1,-1,-1,-1,1,-1,6,3,-1,-1,-1,-1,-1,-1,-1,-1
2018010150740,1,9,-1,-1,-1,0,-1,-1,-1,-1,-1,-1,6,3,-1,-1,-1,-1,-1,-1,-1,-1
2018010150742,1,2,0,-1,-1,-1,-1,-1,-1,-1,-1,1,6,2,40,7,49,1,6,8,1,8
2018010150742,2,3,0,-1,-1,-1,-1,-1,-1,-1,0,1,6,3,-1,-1,108,1,1,-1,-1,-1
2018010150753,1,9,0,9,0,8,0,0,0,0,0,1,6,2,42,7,1598,1,11,5,1,5
2018010150754,1,9,0,18,0,0,0,0,1,1,1,1,6,1,31,6,1995,1,7,-1,-1,-1
2018010150754,2,5,0,4,0,0,0,0,0,0,0,1,6,3,-1,-1,-1,-1,-1,-1,-1,-1
2018010150758,1,9,0,5,0,1,0,0,0,0,1,1,6,1,27,6,1968,2,7,5,1,5
2018010150761,1,9,0,18,0,1,0,0,0,0,1,1,2,1,23,5,1395,1,5,5,1,5
2018010150762,1,9,0,18,0,2,0,0,0,0,3,1,6,1,63,9,-1,-1,-1,9,1,9
2018010150766,1,9,0,-1,-1,0,-1,-1,-1,-1,2,-1,6,2,45,7,1368,1,8,6,1,6
2018010150766,2,9,0,-1,-1,0,-1,-1,-1,-1,1,-1,6,3,-1,-1,-1,-1,-1,-1,-1,-1
2018010150768,1,9,0,6,0,0,0,0,0,0,3,1,6,1,48,8,1599,1,12,1,1,1
2018010150768,2,4,0,18,0,0,0,0,0,0,1,1,6,1,43,7,249,1,9,2,1,2
2018010150772,1,8,0,5,0,2,0,0,0,0,1,1,1,1,50,8,-1,-1,-1,4,1,4
2018010150772,2,3,0,18,0,8,0,7,0,0,1,1,6,1,37,7,125,1,5,3,1,3
2018010150776,1,9,0,1,0,0,0,0,0,0,2,1,6,2,32,6,1339,1,9,1,1,1
2018010150776,2,9,0,15,0,0,0,0,0,0,1,1,6,2,21,5,1248,1,6,7,1,7
2018010150783,1,9,0,9,0,5,0,0,1,0,4,1,1,1,58,9,-1,-1,-1,1,1,1
2018010150784,1,11,0,9,0,8,0,0,0,0,1,1,1,1,44,7,9100,2,8,4,1,4
2018010150788,1,9,0,-1,-1,0,-1,-1,-1,-1,2,-1,6,2,33,6,1499,1,9,10,2,10
2018010150788,2,9,0,-1,-1,0,-1,-1,-1,-1,1,-1,6,3,-1,-1,-1,-1,-1,-1,-1,-1
2018010150788,3,9,0,-1,-1,0,-1,-1,-1,-1,2,-1,6,3,-1,-1,1896,2,13,-1,-1,-1
2018010150794,1,9,0,-1,-1,-1,-1,-1,-1,-1,2,-1,6,1,30,6,1995,2,6,7,1,7
2018010150794,2,9,0,-1,-1,-1,-1,-1,-1,-1,1,-1,6,3,-1,-1,998,1,7,-1,-1,-1
2018010150796,1,9,0,4,0,2,0,0,0,0,1,1,6,1,34,6,1200,1,-1,1,1,1
2018010150796,2,1,0,7,0,8,0,0,0,0,1,1,6,1,32,6,-1,-1,-1,2,1,2
2018010150804,1,9,0,-1,-1,-1,-1,-1,-1,-1,-1,-1,6,1,63,9,1896,2,14,4,1,4
2018010150804,2,1,-1,-1,-1,-1,-1,-1,-1,-1,1,1,6,2,-1,-1,-1,-1,-1,5,1,5
2018010150806,1,9,-1,-1,-1,-1,-1,-1,-1,0,-1,-1,6,3,-1,-1,-1,-1,-1,-1,-1,-1
2018010150807,1,4,0,-1,-1,-1,-1,-1,-1,-1,-1,1,6,1,70,10,292,1,-1,7,1,7
2018010150807,2,9,0,-1,-1,-1,-1,-1,-1,-1,-1,-1,6,3,-1,-1,1596,1,18,-1,-1,-1
2018010150810,1,9,0,5,0,1,0,0,0,0,1,1,6,1,27,6,1999,2,1,4,1,4
2018010150811,1,9,0,18,9,1,0,0,7,0,1,1,6,3,-1,-1,-1,-1,-1,-1,-1,-1
2018010150815,1,9,0,9,0,1,0,0,0,0,1,1,6,1,42,7,1498,1,3,4,1,4
2018010150815,2,9,0,18,0,1,0,0,1,2,1,1,6,1,34,6,1968,2,3,2,1,2
2018010150818,1,9,0,-1,-1,-1,-1,-1,-1,-1,1,-1,6,3,-1,-1,1596,1,13,-1,-1,-1
2018010150819,1,9,0,18,0,0,0,0,0,0,1,1,6,2,25,5,999,1,4,-1,-1,-1
2018010150822,1,9,0,18,0,0,0,0,0,0,1,1,1,2,37,7,1499,1,1,10,1,10
2018010150822,2,9,0,16,0,0,1,10,6,0,2,1,6,1,29,6,1995,2,10,1,1,1
2018010150823,1,9,0,5,0,1,0,0,0,0,4,1,2,1,58,9,1598,1,16,6,1,6
2018010150830,1,9,0,18,0,0,0,0,0,0,1,1,6,1,47,8,1870,2,13,9,1,9
2018010150834,1,9,0,5,0,8,0,0,0,0,3,1,6,1,34,6,2993,2,7,5,1,5
2018010150834,2,9,0,18,0,1,0,0,0,0,1,1,6,2,55,8,1388,1,7,2,1,2
2018010150838,1,9,-1,18,0,0,-1,0,0,0,1,-1,6,3,-1,-1,1360,1,11,-1,-1,-1
2018010150839,1,3,0,18,0,0,2,0,0,0,1,1,1,1,36,7,108,1,5,3,1,3
2018010150840,1,9,0,-1,-1,0,-1,-1,-1,-1,-1,-1,6,1,47,8,1598,2,2,2,1,2
2018010150843,1,9,0,5,0,0,0,0,0,0,1,1,1,1,54,8,1598,2,6,-1,-1,-1
2018010150845,1,9,0,17,0,1,0,4,0,0,3,1,6,1,50,8,2143,2,2,8,1,8
2018010150845,2,19,0,16,0,1,0,0,0,0,3,1,6,1,38,7,1753,2,6,1,1,1
2018010150845,3,9,0,2,0,1,0,0,0,0,3,1,6,3,-1,-1,1800,1,18,-1,-1,-1
2018010150846,1,1,-1,-1,-1,-1,-1,-1,-1,-1,-1,1,2,1,34,6,-1,-1,-1,8,1,8
2018010150846,2,9,0,-1,-1,-1,-1,-1,-1,-1,0,-1,6,3,-1,-1,-1,-1,-1,-1,-1,-1
2018010150851,1,9,0,-1,-1,-1,-1,-1,-1,-1,1,-1,6,1,28,6,1396,1,4,2,1,2
2018010150851,2,9,0,-1,-1,-1,-1,-1,-1,-1,2,-1,6,3,-1,-1,-1,-1,-1,-1,-1,-1
2018010150853,1,9,0,-1,-1,0,-1,-1,-1,-1,2,-1,6,1,33,6,1784,1,13,7,1,7
2018010150854,1,9,0,4,0,3,0,0,0,0,1,1,6,1,49,8,2179,2,4,9,1,9
2018010150854,2,3,0,4,0,3,0,0,0,0,2,1,6,1,21,5,125,1,4,7,1,7
2018010150857,1,8,0,9,0,1,0,0,0,0,4,1,6,3,-1,-1,-1,-1,-1,-1,-1,-1
2018010150859,1,9,0,4,0,0,0,4,0,0,1,1,2,1,49,8,1339,1,3,4,1,4
2018010150859,2,9,0,3,0,0,0,0,0,0,2,1,6,1,42,7,1498,1,11,3,1,3
2018010150859,3,8,0,18,0,0,0,0,0,0,3,1,1,1,27,6,1797,8,7,3,1,3
2018010150863,1,9,0,9,0,8,0,0,0,0,1,1,6,1,29,6,1598,2,2,2,1,2
2018010150863,2,9,0,18,0,8,0,0,0,0,3,1,6,2,29,6,-1,-1,-1,5,1,5
2018010150865,1,3,0,18,0,1,0,0,0,0,1,1,1,1,31,6,125,1,2,-1,-1,-1
2018010150865,2,9,0,9,0,1,0,0,0,0,4,1,6,1,29,6,1797,8,4,2,1,2
2018010150867,1,9,0,18,0,1,0,0,0,0,1,1,6,3,38,7,1986,2,11,2,1,2
2018010150867,2,9,0,3,0,1,0,0,0,0,2,1,6,2,51,8,2143,2,6,7,1,7
2018010150867,3,9,0,3,0,1,0,0,0,0,2,1,6,1,23,5,1968,2,4,4,1,4
2018010150868,1,3,0,18,0,0,0,0,0,0,1,1,6,1,18,4,125,1,2,5,1,5
2018010150868,2,9,0,13,0,0,0,0,0,0,1,1,6,1,53,8,999,1,-1,9,1,9
2018010150871,1,9,0,16,0,1,0,10,1,4,1,1,6,1,17,4,1198,1,12,1,1,1
2018010150871,2,9,0,16,0,1,0,0,0,0,0,1,6,1,44,7,2993,2,2,3,1,3
2018010150872,1,9,0,9,0,1,0,0,0,0,4,1,1,1,37,7,1798,8,-1,2,1,2
2018010150873,1,3,0,18,0,0,2,0,0,0,0,1,1,1,18,4,108,1,4,5,1,5
2018010150876,1,9,0,5,0,3,0,0,0,0,4,1,6,1,27,6,1968,2,9,5,1,5
2018010150876,2,9,0,5,9,3,0,0,0,0,1,2,6,1,28,6,1197,1,-1,3,1,3
2018010150878,1,9,0,18,0,1,1,0,1,4,2,1,6,1,25,5,1461,2,4,5,1,5
2018010150878,2,9,0,18,0,1,1,0,0,0,1,1,6,1,48,8,2143,2,5,-1,-1,-1
2018010150881,1,9,0,9,0,8,0,0,0,0,1,1,6,1,26,6,1400,1,12,4,1,4
2018010150881,2,9,0,18,0,8,0,0,0,0,1,1,6,1,40,7,1686,2,15,2,1,2
2018010150892,1,9,-1,-1,-1,-1,-1,-1,-1,-1,-1,-1,6,1,33,6,2494,8,4,4,1,4
2018010150893,1,9,0,18,0,0,5,0,0,0,1,1,6,1,77,11,1497,8,12,8,1,8
2018010150893,2,9,0,18,0,0,0,0,0,0,3,1,2,1,40,7,-1,-1,-1,7,1,7
2018010150893,3,9,0,2,0,0,0,0,0,0,2,1,6,3,-1,-1,1400,1,18,-1,-1,-1
2018010150893,4,9,0,2,0,0,0,0,0,0,2,1,6,3,-1,-1,-1,-1,-1,-1,-1,-1
2018010150897,1,19,0,-1,-1,-1,-1,-1,-1,-1,1,-1,6,3,-1,-1,-1,-1,-1,-1,-1,-1
2018010150900,1,8,0,-1,-1,-1,-1,-1,-1,-1,-1,-1,6,1,45,7,2776,2,1,5,1,5
2018010150901,1,9,0,-1,-1,-1,-1,-1,-1,-1,2,-1,6,1,36,7,1497,8,12,5,1,5
2018010150901,2,19,0,-1,-1,-1,-1,-1,-1,-1,1,-1,6,3,-1,-1,2148,2,9,-1,-1,-1
2018010150911,1,9,0,18,0,1,0,0,0,0,0,1,6,1,20,4,1242,1,16,2,1,2
2018010150911,2,1,0,18,0,8,0,0,0,0,1,1,6,2,54,8,-1,-1,-1,2,1,2
2018010150912,1,90,0,-1,-1,0,-1,-1,-1,-1,-1,-1,6,1,53,8,-1,-1,-1,5,1,5
2018010150913,1,9,0,1,0,8,0,0,0,0,3,1,6,3,-1,-1,-1,-1,-1,-1,-1,-1
2018010150920,1,9,0,18,0,2,0,0,7,4,1,1,6,1,73,10,1797,8,4,-1,-1,-1
2018010150923,1,9,0,-1,-1,-1,-1,-1,-1,-1,0,-1,6,1,47,8,2143,2,5,5,1,5
2018010150924,1,9,0,5,0,3,1,0,1,7,1,1,6,1,27,6,1998,1,21,-1,-1,-1
2018010150927,1,9,0,-1,-1,0,-1,-1,-1,-1,2,-1,6,1,33,6,1896,2,12,8,1,8
2018010150927,2,19,0,-1,-1,0,-1,-1,-1,-1,1,-1,6,3,-1,-1,1968,2,-1,-1,-1,-1
2018010150928,1,9,0,18,0,1,0,0,0,0,1,1,6,2,59,9,1598,1,11,2,1,2
2018010150932,1,9,0,18,0,8,0,0,0,0,1,1,2,1,25,5,1596,1,29,3,1,3
2018010150932,2,9,0,7,0,7,0,0,7,0,4,1,6,1,25,5,1248,1,3,5,1,5
2018010150933,1,9,0,18,0,1,0,0,0,0,1,1,6,1,42,7,2979,1,18,3,1,3
2018010150933,2,9,0,3,0,2,0,0,0,0,2,1,6,2,48,8,1198,1,2,5,1,5
2018010150933,3,9,0,3,0,1,0,0,0,0,2,1,6,2,60,9,-1,-1,-1,5,1,5
2018010150933,4,9,0,3,0,1,0,0,0,0,2,1,6,1,44,7,1329,1,9,-1,-1,-1
2018010150933,5,9,0,3,0,1,0,0,0,0,2,1,6,2,26,6,1198,1,-1,7,1,7
2018010150933,6,9,0,3,0,1,0,0,0,0,2,1,6,1,60,9,1968,2,-1,7,1,7
2018010150943,1,9,-1,-1,-1,-1,-1,-1,-1,-1,-1,-1,6,3,22,5,1995,2,4,4,1,4
2018010150943,2,9,-1,-1,-1,-1,-1,-1,-1,-1,-1,-1,6,2,48,8,1386,1,5,4,1,4
2018010150945,1,9,0,9,0,6,0,0,0,0,1,1,6,1,38,7,1797,8,8,3,1,3
2018010150948,1,9,0,-1,-1,0,-1,-1,-1,-1,1,-1,6,3,-1,-1,4875,1,-1,-1,-1,-1
2018010150953,1,9,0,3,0,1,0,0,0,0,0,1,6,1,64,9,1798,8,-1,9,3,9
2018010150953,2,1,0,11,0,1,0,0,0,0,4,1,6,1,32,6,-1,-1,-1,5,1,5
2018010150955,1,5,0,18,0,0,1,0,0,0,1,1,6,1,44,7,948,1,1,3,1,3
2018010150956,1,9,0,5,0,0,0,0,0,0,4,1,6,1,34,6,1560,2,8,4,1,4
2018010150956,2,3,0,18,0,0,1,0,0,0,1,1,2,1,37,7,125,1,2,4,1,4
2018010150958,1,9,0,-1,-1,0,-1,-1,-1,-1,1,-1,2,1,32,6,1995,2,5,4,1,4
2018010150958,2,9,-1,18,0,0,-1,0,0,0,-1,-1,6,1,-1,-1,-1,3,1,9,1,9
2018010150960,1,19,0,9,0,1,0,0,0,0,1,1,1,1,58,9,-1,-1,-1,5,1,5
2018010150961,1,9,0,6,0,2,0,0,0,0,3,1,6,2,33,6,1296,1,11,4,1,4
2018010150961,2,2,0,13,0,2,0,0,0,0,1,1,6,1,17,4,50,1,-1,2,1,2
2018010150962,1,9,0,-1,-1,-1,-1,-1,-1,-1,2,-1,6,2,27,6,998,1,1,3,1,3
2018010150962,2,19,-1,-1,-1,-1,-1,-1,-1,-1,-1,-1,6,3,-1,-1,-1,-1,-1,-1,-1,-1
2018010150963,1,9,0,18,0,1,0,0,0,0,3,1,6,1,26,6,1968,2,6,4,1,4
2018010150963,2,3,0,18,0,1,0,0,0,0,1,1,1,1,29,6,125,1,-1,3,1,3
2018010150966,1,9,0,-1,-1,-1,-1,-1,-1,-1,4,-1,6,1,53,8,1598,1,13,4,1,4
2018010150968,1,8,0,-1,-1,-1,-1,-1,-1,-1,1,-1,6,1,41,7,1797,8,4,2,1,2
2018010150975,1,9,0,9,0,0,0,0,0,0,4,1,6,2,48,8,1398,1,8,1,1,1
2018010150975,2,5,0,15,0,0,0,10,7,10,4,1,6,1,31,6,998,1,10,2,1,2
2018010150978,1,9,0,18,0,0,0,0,0,0,1,1,6,1,52,8,-1,-1,-1,2,1,2
2018010150978,2,9,0,4,0,0,0,0,0,0,2,1,6,2,61,9,998,1,11,4,1,4
2018010150988,1,9,0,-1,-1,-1,-1,-1,-1,-1,1,-1,6,2,47,8,998,1,3,8,1,8
2018010150988,2,9,0,-1,-1,-1,-1,-1,-1,-1,-1,-1,6,3,-1,-1,2987,2,13,5,1,5
2018010150989,1,9,0,4,0,2,0,0,0,0,1,1,6,1,50,8,-1,-1,-1,7,1,7
2018010150999,1,9,0,5,0,4,0,0,3,0,1,1,6,1,62,9,1598,1,10,4,1,4
2018010150999,2,9,0,5,0,3,0,0,0,0,2,1,6,2,24,5,1390,1,4,4,1,4
2018010151000,1,9,0,18,0,0,0,0,0,0,1,1,6,3,-1,-1,-1,-1,-1,-1,-1,-1
2018010151004,1,9,0,7,0,1,0,0,0,0,0,1,1,1,37,7,999,1,1,4,1,4
2018010151004,2,3,0,7,9,1,0,10,7,0,1,1,6,1,20,4,124,1,12,2,1,2
2018010151006,1,2,0,18,0,3,0,10,0,0,3,1,6,1,25,5,124,1,9,3,1,3
2018010151006,2,9,0,18,0,8,0,0,0,0,1,1,6,3,-1,-1,-1,-1,-1,-1,-1,-1
2018010151009,1,3,0,18,0,0,0,0,0,0,1,1,6,3,-1,-1,-1,-1,-1,-1,-1,-1
2018010151010,1,9,0,-1,-1,-1,-1,-1,-1,-1,-1,-1,6,2,44,7,1368,1,-1,5,1,5
2018010151010,2,9,0,-1,-1,-1,-1,-1,-1,-1,-1,-1,6,3,-1,-1,-1,-1,-1,-1,-1,-1
2018010151012,1,9,0,18,0,0,0,0,0,0,2,1,6,1,35,6,2993,2,8,-1,-1,-1
2018010151012,2,19,0,18,0,0,0,0,0,0,1,1,6,3,-1,-1,2143,2,2,-1,-1,-1
2018010151013,1,8,0,-1,-1,-1,-1,-1,-1,-1,2,-1,6,1,41,7,2148,2,9,9,1,9
2018010151013,2,8,0,-1,-1,-1,-1,-1,-1,-1,-1,-1,6,3,-1,-1,1968,2,4,-1,-1,-1
2018010151017,1,4,0,18,0,1,2,10,0,0,1,1,6,1,29,6,278,1,2,3,1,3
2018010151017,2,9,0,18,0,1,0,0,0,0,1,1,6,3,-1,-1,-1,-1,-1,-1,-1,-1
2018010151019,1,9,0,18,0,1,0,0,0,0,1,1,6,3,-1,-1,2987,2,6,-1,-1,-1
2018010151019,2,9,0,18,0,1,0,0,0,0,1,1,6,2,28,6,1799,1,11,3,1,3
2018010151020,1,9,0,-1,-1,-1,-1,-1,-1,-1,-1,-1,6,3,-1,-1,-1,-1,-1,-1,-1,-1
2018010151021,1,19,0,1,0,1,0,0,0,0,2,1,6,1,24,5,1598,2,1,5,1,5
2018010151022,1,11,0,4,0,1,0,0,0,0,0,1,1,1,47,8,6692,2,5,4,1,4
2018010151024,1,1,-1,-1,-1,0,-1,-1,-1,-1,1,1,6,1,32,6,-1,-1,-1,5,3,5
2018010151024,2,1,-1,-1,-1,0,-1,-1,-1,-1,-1,1,6,3,-1,-1,-1,-1,-1,-1,-1,-1
2018010151030,1,9,0,18,0,1,2,4,0,0,1,1,6,2,30,6,1587,1,15,8,1,8
2018010151030,2,9,0,2,0,1,0,0,0,0,2,1,6,3,-1,-1,1461,2,1,-1,-1,-1
2018010151030,3,9,0,2,0,1,0,0,0,0,2,1,6,3,-1,-1,999,1,8,-1,-1,-1
2018010151033,1,9,0,3,0,0,0,0,0,0,1,1,1,1,31,6,1560,2,4,4,1,4
2018010151033,2,9,0,1,0,0,0,4,0,0,2,1,6,3,-1,-1,1598,1,5,-1,-1,-1
2018010151033,3,9,0,2,0,0,0,0,0,0,2,1,6,3,-1,-1,1332,1,12,-1,-1,-1
2018010151034,1,9,0,18,0,1,0,0,0,0,1,1,6,1,65,9,1598,1,17,7,1,7
2018010151034,2,9,0,9,0,2,0,0,0,0,4,2,6,2,18,4,-1,-1,-1,2,1,2
2018010151037,1,9,0,18,0,0,0,0,1,10,2,1,6,1,33,6,1400,2,11,-1,-1,-1
2018010151037,2,9,0,4,0,0,0,0,0,0,2,1,1,1,35,6,999,1,2,5,1,5
2018010151037,3,9,0,18,0,0,0,0,0,0,1,1,1,1,34,6,1499,1,1,5,1,5
2018010151037,4,19,0,4,0,0,0,0,0,0,4,2,6,1,54,8,1998,2,15,1,1,1
2018010151038,1,8,0,6,0,1,0,0,0,0,1,1,1,1,43,7,1798,8,3,6,1,6
2018010151038,2,3,0,18,0,2,1,0,0,0,3,1,6,1,21,5,124,1,6,2,1,2
2018010151041,1,9,0,10,0,2,0,0,0,0,3,1,6,1,23,5,2204,2,9,-1,-1,-1
2018010151041,2,3,0,18,0,2,0,0,0,0,1,1,6,1,28,6,124,1,18,-1,-1,-1
2018010151042,1,9,0,-1,-1,-1,-1,-1,-1,-1,2,-1,6,2,24,5,1364,1,11,6,1,6
2018010151042,2,9,0,-1,-1,-1,-1,-1,-1,-1,1,-1,6,3,-1,-1,1968,2,5,-1,-1,-1
2018010151043,1,9,0,-1,-1,-1,-1,-1,-1,-1,2,-1,6,2,34,6,2143,2,7,6,1,6
2018010151043,2,9,0,-1,-1,-1,-1,-1,-1,-1,1,-1,6,3,20,4,1397,1,15,3,1,3
2018010151044,1,9,0,18,0,0,0,0,0,0,1,1,2,1,51,8,1796,1,14,1,1,1
2018010151045,1,9,0,14,0,0,0,0,0,0,3,1,6,2,30,6,1461,2,8,-1,-1,-1
2018010151045,2,1,0,14,0,0,0,0,0,0,3,1,6,1,49,8,-1,-1,-1,7,1,7
2018010151057,1,9,0,18,0,8,0,0,0,0,1,1,2,1,49,8,1598,1,5,7,1,7
2018010151057,2,1,0,7,0,4,0,0,0,0,1,1,1,1,44,7,-1,-1,-1,6,2,6
2018010151059,1,9,0,9,0,1,0,0,0,0,1,1,1,1,54,8,2143,2,1,6,1,6
2018010151059,2,5,0,13,0,1,0,0,0,0,4,1,1,1,37,7,670,1,5,7,1,7
2018010151062,1,9,0,18,0,8,0,0,0,0,3,1,6,2,44,7,2400,2,8,-1,-1,-1
2018010151064,1,2,0,18,0,1,0,0,0,0,3,1,2,1,18,4,124,1,12,3,1,3
2018010151064,2,1,0,9,0,6,0,0,0,0,1,1,2,2,41,7,-1,-1,-1,2,1,2
2018010151067,1,90,0,18,0,1,0,0,0,0,4,-1,6,1,27,6,2987,2,1,7,1,7
2018010151069,1,1,-1,-1,-1,-1,-1,-1,-1,-1,-1,1,2,2,27,6,-1,-1,-1,5,1,5
2018010151069,2,90,0,-1,-1,-1,-1,-1,-1,-1,1,-1,6,3,-1,-1,-1,-1,-1,-1,-1,-1
2018010151072,1,8,0,17,0,2,0,0,0,0,3,1,1,1,63,9,2499,2,3,10,1,10
2018010151072,2,9,0,16,0,1,0,0,1,0,1,1,2,1,44,7,998,1,8,8,1,8
2018010151075,1,9,-1,18,-1,-1,-1,-1,-1,-1,-1,-1,6,1,37,7,1986,2,10,5,1,5
2018010151075,2,9,-1,18,-1,-1,-1,-1,-1,-1,-1,-1,6,1,-1,-1,1796,1,10,-1,-1,-1
2018010151076,1,19,0,18,0,1,0,0,0,0,4,1,6,1,71,10,2143,2,7,8,1,8
2018010151076,2,1,0,9,0,6,0,0,0,0,1,1,2,1,37,7,-1,-1,-1,8,1,8
2018010151081,1,8,0,-1,-1,2,-1,-1,-1,-1,1,-1,6,3,-1,-1,1997,2,6,-1,-1,-1
2018010151086,1,9,-1,-1,-1,-1,0,-1,-1,-1,-1,-1,6,1,43,7,1388,1,12,3,1,3
2018010151088,1,9,0,-1,-1,0,-1,-1,-1,-1,2,-1,6,1,58,9,1497,8,6,8,1,8
2018010151088,2,9,-1,-1,-1,0,-1,-1,-1,-1,-1,-1,6,1,48,8,1991,1,1,5,1,5
2018010151096,1,19,0,7,0,5,0,0,0,0,4,1,1,1,36,7,2402,2,11,8,1,8
2018010151096,2,4,0,15,0,2,0,0,0,0,1,1,1,1,28,6,108,1,1,3,1,3
2018010151100,1,9,0,-1,-1,-1,-1,-1,-1,-1,2,-1,6,1,34,6,2290,1,13,-1,-1,-1
2018010151100,2,9,0,-1,-1,-1,-1,-1,-1,-1,1,-1,6,3,-1,-1,1968,2,13,3,1,3
2018010151103,1,3,-1,3,-1,0,-1,-1,-1,-1,-1,1,6,1,36,7,125,1,-1,2,1,2
2018010151104,1,9,0,-1,-1,-1,-1,-1,-1,-1,1,-1,6,1,27,6,1796,1,10,5,1,5
2018010151104,2,90,0,-1,-1,-1,-1,-1,-1,-1,1,-1,6,3,-1,-1,-1,-1,-1,-1,-1,-1
2018010151106,1,9,0,18,0,0,0,0,0,0,1,1,6,2,29,6,1598,1,7,8,1,8
2018010151106,2,9,0,18,0,0,0,0,0,0,2,1,6,1,26,6,1968,2,8,4,1,4
2018010151116,1,9,0,-1,-1,0,-1,-1,-1,-1,-1,-1,6,3,-1,-1,3456,1,11,-1,-1,-1
2018010151120,1,90,0,18,0,8,0,0,0,0,1,1,6,3,-1,-1,-1,-1,-1,-1,-1,-1
2018010151121,1,2,0,13,0,1,0,0,0,0,2,1,6,1,21,5,125,1,2,3,1,3
2018010151121,2,19,0,2,0,1,0,0,0,0,2,1,6,3,-1,-1,2143,2,-1,-1,-1,-1
2018010151122,1,3,0,18,0,8,0,0,0,0,3,1,2,1,40,7,108,1,2,2,1,2
2018010151122,2,9,0,9,0,5,0,0,0,0,3,1,6,1,46,8,1798,8,6,4,1,4
2018010151123,1,19,0,9,0,5,0,0,0,0,4,1,1,1,26,6,1968,2,1,6,3,6
2018010151123,2,4,0,15,2,8,2,0,0,0,1,1,2,1,29,6,471,1,4,3,1,3
2018010151126,1,8,0,9,0,8,0,0,0,0,4,1,1,1,38,7,1797,8,8,2,1,2
2018010151126,2,3,0,18,0,8,0,0,0,0,1,1,1,1,32,6,125,1,4,6,1,6
2018010151130,1,9,0,9,0,6,0,0,0,0,1,1,6,1,38,7,1796,1,7,2,1,2
2018010151130,2,1,0,18,0,8,0,0,0,0,4,1,2,1,58,9,-1,-1,-1,8,1,8
2018010151131,1,9,0,-1,-1,0,-1,-1,-1,-1,-1,-1,6,1,50,8,1797,8,6,2,1,2
2018010151131,2,9,0,-1,-1,0,-1,-1,-1,-1,-1,-1,6,3,28,6,2993,2,-1,3,1,3
2018010151131,3,9,0,-1,-1,0,-1,-1,-1,-1,-1,-1,6,3,28,6,1560,2,5,7,1,7
2018010151137,1,19,0,1,0,1,0,0,0,0,2,1,1,1,32,6,998,1,-1,5,1,5
2018010151138,1,3,0,14,0,0,0,0,0,0,1,1,6,1,32,6,125,1,8,9,1,9
2018010151148,1,3,0,18,0,1,5,0,0,0,4,1,6,1,26,6,125,1,-1,3,1,3
2018010151148,2,9,0,18,0,8,0,0,0,0,3,2,6,3,-1,-1,-1,-1,-1,-1,-1,-1
2018010151160,1,9,0,-1,-1,-1,-1,-1,-1,-1,-1,-1,6,1,20,4,999,1,-1,2,1,2
2018010151160,2,9,0,-1,-1,-1,-1,-1,-1,-1,1,-1,6,3,-1,-1,1149,1,20,3,2,3
2018010151164,1,1,-1,-1,-1,1,-1,-1,-1,-1,-1,1,6,1,32,6,-1,-1,-1,2,1,2
2018010151164,2,9,-1,7,0,5,-1,0,0,0,4,1,6,1,25,5,1496,2,1,6,1,6
2018010151175,1,9,0,5,0,1,0,0,0,0,1,1,6,1,27,6,799,2,7,1,1,1
2018010151175,2,19,0,18,0,1,0,0,0,0,1,1,6,1,17,4,-1,-1,-1,-1,-1,-1
2018010151178,1,1,-1,-1,-1,-1,-1,-1,-1,-1,-1,1,2,2,38,7,-1,-1,-1,1,1,1
2018010151178,2,9,0,-1,-1,-1,-1,-1,-1,-1,-1,-1,6,3,-1,-1,-1,-1,-1,2,1,2
2018010151179,1,9,0,5,0,8,1,0,0,0,2,1,6,2,51,8,999,1,2,6,1,6
2018010151179,2,90,0,17,0,8,1,0,0,0,1,1,1,1,31,6,-1,-1,-1,3,1,3
2018010151186,1,9,0,9,0,8,0,0,0,0,0,1,6,2,57,9,1968,2,2,-1,3,-1
2018010151186,2,1,0,18,0,8,0,0,0,0,1,1,2,2,29,6,-1,-1,-1,4,1,4
2018010151187,1,9,0,10,0,1,0,0,0,0,1,1,6,2,26,6,1242,1,11,7,1,7
2018010151187,2,9,0,18,0,8,0,0,0,0,3,1,6,1,71,10,898,1,4,6,1,6
2018010151190,1,19,0,7,0,1,0,0,0,0,2,1,1,1,25,5,1560,2,3,5,1,5
2018010151190,2,3,0,18,0,1,0,0,0,0,1,1,6,1,28,6,125,1,-1,4,1,4
2018010151191,1,9,0,9,0,5,0,0,0,0,3,1,6,1,33,6,2378,1,12,3,1,3
2018010151192,1,9,0,18,0,0,0,0,0,0,1,1,2,2,24,5,1598,1,3,-1,-1,-1
2018010151196,1,8,0,18,0,2,0,-1,0,0,1,1,6,3,-1,-1,-1,-1,-1,-1,-1,-1
2018010151198,1,9,0,5,0,1,0,0,0,0,1,1,6,2,78,11,1240,1,12,6,1,6
2018010151199,1,9,0,-1,-1,-1,-1,-1,-1,-1,1,-1,6,1,30,6,2143,2,4,3,1,3