Accident_Index,Vehicle_Reference,Vehicle_Type,Towing_and_Articulation,Vehicle_Manoeuvre,Vehicle_Location-Restricted_Lane,Junction_Location,Skidding_and_Overturning,Hit_Object_in_Carriageway,Vehicle_Leaving_Carriageway,Hit_Object_off_Carriageway,1st_Point_of_Impact,Was_Vehicle_Left_Hand_Drive?,Journey_Purpose_of_Driver,Sex_of_Driver,Age_of_Driver,Age_Band_of_Driver,Engine_Capacity_(CC),Propulsion_Code,Age_of_Vehicle,Driver_IMD_Decile,Driver_Home_Area_Type,Vehicle_IMD_Decile
2018010151200,1,1,0,18,0,2,0,0,0,0,1,1,1,1,36,7,-1,-1,-1,4,1,4
2018010151202,1,9,0,7,0,1,0,0,0,0,2,2,6,2,30,6,4991,1,10,5,1,5
2018010151202,2,9,0,18,0,1,0,0,0,0,1,1,1,1,38,7,1995,2,14,6,1,6
2018010151206,1,90,0,13,0,1,0,8,0,0,3,1,6,1,35,6,-1,-1,-1,4,1,4
2018010151206,2,9,0,2,0,1,0,4,0,0,4,1,6,3,-1,-1,999,1,6,-1,-1,-1
2018010151208,1,9,0,1,0,1,0,0,0,0,2,1,6,2,55,8,-1,-1,-1,2,1,2
2018010151210,1,8,0,-1,0,-1,-1,-1,-1,-1,1,-1,6,3,-1,-1,-1,-1,-1,-1,-1,-1
2018010151213,1,19,0,9,0,5,0,0,0,0,1,1,6,1,54,8,1995,2,5,2,1,2
2018010151213,2,1,0,18,0,8,5,0,0,0,1,1,2,2,27,6,-1,-1,-1,2,1,2
2018010151216,1,19,0,5,9,2,0,0,0,0,3,1,1,1,54,8,2198,2,4,7,1,7
2018010151216,2,9,0,18,0,2,0,0,0,0,4,1,6,2,53,8,1598,1,6,3,1,3
2018010151216,3,1,0,18,0,2,0,0,1,0,4,1,6,1,43,7,-1,-1,-1,5,1,5
2018010151218,1,9,0,6,0,0,0,0,0,0,3,1,2,2,25,5,1368,1,9,4,1,4
2018010151218,2,3,0,14,0,0,0,0,0,0,1,1,1,1,30,6,125,1,12,3,1,3
2018010151223,1,9,0,5,0,0,0,0,0,0,4,1,1,1,55,8,-1,-1,-1,3,1,3
2018010151225,1,9,0,-1,-1,0,-1,-1,-1,-1,2,-1,6,1,35,6,1595,1,16,3,-1,3
2018010151225,2,9,-1,-1,-1,0,-1,-1,-1,-1,-1,-1,6,1,18,4,1598,2,5,5,1,5
2018010151227,1,9,0,5,0,8,0,0,0,0,1,1,6,1,26,6,1896,2,13,3,1,3
2018010151228,1,9,0,18,0,0,0,0,0,0,1,1,6,2,74,10,1497,8,11,-1,-1,-1
2018010151228,2,1,0,18,0,0,5,0,0,0,1,1,6,2,57,9,-1,-1,-1,5,1,5
2018010151229,1,9,0,3,0,0,0,0,0,0,3,1,6,1,19,4,1995,1,11,1,1,1
2018010151229,2,2,0,18,0,0,1,0,0,0,1,1,6,1,20,4,125,1,4,3,1,3
2018010151241,1,9,0,18,0,2,0,0,0,0,1,1,6,1,51,8,1590,1,13,3,1,3
2018010151241,2,9,0,1,0,2,0,0,0,0,2,1,6,3,-1,-1,-1,-1,-1,-1,-1,-1
2018010151243,1,9,0,-1,-1,-1,-1,-1,-1,-1,2,-1,2,1,38,7,1798,8,-1,5,-1,5
2018010151243,2,19,0,-1,-1,-1,-1,-1,-1,-1,1,-1,6,3,47,8,-1,-1,-1,-1,-1,-1
2018010151247,1,9,0,-1,-1,-1,-1,-1,-1,-1,2,-1,6,1,25,5,1991,1,-1,6,1,6
2018010151250,1,9,0,-1,-1,-1,-1,-1,-1,-1,1,-1,6,2,41,7,1360,1,7,1,1,1
2018010151250,2,9,0,-1,-1,-1,-1,-1,-1,-1,-1,-1,6,3,-1,-1,998,1,5,-1,-1,-1
2018010151251,1,11,0,9,0,8,0,0,0,0,2,1,1,2,54,8,6700,2,6,2,1,2
2018010151252,1,3,0,14,0,0,1,0,0,0,1,1,6,1,18,4,124,1,9,9,1,9
2018010151254,1,19,0,18,0,2,0,4,0,0,1,1,6,1,46,8,2198,2,4,2,1,2
2018010151254,2,8,4,3,0,2,0,0,0,0,3,1,1,1,59,9,1797,8,8,2,1,2
2018010151256,1,5,0,18,0,1,0,0,0,0,1,1,6,1,34,6,645,1,11,4,1,4
2018010151261,1,9,4,18,0,2,0,0,0,0,3,1,6,1,47,8,-1,-1,-1,-1,-1,-1
2018010151264,1,9,0,18,0,6,0,0,0,0,1,1,1,1,58,9,2198,2,14,7,1,7
2018010151264,2,9,0,18,0,8,0,0,0,0,3,1,2,2,55,8,1598,1,8,5,1,5
2018010151266,1,9,0,9,0,1,0,0,0,0,1,1,1,1,47,8,-1,-1,-1,1,1,1
2018010151266,2,1,0,18,0,1,2,10,0,0,1,1,2,1,28,6,-1,-1,-1,6,1,6
2018010151266,3,19,0,3,0,1,0,0,0,0,0,1,1,1,61,9,-1,-1,-1,4,1,4
2018010151273,1,5,0,15,0,8,0,0,1,0,1,1,2,1,35,6,656,1,5,3,1,3
2018010151273,2,19,0,7,0,8,0,0,0,0,4,1,1,1,42,7,2198,2,2,5,1,5
2018010151278,1,3,0,13,0,5,2,0,7,0,1,1,1,2,27,6,125,1,7,2,1,2
2018010151279,1,11,0,5,2,1,0,0,0,0,1,1,6,1,33,6,4500,2,3,3,1,3
2018010151279,2,9,0,7,0,1,0,0,0,0,4,1,2,1,49,8,1339,8,8,1,1,1
2018010151279,3,19,0,3,7,5,0,0,0,0,4,1,1,1,41,7,1598,2,1,4,1,4
2018010151280,1,9,0,16,0,1,0,0,7,7,1,1,6,1,41,7,2354,1,11,5,1,5
2018010151291,1,1,-1,-1,-1,0,-1,-1,-1,-1,2,1,6,2,85,11,-1,-1,-1,7,1,7
2018010151291,2,21,-1,-1,-1,0,-1,-1,-1,-1,1,-1,6,1,-1,-1,-1,-1,-1,-1,-1,-1
2018010151295,1,9,0,9,0,8,0,0,0,0,3,1,6,1,75,10,1360,1,16,2,1,2
2018010151295,2,4,0,18,0,1,1,0,0,0,1,1,6,1,30,6,600,1,12,5,1,5
2018010151297,1,9,0,9,0,1,0,0,0,0,1,1,1,1,26,6,1499,2,3,8,1,8
2018010151297,2,4,0,13,0,1,0,0,0,0,1,1,6,1,38,7,124,1,-1,9,1,9
2018010151299,1,9,0,9,0,1,0,0,0,0,3,1,6,1,40,7,1396,1,8,9,1,9
2018010151299,2,2,0,13,0,1,0,0,0,0,1,1,6,1,40,7,-1,-1,-1,10,1,10
2018010151300,1,9,0,4,0,1,0,0,0,0,2,-1,6,1,39,7,1968,2,3,4,1,4
2018010151300,2,9,0,-1,0,1,0,0,0,0,1,-1,6,1,22,5,1461,2,1,2,1,2
2018010151301,1,9,0,18,0,1,0,0,0,0,1,1,1,1,46,8,2967,2,-1,10,-1,10
2018010151301,2,9,0,18,0,2,0,0,0,0,1,1,1,2,65,9,1248,1,3,9,2,9
2018010151304,1,9,0,-1,-1,-1,-1,-1,-1,-1,2,-1,6,2,37,7,1596,1,8,9,1,9
2018010151304,2,3,0,-1,-1,-1,-1,-1,-1,-1,2,1,6,3,-1,-1,124,1,6,-1,-1,-1
2018010151308,1,1,-1,-1,-1,-1,-1,-1,-1,-1,-1,1,2,1,40,7,-1,-1,-1,7,1,7
2018010151308,2,9,0,-1,-1,-1,-1,-1,-1,-1,-1,-1,6,3,-1,-1,-1,-1,-1,7,1,7
2018010151310,1,11,0,5,0,1,0,0,0,0,0,1,1,1,27,6,4500,2,2,1,1,1
2018010151311,1,9,0,-1,-1,0,-1,-1,-1,-1,1,-1,6,3,-1,-1,-1,-1,-1,2,1,2
2018010151317,1,1,-1,-1,-1,-1,-1,-1,-1,-1,-1,1,2,1,30,6,-1,-1,-1,9,1,9
2018010151317,2,3,0,-1,-1,-1,-1,-1,-1,-1,4,1,6,3,-1,-1,996,1,14,-1,-1,-1
2018010151318,1,9,0,-1,-1,-1,-1,-1,-1,-1,-1,-1,6,1,31,6,1798,1,1,3,1,3
2018010151318,2,9,0,-1,-1,-1,-1,-1,-1,-1,-1,-1,6,3,64,9,1796,1,12,2,1,2
2018010151319,1,20,0,13,0,1,1,4,0,0,1,1,1,1,27,6,-1,-1,-1,7,1,7
2018010151319,2,19,0,18,0,1,0,0,0,0,0,1,6,3,-1,-1,-1,-1,-1,-1,-1,-1
2018010151319,3,9,0,2,0,1,0,0,0,0,1,1,6,3,-1,-1,2171,1,16,-1,-1,-1
2018010151320,1,1,-1,-1,-1,-1,-1,-1,-1,-1,0,1,6,1,65,9,-1,-1,-1,10,1,10
2018010151320,2,9,0,-1,-1,-1,-1,-1,-1,-1,0,-1,6,3,-1,-1,1497,1,13,7,1,7
2018010151325,1,9,0,5,0,8,0,0,0,0,1,1,6,1,25,5,2199,2,6,2,1,2
2018010151325,2,1,0,18,0,8,0,0,0,0,1,1,6,1,64,9,-1,-1,-1,2,1,2
2018010151329,1,9,0,9,0,6,0,0,0,0,1,1,6,1,57,9,1997,1,-1,2,1,2
2018010151329,2,3,0,18,0,1,0,0,0,0,3,1,6,1,32,6,125,1,5,2,1,2
2018010151330,1,1,-1,-1,-1,-1,-1,-1,-1,-1,2,1,6,1,11,3,-1,-1,-1,4,1,4
2018010151330,2,9,0,-1,-1,-1,-1,-1,-1,-1,2,-1,6,3,-1,-1,-1,-1,-1,-1,-1,-1
2018010151331,1,19,0,-1,-1,0,-1,-1,-1,-1,2,-1,6,1,30,6,1997,2,-1,1,1,1
2018010151331,2,9,0,-1,-1,0,-1,-1,-1,-1,1,-1,6,2,49,8,4163,1,14,8,1,8
2018010151332,1,9,0,-1,-1,-1,-1,-1,-1,-1,1,-1,6,3,-1,-1,-1,-1,-1,-1,-1,-1
2018010151333,1,3,0,-1,-1,-1,-1,-1,-1,-1,1,1,6,3,-1,-1,-1,-1,-1,-1,-1,-1
2018010151340,1,11,0,3,2,1,0,4,0,0,4,1,1,1,32,6,6700,2,6,3,1,3
2018010151340,2,9,0,7,2,1,0,0,0,0,2,1,6,1,33,6,2987,2,8,4,1,4
2018010151348,1,1,0,18,0,0,0,0,0,0,1,1,1,1,28,6,-1,-1,-1,1,1,1
2018010151353,1,9,0,18,0,1,0,4,0,0,1,1,6,1,22,5,1461,2,1,7,1,7
2018010151353,2,9,0,2,0,1,0,4,0,0,2,1,6,3,-1,-1,1997,1,8,-1,-1,-1
2018010151353,3,9,0,2,0,1,0,0,0,0,2,1,6,3,-1,-1,1388,1,15,-1,-1,-1
2018010151354,1,9,0,-1,-1,-1,-1,-1,-1,-1,-1,-1,6,1,48,8,1229,1,7,2,1,2
2018010151354,2,9,0,-1,-1,-1,-1,-1,-1,-1,-1,-1,6,3,-1,-1,1560,2,9,-1,-1,-1
2018010151358,1,8,0,-1,-1,0,-1,-1,-1,-1,2,-1,6,1,38,7,1798,8,1,3,1,3
2018010151358,2,8,0,-1,-1,0,-1,-1,-1,-1,1,-1,6,3,-1,-1,1560,2,9,-1,-1,-1
2018010151359,1,1,0,18,0,1,0,11,0,0,1,1,6,1,24,5,-1,-1,-1,3,1,3
2018010151363,1,9,0,18,0,1,0,0,1,0,3,1,1,1,36,7,2993,2,2,4,1,4
2018010151363,2,1,0,8,3,8,0,0,1,0,1,1,6,2,19,4,-1,-1,-1,3,1,3
2018010151367,1,8,-1,18,-1,-1,0,0,0,0,3,1,1,1,50,8,1798,8,-1,10,1,10
2018010151367,2,9,0,-1,-1,-1,0,0,0,0,4,1,6,3,-1,-1,1968,2,7,-1,-1,-1
2018010151369,1,11,0,5,0,1,0,0,0,0,0,1,1,1,42,7,6692,2,5,1,1,1
2018010151370,1,9,0,10,0,6,0,0,0,0,1,1,6,1,77,11,1769,1,13,5,1,5
2018010151370,2,5,0,16,0,1,1,0,0,0,1,1,6,1,37,7,645,1,15,-1,-1,-1
2018010151371,1,8,0,-1,-1,0,-1,-1,-1,-1,2,-1,6,1,33,6,1798,1,7,2,1,2
2018010151371,2,9,0,-1,-1,0,-1,-1,-1,-1,1,-1,6,3,-1,-1,1798,1,10,-1,-1,-1
2018010151376,1,9,0,18,0,2,0,0,0,0,1,1,3,1,50,8,-1,-1,-1,3,1,3
2018010151377,1,1,0,18,2,1,0,0,0,0,1,1,6,2,28,6,-1,-1,-1,-1,-1,-1
2018010151380,1,9,0,-1,-1,0,-1,-1,-1,-1,2,-1,6,1,35,6,2967,2,8,2,1,2
2018010151380,2,10,0,-1,-1,0,-1,-1,-1,-1,1,-1,6,3,60,9,-1,-1,-1,5,3,5
2018010151384,1,9,0,18,0,0,0,0,0,0,1,1,6,1,30,6,1968,2,13,3,1,3
2018010151394,1,9,0,18,0,0,0,0,0,0,1,1,6,1,21,5,1461,2,5,7,1,7
2018010151394,2,9,0,18,0,0,0,0,0,0,2,2,6,1,46,8,1198,1,5,8,1,8
2018010151394,3,9,0,18,0,0,0,0,0,0,2,1,2,1,66,10,2171,1,13,5,1,5
2018010151395,1,9,0,-1,-1,-1,-1,-1,-1,-1,-1,-1,6,1,34,6,1995,2,3,7,1,7
2018010151395,2,19,0,-1,-1,-1,-1,-1,-1,-1,-1,1,1,1,66,10,6700,2,-1,4,1,4
2018010151396,1,1,-1,-1,-1,-1,-1,-1,-1,-1,1,1,6,2,33,6,-1,-1,-1,6,1,6
2018010151396,2,9,0,-1,-1,-1,-1,-1,-1,-1,1,-1,6,3,-1,-1,1968,2,4,-1,-1,-1
2018010151397,1,19,0,5,0,8,0,0,0,0,1,1,6,1,51,8,2402,2,7,1,1,1
2018010151397,2,19,0,18,0,8,0,0,0,0,4,1,1,1,24,5,2287,2,-1,1,1,1
2018010151400,1,11,0,4,0,0,0,-1,0,0,-1,-1,1,1,49,8,-1,-1,-1,2,1,2
2018010151402,1,9,0,18,0,0,0,0,0,0,1,1,1,1,87,11,2777,2,7,6,1,6
2018010151403,1,9,0,7,0,8,0,0,0,0,1,1,6,1,61,9,1299,1,16,2,1,2
2018010151405,1,1,-1,-1,-1,-1,-1,-1,-1,-1,1,1,2,2,22,5,-1,-1,-1,5,1,5
2018010151405,2,9,0,-1,-1,-1,-1,-1,-1,-1,-1,-1,6,3,-1,-1,-1,-1,-1,-1,-1,-1
2018010151408,1,19,0,18,0,2,0,0,0,0,4,1,2,2,58,9,1248,2,12,1,1,1
2018010151408,2,21,0,18,0,2,0,0,0,0,2,1,2,1,60,9,4461,2,6,10,1,10
2018010151408,3,19,0,18,0,2,0,0,0,0,1,1,1,1,28,6,2143,2,1,6,1,6
2018010151411,1,1,-1,-1,-1,-1,-1,-1,-1,-1,1,1,2,2,28,6,-1,-1,-1,2,1,2
2018010151411,2,19,-1,-1,-1,-1,-1,-1,-1,-1,-1,-1,6,3,-1,-1,1560,2,1,6,1,6
2018010151416,1,3,0,-1,-1,-1,-1,-1,-1,-1,-1,1,2,1,36,7,124,1,9,6,1,6
2018010151416,2,9,0,-1,-1,-1,-1,-1,-1,-1,-1,-1,6,3,-1,-1,998,1,17,4,1,4
2018010151417,1,19,0,18,0,1,1,0,0,0,3,1,1,1,28,6,2143,2,5,6,3,6
2018010151417,2,21,1,18,0,1,3,0,0,0,3,1,1,1,44,7,12742,2,-1,2,1,2
2018010151417,3,19,0,18,0,1,0,0,0,0,1,1,1,1,58,9,1995,2,-1,-1,-1,-1
2018010151418,1,9,0,18,0,0,0,0,0,0,1,1,2,1,20,4,2143,2,2,-1,-1,-1
2018010151418,2,9,0,4,0,0,0,0,0,0,2,1,6,1,42,7,2179,2,8,3,1,3
2018010151418,3,19,0,4,0,0,0,0,0,0,2,1,1,1,42,7,2198,2,10,1,1,1
2018010151424,1,9,0,9,0,8,0,0,0,0,1,1,6,2,57,9,1275,1,20,4,1,4
2018010151424,2,3,0,18,0,8,0,0,0,0,3,1,6,1,50,8,125,1,4,-1,-1,-1
2018010151428,1,9,0,18,0,2,0,0,0,0,1,1,6,1,27,6,1198,1,3,4,1,4
2018010151432,1,1,-1,-1,-1,-1,-1,-1,-1,-1,-1,1,2,2,34,6,-1,-1,-1,9,1,9
2018010151432,2,8,0,-1,-1,-1,-1,-1,-1,-1,-1,-1,6,3,36,7,1798,8,3,3,1,3
2018010151433,1,4,0,4,0,0,0,0,0,0,2,1,1,1,40,7,125,1,1,5,1,5
2018010151433,2,8,0,4,0,0,0,0,0,0,1,1,1,1,57,9,-1,-1,-1,5,1,5
2018010151435,1,9,0,-1,-1,-1,-1,-1,-1,-1,4,-1,2,1,31,6,1968,2,11,2,1,2
2018010151435,2,9,0,-1,-1,-1,-1,-1,-1,-1,-1,-1,6,3,-1,-1,1995,2,2,-1,-1,-1
2018010151436,1,9,0,18,0,1,0,0,0,0,1,1,2,1,24,5,1339,1,12,7,1,7
2018010151437,1,9,0,3,0,1,0,0,0,0,1,1,2,1,51,8,1968,2,6,3,1,3
2018010151439,1,9,0,18,0,0,0,0,0,0,2,1,6,2,27,6,1496,2,4,2,1,2
2018010151439,2,9,0,18,0,0,0,0,0,0,1,1,6,1,46,8,998,1,10,2,1,2
2018010151439,3,9,0,18,0,0,0,0,0,0,1,1,6,2,58,9,1398,1,3,5,1,5
2018010151440,1,9,0,18,0,2,0,0,0,0,1,1,6,1,32,6,2143,2,5,10,1,10
2018010151444,1,9,0,9,0,5,0,0,0,0,1,1,6,1,33,6,1390,1,8,3,1,3
2018010151444,2,2,0,15,2,1,5,0,0,0,1,1,1,1,21,5,-1,3,-1,4,1,4
2018010151445,1,3,0,-1,-1,-1,-1,-1,-1,-1,-1,1,2,1,31,6,124,1,11,3,1,3
2018010151445,2,9,0,-1,-1,-1,-1,-1,-1,-1,-1,-1,6,3,-1,-1,1991,2,12,5,1,5
2018010151452,1,11,0,18,0,1,0,0,0,0,0,1,1,1,45,7,6700,2,9,-1,-1,-1
2018010151457,1,8,0,4,0,1,0,0,0,0,1,1,6,1,55,8,1686,2,4,3,1,3
2018010151460,1,9,0,4,0,0,0,0,0,0,2,1,6,2,30,6,1598,1,12,6,1,6
2018010151460,2,9,0,3,0,0,0,0,0,0,2,1,4,2,27,6,2143,2,7,2,1,2
2018010151460,3,9,0,11,0,0,0,0,0,0,1,1,6,1,31,6,2698,2,10,3,1,3
2018010151465,1,9,0,14,0,0,0,4,0,0,1,1,6,2,75,10,999,1,3,-1,-1,-1
2018010151465,2,9,0,2,0,0,0,0,0,0,1,1,6,3,-1,-1,1896,2,10,-1,-1,-1
2018010151467,1,5,0,18,0,1,0,10,0,0,1,1,6,1,49,8,1170,1,-1,3,1,3
2018010151467,2,5,0,4,0,1,0,0,0,0,2,1,6,1,47,8,1170,1,-1,3,1,3
2018010151470,1,9,0,9,0,1,0,0,0,0,1,1,2,1,47,8,1598,2,3,7,1,7
2018010151470,2,1,0,18,0,8,0,0,0,0,1,1,2,1,32,6,-1,-1,-1,3,1,3
2018010151475,1,9,0,18,0,8,0,0,0,0,1,2,1,1,56,9,-1,-1,-1,3,1,3
2018010151475,2,3,0,18,0,8,5,0,0,0,4,1,1,2,29,6,125,1,2,1,1,1
2018010151477,1,9,0,10,0,1,0,0,0,0,2,1,1,1,54,8,1997,2,5,3,1,3
2018010151477,2,5,0,18,0,1,0,0,0,0,1,1,6,1,41,7,649,1,3,3,-1,3
2018010151478,1,9,0,3,0,0,0,0,0,0,2,1,2,1,37,7,1329,1,9,2,1,2
2018010151478,2,5,0,18,0,0,0,4,0,0,1,1,6,1,23,5,689,1,3,9,1,9
2018010151478,3,9,0,18,0,0,0,0,0,0,1,1,6,3,-1,-1,2993,2,12,-1,-1,-1
2018010151483,1,9,0,18,0,6,0,0,0,0,4,1,1,2,27,6,1560,2,4,3,1,3
2018010151483,2,9,0,18,0,1,0,0,0,0,1,1,6,1,27,6,1796,1,11,3,1,3
2018010151484,1,3,0,18,0,1,0,0,0,0,1,1,6,1,32,6,-1,-1,-1,3,1,3
2018010151487,1,9,0,18,0,0,0,0,0,0,1,1,6,1,75,10,659,1,10,3,1,3
2018010151487,2,1,0,18,0,0,0,0,0,0,2,1,6,1,16,4,-1,-1,-1,2,1,2
2018010151488,1,9,0,18,0,0,0,0,0,0,1,1,6,1,67,10,1948,1,15,1,1,1
2018010151491,1,9,0,18,0,8,0,0,0,0,1,1,6,1,39,7,1498,1,-1,8,1,8
2018010151491,2,9,0,18,0,8,0,0,0,0,2,1,6,1,60,9,3222,2,18,4,1,4
2018010151491,3,9,0,18,0,1,0,0,0,0,2,1,6,1,28,6,1797,8,7,1,1,1
2018010151491,4,9,0,18,0,1,0,0,0,0,2,1,6,1,28,6,1995,2,2,4,1,4
2018010151500,1,9,0,16,0,2,0,0,0,0,1,1,2,1,51,8,1995,2,7,5,1,5
2018010151501,1,8,0,-1,-1,-1,-1,-1,-1,-1,1,-1,6,1,50,8,1598,2,5,2,1,2
2018010151501,2,9,-1,-1,-1,-1,-1,-1,0,0,-1,-1,6,3,-1,-1,-1,-1,-1,-1,-1,-1
2018010151502,1,9,0,18,0,0,0,0,0,0,4,1,2,1,36,7,999,1,3,8,2,8
2018010151503,1,9,0,18,0,8,0,0,0,0,3,1,6,1,26,6,1999,2,1,3,1,3
2018010151503,2,9,0,18,9,8,0,0,7,10,4,1,6,1,42,7,2179,2,6,3,1,3
2018010151503,3,9,0,18,0,8,0,0,0,0,3,1,6,2,28,6,1685,2,3,2,1,2
2018010151505,1,9,0,18,0,1,5,10,0,0,1,1,6,1,34,6,1986,2,11,4,1,4
2018010151505,2,9,0,2,0,1,0,4,0,0,2,1,6,3,-1,-1,1596,1,11,-1,-1,-1
2018010151505,3,9,0,2,0,1,0,0,0,0,2,1,6,3,-1,-1,1596,1,12,-1,-1,-1
2018010151505,4,9,0,2,0,1,0,0,0,0,2,1,6,3,-1,-1,2494,1,15,-1,-1,-1
2018010151506,1,9,0,18,0,8,0,9,0,0,1,1,6,1,22,5,998,1,2,10,1,10
2018010151506,2,9,0,2,0,2,0,0,0,0,0,1,6,3,-1,-1,1995,2,2,-1,-1,-1
2018010151508,1,9,0,16,0,5,0,10,3,4,1,1,6,1,20,4,1995,2,11,3,1,3
2018010151509,1,9,0,18,0,4,0,0,0,0,1,1,2,2,28,6,1339,1,3,5,1,5
2018010151509,2,1,0,18,0,1,0,0,0,0,4,1,1,2,14,3,-1,-1,-1,8,1,8
2018010151510,1,9,0,3,0,0,0,0,0,0,1,1,1,1,34,6,3200,2,1,3,1,3
2018010151510,2,19,0,3,0,0,0,0,0,0,2,1,1,1,51,8,1997,2,10,9,1,9
2018010151510,3,9,0,3,0,0,0,0,0,0,2,1,2,1,48,8,1997,2,11,-1,-1,-1
2018010151511,1,11,0,3,2,1,0,0,0,0,0,1,1,1,59,9,4500,2,3,4,1,4
2018010151513,1,9,0,18,0,0,0,7,0,0,1,1,6,3,-1,-1,2000,2,12,-1,-1,-1
2018010151513,2,9,0,18,0,0,0,0,0,0,1,1,2,1,28,6,1968,2,7,4,1,4
2018010151513,3,9,0,2,0,0,0,0,0,0,3,1,6,3,-1,-1,-1,-1,-1,-1,-1,-1
2018010151514,1,1,-1,3,-1,-1,-1,-1,-1,0,-1,1,6,1,35,6,-1,-1,-1,5,1,5
2018010151514,2,9,-1,-1,-1,-1,-1,-1,-1,-1,-1,-1,6,3,-1,-1,2143,2,5,-1,-1,-1
2018010151516,1,19,0,3,0,0,0,11,0,0,1,1,1,1,35,6,2198,2,2,6,1,6
2018010151520,1,9,0,7,0,6,0,0,0,0,1,1,1,2,34,6,1390,1,10,7,1,7
2018010151527,1,9,0,5,0,8,0,0,0,0,1,1,6,1,61,9,-1,-1,-1,8,1,8
2018010151527,2,4,0,18,0,1,0,0,0,0,4,1,2,1,52,8,244,1,8,6,1,6
2018010151529,1,9,0,18,0,1,0,0,0,0,4,1,6,2,52,8,1598,1,10,7,1,7
2018010151532,1,9,0,4,0,0,0,0,0,0,2,1,2,2,38,7,1598,1,4,5,1,5
2018010151532,2,9,0,4,0,0,0,0,0,0,1,1,2,1,58,9,2996,1,7,6,1,6
2018010151533,1,5,0,18,0,0,0,0,0,0,1,1,6,1,37,7,689,1,-1,1,1,1
2018010151533,2,9,0,6,0,0,0,0,0,0,4,1,6,1,23,5,2993,2,3,2,1,2
2018010151534,1,9,0,12,0,0,0,0,0,0,3,1,2,1,47,8,2143,2,5,9,2,9
2018010151534,2,5,0,18,0,0,5,0,0,0,4,1,3,1,38,7,1137,1,20,10,1,10
2018010151535,1,19,0,2,2,2,0,0,0,0,3,1,6,3,-1,-1,-1,-1,-1,-1,-1,-1
2018010151535,2,9,0,18,0,2,0,0,0,0,1,1,2,2,52,8,1584,1,13,2,1,2
2018010151535,3,1,0,18,0,2,2,0,0,0,4,1,2,2,26,6,-1,-1,-1,-1,-1,-1
2018010151536,1,9,0,-1,-1,-1,-1,-1,-1,-1,1,-1,6,3,-1,-1,1798,8,1,-1,-1,-1
2018010151539,1,9,0,4,0,0,0,0,0,0,4,1,6,2,26,6,1796,1,9,8,1,8
2018010151540,1,5,0,18,0,-1,0,-1,0,0,1,1,6,1,54,8,1170,1,-1,7,1,7
2018010151542,1,8,0,10,0,6,0,0,0,0,4,1,1,1,56,9,2402,2,14,8,1,8
2018010151542,2,1,0,5,0,1,0,0,0,0,1,1,2,1,30,6,-1,-1,-1,4,1,4
2018010151543,1,3,0,18,0,1,2,0,0,0,3,1,6,1,39,7,124,1,9,4,1,4
2018010151543,2,9,0,5,0,6,0,0,0,0,1,1,2,1,44,7,1998,2,7,2,1,2
2018010151545,1,9,0,18,0,1,0,0,0,0,-1,1,6,3,-1,-1,-1,-1,-1,-1,-1,-1
2018010151548,1,9,0,4,0,0,0,0,0,0,1,1,2,1,29,6,-1,-1,-1,10,1,10
2018010151548,2,19,0,3,0,0,0,0,0,0,2,1,1,1,48,8,1499,2,2,6,1,6
2018010151548,3,9,0,3,0,0,0,0,0,0,2,1,1,1,52,8,3456,8,6,5,1,5
2018010151550,1,8,0,14,0,0,0,0,0,0,1,1,2,1,61,9,1560,2,3,2,1,2
2018010151551,1,9,0,9,0,5,0,0,0,0,1,1,2,1,24,5,1591,1,-1,3,1,3
2018010151553,1,11,0,3,0,0,0,0,0,0,4,1,1,1,30,6,4500,2,10,2,1,2
2018010151555,1,11,0,5,0,1,0,0,0,0,0,1,1,1,72,10,6692,2,7,2,1,2
2018010151557,1,1,-1,-1,-1,-1,-1,-1,-1,-1,1,1,2,2,38,7,-1,-1,-1,2,1,2
2018010151557,2,19,0,-1,-1,-1,-1,-1,-1,-1,-1,-1,6,3,44,7,1753,2,11,6,1,6
2018010151558,1,19,0,18,0,-1,-1,-1,-1,-1,-1,1,6,3,-1,-1,2148,2,9,-1,-1,-1
2018010151562,1,19,0,-1,-1,-1,-1,-1,-1,-1,1,-1,6,3,-1,-1,-1,-1,-1,-1,-1,-1
2018010151572,1,9,0,11,0,0,0,0,0,0,4,1,6,1,51,8,1796,1,11,9,1,9
2018010151572,2,1,0,10,0,0,0,0,0,0,2,1,2,1,26,6,-1,-1,-1,2,1,2
2018010151577,1,9,5,5,0,0,0,0,0,0,1,1,6,1,79,11,1242,1,13,10,1,10
2018010151582,1,9,0,18,0,1,1,0,0,0,1,1,2,2,38,7,1997,2,11,6,1,6
2018010151582,2,9,0,5,0,1,0,0,0,0,1,1,3,1,62,9,1969,8,1,7,1,7
2018010151584,1,1,-1,-1,-1,-1,-1,-1,-1,-1,-1,1,2,1,23,5,-1,-1,-1,8,1,8
2018010151584,2,9,0,-1,-1,-1,-1,-1,-1,-1,1,-1,6,3,-1,-1,-1,-1,-1,-1,-1,-1
2018010151586,1,9,0,14,0,0,5,0,0,0,3,1,6,1,83,11,1086,1,10,7,1,7
2018010151586,2,9,0,2,0,0,0,0,0,0,0,1,6,3,-1,-1,-1,-1,-1,-1,-1,-1
2018010151587,1,9,0,-1,-1,-1,-1,-1,-1,-1,2,-1,6,2,52,8,-1,-1,-1,7,1,7
2018010151587,2,9,0,-1,-1,-1,-1,-1,-1,-1,2,-1,6,2,40,7,1497,8,10,8,1,8
2018010151589,1,9,0,3,0,2,0,0,0,0,3,-1,6,2,40,7,1598,1,9,7,1,7