Accident_Index,Vehicle_Reference,Vehicle_Type,Towing_and_Articulation,Vehicle_Manoeuvre,Vehicle_Location-Restricted_Lane,Junction_Location,Skidding_and_Overturning,Hit_Object_in_Carriageway,Vehicle_Leaving_Carriageway,Hit_Object_off_Carriageway,1st_Point_of_Impact,Was_Vehicle_Left_Hand_Drive?,Journey_Purpose_of_Driver,Sex_of_Driver,Age_of_Driver,Age_Band_of_Driver,Engine_Capacity_(CC),Propulsion_Code,Age_of_Vehicle,Driver_IMD_Decile,Driver_Home_Area_Type,Vehicle_IMD_Decile
2018010151589,2,9,0,9,0,5,0,0,0,0,1,-1,6,3,-1,-1,1796,1,14,-1,-1,-1
2018010151592,1,9,0,9,0,1,0,0,0,0,3,1,6,2,54,8,1360,1,15,7,1,7
2018010151592,2,4,0,13,0,1,0,0,0,0,3,1,6,1,25,5,125,1,-1,3,1,3
2018010151595,1,9,0,3,-1,-1,-1,-1,-1,-1,2,1,6,2,57,9,1686,2,7,7,1,7
2018010151595,2,9,-1,-1,-1,-1,-1,-1,-1,-1,-1,-1,6,3,-1,-1,1400,1,12,8,1,8
2018010151600,1,19,0,-1,-1,-1,-1,-1,-1,-1,-1,-1,2,1,21,5,-1,-1,-1,2,1,2
2018010151600,2,8,0,-1,-1,-1,-1,-1,-1,-1,-1,-1,6,3,-1,-1,1686,2,4,-1,-1,-1
2018010151602,1,9,0,4,0,2,0,0,0,0,0,1,1,1,30,6,-1,-1,-1,4,1,4
2018010151602,2,1,0,14,0,2,0,4,0,0,1,1,2,2,50,8,-1,-1,-1,1,1,1
2018010151606,1,1,-1,-1,-1,-1,-1,-1,-1,-1,-1,1,2,2,30,6,-1,-1,-1,5,1,5
2018010151606,2,19,0,-1,-1,-1,-1,-1,-1,-1,-1,-1,6,3,-1,-1,-1,-1,-1,-1,-1,-1
2018010151609,1,11,0,5,0,1,0,0,0,0,4,1,1,1,49,8,9360,2,8,5,1,5
2018010151619,1,9,0,2,-1,-1,-1,-1,-1,-1,2,-1,6,3,-1,-1,1997,2,5,-1,-1,-1
2018010151619,2,9,0,-1,-1,-1,-1,-1,-1,-1,4,-1,6,3,30,6,2261,1,11,5,1,5
2018010151622,1,9,0,18,0,0,0,0,0,0,4,1,1,1,39,7,1995,2,6,-1,-1,-1
2018010151622,2,2,0,18,0,0,0,0,0,0,3,1,6,1,24,5,124,1,10,4,1,4
2018010151629,1,9,0,1,0,0,0,10,0,0,4,1,6,1,16,4,1598,1,16,-1,-1,-1
2018010151629,2,9,0,4,0,0,0,0,0,0,1,1,1,1,40,7,1560,2,4,-1,-1,-1
2018010151629,3,9,0,2,0,0,0,0,0,0,3,1,6,3,-1,-1,1797,8,6,-1,-1,-1
2018010151629,4,9,0,2,0,0,0,0,0,0,4,1,6,3,-1,-1,2143,2,2,-1,-1,-1
2018010151629,5,19,0,2,0,0,0,0,0,0,4,1,6,3,-1,-1,2198,2,3,-1,-1,-1
2018010151631,1,19,0,-1,-1,0,-1,-1,-1,-1,-1,-1,6,1,52,8,1968,2,6,9,1,9
2018010151638,1,11,0,18,2,2,0,0,0,0,0,1,1,1,25,5,4500,2,1,3,1,3
2018010151643,1,9,0,10,0,1,0,0,1,0,4,1,6,2,67,10,999,1,4,7,1,7
2018010151643,2,9,0,18,0,1,0,0,0,0,1,1,6,1,52,8,1988,1,16,8,1,8
2018010151645,1,9,0,18,0,0,0,0,0,0,1,1,2,1,20,4,2995,1,-1,6,1,6
2018010151652,1,3,0,-1,-1,-1,-1,-1,-1,-1,-1,1,6,1,27,6,125,1,7,4,1,4
2018010151652,2,9,0,-1,-1,-1,-1,-1,-1,-1,1,-1,6,3,-1,-1,1956,2,9,3,1,3
2018010151654,1,9,0,18,0,1,0,0,0,0,1,1,6,1,32,6,1496,2,3,4,1,4
2018010151656,1,3,0,16,0,0,2,10,0,0,1,1,6,1,14,3,125,1,10,2,1,2
2018010151656,2,9,0,16,0,0,0,0,0,0,0,1,1,1,28,6,999,1,-1,-1,-1,-1
2018010151656,3,9,0,18,0,0,0,0,0,0,0,1,1,1,38,7,1499,2,2,4,1,4
2018010151656,4,9,0,18,0,0,0,0,0,0,0,1,1,1,37,7,999,1,1,4,1,4
2018010151659,1,9,0,9,0,1,0,0,0,0,2,1,6,1,53,8,2198,2,8,9,1,9
2018010151664,1,1,-1,-1,-1,-1,-1,-1,-1,-1,-1,1,2,1,25,5,-1,-1,-1,2,1,2
2018010151664,2,20,0,-1,-1,-1,-1,-1,-1,-1,-1,-1,6,3,32,6,2287,2,1,5,1,5
2018010151666,1,1,-1,-1,-1,-1,-1,-1,-1,-1,0,1,2,1,44,7,-1,-1,-1,10,1,10
2018010151666,2,9,0,-1,-1,-1,-1,-1,-1,-1,-1,-1,6,3,-1,-1,1995,2,-1,-1,-1,-1
2018010151667,1,9,0,9,0,5,0,0,0,0,1,1,6,1,17,4,1598,1,8,4,1,4
2018010151670,1,9,0,9,0,8,0,0,0,0,3,1,6,1,27,6,1796,1,14,5,1,5
2018010151670,2,5,0,18,0,8,1,0,0,0,1,1,2,1,55,8,599,1,9,-1,-1,-1
2018010151672,1,11,0,13,9,6,0,7,3,1,1,1,1,2,46,8,9360,2,6,1,1,1
2018010151674,1,9,0,-1,-1,-1,-1,-1,-1,-1,2,-1,2,2,-1,-1,999,1,8,2,1,2
2018010151674,2,9,0,-1,-1,-1,-1,-1,-1,-1,1,-1,6,1,-1,-1,2143,2,7,8,1,8
2018010151678,1,1,-1,-1,-1,-1,-1,-1,-1,-1,-1,1,6,1,22,5,-1,-1,-1,10,1,10
2018010151678,2,9,0,-1,-1,-1,-1,-1,-1,-1,1,-1,6,3,-1,-1,2179,2,4,-1,-1,-1
2018010151685,1,9,0,-1,-1,-1,-1,-1,-1,-1,-1,-1,6,2,67,10,1117,1,27,3,1,3
2018010151685,2,9,0,-1,-1,-1,-1,-1,-1,-1,-1,-1,6,3,-1,-1,2148,2,18,8,1,8
2018010151687,1,9,0,-1,-1,-1,-1,-1,-1,-1,-1,-1,6,3,-1,-1,2143,2,5,-1,-1,-1
2018010151688,1,9,0,17,0,1,0,4,0,0,1,1,6,1,74,10,1798,8,1,3,1,3
2018010151688,2,9,0,2,0,1,0,0,0,0,2,1,6,3,-1,-1,1560,2,4,-1,-1,-1
2018010151689,1,1,-1,-1,-1,-1,-1,-1,-1,-1,1,1,2,1,27,6,-1,-1,-1,3,1,3
2018010151689,2,9,0,-1,-1,-1,-1,-1,-1,-1,1,-1,6,3,-1,-1,3628,2,8,2,1,2
2018010151694,1,19,0,18,0,2,0,7,0,0,1,1,1,1,54,8,1560,2,10,8,1,8
2018010151695,1,9,0,9,0,2,0,0,0,0,4,1,2,1,46,8,1968,2,8,3,1,3
2018010151695,2,5,0,18,0,1,0,0,0,0,1,1,2,1,45,7,999,1,-1,6,1,6
2018010151699,1,9,0,-1,-1,0,-1,-1,-1,-1,2,-1,6,1,46,8,2000,1,18,2,1,2
2018010151699,2,9,0,-1,-1,0,-1,-1,-1,-1,1,-1,6,3,45,7,1799,1,10,4,1,4
2018010151700,1,1,-1,-1,-1,-1,-1,-1,-1,-1,1,1,2,2,29,6,-1,-1,-1,5,1,5
2018010151700,2,9,0,-1,-1,-1,-1,-1,-1,-1,-1,-1,6,3,-1,-1,-1,-1,-1,-1,-1,-1
2018010151701,1,8,0,9,0,5,0,0,1,0,4,1,1,1,36,7,2143,2,4,1,1,1
2018010151701,2,3,0,15,0,1,0,0,0,0,4,1,1,1,22,5,125,1,-1,7,1,7
2018010151702,1,11,0,18,0,1,0,0,0,0,1,1,1,1,52,8,9000,2,8,3,1,3
2018010151705,1,3,0,18,0,2,0,4,0,0,1,1,6,1,58,9,125,1,9,4,1,4
2018010151705,2,9,0,2,0,2,0,0,0,0,2,1,6,3,-1,-1,2993,2,15,-1,-1,-1
2018010151705,3,3,0,12,0,2,0,0,0,0,1,1,6,3,-1,-1,-1,-1,-1,-1,-1,-1
2018010151712,1,4,0,18,0,3,0,0,0,0,3,1,1,1,32,6,125,1,3,10,1,10
2018010151713,1,5,0,-1,-1,0,-1,0,-1,-1,-1,1,6,1,43,7,745,1,1,2,1,2
2018010151713,2,9,0,-1,-1,0,-1,-1,-1,-1,1,-1,6,3,-1,-1,-1,-1,-1,2,1,2
2018010151716,1,9,0,9,0,8,0,0,0,0,1,1,6,2,39,7,1595,1,5,5,1,5
2018010151716,2,1,0,18,0,8,0,0,0,0,3,1,6,1,57,9,-1,-1,-1,3,1,3
2018010151717,1,9,0,-1,-1,8,-1,-1,-1,-1,-1,-1,6,3,-1,-1,-1,-1,-1,-1,-1,-1
2018010151719,1,9,0,9,0,1,0,0,0,0,1,1,6,1,23,5,1797,8,4,4,1,4
2018010151719,2,3,0,13,0,2,0,0,0,0,1,1,6,1,30,6,125,1,-1,6,1,6
2018010151720,1,9,0,-1,-1,-1,-1,-1,-1,-1,2,-1,6,1,44,7,1461,2,6,3,1,3
2018010151720,2,9,0,-1,-1,-1,-1,-1,-1,-1,1,-1,6,3,-1,-1,1339,1,7,-1,-1,-1
2018010151721,1,9,0,4,0,8,0,0,0,0,3,1,2,2,17,4,998,1,12,8,1,8
2018010151722,1,9,0,16,0,1,0,0,0,0,1,1,6,1,53,8,2198,1,10,6,1,6
2018010151722,2,2,0,9,0,1,0,0,1,0,1,1,1,1,59,9,125,1,5,3,1,3
2018010151723,1,9,0,18,0,3,0,0,0,0,1,1,6,2,45,7,1598,1,11,3,1,3
2018010151727,1,9,0,18,0,4,0,0,0,0,1,1,6,2,45,7,1997,2,3,3,1,3
2018010151727,2,9,0,18,0,4,0,0,0,0,2,2,6,1,19,4,1229,1,9,5,1,5
2018010151727,3,9,0,18,0,4,0,0,0,0,2,1,2,1,51,8,2143,2,4,5,1,5
2018010151731,1,5,0,18,0,0,1,0,0,0,0,1,2,1,48,8,899,1,18,-1,-1,-1
2018010151731,2,9,0,2,0,0,0,0,0,0,1,1,6,3,-1,-1,1591,1,3,-1,-1,-1
2018010151732,1,9,0,5,0,2,0,0,0,0,1,1,6,1,38,7,1498,1,8,6,1,6
2018010151732,2,1,0,17,0,2,0,0,0,0,2,1,2,1,38,7,-1,-1,-1,5,1,5
2018010151734,1,9,0,-1,-1,-1,-1,-1,-1,-1,2,-1,6,1,36,7,1995,2,4,1,1,1
2018010151734,2,9,-1,-1,-1,-1,-1,-1,0,0,-1,-1,6,3,-1,-1,1995,2,13,-1,-1,-1
2018010151735,1,3,0,18,0,8,0,0,0,0,1,1,6,1,29,6,125,1,-1,3,1,3
2018010151735,2,9,0,18,0,8,0,0,0,0,1,1,1,1,44,7,1798,8,1,4,1,4
2018010151738,1,3,0,13,0,1,1,0,0,0,1,1,6,1,18,4,124,1,3,3,1,3
2018010151740,1,9,0,3,0,0,0,0,0,0,2,1,6,1,28,6,1984,1,5,-1,-1,-1
2018010151740,2,9,0,3,0,0,0,0,0,0,2,1,6,2,42,7,1596,1,11,6,1,6
2018010151740,3,9,0,18,0,0,0,0,0,0,1,1,6,1,67,10,2967,2,3,-1,-1,-1
2018010151741,1,9,0,18,0,1,0,0,0,0,3,1,6,1,24,5,998,1,6,2,1,2
2018010151741,2,9,0,10,0,8,0,0,0,0,1,1,6,1,47,8,1596,1,11,1,1,1
2018010151742,1,9,0,10,0,8,0,0,0,0,1,1,6,1,50,8,2143,12,3,4,1,4
2018010151742,2,9,0,18,0,8,0,0,0,0,1,1,6,2,30,6,1991,1,1,9,1,9
2018010151743,1,9,0,7,0,1,0,0,0,0,1,1,2,1,29,6,1999,2,2,8,1,8
2018010151743,2,3,0,18,0,1,1,0,0,0,1,1,1,1,21,5,108,1,4,3,1,3
2018010151755,1,9,-1,18,-1,-1,-1,-1,-1,-1,-1,-1,6,1,-1,-1,2987,2,10,10,1,10
2018010151758,1,19,0,9,0,6,0,0,0,0,1,1,6,3,-1,-1,1248,2,9,-1,-1,-1
2018010151759,1,9,-1,-1,0,-1,-1,-1,-1,-1,-1,-1,6,1,48,8,1560,2,6,-1,-1,-1
2018010151759,2,9,-1,-1,0,-1,-1,-1,-1,-1,-1,-1,6,3,-1,-1,1248,1,9,-1,-1,-1
2018010151761,1,9,0,18,0,1,0,0,0,0,1,1,2,2,23,5,1596,1,12,2,1,2
2018010151761,2,9,0,9,0,1,0,0,0,0,1,1,3,1,43,7,1493,2,11,6,1,6
2018010151762,1,3,0,15,0,1,2,0,1,0,1,1,6,1,21,5,125,1,8,8,1,8
2018010151762,2,9,0,5,0,1,0,0,0,0,4,1,6,1,50,8,1229,1,11,2,1,2
2018010151763,1,9,0,2,0,1,0,0,0,0,1,1,6,3,-1,-1,2993,2,5,-1,-1,-1
2018010151763,2,9,0,5,0,1,0,0,0,0,1,1,6,1,29,6,-1,-1,-1,3,1,3
2018010151764,1,3,-1,3,-1,-1,-1,-1,-1,-1,-1,1,6,1,44,7,125,1,2,2,1,2
2018010151764,2,3,-1,18,-1,-1,-1,-1,-1,-1,-1,1,6,3,-1,-1,125,1,11,-1,-1,-1
2018010151764,3,9,-1,3,-1,-1,-1,-1,-1,-1,-1,-1,6,1,-1,-1,1984,1,-1,-1,-1,-1
2018010151769,1,9,0,16,0,0,0,0,0,0,1,1,6,3,-1,-1,1998,1,20,-1,-1,-1
2018010151772,1,19,0,9,0,8,0,0,0,0,3,1,2,1,47,8,2143,2,3,3,1,3
2018010151772,2,3,0,18,0,8,0,0,0,0,1,1,6,1,20,4,125,1,1,8,1,8
2018010151775,1,11,-1,-1,-1,-1,-1,-1,-1,-1,-1,-1,6,1,57,9,-1,-1,-1,3,1,3
2018010151778,1,11,0,4,3,1,0,0,0,0,2,1,6,2,31,6,5132,2,3,5,1,5
2018010151778,2,9,0,14,0,1,0,4,0,0,1,1,1,1,31,6,-1,-1,-1,3,-1,3
2018010151792,1,9,0,18,0,0,0,0,0,0,4,1,2,1,39,7,2148,2,12,7,1,7
2018010151793,1,9,0,-1,-1,-1,-1,-1,-1,-1,2,-1,2,2,60,9,1598,1,2,3,1,3
2018010151793,2,19,-1,-1,-1,-1,-1,-1,-1,-1,2,-1,6,1,-1,-1,2143,2,8,3,1,3
2018010151796,1,9,0,1,9,1,0,0,0,0,2,2,6,1,71,10,1798,1,3,5,1,5
2018010151796,2,9,0,18,0,1,0,10,0,0,1,1,4,2,37,7,1496,2,2,2,1,2
2018010151812,1,19,0,5,0,1,0,0,0,0,1,1,1,1,41,7,1995,2,-1,4,1,4
2018010151813,1,9,0,18,0,0,0,0,0,0,4,1,6,2,33,6,1598,2,2,7,1,7
2018010151813,2,20,1,12,0,0,0,0,0,0,3,2,6,3,-1,-1,-1,-1,-1,-1,-1,-1
2018010151817,1,9,0,7,0,1,0,0,0,0,4,1,6,2,30,6,1995,2,8,2,1,2
2018010151817,2,1,0,14,0,1,5,0,0,0,3,1,2,1,49,8,-1,-1,-1,3,1,3
2018010151818,1,1,-1,-1,-1,-1,-1,-1,-1,-1,-1,1,6,1,55,8,-1,-1,-1,4,1,4
2018010151818,2,9,0,-1,-1,-1,-1,-1,-1,-1,-1,-1,6,3,-1,-1,-1,-1,-1,-1,-1,-1
2018010151822,1,1,-1,-1,-1,-1,-1,-1,-1,-1,2,1,2,2,29,6,-1,-1,-1,1,1,1
2018010151822,2,9,0,-1,-1,-1,-1,-1,-1,-1,1,-1,6,3,-1,-1,1388,1,18,2,1,2
2018010151823,1,19,0,18,0,8,1,0,1,2,4,1,6,1,39,7,2198,2,2,4,3,4
2018010151823,2,9,0,9,0,8,0,10,0,0,1,1,6,1,26,6,1968,2,10,7,2,7
2018010151825,1,19,0,1,0,1,0,0,0,0,2,1,1,1,23,5,1598,2,1,10,2,10
2018010151825,2,19,0,2,0,1,0,0,0,0,2,1,6,3,-1,-1,1968,2,-1,-1,-1,-1
2018010151830,1,9,0,18,0,0,0,0,0,0,1,1,6,2,79,11,1781,1,15,-1,-1,-1
2018010151830,2,9,0,18,0,0,0,0,0,0,2,1,6,1,47,8,1896,2,13,-1,-1,-1
2018010151834,1,19,0,9,0,2,0,0,0,0,4,1,1,1,26,6,1598,2,4,3,1,3
2018010151838,1,9,0,18,0,8,0,0,0,0,3,1,6,2,50,8,1596,1,7,9,1,9
2018010151838,2,9,0,18,0,8,0,0,0,0,1,1,6,2,26,6,1587,1,14,-1,-1,-1
2018010151840,1,19,0,7,0,6,0,0,0,0,1,1,1,1,28,6,1997,2,1,1,1,1
2018010151840,2,1,0,18,0,1,0,0,0,0,4,1,6,2,36,7,-1,-1,-1,3,1,3
2018010151841,1,9,0,9,0,8,0,0,0,0,1,1,1,1,40,7,1798,8,3,3,1,3
2018010151841,2,3,0,9,0,8,0,0,0,0,1,1,1,1,47,8,125,1,1,2,1,2
2018010151843,1,9,0,18,0,0,0,0,0,0,4,1,6,1,28,6,1499,2,3,6,1,6
2018010151844,1,9,0,10,0,5,0,0,0,0,1,2,6,2,49,8,999,1,4,-1,-1,-1
2018010151848,1,9,0,18,0,8,0,0,0,0,3,1,3,1,48,8,1794,1,15,3,1,3
2018010151856,1,9,0,9,0,6,0,0,0,0,1,1,6,1,30,6,1598,2,5,-1,-1,-1
2018010151856,2,5,0,14,0,1,0,0,0,0,1,1,6,1,24,5,659,1,13,-1,-1,-1
2018010151858,1,9,-1,18,0,0,0,0,0,0,1,-1,6,3,-1,-1,-1,-1,-1,-1,-1,-1
2018010151862,1,9,0,18,0,0,0,0,0,0,4,1,2,2,68,10,1598,1,6,8,1,8
2018010151863,1,9,-1,18,0,2,-1,0,-1,0,1,-1,6,3,-1,-1,-1,-1,-1,-1,-1,-1
2018010151870,1,9,0,-1,-1,-1,-1,-1,-1,-1,2,-1,6,1,27,6,1995,2,5,5,1,5
2018010151870,2,9,0,-1,-1,-1,-1,-1,-1,-1,2,-1,6,3,-1,-1,998,1,10,5,1,5
2018010151870,3,9,0,-1,-1,-1,-1,-1,-1,-1,1,-1,6,3,20,4,1595,1,2,3,1,3
2018010151871,1,9,0,4,0,2,0,0,0,0,0,1,6,2,55,8,1390,1,8,5,1,5
2018010151871,2,19,0,9,0,2,0,0,0,0,1,1,1,2,51,8,1598,2,7,3,1,3
2018010151873,1,19,0,5,0,1,0,0,0,0,1,2,2,1,53,8,1870,2,13,9,1,9
2018010151873,2,9,0,16,0,2,0,4,0,0,1,1,1,1,30,6,2143,2,1,-1,-1,-1
2018010151873,3,9,0,2,0,1,0,0,0,0,1,1,6,3,-1,-1,4398,1,16,-1,-1,-1
2018010151875,1,9,0,18,0,1,0,0,0,0,1,1,6,3,-1,-1,-1,-1,-1,-1,-1,-1
2018010151875,2,1,0,3,4,1,0,0,0,0,1,1,6,1,22,5,-1,-1,-1,6,1,6
2018010151879,1,19,0,18,0,6,0,0,0,0,4,1,1,1,51,8,2148,2,9,2,1,2
2018010151883,1,9,0,4,0,5,0,10,1,10,1,1,6,1,22,5,-1,-1,-1,-1,-1,-1
2018010151884,1,4,0,18,0,8,0,11,0,0,1,1,1,1,34,6,108,1,2,4,1,4
2018010151885,1,4,0,18,0,1,0,0,0,0,1,1,6,1,29,6,125,1,12,5,1,5
2018010151889,1,9,0,18,0,-1,0,-1,0,0,-1,1,6,1,-1,-1,-1,3,4,9,1,9
2018010151891,1,9,0,16,0,0,0,0,0,0,1,1,6,2,66,10,1796,1,13,10,1,10
2018010151891,2,90,0,16,0,0,0,0,0,0,1,1,6,1,49,8,-1,-1,-1,9,1,9
2018010151892,1,8,0,18,0,1,0,0,0,0,4,1,1,1,36,7,1797,8,4,4,1,4
2018010151900,1,8,0,-1,-1,-1,-1,-1,-1,-1,-1,-1,6,1,43,7,1798,8,5,2,1,2
2018010151900,2,90,-1,-1,-1,-1,-1,-1,-1,-1,-1,-1,6,3,-1,-1,-1,-1,-1,-1,-1,-1
2018010151913,1,11,0,18,0,2,0,0,0,0,4,1,1,1,26,6,4500,2,3,1,1,1
2018010151917,1,8,0,18,0,1,0,0,0,0,2,1,1,1,64,9,2967,2,6,4,1,4
2018010151917,2,9,0,18,0,1,0,0,0,0,1,2,6,1,63,9,2993,2,4,10,1,10
2018010151918,1,9,0,9,0,5,0,0,0,0,1,1,1,1,31,6,1956,2,6,5,2,5
2018010151918,2,4,0,18,0,8,0,0,0,0,1,1,1,1,26,6,124,1,2,4,1,4
2018010151924,1,1,0,18,9,1,0,0,0,0,1,1,6,1,38,7,-1,-1,-1,-1,-1,-1
2018010151925,1,9,0,18,0,0,0,0,0,0,1,1,6,1,59,9,1497,8,10,2,1,2
2018010151925,2,3,0,7,0,0,0,0,0,0,1,1,6,1,35,6,125,1,3,3,1,3
2018010151925,3,9,0,2,0,0,0,0,0,0,2,1,6,3,-1,-1,998,1,1,-1,-1,-1
2018010151927,1,19,0,9,0,1,0,11,1,10,4,1,1,1,47,8,2143,2,5,6,2,6
2018010151929,1,8,0,7,0,5,0,0,0,0,1,1,1,1,29,6,1798,8,5,4,1,4
2018010151929,2,4,0,5,0,6,0,0,0,0,1,1,6,1,48,8,471,1,5,1,1,1
2018010151932,1,3,0,-1,-1,-1,-1,-1,-1,-1,-1,1,2,1,32,6,125,1,-1,6,1,6
2018010151932,2,9,0,-1,-1,-1,-1,-1,-1,-1,-1,-1,6,3,-1,-1,-1,-1,-1,-1,-1,-1
2018010151934,1,9,0,18,0,0,0,0,0,0,1,1,2,2,49,8,1242,1,15,3,1,3
2018010151935,1,9,0,7,0,5,0,0,1,0,4,1,6,1,30,6,1995,2,6,1,1,1
2018010151935,2,3,0,18,0,1,0,0,0,0,4,1,1,1,39,7,125,1,6,3,1,3
2018010151936,1,19,0,18,0,2,0,0,0,0,1,1,6,1,25,5,2198,2,2,3,1,3
2018010151942,1,9,0,7,0,7,0,0,1,0,1,1,2,1,24,5,2204,2,13,7,1,7
2018010151942,2,1,0,18,0,2,0,0,0,0,3,1,2,1,27,6,-1,-1,-1,4,1,4
2018010151943,1,9,0,9,0,1,0,0,0,0,2,1,6,2,69,10,1896,2,14,10,1,10
2018010151943,2,5,0,3,0,1,0,0,0,0,1,1,6,1,60,9,652,1,24,9,1,9
2018010151944,1,3,0,-1,-1,-1,-1,-1,-1,-1,-1,1,6,1,21,5,125,1,6,2,1,2
2018010151944,2,9,0,-1,-1,-1,-1,-1,-1,-1,-1,-1,6,3,-1,-1,1799,1,12,-1,-1,-1
2018010151945,1,3,0,18,0,2,0,0,0,0,1,1,6,3,-1,-1,-1,-1,-1,-1,-1,-1
2018010151946,1,19,0,18,0,1,1,0,0,0,1,1,1,1,50,8,1499,2,-1,5,1,5
2018010151946,2,9,0,9,0,1,1,0,0,0,1,1,6,1,76,11,1242,1,13,5,1,5
2018010151948,1,19,0,9,0,8,0,0,0,0,1,1,1,1,33,6,2287,2,3,3,1,3
2018010151948,2,3,0,18,0,8,0,0,0,0,4,1,6,1,37,7,125,1,2,4,1,4
2018010151954,1,3,0,18,0,8,0,0,0,0,1,1,6,1,20,4,-1,-1,-1,4,1,4
2018010151954,2,9,0,9,0,8,0,0,0,0,1,1,6,1,27,6,1198,1,1,2,1,2
2018010151955,1,5,0,14,0,1,0,0,0,0,2,1,2,1,44,7,779,1,5,8,1,8
2018010151955,2,11,0,5,0,1,0,0,0,0,1,1,1,1,44,7,10837,2,2,1,1,1
2018010151955,3,19,0,5,0,1,0,0,0,0,2,1,2,1,52,8,2300,2,14,1,1,1
2018010151957,1,9,0,9,0,7,0,0,0,0,1,1,2,1,26,6,1200,1,2,1,1,1
2018010151958,1,9,0,-1,-1,0,-1,-1,-1,-1,-1,-1,6,2,-1,-1,1496,2,1,2,1,2
2018010151958,2,9,0,-1,-1,0,-1,-1,-1,-1,-1,-1,6,1,37,7,1596,1,12,-1,-1,-1
2018010151959,1,5,0,18,0,0,0,0,0,0,1,1,6,1,32,6,645,1,6,2,1,2
2018010151959,2,9,0,3,0,0,0,0,0,0,2,1,6,1,35,6,1560,2,3,7,1,7
2018010151960,1,9,0,18,0,3,0,0,0,0,1,1,6,2,37,7,1329,1,5,4,1,4
2018010151961,1,9,0,-1,-1,0,-1,-1,-1,-1,1,-1,6,2,28,6,1390,1,17,6,2,6
2018010151961,2,9,0,-1,-1,0,-1,-1,-1,-1,-1,-1,6,3,-1,-1,1968,2,7,-1,-1,-1
2018010151965,1,9,0,18,0,0,0,0,0,0,2,1,6,1,24,5,1797,8,5,4,1,4
2018010151965,2,9,0,18,0,0,0,0,0,0,2,1,6,1,39,7,-1,-1,-1,3,1,3
2018010151965,3,9,0,18,0,0,0,0,0,0,1,1,1,1,49,8,-1,-1,-1,4,1,4
2018010151970,1,9,0,3,0,1,0,0,0,0,2,2,2,1,27,6,1497,8,11,-1,-1,-1
2018010151970,2,9,0,18,0,1,0,0,0,0,1,1,2,1,23,5,1997,2,10,3,1,3
2018010151973,1,9,0,4,0,2,0,0,0,0,2,2,6,2,39,7,1497,8,4,3,1,3
2018010151973,2,9,0,4,0,2,0,0,0,0,1,2,2,2,26,6,1598,1,5,9,1,9
2018010151974,1,9,0,18,0,2,0,0,0,0,1,1,6,3,-1,-1,-1,-1,-1,-1,-1,-1
2018010151974,2,1,0,18,0,2,0,0,0,0,2,1,6,1,38,7,-1,-1,-1,3,1,3
2018010151975,1,2,0,18,0,8,0,0,0,0,1,1,6,2,23,5,108,1,3,4,1,4
2018010151975,2,9,0,9,0,6,0,0,0,0,3,1,6,1,43,7,1339,8,7,5,1,5
2018010151976,1,9,0,18,0,0,0,0,0,0,2,1,6,2,41,7,2179,2,5,3,1,3
2018010151976,2,9,0,18,0,0,0,0,0,0,1,1,6,1,32,6,1497,8,5,5,1,5
2018010151978,1,9,0,3,0,8,0,0,0,0,2,1,6,1,42,7,999,1,3,-1,-1,-1
2018010151978,2,9,0,4,0,8,0,0,0,0,1,1,6,1,30,6,1598,1,17,-1,-1,-1
2018010151979,1,9,0,3,0,8,0,0,0,0,3,1,6,1,33,6,1390,1,10,-1,-1,-1
2018010151979,2,4,0,18,0,1,0,0,0,0,1,1,6,1,31,6,124,1,4,2,1,2
2018010151979,3,9,0,3,0,1,0,0,0,0,0,1,6,2,30,6,-1,-1,-1,7,1,7
2018010151982,1,8,0,9,0,1,0,0,0,0,1,1,1,1,46,8,1997,2,7,3,1,3
2018010151982,2,3,0,14,0,1,1,0,0,0,3,1,1,1,24,5,125,1,7,4,1,4
2018010151983,1,9,0,9,0,8,0,0,0,0,0,1,6,2,34,6,1598,2,4,7,1,7
2018010151983,2,3,0,18,0,8,0,0,0,0,1,1,6,1,26,6,125,1,3,-1,-1,-1
2018010151985,1,8,0,18,0,1,0,0,0,0,2,2,1,1,49,8,2402,2,14,2,1,2
2018010151985,2,1,0,18,0,1,0,0,0,0,2,1,6,1,48,8,-1,-1,-1,6,1,6
2018010151988,1,1,-1,-1,-1,-1,-1,-1,-1,-1,1,1,2,2,54,8,-1,-1,-1,7,1,7
2018010151988,2,9,0,-1,-1,-1,-1,-1,-1,-1,-1,-1,6,3,-1,-1,1086,1,8,4,1,4
2018010151991,1,9,0,-1,-1,-1,-1,-1,-1,-1,-1,-1,6,1,29,6,998,1,19,2,1,2
2018010151991,2,9,-1,-1,-1,-1,-1,-1,-1,-1,-1,-1,6,3,-1,-1,1999,1,11,-1,-1,-1
2018010151993,1,9,0,9,0,0,0,0,0,0,1,1,6,1,27,6,1995,2,10,3,1,3
2018010151993,2,4,0,18,0,0,0,0,0,0,3,1,1,1,64,9,279,1,-1,5,1,5
2018010151996,1,9,0,18,0,0,0,0,0,0,2,-1,2,2,24,5,1197,1,1,5,1,5
2018010151996,2,9,0,-1,0,0,0,0,0,0,1,-1,6,3,-1,-1,1598,2,6,-1,-1,-1
2018010151998,1,3,0,18,0,1,0,0,0,0,3,1,2,1,33,6,125,1,-1,4,1,4
2018010151998,2,9,0,11,0,1,0,0,0,0,1,1,6,3,-1,-1,-1,-1,-1,-1,-1,-1
2018010152005,1,9,0,7,0,5,0,0,0,0,1,1,6,1,23,5,2143,2,3,3,1,3
2018010152005,2,3,0,18,0,1,0,0,0,0,1,1,6,1,31,6,125,1,-1,2,1,2