Accident_Index,Vehicle_Reference,Vehicle_Type,Towing_and_Articulation,Vehicle_Manoeuvre,Vehicle_Location-Restricted_Lane,Junction_Location,Skidding_and_Overturning,Hit_Object_in_Carriageway,Vehicle_Leaving_Carriageway,Hit_Object_off_Carriageway,1st_Point_of_Impact,Was_Vehicle_Left_Hand_Drive?,Journey_Purpose_of_Driver,Sex_of_Driver,Age_of_Driver,Age_Band_of_Driver,Engine_Capacity_(CC),Propulsion_Code,Age_of_Vehicle,Driver_IMD_Decile,Driver_Home_Area_Type,Vehicle_IMD_Decile
2018010152006,1,9,0,5,0,6,0,0,0,0,1,1,6,1,32,6,1598,2,2,-1,-1,-1
2018010152006,2,19,0,18,0,8,0,0,0,0,4,1,2,1,32,6,1995,2,-1,5,1,5
2018010152008,1,9,-1,18,-1,0,-1,-1,-1,-1,-1,-1,6,1,44,7,2148,2,11,1,1,1
2018010152009,1,9,0,-1,-1,-1,-1,-1,-1,-1,1,1,6,2,54,8,1399,1,12,10,1,10
2018010152009,2,9,0,-1,-1,-1,-1,-1,-1,-1,2,1,6,3,-1,-1,1951,2,14,-1,-1,-1
2018010152011,1,9,0,13,9,1,0,10,1,10,1,1,6,1,19,4,1246,1,10,-1,-1,-1
2018010152011,2,9,0,14,0,1,0,0,0,0,0,1,6,1,24,5,1368,1,8,3,1,3
2018010152014,1,9,0,-1,-1,-1,-1,-1,-1,-1,-1,-1,6,2,26,6,1560,2,7,5,1,5
2018010152014,2,9,0,-1,-1,-1,-1,-1,-1,-1,1,-1,6,3,60,9,2351,1,16,-1,-1,-1
2018010152015,1,9,0,18,0,4,1,10,7,1,1,1,6,3,-1,-1,1587,1,24,-1,-1,-1
2018010152015,2,9,0,18,0,4,1,0,0,0,4,1,6,2,67,10,1199,1,15,5,1,5
2018010152021,1,9,0,-1,-1,-1,-1,-1,-1,-1,1,-1,6,1,24,5,1560,2,6,3,1,3
2018010152024,1,5,0,18,0,0,1,0,0,0,1,1,6,1,32,6,696,1,4,4,1,4
2018010152024,2,9,0,18,0,0,0,0,0,0,2,1,2,1,32,6,2499,1,11,6,1,6
2018010152025,1,9,0,9,0,1,0,0,0,0,4,1,6,2,44,7,998,1,10,-1,-1,-1
2018010152025,2,9,0,18,0,1,0,0,0,0,1,1,6,1,29,6,1598,1,12,6,1,6
2018010152033,1,19,0,-1,-1,0,-1,-1,-1,-1,1,-1,6,1,37,7,2143,2,-1,2,1,2
2018010152034,1,9,0,8,0,2,0,0,0,0,1,1,1,1,41,7,1395,8,-1,9,2,9
2018010152034,2,11,0,18,0,1,0,0,0,0,1,1,1,1,42,7,4500,2,11,3,1,3
2018010152045,1,9,0,4,0,1,0,0,0,0,2,1,2,1,44,7,2494,8,-1,6,1,6
2018010152045,2,9,0,4,0,1,0,0,0,0,1,1,1,1,45,7,1896,2,14,-1,-1,-1
2018010152046,1,1,0,18,0,8,5,0,0,0,1,1,6,1,41,7,-1,-1,-1,4,1,4
2018010152046,2,9,0,-1,0,8,0,0,-1,0,-1,1,6,1,-1,-1,-1,-1,-1,-1,-1,-1
2018010152051,1,9,0,18,0,1,0,0,0,0,1,1,6,1,52,8,1598,1,5,5,1,5
2018010152053,1,9,-1,-1,-1,-1,-1,-1,-1,-1,-1,-1,6,2,48,8,1364,1,9,2,1,2
2018010152055,1,9,0,-1,-1,-1,-1,-1,-1,-1,1,-1,6,2,18,4,2987,2,-1,-1,-1,-1
2018010152055,2,9,0,-1,-1,-1,-1,-1,-1,-1,1,-1,6,3,-1,-1,-1,-1,-1,-1,-1,-1
2018010152058,1,1,0,18,0,0,0,0,0,0,1,1,6,2,30,6,-1,-1,-1,7,1,7
2018010152062,1,1,0,18,0,0,0,0,0,0,2,1,6,1,19,4,-1,-1,-1,2,1,2
2018010152062,2,19,3,13,0,0,0,0,0,0,1,1,6,1,69,10,2143,2,4,4,1,4
2018010152068,1,5,0,-1,-1,-1,-1,-1,-1,-1,-1,1,2,1,26,6,656,1,10,8,1,8
2018010152068,2,9,0,-1,-1,-1,-1,-1,-1,-1,1,-1,6,3,-1,-1,-1,3,11,-1,-1,-1
2018010152071,1,9,0,-1,-1,0,-1,-1,-1,-1,1,-1,6,2,38,7,1299,1,17,6,1,6
2018010152074,1,9,0,5,0,1,0,0,0,0,1,1,1,1,57,9,1791,8,6,4,1,4
2018010152074,2,9,0,6,0,1,0,0,0,0,3,1,6,2,49,8,1198,1,12,9,1,9
2018010152083,1,9,0,4,0,1,0,0,0,0,1,1,2,1,30,6,493,1,6,1,1,1
2018010152083,2,8,0,4,0,1,0,0,0,0,2,1,6,1,48,8,1997,2,6,3,1,3
2018010152084,1,9,0,18,0,1,0,0,0,0,1,1,3,2,35,6,1197,1,2,2,1,2
2018010152085,1,11,0,18,0,1,0,0,0,0,4,1,1,1,57,9,9630,2,8,4,1,4
2018010152085,2,9,0,9,0,1,0,0,0,0,3,1,6,2,39,7,1997,2,6,7,1,7
2018010152085,3,9,0,1,0,8,0,0,0,0,3,1,6,1,51,8,1390,1,16,7,1,7
2018010152086,1,9,-1,-1,-1,0,-1,-1,-1,-1,-1,-1,6,1,55,8,1598,2,-1,3,1,3
2018010152086,2,19,-1,-1,-1,0,-1,-1,-1,-1,-1,-1,6,1,45,7,1461,2,16,-1,-1,-1
2018010152087,1,3,0,14,0,0,0,0,0,0,4,1,6,1,31,6,125,1,-1,7,1,7
2018010152087,2,9,0,9,0,0,0,0,0,0,3,1,6,2,54,8,1995,2,5,10,1,10
2018010152089,1,9,0,9,0,6,0,0,0,0,1,1,6,1,68,10,2400,1,14,8,1,8
2018010152094,1,1,0,4,5,0,0,0,0,0,1,1,6,2,39,7,-1,-1,-1,4,1,4
2018010152095,1,11,0,16,0,0,0,0,0,0,1,1,1,1,25,5,4500,2,4,4,1,4
2018010152096,1,1,-1,-1,-1,-1,-1,-1,-1,-1,-1,1,2,2,-1,-1,-1,-1,-1,10,1,10
2018010152096,2,9,0,-1,-1,-1,-1,-1,-1,-1,1,-1,6,3,-1,-1,-1,-1,-1,3,1,3
2018010152101,1,9,0,18,0,0,5,0,0,0,4,1,6,2,38,7,1596,1,5,9,1,9
2018010152101,2,9,0,2,0,0,0,0,0,0,3,1,6,3,-1,-1,1598,1,10,-1,-1,-1
2018010152101,3,9,0,2,0,0,0,0,0,0,1,1,6,3,-1,-1,1910,2,11,-1,-1,-1
2018010152108,1,9,0,18,0,0,0,4,0,0,4,1,6,1,18,4,1598,1,10,-1,-1,-1
2018010152108,2,9,0,3,0,0,0,0,0,0,2,1,6,1,35,6,1596,1,4,-1,-1,-1
2018010152112,1,9,0,5,0,2,0,0,0,0,3,1,6,1,66,10,1229,1,8,7,1,7
2018010152112,2,3,0,18,0,3,0,0,0,0,4,1,2,1,24,5,125,1,5,4,1,4
2018010152113,1,19,0,18,0,1,0,0,0,0,1,1,6,1,28,6,1995,2,1,4,1,4
2018010152113,2,9,0,18,0,1,0,0,0,0,1,1,6,1,58,9,1598,1,8,5,3,5
2018010152113,3,9,0,2,0,2,0,0,0,0,3,1,6,3,-1,-1,2997,1,1,-1,-1,-1
2018010152121,1,11,0,1,7,1,0,0,0,0,2,1,1,1,57,9,13000,2,1,10,1,10
2018010152123,1,9,0,7,0,5,0,0,0,0,2,1,6,1,40,7,1229,1,8,4,1,4
2018010152123,2,3,0,18,0,1,0,0,0,0,1,1,6,1,27,6,125,1,1,6,1,6
2018010152126,1,9,0,18,0,1,0,0,0,0,1,1,6,1,84,11,996,1,8,-1,-1,-1
2018010152126,2,9,0,18,0,1,0,0,0,0,1,1,6,3,-1,-1,-1,-1,-1,-1,-1,-1
2018010152127,1,9,0,-1,-1,-1,-1,-1,-1,-1,1,-1,6,3,-1,-1,-1,-1,-1,-1,-1,-1
2018010152130,1,11,0,5,0,6,0,0,0,0,0,1,1,1,49,8,6692,2,9,-1,-1,-1
2018010152136,1,11,0,16,0,4,0,0,0,0,0,1,1,1,40,7,4500,2,1,1,1,1
2018010152139,1,9,0,10,0,0,0,0,0,0,3,1,2,2,32,6,1560,2,5,6,1,6
2018010152139,2,3,0,3,0,0,0,0,0,0,1,1,2,1,33,6,123,1,2,4,1,4
2018010152141,1,9,-1,18,0,-1,-1,7,0,0,1,-1,6,1,-1,-1,1984,1,9,2,1,2
2018010152143,1,19,0,17,0,6,0,0,0,0,1,1,1,2,28,6,1560,2,1,-1,-1,-1
2018010152145,1,9,0,-1,-1,-1,-1,-1,-1,-1,-1,-1,6,2,42,7,1998,8,2,3,1,3
2018010152145,2,90,-1,-1,-1,-1,-1,-1,-1,-1,-1,-1,6,3,-1,-1,-1,-1,-1,-1,-1,-1
2018010152148,1,9,0,5,0,1,0,0,0,0,1,1,2,1,22,5,1598,2,2,8,1,8
2018010152152,1,9,0,18,0,1,0,0,0,0,4,1,6,1,66,10,1598,1,10,5,1,5
2018010152155,1,9,0,5,0,8,0,0,0,0,4,1,6,1,31,6,1968,2,5,2,1,2
2018010152158,1,9,0,-1,-1,-1,-1,-1,-1,-1,3,-1,6,2,48,8,1598,1,9,4,1,4
2018010152158,2,9,0,-1,-1,-1,-1,-1,-1,-1,1,-1,6,3,-1,-1,1560,2,1,-1,-1,-1
2018010152160,1,9,0,18,0,8,0,0,0,0,1,1,2,2,23,5,1598,1,13,6,1,6
2018010152160,2,9,0,9,0,8,0,0,0,0,1,1,6,1,57,9,1781,1,29,9,1,9
2018010152161,1,19,0,18,0,1,0,0,0,0,1,1,1,1,55,8,1753,2,13,8,1,8
2018010152162,1,19,0,9,0,5,0,0,0,0,1,1,2,1,27,6,2198,2,4,5,1,5
2018010152164,1,9,0,9,0,5,0,0,0,0,4,1,6,1,47,8,1598,1,6,3,1,3
2018010152164,2,1,0,18,0,8,0,0,0,0,1,1,6,1,24,5,-1,-1,-1,5,1,5
2018010152165,1,9,0,9,0,2,0,0,0,0,1,1,6,1,30,6,1580,8,-1,2,1,2
2018010152165,2,9,0,18,0,1,0,0,0,0,1,1,6,1,30,6,2777,2,9,2,1,2
2018010152168,1,9,0,18,0,8,0,0,0,0,1,1,6,1,17,4,-1,-1,-1,-1,-1,-1
2018010152169,1,9,0,-1,-1,0,-1,-1,-1,-1,-1,-1,6,3,-1,-1,2993,2,7,5,1,5
2018010152172,1,19,0,9,0,5,0,0,7,0,1,1,6,1,69,10,-1,-1,-1,5,1,5
2018010152172,2,1,0,4,0,1,0,0,0,0,1,1,6,2,23,5,-1,-1,-1,5,1,5
2018010152175,1,9,0,-1,-1,0,-1,-1,-1,-1,0,-1,2,2,19,4,1242,1,5,6,1,6
2018010152176,1,9,0,-1,-1,0,-1,-1,-1,-1,-1,-1,2,1,24,5,1395,1,1,5,1,5
2018010152176,2,20,0,-1,-1,0,-1,-1,-1,-1,1,-1,6,3,-1,-1,-1,-1,-1,4,1,4
2018010152177,1,9,0,9,0,1,0,0,0,0,3,1,1,1,35,6,-1,-1,-1,3,1,3
2018010152177,2,3,0,9,0,1,0,0,0,0,4,1,6,1,42,7,125,1,2,6,1,6
2018010152179,1,3,0,18,0,1,0,0,0,0,1,1,6,1,23,5,124,1,9,-1,-1,-1
2018010152179,2,9,0,9,0,8,0,0,0,0,1,1,6,2,24,5,1200,1,15,-1,-1,-1
2018010152180,1,9,0,18,0,1,0,0,1,10,1,1,6,1,45,7,999,1,1,4,1,4
2018010152180,2,1,0,18,0,1,0,0,1,10,2,1,6,1,25,5,-1,-1,-1,2,1,2
2018010152181,1,9,0,18,0,0,0,0,7,0,1,1,1,1,51,8,999,1,1,5,1,5
2018010152181,2,1,0,18,4,0,0,0,0,0,1,1,6,2,27,6,-1,-1,-1,2,1,2
2018010152182,1,3,0,18,0,0,0,0,0,0,1,1,1,1,22,5,125,1,3,1,1,1
2018010152182,2,8,0,5,0,0,0,0,0,0,2,1,1,1,58,9,1950,2,-1,1,1,1
2018010152183,1,3,0,7,0,5,5,0,0,0,1,1,6,1,31,6,125,1,3,4,1,4
2018010152183,2,9,0,1,0,6,0,0,0,0,2,1,6,1,48,8,1798,8,-1,6,1,6
2018010152185,1,5,0,18,0,8,0,0,0,0,4,1,2,1,28,6,1199,1,7,5,1,5
2018010152185,2,19,0,9,0,8,0,0,0,0,1,1,2,1,64,9,1995,2,-1,8,1,8
2018010152187,1,2,0,18,0,1,0,0,0,0,1,1,6,1,18,4,125,1,6,-1,-1,-1
2018010152189,1,3,0,14,0,8,0,0,0,0,1,1,1,1,32,6,125,1,2,2,1,2
2018010152189,2,9,0,10,0,8,0,0,0,0,3,1,1,1,29,6,1798,8,4,1,1,1
2018010152191,1,9,0,18,0,8,0,0,0,0,1,1,6,1,54,8,-1,-1,-1,-1,-1,-1
2018010152193,1,1,-1,-1,-1,-1,-1,-1,-1,-1,-1,1,6,2,34,6,-1,-1,-1,4,1,4
2018010152193,2,9,0,-1,-1,-1,-1,-1,-1,-1,1,-1,6,3,-1,-1,-1,-1,-1,-1,-1,-1
2018010152194,1,9,0,18,0,8,0,0,0,0,1,1,6,1,77,11,-1,-1,-1,4,1,4
2018010152195,1,8,0,-1,-1,-1,-1,-1,-1,-1,2,-1,6,3,51,8,1797,8,7,2,1,2
2018010152196,1,9,0,2,0,1,0,0,0,0,3,1,6,3,-1,-1,1950,2,-1,-1,-1,-1
2018010152196,2,1,0,18,0,1,0,0,0,0,1,1,2,1,32,6,-1,-1,-1,3,1,3
2018010152197,1,9,0,18,0,8,0,0,0,0,1,1,6,1,33,6,1598,1,11,-1,-1,-1
2018010152200,1,9,0,9,0,5,0,0,0,0,3,1,2,1,61,9,1596,1,13,2,1,2
2018010152200,2,2,0,13,0,8,0,0,0,0,1,1,6,1,18,4,108,1,6,4,1,4
2018010152201,1,8,0,2,2,0,0,0,0,0,2,1,6,3,-1,-1,1997,2,4,-1,-1,-1
2018010152201,2,1,0,18,2,0,0,0,0,0,1,1,2,1,30,6,-1,-1,-1,1,1,1
2018010152205,1,11,0,18,0,2,0,0,0,0,1,1,1,1,37,7,6700,2,6,3,1,3
2018010152206,1,8,0,6,0,2,0,0,0,0,3,1,1,1,48,8,1797,8,2,-1,-1,-1
2018010152206,2,3,0,18,0,2,0,0,0,0,4,1,6,1,27,6,125,1,1,2,1,2
2018010152209,1,9,0,18,0,2,0,0,0,0,1,1,6,1,22,5,1995,2,11,3,1,3
2018010152209,2,9,0,9,0,2,0,0,0,0,4,1,6,1,26,6,1796,1,11,3,1,3
2018010152209,3,9,0,3,0,2,0,0,0,0,3,1,6,1,43,7,1580,8,-1,3,1,3
2018010152209,4,9,0,2,0,2,0,0,0,0,1,1,6,3,-1,-1,1871,2,16,-1,-1,-1
2018010152210,1,9,0,4,0,1,0,0,0,0,3,1,1,1,36,7,1984,2,4,4,1,4
2018010152210,2,9,0,7,0,1,0,0,0,0,3,2,6,1,45,7,2993,2,9,4,1,4
2018010152214,1,9,0,6,0,8,0,0,0,0,3,1,6,1,53,8,999,1,4,-1,-1,-1
2018010152214,2,3,0,18,0,8,0,0,0,0,1,1,2,1,39,7,115,1,3,-1,-1,-1
2018010152215,1,9,0,18,0,1,0,0,0,0,1,1,6,1,43,7,2198,2,11,7,1,7
2018010152215,2,8,0,3,0,1,0,0,0,0,2,1,1,1,47,8,1798,8,-1,2,1,2
2018010152216,1,9,0,9,0,8,0,0,0,0,1,1,6,1,24,5,1396,1,19,7,1,7
2018010152216,2,1,0,5,0,8,5,0,0,0,4,1,1,1,31,6,-1,-1,-1,4,1,4
2018010152219,1,9,0,18,0,0,0,0,0,0,1,1,1,1,34,6,1497,8,8,3,1,3
2018010152220,1,9,0,18,0,1,0,0,0,0,2,1,6,2,53,8,1798,1,8,3,1,3
2018010152220,2,9,0,13,0,1,0,0,0,0,1,1,6,3,-1,-1,1598,1,15,-1,-1,-1
2018010152224,1,9,0,10,0,1,0,0,0,0,1,1,6,1,25,5,-1,-1,-1,-1,-1,-1
2018010152224,2,9,0,18,0,1,0,0,0,0,1,1,6,2,33,6,2993,2,3,9,1,9
2018010152225,1,9,0,18,9,6,0,0,3,10,1,1,1,1,46,8,1798,8,-1,1,1,1
2018010152226,1,9,0,18,0,2,1,0,0,0,3,1,6,2,57,9,2987,2,10,2,1,2
2018010152226,2,9,0,13,0,2,0,0,0,0,3,1,6,1,31,6,-1,-1,-1,3,1,3
2018010152230,1,3,0,18,0,5,0,0,0,0,1,1,6,2,29,6,108,1,4,5,1,5
2018010152230,2,8,0,5,0,7,0,0,0,0,1,1,1,1,33,6,1477,8,-1,9,1,9
2018010152235,1,9,0,5,0,2,0,7,0,0,4,1,6,2,29,6,2148,2,9,9,1,9
2018010152235,2,8,0,5,0,1,0,0,0,0,4,1,1,1,28,6,2499,2,10,-1,-1,-1
2018010152238,1,11,0,5,2,0,0,0,0,0,0,1,1,1,69,10,4500,2,2,-1,-1,-1
2018010152243,1,9,0,18,0,1,0,12,0,0,1,1,6,2,40,7,1995,2,4,10,1,10
2018010152244,1,8,0,18,0,0,0,0,0,0,1,1,1,1,52,8,2143,2,4,1,1,1
2018010152249,1,3,0,-1,-1,-1,-1,-1,-1,-1,2,1,2,1,23,5,125,1,2,3,1,3
2018010152256,1,9,0,3,0,1,0,0,0,0,2,1,1,2,38,7,1329,1,6,4,1,4
2018010152256,2,9,0,3,0,1,0,0,0,0,2,1,1,2,36,7,1968,2,3,2,1,2
2018010152256,3,9,0,3,0,1,0,0,0,0,1,1,1,2,41,7,2143,2,1,6,1,6
2018010152256,4,9,0,7,0,2,0,0,0,0,0,1,1,1,27,6,999,1,1,2,1,2
2018010152260,1,9,0,-1,-1,0,-1,-1,-1,-1,-1,-1,6,1,24,5,1329,1,2,3,1,3
2018010152267,1,9,0,-1,-1,0,-1,-1,-1,-1,2,-1,2,1,44,7,1339,8,12,2,-1,2
2018010152267,2,90,-1,-1,-1,0,-1,-1,-1,-1,-1,-1,6,3,-1,-1,-1,-1,-1,-1,-1,-1
2018010152269,1,1,0,18,9,1,0,0,0,0,1,1,6,1,54,8,-1,-1,-1,6,1,6
2018010152273,1,9,0,18,0,1,0,0,0,0,3,1,6,2,18,4,999,1,3,3,1,3
2018010152273,2,9,0,9,0,1,0,0,0,0,1,1,1,1,40,7,1956,2,1,7,1,7
2018010152276,1,9,0,18,0,8,0,0,0,0,1,1,6,2,58,9,1339,1,11,4,1,4
2018010152276,2,9,0,9,0,6,0,0,0,0,4,1,1,1,28,6,1995,2,2,3,1,3
2018010152278,1,19,0,18,-1,-1,-1,-1,-1,-1,1,-1,2,1,28,6,2143,2,-1,4,1,4
2018010152280,1,9,0,-1,-1,-1,-1,-1,-1,-1,2,-1,6,1,28,6,2143,2,6,7,1,7
2018010152280,2,9,0,-1,-1,-1,-1,-1,-1,-1,1,-1,6,3,-1,-1,-1,-1,-1,-1,-1,-1
2018010152281,1,9,0,18,0,8,0,0,0,0,1,1,6,2,34,6,2993,2,3,5,1,5
2018010152281,2,9,0,9,0,7,1,0,0,0,4,1,6,1,38,7,1598,1,12,5,1,5
2018010152282,1,11,0,18,2,0,0,0,0,0,1,1,1,1,56,9,4500,2,2,2,1,2
2018010152287,1,1,0,9,0,1,0,0,0,0,3,1,2,1,64,9,-1,-1,-1,2,1,2
2018010152287,2,8,0,18,0,1,0,0,0,0,3,1,1,1,32,6,1997,2,2,-1,-1,-1
2018010152288,1,9,0,3,0,0,0,0,0,0,1,1,6,1,61,9,5998,1,11,-1,-1,-1
2018010152288,2,19,0,18,0,0,1,0,0,0,1,1,1,1,41,7,1995,2,10,2,1,2
2018010152289,1,9,0,9,0,8,0,0,0,0,1,1,6,2,63,9,1240,1,14,3,1,3
2018010152289,2,1,0,18,0,8,0,0,0,0,3,1,1,1,20,4,-1,-1,-1,4,-1,4
2018010152290,1,9,0,10,0,1,0,0,0,0,1,1,6,1,21,5,1398,1,6,-1,-1,-1
2018010152290,2,9,0,3,0,1,0,0,0,0,2,1,6,1,68,10,2143,2,-1,4,1,4
2018010152291,1,1,-1,-1,-1,0,-1,-1,-1,-1,2,1,6,1,27,6,-1,-1,-1,3,1,3
2018010152291,2,19,0,-1,-1,0,-1,-1,-1,-1,1,-1,6,3,-1,-1,2143,2,2,-1,-1,-1
2018010152293,1,9,0,18,0,1,0,0,0,0,1,1,6,2,18,4,973,1,15,-1,-1,-1
2018010152298,1,9,0,-1,-1,-1,-1,-1,-1,-1,2,-1,6,2,28,6,1595,2,8,1,1,1
2018010152298,2,9,0,-1,-1,-1,-1,-1,-1,-1,1,-1,6,3,-1,-1,1395,1,-1,-1,-1,-1
2018010152299,1,9,0,18,0,1,0,0,0,0,1,1,6,1,22,5,1596,1,7,5,1,5
2018010152301,1,9,0,18,0,1,0,0,0,0,1,1,1,1,35,6,1997,2,1,2,1,2
2018010152304,1,9,0,3,0,8,0,0,0,0,4,1,6,1,32,6,1995,1,8,4,1,4
2018010152304,2,9,0,11,0,8,0,0,0,0,1,1,6,3,-1,-1,973,1,17,-1,-1,-1
2018010152305,1,11,0,5,0,0,0,0,0,0,0,1,1,1,60,9,4500,2,1,2,1,2
2018010152309,1,9,-1,-1,0,-1,-1,-1,-1,0,-1,-1,6,3,-1,-1,-1,-1,-1,-1,-1,-1
2018010152323,1,9,0,2,9,0,0,0,0,0,2,1,6,3,-1,-1,2179,2,9,-1,-1,-1
2018010152323,2,9,0,18,9,0,2,4,7,4,1,1,6,1,55,8,1995,1,13,9,1,9
2018010152326,1,19,0,9,0,8,0,0,0,0,1,1,2,1,27,6,1560,2,2,2,1,2
2018010152326,2,3,0,18,0,1,0,0,0,0,1,1,6,1,34,6,102,1,13,1,1,1
2018010152331,1,9,0,18,0,0,0,0,0,0,2,1,6,1,72,10,1999,1,10,4,1,4
2018010152331,2,9,0,18,0,0,0,0,0,0,2,1,6,1,33,6,1598,2,2,2,1,2
2018010152331,3,9,0,18,0,0,0,0,0,0,1,1,6,1,29,6,1995,1,9,5,1,5
2018010152338,1,9,0,-1,-1,0,-1,-1,-1,-1,-1,-1,6,1,41,7,1596,1,8,10,1,10
2018010152338,2,21,4,-1,-1,0,-1,-1,-1,-1,-1,-1,6,3,-1,-1,-1,-1,-1,-1,-1,-1
2018010152339,1,11,0,4,0,0,0,0,0,0,4,1,6,1,46,8,5132,2,2,-1,-1,-1
2018010152340,1,10,0,18,0,0,0,0,0,0,1,1,1,1,50,8,2143,2,3,8,1,8
2018010152341,1,9,-1,-1,-1,-1,-1,-1,0,0,-1,-1,6,1,46,8,1997,1,9,2,1,2
2018010152343,1,9,0,4,0,0,0,0,0,0,3,1,1,1,39,7,1200,1,1,4,1,4
2018010152343,2,9,0,5,0,0,0,0,1,3,1,1,6,3,-1,-1,2967,2,6,-1,-1,-1
2018010152343,3,9,0,2,0,0,0,0,0,0,2,1,6,3,-1,-1,1386,1,9,-1,-1,-1
2018010152343,4,9,0,2,0,0,0,0,0,0,2,1,6,3,-1,-1,1560,2,5,-1,-1,-1
2018010152345,1,9,0,18,0,1,0,0,0,0,1,1,6,1,85,11,998,1,1,9,1,9
2018010152345,2,9,0,7,0,6,0,0,0,0,1,1,6,3,-1,-1,-1,-1,-1,-1,-1,-1
2018010152349,1,9,0,5,0,0,0,0,0,0,2,1,6,2,37,7,1796,1,10,-1,-1,-1
2018010152349,2,9,0,2,0,0,0,0,0,0,3,1,6,3,-1,-1,1590,1,17,-1,-1,-1
2018010152351,1,9,0,12,0,8,0,10,0,0,1,1,6,1,55,8,1598,1,7,3,1,3
2018010152352,1,9,0,5,0,0,0,0,0,0,1,1,6,1,32,6,2198,1,14,4,1,4
2018010152352,2,9,0,5,0,0,0,0,0,0,1,1,6,1,29,6,1390,1,5,5,1,5
2018010152352,3,9,0,5,0,0,0,0,0,0,2,1,6,1,43,7,-1,-1,-1,5,1,5
2018010152353,1,4,0,17,0,2,0,0,0,0,1,1,6,1,38,7,-1,-1,-1,6,1,6
2018010152354,1,9,0,4,0,5,0,0,0,0,2,1,6,2,49,8,1798,8,2,5,1,5
2018010152354,2,9,0,18,0,1,0,0,0,0,1,1,6,2,28,6,1398,1,3,2,1,2
2018010152356,1,20,0,-1,-1,-1,-1,-1,-1,-1,1,-1,6,1,34,6,-1,-1,-1,9,1,9
2018010152356,2,19,0,-1,-1,-1,-1,-1,-1,-1,1,-1,6,3,-1,-1,2402,2,6,-1,-1,-1
2018010152357,1,19,0,18,0,2,0,0,0,0,1,2,6,1,38,7,-1,-1,-1,-1,-1,-1
2018010152357,2,9,0,9,0,2,0,0,0,0,3,1,6,2,63,9,1339,1,2,3,1,3
2018010152359,1,9,0,18,0,1,0,0,0,0,1,1,6,1,41,7,1968,2,6,3,1,3
2018010152364,1,9,0,-1,-1,0,-1,-1,-1,-1,2,-1,6,2,36,7,1995,2,5,2,1,2
2018010152364,2,19,-1,18,0,0,0,0,0,0,-1,1,6,1,-1,-1,6692,2,10,-1,-1,-1
2018010152365,1,9,0,18,0,1,0,0,0,0,1,1,6,1,32,6,1870,2,9,5,1,5
2018010152365,2,3,0,18,0,1,0,0,0,0,1,1,6,1,26,6,124,1,4,5,1,5
2018010152368,1,9,0,18,0,8,1,0,0,0,1,1,2,2,28,6,998,1,15,-1,-1,-1
2018010152371,1,9,0,12,0,0,0,0,0,0,3,1,6,1,35,6,1796,1,11,2,1,2
2018010152371,2,4,0,18,0,0,0,0,0,0,4,1,6,1,33,6,124,1,8,5,1,5
2018010152373,1,9,0,7,0,6,0,0,0,0,1,1,6,1,26,6,2987,2,2,6,1,6
2018010152374,1,9,0,18,0,0,0,0,0,0,4,1,6,1,32,6,1991,1,1,2,1,2
2018010152374,2,9,0,18,0,0,0,0,0,0,1,1,6,1,26,6,1995,2,11,3,1,3
2018010152376,1,3,0,18,0,1,2,0,0,0,1,1,6,1,36,7,108,1,4,6,1,6
2018010152376,2,9,0,9,0,1,0,0,0,0,3,1,6,1,42,7,1296,1,12,4,1,4
2018010152377,1,9,0,9,0,3,0,0,0,0,3,1,1,1,41,7,1997,2,1,1,1,1
2018010152377,2,3,0,18,0,1,5,0,0,0,1,1,2,1,27,6,125,1,12,2,1,2
2018010152379,1,9,0,18,0,8,0,0,1,0,3,1,6,1,19,4,1296,1,12,9,1,9
2018010152379,2,8,0,5,0,6,0,0,0,0,1,1,1,1,54,8,1968,2,4,5,1,5
2018010152380,1,9,0,5,0,1,0,0,0,0,1,1,6,1,62,9,1560,2,12,1,1,1
2018010152385,1,11,0,2,2,1,0,0,0,0,0,1,6,3,-1,-1,-1,-1,-1,-1,-1,-1
2018010152387,1,9,0,9,0,1,0,0,0,0,1,1,6,1,54,8,1796,1,7,2,1,2
2018010152387,2,9,0,14,0,1,0,0,0,0,1,1,6,1,36,7,1796,1,10,2,1,2
2018010152388,1,9,0,12,0,2,0,0,0,0,0,1,1,1,37,7,1798,8,3,3,1,3
2018010152388,2,9,0,18,0,2,0,0,0,0,1,1,6,2,53,8,999,1,-1,-1,-1,-1
2018010152391,1,8,0,-1,-1,0,-1,-1,-1,-1,0,-1,6,3,-1,-1,1598,2,7,2,1,2
2018010152394,1,9,0,-1,-1,-1,-1,-1,-1,-1,-1,-1,6,1,20,4,1600,1,14,4,1,4
2018010152394,2,9,0,-1,-1,-1,-1,-1,-1,-1,1,-1,6,3,41,7,1339,1,11,5,1,5
2018010152399,1,9,0,18,0,8,0,0,0,0,1,1,6,1,24,5,-1,-1,-1,8,1,8
2018010152399,2,9,0,9,0,8,0,0,0,0,4,1,6,1,17,4,1198,1,5,10,1,10
2018010152400,1,9,0,3,0,1,0,0,0,0,1,1,6,1,40,7,1598,1,5,7,1,7
2018010152400,2,9,0,5,0,1,0,0,0,0,2,1,6,2,51,8,1798,8,5,9,1,9
2018010152401,1,9,0,18,0,8,0,0,0,0,3,1,6,3,-1,-1,2179,2,9,6,1,6
2018010152401,2,9,0,18,0,8,0,0,0,0,1,1,2,2,39,7,1497,8,4,7,1,7
2018010152405,1,9,0,18,9,6,0,7,6,3,1,1,6,1,41,7,1560,2,11,3,1,3