Accident_Index,Vehicle_Reference,Vehicle_Type,Towing_and_Articulation,Vehicle_Manoeuvre,Vehicle_Location-Restricted_Lane,Junction_Location,Skidding_and_Overturning,Hit_Object_in_Carriageway,Vehicle_Leaving_Carriageway,Hit_Object_off_Carriageway,1st_Point_of_Impact,Was_Vehicle_Left_Hand_Drive?,Journey_Purpose_of_Driver,Sex_of_Driver,Age_of_Driver,Age_Band_of_Driver,Engine_Capacity_(CC),Propulsion_Code,Age_of_Vehicle,Driver_IMD_Decile,Driver_Home_Area_Type,Vehicle_IMD_Decile
2018010152406,1,9,0,18,0,8,0,0,0,0,4,1,6,1,71,10,2191,2,4,9,1,9
2018010152406,2,11,0,18,0,8,0,0,0,0,3,1,1,1,37,7,4250,2,9,-1,-1,-1
2018010152406,3,9,0,7,0,6,0,0,0,0,1,1,6,3,-1,-1,-1,-1,-1,-1,-1,-1
2018010152407,1,9,0,18,0,2,0,0,0,0,1,1,6,3,-1,-1,-1,-1,-1,-1,-1,-1
2018010152410,1,8,0,18,0,0,0,0,0,0,2,1,6,1,35,6,1791,8,7,7,1,7
2018010152412,1,9,0,4,0,8,0,4,0,0,1,1,6,1,34,6,998,1,11,8,1,8
2018010152412,2,9,0,3,0,1,0,0,0,0,3,1,6,1,66,10,1197,1,2,4,1,4
2018010152415,1,1,0,18,0,0,0,0,0,0,1,1,6,1,26,6,-1,-1,-1,4,1,4
2018010152423,1,3,0,18,0,4,2,0,7,1,0,1,6,1,21,5,-1,-1,-1,3,1,3
2018010152425,1,9,0,9,0,5,0,0,0,0,1,1,1,1,68,10,1797,8,7,2,1,2
2018010152426,1,9,0,9,0,8,0,0,0,0,4,1,6,1,29,6,2148,2,13,7,1,7
2018010152426,2,3,0,18,0,8,0,0,0,0,1,1,1,1,18,4,108,1,2,1,1,1
2018010152427,1,3,0,13,0,0,1,0,0,0,0,1,1,1,21,5,108,1,1,4,1,4
2018010152427,2,9,0,4,0,0,0,0,0,0,0,1,1,1,57,9,1997,2,3,5,1,5
2018010152428,1,9,0,18,0,0,0,4,0,0,1,1,6,1,46,8,2457,1,13,8,1,8
2018010152428,2,19,0,2,0,0,0,0,0,0,0,1,6,3,-1,-1,2402,2,13,-1,-1,-1
2018010152438,1,19,0,18,0,0,0,0,0,0,1,1,1,1,47,8,1896,2,13,7,1,7
2018010152438,2,9,0,3,0,0,0,0,0,0,2,1,6,1,40,7,1560,2,9,7,1,7
2018010152439,1,9,0,4,0,1,0,0,0,0,1,1,6,1,20,4,2993,2,4,2,1,2
2018010152439,2,5,0,3,0,1,0,0,0,0,2,1,2,1,27,6,800,1,4,4,1,4
2018010152440,1,9,0,-1,-1,-1,-1,-1,-1,-1,-1,-1,6,2,33,6,1769,1,13,5,1,5
2018010152440,2,9,0,-1,-1,-1,-1,-1,-1,-1,1,-1,6,3,-1,-1,998,1,9,8,1,8
2018010152444,1,9,0,-1,-1,0,-1,-1,-1,-1,1,-1,6,1,48,8,1995,2,7,5,1,5
2018010152444,2,9,0,-1,-1,0,-1,-1,-1,-1,2,-1,6,1,39,7,2996,1,1,6,1,6
2018010152445,1,19,0,18,0,1,0,0,0,0,1,1,1,1,26,6,1598,2,3,1,1,1
2018010152445,2,8,0,3,0,1,0,0,0,0,2,1,1,1,42,7,1779,8,3,4,1,4
2018010152455,1,9,0,4,0,0,0,0,0,0,0,1,6,1,53,8,1198,1,13,6,1,6
2018010152455,2,3,0,18,0,0,5,0,0,0,0,1,6,2,29,6,124,1,1,2,1,2
2018010152462,1,9,0,18,0,0,0,0,1,2,1,1,6,1,67,10,1388,1,8,6,1,6
2018010152463,1,5,0,18,0,8,0,0,0,0,4,1,6,1,29,6,670,1,5,5,1,5
2018010152463,2,9,0,5,0,8,0,0,0,0,1,1,6,3,-1,-1,-1,-1,-1,-1,-1,-1
2018010152470,1,9,0,3,0,0,0,0,0,0,2,1,6,1,39,7,2993,2,9,-1,-1,-1
2018010152470,2,9,0,18,0,0,0,0,0,0,3,1,6,1,45,7,1798,1,11,1,1,1
2018010152470,3,9,0,5,0,0,0,0,0,0,1,1,6,1,23,5,1388,1,14,-1,-1,-1
2018010152472,1,9,0,18,0,1,0,0,7,2,1,1,6,1,79,11,1596,1,17,3,1,3
2018010152475,1,9,0,-1,-1,-1,-1,-1,-1,-1,-1,-1,6,1,33,6,1781,1,18,5,1,5
2018010152475,2,9,0,-1,-1,-1,-1,-1,-1,-1,-1,-1,6,2,33,6,1999,2,1,7,1,7
2018010152478,1,9,0,9,0,8,0,0,0,0,3,1,6,1,49,8,2198,1,11,10,1,10
2018010152478,2,4,0,18,0,1,0,0,0,0,1,1,6,1,21,5,125,1,-1,10,1,10
2018010152479,1,1,-1,-1,-1,-1,-1,-1,-1,-1,-1,1,6,1,21,5,-1,-1,-1,3,1,3
2018010152479,2,9,0,-1,-1,-1,-1,-1,-1,-1,-1,-1,6,3,-1,-1,-1,-1,-1,-1,-1,-1
2018010152487,1,9,0,5,0,6,0,0,0,0,2,1,6,1,41,7,1968,2,2,2,1,2
2018010152487,2,9,0,6,0,2,0,0,0,0,1,1,6,1,70,10,1998,1,15,2,1,2
2018010152488,1,9,0,-1,-1,-1,-1,-1,-1,-1,-1,-1,6,2,24,5,1596,1,6,9,3,9
2018010152488,2,8,0,-1,-1,-1,-1,-1,-1,-1,-1,-1,6,3,43,7,1997,2,3,3,1,3
2018010152491,1,9,0,9,0,1,0,0,0,0,1,1,2,2,35,6,999,1,5,3,1,3
2018010152491,2,5,0,13,0,1,2,0,0,0,4,1,6,1,25,5,600,1,4,5,1,5
2018010152492,1,9,0,18,0,0,0,0,0,0,1,1,6,1,76,11,1999,1,17,2,1,2
2018010152492,2,9,0,6,0,0,0,0,0,0,3,1,6,1,34,6,1798,8,3,4,1,4
2018010152493,1,9,0,4,0,1,0,0,0,0,4,1,2,1,18,4,1388,1,8,4,1,4
2018010152493,2,9,0,10,0,1,0,0,0,0,4,1,6,2,26,6,1329,1,9,3,1,3
2018010152497,1,9,0,-1,-1,2,-1,-1,-1,-1,-1,-1,2,1,33,6,999,1,-1,8,1,8
2018010152497,2,9,0,-1,-1,2,-1,-1,-1,-1,1,-1,6,3,-1,-1,1198,1,1,4,1,4
2018010152502,1,9,0,5,0,1,0,0,0,0,1,1,6,1,57,9,1995,2,1,9,1,9
2018010152502,2,3,0,13,0,1,0,0,0,0,1,1,6,1,20,4,124,1,4,9,1,9
2018010152504,1,11,0,-1,-1,2,-1,-1,-1,-1,-1,-1,6,3,-1,-1,-1,-1,-1,-1,-1,-1
2018010152508,1,3,0,-1,-1,0,-1,-1,-1,-1,1,1,6,3,-1,-1,-1,-1,-1,-1,-1,-1
2018010152509,1,9,0,16,0,8,0,0,0,0,1,1,6,3,-1,-1,1968,2,1,-1,-1,-1
2018010152519,1,11,0,5,2,1,0,0,0,0,4,1,1,1,38,7,4500,2,2,1,1,1
2018010152519,2,9,0,5,0,1,0,0,0,0,4,1,6,2,54,8,-1,-1,-1,5,1,5
2018010152519,3,1,0,18,0,1,5,0,0,0,4,1,6,1,49,8,-1,-1,-1,5,1,5
2018010152520,1,9,0,18,0,1,0,0,0,0,4,-1,2,1,43,7,2993,2,6,2,1,2
2018010152523,1,9,0,3,0,1,0,0,0,0,2,1,6,1,66,10,1242,1,1,9,1,9
2018010152523,2,4,0,18,0,1,0,0,0,0,2,1,6,3,-1,-1,-1,-1,-1,-1,-1,-1
2018010152525,1,9,0,-1,-1,0,-1,-1,-1,-1,-1,-1,6,2,78,11,1975,1,16,8,1,8
2018010152525,2,9,0,-1,-1,0,-1,-1,-1,-1,-1,-1,6,3,-1,-1,-1,-1,-1,-1,-1,-1
2018010152527,1,9,0,9,0,8,0,0,0,0,1,1,6,3,-1,-1,-1,-1,-1,-1,-1,-1
2018010152528,1,9,0,-1,-1,0,-1,-1,-1,-1,1,-1,6,3,-1,-1,-1,-1,-1,-1,-1,-1
2018010152530,1,9,0,18,0,1,0,0,0,0,4,1,6,1,38,7,1968,2,5,9,1,9
2018010152532,1,8,0,-1,-1,0,-1,-1,-1,-1,2,-1,6,1,36,7,1968,2,4,3,1,3
2018010152532,2,19,0,-1,-1,0,-1,-1,-1,-1,1,-1,6,3,-1,-1,1896,2,12,-1,-1,-1
2018010152533,1,9,0,7,-1,-1,-1,-1,-1,-1,0,-1,2,2,63,9,1597,2,3,4,1,4
2018010152534,1,9,0,5,0,6,0,0,0,0,0,1,6,2,39,7,1339,1,13,5,1,5
2018010152534,2,3,0,14,0,2,0,0,0,0,0,1,1,1,39,7,108,1,5,2,1,2
2018010152535,1,9,0,18,0,0,0,0,0,0,1,1,6,1,-1,-1,1496,2,3,-1,-1,-1
2018010152535,2,9,0,18,0,0,0,0,0,0,2,1,6,2,-1,-1,1497,8,6,2,1,2
2018010152540,1,9,0,-1,-1,-1,-1,-1,-1,-1,2,-1,2,2,72,10,998,1,5,7,1,7
2018010152540,2,9,0,-1,-1,-1,-1,-1,-1,-1,1,-1,6,3,-1,-1,-1,-1,-1,-1,-1,-1
2018010152541,1,9,0,3,0,2,0,0,0,0,2,1,6,1,43,7,2179,2,5,4,1,4
2018010152541,2,9,0,18,0,1,0,0,0,0,1,1,6,1,20,4,1598,1,11,2,1,2
2018010152544,1,9,0,9,0,1,0,0,0,0,1,1,6,2,64,9,1968,2,4,4,1,4
2018010152545,1,19,0,18,0,2,0,0,0,0,1,1,6,3,-1,-1,-1,-1,-1,-1,-1,-1
2018010152546,1,9,0,18,0,0,0,4,0,0,1,1,6,2,24,5,1299,1,17,-1,-1,-1
2018010152546,2,9,0,2,0,0,0,0,0,0,1,1,6,3,-1,-1,1248,1,8,-1,-1,-1
2018010152546,3,9,0,2,0,0,0,0,0,0,2,1,6,3,-1,-1,1598,1,11,-1,-1,-1
2018010152548,1,8,0,3,0,0,0,0,0,0,2,1,1,1,61,9,2143,2,6,4,1,4
2018010152548,2,9,0,18,0,0,0,0,0,0,1,1,6,3,-1,-1,1398,1,7,-1,-1,-1
2018010152549,1,9,0,-1,0,3,0,0,0,0,3,-1,6,2,35,6,1998,1,-1,8,1,8
2018010152549,2,9,0,-1,0,3,0,0,0,0,-1,-1,6,3,-1,-1,1598,1,1,-1,-1,-1
2018010152551,1,19,0,18,0,1,1,0,0,0,1,1,6,1,41,7,2198,2,2,8,1,8
2018010152556,1,3,0,3,0,1,5,0,0,0,2,1,1,1,34,6,125,1,-1,4,1,4
2018010152556,2,9,0,5,0,1,0,0,0,0,1,1,6,1,28,6,1598,2,7,6,1,6
2018010152557,1,9,0,18,0,1,0,0,0,0,1,1,6,1,44,7,1299,1,17,1,1,1
2018010152557,2,9,0,16,0,2,0,0,0,0,1,1,6,1,21,5,1496,2,3,2,1,2
2018010152562,1,3,0,18,0,8,0,0,0,0,0,1,1,1,40,7,108,1,2,5,1,5
2018010152580,1,11,0,4,0,1,0,0,0,0,0,1,1,1,50,8,-1,-1,-1,1,1,1
2018010152581,1,19,0,5,0,0,0,0,0,0,1,1,6,1,47,8,-1,-1,-1,6,1,6
2018010152583,1,9,0,9,0,4,1,0,0,0,1,1,6,2,40,7,1497,8,3,1,1,1
2018010152583,2,9,0,18,0,3,1,0,1,3,4,1,6,1,49,8,1398,1,6,8,1,8
2018010152585,1,9,0,5,0,6,0,0,0,0,3,1,6,2,53,8,999,1,2,9,1,9
2018010152585,2,3,0,18,0,1,1,0,0,0,0,1,1,1,18,4,125,1,-1,2,1,2
2018010152585,3,3,0,18,0,1,0,0,1,10,1,1,1,1,23,5,108,1,2,2,1,2
2018010152587,1,9,0,18,0,1,0,0,0,0,1,1,6,1,73,10,1560,2,13,2,1,2
2018010152588,1,9,0,18,0,1,0,4,1,10,1,1,6,1,71,10,1390,1,9,7,1,7
2018010152588,2,4,0,10,0,1,1,0,1,0,2,1,2,1,48,8,782,1,10,9,1,9
2018010152588,3,9,0,2,6,2,0,0,0,0,2,1,6,3,-1,-1,1796,1,28,-1,-1,-1
2018010152588,4,9,0,2,6,2,0,0,0,0,4,1,6,3,-1,-1,1796,1,27,-1,-1,-1
2018010152588,5,19,0,2,6,2,0,0,0,0,3,1,6,3,-1,-1,2198,2,3,-1,-1,-1
2018010152589,1,1,-1,-1,-1,0,-1,-1,-1,-1,-1,1,6,2,76,11,-1,-1,-1,2,1,2
2018010152589,2,9,-1,-1,-1,0,-1,-1,-1,0,-1,-1,6,3,-1,-1,3000,1,25,-1,-1,-1
2018010152593,1,9,0,18,0,4,0,0,0,0,1,1,6,2,40,7,1596,1,15,2,1,2
2018010152593,2,1,0,18,0,4,0,0,0,0,4,1,2,1,39,7,-1,-1,-1,6,1,6
2018010152598,1,9,0,-1,-1,0,-1,-1,-1,-1,2,1,2,1,24,5,1149,1,10,2,1,2
2018010152598,2,9,-1,18,0,0,0,0,0,0,1,1,6,3,-1,-1,1389,1,22,-1,-1,-1
2018010152601,1,9,0,18,0,0,1,4,0,0,3,1,3,1,38,7,1598,1,7,-1,-1,-1
2018010152601,2,9,0,5,0,0,0,0,0,0,1,1,1,1,39,7,1360,1,9,9,1,9
2018010152601,3,9,0,2,0,0,0,0,0,0,1,1,6,3,-1,-1,1498,1,11,-1,-1,-1
2018010152604,1,9,0,4,0,0,0,0,0,0,1,1,6,1,23,5,1461,2,3,6,1,6
2018010152604,2,9,0,4,0,0,0,0,0,0,2,1,6,1,55,8,1598,1,13,3,1,3
2018010152610,1,1,-1,-1,-1,0,-1,-1,-1,-1,1,1,3,1,62,9,-1,-1,-1,4,1,4
2018010152610,2,19,0,-1,-1,0,-1,-1,-1,-1,3,-1,6,3,22,5,1968,2,2,9,1,9
2018010152612,1,9,0,4,0,0,0,0,0,0,2,1,6,1,49,8,1598,1,5,2,1,2
2018010152612,2,3,0,4,0,0,0,0,0,0,2,1,6,1,37,7,125,1,2,4,1,4
2018010152616,1,9,0,18,0,0,0,0,0,0,1,1,6,2,18,4,998,1,3,7,1,7
2018010152616,2,19,0,18,0,0,0,0,0,0,1,1,1,1,51,8,2442,2,1,3,1,3
2018010152618,1,1,-1,-1,-1,0,-1,-1,-1,-1,-1,1,2,1,52,8,-1,-1,-1,9,1,9
2018010152618,2,19,0,-1,-1,0,-1,-1,-1,-1,-1,-1,6,3,-1,-1,2402,2,10,5,1,5
2018010152623,1,9,0,5,0,4,0,0,0,0,3,1,2,2,56,9,-1,-1,-1,9,1,9
2018010152623,2,1,0,17,0,1,0,0,0,0,1,1,2,2,37,7,-1,-1,-1,8,1,8
2018010152627,1,1,0,18,0,1,0,0,0,0,1,1,2,1,27,6,-1,-1,-1,7,1,7
2018010152627,2,19,0,9,0,5,0,0,0,0,4,1,1,1,38,7,1560,2,3,4,1,4
2018010152629,1,19,0,-1,-1,-1,-1,-1,-1,-1,2,-1,6,1,32,6,3198,2,1,2,1,2
2018010152629,2,9,-1,1,0,-1,-1,0,0,0,1,-1,6,3,-1,-1,1598,1,17,-1,-1,-1
2018010152630,1,3,0,5,0,1,0,0,0,0,1,1,2,1,17,4,124,1,-1,-1,-1,-1
2018010152630,2,9,0,5,0,1,0,0,0,0,3,1,6,1,17,4,1390,1,17,-1,-1,-1
2018010152631,1,9,0,1,0,0,0,0,0,0,2,1,6,2,28,6,1995,2,12,9,1,9
2018010152634,1,9,0,9,0,1,0,0,0,0,1,1,6,2,75,10,1598,1,12,-1,-1,-1
2018010152638,1,3,0,13,0,1,0,0,0,0,1,1,4,1,18,4,125,1,2,2,1,2
2018010152638,2,9,0,10,0,1,0,0,0,0,1,1,2,2,22,5,998,1,3,2,1,2
2018010152641,1,9,0,3,0,1,0,0,0,0,0,1,6,2,43,7,998,1,1,5,1,5
2018010152641,2,1,0,18,0,2,1,0,0,0,0,1,6,1,36,7,-1,-1,-1,4,1,4
2018010152644,1,3,0,18,0,1,0,0,0,0,-1,1,6,1,18,4,124,1,5,2,1,2
2018010152644,2,9,0,9,0,6,0,-1,0,0,-1,-1,6,3,-1,-1,996,1,9,-1,-1,-1
2018010152648,1,9,0,18,0,1,0,0,0,0,4,1,6,1,30,6,1984,1,8,2,1,2
2018010152648,2,9,0,10,0,6,0,0,0,0,3,1,6,1,57,9,1685,2,2,3,1,3
2018010152650,1,9,-1,-1,-1,-1,-1,-1,-1,-1,-1,-1,6,3,-1,-1,-1,-1,-1,-1,-1,-1
2018010152651,1,9,0,5,0,1,0,0,0,0,1,1,6,1,42,7,2143,2,4,5,3,5
2018010152652,1,8,0,18,0,0,0,0,0,0,4,1,1,1,37,7,2499,2,5,6,1,6
2018010152654,1,9,0,18,8,0,0,-1,0,0,-1,-1,6,1,40,7,1242,1,13,-1,-1,-1
2018010152655,1,9,0,18,0,-1,0,0,0,0,1,1,6,1,31,6,1329,1,8,2,1,2
2018010152655,2,9,0,-1,-1,-1,-1,-1,-1,-1,1,-1,6,3,-1,-1,-1,-1,-1,-1,-1,-1
2018010152656,1,1,-1,-1,-1,-1,-1,-1,-1,-1,-1,1,6,1,34,6,-1,-1,-1,5,1,5
2018010152656,2,9,0,-1,-1,-1,-1,-1,-1,-1,-1,-1,6,3,-1,-1,2720,2,12,3,1,3
2018010152658,1,3,0,18,0,0,0,0,0,0,2,1,1,1,32,6,125,1,6,7,1,7
2018010152658,2,9,0,18,0,0,0,0,0,0,1,2,6,1,50,8,1499,2,-1,1,1,1
2018010152662,1,9,0,5,0,1,0,0,0,0,1,1,6,1,50,8,2987,2,7,-1,-1,-1
2018010152662,2,9,0,7,0,1,0,0,0,0,2,1,6,1,53,8,4196,1,10,6,3,6
2018010152662,3,9,0,18,0,1,0,0,0,0,0,1,1,2,34,6,1200,1,-1,3,1,3
2018010152663,1,9,0,-1,-1,0,-1,-1,-1,-1,2,-1,6,2,43,7,1329,1,9,3,1,3
2018010152667,1,9,0,4,0,1,0,0,0,0,1,1,1,1,38,7,1997,2,5,3,1,3
2018010152667,2,9,0,4,0,1,0,0,0,0,2,1,6,1,26,6,2143,2,-1,2,1,2
2018010152668,1,9,0,-1,-1,-1,-1,-1,-1,-1,2,-1,6,2,31,6,1339,8,9,3,1,3
2018010152668,2,9,0,-1,-1,-1,-1,-1,-1,-1,1,-1,6,3,-1,-1,2148,2,15,-1,-1,-1
2018010152668,3,9,0,-1,-1,-1,-1,-1,-1,-1,2,-1,6,3,-1,-1,1997,2,5,-1,-1,-1
2018010152672,1,9,0,18,0,1,0,0,0,0,1,1,1,2,28,6,1499,1,1,2,1,2
2018010152672,2,9,0,18,0,2,0,0,0,0,3,1,6,1,66,10,4297,1,8,9,1,9
2018010152675,1,9,0,-1,0,1,0,0,0,0,3,-1,6,1,76,11,999,1,3,5,1,5
2018010152675,2,9,0,-1,0,1,0,0,0,0,4,-1,6,3,-1,-1,-1,-1,-1,-1,-1,-1
2018010152677,1,9,0,18,0,8,0,0,0,0,3,1,6,2,53,8,-1,-1,-1,3,1,3
2018010152677,2,9,0,18,0,8,0,0,0,0,1,1,6,2,35,6,-1,-1,-1,6,3,6
2018010152680,1,9,0,7,0,2,0,0,0,0,4,1,1,1,37,7,1364,2,4,4,1,4
2018010152682,1,8,0,7,0,6,0,0,0,0,1,1,1,1,34,6,1798,8,5,4,1,4
2018010152683,1,9,0,-1,-1,-1,-1,-1,-1,-1,1,-1,6,1,21,5,1248,1,-1,2,1,2
2018010152699,1,8,0,-1,-1,-1,-1,-1,-1,-1,2,-1,6,1,44,7,1560,2,4,3,1,3
2018010152699,2,9,0,-1,-1,-1,-1,-1,-1,-1,1,-1,6,3,-1,-1,1995,2,12,-1,-1,-1
2018010152700,1,9,0,5,0,1,0,4,0,0,1,1,1,1,34,6,999,1,1,6,1,6
2018010152700,2,9,0,4,0,1,0,0,0,0,2,1,6,1,28,6,1598,1,12,3,1,3
2018010152704,1,8,0,9,0,0,0,0,0,0,4,1,6,1,28,6,-1,-1,-1,2,1,2
2018010152704,2,1,0,17,0,0,1,0,0,0,3,1,6,1,69,10,-1,-1,-1,4,1,4
2018010152709,1,9,-1,-1,-1,0,-1,-1,-1,-1,-1,-1,6,3,-1,-1,1797,8,7,-1,-1,-1
2018010152710,1,9,0,9,0,2,0,0,0,0,1,1,3,2,58,9,1598,1,6,-1,-1,-1
2018010152710,2,1,0,14,0,1,5,0,0,0,1,1,6,2,53,8,-1,-1,-1,3,1,3
2018010152713,1,9,0,18,0,3,1,9,0,0,4,1,2,1,29,6,1999,1,4,4,-1,4
2018010152713,2,8,0,9,0,8,0,0,0,0,1,1,1,1,31,6,1339,8,8,4,1,4
2018010152716,1,9,0,3,0,0,0,0,0,0,2,1,2,1,33,6,-1,-1,-1,5,1,5
2018010152716,2,9,0,18,0,0,0,0,0,0,1,1,2,1,28,6,1686,2,15,3,1,3
2018010152720,1,9,0,18,0,0,0,0,0,0,1,1,6,2,50,8,1390,1,14,3,1,3
2018010152723,1,9,0,-1,-1,-1,-1,-1,-1,-1,2,-1,6,1,34,6,1398,1,8,3,1,3
2018010152723,2,19,0,-1,-1,-1,-1,-1,-1,-1,1,-1,6,3,-1,-1,-1,-1,-1,-1,-1,-1
2018010152726,1,9,0,18,0,1,0,7,4,10,4,1,1,2,42,7,1398,1,14,2,1,2
2018010152726,2,9,0,15,0,1,0,0,0,0,3,1,6,3,-1,-1,-1,-1,-1,-1,-1,-1
2018010152729,1,20,0,-1,-1,-1,-1,-1,-1,-1,0,-1,6,3,-1,-1,-1,-1,-1,-1,-1,-1
2018010152731,1,5,0,-1,-1,-1,-1,-1,-1,-1,0,1,6,1,30,6,599,1,10,9,1,9
2018010152731,2,9,0,-1,-1,-1,-1,-1,-1,-1,0,-1,6,3,-1,-1,1364,1,4,2,1,2
2018010152732,1,9,0,3,0,8,0,0,0,0,2,1,6,2,25,5,2199,2,2,5,1,5
2018010152732,2,9,0,5,0,8,0,0,0,0,1,1,6,1,46,8,1197,1,1,5,1,5
2018010152733,1,9,0,8,0,1,0,0,0,0,2,1,6,1,55,8,2179,2,5,2,1,2
2018010152733,2,3,0,18,0,1,0,0,0,0,1,1,6,1,31,6,124,1,16,3,1,3
2018010152737,1,9,0,18,0,1,0,0,0,0,1,1,6,1,41,7,2148,2,15,5,1,5
2018010152743,1,3,0,18,0,1,0,0,0,0,1,1,2,1,30,6,124,1,7,6,1,6
2018010152744,1,9,0,5,0,1,0,0,0,0,1,1,6,1,79,11,1339,8,8,6,1,6
2018010152744,2,9,0,16,0,1,0,0,0,0,4,1,6,1,33,6,1984,2,8,4,1,4
2018010152746,1,8,0,-1,-1,-1,-1,-1,-1,-1,1,-1,6,3,-1,-1,1798,8,6,-1,-1,-1
2018010152748,1,11,0,-1,-1,-1,-1,-1,-1,-1,2,-1,6,1,39,7,5132,2,1,2,1,2
2018010152748,2,19,0,-1,-1,-1,-1,-1,-1,-1,1,-1,6,3,-1,-1,2143,2,2,3,1,3
2018010152752,1,1,-1,-1,-1,-1,-1,-1,-1,-1,1,1,2,1,34,6,-1,-1,-1,4,1,4
2018010152752,2,19,-1,-1,-1,-1,-1,-1,-1,-1,-1,-1,6,1,-1,-1,1896,2,10,-1,-1,-1
2018010152757,1,8,0,-1,-1,-1,-1,-1,-1,-1,1,-1,6,1,31,6,1798,8,6,2,1,2
2018010152757,2,9,0,-1,-1,-1,-1,-1,-1,-1,4,-1,6,3,-1,-1,1598,1,10,-1,-1,-1
2018010152758,1,9,0,18,0,0,0,0,0,0,1,1,6,1,25,5,1587,1,15,1,1,1
2018010152761,1,3,0,13,0,0,2,0,0,0,4,1,6,1,29,6,124,1,5,-1,-1,-1
2018010152761,2,9,0,4,0,0,0,0,0,0,3,1,6,1,41,7,1968,2,1,2,1,2
2018010152761,3,9,0,2,0,0,0,0,0,0,2,1,6,3,-1,-1,1798,8,-1,-1,-1,-1
2018010152762,1,9,0,18,0,1,0,0,0,0,4,1,6,1,34,6,1995,2,2,8,1,8
2018010152763,1,2,0,17,0,4,1,0,0,0,0,1,1,1,20,4,49,1,2,5,1,5
2018010152763,2,9,0,18,0,4,0,0,0,0,0,1,6,3,-1,-1,-1,-1,-1,-1,-1,-1
2018010152768,1,9,0,9,0,5,0,0,0,0,4,1,6,1,71,10,1398,2,13,9,1,9
2018010152768,2,1,0,18,0,2,1,0,0,0,1,1,6,1,24,5,-1,-1,-1,7,1,7
2018010152769,1,9,0,18,0,1,0,0,0,0,1,1,6,1,53,8,1390,1,12,3,1,3
2018010152776,1,9,0,18,0,2,0,0,1,0,1,1,1,1,56,9,1206,1,5,7,1,7
2018010152776,2,9,0,18,0,1,0,7,1,10,1,1,2,2,36,7,1769,1,14,1,1,1
2018010152785,1,3,0,5,0,1,0,0,0,0,1,1,1,1,38,7,-1,-1,-1,-1,-1,-1
2018010152787,1,3,0,18,0,1,0,0,0,0,1,1,6,1,52,8,125,1,4,2,1,2
2018010152787,2,9,0,9,0,1,0,0,0,0,1,1,6,1,25,5,1598,2,5,4,1,4
2018010152794,1,9,0,-1,-1,-1,-1,-1,-1,-1,2,-1,6,1,28,6,1598,2,7,2,1,2
2018010152794,2,9,0,-1,-1,-1,-1,-1,-1,-1,1,-1,6,3,-1,-1,-1,-1,-1,-1,-1,-1
2018010152799,1,9,0,-1,-1,-1,-1,-1,-1,-1,2,-1,6,1,52,8,2143,2,7,2,1,2
2018010152799,2,9,0,-1,-1,-1,-1,-1,-1,-1,1,-1,6,3,48,8,1685,2,6,-1,-1,-1
2018010152801,1,9,0,-1,-1,0,-1,-1,-1,-1,2,-1,6,1,33,6,1798,1,5,1,1,1
2018010152802,1,9,0,-1,-1,-1,-1,-1,-1,-1,1,-1,6,1,23,5,1984,1,9,4,1,4
2018010152806,1,1,-1,-1,-1,-1,-1,-1,-1,-1,1,1,2,1,24,5,-1,-1,-1,4,1,4
2018010152806,2,9,0,-1,-1,-1,-1,-1,-1,-1,-1,-1,6,3,-1,-1,-1,-1,-1,-1,-1,-1
2018010152807,1,9,0,7,0,2,0,0,0,0,1,1,2,1,43,7,1591,1,2,9,1,9
2018010152808,1,9,0,7,0,6,0,0,0,0,1,1,6,3,-1,-1,1997,2,8,-1,-1,-1
2018010152809,1,9,0,3,0,1,0,0,0,0,1,1,6,1,24,5,1339,8,11,2,1,2
2018010152809,2,9,0,1,0,1,0,0,0,0,2,1,6,3,-1,-1,2143,2,2,-1,-1,-1
2018010152810,1,9,0,-1,-1,-1,-1,-1,-1,-1,2,-1,6,2,27,6,1461,2,8,6,1,6
2018010152810,2,9,0,-1,-1,-1,-1,-1,-1,-1,-1,-1,6,3,-1,-1,1390,1,10,2,1,2
2018010152813,1,8,0,7,0,1,0,0,0,0,2,2,1,1,59,9,2499,2,11,3,1,3
2018010152814,1,9,0,-1,-1,-1,-1,-1,-1,-1,1,-1,6,3,-1,-1,-1,-1,-1,-1,-1,-1
2018010152815,1,9,0,18,0,1,0,0,0,0,4,1,6,1,26,6,998,1,2,5,1,5
2018010152815,2,9,0,4,0,1,0,0,0,0,1,1,6,1,41,7,1794,1,14,6,1,6
2018010152817,1,3,0,18,0,1,0,0,0,0,1,1,6,1,18,4,124,1,4,3,1,3
2018010152817,2,9,0,9,0,8,0,0,0,0,2,1,6,3,-1,-1,-1,-1,-1,-1,-1,-1
2018010152819,1,9,0,18,0,0,0,0,0,0,2,1,2,1,40,7,1997,2,16,2,1,2
2018010152819,2,11,0,18,0,0,0,0,0,0,1,1,1,1,-1,-1,4500,2,2,2,1,2
2018010152824,1,3,0,4,0,1,2,0,0,0,0,1,2,1,28,6,125,1,7,9,1,9
2018010152826,1,1,-1,-1,-1,0,-1,-1,-1,-1,1,1,2,1,26,6,-1,-1,-1,6,1,6
2018010152826,2,8,0,-1,-1,0,-1,-1,-1,-1,-1,-1,6,3,53,8,2499,2,7,4,1,4
2018010152833,1,19,0,7,0,5,0,0,0,0,4,1,1,1,47,8,6700,2,3,4,1,4
2018010152833,2,1,0,18,0,8,5,0,0,0,3,1,2,1,56,9,-1,-1,-1,2,1,2
2018010152838,1,3,0,18,2,1,0,0,0,0,1,1,2,1,27,6,125,1,5,3,1,3
2018010152838,2,9,0,9,0,5,0,0,0,0,4,1,2,1,42,7,1598,1,7,10,1,10
2018010152840,1,9,0,4,-1,-1,0,-1,-1,-1,-1,-1,6,1,37,7,1798,8,6,2,1,2