Accident_Index,Vehicle_Reference,Vehicle_Type,Towing_and_Articulation,Vehicle_Manoeuvre,Vehicle_Location-Restricted_Lane,Junction_Location,Skidding_and_Overturning,Hit_Object_in_Carriageway,Vehicle_Leaving_Carriageway,Hit_Object_off_Carriageway,1st_Point_of_Impact,Was_Vehicle_Left_Hand_Drive?,Journey_Purpose_of_Driver,Sex_of_Driver,Age_of_Driver,Age_Band_of_Driver,Engine_Capacity_(CC),Propulsion_Code,Age_of_Vehicle,Driver_IMD_Decile,Driver_Home_Area_Type,Vehicle_IMD_Decile
2018010154148,1,9,0,9,0,5,0,0,0,0,1,1,6,1,54,8,1968,2,3,2,1,2
2018010154148,2,1,0,3,0,8,0,0,0,0,1,1,6,1,44,7,-1,-1,-1,1,1,1
2018010154152,1,9,0,18,0,2,0,0,0,0,1,1,6,1,36,7,2993,2,6,3,1,3
2018010154152,2,9,0,6,0,2,0,0,0,0,1,1,6,1,51,8,1388,1,6,7,1,7
2018010154154,1,9,0,-1,-1,-1,-1,-1,-1,-1,1,-1,6,2,24,5,1498,1,-1,9,1,9
2018010154154,2,9,0,-1,-1,-1,-1,-1,-1,-1,1,-1,6,3,-1,-1,1198,1,7,1,1,1
2018010154155,1,9,0,9,0,1,0,0,0,0,1,1,6,2,52,8,2400,2,7,9,1,9
2018010154155,2,9,0,15,0,1,0,0,0,0,1,1,1,1,61,9,2995,1,8,6,1,6
2018010154156,1,8,0,18,0,6,0,0,0,0,1,1,6,1,31,6,1797,8,-1,-1,-1,-1
2018010154158,1,9,0,9,0,2,0,0,0,0,1,1,6,1,36,7,1587,1,11,2,1,2
2018010154158,2,1,0,4,0,1,0,0,0,0,1,1,6,1,29,6,-1,-1,-1,1,1,1
2018010154159,1,2,0,18,0,0,0,0,7,0,1,1,6,1,34,6,125,1,8,5,1,5
2018010154159,2,9,0,18,7,0,0,0,1,0,1,1,6,1,56,9,1686,2,15,2,1,2
2018010154162,1,9,0,13,0,0,0,0,0,0,4,1,6,1,21,5,1084,1,-1,10,1,10
2018010154162,2,9,0,12,0,0,0,0,5,6,3,1,6,2,74,10,1598,2,1,6,1,6
2018010154164,1,9,0,10,0,1,0,0,0,0,2,1,6,2,64,9,1984,1,18,1,1,1
2018010154164,2,9,0,18,0,1,0,0,0,0,1,2,6,1,40,7,-1,-1,-1,5,1,5
2018010154166,1,3,0,18,0,0,0,0,0,0,1,1,6,1,21,5,124,1,2,2,1,2
2018010154166,2,11,0,18,0,0,0,0,0,0,-1,1,6,3,-1,-1,-1,-1,-1,-1,-1,-1
2018010154169,1,9,0,9,0,6,0,0,0,0,1,1,6,2,34,6,999,1,-1,2,1,2
2018010154169,2,3,0,18,0,1,0,4,0,0,4,1,6,2,26,6,125,1,2,6,1,6
2018010154172,1,9,0,2,0,1,0,0,1,4,3,2,6,3,-1,-1,1497,8,10,-1,-1,-1
2018010154172,2,9,0,2,0,1,0,0,0,0,1,1,6,3,-1,-1,1998,1,16,-1,-1,-1
2018010154172,3,9,0,18,0,1,0,4,0,0,1,1,6,1,28,6,1699,1,8,-1,-1,-1
2018010154176,1,9,0,13,0,0,0,7,0,0,1,1,6,1,26,6,2295,1,20,4,1,4
2018010154176,2,9,0,18,0,0,0,0,0,0,2,1,6,1,25,5,999,1,3,7,1,7
2018010154176,3,9,0,18,0,0,0,0,0,0,3,1,6,1,-1,-1,2993,2,6,-1,-1,-1
2018010154176,4,9,0,18,0,0,0,0,0,0,1,1,1,1,38,7,1998,2,6,3,1,3
2018010154182,1,9,0,8,0,4,0,0,0,0,2,1,6,2,52,8,898,1,2,2,1,2
2018010154182,2,9,0,10,0,3,0,0,0,0,1,1,6,3,-1,-1,1968,2,3,-1,-1,-1
2018010154193,1,9,0,9,0,8,0,0,0,0,0,1,6,2,47,8,1390,1,14,4,1,4
2018010154193,2,9,0,18,0,1,0,0,0,0,1,1,6,1,37,7,1686,2,5,3,1,3
2018010154194,1,9,0,3,0,1,0,0,0,0,2,2,6,1,51,8,2967,2,1,9,1,9
2018010154194,2,1,0,13,0,1,2,0,0,0,1,1,6,1,10,2,-1,-1,-1,8,1,8
2018010154197,1,3,0,17,0,8,1,0,0,0,1,1,6,1,23,5,-1,-1,-1,1,1,1
2018010154197,2,9,0,9,0,1,0,0,0,0,1,1,6,1,28,6,-1,-1,-1,3,1,3
2018010154199,1,9,0,9,0,1,0,0,0,0,1,1,2,1,35,6,1975,1,12,5,1,5
2018010154205,1,9,0,18,9,1,0,0,0,0,1,1,6,1,56,9,1950,2,1,3,1,3
2018010154211,1,9,0,18,0,1,0,0,0,0,1,1,6,2,29,6,1598,1,16,5,1,5
2018010154211,2,9,0,5,0,1,0,0,0,0,1,1,6,2,19,4,1598,1,13,-1,-1,-1
2018010154213,1,9,0,-1,-1,-1,-1,-1,-1,-1,2,-1,6,2,49,8,1229,1,12,7,1,7
2018010154213,2,9,0,-1,-1,-1,-1,-1,-1,-1,1,-1,6,3,-1,-1,-1,-1,-1,-1,-1,-1
2018010154213,3,9,0,-1,-1,-1,-1,-1,-1,-1,1,-1,6,3,-1,-1,999,1,-1,-1,-1,-1
2018010154214,1,9,0,-1,-1,0,-1,-1,-1,-1,-1,-1,6,3,-1,-1,-1,-1,-1,-1,-1,-1
2018010154215,1,9,0,18,9,1,0,0,1,0,1,1,6,1,68,10,1598,1,18,5,1,5
2018010154216,1,9,0,-1,-1,-1,-1,-1,-1,-1,-1,-1,2,2,43,7,2148,2,10,5,1,5
2018010154216,2,19,-1,18,-1,-1,-1,-1,-1,-1,-1,-1,6,2,-1,-1,-1,-1,-1,-1,-1,-1
2018010154217,1,8,0,-1,-1,0,-1,-1,-1,-1,2,-1,6,1,38,7,1560,2,2,3,1,3
2018010154217,2,9,0,-1,-1,0,-1,-1,-1,-1,1,-1,6,3,-1,-1,2000,1,14,3,1,3
2018010154225,1,90,0,18,0,2,0,7,0,0,1,1,1,1,63,9,-1,-1,-1,6,1,6
2018010154226,1,9,0,15,0,1,0,0,0,0,1,1,6,1,36,7,1397,1,18,3,1,3
2018010154226,2,9,0,18,0,1,0,0,0,0,1,1,6,1,29,6,1796,1,14,10,1,10
2018010154227,1,9,0,-1,-1,-1,-1,-1,-1,-1,-1,-1,6,2,23,5,1390,1,7,2,1,2
2018010154229,1,9,0,5,0,1,0,0,0,0,3,1,6,1,50,8,-1,-1,-1,3,1,3
2018010154230,1,9,0,18,0,8,0,0,0,0,4,1,6,1,24,5,1390,1,14,-1,-1,-1
2018010154230,2,9,0,7,0,8,0,0,0,0,1,1,6,1,47,8,1197,1,1,4,1,4
2018010154232,1,9,0,-1,-1,-1,-1,-1,-1,-1,2,-1,6,1,27,6,1496,2,-1,-1,-1,-1
2018010154232,2,9,0,-1,-1,-1,-1,-1,-1,-1,1,-1,6,3,-1,-1,2993,2,11,2,1,2
2018010154234,1,11,0,18,0,1,0,0,0,0,0,1,1,1,58,9,4500,2,3,5,1,5
2018010154237,1,9,0,1,0,1,0,0,0,0,2,1,6,1,56,9,2987,2,6,5,1,5
2018010154237,2,19,0,2,0,1,0,0,0,0,3,1,6,3,-1,-1,1995,2,8,-1,-1,-1
2018010154239,1,9,0,3,0,1,0,0,0,0,2,1,6,1,32,6,2184,2,3,3,1,3
2018010154239,2,9,0,3,0,1,0,0,0,0,2,1,6,2,31,6,1242,1,4,9,1,9
2018010154239,3,9,0,3,0,1,0,0,0,0,3,1,6,2,28,6,1229,1,8,8,1,8
2018010154239,4,9,0,4,0,1,0,0,4,0,1,1,6,1,39,7,1587,1,16,6,1,6
2018010154249,1,9,0,-1,-1,-1,-1,-1,-1,-1,-1,-1,6,2,37,7,1595,1,10,5,1,5
2018010154249,2,9,-1,-1,-1,-1,-1,-1,-1,-1,-1,-1,6,1,-1,-1,1796,1,14,-1,-1,-1
2018010154255,1,9,0,-1,-1,-1,-1,-1,-1,-1,2,-1,6,1,26,6,1364,1,12,2,1,2
2018010154255,2,9,0,-1,-1,-1,-1,-1,-1,-1,1,-1,6,3,-1,-1,1390,1,14,3,1,3
2018010154269,1,9,0,18,0,2,0,0,1,2,1,1,2,1,47,8,1997,2,4,2,1,2
2018010154269,2,9,0,16,0,1,2,0,0,0,0,1,6,3,-1,-1,-1,-1,-1,-1,-1,-1
2018010154270,1,9,0,6,0,1,0,0,0,0,4,1,6,1,35,6,1985,1,16,3,1,3
2018010154273,1,11,0,5,2,1,0,0,0,0,1,1,1,1,55,8,6692,2,7,1,1,1
2018010154273,2,9,0,13,0,1,0,0,0,0,1,1,6,3,-1,-1,-1,-1,-1,-1,-1,-1
2018010154277,1,9,0,18,0,1,0,4,0,0,1,1,6,1,19,4,1364,1,10,-1,-1,-1
2018010154277,2,9,0,2,0,1,0,0,1,3,2,1,6,3,-1,-1,1769,1,18,-1,-1,-1
2018010154283,1,9,0,18,0,2,0,7,0,0,1,1,6,1,58,9,1499,2,-1,3,1,3
2018010154284,1,3,0,18,0,1,0,0,0,0,1,1,6,1,36,7,125,1,-1,2,1,2
2018010154284,2,9,0,6,0,1,0,0,0,0,2,1,6,3,-1,-1,1798,8,1,-1,-1,-1
2018010154303,1,3,0,18,0,8,0,0,0,0,1,1,6,1,28,6,125,1,3,4,1,4
2018010154303,2,8,0,9,0,8,0,0,0,0,1,1,1,1,48,8,1797,8,4,3,1,3
2018010154304,1,9,0,5,0,6,0,0,0,0,3,1,1,1,36,7,1339,8,7,3,1,3
2018010154304,2,3,0,18,0,1,0,0,0,0,1,1,6,1,21,5,124,1,10,2,1,2
2018010154305,1,8,-1,-1,-1,2,-1,-1,-1,-1,2,-1,6,1,43,7,1797,8,4,6,1,6
2018010154305,2,9,-1,-1,-1,1,-1,0,0,0,1,-1,6,3,-1,-1,-1,-1,-1,-1,-1,-1
2018010154308,1,9,0,-1,-1,-1,-1,-1,-1,0,1,-1,6,2,23,5,1248,2,10,3,1,3
2018010154309,1,9,0,-1,-1,-1,-1,-1,-1,-1,2,-1,6,1,32,6,998,1,6,3,1,3
2018010154309,2,9,0,-1,-1,-1,-1,-1,-1,-1,1,-1,6,3,-1,-1,-1,-1,-1,-1,-1,-1
2018010154312,1,9,0,-1,-1,0,-1,-1,-1,-1,-1,-1,6,3,20,4,1598,1,5,2,1,2
2018010154316,1,9,0,7,0,3,0,10,0,0,0,1,6,1,37,7,1598,1,9,3,1,3
2018010154317,1,3,0,18,0,0,0,0,0,0,1,1,6,3,-1,-1,-1,-1,-1,-1,-1,-1
2018010154322,1,9,0,9,0,8,1,0,0,0,1,1,6,1,31,6,1896,2,18,2,1,2
2018010154322,2,9,0,18,0,8,5,0,2,10,1,1,6,1,22,5,1198,1,11,7,1,7
2018010154326,1,3,0,18,0,1,0,0,0,0,1,1,6,1,18,4,125,1,2,4,1,4
2018010154326,2,9,0,9,0,5,0,0,0,0,4,1,6,1,46,8,1797,8,7,-1,-1,-1
2018010154327,1,9,0,9,0,0,0,0,0,0,3,1,6,2,23,5,1248,1,1,1,1,1
2018010154328,1,1,0,18,0,2,0,0,0,0,1,1,2,1,35,6,-1,-1,-1,2,1,2
2018010154328,2,9,0,18,0,2,0,0,0,0,1,2,2,1,49,8,1339,1,10,1,1,1
2018010154332,1,9,0,4,0,0,0,0,0,0,4,1,6,1,39,7,1997,1,4,4,1,4
2018010154332,2,8,0,18,0,0,0,0,0,0,4,1,1,1,33,6,2143,2,3,3,1,3
2018010154332,3,9,0,18,0,0,0,0,0,0,4,1,6,1,30,6,2171,1,15,2,1,2
2018010154332,4,9,0,2,6,0,0,0,0,0,0,1,6,3,-1,-1,1794,1,11,-1,-1,-1
2018010154334,1,9,0,18,0,0,5,0,0,0,4,1,6,1,73,10,1598,1,7,8,1,8
2018010154334,2,9,0,2,0,0,0,10,0,0,4,1,6,3,-1,-1,2143,2,9,-1,-1,-1
2018010154336,1,90,0,13,0,1,0,0,0,0,0,1,1,1,39,7,6370,2,11,7,1,7
2018010154336,2,3,0,18,0,2,0,0,0,0,0,1,1,1,42,7,108,1,1,7,1,7
2018010154337,1,9,0,18,0,2,0,0,0,0,4,1,6,1,58,9,1798,8,2,7,1,7
2018010154337,2,1,0,18,0,2,0,10,1,0,2,1,6,1,21,5,-1,-1,-1,2,1,2
2018010154339,1,3,0,18,0,0,0,0,0,0,1,1,1,1,40,7,125,1,2,2,1,2
2018010154343,1,9,0,18,0,2,0,0,0,0,1,1,1,1,36,7,1798,8,6,3,1,3
2018010154345,1,9,0,-1,-1,0,-1,-1,-1,-1,-1,-1,6,1,31,6,1968,2,8,2,1,2
2018010154345,2,9,0,-1,-1,0,-1,-1,-1,-1,-1,-1,6,3,-1,-1,1398,1,7,-1,-1,-1
2018010154346,1,9,0,17,0,0,0,4,0,0,1,1,6,1,38,7,1248,2,4,10,1,10
2018010154346,2,9,0,2,0,0,0,0,0,0,2,1,6,3,-1,-1,-1,-1,-1,-1,-1,-1
2018010154346,3,9,0,2,0,0,0,0,0,0,2,1,6,3,-1,-1,2987,2,8,-1,-1,-1
2018010154348,1,8,0,9,0,0,0,0,0,0,1,1,1,1,57,9,2143,2,4,2,1,2
2018010154350,1,9,0,-1,-1,-1,-1,-1,-1,-1,2,-1,6,2,29,6,1968,2,6,4,1,4
2018010154350,2,9,0,-1,-1,-1,-1,-1,-1,-1,1,-1,6,3,-1,-1,-1,-1,-1,-1,-1,-1
2018010154352,1,8,0,18,0,0,0,0,0,0,1,1,2,1,35,6,1798,8,-1,2,1,2
2018010154354,1,9,0,18,0,1,0,0,0,0,1,1,6,1,47,8,1968,2,10,2,1,2
2018010154354,2,9,0,18,0,1,1,0,0,0,4,1,6,2,55,8,998,1,19,2,1,2
2018010154355,1,9,0,9,0,8,0,0,0,0,1,1,6,3,-1,-1,-1,-1,-1,-1,-1,-1
2018010154356,1,9,0,7,0,3,1,10,0,0,3,1,6,1,65,9,1598,1,13,8,1,8
2018010154356,2,9,0,17,0,8,1,0,0,0,4,1,6,1,45,7,1598,1,11,3,1,3
2018010154357,1,9,0,5,0,1,0,0,0,0,1,1,1,1,54,8,1798,8,4,-1,-1,-1
2018010154361,1,9,0,18,0,0,1,0,1,0,3,1,6,1,44,7,1596,1,13,-1,-1,-1
2018010154361,2,9,0,18,0,0,0,0,0,0,3,1,6,1,39,7,1796,1,13,-1,-1,-1
2018010154364,1,9,0,18,0,0,0,0,0,0,1,1,6,2,57,9,1498,1,10,2,1,2
2018010154364,2,9,0,5,0,0,0,0,0,0,1,1,6,3,-1,-1,2987,2,9,-1,-1,-1
2018010154367,1,9,0,13,0,1,0,7,7,10,1,1,6,1,57,9,1360,1,17,-1,-1,-1
2018010154367,2,9,0,9,0,1,1,0,0,0,3,1,6,1,39,7,1781,1,26,4,1,4
2018010154374,1,9,0,-1,-1,-1,-1,-1,-1,-1,-1,-1,6,2,44,7,1386,1,9,4,1,4
2018010154374,2,9,0,-1,-1,-1,-1,-1,-1,-1,-1,-1,6,3,46,8,1395,8,3,7,1,7
2018010154378,1,9,0,18,0,1,0,0,0,0,1,1,6,1,26,6,1499,1,-1,3,1,3
2018010154378,2,19,0,3,0,1,0,0,0,0,2,1,1,1,32,6,2198,2,3,3,1,3
2018010154384,1,9,0,18,0,8,0,0,0,0,4,1,6,1,31,6,1896,2,16,5,1,5
2018010154384,2,3,0,18,0,8,0,0,0,0,1,1,6,1,19,4,124,1,14,-1,-1,-1
2018010154387,1,9,0,3,0,1,0,0,0,0,2,1,6,1,25,5,1896,2,12,-1,-1,-1
2018010154387,2,9,0,18,0,1,0,0,0,0,1,1,6,3,-1,-1,1968,2,12,-1,-1,-1
2018010154392,1,9,0,-1,-1,-1,-1,-1,-1,-1,1,-1,6,1,70,10,1339,1,10,8,1,8
2018010154393,1,8,0,-1,-1,-1,-1,-1,-1,-1,-1,-1,6,1,37,7,1997,2,1,3,1,3
2018010154399,1,9,0,-1,-1,-1,-1,-1,-1,-1,2,-1,6,1,53,8,2996,1,7,6,1,6
2018010154399,2,9,0,-1,-1,1,0,0,0,0,1,-1,6,1,-1,-1,1368,1,6,4,1,4
2018010154402,1,1,-1,-1,-1,-1,-1,-1,-1,-1,-1,1,6,1,24,5,-1,-1,-1,9,1,9
2018010154402,2,8,0,-1,-1,-1,-1,-1,-1,-1,1,-1,6,3,-1,-1,2143,2,3,-1,-1,-1
2018010154403,1,8,0,5,0,0,0,0,0,0,4,1,1,1,45,7,1798,8,3,1,1,1
2018010154404,1,9,0,18,0,2,0,0,0,0,2,1,6,1,26,6,2148,2,13,9,3,9
2018010154404,2,9,0,18,0,1,0,0,0,0,1,1,6,1,22,5,1995,1,12,3,1,3
2018010154412,1,4,0,-1,-1,0,-1,-1,-1,-1,1,1,6,1,24,5,124,1,1,1,1,1
2018010154412,2,4,0,-1,-1,0,-1,-1,-1,-1,-1,1,6,3,-1,-1,599,1,5,6,1,6
2018010154421,1,9,0,-1,-1,-1,-1,-1,-1,-1,2,-1,6,2,30,6,1197,1,6,7,1,7
2018010154421,2,9,0,-1,-1,-1,-1,-1,-1,-1,1,-1,6,3,28,6,1598,1,12,-1,-1,-1
2018010154427,1,9,0,18,0,8,1,0,0,0,3,1,6,2,46,8,2204,2,12,4,1,4
2018010154427,2,9,0,18,0,8,0,0,0,0,1,1,6,2,35,6,1560,2,6,3,1,3
2018010154430,1,9,0,-1,-1,-1,-1,-1,-1,-1,1,-1,6,3,25,5,1242,1,4,5,1,5
2018010154434,1,9,0,9,0,8,0,0,0,0,1,1,6,1,22,5,2143,2,3,9,1,9
2018010154434,2,3,0,18,0,8,1,0,0,0,4,1,6,1,25,5,124,1,1,2,1,2
2018010154436,1,19,0,-1,-1,-1,-1,-1,-1,-1,3,-1,6,1,46,8,1499,2,1,10,1,10
2018010154436,2,9,0,-1,-1,-1,-1,-1,-1,-1,1,-1,6,3,-1,-1,1796,1,15,-1,-1,-1
2018010154439,1,9,0,-1,-1,-1,-1,-1,-1,-1,2,-1,6,1,49,8,1956,2,3,7,1,7
2018010154439,2,9,0,9,0,6,0,0,0,0,1,-1,6,3,-1,-1,1560,2,3,-1,-1,-1
2018010154441,1,9,0,18,0,1,0,10,0,0,1,1,6,2,54,8,1598,1,12,2,1,2
2018010154444,1,9,0,7,0,5,0,0,0,0,4,1,6,1,77,11,1798,1,14,5,1,5
2018010154445,1,9,0,-1,-1,-1,-1,-1,-1,-1,-1,-1,6,1,45,7,1398,1,11,10,1,10
2018010154445,2,9,0,-1,-1,-1,-1,-1,-1,-1,1,-1,6,3,-1,-1,1747,1,8,-1,-1,-1
2018010154447,1,9,0,-1,-1,0,-1,-1,-1,-1,2,-1,6,2,35,6,1242,1,5,4,1,4
2018010154447,2,9,0,-1,-1,0,-1,-1,-1,-1,1,-1,6,3,28,6,1598,1,4,-1,-1,-1
2018010154448,1,3,0,7,0,6,1,0,0,0,3,1,1,1,21,5,108,1,-1,1,1,1
2018010154448,2,8,0,7,0,6,0,0,0,0,4,1,1,1,48,8,2143,2,3,4,1,4
2018010154451,1,3,-1,-1,-1,-1,-1,-1,-1,-1,1,1,6,1,26,6,125,1,-1,3,1,3
2018010154457,1,3,0,18,0,8,0,0,0,0,1,1,6,3,-1,-1,-1,-1,-1,-1,-1,-1
2018010154459,1,9,0,4,0,0,0,0,0,0,2,1,6,1,32,6,1995,2,5,4,1,4
2018010154459,2,9,0,18,0,0,0,0,0,0,1,1,6,1,24,5,1796,1,25,6,1,6
2018010154462,1,11,0,18,0,1,0,4,1,10,1,1,1,1,39,7,6700,2,8,3,1,3
2018010154462,2,9,0,2,0,1,0,0,0,0,1,1,6,3,-1,-1,2143,2,8,-1,-1,-1
2018010154467,1,9,0,18,0,6,1,0,0,0,1,1,6,1,30,6,1599,1,15,-1,-1,-1
2018010154467,2,9,0,18,0,6,0,0,0,0,0,1,1,1,28,6,1560,2,4,2,1,2
2018010154467,3,9,0,18,0,6,0,0,0,0,3,1,6,1,32,6,1198,1,8,4,1,4
2018010154467,4,9,0,18,0,1,0,0,0,0,3,1,6,1,41,7,-1,-1,-1,2,1,2
2018010154469,1,9,0,2,0,1,0,0,0,0,3,1,6,3,-1,-1,1596,1,16,-1,-1,-1
2018010154469,2,9,0,5,0,8,0,0,0,0,1,1,6,2,31,6,1595,1,10,4,1,4
2018010154469,3,19,0,18,0,1,0,0,0,0,1,1,6,1,30,6,1995,2,-1,3,1,3
2018010154472,1,9,0,18,0,0,0,0,0,0,1,1,6,3,-1,-1,-1,-1,-1,-1,-1,-1
2018010154473,1,9,0,18,0,0,0,0,0,0,2,2,6,1,48,8,-1,-1,-1,4,1,4
2018010154473,2,9,0,17,0,0,5,0,0,0,1,2,2,1,24,5,1390,1,14,-1,-1,-1
2018010154474,1,9,0,3,0,1,0,0,0,0,2,1,6,1,41,7,2987,2,4,8,1,8
2018010154474,2,9,0,4,0,1,0,0,4,0,1,1,6,1,33,6,1560,2,8,-1,-1,-1
2018010154476,1,9,0,5,0,2,0,0,0,0,1,1,6,3,-1,-1,-1,-1,-1,-1,-1,-1
2018010154478,1,9,0,5,0,2,0,0,0,0,1,1,6,1,50,8,1149,1,5,9,1,9
2018010154480,1,9,0,11,0,0,0,0,0,0,1,1,6,1,18,4,1753,2,12,3,1,3
2018010154480,2,9,0,4,0,0,0,0,0,0,2,1,6,3,-1,-1,1997,1,4,-1,-1,-1
2018010154480,3,9,0,11,0,0,0,0,0,0,0,1,6,3,-1,-1,1997,1,4,-1,-1,-1
2018010154482,1,9,0,-1,-1,-1,-1,-1,-1,-1,-1,-1,6,2,19,4,1598,2,-1,2,1,2
2018010154482,2,9,0,-1,-1,-1,-1,-1,-1,-1,-1,-1,6,3,-1,-1,-1,-1,-1,-1,-1,-1
2018010154484,1,2,0,18,0,0,0,4,0,0,1,1,6,1,18,4,-1,-1,-1,3,1,3
2018010154484,2,9,0,2,0,0,0,0,0,0,1,1,6,3,-1,-1,1499,2,2,-1,-1,-1
2018010154485,1,8,0,-1,-1,-1,-1,-1,-1,-1,2,-1,6,1,56,9,1968,2,5,6,1,6
2018010154485,2,9,-1,18,0,4,0,0,0,0,1,-1,6,3,-1,-1,1598,1,3,-1,-1,-1
2018010154488,1,9,0,17,0,2,0,4,0,0,4,1,2,1,51,8,1769,1,14,-1,-1,-1
2018010154488,2,9,0,2,0,2,0,0,0,0,3,1,6,3,-1,-1,1997,2,11,-1,-1,-1
2018010154489,1,9,0,18,0,1,0,0,0,0,1,1,6,1,50,8,1596,1,16,8,1,8
2018010154490,1,9,0,18,0,1,0,0,0,0,1,1,2,1,56,9,2295,1,17,4,1,4
2018010154490,2,1,0,5,0,1,0,0,0,0,1,1,6,1,23,5,-1,-1,-1,-1,-1,-1
2018010154494,1,9,0,-1,-1,-1,-1,-1,-1,-1,2,-1,2,2,25,5,1390,1,5,2,1,2
2018010154500,1,19,0,18,0,1,0,10,1,0,1,1,6,1,39,7,1753,2,13,7,1,7
2018010154500,2,9,0,7,0,8,0,0,7,0,4,1,6,1,44,7,2148,2,11,3,1,3
2018010154505,1,9,0,9,0,8,0,0,0,0,4,1,6,1,51,8,2143,2,2,2,1,2
2018010154505,2,9,0,16,0,8,0,0,0,0,1,1,6,1,25,5,1995,2,11,1,1,1
2018010154514,1,9,0,3,0,1,0,0,0,0,3,1,2,2,38,7,1998,1,2,3,1,3
2018010154514,2,9,0,3,0,1,0,0,0,0,3,1,6,1,37,7,2993,2,2,8,1,8
2018010154514,3,2,0,3,0,1,0,0,0,0,1,1,6,1,27,6,638,1,15,2,1,2
2018010154516,1,9,0,18,0,2,0,0,0,0,1,1,6,2,49,8,1598,1,8,2,1,2
2018010154525,1,9,0,3,6,1,0,0,0,0,2,1,6,2,32,6,-1,-1,-1,5,1,5
2018010154525,2,19,0,4,6,1,0,0,0,0,1,1,1,1,33,6,2143,2,1,1,1,1
2018010154525,3,9,0,18,0,1,0,0,0,0,1,1,6,2,39,7,1598,1,8,3,1,3
2018010154526,1,3,0,18,0,0,0,0,0,0,4,1,6,1,26,6,124,1,5,2,1,2
2018010154526,2,9,0,18,0,0,0,0,0,0,3,1,6,3,-1,-1,-1,-1,-1,-1,-1,-1
2018010154530,1,9,0,18,0,0,0,0,0,0,1,1,6,2,72,10,998,1,4,8,2,8
2018010154530,2,9,0,18,0,0,0,0,0,0,2,1,6,1,43,7,1797,8,5,2,1,2
2018010154530,3,9,0,18,0,0,0,0,0,0,2,1,6,1,37,7,1499,1,1,5,1,5
2018010154530,4,9,0,18,0,0,0,0,0,0,2,1,1,2,45,7,1461,2,2,3,1,3
2018010154531,1,11,0,4,0,1,0,0,0,0,4,1,1,1,42,7,5132,2,3,3,1,3
2018010154538,1,1,-1,-1,-1,-1,-1,-1,-1,-1,-1,1,2,2,26,6,-1,-1,-1,5,1,5
2018010154538,2,9,0,-1,-1,-1,-1,-1,-1,-1,-1,-1,6,3,-1,-1,-1,-1,-1,-1,-1,-1
2018010154542,1,9,0,5,0,6,0,0,0,0,1,1,6,2,49,8,1798,8,1,-1,-1,-1
2018010154542,2,3,0,13,0,1,1,0,0,0,1,1,2,2,34,6,108,1,-1,3,1,3
2018010154551,1,1,-1,-1,-1,-1,-1,-1,-1,-1,1,1,2,1,37,7,-1,-1,-1,3,1,3
2018010154551,2,19,0,-1,-1,-1,-1,-1,-1,-1,-1,-1,6,3,-1,-1,1995,2,9,-1,-1,-1
2018010154560,1,9,0,-1,-1,0,-1,-1,-1,-1,2,-1,6,2,32,6,1618,1,5,3,1,3
2018010154560,2,9,0,-1,-1,0,-1,-1,-1,-1,1,-1,6,3,-1,-1,-1,-1,-1,-1,-1,-1
2018010154561,1,9,0,1,0,0,0,0,0,0,3,1,2,2,32,6,1390,1,8,5,3,5
2018010154561,2,4,0,13,0,0,2,0,1,0,1,1,6,1,21,5,400,1,20,1,1,1
2018010154570,1,9,0,-1,-1,0,-1,-1,-1,-1,1,-1,6,1,47,8,1598,1,10,3,1,3
2018010154570,2,9,-1,-1,-1,0,-1,-1,-1,-1,-1,-1,6,3,-1,-1,-1,-1,-1,-1,-1,-1
2018010154573,1,90,1,11,0,0,0,0,0,0,3,1,1,1,28,6,-1,-1,-1,9,3,9
2018010154573,2,9,0,5,0,0,0,0,0,0,3,1,6,2,40,7,1910,2,8,4,1,4
2018010154578,1,11,0,18,0,1,0,0,0,0,0,1,1,1,30,6,5132,2,1,2,1,2
2018010154587,1,9,0,4,0,0,0,0,0,0,1,1,1,1,32,6,1560,2,5,2,1,2
2018010154587,2,9,0,4,0,0,0,0,0,0,2,1,2,1,39,7,1590,1,14,3,1,3
2018010154587,3,9,0,4,0,0,0,0,0,0,2,1,6,1,43,7,1995,2,6,3,1,3
2018010154588,1,8,0,18,0,8,0,0,0,0,3,1,1,1,70,10,2446,2,15,9,1,9
2018010154588,2,9,0,18,0,8,0,0,0,0,1,1,6,1,51,8,2967,1,14,2,1,2
2018010154590,1,9,0,9,0,6,0,0,0,0,3,1,6,2,45,7,-1,-1,-1,5,1,5
2018010154590,2,9,0,18,0,5,1,7,1,8,1,1,6,1,21,5,1995,2,4,3,1,3
2018010154591,1,9,0,16,0,1,0,0,7,10,1,1,6,1,21,5,1598,1,15,3,1,3
2018010154591,2,19,0,17,0,1,0,0,0,0,1,2,2,1,75,10,1248,2,6,10,1,10
2018010154598,1,9,0,18,0,2,0,7,1,10,1,1,6,2,48,8,1229,1,13,5,1,5
2018010154604,1,9,0,18,0,4,0,0,0,0,3,1,6,2,41,7,1560,2,6,7,1,7
2018010154604,2,2,0,18,0,4,0,0,0,0,3,1,6,1,48,8,49,1,3,9,1,9
2018010154605,1,8,0,-1,-1,-1,-1,0,0,0,3,-1,6,1,33,6,1798,8,5,2,1,2
2018010154605,2,9,0,-1,-1,-1,-1,-1,-1,-1,-1,-1,6,3,-1,-1,1587,1,11,-1,-1,-1
2018010154607,1,9,0,-1,-1,-1,-1,-1,-1,-1,1,-1,6,1,24,5,1461,2,3,3,1,3
2018010154607,2,9,0,-1,-1,-1,-1,-1,-1,-1,-1,-1,6,3,-1,-1,1368,1,10,-1,-1,-1
2018010154608,1,19,0,18,0,1,0,0,0,0,1,1,1,1,55,8,2298,2,-1,7,2,7