Accident_Index,Vehicle_Reference,Vehicle_Type,Towing_and_Articulation,Vehicle_Manoeuvre,Vehicle_Location-Restricted_Lane,Junction_Location,Skidding_and_Overturning,Hit_Object_in_Carriageway,Vehicle_Leaving_Carriageway,Hit_Object_off_Carriageway,1st_Point_of_Impact,Was_Vehicle_Left_Hand_Drive?,Journey_Purpose_of_Driver,Sex_of_Driver,Age_of_Driver,Age_Band_of_Driver,Engine_Capacity_(CC),Propulsion_Code,Age_of_Vehicle,Driver_IMD_Decile,Driver_Home_Area_Type,Vehicle_IMD_Decile
2018010154610,1,9,0,5,0,2,0,0,0,0,1,1,6,2,64,9,1596,1,6,9,1,9
2018010154612,1,9,0,9,0,8,0,0,0,0,1,1,6,2,41,7,1200,1,1,7,1,7
2018010154614,1,9,0,-1,-1,-1,-1,-1,-1,-1,2,-1,6,2,47,8,1598,1,10,7,1,7
2018010154614,2,9,0,-1,-1,-1,-1,-1,-1,-1,1,-1,6,3,-1,-1,1998,1,19,-1,-1,-1
2018010154617,1,9,0,18,0,0,0,0,0,0,1,1,6,1,26,6,1798,1,9,2,1,2
2018010154621,1,9,0,9,0,0,0,0,0,0,1,1,6,1,26,6,1595,2,8,2,1,2
2018010154621,2,3,0,14,0,0,2,0,0,0,1,1,6,1,27,6,125,1,4,2,1,2
2018010154623,1,3,0,5,2,1,0,0,0,0,3,1,6,1,20,4,125,1,2,1,1,1
2018010154623,2,8,0,7,2,1,0,0,0,0,4,1,1,1,52,8,1797,8,9,3,1,3
2018010154626,1,9,0,18,0,5,0,0,1,2,1,1,6,1,38,7,1499,8,2,2,1,2
2018010154626,2,17,4,18,0,8,0,0,0,0,2,1,1,1,38,7,-1,-1,-1,2,1,2
2018010154632,1,9,0,-1,-1,-1,-1,-1,-1,-1,1,1,6,2,34,6,1388,1,15,2,1,2
2018010154632,2,9,-1,-1,-1,-1,-1,-1,-1,-1,-1,1,6,3,-1,-1,1595,1,10,-1,-1,-1
2018010154633,1,9,0,-1,-1,-1,-1,-1,-1,-1,4,-1,6,3,67,10,1582,2,-1,1,1,1
2018010154635,1,9,0,18,0,1,0,0,0,0,1,1,6,1,42,7,1197,1,1,6,1,6
2018010154639,1,9,0,18,0,4,0,4,0,0,1,1,6,1,18,4,1339,1,11,6,1,6
2018010154639,2,9,0,2,0,4,0,0,0,0,2,1,6,3,-1,-1,1339,8,8,-1,-1,-1
2018010154643,1,8,0,-1,-1,-1,-1,-1,-1,-1,2,-1,6,3,-1,-1,1797,8,9,2,1,2
2018010154643,2,9,-1,18,-1,-1,-1,-1,-1,-1,1,-1,6,3,-1,-1,1598,1,19,8,1,8
2018010154645,1,9,0,18,0,1,1,10,0,0,4,1,6,1,-1,-1,1798,1,13,-1,-1,-1
2018010154646,1,9,0,18,0,1,0,0,7,0,1,1,6,3,-1,-1,1590,1,15,-1,-1,-1
2018010154646,2,9,0,2,0,1,0,0,0,0,1,1,6,3,-1,-1,1240,1,15,-1,-1,-1
2018010154646,3,9,0,2,0,1,0,0,0,0,0,1,6,3,-1,-1,1595,1,16,-1,-1,-1
2018010154658,1,9,0,9,0,4,0,0,0,0,1,1,1,2,52,8,-1,-1,-1,6,1,6
2018010154658,2,1,0,18,0,3,0,0,0,0,1,1,2,1,56,9,-1,-1,-1,2,1,2
2018010154663,1,9,-1,3,0,1,0,0,0,0,2,-1,6,2,55,8,998,1,5,1,1,1
2018010154663,2,9,0,18,0,1,0,0,0,0,1,-1,6,2,-1,-1,1560,2,4,-1,-1,-1
2018010154664,1,9,0,-1,0,0,0,0,0,0,-1,-1,6,3,-1,-1,-1,-1,-1,-1,-1,-1
2018010154668,1,9,0,-1,-1,0,-1,-1,-1,-1,2,-1,6,1,36,7,998,1,19,1,1,1
2018010154668,2,9,0,-1,-1,0,-1,-1,-1,-1,1,-1,6,3,-1,-1,-1,-1,-1,-1,-1,-1
2018010154669,1,9,-1,9,0,-1,-1,0,0,0,-1,-1,6,1,20,4,999,1,3,3,1,3
2018010154669,2,19,-1,-1,-1,-1,-1,-1,-1,-1,-1,-1,6,3,-1,-1,-1,-1,-1,-1,-1,-1
2018010154673,1,19,0,-1,-1,0,-1,-1,-1,-1,2,-1,6,1,25,5,2198,2,3,3,1,3
2018010154675,1,3,0,18,2,8,0,0,1,2,1,1,6,1,18,4,-1,-1,-1,4,1,4
2018010154677,1,9,-1,-1,-1,-1,-1,-1,-1,-1,-1,-1,6,3,-1,-1,2993,2,4,-1,-1,-1
2018010154678,1,19,0,9,0,8,0,0,0,0,1,1,1,1,45,7,2143,2,5,1,1,1
2018010154691,1,9,0,-1,-1,0,-1,-1,-1,-1,2,-1,6,2,25,5,1984,1,11,6,1,6
2018010154691,2,9,0,-1,-1,0,-1,-1,-1,-1,1,-1,6,2,50,8,998,1,4,7,1,7
2018010154697,1,4,0,-1,-1,-1,-1,-1,-1,-1,-1,1,6,1,57,9,499,1,14,-1,-1,-1
2018010154697,2,9,0,-1,-1,-1,-1,-1,-1,-1,1,-1,6,2,38,7,1798,1,11,2,1,2
2018010154699,1,9,0,7,0,6,0,0,0,0,1,1,6,1,45,7,1197,1,1,5,1,5
2018010154705,1,9,0,18,0,0,5,4,0,0,4,1,6,1,21,5,3956,2,1,-1,-1,-1
2018010154705,2,9,0,2,9,0,0,0,1,0,4,1,6,3,-1,-1,1242,1,5,-1,-1,-1
2018010154711,1,9,0,-1,-1,-1,-1,-1,-1,-1,2,-1,6,2,27,6,2000,1,12,3,1,3
2018010154711,2,9,0,-1,-1,-1,-1,-1,-1,-1,1,-1,6,3,28,6,1560,2,5,-1,-1,-1
2018010154713,1,9,0,3,0,0,0,-1,0,0,2,-1,6,2,34,6,1461,2,7,5,1,5
2018010154713,2,9,0,18,0,0,0,-1,0,0,1,-1,6,3,35,6,1968,2,6,6,1,6
2018010154714,1,4,0,3,0,1,0,0,0,0,2,1,1,1,47,8,-1,-1,-1,2,1,2
2018010154714,2,9,0,4,0,1,0,0,0,0,1,1,1,1,25,5,-1,-1,-1,3,1,3
2018010154716,1,9,0,9,0,2,0,0,0,0,4,1,6,1,27,6,1598,1,4,1,-1,1
2018010154716,2,3,0,18,0,2,2,0,0,0,1,1,1,1,33,6,125,1,3,2,1,2
2018010154720,1,9,0,-1,-1,-1,-1,-1,-1,-1,4,-1,6,1,-1,-1,1794,1,12,1,1,1
2018010154723,1,9,0,-1,-1,-1,-1,-1,-1,-1,2,-1,6,2,22,5,998,1,5,1,1,1
2018010154727,1,9,0,16,0,1,0,0,0,0,1,1,6,1,48,8,1794,1,14,-1,-1,-1
2018010154728,1,3,0,-1,-1,-1,-1,-1,-1,-1,1,1,6,1,24,5,125,1,2,7,1,7
2018010154737,1,9,0,18,0,0,0,0,0,0,1,1,6,3,-1,-1,-1,-1,-1,2,1,2
2018010154737,2,9,0,6,0,0,0,0,0,0,2,1,6,3,-1,-1,1999,2,-1,-1,-1,-1
2018010154738,1,8,0,4,0,8,0,-1,0,0,2,-1,6,1,56,9,2776,2,1,3,1,3
2018010154738,2,19,0,18,0,8,0,-1,0,0,1,-1,6,3,-1,-1,1995,2,-1,6,1,6
2018010154738,3,9,0,4,0,8,0,-1,0,0,2,-1,6,3,-1,-1,1988,1,14,8,1,8
2018010154739,1,9,0,18,0,3,0,0,0,0,1,1,6,1,26,6,1968,2,12,4,1,4
2018010154739,2,1,0,5,0,6,0,0,0,0,3,1,6,2,78,11,-1,-1,-1,2,1,2
2018010154741,1,19,5,18,0,1,0,0,0,0,0,1,6,1,46,8,1998,2,14,-1,-1,-1
2018010154741,2,9,0,18,0,1,0,0,0,0,0,1,6,1,79,11,1795,1,18,2,1,2
2018010154744,1,9,0,18,0,0,0,0,0,0,1,1,2,1,24,5,1390,1,6,3,1,3
2018010154748,1,9,0,16,0,1,0,0,0,0,3,2,6,1,67,10,1596,1,9,3,1,3
2018010154750,1,5,0,18,0,1,1,0,0,0,0,1,6,1,34,6,998,1,20,1,1,1
2018010154751,1,3,0,4,0,0,0,0,0,0,3,1,6,1,41,7,125,1,4,3,1,3
2018010154751,2,9,0,11,0,0,0,0,0,0,4,1,6,1,50,8,1997,2,9,-1,-1,-1
2018010154753,1,5,0,18,0,1,5,0,0,0,1,1,2,1,54,8,1340,1,24,6,1,6
2018010154753,2,9,0,9,0,1,0,0,0,0,1,1,6,1,75,10,2461,2,19,1,1,1
2018010154755,1,9,0,18,0,0,0,0,0,0,4,1,6,1,56,9,1984,1,16,2,1,2
2018010154756,1,9,0,7,0,6,0,0,0,0,4,1,6,1,18,4,1398,1,3,3,1,3
2018010154756,2,1,0,3,0,1,0,0,1,0,3,1,2,2,48,8,-1,-1,-1,2,1,2
2018010154759,1,4,0,18,0,1,0,0,0,0,0,1,6,1,29,6,125,1,-1,5,1,5
2018010154759,2,4,0,18,0,1,0,0,0,0,0,1,6,1,51,8,125,1,-1,1,1,1
2018010154763,1,9,0,-1,0,0,0,0,0,0,1,-1,2,2,34,6,1596,1,11,7,1,7
2018010154763,2,9,-1,18,0,0,0,0,0,0,2,-1,6,3,-1,-1,1397,1,9,-1,-1,-1
2018010154765,1,9,0,-1,-1,-1,-1,-1,-1,-1,2,-1,6,1,25,5,995,1,13,2,1,2
2018010154765,2,9,0,-1,-1,-1,-1,-1,-1,-1,1,-1,6,3,28,6,2995,1,15,-1,-1,-1
2018010154766,1,9,0,9,0,0,0,0,0,0,2,1,2,1,45,7,1798,1,17,3,1,3
2018010154766,2,9,0,3,0,0,0,0,0,0,1,1,6,2,30,6,1598,2,4,10,1,10
2018010154766,3,9,0,7,0,0,0,0,0,0,1,1,6,1,22,5,1242,1,13,3,1,3
2018010154768,1,9,0,-1,-1,0,-1,-1,-1,-1,2,-1,2,1,40,7,1995,2,5,4,1,4
2018010154768,2,9,0,-1,-1,0,-1,-1,-1,-1,2,-1,6,3,80,11,1796,1,11,9,1,9
2018010154770,1,8,0,18,0,0,0,0,0,0,1,1,2,1,54,8,1477,8,-1,10,1,10
2018010154775,1,8,0,8,0,6,0,1,0,0,1,1,1,1,50,8,1950,2,1,-1,-1,-1
2018010154775,2,9,0,18,0,8,0,1,1,10,1,1,6,3,-1,-1,1598,1,11,-1,-1,-1
2018010154776,1,9,0,2,0,1,0,4,0,0,4,1,6,3,-1,-1,1685,2,1,-1,-1,-1
2018010154776,2,9,0,5,0,1,1,4,0,0,1,1,6,1,25,5,1124,1,13,3,1,3
2018010154779,1,9,0,18,0,7,0,10,0,0,1,1,6,1,60,9,-1,3,4,3,1,3
2018010154783,1,11,0,18,0,1,0,0,0,0,2,1,1,1,61,9,4500,2,10,3,1,3
2018010154789,1,9,0,18,0,8,0,4,0,0,1,1,6,1,50,8,1968,2,4,9,1,9
2018010154789,2,9,0,4,0,8,0,10,0,0,2,1,6,1,-1,-1,998,1,11,6,1,6
2018010154790,1,1,0,18,2,0,0,0,0,0,0,1,6,1,49,8,-1,-1,-1,3,1,3
2018010154792,1,3,0,18,0,2,0,7,0,0,1,1,6,1,26,6,124,1,11,3,1,3
2018010154793,1,9,0,7,0,1,0,0,0,0,1,1,6,2,30,6,998,1,8,6,1,6
2018010154793,2,20,0,7,0,1,0,0,0,0,2,1,1,1,35,6,5193,2,4,-1,-1,-1
2018010154803,1,9,0,-1,-1,-1,-1,-1,-1,-1,2,-1,6,2,27,6,1582,2,7,5,1,5
2018010154804,1,5,0,-1,-1,1,-1,-1,-1,-1,-1,1,6,1,53,8,649,1,2,5,1,5
2018010154804,2,11,0,-1,-1,1,-1,-1,-1,-1,-1,-1,6,3,28,6,-1,-1,-1,-1,-1,-1
2018010154805,1,11,0,4,2,1,0,0,0,0,0,1,1,1,44,7,-1,-1,-1,4,1,4
2018010154807,1,9,0,7,9,0,0,0,7,10,1,1,6,1,27,6,3189,1,11,-1,-1,-1
2018010154809,1,8,0,-1,-1,-1,-1,-1,-1,-1,2,-1,6,1,27,6,1580,8,-1,3,1,3
2018010154809,2,9,0,-1,-1,-1,-1,-1,-1,-1,1,-1,6,3,-1,-1,1798,1,9,-1,-1,-1
2018010154813,1,9,0,-1,-1,-1,-1,-1,-1,-1,3,-1,6,2,30,6,2987,2,8,3,1,3
2018010154813,2,8,0,-1,-1,-1,-1,-1,-1,-1,-1,-1,6,3,-1,-1,2402,2,14,-1,-1,-1
2018010154818,1,9,0,18,0,0,0,0,0,0,1,1,6,1,38,7,2967,2,4,10,1,10
2018010154819,1,9,0,-1,-1,-1,-1,-1,-1,-1,2,-1,6,1,31,6,1248,1,3,8,1,8
2018010154819,2,9,0,-1,-1,-1,-1,-1,-1,-1,1,-1,6,3,-1,-1,996,1,8,-1,-1,-1
2018010154826,1,9,0,9,0,6,0,0,0,0,1,1,6,2,57,9,1598,1,17,9,1,9
2018010154826,2,3,0,15,0,1,0,0,0,0,1,1,2,1,39,7,124,1,3,3,1,3
2018010154833,1,8,0,18,0,1,0,0,0,0,4,1,1,1,53,8,1798,8,-1,3,1,3
2018010154834,1,9,0,-1,-1,0,-1,-1,-1,-1,2,-1,6,2,37,7,1799,1,7,2,1,2
2018010154834,2,90,0,-1,-1,0,-1,-1,-1,-1,1,-1,6,3,-1,-1,-1,-1,-1,-1,-1,-1
2018010154835,1,11,0,4,0,1,0,0,0,0,0,1,1,1,26,6,-1,-1,-1,4,1,4
2018010154837,1,9,0,18,0,0,1,4,0,0,1,1,6,2,90,11,1198,1,2,8,1,8
2018010154837,2,9,0,2,0,0,0,0,0,0,2,1,6,3,-1,-1,-1,-1,-1,-1,-1,-1
2018010154837,3,9,0,2,0,0,0,0,0,0,2,1,6,3,-1,-1,1398,1,7,-1,-1,-1
2018010154839,1,9,0,9,0,6,0,0,0,0,4,1,6,1,54,8,1686,2,7,3,1,3
2018010154839,2,2,0,18,0,1,1,0,0,0,1,1,6,1,26,6,108,1,2,4,1,4
2018010154854,1,9,0,18,0,5,0,0,0,0,1,1,6,1,36,7,1991,1,3,1,1,1
2018010154854,2,9,0,18,0,5,0,0,0,0,2,2,6,2,34,6,1198,1,6,2,1,2
2018010154856,1,3,0,14,0,1,0,0,0,0,4,1,6,2,25,5,125,1,6,8,1,8
2018010154856,2,9,0,5,0,1,0,0,0,0,3,1,6,1,50,8,1461,2,8,1,1,1
2018010154868,1,9,0,-1,-1,-1,-1,-1,-1,-1,2,-1,6,2,55,8,2998,1,-1,6,2,6
2018010154868,2,9,0,-1,-1,-1,-1,-1,-1,-1,1,-1,6,3,-1,-1,-1,-1,-1,-1,-1,-1
2018010154874,1,9,0,4,0,1,0,0,0,0,2,1,6,2,42,7,998,1,11,-1,-1,-1
2018010154874,2,9,0,18,0,1,0,0,0,0,1,1,6,3,-1,-1,1461,2,11,-1,-1,-1
2018010154875,1,9,0,18,0,0,0,0,0,0,2,1,6,1,21,5,1995,2,3,2,1,2
2018010154875,2,9,0,18,0,0,0,0,0,0,1,1,6,3,-1,-1,1598,2,4,-1,-1,-1
2018010154877,1,9,0,18,0,0,0,0,0,0,1,1,6,1,48,8,2979,1,13,6,1,6
2018010154880,1,8,0,9,0,5,0,0,0,0,0,1,1,1,34,6,1798,8,6,8,1,8
2018010154880,2,9,0,3,0,1,0,0,0,0,2,1,6,2,35,6,2993,2,3,9,1,9
2018010154880,3,9,0,3,0,1,0,0,0,0,2,1,6,1,18,4,1229,1,3,5,3,5
2018010154880,4,9,0,3,0,1,0,0,0,0,2,1,6,1,30,6,1299,1,15,2,1,2
2018010154880,5,9,0,18,0,1,0,0,0,0,1,1,6,2,41,7,1197,1,2,9,1,9
2018010154881,1,9,0,-1,-1,-1,-1,-1,-1,-1,3,-1,6,1,20,4,1364,1,11,1,1,1
2018010154881,2,9,0,-1,-1,-1,-1,-1,-1,-1,-1,-1,6,1,63,9,-1,-1,-1,6,1,6
2018010154884,1,9,0,-1,-1,0,-1,-1,-1,-1,-1,-1,6,2,24,5,1560,2,11,3,1,3
2018010154884,2,9,0,-1,-1,0,-1,-1,-1,-1,1,-1,6,3,-1,-1,1956,2,7,4,1,4
2018010154890,1,11,0,4,0,2,0,0,0,0,0,1,1,2,48,8,6692,2,9,5,1,5
2018010154891,1,9,0,3,0,8,0,0,0,0,1,1,6,2,23,5,1398,1,6,7,1,7
2018010154891,2,9,0,3,0,8,0,0,0,0,1,1,6,2,55,8,2400,2,2,4,1,4
2018010154894,1,9,0,13,0,2,0,0,0,0,3,1,6,1,18,4,1998,2,14,2,1,2
2018010154894,2,9,0,9,0,1,0,0,0,0,1,1,6,1,47,8,2179,2,3,2,1,2
2018010154895,1,9,0,18,0,8,0,0,0,0,1,2,2,2,29,6,1229,1,5,3,1,3
2018010154895,2,9,0,18,0,8,0,0,0,0,3,1,6,1,22,5,1390,1,6,6,1,6
2018010154896,1,9,0,18,0,0,0,0,0,0,1,1,6,1,83,11,-1,-1,-1,2,1,2
2018010154897,1,1,-1,-1,-1,-1,-1,-1,-1,-1,-1,1,6,1,19,4,-1,-1,-1,5,1,5
2018010154897,2,9,0,-1,-1,-1,-1,-1,-1,-1,2,-1,6,3,-1,-1,1598,1,8,-1,-1,-1
2018010154898,1,3,0,18,0,0,0,0,0,0,1,1,6,3,-1,-1,-1,-1,-1,-1,-1,-1
2018010154899,1,2,0,5,0,6,2,0,0,0,2,1,1,1,27,6,124,1,1,5,1,5
2018010154899,2,9,0,5,0,1,0,0,0,0,1,1,6,2,41,7,1997,2,10,1,1,1
2018010154900,1,4,0,18,0,1,0,0,0,0,1,1,1,1,23,5,124,1,1,2,1,2
2018010154900,2,9,0,9,0,1,0,0,0,0,1,1,6,1,23,5,1390,1,14,10,1,10
2018010154901,1,9,0,9,0,5,0,0,0,0,4,1,1,1,38,7,1797,8,8,1,1,1
2018010154901,2,3,0,9,0,5,0,0,0,0,1,1,1,1,38,7,108,1,2,2,1,2
2018010154905,1,9,0,18,9,0,1,0,7,4,1,1,6,1,23,5,1984,1,2,5,3,5
2018010154905,2,9,0,18,0,0,0,0,0,0,1,1,6,2,31,6,1248,1,4,7,1,7
2018010154908,1,9,0,10,0,1,0,0,0,0,1,1,6,1,25,5,1968,2,12,2,1,2
2018010154908,2,2,0,18,0,2,1,0,0,0,2,1,6,1,29,6,49,1,1,8,1,8
2018010154913,1,9,0,6,0,4,0,0,0,0,4,1,6,1,18,4,1388,1,14,6,1,6
2018010154913,2,90,0,5,0,1,0,0,0,0,1,1,6,2,26,6,-1,-1,-1,9,1,9
2018010154915,1,1,0,18,4,0,0,0,0,0,1,1,1,2,27,6,-1,-1,-1,3,1,3
2018010154919,1,90,0,18,0,1,0,0,0,0,1,1,6,1,64,9,-1,-1,-1,3,1,3
2018010154921,1,9,0,18,0,8,0,0,0,0,1,1,6,1,47,8,1388,1,11,-1,-1,-1
2018010154921,2,9,0,18,0,8,0,0,0,0,1,1,6,2,19,4,1560,2,6,-1,-1,-1
2018010154925,1,9,0,3,0,0,0,0,0,0,1,1,6,2,34,6,1799,1,11,4,1,4
2018010154926,1,8,0,9,0,1,0,0,7,10,1,1,6,1,48,8,1798,8,3,3,1,3
2018010154926,2,9,3,18,0,1,0,4,0,0,1,1,6,1,19,4,2497,2,13,3,1,3
2018010154926,3,9,0,2,0,1,0,0,0,0,1,1,6,3,-1,-1,2256,1,19,-1,-1,-1
2018010154927,1,3,0,18,9,0,0,0,7,10,1,1,6,1,16,4,125,1,2,4,1,4
2018010154927,2,9,0,18,0,0,0,0,0,0,0,1,6,1,34,6,2993,2,2,9,1,9
2018010154928,1,3,0,14,0,8,2,0,0,0,3,1,1,1,19,4,125,1,14,5,1,5
2018010154928,2,8,0,4,0,8,0,0,0,0,0,1,1,1,39,7,1560,2,7,3,1,3
2018010154930,1,90,0,18,0,8,0,0,0,0,1,1,1,1,33,6,7698,2,1,7,1,7
2018010154930,2,9,0,18,0,8,0,0,4,0,2,1,6,1,18,4,1390,1,8,6,1,6
2018010154931,1,9,0,6,0,0,0,0,0,0,3,1,1,1,49,8,1797,8,8,-1,-1,-1
2018010154931,2,3,0,5,0,0,0,0,0,0,4,1,6,1,28,6,108,1,7,6,1,6
2018010154933,1,9,0,9,0,1,0,0,0,0,1,1,6,1,57,9,2148,2,10,2,1,2
2018010154933,2,3,0,18,0,1,0,0,0,0,1,1,6,1,29,6,108,1,3,4,1,4
2018010154935,1,9,0,6,0,1,0,10,0,0,3,1,6,1,27,6,2143,2,3,-1,-1,-1
2018010154936,1,11,0,18,2,1,0,0,0,0,1,1,1,1,50,8,4500,2,2,5,1,5
2018010154938,1,9,0,18,0,0,0,10,1,10,1,1,6,1,21,5,1198,1,7,3,1,3
2018010154938,2,9,0,2,9,0,0,0,0,0,1,1,6,3,-1,-1,2295,1,16,-1,-1,-1
2018010154962,1,3,0,-1,-1,-1,-1,-1,-1,-1,-1,1,6,1,36,7,124,1,7,5,1,5
2018010154963,1,9,0,18,0,1,0,0,0,0,3,1,6,2,29,6,1364,1,-1,4,1,4
2018010154963,2,9,0,18,0,8,0,0,0,0,3,1,6,1,22,5,5461,1,4,4,1,4
2018010154964,1,3,0,18,0,0,0,8,0,0,3,1,6,2,38,7,-1,-1,-1,3,1,3
2018010154964,2,9,0,2,0,0,0,0,0,0,3,1,6,3,-1,-1,2993,2,1,-1,-1,-1
2018010154964,3,9,0,2,0,0,0,0,0,0,0,1,6,3,-1,-1,2143,2,-1,-1,-1,-1
2018010154964,4,9,0,18,0,0,0,0,0,0,4,1,6,1,56,9,2143,2,3,8,1,8
2018010154966,1,8,0,-1,-1,-1,-1,-1,-1,-1,1,-1,6,3,-1,-1,-1,-1,-1,-1,-1,-1
2018010154973,1,9,0,5,0,4,0,0,0,0,3,1,6,2,21,5,1395,1,3,8,1,8
2018010154973,2,1,0,9,0,3,0,0,0,0,1,1,6,1,36,7,-1,-1,-1,9,1,9
2018010154975,1,9,0,-1,-1,-1,-1,-1,-1,-1,1,-1,6,3,-1,-1,-1,-1,-1,-1,-1,-1
2018010154979,1,1,-1,-1,-1,-1,-1,-1,-1,-1,1,1,2,1,49,8,-1,-1,-1,8,1,8
2018010154979,2,9,0,-1,-1,-1,-1,-1,-1,-1,-1,-1,6,3,-1,-1,2179,2,6,7,1,7
2018010154982,1,5,0,18,0,0,0,0,0,0,1,1,6,1,22,5,1043,1,6,3,1,3
2018010154982,2,9,0,18,0,0,0,0,1,0,2,2,6,2,41,7,1800,1,6,6,1,6
2018010154983,1,9,0,18,0,0,2,0,0,0,2,1,6,2,32,6,1198,1,10,1,1,1
2018010154983,2,19,0,18,0,0,0,0,0,0,3,1,6,1,34,6,1997,2,1,7,3,7
2018010154983,3,21,1,18,0,0,0,0,0,0,1,1,1,1,43,7,12902,2,5,2,1,2
2018010154984,1,9,0,18,0,1,0,0,0,0,1,1,6,1,15,3,1798,1,9,3,1,3
2018010154984,2,9,0,18,0,1,0,0,0,0,0,1,1,1,41,7,1498,1,-1,-1,-1,-1
2018010154984,3,9,0,18,0,1,0,0,0,0,2,1,6,1,39,7,1968,2,6,4,1,4
2018010154986,1,9,0,-1,-1,0,-1,-1,-1,-1,1,-1,6,2,54,8,1198,1,7,2,1,2
2018010154986,2,9,0,-1,-1,0,-1,-1,-1,-1,1,-1,6,3,-1,-1,2616,1,12,-1,-1,-1
2018010154988,1,3,0,18,0,8,0,0,0,0,1,1,6,1,20,4,125,1,5,5,1,5
2018010154988,2,9,0,9,0,8,0,0,0,0,1,1,6,1,45,7,1299,1,14,-1,-1,-1
2018010154990,1,9,0,5,0,1,0,0,0,0,2,1,6,1,24,5,2488,1,13,10,1,10
2018010154996,1,3,0,18,9,0,5,10,1,7,0,1,6,1,15,3,-1,-1,-1,2,1,2
2018010154996,2,9,0,18,0,0,0,0,0,0,0,1,1,2,24,5,1499,1,1,2,1,2
2018010154997,1,9,0,18,0,1,0,0,0,0,1,1,6,1,28,6,1986,2,12,2,1,2
2018010154997,2,9,0,7,0,2,0,0,0,0,1,1,6,2,24,5,1398,1,1,5,1,5
2018010154998,1,3,0,18,0,8,5,0,0,0,3,1,2,1,59,9,125,1,2,2,1,2
2018010154998,2,9,0,18,0,8,0,0,1,2,3,1,6,1,30,6,1896,2,13,10,1,10
2018010154998,3,9,0,18,0,6,0,0,0,0,1,1,6,1,35,6,1598,1,11,4,1,4
2018010154999,1,9,0,3,0,1,0,0,0,0,1,1,6,2,55,8,1796,1,13,7,1,7
2018010155003,1,5,0,18,0,2,0,0,0,0,1,1,6,1,38,7,599,1,9,-1,-1,-1
2018010155006,1,9,0,18,0,0,0,0,0,0,1,1,1,1,31,6,1798,8,1,4,1,4
2018010155007,1,9,0,18,0,1,0,0,0,0,0,1,6,1,29,6,1580,8,-1,4,1,4
2018010155008,1,9,0,18,0,1,0,0,0,0,3,1,6,1,64,9,1796,1,14,3,1,3
2018010155009,1,9,0,6,0,0,0,0,0,0,3,1,6,2,27,6,1499,1,-1,1,1,1
2018010155009,2,3,0,14,0,0,0,0,0,0,1,1,6,1,20,4,125,1,7,-1,-1,-1
2018010155010,1,9,0,5,0,0,0,0,0,0,2,1,6,2,39,7,1956,2,6,7,1,7
2018010155010,2,19,0,5,0,0,0,0,0,0,1,1,6,1,45,7,1248,2,10,2,1,2
2018010155011,1,9,0,18,0,8,0,0,0,0,1,1,6,1,33,6,1796,1,12,8,1,8
2018010155011,2,9,0,18,0,8,0,0,0,0,2,1,6,1,22,5,1998,1,9,7,1,7
2018010155012,1,9,0,6,0,0,0,0,0,0,2,1,6,1,26,6,1596,1,11,9,1,9
2018010155012,2,5,0,13,0,0,5,0,0,0,1,1,6,1,23,5,-1,-1,-1,5,1,5
2018010155017,1,9,0,18,0,8,0,0,0,0,1,1,6,1,27,6,2198,1,12,5,1,5
2018010155017,2,8,0,9,0,8,0,0,0,0,1,1,1,1,34,6,1790,8,5,2,1,2
2018010155018,1,9,0,15,0,1,0,0,0,0,4,1,6,3,-1,-1,2967,2,7,-1,-1,-1
2018010155018,2,21,0,2,0,1,0,0,0,0,0,1,6,3,-1,-1,6871,2,-1,-1,-1,-1
2018010155025,1,9,0,18,0,0,0,0,0,0,4,1,6,2,19,4,1398,1,7,2,1,2
2018010155028,1,9,0,9,0,1,0,0,0,0,1,1,6,1,23,5,1582,2,4,2,1,2
2018010155028,2,3,0,18,0,1,0,0,0,0,3,1,6,1,29,6,-1,-1,-1,6,1,6
2018010155029,1,9,0,18,0,1,0,0,0,0,1,1,6,2,71,10,1997,2,10,2,1,2
2018010155029,2,8,0,18,0,2,0,0,0,0,1,1,6,1,43,7,2402,2,16,3,1,3
2018010155029,3,19,0,18,0,2,0,0,0,0,0,1,1,1,49,8,1995,2,-1,3,1,3
2018010155030,1,9,0,18,9,2,0,4,7,10,1,1,6,2,32,6,1398,1,-1,2,1,2
2018010155030,2,9,0,2,0,1,0,4,0,0,1,1,6,3,-1,-1,2290,1,17,-1,-1,-1
2018010155030,3,9,0,2,0,2,0,0,0,0,3,1,6,3,-1,-1,3123,1,12,-1,-1,-1
2018010155031,1,19,0,13,0,1,0,7,0,0,4,1,1,1,33,6,1995,2,-1,5,1,5
2018010155031,2,9,0,11,0,1,0,0,0,0,4,1,6,2,29,6,1240,1,13,2,1,2
2018010155032,1,9,0,6,0,2,0,0,0,0,4,1,6,1,39,7,1798,8,3,1,1,1
2018010155032,2,5,0,18,0,2,1,0,0,0,1,1,6,1,25,5,745,1,3,2,1,2
2018010155033,1,9,0,18,0,8,0,0,0,0,1,1,6,1,20,4,1242,1,3,2,1,2
2018010155033,2,9,0,18,0,8,0,0,0,0,1,1,6,1,22,5,998,1,16,3,1,3
2018010155036,1,9,0,7,0,1,0,0,0,0,1,1,6,1,19,4,1398,1,1,-1,-1,-1
2018010155036,2,8,0,18,0,1,0,0,7,7,4,1,6,1,48,8,1798,8,3,2,1,2
2018010155036,3,9,0,3,0,1,0,0,0,0,0,1,1,1,44,7,1499,2,2,7,1,7
2018010155047,1,11,0,7,0,1,0,0,0,0,0,1,1,2,51,8,4500,2,2,3,1,3