Accident_Index,Vehicle_Reference,Vehicle_Type,Towing_and_Articulation,Vehicle_Manoeuvre,Vehicle_Location-Restricted_Lane,Junction_Location,Skidding_and_Overturning,Hit_Object_in_Carriageway,Vehicle_Leaving_Carriageway,Hit_Object_off_Carriageway,1st_Point_of_Impact,Was_Vehicle_Left_Hand_Drive?,Journey_Purpose_of_Driver,Sex_of_Driver,Age_of_Driver,Age_Band_of_Driver,Engine_Capacity_(CC),Propulsion_Code,Age_of_Vehicle,Driver_IMD_Decile,Driver_Home_Area_Type,Vehicle_IMD_Decile
2018010155051,1,11,0,18,0,0,0,0,0,0,0,1,6,1,29,6,5132,2,1,5,1,5
2018010155051,2,9,0,11,0,0,0,0,0,0,0,1,6,3,-1,-1,-1,-1,-1,-1,-1,-1
2018010155055,1,9,0,-1,-1,2,-1,-1,-1,-1,2,-1,2,1,21,5,1398,1,2,1,1,1
2018010155055,2,9,0,-1,-1,2,-1,-1,-1,-1,1,-1,6,3,-1,-1,-1,-1,-1,-1,-1,-1
2018010155057,1,9,0,18,0,0,0,0,0,0,1,1,6,1,46,8,1596,1,17,3,1,3
2018010155057,2,11,0,18,0,0,0,0,0,0,1,1,1,1,30,6,5132,2,1,6,1,6
2018010155060,1,8,0,-1,-1,0,-1,-1,-1,-1,1,-1,6,1,55,8,1797,8,3,1,1,1
2018010155060,2,90,0,-1,-1,0,-1,-1,-1,-1,1,-1,6,3,-1,-1,-1,-1,-1,-1,-1,-1
2018010155063,1,9,0,1,0,8,0,0,0,0,2,1,2,2,38,7,1596,1,13,2,1,2
2018010155067,1,90,-1,-1,-1,-1,-1,-1,0,0,-1,-1,6,3,-1,-1,-1,-1,-1,-1,-1,-1
2018010155073,1,9,0,-1,-1,0,-1,-1,-1,-1,2,-1,6,1,19,4,1248,2,10,5,1,5
2018010155073,2,9,0,-1,-1,0,-1,-1,-1,-1,1,-1,6,1,27,6,1598,1,-1,6,1,6
2018010155074,1,1,-1,-1,-1,-1,-1,-1,-1,-1,-1,1,6,1,40,7,-1,-1,-1,9,1,9
2018010155074,2,9,0,-1,-1,-1,-1,-1,-1,-1,-1,-1,6,3,-1,-1,1364,1,9,10,1,10
2018010155075,1,9,0,-1,-1,-1,-1,-1,-1,-1,1,-1,6,3,-1,-1,-1,-1,-1,-1,-1,-1
2018010155086,1,9,0,9,0,0,0,0,0,0,1,1,6,1,76,11,998,1,18,6,1,6
2018010155086,2,1,0,18,0,0,0,0,0,0,1,1,6,1,51,8,-1,-1,-1,8,1,8
2018010155092,1,9,0,18,0,0,0,4,0,0,4,1,1,1,33,6,1796,1,13,4,1,4
2018010155092,2,9,0,2,0,0,0,0,0,0,4,1,6,3,-1,-1,2143,2,2,-1,-1,-1
2018010155094,1,5,0,18,0,0,0,0,0,0,4,1,6,1,39,7,1450,1,16,1,1,1
2018010155094,2,9,0,18,0,0,0,0,0,0,3,1,6,1,48,8,1968,2,4,1,1,1
2018010155096,1,9,0,-1,-1,-1,-1,-1,-1,-1,1,-1,6,1,27,6,1991,1,2,1,1,1
2018010155101,1,1,-1,-1,-1,-1,-1,-1,-1,-1,1,1,6,1,63,9,-1,-1,-1,4,1,4
2018010155101,2,9,0,-1,-1,-1,-1,-1,-1,-1,1,-1,6,3,-1,-1,-1,-1,-1,-1,-1,-1
2018010155102,1,9,0,-1,-1,-1,-1,-1,-1,-1,1,-1,6,2,30,6,899,1,5,8,1,8
2018010155102,2,9,0,-1,-1,-1,-1,-1,-1,-1,-1,-1,6,3,-1,-1,1398,1,6,4,1,4
2018010155104,1,1,-1,-1,-1,-1,-1,-1,-1,-1,1,1,2,1,32,6,-1,-1,-1,3,1,3
2018010155104,2,9,0,-1,-1,-1,-1,-1,-1,-1,2,-1,6,3,-1,-1,3456,8,3,-1,-1,-1
2018010155112,1,5,0,-1,-1,-1,-1,-1,-1,-1,-1,1,6,1,33,6,599,1,8,8,1,8
2018010155112,2,9,0,-1,-1,-1,-1,-1,-1,-1,-1,-1,6,3,-1,-1,2143,2,-1,-1,-1,-1
2018010155116,1,1,-1,-1,-1,-1,-1,-1,-1,-1,-1,1,6,1,32,6,-1,-1,-1,5,1,5
2018010155116,2,8,0,-1,-1,-1,-1,-1,-1,-1,4,-1,6,1,67,10,2499,2,11,3,1,3
2018010155118,1,9,0,-1,-1,-1,-1,-1,-1,-1,-1,-1,6,2,28,6,1995,2,3,5,1,5
2018010155118,2,9,0,-1,-1,-1,-1,-1,-1,-1,-1,-1,6,3,-1,-1,1598,1,8,-1,-1,-1
2018010155122,1,5,0,13,0,0,0,0,1,3,4,1,6,1,63,9,-1,-1,-1,10,1,10
2018010155122,2,9,0,18,0,0,0,0,0,0,4,1,6,1,38,7,2967,2,2,7,1,7
2018010155133,1,9,0,18,0,0,0,0,0,0,2,1,6,1,39,7,2362,1,12,2,1,2
2018010155133,2,9,0,18,0,0,0,0,0,0,1,1,6,1,22,5,1910,2,10,1,1,1
2018010155140,1,1,-1,-1,-1,-1,-1,-1,-1,-1,-1,1,2,2,34,6,-1,-1,-1,3,1,3
2018010155140,2,8,0,-1,-1,-1,-1,-1,-1,-1,1,-1,6,1,47,8,1997,2,5,7,1,7
2018010155141,1,19,0,18,0,0,0,0,0,0,0,1,6,1,21,5,1870,2,14,5,1,5
2018010155141,2,9,0,18,0,0,0,0,0,0,0,1,6,1,42,7,1598,1,7,2,1,2
2018010155142,1,9,0,18,0,0,0,4,0,0,1,1,6,1,64,9,1597,1,22,3,1,3
2018010155142,2,9,0,2,0,0,0,0,0,0,1,1,6,3,-1,-1,1149,1,15,-1,-1,-1
2018010155143,1,9,0,18,0,0,0,4,0,0,4,1,6,1,34,6,1969,2,-1,3,1,3
2018010155143,2,9,0,2,0,0,0,0,0,0,3,1,6,3,-1,-1,998,1,14,-1,-1,-1
2018010155143,3,9,0,2,0,0,0,0,0,0,3,1,6,3,-1,-1,998,1,8,-1,-1,-1
2018010155145,1,2,0,18,2,1,0,0,0,0,3,1,6,1,22,5,125,1,1,3,1,3
2018010155145,2,19,0,9,0,1,0,0,0,0,1,1,6,1,49,8,1753,2,10,2,1,2
2018010155146,1,9,0,18,0,1,0,0,0,0,0,1,1,1,33,6,1997,2,5,2,1,2
2018010155146,2,9,0,4,0,1,1,0,0,0,2,1,6,2,28,6,1997,2,5,1,1,1
2018010155146,3,9,0,18,0,1,1,0,0,0,1,1,6,2,24,5,1995,2,11,1,1,1
2018010155148,1,9,0,5,0,6,0,0,0,0,4,2,6,1,42,7,1329,1,3,1,1,1
2018010155149,1,9,0,9,0,2,0,0,0,0,4,1,6,2,39,7,1591,1,5,4,1,4
2018010155149,2,3,0,18,0,2,0,0,0,0,1,1,6,1,27,6,-1,-1,-1,9,1,9
2018010155154,1,9,0,-1,-1,0,-1,-1,-1,-1,2,-1,6,1,39,7,1995,2,12,1,1,1
2018010155154,2,9,-1,-1,-1,0,-1,-1,-1,-1,-1,-1,6,3,-1,-1,1995,2,-1,-1,-1,-1
2018010155155,1,4,0,18,2,1,0,0,0,0,1,1,2,1,31,6,471,1,5,7,1,7
2018010155156,1,8,0,4,0,0,0,0,0,0,2,1,1,1,37,7,1997,2,3,7,1,7
2018010155156,2,8,0,4,0,0,0,0,0,0,1,1,1,1,32,6,1796,1,4,2,1,2
2018010155159,1,9,0,-1,-1,-1,-1,-1,-1,-1,2,-1,6,1,38,7,1390,1,9,3,1,3
2018010155159,2,9,0,-1,-1,-1,-1,-1,-1,-1,1,-1,6,3,28,6,1329,1,9,-1,-1,-1
2018010155161,1,9,0,5,0,1,0,0,0,0,4,1,6,1,36,7,1398,1,7,7,2,7
2018010155161,2,9,0,18,0,1,0,0,0,0,1,1,6,2,28,6,1796,1,11,2,1,2
2018010155161,3,9,0,5,0,1,0,0,0,0,3,1,6,2,62,9,1998,1,-1,5,1,5
2018010155164,1,8,0,-1,-1,0,-1,-1,-1,-1,2,-1,6,1,39,7,1790,8,6,2,1,2
2018010155164,2,9,0,-1,-1,0,-1,-1,-1,-1,1,-1,6,3,-1,-1,1364,1,9,2,1,2
2018010155165,1,9,0,4,0,0,0,0,0,0,0,1,1,1,37,7,1968,2,6,2,1,2
2018010155165,2,9,0,1,0,0,0,0,0,0,1,1,6,2,38,7,3199,1,13,7,1,7
2018010155167,1,4,0,18,0,2,1,0,0,0,0,1,1,1,48,8,299,1,4,2,1,2
2018010155167,2,11,0,12,0,2,0,0,0,0,0,1,6,3,-1,-1,-1,-1,-1,-1,-1,-1
2018010155171,1,9,0,18,0,0,0,0,0,0,3,1,6,3,-1,-1,-1,-1,-1,-1,-1,-1
2018010155173,1,9,0,-1,-1,-1,-1,-1,-1,-1,1,-1,6,3,-1,-1,1386,1,5,7,1,7
2018010155177,1,9,0,18,0,1,0,0,0,0,2,1,6,2,24,5,1329,1,5,-1,-1,-1
2018010155177,2,9,0,9,0,5,0,0,3,7,1,1,6,1,40,7,1997,2,9,1,1,1
2018010155177,3,11,0,18,0,1,0,0,0,0,1,1,1,1,61,9,6700,2,6,8,1,8
2018010155179,1,9,0,18,0,1,1,10,1,3,1,1,6,1,63,9,2199,2,3,7,1,7
2018010155182,1,9,0,18,0,1,0,0,0,0,1,1,6,1,21,5,999,1,-1,1,1,1
2018010155182,2,11,0,18,0,8,0,0,0,0,1,1,1,1,38,7,4500,2,1,2,1,2
2018010155183,1,3,0,5,9,6,5,0,0,0,1,1,6,1,18,4,108,1,1,2,1,2
2018010155186,1,9,0,18,0,1,0,4,0,0,3,1,6,1,34,6,1390,1,13,7,1,7
2018010155186,2,9,0,18,0,1,0,0,0,0,1,1,6,3,19,4,1796,1,11,-1,-1,-1
2018010155186,3,9,0,2,0,1,0,0,0,0,2,1,6,3,-1,-1,1390,1,11,-1,-1,-1
2018010155186,4,9,0,2,0,1,0,0,0,0,2,1,6,3,-1,-1,1998,1,15,-1,-1,-1
2018010155189,1,9,0,9,0,6,0,0,0,0,1,1,6,2,17,4,1229,1,9,7,1,7
2018010155189,2,9,0,18,0,1,0,0,0,0,4,1,6,2,62,9,1598,1,3,6,1,6
2018010155199,1,90,0,-1,-1,0,-1,-1,-1,-1,1,-1,6,3,-1,-1,-1,-1,-1,-1,-1,-1
2018010155246,1,8,0,-1,-1,-1,-1,-1,-1,-1,1,-1,6,3,-1,-1,-1,-1,-1,-1,-1,-1
2018010155262,1,9,0,-1,-1,0,-1,-1,-1,-1,-1,-1,6,1,26,6,1318,1,-1,1,1,1
2018010155275,1,8,0,-1,-1,-1,-1,-1,-1,-1,2,-1,6,1,34,6,1997,2,2,4,1,4
2018010155275,2,9,0,-1,-1,-1,-1,-1,-1,-1,1,-1,6,3,-1,-1,4966,1,16,5,1,5
2018010155293,1,9,0,-1,-1,-1,-1,-1,-1,-1,-1,-1,6,1,20,4,1498,1,1,8,1,8
2018010155313,1,9,0,18,0,0,0,0,0,0,1,1,6,1,48,8,-1,-1,-1,-1,-1,-1
2018010155322,1,8,0,18,0,1,0,0,1,1,1,1,1,1,46,8,1968,2,2,2,1,2
2018010155348,1,9,0,18,0,8,0,0,0,0,2,-1,6,1,36,7,1753,2,17,9,1,9
2018010155348,2,9,-1,7,0,7,0,0,0,0,1,-1,6,1,-1,-1,1364,1,-1,-1,-1,-1
2018010155367,1,9,0,-1,-1,0,-1,-1,-1,-1,2,-1,6,2,25,5,998,1,8,5,1,5
2018010155367,2,9,0,-1,-1,0,-1,-1,-1,-1,1,-1,6,3,-1,-1,1995,2,5,3,1,3
2018010155367,3,9,0,-1,-1,0,-1,-1,-1,-1,2,-1,6,3,-1,-1,998,1,21,4,1,4
2018010155370,1,9,0,-1,-1,-1,-1,-1,-1,-1,-1,-1,6,1,23,5,1796,1,11,2,1,2
2018010155370,2,9,0,-1,-1,-1,-1,-1,-1,-1,-1,-1,6,3,-1,-1,1794,1,12,-1,-1,-1
2018010155385,1,9,0,-1,-1,-1,-1,-1,-1,-1,1,-1,6,2,56,9,1598,1,8,9,3,9
2018010155386,1,9,0,-1,-1,-1,-1,-1,-1,-1,2,-1,6,1,77,11,1998,1,13,6,1,6
2018010155386,2,9,0,-1,-1,-1,-1,-1,-1,-1,1,-1,6,3,-1,-1,1896,2,15,-1,-1,-1
2018010155388,1,9,0,18,0,5,0,0,0,0,1,1,6,3,-1,-1,1995,2,5,-1,-1,-1
2018010155393,1,1,0,18,0,2,5,0,0,0,1,1,6,1,44,7,-1,-1,-1,2,1,2
2018010155393,2,9,0,2,0,2,0,0,0,0,3,-1,6,3,-1,-1,1798,8,5,-1,-1,-1
2018010155401,1,9,-1,18,-1,-1,-1,0,-1,0,-1,-1,6,2,35,6,1396,1,16,10,1,10
2018010155401,2,9,-1,-1,-1,-1,-1,-1,-1,-1,-1,-1,6,3,-1,-1,2148,2,9,1,1,1
2018010155416,1,9,0,-1,-1,-1,-1,-1,-1,-1,1,-1,6,1,76,11,1997,1,9,7,1,7
2018010155423,1,1,-1,-1,-1,-1,-1,-1,-1,-1,2,1,2,1,28,6,-1,-1,-1,2,1,2
2018010155423,2,1,-1,-1,-1,-1,-1,-1,-1,-1,1,1,6,3,-1,-1,-1,-1,-1,-1,-1,-1
2018010155427,1,1,-1,-1,-1,-1,-1,-1,-1,-1,2,1,2,1,41,7,-1,-1,-1,4,1,4
2018010155427,2,90,0,-1,-1,-1,-1,-1,-1,-1,-1,-1,6,3,-1,-1,-1,-1,-1,7,1,7
2018010155450,1,9,0,-1,-1,0,-1,-1,-1,-1,-1,-1,6,2,35,6,1997,1,8,9,1,9
2018010155450,2,20,-1,1,-1,0,-1,-1,-1,0,-1,-1,6,3,-1,-1,-1,-1,-1,7,1,7
2018010155479,1,4,0,-1,-1,-1,-1,-1,-1,-1,1,1,6,1,24,5,125,1,7,1,1,1
2018010155479,2,9,0,-1,-1,-1,-1,-1,-1,-1,-1,-1,6,3,63,9,1998,1,15,2,1,2
2018010155500,1,9,0,2,0,0,0,0,0,0,0,-1,6,3,-1,-1,1364,1,10,-1,-1,-1
2018010155500,2,9,-1,18,-1,0,-1,-1,-1,-1,-1,-1,6,1,-1,-1,-1,-1,-1,-1,-1,-1
2018010155502,1,1,0,18,2,1,0,6,0,0,2,1,6,1,-1,-1,-1,-1,-1,-1,-1,-1
2018010155502,2,9,0,18,2,1,0,0,0,0,1,-1,6,1,69,10,2967,2,1,9,1,9
2018010155502,3,1,0,3,2,1,0,0,0,0,2,1,6,2,-1,-1,-1,-1,-1,-1,-1,-1
2018010155515,1,9,0,18,0,1,0,0,0,0,1,-1,6,1,-1,-1,-1,-1,-1,-1,-1,-1
2018010155524,1,9,0,18,0,1,0,0,0,0,4,-1,6,1,57,9,1995,2,12,7,1,7
2018010155524,2,9,0,12,0,1,0,0,0,0,3,-1,6,1,-1,-1,1240,1,11,-1,-1,-1
2018010155527,1,1,-1,5,0,-1,-1,4,0,0,1,1,6,2,-1,-1,-1,-1,-1,4,1,4
2018010155528,1,9,-1,3,0,1,0,0,0,0,3,-1,6,1,-1,-1,1997,2,7,-1,-1,-1
2018010155572,1,11,0,5,0,0,0,0,0,0,4,1,1,1,-1,-1,-1,-1,-1,-1,-1,-1
2018010155640,1,1,-1,-1,-1,-1,-1,-1,-1,-1,-1,1,2,2,25,5,-1,-1,-1,4,1,4
2018010155640,2,9,0,-1,-1,-1,-1,-1,-1,-1,-1,-1,6,3,-1,-1,-1,-1,-1,-1,-1,-1
2018010155653,1,9,0,-1,-1,-1,-1,-1,-1,-1,1,-1,6,2,23,5,1796,1,7,4,1,4
2018010155653,2,90,-1,-1,-1,-1,-1,-1,-1,-1,-1,-1,6,3,-1,-1,-1,-1,-1,-1,-1,-1
2018010155670,1,1,-1,18,-1,-1,-1,-1,-1,-1,-1,1,6,1,30,6,-1,-1,-1,1,1,1
2018010155670,2,19,-1,13,-1,-1,-1,-1,-1,-1,-1,-1,6,3,-1,-1,2402,2,13,-1,-1,-1
2018010155672,1,1,0,-1,0,1,0,0,0,0,4,1,6,2,49,8,-1,-1,-1,5,1,5
2018010155672,2,11,0,18,0,1,0,0,0,0,3,1,1,1,43,7,4500,2,3,7,1,7
2018010155675,1,1,-1,18,-1,0,-1,-1,-1,-1,-1,1,6,2,32,6,-1,-1,-1,2,1,2
2018010155675,2,9,0,18,-1,0,0,-1,-1,-1,-1,-1,6,2,47,8,4398,1,14,1,1,1
2018010155684,1,9,0,6,0,0,0,0,0,0,3,1,6,1,-1,-1,1997,2,2,3,1,3
2018010155684,2,3,0,18,0,0,0,0,0,0,1,1,6,1,-1,-1,124,1,5,3,1,3
2018010155688,1,19,-1,18,-1,-1,-1,0,0,0,1,-1,6,1,54,8,4461,2,10,5,1,5
2018010155689,1,19,-1,-1,-1,-1,-1,-1,0,0,-1,-1,6,1,41,7,1598,2,-1,3,1,3
2018010155689,2,19,-1,-1,0,-1,-1,-1,-1,0,-1,-1,6,1,-1,-1,2198,2,9,-1,-1,-1
2018010155690,1,9,0,18,0,0,0,0,0,0,1,1,6,3,-1,-1,-1,-1,-1,-1,-1,-1
2018010155704,1,9,0,18,0,2,0,0,0,0,2,1,1,1,59,9,2143,2,1,3,1,3
2018010155704,2,9,0,18,0,2,0,0,0,0,1,1,6,3,-1,-1,-1,-1,-1,-1,-1,-1
2018010155707,1,9,0,-1,0,0,0,-1,0,0,3,-1,6,1,52,8,1272,1,27,2,1,2
2018010155707,2,9,0,-1,0,0,0,0,0,0,-1,-1,6,3,-1,-1,2494,1,18,-1,-1,-1
2018010155713,1,9,-1,18,0,1,-1,0,0,0,1,-1,6,3,-1,-1,1390,1,6,5,1,5
2018010155713,2,1,0,18,0,8,0,0,0,0,1,1,6,1,26,6,-1,-1,-1,-1,-1,-1
2018010155715,1,9,0,-1,-1,0,-1,-1,-1,-1,2,-1,6,1,28,6,1991,2,7,3,1,3
2018010155715,2,9,0,-1,-1,0,-1,-1,-1,-1,1,-1,6,3,-1,-1,2143,2,6,2,1,2
2018010155717,1,5,0,-1,-1,0,-1,-1,-1,-1,1,1,6,3,-1,-1,-1,-1,-1,-1,-1,-1
2018010155721,1,9,0,18,0,1,0,0,0,0,-1,-1,6,2,34,6,1798,8,5,4,1,4
2018010155734,1,9,-1,18,0,0,0,0,0,0,1,-1,6,2,30,6,1242,1,10,7,1,7
2018010155734,2,19,0,18,0,0,0,0,0,0,1,-1,6,1,-1,-1,1598,2,1,-1,-1,-1
2018010155735,1,1,-1,-1,-1,-1,-1,-1,-1,-1,0,1,2,1,34,6,-1,-1,-1,5,1,5
2018010155735,2,9,0,12,0,1,0,0,0,0,0,1,6,3,-1,-1,1339,1,14,-1,-1,-1
2018010155749,1,3,0,-1,-1,-1,-1,-1,-1,-1,1,1,6,1,32,6,125,1,10,4,1,4
2018010155749,2,9,-1,-1,-1,-1,-1,-1,-1,-1,-1,-1,6,3,-1,-1,1364,1,11,-1,-1,-1
2018010155753,1,8,0,-1,-1,0,-1,-1,-1,-1,3,-1,2,1,40,7,1598,2,6,4,1,4
2018010155753,2,9,-1,11,-1,0,-1,0,0,0,4,1,6,3,-1,-1,1395,1,-1,-1,-1,-1
2018010155771,1,9,0,-1,-1,0,-1,-1,-1,-1,4,-1,6,1,31,6,1598,1,6,5,1,5
2018010155771,2,9,0,-1,-1,0,-1,-1,-1,-1,1,-1,6,2,36,7,1995,2,13,5,1,5
2018010155867,1,9,0,-1,-1,-1,-1,-1,-1,-1,0,-1,6,3,-1,-1,-1,-1,-1,-1,-1,-1
2018010155887,1,9,0,-1,-1,-1,-1,-1,-1,-1,2,-1,6,1,46,8,1198,1,13,2,1,2
2018010155917,1,11,0,3,2,1,0,0,0,0,0,1,6,3,-1,-1,-1,-1,-1,-1,-1,-1
2018010155944,1,9,0,-1,-1,-1,-1,-1,-1,-1,1,-1,6,1,38,7,1995,1,13,4,1,4
2018010155944,2,9,0,-1,-1,-1,-1,-1,-1,-1,-1,-1,6,3,28,6,1197,1,2,6,1,6
2018010156004,1,9,0,-1,-1,-1,-1,-1,-1,-1,-1,-1,6,1,-1,-1,1598,2,3,4,1,4
2018010156004,2,9,0,-1,-1,-1,-1,-1,-1,-1,-1,-1,6,3,-1,-1,-1,-1,-1,-1,-1,-1
2018010156021,1,9,0,-1,-1,0,-1,-1,-1,-1,-1,-1,6,1,36,7,1360,1,11,9,1,9
2018010156047,1,1,0,18,0,1,5,0,0,0,1,1,6,1,20,4,-1,-1,-1,-1,-1,-1
2018010156062,1,1,0,8,0,1,5,0,0,0,1,1,6,2,53,8,-1,-1,-1,7,1,7
2018010156062,2,9,-1,9,0,8,0,0,0,0,1,-1,6,1,-1,-1,-1,-1,-1,3,1,3
2018010156070,1,19,0,3,0,2,0,0,0,0,2,-1,6,1,20,4,1560,2,2,4,1,4
2018010156070,2,19,-1,18,0,1,0,0,0,0,1,-1,6,3,-1,-1,-1,-1,-1,-1,-1,-1
2018010156070,3,9,0,3,0,1,0,0,0,0,2,-1,6,1,-1,-1,-1,-1,-1,-1,-1,-1
2018010156107,1,9,0,18,0,8,0,0,0,0,1,-1,6,2,83,11,1598,1,14,8,1,8
2018010156112,1,9,0,18,0,0,0,0,0,0,0,1,6,1,39,7,-1,-1,-1,3,1,3
2018010156112,2,1,0,18,0,0,0,0,0,0,0,1,6,1,40,7,-1,-1,-1,3,1,3
2018010156115,1,19,0,-1,0,0,0,0,0,0,2,-1,6,1,56,9,1598,2,-1,2,1,2
2018010156115,2,9,0,-1,0,0,0,0,0,0,1,-1,6,3,-1,-1,1461,2,3,-1,-1,-1
2018010156137,1,9,-1,-1,0,0,-1,-1,-1,-1,2,-1,6,1,43,7,1796,1,7,2,1,2
2018010156142,1,9,-1,-1,-1,-1,-1,-1,-1,-1,-1,-1,6,3,-1,-1,-1,-1,-1,-1,-1,-1
2018010156145,1,11,0,-1,-1,0,-1,-1,-1,-1,1,-1,6,1,33,6,4500,2,1,1,1,1
2018010156148,1,9,-1,-1,-1,0,-1,-1,-1,-1,-1,-1,6,3,36,7,1461,2,-1,3,1,3
2018010156148,2,9,-1,-1,-1,0,-1,-1,-1,-1,-1,-1,6,3,-1,-1,1398,1,7,1,1,1
2018010156172,1,19,0,-1,-1,-1,-1,-1,-1,-1,-1,-1,6,1,34,6,-1,-1,-1,6,1,6
2018010156172,2,8,0,-1,-1,-1,-1,-1,-1,-1,-1,-1,6,3,-1,-1,1997,2,6,4,1,4
2018010156220,1,1,0,18,0,1,0,0,0,0,1,1,6,1,43,7,-1,-1,-1,7,1,7
2018010156220,2,9,0,9,0,1,0,0,0,0,2,1,1,1,50,8,-1,-1,-1,6,1,6
2018010156229,1,9,0,9,0,5,0,0,0,0,1,-1,6,1,58,9,1595,1,16,5,1,5
2018010156241,1,9,-1,3,-1,-1,-1,-1,-1,-1,-1,-1,6,1,43,7,2143,2,6,3,1,3
2018010156241,2,9,-1,18,-1,-1,0,-1,-1,-1,-1,-1,6,3,-1,-1,1995,2,8,-1,-1,-1
2018010156242,1,9,-1,-1,-1,0,-1,-1,8,-1,-1,-1,6,3,-1,-1,-1,-1,-1,-1,-1,-1
2018010156260,1,9,0,-1,-1,0,-1,-1,-1,-1,-1,-1,6,3,-1,-1,-1,-1,-1,-1,-1,-1
2018010156301,1,3,-1,18,-1,-1,-1,-1,0,0,-1,1,1,1,42,7,125,1,4,1,-1,1
2018010156301,2,9,-1,18,0,-1,-1,-1,-1,0,-1,-1,6,3,-1,-1,2143,2,2,-1,-1,-1
2018010156312,1,11,-1,-1,-1,0,-1,-1,-1,-1,-1,-1,1,1,43,7,-1,-1,-1,3,1,3
2018010156312,2,9,-1,-1,-1,0,-1,12,-1,-1,-1,-1,6,3,-1,-1,1595,1,9,-1,-1,-1
2018010156326,1,1,0,18,0,2,0,0,0,0,2,1,2,1,24,5,-1,-1,-1,2,1,2
2018010156344,1,9,0,-1,-1,-1,-1,-1,-1,-1,2,-1,6,1,59,9,1197,1,-1,3,1,3
2018010156371,1,1,-1,-1,-1,0,-1,-1,-1,-1,-1,1,6,2,26,6,-1,-1,-1,4,1,4
2018010156371,2,9,0,-1,-1,0,-1,-1,-1,-1,-1,-1,6,3,-1,-1,1598,1,12,-1,-1,-1
2018010156395,1,9,0,-1,-1,-1,-1,-1,-1,-1,-1,-1,6,3,-1,-1,1240,1,8,8,1,8
2018010156435,1,5,0,18,0,1,0,0,0,0,1,1,6,1,23,5,125,1,-1,2,1,2
2018010156446,1,3,-1,10,0,1,-1,-1,-1,-1,-1,1,6,1,43,7,-1,-1,-1,2,1,2
2018010156446,2,3,-1,-1,0,1,-1,-1,-1,-1,-1,1,6,3,-1,-1,125,1,3,-1,-1,-1
2018010156447,1,3,0,18,-1,-1,-1,-1,-1,-1,-1,1,6,1,25,5,124,1,10,-1,-1,-1
2018010156447,2,9,-1,18,-1,-1,-1,-1,-1,-1,-1,-1,6,3,-1,-1,-1,-1,-1,-1,-1,-1
2018010156456,1,9,0,7,0,1,0,0,0,0,1,-1,6,2,-1,-1,998,1,1,4,1,4
2018010156456,2,9,-1,18,0,-1,0,0,0,0,1,-1,6,2,-1,-1,2000,2,9,-1,-1,-1
2018010156459,1,9,0,18,0,0,-1,-1,0,0,2,-1,6,1,54,8,1560,2,4,3,1,3
2018010156467,1,9,0,3,0,1,0,0,0,0,2,-1,6,1,44,7,1390,1,12,-1,-1,-1
2018010156467,2,9,-1,-1,0,1,1,0,0,0,1,-1,6,3,-1,-1,-1,-1,-1,-1,-1,-1
2018010156470,1,9,-1,-1,0,0,-1,-1,-1,-1,-1,-1,6,1,24,5,1968,2,12,-1,-1,-1
2018010156470,2,9,-1,-1,-1,0,-1,-1,-1,-1,-1,-1,6,3,-1,-1,2967,2,10,-1,-1,-1
2018010156477,1,9,-1,-1,-1,-1,-1,-1,-1,-1,-1,1,6,2,29,6,1595,1,-1,2,1,2
2018010156477,2,9,-1,-1,-1,-1,-1,-1,-1,-1,-1,-1,6,3,-1,-1,1318,1,1,-1,-1,-1
2018010156496,1,9,0,3,0,1,0,0,0,0,2,-1,6,2,44,7,1796,1,10,-1,-1,-1
2018010156496,2,19,0,18,0,1,0,0,0,0,1,-1,6,1,-1,-1,2143,2,5,-1,-1,-1
2018010156500,1,1,-1,-1,0,-1,-1,0,0,0,-1,1,6,1,40,7,-1,-1,-1,9,1,9
2018010156500,2,9,0,-1,0,-1,-1,-1,0,0,-1,-1,6,1,31,6,1984,1,-1,3,1,3
2018010156512,1,9,-1,18,0,1,-1,-1,-1,-1,-1,-1,6,3,-1,-1,2993,2,9,-1,-1,-1
2018010156518,1,9,0,5,0,6,0,0,0,0,1,1,6,1,28,6,1950,2,-1,2,1,2
2018010156528,1,9,-1,-1,-1,-1,-1,-1,-1,-1,-1,-1,6,1,46,8,1598,2,7,2,1,2
2018010156528,2,19,-1,-1,-1,-1,-1,-1,-1,-1,-1,-1,6,3,-1,-1,1560,2,1,7,1,7
2018010156547,1,20,-1,18,-1,0,-1,-1,-1,-1,2,1,6,3,63,9,-1,-1,-1,2,1,2
2018010156547,2,20,0,-1,-1,0,-1,-1,-1,-1,2,1,6,3,-1,-1,2143,2,6,1,1,1
2018010156547,3,20,-1,4,-1,0,-1,-1,-1,-1,-1,1,6,1,38,7,-1,-1,-1,2,1,2
2018010156668,1,9,0,14,0,0,0,4,0,0,1,1,2,1,90,11,1997,1,17,4,1,4
2018010156668,2,9,0,2,0,0,0,4,1,0,3,1,6,3,-1,-1,1560,2,4,-1,-1,-1
2018010156678,1,1,0,18,4,1,-1,0,0,0,2,1,6,1,29,6,-1,-1,-1,8,2,8
2018010156678,2,9,0,9,0,2,0,0,0,0,4,-1,6,1,-1,-1,1900,2,11,2,1,2
2018010156679,1,9,0,-1,-1,-1,0,-1,-1,-1,-1,1,6,2,35,6,1753,2,8,1,1,1
2018010156679,2,9,0,1,-1,-1,0,-1,-1,-1,-1,1,6,3,-1,-1,1995,2,15,-1,-1,-1
2018010156716,1,9,0,3,0,8,0,0,0,0,2,-1,6,2,35,6,1198,1,3,2,1,2
2018010156716,2,9,0,18,0,8,0,0,0,0,1,-1,6,2,-1,-1,1198,1,14,6,1,6
2018010156745,1,9,-1,-1,-1,0,-1,-1,-1,-1,4,-1,6,3,-1,-1,1995,2,9,-1,-1,-1
2018010156757,1,3,0,18,0,-1,0,-1,0,0,-1,1,6,1,17,4,125,1,3,3,1,3
2018010156757,2,9,-1,18,0,-1,0,-1,0,0,-1,-1,6,1,-1,-1,-1,-1,-1,-1,-1,-1