Accident_Index,Vehicle_Reference,Vehicle_Type,Towing_and_Articulation,Vehicle_Manoeuvre,Vehicle_Location-Restricted_Lane,Junction_Location,Skidding_and_Overturning,Hit_Object_in_Carriageway,Vehicle_Leaving_Carriageway,Hit_Object_off_Carriageway,1st_Point_of_Impact,Was_Vehicle_Left_Hand_Drive?,Journey_Purpose_of_Driver,Sex_of_Driver,Age_of_Driver,Age_Band_of_Driver,Engine_Capacity_(CC),Propulsion_Code,Age_of_Vehicle,Driver_IMD_Decile,Driver_Home_Area_Type,Vehicle_IMD_Decile
2018010156811,1,1,-1,-1,-1,-1,-1,-1,-1,-1,-1,1,2,1,26,6,-1,-1,-1,2,1,2
2018010156811,2,9,0,-1,-1,-1,-1,-1,-1,-1,-1,-1,6,3,-1,-1,-1,-1,-1,-1,-1,-1
2018010156867,1,9,0,3,0,0,0,0,0,0,2,-1,6,1,28,6,1797,8,4,3,1,3
2018010156867,2,9,-1,18,0,0,0,0,0,0,1,-1,6,1,-1,-1,-1,-1,-1,-1,-1,-1
2018010156892,1,5,0,-1,-1,-1,-1,-1,-1,-1,-1,1,6,1,65,9,-1,-1,-1,6,1,6
2018010156892,2,9,0,-1,-1,-1,-1,-1,-1,-1,2,-1,6,3,-1,-1,-1,-1,-1,-1,-1,-1
2018010156896,1,9,-1,-1,-1,-1,-1,-1,-1,0,-1,-1,6,3,-1,-1,-1,-1,-1,-1,-1,-1
2018010156905,1,9,0,18,0,2,0,0,0,0,4,1,6,1,25,5,1197,1,7,8,1,8
2018010156905,2,9,0,5,0,2,0,0,0,0,1,1,6,3,-1,-1,1598,1,-1,-1,-1,-1
2018010156977,1,9,-1,-1,-1,0,-1,-1,-1,0,-1,-1,6,2,62,9,1242,1,9,2,1,2
2018010157306,1,3,0,-1,-1,-1,-1,-1,-1,-1,-1,1,6,2,34,6,108,1,5,6,1,6
2018010157306,2,9,0,-1,-1,-1,-1,-1,-1,-1,-1,-1,6,3,17,4,-1,-1,-1,10,1,10
2018010157342,1,9,0,18,0,1,0,0,0,0,2,1,6,1,40,7,2494,8,1,6,1,6
2018010157342,2,9,0,18,0,1,0,0,0,0,-1,1,6,3,-1,-1,2967,2,9,-1,-1,-1
2018010157346,1,9,-1,-1,-1,0,-1,-1,-1,-1,-1,-1,6,2,27,6,1149,1,10,5,1,5
2018010157346,2,9,-1,-1,-1,0,-1,-1,-1,-1,-1,-1,6,3,56,9,1242,1,-1,5,1,5
2018010157348,1,9,0,18,0,1,0,0,0,0,3,1,6,2,60,9,998,1,21,7,1,7
2018010157348,2,9,0,9,0,6,0,0,0,0,1,1,6,2,-1,-1,2000,2,7,-1,-1,-1
2018010157364,1,8,0,18,0,-1,0,0,0,0,4,1,6,1,53,8,1798,8,6,2,1,2
2018010157417,1,9,0,-1,-1,0,-1,-1,-1,-1,2,-1,6,1,18,4,1198,1,7,5,1,5
2018010157417,2,9,0,-1,-1,0,-1,-1,-1,-1,2,-1,6,3,-1,-1,3628,2,9,8,1,8
2018010157417,3,9,0,-1,-1,0,-1,-1,-1,-1,1,-1,6,3,22,5,1968,2,12,4,1,4
2018010157431,1,9,0,-1,0,-1,0,0,0,0,1,-1,6,2,34,6,2143,2,2,5,1,5
2018010157521,1,8,-1,6,0,0,-1,0,0,0,1,-1,6,3,-1,-1,2402,2,15,-1,-1,-1
2018010157521,2,1,0,18,0,0,-1,0,0,0,1,1,6,1,37,7,-1,-1,-1,3,1,3
2018010157553,1,9,0,4,0,-1,0,0,0,0,2,-1,6,2,34,6,2967,2,1,9,1,9
2018010157553,2,9,0,18,0,-1,0,0,0,0,2,-1,6,1,63,9,1498,1,2,2,1,2
2018010157555,1,9,0,3,0,0,0,0,0,0,2,-1,6,2,28,6,1797,8,6,4,1,4
2018010157555,2,9,0,18,0,0,0,0,0,0,1,-1,6,2,27,6,1364,1,11,2,1,2
2018010157591,1,11,0,3,0,0,0,0,0,0,0,1,6,3,-1,-1,6700,2,8,-1,-1,-1
2018010157605,1,1,0,18,-1,-1,0,0,0,0,1,1,6,1,27,6,-1,-1,-1,3,1,3
2018010157605,2,2,0,-1,0,-1,0,0,0,0,-1,1,6,1,-1,-1,292,1,1,-1,-1,-1
2018010157644,1,9,0,18,0,-1,0,-1,0,0,-1,-1,6,3,-1,-1,-1,-1,-1,-1,-1,-1
2018010157722,1,9,0,-1,-1,-1,-1,-1,-1,-1,1,-1,2,1,54,8,1198,1,7,7,1,7
2018010157722,2,9,0,-1,-1,-1,-1,-1,-1,-1,2,-1,6,3,-1,-1,1984,1,12,-1,-1,-1
2018010157759,1,9,5,-1,-1,-1,-1,-1,-1,-1,-1,-1,6,3,-1,-1,2926,2,16,-1,-1,-1
2018010157772,1,9,0,-1,-1,0,-1,-1,-1,-1,2,-1,6,3,-1,-1,-1,-1,-1,-1,-1,-1
2018010157809,1,9,0,-1,-1,-1,-1,-1,-1,-1,-1,-1,6,1,49,8,2231,2,12,4,1,4
2018010157809,2,11,0,-1,-1,-1,-1,-1,-1,-1,-1,-1,6,3,-1,-1,4500,2,2,-1,-1,-1
2018010157846,1,9,0,-1,-1,-1,-1,-1,-1,-1,-1,-1,2,2,21,5,1496,2,3,5,1,5
2018010157846,2,9,-1,-1,-1,-1,-1,-1,-1,-1,1,-1,6,2,28,6,1796,1,11,5,3,5
2018010157919,1,9,0,4,0,8,0,0,0,0,3,-1,6,1,43,7,1685,2,-1,7,1,7
2018010157919,2,1,0,18,0,8,0,0,0,0,1,1,6,1,30,6,-1,-1,-1,7,1,7
2018010157926,1,9,0,-1,0,0,0,0,0,0,1,-1,6,1,18,4,1242,1,22,6,1,6
2018010157926,2,1,0,-1,0,0,0,0,0,0,3,1,6,1,24,5,-1,-1,-1,7,1,7
2018010157949,1,9,0,-1,0,1,0,0,0,0,2,-1,6,2,61,9,1364,1,12,10,1,10
2018010157949,2,9,0,-1,0,1,0,0,0,0,1,-1,6,1,20,4,998,1,4,2,1,2
2018010157987,1,9,-1,-1,0,1,0,0,0,0,-1,-1,6,1,33,6,1998,8,-1,3,1,3
2018010157987,2,9,-1,-1,-1,1,-1,0,0,0,-1,-1,6,1,-1,-1,1797,8,8,-1,-1,-1
2018010158009,1,20,0,7,0,1,0,0,2,10,4,1,1,1,54,8,7201,2,6,4,1,4
2018010158079,1,9,0,18,0,8,0,0,0,0,1,-1,6,3,-1,-1,1968,2,10,-1,-1,-1
2018010158171,1,3,-1,-1,0,1,-1,0,0,0,-1,1,6,1,-1,-1,125,1,2,2,1,2
2018010158234,1,1,-1,-1,-1,0,-1,-1,-1,-1,-1,1,2,1,24,5,-1,-1,-1,7,1,7
2018010158234,2,8,0,-1,-1,0,-1,-1,-1,-1,-1,-1,6,3,-1,-1,-1,-1,-1,-1,-1,-1
2018010158612,1,9,-1,18,-1,-1,0,-1,0,0,-1,-1,6,1,48,8,1598,2,4,7,1,7
2018010158612,2,9,-1,-1,0,-1,0,-1,0,0,-1,-1,6,1,-1,-1,1798,8,4,6,1,6
2018010158680,1,8,0,-1,-1,-1,-1,-1,-1,-1,-1,-1,6,1,59,9,1797,8,-1,2,1,2
2018010158680,2,9,0,-1,-1,-1,-1,-1,-1,-1,-1,-1,6,3,-1,-1,-1,-1,-1,9,1,9
2018010158777,1,9,0,-1,0,3,0,0,0,0,1,-1,6,1,-1,-1,3498,1,12,-1,-1,-1
2018010158777,2,1,0,18,0,4,0,0,0,0,3,1,6,1,29,6,-1,-1,-1,9,1,9
2018010158829,1,3,-1,-1,0,1,-1,0,0,0,1,1,6,1,43,7,125,1,1,5,1,5
2018010158829,2,9,-1,-1,0,1,0,0,-1,-1,-1,-1,6,3,-1,-1,-1,-1,-1,-1,-1,-1
2018010158980,1,9,-1,-1,-1,-1,-1,-1,-1,-1,-1,-1,6,2,37,7,1422,2,14,7,1,7
2018010159023,1,1,0,18,0,-1,0,-1,0,0,4,1,6,2,32,6,-1,-1,-1,3,1,3
2018010159023,2,9,-1,-1,-1,-1,-1,-1,-1,-1,-1,-1,6,3,-1,-1,1798,8,5,-1,-1,-1
2018010159025,1,9,0,18,0,1,0,0,0,0,3,-1,6,1,49,8,1797,8,9,2,1,2
2018010159025,2,9,-1,-1,-1,-1,-1,-1,-1,0,-1,-1,6,3,-1,-1,1229,1,12,-1,-1,-1
2018010159294,1,9,-1,-1,-1,-1,-1,0,-1,0,-1,-1,6,1,45,7,1797,8,8,4,1,4
2018010159294,2,20,-1,-1,-1,-1,-1,-1,-1,-1,-1,-1,6,3,-1,-1,-1,-1,-1,-1,-1,-1
2018010159296,1,9,0,-1,0,1,0,-1,0,0,-1,-1,6,3,-1,-1,-1,-1,-1,-1,-1,-1
2018010159489,1,19,0,18,0,8,0,0,0,0,2,1,6,3,-1,-1,-1,-1,-1,-1,-1,-1
2018010159489,2,1,0,18,-1,4,-1,0,0,0,2,1,2,1,26,6,-1,-1,-1,1,1,1
2018010159516,1,1,-1,-1,-1,0,-1,-1,-1,-1,-1,1,2,1,26,6,-1,-1,-1,1,1,1
2018010159830,1,9,0,18,0,0,0,0,0,0,1,1,6,3,-1,-1,-1,-1,-1,-1,-1,-1
2018010159961,1,3,-1,-1,-1,0,-1,-1,-1,-1,-1,1,6,1,43,7,883,1,2,6,1,6
2018010159975,1,90,-1,18,-1,-1,-1,0,0,0,1,-1,6,1,-1,-1,-1,-1,-1,-1,-1,-1
2018010160192,1,19,0,9,0,-1,0,-1,0,0,-1,-1,6,1,-1,-1,1968,2,5,-1,-1,-1
2018010160216,1,9,0,3,0,2,0,0,0,0,4,1,6,1,48,8,1598,1,3,5,3,5
2018010160216,2,9,0,9,0,2,0,0,0,0,3,1,6,2,36,7,1299,1,10,3,1,3
2018010160254,1,11,-1,18,2,-1,0,0,0,0,-1,1,6,3,-1,-1,6700,2,6,-1,-1,-1
2018010160447,1,1,0,18,4,0,0,-1,-1,-1,-1,1,6,2,23,5,-1,-1,-1,2,1,2
2018010160447,2,9,0,18,-1,0,-1,-1,-1,-1,-1,1,6,1,-1,-1,-1,3,2,4,1,4
2018010160595,1,9,0,-1,-1,0,-1,-1,-1,-1,2,-1,6,1,32,6,1596,1,13,3,1,3
2018010160709,1,3,0,-1,-1,-1,0,-1,-1,-1,-1,1,6,1,23,5,125,1,2,-1,-1,-1
2018010160709,2,9,-1,-1,-1,-1,-1,-1,-1,-1,-1,-1,6,3,47,8,1461,2,-1,3,1,3
2018010160863,1,9,0,18,0,4,0,0,0,0,1,1,6,2,-1,-1,1896,2,13,9,1,9
2018010160863,2,9,0,18,0,3,0,0,0,0,1,1,6,2,-1,-1,1496,1,3,8,1,8
2018010161845,1,9,-1,-1,-1,-1,-1,-1,-1,-1,-1,-1,6,1,36,7,1956,2,3,-1,-1,-1
2018010162199,1,3,0,18,0,0,0,0,0,0,1,1,6,1,23,5,125,1,3,2,1,2
2018010162263,1,19,0,1,0,1,0,-1,0,0,-1,-1,6,3,-1,-1,-1,-1,-1,-1,-1,-1
2018010162283,1,9,0,-1,-1,-1,-1,-1,-1,-1,1,-1,6,2,19,4,1582,2,-1,5,1,5
2018010162283,2,9,0,-1,-1,-1,-1,-1,-1,-1,1,-1,6,3,-1,-1,1339,1,12,4,1,4
2018010162949,1,11,-1,-1,-1,-1,-1,-1,-1,-1,-1,1,6,3,-1,-1,-1,-1,-1,-1,-1,-1
2018010162989,1,9,0,-1,-1,-1,-1,-1,-1,-1,2,-1,6,3,-1,-1,-1,-1,-1,-1,-1,-1
2018010162999,1,9,0,18,0,0,-1,0,0,0,0,1,1,1,-1,-1,1798,8,-1,-1,-1,-1
2018010163148,1,3,-1,-1,-1,-1,-1,-1,-1,-1,-1,1,6,3,-1,-1,-1,-1,-1,-1,-1,-1
2018010163366,1,9,0,4,0,4,0,0,0,0,3,1,6,1,19,4,1598,1,11,3,1,3
2018010164011,1,9,0,-1,-1,0,-1,-1,-1,-1,2,-1,6,2,36,7,1598,2,2,1,1,1
2018010164011,2,9,0,-1,-1,0,-1,-1,-1,-1,1,-1,6,3,-1,-1,2143,2,1,1,1,1
2018010164185,1,9,0,-1,-1,0,-1,-1,-1,-1,-1,-1,6,2,64,9,1596,1,9,5,1,5
2018010164185,2,11,-1,-1,-1,0,-1,-1,-1,-1,-1,-1,6,3,-1,-1,4500,2,11,-1,-1,-1
2018010164506,1,9,-1,-1,-1,-1,-1,-1,-1,0,-1,-1,6,1,51,8,1598,1,15,3,1,3
2018010164506,2,9,-1,-1,-1,-1,-1,-1,-1,0,-1,-1,6,3,-1,-1,1975,1,14,-1,-1,-1
2018010164701,1,9,0,-1,-1,-1,-1,-1,-1,-1,2,-1,2,1,52,8,1591,1,9,7,3,7
2018010164701,2,90,0,-1,-1,-1,-1,-1,-1,-1,1,-1,6,3,-1,-1,-1,-1,-1,-1,-1,-1
2018010164886,1,3,0,7,0,0,0,0,0,0,1,1,6,1,44,7,124,1,5,3,1,3
2018010164908,1,9,-1,-1,-1,-1,-1,-1,-1,-1,-1,-1,6,1,-1,-1,1198,1,11,6,1,6
2018010164908,2,9,-1,-1,-1,-1,-1,-1,-1,-1,-1,-1,6,3,-1,-1,1586,1,2,8,1,8
2018010164908,3,9,-1,-1,-1,-1,-1,-1,-1,-1,-1,-1,6,3,-1,-1,1497,8,2,-1,-1,-1
2018010164914,1,11,0,18,0,-1,0,-1,0,0,0,1,1,2,52,8,6700,2,11,-1,-1,-1
2018010164914,2,16,0,18,0,-1,0,-1,-1,-1,3,1,6,2,24,5,-1,-1,-1,10,1,10
2018010164993,1,9,0,-1,-1,-1,-1,-1,-1,-1,2,-1,6,2,31,6,1598,1,10,9,1,9
2018010165390,1,8,0,5,8,0,0,0,0,0,0,1,6,3,-1,-1,-1,-1,-1,-1,-1,-1
2018010165890,1,3,-1,-1,-1,0,-1,-1,-1,-1,-1,1,6,1,68,10,1255,1,8,8,1,8
2018010166084,1,19,0,5,0,0,0,0,0,0,0,1,1,1,26,6,1997,2,1,-1,-1,-1
2018010166084,2,3,0,18,0,0,1,0,0,0,0,1,2,1,29,6,125,1,2,9,1,9
2018010166327,1,1,-1,18,0,0,-1,-1,0,0,-1,1,6,2,49,8,-1,-1,-1,3,1,3
2018010166327,2,19,-1,-1,-1,0,-1,-1,-1,-1,-1,-1,6,3,-1,-1,2198,2,6,-1,-1,-1
2018010166415,1,9,0,18,0,-1,0,0,0,0,3,1,6,1,22,5,2993,2,14,1,1,1
2018010166415,2,9,0,18,0,-1,0,0,0,0,4,1,6,1,-1,-1,998,1,3,-1,-1,-1
2018010166825,1,3,0,18,-1,0,-1,-1,-1,-1,1,1,6,3,-1,-1,-1,-1,-1,-1,-1,-1
2018010166869,1,3,0,-1,-1,0,-1,-1,-1,-1,1,1,6,1,29,6,108,1,2,4,1,4
2018010166869,2,9,0,-1,-1,0,-1,-1,-1,-1,-1,-1,6,3,-1,-1,-1,-1,-1,-1,-1,-1
2018010166883,1,9,0,-1,-1,0,-1,-1,-1,-1,2,-1,2,2,28,6,1461,2,2,10,1,10
2018010166883,2,9,0,-1,-1,0,-1,-1,-1,-1,1,-1,6,3,-1,-1,1498,1,-1,-1,-1,-1
2018010166910,1,9,0,-1,-1,-1,-1,-1,-1,-1,-1,-1,6,2,55,8,1999,2,1,4,1,4
2018010166910,2,9,0,-1,-1,-1,-1,-1,-1,-1,-1,-1,6,3,-1,-1,-1,-1,-1,-1,-1,-1
2018010167142,1,19,0,-1,-1,-1,-1,-1,-1,-1,2,1,2,1,33,6,1995,2,-1,4,1,4
2018010167216,1,4,0,18,0,8,0,0,0,0,1,1,6,1,31,6,124,1,-1,5,1,5
2018010167216,2,9,0,10,0,8,0,0,0,0,4,1,6,2,38,7,1598,1,11,4,1,4
2018010167345,1,20,0,-1,-1,-1,-1,-1,-1,-1,2,-1,6,1,31,6,2143,2,-1,1,1,1
2018010167736,1,9,0,-1,-1,0,-1,-1,-1,-1,1,-1,6,2,40,7,1497,8,1,2,1,2
2018010167736,2,90,0,-1,-1,0,-1,-1,-1,-1,-1,-1,6,3,-1,-1,-1,-1,-1,-1,-1,-1
2018010168199,1,9,0,-1,-1,2,-1,-1,-1,-1,2,-1,2,2,-1,-1,1598,1,9,7,1,7
2018010168199,2,9,-1,-1,-1,2,-1,-1,-1,-1,-1,-1,6,3,-1,-1,1984,1,4,-1,-1,-1
2018010168415,1,9,0,-1,-1,-1,-1,-1,-1,-1,4,-1,6,1,29,6,2720,2,10,2,1,2
2018010168415,2,9,0,-1,-1,-1,-1,-1,-1,-1,1,-1,6,3,-1,-1,998,1,9,-1,-1,-1
2018010168988,1,20,-1,18,0,0,-1,0,0,0,-1,-1,6,1,-1,-1,-1,-1,-1,-1,-1,-1
2018010168988,2,9,-1,18,0,0,-1,-1,-1,0,-1,-1,6,2,38,7,1598,2,6,8,1,8
2018010169716,1,9,0,-1,-1,-1,-1,-1,-1,-1,2,-1,6,1,28,6,1968,2,10,5,1,5
2018010169716,2,9,0,-1,-1,-1,-1,-1,-1,-1,1,-1,6,3,28,6,1598,1,14,-1,-1,-1
2018010170072,1,3,0,-1,-1,-1,-1,-1,-1,-1,-1,1,2,1,22,5,125,1,4,7,3,7
2018010170072,2,8,0,-1,-1,-1,-1,-1,-1,-1,-1,-1,6,3,-1,-1,1997,2,4,6,1,6
2018010170087,1,9,0,-1,-1,-1,-1,-1,-1,-1,2,-1,6,1,36,7,1798,8,6,4,1,4
2018010170087,2,9,0,-1,-1,-1,-1,-1,-1,-1,1,-1,6,3,-1,-1,1968,2,4,-1,-1,-1
2018010170220,1,3,0,-1,0,1,0,0,0,0,-1,1,6,1,29,6,125,1,7,3,1,3
2018010170220,2,19,0,-1,0,1,0,0,0,0,-1,-1,6,3,-1,-1,2198,2,6,-1,-1,-1
2018010170615,1,9,5,-1,0,1,0,0,0,0,-1,-1,6,1,-1,-1,-1,-1,-1,-1,-1,-1
2018010170789,1,9,0,-1,-1,8,-1,-1,-1,-1,1,-1,6,3,-1,-1,1390,1,10,7,1,7
2018010171507,1,8,0,-1,-1,-1,-1,-1,-1,-1,2,-1,6,1,53,8,1798,8,2,-1,-1,-1
2018010171507,2,9,0,-1,-1,-1,-1,-1,-1,-1,1,-1,6,3,-1,-1,1997,2,15,-1,-1,-1
2018010172052,1,1,-1,-1,-1,0,-1,-1,-1,-1,-1,1,2,1,43,7,-1,-1,-1,5,1,5
2018010172604,1,1,-1,-1,-1,-1,-1,-1,-1,-1,-1,1,2,2,24,5,-1,-1,-1,-1,-1,-1
2018010172604,2,8,0,-1,-1,-1,-1,-1,-1,-1,1,-1,6,3,-1,-1,-1,-1,-1,-1,-1,-1
2018010173322,1,9,0,-1,-1,-1,-1,-1,-1,-1,-1,-1,2,1,35,6,4172,2,12,7,1,7
2018010173322,2,9,0,9,0,1,0,-1,0,0,-1,-1,6,1,-1,-1,999,1,2,5,1,5
2018010173858,1,1,-1,-1,-1,-1,-1,-1,-1,-1,0,1,2,1,27,6,-1,-1,-1,3,1,3
2018010173858,2,90,0,-1,-1,-1,-1,-1,-1,-1,-1,-1,6,3,27,6,-1,-1,-1,-1,-1,-1
2018010173858,3,9,-1,-1,-1,-1,-1,-1,-1,-1,-1,-1,6,3,-1,-1,-1,-1,-1,-1,-1,-1
2018010173906,1,5,0,-1,-1,0,-1,-1,-1,-1,1,1,6,1,54,8,-1,-1,-1,7,1,7
2018010173906,2,9,0,-1,-1,0,-1,-1,-1,-1,-1,-1,6,3,-1,-1,2993,2,5,-1,-1,-1
2018010174276,1,9,0,-1,-1,-1,-1,-1,-1,-1,-1,-1,6,1,24,5,1995,2,9,3,1,3
2018010174276,2,9,0,-1,-1,-1,-1,-1,-1,-1,2,-1,6,3,28,6,1499,1,3,-1,-1,-1
2018010174693,1,19,0,18,0,0,0,0,0,0,1,1,1,1,30,6,1995,2,1,6,1,6
2018010176606,1,8,0,-1,-1,-1,-1,-1,-1,-1,-1,-1,6,2,45,7,-1,-1,-1,5,1,5
2018010176606,2,8,0,-1,-1,-1,-1,-1,-1,-1,1,-1,6,3,-1,-1,1497,8,9,-1,-1,-1
2018010177132,1,9,0,3,0,1,0,0,0,0,1,1,6,2,38,7,1999,2,2,8,1,8
2018010177132,2,9,0,1,0,1,0,0,0,0,2,1,6,1,-1,-1,4367,2,4,-1,-1,-1
2018010177273,1,9,0,-1,-1,-1,-1,-1,-1,-1,2,-1,6,1,79,11,2231,2,9,3,1,3
2018010177273,2,9,0,-1,-1,-1,-1,-1,-1,-1,1,-1,6,3,-1,-1,1686,2,6,-1,-1,-1
2018010177791,1,9,0,18,0,-1,0,0,0,0,2,1,6,1,38,7,1995,2,4,2,1,2
2018010177791,2,90,0,18,0,-1,0,0,0,0,1,1,6,3,-1,-1,-1,-1,-1,-1,-1,-1
2018010178079,1,3,0,7,0,6,5,0,0,0,1,1,2,1,18,4,125,1,1,2,1,2
2018010178079,2,8,0,18,0,5,0,0,0,0,2,1,1,1,60,9,1798,8,3,2,1,2
2018010178079,3,19,0,3,0,1,0,0,0,0,1,1,2,1,32,6,10677,2,1,6,1,6
2018010181266,1,9,-1,-1,0,0,-1,-1,-1,-1,-1,-1,6,1,26,6,1910,2,12,1,1,1
2018010181266,2,9,-1,-1,-1,0,-1,-1,-1,0,-1,-1,6,1,-1,-1,2967,2,11,-1,-1,-1
2018010182074,1,9,0,-1,-1,-1,-1,-1,-1,-1,2,-1,6,2,65,9,996,1,5,3,1,3
2018010182424,1,9,-1,18,-1,-1,-1,-1,-1,-1,-1,-1,6,1,20,4,1599,1,9,4,1,4
2018010182424,2,9,-1,-1,-1,-1,-1,-1,-1,-1,-1,-1,6,3,-1,-1,-1,-1,-1,-1,-1,-1
2018010263435,1,9,0,18,0,0,1,0,2,0,4,1,5,1,19,4,-1,-1,-1,1,1,1
2018010290668,1,4,0,18,0,0,0,0,0,0,4,1,6,1,23,5,398,1,13,3,1,3
2018010294475,1,97,0,18,0,0,0,0,0,0,1,1,6,1,-1,-1,-1,-1,-1,-1,-1,-1
2018010294475,2,19,0,18,0,0,0,0,0,0,1,1,6,1,30,6,1995,2,1,4,1,4
2018010306844,1,1,0,18,0,0,5,0,0,0,1,1,6,1,-1,-1,-1,-1,-1,4,1,4
2018010306844,2,9,0,18,0,0,0,0,0,0,4,1,6,2,-1,-1,-1,-1,-1,10,3,10
2018010307468,1,9,0,18,0,0,0,0,0,0,1,1,1,1,30,6,1598,1,13,-1,-1,-1
2018010307468,2,9,0,18,0,0,0,0,0,0,1,1,6,1,26,6,1200,1,1,-1,1,-1
2018010327641,1,9,0,18,0,0,0,0,1,0,4,1,6,1,16,4,2793,1,20,10,1,10
2018010331848,1,1,0,18,0,0,0,0,0,0,1,1,6,1,18,4,-1,-1,-1,-1,1,-1
2018010331848,2,9,0,18,0,0,0,0,0,0,2,1,1,1,66,10,-1,-1,-1,-1,1,-1
2018010334254,1,3,0,3,0,0,0,0,0,0,3,1,2,2,38,7,124,1,4,-1,1,-1
2018010334254,2,4,0,18,0,0,0,0,0,0,4,1,2,1,53,8,-1,-1,-1,-1,1,-1
2018010803443,1,1,0,15,0,0,0,0,0,0,3,1,2,1,27,6,-1,-1,-1,-1,1,-1
2018010803443,2,19,0,18,0,0,0,0,0,0,4,1,1,1,40,7,2198,2,4,-1,-1,-1
2018010805302,1,19,0,18,0,0,0,0,0,0,1,1,1,1,40,7,2198,2,5,-1,-1,-1
2018010805302,2,1,0,18,0,0,0,0,0,0,2,1,2,1,27,6,-1,-1,-1,-1,1,-1
2018010901255,1,9,0,18,0,0,0,0,0,0,1,1,6,1,48,8,1896,2,17,3,1,3
201801T266389,1,8,0,5,0,2,0,0,0,0,0,1,1,1,40,7,1997,2,6,-1,1,-1
201801T271905,1,8,0,2,0,2,0,0,0,0,0,1,1,1,50,8,-1,-1,-1,-1,-1,-1
201801T274868,1,11,0,18,0,1,0,0,0,0,2,1,1,1,38,7,4500,2,2,-1,1,-1
201801T274868,2,20,0,18,0,1,1,0,0,0,1,1,1,1,30,6,2198,2,3,-1,1,-1
201801T278015,1,1,0,18,0,0,0,0,0,0,1,1,2,1,48,8,-1,-1,-1,-1,1,-1
201801T278015,2,1,0,18,0,0,0,0,0,0,1,1,2,1,27,6,-1,-1,-1,-1,1,-1
201801T284840,1,9,0,17,0,0,0,0,0,0,1,1,5,2,47,8,1968,2,3,3,1,3
201801T284840,2,9,0,18,0,0,0,0,0,0,1,1,1,1,42,7,1968,2,4,3,1,3
201801T298702,1,8,0,18,0,8,0,0,0,0,1,1,1,1,43,7,1797,8,7,-1,1,-1
201801T298702,2,8,0,18,0,8,0,0,0,0,1,1,1,1,52,8,2499,2,4,-1,-1,-1
201801T331275,1,9,0,7,0,8,1,0,0,0,3,1,6,2,35,6,1390,1,8,3,1,3
201801T331275,2,9,0,18,0,1,0,0,0,0,3,1,1,1,57,9,1496,2,1,6,1,6
201801T803290,1,9,0,18,0,0,1,4,0,0,4,1,5,1,22,5,1995,2,4,2,1,2
201801T803290,2,9,0,2,0,0,0,0,0,0,3,1,6,3,-1,-1,-1,-1,-1,-1,-1,-1
201801T803290,3,9,0,2,0,0,0,0,0,0,3,1,6,3,-1,-1,-1,-1,-1,-1,-1,-1
201801T803290,4,9,0,2,0,0,0,0,0,0,3,1,6,3,-1,-1,-1,-1,-1,-1,-1,-1
201801T803290,5,9,0,4,0,0,0,0,0,0,0,1,1,1,40,7,2993,2,-1,7,1,7
201801T803290,6,9,0,4,0,0,0,0,0,0,0,1,1,1,48,8,2993,2,2,-1,-1,-1
201801T803290,7,9,0,4,0,0,0,0,0,0,0,1,1,1,50,8,1997,2,5,8,3,8
201801T803290,8,9,0,18,0,0,0,0,0,0,0,1,2,1,41,7,2993,2,2,9,1,9
201801T804759,1,9,0,18,0,0,0,0,7,0,1,1,6,1,31,6,1995,2,6,5,1,5
201801T811221,1,19,0,5,0,1,0,0,0,0,1,1,1,1,31,6,-1,-1,-1,-1,1,-1
201801T811221,2,5,0,5,0,1,0,0,0,0,2,1,2,1,50,8,750,1,8,-1,1,-1
201801T815802,1,21,0,5,0,1,0,0,0,0,1,1,1,1,38,7,6370,2,7,-1,1,-1
201801T815802,2,3,0,5,0,1,0,0,0,0,2,1,1,1,24,5,125,1,13,-1,1,-1
201801T820380,1,8,0,2,0,0,0,0,0,0,4,1,1,1,50,8,-1,-1,-1,-1,-1,-1
201801T820380,2,1,0,18,0,0,0,0,0,0,3,1,2,1,30,6,-1,-1,-1,-1,1,-1
201801T820386,1,1,0,18,0,0,0,0,0,0,3,1,5,1,23,5,-1,-1,-1,-1,1,-1
201801T820386,2,9,0,3,0,0,0,0,0,0,4,1,5,1,34,6,1339,8,8,-1,1,-1
2018030257877,1,9,0,18,0,0,0,0,8,4,1,1,5,2,30,6,-1,-1,-1,-1,3,-1
2018030257891,1,9,0,16,0,0,5,0,1,11,1,1,6,1,23,5,1997,2,3,4,3,4
2018030257929,1,9,0,17,0,0,2,0,0,0,3,1,5,1,24,5,1896,2,12,3,2,3
2018030257950,1,98,0,18,0,0,0,0,8,11,1,1,6,1,33,6,-1,-1,-1,6,3,6
2018030257950,2,9,0,18,0,0,0,0,0,0,2,1,6,1,54,8,-1,-1,-1,7,-1,7
2018030258368,1,9,0,13,0,0,2,0,2,0,1,1,5,1,36,7,2183,2,6,2,1,2
2018030258452,1,8,0,1,0,0,0,0,0,0,0,1,1,1,-1,-1,1896,2,8,4,2,4
2018030258501,1,9,0,18,0,0,0,0,0,0,1,1,6,2,76,11,998,1,5,10,1,10
2018030258501,2,9,0,18,0,0,0,0,0,0,4,1,6,3,50,8,1199,1,15,2,1,2
2018030258853,1,21,0,18,0,0,1,0,1,0,1,1,6,1,67,10,4461,2,6,-1,-1,-1
2018030258853,2,9,0,4,0,0,0,0,7,0,2,1,6,1,30,6,1999,1,3,-1,-1,-1
2018030258853,3,9,0,4,0,0,0,0,0,0,2,1,6,2,57,9,1329,1,3,-1,3,-1
2018030258853,4,9,0,4,0,0,0,0,0,0,2,1,6,2,50,8,1586,1,3,-1,3,-1
2018030258853,5,9,0,4,0,0,0,0,0,0,2,1,6,2,42,7,996,1,7,2,2,2
2018030258853,6,9,0,4,0,0,0,0,0,0,0,1,6,1,51,8,2993,2,7,-1,1,-1
2018030258926,1,9,0,18,0,0,1,0,1,4,1,1,2,1,20,4,1248,2,13,5,3,5
2018030258990,1,9,0,9,0,6,0,0,0,0,1,1,5,1,73,10,1395,1,2,7,3,7
2018030258990,2,9,0,18,0,1,1,0,0,0,1,1,5,1,43,7,3200,1,10,6,2,6