Accident_Index,Vehicle_Reference,Vehicle_Type,Towing_and_Articulation,Vehicle_Manoeuvre,Vehicle_Location-Restricted_Lane,Junction_Location,Skidding_and_Overturning,Hit_Object_in_Carriageway,Vehicle_Leaving_Carriageway,Hit_Object_off_Carriageway,1st_Point_of_Impact,Was_Vehicle_Left_Hand_Drive?,Journey_Purpose_of_Driver,Sex_of_Driver,Age_of_Driver,Age_Band_of_Driver,Engine_Capacity_(CC),Propulsion_Code,Age_of_Vehicle,Driver_IMD_Decile,Driver_Home_Area_Type,Vehicle_IMD_Decile
2018030259015,1,9,0,18,0,0,0,0,0,0,4,1,6,1,78,11,1000,1,4,5,1,5
2018030259021,1,9,0,18,0,0,0,0,1,0,1,1,5,2,17,4,-1,-1,-1,4,2,4
2018030259021,2,9,0,18,0,0,0,4,0,0,2,1,5,1,-1,-1,1582,2,10,10,1,10
2018030259107,1,21,0,9,0,6,0,0,7,1,1,1,1,1,29,6,6692,2,6,8,1,8
2018030259107,2,19,0,18,0,8,0,0,0,0,1,1,1,1,49,8,2198,2,7,6,2,6
2018030259247,1,9,0,18,0,0,0,0,1,0,4,1,5,2,69,10,1560,2,5,6,3,6
2018030259247,2,16,0,18,0,0,0,0,0,0,2,1,5,1,25,5,-1,-1,-1,6,3,6
2018030259328,1,9,0,7,0,5,0,0,0,0,4,1,2,2,65,9,1560,2,3,9,1,9
2018030259328,2,1,0,18,0,1,0,0,0,0,4,1,2,1,57,9,-1,-1,-1,7,3,7
2018030259389,1,9,0,18,0,0,0,0,0,0,1,1,5,2,37,7,1242,1,11,-1,-1,-1
2018030259389,2,1,0,18,0,0,0,0,0,0,0,1,5,2,13,3,-1,-1,-1,4,1,4
2018030259423,1,9,0,18,0,0,0,0,0,0,1,1,5,2,73,10,1398,1,3,8,1,8
2018030259423,2,9,0,10,0,0,0,0,0,0,2,1,5,1,-1,-1,1198,1,4,5,1,5
2018030259488,1,9,0,5,0,4,0,0,0,0,1,1,6,1,-1,-1,2231,2,9,1,1,1
2018030259488,2,1,0,18,0,3,0,0,0,0,4,1,2,1,49,8,-1,-1,-1,9,1,9
2018030260757,1,9,0,18,0,8,0,0,0,0,1,1,6,1,25,5,1998,1,11,3,1,3
2018030260757,2,9,0,18,0,8,0,0,0,0,1,1,1,1,55,8,1598,2,7,3,1,3
2018030260757,3,9,0,18,0,8,0,0,0,0,2,1,5,1,-1,-1,1956,2,4,1,1,1
2018030260830,1,9,0,3,0,1,0,0,0,0,1,1,2,2,58,9,999,1,13,7,2,7
2018030260830,2,9,0,3,0,1,0,0,0,0,2,1,2,2,24,5,999,1,3,7,2,7
2018030260860,1,19,0,13,0,0,0,0,1,0,1,1,6,1,67,10,-1,-1,-1,1,1,1
2018030260860,2,21,0,18,0,0,0,0,0,0,0,1,6,3,-1,-1,-1,-1,-1,-1,-1,-1
2018030260860,3,9,0,18,0,0,0,0,1,0,3,1,6,2,28,6,1198,1,11,8,1,8
2018030260948,1,9,0,18,0,8,0,0,0,0,1,1,6,1,24,5,1248,1,8,8,1,8
2018030261100,1,9,0,18,0,1,0,0,0,0,1,1,6,2,60,9,2198,2,4,5,3,5
2018030261100,2,9,0,10,0,1,0,0,0,0,2,1,6,1,20,4,2143,2,6,6,1,6
2018030261145,1,9,0,18,0,0,0,0,0,0,1,1,5,1,20,4,1229,1,10,4,2,4
2018030261145,2,19,0,9,0,0,0,0,0,0,3,1,1,2,54,8,2198,2,6,6,3,6
2018030261153,1,19,0,3,0,0,0,0,0,0,1,1,6,1,45,7,1997,2,15,7,3,7
2018030261153,2,9,0,3,0,0,0,0,0,0,2,1,6,1,51,8,1995,2,15,2,2,2
2018030261153,3,19,0,3,0,0,0,0,0,0,2,1,6,1,48,8,-1,-1,-1,-1,3,-1
2018030261153,4,9,0,3,0,0,0,0,0,0,2,1,6,1,62,9,1995,2,2,2,2,2
2018030261153,5,9,0,3,0,0,0,0,0,0,0,1,6,1,32,6,1999,1,16,-1,-1,-1
2018030261182,1,9,0,18,0,0,1,0,2,1,1,1,6,1,67,10,1395,1,2,1,1,1
2018030261182,2,9,2,18,0,0,0,0,0,0,2,1,1,1,44,7,-1,-1,-1,2,2,2
2018030261189,1,9,0,18,0,0,0,0,0,0,1,1,5,2,30,6,1968,2,6,3,1,3
2018030261216,1,9,0,12,0,3,0,0,0,0,1,1,5,1,22,5,1360,1,9,5,3,5
2018030261216,2,9,0,11,0,3,0,10,0,0,1,1,5,2,22,5,1198,1,5,6,2,6
2018030261220,1,9,0,6,0,8,0,0,0,0,3,1,6,1,37,7,1796,1,14,4,1,4
2018030261220,2,9,0,7,0,8,0,0,0,0,3,1,5,1,28,6,1149,1,15,-1,3,-1
2018030261237,1,5,0,18,0,0,5,0,0,0,4,1,5,1,62,9,749,1,7,6,3,6
2018030261264,1,9,0,18,0,0,0,0,0,0,1,1,2,1,58,9,2204,2,11,7,2,7
2018030261287,1,9,0,18,0,0,0,0,0,0,1,1,5,2,72,10,996,1,2,2,3,2
2018030261287,2,9,0,18,0,0,0,0,0,0,3,1,5,1,47,8,998,1,3,4,1,4
2018030261287,3,9,0,18,0,0,1,0,1,11,3,1,5,2,22,5,1560,2,4,1,1,1
2018030261292,1,9,0,1,0,0,0,0,0,0,2,1,1,1,63,9,1598,2,4,9,1,9
2018030261340,1,9,0,18,0,8,1,0,0,0,3,1,5,1,63,9,1598,2,7,10,3,10
2018030261340,2,9,0,18,0,8,0,0,0,0,3,1,1,1,60,9,2499,2,14,5,3,5
2018030261369,1,9,0,9,0,6,0,0,0,0,1,1,6,2,26,6,1390,1,15,9,2,9
2018030261410,1,9,0,16,0,0,2,0,0,0,1,1,6,1,47,8,-1,-1,-1,8,2,8
2018030261625,1,9,0,18,0,0,0,0,5,0,1,1,6,1,-1,-1,2967,2,11,9,2,9
2018030261625,2,9,0,18,0,0,0,0,5,0,1,1,6,2,32,6,1422,2,2,4,1,4
2018030261625,3,9,0,18,0,0,0,0,1,0,1,1,6,1,31,6,2435,1,17,-1,1,-1
2018030261625,4,21,1,18,6,0,0,0,0,0,1,1,1,3,-1,-1,12740,2,3,-1,-1,-1
2018030261625,5,19,0,18,0,0,0,0,0,0,1,1,6,1,35,6,2298,2,3,-1,-1,-1
2018030261625,6,9,0,18,0,0,0,0,0,0,1,1,6,1,27,6,1364,1,11,2,1,2
2018030261625,7,9,0,18,0,0,0,0,0,0,1,1,6,2,42,7,1560,2,7,3,1,3
2018030261625,8,19,0,18,0,0,0,0,0,0,1,1,6,3,23,5,1995,2,1,-1,2,-1
2018030261698,1,9,0,7,0,0,0,0,3,11,1,1,5,1,69,10,1999,2,1,6,3,6
2018030261698,2,9,0,18,0,0,0,0,0,0,4,1,5,1,55,8,2143,2,1,6,3,6
2018030262723,1,9,0,11,0,0,1,0,2,11,1,1,5,2,25,5,2148,2,14,1,1,1
2018030262760,1,9,0,9,0,5,0,0,0,0,4,1,5,2,65,9,1995,2,1,10,2,10
2018030262760,2,3,0,18,0,1,0,0,0,0,1,1,5,1,52,8,396,1,36,6,3,6
2018030262812,1,9,0,18,0,0,0,0,0,0,1,1,5,1,31,6,1995,2,14,5,3,5
2018030262812,2,9,0,1,0,0,0,0,0,0,2,1,5,1,37,7,1781,1,14,5,1,5
2018030262845,1,9,0,18,0,0,0,0,7,10,1,1,6,2,79,11,998,1,2,5,3,5
2018030262849,1,9,0,18,0,1,0,0,0,0,1,1,6,3,-1,-1,-1,-1,-1,-1,-1,-1
2018030262849,2,9,0,7,0,5,0,0,0,0,2,1,1,1,50,8,1968,2,1,5,3,5
2018030262921,1,19,0,18,0,6,0,0,0,0,3,1,1,1,35,6,1560,2,1,3,-1,3
2018030262921,2,9,0,18,0,1,0,0,0,0,1,1,6,1,60,9,1956,2,3,8,2,8
2018030262955,1,9,0,18,0,0,0,0,0,0,1,1,5,2,70,10,1586,1,3,4,3,4
2018030262955,2,9,0,2,6,0,0,0,0,0,1,1,6,1,64,9,1368,1,2,10,3,10
2018030263170,1,9,0,18,0,8,1,0,0,0,1,1,6,1,62,9,998,1,4,7,1,7
2018030263170,2,9,0,10,0,5,0,0,0,0,2,1,6,1,41,7,1560,2,5,4,2,4
2018030263221,1,9,0,18,0,0,0,10,7,10,1,1,6,1,74,10,1596,1,10,4,3,4
2018030263255,1,9,0,7,0,5,0,0,0,0,4,1,1,1,32,6,1461,2,6,8,2,8
2018030263255,2,1,0,18,0,1,0,0,0,0,3,1,6,1,52,8,-1,-1,-1,-1,-1,-1
2018030263307,1,19,0,16,0,0,5,0,7,4,1,1,5,1,19,4,1686,2,16,6,3,6
2018030264584,1,21,1,11,0,0,0,0,0,0,4,1,1,1,47,8,13000,2,10,7,2,7
2018030264584,2,9,0,18,0,0,1,0,0,0,3,1,5,2,79,11,1493,2,12,7,3,7
2018030264746,1,9,0,18,0,0,0,0,0,0,1,1,5,1,80,11,1998,1,23,8,3,8
2018030264746,2,9,0,3,0,0,0,0,0,0,2,1,5,2,36,7,1598,2,2,7,3,7
2018030264895,1,9,0,9,0,8,0,0,0,0,1,1,6,2,57,9,1956,2,4,5,2,5
2018030264895,2,8,0,18,0,8,0,0,0,0,1,1,1,1,26,6,1968,2,1,2,1,2
2018030264974,1,21,0,18,0,8,1,0,0,0,1,1,2,1,48,8,-1,-1,-1,4,3,4
2018030264974,2,9,0,10,0,2,0,0,0,0,0,1,2,1,40,7,-1,-1,-1,8,1,8
2018030264974,3,9,0,18,0,2,0,0,0,0,1,1,2,1,50,8,2143,2,5,2,1,2
2018030265245,1,9,0,18,0,0,0,0,0,0,4,1,6,1,58,9,1461,2,9,2,1,2
2018030265245,2,1,0,18,0,0,0,0,0,0,3,1,6,1,31,6,-1,-1,-1,3,1,3
2018030265377,1,9,0,18,0,0,0,8,0,0,4,1,6,2,83,11,1349,1,6,10,3,10
2018030265377,2,9,0,2,0,0,0,0,0,0,4,1,6,2,41,7,1591,1,1,7,2,7
2018030265514,1,9,0,9,0,6,0,0,0,0,3,1,6,2,22,5,1461,2,3,8,2,8
2018030265514,2,1,0,18,0,8,0,0,0,0,1,1,6,2,30,6,-1,-1,-1,2,1,2
2018030265534,1,9,0,18,0,1,0,0,0,0,1,1,5,2,18,4,1242,1,5,10,2,10
2018030265534,2,9,0,3,0,1,0,0,0,0,2,1,5,1,42,7,1956,2,5,8,1,8
2018030265580,1,9,0,1,0,6,0,0,7,0,2,1,5,1,27,6,1598,1,6,7,3,7
2018030265580,2,9,0,18,0,1,0,0,0,0,1,1,5,1,22,5,1390,1,11,4,1,4
2018030265613,1,9,0,18,0,0,0,0,0,0,1,1,6,2,24,5,1560,2,2,6,1,6
2018030265741,1,9,0,3,0,0,0,0,0,0,1,1,2,2,26,6,1896,2,16,-1,3,-1
2018030265741,2,9,0,5,0,0,0,0,0,0,2,1,1,1,56,9,-1,-1,-1,-1,2,-1
2018030265959,1,9,0,5,0,2,0,0,0,0,1,1,5,1,88,11,996,1,9,7,1,7
2018030265959,2,9,0,18,0,2,0,0,0,0,4,1,5,2,46,8,1685,2,2,-1,-1,-1
2018030265984,1,8,0,18,0,0,1,0,0,0,4,1,5,1,64,9,1896,2,8,6,2,6
2018030266076,1,9,0,9,0,1,0,0,0,0,3,1,5,1,31,6,1197,1,3,4,2,4
2018030266076,2,9,0,18,0,2,0,0,0,0,4,1,5,2,39,7,998,1,3,9,3,9
2018030266230,1,9,0,14,0,0,0,0,0,0,1,1,6,1,22,5,2993,2,9,7,3,7
2018030266325,1,9,0,14,0,0,1,0,1,0,1,1,5,2,47,8,1597,2,5,10,1,10
2018030266325,2,21,1,18,0,0,0,0,0,0,4,1,1,1,53,8,12902,2,1,-1,3,-1
2018030266381,1,9,0,18,0,0,1,0,1,0,1,1,6,2,60,9,1798,1,10,3,1,3
2018030267388,1,19,0,18,0,0,0,0,0,0,1,1,1,2,24,5,1995,2,1,3,2,3
2018030267388,2,9,0,2,0,0,0,0,0,0,1,1,6,1,54,8,1598,2,2,4,1,4
2018030267643,1,9,0,16,0,0,0,0,0,0,0,1,6,3,-1,-1,-1,-1,-1,-1,-1,-1
2018030267643,2,9,0,16,0,0,1,0,1,10,4,1,6,1,30,6,1998,1,4,2,1,2
2018030267660,1,9,0,18,0,1,0,0,0,0,1,1,5,1,24,5,1390,1,7,-1,-1,-1
2018030267660,2,9,0,18,0,1,0,0,0,0,3,1,5,1,63,9,1560,2,5,5,1,5
2018030267660,3,9,0,2,0,2,0,0,0,0,4,1,5,1,60,9,2902,2,12,5,1,5
2018030267679,1,9,0,18,0,0,2,0,7,10,1,1,5,1,21,5,1598,1,10,6,3,6
2018030267854,1,9,0,18,0,0,0,0,7,0,3,1,5,1,-1,-1,2776,2,13,7,3,7
2018030267854,2,9,4,18,0,0,0,0,0,0,3,1,1,1,23,5,-1,-1,-1,10,1,10
2018030267878,1,9,0,18,0,0,1,0,0,0,1,1,6,1,43,7,1597,2,3,2,2,2
2018030267878,2,9,0,18,0,0,0,0,0,0,2,1,6,2,55,8,1198,1,5,-1,3,-1
2018030267878,3,9,0,18,0,0,0,0,0,0,2,1,6,1,47,8,1598,2,5,-1,3,-1
2018030267938,1,9,0,13,0,0,1,0,1,0,1,1,6,1,23,5,2993,2,3,3,2,3
2018030267938,2,9,0,18,0,0,0,0,0,0,1,1,6,1,25,5,-1,-1,-1,-1,-1,-1
2018030267979,1,9,0,14,0,0,0,0,7,11,1,1,6,1,37,7,1398,1,7,-1,-1,-1
2018030267979,2,98,0,18,0,0,0,0,0,0,0,1,6,3,-1,-1,-1,-1,-1,-1,-1,-1
2018030267979,3,9,0,18,0,0,0,0,0,0,1,1,6,1,30,6,-1,-1,-1,4,2,4
2018030268049,1,9,0,18,0,2,0,0,0,0,1,1,6,1,22,5,1598,2,3,2,1,2
2018030268049,2,19,0,18,0,2,5,0,0,0,1,1,6,1,46,8,2402,2,10,4,3,4
2018030268070,1,9,0,18,0,1,0,0,0,0,1,1,6,1,79,11,1248,2,11,10,2,10
2018030268070,2,9,0,10,0,5,0,0,0,0,2,1,6,1,49,8,1390,1,14,7,3,7
2018030268097,1,9,0,18,0,0,0,0,0,0,1,1,1,1,32,6,1995,2,1,9,1,9
2018030268097,2,21,0,18,0,0,0,0,0,0,2,1,1,1,58,9,-1,-1,-1,5,3,5
2018030268136,1,5,0,16,0,0,1,10,0,0,3,1,5,1,59,9,1298,1,-1,5,3,5
2018030268158,1,9,0,18,0,0,0,0,0,0,1,1,5,2,49,8,1591,1,5,7,2,7
2018030268158,2,9,0,18,0,0,0,0,0,0,1,1,5,1,72,10,1560,2,5,6,2,6
2018030268158,3,9,0,18,0,0,0,0,0,0,1,1,5,2,36,7,1422,2,2,8,3,8
2018030268288,1,9,0,16,0,0,2,0,7,0,4,1,6,1,26,6,-1,-1,-1,-1,-1,-1
2018030268288,2,9,0,16,0,0,1,0,7,11,1,1,6,1,20,4,1560,2,8,5,3,5
2018030268326,1,9,0,18,0,0,0,0,0,0,1,1,6,1,67,10,1560,2,6,2,1,2
2018030268326,2,9,0,18,0,0,0,0,0,0,1,1,6,1,51,8,1598,1,9,1,1,1
2018030268326,3,9,0,9,0,0,0,0,0,0,2,1,6,1,59,9,1399,2,12,-1,-1,-1
2018030268392,1,19,0,9,0,0,0,0,0,0,3,1,1,1,46,8,-1,-1,-1,6,1,6
2018030268392,2,9,0,5,0,0,0,0,0,0,1,1,5,2,43,7,1586,1,15,3,1,3
2018030268416,1,9,0,18,0,0,1,0,0,0,0,1,2,2,20,4,-1,-1,-1,1,2,1
2018030268416,2,9,0,18,0,0,0,0,0,0,1,1,2,1,24,5,1368,1,3,5,3,5
2018030268416,3,19,4,18,0,0,0,0,0,0,1,1,1,1,42,7,1995,2,1,1,1,1
2018030269791,1,9,0,7,0,2,0,0,0,0,4,1,6,1,27,6,1910,2,13,2,1,2
2018030269791,2,8,0,18,0,8,0,0,0,0,1,1,1,1,54,8,1796,1,11,2,1,2
2018030269886,1,9,0,1,0,0,0,0,0,0,2,1,5,1,25,5,1896,2,14,6,3,6
2018030269942,1,9,0,18,0,0,2,0,1,7,1,1,1,1,35,6,2993,2,5,5,1,5
2018030269963,1,9,0,16,0,0,1,0,8,11,1,1,6,1,32,6,1896,2,16,4,1,4
2018030269979,1,9,0,18,0,0,0,0,0,0,3,1,5,1,25,5,1796,1,18,9,3,9
2018030270175,1,9,0,3,0,1,0,0,0,0,1,1,2,2,32,6,1685,2,3,4,2,4
2018030270175,2,9,0,18,0,1,1,0,0,0,1,1,2,1,29,6,1560,2,10,4,2,4
2018030270235,1,9,0,18,0,0,2,0,1,4,1,1,2,1,30,6,2000,2,14,8,3,8
2018030270253,1,9,0,18,0,0,1,0,1,10,1,1,5,1,29,6,-1,-1,-1,-1,2,-1
2018030270267,1,9,0,9,0,5,0,0,0,0,1,1,5,1,62,9,1560,2,5,3,3,3
2018030270270,1,19,0,18,0,0,5,0,7,11,1,1,1,1,51,8,2143,2,3,5,2,5
2018030270283,1,9,0,18,0,0,2,0,1,11,1,1,5,2,21,5,1398,1,8,3,1,3
2018030270295,1,9,0,9,0,6,0,0,0,0,1,1,5,2,31,6,1242,1,12,6,1,6
2018030270295,2,9,0,18,0,1,0,0,0,0,3,1,5,2,50,8,1582,2,10,8,2,8
2018030270322,1,9,0,9,0,5,0,0,0,0,4,1,6,2,57,9,2967,1,17,1,1,1
2018030270322,2,9,0,18,0,8,0,0,0,0,1,1,6,2,68,10,1368,1,-1,2,1,2
2018030270331,1,9,0,18,0,0,5,0,0,0,1,1,5,1,17,4,1397,1,7,7,3,7
2018030270337,1,9,0,18,0,0,0,0,0,0,1,1,2,1,43,7,1997,2,6,3,2,3
2018030270356,1,19,0,14,0,0,0,0,0,0,3,1,6,3,-1,-1,-1,-1,-1,-1,-1,-1
2018030270358,1,9,0,9,0,6,0,0,0,0,1,1,1,1,41,7,1686,2,6,5,2,5
2018030270358,2,1,0,18,0,8,0,0,0,0,1,1,4,1,14,3,-1,-1,-1,9,1,9
2018030270380,1,9,0,18,0,1,1,0,0,0,1,1,6,2,58,9,1360,1,11,4,1,4
2018030270380,2,9,0,8,0,1,0,0,0,0,2,1,6,2,27,6,1596,1,17,2,1,2
2018030270413,1,9,0,18,0,0,2,0,5,0,1,1,2,1,27,6,1995,2,12,-1,1,-1
2018030270413,2,9,0,18,0,0,0,11,0,0,1,1,6,1,36,7,-1,-1,-1,-1,-1,-1
2018030270433,1,21,0,18,0,4,0,0,0,0,1,1,1,1,63,9,12740,2,4,5,3,5
2018030270433,2,9,0,18,0,4,1,0,0,0,3,1,2,2,53,8,1461,2,4,8,1,8
2018030270556,1,9,0,18,0,0,0,0,0,0,1,1,5,1,79,11,1598,1,11,7,3,7
2018030270556,2,17,4,2,0,0,0,4,0,0,3,1,1,1,43,7,-1,2,23,7,3,7
2018030270589,1,9,0,18,0,0,1,11,1,6,1,1,1,2,27,6,1995,2,4,3,1,3
2018030270624,1,9,0,18,0,1,0,0,0,0,1,1,3,2,32,6,1598,1,9,7,3,7
2018030270682,1,1,0,5,0,0,0,0,0,0,1,1,5,1,10,2,-1,-1,-1,2,2,2
2018030270682,2,9,0,18,0,0,0,0,0,0,3,1,2,1,47,8,1499,2,5,6,1,6
2018030270716,1,9,0,17,0,0,1,0,0,0,1,1,6,1,28,6,2521,1,8,2,1,2
2018030270716,2,9,0,18,0,0,0,0,0,0,0,1,1,1,40,7,2993,2,3,8,1,8
2018030270948,1,9,0,17,0,8,0,0,0,0,1,1,5,2,62,9,1360,1,9,3,2,3
2018030270948,2,9,0,16,0,8,0,0,0,0,1,1,5,2,34,6,1997,2,4,7,3,7
2018030270969,1,9,0,9,0,0,0,0,0,0,3,1,6,1,34,6,-1,-1,-1,1,1,1
2018030270969,2,9,0,18,0,0,0,0,0,0,4,1,5,2,42,7,-1,-1,-1,8,1,8
2018030270969,3,19,0,2,0,0,0,0,0,0,4,1,6,1,-1,-1,1998,2,15,-1,-1,-1
2018030271357,1,9,0,18,0,0,0,0,0,0,2,1,6,2,39,7,1999,2,2,7,3,7
2018030271357,2,9,0,18,0,0,0,0,0,0,2,1,6,1,25,5,-1,-1,-1,4,2,4
2018030271357,3,9,0,18,0,0,0,0,0,0,2,1,6,2,30,6,1397,1,11,5,1,5
2018030271357,4,9,0,18,0,0,0,0,0,0,2,1,6,2,20,4,1798,1,5,9,3,9
2018030271397,1,9,0,8,0,0,0,0,0,0,1,1,1,2,62,9,1496,1,2,5,3,5
2018030271397,2,4,0,18,0,0,0,0,0,0,1,1,5,1,41,7,250,1,14,4,1,4
2018030271477,1,9,0,18,0,0,0,0,0,0,1,1,5,1,34,6,1560,2,6,1,1,1
2018030271495,1,9,0,18,0,0,1,10,0,0,1,1,2,1,39,7,1248,1,3,1,1,1
2018030271507,1,9,0,16,0,8,0,0,0,0,1,1,6,2,36,7,-1,-1,-1,5,1,5
2018030271507,2,9,0,4,0,8,0,0,0,0,2,1,6,1,27,6,1388,1,11,5,1,5
2018030271560,1,9,0,5,0,0,0,0,0,0,3,1,2,1,31,6,-1,-1,-1,3,1,3
2018030271560,2,1,0,18,0,0,0,0,0,0,1,1,6,1,52,8,-1,-1,-1,4,1,4
2018030271561,1,9,0,17,0,0,2,0,7,0,1,1,6,2,26,6,998,1,10,2,2,2
2018030271589,1,9,0,4,0,1,0,0,0,0,1,1,6,2,60,9,1399,1,12,5,1,5
2018030271589,2,9,0,3,0,1,0,0,0,0,2,1,1,2,62,9,-1,-1,-1,6,3,6
2018030271878,1,9,0,18,0,0,0,0,0,0,1,1,6,1,47,8,1798,1,10,3,1,3
2018030271878,2,9,0,4,0,0,0,0,0,0,0,1,6,2,58,9,999,1,1,6,3,6
2018030271924,1,9,0,5,0,0,0,0,0,0,1,1,6,2,74,10,1995,2,5,7,3,7
2018030271951,1,9,0,18,0,0,0,0,0,0,1,1,6,1,56,9,1242,1,8,1,1,1
2018030271951,2,9,0,18,0,0,0,0,0,0,2,1,6,1,40,7,1493,2,12,5,2,5
2018030271952,1,1,0,18,0,8,0,0,0,0,1,1,2,1,25,5,-1,-1,-1,5,1,5
2018030271952,2,9,0,7,0,8,0,0,0,0,1,1,5,2,24,5,1596,1,9,8,1,8
2018030271970,1,19,0,3,0,0,0,0,0,0,1,1,1,1,-1,-1,2198,2,10,2,1,2
2018030271970,2,9,0,5,0,0,0,0,0,0,0,1,6,2,48,8,1124,1,11,1,1,1
2018030272017,1,9,0,18,0,8,0,0,0,0,1,1,6,2,34,6,1991,1,2,8,3,8
2018030272017,2,4,0,9,0,8,0,0,0,0,1,1,6,1,44,7,124,1,11,3,1,3
2018030272065,1,9,0,18,0,0,5,0,2,4,1,1,5,1,78,11,1968,2,4,8,3,8
2018030272069,1,9,0,12,6,1,0,0,0,0,1,1,3,2,18,4,998,1,4,9,2,9
2018030273179,1,9,0,9,0,6,0,0,0,0,4,1,5,1,24,5,1149,1,10,8,1,8
2018030273179,2,11,0,4,0,1,0,0,0,0,1,1,1,1,25,5,4250,2,14,5,1,5
2018030273376,1,9,0,18,0,1,1,0,0,0,1,1,5,2,18,4,1198,1,10,7,1,7
2018030273376,2,9,0,18,0,1,1,0,0,0,4,1,5,2,38,7,1686,2,10,7,1,7
2018030273418,1,9,0,9,0,8,0,0,0,0,1,1,2,2,34,6,1598,1,8,1,1,1
2018030273647,1,9,0,17,0,0,5,0,0,0,1,1,5,1,18,4,-1,-1,-1,-1,-1,-1
2018030273647,2,9,0,16,0,0,0,0,0,0,1,1,5,1,53,8,1999,2,1,2,1,2
2018030273695,1,19,0,18,0,0,1,0,1,2,1,1,1,1,58,9,2198,2,2,8,1,8
2018030273705,1,9,0,16,0,0,0,0,0,0,1,1,5,2,36,7,2231,2,3,7,1,7
2018030273705,2,9,0,17,0,0,0,0,2,11,1,1,5,2,56,9,998,1,5,5,1,5
2018030273705,3,9,0,18,0,0,0,0,0,0,1,1,5,1,25,5,998,1,2,10,1,10
2018030273729,1,19,0,11,0,0,0,0,0,0,4,1,1,1,31,6,15607,2,8,-1,2,-1
2018030273729,2,9,0,18,0,0,0,0,0,0,3,1,1,2,41,7,1686,2,7,8,2,8
2018030273752,1,8,0,4,0,4,1,0,0,0,1,1,6,2,29,6,1598,2,1,3,1,3
2018030273752,2,9,0,4,0,4,0,0,0,0,0,1,6,2,46,8,1242,1,12,3,1,3
2018030273805,1,9,0,9,0,1,0,0,0,0,4,1,5,1,73,10,2435,1,15,5,3,5
2018030273805,2,1,0,9,0,1,0,0,0,0,4,1,5,2,17,4,-1,-1,-1,7,2,7
2018030273921,1,9,0,18,4,1,0,0,0,0,1,1,2,2,39,7,1968,2,6,6,2,6
2018030273921,2,1,0,18,0,1,0,0,0,0,3,1,2,1,59,9,-1,-1,-1,7,1,7
2018030273971,1,9,0,9,0,5,0,0,0,0,3,1,1,2,31,6,1796,1,17,5,1,5
2018030273971,2,1,0,3,0,1,0,0,0,0,1,1,5,1,17,4,-1,-1,-1,4,1,4
2018030274003,1,9,0,17,0,0,0,10,0,0,1,1,5,1,17,4,1368,1,14,1,1,1
2018030274025,1,19,0,14,0,1,0,0,0,0,1,1,5,1,52,8,2460,2,11,7,3,7
2018030274025,2,9,0,10,0,8,0,0,0,0,0,1,6,2,46,8,998,1,2,3,3,3
2018030274025,3,9,0,18,0,1,0,0,0,0,1,1,6,1,72,10,1984,1,1,5,3,5
2018030274053,1,9,0,18,0,0,0,0,0,0,1,1,5,2,-1,-1,1296,1,11,1,1,1
2018030274072,1,9,0,18,0,1,0,0,0,0,1,1,6,1,21,5,1900,2,12,6,3,6
2018030274124,1,9,0,17,0,0,1,4,0,0,1,1,5,1,67,10,-1,-1,-1,5,3,5
2018030274124,2,9,0,2,0,0,0,0,0,0,3,1,6,1,80,11,999,1,2,6,3,6
2018030274142,1,9,0,16,0,0,0,10,7,0,1,1,6,2,20,4,1229,1,10,2,1,2
2018030274185,1,9,0,5,0,1,0,0,0,0,3,1,6,1,46,8,1753,2,11,4,1,4
2018030274185,2,9,0,18,0,1,0,0,0,0,1,1,6,2,39,7,1242,1,9,1,1,1
2018030274203,1,9,0,18,0,0,0,0,7,11,1,1,5,2,56,9,1598,1,7,8,3,8
2018030274297,1,19,0,18,0,2,0,0,0,0,0,1,6,1,56,9,2402,2,9,4,3,4
2018030274376,1,9,0,14,0,0,0,4,0,0,1,1,1,2,18,4,1248,2,10,6,3,6
2018030274376,2,9,0,2,0,0,0,0,0,0,0,1,5,2,34,6,1461,2,7,3,2,3
2018030274490,1,9,0,9,0,6,0,0,0,0,1,1,6,1,72,10,2179,2,15,6,3,6
2018030274490,2,9,0,9,0,5,0,0,0,0,3,1,5,2,21,5,1582,2,1,6,3,6
2018030274520,1,9,0,4,0,1,1,0,0,0,1,1,5,1,19,4,1399,1,1,7,2,7
2018030274520,2,9,0,2,0,2,0,0,0,0,1,1,5,1,43,7,1398,1,6,1,1,1
2018030274703,1,9,0,5,0,0,0,0,0,0,4,1,5,2,19,4,1595,1,1,6,1,6
2018030274703,2,9,0,18,0,0,0,0,0,0,3,1,5,2,47,8,1461,2,7,2,1,2
2018030274722,1,9,0,17,0,0,1,7,7,7,2,1,5,1,22,5,2998,1,1,3,1,3
2018030274776,1,9,0,18,0,0,0,0,0,0,3,1,5,1,25,5,1798,1,20,7,3,7
2018030274776,2,9,0,18,0,0,0,0,0,0,3,1,5,1,66,10,999,1,3,4,3,4
2018030275114,1,9,0,9,0,0,0,0,0,0,3,1,1,2,53,8,2179,2,11,5,2,5