Accident_Index,Vehicle_Reference,Vehicle_Type,Towing_and_Articulation,Vehicle_Manoeuvre,Vehicle_Location-Restricted_Lane,Junction_Location,Skidding_and_Overturning,Hit_Object_in_Carriageway,Vehicle_Leaving_Carriageway,Hit_Object_off_Carriageway,1st_Point_of_Impact,Was_Vehicle_Left_Hand_Drive?,Journey_Purpose_of_Driver,Sex_of_Driver,Age_of_Driver,Age_Band_of_Driver,Engine_Capacity_(CC),Propulsion_Code,Age_of_Vehicle,Driver_IMD_Decile,Driver_Home_Area_Type,Vehicle_IMD_Decile
2018030275114,2,9,0,18,0,0,0,0,0,0,1,1,5,1,46,8,1596,1,7,8,1,8
2018030275163,1,19,0,10,0,0,0,0,0,0,1,1,6,1,57,9,2287,2,3,8,3,8
2018030275163,2,9,0,18,0,0,0,0,0,0,1,1,6,1,52,8,1200,1,1,5,1,5
2018030275199,1,9,0,18,0,0,0,0,0,0,1,1,2,1,22,5,1968,2,4,5,1,5
2018030275199,2,1,0,18,0,0,5,0,1,0,2,1,2,1,74,10,-1,-1,-1,7,2,7
2018030275237,1,9,0,17,0,0,1,0,2,11,1,1,6,1,62,9,1796,1,11,8,2,8
2018030275263,1,9,0,4,0,0,0,0,0,0,1,1,6,2,53,8,1364,1,9,5,1,5
2018030275263,2,9,0,3,0,0,0,0,0,0,2,1,6,2,25,5,999,1,1,9,1,9
2018030275263,3,9,0,3,0,0,0,0,0,0,2,1,6,2,46,8,1560,2,5,7,3,7
2018030275278,1,19,0,18,0,0,0,0,0,0,1,1,6,1,-1,-1,2143,2,1,3,1,3
2018030275278,2,9,0,18,0,0,0,0,0,0,2,1,6,1,26,6,1995,2,13,9,1,9
2018030275319,1,9,0,18,0,0,1,0,0,0,1,1,5,2,21,5,-1,-1,-1,6,3,6
2018030275319,2,9,0,18,0,0,1,0,0,0,1,1,5,2,45,7,1910,2,12,5,3,5
2018030275363,1,9,0,18,0,8,1,0,0,0,1,1,6,1,57,9,999,1,3,4,1,4
2018030275384,1,9,0,9,0,8,0,0,0,0,1,1,6,1,27,6,998,1,1,5,1,5
2018030275384,2,9,0,18,0,8,0,0,1,1,1,1,6,2,49,8,1328,1,8,3,3,3
2018030275440,1,9,0,9,0,5,0,0,0,0,3,1,6,1,23,5,1968,2,5,2,2,2
2018030275569,1,9,0,18,0,0,0,0,0,0,1,1,5,2,79,11,998,1,11,8,1,8
2018030275603,1,9,0,18,0,0,1,0,2,4,1,1,5,1,23,5,1910,2,11,1,1,1
2018030275616,1,19,0,18,0,0,1,0,1,0,1,1,1,1,46,8,2198,2,4,6,3,6
2018030275677,1,5,0,13,0,0,0,0,7,9,1,1,5,1,48,8,1052,1,25,2,1,2
2018030275677,2,9,0,8,0,0,0,0,0,0,3,1,5,2,18,4,999,1,1,8,3,8
2018030275713,1,9,0,18,0,0,0,0,0,0,4,1,5,1,36,7,996,1,8,4,2,4
2018030275735,1,9,0,1,9,0,0,0,0,0,3,1,3,1,19,4,1198,1,8,8,1,8
2018030275791,1,97,0,14,0,1,0,0,0,0,1,1,2,1,47,8,-1,-1,-1,4,1,4
2018030275791,2,9,-1,-1,-1,-1,-1,-1,-1,0,-1,1,6,2,46,8,-1,-1,-1,-1,3,-1
2018030275791,3,9,0,9,0,6,0,0,0,0,3,1,2,1,76,11,-1,-1,-1,3,1,3
2018030275870,1,9,0,5,0,0,0,0,0,0,1,1,6,1,58,9,4395,1,4,2,1,2
2018030275870,2,1,0,18,0,0,0,0,0,0,3,1,6,1,39,7,-1,-1,-1,5,1,5
2018030275890,1,9,0,9,0,2,0,0,0,0,0,1,5,2,78,11,-1,-1,-1,5,1,5
2018030275907,1,9,0,18,0,0,0,0,0,0,1,1,6,3,-1,-1,-1,-1,-1,-1,-1,-1
2018030275983,1,9,0,18,0,1,0,0,0,0,1,1,6,3,-1,-1,1197,1,2,-1,-1,-1
2018030275983,2,9,0,3,0,1,0,0,0,0,2,1,5,2,56,9,1149,1,11,1,1,1
2018030276010,1,9,0,17,0,0,1,0,7,11,4,1,5,1,34,6,1998,1,9,8,1,8
2018030276031,1,9,0,18,0,0,0,0,2,0,3,1,6,1,53,8,1120,2,6,5,3,5
2018030276031,2,9,0,18,0,0,0,0,0,0,3,1,6,2,27,6,1248,2,6,7,3,7
2018030276032,1,9,0,3,0,0,1,0,0,0,1,1,5,1,27,6,1910,2,13,2,3,2
2018030276032,2,9,0,3,0,0,1,0,0,0,1,1,2,2,34,6,1388,1,6,3,1,3
2018030276032,3,19,0,3,0,0,1,0,0,0,1,1,5,1,66,10,1560,2,1,-1,1,-1
2018030276055,1,9,0,16,0,0,5,0,5,6,1,1,5,1,23,5,-1,-1,-1,6,3,6
2018030276067,1,9,0,18,0,0,0,0,0,0,1,1,5,2,25,5,1995,2,7,5,1,5
2018030276067,2,9,0,18,0,0,0,0,0,0,2,1,5,2,32,6,1968,2,5,-1,3,-1
2018030276077,1,9,0,17,0,0,0,4,0,0,3,1,6,1,34,6,2993,2,14,4,1,4
2018030276077,2,9,0,2,0,0,0,0,0,0,0,1,6,1,-1,-1,1587,1,13,-1,-1,-1
2018030276091,1,9,0,18,0,0,1,0,1,10,1,1,1,1,23,5,1461,2,2,5,3,5
2018030276106,1,9,0,18,0,1,0,0,0,0,1,1,5,1,21,5,1390,1,11,3,1,3
2018030276106,2,9,0,9,0,5,0,0,0,0,2,1,5,2,47,8,1560,2,4,6,2,6
2018030276108,1,9,0,9,0,1,0,0,0,0,1,1,5,1,60,9,-1,-1,-1,6,3,6
2018030276108,2,9,0,18,0,1,0,0,0,0,1,1,2,1,59,9,-1,-1,-1,6,3,6
2018030276124,1,1,0,18,0,0,2,0,1,0,4,1,2,1,62,9,-1,-1,-1,8,2,8
2018030276137,1,9,0,18,9,0,0,0,0,0,1,1,6,2,72,10,1242,1,6,4,1,4
2018030276169,1,9,0,18,0,0,0,0,0,0,4,1,6,1,50,8,1997,2,12,4,1,4
2018030276177,1,9,0,5,0,0,0,0,0,0,1,1,5,2,17,4,1598,2,2,1,2,1
2018030276186,1,5,0,18,0,0,0,0,0,0,1,1,5,1,40,7,650,1,-1,7,2,7
2018030276186,2,9,0,18,0,0,0,0,0,0,0,1,6,3,-1,-1,-1,-1,-1,-1,-1,-1
2018030276193,1,9,0,10,0,0,0,0,0,0,4,1,6,1,-1,-1,1995,2,4,5,1,5
2018030276193,2,11,0,15,0,0,0,0,0,0,3,1,5,1,52,8,4249,2,3,5,1,5
2018030276233,1,9,0,18,0,1,0,0,7,10,3,1,5,1,79,11,1596,1,5,-1,-1,-1
2018030276233,2,9,0,18,0,2,0,0,0,0,3,1,5,2,51,8,1560,2,9,8,3,8
2018030276243,1,19,0,17,0,0,0,0,0,0,3,1,1,1,55,8,2198,2,4,5,1,5
2018030276243,2,9,0,16,0,0,0,0,0,0,1,1,1,1,43,7,1242,1,3,6,2,6
2018030276250,1,9,0,18,0,8,0,0,0,0,1,1,6,1,61,9,1995,2,2,2,1,2
2018030276250,2,9,0,18,0,8,0,0,0,0,3,1,6,2,17,4,1242,1,5,1,1,1
2018030277174,1,9,0,9,0,1,0,0,0,0,1,1,1,2,27,6,1396,1,18,4,2,4
2018030277174,2,9,0,18,0,1,0,0,0,0,1,1,1,2,49,8,1198,1,5,3,3,3
2018030277208,1,9,0,1,0,0,0,0,0,0,2,1,2,2,26,6,1242,1,15,8,1,8
2018030277208,2,9,0,2,0,0,0,0,0,0,3,1,2,2,50,8,998,1,2,6,1,6
2018030277301,1,9,0,18,0,0,0,0,0,0,1,1,5,1,43,7,1968,2,8,9,3,9
2018030277416,1,9,0,18,0,1,0,0,7,11,1,1,5,1,33,6,1587,1,13,4,3,4
2018030277416,2,17,4,8,0,1,0,0,0,0,1,1,1,1,54,8,-1,2,26,4,3,4
2018030277416,3,9,0,18,0,1,0,0,0,0,0,1,5,2,35,6,1461,2,2,7,-1,7
2018030277416,4,21,1,18,0,1,0,0,0,0,0,1,1,1,54,8,12902,2,5,5,1,5
2018030277468,1,9,0,5,0,6,0,0,0,0,1,1,2,1,46,8,1988,1,1,6,2,6
2018030277468,2,1,0,17,0,7,0,0,0,0,4,1,2,1,41,7,-1,-1,-1,6,3,6
2018030277630,1,9,0,9,0,8,0,0,0,0,1,1,2,1,72,10,-1,-1,-1,5,3,5
2018030277630,2,9,0,18,0,1,0,0,0,0,1,1,6,2,34,6,1997,2,9,5,3,5
2018030277658,1,21,1,18,0,0,0,0,0,0,1,1,1,1,42,7,-1,-1,-1,10,2,10
2018030277658,2,1,0,18,0,0,5,0,1,0,2,1,6,1,31,6,-1,-1,-1,-1,-1,-1
2018030277684,1,9,0,18,0,0,0,0,0,0,1,1,5,2,42,7,1997,2,3,5,1,5
2018030277684,2,21,1,18,0,0,0,0,0,0,3,1,1,1,72,10,12809,2,4,4,2,4
2018030277736,1,9,0,5,0,2,0,0,0,0,1,1,6,1,-1,-1,996,1,7,-1,-1,-1
2018030277736,2,1,0,18,0,1,0,0,0,0,1,1,6,1,48,8,-1,-1,-1,3,1,3
2018030277742,1,9,0,18,9,0,0,0,1,4,1,1,5,1,31,6,1968,2,4,3,2,3
2018030277747,1,9,0,18,0,0,1,0,0,0,1,1,1,1,26,6,2494,2,3,9,2,9
2018030277747,2,9,0,18,0,0,0,0,1,0,3,1,1,1,56,9,1560,2,3,7,1,7
2018030277747,3,9,0,18,0,0,0,0,7,0,1,1,5,2,49,8,1997,2,5,3,1,3
2018030277783,1,9,0,16,0,8,0,0,0,0,1,1,5,1,65,9,1560,2,-1,2,1,2
2018030277783,2,9,0,18,0,8,0,0,0,0,1,1,5,2,39,7,1240,1,13,1,1,1
2018030277789,1,9,0,15,0,0,0,0,0,0,1,1,5,1,76,11,1560,2,3,8,1,8
2018030277789,2,21,0,2,0,0,0,0,0,0,2,1,6,3,-1,-1,12419,2,7,-1,-1,-1
2018030277816,1,9,0,18,0,1,0,0,0,0,1,1,6,2,40,7,-1,-1,-1,6,3,6
2018030277816,2,9,0,18,0,5,0,0,1,0,3,1,1,2,63,9,1560,2,11,5,2,5
2018030277832,1,9,0,17,0,0,1,0,1,4,1,1,5,2,23,5,1399,2,11,2,1,2
2018030277868,1,1,0,9,0,0,0,0,0,0,4,1,6,1,34,6,-1,-1,-1,1,1,1
2018030277868,2,9,0,17,0,0,0,0,0,0,4,1,1,1,69,10,-1,-1,-1,4,1,4
2018030277938,1,9,0,4,0,0,1,0,0,0,1,1,1,1,37,7,2995,1,5,6,1,6
2018030277964,1,9,0,9,0,5,0,0,0,0,1,1,6,2,-1,-1,1299,1,15,5,1,5
2018030277964,2,1,0,18,0,8,0,0,0,0,1,1,6,1,53,8,-1,-1,-1,5,3,5
2018030277965,1,9,0,13,0,1,0,0,0,0,1,1,5,2,30,6,1396,1,19,9,2,9
2018030277965,2,9,0,2,0,1,0,0,0,0,0,1,6,2,-1,-1,1587,1,12,-1,-1,-1
2018030277965,3,9,0,2,0,1,0,0,0,0,0,1,6,1,-1,-1,1587,1,9,-1,-1,-1
2018030278079,1,9,0,6,0,0,0,0,0,0,3,1,5,2,33,6,1598,2,5,3,1,3
2018030278079,2,21,0,18,0,0,0,0,0,0,1,1,2,1,33,6,12900,2,10,8,3,8
2018030278100,1,19,0,18,0,0,1,0,0,0,1,1,1,1,30,6,1995,2,8,-1,-1,-1
2018030278100,2,19,0,3,0,0,0,0,0,0,2,1,1,1,30,6,2143,2,3,4,2,4
2018030278127,1,3,0,4,0,0,0,0,0,0,1,1,6,1,33,6,125,1,8,1,2,1
2018030278127,2,9,0,2,0,0,0,0,0,0,2,1,6,1,71,10,1781,1,28,1,2,1
2018030278132,1,9,0,18,0,0,2,0,8,1,1,1,1,2,25,5,1364,1,8,6,3,6
2018030278178,1,9,0,5,9,0,0,0,0,0,0,1,6,1,-1,-1,-1,-1,-1,-1,-1,-1
2018030278192,1,9,0,4,0,0,0,0,0,0,4,1,5,1,59,9,1398,1,5,4,2,4
2018030278206,1,9,0,18,0,0,0,0,0,0,1,1,6,2,27,6,998,1,5,1,1,1
2018030278206,2,9,0,10,0,0,0,0,0,0,2,1,6,2,53,8,1422,2,2,5,3,5
2018030278274,1,9,0,5,0,0,0,0,0,0,1,1,5,1,92,11,1329,1,4,5,3,5
2018030278274,2,9,0,18,0,0,0,0,0,0,4,1,5,2,57,9,1560,2,3,8,1,8
2018030278306,1,19,0,17,0,0,1,0,0,0,1,1,1,1,29,6,1896,2,13,7,1,7
2018030278306,2,9,0,18,0,0,0,0,1,10,1,1,2,1,39,7,1560,2,4,1,1,1
2018030278418,1,9,0,8,0,8,0,0,0,0,3,1,2,1,54,8,1198,1,3,2,1,2
2018030278418,2,1,0,18,0,8,0,0,0,0,4,1,2,1,58,9,-1,-1,-1,2,1,2
2018030278465,1,9,0,18,0,0,0,0,0,0,1,1,1,1,38,7,2143,2,-1,9,1,9
2018030278465,2,9,0,18,0,0,0,0,0,0,1,1,2,1,56,9,-1,-1,-1,2,1,2
2018030278476,1,9,0,18,0,0,1,0,8,0,1,1,5,1,35,6,1398,1,1,2,1,2
2018030279151,1,9,0,7,0,0,0,0,0,0,1,1,6,1,22,5,1968,2,15,6,1,6
2018030279151,2,9,0,18,0,0,0,0,0,0,1,1,6,2,54,8,-1,-1,-1,9,3,9
2018030279167,1,9,0,18,0,0,5,0,0,0,1,1,6,2,78,11,1197,1,1,1,1,1
2018030279167,2,9,0,2,0,0,0,0,0,0,0,1,6,2,-1,-1,1896,2,12,1,1,1
2018030279167,3,9,0,2,0,0,0,0,0,0,0,1,6,2,65,9,1399,1,11,1,1,1
2018030279167,4,9,0,2,0,0,0,0,0,0,0,1,6,1,76,11,1988,2,14,1,1,1
2018030279228,1,9,0,4,0,1,1,0,0,0,1,1,6,1,52,8,2179,2,4,9,3,9
2018030279228,2,9,0,4,0,1,0,0,0,0,1,1,6,1,-1,-1,1493,2,11,6,1,6
2018030279228,3,9,0,2,0,2,0,0,0,0,0,1,6,2,-1,-1,1248,2,12,-1,-1,-1
2018030279314,1,9,0,18,0,0,1,0,2,11,1,1,5,1,50,8,1995,2,2,4,1,4
2018030279357,1,5,0,18,0,0,0,0,0,0,2,1,6,1,27,6,599,1,13,1,2,1
2018030279357,2,19,0,18,0,0,0,0,0,0,0,1,6,1,38,7,1753,2,15,1,2,1
2018030279666,1,9,0,18,0,1,0,0,0,0,1,1,6,3,-1,-1,-1,-1,-1,-1,-1,-1
2018030279692,1,9,0,18,0,0,0,0,0,0,4,1,1,1,57,9,1896,2,9,2,1,2
2018030279703,1,9,0,9,0,0,0,0,0,0,3,1,3,1,43,7,1796,1,15,2,1,2
2018030279703,2,19,0,18,0,0,0,0,0,0,1,1,1,1,44,7,2143,2,4,8,1,8
2018030279710,1,11,0,7,0,5,0,0,0,0,0,1,5,1,22,5,-1,-1,-1,2,1,2
2018030279729,1,21,0,17,0,0,2,0,7,0,1,1,1,1,47,8,11705,2,14,10,3,10
2018030279729,2,9,0,16,0,0,0,0,1,0,1,1,1,1,44,7,-1,-1,-1,8,3,8
2018030279734,1,19,0,13,0,0,2,0,7,10,1,1,1,1,23,5,2198,2,3,6,1,6
2018030279767,1,9,0,18,0,6,0,0,0,0,1,1,1,1,59,9,1560,2,4,7,2,7
2018030279767,2,9,0,18,0,1,0,0,0,0,4,1,5,2,31,6,1685,2,2,7,1,7
2018030279768,1,9,0,5,0,0,0,0,0,0,2,1,6,2,41,7,1242,1,6,5,3,5
2018030279768,2,9,0,5,0,0,0,0,0,0,1,1,6,1,20,4,1229,1,7,9,1,9
2018030279768,3,9,0,5,0,0,0,0,0,0,1,1,6,2,49,8,1229,1,2,3,1,3
2018030279768,4,9,0,5,0,0,0,0,0,0,0,1,6,2,55,8,1991,2,7,1,1,1
2018030279788,1,5,0,17,0,0,5,0,1,0,1,1,5,1,53,8,865,1,8,5,1,5
2018030279788,2,5,0,17,0,0,5,0,1,0,1,1,5,1,51,8,900,1,1,8,1,8
2018030279825,1,9,0,18,0,1,0,0,0,0,1,1,5,2,66,10,1242,1,9,5,1,5
2018030279846,1,9,0,18,0,1,0,0,0,0,1,1,6,1,86,11,-1,-1,-1,5,3,5
2018030279846,2,1,0,9,0,1,0,0,0,0,2,1,4,1,16,4,-1,-1,-1,5,1,5
2018030279869,1,9,0,18,0,8,0,0,0,0,1,1,2,2,26,6,1339,1,6,-1,-1,-1
2018030279869,2,9,0,18,0,8,0,4,0,0,1,1,2,2,45,7,1328,1,12,3,2,3
2018030279869,3,9,0,2,0,2,0,0,0,0,2,1,6,2,51,8,1461,2,12,-1,-1,-1
2018030279907,1,9,0,18,0,1,0,0,0,0,0,1,6,2,51,8,1968,2,6,9,1,9
2018030279907,2,9,0,18,0,2,0,0,1,0,1,1,6,1,-1,-1,1598,2,3,7,3,7
2018030279907,3,19,0,18,0,2,0,0,1,0,1,1,1,1,48,8,1248,2,2,5,2,5
2018030279989,1,21,4,18,0,1,0,0,0,0,1,1,1,1,64,9,10837,2,5,-1,1,-1
2018030279989,2,9,0,10,0,1,0,0,7,0,2,1,5,1,24,5,1461,2,2,7,3,7
2018030279989,3,9,0,18,0,2,0,0,7,0,2,1,5,2,44,7,1591,1,10,10,3,10
2018030280408,1,19,0,1,0,0,0,0,0,0,2,1,1,1,27,6,2143,2,6,4,1,4
2018030280448,1,21,0,18,0,1,1,0,0,0,1,1,1,1,32,6,4580,2,10,-1,2,-1
2018030280448,2,9,0,18,0,1,0,0,0,0,1,1,5,1,65,9,1499,1,2,-1,3,-1
2018030280480,1,19,0,18,0,0,1,0,0,0,1,1,6,1,31,6,1248,2,4,-1,-1,-1
2018030280480,2,9,0,18,0,0,0,0,0,0,3,1,6,1,29,6,2979,1,-1,7,1,7
2018030280480,3,9,0,18,0,0,0,0,0,0,3,1,6,1,-1,-1,1995,2,3,9,1,9
2018030280480,4,9,0,18,0,0,0,0,0,0,3,1,6,2,34,6,1596,1,6,1,1,1
2018030280480,5,9,0,18,0,0,0,0,0,0,1,1,6,1,63,9,1598,1,4,3,1,3
2018030280480,6,9,0,18,0,0,0,0,0,0,1,1,6,1,49,8,1229,1,13,10,1,10
2018030280480,7,9,0,18,0,0,0,0,0,0,1,1,6,1,65,9,1598,2,1,6,1,6
2018030280480,8,9,0,18,0,0,0,0,0,0,1,1,6,1,31,6,1461,2,4,2,2,2
2018030280480,9,9,0,18,0,0,0,0,0,0,1,1,6,1,-1,-1,2993,2,-1,-1,2,-1
2018030280480,10,9,0,18,0,0,0,0,0,0,1,1,6,1,52,8,1499,2,1,7,3,7
2018030281164,1,19,0,18,0,0,0,0,0,0,4,1,5,1,58,9,2402,2,10,6,1,6
2018030281164,2,1,0,18,0,0,0,0,1,0,3,1,5,1,74,10,-1,-1,-1,9,3,9
2018030281173,1,9,0,16,0,0,0,0,0,0,1,1,6,3,-1,-1,-1,-1,-1,-1,-1,-1
2018030281204,1,19,0,18,0,0,0,0,0,0,4,1,1,1,25,5,-1,-1,-1,2,2,2
2018030281240,1,9,0,17,0,0,0,0,0,0,3,1,5,1,24,5,1390,1,12,2,1,2
2018030281240,2,9,0,16,0,0,0,0,0,0,3,1,5,1,19,4,1388,1,7,3,1,3
2018030281241,1,9,0,7,0,5,0,0,0,0,1,1,5,1,31,6,1896,2,25,-1,3,-1
2018030281293,1,9,0,18,0,2,1,0,1,0,1,1,6,2,50,8,1587,1,14,4,3,4
2018030281293,2,9,0,10,0,2,0,0,0,0,2,1,6,2,22,5,1598,2,4,5,1,5
2018030281299,1,5,0,17,0,0,0,0,1,0,1,1,5,1,52,8,600,1,11,7,2,7
2018030281331,1,9,0,7,0,6,0,0,0,0,2,1,6,2,66,10,1364,2,5,10,3,10
2018030281331,2,9,0,18,0,1,0,0,0,0,1,1,6,2,18,4,1229,1,3,5,1,5
2018030281360,1,9,0,18,0,0,0,0,0,0,0,1,6,3,-1,-1,-1,-1,-1,-1,-1,-1
2018030281360,2,11,0,18,0,0,0,0,0,0,0,1,1,3,-1,-1,4250,2,14,-1,-1,-1
2018030281362,1,9,0,18,0,0,0,0,0,0,1,1,6,1,22,5,1988,1,15,7,1,7
2018030281362,2,9,0,4,0,0,0,0,0,0,2,1,6,1,54,8,1968,2,6,9,1,9
2018030281435,1,9,0,17,0,0,0,0,0,0,1,1,6,1,36,7,1686,2,6,2,1,2
2018030281435,2,9,0,16,0,0,0,0,0,0,1,1,6,2,39,7,-1,-1,-1,9,1,9
2018030281449,1,9,0,9,0,2,0,0,0,0,1,1,6,2,62,9,1368,1,5,5,1,5
2018030281449,2,3,0,18,0,1,0,0,0,0,1,1,6,1,28,6,124,1,3,2,1,2
2018030281555,1,5,0,18,0,0,5,0,1,9,4,1,6,2,52,8,865,1,14,6,3,6
2018030281574,1,9,0,18,0,1,1,7,1,7,1,1,5,2,20,4,1798,1,10,5,1,5
2018030281669,1,9,0,9,0,1,0,0,0,0,1,1,6,2,51,8,-1,-1,-1,6,1,6
2018030281669,2,9,0,18,0,1,0,0,0,0,1,1,6,1,50,8,1896,2,14,6,3,6
2018030281669,3,9,0,18,0,1,0,0,0,0,1,1,6,1,55,8,2993,2,7,5,3,5
2018030281739,1,97,0,18,0,0,1,0,0,0,1,1,6,1,39,7,-1,-1,-1,1,1,1
2018030281739,2,98,1,18,0,0,0,0,0,0,1,1,6,1,44,7,-1,-1,-1,-1,-1,-1
2018030281739,3,9,0,18,0,0,1,0,0,0,1,1,6,1,26,6,1910,2,10,1,1,1
2018030281739,4,9,0,18,0,0,1,0,1,0,1,1,6,1,50,8,1950,2,1,7,1,7
2018030281739,5,21,1,18,0,0,1,0,0,0,1,1,6,1,56,9,10837,2,7,-1,-1,-1
2018030281739,6,98,1,18,0,0,1,0,0,0,1,1,6,1,32,6,-1,-1,-1,-1,-1,-1
2018030281771,1,19,0,18,0,1,0,0,0,0,1,1,6,1,32,6,2198,2,3,3,3,3
2018030281771,2,9,0,10,0,1,0,0,0,0,2,1,6,1,40,7,1956,2,7,9,1,9
2018030281771,3,9,0,18,0,1,0,0,0,0,1,1,6,2,-1,-1,1584,1,11,6,2,6
2018030281884,1,9,0,17,0,0,2,10,1,11,3,1,5,1,19,4,1598,2,6,7,3,7
2018030281893,1,9,0,6,0,0,0,0,0,0,3,1,5,2,63,9,1422,2,13,4,1,4
2018030281893,2,9,0,18,0,0,0,0,0,0,1,1,2,2,21,5,1360,1,11,7,3,7
2018030281938,1,9,0,17,0,0,5,0,1,9,1,1,6,1,28,6,1796,1,8,-1,-1,-1
2018030281951,1,98,0,18,0,0,0,0,0,0,0,1,6,3,-1,-1,-1,-1,-1,-1,-1,-1
2018030281951,2,9,0,18,0,0,0,11,0,0,1,1,1,1,48,8,1995,2,3,-1,1,-1
2018030282011,1,9,0,18,0,0,2,0,7,4,1,1,5,2,51,8,1229,1,3,9,1,9
2018030282036,1,9,0,9,0,1,0,0,0,0,1,1,6,1,58,9,2204,2,11,6,2,6
2018030282036,2,1,0,18,0,1,0,0,0,0,2,1,2,1,41,7,-1,-1,-1,6,3,6
2018030282061,1,9,0,16,0,0,0,0,0,0,1,1,5,2,66,10,1242,1,1,-1,1,-1
2018030282061,2,9,0,3,0,0,0,0,0,0,3,1,5,1,69,10,1968,2,3,5,3,5
2018030282086,1,9,0,18,0,2,0,0,0,0,4,1,6,1,-1,-1,1984,1,1,2,1,2
2018030282094,1,9,0,18,0,0,0,0,0,0,1,1,6,3,-1,-1,-1,-1,-1,-1,-1,-1
2018030282094,2,9,5,18,5,0,1,0,7,0,1,1,5,1,19,4,1390,1,13,-1,-1,-1
2018030282123,1,20,1,7,0,3,0,0,0,0,4,1,1,1,44,7,-1,-1,-1,-1,3,-1
2018030282123,2,1,0,12,0,4,0,0,0,0,1,1,5,1,71,10,-1,-1,-1,9,3,9
2018030282728,1,9,0,5,0,1,0,0,0,0,1,1,5,2,50,8,1461,2,1,7,1,7
2018030282728,2,9,0,4,0,1,0,0,0,0,2,1,5,2,31,6,1560,2,12,1,1,1
2018030282757,1,21,1,18,0,0,1,10,1,0,3,1,1,1,22,5,10677,2,2,5,1,5
2018030282757,2,21,1,18,0,0,0,0,1,0,1,1,1,1,72,10,10837,2,3,4,1,4
2018030282796,1,21,1,18,0,0,2,0,1,11,3,1,1,1,-1,-1,10308,2,5,1,1,1
2018030282796,2,21,1,18,0,0,1,0,1,11,4,1,1,1,54,8,12777,2,3,-1,2,-1
2018030282904,1,9,0,5,0,1,0,0,0,0,1,1,1,2,62,9,1598,1,12,5,3,5
2018030282904,2,1,0,18,0,2,0,0,0,0,1,1,6,2,61,9,-1,-1,-1,3,2,3
2018030283354,1,9,0,7,0,1,0,0,0,0,1,1,5,1,68,10,1997,2,2,3,1,3
2018030283412,1,9,0,13,0,2,0,0,0,0,1,1,5,2,46,8,-1,-1,-1,6,3,6
2018030283414,1,9,0,18,0,0,0,0,0,0,1,1,6,3,-1,-1,2979,1,5,-1,-1,-1
2018030283438,1,98,0,18,0,0,0,0,0,0,1,1,6,3,-1,-1,-1,-1,-1,-1,-1,-1
2018030283438,2,9,0,18,0,0,0,0,0,0,1,1,5,2,26,6,1360,1,12,4,3,4
2018030283446,1,9,0,7,0,2,0,0,0,0,1,1,1,2,33,6,1242,1,4,5,1,5
2018030283446,2,1,0,18,0,6,0,0,0,0,0,1,6,1,15,3,-1,-1,-1,-1,-1,-1
2018030283463,1,9,0,18,0,0,0,0,0,0,1,1,6,2,20,4,1242,1,7,6,3,6
2018030283463,2,9,0,18,0,0,0,0,0,0,2,1,6,2,29,6,1598,1,13,3,1,3
2018030283484,1,9,0,18,0,0,0,0,0,0,1,1,6,1,55,8,1149,1,17,7,2,7
2018030283484,2,9,0,10,0,0,0,0,0,0,2,1,6,2,46,8,1598,2,3,9,3,9
2018030283510,1,9,0,8,0,1,0,0,1,0,1,1,5,1,63,9,1968,2,3,5,3,5
2018030283510,2,98,0,18,0,1,0,0,0,0,1,1,1,1,33,6,-1,-1,-1,8,1,8
2018030283660,1,19,0,18,0,1,0,0,0,0,1,1,1,1,42,7,2198,2,5,5,1,5
2018030283660,2,17,4,7,0,5,0,0,0,0,2,1,1,1,42,7,4525,2,6,6,3,6
2018030283666,1,21,1,18,0,0,0,0,0,0,1,1,1,1,51,8,16400,2,3,-1,3,-1
2018030283666,2,17,0,9,0,0,2,0,7,0,3,1,1,1,22,5,-1,2,21,6,3,6
2018030283696,1,9,0,5,0,6,0,0,0,0,1,1,6,1,68,10,1360,1,15,3,1,3
2018030283696,2,9,0,9,0,1,0,0,0,0,4,1,6,1,67,10,1999,2,2,-1,-1,-1
2018030283701,1,9,0,4,0,0,0,0,0,0,3,1,3,2,45,7,1499,2,3,2,1,2
2018030283741,1,9,0,18,0,0,2,0,1,11,1,1,2,1,45,7,1598,1,17,1,1,1
2018030283787,1,9,0,18,0,0,1,0,2,0,1,1,6,1,47,8,1995,2,4,10,2,10
2018030283787,2,19,0,18,0,0,0,0,0,0,1,1,6,1,30,6,2151,2,15,1,1,1
2018030283787,3,9,0,18,0,0,0,0,0,0,1,1,6,1,67,10,1591,1,4,-1,3,-1
2018030283787,4,21,0,18,0,0,0,0,0,0,2,1,1,1,39,7,15607,2,6,8,2,8
2018030283787,5,9,0,18,0,0,0,0,0,0,4,1,6,1,32,6,2143,2,4,1,1,1
2018030283787,6,21,0,18,0,0,0,0,0,0,4,1,1,1,27,6,12777,2,3,2,1,2
2018030283787,7,9,0,18,0,0,0,0,0,0,4,1,6,1,56,9,1956,2,4,6,1,6
2018030283787,8,9,0,18,0,0,0,0,0,0,4,1,6,1,54,8,-1,-1,-1,5,1,5