Accident_Index,Vehicle_Reference,Vehicle_Type,Towing_and_Articulation,Vehicle_Manoeuvre,Vehicle_Location-Restricted_Lane,Junction_Location,Skidding_and_Overturning,Hit_Object_in_Carriageway,Vehicle_Leaving_Carriageway,Hit_Object_off_Carriageway,1st_Point_of_Impact,Was_Vehicle_Left_Hand_Drive?,Journey_Purpose_of_Driver,Sex_of_Driver,Age_of_Driver,Age_Band_of_Driver,Engine_Capacity_(CC),Propulsion_Code,Age_of_Vehicle,Driver_IMD_Decile,Driver_Home_Area_Type,Vehicle_IMD_Decile
2018030283787,9,9,0,18,0,0,1,0,0,0,1,1,6,1,73,10,1499,2,1,6,1,6
2018030283834,1,9,0,18,0,0,0,0,0,0,1,1,1,1,26,6,1422,2,16,1,2,1
2018030283834,2,9,0,9,0,0,0,0,0,0,3,1,5,2,20,4,999,1,1,8,1,8
2018030283860,1,1,0,18,0,0,0,0,0,0,1,1,2,2,28,6,-1,-1,-1,-1,-1,-1
2018030283860,2,9,0,18,0,0,0,0,0,0,1,1,6,1,49,8,1968,2,5,9,1,9
2018030283902,1,9,0,18,0,0,0,0,0,0,1,1,6,2,59,9,1753,2,10,-1,-1,-1
2018030283902,2,9,0,18,0,0,0,0,0,0,1,1,6,2,28,6,-1,-1,-1,-1,-1,-1
2018030283902,3,9,0,18,0,0,0,0,1,0,1,1,6,1,26,6,-1,-1,-1,-1,-1,-1
2018030283902,4,9,0,18,0,0,0,0,0,0,1,1,6,2,55,8,1197,1,3,9,2,9
2018030283971,1,9,0,18,0,1,1,0,1,0,1,1,5,2,33,6,2179,2,11,5,3,5
2018030283971,2,9,0,10,0,1,0,0,0,0,2,1,5,2,47,8,2148,2,13,-1,-1,-1
2018030283990,1,19,0,5,0,0,0,0,1,0,1,1,1,1,26,6,2198,2,5,8,3,8
2018030283990,2,9,0,5,0,0,0,0,1,0,1,1,5,2,62,9,1896,2,11,8,3,8
2018030284956,1,9,0,9,0,1,0,0,0,0,3,1,6,2,70,10,1422,2,15,8,1,8
2018030284956,2,9,0,18,0,1,0,0,0,0,1,1,6,2,-1,-1,1399,1,2,6,3,6
2018030284975,1,19,0,9,0,6,0,0,0,0,3,1,2,1,51,8,1560,2,3,7,1,7
2018030284975,2,9,0,7,0,1,0,0,0,0,1,1,2,1,27,6,-1,-1,-1,3,2,3
2018030285016,1,9,0,18,0,0,0,0,0,0,1,1,6,2,-1,-1,1390,1,13,2,3,2
2018030285016,2,9,0,9,0,0,0,0,0,0,2,1,6,1,50,8,1796,1,16,8,1,8
2018030285016,3,9,0,3,0,0,0,0,0,0,2,1,6,2,41,7,2993,2,-1,4,3,4
2018030285063,1,19,0,18,0,1,1,0,0,0,1,1,1,1,23,5,1968,2,5,5,1,5
2018030285063,2,19,0,4,0,1,0,0,0,0,2,1,1,1,59,9,2464,2,9,-1,1,-1
2018030285063,3,19,0,18,0,1,0,0,0,0,1,1,1,1,49,8,1499,2,-1,1,1,1
2018030285063,4,19,0,10,0,1,0,0,0,0,0,1,1,1,59,9,1870,2,14,-1,3,-1
2018030285158,1,9,0,18,0,2,0,0,1,0,4,1,5,1,45,7,1998,2,13,3,1,3
2018030285158,2,9,0,2,0,1,0,0,0,0,4,1,1,1,20,4,1499,2,3,1,1,1
2018030285158,3,19,0,10,0,1,0,0,0,0,0,1,5,1,37,7,1995,2,1,7,3,7
2018030285208,1,9,0,18,0,0,5,0,0,0,1,1,5,1,17,4,1229,1,5,5,3,5
2018030285224,1,9,0,18,0,8,0,0,0,0,1,1,5,2,52,8,1995,2,11,1,1,1
2018030285255,1,9,0,9,0,5,0,0,0,0,4,1,6,1,87,11,1198,1,2,4,1,4
2018030285255,2,3,0,7,0,5,0,0,0,0,3,1,6,1,17,4,124,1,5,1,1,1
2018030285341,1,9,0,7,9,0,0,0,0,0,1,1,5,1,82,11,1395,1,1,10,3,10
2018030285392,1,9,0,9,0,5,0,0,0,0,1,1,6,1,17,4,1299,1,13,5,1,5
2018030285392,2,5,0,18,0,8,0,0,0,0,1,1,6,2,53,8,522,1,33,8,1,8
2018030285514,1,9,0,17,0,0,0,0,7,10,1,1,5,2,18,4,1248,2,9,5,3,5
2018030285514,2,9,0,16,0,0,0,0,0,0,1,1,2,1,59,9,1984,1,-1,4,2,4
2018030285543,1,9,0,9,0,5,0,0,0,0,1,1,6,1,31,6,1560,2,5,4,1,4
2018030285543,2,9,0,18,0,8,0,0,0,0,1,1,5,1,56,9,-1,-1,-1,7,3,7
2018030285589,1,1,0,18,0,8,0,0,1,0,3,1,5,1,16,4,-1,-1,-1,6,3,6
2018030285589,2,9,0,4,0,8,0,0,0,0,4,1,5,1,-1,-1,1108,1,15,5,1,5
2018030285628,1,21,0,11,0,0,0,0,0,0,1,1,1,1,55,8,-1,-1,-1,-1,3,-1
2018030285628,2,21,1,18,0,0,0,0,0,0,2,1,1,1,48,8,12742,2,1,2,1,2
2018030285694,1,9,0,9,0,5,0,0,0,0,3,1,5,2,85,11,999,1,5,6,2,6
2018030285694,2,1,0,18,0,1,0,0,0,0,1,1,5,1,18,4,-1,-1,-1,7,2,7
2018030285697,1,9,0,18,0,1,0,0,0,0,1,1,5,1,48,8,1997,2,5,6,2,6
2018030285714,1,9,0,18,0,8,1,0,0,0,1,1,6,1,37,7,1999,1,11,-1,3,-1
2018030285714,2,9,0,9,0,1,1,0,0,0,2,1,6,2,29,6,1198,1,5,5,1,5
2018030285714,3,9,0,11,0,2,1,0,0,0,1,1,6,1,21,5,1900,2,11,7,3,7
2018030286517,1,19,0,18,0,0,0,0,0,0,1,1,2,2,73,10,-1,-1,-1,3,3,3
2018030286517,2,9,0,10,0,0,0,0,0,0,2,1,2,2,66,10,1388,1,12,2,2,2
2018030286517,3,19,0,18,0,0,0,0,0,0,4,1,2,1,22,5,1560,2,3,1,1,1
2018030286517,4,9,0,8,0,0,0,0,0,0,4,1,2,1,62,9,1587,1,13,1,1,1
2018030286544,1,19,0,18,0,0,0,0,0,0,1,1,1,1,34,6,9290,2,3,1,2,1
2018030286562,1,9,0,16,0,0,1,0,8,11,1,1,5,2,32,6,1896,2,13,1,1,1
2018030286562,2,9,0,17,0,0,0,0,0,0,0,1,5,2,30,6,1339,1,10,3,1,3
2018030286579,1,9,0,5,0,0,0,0,0,0,1,1,2,2,21,5,-1,-1,-1,9,3,9
2018030286769,1,9,0,18,0,0,0,0,0,0,3,1,6,1,61,9,1461,2,7,-1,-1,-1
2018030286789,1,5,0,18,0,0,0,0,0,0,0,1,5,1,51,8,1170,1,-1,7,1,7
2018030286810,1,9,0,1,0,0,0,0,0,0,2,1,6,2,53,8,999,1,6,5,2,5
2018030286810,2,9,0,4,0,0,0,0,0,0,1,1,6,1,50,8,1596,1,10,5,2,5
2018030286836,1,5,0,16,0,0,1,0,0,0,1,1,5,1,53,8,800,1,2,8,2,8
2018030286893,1,3,0,18,0,0,0,0,0,0,0,1,6,2,26,6,125,1,3,3,1,3
2018030287136,1,9,0,18,0,0,0,0,5,6,3,1,1,1,44,7,-1,-1,-1,10,1,10
2018030287147,1,19,0,18,0,0,5,0,2,7,1,1,1,1,59,9,2198,2,4,4,2,4
2018030287197,1,9,0,5,8,0,0,0,0,0,1,1,5,1,90,11,1229,1,8,8,3,8
2018030287197,2,9,0,18,0,0,0,0,0,0,4,1,2,2,41,7,-1,-1,-1,4,1,4
2018030287243,1,9,0,16,0,2,0,0,0,0,1,1,6,3,-1,-1,-1,-1,-1,-1,-1,-1
2018030287314,1,11,0,17,0,1,0,0,0,0,3,1,5,1,57,9,4250,2,14,6,2,6
2018030287314,2,9,0,4,0,1,0,0,0,0,2,1,5,2,49,8,1596,1,9,5,1,5
2018030287334,1,19,0,18,0,0,0,0,0,0,0,1,6,1,-1,-1,-1,-1,-1,-1,-1,-1
2018030287334,2,1,0,10,0,0,0,0,0,0,0,1,6,1,32,6,-1,-1,-1,3,1,3
2018030287390,1,5,0,18,0,1,1,0,0,0,0,1,5,1,52,8,650,1,24,7,3,7
2018030287524,1,9,0,18,0,1,0,0,0,0,1,1,6,2,40,7,1598,1,13,9,3,9
2018030287524,2,9,0,3,0,1,0,0,0,0,2,1,2,2,23,5,1229,1,5,5,1,5
2018030288610,1,9,0,7,0,2,0,0,0,0,1,1,5,1,49,8,1398,1,10,3,1,3
2018030288854,1,9,0,9,0,6,0,0,0,0,1,1,5,2,38,7,1600,2,7,-1,-1,-1
2018030288854,2,9,0,18,0,1,0,0,0,0,1,1,5,1,21,5,1596,1,2,3,1,3
2018030288854,3,9,4,10,0,1,0,0,0,0,0,1,5,1,37,7,1997,2,14,3,1,3
2018030289078,1,9,0,16,0,0,0,0,0,0,1,1,6,2,-1,-1,1598,1,11,4,1,4
2018030289078,2,8,0,16,0,0,0,0,0,0,1,1,3,1,55,8,1560,2,4,7,1,7
2018030289199,1,9,0,10,0,1,0,0,0,0,1,1,6,1,85,11,1197,1,6,7,1,7
2018030289199,2,9,0,18,0,1,0,0,0,0,1,1,6,1,57,9,1248,2,11,5,3,5
2018030289409,1,9,0,17,0,6,0,0,0,0,1,1,6,3,-1,-1,-1,-1,-1,-1,-1,-1
2018030289409,2,9,0,16,0,8,0,0,0,0,3,1,1,1,34,6,1968,2,10,2,1,2
2018030289436,1,9,0,18,0,4,0,0,0,0,1,1,6,2,21,5,1586,1,-1,1,1,1
2018030289436,2,9,0,17,0,3,0,0,0,0,1,1,3,1,38,7,1686,2,5,1,1,1
2018030289489,1,9,0,9,0,6,0,0,0,0,1,1,6,3,-1,-1,1798,1,10,-1,-1,-1
2018030289489,2,9,0,18,0,7,0,0,0,0,4,1,5,1,20,4,1198,1,15,7,2,7
2018030289490,1,19,0,13,0,0,0,0,7,4,1,1,1,1,53,8,2198,2,6,1,1,1
2018030289490,2,17,4,10,0,0,0,0,0,0,0,1,1,1,24,5,-1,2,13,-1,-1,-1
2018030289496,1,4,0,7,7,0,2,0,1,10,1,1,5,1,39,7,1470,1,23,4,1,4
2018030289514,1,19,0,9,0,5,0,0,0,0,4,1,1,1,25,5,2299,2,5,8,1,8
2018030289514,2,1,0,18,0,8,5,0,0,0,1,1,6,1,22,5,-1,-1,-1,3,1,3
2018030289519,1,9,0,18,0,0,5,4,0,0,1,1,6,2,27,6,1197,1,1,1,1,1
2018030289519,2,9,0,2,0,0,0,0,0,0,0,1,6,2,-1,-1,1896,2,12,1,1,1
2018030289519,3,9,0,2,0,0,0,0,0,0,0,1,6,2,-1,-1,1956,2,3,1,1,1
2018030289547,1,9,0,18,0,8,0,0,0,0,1,1,6,1,-1,-1,1598,2,2,-1,-1,-1
2018030289547,2,9,0,18,0,8,0,0,0,0,2,1,6,1,21,5,1997,1,3,7,3,7
2018030289592,1,9,0,9,0,1,0,0,0,0,3,1,5,1,48,8,2993,2,8,7,3,7
2018030289592,2,5,0,13,0,1,0,0,0,0,4,1,5,1,59,9,1170,1,8,10,1,10
2018030289608,1,9,0,7,0,4,0,0,0,0,1,1,5,2,58,9,1198,1,10,5,1,5
2018030289608,2,1,0,18,0,8,0,0,0,0,4,1,5,1,31,6,-1,-1,-1,7,3,7
2018030289613,1,9,0,9,0,5,0,0,0,0,4,1,1,1,46,8,1598,2,4,5,1,5
2018030289613,2,1,0,18,0,8,0,0,0,0,1,1,5,1,43,7,-1,-1,-1,-1,-1,-1
2018030289640,1,11,0,18,0,0,0,0,0,0,4,1,1,1,29,6,12000,2,9,4,1,4
2018030289680,1,5,0,16,0,8,5,0,7,0,1,1,6,1,42,7,1783,1,9,1,1,1
2018030289680,2,9,0,17,0,8,0,0,0,0,1,1,2,2,34,6,1999,2,-1,8,1,8
2018030289846,1,9,0,16,9,0,1,0,1,2,3,1,6,1,28,6,1598,1,16,1,1,1
2018030290686,1,9,0,16,0,0,1,0,1,0,3,1,6,2,38,7,4999,1,1,1,1,1
2018030290686,2,9,0,17,0,0,1,0,1,0,3,1,6,1,57,9,1999,1,14,6,2,6
2018030290767,1,9,0,7,0,4,0,0,0,0,1,1,6,1,18,4,1596,1,8,1,1,1
2018030290767,2,9,0,7,0,4,0,0,0,0,1,1,6,2,25,5,1242,1,13,5,1,5
2018030290818,1,9,0,4,0,0,0,0,1,0,1,1,2,2,30,6,1368,1,9,6,2,6
2018030290818,2,9,0,4,0,0,0,0,1,0,2,1,5,1,88,11,1753,2,10,4,3,4
2018030290840,1,9,0,3,0,1,0,0,0,0,1,1,6,2,37,7,1997,2,8,8,1,8
2018030290840,2,9,0,4,0,1,0,0,0,0,2,1,6,1,29,6,2143,2,1,-1,-1,-1
2018030290876,1,9,0,18,0,0,0,0,0,0,1,1,6,3,-1,-1,-1,-1,-1,-1,-1,-1
2018030291093,1,17,5,16,0,0,4,0,0,0,3,1,1,1,21,5,-1,2,10,5,1,5
2018030291110,1,19,0,18,9,0,0,10,7,10,3,1,1,1,52,8,1995,2,-1,-1,-1,-1
2018030291117,1,9,0,18,0,8,0,0,0,0,1,1,1,1,51,8,1896,2,9,5,1,5
2018030291117,2,9,0,18,0,8,0,0,0,0,3,1,1,1,36,7,1910,2,10,2,1,2
2018030291162,1,9,0,18,0,8,0,0,0,0,1,1,6,1,34,6,1796,1,10,1,1,1
2018030291162,2,9,0,18,0,8,0,0,1,10,2,1,6,1,32,6,1997,2,1,2,1,2
2018030291193,1,9,4,18,0,1,0,0,0,0,3,1,1,2,50,8,2982,2,2,5,3,5
2018030291193,2,9,0,18,0,2,0,0,0,0,3,1,5,1,47,8,-1,-1,-1,5,1,5
2018030291453,1,9,0,9,0,0,0,0,0,0,0,1,6,2,-1,-1,-1,-1,-1,-1,-1,-1
2018030291453,2,11,0,18,0,0,0,0,0,0,0,1,1,1,53,8,4250,2,14,8,1,8
2018030291478,1,5,0,17,0,0,0,0,1,1,1,1,5,2,57,9,599,1,10,7,3,7
2018030291552,1,9,4,18,0,0,0,0,1,0,0,1,5,2,70,10,2993,2,9,8,2,8
2018030292270,1,9,0,1,0,0,0,0,0,0,4,1,1,2,-1,-1,1396,1,15,3,3,3
2018030292270,2,19,0,2,0,0,0,0,0,0,0,1,6,1,32,6,-1,-1,-1,3,2,3
2018030292301,1,9,0,18,0,0,1,0,0,0,1,1,5,3,-1,-1,-1,-1,-1,-1,-1,-1
2018030292301,2,1,0,4,0,0,0,0,0,0,2,1,6,1,13,3,-1,-1,-1,3,1,3
2018030292317,1,19,0,1,0,1,0,0,0,0,3,1,1,1,47,8,-1,-1,-1,-1,-1,-1
2018030292317,2,19,0,4,0,1,0,0,0,0,1,1,1,1,49,8,2198,2,5,1,1,1
2018030292317,3,9,0,9,0,1,0,0,0,0,0,1,1,1,33,6,2993,2,3,-1,-1,-1
2018030292351,1,9,0,18,0,2,0,0,7,3,1,1,5,2,74,10,1364,2,6,8,3,8
2018030292368,1,9,0,9,0,1,0,0,7,0,1,1,5,2,25,5,1598,2,1,7,1,7
2018030292368,2,9,0,18,0,1,1,0,1,3,4,1,5,1,60,9,1493,2,14,4,1,4
2018030292710,1,9,0,9,0,2,0,0,0,0,1,1,6,1,27,6,-1,-1,-1,8,2,8
2018030292710,2,9,0,18,0,1,0,0,0,0,1,1,5,1,36,7,2521,1,12,7,2,7
2018030292767,1,9,0,18,0,8,0,0,0,0,1,1,5,1,17,4,1587,1,11,1,2,1
2018030292767,2,9,0,4,0,8,0,0,7,0,2,1,5,1,34,6,2993,2,10,3,1,3
2018030292849,1,9,0,10,0,0,0,0,0,0,1,1,6,2,34,6,1598,1,12,1,2,1
2018030292849,2,9,0,10,0,0,0,0,0,0,2,1,6,1,62,9,-1,-1,-1,5,2,5
2018030292891,1,9,0,16,0,0,5,0,0,0,3,1,5,1,21,5,1560,2,11,4,1,4
2018030292923,1,90,0,16,0,0,1,0,7,11,1,1,6,2,32,6,1896,2,11,5,1,5
2018030293022,1,9,0,9,0,0,0,0,1,0,4,1,5,1,23,5,1560,2,8,3,1,3
2018030293022,2,9,0,18,0,0,0,0,0,0,1,1,1,1,28,6,1984,1,3,4,1,4
2018030293034,1,9,0,18,0,0,0,0,0,0,3,1,6,3,-1,-1,-1,-1,-1,-1,-1,-1
2018030293111,1,22,0,5,0,0,0,0,0,0,0,1,6,3,-1,-1,-1,-1,-1,-1,-1,-1
2018030293145,1,9,0,4,0,0,0,0,0,0,1,1,6,3,-1,-1,-1,-1,-1,-1,-1,-1
2018030293145,2,3,0,4,0,0,2,0,0,0,2,1,1,1,19,4,113,1,3,1,1,1
2018030293185,1,9,0,18,0,0,0,0,0,0,4,1,5,2,85,11,1998,2,4,6,3,6
2018030293185,2,1,0,18,0,0,0,0,0,0,3,1,5,1,43,7,-1,-1,-1,6,1,6
2018030293241,1,1,0,18,9,7,0,0,0,0,4,1,4,1,12,3,-1,-1,-1,1,1,1
2018030293241,2,10,0,18,0,2,0,0,0,0,0,1,3,1,73,10,2148,2,10,-1,-1,-1
2018030293310,1,9,0,5,9,1,0,4,7,0,1,1,5,1,90,11,1597,1,8,9,1,9
2018030293310,2,9,0,16,0,1,0,0,1,0,3,1,5,1,70,10,1349,1,9,2,1,2
2018030293310,3,9,0,2,0,1,0,0,0,0,3,1,5,2,27,6,1995,2,8,6,3,6
2018030293347,1,9,0,9,0,8,0,0,1,0,4,1,5,2,48,8,1596,1,14,7,3,7
2018030293347,2,9,0,18,0,8,1,0,0,0,1,1,5,2,55,8,1598,1,14,4,2,4
2018030293412,1,9,0,18,0,0,0,0,0,0,1,1,6,3,-1,-1,-1,-1,-1,-1,-1,-1
2018030293432,1,9,0,5,0,2,0,0,0,0,3,1,6,1,25,5,1753,2,10,1,1,1
2018030293432,2,9,0,18,0,2,0,0,0,0,1,1,6,2,59,9,1499,1,-1,8,3,8
2018030293449,1,9,0,9,0,8,0,0,0,0,1,1,6,3,-1,-1,-1,-1,-1,-1,-1,-1
2018030294365,1,9,0,9,0,0,0,0,0,0,1,1,6,2,-1,-1,-1,-1,-1,-1,-1,-1
2018030294365,2,1,0,18,0,0,0,0,0,0,1,1,5,1,55,8,-1,-1,-1,-1,-1,-1
2018030294390,1,9,0,3,0,4,0,0,0,0,2,1,5,1,28,6,-1,-1,-1,-1,1,-1
2018030294390,2,9,0,4,0,4,0,0,0,0,1,1,5,1,21,5,998,1,3,-1,1,-1
2018030294430,1,19,0,13,0,0,0,0,0,0,4,1,1,1,21,5,1560,2,4,-1,-1,-1
2018030294430,2,4,0,17,0,0,0,0,0,0,1,1,5,1,42,7,1237,1,5,-1,-1,-1
2018030294468,1,9,0,16,0,0,0,0,7,0,1,1,5,1,28,6,1686,2,7,6,3,6
2018030294491,1,9,0,18,0,0,1,0,7,9,1,1,6,1,23,5,1797,1,22,8,1,8
2018030294513,1,9,0,18,0,0,2,0,8,0,1,1,5,2,20,4,998,1,3,8,3,8
2018030294513,2,9,0,18,0,0,0,0,0,0,1,1,5,2,60,9,998,1,4,8,1,8
2018030294553,1,9,0,9,0,8,0,0,0,0,1,1,5,1,77,11,1197,1,3,5,2,5
2018030294553,2,9,0,18,0,1,0,0,0,0,1,1,5,1,21,5,1968,2,7,6,2,6
2018030294574,1,9,0,5,0,0,0,0,0,0,2,1,6,2,73,10,1796,1,15,2,1,2
2018030294606,1,3,0,18,0,8,0,0,0,0,0,1,6,1,52,8,125,1,12,6,1,6
2018030294623,1,21,0,18,0,3,0,0,0,0,1,1,6,1,58,9,4580,2,2,3,1,3
2018030294623,2,9,0,3,0,3,0,0,0,0,2,1,6,1,55,8,1390,1,10,-1,-1,-1
2018030294623,3,9,0,3,0,3,0,0,0,0,2,1,6,1,52,8,1956,2,7,-1,-1,-1
2018030294673,1,9,0,13,0,0,0,0,0,0,0,1,6,3,-1,-1,1598,2,2,-1,-1,-1
2018030294673,2,9,0,18,0,0,0,0,0,0,0,1,5,2,44,7,-1,-1,-1,8,1,8
2018030294695,1,9,0,18,0,1,0,0,0,0,1,1,5,2,69,10,1995,2,5,6,2,6
2018030294695,2,9,0,3,0,1,0,0,0,0,2,1,5,2,32,6,1339,1,9,9,1,9
2018030294695,3,9,0,3,0,1,0,0,0,0,2,1,1,1,50,8,-1,-1,-1,5,1,5
2018030294695,4,9,0,8,0,4,0,0,0,0,2,1,5,1,47,8,1560,2,3,6,1,6
2018030294741,1,3,0,9,0,6,0,0,0,0,4,1,2,1,51,8,125,1,12,6,3,6
2018030294741,2,9,0,18,0,1,0,0,0,0,1,1,2,1,29,6,1390,1,15,1,1,1
2018030294868,1,9,0,4,0,2,0,0,0,0,0,1,6,2,35,6,1461,2,5,2,2,2
2018030294868,2,1,0,18,0,2,0,0,0,0,0,1,6,1,55,8,-1,-1,-1,-1,-1,-1
2018030294890,1,1,0,18,0,0,0,0,0,0,1,1,5,1,52,8,-1,-1,-1,4,3,4
2018030294890,2,21,1,18,0,0,0,0,0,0,2,1,5,1,34,6,11705,2,6,10,2,10
2018030294890,3,9,0,18,0,0,0,0,0,0,3,1,5,2,34,6,1197,1,4,-1,1,-1
2018030294925,1,9,0,18,0,1,0,0,0,0,0,1,6,3,-1,-1,-1,-1,-1,-1,-1,-1
2018030294925,2,3,0,18,0,1,2,0,0,0,1,1,2,1,28,6,124,1,10,10,3,10
2018030294938,1,9,0,18,0,0,2,0,1,0,1,1,5,1,33,6,-1,-1,-1,3,1,3
2018030294965,1,98,0,18,0,1,0,0,0,0,1,1,6,3,-1,-1,-1,-1,-1,-1,-1,-1
2018030294965,2,9,0,9,0,1,0,0,0,0,2,1,6,1,60,9,1896,2,12,1,2,1
2018030294970,1,9,0,18,0,8,0,7,0,0,4,1,5,1,82,11,1968,2,1,6,3,6
2018030294970,2,9,0,9,0,1,0,0,0,0,1,1,5,1,82,11,1400,1,19,7,3,7
2018030295025,1,9,0,7,0,0,1,0,7,0,3,1,1,1,38,7,1582,2,-1,6,1,6
2018030295033,1,9,0,18,0,1,0,0,0,0,1,1,5,1,41,7,2204,2,12,5,1,5
2018030295033,2,9,0,18,0,1,0,0,0,0,3,1,5,1,40,7,2993,2,8,4,1,4
2018030295104,1,9,0,18,0,0,0,0,0,0,1,1,6,1,78,11,1798,1,4,8,3,8
2018030295104,2,9,0,18,0,0,0,0,1,11,3,1,6,2,57,9,1998,1,12,7,2,7
2018030295459,1,1,0,16,0,0,2,0,0,0,1,1,5,1,51,8,-1,-1,-1,9,1,9
2018030295459,2,9,0,17,0,0,0,0,0,0,3,1,5,1,51,8,1339,1,2,6,3,6
2018030295830,1,9,0,1,9,0,0,0,0,0,2,1,5,2,23,5,1997,2,4,10,3,10
2018030295862,1,9,0,9,0,0,0,0,0,0,3,1,6,1,53,8,1995,2,8,6,1,6
2018030295862,2,9,0,18,0,0,0,10,7,0,4,1,5,2,21,5,1598,1,22,4,1,4
2018030295953,1,9,0,18,0,0,1,10,0,0,3,1,6,1,31,6,1596,1,7,-1,-1,-1
2018030295953,2,9,0,18,0,0,0,0,0,0,3,1,1,1,44,7,2993,2,3,2,1,2
2018030296040,1,9,0,18,0,0,0,0,0,0,1,1,5,1,39,7,1560,2,4,9,1,9
2018030296040,2,1,0,18,0,0,0,0,0,0,1,1,6,1,24,5,-1,-1,-1,3,3,3
2018030296080,1,9,0,18,0,0,0,0,0,0,1,1,6,3,-1,-1,-1,-1,-1,-1,-1,-1
2018030296582,1,9,0,5,0,8,0,0,0,0,1,1,6,1,-1,-1,2494,8,2,6,3,6
2018030296582,2,9,0,18,0,1,0,0,0,0,3,1,6,2,19,4,999,1,4,2,2,2
2018030296610,1,9,0,17,9,8,0,0,1,0,1,1,6,2,41,7,1968,2,6,5,3,5
2018030296731,1,9,0,17,0,0,1,0,7,0,1,1,2,1,35,6,1900,2,19,5,3,5
2018030296749,1,9,0,12,0,3,0,0,1,0,3,1,5,1,94,11,1395,1,3,10,1,10
2018030296749,2,19,0,16,0,3,0,0,2,0,4,1,5,2,59,9,2198,2,4,5,1,5
2018030296927,1,9,0,10,0,1,0,0,0,0,1,1,6,2,39,7,1242,1,7,7,2,7
2018030296927,2,9,0,18,0,1,0,0,0,0,1,1,6,2,76,11,1390,1,11,7,3,7
2018030296927,3,21,0,10,0,1,0,0,0,0,1,1,1,1,27,6,11705,2,9,6,1,6
2018030296946,1,5,0,18,0,0,5,0,0,0,1,1,6,1,53,8,847,1,1,-1,-1,-1
2018030296955,1,19,0,17,0,0,0,0,1,11,1,1,1,1,47,8,2198,2,4,-1,1,-1
2018030296955,2,9,0,2,0,0,0,0,0,0,0,1,6,3,-1,-1,-1,-1,-1,-1,-1,-1
2018030297042,1,9,0,18,0,0,0,0,0,0,1,1,6,1,29,6,1560,2,6,3,2,3
2018030297052,1,9,0,18,0,0,1,0,0,0,1,1,6,1,84,11,1149,1,9,1,1,1
2018030297052,2,9,0,18,0,0,0,0,1,0,1,1,6,1,27,6,-1,-1,-1,3,2,3
2018030297052,3,9,0,18,0,0,0,0,0,0,1,1,6,1,42,7,-1,-1,-1,7,1,7
2018030297067,1,19,0,18,0,0,0,0,0,0,1,1,2,1,27,6,1598,2,6,5,1,5
2018030297067,2,9,0,4,0,0,0,0,0,0,2,1,5,2,44,7,1995,2,1,10,3,10
2018030297120,1,9,0,5,0,0,0,0,0,0,0,1,2,1,21,5,996,1,4,6,3,6
2018030297120,2,9,0,18,0,0,1,0,1,0,0,1,2,1,29,6,-1,-1,-1,2,2,2
2018030297168,1,9,0,9,0,0,0,0,0,0,1,1,5,2,47,8,1399,1,11,1,1,1
2018030297168,2,9,0,18,0,0,0,0,0,0,1,1,5,2,58,9,1598,1,10,1,2,1
2018030297220,1,9,0,9,0,0,0,0,0,0,3,1,5,1,29,6,1968,2,5,3,3,3
2018030297220,2,9,0,18,0,0,0,0,0,0,1,1,2,1,24,5,998,1,4,3,3,3
2018030298392,1,9,0,7,0,1,0,0,0,0,4,1,5,2,78,11,1242,1,4,4,2,4
2018030298392,2,1,0,16,4,1,0,10,0,0,3,1,5,1,65,9,-1,-1,-1,-1,-1,-1
2018030298445,1,9,0,18,0,0,5,0,1,10,4,1,5,1,58,9,-1,-1,-1,4,2,4
2018030298478,1,5,0,9,0,8,5,0,0,0,4,1,6,1,69,10,1202,1,4,6,1,6
2018030298478,2,9,0,17,0,1,0,0,0,0,4,1,5,1,19,4,1994,2,10,9,1,9
2018030298514,1,17,4,18,0,0,0,0,1,11,1,1,1,1,17,4,-1,2,5,7,3,7
2018030298514,2,9,0,2,9,0,0,0,0,0,4,1,5,2,-1,-1,1598,2,2,7,3,7
2018030298615,1,9,0,17,0,1,0,0,0,0,3,1,5,2,55,8,1796,2,4,10,1,10
2018030298615,2,1,0,16,0,1,0,0,0,0,3,1,5,2,12,3,-1,-1,-1,9,2,9
2018030298639,1,9,0,18,0,1,0,0,0,0,1,1,6,1,78,11,1560,2,2,3,1,3
2018030298639,2,9,0,8,0,1,0,0,0,0,2,1,6,1,24,5,1397,1,8,6,3,6
2018030298691,1,9,0,9,0,2,0,0,0,0,2,1,6,3,-1,-1,-1,-1,-1,-1,-1,-1
2018030298691,2,1,0,18,0,1,0,0,0,0,2,1,1,2,24,5,-1,-1,-1,1,1,1
2018030298713,1,9,0,17,0,6,0,0,0,0,1,1,6,3,-1,-1,-1,-1,-1,-1,-1,-1
2018030298713,2,1,0,18,0,1,0,0,0,0,1,1,6,2,24,5,-1,-1,-1,5,3,5
2018030298739,1,11,0,2,0,2,0,0,0,0,0,1,5,1,49,8,9000,2,5,-1,-1,-1
2018030298762,1,9,0,9,0,1,0,0,0,0,0,1,6,3,-1,-1,-1,-1,-1,-1,-1,-1
2018030298878,1,9,0,18,0,0,5,11,2,4,1,1,6,1,23,5,-1,-1,-1,-1,-1,-1
2018030298912,1,9,0,18,0,0,0,0,0,0,4,1,1,2,29,6,1590,1,17,8,2,8