Accident_Index,Vehicle_Reference,Vehicle_Type,Towing_and_Articulation,Vehicle_Manoeuvre,Vehicle_Location-Restricted_Lane,Junction_Location,Skidding_and_Overturning,Hit_Object_in_Carriageway,Vehicle_Leaving_Carriageway,Hit_Object_off_Carriageway,1st_Point_of_Impact,Was_Vehicle_Left_Hand_Drive?,Journey_Purpose_of_Driver,Sex_of_Driver,Age_of_Driver,Age_Band_of_Driver,Engine_Capacity_(CC),Propulsion_Code,Age_of_Vehicle,Driver_IMD_Decile,Driver_Home_Area_Type,Vehicle_IMD_Decile
2018030298963,1,19,0,1,0,0,0,0,0,0,2,1,5,1,47,8,2287,2,8,6,3,6
2018030298982,1,9,0,18,0,8,0,0,3,0,4,1,5,1,28,6,2496,2,17,-1,1,-1
2018030298982,2,9,0,5,0,8,0,0,0,0,1,1,5,1,22,5,1598,2,4,5,3,5
2018030299013,1,9,0,18,0,0,0,0,0,0,3,1,1,1,24,5,-1,-1,-1,6,3,6
2018030299013,2,9,0,18,0,0,0,0,0,0,3,1,5,2,41,7,1390,1,5,6,3,6
2018030299027,1,9,0,18,0,0,5,0,2,4,4,1,5,2,51,8,2179,2,7,6,3,6
2018030299048,1,8,0,18,0,0,0,4,0,0,1,1,1,1,55,8,1598,2,2,3,2,3
2018030299048,2,9,0,2,0,0,0,0,0,0,2,1,6,2,47,8,1781,1,16,1,1,1
2018030299072,1,9,0,13,0,0,0,0,0,0,1,1,6,1,54,8,-1,-1,-1,9,1,9
2018030299072,2,9,0,18,0,0,0,0,0,0,1,1,2,1,40,7,-1,-1,-1,6,2,6
2018030299073,1,9,0,9,0,1,0,0,0,0,0,1,6,3,-1,-1,-1,-1,-1,-1,-1,-1
2018030299073,2,9,0,17,0,1,5,0,1,11,1,1,5,1,32,6,1968,2,6,4,2,4
2018030299082,1,1,0,16,0,0,0,0,7,4,1,1,5,1,62,9,-1,-1,-1,2,1,2
2018030299111,1,9,0,9,0,1,0,0,0,0,1,1,6,2,25,5,998,1,15,6,3,6
2018030299111,2,9,0,18,0,1,0,0,0,0,3,1,6,1,75,10,1582,2,4,3,2,3
2018030299145,1,9,0,1,0,0,0,0,0,0,2,1,1,2,49,8,-1,-1,-1,2,1,2
2018030299146,1,9,0,18,0,0,1,0,0,0,1,1,1,2,20,4,-1,-1,-1,6,3,6
2018030299146,2,9,0,4,0,0,0,0,0,0,2,1,2,2,25,5,1248,1,5,7,3,7
2018030299146,3,9,0,4,0,0,0,0,0,0,2,1,5,2,75,10,998,1,6,2,1,2
2018030299146,4,9,0,4,0,0,0,0,0,0,2,1,2,2,20,4,1560,2,1,6,3,6
2018030299159,1,1,0,18,0,0,5,0,0,0,0,1,5,1,68,10,-1,-1,-1,7,3,7
2018030299162,1,9,0,9,0,1,0,0,0,0,1,1,5,1,39,7,1999,1,14,2,1,2
2018030299162,2,1,0,18,0,1,0,0,0,0,1,1,5,1,59,9,-1,-1,-1,5,1,5
2018030299175,1,9,0,18,0,0,0,0,0,0,1,1,5,2,81,11,-1,-1,-1,10,2,10
2018030299175,2,1,0,18,0,0,2,0,1,0,1,1,5,1,60,9,-1,-1,-1,5,1,5
2018030299182,1,9,0,17,0,0,1,0,8,11,1,1,5,1,20,4,1124,1,13,6,2,6
2018030299183,1,1,0,18,0,0,5,0,7,11,1,1,6,1,-1,-1,-1,-1,-1,2,1,2
2018030299195,1,5,0,17,0,0,2,0,2,10,4,1,5,1,69,10,1745,1,1,8,1,8
2018030299200,1,9,0,18,0,0,0,0,7,2,1,1,5,1,83,11,1339,1,11,10,3,10
2018030299202,1,9,0,9,0,6,0,0,0,0,3,1,5,2,33,6,1598,1,12,-1,-1,-1
2018030299202,2,9,0,18,0,1,0,0,0,0,1,1,5,1,72,10,-1,-1,-1,-1,-1,-1
2018030299206,1,3,0,11,0,0,5,0,0,0,1,1,2,1,-1,-1,125,1,2,6,3,6
2018030299265,1,90,0,4,0,0,0,0,0,0,2,1,6,1,70,10,-1,-1,-1,1,1,1
2018030299266,1,5,0,18,0,0,2,0,0,0,0,1,5,1,48,8,599,1,20,4,2,4
2018030299295,1,9,0,9,0,1,0,0,7,11,1,1,5,1,55,8,1242,1,6,7,3,7
2018030299440,1,9,0,18,0,0,0,0,0,0,1,1,5,2,36,7,1997,2,11,10,2,10
2018030299440,2,19,0,4,0,0,0,0,0,0,2,1,1,1,28,6,1560,2,2,4,1,4
2018030299442,1,9,0,18,0,0,1,0,0,0,1,1,6,2,20,4,1248,2,5,5,3,5
2018030299442,2,9,0,18,0,0,0,0,1,11,1,1,1,1,32,6,-1,-1,-1,4,1,4
2018030299461,1,19,0,18,0,1,0,0,0,0,1,1,1,1,52,8,2143,2,7,1,1,1
2018030299461,2,9,0,9,0,5,0,0,0,0,2,1,5,1,27,6,-1,-1,-1,8,2,8
2018030299469,1,9,0,16,0,0,0,10,0,0,1,1,1,1,45,7,-1,-1,-1,10,1,10
2018030299469,2,19,0,17,0,0,0,0,0,0,1,1,1,1,63,9,2464,2,9,9,1,9
2018030299517,1,9,0,8,0,0,0,0,0,0,0,1,1,1,43,7,1968,2,7,3,1,3
2018030299566,1,9,0,18,0,0,5,4,0,0,2,1,5,2,72,10,1197,1,3,2,1,2
2018030299566,2,9,0,2,0,0,0,0,0,0,1,1,6,2,34,6,1229,1,9,8,1,8
2018030299566,3,9,0,18,0,0,0,0,0,0,0,1,5,2,40,7,1956,2,3,2,1,2
2018030299576,1,9,0,9,0,0,0,0,0,0,3,1,2,1,30,6,3199,1,17,1,1,1
2018030299576,2,9,0,18,0,0,0,0,0,0,1,1,5,2,23,5,1560,2,4,3,3,3
2018030299576,3,9,0,10,0,0,0,0,0,0,1,1,5,2,64,9,1582,2,5,6,3,6
2018030299576,4,9,0,3,0,0,0,0,0,0,1,1,2,2,42,7,1497,8,2,8,1,8
2018030300134,1,9,0,18,0,1,0,0,0,0,0,1,5,1,37,7,1390,1,5,2,3,2
2018030300226,1,9,0,18,0,0,0,0,0,0,3,1,6,1,39,7,1910,2,12,1,1,1
2018030300416,1,9,0,18,0,0,0,0,0,0,4,1,5,1,61,9,1968,2,4,8,2,8
2018030300441,1,9,0,18,0,0,0,0,0,0,1,1,6,1,26,6,1896,2,11,6,3,6
2018030300441,2,9,0,18,0,0,0,0,0,0,1,1,6,2,55,8,2143,2,4,7,3,7
2018030300493,1,1,0,18,0,0,0,4,0,0,1,1,6,1,16,4,-1,-1,-1,-1,-1,-1
2018030300493,2,9,0,2,0,0,0,0,0,0,2,1,1,1,37,7,1599,1,10,5,2,5
2018030300517,1,9,0,17,0,0,0,0,0,0,3,1,2,1,32,6,1598,1,13,5,3,5
2018030300550,1,9,0,18,0,4,0,0,0,0,4,1,6,2,-1,-1,1598,1,5,-1,1,-1
2018030300550,2,11,0,18,0,3,0,0,0,0,1,1,1,1,25,5,4250,2,14,2,1,2
2018030300578,1,4,0,16,0,0,0,0,7,0,1,1,6,1,47,8,599,1,16,2,2,2
2018030300611,1,21,1,12,0,0,0,0,0,0,4,1,1,1,-1,-1,-1,-1,-1,-1,-1,-1
2018030300611,2,21,1,4,0,0,0,0,0,0,0,1,1,1,58,9,12740,2,3,-1,3,-1
2018030300623,1,11,0,18,0,0,0,0,0,0,3,1,1,1,31,6,9000,2,7,2,1,2
2018030300840,1,9,0,17,0,0,2,11,2,0,4,1,5,1,28,6,1685,2,6,1,1,1
2018030300869,1,9,0,18,0,0,0,0,0,0,4,1,5,1,74,10,1560,2,4,8,1,8
2018030300908,1,11,0,2,2,1,0,0,0,0,0,1,1,1,49,8,-1,-1,-1,1,1,1
2018030300912,1,9,0,18,0,0,0,0,0,0,1,1,5,1,19,4,998,1,2,4,2,4
2018030300912,2,9,0,18,0,0,0,0,0,0,1,1,5,1,34,6,1995,2,5,4,3,4
2018030300962,1,97,0,9,7,0,0,0,0,0,4,1,5,1,52,8,-1,-1,-1,-1,-1,-1
2018030300962,2,9,0,18,0,0,0,0,0,0,1,1,2,2,22,5,1398,1,5,6,3,6
2018030301025,1,9,0,18,0,0,1,0,0,0,1,1,5,1,23,5,1497,1,16,9,2,9
2018030301025,2,9,0,18,0,0,0,0,0,0,1,1,5,1,45,7,1560,2,5,6,3,6
2018030301025,3,9,0,3,0,0,0,0,0,0,2,1,5,1,75,10,1200,1,-1,4,2,4
2018030301041,1,9,0,9,0,0,0,0,0,0,1,1,5,1,27,6,1560,2,5,7,3,7
2018030301041,2,9,0,18,0,0,0,0,0,0,3,1,5,1,31,6,1499,2,3,1,1,1
2018030301113,1,9,0,18,0,1,0,0,0,0,4,1,6,3,-1,-1,-1,-1,-1,-1,-1,-1
2018030301138,1,9,0,7,0,0,0,0,0,0,0,1,6,3,-1,-1,-1,-1,-1,-1,-1,-1
2018030301138,2,9,0,18,0,0,0,0,0,0,0,1,1,1,51,8,-1,-1,-1,1,1,1
2018030301141,1,9,0,18,0,0,2,0,7,0,1,1,2,1,37,7,1997,2,13,3,2,3
2018030301245,1,9,0,2,0,0,0,4,1,0,0,1,5,1,49,8,1596,1,4,10,1,10
2018030301245,2,9,0,18,0,0,0,0,1,0,3,1,5,1,54,8,1461,2,3,-1,2,-1
2018030301245,3,9,0,18,0,0,1,0,1,0,0,1,5,1,23,5,1596,1,6,5,1,5
2018030301388,1,9,0,18,0,0,0,0,0,0,-1,1,6,1,-1,-1,-1,-1,-1,9,1,9
2018030301388,2,1,0,18,4,0,0,0,0,0,-1,1,6,1,12,3,-1,-1,-1,2,1,2
2018030301409,1,9,0,7,0,0,0,0,1,0,1,1,5,2,31,6,1668,1,16,1,1,1
2018030301409,2,4,0,7,0,0,0,0,0,0,3,1,5,1,42,7,1293,1,6,5,1,5
2018030301432,1,9,0,9,0,0,0,0,0,0,1,1,6,2,40,7,1598,1,8,2,1,2
2018030301432,2,9,0,18,0,0,0,0,0,0,1,1,6,1,50,8,-1,-1,-1,1,1,1
2018030301469,1,9,0,5,0,0,0,0,0,0,4,1,5,2,25,5,1685,2,5,8,1,8
2018030301469,2,9,0,5,0,0,0,0,0,0,1,1,5,1,37,7,-1,-1,-1,4,2,4
2018030302525,1,9,0,18,0,1,5,10,7,11,1,1,2,2,61,9,1461,2,8,2,1,2
2018030302576,1,9,0,7,0,1,0,0,0,0,1,1,6,2,71,10,998,1,3,5,3,5
2018030302576,2,9,0,18,0,2,0,0,0,0,1,1,6,2,26,6,1686,2,5,3,2,3
2018030302625,1,1,0,18,0,2,0,0,1,11,1,1,5,1,44,7,-1,-1,-1,-1,-1,-1
2018030302642,1,9,0,14,0,1,0,0,7,0,4,1,6,1,46,8,1598,2,6,3,1,3
2018030302642,2,5,0,18,0,1,0,0,0,0,4,1,5,1,75,10,885,1,25,4,3,4
2018030302642,3,9,0,10,0,5,0,0,0,0,0,1,6,1,59,9,-1,-1,-1,4,1,4
2018030302695,1,1,0,7,0,0,0,0,0,0,1,1,5,2,34,6,-1,-1,-1,6,1,6
2018030302695,2,9,0,9,0,0,0,0,0,0,4,1,5,1,51,8,1968,2,-1,7,1,7
2018030302777,1,8,0,18,0,0,0,4,0,0,1,1,1,1,30,6,-1,-1,-1,5,2,5
2018030302777,2,8,0,2,0,0,0,0,0,0,2,1,2,1,-1,-1,-1,-1,-1,6,1,6
2018030302777,3,9,0,2,0,0,0,0,0,0,4,1,5,3,-1,-1,2149,2,11,-1,-1,-1
2018030302804,1,9,0,4,0,0,1,0,0,0,1,1,6,2,20,4,999,1,-1,5,3,5
2018030302804,2,9,0,4,0,0,0,0,0,0,2,1,6,1,52,8,1753,2,11,-1,2,-1
2018030302804,3,9,0,4,0,0,0,0,0,0,2,1,6,1,52,8,-1,-1,-1,-1,1,-1
2018030302804,4,9,0,4,0,0,0,0,0,0,2,1,6,1,48,8,1995,2,6,-1,1,-1
2018030302836,1,3,0,7,0,2,1,0,0,0,1,1,5,1,69,10,500,1,-1,10,2,10
2018030302930,1,9,0,1,8,0,0,0,0,0,0,1,6,1,79,11,2495,2,24,1,1,1
2018030302930,2,11,0,18,0,0,0,0,0,0,0,1,1,1,42,7,4249,2,3,1,1,1
2018030302946,1,9,0,18,0,0,1,0,1,0,1,1,6,1,27,6,1332,1,23,3,1,3
2018030302952,1,9,0,9,0,6,0,0,0,0,1,1,1,1,47,8,1399,2,6,2,1,2
2018030302952,2,9,0,18,0,8,0,0,0,0,4,1,2,2,63,9,1560,2,9,8,2,8
2018030302965,1,9,0,17,0,0,5,0,0,0,1,1,5,1,25,5,1984,1,11,-1,-1,-1
2018030302982,1,5,0,18,0,0,1,0,0,0,3,1,5,1,60,9,849,1,17,4,3,4
2018030303034,1,9,0,18,0,0,0,0,0,0,1,1,5,2,68,10,1248,1,6,-1,-1,-1
2018030303034,2,9,0,9,0,0,0,0,0,0,3,1,5,1,41,7,2777,2,9,-1,-1,-1
2018030303047,1,9,0,18,0,0,0,0,0,0,3,1,6,1,26,6,1596,1,9,5,3,5
2018030303047,2,9,0,18,0,0,0,0,0,0,3,1,6,1,26,6,2401,2,16,2,1,2
2018030303066,1,1,0,18,0,0,0,11,0,0,1,1,5,1,31,6,-1,-1,-1,-1,-1,-1
2018030303066,2,9,0,5,0,0,0,0,0,0,3,1,6,1,28,6,1395,8,2,8,3,8
2018030303207,1,9,0,18,0,0,0,0,0,0,1,1,6,1,37,7,1910,2,10,6,2,6
2018030303207,2,9,0,18,0,0,0,0,0,0,1,1,6,2,28,6,-1,-1,-1,3,1,3
2018030303216,1,9,0,9,0,5,0,0,0,0,1,1,5,2,38,7,1560,2,1,1,2,1
2018030303216,2,5,0,18,0,1,0,0,0,0,3,1,5,1,49,8,800,1,2,6,1,6
2018030303236,1,9,0,16,0,0,0,0,0,0,1,1,6,1,35,6,1499,2,1,4,2,4
2018030303236,2,9,0,17,0,0,0,0,0,0,1,1,6,2,61,9,2902,2,10,2,2,2
2018030303242,1,9,2,16,0,5,0,0,0,0,4,1,6,3,-1,-1,-1,-1,-1,-1,-1,-1
2018030303242,2,1,0,16,0,5,0,0,0,0,3,1,6,2,67,10,-1,-1,-1,6,1,6
2018030303254,1,11,0,18,0,0,0,0,0,0,0,1,1,1,-1,-1,-1,-1,-1,2,1,2
2018030303274,1,9,0,18,0,0,0,5,1,11,1,1,5,1,25,5,1560,2,11,4,2,4
2018030303274,2,9,0,2,9,0,0,0,0,0,2,1,6,1,66,10,-1,-1,-1,7,3,7
2018030303274,3,9,0,2,9,0,0,0,0,0,0,1,6,3,-1,-1,1999,2,-1,6,3,6
2018030303317,1,9,0,18,0,0,0,0,0,0,3,1,6,1,29,6,-1,-1,-1,-1,-1,-1
2018030303317,2,9,0,18,0,0,0,0,0,0,1,1,6,2,34,6,1560,2,5,3,1,3
2018030303423,1,8,0,18,0,0,0,0,2,11,1,1,1,1,29,6,-1,-1,-1,6,2,6
2018030303513,1,9,0,9,0,0,0,0,0,0,1,1,6,1,51,8,-1,-1,-1,10,3,10
2018030303513,2,9,0,18,0,0,0,0,0,0,1,1,6,1,61,9,1197,1,1,10,2,10
2018030303531,1,9,0,16,0,0,1,0,0,0,3,1,5,1,21,5,1597,1,25,-1,-1,-1
2018030303573,1,9,0,9,0,0,0,0,0,0,1,1,6,2,34,6,1753,2,10,-1,-1,-1
2018030303573,2,9,0,18,0,0,0,0,0,0,3,1,6,2,28,6,2231,2,11,6,-1,6
2018030303661,1,9,0,18,0,0,0,0,1,0,1,1,4,2,18,4,1390,1,5,9,2,9
2018030303725,1,9,0,18,0,0,0,0,0,0,1,1,6,1,17,4,1390,1,11,8,1,8
2018030303725,2,1,0,18,0,0,0,0,0,0,3,1,2,1,53,8,-1,-1,-1,10,1,10
2018030303846,1,9,0,6,0,0,0,0,0,0,1,1,2,3,44,7,-1,-1,-1,2,2,2
2018030303846,2,1,0,18,0,0,0,0,0,0,1,1,2,1,54,8,-1,-1,-1,5,1,5
2018030304433,1,9,0,18,0,0,1,0,0,0,1,1,2,1,18,4,1998,1,20,8,2,8
2018030304433,2,90,0,18,0,0,0,0,0,0,1,1,2,1,80,11,420,1,2,7,3,7
2018030304482,1,9,0,18,0,0,0,0,0,0,1,1,6,1,53,8,1997,12,6,3,1,3
2018030304482,2,8,0,18,0,0,0,0,0,0,2,1,6,1,53,8,-1,-1,-1,3,1,3
2018030304482,3,98,0,18,0,0,0,0,0,0,2,1,6,1,60,9,-1,-1,-1,7,3,7
2018030304535,1,9,0,9,0,6,0,0,0,0,1,1,5,1,21,5,1968,2,5,3,3,3
2018030304535,2,2,0,16,0,8,1,0,0,0,4,1,5,1,35,6,125,1,-1,1,1,1
2018030304917,1,9,0,16,0,0,1,0,0,0,1,1,5,1,23,5,1580,1,29,8,1,8
2018030304917,2,9,0,18,0,0,0,0,0,0,1,1,5,2,37,7,1995,2,5,5,3,5
2018030304954,1,9,0,18,0,0,0,0,1,0,1,1,6,2,20,4,1242,1,15,6,3,6
2018030305051,1,9,0,18,0,2,0,0,0,0,0,1,1,1,47,8,1499,1,1,4,2,4
2018030305051,2,1,0,18,0,2,0,0,0,0,0,1,1,1,26,6,-1,-1,-1,7,1,7
2018030305131,1,9,0,16,0,0,1,0,7,0,1,1,5,1,19,4,1968,2,3,5,2,5
2018030305131,2,9,0,17,0,0,0,0,0,0,1,1,5,1,70,10,1896,2,9,5,3,5
2018030305298,1,9,0,18,0,1,0,4,0,0,3,1,6,1,62,9,1197,1,2,9,1,9
2018030305298,2,9,0,2,0,2,0,0,0,0,2,1,6,1,-1,-1,2967,2,3,8,3,8
2018030305333,1,19,0,18,0,0,0,0,0,0,4,1,6,1,36,7,2494,2,12,6,1,6
2018030305395,1,19,0,7,0,4,0,0,0,0,0,1,6,3,-1,-1,2151,2,15,-1,-1,-1
2018030305395,2,9,0,18,0,8,0,0,0,0,1,1,6,1,64,9,-1,-1,-1,1,1,1
2018030305395,3,9,0,18,0,8,0,0,0,0,3,1,1,1,64,9,1598,2,4,8,1,8
2018030305421,1,9,0,18,0,0,1,0,0,0,1,1,5,2,23,5,1596,1,5,-1,1,-1
2018030305421,2,9,0,18,0,0,0,0,0,0,2,1,5,2,52,8,1242,1,5,6,2,6
2018030305457,1,1,0,17,0,0,2,0,0,0,1,1,5,1,67,10,-1,-1,-1,5,1,5
2018030305529,1,4,0,18,0,0,1,0,1,11,1,1,6,1,55,8,349,1,15,6,3,6
2018030305529,2,9,0,17,0,0,0,0,0,0,1,1,5,2,54,8,2996,1,4,10,1,10
2018030305574,1,19,0,9,0,5,0,0,0,0,4,1,1,1,27,6,2198,2,4,2,1,2
2018030305604,1,11,0,18,0,1,0,0,0,0,0,1,1,1,25,5,9000,2,7,1,1,1
2018030306838,1,5,0,17,0,0,1,0,0,0,1,1,5,1,20,4,599,1,19,-1,-1,-1
2018030306880,1,9,0,18,0,0,0,0,0,0,1,1,5,1,28,6,1248,1,10,8,1,8
2018030306948,1,9,0,1,0,0,0,4,0,0,2,1,5,1,61,9,1995,2,2,3,2,3
2018030306948,2,9,0,2,0,0,0,0,0,0,3,1,5,1,59,9,-1,-1,-1,5,3,5
2018030306990,1,9,0,1,0,0,0,0,0,0,3,1,5,1,-1,-1,1910,2,10,3,1,3
2018030307009,1,9,0,18,0,1,0,0,0,0,0,1,5,2,41,7,1896,2,11,1,2,1
2018030307051,1,9,0,18,0,0,0,0,0,0,1,1,2,1,29,6,2143,2,2,5,1,5
2018030307051,2,19,0,2,0,0,0,0,0,0,2,1,2,1,37,7,2198,2,4,3,1,3
2018030307051,3,9,0,2,0,0,0,0,0,0,2,1,2,2,25,5,1900,2,13,6,1,6
2018030307108,1,2,0,7,0,5,0,0,0,0,2,1,5,1,-1,-1,49,1,5,8,1,8
2018030307108,2,1,0,18,0,8,0,0,0,0,1,1,5,1,36,7,-1,-1,-1,5,1,5
2018030307120,1,9,0,18,0,0,0,0,0,0,1,1,5,2,28,6,1596,1,17,4,2,4
2018030307120,2,19,0,18,0,0,0,0,0,0,1,1,2,1,38,7,1995,2,4,10,3,10
2018030307142,1,21,1,18,0,0,0,0,0,0,0,1,1,1,21,5,12777,2,3,-1,3,-1
2018030307142,2,9,0,13,0,0,0,0,4,0,1,1,2,1,39,7,1493,2,7,5,1,5
2018030307161,1,9,0,18,0,0,0,0,0,0,1,1,6,1,24,5,1399,2,9,7,3,7
2018030307289,1,9,0,7,0,6,0,0,0,0,1,1,6,1,-1,-1,-1,-1,-1,-1,-1,-1
2018030307289,2,9,0,18,0,1,0,0,0,0,3,1,5,2,34,6,1900,2,14,2,1,2
2018030307290,1,9,0,14,0,0,0,0,0,0,1,1,6,2,39,7,-1,-1,-1,9,-1,9
2018030307290,2,9,0,5,0,0,0,0,0,0,1,1,6,1,49,8,2199,2,3,9,2,9
2018030307306,1,9,0,18,0,0,0,0,0,0,1,1,5,2,63,9,1598,2,1,6,3,6
2018030307306,2,19,0,18,0,0,0,0,0,0,2,1,1,1,57,9,1598,2,2,-1,-1,-1
2018030307328,1,9,0,18,9,1,0,10,7,0,3,1,6,2,82,11,1149,1,13,6,3,6
2018030307328,2,9,0,2,0,2,0,0,0,0,4,1,6,1,49,8,1968,2,7,5,1,5
2018030307348,1,4,0,16,0,0,0,0,7,11,1,1,5,1,52,8,-1,-1,-1,8,2,8
2018030307398,1,9,0,9,0,1,0,0,0,0,1,1,5,1,80,11,3200,2,8,5,2,5
2018030307398,2,1,0,18,0,1,0,0,0,0,1,1,6,2,39,7,-1,-1,-1,9,1,9
2018030307403,1,9,0,4,0,1,0,0,0,0,1,1,6,2,27,6,1560,2,7,5,2,5
2018030307403,2,9,0,4,0,1,0,0,0,0,2,1,6,1,46,8,1582,2,6,4,1,4
2018030307403,3,9,0,4,0,1,0,0,0,0,2,1,6,2,27,6,1560,2,6,4,1,4
2018030307446,1,9,0,9,0,1,0,0,0,0,3,1,5,1,75,10,1582,2,6,4,3,4
2018030307446,2,9,0,17,0,1,1,0,0,0,1,1,5,2,34,6,1461,2,8,1,1,1
2018030307478,1,9,0,7,0,6,0,0,0,0,1,1,5,2,62,9,1086,1,7,2,1,2
2018030307478,2,9,0,18,0,1,0,0,7,0,1,1,5,1,-1,-1,1242,1,7,5,3,5
2018030307492,1,1,0,18,0,0,0,0,0,0,1,1,6,1,31,6,-1,-1,-1,2,1,2
2018030307492,2,9,0,18,0,0,0,0,0,0,4,1,5,1,50,8,1560,2,8,1,1,1
2018030307530,1,9,0,16,0,1,1,0,0,0,1,1,5,2,20,4,1149,1,10,9,3,9
2018030307549,1,9,0,18,0,0,0,0,0,0,1,1,5,1,20,4,1398,1,1,1,1,1
2018030307629,1,9,0,16,0,0,1,0,7,0,1,1,6,1,20,4,1984,1,7,9,1,9
2018030307629,2,9,0,18,0,0,0,0,0,0,1,1,6,1,67,10,2987,2,-1,10,1,10
2018030307629,3,9,0,18,0,0,0,0,0,0,3,1,6,2,51,8,3498,1,13,5,2,5
2018030307629,4,9,0,18,0,0,0,0,0,0,1,1,6,1,30,6,1995,2,1,9,1,9
2018030307629,5,9,0,18,0,0,0,0,0,0,1,1,6,1,59,9,2148,2,16,5,3,5
2018030307765,1,1,0,18,0,0,0,11,0,0,1,1,6,1,47,8,-1,-1,-1,-1,-1,-1
2018030307787,1,9,0,4,0,1,0,0,0,0,3,1,6,2,64,9,2495,2,18,2,1,2
2018030307787,2,9,0,18,0,1,0,0,0,0,4,1,1,3,-1,-1,1560,2,4,-1,-1,-1
2018030307840,1,9,0,9,0,1,0,0,0,0,3,1,6,2,58,9,-1,-1,-1,2,1,2
2018030307840,2,3,0,18,0,1,0,0,0,0,0,1,6,1,17,4,-1,-1,-1,-1,-1,-1
2018030307865,1,9,0,17,0,1,0,0,0,0,4,1,5,2,45,7,1242,1,8,2,3,2
2018030307895,1,1,0,9,0,0,0,0,0,0,1,1,5,1,67,10,-1,-1,-1,9,1,9
2018030307895,2,9,0,18,0,0,0,0,0,0,1,1,6,1,80,11,2099,1,16,1,1,1
2018030307970,1,9,0,18,0,0,5,0,7,0,3,1,2,1,32,6,1753,2,8,1,1,1
2018030308006,1,9,0,18,0,0,0,0,0,0,1,1,1,1,40,7,1248,1,-1,5,1,5
2018030308006,2,9,0,18,0,0,0,0,0,0,2,1,1,1,39,7,2149,2,11,7,3,7
2018030308092,1,1,0,16,0,0,0,0,0,0,1,1,6,2,35,6,-1,-1,-1,-1,-1,-1
2018030308162,1,4,0,15,0,1,0,0,0,0,4,1,6,1,49,8,-1,-1,-1,3,3,3
2018030308162,2,9,0,10,0,1,0,0,0,0,3,1,1,2,29,6,998,1,4,6,2,6
2018030308854,1,9,0,18,0,0,5,0,0,0,1,1,5,1,33,6,1242,1,14,5,1,5
2018030308868,1,9,0,9,0,1,0,0,0,0,1,1,6,2,-1,-1,-1,-1,-1,-1,-1,-1
2018030308868,2,1,0,18,9,1,0,0,0,0,1,1,4,2,10,2,-1,-1,-1,-1,-1,-1
2018030308896,1,1,0,18,0,6,0,0,0,0,3,1,5,1,12,3,-1,-1,-1,3,1,3
2018030308896,2,9,0,18,0,8,0,0,0,0,1,1,5,2,28,6,1997,2,9,2,1,2
2018030308918,1,9,0,15,0,0,0,0,0,0,3,1,6,3,-1,-1,-1,-1,-1,-1,-1,-1
2018030308918,2,9,0,18,0,0,0,0,0,0,4,1,5,1,17,4,1242,1,14,1,1,1
2018030308924,1,4,0,15,0,1,0,0,1,11,3,1,1,1,49,8,1255,1,11,3,2,3
2018030308924,2,9,0,7,0,1,0,0,0,0,4,1,1,1,69,10,1560,2,5,9,1,9
2018030308939,1,9,0,18,0,1,0,0,0,0,4,1,6,2,-1,-1,-1,-1,-1,-1,-1,-1
2018030308939,2,1,0,18,0,1,0,0,0,0,3,1,2,1,46,8,-1,-1,-1,9,1,9
2018030308956,1,10,0,17,0,0,0,0,1,0,3,1,5,1,23,5,-1,-1,-1,4,1,4
2018030308956,2,9,0,16,0,0,0,0,0,0,3,1,5,1,61,9,1995,2,1,5,3,5
2018030308958,1,1,0,5,0,0,0,0,0,0,2,1,6,1,18,4,-1,-1,-1,5,3,5
2018030308958,2,9,0,18,0,0,0,0,0,0,1,1,6,1,36,7,1248,2,3,5,3,5
2018030308986,1,9,0,5,0,0,0,0,0,0,0,1,6,3,-1,-1,-1,-1,-1,-1,-1,-1
2018030308986,2,1,0,18,0,0,0,10,0,0,1,1,5,1,25,5,-1,-1,-1,1,1,1
2018030309004,1,5,0,16,0,0,0,0,8,11,1,1,5,2,60,9,745,1,-1,7,1,7
2018030309017,1,9,4,18,0,0,0,0,0,0,1,1,1,1,71,10,2402,2,9,6,3,6
2018030309017,2,9,0,4,0,0,0,0,0,0,2,1,5,2,59,9,1598,1,12,-1,-1,-1
2018030309036,1,5,0,18,0,0,1,0,0,0,3,1,6,1,44,7,1137,1,13,-1,2,-1
2018030309043,1,1,0,18,0,6,0,0,0,0,1,1,6,1,61,9,-1,-1,-1,5,2,5
2018030309043,2,9,0,4,0,1,0,0,0,0,4,2,5,2,49,8,1910,2,13,2,1,2
2018030309097,1,9,0,9,0,2,0,0,0,0,1,1,5,2,18,4,1240,1,12,6,2,6
2018030309097,2,8,0,18,0,1,0,0,7,0,1,1,1,2,41,7,1598,2,4,1,1,1
2018030309218,1,9,0,4,0,0,1,0,0,0,1,1,6,1,66,10,-1,-1,-1,5,3,5
2018030309218,2,9,0,4,0,0,0,0,0,0,2,1,6,1,68,10,-1,-1,-1,7,3,7
2018030309218,3,19,0,18,0,0,0,0,0,0,3,1,6,1,37,7,-1,-1,-1,3,1,3
2018030309250,1,9,0,18,0,1,0,0,0,0,1,1,6,1,18,4,1242,1,8,4,1,4
2018030309250,2,9,0,9,0,1,0,0,0,0,2,1,6,2,38,7,1968,2,3,3,1,3
2018030309257,1,4,0,13,0,0,0,0,0,0,0,1,5,1,69,10,600,1,14,3,-1,3