Accident_Index,Vehicle_Reference,Vehicle_Type,Towing_and_Articulation,Vehicle_Manoeuvre,Vehicle_Location-Restricted_Lane,Junction_Location,Skidding_and_Overturning,Hit_Object_in_Carriageway,Vehicle_Leaving_Carriageway,Hit_Object_off_Carriageway,1st_Point_of_Impact,Was_Vehicle_Left_Hand_Drive?,Journey_Purpose_of_Driver,Sex_of_Driver,Age_of_Driver,Age_Band_of_Driver,Engine_Capacity_(CC),Propulsion_Code,Age_of_Vehicle,Driver_IMD_Decile,Driver_Home_Area_Type,Vehicle_IMD_Decile
2018030309257,2,9,0,9,0,0,0,0,0,0,3,1,5,2,62,9,1498,1,2,8,3,8
2018030309263,1,9,0,4,0,1,0,0,0,0,1,1,5,1,75,10,1329,1,4,-1,1,-1
2018030309263,2,9,0,4,0,1,0,0,0,0,2,1,5,1,36,7,2231,2,5,7,2,7
2018030309315,1,9,0,18,0,0,0,0,0,0,1,1,5,1,31,6,1248,2,9,-1,-1,-1
2018030309315,2,9,0,4,0,0,0,0,0,0,2,1,5,2,37,7,1248,1,6,6,2,6
2018030309315,3,9,0,18,0,0,0,0,0,0,4,1,5,1,30,6,1995,2,2,5,1,5
2018030309315,4,9,0,18,0,0,0,0,0,0,4,1,5,1,71,10,2987,2,8,7,3,7
2018030309315,5,19,0,18,0,0,0,0,0,0,0,1,5,2,34,6,2198,2,6,-1,2,-1
2018030309405,1,9,0,18,0,1,0,0,1,0,1,1,1,1,58,9,1328,1,9,5,1,5
2018030309405,2,19,0,4,0,1,0,0,0,0,2,1,1,1,59,9,1598,2,-1,6,2,6
2018030309453,1,9,0,18,0,0,0,0,0,0,4,1,5,1,31,6,1968,2,11,6,3,6
2018030309552,1,9,0,18,0,1,0,0,0,0,1,1,6,1,40,7,2143,2,5,10,3,10
2018030309552,2,9,0,18,0,1,0,0,0,0,2,1,6,2,45,7,1598,1,13,9,3,9
2018030309570,1,9,0,4,0,0,0,0,0,0,1,1,5,2,75,10,1086,1,8,7,2,7
2018030309571,1,9,4,7,0,1,0,0,0,0,4,1,1,1,70,10,-1,-1,-1,3,2,3
2018030309571,2,1,0,18,0,1,0,0,0,0,4,1,2,1,59,9,-1,-1,-1,5,1,5
2018030309634,1,9,0,18,0,0,1,11,7,4,1,1,5,2,18,4,1390,1,6,6,1,6
2018030309648,1,9,0,18,0,0,0,0,0,0,1,1,5,1,45,7,-1,-1,-1,4,2,4
2018030309648,2,9,0,18,0,0,0,0,0,0,3,1,5,2,53,8,1248,1,-1,2,1,2
2018030309676,1,9,0,18,0,0,5,4,0,0,1,1,6,1,48,8,1997,2,2,3,1,3
2018030309676,2,9,0,2,0,0,0,4,0,0,2,1,6,3,-1,-1,-1,-1,-1,-1,-1,-1
2018030309676,3,9,0,2,0,0,0,0,0,0,2,1,6,3,-1,-1,-1,-1,-1,-1,-1,-1
2018030309683,1,9,4,18,0,0,4,0,0,0,3,1,1,1,74,10,-1,-1,-1,6,1,6
2018030309692,1,5,0,17,0,0,0,0,1,11,1,1,6,1,56,9,1043,1,4,9,2,9
2018030309693,1,9,0,9,0,0,0,0,1,11,1,1,5,1,47,8,-1,-1,-1,2,1,2
2018030310629,1,9,0,18,0,0,0,0,1,0,4,1,5,2,73,10,1396,1,10,3,1,3
2018030310629,2,19,0,18,0,0,0,0,0,0,0,1,6,1,-1,-1,2143,2,1,-1,-1,-1
2018030310695,1,9,0,17,0,0,0,0,1,4,1,1,6,2,60,9,1995,2,-1,5,3,5
2018030310756,1,9,0,15,0,0,0,0,0,0,1,1,5,1,66,10,1968,2,5,7,2,7
2018030310756,2,9,0,9,0,0,0,0,0,0,2,1,5,1,70,10,1339,1,8,8,2,8
2018030310756,3,1,0,18,0,0,0,0,0,0,1,1,5,1,61,9,-1,-1,-1,-1,3,-1
2018030310797,1,9,0,18,0,0,0,0,0,0,1,1,6,2,20,4,1956,2,4,-1,-1,-1
2018030310809,1,9,0,9,0,6,0,0,0,0,4,1,1,2,21,5,1364,1,2,5,3,5
2018030310809,2,3,0,18,0,8,5,0,0,0,1,1,2,1,29,6,-1,-1,-1,1,2,1
2018030310993,1,9,0,7,0,1,0,0,0,0,1,1,5,1,75,10,-1,-1,-1,9,2,9
2018030310993,2,9,0,7,0,1,0,0,0,0,2,1,2,2,28,6,1422,2,13,6,2,6
2018030311000,1,9,0,9,0,0,0,0,0,0,1,1,6,2,26,6,1796,1,16,10,1,10
2018030311000,2,9,0,18,0,0,0,0,0,0,1,1,6,2,33,6,1560,2,4,4,2,4
2018030311010,1,9,0,7,0,0,0,0,0,0,3,1,5,2,17,4,1399,2,12,7,1,7
2018030311010,2,9,0,18,0,0,0,0,0,0,2,1,5,1,18,4,1198,1,9,4,3,4
2018030311016,1,11,0,18,0,0,0,0,0,0,2,1,6,1,-1,-1,-1,-1,-1,-1,-1,-1
2018030311055,1,19,0,16,0,1,1,0,0,0,1,1,1,1,21,5,2143,2,1,5,1,5
2018030311055,2,1,0,17,0,2,0,0,0,0,1,1,5,2,10,2,-1,-1,-1,5,3,5
2018030311061,1,9,0,17,0,0,2,0,0,0,1,1,5,1,20,4,1422,2,3,8,1,8
2018030311107,1,9,0,7,0,6,0,0,0,0,2,1,5,2,47,8,1395,1,2,8,1,8
2018030311107,2,9,0,18,0,8,1,0,0,0,1,1,5,1,27,6,1781,1,28,6,3,6
2018030311110,1,9,0,7,0,0,0,0,1,2,1,1,5,2,19,4,1398,1,1,7,2,7
2018030311142,1,9,0,16,0,0,2,0,0,0,1,1,6,2,20,4,1108,1,17,-1,-1,-1
2018030311142,2,9,0,13,0,0,0,0,0,0,1,1,6,1,32,6,-1,-1,-1,8,1,8
2018030311149,1,19,0,16,0,0,0,10,1,0,1,1,1,1,50,8,1968,2,4,5,3,5
2018030311175,1,9,0,18,0,0,0,0,0,0,1,1,6,1,28,6,1328,1,16,6,3,6
2018030311175,2,9,0,3,0,0,0,0,0,0,2,1,6,1,27,6,-1,-1,-1,9,3,9
2018030311190,1,9,0,18,0,0,5,12,1,4,1,1,5,1,27,6,1984,1,6,-1,-1,-1
2018030311207,1,19,0,18,0,0,0,0,0,0,1,1,5,1,57,9,1998,2,14,1,1,1
2018030311207,2,9,0,18,0,0,0,0,0,0,1,1,5,1,54,8,2393,1,19,5,3,5
2018030311207,3,19,0,18,0,0,0,0,0,0,0,1,5,1,59,9,1461,2,9,2,2,2
2018030311269,1,9,0,18,0,0,0,0,0,0,4,1,2,1,56,9,1198,1,1,4,3,4
2018030311269,2,1,0,18,0,0,0,0,0,0,4,1,6,1,54,8,-1,-1,-1,7,1,7
2018030311321,1,8,0,17,0,8,0,0,0,0,3,1,1,2,42,7,1998,2,11,5,1,5
2018030311340,1,9,0,17,0,1,1,0,7,11,1,1,6,2,49,8,1796,1,13,5,3,5
2018030311340,2,9,0,16,0,2,0,0,0,0,1,1,2,1,49,8,1798,1,11,-1,3,-1
2018030311353,1,3,0,18,0,0,0,7,0,0,1,1,6,1,19,4,124,1,3,1,1,1
2018030311450,1,9,0,9,0,1,0,0,0,0,1,1,5,2,18,4,1248,1,5,4,2,4
2018030311450,2,9,0,18,0,1,1,0,7,11,3,1,5,2,56,9,1197,1,2,3,1,3
2018030311506,1,9,3,18,0,0,0,0,0,0,1,1,5,1,71,10,2231,2,4,-1,-1,-1
2018030311506,2,9,0,4,0,0,0,0,0,0,2,1,5,1,80,11,-1,-1,-1,5,3,5
2018030311506,3,21,1,4,0,0,0,0,0,0,2,1,1,1,55,8,12902,2,2,2,2,2
2018030312162,1,9,0,7,0,1,0,0,0,0,1,1,6,1,19,4,1984,1,11,2,1,2
2018030312162,2,19,0,18,0,1,0,0,0,0,0,1,6,1,55,8,2298,2,2,9,1,9
2018030312215,1,21,1,18,0,3,0,0,0,0,1,1,1,1,50,8,10837,2,-1,6,3,6
2018030312215,2,19,5,18,0,3,0,0,0,0,2,1,1,1,49,8,2402,2,10,4,1,4
2018030312287,1,9,0,16,0,1,0,0,0,0,1,1,6,1,29,6,1781,1,17,2,1,2
2018030312304,1,9,0,18,0,0,0,0,0,0,1,1,6,2,35,6,1332,1,9,-1,-1,-1
2018030312304,2,9,0,2,0,0,0,0,0,0,0,1,6,3,-1,-1,-1,-1,-1,-1,-1,-1
2018030312304,3,19,0,2,0,0,0,0,0,0,0,1,6,3,-1,-1,-1,-1,-1,-1,-1,-1
2018030312330,1,9,0,17,0,0,0,0,0,0,4,1,6,1,-1,-1,-1,-1,-1,-1,-1,-1
2018030312374,1,4,0,18,0,0,0,10,1,0,4,1,5,1,73,10,498,1,19,6,3,6
2018030312623,1,1,0,17,0,0,0,0,0,0,1,1,5,1,60,9,-1,-1,-1,-1,-1,-1
2018030312710,1,9,0,5,0,6,0,0,0,0,0,1,6,1,64,9,-1,-1,-1,9,1,9
2018030312710,2,19,0,18,0,2,0,0,0,0,2,1,1,1,68,10,1248,2,13,5,1,5
2018030312710,3,9,0,18,0,1,0,0,0,0,1,1,1,2,40,7,1197,1,2,5,2,5
2018030312710,4,9,0,18,0,1,0,0,0,0,1,1,1,1,25,5,1349,1,4,4,2,4
2018030312751,1,9,0,18,0,0,0,0,0,0,3,1,6,2,19,4,1386,1,14,4,1,4
2018030312764,1,9,0,16,0,0,0,0,0,0,3,1,6,1,30,6,999,1,1,-1,-1,-1
2018030312764,2,19,0,17,0,0,0,0,0,0,3,1,6,1,48,8,-1,-1,-1,1,1,1
2018030312946,1,5,0,18,0,0,1,0,0,0,1,1,6,1,26,6,748,1,14,2,1,2
2018030312946,2,9,0,18,0,0,0,0,0,0,2,1,6,2,53,8,1560,2,8,2,1,2
2018030312980,1,9,0,9,0,0,0,0,0,0,1,1,5,1,28,6,1968,2,6,5,3,5
2018030312980,2,9,0,18,0,0,0,0,0,0,1,1,5,1,56,9,-1,-1,-1,4,3,4
2018030313032,1,9,0,4,0,0,0,0,0,0,1,1,6,1,64,9,1582,2,4,1,2,1
2018030313032,2,19,0,3,0,0,0,0,0,0,2,1,6,1,36,7,-1,-1,-1,5,3,5
2018030313032,3,9,0,3,0,0,0,0,0,0,2,1,6,2,66,10,996,1,7,6,3,6
2018030313073,1,1,0,18,9,0,0,0,0,0,1,1,5,1,25,5,-1,-1,-1,3,1,3
2018030313073,2,9,0,8,0,0,0,0,0,0,4,1,5,2,69,10,998,1,-1,3,1,3
2018030313123,1,9,0,18,0,0,0,0,0,0,1,1,5,1,17,4,1560,2,11,8,2,8
2018030313177,1,9,0,14,0,0,1,0,7,0,1,1,5,1,44,7,1968,2,5,9,1,9
2018030313260,1,11,0,12,2,0,0,0,0,0,4,1,5,1,46,8,4500,2,7,2,1,2
2018030313260,2,19,0,2,2,0,0,0,0,0,3,1,5,1,42,7,2148,2,11,-1,-1,-1
2018030313352,1,9,0,18,0,0,0,11,1,2,4,1,5,2,48,8,1997,2,2,9,1,9
2018030313434,1,9,0,16,0,0,2,0,8,0,1,1,6,1,53,8,-1,-1,-1,3,1,3
2018030313455,1,97,0,7,0,0,0,0,0,0,1,1,5,1,54,8,-1,-1,-1,9,1,9
2018030313455,2,9,0,18,0,0,0,0,0,0,4,1,5,2,52,8,-1,-1,-1,9,2,9
2018030313484,1,9,0,13,0,0,0,0,0,0,1,1,5,1,58,9,-1,-1,-1,9,1,9
2018030313484,2,9,0,17,0,0,0,0,0,0,1,1,5,1,51,8,-1,-1,-1,10,1,10
2018030313484,3,9,0,17,0,0,0,0,0,0,1,1,5,1,50,8,-1,-1,-1,10,1,10
2018030313484,4,9,0,16,0,0,0,0,0,0,0,1,5,1,62,9,1248,2,3,6,3,6
2018030313577,1,9,0,9,0,0,0,0,0,0,1,1,5,1,78,11,1685,2,5,7,1,7
2018030313577,2,1,0,18,0,0,0,0,0,0,3,1,5,1,29,6,-1,-1,-1,7,-1,7
2018030313601,1,9,0,9,0,0,0,0,0,0,1,1,6,1,43,7,-1,-1,-1,4,1,4
2018030313601,2,9,0,18,0,0,0,0,0,0,1,1,6,2,23,5,1242,1,3,9,1,9
2018030313605,1,9,0,18,0,0,1,0,0,0,1,1,6,1,22,5,-1,-1,-1,4,2,4
2018030313605,2,9,0,18,0,0,0,0,0,0,1,1,6,1,69,10,1896,2,18,4,2,4
2018030313712,1,9,0,18,0,0,0,0,0,0,4,1,5,2,51,8,1582,2,9,6,3,6
2018030313712,2,9,0,18,0,0,0,0,0,0,1,1,5,1,19,4,1398,2,3,9,1,9
2018030313777,1,9,0,9,0,0,0,0,0,0,1,1,6,2,93,11,1242,1,7,9,3,9
2018030313777,2,1,0,18,0,0,0,0,0,0,1,1,6,1,44,7,-1,-1,-1,8,3,8
2018030313850,1,9,0,18,0,0,0,0,0,0,4,1,6,2,40,7,1956,2,7,3,3,3
2018030313874,1,3,0,7,0,0,0,0,0,0,1,1,2,1,54,8,125,1,2,8,1,8
2018030313874,2,9,0,7,0,0,0,0,0,0,4,1,2,1,22,5,-1,-1,-1,5,1,5
2018030314524,1,5,0,17,0,0,1,0,0,0,3,1,5,1,66,10,599,1,18,7,3,7
2018030314588,1,9,0,18,0,3,2,0,0,0,4,1,5,1,47,8,-1,-1,-1,1,1,1
2018030314588,2,9,0,18,0,8,0,0,0,0,3,1,5,1,32,6,1560,2,4,3,1,3
2018030314624,1,1,0,18,0,0,0,0,0,0,1,1,5,1,46,8,-1,-1,-1,8,2,8
2018030314624,2,9,0,18,0,0,0,0,0,0,1,1,6,1,61,9,2143,2,2,10,2,10
2018030314663,1,9,0,16,0,0,1,0,0,0,1,1,5,1,-1,-1,1596,1,12,-1,-1,-1
2018030314663,2,9,0,3,0,0,0,0,0,0,2,1,5,1,20,4,1339,1,9,4,2,4
2018030314673,1,9,0,9,0,6,0,0,0,0,3,1,5,1,26,6,-1,-1,-1,6,3,6
2018030314673,2,1,0,17,0,1,0,0,0,0,1,1,5,1,39,7,-1,-1,-1,4,2,4
2018030314804,1,9,0,9,0,5,0,0,0,0,1,1,5,1,42,7,1599,1,8,6,1,6
2018030314804,2,4,0,18,0,1,0,0,0,0,1,1,5,1,47,8,865,1,8,8,1,8
2018030314841,1,9,0,4,0,4,0,0,0,0,3,1,5,2,80,11,-1,-1,-1,9,1,9
2018030314841,2,19,0,18,0,4,0,0,0,0,4,1,1,1,21,5,2198,2,7,1,1,1
2018030314949,1,9,0,18,0,0,5,10,0,0,4,1,6,1,21,5,-1,-1,-1,7,2,7
2018030314972,1,9,0,5,0,0,0,0,0,0,3,1,2,2,25,5,2987,2,8,6,3,6
2018030314972,2,9,0,18,0,0,0,0,0,0,1,1,2,1,31,6,-1,-1,-1,8,1,8
2018030314996,1,9,0,17,0,0,2,0,0,0,1,1,6,1,18,4,1248,1,9,3,1,3
2018030315011,1,1,0,18,0,0,0,0,0,0,0,1,6,1,12,3,-1,-1,-1,1,1,1
2018030315138,1,9,0,17,0,2,0,0,0,0,1,1,5,2,51,8,1582,2,8,9,2,9
2018030315138,2,9,0,16,0,2,0,0,0,0,1,1,5,2,68,10,1328,1,12,8,2,8
2018030315155,1,9,0,9,0,5,0,0,0,0,4,1,6,2,53,8,1598,2,1,8,1,8
2018030315155,2,3,0,17,0,1,0,0,0,0,1,1,5,1,-1,-1,1103,1,-1,9,1,9
2018030315188,1,9,0,18,0,0,0,0,0,0,1,1,6,2,20,4,1242,1,2,5,3,5
2018030315188,2,9,0,18,0,0,0,0,0,0,2,1,6,2,25,5,1499,2,4,2,2,2
2018030315211,1,9,0,5,0,0,0,0,0,0,1,1,6,2,64,9,1968,2,2,2,1,2
2018030315211,2,1,0,18,0,0,0,7,0,0,4,1,5,2,43,7,-1,-1,-1,4,1,4
2018030315232,1,3,0,16,0,0,0,0,0,0,1,1,5,1,18,4,125,1,-1,1,1,1
2018030315232,2,9,0,17,0,0,0,0,0,0,1,1,5,1,-1,-1,-1,-1,-1,9,1,9
2018030315290,1,9,0,18,0,0,0,0,0,0,4,1,1,2,25,5,-1,-1,-1,-1,1,-1
2018030315290,2,1,0,18,0,0,0,0,0,0,1,1,6,1,46,8,-1,-1,-1,-1,-1,-1
2018030315331,1,9,0,13,0,0,0,0,0,0,1,1,5,1,31,6,1997,2,12,3,1,3
2018030315331,2,9,0,18,0,0,0,0,1,0,2,1,5,2,53,8,1198,1,6,4,1,4
2018030315331,3,9,0,18,0,0,0,0,0,0,1,1,5,1,50,8,1598,1,5,6,3,6
2018030315364,1,9,0,6,0,4,1,0,0,0,1,1,1,1,31,6,1388,1,13,1,1,1
2018030315364,2,9,0,18,0,8,2,0,7,4,3,1,5,1,35,6,1753,2,11,3,3,3
2018030315375,1,19,0,18,0,0,0,0,4,6,1,1,1,1,43,7,2143,2,7,4,1,4
2018030315435,1,9,0,18,0,0,0,0,0,0,1,1,6,1,44,7,1242,1,3,7,2,7
2018030315543,1,97,0,16,0,0,0,0,0,0,0,1,6,3,-1,-1,-1,-1,-1,-1,-1,-1
2018030315543,2,1,0,16,9,0,1,0,1,11,1,1,6,1,13,3,-1,-1,-1,8,1,8
2018030315554,1,9,3,18,0,0,1,0,1,11,1,1,5,1,70,10,2497,2,9,1,1,1
2018030315566,1,21,1,18,0,0,0,0,0,0,3,1,1,3,-1,-1,-1,-1,-1,-1,-1,-1
2018030315566,2,21,1,18,0,0,0,0,0,0,3,1,1,1,57,9,11705,2,12,-1,-1,-1
2018030315584,1,1,0,18,0,0,0,0,0,0,1,1,6,2,21,5,-1,-1,-1,10,2,10
2018030315616,1,9,3,18,0,0,4,7,2,0,1,1,5,1,55,8,-1,-1,-1,1,1,1
2018030315645,1,4,0,13,0,1,0,0,0,0,2,1,6,1,37,7,899,1,16,1,1,1
2018030315645,2,9,0,9,0,5,0,0,0,0,0,1,1,2,39,7,1390,1,3,4,1,4
2018030315681,1,9,0,18,0,0,0,0,0,0,1,1,1,2,48,8,-1,-1,-1,6,3,6
2018030315681,2,9,0,4,0,0,0,0,0,0,2,1,5,1,44,7,1969,2,2,8,2,8
2018030315704,1,3,0,18,0,0,0,0,0,0,0,1,5,1,18,4,125,1,1,2,1,2
2018030315713,1,9,0,18,0,0,0,0,0,0,4,1,3,2,34,6,1999,2,2,7,3,7
2018030316468,1,9,0,18,0,0,1,0,0,0,1,1,5,1,82,11,2199,2,3,5,3,5
2018030316468,2,17,4,4,0,0,3,0,0,0,1,1,1,1,58,9,-1,-1,-1,5,3,5
2018030316540,1,9,0,18,0,0,1,0,0,0,1,1,2,1,45,7,1299,1,18,1,1,1
2018030316540,2,9,0,18,0,0,0,0,0,0,4,1,6,1,68,10,1998,1,2,7,3,7
2018030316585,1,9,0,3,0,1,1,0,0,0,4,1,2,2,-1,-1,-1,-1,-1,-1,-1,-1
2018030316585,2,3,0,5,0,1,0,0,0,0,4,1,6,1,41,7,108,1,1,3,1,3
2018030316623,1,4,0,13,0,0,0,0,4,7,3,1,5,1,64,9,798,1,2,10,1,10
2018030316623,2,9,0,18,0,0,0,0,0,0,0,1,5,1,66,10,-1,-1,-1,8,1,8
2018030316731,1,9,0,18,0,0,5,2,4,6,1,1,1,1,35,6,1968,2,3,7,3,7
2018030316756,1,5,0,17,0,0,1,0,1,0,3,1,2,1,20,4,649,1,10,5,3,5
2018030316777,1,1,0,18,0,0,0,0,0,0,4,1,5,1,59,9,-1,-1,-1,6,3,6
2018030316995,1,98,0,18,0,0,0,0,0,0,0,1,6,3,-1,-1,-1,-1,-1,-1,-1,-1
2018030316995,2,2,0,18,0,0,0,0,0,0,1,1,6,1,-1,-1,50,1,-1,6,2,6
2018030317016,1,9,0,4,0,0,0,0,0,0,1,1,6,2,19,4,1242,1,3,4,2,4
2018030317016,2,9,0,3,0,0,0,0,0,0,2,1,6,1,37,7,1398,2,14,3,1,3
2018030317016,3,9,0,3,0,0,0,0,0,0,2,1,6,2,21,5,999,1,-1,4,1,4
2018030317042,1,9,0,17,0,1,0,4,0,0,1,1,6,2,65,9,996,1,3,4,3,4
2018030317042,2,9,0,16,0,2,0,0,0,0,4,1,6,2,54,8,1975,1,10,8,1,8
2018030317042,3,9,0,2,0,1,0,0,0,0,1,1,6,2,38,7,1686,2,4,1,2,1
2018030317042,4,19,0,2,0,2,0,0,0,0,2,1,6,1,26,6,2198,2,6,6,2,6
2018030317075,1,9,0,10,0,1,0,0,0,0,1,1,6,3,-1,-1,-1,-1,-1,-1,-1,-1
2018030317126,1,9,0,9,0,0,0,0,0,0,3,1,5,1,52,8,1200,1,-1,8,1,8
2018030317126,2,9,0,18,0,0,0,0,0,0,1,1,5,2,36,7,1248,1,2,4,1,4
2018030317145,1,9,0,5,0,6,0,0,0,0,1,1,5,1,83,11,1242,1,6,8,1,8
2018030317145,2,9,0,18,0,8,0,0,0,0,1,1,5,1,82,11,998,1,14,10,1,10
2018030317198,1,9,0,9,0,6,0,0,0,0,4,1,6,2,56,9,1998,1,5,7,3,7
2018030317198,2,5,0,18,0,8,0,0,0,0,1,1,6,1,41,7,998,1,10,8,1,8
2018030317205,1,9,0,18,0,2,0,0,0,0,1,1,5,1,25,5,1951,2,16,9,1,9
2018030317205,2,9,0,2,0,2,0,0,0,0,2,1,5,1,39,7,1560,2,7,8,1,8
2018030317210,1,9,0,18,0,0,2,0,5,6,1,1,6,1,58,9,-1,-1,-1,4,3,4
2018030317220,1,21,0,18,0,0,0,0,0,0,1,1,6,1,50,8,-1,-1,-1,5,1,5
2018030317220,2,9,0,18,0,0,0,0,0,0,2,1,6,1,45,7,2902,2,14,-1,3,-1
2018030317225,1,5,0,18,0,0,0,0,0,0,1,1,2,1,35,6,680,1,8,-1,-1,-1
2018030317225,2,9,0,18,0,0,0,0,0,0,1,1,2,2,50,8,-1,-1,-1,7,3,7
2018030317237,1,9,0,16,0,1,2,0,0,0,1,1,1,1,18,4,1149,1,17,10,1,10
2018030317252,1,9,0,7,0,0,0,0,0,0,1,1,2,1,80,11,1598,1,10,8,2,8
2018030317252,2,1,0,18,0,0,0,0,0,0,0,1,6,1,30,6,-1,-1,-1,-1,-1,-1
2018030317266,1,9,0,16,0,0,2,0,2,0,1,1,5,2,58,9,1199,1,15,9,3,9
2018030317291,1,9,0,17,0,0,5,0,1,11,1,1,2,2,42,7,1328,1,12,10,1,10
2018030317348,1,9,0,5,0,0,0,0,0,0,1,1,5,1,46,8,1598,2,1,-1,-1,-1
2018030317348,2,4,0,4,0,0,0,0,0,0,4,1,5,1,49,8,998,1,14,4,1,4
2018030317357,1,9,0,5,0,6,0,0,0,0,3,1,6,2,72,10,1499,1,-1,7,3,7
2018030317357,2,1,0,18,0,1,0,0,0,0,1,1,1,1,42,7,-1,-1,-1,2,2,2
2018030317466,1,9,0,16,0,0,0,0,0,0,1,1,1,1,-1,-1,1390,1,14,5,3,5
2018030317466,2,21,1,17,0,0,0,0,0,0,3,1,1,1,34,6,12777,2,5,-1,-1,-1
2018030318049,1,1,0,18,0,0,0,11,0,0,1,1,5,2,55,8,-1,-1,-1,-1,-1,-1
2018030318106,1,9,0,1,0,0,0,0,0,0,2,1,1,1,26,6,1969,2,-1,4,1,4
2018030318106,2,8,0,3,0,0,0,0,0,0,1,1,1,1,47,8,1598,2,2,1,1,1
2018030318123,1,9,0,18,0,6,0,0,1,11,1,1,5,2,-1,-1,1200,1,1,-1,3,-1
2018030318123,2,9,0,18,0,8,0,0,7,4,1,1,5,2,58,9,1586,1,2,6,3,6
2018030318123,3,9,0,4,0,1,0,0,0,0,0,1,6,3,-1,-1,-1,-1,-1,-1,-1,-1
2018030318162,1,9,0,18,0,0,0,0,0,0,1,1,1,1,28,6,1242,1,15,3,2,3
2018030318162,2,9,0,2,0,0,0,4,0,0,2,1,6,3,-1,-1,-1,-1,-1,-1,-1,-1
2018030318162,3,9,0,2,0,0,0,4,0,0,2,1,1,2,-1,-1,1598,2,7,-1,-1,-1
2018030318162,4,19,0,2,0,0,0,4,0,0,2,1,2,3,-1,-1,1560,2,1,-1,-1,-1
2018030318192,1,9,0,9,0,6,0,0,0,0,1,1,5,2,49,8,1997,2,14,7,2,7
2018030318192,2,9,0,18,0,1,1,0,1,11,1,1,2,2,23,5,1968,2,7,7,2,7
2018030318347,1,9,0,7,0,6,0,0,0,0,1,1,6,2,32,6,1900,2,14,5,1,5
2018030318347,2,9,0,18,0,8,0,0,0,0,4,1,6,2,26,6,1328,1,9,9,1,9
2018030318370,1,9,0,6,0,0,0,0,0,0,2,1,5,2,52,8,1968,2,4,7,1,7
2018030318370,2,8,0,18,0,0,0,0,0,0,1,1,1,1,53,8,1598,2,3,4,1,4
2018030318370,3,9,0,2,6,0,0,4,0,0,2,1,6,1,64,9,1951,2,15,6,3,6
2018030318410,1,9,0,15,0,0,0,0,0,0,4,1,2,1,40,7,1598,2,4,9,3,9
2018030318410,2,19,4,18,0,0,2,0,0,0,3,1,2,1,70,10,2999,2,6,8,1,8
2018030318481,1,11,0,9,0,0,0,0,0,0,1,1,1,1,55,8,6871,2,10,5,3,5
2018030318501,1,9,0,17,0,0,5,0,7,11,1,1,6,2,17,4,-1,-1,-1,2,2,2
2018030318525,1,2,0,4,0,0,1,0,0,0,1,1,2,1,16,4,49,1,3,7,3,7
2018030318525,2,9,0,3,0,0,0,0,0,0,2,1,2,2,61,9,1560,2,3,-1,-1,-1
2018030318759,1,9,0,7,0,1,0,0,0,0,1,1,6,2,52,8,1560,2,8,2,1,2
2018030318759,2,1,0,18,0,8,0,0,0,0,1,1,6,1,32,6,-1,-1,-1,2,1,2
2018030318781,1,5,0,18,9,0,1,0,1,0,1,1,2,1,34,6,649,1,-1,2,1,2
2018030318804,1,9,0,9,0,6,0,0,0,0,3,1,1,1,38,7,1598,1,10,5,1,5
2018030318804,2,9,0,18,0,2,0,0,0,0,1,1,5,1,31,6,2494,1,14,7,3,7
2018030318808,1,9,0,9,0,0,0,0,0,0,1,1,6,1,68,10,1197,1,2,1,1,1
2018030318808,2,9,0,18,0,0,0,0,0,0,4,1,6,2,19,4,1197,1,4,9,1,9
2018030318832,1,9,0,9,0,0,0,0,0,0,4,1,6,1,26,6,1499,2,1,-1,-1,-1
2018030318832,2,9,0,18,0,0,0,0,0,0,1,1,6,1,71,10,1242,8,1,3,3,3
2018030318863,1,9,0,14,0,0,0,0,0,0,1,1,5,2,22,5,1598,1,8,5,2,5
2018030318863,2,1,0,9,0,0,0,0,0,0,1,1,5,1,33,6,-1,-1,-1,5,2,5
2018030318871,1,9,0,10,0,5,0,0,0,0,1,1,5,2,18,4,999,1,-1,5,1,5
2018030318871,2,8,0,18,0,8,0,0,0,0,1,1,1,2,54,8,1598,2,3,1,1,1
2018030318904,1,9,0,18,0,0,0,0,0,0,1,1,5,1,50,8,1560,2,9,7,3,7
2018030318904,2,19,0,18,0,0,0,0,0,0,0,1,1,1,41,7,2402,2,7,1,1,1
2018030318930,1,9,0,18,0,0,0,0,0,0,1,1,5,1,75,10,2720,2,9,6,1,6
2018030318930,2,9,0,18,0,0,0,0,0,0,2,1,5,2,46,8,1461,2,2,6,2,6
2018030318930,3,9,0,18,0,0,0,0,0,0,2,1,5,1,75,10,1870,2,11,4,1,4
2018030318930,4,9,0,18,0,0,0,0,0,0,1,1,5,1,54,8,2495,2,17,5,1,5
2018030318978,1,9,0,18,0,0,2,0,1,10,4,1,5,1,18,4,1598,1,12,2,1,2
2018030319055,1,9,0,4,0,0,0,0,0,0,1,1,5,1,30,6,1796,1,18,3,1,3
2018030319055,2,8,0,4,0,0,0,0,0,0,2,1,1,1,41,7,1968,2,2,4,1,4
2018030319061,1,98,1,16,0,0,0,0,0,0,3,1,1,1,53,8,-1,-1,-1,10,1,10
2018030319061,2,19,0,17,0,0,0,0,1,9,1,1,1,1,65,9,2143,2,6,2,2,2
2018030319115,1,9,0,18,0,0,2,0,1,7,1,1,6,1,59,9,-1,-1,-1,1,1,1