Accident_Index,Vehicle_Reference,Vehicle_Type,Towing_and_Articulation,Vehicle_Manoeuvre,Vehicle_Location-Restricted_Lane,Junction_Location,Skidding_and_Overturning,Hit_Object_in_Carriageway,Vehicle_Leaving_Carriageway,Hit_Object_off_Carriageway,1st_Point_of_Impact,Was_Vehicle_Left_Hand_Drive?,Journey_Purpose_of_Driver,Sex_of_Driver,Age_of_Driver,Age_Band_of_Driver,Engine_Capacity_(CC),Propulsion_Code,Age_of_Vehicle,Driver_IMD_Decile,Driver_Home_Area_Type,Vehicle_IMD_Decile
2018030319131,1,9,0,5,0,0,0,0,0,0,1,1,2,1,17,4,1124,1,13,8,3,8
2018030319149,1,19,0,1,9,0,0,0,0,0,2,1,1,1,63,9,1598,2,3,6,1,6
2018030319176,1,9,0,5,0,6,0,0,0,0,1,1,5,2,30,6,1986,2,13,5,1,5
2018030319176,2,9,0,18,0,8,0,0,0,0,3,1,5,1,55,8,1769,1,13,5,3,5
2018030319227,1,9,0,18,0,0,0,0,0,0,1,1,6,2,45,7,-1,-1,-1,3,1,3
2018030319249,1,9,0,18,0,0,1,0,4,0,1,1,6,1,35,6,1397,1,8,2,1,2
2018030319249,2,21,1,18,0,0,0,0,0,0,1,1,6,1,41,7,12902,2,2,-1,-1,-1
2018030319933,1,9,0,18,0,0,1,0,0,0,1,1,5,2,33,6,998,1,1,4,1,4
2018030319933,2,9,0,18,0,0,1,0,0,0,1,1,5,2,80,11,1200,1,2,8,3,8
2018030319971,1,9,0,9,0,1,0,0,0,0,1,1,5,1,74,10,1968,2,4,6,3,6
2018030319971,2,9,0,18,0,1,0,0,0,0,1,1,5,2,44,7,1600,2,8,3,2,3
2018030320033,1,9,0,7,0,1,0,0,0,0,1,1,6,1,35,6,1956,2,7,3,1,3
2018030320033,2,9,0,18,0,1,0,0,0,0,4,1,6,1,66,10,-1,-1,-1,6,2,6
2018030320058,1,19,0,18,0,0,0,0,0,0,1,1,1,1,34,6,2298,2,-1,1,1,1
2018030320058,2,9,0,4,0,0,0,0,7,0,2,1,6,2,39,7,-1,-1,-1,1,1,1
2018030320058,3,9,0,4,0,0,0,0,1,0,2,1,6,1,58,9,1968,2,-1,10,2,10
2018030320076,1,97,0,18,9,0,0,0,0,0,3,1,6,3,-1,-1,-1,-1,-1,-1,-1,-1
2018030320083,1,9,0,5,0,0,0,0,0,0,3,1,6,2,33,6,1198,1,6,-1,-1,-1
2018030320083,2,1,0,18,0,0,0,0,0,0,3,1,2,1,46,8,-1,-1,-1,-1,-1,-1
2018030320091,1,9,0,18,0,0,0,0,0,0,1,1,6,1,47,8,1399,1,1,1,1,1
2018030320307,1,9,0,18,0,0,5,10,4,1,1,1,6,1,43,7,1997,2,16,2,1,2
2018030320333,1,19,0,5,0,0,0,0,0,0,4,1,6,3,-1,-1,-1,-1,-1,-1,-1,-1
2018030320382,1,9,0,18,0,0,0,0,0,0,1,1,5,1,31,6,1796,1,14,3,2,3
2018030320427,1,9,0,18,0,0,0,0,0,0,1,1,6,3,-1,-1,-1,-1,-1,-1,-1,-1
2018030320443,1,9,0,5,0,0,0,0,0,0,3,1,1,2,64,9,1461,2,-1,-1,-1,-1
2018030320443,2,19,0,15,0,0,0,0,0,0,4,1,1,1,53,8,2143,2,4,-1,3,-1
2018030320466,1,9,0,18,0,0,5,0,1,11,1,1,6,2,50,8,1461,1,7,2,1,2
2018030320660,1,9,0,18,0,1,0,0,0,0,1,1,5,2,78,11,1396,1,15,7,3,7
2018030320660,2,9,0,10,0,2,0,0,0,0,1,1,6,1,52,8,1587,1,13,7,3,7
2018030320660,3,21,0,18,0,1,0,0,0,0,1,1,1,1,59,9,10837,2,-1,6,3,6
2018030320708,1,9,0,16,0,0,2,0,8,4,1,1,5,1,31,6,2979,1,3,3,-1,3
2018030320788,1,9,0,18,0,0,0,0,7,4,1,1,5,1,84,11,998,1,3,6,2,6
2018030320884,1,9,0,5,0,1,0,0,0,0,1,1,5,2,32,6,1968,2,3,2,1,2
2018030320884,2,9,0,18,0,1,0,0,0,0,1,1,5,1,27,6,1399,2,9,4,1,4
2018030320887,1,9,0,4,0,0,0,0,0,0,1,1,6,1,38,7,1997,2,10,1,1,1
2018030320887,2,9,0,13,0,0,0,0,0,0,3,1,6,2,58,9,1497,1,13,6,3,6
2018030321010,1,9,0,18,0,0,0,0,0,0,1,1,5,2,25,5,1968,2,1,6,2,6
2018030321010,2,9,0,18,0,0,0,0,0,0,1,1,5,2,55,8,-1,-1,-1,8,1,8
2018030321051,1,9,0,18,0,0,0,4,0,0,1,1,6,3,-1,-1,-1,-1,-1,-1,-1,-1
2018030321051,2,9,0,2,0,0,0,4,0,0,2,1,1,1,30,6,2231,2,7,-1,1,-1
2018030321147,1,8,0,18,0,0,0,0,0,0,1,1,1,1,52,8,1910,2,11,2,1,2
2018030321147,2,9,0,18,0,0,0,0,0,0,2,1,5,2,29,6,1390,1,19,-1,-1,-1
2018030321190,1,9,0,7,0,0,0,0,0,0,0,1,5,2,65,9,1197,1,2,8,2,8
2018030321190,2,1,0,18,0,0,0,0,0,0,0,1,5,1,21,5,-1,-1,-1,8,1,8
2018030321295,1,9,0,17,0,0,0,0,0,0,1,1,2,1,27,6,1595,1,14,-1,1,-1
2018030321295,2,9,0,16,0,0,0,0,0,0,1,1,2,2,65,9,1198,1,7,10,2,10
2018030321387,1,9,0,18,0,0,0,0,0,0,1,1,6,1,18,4,-1,-1,-1,3,1,3
2018030321387,2,9,0,4,0,0,0,0,0,0,2,1,1,2,32,6,-1,-1,-1,9,1,9
2018030321410,1,9,0,16,0,0,5,0,8,10,1,1,5,1,41,7,-1,-1,-1,8,1,8
2018030321470,1,19,0,9,0,0,0,0,0,0,3,1,6,1,-1,-1,1248,2,12,3,2,3
2018030321470,2,9,0,18,0,0,0,0,7,9,1,1,6,1,27,6,2792,1,9,4,3,4
2018030321491,1,9,0,9,0,8,0,0,0,0,4,1,2,1,58,9,-1,-1,-1,3,1,3
2018030321491,2,3,0,18,0,8,2,0,0,0,1,1,6,1,18,4,98,1,27,2,1,2
2018030321550,1,9,0,18,0,1,0,0,0,0,1,1,1,1,21,5,1353,1,1,1,1,1
2018030321566,1,9,0,5,0,0,0,0,0,0,1,1,5,2,71,10,1997,2,2,5,3,5
2018030321566,2,5,0,4,0,0,0,0,0,0,2,1,5,1,59,9,599,1,19,9,2,9
2018030321887,1,9,0,5,0,2,0,0,0,0,2,1,5,1,86,11,1598,1,14,9,1,9
2018030321887,2,9,0,18,0,6,2,0,0,0,1,1,5,1,47,8,998,1,-1,4,1,4
2018030321915,1,9,0,18,0,1,0,0,1,10,1,1,6,1,36,7,1368,1,11,8,1,8
2018030321972,1,3,0,18,0,0,0,0,0,0,1,1,2,1,55,8,125,1,2,8,1,8
2018030321972,2,9,0,7,0,0,0,0,0,0,2,1,2,1,22,5,1968,2,13,5,1,5
2018030321991,1,3,0,17,0,0,0,0,0,0,1,1,6,2,19,4,125,1,7,5,3,5
2018030322230,1,9,0,18,0,0,0,0,0,0,1,1,5,2,32,6,1598,1,10,3,2,3
2018030322230,2,9,0,3,0,0,0,0,0,0,2,1,1,1,34,6,-1,-1,-1,8,1,8
2018030322290,1,9,0,5,0,0,0,0,0,0,1,1,6,1,27,6,1995,2,11,6,1,6
2018030322310,1,1,0,18,0,0,0,0,0,0,1,1,6,2,46,8,-1,-1,-1,7,2,7
2018030322310,2,9,0,3,0,0,0,0,0,0,1,1,6,2,43,7,1984,1,-1,7,3,7
2018030322366,1,3,0,17,0,0,0,0,0,0,1,1,2,1,33,6,124,1,2,2,2,2
2018030322366,2,9,0,16,0,0,0,0,0,0,3,1,2,2,59,9,1560,2,9,7,3,7
2018030322370,1,9,0,5,0,0,0,0,0,0,1,1,6,2,-1,-1,1968,2,3,8,2,8
2018030322370,2,9,0,9,0,0,0,0,0,0,1,1,6,2,41,7,1781,1,13,1,1,1
2018030322400,1,9,0,4,0,0,0,0,0,0,2,1,6,1,41,7,-1,-1,-1,7,1,7
2018030322400,2,9,0,3,0,0,0,0,0,0,0,1,5,1,61,9,1598,2,7,5,1,5
2018030322412,1,9,0,18,9,0,1,0,7,0,4,1,6,1,33,6,-1,-1,-1,3,2,3
2018030322412,2,9,0,18,0,0,0,0,0,0,1,1,1,1,51,8,1248,2,8,3,2,3
2018030322423,1,2,0,4,0,1,0,0,0,0,0,1,1,1,22,5,125,1,-1,4,1,4
2018030322444,1,9,0,4,0,0,0,0,0,0,1,1,1,1,61,9,1422,2,2,2,1,2
2018030322444,2,9,0,3,0,0,0,0,0,0,2,1,5,2,63,9,1329,1,5,3,1,3
2018030322496,1,9,0,5,0,0,0,7,0,0,1,1,6,2,62,9,1399,2,12,1,2,1
2018030322626,1,1,0,18,0,0,0,0,0,0,1,1,6,2,7,2,-1,-1,-1,6,2,6
2018030322626,2,9,0,18,0,0,0,0,0,0,4,1,6,2,41,7,1461,2,2,6,2,6
2018030322642,1,9,0,18,0,0,0,0,1,0,1,1,5,1,25,5,2000,1,9,5,1,5
2018030322642,2,21,1,7,0,0,0,0,0,0,4,1,1,1,60,9,10837,2,2,-1,1,-1
2018030322719,1,1,0,18,9,2,0,0,0,0,1,1,1,1,22,5,-1,-1,-1,3,1,3
2018030322719,2,9,0,18,0,2,0,0,0,0,1,1,5,2,30,6,1968,2,2,3,1,3
2018030322779,1,9,0,18,0,0,5,0,2,9,1,1,5,2,55,8,1398,2,11,7,3,7
2018030322798,1,9,0,5,0,0,0,0,0,0,1,1,5,1,21,5,2143,2,3,1,1,1
2018030322798,2,9,0,18,0,0,0,0,1,9,3,1,5,1,20,4,1364,1,8,3,2,3
2018030322818,1,98,0,18,0,0,0,0,1,0,1,1,1,1,27,6,-1,-1,-1,-1,-1,-1
2018030322818,2,9,0,18,0,0,0,0,0,0,2,1,2,1,49,8,1598,2,8,-1,1,-1
2018030322894,1,9,0,9,0,0,0,0,0,0,1,1,5,1,18,4,1584,1,10,2,1,2
2018030322894,2,9,0,18,0,0,0,0,0,0,1,1,5,1,50,8,1995,1,7,4,1,4
2018030322894,3,9,0,18,0,0,0,0,0,0,1,1,5,1,68,10,1995,2,2,8,1,8
2018030322958,1,9,0,5,0,0,0,0,0,0,1,1,5,1,68,10,1339,1,10,4,1,4
2018030322958,2,1,0,18,0,0,0,0,0,0,1,1,5,2,42,7,-1,-1,-1,4,1,4
2018030323943,1,9,0,16,0,0,0,0,0,0,1,1,5,1,64,9,-1,-1,-1,4,2,4
2018030323943,2,9,0,17,0,0,0,0,0,0,1,1,5,1,40,7,1995,2,2,2,1,2
2018030323991,1,9,0,10,0,1,0,0,0,0,1,1,2,2,55,8,1422,2,10,6,3,6
2018030323991,2,9,0,18,0,2,0,0,0,0,1,1,2,1,29,6,1149,1,16,8,2,8
2018030324015,1,19,0,9,0,4,1,0,0,0,1,1,6,1,81,11,-1,-1,-1,6,2,6
2018030324015,2,9,0,7,0,3,1,0,0,0,1,1,6,2,44,7,1984,1,11,2,1,2
2018030324043,1,9,0,18,0,0,0,0,0,0,1,1,5,2,17,4,-1,-1,-1,10,2,10
2018030324043,2,9,0,18,0,0,0,0,0,0,2,1,6,2,21,5,-1,-1,-1,6,2,6
2018030324068,1,9,0,18,9,5,0,0,7,0,1,1,5,2,18,4,1197,1,5,4,2,4
2018030324274,1,9,0,18,0,0,0,0,5,6,1,1,5,1,33,6,1968,2,-1,8,1,8
2018030324290,1,19,0,1,0,0,0,0,0,0,2,1,1,1,31,6,1560,2,1,6,1,6
2018030324291,1,9,0,18,0,0,0,0,0,0,1,1,2,2,30,6,1560,2,8,7,2,7
2018030324291,2,9,0,4,0,0,0,0,0,0,2,1,2,1,32,6,1598,1,14,10,1,10
2018030324324,1,9,0,12,0,3,0,0,0,0,1,1,6,3,-1,-1,-1,-1,-1,-1,-1,-1
2018030324324,2,1,0,18,0,3,0,0,0,0,1,1,5,1,36,7,-1,-1,-1,3,1,3
2018030324354,1,9,0,15,0,0,0,0,0,0,2,1,5,1,26,6,2143,2,3,6,2,6
2018030324354,2,9,0,18,0,0,0,0,4,0,1,1,5,2,25,5,999,1,4,5,1,5
2018030324354,3,9,0,18,0,0,0,0,0,0,1,1,5,2,55,8,1968,2,2,4,1,4
2018030324357,1,19,3,18,0,0,5,0,0,0,1,1,5,1,76,11,2299,2,4,6,3,6
2018030324357,2,9,0,18,0,0,0,0,1,0,3,1,5,2,76,11,1124,1,9,1,1,1
2018030324401,1,5,0,13,0,0,0,0,1,0,1,1,2,1,57,9,1299,1,10,3,3,3
2018030324401,2,21,1,18,0,0,0,0,0,0,1,1,1,1,60,9,12902,2,5,1,1,1
2018030324408,1,9,0,18,0,0,0,0,0,0,4,1,6,3,-1,-1,-1,-1,-1,-1,-1,-1
2018030324408,2,1,0,15,0,0,0,0,0,0,3,1,2,1,45,7,-1,-1,-1,4,1,4
2018030324424,1,97,0,18,0,1,0,0,0,0,1,1,5,1,55,8,-1,-1,-1,4,1,4
2018030324424,2,9,0,7,0,2,0,0,0,0,3,1,5,2,58,9,1995,2,10,7,3,7
2018030324430,1,9,0,18,0,0,5,0,1,7,4,1,1,1,56,9,-1,-1,-1,7,2,7
2018030324456,1,9,0,18,0,0,0,0,5,7,1,1,6,2,47,8,1197,1,1,2,1,2
2018030324457,1,3,0,18,0,0,0,0,0,0,0,1,5,1,79,11,85,1,17,9,1,9
2018030324473,1,19,0,18,0,0,0,0,0,0,3,1,1,1,23,5,2143,2,4,-1,-1,-1
2018030324473,2,9,0,18,0,0,0,0,0,0,3,1,5,1,74,10,1596,1,11,2,1,2
2018030324478,1,9,0,18,0,0,0,0,0,0,1,1,6,3,-1,-1,-1,-1,-1,-1,-1,-1
2018030324478,2,1,0,18,0,0,0,0,0,0,1,1,6,1,61,9,-1,-1,-1,9,3,9
2018030324490,1,9,0,9,0,8,0,0,0,0,1,1,5,1,44,7,1598,1,12,7,2,7
2018030324517,1,1,0,18,0,0,0,0,0,0,1,1,6,1,49,8,-1,-1,-1,8,1,8
2018030324548,1,9,0,4,9,0,0,0,0,0,4,1,5,1,26,6,1582,2,7,3,1,3
2018030324569,1,9,0,18,0,0,1,10,1,7,4,1,5,1,49,8,1461,2,14,7,1,7
2018030324569,2,9,0,18,0,0,0,4,0,0,4,1,5,1,24,5,1968,2,4,-1,1,-1
2018030324589,1,9,0,5,0,0,0,0,0,0,1,1,5,1,21,5,1968,2,13,6,3,6
2018030324589,2,9,0,18,0,0,0,0,0,0,1,1,5,1,66,10,1360,1,9,4,1,4
2018030324667,1,19,0,3,0,1,0,0,0,0,1,1,1,1,40,7,1995,2,-1,-1,-1,-1
2018030324667,2,9,0,3,0,1,0,0,0,0,2,1,5,2,39,7,1560,2,3,5,1,5
2018030324771,1,9,0,5,0,2,0,7,0,0,1,1,6,1,49,8,1598,2,3,5,1,5
2018030324796,1,9,0,1,0,0,0,0,0,0,2,1,6,2,78,11,1598,1,12,7,1,7
2018030324837,1,1,0,16,0,0,0,0,0,0,4,1,5,1,60,9,-1,-1,-1,-1,3,-1
2018030325029,1,1,0,18,0,0,0,0,0,0,1,1,5,2,51,8,-1,-1,-1,-1,-1,-1
2018030325029,2,1,0,18,0,0,0,0,0,0,2,1,5,1,-1,-1,-1,-1,-1,-1,-1,-1
2018030325043,1,9,0,18,0,0,0,0,0,0,4,1,6,3,-1,-1,-1,-1,-1,-1,-1,-1
2018030325082,1,9,0,7,0,8,0,0,0,0,4,1,5,2,26,6,1390,1,11,2,2,2
2018030325082,2,1,0,18,4,8,5,0,0,0,1,1,5,1,15,3,-1,-1,-1,7,-1,7
2018030325863,1,11,0,3,0,1,0,0,0,0,0,1,5,1,54,8,8268,2,14,3,1,3
2018030325907,1,9,0,18,0,0,0,0,0,0,4,1,5,1,72,10,-1,-1,-1,-1,-1,-1
2018030325935,1,19,0,15,0,0,0,0,0,0,2,1,3,1,42,7,2198,2,2,5,1,5
2018030325935,2,9,0,11,0,0,0,0,0,0,1,1,6,1,23,5,-1,-1,-1,6,1,6
2018030325961,1,9,0,18,0,0,0,0,0,0,1,1,5,1,86,11,796,1,11,-1,1,-1
2018030325961,2,9,0,2,0,0,0,4,0,0,3,1,5,3,-1,-1,-1,-1,-1,-1,-1,-1
2018030326019,1,9,0,3,0,0,0,0,0,0,1,1,6,2,18,4,998,1,4,-1,-1,-1
2018030326019,2,9,0,9,0,0,0,0,0,0,2,1,6,1,37,7,1986,2,12,7,3,7
2018030326055,1,9,0,5,0,0,0,0,0,0,1,1,1,2,92,11,1272,1,26,5,2,5
2018030326055,2,9,0,2,0,0,0,4,0,0,4,1,6,3,-1,-1,-1,-1,-1,-1,-1,-1
2018030326072,1,9,0,18,0,0,0,0,0,0,4,1,6,3,-1,-1,1598,1,12,-1,-1,-1
2018030326288,1,9,0,9,0,8,0,0,0,0,1,1,5,1,22,5,1360,1,10,1,1,1
2018030326322,1,17,4,16,0,0,0,0,0,0,1,1,1,1,17,4,5985,2,15,5,3,5
2018030326322,2,9,0,17,0,0,0,0,0,0,1,1,5,1,20,4,999,1,-1,2,2,2
2018030326371,1,9,0,6,0,8,0,0,0,0,1,1,6,1,37,7,1461,2,3,1,1,1
2018030326371,2,9,0,18,0,8,0,0,0,0,1,1,6,2,53,8,1149,1,14,3,1,3
2018030326451,1,98,1,12,0,0,0,0,0,0,0,1,6,3,-1,-1,-1,-1,-1,-1,-1,-1
2018030326451,2,9,0,18,0,0,0,0,0,0,1,1,5,1,46,8,2488,2,12,-1,1,-1
2018030326451,3,9,0,18,0,0,0,0,0,0,4,1,5,2,34,6,1240,1,14,6,1,6
2018030326507,1,9,0,18,0,0,0,4,0,0,1,2,5,2,73,10,1339,1,5,9,2,9
2018030326507,2,9,0,2,0,0,0,0,0,0,2,1,5,1,48,8,1396,1,6,9,3,9
2018030326543,1,98,0,18,0,0,0,0,0,0,3,1,1,1,54,8,-1,-1,-1,-1,3,-1
2018030326543,2,21,0,18,0,0,0,0,0,0,4,1,1,1,-1,-1,4462,2,5,1,1,1
2018030326546,1,5,0,16,0,0,1,0,0,0,3,1,6,1,53,8,1808,1,7,8,2,8
2018030326546,2,9,0,17,0,0,0,0,0,0,1,1,6,1,44,7,1461,2,7,7,2,7
2018030326566,1,4,0,16,0,0,1,0,0,0,4,1,5,1,34,6,600,1,15,8,1,8
2018030326584,1,9,0,18,0,0,0,4,0,0,1,1,1,1,59,9,1349,1,8,3,1,3
2018030326584,2,9,0,2,0,0,0,0,0,0,2,1,5,2,-1,-1,-1,-1,-1,3,1,3
2018030326592,1,9,0,18,0,0,0,0,0,0,4,1,5,1,76,11,1242,1,15,5,1,5
2018030326655,1,9,0,9,0,0,0,0,0,0,1,1,5,2,20,4,999,1,19,1,1,1
2018030326655,2,9,0,18,0,0,0,0,0,0,1,1,5,2,19,4,-1,-1,-1,6,3,6
2018030326701,1,9,0,18,0,0,0,0,0,0,1,1,6,2,55,8,1328,1,11,6,3,6
2018030326701,2,9,0,4,0,0,0,0,0,0,2,1,2,2,40,7,1598,1,10,6,2,6
2018030326751,1,9,0,5,0,0,0,0,0,0,4,1,6,2,-1,-1,-1,-1,-1,2,1,2
2018030326770,1,9,0,18,0,0,1,0,5,9,1,1,6,2,27,6,1149,1,8,1,1,1
2018030326811,1,9,0,18,0,0,0,0,0,0,1,1,6,1,32,6,1368,1,9,1,1,1
2018030326856,1,9,0,10,0,0,0,0,0,0,1,1,5,2,74,10,1998,1,21,6,2,6
2018030326856,2,9,0,18,0,0,1,0,0,0,1,1,1,1,42,7,1956,2,6,4,2,4
2018030327830,1,5,0,17,0,0,0,0,0,0,1,1,5,1,47,8,1050,1,1,3,3,3
2018030327830,2,9,0,16,0,0,0,0,0,0,1,1,5,2,54,8,2967,2,4,8,2,8
2018030327882,1,5,0,16,0,0,0,0,7,0,1,1,5,1,31,6,847,1,3,4,1,4
2018030327911,1,9,0,18,0,0,5,0,7,0,1,1,5,2,38,7,1870,2,11,1,1,1
2018030327911,2,9,0,18,0,0,0,0,0,0,0,1,6,1,59,9,1560,2,4,-1,-1,-1
2018030327941,1,9,0,18,0,0,1,0,1,11,1,1,1,1,47,8,1461,2,2,-1,1,-1
2018030327956,1,19,0,18,0,1,1,10,1,0,1,1,5,1,48,8,1968,2,4,7,2,7
2018030328190,1,98,0,18,0,0,0,0,0,0,1,1,1,1,59,9,-1,-1,-1,7,1,7
2018030328190,2,9,0,4,0,0,0,0,0,0,2,1,5,2,80,11,1796,1,8,10,1,10
2018030328201,1,21,1,18,0,0,1,0,0,0,2,1,1,1,22,5,12740,2,7,1,2,1
2018030328201,2,19,0,18,0,0,0,0,0,0,2,1,1,1,35,6,2198,2,3,3,3,3
2018030328201,3,19,0,18,0,0,0,0,1,6,2,1,6,1,50,8,1248,2,3,8,3,8
2018030328201,4,9,0,18,0,0,0,0,0,0,0,1,6,1,60,9,-1,-1,-1,7,3,7
2018030328224,1,9,4,18,0,8,0,0,0,0,4,1,6,3,-1,-1,-1,-1,-1,-1,-1,-1
2018030328224,2,1,0,9,0,8,0,0,0,0,1,1,1,1,57,9,-1,-1,-1,8,1,8
2018030328233,1,19,0,13,0,0,0,0,0,0,1,1,1,1,20,4,2496,2,18,2,1,2
2018030328233,2,1,0,18,0,0,0,0,0,0,2,1,6,1,67,10,-1,-1,-1,9,1,9
2018030328258,1,9,0,18,0,0,5,10,1,11,4,1,1,2,21,5,1598,1,10,6,3,6
2018030328277,1,9,0,9,0,5,0,0,0,0,4,1,2,1,34,6,1995,2,4,6,3,6
2018030328277,2,9,0,18,0,8,0,0,0,0,1,1,2,1,42,7,-1,-1,-1,6,3,6
2018030328277,3,9,0,10,0,1,0,0,0,0,1,1,6,2,41,7,1968,2,5,4,1,4
2018030328295,1,9,0,5,0,6,0,0,0,0,1,1,6,2,43,7,1497,8,2,8,1,8
2018030328298,1,8,0,18,0,0,0,11,0,0,1,1,1,1,52,8,1968,2,2,1,1,1
2018030328314,1,9,0,18,0,0,0,0,0,0,1,1,6,1,18,4,999,1,3,9,1,9
2018030328314,2,9,0,18,0,0,0,0,0,0,2,1,6,1,33,6,1984,1,-1,8,1,8
2018030328315,1,9,0,18,0,0,5,0,1,11,1,1,2,1,26,6,1685,2,1,1,2,1
2018030328322,1,8,0,9,0,0,0,0,0,0,1,1,1,1,56,9,1598,2,2,9,3,9
2018030328322,2,9,0,18,0,0,0,0,1,0,1,1,6,1,18,4,998,1,4,8,1,8
2018030328341,1,9,0,8,0,1,0,0,0,0,1,1,6,2,54,8,1390,1,8,6,2,6
2018030328388,1,90,0,18,0,0,0,0,0,0,3,1,1,2,25,5,-1,-1,-1,3,1,3
2018030328388,2,9,0,4,0,0,0,0,0,0,3,1,2,2,24,5,1598,1,5,8,3,8
2018030328414,1,17,4,16,0,0,0,0,0,0,0,1,1,1,26,6,-1,2,7,4,2,4
2018030328414,2,9,0,18,0,0,0,0,0,0,1,1,6,1,45,7,-1,-1,-1,5,2,5
2018030328540,1,9,0,1,0,1,0,0,0,0,4,1,5,1,92,11,1198,1,3,7,1,7
2018030328592,1,9,0,18,0,0,0,0,0,0,1,1,6,1,21,5,1242,1,5,6,2,6
2018030328592,2,21,0,3,0,0,0,0,0,0,2,1,1,1,20,4,-1,-1,-1,2,1,2
2018030328622,1,9,0,17,0,0,1,0,0,0,1,1,5,1,22,5,2457,1,12,1,1,1
2018030328622,2,9,0,16,0,0,0,0,1,0,1,1,5,1,61,9,1199,1,15,2,2,2
2018030328650,1,9,0,9,0,6,0,0,0,0,3,1,5,1,22,5,1598,2,8,-1,-1,-1
2018030328650,2,8,0,18,0,1,0,0,0,0,1,1,1,1,34,6,1598,2,5,3,1,3
2018030330098,1,9,0,18,0,0,0,0,0,0,1,1,5,1,24,5,1898,2,16,8,3,8
2018030330098,2,9,0,18,0,0,0,0,0,0,1,1,5,1,23,5,1995,2,6,7,3,7
2018030330196,1,3,0,17,0,1,2,0,0,0,1,1,5,1,19,4,125,1,1,2,1,2
2018030330214,1,5,0,14,0,0,1,0,0,0,1,1,5,1,49,8,1298,1,18,7,2,7
2018030330214,2,9,0,9,0,0,0,0,0,0,3,1,5,1,30,6,3993,1,5,5,1,5
2018030330259,1,3,0,18,0,1,0,10,0,0,1,1,6,1,17,4,125,1,6,7,2,7
2018030330259,2,9,0,8,0,1,0,0,0,0,1,1,6,1,49,8,1968,2,5,1,1,1
2018030330293,1,19,0,18,0,0,0,0,7,4,1,1,2,1,32,6,2987,2,9,3,1,3
2018030330346,1,9,0,18,0,0,0,0,0,0,1,1,5,2,73,10,1868,2,18,9,3,9
2018030330346,2,9,0,4,0,0,0,0,0,0,2,1,5,2,41,7,1197,1,4,9,2,9
2018030330423,1,9,0,18,0,3,0,9,3,11,1,1,6,1,30,6,1686,2,13,-1,-1,-1
2018030330456,1,11,0,4,0,0,0,0,0,0,0,1,1,1,44,7,4250,2,17,5,3,5
2018030330552,1,5,0,18,0,0,0,0,0,0,1,1,6,1,31,6,999,1,3,3,3,3
2018030330552,2,9,0,13,0,0,0,0,0,0,2,1,6,2,23,5,1398,1,-1,2,1,2
2018030330625,1,9,0,18,0,0,5,10,0,0,1,1,6,2,32,6,1997,2,8,6,3,6
2018030330674,1,9,0,12,0,0,0,0,0,0,1,1,5,1,56,9,1229,1,10,1,1,1
2018030330674,2,9,0,18,0,0,0,0,0,0,1,1,5,2,48,8,2982,2,13,6,3,6
2018030330695,1,9,0,16,0,0,0,0,7,11,1,1,5,1,45,7,2231,2,11,5,1,5
2018030330759,1,9,0,18,0,0,0,0,0,0,1,1,6,1,79,11,1396,1,16,2,1,2
2018030330779,1,9,0,5,0,0,0,0,0,0,1,1,5,1,42,7,1560,2,13,1,1,1
2018030330779,2,9,0,18,0,0,0,0,7,10,1,1,5,2,40,7,1084,1,-1,2,1,2
2018030330812,1,5,0,18,0,0,1,0,0,0,1,1,5,1,55,8,1085,1,15,6,3,6
2018030330812,2,9,0,10,0,0,0,0,0,0,2,1,5,1,70,10,999,1,1,8,1,8
2018030331701,1,4,0,18,0,1,0,0,0,0,0,1,5,1,24,5,745,1,13,1,1,1
2018030331943,1,9,0,10,0,8,0,0,0,0,4,1,1,1,22,5,1242,1,20,8,1,8
2018030331943,2,9,0,18,0,8,0,0,0,0,1,1,2,2,47,8,-1,-1,-1,6,1,6
2018030331973,1,9,0,18,0,0,0,0,0,0,3,1,5,1,-1,-1,-1,-1,-1,2,1,2
2018030331973,2,9,0,18,0,0,0,0,0,0,3,1,5,1,45,7,2179,2,5,9,3,9
2018030332238,1,9,0,18,0,0,0,0,0,0,1,1,6,2,58,9,1398,1,1,-1,2,-1
2018030332238,2,9,0,18,0,0,0,0,0,0,1,1,6,1,36,7,2143,2,1,5,1,5
2018030332238,3,9,0,18,0,0,0,0,0,0,1,1,6,1,56,9,2967,2,4,10,3,10
2018030332238,4,9,0,18,0,0,0,0,0,0,3,1,6,1,45,7,1998,2,3,7,3,7
2018030332238,5,9,0,18,0,0,0,0,0,0,1,1,6,1,51,8,1968,2,-1,9,1,9
2018030332241,1,19,0,18,0,2,0,0,0,0,3,1,1,1,30,6,1753,2,8,7,1,7
2018030332289,1,9,0,16,0,0,0,0,7,1,3,1,5,2,81,11,1197,1,3,9,1,9
2018030332338,1,21,0,17,0,0,2,0,2,9,3,1,1,1,64,9,-1,-1,-1,4,1,4
2018030332361,1,5,0,18,0,8,5,0,0,0,1,1,6,1,66,10,1352,1,1,4,1,4
2018030332361,2,9,0,9,0,5,0,0,0,0,2,1,6,1,26,6,1360,1,13,6,3,6