Accident_Index,Vehicle_Reference,Vehicle_Type,Towing_and_Articulation,Vehicle_Manoeuvre,Vehicle_Location-Restricted_Lane,Junction_Location,Skidding_and_Overturning,Hit_Object_in_Carriageway,Vehicle_Leaving_Carriageway,Hit_Object_off_Carriageway,1st_Point_of_Impact,Was_Vehicle_Left_Hand_Drive?,Journey_Purpose_of_Driver,Sex_of_Driver,Age_of_Driver,Age_Band_of_Driver,Engine_Capacity_(CC),Propulsion_Code,Age_of_Vehicle,Driver_IMD_Decile,Driver_Home_Area_Type,Vehicle_IMD_Decile
2018030345456,1,1,0,18,4,8,0,0,0,0,3,1,5,2,55,8,-1,-1,-1,8,1,8
2018030345456,2,9,0,7,0,8,0,0,0,0,1,1,5,1,20,4,1498,1,2,1,1,1
2018030345471,1,9,0,18,0,0,0,0,0,0,4,1,6,2,73,10,1296,1,11,5,3,5
2018030345471,2,9,0,18,0,0,0,0,0,0,1,1,6,1,54,8,2495,2,18,-1,-1,-1
2018030345490,1,9,0,9,0,6,0,0,0,0,1,1,2,2,25,5,1968,2,2,3,1,3
2018030345490,2,1,0,18,0,8,0,0,0,0,4,1,6,1,62,9,-1,-1,-1,5,1,5
2018030345501,1,9,0,16,0,0,1,6,0,0,1,1,6,1,18,4,1229,1,5,7,2,7
2018030345542,1,9,0,18,0,0,0,0,0,0,1,1,6,1,24,5,1242,1,15,1,2,1
2018030345542,2,19,0,2,0,0,0,4,0,0,0,1,6,3,-1,-1,-1,-1,-1,-1,-1,-1
2018030345542,3,9,0,2,0,0,0,4,0,0,0,1,6,3,-1,-1,1590,1,13,-1,-1,-1
2018030345548,1,9,0,18,0,1,0,0,0,0,1,1,2,2,41,7,1596,1,9,2,1,2
2018030345548,2,9,0,3,0,1,0,0,0,0,2,1,1,1,47,8,-1,-1,-1,2,1,2
2018030345558,1,9,0,4,0,1,0,0,0,0,3,1,5,2,-1,-1,1496,1,2,6,3,6
2018030345558,2,9,0,8,0,1,1,0,7,9,1,1,5,2,46,8,1398,1,2,9,1,9
2018030345559,1,98,0,18,0,0,0,0,7,9,1,1,5,1,67,10,-1,-1,-1,-1,-1,-1
2018030345586,1,9,0,13,0,3,0,0,0,0,4,1,6,1,82,11,1968,2,2,10,1,10
2018030345586,2,1,0,18,0,8,0,0,0,0,1,1,5,2,26,6,-1,-1,-1,5,3,5
2018030345591,1,9,0,16,0,0,2,0,0,0,1,1,1,1,35,6,1956,2,6,1,1,1
2018030345595,1,9,0,18,0,0,0,0,0,0,1,1,2,1,28,6,1794,1,11,6,3,6
2018030345608,1,9,0,9,0,0,0,0,0,0,1,1,6,2,54,8,1388,1,15,3,1,3
2018030345608,2,5,0,18,0,0,0,0,0,0,1,1,6,1,59,9,1262,1,-1,2,1,2
2018030345636,1,9,0,18,0,3,0,0,0,0,2,1,6,2,28,6,1248,2,6,8,1,8
2018030345636,2,9,0,18,0,3,0,0,0,0,2,1,6,2,44,7,1461,2,2,9,1,9
2018030345640,1,9,0,18,0,2,0,0,3,10,1,1,6,2,64,9,1598,1,9,4,2,4
2018030345663,1,9,0,18,0,0,5,4,0,0,1,1,5,1,72,10,1360,1,10,2,1,2
2018030345663,2,9,0,2,0,0,0,0,0,0,0,1,5,2,-1,-1,1587,1,8,1,1,1
2018030345671,1,9,0,7,0,1,0,0,0,0,2,1,1,1,56,9,2143,2,8,9,1,9
2018030345671,2,9,0,7,0,1,0,0,0,0,1,1,5,1,63,9,1398,2,15,2,1,2
2018030345674,1,9,0,18,0,0,0,0,0,0,1,1,5,2,57,9,998,1,9,10,3,10
2018030345689,1,9,0,8,0,8,0,0,0,0,3,1,6,3,-1,-1,-1,-1,-1,-1,-1,-1
2018030345689,2,1,0,18,0,8,0,0,0,0,1,1,5,2,14,3,-1,-1,-1,1,1,1
2018030345689,3,1,0,18,0,8,0,0,0,0,1,1,5,2,14,3,-1,-1,-1,-1,-1,-1
2018030345744,1,9,0,18,0,0,0,0,0,0,1,1,6,1,46,8,-1,-1,-1,-1,-1,-1
2018030345744,2,9,0,4,0,0,0,0,0,0,2,1,6,1,36,7,2393,2,1,-1,-1,-1
2018030345744,3,9,0,4,0,0,0,0,0,0,2,1,6,1,34,6,-1,-1,-1,-1,2,-1
2018030345757,1,3,0,18,0,0,0,0,0,0,1,1,6,1,14,3,124,1,5,-1,-1,-1
2018030345757,2,9,0,2,0,0,0,4,0,0,3,1,6,3,-1,-1,996,1,4,-1,-1,-1
2018030345757,3,9,0,2,0,0,0,4,0,0,3,1,6,2,25,5,-1,-1,-1,-1,-1,-1
2018030345783,1,9,0,9,0,5,0,0,0,0,1,1,6,1,52,8,1950,2,-1,-1,1,-1
2018030345783,2,9,0,18,0,8,0,0,0,0,4,1,6,1,21,5,998,1,3,7,3,7
2018030345783,3,9,0,5,0,5,0,0,0,0,1,1,6,2,37,7,1461,2,1,4,-1,4
2018030345796,1,9,0,5,0,1,0,0,0,0,1,1,2,1,73,10,1461,2,-1,5,3,5
2018030345796,2,9,0,10,0,2,0,0,0,0,2,1,2,2,42,7,998,1,4,5,2,5
2018030345816,1,9,0,18,0,0,0,0,0,0,1,1,6,1,62,9,1598,1,12,6,3,6
2018030345816,2,9,0,2,0,0,0,0,0,0,0,1,6,2,22,5,-1,-1,-1,9,1,9
2018030345834,1,19,0,5,0,0,0,0,0,0,1,1,6,1,49,8,1997,2,1,1,1,1
2018030345834,2,9,0,17,0,0,0,0,0,0,3,1,6,1,79,11,1598,1,7,8,1,8
2018030345899,1,9,0,4,0,0,0,0,0,0,1,1,6,2,-1,-1,-1,-1,-1,-1,-1,-1
2018030345910,1,1,0,18,0,0,0,0,0,0,1,1,6,1,57,9,-1,-1,-1,3,1,3
2018030345910,2,9,0,3,0,0,0,0,0,0,4,1,6,2,-1,-1,1496,1,1,3,1,3
2018030345924,1,9,0,4,0,0,0,0,0,0,3,1,6,1,68,10,1618,1,1,3,1,3
2018030345924,2,9,0,18,0,0,0,0,1,0,1,1,6,1,58,9,-1,-1,-1,1,1,1
2018030345942,1,9,0,9,0,0,0,0,0,0,3,1,6,1,77,11,-1,-1,-1,2,1,2
2018030345942,2,5,0,18,0,0,0,0,0,0,1,1,6,1,29,6,656,1,9,1,1,1
2018030345963,1,9,0,5,0,0,0,0,0,0,1,1,6,1,37,7,-1,-1,-1,2,1,2
2018030345963,2,9,0,5,0,0,0,0,0,0,2,1,6,1,53,8,2993,2,-1,-1,2,-1
2018030345963,3,9,0,5,0,0,0,0,0,0,0,1,6,1,43,7,-1,-1,-1,6,1,6
2018030346024,1,9,0,5,0,0,0,0,0,0,1,1,5,1,68,10,2231,2,12,3,1,3
2018030346024,2,1,0,9,0,0,0,0,0,0,2,1,5,1,15,3,-1,-1,-1,3,1,3
2018030346056,1,9,0,17,0,0,2,0,1,11,4,1,5,1,17,4,1242,1,1,6,3,6
2018030346088,1,9,0,9,0,6,0,0,1,0,3,1,5,2,17,4,-1,-1,-1,-1,-1,-1
2018030346088,2,9,0,18,0,1,0,0,0,0,1,1,5,1,21,5,1968,2,8,9,1,9
2018030346143,1,9,0,18,0,2,0,0,0,0,4,1,2,1,59,9,1598,1,13,-1,-1,-1
2018030346162,1,9,0,17,0,0,1,0,1,11,3,1,2,1,30,6,1998,2,13,1,1,1
2018030346573,1,9,0,18,0,3,0,0,0,0,1,1,2,2,80,11,-1,-1,-1,9,2,9
2018030346573,2,9,0,3,0,3,0,0,0,0,0,1,1,1,29,6,-1,-1,-1,-1,-1,-1
2018030346599,1,9,0,9,0,6,0,0,0,0,1,1,1,2,37,7,-1,-1,-1,5,3,5
2018030346599,2,4,0,18,0,1,0,0,0,0,1,1,1,1,-1,-1,249,1,24,3,2,3
2018030346609,1,9,0,1,0,0,0,0,0,0,2,1,5,1,-1,-1,998,1,10,5,3,5
2018030346609,2,9,0,2,0,0,0,0,0,0,2,1,5,1,-1,-1,1798,1,11,-1,-1,-1
2018030346622,1,9,0,4,0,6,0,0,0,0,3,1,6,3,-1,-1,-1,-1,-1,-1,-1,-1
2018030346622,2,1,0,18,0,1,0,0,0,0,1,1,2,1,34,6,-1,-1,-1,4,1,4
2018030346662,1,98,1,2,8,0,0,0,0,0,4,1,1,3,-1,-1,-1,-1,-1,-1,-1,-1
2018030346673,1,9,0,7,0,2,0,0,0,0,4,1,5,1,91,11,996,1,7,7,3,7
2018030346701,1,9,0,5,0,6,0,0,0,0,4,1,5,1,56,9,-1,-1,-1,7,1,7
2018030346701,2,9,0,18,0,1,0,0,0,0,3,1,5,1,19,4,1149,1,6,4,1,4
2018030346701,3,9,0,18,0,1,0,0,0,0,1,1,5,2,41,7,1582,2,7,-1,-1,-1
2018030346784,1,9,0,18,0,0,0,0,6,0,1,1,6,2,37,7,-1,-1,-1,3,1,3
2018030346789,1,9,0,13,0,0,2,0,1,0,1,1,5,1,19,4,2998,1,-1,3,1,3
2018030346789,2,9,0,18,0,0,0,0,0,0,0,1,1,1,41,7,1969,1,-1,1,1,1
2018030346829,1,9,0,18,0,6,0,0,0,0,3,1,5,1,33,6,-1,-1,-1,3,1,3
2018030346829,2,9,0,18,0,1,0,0,0,0,1,1,1,1,51,8,1956,2,6,6,3,6
2018030346840,1,9,0,18,0,0,0,0,1,11,1,1,5,2,19,4,2143,2,3,7,2,7
2018030346861,1,9,0,18,0,0,1,0,1,9,1,1,5,2,18,4,1198,1,13,6,3,6
2018030346882,1,9,0,18,0,1,0,0,0,0,1,1,6,1,32,6,3189,1,14,6,-1,6
2018030346919,1,9,0,18,0,2,0,0,0,0,0,1,6,3,-1,-1,-1,-1,-1,-1,-1,-1
2018030346919,2,9,0,18,0,1,0,0,0,0,1,1,5,2,79,11,1998,1,11,6,1,6
2018030346919,3,9,0,18,0,1,0,0,1,0,1,1,5,2,57,9,1598,2,5,6,3,6
2018030346954,1,9,0,18,0,0,0,0,7,10,3,1,5,1,25,5,1596,1,4,6,3,6
2018030346969,1,1,0,18,0,0,0,0,1,11,1,1,6,1,44,7,-1,-1,-1,-1,-1,-1
2018030346971,1,8,0,9,0,8,0,0,0,0,1,1,1,1,56,9,1598,2,3,7,1,7
2018030347109,1,9,0,1,0,0,0,0,0,0,1,1,6,3,-1,-1,-1,-1,-1,-1,-1,-1
2018030347139,1,9,0,5,0,4,0,0,0,0,1,1,6,1,-1,-1,1998,1,15,9,3,9
2018030347139,2,1,0,18,0,8,0,0,0,0,2,1,6,1,31,6,-1,-1,-1,9,1,9
2018030347168,1,9,0,5,0,6,0,0,0,0,1,1,5,1,-1,-1,1997,2,3,-1,-1,-1
2018030347168,2,9,0,18,0,1,0,0,0,0,4,1,5,2,58,9,-1,-1,-1,7,1,7
2018030347182,1,9,0,8,0,8,0,0,0,0,1,1,5,2,41,7,1598,1,15,1,1,1
2018030347182,2,2,0,8,0,8,0,0,0,0,4,1,5,1,17,4,49,1,8,6,2,6
2018030347270,1,9,0,18,0,1,1,0,0,0,1,1,1,2,23,5,1248,1,5,-1,-1,-1
2018030347270,2,9,0,3,0,2,0,0,0,0,2,1,1,1,35,6,-1,-1,-1,6,2,6
2018030347279,1,9,0,18,0,0,0,0,0,0,1,1,5,1,27,6,-1,-1,-1,-1,-1,-1
2018030347293,1,9,0,18,0,0,0,0,0,0,1,1,2,1,20,4,-1,-1,-1,4,2,4
2018030347307,1,9,0,5,0,4,0,0,0,0,1,1,6,1,63,9,1206,1,7,1,1,1
2018030347307,2,1,0,18,0,3,0,0,0,0,4,1,5,1,34,6,-1,-1,-1,3,1,3
2018030347346,1,9,0,18,0,3,0,0,0,0,1,1,1,2,63,9,1200,1,-1,5,1,5
2018030347346,2,9,0,3,0,3,0,0,0,0,2,1,1,1,41,7,1969,1,-1,2,1,2
2018030347502,1,19,0,4,0,6,0,0,0,0,1,1,2,1,54,8,1753,2,6,1,1,1
2018030347502,2,1,0,18,0,8,0,0,0,0,1,1,2,2,42,7,-1,-1,-1,4,1,4
2018030347534,1,9,0,7,0,6,0,0,0,0,1,1,2,1,17,4,998,1,7,7,2,7
2018030347534,2,9,0,18,0,1,0,0,0,0,4,1,2,1,43,7,1998,8,-1,9,2,9
2018030347632,1,9,0,13,0,1,0,0,0,0,4,1,5,1,75,10,1995,2,7,9,2,9
2018030347632,2,2,0,9,0,5,0,0,0,0,3,1,2,1,17,4,50,1,1,5,3,5
2018030347694,1,17,4,18,0,0,1,0,0,0,3,1,1,1,28,6,6702,2,8,6,3,6
2018030347694,2,9,0,4,0,0,0,0,0,0,3,1,2,1,55,8,1991,2,11,6,2,6
2018030347704,1,11,0,18,0,0,0,0,0,0,4,1,3,3,-1,-1,8268,2,13,-1,-1,-1
2018030347747,1,9,0,18,0,0,0,0,0,0,1,1,5,1,82,11,1498,1,-1,3,2,3
2018030347747,2,9,0,18,0,0,0,0,0,0,2,1,1,1,26,6,2979,1,2,8,1,8
2018030347747,3,9,0,18,0,0,0,0,0,0,2,1,1,1,43,7,1598,1,5,7,1,7
2018030347766,1,9,0,12,0,0,0,0,5,6,1,1,5,1,24,5,-1,-1,-1,2,1,2
2018030347766,2,11,0,18,0,0,0,0,0,0,2,1,1,1,51,8,9000,2,8,1,1,1
2018030347782,1,9,0,18,0,1,0,0,0,0,1,1,6,1,35,6,1598,2,6,3,1,3
2018030347782,2,9,0,3,0,1,0,0,0,0,2,1,6,1,19,4,1197,1,4,4,3,4
2018030348098,1,9,0,18,0,1,0,0,0,0,1,1,6,1,75,10,1598,1,6,9,1,9
2018030348098,2,21,1,18,0,1,0,0,0,0,2,1,1,1,55,8,11120,2,2,3,1,3
2018030348135,1,9,0,5,0,6,0,0,0,0,4,1,2,1,59,9,2457,1,17,7,1,7
2018030348135,2,1,0,18,4,1,0,0,0,0,1,1,2,1,33,6,-1,-1,-1,5,1,5
2018030348199,1,9,0,3,0,1,0,0,0,0,1,1,6,1,57,9,1951,2,14,5,1,5
2018030348199,2,97,0,3,0,1,0,0,0,0,2,1,6,1,65,9,-1,-1,-1,4,1,4
2018030348199,3,9,0,10,0,5,0,0,0,0,2,1,6,1,59,9,1968,2,3,2,1,2
2018030348221,1,9,0,5,0,4,0,0,0,0,3,1,6,2,45,7,1560,2,1,8,3,8
2018030348221,2,1,0,18,0,5,5,0,0,0,4,1,6,1,65,9,-1,-1,-1,7,3,7
2018030348238,1,98,0,18,0,0,0,0,0,0,1,1,1,1,38,7,-1,-1,-1,6,2,6
2018030348238,2,9,0,18,0,0,0,0,0,0,2,1,5,1,38,7,998,1,8,4,1,4
2018030348327,1,21,4,18,0,0,5,0,1,0,4,1,1,1,58,9,-1,-1,-1,3,1,3
2018030348328,1,9,0,18,0,0,0,0,0,0,1,1,6,1,-1,-1,1368,1,8,8,1,8
2018030348328,2,9,0,3,0,0,0,0,0,0,2,1,5,2,47,8,1998,1,13,6,2,6
2018030348336,1,1,0,18,0,2,0,0,0,0,1,1,5,1,33,6,-1,-1,-1,5,1,5
2018030348362,1,9,0,1,0,6,0,0,0,0,2,1,6,3,-1,-1,-1,-1,-1,-1,-1,-1
2018030348386,1,9,0,16,0,0,0,0,2,11,1,1,5,1,29,6,1149,1,7,4,1,4
2018030348557,1,9,0,18,0,1,0,0,0,0,1,1,5,2,52,8,-1,-1,-1,5,1,5
2018030348580,1,9,5,18,0,0,0,0,0,0,2,1,5,1,31,6,2393,2,1,4,2,4
2018030348651,1,9,0,9,0,0,0,0,0,0,1,1,6,1,69,10,1968,2,12,1,1,1
2018030348651,2,1,0,18,0,0,0,0,0,0,4,1,6,1,47,8,-1,-1,-1,-1,-1,-1
2018030348749,1,3,0,18,0,8,0,0,0,0,1,1,6,1,26,6,124,1,12,3,1,3
2018030348749,2,9,0,18,0,8,0,0,0,0,3,1,5,1,43,7,1685,2,6,2,1,2
2018030348943,1,9,0,16,0,0,0,0,0,0,1,1,6,1,-1,-1,995,1,9,6,3,6
2018030348996,1,9,0,17,0,0,1,0,0,0,1,1,6,3,-1,-1,1364,1,11,-1,-1,-1
2018030348996,2,9,0,16,0,0,1,0,0,0,1,1,5,1,23,5,998,1,5,7,2,7
2018030349029,1,19,0,18,0,0,0,4,0,0,1,1,5,1,31,6,1998,2,13,8,3,8
2018030349029,2,9,0,2,0,0,0,0,0,0,0,1,6,1,51,8,-1,-1,-1,7,2,7
2018030349029,3,9,0,2,0,0,0,0,0,0,0,1,6,2,66,10,1497,8,-1,7,2,7
2018030349075,1,9,0,18,0,2,0,0,0,0,1,1,3,2,65,9,-1,-1,-1,-1,-1,-1
2018030349096,1,9,0,16,0,0,1,0,7,11,1,1,5,1,40,7,1968,2,6,6,3,6
2018030349128,1,9,0,1,0,0,0,0,0,0,3,1,6,1,58,9,1422,2,1,8,-1,8
2018030349128,2,9,0,2,0,0,0,0,0,0,3,1,6,1,35,6,2184,2,9,-1,-1,-1
2018030803282,1,19,0,2,0,0,0,0,0,0,0,1,5,1,46,8,-1,-1,-1,8,1,8
2018030803282,2,9,0,18,0,0,0,4,0,0,2,1,3,1,46,8,1968,2,7,1,1,1
2018030803330,1,19,0,18,0,1,0,0,0,0,1,1,1,1,20,4,2198,2,6,6,3,6
2018030803330,2,9,0,10,0,1,0,0,0,0,0,1,6,1,52,8,1968,2,2,9,1,9
2018030803330,3,9,0,10,0,1,0,0,0,0,0,1,6,2,47,8,1968,2,3,9,1,9
2018030803330,4,1,0,18,0,1,0,0,0,0,0,1,6,1,40,7,-1,-1,-1,8,1,8
2018030803353,1,9,0,18,0,0,0,0,0,0,1,1,1,1,52,8,1586,1,-1,6,1,6
2018030803353,2,90,0,18,0,0,0,0,0,0,2,1,5,1,80,11,1968,1,25,9,3,9
2018030803362,1,9,0,4,0,0,0,0,0,0,1,1,5,1,47,8,1390,1,16,5,2,5
2018030803362,2,9,0,4,0,0,0,0,0,0,2,1,5,2,67,10,1339,1,8,10,3,10
2018030803369,1,9,0,5,0,6,0,0,0,0,1,1,6,3,-1,-1,-1,-1,-1,-1,-1,-1
2018030803369,2,1,0,18,0,8,0,0,0,0,0,1,6,1,28,6,-1,-1,-1,5,3,5
2018030803456,1,11,0,18,0,2,0,0,0,0,0,1,1,1,52,8,9000,2,7,5,1,5
2018030803462,1,9,0,1,8,6,0,0,0,0,2,1,6,2,-1,-1,1242,1,5,-1,-1,-1
2018030803470,1,9,0,18,0,6,0,0,0,0,4,1,6,1,33,6,1968,2,6,3,1,3
2018030803470,2,9,0,18,0,1,1,0,0,0,3,1,6,2,23,5,1199,1,15,3,1,3
2018030803470,3,9,0,18,0,1,0,0,0,0,1,1,6,2,34,6,-1,-1,-1,5,1,5
2018030803480,1,9,0,18,0,8,0,0,0,0,1,1,2,1,50,8,1597,2,-1,9,1,9
2018030803481,1,9,0,18,0,4,0,0,0,0,1,1,2,1,24,5,2993,2,2,7,3,7
2018030803481,2,9,0,3,0,4,0,0,0,0,2,1,2,1,32,6,1499,2,-1,-1,-1,-1
2018030803481,3,9,0,3,0,4,0,0,0,0,2,1,6,1,57,9,1896,2,11,7,2,7
2018030803481,4,9,0,3,0,4,0,0,0,0,2,1,6,1,40,7,1598,2,2,9,-1,9
2018030803492,1,9,0,18,0,0,0,0,0,0,4,1,5,2,23,5,1598,2,1,7,3,7
2018030803501,1,9,0,17,0,0,1,0,1,4,3,1,6,1,18,4,1149,1,15,1,3,1
2018030803515,1,9,0,5,9,0,0,0,0,0,1,1,6,1,38,7,1999,2,-1,4,1,4
2018030803536,1,9,0,16,0,2,0,0,1,0,1,1,6,1,33,6,1956,2,7,5,2,5
2018030803549,1,11,0,18,0,1,0,0,0,0,1,1,1,1,50,8,9600,2,25,2,1,2
2018030803578,1,9,0,13,0,0,0,0,0,0,1,1,2,1,45,7,-1,-1,-1,-1,3,-1
2018030803591,1,9,0,9,0,1,0,0,0,0,1,1,5,2,56,9,1685,2,-1,8,1,8
2018030803592,1,20,0,18,0,0,0,0,0,0,1,1,1,1,57,9,6692,2,7,8,2,8
2018030803609,1,9,0,18,0,1,0,1,0,0,1,1,5,1,82,11,-1,-1,-1,5,3,5
2018030803609,2,9,0,9,0,1,0,1,0,0,2,1,5,1,25,5,1364,2,8,9,3,9
2018030803625,1,4,0,18,0,1,1,0,1,0,1,1,5,1,21,5,373,1,1,10,1,10
2018030803626,1,9,0,16,0,0,5,0,7,0,1,1,2,1,29,6,1590,1,13,4,1,4
2018030803631,1,9,0,18,0,0,1,0,1,11,1,1,2,1,18,4,1560,2,13,10,3,10
2018030803647,1,9,0,18,0,0,0,0,1,0,1,1,5,1,48,8,2967,2,6,2,1,2
2018030803752,1,9,0,5,0,0,0,0,0,0,1,1,6,1,24,5,-1,-1,-1,9,3,9
2018030803768,1,9,0,18,0,0,0,11,1,1,1,1,2,1,33,6,1242,1,12,8,3,8
2018030803771,1,9,0,17,0,0,0,10,2,11,1,1,5,1,26,6,1598,1,2,1,1,1
2018030803861,1,8,0,5,0,0,0,0,0,0,0,1,1,1,39,7,1461,2,3,5,1,5
2018030803871,1,19,0,18,0,0,0,0,0,0,1,1,5,1,38,7,1870,2,14,1,1,1
2018030803884,1,9,0,3,0,0,0,0,0,0,1,1,6,2,-1,-1,1560,2,4,3,1,3
2018030803884,2,9,0,3,0,0,0,0,0,0,2,1,6,2,38,7,1399,2,12,6,2,6
2018030803884,3,9,0,3,0,0,0,0,0,0,2,1,6,1,-1,-1,2143,2,7,6,3,6
2018030803884,4,9,0,3,0,0,0,0,0,0,2,1,6,3,-1,-1,-1,-1,-1,-1,-1,-1
2018030803900,1,8,0,5,0,0,0,0,0,0,0,1,1,1,48,8,1560,2,5,7,2,7
2018030803907,1,8,0,5,0,2,0,0,0,0,1,1,1,1,32,6,1956,2,4,-1,-1,-1
2018030803943,1,9,0,5,0,1,0,0,0,0,1,1,3,2,47,8,1149,1,16,3,1,3
2018030803943,2,8,0,14,0,1,0,0,0,0,2,1,5,1,58,9,2191,2,3,-1,1,-1
2018030803981,1,9,0,13,0,2,0,0,0,0,1,1,6,2,47,8,-1,-1,-1,7,3,7
2018030803981,2,1,0,18,0,2,0,0,0,0,2,1,1,1,34,6,-1,-1,-1,3,1,3
2018030803989,1,19,0,18,0,0,0,0,0,0,1,1,1,1,44,7,1968,2,4,-1,-1,-1
2018030803989,2,9,0,4,0,0,0,0,0,0,2,1,1,2,19,4,1198,1,7,-1,-1,-1
2018030804011,1,9,0,18,0,0,0,0,0,0,1,1,6,1,21,5,1398,1,6,-1,1,-1
2018030804011,2,8,3,3,0,0,0,0,0,0,2,1,6,1,49,8,-1,-1,-1,6,1,6
2018030804037,1,9,0,13,0,0,2,0,0,0,4,1,1,1,34,6,1242,1,11,3,1,3
2018030804097,1,9,0,9,0,2,0,0,0,0,1,1,6,3,-1,-1,-1,-1,-1,-1,-1,-1
2018030804097,2,1,0,18,0,1,0,0,0,0,4,1,6,1,35,6,-1,-1,-1,2,1,2
2018030804173,1,20,1,18,0,0,0,0,0,0,1,1,1,1,34,6,-1,-1,-1,3,1,3
2018030804186,1,9,0,18,0,0,2,0,1,0,1,1,6,1,55,8,1995,2,15,6,2,6
2018030804194,1,9,0,7,0,2,0,0,1,11,1,1,5,2,17,4,1398,1,3,5,2,5
2018030804194,2,9,0,2,0,2,0,0,0,0,2,1,5,3,-1,-1,1461,2,9,-1,-1,-1
2018030804195,1,9,0,18,0,0,0,0,0,0,0,1,6,1,48,8,-1,-1,-1,3,1,3
2018030804195,2,1,0,18,0,0,0,0,0,0,2,1,6,1,40,7,-1,-1,-1,-1,-1,-1
2018030804202,1,9,0,13,0,0,0,0,4,6,3,1,6,1,38,7,1560,2,6,1,1,1
2018030804204,1,9,0,18,0,0,0,0,0,0,1,1,6,1,-1,-1,-1,-1,-1,-1,-1,-1
2018030804228,1,9,0,18,0,0,0,0,0,0,1,1,6,1,66,10,1399,2,9,6,3,6
2018030804231,1,9,0,17,0,0,0,0,0,0,1,1,6,1,61,9,1997,2,15,3,2,3
2018030804231,2,9,0,18,0,0,0,0,0,0,1,1,1,2,63,9,1396,1,3,2,1,2
2018030804282,1,9,0,18,0,4,0,0,0,0,1,1,5,1,26,6,2987,2,8,5,1,5
2018030804282,2,9,0,9,0,8,0,0,0,0,4,1,5,2,56,9,1582,2,1,4,1,4
2018030804291,1,9,0,18,0,0,0,0,0,0,1,1,6,1,19,4,1968,2,3,7,1,7
2018030804291,2,19,0,18,0,0,0,0,0,0,1,1,6,3,-1,-1,-1,-1,-1,-1,-1,-1
2018030804369,1,9,0,18,0,0,0,0,0,0,3,1,5,1,66,10,1560,2,2,1,2,1
2018030804369,2,9,0,18,0,0,0,0,0,0,1,1,1,1,56,9,1582,2,1,9,1,9
2018030804369,3,9,0,18,0,0,0,0,1,0,0,1,5,1,57,9,1995,2,9,7,3,7
2018030804410,1,9,0,18,0,0,0,0,0,0,1,1,6,1,28,6,1560,2,12,1,1,1
2018030804410,2,9,0,2,0,0,0,0,0,0,4,1,6,2,49,8,1560,2,5,2,3,2
2018030804567,1,9,0,18,0,0,5,4,0,0,1,1,6,1,47,8,-1,-1,-1,9,1,9
2018030804567,2,9,0,2,0,0,0,0,0,0,3,1,6,2,36,7,1597,2,4,1,1,1
2018030804567,3,9,4,2,0,0,0,0,0,0,3,1,6,1,60,9,-1,-1,-1,7,3,7
2018030804599,1,19,0,8,0,1,0,0,0,0,1,1,1,1,52,8,1968,2,1,7,3,7
2018030804599,2,1,0,4,9,1,0,0,0,0,1,1,5,1,52,8,-1,-1,-1,3,1,3
2018030804618,1,9,0,18,0,0,2,0,1,0,4,1,6,1,36,7,1598,1,11,1,3,1
2018030804618,2,19,0,18,0,0,0,0,0,0,2,1,6,1,18,4,1995,2,1,7,3,7
2018030804636,1,9,0,18,0,0,0,0,0,0,1,1,1,2,34,6,1968,2,3,6,2,6
2018030804655,1,19,0,1,0,0,0,0,0,0,2,1,1,1,36,7,-1,-1,-1,4,3,4
2018030804813,1,9,0,18,0,0,0,4,0,0,3,1,6,3,-1,-1,-1,-1,-1,-1,-1,-1
2018030804813,2,9,0,2,0,0,0,0,0,0,3,1,6,2,39,7,1685,2,3,5,1,5
2018030804828,1,19,0,18,0,0,0,0,0,0,1,1,1,1,27,6,2143,2,5,4,3,4
2018030804828,2,9,0,3,0,0,0,0,0,0,2,1,1,1,24,5,1995,2,1,7,3,7
2018030804828,3,9,0,3,0,0,0,0,0,0,1,1,6,1,27,6,1598,2,2,7,3,7
2018030804854,1,9,0,18,0,1,0,0,0,0,1,1,5,2,78,11,1229,1,13,3,1,3
2018030804863,1,3,0,3,0,1,0,0,0,0,2,1,6,1,20,4,124,1,8,1,1,1
2018030804863,2,9,0,3,0,1,0,0,0,0,0,1,6,2,-1,-1,1560,2,3,1,1,1
2018030804920,1,9,0,18,0,6,0,0,0,0,2,1,5,1,52,8,1991,2,12,4,1,4
2018030804920,2,3,0,18,0,1,0,0,0,0,1,1,2,1,17,4,125,1,9,2,1,2
2018030804927,1,9,0,18,0,0,1,0,1,11,1,1,5,1,35,6,1360,1,8,7,1,7
2018030804931,1,1,0,18,9,0,2,0,0,0,1,1,6,1,33,6,-1,-1,-1,6,1,6
2018030804941,1,9,0,18,0,0,1,0,0,0,1,1,5,1,68,10,1560,2,5,4,3,4
2018030804959,1,9,0,18,0,2,5,0,4,0,1,1,5,1,28,6,2495,2,14,2,1,2
2018030805011,1,9,0,17,0,0,1,0,2,11,1,1,5,2,27,6,1198,1,8,10,1,10
2018030805034,1,9,0,18,0,0,1,0,0,0,4,1,5,2,18,4,1328,1,15,5,3,5
2018030805034,2,9,0,18,0,0,1,0,1,0,1,1,5,1,32,6,1753,2,12,7,3,7
2018030805087,1,19,0,18,0,0,0,0,0,0,1,1,1,1,51,8,2287,2,2,3,2,3
2018030805087,2,19,0,3,0,0,0,0,0,0,0,1,1,1,51,8,2198,2,5,6,2,6
2018030805256,1,9,0,17,0,0,5,0,0,0,1,1,1,1,41,7,-1,-1,-1,4,1,4