Accident_Index,Vehicle_Reference,Vehicle_Type,Towing_and_Articulation,Vehicle_Manoeuvre,Vehicle_Location-Restricted_Lane,Junction_Location,Skidding_and_Overturning,Hit_Object_in_Carriageway,Vehicle_Leaving_Carriageway,Hit_Object_off_Carriageway,1st_Point_of_Impact,Was_Vehicle_Left_Hand_Drive?,Journey_Purpose_of_Driver,Sex_of_Driver,Age_of_Driver,Age_Band_of_Driver,Engine_Capacity_(CC),Propulsion_Code,Age_of_Vehicle,Driver_IMD_Decile,Driver_Home_Area_Type,Vehicle_IMD_Decile
201804ED18086,1,8,0,5,0,6,0,0,0,0,1,1,1,1,30,6,1995,2,12,2,1,2
201804ED18086,2,8,0,18,0,1,0,0,0,0,1,1,1,1,55,8,1997,2,5,8,1,8
201804ED18087,1,9,0,18,0,1,0,0,7,10,1,1,6,2,55,8,1373,1,1,7,1,7
201804ED18088,1,19,0,7,0,8,0,0,0,0,1,1,6,3,-1,-1,-1,-1,-1,-1,-1,-1
201804ED18089,1,21,1,16,0,0,1,0,6,6,1,1,1,1,48,8,10518,2,6,3,1,3
201804ED18089,2,19,0,2,6,0,0,0,1,0,2,1,1,1,22,5,1870,2,15,1,1,1
201804ED18090,1,9,0,4,0,4,0,0,0,0,2,1,6,1,67,10,1956,2,3,2,1,2
201804ED18090,2,9,0,4,0,1,0,0,0,0,1,1,6,1,67,10,1242,1,13,8,1,8
201804ED18090,3,9,0,4,0,1,0,0,0,0,1,1,6,1,51,8,1248,2,9,2,1,2
201804ED18091,1,5,0,3,0,8,0,0,0,0,4,1,6,1,66,10,598,1,25,2,1,2
201804ED18092,1,9,0,1,0,0,0,4,0,10,2,1,6,2,20,4,1870,2,11,1,1,1
201804ED18092,2,9,0,2,0,0,0,0,0,0,3,1,6,3,-1,-1,-1,-1,-1,-1,-1,-1
201804ED18093,1,9,0,9,0,8,0,0,0,0,4,1,6,2,24,5,1397,1,14,1,1,1
201804ED18093,2,19,0,18,0,8,0,0,0,0,1,1,2,1,41,7,1998,2,15,3,1,3
201804ED18094,1,9,0,18,0,0,0,0,0,0,4,1,1,1,56,9,-1,-1,-1,8,1,8
201804ED18095,1,9,0,9,0,2,0,0,0,0,1,1,6,1,43,7,998,1,3,1,1,1
201804ED18095,2,9,0,18,0,8,0,0,0,0,1,1,6,2,34,6,1900,2,13,-1,-1,-1
201804ED18096,1,2,0,18,0,8,0,0,0,0,1,1,6,1,12,3,-1,-1,-1,2,1,2
201804ED18096,2,9,0,18,0,1,0,0,0,0,4,1,6,1,23,5,1598,2,1,8,1,8
201804ED18097,1,9,0,18,0,0,0,0,0,0,1,1,6,1,31,6,1149,1,16,3,1,3
201804ED18098,1,3,0,18,0,0,0,0,0,0,1,1,6,1,22,5,-1,-1,-1,2,1,2
201804ED18098,2,9,0,18,0,0,1,0,0,0,1,1,6,1,31,6,1598,1,12,1,1,1
201804ED18099,1,9,0,9,0,1,0,0,0,0,1,1,6,1,78,11,1229,1,14,3,1,3
201804ED18099,2,9,0,18,0,1,1,0,0,0,1,1,6,2,79,11,998,1,4,8,1,8
201804ED18100,1,9,0,4,0,2,1,0,1,10,1,1,2,1,35,6,1968,2,12,1,1,1
201804ED18100,2,19,0,2,0,1,0,0,1,0,0,1,6,3,-1,-1,2198,2,8,-1,-1,-1
201804ED18101,1,9,0,17,0,2,0,0,0,0,4,1,1,1,34,6,1560,2,1,-1,-1,-1
201804ED18102,1,9,0,18,0,1,0,0,0,0,3,1,6,1,36,7,1998,1,11,9,1,9
201804ED18103,1,9,0,15,0,0,0,0,2,0,3,1,6,2,27,6,1598,2,2,5,1,5
201804ED18103,2,9,0,11,0,0,0,0,5,0,4,1,6,1,50,8,-1,-1,-1,10,1,10
201804ED18104,1,9,0,3,0,0,0,0,0,0,2,1,1,1,46,8,1499,2,1,8,1,8
201804ED18104,2,9,0,5,0,0,0,0,0,0,1,1,6,3,-1,-1,1242,1,12,-1,-1,-1
201804ED18105,1,9,0,18,0,0,0,0,0,0,1,1,1,2,61,9,-1,-1,-1,1,1,1
201804ED18106,1,9,0,18,0,0,0,0,0,0,1,1,2,2,18,4,996,1,3,-1,-1,-1
201804ED18106,2,9,0,1,0,0,0,0,0,0,2,1,6,1,43,7,1598,1,6,1,1,1
201804ED18107,1,9,0,18,0,8,0,0,0,0,1,1,6,1,57,9,1461,2,14,1,1,1
201804ED18107,2,17,4,18,0,1,0,0,0,0,1,1,1,1,51,8,6788,2,5,5,3,5
201804ED18108,1,9,0,18,0,0,0,0,0,0,1,1,6,2,23,5,1364,2,9,1,1,1
201804ED18108,2,9,0,2,0,0,0,0,0,0,1,1,6,3,-1,-1,1968,2,5,-1,-1,-1
201804ED18109,1,9,0,18,0,1,0,0,0,0,1,1,6,3,-1,-1,1995,2,12,-1,-1,-1
201804ED18109,2,9,0,3,0,1,0,0,0,0,2,1,6,2,42,7,1910,2,13,2,1,2
201804ED18110,1,9,0,18,0,3,0,0,0,0,1,1,6,1,56,9,1794,1,14,-1,-1,-1
201804ED18110,2,1,0,18,0,3,0,0,0,0,1,1,6,1,15,3,-1,-1,-1,-1,-1,-1
201804ED18111,1,5,0,18,0,1,0,0,0,0,0,1,6,1,35,6,599,1,20,7,1,7
201804ED18111,2,9,0,10,0,1,0,0,0,0,0,1,6,2,38,7,998,1,6,10,2,10
201804ED18112,1,9,0,7,0,5,0,0,0,0,1,1,6,2,60,9,996,1,9,1,1,1
201804ED18112,2,9,0,18,0,1,0,0,0,0,1,1,6,1,40,7,1896,2,10,1,1,1
201804ED18113,1,9,0,18,0,1,0,0,0,0,1,1,6,2,28,6,1586,1,9,4,1,4
201804ED18113,2,9,0,2,0,1,0,0,0,0,2,1,6,3,-1,-1,1364,1,11,-1,-1,-1
201804ED18114,1,9,0,4,0,1,0,0,0,0,1,1,1,2,47,8,1999,2,2,3,1,3
201804ED18115,1,9,0,9,0,0,0,0,0,0,1,1,6,2,38,7,1895,1,16,3,1,3
201804ED18116,1,9,0,18,0,0,0,0,0,0,3,1,6,1,28,6,1995,2,-1,-1,-1,-1
201804ED18116,2,19,0,18,0,0,0,0,1,0,3,1,1,1,53,8,2494,2,15,3,1,3
201804ED18117,1,19,0,14,0,1,0,0,7,10,1,1,6,3,-1,-1,2402,2,9,-1,-1,-1
201804ED18117,2,9,0,18,0,1,0,0,0,0,2,1,6,1,54,8,1086,1,14,8,1,8
201804ED18117,3,9,0,5,0,8,0,0,0,0,1,1,6,1,84,11,2987,2,9,4,1,4
201804ED18117,4,9,0,18,0,1,0,0,0,0,2,1,6,1,32,6,1498,1,1,4,1,4
201804ED18118,1,9,0,9,0,2,0,0,1,0,1,1,6,2,36,7,1240,1,14,5,1,5
201804ED18119,1,9,0,18,0,1,0,0,0,0,1,1,6,1,27,6,1984,1,10,3,1,3
201804ED18119,2,9,0,9,0,2,0,0,0,0,2,1,6,1,26,6,1422,2,15,1,1,1
201804ED18120,1,9,0,18,0,1,0,0,7,1,1,1,6,1,25,5,1242,1,13,1,1,1
201804ED18121,1,9,0,18,0,0,0,0,0,0,1,1,6,1,77,11,1560,2,3,2,1,2
201804ED18122,1,9,0,5,0,6,0,0,0,0,1,1,6,2,45,7,1499,2,1,1,1,1
201804ED18122,2,9,0,18,0,8,0,0,0,0,1,1,6,1,39,7,1998,1,11,1,1,1
201804ED18123,1,9,0,5,0,1,0,0,0,0,1,1,6,1,66,10,2987,2,7,4,1,4
201804ED18123,2,9,0,18,0,1,0,0,0,0,1,1,6,1,25,5,-1,-1,-1,7,1,7
201804ED18124,1,9,0,4,0,0,0,0,0,0,2,1,6,2,35,6,1997,2,3,1,1,1
201804ED18124,2,9,0,18,0,0,1,0,1,7,1,1,6,2,47,8,1968,2,2,-1,1,-1
201804ED18124,3,10,0,18,0,0,1,0,0,0,1,1,6,1,51,8,-1,-1,-1,1,1,1
201804ED18125,1,9,0,9,0,8,0,0,0,0,4,1,6,1,20,4,1398,1,14,7,1,7
201804ED18125,2,9,0,18,0,1,0,0,0,0,1,1,6,1,31,6,1995,1,11,9,1,9
201804ED18126,1,9,0,18,0,1,0,0,7,0,4,1,6,1,44,7,2393,1,20,8,1,8
201804ED18126,2,20,0,7,0,6,0,0,0,0,3,1,6,2,29,6,-1,-1,-1,7,3,7
201804ED18127,1,8,0,4,0,4,0,0,0,0,2,1,1,1,67,10,1896,2,14,1,1,1
201804ED18127,2,9,0,4,0,4,0,0,0,0,1,1,6,2,67,10,998,1,2,-1,-1,-1
201804ED18127,3,9,0,18,0,1,0,0,0,0,1,1,6,2,61,9,1390,1,17,10,2,10
201804ED18128,1,9,0,18,0,0,1,0,4,6,3,1,6,1,33,6,1956,2,8,-1,-1,-1
201804ED18129,1,9,0,16,0,1,0,0,0,0,1,1,6,1,34,6,1598,2,3,4,1,4
201804ED18129,2,9,0,17,0,1,0,0,0,0,1,1,6,2,65,9,1998,1,13,7,3,7
201804ED18130,1,2,0,18,0,1,0,0,0,0,1,1,6,1,20,4,50,1,12,-1,-1,-1
201804ED18130,2,9,0,18,0,1,0,0,0,0,1,1,6,2,39,7,999,1,2,8,1,8
201804ED18131,1,9,0,4,0,2,0,0,0,0,2,1,6,1,54,8,1560,2,5,3,1,3
201804ED18131,2,9,0,4,0,2,0,0,0,0,1,1,6,1,52,8,2993,2,4,-1,-1,-1
201804ED18132,1,9,0,9,0,8,0,0,0,0,1,1,2,2,22,5,1248,2,10,3,1,3
201804ED18133,1,9,0,18,0,0,0,0,0,0,1,1,6,3,-1,-1,-1,-1,-1,-1,-1,-1
201804ED18134,1,9,0,16,0,1,2,0,3,7,1,1,6,1,22,5,1229,1,4,2,1,2
201804ED18135,1,9,0,9,0,6,0,0,3,10,3,1,6,1,17,4,1298,1,13,-1,-1,-1
201804ED18135,2,9,0,18,0,1,0,0,0,0,1,1,6,2,84,11,1229,1,14,1,1,1
201804ED18136,1,9,0,1,0,0,0,0,0,0,2,1,6,1,69,10,1360,1,8,4,1,4
201804ED18137,1,9,0,18,0,2,0,0,0,0,1,1,6,2,22,5,1229,1,11,2,1,2
201804ED18137,2,9,0,9,0,2,0,0,0,0,4,1,6,1,54,8,1598,2,2,1,1,1
201804ED18138,1,9,0,18,0,0,0,0,0,0,1,1,6,1,69,10,1995,2,6,9,1,9
201804ED18138,2,9,0,18,0,0,0,0,0,0,2,1,6,1,72,10,1197,1,1,-1,-1,-1
201804ED18138,3,9,0,18,0,0,0,0,0,0,2,1,6,1,31,6,1242,1,18,-1,-1,-1
201804ED18138,4,9,0,18,0,0,0,0,0,0,2,1,6,1,37,7,1560,2,8,5,3,5
201804ED18139,1,9,0,9,0,8,0,0,0,0,3,1,6,2,74,10,1497,8,3,8,3,8
201804ED18139,2,9,0,18,0,8,0,0,0,0,3,1,6,1,22,5,1686,2,14,5,1,5
201804ED18140,1,9,0,18,0,0,1,0,5,0,1,1,6,1,39,7,2143,2,2,-1,-1,-1
201804ED18140,2,21,0,18,0,0,0,0,0,0,2,1,1,1,-1,-1,4580,2,21,-1,-1,-1
201804ED18141,1,9,0,18,0,0,2,0,1,0,1,1,6,1,42,7,1124,1,8,2,2,2
201804ED18142,1,3,0,18,0,0,1,0,2,0,1,1,6,1,19,4,125,1,11,9,1,9
201804ED18143,1,9,0,3,0,4,0,0,0,0,4,1,6,2,32,6,1229,1,11,1,1,1
201804ED18143,2,9,0,3,0,1,0,0,0,0,3,1,6,2,34,6,1999,2,2,4,1,4
201804ED18144,1,21,0,18,0,0,0,0,0,0,0,1,1,3,-1,-1,-1,-1,-1,-1,-1,-1
201804ED18144,2,9,0,18,0,0,0,0,0,0,1,1,6,2,42,7,1364,1,1,1,1,1
201804ED18145,1,21,1,18,0,1,0,0,3,0,2,1,1,1,55,8,10518,2,6,3,1,3
201804ED18146,1,9,0,18,0,1,0,0,0,1,4,1,2,1,44,7,1995,2,6,10,2,10
201804ED18146,2,8,0,18,0,1,0,7,0,0,1,1,1,1,30,6,1896,2,11,2,1,2
201804ED18147,1,9,0,3,0,1,0,0,0,0,2,1,2,1,40,7,1988,2,14,2,1,2
201804ED18147,2,9,0,4,0,1,0,0,0,0,1,1,6,1,24,5,1198,1,4,8,1,8
201804ED18148,1,9,0,9,0,8,0,0,0,0,4,1,1,1,62,9,1995,2,13,2,1,2
201804ED18148,2,4,0,18,0,1,0,0,0,0,1,1,6,1,23,5,471,1,2,5,3,5
201804ED18149,1,90,0,1,0,0,0,0,0,0,0,1,1,2,60,9,450,1,11,8,3,8
201804ED18150,1,9,0,9,0,5,0,0,0,0,0,1,6,3,-1,-1,-1,-1,-1,-1,-1,-1
201804ED18150,2,1,0,18,4,1,0,0,0,0,1,1,1,1,48,8,-1,-1,-1,-1,-1,-1
201804ED18150,3,3,0,8,0,1,0,0,0,0,2,1,1,1,62,9,125,1,1,1,1,1
201804ED18150,4,9,0,4,0,1,0,0,0,0,0,1,6,2,36,7,1248,1,5,-1,-1,-1
201804ED18151,1,9,0,18,0,8,0,0,0,0,4,1,6,2,30,6,1086,1,14,-1,-1,-1
201804ED18151,2,9,0,17,0,8,0,0,0,0,4,1,6,1,33,6,1896,2,12,5,1,5
201804ED18152,1,9,0,9,0,8,0,0,0,0,4,1,4,1,18,4,998,1,11,10,2,10
201804ED18152,2,9,5,18,0,1,0,0,1,1,1,1,6,2,37,7,1968,2,8,-1,-1,-1
201804ED18153,1,9,0,18,0,0,0,0,0,0,2,1,1,3,-1,-1,1242,1,2,-1,-1,-1
201804ED18153,2,9,0,18,0,0,0,0,0,0,0,1,1,3,-1,-1,-1,-1,-1,-1,-1,-1
201804ED18154,1,9,0,18,0,1,0,0,0,0,1,1,6,1,51,8,1248,2,9,1,1,1
201804ED18155,1,9,0,6,0,1,0,0,0,0,3,2,6,1,86,11,1248,1,8,5,1,5
201804ED18155,2,9,0,18,0,1,0,0,0,0,1,1,6,1,65,9,1997,2,6,8,1,8
201804ED18156,1,9,0,18,0,1,0,0,0,0,1,1,1,1,36,7,1598,2,6,1,1,1
201804ED18156,2,9,0,18,0,1,0,0,0,0,2,1,6,2,31,6,1598,1,3,4,1,4
201804ED18156,3,19,0,18,0,1,0,0,0,0,0,1,1,3,-1,-1,-1,-1,-1,-1,-1,-1
201804ED18157,1,5,0,18,0,0,2,0,0,0,0,1,6,1,42,7,998,1,9,8,1,8
201804ED18158,1,9,0,7,8,8,0,0,0,1,1,2,1,1,28,6,1910,2,10,2,1,2
201804ED18158,2,9,0,18,0,8,0,0,7,10,1,1,6,1,63,9,4554,1,22,1,1,1
201804ED18159,1,8,0,5,0,0,0,0,0,0,4,1,1,1,59,9,1984,2,9,1,1,1
201804ED18160,1,10,0,7,0,4,0,0,0,0,1,1,6,1,58,9,4250,2,15,1,1,1
201804ED18160,2,1,0,18,0,1,0,0,0,0,1,1,6,1,53,8,-1,-1,-1,2,1,2
201804ED18161,1,9,0,18,0,0,0,0,0,0,4,1,6,1,37,7,1560,2,9,1,1,1
201804ED18161,2,9,0,18,0,0,1,0,2,10,4,1,6,1,19,4,1364,1,8,3,1,3
201804ED18162,1,9,0,18,8,0,0,0,1,4,1,1,6,2,19,4,1229,1,4,1,1,1
201804ED18163,1,9,0,5,0,6,0,0,0,0,1,1,6,2,32,6,1595,1,12,8,1,8
201804ED18163,2,3,0,14,0,8,0,0,0,0,4,1,6,1,37,7,125,1,4,1,1,1
201804ED18164,1,9,0,13,0,1,0,0,0,0,3,1,6,3,-1,-1,2967,2,4,-1,-1,-1
201804ED18164,2,9,0,4,0,1,0,0,0,0,1,1,6,1,34,6,1598,1,6,-1,-1,-1
201804ED18165,1,9,0,3,0,1,0,0,0,0,1,1,6,1,20,4,1390,1,8,5,1,5
201804ED18165,2,9,0,4,0,1,0,0,0,0,2,1,6,2,50,8,1910,2,10,2,1,2
201804ED18166,1,9,0,18,0,1,0,0,0,0,2,1,6,2,28,6,1329,1,7,3,1,3
201804ED18166,2,9,0,18,0,1,0,0,0,1,1,1,2,2,27,6,1596,1,11,5,1,5
201804ED18167,1,9,0,18,0,0,5,4,0,0,1,1,6,1,73,10,998,1,2,1,1,1
201804ED18167,2,9,0,2,0,0,0,0,0,0,1,1,6,3,-1,-1,1998,1,2,-1,-1,-1
201804ED18168,1,9,0,9,0,6,0,0,0,0,1,1,2,1,46,8,-1,-1,-1,1,1,1
201804ED18168,2,9,0,18,0,1,0,4,0,0,1,1,6,2,22,5,1229,1,11,1,1,1
201804ED18168,3,9,0,2,0,2,0,0,0,0,2,1,6,3,-1,-1,2461,2,11,-1,-1,-1
201804ED18169,1,9,0,18,0,0,0,0,0,0,1,1,6,1,43,7,1896,2,16,2,1,2
201804ED18169,2,19,0,4,0,0,0,0,0,0,2,1,1,1,40,7,2198,2,2,2,1,2
201804ED18170,1,9,0,18,0,1,0,0,0,0,1,1,2,1,47,8,1560,2,3,9,1,9
201804ED18171,1,9,0,4,0,1,0,0,0,0,1,1,6,2,25,5,998,1,10,2,1,2
201804ED18171,2,9,0,2,0,1,0,4,0,0,2,1,2,2,42,7,1390,2,14,1,1,1
201804ED18171,3,9,0,3,0,1,0,0,0,0,2,1,2,2,21,5,1242,1,15,2,1,2
201804ED18172,1,9,0,8,0,0,0,0,0,0,1,1,6,2,35,6,1240,1,13,2,1,2
201804ED18173,1,9,0,18,0,0,1,7,2,0,1,1,2,1,26,6,1364,1,8,2,1,2
201804ED18174,1,9,0,18,0,4,0,0,0,0,1,1,6,1,28,6,1956,2,9,1,1,1
201804ED18174,2,9,0,18,0,3,0,0,1,10,2,1,6,2,28,6,1248,2,7,1,1,1
201804ED18175,1,9,0,18,0,0,0,0,0,0,4,1,6,1,29,6,1794,1,15,2,1,2
201804ED18176,1,9,0,18,0,0,5,0,0,0,4,1,6,2,84,11,1339,1,14,8,2,8
201804ED18176,2,9,0,2,0,0,0,0,0,0,4,1,6,3,-1,-1,1598,1,7,-1,-1,-1
201804ED18176,3,9,0,18,0,0,0,0,0,0,3,1,6,2,80,11,1242,1,4,7,1,7
201804ED18177,1,9,0,9,0,0,0,0,0,0,1,1,6,1,36,7,1956,2,6,1,1,1
201804ED18177,2,9,0,18,0,0,0,0,0,0,4,1,6,1,47,8,-1,-1,-1,7,2,7
201804ED18178,1,9,0,18,0,0,0,0,1,0,1,1,1,2,26,6,1560,2,1,-1,-1,-1
201804ED18179,1,9,0,18,0,8,0,0,0,0,4,1,6,2,20,4,999,1,-1,1,1,1
201804ED18179,2,9,0,18,0,1,0,0,0,0,1,1,6,1,37,7,2967,2,6,1,1,1
201804ED18180,1,9,0,18,0,8,0,0,4,0,4,1,6,2,68,10,1968,2,4,8,3,8
201804ED18180,2,8,0,18,0,8,0,0,0,0,1,1,1,1,58,9,1686,2,14,3,1,3
201804ED18181,1,9,0,5,0,8,0,0,0,0,4,1,6,3,-1,-1,1968,2,10,-1,-1,-1
201804ED18181,2,9,0,5,0,1,0,0,0,0,4,1,6,2,19,4,1388,1,14,-1,-1,-1
201804ED18182,1,9,0,18,0,0,0,0,0,0,4,1,1,1,32,6,1797,8,9,2,1,2
201804ED18183,1,9,0,18,0,0,0,0,0,0,1,1,6,2,20,4,998,1,10,1,1,1
201804ED18183,2,9,0,18,0,0,0,0,0,0,1,1,6,1,49,8,1995,2,3,3,1,3
201804ED18184,1,9,0,9,0,8,0,0,0,0,1,1,6,2,40,7,998,1,3,6,1,6
201804ED18184,2,9,0,18,0,1,0,0,0,0,1,1,6,1,32,6,1984,1,4,8,1,8
201804ED18185,1,1,0,18,0,0,0,0,0,0,1,1,6,1,16,4,-1,-1,-1,2,1,2
201804ED18185,2,9,0,18,0,0,0,0,0,0,1,1,6,2,49,8,1198,1,7,2,1,2
201804ED18186,1,9,0,16,0,0,0,0,7,0,1,1,2,1,40,7,1198,1,15,2,1,2
201804ED18187,1,9,0,18,0,4,0,0,0,0,4,1,6,1,38,7,1600,2,9,4,1,4
201804ED18187,2,9,0,9,0,8,0,0,0,0,1,1,6,2,25,5,1399,2,12,4,1,4
201804ED18188,1,9,0,18,0,1,0,0,0,0,1,1,6,1,41,7,2231,2,11,-1,-1,-1
201804ED18188,2,9,0,3,0,1,0,0,0,0,2,1,6,2,49,8,1397,1,8,9,1,9
201804ED18188,3,9,0,9,0,1,0,0,0,0,0,1,6,1,32,6,998,1,15,1,1,1
201804ED18189,1,9,0,18,0,8,0,0,0,0,1,1,6,2,41,7,2179,2,5,3,1,3
201804ED18189,2,9,0,18,0,8,0,0,0,0,1,1,6,1,38,7,1389,1,14,2,1,2
201804ED18190,1,9,0,3,0,1,0,0,0,0,2,1,6,2,36,7,1781,1,13,-1,-1,-1
201804ED18190,2,9,0,3,0,1,0,0,0,0,1,1,6,2,45,7,2204,2,13,-1,-1,-1
201804ED18191,1,9,0,5,0,2,0,0,0,0,1,1,6,2,28,6,1398,1,2,-1,-1,-1
201804ED18191,2,1,0,18,0,2,0,0,0,0,1,1,6,1,32,6,-1,-1,-1,4,1,4
201804ED18192,1,9,0,16,0,1,1,7,1,9,1,1,6,1,49,8,2401,2,11,4,1,4
201804ED18193,1,9,0,4,0,0,0,0,0,0,1,1,6,2,24,5,2720,2,12,2,1,2
201804ED18193,2,9,0,3,0,0,0,0,0,0,2,1,6,2,44,7,1968,2,11,-1,-1,-1
201804ED18194,1,9,0,16,0,0,0,0,0,0,3,1,6,3,-1,-1,2000,1,15,-1,-1,-1
201804ED18194,2,8,0,17,0,0,0,0,0,0,3,1,1,1,50,8,1995,2,15,2,1,2
201804ED18195,1,9,0,18,0,0,0,0,0,0,1,1,6,1,56,9,1900,2,14,1,1,1
201804ED18196,1,9,0,7,0,2,0,0,0,0,3,1,2,2,45,7,1200,1,5,1,1,1
201804ED18196,2,9,0,18,0,1,0,0,7,0,1,1,1,1,31,6,1896,2,11,1,1,1
201804ED18197,1,9,0,9,0,8,0,0,0,0,1,1,6,1,66,10,1796,1,12,5,1,5
201804ED18197,2,9,0,18,0,8,0,0,0,0,4,1,6,2,49,8,1200,1,1,3,1,3
201804ED18198,1,9,0,4,0,4,0,0,0,0,2,1,6,2,60,9,1461,2,2,2,1,2
201804ED18198,2,9,0,4,0,4,0,0,0,0,0,1,6,2,20,4,1596,1,11,9,1,9
201804ED18199,1,9,0,9,0,2,0,0,0,0,1,1,2,2,28,6,1242,1,5,2,1,2
201804ED18199,2,3,0,9,0,2,0,0,0,0,4,1,2,2,25,5,-1,-1,-1,2,1,2
201804ED18200,1,9,0,18,0,0,0,0,0,0,1,1,6,2,58,9,1242,1,4,3,1,3
201804ED18201,1,19,0,18,0,1,0,0,0,0,4,1,1,1,55,8,1598,2,3,2,1,2
201804ED18202,1,9,0,2,0,0,0,0,0,0,1,1,1,3,-1,-1,1364,1,9,-1,-1,-1
201804ED18202,2,90,0,1,0,0,0,0,0,0,2,1,1,1,58,9,-1,-1,-1,-1,-1,-1
201804ED18203,1,9,0,9,0,8,0,0,0,0,4,1,6,2,29,6,1596,1,9,2,1,2
201804ED18203,2,9,0,18,0,1,0,0,0,0,1,1,6,1,34,6,2143,2,2,8,1,8
201804ED18204,1,4,0,17,0,1,0,0,0,0,3,1,2,1,21,5,487,1,24,-1,-1,-1
201804ED18204,2,9,0,17,0,1,0,0,0,0,4,1,6,1,65,9,2967,2,11,8,1,8
201804ED18205,1,9,0,18,0,1,5,4,0,0,1,1,6,2,79,11,1197,1,1,4,1,4
201804ED18205,2,9,0,2,0,2,0,0,1,10,2,1,6,3,-1,-1,1329,1,6,-1,-1,-1
201804ED18205,3,9,0,3,0,1,0,0,0,0,3,1,6,2,50,8,3200,2,16,1,1,1
201804ED18206,1,9,0,18,0,1,0,0,0,0,2,1,6,1,35,6,1242,1,12,-1,-1,-1
201804ED18206,2,9,0,8,0,1,0,0,0,0,2,1,6,2,47,8,1596,1,7,-1,-1,-1
201804ED18207,1,8,0,1,0,0,0,0,0,0,2,1,6,1,-1,-1,2143,2,2,-1,-1,-1
201804ED18207,2,9,0,3,0,0,0,0,1,0,1,1,6,1,44,7,1896,2,9,4,1,4
201804ED18208,1,1,0,7,0,6,0,0,0,0,1,1,6,1,7,2,-1,-1,-1,2,1,2
201804ED18208,2,9,0,18,0,1,0,0,0,0,1,1,6,1,26,6,1360,1,14,-1,-1,-1
201804ED18209,1,9,0,3,0,1,0,0,0,0,1,1,6,1,59,9,-1,-1,-1,-1,-1,-1
201804ED18209,2,9,0,3,0,1,0,0,0,0,2,1,6,2,23,5,1398,2,8,-1,-1,-1
201804ED18210,1,9,0,18,0,8,0,0,0,0,4,1,6,2,45,7,1248,2,14,1,1,1
201804ED18210,2,9,0,5,0,8,0,0,0,0,1,1,6,2,55,8,1329,1,3,-1,-1,-1
201804ED18211,1,9,0,7,0,1,0,0,0,0,4,1,6,1,62,9,1461,2,4,7,1,7
201804ED18211,2,1,0,18,0,1,0,0,0,0,1,1,6,1,48,8,-1,-1,-1,9,1,9
201804ED18212,1,9,0,5,0,8,0,0,0,0,4,1,6,2,29,6,1242,1,8,1,1,1
201804ED18213,1,9,0,5,0,1,0,0,0,0,1,1,6,3,-1,-1,-1,-1,-1,-1,-1,-1
201804ED18213,2,5,0,18,0,1,0,0,0,0,2,1,6,1,45,7,798,1,11,2,1,2
201804ED18214,1,9,0,18,0,0,0,0,0,0,1,1,6,1,20,4,1198,1,4,1,1,1
201804ED18215,1,9,0,18,0,0,0,0,0,0,1,1,2,2,18,4,998,1,-1,-1,-1,-1
201804ED18215,2,9,0,2,0,0,0,0,0,0,2,1,6,3,-1,-1,1995,2,13,-1,-1,-1
201804ED18216,1,9,0,5,0,0,0,0,0,0,0,1,6,1,72,10,1968,2,4,-1,-1,-1
201804ED18217,1,9,0,18,9,2,0,0,0,0,3,1,6,3,-1,-1,1686,2,13,-1,-1,-1
201804ED18218,1,8,0,4,0,2,0,0,0,0,4,1,3,1,43,7,2179,2,12,2,1,2
201804ED18219,1,9,0,1,0,0,5,0,1,0,2,1,6,1,14,3,1339,1,11,2,1,2
201804ED18219,2,9,0,2,9,0,0,0,0,0,2,1,6,3,-1,-1,1461,2,3,-1,-1,-1
201804ED18220,1,9,0,18,0,1,0,0,1,2,1,1,6,1,83,11,1995,2,17,1,1,1
201804ED18221,1,9,0,1,0,0,0,0,0,0,3,1,1,1,24,5,1200,1,-1,3,1,3
201804ED18221,2,1,0,18,0,0,0,0,0,0,1,1,2,1,41,7,-1,-1,-1,7,1,7
201804ED18222,1,9,0,5,0,1,0,0,0,0,1,1,1,1,33,6,999,1,2,-1,-1,-1
201804ED18223,1,9,0,1,0,0,0,0,0,0,2,1,2,2,44,7,2191,2,3,9,2,9
201804ED18223,2,1,0,18,0,0,0,0,0,0,1,1,2,1,33,6,-1,-1,-1,-1,-1,-1
201804ED18224,1,9,0,5,0,2,0,0,0,0,2,1,6,3,-1,-1,1598,1,14,-1,-1,-1
201804ED18224,2,9,0,5,0,2,0,0,0,0,1,1,6,1,53,8,2793,1,21,1,1,1
201804ED18225,1,9,0,18,0,8,0,0,0,0,1,1,6,2,28,6,1360,1,14,3,1,3
201804ED18226,1,9,0,4,0,0,0,0,0,0,1,1,6,1,39,7,1984,1,12,1,1,1
201804ED18226,2,8,0,18,0,0,0,4,0,0,4,1,1,1,36,7,2231,2,10,1,1,1
201804ED18226,3,9,0,2,0,0,0,0,0,0,3,1,6,3,-1,-1,1598,1,10,-1,-1,-1
201804ED18227,1,9,0,15,0,8,0,0,0,0,4,1,2,1,49,8,1560,2,10,6,2,6
201804ED18227,2,1,0,18,0,8,0,0,0,0,1,1,6,1,45,7,-1,-1,-1,8,1,8
201804ED18228,1,9,0,18,0,6,0,0,0,0,1,1,6,2,40,7,1242,1,4,1,1,1
201804ED18228,2,9,0,18,0,8,0,0,1,0,3,1,6,2,49,8,999,1,2,2,2,2
201804ED18229,1,9,0,4,0,0,1,0,0,0,1,1,6,1,74,10,1197,1,2,2,1,2
201804ED18229,2,9,0,4,0,0,0,0,0,0,2,1,2,1,53,8,2401,2,13,9,1,9
201804ED18229,3,9,0,4,0,0,0,0,0,0,2,1,2,2,26,6,1499,2,5,5,1,5
201804ED18229,4,19,0,4,0,0,0,0,0,0,2,1,1,1,26,6,1598,2,5,4,1,4