Accident_Index,Vehicle_Reference,Vehicle_Type,Towing_and_Articulation,Vehicle_Manoeuvre,Vehicle_Location-Restricted_Lane,Junction_Location,Skidding_and_Overturning,Hit_Object_in_Carriageway,Vehicle_Leaving_Carriageway,Hit_Object_off_Carriageway,1st_Point_of_Impact,Was_Vehicle_Left_Hand_Drive?,Journey_Purpose_of_Driver,Sex_of_Driver,Age_of_Driver,Age_Band_of_Driver,Engine_Capacity_(CC),Propulsion_Code,Age_of_Vehicle,Driver_IMD_Decile,Driver_Home_Area_Type,Vehicle_IMD_Decile
201804ED18230,1,9,0,18,0,0,0,0,0,0,1,1,6,2,53,8,1560,2,11,3,1,3
201804ED18231,1,9,0,4,0,0,0,0,0,0,1,1,3,1,48,8,1797,8,8,2,1,2
201804ED18232,1,9,0,3,0,0,0,0,0,0,3,1,2,2,41,7,1496,1,3,2,1,2
201804ED18232,2,9,0,18,0,0,0,0,0,0,4,1,6,3,-1,-1,1587,1,15,-1,-1,-1
201804ED18232,3,9,0,18,0,0,0,0,0,0,0,1,6,3,-1,-1,-1,-1,-1,-1,-1,-1
201804ED18233,1,5,0,14,0,8,0,0,7,0,1,1,6,1,54,8,535,1,23,2,1,2
201804ED18233,2,9,0,9,0,1,0,0,0,0,3,1,6,2,44,7,1360,1,8,4,1,4
201804ED18234,1,9,0,4,0,1,0,0,0,0,1,1,6,1,77,11,998,1,18,2,1,2
201804ED18234,2,21,1,4,0,1,0,0,0,0,2,1,1,1,34,6,12900,2,7,1,1,1
201804ED18235,1,9,0,3,0,1,0,0,0,0,2,1,6,3,-1,-1,1995,2,7,-1,-1,-1
201804ED18235,2,9,0,2,0,8,0,0,0,0,2,1,6,1,35,6,1595,1,14,8,1,8
201804ED18236,1,9,0,18,0,0,0,0,0,0,1,1,6,1,40,7,1461,2,12,5,1,5
201804ED18237,1,9,0,18,0,0,0,0,0,0,1,1,2,1,54,8,1590,1,13,3,1,3
201804ED18238,1,9,0,9,0,8,0,0,0,0,1,1,6,2,32,6,2993,2,7,-1,-1,-1
201804ED18239,1,9,0,16,0,5,1,0,8,0,3,1,6,1,23,5,1598,1,11,3,1,3
201804ED18240,1,3,0,18,0,1,0,0,0,0,1,1,6,1,33,6,125,1,3,2,1,2
201804ED18240,2,9,0,4,0,1,0,0,0,0,2,1,6,2,43,7,1560,2,6,-1,-1,-1
201804ED18241,1,9,0,9,0,1,0,0,0,0,4,1,2,1,35,6,998,1,13,1,1,1
201804ED18241,2,19,0,18,0,1,0,0,0,0,1,1,1,1,49,8,2143,2,2,-1,-1,-1
201804ED18242,1,9,0,4,0,0,1,0,0,0,1,1,2,1,25,5,1388,1,12,2,2,2
201804ED18242,2,9,0,3,0,0,0,0,0,0,2,1,6,2,54,8,1329,1,2,4,1,4
201804ED18243,1,1,0,18,0,1,0,0,0,0,1,1,6,1,6,2,-1,-1,-1,8,1,8
201804ED18243,2,9,0,18,0,1,0,0,0,0,1,1,6,2,32,6,899,1,5,8,1,8
201804ED18244,1,19,0,6,0,0,0,0,0,0,0,1,6,3,-1,-1,-1,-1,-1,-1,-1,-1
201804ED18244,2,11,0,18,0,0,0,0,0,0,0,1,6,1,64,9,-1,-1,-1,1,1,1
201804ED18245,1,9,0,18,9,0,0,10,2,2,4,1,6,2,75,10,1799,1,11,10,3,10
201804ED18246,1,9,0,9,0,6,0,0,0,0,1,1,2,1,46,8,1896,2,10,1,1,1
201804ED18246,2,9,0,18,0,1,0,0,0,0,4,1,6,2,26,6,998,1,3,3,1,3
201804ED18247,1,9,0,7,0,1,0,0,0,0,4,1,6,3,-1,-1,-1,-1,-1,-1,-1,-1
201804ED18247,2,1,0,18,0,8,0,0,0,0,1,1,6,1,56,9,-1,-1,-1,6,1,6
201804ED18248,1,9,0,18,0,0,0,0,7,1,1,1,6,1,25,5,1995,2,6,1,1,1
201804ED18249,1,9,0,18,0,0,0,0,0,0,1,1,6,1,50,8,2993,2,1,-1,-1,-1
201804ED18249,2,9,0,5,0,0,0,0,0,0,1,1,6,2,49,8,2143,2,6,-1,-1,-1
201804ED18250,1,9,0,18,0,1,0,0,0,0,1,1,6,3,-1,-1,-1,-1,-1,-1,-1,-1
201804ED18251,1,9,0,1,9,0,0,0,0,0,2,1,2,3,-1,-1,1969,2,-1,-1,-1,-1
201804ED18252,1,9,0,1,9,0,0,0,0,0,0,1,6,3,-1,-1,-1,-1,-1,-1,-1,-1
201804ED18252,2,1,0,18,0,0,0,0,0,0,0,1,6,1,67,10,-1,-1,-1,6,3,6
201804ED18253,1,9,0,9,0,6,0,0,0,0,3,1,6,2,26,6,1386,1,15,1,1,1
201804ED18253,2,2,0,18,0,1,0,0,0,0,1,1,6,1,37,7,50,1,-1,3,1,3
201804ED18254,1,9,0,18,0,0,2,0,0,0,1,1,6,2,47,8,1870,2,11,1,1,1
201804ED18255,1,90,0,4,0,0,0,0,0,0,1,1,6,1,55,8,-1,-1,-1,5,1,5
201804ED18255,2,9,0,2,0,0,0,0,0,0,2,1,6,1,59,9,1689,2,15,1,1,1
201804ED18256,1,9,0,1,0,1,0,0,0,0,3,1,6,2,60,9,1598,2,3,3,1,3
201804ED18256,2,9,0,18,0,8,0,0,0,0,3,1,6,1,45,7,1124,1,17,-1,-1,-1
201804ED18257,1,5,0,17,0,0,1,0,1,0,1,1,6,1,30,6,749,1,15,10,1,10
201804ED18257,2,9,0,16,0,0,0,0,0,0,3,1,6,2,36,7,1149,1,2,4,1,4
201804ED18258,1,9,0,18,0,8,0,0,1,0,1,1,2,2,21,5,1242,1,4,1,1,1
201804ED18258,2,9,0,18,0,8,0,0,1,1,1,1,6,3,-1,-1,1299,1,12,-1,-1,-1
201804ED18259,1,9,0,5,0,1,0,0,0,0,3,1,6,2,43,7,1900,2,11,1,1,1
201804ED18259,2,9,0,18,0,1,0,0,0,0,1,1,6,1,54,8,-1,-1,-1,-1,-1,-1
201804ED18260,1,9,0,9,0,2,0,0,0,0,4,1,6,3,-1,-1,-1,-1,-1,-1,-1,-1
201804ED18261,1,9,0,9,0,6,0,0,0,0,3,1,6,3,-1,-1,1598,2,1,-1,-1,-1
201804ED18261,2,9,0,18,0,1,0,0,0,0,1,1,2,2,26,6,1560,2,3,4,1,4
201804ED18261,3,9,0,2,0,1,0,0,0,0,3,1,6,3,-1,-1,2179,2,6,-1,-1,-1
201804ED18262,1,9,0,9,0,8,0,0,0,0,1,1,6,1,53,8,2993,2,13,3,1,3
201804ED18262,2,9,0,18,0,1,0,0,0,0,1,1,6,1,36,7,1896,2,15,3,1,3
201804ED18263,1,19,0,1,0,0,0,0,0,0,2,1,1,1,34,6,1995,2,2,-1,-1,-1
201804ED18263,2,9,0,18,0,0,0,0,0,0,1,1,6,2,35,6,998,1,15,1,1,1
201804ED18264,1,9,0,1,9,1,0,0,0,0,0,1,6,3,-1,-1,1969,8,2,-1,-1,-1
201804ED18265,1,9,0,18,0,0,0,0,0,0,3,1,6,1,21,5,1353,1,1,1,1,1
201804ED18266,1,9,0,5,0,2,0,0,0,0,1,1,1,2,60,9,1499,1,2,7,1,7
201804ED18267,1,9,0,18,0,0,0,0,0,0,1,1,6,3,-1,-1,-1,-1,-1,-1,-1,-1
201804ED18268,1,90,0,18,0,1,0,0,0,1,3,1,6,2,19,4,-1,-1,-1,9,1,9
201804ED18268,2,90,0,18,0,1,0,0,0,0,4,1,6,2,26,6,-1,-1,-1,2,1,2
201804ED18269,1,9,0,3,0,1,0,0,0,0,2,1,6,2,37,7,1461,2,1,4,1,4
201804ED18269,2,9,0,18,0,1,0,0,0,0,1,1,6,2,29,6,1242,1,5,8,2,8
201804ED18270,1,9,0,9,0,8,0,0,0,0,1,1,6,2,51,8,1598,2,5,9,1,9
201804ED18271,1,9,0,18,0,0,5,0,0,10,0,1,6,1,20,4,1968,2,12,1,1,1
201804ED18272,1,9,0,18,0,8,0,0,0,0,1,1,6,2,40,7,1329,1,2,2,1,2
201804ED18273,1,9,0,18,0,0,0,0,1,0,1,1,6,1,77,11,1796,1,13,1,1,1
201804ED18273,2,9,0,2,0,0,0,0,0,0,2,1,6,3,-1,-1,999,1,2,-1,-1,-1
201804ED18273,3,9,0,2,0,0,0,0,0,0,1,1,6,3,-1,-1,1229,1,4,-1,-1,-1
201804ED18275,1,9,0,18,0,0,0,0,0,0,1,1,6,1,52,8,1461,2,12,-1,-1,-1
201804ED18275,2,9,0,18,0,0,0,0,7,10,1,1,6,1,40,7,1968,2,8,1,1,1
201804ED18276,1,9,0,18,0,2,0,0,0,0,1,1,6,1,18,4,1598,1,4,-1,-1,-1
201804ED18276,2,9,0,2,9,1,0,0,0,0,2,1,6,3,-1,-1,1796,1,14,-1,-1,-1
201804ED18276,3,9,0,2,9,1,0,0,0,0,1,1,6,3,-1,-1,-1,-1,-1,-1,-1,-1
201804ED18277,1,9,0,18,0,8,0,0,0,0,1,1,6,3,-1,-1,-1,-1,-1,-1,-1,-1
201804ED18278,1,9,0,17,0,0,0,0,0,0,1,1,6,1,55,8,1586,1,-1,-1,-1,-1
201804ED18279,1,3,0,16,0,0,2,0,7,0,1,1,6,1,23,5,125,1,7,-1,-1,-1
201804ED18279,2,17,0,17,0,0,0,0,0,0,1,1,1,1,41,7,6788,2,3,-1,-1,-1
201804ED18280,1,9,0,18,0,1,0,0,0,0,1,1,6,3,-1,-1,998,1,10,-1,-1,-1
201804ED18280,2,9,0,10,0,1,0,0,0,0,2,1,1,2,47,8,1896,2,11,2,1,2
201804ED18281,1,9,0,18,0,6,0,0,0,0,2,1,6,3,-1,-1,-1,-1,-1,-1,-1,-1
201804ED18281,2,9,0,18,0,6,0,0,0,0,0,1,6,1,53,8,1896,2,13,-1,-1,-1
201804ED18282,1,1,0,7,0,2,0,0,0,0,1,1,6,1,7,2,-1,-1,-1,7,1,7
201804ED18282,2,9,0,18,0,1,0,0,0,0,1,1,6,1,40,7,1998,2,11,2,1,2
201804ED18283,1,9,0,18,0,0,1,7,4,0,1,1,6,2,32,6,998,1,7,3,1,3
201804ED18284,1,2,0,16,0,0,0,0,0,0,0,1,6,1,17,4,49,1,5,5,1,5
201804ED18285,1,9,0,18,0,1,0,0,0,0,3,1,6,1,33,6,1984,1,9,6,3,6
201804ED18285,2,9,0,18,0,1,0,0,0,0,3,1,6,2,37,7,1796,1,14,1,1,1
201804ED18286,1,90,0,18,0,8,0,0,0,0,1,1,6,1,39,7,-1,-1,-1,4,1,4
201804ED18286,2,9,0,18,0,8,0,0,0,0,3,1,6,2,36,7,1598,2,3,-1,-1,-1
201804ED18286,3,9,0,2,9,2,0,0,0,0,4,1,6,2,58,9,1328,1,1,1,1,1
201804ED18287,1,9,0,18,0,0,5,7,7,2,1,1,6,1,40,7,1149,1,10,1,1,1
201804ED18288,1,9,0,18,0,0,0,0,0,0,1,1,6,1,21,5,1197,1,4,9,3,9
201804ED18288,2,9,0,3,0,0,0,0,0,0,2,1,6,1,52,8,1991,1,4,3,1,3
201804ED18288,3,9,0,3,0,0,0,0,0,0,2,1,6,2,81,11,898,1,2,8,1,8
201804ED18289,1,9,0,18,0,2,5,4,0,0,2,1,6,1,22,5,1596,1,13,6,1,6
201804ED18289,2,9,0,2,0,2,0,0,0,0,2,1,6,1,46,8,1896,2,14,-1,-1,-1
201804ED18289,3,9,0,2,0,1,0,4,0,0,2,1,6,3,-1,-1,1422,2,15,-1,-1,-1
201804ED18289,4,9,0,2,0,1,0,0,0,0,1,1,6,3,-1,-1,998,1,16,-1,-1,-1
201804ED18289,5,9,0,2,0,1,0,0,0,0,0,1,6,3,-1,-1,998,1,15,-1,-1,-1
201804ED18290,1,5,0,9,0,0,1,0,0,0,3,1,2,1,64,9,847,1,4,9,3,9
201804ED18291,1,5,0,4,0,1,2,0,0,0,0,1,6,1,20,4,690,1,5,6,1,6
201804ED18292,1,8,0,5,0,8,0,0,0,0,1,1,1,1,24,5,1497,8,12,-1,-1,-1
201804ED18293,1,9,0,5,0,1,0,0,0,0,4,1,6,1,74,10,1560,2,7,-1,-1,-1
201804ED18293,2,8,0,4,0,1,0,0,0,0,3,1,6,1,39,7,2231,2,11,1,1,1
201804ED18294,1,9,0,18,0,4,0,0,0,0,3,1,6,1,81,11,1363,2,13,5,1,5
201804ED18294,2,9,0,9,0,3,0,0,0,0,1,1,6,1,42,7,1997,2,7,1,1,1
201804ED18295,1,9,0,8,0,2,0,0,0,0,0,1,6,1,66,10,2926,2,16,4,1,4
201804ED18296,1,9,0,12,0,0,1,0,4,6,1,1,6,1,20,4,999,1,5,-1,-1,-1
201804ED18297,1,9,0,4,0,1,0,0,0,0,2,1,6,2,21,5,1364,1,11,5,1,5
201804ED18297,2,9,0,4,0,1,0,0,0,0,0,1,6,1,27,6,1461,2,2,2,1,2
201804ED18298,1,9,0,18,0,0,1,0,0,0,1,1,6,2,35,6,1560,2,7,-1,-1,-1
201804ED18298,2,9,0,18,0,0,0,0,0,0,2,1,6,1,39,7,1910,2,11,1,1,1
201804ED18298,3,9,0,2,0,0,0,0,0,0,3,1,6,3,-1,-1,1686,2,13,-1,-1,-1
201804ED18299,1,9,0,9,0,1,0,0,0,0,4,1,6,1,50,8,1461,2,14,1,1,1
201804ED18299,2,9,0,18,0,1,0,0,0,0,1,1,6,1,29,6,1596,1,8,2,1,2
201804ED18300,1,9,0,9,0,6,0,0,0,0,1,1,2,2,20,4,998,1,10,7,1,7
201804ED18300,2,9,0,18,0,1,0,0,0,0,4,1,6,1,25,5,2000,2,8,9,2,9
201804ED18301,1,9,0,4,0,1,0,0,0,0,2,1,6,1,-1,-1,1349,1,10,-1,-1,-1
201804ED18301,2,9,0,2,0,1,0,0,0,0,0,1,6,1,36,7,-1,-1,-1,3,1,3
201804ED18302,1,9,0,7,0,3,0,0,0,0,1,1,6,1,25,5,998,1,3,1,1,1
201804ED18302,2,9,0,18,0,1,0,0,1,10,1,1,6,2,47,8,2204,2,10,2,1,2
201804ED18303,1,9,0,7,0,4,0,0,0,0,3,1,1,1,21,5,999,1,1,7,1,7
201804ED18303,2,9,0,18,0,8,0,0,0,0,1,1,1,1,49,8,1995,2,7,3,1,3
201804ED18304,1,9,0,18,0,4,0,0,0,0,1,1,6,1,70,10,1360,1,14,1,1,1
201804ED18304,2,9,0,18,0,8,1,0,1,0,4,1,6,2,29,6,1248,2,9,1,1,1
201804ED18305,1,9,0,18,0,1,0,4,0,0,2,1,2,1,18,4,1198,1,11,4,2,4
201804ED18305,2,9,0,3,0,1,0,0,0,0,2,1,1,1,35,6,1997,2,9,5,1,5
201804ED18306,1,9,0,4,0,1,0,0,0,0,2,1,6,2,51,8,1364,1,9,1,1,1
201804ED18306,2,9,0,4,0,1,0,0,0,0,1,1,2,1,35,6,1796,1,14,4,2,4
201804ED18307,1,20,0,18,0,0,1,0,0,0,1,1,1,1,50,8,4462,2,5,5,1,5
201804ED18307,2,9,0,18,0,0,0,0,0,0,2,1,6,2,55,8,1596,1,10,1,1,1
201804ED18308,1,9,0,9,0,6,0,0,0,0,3,1,6,2,25,5,1496,2,3,-1,-1,-1
201804ED18308,2,9,0,18,0,1,0,0,0,0,1,1,6,1,30,6,1595,1,22,-1,-1,-1
201804ED18309,1,9,0,18,0,1,0,0,0,0,1,1,6,1,23,5,999,1,-1,4,1,4
201804ED18309,2,9,0,9,0,1,0,0,0,0,1,1,6,1,67,10,1986,2,13,-1,-1,-1
201804ED18310,1,9,0,18,0,0,1,10,7,10,3,1,6,1,51,8,1299,1,14,9,2,9
201804ED18310,2,19,0,18,0,0,1,0,7,1,3,1,1,1,38,7,1598,2,-1,1,1,1
201804ED18311,1,9,0,9,0,8,0,0,0,0,1,1,6,1,52,8,1896,2,14,1,1,1
201804ED18311,2,9,0,18,0,8,0,0,0,6,3,1,6,1,36,7,1998,1,11,1,1,1
201804ED18312,1,9,0,5,0,0,0,0,0,0,1,1,2,2,28,6,1329,1,6,3,1,3
201804ED18312,2,9,0,18,0,0,0,0,0,0,3,1,2,1,27,6,1995,2,13,3,1,3
201804ED18313,1,9,0,18,0,0,0,0,0,0,1,1,6,2,27,6,1598,1,10,-1,-1,-1
201804ED18313,2,9,0,2,0,0,0,0,0,0,4,1,6,3,-1,-1,999,1,2,-1,-1,-1
201804ED18314,1,9,0,7,0,3,1,0,7,10,1,1,6,1,27,6,1896,2,15,2,1,2
201804ED18314,2,9,0,18,0,4,0,0,0,0,1,1,6,1,29,6,1339,1,16,1,1,1
201804ED18314,3,9,0,2,0,2,0,0,0,0,1,1,6,2,26,6,1685,2,3,2,1,2
201804ED18315,1,9,0,18,0,0,0,0,0,0,1,1,2,1,38,7,1598,1,10,-1,-1,-1
201804ED18315,2,9,0,13,0,0,0,0,0,0,1,1,6,3,-1,-1,-1,-1,-1,-1,-1,-1
201804ED18316,1,9,0,16,0,0,2,0,1,7,1,1,6,1,28,6,1999,1,10,8,2,8
201804ED18317,1,21,0,5,0,8,0,0,0,0,1,1,1,1,37,7,5880,2,14,1,1,1
201804ED18317,2,9,0,18,0,8,0,0,0,0,3,1,6,1,49,8,1988,1,14,4,1,4
201804ED18318,1,9,0,18,0,8,0,0,0,0,1,1,1,2,45,7,1329,1,5,10,1,10
201804ED18318,2,9,0,17,0,8,0,0,0,0,4,1,6,2,59,9,1560,2,1,8,1,8
201804ED18319,1,9,0,18,0,0,0,0,0,0,2,1,6,1,79,11,1798,8,-1,2,1,2
201804ED18319,2,9,0,18,0,0,0,0,0,0,1,1,6,1,63,9,1560,2,2,10,1,10
201804ED18320,1,9,0,9,0,1,0,0,0,0,4,1,6,1,20,4,1395,1,-1,2,1,2
201804ED18320,2,9,0,17,0,1,0,0,0,0,1,1,6,2,32,6,1900,2,12,2,1,2
201804ED18321,1,3,0,18,0,0,0,0,1,0,1,1,6,1,20,4,-1,-1,-1,9,3,9
201804ED18322,1,9,0,18,0,0,0,0,0,0,1,1,6,2,25,5,1600,1,7,1,1,1
201804ED18322,2,9,0,2,0,0,0,0,0,0,2,1,6,1,-1,-1,1248,2,6,-1,-1,-1
201804ED18322,3,9,0,2,0,0,0,0,0,0,2,1,6,1,-1,-1,1968,2,9,-1,-1,-1
201804ED18323,1,9,0,16,0,0,1,0,1,2,2,1,6,1,25,5,2979,1,3,1,1,1
201804ED18324,1,9,0,9,0,8,0,0,0,0,4,1,6,2,44,7,1685,2,4,7,1,7
201804ED18324,2,1,0,18,0,1,0,0,0,0,1,1,6,1,32,6,-1,-1,-1,9,1,9
201804ED18325,1,9,0,9,9,1,0,0,1,0,1,1,6,2,24,5,1998,1,10,1,1,1
201804ED18325,2,9,0,5,0,1,0,0,1,0,1,1,6,1,34,6,1995,2,11,-1,-1,-1
201804ED18326,1,9,0,18,0,1,1,0,0,0,4,1,6,2,20,4,1200,1,3,8,1,8
201804ED18326,2,9,0,1,0,8,0,0,0,0,2,1,6,2,29,6,1242,1,5,2,1,2
201804ED18327,1,9,0,16,0,0,1,0,0,0,1,1,1,1,20,4,1198,1,11,3,1,3
201804ED18328,1,9,0,18,0,7,1,0,0,0,4,1,6,1,39,7,2987,2,11,3,1,3
201804ED18328,2,9,0,18,0,1,0,0,0,0,3,1,6,3,-1,-1,-1,-1,-1,-1,-1,-1
201804ED18329,1,9,0,18,0,8,0,0,0,0,1,1,6,3,-1,-1,-1,-1,-1,-1,-1,-1
201804ED18329,2,1,0,18,0,8,0,0,0,0,2,1,6,1,50,8,-1,-1,-1,8,1,8
201804ED18330,1,9,0,3,0,0,0,0,0,0,2,1,6,1,22,5,1560,2,4,7,1,7
201804ED18330,2,9,0,3,0,0,0,0,0,0,1,1,1,1,32,6,1986,2,9,1,1,1
201804ED18330,3,9,0,4,0,0,0,0,0,0,1,1,6,1,75,10,2993,2,9,-1,-1,-1
201804ED18331,1,9,0,18,0,0,0,0,0,0,3,1,2,1,24,5,1598,1,9,7,1,7
201804ED18332,1,9,0,18,0,0,0,0,0,0,3,1,1,1,27,6,1197,1,1,7,1,7
201804ED18332,2,9,0,18,0,0,0,0,0,0,3,1,6,1,47,8,1999,1,10,1,1,1
201804ED18333,1,8,0,5,0,0,0,0,0,0,1,1,1,3,-1,-1,1896,2,8,-1,-1,-1
201804ED18334,1,9,0,18,0,0,0,0,0,0,3,1,6,2,45,7,1600,2,6,1,1,1
201804ED18335,1,9,0,9,0,0,0,0,0,0,1,1,6,2,43,7,1598,1,14,1,1,1
201804ED18335,2,9,0,18,0,0,0,0,0,0,3,1,6,1,44,7,1968,2,4,2,1,2
201804ED18335,3,9,0,18,0,0,0,0,0,0,3,1,6,1,45,7,1798,1,13,7,1,7
201804ED18336,1,9,0,5,0,6,0,0,0,0,2,1,6,2,57,9,1991,1,3,6,3,6
201804ED18336,2,9,0,18,0,8,0,0,0,0,1,1,6,1,54,8,1598,2,1,5,1,5
201804ED18337,1,9,0,9,0,6,0,0,0,0,4,1,6,2,18,4,1229,1,9,4,1,4
201804ED18337,2,9,0,18,0,8,0,0,0,0,1,1,6,2,32,6,1995,2,4,3,1,3
201804ED18338,1,9,0,9,0,1,0,0,0,0,1,1,3,1,66,10,1896,2,13,1,1,1
201804ED18338,2,1,0,10,0,1,0,0,0,0,4,1,6,1,39,7,-1,-1,-1,9,1,9
201804ED18339,1,9,0,4,5,1,0,0,0,0,4,1,2,2,23,5,1390,1,5,5,1,5
201804ED18339,2,1,0,5,5,1,0,0,0,0,4,1,6,1,10,2,-1,-1,-1,1,1,1
201804ED18340,1,9,0,18,0,2,0,0,0,0,3,1,6,1,53,8,1988,2,13,1,1,1
201804ED18340,2,9,0,9,0,8,0,0,0,0,1,1,6,3,-1,-1,-1,-1,-1,-1,-1,-1
201804ED18341,1,9,0,18,0,0,0,0,0,0,1,1,2,1,37,7,1598,1,8,7,3,7
201804ED18341,2,90,0,4,0,0,0,0,0,0,2,1,1,1,56,9,-1,-1,-1,3,1,3
201804ED18342,1,9,0,9,0,8,0,0,0,0,1,1,6,1,61,9,1998,2,10,3,1,3
201804ED18342,2,5,0,18,0,1,0,0,1,10,1,1,6,1,20,4,645,1,17,-1,-1,-1
201804ED18343,1,9,0,18,0,8,0,0,0,0,2,1,2,1,36,7,2143,2,3,1,1,1
201804ED18343,2,9,0,18,0,1,0,0,0,0,1,1,2,1,35,6,1582,2,6,1,1,1
201804ED18344,1,9,0,5,0,2,0,0,0,0,1,1,6,1,24,5,1296,1,10,2,1,2
201804ED18345,1,9,0,5,0,0,0,0,0,0,1,1,3,2,39,7,1995,2,15,1,1,1
201804ED18345,2,8,0,18,0,0,0,0,0,0,1,1,3,1,36,7,1896,2,8,1,1,1
201804ED18346,1,9,0,5,0,1,0,0,0,0,1,1,3,1,56,9,1598,1,10,2,1,2
201804ED18347,1,9,0,4,0,1,0,0,0,0,1,1,6,3,-1,-1,1968,2,5,-1,-1,-1
201804ED18347,2,9,0,4,0,1,0,0,0,0,2,1,2,1,62,9,1364,2,9,-1,-1,-1
201804ED18348,1,9,0,18,0,1,0,0,0,0,3,1,1,1,64,9,1998,2,16,1,1,1
201804ED18348,2,9,0,18,0,1,0,0,0,0,3,1,6,2,30,6,1248,2,10,1,1,1
201804ED18349,1,9,0,16,0,0,0,0,0,0,1,1,6,1,78,11,996,1,4,4,2,4
201804ED18349,2,11,0,18,0,0,0,0,0,0,3,1,1,1,40,7,7300,2,13,-1,-1,-1
201804ED18349,3,9,0,18,0,0,0,0,0,0,1,1,6,2,22,5,1598,1,14,-1,-1,-1
201804ED18350,1,20,0,11,0,0,0,0,0,0,3,1,1,1,67,10,2402,2,18,2,1,2
201804ED18350,2,9,0,18,0,0,0,0,0,0,3,1,6,1,37,7,1497,8,10,3,1,3
201804ED18351,1,9,0,10,0,1,0,0,0,0,2,1,6,2,34,6,1560,2,8,2,1,2
201804ED18351,2,9,0,18,0,1,0,0,0,0,1,1,6,3,-1,-1,1598,1,12,-1,-1,-1
201804ED18352,1,9,0,18,0,3,0,0,0,0,4,1,6,1,26,6,1984,1,2,7,1,7
201804ED18352,2,90,0,5,0,8,0,0,0,0,3,1,1,1,39,7,-1,-1,-1,1,1,1
201804ED18353,1,9,0,1,0,0,0,0,0,0,2,1,6,3,-1,-1,998,1,6,-1,-1,-1
201804ED18354,1,9,0,18,0,8,0,0,1,10,1,1,6,1,42,7,1499,2,-1,2,1,2
201804ED18355,1,8,0,9,0,8,0,0,0,0,1,1,2,1,28,6,-1,-1,-1,1,1,1
201804ED18355,2,9,0,18,0,8,0,0,0,0,3,1,6,2,43,7,2204,2,11,7,1,7
201804ED18356,1,9,0,9,0,1,0,0,0,0,1,1,6,3,-1,-1,-1,-1,-1,-1,-1,-1
201804ED18356,2,1,0,18,0,1,0,0,0,0,4,1,2,1,32,6,-1,-1,-1,5,2,5
201804ED18357,1,9,0,4,0,0,0,0,0,0,3,1,3,1,40,7,1896,2,11,2,1,2
201804ED18358,1,9,0,18,0,1,0,4,0,0,1,1,3,2,38,7,1968,2,2,1,1,1
201804ED18358,2,9,0,2,0,1,0,0,0,0,2,1,6,3,-1,-1,-1,-1,-1,-1,-1,-1
201804ED18359,1,9,0,18,0,1,0,0,0,0,1,1,6,1,76,11,2204,2,12,8,3,8
201804ED18359,2,9,0,18,0,1,0,0,7,0,1,1,6,3,-1,-1,-1,-1,-1,-1,-1,-1
201804ED18360,1,9,0,4,0,0,0,0,0,0,1,1,2,1,18,4,1198,1,15,7,1,7
201804ED18360,2,9,0,9,0,0,0,0,0,0,2,1,6,1,24,5,1598,2,7,1,1,1
201804ED18361,1,9,0,18,0,0,2,0,8,0,1,1,6,2,46,8,1422,2,18,2,1,2
201804ED18362,1,9,0,18,0,8,0,0,0,0,3,1,6,1,23,5,998,1,17,8,1,8
201804ED18362,2,9,0,18,0,8,0,0,0,0,1,1,6,2,38,7,1598,1,10,9,1,9
201804ED18363,1,9,0,4,0,0,0,0,0,0,1,1,6,3,-1,-1,-1,-1,-1,-1,-1,-1
201804ED18363,2,1,0,18,0,0,0,0,0,0,1,1,6,1,13,3,-1,-1,-1,8,1,8
201804ED18364,1,9,0,18,9,1,0,0,0,0,1,1,6,3,-1,-1,2720,2,13,-1,-1,-1
201804ED18365,1,9,0,4,0,0,0,0,0,0,2,1,6,2,31,6,2378,7,14,-1,-1,-1
201804ED18365,2,9,0,18,0,0,0,0,0,0,1,1,6,1,23,5,-1,-1,-1,-1,-1,-1
201804ED18366,1,9,0,18,0,2,0,0,0,0,1,1,6,1,48,8,1997,2,11,2,1,2
201804ED18367,1,9,0,18,0,8,0,0,0,0,1,1,6,1,27,6,1896,2,13,-1,-1,-1
201804ED18368,1,9,0,4,0,2,0,0,0,0,1,1,6,3,-1,-1,-1,-1,-1,-1,-1,-1
201804ED18369,1,9,0,5,0,6,0,0,0,0,1,1,2,2,45,7,1461,2,1,-1,-1,-1
201804ED18369,2,9,0,18,0,6,0,0,0,0,1,1,2,2,19,4,-1,-1,-1,-1,-1,-1
201804ED18370,1,9,0,9,0,2,0,0,0,0,1,1,6,1,26,6,1390,1,12,1,1,1
201804ED18372,1,9,0,9,0,1,0,0,0,0,4,1,6,1,43,7,1998,2,9,3,1,3
201804ED18372,2,9,0,18,0,8,0,0,0,0,1,1,6,2,24,5,1999,1,7,8,1,8
201804ED18373,1,9,0,18,0,0,0,0,0,0,1,1,6,3,-1,-1,-1,-1,-1,-1,-1,-1
201804ED18374,1,19,0,4,0,0,0,0,0,0,1,1,6,1,23,5,1995,2,5,8,1,8
201804ED18374,2,9,0,4,0,0,0,0,0,0,2,1,6,1,19,4,1560,2,7,9,1,9
201804ED18374,3,9,0,4,0,0,0,0,0,0,2,1,6,1,63,9,999,1,3,9,1,9
201804ED18375,1,1,0,18,0,2,0,0,0,0,4,1,4,1,13,3,-1,-1,-1,3,1,3
201804ED18375,2,9,0,18,0,1,0,0,0,0,4,1,6,1,50,8,1910,2,10,-1,-1,-1
201804ED18375,3,19,0,18,0,2,0,0,0,0,1,1,1,1,45,7,1598,2,2,2,1,2
201804ED18376,1,9,0,18,0,0,0,0,0,0,1,1,3,2,36,7,1598,1,10,-1,-1,-1
201804ED18377,1,9,0,3,0,1,0,0,0,0,2,1,2,2,41,7,-1,-1,-1,7,1,7
201804ED18377,2,9,0,4,0,1,0,0,0,0,1,1,6,3,-1,-1,998,1,4,-1,-1,-1