Accident_Index,Vehicle_Reference,Vehicle_Type,Towing_and_Articulation,Vehicle_Manoeuvre,Vehicle_Location-Restricted_Lane,Junction_Location,Skidding_and_Overturning,Hit_Object_in_Carriageway,Vehicle_Leaving_Carriageway,Hit_Object_off_Carriageway,1st_Point_of_Impact,Was_Vehicle_Left_Hand_Drive?,Journey_Purpose_of_Driver,Sex_of_Driver,Age_of_Driver,Age_Band_of_Driver,Engine_Capacity_(CC),Propulsion_Code,Age_of_Vehicle,Driver_IMD_Decile,Driver_Home_Area_Type,Vehicle_IMD_Decile
201804ED18547,2,9,0,18,0,0,0,0,0,0,3,1,6,2,25,5,1686,2,13,-1,-1,-1
201804EF18001,1,8,0,18,0,8,0,0,0,0,4,1,1,1,23,5,1598,2,4,2,1,2
201804EF18001,2,9,0,18,0,8,0,0,1,2,1,1,6,2,80,11,1591,1,1,6,3,6
201804EF18002,1,9,0,18,0,0,0,11,0,0,1,1,6,1,22,5,1299,1,14,-1,-1,-1
201804EF18003,1,9,0,16,0,1,0,0,0,0,3,1,6,1,31,6,1598,1,8,1,1,1
201804EF18003,2,9,0,17,0,1,0,0,0,0,3,1,1,1,44,7,1598,2,4,1,1,1
201804EF18004,1,9,0,18,0,1,0,0,0,0,1,1,6,1,25,5,1686,2,13,-1,-1,-1
201804EF18004,2,9,0,18,0,8,0,0,0,0,1,1,2,1,59,9,1598,2,7,-1,-1,-1
201804EF18005,1,9,0,12,0,0,0,0,0,0,3,1,6,1,55,8,2204,2,10,-1,-1,-1
201804EF18005,2,3,0,18,0,0,0,0,0,0,1,1,6,1,26,6,-1,-1,-1,1,1,1
201804EF18006,1,9,0,18,0,3,0,0,0,0,1,1,6,2,36,7,1598,1,10,5,1,5
201804EF18007,1,9,0,3,0,0,0,0,0,0,2,1,1,2,29,6,1398,1,2,7,1,7
201804EF18007,2,19,0,3,0,0,0,0,0,0,1,1,1,1,44,7,2198,2,6,1,1,1
201804EF18008,1,9,0,18,0,1,5,0,0,0,1,1,6,2,65,9,1968,2,4,5,1,5
201804EF18008,2,9,0,5,0,4,0,0,0,0,2,1,6,2,23,5,1248,1,8,2,1,2
201804EF18009,1,9,0,18,0,1,0,0,0,0,1,1,1,2,28,6,998,1,18,1,1,1
201804EF18009,2,21,1,3,0,1,0,0,0,0,2,1,1,1,27,6,12740,2,3,-1,1,-1
201804EF18010,1,9,0,9,0,1,0,0,0,0,1,1,6,1,74,10,1598,2,2,3,1,3
201804EF18010,2,1,0,18,0,8,0,0,0,0,1,1,6,2,34,6,-1,-1,-1,-1,-1,-1
201804EF18011,1,9,0,18,9,2,1,0,1,2,4,1,6,1,27,6,1368,1,10,1,1,1
201804EF18012,1,9,0,18,0,0,1,0,0,0,1,1,6,1,24,5,1968,2,5,1,1,1
201804EF18012,2,9,0,18,0,0,1,0,1,0,1,1,6,2,28,6,1328,1,8,1,1,1
201804EF18013,1,9,0,10,0,1,0,0,0,1,0,1,6,1,42,7,1582,2,3,1,1,1
201804EF18013,2,9,0,18,0,1,0,0,0,0,1,1,6,1,17,4,1242,1,12,8,1,8
201804EF18013,3,90,0,18,0,2,0,0,0,0,1,1,6,1,25,5,-1,-1,-1,1,1,1
201804EF18014,1,9,0,3,0,0,0,0,0,0,2,1,3,2,30,6,1997,1,10,3,1,3
201804EF18014,2,9,0,3,0,0,0,0,0,0,1,1,1,2,37,7,1560,2,7,3,1,3
201804EF18015,1,9,0,18,0,0,0,4,0,0,1,1,6,2,26,6,1422,2,10,3,1,3
201804EF18015,2,9,0,2,0,0,0,0,0,0,2,1,6,3,-1,-1,1299,1,18,-1,-1,-1
201804EF18016,1,9,0,14,0,0,5,4,0,0,1,1,6,1,31,6,1968,2,13,-1,-1,-1
201804EF18016,2,9,0,2,0,0,0,4,0,0,1,1,2,3,-1,-1,1997,2,13,-1,-1,-1
201804EF18017,1,9,0,18,0,1,1,0,0,0,1,1,6,1,44,7,1968,2,5,6,3,6
201804EF18017,2,9,0,9,0,8,0,0,0,0,3,1,6,3,-1,-1,2148,2,9,-1,-1,-1
201804EF18018,1,9,0,18,0,0,0,0,5,0,4,1,6,1,18,4,1360,1,11,8,1,8
201804EF18018,2,9,0,18,0,0,0,0,0,0,3,1,6,2,54,8,1198,1,4,8,1,8
201804EF18019,1,9,0,13,0,0,0,4,0,0,1,1,6,1,65,9,1461,2,11,6,3,6
201804EF18019,2,9,0,18,0,0,0,0,0,0,1,1,6,2,54,8,1598,1,3,2,1,2
201804EF18019,3,9,0,2,0,0,0,0,0,0,1,1,6,3,-1,-1,1149,1,19,-1,-1,-1
201804EF18020,1,9,0,9,0,8,0,0,0,0,1,1,2,2,24,5,1198,1,8,7,1,7
201804EF18020,2,9,0,18,0,8,0,0,0,0,1,1,2,2,41,7,1560,2,9,3,1,3
201804EF18021,1,9,0,13,0,0,1,0,0,0,1,1,6,1,50,8,1596,1,15,4,1,4
201804EF18021,2,9,0,18,0,0,1,0,0,0,1,1,2,1,53,8,1582,2,2,4,1,4
201804EF18022,1,9,0,9,0,6,0,0,0,0,3,1,2,1,54,8,1461,2,1,1,1,1
201804EF18022,2,9,0,18,0,8,0,0,0,0,1,1,2,2,57,9,1364,1,8,-1,-1,-1
201804EF18023,1,9,0,18,0,8,0,0,8,0,1,1,6,1,19,4,-1,-1,-1,4,1,4
201804EF18023,2,9,0,3,0,8,0,0,0,0,2,1,6,1,19,4,998,1,2,-1,-1,-1
201804EF18023,3,9,0,18,0,8,0,0,0,0,1,1,2,1,50,8,1461,2,8,3,1,3
201804EF18024,1,9,0,18,0,1,0,0,0,0,1,1,6,1,21,5,2987,2,8,-1,-1,-1
201804EF18024,2,9,0,18,0,1,0,0,0,0,1,1,6,1,42,7,1497,1,13,-1,-1,-1
201804EF18024,3,9,0,18,0,1,0,0,0,0,2,1,6,2,55,8,1498,1,2,-1,-1,-1
201804EF18025,1,9,0,4,0,0,0,0,0,0,1,1,1,2,35,6,1598,1,8,4,1,4
201804EF18025,2,9,0,4,0,0,0,0,0,0,0,1,6,1,74,10,998,1,12,2,1,2
201804EF18026,1,20,0,18,0,0,0,0,0,0,1,1,1,1,42,7,6374,2,5,-1,-1,-1
201804EF18026,2,9,0,3,0,0,0,0,1,0,3,1,2,2,26,6,1461,2,1,3,1,3
201804EF18026,3,9,0,3,0,0,0,0,0,0,2,1,2,2,26,6,1499,1,1,9,1,9
201804EF18027,1,19,5,18,0,2,0,0,0,0,2,1,6,3,-1,-1,-1,-1,-1,-1,-1,-1
201804EF18027,2,9,0,18,0,2,0,0,0,0,3,1,6,1,46,8,1820,1,24,1,1,1
201804EF18028,1,9,0,1,0,1,0,0,0,0,2,1,2,1,71,10,5998,1,3,8,3,8
201804EF18029,1,9,0,9,0,8,0,0,0,0,4,1,6,2,85,11,1339,1,8,8,3,8
201804EF18029,2,8,0,18,0,1,0,0,0,0,1,1,1,1,28,6,1598,2,6,3,1,3
201804EF18030,1,9,0,18,0,0,1,4,0,0,1,1,1,1,31,6,1364,1,8,2,1,2
201804EF18030,2,9,0,2,0,0,0,0,0,0,2,1,3,2,26,6,1390,1,15,-1,-1,-1
201804EF18031,1,9,0,18,0,0,0,0,0,0,0,1,1,3,-1,-1,-1,-1,-1,-1,-1,-1
201804EF18031,2,9,0,18,0,0,1,4,0,0,1,1,1,2,31,6,1598,1,14,1,1,1
201804EF18031,3,9,0,2,0,0,0,0,0,0,2,1,6,3,-1,-1,-1,-1,-1,-1,-1,-1
201804EF18032,1,9,0,3,0,0,0,0,0,0,1,1,6,3,-1,-1,2993,2,5,-1,-1,-1
201804EF18033,1,9,0,18,0,0,1,0,7,10,2,1,6,1,75,10,1997,2,15,-1,-1,-1
201804EF18033,2,90,0,2,0,0,0,0,0,0,2,1,6,1,24,5,-1,-1,-1,-1,-1,-1
201804EF18033,3,9,0,4,0,0,1,0,0,0,1,1,2,1,67,10,1498,1,9,-1,-1,-1
201804EF18033,4,11,0,4,0,0,1,0,7,9,1,1,1,1,55,8,9360,2,7,-1,-1,-1
201804EF18034,1,9,0,18,0,1,0,0,3,0,3,1,6,2,27,6,1248,2,7,3,1,3
201804EF18034,2,9,0,18,0,1,0,0,7,2,1,1,6,1,51,8,1968,2,8,10,1,10
201804EF18035,1,9,0,5,0,0,2,0,8,0,1,1,6,2,24,5,1598,1,8,1,1,1
201804EF18036,1,9,0,16,0,0,1,0,1,9,1,1,6,1,18,4,1242,1,11,3,1,3
201804EF18037,1,8,0,1,0,1,0,0,0,0,2,1,1,1,48,8,1997,2,5,1,1,1
201804EF18038,1,9,0,4,0,1,0,0,0,0,1,1,6,2,58,9,2993,2,13,7,3,7
201804EF18038,2,9,0,4,0,1,0,0,0,0,2,1,6,2,26,6,1560,2,2,-1,-1,-1
201804EF18039,1,19,0,18,0,2,0,0,0,0,1,1,1,1,31,6,1560,2,3,7,1,7
201804EF18040,1,9,0,9,0,2,0,0,0,0,4,1,6,1,18,4,1200,1,5,7,1,7
201804EF18040,2,8,0,18,0,2,0,0,0,0,1,1,1,1,28,6,1598,2,6,1,1,1
201804EF18042,1,9,0,4,0,1,0,0,0,0,1,1,6,3,-1,-1,-1,-1,-1,-1,-1,-1
201804EF18042,2,9,0,3,0,1,0,0,0,0,2,1,6,2,34,6,998,1,3,2,1,2
201804EF18044,1,9,0,18,0,6,0,0,0,0,1,1,1,2,44,7,1363,2,14,2,1,2
201804EF18044,2,1,0,18,0,1,0,0,0,0,4,1,6,1,53,8,-1,-1,-1,3,1,3
201804EF18045,1,9,0,18,0,2,0,0,0,0,1,1,6,2,43,7,2993,2,3,4,3,4
201804EF18046,1,9,0,18,0,1,0,0,7,0,4,1,3,2,34,6,1461,2,7,-1,-1,-1
201804EF18046,2,9,0,9,0,1,0,0,0,0,3,1,6,2,48,8,1398,1,5,-1,-1,-1
201804EF18047,1,9,0,4,0,0,1,0,0,0,4,1,6,1,41,7,1995,2,7,6,3,6
201804EF18047,2,9,0,4,0,0,0,0,0,0,3,1,6,1,26,6,2143,2,4,4,1,4
201804EF18047,3,9,0,4,0,0,0,0,0,0,2,1,6,2,64,9,998,1,8,5,3,5
201804EF18047,4,9,0,4,0,0,0,0,0,0,2,1,6,1,52,8,1560,2,2,3,1,3
201804EF18048,1,90,0,1,0,0,0,0,0,0,2,1,6,1,23,5,-1,-1,-1,-1,-1,-1
201804EF18049,1,9,0,18,0,2,5,4,0,0,1,1,6,2,41,7,1124,1,15,3,1,3
201804EF18049,2,9,0,2,0,1,0,0,0,0,1,1,6,3,-1,-1,1900,2,14,-1,-1,-1
201804EF18050,1,8,0,5,0,0,0,0,0,0,1,1,6,1,36,7,1968,2,6,1,1,1
201804EF18050,2,3,0,3,0,0,0,0,0,0,2,1,6,1,22,5,125,1,3,2,1,2
201804EF18051,1,9,0,11,0,4,2,9,0,0,1,1,6,1,60,9,1896,2,17,4,1,4
201804EF18052,1,17,4,18,0,8,0,0,0,0,4,1,1,1,54,8,-1,2,15,8,1,8
201804EF18052,2,9,0,9,0,8,0,0,0,0,4,1,6,1,18,4,998,1,3,5,1,5
201804EF18052,3,9,0,3,0,1,0,0,0,0,1,1,2,3,41,7,1461,2,3,3,1,3
201804EF18053,1,9,0,6,0,1,0,0,0,0,0,1,6,1,32,6,1329,1,7,1,1,1
201804EF18053,2,1,0,18,0,1,0,0,0,0,1,1,4,1,13,3,-1,-1,-1,4,1,4
201804EF18054,1,9,0,18,0,0,1,0,8,4,1,1,6,1,26,6,1994,1,16,3,1,3
201804EF18054,2,9,0,18,0,0,0,0,0,0,0,1,2,2,19,4,998,1,13,2,1,2
201804EF18055,1,9,0,18,0,0,0,0,1,10,1,1,6,2,23,5,1398,1,4,3,1,3
201804EF18056,1,9,0,18,0,0,2,0,8,10,1,1,6,1,30,6,1753,2,13,1,1,1
201804EF18056,2,9,0,2,0,0,1,0,0,0,1,1,6,3,-1,-1,1364,1,11,-1,-1,-1
201804EF18057,1,9,0,18,0,0,0,0,0,0,1,1,6,1,27,6,1968,2,6,1,1,1
201804EF18057,2,9,0,4,0,0,0,0,0,0,2,1,6,2,23,5,1248,1,-1,5,2,5
201804EF18058,1,9,0,18,0,0,1,0,0,0,1,1,6,1,37,7,1910,2,11,3,1,3
201804EF18059,1,9,0,10,0,2,0,0,0,0,1,1,6,1,61,9,1798,1,7,1,1,1
201804EF18059,2,9,0,18,0,1,0,0,0,0,1,1,6,2,33,6,1200,1,2,7,1,7
201804EF18060,1,9,0,18,0,1,0,0,7,10,4,1,2,1,57,9,1248,2,3,-1,-1,-1
201804EF18060,2,9,0,18,0,1,0,0,0,0,1,1,6,3,-1,-1,-1,-1,-1,-1,-1,-1
201804EF18061,1,9,0,18,0,0,0,0,0,0,1,1,6,1,37,7,2204,2,12,1,1,1
201804EF18061,2,9,0,18,0,0,0,0,0,0,2,1,6,2,34,6,998,1,17,5,1,5
201804EF18062,1,9,0,16,0,8,0,0,3,10,3,1,2,1,24,5,1398,1,2,3,1,3
201804EF18062,2,9,0,18,0,1,0,0,0,0,1,1,6,2,44,7,1364,1,1,2,1,2
201804EF18063,1,9,0,18,0,1,1,0,0,0,1,1,1,1,78,11,898,1,3,3,1,3
201804EF18063,2,1,0,18,0,1,1,0,0,0,1,1,1,1,36,7,-1,-1,-1,-1,-1,-1
201804EF18064,1,90,0,3,0,8,5,0,0,0,0,1,6,1,61,9,-1,-1,-1,1,1,1
201804EF18065,1,9,0,18,0,2,0,0,0,0,1,1,6,1,37,7,1398,1,16,1,1,1
201804EF18066,1,19,0,18,0,0,0,0,0,0,1,1,1,1,37,7,2198,2,5,2,1,2
201804EF18066,2,8,0,3,0,0,0,0,0,0,2,1,6,1,54,8,1686,2,7,1,1,1
201804EF18067,1,9,0,18,0,8,0,0,8,3,4,1,3,1,31,6,-1,-1,-1,2,1,2
201804EF18067,2,9,0,18,0,8,0,0,0,0,1,1,6,1,23,5,1956,2,2,7,1,7
201804EF18067,3,9,0,2,0,1,0,0,0,0,2,1,6,3,-1,-1,1560,2,7,-1,-1,-1
201804EF18068,1,9,0,18,0,0,0,0,0,0,4,1,6,3,-1,-1,-1,-1,-1,-1,-1,-1
201804EF18069,1,9,0,7,0,6,0,0,0,0,3,1,6,3,-1,-1,-1,-1,-1,-1,-1,-1
201804EF18070,1,9,0,9,0,1,0,0,0,0,1,1,2,1,27,6,1796,1,10,4,1,4
201804EF18070,2,9,0,7,0,2,0,0,0,0,1,1,6,2,58,9,1086,1,9,5,1,5
201804EF18071,1,9,0,5,8,0,1,0,0,0,2,1,6,2,44,7,998,1,7,4,1,4
201804EF18071,2,9,0,18,0,0,0,0,0,0,1,1,1,1,27,6,1950,2,1,-1,-1,-1
201804EF18072,1,9,0,18,0,0,0,0,0,0,0,1,6,3,-1,-1,-1,-1,-1,-1,-1,-1
201804EF18072,2,11,0,5,0,0,0,0,0,0,0,1,1,1,41,7,6690,2,1,2,1,2
201804EF18073,1,9,0,18,0,1,0,0,0,0,1,1,6,3,-1,-1,2496,2,16,-1,-1,-1
201804EF18073,2,9,0,18,0,2,0,0,0,0,2,1,2,2,42,7,1995,2,1,9,1,9
201804EF18074,1,11,0,5,0,0,0,0,0,0,0,1,1,2,43,7,-1,-1,-1,4,2,4
201804EF18075,1,9,0,9,0,2,0,0,0,0,1,1,6,2,32,6,2993,2,1,7,1,7
201804EF18076,1,9,0,7,0,6,2,10,1,10,1,1,1,1,23,5,1242,1,8,-1,-1,-1
201804EF18077,1,8,0,18,0,0,0,0,0,0,0,1,1,1,50,8,1995,2,7,1,1,1
201804EF18078,1,9,0,18,0,0,0,0,0,0,1,1,6,1,22,5,1368,1,9,1,1,1
201804EF18079,1,9,0,4,0,0,0,0,0,0,1,1,6,1,25,5,1149,1,15,1,1,1
201804EF18080,1,9,0,18,0,1,1,0,0,0,1,1,6,3,-1,-1,1896,2,15,-1,-1,-1
201804EF18080,2,9,0,18,0,8,0,0,0,0,2,1,6,3,-1,-1,998,1,6,-1,-1,-1
201804EF18081,1,9,0,18,0,1,0,0,0,0,1,1,6,2,49,8,998,1,4,2,1,2
201804EF18081,2,9,0,18,0,1,0,0,0,0,0,1,6,1,57,9,2000,2,13,1,1,1
201804EF18081,3,9,0,18,0,1,0,0,0,0,1,1,6,2,51,8,1799,1,11,4,1,4
201804EF18081,4,9,0,18,0,1,0,0,0,0,1,1,6,2,29,6,1598,1,4,9,1,9
201804EF18081,5,9,0,18,0,1,0,0,0,0,0,1,6,1,22,5,998,1,1,3,1,3
201804EF18081,6,90,0,18,0,1,0,0,0,0,1,1,6,3,-1,-1,-1,-1,-1,-1,-1,-1
201804EF18081,7,9,0,18,0,1,0,0,0,0,0,1,6,1,46,8,1995,2,7,2,1,2
201804EF18082,1,9,0,9,0,0,0,0,0,0,4,1,6,1,17,4,1896,2,11,4,1,4
201804EF18082,2,90,0,18,0,0,0,0,0,0,1,1,6,1,24,5,638,1,13,1,1,1
201804EF18083,1,5,0,18,0,0,0,0,0,0,4,1,6,1,55,8,883,1,13,3,1,3
201804EF18084,1,9,0,9,0,5,0,0,0,0,1,1,6,2,52,8,1395,1,1,4,1,4
201804EF18084,2,3,0,18,0,1,0,0,0,0,1,1,6,2,20,4,124,1,5,3,1,3
201804EF18085,1,9,0,4,0,1,0,0,0,0,1,1,6,1,32,6,1596,1,12,8,1,8
201804EF18085,2,9,0,18,0,1,0,0,0,0,3,1,6,2,52,8,2993,2,-1,8,1,8
201804EF18085,3,9,0,18,0,1,0,0,4,0,2,1,6,1,86,11,1349,1,9,3,1,3
201804EF18085,4,9,0,18,0,1,0,0,0,0,1,1,6,2,40,7,1997,1,6,6,1,6
201804EF18085,5,9,0,18,0,1,0,0,0,0,2,1,6,1,37,7,1395,1,3,8,1,8
201804EF18087,1,11,0,18,0,0,0,0,0,0,0,1,6,1,45,7,6690,2,1,2,1,2
201804EF18088,1,9,0,9,0,5,0,0,0,0,4,1,6,1,39,7,1995,2,5,1,1,1
201804EF18088,2,9,0,18,0,1,0,0,0,0,1,1,6,1,43,7,1229,1,5,1,1,1
201804EF18089,1,3,0,18,0,1,0,0,0,0,1,1,6,1,39,7,124,1,9,5,1,5
201804EF18089,2,9,0,9,0,5,0,0,0,0,3,1,2,2,31,6,1197,1,3,6,1,6
201804EF18090,1,9,0,18,0,0,0,0,0,0,1,1,2,1,18,4,1397,1,9,6,3,6
201804EF18090,2,9,0,2,0,0,0,0,0,0,3,1,1,1,-1,-1,1995,2,15,-1,-1,-1
201804EF18090,3,9,0,18,0,0,0,0,0,0,1,1,6,2,50,8,1586,1,5,6,3,6
201804EF18091,1,8,0,18,0,0,0,0,0,0,4,1,1,3,-1,-1,1968,2,5,-1,-1,-1
201804EF18091,2,1,0,18,0,0,0,0,0,0,4,1,6,1,14,3,-1,-1,-1,3,1,3
201804EF18092,1,9,0,5,0,6,0,0,0,0,1,1,2,1,28,6,1398,2,13,7,1,7
201804EF18092,2,9,0,18,0,8,0,0,1,2,1,1,6,1,25,5,1686,2,13,3,1,3
201804EF18093,1,9,0,9,0,0,0,0,0,0,0,1,6,3,-1,-1,-1,-1,-1,-1,-1,-1
201804EF18093,2,1,0,18,0,0,2,0,0,0,0,1,6,1,55,8,-1,-1,-1,8,1,8
201804EF18094,1,90,0,5,0,4,0,0,0,0,1,1,6,3,-1,-1,-1,-1,-1,-1,-1,-1
201804EF18095,1,5,0,7,0,3,5,0,0,0,2,1,1,1,62,9,1800,1,8,9,3,9
201804EF18095,2,9,0,5,0,4,0,0,0,0,1,1,6,2,64,9,1086,1,7,4,1,4
201804EF18096,1,9,0,4,0,0,0,0,0,0,2,1,2,2,37,7,1997,2,3,4,1,4
201804EF18096,2,90,0,18,0,0,1,0,0,0,1,1,2,2,32,6,-1,-1,-1,4,1,4
201804EF18097,1,9,0,18,0,0,0,0,0,0,4,1,2,1,27,6,1598,2,7,1,1,1
201804EF18098,1,9,0,18,0,1,5,0,1,0,1,1,2,2,24,5,1360,1,12,1,1,1
201804EF18098,2,9,0,10,0,1,0,0,0,0,2,1,6,2,33,6,1198,1,4,3,1,3
201804EF18099,1,9,0,18,0,1,0,0,0,0,1,1,6,2,32,6,1461,2,2,5,3,5
201804EF18099,2,19,0,12,0,8,0,0,0,0,2,1,1,1,64,9,2198,2,2,2,1,2
201804EF18100,1,9,0,9,0,2,0,0,0,0,4,1,6,1,32,6,1364,1,6,5,1,5
201804EF18100,2,3,0,18,0,1,0,0,0,0,1,1,6,1,23,5,125,1,3,7,3,7
201804EF18101,1,1,0,18,0,1,1,0,0,0,2,1,6,1,35,6,-1,-1,-1,7,1,7
201804EF18101,2,9,0,7,0,1,0,0,0,0,2,1,2,2,26,6,998,1,3,8,1,8
201804EF18102,1,9,0,9,0,6,0,0,0,0,1,1,6,1,61,9,1587,1,11,2,1,2
201804EF18103,1,19,0,18,0,0,0,0,0,0,1,1,6,3,-1,-1,2198,2,7,-1,-1,-1
201804EF18104,1,9,0,5,0,2,0,0,0,0,1,1,6,1,25,5,1968,2,11,5,1,5
201804EF18104,2,9,0,18,0,8,0,0,0,0,3,1,6,1,27,6,1598,2,3,1,1,1
201804EF18104,3,9,0,3,0,1,0,0,0,0,1,1,6,1,28,6,1597,2,4,-1,-1,-1
201804EF18105,1,3,0,7,0,8,0,0,0,0,4,1,2,1,34,6,124,1,14,3,1,3
201804EF18105,2,9,0,5,0,1,0,0,0,0,1,1,6,1,52,8,1598,1,14,8,1,8
201804EF18106,1,9,3,4,0,0,0,0,0,0,1,1,6,1,81,11,2179,2,12,1,1,1
201804EF18106,2,9,0,4,0,0,0,0,0,0,2,1,6,1,30,6,1390,1,9,7,1,7
201804EF18106,3,9,0,4,0,0,0,0,0,0,2,1,6,1,69,10,1618,1,1,1,1,1
201804EF18106,4,9,0,4,0,0,0,0,1,0,3,1,6,1,37,7,1797,8,7,3,1,3
201804EF18107,1,9,0,9,0,0,0,0,0,0,3,1,6,2,42,7,1968,2,1,3,1,3
201804EF18107,2,5,0,15,0,0,0,0,1,0,1,1,6,1,58,9,1000,1,18,4,1,4
201804EF18108,1,9,0,9,0,6,0,0,0,0,3,1,6,2,68,10,1956,2,5,1,1,1
201804EF18108,2,3,0,18,0,8,0,0,0,0,1,1,2,1,49,8,125,1,-1,-1,-1,-1
201804EF18109,1,8,0,2,0,0,0,0,0,0,0,1,1,1,58,9,1686,2,5,-1,-1,-1
201804EF18110,1,10,0,18,0,0,0,0,0,0,1,1,6,1,70,10,2402,2,10,2,1,2
201804EF18110,2,9,0,3,0,0,0,0,0,0,2,1,6,2,41,7,1248,2,11,9,1,9
201804EF18111,1,19,0,5,0,2,0,0,0,0,1,1,6,1,26,6,2198,2,4,1,1,1
201804EF18111,2,9,0,18,0,1,0,0,0,0,4,1,6,2,67,10,1596,1,13,7,1,7
201804EF18112,1,9,0,18,0,0,0,0,7,0,1,1,6,2,18,4,796,1,8,5,1,5
201804EF18113,1,9,0,9,0,6,0,0,0,0,1,1,2,1,49,8,1461,2,9,3,1,3
201804EF18113,2,2,0,14,0,1,0,0,0,0,1,1,3,1,16,4,49,1,7,5,1,5
201804EF18114,1,9,0,2,9,2,0,0,0,0,1,1,6,2,39,7,1598,1,12,-1,-1,-1
201804EF18115,1,9,0,18,0,8,0,4,0,10,4,1,6,2,35,6,1198,1,5,4,1,4
201804EF18115,2,19,0,2,0,8,0,0,1,0,2,1,6,1,66,10,1686,2,15,4,1,4
201804EF18116,1,9,0,18,0,0,0,0,0,0,3,1,6,2,73,10,1560,2,5,-1,-1,-1
201804EF18116,2,9,0,18,0,0,0,0,0,3,3,1,6,1,60,9,1242,1,3,-1,-1,-1
201804EF18116,3,19,0,18,0,0,0,0,0,0,1,1,1,1,54,8,1997,2,1,9,1,9
201804EF18117,1,3,0,5,0,1,0,0,0,0,1,1,6,1,19,4,125,1,-1,-1,-1,-1
201804EF18117,2,9,0,18,0,1,0,0,0,0,2,1,6,1,34,6,1998,1,13,-1,-1,-1
201804EF18118,1,9,0,2,0,0,0,0,1,10,4,1,6,2,38,7,999,1,-1,-1,-1,-1
201804EF18119,1,9,0,18,0,0,0,0,0,0,3,1,6,1,30,6,973,1,15,4,1,4
201804EF18120,1,9,0,18,0,2,0,0,3,10,1,1,6,1,53,8,1398,1,7,1,1,1
201804EF18121,1,9,0,2,0,0,0,0,0,0,0,1,6,2,26,6,1997,2,17,3,1,3
201804EF18121,2,9,0,2,0,0,0,0,0,0,3,1,6,1,46,8,1560,2,3,2,1,2
201804EF18122,1,9,0,18,0,1,0,0,0,0,1,1,6,1,18,4,1242,1,3,9,1,9
201804EF18122,2,9,0,10,0,1,0,0,0,0,2,1,6,1,31,6,1461,2,14,3,1,3
201804EF18123,1,9,0,4,0,1,0,0,0,0,2,1,6,2,39,7,-1,3,3,10,1,10
201804EF18123,2,1,0,18,0,1,0,0,0,0,1,1,6,1,39,7,-1,-1,-1,-1,-1,-1
201804EF18124,1,9,0,18,0,0,0,0,0,0,4,1,2,2,57,9,1499,2,3,4,1,4
201804EF18125,1,9,0,9,0,6,0,0,0,0,1,1,6,1,72,10,1318,1,1,1,1,1
201804EF18126,1,9,0,18,0,0,0,0,0,0,1,1,2,1,31,6,1086,1,14,1,1,1
201804EF18126,2,9,0,18,0,0,0,0,0,0,1,1,6,1,28,6,1910,2,11,1,1,1
201804EF18127,1,9,0,15,0,8,0,0,0,0,1,1,6,1,26,6,1984,1,9,4,1,4
201804EF18127,2,9,0,9,0,1,0,0,0,0,3,1,6,2,37,7,998,1,9,2,1,2
201804EF18128,1,9,4,18,0,0,4,10,4,6,1,1,6,1,39,7,1951,2,14,4,1,4
201804EF18129,1,9,0,5,0,2,0,0,0,0,2,1,6,2,66,10,1598,1,6,7,3,7
201804EF18130,1,9,0,18,0,1,0,0,0,0,1,1,6,2,36,7,1395,1,1,-1,-1,-1
201804EF18131,1,5,0,14,0,8,0,0,0,0,4,1,6,1,47,8,599,1,16,2,1,2
201804EF18131,2,9,0,9,0,8,0,0,0,0,1,1,6,1,71,10,2204,2,12,6,3,6
201804EF18132,1,9,0,5,0,8,0,0,0,0,4,1,6,3,-1,-1,-1,-1,-1,-1,-1,-1
201804EF18133,1,9,0,18,0,0,0,0,1,0,1,1,6,1,22,5,1598,1,11,1,1,1
201804EF18133,2,9,0,18,0,0,0,0,0,0,1,1,2,2,54,8,1686,2,4,9,1,9
201804EF18134,1,9,0,16,0,0,0,0,0,0,1,1,1,1,57,9,1896,2,16,-1,-1,-1
201804EF18134,2,1,0,18,0,0,0,0,0,0,1,1,6,1,14,3,-1,-1,-1,-1,-1,-1
201804EF18135,1,8,0,6,0,1,0,0,0,0,1,1,1,1,41,7,1997,2,6,1,1,1
201804EF18135,2,9,0,13,0,1,0,0,0,0,1,1,2,1,26,6,1560,2,7,9,1,9
201804EF18136,1,8,0,15,0,0,1,10,4,2,1,1,1,1,40,7,1598,2,6,1,1,1
201804EF18136,2,21,1,9,0,0,0,0,0,0,0,1,1,1,51,8,12902,2,2,1,1,1
201804EF18136,3,11,0,18,0,0,0,0,0,0,1,1,1,1,40,7,7300,2,17,2,1,2
201804EF18137,1,9,0,2,0,0,0,0,0,0,4,1,6,3,-1,-1,-1,-1,-1,-1,-1,-1
201804EF18138,1,5,0,18,0,0,2,0,0,0,1,1,6,1,59,9,998,1,-1,1,1,1
201804EF18138,2,9,0,18,0,0,0,0,0,0,3,1,6,1,26,6,4999,1,7,7,1,7
201804EF18139,1,9,0,17,0,0,0,0,0,0,1,1,6,1,27,6,1395,1,4,6,1,6
201804EF18139,2,9,0,18,0,0,0,0,0,0,1,1,1,1,51,8,1997,2,3,2,1,2
201804EF18140,1,9,0,4,0,1,0,0,1,10,1,1,1,1,55,8,2494,8,3,2,1,2
201804EF18141,1,9,0,3,0,1,0,0,0,0,2,1,1,2,27,6,1198,1,6,-1,-1,-1
201804EF18141,2,9,0,5,0,1,0,0,0,0,1,1,6,2,25,5,1200,1,1,8,1,8
201804EF18142,1,9,0,18,0,1,0,0,0,0,4,1,6,1,62,9,1796,1,18,2,1,2
201804EF18143,1,9,0,9,0,6,0,0,0,0,0,1,6,3,-1,-1,-1,-1,-1,-1,-1,-1