Accident_Index,Vehicle_Reference,Vehicle_Type,Towing_and_Articulation,Vehicle_Manoeuvre,Vehicle_Location-Restricted_Lane,Junction_Location,Skidding_and_Overturning,Hit_Object_in_Carriageway,Vehicle_Leaving_Carriageway,Hit_Object_off_Carriageway,1st_Point_of_Impact,Was_Vehicle_Left_Hand_Drive?,Journey_Purpose_of_Driver,Sex_of_Driver,Age_of_Driver,Age_Band_of_Driver,Engine_Capacity_(CC),Propulsion_Code,Age_of_Vehicle,Driver_IMD_Decile,Driver_Home_Area_Type,Vehicle_IMD_Decile
201804EF18143,2,1,0,18,0,1,0,0,0,0,0,1,6,1,28,6,-1,-1,-1,1,1,1
201804EF18144,1,3,0,13,0,1,0,0,0,0,3,1,6,1,19,4,124,1,3,6,1,6
201804EF18144,2,9,0,13,0,1,0,0,0,0,3,1,6,1,67,10,-1,-1,-1,-1,-1,-1
201804EF18145,1,19,0,18,0,0,0,0,0,0,1,1,1,1,32,6,1560,2,3,1,1,1
201804EF18146,1,90,0,5,0,1,0,0,0,0,1,1,1,1,33,6,-1,-1,-1,2,1,2
201804EF18146,2,2,0,3,0,2,0,0,0,0,1,1,6,1,18,4,-1,-1,-1,4,1,4
201804EF18147,1,9,0,14,0,0,0,0,0,0,4,1,6,2,50,8,998,1,3,-1,-1,-1
201804EF18148,1,5,0,13,0,0,2,0,0,0,4,1,2,1,26,6,600,1,17,-1,-1,-1
201804EF18149,1,9,0,5,0,8,0,0,0,0,1,1,6,1,30,6,1248,1,6,3,1,3
201804EF18149,2,1,0,18,0,8,0,0,0,0,3,1,2,1,47,8,-1,-1,-1,4,1,4
201804EF18150,1,1,0,18,0,1,0,0,0,0,0,1,6,1,16,4,-1,-1,-1,-1,-1,-1
201804EF18151,1,9,0,16,0,0,0,0,7,0,1,1,6,1,25,5,1798,1,12,4,1,4
201804EF18152,1,9,0,9,0,1,0,0,0,0,1,1,6,1,35,6,2000,1,11,3,1,3
201804EF18152,2,9,0,18,0,1,0,0,0,0,1,1,6,2,51,8,1398,2,4,10,1,10
201804EF18153,1,9,0,17,0,0,5,0,1,10,1,1,6,2,19,4,1686,2,13,1,1,1
201804EF18154,1,9,0,18,0,2,0,0,0,0,1,1,6,1,19,4,1968,2,7,6,1,6
201804EF18154,2,9,0,18,0,2,0,0,0,0,2,1,6,1,39,7,1560,2,14,6,1,6
201804EF18154,3,9,0,18,0,2,0,0,0,0,2,1,6,1,40,7,1598,1,7,3,1,3
201804EF18155,1,9,0,18,0,8,0,0,0,0,1,1,6,1,36,7,1997,2,5,1,1,1
201804EF18155,2,10,0,2,0,1,0,0,0,0,0,1,6,3,-1,-1,2198,2,10,-1,-1,-1
201804EF18156,1,9,0,3,0,1,0,0,0,0,2,1,1,2,49,8,1496,1,-1,6,1,6
201804EF18156,2,90,0,4,0,1,0,4,0,0,2,1,6,3,-1,-1,-1,-1,-1,-1,-1,-1
201804EF18157,1,9,0,4,0,1,0,0,0,0,1,1,6,3,-1,-1,-1,-1,-1,-1,-1,-1
201804EF18157,2,9,0,4,0,1,0,0,0,0,2,1,6,2,39,7,998,1,2,4,1,4
201804EF18158,1,9,0,18,0,0,0,0,7,10,1,1,6,1,51,8,1995,2,12,1,1,1
201804EF18158,2,8,0,9,0,0,0,0,7,0,4,1,1,1,32,6,1598,2,7,1,1,1
201804EF18159,1,3,0,17,0,0,1,0,0,0,0,1,6,1,58,9,-1,-1,-1,4,3,4
201804EF18160,1,19,0,9,0,1,0,0,0,0,1,1,6,1,18,4,3198,2,1,7,2,7
201804EF18161,1,9,0,5,0,5,0,0,0,0,2,1,3,2,49,8,1461,2,7,-1,-1,-1
201804EF18161,2,9,0,5,0,2,0,0,3,0,1,1,1,2,43,7,1997,1,9,-1,-1,-1
201804EF18162,1,9,0,18,0,0,1,0,8,0,1,1,6,1,24,5,1368,1,12,3,1,3
201804EF18162,2,9,0,18,0,0,0,0,0,0,1,1,1,1,24,5,1598,2,2,4,3,4
201804EF18162,3,9,0,2,0,0,0,0,0,0,1,1,6,3,-1,-1,1998,1,15,-1,-1,-1
201804EF18162,4,9,0,2,0,0,0,0,0,0,1,1,6,3,-1,-1,1995,2,5,-1,-1,-1
201804EF18163,1,9,0,8,0,1,0,0,0,0,2,1,2,2,43,7,1197,1,-1,-1,-1,-1
201804EF18163,2,9,0,18,0,1,0,0,0,0,1,1,6,1,26,6,1896,2,11,1,1,1
201804EF18164,1,8,0,18,0,0,0,0,0,0,1,1,1,1,48,8,-1,-1,-1,3,1,3
201804EF18164,2,5,0,3,0,0,0,0,0,0,2,1,6,1,48,8,929,1,18,4,1,4
201804EF18165,1,9,0,18,0,1,0,0,0,0,3,1,6,1,67,10,1998,2,13,-1,-1,-1
201804EF18165,2,9,0,9,0,2,0,0,7,0,3,1,6,1,24,5,1586,1,11,-1,-1,-1
201804EF18166,1,9,0,18,0,0,0,0,0,0,3,1,6,2,71,10,1598,1,11,3,1,3
201804EF18166,2,9,0,18,0,0,0,0,0,0,4,1,2,2,35,6,1598,1,7,8,1,8
201804EF18166,3,9,0,2,0,0,0,0,0,0,1,1,6,3,-1,-1,2967,2,7,-1,-1,-1
201804EF18167,1,8,0,9,0,1,0,0,0,0,1,1,1,1,45,7,1686,2,6,1,1,1
201804EF18168,1,9,0,18,0,1,0,0,0,0,0,1,6,1,37,7,1686,2,6,1,1,1
201804EF18169,1,1,0,18,0,8,2,0,0,0,1,1,6,1,29,6,-1,-1,-1,1,1,1
201804EF18169,2,1,0,3,0,1,0,0,0,0,2,1,6,1,41,7,-1,-1,-1,-1,-1,-1
201804EF18169,3,9,0,10,0,1,0,0,0,0,0,1,6,2,25,5,1496,2,2,-1,-1,-1
201804EF18170,1,1,0,18,0,1,0,0,0,0,3,1,6,1,7,2,-1,-1,-1,3,1,3
201804EF18170,2,9,0,18,0,1,0,0,0,0,1,1,6,1,21,5,1149,1,15,3,1,3
201804EF18172,1,8,0,16,0,0,5,0,0,0,4,1,1,1,27,6,1968,2,7,4,1,4
201804EF18172,2,9,0,2,0,0,0,0,0,0,3,1,6,3,-1,-1,1242,1,8,-1,-1,-1
201804EF18172,3,9,0,2,0,0,0,0,0,0,2,1,6,3,-1,-1,1353,1,-1,-1,-1,-1
201804EF18173,1,3,0,9,0,1,0,0,0,0,0,1,6,3,-1,-1,-1,-1,-1,-1,-1,-1
201804EF18174,1,9,0,16,0,8,0,0,7,2,1,1,6,1,58,9,1461,2,5,9,2,9
201804EF18174,2,9,0,17,0,8,0,0,1,0,1,1,6,1,58,9,1339,1,5,6,1,6
201804EF18175,1,8,0,6,0,0,0,0,0,0,3,1,1,1,59,9,1598,2,7,1,1,1
201804EF18175,2,5,0,18,0,0,0,0,0,0,1,1,2,1,25,5,600,1,17,-1,-1,-1
201804EF18176,1,9,0,9,0,1,0,0,0,0,2,1,6,1,36,7,1896,2,16,-1,-1,-1
201804EF18176,2,17,0,18,0,1,0,0,0,0,1,1,6,2,19,4,6788,2,-1,10,1,10
201804EF18177,1,9,0,18,0,0,0,0,4,0,1,1,6,2,20,4,2143,2,5,3,1,3
201804EF18178,1,9,0,18,0,0,0,0,7,4,1,1,6,1,70,10,1582,2,5,7,1,7
201804EF18179,1,9,0,18,0,0,1,0,0,0,1,1,6,3,-1,-1,-1,-1,-1,-1,-1,-1
201804EF18180,1,9,0,18,0,0,0,0,0,0,1,1,6,3,-1,-1,1686,2,14,-1,-1,-1
201804EF18181,1,9,0,5,0,1,0,0,3,0,3,1,6,1,33,6,1598,2,2,-1,-1,-1
201804EF18181,2,9,0,18,0,8,0,0,3,0,1,1,6,1,47,8,1796,1,13,-1,-1,-1
201804EF18182,1,9,0,5,0,0,0,0,0,0,1,1,6,1,73,10,1560,2,3,-1,-1,-1
201804EF18183,1,9,0,9,0,8,0,0,0,0,1,1,2,1,50,8,1598,2,4,-1,-1,-1
201804EF18184,1,9,5,18,0,0,0,0,0,0,1,1,6,3,-1,-1,-1,-1,-1,-1,-1,-1
201804EF18184,2,9,0,10,0,0,0,0,0,0,2,1,2,2,45,7,1796,1,14,-1,-1,-1
201804EF18185,1,9,0,5,0,0,0,0,0,0,1,1,6,2,37,7,1794,1,15,1,1,1
201804EF18185,2,1,0,18,0,0,0,0,0,0,2,1,6,1,60,9,-1,-1,-1,3,1,3
201804EF18186,1,9,0,18,0,1,0,0,0,0,1,1,6,1,65,9,998,1,15,3,1,3
201804EF18187,1,9,0,18,0,1,0,0,0,0,1,1,6,1,31,6,1124,1,14,-1,-1,-1
201804EF18187,2,9,0,18,0,8,1,0,0,0,1,1,6,1,32,6,-1,-1,-1,-1,-1,-1
201804EF18188,1,10,0,5,0,0,0,0,0,0,1,1,6,1,28,6,-1,-1,-1,7,1,7
201804EF18188,2,9,0,3,0,0,0,0,0,0,2,1,6,1,68,10,1968,2,1,3,1,3
201804EF18192,1,9,0,18,0,7,0,0,0,0,1,1,6,1,30,6,2993,2,1,8,1,8
201804EF18192,2,9,0,3,0,7,0,0,0,0,2,1,6,1,69,10,1997,2,6,6,1,6
201804EF18193,1,9,0,18,0,0,0,0,0,0,0,1,2,1,60,9,1368,1,9,4,3,4
201804EF18194,1,9,0,4,0,1,0,0,0,0,1,1,6,2,25,5,1199,1,15,3,1,3
201804EF18194,2,1,0,18,0,8,0,4,0,0,0,1,6,1,5,1,-1,-1,-1,3,1,3
201804EF18195,1,9,0,5,0,0,0,0,0,0,1,1,3,1,-1,-1,1598,2,1,-1,-1,-1
201804EF18195,2,-1,0,-1,-1,-1,0,0,0,0,-1,1,6,3,-1,-1,-1,-1,-1,-1,-1,-1
201804EF18197,1,9,0,4,0,1,0,0,0,0,1,1,1,2,49,8,3200,2,13,1,1,1
201804EF18197,2,1,0,18,0,1,0,0,0,0,1,1,6,1,28,6,-1,-1,-1,1,1,1
201804EF18197,3,19,0,2,0,1,0,0,0,0,3,1,6,1,23,5,1461,2,7,3,1,3
201804EF18198,1,9,0,8,0,1,2,0,1,0,4,1,2,2,36,7,1341,1,15,3,1,3
201804EF18199,1,9,0,9,0,5,0,0,0,0,4,1,6,1,23,5,1968,2,12,2,1,2
201804EF18199,2,9,0,18,0,8,0,0,0,0,1,1,6,1,44,7,1686,2,16,1,1,1
201804EF18200,1,1,0,18,0,0,0,0,0,0,1,1,6,1,14,3,-1,-1,-1,5,1,5
201804EF18200,2,9,0,18,0,0,1,0,0,0,1,1,6,1,45,7,1686,2,10,2,1,2
201804EF18201,1,9,0,18,0,0,0,4,0,0,1,1,2,2,49,8,1397,1,10,8,1,8
201804EF18201,2,9,0,2,0,0,0,0,0,0,1,1,1,2,44,7,1598,2,1,1,1,1
201804EF18202,1,9,0,18,0,0,1,0,8,10,1,1,6,1,34,6,1910,2,9,1,1,1
201804EF18202,2,9,0,18,0,0,0,0,1,0,4,1,2,2,25,5,1968,2,6,1,1,1
201804EF18202,3,9,0,2,0,0,0,0,0,0,0,1,6,2,38,7,1995,2,4,-1,-1,-1
201804EF18202,4,9,0,18,0,0,0,0,1,0,1,1,6,1,48,8,1596,1,13,3,1,3
201804EF18203,1,9,0,2,0,0,0,0,0,0,1,1,6,3,-1,-1,1242,1,10,-1,-1,-1
201804EF18203,2,9,0,2,0,0,0,0,0,0,1,1,6,2,83,11,1598,1,10,-1,-1,-1
201804EF18204,1,9,0,18,0,0,1,7,6,0,4,1,6,1,29,6,1995,1,11,3,1,3
201804EF18205,1,9,0,9,0,8,0,0,0,0,4,1,6,2,36,7,1398,2,16,-1,-1,-1
201804EF18205,2,9,0,9,0,8,0,0,0,0,1,1,6,1,46,8,1461,2,4,-1,-1,-1
201804EF18206,1,9,0,12,0,3,0,0,0,0,3,1,1,1,29,6,2967,2,2,1,1,1
201804EF18206,2,9,0,18,0,4,0,0,7,1,4,1,6,2,18,4,1248,1,9,8,1,8
201804EF18207,1,9,0,18,0,1,0,0,0,0,0,1,6,3,-1,-1,1398,2,11,-1,-1,-1
201804EF18208,1,9,0,2,0,0,0,0,0,0,3,1,6,2,-1,-1,1997,1,6,-1,-1,-1
201804EF18208,2,1,0,18,0,0,0,0,0,0,1,1,6,1,59,9,-1,-1,-1,9,1,9
201804EF18209,1,90,0,18,0,1,0,0,0,0,1,1,1,1,60,9,-1,-1,-1,-1,-1,-1
201804EF18209,2,9,0,18,0,1,0,0,0,0,3,1,6,2,64,9,1997,2,2,3,1,3
201804EF18210,1,9,0,18,0,0,0,0,0,0,1,1,6,3,-1,-1,1896,2,13,-1,-1,-1
201804EF18210,2,8,0,18,0,0,0,0,0,0,2,1,1,1,47,8,1798,1,8,1,1,1
201804EF18210,3,9,0,18,0,0,0,0,0,0,2,1,6,2,31,6,1910,2,11,-1,-1,-1
201804EF18211,1,9,0,18,0,0,1,0,5,0,1,1,2,2,23,5,1587,1,12,3,1,3
201804EF18212,1,9,0,9,0,8,5,0,0,0,4,1,6,1,47,8,2180,2,23,2,1,2
201804EF18212,2,9,0,18,0,1,0,0,0,0,1,1,2,1,38,7,1910,2,9,2,1,2
201804EF18214,1,9,0,11,0,0,0,0,0,0,1,1,6,2,65,9,1598,2,6,3,1,3
201804EF18214,2,9,0,18,0,0,0,0,0,0,2,1,6,2,47,8,1896,2,13,3,1,3
201804EF18215,1,9,0,18,0,0,0,0,0,0,1,1,4,1,22,5,1390,1,8,7,1,7
201804EF18215,2,9,0,13,0,0,0,0,0,0,4,1,6,3,-1,-1,1598,1,6,-1,-1,-1
201804EF18216,1,4,0,18,0,4,0,0,0,6,1,1,6,1,29,6,599,1,12,8,1,8
201804EF18217,1,9,0,5,0,1,0,0,0,0,1,1,6,2,29,6,1368,1,3,1,1,1
201804EF18217,2,3,0,18,0,8,0,0,0,0,4,1,6,1,28,6,125,1,1,1,1,1
201804EF18218,1,9,0,6,0,0,0,0,0,0,3,1,1,1,31,6,1968,2,6,1,1,1
201804EF18218,2,5,0,18,0,0,0,0,0,0,1,1,6,1,49,8,849,1,25,2,1,2
201804EF18219,1,8,0,2,0,0,0,0,0,0,2,1,6,1,41,7,2499,2,8,1,1,1
201804EF18219,2,2,0,18,0,0,0,0,0,0,1,1,6,1,16,4,49,1,3,3,2,3
201804EF18220,1,9,0,8,0,2,0,0,0,0,2,1,6,1,18,4,1995,2,11,4,1,4
201804EF18220,2,9,0,18,0,1,0,0,0,0,1,1,6,1,36,7,1968,2,6,1,1,1
201804EF18221,1,1,0,18,0,8,0,0,0,0,4,1,6,2,53,8,-1,-1,-1,3,1,3
201804EF18221,2,9,0,18,0,1,0,0,0,0,4,1,6,1,28,6,1896,2,17,1,1,1
201804EF18222,1,9,0,18,0,7,0,0,0,0,1,1,6,1,25,5,999,1,-1,6,3,6
201804EF18223,1,9,0,6,0,8,0,0,0,0,4,1,6,1,43,7,1390,1,9,4,1,4
201804EF18223,2,9,0,17,0,1,1,0,0,0,1,1,6,2,53,8,1997,2,14,4,3,4
201804EF18224,1,9,0,18,0,1,0,0,0,0,4,1,6,1,67,10,1560,2,2,1,1,1
201804EF18225,1,9,0,18,0,0,0,0,0,0,1,1,6,1,77,11,1339,1,7,-1,-1,-1
201804EF18225,2,9,0,3,0,0,0,0,0,0,2,1,1,2,53,8,1560,2,4,-1,-1,-1
201804EF18225,3,9,0,3,0,0,0,0,0,0,2,1,6,1,53,8,1299,1,15,-1,-1,-1
201804EF18226,1,3,0,5,0,1,1,0,0,0,0,1,2,1,27,6,125,1,-1,1,1,1
201804EF18227,1,8,0,5,0,2,0,0,0,0,4,1,1,1,51,8,1685,2,1,-1,-1,-1
201804EF18227,2,9,0,18,0,1,0,0,0,0,1,1,6,1,27,6,898,1,2,-1,-1,-1
201804EF18228,1,9,0,16,0,1,0,0,0,10,3,1,6,1,29,6,1360,1,13,7,1,7
201804EF18229,1,9,0,18,0,0,0,0,0,0,1,1,2,1,28,6,1598,1,10,1,1,1
201804EF18229,2,19,0,18,0,0,0,0,2,0,2,1,6,1,38,7,1598,2,1,4,1,4
201804EF18229,3,9,0,18,0,0,0,0,2,0,1,1,6,1,63,9,1248,1,1,8,1,8
201804EF18230,1,9,0,18,0,0,0,0,0,0,2,1,6,1,63,9,1749,1,10,8,1,8
201804EF18230,2,9,0,2,0,0,0,0,0,0,1,1,6,1,64,9,1998,2,11,7,1,7
201804EF18231,1,9,0,6,0,0,0,0,0,0,3,1,6,1,44,7,1995,2,3,2,1,2
201804EF18231,2,8,0,18,0,0,0,0,0,0,1,1,6,1,65,9,1797,8,8,3,1,3
201804EF18232,1,9,0,16,0,0,2,10,1,0,1,1,6,1,18,4,1242,1,12,4,1,4
201804EF18233,1,9,0,7,0,6,0,0,0,0,1,1,6,2,72,10,1086,1,13,7,1,7
201804EF18233,2,9,0,18,0,1,0,0,0,0,1,1,6,1,44,7,2000,2,13,4,1,4
201804EF18234,1,9,0,18,0,0,0,0,0,0,1,1,6,2,27,6,998,1,2,-1,-1,-1
201804EF18234,2,9,0,18,0,0,1,0,0,10,1,1,6,1,31,6,1968,2,6,-1,-1,-1
201804EF18235,1,19,0,18,0,1,0,0,0,0,0,1,6,1,27,6,-1,-1,-1,5,3,5
201804EF18236,1,9,0,9,0,0,0,0,0,0,4,1,6,1,65,9,1998,2,12,3,1,3
201804EF18236,2,2,0,18,0,0,0,0,0,0,1,1,6,1,65,9,49,1,6,3,1,3
201804EF18237,1,90,0,7,0,2,0,0,0,0,1,1,1,1,58,9,-1,-1,-1,-1,-1,-1
201804EF18237,2,9,0,4,0,1,0,0,0,0,0,1,2,1,36,7,998,1,7,2,1,2
201804EF18238,1,5,0,17,0,0,1,0,1,2,3,1,6,1,28,6,599,1,16,2,1,2
201804EF18239,1,21,1,18,0,8,0,0,0,0,1,1,1,1,21,5,11000,2,16,10,2,10
201804EF18239,2,9,0,18,0,1,0,0,0,0,2,1,6,1,52,8,1995,2,14,1,1,1
201804EF18240,1,3,0,14,0,1,0,0,0,0,4,1,6,1,26,6,124,1,15,1,1,1
201804EF18240,2,9,0,10,0,6,0,0,0,0,1,1,6,1,27,6,1598,2,2,3,2,3
201804EF18241,1,9,0,16,0,8,0,0,1,10,1,1,6,1,24,5,2261,1,11,1,1,1
201804EF18241,2,9,0,18,0,2,0,0,0,0,0,1,1,1,35,6,1560,2,2,-1,-1,-1
201804EF18241,3,9,0,10,0,8,0,0,0,0,2,1,1,1,30,6,1968,2,7,-1,-1,-1
201804EF18242,1,9,0,5,0,0,2,0,3,9,1,1,6,1,72,10,1085,1,37,4,1,4
201804EF18243,1,9,0,9,0,6,0,0,0,0,4,1,6,2,27,6,1395,1,3,1,1,1
201804EF18243,2,9,0,18,0,8,0,0,0,0,4,1,6,1,62,9,1329,1,9,2,1,2
201804EF18244,1,9,0,18,0,0,0,0,0,0,1,1,6,3,-1,-1,-1,-1,-1,-1,-1,-1
201804EF18245,1,9,0,4,0,0,0,0,0,0,1,1,1,2,51,8,1242,1,5,8,1,8
201804EF18245,2,9,0,3,0,0,0,0,0,0,2,2,6,2,61,9,1499,1,-1,4,3,4
201804EF18246,1,9,0,18,0,0,0,0,0,0,4,1,6,1,70,10,2204,2,9,6,1,6
201804EF18247,1,9,0,18,0,0,0,0,0,0,1,1,6,1,30,6,1968,2,8,3,1,3
201804EF18248,1,9,0,9,0,2,0,0,0,0,1,1,1,2,46,8,1200,1,-1,2,1,2
201804EF18248,2,9,0,18,0,6,0,0,0,0,3,1,6,1,87,11,1598,1,7,3,1,3
201804EF18248,3,90,0,3,0,1,0,0,0,0,3,1,1,1,49,8,-1,-1,-1,7,1,7
201804EF18249,1,9,0,9,0,5,0,0,0,0,3,1,1,1,28,6,-1,-1,-1,-1,-1,-1
201804EF18249,2,1,0,9,0,5,0,0,0,0,3,1,1,1,47,8,-1,-1,-1,-1,-1,-1
201804EF18250,1,90,0,18,0,0,0,4,0,0,1,1,6,1,79,11,-1,-1,-1,4,3,4
201804EF18250,2,9,0,3,0,0,0,4,1,0,3,1,1,3,-1,-1,2987,2,7,-1,-1,-1
201804EF18250,3,9,0,2,0,0,0,4,0,0,2,1,6,3,-1,-1,1560,2,3,-1,-1,-1
201804EF18251,1,9,0,18,0,1,0,0,0,0,1,1,6,2,26,6,1299,1,16,2,1,2
201804EF18251,2,9,0,4,0,1,0,0,0,0,2,1,6,1,60,9,2987,2,13,5,1,5
201804EF18252,1,9,0,5,0,4,0,0,0,0,1,1,1,1,44,7,1968,2,5,-1,-1,-1
201804EF18252,2,1,0,5,0,4,0,0,0,0,3,1,6,1,59,9,-1,-1,-1,1,1,1
201804EF18253,1,9,0,5,0,5,0,0,0,0,1,1,2,2,19,4,1598,2,8,3,1,3
201804EF18253,2,2,0,8,0,1,0,0,0,0,4,1,1,1,17,4,49,1,27,-1,-1,-1
201804EF18254,1,9,0,18,0,0,1,0,1,7,1,1,6,2,68,10,2993,2,5,7,1,7
201804EF18255,1,9,0,18,0,8,1,0,0,0,1,1,6,1,27,6,1390,1,19,5,1,5
201804EF18255,2,9,0,4,0,8,0,0,0,0,2,1,6,2,26,6,1686,2,8,1,1,1
201804EF18256,1,90,0,5,0,1,0,0,0,0,0,1,1,1,41,7,-1,-1,-1,-1,-1,-1
201804EF18257,1,9,0,5,0,0,0,0,0,0,1,1,2,1,53,8,-1,-1,-1,-1,-1,-1
201804EF18258,1,9,0,13,0,2,2,0,0,0,4,1,6,1,23,5,1968,2,6,4,1,4
201804EF18258,2,9,0,18,0,1,0,0,0,0,3,1,6,2,23,5,1248,1,6,7,1,7
201804EF18259,1,5,0,18,0,0,0,0,0,0,1,1,2,1,35,6,599,1,21,2,1,2
201804EF18259,2,3,0,18,0,0,0,0,0,0,1,1,2,1,23,5,125,1,-1,4,2,4
201804EF18260,1,9,0,18,0,1,0,0,0,0,1,1,6,1,25,5,-1,-1,-1,2,1,2
201804EF18260,2,9,0,10,0,1,0,0,0,0,2,1,6,1,57,9,998,1,-1,7,3,7
201804EF18260,3,9,0,18,0,1,0,0,0,0,1,1,6,2,64,9,1198,1,1,3,1,3
201804EF18261,1,9,0,10,0,1,0,0,0,0,3,1,2,1,21,5,1968,2,4,3,1,3
201804EF18261,2,9,0,18,0,1,0,0,0,0,1,1,6,1,72,10,1396,2,4,8,1,8
201804EF18262,1,4,0,16,0,0,0,10,0,0,0,1,6,1,52,8,125,1,19,-1,-1,-1
201804EF18263,1,9,0,1,0,0,0,0,0,0,2,1,6,1,62,9,1997,2,11,-1,-1,-1
201804EF18264,1,9,0,18,0,1,0,0,0,0,1,1,2,2,26,6,1968,2,3,7,1,7
201804EF18264,2,1,0,18,0,1,0,0,0,0,2,1,6,1,13,3,-1,-1,-1,-1,-1,-1
201804EF18265,1,9,0,9,0,0,0,0,0,0,1,1,6,2,-1,-1,2993,2,1,8,1,8
201804EF18266,1,20,0,18,0,1,0,0,0,0,1,1,6,3,-1,-1,6700,2,4,-1,-1,-1
201804EF18266,2,9,0,4,0,1,0,0,0,0,2,1,6,1,53,8,1198,1,4,-1,-1,-1
201804EF18267,1,8,0,9,0,8,0,0,0,0,1,1,1,3,-1,-1,-1,-1,-1,-1,-1,-1
201804EF18267,2,9,0,18,0,1,0,0,0,0,4,1,6,2,46,8,998,1,21,6,1,6
201804EF18268,1,21,1,3,0,1,0,0,0,0,1,1,1,1,33,6,12900,2,5,2,1,2
201804EF18268,2,5,0,3,0,1,0,0,4,0,2,1,2,1,34,6,599,1,11,9,2,9
201804EF18269,1,9,0,1,0,2,0,0,0,0,2,1,6,1,40,7,1968,2,13,-1,-1,-1
201804EF18271,1,9,0,4,0,2,0,0,0,0,1,1,6,1,-1,-1,1248,2,10,6,1,6
201804EF18272,1,9,0,5,0,6,0,0,0,0,1,1,2,2,56,9,1248,1,-1,10,1,10
201804EF18272,2,8,0,5,0,1,0,0,0,0,1,1,1,1,26,6,2287,2,11,1,1,1
201804EF18273,1,9,0,18,0,0,0,0,0,0,1,1,6,1,44,7,1900,2,14,6,1,6
201804EF18274,1,9,0,1,9,0,0,0,0,0,2,1,6,3,-1,-1,1896,2,11,-1,-1,-1
201804EF18275,1,9,0,5,0,1,0,0,0,0,4,1,2,1,62,9,999,1,2,5,1,5
201804EF18275,2,9,0,18,0,1,0,0,0,0,1,1,3,2,38,7,1796,1,9,-1,-1,-1
201804EF18276,1,9,0,18,0,0,0,0,0,0,3,1,6,1,43,7,1999,1,11,1,1,1
201804EF18276,2,9,0,4,0,0,0,0,0,0,1,1,6,2,45,7,1598,2,3,3,1,3
201804EF18277,1,3,0,18,0,1,0,0,0,0,1,1,1,1,39,7,108,1,-1,-1,-1,-1
201804EF18277,2,8,0,4,0,1,0,0,0,0,2,1,1,1,41,7,1896,2,8,1,1,1
201804EF18278,1,9,0,18,0,2,0,0,3,0,1,1,6,1,47,8,2204,2,8,3,1,3
201804EF18278,2,9,0,18,0,8,0,0,0,0,3,1,6,2,53,8,-1,-1,-1,3,1,3
201804EF18279,1,90,0,18,0,8,0,0,0,0,1,1,1,1,52,8,2998,2,1,-1,-1,-1
201804EF18279,2,9,0,18,0,8,0,0,0,0,4,1,6,1,37,7,-1,-1,-1,10,1,10
201804EF18280,1,19,0,18,0,0,1,0,0,0,1,1,2,2,21,5,2198,2,10,3,1,3
201804EF18280,2,9,0,18,0,0,0,0,0,0,2,1,6,2,67,10,1339,1,11,5,3,5
201804EF18281,1,9,0,9,0,1,0,0,7,0,1,1,2,1,40,7,1598,2,4,1,1,1
201804EF18282,1,9,0,4,0,1,0,0,0,0,1,1,6,1,37,7,1328,1,11,3,1,3
201804EF18282,2,9,0,4,0,1,0,0,0,0,3,1,6,1,38,7,1997,2,2,1,1,1
201804EF18283,1,9,0,18,0,8,0,0,0,0,3,1,6,1,30,6,1995,2,6,1,1,1
201804EF18283,2,9,0,18,0,8,0,0,0,0,1,1,6,1,17,4,1900,2,19,1,1,1
201804EF18284,1,9,0,3,0,1,0,0,0,0,1,1,6,1,42,7,1991,2,11,7,1,7
201804EF18284,2,90,0,4,0,1,0,0,0,0,1,1,6,3,-1,-1,-1,-1,-1,-1,-1,-1
201804EF18285,1,9,0,18,0,1,0,0,0,0,1,1,6,1,60,9,1229,1,11,3,1,3
201804EF18286,1,9,0,18,0,0,0,0,0,0,2,1,1,1,31,6,1199,1,14,-1,-1,-1
201804EF18286,2,9,0,18,0,0,0,0,0,0,2,1,6,1,28,6,-1,-1,-1,-1,-1,-1
201804EF18286,3,9,0,18,0,0,0,0,0,0,1,1,6,1,40,7,1596,1,8,-1,-1,-1
201804EF18287,1,9,0,18,0,0,0,0,0,0,1,1,6,1,23,5,999,1,4,1,1,1
201804EF18289,1,9,0,18,0,2,0,0,1,0,1,1,6,1,21,5,1422,2,11,-1,-1,-1
201804EF18290,1,9,0,18,0,4,0,0,0,2,3,1,6,1,81,11,1197,1,1,-1,-1,-1
201804EF18290,2,9,0,18,0,4,0,0,0,0,1,1,1,1,51,8,-1,-1,-1,7,2,7
201804EF18291,1,9,0,9,0,8,0,0,0,0,1,1,6,3,-1,-1,-1,-1,-1,-1,-1,-1
201804EF18292,1,9,0,7,0,6,0,0,0,0,1,1,6,1,28,6,1910,2,11,2,1,2
201804EF18292,2,3,0,18,0,1,0,0,0,0,1,1,6,1,22,5,125,1,3,7,1,7
201804EF18293,1,9,0,7,8,6,0,0,0,0,1,1,6,2,39,7,1197,1,4,10,1,10
201804EF18293,2,9,0,18,0,1,0,0,0,0,4,1,3,2,50,8,1969,2,3,10,1,10
201804EF18294,1,1,0,18,9,1,0,0,0,0,4,1,1,1,47,8,-1,-1,-1,-1,-1,-1
201804EF18294,2,9,0,18,0,2,0,0,0,0,1,1,1,2,68,10,1364,1,11,7,1,7
201804EF18295,1,9,0,4,0,0,1,0,0,0,1,1,6,1,74,10,1332,1,20,7,2,7
201804EF18295,2,9,0,3,0,0,0,0,0,0,2,1,6,1,46,8,998,1,10,4,1,4
201804EF18296,1,9,0,18,0,1,0,0,0,0,1,1,6,2,50,8,1364,1,2,3,1,3
201804EF18296,2,9,0,4,0,1,0,0,0,0,2,1,6,2,60,9,1395,1,-1,1,1,1
201804EF18297,1,9,0,18,0,0,0,0,0,0,1,1,2,1,42,7,1968,2,8,7,1,7
201804EF18297,2,19,0,4,0,0,0,0,0,0,2,1,1,1,41,7,1560,2,8,6,1,6