Accident_Index,Vehicle_Reference,Vehicle_Type,Towing_and_Articulation,Vehicle_Manoeuvre,Vehicle_Location-Restricted_Lane,Junction_Location,Skidding_and_Overturning,Hit_Object_in_Carriageway,Vehicle_Leaving_Carriageway,Hit_Object_off_Carriageway,1st_Point_of_Impact,Was_Vehicle_Left_Hand_Drive?,Journey_Purpose_of_Driver,Sex_of_Driver,Age_of_Driver,Age_Band_of_Driver,Engine_Capacity_(CC),Propulsion_Code,Age_of_Vehicle,Driver_IMD_Decile,Driver_Home_Area_Type,Vehicle_IMD_Decile
201804EF18297,3,9,0,4,0,0,0,0,0,0,2,1,6,2,60,9,1499,1,3,8,1,8
201804EF18298,1,11,0,3,0,2,0,0,0,0,1,1,1,1,41,7,6690,2,1,-1,-1,-1
201804EF18298,2,9,0,18,0,1,0,0,0,0,1,1,2,1,36,7,1968,2,11,-1,-1,-1
201804EF18299,1,9,0,12,0,8,0,0,0,0,3,1,2,2,21,5,1796,2,4,1,1,1
201804EF18299,2,9,0,9,0,8,5,0,0,0,4,1,2,2,42,7,898,1,2,2,1,2
201804EF18300,1,9,0,14,0,0,1,0,2,7,1,1,6,1,25,5,1896,2,10,1,1,1
201804EF18301,1,9,0,9,0,8,0,0,0,0,1,1,2,1,54,8,1498,1,3,8,1,8
201804EF18301,2,1,0,18,0,8,0,0,0,0,4,1,2,1,38,7,-1,-1,-1,1,1,1
201804EF18302,1,9,0,9,0,1,0,0,0,0,1,1,6,2,59,9,1596,1,14,8,1,8
201804EF18302,2,1,0,18,0,2,0,0,0,0,1,1,6,1,57,9,-1,-1,-1,2,1,2
201804EF18303,1,9,0,16,0,0,1,0,0,0,1,1,2,2,39,7,1242,1,10,7,1,7
201804EF18303,2,9,0,4,0,0,1,0,0,0,2,1,2,1,26,6,1248,2,12,5,1,5
201804EF18303,3,9,0,3,0,0,0,0,0,0,2,1,2,1,25,5,1499,1,-1,10,1,10
201804EF18304,1,21,0,7,0,1,0,0,0,0,1,1,1,3,-1,-1,9290,2,2,-1,-1,-1
201804EF18307,1,9,0,18,0,0,0,0,0,0,1,1,6,3,-1,-1,-1,-1,-1,-1,-1,-1
201804EF18308,1,9,0,16,0,0,1,0,0,0,1,1,6,1,18,4,1242,1,8,5,1,5
201804EF18308,2,9,0,17,0,0,1,0,0,0,1,1,6,2,36,7,1229,1,11,4,1,4
201804EF18309,1,8,0,5,0,0,0,0,0,0,1,1,1,1,60,9,1968,2,7,1,1,1
201804EF18309,2,9,0,4,0,0,0,0,0,0,2,1,6,2,21,5,1364,1,-1,2,1,2
201804EF18310,1,9,0,9,0,1,0,0,0,0,1,1,6,1,33,6,3798,1,6,9,1,9
201804EF18310,2,3,0,18,0,1,0,0,0,0,1,1,6,1,19,4,-1,-1,-1,1,1,1
201804EF18311,1,9,0,9,0,8,0,0,0,0,3,1,2,1,28,6,1197,1,1,8,1,8
201804EF18311,2,9,0,18,0,1,0,0,0,0,1,1,2,1,35,6,1242,1,9,9,2,9
201804EF18312,1,9,0,8,0,1,0,0,0,0,3,1,6,3,-1,-1,-1,-1,-1,-1,-1,-1
201804EF18312,2,1,0,18,0,8,1,0,0,0,2,1,6,1,17,4,-1,-1,-1,1,1,1
201804EF18313,1,5,0,18,0,0,1,0,0,0,0,1,2,1,54,8,1157,1,21,3,1,3
201804EF18314,1,9,0,18,0,0,0,0,0,0,1,1,6,2,68,10,1998,1,19,4,3,4
201804EF18315,1,3,0,18,0,8,5,2,3,10,1,1,6,1,21,5,125,1,5,6,1,6
201804EF18316,1,9,0,9,0,8,0,0,0,0,1,1,6,1,25,5,1995,2,11,4,1,4
201804EF18316,2,9,0,5,0,8,0,0,0,0,1,1,6,2,28,6,1598,2,4,3,1,3
201804EF18317,1,9,0,9,0,5,0,0,0,0,4,1,6,1,18,4,1229,1,-1,3,1,3
201804EF18317,2,1,0,9,0,5,0,0,0,0,3,1,6,1,16,4,-1,-1,-1,3,1,3
201804EF18318,1,9,0,5,0,1,0,0,0,0,0,1,6,1,27,6,1910,2,10,7,1,7
201804EF18318,2,9,0,18,0,1,0,0,0,0,2,1,6,1,58,9,1390,1,6,-1,-1,-1
201804EF18319,1,3,0,18,0,1,1,0,0,0,1,1,2,1,52,8,125,1,-1,9,2,9
201804EF18320,1,9,0,18,0,0,1,0,0,0,1,1,6,2,24,5,1200,1,2,3,1,3
201804EF18321,1,9,0,14,0,0,0,0,0,0,1,1,6,1,78,11,1396,1,9,5,1,5
201804EF18322,1,9,0,9,0,6,0,0,0,0,3,1,6,1,21,5,1229,1,3,5,1,5
201804EF18322,2,5,0,18,0,8,0,0,0,0,1,1,6,1,45,7,600,1,24,1,1,1
201804EF18323,1,9,0,3,0,0,0,4,0,0,1,1,6,1,18,4,1364,1,10,1,1,1
201804EF18323,2,9,0,2,0,0,0,0,0,0,1,1,6,1,29,6,1396,1,5,1,1,1
201804EF18324,1,90,0,7,0,2,0,0,0,0,3,1,6,1,-1,-1,-1,-1,-1,1,1,1
201804EF18324,2,1,0,18,0,1,0,0,0,0,4,1,2,1,57,9,-1,-1,-1,6,1,6
201804EF18325,1,9,0,9,0,6,0,0,0,0,3,1,6,1,63,9,2993,2,9,4,1,4
201804EF18325,2,9,0,18,0,1,0,0,0,0,1,1,6,2,25,5,1968,2,7,1,1,1
201804EF18326,1,9,0,18,0,2,0,0,0,0,0,1,6,1,33,6,1995,2,3,-1,-1,-1
201804EF18327,1,8,0,17,9,1,0,0,1,0,1,1,1,3,-1,-1,1686,2,8,-1,-1,-1
201804EF18328,1,9,0,5,0,6,0,0,0,0,3,1,6,2,32,6,1332,1,12,3,1,3
201804EF18329,1,8,0,9,0,2,0,12,0,0,1,1,1,1,58,9,1686,2,5,1,1,1
201804EF18330,1,19,0,18,0,8,0,0,0,0,3,1,6,3,-1,-1,-1,-1,-1,-1,-1,-1
201804EF18330,2,9,0,18,0,8,1,0,0,1,3,1,6,1,34,6,1910,2,9,5,3,5
201804EF18330,3,9,0,2,0,2,0,0,0,0,2,1,6,3,-1,-1,1198,1,15,-1,-1,-1
201804EF18332,1,3,0,18,0,0,0,0,0,1,0,1,2,1,20,4,124,1,-1,-1,-1,-1
201804EF18333,1,9,0,4,0,4,0,0,0,0,2,1,6,1,55,8,-1,-1,-1,-1,-1,-1
201804EF18333,2,9,0,4,0,4,0,0,0,0,2,1,6,1,30,6,1968,2,7,3,1,3
201804EF18334,1,9,0,4,0,1,0,0,0,0,1,1,6,1,28,6,1560,2,10,2,1,2
201804EF18334,2,9,0,3,0,1,0,0,0,0,2,1,6,2,25,5,1422,2,9,1,1,1
201804EF18335,1,90,0,9,0,0,0,0,0,0,3,1,6,2,57,9,-1,-1,-1,1,1,1
201804EF18335,2,9,0,13,0,0,0,0,0,0,3,1,6,3,-1,-1,-1,-1,-1,-1,-1,-1
201804EF18336,1,9,0,18,0,1,0,0,0,0,3,1,6,1,64,9,1149,1,9,-1,-1,-1
201804EF18337,1,1,0,18,0,0,0,0,0,0,2,1,6,3,-1,-1,-1,-1,-1,-1,-1,-1
201804EF18338,1,9,0,18,0,2,0,0,0,0,1,1,2,1,26,6,1796,1,15,1,1,1
201804EF18339,1,9,0,18,0,8,0,0,0,0,4,1,1,2,45,7,1753,2,9,3,1,3
201804EF18339,2,9,0,7,0,4,0,0,0,0,3,1,6,2,45,7,1995,2,12,3,1,3
201804EF18340,1,9,0,5,0,6,0,0,0,0,1,1,6,3,-1,-1,2204,2,13,-1,-1,-1
201804EF18340,2,9,0,18,0,1,0,0,0,0,1,1,6,1,30,6,2000,2,13,-1,-1,-1
201804EF18341,1,9,0,18,0,1,0,0,0,0,1,1,6,3,-1,-1,-1,-1,-1,-1,-1,-1
201804EF18341,2,9,0,3,0,1,0,0,0,0,2,1,6,2,25,5,1798,1,2,3,1,3
201804EF18342,1,9,0,5,0,4,0,0,0,0,1,1,6,3,-1,-1,-1,-1,-1,-1,-1,-1
201804EF18342,2,9,0,5,0,4,0,0,0,0,2,1,6,2,32,6,1149,1,8,1,1,1
201804EF18343,1,9,0,18,0,4,0,0,0,0,1,1,6,1,92,11,1598,1,6,2,1,2
201804EF18343,2,9,0,9,0,8,0,0,0,0,1,1,6,1,61,9,1582,2,5,-1,-1,-1
201804EF18345,1,4,0,18,0,0,0,0,0,0,1,1,6,1,28,6,600,1,19,1,1,1
201804EF18346,1,9,0,18,0,8,0,4,0,0,0,1,6,1,21,5,1783,1,14,-1,-1,-1
201804EF18346,2,9,0,2,0,8,0,0,0,0,0,1,6,3,-1,-1,1995,2,2,-1,-1,-1
201804EF18348,1,19,0,5,7,0,0,0,0,0,4,1,6,1,57,9,1399,2,9,3,1,3
201804EF18349,1,9,0,16,0,0,1,0,0,0,1,1,6,1,22,5,2995,1,4,4,1,4
201804EG18001,1,9,0,4,0,0,0,0,2,0,2,1,6,1,80,11,1560,2,8,3,1,3
201804EG18001,2,20,0,18,0,0,0,0,0,0,1,1,1,1,47,8,7698,2,3,2,1,2
201804EG18001,3,9,0,18,0,0,0,0,0,0,1,1,6,2,36,7,1461,2,1,10,1,10
201804EG18002,1,8,0,5,0,1,0,0,0,0,1,1,1,1,48,8,1995,2,6,1,1,1
201804EG18002,2,9,0,5,0,1,0,0,0,0,1,1,6,3,-1,-1,1560,2,13,-1,-1,-1
201804EG18003,1,9,0,18,0,0,1,11,1,2,1,1,6,1,17,4,1242,1,10,6,3,6
201804EG18004,1,9,0,18,0,4,0,0,0,0,1,1,6,1,29,6,1229,1,11,1,1,1
201804EG18004,2,9,0,18,0,4,0,0,0,0,3,1,6,2,40,7,1968,2,6,8,1,8
201804EG18005,1,9,0,18,0,4,0,0,0,7,3,1,6,2,84,11,1668,1,12,-1,-1,-1
201804EG18005,2,9,0,9,0,8,0,0,0,0,1,1,6,1,65,9,1396,1,4,-1,-1,-1
201804EG18006,1,9,0,18,0,8,0,0,0,0,3,2,6,3,-1,-1,1968,2,9,-1,-1,-1
201804EG18006,2,1,0,18,0,8,0,0,0,0,4,1,6,1,60,9,-1,-1,-1,2,1,2
201804EG18007,1,21,1,11,0,0,0,0,0,0,4,1,1,1,52,8,6700,2,3,-1,-1,-1
201804EG18007,2,9,0,18,0,0,1,10,2,10,3,1,3,2,38,7,1598,1,8,5,1,5
201804EG18008,1,9,0,18,0,1,0,0,0,0,1,1,3,2,25,5,1198,1,8,-1,-1,-1
201804EG18008,2,9,0,5,0,6,0,0,0,0,4,1,3,1,35,6,1390,1,12,-1,-1,-1
201804EG18009,1,9,0,18,0,0,0,0,0,0,4,1,1,1,50,8,1598,2,4,8,1,8
201804EG18010,1,9,0,18,0,0,0,0,0,0,1,1,6,1,35,6,998,1,18,1,1,1
201804EG18012,1,9,0,16,0,0,2,0,0,1,4,1,6,1,28,6,1999,2,1,5,3,5
201804EG18013,1,9,0,18,0,8,2,0,0,1,1,1,6,1,20,4,999,1,2,1,1,1
201804EG18013,2,9,0,9,0,8,0,0,0,0,2,1,6,1,25,5,1598,2,2,1,1,1
201804EG18014,1,9,0,3,0,1,0,0,0,0,1,1,6,1,61,9,1422,2,10,1,1,1
201804EG18015,1,9,0,18,0,0,0,0,0,0,1,1,6,1,25,5,998,1,1,2,1,2
201804EG18016,1,9,0,14,0,0,0,4,0,0,1,1,6,1,76,11,1398,2,15,-1,-1,-1
201804EG18016,2,9,0,2,0,0,0,0,0,0,1,1,6,3,-1,-1,1339,1,16,-1,-1,-1
201804EG18017,1,8,0,17,0,0,1,0,7,4,4,1,1,1,21,5,1598,2,7,1,1,1
201804EG18018,1,20,1,18,0,0,0,0,0,0,4,1,1,1,44,7,-1,-1,-1,9,2,9
201804EG18020,1,8,0,9,0,8,0,0,0,0,1,1,1,1,66,10,1995,2,6,1,1,1
201804EG18021,1,9,0,18,0,0,0,0,0,0,1,1,6,3,-1,-1,1896,2,14,-1,-1,-1
201804EG18022,1,9,0,9,0,3,0,0,0,0,1,1,6,2,40,7,1598,1,10,6,1,6
201804EG18023,1,9,0,1,0,0,0,0,0,0,0,1,6,2,34,6,1399,1,1,1,1,1
201804EG18024,1,9,0,9,0,8,0,0,0,0,1,1,6,1,83,11,1242,1,10,6,1,6
201804EG18024,2,1,0,9,0,8,0,0,0,0,2,1,6,1,68,10,-1,-1,-1,6,1,6
201804EG18025,1,19,0,9,0,1,0,0,0,0,4,1,1,1,24,5,1560,2,2,4,1,4
201804EG18026,1,9,0,5,0,6,0,0,0,0,1,1,6,3,-1,-1,-1,-1,-1,-1,-1,-1
201804EG18026,2,9,0,18,0,8,0,0,0,0,4,1,6,2,55,8,1598,1,13,1,1,1
201804EG18027,1,9,0,9,0,6,0,0,0,0,2,1,6,2,75,10,1598,1,21,8,1,8
201804EG18027,2,9,0,18,0,1,0,0,0,0,1,2,6,1,71,10,1242,1,4,10,2,10
201804EG18027,3,21,0,18,0,1,0,0,0,0,1,1,1,1,46,8,5880,2,13,1,1,1
201804EG18029,1,9,0,18,0,0,1,0,7,9,1,1,1,2,53,8,998,1,6,2,1,2
201804EG18030,1,9,0,18,0,0,0,4,0,0,1,1,6,2,39,7,1984,1,3,7,3,7
201804EG18030,2,9,0,2,0,0,0,0,0,0,2,1,1,3,-1,-1,1598,1,10,-1,-1,-1
201804EG18031,1,9,0,5,0,2,0,0,0,0,1,1,2,1,64,9,-1,-1,-1,10,1,10
201804EG18031,2,9,0,18,0,8,0,0,0,0,1,1,2,2,20,4,998,1,11,6,1,6
201804EG18032,1,8,0,9,0,5,0,0,0,0,3,1,1,1,32,6,1896,2,12,1,1,1
201804EG18032,2,3,0,13,0,8,0,0,0,0,4,1,6,1,31,6,125,1,8,2,1,2
201804EG18033,1,9,0,18,0,0,0,0,0,0,1,1,6,3,-1,-1,-1,-1,-1,-1,-1,-1
201804EG18034,1,9,0,18,0,0,1,0,0,0,1,1,2,1,65,9,1364,1,1,2,1,2
201804EG18034,2,21,0,2,0,0,0,0,0,0,2,1,1,1,52,8,-1,-1,-1,4,1,4
201804EG18035,1,9,0,18,0,0,1,0,0,0,1,1,6,2,69,10,1086,1,9,9,1,9
201804EG18035,2,9,0,18,0,0,0,0,0,0,3,1,6,2,29,6,1968,2,12,1,1,1
201804EG18035,3,9,0,18,0,0,0,0,0,0,3,1,6,1,27,6,1399,1,-1,8,3,8
201804EG18035,4,9,0,18,0,0,0,0,0,0,1,1,6,1,27,6,1499,1,1,8,1,8
201804EG18036,1,9,0,18,0,0,0,0,0,0,3,1,2,2,29,6,1388,1,7,8,1,8
201804EG18037,1,9,0,9,0,1,0,0,0,0,4,1,6,2,38,7,1798,1,3,7,3,7
201804EG18037,2,9,0,18,0,1,0,0,0,0,1,1,6,2,26,6,1997,2,13,5,2,5
201804EG18037,3,9,0,3,0,1,0,0,0,0,1,1,1,2,20,4,998,1,1,1,1,1
201804EG18038,1,9,0,18,0,1,0,0,0,0,1,1,2,1,20,4,2400,2,6,-1,-1,-1
201804EG18038,2,9,0,6,0,1,5,0,0,0,2,1,6,2,70,10,1200,1,-1,7,1,7
201804EG18039,1,9,0,18,0,0,0,0,0,0,2,1,6,1,76,11,1200,1,2,2,1,2
201804EG18039,2,9,0,18,0,0,0,0,0,0,0,2,6,1,28,6,-1,-1,-1,-1,-1,-1
201804EG18040,1,9,0,15,0,8,0,4,0,0,1,1,6,2,32,6,1968,2,9,4,1,4
201804EG18040,2,9,0,18,0,8,0,0,0,0,1,1,6,2,75,10,1591,1,6,-1,-1,-1
201804EG18040,3,9,0,2,0,8,0,0,0,0,3,1,6,3,-1,-1,2204,2,9,-1,-1,-1
201804EG18041,1,8,0,3,0,1,0,0,0,0,2,1,6,1,59,9,1995,2,5,-1,-1,-1
201804EG18041,2,9,0,18,0,1,0,0,0,0,1,1,2,1,28,6,3199,1,20,-1,-1,-1
201804EG18042,1,9,0,3,0,1,0,0,0,0,2,1,6,2,41,7,1242,1,11,-1,-1,-1
201804EG18042,2,9,0,3,0,1,0,0,0,0,1,1,6,1,37,7,1995,1,14,-1,-1,-1
201804EG18043,1,19,0,5,0,1,0,0,0,0,1,1,1,1,25,5,-1,-1,-1,6,1,6
201804EG18043,2,19,0,18,0,1,5,0,0,0,1,1,1,1,42,7,6692,2,10,4,1,4
201804EG18044,1,9,0,18,4,0,0,7,0,0,1,1,6,2,28,6,1598,1,11,-1,-1,-1
201804EG18045,1,9,0,17,0,0,2,0,1,10,1,1,6,1,71,10,2179,2,9,8,2,8
201804EG18046,1,9,0,18,0,8,0,0,0,0,1,1,6,1,18,4,996,1,4,9,1,9
201804EG18046,2,9,0,18,0,8,0,0,0,0,4,1,6,2,34,6,998,1,6,7,1,7
201804EG18047,1,9,0,18,0,0,0,0,0,0,1,1,6,1,77,11,1200,1,1,4,1,4
201804EG18047,2,9,0,4,0,0,0,0,0,0,3,1,6,2,68,10,1398,2,15,-1,-1,-1
201804EG18048,1,9,0,5,0,2,0,0,0,0,4,1,6,2,35,6,1339,1,16,-1,-1,-1
201804EG18048,2,9,0,18,0,1,0,0,0,0,1,1,6,2,24,5,1598,2,7,-1,-1,-1
201804EG18049,1,9,0,18,0,1,0,0,0,0,1,1,6,2,46,8,1248,1,5,-1,-1,-1
201804EG18050,1,9,0,16,0,0,2,0,0,0,3,1,6,2,32,6,1999,2,1,4,2,4
201804EG18050,2,9,0,17,0,0,0,0,0,0,3,1,6,2,59,9,2457,1,8,7,3,7
201804EG18051,1,9,0,5,0,3,0,0,0,0,3,1,6,2,60,9,1461,2,14,1,1,1
201804EG18051,2,9,0,5,0,4,0,0,0,0,3,1,6,1,37,7,1956,2,5,1,1,1
201804EG18052,1,9,0,18,0,1,0,0,0,0,4,1,2,1,20,4,998,1,14,1,1,1
201804EG18053,1,21,1,16,0,0,4,0,7,4,1,1,1,1,22,5,12580,2,14,5,1,5
201804EG18053,2,9,0,17,0,0,0,0,0,0,3,1,6,1,41,7,1753,2,11,3,1,3
201804EG18054,1,9,0,3,0,0,0,0,0,0,1,1,6,1,69,10,1968,2,7,1,1,1
201804EG18054,2,9,0,3,0,0,0,0,0,0,2,1,6,1,38,7,1248,2,10,4,1,4
201804EG18055,1,9,0,18,0,0,1,0,0,0,1,1,1,1,33,6,-1,-1,-1,8,3,8
201804EG18055,2,9,0,4,0,0,0,0,0,0,2,1,6,1,28,6,1200,1,3,8,1,8
201804EG18055,3,9,0,4,0,0,0,0,0,0,2,1,6,1,73,10,1998,2,12,4,1,4
201804EG18056,1,9,0,18,0,2,0,0,0,0,1,1,6,1,19,4,1364,1,12,4,1,4
201804EG18057,1,90,0,18,0,0,0,0,1,2,1,1,6,1,26,6,-1,-1,-1,3,1,3
201804EG18058,1,8,0,18,0,1,0,0,0,0,1,1,1,1,36,7,1910,2,9,2,1,2
201804EG18059,1,9,0,17,0,1,0,0,0,0,3,1,6,2,64,9,1956,2,6,10,2,10
201804EG18059,2,9,0,17,0,1,0,0,0,0,1,1,6,2,57,9,1360,1,17,10,2,10
201804EG18060,1,3,0,16,0,0,0,0,0,0,0,1,4,2,18,4,125,1,3,3,1,3
201804EG18061,1,9,0,18,0,0,0,0,0,0,4,1,6,2,36,7,2987,2,7,-1,-1,-1
201804EG18061,2,9,0,5,0,0,0,0,0,0,1,1,6,3,-1,-1,1975,1,13,-1,-1,-1
201804EG18062,1,9,0,18,0,2,0,0,0,0,4,1,6,1,60,9,998,1,17,1,1,1
201804EG18062,2,9,0,5,0,1,0,0,3,0,1,1,6,1,19,4,1398,1,2,-1,-1,-1
201804EG18063,1,9,0,9,0,1,0,0,0,0,1,1,1,1,21,5,1896,2,14,-1,-1,-1
201804EG18063,2,1,0,18,0,1,0,0,0,0,1,1,6,1,32,6,-1,-1,-1,-1,-1,-1
201804EG18064,1,9,0,4,9,1,0,0,0,0,1,1,6,1,49,8,1685,2,7,8,1,8
201804EG18065,1,9,0,18,0,0,0,0,1,0,1,1,6,1,60,9,-1,-1,-1,5,3,5
201804EG18066,1,19,0,18,0,0,0,0,2,0,1,1,6,1,28,6,1499,2,4,-1,-1,-1
201804EG18067,1,9,0,5,0,4,0,0,0,0,3,1,6,1,85,11,1422,2,12,-1,-1,-1
201804EG18067,2,3,0,5,0,3,0,0,0,0,1,1,6,1,20,4,124,1,-1,-1,-1,-1
201804EG18068,1,90,4,18,0,0,1,0,0,0,1,1,1,1,20,4,475,1,6,8,3,8
201804EG18068,2,9,0,18,0,0,0,0,0,0,3,1,6,1,79,11,1995,2,-1,1,1,1
201804EG18068,3,9,0,2,0,0,0,0,0,0,2,1,6,3,-1,-1,-1,-1,-1,-1,-1,-1
201804EG18069,1,9,0,18,0,1,0,0,0,0,1,1,6,1,29,6,4395,1,-1,2,1,2
201804EG18069,2,9,0,10,0,1,0,0,0,0,1,1,6,1,78,11,1396,1,3,7,1,7
201804EG18069,3,90,0,2,0,1,0,0,0,0,3,1,6,3,-1,-1,-1,-1,-1,-1,-1,-1
201804EG18069,4,9,0,2,0,1,0,0,0,0,2,1,6,3,-1,-1,1560,2,10,-1,-1,-1
201804EG18070,1,21,1,3,0,1,0,0,0,0,1,1,1,1,40,7,11967,2,7,7,1,7
201804EG18070,2,90,0,7,0,1,0,0,7,0,4,1,6,1,-1,-1,-1,-1,-1,2,1,2
201804EG18071,1,9,0,8,0,6,1,0,0,0,4,1,2,1,31,6,1910,2,10,1,1,1
201804EG18071,2,9,0,16,0,8,0,0,0,0,1,1,2,1,42,7,1598,2,1,-1,-1,-1
201804EG18072,1,9,0,18,0,1,0,0,0,0,1,1,6,1,25,5,1686,2,6,-1,-1,-1
201804EG18073,1,10,0,1,0,0,0,0,0,0,2,1,3,2,61,9,-1,-1,-1,5,3,5
201804EG18073,2,9,0,3,0,0,0,0,0,0,1,1,1,1,54,8,1598,2,5,-1,-1,-1
201804EG18074,1,9,0,7,0,8,0,0,0,0,1,1,6,1,74,10,1968,2,3,8,3,8
201804EG18074,2,1,0,18,0,1,0,0,0,0,1,1,6,1,37,7,-1,-1,-1,-1,-1,-1
201804EG18075,1,9,0,4,0,1,0,0,0,0,2,1,6,1,19,4,1398,2,13,3,1,3
201804EG18075,2,9,0,4,0,1,0,0,0,0,1,1,6,3,-1,-1,2402,2,10,-1,-1,-1
201804EG18076,1,19,0,18,0,0,0,0,0,0,0,1,6,1,71,10,2488,2,10,9,3,9
201804EG18077,1,9,0,17,0,0,1,0,0,4,1,1,6,1,21,5,998,1,7,6,2,6
201804EG18078,1,9,0,3,0,2,0,0,0,0,2,1,2,1,33,6,1398,1,7,7,2,7
201804EG18078,2,9,0,18,0,8,0,0,0,0,1,1,6,2,27,6,1956,2,6,8,2,8
201804EG18079,1,9,0,18,0,0,0,4,0,0,1,1,6,2,39,7,1986,2,12,-1,-1,-1
201804EG18079,2,9,0,2,0,0,0,0,0,0,1,1,6,3,-1,-1,1461,2,1,-1,-1,-1
201804EG18080,1,9,0,5,0,6,0,0,0,0,1,1,6,1,77,11,1968,2,2,8,1,8
201804EG18080,2,9,0,18,0,8,0,0,0,0,4,1,6,2,22,5,1242,1,2,1,1,1
201804EG18082,1,9,0,6,0,0,0,0,0,0,2,1,6,2,33,6,2993,2,2,10,2,10
201804EG18082,2,5,0,16,0,0,5,0,1,10,1,1,6,1,20,4,645,1,14,5,1,5
201804EG18083,1,9,0,15,0,0,0,0,0,0,4,1,2,1,32,6,1991,1,4,5,1,5
201804EG18083,2,1,0,10,0,0,0,0,0,0,3,1,6,1,32,6,-1,-1,-1,10,2,10
201804EG18084,1,9,0,4,0,8,0,0,0,0,1,1,2,1,29,6,1198,1,13,-1,-1,-1
201804EG18084,2,9,0,18,0,2,0,0,1,10,4,1,6,2,35,6,1329,1,3,-1,-1,-1
201804EG18085,1,9,0,18,6,0,1,0,1,4,1,1,2,2,30,6,1997,1,10,3,1,3
201804EG18086,1,9,0,18,0,0,0,0,0,0,0,1,6,3,-1,-1,-1,-1,-1,-1,-1,-1
201804EG18086,2,9,0,18,0,0,0,0,0,0,1,1,6,2,19,4,1398,1,-1,5,1,5
201804EG18088,1,9,0,18,0,5,0,0,0,0,2,1,6,2,40,7,1986,2,10,1,1,1
201804EG18089,1,9,0,10,0,2,0,0,0,0,1,1,6,2,26,6,1248,2,6,3,1,3
201804EG18089,2,8,0,18,0,1,0,0,0,0,4,1,1,1,38,7,1968,2,7,1,1,1
201804EG18090,1,9,0,18,0,0,0,0,0,0,1,1,6,1,20,4,1390,1,11,8,3,8
201804EG18090,2,9,0,10,0,0,0,0,0,0,2,1,6,2,32,6,1968,2,9,5,3,5
201804EG18091,1,8,0,4,0,1,0,0,0,0,4,1,6,3,-1,-1,-1,-1,-1,-1,-1,-1
201804EG18092,1,9,0,6,0,4,0,0,0,0,3,1,6,2,78,11,1248,1,6,1,1,1
201804EG18092,2,9,0,18,0,4,0,0,0,0,1,1,6,1,20,4,1968,2,5,4,1,4
201804EG18093,1,9,0,18,0,1,0,0,0,0,1,1,2,1,41,7,1896,2,19,3,1,3
201804EG18093,2,9,0,18,0,1,0,0,0,0,1,1,6,1,54,8,1994,2,10,7,3,7
201804EG18094,1,9,0,17,0,0,0,0,0,0,1,1,6,1,18,4,1229,1,11,1,1,1
201804EG18094,2,1,0,17,0,0,0,0,0,0,2,1,6,1,50,8,-1,-1,-1,3,1,3
201804EG18094,3,1,0,17,0,0,0,0,0,0,2,1,6,1,18,4,-1,-1,-1,5,1,5
201804EG18095,1,11,0,4,0,0,0,0,0,0,0,1,6,1,53,8,-1,-1,-1,-1,-1,-1
201804EG18096,1,19,0,4,0,0,0,0,0,0,1,1,6,1,35,6,2402,2,7,7,3,7
201804EG18096,2,3,0,5,0,0,0,0,0,0,1,1,6,1,17,4,125,1,5,2,1,2
201804EG18097,1,9,0,1,0,1,0,0,0,0,2,1,6,1,58,9,2198,2,5,10,2,10
201804EG18098,1,9,0,18,0,0,2,0,1,4,1,1,1,1,26,6,1598,1,11,6,1,6
201804EG18099,1,9,0,4,0,1,0,0,0,0,1,1,6,2,87,11,996,1,1,9,3,9
201804EG18099,2,9,0,4,0,1,0,0,0,0,2,1,6,2,54,8,1149,1,8,6,1,6
201804EG18099,3,9,0,10,0,1,0,0,0,0,2,1,6,2,55,8,1968,2,5,7,2,7
201804EG18100,1,9,0,9,0,2,0,0,0,0,1,1,6,1,22,5,1396,2,8,4,1,4
201804EG18100,2,9,0,18,0,8,0,0,0,0,4,1,6,2,28,6,1587,1,13,1,1,1
201804EG18101,1,9,0,18,0,0,0,0,0,0,1,1,6,2,31,6,1242,1,15,-1,-1,-1
201804EG18102,1,9,0,18,0,0,0,0,0,0,0,1,6,3,67,10,-1,-1,-1,-1,-1,-1
201804EG18103,1,9,0,5,0,1,0,0,0,0,1,1,6,1,74,10,1198,1,4,7,1,7
201804EG18103,2,9,0,5,0,1,0,0,0,0,2,1,6,2,28,6,1587,1,14,3,1,3
201804EG18104,1,9,0,16,0,8,1,0,7,0,1,1,6,1,18,4,-1,-1,-1,10,2,10
201804EG18104,2,9,0,5,0,6,0,0,7,0,2,1,6,2,37,7,1560,2,4,10,-1,10
201804EG18105,1,5,0,17,0,0,0,0,0,0,1,1,6,1,56,9,847,1,1,3,1,3
201804EG18106,1,9,0,17,0,0,5,0,0,0,1,1,6,1,25,5,1390,1,16,1,1,1
201804EG18107,1,9,0,4,9,6,0,0,0,0,1,1,6,3,-1,-1,-1,-1,-1,-1,-1,-1
201804EG18108,1,9,0,15,0,0,0,0,0,0,4,1,6,1,74,10,1339,1,3,-1,-1,-1
201804EG18108,2,1,0,18,0,0,0,0,0,0,1,1,6,1,66,10,-1,-1,-1,-1,-1,-1
201804EG18109,1,9,0,16,0,0,1,0,1,0,1,1,2,1,24,5,998,1,6,4,1,4
201804EG18109,2,9,0,17,0,0,0,0,0,0,1,1,6,1,65,9,3628,2,11,5,2,5
201804EG18110,1,9,0,7,0,1,0,0,0,0,4,1,6,1,50,8,1242,1,5,1,1,1
201804EG18110,2,1,0,3,0,1,0,0,0,0,1,1,2,1,62,9,-1,-1,-1,9,1,9
201804EG18111,1,9,0,18,0,1,0,0,0,0,4,1,6,2,35,6,1799,1,10,1,1,1
201804EG18112,1,9,0,18,0,0,0,0,0,0,1,1,6,1,21,5,1900,2,12,2,1,2