Accident_Index,Vehicle_Reference,Vehicle_Type,Towing_and_Articulation,Vehicle_Manoeuvre,Vehicle_Location-Restricted_Lane,Junction_Location,Skidding_and_Overturning,Hit_Object_in_Carriageway,Vehicle_Leaving_Carriageway,Hit_Object_off_Carriageway,1st_Point_of_Impact,Was_Vehicle_Left_Hand_Drive?,Journey_Purpose_of_Driver,Sex_of_Driver,Age_of_Driver,Age_Band_of_Driver,Engine_Capacity_(CC),Propulsion_Code,Age_of_Vehicle,Driver_IMD_Decile,Driver_Home_Area_Type,Vehicle_IMD_Decile
201804EG18113,1,9,0,18,0,0,0,0,0,0,1,1,2,2,31,6,1598,1,13,4,1,4
201804EG18114,1,9,0,7,0,3,0,0,0,0,1,1,6,1,17,4,1390,1,4,-1,-1,-1
201804EG18114,2,9,0,5,0,4,0,0,0,0,1,1,6,2,23,5,1398,2,9,5,1,5
201804EG18115,1,9,0,4,0,0,0,0,0,0,1,1,6,2,49,8,1995,2,8,10,1,10
201804EG18115,2,9,0,4,0,0,0,0,0,0,2,1,6,1,31,6,1596,1,14,10,2,10
201804EG18115,3,9,0,3,0,0,0,0,0,0,2,1,6,1,47,8,2231,2,4,2,1,2
201804EG18116,1,9,0,18,0,1,0,0,0,0,1,1,2,1,29,6,1339,1,14,-1,-1,-1
201804EG18116,2,9,0,8,0,1,0,0,0,0,3,1,2,1,44,7,1984,1,12,6,1,6
201804EG18117,1,9,0,13,0,0,0,0,0,0,1,1,2,1,21,5,1968,2,7,5,1,5
201804EG18117,2,20,0,18,0,0,0,0,0,0,3,1,1,1,50,8,2998,2,5,9,1,9
201804EG18117,3,9,0,18,0,0,5,0,1,0,3,1,2,2,31,6,1598,2,5,10,-1,10
201804EG18118,1,9,0,18,0,8,0,0,0,0,1,1,6,2,41,7,1499,2,-1,10,2,10
201804EG18118,2,9,0,18,0,8,0,0,0,0,2,1,6,2,45,7,1398,2,11,4,1,4
201804EG18118,3,90,0,3,0,1,0,0,0,0,2,1,1,1,44,7,-1,-1,-1,1,1,1
201804EG18119,1,9,0,18,0,5,0,0,0,0,4,1,6,3,-1,-1,-1,-1,-1,-1,-1,-1
201804EG18120,1,9,0,6,0,0,0,0,0,0,3,1,6,1,19,4,1368,1,9,5,3,5
201804EG18120,2,5,0,15,0,0,0,0,0,0,4,1,1,1,53,8,999,1,-1,8,1,8
201804EG18121,1,9,0,4,0,0,0,0,0,0,3,1,6,1,23,5,1395,1,4,5,1,5
201804EG18121,2,1,0,4,0,0,0,0,0,0,1,1,6,1,43,7,-1,-1,-1,-1,-1,-1
201804EG18122,1,9,0,16,0,0,1,0,1,0,1,1,6,1,17,4,1398,1,4,5,1,5
201804EG18122,2,1,0,18,0,0,0,0,0,0,1,1,6,1,67,10,-1,-1,-1,-1,-1,-1
201804EG18123,1,4,0,18,0,0,1,0,0,0,0,1,6,1,55,8,398,1,25,4,1,4
201804EG18124,1,9,0,18,0,0,0,4,0,0,1,1,6,2,93,11,1248,1,5,2,1,2
201804EG18124,2,9,0,2,0,0,0,0,0,0,2,1,6,3,-1,-1,1968,2,3,-1,-1,-1
201804EG18125,1,9,0,18,0,0,0,0,1,10,1,1,6,1,32,6,1896,2,10,1,1,1
201804EG18126,1,9,0,18,0,0,0,0,0,0,1,1,6,1,80,11,1560,2,4,7,1,7
201804EG18126,2,9,0,2,0,0,0,0,0,0,1,1,6,2,54,8,1598,2,6,8,3,8
201804EG18127,1,9,0,18,0,0,5,0,0,4,1,1,6,2,28,6,1242,1,5,8,3,8
201804EG18128,1,9,0,1,0,1,0,0,0,0,2,1,6,1,44,7,1149,1,16,1,1,1
201804EG18128,2,5,0,3,0,1,0,0,0,0,1,1,2,2,45,7,487,1,11,7,1,7
201804EG18129,1,9,0,5,0,2,0,0,0,10,1,1,6,2,35,6,1896,2,10,1,1,1
201804EG18129,2,9,0,18,0,1,0,0,0,10,1,1,1,1,46,8,1686,2,8,1,1,1
201804EG18130,1,9,0,7,0,4,0,0,0,0,1,1,6,1,80,11,2967,2,-1,4,2,4
201804EG18130,2,9,0,9,0,8,0,0,0,0,2,1,6,1,52,8,1527,2,16,10,1,10
201804EG18131,1,9,0,5,0,5,0,0,0,0,1,1,3,1,58,9,2179,2,6,-1,-1,-1
201804EG18131,2,8,0,18,0,8,0,0,1,0,1,1,6,1,28,6,1598,2,6,-1,-1,-1
201804EG18132,1,9,0,15,0,0,0,4,0,0,4,1,6,1,71,10,1197,1,2,2,1,2
201804EG18132,2,9,0,2,0,0,0,0,0,0,3,1,6,3,-1,-1,1984,1,1,-1,-1,-1
201804EG18133,1,9,0,5,0,8,0,0,0,0,4,1,6,1,64,9,1198,1,-1,4,1,4
201804EG18134,1,9,0,15,0,0,0,0,0,0,1,1,1,1,47,8,2720,2,13,6,1,6
201804EG18134,2,9,0,15,0,0,0,0,0,0,1,1,1,2,48,8,1598,2,8,4,-1,4
201804EG18134,3,9,0,2,0,0,0,0,0,0,3,1,6,3,-1,-1,-1,-1,-1,-1,-1,-1
201804EG18135,1,9,0,16,0,0,1,0,0,0,3,1,6,1,18,4,1198,1,12,4,2,4
201804EG18136,1,8,0,18,0,0,0,0,0,0,1,1,1,1,24,5,1598,2,5,-1,-1,-1
201804EG18137,1,9,0,4,0,0,0,0,7,0,2,1,6,1,57,9,1598,1,9,2,1,2
201804EG18138,1,9,0,18,0,1,0,0,0,0,1,1,6,1,44,7,-1,-1,-1,4,1,4
201804EG18139,1,3,0,18,0,0,0,0,0,0,1,1,6,1,30,6,124,1,4,7,1,7
201804EG18139,2,9,0,18,0,0,0,0,0,0,4,1,6,1,45,7,1496,2,3,6,-1,6
201804EG18140,1,3,0,13,0,8,0,10,1,0,1,1,6,1,23,5,124,1,9,2,1,2
201804EG18140,2,9,0,4,0,1,0,0,0,0,3,1,2,2,52,8,1995,2,2,4,1,4
201804EG18141,1,9,0,5,0,1,0,0,0,0,1,1,1,1,32,6,1796,1,8,4,1,4
201804EG18141,2,9,0,5,0,8,0,0,0,0,1,1,1,2,48,8,998,1,2,7,2,7
201804EG18143,1,8,0,5,0,0,0,0,0,0,2,1,1,1,40,7,1598,2,7,1,1,1
201804EG18144,1,9,0,18,0,1,0,0,0,0,1,1,3,2,38,7,-1,-1,-1,-1,-1,-1
201804EG18146,1,9,0,10,0,0,0,0,0,0,3,1,6,1,62,9,1984,1,2,4,1,4
201804EG18146,2,1,0,13,0,0,0,0,7,9,1,1,6,1,59,9,-1,-1,-1,-1,-1,-1
201804EG18147,1,9,0,18,0,0,0,0,0,0,4,1,6,1,50,8,1461,2,2,8,1,8
201804EG18148,1,9,0,5,0,4,0,0,0,0,1,1,1,2,60,9,998,1,6,-1,-1,-1
201804EG18148,2,1,0,18,0,4,0,0,0,0,1,1,6,1,52,8,-1,-1,-1,-1,-1,-1
201804EG18149,1,9,0,5,0,6,0,0,0,0,1,1,6,3,-1,-1,-1,-1,-1,-1,-1,-1
201804EG18150,1,9,0,18,0,6,0,0,0,0,1,1,6,1,25,5,1242,1,11,4,1,4
201804EG18150,2,9,0,18,0,8,0,0,0,0,3,1,6,2,46,8,1242,1,5,-1,-1,-1
201804EG18151,1,9,0,1,0,6,0,0,0,0,1,1,6,3,-1,-1,-1,-1,-1,-1,-1,-1
201804EG18152,1,9,0,18,0,8,0,0,0,0,1,1,2,2,31,6,1968,2,9,3,1,3
201804EG18152,2,9,0,3,0,4,0,0,0,0,3,1,1,1,49,8,-1,-1,-1,-1,-1,-1
201804EG18153,1,20,0,7,0,5,0,0,0,0,0,1,6,1,54,8,4250,2,7,2,1,2
201804EG18155,1,9,0,5,0,6,0,0,0,0,4,1,6,1,21,5,1598,1,5,10,2,10
201804EG18155,2,1,0,18,0,1,0,0,0,0,0,1,6,1,45,7,-1,-1,-1,9,3,9
201804EG18156,1,9,0,18,0,0,0,4,0,0,1,1,6,2,36,7,1246,1,11,-1,-1,-1
201804EG18156,2,9,0,2,0,0,0,0,0,0,3,1,6,3,-1,-1,1968,2,-1,-1,-1,-1
201804EG18156,3,9,0,18,0,0,0,0,0,0,2,1,6,3,-1,-1,1242,1,3,-1,-1,-1
201804EG18157,1,9,0,9,0,0,0,0,0,0,4,1,1,2,32,6,1598,2,5,3,1,3
201804EG18157,2,9,0,18,0,0,0,0,1,0,1,1,1,2,30,6,2993,2,13,1,1,1
201804EG18158,1,9,0,3,0,0,0,0,0,0,2,1,6,1,51,8,2231,2,10,2,1,2
201804EG18158,2,9,0,3,0,0,0,0,0,0,1,1,6,1,19,4,1388,1,11,7,1,7
201804EG18159,1,9,5,5,0,1,1,0,0,10,1,1,6,3,-1,-1,1986,2,11,-1,-1,-1
201804EG18159,2,9,0,2,0,1,0,0,0,0,2,1,6,2,47,8,1995,2,11,1,1,1
201804EG18160,1,9,0,2,0,0,0,0,0,0,3,1,2,1,37,7,-1,-1,-1,4,1,4
201804EG18160,2,9,0,7,0,0,0,0,0,0,4,1,6,1,-1,-1,-1,-1,-1,-1,-1,-1
201804EG18161,1,9,0,6,0,3,1,0,0,0,4,1,6,3,-1,-1,3000,1,26,-1,-1,-1
201804EG18161,2,9,0,18,0,8,0,0,1,0,3,1,6,1,54,8,1796,1,10,-1,-1,-1
201804EG18162,1,9,0,4,0,1,1,0,0,0,2,1,6,2,43,7,1461,2,13,7,1,7
201804EG18162,2,1,0,18,0,1,0,0,0,0,1,1,6,1,56,9,-1,-1,-1,7,3,7
201804EG18163,1,9,0,5,0,8,0,0,0,0,3,1,6,1,19,4,1798,1,9,-1,-1,-1
201804EG18163,2,9,0,18,0,6,0,4,0,0,4,1,6,1,35,6,1995,2,8,2,1,2
201804EG18163,3,90,0,2,0,2,0,0,0,0,4,1,6,2,31,6,-1,-1,-1,4,1,4
201804EG18164,1,9,0,1,0,0,0,0,0,0,2,1,6,2,44,7,1499,2,3,7,3,7
201804EG18165,1,5,0,18,0,0,1,0,0,0,0,1,6,1,26,6,600,1,18,1,1,1
201804EG18165,2,9,0,18,0,0,0,0,0,0,0,1,6,1,40,7,1461,2,2,7,3,7
201804EG18165,3,9,0,18,0,0,0,0,0,0,0,1,6,1,26,6,1598,1,4,4,1,4
201804EG18166,1,9,0,18,0,4,0,0,3,1,1,1,2,2,28,6,998,1,10,2,1,2
201804EG18167,1,3,0,17,9,0,0,0,1,0,1,1,6,1,20,4,124,1,-1,2,1,2
201804EG18167,2,9,0,2,9,0,0,0,0,0,2,1,6,3,-1,-1,-1,-1,-1,-1,-1,-1
201804EG18169,1,9,0,16,0,0,1,0,1,10,2,1,6,1,30,6,1796,1,13,7,1,7
201804EG18170,1,5,0,16,0,0,1,0,7,0,0,1,6,1,56,9,599,1,22,9,3,9
201804EG18171,1,9,0,18,0,0,0,4,0,0,1,1,6,1,83,11,1461,2,5,6,2,6
201804EG18171,2,20,4,2,0,0,0,0,0,0,2,1,1,1,43,7,12900,2,6,3,1,3
201804EG18172,1,9,0,17,0,0,1,0,1,2,1,1,6,2,20,4,1968,2,8,6,2,6
201804EG18173,1,3,0,18,0,0,0,0,1,4,1,1,6,2,31,6,125,1,3,9,2,9
201804EG18174,1,9,0,18,0,0,0,0,0,0,1,1,6,1,33,6,1560,2,9,7,2,7
201804EG18174,2,9,0,18,0,0,0,0,0,0,2,1,6,1,69,10,-1,-1,-1,1,1,1
201804EG18174,3,9,0,18,0,0,1,0,0,0,1,1,6,2,22,5,1598,2,4,8,1,8
201804EG18174,4,9,0,4,0,0,0,0,0,0,2,1,6,1,30,6,1968,2,4,1,1,1
201804EG18175,1,9,2,17,0,0,5,0,8,0,1,1,2,1,18,4,1364,1,11,1,1,1
201804EG18176,1,9,0,4,0,0,0,0,0,0,1,1,6,1,18,4,1596,1,3,-1,-1,-1
201804EG18176,2,9,0,10,0,0,0,0,7,0,2,1,6,1,44,7,1591,1,3,-1,-1,-1
201804EG18177,1,9,0,18,0,0,0,0,0,0,1,1,6,2,26,6,1984,1,1,10,1,10
201804EG18177,2,9,0,18,0,0,0,0,1,0,1,1,6,1,61,9,1951,2,15,10,1,10
201804EG18178,1,9,0,16,0,0,0,0,7,0,1,1,6,1,60,9,2993,2,6,6,3,6
201804EG18178,2,8,0,16,0,0,0,0,0,0,1,1,1,1,47,8,1598,2,6,1,1,1
201804EG18179,1,9,0,18,0,1,0,0,0,0,1,1,6,1,38,7,2987,2,10,1,1,1
201804EG18179,2,9,0,3,0,1,0,0,0,0,2,1,6,2,21,5,1200,1,1,5,1,5
201804EG18179,3,9,0,3,0,1,0,0,0,0,2,1,6,1,55,8,2199,2,6,1,1,1
201804EG18180,1,21,0,5,0,1,0,0,0,0,1,1,1,1,45,7,10677,2,1,1,1,1
201804EG18180,2,9,0,3,0,1,0,0,0,0,2,1,6,1,74,10,1242,1,5,3,1,3
201804EG18181,1,9,0,14,0,1,0,0,0,0,1,1,6,1,76,11,796,1,9,3,1,3
201804EG18181,2,8,0,2,0,1,0,0,0,0,2,1,6,3,-1,-1,1995,2,7,-1,-1,-1
201804EG18182,1,9,0,18,0,0,0,0,0,0,1,1,6,1,41,7,1968,2,11,1,1,1
201804EG18183,1,90,0,16,0,2,0,0,7,0,1,1,6,2,30,6,-1,-1,-1,5,1,5
201804EG18183,2,5,0,17,0,1,0,0,1,0,1,1,6,1,62,9,645,1,8,9,1,9
201804EG18184,1,9,0,9,0,1,0,0,0,0,1,1,6,2,18,4,1398,1,2,3,1,3
201804EG18184,2,9,0,18,0,1,0,0,0,0,1,1,6,1,18,4,1360,1,15,5,2,5
201804EG18185,1,9,0,16,0,0,0,0,7,0,1,1,6,2,28,6,1598,1,16,1,1,1
201804EG18185,2,9,4,18,0,0,0,0,0,0,3,1,6,1,47,8,1995,2,5,7,3,7
201804EG18186,1,9,0,9,0,4,0,0,0,0,0,1,6,2,34,6,1896,2,10,-1,-1,-1
201804EG18187,1,9,0,17,0,0,1,0,2,10,1,1,6,1,44,7,1994,1,13,8,2,8
201804EG18188,1,9,0,5,0,6,0,0,0,0,2,1,6,1,66,10,1560,2,4,4,1,4
201804EG18188,2,9,0,18,0,1,0,0,0,0,1,1,6,1,38,7,1968,2,8,1,1,1
201804EG18189,1,9,0,5,0,1,0,0,0,0,1,1,6,1,29,6,2171,1,16,-1,-1,-1
201804EG18189,2,9,0,18,0,1,0,0,0,0,1,1,6,1,42,7,1950,2,1,4,1,4
201804EG18190,1,9,0,5,0,6,0,0,0,0,1,1,6,2,43,7,1896,2,12,1,1,1
201804EG18190,2,5,0,18,0,1,2,0,0,10,1,1,6,1,28,6,598,1,19,5,1,5
201804EG18191,1,9,0,18,0,0,0,0,0,0,1,1,6,1,29,6,1995,2,10,9,3,9
201804EG18191,2,9,0,18,0,0,0,0,7,0,2,1,6,1,18,4,1149,1,15,9,3,9
201804EG18192,1,9,0,18,0,0,0,0,1,4,1,1,1,1,70,10,-1,-1,-1,2,1,2
201804EG18193,1,3,0,16,0,8,0,0,0,10,1,1,2,1,21,5,124,1,-1,9,2,9
201804EG18193,2,9,0,9,0,8,0,0,0,0,0,1,6,3,-1,-1,-1,-1,-1,-1,-1,-1
201804EG18194,1,5,0,17,0,8,0,0,0,0,0,1,6,1,59,9,1261,1,10,6,1,6
201804EG18195,1,1,0,18,0,2,0,0,1,0,4,1,6,1,64,9,-1,-1,-1,6,2,6
201804EG18196,1,9,0,3,0,0,0,0,0,0,0,1,6,3,-1,-1,-1,-1,-1,-1,-1,-1
201804EG18196,2,9,0,3,0,0,0,0,0,0,3,1,6,3,-1,-1,-1,-1,-1,-1,-1,-1
201804EG18197,1,90,0,18,0,1,1,0,0,0,1,1,1,1,23,5,-1,-1,-1,-1,-1,-1
201804EG18197,2,9,0,4,0,1,0,0,0,0,2,1,6,2,33,6,1596,1,11,-1,-1,-1
201804EG18197,3,9,0,3,0,1,0,0,0,0,2,1,6,1,60,9,1950,2,2,7,1,7
201804EG18198,1,9,0,18,0,4,0,0,0,0,3,1,6,2,37,7,-1,-1,-1,8,3,8
201804EG18198,2,9,0,18,0,4,0,0,0,0,1,1,6,1,65,9,1560,2,3,6,2,6
201804EG18199,1,9,0,18,0,1,0,0,0,0,1,1,6,3,-1,-1,-1,-1,-1,-1,-1,-1
201804EG18199,2,9,0,4,0,1,0,0,0,0,2,1,6,2,51,8,1686,2,10,4,1,4
201804EG18200,1,9,0,5,0,6,0,0,0,0,1,1,6,1,72,10,2204,2,12,6,2,6
201804EG18200,2,9,0,18,0,1,0,0,0,0,1,1,6,1,43,7,4398,1,18,8,3,8
201804EG18201,1,90,0,18,0,0,0,0,1,0,0,1,6,3,-1,-1,-1,-1,-1,-1,-1,-1
201804EG18202,1,9,0,18,0,3,0,0,8,10,1,1,6,1,84,11,998,1,8,3,1,3
201804EG18203,1,9,0,7,0,5,1,0,0,0,1,1,6,1,21,5,1199,1,14,5,2,5
201804EG18203,2,9,0,2,0,2,0,0,0,0,3,1,6,2,35,6,1248,1,1,1,1,1
201804EG18204,1,9,0,9,0,8,0,0,0,0,3,1,6,2,62,9,998,1,5,5,1,5
201804EG18205,1,8,0,9,0,1,0,0,0,0,4,1,1,1,47,8,1910,2,9,-1,-1,-1
201804EG18206,1,9,0,18,0,0,0,0,0,0,1,1,6,2,41,7,1296,1,11,-1,-1,-1
201804EG18207,1,9,4,18,0,0,0,10,0,0,1,1,1,1,27,6,-1,-1,-1,7,1,7
201804EG18207,2,9,0,18,0,0,0,0,0,0,1,1,6,1,78,11,1596,1,4,-1,-1,-1
201804EG18208,1,3,0,4,0,1,1,0,0,0,1,1,2,1,21,5,125,1,6,-1,-1,-1
201804EG18208,2,9,0,4,0,1,0,0,0,0,2,1,6,3,-1,-1,-1,-1,-1,-1,-1,-1
201804EG18209,1,90,0,6,0,3,5,0,0,0,0,1,6,3,-1,-1,-1,-1,-1,-1,-1,-1
201804EG18210,1,9,0,5,0,2,0,0,0,0,1,2,2,2,31,6,-1,-1,-1,3,1,3
201804EG18210,2,9,0,18,0,1,1,4,0,0,4,1,3,2,27,6,1999,1,13,2,1,2
201804EG18210,3,9,0,2,0,2,0,4,0,0,2,1,6,3,-1,-1,-1,-1,-1,-1,-1,-1
201804EG18210,4,90,0,2,0,2,0,0,0,0,2,1,6,3,-1,-1,-1,-1,-1,-1,-1,-1
201804EG18211,1,5,0,17,0,0,1,0,0,0,0,1,6,2,44,7,675,1,5,1,1,1
201804EG18211,2,5,0,17,0,0,1,0,0,0,0,1,6,1,54,8,749,1,3,1,1,1
201804EG18212,1,8,0,5,0,1,0,0,0,0,0,1,1,1,48,8,1956,2,3,1,1,1
201804EG18213,1,9,0,17,0,0,0,0,0,0,1,1,1,2,48,8,988,1,-1,4,2,4
201804EG18213,2,9,0,18,0,0,0,0,0,0,1,1,2,2,58,9,1198,1,4,8,3,8
201804EG18214,1,1,0,18,0,0,0,4,0,0,1,1,6,1,71,10,-1,-1,-1,-1,-1,-1
201804EG18214,2,9,0,2,0,0,0,0,0,0,2,1,6,3,-1,-1,998,1,9,-1,-1,-1
201804EG18215,1,9,0,7,0,2,0,0,0,0,3,1,6,2,69,10,998,1,3,3,1,3
201804EG18215,2,90,0,18,0,1,0,0,0,0,1,1,6,1,47,8,-1,-1,-1,2,1,2
201804EG18216,1,8,0,18,0,0,0,0,0,0,3,1,1,1,35,6,1995,2,5,-1,-1,-1
201804EG18217,1,9,0,18,0,1,0,0,0,0,3,1,6,2,40,7,1896,2,13,1,1,1
201804EG18217,2,9,0,18,0,2,0,0,0,0,1,1,6,2,39,7,1197,1,4,1,1,1
201804EG18218,1,9,0,9,0,1,0,0,0,0,3,1,6,3,-1,-1,-1,-1,-1,-1,-1,-1
201804EG18219,1,9,0,1,0,0,0,0,0,0,2,1,6,3,-1,-1,-1,-1,-1,-1,-1,-1
201804EG18220,1,9,0,18,9,0,0,10,1,2,1,1,6,1,30,6,1984,1,3,-1,-1,-1
201804EG18221,1,9,0,18,0,1,0,0,0,0,1,1,6,3,-1,-1,-1,-1,-1,-1,-1,-1
201804EG18221,2,1,0,7,0,6,0,0,0,0,1,1,6,1,45,7,-1,-1,-1,1,1,1
201804EG18222,1,9,0,18,0,0,0,0,0,0,1,1,6,2,31,6,1997,2,17,1,1,1
201804EG18222,2,9,0,4,0,0,0,0,0,0,2,1,6,2,22,5,1598,1,12,-1,-1,-1
201804EG18223,1,9,0,18,0,0,0,0,0,0,1,1,6,1,19,4,998,1,3,5,2,5
201804EG18223,2,9,0,18,0,0,0,0,0,0,1,1,6,2,30,6,1598,1,12,8,1,8
201804EG18224,1,9,0,18,0,0,0,0,0,0,1,1,2,1,54,8,2148,2,10,6,1,6
201804EG18224,2,19,0,18,0,0,0,0,0,0,1,1,2,1,65,9,1997,2,4,-1,-1,-1
201804EG18225,1,9,0,9,0,5,0,0,0,0,4,1,6,1,17,4,998,1,4,4,1,4
201804EG18226,1,9,0,9,0,1,0,4,0,0,1,1,6,2,31,6,998,1,-1,1,1,1
201804EG18226,2,9,0,18,0,1,0,0,0,0,1,1,6,1,45,7,2688,2,14,2,1,2
201804EG18226,3,9,0,2,0,1,0,0,0,0,1,1,6,3,-1,-1,1995,2,11,-1,-1,-1
201804EG18226,4,9,0,2,0,1,0,0,0,0,2,1,6,3,-1,-1,1995,2,13,-1,-1,-1
201804EG18227,1,9,0,18,0,0,0,0,0,0,1,1,6,2,70,10,1329,1,3,5,2,5
201804EG18227,2,9,0,18,0,0,0,0,1,0,3,1,6,1,65,9,1896,2,13,6,2,6
201804EG18228,1,19,0,18,0,0,0,0,0,0,0,1,1,3,-1,-1,-1,-1,-1,-1,-1,-1
201804EG18229,1,9,0,18,0,0,0,0,0,0,2,1,6,1,57,9,1896,2,11,1,1,1
201804EG18229,2,9,5,18,0,0,0,0,0,0,1,1,6,3,-1,-1,-1,-1,-1,-1,-1,-1
201804EG18230,1,9,0,18,0,0,0,0,0,0,0,1,6,3,-1,-1,-1,-1,-1,-1,-1,-1
201804EG18231,1,9,0,5,0,8,0,0,0,0,1,1,6,2,25,5,1968,2,4,4,1,4
201804EG18231,2,9,0,18,0,1,0,0,0,0,1,1,6,2,24,5,998,1,-1,1,1,1
201804EG18232,1,9,0,18,0,0,2,0,0,10,1,1,6,1,22,5,1598,2,8,1,1,1
201804EG18233,1,9,0,16,0,0,0,0,0,0,1,1,6,2,48,8,2179,2,3,8,3,8
201804EG18233,2,3,0,16,0,0,0,0,0,0,1,1,6,1,20,4,124,1,7,9,2,9
201804EG18234,1,9,0,2,0,0,0,0,0,0,0,1,6,2,25,5,1242,1,6,4,1,4
201804EG18234,2,9,0,14,0,0,0,0,0,0,0,1,6,1,57,9,1398,2,11,7,1,7
201804EG18235,1,9,0,3,0,1,0,0,0,0,1,1,1,2,67,10,1970,1,15,1,1,1
201804EG18235,2,1,0,7,0,1,0,0,0,0,4,1,6,1,45,7,-1,-1,-1,-1,-1,-1
201804EG18236,1,9,0,5,9,0,0,0,0,0,1,1,2,1,24,5,1240,1,9,-1,-1,-1
201804EG18237,1,9,0,1,0,0,0,0,0,0,0,1,6,1,76,11,1587,1,10,5,2,5
201804EG18238,1,9,0,16,0,1,0,0,0,0,1,1,6,2,35,6,1499,2,-1,-1,-1,-1
201804EG18238,2,9,0,16,0,1,0,0,0,0,2,1,6,2,42,7,1240,1,13,-1,-1,-1
201804EG18239,1,9,0,18,0,0,2,0,0,9,1,1,6,1,21,5,1248,2,10,-1,-1,-1
201804EG18240,1,9,0,9,0,4,0,0,0,0,1,1,6,1,25,5,1995,2,11,-1,-1,-1
201804EG18240,2,19,0,18,0,8,0,0,0,0,3,1,6,1,42,7,2953,2,13,1,1,1
201804EG18241,1,9,0,18,0,2,0,0,0,0,1,1,6,3,-1,-1,-1,-1,-1,-1,-1,-1
201804EG18241,2,9,0,4,0,1,0,0,0,0,1,1,6,1,57,9,1951,2,12,1,1,1
201804EG18242,1,2,0,18,0,8,0,0,0,0,1,1,6,2,80,11,49,1,5,9,2,9
201804EG18242,2,9,0,4,0,8,0,0,0,0,2,1,6,2,46,8,1995,2,12,9,2,9
201804EG18243,1,9,0,4,0,3,0,0,0,0,1,1,6,2,36,7,1598,1,12,1,1,1
201804EG18244,1,9,0,18,0,2,0,0,0,0,4,1,6,2,18,4,998,1,3,-1,-1,-1
201804EG18245,1,9,0,4,9,1,0,0,0,0,1,1,6,1,25,5,1995,2,8,4,1,4
201804EG18246,1,9,0,8,0,0,0,0,0,0,1,1,6,1,69,10,-1,-1,-1,-1,-1,-1
201804EG18247,1,9,0,18,0,0,0,0,7,0,1,1,6,3,-1,-1,-1,-1,-1,-1,-1,-1
201804EG18248,1,9,0,16,0,0,0,0,0,0,3,1,2,2,38,7,1956,2,7,6,1,6
201804EG18248,2,9,0,17,0,0,0,0,0,0,3,1,6,2,38,7,-1,-1,-1,-1,3,-1
201804EG18249,1,9,0,18,0,2,0,0,3,10,1,1,6,3,-1,-1,1242,1,17,-1,-1,-1
201804EG18249,2,9,0,18,0,1,0,0,7,10,4,1,6,1,19,4,1364,1,10,2,1,2
201804EG18250,1,9,0,4,0,1,0,0,0,0,3,1,6,1,80,11,1339,1,14,2,1,2
201804EG18250,2,9,0,1,0,1,0,0,0,0,3,1,6,3,-1,-1,-1,-1,-1,-1,-1,-1
201804EG18251,1,90,4,18,0,0,2,0,7,0,0,1,1,2,63,9,-1,-1,-1,5,3,5
201804EG18252,1,9,0,18,0,0,0,0,0,0,1,1,1,1,56,9,1360,1,6,1,1,1
201804EG18253,1,9,0,5,9,0,0,0,0,0,1,1,6,3,-1,-1,1896,2,11,-1,-1,-1
201804EG18254,1,9,0,18,0,0,0,0,0,0,1,1,6,3,-1,-1,-1,-1,-1,-1,-1,-1
201804EG18255,1,9,0,3,0,1,0,0,0,0,2,1,2,2,18,4,1229,1,12,8,1,8
201804EG18255,2,9,0,3,0,1,0,0,0,0,2,1,6,2,24,5,2179,2,4,6,1,6
201804EG18256,1,9,0,4,0,1,0,0,0,0,1,1,6,1,28,6,1968,2,1,3,1,3
201804EG18256,2,9,0,3,0,1,0,0,0,0,2,1,6,1,34,6,4999,1,13,1,1,1
201804EG18257,1,90,0,5,0,0,0,0,7,0,2,1,6,3,58,9,-1,-1,-1,-1,-1,-1
201804EG18258,1,9,0,18,0,0,0,0,0,0,1,1,6,1,90,11,1498,1,-1,6,1,6
201804EG18258,2,19,0,18,0,0,0,0,0,0,1,1,6,1,30,6,2198,2,3,7,1,7
201804EG18259,1,90,0,18,0,0,0,0,0,0,1,1,6,2,47,8,-1,-1,-1,9,1,9
201804EG18259,2,90,0,18,0,0,0,0,0,0,2,1,6,1,34,6,-1,-1,-1,6,1,6
201804EG18260,1,9,0,18,0,8,1,0,0,7,3,1,6,1,47,8,1781,1,16,10,3,10
201804EG18260,2,19,0,11,0,8,0,0,0,0,4,1,6,1,40,7,2198,2,2,-1,-1,-1
201804EG18261,1,9,0,18,0,0,0,0,0,0,3,1,6,1,27,6,998,1,17,8,1,8
201804EG18261,2,9,0,18,0,0,0,0,0,0,3,1,6,2,25,5,1242,1,12,3,1,3
201804EG18262,1,9,0,9,0,5,0,0,0,0,1,1,2,1,56,9,1798,1,6,5,2,5
201804EG18263,1,9,0,7,0,5,0,0,0,0,2,1,6,2,35,6,2996,1,12,10,1,10
201804EG18263,2,1,0,18,0,1,0,0,0,0,2,1,1,1,32,6,-1,-1,-1,7,2,7
201804EG18264,1,9,0,5,0,2,0,7,0,0,1,1,1,1,50,8,-1,-1,-1,-1,-1,-1
201804EG18265,1,9,0,17,0,0,1,0,1,9,1,1,6,2,28,6,998,1,7,2,1,2
201804EG18266,1,9,0,18,9,0,0,10,7,1,1,1,6,1,73,10,1328,1,10,5,1,5
201804EG18267,1,9,0,18,0,3,0,0,1,9,1,1,6,2,66,10,1229,1,13,7,1,7
201804EG18268,1,9,0,18,0,2,0,0,0,0,1,1,2,1,23,5,1968,2,7,5,1,5
201804EG18268,2,9,0,18,0,1,0,0,0,0,3,1,2,1,33,6,2204,2,10,4,1,4
201804EG18269,1,2,0,16,0,0,0,0,1,0,0,1,1,1,27,6,-1,-1,-1,1,1,1
201804EG18269,2,9,0,18,0,0,0,0,0,0,0,1,6,3,-1,-1,-1,-1,-1,-1,-1,-1
201804EG18270,1,90,0,18,0,8,0,0,0,0,1,1,2,1,26,6,-1,-1,-1,-1,-1,-1