Accident_Index,Vehicle_Reference,Vehicle_Type,Towing_and_Articulation,Vehicle_Manoeuvre,Vehicle_Location-Restricted_Lane,Junction_Location,Skidding_and_Overturning,Hit_Object_in_Carriageway,Vehicle_Leaving_Carriageway,Hit_Object_off_Carriageway,1st_Point_of_Impact,Was_Vehicle_Left_Hand_Drive?,Journey_Purpose_of_Driver,Sex_of_Driver,Age_of_Driver,Age_Band_of_Driver,Engine_Capacity_(CC),Propulsion_Code,Age_of_Vehicle,Driver_IMD_Decile,Driver_Home_Area_Type,Vehicle_IMD_Decile
201804EG18270,2,9,0,18,0,1,0,0,0,0,3,1,6,1,22,5,1560,2,12,7,3,7
201804EG18271,1,9,0,9,0,0,0,0,0,0,4,1,6,2,70,10,998,1,1,4,1,4
201804EG18272,1,9,0,5,0,6,0,11,0,0,1,1,6,2,46,8,1997,2,16,6,1,6
201804EG18272,2,90,0,18,0,1,0,0,0,0,0,1,6,2,51,8,-1,-1,-1,6,1,6
201804EG18273,1,3,0,16,0,0,1,0,0,0,0,1,6,1,19,4,125,1,1,5,2,5
201804EG18274,1,9,0,9,0,0,2,10,0,2,1,1,6,1,83,11,1991,2,13,9,1,9
201804EG18275,1,9,0,7,0,6,0,0,0,0,3,1,6,2,20,4,998,1,11,2,2,2
201804EG18275,2,19,0,15,0,1,0,0,0,0,1,1,1,1,29,6,2198,2,9,3,1,3
201804EG18276,1,9,0,3,0,6,0,0,0,0,2,1,6,1,49,8,1364,1,-1,1,1,1
201804EG18276,2,9,0,5,0,1,0,0,0,0,1,1,6,2,40,7,1499,2,2,6,1,6
201804EG18277,1,9,0,4,0,0,0,0,0,0,2,1,1,1,63,9,1984,2,3,9,1,9
201804EG18277,2,9,0,18,0,0,0,0,0,0,1,1,6,2,63,9,1329,1,6,9,1,9
201804EG18277,3,21,0,4,0,0,0,0,0,0,1,1,1,1,32,6,-1,-1,-1,1,1,1
201804EG18278,1,9,0,18,9,0,5,0,1,2,1,1,2,1,20,4,-1,-1,-1,7,1,7
201804EG18279,1,9,0,9,0,0,1,0,1,4,1,1,1,2,24,5,1248,2,6,7,3,7
201804EG18280,1,9,0,7,0,2,0,0,0,0,1,1,6,1,36,7,1799,1,11,-1,-1,-1
201804EG18280,2,9,0,18,0,1,0,0,0,0,1,1,1,2,30,6,998,1,5,4,1,4
201804EG18281,1,9,0,5,0,6,0,0,0,0,3,1,1,1,45,7,-1,-1,-1,5,2,5
201804EG18282,1,9,0,9,0,5,0,0,0,0,3,1,2,1,39,7,2495,2,21,8,3,8
201804EG18283,1,9,0,18,0,0,1,0,7,4,1,1,6,1,46,8,1969,2,1,5,3,5
201804EG18283,2,9,0,18,0,0,0,0,0,0,1,1,6,2,80,11,1332,1,10,1,1,1
201804EG18284,1,9,0,4,0,1,0,4,0,0,1,1,6,1,87,11,1995,2,3,9,3,9
201804EG18284,2,9,0,3,0,1,0,0,0,0,4,1,6,3,-1,-1,1198,1,7,-1,-1,-1
201804EG18285,1,9,0,13,0,1,0,0,1,0,1,1,6,1,50,8,-1,-1,-1,-1,-1,-1
201804EG18285,2,9,0,9,0,8,0,0,0,0,1,1,6,2,64,9,1587,1,10,-1,-1,-1
201804EG18286,1,9,0,17,0,0,5,0,2,10,4,1,6,1,24,5,1598,1,5,5,2,5
201804EG18287,1,9,0,18,0,8,0,0,0,0,1,1,6,1,40,7,2993,2,14,3,1,3
201804EG18287,2,9,0,18,0,8,0,0,1,10,3,1,6,1,27,6,1781,1,14,1,1,1
201804EG18288,1,9,0,16,0,0,0,0,0,0,1,1,6,2,61,9,1318,1,-1,10,3,10
201804EG18288,2,9,0,15,0,0,0,0,0,1,1,1,6,1,73,10,1685,2,1,8,2,8
201804EG18289,1,9,0,18,0,0,0,0,0,0,1,2,6,1,31,6,-1,-1,-1,1,1,1
201804EG18289,2,19,0,18,0,0,0,0,0,0,1,1,1,1,31,6,1248,2,4,2,1,2
201804EG18290,1,9,0,9,0,6,0,0,0,0,1,1,6,2,86,11,1339,1,4,9,3,9
201804EG18290,2,9,0,18,0,1,0,0,0,0,4,1,6,1,19,4,1242,1,13,10,1,10
201804EG18291,1,9,0,18,0,2,0,0,0,0,1,1,6,3,-1,-1,-1,-1,-1,-1,-1,-1
201804EG18292,1,9,0,17,0,0,1,0,1,10,1,1,6,1,27,6,1956,2,7,4,-1,4
201804EG18293,1,9,0,18,0,4,0,0,0,0,1,1,6,1,35,6,1686,2,6,-1,-1,-1
201804EG18293,2,9,0,18,0,4,0,0,0,0,4,1,6,1,21,5,1499,2,1,1,1,1
201804EG18294,1,9,0,8,0,1,0,0,0,0,3,1,1,1,55,8,1995,2,7,9,2,9
201804EG18294,2,1,0,7,0,6,0,0,0,0,0,1,1,1,47,8,-1,-1,-1,5,1,5
201804EG18295,1,9,0,9,0,0,0,0,0,2,1,1,6,2,66,10,1229,1,4,4,1,4
201804EG18295,2,3,0,18,0,0,0,0,0,2,1,1,6,1,22,5,124,1,7,4,1,4
201804EG18295,3,9,0,2,0,0,0,0,0,0,4,1,6,3,-1,-1,1360,1,11,-1,-1,-1
201804EG18296,1,9,0,9,0,8,0,0,0,0,1,1,6,2,72,10,1951,2,13,6,1,6
201804EG18297,1,9,0,18,0,0,0,0,0,0,1,1,6,3,-1,-1,988,1,1,-1,-1,-1
201804EG18298,1,9,0,18,0,4,0,0,0,1,1,1,6,1,26,6,1598,2,2,-1,-1,-1
201804EG18298,2,9,0,18,0,3,0,0,0,0,4,1,6,1,27,6,2143,2,4,-1,-1,-1
201804EG18299,1,9,0,14,0,1,0,0,0,0,1,1,6,2,84,11,1896,2,12,6,2,6
201804EG18299,2,21,0,15,0,1,0,0,0,0,1,1,1,1,32,6,9200,2,10,4,1,4
201804EG18300,1,9,0,9,0,1,0,0,0,0,1,1,6,1,81,11,1242,1,4,4,1,4
201804EG18300,2,1,0,18,0,1,0,0,0,0,1,1,6,1,60,9,-1,-1,-1,7,1,7
201804EG18301,1,9,0,5,0,8,0,0,0,0,1,1,3,1,34,6,1896,2,14,3,1,3
201804EG18301,2,1,0,18,0,1,0,0,0,0,1,1,6,1,20,4,-1,-1,-1,10,1,10
201804EG18302,1,9,0,7,0,2,0,0,0,0,1,1,6,2,59,9,-1,-1,-1,8,1,8
201804EG18303,1,9,0,3,0,1,0,0,0,0,2,1,6,1,42,7,1598,1,15,1,1,1
201804EG18303,2,9,0,3,0,1,0,0,0,0,0,1,6,1,40,7,1248,2,10,2,1,2
201804EG18304,1,9,0,5,0,8,0,0,0,0,1,1,6,2,25,5,1956,2,5,-1,-1,-1
201804EG18304,2,8,0,5,0,4,0,0,0,0,3,1,1,1,41,7,1896,2,13,2,1,2
201804EG18305,1,21,0,16,0,1,0,0,7,4,1,1,1,1,58,9,-1,-1,-1,10,2,10
201804EG18306,1,9,0,3,0,1,0,0,0,0,1,1,6,1,18,4,1997,2,11,-1,-1,-1
201804EG18306,2,9,0,5,0,1,0,0,0,0,1,1,6,2,30,6,1242,1,4,1,1,1
201804EG18306,3,9,0,5,0,1,0,0,0,0,3,1,6,1,24,5,1968,2,13,1,1,1
201804EG18307,1,9,0,9,0,1,0,0,0,0,1,1,6,1,23,5,1242,1,12,1,1,1
201804EG18307,2,9,0,15,0,1,0,0,0,0,4,1,6,3,-1,-1,-1,-1,-1,-1,-1,-1
201804EG18308,1,8,0,18,0,0,0,0,0,0,1,1,6,1,29,6,1598,2,8,1,1,1
201804EG18308,2,9,0,18,0,0,0,0,0,0,2,1,6,1,29,6,1995,2,9,4,1,4
201804EG18308,3,9,0,18,0,0,0,0,0,0,2,1,6,1,32,6,1200,1,15,-1,-1,-1
201804EG18308,4,9,0,18,0,0,0,0,0,0,2,1,6,1,31,6,1598,2,7,1,1,1
201804SA00521,1,9,0,16,0,0,5,0,7,3,4,1,-1,1,24,5,1984,1,11,9,3,9
201804SA18001,1,9,0,7,0,1,0,0,0,0,1,1,6,3,-1,-1,1998,1,19,-1,-1,-1
201804SA18001,2,9,0,4,0,1,0,0,0,0,2,1,6,2,65,9,1399,2,12,10,2,10
201804SA18002,1,19,0,18,0,0,0,0,0,0,1,1,1,1,31,6,2198,2,10,8,1,8
201804SA18002,2,9,0,1,0,0,0,0,0,0,2,1,6,2,24,5,998,1,1,-1,-1,-1
201804SA18003,1,9,0,18,0,8,0,0,0,0,1,1,6,1,52,8,1390,1,17,1,1,1
201804SA18003,2,9,0,18,0,8,0,0,0,0,3,1,6,1,76,11,1598,2,2,-1,-1,-1
201804SA18004,1,9,0,18,0,4,2,9,4,0,1,1,6,1,47,8,998,1,1,1,1,1
201804SA18005,1,9,0,7,0,4,0,0,0,0,1,1,6,3,-1,-1,-1,-1,-1,-1,-1,-1
201804SA18005,2,9,0,5,0,4,0,0,0,0,3,1,6,2,35,6,1560,2,3,9,2,9
201804SA18007,1,9,0,18,0,0,0,0,4,6,1,1,2,1,32,6,1896,2,14,3,1,3
201804SA18007,2,19,0,18,0,0,1,0,7,6,4,1,6,1,41,7,1995,2,8,4,1,4
201804SA18007,3,9,0,18,0,0,0,0,0,0,3,1,6,1,61,9,1997,2,7,9,1,9
201804SA18008,1,9,0,18,0,2,0,0,0,0,1,1,6,1,50,8,2198,2,13,3,1,3
201804SA18009,1,1,0,18,0,1,0,0,0,0,1,1,6,1,51,8,-1,-1,-1,7,1,7
201804SA18009,2,19,0,18,0,1,0,0,0,0,2,1,1,1,60,9,2198,2,3,8,2,8
201804SA18010,1,9,0,4,0,0,0,0,0,0,2,1,6,2,24,5,1198,1,4,1,1,1
201804SA18010,2,9,0,4,0,0,0,0,0,0,1,1,6,2,18,4,999,1,5,-1,-1,-1
201804SA18011,1,9,0,6,0,0,0,0,0,0,2,1,6,2,72,10,1199,2,5,10,1,10
201804SA18011,2,5,0,18,0,0,0,0,0,0,1,1,6,1,25,5,645,1,19,-1,1,-1
201804SA18012,1,9,0,4,0,0,0,0,0,0,1,1,1,1,38,7,1685,2,1,-1,-1,-1
201804SA18012,2,9,0,3,0,0,0,0,0,0,2,1,1,2,30,6,1198,1,7,2,1,2
201804SA18012,3,9,0,3,0,0,0,0,0,0,2,1,1,1,53,8,2993,2,1,8,1,8
201804SA18013,1,9,0,18,0,0,1,0,1,1,1,1,2,1,30,6,1968,2,12,10,1,10
201804SA18013,2,9,0,4,0,0,0,0,0,0,2,1,6,1,79,11,1598,1,10,-1,-1,-1
201804SA18013,3,90,0,18,0,0,0,0,0,0,4,1,1,1,33,6,-1,-1,-1,1,1,1
201804SA18013,4,9,0,7,0,0,0,0,0,0,4,1,2,2,49,8,1798,1,9,7,3,7
201804SA18013,5,9,0,18,0,0,0,0,0,0,2,1,2,1,40,7,1995,2,3,7,1,7
201804SA18013,6,9,0,5,0,0,0,0,0,0,2,1,6,1,37,7,2400,2,12,9,1,9
201804SA18014,1,9,0,18,0,8,1,0,0,0,4,1,6,1,17,4,1386,1,8,5,1,5
201804SA18014,2,9,0,9,0,8,0,0,0,0,1,1,6,2,63,9,1198,1,7,6,3,6
201804SA18015,1,9,0,1,0,0,0,0,0,0,2,1,6,1,35,6,1686,2,14,-1,-1,-1
201804SA18015,2,9,0,4,0,0,0,0,0,0,1,1,1,2,30,6,2993,2,2,-1,-1,-1
201804SA18016,1,9,0,18,0,0,0,0,0,1,1,1,2,1,50,8,1242,1,14,2,1,2
201804SA18017,1,19,0,18,0,6,0,0,0,0,1,1,1,1,26,6,2298,2,2,1,1,1
201804SA18018,1,8,0,1,0,1,0,0,0,0,2,1,1,1,-1,-1,1197,1,4,-1,-1,-1
201804SA18019,1,9,0,18,0,1,0,0,2,7,1,1,2,1,47,8,1798,1,16,1,1,1
201804SA18020,1,9,0,4,0,1,0,0,0,0,1,1,6,2,25,5,1242,1,2,7,1,7
201804SA18020,2,9,0,4,0,1,0,0,0,0,2,1,2,1,35,6,1199,1,14,8,2,8
201804SA18021,1,1,0,18,0,0,0,0,0,0,4,1,6,2,31,6,-1,-1,-1,3,1,3
201804SA18021,2,9,0,18,0,0,0,0,0,0,1,1,6,2,82,11,2835,2,20,9,1,9
201804SA18022,1,9,0,18,0,1,0,0,0,0,1,1,2,2,23,5,1390,1,13,5,1,5
201804SA18022,2,9,0,18,0,1,0,0,7,0,4,1,6,1,44,7,2993,2,2,8,3,8
201804SA18023,1,9,0,5,0,4,0,0,3,0,1,1,1,1,44,7,1199,1,16,1,1,1
201804SA18023,2,90,0,18,0,3,0,0,0,0,4,1,1,1,36,7,-1,-1,-1,10,1,10
201804SA18024,1,1,0,18,0,1,0,0,0,0,4,1,2,1,51,8,-1,-1,-1,1,1,1
201804SA18024,2,9,0,18,0,1,0,0,0,0,1,1,2,2,63,9,1995,2,7,1,1,1
201804SA18025,1,9,0,17,0,0,1,0,7,0,3,1,6,1,28,6,1395,1,2,3,1,3
201804SA18025,2,8,0,16,0,0,0,0,0,0,1,1,1,1,47,8,2204,2,11,2,1,2
201804SA18026,1,9,0,9,0,8,0,0,0,0,3,1,6,2,19,4,998,1,12,1,1,1
201804SA18026,2,9,0,18,0,8,0,0,1,0,4,1,6,1,43,7,2902,2,15,3,1,3
201804SA18027,1,9,0,18,0,0,1,0,8,6,1,1,6,1,39,7,1598,2,3,8,1,8
201804SA18028,1,9,0,9,0,8,0,0,0,0,1,1,6,2,20,4,1198,1,14,10,2,10
201804SA18028,2,9,0,18,0,8,0,0,0,0,1,1,1,1,32,6,1968,2,8,3,1,3
201804SA18029,1,9,0,12,0,1,0,0,0,1,1,1,6,2,88,11,1296,1,11,7,1,7
201804SA18030,1,9,0,9,0,8,1,0,1,10,1,1,6,1,18,4,2967,2,5,3,1,3
201804SA18031,1,9,0,18,0,0,0,0,0,0,1,2,6,1,52,8,2993,2,9,8,1,8
201804SA18032,1,9,0,18,0,8,0,0,0,0,4,1,2,1,23,5,1598,2,4,5,1,5
201804SA18032,2,9,0,18,0,1,0,0,0,0,3,1,6,2,32,6,1997,2,2,4,2,4
201804SA18033,1,8,0,17,0,0,1,0,0,0,1,1,1,1,38,7,-1,-1,-1,-1,-1,-1
201804SA18034,1,1,0,18,0,1,0,0,0,0,1,1,6,1,16,4,-1,-1,-1,3,1,3
201804SA18034,2,9,0,18,0,1,0,0,0,0,3,1,6,1,55,8,995,1,11,9,1,9
201804SA18035,1,9,0,18,0,8,0,0,0,0,1,1,6,1,77,11,2295,1,18,4,1,4
201804SA18035,2,1,0,9,0,8,0,0,0,0,3,1,6,1,22,5,-1,-1,-1,-1,-1,-1
201804SA18036,1,9,0,18,0,0,1,0,1,4,1,1,6,1,32,6,1986,2,12,7,3,7
201804SA18037,1,9,0,5,0,6,0,0,0,0,1,1,2,2,29,6,1299,1,11,10,1,10
201804SA18037,2,9,0,18,0,1,0,0,0,0,4,1,1,1,64,9,-1,-1,-1,10,1,10
201804SA18038,1,9,0,18,0,1,0,0,0,0,1,1,6,3,72,10,2993,2,14,7,3,7
201804SA18038,2,9,0,3,0,1,0,0,0,0,2,1,6,2,38,7,1600,2,8,7,1,7
201804SA18039,1,9,0,5,0,1,0,0,0,0,1,1,6,3,-1,-1,-1,-1,-1,-1,-1,-1
201804SA18039,2,9,0,8,0,1,0,0,0,0,2,1,6,1,59,9,-1,-1,-1,5,1,5
201804SA18040,1,9,0,18,0,1,0,0,1,10,4,1,6,1,62,9,1951,2,13,7,1,7
201804SA18040,2,9,0,18,0,1,0,0,0,0,1,1,6,2,61,9,1598,1,4,9,2,9
201804SA18041,1,9,0,13,0,0,1,0,2,0,4,1,6,1,22,5,1499,1,3,-1,1,-1
201804SA18041,2,9,0,16,0,0,1,0,1,0,3,1,6,2,24,5,999,1,3,2,1,2
201804SA18042,1,9,0,4,0,0,0,0,0,0,3,1,6,2,58,9,1995,2,9,1,1,1
201804SA18042,2,9,0,3,0,0,0,0,0,10,1,1,6,1,23,5,1956,2,8,3,1,3
201804SA18043,1,9,0,16,0,0,1,0,1,9,1,1,6,1,59,9,1598,1,11,8,1,8
201804SA18044,1,1,0,18,0,1,0,0,0,0,1,1,6,1,12,3,-1,-1,-1,2,1,2
201804SA18044,2,9,0,18,0,1,0,0,0,0,3,1,6,2,45,7,1796,1,15,5,1,5
201804SA18045,1,9,0,18,0,0,0,0,0,0,3,1,6,3,72,10,1364,1,12,2,1,2
201804SA18046,1,9,0,18,0,0,0,0,0,0,1,1,2,2,39,7,1240,1,14,3,1,3
201804SA18047,1,9,0,13,0,0,1,0,1,4,1,1,6,1,44,7,1998,1,16,5,1,5
201804SA18047,2,19,0,9,0,0,0,0,0,0,4,1,1,1,30,6,2198,2,2,3,1,3
201804SA18048,1,9,0,9,0,8,0,0,0,0,4,1,6,2,22,5,1995,2,10,6,2,6
201804SA18048,2,9,0,18,0,8,0,0,1,0,1,1,6,1,45,7,1598,1,15,3,1,3
201804SA18049,1,9,0,18,0,0,1,0,5,0,1,1,6,2,36,7,1229,1,11,8,2,8
201804SA18049,2,19,0,18,0,0,0,0,0,0,3,1,1,1,63,9,2148,2,12,7,1,7
201804SA18049,3,9,0,18,0,0,0,0,0,0,1,1,6,2,52,8,2996,1,10,-1,-1,-1
201804SA18049,4,9,0,18,0,0,1,0,0,0,1,1,6,1,57,9,1968,2,5,-1,2,-1
201804SA18050,1,9,0,9,0,5,0,0,0,0,1,1,2,2,26,6,1781,1,15,2,1,2
201804SA18050,2,9,0,18,0,8,0,0,0,0,1,1,6,1,59,9,1685,2,5,6,3,6
201804SA18050,3,21,0,10,0,1,0,0,0,0,1,1,1,1,32,6,10837,2,4,1,1,1
201804SA18051,1,9,0,3,0,1,0,0,0,0,1,1,6,2,31,6,1560,2,6,-1,-1,-1
201804SA18051,2,1,0,3,0,1,0,0,0,0,2,1,2,1,53,8,-1,-1,-1,10,1,10
201804SA18052,1,9,0,18,0,1,0,0,0,0,1,1,6,1,53,8,1910,2,10,4,1,4
201804SA18052,2,9,0,9,0,1,0,0,0,0,1,1,6,3,-1,-1,1461,2,2,-1,-1,-1
201804SA18053,1,9,0,9,0,1,0,0,0,0,1,1,6,3,-1,-1,1794,1,17,-1,-1,-1
201804SA18053,2,9,0,18,0,1,0,0,0,0,3,1,1,2,24,5,1560,2,1,3,1,3
201804SA18054,1,9,0,18,0,2,0,0,0,0,4,1,6,3,-1,-1,-1,-1,-1,-1,-1,-1
201804SA18055,1,19,0,18,0,1,0,0,0,0,2,1,6,1,27,6,1968,2,8,8,3,8
201804SA18055,2,9,0,10,0,1,0,0,0,0,2,1,2,2,45,7,1596,1,15,-1,-1,-1
201804SA18055,3,9,0,18,0,1,0,0,0,0,1,1,6,1,24,5,1461,2,1,-1,-1,-1
201804SA18056,1,9,0,18,0,2,0,0,0,0,4,1,6,1,49,8,1968,2,10,5,1,5
201804SA18056,2,9,0,18,0,2,0,0,0,0,3,1,6,1,41,7,1995,2,6,4,1,4
201804SA18057,1,9,0,3,0,0,0,0,0,0,1,1,6,2,32,6,2143,2,2,4,1,4
201804SA18058,1,9,0,11,0,0,0,0,0,0,0,1,6,2,48,8,1318,1,1,4,1,4
201804SA18058,2,9,0,18,0,0,1,0,1,10,4,1,6,2,53,8,1598,1,16,2,1,2
201804SA18059,1,9,0,18,0,0,0,0,0,0,1,1,6,1,22,5,1560,2,12,2,1,2
201804SA18059,2,9,0,4,0,0,0,0,0,0,2,1,6,1,29,6,2497,1,11,10,1,10
201804SA18060,1,9,0,4,0,1,0,0,0,0,1,1,2,1,20,4,-1,-1,-1,9,1,9
201804SA18060,2,90,0,18,0,1,1,7,1,0,3,1,2,1,47,8,-1,-1,-1,9,1,9
201804SA18061,1,9,0,9,0,3,1,0,0,0,4,1,6,2,37,7,1149,1,9,3,1,3
201804SA18062,1,9,0,18,0,0,1,0,0,0,1,1,6,1,21,5,1149,1,15,1,1,1
201804SA18062,2,9,0,18,0,0,0,0,0,0,1,1,1,2,28,6,1582,2,4,-1,-1,-1
201804SA18063,1,9,0,18,0,0,0,0,0,0,1,1,2,1,34,6,1560,2,7,7,1,7
201804SA18063,2,9,0,18,0,0,0,0,0,0,1,1,2,2,43,7,1997,2,6,3,1,3
201804SA18063,3,9,0,18,0,0,0,0,0,0,1,1,3,2,36,7,1299,1,17,5,1,5
201804SA18063,4,9,0,18,0,0,0,0,0,0,2,1,3,2,41,7,1560,2,4,9,1,9
201804SA18064,1,9,0,3,0,0,0,0,0,0,2,1,6,2,25,5,999,1,2,3,1,3
201804SA18064,2,9,0,4,0,0,0,0,0,0,1,1,6,2,44,7,2179,2,6,10,1,10
201804SA18065,1,9,0,9,0,8,0,0,0,0,4,1,1,1,68,10,1360,1,7,10,1,10
201804SA18065,2,1,0,18,0,8,0,0,0,0,1,1,6,1,60,9,-1,-1,-1,8,1,8
201804SA18066,1,9,0,18,0,1,0,0,0,0,1,1,6,3,-1,-1,-1,-1,-1,-1,-1,-1
201804SA18066,2,9,0,18,0,1,0,0,0,0,2,1,6,2,74,10,1198,1,2,1,1,1
201804SA18067,1,9,0,18,0,0,0,0,0,0,1,1,6,3,-1,-1,1998,2,12,-1,-1,-1
201804SA18067,2,9,0,3,0,0,0,0,0,0,2,1,2,1,26,6,1997,2,11,4,1,4
201804SA18067,3,9,0,3,0,0,0,0,0,0,2,1,6,1,51,8,1598,2,4,10,1,10
201804SA18068,1,9,0,5,0,6,0,0,0,0,1,1,6,3,-1,-1,-1,-1,-1,-1,-1,-1
201804SA18068,2,1,0,18,0,1,0,0,0,0,1,1,6,1,29,6,-1,-1,-1,-1,-1,-1
201804SA18069,1,1,0,18,0,1,0,0,1,1,4,1,6,1,13,3,-1,-1,-1,4,1,4
201804SA18069,2,9,0,18,0,1,0,0,0,0,1,1,6,2,28,6,1242,1,5,-1,-1,-1
201804SA18070,1,9,0,7,0,3,0,0,0,0,1,1,6,2,59,9,1560,2,3,3,1,3
201804SA18070,2,9,0,18,0,1,0,0,0,0,1,1,2,1,33,6,1999,2,1,6,2,6
201804SA18071,1,9,0,18,0,0,1,0,0,0,1,1,6,2,18,4,999,1,1,7,1,7
201804SA18071,2,9,0,3,0,0,0,0,4,0,4,1,6,2,50,8,998,1,2,10,1,10
201804SA18072,1,3,0,9,0,1,1,0,0,10,1,1,6,1,35,6,999,1,8,7,1,7
201804SA18073,1,3,0,7,0,0,1,0,0,0,4,1,2,2,27,6,124,1,4,5,1,5
201804SA18074,1,9,0,4,0,1,1,4,0,0,2,1,6,1,56,9,1995,2,10,7,3,7
201804SA18074,2,9,0,3,0,1,1,0,1,0,2,1,6,2,-1,-1,1951,2,13,-1,-1,-1
201804SA18075,1,9,0,18,0,2,0,0,0,0,1,1,2,1,27,6,1422,2,13,10,1,10
201804SA18075,2,9,0,18,0,8,1,0,1,1,3,1,6,2,22,5,1242,1,4,5,1,5
201804SA18076,1,9,0,5,0,8,0,0,0,0,1,1,6,2,47,8,2179,2,5,9,1,9
201804SA18077,1,3,0,15,0,1,2,0,0,0,3,1,6,1,18,4,125,1,12,6,1,6
201804SA18077,2,21,0,7,0,8,0,0,0,0,4,1,1,1,60,9,6700,2,3,9,1,9
201804SA18078,1,9,0,4,0,0,0,0,0,0,1,1,6,2,58,9,1399,1,13,10,1,10
201804SA18078,2,9,0,4,0,0,0,0,0,0,2,1,6,2,34,6,-1,3,3,6,1,6
201804SA18079,1,9,0,4,0,1,0,0,0,0,2,1,6,2,23,5,1298,1,16,2,1,2
201804SA18079,2,9,0,18,0,1,0,0,0,0,1,1,6,3,-1,-1,-1,-1,-1,-1,-1,-1
201804SA18080,1,9,0,18,0,1,0,0,0,0,1,1,6,2,22,5,1995,2,2,5,1,5
201804SA18080,2,9,0,3,0,8,0,0,0,0,2,1,6,1,77,11,1997,2,7,8,1,8
201804SA18080,3,9,0,4,0,8,0,0,0,0,2,1,6,2,59,9,1298,1,7,7,3,7
201804SA18081,1,9,0,5,0,8,0,0,0,0,4,1,6,1,68,10,1461,2,3,10,1,10
201804SA18081,2,9,0,5,0,8,0,0,0,1,3,1,6,1,45,7,1968,2,4,6,2,6
201804SA18082,1,9,0,9,9,1,0,0,1,0,1,1,6,3,-1,-1,-1,-1,-1,-1,-1,-1
201804SA18083,1,9,0,3,0,1,0,0,0,0,2,1,6,3,67,10,1360,1,13,-1,-1,-1
201804SA18083,2,9,0,3,0,1,0,0,0,0,0,1,2,2,39,7,1242,1,12,-1,-1,-1
201804SA18084,1,9,0,18,0,3,0,0,0,0,1,1,6,1,37,7,2521,1,11,1,1,1
201804SA18085,1,3,0,18,0,0,0,0,0,0,1,1,2,2,28,6,124,1,2,1,1,1
201804SA18085,2,9,0,7,0,0,0,0,0,0,2,1,2,2,55,8,1298,1,15,5,1,5
201804SA18086,1,9,0,18,0,1,0,0,0,0,0,1,6,3,-1,-1,-1,-1,-1,-1,-1,-1
201804SA18086,2,1,0,18,0,1,0,0,0,0,2,1,6,1,32,6,-1,-1,-1,1,1,1
201804SA18087,1,9,0,5,0,4,0,0,0,0,1,1,1,2,61,9,1124,1,22,-1,-1,-1
201804SA18087,2,1,0,4,0,4,1,0,0,0,1,1,2,1,18,4,-1,-1,-1,-1,-1,-1
201804SA18088,1,9,0,18,0,0,0,0,0,0,3,1,6,1,76,11,1199,2,5,1,1,1
201804SA18089,1,9,0,5,0,1,0,0,0,0,4,1,6,2,55,8,1998,1,2,7,1,7
201804SA18090,1,9,0,18,0,8,1,0,0,0,1,1,1,1,21,5,1198,1,8,3,1,3
201804SA18090,2,9,0,18,0,8,1,0,1,7,3,1,1,1,47,8,1299,1,15,3,1,3
201804SA18091,1,9,0,18,0,1,0,0,0,0,1,1,6,3,-1,-1,-1,-1,-1,-1,-1,-1
201804SA18092,1,9,0,18,0,0,0,4,0,0,1,1,6,1,41,7,1299,1,14,5,1,5
201804SA18092,2,8,0,2,0,0,0,0,0,0,2,1,1,1,62,9,1794,1,13,1,1,1
201804SA18093,1,9,0,5,0,6,0,0,0,0,1,1,6,2,62,9,1318,1,2,8,1,8
201804SA18093,2,9,0,18,0,8,0,0,0,0,1,1,2,1,43,7,1364,1,13,-1,-1,-1
201804SA18094,1,9,0,3,0,1,0,0,0,0,2,1,6,1,32,6,2987,2,2,-1,-1,-1
201804SA18094,2,9,0,18,0,1,0,0,0,0,1,1,6,2,33,6,1364,1,2,1,1,1
201804SA18095,1,9,0,18,0,0,0,0,0,0,4,1,6,1,81,11,1124,1,17,8,1,8
201804SA18096,1,9,0,5,0,2,0,0,0,0,1,1,3,2,42,7,-1,-1,-1,-1,-1,-1
201804SA18097,1,9,0,3,0,0,0,0,0,0,1,1,6,2,55,8,1995,2,-1,10,1,10
201804SA18097,2,1,0,18,0,0,0,0,0,0,1,1,6,1,44,7,-1,-1,-1,8,2,8
201804SA18098,1,9,0,18,0,8,1,0,0,0,1,1,6,1,19,4,1398,1,2,5,1,5
201804SA18098,2,8,0,7,0,8,0,0,0,0,3,1,1,1,37,7,1896,2,13,5,1,5
201804SA18099,1,9,0,5,0,8,0,0,0,0,1,1,6,3,-1,-1,-1,-1,-1,-1,-1,-1
201804SA18100,1,9,0,9,0,8,0,0,0,0,3,1,2,2,48,8,1242,1,8,4,1,4
201804SA18100,2,9,0,18,0,8,0,0,0,0,3,1,1,1,56,9,1781,1,19,4,1,4
201804SA18101,1,9,0,18,0,0,0,0,0,0,3,1,6,3,-1,-1,1242,1,6,-1,-1,-1
201804SA18102,1,9,0,18,0,0,0,0,0,0,4,1,6,2,54,8,1242,1,7,3,2,3
201804SA18103,1,1,0,18,0,1,0,0,0,0,3,1,6,1,12,3,-1,-1,-1,9,3,9
201804SA18103,2,9,0,8,0,1,0,0,0,0,1,1,6,1,57,9,1995,2,10,10,1,10
201804SA18104,1,9,0,11,0,2,0,0,0,0,4,1,6,1,59,9,1599,1,17,5,1,5
201804SA18104,2,9,0,3,0,2,0,0,0,0,1,1,6,1,73,10,-1,-1,-1,8,2,8
201804SA18105,1,9,0,4,0,1,0,0,0,0,1,1,6,2,45,7,1995,2,4,10,1,10
201804SA18105,2,9,0,3,0,1,0,0,0,0,2,1,6,2,20,4,1242,1,5,7,1,7
201804SA18105,3,9,0,3,0,1,0,0,0,0,2,1,1,1,36,7,1998,2,14,8,1,8