Accident_Index,Vehicle_Reference,Vehicle_Type,Towing_and_Articulation,Vehicle_Manoeuvre,Vehicle_Location-Restricted_Lane,Junction_Location,Skidding_and_Overturning,Hit_Object_in_Carriageway,Vehicle_Leaving_Carriageway,Hit_Object_off_Carriageway,1st_Point_of_Impact,Was_Vehicle_Left_Hand_Drive?,Journey_Purpose_of_Driver,Sex_of_Driver,Age_of_Driver,Age_Band_of_Driver,Engine_Capacity_(CC),Propulsion_Code,Age_of_Vehicle,Driver_IMD_Decile,Driver_Home_Area_Type,Vehicle_IMD_Decile
201804SA18106,1,9,0,7,0,6,0,0,0,0,1,1,6,2,35,6,998,1,8,-1,-1,-1
201804SA18106,2,9,0,18,0,1,0,4,0,0,1,1,6,2,22,5,1086,1,14,3,1,3
201804SA18106,3,9,0,2,0,2,0,0,0,0,1,1,6,3,-1,-1,1995,2,6,-1,-1,-1
201804SA18107,1,19,0,13,0,1,0,0,0,0,1,1,6,1,49,8,2143,2,4,3,1,3
201804SA18107,2,9,0,5,0,1,0,0,0,0,2,1,2,1,59,9,1956,2,5,-1,-1,-1
201804SA18107,3,9,0,5,0,2,0,0,0,0,2,1,6,2,21,5,1296,1,10,1,1,1
201804SA18107,4,19,0,5,0,2,0,0,0,0,2,1,6,1,48,8,2143,2,4,3,1,3
201804SA18108,1,21,1,18,0,0,0,0,2,0,4,1,1,1,31,6,10677,2,1,1,1,1
201804SA18108,2,9,0,18,0,0,5,11,0,0,1,1,2,1,25,5,1339,1,14,8,1,8
201804SA18108,3,9,0,18,0,0,0,11,0,0,1,1,6,2,31,6,1149,1,6,7,1,7
201804SA18109,1,9,0,18,0,8,0,0,0,0,1,1,6,1,40,7,1598,2,1,1,1,1
201804SA18109,2,9,0,18,0,8,0,0,0,0,2,1,6,1,30,6,1598,2,6,3,1,3
201804SA18110,1,19,0,18,0,0,0,0,0,0,2,1,1,1,36,7,1598,2,4,3,1,3
201804SA18110,2,9,0,3,0,0,0,0,0,0,2,1,6,1,33,6,1995,2,12,1,1,1
201804SA18111,1,9,0,18,9,1,0,0,0,0,1,1,6,1,46,8,1995,2,12,10,1,10
201804SA18111,2,1,0,18,9,1,0,0,0,0,3,1,4,1,12,3,-1,-1,-1,3,1,3
201804SA18112,1,9,0,18,0,0,0,0,0,0,1,1,6,2,20,4,1124,1,18,6,3,6
201804SA18112,2,19,0,18,0,0,0,0,0,0,2,1,6,1,38,7,1997,2,11,2,1,2
201804SA18113,1,9,0,6,0,2,0,0,0,0,1,1,6,2,47,8,1242,1,10,7,1,7
201804SA18113,2,9,0,5,0,1,0,0,0,0,1,1,6,1,29,6,1242,1,7,-1,-1,-1
201804SA18114,1,9,0,8,0,1,0,0,0,0,1,1,6,2,44,7,2231,2,11,3,1,3
201804SA18114,2,9,0,5,0,1,0,0,0,0,2,1,6,1,26,6,996,1,4,2,1,2
201804SA18115,1,11,0,4,0,0,0,0,0,0,1,1,1,2,58,9,5132,2,2,2,1,2
201804SA18116,1,19,0,17,0,4,0,0,0,0,1,1,1,1,34,6,-1,-1,-1,-1,-1,-1
201804SA18116,2,9,0,3,0,8,0,0,0,0,2,1,6,1,61,9,1199,2,6,8,1,8
201804SA18117,1,90,0,15,0,0,0,0,0,0,4,1,6,1,46,8,-1,-1,-1,10,3,10
201804SA18118,1,9,0,3,0,0,0,0,0,0,1,1,6,1,-1,-1,1198,1,14,1,1,1
201804SA18119,1,9,0,18,0,0,0,0,0,7,3,1,6,1,34,6,1149,1,11,1,1,1
201804SA18119,2,9,0,11,0,0,0,0,0,0,2,1,6,3,-1,-1,-1,-1,-1,-1,-1,-1
201804SA18120,1,9,0,18,0,8,0,0,0,0,4,1,6,2,49,8,1956,2,5,-1,-1,-1
201804SA18120,2,19,0,18,0,8,0,0,0,0,1,1,1,1,47,8,2143,2,2,4,1,4
201804SA18121,1,9,0,5,0,0,0,0,0,0,3,1,6,2,36,7,1598,1,10,-1,-1,-1
201804SA18121,2,2,0,18,0,0,0,0,0,0,1,1,6,1,16,4,-1,-1,-1,9,1,9
201804SA18122,1,9,0,13,0,1,5,0,7,0,4,1,6,2,31,6,1398,1,12,-1,-1,-1
201804SA18122,2,9,0,9,0,1,0,0,0,0,3,1,6,1,19,4,1360,1,13,-1,-1,-1
201804SA18123,1,9,0,5,0,1,0,0,0,0,1,1,1,1,56,9,2696,2,6,2,1,2
201804SA18123,2,1,0,18,0,1,0,0,0,0,2,1,6,2,48,8,-1,-1,-1,3,1,3
201804SA18124,1,9,0,1,0,0,0,0,0,0,0,1,6,1,77,11,1499,2,2,6,1,6
201804SA18125,1,9,0,4,0,1,0,0,0,0,1,1,6,1,33,6,1984,1,7,1,1,1
201804SA18125,2,9,0,4,0,1,0,0,0,0,1,2,6,1,67,10,-1,-1,-1,-1,-1,-1
201804SA18125,3,9,0,4,0,1,0,0,0,0,1,1,6,1,59,9,2967,2,5,5,3,5
201804SA18125,4,9,0,4,0,1,0,0,0,0,2,1,6,1,47,8,1997,2,4,8,1,8
201804SA18126,1,9,0,9,0,0,0,0,0,0,1,1,6,1,43,7,1896,2,11,-1,-1,-1
201804SA18126,2,9,0,18,0,0,0,0,0,0,1,1,6,1,29,6,998,1,18,2,1,2
201804SA18128,1,9,0,18,0,8,0,0,0,0,1,1,2,2,28,6,2143,2,2,8,3,8
201804SA18128,2,1,0,5,0,6,0,0,0,0,1,1,2,1,19,4,-1,-1,-1,6,1,6
201804SA18129,1,3,0,18,0,1,1,0,0,0,1,1,2,1,25,5,125,1,3,2,1,2
201804SA18129,2,9,0,10,0,1,0,0,0,0,2,1,6,1,37,7,1598,1,12,-1,-1,-1
201804SA18130,1,8,0,18,0,0,0,0,0,0,4,1,1,1,35,6,1560,2,7,-1,-1,-1
201804SA18131,1,9,0,4,0,0,0,0,0,0,1,1,6,2,44,7,1595,1,15,1,1,1
201804SA18131,2,9,0,18,0,0,0,0,0,0,2,1,2,1,52,8,2993,2,7,5,1,5
201804SA18132,1,9,0,18,0,0,1,11,1,4,1,1,6,1,18,4,1968,2,6,1,1,1
201804SA18132,2,19,0,18,0,0,0,0,1,0,1,1,6,1,49,8,2143,2,1,1,1,1
201804SA18132,3,9,4,18,0,0,0,0,0,0,0,1,1,1,49,8,-1,-1,-1,5,1,5
201804SA18133,1,9,0,4,0,1,0,0,0,0,4,1,6,3,-1,-1,2148,2,9,-1,-1,-1
201804SA18133,2,9,0,3,0,2,0,0,0,0,0,1,2,2,44,7,1560,2,1,2,1,2
201804SA18134,1,9,0,1,0,0,0,0,0,0,1,1,6,3,-1,-1,1988,1,15,-1,-1,-1
201804SA18135,1,1,0,18,9,0,0,0,0,10,1,1,6,1,50,8,-1,-1,-1,-1,-1,-1
201804SA18136,1,9,0,1,9,1,0,0,0,0,0,1,6,3,-1,-1,-1,-1,-1,-1,-1,-1
201804SA18137,1,21,1,11,0,0,0,0,0,0,4,1,1,1,63,9,11120,2,2,-1,-1,-1
201804SA18137,2,9,0,18,0,0,1,0,0,0,3,1,6,1,51,8,1896,2,14,8,1,8
201804SA18138,1,9,0,18,0,1,1,0,0,0,1,1,6,1,20,4,2980,2,22,1,1,1
201804SA18138,2,9,0,3,0,1,0,0,0,0,2,1,6,1,27,6,-1,-1,-1,4,1,4
201804SA18139,1,9,0,3,0,1,0,0,0,0,1,1,6,1,38,7,1248,1,4,-1,-1,-1
201804SA18139,2,9,0,3,0,1,0,0,0,0,2,1,6,1,43,7,1800,1,20,-1,-1,-1
201804SA18140,1,9,0,3,0,0,0,0,0,0,2,1,6,2,27,6,2204,2,12,6,1,6
201804SA18140,2,9,0,4,0,0,0,0,0,0,2,1,6,3,-1,-1,2143,2,1,-1,-1,-1
201804SA18141,1,9,0,4,0,1,0,0,0,0,1,1,2,1,67,10,-1,-1,-1,-1,-1,-1
201804SA18141,2,9,0,2,0,1,0,0,0,0,2,1,1,2,30,6,1995,2,1,-1,-1,-1
201804SA18142,1,11,0,4,0,0,0,0,0,0,1,1,6,3,-1,-1,-1,-1,-1,-1,-1,-1
201804SA18143,1,9,0,9,0,5,0,0,0,0,1,1,1,2,43,7,1364,1,9,1,1,1
201804SA18143,2,9,0,18,0,8,0,0,0,0,1,1,3,2,35,6,1686,2,6,7,1,7
201804SA18144,1,9,0,3,0,1,0,0,0,0,2,1,6,2,38,7,1995,2,5,9,1,9
201804SA18144,2,9,0,3,0,1,0,0,0,0,2,1,3,2,46,8,1248,1,2,1,1,1
201804SA18144,3,11,0,4,0,1,0,0,0,0,1,1,6,1,66,10,4250,2,16,1,1,1
201804SA18145,1,9,0,16,0,0,0,0,0,0,1,1,6,1,62,9,1461,2,-1,1,1,1
201804SA18145,2,9,0,2,9,0,0,0,0,0,1,1,6,3,-1,-1,1242,1,11,-1,-1,-1
201804SA18146,1,9,0,18,0,0,0,0,0,0,1,1,3,2,32,6,1796,1,12,-1,-1,-1
201804SA18147,1,9,0,3,0,0,0,0,0,0,0,1,2,1,56,9,1198,1,7,4,1,4
201804SA18147,2,9,0,4,0,0,0,0,0,0,1,1,6,2,48,8,1686,2,15,10,1,10
201804SA18148,1,90,0,18,0,0,0,0,0,0,1,1,6,3,-1,-1,-1,-1,-1,-1,-1,-1
201804SA18149,1,9,0,18,0,0,0,0,0,0,1,1,6,2,38,7,1968,2,8,5,1,5
201804SA18149,2,9,0,3,0,0,0,0,0,0,2,1,6,1,62,9,2998,1,-1,2,1,2
201804SA18149,3,9,0,3,0,0,0,0,0,0,0,1,6,1,78,11,1798,8,-1,2,1,2
201804SA18150,1,9,0,16,0,0,1,0,0,0,1,1,6,2,66,10,1598,1,17,9,1,9
201804SA18150,2,9,0,17,0,0,0,0,0,0,1,1,6,1,22,5,-1,-1,-1,3,1,3
201804SA18150,3,9,0,18,0,0,0,0,0,0,1,1,6,2,32,6,-1,-1,-1,2,1,2
201804SA18151,1,9,0,18,0,1,0,0,0,0,1,1,6,1,21,5,1560,2,13,-1,-1,-1
201804SA18151,2,9,0,18,0,1,0,0,0,0,0,1,1,1,31,6,2993,2,2,2,1,2
201804SA18151,3,9,0,3,0,1,0,0,0,0,1,1,6,1,46,8,1984,1,13,9,1,9
201804SA18151,4,9,0,18,0,1,0,0,0,0,1,1,6,1,35,6,1998,1,15,1,1,1
201804SA18152,1,19,0,4,0,0,0,0,0,2,1,1,6,1,69,10,2179,2,14,8,1,8
201804SA18152,2,9,0,2,9,0,0,0,0,0,4,1,6,3,-1,-1,1197,1,1,-1,-1,-1
201804SA18153,1,9,0,4,0,1,0,0,0,0,1,1,6,2,50,8,1685,2,5,10,3,10
201804SA18153,2,9,0,3,0,1,0,0,0,0,2,1,6,1,47,8,1783,7,16,5,1,5
201804SA18154,1,9,0,17,0,0,0,0,1,10,1,1,6,1,67,10,-1,-1,-1,9,1,9
201804SA18154,2,9,0,2,9,0,0,0,0,0,2,1,6,2,-1,-1,998,1,17,2,1,2
201804SA18155,1,9,0,4,0,0,0,0,0,0,2,1,1,1,26,6,1956,2,5,7,1,7
201804SA18155,2,9,0,4,0,0,0,0,0,0,1,1,1,1,67,10,1398,1,1,-1,-1,-1
201804SA18156,1,9,0,7,0,5,0,0,0,0,0,1,6,3,67,10,-1,-1,-1,-1,-1,-1
201804SA18157,1,9,0,9,0,6,0,0,0,0,1,1,6,2,70,10,1360,1,8,9,1,9
201804SA18157,2,9,0,4,0,8,0,0,0,0,1,1,6,2,53,8,-1,-1,-1,7,1,7
201804SA18157,3,4,0,18,0,8,0,0,7,0,1,1,1,2,25,5,125,1,17,3,1,3
201804SA18158,1,9,0,18,0,0,0,0,0,0,1,1,6,3,-1,-1,-1,-1,-1,-1,-1,-1
201804SA18158,2,1,0,18,0,0,0,0,0,0,0,1,6,1,12,3,-1,-1,-1,6,1,6
201804SA18159,1,9,0,10,0,0,0,0,0,0,4,1,6,1,67,10,1597,1,19,6,2,6
201804SA18159,2,1,0,18,0,0,0,0,0,0,0,1,6,1,44,7,-1,-1,-1,4,1,4
201804SA18160,1,8,0,12,0,0,1,0,1,0,1,1,6,1,28,6,1956,2,3,-1,1,-1
201804SA18160,2,20,0,18,0,0,0,0,1,0,2,1,1,2,26,6,6700,2,1,8,3,8
201804SA18160,3,10,0,18,0,0,0,0,0,0,2,1,6,1,43,7,-1,-1,-1,-1,-1,-1
201804SA18161,1,17,5,18,0,0,0,0,0,0,0,1,1,1,32,6,-1,2,2,10,3,10
201804SA18162,1,90,0,4,0,0,0,0,0,0,1,1,6,1,-1,-1,-1,-1,-1,1,1,1
201804SA18163,1,9,0,18,0,8,0,0,1,0,1,1,6,3,-1,-1,-1,-1,-1,-1,-1,-1
201804SA18163,2,9,0,18,0,8,0,0,0,0,4,1,6,1,34,6,1968,2,6,2,1,2
201804SA18164,1,9,0,18,0,1,0,0,0,0,1,1,6,2,50,8,-1,-1,-1,4,1,4
201804SA18164,2,19,0,18,0,1,0,0,0,0,2,1,1,1,52,8,2143,2,3,9,3,9
201804SA18165,1,9,0,10,0,2,0,0,0,0,2,1,6,1,-1,-1,1598,2,4,3,1,3
201804SA18165,2,1,0,18,0,1,0,0,0,0,0,1,6,1,27,6,-1,-1,-1,9,1,9
201804SA18166,1,19,0,9,0,8,0,0,0,0,1,1,6,1,60,9,-1,-1,-1,7,1,7
201804SA18166,2,9,0,18,0,1,0,0,0,0,4,1,6,2,29,6,1995,2,6,4,1,4
201804SA18167,1,9,0,18,0,8,0,0,0,0,4,1,6,1,55,8,999,1,-1,1,1,1
201804SA18167,2,9,0,18,0,8,0,0,0,0,1,1,6,1,25,5,1798,1,2,10,1,10
201804SA18168,1,9,0,6,0,8,0,0,0,0,1,1,1,2,49,8,1499,2,4,-1,-1,-1
201804SA18168,2,9,0,18,0,3,1,0,0,0,4,1,2,2,41,7,1560,2,6,7,1,7
201804SA18169,1,21,0,7,0,1,0,0,0,0,3,1,1,1,67,10,7201,2,13,1,1,1
201804SA18169,2,9,0,3,0,1,0,0,0,0,2,1,6,2,66,10,1390,1,10,5,1,5
201804SA18170,1,9,0,9,0,6,0,0,0,0,1,1,6,1,79,11,1364,1,13,1,1,1
201804SA18170,2,5,0,18,0,8,0,0,0,0,4,1,6,1,70,10,649,1,1,9,2,9
201804SA18171,1,9,0,3,0,1,0,0,0,0,2,1,6,1,75,10,1968,2,5,4,2,4
201804SA18171,2,9,0,18,0,1,0,0,0,0,1,1,6,1,19,4,1332,1,11,1,1,1
201804SA18172,1,9,0,5,0,1,0,0,0,0,1,1,3,2,39,7,1242,1,10,7,1,7
201804SA18173,1,9,0,18,0,0,0,0,0,0,1,1,6,2,58,9,1242,1,9,10,1,10
201804SA18173,2,1,0,18,0,0,0,0,0,0,1,1,6,1,10,2,-1,-1,-1,-1,-1,-1
201804SA18174,1,9,0,5,0,1,0,0,0,0,1,1,6,2,46,8,1598,1,12,2,1,2
201804SA18174,2,9,0,4,0,1,0,0,0,0,1,1,1,1,21,5,1149,1,12,4,1,4
201804SA18175,1,9,0,5,0,0,0,0,0,0,2,1,6,1,83,11,1242,1,4,10,1,10
201804SA18176,1,9,0,5,0,1,0,0,0,0,1,1,6,2,42,7,1197,1,1,9,3,9
201804SA18176,2,9,0,3,0,2,0,0,0,0,2,1,6,2,27,6,1968,2,5,5,1,5
201804SA18177,1,9,0,11,0,0,0,0,0,0,4,1,6,1,70,10,1461,2,14,1,1,1
201804SA18177,2,5,0,18,0,0,0,0,0,0,3,1,6,1,77,11,1170,1,12,5,3,5
201804SA18178,1,9,0,18,0,0,0,0,0,0,1,1,6,1,17,4,1149,1,13,7,1,7
201804SA18178,2,9,0,3,0,0,0,0,0,0,2,1,6,1,24,5,1360,1,10,-1,-1,-1
201804SA18179,1,9,0,14,0,0,0,0,0,0,3,1,6,2,73,10,998,1,8,9,1,9
201804SA18179,2,3,0,14,0,0,0,0,0,0,4,1,2,1,28,6,124,1,1,3,1,3
201804SA18180,1,9,0,1,0,0,0,0,0,0,2,1,6,3,-1,-1,-1,-1,-1,-1,-1,-1
201804SA18180,2,9,0,2,0,0,0,0,0,0,2,1,6,1,29,6,1968,2,10,3,1,3
201804SA18181,1,9,0,9,0,5,0,0,0,0,1,1,6,1,19,4,999,1,1,5,1,5
201804SA18181,2,1,0,18,0,1,0,0,0,0,1,1,6,1,52,8,-1,-1,-1,8,2,8
201804SA18182,1,5,0,13,0,0,2,0,7,0,1,1,6,1,38,7,998,1,8,9,1,9
201804SA18182,2,9,0,18,0,0,0,0,0,0,0,1,6,1,68,10,998,1,-1,-1,-1,-1
201804SA18182,3,9,0,18,0,0,0,0,0,0,0,1,6,1,33,6,1968,2,5,2,1,2
201804SA18183,1,9,0,6,0,0,0,0,0,0,1,1,6,1,55,8,1398,2,10,4,1,4
201804SA18183,2,9,0,13,0,0,0,0,0,0,1,1,6,2,24,5,998,1,4,2,1,2
201804SA18184,1,9,3,18,0,2,4,0,0,0,0,1,6,1,71,10,2497,2,12,7,1,7
201804SA18185,1,9,0,7,0,8,1,0,1,10,1,1,6,2,24,5,998,1,14,8,2,8
201804SA18186,1,9,0,5,0,1,0,0,0,0,1,1,6,1,49,8,1364,1,3,7,2,7
201804SA18187,1,9,0,18,0,1,0,0,0,0,4,1,2,2,29,6,1595,1,1,-1,-1,-1
201804SA18187,2,9,0,18,0,1,0,0,0,0,3,1,6,2,35,6,998,1,1,-1,-1,-1
201804SA18188,1,9,0,9,0,1,0,0,0,0,1,1,6,1,62,9,1396,1,7,-1,-1,-1
201804SA18188,2,5,0,5,0,1,0,0,7,10,1,1,6,1,73,10,847,1,4,5,1,5
201804SA18189,1,9,0,18,0,0,1,0,1,4,1,1,6,1,63,9,1769,1,16,3,1,3
201804SA18190,1,9,0,18,0,8,0,0,1,1,1,1,6,1,24,5,2148,2,10,4,1,4
201804SA18190,2,9,0,5,0,4,0,0,1,1,3,1,1,1,55,8,1461,2,8,10,2,10
201804SA18191,1,9,0,16,0,0,2,0,1,0,4,1,6,2,29,6,796,1,9,-1,-1,-1
201804SA18192,1,9,0,16,0,0,1,0,7,7,3,1,2,1,22,5,998,1,2,2,1,2
201804SA18193,1,4,0,5,0,0,0,0,0,0,0,1,6,3,-1,-1,-1,-1,-1,-1,-1,-1
201804SA18194,1,9,0,11,0,0,0,0,0,1,3,1,2,1,42,7,1198,1,15,3,1,3
201804SA18194,2,9,0,18,0,0,0,0,0,0,4,1,6,2,40,7,1685,2,1,4,1,4
201804SA18195,1,19,0,18,0,7,0,0,1,0,3,1,6,1,25,5,2143,2,6,1,1,1
201804SA18195,2,19,0,9,0,8,0,0,0,0,4,1,1,1,49,8,2143,2,1,-1,-1,-1
201804SA18196,1,9,0,10,0,6,0,0,0,0,1,1,2,2,76,11,1198,1,14,9,1,9
201804SA18196,2,1,0,9,0,8,0,0,0,0,1,1,6,1,82,11,-1,-1,-1,9,1,9
201804SA18197,1,9,0,18,0,4,0,0,0,0,3,1,6,1,20,4,898,1,-1,7,3,7
201804SA18197,2,9,0,18,0,8,0,0,0,0,2,1,6,2,64,9,1598,1,6,9,1,9
201804SA18198,1,9,0,9,0,8,0,0,0,0,1,1,6,1,38,7,1598,2,4,10,1,10
201804SA18198,2,1,0,14,0,8,0,0,0,0,3,1,6,1,44,7,-1,-1,-1,6,1,6
201804SA18199,1,9,0,7,0,0,0,0,0,0,0,1,6,1,61,9,1198,1,9,10,1,10
201804SA18199,2,1,0,18,0,0,0,0,0,0,4,1,6,1,34,6,-1,-1,-1,10,2,10
201804SA18200,1,9,0,18,0,0,0,0,0,0,0,1,6,1,62,9,5998,1,3,-1,-1,-1
201804SA18201,1,9,0,18,0,1,0,0,0,0,0,1,6,1,21,5,1598,1,13,-1,-1,-1
201804SA18201,2,1,0,18,0,1,0,0,0,0,0,1,6,1,22,5,-1,-1,-1,2,1,2
201804SA18202,1,9,0,18,0,8,0,0,0,0,1,1,2,1,19,4,1582,2,4,5,1,5
201804SA18202,2,9,0,5,0,8,0,0,0,0,2,1,6,2,35,6,1560,2,13,1,1,1
201804SA18203,1,9,0,7,0,1,1,0,0,0,1,1,6,3,-1,-1,-1,-1,-1,-1,-1,-1
201804SA18203,2,3,0,18,0,1,2,0,0,0,2,1,2,1,26,6,125,1,-1,3,1,3
201804SA18204,1,9,0,18,0,6,0,0,0,0,3,1,1,2,23,5,1461,2,10,1,1,1
201804SA18204,2,11,0,5,0,1,0,0,0,0,4,1,1,1,57,9,4760,2,5,1,1,1
201804SA18205,1,9,0,9,0,0,0,0,0,0,3,1,1,1,21,5,998,1,3,1,1,1
201804SA18205,2,9,0,18,0,0,0,0,0,0,1,1,2,2,21,5,1395,1,2,9,1,9
201804SA18206,1,9,0,18,0,1,0,0,0,0,1,1,1,1,35,6,999,1,1,1,1,1
201804SA18206,2,9,0,3,0,1,0,0,0,0,2,1,2,1,22,5,1242,1,6,8,1,8
201804SA18206,3,9,0,3,0,1,0,0,0,0,1,1,2,1,38,7,1968,2,1,-1,-1,-1
201804SA18207,1,9,0,9,0,1,0,0,0,0,3,1,6,1,44,7,1668,1,14,2,1,2
201804SA18207,2,5,0,14,0,1,0,0,0,0,4,1,6,1,25,5,1340,1,10,5,1,5
201804SA18208,1,9,0,1,0,0,1,0,0,10,2,1,6,2,28,6,2268,2,1,3,1,3
201804SA18209,1,9,0,5,0,0,0,0,0,0,1,1,6,1,24,5,1995,2,4,1,1,1
201804SA18210,1,5,0,12,0,8,0,0,0,0,3,1,6,2,57,9,865,1,2,7,1,7
201804SA18210,2,9,0,16,0,8,0,0,0,0,4,1,2,1,67,10,3000,1,14,9,1,9
201804SA18211,1,9,0,9,0,8,0,0,0,0,4,1,6,2,46,8,2993,2,8,10,1,10
201804SA18211,2,1,0,18,0,8,0,0,0,0,1,1,2,1,37,7,-1,-1,-1,10,1,10
201804SA18212,1,9,0,9,0,8,0,0,0,0,1,1,3,1,38,7,1400,1,12,3,1,3
201804SA18212,2,9,0,18,0,8,0,0,0,0,4,1,2,1,44,7,-1,-1,-1,-1,-1,-1
201804SA18213,1,9,0,9,0,8,0,0,0,0,3,1,6,1,55,8,2143,2,2,10,1,10
201804SA18213,2,5,0,13,0,1,0,0,7,0,4,1,6,1,26,6,649,1,2,9,2,9
201804SA18214,1,1,0,18,0,8,0,0,0,0,1,1,6,1,26,6,-1,-1,-1,2,1,2
201804SA18214,2,5,0,18,0,8,0,0,0,0,3,1,6,1,63,9,499,1,4,7,1,7
201804SA18215,1,9,0,18,0,0,0,0,0,0,3,1,6,1,51,8,1396,1,18,3,1,3
201804SA18216,1,9,0,18,0,0,0,0,0,0,1,1,6,3,-1,-1,-1,-1,-1,-1,-1,-1
201804SA18217,1,1,0,5,0,1,0,0,0,0,4,1,6,1,32,6,-1,-1,-1,1,1,1
201804SA18217,2,8,0,5,0,1,0,0,0,0,3,1,1,1,34,6,2143,2,4,1,1,1
201804SA18218,1,9,0,9,0,8,0,0,8,1,1,1,6,1,21,5,1242,1,11,1,1,1
201804SA18218,2,9,0,18,0,8,0,0,1,1,1,1,6,1,36,7,2993,2,7,5,1,5
201804SA18219,1,9,0,18,9,0,0,0,1,10,1,1,6,2,46,8,1422,2,13,4,1,4
201804SA18220,1,9,0,18,0,0,0,0,0,0,1,1,6,1,52,8,3724,1,12,5,2,5
201804SA18220,2,9,0,18,0,0,0,0,0,0,2,1,6,1,29,6,1686,2,13,1,1,1
201804SA18220,3,9,0,18,0,0,0,0,0,0,2,1,6,2,56,9,1124,1,12,6,1,6
201804SA18220,4,9,0,18,0,0,0,0,0,0,2,1,1,1,61,9,1242,1,4,3,1,3
201804SA18221,1,9,0,18,0,0,0,0,0,0,4,1,6,2,42,7,1968,2,7,1,1,1
201804SA18224,1,9,0,18,0,0,0,0,0,0,1,1,6,1,23,5,1995,2,10,2,1,2
201804SA18224,2,9,0,4,0,0,0,0,0,0,2,1,6,1,41,7,1329,1,9,2,1,2
201804SA18225,1,9,0,18,0,0,0,0,0,0,1,1,6,3,-1,-1,-1,-1,-1,-1,-1,-1
201804SA18225,2,1,0,18,0,0,5,0,0,0,2,1,2,1,48,8,-1,-1,-1,10,1,10
201804SA18226,1,9,0,4,0,0,0,0,0,0,1,1,6,2,61,9,1497,8,2,2,1,2
201804SA18226,2,9,0,3,0,0,0,0,0,0,2,1,2,1,42,7,-1,-1,-1,7,3,7
201804SA18226,3,9,0,3,0,0,0,0,0,0,2,1,6,2,18,4,-1,-1,-1,8,3,8
201804SA18227,1,9,0,4,0,1,0,0,0,0,1,1,6,1,29,6,1248,2,8,-1,-1,-1
201804SA18227,2,9,0,4,0,1,0,0,0,0,1,1,6,1,35,6,1956,2,9,-1,-1,-1
201804SA18227,3,9,0,3,0,1,0,0,0,0,2,1,6,2,57,9,1796,1,14,2,1,2
201804SA18227,4,9,0,3,0,1,0,0,0,0,2,1,6,1,50,8,1598,1,13,2,1,2
201804SA18228,1,9,0,18,0,8,0,0,0,0,4,1,6,1,22,5,1998,1,14,9,2,9
201804SA18228,2,9,0,18,0,8,0,0,0,0,1,1,6,1,61,9,998,1,1,7,3,7
201804SA18229,1,9,0,10,0,1,0,0,0,0,2,1,6,1,22,5,1997,2,10,7,3,7
201804SA18229,2,9,0,3,0,1,0,0,0,0,1,1,2,2,37,7,1496,2,2,5,1,5
201804SA18229,3,9,0,18,0,1,0,0,0,0,1,1,6,2,47,8,1242,1,2,6,1,6
201804SA18230,1,9,0,1,0,0,0,0,0,0,2,1,6,3,-1,-1,-1,-1,-1,-1,-1,-1
201804SA18231,1,9,0,18,0,1,0,0,0,0,1,1,6,1,67,10,998,1,-1,2,1,2
201804SA18231,2,9,0,10,0,1,1,0,0,0,2,1,6,2,69,10,1596,1,2,1,1,1
201804SA18232,1,9,0,18,0,1,0,0,0,0,1,1,1,1,24,5,1798,1,14,1,1,1
201804SA18232,2,9,0,18,0,1,0,0,0,0,3,1,2,2,64,9,998,1,10,6,3,6
201804SA18233,1,9,0,9,0,5,0,0,0,0,1,1,6,1,45,7,2993,2,1,9,1,9
201804SA18233,2,3,0,18,0,1,2,0,0,0,3,1,6,1,21,5,124,1,10,1,1,1
201804SA18233,3,9,0,3,0,1,0,0,0,0,3,1,2,2,43,7,1242,1,4,9,3,9
201804SA18234,1,9,0,18,0,0,0,0,0,0,1,1,6,3,-1,-1,1910,2,16,-1,-1,-1
201804SA18234,2,9,0,2,0,0,0,11,0,0,2,1,2,1,19,4,1598,2,5,10,1,10
201804SA18234,3,9,0,18,0,0,0,0,0,0,2,1,2,1,29,6,2720,2,10,10,2,10
201804SA18235,1,9,0,10,0,0,0,0,0,0,1,1,6,2,54,8,1968,2,3,9,3,9
201804SA18235,2,9,0,18,0,0,0,0,0,0,4,1,6,1,70,10,1781,1,15,10,1,10
201804SA18236,1,9,0,11,0,0,2,0,1,0,1,1,6,2,62,9,999,1,8,6,1,6
201804SA18237,1,9,0,18,0,8,0,0,0,0,0,1,6,3,-1,-1,-1,-1,-1,-1,-1,-1
201804SA18237,2,8,0,18,0,8,0,0,0,0,0,1,1,1,45,7,199,2,8,5,1,5
201804SA18238,1,9,0,4,0,1,1,0,0,0,2,1,6,2,42,7,1364,1,2,5,1,5
201804SA18238,2,9,0,3,0,1,0,0,0,0,2,1,6,1,61,9,2143,2,1,7,1,7
201804SA18239,1,9,0,18,0,0,0,0,0,0,1,1,2,2,31,6,1560,2,9,7,3,7
201804SA18239,2,9,0,3,0,0,0,0,0,0,2,1,2,2,29,6,-1,-1,-1,3,1,3
201804SA18239,3,9,0,3,0,0,0,0,0,0,2,1,2,1,29,6,1299,1,17,2,1,2
201804SA18240,1,9,0,14,0,0,0,0,0,0,1,1,6,3,67,10,-1,-1,-1,-1,-1,-1
201804SA18241,1,9,0,7,0,8,0,0,0,0,4,1,6,2,60,9,1490,1,13,9,1,9
201804SA18241,2,1,0,18,0,8,0,0,0,0,1,1,6,1,63,9,-1,-1,-1,10,1,10
201804SA18242,1,9,0,18,0,0,0,0,0,0,4,1,6,3,-1,-1,-1,-1,-1,-1,-1,-1
201804SA18243,1,9,0,3,0,1,0,0,1,0,1,1,6,2,52,8,1994,1,12,8,1,8
201804SA18243,2,9,0,4,0,1,0,0,0,0,2,1,6,2,49,8,1997,2,13,5,1,5