Accident_Index,Vehicle_Reference,Vehicle_Type,Towing_and_Articulation,Vehicle_Manoeuvre,Vehicle_Location-Restricted_Lane,Junction_Location,Skidding_and_Overturning,Hit_Object_in_Carriageway,Vehicle_Leaving_Carriageway,Hit_Object_off_Carriageway,1st_Point_of_Impact,Was_Vehicle_Left_Hand_Drive?,Journey_Purpose_of_Driver,Sex_of_Driver,Age_of_Driver,Age_Band_of_Driver,Engine_Capacity_(CC),Propulsion_Code,Age_of_Vehicle,Driver_IMD_Decile,Driver_Home_Area_Type,Vehicle_IMD_Decile
201804SA18390,1,9,0,4,0,1,0,0,0,0,1,1,6,1,24,5,1753,2,10,2,1,2
201804SA18390,2,9,0,3,0,1,0,0,0,0,2,1,6,2,32,6,-1,-1,-1,4,1,4
201804SA18390,3,9,0,3,0,1,0,0,0,0,2,1,6,1,41,7,-1,-1,-1,5,1,5
201804SA18390,4,9,0,3,0,1,0,0,0,0,2,1,6,2,33,6,1461,2,10,8,2,8
201804SA18391,1,9,0,18,0,0,0,0,0,0,1,1,6,1,33,6,1587,1,12,1,1,1
201804SA18392,1,90,0,3,0,0,0,0,0,0,0,1,6,1,50,8,-1,-1,-1,6,1,6
201804SA18392,2,90,0,5,0,0,0,4,0,0,4,1,6,3,-1,-1,-1,-1,-1,-1,-1,-1
201804SA18393,1,9,0,18,0,0,0,0,0,0,3,1,6,2,21,5,998,1,-1,2,1,2
201804SA18394,1,9,0,18,0,0,1,0,5,6,1,1,2,1,68,10,1591,1,4,-1,3,-1
201804SA18394,2,9,0,18,0,0,1,0,0,0,1,1,2,1,40,7,1461,2,-1,4,3,4
201804SA18395,1,9,0,18,0,0,0,0,0,0,2,1,6,3,-1,-1,-1,-1,-1,-1,-1,-1
201804SA18396,1,9,3,1,0,0,0,0,0,0,2,1,6,3,-1,-1,1998,2,10,-1,-1,-1
201804SA18396,2,9,0,18,0,0,0,0,0,0,1,1,6,1,34,6,1242,1,14,3,1,3
201804SA18397,1,9,0,18,0,8,0,0,0,0,4,1,1,2,31,6,1461,2,1,7,1,7
201804SA18397,2,9,0,18,0,8,0,0,0,0,1,1,6,1,28,6,1598,2,2,9,3,9
201804SA18398,1,9,0,10,0,0,0,0,0,0,1,1,1,1,21,5,1242,1,2,5,1,5
201804SA18398,2,5,0,18,0,0,0,0,0,0,1,1,1,1,49,8,750,1,6,3,1,3
201804SA18399,1,9,0,18,0,1,0,4,1,0,1,1,6,1,50,8,1400,2,11,8,1,8
201804SA18399,2,9,0,1,0,1,0,0,0,0,2,1,6,1,24,5,1995,2,13,7,1,7
201804SA18399,3,9,0,3,0,2,0,0,0,0,2,1,6,2,34,6,1388,1,16,8,1,8
201804SA18400,1,9,0,7,0,8,0,0,0,0,2,1,6,1,69,10,3239,1,22,8,1,8
201804SA18400,2,9,0,4,0,8,0,0,0,0,2,1,2,1,45,7,1197,1,5,8,1,8
201804SA18400,3,9,0,7,0,8,0,0,0,0,1,1,6,2,75,10,998,1,6,5,1,5
201804SA18401,1,21,4,6,0,1,0,0,1,1,1,1,1,1,40,7,12902,2,3,4,1,4
201804SA18401,2,9,0,4,0,4,0,0,0,0,2,1,6,1,63,9,1598,1,7,1,1,1
201804SA18402,1,1,0,9,0,0,0,0,1,0,3,1,4,1,15,3,-1,-1,-1,9,3,9
201804SA18402,2,9,0,18,0,0,0,0,0,0,1,1,2,2,56,9,998,1,10,7,1,7
201804SA18403,1,21,0,11,0,1,0,0,0,0,1,1,1,1,54,8,6692,2,10,3,1,3
201804SA18403,2,9,0,18,0,1,2,0,0,0,3,1,6,1,65,9,-1,-1,-1,6,1,6
201804SA18404,1,9,0,5,0,8,0,0,0,0,0,1,1,1,37,7,2987,2,1,9,3,9
201804SA18405,1,9,0,18,0,1,0,0,0,0,1,1,2,2,20,4,1368,1,9,1,1,1
201804SA18405,2,19,0,4,0,1,0,0,0,0,2,1,1,1,39,7,2402,2,7,1,1,1
201804SA18406,1,9,0,7,0,0,0,0,0,0,3,1,6,1,55,8,1560,2,12,2,1,2
201804SA18406,2,3,0,18,0,0,0,0,0,0,1,1,6,1,31,6,125,1,8,2,1,2
201804SA18407,1,9,0,18,0,0,0,0,0,0,1,1,2,2,26,6,1388,1,16,3,1,3
201804SA18408,1,9,0,18,0,0,0,0,0,0,1,1,6,2,28,6,1242,1,11,3,1,3
201804SA18408,2,9,0,2,0,0,0,0,0,0,1,1,6,3,-1,-1,1198,1,1,-1,-1,-1
201804SA18408,3,9,0,2,0,0,0,0,0,0,2,1,6,3,-1,-1,998,1,5,-1,-1,-1
201804SA18408,4,9,0,2,0,0,0,0,0,0,2,1,6,3,-1,-1,1339,1,7,-1,-1,-1
201804SA18409,1,19,0,12,0,0,0,0,0,0,1,1,1,1,35,6,12902,2,2,6,1,6
201804SA18409,2,9,0,3,0,0,0,0,0,0,2,1,6,1,44,7,1798,1,12,10,1,10
201804SA18409,3,9,0,3,0,0,0,0,0,0,2,1,6,1,27,6,1395,1,1,10,1,10
201804SA18410,1,9,0,18,0,0,1,0,1,4,1,1,6,1,24,5,1560,2,5,9,1,9
201804SA18411,1,9,0,5,0,1,0,0,0,0,1,1,6,3,-1,-1,-1,-1,-1,-1,-1,-1
201804SA18411,2,1,0,18,0,8,0,0,0,0,2,1,4,1,13,3,-1,-1,-1,1,1,1
201804SA18412,1,9,0,9,0,8,5,0,0,1,1,1,6,1,19,4,1397,1,14,1,1,1
201804SA18413,1,9,0,5,0,0,0,0,0,0,1,1,6,1,51,8,1598,2,3,3,1,3
201804SA18414,1,9,0,12,0,3,0,0,0,0,3,1,6,2,22,5,1229,1,7,2,1,2
201804SA18414,2,9,0,16,0,3,0,0,0,0,1,1,6,2,45,7,2835,2,22,3,1,3
201804SA18415,1,9,0,18,0,0,2,0,0,0,1,1,6,1,32,6,1398,2,11,-1,-1,-1
201804SA18416,1,3,0,7,9,5,1,0,0,0,0,1,6,1,14,3,-1,-1,-1,3,1,3
201804SA18417,1,10,0,5,0,6,0,0,0,0,1,1,1,1,67,10,-1,-1,-1,6,2,6
201804SA18418,1,9,0,4,0,8,0,0,0,0,2,1,6,1,20,4,1499,2,1,2,1,2
201804SA18418,2,9,0,4,0,8,0,0,0,0,1,1,1,1,54,8,-1,-1,-1,8,2,8
201804SA18419,1,11,0,18,0,0,0,0,0,0,0,1,1,1,47,8,4250,2,11,5,1,5
201804SA18420,1,9,0,18,0,0,0,0,0,0,1,1,1,2,24,5,998,1,12,2,1,2
201804SA18420,2,8,0,18,0,0,0,0,0,0,0,1,1,1,46,8,-1,-1,-1,2,1,2
201804SA18420,3,9,0,3,0,0,0,0,0,0,2,1,1,1,24,5,999,1,1,3,1,3
201804SA18421,1,9,0,16,0,0,0,0,0,0,4,1,6,3,-1,-1,-1,-1,-1,-1,-1,-1
201804SA18422,1,9,0,18,0,0,0,0,0,0,1,1,6,1,47,8,1995,2,16,1,1,1
201804SA18422,2,9,0,4,0,0,0,0,0,0,2,1,6,1,60,9,1242,1,7,3,1,3
201804SA18422,3,9,0,18,0,0,0,0,0,0,2,1,6,1,68,10,1499,1,2,6,1,6
201804SA18423,1,9,0,18,0,1,0,0,0,0,1,1,6,3,-1,-1,-1,-1,-1,-1,-1,-1
201804SA18424,1,8,0,1,0,0,0,0,0,0,1,1,1,1,39,7,1560,2,8,3,1,3
201804SA18424,2,9,0,1,0,0,0,0,0,0,0,1,6,1,23,5,999,1,3,-1,-1,-1
201804SA18425,1,9,0,18,0,8,0,0,0,0,4,1,6,1,18,4,1198,1,8,-1,-1,-1
201804SA18425,2,9,0,18,0,1,0,0,0,0,1,1,6,1,51,8,2967,2,3,-1,-1,-1
201804SA18426,1,9,0,18,0,0,0,0,0,0,1,1,6,1,23,5,1995,2,6,5,1,5
201804SA18426,2,9,0,18,0,0,0,0,0,0,2,1,6,2,30,6,1388,1,10,-1,-1,-1
201804SA18427,1,9,0,18,0,4,1,10,3,1,0,1,6,1,32,6,2393,1,13,5,1,5
201804SA18428,1,9,0,18,0,0,0,0,0,0,1,1,6,1,28,6,2179,2,8,8,3,8
201804SA18428,2,9,0,3,0,0,0,0,0,0,2,1,6,1,38,7,1998,1,1,8,1,8
201804SA18429,1,9,0,5,0,1,0,0,0,0,1,1,6,1,22,5,1968,2,5,3,3,3
201804SA18429,2,9,0,18,0,1,0,0,0,0,1,1,6,1,83,11,1298,1,15,9,2,9
201804SA18430,1,9,0,5,0,0,0,0,0,0,0,1,6,3,-1,-1,-1,-1,-1,-1,-1,-1
201804SA18430,2,1,0,5,0,0,0,0,0,0,0,1,6,1,15,3,-1,-1,-1,2,1,2
201804SA18431,1,8,0,5,0,0,0,0,0,0,0,1,1,3,-1,-1,1896,2,11,-1,-1,-1
201804SA18432,1,9,0,18,0,1,0,4,0,6,1,1,6,1,22,5,1968,2,10,4,1,4
201804SA18432,2,9,0,3,0,1,0,0,0,0,2,1,6,2,58,9,1796,1,12,4,1,4
201804SA18432,3,9,0,2,0,1,0,0,0,0,2,1,6,1,47,8,-1,-1,-1,7,3,7
201804SA18432,4,9,0,18,0,1,0,0,0,0,1,1,6,1,30,6,-1,-1,-1,-1,-1,-1
201804SA18432,5,9,0,18,0,1,0,0,0,0,2,1,6,1,70,10,1995,1,38,9,2,9
201804SA18433,1,9,0,18,0,1,0,0,0,0,1,1,2,1,64,9,1791,8,7,7,1,7
201804SA18435,1,19,0,4,0,2,1,0,0,0,1,1,1,1,56,9,5132,2,2,1,1,1
201804SA18435,2,9,0,3,0,1,0,0,0,0,2,1,6,2,54,8,1560,2,13,10,1,10
201804SA18435,3,9,0,3,0,1,0,0,0,0,2,1,2,1,85,11,1968,2,6,-1,-1,-1
201804SA18435,4,9,0,3,0,1,0,0,0,0,2,1,2,2,49,8,2993,2,1,3,1,3
201804SA18436,1,9,0,4,0,1,0,0,0,0,1,1,6,3,-1,-1,1796,1,12,-1,-1,-1
201804SA18436,2,9,0,8,0,1,0,0,0,0,2,1,6,2,53,8,1299,1,14,1,1,1
201804SA18437,1,9,0,4,0,1,0,0,0,0,1,1,3,2,26,6,1248,2,9,-1,-1,-1
201804SA18438,1,9,0,18,0,0,0,4,0,0,1,1,3,2,36,7,1339,1,14,2,1,2
201804SA18438,2,9,0,2,0,0,0,4,0,0,1,1,6,3,-1,-1,1248,2,11,-1,-1,-1
201804SA18438,3,9,0,2,0,0,0,0,0,0,2,1,6,3,-1,-1,-1,-1,-1,-1,-1,-1
201804SA18438,4,9,0,18,0,0,0,0,0,0,3,1,6,2,37,7,2993,2,6,6,1,6
201804SA18439,1,9,0,18,0,0,0,4,0,0,1,1,2,1,49,8,1360,1,8,3,1,3
201804SA18439,2,21,1,2,0,0,0,0,0,0,1,1,6,1,57,9,12809,2,-1,5,1,5
201804SA18440,1,8,0,18,0,0,0,0,0,0,2,1,1,1,54,8,1497,8,12,1,1,1
201804SA18440,2,9,0,5,0,0,0,0,0,0,2,1,6,3,18,4,1398,2,4,-1,-1,-1
201804SA18441,1,9,0,5,0,1,0,0,0,0,4,1,6,3,-1,-1,-1,-1,-1,-1,-1,-1
201804SA18441,2,1,0,18,0,1,0,0,0,0,0,1,6,1,42,7,-1,-1,-1,-1,-1,-1
201804SA18442,1,9,0,18,0,3,1,0,1,4,1,1,2,2,18,4,1242,1,8,-1,-1,-1
201804SA18443,1,19,0,18,0,0,0,0,0,0,1,1,1,1,29,6,1870,2,14,2,1,2
201804SA18443,2,9,0,18,0,0,0,0,0,0,2,1,6,1,19,4,1598,2,2,1,1,1
201804SA18444,1,9,0,5,0,1,0,0,0,0,1,1,6,1,26,6,1397,1,15,8,1,8
201804SA18444,2,9,0,3,0,1,0,0,0,0,2,1,6,1,40,7,1587,1,11,1,1,1
201804SA18445,1,9,0,18,0,0,1,0,0,0,1,1,6,1,41,7,2987,2,11,4,-1,4
201804SA18445,2,19,0,18,0,0,1,0,0,0,2,1,1,1,38,7,2461,2,11,6,-1,6
201804SA18445,3,19,0,18,0,0,1,0,0,0,3,1,1,1,39,7,1598,2,4,1,1,1
201804SA18447,1,9,0,10,0,0,0,0,0,0,2,1,6,2,45,7,1496,2,3,8,2,8
201804SA18447,2,9,0,18,0,0,0,0,0,0,1,1,6,2,71,10,998,1,1,10,1,10
201804SA18448,1,9,0,18,0,0,1,0,0,10,1,1,6,1,30,6,1596,1,11,1,1,1
201804SA18449,1,9,0,5,0,8,0,0,0,0,3,1,6,2,18,4,1490,1,12,9,-1,9
201804SA18449,2,9,0,18,0,1,0,0,0,0,3,1,6,2,43,7,1560,2,6,3,1,3
201804SA18450,1,9,0,18,0,1,0,0,0,0,4,1,1,1,18,4,1956,2,4,-1,-1,-1
201804SA18450,2,1,0,18,0,1,0,0,1,0,3,1,1,1,60,9,-1,-1,-1,10,1,10
201804SA18451,1,9,0,18,0,0,0,0,0,0,0,1,6,1,36,7,1995,2,-1,10,1,10
201804SA18451,2,1,0,18,0,0,5,0,0,0,0,1,2,1,31,6,-1,-1,-1,10,1,10
201804SA18452,1,9,0,18,0,0,0,0,0,0,1,1,6,1,49,8,1586,1,10,8,1,8
201804SA18453,1,9,0,18,0,4,0,0,0,0,1,1,6,1,82,11,1242,1,8,7,1,7
201804SA18453,2,1,0,18,0,8,0,0,0,0,4,1,1,1,32,6,-1,-1,-1,4,1,4
201804SA18455,1,9,0,6,0,0,0,0,0,0,3,1,2,1,36,7,1229,1,13,6,1,6
201804SA18455,2,3,0,18,0,0,2,0,0,0,1,1,2,1,47,8,125,1,4,3,1,3
201804SA18456,1,90,0,12,0,1,0,0,0,0,3,1,6,3,-1,-1,-1,-1,-1,-1,-1,-1
201804SA18456,2,9,0,4,0,1,0,0,0,0,4,1,1,1,36,7,1968,2,1,4,1,4
201804SA18457,1,4,0,13,0,0,0,0,0,1,4,1,6,1,27,6,-1,-1,-1,2,1,2
201804SA18457,2,9,0,6,0,0,0,0,1,0,4,1,6,2,35,6,999,1,2,3,1,3
201804SA18458,1,9,0,9,0,5,0,0,0,0,1,1,6,3,-1,-1,-1,-1,-1,-1,-1,-1
201804SA18458,2,1,0,18,0,8,0,0,0,0,2,1,6,1,33,6,-1,-1,-1,1,1,1
201804SA18459,1,19,0,18,0,8,0,0,0,0,1,1,6,3,-1,-1,-1,-1,-1,-1,-1,-1
201804SA18459,2,9,0,10,0,1,0,0,0,0,2,1,2,2,23,5,1598,2,1,1,1,1
201804SA18460,1,9,0,3,0,1,0,0,0,0,1,1,3,1,65,9,1360,1,10,3,1,3
201804SA18460,2,9,0,18,0,8,0,0,0,0,4,1,6,1,46,8,1587,1,11,5,1,5
201804SA18460,3,9,0,7,0,5,0,0,0,0,0,1,6,3,-1,-1,-1,-1,-1,-1,-1,-1
201804SA18461,1,9,0,18,0,0,0,0,0,0,1,1,6,2,22,5,1200,1,3,7,1,7
201804SA18461,2,9,0,18,0,0,0,0,0,0,2,1,6,2,72,10,1598,1,6,9,1,9
201804SA18461,3,9,0,18,0,0,0,0,0,0,2,1,6,2,60,9,2720,2,10,9,3,9
201804SA18462,1,9,0,18,0,0,5,0,7,9,3,1,6,1,26,6,3000,1,7,-1,-1,-1
201804SA18462,2,9,0,18,0,0,1,0,0,0,3,1,6,2,28,6,-1,-1,-1,10,1,10
201804SA18462,3,9,0,18,0,0,0,0,0,0,3,1,6,2,71,10,1499,1,3,9,1,9
201804SA18463,1,9,0,18,0,2,2,0,0,0,4,1,6,3,-1,-1,-1,-1,-1,-1,-1,-1
201804SA18464,1,9,0,9,0,6,0,0,0,0,1,1,1,1,24,5,1598,2,1,1,1,1
201804SA18464,2,2,0,18,0,1,0,0,0,0,1,1,2,1,52,8,49,1,1,6,1,6
201804SA18465,1,9,0,18,0,8,0,0,0,0,1,1,6,2,22,5,1199,1,15,9,1,9
201804SA18465,2,9,0,18,0,2,0,0,0,0,1,1,6,1,37,7,1364,2,5,8,1,8
201804SA18466,1,9,0,18,0,8,0,0,1,0,1,1,2,1,23,5,2143,2,-1,7,1,7
201804SA18466,2,9,0,9,0,5,0,0,0,0,1,1,6,1,38,7,1910,2,11,6,3,6
201804SA18466,3,9,0,3,0,2,0,0,0,0,4,1,6,1,69,10,1968,2,3,8,1,8
201804SA18467,1,9,0,18,0,0,0,0,6,4,1,1,6,1,29,6,1198,1,5,2,1,2
201804SA18467,2,9,0,2,0,0,0,0,0,0,3,1,6,3,-1,-1,1328,1,11,-1,-1,-1
201804SA18469,1,9,0,18,0,1,0,0,0,0,1,1,6,1,49,8,1396,1,16,10,2,10
201804SA18469,2,9,0,3,0,1,0,0,0,0,1,1,6,1,37,7,1332,1,9,1,1,1
201804SA18470,1,9,0,5,0,0,0,0,0,0,1,1,1,1,47,8,1686,2,13,1,1,1
201804SA18470,2,9,0,3,0,0,0,0,0,0,2,1,6,1,58,9,998,1,-1,6,3,6
201804SA18470,3,9,0,3,0,0,0,0,0,0,2,1,6,1,39,7,1969,2,-1,5,1,5
201804SA18471,1,9,0,18,0,1,0,0,0,0,1,1,2,1,20,4,1598,2,7,-1,-1,-1
201804SA18471,2,9,0,3,0,1,0,0,0,0,2,1,2,1,46,8,1560,2,8,5,1,5
201804SA18473,1,21,1,18,0,1,3,0,0,0,1,2,1,1,60,9,-1,-1,-1,-1,-1,-1
201804SA18473,2,9,0,18,0,1,0,0,0,0,4,1,6,1,71,10,1461,2,4,4,1,4
201804SA18474,1,9,0,5,0,1,0,0,0,0,1,1,6,2,71,10,998,1,11,2,1,2
201804SA18474,2,9,0,4,0,1,0,0,0,0,1,1,6,2,56,9,1229,1,9,6,2,6
201804SA18475,1,19,0,1,0,1,0,0,0,0,2,1,1,1,35,6,2143,2,3,-1,-1,-1
201804SA18475,2,3,0,2,0,1,0,0,0,0,1,1,6,1,56,9,1200,1,2,-1,-1,-1
201804SA18476,1,9,0,7,0,2,0,11,4,1,1,1,6,1,64,9,1968,2,4,10,2,10
201804SA18477,1,9,0,18,0,0,0,0,0,0,1,1,3,2,45,7,1997,2,3,-1,-1,-1
201804SA18478,1,9,0,5,0,4,0,0,0,0,2,1,6,3,-1,-1,-1,-1,-1,-1,-1,-1
201804SA18478,2,9,0,5,0,1,1,0,0,1,4,1,6,1,84,11,2993,2,7,10,1,10
201804SA18478,3,9,0,5,0,1,0,0,0,0,0,1,6,2,42,7,1461,2,2,5,1,5
201804SA18479,1,9,0,9,0,1,0,0,0,0,4,1,2,1,52,8,1798,1,10,8,1,8
201804SA18479,2,9,0,18,0,1,0,0,0,0,1,1,3,2,31,6,1360,1,11,4,1,4
201804SA18480,1,11,0,5,0,0,0,0,0,0,0,1,1,1,54,8,5132,2,2,-1,-1,-1
201804SA18481,1,9,0,18,0,0,0,0,0,0,1,1,2,1,55,8,898,1,1,1,1,1
201804SA18481,2,9,0,3,0,0,0,0,0,0,2,1,6,1,61,9,1995,2,1,8,2,8
201804SA18481,3,9,0,3,0,0,0,0,0,0,2,1,6,1,73,10,1339,1,8,9,2,9
201804SA18482,1,20,0,18,0,0,0,0,0,0,1,1,1,1,57,9,3920,2,12,1,1,1
201804SA18483,1,8,0,9,0,1,1,0,0,0,1,1,2,1,39,7,1968,2,11,-1,-1,-1
201804SA18483,2,1,0,18,0,1,0,0,0,0,2,1,6,1,75,10,-1,-1,-1,7,1,7
201804SA18484,1,9,0,5,0,4,0,0,0,0,1,1,2,1,35,6,1229,1,12,5,1,5
201804SA18484,2,9,0,3,0,4,0,0,0,0,2,1,6,1,32,6,1560,2,6,1,1,1
201804SA18485,1,9,0,9,0,6,0,0,0,0,1,1,1,2,31,6,1242,1,2,2,1,2
201804SA18485,2,9,0,18,0,1,0,0,0,0,4,1,3,2,30,6,1910,2,10,6,1,6
201804SA18486,1,9,0,11,0,0,0,0,0,0,4,1,6,3,-1,-1,-1,-1,-1,-1,-1,-1
201804SA18486,2,9,0,18,0,0,1,0,4,0,3,1,2,2,52,8,1596,1,15,8,3,8
201804SA18487,1,9,0,18,0,0,0,4,0,0,1,1,6,2,58,9,1124,1,16,2,1,2
201804SA18487,2,21,1,18,0,0,0,0,0,0,4,1,1,1,47,8,12902,2,6,9,1,9
201804SA18487,3,9,0,2,0,0,1,0,0,0,2,1,6,3,-1,-1,1969,2,3,-1,-1,-1
201804SA18488,1,1,0,18,5,8,0,0,0,0,1,1,6,1,56,9,-1,-1,-1,10,1,10
201804SA18488,2,9,0,18,0,1,0,0,0,0,4,1,6,1,68,10,1997,2,15,10,1,10
201804SA18489,1,9,0,9,0,5,0,0,0,0,3,1,1,1,44,7,1598,1,5,10,1,10
201804SA18489,2,5,0,18,0,8,0,0,7,0,1,1,1,1,60,9,1293,1,6,4,2,4
201804SA18490,1,1,0,9,0,1,0,0,0,0,1,1,6,1,56,9,-1,-1,-1,-1,-1,-1
201804SA18490,2,9,0,5,0,1,0,0,0,0,1,1,6,2,38,7,1596,1,13,-1,-1,-1
201804SA18491,1,19,0,18,0,8,0,0,0,0,1,1,1,1,44,7,2143,2,6,3,1,3
201804SA18491,2,9,0,4,0,8,1,0,0,0,1,1,6,2,69,10,1560,2,-1,1,1,1
201804SA18491,3,9,0,4,0,8,0,0,0,0,2,1,6,2,26,6,1997,1,12,1,1,1
201804SA18491,4,9,0,7,0,1,0,0,0,0,0,1,1,3,36,7,2993,2,2,9,1,9
201804SA18492,1,9,0,18,0,0,0,0,0,0,1,1,1,1,51,8,1598,2,4,4,1,4
201804SA18492,2,9,0,4,0,0,0,0,0,0,3,1,1,1,65,9,1598,2,4,5,1,5
201804SA18492,3,21,0,4,0,0,0,0,0,0,2,1,1,1,45,7,-1,-1,-1,9,1,9
201804SA18493,1,9,0,16,0,0,0,0,0,0,1,1,6,1,19,4,1388,1,15,3,1,3
201804SA18493,2,9,0,17,0,0,0,0,0,0,1,1,6,1,25,5,1461,2,4,10,2,10
201804SA18494,1,9,0,18,0,0,0,0,0,0,1,1,6,1,19,4,1388,1,9,5,3,5
201804SA18494,2,9,0,3,0,0,0,0,0,0,2,1,6,2,24,5,998,1,2,1,1,1
201804SA18494,3,9,0,3,0,0,0,0,0,0,2,1,6,2,24,5,1499,1,1,-1,-1,-1
201804SA18495,1,9,0,18,0,4,1,0,0,0,4,1,6,1,28,6,1686,2,6,1,1,1
201804SA18495,2,9,0,5,0,4,1,0,0,0,1,1,1,1,54,8,2698,2,7,9,1,9
201804SA18496,1,9,0,18,0,0,0,10,1,0,1,1,6,1,82,11,898,1,-1,10,1,10
201804SA18497,1,9,0,3,0,1,0,0,0,0,1,1,6,1,40,7,1896,2,16,-1,-1,-1
201804SA18497,2,90,0,3,0,1,0,0,0,0,2,1,6,1,36,7,-1,-1,-1,-1,-1,-1
201804SA18498,1,1,0,18,0,1,0,0,0,0,1,1,6,1,54,8,-1,-1,-1,5,1,5
201804SA18499,1,9,0,18,0,8,0,0,0,0,2,1,6,2,45,7,1496,2,-1,8,3,8
201804SA18499,2,9,0,18,0,8,0,0,0,4,1,1,1,2,37,7,1997,2,11,1,1,1
201804SA18500,1,9,0,9,0,6,0,0,0,0,1,1,2,3,-1,-1,1896,2,10,-1,-1,-1
201804SA18501,1,9,0,9,0,1,0,0,0,0,1,1,2,2,57,9,1198,1,4,7,1,7
201804SA18501,2,9,0,18,0,1,0,0,0,0,1,1,1,1,51,8,-1,-1,-1,3,1,3
201804SA18502,1,9,0,18,0,1,1,0,0,0,1,1,6,2,18,4,1200,1,-1,7,1,7
201804SA18502,2,9,0,18,0,1,0,0,0,0,1,1,2,1,22,5,998,1,4,10,2,10
201804SA18503,1,9,0,18,0,0,0,0,0,0,4,1,6,1,42,7,1368,1,1,2,1,2
201804SA18504,1,9,0,5,0,8,0,0,1,0,3,1,6,1,21,5,1399,2,12,3,1,3
201804SA18504,2,9,0,18,0,8,0,0,0,0,1,1,6,1,53,8,1910,2,10,4,1,4
201804SA18505,1,9,0,11,0,0,0,0,0,0,1,1,6,1,23,5,1461,2,4,10,1,10
201804SA18505,2,3,0,18,0,0,5,0,0,0,3,1,6,1,66,10,125,1,1,6,1,6
201804SA18506,1,9,0,18,0,3,0,0,0,0,1,1,2,1,50,8,1900,2,11,1,1,1
201804SA18506,2,1,0,9,0,8,0,0,0,0,3,1,2,2,25,5,-1,-1,-1,5,1,5
201804SA18507,1,9,0,18,0,4,0,0,0,0,1,2,6,1,25,5,-1,-1,-1,2,1,2
201804SA18507,2,9,0,9,0,3,0,0,0,0,0,1,6,2,21,5,898,1,1,8,1,8
201804SA18508,1,9,0,11,0,1,0,0,0,0,1,1,2,1,51,8,1397,1,15,-1,-1,-1
201804SA18508,2,9,0,2,0,1,0,0,0,0,2,1,2,2,51,8,1498,1,-1,2,1,2
201804SA18509,1,9,3,18,0,0,0,0,0,0,4,1,6,3,-1,-1,-1,-1,-1,-1,-1,-1
201804SA18509,2,1,0,18,0,0,0,0,0,0,2,1,6,1,63,9,-1,-1,-1,8,3,8
201804SA18510,1,9,0,18,0,1,0,0,0,0,4,1,1,1,45,7,2231,2,11,2,1,2
201804SA18510,2,9,0,18,0,1,0,0,0,0,1,1,1,2,60,9,1499,2,2,3,2,3
201804SA18511,1,3,0,18,0,0,0,0,0,0,0,1,2,1,46,8,-1,-1,-1,4,1,4
201804SA18512,1,9,0,9,0,1,0,0,0,0,1,1,6,1,64,9,1587,1,8,3,1,3
201804SA18512,2,9,0,18,0,1,0,0,0,0,1,1,2,2,38,7,1560,2,10,8,1,8
201804SA18513,1,9,0,9,0,3,0,0,1,0,2,1,6,1,30,6,1364,2,4,2,1,2
201804SA18513,2,9,0,15,0,3,0,0,7,0,1,1,6,3,-1,-1,1242,1,12,-1,-1,-1
201804SA18514,1,9,0,9,0,5,0,0,0,0,1,1,6,1,18,4,1461,2,1,10,1,10
201804SA18515,1,9,0,3,0,8,0,0,0,0,1,1,6,2,19,4,1598,1,4,2,1,2
201804SA18516,1,9,0,7,0,8,0,0,0,0,3,1,3,2,43,7,1598,2,5,1,1,1
201804SA18516,2,9,0,18,0,8,0,0,0,0,4,1,6,1,36,7,1797,8,7,2,1,2
201804SA18517,1,9,0,18,0,0,1,0,5,0,1,1,6,1,32,6,1598,1,10,1,1,1
201804SA18517,2,9,0,18,0,0,1,0,0,0,1,2,6,2,56,9,-1,-1,-1,1,1,1
201804SA18518,1,9,0,13,0,8,1,0,4,6,3,1,2,2,45,7,1560,2,10,1,1,1
201804SA18519,1,9,0,18,0,1,0,0,0,0,1,1,6,1,43,7,-1,-1,-1,2,1,2
201804SA18520,1,9,0,5,0,6,0,0,0,0,3,1,6,2,33,6,1997,2,5,8,1,8
201804SA18520,2,9,0,18,0,2,0,0,0,0,4,1,2,2,21,5,1560,2,4,6,1,6
201804SA18520,3,9,0,18,0,2,0,0,0,0,0,1,3,2,38,7,1229,1,6,2,1,2
201804SA18521,1,9,0,16,0,0,5,0,7,3,4,1,6,1,24,5,1984,1,11,9,3,9
201804SA18522,1,5,0,18,9,1,2,10,1,4,1,1,6,1,26,6,599,1,17,2,1,2
201804SA18522,2,9,0,18,0,1,0,0,0,0,0,1,1,3,42,7,2993,2,2,2,1,2
201804SA18524,1,90,0,10,0,5,0,0,0,0,0,1,1,1,60,9,-1,-1,-1,8,1,8
201804SA18524,2,9,0,18,0,8,0,0,0,0,1,1,6,1,-1,-1,1248,1,4,10,1,10
201804SA18525,1,9,0,18,0,0,1,0,1,0,1,1,6,1,33,6,1968,2,4,-1,-1,-1
201804SA18525,2,9,0,18,0,0,1,0,1,0,2,1,6,3,-1,-1,1598,2,5,-1,-1,-1
201804SA18525,3,9,0,18,0,0,0,0,3,0,3,1,6,2,37,7,1242,1,3,-1,-1,-1
201804SA18526,1,9,0,16,0,1,1,0,0,0,3,1,6,1,67,10,3400,1,17,5,1,5
201804SA18526,2,9,0,16,0,1,1,0,0,0,4,1,2,1,35,6,1995,2,8,9,3,9
201804SA18526,3,19,0,18,0,1,1,0,4,6,1,1,2,1,30,6,2198,2,2,1,1,1
201804SA18527,1,9,0,18,0,1,0,0,0,0,1,1,6,1,21,5,1084,1,1,5,1,5
201804SA18527,2,9,0,3,0,1,0,0,0,0,2,1,6,1,29,6,1197,1,1,10,1,10
201804SA18527,3,9,0,3,0,1,0,0,0,0,2,1,6,2,30,6,1998,1,-1,2,1,2