Accident_Index,Vehicle_Reference,Vehicle_Type,Towing_and_Articulation,Vehicle_Manoeuvre,Vehicle_Location-Restricted_Lane,Junction_Location,Skidding_and_Overturning,Hit_Object_in_Carriageway,Vehicle_Leaving_Carriageway,Hit_Object_off_Carriageway,1st_Point_of_Impact,Was_Vehicle_Left_Hand_Drive?,Journey_Purpose_of_Driver,Sex_of_Driver,Age_of_Driver,Age_Band_of_Driver,Engine_Capacity_(CC),Propulsion_Code,Age_of_Vehicle,Driver_IMD_Decile,Driver_Home_Area_Type,Vehicle_IMD_Decile
201804SB18066,2,1,0,18,0,1,0,0,0,0,2,1,6,1,20,4,-1,-1,-1,7,1,7
201804SB18067,1,19,0,18,0,2,0,0,0,0,4,1,6,1,22,5,1896,2,8,-1,-1,-1
201804SB18069,1,9,0,9,0,0,0,0,0,0,1,1,6,2,39,7,1364,1,9,7,-1,7
201804SB18069,2,5,0,18,0,0,0,0,0,0,1,1,2,1,53,8,599,1,17,3,1,3
201804SB18070,1,9,0,14,0,0,5,4,1,0,1,1,6,1,62,9,1956,2,4,6,1,6
201804SB18070,2,9,0,2,9,0,0,0,0,0,1,1,6,3,-1,-1,1198,1,3,-1,-1,-1
201804SB18071,1,21,1,18,0,0,0,0,0,0,1,1,1,1,37,7,12902,2,3,2,1,2
201804SB18071,2,10,0,18,0,0,0,0,0,0,2,1,6,2,41,7,2198,2,2,3,1,3
201804SB18072,1,9,0,5,0,1,0,0,0,0,1,1,2,1,65,9,-1,-1,-1,10,2,10
201804SB18072,2,5,0,9,0,1,0,0,0,0,3,1,2,1,23,5,645,1,4,1,1,1
201804SB18073,1,9,0,5,0,1,0,0,0,0,1,1,2,1,37,7,1596,1,9,3,1,3
201804SB18073,2,9,0,3,0,1,0,0,0,0,2,1,1,2,53,8,1368,1,-1,9,1,9
201804SB18074,1,9,0,18,0,1,0,0,0,0,1,1,6,1,66,10,1560,2,6,9,1,9
201804SB18074,2,9,0,7,0,1,0,0,0,0,2,1,6,1,59,9,1995,2,7,4,2,4
201804SB18075,1,90,0,4,0,1,0,0,0,0,4,1,1,1,35,6,-1,-1,-1,2,1,2
201804SB18075,2,1,0,18,0,1,0,0,0,0,1,1,6,1,66,10,-1,-1,-1,9,1,9
201804SB18076,1,9,0,18,0,0,0,0,0,0,1,1,6,1,-1,-1,1389,1,15,-1,-1,-1
201804SB18076,2,9,0,9,0,0,0,0,0,0,3,1,2,2,26,6,1496,2,2,4,1,4
201804SB18077,1,9,0,18,0,1,0,0,0,0,1,1,2,2,31,6,1349,1,9,5,1,5
201804SB18077,2,9,0,5,0,6,0,0,0,0,3,1,6,2,54,8,1997,1,15,4,1,4
201804SB18078,1,9,0,9,0,5,0,0,0,0,1,1,6,2,24,5,1798,8,1,10,2,10
201804SB18078,2,9,0,18,0,8,1,0,0,0,1,1,6,1,66,10,1275,1,65,9,1,9
201804SB18079,1,9,0,9,0,1,0,0,0,0,4,1,6,2,57,9,2979,1,14,5,3,5
201804SB18079,2,1,0,18,0,1,0,0,0,0,1,1,6,1,41,7,-1,-1,-1,6,1,6
201804SB18081,1,11,0,17,0,1,0,0,0,0,0,1,6,1,42,7,6696,2,4,6,1,6
201804SB18082,1,90,0,15,0,0,2,4,0,0,1,1,1,1,56,9,-1,-1,-1,3,1,3
201804SB18084,1,9,0,7,0,0,2,0,7,10,1,1,6,1,18,4,1388,1,14,2,1,2
201804SB18086,1,9,0,17,9,5,1,0,1,4,1,1,6,1,58,9,1149,1,2,9,3,9
201804SB18087,1,9,0,16,0,0,0,0,0,0,1,1,2,1,46,8,1796,1,3,3,1,3
201804SB18087,2,21,0,18,0,0,0,0,1,0,3,1,1,1,47,8,4250,2,13,7,1,7
201804SB18088,1,9,0,18,0,0,0,10,2,0,4,1,6,1,89,11,2099,1,15,-1,-1,-1
201804SB18089,1,9,0,18,0,6,0,0,0,0,1,1,6,1,24,5,-1,-1,-1,5,1,5
201804SB18089,2,9,0,3,0,1,0,0,0,0,1,1,6,1,46,8,1560,2,4,3,1,3
201804SB18089,3,9,0,3,0,1,0,0,0,0,1,1,6,2,51,8,1395,1,1,9,1,9
201804SB18090,1,9,0,16,0,0,1,0,1,4,1,1,6,2,71,10,1560,2,7,8,1,8
201804SB18090,2,9,0,17,0,0,0,0,1,0,1,1,6,1,63,9,2495,2,15,2,1,2
201804SB18091,1,10,0,17,0,0,0,0,1,4,4,1,6,2,50,8,-1,-1,-1,2,1,2
201804SB18092,1,1,0,18,0,0,0,0,0,0,1,1,6,2,47,8,-1,-1,-1,4,3,4
201804SB18092,2,9,0,18,0,0,0,0,0,0,1,1,6,2,57,9,1299,1,11,6,3,6
201804SB18093,1,9,0,5,0,0,0,4,0,0,1,1,6,1,26,6,-1,-1,-1,9,3,9
201804SB18093,2,9,0,2,0,0,0,0,0,0,2,1,6,3,-1,-1,1248,1,7,-1,-1,-1
201804SB18094,1,4,0,18,0,1,2,0,0,0,1,1,6,1,22,5,249,1,10,-1,-1,-1
201804SB18094,2,9,0,4,0,1,0,0,0,0,2,1,6,1,66,10,2696,2,13,7,2,7
201804SB18094,3,9,0,11,0,1,0,0,0,0,0,1,6,3,-1,-1,-1,-1,-1,-1,-1,-1
201804SB18095,1,9,0,5,0,2,1,0,0,0,1,1,6,2,26,6,1240,1,12,3,1,3
201804SB18095,2,11,0,18,0,1,0,0,0,0,1,1,2,1,64,9,-1,-1,-1,6,3,6
201804SB18096,1,9,0,9,0,8,0,0,0,0,4,1,1,1,54,8,1968,2,2,5,3,5
201804SB18096,2,9,0,18,0,1,1,0,2,1,1,1,6,1,33,6,1299,1,15,5,1,5
201804SB18097,1,9,0,18,0,0,0,0,7,2,1,1,6,1,19,4,1242,1,4,10,1,10
201804SB18098,1,9,0,15,0,0,0,0,0,0,1,1,1,1,43,7,1598,1,13,6,1,6
201804SB18098,2,9,0,5,0,0,0,0,0,0,1,1,6,2,68,10,1399,1,12,4,3,4
201804SB18099,1,9,0,9,0,6,0,0,0,0,1,1,6,1,55,8,1995,2,5,-1,-1,-1
201804SB18099,2,1,0,18,0,8,0,0,0,0,2,1,6,1,41,7,-1,-1,-1,10,1,10
201804SB18100,1,1,0,5,0,6,0,0,0,0,3,1,6,2,50,8,-1,-1,-1,4,1,4
201804SB18100,2,9,0,18,0,1,0,0,0,0,1,1,6,2,25,5,1362,1,4,7,1,7
201804SB18101,1,9,0,5,0,4,0,0,0,0,2,1,6,1,37,7,998,1,4,1,1,1
201804SB18101,2,5,0,3,0,4,0,0,0,0,2,1,6,1,32,6,599,1,16,2,1,2
201804SB18102,1,9,0,5,0,8,0,0,3,0,4,1,6,2,84,11,1400,1,13,1,1,1
201804SB18102,2,9,0,10,0,8,0,0,0,0,1,1,6,1,23,5,2204,2,10,8,1,8
201804SB18103,1,9,0,13,0,0,0,0,0,0,1,1,6,3,-1,-1,-1,-1,-1,-1,-1,-1
201804SB18103,2,9,0,9,0,0,0,0,0,0,3,1,6,1,25,5,1229,1,6,4,1,4
201804SB18104,1,9,0,17,0,0,5,0,1,0,1,1,6,2,25,5,998,1,5,6,1,6
201804SB18105,1,9,0,7,0,4,0,0,0,0,3,1,1,1,58,9,-1,-1,-1,4,1,4
201804SB18105,2,3,0,18,3,3,0,0,0,0,1,1,6,1,39,7,125,1,-1,1,1,1
201804SB18106,1,9,0,3,0,2,0,0,0,0,2,1,6,2,62,9,1229,1,3,2,2,2
201804SB18107,1,9,0,6,0,0,0,0,0,0,1,1,6,1,28,6,1242,1,9,6,1,6
201804SB18107,2,19,0,13,0,0,0,0,0,0,1,1,6,1,21,5,1995,2,1,2,1,2
201804SB18108,1,9,0,5,0,0,0,0,3,0,1,1,6,2,64,9,1497,8,-1,10,1,10
201804SB18108,2,9,0,2,0,0,0,0,0,0,2,1,6,3,-1,-1,4398,1,13,-1,-1,-1
201804SB18109,1,9,0,5,0,0,0,0,0,0,1,1,6,1,38,7,1968,2,9,-1,-1,-1
201804SB18110,1,9,0,8,0,1,0,0,0,0,0,1,6,1,76,11,1242,1,10,2,1,2
201804SB18110,2,9,0,3,0,7,0,0,0,0,2,1,6,2,67,10,-1,-1,-1,1,1,1
201804SB18111,1,9,0,18,0,2,0,0,0,0,1,1,6,2,39,7,1461,2,7,9,3,9
201804SB18112,1,9,0,7,0,1,0,0,0,0,1,1,6,3,-1,-1,-1,-1,-1,-1,-1,-1
201804SB18112,2,9,0,18,0,1,0,0,0,0,3,1,2,1,55,8,1596,1,12,5,1,5
201804SB18113,1,9,0,18,0,0,0,0,0,0,4,1,2,1,50,8,1598,2,2,-1,-1,-1
201804SB18114,1,19,0,18,0,8,0,0,0,0,1,1,1,1,22,5,2143,2,5,2,1,2
201804SB18114,2,9,0,7,0,5,0,0,0,0,2,1,6,2,60,9,2982,2,7,7,3,7
201804SB18115,1,9,0,5,0,6,0,0,0,0,1,1,2,2,22,5,1360,1,11,8,2,8
201804SB18115,2,21,1,18,0,8,0,0,0,0,1,1,1,1,29,6,-1,-1,-1,3,1,3
201804SB18116,1,5,0,13,0,0,0,0,7,0,0,1,6,1,43,7,899,1,19,2,1,2
201804SB18116,2,8,0,12,0,0,0,0,0,0,0,1,6,1,53,8,1997,2,4,4,1,4
201804SB18117,1,9,0,5,0,4,0,0,0,0,3,1,6,2,18,4,998,1,4,9,1,9
201804SB18117,2,9,0,18,0,4,0,0,0,0,1,1,6,2,26,6,1896,2,10,9,1,9
201804SB18118,1,9,0,18,0,0,0,0,0,0,3,1,6,3,-1,-1,-1,-1,-1,-1,-1,-1
201804SB18119,1,9,0,9,0,4,0,0,0,0,3,1,6,2,85,11,998,1,15,9,2,9
201804SB18119,2,1,0,18,0,4,0,0,0,0,1,1,4,1,15,3,-1,-1,-1,9,2,9
201804SB18120,1,11,0,18,0,0,0,0,0,0,1,1,1,1,50,8,5900,2,13,-1,-1,-1
201804SB18121,1,9,0,9,0,4,0,0,0,0,4,1,2,2,61,9,1149,1,5,1,1,1
201804SB18121,2,9,0,18,0,4,0,0,0,0,1,1,2,1,28,6,1995,2,7,5,1,5
201804SB18122,1,9,0,18,0,0,0,0,0,0,1,1,2,1,36,7,1956,2,4,2,1,2
201804SB18123,1,9,0,17,0,0,0,0,0,7,1,1,6,2,28,6,1242,1,5,2,1,2
201804SB18124,1,3,0,9,0,0,2,0,0,0,0,1,6,1,19,4,124,1,3,1,1,1
201804SB18125,1,9,0,18,0,8,1,0,0,0,1,1,1,2,36,7,1598,1,12,5,2,5
201804SB18125,2,9,0,3,0,8,0,0,0,0,2,1,6,1,39,7,1560,2,5,7,3,7
201804SB18125,3,9,0,18,0,8,0,0,0,0,1,1,2,2,36,7,1753,2,12,6,2,6
201804SB18126,1,3,0,18,0,0,0,0,0,0,1,1,1,1,59,9,124,1,3,10,1,10
201804SB18126,2,9,0,3,0,0,0,0,0,0,2,1,6,2,57,9,1968,2,4,10,1,10
201804SB18127,1,9,0,9,0,6,0,0,0,0,3,1,6,2,44,7,1242,1,9,5,2,5
201804SB18127,2,5,0,18,0,8,0,0,0,0,1,1,6,1,65,9,748,1,9,6,3,6
201804SB18128,1,9,0,9,0,0,0,0,0,0,1,1,6,2,21,5,1598,1,11,9,2,9
201804SB18128,2,9,0,18,0,0,0,0,0,0,1,1,2,2,23,5,1395,1,4,5,1,5
201804SB18129,1,9,0,9,0,8,0,0,0,0,1,1,6,1,18,4,1229,1,11,8,1,8
201804SB18129,2,5,0,18,0,8,0,0,0,0,1,1,6,1,33,6,599,1,8,5,1,5
201804SB18130,1,4,0,5,0,8,0,0,0,0,0,1,6,3,-1,-1,-1,-1,-1,-1,-1,-1
201804SB18131,1,9,0,1,0,0,0,0,0,0,2,1,6,2,56,9,999,1,-1,9,1,9
201804SB18131,2,90,0,2,0,0,0,0,0,0,2,1,6,1,50,8,-1,-1,-1,5,1,5
201804SB18132,1,9,0,18,0,0,5,10,0,10,1,1,6,2,22,5,1598,1,17,6,1,6
201804SB18133,1,9,0,5,0,8,0,0,0,0,4,1,6,2,48,8,1598,1,7,8,1,8
201804SB18133,2,9,0,18,0,1,0,0,0,0,1,1,6,2,42,7,1998,1,16,6,3,6
201804SB18134,1,9,0,5,0,1,0,0,0,0,0,1,6,2,32,6,-1,-1,-1,10,2,10
201804SB18135,1,9,0,7,0,0,1,0,8,10,1,1,6,2,42,7,1461,2,3,6,1,6
201804SB18136,1,19,5,18,0,0,0,0,0,0,1,1,6,3,-1,-1,1598,2,2,-1,-1,-1
201804SB18136,2,9,0,3,0,0,0,0,0,0,2,1,6,2,45,7,1587,1,14,6,2,6
201804SB18137,1,9,0,5,0,6,0,0,0,0,1,1,6,2,21,5,1229,1,1,2,1,2
201804SB18137,2,9,0,18,0,1,0,0,0,0,1,1,6,1,53,8,1598,2,2,1,1,1
201804SB18138,1,9,0,5,0,1,0,0,0,0,2,1,3,2,27,6,2143,2,1,-1,-1,-1
201804SB18138,2,1,0,18,0,1,0,0,0,0,1,1,6,1,54,8,-1,-1,-1,6,3,6
201804SB18139,1,9,0,18,0,2,0,0,0,0,4,1,2,1,42,7,-1,-1,-1,2,1,2
201804SB18140,1,9,0,7,0,3,0,0,0,0,1,1,6,1,65,9,1956,2,3,2,1,2
201804SB18140,2,1,0,18,0,5,0,0,0,0,2,1,6,1,15,3,-1,-1,-1,1,1,1
201804SB18141,1,9,0,5,0,0,0,0,0,0,3,1,3,1,48,8,2993,2,1,7,1,7
201804SB18142,1,9,0,16,0,0,0,10,1,2,4,1,6,3,-1,-1,1242,1,7,-1,-1,-1
201804SB18143,1,9,0,4,0,0,0,0,0,0,1,1,6,1,71,10,1604,1,11,-1,-1,-1
201804SB18143,2,9,0,4,0,0,0,0,0,0,2,1,6,1,62,9,1950,2,1,10,1,10
201804SB18144,1,9,0,11,0,1,0,0,0,0,1,1,4,1,70,10,1248,1,8,3,1,3
201804SB18144,2,9,0,3,0,4,0,0,0,0,2,1,1,1,62,9,-1,-1,-1,9,1,9
201804SB18145,1,9,0,5,0,2,0,0,0,0,1,1,6,2,28,6,1598,2,4,9,1,9
201804SB18145,2,4,0,18,0,1,0,0,0,0,1,1,6,1,70,10,471,1,4,-1,-1,-1
201804SB18146,1,9,0,4,0,0,0,0,0,0,4,1,2,2,57,9,1339,1,6,7,2,7
201804SB18147,1,9,0,6,0,8,0,0,0,0,1,2,6,1,37,7,-1,-1,-1,-1,-1,-1
201804SB18147,2,9,0,5,0,4,0,0,0,0,1,1,6,1,58,9,1197,1,2,3,1,3
201804SB18148,1,9,0,18,0,0,1,0,2,10,1,1,6,1,31,6,1998,1,13,5,3,5
201804SB18148,2,19,0,18,0,0,0,0,0,0,0,1,6,1,37,7,1499,2,1,5,1,5
201804SB18149,1,1,0,18,0,0,0,0,0,0,1,1,6,1,62,9,-1,-1,-1,2,1,2
201804SB18150,1,3,0,18,0,1,0,0,0,0,1,1,1,1,58,9,800,1,5,9,2,9
201804SB18150,2,9,0,18,0,1,0,0,0,0,2,1,6,2,61,9,1991,1,3,7,1,7
201804SB18151,1,20,0,17,0,8,0,0,0,0,1,1,1,1,58,9,-1,-1,-1,7,1,7
201804SB18151,2,9,0,9,0,2,0,0,0,0,2,1,6,1,67,10,1618,1,3,6,1,6
201804SB18152,1,9,0,18,0,0,0,0,0,0,1,1,6,1,81,11,1950,2,-1,7,1,7
201804SB18152,2,9,0,18,0,0,0,0,0,0,1,1,6,1,30,6,1242,1,4,1,1,1
201804SB18153,1,9,0,18,2,0,0,4,0,0,1,1,6,2,46,8,1396,1,7,1,1,1
201804SB18153,2,9,0,2,2,0,0,0,0,0,2,1,6,1,22,5,1496,2,2,1,1,1
201804SB18154,1,21,0,3,0,0,0,0,0,0,1,1,1,1,36,7,3900,2,14,-1,-1,-1
201804SB18154,2,9,0,4,0,0,0,0,0,0,1,1,6,1,32,6,1595,1,6,9,3,9
201804SB18155,1,9,0,5,0,1,0,0,0,0,3,1,6,1,52,8,1591,1,2,6,3,6
201804SB18156,1,9,0,18,0,2,0,0,1,0,1,1,6,1,18,4,1248,1,3,3,1,3
201804SB18156,2,11,0,18,0,8,0,0,0,0,4,1,1,1,57,9,6700,2,7,8,1,8
201804SB18157,1,1,0,16,0,1,1,0,0,0,0,1,6,1,63,9,-1,-1,-1,-1,-1,-1
201804SB18159,1,9,0,1,0,1,0,0,0,0,0,1,6,1,-1,-1,2143,2,4,-1,-1,-1
201804SB18160,1,9,0,18,0,0,0,4,0,0,1,1,6,3,-1,-1,1995,2,2,-1,-1,-1
201804SB18160,2,9,0,2,0,0,0,0,0,0,1,1,6,3,-1,-1,-1,-1,-1,-1,-1,-1
201804SB18160,3,9,0,2,0,0,0,0,0,0,1,1,6,1,63,9,1360,1,11,10,3,10
201804SB18161,1,3,0,18,0,0,0,0,0,0,1,1,6,1,24,5,125,1,-1,9,1,9
201804SB18162,1,9,0,10,0,1,0,0,0,0,1,1,1,2,47,8,1461,2,3,9,2,9
201804SB18162,2,3,0,18,0,1,0,0,0,0,4,1,1,1,30,6,125,1,-1,4,1,4
201804SB18163,1,9,0,18,0,1,0,0,0,0,1,1,6,3,-1,-1,1995,2,14,-1,-1,-1
201804SB18163,2,9,0,18,0,1,0,0,0,0,0,1,6,1,63,9,2720,2,11,3,1,3
201804SB18164,1,20,0,5,9,0,0,0,0,0,3,1,1,3,-1,-1,-1,-1,-1,-1,-1,-1
201804SB18165,1,9,0,9,0,2,0,0,0,0,1,1,6,1,72,10,1398,1,1,9,2,9
201804SB18165,2,9,0,18,0,2,0,0,0,0,1,1,2,1,59,9,1199,2,4,6,1,6
201804SB18166,1,9,0,18,0,1,0,0,0,0,1,1,6,1,21,5,1896,2,13,-1,-1,-1
201804SB18168,1,9,0,18,0,0,1,0,7,2,4,1,6,1,22,5,1390,1,11,9,1,9
201804SB18169,1,9,0,5,0,8,1,0,0,0,3,1,3,2,43,7,-1,-1,-1,7,1,7
201804SB18169,2,9,0,18,0,1,0,0,0,0,1,1,1,1,52,8,1598,2,2,5,1,5
201804SB18170,1,9,0,4,0,1,0,0,0,0,1,1,6,1,20,4,1596,1,3,-1,-1,-1
201804SB18170,2,9,0,3,0,1,0,0,0,0,0,1,6,1,74,10,-1,-1,-1,7,3,7
201804SB18171,1,9,0,4,0,1,0,0,0,0,0,1,6,3,-1,-1,-1,-1,-1,-1,-1,-1
201804SB18171,2,3,0,4,0,1,1,0,0,0,0,1,6,1,20,4,125,1,3,3,1,3
201804SB18172,1,9,0,7,0,2,0,0,0,0,1,1,6,2,20,4,998,1,8,3,1,3
201804SB18172,2,1,0,18,0,1,0,0,0,0,1,1,6,1,28,6,-1,-1,-1,5,1,5
201804SB18173,1,9,0,4,0,0,0,0,0,0,3,1,6,2,22,5,1598,1,8,-1,-1,-1
201804SB18173,2,17,0,18,1,0,0,0,0,0,1,1,6,3,-1,-1,-1,-1,-1,-1,-1,-1
201804SB18174,1,9,0,18,0,0,0,0,0,0,1,1,1,1,48,8,1499,2,2,1,1,1
201804SB18174,2,21,1,2,0,0,0,0,0,0,2,1,1,2,52,8,12902,2,3,1,1,1
201804SB18175,1,19,0,4,0,8,0,0,0,0,1,1,1,1,56,9,1997,2,2,5,3,5
201804SB18175,2,9,0,3,0,1,0,0,0,0,2,1,2,1,36,7,1968,2,10,5,1,5
201804SB18176,1,90,0,18,0,1,0,0,1,0,4,1,1,1,37,7,2999,2,8,7,3,7
201804SB18176,2,9,0,5,0,8,0,0,0,0,0,1,6,2,66,10,-1,-1,-1,5,3,5
201804SB18177,1,9,0,5,0,1,0,0,0,0,4,1,6,1,81,11,1242,1,7,6,1,6
201804SB18178,1,9,4,7,0,3,0,0,0,0,3,1,6,3,-1,-1,-1,-1,-1,-1,-1,-1
201804SB18178,2,1,0,18,0,1,0,0,0,0,1,1,6,1,13,3,-1,-1,-1,2,1,2
201804SB18179,1,90,0,1,0,0,0,0,0,0,2,1,1,1,53,8,-1,-1,-1,5,1,5
201804SB18180,1,9,0,18,0,0,0,0,0,0,1,1,1,1,34,6,2231,2,8,3,1,3
201804SB18180,2,21,0,2,0,0,0,0,0,0,2,1,1,1,52,8,7146,2,7,1,1,1
201804SB18181,1,9,0,4,0,4,0,0,0,0,2,1,6,2,46,8,1995,2,13,3,1,3
201804SB18181,2,9,0,4,0,4,0,0,0,0,1,1,2,1,66,10,1798,1,11,1,1,1
201804SB18182,1,9,0,16,0,1,1,0,3,9,1,1,6,2,23,5,998,1,4,3,1,3
201804SB18183,1,19,0,18,0,0,0,0,0,0,1,1,1,3,-1,-1,-1,-1,-1,-1,-1,-1
201804SB18183,2,8,0,2,0,0,0,0,0,0,4,1,1,1,39,7,1896,2,8,8,1,8
201804SB18184,1,9,0,4,0,0,1,0,0,0,1,1,2,1,44,7,2995,1,-1,-1,-1,-1
201804SB18184,2,90,0,3,0,0,0,0,0,0,2,1,1,1,41,7,-1,-1,-1,-1,-1,-1
201804SB18185,1,9,0,16,0,0,0,0,7,0,1,1,6,1,48,8,-1,-1,-1,5,2,5
201804SB18185,2,9,0,3,0,0,0,0,0,0,1,1,6,1,51,8,1399,1,1,6,1,6
201804SB18186,1,9,0,14,0,0,0,0,0,0,1,1,6,1,58,9,1598,1,5,7,1,7
201804SB18187,1,9,0,16,0,0,0,0,7,2,1,1,6,2,29,6,1598,2,6,3,1,3
201804SB18188,1,9,0,14,0,0,0,0,2,10,3,1,6,1,33,6,2000,1,14,6,3,6
201804SB18188,2,9,0,4,0,0,0,0,0,0,1,1,6,2,20,4,1198,1,1,8,1,8
201804SB18188,3,90,0,2,9,0,0,0,0,0,4,1,6,3,-1,-1,-1,-1,-1,-1,-1,-1
201804SB18189,1,9,3,15,0,0,0,0,0,0,4,1,6,3,-1,-1,-1,-1,-1,-1,-1,-1
201804SB18189,2,1,0,18,0,0,0,0,0,0,3,1,6,2,68,10,-1,-1,-1,-1,-1,-1
201804SB18189,3,1,0,18,0,0,0,0,0,0,3,1,6,2,71,10,-1,-1,-1,9,2,9
201804SB18190,1,11,0,18,0,1,0,0,0,0,0,1,1,1,26,6,6696,2,4,-1,-1,-1
201804SB18191,1,9,0,5,0,2,0,0,0,0,4,1,2,1,56,9,1598,1,5,-1,-1,-1
201804SB18191,2,1,0,18,0,8,0,0,0,0,3,1,6,1,47,8,-1,-1,-1,8,1,8
201804SB18192,1,19,0,6,0,2,0,0,0,0,1,1,6,1,39,7,1560,2,3,6,3,6
201804SB18192,2,19,0,4,0,2,0,0,0,0,3,1,1,1,47,8,2198,2,5,5,3,5
201804SB18193,1,9,0,9,0,6,0,0,0,0,2,1,6,2,58,9,1399,2,15,4,3,4
201804SB18193,2,9,0,18,0,1,0,0,0,0,1,1,6,1,29,6,1560,2,7,7,1,7
201804SB18194,1,9,0,2,0,0,0,0,0,0,2,1,2,1,45,7,1586,1,9,5,1,5
201804SB18194,2,9,0,14,0,0,0,0,0,0,1,1,6,2,87,11,1198,1,1,6,1,6
201804SC18001,1,9,0,5,0,4,0,0,0,1,1,1,6,2,63,9,1685,2,5,5,1,5
201804SC18001,2,9,0,5,0,4,0,0,0,0,3,1,6,2,67,10,1149,1,7,-1,-1,-1
201804SC18002,1,9,0,3,0,4,0,0,0,0,1,1,6,3,-1,-1,1995,2,12,-1,-1,-1
201804SC18002,2,9,0,3,0,4,0,0,0,0,2,1,6,2,33,6,-1,-1,-1,9,1,9
201804SC18003,1,9,0,18,0,8,0,0,0,0,1,1,6,2,44,7,1595,1,9,6,2,6
201804SC18003,2,9,0,9,0,8,0,0,0,0,1,1,6,1,21,5,1368,1,9,8,1,8
201804SC18004,1,9,0,4,0,1,0,0,0,0,1,1,2,1,20,4,1499,2,2,10,1,10
201804SC18005,1,9,0,9,0,0,0,0,0,0,1,1,2,1,61,9,1598,1,13,10,3,10
201804SC18006,1,9,0,18,0,0,1,0,0,0,1,1,6,1,54,8,1997,2,4,8,1,8
201804SC18006,2,9,0,18,0,0,1,7,0,6,1,1,6,1,27,6,2143,2,7,3,1,3
201804SC18006,3,9,0,18,0,0,1,0,1,10,1,1,6,2,53,8,1582,2,9,1,1,1
201804SC18006,4,19,0,18,0,0,0,0,0,0,2,1,2,1,79,11,2198,2,5,7,2,7
201804SC18006,5,9,0,18,0,0,1,0,0,0,1,1,6,1,49,8,2199,2,7,4,1,4
201804SC18006,6,9,0,18,0,0,1,0,0,0,2,1,2,1,40,7,1969,2,3,8,-1,8
201804SC18006,7,9,0,18,0,0,1,0,0,0,1,1,6,1,43,7,1753,2,10,3,1,3
201804SC18007,1,9,0,4,0,0,0,0,0,0,1,1,6,2,74,10,1364,1,9,-1,-1,-1
201804SC18007,2,9,0,4,0,0,0,0,0,0,2,1,6,2,51,8,-1,-1,-1,-1,-1,-1
201804SC18008,1,9,0,18,0,0,0,0,0,0,1,1,6,3,67,10,-1,-1,-1,-1,-1,-1
201804SC18009,1,9,0,9,0,8,0,0,0,0,1,1,1,1,65,9,-1,-1,-1,5,1,5
201804SC18009,2,1,0,18,0,1,0,0,0,0,1,1,4,1,16,4,-1,-1,-1,-1,-1,-1
201804SC18010,1,9,0,9,0,2,0,0,0,0,3,1,1,2,46,8,1395,1,2,9,3,9
201804SC18010,2,3,0,18,0,1,5,0,0,0,1,1,1,2,24,5,124,1,23,5,1,5
201804SC18011,1,11,0,18,0,1,0,0,0,0,1,1,1,1,61,9,6871,2,9,1,1,1
201804SC18011,2,19,0,10,0,8,0,0,0,0,2,1,1,1,32,6,1998,2,13,3,1,3
201804SC18012,1,90,0,18,0,8,0,0,0,0,0,1,6,1,52,8,-1,-1,-1,8,1,8
201804SC18013,1,9,0,18,0,0,0,0,0,0,1,1,6,2,24,5,998,1,6,-1,-1,-1
201804SC18013,2,21,1,18,0,0,0,0,0,0,2,1,1,1,44,7,12777,2,4,4,-1,4
201804SC18014,1,9,0,1,9,0,0,0,0,0,2,1,6,2,37,7,1339,1,8,-1,-1,-1
201804SC18015,1,9,0,4,0,0,1,0,0,0,1,1,6,2,29,6,1968,2,11,1,1,1
201804SC18015,2,9,0,18,0,0,0,0,0,0,2,1,6,1,62,9,998,1,5,7,3,7
201804SC18015,3,9,0,18,0,0,0,0,0,0,4,1,6,1,66,10,1995,1,11,1,1,1
201804SC18016,1,19,0,3,0,0,0,0,0,0,4,1,1,1,28,6,2198,2,2,10,2,10
201804SC18017,1,9,0,16,0,0,1,0,8,10,1,1,6,2,30,6,1686,2,13,2,1,2
201804SC18017,2,9,0,16,0,0,0,6,7,10,1,1,6,1,59,9,2179,2,9,8,1,8
201804SC18018,1,9,0,9,0,6,0,0,0,0,1,1,1,2,44,7,1499,2,3,8,1,8
201804SC18018,2,9,0,18,0,1,0,0,0,0,1,1,1,2,28,6,1968,2,9,1,1,1
201804SC18018,3,9,0,3,0,1,0,0,0,0,1,1,1,2,-1,-1,1781,1,17,4,1,4
201804SC18019,1,9,0,18,0,0,0,0,7,10,1,1,6,1,57,9,1598,1,17,-1,-1,-1
201804SC18020,1,9,0,4,0,0,0,0,0,0,1,1,6,1,32,6,1197,1,7,8,1,8
201804SC18021,1,9,0,18,0,0,0,0,0,0,1,1,6,2,33,6,1598,1,7,10,2,10
201804SC18021,2,9,0,18,0,0,0,0,0,1,2,1,6,2,36,7,1586,1,2,2,1,2
201804SC18021,3,9,0,18,0,0,0,0,0,0,2,1,6,2,50,8,1497,2,2,7,1,7
201804SC18022,1,9,0,4,0,1,0,0,0,0,1,1,6,1,23,5,999,1,2,8,1,8
201804SC18022,2,9,0,3,0,1,0,0,0,0,2,1,6,2,52,8,1598,2,3,5,1,5
201804SC18023,1,1,0,7,0,1,0,0,0,0,1,1,6,1,13,3,-1,-1,-1,5,1,5
201804SC18023,2,9,0,18,0,1,0,0,0,0,1,1,6,2,35,6,1362,1,7,2,1,2
201804SC18024,1,9,0,9,0,3,0,0,0,0,2,1,6,1,21,5,1390,1,12,4,1,4
201804SC18024,2,19,0,3,0,1,0,0,0,0,1,1,1,1,27,6,2143,2,6,4,1,4
201804SC18025,1,9,0,18,0,0,1,0,0,0,4,1,6,2,23,5,1598,2,4,6,3,6
201804SC18026,1,21,1,18,0,0,3,0,1,6,1,1,1,1,41,7,12900,2,8,3,1,3
201804SC18027,1,9,0,17,0,0,2,0,1,0,4,1,6,2,18,4,1390,1,6,9,3,9