Accident_Index,Vehicle_Reference,Vehicle_Type,Towing_and_Articulation,Vehicle_Manoeuvre,Vehicle_Location-Restricted_Lane,Junction_Location,Skidding_and_Overturning,Hit_Object_in_Carriageway,Vehicle_Leaving_Carriageway,Hit_Object_off_Carriageway,1st_Point_of_Impact,Was_Vehicle_Left_Hand_Drive?,Journey_Purpose_of_Driver,Sex_of_Driver,Age_of_Driver,Age_Band_of_Driver,Engine_Capacity_(CC),Propulsion_Code,Age_of_Vehicle,Driver_IMD_Decile,Driver_Home_Area_Type,Vehicle_IMD_Decile
201804SC18028,1,9,0,18,0,0,0,0,0,0,4,1,2,2,39,7,1248,1,8,8,1,8
201804SC18029,1,9,0,7,0,6,0,0,0,0,1,1,2,1,76,11,2184,2,15,6,2,6
201804SC18029,2,9,0,7,0,1,0,0,0,0,2,1,1,1,53,8,1600,1,7,-1,-1,-1
201804SC18030,1,9,0,18,0,6,0,0,1,0,1,1,6,2,34,6,1560,2,10,9,3,9
201804SC18031,1,90,0,4,0,4,0,0,0,0,1,1,1,1,34,6,-1,-1,-1,8,2,8
201804SC18031,2,90,0,3,0,4,0,0,0,0,2,1,1,2,46,8,-1,-1,-1,9,3,9
201804SC18032,1,9,0,18,0,8,0,0,1,7,1,1,6,1,80,11,1396,1,21,8,1,8
201804SC18033,1,9,0,16,0,0,1,0,8,4,1,1,2,1,18,4,1590,1,15,2,1,2
201804SC18034,1,9,0,9,0,8,0,0,0,0,1,1,6,2,54,8,1240,1,15,4,1,4
201804SC18034,2,9,0,18,0,8,0,0,0,0,1,1,6,1,28,6,1984,1,11,8,2,8
201804SC18035,1,9,0,18,0,0,0,0,0,0,1,1,6,1,17,4,1242,1,13,1,1,1
201804SC18035,2,9,0,10,0,0,0,0,0,0,2,1,6,2,20,4,998,1,9,4,2,4
201804SC18036,1,5,0,18,0,0,1,0,0,0,4,1,6,1,34,6,918,1,19,4,2,4
201804SC18037,1,9,0,18,0,0,1,0,1,0,4,1,6,1,28,6,1389,1,13,1,1,1
201804SC18037,2,9,0,18,0,0,1,0,1,9,3,1,6,2,60,9,1598,1,3,8,3,8
201804SC18038,1,9,0,9,0,4,0,0,0,0,4,1,6,2,39,7,1598,2,4,4,3,4
201804SC18038,2,90,0,18,0,4,0,0,0,0,1,1,6,1,30,6,-1,-1,-1,9,3,9
201804SC18039,1,90,0,18,0,0,1,0,0,0,1,1,6,1,24,5,-1,-1,-1,3,1,3
201804SC18039,2,9,0,17,0,0,1,0,1,0,3,1,6,2,45,7,1200,1,1,4,-1,4
201804SC18040,1,9,0,9,0,1,0,0,0,0,3,1,2,1,21,5,1598,2,4,5,1,5
201804SC18040,2,9,0,10,0,5,0,0,0,0,3,1,6,1,63,9,1988,2,12,6,1,6
201804SC18041,1,5,0,18,0,0,2,0,0,0,0,1,6,1,59,9,1215,1,1,5,1,5
201804SC18042,1,9,0,4,0,4,1,0,0,0,1,1,2,1,42,7,999,1,1,9,1,9
201804SC18042,2,9,0,17,0,8,0,0,0,0,4,1,6,3,-1,-1,1598,2,8,-1,-1,-1
201804SC18042,3,9,0,17,0,8,1,0,0,0,1,1,6,3,-1,-1,2999,2,12,-1,-1,-1
201804SC18043,1,5,0,9,0,8,5,0,0,0,3,1,6,1,77,11,600,1,5,9,1,9
201804SC18043,2,9,0,16,0,1,0,0,0,0,1,1,6,1,57,9,1390,1,5,9,1,9
201804SC18044,1,9,0,5,0,2,0,0,0,0,1,1,6,2,21,5,1149,1,12,7,1,7
201804SC18045,1,9,0,18,0,0,1,0,0,0,1,1,2,1,45,7,1998,8,1,10,1,10
201804SC18045,2,9,0,18,0,0,0,0,0,0,2,1,6,1,45,7,1560,2,7,9,1,9
201804SC18046,1,9,0,17,0,0,2,0,7,10,1,1,6,1,19,4,1368,1,2,8,2,8
201804SC18047,1,9,0,3,0,4,0,0,0,0,2,1,6,2,31,6,1399,1,2,10,1,10
201804SC18047,2,9,0,4,0,3,0,0,0,0,1,1,6,3,67,10,1984,1,9,-1,-1,-1
201804SC18048,1,9,0,2,0,1,0,0,0,0,2,1,2,1,44,7,1781,1,16,10,1,10
201804SC18048,2,21,4,18,0,1,1,4,0,0,1,1,1,1,23,5,5132,2,1,8,1,8
201804SC18049,1,9,0,9,0,6,0,0,0,0,1,1,6,2,55,8,998,1,2,8,1,8
201804SC18049,2,9,0,18,0,1,0,0,0,0,4,1,1,2,51,8,1560,2,2,10,1,10
201804SC18050,1,9,0,17,0,0,5,0,0,0,1,1,6,1,52,8,1995,2,5,-1,-1,-1
201804SC18051,1,9,0,18,6,0,0,0,0,0,4,1,6,3,-1,-1,-1,-1,-1,-1,-1,-1
201804SC18052,1,9,0,9,0,2,0,0,0,1,1,1,6,1,57,9,2143,2,1,4,1,4
201804SC18053,1,19,0,9,0,5,0,0,0,0,1,1,1,1,61,9,2287,2,3,8,3,8
201804SC18054,1,9,0,4,0,1,1,0,0,0,1,1,6,1,55,8,1499,2,2,8,3,8
201804SC18054,2,9,0,2,0,2,0,0,0,0,3,1,2,2,23,5,1199,2,7,5,1,5
201804SC18055,1,9,0,10,0,1,0,0,0,0,1,1,6,1,74,10,1588,1,16,-1,-1,-1
201804SC18056,1,9,0,16,0,0,0,0,0,0,1,1,2,3,67,10,-1,-1,-1,-1,-1,-1
201804SC18057,1,10,0,6,0,3,0,0,0,0,3,1,6,1,76,11,-1,-1,-1,2,1,2
201804SC18057,2,5,0,13,0,3,0,0,0,0,1,1,2,2,30,6,599,1,11,2,1,2
201804SC18058,1,9,0,18,0,0,1,0,5,0,3,1,6,1,79,11,1498,1,3,-1,3,-1
201804SC18059,1,9,0,9,0,8,0,0,0,0,3,1,6,1,36,7,1396,1,5,1,1,1
201804SC18059,2,21,0,18,0,8,0,0,0,0,4,1,1,1,54,8,-1,2,15,9,2,9
201804SC18060,1,9,0,1,0,0,0,0,0,0,2,1,6,1,32,6,-1,-1,-1,1,1,1
201804SC18061,1,9,0,18,0,1,0,0,0,0,1,1,6,2,53,8,1560,2,4,10,1,10
201804SC18061,2,9,0,5,0,1,0,0,0,0,2,1,6,1,32,6,1597,2,4,6,1,6
201804SC18062,1,9,0,16,0,0,0,0,7,0,1,1,6,2,19,4,1242,1,7,5,1,5
201804SC18062,2,9,0,18,0,0,0,0,0,0,0,1,6,1,20,4,1995,2,2,6,1,6
201804SC18063,1,9,0,16,0,0,0,0,0,0,3,1,6,3,-1,-1,-1,-1,-1,-1,-1,-1
201804SC18063,2,9,0,16,0,0,1,0,2,7,4,1,6,1,36,7,1398,1,16,3,1,3
201804SC18064,1,3,0,18,0,1,2,10,1,2,4,1,6,1,17,4,125,1,1,8,3,8
201804SC18064,2,11,0,18,0,2,0,0,0,0,0,1,1,1,30,6,4250,2,12,2,1,2
201804SC18064,3,9,0,18,0,2,0,0,0,0,0,1,1,1,75,10,1599,1,12,2,1,2
201804SC18065,1,9,0,18,0,8,0,4,0,0,1,1,6,2,74,10,1242,1,15,6,1,6
201804SC18065,2,19,0,3,0,8,0,0,0,0,2,1,1,1,24,5,2198,2,1,7,3,7
201804SC18066,1,19,0,9,0,1,0,0,0,0,2,1,2,1,67,10,2198,2,2,8,3,8
201804SC18066,2,9,0,18,0,1,0,0,0,0,1,1,6,2,23,5,1596,1,16,8,1,8
201804SC18067,1,9,0,1,0,0,0,0,0,0,2,1,6,1,36,7,-1,-1,-1,-1,-1,-1
201804SC18067,2,5,0,18,0,0,0,0,0,0,4,1,6,1,74,10,675,1,9,2,1,2
201804SC18068,1,5,0,18,0,1,2,0,0,0,4,1,6,1,35,6,999,1,2,9,1,9
201804SC18069,1,9,0,17,0,0,1,0,1,4,1,1,6,1,34,6,1598,1,13,3,1,3
201804SC18070,1,9,0,16,0,0,0,0,7,10,1,1,6,2,75,10,1596,1,15,8,3,8
201804SC18070,2,90,0,2,9,0,0,0,0,0,1,1,6,3,-1,-1,-1,-1,-1,-1,-1,-1
201804SC18071,1,9,0,18,0,0,0,0,0,0,1,1,6,1,21,5,1896,2,15,4,1,4
201804SC18073,1,9,0,18,0,8,0,0,0,0,1,1,1,1,67,10,2982,2,6,9,3,9
201804SC18073,2,1,0,18,0,1,0,0,0,0,1,1,2,1,48,8,-1,-1,-1,3,1,3
201804SC18074,1,9,0,5,0,6,0,0,0,0,3,1,6,2,43,7,1968,2,8,6,1,6
201804SC18074,2,9,0,18,0,8,0,0,0,0,1,1,6,2,21,5,1242,1,4,10,1,10
201804SC18075,1,9,0,9,0,5,0,0,0,0,1,1,6,1,52,8,1496,2,2,7,3,7
201804SC18076,1,9,0,18,0,8,0,0,0,0,1,1,1,1,55,8,3456,8,2,7,3,7
201804SC18076,2,9,0,18,0,8,0,0,0,0,1,1,6,2,39,7,1969,2,3,10,2,10
201804SC18077,1,19,0,5,0,1,0,0,0,0,1,1,6,1,27,6,1998,2,12,4,1,4
201804SC18077,2,9,0,8,0,1,0,0,0,0,2,1,6,1,70,10,1896,2,10,3,2,3
201804SC18078,1,5,0,17,0,0,1,0,2,0,3,1,6,1,33,6,1157,1,12,2,1,2
201804SC18079,1,19,0,5,0,6,0,0,0,0,1,1,1,1,27,6,1968,2,3,1,1,1
201804SC18079,2,11,0,18,0,8,0,0,0,0,4,1,3,1,69,10,8268,2,17,2,1,2
201804SC18080,1,9,0,10,0,1,0,0,7,10,4,1,6,2,47,8,995,1,6,1,1,1
201804SC18080,2,9,0,18,0,1,0,0,0,0,1,1,1,1,34,6,1493,2,12,3,1,3
201804SC18081,1,90,0,9,0,8,0,0,0,0,1,1,1,1,35,6,-1,-1,-1,-1,-1,-1
201804SC18081,2,9,0,18,0,8,0,0,0,0,1,1,2,2,24,5,1998,1,12,2,1,2
201804SC18082,1,9,0,3,0,1,0,0,0,0,2,1,6,1,44,7,2720,2,12,6,1,6
201804SC18082,2,9,0,18,0,1,0,0,0,0,1,1,2,2,68,10,998,1,8,8,1,8
201804SC18083,1,90,0,18,0,1,0,0,0,0,1,1,1,1,22,5,-1,-1,-1,6,3,6
201804SC18083,2,90,0,10,0,1,0,0,0,0,2,1,1,1,64,9,-1,-1,-1,8,1,8
201804SC18084,1,9,0,5,0,1,0,0,0,0,1,1,6,2,28,6,1598,2,-1,1,1,1
201804SC18084,2,9,0,5,0,4,0,0,0,0,3,1,6,1,57,9,2495,2,14,6,1,6
201804SC18085,1,1,0,18,0,2,0,0,0,0,1,1,6,1,27,6,-1,-1,-1,1,1,1
201804SC18086,1,9,0,18,0,2,0,0,0,0,1,1,6,2,20,4,1229,1,6,8,1,8
201804SC18086,2,19,0,18,0,1,0,0,0,0,2,1,1,1,43,7,2287,2,4,2,1,2
201804SC18087,1,9,0,5,9,0,0,0,0,0,1,1,6,2,24,5,-1,-1,-1,5,1,5
201804SC18087,2,9,0,18,0,0,0,0,0,0,3,1,6,2,18,4,1299,1,10,9,1,9
201804SC18088,1,9,0,4,0,0,0,0,0,0,1,1,6,1,71,10,1596,1,12,4,2,4
201804SC18088,2,9,0,4,0,0,0,0,0,0,2,1,6,3,-1,-1,-1,-1,-1,-1,-1,-1
201804SC18089,1,9,0,13,0,1,0,0,0,0,1,1,6,1,78,11,1596,1,12,9,1,9
201804SC18089,2,9,0,18,0,1,0,0,0,0,1,1,6,1,74,10,1086,1,15,4,1,4
201804SC18089,3,9,0,3,0,1,0,0,0,0,3,1,6,2,35,6,-1,-1,-1,9,3,9
201804SC18090,1,9,0,4,0,4,0,0,0,0,1,1,6,1,60,9,1999,2,2,10,3,10
201804SC18090,2,9,0,3,0,1,0,0,0,0,2,1,6,1,62,9,1364,1,8,4,1,4
201804SC18091,1,9,0,18,0,8,0,0,0,0,1,1,6,2,62,9,1198,1,6,9,2,9
201804SC18091,2,1,0,18,0,1,0,0,0,0,3,1,6,1,40,7,-1,-1,-1,5,1,5
201804SC18092,1,9,0,5,0,8,0,0,0,0,3,1,1,2,32,6,1242,1,16,-1,-1,-1
201804SC18092,2,9,0,18,0,8,0,0,0,0,1,1,6,2,46,8,2148,2,9,4,3,4
201804SC18093,1,21,1,18,0,4,0,0,0,0,1,1,1,1,51,8,11967,2,5,7,1,7
201804SC18093,2,9,0,3,0,7,0,0,0,0,2,1,1,2,58,9,999,1,18,3,1,3
201804SC18094,1,2,0,18,0,8,0,0,0,0,1,1,3,1,16,4,49,1,1,5,1,5
201804SC18094,2,9,0,3,0,1,0,0,0,0,2,1,6,3,-1,-1,-1,-1,-1,-1,-1,-1
201804SC18095,1,5,0,13,0,0,2,0,0,0,1,1,6,1,20,4,599,1,16,5,1,5
201804SC18095,2,9,0,14,0,0,0,0,1,1,2,1,6,1,62,9,-1,-1,-1,9,2,9
201804SC18096,1,9,0,9,0,8,0,0,0,0,1,1,2,2,19,4,999,1,2,8,1,8
201804SC18096,2,9,0,18,0,8,0,0,7,0,1,1,6,1,33,6,1995,2,2,8,1,8
201804SC18097,1,9,0,11,0,0,1,0,2,7,1,1,2,2,49,8,1199,1,4,9,1,9
201804SC18098,1,9,0,9,0,1,0,0,0,0,1,1,6,1,63,9,1332,1,11,-1,-1,-1
201804SC18098,2,1,5,18,0,1,0,0,0,0,2,1,6,1,46,8,-1,-1,-1,2,1,2
201804SC18099,1,9,0,16,0,8,0,0,7,4,1,1,6,1,18,4,1998,1,16,1,1,1
201804SC18100,1,9,0,18,0,0,0,0,0,0,1,1,6,2,33,6,1798,1,9,5,1,5
201804SC18100,2,9,0,4,0,0,0,0,1,1,1,1,6,2,39,7,998,1,5,3,1,3
201804SC18101,1,1,0,18,0,8,0,0,0,0,3,1,6,1,8,2,-1,-1,-1,9,2,9
201804SC18101,2,9,0,18,0,1,0,0,0,0,4,1,6,1,23,5,1598,1,5,8,1,8
201804SC18102,1,9,0,12,0,0,0,0,0,0,0,1,6,3,-1,-1,-1,-1,-1,-1,-1,-1
201804SC18102,2,9,0,18,0,0,1,0,0,0,2,1,6,2,37,7,1398,1,5,2,1,2
201804SC18102,3,9,0,18,0,0,0,0,0,0,1,1,6,1,20,4,1395,1,3,-1,-1,-1
201804SC18103,1,9,0,17,0,8,0,0,3,9,1,1,6,1,17,4,-1,-1,-1,9,3,9
201804SC18105,1,1,0,18,0,6,0,0,0,0,1,1,6,1,9,2,-1,-1,-1,5,1,5
201804SC18105,2,9,0,18,0,2,0,0,0,0,4,1,2,1,18,4,1595,2,8,-1,-1,-1
201804SC18106,1,9,0,17,0,1,1,0,1,4,1,1,2,1,26,6,1796,1,5,7,1,7
201804SC18106,2,10,0,3,0,1,0,0,0,0,1,1,1,1,43,7,-1,-1,-1,-1,-1,-1
201804SC18106,3,9,0,18,0,1,1,0,0,0,0,1,1,1,41,7,2982,2,4,3,1,3
201804SC18107,1,9,0,18,0,0,0,0,0,0,0,1,6,1,26,6,1984,1,1,-1,-1,-1
201804SC18107,2,1,0,18,0,0,0,0,0,0,1,1,6,1,14,3,-1,-1,-1,-1,-1,-1
201804SC18108,1,9,0,18,0,0,1,0,5,6,0,1,1,1,42,7,1560,2,3,4,1,4
201804SC18109,1,9,0,4,0,0,0,0,0,0,1,1,6,1,27,6,1398,2,15,8,1,8
201804SC18110,1,1,0,18,0,6,2,0,0,0,3,1,6,1,21,5,-1,-1,-1,-1,-1,-1
201804SC18110,2,19,0,18,0,2,1,0,0,0,1,1,6,1,43,7,1896,2,9,7,3,7
201804SC18111,1,9,0,18,0,0,0,0,0,0,1,1,2,2,32,6,1598,2,4,8,1,8
201804SC18111,2,19,0,4,0,0,0,0,0,0,2,1,1,1,48,8,-1,-1,-1,3,1,3
201804SC18112,1,9,0,16,0,0,0,0,8,10,1,1,6,1,75,10,1598,1,6,-1,-1,-1
201804SC18113,1,5,0,18,0,0,1,0,0,0,4,1,6,1,58,9,1199,1,-1,2,1,2
201804SC18114,1,5,0,18,0,0,0,0,1,7,4,1,6,1,25,5,750,1,18,1,1,1
201804SC18114,2,9,0,11,0,0,0,0,0,0,0,1,6,2,38,7,2720,2,10,4,1,4
201804SC18115,1,9,0,5,0,6,0,0,0,0,3,1,6,2,25,5,1499,2,2,2,1,2
201804SC18115,2,4,0,18,0,1,2,0,0,0,1,1,6,1,44,7,347,1,26,1,1,1
201804SC18116,1,9,0,9,0,8,0,0,0,0,1,1,6,2,18,4,1149,1,10,10,1,10
201804SC18116,2,1,0,18,0,8,0,0,0,0,3,1,6,1,48,8,-1,-1,-1,9,1,9
201804SC18117,1,9,0,12,0,3,0,0,0,0,3,1,6,2,62,9,1461,2,3,7,1,7
201804SC18117,2,9,0,18,0,4,0,0,0,0,1,1,6,2,28,6,1197,1,2,7,1,7
201804SC18118,1,90,0,7,0,8,0,0,0,0,1,1,6,1,72,10,-1,-1,-1,6,2,6
201804SC18118,2,1,0,5,0,8,0,0,0,0,2,1,6,1,70,10,-1,-1,-1,7,1,7
201804SC18119,1,9,0,7,0,0,1,0,0,4,1,1,6,1,42,7,1991,2,12,3,2,3
201804SC18121,1,9,0,18,0,1,0,0,1,0,0,1,6,1,83,11,1364,1,9,5,1,5
201804SC18121,2,9,0,3,0,4,0,0,0,0,4,1,6,1,53,8,1587,1,13,1,1,1
201804SC18123,1,9,0,5,0,4,0,0,0,0,1,1,6,2,44,7,1998,1,16,5,1,5
201804SC18123,2,9,0,3,0,4,0,0,0,0,2,1,6,2,47,8,1242,1,3,9,2,9
201804SC18124,1,9,0,2,0,0,0,0,0,0,1,1,6,2,45,7,1590,1,17,2,1,2
201804SC18125,1,9,0,18,0,8,0,0,0,0,3,1,1,1,21,5,-1,-1,-1,4,2,4
201804SC18125,2,10,0,18,0,8,0,0,0,0,1,1,6,2,47,8,-1,-1,-1,7,2,7
201804SC18126,1,9,0,18,0,0,0,0,1,0,1,1,2,2,55,8,1781,1,15,6,1,6
201804SC18126,2,9,0,18,0,0,0,0,1,0,1,1,6,1,37,7,1668,1,15,-1,-1,-1
201804SC18127,1,20,0,18,0,1,0,0,0,0,4,1,1,1,58,9,6700,2,1,4,1,4
201804SC18127,2,9,0,7,0,1,0,0,0,0,3,1,6,2,26,6,1499,1,-1,4,2,4
201804SC18128,1,5,0,13,0,1,0,0,0,0,1,1,6,1,48,8,1255,1,8,4,1,4
201804SC18128,2,9,0,9,0,1,0,0,0,0,3,1,6,1,37,7,1124,1,12,8,2,8
201804SC18129,1,9,0,9,0,5,0,0,0,0,1,1,6,2,28,6,1198,1,3,10,3,10
201804SC18129,2,5,0,18,0,1,1,0,1,0,1,1,6,1,49,8,999,1,12,5,1,5
201804SC18129,3,4,0,18,0,1,0,0,0,0,0,1,6,3,-1,-1,-1,-1,-1,-1,-1,-1
201804SC18130,1,9,0,16,0,0,0,0,0,0,1,1,6,2,21,5,1596,1,1,3,1,3
201804SC18130,2,9,0,17,0,0,0,0,0,0,1,1,1,2,27,6,1388,1,6,5,1,5
201804SC18131,1,9,0,18,0,0,0,0,0,0,3,1,6,2,68,10,1798,8,2,3,1,3
201804SC18132,1,9,0,18,0,1,0,0,0,0,1,1,6,2,46,8,1969,2,1,6,1,6
201804SC18132,2,9,0,18,0,1,0,0,0,0,1,1,6,2,29,6,1332,1,22,-1,-1,-1
201804SC18133,1,9,0,15,0,8,0,0,0,0,4,1,2,2,63,9,1596,1,12,6,1,6
201804SC18133,2,1,0,18,0,8,0,0,0,0,1,1,6,1,23,5,-1,-1,-1,9,1,9
201804SC18134,1,9,0,7,0,8,0,0,0,0,3,1,6,3,-1,-1,-1,-1,-1,-1,-1,-1
201804SC18135,1,9,0,7,0,1,0,0,0,0,1,1,6,1,22,5,1400,1,18,7,2,7
201804SC18135,2,9,0,8,0,1,0,0,0,0,2,1,6,2,26,6,1591,1,3,3,3,3
201804SC18136,1,9,0,18,0,0,0,0,0,0,1,1,6,1,36,7,1910,2,9,4,1,4
201804SC18136,2,9,0,3,0,0,0,0,0,0,2,1,6,1,33,6,2993,2,10,2,1,2
201804SC18136,3,19,0,3,0,0,0,0,0,0,2,1,6,1,21,5,1248,2,1,4,1,4
201804SC18137,1,9,0,9,0,8,0,0,0,0,1,1,6,1,43,7,1498,1,-1,4,2,4
201804SC18137,2,1,0,18,0,8,0,0,0,0,1,1,6,1,43,7,-1,-1,-1,8,1,8
201804SC18138,1,9,0,6,0,0,0,0,4,0,2,1,6,1,32,6,1968,2,13,1,1,1
201804SC18138,2,9,0,18,0,0,0,0,0,0,1,1,6,1,21,5,1398,1,1,10,1,10
201804SC18139,1,9,0,5,0,8,0,0,0,0,4,1,6,1,25,5,1364,1,13,3,2,3
201804SC18139,2,4,0,5,0,8,2,0,0,0,3,1,6,1,26,6,903,1,4,2,1,2
201804SC18140,1,9,0,18,0,2,0,0,0,0,4,1,2,2,22,5,1242,1,6,10,3,10
201804SC18140,2,9,0,18,0,2,0,0,0,0,0,1,2,2,48,8,1997,2,7,5,1,5
201804SC18140,3,9,0,18,0,1,0,0,0,0,0,1,6,1,35,6,1984,1,1,7,1,7
201804SC18141,1,9,0,10,0,0,0,0,0,0,3,1,6,1,18,4,998,1,4,9,2,9
201804SC18141,2,1,0,18,0,0,0,0,0,0,1,1,6,1,24,5,-1,-1,-1,2,-1,2
201804SC18142,1,9,0,4,0,2,0,0,0,0,1,1,6,1,49,8,1388,1,10,2,1,2
201804SC18142,2,9,0,3,0,1,0,0,0,0,2,1,6,2,22,5,1364,1,2,6,1,6
201804SC18143,1,9,0,18,0,1,0,0,0,0,1,1,6,1,67,10,1149,1,11,5,2,5
201804SC18144,1,5,0,4,0,0,1,0,0,0,3,1,6,1,55,8,1157,1,11,8,1,8
201804SC18145,1,11,0,18,0,1,0,0,0,0,0,1,1,1,54,8,-1,-1,-1,4,1,4
201804SC18146,1,20,0,4,0,0,0,0,0,0,1,1,1,2,41,7,5193,2,11,3,1,3
201804SC18146,2,11,0,2,6,0,0,0,0,0,0,1,1,1,40,7,9000,2,3,8,1,8
201804SC18147,1,9,0,14,0,2,0,0,0,0,1,1,6,1,20,4,1242,1,11,10,1,10
201804SC18147,2,9,0,16,0,1,0,0,0,0,1,1,6,1,21,5,1560,2,8,10,1,10
201804SC18148,1,21,1,18,0,0,0,12,0,0,1,1,1,1,57,9,11967,2,6,-1,1,-1
201804SC18149,1,5,0,18,0,0,1,0,0,0,1,1,6,1,19,4,645,1,3,3,1,3
201804SC18150,1,9,0,5,9,1,0,0,0,0,1,1,6,2,39,7,999,1,2,2,1,2
201804SC18150,2,1,0,4,5,1,0,0,0,0,1,1,4,1,11,3,-1,-1,-1,5,1,5
201804SC18151,1,9,0,9,0,8,0,0,0,0,1,1,6,1,21,5,1598,1,15,3,1,3
201804SC18151,2,9,0,8,0,8,0,0,0,0,3,1,6,2,29,6,998,1,2,4,2,4
201804SC18152,1,10,0,5,0,0,0,0,0,0,0,1,6,1,58,9,-1,-1,-1,2,1,2
201804SC18153,1,9,0,18,0,0,0,0,7,10,1,1,6,2,30,6,1598,2,-1,4,1,4
201804SC18154,1,10,0,18,0,2,0,0,0,0,3,1,1,2,31,6,-1,-1,-1,9,1,9
201804SC18154,2,9,0,18,0,8,0,0,0,0,1,1,3,1,43,7,1299,1,15,8,1,8
201804SC18155,1,21,1,11,0,0,0,0,0,0,1,1,1,1,67,10,10518,2,7,-1,-1,-1
201804SC18155,2,9,0,18,0,0,0,0,0,0,3,1,6,1,72,10,1399,1,1,10,2,10
201804SC18156,1,9,0,18,0,0,0,0,0,0,1,1,6,1,88,11,1598,1,11,-1,-1,-1
201804SC18156,2,9,0,18,0,0,0,0,0,0,3,1,6,1,42,7,1596,1,14,-1,-1,-1
201804SC18156,3,90,0,18,0,0,0,0,0,0,3,1,6,2,52,8,-1,-1,-1,7,1,7
201804SC18157,1,9,0,18,0,0,2,0,1,4,3,1,2,2,30,6,1388,1,10,3,1,3
201804SC18158,1,21,0,17,0,8,5,0,0,0,4,1,1,1,41,7,-1,-1,-1,-1,-1,-1
201804SC18159,1,9,0,17,0,1,0,0,1,0,2,1,6,1,15,3,1399,1,1,5,1,5
201804SC18159,2,9,0,3,0,2,0,0,0,0,0,1,6,1,50,8,2199,2,-1,-1,-1,-1
201804SC18160,1,9,0,4,0,1,0,0,0,0,1,1,6,3,-1,-1,1796,1,7,-1,-1,-1
201804SC18160,2,9,0,8,0,1,0,0,0,0,2,1,6,2,42,7,1968,2,5,7,3,7
201804SC18161,1,9,0,7,0,8,0,0,2,0,3,1,6,2,70,10,1200,1,2,8,1,8
201804SC18161,2,9,0,18,0,3,0,0,0,0,4,1,6,1,33,6,1997,1,18,5,1,5
201804SC18162,1,9,0,18,0,0,0,0,0,0,1,1,6,2,22,5,998,1,4,4,1,4
201804SC18162,2,9,0,18,0,0,0,0,0,0,2,1,6,2,44,7,998,1,4,3,1,3
201804SC18163,1,9,0,9,0,8,0,0,0,0,3,1,2,2,20,4,1368,1,12,2,1,2
201804SC18163,2,5,0,16,0,8,5,0,0,0,1,1,6,1,35,6,599,1,13,1,1,1
201804SC18163,3,5,0,18,0,1,0,0,0,0,0,1,6,1,39,7,998,1,14,1,1,1
201804SC18164,1,90,0,18,0,0,0,0,0,0,1,1,6,1,22,5,805,1,12,8,2,8
201804SC18165,1,9,0,18,0,1,0,0,0,0,1,1,2,1,42,7,1582,2,2,10,1,10
201804SC18165,2,9,0,9,0,2,0,0,0,0,4,1,2,1,27,6,1598,2,3,4,1,4
201804SC18165,3,9,0,7,0,1,0,0,0,0,3,1,1,1,25,5,-1,-1,-1,3,1,3
201804SC18165,4,9,0,9,0,2,0,0,0,0,4,1,6,1,36,7,1595,1,-1,4,2,4
201804SC18165,5,19,0,7,0,2,0,0,0,0,3,1,6,1,61,9,1995,2,5,5,1,5
201804SC18166,1,9,0,11,0,0,0,0,0,0,1,1,1,1,58,9,1497,8,1,9,1,9
201804SC18166,2,9,0,17,0,0,0,0,0,0,4,1,6,2,51,8,1461,2,8,6,1,6
201804SC18167,1,9,0,2,0,0,0,0,0,0,4,1,6,2,29,6,1598,1,13,-1,-1,-1
201804SC18167,2,9,0,18,0,0,0,4,0,0,3,1,6,1,49,8,1997,2,6,-1,-1,-1
201804SC18168,1,1,0,18,0,0,5,0,0,0,3,1,6,1,63,9,-1,-1,-1,9,1,9
201804SC18168,2,9,0,4,0,0,0,0,0,0,4,1,6,2,47,8,1968,2,4,7,1,7
201804SC18169,1,9,0,1,0,1,0,0,0,0,2,1,6,2,46,8,1560,2,8,-1,-1,-1
201804SC18170,1,9,0,18,0,1,0,0,0,0,1,1,1,1,41,7,1390,1,16,-1,-1,-1
201804SC18170,2,1,0,18,0,2,0,0,0,0,3,1,6,1,34,6,-1,-1,-1,-1,-1,-1
201804SC18171,1,9,0,4,0,0,0,0,0,0,1,1,6,1,30,6,-1,-1,-1,10,3,10
201804SC18171,2,9,0,3,0,0,0,0,0,0,2,1,3,2,29,6,1997,2,4,2,1,2
201804SC18172,1,9,0,1,0,0,0,4,0,0,2,1,6,1,56,9,-1,-1,-1,-1,-1,-1
201804SC18172,2,9,0,4,0,0,0,0,0,0,2,1,6,2,58,9,1598,1,15,-1,-1,-1
201804SC18173,1,9,0,5,0,0,0,0,0,0,1,1,6,2,37,7,1595,1,8,5,1,5
201804SC18173,2,3,0,16,0,0,5,0,0,0,1,1,6,1,39,7,125,1,4,1,1,1
201804SC18174,1,9,0,4,0,0,0,0,1,2,3,1,6,1,77,11,1588,1,13,7,1,7
201804SC18174,2,9,0,3,0,0,0,0,0,0,2,1,3,3,-1,-1,1796,1,8,-1,-1,-1
201804SC18174,3,9,0,3,0,0,0,0,0,0,4,2,6,3,-1,-1,2179,2,5,-1,-1,-1
201804SC18174,4,9,0,3,0,0,0,0,0,0,2,1,6,3,-1,-1,1560,2,2,-1,-1,-1
201804SC18176,1,9,0,18,0,0,1,0,1,0,1,1,6,1,56,9,2179,2,4,8,1,8
201804SC18176,2,9,0,18,0,0,0,0,1,0,1,1,6,1,26,6,1686,2,13,6,1,6
201804SC18177,1,9,0,16,0,0,0,6,1,0,1,1,6,2,49,8,1910,2,12,1,1,1
201804SC18178,1,9,0,18,0,2,0,0,0,1,0,1,6,3,-1,-1,-1,-1,-1,-1,-1,-1