Accident_Index,Vehicle_Reference,Vehicle_Type,Towing_and_Articulation,Vehicle_Manoeuvre,Vehicle_Location-Restricted_Lane,Junction_Location,Skidding_and_Overturning,Hit_Object_in_Carriageway,Vehicle_Leaving_Carriageway,Hit_Object_off_Carriageway,1st_Point_of_Impact,Was_Vehicle_Left_Hand_Drive?,Journey_Purpose_of_Driver,Sex_of_Driver,Age_of_Driver,Age_Band_of_Driver,Engine_Capacity_(CC),Propulsion_Code,Age_of_Vehicle,Driver_IMD_Decile,Driver_Home_Area_Type,Vehicle_IMD_Decile
201804SC18179,1,90,4,7,0,8,0,0,1,0,3,1,1,1,54,8,-1,-1,-1,6,1,6
201804SC18179,2,1,0,18,0,8,0,0,0,0,3,1,6,2,30,6,-1,-1,-1,4,2,4
201804SC18179,3,9,0,7,0,8,0,0,1,0,0,1,6,3,-1,-1,-1,-1,-1,-1,-1,-1
201804SC18180,1,9,0,16,0,4,5,0,0,0,1,1,2,2,46,8,2179,2,10,9,3,9
201804SC18180,2,9,0,17,0,8,0,0,0,0,4,1,2,1,42,7,1986,2,12,5,1,5
201804SC18180,3,9,0,17,0,8,0,0,0,0,4,1,2,2,45,7,2143,2,5,-1,-1,-1
201804SC18181,1,9,0,6,0,0,0,0,0,0,3,1,6,1,29,6,1149,1,13,3,1,3
201804SC18181,2,4,0,18,0,0,0,0,1,1,1,1,6,1,63,9,198,1,15,3,1,3
201804SC18182,1,9,0,18,0,0,2,0,4,6,3,1,6,1,48,8,1587,1,12,1,1,1
201804SC18183,1,9,0,1,0,0,0,0,0,0,2,1,6,2,59,9,1396,1,6,8,2,8
201804SC18184,1,19,0,12,0,3,0,0,0,0,3,1,6,1,59,9,-1,-1,-1,6,1,6
201804SC18184,2,9,0,18,0,8,0,0,0,0,4,1,6,1,47,8,1796,1,11,7,1,7
201804SC18185,1,90,0,5,0,2,0,0,0,0,1,1,1,1,59,9,-1,-1,-1,3,1,3
201804SC18185,2,9,0,18,0,1,0,0,1,0,3,1,2,1,31,6,998,1,10,-1,-1,-1
201804SC18186,1,21,4,5,0,4,0,0,0,0,2,1,1,1,24,5,10837,2,1,7,2,7
201804SC18186,2,9,0,3,0,3,0,0,0,0,2,1,6,2,53,8,1398,2,12,9,1,9
201804SC18187,1,9,0,4,0,1,0,0,0,0,1,1,6,1,63,9,1998,1,16,3,1,3
201804SC18187,2,9,0,4,0,1,0,0,0,0,2,1,6,1,77,11,1956,2,4,7,2,7
201804SC18188,1,9,0,7,0,8,0,0,0,0,3,1,6,2,55,8,1612,1,5,5,1,5
201804SC18188,2,9,0,4,0,1,0,0,0,0,3,1,6,2,24,5,1360,1,6,1,1,1
201804SC18189,1,9,0,9,0,8,0,0,0,0,1,1,6,3,-1,-1,-1,-1,-1,-1,-1,-1
201804SC18189,2,1,0,4,0,8,0,0,0,0,3,1,6,1,43,7,-1,-1,-1,6,3,6
201804SC18190,1,3,0,16,0,0,1,0,0,0,1,1,6,1,17,4,125,1,2,3,1,3
201804SC18190,2,9,0,4,0,0,0,0,0,7,3,1,6,1,47,8,1149,1,16,-1,-1,-1
201804SC18191,1,5,0,7,0,3,0,0,0,0,1,1,6,1,65,9,900,1,19,5,1,5
201804SC18191,2,9,0,9,0,3,0,0,0,0,2,1,6,2,19,4,999,1,-1,3,1,3
201804SC18192,1,9,0,18,0,0,2,0,1,0,1,1,2,2,29,6,1598,2,2,2,1,2
201804SC18193,1,9,0,18,0,8,0,0,0,0,1,1,6,1,21,5,1798,1,1,2,1,2
201804SC18193,2,9,0,18,0,8,0,0,0,0,3,1,6,2,33,6,1587,1,12,7,1,7
201804SC18194,1,9,0,12,0,0,0,0,0,0,1,1,6,1,20,4,1198,1,11,9,2,9
201804SC18194,2,9,0,4,0,0,0,0,0,0,2,1,6,2,36,7,1968,2,13,-1,3,-1
201804SC18195,1,9,0,18,9,0,0,0,2,2,1,1,6,1,84,11,1198,1,5,7,3,7
201804SC18196,1,9,0,13,0,0,1,0,2,0,1,1,6,1,63,9,1997,2,3,8,1,8
201804SC18196,2,9,0,18,0,0,0,0,0,0,2,1,6,1,75,10,1997,1,4,5,1,5
201804SC18197,1,9,0,9,9,0,1,0,1,10,4,1,6,1,18,4,1149,1,5,6,2,6
201804SC18198,1,9,0,18,0,0,0,0,0,0,1,1,6,1,19,4,998,1,4,8,1,8
201804SC18198,2,9,0,18,0,0,0,0,0,0,2,1,1,1,50,8,1968,2,10,1,1,1
201804SC18199,1,90,0,18,0,0,0,0,1,0,0,2,6,1,39,7,-1,-1,-1,-1,-1,-1
201804SC18200,1,90,0,6,0,0,0,0,0,0,3,1,1,1,25,5,-1,-1,-1,-1,2,-1
201804SC18200,2,9,0,18,0,0,0,0,0,0,1,1,6,1,25,5,2143,2,1,9,1,9
201804SC18201,1,9,0,18,0,1,0,0,0,0,1,1,6,3,-1,-1,-1,-1,-1,-1,-1,-1
201804SC18201,2,1,0,5,0,4,0,0,0,0,1,1,6,1,9,2,-1,-1,-1,9,1,9
201804SC18204,1,9,0,4,0,0,0,0,0,0,1,1,6,1,31,6,2149,2,11,7,1,7
201804SC18204,2,9,0,4,0,0,0,0,0,0,2,1,6,2,30,6,1560,2,5,10,1,10
201804SC18205,1,9,0,17,9,1,0,10,1,4,1,1,6,1,25,5,1998,2,12,8,3,8
201804SC18206,1,9,0,9,0,6,0,0,0,0,1,1,6,2,39,7,1896,2,15,7,1,7
201804SC18206,2,9,0,18,0,8,0,0,0,0,1,1,6,1,36,7,1984,1,9,5,1,5
201804SC18207,1,9,0,18,0,1,1,0,3,10,1,1,6,3,-1,-1,1242,1,16,-1,-1,-1
201804SC18207,2,9,0,18,0,1,0,0,0,0,0,1,1,1,41,7,2993,2,2,2,1,2
201804SC18208,1,9,0,18,0,0,2,0,8,0,1,1,2,2,50,8,1390,1,11,7,1,7
201804SC18209,1,1,0,18,0,0,0,0,0,0,1,1,6,1,45,7,-1,-1,-1,8,1,8
201804SC18210,1,9,0,10,0,6,0,0,0,0,1,1,6,1,66,10,-1,-1,-1,5,1,5
201804SC18210,2,9,0,18,0,1,1,10,7,0,4,1,6,2,20,4,1124,1,17,6,1,6
201804SC18211,1,9,0,18,0,2,1,0,0,0,1,1,6,2,74,10,1197,1,4,2,1,2
201804SC18211,2,9,0,3,0,2,0,0,0,0,2,1,6,2,20,4,1198,1,6,-1,-1,-1
201804SC18211,3,9,0,3,0,2,0,0,0,0,2,1,2,1,36,7,1995,2,-1,6,2,6
201804SC18211,4,9,0,3,0,2,0,0,0,0,2,1,6,1,63,9,1995,2,12,9,1,9
201804SC18211,5,9,0,3,0,2,0,0,0,0,2,1,6,2,49,8,1498,1,-1,10,1,10
201804SC18212,1,9,0,18,0,1,0,0,0,0,1,1,6,3,-1,-1,-1,-1,-1,-1,-1,-1
201804SC18213,1,9,0,4,0,1,0,0,0,0,1,1,6,1,58,9,4461,2,4,4,1,4
201804SC18213,2,9,0,4,0,1,0,0,0,0,2,1,6,1,47,8,1896,2,11,-1,-1,-1
201804SC18214,1,9,0,18,0,0,0,0,0,0,1,1,6,2,30,6,1124,1,9,4,1,4
201804SC18215,1,9,0,13,0,1,0,7,1,2,3,1,6,2,32,6,1598,1,10,1,1,1
201804SC18215,2,9,0,5,0,2,0,0,0,0,3,1,6,2,65,9,1198,1,2,10,1,10
201804SC18215,3,9,0,18,0,1,0,0,0,0,1,1,6,2,21,5,1242,1,6,6,1,6
201804SC18216,1,9,0,18,0,0,1,4,0,0,3,1,6,1,19,4,1200,1,1,5,1,5
201804SC18216,2,9,0,2,0,0,0,0,0,0,2,1,6,3,-1,-1,1596,1,9,-1,-1,-1
201804SC18216,3,9,0,2,0,0,0,0,0,0,2,1,6,3,-1,-1,-1,-1,-1,-1,-1,-1
201804SC18218,1,4,0,18,0,1,1,0,1,0,3,1,6,1,54,8,371,1,42,-1,-1,-1
201804SC18219,1,9,0,5,0,6,0,0,1,0,1,1,6,1,55,8,1496,2,2,10,1,10
201804SC18219,2,1,0,18,9,8,0,0,0,0,4,1,6,1,23,5,-1,-1,-1,3,1,3
201804SC18220,1,90,0,18,0,1,0,0,0,0,4,1,1,3,-1,-1,6700,2,2,-1,-1,-1
201804SC18220,2,9,0,9,0,8,0,0,0,0,4,1,6,1,46,8,2777,2,10,5,1,5
201804SC18221,1,11,0,5,0,0,0,0,0,0,1,1,6,1,50,8,9000,2,3,-1,-1,-1
201804SC18222,1,9,0,18,0,1,0,0,0,0,1,1,6,1,84,11,1248,1,6,5,1,5
201804SC18222,2,5,0,18,0,1,0,0,0,0,2,1,6,1,58,9,999,1,-1,8,3,8
201804SC18223,1,9,0,18,0,0,1,0,2,7,4,1,6,2,19,4,1242,1,5,9,1,9
201804SC18224,1,3,0,4,0,0,1,0,0,0,1,1,6,1,28,6,125,1,-1,7,2,7
201804SC18224,2,9,0,10,0,0,0,0,0,0,2,1,6,1,37,7,1398,1,1,3,1,3
201804SC18226,1,9,0,4,0,0,0,0,0,0,1,1,2,2,44,7,1197,1,6,8,-1,8
201804SC18226,2,9,0,4,0,0,0,0,0,0,2,1,2,1,49,8,1497,8,10,1,1,1
201804SC18227,1,9,0,9,0,8,0,0,0,0,4,1,6,2,18,4,1198,1,9,8,1,8
201804SC18227,2,9,0,18,0,8,1,0,0,1,1,1,6,1,19,4,1527,2,19,9,3,9
201804SC18228,1,9,0,18,0,0,0,0,0,0,1,1,2,2,26,6,1197,1,3,8,1,8
201804SC18228,2,19,0,4,0,0,0,0,0,0,2,1,1,1,36,7,2198,2,6,1,1,1
201804SC18229,1,9,0,9,0,1,0,0,0,0,1,1,6,1,67,10,1968,2,3,-1,-1,-1
201804SC18229,2,3,0,18,0,1,0,0,0,0,1,1,6,2,30,6,998,1,13,-1,-1,-1
201804SC18230,1,9,0,18,0,0,0,0,0,0,1,1,2,2,36,7,1560,2,5,5,1,5
201804SC18230,2,9,0,5,0,0,0,0,0,0,2,1,2,2,33,6,1461,2,3,4,1,4
201804SC18231,1,9,0,5,0,8,0,0,7,0,1,1,6,2,78,11,1591,1,5,9,1,9
201804SC18231,2,9,0,18,0,1,0,0,0,0,1,1,2,2,50,8,1086,1,9,8,2,8
201804SC18231,3,9,0,3,0,1,0,0,0,0,1,1,6,1,83,11,1461,2,8,-1,-1,-1
201804SC18232,1,9,0,15,0,3,1,0,0,0,3,1,6,2,31,6,-1,-1,-1,4,1,4
201804SC18232,2,9,0,18,0,2,0,0,0,0,1,1,6,1,29,6,1461,2,-1,-1,-1,-1
201804SC18233,1,5,0,18,0,6,1,0,0,0,4,1,6,1,59,9,1250,1,5,7,1,7
201804SC18234,1,9,0,13,0,0,0,0,7,0,1,1,6,1,23,5,1995,2,11,2,1,2
201804SC18234,2,9,0,18,0,0,0,0,1,0,3,1,6,2,52,8,1598,2,7,9,3,9
201804SC18235,1,9,0,9,0,0,0,0,0,0,1,1,6,1,54,8,1598,2,6,9,3,9
201804SC18235,2,5,0,18,0,0,0,0,0,0,1,1,6,1,62,9,1037,1,3,3,1,3
201804SC18236,1,9,0,16,0,0,0,0,0,0,0,1,6,1,18,4,998,1,4,10,2,10
201804SC18236,2,1,0,2,0,0,0,0,1,9,0,1,6,2,52,8,-1,-1,-1,9,2,9
201804SC18237,1,9,0,18,0,0,0,0,7,10,1,1,6,1,53,8,1560,2,10,7,1,7
201804SC18238,1,9,0,18,0,1,0,0,0,0,1,1,6,2,25,5,1422,2,11,9,3,9
201804SC18239,1,9,0,11,0,0,2,0,0,0,4,1,6,1,26,6,2000,2,12,5,3,5
201804SC18239,2,9,0,12,0,0,1,0,0,0,3,1,6,1,74,10,1388,1,11,9,1,9
201804SC18240,1,9,0,18,0,0,0,0,0,0,1,1,6,2,-1,-1,1596,1,18,5,1,5
201804SC18240,2,9,0,3,0,0,0,0,0,0,2,1,3,2,44,7,1399,1,1,9,1,9
201804SC18241,1,1,0,18,0,0,5,0,0,0,1,1,6,1,52,8,-1,-1,-1,3,1,3
201804SC18241,2,9,0,18,0,0,0,0,0,0,1,1,6,2,59,9,1242,1,1,9,3,9
201804SC18242,1,9,0,18,0,0,0,0,0,0,1,1,2,1,34,6,1997,1,11,10,1,10
201804SC18242,2,9,0,18,0,0,0,0,0,0,1,1,6,2,44,7,-1,-1,-1,4,1,4
201804SC18243,1,9,0,5,0,5,0,0,0,0,3,1,6,1,50,8,-1,-1,-1,3,1,3
201804SC18243,2,1,0,18,0,8,0,0,0,0,1,1,6,1,47,8,-1,-1,-1,6,1,6
201804SC18244,1,9,0,18,0,2,5,0,1,6,1,1,6,1,28,6,1398,1,-1,1,1,1
201804SC18245,1,9,0,18,0,0,0,0,0,0,0,1,6,3,-1,-1,-1,-1,-1,-1,-1,-1
201804SC18245,2,9,0,18,0,0,1,0,1,4,1,1,6,2,24,5,1198,1,13,3,1,3
201804SC18246,1,9,0,18,0,0,0,0,1,1,1,1,6,1,19,4,1360,1,13,9,1,9
201804SC18247,1,9,0,1,9,0,0,0,0,0,2,1,6,3,-1,-1,-1,-1,-1,-1,-1,-1
201804SC18248,1,9,0,7,0,4,0,0,0,1,1,1,6,1,27,6,1968,2,5,-1,-1,-1
201804SC18249,1,9,0,18,0,0,0,0,0,6,3,1,2,2,39,7,1248,2,5,1,1,1
201804SC18250,1,9,0,17,0,0,2,0,1,0,1,1,6,1,17,4,998,1,13,4,1,4
201804SC18251,1,9,0,9,0,6,0,0,0,0,1,1,6,1,26,6,1363,2,13,-1,-1,-1
201804SC18251,2,9,0,18,0,8,0,0,0,0,3,1,6,2,23,5,998,1,3,-1,-1,-1
201804SC18252,1,90,0,18,0,1,2,0,0,0,3,1,6,2,55,8,-1,-1,-1,4,1,4
201804SC18253,1,2,0,18,0,0,1,0,0,0,4,1,1,1,17,4,-1,-1,-1,-1,-1,-1
201804SC18254,1,9,0,4,0,0,0,0,0,0,1,1,2,2,20,4,-1,-1,-1,10,1,10
201804SC18254,2,9,0,3,0,0,0,0,0,0,2,1,2,2,46,8,1997,2,10,9,1,9
201804SC18255,1,90,0,2,0,1,0,0,0,0,1,1,1,1,28,6,-1,-1,-1,-1,-1,-1
201804SC18255,2,9,0,3,0,1,0,0,0,0,1,1,1,1,83,11,3199,1,17,8,1,8
201804SC18256,1,9,0,18,0,0,0,0,0,0,1,1,6,1,36,7,1995,2,11,4,1,4
201804SC18256,2,9,0,2,9,0,0,0,0,0,3,1,6,3,-1,-1,1598,1,4,-1,-1,-1
201804SC18256,3,9,0,2,9,0,0,0,0,0,2,1,6,3,-1,-1,1968,2,7,-1,-1,-1
201804SC18258,1,9,0,5,0,8,0,0,0,0,1,1,6,2,66,10,1998,1,3,8,2,8
201804SC18258,2,1,0,18,0,1,0,0,0,0,4,1,6,1,55,8,-1,-1,-1,10,1,10
201804SC18259,1,9,0,1,0,0,0,0,0,0,2,1,1,3,-1,-1,2000,2,12,-1,-1,-1
201804SC18259,2,1,0,18,0,0,0,0,0,0,1,1,6,1,10,2,-1,-1,-1,2,1,2
201804SC18260,1,19,0,18,0,1,0,0,1,0,1,1,1,1,26,6,1598,2,1,3,1,3
201804SC18260,2,9,0,10,0,1,0,0,1,0,2,1,6,1,36,7,1395,1,2,6,1,6
201804SC18261,1,9,0,12,0,0,0,0,0,6,1,1,6,2,71,10,1198,1,3,10,1,10
201804SC18262,1,9,0,9,0,8,0,0,0,0,3,1,2,1,21,5,1998,1,2,6,1,6
201804SC18262,2,5,0,18,0,1,1,0,0,0,1,1,2,1,28,6,636,1,12,1,1,1
201804SC18263,1,9,0,18,0,0,1,0,0,0,1,1,6,1,36,7,1968,2,8,2,1,2
201804SC18263,2,9,0,4,0,0,0,0,0,0,2,1,6,2,28,6,2987,2,10,2,1,2
201804SC18264,1,19,0,18,0,1,1,0,1,0,1,1,6,1,47,8,1968,2,6,9,3,9
201804SC18264,2,9,0,9,0,1,0,0,0,0,3,1,3,2,39,7,1461,2,10,7,3,7
201804SC18265,1,9,0,16,0,0,0,0,0,0,3,1,6,2,71,10,1596,1,3,-1,-1,-1
201804SC18265,2,9,0,17,0,0,0,0,0,0,4,1,6,1,45,7,1560,2,7,6,1,6
201804SC18266,1,9,0,18,7,0,0,0,0,0,1,1,6,1,25,5,1968,2,13,1,1,1
201804SC18266,2,9,0,2,6,0,0,0,0,0,2,1,6,1,26,6,1984,1,-1,7,1,7
201804SC18267,1,9,0,18,0,3,1,0,0,6,2,1,6,1,17,4,1590,1,14,7,3,7
201804SC18268,1,9,0,18,0,0,0,0,5,0,1,1,6,1,67,10,2696,2,9,1,1,1
201804SC18268,2,9,0,18,0,0,0,0,0,0,3,1,6,1,42,7,1910,2,11,6,2,6
201804SC18268,3,9,0,18,0,0,0,0,0,0,1,1,6,1,55,8,1685,2,-1,3,1,3
201804SC18269,1,9,0,18,0,8,0,0,0,0,1,1,6,2,18,4,1229,1,6,4,2,4
201804SC18269,2,90,0,18,0,8,0,0,0,0,1,1,1,1,53,8,-1,-1,-1,1,1,1
201804SC18270,1,9,0,5,0,0,0,0,0,0,1,1,1,1,32,6,1896,2,16,-1,-1,-1
201804SC18270,2,9,0,3,0,0,0,0,0,0,2,1,2,2,51,8,1560,2,11,7,2,7
201804SC18271,1,9,0,14,0,2,0,0,0,0,1,1,6,1,19,4,1149,1,14,1,1,1
201804SC18272,1,11,0,18,0,8,0,0,0,0,1,1,1,1,62,9,9186,2,4,2,1,2
201804SC18272,2,90,0,9,0,8,0,0,0,0,1,1,1,1,20,4,-1,-1,-1,6,1,6
201804SC18273,1,9,0,18,0,2,0,0,0,0,1,1,6,2,30,6,1390,1,4,10,1,10
201804SC18273,2,9,0,10,0,1,0,0,0,0,2,1,6,2,31,6,1242,1,4,6,1,6
201804SC18274,1,21,4,18,0,0,0,0,0,0,1,1,1,1,54,8,12809,2,5,3,1,3
201804SC18274,2,9,0,4,0,0,0,0,0,0,2,1,6,1,59,9,2993,2,13,8,1,8
201804SC18275,1,8,0,4,0,1,0,0,0,0,1,1,1,1,56,9,1598,2,6,8,3,8
201804SC18276,1,9,0,18,0,4,0,0,0,0,1,1,6,2,29,6,1910,2,11,7,2,7
201804SC18276,2,3,0,18,0,3,5,0,0,0,4,1,6,1,28,6,124,1,5,8,1,8
201804SC18277,1,9,0,18,0,1,0,0,0,0,1,1,6,2,50,8,998,1,4,5,1,5
201804SC18277,2,9,0,9,0,4,0,0,0,0,4,1,6,2,43,7,1995,2,2,5,1,5
201804SC18278,1,9,0,12,0,0,2,0,1,0,3,1,6,1,50,8,1084,1,1,9,2,9
201804SC18278,2,9,0,18,0,0,2,0,1,0,4,1,6,2,48,8,1560,2,6,2,1,2
201804SC18279,1,9,0,5,0,2,0,0,0,0,3,1,1,1,18,4,998,1,2,9,1,9
201804SC18279,2,9,0,18,0,1,0,0,0,0,4,1,1,1,42,7,1461,2,11,-1,-1,-1
201804SC18280,1,9,0,18,0,0,0,0,0,0,1,1,6,1,40,7,-1,-1,-1,3,2,3
201804SC18280,2,9,0,3,0,0,0,0,0,0,2,1,6,2,28,6,1461,2,12,-1,-1,-1
201804SC18281,1,90,0,18,0,0,0,0,0,0,1,1,3,2,37,7,-1,-1,-1,10,1,10
201804SC18281,2,9,0,4,0,0,0,0,0,0,2,2,3,1,45,7,2184,2,6,6,1,6
201804SC18282,1,20,0,9,0,1,0,0,0,0,3,1,1,1,54,8,4461,2,8,8,1,8
201804SC18282,2,9,0,18,0,8,0,0,0,0,1,1,6,1,72,10,2494,8,-1,9,2,9
201804SC18283,1,9,0,9,0,1,0,0,0,0,1,1,6,2,20,4,998,1,3,8,2,8
201804SC18283,2,9,0,18,0,1,0,0,0,0,3,1,6,1,40,7,1968,2,8,2,1,2
201804SC18283,3,9,0,8,0,1,0,0,0,0,3,1,6,1,17,4,1242,1,9,10,2,10
201804SC18284,1,9,0,4,0,0,1,0,0,0,1,1,2,2,30,6,1598,2,4,9,1,9
201804SC18284,2,9,0,3,0,0,0,0,0,0,2,1,2,1,51,8,1598,2,2,8,1,8
201804SC18285,1,9,0,10,9,1,0,0,0,0,3,1,2,1,24,5,1242,1,14,3,1,3
201804SC18285,2,1,0,4,9,1,0,0,0,0,1,1,6,1,39,7,-1,-1,-1,4,1,4
201804SC18286,1,1,0,14,0,0,0,0,0,0,4,1,6,1,51,8,-1,-1,-1,7,1,7
201804SC18286,2,9,0,9,0,0,0,0,0,0,1,1,3,2,28,6,1896,2,8,6,1,6
201804SC18287,1,9,0,16,0,1,0,0,0,0,1,1,6,1,67,10,1560,2,8,10,1,10
201804SC18287,2,9,0,4,0,1,0,0,0,0,2,1,6,2,33,6,1242,1,13,10,1,10
201804SC18288,1,9,0,18,0,1,0,0,0,0,1,1,6,2,22,5,1598,1,16,4,-1,4
201804SC18288,2,9,0,4,0,1,0,0,0,0,2,1,6,1,41,7,1598,2,1,1,1,1
201804SC18289,1,9,0,18,0,4,1,0,7,0,4,1,6,1,18,4,1229,1,10,9,1,9
201804SC18289,2,9,0,18,0,4,0,0,0,0,1,1,6,2,47,8,1368,1,2,4,2,4
201804SC18290,1,9,0,18,9,0,0,4,0,0,1,1,1,1,45,7,1598,1,7,8,1,8
201804SC18290,2,9,0,2,0,0,0,0,0,0,1,1,6,3,-1,-1,2688,2,14,-1,-1,-1
201804SC18290,3,9,0,2,0,0,0,0,0,0,3,1,6,3,-1,-1,1596,1,4,-1,-1,-1
201804SC18290,4,9,0,2,0,0,0,0,0,0,4,2,6,3,-1,-1,-1,-1,-1,-1,-1,-1
201804SC18290,5,9,0,2,0,0,0,0,0,0,0,1,6,3,-1,-1,1149,1,13,-1,-1,-1
201804SC18290,6,9,0,2,0,0,0,0,0,0,4,1,6,3,-1,-1,1248,2,5,-1,-1,-1
201804SC18291,1,9,0,17,9,0,1,0,1,2,1,1,6,2,33,6,1598,1,12,1,1,1
201804SC18292,1,9,0,18,0,0,0,0,0,0,1,1,6,2,56,9,1797,8,5,6,1,6
201804SC18292,2,9,0,4,0,0,0,0,0,0,2,1,6,2,56,9,1995,1,9,8,1,8
201804SC18292,3,9,0,4,0,0,0,0,0,0,2,1,1,1,63,9,1995,2,1,8,1,8
201804SC18293,1,9,0,5,0,4,0,0,0,0,2,1,6,1,20,4,1200,1,1,9,1,9
201804SC18293,2,1,0,18,0,6,5,0,0,0,1,1,6,1,49,8,-1,-1,-1,3,1,3
201804SC18294,1,9,0,4,0,1,0,0,0,0,1,1,1,3,-1,-1,998,1,14,-1,-1,-1
201804SC18294,2,1,0,18,0,1,0,0,0,0,2,1,6,1,13,3,-1,-1,-1,2,1,2
201804SC18295,1,9,0,9,0,0,0,0,0,0,1,1,6,1,55,8,1997,2,14,1,1,1
201804SC18295,2,9,0,18,0,0,0,0,0,0,1,1,6,1,22,5,998,1,12,7,1,7
201804SC18296,1,9,0,9,0,8,0,0,0,0,1,1,6,2,83,11,4961,1,14,10,1,10
201804SC18296,2,9,0,18,0,8,1,0,0,0,1,1,6,1,41,7,-1,-1,-1,7,1,7
201804SC18297,1,9,0,18,0,1,0,0,0,0,1,1,2,1,50,8,1598,1,14,2,1,2
201804SC18297,2,1,0,9,0,1,1,0,0,0,4,1,6,1,44,7,-1,-1,-1,4,1,4
201804SC18298,1,19,0,18,0,5,1,0,4,6,3,1,1,1,25,5,1598,2,10,8,2,8
201804SC18299,1,9,0,4,0,7,0,0,0,0,0,1,6,2,25,5,1364,1,9,5,2,5
201804SC18299,2,9,0,18,0,7,0,0,0,0,2,1,6,1,20,4,1242,1,2,3,2,3
201804SC18299,3,9,0,18,0,7,0,0,4,0,1,1,6,1,31,6,998,1,5,4,2,4
201804SC18300,1,9,0,18,6,0,0,0,1,0,1,1,3,1,77,11,998,1,11,6,1,6
201804SC18301,1,9,0,5,0,0,0,0,0,0,1,1,6,1,64,9,1149,1,5,8,1,8
201804SC18303,1,9,0,9,0,6,0,0,0,0,3,1,6,1,69,10,2685,2,17,7,1,7
201804SC18303,2,3,0,18,0,1,2,0,0,0,1,1,2,1,28,6,125,1,2,1,1,1
201804SC18304,1,9,0,18,0,0,0,0,0,0,1,1,2,2,50,8,1496,2,1,8,2,8
201804SC18305,1,90,0,18,9,0,0,0,1,0,1,1,6,3,-1,-1,-1,-1,-1,-1,-1,-1
201804SC18305,2,9,0,2,9,0,0,0,0,0,1,1,6,1,20,4,1149,1,10,5,1,5
201804SC18306,1,9,0,4,0,0,0,0,0,0,1,1,6,1,26,6,1968,2,6,8,1,8
201804SC18306,2,9,0,18,0,0,0,0,0,0,2,1,6,1,72,10,1618,1,1,6,1,6
201804SC18307,1,9,0,7,0,1,0,0,0,0,4,1,2,1,30,6,1796,1,12,1,1,1
201804SC18308,1,9,0,5,0,1,0,0,0,0,1,1,2,2,35,6,1560,2,6,9,2,9
201804SC18308,2,9,0,3,0,4,0,0,0,0,2,1,6,1,84,11,1560,2,9,2,1,2
201804SC18309,1,9,0,7,0,1,0,0,0,0,1,1,6,3,-1,-1,-1,-1,-1,-1,-1,-1
201804SC18309,2,1,0,18,0,1,0,0,0,1,1,1,1,1,53,8,-1,-1,-1,8,1,8
201804SC18310,1,1,0,7,0,1,0,0,0,0,1,1,4,1,14,3,-1,-1,-1,4,1,4
201804SC18310,2,9,0,18,0,1,0,0,0,0,1,1,1,2,26,6,1390,1,4,2,1,2
201804SC18311,1,9,0,18,0,1,0,0,0,0,1,1,2,2,22,5,1398,1,8,8,-1,8
201804SC18311,2,9,0,10,0,1,0,0,0,0,2,1,6,2,50,8,1951,2,13,8,1,8
201804SC18312,1,90,0,18,0,1,0,0,0,0,3,1,6,3,-1,-1,-1,-1,-1,-1,-1,-1
201804SC18312,2,9,0,18,0,4,0,0,0,0,4,1,2,2,29,6,998,1,14,7,1,7
201804SC18313,1,9,0,18,0,1,0,0,0,0,1,1,2,2,27,6,1198,1,11,1,1,1
201804SC18314,1,19,0,18,0,0,0,0,0,0,1,1,1,1,36,7,1598,2,3,3,1,3
201804SC18314,2,9,0,3,0,0,0,0,0,0,2,1,6,2,35,6,-1,-1,-1,9,1,9
201804SC18314,3,9,0,3,0,0,0,0,0,0,2,1,1,2,47,8,1685,2,6,9,1,9
201804SC18315,1,9,0,9,0,8,0,0,0,0,3,1,6,2,72,10,1598,1,5,8,1,8
201804SC18315,2,1,0,3,0,1,0,0,0,0,0,1,6,1,60,9,-1,-1,-1,7,1,7
201804SC18316,1,9,0,9,0,8,1,0,0,0,4,1,6,1,17,4,1388,1,12,4,1,4
201804SC18316,2,9,0,18,0,8,0,0,0,0,1,1,6,2,27,6,1560,2,3,9,1,9
201804SC18317,1,9,0,18,0,8,0,0,0,0,1,1,6,1,19,4,999,1,-1,5,1,5
201804SC18317,2,9,0,18,0,4,0,0,1,0,4,1,6,1,65,9,1997,1,11,5,1,5
201804SC18318,1,9,0,18,0,0,0,0,1,1,1,1,6,1,45,7,2995,1,1,10,1,10
201804SC18319,1,9,0,18,0,0,0,0,1,0,1,1,6,2,59,9,1318,1,-1,7,1,7
201804SC18320,1,9,0,5,0,1,0,0,0,0,1,1,6,3,-1,-1,-1,-1,-1,-1,-1,-1
201804SC18320,2,1,0,5,0,6,0,0,0,0,1,1,4,1,11,3,-1,-1,-1,2,1,2
201804SC18321,1,9,0,9,0,1,0,0,0,0,1,1,6,1,33,6,1461,2,14,-1,-1,-1
201804SC18321,2,9,0,18,0,8,0,0,1,4,1,1,6,1,64,9,1798,1,20,-1,-1,-1
201804SC18322,1,9,0,18,0,0,0,0,0,0,1,1,6,2,23,5,1496,2,1,8,3,8
201804SC18322,2,9,0,18,0,0,0,0,0,0,1,1,6,1,78,11,1995,2,7,8,2,8
201804SC18323,1,9,0,18,0,1,1,0,1,10,1,1,6,1,19,4,1242,1,6,3,1,3
201804SC18324,1,9,0,4,0,8,1,10,3,10,1,1,6,2,17,4,1229,1,13,7,3,7
201804SC18325,1,9,0,18,0,0,0,0,0,0,1,1,6,1,21,5,2000,2,7,3,1,3
201804SC18326,1,9,0,18,0,0,2,0,7,2,1,1,6,1,19,4,2480,1,6,4,1,4
201804SC18327,1,9,0,18,0,1,0,0,0,0,1,1,6,1,21,5,1598,2,9,4,2,4
201804SC18327,2,10,0,9,0,3,0,0,0,0,1,1,6,2,47,8,-1,-1,-1,6,1,6