Accident_Index,Vehicle_Reference,Vehicle_Type,Towing_and_Articulation,Vehicle_Manoeuvre,Vehicle_Location-Restricted_Lane,Junction_Location,Skidding_and_Overturning,Hit_Object_in_Carriageway,Vehicle_Leaving_Carriageway,Hit_Object_off_Carriageway,1st_Point_of_Impact,Was_Vehicle_Left_Hand_Drive?,Journey_Purpose_of_Driver,Sex_of_Driver,Age_of_Driver,Age_Band_of_Driver,Engine_Capacity_(CC),Propulsion_Code,Age_of_Vehicle,Driver_IMD_Decile,Driver_Home_Area_Type,Vehicle_IMD_Decile
201804WA18127,1,90,0,18,0,1,0,0,0,0,1,1,6,1,61,9,1870,2,12,4,1,4
201804WA18127,2,9,0,10,0,1,0,0,0,0,2,1,3,2,36,7,1248,1,2,6,3,6
201804WA18128,1,9,0,16,0,1,0,0,0,0,4,1,6,3,-1,-1,-1,-1,-1,-1,-1,-1
201804WA18128,2,5,0,16,0,1,2,0,0,0,1,1,2,1,28,6,599,1,16,5,1,5
201804WA18129,1,9,0,5,0,0,0,0,0,0,1,1,6,2,27,6,1229,1,3,1,1,1
201804WA18129,2,19,0,1,0,0,0,0,0,0,2,1,6,1,44,7,3920,2,5,1,1,1
201804WA18130,1,9,0,3,0,1,0,0,0,0,1,1,6,2,32,6,2000,2,8,1,1,1
201804WA18130,2,8,0,3,0,1,0,0,0,0,2,1,6,1,32,6,-1,3,2,5,1,5
201804WA18130,3,9,0,3,0,1,0,0,0,0,2,1,6,2,65,9,998,1,1,4,1,4
201804WA18131,1,9,0,9,0,6,0,0,0,0,1,1,6,1,25,5,1598,2,2,7,3,7
201804WA18131,2,9,0,18,0,1,0,0,0,0,1,1,6,1,24,5,1329,1,6,1,1,1
201804WA18132,1,9,0,18,0,0,0,0,0,0,1,1,6,1,51,8,1769,1,13,10,1,10
201804WA18133,1,9,0,18,0,1,0,0,0,0,1,1,6,2,21,5,998,1,5,7,1,7
201804WA18133,2,9,0,10,0,1,0,0,0,0,2,1,6,1,43,7,1618,1,2,5,1,5
201804WA18134,1,9,0,9,0,8,0,0,0,0,1,1,6,1,18,4,1299,1,15,3,1,3
201804WA18134,2,9,0,18,0,8,0,0,0,0,1,1,6,1,41,7,1586,1,-1,1,1,1
201804WA18135,1,9,0,15,0,0,0,0,0,0,4,1,6,1,63,9,4164,2,20,6,3,6
201804WA18135,2,1,0,18,0,0,0,0,0,0,3,1,6,1,71,10,-1,-1,-1,3,1,3
201804WA18136,1,5,0,18,0,1,1,0,0,0,1,1,6,1,26,6,599,1,10,4,1,4
201804WA18136,2,9,0,7,0,5,0,0,7,0,4,1,2,2,53,8,1560,2,4,8,1,8
201804WA18137,1,9,0,13,0,1,0,0,1,0,4,2,1,1,31,6,1870,2,11,1,1,1
201804WA18137,2,9,0,9,0,1,0,0,0,0,3,1,6,2,60,9,1968,2,2,1,1,1
201804WA18139,1,9,0,5,0,6,0,0,0,0,1,1,6,2,40,7,1364,1,8,7,1,7
201804WA18139,2,9,0,18,0,8,0,0,0,0,3,1,6,1,56,9,1598,2,3,10,1,10
201804WA18140,1,9,0,7,0,1,0,0,0,0,4,1,6,3,-1,-1,-1,-1,-1,-1,-1,-1
201804WA18140,2,1,0,4,0,1,0,0,0,0,1,1,6,1,27,6,-1,-1,-1,-1,-1,-1
201804WA18141,1,9,0,9,0,1,0,0,0,0,1,1,1,2,64,9,1198,1,4,8,2,8
201804WA18141,2,1,0,18,0,1,0,0,0,0,1,1,1,1,48,8,-1,-1,-1,5,2,5
201804WA18142,1,19,0,18,0,0,0,0,0,0,3,1,6,1,56,9,1499,2,2,-1,-1,-1
201804WA18143,1,9,0,18,0,1,0,0,0,0,4,1,6,3,-1,-1,-1,-1,-1,-1,-1,-1
201804WA18144,1,9,0,18,0,0,0,0,8,2,1,1,6,1,34,6,-1,-1,-1,8,3,8
201804WA18145,1,1,0,18,0,0,0,0,0,0,1,1,6,1,30,6,-1,-1,-1,1,1,1
201804WA18145,2,9,0,2,0,0,0,0,0,0,2,1,6,3,-1,-1,1339,1,10,-1,-1,-1
201804WA18146,1,19,0,5,0,4,0,0,0,0,3,1,1,1,58,9,1753,2,12,10,2,10
201804WA18146,2,1,0,17,0,8,0,0,0,0,4,1,6,1,48,8,-1,-1,-1,8,1,8
201804WA18147,1,9,0,18,0,1,0,0,0,0,1,1,6,1,37,7,1870,2,15,5,1,5
201804WA18147,2,9,0,3,0,8,0,0,0,0,2,1,6,2,32,6,1598,2,4,4,1,4
201804WA18147,3,9,0,3,0,8,0,0,0,0,2,1,6,1,42,7,1600,2,8,5,1,5
201804WA18148,1,9,0,17,0,2,1,0,1,10,4,1,2,2,28,6,1587,1,13,2,1,2
201804WA18149,1,9,0,18,0,0,0,0,0,0,4,1,6,1,38,7,-1,-1,-1,1,1,1
201804WA18150,1,5,0,16,0,0,0,4,0,0,1,1,6,1,22,5,649,1,1,8,3,8
201804WA18150,2,9,0,2,0,0,0,0,0,0,1,1,6,3,-1,-1,2179,2,3,-1,-1,-1
201804WA18151,1,9,0,9,0,1,0,0,0,0,4,1,6,1,18,4,1399,2,8,5,2,5
201804WA18151,2,3,0,18,0,1,0,0,0,0,1,1,6,1,37,7,125,1,-1,-1,-1,-1
201804WA18152,1,9,0,9,0,8,0,0,0,0,4,1,6,1,23,5,1360,1,13,1,1,1
201804WA18152,2,3,0,18,0,8,2,0,0,0,1,1,1,2,17,4,124,1,6,4,1,4
201804WA18153,1,9,0,7,0,8,0,0,0,0,4,1,6,2,51,8,1461,2,10,1,1,1
201804WA18153,2,1,0,18,0,8,0,0,0,0,3,1,6,1,60,9,-1,-1,-1,-1,-1,-1
201804WA18154,1,9,0,9,0,5,0,0,0,0,2,1,6,2,17,4,1242,1,8,6,1,6
201804WA18154,2,1,0,18,0,1,0,0,0,0,1,1,6,1,58,9,-1,-1,-1,10,1,10
201804WA18155,1,9,0,18,0,1,0,0,0,0,2,1,6,2,26,6,999,1,-1,-1,-1,-1
201804WA18155,2,9,0,3,0,2,0,0,0,0,2,1,6,2,38,7,1968,2,4,1,1,1
201804WA18156,1,9,0,4,0,0,0,0,0,0,1,1,6,1,33,6,1461,2,5,6,1,6
201804WA18156,2,1,0,18,0,0,0,0,0,0,1,1,6,1,51,8,-1,-1,-1,9,1,9
201804WA18157,1,90,0,2,0,0,0,0,0,0,3,1,6,1,46,8,-1,-1,-1,5,1,5
201804WA18158,1,9,0,18,0,1,0,0,0,0,1,1,6,3,-1,-1,-1,-1,-1,-1,-1,-1
201804WA18158,2,1,0,7,0,1,1,0,0,0,2,1,6,2,8,2,-1,-1,-1,-1,-1,-1
201804WA18159,1,9,0,9,0,8,0,0,0,0,4,1,1,1,18,4,1598,2,1,7,3,7
201804WA18159,2,3,0,18,0,8,0,0,0,0,1,1,6,1,20,4,124,1,4,1,1,1
201804WA18160,1,3,0,18,0,8,0,0,7,0,1,1,6,1,18,4,125,1,4,1,1,1
201804WA18160,2,19,0,18,0,8,1,0,0,0,3,1,2,1,43,7,1686,2,15,4,1,4
201804WA18161,1,9,0,9,0,8,0,0,0,0,1,1,6,1,18,4,1686,2,8,9,1,9
201804WA18161,2,9,0,18,0,8,0,0,0,0,1,1,6,2,36,7,1124,1,12,4,1,4
201804WA18162,1,9,0,18,0,0,0,4,0,0,4,1,6,2,81,11,1598,1,6,-1,-1,-1
201804WA18162,2,9,0,2,0,0,0,0,0,0,4,1,6,3,68,10,-1,-1,-1,-1,-1,-1
201804WA18162,3,9,0,2,0,0,0,0,0,0,2,1,6,3,71,10,1386,1,12,-1,-1,-1
201804WA18162,4,9,0,2,0,0,0,0,0,0,2,1,6,2,58,9,1598,1,11,1,1,1
201804WA18163,1,1,0,18,0,4,0,0,0,0,3,1,6,1,13,3,-1,-1,-1,-1,-1,-1
201804WA18163,2,9,0,9,0,8,0,0,0,0,1,1,6,2,66,10,1390,1,7,7,1,7
201804WA18164,1,9,0,18,0,8,0,0,0,0,1,1,6,2,56,9,1364,1,1,10,1,10
201804WA18164,2,9,0,18,0,8,0,0,0,0,4,1,6,2,44,7,1496,2,3,6,1,6
201804WA18165,1,9,0,18,0,0,1,0,0,0,1,1,6,2,31,6,1242,1,5,6,3,6
201804WA18166,1,9,0,14,0,2,0,0,0,0,1,1,2,2,34,6,998,1,2,1,1,1
201804WA18166,2,9,0,2,0,2,0,0,0,0,2,1,6,2,44,7,1229,1,4,-1,-1,-1
201804WA18167,1,9,0,5,0,0,0,0,0,0,3,1,6,2,24,5,1242,1,4,4,1,4
201804WA18167,2,4,0,4,0,0,0,0,0,0,4,1,6,1,60,9,244,1,10,10,1,10
201804WA18169,1,9,0,18,0,0,0,0,0,0,1,1,6,1,33,6,3799,1,9,-1,-1,-1
201804WA18170,1,19,0,9,0,2,0,0,0,0,3,1,6,1,33,6,2143,2,3,3,1,3
201804WA18171,1,9,0,18,0,8,0,0,0,0,1,1,6,1,42,7,1988,1,17,3,1,3
201804WA18172,1,9,0,7,0,1,0,0,0,0,1,1,1,1,34,6,1998,1,11,1,1,1
201804WA18172,2,9,0,7,0,2,0,0,0,0,2,1,1,1,34,6,1753,2,8,2,1,2
201804WA18173,1,9,0,18,0,0,0,0,0,0,1,1,6,1,32,6,1956,2,6,6,1,6
201804WA18173,2,9,0,18,0,0,0,0,0,0,2,1,6,1,26,6,1968,2,4,7,3,7
201804WA18174,1,9,0,9,0,5,0,0,0,0,4,1,6,3,-1,-1,-1,-1,-1,-1,-1,-1
201804WA18175,1,9,0,16,0,0,1,0,0,0,1,1,6,2,31,6,1560,2,7,7,3,7
201804WA18175,2,9,0,18,0,0,0,0,1,10,1,1,6,2,55,8,1198,1,6,5,1,5
201804WA18176,1,9,0,13,0,0,0,0,0,0,4,1,6,3,-1,-1,-1,-1,-1,-1,-1,-1
201804WA18176,2,1,0,18,0,0,5,0,0,0,3,1,2,1,49,8,-1,-1,-1,2,1,2
201804WA18177,1,1,0,18,9,8,0,0,0,0,1,1,3,1,3,1,-1,-1,-1,-1,-1,-1
201804WA18177,2,19,0,7,0,2,0,0,0,0,4,1,6,1,37,7,2198,2,3,-1,-1,-1
201804WA18178,1,9,0,18,0,8,0,0,0,2,4,1,6,1,34,6,-1,-1,-1,1,1,1
201804WA18179,1,1,0,18,0,4,0,0,0,0,1,1,6,1,15,3,-1,-1,-1,-1,-1,-1
201804WA18179,2,9,0,18,0,3,0,0,0,0,4,1,6,2,36,7,1995,2,4,1,1,1
201804WA18180,1,9,0,9,0,5,0,0,0,0,4,1,6,1,51,8,1968,2,2,4,1,4
201804WA18180,2,1,0,18,0,8,0,0,0,0,1,1,6,1,82,11,-1,-1,-1,4,1,4
201804WA18181,1,9,0,18,0,1,0,0,0,0,1,1,6,1,35,6,1395,1,4,4,1,4
201804WA18182,1,9,0,3,0,2,0,0,0,0,2,1,6,1,37,7,1995,2,12,-1,-1,-1
201804WA18182,2,20,0,18,0,1,0,0,0,0,1,1,1,1,50,8,5193,2,11,-1,-1,-1
201804WA18183,1,9,0,18,0,0,2,0,0,0,1,1,6,1,27,6,1560,2,4,1,1,1
201804WA18183,2,9,0,18,0,0,1,0,4,6,2,1,1,1,54,8,1248,2,5,1,1,1
201804WA18184,1,9,0,18,0,0,1,0,7,4,1,1,6,1,27,6,1998,2,12,1,1,1
201804WA18185,1,9,0,5,8,0,0,0,0,0,3,1,6,1,67,10,1896,2,15,6,1,6
201804WA18185,2,9,0,18,0,0,0,0,0,0,4,1,6,1,79,11,1392,1,24,2,1,2
201804WA18186,1,9,0,18,0,0,0,0,0,0,0,1,2,1,38,7,998,1,4,1,1,1
201804WA18187,1,9,0,16,0,1,0,10,1,0,1,1,6,1,31,6,2998,1,2,7,1,7
201804WA18187,2,9,0,4,0,1,0,0,0,0,2,1,6,2,20,4,1197,1,1,4,1,4
201804WA18188,1,9,0,18,9,1,0,0,7,1,1,1,6,1,72,10,1586,1,16,1,1,1
201804WA18189,1,9,0,18,0,2,0,0,0,0,4,1,6,1,71,10,1360,1,17,1,1,1
201804WA18190,1,9,0,18,0,0,0,4,0,0,1,1,6,2,21,5,998,1,1,3,1,3
201804WA18190,2,9,0,2,0,0,0,0,0,0,2,1,2,1,42,7,1910,2,11,9,1,9
201804WA18191,1,9,0,18,0,1,0,0,0,0,1,1,6,2,81,11,1749,1,15,7,3,7
201804WA18191,2,9,0,18,0,1,0,0,0,0,3,1,6,2,67,10,1498,1,-1,-1,-1,-1
201804WA18192,1,3,0,4,0,0,0,0,0,0,0,1,6,1,43,7,-1,-1,-1,5,1,5
201804WA18193,1,9,0,18,0,1,0,0,0,0,1,1,6,1,54,8,898,1,1,4,1,4
201804WA18193,2,9,0,9,0,1,0,0,0,0,3,1,6,2,33,6,1242,1,11,1,1,1
201804WA18194,1,5,0,17,0,0,1,0,1,0,0,1,6,1,30,6,847,1,4,1,1,1
201804WA18195,1,9,0,5,0,6,0,0,0,0,1,1,2,2,26,6,1242,1,3,4,1,4
201804WA18195,2,5,0,18,0,8,2,0,4,0,4,1,2,1,58,9,1298,1,15,4,1,4
201804WA18196,1,9,0,5,0,8,0,0,0,0,1,1,6,2,55,8,1995,2,4,9,1,9
201804WA18196,2,9,0,18,0,8,0,0,0,0,3,1,6,2,60,9,1598,1,16,-1,-1,-1
201804WA18197,1,9,0,18,0,8,0,0,0,0,1,1,6,3,-1,-1,-1,-1,-1,-1,-1,-1
201804WA18197,2,9,0,18,0,8,0,0,0,0,2,1,6,1,41,7,1396,1,5,6,3,6
201804WA18198,1,9,0,5,0,6,0,0,0,0,0,1,6,3,-1,-1,-1,-1,-1,-1,-1,-1
201804WA18198,2,9,0,18,0,1,0,0,0,0,1,1,6,1,26,6,-1,-1,-1,4,1,4
201804WA18199,1,9,0,18,0,0,0,0,2,10,1,1,6,1,19,4,1499,1,-1,8,2,8
201804WA18200,1,9,0,3,0,0,0,0,0,0,1,1,6,3,-1,-1,1796,1,10,-1,-1,-1
201804WA18200,2,9,0,3,0,0,0,0,0,0,2,1,6,1,45,7,1461,2,3,4,3,4
201804WA18201,1,9,0,9,0,8,0,0,0,0,3,1,6,1,31,6,1390,1,8,-1,-1,-1
201804WA18201,2,9,0,18,0,8,0,0,7,2,3,1,6,1,38,7,1398,1,10,2,1,2
201804WA18202,1,9,0,5,0,4,0,0,0,0,1,1,2,2,61,9,1461,2,5,6,2,6
201804WA18203,1,9,0,15,0,0,0,4,0,0,1,1,6,2,69,10,1200,1,1,10,2,10
201804WA18203,2,9,0,2,0,0,0,0,1,0,2,1,1,2,25,5,1560,2,1,3,1,3
201804WA18204,1,9,0,15,0,1,0,0,0,0,3,1,6,3,-1,-1,1200,1,5,-1,-1,-1
201804WA18204,2,1,0,18,0,1,0,0,0,0,4,1,6,1,31,6,-1,-1,-1,2,1,2
201804WA18205,1,9,0,18,9,0,0,2,0,1,1,1,6,1,19,4,1984,1,1,4,1,4
201804WA18206,1,9,0,18,0,0,1,0,1,10,4,1,6,1,22,5,6592,1,-1,7,3,7
201804WA18207,1,9,0,18,0,0,0,0,0,0,1,1,6,1,43,7,1582,2,8,3,1,3
201804WA18207,2,9,0,18,0,0,1,0,4,6,2,1,6,1,55,8,1598,2,2,8,2,8
201804WA18208,1,9,0,4,0,1,0,0,0,0,1,1,6,2,25,5,1560,2,4,4,1,4
201804WA18208,2,9,0,18,0,1,0,0,0,0,2,1,6,2,53,8,1364,1,1,8,1,8
201804WA18208,3,9,0,18,0,1,5,0,0,0,2,1,6,2,26,6,1296,1,12,1,1,1
201804WA18209,1,9,0,3,0,4,0,0,0,0,2,1,6,2,20,4,1240,1,9,9,1,9
201804WA18209,2,90,0,4,0,4,0,0,0,0,1,1,6,3,-1,-1,-1,-1,-1,-1,-1,-1
201804WA18210,1,1,0,18,4,0,0,0,0,0,1,1,2,1,67,10,-1,-1,-1,-1,-1,-1
201804WA18211,1,9,0,18,0,0,0,4,0,0,1,1,6,1,23,5,1598,1,15,6,2,6
201804WA18211,2,9,0,3,0,0,0,0,0,0,2,1,6,1,27,6,1560,2,6,1,1,1
201804WA18211,3,9,0,3,0,0,0,0,0,0,2,1,6,1,48,8,1339,8,4,-1,1,-1
201804WA18212,1,9,0,18,0,0,0,0,0,10,1,1,6,2,80,11,898,1,-1,4,1,4
201804WA18212,2,9,0,2,0,0,0,0,0,0,3,1,6,3,-1,-1,1596,1,10,-1,-1,-1
201804WA18213,1,90,0,18,0,1,0,0,0,0,4,1,6,3,-1,-1,-1,-1,-1,-1,-1,-1
201804WA18213,2,1,0,18,0,1,0,0,0,0,1,1,4,1,20,4,-1,-1,-1,2,1,2
201804WA18214,1,9,0,18,0,0,0,0,0,0,4,1,2,1,59,9,1797,8,7,7,3,7
201804WA18214,2,1,0,18,0,0,0,0,0,0,3,1,2,2,42,7,-1,-1,-1,4,1,4
201804WA18215,1,10,0,9,0,1,0,0,1,0,1,1,1,1,58,9,-1,-1,-1,1,1,1
201804WA18215,2,1,0,18,1,1,0,0,0,0,1,1,6,1,19,4,-1,-1,-1,8,2,8
201804WA18216,1,9,0,18,0,1,0,0,0,0,1,1,6,1,33,6,1998,1,15,1,1,1
201804WA18216,2,3,0,18,0,1,2,0,0,0,2,1,6,1,24,5,125,1,2,1,1,1
201804WA18217,1,9,0,18,0,3,0,0,0,0,1,1,6,3,-1,-1,-1,-1,-1,-1,-1,-1
201804WA18218,1,9,0,18,0,0,0,0,0,0,1,1,6,1,81,11,1388,1,12,2,1,2
201804WA18218,2,10,0,18,0,0,0,0,0,0,2,1,1,1,64,9,-1,-1,-1,9,1,9
201804WA18219,1,9,0,18,0,1,0,0,0,0,1,1,6,1,48,8,1124,1,16,-1,-1,-1
201804WA18219,2,9,0,2,0,1,0,0,0,0,2,1,6,1,40,7,1248,2,8,1,1,1
201804WA18220,1,19,0,5,0,1,0,0,0,0,4,1,1,3,-1,-1,2151,2,14,-1,-1,-1
201804WA18220,2,1,0,3,0,1,0,0,0,0,3,1,6,1,68,10,-1,-1,-1,4,1,4
201804WA18221,1,9,0,5,0,4,0,0,0,0,1,1,6,2,37,7,1995,2,12,1,1,1
201804WA18221,2,4,0,9,0,3,0,0,0,0,4,1,6,1,20,4,649,1,3,7,1,7
201804WA18222,1,9,0,5,0,2,0,0,0,0,1,1,1,1,59,9,2143,2,4,7,1,7
201804WA18224,1,90,0,3,0,1,0,0,0,0,2,1,6,1,27,6,-1,-1,-1,10,1,10
201804WA18224,2,9,0,18,0,1,0,0,0,0,1,1,6,1,65,9,2295,1,18,6,1,6
201804WA18225,1,9,0,18,0,1,0,0,0,0,1,1,6,1,31,6,1248,2,8,3,1,3
201804WA18225,2,9,0,3,0,1,0,0,0,0,2,1,6,2,36,7,1339,1,8,5,1,5
201804WA18226,1,9,0,4,0,0,1,0,7,10,1,1,6,1,73,10,1339,1,9,4,1,4
201804WA18227,1,90,0,9,0,1,0,0,0,0,4,1,6,1,58,9,-1,-1,-1,8,1,8
201804WA18227,2,3,0,18,0,1,0,0,0,0,1,1,1,2,75,10,745,1,4,1,1,1
201804WA18228,1,9,0,5,0,0,0,0,0,0,3,1,6,1,50,8,1598,1,10,6,2,6
201804WA18228,2,1,0,18,9,0,0,0,0,0,1,1,2,1,52,8,-1,-1,-1,7,1,7
201804WA18229,1,9,0,7,0,8,0,0,0,0,4,1,6,2,33,6,1360,1,14,4,1,4
201804WA18229,2,4,0,18,0,8,0,0,0,0,1,1,6,1,22,5,471,1,1,5,1,5
201804WA18230,1,9,0,2,0,0,1,0,0,0,1,1,2,2,27,6,1360,1,13,7,1,7
201804WA18230,2,9,0,4,0,0,0,4,0,0,1,1,2,2,34,6,998,1,12,3,1,3
201804WA18230,3,9,0,4,0,0,0,0,0,0,3,1,2,1,28,6,1399,2,13,2,1,2
201804WA18231,1,9,3,18,0,0,3,0,0,0,0,1,6,3,-1,-1,-1,-1,-1,-1,-1,-1
201804WA18231,2,9,0,18,0,0,0,0,0,0,1,1,6,1,37,7,1871,2,14,1,1,1
201804WA18231,3,9,0,18,0,0,0,0,0,0,1,1,6,1,18,4,1198,1,8,-1,-1,-1
201804WA18231,4,9,0,18,0,0,0,0,0,0,2,1,6,1,17,4,1229,1,10,-1,-1,-1
201804WA18232,1,3,0,13,0,1,0,0,0,0,3,1,6,2,20,4,125,1,6,3,1,3
201804WA18232,2,9,0,10,0,1,0,0,0,0,3,1,6,2,49,8,1598,1,16,2,1,2
201804WA18233,1,9,0,5,0,8,0,0,0,0,1,1,6,1,32,6,1461,2,12,6,1,6
201804WA18233,2,8,0,18,0,8,1,4,0,0,3,1,1,1,49,8,1896,2,10,3,1,3
201804WA18233,3,9,0,2,9,1,0,4,0,0,1,1,6,3,-1,-1,-1,-1,-1,-1,-1,-1
201804WA18233,4,9,0,2,9,1,0,4,0,0,1,1,6,3,-1,-1,1999,2,2,-1,-1,-1
201804WA18234,1,9,0,17,0,1,1,10,1,2,4,1,6,1,49,8,998,1,16,6,3,6
201804WA18235,1,1,0,18,0,6,0,0,0,0,1,1,6,1,10,2,-1,-1,-1,-1,-1,-1
201804WA18235,2,9,0,16,0,1,0,0,0,0,4,1,6,2,70,10,1591,1,7,-1,-1,-1
201804WA18236,1,5,0,18,0,0,1,0,4,0,0,1,6,1,38,7,599,1,21,2,1,2
201804WA18237,1,3,0,4,0,8,1,0,0,0,0,1,2,1,17,4,125,1,3,7,3,7
201804WA18238,1,9,0,18,0,6,0,0,0,0,1,1,6,3,-1,-1,1968,1,12,-1,-1,-1
201804WA18238,2,9,0,18,0,1,0,0,0,0,1,1,2,1,50,8,1968,2,10,7,2,7
201804WA18239,1,9,0,2,0,0,0,0,0,0,1,1,6,2,50,8,1149,1,17,1,1,1
201804WA18239,2,19,0,2,0,0,0,0,0,0,1,1,6,3,-1,-1,-1,-1,-1,-1,-1,-1
201804WA18240,1,9,0,18,0,1,0,0,0,0,1,1,1,2,20,4,998,1,2,8,1,8
201804WA18240,2,9,0,9,0,1,0,0,0,0,1,1,6,1,45,7,-1,-1,-1,7,3,7
201804WA18242,1,9,0,18,0,8,0,0,0,0,1,1,6,3,-1,-1,998,1,9,-1,-1,-1
201804WA18242,2,9,0,18,0,4,0,0,0,0,2,1,6,1,37,7,2521,1,12,8,1,8
201804WA18243,1,9,0,9,0,1,0,0,3,0,1,1,1,1,51,8,1596,1,14,1,1,1
201804WA18243,2,9,0,2,9,1,0,0,0,0,2,1,6,3,-1,-1,1200,1,-1,-1,-1,-1
201804WA18243,3,9,0,2,9,1,0,0,0,0,3,1,6,3,-1,-1,1598,1,4,-1,-1,-1
201804WA18244,1,4,0,18,0,1,0,0,1,0,1,1,2,1,42,7,583,1,24,-1,-1,-1
201804WA18245,1,5,0,18,0,1,2,7,0,0,1,1,6,1,39,7,645,1,16,1,1,1
201804WA18246,1,9,0,7,0,1,0,0,0,0,1,1,6,2,56,9,1199,1,15,2,1,2
201804WA18246,2,1,0,18,0,1,0,0,0,0,2,1,6,2,29,6,-1,-1,-1,6,1,6
201804WA18247,1,19,0,7,0,8,0,0,0,0,1,1,1,1,32,6,1995,2,1,2,1,2
201804WA18247,2,1,0,18,0,8,0,0,0,0,0,1,6,1,56,9,-1,-1,-1,-1,-1,-1
201804WA18248,1,9,0,5,0,1,0,0,0,0,1,1,2,1,22,5,1360,1,15,-1,-1,-1
201804WA18249,1,2,0,18,0,4,0,0,0,0,3,1,6,1,20,4,49,1,9,1,1,1
201804WA18250,1,3,0,16,0,0,1,0,0,0,1,1,6,1,28,6,124,1,2,8,2,8
201804WA18250,2,9,0,17,0,0,0,0,0,0,1,1,6,1,26,6,998,1,5,10,2,10
201804WA18251,1,9,0,18,0,0,0,0,0,0,0,1,6,1,-1,-1,-1,-1,-1,-1,-1,-1
201804WA18251,2,2,0,18,0,0,0,0,0,0,0,1,6,1,26,6,-1,-1,-1,1,1,1
201804WA18251,3,2,0,18,0,0,0,0,0,0,0,1,4,1,19,4,124,1,1,7,2,7
201804WA18252,1,2,0,18,0,3,0,0,0,0,3,1,1,1,64,9,49,1,14,-1,-1,-1
201804WA18252,2,9,0,16,0,3,0,0,0,0,1,1,6,1,29,6,1598,2,3,-1,1,-1
201804WA18252,3,9,0,16,0,3,0,0,0,0,0,1,6,3,-1,-1,1968,2,2,-1,-1,-1
201804WA18253,1,9,0,4,0,0,0,0,0,0,2,1,6,2,21,5,999,1,1,7,1,7
201804WA18253,2,9,0,18,0,0,0,0,0,0,1,1,6,3,-1,-1,-1,-1,-1,-1,-1,-1
201804WA18254,1,5,0,5,0,1,0,0,0,0,3,1,1,1,57,9,1084,1,16,3,1,3
201804WA18254,2,9,0,3,0,1,0,0,0,0,4,1,6,2,37,7,1995,2,13,6,1,6
201804WA18255,1,9,0,18,0,1,0,0,0,0,1,1,1,2,32,6,973,1,15,1,1,1
201804WA18255,2,9,0,18,0,1,0,0,0,0,2,1,6,1,68,10,1591,1,4,-1,-1,-1
201804WA18255,3,9,0,4,0,1,0,0,0,0,2,1,6,2,53,8,2204,2,9,-1,-1,-1
201804WA18256,1,9,0,18,0,4,0,0,0,0,1,1,6,1,38,7,2993,2,9,1,1,1
201804WA18256,2,1,0,18,0,8,0,0,7,0,4,1,6,1,16,4,-1,-1,-1,10,2,10
201804WA18257,1,1,0,18,9,1,0,0,0,0,1,1,2,1,31,6,-1,-1,-1,5,1,5
201804WA18257,2,9,0,18,0,8,0,0,0,0,3,1,2,1,54,8,1098,1,-1,2,1,2
201804WA18258,1,9,0,11,0,1,0,0,0,0,1,1,6,2,22,5,1388,1,6,3,1,3
201804WA18258,2,9,0,18,0,1,0,0,1,0,3,1,6,2,53,8,2497,1,14,2,1,2
201804WA18259,1,3,0,5,0,0,0,0,0,0,4,1,6,1,28,6,124,1,4,2,1,2
201804WA18259,2,9,0,18,0,0,0,0,0,0,4,1,6,1,37,7,1398,2,13,1,1,1
201804WA18260,1,9,0,18,0,8,2,0,1,4,0,1,6,1,23,5,2979,1,4,2,1,2
201804WA18261,1,9,0,9,0,8,0,0,0,0,1,1,6,1,72,10,1560,2,6,3,1,3
201804WA18261,2,9,0,18,0,8,1,0,0,0,3,1,1,1,47,8,2720,2,9,-1,-1,-1
201804WA18262,1,9,0,9,0,0,0,0,0,0,4,1,6,2,68,10,1560,2,6,9,1,9
201804WA18262,2,9,0,18,0,0,0,0,0,0,1,1,2,2,39,7,1560,2,6,3,1,3
201804WA18263,1,9,0,7,0,5,0,0,0,0,2,1,6,2,75,10,1248,1,6,1,1,1
201804WA18263,2,1,0,18,0,1,0,0,0,0,1,1,6,1,54,8,-1,-1,-1,5,2,5
201804WA18264,1,9,0,3,7,4,0,0,0,0,1,1,6,2,42,7,1229,1,1,4,1,4
201804WA18264,2,9,0,3,7,7,0,0,0,0,2,1,6,3,-1,-1,-1,-1,-1,-1,-1,-1
201804WA18265,1,19,0,9,0,6,0,0,0,0,3,1,1,1,29,6,1753,2,9,5,2,5
201804WA18265,2,9,0,18,0,1,0,0,0,0,1,1,6,1,79,11,1364,1,3,5,1,5
201804WA18266,1,9,0,18,0,0,0,0,0,0,1,1,6,1,32,6,1242,1,14,-1,-1,-1
201804WA18266,2,11,0,2,0,0,0,0,0,0,0,1,1,1,42,7,9600,2,23,-1,-1,-1
201804WA18267,1,8,0,18,0,4,0,0,0,0,1,1,1,2,35,6,-1,3,2,2,1,2
201804WA18267,2,3,0,18,0,8,0,0,0,0,1,1,1,1,53,8,125,1,-1,4,1,4
201804WA18269,1,9,0,18,0,0,0,0,0,0,0,1,6,2,23,5,1598,2,8,6,1,6
201804WA18269,2,19,0,14,0,0,0,0,0,0,3,1,2,1,-1,-1,-1,-1,-1,6,1,6
201804WA18270,1,9,0,9,0,6,0,0,0,0,1,1,6,1,27,6,1461,2,6,2,1,2
201804WA18270,2,5,0,14,0,1,0,0,0,0,1,1,2,1,36,7,806,1,4,1,1,1
201804WA18271,1,9,0,16,0,0,1,0,8,10,1,1,6,1,33,6,1596,1,13,1,1,1
201804WA18272,1,9,0,1,0,1,0,0,0,0,2,1,6,1,53,8,1598,2,8,10,1,10
201804WA18272,2,9,0,18,0,1,0,0,0,0,1,1,6,2,19,4,1229,1,10,9,1,9
201804WA18273,1,9,0,18,0,8,0,0,0,0,1,1,6,2,64,9,1388,1,9,-1,-1,-1