Accident_Index,Vehicle_Reference,Vehicle_Type,Towing_and_Articulation,Vehicle_Manoeuvre,Vehicle_Location-Restricted_Lane,Junction_Location,Skidding_and_Overturning,Hit_Object_in_Carriageway,Vehicle_Leaving_Carriageway,Hit_Object_off_Carriageway,1st_Point_of_Impact,Was_Vehicle_Left_Hand_Drive?,Journey_Purpose_of_Driver,Sex_of_Driver,Age_of_Driver,Age_Band_of_Driver,Engine_Capacity_(CC),Propulsion_Code,Age_of_Vehicle,Driver_IMD_Decile,Driver_Home_Area_Type,Vehicle_IMD_Decile
201804WA18274,1,9,0,9,0,1,0,0,0,0,4,1,2,1,57,9,1560,2,5,4,1,4
201804WA18274,2,5,0,18,0,1,0,0,0,0,1,1,1,1,52,8,471,1,3,10,1,10
201804WA18275,1,9,0,5,0,2,0,0,0,0,1,1,6,3,-1,-1,-1,-1,-1,-1,-1,-1
201804WA18276,1,9,0,18,0,1,0,0,0,0,0,1,6,3,-1,-1,-1,-1,-1,-1,-1,-1
201804WA18276,2,4,0,7,0,1,2,0,0,0,1,1,6,2,34,6,937,1,24,-1,-1,-1
201804WA18277,1,9,0,9,0,2,0,0,0,0,1,1,6,1,29,6,1598,2,5,5,1,5
201804WA18277,2,2,0,14,0,1,0,0,0,0,1,1,6,1,16,4,49,1,4,8,3,8
201804WA18278,1,9,0,9,0,6,0,0,0,0,3,1,6,1,55,8,1796,1,9,1,1,1
201804WA18278,2,1,0,18,0,6,0,0,0,0,4,1,6,1,25,5,-1,-1,-1,1,1,1
201804WA18279,1,9,0,5,0,1,0,0,0,0,1,1,2,2,30,6,1995,2,13,7,3,7
201804WA18279,2,9,0,18,0,1,0,0,0,0,3,1,2,1,25,5,1398,1,1,4,1,4
201804WA18280,1,9,0,18,0,1,0,0,0,0,4,1,6,2,23,5,1242,1,2,4,1,4
201804WA18280,2,9,0,10,0,1,0,0,0,0,1,1,6,1,35,6,1596,1,12,4,1,4
201804WA18281,1,1,0,18,0,8,0,0,0,0,1,1,2,1,41,7,-1,-1,-1,-1,-1,-1
201804WA18281,2,90,0,9,0,8,0,0,0,2,1,1,1,1,38,7,-1,-1,-1,-1,-1,-1
201804WA18282,1,9,0,18,0,0,0,0,0,0,1,1,6,2,65,9,1395,1,5,3,1,3
201804WA18282,2,9,0,18,0,0,0,0,0,0,0,1,6,1,73,10,2993,2,2,5,1,5
201804WA18284,1,9,0,4,0,0,0,0,0,0,1,1,6,2,36,7,1242,1,8,1,1,1
201804WA18285,1,9,0,9,0,8,0,0,0,0,1,1,6,2,19,4,1598,1,12,3,1,3
201804WA18285,2,9,0,18,0,8,0,0,0,1,3,1,6,1,22,5,1368,1,7,1,1,1
201804WA18286,1,1,0,18,9,0,0,0,0,0,1,1,6,3,-1,-1,-1,-1,-1,-1,-1,-1
201804WA18287,1,8,0,9,0,8,0,0,0,0,1,1,1,1,62,9,-1,3,3,3,1,3
201804WA18288,1,9,0,18,0,6,0,0,0,0,1,2,1,1,27,6,-1,-1,-1,1,1,1
201804WA18288,2,9,0,18,0,1,0,0,0,0,4,1,2,2,18,4,1240,1,13,6,3,6
201804WA18289,1,9,0,5,0,1,0,0,0,0,1,1,6,1,-1,-1,1395,1,2,-1,-1,-1
201804WA18289,2,9,0,18,0,1,0,0,0,0,4,1,6,1,52,8,998,1,18,-1,-1,-1
201804WA18290,1,9,0,6,0,0,0,0,0,0,3,1,6,1,35,6,1388,1,14,-1,-1,-1
201804WA18290,2,9,0,18,0,0,0,0,0,0,1,1,1,1,55,8,1956,2,3,5,1,5
201804WA18291,1,9,0,5,0,2,0,0,0,0,1,1,6,1,26,6,1399,1,-1,4,1,4
201804WA18291,2,1,0,17,0,1,0,0,0,0,1,1,1,1,38,7,-1,-1,-1,-1,-1,-1
201804WA18292,1,3,0,17,0,0,1,0,1,0,0,1,2,1,42,7,125,1,1,1,1,1
201804WA18293,1,9,0,18,0,0,1,10,7,10,3,1,6,3,-1,-1,2979,1,2,-1,-1,-1
201804WA18293,2,9,0,18,0,0,0,0,0,0,1,1,6,1,38,7,1198,1,3,9,1,9
201804WA18293,3,9,0,18,0,0,0,0,0,0,1,1,6,2,57,9,999,1,1,6,1,6
201804WA18294,1,9,0,6,0,0,0,0,0,0,1,1,6,1,54,8,2987,2,11,10,1,10
201804WA18294,2,1,0,15,0,0,0,0,0,0,1,1,6,1,56,9,-1,-1,-1,5,1,5
201804WA18295,1,9,0,9,0,1,0,0,0,0,1,1,6,2,42,7,1399,1,1,3,1,3
201804WA18295,2,9,0,18,0,1,0,0,0,0,1,1,2,2,24,5,1229,1,13,1,1,1
201804WA18296,1,9,0,5,0,1,0,0,0,0,0,1,6,1,59,9,2967,2,6,3,1,3
201804WA18296,2,9,0,2,0,1,0,0,0,0,0,1,6,1,53,8,1997,2,1,6,1,6
201804WA18297,1,20,0,7,0,3,0,0,7,0,1,1,1,1,72,10,10837,2,-1,-1,-1,-1
201804WA18297,2,9,0,9,0,3,0,0,0,0,2,1,6,2,18,4,1242,1,10,-1,-1,-1
201804WA18298,1,9,0,17,0,0,2,0,0,0,0,1,2,1,20,4,1198,1,9,6,1,6
201804WA18299,1,3,0,14,0,0,0,0,0,0,1,1,2,1,22,5,124,1,2,8,1,8
201804WA18299,2,9,0,10,0,0,0,0,0,0,2,1,6,1,56,9,1598,1,13,1,1,1
201804WA18300,1,90,0,18,0,0,0,0,0,0,4,1,2,1,54,8,-1,-1,-1,7,1,7
201804WA18300,2,1,0,18,0,0,0,0,0,0,1,1,6,1,62,9,-1,-1,-1,4,1,4
201804WA18301,1,90,0,1,0,1,0,0,0,0,2,1,1,1,27,6,-1,-1,-1,1,1,1
201804WA18302,1,9,0,9,0,3,0,0,0,0,3,1,1,2,54,8,2191,2,2,3,1,3
201804WA18302,2,5,0,13,0,3,1,0,0,0,4,1,2,1,41,7,600,1,18,4,1,4
201804WA18303,1,19,0,18,0,1,0,0,0,0,1,1,6,3,-1,-1,-1,-1,-1,-1,-1,-1
201804WA18303,2,9,0,5,0,1,0,0,0,0,2,1,2,2,30,6,1198,1,4,4,1,4
201804WA18304,1,9,0,9,0,8,0,0,0,0,1,1,6,2,52,8,1995,2,3,4,1,4
201804WA18304,2,9,0,18,0,8,0,0,0,0,1,1,6,2,75,10,1339,1,13,2,1,2
201804WA18305,1,9,0,18,0,0,0,0,0,0,1,1,6,1,48,8,1596,1,14,2,1,2
201804WA18305,2,10,0,3,0,0,0,0,0,0,2,1,6,1,45,7,-1,-1,-1,1,1,1
201804WA18306,1,20,0,18,0,1,0,0,0,0,1,1,1,1,55,8,2998,2,1,5,1,5
201804WA18306,2,9,0,4,0,1,0,0,0,0,2,1,6,2,43,7,1598,1,9,9,1,9
201804WA18306,3,9,0,4,0,1,0,0,0,0,2,1,6,1,45,7,1422,2,11,2,1,2
201804WA18307,1,9,0,18,0,1,0,0,1,0,1,1,6,1,21,5,1242,1,7,10,-1,10
201804WA18308,1,9,0,9,0,8,5,0,0,0,3,1,6,1,92,11,898,1,2,7,3,7
201804WA18308,2,9,0,18,0,8,1,0,0,0,1,1,2,1,40,7,1968,2,12,5,1,5
201804WA18309,1,9,0,5,0,1,0,0,0,0,1,1,1,1,35,6,-1,-1,-1,4,1,4
201804WA18309,2,20,0,3,0,1,0,0,0,0,2,1,1,1,22,5,-1,-1,-1,4,1,4
201804WA18310,1,9,0,18,0,1,0,0,0,0,1,1,6,2,38,7,1496,2,1,7,3,7
201804WA18310,2,90,4,9,0,8,5,0,0,0,3,1,6,1,51,8,-1,-1,-1,10,2,10
201804WA18311,1,9,0,18,0,8,0,0,0,0,1,1,6,2,65,9,1968,2,8,6,3,6
201804WA18311,2,9,0,9,0,8,0,0,0,0,1,1,6,2,75,10,1560,2,4,10,2,10
201804WA18312,1,9,0,4,0,1,0,0,0,0,1,1,6,2,25,5,1368,1,8,8,3,8
201804WA18313,1,1,0,18,0,4,2,0,0,0,1,1,6,1,11,3,-1,-1,-1,1,1,1
201804WA18313,2,9,0,5,0,3,0,0,0,0,1,1,6,2,60,9,1685,2,1,7,1,7
201804WA18314,1,9,0,3,9,6,0,0,0,0,1,1,6,3,-1,-1,-1,-1,-1,-1,-1,-1
201804WA18315,1,9,0,9,0,2,0,0,0,0,4,1,6,3,-1,-1,2967,2,12,-1,-1,-1
201804WA18315,2,8,0,4,0,1,0,0,0,0,1,1,1,1,68,10,2664,2,18,2,1,2
201804WA18316,1,9,0,18,0,0,0,0,0,0,0,1,6,3,-1,-1,-1,-1,-1,-1,-1,-1
201804WA18317,1,9,0,18,0,0,1,10,1,7,1,1,6,2,42,7,1796,1,12,4,1,4
201804WA18317,2,9,0,18,0,0,1,10,0,0,2,1,6,2,25,5,1388,1,8,2,1,2
201804WA18318,1,19,0,18,0,0,0,4,0,0,1,1,6,2,69,10,-1,-1,-1,4,1,4
201804WA18318,2,19,0,2,0,0,0,0,0,0,2,1,6,1,20,4,2198,2,3,1,1,1
201804WA18320,1,1,0,9,0,8,5,0,0,0,3,1,6,1,58,9,-1,-1,-1,3,1,3
201804WA18320,2,9,0,18,0,1,0,0,0,0,1,1,6,1,62,9,1798,1,11,7,-1,7
201804WA18321,1,9,0,18,0,1,0,0,0,0,3,1,6,2,69,10,1299,1,13,-1,-1,-1
201804WA18321,2,9,0,9,0,1,0,0,0,0,1,1,6,3,-1,-1,-1,-1,-1,-1,-1,-1
201804WA18322,1,9,0,9,0,6,0,0,0,0,1,1,1,1,63,9,1797,8,7,5,1,5
201804WA18323,1,5,0,18,0,1,1,0,0,0,1,1,6,1,41,7,1000,1,17,7,2,7
201804WA18323,2,9,0,9,0,1,0,0,0,0,3,1,2,2,52,8,998,1,1,3,1,3
201804WA18324,1,9,0,18,0,0,0,0,0,0,3,1,2,2,24,5,1229,1,4,3,1,3
201804WA18325,1,1,0,18,5,0,0,0,0,0,1,1,2,2,54,8,-1,-1,-1,2,1,2
201804WA18325,2,9,0,18,5,0,0,0,0,0,3,1,6,1,-1,-1,-1,-1,-1,-1,-1,-1
201804WA18326,1,9,0,5,0,2,0,0,0,0,1,1,2,1,38,7,1242,1,8,2,1,2
201804WA18326,2,9,0,18,0,1,1,4,0,10,4,1,6,1,38,7,1399,2,16,-1,-1,-1
201804WA18326,3,9,0,2,0,1,0,0,0,0,1,1,6,1,69,10,1242,1,3,-1,-1,-1
201804WA18327,1,19,0,5,0,2,0,0,0,0,1,1,6,3,-1,-1,-1,-1,-1,-1,-1,-1
201804WA18327,2,1,0,18,0,1,0,0,0,0,1,1,6,1,26,6,-1,-1,-1,-1,-1,-1
201804WA18328,1,9,0,18,0,1,0,0,0,0,1,1,6,1,60,9,1995,2,2,-1,-1,-1
201804WA18328,2,1,0,5,9,6,0,0,0,0,1,1,6,1,19,4,-1,-1,-1,-1,-1,-1
201804WA18329,1,9,0,9,0,2,0,0,0,0,1,1,6,3,-1,-1,1499,2,1,-1,-1,-1
201804WA18329,2,8,0,18,0,1,0,0,0,0,1,1,1,1,31,6,2664,2,17,2,1,2
201804WA18330,1,9,0,18,0,1,0,0,0,0,4,1,2,2,27,6,1229,1,5,-1,-1,-1
201804WA18330,2,19,0,7,0,6,0,0,0,0,1,1,6,1,67,10,9364,2,12,3,1,3
201804WA18331,1,9,0,18,0,1,0,0,0,0,4,1,1,1,27,6,1580,8,1,-1,-1,-1
201804WA18332,1,9,0,18,0,8,0,0,0,0,1,1,6,1,51,8,1242,1,14,2,1,2
201804WA18333,1,8,0,18,0,8,0,10,7,0,1,1,1,1,51,8,1598,2,1,8,1,8
201804WA18333,2,9,0,18,0,1,0,0,0,0,1,1,6,1,34,6,1910,2,14,2,1,2
201804WA18334,1,9,0,18,0,0,0,0,1,0,1,1,6,2,17,4,1199,2,7,-1,-1,-1
201804WA18334,2,19,0,18,0,0,0,0,1,0,1,1,2,1,44,7,1598,2,-1,-1,-1,-1
201804WA18335,1,1,0,10,0,0,0,0,0,0,1,1,6,1,80,11,-1,-1,-1,1,1,1
201804WA18335,2,9,0,15,0,0,0,0,0,0,4,1,6,1,73,10,-1,-1,-1,4,1,4
201804WA18336,1,9,0,18,0,0,0,0,0,0,3,1,6,3,-1,-1,2995,1,15,-1,-1,-1
201804WA18337,1,9,0,18,0,0,0,0,0,0,4,1,6,2,54,8,1461,2,2,1,1,1
201804WA18338,1,9,0,4,0,1,0,0,0,0,1,1,6,2,74,10,1242,1,8,8,1,8
201804WA18338,2,9,0,3,0,1,0,0,0,0,2,1,6,1,46,8,2993,2,2,6,1,6
201804WA18340,1,9,0,5,0,0,1,0,0,0,1,1,6,1,41,7,1968,2,8,6,1,6
201804WA18340,2,17,4,7,0,0,0,0,0,0,0,1,1,1,18,4,6728,2,-1,6,3,6
201804WA18341,1,9,0,4,0,0,0,0,0,0,2,1,6,1,19,4,1798,1,1,9,1,9
201804WA18341,2,9,0,18,0,0,0,0,0,0,1,1,6,1,41,7,2261,1,2,4,1,4
201804WA18342,1,11,0,18,2,2,0,0,0,0,1,1,1,1,57,9,6700,2,1,7,3,7
201804WA18343,1,90,0,4,0,1,0,0,0,0,4,1,6,2,34,6,-1,-1,-1,-1,-1,-1
201804WA18343,2,1,0,9,0,1,1,0,0,0,1,1,2,1,22,5,-1,-1,-1,-1,-1,-1
201804WA18344,1,9,0,5,0,0,0,0,0,0,1,1,6,2,34,6,1461,2,1,1,1,1
201804WA18346,1,9,0,9,0,8,0,0,0,0,1,1,6,2,24,5,1248,1,5,5,1,5
201804WA18346,2,8,0,18,0,8,0,0,0,0,1,1,1,1,55,8,2664,2,20,8,2,8
201804WA18347,1,9,0,4,0,1,0,0,0,0,1,1,6,1,89,11,1390,1,4,5,3,5
201804WA18347,2,9,0,4,0,1,0,0,0,0,2,1,6,2,67,10,1560,2,12,5,1,5
201804WA18347,3,9,0,3,0,1,0,0,0,0,2,1,2,2,41,7,1598,2,2,9,1,9
201804WA18348,1,8,0,9,0,5,0,0,0,0,3,1,1,1,44,7,1956,2,2,8,1,8
201804WA18349,1,9,0,9,0,8,0,0,0,0,1,1,6,2,80,11,1968,2,8,10,2,10
201804WA18349,2,1,0,10,0,1,0,0,0,0,1,1,6,1,90,11,-1,-1,-1,8,2,8
201804WA18350,1,9,0,5,0,8,0,0,0,0,4,1,6,2,18,4,1364,1,10,8,1,8
201804WA18351,1,9,0,5,0,8,0,0,0,1,1,1,2,1,35,6,1910,2,10,8,1,8
201804WA18351,2,9,0,9,0,8,0,0,0,0,4,1,6,1,56,9,1560,2,7,10,2,10
201804WA18352,1,9,0,4,0,0,0,0,0,0,1,1,6,1,75,10,898,1,1,-1,-1,-1
201804WA18352,2,19,0,4,0,0,0,0,0,0,2,1,2,1,33,6,2198,2,6,2,1,2
201804WA18352,3,9,0,4,0,0,0,0,0,0,2,1,6,1,78,11,3227,2,16,6,3,6
201804WA18353,1,1,0,18,0,1,0,0,0,0,1,1,6,2,32,6,-1,-1,-1,-1,-1,-1
201804WA18353,2,9,0,14,0,1,0,0,0,0,1,1,6,2,25,5,1330,1,-1,1,1,1
201804WA18354,1,9,0,7,4,5,0,0,0,0,4,1,6,1,18,4,1560,2,10,-1,-1,-1
201804WA18354,2,1,0,18,4,1,0,0,0,0,4,1,2,2,28,6,-1,-1,-1,-1,-1,-1
201804WA18355,1,9,0,18,0,0,0,0,0,0,0,1,6,2,42,7,1598,1,13,4,1,4
201804WA18356,1,9,0,18,0,4,0,0,1,0,1,1,6,1,85,11,2598,1,24,9,1,9
201804WA18356,2,9,0,9,0,3,2,0,0,0,3,1,2,1,29,6,2494,2,4,9,1,9
201804WA18357,1,9,0,7,0,2,0,0,0,0,4,1,6,1,18,4,1364,1,10,3,1,3
201804WA18357,2,9,0,18,0,2,0,0,1,0,3,1,6,1,41,7,1598,1,10,5,1,5
201804WA18358,1,20,0,15,0,0,0,4,0,0,4,1,1,1,51,8,3920,2,13,1,1,1
201804WA18358,2,9,0,2,0,0,0,0,0,0,3,1,6,2,52,8,1198,1,6,-1,-1,-1
201804WA18359,1,9,0,5,0,0,0,0,0,0,3,1,6,2,52,8,1242,1,5,4,1,4
201804WA18359,2,3,0,18,0,0,1,0,0,0,1,1,6,1,33,6,124,1,4,1,1,1
201804WA18360,1,9,0,18,0,0,0,0,0,0,4,1,6,1,29,6,1560,2,2,2,1,2
201804WA18360,2,20,0,18,0,0,0,0,0,0,3,1,1,1,25,5,12742,2,-1,7,3,7
201804WA18361,1,9,0,18,0,6,0,0,3,0,1,1,6,1,69,10,2902,2,11,-1,-1,-1
201804WA18361,2,9,0,18,0,1,0,0,0,0,3,1,6,1,64,9,2199,2,4,-1,-1,-1
201804WA18362,1,9,0,13,0,0,0,0,0,0,3,1,6,1,23,5,1598,1,13,-1,-1,-1
201804WA18362,2,9,0,18,0,0,0,0,0,0,1,1,2,1,62,9,-1,-1,-1,-1,-1,-1
201804WA18362,3,9,0,18,0,0,0,0,0,0,1,1,2,1,40,7,2993,2,2,10,1,10
201804WA18362,4,9,0,18,0,0,0,0,0,0,1,1,2,1,46,8,1256,1,43,7,1,7
201804WA18363,1,9,0,18,0,8,0,0,0,0,1,1,6,1,21,5,1299,1,16,1,1,1
201804WA18363,2,9,0,9,0,8,1,0,0,0,3,1,6,2,43,7,-1,3,-1,2,1,2
201804WA18364,1,9,0,18,0,0,0,0,0,0,1,1,6,3,77,11,2143,2,9,-1,-1,-1
201804WA18365,1,9,0,18,0,1,0,0,0,0,1,1,6,2,68,10,1997,1,8,1,1,1
201804WA18366,1,9,0,18,0,1,0,0,0,0,1,1,6,3,-1,-1,1149,1,16,-1,-1,-1
201804WA18366,2,9,0,4,0,1,0,0,0,0,2,1,6,1,64,9,1968,2,5,5,1,5
201804WA18367,1,9,0,5,0,8,0,0,1,3,1,1,6,2,65,9,1360,1,11,9,1,9
201804WA18367,2,90,0,5,0,8,0,0,0,0,1,1,1,1,48,8,6700,2,3,9,2,9
201804WA18368,1,17,0,4,0,0,0,0,0,0,1,1,1,1,46,8,-1,-1,-1,3,1,3
201804WA18368,2,9,0,18,0,0,0,0,0,0,0,1,6,1,31,6,-1,-1,-1,1,1,1
201804WA18369,1,9,0,5,0,2,0,0,0,0,3,1,2,2,24,5,1198,1,4,6,1,6
201804WA18369,2,9,0,14,0,1,0,0,0,0,1,1,3,2,32,6,1197,1,1,3,1,3
201804WA18370,1,9,0,13,0,1,0,0,0,0,0,1,6,3,-1,-1,-1,-1,-1,-1,-1,-1
201804WA18370,2,1,0,14,0,1,0,0,1,0,2,1,6,1,34,6,-1,-1,-1,-1,-1,-1
201804WA18371,1,3,0,15,0,0,0,0,0,0,1,1,4,1,20,4,125,1,2,-1,-1,-1
201804WA18371,2,8,0,7,0,0,0,0,0,0,2,1,1,1,41,7,1997,2,10,-1,-1,-1
201804WA18372,1,9,0,3,0,6,0,0,0,0,1,1,6,2,55,8,1329,1,8,6,1,6
201804WA18372,2,1,0,7,0,6,0,0,0,0,1,1,6,1,52,8,-1,-1,-1,8,1,8
201804WA18373,1,9,0,7,0,1,0,0,0,0,1,1,6,1,39,7,1995,2,9,1,1,1
201804WA18374,1,9,0,18,9,0,0,0,0,0,4,1,6,1,72,10,1242,1,19,-1,-1,-1
201804WA18374,2,9,0,2,0,0,0,0,0,0,4,2,6,3,-1,-1,-1,-1,-1,-1,-1,-1
201804WA18375,1,9,0,9,0,1,0,0,0,0,1,1,2,1,48,8,1197,1,5,8,1,8
201804WA18375,2,9,0,18,0,1,0,0,1,7,3,1,2,1,37,7,1988,1,15,-1,-1,-1
201804WA18376,1,90,0,3,0,0,0,0,0,0,1,1,1,1,57,9,-1,-1,-1,8,2,8
201804WA18376,2,9,0,3,0,0,0,0,0,0,2,1,1,1,54,8,1248,1,1,3,1,3
201804WA18376,3,9,0,3,0,0,0,0,0,0,2,1,6,2,37,7,1461,2,2,-1,-1,-1
201804WA18376,4,9,0,3,0,0,0,0,0,0,0,1,6,1,57,9,1596,1,15,7,1,7
201804WA18377,1,5,0,18,0,3,1,0,0,0,1,1,2,1,47,8,600,1,11,4,1,4
201804WA18377,2,9,0,3,0,3,0,0,0,0,2,1,6,2,49,8,1968,2,4,9,1,9
201804WA18378,1,9,0,18,0,1,0,0,0,0,1,1,6,1,21,5,1229,1,12,3,1,3
201804WA18378,2,8,0,3,0,1,0,0,0,0,2,1,1,1,41,7,2664,2,17,1,1,1
201804WA18379,1,1,0,18,0,8,0,0,0,0,4,1,2,1,29,6,-1,-1,-1,4,1,4
201804WA18379,2,9,0,5,0,8,0,0,0,0,1,1,6,3,-1,-1,-1,-1,-1,-1,-1,-1
201804WA18380,1,9,0,4,0,1,0,0,0,0,1,1,6,2,30,6,1968,2,11,6,1,6
201804WA18380,2,9,0,4,0,1,0,0,0,0,1,1,4,1,41,7,1242,1,15,5,1,5
201804WA18380,3,9,0,4,0,1,0,0,0,0,2,1,6,2,48,8,1968,2,1,-1,-1,-1
201804WA18381,1,9,0,4,0,1,0,0,0,0,1,1,6,2,39,7,1560,2,10,9,1,9
201804WA18381,2,9,0,3,0,1,0,0,0,0,4,1,6,2,50,8,1796,1,12,2,1,2
201804WA18381,3,9,0,3,0,1,0,0,0,0,2,1,6,2,46,8,2987,2,12,9,1,9
201804WA18382,1,9,0,18,0,0,0,12,0,0,0,1,6,1,31,6,1596,1,23,5,2,5
201804WA18383,1,90,0,9,0,1,0,0,0,0,1,1,1,1,25,5,-1,-1,-1,5,2,5
201804WA18383,2,9,0,18,0,8,0,0,0,0,1,1,6,1,62,9,998,1,6,1,1,1
201804WA18384,1,9,0,3,0,4,0,0,0,0,1,1,2,1,34,6,1896,2,11,8,1,8
201804WA18384,2,9,0,5,0,4,0,0,0,0,2,1,2,2,53,8,1560,2,7,7,1,7
201804WA18385,1,19,0,7,0,6,0,0,0,0,0,1,1,3,-1,-1,-1,-1,-1,-1,-1,-1
201804WA18385,2,19,0,12,0,1,0,0,0,0,0,1,1,1,59,9,2143,2,2,5,1,5
201804WA18385,3,19,0,18,0,1,1,0,0,0,1,1,1,1,56,9,1461,2,5,7,1,7
201804WA18386,1,9,0,4,0,1,0,0,0,0,1,1,6,1,71,10,999,1,17,1,1,1
201804WA18386,2,90,0,18,0,1,0,0,0,0,2,1,6,2,14,3,-1,-1,-1,1,1,1
201804WA18387,1,8,0,7,0,1,0,0,0,0,1,1,6,1,25,5,998,1,2,5,1,5
201804WA18387,2,1,0,18,0,1,0,0,0,0,3,1,6,2,59,9,-1,-1,-1,2,1,2
201804WA18388,1,9,0,9,0,1,0,0,0,0,1,1,6,1,60,9,1998,2,10,4,1,4
201804WA18388,2,9,0,9,0,8,0,0,0,0,3,1,6,2,45,7,2000,1,12,10,1,10
201804WA18389,1,9,0,3,0,1,0,0,0,0,2,1,6,2,35,6,1598,1,16,7,1,7
201804WA18389,2,9,0,18,0,1,0,4,0,0,1,1,6,3,-1,-1,-1,-1,-1,-1,-1,-1
201804WA18390,1,9,0,9,0,2,0,0,0,0,3,1,6,2,72,10,998,1,2,9,1,9
201804WA18390,2,9,0,18,0,1,0,0,0,0,1,1,6,1,22,5,-1,-1,-1,7,2,7
201804WA18391,1,9,0,18,0,8,0,0,0,0,1,1,6,3,-1,-1,-1,-1,-1,-1,-1,-1
201804WA18391,2,1,0,18,0,6,0,0,0,0,2,1,6,1,13,3,-1,-1,-1,8,1,8
201804WA18392,1,9,0,5,0,0,0,0,0,0,1,1,6,2,71,10,1598,1,1,7,3,7
201804WA18392,2,9,0,18,0,0,0,0,0,0,1,1,2,1,26,6,1199,2,4,8,3,8
201804WA18393,1,90,0,18,0,4,0,0,0,0,1,1,1,1,24,5,-1,-1,-1,9,1,9
201804WA18393,2,9,0,18,0,4,0,0,0,0,4,1,1,1,19,4,1242,1,4,2,1,2
201804WA18394,1,9,0,13,0,0,1,0,0,0,1,1,6,2,61,9,-1,-1,-1,6,1,6
201804WA18394,2,21,1,18,0,0,0,0,0,0,3,1,1,1,30,6,12740,2,-1,9,1,9
201804WA18395,1,9,0,18,0,8,0,0,0,0,1,1,6,2,43,7,1386,1,13,3,1,3
201804WA18395,2,9,0,18,0,8,0,0,0,0,1,1,6,1,73,10,1600,2,9,5,1,5
201804WA18396,1,9,0,9,0,8,0,0,0,0,1,1,6,2,18,4,1598,2,7,2,1,2
201804WA18396,2,9,0,7,0,8,0,0,0,0,3,1,6,1,65,9,1994,1,20,2,1,2
201804WA18397,1,90,0,5,0,0,0,0,0,0,0,1,6,2,15,3,-1,-1,-1,1,1,1
201804WA18398,1,9,0,7,0,2,0,0,1,2,1,1,6,2,28,6,1242,1,15,-1,-1,-1
201804WA18399,1,9,0,18,0,8,0,0,0,0,1,1,6,2,78,11,1395,1,1,9,3,9
201804WA18399,2,9,0,18,0,8,0,0,0,0,1,1,6,2,70,10,1769,1,16,9,1,9
201804WA18399,3,9,0,18,0,8,0,0,0,0,1,1,6,2,59,9,1999,2,2,8,3,8
201804WA18400,1,9,0,9,0,0,0,0,0,0,1,1,1,1,50,8,1598,2,1,1,1,1
201804WA18401,1,9,0,18,0,0,0,0,0,0,1,1,6,1,48,8,1596,1,14,2,1,2
201804WA18401,2,9,0,3,0,0,0,0,0,0,2,1,6,2,42,7,1590,1,14,7,1,7
201804WA18401,3,9,0,3,0,0,0,0,0,0,2,1,1,1,44,7,1395,1,1,5,1,5
201804WA18402,1,9,0,18,0,0,0,0,0,0,1,1,6,1,49,8,1796,1,11,9,1,9
201804WA18403,1,9,0,18,0,0,0,0,0,0,4,1,6,1,25,5,2143,2,1,10,1,10
201804WA18404,1,9,0,18,0,1,0,0,0,0,4,1,6,2,51,8,1582,2,2,-1,2,-1
201804WA18405,1,9,0,9,0,8,0,0,0,0,1,1,2,1,26,6,1598,1,15,4,1,4
201804WA18406,1,3,0,7,0,1,0,0,0,0,1,1,2,1,53,8,125,1,1,5,1,5
201804WA18406,2,9,0,8,0,1,0,0,0,0,2,1,6,1,19,4,-1,-1,-1,3,1,3
201804WA18407,1,19,0,18,0,0,0,0,0,0,1,1,6,3,-1,-1,2198,2,12,-1,-1,-1
201804WA18408,1,9,0,5,0,8,0,0,0,0,1,1,6,3,73,10,-1,-1,-1,-1,-1,-1
201804WA18408,2,9,0,3,0,2,0,0,0,0,0,1,6,1,30,6,1685,2,1,1,1,1
201804WA18409,1,9,0,4,0,1,0,0,0,0,1,1,2,1,54,8,1956,2,4,3,1,3
201804WA18409,2,9,0,3,0,1,0,0,0,0,2,1,2,1,59,9,1390,1,15,2,1,2
201804WA18410,1,9,0,18,0,0,0,0,0,0,1,1,6,1,44,7,1560,2,9,5,1,5
201804WA18410,2,9,0,18,0,0,0,0,1,0,2,1,6,1,58,9,1999,2,1,8,1,8
201804WA18412,1,8,0,9,0,6,0,0,0,0,4,1,1,1,60,9,1995,2,2,4,1,4
201804WA18413,1,9,0,9,0,5,1,0,7,10,1,1,6,1,24,5,1461,2,16,3,1,3
201804WA18414,1,5,0,18,0,0,1,10,7,10,1,1,6,1,73,10,1832,1,14,7,1,7
201804WA18414,2,9,0,18,0,0,0,0,0,0,3,1,6,2,54,8,1497,8,2,8,1,8
201804WA18415,1,9,0,1,9,6,0,0,0,0,2,1,6,3,-1,-1,-1,-1,-1,-1,-1,-1
201804WA18416,1,9,0,18,0,6,0,0,0,0,1,1,6,2,25,5,1461,2,4,7,1,7
201804WA18416,2,8,0,18,0,8,0,0,0,0,3,1,1,1,46,8,1798,8,-1,3,1,3
201804WA18417,1,90,0,18,0,0,0,0,1,10,1,1,6,1,26,6,-1,-1,-1,7,3,7
201804WA18417,2,9,0,3,0,0,0,0,0,0,2,1,2,2,51,8,1896,2,9,7,3,7
201804WA18417,3,9,0,3,0,0,0,0,0,0,2,1,2,2,31,6,1242,1,4,6,1,6
201804WA18417,4,9,0,3,0,0,0,0,0,0,2,1,2,1,42,7,2143,2,4,5,3,5
201804WA18418,1,9,0,13,0,3,0,0,0,0,4,1,6,3,-1,-1,-1,-1,-1,-1,-1,-1
201804WA18418,2,9,0,18,0,3,0,0,0,0,3,1,2,1,57,9,-1,-1,-1,4,1,4
201804WA18419,1,19,0,4,0,6,0,0,0,0,1,1,1,1,47,8,2298,2,5,2,1,2
201804WA18419,2,9,0,18,0,8,0,0,0,0,4,1,6,1,44,7,1753,2,16,4,1,4