Accident_Index,Vehicle_Reference,Vehicle_Type,Towing_and_Articulation,Vehicle_Manoeuvre,Vehicle_Location-Restricted_Lane,Junction_Location,Skidding_and_Overturning,Hit_Object_in_Carriageway,Vehicle_Leaving_Carriageway,Hit_Object_off_Carriageway,1st_Point_of_Impact,Was_Vehicle_Left_Hand_Drive?,Journey_Purpose_of_Driver,Sex_of_Driver,Age_of_Driver,Age_Band_of_Driver,Engine_Capacity_(CC),Propulsion_Code,Age_of_Vehicle,Driver_IMD_Decile,Driver_Home_Area_Type,Vehicle_IMD_Decile
201804WA18420,1,9,0,3,0,1,0,0,0,0,1,1,1,1,60,9,1995,2,13,4,1,4
201804WA18420,2,1,0,18,0,1,0,0,0,0,1,1,2,1,64,9,-1,-1,-1,9,1,9
201804WA18421,1,9,0,18,0,1,0,0,0,0,1,1,6,3,-1,-1,-1,-1,-1,-1,-1,-1
201804WA18422,1,9,0,9,0,1,0,0,0,0,1,1,6,1,83,11,1240,1,13,-1,-1,-1
201804WA18422,2,9,0,5,0,1,0,0,0,0,1,1,6,1,29,6,1598,1,13,2,1,2
201804WA18423,1,9,0,9,0,8,0,0,0,0,3,1,6,2,52,8,1197,1,1,9,1,9
201804WA18424,1,9,0,9,0,5,0,0,0,0,1,1,6,1,61,9,1999,2,1,2,1,2
201804WA18424,2,1,0,18,0,1,0,0,0,0,2,1,6,1,9,2,-1,-1,-1,1,1,1
201804WA18425,1,9,0,2,9,8,0,0,0,0,0,1,6,3,-1,-1,1199,2,6,-1,-1,-1
201804WA18425,2,3,0,17,0,8,0,11,0,0,1,1,2,1,26,6,125,1,-1,1,1,1
201804WA18426,1,9,0,7,0,0,0,0,0,0,1,1,6,1,41,7,1798,1,8,2,1,2
201804WA18427,1,9,0,9,0,8,0,0,0,0,1,1,6,1,46,8,1596,1,15,10,2,10
201804WA18428,1,9,0,5,0,4,0,0,1,0,2,1,6,2,18,4,1242,1,7,7,1,7
201804WA18428,2,9,0,5,0,4,0,0,0,0,0,1,2,2,42,7,-1,3,4,9,1,9
201804WA18429,1,19,0,18,0,0,0,0,0,0,1,1,2,1,39,7,1560,2,1,4,1,4
201804WA18430,1,8,0,6,0,0,0,0,0,0,0,1,1,1,-1,-1,1461,2,6,-1,-1,-1
201804WA18432,1,9,0,9,0,8,0,0,0,0,1,1,6,1,45,7,1598,1,2,1,1,1
201804WA18433,1,3,0,12,0,0,2,0,0,0,3,1,2,2,26,6,125,1,7,5,1,5
201804WA18434,1,1,0,18,0,0,0,0,0,0,2,1,6,1,58,9,-1,-1,-1,5,2,5
201804WA18434,2,9,0,5,0,0,0,0,0,0,1,1,1,1,25,5,1199,1,18,7,3,7
201804WA18435,1,9,0,5,0,1,0,0,0,0,1,1,6,1,74,10,2179,2,13,6,3,6
201804WA18435,2,9,0,5,0,1,0,0,0,0,1,1,6,1,24,5,998,1,7,1,1,1
201804WA18436,1,9,0,5,0,8,0,0,0,0,1,1,6,1,37,7,2184,2,14,-1,-1,-1
201804WA18436,2,9,0,4,0,8,0,0,0,0,2,1,6,1,49,8,2179,2,15,-1,-1,-1
201804WA18436,3,90,0,4,0,8,0,0,0,0,0,1,1,1,44,7,2287,2,-1,-1,-1,-1
201804WA18437,1,9,0,18,0,0,0,0,0,0,1,1,6,1,42,7,1598,2,1,10,2,10
201804WA18437,2,9,0,18,0,0,0,0,0,0,1,1,6,2,47,8,1595,1,17,8,3,8
201804WA18438,1,9,0,18,0,1,0,4,0,0,1,1,6,1,47,8,1598,1,11,7,1,7
201804WA18438,2,9,0,2,0,1,0,0,0,0,2,1,6,3,-1,-1,2401,2,10,-1,-1,-1
201804WA18439,1,9,0,18,0,4,0,0,0,0,1,1,1,1,71,10,-1,-1,-1,2,1,2
201804WA18439,2,1,0,18,0,8,0,0,0,0,1,1,6,1,40,7,-1,-1,-1,7,2,7
201804WA18440,1,9,0,18,0,2,0,0,0,0,2,1,6,2,31,6,1200,1,2,5,1,5
201804WA18440,2,9,0,18,0,2,0,0,0,0,2,1,6,1,47,8,1560,2,10,4,1,4
201804WA18441,1,9,0,6,0,1,0,0,1,0,1,1,2,2,57,9,2143,2,4,4,1,4
201804WA18441,2,9,0,18,0,8,0,0,0,0,0,1,2,1,29,6,-1,-1,-1,1,1,1
201804WA18442,1,9,0,9,0,5,0,0,0,0,1,1,6,1,23,5,1584,1,11,3,1,3
201804WA18442,2,2,0,18,0,1,0,0,0,0,1,1,6,1,20,4,249,1,13,1,1,1
201804WA18443,1,9,0,9,9,0,1,10,1,0,1,1,6,1,18,4,1995,2,16,8,1,8
201804WA18444,1,9,0,18,0,0,0,0,0,0,1,1,2,2,50,8,1560,2,5,4,1,4
201804WA18444,2,9,0,18,0,0,0,0,0,0,0,1,6,1,52,8,1596,1,16,6,1,6
201804WA18446,1,11,0,7,0,6,0,0,0,0,1,1,1,1,60,9,4500,2,-1,3,1,3
201804WA18446,2,9,0,18,0,1,0,0,0,0,4,1,6,1,40,7,1398,2,10,4,1,4
201804WA18447,1,9,0,17,0,0,0,0,7,10,1,1,2,1,27,6,1796,1,11,2,1,2
201804WA18448,1,90,0,4,0,0,0,0,0,0,1,1,1,1,22,5,-1,-1,-1,7,1,7
201804WA18448,2,9,0,4,0,0,0,0,0,0,0,1,6,1,29,6,1598,1,11,5,-1,5
201804WA18448,3,9,0,4,0,0,0,0,0,0,1,1,6,1,60,9,1910,2,12,2,1,2
201804WA18449,1,9,0,10,0,2,0,0,0,0,4,1,6,2,41,7,1560,2,9,6,1,6
201804WA18449,2,9,0,18,0,1,0,0,0,0,1,1,6,1,18,4,998,1,10,9,1,9
201804WA18450,1,9,0,9,0,5,0,0,0,0,3,1,6,1,26,6,1910,2,12,6,1,6
201804WA18450,2,1,0,18,0,6,0,0,0,0,4,1,6,1,56,9,-1,-1,-1,3,1,3
201804WA18451,1,90,0,18,0,0,0,0,0,0,1,1,6,3,-1,-1,-1,-1,-1,-1,-1,-1
201804WA18451,2,9,0,3,0,0,0,0,0,0,1,1,1,1,39,7,2993,2,2,6,3,6
201804WA18452,1,9,0,3,9,1,0,0,0,0,2,1,6,1,39,7,1560,2,4,-1,2,-1
201804WA18452,2,9,0,18,9,1,0,0,0,0,2,1,2,1,33,6,-1,-1,-1,-1,-1,-1
201804WA18453,1,9,0,18,0,1,0,10,1,0,1,1,6,1,77,11,1598,2,3,2,1,2
201804WA18453,2,9,0,18,0,1,0,0,0,0,1,1,6,1,68,10,1598,1,15,-1,-1,-1
201804WA18454,1,9,0,18,0,1,0,0,0,0,1,1,1,2,52,8,1398,1,2,5,1,5
201804WA18454,2,19,0,4,0,8,0,0,0,0,2,1,1,1,30,6,1995,2,-1,7,1,7
201804WA18454,3,19,0,18,0,1,0,0,0,0,2,1,1,1,42,7,1560,2,3,2,1,2
201804WA18455,1,9,0,16,0,0,1,0,7,0,3,1,2,1,47,8,1998,1,23,10,1,10
201804WA18455,2,19,0,17,0,0,1,0,1,0,3,1,2,1,30,6,2198,2,3,10,1,10
201804WA18456,1,9,0,9,0,6,0,0,0,0,3,1,1,1,29,6,1598,2,6,1,1,1
201804WA18456,2,9,0,18,0,1,0,0,0,0,1,1,6,1,35,6,1969,2,-1,6,1,6
201804WA18457,1,9,0,5,0,4,0,0,0,0,1,1,6,2,20,4,1242,1,4,-1,-1,-1
201804WA18457,2,5,0,9,0,3,1,0,0,0,2,1,6,1,34,6,749,1,-1,-1,-1,-1
201804WA18458,1,90,0,9,0,5,0,0,0,0,4,1,1,1,33,6,2198,2,3,2,2,2
201804WA18458,2,21,1,18,0,2,1,0,0,0,1,1,1,1,50,8,11967,2,5,5,1,5
201804WA18459,1,9,0,9,0,8,0,0,0,0,4,1,6,2,48,8,1997,2,12,1,1,1
201804WA18459,2,9,0,18,0,8,0,0,0,0,1,1,6,1,28,6,1339,1,9,3,1,3
201804WA18460,1,9,0,18,0,0,0,0,0,0,1,1,6,3,-1,-1,1910,2,11,-1,-1,-1
201804WA18460,2,9,0,18,0,0,0,0,0,0,4,1,6,1,20,4,1124,1,15,6,1,6
201804WA18461,1,90,0,7,0,1,0,0,0,0,3,1,6,1,37,7,-1,-1,-1,-1,-1,-1
201804WA18461,2,9,0,3,0,1,0,0,0,0,0,1,1,2,59,9,-1,-1,-1,1,1,1
201804WA18462,1,19,0,4,0,0,0,0,0,0,0,1,6,3,-1,-1,1598,2,4,-1,-1,-1
201804WA18463,1,9,0,5,0,4,0,0,0,0,1,1,6,1,47,8,1598,1,12,1,1,1
201804WA18463,2,9,0,18,0,3,0,0,0,0,0,2,6,2,38,7,1240,1,14,1,1,1
201804WA18464,1,9,0,3,0,0,0,0,0,0,1,1,6,1,22,5,1586,1,1,2,1,2
201804WA18464,2,9,0,4,0,0,0,0,0,0,2,1,6,1,32,6,998,1,6,2,1,2
201804WA18464,3,9,0,4,0,0,0,0,0,0,0,1,6,2,29,6,1329,1,3,7,3,7
201804WA18465,1,9,0,6,0,0,0,0,7,0,1,1,6,2,30,6,1910,2,10,1,1,1
201804WA18466,1,9,0,18,0,1,0,0,0,0,1,1,6,3,-1,-1,-1,-1,-1,-1,-1,-1
201804WA18466,2,9,0,2,0,1,0,0,0,0,2,1,2,2,26,6,1360,1,14,4,1,4
201804WA18467,1,9,0,18,0,2,0,0,0,0,1,1,2,2,38,7,1598,1,16,4,1,4
201804WA18467,2,1,0,18,0,2,0,0,0,0,2,1,6,1,48,8,-1,-1,-1,7,3,7
201804WA18468,1,9,0,5,0,1,0,0,0,0,1,1,6,2,26,6,1329,1,8,-1,-1,-1
201804WA18468,2,9,0,18,0,1,1,4,0,0,3,1,6,2,26,6,1598,2,5,-1,-1,-1
201804WA18468,3,9,0,2,0,2,0,0,0,0,1,1,6,3,-1,-1,1598,1,13,-1,-1,-1
201804WA18468,4,9,0,2,0,2,0,0,0,0,2,1,6,3,-1,-1,1364,1,11,-1,-1,-1
201804WA18469,1,9,0,1,9,0,0,0,0,0,2,1,1,1,67,10,-1,-1,-1,3,1,3
201804WA18469,2,9,0,5,9,0,0,0,0,0,3,1,3,2,26,6,2597,7,15,5,1,5
201804WA18470,1,9,0,5,0,0,0,0,0,0,1,1,6,1,26,6,1242,1,11,3,1,3
201804WA18470,2,9,0,4,0,0,0,0,0,0,2,1,2,2,42,7,998,1,1,1,1,1
201804WA18471,1,11,0,9,0,1,0,0,0,0,0,1,1,3,-1,-1,8268,2,16,-1,-1,-1
201804WB18001,1,9,0,17,0,0,2,0,2,4,1,1,6,1,76,11,1360,1,14,-1,-1,-1
201804WB18001,2,9,0,17,0,0,0,0,0,0,1,1,2,1,30,6,1995,2,2,5,1,5
201804WB18002,1,9,0,9,0,6,0,0,0,0,1,1,6,2,41,7,1398,1,6,2,1,2
201804WB18002,2,9,0,18,0,8,0,0,0,0,1,1,6,1,52,8,1997,2,1,3,1,3
201804WB18003,1,9,0,2,0,0,0,0,0,0,4,1,6,2,39,7,1686,2,7,4,1,4
201804WB18003,2,9,0,14,0,0,0,4,0,0,1,1,6,1,76,11,2993,2,3,1,1,1
201804WB18004,1,9,0,18,0,1,0,0,0,0,1,1,6,2,23,5,1595,1,1,1,1,1
201804WB18004,2,9,0,3,0,1,0,0,0,0,2,1,6,1,51,8,1597,1,10,4,1,4
201804WB18005,1,9,0,9,0,6,0,0,0,0,1,1,1,1,19,4,-1,-1,-1,4,1,4
201804WB18005,2,9,0,18,0,1,0,0,0,0,1,1,1,2,21,5,1242,1,7,9,2,9
201804WB18006,1,9,0,18,0,4,0,0,0,0,1,1,6,1,57,9,1598,1,19,1,1,1
201804WB18006,2,9,0,18,0,3,0,0,0,0,4,1,6,1,22,5,1124,1,10,5,1,5
201804WB18007,1,90,0,12,0,0,0,0,0,0,3,1,2,1,38,7,-1,-1,-1,8,1,8
201804WB18007,2,9,0,15,0,0,0,0,0,0,4,1,2,1,45,7,998,1,3,1,1,1
201804WB18008,1,9,0,18,0,0,0,0,1,2,1,1,6,1,58,9,1870,2,16,1,1,1
201804WB18010,1,9,0,16,0,0,1,0,1,10,1,1,6,1,21,5,1242,1,13,8,1,8
201804WB18011,1,9,0,18,0,0,5,0,0,0,1,1,6,2,18,4,996,1,9,4,1,4
201804WB18011,2,9,0,3,0,0,0,0,0,0,2,1,6,2,59,9,1560,2,5,9,2,9
201804WB18011,3,9,0,10,0,0,0,0,0,0,2,1,4,2,42,7,1969,2,1,6,3,6
201804WB18011,4,9,0,18,0,0,0,0,0,0,1,1,6,1,52,8,1598,1,9,9,1,9
201804WB18013,1,9,0,12,0,0,0,0,0,0,1,1,2,1,30,6,1999,1,-1,6,1,6
201804WB18014,1,9,0,18,0,2,0,0,0,0,1,1,6,3,-1,-1,-1,-1,-1,-1,-1,-1
201804WB18014,2,1,0,18,0,2,0,0,0,0,2,1,6,1,39,7,-1,-1,-1,7,3,7
201804WB18015,1,9,0,12,0,0,0,0,0,0,2,1,6,3,-1,-1,-1,-1,-1,-1,-1,-1
201804WB18015,2,9,0,18,0,0,0,0,1,6,3,1,6,2,30,6,1988,1,18,-1,-1,-1
201804WB18016,1,9,0,18,0,2,1,11,1,6,1,1,6,1,31,6,1598,2,1,5,1,5
201804WB18016,2,9,0,18,0,1,1,11,0,6,2,1,6,1,25,5,1968,2,8,-1,-1,-1
201804WB18017,1,10,0,4,0,0,0,0,0,0,3,1,3,1,64,9,-1,-1,-1,-1,-1,-1
201804WB18018,1,9,0,18,0,0,1,0,0,6,1,1,6,1,45,7,1995,2,15,6,1,6
201804WB18018,2,9,0,18,0,0,1,0,0,6,1,1,6,1,24,5,1968,2,1,4,1,4
201804WB18018,3,9,0,18,0,0,1,0,0,6,1,1,6,2,55,8,1560,2,4,3,1,3
201804WB18018,4,9,0,18,0,0,1,0,0,6,1,1,6,1,22,5,1339,1,3,5,1,5
201804WB18018,5,9,0,18,0,0,1,0,0,6,1,1,6,1,25,5,1998,8,2,8,1,8
201804WB18019,1,90,0,9,0,2,0,0,0,0,3,1,6,2,88,11,-1,-1,-1,8,3,8
201804WB18019,2,9,0,18,0,1,1,0,0,0,4,1,1,2,43,7,899,1,18,-1,-1,-1
201804WB18020,1,1,0,18,0,0,0,12,0,0,1,1,6,1,65,9,-1,-1,-1,10,1,10
201804WB18021,1,9,0,18,0,2,0,0,0,0,4,1,6,1,66,10,1108,1,16,1,1,1
201804WB18022,1,9,0,9,0,8,0,0,0,0,1,1,6,2,36,7,999,1,1,7,3,7
201804WB18022,2,21,0,18,0,8,0,0,0,0,1,1,1,1,33,6,12900,2,6,2,1,2
201804WB18023,1,9,0,18,0,1,0,0,0,0,1,1,2,2,44,7,1240,1,14,1,1,1
201804WB18023,2,9,0,18,0,2,0,0,0,0,2,1,6,2,48,8,1998,1,11,5,3,5
201804WB18024,1,9,0,18,0,0,0,0,0,0,1,1,6,1,42,7,1339,1,7,7,3,7
201804WB18025,1,9,0,18,0,0,0,0,0,0,3,1,6,1,60,9,1461,2,3,7,2,7
201804WB18025,2,9,0,18,0,0,0,0,0,0,1,1,6,2,61,9,1995,2,6,6,-1,6
201804WB18026,1,11,0,5,0,0,0,0,0,0,4,1,6,1,61,9,6700,2,2,1,1,1
201804WB18026,2,9,4,18,0,0,0,0,1,0,3,1,6,1,60,9,2497,2,12,4,1,4
201804WB18027,1,9,0,18,0,0,1,0,1,10,1,1,6,1,20,4,1761,1,18,6,3,6
201804WB18028,1,9,0,18,0,0,0,0,0,0,1,1,2,1,44,7,1968,2,12,4,1,4
201804WB18028,2,9,0,4,0,0,0,0,0,0,2,1,2,1,31,6,1968,2,7,1,1,1
201804WB18029,1,9,0,5,0,6,0,0,0,0,1,1,6,1,66,10,1968,2,5,7,2,7
201804WB18029,2,11,0,18,0,8,0,0,7,0,1,1,1,1,21,5,8268,2,13,1,1,1
201804WB18030,1,9,0,6,0,0,0,0,0,0,3,1,6,1,77,11,1596,1,14,1,1,1
201804WB18030,2,3,0,18,0,0,0,0,0,0,1,1,6,1,19,4,124,1,4,1,1,1
201804WB18031,1,9,0,17,0,0,0,0,0,0,1,1,6,2,31,6,1461,2,2,5,2,5
201804WB18031,2,9,0,16,0,0,0,0,0,0,1,1,6,2,29,6,2979,1,15,4,1,4
201804WB18032,1,9,0,5,0,2,0,0,1,0,4,1,1,1,-1,-1,1598,1,7,-1,-1,-1
201804WB18032,2,1,0,18,0,1,0,0,0,0,1,1,6,1,56,9,-1,-1,-1,-1,-1,-1
201804WB18033,1,9,0,18,0,8,2,0,7,1,1,1,6,1,17,4,1000,1,18,9,3,9
201804WB18034,1,9,0,5,0,8,0,0,0,0,3,1,2,2,39,7,1598,1,10,3,1,3
201804WB18034,2,9,0,18,0,8,0,0,0,0,1,1,2,1,25,5,1968,2,2,7,3,7
201804WB18035,1,9,0,5,0,1,0,0,0,0,1,1,6,2,59,9,999,1,6,9,3,9
201804WB18035,2,9,0,5,0,1,0,0,0,0,4,1,6,2,34,6,1590,1,17,6,2,6
201804WB18036,1,90,0,3,0,1,0,0,0,0,1,1,6,3,-1,-1,-1,-1,-1,-1,-1,-1
201804WB18036,2,5,0,4,0,1,0,0,0,0,1,1,6,1,41,7,750,1,12,1,1,1
201804WB18037,1,9,0,18,0,0,0,0,0,0,1,1,6,2,50,8,1242,1,12,5,1,5
201804WB18038,1,9,0,9,0,8,0,0,0,0,4,1,6,2,18,4,1198,1,7,6,3,6
201804WB18038,2,9,0,18,0,8,0,0,0,0,1,1,3,2,43,7,1422,2,13,-1,-1,-1
201804WB18038,3,9,0,10,0,1,0,0,0,0,1,1,2,2,54,8,1461,2,12,10,2,10
201804WB18039,1,9,0,5,0,6,0,0,0,0,1,1,6,2,65,9,1396,1,11,2,1,2
201804WB18039,2,9,0,18,0,6,1,0,7,0,3,1,6,2,25,5,1896,2,11,3,1,3
201804WB18040,1,9,0,14,0,1,0,0,0,0,4,1,2,2,21,5,-1,-1,-1,4,1,4
201804WB18040,2,11,0,10,0,1,0,0,0,0,3,1,1,1,31,6,6700,2,2,-1,-1,-1
201804WB18041,1,9,0,18,0,6,0,0,0,0,3,1,2,2,42,7,1461,2,2,10,1,10
201804WB18041,2,9,0,18,0,1,0,0,0,0,1,1,2,1,51,8,998,1,3,4,1,4
201804WB18042,1,11,0,2,0,0,0,0,0,0,2,1,6,1,48,8,6700,2,2,-1,-1,-1
201804WB18042,2,11,0,5,0,0,0,0,0,0,1,1,6,1,26,6,9000,2,6,-1,-1,-1
201804WB18043,1,9,0,18,0,0,1,0,0,2,1,1,6,1,33,6,-1,-1,-1,2,1,2
201804WB18044,1,3,0,18,0,0,1,0,1,0,0,1,6,1,17,4,125,1,4,9,1,9
201804WB18044,2,9,0,13,0,0,0,0,0,0,0,1,6,3,-1,-1,-1,-1,-1,-1,-1,-1
201804WB18045,1,5,0,16,0,0,1,0,8,10,1,1,6,1,53,8,1261,1,12,2,1,2
201804WB18046,1,9,0,18,0,0,0,0,0,0,3,1,6,2,78,11,1497,8,2,8,2,8
201804WB18047,1,9,0,18,0,0,0,0,0,0,1,1,6,1,24,5,1197,1,2,1,1,1
201804WB18048,1,9,0,4,0,8,0,0,0,0,1,1,6,1,72,10,1395,1,2,8,1,8
201804WB18048,2,9,0,10,0,1,0,0,0,0,2,1,6,2,39,7,1200,1,1,1,1,1
201804WB18049,1,9,0,16,0,0,1,0,0,0,1,1,6,1,48,8,2688,2,16,-1,3,-1
201804WB18049,2,9,3,17,0,0,0,0,0,0,1,1,6,1,76,11,2199,2,6,3,1,3
201804WB18051,1,9,0,18,0,0,1,0,7,10,1,1,6,2,20,4,998,1,19,7,-1,7
201804WB18051,2,9,0,18,0,0,0,0,0,0,3,1,6,1,44,7,2171,2,17,6,2,6
201804WB18052,1,9,0,18,0,8,0,0,0,0,3,1,6,1,53,8,1951,2,15,1,1,1
201804WB18052,2,9,0,18,0,1,0,0,0,0,1,1,6,2,64,9,1560,2,7,1,1,1
201804WB18052,3,9,0,3,0,1,0,0,0,0,1,1,6,1,45,7,1896,2,15,1,1,1
201804WB18053,1,1,0,18,0,8,0,0,0,0,1,1,6,1,43,7,-1,-1,-1,-1,-1,-1
201804WB18053,2,9,0,9,0,8,0,0,0,0,1,1,6,1,64,9,1598,1,12,1,1,1
201804WB18054,1,9,0,18,0,0,0,0,0,0,1,1,6,2,41,7,2143,2,4,2,1,2
201804WB18054,2,9,0,5,0,0,0,0,0,0,1,1,2,1,59,9,2967,1,15,6,1,6
201804WB18055,1,9,0,18,0,0,2,0,1,4,4,1,6,2,43,7,1360,1,12,4,1,4
201804WB18056,1,9,0,18,0,0,2,7,1,7,1,1,6,1,39,7,1598,1,12,1,1,1
201804WB18057,1,9,0,15,9,1,0,0,1,0,1,1,6,3,-1,-1,-1,-1,-1,-1,-1,-1
201804WB18057,2,9,0,9,0,1,0,0,0,0,1,1,6,2,26,6,1598,1,13,1,1,1
201804WB18058,1,9,0,7,0,6,0,0,0,0,1,1,6,2,80,11,-1,-1,-1,10,1,10
201804WB18058,2,19,0,18,0,8,0,0,0,0,4,1,1,1,26,6,2198,2,3,8,1,8
201804WB18059,1,11,0,4,0,1,0,0,0,0,0,1,1,1,53,8,4250,2,14,7,3,7
201804WB18060,1,9,0,18,0,1,1,0,0,0,4,1,6,2,54,8,1896,2,10,8,3,8
201804WB18060,2,9,0,18,0,1,0,0,0,0,4,1,6,1,59,9,1997,2,7,9,3,9
201804WB18061,1,9,0,18,0,0,0,11,4,0,4,1,6,2,20,4,1199,2,5,3,2,3
201804WB18061,2,9,0,18,0,0,0,0,0,0,0,1,6,3,-1,-1,-1,-1,-1,-1,-1,-1
201804WB18062,1,9,0,13,0,8,1,0,1,10,1,1,6,2,23,5,1596,1,14,9,1,9
201804WB18062,2,19,0,9,0,5,0,0,0,0,3,1,1,1,32,6,1296,1,15,6,3,6
201804WB18063,1,19,0,18,0,1,0,0,0,0,1,1,1,1,59,9,2998,2,1,-1,-1,-1
201804WB18063,2,90,0,18,0,1,0,0,0,0,2,1,1,1,58,9,-1,-1,-1,3,1,3
201804WB18064,1,19,0,4,0,0,0,0,0,0,1,1,1,1,32,6,1968,2,2,5,1,5
201804WB18064,2,9,0,4,0,0,0,0,0,0,2,1,2,2,53,8,1339,1,10,4,1,4
201804WB18064,3,9,0,4,0,0,0,0,0,0,2,1,6,2,52,8,1360,1,9,10,1,10
201804WB18065,1,9,0,18,0,1,0,0,0,0,1,1,6,1,80,11,1318,1,1,-1,-1,-1
201804WB18065,2,9,0,5,0,8,0,0,0,0,1,1,6,2,17,4,1242,1,4,7,3,7
201804WB18066,1,19,0,13,0,0,0,0,0,0,4,1,1,1,82,11,1995,2,10,6,3,6
201804WB18066,2,1,0,18,0,0,0,0,0,0,3,1,6,1,61,9,-1,-1,-1,9,1,9
201804WB18067,1,9,0,3,0,2,0,0,1,0,1,1,6,3,-1,-1,-1,-1,-1,-1,-1,-1
201804WB18067,2,1,0,18,0,1,0,0,1,0,4,1,1,1,33,6,-1,-1,-1,7,1,7
201804WB18068,1,9,0,9,0,5,0,0,0,0,4,1,6,1,20,4,1198,1,12,7,1,7
201804WB18068,2,3,0,18,0,8,0,0,0,0,1,1,6,1,58,9,125,1,3,9,1,9
201804WB18069,1,9,0,5,0,1,0,10,0,0,2,1,6,2,33,6,1596,1,5,4,1,4
201804WB18069,2,9,0,18,0,1,0,0,0,0,1,1,6,1,28,6,898,1,1,4,1,4
201804WB18070,1,9,0,18,0,0,2,0,0,0,1,1,2,2,24,5,1596,1,9,7,1,7
201804WB18072,1,9,0,9,0,1,0,0,0,0,1,1,6,2,31,6,1598,1,9,7,3,7
201804WB18072,2,9,0,18,0,1,0,0,0,0,3,1,6,2,43,7,1951,2,17,4,1,4
201804WB18073,1,1,0,18,0,0,0,0,0,0,0,1,6,1,67,10,-1,-1,-1,7,3,7
201804WB18074,1,9,0,9,0,8,0,0,0,0,2,1,6,1,67,10,2179,2,4,6,3,6
201804WB18074,2,9,0,9,0,8,0,0,0,0,1,1,1,1,25,5,1242,1,1,1,1,1
201804WB18075,1,9,0,18,0,0,0,0,0,0,0,1,6,3,-1,-1,-1,-1,-1,-1,-1,-1
201804WB18075,2,9,0,17,0,0,2,0,1,9,1,1,6,2,18,4,1398,1,2,7,2,7
201804WB18076,1,9,0,1,0,0,0,0,0,0,2,1,6,2,38,7,3628,2,8,7,2,7
201804WB18077,1,1,0,18,0,1,0,0,0,0,1,1,6,1,58,9,-1,-1,-1,1,1,1
201804WB18078,1,21,1,18,0,0,0,0,0,0,1,2,1,1,40,7,-1,-1,-1,-1,-1,-1
201804WB18078,2,9,0,18,0,0,0,0,0,0,2,1,6,1,61,9,1388,1,10,9,2,9
201804WB18079,1,4,0,17,0,0,0,0,1,10,3,1,6,1,41,7,124,1,-1,2,1,2
201804WB18079,2,9,0,16,0,0,0,0,0,0,3,1,6,2,84,11,1598,1,12,6,3,6
201804WB18080,1,9,0,13,0,0,0,0,0,0,4,1,6,1,75,10,4196,1,14,7,3,7
201804WB18080,2,9,0,18,0,0,0,0,0,0,3,1,6,2,32,6,1753,2,12,1,1,1
201804WB18081,1,9,0,7,0,2,0,0,0,0,1,1,6,1,45,7,1388,1,11,5,1,5
201804WB18081,2,1,0,18,0,1,0,0,0,0,1,1,2,1,72,10,-1,-1,-1,4,1,4
201804WB18082,1,9,0,18,0,6,0,0,0,0,1,1,6,1,65,9,2179,2,6,8,3,8
201804WB18082,2,3,0,18,0,8,0,0,0,0,3,1,6,1,26,6,125,1,8,1,1,1
201804WB18083,1,9,0,5,0,6,0,0,0,0,1,1,6,2,57,9,2191,2,3,7,3,7
201804WB18083,2,9,0,18,0,1,0,0,0,0,1,1,6,1,28,6,1587,1,11,6,2,6
201804WB18084,1,9,0,4,0,1,0,0,0,0,3,1,6,1,29,6,1796,1,12,1,1,1
201804WB18084,2,9,0,4,0,1,0,0,0,0,1,1,6,1,24,5,1229,1,5,1,1,1
201804WB18085,1,9,0,18,0,0,0,0,0,0,1,1,6,1,60,9,1999,2,-1,8,1,8
201804WB18085,2,11,0,2,3,0,0,0,0,0,0,1,1,1,-1,-1,6871,2,9,-1,-1,-1
201804WB18086,1,9,0,4,0,0,0,0,0,0,1,1,6,2,40,7,1598,1,12,7,3,7
201804WB18086,2,9,0,3,0,0,0,0,0,0,2,1,6,2,57,9,999,1,4,8,2,8
201804WB18086,3,9,0,3,0,0,0,0,0,0,2,1,6,2,71,10,1499,1,2,7,3,7
201804WB18087,1,9,0,5,0,4,0,0,0,0,1,1,6,3,-1,-1,-1,-1,-1,-1,-1,-1
201804WB18087,2,1,0,5,0,4,0,0,0,0,4,1,6,1,67,10,-1,-1,-1,-1,-1,-1
201804WB18088,1,9,0,9,0,6,0,0,0,0,3,1,6,1,93,11,1390,1,7,7,1,7
201804WB18088,2,1,0,18,0,8,0,0,0,0,1,1,6,1,42,7,-1,-1,-1,8,3,8
201804WB18089,1,8,0,18,0,0,0,0,0,0,3,1,1,3,-1,-1,1896,2,8,-1,-1,-1
201804WB18090,1,3,0,18,0,0,2,0,1,0,3,1,6,1,34,6,124,1,17,7,1,7
201804WB18090,2,9,0,18,0,0,0,0,0,0,3,1,6,2,24,5,1242,1,4,-1,-1,-1
201804WB18091,1,9,0,16,0,0,1,0,0,0,1,1,6,1,20,4,1995,1,16,5,3,5
201804WB18091,2,9,3,18,0,0,0,0,0,0,1,1,6,1,56,9,2401,2,14,8,1,8
201804WB18092,1,9,0,9,0,8,0,0,0,0,1,1,6,1,84,11,1991,2,8,5,1,5
201804WB18092,2,9,0,18,0,1,0,0,0,0,3,1,6,1,37,7,1997,2,13,2,1,2
201804WB18093,1,9,0,9,0,6,0,0,0,0,1,1,6,2,52,8,1588,1,19,3,1,3
201804WB18093,2,1,0,18,0,8,0,0,0,0,4,1,6,1,51,8,-1,-1,-1,8,1,8
201804WB18094,1,90,0,18,0,0,0,0,0,0,2,1,6,1,81,11,-1,-1,-1,7,2,7
201804WB18094,2,9,0,13,0,0,0,0,0,0,4,1,6,3,-1,-1,-1,-1,-1,-1,-1,-1
201804WB18095,1,9,0,9,0,6,0,0,0,0,1,1,6,2,44,7,1242,1,4,6,1,6