Accident_Index,Vehicle_Reference,Vehicle_Type,Towing_and_Articulation,Vehicle_Manoeuvre,Vehicle_Location-Restricted_Lane,Junction_Location,Skidding_and_Overturning,Hit_Object_in_Carriageway,Vehicle_Leaving_Carriageway,Hit_Object_off_Carriageway,1st_Point_of_Impact,Was_Vehicle_Left_Hand_Drive?,Journey_Purpose_of_Driver,Sex_of_Driver,Age_of_Driver,Age_Band_of_Driver,Engine_Capacity_(CC),Propulsion_Code,Age_of_Vehicle,Driver_IMD_Decile,Driver_Home_Area_Type,Vehicle_IMD_Decile
201804WB18095,2,9,0,18,0,8,1,10,1,9,4,1,6,1,49,8,999,1,12,7,2,7
201804WB18096,1,9,0,18,0,8,1,0,0,0,1,1,6,1,25,5,1399,2,10,6,3,6
201804WB18096,2,9,0,9,0,5,0,0,0,0,4,1,4,1,76,11,1968,2,1,2,1,2
201804WB18096,3,9,0,3,0,1,0,0,0,0,3,1,6,2,25,5,999,1,2,1,1,1
201804WB18096,4,9,0,3,0,1,0,0,0,0,3,1,6,2,49,8,998,1,4,1,1,1
201804WB18096,5,9,0,18,0,1,0,0,0,0,0,1,6,2,35,6,1124,1,14,4,1,4
201804WB18097,1,9,0,4,0,2,0,0,0,0,1,1,6,1,38,7,1242,1,1,1,1,1
201804WB18097,2,8,0,4,0,1,0,0,0,0,2,1,1,1,62,9,1686,2,11,2,1,2
201804WB18098,1,9,0,16,0,0,1,0,7,4,1,1,6,1,28,6,2496,2,14,1,1,1
201804WB18099,1,9,0,18,0,0,0,0,0,0,1,1,2,1,19,4,1595,1,10,8,3,8
201804WB18099,2,9,0,4,0,0,0,0,0,0,1,1,6,2,52,8,1968,2,1,10,2,10
201804WB18100,1,9,0,9,0,6,0,0,0,0,4,1,6,2,91,11,1197,1,4,2,1,2
201804WB18101,1,9,0,18,0,0,0,0,0,0,2,1,6,1,59,9,1360,1,15,7,3,7
201804WB18101,2,9,0,18,0,0,0,0,0,0,1,1,2,2,24,5,2402,2,10,7,3,7
201804WB18102,1,9,0,9,0,6,0,0,0,0,1,1,6,2,61,9,1998,2,12,7,1,7
201804WB18102,2,9,0,18,0,1,0,0,0,0,4,1,6,1,60,9,898,1,-1,8,1,8
201804WB18103,1,5,0,18,0,0,2,0,0,0,1,1,6,2,38,7,1043,1,3,2,1,2
201804WB18105,1,9,0,18,0,8,1,0,0,0,3,1,6,1,65,9,2993,2,2,8,1,8
201804WB18105,2,5,0,18,7,8,0,0,0,0,1,1,1,1,49,8,1170,1,-1,7,3,7
201804WB18106,1,1,0,18,0,0,0,0,0,0,0,1,6,1,61,9,-1,-1,-1,6,3,6
201804WB18107,1,9,0,18,0,0,0,0,1,9,4,1,6,1,73,10,1997,1,19,5,3,5
201804WB18108,1,9,0,9,0,0,0,0,0,0,4,1,6,1,67,10,-1,-1,-1,9,2,9
201804WB18108,2,9,0,18,0,0,0,0,0,0,1,1,6,2,30,6,1968,2,-1,7,3,7
201804WB18109,1,9,0,9,0,1,0,0,0,0,1,1,6,1,80,11,1995,2,3,7,1,7
201804WB18109,2,1,0,18,0,1,0,0,0,0,3,1,6,1,51,8,-1,-1,-1,5,1,5
201804WB18110,1,9,0,18,0,8,0,0,0,0,1,1,6,3,-1,-1,1910,2,13,-1,-1,-1
201804WB18110,2,9,0,18,0,8,0,0,0,0,4,1,6,1,52,8,1997,1,8,1,1,1
201804WB18111,1,9,0,18,0,0,0,0,7,1,1,1,6,1,44,7,1798,1,13,-1,-1,-1
201804WB18112,1,17,0,15,0,0,0,4,0,0,4,1,1,1,57,9,6788,2,4,7,3,7
201804WB18112,2,9,0,3,0,0,0,0,0,0,3,1,6,2,31,6,1598,1,8,6,2,6
201804WB18113,1,9,0,9,0,8,0,0,0,0,4,1,6,3,-1,-1,-1,-1,-1,-1,-1,-1
201804WB18113,2,1,0,18,0,1,0,0,0,0,1,1,6,2,70,10,-1,-1,-1,4,1,4
201804WB18114,1,1,0,7,9,8,0,0,0,0,1,1,6,1,10,2,-1,-1,-1,-1,-1,-1
201804WB18115,1,9,0,18,0,0,0,0,7,10,1,1,6,2,32,6,1995,2,1,5,1,5
201804WB18115,2,9,0,2,0,0,0,0,0,0,2,1,6,3,-1,-1,1390,1,15,-1,-1,-1
201804WB18116,1,9,0,4,0,0,0,0,0,0,1,2,6,2,29,6,1753,2,10,3,1,3
201804WB18116,2,9,0,4,0,0,0,0,0,0,2,1,6,2,28,6,1461,2,12,4,1,4
201804WB18117,1,9,0,18,0,8,0,7,0,0,1,1,6,1,84,11,1197,1,3,2,1,2
201804WB18118,1,90,0,13,0,0,0,0,0,0,4,1,6,1,68,10,2800,2,12,-1,-1,-1
201804WB18118,2,9,0,18,0,0,0,0,0,0,3,1,6,2,75,10,1197,1,4,6,3,6
201804WB18119,1,1,0,18,0,0,0,0,0,0,1,1,6,1,50,8,-1,-1,-1,10,1,10
201804WB18119,2,90,0,4,0,0,0,0,0,0,2,1,1,1,46,8,-1,-1,-1,6,1,6
201804WB18120,1,9,0,18,0,0,2,10,8,7,4,1,6,1,38,7,1461,2,11,1,1,1
201804WB18121,1,90,0,18,0,0,0,0,0,0,1,1,6,3,-1,-1,-1,-1,-1,-1,-1,-1
201804WB18121,2,9,0,3,0,0,0,0,0,0,2,1,6,1,74,10,2231,2,5,3,1,3
201804WB18122,1,9,0,18,0,8,0,0,0,0,1,1,6,2,57,9,1995,2,5,7,2,7
201804WB18122,2,9,0,18,0,1,0,0,0,0,1,1,6,1,61,9,1910,2,12,7,3,7
201804WB18122,3,9,0,3,0,1,0,0,0,0,1,1,6,1,43,7,1388,1,16,7,3,7
201804WB18123,1,9,0,3,0,1,0,0,0,0,1,1,6,3,-1,-1,-1,-1,-1,-1,-1,-1
201804WB18123,2,9,0,3,0,8,0,0,0,0,2,1,2,2,19,4,1198,1,10,7,3,7
201804WB18124,1,9,0,18,0,0,0,0,1,10,1,2,6,2,83,11,1108,1,13,2,1,2
201804WB18125,1,19,0,17,0,0,0,10,1,2,1,1,1,1,47,8,1995,2,1,8,1,8
201804WB18126,1,9,0,16,0,4,2,10,7,1,1,1,6,1,23,5,1389,1,20,9,2,9
201804WB18126,2,9,0,18,0,1,0,0,0,0,0,1,1,1,39,7,2993,2,2,1,1,1
201804WB18127,1,9,0,9,0,3,2,0,1,2,1,1,6,1,17,4,1242,1,15,8,1,8
201804WB18128,1,1,0,18,5,0,0,0,0,0,1,1,2,2,36,7,-1,-1,-1,3,1,3
201804WB18129,1,1,0,7,0,2,0,0,0,0,1,1,6,1,60,9,-1,-1,-1,3,1,3
201804WB18129,2,9,0,4,0,1,0,0,0,0,3,1,6,1,51,8,2495,2,15,7,2,7
201804WB18130,1,9,0,18,0,1,0,10,2,0,1,1,6,2,18,4,1242,1,8,3,3,3
201804WB18131,1,1,0,18,0,2,0,0,0,0,3,1,6,1,13,3,-1,-1,-1,9,2,9
201804WB18131,2,9,0,18,0,1,0,0,0,0,1,1,6,1,43,7,1796,1,10,4,1,4
201804WB18132,1,9,0,12,0,3,0,0,0,0,1,1,6,2,18,4,1360,1,12,8,2,8
201804WB18132,2,9,0,18,0,3,0,0,0,0,3,1,6,1,33,6,1229,1,13,6,3,6
201804WB18132,3,9,0,18,0,3,0,0,0,0,4,1,6,2,58,9,1968,2,11,7,2,7
201804WB18133,1,1,0,16,0,0,1,0,0,0,1,1,6,1,66,10,-1,-1,-1,4,1,4
201804WB18133,2,21,0,3,0,0,0,0,0,0,1,1,1,1,69,10,12740,2,5,-1,-1,-1
201804WB18134,1,90,0,5,0,6,0,0,0,0,1,1,6,1,74,10,2200,2,8,6,2,6
201804WB18134,2,5,0,18,0,8,0,0,0,0,1,1,6,1,65,9,1050,1,13,1,1,1
201804WB18135,1,21,1,1,0,0,0,0,0,0,2,2,1,1,47,8,-1,-1,-1,-1,-1,-1
201804WB18135,2,9,0,16,0,0,0,0,0,0,1,1,6,1,22,5,1360,1,12,-1,-1,-1
201804WB18136,1,5,0,4,0,8,0,0,0,0,1,1,6,1,46,8,599,1,17,6,2,6
201804WB18136,2,9,0,3,0,8,0,0,0,0,2,1,6,1,42,7,1997,2,3,5,1,5
201804WB18137,1,9,0,18,0,0,0,0,1,4,1,1,6,2,54,8,898,1,2,8,3,8
201804WB18137,2,20,0,18,0,0,0,0,0,0,2,1,1,1,51,8,6700,2,3,-1,-1,-1
201804WB18138,1,9,0,18,0,1,0,0,0,0,4,1,6,1,60,9,1998,1,2,6,2,6
201804WB18139,1,9,0,3,0,0,2,0,0,0,1,1,6,1,17,4,1149,1,11,8,2,8
201804WB18139,2,9,0,4,0,0,0,0,0,0,2,1,6,2,47,8,1248,2,9,6,1,6
201804WB18140,1,9,0,17,0,0,0,0,0,0,1,1,6,1,65,9,1951,2,13,7,1,7
201804WB18140,2,1,0,18,0,0,0,0,0,0,2,1,6,1,60,9,-1,-1,-1,6,3,6
201804WB18141,1,9,0,18,0,0,0,0,7,2,1,1,6,2,85,11,1200,1,1,10,1,10
201804WB18142,1,1,0,16,0,0,0,0,7,0,1,1,6,2,21,5,-1,-1,-1,6,1,6
201804WB18142,2,9,0,17,0,0,0,0,0,0,1,1,6,1,74,10,2993,1,-1,10,2,10
201804WB18143,1,9,0,9,0,5,0,0,0,0,1,1,6,1,28,6,1198,1,3,10,2,10
201804WB18143,2,9,0,18,0,8,0,0,0,0,1,1,6,1,31,6,1582,2,6,5,1,5
201804WB18143,3,9,0,3,0,6,0,0,1,0,1,1,6,1,34,6,1798,1,4,3,2,3
201804WB18144,1,9,0,1,0,0,0,0,1,10,2,1,6,2,72,10,1461,2,1,2,1,2
201804WB18145,1,9,0,1,0,1,0,0,0,10,1,1,2,2,75,10,1248,2,4,7,3,7
201804WB18145,2,9,0,2,0,1,0,0,0,0,1,1,6,3,-1,-1,-1,-1,-1,-1,-1,-1
201804WB18146,1,9,0,1,0,6,0,0,0,0,2,1,2,2,65,9,1461,2,2,-1,-1,-1
201804WB18147,1,19,0,18,0,4,0,0,0,0,1,1,6,3,-1,-1,-1,-1,-1,-1,-1,-1
201804WB18147,2,9,0,18,0,4,1,0,0,0,2,1,6,1,20,4,1229,1,12,2,1,2
201804WB18148,1,9,0,18,0,1,5,0,0,0,4,1,6,1,41,7,1591,1,-1,-1,-1,-1
201804WB18148,2,90,0,18,5,1,2,0,1,0,4,1,6,1,-1,-1,-1,-1,-1,-1,-1,-1
201804WB18149,1,9,0,18,0,8,0,0,0,0,1,1,6,2,71,10,1497,8,4,8,1,8
201804WB18149,2,9,0,18,0,8,0,0,0,0,2,1,6,2,58,9,1900,2,12,3,2,3
201804WB18150,1,1,0,18,9,0,0,0,0,0,1,1,6,1,11,3,-1,-1,-1,4,1,4
201804WB18150,2,9,0,18,0,0,0,0,0,0,4,1,6,2,51,8,1339,1,7,1,1,1
201804WB18151,1,9,0,18,0,6,1,0,3,10,1,1,6,3,-1,-1,1360,1,8,-1,-1,-1
201804WB18152,1,1,0,17,0,8,1,0,0,0,1,1,6,2,21,5,-1,-1,-1,6,1,6
201804WB18152,2,9,0,18,0,1,0,0,0,0,1,1,6,1,36,7,1798,1,11,4,1,4
201804WB18153,1,5,0,18,0,0,0,0,0,0,1,1,6,1,25,5,599,1,19,3,1,3
201804WB18153,2,9,0,3,0,0,0,0,0,0,2,1,6,1,76,11,1597,2,3,5,1,5
201804WB18154,1,9,4,18,0,1,3,0,7,0,4,1,6,2,58,9,2500,2,18,7,3,7
201804WB18154,2,9,0,8,0,8,0,0,0,0,1,1,6,2,34,6,1598,2,7,9,2,9
201804WB18155,1,90,0,18,0,8,0,0,0,0,1,1,6,1,28,6,-1,-1,-1,3,1,3
201804WB18156,1,1,0,18,0,0,2,0,0,0,1,1,6,1,20,4,-1,-1,-1,4,1,4
201804WB18156,2,19,0,16,0,0,0,0,0,0,1,1,6,1,49,8,1598,2,3,9,2,9
201804WB18157,1,9,0,16,9,8,0,0,3,10,1,1,2,2,62,9,1994,7,11,7,3,7
201804WB18158,1,9,0,4,0,8,0,0,0,0,1,1,6,2,17,4,1360,1,11,6,3,6
201804WB18158,2,9,0,10,0,5,0,0,0,0,2,1,6,1,57,9,1910,2,9,9,3,9
201804WB18159,1,9,0,18,0,0,0,0,0,0,3,1,6,1,66,10,999,1,3,1,1,1
201804WB18160,1,9,0,16,0,0,0,0,0,0,1,1,6,2,27,6,1229,1,9,-1,-1,-1
201804WB18160,2,8,0,17,0,0,0,0,0,0,1,1,1,1,40,7,1968,2,8,8,1,8
201804WB18161,1,9,0,18,0,6,0,0,0,0,1,1,6,3,-1,-1,-1,-1,-1,-1,-1,-1
201804WB18162,1,9,0,7,0,1,0,0,7,9,1,1,1,2,32,6,1242,1,7,1,1,1
201804WB18162,2,9,0,18,0,1,0,0,0,0,1,1,6,2,38,7,2191,2,-1,8,3,8
201804WB18163,1,9,0,16,0,0,1,0,0,0,1,1,6,2,20,4,998,1,11,8,3,8
201804WB18164,1,9,0,9,0,8,0,0,0,0,4,1,6,1,19,4,1242,1,4,7,1,7
201804WB18164,2,9,0,18,0,1,0,0,0,0,1,1,6,1,18,4,1598,2,-1,1,1,1
201804WB18164,3,9,0,18,0,1,0,0,0,0,1,1,6,1,22,5,1997,2,11,1,1,1
201804WB18164,4,9,0,18,0,1,0,0,0,0,1,1,6,2,31,6,1149,1,10,2,1,2
201804WB18165,1,21,0,18,0,8,0,5,0,0,4,1,1,1,50,8,9290,2,8,6,2,6
201804WB18166,1,9,0,16,0,0,1,0,1,9,3,1,6,1,94,11,2184,2,14,8,3,8
201804WB18166,2,21,1,17,0,0,0,0,0,0,3,1,1,1,72,10,10837,2,5,7,3,7
201804WB18166,3,21,1,18,0,0,0,0,0,0,1,1,1,1,62,9,12777,2,6,9,2,9
201804WB18167,1,9,0,18,0,1,0,0,0,0,1,1,6,2,43,7,1328,1,12,1,1,1
201804WB18167,2,4,0,18,0,1,0,0,0,0,2,1,6,1,48,8,225,1,47,2,1,2
201804WB18168,1,9,0,16,0,0,2,0,7,10,3,1,6,1,17,4,1598,1,13,6,3,6
201804WB18169,1,1,0,18,0,0,0,0,0,0,1,1,6,2,9,2,-1,-1,-1,9,2,9
201804WB18169,2,9,0,1,0,0,0,0,0,0,2,1,6,1,46,8,1984,1,11,9,2,9
201804WB18170,1,9,0,16,0,0,1,0,1,0,4,1,6,2,17,4,-1,-1,-1,2,1,2
201804WB18171,1,9,0,3,0,6,0,0,0,0,1,1,6,1,87,11,1248,1,7,10,2,10
201804WB18171,2,9,0,18,0,1,0,0,0,0,4,1,6,2,51,8,2179,2,8,8,2,8
201804WB18172,1,9,0,5,0,6,0,0,0,0,3,1,6,1,62,9,1598,2,5,6,2,6
201804WB18172,2,9,0,18,0,8,0,0,0,0,1,1,6,2,21,5,1198,1,6,9,3,9
201804WB18173,1,9,0,18,0,1,1,7,0,10,4,1,6,1,23,5,2143,2,5,1,1,1
201804WB18174,1,1,0,18,0,0,0,0,0,0,0,1,6,1,60,9,-1,-1,-1,9,1,9
201804WB18175,1,9,0,17,0,0,1,0,1,0,1,1,6,2,19,4,1395,1,1,7,2,7
201804WB18176,1,9,0,18,8,0,1,0,1,0,1,1,6,1,25,5,1398,2,11,-1,-1,-1
201804WB18177,1,9,0,5,0,8,0,0,0,0,0,1,6,1,17,4,1149,1,16,7,1,7
201804WB18178,1,9,0,18,0,0,0,0,7,0,3,1,6,1,21,5,1329,1,2,1,1,1
201804WB18179,1,9,0,5,0,1,0,0,0,0,4,1,6,1,86,11,1799,1,10,8,1,8
201804WB18179,2,9,0,18,0,8,0,0,0,0,4,1,3,1,40,7,2998,1,1,4,1,4
201804WB18180,1,8,0,18,0,0,0,0,0,0,4,1,1,1,61,9,-1,-1,-1,8,1,8
201804WB18181,1,9,0,4,0,0,0,0,0,0,1,1,6,3,-1,-1,-1,-1,-1,-1,-1,-1
201804WB18181,2,9,0,4,0,0,0,0,0,0,0,1,6,1,17,4,1399,2,10,-1,-1,-1
201804WB18182,1,9,0,18,0,1,0,0,0,0,4,1,6,1,66,10,1582,2,4,1,1,1
201804WB18183,1,1,0,4,4,0,0,0,0,0,1,1,3,1,14,3,-1,-1,-1,-1,-1,-1
201804WB18184,1,1,0,9,0,0,0,0,0,0,1,1,6,1,19,4,-1,-1,-1,9,1,9
201804WB18184,2,9,0,18,0,0,0,0,0,0,1,1,3,2,36,7,1596,1,5,5,1,5
201804WB18185,1,9,0,4,0,1,0,0,0,0,2,1,4,2,38,7,1598,2,4,1,1,1
201804WB18185,2,9,0,4,0,1,0,4,0,0,1,1,2,2,22,5,-1,-1,-1,1,1,1
201804WB18186,1,9,0,16,0,8,1,0,3,0,1,1,6,2,27,6,2179,2,4,2,1,2
201804WB18187,1,9,0,17,0,1,0,0,1,2,1,1,6,1,21,5,1995,2,1,4,1,4
201804WB18188,1,9,0,9,0,5,0,0,0,0,4,1,6,1,35,6,1995,2,7,8,1,8
201804WB18188,2,5,0,18,0,8,0,0,0,0,1,1,6,1,30,6,847,1,4,10,2,10
201804WB18189,1,9,0,18,0,8,0,0,0,0,4,1,6,1,52,8,2497,2,12,5,1,5
201804WB18190,1,9,0,18,0,1,0,0,0,0,1,1,6,3,-1,-1,1591,1,1,-1,-1,-1
201804WB18190,2,9,0,18,0,1,0,0,3,0,1,1,6,1,53,8,1968,2,-1,8,2,8
201804WB18191,1,21,1,9,0,8,0,0,0,0,0,1,1,1,58,9,12777,2,9,2,1,2
201804WB18191,2,9,0,18,0,1,1,0,7,1,1,1,1,1,51,8,1461,2,1,4,1,4
201804WB18192,1,19,0,1,0,0,0,0,0,0,0,1,6,1,30,6,2402,2,10,7,1,7
201804WB18192,2,11,0,4,0,0,0,0,0,0,0,1,6,1,65,9,9000,2,6,6,1,6
201804WB18193,1,9,0,9,0,6,0,0,0,0,1,1,6,1,61,9,3598,1,9,-1,-1,-1
201804WB18193,2,9,0,16,0,8,0,0,0,0,1,1,6,2,47,8,1198,1,6,-1,-1,-1
201804WB18194,1,9,0,16,0,0,1,0,0,0,1,1,6,1,21,5,1896,2,15,4,1,4
201804WB18194,2,9,0,17,0,0,0,0,0,0,3,1,6,2,29,6,1796,1,9,2,1,2
201804WB18195,1,4,0,16,0,0,0,0,0,0,3,1,6,1,25,5,398,1,11,2,1,2
201804WB18195,2,9,0,17,0,0,0,0,0,0,3,1,6,1,22,5,2143,2,3,7,1,7
201804WB18196,1,9,0,9,0,1,0,0,0,0,1,1,6,2,54,8,1995,2,-1,5,3,5
201804WB18196,2,9,0,18,0,1,0,0,1,0,1,1,6,1,55,8,1896,2,17,2,1,2
201804WB18196,3,9,0,10,0,1,0,0,0,0,3,1,6,1,45,7,1596,1,7,3,3,3
201804WB18197,1,9,0,13,0,1,0,0,0,0,1,1,6,3,-1,-1,-1,-1,-1,-1,-1,-1
201804WB18197,2,1,0,10,0,1,0,0,0,0,2,1,6,1,16,4,-1,-1,-1,4,1,4
201804WB18198,1,19,0,7,0,8,0,0,0,0,1,1,6,3,-1,-1,-1,-1,-1,-1,-1,-1
201804WB18199,1,9,0,18,0,8,0,0,0,0,1,1,6,2,68,10,1995,2,5,7,3,7
201804WB18199,2,9,0,18,0,8,0,0,1,10,3,1,6,1,66,10,1560,2,6,4,1,4
201804WB18200,1,9,0,18,0,0,2,0,1,0,1,1,6,1,81,11,1388,1,16,-1,-1,-1
201804WB18201,1,5,0,16,0,0,0,0,0,0,1,1,6,1,39,7,1340,1,9,6,1,6
201804WB18201,2,9,0,17,0,0,1,0,0,0,1,1,2,2,41,7,1998,2,12,8,3,8
201804WB18202,1,9,0,16,0,0,0,0,0,0,0,1,6,3,-1,-1,-1,-1,-1,-1,-1,-1
201804WB18202,2,9,0,17,0,0,1,0,8,4,1,1,6,1,18,4,1124,1,17,-1,-1,-1
201804WB18203,1,9,0,9,0,8,0,0,0,0,4,1,6,2,31,6,1229,1,6,7,2,7
201804WB18203,2,1,0,18,0,8,0,0,0,0,1,1,2,1,31,6,-1,-1,-1,7,2,7
201804WB18204,1,9,0,18,0,1,0,0,1,0,4,1,6,2,24,5,1796,1,11,-1,-1,-1
201804WB18204,2,9,0,5,0,1,0,0,0,0,1,1,6,1,53,8,2351,1,14,-1,-1,-1
201804WB18205,1,19,0,18,0,8,0,0,0,0,1,1,1,1,51,8,1598,2,2,1,1,1
201804WB18205,2,9,0,18,0,8,0,0,0,0,3,1,6,1,62,9,1396,1,16,9,2,9
201804WB18206,1,19,0,18,0,0,0,0,2,0,3,1,6,1,73,10,1753,2,13,5,1,5
201804WB18206,2,9,0,3,0,0,0,0,0,0,3,1,6,2,54,8,1198,1,12,9,1,9
201804WB18207,1,9,0,18,0,1,0,0,0,0,1,1,6,1,38,7,1086,1,12,1,1,1
201804WB18207,2,9,0,4,0,1,0,0,0,0,2,1,6,1,45,7,-1,-1,-1,5,1,5
201804WB18208,1,9,0,18,0,0,0,0,0,0,1,1,6,1,24,5,1198,1,10,1,1,1
201804WB18208,2,9,0,18,0,0,1,0,0,0,1,1,6,2,77,11,999,1,2,7,3,7
201804WB18209,1,9,0,18,0,0,0,0,0,0,1,1,6,1,72,10,1598,2,5,10,1,10
201804WB18210,1,9,0,18,0,1,0,0,1,2,1,1,6,2,85,11,1390,1,6,8,3,8
201804WB18211,1,9,0,18,0,1,0,0,0,0,1,1,2,1,47,8,998,1,1,9,2,9
201804WB18212,1,9,0,5,0,0,0,0,0,0,1,1,6,3,-1,-1,1686,2,7,-1,-1,-1
201804WB18213,1,9,0,17,9,0,0,0,7,0,1,1,6,2,60,9,998,1,-1,3,1,3
201804WB18214,1,9,0,16,0,0,0,0,0,0,3,1,2,2,56,9,1200,1,2,6,3,6
201804WB18214,2,9,0,17,0,0,0,0,1,10,3,1,2,1,53,8,2143,2,7,6,3,6
201804WB18215,1,90,0,18,0,1,0,0,0,0,1,1,1,1,31,6,-1,-1,-1,-1,-1,-1
201804WB18215,2,90,0,3,0,1,0,0,0,0,2,1,1,1,43,7,-1,-1,-1,6,1,6
201804WB18215,3,9,0,4,0,1,0,0,0,0,2,1,6,2,72,10,1968,2,2,7,1,7
201804WB18216,1,9,0,18,0,0,0,0,0,0,3,1,6,1,49,8,-1,-1,-1,4,3,4
201804WB18217,1,9,0,13,0,0,0,0,0,0,4,1,6,2,44,7,1798,1,5,8,1,8
201804WB18217,2,1,0,18,0,0,0,0,0,0,3,1,6,1,51,8,-1,-1,-1,9,2,9
201804WB18218,1,9,0,18,0,0,0,0,0,0,1,1,6,3,-1,-1,1242,1,4,-1,-1,-1
201804WB18219,1,9,0,17,0,0,1,0,1,0,0,1,6,1,26,6,1598,1,1,5,1,5
201804WB18220,1,9,0,18,0,1,1,0,0,0,1,1,6,1,37,7,1968,2,9,1,1,1
201804WB18220,2,9,0,18,0,1,1,0,1,0,3,1,6,2,35,6,1968,2,8,3,1,3
201804WB18221,1,9,0,4,0,0,0,0,0,0,1,1,6,3,-1,-1,1753,2,9,-1,-1,-1
201804WB18221,2,9,0,4,0,0,0,0,0,0,2,1,6,2,59,9,1998,1,3,4,2,4
201804WB18222,1,9,0,18,0,1,0,0,0,0,1,1,6,1,71,10,998,1,4,8,2,8
201804WB18222,2,9,0,10,0,1,0,0,0,0,2,1,6,2,69,10,1395,1,2,7,3,7
201804WB18225,1,8,0,18,0,0,0,0,0,0,1,1,1,1,66,10,3222,2,13,8,1,8
201804WB18226,1,19,0,1,0,0,0,0,0,0,2,1,6,1,25,5,2198,2,4,8,1,8
201804WB18228,1,9,0,17,0,0,0,0,0,0,1,1,6,2,46,8,998,1,7,4,1,4
201804WB18228,2,9,0,17,0,0,0,0,2,0,1,1,6,1,53,8,-1,-1,-1,-1,-1,-1
201804WB18229,1,9,0,4,0,2,0,0,0,0,1,1,6,1,80,11,1248,1,4,8,1,8
201804WB18229,2,9,0,3,0,2,0,0,0,0,2,1,6,2,55,8,2204,2,10,9,1,9
201804WB18229,3,9,0,3,0,2,0,0,0,0,0,1,6,2,74,10,1499,1,1,10,2,10
201804WB18230,1,19,0,4,0,4,1,10,7,10,1,1,1,1,51,8,1560,2,5,-1,2,-1
201804WB18231,1,5,0,13,0,8,2,0,0,0,1,1,6,2,39,7,599,1,2,6,1,6
201804WB18231,2,9,4,9,0,8,0,0,0,0,1,1,1,1,61,9,2494,2,10,-1,-1,-1
201804WB18231,3,5,0,13,0,8,0,0,0,0,0,1,6,1,51,8,599,1,9,6,1,6
201804WB18232,1,21,1,18,0,0,0,0,1,7,1,1,1,1,20,4,12777,2,-1,6,1,6
201804WB18233,1,9,0,18,0,8,1,0,1,10,3,1,6,1,25,5,1598,1,9,9,2,9
201804WB18233,2,9,0,18,0,8,0,0,7,10,0,1,6,1,53,8,1560,2,4,4,1,4
201804WB18234,1,9,0,3,0,0,0,0,0,0,1,1,6,3,-1,-1,2993,2,2,-1,-1,-1
201804WB18234,2,9,0,3,0,0,0,10,0,0,2,1,6,2,36,7,1984,1,17,6,1,6
201804WB18235,1,9,0,4,0,0,2,0,0,0,4,1,2,2,18,4,3436,1,2,7,3,7
201804WB18236,1,17,4,18,0,0,0,0,0,0,3,1,1,1,49,8,6788,2,3,7,3,7
201804WB18236,2,1,0,18,0,0,1,0,0,0,1,1,6,1,61,9,-1,-1,-1,7,2,7
201804WB18238,1,3,0,13,0,0,0,0,0,0,3,1,6,1,26,6,599,1,7,7,2,7
201804WB18238,2,9,0,5,0,0,0,0,0,0,3,1,6,1,39,7,2204,2,9,3,1,3
201804WB18238,3,9,0,5,0,0,0,0,0,0,2,1,6,2,22,5,1149,1,9,8,1,8
201804WB18239,1,9,0,9,0,1,0,0,0,0,1,1,6,2,27,6,1560,2,5,-1,-1,-1
201804WB18239,2,9,0,18,0,1,0,0,0,0,1,1,6,2,39,7,2765,2,19,9,3,9
201804WB18240,1,9,0,4,0,1,0,0,0,0,1,1,2,1,26,6,1896,2,17,-1,-1,-1
201804WB18241,1,9,0,9,0,8,0,0,0,0,3,1,6,2,53,8,1560,2,3,5,3,5
201804WB18241,2,3,0,18,0,8,0,0,0,0,1,1,6,1,19,4,125,1,1,2,1,2
201804WB18242,1,21,1,18,0,0,0,0,0,0,0,1,1,3,-1,-1,-1,-1,-1,-1,-1,-1
201804WB18242,2,9,0,13,0,0,0,0,0,0,1,1,6,1,45,7,1798,1,10,3,2,3
201804WB18243,1,19,0,5,0,0,0,0,0,0,1,1,6,1,40,7,1998,2,15,1,1,1
201804WB18244,1,90,0,18,0,0,0,0,0,0,1,1,6,1,35,6,-1,-1,-1,-1,-1,-1
201804WB18244,2,9,0,4,0,0,0,0,0,0,2,1,6,1,47,8,1498,1,1,5,1,5
201804WB18245,1,8,0,18,0,0,0,0,0,0,1,1,6,2,23,5,1995,2,1,1,1,1
201804WB18245,2,9,0,18,0,0,0,0,1,0,1,1,2,2,55,8,1600,2,9,3,2,3
201804WB18246,1,9,0,18,0,0,0,0,0,0,1,1,6,1,54,8,1598,2,4,6,1,6
201804WB18246,2,9,0,18,0,0,0,0,0,0,2,1,2,1,23,5,1398,1,3,-1,-1,-1
201804WB18247,1,9,0,9,0,8,0,0,0,0,1,1,6,1,47,8,1599,1,13,2,1,2
201804WB18247,2,8,0,18,0,8,0,0,1,1,3,1,1,1,60,9,2685,2,14,-1,-1,-1
201804WB18247,3,9,0,18,0,8,0,0,1,1,3,1,6,2,33,6,1590,1,14,1,1,1
201804WB18248,1,9,0,18,0,0,2,4,7,9,4,1,6,2,18,4,1390,1,11,3,1,3
201804WB18249,1,3,0,18,0,8,0,0,0,0,0,1,2,1,31,6,-1,-1,-1,2,1,2
201804WB18250,1,9,0,18,0,0,0,0,0,0,1,1,6,1,39,7,1598,1,15,5,1,5
201804WB18250,2,9,0,4,0,0,0,0,1,0,2,1,6,1,28,6,1995,2,1,7,1,7
201804WB18251,1,9,0,18,0,0,0,4,0,0,1,1,6,1,39,7,1986,2,9,-1,1,-1
201804WB18251,2,19,0,2,0,0,1,0,1,10,2,1,6,1,-1,-1,1560,2,7,8,3,8
201804WB18252,1,11,0,4,0,2,0,0,0,5,3,1,1,1,59,9,6700,2,6,5,2,5