Accident_Index,Vehicle_Reference,Vehicle_Type,Towing_and_Articulation,Vehicle_Manoeuvre,Vehicle_Location-Restricted_Lane,Junction_Location,Skidding_and_Overturning,Hit_Object_in_Carriageway,Vehicle_Leaving_Carriageway,Hit_Object_off_Carriageway,1st_Point_of_Impact,Was_Vehicle_Left_Hand_Drive?,Journey_Purpose_of_Driver,Sex_of_Driver,Age_of_Driver,Age_Band_of_Driver,Engine_Capacity_(CC),Propulsion_Code,Age_of_Vehicle,Driver_IMD_Decile,Driver_Home_Area_Type,Vehicle_IMD_Decile
201804WB18253,1,1,0,6,0,0,0,0,0,0,1,1,6,1,8,2,-1,-1,-1,6,1,6
201804WB18253,2,9,0,18,0,0,0,0,0,0,1,1,2,1,18,4,1388,1,10,7,3,7
201804WB18255,1,9,0,11,0,0,0,0,5,6,1,1,6,2,30,6,1461,2,14,6,1,6
201804WB18256,1,9,0,18,0,0,1,0,7,1,1,1,6,1,67,10,1560,2,8,7,1,7
201804WB18257,1,9,0,7,4,6,0,0,0,0,3,1,6,2,58,9,998,1,-1,10,1,10
201804WB18257,2,1,0,18,4,1,0,0,0,0,0,1,6,1,75,10,-1,-1,-1,10,1,10
201804WB18258,1,9,0,1,0,0,0,4,0,0,2,1,6,1,71,10,1910,2,10,2,1,2
201804WB18258,2,9,0,2,0,0,0,0,0,0,1,1,6,2,51,8,1995,1,11,7,2,7
201804WB18259,1,1,0,16,0,0,1,4,0,0,1,1,6,1,12,3,-1,-1,-1,2,1,2
201804WB18259,2,9,0,2,0,0,0,0,0,0,2,1,6,3,-1,-1,1246,1,10,-1,-1,-1
201804WB18260,1,9,0,16,0,0,0,0,0,0,1,1,6,1,18,4,1388,1,17,2,1,2
201804WB18260,2,9,0,17,0,0,0,0,0,0,1,1,6,1,82,11,1560,2,10,8,3,8
201804WB18261,1,9,0,7,3,6,0,0,0,0,0,1,6,1,24,5,1362,1,5,-1,-1,-1
201804WB18261,2,1,0,18,0,1,0,0,0,0,0,1,6,1,49,8,-1,-1,-1,6,1,6
201804WB18262,1,8,0,9,0,5,0,0,0,0,1,1,1,1,56,9,1560,2,5,7,1,7
201804WB18262,2,1,0,18,4,1,0,0,0,0,1,1,6,2,74,10,-1,-1,-1,6,1,6
201804WB18262,3,9,0,10,8,5,0,0,0,0,1,1,6,1,31,6,1896,2,15,6,1,6
201804WB18263,1,1,0,18,0,0,0,0,0,0,1,1,2,1,57,9,-1,-1,-1,3,1,3
201804WB18264,1,9,0,17,0,0,0,0,0,10,1,1,6,2,50,8,1200,1,-1,10,1,10
201804WB18265,1,9,0,18,0,0,0,0,0,0,1,1,6,2,70,10,1395,1,2,6,3,6
201804WB18265,2,9,0,2,0,0,0,0,1,0,2,1,6,3,-1,-1,998,1,10,-1,-1,-1
201804WB18266,1,11,0,5,0,1,0,0,0,0,4,1,6,1,67,10,6871,2,9,-1,-1,-1
201804WB18267,1,9,0,18,0,0,0,0,0,0,4,1,6,2,28,6,1197,1,2,-1,-1,-1
201804WB18267,2,9,0,1,0,0,0,0,0,0,2,1,6,2,73,10,-1,-1,-1,6,1,6
201804WB18268,1,1,0,18,1,0,0,0,0,0,0,1,6,1,21,5,-1,-1,-1,8,3,8
201804WB18269,1,9,0,18,0,0,0,4,1,9,1,1,6,1,30,6,1242,1,14,-1,-1,-1
201804WB18269,2,9,0,2,0,0,0,0,0,0,1,1,6,3,-1,-1,1587,1,15,-1,-1,-1
201804WB18270,1,9,0,18,0,0,1,0,1,0,1,1,6,2,18,4,998,1,15,7,3,7
201804WB18270,2,9,0,18,0,0,5,0,1,0,4,1,6,2,25,5,1248,2,6,6,2,6
201804WB18271,1,90,0,18,0,0,2,0,0,0,3,1,6,2,47,8,1900,2,19,1,1,1
201804WB18272,1,9,0,18,0,0,0,0,0,0,4,1,2,1,31,6,-1,-1,-1,6,2,6
201804WB18272,2,9,0,18,0,0,0,0,0,0,3,1,6,2,25,5,-1,-1,-1,9,2,9
201804WB18273,1,1,0,5,0,6,0,0,0,0,3,1,6,1,24,5,-1,-1,-1,2,1,2
201804WB18273,2,9,0,18,0,8,0,0,0,0,1,1,6,2,34,6,1591,1,1,8,1,8
201804WB18274,1,3,0,4,0,8,0,0,0,0,4,1,6,3,-1,-1,-1,-1,-1,-1,-1,-1
201804WB18275,1,5,0,16,0,0,1,0,0,0,1,1,6,1,54,8,1000,1,15,3,3,3
201804WB18275,2,9,0,18,0,0,0,0,0,0,1,1,6,1,32,6,-1,-1,-1,3,1,3
201804WB18275,3,19,0,18,0,0,0,0,0,0,2,1,6,2,33,6,1968,2,5,6,2,6
201804WB18275,4,5,0,16,0,0,0,0,0,0,0,1,6,1,41,7,999,1,-1,9,1,9
201804WB18276,1,9,0,18,0,3,0,0,0,2,4,1,6,1,18,4,1368,1,9,-1,-1,-1
201804WB18277,1,9,0,9,0,5,0,0,0,0,4,1,6,1,22,5,1997,2,17,7,1,7
201804WB18277,2,2,0,18,0,8,0,0,0,0,1,1,6,1,46,8,124,1,2,2,1,2
201804WB18278,1,9,4,18,0,0,2,0,1,0,0,1,1,1,50,8,2495,2,21,6,2,6
201804WB18279,1,90,0,13,0,0,0,0,0,0,1,1,6,1,-1,-1,-1,-1,-1,-1,-1,-1
201804WB18279,2,9,0,18,0,0,0,0,0,0,2,1,6,2,38,7,1598,1,13,4,1,4
201804WB18280,1,1,0,18,9,0,0,0,0,0,1,1,4,1,12,3,-1,-1,-1,-1,-1,-1
201804WB18281,1,9,0,4,0,1,0,0,0,0,1,1,6,3,-1,-1,-1,-1,-1,-1,-1,-1
201804WB18282,1,10,0,18,0,0,1,0,1,7,1,1,2,1,41,7,-1,-1,-1,-1,1,-1
201804WB18282,2,19,0,18,0,0,0,0,0,0,2,1,1,1,36,7,1995,2,4,7,1,7
201804WB18283,1,3,0,13,0,0,0,0,0,0,4,1,6,1,21,5,124,1,8,2,1,2
201804WB18284,1,9,0,13,0,1,0,0,0,0,1,1,6,1,70,10,1998,1,-1,5,1,5
201804WB18284,2,9,0,18,0,1,0,0,0,0,1,1,6,1,45,7,998,1,4,7,1,7
201804WB18285,1,9,0,18,0,8,0,0,7,0,1,1,6,2,40,7,1910,2,12,8,2,8
201804WB18285,2,9,0,18,0,8,0,0,1,0,3,1,6,1,73,10,2993,2,1,8,1,8
201804WB18286,1,9,0,18,0,0,0,0,4,0,1,1,6,1,27,6,2979,1,3,2,1,2
201804WB18286,2,9,0,18,0,0,1,0,4,6,2,1,6,1,29,6,-1,-1,-1,-1,-1,-1
201804WB18287,1,9,0,18,0,0,1,0,0,0,1,1,6,1,21,5,1229,1,4,-1,1,-1
201804WB18287,2,9,0,3,0,0,0,0,0,0,2,1,6,1,66,10,1905,2,19,4,1,4
201804WB18287,3,9,0,3,0,0,0,0,0,0,0,1,6,2,51,8,1461,2,3,3,1,3
201804WB18288,1,9,0,18,0,8,0,0,0,0,1,1,1,2,31,6,1968,2,4,2,1,2
201804WB18288,2,9,0,18,0,1,0,0,0,0,1,1,1,1,60,9,1598,2,6,2,1,2
201804WB18289,1,9,0,18,0,8,0,0,0,0,1,1,6,1,81,11,2959,6,25,8,3,8
201804WB18289,2,9,0,18,0,8,0,0,1,10,3,1,6,1,74,10,1999,2,-1,9,2,9
201804WB18290,1,9,0,3,0,5,0,0,0,0,1,1,6,2,24,5,996,1,8,7,1,7
201804WB18291,1,9,0,18,0,0,0,0,2,10,1,1,1,2,19,4,1149,1,8,2,1,2
201804WB18292,1,9,0,9,0,8,0,0,0,0,3,1,2,1,29,6,1461,2,13,1,1,1
201804WB18292,2,9,0,18,0,1,0,0,1,10,1,1,6,1,20,4,-1,-1,-1,9,3,9
201804WB18293,1,5,0,17,0,0,0,0,0,0,0,1,6,1,37,7,599,1,19,3,1,3
201804WB18293,2,5,0,17,0,0,5,0,1,10,1,1,6,1,42,7,599,1,14,6,1,6
201804WB18293,3,5,0,17,0,0,0,0,0,0,0,1,6,1,43,7,599,1,14,8,1,8
201804WB18294,1,9,0,18,0,0,0,0,0,0,1,1,6,2,42,7,1968,2,10,-1,-1,-1
201804WB18294,2,9,0,4,0,0,0,0,0,0,2,1,6,1,73,10,2959,1,16,-1,-1,-1
201804WB18294,3,9,0,3,0,0,0,0,0,0,2,1,6,1,59,9,1560,2,6,9,3,9
201804WB18295,1,9,0,9,0,8,0,0,0,0,4,1,6,1,61,9,1968,2,12,2,1,2
201804WB18295,2,5,0,18,0,1,2,0,0,0,1,1,6,1,60,9,1157,1,10,4,1,4
201804WB18296,1,9,0,1,0,1,0,0,0,0,2,1,6,2,25,5,1796,1,8,7,3,7
201804WB18297,1,5,0,18,0,8,1,0,0,0,4,1,6,1,46,8,749,1,24,1,1,1
201804WB18298,1,9,0,4,4,1,0,0,0,0,1,1,2,1,35,6,1461,2,13,4,1,4
201804WB18298,2,1,0,18,4,1,0,0,0,0,4,1,6,1,41,7,-1,-1,-1,4,1,4
201804WB18299,1,9,0,9,0,6,0,0,0,0,1,1,6,1,19,4,1149,1,13,2,1,2
201804WB18300,1,19,0,18,0,0,0,0,0,0,1,1,6,1,29,6,2402,2,16,3,2,3
201804WB18300,2,9,0,18,0,0,0,0,0,0,1,1,6,2,52,8,1560,2,3,1,1,1
201804WB18301,1,1,0,18,0,1,0,0,0,0,1,1,6,1,17,4,-1,-1,-1,-1,-1,-1
201804WB18301,2,9,0,18,0,1,0,0,0,0,2,1,6,2,17,4,1242,1,10,-1,-1,-1
201804WB18302,1,90,0,18,0,1,0,0,0,0,2,1,6,2,27,6,-1,-1,-1,8,1,8
201804WB18302,2,21,1,18,0,8,0,0,0,0,1,1,1,1,58,9,10308,2,7,8,1,8
201804WB18303,1,2,0,7,0,4,0,0,0,0,3,1,6,2,70,10,108,1,6,6,2,6
201804WB18303,2,9,0,18,0,3,0,0,0,0,1,1,6,1,76,11,1598,2,2,2,1,2
201804WB18304,1,9,0,18,0,0,0,0,0,0,3,1,6,1,33,6,2999,2,15,-1,-1,-1
201804WB18304,2,9,0,18,0,0,0,0,0,0,1,1,6,1,36,7,-1,-1,-1,-1,-1,-1
201804WB18305,1,9,0,17,0,0,0,0,0,0,1,1,6,1,37,7,1248,2,7,8,3,8
201804WB18305,2,9,0,16,0,0,0,0,0,0,1,1,6,2,37,7,1598,1,4,4,1,4
201804WB18306,1,5,0,18,0,1,1,0,0,0,3,1,6,1,51,8,1000,1,16,8,1,8
201804WB18306,2,9,0,18,0,2,0,0,0,0,2,1,6,2,48,8,1364,1,11,1,1,1
201804WB18307,1,90,0,18,0,0,0,4,0,0,1,1,1,1,25,5,-1,-1,-1,2,1,2
201804WB18307,2,21,1,2,0,0,0,0,0,0,2,1,1,1,55,8,12419,2,2,8,2,8
201804WB18308,1,19,0,9,0,6,0,0,0,0,3,1,1,1,35,6,1997,2,-1,3,1,3
201804WB18308,2,11,0,18,0,8,0,0,0,0,4,1,1,1,42,7,3900,2,13,7,1,7
201804WB18309,1,9,0,18,0,1,0,0,0,0,1,1,3,2,26,6,1390,1,9,8,3,8
201804WB18309,2,9,0,10,0,1,0,0,0,0,2,1,3,2,44,7,1200,1,3,8,-1,8
201804WB18310,1,9,0,9,0,0,0,0,0,0,3,1,6,2,33,6,1910,2,11,-1,-1,-1
201804WB18310,2,9,0,4,0,0,0,0,0,0,1,1,6,2,53,8,1997,2,6,2,1,2
201804WB18311,1,9,0,18,0,1,0,0,0,0,1,1,2,2,26,6,998,1,6,4,1,4
201804WB18311,2,9,0,3,0,3,0,0,0,0,2,1,6,2,48,8,1799,1,10,1,1,1
201804WB18312,1,9,0,18,0,0,0,0,8,1,1,1,6,1,21,5,-1,-1,-1,2,1,2
201804WB18313,1,9,0,18,0,0,0,0,1,9,3,1,1,2,69,10,1461,2,3,9,1,9
201804WB18313,2,9,0,18,0,0,0,0,0,0,4,1,6,2,57,9,2179,2,9,-1,-1,-1
201804WB18313,3,9,0,18,0,0,0,0,0,0,4,1,6,1,53,8,1984,1,-1,-1,1,-1
201804WB18314,1,9,0,9,0,1,0,0,0,0,3,1,2,1,40,7,2204,2,12,1,1,1
201804WB18314,2,4,0,18,0,1,0,0,0,0,1,1,2,1,22,5,-1,-1,-1,8,3,8
201804WB18315,1,9,0,18,0,4,0,0,0,0,1,1,6,2,18,4,1229,1,9,5,1,5
201804WB18315,2,4,0,9,0,8,0,0,0,0,4,1,6,1,22,5,124,1,3,1,1,1
201804WB18316,1,9,0,18,0,0,1,0,1,4,1,1,6,1,38,7,1149,1,10,-1,3,-1
201804WB18317,1,5,0,17,0,1,5,0,0,0,0,1,6,1,67,10,865,1,4,6,3,6
201804WB18318,1,9,0,7,0,8,0,0,0,0,2,1,6,2,71,10,1597,2,3,6,2,6
201804WB18318,2,1,0,18,0,1,0,0,0,0,3,1,6,2,30,6,-1,-1,-1,-1,-1,-1
201804WB18319,1,9,0,5,0,6,0,0,0,0,1,1,6,1,83,11,1364,1,13,10,1,10
201804WB18319,2,9,0,18,0,8,0,0,0,0,4,1,6,2,37,7,1240,1,8,-1,-1,-1
201804WB18320,1,9,0,9,0,8,0,0,0,0,4,1,6,3,-1,-1,1796,7,14,-1,-1,-1
201804WB18320,2,9,0,5,0,8,0,0,0,0,1,1,6,2,46,8,1753,2,10,2,1,2
201804WB18321,1,9,0,13,0,0,0,0,0,0,1,1,2,1,36,7,1362,1,6,9,3,9
201804WB18321,2,90,0,5,0,0,0,0,0,0,1,1,1,1,25,5,-1,2,12,6,3,6
201804WB18322,1,90,0,18,0,2,0,0,0,0,4,1,6,3,-1,-1,-1,-1,-1,-1,-1,-1
201804WB18322,2,9,0,5,0,8,0,0,0,1,1,1,1,2,21,5,898,1,-1,5,1,5
201804WB18323,1,9,0,18,0,0,2,0,1,7,1,1,6,1,29,6,1995,2,4,4,3,4
201804WB18324,1,9,0,4,0,0,0,0,0,0,1,1,6,2,21,5,899,1,4,7,3,7
201804WB18324,2,9,0,4,0,0,0,0,0,0,2,1,6,2,25,5,1753,2,12,2,1,2
201804WB18324,3,9,0,4,0,0,0,0,0,0,2,1,6,2,39,7,1582,2,7,5,1,5
201804WB18324,4,9,0,4,0,0,0,0,0,10,1,1,6,1,41,7,1198,1,8,1,1,1
201804WB18324,5,9,0,4,0,0,0,0,0,0,1,1,6,2,20,4,1242,1,5,2,1,2
201804WB18324,6,9,0,4,0,0,0,0,0,0,1,1,6,1,24,5,1242,1,7,-1,-1,-1
201804WB18325,1,3,0,17,0,8,0,0,1,0,1,1,6,1,21,5,124,1,2,2,1,2
201804WB18326,1,9,0,17,0,1,1,0,1,4,1,1,6,1,17,4,1229,1,7,6,1,6
201804WB18327,1,8,0,6,0,6,0,0,0,0,3,1,1,1,58,9,2143,2,5,3,1,3
201804WB18327,2,17,4,18,0,8,0,0,0,0,1,1,1,1,52,8,6788,2,4,1,1,1
201804WB18328,1,21,1,12,0,0,0,0,0,0,1,2,1,1,67,10,-1,-1,-1,-1,-1,-1
201804WB18328,2,9,0,13,0,0,0,0,0,0,4,1,1,1,57,9,1991,2,8,5,1,5
201804WB18329,1,9,0,16,2,2,0,0,0,0,1,1,6,2,20,4,998,1,10,-1,-1,-1
201804WB18329,2,8,0,17,2,2,0,0,0,0,1,1,1,1,38,7,1997,2,13,1,1,1
201804WB18330,1,9,0,16,0,0,1,0,8,10,1,1,6,2,46,8,1197,1,1,7,2,7
201804WB18332,1,9,0,9,0,1,0,0,1,0,1,1,6,1,45,7,1998,8,2,7,2,7
201804WB18333,1,19,0,12,0,0,0,0,0,0,1,1,6,1,33,6,1598,2,1,-1,1,-1
201804WB18333,2,9,0,18,0,0,0,0,0,0,2,1,6,2,51,8,1398,1,1,-1,-1,-1
201804WB18334,1,3,0,5,0,4,0,0,0,0,1,1,6,2,32,6,125,1,3,7,2,7
201804WB18334,2,9,0,18,0,3,0,0,0,0,4,1,6,2,55,8,1461,2,-1,-1,-1,-1
201804WB18335,1,9,0,4,0,0,0,0,0,0,2,1,6,1,40,7,2497,2,-1,7,1,7
201804WB18335,2,5,0,4,0,0,1,0,0,0,1,1,6,1,19,4,645,1,16,7,1,7
201804WB18336,1,8,0,18,0,0,0,0,0,0,1,1,1,1,39,7,1896,2,9,6,1,6
201804WB18336,2,1,0,18,0,0,0,0,1,0,2,1,6,1,19,4,-1,-1,-1,9,1,9
201804WB18337,1,9,0,5,0,4,0,0,0,0,1,1,6,2,72,10,2199,2,2,9,2,9
201804WB18337,2,9,0,5,0,4,0,0,0,0,4,1,6,1,69,10,1983,1,5,4,1,4
201804WB18338,1,9,0,16,0,0,1,0,1,0,1,1,6,2,20,4,1398,1,7,2,1,2
201804WB18338,2,9,0,18,0,0,1,0,0,0,1,1,6,1,18,4,1390,1,12,9,3,9
201804WB18339,1,9,0,9,0,8,0,0,7,0,4,1,6,2,80,11,1248,1,6,6,1,6
201804WB18339,2,90,0,18,0,8,0,0,0,0,1,1,1,1,30,6,-1,-1,-1,5,1,5
201804WB18340,1,9,0,18,0,1,0,0,0,0,1,1,6,1,26,6,2993,2,9,1,1,1
201804WB18340,2,9,0,3,0,1,0,0,0,0,2,1,6,1,83,11,998,1,9,2,1,2
201804WB18340,3,9,0,3,0,1,0,0,0,0,2,1,6,1,51,8,1598,2,1,9,1,9
201804WB18342,1,9,0,5,0,0,0,0,0,0,1,1,6,3,-1,-1,1798,8,1,-1,-1,-1
201804WB18343,1,9,0,6,0,4,0,0,0,0,1,1,6,2,26,6,1229,1,9,-1,-1,-1
201804WB18343,2,1,0,18,0,8,0,0,0,0,2,1,6,1,16,4,-1,-1,-1,-1,-1,-1
201804WB18344,1,9,0,17,0,0,1,0,0,0,3,1,6,2,46,8,1994,1,12,7,3,7
201804WB18344,2,17,4,16,0,0,0,0,0,0,3,1,6,1,18,4,-1,2,11,7,3,7
201804WB18345,1,9,3,15,0,1,0,0,0,0,4,1,1,1,22,5,2993,2,4,6,3,6
201804WB18345,2,1,0,18,0,1,0,0,0,0,3,1,6,1,44,7,-1,-1,-1,9,2,9
201804WB18346,1,3,0,4,0,8,0,0,0,0,1,1,2,1,62,9,125,1,9,3,1,3
201804WB18347,1,9,0,2,0,6,0,0,0,0,1,1,6,1,48,8,1951,2,14,10,2,10
201804WB18347,2,9,0,18,0,1,1,0,1,0,4,1,6,2,42,7,999,1,-1,5,1,5
201804WB18348,1,9,0,18,0,0,2,0,7,0,1,1,6,1,39,7,2179,2,6,-1,-1,-1
201804WB18349,1,9,0,5,0,0,0,0,0,0,1,1,2,3,52,8,1798,8,-1,10,1,10
201804WB18350,1,9,0,18,0,8,0,0,0,0,4,1,6,1,64,9,1796,1,14,5,1,5
201804WB18351,1,8,0,18,0,1,0,0,0,0,3,1,1,1,48,8,1896,2,8,-1,-1,-1
201804WB18352,1,3,0,4,0,1,0,0,0,0,3,1,6,1,42,7,125,1,3,-1,-1,-1
201804WB18353,1,9,0,5,0,1,0,0,0,0,1,1,6,1,75,10,1596,1,13,4,1,4
201804WB18354,1,9,0,7,0,5,0,0,0,0,1,1,6,3,-1,-1,-1,-1,-1,-1,-1,-1
201804WB18355,1,9,0,5,0,0,0,0,0,0,1,1,6,1,20,4,1596,1,13,7,1,7
201804WB18355,2,9,0,18,0,0,0,0,0,0,1,1,6,2,53,8,1248,1,1,7,3,7
201804WB18356,1,1,0,18,9,0,2,0,0,0,1,1,6,1,-1,-1,-1,-1,-1,-1,-1,-1
201804WB18357,1,19,0,18,0,0,0,0,4,0,1,1,1,1,44,7,1995,2,1,3,1,3
201804WB18358,1,9,0,5,0,4,0,0,0,0,1,1,6,2,33,6,1686,2,10,-1,-1,-1
201804WB18358,2,9,0,18,0,3,0,0,0,0,4,1,6,1,38,7,-1,-1,-1,-1,-1,-1
201804WB18359,1,9,0,18,0,0,1,0,1,0,1,1,6,1,35,6,1896,2,12,9,3,9
201804WB18359,2,9,0,18,0,0,0,0,0,0,1,1,6,1,34,6,1461,2,1,9,3,9
201804WB18360,1,9,0,17,0,0,0,0,1,4,1,1,6,2,22,5,1598,1,16,7,3,7
201804WB18361,1,9,0,9,0,1,0,0,0,0,3,1,6,2,24,5,1598,1,16,5,1,5
201804WB18361,2,9,0,18,0,1,1,0,7,0,4,1,6,1,19,4,1598,1,9,6,3,6
201804WB18362,1,9,0,18,0,0,0,0,0,0,1,1,1,2,54,8,1240,1,13,7,1,7
201804WB18363,1,90,0,7,0,5,0,0,0,0,4,1,6,1,59,9,-1,-1,-1,2,1,2
201804WB18363,2,1,0,18,4,1,1,0,0,0,1,1,2,1,38,7,-1,-1,-1,1,1,1
201804WB18364,1,9,0,18,0,0,0,6,7,10,4,1,6,1,84,11,1598,1,20,9,2,9
201804WB18364,2,9,0,18,0,0,0,0,0,0,4,1,6,2,68,10,2982,2,4,7,3,7
201804WB18365,1,19,0,18,0,8,0,0,0,0,3,1,2,1,50,8,1995,2,-1,8,3,8
201804WB18365,2,9,0,9,0,5,0,0,0,0,1,1,6,2,63,9,1497,8,-1,6,2,6
201804WB18366,1,9,0,7,0,1,0,0,0,0,1,1,2,1,46,8,1995,2,11,3,1,3
201804WB18366,2,1,0,18,0,8,0,0,0,0,4,1,2,1,39,7,-1,-1,-1,5,1,5
201804WB18367,1,90,0,4,0,1,0,4,0,0,1,1,1,2,34,6,-1,-1,-1,2,1,2
201804WB18367,2,8,0,3,0,1,0,0,0,0,2,1,1,1,49,8,2143,12,6,8,1,8
201804WB18368,1,9,0,13,0,3,0,0,0,1,1,1,6,1,18,4,1149,1,19,1,1,1
201804WB18368,2,9,0,18,0,3,0,0,1,2,3,1,2,1,27,6,998,1,6,-1,-1,-1
201804WB18369,1,9,0,2,0,0,0,0,0,0,2,1,6,2,66,10,1597,2,1,-1,-1,-1
201804WB18369,2,9,0,18,0,0,0,0,0,0,1,1,6,1,55,8,-1,-1,-1,1,1,1
201804WB18370,1,9,0,18,0,1,0,0,0,0,1,1,6,2,22,5,1242,1,12,2,1,2
201804WB18370,2,9,0,18,0,1,0,0,0,0,2,1,6,2,19,4,1299,1,11,8,1,8
201804WB18370,3,9,0,18,0,1,0,0,0,0,2,1,6,2,56,9,1197,1,3,2,1,2
201804WB18371,1,9,0,5,0,2,0,0,0,0,1,1,1,1,37,7,2191,2,1,9,2,9
201804WB18372,1,5,0,18,0,0,1,0,0,0,4,1,6,1,52,8,992,1,13,6,1,6
201804WB18373,1,90,0,7,4,5,0,0,0,0,3,1,1,1,-1,-1,-1,-1,-1,7,3,7
201804WB18373,2,1,0,18,4,1,0,0,0,0,4,1,6,1,56,9,-1,-1,-1,1,1,1
201804WB18374,1,9,0,18,0,0,0,0,0,0,1,1,6,1,49,8,1995,2,7,6,1,6
201804WB18374,2,1,0,18,0,0,0,0,0,0,2,1,2,1,41,7,-1,-1,-1,7,1,7
201804WB18375,1,2,0,4,0,0,1,0,0,0,0,1,6,1,60,9,151,1,3,4,1,4
201804WB18376,1,9,0,5,0,2,0,0,0,0,3,1,2,2,52,8,1498,1,2,8,1,8
201804WB18376,2,1,0,18,0,1,0,0,0,0,1,1,6,1,19,4,-1,-1,-1,7,1,7
201804WB18377,1,9,0,9,0,5,0,0,0,0,0,1,1,2,43,7,1200,1,2,6,2,6
201804WB18377,2,5,0,18,0,8,0,0,0,0,1,1,6,1,72,10,892,1,21,8,2,8
201804WB18378,1,9,0,18,0,0,0,0,0,0,4,1,6,1,28,6,-1,-1,-1,6,3,6
201804WB18378,2,20,0,18,0,0,1,0,1,0,3,1,1,1,43,7,-1,-1,-1,6,1,6
201804WB18379,1,9,0,18,0,0,0,0,3,0,1,1,6,1,57,9,1956,2,6,2,1,2
201804WB18380,1,9,0,17,0,0,1,0,7,10,1,1,6,2,18,4,999,1,14,10,3,10
201804WB18381,1,8,0,5,0,4,0,0,0,0,1,1,1,1,49,8,1956,2,3,3,1,3
201804WB18381,2,21,0,7,0,3,0,0,0,0,2,1,1,1,54,8,10837,2,6,5,1,5
201804WB18382,1,9,0,18,0,1,0,0,0,0,4,1,6,3,-1,-1,-1,-1,-1,-1,-1,-1
201804WB18382,2,1,0,18,0,8,0,0,0,0,2,1,6,1,58,9,-1,-1,-1,5,1,5
201804WB18383,1,9,0,18,0,5,0,0,7,10,1,1,6,2,27,6,1868,2,16,4,1,4
201804WB18384,1,90,0,18,0,0,0,0,0,0,1,1,1,1,66,10,-1,-1,-1,-1,-1,-1
201804WB18384,2,9,0,18,0,0,0,0,0,0,2,1,6,1,49,8,2979,1,9,-1,-1,-1
201804WB18385,1,9,0,18,0,8,0,0,0,0,1,1,6,3,-1,-1,-1,-1,-1,-1,-1,-1
201804WB18386,1,9,0,6,0,0,0,0,0,0,3,1,2,1,44,7,1968,2,7,1,1,1
201804WB18386,2,3,0,14,0,0,0,0,0,0,1,1,6,1,17,4,124,1,7,1,1,1
201804WB18387,1,9,0,9,0,8,0,0,0,0,4,1,6,2,36,7,1388,1,14,2,1,2
201804WB18387,2,1,0,18,0,1,0,0,0,0,1,1,6,1,21,5,-1,-1,-1,4,1,4
201804WB18388,1,3,0,4,0,4,1,0,0,0,4,1,2,1,18,4,125,1,5,7,1,7
201804WB18389,1,9,0,18,0,0,0,0,0,0,1,1,6,1,63,9,1998,1,13,7,2,7
201804WB18390,1,9,0,18,0,0,0,0,0,0,3,1,6,1,20,4,1798,1,9,2,1,2
201804WB18390,2,9,0,18,0,0,0,0,0,0,3,1,6,1,20,4,1229,1,13,6,1,6
201804WB18391,1,4,0,5,0,5,0,0,0,0,1,1,6,1,20,4,470,1,5,6,2,6
201804WB18392,1,21,0,18,0,0,0,0,0,0,4,1,6,1,43,7,10837,2,2,2,1,2
201804WB18392,2,1,0,18,0,0,0,0,1,9,3,1,6,1,57,9,-1,-1,-1,3,1,3
201804WB18393,1,9,0,18,0,0,0,0,7,0,3,1,6,1,31,6,1998,1,10,-1,-1,-1
201804WB18393,2,9,0,18,0,0,0,0,0,0,3,1,6,2,33,6,1968,2,8,4,1,4
201804WB18393,3,9,0,18,0,0,0,0,1,0,1,1,6,1,32,6,2495,2,20,4,1,4
201804WB18394,1,19,0,16,0,0,1,0,1,10,1,1,6,1,59,9,1997,2,14,-1,-1,-1
201804WB18394,2,21,1,17,0,0,0,0,0,0,3,1,1,1,49,8,12777,2,3,5,1,5
201804WB18395,1,9,0,18,0,0,1,0,0,0,1,1,6,2,38,7,1400,1,12,1,1,1
201804WB18395,2,9,0,18,0,0,1,0,0,0,2,1,6,1,31,6,1968,2,2,9,2,9
201804WB18395,3,19,0,18,0,0,0,0,0,0,2,1,1,1,53,8,1870,2,12,1,1,1
201804WB18395,4,20,0,4,0,0,0,0,0,0,2,1,1,1,64,9,4461,2,6,8,1,8
201804WB18396,1,9,0,7,0,8,0,0,0,0,1,1,6,1,64,9,1582,2,7,4,3,4
201804WB18396,2,1,0,9,0,1,0,0,0,0,4,1,6,2,65,9,-1,-1,-1,1,1,1
201804WB18397,1,9,0,9,0,6,0,0,0,0,3,1,6,1,87,11,1198,1,2,4,1,4
201804WB18397,2,1,0,18,0,8,1,0,0,0,1,1,6,1,21,5,-1,-1,-1,7,1,7
201804WB18398,1,8,0,18,0,2,0,0,0,0,1,1,1,1,60,9,2231,2,10,4,1,4
201804WB18399,1,9,0,18,0,0,0,0,0,0,1,1,6,2,43,7,1968,2,-1,7,1,7
201804WB18399,2,9,0,18,0,0,0,0,0,0,2,1,6,1,32,6,-1,-1,-1,5,3,5
201804WB18400,1,9,0,18,0,0,1,0,0,0,1,1,6,2,23,5,999,1,6,5,3,5
201804WB18400,2,19,0,3,0,0,0,0,0,0,2,1,6,1,60,9,1686,2,14,2,1,2
201804WB18401,1,11,0,16,0,0,0,0,0,0,0,1,1,1,29,6,8268,2,13,3,1,3
201804WB18401,2,9,0,18,0,0,0,0,0,0,0,1,6,3,-1,-1,-1,-1,-1,-1,-1,-1
201804WB18402,1,9,0,9,0,8,0,0,0,0,4,1,6,1,-1,-1,1951,2,17,7,3,7
201804WB18402,2,1,0,10,0,1,0,0,0,0,0,1,6,1,66,10,-1,-1,-1,9,2,9
201804WB18403,1,1,0,5,9,0,0,0,0,0,3,1,2,1,34,6,-1,-1,-1,2,1,2