Accident_Index,Vehicle_Reference,Vehicle_Type,Towing_and_Articulation,Vehicle_Manoeuvre,Vehicle_Location-Restricted_Lane,Junction_Location,Skidding_and_Overturning,Hit_Object_in_Carriageway,Vehicle_Leaving_Carriageway,Hit_Object_off_Carriageway,1st_Point_of_Impact,Was_Vehicle_Left_Hand_Drive?,Journey_Purpose_of_Driver,Sex_of_Driver,Age_of_Driver,Age_Band_of_Driver,Engine_Capacity_(CC),Propulsion_Code,Age_of_Vehicle,Driver_IMD_Decile,Driver_Home_Area_Type,Vehicle_IMD_Decile
201804WB18403,2,19,0,5,9,0,0,0,0,0,3,1,2,3,56,9,-1,-1,-1,-1,-1,-1
201804WB18404,1,9,0,9,0,1,0,0,0,0,1,1,6,1,75,10,1968,2,6,10,2,10
201804WB18404,2,90,0,18,0,1,0,0,0,0,1,1,6,1,53,8,-1,-1,-1,7,3,7
201804WB18405,1,9,0,1,0,1,0,0,0,0,2,1,6,2,38,7,1560,2,7,5,1,5
201804WB18406,1,9,0,18,0,1,0,0,0,0,4,1,2,2,21,5,1364,1,-1,1,1,1
201804WB18407,1,19,0,18,0,1,0,0,1,0,1,1,6,3,-1,-1,1997,2,17,-1,-1,-1
201804WB18407,2,9,0,5,0,2,0,0,0,0,1,1,6,1,63,9,898,1,-1,5,1,5
201804WB18408,1,9,0,18,0,0,1,7,2,4,1,1,6,1,19,4,-1,-1,-1,2,1,2
201804WB18408,2,9,0,18,0,0,1,0,2,4,1,1,2,1,62,9,1560,2,7,2,1,2
201804WB18409,1,9,0,18,0,0,0,0,0,0,1,1,6,2,19,4,1399,1,9,8,1,8
201804WB18409,2,9,0,18,0,0,0,0,0,0,1,1,6,2,45,7,1999,2,1,7,3,7
201804WB18410,1,9,0,9,0,6,0,0,0,0,1,1,6,3,-1,-1,1422,2,9,-1,-1,-1
201804WB18411,1,9,0,9,0,2,0,0,0,0,1,1,1,2,28,6,1229,1,11,6,1,6
201804WB18412,1,3,0,16,0,3,1,0,0,0,4,1,6,2,62,9,108,1,7,4,1,4
201804WB18413,1,8,0,18,0,8,0,0,0,0,1,1,1,1,59,9,1582,2,2,1,1,1
201804WB18414,1,9,0,9,0,1,0,0,0,0,3,1,6,1,38,7,1248,2,8,1,1,1
201804WB18414,2,9,0,18,0,1,0,0,0,0,1,1,6,1,40,7,1991,2,13,4,1,4
201804WB18415,1,90,0,18,9,1,5,11,0,0,0,1,6,2,83,11,-1,-1,-1,2,1,2
201804WB18416,1,3,0,9,0,8,0,0,0,0,4,1,6,1,60,9,125,1,12,6,1,6
201804WB18416,2,9,0,18,0,1,0,0,0,0,3,1,6,1,47,8,2378,1,13,2,1,2
201804WB18416,3,19,0,3,0,1,0,0,0,0,3,1,6,1,23,5,2402,2,14,3,1,3
201804WB18416,4,9,0,3,0,1,0,0,0,0,3,1,6,2,51,8,1598,2,2,2,1,2
201804WB18417,1,9,0,5,0,0,0,0,0,0,3,1,6,1,19,4,1388,1,16,8,1,8
201804WB18417,2,9,0,18,0,0,0,0,0,10,1,1,6,2,76,11,4701,1,13,5,1,5
201804WB18418,1,9,0,17,0,0,0,0,7,4,1,1,2,1,38,7,1984,1,-1,1,1,1
201804WB18419,1,9,0,18,0,0,1,0,1,4,1,1,6,1,31,6,1242,1,7,-1,1,-1
201804WB18419,2,9,0,18,0,0,0,0,0,0,2,1,6,1,63,9,-1,-1,-1,8,1,8
201804WB18420,1,1,0,18,0,1,0,0,0,0,4,1,6,1,70,10,-1,-1,-1,3,1,3
201804WB18420,2,9,0,5,0,4,0,0,0,0,3,1,2,2,53,8,1598,1,8,2,1,2
201804WB18421,1,1,0,18,0,0,0,0,0,0,1,1,6,1,36,7,-1,-1,-1,3,1,3
201804WB18421,2,9,0,4,0,0,0,0,0,0,2,1,6,3,-1,-1,-1,-1,-1,-1,-1,-1
201804WB18422,1,9,0,13,0,0,0,0,0,0,3,1,6,1,60,9,1968,2,5,8,3,8
201804WB18422,2,1,0,18,0,0,0,0,0,0,4,1,6,1,44,7,-1,-1,-1,6,-1,6
201804WB18423,1,9,0,7,0,6,0,0,0,0,0,1,6,3,-1,-1,1560,2,4,-1,-1,-1
201804WB18423,2,9,0,18,0,1,0,0,0,0,0,1,6,2,66,10,1995,2,6,8,2,8
201804WB18424,1,90,0,18,0,0,0,0,0,0,3,1,6,1,87,11,-1,-1,-1,7,2,7
201804WB18424,2,90,0,2,0,0,0,0,0,0,3,1,6,3,-1,-1,-1,-1,-1,-1,-1,-1
201804WB18425,1,9,0,4,0,1,0,0,0,0,0,1,6,3,-1,-1,-1,-1,-1,-1,-1,-1
201804WB18425,2,11,0,4,0,2,0,0,0,0,0,1,1,1,25,5,6871,2,10,5,1,5
201804WD18001,1,9,0,5,0,0,0,0,7,10,1,1,6,2,40,7,1339,1,13,1,1,1
201804WD18002,1,3,0,18,0,8,5,0,1,0,1,1,6,1,58,9,125,1,1,1,1,1
201804WD18002,2,9,0,5,0,8,0,0,0,0,1,1,6,2,63,9,999,1,4,7,1,7
201804WD18003,1,9,0,18,0,0,0,0,0,0,1,1,1,2,33,6,1560,2,1,2,1,2
201804WD18003,2,19,0,4,0,0,0,0,0,0,2,1,1,2,35,6,2198,2,2,5,1,5
201804WD18004,1,1,0,4,0,0,0,0,0,0,1,1,6,1,27,6,-1,-1,-1,-1,-1,-1
201804WD18005,1,1,0,5,0,2,0,0,0,0,4,1,4,1,12,3,-1,-1,-1,2,1,2
201804WD18005,2,9,0,18,0,8,0,0,0,0,1,1,6,2,82,11,1328,1,16,6,2,6
201804WD18006,1,9,0,5,0,6,0,0,0,0,1,1,6,1,52,8,1598,1,6,9,1,9
201804WD18006,2,9,0,18,0,2,0,0,0,0,1,1,6,1,63,9,1364,1,3,4,1,4
201804WD18008,1,9,0,18,0,0,0,0,0,0,4,1,6,1,25,5,1598,1,15,6,2,6
201804WD18008,2,21,0,2,0,0,0,0,0,0,3,1,6,1,48,8,9200,2,10,1,1,1
201804WD18009,1,9,0,17,0,8,0,0,0,0,1,1,6,2,25,5,1242,1,4,9,1,9
201804WD18010,1,21,1,16,0,0,5,0,0,0,3,1,1,1,34,6,12900,2,6,6,2,6
201804WD18010,2,9,0,17,0,0,0,0,0,0,1,1,6,1,46,8,1598,1,17,2,1,2
201804WD18011,1,9,0,18,0,2,0,0,0,0,4,1,1,2,21,5,1149,1,6,-1,-1,-1
201804WD18011,2,10,0,18,0,1,0,0,0,0,1,1,6,1,25,5,-1,-1,-1,1,1,1
201804WD18012,1,9,0,18,0,1,0,0,0,0,1,1,2,1,61,9,1598,1,6,5,1,5
201804WD18014,1,9,0,5,0,1,0,0,0,0,3,1,6,3,-1,-1,-1,-1,-1,-1,-1,-1
201804WD18015,1,9,0,1,0,0,0,0,0,0,0,2,6,2,42,7,1200,1,1,6,1,6
201804WD18016,1,9,0,15,0,1,0,0,0,0,1,1,6,1,78,11,1596,1,2,7,1,7
201804WD18017,1,19,0,9,0,6,0,0,0,0,3,1,6,1,40,7,1598,2,2,-1,-1,-1
201804WD18017,2,1,0,18,0,1,0,0,0,0,1,1,2,1,28,6,-1,-1,-1,5,1,5
201804WD18018,1,9,0,4,0,1,0,4,0,0,1,1,6,1,79,11,998,1,4,-1,-1,-1
201804WD18018,2,9,0,3,0,1,0,0,7,0,2,1,6,2,49,8,1248,2,9,6,1,6
201804WD18018,3,9,0,2,0,2,0,0,0,0,1,1,3,2,44,7,2148,2,15,-1,-1,-1
201804WD18019,1,3,0,18,0,1,0,0,0,0,1,1,6,1,39,7,125,1,2,-1,-1,-1
201804WD18019,2,9,0,9,0,1,0,0,0,0,4,1,6,2,85,11,1240,1,13,7,1,7
201804WD18020,1,9,0,18,0,3,1,7,1,1,4,1,6,1,19,4,1590,1,13,2,1,2
201804WD18021,1,9,0,9,0,8,1,0,0,0,1,1,6,2,47,8,1598,1,16,6,2,6
201804WD18021,2,8,0,18,0,1,0,0,0,0,1,2,1,1,49,8,1997,2,10,-1,-1,-1
201804WD18021,3,9,0,18,0,1,0,0,0,0,1,1,6,1,67,10,1399,2,7,4,2,4
201804WD18022,1,9,0,18,0,2,0,0,0,0,3,1,3,2,18,4,1390,1,14,3,1,3
201804WD18022,2,9,0,18,0,1,0,0,0,0,1,1,6,2,26,6,1598,2,3,3,1,3
201804WD18023,1,9,0,5,0,8,0,0,0,0,1,1,6,2,70,10,1598,1,11,8,1,8
201804WD18024,1,9,0,9,0,1,0,0,0,0,4,1,6,2,21,5,1560,2,2,9,1,9
201804WD18024,2,3,0,13,0,1,0,0,0,0,1,1,2,1,41,7,125,1,9,5,1,5
201804WD18026,1,19,0,9,0,2,0,0,0,0,3,1,6,2,48,8,2198,2,12,5,1,5
201804WD18026,2,1,0,18,0,1,0,0,0,0,3,1,6,1,38,7,-1,-1,-1,7,1,7
201804WD18027,1,9,0,9,0,0,0,0,0,0,1,1,6,1,29,6,1398,1,3,-1,-1,-1
201804WD18027,2,9,0,18,0,0,0,0,0,0,1,1,6,2,35,6,1598,1,5,-1,-1,-1
201804WD18028,1,9,0,7,0,1,0,0,1,0,2,1,6,3,-1,-1,-1,-1,-1,-1,-1,-1
201804WD18028,2,1,0,18,4,1,0,0,0,0,1,1,1,1,30,6,-1,-1,-1,4,1,4
201804WD18029,1,9,0,4,0,0,0,4,0,0,1,1,6,2,66,10,1997,1,6,6,1,6
201804WD18029,2,90,0,2,0,0,0,0,0,0,2,1,1,1,27,6,-1,-1,-1,2,1,2
201804WD18030,1,9,0,18,0,8,0,0,0,0,1,1,6,1,90,11,1242,1,12,3,1,3
201804WD18030,2,19,0,18,0,8,0,0,1,7,4,1,1,1,53,8,2143,2,7,1,1,1
201804WD18031,1,1,0,18,0,0,0,0,0,0,1,1,6,2,11,3,-1,-1,-1,6,1,6
201804WD18031,2,9,0,18,0,0,0,0,0,0,4,1,6,2,38,7,1598,2,6,8,2,8
201804WD18032,1,9,0,1,9,1,0,0,0,0,2,1,6,3,-1,-1,-1,-1,-1,-1,-1,-1
201804WD18033,1,9,0,18,0,0,0,0,0,0,1,1,3,1,73,10,1796,1,13,6,1,6
201804WD18033,2,9,0,18,0,0,0,0,0,0,1,1,6,2,67,10,1149,1,13,2,1,2
201804WD18034,1,9,0,18,0,0,0,0,0,10,1,1,6,2,18,4,1242,1,3,-1,-1,-1
201804WD18035,1,9,0,5,0,2,0,0,0,0,3,1,2,2,51,8,998,1,-1,6,3,6
201804WD18036,1,5,0,7,0,3,5,7,0,7,1,1,1,1,54,8,1170,1,10,-1,-1,-1
201804WD18037,1,9,0,4,0,4,0,0,0,0,2,1,6,1,34,6,1995,1,10,-1,-1,-1
201804WD18037,2,9,0,4,0,4,0,0,0,0,1,1,6,1,20,4,1390,1,13,-1,-1,-1
201804WD18038,1,9,0,13,0,8,0,0,0,0,4,1,6,1,71,10,1200,1,5,8,1,8
201804WD18038,2,1,0,18,0,8,0,0,0,0,0,1,6,2,44,7,-1,-1,-1,9,1,9
201804WD18039,1,9,0,4,0,1,0,0,0,0,1,1,6,1,31,6,2993,2,1,9,1,9
201804WD18039,2,9,0,3,0,1,0,0,0,0,2,1,6,2,22,5,1598,1,15,3,1,3
201804WD18040,1,1,0,18,0,1,0,0,0,0,3,1,6,1,10,2,-1,-1,-1,3,1,3
201804WD18040,2,9,0,18,0,1,0,0,0,0,1,1,6,1,25,5,-1,-1,-1,2,1,2
201804WD18040,3,9,0,18,0,1,0,0,0,0,1,1,6,1,10,2,1995,2,10,5,1,5
201804WD18041,1,3,0,3,0,1,1,0,0,0,0,1,4,2,25,5,115,1,2,5,1,5
201804WD18042,1,9,0,18,0,2,0,0,0,0,4,1,6,1,26,6,1999,1,1,9,1,9
201804WD18042,2,9,0,18,0,1,0,0,0,0,1,1,6,1,18,4,998,1,11,4,1,4
201804WD18043,1,9,0,9,0,8,0,0,0,0,1,1,1,1,30,6,-1,-1,-1,1,1,1
201804WD18043,2,9,0,18,0,8,0,0,0,0,1,1,1,1,59,9,-1,-1,-1,3,1,3
201804WD18044,1,9,0,7,9,0,0,0,0,0,4,1,6,2,32,6,1796,1,12,1,1,1
201804WD18045,1,9,0,18,9,2,0,0,2,2,1,1,6,2,41,7,1496,1,2,-1,-1,-1
201804WD18045,2,9,0,2,9,1,0,0,0,0,3,1,6,3,-1,-1,-1,-1,-1,-1,-1,-1
201804WD18046,1,9,0,18,1,8,0,0,1,0,1,1,6,2,33,6,1229,1,11,3,1,3
201804WD18046,2,18,0,18,1,8,0,0,0,0,1,1,6,1,21,5,-1,-1,-1,4,1,4
201804WD18047,1,9,0,4,0,1,0,0,0,0,1,1,6,2,36,7,1364,1,11,2,1,2
201804WD18047,2,9,0,2,0,1,0,0,0,0,2,1,2,1,48,8,1199,1,14,-1,-1,-1
201804WD18048,1,9,0,9,0,5,0,0,0,0,1,1,6,3,67,10,-1,-1,-1,-1,-1,-1
201804WD18049,1,9,0,5,0,8,0,0,0,0,1,1,1,1,28,6,1598,1,11,8,1,8
201804WD18049,2,9,0,18,0,8,5,10,0,0,3,1,6,1,36,7,1397,1,9,5,1,5
201804WD18050,1,9,0,18,0,1,0,0,0,0,4,1,2,2,40,7,1685,2,7,-1,-1,-1
201804WD18050,2,9,0,6,0,6,0,0,0,0,3,1,6,2,38,7,1984,1,11,-1,-1,-1
201804WD18051,1,9,0,1,0,6,0,0,0,0,2,1,6,1,78,11,2979,1,15,9,1,9
201804WD18051,2,9,0,3,0,6,0,0,0,0,2,1,6,1,32,6,1360,1,14,3,1,3
201804WD18052,1,9,0,5,0,0,0,0,0,0,1,1,2,2,38,7,2000,2,14,6,2,6
201804WD18052,2,3,0,18,0,0,0,0,0,0,1,1,1,1,70,10,1170,1,13,-1,-1,-1
201804WD18053,1,9,0,16,0,0,0,0,0,0,1,1,6,2,29,6,1995,2,6,5,1,5
201804WD18053,2,9,0,3,0,0,0,0,0,0,2,1,6,2,46,8,1910,2,12,5,1,5
201804WD18053,3,9,0,3,0,0,0,0,0,0,2,1,6,1,49,8,4367,2,-1,6,1,6
201804WD18054,1,9,0,5,0,4,0,0,0,0,1,1,2,2,34,6,1598,1,11,1,1,1
201804WD18054,2,9,0,3,0,1,0,0,0,0,2,1,2,2,38,7,1388,1,8,1,1,1
201804WD18055,1,9,0,18,0,0,0,0,0,0,0,1,6,3,-1,-1,-1,-1,-1,-1,-1,-1
201804WD18056,1,9,0,4,0,1,0,0,0,0,1,1,6,2,66,10,1240,1,14,-1,-1,-1
201804WD18056,2,5,0,4,0,8,0,0,0,0,2,1,6,1,52,8,600,1,18,-1,-1,-1
201804WD18057,1,9,0,18,0,0,0,0,0,0,4,1,6,2,53,8,1248,2,4,-1,-1,-1
201804WD18058,1,9,0,5,0,3,0,0,0,0,1,1,6,1,48,8,1388,1,7,3,1,3
201804WD18059,1,5,0,4,0,0,0,0,0,0,1,1,6,2,57,9,1043,1,1,8,1,8
201804WD18059,2,5,0,4,0,0,0,0,0,0,2,1,6,1,64,9,1352,1,8,8,1,8
201804WD18059,3,9,0,4,0,0,0,0,0,0,4,1,6,2,19,4,899,1,5,7,3,7
201804WD18060,1,9,0,18,0,0,0,0,0,0,1,1,3,2,31,6,1598,1,6,-1,-1,-1
201804WD18060,2,9,0,18,0,0,0,0,0,0,1,1,6,1,22,5,1197,1,1,-1,-1,-1
201804WD18061,1,9,0,18,0,6,0,0,0,0,1,1,6,2,50,8,1596,1,14,6,2,6
201804WD18061,2,9,0,18,0,1,0,0,0,0,1,1,2,1,64,9,1398,1,6,6,1,6
201804WD18062,1,9,0,5,0,1,0,0,0,0,4,1,6,1,18,4,1149,1,16,7,1,7
201804WD18063,1,9,0,17,0,0,1,0,7,10,1,1,6,1,28,6,1124,1,16,8,2,8
201804WD18064,1,9,0,18,0,1,0,0,0,0,1,1,6,1,19,4,2720,2,12,-1,-1,-1
201804WD18064,2,9,0,10,0,1,0,0,0,0,2,1,6,2,23,5,1242,1,9,3,1,3
201804WD18065,1,9,0,9,0,4,0,0,0,0,3,1,6,1,36,7,1995,2,6,9,1,9
201804WD18065,2,5,0,18,0,3,5,0,0,0,1,1,2,1,31,6,675,1,5,8,1,8
201804WD18066,1,9,0,18,0,0,0,0,0,0,3,1,6,3,-1,-1,-1,-1,-1,-1,-1,-1
201804WD18066,2,9,0,2,0,0,0,0,0,0,3,1,1,2,22,5,1200,1,-1,1,1,1
201804WD18067,1,9,0,5,0,1,0,0,0,0,1,1,1,1,33,6,1560,2,1,-1,-1,-1
201804WD18068,1,9,0,9,0,6,0,0,0,0,0,1,6,1,87,11,1995,2,16,7,1,7
201804WD18068,2,3,0,18,0,1,5,0,1,0,0,1,6,1,19,4,124,1,5,5,1,5
201804WD18069,1,2,0,4,0,0,1,0,0,0,0,1,4,1,16,4,49,1,7,6,1,6
201804WD18070,1,9,0,5,0,0,0,0,0,0,3,1,6,2,15,3,1598,1,11,-1,-1,-1
201804WD18070,2,9,0,18,0,0,0,0,0,0,3,1,6,1,19,4,1560,2,12,3,1,3
201804WD18071,1,9,0,9,0,6,0,0,0,0,1,1,6,2,66,10,1498,1,3,9,1,9
201804WD18071,2,9,0,18,0,1,0,0,0,0,4,1,6,2,29,6,1364,1,12,8,1,8
201804WD18072,1,9,0,5,0,5,0,0,0,0,1,1,6,1,82,11,1560,2,7,9,1,9
201804WD18072,2,1,0,18,0,5,0,0,0,0,2,1,6,1,47,8,-1,-1,-1,9,1,9
201804WD18073,1,9,0,18,0,0,0,0,0,0,1,1,2,1,43,7,1999,1,9,1,1,1
201804WD18073,2,19,0,2,0,0,0,0,0,0,0,1,1,1,36,7,2299,2,-1,6,2,6
201804WD18074,1,9,0,5,0,2,0,0,0,0,3,1,6,1,61,9,1498,1,12,-1,-1,-1
201804WD18074,2,18,0,18,1,1,0,0,0,0,1,1,6,1,67,10,-1,-1,-1,-1,-1,-1
201804WD18075,1,9,0,5,0,0,0,0,0,1,1,1,6,1,88,11,1332,1,14,9,1,9
201804WD18075,2,9,0,18,0,0,0,0,0,0,2,1,6,2,34,6,1591,1,1,8,1,8
201804WD18075,3,9,0,18,0,0,0,0,0,0,2,1,6,1,40,7,1984,1,11,5,1,5
201804WD18076,1,9,0,18,0,0,0,0,0,0,4,1,6,1,34,6,1596,1,13,2,1,2
201804WD18076,2,90,0,2,0,0,0,0,0,0,0,1,1,3,-1,-1,-1,-1,-1,-1,-1,-1
201804WD18077,1,1,0,17,9,1,5,0,0,0,1,1,6,1,13,3,-1,-1,-1,3,1,3
201804WD18077,2,9,0,16,0,2,0,0,0,0,1,1,6,1,50,8,1598,2,6,9,1,9
201804WD18078,1,1,0,18,0,0,0,4,0,0,1,1,6,1,68,10,-1,-1,-1,3,1,3
201804WD18078,2,9,0,2,0,0,0,0,0,0,2,1,6,3,-1,-1,2171,1,14,-1,-1,-1
201804WD18079,1,9,0,18,0,1,0,0,0,0,2,1,6,2,18,4,1599,1,10,1,1,1
201804WD18079,2,9,0,7,0,1,0,0,0,0,0,1,6,1,73,10,1240,1,13,7,1,7
201804WD18080,1,9,0,14,0,1,1,0,7,0,1,1,6,1,55,8,1753,2,11,1,1,1
201804WD18080,2,9,0,10,0,2,0,0,0,0,3,1,6,2,64,9,2902,2,15,6,1,6
201804WD18081,1,9,0,18,0,4,0,0,0,0,1,1,6,2,62,9,1200,1,1,-1,-1,-1
201804WD18081,2,9,0,9,0,4,0,0,0,0,1,1,2,2,21,5,1200,1,1,-1,-1,-1
201804WD18082,1,5,0,9,0,1,0,0,0,0,4,1,2,1,20,4,649,1,3,1,1,1
201804WD18082,2,90,0,18,0,1,0,0,0,0,1,1,1,1,25,5,-1,-1,-1,1,1,1
201804WD18083,1,9,0,18,0,0,0,4,0,0,1,1,6,1,27,6,1598,1,5,-1,-1,-1
201804WD18083,2,9,0,2,0,0,0,0,0,0,2,1,6,3,-1,-1,1398,2,10,-1,-1,-1
201804WD18084,1,9,0,10,0,2,0,0,0,0,2,1,6,1,77,11,998,1,5,9,1,9
201804WD18084,2,9,0,18,0,1,0,4,0,0,1,1,3,2,33,6,1598,1,8,9,1,9
201804WD18085,1,9,0,5,0,1,0,0,0,0,3,1,6,1,18,4,1229,1,10,2,1,2
201804WD18086,1,9,0,9,0,8,0,0,0,0,1,1,6,1,41,7,998,1,5,5,1,5
201804WD18086,2,9,0,18,0,1,0,0,0,0,1,1,3,2,47,8,1000,1,5,5,1,5
201804WD18087,1,9,0,16,0,0,0,10,7,10,1,1,6,1,65,9,2972,1,26,-1,-1,-1
201804WD18088,1,9,0,16,0,0,0,0,0,0,1,1,6,1,71,10,1796,1,7,-1,-1,-1
201804WD18088,2,1,0,17,0,0,0,0,0,0,1,1,6,1,13,3,-1,-1,-1,-1,-1,-1
201804WD18089,1,21,0,16,0,0,0,0,0,0,1,1,1,1,51,8,3920,2,12,3,1,3
201804WD18089,2,9,0,10,0,0,0,0,0,0,2,1,1,1,33,6,-1,-1,-1,6,1,6
201804WD18090,1,9,0,5,0,2,0,0,0,0,1,1,2,2,45,7,998,1,11,8,2,8
201804WD18090,2,9,0,2,0,1,0,0,0,0,1,1,6,1,72,10,1986,2,12,7,3,7
201804WD18091,1,9,0,5,0,4,0,0,0,0,1,1,6,2,40,7,1242,1,6,1,1,1
201804WD18091,2,9,0,5,0,4,0,0,0,0,2,1,6,2,23,5,1149,1,1,9,1,9
201804WD18092,1,9,0,18,0,1,0,0,0,0,4,1,6,1,72,10,2987,2,7,7,3,7
201804WD18093,1,9,0,5,0,4,0,0,0,0,4,1,2,1,41,7,-1,-1,-1,5,2,5
201804WD18093,2,1,0,7,0,3,0,0,0,0,4,1,6,1,46,8,-1,-1,-1,9,1,9
201804WD18094,1,9,0,15,0,1,0,0,0,0,1,1,6,2,85,11,998,1,18,8,1,8
201804WD18094,2,1,0,12,0,1,0,0,0,0,2,1,6,2,64,9,-1,-1,-1,6,1,6
201804WD18095,1,9,0,18,0,0,0,0,0,0,1,1,6,1,67,10,2494,8,2,5,1,5
201804WD18097,1,4,0,17,0,2,0,0,0,0,0,1,6,1,50,8,150,1,-1,2,1,2
201804WD18097,2,9,0,18,0,3,0,0,0,0,0,1,6,2,34,6,2148,2,13,-1,-1,-1
201804WD18098,1,9,0,7,0,2,0,0,0,0,0,1,6,3,-1,-1,-1,-1,-1,-1,-1,-1
201804WD18098,2,1,0,18,0,2,0,0,0,0,0,1,6,1,60,9,-1,-1,-1,7,1,7
201804WD18099,1,9,0,18,0,2,0,0,2,2,1,1,6,1,22,5,1198,1,13,4,1,4
201804WD18100,1,9,0,4,0,1,0,0,0,0,2,1,6,2,23,5,1596,1,17,1,1,1
201804WD18100,2,19,0,5,0,1,0,0,0,0,1,1,6,3,-1,-1,-1,-1,-1,-1,-1,-1
201804WD18101,1,9,0,1,9,0,0,0,0,0,2,1,6,2,87,11,998,1,2,4,1,4
201804WD18102,1,8,0,18,0,0,0,0,0,0,4,1,1,1,49,8,1896,2,9,7,1,7
201804WD18103,1,9,0,3,0,8,0,0,0,0,1,1,6,1,50,8,1598,1,5,-1,-1,-1
201804WD18103,2,9,0,3,0,8,0,0,0,0,2,1,6,1,35,6,1796,1,16,-1,-1,-1
201804WD18104,1,9,0,18,0,0,0,0,0,0,4,1,6,3,-1,-1,-1,-1,-1,-1,-1,-1
201804WD18104,2,9,0,15,0,0,0,0,0,0,3,1,6,1,20,4,1398,1,2,7,1,7
201804WD18105,1,9,0,9,0,8,0,0,0,0,4,1,6,1,19,4,1229,1,6,5,1,5
201804WD18105,2,3,0,5,0,1,0,0,0,0,1,1,6,1,17,4,-1,-1,-1,3,1,3
201804WD18106,1,9,0,5,0,5,0,0,0,0,4,1,1,2,52,8,1956,2,4,1,1,1
201804WD18106,2,5,0,18,0,1,0,0,0,0,3,1,6,1,76,11,535,1,24,10,1,10
201804WD18107,1,1,0,5,0,8,0,0,7,0,1,1,6,1,16,4,-1,-1,-1,-1,-1,-1
201804WD18107,2,9,0,4,0,1,0,0,1,0,4,1,6,2,27,6,1596,1,5,6,1,6
201804WD18108,1,9,0,9,0,6,0,0,0,0,3,1,6,2,33,6,2143,2,6,4,1,4
201804WD18109,1,9,3,18,0,1,0,0,0,0,1,1,6,1,56,9,1997,2,3,8,3,8
201804WD18109,2,9,0,5,0,1,0,0,0,0,3,1,1,2,19,4,998,1,-1,6,3,6
201804WD18110,1,1,0,18,0,1,0,0,0,0,1,1,3,1,19,4,-1,-1,-1,5,2,5
201804WD18110,2,90,0,18,0,1,0,0,1,0,3,1,6,1,92,11,-1,-1,-1,1,1,1
201804WD18111,1,9,0,18,0,0,0,0,0,0,1,1,6,2,39,7,1990,1,14,9,1,9
201804WD18111,2,9,0,2,0,0,0,0,0,0,2,1,6,3,-1,-1,1248,2,10,-1,-1,-1
201804WD18112,1,1,0,18,0,0,0,0,0,0,1,1,6,1,70,10,-1,-1,-1,4,1,4
201804WD18113,1,5,0,18,0,1,0,0,0,0,4,1,6,1,36,7,599,1,20,6,1,6
201804WD18113,2,9,0,3,0,1,0,0,0,0,2,1,6,2,45,7,998,1,-1,8,2,8
201804WD18114,1,9,0,16,0,8,1,0,8,10,3,1,6,1,19,4,998,1,-1,4,1,4
201804WD18115,1,9,0,9,0,1,0,0,7,10,1,1,1,1,39,7,1560,2,1,2,1,2
201804WD18115,2,9,0,18,0,1,0,0,0,0,1,1,6,2,44,7,1461,2,14,6,1,6
201804WD18116,1,9,0,4,0,0,0,0,0,0,1,1,6,1,72,10,1560,2,2,9,3,9
201804WD18116,2,9,0,3,0,0,0,0,0,0,2,1,6,1,65,9,1598,1,9,6,2,6
201804WD18117,1,9,0,3,0,1,0,0,0,7,1,1,1,1,44,7,-1,-1,-1,2,1,2
201804WD18117,2,9,0,18,0,3,0,0,0,0,1,1,6,1,58,9,-1,-1,-1,8,1,8
201804WD18117,3,9,0,18,0,3,0,0,0,0,1,1,6,1,77,11,2987,2,10,8,1,8
201804WD18118,1,19,0,7,0,8,0,0,0,0,1,1,1,1,37,7,2402,2,7,3,1,3
201804WD18118,2,1,0,18,0,1,5,0,0,0,4,1,6,1,51,8,-1,-1,-1,1,1,1
201804WD18119,1,90,0,18,0,0,0,0,0,0,2,1,6,3,-1,-1,-1,-1,-1,-1,-1,-1
201804WD18119,2,1,0,18,0,0,0,0,0,0,2,1,6,1,14,3,-1,-1,-1,1,1,1
201804WD18120,1,9,0,18,0,0,0,0,0,0,1,1,6,2,32,6,2000,2,14,2,1,2
201804WD18120,2,9,0,2,0,0,0,0,0,0,2,1,6,3,-1,-1,1560,2,5,-1,-1,-1
201804WD18120,3,9,0,2,0,0,0,0,0,0,2,1,6,3,-1,-1,1461,2,4,-1,-1,-1
201804WD18120,4,9,0,2,0,0,0,0,0,0,2,1,6,3,-1,-1,2993,2,-1,-1,-1,-1
201804WD18121,1,9,0,9,0,8,0,0,0,0,1,1,2,1,47,8,1968,2,3,5,2,5
201804WD18121,2,9,0,18,0,8,0,0,0,0,1,1,6,1,85,11,1598,1,14,6,1,6
201804WD18122,1,1,0,4,0,8,0,0,0,0,3,1,6,2,6,2,-1,-1,-1,1,1,1
201804WD18122,2,9,0,5,0,1,0,0,0,0,3,1,6,3,-1,-1,-1,-1,-1,-1,-1,-1
201804WD18124,1,11,0,18,0,1,0,0,0,0,4,1,1,2,53,8,-1,2,18,-1,-1,-1
201804WD18124,2,9,4,7,0,8,0,0,1,0,2,1,6,1,35,6,-1,-1,-1,6,2,6
201804WD18124,3,9,0,5,0,8,0,0,0,0,2,1,6,2,57,9,1951,2,15,6,3,6
201804WD18124,4,9,0,18,0,1,0,0,0,0,3,1,6,1,87,11,1388,1,14,-1,-1,-1
201804WD18125,1,9,0,15,0,0,0,0,0,0,4,1,6,3,-1,-1,-1,-1,-1,-1,-1,-1
201804WD18126,1,9,0,1,5,0,0,0,0,0,2,1,6,3,-1,-1,1753,2,11,-1,-1,-1
201804WD18127,1,21,1,18,0,1,0,0,0,0,3,1,1,1,38,7,15607,2,7,-1,1,-1
201804WD18127,2,9,0,7,0,6,0,0,0,0,1,1,6,1,48,8,1995,2,14,1,1,1
201804WD18128,1,9,0,3,0,1,0,0,0,0,1,1,2,1,58,9,2179,2,8,7,1,7
201804WD18128,2,2,0,16,0,1,0,0,0,0,3,1,2,1,44,7,49,1,7,1,1,1