Accident_Index,Vehicle_Reference,Vehicle_Type,Towing_and_Articulation,Vehicle_Manoeuvre,Vehicle_Location-Restricted_Lane,Junction_Location,Skidding_and_Overturning,Hit_Object_in_Carriageway,Vehicle_Leaving_Carriageway,Hit_Object_off_Carriageway,1st_Point_of_Impact,Was_Vehicle_Left_Hand_Drive?,Journey_Purpose_of_Driver,Sex_of_Driver,Age_of_Driver,Age_Band_of_Driver,Engine_Capacity_(CC),Propulsion_Code,Age_of_Vehicle,Driver_IMD_Decile,Driver_Home_Area_Type,Vehicle_IMD_Decile
201804WD18129,1,5,0,13,0,1,0,0,0,0,1,1,6,1,61,9,998,1,3,9,1,9
201804WD18129,2,17,4,9,0,1,0,0,0,0,1,1,1,1,50,8,4525,2,8,6,3,6
201804WD18130,1,9,0,18,0,1,0,0,0,0,1,1,6,1,19,4,1149,1,13,-1,-1,-1
201804WD18130,2,10,0,4,0,1,0,0,0,0,2,1,6,2,51,8,2198,2,3,1,1,1
201804WD18131,1,9,0,18,0,1,0,0,0,0,2,1,1,1,59,9,1587,1,11,3,1,3
201804WD18131,2,9,0,18,0,1,0,0,0,0,2,1,2,2,43,7,1299,1,13,7,1,7
201804WD18131,3,9,0,18,0,1,0,0,0,0,1,1,6,2,32,6,1995,1,11,5,1,5
201804WD18132,1,1,0,18,0,8,0,0,0,0,4,1,2,1,66,10,-1,-1,-1,6,1,6
201804WD18132,2,3,0,5,0,8,0,0,0,0,4,1,2,1,54,8,108,1,5,1,1,1
201804WD18133,1,9,0,5,0,4,0,0,0,0,1,1,2,1,26,6,1461,2,5,7,1,7
201804WD18133,2,1,0,18,0,4,0,0,0,0,1,1,6,1,23,5,-1,-1,-1,-1,-1,-1
201804WD18134,1,19,0,4,0,1,0,0,0,0,2,1,1,1,55,8,12740,2,2,5,1,5
201804WD18134,2,90,0,13,0,1,0,0,0,0,1,1,1,1,33,6,-1,-1,-1,7,1,7
201804WD18135,1,9,0,16,0,0,1,0,8,3,4,1,6,1,19,4,1242,1,12,1,1,1
201804WD18136,1,90,0,16,0,0,0,2,0,9,1,1,6,1,83,11,-1,-1,-1,-1,-1,-1
201804WD18137,1,9,0,9,0,4,0,0,0,0,3,1,6,1,52,8,1149,1,4,7,1,7
201804WD18137,2,2,0,18,0,4,2,0,0,0,1,1,6,1,16,4,49,1,8,3,1,3
201804WD18138,1,9,0,9,0,8,0,0,0,10,4,1,6,2,20,4,1461,2,4,7,3,7
201804WD18138,2,9,0,18,0,8,0,0,0,0,1,1,6,1,67,10,1984,1,23,1,1,1
201804WD18139,1,9,0,18,0,4,0,0,0,0,1,1,1,2,64,9,1198,1,1,4,1,4
201804WD18139,2,9,0,17,0,3,0,0,0,0,4,1,1,1,51,8,-1,3,3,4,1,4
201804WD18140,1,9,0,18,0,0,0,0,0,0,2,1,6,2,68,10,1591,1,5,7,1,7
201804WD18140,2,9,0,18,0,0,0,0,0,0,2,1,6,1,40,7,1248,1,5,4,1,4
201804WD18142,1,90,0,18,0,0,0,0,0,0,1,1,2,1,50,8,-1,-1,-1,2,1,2
201804WD18142,2,9,0,2,0,0,0,0,0,0,2,1,6,1,74,10,1997,2,8,9,1,9
201804WD18143,1,9,0,5,0,0,0,0,0,0,4,1,6,2,26,6,1242,1,2,1,1,1
201804WD18144,1,5,0,16,0,0,0,0,0,0,1,1,2,1,61,9,599,1,19,-1,-1,-1
201804WD18144,2,20,0,17,0,0,0,0,0,0,3,1,6,1,59,9,6700,2,3,4,2,4
201804WD18145,1,1,0,18,0,8,0,0,0,0,2,1,6,1,14,3,-1,-1,-1,9,1,9
201804WD18145,2,9,0,18,0,6,0,0,0,0,1,1,6,1,83,11,1587,1,14,9,1,9
201804WD18146,1,11,0,16,0,0,0,0,1,0,1,1,1,1,29,6,5883,2,17,8,1,8
201804WD18147,1,9,0,18,0,0,1,0,0,0,1,1,6,1,55,8,1339,8,8,5,1,5
201804WD18148,1,9,0,1,0,1,0,0,0,0,2,1,1,3,-1,-1,-1,-1,-1,-1,-1,-1
201804WD18148,2,90,0,4,0,1,0,0,0,0,2,1,6,2,8,2,-1,-1,-1,1,1,1
201804WD18149,1,9,0,7,0,8,2,0,7,10,1,1,6,1,18,4,1198,1,13,1,1,1
201804WD18150,1,9,0,10,0,1,0,0,0,0,2,1,1,3,-1,-1,1398,1,1,-1,-1,-1
201804WD18150,2,9,0,4,0,1,0,0,0,0,1,1,6,1,55,8,1796,1,13,-1,-1,-1
201804WD18151,1,9,0,7,0,3,0,0,0,0,1,1,2,1,48,8,2688,2,15,4,2,4
201804WD18151,2,9,0,4,0,4,0,0,0,0,1,1,2,2,34,6,999,1,6,9,1,9
201804WD18151,3,90,0,4,0,8,0,0,0,0,4,1,2,1,50,8,-1,-1,-1,8,2,8
201804WD18152,1,9,0,18,0,8,0,0,0,0,1,1,6,1,70,10,1596,1,12,1,1,1
201804WD18152,2,9,0,17,0,1,0,0,1,0,1,1,6,2,24,5,1242,1,6,7,3,7
201804WD18153,1,9,0,14,0,8,0,0,0,0,0,1,6,3,-1,-1,-1,-1,-1,-1,-1,-1
201804WD18153,2,5,0,17,0,8,0,0,1,0,0,1,6,1,31,6,656,1,12,4,2,4
201804WD18154,1,9,0,9,0,0,0,0,0,0,0,1,6,1,67,10,1582,2,8,-1,-1,-1
201804WD18154,2,9,0,18,0,0,0,0,1,10,1,1,6,1,25,5,1995,2,-1,-1,-1,-1
201804WD18155,1,9,0,5,0,6,5,0,0,0,1,1,6,2,82,11,875,1,6,4,1,4
201804WD18155,2,9,0,17,0,1,0,0,0,0,1,1,6,2,56,9,1197,1,3,4,1,4
201804WD18156,1,9,0,18,0,1,0,0,0,0,1,1,6,1,18,4,1328,1,12,7,1,7
201804WD18156,2,9,0,3,0,1,0,0,0,0,0,1,6,2,57,9,2148,2,15,5,1,5
201804WD18156,3,9,0,4,0,1,0,0,0,0,3,1,6,1,20,4,2993,2,3,7,2,7
201804WD18157,1,9,0,5,0,2,0,0,0,0,2,1,1,1,52,8,1598,2,7,5,1,5
201804WD18157,2,9,0,18,0,2,0,0,1,0,1,1,2,1,26,6,-1,-1,-1,1,1,1
201804WD18158,1,9,0,4,0,1,0,0,0,0,1,1,3,2,42,7,1596,1,14,5,1,5
201804WD18158,2,9,0,4,0,1,0,0,0,0,2,1,3,2,37,7,1329,1,5,5,1,5
201804WD18159,1,9,0,17,0,1,0,0,0,0,1,1,6,3,-1,-1,-1,-1,-1,-1,-1,-1
201804WD18159,2,16,5,17,0,1,0,4,0,0,3,1,6,1,33,6,-1,-1,-1,3,1,3
201804WD18159,3,9,0,2,0,1,0,0,0,0,4,1,6,2,-1,-1,1198,1,7,-1,-1,-1
201804WD18159,4,9,0,2,0,1,0,0,0,0,1,1,6,2,-1,-1,1242,1,7,-1,-1,-1
201804WD18160,1,1,0,18,0,6,0,0,0,0,3,1,6,1,37,7,-1,-1,-1,1,1,1
201804WD18160,2,9,0,18,0,1,0,0,0,0,1,1,3,2,30,6,1388,1,15,7,1,7
201804WD18161,1,9,0,18,0,0,0,0,0,0,1,1,6,1,23,5,-1,-1,-1,7,2,7
201804WD18161,2,9,0,10,0,0,0,0,0,0,2,1,6,1,48,8,2497,2,14,8,1,8
201804WD18162,1,9,0,18,0,0,0,0,0,0,3,1,6,2,69,10,1396,2,4,-1,-1,-1
201804WD18163,1,1,0,18,0,0,0,0,0,0,1,1,6,2,54,8,-1,-1,-1,7,1,7
201804WD18163,2,9,0,2,0,0,0,0,0,0,4,1,6,3,-1,-1,1598,1,12,-1,-1,-1
201804WD18164,1,9,0,16,0,0,0,0,0,0,1,1,2,1,71,10,-1,-1,-1,-1,-1,-1
201804WD18164,2,9,0,17,0,0,0,0,0,0,3,1,1,1,49,8,-1,-1,-1,8,1,8
201804WD18165,1,9,0,5,0,1,0,0,0,0,1,1,2,2,41,7,1991,2,8,6,1,6
201804WD18165,2,9,0,18,0,1,0,0,0,0,1,1,6,1,49,8,1686,2,14,1,1,1
201804WD18166,1,5,0,16,0,0,0,0,0,0,3,1,6,1,22,5,645,1,10,8,1,8
201804WD18166,2,20,0,17,0,0,0,0,0,0,3,1,6,1,45,7,4580,2,13,-1,-1,-1
201804WD18167,1,9,0,18,0,0,1,0,1,4,1,1,6,1,21,5,1896,2,13,7,3,7
201804WD18168,1,9,0,4,0,1,0,0,0,0,1,1,6,2,27,6,1461,2,5,9,1,9
201804WD18169,1,9,0,3,0,4,0,0,0,0,2,1,6,2,27,6,1200,1,3,5,1,5
201804WD18169,2,9,0,4,0,4,0,0,0,0,1,1,6,2,54,8,1461,2,2,4,1,4
201804WD18170,1,9,0,18,0,3,0,0,0,0,4,1,6,2,52,8,1242,1,7,3,1,3
201804WD18170,2,9,0,18,0,4,0,0,0,0,1,1,6,2,38,7,1598,1,11,1,1,1
201804WD18171,1,9,0,5,0,4,0,0,0,0,1,1,6,1,46,8,1596,1,10,6,1,6
201804WD18171,2,1,0,9,0,8,5,0,0,0,4,1,4,1,13,3,-1,-1,-1,7,1,7
201804WD18172,1,8,0,18,0,4,0,0,0,0,1,1,1,1,56,9,1596,1,10,4,1,4
201804WD18172,2,2,0,9,0,3,0,0,0,0,1,1,2,1,61,9,49,1,10,7,1,7
201804WD18173,1,90,0,18,0,0,0,0,0,0,1,1,1,1,54,8,-1,-1,-1,7,1,7
201804WD18173,2,9,0,10,0,0,1,0,0,0,2,1,1,1,47,8,1968,2,-1,9,1,9
201804WD18173,3,9,0,18,0,0,0,0,0,0,1,1,6,1,56,9,1398,2,15,-1,-1,-1
201804WD18174,1,9,0,5,0,1,0,0,0,0,1,1,6,1,72,10,1598,1,8,5,1,5
201804WD18174,2,1,0,17,0,1,0,0,0,0,4,1,6,2,54,8,-1,-1,-1,1,1,1
201804WD18174,3,1,0,17,0,1,0,0,0,0,4,1,6,2,25,5,-1,-1,-1,1,1,1
201804WD18175,1,9,0,18,0,1,0,4,0,0,1,1,6,1,76,11,1398,1,5,5,1,5
201804WD18175,2,9,0,3,0,1,0,0,0,0,2,1,6,1,39,7,1753,2,9,5,1,5
201804WD18176,1,9,0,2,9,0,0,0,0,5,1,1,6,2,77,11,1197,1,1,5,1,5
201804WD18177,1,9,0,9,0,1,0,0,0,0,1,1,6,2,77,11,998,1,13,4,1,4
201804WD18177,2,9,0,18,0,1,0,0,0,0,1,1,6,2,50,8,1229,1,12,5,1,5
201804WD18178,1,9,0,2,0,0,0,0,0,0,3,1,6,2,35,6,1386,1,7,4,1,4
201804WD18178,2,1,0,18,0,0,0,0,0,0,1,1,6,1,51,8,-1,-1,-1,-1,-1,-1
201804WD18179,1,9,0,4,0,0,0,0,0,1,1,1,3,2,58,9,1560,2,13,6,1,6
201804WD18179,2,9,0,18,0,0,0,0,0,0,1,1,6,1,55,8,2496,2,18,-1,-1,-1
201804WD18180,1,90,0,5,0,0,0,0,0,0,1,1,6,3,-1,-1,-1,-1,-1,-1,-1,-1
201804WD18181,1,9,0,3,0,4,0,0,0,0,1,1,6,1,73,10,1461,2,4,3,1,3
201804WD18181,2,9,0,18,0,1,0,0,0,0,2,1,6,2,57,9,1995,1,17,1,1,1
201804WD18182,1,9,0,2,0,0,0,0,0,0,3,1,6,3,-1,-1,-1,-1,-1,-1,-1,-1
201804WD18182,2,1,0,18,0,0,0,0,0,0,4,1,6,2,41,7,-1,-1,-1,2,1,2
201804WD18183,1,9,0,18,0,8,0,0,0,0,4,1,1,1,34,6,1956,2,4,1,1,1
201804WD18183,2,8,0,18,0,1,0,0,0,0,1,1,1,1,55,8,1997,2,5,-1,-1,-1
201804WD18184,1,9,0,7,0,1,0,0,0,0,4,1,6,3,-1,-1,-1,-1,-1,-1,-1,-1
201804WD18184,2,1,0,18,0,1,0,0,0,0,1,1,6,1,14,3,-1,-1,-1,1,1,1
201804WD18185,1,9,0,3,0,1,0,0,0,0,4,1,6,2,49,8,998,1,3,1,1,1
201804WD18186,1,9,0,3,0,4,0,0,0,0,1,1,6,1,32,6,2143,2,-1,9,1,9
201804WD18186,2,9,0,8,0,4,0,0,0,0,2,1,6,2,35,6,1149,1,12,9,1,9
201804WD18187,1,8,0,5,0,0,0,0,0,0,0,1,1,1,56,9,1798,8,-1,-1,-1,-1
201804WD18188,1,3,0,15,0,1,1,0,0,0,1,1,6,1,21,5,124,1,15,4,1,4
201804WD18188,2,11,0,9,0,8,0,0,0,0,4,1,1,1,34,6,4500,2,-1,1,1,1
201804WD18188,3,9,0,4,0,1,0,0,0,0,0,1,1,1,23,5,998,1,-1,4,1,4
201804WD18188,4,3,0,18,0,1,0,0,0,0,0,1,6,1,21,5,125,1,-1,7,1,7
201804WD18189,1,9,0,5,0,8,0,0,0,0,1,1,6,2,76,11,-1,-1,-1,5,1,5
201804WD18189,2,9,0,18,0,8,0,0,0,0,3,1,6,2,31,6,1596,1,10,5,1,5
201804WD18190,1,9,0,18,0,1,0,0,1,0,3,1,6,1,74,10,1998,1,4,8,2,8
201804WD18190,2,9,0,18,0,8,0,0,0,0,3,1,6,1,73,10,1998,1,12,8,2,8
201804WD18191,1,9,0,18,0,1,0,0,0,0,1,1,6,2,26,6,1598,1,13,5,2,5
201804WD18191,2,9,0,3,0,1,0,0,0,0,2,1,6,2,22,5,1000,1,4,-1,-1,-1
201804WD18192,1,9,0,15,0,1,0,0,0,0,4,1,6,1,21,5,1229,1,12,-1,-1,-1
201804WD18193,1,9,0,18,0,4,0,0,0,0,1,1,6,1,78,11,998,1,-1,5,1,5
201804WD18193,2,9,0,18,0,4,0,0,0,0,2,1,6,2,61,9,999,1,1,9,1,9
201804WD18194,1,9,0,5,0,8,0,0,0,0,3,1,6,1,33,6,1240,1,8,1,1,1
201804WD18194,2,3,0,18,0,2,0,0,0,0,1,1,2,1,51,8,125,1,5,1,1,1
201804WD18195,1,9,0,5,0,4,0,0,0,0,1,1,3,1,22,5,1397,1,16,5,1,5
201804WD18195,2,9,0,18,0,3,0,0,0,0,4,1,3,2,35,6,1339,1,8,-1,-1,-1
201804WD18196,1,9,0,18,0,0,0,0,0,0,3,1,3,2,34,6,1956,2,4,5,1,5
201804WD18197,1,3,0,13,0,1,0,0,7,0,1,1,1,2,21,5,124,1,1,1,1,1
201804WD18197,2,9,0,5,0,1,0,0,0,0,1,1,6,1,57,9,1998,1,19,6,1,6
201804WD18197,3,9,0,3,0,1,0,0,0,0,0,1,6,2,25,5,1390,1,5,9,1,9
201804WD18198,1,9,0,4,6,0,0,0,0,0,3,1,6,2,32,6,1598,2,8,5,1,5
201804WD18198,2,1,0,17,6,0,0,0,0,0,1,1,6,1,42,7,-1,-1,-1,1,1,1
201804WD18199,1,9,0,2,0,0,0,0,0,0,3,1,6,1,25,5,2494,1,16,4,1,4
201804WD18199,2,1,0,14,0,0,0,0,0,0,1,1,6,1,52,8,-1,-1,-1,1,1,1
201804WD18200,1,9,0,18,0,0,0,0,0,0,1,1,2,2,34,6,1395,1,1,8,1,8
201804WD18201,1,9,0,4,0,1,1,0,0,0,1,1,1,2,18,4,1229,1,2,9,1,9
201804WD18201,2,9,0,17,0,1,0,0,0,0,1,1,2,1,28,6,1968,2,6,5,1,5
201804WD18202,1,9,0,5,0,1,0,0,0,0,1,1,6,2,73,10,1339,1,12,9,1,9
201804WD18202,2,9,0,16,0,1,0,0,0,0,1,1,6,2,34,6,1968,2,2,3,1,3
201804WD18203,1,19,0,18,0,4,0,0,0,0,1,1,1,1,65,9,1248,2,5,4,1,4
201804WD18203,2,2,0,18,0,4,2,0,0,0,1,1,6,1,17,4,50,1,3,5,1,5
201804WD18204,1,9,0,5,0,2,0,0,0,0,1,1,6,1,42,7,1685,2,1,4,1,4
201804WD18204,2,5,0,15,0,1,0,0,0,0,1,1,6,1,43,7,599,1,17,3,1,3
201804WD18205,1,9,0,7,0,1,0,0,1,0,1,1,6,1,28,6,-1,-1,-1,4,1,4
201804WD18205,2,9,0,4,0,1,0,0,0,0,4,1,3,2,25,5,999,1,2,-1,-1,-1
201804WD18206,1,9,0,3,0,1,0,0,0,0,1,1,6,1,44,7,1998,2,13,2,1,2
201804WD18206,2,3,0,18,0,2,5,0,0,0,1,1,6,1,30,6,125,1,-1,4,1,4
201804WD18207,1,9,0,5,0,6,0,0,0,0,3,1,6,2,72,10,1198,1,5,7,3,7
201804WD18207,2,1,0,18,0,1,0,0,0,0,1,1,6,1,61,9,-1,-1,-1,8,1,8
201804WD18208,1,9,0,18,0,1,0,0,0,0,1,1,6,1,61,9,1493,2,8,8,1,8
201804WD18208,2,9,0,2,0,1,0,0,0,0,2,1,6,2,53,8,1591,1,1,1,1,1
201804WD18209,1,9,0,18,0,0,0,0,0,0,1,1,6,1,64,9,1499,2,-1,3,1,3
201804WD18209,2,90,0,4,0,0,0,0,0,0,2,1,2,2,38,7,-1,-1,-1,-1,-1,-1
201804WD18210,1,9,0,4,0,0,0,0,0,0,1,1,6,1,85,11,1299,1,13,6,2,6
201804WD18210,2,9,0,4,0,0,0,0,0,0,0,1,2,2,40,7,2143,2,1,-1,-1,-1
201804WD18211,1,9,0,9,0,5,0,0,0,1,1,1,6,1,63,9,1587,1,11,8,1,8
201804WD18211,2,8,0,18,0,1,0,0,0,0,1,1,1,1,46,8,1499,2,3,-1,-1,-1
201804WD18212,1,9,0,9,0,4,0,0,0,0,1,1,6,1,60,9,1997,2,9,6,1,6
201804WD18212,2,9,0,4,0,8,0,0,0,0,4,1,6,1,67,10,1396,1,14,5,1,5
201804WD18213,1,19,0,9,0,8,0,0,0,0,1,1,1,1,49,8,2143,2,4,-1,-1,-1
201804WD18214,1,9,0,18,0,0,0,0,0,0,1,1,6,2,70,10,1397,1,9,4,1,4
201804WD18215,1,9,0,9,0,8,0,0,0,0,1,1,6,1,25,5,1968,2,15,4,1,4
201804WD18216,1,9,0,9,0,5,0,0,0,0,1,1,6,1,21,5,1598,1,12,1,1,1
201804WD18216,2,2,0,18,0,6,0,0,0,0,1,1,6,2,51,8,49,1,20,2,1,2
201804WD18217,1,9,0,5,9,2,0,0,0,0,3,1,6,1,79,11,1598,1,18,5,1,5
201804WD18218,1,5,0,13,0,8,0,0,0,0,1,1,6,1,52,8,748,1,13,-1,-1,-1
201804WD18218,2,9,0,9,0,1,0,0,0,0,1,1,6,2,56,9,2231,2,10,-1,-1,-1
201804WD18219,1,9,0,17,0,1,1,0,0,0,4,1,6,1,24,5,1984,1,14,4,1,4
201804WD18220,1,9,0,9,0,2,0,0,0,0,3,1,2,1,36,7,1798,8,-1,-1,-1,-1
201804WD18221,1,9,0,18,0,0,0,0,0,0,1,1,6,3,-1,-1,-1,-1,-1,-1,-1,-1
201804WD18221,2,1,0,18,0,0,0,0,0,0,2,1,6,2,57,9,-1,-1,-1,-1,-1,-1
201804WD18222,1,9,0,1,0,0,0,0,0,0,2,1,6,1,24,5,1686,2,15,1,1,1
201804WD18222,2,9,0,18,0,0,0,0,0,0,0,1,6,1,60,9,1598,1,15,1,1,1
201804WD18223,1,8,0,18,0,1,0,0,0,0,1,1,1,1,40,7,1598,2,8,4,1,4
201804WD18223,2,9,0,9,0,1,0,0,0,0,4,1,2,2,31,6,1199,1,17,1,1,1
201804WD18224,1,9,0,9,0,1,0,0,0,0,3,1,2,1,62,9,-1,-1,-1,9,1,9
201804WD18224,2,1,0,10,0,1,0,0,0,0,1,1,2,1,26,6,-1,-1,-1,8,1,8
201804WD18225,1,9,0,18,0,0,0,0,0,0,0,1,6,3,-1,-1,-1,-1,-1,-1,-1,-1
201804WD18225,2,10,0,18,0,0,0,0,0,0,0,1,6,2,28,6,-1,-1,-1,6,2,6
201804WD18226,1,9,0,5,0,6,0,0,0,0,1,1,6,2,64,9,1242,1,7,4,1,4
201804WD18227,1,9,0,5,0,4,0,0,0,0,1,1,6,2,73,10,1329,1,8,7,1,7
201804WD18227,2,9,0,18,0,3,0,0,0,1,1,1,6,1,20,4,999,1,2,7,3,7
201804WD18228,1,9,0,18,0,0,0,0,0,0,4,1,6,2,26,6,1499,2,4,1,1,1
201804WD18228,2,9,0,4,0,0,0,0,0,0,4,1,6,1,55,8,1598,1,10,3,1,3
201804WD18229,1,9,0,18,0,0,0,0,0,0,4,1,6,1,68,10,-1,-1,-1,5,1,5
201804WD18229,2,1,0,18,0,0,0,0,0,0,1,1,6,1,14,3,-1,-1,-1,5,1,5
201804WD18230,1,9,0,17,0,0,0,0,1,0,1,1,6,3,-1,-1,1870,2,13,-1,-1,-1
201804WD18231,1,9,0,3,0,1,0,0,0,0,1,1,6,1,77,11,1390,1,17,1,1,1
201804WD18232,1,90,0,1,9,6,0,0,0,0,2,1,6,3,-1,-1,-1,-1,-1,-1,-1,-1
201804WD18232,2,1,0,1,9,6,0,0,0,0,2,1,6,1,14,3,-1,-1,-1,3,1,3
201804WD18233,1,9,0,9,0,4,0,0,0,0,1,1,2,2,18,4,999,1,-1,-1,-1,-1
201804WD18233,2,9,0,18,0,4,0,0,7,4,3,1,6,1,35,6,-1,-1,-1,-1,-1,-1
2018051800023,1,3,0,7,0,2,0,0,0,0,1,1,6,1,39,7,124,1,-1,1,1,1
2018051800024,1,8,0,5,0,0,0,0,0,0,3,1,1,1,36,7,1997,2,8,1,1,1
2018051800027,1,3,0,18,0,1,0,0,0,0,3,1,6,2,19,4,124,1,3,1,1,1
2018051800029,1,9,0,18,0,4,0,0,0,0,1,1,2,1,45,7,1199,1,14,7,1,7
2018051800029,2,1,0,18,0,8,0,0,0,0,4,1,2,1,50,8,-1,-1,-1,4,1,4
2018051800030,1,19,0,18,0,2,0,0,0,0,1,1,2,1,-1,-1,2143,2,4,2,1,2
2018051800031,1,9,0,9,0,5,0,0,0,0,1,1,6,2,37,7,1598,1,10,1,1,1
2018051800031,2,9,0,18,0,1,0,0,0,0,1,1,6,1,27,6,1582,2,5,1,1,1
2018051800032,1,8,0,18,0,8,0,0,0,0,4,1,1,1,51,8,1598,2,3,2,1,2
2018051800032,2,9,0,18,0,6,0,0,0,0,1,1,2,1,48,8,1229,1,9,5,1,5
2018051800032,3,9,0,2,0,1,0,0,0,0,1,1,6,3,-1,-1,1560,2,8,-1,-1,-1
2018051800033,1,11,0,18,0,0,0,0,0,0,1,1,1,1,54,8,4461,2,6,5,1,5
2018051800034,1,9,0,11,0,1,0,0,0,0,4,1,6,2,53,8,1598,1,14,1,1,1
2018051800034,2,9,0,18,0,1,0,0,1,1,1,1,6,1,47,8,1299,1,17,3,1,3
2018051800042,1,19,0,18,0,2,0,0,0,0,1,1,1,1,52,8,2198,2,5,2,1,2
2018051800042,2,9,0,18,0,1,0,0,0,0,1,1,6,2,43,7,1398,2,3,1,1,1
2018051800045,1,9,0,18,0,0,0,0,0,0,1,1,6,1,53,8,1198,1,4,1,1,1
2018051800045,2,11,0,2,0,0,0,0,0,0,2,1,1,1,48,8,5132,2,1,1,1,1
2018051800047,1,5,0,18,0,8,0,0,0,0,1,1,6,1,39,7,636,1,14,1,1,1
2018051800047,2,19,0,9,0,8,0,0,0,0,1,1,6,1,37,7,2402,2,8,2,1,2
2018051800048,1,9,0,17,0,0,0,0,1,4,3,1,6,2,35,6,1598,1,12,1,1,1
2018051800049,1,9,0,13,0,0,0,0,0,0,0,1,1,1,-1,-1,1582,2,4,3,1,3
2018051800049,2,9,0,18,0,0,1,0,2,10,1,1,2,1,31,6,1242,1,13,5,1,5
2018051800049,3,9,0,18,0,0,0,0,0,0,2,1,2,2,39,7,1390,1,9,7,1,7
2018051800051,1,19,0,1,0,0,0,0,0,0,2,1,6,3,-1,-1,1598,2,3,-1,-1,-1
2018051800054,1,9,0,3,0,0,0,0,0,0,2,1,6,2,56,9,1364,1,1,3,1,3
2018051800054,2,19,0,18,0,0,0,0,0,0,1,1,6,1,-1,-1,1248,2,7,5,1,5
2018051800054,3,9,0,3,0,0,0,0,0,0,2,1,6,1,32,6,1388,1,13,1,-1,1
2018051800054,4,9,0,3,0,0,0,0,0,0,2,1,6,2,-1,-1,1499,1,3,8,1,8
2018051800056,1,9,0,18,0,0,0,0,0,0,4,1,6,1,79,11,1198,1,9,8,1,8
2018051800058,1,8,0,18,0,2,0,0,0,0,1,1,1,1,34,6,1686,2,5,5,1,5
2018051800059,1,9,0,9,0,8,0,0,0,0,1,1,6,2,56,9,998,1,12,10,1,10
2018051800059,2,9,0,17,0,8,0,0,0,0,1,1,6,2,52,8,1499,2,3,2,1,2
2018051800060,1,9,0,18,0,0,1,-1,0,0,1,1,6,1,19,4,1242,1,4,2,1,2
2018051800060,2,8,0,3,0,0,0,0,0,0,2,1,1,1,57,9,1956,2,8,1,1,1
2018051800062,1,9,0,9,0,6,0,0,0,0,3,1,6,1,71,10,1798,8,4,6,1,6
2018051800062,2,9,0,18,0,1,0,0,1,11,1,1,6,1,33,6,1984,1,4,2,1,2
2018051800064,1,9,0,18,0,1,0,10,1,10,1,1,6,1,24,5,2687,1,12,4,1,4
2018051800067,1,19,0,18,0,8,5,0,4,1,4,1,2,1,40,7,2198,2,2,2,1,2
2018051800067,2,9,0,18,0,8,0,0,0,0,1,1,1,1,55,8,1997,2,3,1,1,1
2018051800068,1,21,0,10,0,1,0,0,0,0,0,1,1,1,-1,-1,6692,2,6,5,1,5
2018051800068,2,9,0,18,0,1,0,0,1,11,1,1,6,1,22,5,1998,2,11,4,1,4
2018051800069,1,9,0,18,0,0,0,0,0,0,1,1,6,1,63,9,1149,1,13,2,1,2
2018051800069,2,9,0,18,0,0,0,0,0,0,1,1,6,3,-1,-1,998,1,8,-1,-1,-1
2018051800069,3,9,0,18,0,0,0,0,0,0,1,1,6,1,58,9,1997,1,18,1,1,1
2018051800069,4,9,0,18,0,0,0,0,0,0,1,1,6,2,32,6,1242,1,8,2,1,2
2018051800071,1,8,0,18,0,1,0,0,0,0,1,1,1,1,40,7,2143,2,7,2,1,2
2018051800072,1,9,0,18,0,0,5,7,0,0,1,1,6,1,47,8,1794,1,15,1,1,1
2018051800074,1,8,0,9,0,8,0,0,0,0,1,1,1,1,39,7,1685,2,3,1,1,1
2018051800075,1,9,0,18,0,0,0,0,0,0,3,1,2,1,34,6,1149,1,10,4,1,4
2018051800078,1,9,0,9,0,2,0,0,0,0,1,1,6,3,-1,-1,-1,-1,-1,-1,-1,-1
2018051800079,1,9,0,18,0,4,0,0,0,0,1,1,2,2,38,7,1598,1,10,1,1,1
2018051800079,2,1,0,17,0,4,0,0,0,0,4,1,1,2,40,7,-1,-1,-1,3,1,3
2018051800082,1,9,0,18,0,1,0,0,0,0,4,1,1,2,34,6,1388,1,12,1,1,1
2018051800083,1,9,0,6,0,0,0,0,0,0,4,1,3,2,33,6,1995,2,2,6,1,6
2018051800083,2,9,0,18,0,0,0,0,0,0,1,1,2,1,21,5,1198,1,7,7,1,7
2018051800084,1,9,0,18,0,1,0,0,0,0,1,1,6,3,-1,-1,-1,-1,-1,-1,-1,-1
2018051800084,2,9,0,3,0,1,0,0,0,0,2,1,6,3,-1,-1,1461,2,3,-1,-1,-1
2018051800084,3,9,0,3,0,1,0,0,0,0,2,1,6,2,32,6,1598,1,2,5,1,5
2018051800088,1,9,0,18,0,0,0,0,0,0,1,1,2,2,22,5,1199,1,2,1,1,1
2018051800088,2,9,0,2,0,0,0,0,0,0,2,1,6,3,-1,-1,1998,2,10,-1,-1,-1
2018051800094,1,9,0,18,0,0,0,0,1,11,4,1,6,1,21,5,999,1,2,5,1,5
2018051800099,1,21,0,5,0,8,0,0,0,0,1,1,1,1,69,10,12900,2,11,6,1,6
2018051800100,1,9,0,7,0,5,1,0,0,0,1,1,6,2,18,4,1598,1,15,2,1,2
2018051800100,2,9,0,2,0,1,0,0,0,0,1,1,6,2,38,7,1968,2,6,10,1,10
2018051800101,1,9,0,18,0,8,0,0,0,0,1,1,6,1,45,7,1796,1,15,1,1,1
2018051800101,2,9,0,18,0,8,0,0,0,0,4,2,6,3,-1,-1,1969,2,3,-1,-1,-1
2018051800101,3,19,0,10,0,8,0,0,0,0,1,1,1,3,-1,-1,1560,2,1,-1,-1,-1
2018051800103,1,9,0,18,0,1,0,0,0,0,4,1,6,3,-1,-1,-1,-1,-1,-1,-1,-1