Accident_Index,Vehicle_Reference,Vehicle_Type,Towing_and_Articulation,Vehicle_Manoeuvre,Vehicle_Location-Restricted_Lane,Junction_Location,Skidding_and_Overturning,Hit_Object_in_Carriageway,Vehicle_Leaving_Carriageway,Hit_Object_off_Carriageway,1st_Point_of_Impact,Was_Vehicle_Left_Hand_Drive?,Journey_Purpose_of_Driver,Sex_of_Driver,Age_of_Driver,Age_Band_of_Driver,Engine_Capacity_(CC),Propulsion_Code,Age_of_Vehicle,Driver_IMD_Decile,Driver_Home_Area_Type,Vehicle_IMD_Decile
2018051800103,2,9,0,2,0,2,0,0,0,0,1,1,6,1,39,7,2993,2,5,2,1,2
2018051800106,1,9,0,18,0,1,0,0,0,0,1,1,6,1,69,10,1587,1,13,1,1,1
2018051800106,2,19,0,3,0,1,0,0,0,0,2,1,1,1,50,8,1248,2,3,1,1,1
2018051800106,3,9,0,3,0,1,0,0,0,0,2,1,2,2,19,4,1242,1,3,8,1,8
2018051800108,1,9,0,18,0,8,0,0,0,0,0,1,1,1,27,6,1560,2,1,1,1,1
2018051800108,2,3,0,18,0,8,1,0,0,0,0,1,2,1,26,6,124,1,1,1,1,1
2018051800109,1,9,0,9,0,5,0,0,7,0,1,1,6,1,73,10,1783,1,14,10,1,10
2018051800109,2,9,0,18,0,8,0,0,1,11,1,1,6,1,20,4,-1,-1,-1,10,1,10
2018051800110,1,19,0,18,0,1,0,0,0,0,1,1,6,1,23,5,-1,-1,-1,1,1,1
2018051800110,2,9,0,10,0,1,0,0,0,0,2,1,2,1,57,9,1598,1,5,6,1,6
2018051800111,1,9,0,13,0,0,0,0,1,0,1,1,2,1,22,5,998,1,3,2,1,2
2018051800111,2,19,0,18,0,0,0,0,0,0,1,1,1,1,29,6,1560,2,7,2,1,2
2018051800112,1,8,0,18,0,0,0,0,0,0,1,1,1,1,26,6,1598,2,3,2,1,2
2018051800112,2,4,0,18,0,0,0,0,0,0,2,1,6,2,24,5,124,1,10,1,1,1
2018051800113,1,9,0,2,0,1,0,0,0,0,3,1,6,1,59,9,1499,2,2,1,1,1
2018051800113,2,1,0,18,0,1,0,0,0,0,1,1,6,1,24,5,-1,-1,-1,1,1,1
2018051800117,1,-1,0,18,0,0,0,0,0,0,1,1,6,3,-1,-1,-1,-1,-1,-1,-1,-1
2018051800118,1,9,0,18,0,0,0,0,0,0,1,1,6,1,48,8,-1,-1,-1,3,1,3
2018051800118,2,9,0,3,0,0,0,0,0,0,2,1,6,1,29,6,2231,2,2,9,1,9
2018051800119,1,9,0,9,0,8,0,0,0,0,1,1,6,1,21,5,1197,1,8,4,1,4
2018051800119,2,9,0,16,0,1,1,0,0,0,1,1,6,1,28,6,-1,-1,-1,1,1,1
2018051800119,3,9,0,2,0,1,0,0,0,0,4,1,6,1,47,8,1995,1,9,5,1,5
2018051800120,1,9,0,18,0,0,0,0,0,0,1,1,1,1,42,7,1598,1,12,1,1,1
2018051800123,1,9,0,18,0,0,0,0,7,11,1,1,6,2,29,6,1686,2,7,1,1,1
2018051800124,1,9,0,9,0,8,0,0,0,0,1,1,6,2,37,7,1595,1,2,7,-1,7
2018051800124,2,9,0,17,0,8,0,0,0,0,1,1,6,1,26,6,998,1,4,1,1,1
2018051800125,1,9,0,9,0,5,0,0,0,0,0,1,2,1,54,8,1499,2,1,-1,-1,-1
2018051800126,1,9,-1,18,0,0,0,0,0,0,1,-1,6,3,-1,-1,-1,-1,-1,-1,-1,-1
2018051800126,2,9,0,18,0,0,0,0,0,0,2,1,6,2,53,8,1398,1,7,6,1,6
2018051800128,1,9,0,18,0,6,0,0,0,0,3,1,6,2,53,8,1242,1,4,3,1,3
2018051800128,2,3,0,18,0,8,0,0,0,0,1,1,6,1,31,6,124,1,6,1,1,1
2018051800129,1,9,0,18,0,2,0,0,0,0,1,1,6,1,55,8,1598,1,10,1,1,1
2018051800130,1,1,0,18,0,1,0,0,0,0,4,1,2,1,54,8,-1,-1,-1,6,1,6
2018051800130,2,9,0,9,0,1,0,0,0,0,1,1,2,2,38,7,1896,2,16,1,1,1
2018051800131,1,9,0,18,0,8,0,0,0,0,4,1,6,1,26,6,-1,-1,-1,4,1,4
2018051800131,2,9,0,18,0,8,0,0,0,0,1,1,6,2,37,7,1596,1,9,8,1,8
2018051800132,1,9,0,9,0,8,0,0,0,0,1,2,1,2,57,9,1991,8,1,-1,1,-1
2018051800132,2,8,0,18,0,8,0,0,0,0,1,1,1,1,60,9,2402,2,12,5,1,5
2018051800133,1,9,0,3,0,1,0,0,0,0,2,1,1,2,28,6,1560,2,2,-1,-1,-1
2018051800133,2,9,0,18,0,1,1,0,0,0,1,1,6,1,60,9,1998,1,11,2,1,2
2018051800134,1,9,0,9,0,2,0,0,0,0,1,1,2,1,35,6,1360,1,9,1,1,1
2018051800135,1,9,0,9,0,1,0,0,0,0,1,1,6,1,62,9,1200,1,8,1,1,1
2018051800135,2,5,0,18,0,1,0,0,0,0,1,1,6,1,31,6,321,1,1,2,1,2
2018051800136,1,9,0,9,0,8,0,0,0,0,1,1,6,2,53,8,2183,2,7,8,1,8
2018051800136,2,9,0,18,0,8,0,0,0,0,1,1,6,1,42,7,1198,1,1,1,1,1
2018051800137,1,9,0,18,0,1,0,0,0,0,1,1,2,2,28,6,2191,2,2,3,1,3
2018051800137,2,90,0,18,0,1,0,0,0,0,2,2,1,1,50,8,5480,2,13,-1,-1,-1
2018051800139,1,9,0,9,0,1,0,0,0,0,1,1,6,2,33,6,1461,2,4,3,1,3
2018051800141,1,19,0,9,0,5,0,0,0,0,1,1,6,1,52,8,1995,2,6,1,1,1
2018051800143,1,19,0,10,0,1,0,0,0,0,1,1,6,1,56,9,1753,2,12,1,1,1
2018051800143,2,19,0,10,0,1,0,0,0,0,2,1,1,1,46,8,1560,2,3,1,1,1
2018051800144,1,90,0,1,0,0,0,0,0,0,2,1,6,3,-1,-1,-1,-1,-1,-1,-1,-1
2018051800144,2,9,0,2,0,0,0,0,0,0,1,1,1,1,38,7,1560,2,1,-1,-1,-1
2018051800145,1,9,0,10,0,6,0,0,0,0,1,1,6,1,27,6,1995,2,8,1,1,1
2018051800147,1,9,0,-1,0,3,-1,0,0,0,4,1,6,3,-1,-1,-1,-1,-1,-1,-1,-1
2018051800147,2,9,0,-1,0,3,0,0,0,0,3,1,2,1,-1,-1,1798,1,12,-1,-1,-1
2018051800149,1,8,0,14,0,0,0,0,0,0,3,1,1,1,37,7,1560,2,6,1,1,1
2018051800150,1,8,0,7,0,6,0,0,0,0,1,1,1,1,-1,-1,-1,-1,-1,-1,-1,-1
2018051800153,1,1,0,18,0,0,0,0,0,0,0,1,6,1,55,8,-1,-1,-1,10,1,10
2018051800154,1,9,0,5,0,6,0,0,0,0,1,1,6,1,26,6,1242,1,10,1,1,1
2018051800154,2,9,0,18,0,8,1,0,0,0,4,1,6,1,70,10,1596,1,13,1,1,1
2018051800156,1,2,0,18,0,0,0,0,0,0,1,1,6,1,27,6,-1,-1,-1,-1,-1,-1
2018051800156,2,19,0,18,0,0,0,0,0,0,1,1,1,1,35,6,1560,2,2,3,1,3
2018051800157,1,9,0,18,0,0,1,0,0,0,1,1,6,2,21,5,1242,1,5,6,3,6
2018051800160,1,9,0,18,0,0,1,0,0,0,4,1,6,2,65,9,1997,2,4,9,1,9
2018051800160,2,9,0,18,0,0,0,0,0,0,1,1,6,1,26,6,1388,1,13,2,1,2
2018051800162,1,19,0,9,0,8,0,0,0,0,1,1,1,1,48,8,1560,2,4,7,1,7
2018051800162,2,3,0,18,0,1,0,0,0,0,1,1,2,1,29,6,125,1,6,6,1,6
2018051800164,1,9,0,16,0,0,1,0,4,6,3,1,6,2,51,8,875,1,6,5,2,5
2018051800165,1,9,0,18,0,0,0,0,0,0,1,1,6,1,22,5,-1,-1,-1,5,1,5
2018051800165,2,9,0,18,0,0,0,0,1,0,1,1,6,1,52,8,1596,1,10,4,1,4
2018051800166,1,9,0,17,0,0,1,0,1,11,1,1,6,2,69,10,1329,1,6,1,1,1
2018051800167,1,9,0,18,0,2,1,0,1,11,1,1,6,1,31,6,4395,1,4,2,1,2
2018051800167,2,9,0,2,0,1,0,4,0,0,2,1,6,3,-1,-1,1399,1,12,-1,-1,-1
2018051800167,3,9,0,2,0,2,1,0,0,0,4,1,6,3,-1,-1,1329,1,3,-1,-1,-1
2018051800167,4,9,0,2,0,1,0,0,0,0,4,1,6,3,-1,-1,1598,1,11,-1,-1,-1
2018051800167,5,9,0,2,0,1,0,0,0,0,3,1,6,3,-1,-1,1995,2,1,-1,-1,-1
2018051800167,6,9,0,2,0,1,0,0,0,0,1,1,6,3,-1,-1,1499,2,1,-1,-1,-1
2018051800167,7,9,0,2,0,1,0,0,0,0,4,1,6,3,-1,-1,2987,2,7,-1,-1,-1
2018051800168,1,9,0,3,0,1,0,0,0,0,1,1,6,2,28,6,1329,1,6,5,1,5
2018051800168,2,9,0,3,0,1,0,0,0,0,2,1,6,1,56,9,1598,2,2,3,1,3
2018051800169,1,11,0,18,0,0,0,0,0,0,1,1,1,1,30,6,6696,2,3,2,1,2
2018051800170,1,9,0,18,0,0,0,0,0,0,3,1,6,2,43,7,1997,1,12,1,1,1
2018051800171,1,9,0,18,0,0,0,0,0,0,4,1,6,1,33,6,1995,2,6,6,1,6
2018051800173,1,9,0,9,0,8,0,0,0,0,1,1,6,1,46,8,1086,1,12,2,1,2
2018051800173,2,4,0,18,0,8,0,0,0,0,1,1,6,1,25,5,123,1,2,1,1,1
2018051800176,1,9,0,18,0,1,0,0,0,0,1,1,6,1,28,6,1995,2,11,10,1,10
2018051800176,2,1,0,18,0,1,0,0,0,0,4,1,2,1,23,5,-1,-1,-1,1,1,1
2018051800178,1,9,0,18,0,0,0,0,0,0,1,1,2,2,47,8,1598,1,10,3,1,3
2018051800178,2,9,0,18,0,0,0,0,0,0,1,1,6,2,47,8,1497,8,5,5,1,5
2018051800179,1,9,0,7,0,2,0,0,0,0,3,1,3,2,52,8,1461,2,12,3,1,3
2018051800179,2,1,0,18,0,1,0,0,0,0,1,1,1,1,45,7,-1,-1,-1,5,1,5
2018051800181,1,9,0,7,0,8,0,0,0,0,1,1,6,1,29,6,1388,1,12,2,1,2
2018051800183,1,9,0,18,0,0,0,0,0,0,1,1,6,2,62,9,1299,1,12,1,1,1
2018051800184,1,9,0,17,0,8,1,0,2,3,1,1,6,1,23,5,1560,2,5,1,1,1
2018051800185,1,1,0,18,0,0,0,0,0,0,3,1,3,1,12,3,-1,-1,-1,7,1,7
2018051800185,2,9,0,1,0,0,0,0,0,0,2,1,3,1,51,8,2987,2,6,9,1,9
2018051800186,1,19,0,11,0,8,0,0,0,0,4,1,6,3,-1,-1,-1,-1,-1,-1,-1,-1
2018051800186,2,1,0,18,0,8,0,0,0,0,3,1,2,1,41,7,-1,-1,-1,1,1,1
2018051800187,1,1,0,18,0,0,0,0,0,0,3,1,4,2,7,2,-1,-1,-1,1,1,1
2018051800187,2,11,0,18,0,0,0,0,0,0,1,1,1,1,27,6,6696,2,3,2,1,2
2018051800189,1,3,0,18,0,1,1,0,0,0,1,1,2,1,23,5,125,1,4,2,1,2
2018051800189,2,9,0,18,0,1,0,0,0,0,1,1,2,3,-1,-1,1968,2,4,-1,-1,-1
2018051800191,1,9,0,9,0,5,0,0,0,0,1,1,2,2,42,7,1560,2,8,5,1,5
2018051800191,2,1,0,18,0,8,0,0,0,0,1,1,6,1,37,7,-1,-1,-1,2,1,2
2018051800192,1,9,0,12,0,0,0,0,4,6,3,1,6,1,53,8,996,1,7,1,1,1
2018051800192,2,19,0,18,0,0,0,0,0,0,4,1,1,1,26,6,1598,2,2,6,1,6
2018051800193,1,9,0,18,0,0,0,0,0,0,1,1,6,1,-1,-1,-1,-1,-1,-1,-1,-1
2018051800195,1,9,0,18,0,0,0,0,2,10,1,1,6,2,37,7,2000,2,13,4,1,4
2018051800195,2,9,0,1,0,0,0,0,0,0,1,1,6,1,23,5,1229,1,13,1,1,1
2018051800196,1,9,0,18,0,1,0,0,0,0,1,1,6,2,-1,-1,-1,-1,-1,-1,-1,-1
2018051800197,1,1,0,18,0,1,0,0,0,0,4,1,3,1,14,3,-1,-1,-1,1,1,1
2018051800197,2,9,0,5,0,6,0,0,0,0,1,1,2,2,25,5,995,1,12,1,1,1
2018051800198,1,9,0,18,0,0,0,0,0,0,1,1,6,2,34,6,1493,2,10,6,1,6
2018051800198,2,9,0,18,0,0,0,0,0,0,2,1,6,2,50,8,1398,1,4,1,1,1
2018051800199,1,9,0,18,0,0,1,0,7,0,1,1,6,1,30,6,1390,1,8,1,1,1
2018051800199,2,9,0,2,0,0,0,0,0,0,1,1,6,3,-1,-1,1968,2,8,-1,-1,-1
2018051800200,1,9,0,18,0,0,0,0,0,0,1,1,6,3,-1,-1,-1,-1,-1,-1,-1,-1
2018051800200,2,9,0,3,0,0,0,0,0,0,2,1,6,1,90,11,1061,1,13,10,1,10
2018051800201,1,9,0,18,0,0,0,0,0,0,1,1,1,1,-1,-1,2993,2,4,-1,-1,-1
2018051800201,2,9,0,1,0,0,0,0,0,0,2,1,6,3,-1,-1,-1,-1,-1,-1,-1,-1
2018051800203,1,5,0,17,0,1,0,0,0,0,1,1,6,1,24,5,798,1,4,1,1,1
2018051800205,1,9,0,1,0,1,0,0,0,0,2,1,6,1,52,8,1242,1,13,3,1,3
2018051800206,1,19,0,9,0,1,0,0,0,0,1,1,6,1,32,6,1995,2,6,1,1,1
2018051800206,2,9,0,18,0,1,0,0,1,1,1,1,6,1,27,6,1600,2,9,1,1,1
2018051800207,1,3,0,11,0,0,0,0,0,0,4,1,6,1,-1,-1,124,1,18,-1,-1,-1
2018051800207,2,3,0,4,0,0,0,0,0,0,3,1,6,1,58,9,107,1,4,2,1,2
2018051800210,1,9,0,9,0,2,0,0,0,0,1,1,6,1,-1,-1,1461,2,2,3,1,3
2018051800213,1,9,0,18,0,8,0,0,0,0,1,1,1,1,57,9,1753,2,10,7,1,7
2018051800213,2,9,0,18,0,8,0,0,0,0,3,1,6,1,38,7,1499,2,2,1,1,1
2018051800215,1,9,0,9,0,8,0,0,0,0,1,1,6,3,-1,-1,-1,-1,-1,-1,-1,-1
2018051800215,2,1,0,10,0,8,0,0,0,0,1,1,6,1,68,10,-1,-1,-1,1,1,1
2018051800217,1,9,0,18,0,1,0,0,0,0,1,1,6,2,54,8,1499,1,2,5,1,5
2018051800217,2,9,0,12,0,1,0,0,0,0,3,1,6,2,-1,-1,999,1,1,-1,-1,-1
2018051800218,1,1,0,18,0,0,0,0,0,0,3,1,2,2,28,6,-1,-1,-1,1,1,1
2018051800219,1,9,0,5,0,6,0,0,0,0,1,1,6,2,39,7,1685,2,3,8,1,8
2018051800219,2,1,0,18,0,8,0,0,0,0,4,1,2,2,45,7,-1,-1,-1,6,1,6
2018051800220,1,9,0,18,0,0,0,0,1,4,1,1,6,1,32,6,2499,2,16,2,1,2
2018051800221,1,9,0,18,0,1,0,0,0,0,1,1,6,3,-1,-1,-1,-1,-1,-1,-1,-1
2018051800221,2,1,0,18,0,1,0,0,0,0,3,1,6,1,11,3,-1,-1,-1,7,1,7
2018051800224,1,9,0,13,0,0,0,0,0,0,1,1,6,1,17,4,-1,-1,-1,1,1,1
2018051800224,2,9,0,18,0,0,0,0,0,0,2,1,1,1,59,9,1560,2,5,1,1,1
2018051800225,1,9,0,4,0,0,0,0,0,0,1,1,1,1,29,6,2993,2,1,-1,-1,-1
2018051800225,2,9,0,2,0,0,0,0,0,0,1,1,1,1,30,6,2400,2,4,-1,-1,-1
2018051800225,3,9,0,1,0,0,0,0,0,0,2,1,6,3,-1,-1,-1,-1,-1,-1,-1,-1
2018051800225,4,9,0,18,0,0,0,0,0,0,4,1,6,2,29,6,1396,1,1,1,1,1
2018051800227,1,9,0,9,0,5,0,0,0,0,1,1,6,2,18,4,1242,1,8,8,1,8
2018051800228,1,8,0,18,0,8,0,0,0,0,3,1,3,1,40,7,2231,2,5,8,1,8
2018051800228,2,19,0,18,0,8,0,0,0,0,1,1,1,1,50,8,1560,2,2,1,1,1
2018051800231,1,11,0,9,0,1,0,0,0,0,1,1,1,1,-1,-1,6696,2,4,1,1,1
2018051800232,1,3,0,18,0,0,0,0,0,0,1,1,6,1,17,4,124,1,10,3,1,3
2018051800232,2,2,0,16,0,0,0,0,0,0,3,1,6,1,18,4,49,1,2,1,1,1
2018051800234,1,9,0,5,0,6,1,0,0,0,3,1,2,2,29,6,1497,8,1,2,1,2
2018051800234,2,9,0,18,0,1,0,0,0,0,1,1,2,3,-1,-1,-1,-1,-1,-1,-1,-1
2018051800236,1,9,0,9,0,8,0,0,0,0,3,1,6,2,22,5,1229,1,10,7,1,7
2018051800236,2,9,0,9,0,8,0,0,0,0,1,1,6,2,69,10,1242,1,9,4,1,4
2018051800237,1,9,0,9,0,8,0,0,0,0,1,1,2,2,33,6,998,1,5,2,1,2
2018051800237,2,3,0,18,0,8,0,0,0,0,4,1,2,1,44,7,124,1,2,1,1,1
2018051800238,1,9,0,7,0,6,0,0,0,0,2,1,6,1,26,6,1149,1,12,1,1,1
2018051800238,2,9,0,18,0,8,0,0,0,0,1,1,6,1,36,7,1799,1,12,2,1,2
2018051800238,3,9,0,18,0,8,0,0,0,0,1,1,2,2,30,6,1596,1,10,2,1,2
2018051800239,1,9,0,18,0,0,0,0,0,0,-1,1,6,2,27,6,-1,-1,-1,5,1,5
2018051800240,1,9,0,10,0,1,0,0,0,0,2,1,2,2,21,5,1499,1,10,6,1,6
2018051800240,2,9,0,10,0,1,0,0,0,0,1,1,6,1,-1,-1,-1,-1,-1,-1,-1,-1
2018051800241,1,9,0,4,0,1,1,0,0,0,1,1,2,1,38,7,1560,2,14,2,1,2
2018051800241,2,9,0,3,0,1,0,0,0,0,2,1,6,2,28,6,1598,2,2,1,1,1
2018051800242,1,9,0,9,0,5,0,0,0,0,1,1,2,2,59,9,1598,1,8,3,1,3
2018051800243,1,9,0,18,0,8,0,0,0,0,4,1,1,2,36,7,2993,2,6,-1,-1,-1
2018051800243,2,9,0,9,0,5,0,0,0,0,3,1,6,2,80,11,1388,1,8,10,1,10
2018051800244,1,11,0,18,0,8,0,0,0,0,1,1,1,1,41,7,3900,2,13,8,1,8
2018051800244,2,9,0,3,0,8,0,0,0,0,2,1,6,1,31,6,1198,1,3,1,1,1
2018051800244,3,9,0,3,0,8,0,0,0,0,2,1,6,1,26,6,1968,2,7,6,1,6
2018051800245,1,9,0,18,0,0,0,0,0,0,1,1,6,2,-1,-1,-1,-1,-1,-1,-1,-1
2018051800248,1,9,0,7,0,1,0,0,0,0,1,1,6,1,20,4,1560,2,7,8,1,8
2018051800249,1,9,0,16,0,0,1,0,0,0,1,1,6,1,50,8,1229,1,11,5,1,5
2018051800249,2,9,0,3,0,0,0,0,0,0,2,1,6,2,52,8,1461,2,8,1,1,1
2018051800250,1,19,0,18,0,0,0,0,0,0,1,1,6,1,37,7,1753,2,11,1,1,1
2018051800251,1,9,0,14,0,0,1,0,0,0,4,1,6,2,72,10,1198,1,9,9,1,9
2018051800251,2,19,0,2,0,0,0,0,0,0,3,1,1,3,-1,-1,2198,2,5,-1,-1,-1
2018051800251,3,19,0,2,0,0,0,0,0,0,2,1,1,3,-1,-1,1248,2,3,-1,-1,-1
2018051800252,1,1,0,18,0,1,0,0,0,0,1,1,6,1,23,5,-1,-1,-1,1,1,1
2018051800252,2,9,0,9,0,1,0,0,0,0,2,2,2,1,64,9,1587,1,11,2,1,2
2018051800253,1,9,0,7,0,4,0,0,0,0,3,1,6,1,43,7,998,1,5,4,1,4
2018051800253,2,9,0,18,0,8,0,0,0,0,4,1,6,1,61,9,1248,1,9,1,1,1
2018051800254,1,9,0,18,0,1,0,0,4,6,1,1,6,1,40,7,1598,1,12,5,1,5
2018051800254,2,9,0,18,0,1,0,0,0,0,4,1,6,1,28,6,1968,2,2,8,2,8
2018051800257,1,9,0,18,0,0,1,0,1,11,1,1,6,1,26,6,1560,2,6,-1,-1,-1
2018051800258,1,9,0,9,0,1,0,0,0,0,1,1,6,2,36,7,1242,1,2,2,1,2
2018051800258,2,9,0,18,0,1,0,0,0,0,1,1,2,1,30,6,1390,1,10,1,1,1
2018051800259,1,9,0,9,0,4,0,0,0,0,1,1,6,2,40,7,1149,1,9,3,1,3
2018051800259,2,9,0,18,0,8,0,0,0,0,1,1,1,1,30,6,2000,1,12,4,1,4
2018051800260,1,9,0,9,0,8,0,0,0,0,1,1,6,1,22,5,-1,-1,-1,6,1,6
2018051800261,1,9,0,1,0,0,0,0,0,0,2,1,6,1,60,9,1461,2,1,1,1,1
2018051800261,2,9,0,1,0,0,0,0,0,0,3,1,6,1,45,7,1499,2,3,-1,-1,-1
2018051800262,1,9,0,18,0,8,0,0,0,0,1,1,6,1,38,7,1988,2,14,5,1,5
2018051800262,2,9,0,18,0,8,0,0,0,0,4,1,6,2,51,8,1596,1,14,8,1,8
2018051800263,1,1,0,18,0,1,0,0,0,0,4,1,6,1,49,8,-1,-1,-1,1,1,1
2018051800263,2,9,0,5,0,6,0,0,0,0,1,1,2,2,67,10,995,1,7,5,1,5
2018051800264,1,9,0,6,0,0,0,4,7,10,1,1,6,2,40,7,998,1,1,1,1,1
2018051800264,2,8,0,2,0,0,0,0,0,0,3,1,1,1,67,10,2499,2,11,1,1,1
2018051800267,1,9,0,4,0,0,0,0,0,0,1,1,2,2,60,9,999,1,2,1,1,1
2018051800267,2,11,0,3,0,0,0,0,0,0,0,1,1,1,-1,-1,-1,-1,-1,-1,-1,-1
2018051800268,1,9,0,5,0,4,0,0,0,0,1,1,6,1,63,9,1598,1,12,5,1,5
2018051800269,1,9,0,18,0,0,0,0,0,0,1,1,6,1,35,6,-1,-1,-1,3,1,3
2018051800270,1,9,0,18,0,0,0,0,0,0,1,1,6,1,51,8,1596,1,2,1,1,1
2018051800274,1,9,0,9,0,6,0,0,0,0,2,1,6,2,28,6,1198,1,2,4,1,4
2018051800274,2,9,0,18,0,1,0,0,0,0,1,1,6,1,84,11,1149,1,6,4,1,4
2018051800276,1,9,0,16,0,0,0,4,0,0,3,1,6,3,-1,-1,-1,-1,-1,-1,-1,-1
2018051800276,2,9,0,2,0,0,0,0,0,0,3,1,6,3,-1,-1,1339,1,3,-1,-1,-1
2018051800276,3,9,0,17,0,0,0,0,0,0,1,1,6,2,72,10,1596,1,2,1,1,1
2018051800277,1,1,0,18,0,1,0,0,0,0,0,1,6,1,38,7,-1,-1,-1,6,1,6
2018051800277,2,8,0,5,0,6,0,0,0,0,3,1,1,1,53,8,1997,2,8,1,1,1
2018051800278,1,9,0,12,0,3,1,0,0,0,4,1,6,1,27,6,2231,2,12,2,1,2
2018051800278,2,9,0,18,0,3,1,0,0,0,3,1,6,1,38,7,-1,-1,-1,1,1,1
2018051800280,1,9,0,18,0,0,0,0,0,0,1,1,2,1,30,6,1598,1,9,1,1,1
2018051800281,1,9,0,18,0,1,0,0,0,0,3,1,2,1,36,7,1598,2,2,2,1,2
2018051800282,1,9,0,9,0,1,0,0,0,0,1,1,6,1,-1,-1,-1,-1,-1,-1,-1,-1
2018051800283,1,9,0,7,0,8,0,0,0,0,1,1,1,2,23,5,1200,1,2,4,1,4
2018051800284,1,9,0,18,0,8,0,0,0,0,1,1,2,1,48,8,1796,1,10,1,1,1
2018051800285,1,9,0,18,0,0,0,0,0,0,1,1,6,2,19,4,1396,1,15,5,1,5
2018051800286,1,9,0,18,0,0,0,0,0,0,1,1,6,2,30,6,2000,1,12,5,1,5
2018051800286,2,9,0,18,0,0,0,0,0,0,2,1,1,1,26,6,1499,2,1,1,1,1
2018051800288,1,9,0,18,0,8,0,0,0,0,3,1,2,1,42,7,998,1,14,2,1,2
2018051800288,2,9,0,18,0,8,0,0,0,0,1,1,2,2,42,7,1598,1,4,1,1,1
2018051800290,1,9,0,10,0,8,0,0,0,0,1,1,6,1,59,9,1461,2,10,1,1,1
2018051800290,2,17,0,16,0,1,0,0,0,0,3,1,1,1,50,8,4400,2,4,2,1,2
2018051800290,3,8,0,9,0,1,0,0,0,0,4,1,2,1,65,9,2664,2,20,3,1,3
2018051800291,1,9,0,18,0,0,0,0,0,0,1,1,6,2,64,9,1339,1,9,9,2,9
2018051800291,2,9,0,18,0,0,0,0,0,0,1,1,1,1,51,8,-1,-1,-1,9,1,9
2018051800292,1,19,0,18,0,0,0,0,0,0,4,1,1,1,31,6,2464,2,10,1,1,1
2018051800292,2,21,0,18,0,0,0,0,0,0,3,1,1,1,47,8,12809,2,2,5,1,5
2018051800292,3,9,0,18,0,0,0,0,0,0,2,1,6,1,70,10,1339,1,13,4,1,4
2018051800293,1,9,0,18,0,6,0,0,0,0,3,1,2,2,22,5,1197,1,1,3,1,3
2018051800293,2,3,0,18,0,8,1,0,0,0,1,1,2,1,24,5,124,1,3,1,1,1
2018051800294,1,9,0,4,0,1,0,0,0,0,1,1,6,1,40,7,-1,-1,-1,3,1,3
2018051800294,2,9,0,3,0,1,0,0,0,0,2,1,2,2,53,8,1242,1,6,9,1,9
2018051800295,1,9,0,5,0,1,0,0,0,0,1,1,6,3,-1,-1,1368,1,2,-1,-1,-1
2018051800295,2,9,0,3,0,1,0,0,0,0,2,1,6,2,49,8,1910,2,10,1,1,1
2018051800301,1,1,0,18,0,0,0,0,0,0,1,1,2,1,34,6,-1,-1,-1,5,1,5
2018051800302,1,9,0,9,0,1,0,10,0,0,3,1,6,2,36,7,1968,2,7,6,2,6
2018051800302,2,19,0,9,0,1,0,0,0,0,3,1,1,1,-1,-1,-1,-1,-1,-1,-1,-1
2018051800304,1,9,0,17,0,6,0,0,0,0,1,1,2,1,46,8,1997,2,11,5,3,5
2018051800304,2,5,0,18,0,3,0,0,0,0,4,1,2,1,26,6,690,1,1,1,1,1
2018051800305,1,9,0,18,0,6,0,0,0,0,4,1,6,1,58,9,1968,2,3,2,1,2
2018051800305,2,9,0,18,0,8,0,0,0,0,1,1,6,1,45,7,1995,2,12,3,1,3
2018051800310,1,9,0,5,0,6,0,0,0,0,1,1,6,3,-1,-1,-1,-1,-1,-1,-1,-1
2018051800311,1,9,0,9,0,5,0,0,0,0,1,1,6,1,32,6,2179,2,6,3,1,3
2018051800313,1,9,0,18,0,0,0,0,0,0,1,1,6,2,-1,-1,-1,-1,-1,-1,-1,-1
2018051800314,1,9,0,9,0,8,0,0,0,0,4,1,6,1,52,8,1364,1,10,-1,2,-1
2018051800314,2,8,0,18,0,8,0,0,0,0,1,1,1,1,71,10,1598,2,7,6,1,6
2018051800317,1,9,0,18,0,0,0,0,0,0,3,1,1,1,28,6,1968,2,2,5,1,5
2018051800317,2,21,5,18,0,0,0,0,0,0,4,1,1,1,33,6,13000,2,2,10,1,10
2018051800319,1,9,0,18,0,8,0,0,0,0,1,1,1,1,64,9,1248,2,2,6,1,6
2018051800322,1,9,0,18,0,2,0,0,0,0,1,1,6,2,55,8,1399,1,1,6,2,6
2018051800323,1,9,0,18,0,0,0,0,0,0,1,1,2,2,53,8,1399,2,6,3,1,3
2018051800324,1,9,0,9,0,1,0,0,0,0,2,1,6,1,18,4,1198,1,4,6,1,6
2018051800324,2,9,0,18,0,1,0,0,0,0,1,1,6,3,-1,-1,-1,-1,-1,-1,-1,-1
2018051800326,1,9,0,9,0,6,0,0,0,0,3,1,3,2,66,10,1395,1,3,9,1,9
2018051800327,1,9,0,10,0,1,0,0,0,0,1,1,6,2,23,5,999,1,1,2,1,2
2018051800327,2,1,0,18,0,1,0,0,0,0,3,1,2,1,42,7,-1,-1,-1,1,1,1
2018051800329,1,9,0,18,0,0,0,0,0,0,1,1,6,1,73,10,2179,2,4,9,1,9
2018051800329,2,19,0,2,0,0,0,0,0,0,2,1,6,3,-1,-1,2143,2,5,-1,-1,-1