Accident_Index,Vehicle_Reference,Vehicle_Type,Towing_and_Articulation,Vehicle_Manoeuvre,Vehicle_Location-Restricted_Lane,Junction_Location,Skidding_and_Overturning,Hit_Object_in_Carriageway,Vehicle_Leaving_Carriageway,Hit_Object_off_Carriageway,1st_Point_of_Impact,Was_Vehicle_Left_Hand_Drive?,Journey_Purpose_of_Driver,Sex_of_Driver,Age_of_Driver,Age_Band_of_Driver,Engine_Capacity_(CC),Propulsion_Code,Age_of_Vehicle,Driver_IMD_Decile,Driver_Home_Area_Type,Vehicle_IMD_Decile
2018051800331,1,9,0,5,0,4,0,0,0,0,-1,1,6,3,-1,-1,-1,-1,-1,-1,-1,-1
2018051800334,1,9,0,1,0,0,0,0,0,0,2,1,6,1,28,6,-1,-1,-1,-1,-1,-1
2018051800334,2,1,0,1,0,0,0,0,0,0,1,1,2,1,38,7,-1,-1,-1,1,1,1
2018051800335,1,9,0,18,0,2,5,0,0,0,1,1,6,1,36,7,1364,1,12,4,1,4
2018051800335,2,19,0,18,0,2,0,0,0,0,1,1,6,2,71,10,1998,2,17,7,1,7
2018051800336,1,9,0,16,0,0,1,0,0,0,1,1,6,3,-1,-1,-1,-1,-1,-1,-1,-1
2018051800336,2,9,0,17,0,0,0,0,0,0,1,1,6,1,42,7,4999,1,1,9,1,9
2018051800337,1,9,0,18,0,0,5,0,0,0,1,1,1,1,24,5,1364,1,8,6,1,6
2018051800337,2,9,0,18,0,0,0,0,0,0,1,1,6,1,38,7,1997,2,8,1,1,1
2018051800338,1,19,0,9,0,5,0,0,0,0,1,1,2,1,31,6,1499,2,1,1,1,1
2018051800339,1,9,0,18,0,8,0,0,0,0,1,1,6,3,-1,-1,-1,-1,-1,-1,-1,-1
2018051800339,2,9,0,18,0,6,0,0,0,0,1,1,6,1,22,5,1242,1,4,1,1,1
2018051800340,1,9,0,18,0,1,0,0,0,0,1,1,1,2,49,8,998,1,3,1,1,1
2018051800341,1,9,0,18,0,8,0,0,0,0,1,1,6,2,21,5,998,1,17,9,1,9
2018051800341,2,9,0,18,0,8,0,0,0,0,1,1,6,1,58,9,1796,1,18,5,1,5
2018051800342,1,11,0,18,0,1,0,0,0,0,1,1,1,1,45,7,6696,2,3,3,1,3
2018051800344,1,9,0,18,0,8,0,0,0,0,1,1,6,1,55,8,1999,1,8,2,1,2
2018051800345,1,9,0,18,0,8,0,0,0,0,1,1,2,1,38,7,2143,2,7,8,1,8
2018051800345,2,9,0,18,0,8,5,0,7,1,4,1,6,2,50,8,998,1,1,2,1,2
2018051800346,1,9,0,18,0,0,0,0,0,0,1,1,6,1,51,8,1968,2,10,6,1,6
2018051800346,2,9,0,18,0,0,0,0,0,0,2,1,6,2,50,8,1796,1,12,5,1,5
2018051800346,3,9,0,18,0,0,0,0,0,0,2,1,6,1,60,9,998,1,2,2,1,2
2018051800347,1,5,0,18,0,0,0,0,0,0,1,1,2,1,23,5,649,1,9,4,1,4
2018051800347,2,9,0,18,0,0,0,0,0,0,2,1,2,2,28,6,1968,2,1,9,1,9
2018051800351,1,9,0,18,0,1,0,0,0,0,1,1,1,1,59,9,5934,2,8,2,1,2
2018051800351,2,19,0,3,0,1,0,0,0,0,2,1,1,1,57,9,1461,2,2,1,1,1
2018051800353,1,9,0,18,0,0,0,0,0,0,4,1,6,3,-1,-1,-1,-1,-1,-1,-1,-1
2018051800355,1,9,0,7,0,6,0,0,0,0,1,1,1,1,43,7,1794,1,10,4,1,4
2018051800355,2,9,0,4,0,1,0,0,0,0,1,1,1,2,45,7,1968,2,4,2,1,2
2018051800355,3,9,0,3,0,1,0,0,0,0,2,1,6,2,36,7,999,1,1,-1,-1,-1
2018051800358,1,9,0,18,0,8,0,0,0,0,1,1,1,1,-1,-1,1582,2,3,-1,-1,-1
2018051800358,2,9,0,18,0,8,0,0,0,0,1,1,6,2,79,11,1386,1,15,1,1,1
2018051800359,1,9,0,4,0,1,0,0,0,0,1,1,6,1,-1,-1,2495,2,15,-1,-1,-1
2018051800359,2,9,0,3,0,1,0,0,0,0,2,1,6,1,41,7,1242,1,17,1,1,1
2018051800360,1,9,0,1,0,0,0,0,0,0,2,1,6,1,43,7,1149,1,18,1,1,1
2018051800360,2,9,0,2,0,0,0,0,0,0,1,1,6,2,42,7,1360,1,10,1,1,1
2018051800361,1,19,0,9,0,1,0,0,0,0,4,1,1,1,23,5,2143,2,4,9,1,9
2018051800361,2,9,0,18,0,1,0,0,0,0,1,1,2,2,37,7,1997,2,12,9,1,9
2018051800362,1,9,-1,18,0,0,0,0,0,0,4,-1,6,3,-1,-1,-1,-1,-1,-1,-1,-1
2018051800366,1,19,0,18,0,0,0,0,0,0,1,1,6,3,-1,-1,-1,-1,-1,-1,-1,-1
2018051800366,2,9,0,3,0,0,0,0,0,0,2,1,6,1,49,8,2184,2,14,3,1,3
2018051800367,1,9,0,18,0,1,0,0,0,0,1,1,6,1,30,6,2000,2,13,4,1,4
2018051800367,2,9,0,10,0,1,0,0,0,0,1,1,6,2,19,4,1398,1,1,1,1,1
2018051800369,1,9,0,18,0,0,0,0,0,0,4,1,6,2,28,6,1198,1,3,5,1,5
2018051800370,1,9,0,18,0,0,0,0,0,0,1,1,6,1,50,8,1499,1,4,8,1,8
2018051800371,1,9,0,9,0,8,0,0,0,0,4,1,6,2,74,10,1240,1,14,7,1,7
2018051800371,2,9,0,18,0,8,0,0,0,0,1,1,6,1,60,9,1398,2,8,5,1,5
2018051800373,1,9,0,9,0,8,0,0,0,0,3,1,6,2,28,6,1997,2,10,5,1,5
2018051800373,2,9,0,16,0,1,0,0,0,0,1,1,6,1,45,7,1582,2,2,1,1,1
2018051800374,1,9,0,18,0,8,0,0,1,0,1,1,6,2,35,6,1229,1,6,4,1,4
2018051800374,2,9,0,18,0,8,0,0,0,0,4,1,6,1,56,9,1685,2,3,8,3,8
2018051800374,3,19,0,18,0,8,0,0,0,0,1,1,1,1,54,8,1598,2,2,2,1,2
2018051800375,1,9,0,9,0,8,0,0,0,0,1,1,6,1,31,6,1598,1,18,7,1,7
2018051800375,2,1,0,18,0,8,0,0,0,0,4,1,6,1,45,7,-1,-1,-1,6,1,6
2018051800376,1,9,0,18,0,8,0,0,0,0,4,1,6,1,-1,-1,-1,-1,-1,-1,-1,-1
2018051800379,1,8,0,18,0,0,0,0,0,0,1,1,1,1,-1,-1,-1,-1,-1,-1,-1,-1
2018051800380,1,19,0,18,0,0,0,0,0,0,3,1,6,3,-1,-1,-1,-1,-1,-1,-1,-1
2018051800380,2,9,0,18,0,0,0,0,1,11,3,1,6,3,-1,-1,-1,-1,-1,-1,-1,-1
2018051800381,1,9,0,18,0,0,0,0,0,0,4,1,6,2,56,9,999,1,3,7,1,7
2018051800382,1,9,0,10,0,8,0,0,0,0,1,1,6,1,18,4,1364,1,11,2,1,2
2018051800382,2,9,0,18,0,8,0,0,0,0,1,1,6,1,18,4,1598,2,1,2,1,2
2018051800383,1,9,0,18,0,1,0,0,0,0,1,1,6,1,35,6,1686,2,5,1,1,1
2018051800383,2,9,0,3,0,1,0,0,0,0,2,1,6,1,48,8,1686,2,4,6,1,6
2018051800383,3,9,0,3,0,1,0,0,0,0,2,1,6,1,74,10,1499,1,1,6,1,6
2018051800384,1,9,0,9,0,8,0,0,0,0,1,1,6,2,54,8,1398,1,4,8,1,8
2018051800384,2,3,0,9,0,8,0,0,0,0,3,1,6,1,29,6,124,2,10,1,1,1
2018051800385,1,9,0,18,0,0,0,0,0,0,1,1,6,2,65,9,1496,1,3,8,1,8
2018051800385,2,9,0,18,0,0,0,0,0,0,2,1,6,2,35,6,1956,2,3,10,1,10
2018051800386,1,9,0,2,0,0,0,0,0,0,3,1,6,1,50,8,1896,2,10,1,1,1
2018051800386,2,1,0,18,0,0,0,0,0,0,4,1,6,2,19,4,-1,-1,-1,2,1,2
2018051800387,1,9,0,9,0,8,0,0,0,0,4,1,6,2,20,4,1368,1,7,7,1,7
2018051800387,2,9,0,18,0,8,0,0,0,0,1,1,6,1,53,8,1968,2,1,7,1,7
2018051800388,1,9,0,9,0,8,0,0,0,0,1,1,6,1,34,6,1600,1,9,7,1,7
2018051800388,2,9,0,18,0,8,0,0,0,0,1,1,6,2,34,6,1229,1,11,1,1,1
2018051800389,1,9,0,5,0,8,0,0,0,0,1,1,6,3,-1,-1,-1,-1,-1,-1,-1,-1
2018051800389,2,9,0,9,0,8,0,0,0,0,4,1,2,1,19,4,1360,1,11,6,1,6
2018051800389,3,9,0,3,0,1,0,0,0,0,3,1,2,1,60,9,2946,1,17,8,2,8
2018051800392,1,11,0,18,0,1,0,0,0,0,4,1,1,1,47,8,6700,2,8,7,1,7
2018051800392,2,19,0,2,0,1,0,0,0,0,0,1,6,3,-1,-1,2198,2,3,-1,-1,-1
2018051800393,1,9,0,4,0,1,0,4,0,0,1,1,6,1,23,5,2148,2,11,1,1,1
2018051800393,2,9,0,3,0,1,0,0,0,0,2,1,6,1,43,7,998,1,14,1,1,1
2018051800394,1,9,0,16,0,0,1,0,8,10,1,1,6,3,-1,-1,1560,2,13,-1,-1,-1
2018051800394,2,9,0,2,0,0,0,0,0,0,1,1,6,2,52,8,1461,2,6,1,1,1
2018051800395,1,9,0,9,0,8,0,0,0,0,1,1,6,1,22,5,1398,1,8,1,1,1
2018051800396,1,9,0,18,0,0,0,0,0,0,1,1,6,3,-1,-1,-1,-1,-1,-1,-1,-1
2018051800396,2,5,0,18,0,0,0,0,0,0,2,1,6,1,20,4,-1,-1,-1,1,1,1
2018051800396,3,9,0,2,0,0,0,0,0,0,2,1,6,3,-1,-1,1995,2,5,-1,-1,-1
2018051800397,1,9,0,18,0,0,0,0,0,0,1,1,6,2,88,11,998,1,16,5,1,5
2018051800397,2,11,0,18,0,0,0,0,0,0,4,1,1,1,59,9,6700,2,8,4,1,4
2018051800400,1,9,0,4,0,0,0,0,0,0,1,1,2,1,31,6,1796,1,8,4,1,4
2018051800400,2,9,0,3,0,0,0,0,0,0,2,1,2,2,25,5,1995,2,3,9,1,9
2018051800401,1,9,0,16,0,0,0,0,0,0,0,1,6,2,-1,-1,-1,-1,-1,-1,-1,-1
2018051800401,2,1,0,18,0,0,0,0,0,0,1,1,6,1,8,2,-1,-1,-1,10,1,10
2018051800402,1,9,0,18,0,1,0,0,0,0,1,1,6,3,-1,-1,-1,-1,-1,-1,-1,-1
2018051800402,2,9,0,3,0,1,0,0,0,0,2,1,2,1,41,7,1242,1,7,1,1,1
2018051800403,1,9,0,10,0,8,0,0,0,0,1,1,2,2,-1,-1,1229,1,8,1,1,1
2018051800403,2,3,0,18,0,8,0,0,0,0,1,1,2,1,48,8,125,1,16,1,1,1
2018051800404,1,9,0,18,0,0,0,0,0,0,1,1,6,3,-1,-1,-1,-1,-1,-1,-1,-1
2018051800405,1,9,0,15,0,0,0,6,7,4,1,1,6,1,89,11,1984,1,24,7,3,7
2018051800405,2,17,4,18,0,0,0,0,0,0,0,1,1,1,57,9,-1,2,21,6,3,6
2018051800406,1,9,0,18,0,1,0,0,0,0,4,1,1,1,72,10,2143,2,4,5,1,5
2018051800407,1,19,0,1,0,0,0,0,0,0,2,2,1,1,54,8,1560,2,3,7,1,7
2018051800408,1,3,0,18,0,0,1,0,0,0,1,1,6,1,27,6,125,1,1,1,1,1
2018051800409,1,9,0,18,0,0,0,0,0,0,1,1,1,1,29,6,2400,2,7,1,1,1
2018051800409,2,9,0,18,0,0,0,0,0,0,4,1,6,1,-1,-1,1984,1,4,-1,-1,-1
2018051800411,1,3,0,18,0,1,0,0,0,0,1,1,1,1,55,8,125,1,3,6,1,6
2018051800411,2,9,0,9,0,1,0,0,0,0,2,1,1,2,44,7,998,1,4,3,1,3
2018051800413,1,3,0,14,0,1,1,0,0,0,1,1,6,1,20,4,124,1,3,1,1,1
2018051800413,2,9,0,9,0,1,0,0,0,0,1,1,6,2,60,9,1390,1,6,9,1,9
2018051800416,1,9,0,1,0,0,0,0,0,0,2,1,6,1,19,4,1200,1,3,2,1,2
2018051800417,1,9,0,4,0,8,0,0,0,0,1,1,1,1,41,7,2993,2,1,-1,-1,-1
2018051800417,2,19,0,1,0,8,0,0,0,0,1,1,6,3,-1,-1,-1,-1,-1,-1,-1,-1
2018051800418,1,9,0,18,0,1,0,0,0,0,1,1,1,3,-1,-1,2993,2,4,-1,-1,-1
2018051800418,2,9,0,18,0,1,0,0,0,0,1,1,1,1,32,6,2993,2,5,2,1,2
2018051800418,3,9,0,18,0,1,0,0,0,0,1,1,1,1,-1,-1,2993,2,1,-1,-1,-1
2018051800418,4,9,0,18,0,1,0,0,0,0,3,1,1,1,38,7,2993,2,6,2,1,2
2018051800418,5,19,0,6,0,1,0,0,1,0,1,1,6,1,23,5,2198,2,3,1,1,1
2018051800419,1,5,0,13,0,8,0,0,8,11,4,1,2,1,24,5,800,1,19,8,1,8
2018051800419,2,9,0,9,0,8,0,0,0,0,3,1,6,1,31,6,1598,2,1,1,1,1
2018051800419,3,9,0,2,0,1,0,0,0,0,1,1,6,3,-1,-1,1328,1,14,-1,-1,-1
2018051800420,1,9,0,9,0,1,0,0,0,0,3,1,1,1,69,10,1598,2,4,4,1,4
2018051800420,2,9,0,18,0,1,0,0,0,0,1,1,2,2,43,7,875,1,6,4,1,4
2018051800423,1,9,0,18,0,0,0,4,0,0,1,1,6,1,56,9,1560,2,3,2,1,2
2018051800423,2,9,0,2,0,0,0,0,0,0,3,1,6,3,-1,-1,1398,1,8,-1,-1,-1
2018051800423,3,9,0,2,0,0,0,4,0,0,1,1,6,3,-1,-1,1753,2,13,-1,-1,-1
2018051800423,4,9,0,2,0,0,0,4,0,0,1,1,6,3,-1,-1,1956,2,7,-1,-1,-1
2018051800425,1,9,0,5,0,8,0,0,0,0,1,1,6,2,31,6,1968,2,9,8,2,8
2018051800425,2,8,0,17,0,1,0,0,0,0,0,1,1,1,48,8,2402,2,13,2,1,2
2018051800426,1,9,0,9,0,8,0,0,0,0,4,1,6,2,26,6,1398,1,2,5,1,5
2018051800426,2,9,0,18,0,8,0,0,0,0,1,1,6,1,37,7,1560,2,5,1,1,1
2018051800428,1,9,0,4,0,0,0,0,0,0,2,1,6,2,33,6,999,1,2,5,1,5
2018051800428,2,9,0,4,0,0,0,0,0,0,1,1,6,2,50,8,-1,-1,-1,8,1,8
2018051800429,1,9,0,18,0,8,0,0,0,0,1,1,6,3,-1,-1,-1,-1,-1,-1,-1,-1
2018051800430,1,9,0,14,0,0,0,0,0,0,1,1,6,1,47,8,1997,2,7,1,1,1
2018051800431,1,9,0,9,0,5,0,0,0,0,1,2,6,1,57,9,-1,-1,-1,-1,-1,-1
2018051800431,2,19,0,18,0,8,0,0,0,0,1,1,6,1,31,6,1598,2,4,4,1,4
2018051800433,1,9,0,3,0,2,0,0,0,0,1,1,6,2,39,7,1596,1,12,6,1,6
2018051800433,2,9,0,3,0,2,0,0,0,0,2,1,6,1,74,10,1386,1,6,5,1,5
2018051800433,3,9,0,3,0,2,0,0,0,0,2,1,6,1,29,6,1969,2,4,6,1,6
2018051800434,1,9,0,18,0,8,0,0,0,0,1,1,6,1,20,4,1398,1,1,6,1,6
2018051800434,2,9,0,18,0,8,0,0,0,0,2,1,6,1,45,7,2143,2,5,7,1,7
2018051800435,1,19,0,18,0,7,0,0,0,0,3,1,6,1,35,6,1995,2,11,1,1,1
2018051800435,2,9,0,18,0,7,0,0,0,0,4,1,1,1,43,7,2993,2,1,1,1,1
2018051800435,3,9,0,18,0,7,0,0,0,0,4,1,1,1,49,8,2993,2,4,-1,-1,-1
2018051800435,4,9,0,18,0,7,0,0,0,0,1,1,1,1,33,6,-1,-1,-1,2,1,2
2018051800435,5,9,0,18,0,7,0,0,0,0,4,1,1,1,-1,-1,2993,2,1,-1,-1,-1
2018051800435,6,9,0,18,0,7,0,0,0,0,0,1,1,1,-1,-1,2993,2,2,7,1,7
2018051800436,1,9,0,9,0,5,0,0,0,0,1,1,2,1,51,8,1991,8,1,10,2,10
2018051800436,2,9,0,18,0,8,0,0,0,0,1,1,1,2,27,6,1388,1,16,7,3,7
2018051800437,1,8,0,9,0,1,0,0,0,0,4,1,1,1,43,7,2499,2,8,2,1,2
2018051800437,2,5,0,18,0,1,0,0,0,0,1,1,6,1,26,6,996,1,13,5,1,5
2018051800439,1,9,0,17,0,8,0,0,1,4,1,1,6,2,79,11,1199,1,15,5,2,5
2018051800440,1,9,0,13,0,1,0,0,0,0,4,1,6,3,-1,-1,-1,-1,-1,-1,-1,-1
2018051800440,2,2,0,3,0,1,0,0,0,0,3,1,6,1,32,6,124,1,8,4,1,4
2018051800441,1,5,0,18,0,0,1,0,0,0,3,1,6,1,50,8,1043,1,7,4,1,4
2018051800442,1,9,0,18,0,8,0,0,0,0,1,1,6,2,41,7,1587,1,10,3,1,3
2018051800442,2,9,0,18,0,8,0,0,0,0,1,1,6,1,64,9,1598,1,13,3,1,3
2018051800442,3,9,0,2,0,1,0,0,0,0,2,1,6,3,-1,-1,1229,1,11,-1,-1,-1
2018051800443,1,9,0,18,0,0,0,0,0,0,1,1,6,2,42,7,1360,1,16,3,1,3
2018051800444,1,9,0,4,0,0,0,0,0,0,1,1,6,1,84,11,1560,2,12,4,1,4
2018051800444,2,9,0,4,0,0,0,0,0,0,2,1,1,2,45,7,1390,1,14,9,1,9
2018051800445,1,9,0,9,0,5,0,0,0,0,4,1,6,1,75,10,1149,1,9,7,1,7
2018051800445,2,9,0,18,0,8,0,0,0,0,1,1,6,2,61,9,1591,1,2,8,1,8
2018051800446,1,8,0,4,0,0,0,0,0,0,0,1,1,1,43,7,1598,2,4,2,1,2
2018051800448,1,9,0,18,0,1,0,0,0,0,1,1,6,2,18,4,-1,-1,-1,5,1,5
2018051800448,2,9,0,18,0,1,0,0,0,0,2,1,6,2,37,7,1598,1,7,7,1,7
2018051800449,1,19,0,18,0,4,0,0,0,0,1,1,6,3,-1,-1,2143,2,6,-1,-1,-1
2018051800449,2,9,0,18,0,8,0,0,0,0,2,1,6,2,29,6,1598,1,8,5,1,5
2018051800450,1,3,0,18,0,8,1,0,0,0,1,1,6,1,52,8,124,1,2,1,1,1
2018051800450,2,9,0,5,0,6,0,0,0,0,4,1,2,1,35,6,1896,2,11,1,1,1
2018051800451,1,9,0,18,0,5,0,0,0,0,0,1,1,3,-1,-1,2993,2,1,-1,-1,-1
2018051800451,2,9,0,18,0,5,0,0,3,11,1,1,6,1,21,5,2261,1,12,2,1,2
2018051800452,1,9,0,9,0,4,0,0,0,0,3,1,6,2,22,5,1499,1,2,5,1,5
2018051800452,2,3,0,9,0,8,0,0,0,0,4,1,2,1,62,9,-1,-1,-1,1,1,1
2018051800453,1,9,0,18,0,0,0,0,5,6,3,1,6,2,42,7,998,1,2,1,1,1
2018051800454,1,9,0,18,0,0,0,0,0,0,1,1,2,2,27,6,1229,1,11,1,1,1
2018051800456,1,9,0,18,0,1,0,0,7,7,1,1,6,3,-1,-1,1591,1,1,-1,-1,-1
2018051800456,2,9,0,9,0,5,0,0,0,0,3,1,6,2,31,6,1242,1,6,1,1,1
2018051800461,1,9,0,7,0,5,0,0,0,0,4,1,6,1,53,8,2830,2,22,1,1,1
2018051800463,1,9,0,9,0,8,0,0,0,0,3,1,6,2,20,4,1229,1,11,1,1,1
2018051800463,2,9,0,9,0,8,0,0,0,0,3,1,6,1,30,6,999,1,4,-1,-1,-1
2018051800464,1,9,0,18,0,0,-1,0,0,0,4,1,2,2,57,9,1242,1,5,5,2,5
2018051800466,1,9,0,18,0,6,0,0,0,0,1,1,1,2,61,9,1796,1,11,2,1,2
2018051800466,2,19,5,18,0,8,0,0,0,0,1,1,1,1,58,9,1248,2,7,2,1,2
2018051800468,1,11,0,18,0,0,0,0,0,0,4,1,1,1,46,8,6700,2,9,1,1,1
2018051800471,1,9,0,18,0,2,0,0,1,11,1,1,3,2,33,6,2993,2,4,1,1,1
2018051800477,1,9,0,18,0,1,0,0,7,0,1,1,6,1,27,6,1242,1,7,3,1,3
2018051800478,1,9,0,13,0,0,0,0,0,0,4,1,6,3,-1,-1,-1,-1,-1,-1,-1,-1
2018051800478,2,1,0,18,0,0,0,0,1,0,3,1,2,1,36,7,-1,-1,-1,1,1,1
2018051800479,1,19,0,18,0,8,0,0,0,0,1,1,1,1,56,9,2143,2,7,5,3,5
2018051800480,1,9,0,5,0,0,0,0,0,0,0,1,6,1,69,10,1596,1,16,7,1,7
2018051800481,1,21,1,11,0,0,0,0,0,0,4,1,1,1,49,8,10308,2,7,2,1,2
2018051800481,2,9,0,18,0,0,0,0,6,0,3,1,6,2,36,7,1242,1,6,3,1,3
2018051800482,1,9,0,18,0,0,1,4,0,0,1,1,2,2,20,4,1242,1,4,1,1,1
2018051800482,2,8,0,2,0,0,0,0,0,0,2,1,1,1,35,6,1997,2,4,8,1,8
2018051800482,3,9,0,18,0,0,0,0,0,0,1,1,1,2,32,6,1560,2,6,1,1,1
2018051800483,1,9,0,18,0,0,0,4,1,0,1,1,6,1,84,11,1388,1,16,8,1,8
2018051800483,2,9,0,2,0,0,0,0,1,0,2,1,3,1,56,9,1799,1,12,1,1,1
2018051800485,1,8,0,18,0,6,0,0,0,0,0,1,2,1,32,6,1997,2,10,1,1,1
2018051800487,1,9,0,18,0,0,0,0,0,0,1,1,6,1,45,7,-1,-1,-1,3,1,3
2018051800487,2,9,0,18,0,0,0,0,0,0,1,1,6,2,38,7,1956,2,1,7,1,7
2018051800487,3,1,0,18,0,0,0,0,0,0,2,1,6,1,50,8,-1,-1,-1,1,1,1
2018051800491,1,9,0,18,0,0,0,0,0,0,1,1,6,3,-1,-1,-1,-1,-1,-1,-1,-1
2018051800491,2,11,0,18,0,0,0,0,0,0,2,1,1,2,43,7,4461,2,6,9,1,9
2018051800491,3,9,0,2,0,0,0,0,0,0,1,1,6,3,-1,-1,-1,-1,-1,-1,-1,-1
2018051800495,1,9,0,18,0,0,1,0,0,0,1,1,6,1,85,11,1248,1,6,4,1,4
2018051800495,2,9,0,18,0,0,0,0,0,0,1,1,6,1,49,8,1461,2,6,1,1,1
2018051800496,1,9,0,18,0,1,0,0,0,0,1,1,6,1,81,11,-1,-1,-1,7,1,7
2018051800497,1,9,0,18,0,0,0,0,0,0,1,1,6,3,-1,-1,-1,-1,-1,-1,-1,-1
2018051800498,1,19,0,10,0,1,0,0,0,0,1,1,1,1,54,8,1686,2,9,5,1,5
2018051800498,2,9,0,18,0,1,0,0,0,0,3,1,6,1,60,9,1360,1,14,1,1,1
2018051800498,3,9,0,2,0,1,0,0,0,0,1,1,6,3,-1,-1,1995,2,5,-1,-1,-1
2018051800499,1,9,0,18,0,8,0,0,0,0,1,1,6,1,41,7,1197,1,3,2,-1,2
2018051800499,2,9,0,18,0,8,0,0,7,11,4,1,6,1,43,7,1998,2,14,2,1,2
2018051800500,1,9,0,18,0,0,0,0,7,4,1,1,6,2,71,10,1596,1,2,9,1,9
2018051800501,1,9,0,18,0,8,0,0,0,0,1,1,6,1,33,6,1595,1,8,1,1,1
2018051800501,2,9,0,18,0,8,0,0,0,0,1,1,1,1,32,6,1560,2,4,1,1,1
2018051800503,1,10,0,18,0,4,0,0,0,0,1,1,1,1,59,9,2143,2,6,1,1,1
2018051800503,2,9,0,3,0,4,0,0,0,0,2,1,6,2,78,11,1298,1,9,4,1,4
2018051800504,1,21,1,11,0,0,0,0,0,0,1,1,1,1,52,8,11705,2,9,3,1,3
2018051800504,2,9,0,18,0,0,1,0,0,0,2,1,2,2,32,6,1242,1,5,5,-1,5
2018051800505,1,8,0,5,0,6,0,0,0,0,1,1,1,1,22,5,1560,2,6,1,1,1
2018051800505,2,8,0,18,0,8,1,0,1,1,3,1,1,1,-1,-1,1560,2,6,1,1,1
2018051800506,1,4,0,18,0,1,0,0,0,0,1,1,6,1,29,6,-1,-1,-1,7,2,7
2018051800506,2,9,0,9,0,1,0,0,0,0,4,1,1,1,53,8,1229,1,6,1,1,1
2018051800507,1,9,0,18,0,0,0,7,0,0,1,1,2,2,64,9,998,1,10,2,1,2
2018051800509,1,9,0,18,0,2,0,0,0,0,1,1,1,1,51,8,1896,2,9,6,1,6
2018051800509,2,1,0,18,0,2,0,0,0,0,1,1,4,1,7,2,-1,-1,-1,1,1,1
2018051800512,1,9,0,18,0,0,0,0,0,0,1,1,6,1,91,11,996,1,6,1,1,1
2018051800512,2,9,0,18,0,0,0,0,0,0,2,1,6,1,78,11,1598,1,8,7,1,7
2018051800513,1,9,0,9,0,6,0,0,0,0,1,1,6,2,21,5,999,1,1,1,1,1
2018051800514,1,9,0,18,0,0,0,0,0,0,1,1,6,1,43,7,1499,2,2,1,1,1
2018051800514,2,9,0,2,0,0,0,4,0,0,2,1,6,3,-1,-1,1242,1,10,-1,-1,-1
2018051800514,3,9,0,2,0,0,0,0,0,0,1,1,6,3,-1,-1,1560,2,10,-1,-1,-1
2018051800515,1,9,0,1,0,0,0,0,0,0,2,1,2,2,50,8,1108,1,11,6,1,6
2018051800516,1,9,0,9,0,6,0,0,0,0,1,1,6,1,27,6,1399,2,12,1,1,1
2018051800516,2,9,0,18,0,8,1,0,0,0,1,1,6,2,63,9,1769,1,16,1,1,1
2018051800517,1,19,0,7,0,6,0,0,0,0,4,1,6,1,31,6,-1,-1,-1,1,1,1
2018051800518,1,9,0,18,0,0,1,0,1,2,2,1,6,1,32,6,1560,2,6,7,1,7
2018051800521,1,9,0,9,0,6,0,0,0,0,1,1,6,2,39,7,1124,1,16,7,1,7
2018051800521,2,9,0,18,0,1,0,0,0,0,1,1,6,1,66,10,1390,1,7,10,2,10
2018051800522,1,9,0,4,0,1,1,0,0,0,1,1,6,3,-1,-1,1997,2,4,-1,-1,-1
2018051800522,2,9,0,4,0,1,1,0,0,0,1,1,6,2,36,7,1242,1,11,1,1,1
2018051800522,3,9,0,4,0,1,1,0,0,0,2,1,6,1,56,9,1618,1,1,1,1,1
2018051800523,1,-1,0,-1,0,0,0,-1,0,0,-1,1,6,3,-1,-1,-1,-1,-1,-1,-1,-1
2018051800525,1,9,0,18,0,0,0,0,0,0,1,1,6,2,-1,-1,1984,1,13,2,1,2
2018051800525,2,9,0,18,0,0,0,0,0,0,0,1,6,2,42,7,1368,1,3,1,1,1
2018051800526,1,9,0,18,0,0,0,0,0,0,1,1,6,2,23,5,1200,1,2,8,1,8
2018051800526,2,9,0,18,0,0,0,0,0,0,1,1,6,1,33,6,1368,1,11,1,1,1
2018051800529,1,9,0,9,0,8,0,0,0,0,3,1,6,1,45,7,1794,1,15,1,1,1
2018051800529,2,1,0,18,0,1,0,0,0,0,1,1,2,2,51,8,-1,-1,-1,1,1,1
2018051800530,1,19,0,18,0,1,0,0,0,0,1,1,2,1,25,5,2198,2,7,1,1,1
2018051800530,2,9,0,4,0,1,0,0,0,0,2,1,6,2,62,9,998,1,6,1,1,1
2018051800534,1,9,0,4,0,1,0,0,0,0,1,1,6,2,34,6,1685,2,1,4,1,4
2018051800534,2,9,0,3,0,1,0,0,0,0,2,1,6,1,59,9,1910,2,11,6,1,6
2018051800535,1,9,0,2,0,0,0,0,0,0,1,1,6,1,24,5,2143,2,1,1,1,1
2018051800535,2,9,0,1,0,0,0,0,0,0,2,1,6,3,-1,-1,-1,-1,-1,-1,-1,-1
2018051800536,1,9,0,9,0,8,0,0,0,0,4,1,6,2,40,7,2000,1,12,2,1,2
2018051800536,2,1,0,18,0,8,0,0,0,0,3,1,6,1,32,6,-1,-1,-1,5,1,5
2018051800537,1,19,0,18,0,1,0,0,0,0,1,1,1,1,31,6,2402,2,13,1,1,1
2018051800537,2,9,0,10,0,1,0,0,0,0,2,1,1,2,29,6,1229,1,12,4,2,4