Accident_Index,Vehicle_Reference,Vehicle_Type,Towing_and_Articulation,Vehicle_Manoeuvre,Vehicle_Location-Restricted_Lane,Junction_Location,Skidding_and_Overturning,Hit_Object_in_Carriageway,Vehicle_Leaving_Carriageway,Hit_Object_off_Carriageway,1st_Point_of_Impact,Was_Vehicle_Left_Hand_Drive?,Journey_Purpose_of_Driver,Sex_of_Driver,Age_of_Driver,Age_Band_of_Driver,Engine_Capacity_(CC),Propulsion_Code,Age_of_Vehicle,Driver_IMD_Decile,Driver_Home_Area_Type,Vehicle_IMD_Decile
2018051800539,1,4,0,18,0,8,0,0,0,0,1,1,6,1,18,4,125,1,1,3,1,3
2018051800539,2,9,0,9,0,1,0,0,0,0,4,1,6,2,46,8,998,1,8,1,1,1
2018051800541,1,9,0,17,0,3,0,0,0,0,1,1,6,1,31,6,2987,2,3,7,1,7
2018051800544,1,9,0,7,0,6,0,0,0,0,1,1,6,2,25,5,1200,1,3,1,1,1
2018051800544,2,1,0,18,0,6,0,0,0,0,2,1,6,1,36,7,-1,-1,-1,1,1,1
2018051800545,1,1,0,18,0,1,0,0,0,0,1,1,2,1,22,5,-1,-1,-1,3,1,3
2018051800545,2,9,0,7,0,1,0,0,0,0,4,1,6,3,-1,-1,-1,-1,-1,-1,-1,-1
2018051800546,1,9,0,9,0,8,0,0,0,0,1,1,6,1,17,4,1995,2,1,3,1,3
2018051800546,2,9,0,18,0,8,0,0,0,0,1,1,6,2,31,6,1753,2,13,5,1,5
2018051800547,1,1,0,18,0,1,0,0,0,0,1,1,2,1,31,6,-1,-1,-1,1,1,1
2018051800547,2,9,0,9,0,1,0,0,0,0,3,1,6,3,-1,-1,-1,-1,-1,-1,-1,-1
2018051800548,1,11,0,5,0,1,0,0,0,0,0,1,1,1,-1,-1,-1,-1,-1,-1,-1,-1
2018051800549,1,9,0,18,0,0,0,0,0,0,1,1,6,3,-1,-1,1686,2,8,-1,-1,-1
2018051800549,2,1,0,18,0,0,0,0,0,0,2,1,6,1,14,3,-1,-1,-1,1,1,1
2018051800551,1,9,0,-1,0,0,0,0,0,0,3,1,6,2,26,6,1368,1,8,1,1,1
2018051800552,1,9,0,9,0,5,0,0,0,0,4,1,6,1,30,6,1399,1,2,6,1,6
2018051800552,2,8,0,18,0,1,0,0,0,0,1,1,1,1,63,9,2402,2,12,7,1,7
2018051800553,1,8,0,17,0,0,0,0,0,0,1,1,1,1,37,7,1248,2,5,1,1,1
2018051800554,1,11,0,18,0,0,0,0,0,0,4,1,1,1,53,8,6692,2,7,2,1,2
2018051800555,1,9,0,9,0,1,0,0,0,0,1,1,6,1,38,7,1799,1,12,1,1,1
2018051800555,2,9,0,18,0,1,0,0,0,0,1,1,6,1,73,10,1598,1,10,1,1,1
2018051800556,1,9,0,9,0,8,0,0,0,0,1,1,6,1,23,5,1149,1,14,7,1,7
2018051800556,2,8,0,18,0,1,0,0,0,0,1,1,1,1,27,6,2499,2,10,1,1,1
2018051800556,3,9,0,3,0,1,0,0,0,0,3,1,6,1,37,7,1896,2,12,1,1,1
2018051800563,1,9,0,18,0,8,0,0,0,0,3,1,6,1,51,8,1399,1,11,1,1,1
2018051800564,1,9,0,9,0,1,0,0,0,0,1,1,6,2,31,6,2000,1,14,2,1,2
2018051800564,2,9,0,18,0,1,0,0,0,0,1,1,6,2,63,9,1388,1,1,2,1,2
2018051800565,1,9,0,18,0,0,0,0,0,0,1,1,6,1,81,11,1596,1,7,8,1,8
2018051800565,2,19,0,18,0,0,0,0,0,0,2,1,1,1,27,6,1598,2,1,1,1,1
2018051800565,3,19,0,2,0,0,0,0,0,0,1,1,6,3,-1,-1,1560,2,-1,-1,-1,-1
2018051800565,4,9,0,2,0,0,0,0,0,0,3,1,6,3,-1,-1,1242,1,9,-1,-1,-1
2018051800567,1,9,0,18,0,0,0,4,0,0,1,1,6,2,20,4,1398,1,5,-1,2,-1
2018051800567,2,9,0,2,0,0,0,0,0,0,3,1,6,3,-1,-1,2494,1,13,-1,-1,-1
2018051800568,1,9,0,9,0,8,0,0,0,0,3,1,6,1,66,10,1198,1,6,1,1,1
2018051800568,2,1,0,18,0,8,0,0,0,0,3,1,6,1,39,7,-1,-1,-1,2,1,2
2018051800570,1,9,0,18,0,0,2,0,0,0,4,1,6,1,71,10,1973,1,20,6,1,6
2018051800571,1,8,0,18,0,0,0,0,7,2,1,1,1,1,41,7,1995,2,5,1,1,1
2018051800572,1,9,0,18,0,8,0,0,0,0,1,1,2,2,36,7,-1,-1,-1,6,1,6
2018051800573,1,9,0,7,0,6,0,0,0,0,1,1,6,1,30,6,-1,-1,-1,1,1,1
2018051800573,2,9,0,18,0,1,0,0,0,0,1,1,2,1,51,8,1461,2,4,1,1,1
2018051800574,1,90,0,18,0,3,0,0,0,0,3,1,6,3,-1,-1,-1,-1,-1,-1,-1,-1
2018051800574,2,1,0,18,0,4,0,0,0,0,1,1,6,1,46,8,-1,-1,-1,3,1,3
2018051800576,1,9,0,18,0,6,0,0,1,11,1,1,6,2,70,10,1242,1,12,4,1,4
2018051800576,2,19,0,18,0,8,0,0,0,0,4,1,6,1,48,8,1995,2,5,2,1,2
2018051800577,1,9,0,18,0,1,0,0,0,0,1,1,6,2,27,6,1997,2,2,1,-1,1
2018051800577,2,9,0,3,0,1,0,0,0,0,2,1,6,1,39,7,1360,1,14,1,1,1
2018051800578,1,9,0,18,0,6,0,0,0,0,4,1,6,3,-1,-1,-1,-1,-1,-1,-1,-1
2018051800579,1,9,0,9,0,1,0,0,0,0,1,1,6,1,-1,-1,-1,-1,-1,-1,-1,-1
2018051800580,1,9,0,11,0,1,0,0,0,0,1,1,6,1,19,4,1242,1,12,1,1,1
2018051800580,2,9,0,4,0,1,0,0,0,0,2,1,2,2,43,7,1599,1,13,1,1,1
2018051800580,3,9,0,4,0,1,0,0,0,0,2,1,6,2,56,9,1242,1,6,8,1,8
2018051800580,4,9,0,4,0,1,0,0,0,0,2,1,6,2,21,5,1229,1,10,1,1,1
2018051800582,1,9,0,18,0,0,0,0,0,0,4,1,1,1,75,10,1598,1,5,6,1,6
2018051800582,2,9,0,2,0,0,0,0,0,0,4,1,6,3,-1,-1,1995,2,4,-1,-1,-1
2018051800582,3,9,0,2,0,0,0,0,0,0,4,1,6,3,-1,-1,3724,1,13,-1,-1,-1
2018051800583,1,3,0,18,0,0,0,0,0,0,1,1,6,3,-1,-1,-1,-1,-1,-1,-1,-1
2018051800583,2,1,0,18,0,0,0,0,0,0,1,1,2,1,49,8,-1,-1,-1,2,1,2
2018051800584,1,9,0,2,0,2,0,0,0,0,1,1,6,2,42,7,1364,1,9,2,1,2
2018051800585,1,9,0,18,0,1,0,0,0,0,3,1,6,1,46,8,1995,2,2,4,1,4
2018051800587,1,9,0,6,0,0,0,0,3,4,1,1,6,2,39,7,1999,2,2,6,1,6
2018051800588,1,9,0,16,0,0,0,0,0,0,0,1,1,1,40,7,2993,2,1,-1,-1,-1
2018051800588,2,9,0,18,0,0,0,4,0,0,1,1,6,1,27,6,1984,2,5,2,1,2
2018051800588,3,9,0,2,0,0,0,0,0,0,3,1,6,3,-1,-1,1984,1,13,-1,-1,-1
2018051800588,4,9,0,2,0,0,0,0,0,0,2,1,6,3,-1,-1,1896,2,13,-1,-1,-1
2018051800589,1,9,0,2,0,1,0,0,0,0,0,1,1,1,-1,-1,1560,2,2,-1,-1,-1
2018051800589,2,9,0,15,0,1,0,0,0,0,1,1,6,1,28,6,1968,2,4,3,1,3
2018051800589,3,9,0,10,0,1,0,0,0,0,2,1,6,1,38,7,1997,2,1,1,1,1
2018051800590,1,9,0,9,0,1,0,0,0,0,3,1,6,1,75,10,2497,1,12,6,2,6
2018051800590,2,4,0,18,0,1,0,0,0,0,1,1,6,1,26,6,498,1,27,5,1,5
2018051800591,1,8,0,4,0,1,0,0,0,0,2,1,1,1,44,7,1560,2,5,1,1,1
2018051800591,2,4,0,18,0,1,0,0,0,0,1,1,6,3,-1,-1,-1,-1,-1,-1,-1,-1
2018051800592,1,9,0,18,0,0,0,0,0,0,3,1,3,1,69,10,1198,1,7,2,1,2
2018051800592,2,9,0,18,0,0,0,0,0,0,3,1,3,2,31,6,1399,1,1,1,1,1
2018051800593,1,9,0,11,0,3,0,0,0,0,4,1,6,1,64,9,1560,2,3,1,1,1
2018051800593,2,3,0,11,0,3,0,0,0,0,3,1,6,1,21,5,125,1,11,1,1,1
2018051800593,3,3,0,16,0,3,0,0,0,0,1,1,6,3,-1,-1,124,1,1,-1,-1,-1
2018051800594,1,1,0,14,0,0,0,0,0,0,1,1,4,1,15,3,-1,-1,-1,3,1,3
2018051800594,2,5,0,13,0,0,0,0,0,0,2,1,2,1,32,6,659,1,10,1,1,1
2018051800595,1,5,0,18,0,1,1,4,0,0,1,1,6,1,-1,-1,-1,-1,-1,-1,-1,-1
2018051800595,2,9,0,2,0,1,0,0,0,0,1,1,6,3,-1,-1,1598,1,3,-1,-1,-1
2018051800596,1,9,0,9,0,8,0,0,0,0,1,1,6,1,27,6,1997,2,3,9,2,9
2018051800596,2,9,0,18,0,8,0,0,0,0,1,1,6,2,27,6,1612,1,7,8,1,8
2018051800597,1,9,0,9,0,8,0,0,0,0,4,1,6,1,-1,-1,2776,2,12,5,1,5
2018051800597,2,9,0,18,0,8,0,0,0,0,1,1,6,2,26,6,1598,2,3,2,1,2
2018051800598,1,5,0,15,0,8,0,0,0,0,1,1,6,1,54,8,749,1,11,6,1,6
2018051800598,2,8,0,10,0,1,0,0,0,0,2,1,1,1,43,7,1968,2,8,1,1,1
2018051800599,1,9,0,4,0,1,0,0,0,0,1,1,6,1,-1,-1,-1,-1,-1,-1,-1,-1
2018051800600,1,9,0,9,0,5,0,0,0,0,4,1,6,2,30,6,1296,1,12,6,1,6
2018051800601,1,9,0,18,0,8,2,7,0,0,1,1,6,1,37,7,2143,2,2,1,1,1
2018051800602,1,9,0,18,0,0,0,0,0,0,1,1,6,3,-1,-1,1368,1,11,-1,-1,-1
2018051800602,2,19,0,2,0,0,0,0,0,0,2,1,6,3,-1,-1,2198,2,8,-1,-1,-1
2018051800603,1,9,0,18,0,0,0,0,0,0,1,1,6,2,63,9,1395,1,3,6,1,6
2018051800604,1,9,0,18,0,1,0,0,0,0,1,1,2,1,32,6,1560,2,7,3,1,3
2018051800606,1,9,0,18,0,2,1,10,7,2,2,1,6,1,19,4,1229,1,10,1,1,1
2018051800607,1,9,0,18,0,8,0,0,0,0,1,1,6,1,55,8,1799,1,10,1,1,1
2018051800607,2,9,0,18,0,8,0,0,0,0,1,1,6,2,59,9,898,1,4,1,1,1
2018051800608,1,9,0,18,0,6,0,0,0,0,3,1,6,1,41,7,1997,2,2,4,1,4
2018051800610,1,9,0,4,0,0,0,0,0,0,1,1,6,2,42,7,1498,1,3,7,3,7
2018051800611,1,9,0,16,0,0,1,0,8,11,1,1,6,1,20,4,-1,-1,-1,5,1,5
2018051800612,1,8,0,7,0,2,0,0,0,0,3,1,1,1,62,9,1560,2,9,4,1,4
2018051800612,2,3,0,18,0,1,0,0,0,0,4,1,2,1,46,8,125,1,13,2,1,2
2018051800613,1,5,0,18,0,0,0,11,0,0,0,1,6,1,52,8,748,1,19,2,1,2
2018051800615,1,9,0,18,0,0,0,0,0,0,0,1,6,3,-1,-1,-1,-1,-1,-1,-1,-1
2018051800615,2,1,0,18,0,0,0,0,0,0,4,1,6,1,43,7,-1,-1,-1,1,1,1
2018051800615,3,9,0,2,0,0,0,0,0,0,3,1,6,1,38,7,2143,2,4,6,1,6
2018051800616,1,-1,0,18,0,0,0,0,0,0,0,1,6,3,-1,-1,-1,-1,-1,-1,-1,-1
2018051800619,1,9,0,3,0,1,0,0,0,0,2,1,6,1,21,5,1242,1,11,7,1,7
2018051800619,2,9,0,18,0,1,0,0,0,0,1,1,6,1,-1,-1,-1,-1,-1,-1,-1,-1
2018051800621,1,9,0,18,0,0,0,0,1,4,4,1,6,1,21,5,899,1,5,6,1,6
2018051800622,1,9,0,3,0,0,0,0,0,0,2,1,2,2,24,5,1997,2,9,2,1,2
2018051800622,2,9,0,18,0,0,0,0,0,0,1,1,6,3,-1,-1,-1,-1,-1,-1,-1,-1
2018051800623,1,1,0,18,0,8,0,0,0,0,4,1,2,1,57,9,-1,-1,-1,1,1,1
2018051800623,2,9,0,9,0,6,0,0,0,0,1,1,6,2,28,6,1499,1,1,1,1,1
2018051800624,1,9,0,18,0,0,0,0,0,0,1,1,1,1,50,8,-1,-1,-1,8,1,8
2018051800625,1,19,0,18,0,0,0,0,0,0,1,1,1,1,37,7,1896,2,12,6,1,6
2018051800625,2,9,0,3,0,0,0,0,0,0,2,1,3,1,52,8,2000,1,11,8,1,8
2018051800625,3,9,0,3,0,0,0,0,0,0,2,1,6,2,44,7,1910,2,13,4,1,4
2018051800626,1,9,0,18,0,0,0,0,0,0,0,1,1,3,-1,-1,-1,-1,-1,-1,-1,-1
2018051800626,2,11,0,18,0,0,0,0,0,0,0,1,1,1,44,7,6692,2,7,1,1,1
2018051800627,1,1,0,18,0,0,0,0,0,0,4,1,6,1,15,3,-1,-1,-1,6,1,6
2018051800627,2,9,0,18,0,0,0,0,0,0,3,1,6,1,73,10,1328,1,16,6,1,6
2018051800628,1,9,0,7,0,1,0,0,0,0,1,1,6,1,60,9,-1,-1,-1,1,1,1
2018051800629,1,3,0,18,0,0,1,0,0,0,1,1,6,1,21,5,125,1,2,1,1,1
2018051800629,2,9,0,3,0,0,0,0,0,0,2,1,6,1,41,7,1596,1,11,2,1,2
2018051800630,1,8,0,18,0,1,0,0,1,0,1,1,1,3,-1,-1,-1,-1,-1,-1,-1,-1
2018051800630,2,1,0,18,0,1,0,0,0,0,3,1,6,1,15,3,-1,-1,-1,3,1,3
2018051800631,1,9,0,18,0,0,2,0,0,0,3,1,3,2,32,6,1560,2,3,2,1,2
2018051800631,2,9,0,18,0,0,0,0,0,0,1,1,3,2,60,9,998,1,6,7,1,7
2018051800632,1,9,0,18,0,1,0,0,0,0,0,1,1,1,-1,-1,1560,2,3,-1,-1,-1
2018051800632,2,9,0,18,0,8,0,0,0,0,1,1,6,3,-1,-1,-1,-1,-1,-1,-1,-1
2018051800632,3,8,0,18,0,8,1,0,1,11,3,1,1,1,48,8,1995,2,-1,2,1,2
2018051800633,1,9,0,18,0,1,0,0,0,0,0,1,6,3,-1,-1,-1,-1,-1,-1,-1,-1
2018051800633,2,9,0,4,0,1,0,0,0,0,2,1,6,1,39,7,1596,1,10,5,1,5
2018051800633,3,19,0,18,0,1,0,0,0,0,1,1,6,1,35,6,1598,2,3,5,1,5
2018051800640,1,9,0,5,0,4,0,0,0,0,1,1,6,2,49,8,2191,2,5,1,1,1
2018051800640,2,9,0,18,0,8,0,0,0,0,4,1,6,2,29,6,996,1,5,1,1,1
2018051800641,1,9,0,18,0,2,0,0,0,0,2,1,6,1,55,8,1298,1,15,6,1,6
2018051800641,2,9,0,18,0,2,0,0,0,0,1,1,6,1,24,5,1968,2,3,3,1,3
2018051800642,1,1,0,18,0,1,0,0,0,0,1,1,1,1,30,6,-1,-1,-1,2,1,2
2018051800642,2,9,0,9,0,1,0,0,0,0,3,1,6,1,-1,-1,1397,1,14,-1,-1,-1
2018051800643,1,1,0,18,0,1,0,0,0,0,1,1,2,1,42,7,-1,-1,-1,5,1,5
2018051800643,2,9,0,7,0,1,0,0,0,0,2,1,6,1,38,7,-1,-1,-1,2,1,2
2018051800644,1,9,0,9,0,5,0,0,0,0,1,1,6,2,74,10,1598,1,18,1,1,1
2018051800644,2,22,0,18,0,8,0,0,0,0,3,1,6,2,74,10,-1,-1,-1,1,1,1
2018051800646,1,9,0,18,0,4,0,0,3,11,1,1,6,1,67,10,1197,1,1,5,1,5
2018051800647,1,9,0,10,0,1,0,0,0,0,4,1,6,1,43,7,1596,1,11,6,1,6
2018051800647,2,9,0,18,0,8,0,0,0,0,1,1,6,2,35,6,1242,1,1,1,1,1
2018051800649,1,19,0,18,0,0,0,0,0,0,3,1,1,1,47,8,-1,-1,-1,-1,-1,-1
2018051800649,2,19,0,18,0,0,0,0,0,0,3,1,1,2,28,6,-1,-1,-1,1,1,1
2018051800650,1,9,0,9,0,1,0,0,0,0,1,1,6,2,35,6,1995,2,5,1,1,1
2018051800650,2,9,0,18,0,1,0,0,0,0,4,1,2,2,41,7,1685,2,1,4,1,4
2018051800651,1,9,0,15,0,0,0,0,0,0,1,-1,6,1,-1,-1,-1,-1,-1,-1,-1,-1
2018051800651,2,9,0,18,0,0,0,0,0,0,2,1,2,1,25,5,1364,1,3,2,1,2
2018051800652,1,3,0,13,0,1,1,0,0,0,4,1,6,2,24,5,124,1,4,2,1,2
2018051800652,2,19,0,9,0,1,0,0,0,0,3,1,1,1,30,6,2998,2,3,1,1,1
2018051800653,1,9,0,16,0,0,1,0,0,0,1,1,2,1,25,5,1998,1,14,3,1,3
2018051800653,2,9,0,17,0,0,0,0,0,0,1,1,1,1,71,10,1796,1,14,6,1,6
2018051800654,1,9,0,18,0,0,0,0,0,0,1,1,1,1,46,8,1995,2,5,1,1,1
2018051800655,1,9,0,5,0,8,0,0,0,0,1,1,6,2,74,10,1360,1,14,6,1,6
2018051800655,2,5,0,18,0,8,0,0,0,0,3,1,2,1,64,9,849,1,10,6,1,6
2018051800656,1,9,0,18,0,2,0,0,0,0,1,1,6,1,66,10,998,1,10,3,1,3
2018051800660,1,9,0,7,0,6,0,0,0,0,1,1,6,3,-1,-1,-1,-1,-1,-1,-1,-1
2018051800660,2,9,0,2,0,1,0,0,0,0,2,1,2,3,-1,-1,999,1,1,-1,-1,-1
2018051800660,3,9,0,2,0,1,0,0,0,0,4,1,2,3,-1,-1,2993,2,3,-1,-1,-1
2018051800661,1,21,1,9,0,8,0,0,0,0,3,1,1,1,29,6,12740,2,6,9,-1,9
2018051800661,2,9,0,7,0,8,0,0,0,0,4,1,6,1,54,8,1997,2,-1,1,1,1
2018051800662,1,9,0,18,0,1,0,0,0,0,1,1,6,1,51,8,1360,1,15,1,1,1
2018051800663,1,9,0,18,0,0,0,0,0,0,4,1,1,1,50,8,1968,2,1,-1,-1,-1
2018051800663,2,9,0,18,0,0,0,0,0,0,3,1,6,1,23,5,2143,2,-1,2,1,2
2018051800665,1,9,0,9,0,1,0,0,0,0,1,1,6,1,23,5,1198,1,6,2,1,2
2018051800665,2,9,0,18,0,1,0,0,0,0,4,1,6,1,70,10,1499,1,2,1,1,1
2018051800666,1,9,0,7,0,4,0,0,0,0,3,1,6,1,77,11,-1,-1,-1,1,1,1
2018051800666,2,9,0,17,0,8,0,0,0,0,4,1,6,2,18,4,998,1,3,4,1,4
2018051800667,1,9,0,1,0,0,0,4,0,0,2,1,6,1,20,4,1896,2,14,6,1,6
2018051800667,2,8,0,2,0,0,0,0,0,0,3,2,1,1,50,8,1997,2,7,3,1,3
2018051800668,1,8,0,16,0,0,0,0,4,4,1,1,1,1,52,8,1997,2,10,1,1,1
2018051800669,1,9,0,9,0,1,0,0,0,0,1,1,6,1,48,8,1499,2,1,3,1,3
2018051800669,2,9,0,18,0,1,0,0,0,0,1,1,6,2,75,10,1598,1,13,4,1,4
2018051800670,1,9,0,18,0,8,0,0,0,0,4,1,6,1,61,9,1422,2,9,-1,1,-1
2018051800670,2,9,0,18,0,8,0,0,0,0,1,1,6,1,28,6,1968,2,2,9,1,9
2018051800671,1,19,0,18,0,8,2,0,1,10,3,1,1,1,54,8,2198,2,4,-1,-1,-1
2018051800671,2,8,0,18,0,8,0,0,0,0,1,1,1,1,43,7,1753,2,8,7,1,7
2018051800673,1,9,0,18,0,1,0,0,0,0,3,1,6,2,58,9,1242,1,2,7,1,7
2018051800673,2,9,0,9,0,1,0,0,0,0,1,1,6,3,-1,-1,-1,-1,-1,-1,-1,-1
2018051800674,1,9,0,18,0,0,0,0,0,0,1,1,6,1,33,6,1599,1,14,5,1,5
2018051800675,1,9,0,9,0,5,0,0,0,0,1,1,6,1,84,11,1242,1,8,9,1,9
2018051800675,2,9,0,18,0,8,1,0,0,0,3,1,6,1,23,5,1995,2,11,3,1,3
2018051800676,1,9,0,18,0,0,0,0,0,0,3,1,6,1,39,7,-1,-1,-1,4,1,4
2018051800677,1,9,0,18,0,0,1,0,0,0,1,1,6,1,37,7,2967,2,12,6,1,6
2018051800677,2,9,0,3,0,0,0,0,0,0,2,1,2,2,36,7,1560,2,4,5,1,5
2018051800678,1,9,0,9,0,8,0,0,0,0,1,1,6,2,23,5,1560,2,7,9,1,9
2018051800678,2,9,0,18,0,8,0,0,0,0,1,1,6,2,63,9,998,1,2,1,1,1
2018051800679,1,9,0,18,0,4,0,0,0,0,1,1,6,2,41,7,1349,1,4,1,1,1
2018051800679,2,1,0,18,0,8,0,0,0,0,4,1,6,2,54,8,-1,-1,-1,3,1,3
2018051800681,1,8,0,9,0,5,0,0,0,0,1,1,1,3,-1,-1,-1,-1,-1,-1,-1,-1
2018051800682,1,9,0,18,0,8,0,0,0,0,1,1,6,1,69,10,1339,1,14,10,1,10
2018051800682,2,1,0,18,0,8,0,0,0,0,1,1,6,1,55,8,-1,-1,-1,2,1,2
2018051800683,1,9,0,18,0,0,0,0,0,0,1,1,6,1,67,10,1339,1,14,10,3,10
2018051800683,2,9,0,18,0,0,1,0,0,0,2,1,2,1,39,7,1596,1,5,7,1,7
2018051800683,3,9,0,18,0,0,0,0,0,0,2,1,6,1,22,5,998,1,1,3,1,3
2018051800684,1,21,0,9,0,5,0,0,0,0,1,1,1,1,38,7,12740,2,2,1,1,1
2018051800684,2,9,0,18,0,1,0,0,0,0,1,1,6,2,53,8,1461,2,14,7,1,7
2018051800686,1,9,0,12,0,1,0,0,0,0,3,1,6,3,-1,-1,-1,-1,-1,-1,-1,-1
2018051800686,2,9,0,17,0,1,0,0,0,0,1,1,2,1,25,5,1242,1,14,1,1,1
2018051800687,1,9,0,9,0,1,0,0,0,0,3,1,6,2,36,7,1498,1,13,9,1,9
2018051800687,2,5,0,18,0,1,0,0,0,0,1,1,6,1,38,7,599,1,16,2,1,2
2018051800688,1,4,0,18,0,0,1,0,7,11,1,1,6,1,24,5,-1,-1,-1,1,1,1
2018051800690,1,9,0,9,0,1,0,0,1,0,4,1,6,2,33,6,1364,1,1,1,1,1
2018051800690,2,9,0,18,0,1,0,0,0,0,3,1,1,1,36,7,2143,2,-1,5,-1,5
2018051800694,1,9,0,17,0,0,0,0,0,0,1,1,6,1,39,7,1997,2,11,2,1,2
2018051800696,1,11,0,18,0,1,0,0,0,0,4,1,1,1,59,9,7300,2,12,1,1,1
2018051800696,2,1,0,18,0,1,0,0,0,0,3,1,2,1,57,9,-1,-1,-1,1,1,1
2018051800697,1,9,0,18,0,0,0,11,0,0,3,1,6,1,46,8,1299,1,18,6,1,6
2018051800697,2,21,1,18,0,0,0,0,0,0,1,1,1,3,-1,-1,12902,2,2,-1,-1,-1
2018051800698,1,19,0,18,0,0,0,0,0,0,1,1,1,1,65,9,1968,2,1,7,1,7
2018051800698,2,9,0,4,0,0,0,0,0,0,2,1,6,2,50,8,1229,1,10,3,1,3
2018051800700,1,9,0,18,0,8,1,0,6,6,4,1,6,2,46,8,1598,1,16,1,1,1
2018051800702,1,9,0,3,0,1,0,0,0,0,2,1,2,2,26,6,1956,2,8,6,1,6
2018051800702,2,9,0,18,0,1,0,0,0,0,1,1,6,1,31,6,1461,2,3,7,1,7
2018051800703,1,8,0,18,0,8,0,0,0,0,1,1,1,1,51,8,2664,2,15,2,1,2
2018051800703,2,8,0,18,0,8,0,0,0,0,4,1,1,1,44,7,2993,2,6,1,1,1
2018051800704,1,1,0,18,0,1,0,0,0,0,0,1,6,1,49,8,-1,-1,-1,6,1,6
2018051800706,1,9,0,18,0,6,0,0,0,0,1,1,1,1,53,8,1997,2,5,1,1,1
2018051800706,2,9,0,18,0,8,0,0,0,0,3,1,6,1,42,7,1499,2,2,6,1,6
2018051800707,1,9,0,18,0,0,0,0,0,0,1,1,1,1,33,6,1560,2,7,1,1,1
2018051800707,2,11,0,4,0,0,0,0,0,0,2,1,1,1,54,8,9000,2,1,8,3,8
2018051800708,1,5,0,12,0,2,0,0,0,0,1,1,6,1,22,5,649,1,3,1,1,1
2018051800708,2,9,0,18,0,6,0,0,0,0,2,1,6,1,69,10,1499,2,1,9,2,9
2018051800709,1,9,0,18,0,1,0,0,0,0,1,1,2,1,21,5,1197,1,-1,1,1,1
2018051800712,1,9,0,5,0,6,0,0,0,0,1,1,6,2,56,9,1596,1,10,3,1,3
2018051800712,2,9,0,18,0,8,0,0,0,0,4,1,6,2,33,6,1197,1,1,3,1,3
2018051800713,1,9,0,18,0,0,0,0,7,10,1,1,6,1,24,5,-1,-1,-1,2,1,2
2018051800715,1,9,0,18,0,1,0,0,0,0,3,1,6,3,-1,-1,-1,-1,-1,-1,-1,-1
2018051800716,1,9,0,9,0,7,0,0,1,11,1,1,2,1,48,8,1991,8,1,2,1,2
2018051800716,2,9,0,18,0,6,0,0,0,0,1,1,6,1,26,6,1390,1,13,1,1,1
2018051800717,1,90,0,18,0,0,0,0,0,0,1,1,6,1,13,3,-1,-1,-1,2,1,2
2018051800717,2,9,0,18,0,0,0,0,0,0,1,1,6,1,26,6,1364,1,8,4,1,4
2018051800719,1,8,0,2,0,0,0,0,0,0,3,1,1,2,41,7,1997,2,6,4,1,4
2018051800719,2,1,0,18,0,0,0,4,0,0,1,1,6,1,53,8,-1,-1,-1,8,3,8
2018051800721,1,9,0,18,0,0,0,0,0,0,1,1,2,2,23,5,1299,1,16,6,1,6
2018051800722,1,9,0,7,0,8,0,0,0,0,1,1,6,1,40,7,2295,1,14,3,1,3
2018051800722,2,9,0,18,0,8,1,0,0,0,4,1,3,2,60,9,998,1,9,1,1,1
2018051800724,1,19,0,18,0,1,0,0,0,0,1,1,1,1,37,7,2987,2,7,-1,-1,-1
2018051800724,2,9,0,9,0,1,0,0,0,0,3,1,2,2,26,6,1388,1,11,3,1,3
2018051800725,1,9,0,18,0,4,0,0,0,0,1,1,6,1,42,7,1956,2,5,6,1,6
2018051800725,2,5,0,3,0,4,0,0,0,0,2,1,6,1,29,6,599,1,22,1,1,1
2018051800725,3,9,0,5,0,4,0,0,0,0,3,1,6,1,32,6,1560,2,4,8,1,8
2018051800726,1,9,0,18,0,1,0,0,0,0,1,1,6,1,48,8,-1,-1,-1,-1,-1,-1
2018051800726,2,9,0,5,0,4,0,0,0,0,2,1,1,1,52,8,1997,2,9,7,1,7
2018051800727,1,19,0,9,0,5,0,0,0,0,1,1,6,1,47,8,1461,2,3,1,1,1
2018051800727,2,3,0,18,0,1,1,0,0,0,1,1,6,1,35,6,124,1,12,2,1,2
2018051800728,1,19,0,18,0,0,0,0,1,0,1,1,6,1,37,7,-1,-1,-1,4,1,4
2018051800728,2,9,0,18,0,0,0,0,0,0,2,1,6,1,62,9,1461,2,7,1,1,1
2018051800729,1,9,0,9,0,1,1,0,0,0,1,1,6,3,-1,-1,-1,-1,-1,-1,-1,-1
2018051800729,2,9,0,16,0,1,0,0,0,0,4,1,2,2,22,5,1596,1,12,4,2,4
2018051800729,3,9,0,2,0,1,0,0,0,0,2,1,6,3,-1,-1,2521,1,12,-1,-1,-1
2018051800730,1,9,0,18,0,0,0,0,0,0,1,1,6,3,-1,-1,-1,-1,-1,-1,-1,-1
2018051800730,2,9,0,18,0,0,0,0,0,0,1,1,2,1,41,7,998,1,13,5,1,5
2018051800730,3,9,0,18,0,0,0,0,0,0,0,1,6,1,-1,-1,-1,-1,-1,-1,-1,-1
2018051800731,1,9,0,18,0,8,0,0,0,0,3,1,1,1,29,6,1997,2,6,7,1,7
2018051800733,1,9,0,9,0,1,0,0,0,0,3,1,6,1,76,11,1997,2,14,7,1,7