Accident_Index,Vehicle_Reference,Vehicle_Type,Towing_and_Articulation,Vehicle_Manoeuvre,Vehicle_Location-Restricted_Lane,Junction_Location,Skidding_and_Overturning,Hit_Object_in_Carriageway,Vehicle_Leaving_Carriageway,Hit_Object_off_Carriageway,1st_Point_of_Impact,Was_Vehicle_Left_Hand_Drive?,Journey_Purpose_of_Driver,Sex_of_Driver,Age_of_Driver,Age_Band_of_Driver,Engine_Capacity_(CC),Propulsion_Code,Age_of_Vehicle,Driver_IMD_Decile,Driver_Home_Area_Type,Vehicle_IMD_Decile
2018051800733,2,9,0,18,0,1,0,0,0,0,1,1,6,1,20,4,1339,1,12,7,1,7
2018051800734,1,9,0,18,0,8,0,0,0,0,1,1,6,2,49,8,1399,2,6,1,1,1
2018051800734,2,9,0,18,0,8,0,0,0,0,4,1,6,2,65,9,1560,2,8,5,1,5
2018051800735,1,9,0,9,0,8,0,0,0,0,1,1,2,1,29,6,2998,1,2,9,2,9
2018051800738,1,9,0,18,0,8,0,0,0,0,1,1,6,3,-1,-1,-1,-1,-1,-1,-1,-1
2018051800738,2,9,0,18,0,8,0,0,0,0,4,1,6,1,20,4,1398,1,1,4,1,4
2018051800740,1,9,0,18,0,0,0,0,0,0,1,1,6,2,29,6,1388,1,12,1,1,1
2018051800741,1,9,0,18,0,1,0,0,0,0,4,1,6,2,28,6,1598,1,13,1,1,1
2018051800742,1,9,0,9,0,6,0,0,0,0,3,1,6,2,82,11,998,1,3,2,1,2
2018051800742,2,5,0,18,0,8,1,0,0,0,1,1,6,1,61,9,1137,1,21,2,1,2
2018051800744,1,9,0,5,0,6,0,0,0,0,3,1,6,1,26,6,1995,2,11,1,1,1
2018051800744,2,90,0,18,0,8,0,0,0,0,1,1,1,1,56,9,8970,2,13,10,1,10
2018051800745,1,19,0,18,0,0,0,0,0,0,0,1,1,1,47,8,1997,2,1,2,1,2
2018051800745,2,1,0,18,0,0,0,0,0,0,0,1,6,1,8,2,-1,-1,-1,3,1,3
2018051800746,1,9,0,18,0,0,0,0,0,0,3,1,6,1,36,7,1242,1,7,2,1,2
2018051800747,1,19,0,18,0,1,5,0,0,0,3,1,6,1,36,7,-1,-1,-1,1,1,1
2018051800747,2,9,0,18,0,1,0,0,0,0,1,1,6,1,53,8,1499,2,2,4,1,4
2018051800747,3,9,0,2,0,1,0,0,0,0,0,1,6,3,-1,-1,1124,1,17,-1,-1,-1
2018051800747,4,9,0,2,0,1,0,0,0,0,2,1,6,3,-1,-1,1598,1,14,-1,-1,-1
2018051800750,1,1,0,18,0,2,0,4,0,0,1,1,6,1,30,6,-1,-1,-1,4,1,4
2018051800750,2,9,0,2,0,2,0,0,0,0,2,1,6,3,-1,-1,1197,1,1,-1,-1,-1
2018051800751,1,9,0,9,0,8,0,0,0,0,1,1,6,1,22,5,1839,1,14,3,1,3
2018051800751,2,9,0,8,0,1,0,0,0,0,3,1,6,2,33,6,1798,1,12,7,3,7
2018051800751,3,9,0,18,0,1,0,0,0,0,1,1,6,1,34,6,1395,1,-1,3,1,3
2018051800756,1,9,0,18,0,0,0,0,0,0,1,1,6,2,29,6,1598,1,6,1,1,1
2018051800758,1,9,0,18,0,0,0,0,0,0,1,1,6,2,35,6,1997,2,4,7,1,7
2018051800760,1,11,0,18,0,0,0,0,0,0,4,1,1,1,57,9,6692,2,7,3,1,3
2018051800761,1,9,0,18,0,0,0,0,0,0,1,1,6,2,85,11,1329,1,7,5,1,5
2018051800762,1,9,0,18,0,0,0,0,0,0,1,1,6,1,41,7,1995,2,5,1,1,1
2018051800763,1,9,0,18,0,1,0,0,0,0,1,1,6,3,-1,-1,-1,-1,-1,-1,-1,-1
2018051800765,1,9,0,18,0,1,0,0,0,0,1,1,6,3,-1,-1,-1,-1,-1,-1,-1,-1
2018051800765,2,9,0,3,0,1,0,0,0,0,2,1,1,1,67,10,1796,1,18,7,1,7
2018051800766,1,9,0,18,0,8,0,0,0,0,1,1,6,3,-1,-1,-1,-1,-1,-1,-1,-1
2018051800767,1,9,0,13,0,6,0,0,0,0,4,1,6,3,-1,-1,-1,-1,-1,-1,-1,-1
2018051800767,2,9,0,8,0,1,0,0,0,0,1,1,2,1,50,8,1598,2,4,1,1,1
2018051800768,1,19,0,18,0,0,0,0,0,0,1,1,6,1,25,5,2198,2,7,2,1,2
2018051800769,1,9,0,5,0,6,0,0,0,0,1,1,6,2,31,6,1461,2,3,6,1,6
2018051800769,2,1,0,18,0,1,0,0,0,0,1,1,6,1,40,7,-1,-1,-1,3,1,3
2018051800770,2,9,0,18,0,0,0,4,0,0,1,1,6,2,91,11,998,1,10,9,1,9
2018051800771,1,9,0,18,0,0,0,7,1,2,1,1,6,1,47,8,-1,-1,-1,1,1,1
2018051800772,1,9,0,9,0,1,0,10,7,11,1,1,6,1,17,4,1560,2,5,5,1,5
2018051800775,1,8,0,1,0,0,0,0,0,0,2,1,1,1,42,7,1995,2,8,-1,1,-1
2018051800776,1,9,0,18,0,1,0,0,0,0,1,1,6,3,-1,-1,-1,-1,-1,-1,-1,-1
2018051800776,2,9,0,3,0,1,0,0,0,0,2,1,6,2,31,6,1968,2,1,6,1,6
2018051800778,1,1,0,18,0,0,0,0,0,0,1,1,6,3,-1,-1,-1,-1,-1,-1,-1,-1
2018051800779,1,9,0,18,0,1,0,0,0,0,1,1,6,1,-1,-1,1896,2,13,2,1,2
2018051800779,2,9,0,9,0,5,0,0,0,0,2,1,6,2,21,5,1398,1,1,5,1,5
2018051800780,1,9,0,18,0,0,0,0,0,0,1,1,1,1,43,7,2993,2,1,1,1,1
2018051800780,2,9,0,18,0,0,0,0,0,0,2,1,6,3,-1,-1,1560,2,3,-1,-1,-1
2018051800781,1,3,0,7,0,1,1,0,0,0,0,1,6,2,17,4,124,1,17,8,1,8
2018051800782,1,9,0,17,0,0,0,0,0,0,3,1,6,1,61,9,1398,1,4,1,1,1
2018051800783,1,9,0,18,0,0,0,0,0,0,0,1,6,1,32,6,2993,2,1,2,1,2
2018051800783,2,9,0,18,0,0,5,4,0,0,3,1,6,1,20,4,1197,1,3,1,1,1
2018051800783,3,9,0,2,0,0,0,0,0,0,2,1,6,3,-1,-1,998,1,3,-1,-1,-1
2018051800784,1,9,0,18,0,8,0,0,0,0,1,2,6,3,-1,-1,-1,-1,-1,-1,-1,-1
2018051800784,2,5,0,18,0,8,0,0,0,0,2,1,6,1,27,6,1200,1,13,3,1,3
2018051800785,1,9,0,16,0,0,1,0,2,7,4,1,6,1,27,6,1596,1,14,2,1,2
2018051800787,1,19,0,13,0,0,0,0,0,0,2,1,1,1,-1,-1,2198,2,2,-1,-1,-1
2018051800787,2,9,0,18,0,0,0,0,0,0,2,1,6,2,55,8,-1,-1,-1,1,1,1
2018051800788,1,9,0,18,0,1,0,0,0,0,1,1,6,1,51,8,1598,2,1,7,1,7
2018051800788,2,9,0,18,0,1,0,0,0,0,2,1,6,1,35,6,1461,2,1,6,1,6
2018051800788,3,9,0,18,0,1,0,0,0,0,2,1,6,1,18,4,1461,2,1,3,1,3
2018051800788,4,9,0,18,0,1,0,0,0,0,2,1,6,1,52,8,2149,2,11,1,1,1
2018051800788,5,9,0,18,0,1,0,0,0,0,2,1,6,1,55,8,1229,1,4,2,1,2
2018051800789,1,9,0,18,0,8,0,0,0,0,1,1,6,1,85,11,996,1,6,1,1,1
2018051800791,1,9,0,1,0,0,0,0,0,0,2,1,1,1,-1,-1,-1,-1,-1,-1,-1,-1
2018051800791,2,9,0,2,0,0,0,0,0,0,3,1,3,2,37,7,999,1,1,1,1,1
2018051800792,1,9,0,18,0,0,0,0,1,0,1,1,6,2,21,5,1240,1,8,1,1,1
2018051800792,2,9,0,2,0,0,0,0,0,0,2,1,6,3,-1,-1,4235,1,36,-1,-1,-1
2018051800792,3,9,0,2,0,0,0,0,0,0,2,1,6,3,-1,-1,1975,1,-1,-1,-1,-1
2018051800793,1,8,0,3,0,0,0,0,0,0,0,1,1,2,52,8,1686,2,9,2,1,2
2018051800795,1,8,0,7,0,6,0,0,0,0,0,1,6,1,48,8,-1,-1,-1,4,1,4
2018051800795,2,11,0,18,0,1,0,0,0,0,0,1,1,1,61,9,6700,2,8,1,1,1
2018051800798,1,8,0,18,0,0,0,0,0,0,1,1,1,1,43,7,1797,8,5,1,1,1
2018051800801,1,19,0,15,0,1,0,0,0,0,4,1,2,1,27,6,1997,2,2,2,1,2
2018051800801,2,9,0,3,0,1,0,0,0,0,2,1,2,1,24,5,1968,2,4,1,1,1
2018051800801,3,9,0,3,0,1,0,0,0,0,2,1,2,1,32,6,1596,1,6,1,1,1
2018051800802,1,9,0,10,0,1,0,0,0,0,1,1,6,2,32,6,1461,2,8,1,1,1
2018051800802,2,9,0,18,0,1,0,0,2,1,3,1,6,1,66,10,1596,1,11,2,1,2
2018051800803,1,9,0,18,0,0,0,0,0,0,1,1,6,2,22,5,1598,1,11,5,1,5
2018051800806,1,8,0,8,0,1,0,0,0,0,0,1,6,1,46,8,1995,2,5,2,1,2
2018051800806,2,9,0,4,0,1,0,0,0,0,1,1,6,3,-1,-1,999,1,3,-1,-1,-1
2018051800807,1,9,0,13,0,1,0,0,1,0,4,1,6,1,60,9,-1,-1,-1,4,1,4
2018051800808,1,9,0,18,0,1,0,0,0,0,1,1,6,2,27,6,-1,-1,-1,4,1,4
2018051800808,2,8,0,3,0,1,0,0,0,0,2,1,1,1,39,7,1598,2,2,1,1,1
2018051800808,3,9,0,3,0,1,0,0,0,0,1,1,6,1,56,9,1968,2,8,9,1,9
2018051800808,4,9,0,3,0,1,0,0,0,0,3,1,6,1,25,5,2143,2,2,2,1,2
2018051800810,1,9,0,18,0,2,5,4,0,0,1,1,6,2,29,6,1124,1,7,5,1,5
2018051800810,2,9,0,2,0,2,0,0,0,0,2,1,6,1,34,6,1956,2,8,4,1,4
2018051800810,3,9,0,13,0,2,0,0,0,0,2,1,6,1,39,7,1995,2,5,1,1,1
2018051800811,1,9,0,4,0,6,0,0,0,0,3,1,6,2,57,9,998,1,4,1,1,1
2018051800811,2,9,0,18,0,1,0,0,0,0,1,1,6,1,47,8,998,1,9,8,1,8
2018051800815,1,9,0,9,0,8,0,0,0,0,4,1,2,2,27,6,1364,1,2,8,1,8
2018051800815,2,3,0,18,0,8,0,0,0,0,1,1,6,1,37,7,102,1,2,2,1,2
2018051800817,1,19,0,9,0,6,0,0,0,0,1,1,1,1,25,5,1995,2,6,1,1,1
2018051800817,2,9,0,18,0,1,0,0,0,0,4,1,6,1,47,8,2401,2,15,1,1,1
2018051800817,3,9,0,18,0,1,0,0,0,0,1,1,6,2,44,7,999,1,2,2,1,2
2018051800818,1,9,0,18,0,8,0,0,0,0,1,1,6,2,23,5,998,1,2,4,1,4
2018051800818,2,9,0,18,0,8,0,0,0,0,1,1,6,1,47,8,1299,1,16,3,1,3
2018051800819,1,19,0,18,0,6,0,0,0,0,1,1,6,2,46,8,-1,-1,-1,1,1,1
2018051800819,2,9,0,18,0,8,0,0,0,0,0,1,6,2,37,7,1798,8,4,1,1,1
2018051800820,1,9,0,18,0,0,0,0,0,0,1,1,6,2,24,5,1299,1,14,7,1,7
2018051800823,1,9,0,6,0,2,0,0,0,0,3,1,6,1,29,6,999,1,1,2,1,2
2018051800823,2,3,0,18,0,2,0,0,0,0,1,1,6,1,21,5,125,1,11,1,1,1
2018051800824,1,9,0,18,0,0,0,0,0,0,1,1,2,1,27,6,999,1,1,9,1,9
2018051800824,2,9,0,4,0,0,0,0,0,0,2,1,2,1,29,6,1995,2,8,2,1,2
2018051800825,1,9,0,12,0,1,0,0,0,0,4,1,6,1,82,11,1991,1,18,9,1,9
2018051800825,2,9,0,3,0,1,0,0,0,0,2,1,6,2,51,8,1200,1,4,6,1,6
2018051800826,1,9,0,18,0,8,0,0,0,0,1,1,6,3,-1,-1,-1,-1,-1,-1,-1,-1
2018051800827,1,9,0,18,0,0,0,0,0,0,1,1,6,2,53,8,1596,1,11,2,1,2
2018051800828,1,8,0,18,0,1,0,0,0,0,1,1,1,1,50,8,1910,2,9,1,1,1
2018051800828,2,8,0,18,0,8,0,0,0,0,1,1,1,1,29,6,1598,2,5,1,1,1
2018051800829,1,9,0,9,0,7,0,0,0,0,1,1,6,1,20,4,1560,2,4,5,1,5
2018051800829,2,9,0,18,0,8,1,0,0,0,1,1,6,2,32,6,1389,1,16,6,1,6
2018051800830,1,9,0,1,0,0,0,0,0,0,2,1,6,1,47,8,1598,1,17,1,1,1
2018051800831,1,9,0,18,0,0,0,0,0,0,1,1,6,3,-1,-1,-1,-1,-1,-1,-1,-1
2018051800833,1,9,0,9,0,8,0,0,0,0,1,1,6,1,35,6,-1,-1,-1,3,1,3
2018051800834,1,9,0,1,0,0,0,0,0,0,2,1,6,1,47,8,1598,1,17,1,1,1
2018051800835,1,9,0,18,0,1,0,0,0,0,1,1,6,2,73,10,998,1,12,1,1,1
2018051800835,2,9,0,18,0,1,0,0,0,0,4,1,6,2,44,7,2993,2,11,10,1,10
2018051800836,1,9,0,18,0,8,0,0,0,0,4,1,6,3,-1,-1,-1,-1,-1,-1,-1,-1
2018051800836,2,9,0,18,0,8,0,0,0,0,1,1,6,2,23,5,996,1,4,9,1,9
2018051800838,1,9,0,4,0,1,0,0,0,0,0,1,6,3,-1,-1,-1,-1,-1,-1,-1,-1
2018051800839,1,8,0,9,0,6,0,0,0,0,1,1,1,1,24,5,1499,2,2,3,1,3
2018051800841,1,9,0,18,0,0,0,0,0,0,1,1,6,1,54,8,1198,1,3,2,1,2
2018051800844,1,9,0,18,0,1,0,0,0,0,1,1,2,1,64,9,1299,1,17,5,1,5
2018051800844,2,90,0,4,0,2,0,0,0,0,2,1,3,1,40,7,-1,-1,-1,2,1,2
2018051800845,1,9,0,9,0,1,0,0,0,0,3,1,6,1,47,8,1598,2,8,1,1,1
2018051800845,2,9,0,18,0,1,0,0,0,0,1,1,6,1,83,11,2496,2,14,1,1,1
2018051800846,1,9,0,18,0,8,2,0,7,2,1,1,2,1,21,5,1242,1,8,8,1,8
2018051800847,1,8,0,18,0,1,0,0,0,0,1,1,1,1,44,7,1686,2,7,1,1,1
2018051800847,2,9,0,18,0,1,0,0,1,0,3,1,6,1,55,8,2987,2,2,8,1,8
2018051800848,1,9,0,4,0,1,0,0,1,1,1,1,6,2,59,9,999,1,6,6,1,6
2018051800848,2,9,0,10,0,1,0,0,0,0,2,1,6,2,65,9,1798,1,2,8,1,8
2018051800848,3,19,0,4,0,1,0,0,0,0,1,1,1,2,31,6,1753,2,14,1,1,1
2018051800850,1,9,0,5,0,1,0,0,0,0,4,1,6,2,70,10,1598,1,10,6,1,6
2018051800850,2,1,0,18,0,1,0,0,0,0,1,1,6,1,57,9,-1,-1,-1,10,2,10
2018051800851,1,9,0,1,0,0,0,0,0,0,2,1,6,3,-1,-1,2143,2,2,-1,-1,-1
2018051800852,1,9,0,18,0,8,0,0,0,0,3,1,6,2,40,7,1596,1,4,1,1,1
2018051800852,2,9,0,18,0,8,0,0,0,0,4,1,6,2,57,9,999,1,2,9,1,9
2018051800854,1,9,0,18,0,0,0,0,0,0,3,1,6,1,-1,-1,1762,1,21,-1,-1,-1
2018051800855,1,1,0,5,0,1,0,0,0,0,1,1,6,1,44,7,-1,-1,-1,-1,2,-1
2018051800855,2,9,0,18,0,1,0,0,0,0,3,1,6,1,34,6,1753,2,11,2,1,2
2018051800856,1,5,0,18,0,3,0,0,0,0,1,1,6,1,31,6,599,1,10,1,1,1
2018051800857,1,9,0,4,0,1,0,0,0,0,1,1,6,2,27,6,1598,2,7,1,1,1
2018051800858,1,9,0,18,0,8,0,0,0,0,3,1,6,2,30,6,1296,1,10,1,-1,1
2018051800858,2,9,0,18,0,8,0,0,0,0,1,1,6,2,63,9,1149,1,3,5,1,5
2018051800860,1,9,0,9,0,6,0,0,0,0,3,1,6,2,41,7,2993,2,1,7,1,7
2018051800860,2,3,0,18,0,8,0,0,0,0,1,1,6,1,20,4,124,1,2,5,1,5
2018051800861,1,9,0,18,0,0,0,0,0,0,4,1,6,1,42,7,-1,-1,-1,3,1,3
2018051800861,2,8,0,4,0,0,0,0,0,0,4,1,1,1,25,5,2664,2,18,5,1,5
2018051800862,1,9,0,9,0,7,0,0,0,0,1,1,6,1,30,6,1499,2,3,2,1,2
2018051800862,2,8,0,18,0,1,0,0,0,0,1,1,1,1,37,7,1896,2,11,1,1,1
2018051800863,1,19,0,13,0,8,0,0,0,0,4,1,6,3,-1,-1,-1,-1,-1,-1,-1,-1
2018051800863,2,9,0,18,0,8,1,10,1,0,3,1,2,1,53,8,2967,2,1,10,1,10
2018051800864,1,11,0,5,0,0,0,0,0,0,4,1,1,1,50,8,6696,2,3,1,1,1
2018051800865,1,9,0,18,0,8,0,0,0,0,1,1,2,2,48,8,1198,1,11,6,1,6
2018051800866,1,9,0,18,0,8,0,0,0,0,4,1,6,1,82,11,1587,1,13,5,1,5
2018051800866,2,1,0,9,0,8,0,0,0,0,1,1,6,2,50,8,-1,-1,-1,6,1,6
2018051800867,1,9,0,9,0,6,0,0,0,0,1,1,6,3,-1,-1,-1,-1,-1,-1,-1,-1
2018051800867,2,9,0,9,0,6,0,0,0,0,0,1,6,2,32,6,1499,2,3,1,1,1
2018051800868,1,9,0,1,0,0,0,4,0,0,2,1,6,1,78,11,1197,1,-1,6,1,6
2018051800868,2,19,0,2,0,0,0,0,0,0,1,1,6,3,-1,-1,2198,2,8,-1,-1,-1
2018051800870,1,9,0,1,0,0,0,0,0,0,3,1,6,2,-1,-1,-1,-1,-1,1,1,1
2018051800872,1,9,0,7,0,1,0,0,0,0,4,1,6,3,-1,-1,-1,-1,-1,-1,-1,-1
2018051800873,1,9,0,9,0,5,0,0,0,0,3,1,6,1,19,4,-1,-1,-1,7,1,7
2018051800874,1,9,0,9,0,8,0,0,0,0,1,1,1,2,44,7,1997,2,4,1,1,1
2018051800874,2,1,0,18,0,8,0,0,0,0,1,1,6,1,21,5,-1,-1,-1,9,1,9
2018051800875,1,9,0,18,0,0,0,0,0,0,4,1,6,1,29,6,1995,2,13,1,1,1
2018051800877,1,9,0,7,0,8,0,0,0,0,1,1,6,2,31,6,1598,2,5,8,1,8
2018051800877,2,9,0,18,0,8,0,0,0,0,4,1,6,1,56,9,2400,2,7,6,1,6
2018051800879,1,9,0,1,0,0,0,0,0,0,2,1,6,2,88,11,1248,1,3,10,1,10
2018051800880,1,8,0,7,0,1,0,0,0,0,4,1,1,1,27,6,1560,2,6,7,1,7
2018051800880,2,9,0,18,0,1,0,0,0,0,1,1,6,3,-1,-1,2967,2,2,-1,-1,-1
2018051800881,1,9,0,18,0,0,0,4,0,0,4,1,6,1,51,8,1248,2,8,1,1,1
2018051800881,2,9,0,2,0,0,0,4,1,0,3,1,6,3,-1,-1,1242,1,2,-1,-1,-1
2018051800881,3,9,0,2,0,0,0,0,0,0,1,1,6,3,-1,-1,1461,2,9,-1,-1,-1
2018051800882,1,9,0,11,0,0,0,0,0,0,4,1,6,1,19,4,1339,1,12,4,1,4
2018051800882,2,11,0,18,0,0,0,0,0,0,3,1,1,1,66,10,6700,2,9,10,1,10
2018051800883,1,9,0,18,0,0,0,0,0,0,3,1,6,3,-1,-1,1995,2,4,-1,-1,-1
2018051800883,2,9,0,18,0,0,1,0,7,11,4,1,6,1,42,7,1896,2,17,1,1,1
2018051800884,1,9,0,18,0,1,1,0,0,0,3,1,6,1,50,8,1598,2,2,3,1,3
2018051800884,2,9,0,18,0,1,0,0,0,0,1,1,6,2,53,8,1598,1,8,8,1,8
2018051800887,1,9,0,18,0,8,0,10,7,1,1,1,6,1,17,4,-1,-1,-1,4,1,4
2018051800887,2,9,0,9,0,8,0,0,0,0,1,1,6,1,25,5,1991,1,4,4,3,4
2018051800888,1,19,0,18,0,8,0,0,0,0,1,1,6,1,59,9,1753,2,14,1,1,1
2018051800888,2,1,0,18,0,8,0,0,0,0,2,1,1,1,49,8,-1,-1,-1,2,1,2
2018051800893,1,9,0,18,0,0,0,0,0,0,1,1,6,1,20,4,2000,2,10,2,1,2
2018051800893,2,9,0,18,0,0,0,0,0,0,3,1,6,2,56,9,1461,2,2,8,1,8
2018051800893,3,8,0,18,0,0,0,0,0,0,3,1,1,1,71,10,2664,2,19,-1,-1,-1
2018051800894,1,9,0,9,0,8,0,0,0,0,4,1,6,3,-1,-1,-1,-1,-1,-1,-1,-1
2018051800894,2,1,0,18,0,8,0,0,0,0,1,1,6,1,21,5,-1,-1,-1,4,1,4
2018051800894,3,21,0,4,0,1,0,0,0,0,1,1,1,1,40,7,6370,2,12,1,1,1
2018051800895,1,9,0,9,0,1,0,0,0,0,1,1,6,1,34,6,1997,2,9,2,1,2
2018051800895,2,1,0,18,0,8,0,0,0,0,1,1,2,1,25,5,-1,-1,-1,4,1,4
2018051800896,1,19,0,18,0,0,0,0,0,0,1,1,6,1,51,8,1461,2,4,6,1,6
2018051800896,2,9,0,18,0,0,0,0,0,0,2,1,6,2,37,7,1560,2,6,1,1,1
2018051800897,1,9,0,18,0,0,0,0,0,0,3,1,6,2,18,4,998,1,9,2,1,2
2018051800898,1,9,0,5,0,4,1,0,8,1,1,1,6,1,21,5,1968,2,4,1,1,1
2018051800902,1,9,0,16,0,0,0,0,1,1,1,1,6,1,33,6,1124,1,16,1,1,1
2018051800903,1,3,0,18,0,1,0,0,0,0,1,1,6,1,23,5,102,1,3,1,1,1
2018051800903,2,9,0,4,0,1,0,0,3,0,2,1,6,1,24,5,1499,1,2,2,1,2
2018051800904,1,8,0,9,0,8,0,0,0,0,4,1,1,1,31,6,1753,2,9,1,1,1
2018051800904,2,9,0,18,0,8,0,0,0,0,1,1,2,2,20,4,1242,1,6,4,1,4
2018051800905,1,9,0,18,0,0,0,0,0,0,1,1,2,1,43,7,1388,1,12,2,1,2
2018051800905,2,9,0,4,0,0,0,0,1,0,2,1,6,2,30,6,999,1,2,6,1,6
2018051800906,1,9,0,18,0,0,5,0,1,9,4,1,6,2,28,6,1242,1,8,7,1,7
2018051800908,1,9,0,18,0,1,0,0,0,0,1,1,6,2,39,7,1398,1,3,4,1,4
2018051800909,1,9,0,18,0,8,0,0,0,0,1,1,6,1,13,3,998,1,5,5,1,5
2018051800910,1,9,0,18,0,0,0,0,0,0,1,1,6,2,25,5,-1,-1,-1,-1,-1,-1
2018051800911,1,9,0,18,0,8,0,0,0,0,3,1,2,2,65,9,1598,1,7,2,1,2
2018051800912,1,5,0,9,0,8,0,0,0,0,1,1,2,1,26,6,782,1,14,1,1,1
2018051800912,2,9,0,18,0,8,0,0,0,0,3,1,2,2,48,8,998,1,3,-1,3,-1
2018051800917,1,9,0,18,0,1,0,0,0,0,1,1,6,3,-1,-1,-1,-1,-1,-1,-1,-1
2018051800917,2,9,0,3,0,1,0,0,0,0,3,1,6,2,42,7,1560,2,5,2,1,2
2018051800918,1,9,0,9,0,6,0,0,0,0,3,1,6,1,77,11,1229,1,3,8,1,8
2018051800918,2,9,0,18,0,8,0,0,0,0,1,1,1,1,49,8,1995,2,2,1,1,1
2018051800921,1,9,0,18,0,0,0,0,0,0,0,1,1,1,-1,-1,2993,2,1,-1,-1,-1
2018051800921,2,9,0,18,0,0,0,0,0,0,1,1,6,1,26,6,1242,1,11,1,1,1
2018051800921,3,9,0,18,0,0,0,0,0,0,1,1,6,1,59,9,999,1,2,2,1,2
2018051800921,4,9,0,2,0,0,0,0,0,0,3,1,6,3,-1,-1,1360,1,11,-1,-1,-1
2018051800922,1,9,0,16,0,0,0,0,0,0,1,1,6,1,20,4,1560,2,3,6,1,6
2018051800922,2,9,0,4,0,0,0,0,0,0,2,1,6,2,40,7,1753,2,11,1,1,1
2018051800923,1,9,0,18,0,0,0,0,0,0,1,1,6,1,20,4,999,1,1,9,1,9
2018051800923,2,9,0,18,0,0,0,0,0,0,1,1,2,2,22,5,1197,1,5,9,1,9
2018051800923,3,9,0,18,0,0,0,0,1,11,1,1,2,1,30,6,1596,1,10,1,1,1
2018051800923,4,9,0,18,0,0,0,0,0,0,1,1,1,1,51,8,998,1,6,6,1,6
2018051800923,5,9,0,18,0,0,0,0,0,0,1,1,6,1,41,7,1968,2,3,6,1,6
2018051800923,6,9,0,18,0,0,0,0,0,0,1,1,6,1,24,5,998,1,5,2,1,2
2018051800923,7,9,0,18,0,0,0,0,0,0,1,1,6,2,59,9,1598,2,2,4,1,4
2018051800924,1,9,0,1,0,0,0,0,0,0,2,1,6,1,-1,-1,-1,-1,-1,-1,-1,-1
2018051800925,1,9,0,4,0,2,0,0,0,0,1,1,2,1,39,7,1587,1,15,7,1,7
2018051800926,1,9,0,12,0,8,0,0,7,0,1,1,6,1,31,6,1229,1,7,1,1,1
2018051800926,2,11,0,18,0,8,0,0,0,0,3,1,1,1,47,8,-1,3,1,1,1,1
2018051800927,1,19,0,18,0,1,0,0,0,0,1,1,6,3,-1,-1,-1,-1,-1,-1,-1,-1
2018051800927,2,9,0,10,0,5,0,0,0,0,2,1,6,2,28,6,1560,2,11,5,1,5
2018051800928,1,8,0,1,0,2,0,0,0,0,2,1,1,3,-1,-1,-1,-1,-1,-1,-1,-1
2018051800928,2,9,0,2,0,2,0,0,0,0,2,1,6,3,-1,-1,-1,-1,-1,-1,-1,-1
2018051800929,1,9,0,18,0,0,0,0,0,0,1,1,6,3,-1,-1,-1,-1,-1,-1,-1,-1
2018051800929,2,9,0,17,0,0,0,0,0,0,3,1,2,2,54,8,1242,1,5,6,1,6
2018051800931,1,8,0,14,0,0,0,0,0,0,1,1,2,1,34,6,1499,2,1,9,1,9
2018051800932,1,5,0,13,0,0,1,0,0,0,1,1,6,1,35,6,599,1,18,8,1,8
2018051800932,2,9,0,18,0,0,0,0,0,0,1,1,2,2,24,5,999,1,3,9,2,9
2018051800933,1,8,0,18,0,0,0,0,0,0,4,1,1,1,36,7,1956,2,6,1,1,1
2018051800934,1,9,0,12,0,1,0,0,0,0,3,1,6,1,46,8,-1,-1,-1,9,2,9
2018051800934,2,9,0,18,0,1,0,0,0,0,4,1,2,2,45,7,2143,2,1,4,1,4
2018051800935,1,9,0,14,0,8,0,0,0,0,1,1,2,1,22,5,1499,1,2,4,1,4
2018051800935,2,9,0,9,0,6,0,0,0,0,1,1,3,2,30,6,1598,1,4,2,1,2
2018051800936,1,1,0,9,0,1,0,0,0,0,3,1,6,1,48,8,-1,-1,-1,1,1,1
2018051800936,2,9,0,18,0,1,0,0,0,0,1,1,6,1,31,6,1596,1,11,3,1,3
2018051800937,1,9,0,9,0,8,0,0,0,0,1,1,6,2,18,4,1397,1,10,9,1,9
2018051800937,2,9,0,18,0,8,0,0,0,0,1,1,6,1,44,7,1461,2,7,6,1,6
2018051800938,1,9,0,9,0,8,0,0,0,0,1,1,6,2,18,4,1206,1,7,8,1,8
2018051800938,2,9,0,18,0,8,0,0,0,0,1,1,6,2,65,9,1560,2,4,1,1,1
2018051800939,1,9,0,1,0,0,0,0,0,0,2,1,6,1,20,4,1560,2,6,2,1,2
2018051800941,1,9,0,18,0,4,0,9,0,0,1,1,6,1,47,8,1598,1,6,2,1,2
2018051800942,1,9,0,5,0,0,0,0,0,0,0,1,1,1,35,6,1499,2,1,1,1,1
2018051800943,1,1,0,18,0,0,0,0,0,0,2,1,6,1,14,3,-1,-1,-1,1,1,1
2018051800943,2,5,0,18,0,0,0,0,0,0,1,1,1,1,44,7,598,1,22,6,1,6
2018051800944,1,9,0,7,0,1,0,0,0,0,4,1,6,1,31,6,-1,-1,-1,3,1,3
2018051800944,2,1,0,18,0,6,0,0,0,0,1,1,6,1,15,3,-1,-1,-1,1,1,1
2018051800945,1,9,0,18,0,8,0,0,1,0,3,1,6,2,23,5,1598,2,2,1,1,1
2018051800945,2,19,0,18,0,8,0,0,0,0,4,1,1,1,48,8,1560,2,7,1,1,1