Accident_Index,Vehicle_Reference,Vehicle_Type,Towing_and_Articulation,Vehicle_Manoeuvre,Vehicle_Location-Restricted_Lane,Junction_Location,Skidding_and_Overturning,Hit_Object_in_Carriageway,Vehicle_Leaving_Carriageway,Hit_Object_off_Carriageway,1st_Point_of_Impact,Was_Vehicle_Left_Hand_Drive?,Journey_Purpose_of_Driver,Sex_of_Driver,Age_of_Driver,Age_Band_of_Driver,Engine_Capacity_(CC),Propulsion_Code,Age_of_Vehicle,Driver_IMD_Decile,Driver_Home_Area_Type,Vehicle_IMD_Decile
2018051800946,1,19,0,1,0,0,0,0,0,0,2,1,1,1,27,6,1968,2,3,1,1,1
2018051800947,1,10,0,17,0,0,0,0,0,0,4,1,6,1,63,9,2500,2,11,1,1,1
2018051800947,2,1,0,17,0,0,0,0,0,0,1,1,4,1,8,2,-1,-1,-1,1,1,1
2018051800951,1,9,0,8,0,1,0,0,0,0,2,1,6,3,-1,-1,-1,-1,-1,-1,-1,-1
2018051800952,1,-1,0,18,0,0,0,0,0,0,1,1,6,3,-1,-1,-1,-1,-1,-1,-1,-1
2018051800953,1,1,0,18,0,0,0,0,0,0,1,1,6,1,23,5,-1,-1,-1,1,1,1
2018051800953,2,9,0,18,0,0,0,0,0,0,4,1,6,2,37,7,1240,1,12,2,1,2
2018051800955,1,19,0,10,0,5,0,0,0,0,1,1,6,1,38,7,2198,2,9,7,1,7
2018051800955,2,9,0,18,0,8,0,0,0,0,3,1,6,1,61,9,1198,1,4,-1,-1,-1
2018051800957,1,9,0,1,0,0,0,0,0,0,2,1,6,3,-1,-1,-1,-1,-1,-1,-1,-1
2018051800958,1,9,0,18,0,0,0,0,0,0,1,1,6,1,34,6,-1,-1,-1,9,1,9
2018051800959,1,9,0,18,0,0,1,0,1,0,1,1,6,3,-1,-1,-1,-1,-1,-1,-1,-1
2018051800959,2,9,0,18,0,0,0,0,7,0,1,1,6,1,45,7,1995,2,5,3,3,3
2018051800960,1,9,0,6,0,0,0,0,0,0,3,1,6,1,18,4,999,1,4,-1,-1,-1
2018051800960,2,5,0,18,0,0,0,0,0,0,1,1,6,1,39,7,1037,1,1,2,1,2
2018051800961,1,1,0,18,0,8,0,0,0,0,4,1,6,1,14,3,-1,-1,-1,1,1,1
2018051800961,2,9,0,18,0,6,0,0,0,0,1,1,6,1,43,7,1398,1,7,1,1,1
2018051800962,1,9,0,1,0,1,0,0,0,0,2,1,6,2,27,6,-1,-1,-1,9,1,9
2018051800963,1,9,0,17,0,0,0,0,0,0,1,1,6,1,29,6,1997,2,9,6,1,6
2018051800964,1,9,0,18,0,0,0,0,0,0,1,1,6,2,80,11,1242,1,7,1,1,1
2018051800964,2,9,0,2,0,0,0,0,0,0,3,1,6,3,-1,-1,-1,-1,-1,-1,-1,-1
2018051800964,3,9,0,2,0,0,0,0,0,0,3,1,6,3,-1,-1,1896,2,16,-1,-1,-1
2018051800965,1,9,0,9,0,1,0,0,0,0,1,1,6,1,22,5,1229,1,4,8,1,8
2018051800965,2,5,0,18,0,1,0,0,0,0,1,1,6,1,27,6,649,1,4,3,1,3
2018051800966,1,9,0,18,0,8,0,0,0,0,1,1,1,1,69,10,1798,1,15,-1,3,-1
2018051800966,2,9,0,18,0,8,0,0,0,0,1,1,2,1,52,8,1995,1,9,1,1,1
2018051800968,1,9,0,18,0,1,0,0,0,0,1,1,6,3,-1,-1,-1,-1,-1,-1,-1,-1
2018051800968,2,9,0,18,0,1,0,0,0,0,2,1,1,1,36,7,1560,2,2,1,1,1
2018051800970,1,9,0,9,0,6,0,0,0,0,2,1,2,2,30,6,1242,1,2,9,2,9
2018051800970,2,5,0,18,0,8,0,0,1,0,1,1,6,1,19,4,806,1,4,5,1,5
2018051800971,1,9,0,6,0,8,0,0,1,11,1,1,6,2,77,11,1339,1,11,2,1,2
2018051800971,2,9,0,18,0,8,0,0,0,0,3,1,6,2,55,8,1242,1,8,1,1,1
2018051800972,1,9,0,17,0,0,0,0,1,4,4,1,2,1,31,6,1997,2,9,8,1,8
2018051800973,1,9,0,2,0,1,0,0,0,0,3,1,1,1,34,6,1582,2,5,-1,-1,-1
2018051800973,2,1,0,17,0,1,0,4,0,0,1,1,6,1,20,4,-1,-1,-1,1,1,1
2018051800974,1,19,0,9,0,6,0,0,0,0,3,1,6,1,32,6,-1,-1,-1,4,-1,4
2018051800974,2,9,0,3,0,2,0,0,0,0,3,1,6,2,60,9,1229,1,7,1,1,1
2018051800975,1,9,0,9,0,2,0,0,0,0,1,2,6,2,30,6,1997,2,10,9,1,9
2018051800975,2,9,0,3,0,2,0,0,0,0,2,2,1,2,35,6,1582,2,6,-1,-1,-1
2018051800976,1,21,2,18,0,0,0,0,0,0,1,1,1,3,-1,-1,-1,-1,-1,-1,-1,-1
2018051800976,2,9,0,18,0,0,1,10,1,0,2,1,6,1,33,6,1840,1,20,1,1,1
2018051800977,1,9,0,7,0,5,0,0,0,0,1,1,6,1,74,10,2457,1,11,7,3,7
2018051800979,1,19,0,18,0,0,0,0,0,0,1,1,6,3,-1,-1,-1,-1,-1,-1,-1,-1
2018051800980,1,1,0,18,0,0,0,4,0,0,1,1,6,1,15,3,-1,-1,-1,8,1,8
2018051800980,2,9,0,4,0,0,0,0,0,0,2,1,1,1,55,8,2979,1,4,9,1,9
2018051800983,1,19,0,18,0,8,0,0,0,0,1,1,6,1,23,5,2198,2,3,7,1,7
2018051800983,2,9,0,18,0,8,0,0,0,0,2,1,6,1,47,8,2400,2,7,10,1,10
2018051800985,1,9,0,9,0,8,0,0,0,0,4,1,1,1,28,6,1499,2,3,1,1,1
2018051800985,2,1,0,18,0,8,0,0,0,0,1,1,6,1,18,4,-1,-1,-1,2,1,2
2018051800986,1,9,0,18,0,0,0,0,0,0,1,1,6,1,35,6,1598,1,8,5,1,5
2018051800986,2,9,0,18,0,0,1,0,0,0,2,1,2,2,28,6,1398,1,-1,9,2,9
2018051800987,1,9,0,18,0,0,0,0,0,0,0,1,1,1,-1,-1,2993,2,4,-1,-1,-1
2018051800987,2,9,0,18,0,0,0,0,0,0,1,1,6,3,-1,-1,-1,-1,-1,-1,-1,-1
2018051800987,3,4,0,18,0,0,0,0,0,0,1,1,6,1,20,4,-1,-1,-1,1,1,1
2018051800989,1,9,0,9,0,1,0,0,0,0,4,1,6,1,33,6,1197,1,-1,3,1,3
2018051800989,2,5,0,18,0,1,0,0,0,0,1,1,6,1,41,7,636,1,4,7,1,7
2018051800990,1,90,0,18,0,4,0,0,0,0,3,1,1,2,30,6,2987,2,2,2,1,2
2018051800990,2,9,0,18,0,3,0,0,0,0,3,1,6,2,23,5,1496,2,2,5,1,5
2018051800991,1,5,0,4,0,0,1,0,0,0,4,1,6,1,20,4,600,1,13,1,1,1
2018051800992,1,9,0,18,0,0,0,4,0,0,1,1,2,2,28,6,999,1,4,1,1,1
2018051800992,2,9,0,2,0,0,0,4,0,0,2,1,6,3,-1,-1,1246,1,11,-1,-1,-1
2018051800992,3,9,0,2,0,0,0,0,0,0,1,1,6,3,-1,-1,1499,2,2,-1,-1,-1
2018051800994,1,9,0,9,0,8,0,0,0,0,1,1,6,1,34,6,1498,1,1,1,1,1
2018051800994,2,9,0,9,0,8,0,0,0,0,3,1,6,1,19,4,998,1,2,1,1,1
2018051800995,1,9,0,4,0,0,0,0,0,0,1,1,1,1,55,8,1997,2,5,-1,2,-1
2018051800995,2,9,0,4,0,0,0,0,0,0,2,1,3,2,30,6,1968,2,4,1,1,1
2018051800996,1,5,0,15,0,0,1,0,2,7,1,1,6,1,50,8,998,1,18,1,1,1
2018051800996,2,9,0,18,0,0,0,0,0,0,2,1,6,1,23,5,1968,2,12,7,3,7
2018051800997,1,9,0,18,0,0,0,0,0,0,1,1,6,1,45,7,999,1,3,1,1,1
2018051800999,1,8,0,18,0,0,0,0,0,0,3,1,6,3,-1,-1,-1,-1,-1,-1,-1,-1
2018051801001,1,9,0,13,0,3,0,0,0,0,4,1,6,1,46,8,1794,1,13,1,1,1
2018051801001,2,1,0,18,0,8,0,0,0,0,3,1,6,1,53,8,-1,-1,-1,4,1,4
2018051801003,1,9,0,18,0,8,0,0,0,0,1,1,6,1,28,6,1995,2,13,3,1,3
2018051801003,2,9,0,18,0,8,0,0,0,0,3,1,6,1,42,7,2969,2,11,10,1,10
2018051801004,1,9,0,5,0,6,0,0,0,0,1,1,6,2,33,6,1461,2,8,2,1,2
2018051801004,2,9,0,18,0,8,0,0,0,0,1,1,6,1,30,6,1598,1,10,7,1,7
2018051801005,1,19,0,6,0,0,0,0,0,0,3,1,6,1,27,6,2198,2,3,8,1,8
2018051801005,2,5,0,13,0,0,0,0,0,0,1,1,6,1,40,7,988,1,15,2,1,2
2018051801006,1,19,0,18,0,0,0,0,0,0,1,1,6,1,46,8,1560,2,5,10,1,10
2018051801007,1,9,0,7,0,8,0,0,0,0,1,1,6,2,59,9,2179,2,6,2,1,2
2018051801007,2,9,0,10,0,1,0,0,0,0,3,1,6,1,35,6,1396,1,16,7,1,7
2018051801009,1,9,-1,3,0,0,0,0,0,0,1,1,6,2,39,7,1364,2,5,3,1,3
2018051801009,2,9,0,1,0,0,0,0,0,0,2,1,6,1,23,5,-1,-1,-1,3,1,3
2018051801011,1,9,0,18,0,0,0,0,0,0,1,1,6,1,45,7,1968,2,7,5,1,5
2018051801011,2,3,0,18,0,0,0,0,0,0,0,1,2,1,23,5,-1,-1,-1,2,1,2
2018051801013,1,9,0,4,0,5,0,0,0,0,2,1,6,1,40,7,1998,2,8,5,1,5
2018051801015,1,9,0,18,0,0,0,0,0,0,3,1,6,3,-1,-1,-1,-1,-1,-1,-1,-1
2018051801015,2,9,0,18,0,0,0,0,0,0,3,1,6,1,30,6,1149,1,15,1,1,1
2018051801015,3,9,0,18,0,0,0,0,0,0,2,1,6,2,48,8,1200,1,1,1,1,1
2018051801016,1,11,0,18,0,8,0,0,0,0,3,1,1,1,75,10,10518,2,10,1,1,1
2018051801016,2,9,0,9,0,8,0,0,0,0,1,1,2,1,72,10,1242,1,3,1,1,1
2018051801017,1,9,0,1,0,0,0,0,0,0,2,1,6,1,58,9,-1,-1,-1,-1,-1,-1
2018051801017,2,9,0,2,0,0,0,0,0,0,3,1,6,3,-1,-1,1596,1,4,-1,-1,-1
2018051801018,1,9,0,7,0,6,0,0,0,0,1,1,6,1,45,7,1686,2,13,1,1,1
2018051801018,2,1,0,18,0,8,0,0,0,0,2,1,6,1,68,10,-1,-1,-1,8,1,8
2018051801019,1,9,0,9,0,8,0,0,0,0,4,1,6,1,38,7,998,1,17,5,1,5
2018051801019,2,9,0,18,0,8,1,0,0,0,1,1,6,1,38,7,1596,1,12,8,1,8
2018051801020,1,9,0,9,0,6,0,0,0,0,1,1,6,2,54,8,1242,1,1,1,1,1
2018051801020,2,9,0,18,0,1,0,0,0,0,1,1,6,1,35,6,1984,1,2,1,1,1
2018051801022,1,9,0,1,0,0,0,0,0,0,2,1,6,2,-1,-1,2231,2,9,-1,-1,-1
2018051801023,1,1,0,7,0,1,0,0,0,0,1,1,6,1,20,4,-1,-1,-1,1,1,1
2018051801023,2,11,0,18,0,1,0,0,0,0,4,1,1,1,-1,-1,4250,2,6,1,1,1
2018051801024,1,9,0,18,0,1,0,0,0,0,1,1,6,2,26,6,2143,2,4,7,1,7
2018051801025,1,9,0,18,0,1,0,0,0,0,0,1,6,3,-1,-1,-1,-1,-1,-1,-1,-1
2018051801025,2,1,0,18,0,1,0,0,0,0,0,1,6,1,47,8,-1,-1,-1,10,1,10
2018051801026,1,9,0,5,0,0,0,0,0,0,3,1,6,2,59,9,1560,2,2,8,2,8
2018051801026,2,9,0,16,0,0,0,0,0,0,1,1,6,1,42,7,999,1,2,3,1,3
2018051801027,1,9,0,5,0,6,0,0,0,0,1,1,6,1,31,6,-1,-1,-1,1,1,1
2018051801027,2,8,0,9,0,6,0,0,0,0,3,1,6,1,62,9,1997,2,5,1,1,1
2018051801029,1,9,0,7,0,1,0,0,0,0,4,1,6,1,-1,-1,998,1,13,-1,-1,-1
2018051801029,2,1,0,18,0,1,0,0,0,0,3,1,6,1,26,6,-1,-1,-1,1,1,1
2018051801033,1,97,0,18,0,5,0,10,0,0,1,1,6,1,-1,-1,-1,-1,-1,-1,-1,-1
2018051801033,2,9,0,9,0,5,0,0,0,0,2,1,6,2,34,6,1598,1,11,5,1,5
2018051801035,1,11,0,18,0,2,0,0,0,0,1,1,1,1,54,8,4249,2,6,1,1,1
2018051801036,1,9,0,18,0,1,0,0,0,0,1,1,6,3,-1,-1,-1,-1,-1,-1,-1,-1
2018051801036,2,9,0,2,0,1,0,0,0,0,2,1,2,1,20,4,1229,1,3,9,1,9
2018051801037,1,9,0,4,0,0,1,0,0,0,1,1,6,2,47,8,2967,2,5,6,1,6
2018051801037,2,9,0,4,0,0,0,0,0,0,2,1,6,2,65,9,1496,2,1,5,1,5
2018051801038,1,9,0,7,0,6,0,0,0,0,0,1,6,2,47,8,1242,1,7,3,1,3
2018051801038,2,3,0,18,0,8,1,0,0,0,3,1,2,1,60,9,125,1,2,7,1,7
2018051801039,1,9,0,16,0,6,0,0,0,0,1,1,6,3,-1,-1,-1,-1,-1,-1,-1,-1
2018051801040,1,9,0,18,0,1,0,0,0,0,1,1,6,2,31,6,-1,-1,-1,1,1,1
2018051801040,2,8,0,3,0,1,0,0,0,0,2,1,1,1,35,6,1997,2,4,1,1,1
2018051801041,1,9,0,5,0,1,0,0,0,0,4,1,2,2,60,9,1598,1,4,10,1,10
2018051801042,1,9,0,18,0,0,0,0,0,0,1,1,6,1,76,11,2435,1,13,10,1,10
2018051801042,2,9,0,3,0,0,0,0,0,0,2,1,6,1,29,6,1596,1,10,2,1,2
2018051801043,1,9,0,1,0,0,0,0,0,0,2,1,6,1,64,9,2967,2,5,2,1,2
2018051801044,1,8,0,5,0,0,0,0,0,0,4,1,1,1,60,9,2664,2,19,8,1,8
2018051801045,1,9,0,9,0,6,0,0,0,0,1,1,6,1,57,9,1580,8,1,3,1,3
2018051801045,2,9,0,18,0,8,0,0,0,0,1,1,6,1,70,10,996,1,8,3,1,3
2018051801046,1,9,0,18,0,1,0,0,0,0,1,1,6,1,46,8,-1,-1,-1,4,1,4
2018051801046,2,9,0,3,0,1,0,0,0,0,2,1,6,2,28,6,1461,2,7,5,1,5
2018051801047,1,9,0,18,0,0,0,0,0,0,1,1,6,3,-1,-1,-1,-1,-1,-1,-1,-1
2018051801047,2,1,0,18,0,0,0,0,0,0,2,1,6,1,46,8,-1,-1,-1,1,1,1
2018051801048,1,9,0,9,0,6,0,0,0,0,4,1,6,2,23,5,1229,1,4,6,1,6
2018051801048,2,5,0,13,0,1,0,0,0,0,3,1,6,1,58,9,998,1,13,-1,-1,-1
2018051801049,1,9,0,18,0,8,0,0,0,0,1,1,6,1,25,5,1499,1,-1,1,1,1
2018051801049,2,9,0,18,0,8,0,0,4,11,4,1,6,1,68,10,1598,2,5,10,1,10
2018051801050,1,9,0,18,0,0,0,0,0,0,1,1,1,1,32,6,2993,2,1,-1,-1,-1
2018051801050,2,9,0,17,0,0,0,0,0,0,1,1,1,1,35,6,2993,2,5,2,1,2
2018051801050,3,9,0,17,0,0,0,0,0,0,1,1,6,3,-1,-1,-1,-1,-1,-1,-1,-1
2018051801053,1,9,0,5,0,0,0,0,0,0,1,1,6,3,-1,-1,-1,-1,-1,-1,-1,-1
2018051801056,1,9,0,5,0,0,0,0,0,0,1,1,6,2,31,6,998,1,5,9,1,9
2018051801061,1,9,0,17,0,0,0,0,0,0,3,1,6,2,76,11,1242,1,5,6,1,6
2018051801062,1,1,0,15,0,1,0,0,0,0,3,1,6,1,39,7,-1,-1,-1,4,1,4
2018051801062,2,9,0,4,0,1,0,0,0,0,4,1,6,1,49,8,1499,2,3,2,1,2
2018051801064,1,9,0,18,0,0,0,0,0,0,0,1,1,1,39,7,2993,2,1,2,1,2
2018051801064,2,9,0,18,0,0,0,0,1,4,1,1,6,1,27,6,-1,-1,-1,1,1,1
2018051801065,1,3,0,18,0,0,0,0,0,0,1,1,2,1,30,6,125,1,-1,1,1,1
2018051801065,2,11,0,2,0,0,0,0,0,0,0,1,1,1,51,8,6700,2,9,6,1,6
2018051801068,1,9,0,18,0,8,0,0,0,0,1,1,6,2,27,6,1199,1,16,1,1,1
2018051801068,2,9,0,18,0,8,0,0,0,0,2,1,6,1,59,9,1197,1,-1,1,1,1
2018051801069,1,9,0,18,0,1,0,0,0,0,1,1,6,1,47,8,1598,2,4,1,1,1
2018051801070,1,9,0,18,0,0,0,0,0,0,1,1,6,3,-1,-1,-1,-1,-1,-1,-1,-1
2018051801070,2,3,0,18,0,0,0,0,0,0,2,1,6,1,24,5,125,1,2,6,1,6
2018051801072,1,97,0,15,0,0,0,0,0,0,1,1,6,1,22,5,-1,-1,-1,-1,-1,-1
2018051801074,1,19,0,9,0,1,0,0,0,0,1,1,1,2,55,8,1995,2,5,9,1,9
2018051801074,2,9,0,9,0,1,0,0,0,0,3,1,6,1,36,7,1560,2,9,4,1,4
2018051801075,1,3,0,16,0,0,0,0,0,0,3,1,6,1,21,5,124,1,2,2,1,2
2018051801075,2,9,0,18,0,0,0,0,0,0,3,1,6,1,18,4,1229,1,11,2,1,2
2018051801075,3,9,0,2,0,0,0,0,0,0,2,1,6,3,-1,-1,1598,1,10,-1,-1,-1
2018051801077,1,9,0,18,0,0,0,0,0,0,1,1,3,2,31,6,1398,1,5,2,1,2
2018051801077,2,9,0,17,0,0,0,0,0,0,2,1,6,2,40,7,1956,2,8,8,1,8
2018051801078,1,9,0,17,0,0,0,0,0,0,1,1,6,3,-1,-1,-1,-1,-1,-1,-1,-1
2018051801078,2,9,0,16,0,0,0,0,0,0,1,1,6,1,28,6,1461,2,2,2,1,2
2018051801079,1,9,0,16,0,1,0,0,0,0,1,1,6,1,30,6,2480,1,3,8,1,8
2018051801080,1,9,0,18,0,1,0,0,0,0,1,1,6,3,-1,-1,-1,-1,-1,-1,-1,-1
2018051801080,2,9,0,10,0,1,0,0,0,0,2,1,6,2,50,8,1197,1,3,4,1,4
2018051801082,1,9,0,9,0,6,0,0,0,0,3,1,6,2,28,6,1229,1,7,2,1,2
2018051801082,2,8,0,4,0,1,0,0,0,0,1,1,1,1,56,9,1685,2,5,5,1,5
2018051801083,1,9,0,18,0,1,0,0,0,0,3,1,2,2,30,6,1995,2,3,4,1,4
2018051801084,1,11,0,18,0,0,0,0,7,11,1,1,1,1,60,9,4250,2,7,2,1,2
2018051801085,1,9,0,18,0,4,0,0,2,11,4,1,6,2,28,6,-1,-1,-1,7,1,7
2018051801088,1,9,0,18,0,0,5,4,0,0,4,1,6,2,92,11,998,1,17,7,1,7
2018051801088,2,9,0,2,0,0,0,0,0,0,4,1,6,3,-1,-1,1596,1,11,-1,-1,-1
2018051801088,3,9,0,18,0,0,0,0,0,0,3,1,6,2,68,10,1596,1,11,4,1,4
2018051801090,1,9,0,6,0,0,0,0,0,0,3,1,2,1,61,9,1388,1,8,2,1,2
2018051801090,2,5,0,18,0,0,0,0,0,0,1,1,2,1,38,7,847,1,-1,2,1,2
2018051801091,1,9,0,18,0,1,0,0,0,0,1,1,6,2,57,9,999,1,3,2,1,2
2018051801095,1,9,0,9,0,8,0,0,1,11,3,1,2,1,24,5,1560,2,4,9,1,9
2018051801095,2,9,0,18,0,8,0,0,0,0,1,1,6,1,32,6,2998,1,1,5,1,5
2018051801096,1,21,0,18,0,0,0,0,0,0,1,1,1,1,61,9,10837,2,3,1,1,1
2018051801099,1,21,0,18,0,0,0,0,0,0,4,1,6,3,-1,-1,-1,-1,-1,-1,-1,-1
2018051801099,2,1,0,18,0,0,0,0,0,0,3,1,6,1,72,10,-1,-1,-1,1,1,1
2018051801100,1,19,0,18,0,0,0,0,0,0,2,1,1,1,32,6,1995,2,1,5,1,5
2018051801100,2,9,0,18,0,0,0,0,0,0,1,1,6,2,34,6,1596,1,9,9,1,9
2018051801100,3,19,0,18,0,0,0,0,0,0,0,1,1,1,50,8,2143,2,1,4,1,4
2018051801100,4,19,0,18,0,0,0,0,0,0,2,1,1,1,22,5,2198,2,7,6,1,6
2018051801100,5,9,0,18,0,0,0,0,0,0,1,1,2,1,32,6,2143,2,6,1,1,1
2018051801101,1,19,0,5,0,1,0,0,0,0,3,1,1,1,-1,-1,-1,-1,-1,-1,-1,-1
2018051801101,2,9,0,18,0,1,0,0,0,0,1,1,6,1,17,4,1995,2,1,3,1,3
2018051801102,1,8,0,18,0,1,0,0,0,0,1,1,6,1,-1,-1,-1,-1,-1,-1,-1,-1
2018051801102,2,1,0,18,0,1,0,0,0,0,1,1,6,1,43,7,-1,-1,-1,1,1,1
2018051801103,1,9,0,18,0,7,0,0,0,0,3,1,6,2,32,6,1242,1,4,5,1,5
2018051801103,2,9,0,18,0,8,0,0,0,0,4,1,6,2,54,8,1956,2,2,9,1,9
2018051801104,1,1,0,12,0,0,0,0,0,0,3,1,1,1,63,9,-1,-1,-1,1,1,1
2018051801104,2,8,0,18,0,0,0,0,0,0,4,1,1,1,36,7,1997,2,4,4,1,4
2018051801105,1,9,0,18,0,4,0,0,0,0,0,1,1,1,-1,-1,2993,2,1,4,1,4
2018051801105,2,9,0,18,0,4,0,0,0,0,1,1,6,3,-1,-1,-1,-1,-1,-1,-1,-1
2018051801105,3,9,0,3,0,4,0,0,0,0,2,1,2,2,23,5,999,1,-1,1,1,1
2018051801106,1,1,0,18,0,0,0,0,0,0,1,1,6,2,24,5,-1,-1,-1,3,1,3
2018051801109,1,9,0,17,0,8,0,0,0,0,3,1,6,3,-1,-1,-1,-1,-1,-1,-1,-1
2018051801109,2,9,0,18,0,8,0,0,0,0,1,1,2,1,31,6,1560,2,5,5,1,5
2018051801111,1,9,0,12,0,8,0,0,0,0,3,1,6,2,37,7,2143,2,2,5,3,5
2018051801111,2,5,0,16,0,8,1,0,0,0,4,1,2,1,37,7,781,1,17,6,3,6
2018051801112,1,9,0,9,0,6,0,0,0,0,1,1,6,2,65,9,998,1,6,5,1,5
2018051801112,2,9,0,18,0,8,0,0,0,0,4,1,6,2,58,9,1769,1,16,5,1,5
2018051801113,1,9,0,17,0,8,0,0,1,2,1,1,6,1,31,6,-1,-1,-1,2,1,2
2018051801115,1,19,0,18,0,0,0,0,0,0,1,1,1,1,54,8,1997,2,14,6,1,6
2018051801115,2,9,0,4,0,0,0,0,0,0,2,1,6,2,27,6,1242,1,4,6,1,6
2018051801116,1,19,0,18,0,1,0,0,0,0,1,1,2,1,32,6,2198,2,2,1,1,1
2018051801116,2,9,0,3,0,1,0,0,0,0,2,1,2,2,66,10,1242,1,5,4,1,4
2018051801116,3,9,0,10,0,1,0,0,0,0,3,1,6,2,54,8,998,1,4,5,1,5
2018051801118,1,9,0,1,0,0,0,0,0,0,2,1,6,3,-1,-1,1956,2,3,-1,-1,-1
2018051801118,2,9,0,2,0,0,0,0,0,0,2,1,6,3,-1,-1,1598,2,2,-1,-1,-1
2018051801120,1,9,0,18,0,8,0,0,0,0,1,1,6,1,37,7,1986,2,13,1,1,1
2018051801120,2,9,0,3,0,1,0,0,0,0,1,1,6,1,23,5,2720,2,11,1,1,1
2018051801121,1,19,0,18,0,0,0,0,0,0,1,1,1,1,45,7,1560,2,6,3,1,3
2018051801121,2,9,0,18,0,0,0,0,0,0,2,1,6,1,21,5,1997,2,6,-1,-1,-1
2018051801122,1,9,0,18,0,8,0,0,0,0,1,1,2,1,61,9,2143,2,9,5,1,5
2018051801122,2,9,0,18,0,8,0,0,0,0,4,1,6,2,29,6,1242,1,13,4,1,4
2018051801123,1,9,0,18,0,0,0,0,0,0,1,1,2,2,21,5,1242,1,5,1,1,1
2018051801123,2,9,0,18,0,0,0,0,0,0,2,1,2,1,63,9,3628,2,8,1,1,1
2018051801124,1,9,0,9,0,6,0,0,0,0,1,1,1,1,40,7,2191,2,1,1,1,1
2018051801124,2,19,0,18,0,8,2,0,6,1,1,1,6,1,28,6,1753,2,15,1,1,1
2018051801125,1,9,0,18,0,2,0,0,0,0,1,1,6,1,38,7,-1,-1,-1,1,1,1
2018051801127,1,9,0,18,0,0,0,0,0,0,3,1,6,1,50,8,1388,1,14,1,1,1
2018051801128,1,9,0,12,0,8,0,0,0,0,4,1,6,2,33,6,1497,1,14,4,1,4
2018051801128,2,9,0,18,0,2,0,10,0,0,4,1,6,1,31,6,1910,2,13,5,1,5
2018051801129,1,9,0,9,0,6,0,0,0,0,4,1,6,1,77,11,1390,1,10,6,1,6
2018051801129,2,9,0,18,0,8,1,0,1,11,3,1,6,1,61,9,999,1,4,1,1,1
2018051801130,1,1,0,18,0,0,0,0,0,0,0,1,6,1,58,9,-1,-1,-1,6,1,6
2018051801131,1,1,0,18,0,0,0,0,0,0,1,1,6,3,-1,-1,-1,-1,-1,-1,-1,-1
2018051801132,1,9,0,18,0,0,0,0,0,0,1,1,6,2,25,5,1198,1,11,2,1,2
2018051801132,2,9,0,18,0,0,0,0,0,0,1,1,6,3,-1,-1,-1,-1,-1,-1,-1,-1
2018051801133,1,9,0,18,0,0,0,0,0,0,1,1,6,3,-1,-1,-1,-1,-1,-1,-1,-1
2018051801134,1,9,0,6,0,1,0,0,0,0,3,1,6,1,40,7,1796,1,10,5,1,5
2018051801134,2,9,0,18,0,1,0,0,0,0,1,1,6,1,30,6,1968,2,14,3,1,3
2018051801136,1,9,0,17,0,0,0,0,0,0,4,1,6,1,57,9,2720,2,11,5,1,5
2018051801136,2,5,0,18,0,0,0,0,0,0,1,1,6,1,26,6,998,1,5,-1,-1,-1
2018051801137,1,5,0,15,0,8,0,0,0,0,1,1,6,1,24,5,749,1,10,2,1,2
2018051801137,2,9,0,7,0,8,0,0,0,0,4,1,6,1,39,7,2720,2,9,2,1,2
2018051801138,1,9,0,18,0,8,0,0,0,0,1,1,2,2,30,6,998,1,6,5,1,5
2018051801138,2,8,0,3,0,1,0,0,0,0,1,1,1,1,25,5,1364,2,3,-1,-1,-1
2018051801138,3,9,0,3,0,1,0,0,0,0,1,1,2,2,49,8,998,1,7,9,1,9
2018051801138,4,9,0,3,0,1,0,0,0,0,1,1,6,1,52,8,1997,2,5,9,1,9
2018051801139,1,9,0,18,0,0,0,0,0,0,4,1,6,2,39,7,1598,1,17,3,1,3
2018051801139,2,1,0,18,0,0,0,0,0,0,1,1,6,1,7,2,-1,-1,-1,1,1,1
2018051801142,1,3,0,18,0,0,0,0,0,0,2,1,2,1,16,4,49,1,4,2,1,2
2018051801142,2,9,0,18,0,0,0,0,0,0,2,1,2,1,53,8,1598,2,2,3,1,3
2018051801144,1,9,0,18,0,0,0,0,0,0,1,1,6,2,34,6,1398,1,2,1,1,1
2018051801145,1,9,0,11,0,0,0,0,0,0,1,1,6,1,63,9,1796,1,12,2,1,2
2018051801145,2,9,0,4,0,0,5,0,0,0,2,1,1,1,42,7,1560,2,5,5,1,5
2018051801145,3,9,0,4,0,0,0,0,0,0,2,1,1,2,43,7,1796,1,11,8,1,8
2018051801146,1,9,0,18,0,1,0,0,0,0,1,1,4,2,32,6,2143,2,1,2,1,2
2018051801146,2,9,0,18,0,8,0,0,0,0,4,1,6,2,48,8,1999,2,2,8,1,8
2018051801147,1,9,0,18,0,1,0,0,0,0,1,1,1,1,29,6,1560,2,6,7,1,7
2018051801148,1,9,0,18,0,4,0,0,0,0,1,1,6,2,60,9,1339,1,15,6,1,6
2018051801148,2,9,0,18,0,4,0,0,0,0,2,1,6,1,27,6,998,1,4,3,1,3
2018051801151,1,9,0,18,0,8,0,0,0,0,1,1,6,1,25,5,2993,2,2,3,1,3
2018051801151,2,9,0,18,0,8,0,0,0,0,4,1,6,1,22,5,1951,2,16,7,1,7