Accident_Index,Vehicle_Reference,Vehicle_Type,Towing_and_Articulation,Vehicle_Manoeuvre,Vehicle_Location-Restricted_Lane,Junction_Location,Skidding_and_Overturning,Hit_Object_in_Carriageway,Vehicle_Leaving_Carriageway,Hit_Object_off_Carriageway,1st_Point_of_Impact,Was_Vehicle_Left_Hand_Drive?,Journey_Purpose_of_Driver,Sex_of_Driver,Age_of_Driver,Age_Band_of_Driver,Engine_Capacity_(CC),Propulsion_Code,Age_of_Vehicle,Driver_IMD_Decile,Driver_Home_Area_Type,Vehicle_IMD_Decile
2018051801152,1,8,0,5,0,0,0,0,0,0,3,1,1,1,-1,-1,-1,-1,-1,2,1,2
2018051801152,2,1,0,18,0,0,0,0,0,0,4,1,6,1,38,7,-1,-1,-1,2,1,2
2018051801153,1,9,0,9,0,8,0,0,0,0,4,1,1,2,31,6,998,1,16,9,1,9
2018051801153,2,9,0,18,0,8,0,0,0,0,1,1,6,2,35,6,998,1,5,6,1,6
2018051801154,1,9,0,18,0,0,0,0,0,0,1,1,6,1,77,11,2400,2,5,5,1,5
2018051801157,1,9,0,18,0,0,0,0,0,0,3,1,6,1,28,6,-1,-1,-1,1,1,1
2018051801157,2,9,0,18,0,0,0,0,1,0,3,1,6,1,24,5,1242,1,16,4,1,4
2018051801158,1,5,0,7,0,3,1,0,0,0,1,1,2,1,43,7,748,1,32,5,1,5
2018051801158,2,9,0,18,0,1,0,0,0,0,1,1,2,2,61,9,999,1,2,7,1,7
2018051801159,1,3,0,18,0,0,0,0,0,0,1,1,6,1,23,5,125,1,-1,1,1,1
2018051801159,2,8,0,18,0,0,0,0,0,0,1,1,1,2,45,7,2499,2,9,2,1,2
2018051801161,1,9,0,18,0,1,0,0,0,0,1,1,6,1,-1,-1,-1,-1,-1,-1,-1,-1
2018051801162,1,9,0,18,0,0,0,0,0,0,1,1,6,3,-1,-1,-1,-1,-1,-1,-1,-1
2018051801166,1,9,0,3,0,1,0,0,0,0,2,1,6,3,-1,-1,-1,-1,-1,-1,-1,-1
2018051801166,2,19,0,18,0,1,0,0,0,0,1,1,6,1,45,7,2143,2,4,4,1,4
2018051801167,1,9,0,5,0,1,0,0,0,0,1,1,6,1,30,6,2993,2,8,6,1,6
2018051801167,2,9,0,18,0,8,0,0,0,0,2,1,6,1,75,10,1339,1,12,2,1,2
2018051801169,1,9,0,18,0,0,0,0,0,0,1,1,6,1,25,5,1995,2,11,1,-1,1
2018051801169,2,1,0,18,0,0,0,0,0,0,3,1,6,2,7,2,-1,-1,-1,1,1,1
2018051801170,1,9,0,7,0,6,0,0,0,0,4,1,6,2,27,6,1390,1,17,3,1,3
2018051801171,1,9,0,18,0,8,0,0,0,0,1,1,6,1,19,4,1596,1,12,1,1,1
2018051801171,2,9,0,9,0,6,0,0,0,0,4,1,6,1,40,7,2143,2,6,1,1,1
2018051801173,1,9,0,18,0,0,0,0,0,0,1,1,6,1,27,6,1995,2,14,1,1,1
2018051801173,2,9,0,2,0,0,0,0,0,0,1,1,6,2,43,7,1560,2,9,1,1,1
2018051801174,1,9,0,9,0,1,0,0,7,2,1,1,6,1,22,5,1388,1,14,1,1,1
2018051801174,2,9,0,18,0,1,0,0,0,0,1,1,6,2,25,5,1422,2,8,9,1,9
2018051801176,1,1,0,5,0,0,0,0,0,0,1,1,6,1,44,7,-1,-1,-1,1,1,1
2018051801176,2,9,0,18,0,0,0,0,0,0,4,1,6,1,39,7,1390,1,14,2,1,2
2018051801177,1,21,0,18,0,0,0,0,0,0,3,1,6,1,39,7,-1,-1,-1,8,1,8
2018051801177,2,2,0,18,0,0,0,0,0,0,3,1,2,1,25,5,49,1,14,7,1,7
2018051801178,1,9,0,18,0,1,0,11,0,0,1,1,6,2,21,5,-1,-1,-1,5,1,5
2018051801179,1,9,0,18,0,0,0,0,0,0,1,1,2,2,28,6,1242,1,7,1,1,1
2018051801179,2,9,0,18,0,0,0,0,0,0,1,1,6,1,29,6,1364,1,3,5,1,5
2018051801180,1,9,0,18,0,0,0,0,0,0,1,1,6,3,-1,-1,-1,-1,-1,-1,-1,-1
2018051801181,1,9,0,7,0,4,0,0,0,0,1,1,6,1,77,11,998,1,1,1,1,1
2018051801181,2,5,0,18,0,3,0,0,0,0,4,1,2,1,36,7,656,1,8,1,1,1
2018051801184,1,9,0,18,0,4,0,0,0,0,1,1,6,2,68,10,1248,1,5,3,1,3
2018051801184,2,1,0,9,0,8,0,0,0,0,4,1,6,1,60,9,-1,-1,-1,7,1,7
2018051801186,1,9,0,18,0,8,0,0,0,0,1,1,1,2,49,8,998,1,3,1,1,1
2018051801186,2,9,0,9,0,8,0,0,0,0,3,1,6,1,46,8,1388,1,14,6,1,6
2018051801187,1,9,0,7,0,8,0,0,0,0,1,1,6,2,42,7,1124,1,16,1,1,1
2018051801187,2,11,0,18,0,1,0,0,0,0,1,1,1,1,-1,-1,4250,2,8,-1,-1,-1
2018051801189,1,5,0,8,0,4,0,0,0,0,2,1,6,1,48,8,1500,1,21,-1,2,-1
2018051801189,2,9,0,5,0,4,0,0,0,0,1,1,6,2,55,8,1997,2,6,9,1,9
2018051801190,1,9,0,18,0,0,2,0,1,2,1,1,6,1,34,6,1984,1,1,2,1,2
2018051801191,1,9,0,2,0,8,0,0,0,0,2,1,6,1,39,7,1956,2,5,2,1,2
2018051801191,2,9,0,18,0,1,0,4,7,0,1,1,6,1,24,5,1364,1,1,1,1,1
2018051801193,1,9,0,5,0,6,0,0,0,0,4,1,6,2,25,5,1586,1,2,3,1,3
2018051801194,1,22,0,18,0,0,0,0,0,0,1,1,6,1,71,10,-1,-1,-1,1,1,1
2018051801196,1,9,0,1,0,6,0,0,0,0,2,1,6,3,-1,-1,-1,-1,-1,-1,-1,-1
2018051801196,2,9,0,18,0,1,0,0,0,0,1,1,6,2,27,6,1753,2,12,1,1,1
2018051801199,1,9,0,7,0,5,0,0,0,0,4,1,6,2,21,5,1242,1,2,4,1,4
2018051801199,2,1,0,18,0,8,0,0,0,0,3,1,6,1,43,7,-1,-1,-1,9,1,9
2018051801201,1,9,0,18,0,2,0,0,0,0,1,1,6,3,-1,-1,-1,-1,-1,-1,-1,-1
2018051801201,2,9,0,18,0,1,0,0,0,0,1,1,6,1,18,4,999,1,3,1,1,1
2018051801202,1,9,0,3,0,6,0,0,3,11,1,1,6,2,53,8,995,1,7,2,1,2
2018051801202,2,9,0,18,0,8,0,0,0,0,1,1,6,1,23,5,1995,2,7,6,1,6
2018051801203,1,1,0,18,0,8,0,0,0,0,1,1,2,1,24,5,-1,-1,-1,2,1,2
2018051801203,2,9,0,18,0,8,0,0,0,0,3,1,6,1,29,6,1197,1,1,2,1,2
2018051801204,1,1,0,18,0,1,0,0,0,0,1,1,1,1,24,5,-1,-1,-1,1,1,1
2018051801204,2,9,0,3,0,1,0,0,0,0,2,1,1,1,41,7,2143,2,-1,10,1,10
2018051801205,1,1,0,18,0,6,0,0,0,0,4,1,2,1,35,6,-1,-1,-1,1,1,1
2018051801205,2,9,0,15,0,8,0,0,0,0,1,1,2,1,28,6,1461,2,1,1,1,1
2018051801207,1,4,0,9,0,1,0,0,0,0,1,1,2,1,54,8,125,1,2,2,1,2
2018051801207,2,9,0,18,0,1,0,0,0,0,1,1,6,1,55,8,1798,1,11,9,1,9
2018051801208,1,9,0,9,0,8,0,0,0,0,1,1,6,2,22,5,1242,1,8,1,1,1
2018051801208,2,1,0,18,0,8,0,0,0,0,3,1,6,1,46,8,-1,-1,-1,6,1,6
2018051801209,1,3,0,18,0,8,0,0,0,0,1,1,1,1,39,7,125,1,1,3,1,3
2018051801209,2,9,0,9,0,8,0,0,0,0,4,1,2,2,33,6,1969,2,3,3,1,3
2018051801210,1,3,0,18,0,1,0,0,0,0,1,1,6,1,28,6,125,1,3,5,1,5
2018051801210,2,9,0,8,0,1,0,0,0,0,2,1,2,1,43,7,1242,1,7,4,1,4
2018051801212,1,1,0,18,0,1,0,12,0,0,1,1,6,1,74,10,-1,-1,-1,7,1,7
2018051801214,1,9,0,18,0,1,0,0,0,0,1,1,1,1,39,7,2993,2,1,-1,-1,-1
2018051801214,2,9,0,9,0,5,0,0,0,0,1,1,6,3,-1,-1,-1,-1,-1,-1,-1,-1
2018051801215,1,3,0,18,0,0,0,0,0,0,1,1,6,1,21,5,124,1,4,5,1,5
2018051801216,1,9,0,3,0,0,0,0,0,0,2,1,6,2,23,5,1242,1,6,5,1,5
2018051801216,2,9,0,4,0,0,0,0,0,0,1,1,6,2,18,4,1199,1,14,6,1,6
2018051801218,1,9,0,12,0,1,0,0,0,0,3,1,6,1,72,10,1998,8,3,-1,1,-1
2018051801218,2,3,0,18,0,1,1,0,0,0,1,1,6,1,26,6,125,1,3,1,1,1
2018051801219,1,9,0,9,0,8,0,0,0,0,1,1,6,1,52,8,1328,1,11,5,1,5
2018051801219,2,9,0,18,0,8,0,0,1,7,1,1,2,1,24,5,2143,2,2,2,1,2
2018051801220,1,9,0,18,0,0,0,0,0,0,1,1,2,1,25,5,1796,1,8,1,1,1
2018051801220,2,9,0,18,0,0,0,0,0,0,2,1,2,2,25,5,1461,2,6,4,1,4
2018051801220,3,9,0,18,0,0,0,0,0,0,2,1,2,2,58,9,1968,2,4,7,3,7
2018051801220,4,9,0,18,0,0,0,0,0,0,1,1,2,1,55,8,2720,2,12,8,1,8
2018051801222,1,9,0,9,0,5,0,0,0,0,3,1,6,1,21,5,-1,-1,-1,-1,-1,-1
2018051801223,1,1,0,5,0,6,0,0,0,0,1,1,4,1,14,3,-1,-1,-1,1,1,1
2018051801223,2,9,0,18,0,8,0,0,0,0,4,1,6,2,70,10,1598,1,5,1,1,1
2018051801224,1,9,0,18,0,0,0,0,0,0,1,1,6,3,-1,-1,-1,-1,-1,-1,-1,-1
2018051801225,1,9,0,18,0,1,0,0,0,0,1,1,6,1,31,6,1461,2,3,8,1,8
2018051801225,2,9,0,7,0,1,0,0,0,0,2,1,6,1,34,6,-1,-1,-1,1,1,1
2018051801227,1,9,0,18,0,0,0,0,0,0,1,1,6,2,74,10,1796,1,18,7,1,7
2018051801228,1,9,0,18,0,1,0,0,0,0,0,1,1,1,-1,-1,1582,2,4,1,1,1
2018051801228,2,9,0,18,0,2,0,0,0,0,0,1,1,2,-1,-1,1560,2,3,1,1,1
2018051801228,3,9,0,7,0,5,0,0,0,0,4,1,1,1,53,8,2401,2,11,1,1,1
2018051801230,1,9,0,18,0,8,0,0,0,0,1,2,6,3,-1,-1,-1,-1,-1,-1,-1,-1
2018051801230,2,9,0,18,0,8,0,0,0,0,2,1,6,2,44,7,1598,1,12,9,1,9
2018051801231,1,9,0,4,0,0,0,0,0,0,3,1,6,1,19,4,1242,1,9,6,1,6
2018051801232,1,9,0,5,0,0,0,0,0,0,3,1,6,3,-1,-1,998,1,5,-1,-1,-1
2018051801233,1,9,0,18,0,0,0,0,0,0,1,1,6,2,35,6,1397,1,9,6,1,6
2018051801233,2,9,0,3,0,0,0,0,0,0,2,1,6,2,23,5,1149,1,7,3,1,3
2018051801233,3,9,0,3,0,0,0,0,0,0,2,1,6,1,-1,-1,1200,1,3,1,1,1
2018051801234,1,9,0,9,0,8,0,0,0,0,1,1,6,1,75,10,1997,2,17,3,1,3
2018051801234,2,11,0,18,0,8,0,0,0,0,3,1,1,1,49,8,5900,2,12,1,1,1
2018051801236,1,9,0,18,0,1,0,0,0,0,4,1,6,1,72,10,1461,2,1,7,1,7
2018051801236,2,9,0,2,0,1,0,0,0,0,0,1,6,2,30,6,1685,2,6,1,1,1
2018051801237,1,9,0,9,0,1,0,0,0,0,1,1,6,1,47,8,-1,-1,-1,2,1,2
2018051801237,2,9,0,18,0,1,5,0,1,1,3,1,6,1,31,6,1968,2,10,1,1,1
2018051801238,1,1,0,18,0,0,0,0,0,0,3,1,6,1,21,5,-1,-1,-1,1,1,1
2018051801238,2,9,0,18,0,0,0,0,0,0,4,1,6,1,55,8,998,1,4,4,1,4
2018051801239,1,9,0,18,0,0,0,0,0,0,1,1,6,3,-1,-1,-1,-1,-1,-1,-1,-1
2018051801239,2,9,0,2,0,0,0,0,0,0,3,1,6,3,-1,-1,1968,2,-1,-1,-1,-1
2018051801240,1,19,0,1,0,0,0,0,0,0,2,1,6,3,-1,-1,-1,-1,-1,-1,-1,-1
2018051801240,2,9,0,2,0,0,0,0,0,0,3,1,6,3,-1,-1,1368,1,10,-1,-1,-1
2018051801241,1,9,0,5,0,0,0,0,0,0,3,1,6,3,-1,-1,-1,-1,-1,-1,-1,-1
2018051801241,2,1,0,3,0,0,0,0,0,0,4,1,2,1,24,5,-1,-1,-1,2,1,2
2018051801242,1,9,0,18,0,0,0,0,0,0,1,1,2,3,-1,-1,999,1,3,-1,-1,-1
2018051801242,2,9,0,3,0,0,0,0,0,0,2,1,2,2,34,6,1796,1,13,3,1,3
2018051801246,1,9,0,6,0,0,0,0,0,0,3,1,6,1,81,11,1596,1,13,1,1,1
2018051801246,2,9,0,18,0,0,0,0,0,0,1,1,6,1,30,6,2967,2,8,1,1,1
2018051801247,1,8,0,18,0,8,0,0,0,0,1,1,1,1,61,9,-1,-1,-1,3,1,3
2018051801247,2,9,0,9,0,8,0,0,0,0,1,1,6,2,49,8,1598,1,18,2,1,2
2018051801248,1,9,0,18,0,0,0,0,0,0,0,1,1,1,40,7,2993,2,5,-1,-1,-1
2018051801248,2,9,0,18,0,0,0,0,0,0,0,1,6,1,52,8,1560,2,8,3,1,3
2018051801252,1,9,0,7,0,3,0,0,0,0,1,1,6,3,-1,-1,-1,-1,-1,-1,-1,-1
2018051801252,2,9,0,18,0,8,0,0,0,0,3,1,6,2,42,7,1461,2,2,9,1,9
2018051801255,1,9,0,9,0,8,0,0,0,0,4,1,6,2,23,5,998,1,1,2,1,2
2018051801255,2,9,0,18,0,8,0,0,0,0,1,1,6,2,24,5,1598,1,13,6,2,6
2018051801256,1,9,0,7,0,5,0,0,0,0,4,1,6,2,40,7,1997,2,8,2,1,2
2018051801256,2,1,0,18,0,8,1,0,0,0,1,1,6,1,38,7,-1,-1,-1,1,1,1
2018051801260,1,9,0,9,0,8,0,0,0,0,4,1,2,2,52,8,1598,2,7,8,1,8
2018051801260,2,1,0,18,0,8,0,0,0,0,1,1,2,2,38,7,-1,-1,-1,1,1,1
2018051801261,1,9,0,18,0,8,0,0,0,0,1,1,6,1,75,10,999,1,2,2,1,2
2018051801261,2,1,0,18,0,8,0,0,0,0,3,1,6,1,31,6,-1,-1,-1,3,1,3
2018051801265,1,9,0,18,0,0,0,0,0,0,1,1,6,2,38,7,1598,1,14,4,1,4
2018051801265,2,9,0,2,0,0,0,0,0,0,1,1,1,1,61,9,1956,2,4,2,1,2
2018051801266,1,9,0,18,0,1,0,0,0,0,1,1,6,2,52,8,999,1,12,5,1,5
2018051801267,1,9,0,16,0,0,0,0,0,0,1,1,6,1,67,10,1368,1,8,5,1,5
2018051801267,2,9,0,18,0,0,0,0,0,0,1,1,6,1,27,6,898,1,2,9,1,9
2018051801268,1,11,0,5,0,0,0,0,0,0,0,1,3,1,68,10,-1,-1,-1,7,1,7
2018051801270,1,9,0,2,0,0,0,0,0,0,1,-1,6,3,-1,-1,-1,-1,-1,-1,-1,-1
2018051801272,1,9,0,9,0,8,0,0,0,0,1,1,6,3,-1,-1,1242,1,4,-1,-1,-1
2018051801272,2,9,0,18,0,8,0,0,0,0,1,1,6,1,26,6,1461,2,9,2,1,2
2018051801274,1,9,0,5,0,6,0,0,0,0,1,1,2,1,37,7,1598,1,10,6,1,6
2018051801274,2,9,0,18,0,1,0,0,0,0,1,1,2,1,38,7,2393,1,6,5,1,5
2018051801275,1,9,0,5,0,6,0,0,0,0,1,1,6,2,25,5,1586,1,2,3,1,3
2018051801276,1,9,0,18,0,8,0,0,0,0,1,1,2,1,20,4,1198,1,8,9,1,9
2018051801276,2,9,0,18,0,8,0,0,0,0,1,1,6,1,54,8,1596,1,13,3,1,3
2018051801278,1,10,0,18,0,8,0,0,0,0,1,1,1,1,30,6,2400,2,9,2,1,2
2018051801278,2,9,0,18,0,8,0,10,1,1,3,1,6,2,40,7,2987,2,3,5,1,5
2018051801279,1,9,0,7,0,6,0,0,0,0,3,1,6,1,22,5,1968,2,4,5,1,5
2018051801279,2,1,0,18,0,1,0,0,0,0,1,1,6,1,43,7,-1,-1,-1,2,1,2
2018051801282,1,9,0,6,0,8,0,0,0,0,4,1,6,2,57,9,1242,1,2,8,1,8
2018051801282,2,9,0,18,0,8,1,0,0,0,1,1,6,1,23,5,1910,2,12,2,1,2
2018051801283,1,90,0,4,0,4,0,0,0,0,3,1,2,1,53,8,-1,-1,-1,6,1,6
2018051801283,2,1,0,18,0,8,1,0,0,0,4,1,6,2,17,4,-1,-1,-1,1,1,1
2018051801286,1,9,-1,15,0,0,-1,0,0,0,4,-1,6,3,-1,-1,-1,-1,-1,-1,-1,-1
2018051801286,2,1,-1,-1,0,-1,0,0,0,0,-1,1,6,1,33,6,-1,-1,-1,3,1,3
2018051801287,1,19,0,18,0,0,1,0,0,0,1,1,6,1,31,6,2402,2,15,1,1,1
2018051801287,2,11,0,2,0,0,0,0,0,0,2,1,1,1,42,7,6696,2,3,3,1,3
2018051801288,1,3,0,17,0,0,0,0,0,0,1,1,6,1,23,5,125,1,5,10,1,10
2018051801288,2,19,0,16,0,0,0,0,0,0,1,1,2,1,53,8,1598,2,10,7,1,7
2018051801291,1,9,0,1,0,0,0,0,0,0,2,1,6,3,-1,-1,1197,1,4,-1,-1,-1
2018051801291,2,9,0,2,0,0,0,0,0,0,3,1,6,3,-1,-1,1329,1,4,-1,-1,-1
2018051801292,1,17,0,18,0,0,0,0,7,4,1,1,1,1,21,5,-1,2,1,8,3,8
2018051801292,2,9,0,18,0,0,0,0,0,0,1,1,6,1,69,10,1339,1,6,9,3,9
2018051801292,3,9,0,18,0,0,0,0,1,4,1,1,6,1,54,8,1461,2,3,1,1,1
2018051801293,1,9,0,12,0,1,0,0,0,0,1,1,6,3,-1,-1,-1,-1,-1,-1,-1,-1
2018051801293,2,9,0,12,0,1,0,0,0,0,2,1,6,2,41,7,1999,2,1,1,1,1
2018051801294,1,9,0,18,0,2,0,0,0,0,2,2,6,2,48,8,998,1,5,3,1,3
2018051801294,2,9,0,18,0,2,0,0,0,0,1,2,1,1,48,8,1461,2,2,1,1,1
2018051801294,3,9,0,18,0,2,0,0,0,0,2,2,6,1,33,6,1896,2,15,7,1,7
2018051801295,1,8,0,5,0,6,0,0,0,0,3,1,1,1,-1,-1,1998,2,8,-1,-1,-1
2018051801295,2,1,0,18,0,1,0,0,0,0,3,1,6,1,54,8,-1,-1,-1,2,1,2
2018051801296,1,9,0,9,0,8,0,0,0,0,4,1,6,1,26,6,1242,1,6,1,1,1
2018051801296,2,9,0,18,0,8,0,0,0,0,1,1,6,2,21,5,1397,1,9,8,3,8
2018051801300,1,9,0,18,0,2,0,0,0,0,1,1,2,2,42,7,1598,1,12,7,1,7
2018051801302,1,9,0,18,0,0,0,0,0,0,3,1,1,1,39,7,998,1,17,1,1,1
2018051801303,1,9,0,6,0,8,0,0,0,0,3,1,6,2,30,6,1499,1,-1,1,1,1
2018051801303,2,9,0,18,0,8,0,0,0,0,4,1,6,2,56,9,1499,2,1,3,1,3
2018051801304,1,9,0,18,0,0,0,4,0,0,1,1,6,2,43,7,-1,-1,-1,8,1,8
2018051801304,2,9,0,2,0,0,0,0,0,0,2,1,6,3,-1,-1,899,1,5,-1,-1,-1
2018051801305,1,3,0,18,0,1,0,0,0,0,1,1,6,1,21,5,125,1,4,1,-1,1
2018051801305,2,9,0,4,0,1,0,0,0,0,2,2,6,2,62,9,998,1,2,2,1,2
2018051801305,3,9,0,9,0,1,0,0,0,0,0,2,6,1,55,8,1390,1,6,7,1,7
2018051801306,1,3,0,4,0,2,0,0,0,0,1,1,6,2,27,6,125,1,-1,-1,1,-1
2018051801306,2,19,0,3,0,2,0,0,0,0,2,1,2,1,70,10,1248,2,9,8,1,8
2018051801307,1,9,0,17,0,0,5,0,1,4,1,1,6,2,53,8,1149,1,10,2,1,2
2018051801308,1,9,0,9,0,1,0,0,0,0,3,1,6,3,-1,-1,-1,-1,-1,-1,-1,-1
2018051801308,2,9,0,18,0,8,0,0,0,0,1,1,6,2,52,8,1299,1,16,2,1,2
2018051801309,1,9,0,18,0,8,0,0,0,0,0,1,6,1,50,8,1796,1,10,3,1,3
2018051801312,1,9,0,7,0,5,1,0,1,0,1,1,6,3,-1,-1,-1,-1,-1,-1,-1,-1
2018051801312,2,9,0,3,0,6,0,0,0,0,1,1,6,1,46,8,1398,1,7,2,1,2
2018051801313,1,9,0,5,0,1,0,0,0,0,4,1,6,1,48,8,-1,-1,-1,1,1,1
2018051801313,2,1,0,18,0,1,0,0,1,0,2,1,6,1,49,8,-1,-1,-1,1,1,1
2018051801314,1,9,0,18,0,0,0,0,0,0,3,1,6,3,-1,-1,-1,-1,-1,-1,-1,-1
2018051801315,1,9,0,5,0,0,0,0,0,0,4,1,1,3,-1,-1,-1,-1,-1,-1,-1,-1
2018051801316,1,21,1,9,0,5,0,0,0,0,2,2,6,3,-1,-1,-1,-1,-1,-1,-1,-1
2018051801316,2,11,0,18,0,1,0,0,0,0,2,1,1,1,56,9,4760,2,5,3,1,3
2018051801317,1,9,0,18,0,2,0,0,0,0,1,1,6,1,33,6,1997,2,2,5,1,5
2018051801318,1,9,0,18,0,1,0,0,2,1,1,1,6,2,53,8,1461,2,1,3,1,3
2018051801318,2,9,0,9,0,1,5,0,0,0,3,1,6,1,64,9,1998,1,13,1,1,1
2018051801319,1,1,0,18,0,0,0,0,0,0,1,1,6,1,17,4,-1,-1,-1,5,1,5
2018051801321,1,9,0,18,0,0,0,0,0,0,1,1,6,1,55,8,1499,1,-1,1,1,1
2018051801321,2,9,0,2,0,0,0,0,0,0,1,1,6,3,-1,-1,1242,1,5,-1,-1,-1
2018051801323,1,9,0,18,0,0,0,0,0,0,4,1,6,3,-1,-1,-1,-1,-1,-1,-1,-1
2018051801324,1,11,0,5,0,1,0,0,0,0,4,1,1,1,49,8,6700,2,7,1,1,1
2018051801325,1,19,0,9,0,6,0,0,0,0,1,1,6,3,-1,-1,-1,-1,-1,-1,-1,-1
2018051801325,2,1,0,18,0,8,0,0,0,0,3,1,2,1,23,5,-1,-1,-1,1,1,1
2018051801326,1,9,0,12,0,3,0,0,0,0,0,1,6,3,-1,-1,-1,-1,-1,-1,-1,-1
2018051801326,2,9,0,17,0,3,0,0,0,0,2,1,6,1,34,6,1598,1,7,7,1,7
2018051801326,3,9,0,17,0,3,0,0,0,0,1,1,6,1,55,8,1998,1,15,8,1,8
2018051801327,1,9,0,1,0,0,0,0,0,0,2,1,6,3,-1,-1,-1,-1,-1,-1,-1,-1
2018051801327,2,1,0,2,0,0,0,0,0,0,1,1,6,1,7,2,-1,-1,-1,1,1,1
2018051801328,1,1,0,18,0,6,0,0,0,0,1,1,6,1,8,2,-1,-1,-1,-1,-1,-1
2018051801328,2,9,0,18,0,8,0,0,0,0,4,1,6,1,20,4,998,1,11,1,1,1
2018051801329,1,9,0,17,0,1,1,0,0,0,1,1,6,3,-1,-1,-1,-1,-1,-1,-1,-1
2018051801329,2,9,0,7,0,1,0,0,0,0,4,1,6,2,41,7,1595,1,1,4,1,4
2018051801331,1,9,0,9,0,8,0,0,0,0,1,1,6,3,-1,-1,1242,1,12,-1,-1,-1
2018051801331,2,9,0,18,0,1,0,0,0,0,1,1,6,3,-1,-1,1598,1,16,-1,-1,-1
2018051801332,1,9,0,18,0,0,0,0,0,0,1,1,6,2,24,5,1242,1,10,4,1,4
2018051801332,2,9,0,18,0,0,0,0,0,0,2,1,6,2,41,7,1242,1,4,4,1,4
2018051801334,1,-1,-1,18,0,5,-1,0,-1,0,-1,-1,6,2,-1,-1,-1,-1,-1,-1,-1,-1
2018051801334,2,1,0,18,0,2,0,0,0,0,-1,1,2,1,50,8,-1,-1,-1,1,1,1
2018051801337,1,9,0,9,0,8,5,0,0,0,4,1,1,1,44,7,-1,-1,-1,1,1,1
2018051801337,2,9,0,18,0,8,0,0,0,0,1,1,6,2,22,5,1595,1,1,9,1,9
2018051801338,1,9,0,3,0,1,0,0,0,0,3,1,6,2,33,6,1386,1,10,1,1,1
2018051801338,2,5,0,18,0,1,0,0,0,0,1,1,1,1,42,7,1170,1,6,3,1,3
2018051801339,1,9,0,13,0,2,2,0,0,0,1,1,6,1,21,5,998,1,1,2,1,2
2018051801340,1,19,0,18,0,8,0,0,0,0,4,1,1,2,-1,-1,2198,2,3,-1,-1,-1
2018051801340,2,9,0,18,0,8,0,0,0,0,1,1,6,2,23,5,1598,1,5,9,1,9
2018051801341,1,9,0,9,0,6,0,0,0,0,1,1,2,2,36,7,1199,2,5,7,1,7
2018051801341,2,9,0,17,0,8,2,0,0,0,4,1,6,2,43,7,1398,1,6,7,1,7
2018051801342,1,1,0,18,0,2,0,0,0,0,1,1,6,1,37,7,-1,-1,-1,3,1,3
2018051801344,1,9,0,18,0,8,1,0,0,0,4,1,3,2,34,6,2996,1,8,1,1,1
2018051801344,2,19,0,18,0,6,0,0,0,0,1,1,6,3,-1,-1,-1,-1,-1,-1,-1,-1
2018051801346,1,9,0,18,0,0,0,0,0,0,0,1,1,3,-1,-1,2993,2,7,-1,-1,-1
2018051801346,2,9,0,18,0,0,0,0,0,0,0,1,1,1,-1,-1,2993,2,5,-1,-1,-1
2018051801346,3,9,0,18,0,0,0,0,0,0,0,1,1,1,49,8,2993,2,6,-1,-1,-1
2018051801346,4,9,0,17,0,0,5,0,1,11,4,1,6,1,35,6,2979,1,2,3,1,3
2018051801347,1,9,0,5,0,6,0,10,1,0,1,1,6,3,-1,-1,2143,2,3,-1,-1,-1
2018051801347,2,9,0,18,0,8,0,10,0,0,1,1,6,2,34,6,998,1,2,9,2,9
2018051801348,1,9,0,18,0,1,0,0,0,0,1,1,6,1,76,11,1997,1,4,-1,2,-1
2018051801348,2,9,0,3,0,1,0,0,0,0,2,1,6,2,34,6,1598,2,3,6,1,6
2018051801348,3,9,0,3,0,1,0,0,0,0,2,1,6,1,41,7,2143,2,4,9,3,9
2018051801349,1,9,0,5,0,6,0,0,0,0,3,1,1,1,63,9,1896,2,14,1,1,1
2018051801349,2,9,0,18,0,8,0,0,0,0,1,1,6,2,64,9,1395,1,5,6,1,6
2018051801350,1,9,0,18,0,0,0,0,0,0,1,1,6,1,26,6,1968,2,6,1,1,1
2018051801350,2,9,0,17,0,0,0,0,0,0,3,1,6,2,30,6,1499,2,2,1,1,1
2018051801351,1,9,0,18,0,5,0,0,0,0,1,1,6,3,-1,-1,-1,-1,-1,-1,-1,-1
2018051801352,1,9,0,18,0,0,0,0,0,0,1,1,6,3,-1,-1,-1,-1,-1,-1,-1,-1
2018051801353,1,9,0,18,0,0,0,0,0,0,3,1,6,3,-1,-1,-1,-1,-1,-1,-1,-1
2018051801353,2,9,0,2,0,0,0,0,0,0,3,1,6,3,-1,-1,1999,2,2,-1,-1,-1
2018051801356,1,9,0,6,0,0,0,0,0,0,3,1,6,1,18,4,973,1,15,4,1,4
2018051801356,2,8,0,18,0,0,0,0,0,0,1,1,1,1,33,6,1560,2,7,2,1,2
2018051801357,1,9,0,18,0,0,0,0,0,0,1,1,2,2,20,4,1198,1,5,4,1,4
2018051801357,2,9,0,4,0,0,0,0,0,0,2,1,6,2,20,4,1396,1,8,1,1,1
2018051801357,3,9,0,18,0,0,0,0,0,0,2,1,6,2,58,9,1598,1,5,1,1,1
2018051801357,4,9,0,4,0,0,0,0,0,0,2,1,6,1,57,9,-1,-1,-1,1,1,1
2018051801358,1,9,0,18,0,0,5,0,1,1,1,1,6,2,72,10,1461,2,-1,2,1,2
2018051801359,1,9,0,9,0,1,0,7,0,0,1,2,6,1,51,8,1398,1,2,1,1,1
2018051801359,2,9,0,18,0,2,0,0,1,11,3,2,6,1,42,7,1798,1,12,5,1,5