Accident_Index,Vehicle_Reference,Vehicle_Type,Towing_and_Articulation,Vehicle_Manoeuvre,Vehicle_Location-Restricted_Lane,Junction_Location,Skidding_and_Overturning,Hit_Object_in_Carriageway,Vehicle_Leaving_Carriageway,Hit_Object_off_Carriageway,1st_Point_of_Impact,Was_Vehicle_Left_Hand_Drive?,Journey_Purpose_of_Driver,Sex_of_Driver,Age_of_Driver,Age_Band_of_Driver,Engine_Capacity_(CC),Propulsion_Code,Age_of_Vehicle,Driver_IMD_Decile,Driver_Home_Area_Type,Vehicle_IMD_Decile
2018051801360,1,9,0,18,0,8,0,0,0,0,1,1,6,2,57,9,1499,2,1,7,1,7
2018051801362,1,19,0,5,0,0,0,0,0,0,3,1,6,1,45,7,-1,-1,-1,6,1,6
2018051801363,1,9,0,18,0,1,0,0,0,0,1,1,6,1,47,8,1596,1,10,1,1,1
2018051801363,2,9,0,3,0,1,0,0,0,0,2,1,6,1,35,6,1968,2,4,9,1,9
2018051801366,1,9,0,9,0,8,0,0,0,0,1,1,6,2,19,4,998,1,10,2,1,2
2018051801366,2,5,0,18,0,8,0,0,0,0,1,1,6,1,32,6,599,1,20,9,1,9
2018051801367,1,9,0,18,0,1,0,0,0,0,1,1,6,1,40,7,1984,1,2,1,1,1
2018051801367,2,9,0,7,0,6,0,0,0,0,3,1,6,1,19,4,1242,1,9,1,1,1
2018051801367,3,9,0,2,0,1,0,0,0,0,2,1,6,3,-1,-1,-1,-1,-1,-1,-1,-1
2018051801368,1,2,0,18,0,0,0,0,0,0,0,1,6,1,62,9,198,1,20,5,1,5
2018051801369,1,9,0,7,0,2,1,0,1,10,4,1,6,1,37,7,1149,1,16,1,1,1
2018051801370,1,11,0,18,0,8,0,0,0,0,4,1,1,1,26,6,5132,2,1,2,1,2
2018051801370,2,1,0,18,0,8,0,0,0,0,1,1,6,1,57,9,-1,-1,-1,1,1,1
2018051801371,1,9,0,16,0,1,0,0,0,0,1,1,6,1,53,8,2000,1,11,10,1,10
2018051801371,2,9,0,8,0,1,0,0,0,0,2,1,6,1,33,6,1461,2,9,3,1,3
2018051801373,1,9,0,18,0,8,0,0,0,0,1,1,2,1,42,7,1997,2,1,5,1,5
2018051801373,2,9,0,18,0,8,0,0,7,0,3,1,6,3,-1,-1,1896,2,12,-1,-1,-1
2018051801374,1,9,0,18,0,8,0,0,0,0,1,1,6,1,40,7,1229,1,3,6,1,6
2018051801374,2,9,0,9,0,8,0,0,0,0,1,1,6,2,59,9,2979,1,3,7,1,7
2018051801376,1,9,0,18,0,0,0,0,0,0,4,1,6,2,27,6,1600,2,8,2,1,2
2018051801377,1,9,0,18,0,0,0,0,0,0,1,1,6,3,-1,-1,-1,-1,-1,-1,-1,-1
2018051801377,2,1,0,18,0,0,0,0,0,0,2,1,6,1,16,4,-1,-1,-1,3,1,3
2018051801378,1,9,0,18,0,8,0,0,0,0,3,1,2,1,29,6,1798,8,3,6,3,6
2018051801378,2,9,0,18,0,8,0,0,0,0,1,1,6,1,72,10,1398,1,1,6,1,6
2018051801380,1,9,0,7,0,1,0,0,0,0,1,1,6,1,35,6,1124,1,15,1,1,1
2018051801380,2,1,0,18,0,1,0,0,0,0,3,1,6,1,15,3,-1,-1,-1,9,1,9
2018051801383,1,9,0,5,0,4,0,0,0,0,3,1,6,1,73,10,1598,1,9,6,1,6
2018051801383,2,9,0,9,0,4,0,0,0,0,1,1,6,2,19,4,996,1,7,2,1,2
2018051801385,1,9,0,4,0,1,0,0,0,0,1,1,6,1,33,6,1461,2,3,1,1,1
2018051801385,2,9,0,4,0,1,0,0,0,0,2,1,6,1,81,11,1997,2,12,2,1,2
2018051801386,1,9,0,9,0,8,0,0,0,0,4,1,2,2,38,7,1242,1,8,6,1,6
2018051801386,2,9,0,18,0,8,0,0,0,0,1,1,6,2,57,9,1400,1,13,5,1,5
2018051801387,1,9,0,18,0,0,0,0,0,0,1,1,6,1,29,6,1598,2,7,1,1,1
2018051801387,2,9,0,18,0,0,0,0,0,0,3,1,6,1,47,8,1398,1,13,2,1,2
2018051801389,1,9,0,9,0,8,5,0,0,0,4,1,6,2,18,4,1242,1,6,3,1,3
2018051801389,2,9,0,18,0,8,0,0,0,0,1,1,2,1,27,6,1398,1,5,1,1,1
2018051801391,1,11,0,18,0,0,0,0,0,0,1,1,1,1,41,7,6696,2,3,1,1,1
2018051801392,1,9,0,6,0,0,0,0,0,0,3,1,6,2,26,6,1969,2,1,3,1,3
2018051801392,2,4,0,18,0,0,0,0,0,0,1,1,6,1,23,5,124,1,12,4,1,4
2018051801393,1,9,0,9,0,1,0,0,0,0,1,1,6,2,23,5,1242,1,5,10,1,10
2018051801393,2,1,0,18,0,8,0,0,0,0,2,1,6,1,55,8,-1,-1,-1,-1,-1,-1
2018051801394,1,9,0,18,0,0,0,0,0,0,1,1,2,1,71,10,-1,-1,-1,1,1,1
2018051801394,2,8,0,3,0,0,0,0,0,0,2,1,1,1,46,8,1560,2,10,1,1,1
2018051801395,1,1,0,18,0,1,0,0,0,0,1,1,6,2,-1,-1,-1,-1,-1,2,1,2
2018051801396,1,9,0,1,0,1,0,0,0,0,2,1,6,3,-1,-1,-1,-1,-1,-1,-1,-1
2018051801396,2,1,0,18,0,1,0,0,0,0,1,1,6,1,49,8,-1,-1,-1,2,1,2
2018051801398,1,9,0,9,0,8,0,0,0,0,3,1,6,3,-1,-1,-1,-1,-1,-1,-1,-1
2018051801399,1,9,0,18,0,0,0,0,0,0,1,1,6,1,64,9,1596,1,6,1,1,1
2018051801400,1,9,0,9,0,8,0,0,0,0,3,1,2,2,25,5,2143,2,1,9,1,9
2018051801400,2,3,0,18,0,8,0,0,0,0,1,1,2,1,49,8,125,1,-1,8,1,8
2018051801402,1,9,0,9,0,5,0,0,0,0,4,1,2,2,26,6,1753,2,13,9,1,9
2018051801402,2,9,0,18,0,1,0,0,0,0,1,1,2,1,39,7,1422,2,9,1,1,1
2018051801403,1,9,0,7,0,8,0,0,0,0,4,1,6,1,53,8,-1,-1,-1,6,1,6
2018051801403,2,9,0,18,0,8,0,0,0,0,1,1,6,2,57,9,1796,2,5,6,1,6
2018051801404,1,9,0,18,0,6,0,0,0,0,1,1,6,3,-1,-1,-1,-1,-1,-1,-1,-1
2018051801404,2,8,0,18,0,8,0,0,0,0,4,1,1,1,33,6,1995,2,1,1,1,1
2018051801405,1,9,0,9,0,8,0,0,0,0,1,1,6,2,20,4,1396,2,6,5,1,5
2018051801405,2,4,0,18,0,8,0,0,0,0,1,1,6,1,23,5,498,1,31,7,1,7
2018051801408,1,8,0,9,0,6,0,0,0,0,1,1,1,1,52,8,1997,2,9,9,1,9
2018051801410,1,9,0,18,0,8,0,0,0,0,1,1,6,3,-1,-1,-1,-1,-1,-1,-1,-1
2018051801413,1,9,0,18,0,6,0,0,0,0,3,1,6,3,-1,-1,-1,-1,-1,-1,-1,-1
2018051801413,2,1,0,18,0,1,0,0,0,0,1,1,6,1,35,6,-1,-1,-1,4,1,4
2018051801414,1,9,0,18,0,0,5,0,0,0,1,1,6,1,40,7,1461,2,4,5,1,5
2018051801414,2,9,0,2,0,0,0,0,1,4,2,1,6,1,66,10,1198,1,4,2,1,2
2018051801414,3,9,0,2,0,0,0,0,0,0,3,1,6,3,-1,-1,1108,1,9,-1,-1,-1
2018051801416,1,19,0,18,0,4,0,0,0,0,1,1,1,1,58,9,1868,2,16,2,1,2
2018051801416,2,1,0,9,0,8,0,0,0,0,4,1,6,1,48,8,-1,-1,-1,8,1,8
2018051801417,1,9,0,18,0,1,0,0,0,0,1,1,2,2,57,9,1339,1,6,2,1,2
2018051801418,1,9,0,18,0,0,0,0,0,0,1,1,6,3,-1,-1,-1,-1,-1,-1,-1,-1
2018051801418,2,1,0,18,0,0,0,0,0,0,2,1,6,1,57,9,-1,-1,-1,1,1,1
2018051801419,1,9,0,18,0,0,0,0,0,0,1,1,6,3,-1,-1,-1,-1,-1,-1,-1,-1
2018051801419,2,19,0,2,0,0,0,0,0,0,1,1,1,3,-1,-1,1399,2,9,-1,-1,-1
2018051801420,1,1,0,18,0,1,1,0,0,0,0,1,6,1,29,6,-1,-1,-1,2,1,2
2018051801420,2,9,0,9,0,6,0,0,0,0,0,1,6,1,30,6,-1,-1,-1,1,1,1
2018051801421,1,9,0,2,0,0,0,0,0,0,3,1,6,2,39,7,2143,2,-1,4,1,4
2018051801422,1,9,0,18,0,1,0,0,0,0,1,1,6,1,29,6,2143,2,1,1,1,1
2018051801422,2,9,0,3,0,1,0,0,0,0,2,1,6,2,67,10,1498,1,-1,6,1,6
2018051801422,3,9,0,3,0,1,0,0,0,0,2,1,6,1,24,5,1398,2,4,1,-1,1
2018051801422,4,9,0,3,0,1,0,0,0,0,2,1,6,1,33,6,1197,1,1,4,1,4
2018051801423,1,19,0,5,0,0,0,0,0,0,3,1,6,1,54,8,-1,-1,-1,3,1,3
2018051801424,1,8,0,5,0,0,0,0,0,0,2,1,1,1,61,9,-1,-1,-1,1,1,1
2018051801427,1,9,0,18,0,0,0,0,0,0,4,1,6,2,23,5,1499,2,1,3,1,3
2018051801428,1,9,0,18,0,4,0,0,0,0,1,1,6,3,-1,-1,-1,-1,-1,-1,-1,-1
2018051801428,2,9,0,3,0,5,0,0,0,0,2,1,6,2,44,7,1149,1,10,5,1,5
2018051801429,1,9,0,9,0,2,0,0,0,0,1,2,6,2,61,9,1360,1,19,2,1,2
2018051801430,1,9,0,18,0,0,0,0,0,0,1,1,2,2,24,5,1596,1,16,7,1,7
2018051801430,2,9,0,18,0,0,0,0,0,0,2,1,6,2,47,8,1598,1,16,5,1,5
2018051801431,1,9,0,6,0,8,0,0,0,0,2,1,6,2,38,7,1296,1,9,1,1,1
2018051801431,2,9,0,18,0,8,0,0,0,0,1,1,6,2,20,4,1197,1,3,6,1,6
2018051801432,1,9,0,18,0,0,0,0,0,0,4,1,6,2,29,6,999,1,3,6,1,6
2018051801433,1,9,0,18,0,0,0,0,0,0,1,1,6,1,64,9,1783,1,15,10,1,10
2018051801433,2,9,0,18,0,0,0,0,0,0,2,1,6,2,83,11,1496,1,-1,4,1,4
2018051801433,3,9,0,18,0,0,0,0,0,0,2,1,6,2,87,11,1398,1,2,8,3,8
2018051801433,4,9,0,18,0,0,0,0,0,0,2,1,6,2,27,6,1242,1,5,1,1,1
2018051801434,1,5,0,18,0,0,0,0,0,0,0,1,6,1,32,6,1783,1,2,3,1,3
2018051801435,1,9,0,9,0,6,0,0,0,0,3,1,1,2,35,6,1560,2,3,-1,-1,-1
2018051801435,2,9,0,17,0,1,1,7,1,6,1,1,6,1,29,6,2495,2,20,1,1,1
2018051801436,1,1,0,18,0,0,0,0,0,0,3,1,6,1,4,1,-1,-1,-1,1,1,1
2018051801436,2,9,0,18,0,0,0,0,1,0,1,1,6,1,32,6,1995,2,15,1,1,1
2018051801438,1,9,0,9,0,1,0,0,0,0,3,1,6,2,52,8,1589,1,22,3,1,3
2018051801438,2,9,0,13,0,1,1,0,1,4,4,1,2,2,54,8,999,1,-1,2,1,2
2018051801439,1,8,0,6,0,0,0,0,0,0,3,1,1,1,28,6,1560,2,6,1,1,1
2018051801439,2,8,0,18,0,0,0,0,0,0,4,1,1,1,37,7,1995,2,6,1,1,1
2018051801440,1,9,0,7,0,8,0,0,0,0,4,1,6,1,26,6,1984,1,4,9,1,9
2018051801440,2,1,0,18,0,8,0,0,0,0,1,1,1,1,37,7,-1,-1,-1,1,1,1
2018051801441,1,19,0,4,0,0,0,0,0,0,2,1,1,1,42,7,1598,2,1,1,1,1
2018051801441,2,9,0,18,0,0,0,0,0,0,1,1,6,1,48,8,998,1,9,2,1,2
2018051801442,1,9,0,9,0,8,0,0,0,0,1,1,6,2,60,9,1796,1,7,2,1,2
2018051801442,2,5,0,18,0,8,0,0,0,0,1,1,6,1,28,6,999,1,11,1,1,1
2018051801443,1,9,0,9,0,8,0,0,0,0,1,1,6,1,52,8,2987,2,11,-1,3,-1
2018051801443,2,9,0,18,0,8,0,0,0,0,1,1,6,2,47,8,1896,2,13,2,1,2
2018051801444,1,9,0,18,0,0,0,0,0,0,0,1,6,3,-1,-1,-1,-1,-1,-1,-1,-1
2018051801444,2,4,0,18,0,0,1,0,0,0,0,1,6,1,59,9,1298,1,16,8,1,8
2018051801445,1,21,0,18,0,1,0,0,0,0,1,1,1,1,28,6,-1,-1,-1,-1,-1,-1
2018051801445,2,8,0,3,0,1,0,0,1,2,2,1,6,1,51,8,2664,2,19,5,1,5
2018051801445,3,9,0,3,0,1,0,0,0,0,2,1,6,2,22,5,1149,1,13,1,1,1
2018051801446,1,9,0,18,0,0,5,4,0,0,1,1,6,1,20,4,1248,2,6,3,1,3
2018051801446,2,9,0,2,0,0,0,0,0,0,3,1,6,3,-1,-1,1149,1,9,-1,-1,-1
2018051801447,1,9,0,1,0,0,0,0,0,0,2,1,1,1,43,7,1995,2,13,1,1,1
2018051801448,1,9,0,18,0,0,0,4,0,0,1,1,6,1,51,8,998,1,16,8,1,8
2018051801448,2,9,0,2,0,0,0,0,0,0,1,1,6,3,-1,-1,1597,2,-1,-1,-1,-1
2018051801449,1,9,0,18,0,1,0,0,0,0,1,1,1,1,66,10,998,1,1,6,1,6
2018051801449,2,9,0,18,0,1,0,0,0,0,2,1,6,1,40,7,1997,1,11,6,1,6
2018051801451,1,9,0,18,0,0,0,0,0,0,1,1,2,2,50,8,1560,2,7,8,1,8
2018051801452,1,9,0,18,0,0,0,0,0,0,1,1,6,3,-1,-1,-1,-1,-1,-1,-1,-1
2018051801453,1,9,0,18,0,0,0,0,0,0,1,1,6,1,36,7,2143,2,1,3,1,3
2018051801453,2,1,0,18,0,0,0,0,0,0,2,1,6,1,-1,-1,-1,-1,-1,-1,-1,-1
2018051801454,1,8,0,5,0,0,0,0,0,0,1,1,1,1,39,7,1598,2,3,5,1,5
2018051801454,2,9,0,17,0,0,0,0,0,0,1,1,6,3,-1,-1,1598,1,11,-1,-1,-1
2018051801456,1,19,0,18,0,0,0,10,1,0,4,1,1,1,56,9,-1,-1,-1,5,1,5
2018051801457,1,9,0,7,0,6,0,0,0,0,4,1,6,3,-1,-1,-1,-1,-1,-1,-1,-1
2018051801457,2,1,0,5,0,2,0,0,0,0,3,1,6,1,26,6,-1,-1,-1,1,1,1
2018051801458,1,9,0,18,0,0,1,0,0,0,1,1,6,2,59,9,1395,1,2,2,1,2
2018051801459,1,8,0,18,0,0,0,0,0,0,1,1,1,1,30,6,1997,2,4,1,1,1
2018051801459,2,9,0,18,0,0,0,0,0,0,1,1,6,1,52,8,-1,3,3,6,1,6
2018051801459,3,9,0,18,0,0,0,0,0,0,2,1,6,1,30,6,1200,1,2,7,1,7
2018051801460,1,11,0,18,0,0,0,0,0,0,1,1,1,1,58,9,4760,2,5,5,1,5
2018051801461,1,9,0,7,0,6,0,0,1,0,3,1,2,1,26,6,1395,1,1,4,1,4
2018051801461,2,1,0,18,0,1,0,0,0,0,1,1,2,1,41,7,-1,-1,-1,4,1,4
2018051801462,1,9,0,14,0,0,0,0,0,0,1,1,6,3,-1,-1,-1,-1,-1,-1,-1,-1
2018051801462,2,9,0,3,0,0,0,0,0,0,3,1,6,2,29,6,1242,1,12,4,1,4
2018051801464,1,19,0,18,0,0,0,0,0,0,1,1,6,1,-1,-1,-1,-1,-1,3,1,3
2018051801465,1,8,0,4,0,0,0,0,0,0,4,1,1,1,-1,-1,1497,8,11,9,2,9
2018051801466,1,9,0,18,0,0,0,0,0,0,1,1,6,3,-1,-1,-1,-1,-1,-1,-1,-1
2018051801466,2,1,0,18,0,0,0,0,0,0,2,1,6,1,14,3,-1,-1,-1,2,1,2
2018051801467,1,9,0,18,0,0,0,4,0,0,1,1,6,3,-1,-1,-1,-1,-1,-1,-1,-1
2018051801467,2,9,0,2,0,0,0,0,0,0,3,1,6,3,-1,-1,1582,2,1,-1,-1,-1
2018051801468,1,9,0,18,0,2,0,0,0,0,1,1,6,1,35,6,1582,2,3,2,1,2
2018051801469,1,1,0,18,0,2,0,0,0,0,3,1,6,1,6,2,-1,-1,-1,1,1,1
2018051801469,2,9,0,18,0,2,0,0,0,0,1,1,6,1,46,8,1240,1,10,1,1,1
2018051801470,1,9,0,18,0,1,0,0,0,0,1,1,6,1,40,7,1998,1,14,2,1,2
2018051801470,2,9,0,3,0,1,0,0,0,0,2,1,6,1,33,6,1398,1,2,1,1,1
2018051801472,1,9,0,4,0,0,0,0,0,0,2,1,6,1,82,11,1598,1,16,8,1,8
2018051801472,2,1,0,18,0,0,0,0,0,0,1,1,6,1,54,8,-1,-1,-1,5,1,5
2018051801473,1,9,0,18,0,0,0,0,0,0,1,1,6,3,-1,-1,-1,-1,-1,-1,-1,-1
2018051801473,2,1,0,18,0,0,0,0,0,0,2,1,6,1,30,6,-1,-1,-1,1,1,1
2018051801474,1,9,0,18,0,0,0,0,0,0,1,1,6,1,81,11,1396,1,19,6,1,6
2018051801474,2,9,0,2,0,0,0,0,1,11,2,1,6,3,-1,-1,1584,1,13,-1,-1,-1
2018051801475,1,9,0,18,0,1,0,0,0,0,1,1,6,3,-1,-1,-1,-1,-1,-1,-1,-1
2018051801475,2,9,0,3,0,1,0,0,0,0,2,1,6,1,38,7,1240,1,15,1,1,1
2018051801476,1,9,0,4,0,1,0,0,0,0,1,1,1,1,34,6,998,1,3,8,1,8
2018051801476,2,1,0,18,0,1,0,0,0,0,3,1,6,1,11,3,-1,-1,-1,3,1,3
2018051801477,1,9,0,18,0,1,0,0,0,0,1,1,6,2,68,10,1197,1,4,4,1,4
2018051801477,2,9,0,18,0,1,0,0,0,0,3,1,6,2,37,7,1560,2,2,2,2,2
2018051801479,1,19,0,18,0,8,0,0,0,0,4,1,6,3,-1,-1,-1,-1,-1,-1,-1,-1
2018051801479,2,1,0,18,0,8,0,0,0,0,3,1,6,1,41,7,-1,-1,-1,1,1,1
2018051801480,1,5,0,18,0,1,1,0,0,0,0,1,6,1,47,8,1157,1,16,2,1,2
2018051801480,2,9,0,10,0,1,0,0,0,0,0,1,6,1,75,10,1399,2,11,9,1,9
2018051801481,1,9,0,18,0,1,0,0,0,0,1,1,1,1,39,7,1560,2,1,-1,-1,-1
2018051801481,2,9,0,9,0,1,0,0,0,0,2,1,6,1,24,5,1984,1,11,1,1,1
2018051801482,1,9,0,18,0,8,0,0,1,4,1,1,6,2,64,9,1398,1,2,3,1,3
2018051801483,1,9,0,18,0,1,0,0,0,0,1,1,6,1,30,6,1499,2,1,1,1,1
2018051801483,2,1,0,18,0,8,0,0,0,0,2,1,6,1,50,8,-1,-1,-1,1,1,1
2018051801484,1,9,0,17,0,3,0,10,1,2,1,1,6,1,48,8,1560,2,10,-1,-1,-1
2018051801485,1,9,0,18,0,0,0,0,0,0,4,1,6,3,-1,-1,1796,1,4,-1,-1,-1
2018051801487,1,9,0,10,0,1,0,0,0,0,3,1,6,2,32,6,2494,1,13,1,1,1
2018051801487,2,9,0,18,0,1,0,0,0,0,1,1,6,2,50,8,1995,2,14,2,1,2
2018051801490,1,9,0,9,0,6,0,0,0,0,1,1,1,1,40,7,1797,8,7,2,1,2
2018051801492,1,9,0,5,0,8,0,0,0,0,1,1,2,1,61,9,998,1,-1,1,1,1
2018051801492,2,3,0,18,0,8,0,0,0,0,1,1,2,1,54,8,124,1,3,1,1,1
2018051801493,1,9,0,9,0,5,0,0,1,1,1,1,6,2,88,11,1197,1,5,2,1,2
2018051801493,2,9,0,2,0,2,0,0,0,0,3,1,6,3,-1,-1,1999,1,8,-1,-1,-1
2018051801494,1,9,0,18,0,0,0,0,0,0,1,1,6,2,37,7,999,1,1,5,1,5
2018051801494,2,9,0,18,0,0,0,0,0,0,2,1,6,2,31,6,1229,1,8,9,1,9
2018051801494,3,9,0,18,0,0,0,0,0,0,2,1,6,2,45,7,1591,1,11,1,1,1
2018051801496,1,9,0,18,0,1,0,0,0,0,1,1,6,1,29,6,-1,-1,-1,1,1,1
2018051801496,2,9,0,3,0,1,0,0,0,0,2,1,6,1,75,10,998,1,13,1,1,1
2018051801496,3,9,0,3,0,1,0,0,0,0,2,1,6,2,20,4,1229,1,3,6,1,6
2018051801497,1,9,0,2,0,0,0,0,0,0,3,1,2,2,60,9,1968,2,13,5,1,5
2018051801497,2,1,0,18,0,0,0,0,0,0,1,1,2,2,48,8,-1,-1,-1,1,1,1
2018051801498,1,9,0,18,0,4,0,0,0,0,1,1,6,1,-1,-1,1598,1,16,1,1,1
2018051801498,2,9,0,3,0,4,0,0,0,0,2,1,6,2,17,4,1229,1,8,7,2,7
2018051801499,1,9,0,2,0,0,0,0,0,0,3,1,6,1,21,5,1997,2,8,1,1,1
2018051801499,2,1,0,18,0,0,0,0,0,0,3,1,6,2,25,5,-1,-1,-1,1,1,1
2018051801500,1,21,1,12,0,0,0,0,0,0,1,2,1,1,53,8,-1,-1,-1,-1,-1,-1
2018051801500,2,9,0,18,0,0,0,0,1,0,4,1,6,1,67,10,2987,2,13,3,1,3
2018051801500,3,9,0,18,0,0,0,0,0,0,2,1,6,2,49,8,1995,2,7,1,1,1
2018051801500,4,9,0,18,0,0,0,0,0,0,1,1,6,1,30,6,1900,2,18,10,1,10
2018051801501,1,9,0,18,0,0,0,0,0,0,1,1,6,3,-1,-1,-1,-1,-1,-1,-1,-1
2018051801501,2,9,0,18,0,0,0,0,0,0,2,1,6,2,54,8,2494,8,2,7,2,7
2018051801504,1,9,0,9,0,8,0,0,0,0,1,1,6,3,-1,-1,1685,2,4,-1,-1,-1
2018051801504,2,1,0,10,0,8,0,0,0,0,2,1,2,1,55,8,-1,-1,-1,7,1,7
2018051801505,1,9,0,18,0,1,0,0,0,0,1,1,6,3,-1,-1,-1,-1,-1,-1,-1,-1
2018051801505,2,9,0,3,0,1,0,0,0,0,2,1,6,1,25,5,1968,2,3,4,1,4
2018051801506,1,9,0,9,0,8,0,0,0,0,3,1,6,1,42,7,1461,2,5,1,1,1
2018051801506,2,9,0,18,0,8,0,0,1,11,4,1,6,1,26,6,1991,1,3,4,1,4
2018051801508,1,9,0,18,0,1,0,0,0,0,1,1,6,1,82,11,1796,1,11,7,1,7
2018051801508,2,9,0,18,0,8,0,0,0,0,3,1,6,2,31,6,1685,2,5,1,1,1
2018051801509,1,8,0,6,0,0,0,0,0,0,3,1,1,2,62,9,1997,2,7,4,1,4
2018051801509,2,9,0,18,0,0,0,0,0,0,1,1,1,2,40,7,1598,2,-1,-1,3,-1
2018051801510,1,1,0,18,0,0,0,0,0,0,3,1,4,2,10,2,-1,-1,-1,1,1,1
2018051801510,2,9,0,18,0,0,0,0,0,0,1,1,6,1,56,9,1197,1,1,4,1,4
2018051801511,1,9,0,18,0,0,0,0,0,0,0,1,6,3,-1,-1,-1,-1,-1,-1,-1,-1
2018051801511,2,1,0,18,0,0,0,4,0,0,1,1,6,1,50,8,-1,-1,-1,1,1,1
2018051801511,3,9,0,2,0,0,0,0,0,0,4,1,6,3,-1,-1,-1,-1,-1,-1,-1,-1
2018051801512,1,9,0,18,0,0,0,0,0,0,4,1,6,3,-1,-1,-1,-1,-1,-1,-1,-1
2018051801514,1,9,0,18,0,0,0,0,0,0,4,1,6,3,-1,-1,-1,-1,-1,-1,-1,-1
2018051801514,2,1,0,18,0,0,0,0,0,0,-1,1,6,1,31,6,-1,-1,-1,1,1,1
2018051801515,1,9,0,18,0,8,0,9,2,2,1,1,6,2,80,11,998,1,1,7,1,7
2018051801516,1,9,0,3,0,1,0,0,0,0,2,1,6,1,-1,-1,-1,-1,-1,-1,-1,-1
2018051801518,1,9,0,9,0,5,0,0,0,0,1,1,6,1,50,8,1596,1,10,1,1,1
2018051801518,2,22,0,18,0,8,0,0,0,0,3,1,6,1,52,8,-1,-1,-1,3,1,3
2018051801519,1,9,0,9,0,6,0,0,0,0,1,1,3,2,42,7,1396,1,16,1,1,1
2018051801520,1,9,0,7,0,8,0,0,0,0,4,1,6,3,-1,-1,-1,-1,-1,-1,-1,-1
2018051801520,2,1,0,5,0,8,0,0,0,0,3,1,6,1,26,6,-1,-1,-1,3,1,3
2018051801521,1,9,0,18,0,0,0,0,0,0,1,1,6,1,32,6,1362,1,5,8,1,8
2018051801522,1,8,0,18,0,0,0,0,0,0,1,1,1,1,31,6,1956,2,3,2,1,2
2018051801523,1,9,0,9,0,2,0,0,0,0,3,1,1,2,79,11,998,1,3,4,1,4
2018051801524,1,9,0,5,0,2,0,0,0,0,3,1,6,1,83,11,1598,1,9,5,1,5
2018051801524,2,21,0,16,0,2,0,0,0,0,1,1,1,1,62,9,9200,2,12,1,1,1
2018051801525,1,9,0,18,0,0,0,0,0,0,3,1,6,1,21,5,999,1,3,1,1,1
2018051801526,1,9,0,18,0,0,0,0,0,0,3,1,6,2,31,6,1242,1,16,8,1,8
2018051801527,1,1,0,18,0,2,0,0,0,0,2,1,3,1,14,3,-1,-1,-1,2,1,2
2018051801527,2,19,0,18,0,2,0,0,0,0,1,1,6,1,33,6,2198,2,2,7,1,7
2018051801528,1,9,0,16,0,0,1,0,7,4,1,1,6,1,27,6,1968,2,5,5,1,5
2018051801529,1,9,0,1,0,0,0,10,0,0,2,1,6,3,-1,-1,-1,-1,-1,-1,-1,-1
2018051801530,1,9,0,18,0,1,0,0,0,0,1,1,6,3,-1,-1,-1,-1,-1,-1,-1,-1
2018051801530,2,1,0,18,0,1,0,0,0,0,3,1,6,3,-1,-1,-1,-1,-1,-1,-1,-1
2018051801531,1,9,0,18,0,0,0,0,0,0,1,1,6,1,77,11,1597,1,18,1,1,1
2018051801532,1,9,0,18,0,0,0,0,0,0,1,1,2,1,27,6,1596,1,10,1,1,1
2018051801532,2,9,0,4,0,0,0,0,0,0,2,1,6,2,57,9,898,1,3,6,1,6
2018051801532,3,9,0,4,0,0,0,0,0,0,2,1,6,2,48,8,898,1,-1,6,1,6
2018051801532,4,9,0,4,0,0,0,0,0,0,2,1,6,2,48,8,999,1,3,1,1,1
2018051801534,1,9,0,18,0,4,0,0,0,0,1,1,6,1,71,10,998,1,19,10,1,10
2018051801534,2,1,0,18,0,3,0,0,0,0,4,1,6,1,50,8,-1,-1,-1,9,1,9
2018051801535,1,9,0,18,0,0,0,0,0,0,1,1,2,1,35,6,1796,1,13,7,1,7
2018051801535,2,9,0,2,0,0,0,0,0,0,1,1,6,3,-1,-1,-1,-1,-1,-1,-1,-1
2018051801536,1,8,0,18,0,8,0,0,0,0,1,1,1,1,32,6,1997,2,4,1,-1,1
2018051801536,2,9,0,18,0,8,0,0,0,0,3,1,6,1,73,10,1995,2,3,5,1,5
2018051801537,1,5,0,9,0,8,1,0,0,0,0,1,1,1,36,7,1170,1,6,-1,-1,-1
2018051801542,1,9,0,18,0,0,0,0,0,0,1,1,6,3,-1,-1,-1,-1,-1,-1,-1,-1
2018051801543,1,9,0,18,0,0,0,0,0,0,3,1,6,2,70,10,-1,-1,-1,5,1,5
2018051801544,1,9,0,9,0,8,0,0,0,0,1,1,6,1,-1,-1,-1,-1,-1,-1,-1,-1
2018051801544,2,1,0,9,0,8,0,0,0,0,2,1,6,1,62,9,-1,-1,-1,7,1,7
2018051801545,1,9,0,18,0,6,0,0,0,0,3,1,6,1,28,6,1598,1,13,1,1,1
2018051801546,1,9,0,9,0,8,0,0,0,0,4,1,6,1,20,4,1398,1,3,6,1,6
2018051801546,2,9,0,18,0,8,0,0,0,0,1,1,6,2,26,6,1598,1,6,4,1,4
2018051801547,1,9,0,6,0,0,0,0,0,0,1,1,1,1,31,6,1560,2,5,9,1,9
2018051801548,1,97,0,18,0,8,0,0,0,0,1,1,6,3,-1,-1,-1,-1,-1,-1,-1,-1
2018051801550,1,9,0,18,0,0,1,0,5,2,1,1,2,2,66,10,1242,1,4,1,1,1
2018051801551,1,9,0,18,0,0,0,0,0,0,1,-1,6,3,-1,-1,-1,-1,-1,-1,-1,-1