Accident_Index,Vehicle_Reference,Vehicle_Type,Towing_and_Articulation,Vehicle_Manoeuvre,Vehicle_Location-Restricted_Lane,Junction_Location,Skidding_and_Overturning,Hit_Object_in_Carriageway,Vehicle_Leaving_Carriageway,Hit_Object_off_Carriageway,1st_Point_of_Impact,Was_Vehicle_Left_Hand_Drive?,Journey_Purpose_of_Driver,Sex_of_Driver,Age_of_Driver,Age_Band_of_Driver,Engine_Capacity_(CC),Propulsion_Code,Age_of_Vehicle,Driver_IMD_Decile,Driver_Home_Area_Type,Vehicle_IMD_Decile
2018051802162,2,9,0,8,0,1,0,0,0,0,2,1,6,2,27,6,1242,1,2,2,1,2
2018051802163,1,3,0,18,0,8,0,0,0,0,1,1,6,1,25,5,120,1,2,1,1,1
2018051802163,2,9,0,9,0,8,0,0,0,0,1,1,1,1,39,7,2148,2,13,4,1,4
2018051802164,1,9,0,9,0,8,0,0,0,0,1,1,6,1,36,7,1396,1,7,10,1,10
2018051802164,2,3,0,18,0,8,0,0,0,0,1,1,6,1,53,8,499,1,2,1,1,1
2018051802165,1,9,0,18,0,1,0,4,0,0,1,1,6,1,40,7,1299,1,15,1,1,1
2018051802165,2,9,0,3,0,1,0,0,0,0,2,1,6,1,34,6,1395,1,5,2,1,2
2018051802168,1,9,0,18,0,0,0,0,0,0,1,1,6,1,40,7,-1,-1,-1,1,1,1
2018051802168,2,19,0,18,0,0,0,0,0,0,2,1,1,1,32,6,1598,2,2,1,-1,1
2018051802169,1,9,0,16,0,1,2,0,1,10,1,1,2,1,33,6,1910,2,13,5,1,5
2018051802170,1,9,0,3,0,0,0,0,0,0,1,1,2,1,28,6,1997,2,14,1,1,1
2018051802170,2,9,0,18,0,0,0,0,0,0,2,1,6,2,42,7,1910,2,10,1,1,1
2018051802172,1,9,0,5,0,1,0,0,0,0,4,1,6,1,74,10,989,1,18,3,1,3
2018051802172,2,9,0,18,0,8,0,0,0,0,1,1,3,2,24,5,1994,1,19,1,1,1
2018051802173,1,9,0,18,0,8,0,0,4,1,1,1,6,1,23,5,999,1,3,4,1,4
2018051802173,2,9,0,18,0,8,0,0,0,0,3,1,6,1,46,8,998,1,1,1,1,1
2018051802175,1,9,0,9,0,8,0,0,0,0,3,1,1,2,33,6,1560,2,3,-1,-1,-1
2018051802175,2,19,0,18,0,8,0,0,0,0,3,1,1,1,42,7,2198,2,6,4,1,4
2018051802176,1,21,1,18,0,8,1,0,0,0,1,1,1,1,33,6,-1,-1,-1,1,1,1
2018051802176,2,19,0,18,0,8,0,0,0,0,4,1,1,1,41,7,2143,2,7,9,1,9
2018051802177,1,9,0,18,0,6,0,0,0,0,3,1,3,2,33,6,1984,1,16,8,1,8
2018051802177,2,9,0,18,0,8,0,0,0,0,1,1,2,2,50,8,1596,1,11,5,1,5
2018051802178,1,9,0,17,0,0,0,0,0,0,1,1,2,1,44,7,1685,2,3,8,1,8
2018051802178,2,9,0,18,0,0,0,0,0,0,1,1,6,2,21,5,1497,1,16,3,1,3
2018051802179,1,9,0,18,0,8,0,0,0,0,1,1,6,2,23,5,998,1,7,8,1,8
2018051802179,2,19,0,18,0,8,0,0,0,0,4,1,3,2,38,7,1560,2,4,7,3,7
2018051802180,1,1,0,18,0,1,0,0,3,0,1,1,6,1,17,4,-1,-1,-1,1,1,1
2018051802180,2,9,0,8,0,1,0,0,0,0,0,1,2,1,32,6,1598,1,12,2,1,2
2018051802181,1,9,0,18,0,8,1,0,7,1,4,1,6,2,86,11,1296,1,11,7,1,7
2018051802181,2,9,0,18,0,8,1,0,0,0,1,1,6,1,66,10,1199,1,14,8,1,8
2018051802182,1,9,0,18,0,4,0,10,1,11,3,1,2,1,22,5,998,1,2,1,1,1
2018051802182,2,9,0,18,0,4,0,0,0,0,1,1,6,1,42,7,1598,2,6,2,1,2
2018051802184,1,9,0,9,0,8,0,0,0,0,1,1,6,3,-1,-1,-1,-1,-1,-1,-1,-1
2018051802184,2,9,0,10,0,8,0,0,0,0,4,1,6,1,29,6,1490,1,1,1,1,1
2018051802184,3,9,0,9,0,8,0,0,0,0,1,1,6,3,-1,-1,-1,-1,-1,-1,-1,-1
2018051802185,1,9,0,18,0,1,0,0,0,0,1,1,6,1,67,10,998,1,3,8,1,8
2018051802185,2,9,0,18,0,8,0,0,0,0,4,1,2,1,26,6,1995,2,8,6,1,6
2018051802186,1,9,0,18,0,0,0,0,0,0,1,1,6,2,38,7,1390,1,7,2,1,2
2018051802187,1,9,0,9,0,1,0,0,0,0,1,1,6,3,-1,-1,-1,-1,-1,-1,-1,-1
2018051802187,2,9,0,10,0,1,0,0,0,0,2,1,6,2,62,9,1596,1,2,1,1,1
2018051802188,1,9,0,18,0,0,0,0,0,0,1,1,6,1,61,9,1560,2,11,1,1,1
2018051802190,1,19,0,18,0,0,0,0,0,0,4,1,6,1,50,8,1560,2,7,1,1,1
2018051802191,1,9,0,1,0,0,0,0,0,0,2,1,6,2,84,11,1398,1,5,5,1,5
2018051802191,2,9,0,2,0,0,0,0,0,0,4,1,6,3,-1,-1,1000,1,3,-1,-1,-1
2018051802191,3,9,0,4,0,0,0,0,0,0,1,1,6,1,56,9,1582,2,1,1,1,1
2018051802192,1,3,0,9,0,8,0,0,0,0,4,1,6,1,59,9,125,1,3,1,1,1
2018051802192,2,9,0,18,0,8,0,0,0,0,1,1,6,2,46,8,1364,1,11,2,1,2
2018051802194,1,9,0,5,0,0,0,0,0,0,3,1,6,2,19,4,-1,-1,-1,7,1,7
2018051802194,2,9,0,18,0,0,0,0,0,0,1,1,6,1,58,9,1499,2,1,1,1,1
2018051802196,1,9,0,18,0,0,0,0,0,0,1,1,6,2,45,7,-1,-1,-1,3,1,3
2018051802197,1,1,0,18,0,0,0,0,0,0,1,1,6,3,-1,-1,-1,-1,-1,-1,-1,-1
2018051802203,1,9,0,2,0,0,0,0,0,0,4,1,6,1,33,6,999,1,1,2,1,2
2018051802203,2,3,0,18,0,0,0,8,0,0,1,1,6,1,34,6,-1,-1,-1,5,1,5
2018051802204,1,9,0,18,0,1,0,0,0,0,1,1,6,1,80,11,-1,-1,-1,9,1,9
2018051802204,2,1,0,18,0,1,0,0,0,0,-1,1,6,1,13,3,-1,-1,-1,2,1,2
2018051802205,1,9,0,18,0,1,0,0,0,0,1,1,6,1,22,5,1995,2,12,4,1,4
2018051802207,1,9,0,18,0,1,0,0,0,0,1,1,6,2,37,7,1299,1,14,1,1,1
2018051802207,2,1,0,18,0,2,0,0,0,0,1,1,6,1,23,5,-1,-1,-1,1,1,1
2018051802208,1,9,0,13,0,1,0,0,0,0,4,1,6,3,-1,-1,-1,-1,-1,-1,-1,-1
2018051802208,2,1,0,18,0,8,0,0,0,0,3,1,2,2,51,8,-1,-1,-1,5,1,5
2018051802209,1,8,0,18,0,0,0,10,1,7,1,1,1,1,27,6,-1,-1,-1,8,1,8
2018051802209,2,19,0,18,0,0,0,0,0,0,2,1,6,3,-1,-1,-1,-1,-1,-1,-1,-1
2018051802209,3,11,0,3,0,0,0,0,0,0,2,1,1,3,-1,-1,-1,-1,-1,-1,-1,-1
2018051802212,1,19,0,18,0,1,1,0,0,0,1,1,1,1,53,8,4500,2,4,-1,1,-1
2018051802212,2,9,0,18,0,1,0,0,0,0,2,1,2,2,26,6,1242,1,2,4,1,4
2018051802213,1,9,0,9,0,1,0,0,0,0,4,1,6,1,20,4,1149,1,6,-1,-1,-1
2018051802213,2,1,0,18,0,8,0,0,0,0,1,1,2,1,26,6,-1,-1,-1,8,1,8
2018051802214,1,9,0,3,0,0,0,0,0,0,2,1,1,1,42,7,1968,2,-1,-1,-1,-1
2018051802214,2,9,0,4,0,0,1,0,0,0,1,1,6,1,25,5,998,1,4,3,1,3
2018051802214,3,9,0,3,0,0,0,0,0,0,2,1,6,1,31,6,1560,2,14,2,1,2
2018051802216,1,9,0,18,0,0,0,0,0,0,1,1,6,1,19,4,-1,-1,-1,1,1,1
2018051802216,2,1,0,18,0,0,0,0,0,0,2,1,2,1,30,6,-1,-1,-1,1,1,1
2018051802217,1,9,0,18,0,0,0,0,0,0,1,1,2,2,24,5,998,1,4,1,1,1
2018051802217,2,9,0,4,0,0,0,0,0,0,2,1,6,1,34,6,1560,2,8,1,1,1
2018051802218,1,9,0,7,0,8,0,0,0,0,1,1,6,1,58,9,1124,1,11,7,1,7
2018051802219,1,9,0,18,0,8,0,0,0,0,1,1,6,1,74,10,2400,1,13,6,1,6
2018051802219,2,9,0,18,0,8,0,0,0,0,2,1,6,2,21,5,1149,1,1,1,1,1
2018051802219,3,8,0,18,0,8,0,0,0,0,2,1,1,1,48,8,1560,2,2,1,1,1
2018051802220,1,1,0,18,0,8,0,0,0,0,3,1,6,1,34,6,-1,-1,-1,1,1,1
2018051802220,2,8,0,7,0,8,0,0,0,0,1,1,1,2,53,8,1896,2,10,1,1,1
2018051802221,1,9,0,18,0,0,5,7,0,0,1,1,6,2,38,7,1339,1,16,1,1,1
2018051802222,1,9,0,18,0,2,0,0,0,0,1,1,6,3,-1,-1,-1,-1,-1,-1,-1,-1
2018051802223,1,9,0,18,0,8,0,0,0,0,1,1,6,1,44,7,1560,2,9,7,1,7
2018051802224,1,9,0,14,0,0,0,0,0,0,3,1,6,1,68,10,1968,2,13,7,1,7
2018051802225,1,9,0,9,0,6,0,0,0,0,1,1,1,1,55,8,1560,2,-1,10,1,10
2018051802225,2,5,0,18,0,8,0,0,0,0,1,1,2,2,20,4,652,1,14,2,1,2
2018051802228,1,19,0,18,0,0,0,0,0,0,1,1,6,3,-1,-1,-1,-1,-1,-1,-1,-1
2018051802228,2,9,0,18,0,0,0,0,0,0,2,1,6,1,54,8,999,1,1,5,1,5
2018051802230,1,9,0,9,0,1,0,0,0,0,4,1,6,3,-1,-1,-1,-1,-1,-1,-1,-1
2018051802230,2,9,0,18,0,1,0,0,4,1,1,1,6,1,38,7,1560,2,6,1,1,1
2018051802231,1,19,0,8,0,5,0,0,0,0,2,1,6,1,34,6,-1,-1,-1,7,1,7
2018051802231,2,1,0,18,0,1,0,0,0,0,1,1,6,2,54,8,-1,-1,-1,5,1,5
2018051802234,1,19,0,18,0,8,0,0,0,0,4,1,6,1,67,10,-1,-1,-1,6,1,6
2018051802234,2,5,0,5,0,8,1,0,0,0,1,1,1,1,52,8,600,1,18,2,1,2
2018051802235,1,9,0,18,0,0,0,0,0,0,1,1,6,2,41,7,1595,1,1,2,1,2
2018051802235,2,9,0,4,0,0,0,0,0,0,2,1,6,1,30,6,1598,1,7,3,1,3
2018051802235,3,9,0,4,0,0,0,0,0,0,2,1,6,2,23,5,1596,1,8,1,1,1
2018051802236,1,9,0,18,0,2,0,0,0,0,4,1,6,1,21,5,2000,1,9,10,1,10
2018051802238,1,9,0,18,0,0,1,0,0,0,1,1,1,1,37,7,1997,2,3,4,1,4
2018051802238,2,9,0,4,0,0,0,0,0,0,2,1,2,1,24,5,1596,1,2,6,1,6
2018051802238,3,9,0,4,0,0,0,0,0,0,2,1,2,1,34,6,-1,-1,-1,9,1,9
2018051802240,1,9,0,18,0,0,1,0,1,4,1,1,6,1,36,7,1461,2,13,1,1,1
2018051802241,1,9,0,9,0,8,0,0,0,0,1,1,6,2,36,7,-1,-1,-1,2,1,2
2018051802241,2,1,0,18,0,8,0,0,0,0,1,1,3,1,45,7,-1,-1,-1,5,1,5
2018051802242,1,9,0,18,0,0,0,0,0,0,0,1,2,2,54,8,1560,2,5,4,1,4
2018051802242,2,9,0,18,0,0,0,0,0,0,1,1,6,2,41,7,1799,1,11,1,1,1
2018051802242,3,9,0,18,0,0,0,0,0,0,1,1,6,1,72,10,2184,2,12,6,1,6
2018051802243,1,9,0,9,0,8,0,0,0,0,4,1,6,3,-1,-1,-1,-1,-1,-1,-1,-1
2018051802243,2,9,0,18,0,8,0,0,0,0,1,1,2,1,52,8,1798,1,14,5,1,5
2018051802244,1,1,0,18,0,1,0,0,0,0,1,1,6,1,20,4,-1,-1,-1,1,1,1
2018051802244,2,9,0,18,0,8,0,0,0,0,1,1,6,2,-1,-1,-1,-1,-1,-1,-1,-1
2018051802245,1,9,0,18,0,6,0,0,0,0,3,1,2,2,21,5,1198,1,1,3,1,3
2018051802247,1,9,0,18,0,1,0,0,0,0,1,1,6,3,-1,-1,-1,-1,-1,-1,-1,-1
2018051802247,2,3,0,18,0,1,0,0,0,0,2,1,6,1,19,4,-1,-1,-1,1,1,1
2018051802248,1,9,0,9,0,8,0,0,0,0,1,1,6,1,79,11,1598,2,3,5,1,5
2018051802248,2,19,0,18,0,8,0,0,0,0,3,1,1,1,37,7,2198,2,2,3,1,3
2018051802252,1,9,0,5,0,1,0,0,0,0,1,1,6,1,40,7,-1,-1,-1,1,1,1
2018051802252,2,9,0,18,0,1,0,0,0,0,2,1,6,2,75,10,1197,1,7,3,1,3
2018051802254,1,9,0,18,0,0,0,0,0,0,1,1,6,2,59,9,1248,1,6,5,1,5
2018051802256,1,9,0,18,0,0,0,0,0,0,1,1,6,3,-1,-1,-1,-1,-1,-1,-1,-1
2018051802256,2,9,0,2,0,0,0,0,0,0,1,1,6,2,36,7,2184,2,7,1,1,1
2018051802256,3,9,0,2,0,0,0,0,0,0,1,1,6,3,-1,-1,1998,2,10,-1,-1,-1
2018051802257,1,9,0,17,0,0,0,0,0,0,3,1,6,1,25,5,1598,2,1,1,1,1
2018051802257,2,8,0,18,0,0,0,0,7,11,4,1,1,1,45,7,2402,2,13,1,1,1
2018051802258,1,19,0,9,0,8,0,0,0,0,3,1,1,1,58,9,1995,2,-1,10,2,10
2018051802258,2,19,0,18,0,8,0,0,0,0,1,1,1,1,37,7,1461,2,3,1,1,1
2018051802259,1,9,0,5,0,6,0,0,0,0,1,1,6,3,-1,-1,1997,2,8,-1,-1,-1
2018051802259,2,9,0,5,0,6,0,0,0,0,2,1,6,1,18,4,1242,1,11,5,2,5
2018051802264,1,9,0,18,0,8,0,0,1,11,1,1,6,3,-1,-1,-1,-1,-1,-1,-1,-1
2018051802264,2,11,0,3,0,1,0,0,0,0,1,1,1,1,48,8,3900,2,13,10,1,10
2018051802264,3,9,0,18,0,1,0,0,0,0,0,1,1,1,-1,-1,2993,2,1,-1,-1,-1
2018051802266,1,9,0,18,0,0,0,0,0,0,1,1,6,3,-1,-1,-1,-1,-1,-1,-1,-1
2018051802267,1,9,0,18,0,0,0,0,0,0,4,1,6,3,-1,-1,-1,-1,-1,-1,-1,-1
2018051802268,1,9,0,5,0,6,0,0,0,0,1,1,6,2,20,4,998,1,4,1,1,1
2018051802268,2,9,0,18,0,8,0,0,0,0,4,1,6,1,25,5,1499,2,3,5,1,5
2018051802269,1,9,0,18,0,1,0,0,0,0,1,1,6,3,-1,-1,-1,-1,-1,-1,-1,-1
2018051802269,2,9,0,3,0,1,1,0,0,0,2,1,6,2,45,7,998,1,7,9,1,9
2018051802269,3,9,0,3,0,2,0,0,0,0,2,1,6,1,78,11,1242,1,11,5,1,5
2018051802270,1,9,0,5,0,0,0,0,0,0,1,1,6,3,-1,-1,-1,-1,-1,-1,-1,-1
2018051802272,1,3,0,18,0,8,0,0,0,0,1,1,6,1,18,4,-1,-1,-1,1,1,1
2018051802272,2,9,0,9,0,5,0,0,0,0,1,1,6,1,82,11,1364,1,11,3,1,3
2018051802273,1,11,0,4,0,1,0,0,0,0,0,1,1,1,32,6,-1,-1,-1,1,1,1
2018051802274,1,9,0,9,0,8,0,0,0,0,1,1,6,1,49,8,1997,2,1,2,1,2
2018051802274,2,9,0,17,0,8,0,0,0,0,4,1,6,1,29,6,1997,2,9,3,1,3
2018051802276,1,1,0,18,0,0,0,0,0,0,1,1,6,1,56,9,-1,-1,-1,9,1,9
2018051802276,2,9,0,2,0,0,0,0,0,0,2,1,6,1,32,6,1956,2,7,2,1,2
2018051802277,1,9,0,5,0,0,0,0,0,0,1,1,6,3,-1,-1,-1,-1,-1,-1,-1,-1
2018051802278,1,9,0,18,0,0,0,0,0,0,4,1,6,2,22,5,1397,1,8,8,1,8
2018051802279,1,9,0,18,0,1,0,0,0,0,1,1,6,3,-1,-1,-1,-1,-1,-1,-1,-1
2018051802280,1,11,0,18,0,1,0,0,0,0,4,1,1,1,50,8,7300,2,12,-1,-1,-1
2018051802281,1,9,0,7,0,8,0,0,0,0,1,1,6,1,57,9,898,1,4,1,1,1
2018051802281,2,1,0,18,0,8,0,0,0,0,4,1,6,1,72,10,-1,-1,-1,1,1,1
2018051802282,1,5,0,4,0,8,0,0,0,0,1,1,6,1,64,9,1100,1,18,10,1,10
2018051802282,2,9,0,10,0,8,0,0,0,0,3,1,6,1,27,6,1598,1,12,2,1,2
2018051802284,1,9,0,18,0,4,0,0,0,0,1,1,6,2,51,8,-1,-1,-1,1,1,1
2018051802284,2,9,0,18,0,4,0,0,0,0,2,1,6,1,73,10,1198,1,8,4,1,4
2018051802287,1,9,0,18,0,8,0,0,0,0,4,1,6,3,-1,-1,-1,-1,-1,-1,-1,-1
2018051802287,2,9,0,18,0,8,0,0,0,0,3,1,6,2,34,6,1242,1,8,3,1,3
2018051802288,1,9,0,18,0,0,0,0,0,0,4,1,6,2,-1,-1,-1,-1,-1,-1,-1,-1
2018051802289,1,19,0,18,0,8,0,0,1,7,3,1,1,1,20,4,1560,2,7,1,1,1
2018051802289,2,8,0,18,0,8,0,0,0,0,1,1,1,1,30,6,1598,2,8,1,1,1
2018051802290,1,19,0,9,0,2,0,0,0,0,3,1,1,2,61,9,1560,2,1,2,1,2
2018051802290,2,1,0,18,0,1,0,0,0,0,1,1,6,1,66,10,-1,-1,-1,1,1,1
2018051802293,1,9,0,9,0,8,0,0,0,0,1,1,2,2,19,4,1968,2,3,7,1,7
2018051802293,2,19,0,18,0,8,0,0,0,0,3,1,2,1,31,6,1560,2,2,2,1,2
2018051802294,1,9,0,3,0,8,0,0,0,0,2,1,2,2,52,8,1560,2,9,9,1,9
2018051802294,2,21,0,3,0,8,0,0,0,0,1,1,1,1,29,6,12777,2,2,9,1,9
2018051802295,1,9,0,18,0,0,0,0,0,0,1,1,6,1,52,8,1995,2,3,9,1,9
2018051802296,1,1,0,18,0,1,0,0,0,0,1,1,2,1,37,7,-1,-1,-1,1,1,1
2018051802296,2,9,0,9,0,1,0,0,0,0,1,1,2,1,32,6,1995,2,8,5,1,5
2018051802297,1,9,0,18,0,8,1,0,5,6,4,1,1,1,41,7,2993,2,1,2,1,2
2018051802297,2,19,0,9,0,8,0,0,0,0,1,1,6,1,57,9,2442,2,1,2,1,2
2018051802299,1,9,0,18,0,4,0,0,0,0,1,1,6,1,30,6,1497,1,13,2,1,2
2018051802299,2,9,0,18,0,8,0,0,0,0,4,1,6,2,40,7,1968,2,11,1,1,1
2018051802300,1,9,0,18,0,1,0,0,1,11,1,1,2,1,32,6,1968,2,4,1,1,1
2018051802301,1,9,0,9,0,1,0,0,0,0,4,1,6,1,33,6,1598,1,10,4,1,4
2018051802301,2,9,0,18,0,1,0,0,0,0,1,1,6,2,77,11,1229,1,13,9,1,9
2018051802302,1,9,0,5,0,1,0,0,0,0,1,1,6,3,-1,-1,-1,-1,-1,-1,-1,-1
2018051802302,2,1,0,18,0,1,0,0,0,0,3,1,6,2,37,7,-1,-1,-1,1,1,1
2018051802303,1,9,0,18,0,2,0,0,7,0,4,1,1,1,35,6,2993,2,1,2,1,2
2018051802303,2,9,0,1,0,2,0,0,0,0,1,1,6,3,-1,-1,-1,-1,-1,-1,-1,-1
2018051802304,1,8,0,18,0,1,0,0,0,0,1,1,6,1,56,9,-1,-1,-1,5,1,5
2018051802304,2,9,0,3,0,1,0,0,0,0,2,1,6,2,28,6,1560,2,6,1,1,1
2018051802306,1,9,0,18,0,2,0,0,0,0,4,1,6,3,-1,-1,1598,1,15,-1,-1,-1
2018051802307,1,9,0,1,0,0,0,0,0,0,2,1,6,2,58,9,1598,2,2,9,1,9
2018051802307,2,1,0,18,0,0,0,0,0,0,4,1,6,1,65,9,-1,-1,-1,7,1,7
2018051802308,1,9,0,18,0,0,0,0,0,0,1,1,6,2,-1,-1,1198,1,3,8,2,8
2018051802308,2,11,0,4,0,0,0,0,0,0,2,1,1,1,-1,-1,7300,2,12,2,1,2
2018051802309,1,9,0,5,0,0,0,0,0,0,3,1,6,1,-1,-1,-1,-1,-1,2,1,2
2018051802310,1,9,0,18,0,0,0,0,0,0,1,1,6,2,35,6,-1,-1,-1,1,1,1
2018051802310,2,9,0,4,0,0,0,0,0,0,2,1,6,2,29,6,1229,1,10,1,1,1
2018051802312,1,5,0,18,0,2,0,0,0,0,4,1,6,1,58,9,750,1,16,5,1,5
2018051802312,2,9,0,9,0,2,0,0,0,0,3,1,6,1,18,4,999,1,-1,1,1,1
2018051802313,1,9,0,18,0,1,0,0,0,0,1,1,6,1,18,4,1242,1,7,6,1,6
2018051802313,2,9,0,3,0,1,0,0,0,0,2,1,6,1,39,7,1896,2,15,1,1,1
2018051802314,1,9,0,18,0,8,0,0,0,0,1,1,6,1,-1,-1,1395,1,2,-1,-1,-1
2018051802314,2,1,0,18,0,8,0,0,0,0,3,1,1,1,38,7,-1,-1,-1,2,1,2
2018051802316,1,9,0,18,0,0,0,0,0,0,3,1,3,2,32,6,1229,1,9,1,1,1
2018051802316,2,4,0,18,0,0,0,0,0,0,1,1,6,1,67,10,-1,-1,-1,1,1,1
2018051802317,1,9,0,18,0,0,1,0,0,0,3,1,6,1,43,7,2393,2,-1,5,1,5
2018051802317,2,9,0,18,0,0,1,0,1,0,3,1,6,1,52,8,1997,1,3,4,1,4
2018051802318,1,9,0,9,0,8,0,0,0,0,1,1,6,1,23,5,1399,2,12,5,1,5
2018051802318,2,9,0,18,0,8,0,0,0,0,1,1,6,2,23,5,1229,1,5,1,1,1
2018051802319,1,9,0,18,0,0,0,0,0,0,1,1,6,2,34,6,1242,1,3,1,1,1
2018051802319,2,9,0,18,0,0,0,0,0,0,2,1,6,1,72,10,1200,1,2,6,1,6
2018051802320,1,9,0,18,0,0,0,0,0,0,1,1,6,1,56,9,1596,1,8,5,1,5
2018051802320,2,1,0,18,0,0,0,0,0,0,4,1,6,1,15,3,-1,-1,-1,8,1,8
2018051802321,1,9,0,18,0,0,0,0,0,0,1,1,2,2,45,7,1242,1,9,8,1,8
2018051802323,1,9,0,18,0,0,0,0,0,0,1,1,2,1,24,5,998,1,7,1,1,1
2018051802324,1,19,0,2,0,0,0,0,0,0,2,1,1,3,-1,-1,2298,2,-1,-1,-1,-1
2018051802324,2,9,0,2,0,0,0,0,0,0,1,2,6,3,-1,-1,1339,1,3,-1,-1,-1
2018051802325,1,9,0,18,0,0,0,0,0,0,1,1,6,1,20,4,1229,1,11,3,1,3
2018051802325,2,1,0,18,0,0,0,0,0,0,2,1,6,2,28,6,-1,-1,-1,2,1,2
2018051802326,1,9,0,4,0,1,0,0,0,0,0,1,6,3,-1,-1,1997,2,1,-1,-1,-1
2018051802326,2,9,0,4,0,1,0,0,0,0,2,1,6,2,45,7,1339,1,8,1,1,1
2018051802326,3,11,0,5,0,1,0,0,0,0,1,1,1,1,52,8,5132,2,1,1,1,1
2018051802327,1,9,0,9,0,1,0,0,0,0,3,1,6,2,88,11,998,1,1,7,3,7
2018051802327,2,4,0,18,0,1,0,0,0,0,1,1,6,1,52,8,125,1,-1,5,1,5
2018051802328,1,9,0,18,0,0,0,0,0,0,4,1,2,1,37,7,1995,2,3,8,1,8
2018051802328,2,9,0,12,0,0,0,0,0,0,3,1,6,2,32,6,2993,2,1,8,1,8
2018051802329,1,8,0,9,0,8,0,0,0,0,-1,1,6,1,36,7,-1,-1,-1,2,1,2
2018051802329,2,1,0,18,0,1,0,0,0,0,-1,1,6,1,49,8,-1,-1,-1,3,1,3
2018051802330,1,5,0,18,0,8,1,10,1,1,1,1,6,1,53,8,781,1,16,8,1,8
2018051802331,1,9,0,18,0,1,0,0,0,0,1,1,6,3,-1,-1,-1,-1,-1,-1,-1,-1
2018051802331,2,9,0,3,0,1,0,0,0,0,2,1,6,2,37,7,1199,1,14,3,1,3
2018051802332,1,9,0,9,0,8,0,0,0,0,0,1,6,3,-1,-1,-1,-1,-1,-1,-1,-1
2018051802332,2,1,0,18,0,8,0,0,0,0,0,1,2,1,29,6,-1,-1,-1,9,1,9
2018051802334,1,11,0,5,0,0,0,0,0,0,0,1,1,1,42,7,7300,2,17,4,1,4
2018051802335,1,9,0,18,0,8,0,0,0,0,1,1,6,3,-1,-1,-1,-1,-1,-1,-1,-1
2018051802335,2,1,0,9,0,8,0,0,0,0,2,1,2,1,20,4,-1,-1,-1,2,1,2
2018051802336,1,9,0,18,0,8,0,9,0,0,1,1,6,1,72,10,1398,1,7,4,1,4
2018051802336,2,9,0,5,0,8,0,0,0,0,1,1,6,2,28,6,999,1,1,1,1,1
2018051802337,1,9,0,5,0,6,0,0,0,0,3,1,2,2,61,9,1461,2,4,2,1,2
2018051802337,2,1,0,18,0,1,0,0,0,0,1,1,2,1,35,6,-1,-1,-1,1,1,1
2018051802338,1,1,0,18,0,0,0,0,0,0,1,1,6,1,61,9,-1,-1,-1,1,1,1
2018051802339,1,1,0,18,0,8,0,0,0,0,0,1,6,3,-1,-1,-1,-1,-1,-1,-1,-1
2018051802339,2,8,0,18,0,5,0,0,0,0,0,1,1,1,51,8,1598,2,6,2,1,2
2018051802341,1,9,0,18,0,6,0,0,0,0,1,1,6,1,24,5,999,1,-1,2,1,2
2018051802341,2,9,0,18,0,1,0,4,7,0,4,1,6,1,52,8,1598,2,1,1,1,1
2018051802341,3,9,0,2,0,1,0,4,0,0,2,1,6,3,-1,-1,1398,1,6,-1,-1,-1
2018051802341,4,9,0,2,0,1,0,0,0,0,2,1,6,3,-1,-1,1242,1,-1,-1,-1,-1
2018051802343,1,9,0,18,0,6,0,0,0,0,1,1,1,1,34,6,1560,2,5,1,1,1
2018051802343,2,9,0,18,0,8,0,0,0,0,4,1,6,2,49,8,996,1,8,1,1,1
2018051802345,1,9,0,18,0,6,0,0,0,0,1,1,6,3,-1,-1,-1,-1,-1,-1,-1,-1
2018051802345,2,9,0,18,0,1,0,0,0,0,4,1,6,2,33,6,1242,1,12,2,1,2
2018051802345,3,9,0,18,0,1,0,0,0,0,0,1,6,1,-1,-1,1560,2,-1,-1,-1,-1
2018051802346,1,19,0,18,0,0,0,0,0,0,1,1,6,1,40,7,1968,2,1,8,1,8
2018051802347,1,5,0,18,0,0,0,0,0,0,1,1,6,2,23,5,675,1,9,3,1,3
2018051802347,2,9,0,4,0,0,0,0,0,0,2,1,1,1,23,5,1560,2,4,7,1,7
2018051802348,1,9,0,18,0,6,0,0,0,0,4,1,6,3,-1,-1,-1,-1,-1,-1,-1,-1
2018051802349,1,98,0,18,0,0,0,0,0,0,4,1,1,3,-1,-1,-1,-1,-1,-1,-1,-1
2018051802349,2,1,0,18,0,0,0,0,0,0,3,1,6,2,23,5,-1,-1,-1,1,1,1
2018051802350,1,9,0,5,0,0,0,0,0,0,3,1,6,2,83,11,-1,-1,-1,7,1,7
2018051802350,2,3,0,18,0,0,0,0,0,0,4,1,6,1,20,4,124,1,2,1,1,1
2018051802351,1,1,0,18,0,0,0,0,0,0,1,1,6,1,25,5,-1,-1,-1,1,1,1
2018051802351,2,9,0,4,0,0,0,0,0,0,2,1,6,1,75,10,1598,2,6,7,1,7
2018051802352,1,9,0,18,0,8,0,0,0,0,3,1,6,2,24,5,1229,1,6,1,1,1
2018051802353,1,9,0,18,0,6,0,0,0,0,1,1,6,1,22,5,1229,1,6,7,1,7
2018051802353,2,9,0,18,0,8,5,0,0,0,4,1,6,2,57,9,2982,2,15,9,3,9
2018051802354,1,9,0,15,0,0,0,0,0,0,1,1,6,3,-1,-1,999,1,-1,-1,-1,-1
2018051802354,2,9,0,18,0,0,0,0,0,0,1,1,1,1,35,6,1995,2,4,1,1,1
2018051802355,1,9,0,7,0,6,0,0,0,0,1,1,6,3,-1,-1,1248,2,6,-1,-1,-1