Accident_Index,Vehicle_Reference,Vehicle_Type,Towing_and_Articulation,Vehicle_Manoeuvre,Vehicle_Location-Restricted_Lane,Junction_Location,Skidding_and_Overturning,Hit_Object_in_Carriageway,Vehicle_Leaving_Carriageway,Hit_Object_off_Carriageway,1st_Point_of_Impact,Was_Vehicle_Left_Hand_Drive?,Journey_Purpose_of_Driver,Sex_of_Driver,Age_of_Driver,Age_Band_of_Driver,Engine_Capacity_(CC),Propulsion_Code,Age_of_Vehicle,Driver_IMD_Decile,Driver_Home_Area_Type,Vehicle_IMD_Decile
2018051802355,2,8,0,18,0,8,0,0,0,0,4,1,1,1,56,9,2664,2,18,3,1,3
2018051802355,3,9,0,2,0,8,0,0,0,0,1,1,6,3,-1,-1,6417,1,1,-1,-1,-1
2018051802361,1,9,0,5,0,0,0,0,0,0,3,1,6,1,70,10,2435,1,12,2,1,2
2018051802362,1,9,0,18,0,0,0,0,0,0,1,1,6,3,-1,-1,-1,-1,-1,-1,-1,-1
2018051802362,2,1,0,18,0,0,0,0,0,0,2,1,6,1,11,3,-1,-1,-1,1,1,1
2018051802363,1,9,0,16,0,0,0,0,0,0,4,1,6,1,53,8,1968,2,1,10,1,10
2018051802363,2,9,0,4,0,0,0,0,0,0,1,1,6,1,26,6,1968,2,2,1,1,1
2018051802364,1,9,0,18,0,0,0,0,0,0,1,1,2,1,19,4,1229,1,7,8,1,8
2018051802364,2,9,0,18,0,0,0,0,0,0,1,1,6,1,59,9,2720,2,11,1,1,1
2018051802365,1,9,0,9,0,1,0,0,0,0,4,1,6,2,23,5,1461,2,5,2,1,2
2018051802365,2,9,0,18,0,1,0,0,0,0,1,1,6,1,54,8,998,1,10,4,1,4
2018051802366,1,4,0,18,0,0,0,0,0,0,1,1,6,1,-1,-1,-1,-1,-1,-1,-1,-1
2018051802367,1,9,0,18,0,1,0,0,0,0,2,1,6,1,26,6,2000,1,11,1,-1,1
2018051802367,2,1,0,18,0,1,0,0,0,0,3,1,6,1,31,6,-1,-1,-1,5,1,5
2018051802368,1,9,0,18,0,1,0,0,0,0,1,1,2,1,20,4,1388,1,11,5,1,5
2018051802368,2,9,0,4,0,6,0,0,0,0,3,1,2,2,41,7,1398,1,7,1,1,1
2018051802368,3,9,0,5,0,8,0,0,0,0,1,1,2,1,35,6,1229,1,10,5,1,5
2018051802369,1,9,0,18,0,8,0,0,0,0,1,1,2,1,42,7,1968,2,4,8,-1,8
2018051802369,2,11,0,9,0,8,0,0,1,2,3,1,1,1,55,8,6700,2,2,1,1,1
2018051802371,1,19,0,15,0,2,0,0,0,0,1,1,6,1,67,10,-1,-1,-1,6,1,6
2018051802371,2,1,0,14,0,2,0,0,0,0,3,1,6,1,36,7,-1,-1,-1,3,1,3
2018051802373,1,8,0,4,0,1,0,0,0,0,0,1,1,1,61,9,1560,2,4,5,1,5
2018051802373,2,11,0,4,0,1,0,0,0,0,0,1,1,1,46,8,-1,-1,-1,1,1,1
2018051802374,1,9,0,7,0,1,0,0,0,0,2,1,6,2,26,6,1999,2,-1,1,1,1
2018051802374,2,1,0,18,0,1,1,0,0,0,1,1,4,1,17,4,-1,-1,-1,5,1,5
2018051802378,1,9,0,5,0,6,0,0,0,0,1,1,6,3,-1,-1,2902,2,13,-1,-1,-1
2018051802379,1,9,0,9,0,2,1,0,1,4,3,2,6,1,71,10,1242,1,9,5,1,5
2018051802379,2,9,0,18,0,1,1,0,0,0,1,2,6,1,30,6,1984,1,5,1,1,1
2018051802380,1,9,0,18,0,1,0,0,0,0,1,1,6,1,20,4,1560,2,12,3,1,3
2018051802380,2,9,0,2,0,1,0,0,0,0,2,1,6,2,26,6,1997,2,1,5,1,5
2018051802381,1,9,0,5,0,4,0,0,0,0,1,1,6,3,-1,-1,-1,-1,-1,-1,-1,-1
2018051802381,2,1,0,7,0,8,0,0,0,0,2,1,6,2,35,6,-1,-1,-1,4,1,4
2018051802382,1,9,0,4,0,1,0,0,0,0,1,1,6,2,22,5,-1,-1,-1,3,1,3
2018051802382,2,9,0,2,0,1,0,0,0,0,2,1,6,2,47,8,1598,1,10,7,1,7
2018051802384,1,9,0,18,0,0,0,0,0,0,1,1,2,1,53,8,998,1,2,2,1,2
2018051802385,1,9,0,18,0,0,0,0,0,0,1,1,6,1,29,6,1598,1,20,9,2,9
2018051802387,1,9,0,18,0,8,0,0,0,0,1,1,6,1,20,4,1968,2,8,1,1,1
2018051802387,2,9,0,18,0,8,0,0,0,0,1,1,6,1,60,9,2771,1,21,5,1,5
2018051802388,1,19,0,18,0,2,0,0,0,0,1,1,1,1,54,8,2198,2,2,1,2,1
2018051802389,1,9,0,18,0,1,0,0,0,0,1,1,6,1,21,5,1499,2,1,7,1,7
2018051802389,2,9,0,18,0,1,0,0,0,0,2,1,6,2,39,7,1586,1,4,5,1,5
2018051802389,3,9,0,18,0,1,0,0,0,0,2,1,6,1,55,8,1149,1,3,1,1,1
2018051802390,1,19,0,18,0,0,0,0,0,0,4,1,2,1,40,7,1753,2,13,1,1,1
2018051802390,2,1,0,-1,0,0,0,0,0,0,-1,1,1,1,40,7,-1,-1,-1,2,1,2
2018051802391,1,9,0,18,0,1,0,0,0,0,1,1,2,1,46,8,1956,2,9,5,1,5
2018051802392,1,9,0,18,0,0,5,0,0,0,4,1,6,1,22,5,1229,1,9,4,1,4
2018051802392,2,9,0,2,0,0,0,0,0,0,3,1,6,3,-1,-1,1229,1,6,-1,-1,-1
2018051802392,3,9,0,2,0,0,0,0,0,0,3,1,6,3,-1,-1,999,1,2,-1,-1,-1
2018051802392,4,9,0,2,0,0,0,0,0,0,2,1,6,3,-1,-1,1998,1,-1,-1,-1,-1
2018051802393,1,9,0,18,0,0,2,0,1,11,1,1,6,1,21,5,1984,1,1,1,1,1
2018051802397,1,9,0,9,0,8,0,0,0,0,3,1,1,1,33,6,1997,2,12,3,1,3
2018051802397,2,8,0,18,0,8,0,0,0,0,4,1,1,1,64,9,2148,2,14,1,1,1
2018051802398,1,9,0,16,0,0,0,0,0,0,3,1,6,3,-1,-1,-1,-1,-1,-1,-1,-1
2018051802398,2,8,0,18,0,0,0,0,0,0,3,1,1,1,59,9,1598,2,2,2,1,2
2018051802399,1,9,0,18,0,0,0,0,0,0,1,1,6,1,31,6,-1,-1,-1,3,1,3
2018051802399,2,9,0,18,0,0,0,0,0,0,2,1,6,1,76,11,1299,1,17,6,1,6
2018051802399,3,9,0,18,0,0,0,0,0,0,2,1,6,1,42,7,1560,2,13,1,1,1
2018051802400,1,9,0,18,0,0,0,0,0,0,1,1,1,1,53,8,1968,2,6,1,1,1
2018051802401,1,9,0,18,0,1,5,0,3,1,1,1,6,1,23,5,1499,1,1,8,2,8
2018051802402,1,9,0,18,0,1,0,0,0,0,1,1,6,2,35,6,998,1,3,3,1,3
2018051802403,1,9,0,1,0,8,0,0,0,0,2,1,6,2,58,9,999,1,2,4,1,4
2018051802404,1,9,0,5,0,1,0,0,0,0,4,1,6,2,-1,-1,1248,1,5,7,1,7
2018051802404,2,1,0,18,0,8,0,0,0,0,1,1,6,1,34,6,-1,-1,-1,1,1,1
2018051802405,1,8,0,6,0,0,0,0,0,0,1,1,1,3,-1,-1,-1,-1,-1,-1,-1,-1
2018051802405,2,1,0,18,0,0,0,0,0,0,1,1,6,1,28,6,-1,-1,-1,1,1,1
2018051802407,1,97,0,5,0,8,0,0,0,0,1,1,6,3,-1,-1,-1,-1,-1,-1,-1,-1
2018051802408,1,9,0,18,0,2,0,0,0,0,4,1,6,2,53,8,1499,2,3,1,1,1
2018051802408,2,1,0,18,0,7,0,0,0,0,1,1,4,1,-1,-1,-1,-1,-1,1,1,1
2018051802409,1,9,0,9,0,8,0,0,0,0,1,1,2,1,52,8,1582,2,8,4,1,4
2018051802409,2,1,0,18,0,8,0,0,0,0,1,1,2,1,30,6,-1,-1,-1,5,1,5
2018051802411,1,9,0,9,0,5,0,0,0,0,1,1,6,1,58,9,2199,2,7,10,1,10
2018051802412,1,9,0,18,0,0,0,0,0,0,1,1,2,1,57,9,1796,1,12,2,1,2
2018051802413,1,9,0,18,0,1,0,0,0,0,0,1,6,3,-1,-1,-1,-1,-1,-1,-1,-1
2018051802414,1,9,0,9,0,8,0,0,0,0,3,1,6,1,29,6,1364,1,12,1,1,1
2018051802414,2,90,0,18,0,1,0,0,0,0,1,1,1,1,45,7,2987,2,7,-1,1,-1
2018051802415,1,1,0,18,0,1,0,0,0,0,1,1,6,1,19,4,-1,-1,-1,2,1,2
2018051802415,2,9,0,3,0,1,0,0,0,0,4,1,6,2,68,10,1390,1,9,1,1,1
2018051802416,1,19,0,4,0,1,1,0,0,0,1,1,6,1,34,6,1796,7,14,2,1,2
2018051802416,2,9,0,8,0,1,0,0,0,0,2,1,6,2,46,8,1598,2,2,7,2,7
2018051802418,1,9,0,9,0,6,0,0,0,0,1,1,2,1,34,6,999,1,1,3,1,3
2018051802418,2,9,0,18,0,1,0,0,1,1,4,1,2,2,53,8,1198,1,4,1,1,1
2018051802418,3,19,0,2,0,2,0,0,0,0,2,1,6,3,-1,-1,1753,2,16,-1,-1,-1
2018051802419,1,9,0,18,0,0,0,0,0,0,1,1,6,1,-1,-1,1598,1,12,1,1,1
2018051802419,2,9,0,18,0,0,0,0,0,0,1,1,6,1,35,6,1796,1,11,3,1,3
2018051802420,1,8,0,18,0,8,0,0,0,0,1,1,1,1,58,9,2143,2,2,6,3,6
2018051802421,1,8,0,18,0,0,0,0,0,0,3,1,1,1,62,9,1598,2,3,4,1,4
2018051802423,1,9,0,15,0,0,0,0,0,0,1,1,6,2,28,6,998,1,7,4,1,4
2018051802424,1,19,0,11,0,8,0,0,0,0,1,1,6,1,-1,-1,2143,2,6,6,1,6
2018051802424,2,1,0,17,0,8,1,0,0,0,3,1,6,1,18,4,-1,-1,-1,8,1,8
2018051802425,1,1,0,18,0,0,0,0,0,0,1,1,1,1,13,3,-1,-1,-1,9,2,9
2018051802425,2,9,0,3,0,0,0,0,0,0,2,1,6,2,35,6,1598,1,1,5,1,5
2018051802428,1,3,0,4,0,0,0,0,0,0,1,1,6,1,18,4,124,1,6,1,1,1
2018051802428,2,9,0,4,0,0,0,0,0,0,2,1,2,1,26,6,1200,1,2,1,1,1
2018051802429,1,9,0,1,0,0,0,10,1,11,2,1,6,1,58,9,1995,2,3,1,1,1
2018051802430,1,8,0,5,0,6,0,0,0,0,1,1,1,1,68,10,1560,2,4,4,1,4
2018051802430,2,9,0,18,0,8,0,0,0,0,1,1,6,2,25,5,1242,1,4,4,1,4
2018051802431,1,9,0,18,0,8,0,0,0,0,1,1,6,1,48,8,1461,2,10,9,1,9
2018051802431,2,8,0,3,0,2,0,0,0,0,2,1,1,1,28,6,1997,2,5,1,1,1
2018051802431,3,9,0,3,0,2,0,0,0,0,2,1,6,1,27,6,1968,2,7,5,1,5
2018051802433,1,9,0,13,0,1,0,0,0,0,1,1,1,1,48,8,1560,2,1,-1,-1,-1
2018051802433,2,9,0,9,0,1,0,0,0,0,3,1,6,1,55,8,2488,2,11,7,1,7
2018051802434,1,9,0,9,0,8,0,0,0,0,4,1,6,2,19,4,1598,2,2,1,1,1
2018051802434,2,9,0,18,0,8,0,0,0,0,1,1,6,3,-1,-1,999,1,-1,-1,-1,-1
2018051840000,1,9,0,18,0,8,0,0,1,10,4,1,6,1,71,10,2685,2,13,6,1,6
2018051840000,2,9,0,18,0,8,0,0,1,11,1,1,6,1,34,6,2993,2,6,5,1,5
2018051840004,1,1,0,17,0,8,0,0,0,0,1,1,6,1,23,5,-1,-1,-1,1,1,1
2018051840004,2,9,0,18,0,8,0,0,0,0,3,1,2,1,20,4,1364,1,3,1,1,1
2018051840005,1,9,0,18,0,0,0,0,0,0,3,1,6,3,-1,-1,-1,-1,-1,-1,-1,-1
2018051840006,1,9,0,9,0,6,0,0,0,0,3,1,6,1,-1,-1,1197,1,-1,5,1,5
2018051840006,2,9,0,18,0,1,0,0,0,0,1,1,6,2,19,4,1397,1,8,3,1,3
2018051840007,1,9,0,7,0,1,0,0,0,0,3,1,6,1,27,6,-1,-1,-1,1,1,1
2018051840007,2,11,0,18,0,1,0,0,0,0,1,1,6,1,58,9,4250,2,6,-1,-1,-1
2018051840008,1,9,0,15,0,0,0,0,0,0,1,1,6,1,74,10,999,1,1,1,1,1
2018051840012,1,8,0,7,0,8,0,0,0,0,3,1,1,1,32,6,1997,2,7,1,1,1
2018051840012,2,1,0,18,0,8,0,0,0,0,1,1,2,2,34,6,-1,-1,-1,1,1,1
2018051840014,1,9,0,16,0,7,0,0,0,0,1,1,2,1,25,5,1968,2,7,3,1,3
2018051840015,1,90,1,4,0,1,0,0,0,0,1,1,1,1,41,7,-1,-1,-1,-1,-1,-1
2018051840015,2,9,0,3,0,1,0,0,0,0,2,1,2,1,45,7,1995,2,2,6,1,6
2018051840016,1,9,0,18,0,1,0,0,0,0,4,1,6,3,-1,-1,-1,-1,-1,-1,-1,-1
2018051840016,2,1,0,18,0,1,0,0,0,0,3,1,6,1,13,3,-1,-1,-1,1,1,1
2018051840017,1,19,0,18,0,0,1,7,0,0,1,1,6,1,35,6,1598,2,3,6,1,6
2018051840017,2,9,0,18,0,0,1,0,0,0,2,1,6,2,54,8,1197,1,2,9,1,9
2018051840019,1,9,0,18,0,0,0,0,0,0,3,1,2,2,61,9,1796,1,10,2,1,2
2018051840020,1,9,0,18,0,8,0,0,0,0,1,1,6,1,64,9,1242,1,4,3,1,3
2018051840021,1,9,0,18,0,1,0,0,0,0,1,1,6,1,42,7,1560,2,7,1,1,1
2018051840021,2,9,0,3,0,1,0,0,0,0,2,1,1,1,57,9,3996,1,18,1,1,1
2018051840021,3,9,0,3,0,1,0,0,0,0,2,1,6,2,33,6,1328,1,9,2,1,2
2018051840022,1,9,0,18,0,0,0,0,0,0,1,1,6,2,19,4,1149,1,7,2,1,2
2018051840022,2,9,0,18,0,0,0,0,0,0,2,1,6,1,51,8,1950,2,-1,9,1,9
2018051840023,1,9,0,18,0,0,0,0,0,0,1,1,6,3,-1,-1,-1,-1,-1,-1,-1,-1
2018051840023,2,9,0,18,0,0,0,0,0,0,2,1,6,2,35,6,1398,2,5,1,1,1
2018051840023,3,9,0,18,0,0,0,0,0,0,2,1,6,2,36,7,2199,2,4,2,1,2
2018051840025,1,8,0,15,0,0,0,0,0,0,1,1,1,1,53,8,1956,2,6,-1,-1,-1
2018051840027,1,9,0,1,0,0,0,0,0,0,2,1,6,2,83,11,1390,1,4,8,1,8
2018051840028,1,9,0,4,0,1,0,0,0,0,1,1,1,1,35,6,1560,2,2,-1,-1,-1
2018051840028,2,9,0,8,0,1,0,0,0,0,2,1,2,2,32,6,1242,1,5,3,1,3
2018051840029,1,22,0,18,0,0,0,0,0,0,1,1,6,3,-1,-1,-1,-1,-1,-1,-1,-1
2018051840030,1,19,0,18,0,1,0,0,0,0,1,1,6,1,54,8,1995,2,6,3,1,3
2018051840030,2,1,0,9,0,1,0,0,0,0,2,1,6,1,24,5,-1,-1,-1,1,1,1
2018051840032,1,9,0,18,0,5,0,0,6,11,1,1,6,1,89,11,999,1,1,4,1,4
2018051840032,2,9,0,18,0,1,0,0,0,0,2,1,6,1,58,9,1995,2,-1,8,1,8
2018051840033,1,9,0,18,0,0,0,0,0,0,1,1,6,1,76,11,1595,1,4,9,1,9
2018051840035,1,9,0,18,0,0,0,0,0,0,1,1,6,1,27,6,2497,1,-1,8,1,8
2018051840035,2,9,0,2,0,0,0,0,0,0,2,1,6,3,-1,-1,1398,1,1,-1,-1,-1
2018051840035,3,9,0,2,0,0,0,0,0,0,2,1,6,3,-1,-1,1364,1,9,-1,-1,-1
2018051840035,4,9,0,2,0,0,0,0,0,0,2,1,6,3,-1,-1,1560,2,9,-1,-1,-1
2018051840037,1,9,0,18,0,0,0,0,7,4,1,1,1,1,42,7,1388,1,11,2,1,2
2018051840038,1,9,0,9,0,5,0,0,0,0,4,1,6,1,42,7,1395,1,1,8,1,8
2018051840038,2,4,0,18,0,1,0,0,0,0,1,1,6,1,19,4,-1,-1,-1,6,1,6
2018051840039,1,19,0,18,0,1,1,0,0,0,1,1,6,3,-1,-1,-1,-1,-1,-1,-1,-1
2018051840040,1,11,0,18,0,0,0,0,0,0,1,1,1,1,47,8,6696,2,3,3,1,3
2018051840040,2,9,0,5,0,0,0,0,0,0,3,1,6,2,58,9,1598,1,5,1,1,1
2018051840041,1,20,0,15,0,0,0,0,0,0,0,1,6,1,51,8,-1,-1,-1,3,1,3
2018051840041,2,1,0,18,0,0,0,0,0,0,2,1,6,1,21,5,-1,-1,-1,1,1,1
2018051840043,1,3,0,18,0,6,0,0,0,0,1,1,6,1,23,5,125,1,-1,1,1,1
2018051840043,2,9,0,18,0,8,0,0,0,0,4,1,6,2,-1,-1,999,1,1,7,1,7
2018051840044,1,9,0,18,0,1,0,0,0,0,1,1,6,1,57,9,1995,2,-1,7,1,7
2018051840044,2,1,0,9,0,5,0,0,0,0,3,1,6,2,17,4,-1,-1,-1,7,1,7
2018051840045,1,9,0,18,0,1,0,0,0,0,4,1,3,2,48,8,898,1,4,3,1,3
2018051840046,1,9,0,9,0,6,0,0,0,0,3,1,6,1,65,9,1596,1,7,7,2,7
2018051840046,2,8,0,18,0,1,0,0,0,0,1,1,2,1,53,8,2143,2,2,2,1,2
2018051840048,1,9,0,9,0,8,0,0,0,0,3,1,6,1,39,7,1598,1,11,1,1,1
2018051840048,2,5,0,18,0,8,0,0,0,0,1,1,6,1,43,7,1200,1,11,1,1,1
2018051840051,1,19,0,18,0,0,0,0,0,0,1,1,1,1,44,7,1995,2,2,9,3,9
2018051840051,2,9,0,18,0,0,0,0,0,0,2,1,1,1,36,7,1199,2,7,7,2,7
2018051840051,3,9,0,18,0,0,0,0,0,0,2,1,6,1,19,4,1242,1,4,3,1,3
2018051840051,4,9,0,18,0,0,0,0,0,0,2,1,1,2,38,7,2143,2,2,7,1,7
2018051840057,1,9,0,18,0,4,0,0,0,0,4,1,6,2,56,9,-1,-1,-1,6,1,6
2018051840057,2,1,0,18,0,8,0,0,0,0,1,1,6,1,73,10,-1,-1,-1,10,1,10
2018051840058,1,8,0,18,0,8,0,0,0,0,1,1,6,1,-1,-1,1753,2,9,1,1,1
2018051840059,1,9,0,5,0,0,0,0,0,0,1,1,6,1,84,11,1398,1,3,7,1,7
2018051840061,1,1,0,18,0,6,0,0,0,0,1,1,6,1,32,6,-1,-1,-1,1,1,1
2018051840061,2,9,0,7,0,6,0,0,0,0,0,1,6,2,40,7,999,1,1,6,1,6
2018051840062,1,9,0,1,0,0,0,0,0,0,2,1,6,1,35,6,2143,2,5,1,1,1
2018051840063,1,9,0,16,0,0,0,0,0,0,1,1,2,2,24,5,1242,1,11,1,1,1
2018051840063,2,9,0,17,0,0,0,0,7,0,3,1,3,2,34,6,2993,2,10,1,1,1
2018051840063,3,8,0,17,0,0,0,0,0,0,1,1,1,1,47,8,2148,2,12,1,1,1
2018051840064,1,8,0,18,0,6,0,0,0,0,1,1,1,1,37,7,1956,2,6,1,1,1
2018051840064,2,9,0,18,0,8,0,0,7,11,4,1,6,2,44,7,995,1,7,6,1,6
2018051840065,1,9,0,18,0,0,0,0,0,0,1,1,6,1,78,11,1339,1,11,1,1,1
2018051840065,2,19,0,18,0,0,0,0,0,0,1,1,1,1,56,9,1560,2,7,3,1,3
2018051840065,3,8,0,4,0,0,0,0,0,0,1,1,1,1,33,6,1598,2,3,1,1,1
2018051840065,4,19,0,2,0,0,0,0,0,0,3,1,6,3,-1,-1,2299,2,4,-1,-1,-1
2018051840066,1,9,0,18,0,8,0,0,0,0,-1,1,6,2,34,6,2179,2,6,2,1,2
2018051840066,2,9,0,18,0,3,0,0,0,0,3,1,6,2,21,5,999,1,1,4,-1,4
2018051840067,1,3,0,12,0,7,0,0,0,0,3,1,6,1,47,8,125,1,-1,1,1,1
2018051840067,2,9,0,18,0,7,0,0,0,0,1,1,6,1,27,6,1499,2,1,1,1,1
2018051840070,1,9,0,9,0,8,0,0,0,0,0,1,6,1,37,7,1968,2,1,5,1,5
2018051840070,2,1,0,18,0,8,1,0,0,0,0,1,6,1,33,6,-1,-1,-1,7,1,7
2018051840072,1,9,0,18,0,6,0,0,0,0,3,1,6,2,68,10,998,1,6,1,1,1
2018051840072,2,9,0,18,0,8,0,0,0,0,1,1,6,1,50,8,2967,2,3,5,1,5
2018051840075,1,9,0,18,0,0,1,0,0,0,1,1,6,2,28,6,1499,2,5,2,1,2
2018051840075,2,9,0,4,0,0,0,0,0,0,2,1,6,1,43,7,1984,1,8,1,1,1
2018051840076,1,19,0,18,0,1,0,0,0,0,1,1,6,3,-1,-1,-1,-1,-1,-1,-1,-1
2018051840076,2,9,0,3,0,1,0,0,0,0,2,1,6,1,47,8,1591,1,7,4,1,4
2018051840077,1,9,0,9,0,8,0,0,0,0,1,1,6,1,77,11,1560,2,10,1,1,1
2018051840077,2,1,0,18,0,1,0,0,0,0,1,1,6,1,48,8,-1,-1,-1,9,1,9
2018051840078,1,3,0,18,0,0,0,0,0,0,1,1,6,3,-1,-1,-1,-1,-1,-1,-1,-1
2018051840079,1,9,0,18,0,4,0,0,0,0,4,1,6,2,26,6,1598,1,15,3,1,3
2018051840080,1,9,0,18,0,1,0,0,0,0,1,1,6,1,29,6,1968,2,1,-1,-1,-1
2018051840080,2,9,0,9,0,5,0,0,1,0,3,1,6,1,24,5,998,1,-1,6,1,6
2018051840081,1,9,0,14,0,0,0,0,0,0,0,1,2,3,-1,-1,1587,1,13,-1,-1,-1
2018051840081,2,19,0,18,0,0,0,0,0,0,2,1,1,1,40,7,2198,2,4,2,1,2
2018051840081,3,19,0,18,0,0,0,0,0,0,1,1,1,1,52,8,1896,2,8,6,1,6
2018051840083,1,9,0,18,0,2,0,0,0,0,1,1,6,2,46,8,998,1,-1,2,1,2
2018051840090,1,9,0,18,0,8,0,0,0,0,3,1,6,2,-1,-1,-1,-1,-1,-1,-1,-1
2018051840090,2,9,0,18,0,1,0,0,0,0,0,1,6,1,38,7,1388,1,15,1,1,1
2018051840091,2,1,0,18,0,1,0,0,0,0,0,1,6,1,28,6,-1,-1,-1,1,1,1
2018051840092,1,9,0,4,0,0,0,0,0,0,1,1,6,3,-1,-1,-1,-1,-1,-1,-1,-1
2018051840092,2,9,0,4,0,0,0,0,0,0,3,1,6,1,43,7,1968,2,-1,2,1,2
2018051840094,1,9,0,-1,0,0,0,0,0,0,-1,1,6,1,51,8,1339,1,13,9,1,9
2018051840094,2,9,0,-1,0,0,0,0,-1,0,-1,1,6,1,23,5,999,1,1,2,1,2
2018051840095,1,1,0,18,0,0,0,0,0,0,-1,1,4,1,11,3,-1,-1,-1,6,1,6
2018051840095,2,9,0,18,0,0,0,0,0,0,4,1,6,1,41,7,1341,1,16,1,1,1
2018051840096,2,1,0,18,0,0,0,0,0,0,2,1,6,1,-1,-1,-1,-1,-1,1,1,1
2018051840101,1,3,0,18,0,0,1,0,0,0,1,1,6,1,23,5,124,1,7,5,1,5
2018051840101,2,9,0,4,0,0,0,0,0,0,2,1,6,2,27,6,1242,1,2,3,1,3
2018051840102,1,9,0,-1,0,0,0,0,-1,0,-1,1,6,1,57,9,2295,1,16,1,1,1
2018051840103,1,9,0,9,0,0,0,0,0,0,1,1,6,1,65,9,-1,-1,-1,3,1,3
2018051840103,2,1,0,18,0,0,0,0,0,0,3,1,6,1,19,4,-1,-1,-1,2,1,2
2018051840107,1,11,0,18,0,0,0,0,0,0,4,1,1,1,53,8,4760,2,5,1,1,1
2018051840108,1,8,0,1,0,0,0,0,0,0,2,1,1,1,49,8,1560,2,6,1,1,1
2018051840110,1,9,0,18,0,0,0,0,0,0,1,1,6,3,-1,-1,-1,-1,-1,-1,-1,-1
2018051840111,1,9,0,5,0,0,0,0,0,0,1,1,6,2,28,6,-1,-1,-1,2,1,2
2018051840112,2,9,0,18,0,0,0,0,0,0,4,1,2,2,34,6,898,1,5,1,1,1
2018051840114,1,9,0,18,0,0,2,0,0,0,3,1,6,1,29,6,2184,2,12,6,3,6
2018051840116,1,9,0,18,0,0,0,0,0,0,1,1,2,1,36,7,1753,2,12,8,1,8
2018051840116,2,9,0,18,0,0,0,0,0,0,3,1,2,2,52,8,1248,1,-1,2,1,2
2018051840116,3,3,0,18,0,0,0,0,0,0,2,1,2,2,24,5,-1,-1,-1,9,1,9
2018051840118,1,4,0,18,0,1,0,0,0,0,0,1,6,3,-1,-1,-1,-1,-1,-1,-1,-1
2018051840119,1,9,0,9,0,1,0,0,0,0,1,1,1,2,30,6,1596,1,8,4,1,4
2018051840119,2,1,0,18,0,1,0,0,0,0,1,1,6,1,49,8,-1,-1,-1,5,1,5
2018051840120,1,1,0,18,0,1,0,0,0,0,1,1,6,1,22,5,-1,-1,-1,4,1,4
2018051840120,2,9,0,5,0,6,0,0,0,0,4,1,6,1,31,6,1796,1,7,1,1,1
2018051840121,1,9,0,1,0,1,0,0,0,0,3,1,6,1,38,7,1995,2,6,1,1,1
2018051840121,2,1,0,18,0,1,0,0,0,0,1,1,6,1,45,7,-1,-1,-1,1,1,1
2018051840122,1,9,0,18,0,0,0,0,0,0,1,1,6,1,37,7,-1,-1,-1,1,1,1
2018051840122,2,1,0,18,0,0,0,0,0,0,2,1,6,1,19,4,-1,-1,-1,1,1,1
2018051840123,1,9,0,18,0,0,0,0,0,0,1,1,6,3,-1,-1,-1,-1,-1,-1,-1,-1
2018051840123,2,9,0,2,0,0,0,0,0,0,2,1,6,2,30,6,1242,1,3,-1,-1,-1
2018051840124,1,9,0,18,0,2,0,0,0,0,1,1,6,3,-1,-1,-1,-1,-1,-1,-1,-1
2018051840125,1,5,0,18,0,1,0,0,0,0,1,1,6,1,25,5,948,1,1,4,1,4
2018051840125,2,9,0,9,0,6,0,0,0,0,1,1,6,3,-1,-1,999,1,1,-1,-1,-1
2018051840126,1,9,0,18,0,8,0,0,0,0,1,1,6,3,-1,-1,-1,-1,-1,-1,-1,-1
2018051840126,2,1,0,17,0,1,0,0,0,0,1,1,6,1,50,8,-1,-1,-1,4,1,4
2018051840127,1,19,0,18,0,0,0,0,0,0,1,1,6,1,57,9,2198,2,7,5,1,5
2018051840127,2,9,0,18,0,0,0,0,0,0,2,1,6,1,50,8,2720,2,12,8,1,8
2018051840129,1,8,0,18,0,0,0,0,0,0,3,1,1,1,58,9,2143,2,6,1,1,1
2018051840129,2,9,0,18,0,0,0,0,0,0,1,1,2,2,25,5,999,1,3,1,1,1
2018051840130,1,1,0,9,0,0,0,0,0,0,3,1,6,2,29,6,-1,-1,-1,8,1,8
2018051840130,2,9,0,18,0,0,0,0,0,0,1,1,6,3,-1,-1,1390,1,6,-1,-1,-1
2018051840132,1,8,0,18,0,0,0,0,0,0,4,1,1,1,77,11,2402,2,12,7,1,7
2018051840133,1,19,0,1,0,1,0,0,0,0,2,1,1,1,26,6,1997,2,1,2,1,2
2018051840134,1,9,0,9,0,2,0,0,0,0,3,1,6,3,-1,-1,-1,-1,-1,-1,-1,-1
2018051840134,2,4,0,18,0,1,0,0,0,0,1,1,1,1,34,6,125,1,3,5,1,5
2018051840136,1,9,0,17,0,0,0,0,0,0,1,1,6,1,78,11,1596,1,14,5,1,5
2018051840137,1,9,0,18,0,0,0,4,0,0,1,1,6,1,57,9,1242,1,10,2,1,2
2018051840137,2,9,0,2,0,0,0,0,0,0,1,1,6,3,-1,-1,1999,1,12,-1,-1,-1
2018051840138,1,1,0,18,0,0,0,0,0,0,4,1,6,1,-1,-1,-1,-1,-1,-1,-1,-1
2018051840138,2,9,0,18,0,0,0,0,0,0,4,1,6,2,55,8,1582,2,10,2,1,2
2018051840139,1,9,0,9,0,6,0,0,0,0,2,1,6,2,63,9,1197,1,3,7,1,7