Accident_Index,Vehicle_Reference,Vehicle_Type,Towing_and_Articulation,Vehicle_Manoeuvre,Vehicle_Location-Restricted_Lane,Junction_Location,Skidding_and_Overturning,Hit_Object_in_Carriageway,Vehicle_Leaving_Carriageway,Hit_Object_off_Carriageway,1st_Point_of_Impact,Was_Vehicle_Left_Hand_Drive?,Journey_Purpose_of_Driver,Sex_of_Driver,Age_of_Driver,Age_Band_of_Driver,Engine_Capacity_(CC),Propulsion_Code,Age_of_Vehicle,Driver_IMD_Decile,Driver_Home_Area_Type,Vehicle_IMD_Decile
2018051840139,2,1,0,18,0,8,0,0,0,0,4,1,6,1,44,7,-1,-1,-1,7,1,7
2018051840140,1,9,0,7,0,5,0,0,0,0,1,1,6,3,-1,-1,-1,-1,-1,-1,-1,-1
2018051840140,2,1,0,18,0,8,0,0,0,0,3,1,6,2,29,6,-1,-1,-1,2,1,2
2018051840141,1,9,0,18,0,6,0,0,0,0,4,1,6,2,56,9,1248,1,-1,8,1,8
2018051840141,2,5,0,18,0,1,0,0,0,0,1,1,6,1,35,6,1137,1,17,6,1,6
2018051840142,1,9,0,3,0,1,0,0,0,0,1,1,6,1,41,7,898,1,-1,10,1,10
2018051840142,2,9,0,3,0,1,0,0,0,0,2,1,6,1,37,7,1248,1,4,1,1,1
2018051840142,3,9,0,18,0,1,0,0,0,0,1,1,6,3,-1,-1,-1,-1,-1,-1,-1,-1
2018051840144,1,9,0,9,0,0,0,0,0,0,4,1,6,3,-1,-1,-1,-1,-1,-1,-1,-1
2018051840144,2,5,0,18,0,0,0,0,0,0,1,1,1,1,49,8,847,1,2,2,1,2
2018051840148,1,9,0,7,0,8,0,0,0,0,1,1,6,3,-1,-1,1984,1,6,-1,-1,-1
2018051840148,2,11,0,4,0,8,0,0,0,0,3,1,1,1,30,6,6696,2,5,1,1,1
2018051840149,1,9,0,9,0,8,0,0,0,0,1,1,6,2,32,6,2987,2,1,1,1,1
2018051840149,2,9,0,18,0,8,0,0,0,0,1,1,6,2,47,8,1242,1,12,2,1,2
2018051840152,1,9,0,5,0,0,0,0,0,0,3,1,6,2,30,6,1753,2,14,2,1,2
2018051840152,2,1,0,18,0,0,0,0,0,0,1,1,6,1,29,6,-1,-1,-1,1,1,1
2018051840157,1,9,0,9,0,5,0,0,0,0,1,1,6,2,42,7,1560,2,10,8,1,8
2018051840157,2,1,0,18,0,1,0,0,0,0,1,1,6,1,38,7,-1,-1,-1,1,1,1
2018051840158,1,9,0,18,0,1,0,0,0,0,1,1,6,1,29,6,2995,1,8,10,1,10
2018051840158,2,9,0,9,0,1,0,0,0,0,2,1,2,2,71,10,1364,1,8,10,1,10
2018051840159,1,1,0,18,0,0,0,0,0,0,1,1,6,1,28,6,-1,-1,-1,1,1,1
2018051840160,1,9,-1,18,0,1,-1,0,0,0,-1,-1,6,3,-1,-1,-1,-1,-1,-1,-1,-1
2018051840160,2,1,0,18,0,1,0,0,0,0,1,1,1,1,21,5,-1,-1,-1,2,1,2
2018051840161,1,9,0,4,0,1,0,0,0,0,3,1,6,2,27,6,2143,2,-1,1,1,1
2018051840161,2,1,0,18,0,1,0,0,0,0,1,1,4,1,11,3,-1,-1,-1,1,1,1
2018051840162,1,9,0,18,0,8,0,0,0,0,1,1,6,2,68,10,1598,1,12,6,1,6
2018051840162,2,19,0,18,0,8,0,0,1,11,3,1,1,1,29,6,1560,2,4,1,1,1
2018051840163,1,8,0,9,0,8,0,0,0,0,4,1,1,1,37,7,1198,1,3,1,1,1
2018051840163,2,8,0,18,0,8,0,0,0,0,1,1,6,3,-1,-1,-1,-1,-1,-1,-1,-1
2018051840164,1,19,0,18,0,0,0,0,0,0,4,1,1,2,53,8,2198,2,4,2,1,2
2018051840165,1,9,0,5,0,6,0,0,0,0,1,1,6,3,-1,-1,-1,-1,-1,-1,-1,-1
2018051840165,2,1,0,18,0,8,0,0,0,0,3,1,6,2,35,6,-1,-1,-1,9,1,9
2018051840166,1,11,0,4,0,1,0,0,0,0,0,1,1,1,65,9,-1,-1,-1,1,1,1
2018051840167,1,9,0,18,0,4,1,0,0,0,1,1,6,2,83,11,1229,1,11,9,1,9
2018051840167,2,1,0,18,0,8,0,0,0,0,4,1,6,1,73,10,-1,-1,-1,7,1,7
2018051840169,1,5,0,18,0,0,0,0,0,0,3,1,6,1,50,8,647,1,14,2,1,2
2018051840169,2,9,0,18,0,0,0,0,0,0,4,1,6,3,-1,-1,4999,1,1,-1,-1,-1
2018051840170,1,9,0,18,0,1,0,0,0,0,1,1,6,1,39,7,1997,2,2,6,1,6
2018051840170,2,11,0,3,0,1,0,0,0,0,2,1,1,1,35,6,6696,2,4,2,1,2
2018051840171,1,9,0,6,0,0,0,0,0,0,3,1,6,2,35,6,998,1,1,7,1,7
2018051840171,2,5,0,14,0,0,0,0,0,0,1,1,6,1,37,7,1299,1,12,7,1,7
2018051840173,1,9,0,9,0,8,0,0,0,0,1,1,1,1,60,9,1388,1,11,3,1,3
2018051840173,2,9,0,18,0,8,0,0,7,0,4,1,6,1,27,6,1596,1,11,2,1,2
2018051840178,1,9,0,18,0,8,0,0,0,0,1,1,6,3,-1,-1,-1,-1,-1,-1,-1,-1
2018051840178,2,9,0,8,0,1,0,0,0,0,2,1,2,1,38,7,1560,2,11,1,1,1
2018051840179,1,9,0,7,0,8,0,0,0,0,1,-1,6,3,-1,-1,-1,-1,-1,-1,-1,-1
2018051840179,2,1,0,9,0,8,0,0,0,0,1,1,2,1,66,10,-1,-1,-1,8,1,8
2018051840182,2,9,0,18,0,0,0,0,0,0,1,1,6,1,28,6,1984,1,2,8,1,8
2018051840183,1,9,0,9,0,8,0,0,0,0,3,1,2,1,-1,-1,-1,-1,-1,-1,-1,-1
2018051840183,2,9,0,18,0,8,0,0,7,11,1,1,6,1,25,5,1461,2,-1,7,1,7
2018051840184,1,1,0,-1,0,3,0,0,0,0,1,1,2,2,37,7,-1,-1,-1,1,1,1
2018051840184,2,9,0,18,0,4,0,0,0,0,3,1,2,2,75,10,2143,2,3,6,1,6
2018051840185,1,19,0,10,0,8,0,0,0,0,4,1,6,1,43,7,1461,2,5,1,1,1
2018051840185,2,9,0,18,0,8,0,0,0,0,1,1,6,1,32,6,1956,2,9,1,1,1
2018051840186,1,9,0,9,0,8,0,0,0,0,1,1,6,3,-1,-1,-1,-1,-1,-1,-1,-1
2018051840186,2,9,0,18,0,8,0,0,0,0,2,1,6,1,24,5,1364,1,13,1,1,1
2018051840187,1,9,0,2,0,0,0,0,0,0,2,1,6,1,83,11,1461,2,9,4,1,4
2018051840187,2,8,0,18,0,0,0,4,0,0,1,1,1,1,50,8,1560,2,9,5,1,5
2018051840188,1,9,0,18,0,6,0,0,0,0,1,1,6,1,-1,-1,1997,2,8,-1,1,-1
2018051840188,2,9,0,18,0,6,0,0,0,0,2,1,6,1,18,4,1242,1,11,5,2,5
2018051840190,1,9,0,5,0,1,0,0,0,0,1,1,6,1,62,9,2798,2,14,4,2,4
2018051840190,2,1,0,18,0,1,0,0,0,0,1,1,2,1,45,7,-1,-1,-1,1,1,1
2018051840191,1,9,0,12,0,2,0,0,0,0,3,1,6,1,24,5,1242,1,4,4,1,4
2018051840191,2,9,0,13,0,2,5,0,4,4,1,1,6,2,19,4,998,1,4,1,1,1
2018051840192,1,9,0,18,0,2,0,0,0,0,1,1,2,1,35,6,1198,1,7,4,1,4
2018051840192,2,2,0,18,0,1,0,0,0,0,4,1,2,1,19,4,49,1,5,10,1,10
2018051840194,1,9,0,9,0,8,0,0,7,0,1,1,6,2,62,9,998,1,14,3,1,3
2018051840194,2,9,0,18,0,8,0,0,1,1,1,1,6,2,27,6,1969,2,-1,3,1,3
2018051840195,1,9,0,18,0,2,0,0,0,0,1,1,6,1,41,7,-1,-1,-1,9,1,9
2018051840195,2,9,0,18,0,2,0,0,0,0,2,1,6,1,54,8,999,1,-1,6,1,6
2018051840197,1,8,0,1,0,1,0,0,0,0,2,1,6,3,-1,-1,-1,-1,-1,-1,-1,-1
2018051840198,1,8,0,18,0,1,1,0,0,0,1,1,1,1,53,8,2664,2,13,7,1,7
2018051840198,2,9,0,18,0,1,0,0,0,0,2,1,6,2,38,7,898,1,-1,1,1,1
2018051840202,1,3,0,18,0,8,0,0,0,0,1,1,6,1,29,6,124,1,7,1,1,1
2018051840202,2,9,0,9,0,8,0,0,0,0,3,1,6,2,34,6,999,1,2,2,2,2
2018051840203,1,9,0,14,0,1,0,0,0,0,4,1,6,3,-1,-1,-1,-1,-1,-1,-1,-1
2018051840203,2,11,0,18,0,1,0,0,0,0,3,1,6,1,45,7,8300,2,12,5,1,5
2018051840204,1,9,0,18,0,0,0,0,0,0,1,1,2,2,28,6,1296,1,12,7,1,7
2018051840206,1,9,0,1,0,2,0,0,0,0,2,1,6,3,-1,-1,-1,-1,-1,-1,-1,-1
2018051840207,1,9,0,6,0,1,0,0,0,0,1,1,6,1,49,8,1995,2,11,3,3,3
2018051840210,1,19,0,7,0,1,0,0,1,0,3,2,6,3,-1,-1,-1,-1,-1,-1,-1,-1
2018051840210,2,9,0,18,0,1,0,0,0,0,3,2,1,1,59,9,1997,2,7,1,1,1
2018051840212,1,9,0,-1,0,8,0,0,-1,0,-1,-1,6,3,-1,-1,-1,-1,-1,-1,-1,-1
2018051840212,2,9,0,-1,0,8,0,-1,-1,0,-1,1,6,3,-1,-1,-1,-1,-1,-1,-1,-1
2018051840213,1,1,0,18,0,0,0,0,0,0,1,1,2,1,39,7,-1,-1,-1,3,1,3
2018051840213,2,9,0,18,0,0,0,0,0,0,2,1,6,2,51,8,1582,2,11,5,1,5
2018051840214,1,9,0,18,0,0,0,0,0,0,4,1,6,1,24,5,1995,2,2,6,3,6
2018051840215,1,9,0,10,0,8,0,0,0,0,1,1,6,3,-1,-1,-1,-1,-1,-1,-1,-1
2018051840215,2,19,0,18,0,1,0,0,0,0,3,1,2,1,40,7,1560,2,3,1,1,1
2018051840216,1,9,0,18,0,0,0,0,0,0,-1,2,6,1,35,6,2143,2,1,1,1,1
2018051840216,2,9,0,-1,0,0,0,0,0,0,-1,2,2,1,31,6,1956,2,2,5,1,5
2018051840217,1,9,0,17,0,0,0,0,1,4,1,1,6,2,71,10,1339,1,12,8,1,8
2018051840218,1,9,0,18,0,8,0,0,0,0,1,2,2,1,43,7,1685,2,-1,1,1,1
2018051840221,1,11,0,18,0,1,0,0,0,0,1,1,1,1,23,5,6692,2,7,9,1,9
2018051840221,2,9,0,7,0,1,0,0,0,0,2,1,6,2,27,6,3628,2,11,6,3,6
2018051840222,1,9,0,5,0,1,0,0,0,0,-1,2,2,2,38,7,1246,1,11,1,1,1
2018051840222,2,1,0,5,0,1,0,0,0,0,-1,1,6,1,9,2,-1,-1,-1,1,1,1
2018051840224,1,9,0,18,0,0,0,0,0,0,4,1,6,2,81,11,1398,1,3,2,1,2
2018051840225,1,9,0,18,0,0,5,0,0,0,1,1,6,2,88,11,1197,1,5,10,1,10
2018051840225,2,9,0,2,0,0,0,0,1,11,2,1,6,3,-1,-1,998,1,10,-1,-1,-1
2018051840226,1,9,0,9,0,1,0,0,0,0,1,1,6,1,62,9,1360,1,12,4,1,4
2018051840226,2,1,0,18,0,2,0,0,0,0,3,1,6,1,49,8,-1,-1,-1,1,1,1
2018051840227,1,9,0,5,0,1,0,0,0,0,1,2,2,1,33,6,1796,1,8,2,1,2
2018051840227,2,1,0,18,0,1,0,0,0,0,1,1,6,1,22,5,-1,-1,-1,1,1,1
2018051840228,1,9,0,9,0,8,0,0,0,0,1,1,6,2,68,10,1596,1,8,4,1,4
2018051840228,2,9,0,18,0,8,0,0,0,0,1,1,2,2,29,6,1242,1,9,1,1,1
2018051840229,1,9,0,10,0,0,0,0,0,0,0,1,6,2,56,9,1395,1,-1,9,1,9
2018051840229,2,3,0,18,0,0,0,0,0,0,0,1,6,1,43,7,124,1,-1,1,1,1
2018051840230,1,9,0,7,0,8,0,0,0,0,4,1,6,2,63,9,1339,1,10,7,1,7
2018051840231,1,1,0,18,0,1,0,0,0,0,3,1,2,1,26,6,-1,-1,-1,1,1,1
2018051840231,2,9,0,18,0,1,0,0,0,0,1,1,2,1,74,10,2987,2,9,10,1,10
2018051840232,1,9,0,18,0,8,0,0,0,0,1,1,6,1,22,5,-1,-1,-1,6,1,6
2018051840232,2,9,0,7,0,1,0,0,0,0,2,1,6,1,35,6,1329,1,9,2,1,2
2018051840233,1,9,0,18,0,1,0,0,0,0,1,1,6,1,58,9,2184,2,9,2,1,2
2018051840233,2,9,0,3,0,1,0,0,0,0,2,1,6,1,23,5,1496,2,3,2,-1,2
2018051840234,1,9,0,18,0,0,0,0,0,0,1,1,2,1,64,9,1240,1,14,3,1,3
2018051840235,1,9,0,18,0,8,0,0,0,0,1,1,6,1,66,10,1399,1,-1,1,1,1
2018051840235,2,9,0,18,0,8,1,0,0,0,1,1,6,1,23,5,1339,1,9,1,1,1
2018051840235,3,9,0,5,0,1,0,0,0,0,1,1,6,1,48,8,1560,2,6,4,1,4
2018051840237,1,9,0,18,0,0,0,0,0,0,1,1,6,1,31,6,1598,2,-1,1,1,1
2018051840237,2,9,0,3,0,0,0,0,0,0,2,1,6,2,49,8,1349,1,9,8,2,8
2018051840237,3,19,0,3,0,0,0,0,0,0,2,1,1,1,60,9,2402,2,7,4,1,4
2018051840238,1,9,0,18,0,0,1,0,1,2,3,1,2,1,36,7,1975,1,11,10,1,10
2018051840239,1,9,0,5,0,6,0,0,0,0,1,1,6,1,62,9,1591,1,-1,2,1,2
2018051840240,1,9,0,9,0,8,0,0,0,0,1,1,6,1,50,8,1998,1,10,1,1,1
2018051840240,2,1,0,18,0,8,0,0,0,0,1,1,2,1,31,6,-1,-1,-1,1,1,1
2018051840242,1,1,0,18,0,8,0,0,0,0,1,1,6,3,-1,-1,-1,-1,-1,-1,-1,-1
2018051840243,1,3,0,16,0,0,0,10,1,0,1,1,6,2,32,6,125,1,3,1,1,1
2018051840244,1,9,0,9,0,6,0,0,0,0,1,1,6,1,42,7,1395,1,4,5,1,5
2018051840244,2,9,0,18,0,8,0,0,0,0,1,1,6,1,22,5,999,1,1,5,1,5
2018051840245,1,9,0,18,0,6,0,0,0,0,1,1,6,2,24,5,2199,2,9,1,-1,1
2018051840245,2,9,0,18,0,8,0,0,0,0,4,1,6,1,19,4,1499,2,5,4,1,4
2018051840247,1,9,0,18,0,0,0,0,1,11,1,1,6,2,31,6,-1,-1,-1,1,1,1
2018051840250,1,9,0,5,0,1,0,0,0,0,1,1,6,1,23,5,999,1,2,1,1,1
2018051840250,2,1,0,18,0,1,0,0,0,0,4,1,1,1,26,6,-1,-1,-1,2,1,2
2018051840252,1,9,0,18,0,4,0,0,0,0,1,1,6,2,45,7,1229,1,8,6,1,6
2018051840252,2,1,0,18,0,8,0,0,0,0,4,1,6,1,52,8,-1,-1,-1,6,1,6
2018051840253,1,9,0,10,0,1,0,0,0,0,1,1,6,2,56,9,1461,2,2,7,1,7
2018051840253,2,8,0,17,0,1,0,0,0,0,1,1,6,1,57,9,1956,2,5,2,1,2
2018051840254,1,9,0,18,0,0,0,0,0,0,1,1,6,1,29,6,2480,1,2,4,1,4
2018051840257,1,9,0,18,0,8,0,0,0,0,1,1,6,2,44,7,1000,1,3,3,1,3
2018051840257,2,9,0,18,0,8,0,0,0,0,3,1,6,1,58,9,2400,2,3,5,1,5
2018051840257,3,9,0,18,0,8,0,0,0,0,0,1,6,1,50,8,1968,2,7,2,1,2
2018051840261,1,19,0,18,0,0,0,0,0,0,1,1,6,1,29,6,2494,2,15,1,1,1
2018051840263,1,9,0,18,0,0,0,0,0,0,4,1,3,2,33,6,1248,2,8,1,1,1
2018051840266,1,8,0,18,0,2,0,0,0,0,1,1,6,3,-1,-1,-1,-1,-1,-1,-1,-1
2018051840266,2,1,0,18,0,2,0,0,0,0,3,1,6,2,52,8,-1,-1,-1,1,1,1
2018051840267,1,9,0,18,0,0,0,10,7,0,1,1,2,1,74,10,-1,-1,-1,6,3,6
2018051840267,2,9,0,18,0,0,1,0,0,0,1,1,6,2,52,8,1339,1,3,3,1,3
2018051840267,3,9,0,18,0,0,0,0,0,0,1,1,6,2,51,8,1591,1,7,4,3,4
2018051840267,4,1,0,18,0,0,0,0,0,0,1,1,6,1,56,9,-1,-1,-1,7,1,7
2018051840268,1,9,0,9,0,0,0,0,0,0,0,1,2,2,57,9,1686,2,6,1,1,1
2018051840268,2,1,0,18,0,0,0,10,1,0,1,1,2,1,62,9,-1,-1,-1,10,1,10
2018051840269,1,1,0,18,0,0,0,0,0,0,1,1,6,1,-1,-1,-1,-1,-1,-1,-1,-1
2018051840269,2,9,0,18,0,0,0,0,0,0,4,1,2,3,-1,-1,1560,2,4,-1,-1,-1
2018051840270,1,9,0,18,0,0,0,0,0,0,1,1,2,3,-1,-1,1598,1,10,-1,-1,-1
2018051840271,1,9,0,1,0,8,0,0,0,0,2,2,6,3,-1,-1,-1,-1,-1,-1,-1,-1
2018051840271,2,9,0,18,0,8,0,0,0,0,1,2,6,2,48,8,1596,1,14,5,1,5
2018051840272,1,9,0,9,0,8,0,0,0,0,1,1,6,1,59,9,1598,1,12,1,1,1
2018051840272,2,9,0,18,0,8,0,0,0,0,3,1,6,1,25,5,998,1,3,6,1,6
2018051840273,1,9,0,5,0,1,0,0,0,0,1,1,6,2,44,7,1461,2,3,4,1,4
2018051840274,1,9,0,16,0,0,1,0,0,0,1,1,6,1,-1,-1,-1,-1,-1,-1,-1,-1
2018051840274,2,9,0,18,0,0,0,0,0,0,1,1,6,2,63,9,1399,1,10,10,1,10
2018051840277,1,9,0,1,0,0,0,0,0,0,3,1,6,2,56,9,3199,1,16,5,1,5
2018051840277,2,9,0,1,0,0,0,0,0,0,3,1,6,1,-1,-1,1997,2,10,1,1,1
2018051840279,1,9,0,5,0,0,0,0,0,0,1,1,6,2,35,6,1968,2,2,3,1,3
2018051840280,1,11,0,18,0,1,0,0,0,0,1,1,1,3,-1,-1,5883,2,15,-1,-1,-1
2018051840282,1,1,0,18,0,0,0,0,0,0,1,1,6,1,14,3,-1,-1,-1,6,1,6
2018051840282,2,9,0,18,0,0,0,0,0,0,0,1,6,1,22,5,1398,1,3,2,1,2
2018051840282,3,9,0,2,0,0,0,0,0,0,3,1,6,3,-1,-1,998,1,4,-1,-1,-1
2018051840283,1,9,0,18,0,1,0,0,0,0,1,1,6,2,44,7,-1,-1,-1,1,1,1
2018051840283,2,9,0,9,0,3,0,0,0,0,4,1,6,2,23,5,898,1,1,3,1,3
2018051840286,1,9,0,9,0,5,0,0,0,0,1,1,2,2,17,4,1149,1,5,9,1,9
2018051840286,2,4,0,18,0,8,0,0,0,0,1,1,2,1,24,5,124,1,2,1,1,1
2018051840287,1,9,0,18,0,0,0,0,0,0,4,1,6,1,58,9,998,1,23,4,1,4
2018051840290,1,9,0,18,0,8,0,0,0,0,1,1,6,2,19,4,1084,1,1,3,1,3
2018051840290,2,9,0,5,0,8,0,0,0,0,3,1,6,1,63,9,2401,2,15,1,1,1
2018051840291,1,9,0,2,0,1,0,0,0,0,0,1,6,1,72,10,1560,2,3,9,1,9
2018051840291,2,9,0,7,0,1,0,0,0,0,4,1,6,2,70,10,1399,1,-1,6,1,6
2018051840292,1,9,0,18,0,0,0,0,0,0,4,2,6,3,-1,-1,-1,-1,-1,-1,-1,-1
2018051840293,1,9,0,18,0,0,0,0,0,0,1,1,6,3,-1,-1,-1,-1,-1,-1,-1,-1
2018051840293,2,9,0,18,0,0,0,0,0,0,2,1,6,2,53,8,1242,1,-1,3,1,3
2018051840294,1,19,0,5,0,2,0,0,0,0,1,1,6,3,-1,-1,-1,-1,-1,-1,-1,-1
2018051840294,2,9,0,18,0,2,0,0,0,0,4,1,6,1,53,8,2143,2,8,8,1,8
2018051840297,1,9,0,18,0,8,0,0,5,6,1,1,2,1,39,7,1968,2,10,1,1,1
2018051840297,2,9,0,18,0,8,1,0,5,6,3,1,6,1,34,6,3597,1,9,3,1,3
2018051840298,1,19,0,18,0,0,0,4,1,0,3,1,6,3,-1,-1,-1,-1,-1,-1,-1,-1
2018051840298,2,9,0,18,0,0,0,0,0,0,4,1,6,1,43,7,1299,1,13,8,1,8
2018051840299,1,8,0,7,0,6,0,0,0,0,1,1,6,3,-1,-1,-1,-1,-1,-1,-1,-1
2018051840299,2,1,0,18,0,2,0,0,0,0,2,1,1,1,55,8,-1,-1,-1,3,1,3
2018051840301,1,9,0,18,0,0,0,11,0,0,1,1,3,2,47,8,1398,1,-1,-1,-1,-1
2018051840302,1,9,0,4,0,2,0,0,0,0,1,1,6,1,-1,-1,2993,2,5,-1,-1,-1
2018051840302,2,9,0,4,0,1,0,0,0,0,2,1,6,1,23,5,1398,1,-1,8,1,8
2018051840305,1,11,0,18,0,0,0,0,0,0,0,1,1,1,28,6,6696,2,3,3,1,3
2018051840306,1,8,0,5,0,8,0,0,0,0,1,1,1,1,54,8,1598,2,5,5,1,5
2018051840306,2,9,0,4,0,8,0,0,0,0,3,1,6,1,24,5,1398,1,8,4,1,4
2018051840307,1,9,0,18,0,0,0,0,0,0,1,1,6,1,43,7,1796,1,13,5,1,5
2018051840308,1,8,0,-1,0,-1,-1,-1,-1,-1,-1,-1,6,3,-1,-1,-1,-1,-1,-1,-1,-1
2018051840308,2,1,0,-1,0,-1,0,-1,-1,-1,-1,1,6,1,4,1,-1,-1,-1,1,1,1
2018051840309,1,3,0,4,0,0,0,0,0,0,1,1,2,1,19,4,125,1,-1,5,1,5
2018051840309,2,2,0,3,0,0,0,0,0,0,2,1,6,1,16,4,50,1,-1,6,1,6
2018051840309,3,9,0,4,0,0,0,0,0,0,2,1,6,3,-1,-1,-1,-1,-1,-1,-1,-1
2018051840316,1,19,0,18,0,1,0,0,0,0,1,1,1,1,56,9,1997,2,11,1,1,1
2018051840316,2,9,0,9,0,1,0,0,0,0,3,1,6,1,46,8,2148,2,9,1,1,1
2018051840318,1,9,0,18,0,1,0,0,0,0,1,1,6,1,28,6,1753,2,10,1,1,1
2018051840319,1,9,0,9,0,1,0,0,0,0,1,1,6,2,52,8,1339,8,6,9,1,9
2018051840320,1,9,-1,-1,0,-1,-1,-1,-1,-1,-1,-1,6,2,31,6,-1,-1,-1,1,1,1
2018051840320,2,9,0,-1,0,-1,-1,-1,-1,-1,-1,1,6,2,44,7,998,1,3,1,1,1
2018051840321,1,19,0,18,0,1,0,0,0,0,1,1,6,3,-1,-1,-1,-1,-1,-1,-1,-1
2018051840321,2,9,0,18,0,1,1,0,0,0,2,1,2,2,22,5,998,1,10,6,1,6
2018051840322,1,9,0,18,0,0,0,0,0,0,1,1,6,1,31,6,1598,1,-1,1,1,1
2018051840322,2,1,0,18,0,0,0,0,0,0,4,1,6,1,12,3,-1,-1,-1,6,1,6
2018051840323,1,1,0,18,0,8,0,0,0,0,2,1,6,1,-1,-1,-1,-1,-1,-1,-1,-1
2018051840323,2,9,0,9,0,8,0,0,0,0,3,1,2,2,39,7,1229,1,4,3,1,3
2018051840324,1,9,0,7,0,4,0,0,3,11,1,1,6,1,86,11,1769,1,14,6,1,6
2018051840324,2,9,0,18,0,4,0,0,1,11,3,1,6,2,66,10,1398,1,2,3,1,3
2018051840326,1,3,0,4,0,1,0,0,0,0,1,1,2,1,24,5,124,1,7,1,1,1
2018051840326,2,9,0,5,0,2,0,0,0,0,1,1,6,2,53,8,1360,1,11,2,1,2
2018051840327,1,9,0,7,0,5,1,7,0,0,3,1,2,1,31,6,-1,-1,-1,1,1,1
2018051840329,1,9,0,7,0,2,0,0,0,0,1,1,6,1,52,8,1560,2,4,1,1,1
2018051840330,1,9,0,18,0,0,0,0,0,0,4,1,6,3,-1,-1,-1,-1,-1,-1,-1,-1
2018051840330,2,1,0,18,0,0,0,0,0,0,3,1,3,2,49,8,-1,-1,-1,1,1,1
2018051840335,1,8,0,18,0,0,0,0,0,0,-1,-1,6,3,-1,-1,-1,-1,-1,-1,-1,-1
2018051840336,1,9,0,18,0,8,0,0,0,0,1,1,6,3,-1,-1,-1,-1,-1,-1,-1,-1
2018051840336,2,1,0,18,0,8,0,0,0,0,2,1,6,1,44,7,-1,-1,-1,1,1,1
2018051840337,1,9,0,9,0,8,0,0,0,0,1,1,6,1,35,6,999,1,2,1,1,1
2018051840337,2,9,0,18,0,8,0,0,0,0,3,1,6,2,21,5,999,1,-1,2,1,2
2018051840339,1,9,0,17,0,0,5,0,1,0,1,1,6,2,18,4,1229,1,9,10,1,10
2018051840340,1,9,0,9,0,6,0,0,0,0,1,1,6,2,61,9,1998,2,11,5,1,5
2018051840342,1,9,0,7,0,1,0,0,0,0,1,1,6,3,-1,-1,-1,-1,-1,-1,-1,-1
2018051840342,2,9,0,18,0,8,0,0,1,7,4,1,2,1,27,6,1798,1,8,1,1,1
2018051840344,1,9,0,18,0,8,0,0,0,0,0,1,1,1,38,7,1984,2,7,-1,-1,-1
2018051840344,2,9,0,18,0,6,0,0,0,0,1,1,6,1,26,6,-1,-1,-1,1,1,1
2018051840344,3,9,0,18,0,8,0,0,0,0,4,1,6,2,57,9,1242,1,7,7,2,7
2018051840344,4,9,0,18,0,8,0,0,0,0,4,1,6,2,28,6,1242,1,1,1,1,1
2018051840346,1,9,0,18,0,8,0,0,0,0,1,1,6,3,-1,-1,-1,-1,-1,-1,-1,-1
2018051840346,2,8,0,3,0,2,0,0,0,0,2,1,6,3,-1,-1,-1,-1,-1,-1,-1,-1
2018051840348,1,9,0,9,0,8,0,0,0,0,1,1,1,2,31,6,1596,1,9,4,1,4
2018051840348,2,9,0,18,0,8,0,0,0,0,1,1,1,1,56,9,2401,2,12,3,1,3
2018051840349,1,9,0,18,0,1,0,0,0,0,4,1,6,1,37,7,1560,2,9,6,1,6
2018051840349,2,9,0,9,0,1,0,0,0,0,3,1,6,1,48,8,1968,2,11,9,2,9
2018051840351,1,9,0,18,0,0,0,0,0,0,1,1,6,1,58,9,1597,2,5,7,1,7
2018051840352,1,9,0,18,0,0,0,0,0,0,1,1,6,2,27,6,1248,2,13,4,1,4
2018051840355,1,9,0,4,0,1,0,0,0,0,1,1,1,1,56,9,1686,2,8,1,1,1
2018051840355,2,9,0,18,0,1,5,0,0,0,4,1,6,1,65,9,1399,2,11,2,1,2
2018051840357,1,9,0,13,0,0,0,0,0,0,4,1,6,1,32,6,1596,1,11,1,1,1
2018051840357,2,1,0,18,0,0,0,0,0,0,3,1,6,1,52,8,-1,-1,-1,5,1,5
2018051840358,1,9,0,18,0,4,0,0,0,0,1,1,6,1,47,8,-1,-1,-1,6,1,6
2018051840358,2,9,0,9,0,4,0,0,1,10,1,1,6,2,21,5,1124,1,14,5,1,5
2018051840362,1,19,0,18,0,1,0,0,0,0,1,1,1,1,23,5,1997,2,14,2,1,2
2018051840362,2,9,0,9,0,1,0,0,0,0,1,1,6,1,20,4,1084,1,1,2,1,2
2018051840364,1,9,0,18,0,6,0,0,7,0,1,1,6,1,31,6,1499,1,-1,2,1,2
2018051840364,2,9,0,18,0,8,0,0,0,0,1,1,6,1,63,9,1242,1,11,7,1,7
2018051840366,1,9,0,9,0,1,0,0,0,0,1,1,2,1,64,9,1323,1,16,2,1,2
2018051840366,2,9,0,2,0,1,0,0,0,0,1,1,6,3,-1,-1,1995,2,6,-1,-1,-1
2018051840366,3,9,0,2,0,1,0,0,0,0,1,1,6,3,-1,-1,1360,1,15,-1,-1,-1
2018051840367,1,9,0,18,0,0,0,0,0,0,-1,1,6,3,-1,-1,-1,-1,-1,-1,-1,-1
2018051840368,1,9,0,18,0,8,0,0,0,0,1,1,6,1,33,6,1968,2,10,1,1,1
2018051840370,1,9,0,5,0,4,0,0,0,0,1,1,6,2,27,6,999,1,-1,7,2,7
2018051840370,2,9,0,3,0,4,0,0,0,0,2,1,6,1,33,6,1968,2,4,6,1,6
2018051840371,1,9,0,9,0,8,0,0,0,0,1,1,1,2,42,7,1995,2,-1,5,1,5