Accident_Index,Vehicle_Reference,Vehicle_Type,Towing_and_Articulation,Vehicle_Manoeuvre,Vehicle_Location-Restricted_Lane,Junction_Location,Skidding_and_Overturning,Hit_Object_in_Carriageway,Vehicle_Leaving_Carriageway,Hit_Object_off_Carriageway,1st_Point_of_Impact,Was_Vehicle_Left_Hand_Drive?,Journey_Purpose_of_Driver,Sex_of_Driver,Age_of_Driver,Age_Band_of_Driver,Engine_Capacity_(CC),Propulsion_Code,Age_of_Vehicle,Driver_IMD_Decile,Driver_Home_Area_Type,Vehicle_IMD_Decile
2018051840371,2,5,0,18,0,8,0,0,0,0,1,1,6,1,30,6,599,1,20,8,1,8
2018051840372,1,9,0,7,0,6,0,0,0,0,0,1,6,3,-1,-1,-1,-1,-1,-1,-1,-1
2018051840372,2,19,0,18,0,1,0,0,0,0,0,1,6,1,51,8,2198,2,7,7,2,7
2018051840373,1,8,0,1,0,0,0,0,1,2,2,1,1,3,-1,-1,1968,2,11,-1,-1,-1
2018051840374,1,9,0,1,0,0,0,0,0,0,2,1,6,2,65,9,1388,1,11,8,1,8
2018051840375,1,9,0,18,0,0,0,0,0,0,1,1,6,3,-1,-1,-1,-1,-1,-1,-1,-1
2018051840375,2,9,0,18,0,0,0,0,0,0,4,1,6,2,43,7,1390,1,12,-1,2,-1
2018051840376,1,9,0,18,0,0,0,0,0,0,1,1,6,2,58,9,2993,2,4,5,1,5
2018051840376,2,9,0,3,0,0,0,0,0,0,2,1,6,1,56,9,998,1,5,1,1,1
2018051840377,1,90,0,18,0,1,0,0,0,0,1,1,6,1,62,9,4580,2,17,1,1,1
2018051840377,2,9,0,18,0,1,0,0,0,0,2,1,1,2,35,6,1910,2,11,7,1,7
2018051840378,1,9,0,18,0,0,0,0,0,0,1,1,1,1,43,7,2987,2,2,9,1,9
2018051840380,1,8,0,18,0,0,0,0,0,0,0,1,6,1,58,9,1797,8,4,3,1,3
2018051840381,1,11,0,18,0,8,0,0,0,0,-1,1,6,3,-1,-1,-1,-1,-1,-1,-1,-1
2018051840381,2,9,0,18,0,8,0,0,0,0,4,1,6,2,30,6,1956,2,6,1,1,1
2018051840383,2,8,0,18,0,0,0,0,0,0,-1,1,6,3,-1,-1,2148,2,9,-1,-1,-1
2018051840384,1,19,0,7,0,8,0,0,0,0,4,1,6,1,39,7,2143,2,6,8,1,8
2018051840384,2,1,0,9,0,8,0,0,0,0,3,1,6,1,38,7,-1,-1,-1,1,1,1
2018051840385,1,9,0,5,0,7,0,0,0,0,1,1,6,1,-1,-1,1399,2,6,6,1,6
2018051840385,2,9,0,18,0,8,0,0,0,0,1,1,6,2,71,10,1398,1,13,3,1,3
2018051840386,1,9,0,18,0,0,0,0,0,0,3,1,6,3,-1,-1,-1,-1,-1,-1,-1,-1
2018051840386,2,9,0,18,0,0,0,0,0,0,4,1,6,2,23,5,1598,2,6,9,1,9
2018051840387,1,9,0,9,0,8,0,0,0,0,3,1,6,2,90,11,998,1,12,6,1,6
2018051840389,1,9,0,18,0,1,1,0,-1,-1,1,1,6,1,37,7,1956,2,9,2,1,2
2018051840390,1,9,0,18,0,0,0,0,0,0,1,1,6,3,-1,-1,-1,-1,-1,-1,-1,-1
2018051840391,1,11,0,18,0,0,0,0,0,0,4,1,6,3,-1,-1,-1,-1,-1,-1,-1,-1
2018051840392,1,9,0,18,0,0,0,0,0,0,1,1,6,3,-1,-1,-1,-1,-1,-1,-1,-1
2018051840394,1,19,0,6,0,8,0,0,0,0,1,1,1,2,59,9,2143,2,3,1,1,1
2018051840394,2,9,0,18,0,8,0,0,0,0,4,1,6,1,76,11,1461,2,3,2,1,2
2018051840395,1,9,0,18,0,2,0,0,0,0,1,1,6,1,19,4,1395,1,1,6,-1,6
2018051840396,1,9,0,1,0,6,0,0,0,0,2,1,6,1,37,7,-1,-1,-1,1,1,1
2018051840397,1,19,0,9,0,6,0,0,0,0,1,1,1,3,-1,-1,2953,2,-1,-1,-1,-1
2018051840397,2,9,0,9,0,8,0,0,0,0,3,1,6,1,56,9,999,1,7,1,1,1
2018051840399,1,19,0,9,0,8,0,0,0,0,3,1,6,1,-1,-1,-1,-1,-1,-1,-1,-1
2018051840399,2,19,0,18,0,8,0,0,0,0,4,1,1,1,30,6,2298,2,3,1,1,1
2018051840400,1,19,0,18,0,0,0,0,0,0,4,1,1,1,64,9,5193,2,6,4,1,4
2018051840401,1,9,0,18,0,8,0,0,0,0,1,1,6,2,58,9,1598,1,9,1,1,1
2018051840403,1,9,0,18,0,0,1,0,0,0,1,1,1,1,44,7,1998,2,8,1,1,1
2018051840403,2,9,0,18,0,0,0,0,0,0,2,1,6,1,28,6,1560,2,8,7,1,7
2018051840407,1,9,0,9,0,6,0,0,0,0,3,1,2,1,74,10,1242,1,8,2,1,2
2018051840407,2,1,0,18,0,1,0,0,0,0,1,1,2,1,51,8,-1,-1,-1,9,1,9
2018051840408,1,9,0,18,0,0,1,0,0,0,1,1,6,1,27,6,2616,1,11,1,1,1
2018051840408,2,9,0,3,0,0,0,0,0,0,2,1,6,2,43,7,1956,2,3,9,1,9
2018051840409,1,19,0,4,0,1,1,0,0,0,1,1,1,1,57,9,-1,-1,-1,3,1,3
2018051840409,2,9,0,4,0,1,0,0,0,0,2,1,2,2,35,6,1399,2,7,1,1,1
2018051840410,1,97,0,6,0,0,0,0,0,0,4,1,6,1,18,4,-1,-1,-1,1,1,1
2018051840410,2,21,0,18,0,0,1,0,0,0,1,1,1,1,27,6,5880,2,11,1,1,1
2018051840411,1,19,0,5,0,2,0,0,0,0,4,1,2,1,28,6,2402,2,11,7,1,7
2018051840413,1,9,0,17,0,0,0,4,0,0,1,1,1,2,74,10,998,1,17,7,1,7
2018051840413,2,9,0,2,0,0,0,10,0,0,2,1,6,3,-1,-1,1999,8,2,-1,-1,-1
2018051840414,1,9,0,18,0,0,0,0,0,0,1,1,6,2,33,6,1242,1,4,1,1,1
2018051840415,1,21,0,11,0,0,0,0,0,0,4,1,1,1,30,6,12809,2,2,1,1,1
2018051840415,2,5,0,18,0,0,0,0,0,0,1,1,6,2,25,5,650,1,17,7,1,7
2018051840417,1,9,0,18,0,0,0,0,0,0,4,1,2,2,53,8,1198,1,10,6,1,6
2018051840418,1,9,0,4,0,1,0,0,0,0,1,1,6,3,-1,-1,-1,-1,-1,-1,-1,-1
2018051840418,2,9,0,4,0,1,0,0,0,0,2,1,6,2,60,9,1229,1,3,2,1,2
2018051840419,1,9,0,18,0,2,0,0,0,0,1,1,6,3,-1,-1,-1,-1,-1,-1,-1,-1
2018051840421,1,9,0,9,0,5,0,0,0,0,4,1,6,1,17,4,999,1,2,6,1,6
2018051840421,2,9,0,18,0,1,0,0,0,0,1,2,2,2,64,9,1299,1,16,5,1,5
2018051840423,1,19,0,16,0,0,5,10,6,0,3,1,6,1,22,5,1248,2,7,1,1,1
2018051840424,1,9,0,18,0,0,0,-1,0,0,-1,2,6,1,34,6,-1,-1,-1,6,3,6
2018051840425,1,8,0,18,0,0,0,0,0,0,1,1,1,1,34,6,1499,2,3,1,1,1
2018051840426,1,9,0,18,0,4,0,0,0,0,3,1,6,1,-1,-1,1229,1,6,-1,1,-1
2018051840426,2,9,0,18,0,4,0,0,0,0,1,1,6,2,26,6,1368,1,1,7,1,7
2018051840427,1,9,0,18,0,0,0,0,0,0,4,2,6,3,-1,-1,-1,-1,-1,-1,-1,-1
2018051840427,2,1,0,18,0,0,0,0,0,0,3,1,2,1,21,5,-1,-1,-1,3,1,3
2018051840429,1,9,0,18,0,0,0,0,0,0,0,1,1,1,-1,-1,2993,2,1,-1,-1,-1
2018051840429,2,9,0,18,0,0,0,0,0,0,1,1,6,1,35,6,-1,-1,-1,1,1,1
2018051840429,3,9,0,18,0,0,0,0,0,0,3,1,2,2,36,7,1242,1,12,2,1,2
2018051840429,4,19,0,2,0,0,0,0,0,0,0,1,6,3,-1,-1,2402,2,12,-1,-1,-1
2018051840429,5,9,0,18,0,0,0,0,0,0,3,1,2,2,33,6,999,1,1,7,1,7
2018051840430,1,9,0,18,0,0,0,0,0,0,1,1,6,3,-1,-1,-1,-1,-1,-1,-1,-1
2018051840430,2,19,0,8,0,0,0,0,0,0,2,1,1,1,62,9,1248,2,11,6,1,6
2018051840432,1,11,1,2,0,0,0,0,0,0,1,1,1,1,47,8,6696,2,3,1,1,1
2018051840434,1,9,0,13,0,1,0,0,0,0,1,1,6,3,-1,-1,1984,1,3,-1,-1,-1
2018051840434,2,9,0,18,0,1,0,0,0,0,0,1,6,1,26,6,-1,-1,-1,3,1,3
2018051840434,3,9,0,9,0,6,0,0,0,0,3,1,6,1,75,10,1991,1,2,3,1,3
2018051840434,4,1,0,18,0,0,0,0,1,0,2,1,2,1,25,5,-1,-1,-1,6,2,6
2018051840435,1,9,0,18,0,1,0,0,0,0,1,1,2,1,29,6,2967,2,-1,8,1,8
2018051840435,2,9,0,18,0,1,0,0,0,0,2,1,1,2,43,7,1991,1,2,9,1,9
2018051840435,3,9,0,18,0,1,0,0,0,0,2,1,6,3,-1,-1,1499,2,1,-1,-1,-1
2018051840436,1,8,0,18,0,1,0,0,0,0,1,1,6,1,54,8,1497,8,12,2,1,2
2018051840437,1,9,0,18,0,0,1,0,1,2,1,1,6,1,56,9,-1,-1,-1,8,1,8
2018051840437,2,9,0,2,0,0,0,0,0,0,3,1,6,3,-1,-1,2148,2,10,-1,-1,-1
2018051840438,1,9,0,9,0,6,0,0,0,0,1,1,6,3,-1,-1,-1,-1,-1,-1,-1,-1
2018051840438,2,9,0,9,0,5,0,0,0,0,3,1,2,1,35,6,1997,2,4,1,1,1
2018051840439,1,9,0,-1,0,6,-1,0,0,0,1,1,6,1,48,8,1386,1,10,5,1,5
2018051840439,2,3,0,18,0,8,0,0,0,0,1,1,6,1,64,9,124,1,1,1,1,1
2018051840440,1,9,0,18,0,0,0,0,0,0,0,1,6,2,-1,-1,-1,-1,-1,-1,-1,-1
2018051840441,1,9,0,18,0,1,0,0,0,0,1,1,2,1,21,5,1149,1,6,2,1,2
2018051840441,2,9,0,4,0,1,0,0,0,0,2,1,2,2,54,8,1242,1,17,4,1,4
2018051840443,1,1,0,11,0,0,0,0,0,0,3,1,6,1,12,3,-1,-1,-1,1,1,1
2018051840443,2,9,0,18,0,0,0,0,0,0,1,1,2,1,48,8,1896,2,18,1,1,1
2018051840444,1,9,0,18,0,8,0,0,0,0,1,1,6,1,24,5,1198,1,7,8,1,8
2018051840444,2,9,0,18,0,8,0,0,0,0,4,1,6,2,41,7,1229,1,9,1,1,1
2018051840445,1,11,0,4,0,0,0,0,0,0,1,1,1,1,46,8,6696,2,3,1,1,1
2018051840447,1,9,0,9,0,8,0,0,0,0,1,1,6,3,-1,-1,-1,-1,-1,-1,-1,-1
2018051840447,2,1,0,18,0,8,0,0,0,0,1,1,1,1,21,5,-1,-1,-1,3,1,3
2018051840448,1,9,0,18,0,0,0,0,0,0,4,1,2,2,44,7,2993,2,8,6,1,6
2018051840450,1,9,0,18,0,1,0,0,0,0,1,1,6,3,-1,-1,1968,2,9,-1,-1,-1
2018051840450,2,9,0,3,0,1,0,0,0,0,2,1,6,1,33,6,999,1,-1,2,1,2
2018051840451,1,9,0,18,0,6,1,0,0,0,1,1,6,2,41,7,1968,2,2,9,1,9
2018051840451,2,5,0,18,0,8,0,0,0,0,1,1,2,1,58,9,865,1,8,2,1,2
2018051840452,1,9,0,18,0,4,0,0,0,0,1,1,6,1,63,9,1997,2,9,1,1,1
2018051840452,2,1,0,18,0,8,0,0,0,0,4,1,2,1,28,6,-1,-1,-1,4,1,4
2018051840453,1,9,0,9,0,8,0,0,0,0,1,1,2,1,35,6,1598,1,7,3,1,3
2018051840457,1,9,0,18,0,0,0,0,0,0,1,1,6,1,25,5,2143,2,5,2,1,2
2018051840458,1,1,0,18,0,1,0,0,0,0,1,1,2,1,27,6,-1,-1,-1,3,1,3
2018051840458,2,9,0,18,0,6,0,0,0,0,3,1,2,1,38,7,999,1,3,1,1,1
2018051840460,1,9,0,9,0,1,0,0,0,0,1,1,2,1,31,6,1598,1,12,1,1,1
2018051840461,1,9,0,18,0,8,0,0,1,2,1,1,6,1,53,8,1364,1,-1,1,1,1
2018051840463,1,1,0,18,0,6,0,0,0,0,1,1,6,3,-1,-1,-1,-1,-1,-1,-1,-1
2018051840463,2,9,0,18,0,6,0,0,0,0,1,1,6,1,14,3,1598,1,1,1,1,1
2018051840464,1,8,0,5,0,0,0,0,0,0,0,1,1,1,40,7,-1,-1,-1,3,1,3
2018051840466,1,4,0,7,0,1,0,0,0,0,1,1,6,1,65,9,278,1,7,8,1,8
2018051840466,2,9,0,7,0,1,0,0,0,0,2,1,6,2,61,9,1499,1,3,10,1,10
2018051840469,1,5,0,18,0,0,0,0,0,0,1,1,6,1,50,8,647,1,15,1,1,1
2018051840469,2,10,0,18,0,0,0,0,0,0,2,1,1,1,35,6,-1,-1,-1,2,1,2
2018051840470,1,1,0,18,0,8,0,0,0,0,1,1,6,1,22,5,-1,-1,-1,1,1,1
2018051840470,2,9,0,9,0,8,0,0,0,0,1,1,6,2,17,4,1242,1,5,10,1,10
2018051840471,1,9,0,9,0,5,0,0,0,0,1,1,6,2,28,6,1149,1,1,1,1,1
2018051840472,1,9,0,-1,0,8,0,0,0,0,0,1,6,3,-1,-1,-1,-1,-1,-1,-1,-1
2018051840473,1,19,0,18,0,0,0,0,0,0,-1,1,6,3,-1,-1,-1,-1,-1,-1,-1,-1
2018051840473,2,9,0,18,0,0,0,0,0,0,-1,1,6,2,19,4,1398,1,-1,1,1,1
2018051840475,1,9,0,18,0,1,0,0,0,0,1,1,6,1,27,6,2998,1,-1,1,1,1
2018051840475,2,9,0,9,0,1,0,10,7,1,4,1,2,2,25,5,1299,1,13,3,1,3
2018051840477,1,9,0,9,0,2,1,0,0,0,1,1,6,1,39,7,1386,1,10,1,1,1
2018051840477,2,20,0,18,0,1,0,0,0,0,4,1,1,1,28,6,4461,2,6,6,1,6
2018051840479,1,9,0,5,0,0,0,0,0,0,1,1,6,1,49,8,1248,1,3,1,1,1
2018051840479,2,1,0,18,0,0,0,0,0,0,1,1,2,1,38,7,-1,-1,-1,1,1,1
2018051840480,1,9,0,9,0,5,0,0,0,0,4,1,6,2,77,11,1398,1,4,7,1,7
2018051840480,2,3,0,18,0,8,0,0,0,0,1,1,2,1,25,5,-1,-1,-1,1,1,1
2018051840481,1,4,0,18,0,1,0,0,0,0,1,1,6,1,-1,-1,249,1,6,-1,-1,-1
2018051840481,2,9,0,18,0,1,0,0,0,0,3,1,6,1,41,7,999,1,9,1,1,1
2018051840482,1,9,0,18,0,0,0,0,0,0,1,1,6,3,-1,-1,-1,-1,-1,-1,-1,-1
2018051840482,2,1,0,18,0,0,0,0,1,7,2,1,6,1,23,5,-1,-1,-1,4,1,4
2018051840484,1,9,0,18,0,4,0,0,0,0,1,1,6,1,52,8,1461,2,1,1,1,1
2018051840484,2,1,0,18,0,8,0,0,0,0,4,1,2,1,48,8,-1,-1,-1,1,1,1
2018051840485,1,9,0,18,0,1,0,0,0,0,1,1,6,3,-1,-1,-1,-1,-1,-1,-1,-1
2018051840485,2,9,0,8,0,5,0,0,0,0,2,1,2,2,51,8,998,1,8,2,1,2
2018051840486,1,9,0,7,0,5,1,0,0,0,1,1,6,1,32,6,1995,2,6,5,1,5
2018051840486,2,9,0,10,0,1,0,0,0,0,3,1,6,2,36,7,998,1,5,1,1,1
2018051840488,1,9,0,15,0,0,0,0,0,0,3,1,6,1,38,7,2993,2,7,10,1,10
2018051840488,2,4,0,16,0,0,0,0,0,0,1,1,6,1,61,9,660,1,11,4,1,4
2018051840490,1,9,0,18,0,0,0,0,0,0,1,1,2,1,55,8,1200,1,3,5,1,5
2018051840491,1,9,0,9,0,1,0,0,0,0,0,1,6,1,-1,-1,-1,-1,-1,-1,-1,-1
2018051840491,2,9,0,18,0,1,1,0,4,4,1,1,2,1,35,6,1998,1,10,2,1,2
2018051840492,1,19,0,18,0,0,0,0,1,2,1,1,6,1,42,7,1560,2,4,1,1,1
2018051840494,1,9,0,17,0,0,5,0,1,4,4,1,6,1,17,4,1229,1,12,9,2,9
2018051840498,1,19,0,18,0,0,0,0,0,0,4,1,6,1,40,7,2143,2,4,6,1,6
2018051840502,1,19,0,18,0,8,0,0,0,0,1,1,1,1,-1,-1,2143,2,4,-1,-1,-1
2018051840502,2,9,0,18,0,8,0,0,0,0,2,1,6,2,30,6,1595,1,-1,8,1,8
2018051840503,1,19,0,16,0,0,0,0,0,0,4,1,6,1,56,9,2402,2,13,1,1,1
2018051840504,1,9,0,18,0,0,0,0,0,0,1,1,6,1,34,6,1000,1,2,1,1,1
2018051840504,2,9,0,18,0,0,0,0,0,0,2,1,2,1,46,8,1995,2,3,9,1,9
2018051840504,3,9,0,18,0,0,0,0,0,0,2,1,6,1,39,7,1598,2,-1,1,1,1
2018051840504,4,21,0,18,0,0,0,0,0,0,3,1,1,1,52,8,7698,2,2,2,1,2
2018051840505,1,21,1,18,0,8,0,0,0,0,4,1,1,1,57,9,12902,2,5,1,1,1
2018051840506,1,9,0,5,0,8,0,0,0,0,4,1,6,1,28,6,1997,2,14,1,1,1
2018051840506,2,11,0,18,0,8,1,0,0,0,1,1,1,1,40,7,4500,2,10,1,1,1
2018051840507,1,9,0,18,0,0,0,0,7,0,1,1,6,3,-1,-1,1995,1,10,-1,-1,-1
2018051840507,2,9,0,4,0,0,0,0,0,0,1,1,6,2,52,8,998,1,2,8,1,8
2018051840509,1,9,0,2,0,0,0,0,0,0,3,1,6,1,77,11,1389,1,14,4,1,4
2018051840509,2,1,0,18,0,0,1,0,0,0,1,1,6,2,67,10,-1,-1,-1,1,1,1
2018051840510,1,9,0,18,0,0,0,0,0,0,4,1,6,3,-1,-1,-1,-1,-1,-1,-1,-1
2018051840510,2,1,0,18,0,0,0,0,0,0,4,1,6,1,12,3,-1,-1,-1,7,1,7
2018051840511,1,9,0,3,0,1,0,0,0,0,4,1,2,2,59,9,1229,1,4,7,1,7
2018051840511,2,3,0,18,0,1,0,8,0,0,3,1,1,1,41,7,125,1,4,1,1,1
2018051840512,1,9,0,4,0,0,0,0,0,0,4,1,6,2,21,5,1198,1,5,3,1,3
2018051840513,1,9,0,15,0,0,0,0,0,0,3,1,6,3,-1,-1,-1,-1,-1,-1,-1,-1
2018051840513,2,9,0,18,0,0,0,0,0,0,4,1,6,2,25,5,1364,1,9,2,1,2
2018051840515,1,9,0,9,0,8,0,0,0,0,1,1,6,3,-1,-1,-1,-1,-1,-1,-1,-1
2018051840515,2,1,0,18,0,8,0,0,0,0,3,1,2,1,34,6,-1,-1,-1,9,1,9
2018051840517,1,8,0,18,0,8,0,0,0,0,1,1,1,1,56,9,2664,2,19,5,1,5
2018051840517,2,9,0,18,0,8,0,0,7,11,4,1,2,1,49,8,1388,1,14,1,1,1
2018051840518,1,9,0,18,0,0,0,0,0,0,1,1,6,3,-1,-1,-1,-1,-1,-1,-1,-1
2018051840519,1,9,0,18,0,8,0,0,7,0,1,1,1,2,36,7,998,1,8,6,1,6
2018051840519,2,9,0,18,0,8,0,0,0,0,3,1,6,1,50,8,2143,2,7,7,1,7
2018051840520,1,9,0,9,0,0,0,0,0,0,1,1,1,1,56,9,1997,2,7,5,1,5
2018051840521,1,9,0,18,0,1,0,0,0,0,1,1,6,3,-1,-1,-1,-1,-1,-1,-1,-1
2018051840521,2,9,0,-1,0,1,0,0,0,0,2,1,6,3,-1,-1,1995,2,2,-1,-1,-1
2018051840521,3,9,0,-1,0,1,0,0,0,0,2,1,6,2,23,5,1149,1,10,5,1,5
2018051840522,1,8,0,18,0,0,0,0,0,0,4,1,6,3,-1,-1,-1,-1,-1,-1,-1,-1
2018051840522,2,1,0,18,0,0,0,0,0,0,3,1,6,1,22,5,-1,-1,-1,1,1,1
2018051840524,1,9,0,18,0,4,0,0,0,0,1,1,6,2,47,8,1461,2,4,4,1,4
2018051840524,2,1,0,18,0,3,0,0,0,0,4,1,6,2,62,9,-1,-1,-1,8,1,8
2018051840525,1,9,0,1,0,0,0,0,0,0,2,1,1,1,35,6,1560,2,2,-1,-1,-1
2018051840525,2,9,0,2,0,0,0,0,0,0,1,1,6,3,-1,-1,2835,2,23,-1,-1,-1
2018051840527,1,8,0,5,0,8,0,0,0,0,1,1,1,1,33,6,1560,2,8,1,1,1
2018051840527,2,1,0,18,0,8,0,0,0,0,3,1,6,1,17,4,-1,-1,-1,3,1,3
2018051840528,1,9,0,-1,0,1,0,0,-1,-1,-1,1,6,3,-1,-1,-1,-1,-1,-1,-1,-1
2018051840530,1,9,0,4,0,0,0,0,0,0,1,1,2,2,26,6,1590,1,11,2,1,2
2018051840530,2,9,0,3,0,0,0,0,0,0,2,1,2,2,29,6,1461,2,3,8,1,8
2018051840531,1,9,0,18,0,8,0,0,0,0,4,1,2,2,31,6,998,1,17,2,1,2
2018051840531,2,9,0,18,0,8,0,0,0,0,1,1,2,2,29,6,999,1,-1,4,1,4
2018051840532,1,1,0,18,0,0,0,0,0,0,1,1,6,1,56,9,-1,-1,-1,7,1,7
2018051840532,2,9,0,2,0,0,0,0,0,0,2,1,3,2,38,7,998,1,3,3,1,3
2018051840534,1,9,0,18,0,8,0,0,0,0,1,1,6,2,58,9,1596,1,11,4,1,4
2018051840534,2,8,0,9,0,8,0,0,0,0,1,1,1,1,39,7,1995,2,11,1,1,1
2018051840535,1,9,0,10,0,1,0,0,0,0,1,1,6,1,21,5,899,1,5,7,1,7
2018051840536,1,9,0,2,0,0,0,0,0,0,2,1,6,2,43,7,1560,2,2,2,1,2
2018051840536,2,9,0,18,0,0,0,0,0,0,1,1,6,3,-1,-1,2231,2,8,-1,-1,-1
2018051840537,1,9,0,18,0,0,1,0,0,0,1,1,1,1,70,10,2696,2,11,8,1,8
2018051840537,2,9,0,18,0,0,0,0,0,0,1,1,6,2,53,8,1984,1,7,10,1,10
2018051840538,1,9,0,9,0,8,0,0,0,0,1,1,6,1,66,10,1598,1,7,9,1,9
2018051840538,2,9,0,18,0,1,0,0,0,0,3,1,6,1,39,7,2143,2,1,7,1,7
2018051840539,1,9,0,13,0,1,0,0,0,0,1,1,6,1,27,6,1984,1,3,5,1,5
2018051840539,2,9,0,7,0,6,0,0,0,0,4,1,6,1,74,10,998,1,6,6,1,6
2018051840540,1,9,0,18,0,0,0,0,0,0,1,1,6,2,33,6,-1,3,4,3,1,3
2018051840541,1,9,0,18,0,1,0,4,0,0,1,1,1,1,46,8,1968,2,2,1,1,1
2018051840541,2,9,0,2,0,1,0,0,0,0,2,1,6,3,-1,-1,1461,2,5,-1,-1,-1
2018051840541,3,9,0,2,0,1,0,0,0,0,2,1,6,3,-1,-1,1360,1,9,-1,-1,-1
2018051840542,1,9,0,18,0,0,5,0,0,0,1,1,6,1,24,5,1598,1,12,1,1,1
2018051840542,2,9,0,5,0,0,0,0,0,0,1,1,6,1,52,8,1390,1,14,1,1,1
2018051840542,3,9,0,2,0,0,0,0,0,0,1,1,6,3,-1,-1,1229,1,4,-1,-1,-1
2018051840542,4,9,0,2,0,0,0,0,0,0,1,1,6,3,-1,-1,1498,1,9,-1,-1,-1
2018051840543,1,9,0,18,0,1,0,0,0,0,1,1,6,1,48,8,1560,2,4,1,1,1
2018051840543,2,9,0,18,0,1,0,0,0,0,3,1,6,1,26,6,1198,1,2,1,1,1
2018051840543,3,9,0,2,0,2,0,0,0,0,3,1,6,1,61,9,1598,2,7,1,1,1
2018051840544,1,9,0,18,0,0,0,0,0,0,1,1,6,1,23,5,1582,2,3,7,1,7
2018051840546,1,9,0,18,0,0,2,0,1,7,1,1,6,2,27,6,1598,1,4,10,1,10
2018051840547,1,8,0,6,0,0,0,10,0,0,-1,1,6,1,-1,-1,1753,2,10,1,1,1
2018051840549,1,9,0,18,0,8,0,0,0,0,-1,1,6,3,-1,-1,-1,-1,-1,-1,-1,-1
2018051840549,2,8,0,18,0,8,-1,0,0,0,-1,1,1,1,-1,-1,1560,2,7,-1,-1,-1
2018051840550,1,9,0,7,0,2,0,0,0,0,1,1,6,1,61,9,1968,2,11,4,1,4
2018051840551,1,19,0,9,0,8,0,0,0,0,3,1,6,1,29,6,2198,2,4,2,1,2
2018051840551,2,9,0,18,0,8,0,0,0,0,3,1,6,2,21,5,999,1,3,4,3,4
2018051840553,1,19,0,9,0,2,0,0,0,0,1,1,6,1,29,6,-1,-1,-1,1,1,1
2018051840554,1,9,0,18,0,0,0,0,0,0,1,1,6,1,26,6,1995,2,4,-1,-1,-1
2018051840555,1,9,0,18,0,6,0,0,0,0,1,1,2,2,53,8,2143,2,4,7,1,7
2018051840555,2,1,0,18,0,8,0,0,0,0,-1,1,6,1,32,6,-1,-1,-1,7,1,7
2018051840556,1,9,0,18,0,0,0,0,0,0,1,1,2,1,34,6,1598,1,11,5,1,5
2018051840557,1,19,0,9,0,1,0,0,0,0,3,1,1,1,38,7,1968,2,-1,1,1,1
2018051840557,2,3,0,18,0,1,0,0,0,0,1,1,2,1,45,7,124,1,9,1,1,1
2018051840558,1,9,0,18,0,8,0,0,0,0,1,1,6,2,64,9,998,1,8,1,1,1
2018051840558,2,9,0,18,0,8,0,0,0,0,3,1,6,2,27,6,1200,1,4,2,1,2
2018051840562,1,9,0,-1,0,0,0,0,0,0,1,1,6,2,36,7,1956,2,3,1,1,1
2018051840562,2,1,0,18,0,0,0,0,0,0,-1,1,4,1,15,3,-1,-1,-1,2,1,2
2018051840564,1,9,0,18,0,8,0,0,0,0,1,1,6,3,-1,-1,-1,-1,-1,-1,-1,-1
2018051840564,2,9,0,17,0,8,0,0,0,0,2,1,2,2,31,6,1461,2,1,9,2,9
2018051840566,1,9,0,15,0,4,0,0,0,0,1,1,6,3,-1,-1,-1,-1,-1,-1,-1,-1
2018051840566,2,1,0,18,0,4,0,0,0,0,3,1,6,1,31,6,-1,-1,-1,1,1,1
2018051840567,1,9,0,18,0,0,0,0,0,0,1,1,6,1,49,8,1995,2,8,3,1,3
2018051840567,2,9,0,3,0,0,0,0,0,0,2,1,6,1,58,9,1364,2,5,8,1,8
2018051840568,1,8,0,1,0,0,0,0,0,0,1,1,6,3,-1,-1,-1,-1,-1,-1,-1,-1
2018051840570,1,9,0,17,0,0,0,0,0,0,1,2,6,3,-1,-1,-1,-1,-1,-1,-1,-1
2018051840570,2,9,0,4,0,0,0,0,0,0,1,1,6,1,28,6,1560,2,5,1,1,1
2018051840571,1,9,0,18,0,1,0,0,0,0,1,1,6,3,-1,-1,1598,2,6,-1,-1,-1
2018051840571,2,1,0,18,0,1,0,0,0,0,4,1,6,1,32,6,-1,-1,-1,3,1,3
2018051840572,1,9,0,9,0,8,0,0,0,0,1,1,6,2,17,4,1390,1,3,-1,-1,-1
2018051840572,2,1,0,4,0,1,0,0,0,0,1,1,6,1,46,8,-1,-1,-1,7,1,7
2018051840573,1,9,0,18,0,0,0,0,0,0,3,1,6,3,-1,-1,-1,-1,-1,-1,-1,-1
2018051840573,2,5,0,18,0,0,0,0,0,0,3,1,2,1,47,8,955,1,18,2,1,2
2018051840575,1,9,0,18,0,1,0,0,0,0,1,1,1,2,-1,-1,3984,1,7,4,1,4
2018051840575,2,9,0,3,0,1,0,0,0,0,2,1,6,1,70,10,998,1,13,9,1,9
2018051840576,1,19,0,-1,0,0,0,0,0,0,1,1,6,3,-1,-1,-1,-1,-1,-1,-1,-1
2018051840577,1,19,0,18,0,0,0,0,0,0,1,1,6,3,-1,-1,-1,-1,-1,-1,-1,-1
2018051840579,1,9,0,18,0,4,0,0,0,0,4,1,6,1,32,6,2143,2,2,8,1,8
2018051840579,2,1,0,5,0,6,0,0,0,0,1,1,6,2,36,7,-1,-1,-1,1,1,1
2018051840583,1,9,0,3,0,1,0,0,0,0,2,1,6,2,57,9,1499,1,-1,9,1,9
2018051840583,2,9,0,3,0,1,0,0,0,0,2,1,6,1,60,9,799,2,6,1,1,1