Accident_Index,Vehicle_Reference,Vehicle_Type,Towing_and_Articulation,Vehicle_Manoeuvre,Vehicle_Location-Restricted_Lane,Junction_Location,Skidding_and_Overturning,Hit_Object_in_Carriageway,Vehicle_Leaving_Carriageway,Hit_Object_off_Carriageway,1st_Point_of_Impact,Was_Vehicle_Left_Hand_Drive?,Journey_Purpose_of_Driver,Sex_of_Driver,Age_of_Driver,Age_Band_of_Driver,Engine_Capacity_(CC),Propulsion_Code,Age_of_Vehicle,Driver_IMD_Decile,Driver_Home_Area_Type,Vehicle_IMD_Decile
2018051840583,3,8,0,11,0,1,0,0,0,0,1,1,2,1,60,9,1598,2,8,1,1,1
2018051840584,1,9,0,16,0,0,1,0,1,11,1,1,6,1,33,6,4163,1,10,-1,1,-1
2018051840588,1,9,0,18,0,0,0,0,0,0,1,1,6,3,-1,-1,1560,2,3,-1,-1,-1
2018051840588,2,20,0,2,0,0,0,0,0,0,0,1,2,3,-1,-1,12913,2,8,-1,-1,-1
2018051840590,1,9,0,17,0,0,0,0,0,0,4,1,6,2,38,7,2993,2,3,2,1,2
2018051840590,2,9,0,18,0,0,0,0,0,0,1,1,2,1,41,7,-1,-1,-1,3,1,3
2018051840591,1,9,0,9,0,4,0,0,0,0,1,1,6,2,37,7,1997,2,9,4,1,4
2018051840591,2,5,0,18,0,4,0,0,0,0,4,1,6,1,45,7,598,1,22,6,1,6
2018051840592,1,3,0,18,0,8,0,0,0,0,3,1,6,1,27,6,124,1,2,5,1,5
2018051840592,2,9,0,18,0,8,0,0,0,0,1,1,6,1,47,8,1498,1,11,1,1,1
2018051840593,1,9,0,18,0,0,0,0,0,0,1,1,6,1,35,6,-1,-1,-1,5,1,5
2018051840593,2,9,0,18,0,0,0,0,0,0,2,1,6,2,30,6,1796,1,11,7,1,7
2018051840593,3,9,0,2,0,0,1,4,0,0,2,1,6,3,-1,-1,1560,2,5,-1,-1,-1
2018051840593,4,9,0,2,0,0,1,4,0,0,2,1,6,3,-1,-1,998,1,5,-1,-1,-1
2018051840593,5,9,0,2,0,0,0,0,0,0,2,1,6,3,-1,-1,1461,2,11,-1,-1,-1
2018051840596,1,9,0,7,0,1,0,0,0,0,1,1,6,3,-1,-1,-1,-1,-1,-1,-1,-1
2018051840597,1,9,0,18,0,0,0,0,0,0,4,1,6,2,27,6,1242,1,6,3,1,3
2018051840597,2,9,0,18,0,0,0,0,0,0,3,1,6,1,30,6,1598,2,2,3,1,3
2018051840600,1,9,0,18,0,7,0,0,0,0,1,2,6,2,-1,-1,-1,-1,-1,-1,-1,-1
2018051840601,1,19,0,9,0,8,0,0,0,0,3,1,6,1,20,4,1560,2,4,1,1,1
2018051840601,2,1,0,18,0,8,0,0,0,0,1,1,6,1,-1,-1,-1,-1,-1,-1,-1,-1
2018051840602,1,9,0,9,0,2,0,0,0,0,4,1,6,3,-1,-1,-1,-1,-1,-1,-1,-1
2018051840602,2,1,0,18,0,1,0,0,0,0,1,1,6,1,21,5,-1,-1,-1,5,1,5
2018051840603,1,9,0,7,0,8,0,0,0,0,1,1,2,1,47,8,1461,2,-1,6,1,6
2018051840603,2,9,0,18,0,8,0,0,0,0,4,1,2,2,22,5,1975,1,9,6,1,6
2018051840604,1,9,0,1,0,0,0,0,0,0,2,1,6,1,38,7,2979,1,3,9,1,9
2018051840604,2,9,0,17,0,0,0,0,0,0,1,1,6,1,20,4,1596,1,12,4,1,4
2018051840605,1,21,4,9,0,8,0,0,0,0,1,1,1,1,42,7,12740,2,5,9,1,9
2018051840605,2,9,0,18,0,8,1,0,4,7,4,1,6,1,23,5,1598,2,2,2,1,2
2018051840606,1,19,0,-1,0,6,-1,0,-1,-1,-1,-1,6,3,-1,-1,-1,-1,-1,-1,-1,-1
2018051840606,2,3,0,18,0,1,1,0,0,0,0,1,6,1,71,10,125,1,14,8,1,8
2018051840608,1,9,0,18,0,0,0,0,0,0,1,1,6,3,-1,-1,-1,-1,-1,-1,-1,-1
2018051840608,2,1,0,18,0,0,0,0,0,0,-1,1,2,1,49,8,-1,-1,-1,1,1,1
2018051840613,1,3,0,17,0,0,1,0,1,9,1,1,6,1,25,5,125,1,1,4,1,4
2018051840614,1,9,0,18,0,8,0,0,0,0,1,1,6,1,72,10,1596,1,5,9,1,9
2018051840614,2,9,0,5,0,8,0,0,0,0,3,1,6,1,86,11,1229,1,6,9,1,9
2018051840615,1,9,0,9,0,1,0,0,0,0,1,1,6,1,23,5,1584,1,10,1,1,1
2018051840615,2,8,0,18,0,1,0,0,0,0,1,1,1,1,45,7,1997,2,8,6,1,6
2018051840616,1,8,0,9,0,6,0,0,0,0,1,1,1,1,41,7,1753,2,9,9,1,9
2018051840616,2,9,0,3,0,8,0,0,0,0,1,1,2,2,55,8,1397,1,10,7,1,7
2018051840617,1,9,0,18,0,0,0,0,0,0,1,1,6,2,70,10,-1,-1,-1,1,1,1
2018051840617,2,9,0,2,0,0,0,0,0,0,3,1,6,1,24,5,2720,2,13,5,1,5
2018051840620,1,9,0,18,0,8,0,0,0,0,4,1,6,3,-1,-1,-1,-1,-1,-1,-1,-1
2018051840620,2,98,0,18,0,8,0,0,0,0,0,1,6,3,-1,-1,-1,-1,-1,-1,-1,-1
2018051840620,3,1,0,18,0,8,0,0,0,0,3,1,6,1,38,7,-1,-1,-1,1,1,1
2018051840621,1,5,0,18,0,0,1,0,0,0,1,1,2,1,27,6,598,1,19,3,1,3
2018051840622,1,9,0,18,0,0,0,0,0,0,1,1,6,2,51,8,1598,1,6,9,1,9
2018051840623,1,9,0,18,0,0,0,0,0,0,1,1,6,2,62,9,1149,1,11,8,1,8
2018051840623,2,9,0,4,0,0,0,0,0,0,2,1,2,2,35,6,1560,2,11,1,1,1
2018051840623,3,9,0,4,0,0,0,0,0,0,2,1,6,1,76,11,1124,1,13,4,1,4
2018051840624,1,11,0,18,0,0,0,0,0,0,0,1,1,1,23,5,4250,2,6,1,1,1
2018051840627,1,9,0,9,0,8,0,0,0,0,1,1,1,2,55,8,1596,1,10,1,1,1
2018051840628,1,9,0,18,0,1,0,0,0,0,-1,1,6,3,-1,-1,-1,-1,-1,-1,-1,-1
2018051840629,1,9,0,18,0,0,0,0,0,0,1,1,6,1,48,8,1560,2,9,2,1,2
2018051840630,1,9,0,18,0,8,1,0,0,0,3,1,2,1,35,6,1560,2,4,1,1,1
2018051840630,2,8,0,18,0,8,1,0,0,0,1,1,1,1,50,8,1461,2,6,3,1,3
2018051840631,1,5,0,4,0,4,1,0,0,0,0,1,2,1,34,6,598,1,21,7,1,7
2018051840632,1,9,0,9,0,1,0,0,0,0,3,1,2,2,25,5,1242,1,6,1,1,1
2018051840633,1,19,0,18,0,8,0,0,0,0,4,1,6,1,64,9,2298,2,1,4,1,4
2018051840634,1,1,0,18,0,0,0,0,0,0,1,1,6,2,46,8,-1,-1,-1,2,1,2
2018051840634,2,9,0,18,0,0,0,0,0,0,3,1,6,1,45,7,1968,2,10,1,1,1
2018051840635,1,9,0,7,0,6,0,0,0,0,1,1,6,3,-1,-1,-1,-1,-1,-1,-1,-1
2018051840637,1,9,0,9,0,0,0,0,0,0,1,1,1,2,48,8,1598,1,12,1,1,1
2018051840638,1,9,0,18,0,8,0,0,0,0,1,1,6,2,23,5,1248,2,5,1,1,1
2018051840638,2,1,0,18,0,8,0,0,0,0,3,1,6,1,18,4,-1,-1,-1,5,1,5
2018051840640,1,9,0,18,0,1,0,0,0,0,1,1,6,3,-1,-1,1461,2,9,-1,-1,-1
2018051840640,2,9,0,18,0,1,0,0,0,0,1,1,6,2,53,8,1461,2,4,2,1,2
2018051840640,3,9,0,3,0,1,0,0,0,0,1,1,6,2,54,8,2967,2,3,9,1,9
2018051840643,1,9,0,18,0,0,1,0,0,0,1,1,2,2,42,7,2143,2,3,8,3,8
2018051840643,2,19,0,4,0,0,0,0,0,0,2,1,2,1,30,6,2287,2,6,2,1,2
2018051840643,3,19,0,4,0,0,0,0,0,0,2,1,2,1,26,6,1560,2,7,8,1,8
2018051840643,4,19,0,4,0,0,0,0,0,0,2,1,2,1,46,8,1248,2,4,3,1,3
2018051840644,1,9,0,18,0,1,0,0,0,0,1,1,6,2,72,10,1198,1,7,6,1,6
2018051840645,1,9,0,9,0,1,0,0,0,0,4,1,6,1,71,10,998,1,12,1,1,1
2018051840645,2,9,0,18,0,1,0,0,0,0,1,1,6,2,36,7,1968,2,1,3,-1,3
2018051840646,1,8,0,18,0,8,0,0,0,0,-1,1,1,1,21,5,1997,2,7,-1,-1,-1
2018051840646,2,9,0,-1,0,8,-1,0,0,0,-1,1,6,3,-1,-1,-1,-1,-1,-1,-1,-1
2018051840648,1,9,0,18,0,0,0,0,7,11,1,1,6,2,54,8,1598,1,11,8,1,8
2018051840650,1,9,0,4,0,1,1,0,0,0,1,1,6,2,39,7,1124,1,14,2,1,2
2018051840653,1,9,0,18,0,0,1,0,0,0,3,1,6,3,-1,-1,-1,-1,-1,-1,-1,-1
2018051840653,2,9,0,2,0,0,1,10,1,11,3,1,6,3,-1,-1,1587,1,14,-1,-1,-1
2018051840654,1,9,0,18,0,1,0,0,0,0,1,1,6,1,50,8,1499,2,1,6,1,6
2018051840654,2,9,0,3,0,1,0,0,0,0,2,1,6,2,30,6,2143,2,1,5,1,5
2018051840654,3,9,0,3,0,1,0,0,0,0,2,1,6,2,31,6,1388,1,9,8,1,8
2018051840654,4,19,0,3,0,1,0,0,0,0,2,1,6,1,37,7,2198,2,2,2,1,2
2018051840655,1,9,0,18,0,0,0,0,0,0,1,1,6,3,-1,-1,-1,-1,-1,-1,-1,-1
2018051840656,1,9,0,9,0,8,0,0,0,0,1,1,6,3,-1,-1,-1,-1,-1,-1,-1,-1
2018051840656,2,9,0,18,0,8,2,4,0,0,3,1,6,2,74,10,1496,1,1,7,2,7
2018051840656,3,9,0,2,0,1,0,0,0,0,3,1,6,3,-1,-1,1598,1,11,-1,-1,-1
2018051840659,1,-1,-1,-1,0,-1,-1,-1,-1,-1,-1,-1,6,3,-1,-1,-1,-1,-1,-1,-1,-1
2018051840660,1,9,0,18,0,1,0,0,0,0,1,1,6,1,32,6,1368,1,12,4,1,4
2018051840660,2,9,0,18,0,1,0,0,0,0,1,1,6,1,23,5,1600,2,8,1,1,1
2018051840661,1,9,0,18,0,0,0,0,0,0,1,1,6,1,82,11,995,1,15,6,1,6
2018051840662,1,19,0,18,0,0,0,0,0,0,1,1,6,1,66,10,1968,2,5,8,1,8
2018051840664,1,9,0,9,0,5,0,0,0,0,4,1,6,2,27,6,1242,1,8,1,1,1
2018051840665,1,9,0,9,0,5,0,0,0,0,1,1,6,3,-1,-1,1596,1,14,-1,-1,-1
2018051840666,1,9,0,18,0,8,1,0,0,0,1,1,1,1,-1,-1,1560,2,2,-1,-1,-1
2018051840666,2,9,0,18,0,8,1,0,0,0,1,1,6,1,30,6,2143,2,2,1,1,1
2018051840667,1,8,0,18,0,8,0,0,0,0,1,1,1,1,46,8,2402,2,15,2,1,2
2018051840668,1,9,0,18,0,8,0,0,0,0,1,1,1,1,51,8,4999,1,1,10,1,10
2018051840668,2,3,0,18,0,1,0,0,0,0,1,1,2,1,33,6,125,1,2,5,1,5
2018051840670,1,9,0,7,0,6,0,0,1,1,4,1,6,2,81,11,998,1,9,6,1,6
2018051840670,2,9,0,18,0,8,0,0,0,0,1,1,6,2,26,6,1198,1,4,5,1,5
2018051840671,1,11,0,5,0,0,0,-1,0,0,0,1,1,1,62,9,4760,2,5,1,1,1
2018051840672,1,9,0,9,0,8,0,0,0,0,4,1,6,1,74,10,1598,2,1,3,1,3
2018051840672,2,9,0,18,0,8,0,0,0,0,1,1,6,2,28,6,1596,1,10,1,1,1
2018051840673,1,9,0,15,0,0,0,0,0,0,3,1,2,2,18,4,1149,1,13,1,1,1
2018051840673,2,3,0,18,0,0,0,0,0,0,4,1,1,1,52,8,125,1,2,3,1,3
2018051840674,1,8,0,18,0,0,0,0,0,0,1,1,1,1,40,7,1797,8,7,1,1,1
2018051840675,1,8,0,18,0,0,0,0,0,0,1,2,1,1,53,8,2143,2,4,10,1,10
2018051840676,1,9,0,18,0,2,0,0,0,0,1,1,6,3,-1,-1,-1,-1,-1,-1,-1,-1
2018051840676,2,9,0,18,0,2,0,0,0,0,2,1,6,2,71,10,1086,1,11,8,1,8
2018051840677,1,9,0,2,0,0,0,0,0,0,3,1,1,2,27,6,-1,-1,-1,5,1,5
2018051840677,2,1,0,18,0,0,0,0,0,0,0,1,6,1,59,9,-1,-1,-1,3,1,3
2018051840678,1,8,0,5,0,0,0,0,0,0,4,1,1,3,-1,-1,-1,-1,-1,-1,-1,-1
2018051840679,1,9,0,18,0,0,0,0,0,0,1,1,6,2,72,10,1998,1,-1,6,1,6
2018051840680,1,9,0,18,0,0,1,0,0,0,1,1,6,1,20,4,1242,1,2,5,1,5
2018051840680,2,9,0,4,0,0,0,0,0,0,2,1,6,2,23,5,1242,1,10,5,1,5
2018051840682,1,9,0,2,0,0,0,0,1,4,2,1,6,2,77,11,1240,1,15,1,1,1
2018051840682,2,9,0,18,0,0,0,4,1,0,1,1,6,1,32,6,1598,1,4,8,1,8
2018051840682,3,9,0,18,0,0,0,1,0,0,1,1,6,1,72,10,-1,-1,-1,8,1,8
2018051840683,1,9,0,18,0,1,0,0,0,0,1,1,6,2,46,8,-1,-1,-1,7,1,7
2018051840683,2,9,0,18,0,1,0,0,0,0,2,1,6,1,34,6,1997,2,1,6,1,6
2018051840683,3,8,0,8,0,1,0,0,0,0,2,1,6,1,52,8,1753,2,9,9,1,9
2018051840684,1,9,0,9,0,1,0,0,0,0,1,1,6,2,61,9,1596,1,11,1,1,1
2018051840684,2,1,0,18,0,1,0,0,0,0,1,1,1,2,38,7,-1,-1,-1,1,-1,1
2018051840686,1,9,0,18,0,0,0,0,0,0,1,1,1,1,67,10,1596,1,6,3,1,3
2018051840690,1,9,0,7,0,3,0,0,0,0,4,1,1,1,31,6,-1,-1,-1,6,1,6
2018051840692,1,8,0,7,0,2,0,0,0,0,1,1,1,1,54,8,2499,2,9,1,1,1
2018051840693,1,9,0,18,0,0,0,0,0,0,1,1,2,1,28,6,1997,2,3,8,1,8
2018051840693,2,9,0,3,0,0,0,0,0,0,2,1,6,1,22,5,1299,1,21,7,1,7
2018051840693,3,8,0,3,0,0,0,0,0,0,2,1,1,1,56,9,1997,2,8,1,1,1
2018051840693,4,9,0,3,0,0,0,0,0,0,2,1,1,2,55,8,1999,2,2,3,1,3
2018051840694,1,9,0,18,0,0,0,0,0,0,3,1,6,1,77,11,1242,1,5,1,1,1
2018051840695,1,8,0,18,0,8,0,0,0,0,1,1,1,1,54,8,1560,2,7,7,1,7
2018051840695,2,1,0,18,0,8,0,0,0,0,1,1,1,1,18,4,-1,-1,-1,4,1,4
2018051840696,1,19,0,18,0,8,0,0,0,0,1,1,6,3,-1,-1,-1,-1,-1,-1,-1,-1
2018051840696,2,9,0,18,0,1,0,0,0,0,2,1,6,1,63,9,1364,1,1,1,1,1
2018051840697,1,9,0,17,0,0,1,0,2,11,4,1,6,1,26,6,1149,1,14,8,1,8
2018051840698,1,9,0,18,0,0,0,0,0,0,1,1,6,1,49,8,1968,2,-1,5,1,5
2018051840698,2,9,0,18,0,0,0,0,0,0,2,1,6,2,36,7,998,1,-1,3,1,3
2018051840699,1,9,0,5,0,0,0,10,1,2,1,1,6,1,75,10,1560,2,1,2,1,2
2018051840699,2,9,0,2,0,0,0,0,0,0,2,1,6,3,-1,-1,1598,1,10,-1,-1,-1
2018051840700,1,9,0,18,0,0,0,0,0,0,1,1,6,1,53,8,1995,2,4,5,1,5
2018051840702,1,9,0,18,0,8,0,0,3,0,1,1,6,2,24,5,1560,2,6,7,1,7
2018051840702,2,9,0,18,0,8,0,0,2,10,1,1,6,1,26,6,1988,2,14,1,1,1
2018051840703,1,9,0,-1,0,1,-1,0,0,0,1,1,6,3,-1,-1,1242,1,8,-1,-1,-1
2018051840704,1,9,0,1,0,0,0,0,0,0,-1,1,6,2,30,6,1398,1,4,10,1,10
2018051840704,2,9,0,1,0,0,0,0,0,0,4,1,6,2,57,9,1461,2,3,-1,3,-1
2018051840705,1,9,0,18,0,1,0,0,0,0,1,1,2,1,47,8,1000,1,5,5,1,5
2018051840705,2,1,0,4,0,1,0,0,0,0,2,1,2,1,25,5,-1,-1,-1,4,1,4
2018051840706,1,9,0,18,0,0,0,0,0,0,3,1,6,1,32,6,1951,2,17,3,1,3
2018051840707,1,9,0,7,0,6,0,0,0,0,3,1,1,1,45,7,1560,2,4,7,1,7
2018051840707,2,1,0,18,0,8,0,0,0,0,1,1,2,2,54,8,-1,-1,-1,7,1,7
2018051840708,1,-1,-1,-1,0,-1,-1,0,-1,-1,-1,-1,6,3,-1,-1,-1,-1,-1,-1,-1,-1
2018051840708,2,90,0,18,0,1,0,0,0,0,1,1,6,1,4,1,-1,-1,-1,-1,-1,-1
2018051840709,1,9,0,18,0,0,0,0,0,0,1,1,6,3,-1,-1,-1,-1,-1,-1,-1,-1
2018051840709,2,8,0,18,0,0,1,0,0,0,4,1,1,1,47,8,1598,2,4,3,1,3
2018051840710,1,9,0,4,0,0,0,0,0,0,1,1,6,1,38,7,1591,1,1,8,1,8
2018051840711,1,9,0,8,0,1,0,0,0,0,1,1,6,2,75,10,996,1,8,10,1,10
2018051840712,1,2,0,18,0,8,0,0,1,0,4,1,6,3,-1,-1,-1,-1,-1,-1,-1,-1
2018051840712,2,9,0,5,0,8,0,0,0,0,0,1,1,2,59,9,1149,1,13,1,1,1
2018051840713,1,9,0,18,0,0,5,0,0,0,1,1,1,1,32,6,1560,2,2,-1,-1,-1
2018051840714,1,9,0,1,0,2,0,0,0,0,2,1,6,3,-1,-1,-1,-1,-1,-1,-1,-1
2018051840714,2,1,0,18,0,1,0,0,0,0,4,1,6,1,73,10,-1,-1,-1,9,1,9
2018051840714,3,1,0,18,0,1,0,0,0,0,4,1,6,1,77,11,-1,-1,-1,7,1,7
2018051840716,1,3,0,18,0,1,0,0,0,0,1,1,6,1,20,4,125,1,3,8,1,8
2018051840716,2,9,0,18,0,1,0,0,0,0,3,1,6,2,66,10,1995,2,-1,1,1,1
2018051840717,1,9,0,18,0,0,0,0,0,0,1,1,6,3,-1,-1,-1,-1,-1,-1,-1,-1
2018051840717,2,1,0,18,0,0,0,0,0,0,1,1,4,1,15,3,-1,-1,-1,5,1,5
2018051840718,1,9,0,9,0,1,0,0,0,0,1,1,6,3,-1,-1,-1,-1,-1,-1,-1,-1
2018051840718,2,1,0,18,0,1,0,0,0,0,3,1,6,1,26,6,-1,-1,-1,3,1,3
2018051840719,1,9,0,18,0,0,0,0,0,0,4,1,6,3,-1,-1,-1,-1,-1,-1,-1,-1
2018051840720,1,9,0,18,0,1,0,0,0,0,1,1,6,1,35,6,1560,2,3,1,1,1
2018051840721,1,9,0,18,0,0,0,0,0,0,1,1,6,3,-1,-1,-1,-1,-1,-1,-1,-1
2018051840721,2,9,0,2,0,0,0,0,0,0,2,1,6,3,-1,-1,1896,2,19,-1,-1,-1
2018051840722,1,9,0,9,0,5,0,0,0,0,1,1,6,1,71,10,1461,2,1,6,1,6
2018051840724,1,9,0,7,0,0,0,0,1,0,4,1,6,1,50,8,1753,2,12,5,1,5
2018051840727,1,9,0,18,0,0,0,0,0,0,1,1,6,2,22,5,999,1,-1,3,1,3
2018051840727,2,9,0,5,0,0,0,0,0,0,2,1,1,1,35,6,1580,8,-1,6,1,6
2018051840728,1,9,0,18,0,0,0,0,0,0,1,1,6,1,37,7,1984,1,8,5,1,5
2018051840729,1,9,0,18,0,8,0,0,0,0,3,1,2,2,19,4,1360,1,12,1,1,1
2018051840730,1,9,0,18,0,1,0,0,0,0,1,1,6,2,28,6,1199,1,14,4,1,4
2018051840732,1,9,0,9,0,1,0,0,0,0,4,1,2,1,34,6,1598,1,5,5,1,5
2018051840733,1,8,0,18,0,0,0,0,0,0,1,1,1,1,51,8,1997,2,14,2,1,2
2018051840734,1,20,-1,1,0,0,0,0,0,0,4,-1,6,3,-1,-1,-1,-1,-1,-1,-1,-1
2018051840737,1,9,0,18,0,1,0,0,0,0,1,1,2,2,30,6,998,1,17,3,1,3
2018051840737,2,9,0,10,0,1,0,0,0,0,2,1,6,2,35,6,1560,2,2,7,1,7
2018051840738,1,9,0,18,0,1,1,0,0,0,1,1,6,1,19,4,1389,1,13,6,1,6
2018051840738,2,9,0,3,0,1,1,0,0,0,3,1,6,1,47,8,1868,2,17,2,1,2
2018051840738,3,9,0,9,0,8,0,0,0,0,3,1,6,2,27,6,1968,2,7,-1,-1,-1
2018051840739,1,8,0,6,0,0,0,0,0,0,3,1,1,1,49,8,1997,2,4,2,1,2
2018051840739,2,9,0,18,0,0,0,0,0,0,3,1,6,1,51,8,1396,2,5,4,1,4
2018051840741,1,9,0,5,0,0,0,0,1,11,1,1,6,1,82,11,1598,2,3,8,3,8
2018051840741,2,11,0,18,0,0,0,0,0,0,4,1,1,1,69,10,4500,2,9,4,1,4
2018051840743,1,9,0,18,0,1,0,0,0,0,1,1,6,2,54,8,998,1,5,1,1,1
2018051840743,2,9,0,18,0,1,0,0,0,0,1,1,6,1,72,10,998,1,-1,2,1,2
2018051840744,1,9,0,9,0,8,0,0,0,0,4,1,6,1,51,8,2967,2,5,10,1,10
2018051840744,2,9,0,18,0,8,0,0,0,0,1,1,6,1,56,9,1360,1,17,1,1,1
2018051840745,1,9,0,18,0,0,0,0,0,0,1,1,6,2,85,11,1318,1,1,9,1,9
2018051840746,1,9,0,12,0,0,0,0,0,0,1,1,6,2,69,10,1797,8,3,3,1,3
2018051840747,1,9,0,18,0,4,0,0,0,0,1,1,6,1,56,9,1986,2,12,5,1,5
2018051840747,2,9,0,18,0,8,0,0,0,0,4,1,6,2,56,9,1248,1,4,1,1,1
2018051840749,1,9,0,18,0,6,-1,0,0,0,-1,1,6,2,25,5,1398,2,5,9,1,9
2018051840749,2,9,0,18,0,8,-1,10,1,-1,-1,1,6,1,25,5,1490,1,-1,1,1,1
2018051840755,1,9,0,5,0,0,0,0,0,0,4,1,1,1,36,7,-1,-1,-1,3,1,3
2018051840755,2,1,0,18,0,0,0,0,0,0,1,1,6,1,15,3,-1,-1,-1,1,1,1
2018051840756,1,9,0,18,0,3,0,0,1,0,1,1,6,2,19,4,1461,2,-1,1,1,1
2018051840758,1,8,0,18,0,0,0,0,0,0,1,1,6,3,-1,-1,1560,2,4,-1,-1,-1
2018051840758,2,9,0,4,0,0,0,0,0,0,-1,1,2,1,65,9,1598,1,10,8,1,8
2018051840759,1,9,0,18,0,0,0,0,0,0,1,1,6,1,30,6,1794,1,11,2,1,2
2018051840760,1,9,0,18,0,0,1,0,1,4,1,1,6,1,49,8,6498,1,4,6,3,6
2018051840761,1,9,0,18,0,0,0,0,0,0,1,1,6,2,18,4,996,1,4,4,1,4
2018051840762,1,9,0,5,0,6,0,0,0,0,1,1,6,3,-1,-1,-1,-1,-1,-1,-1,-1
2018051840762,2,1,0,18,0,4,0,0,0,0,4,1,2,1,29,6,-1,-1,-1,4,1,4
2018051840763,1,9,0,18,0,5,0,0,7,0,4,1,6,2,26,6,1086,1,10,4,1,4
2018051840763,2,22,0,18,0,8,0,0,0,0,4,1,6,1,72,10,-1,-1,-1,4,1,4
2018051840764,1,11,0,9,0,5,0,0,0,0,1,1,6,1,60,9,5900,2,12,2,1,2
2018051840764,2,1,0,18,0,1,0,0,0,0,1,1,6,2,59,9,-1,-1,-1,1,1,1
2018051840765,1,9,0,9,0,8,0,0,0,0,4,1,6,2,23,5,1587,1,16,9,1,9
2018051840767,1,9,0,4,0,1,0,0,0,0,1,1,6,2,49,8,1686,2,10,3,1,3
2018051840767,2,9,0,4,0,1,0,0,0,0,2,1,6,1,34,6,2993,2,1,2,1,2
2018051840768,1,22,0,18,0,0,5,0,0,0,4,1,6,1,84,11,-1,-1,-1,1,1,1
2018051840768,2,9,0,18,0,0,0,0,0,0,1,1,2,1,24,5,2261,1,12,10,1,10
2018051840769,1,9,0,9,0,0,0,0,0,0,3,1,6,2,49,8,1199,1,-1,6,2,6
2018051840771,1,9,0,5,0,0,0,0,0,0,1,1,6,2,80,11,1386,1,11,8,1,8
2018051840771,2,9,0,2,0,0,0,0,0,0,2,1,6,3,-1,-1,1984,1,2,-1,-1,-1
2018051840771,3,9,0,2,0,0,0,0,0,0,1,1,6,2,29,6,1399,2,6,8,1,8
2018051840772,1,1,0,18,0,0,0,0,0,0,4,1,6,2,50,8,-1,-1,-1,1,1,1
2018051840774,1,9,0,18,0,0,0,0,0,0,4,1,6,2,74,10,1396,1,15,4,3,4
2018051840775,1,9,0,7,0,5,0,0,0,0,1,1,6,3,-1,-1,-1,-1,-1,-1,-1,-1
2018051840777,1,9,0,18,0,0,0,0,0,0,1,1,1,1,-1,-1,1560,2,-1,1,1,1
2018051840778,1,8,0,18,0,8,0,0,0,0,1,1,2,1,40,7,-1,-1,-1,1,1,1
2018051840779,1,8,0,4,0,1,0,0,0,0,1,1,6,1,52,8,2664,2,18,2,1,2
2018051840779,2,11,0,2,0,1,0,0,0,0,2,1,1,1,56,9,6696,2,3,1,1,1
2018051840780,1,9,0,5,0,1,0,0,0,0,1,1,6,2,77,11,1242,1,14,3,1,3
2018051840781,1,9,0,18,0,0,0,0,0,0,1,1,6,2,63,9,1388,1,14,2,1,2
2018051840783,1,8,0,18,0,8,0,0,0,0,1,1,1,1,35,6,1997,2,9,5,2,5
2018051840783,2,8,0,18,0,8,0,0,0,0,4,1,2,1,46,8,1560,2,6,1,1,1
2018051840784,1,9,0,16,0,0,0,0,0,0,3,1,6,1,85,11,1240,1,12,8,1,8
2018051840785,1,9,0,18,0,0,0,0,0,0,1,1,6,1,58,9,996,1,6,1,1,1
2018051840786,1,1,0,18,0,8,0,0,0,0,4,1,6,1,20,4,-1,-1,-1,1,1,1
2018051840786,2,19,0,4,0,1,0,0,0,0,1,1,1,1,27,6,2143,2,3,1,1,1
2018051840787,1,9,0,1,0,0,0,0,0,0,2,1,6,3,-1,-1,-1,-1,-1,-1,-1,-1
2018051840787,2,1,0,18,0,0,0,0,0,0,-1,1,6,2,44,7,-1,-1,-1,3,1,3
2018051840788,1,1,0,9,0,8,0,0,0,0,4,1,6,2,52,8,-1,-1,-1,1,1,1
2018051840788,2,9,0,18,0,8,0,0,0,0,1,1,6,1,28,6,-1,-1,-1,1,1,1
2018051840789,1,9,0,18,0,0,0,0,0,0,1,1,6,3,-1,-1,-1,-1,-1,-1,-1,-1
2018051840789,2,1,0,18,0,0,0,0,0,0,3,1,6,1,25,5,-1,-1,-1,1,1,1
2018051840791,1,9,0,9,0,6,0,0,0,0,1,1,6,1,37,7,1560,2,3,1,1,1
2018051840791,2,8,0,18,0,8,0,0,0,0,3,1,1,1,44,7,1461,2,7,1,1,1
2018051840791,3,9,0,18,0,1,0,0,1,0,3,1,6,1,58,9,1388,1,12,1,1,1
2018051840792,1,9,0,18,0,1,2,0,1,2,1,1,6,1,75,10,-1,-1,-1,1,1,1
2018051840793,1,9,0,18,0,0,1,0,0,0,1,1,6,1,33,6,1598,2,3,4,1,4
2018051840793,2,9,0,10,0,0,0,0,0,0,2,1,6,1,45,7,2143,2,2,10,2,10
2018051840793,3,9,0,18,0,0,0,0,0,0,1,1,6,2,35,6,1685,2,1,4,1,4
2018051840794,1,9,0,7,0,1,0,0,0,0,1,1,6,1,31,6,1968,2,1,2,1,2
2018051840794,2,9,0,18,0,1,0,0,0,0,4,1,6,1,60,9,1242,1,14,1,1,1
2018051840796,1,9,0,-1,0,2,0,0,7,0,1,1,6,2,66,10,1198,1,7,7,1,7
2018051840796,2,9,0,-1,0,1,0,0,0,0,1,1,1,2,73,10,998,1,6,1,1,1