Accident_Index,Vehicle_Reference,Vehicle_Type,Towing_and_Articulation,Vehicle_Manoeuvre,Vehicle_Location-Restricted_Lane,Junction_Location,Skidding_and_Overturning,Hit_Object_in_Carriageway,Vehicle_Leaving_Carriageway,Hit_Object_off_Carriageway,1st_Point_of_Impact,Was_Vehicle_Left_Hand_Drive?,Journey_Purpose_of_Driver,Sex_of_Driver,Age_of_Driver,Age_Band_of_Driver,Engine_Capacity_(CC),Propulsion_Code,Age_of_Vehicle,Driver_IMD_Decile,Driver_Home_Area_Type,Vehicle_IMD_Decile
2018051840797,1,8,0,18,0,6,0,0,0,0,3,1,1,1,37,7,1598,1,5,6,1,6
2018051840797,2,9,0,18,0,8,0,0,0,0,1,1,6,2,37,7,999,1,1,8,1,8
2018051840799,1,9,0,5,0,0,0,0,0,0,1,1,6,1,47,8,1995,2,1,2,1,2
2018051840799,2,9,0,18,0,0,0,0,7,4,2,1,6,1,42,7,1984,1,12,3,1,3
2018051910001,1,1,0,18,0,5,0,0,0,0,1,1,1,3,-1,-1,-1,-1,-1,-1,-1,-1
2018051910002,1,8,0,-1,0,-1,0,0,0,0,-1,1,6,1,48,8,-1,-1,-1,1,1,1
2018051910002,2,1,0,-1,0,-1,0,0,0,0,-1,1,6,1,53,8,-1,-1,-1,2,1,2
2018051910003,1,19,0,5,0,0,0,0,0,0,4,1,6,3,-1,-1,-1,-1,-1,-1,-1,-1
2018051910003,2,1,0,18,0,0,0,0,0,0,3,1,6,1,59,9,-1,-1,-1,9,1,9
2018051910004,1,1,0,18,0,8,0,0,0,0,1,1,1,3,-1,-1,-1,-1,-1,-1,-1,-1
2018051910007,1,9,-1,-1,0,-1,-1,-1,-1,-1,1,-1,6,3,-1,-1,-1,-1,-1,-1,-1,-1
2018051910009,1,9,0,1,0,0,0,0,0,0,-1,1,6,1,32,6,1956,2,7,5,1,5
2018051910009,2,8,0,3,0,0,0,0,0,0,-1,1,1,1,44,7,1560,2,6,1,1,1
2018051910015,1,1,0,9,0,8,0,0,0,0,1,1,2,1,53,8,-1,-1,-1,3,1,3
2018051910015,2,9,0,17,0,8,0,0,0,0,3,1,1,1,47,8,998,1,-1,1,1,1
2018051910017,1,19,0,5,0,2,0,0,0,0,4,1,1,1,49,8,1995,2,9,4,1,4
2018051910025,1,9,0,18,0,0,0,0,0,0,1,1,6,2,28,6,998,1,15,4,1,4
2018051910025,2,9,0,2,0,0,0,0,0,0,4,1,1,1,69,10,1686,2,7,2,1,2
2018051910025,3,9,0,2,0,0,0,0,0,0,2,1,6,3,-1,-1,1598,1,10,-1,-1,-1
2018051910037,1,8,0,5,0,6,0,0,0,0,-1,1,1,3,-1,-1,1753,2,8,-1,-1,-1
2018051910037,2,9,0,18,0,1,0,0,0,0,-1,1,6,1,44,7,2171,1,15,3,1,3
2018051910044,1,9,0,9,0,1,0,0,0,0,3,1,6,2,70,10,1197,1,9,3,1,3
2018051910044,2,1,0,8,0,1,0,0,0,0,1,1,6,1,64,9,-1,-1,-1,10,1,10
2018051910051,1,9,0,18,0,0,0,0,5,6,1,1,6,1,44,7,1999,2,1,2,1,2
2018051910051,2,9,0,18,0,0,0,0,1,0,2,1,6,1,65,9,1395,1,1,7,3,7
2018051910081,1,9,0,2,0,0,0,0,0,0,2,1,6,1,36,7,2996,1,13,2,1,2
2018051910082,1,9,0,18,0,1,0,0,0,0,1,1,6,1,-1,-1,-1,-1,-1,-1,-1,-1
2018051910089,1,1,-1,-1,0,-1,0,-1,-1,-1,-1,1,6,1,16,4,-1,-1,-1,5,1,5
2018051910093,1,9,-1,-1,0,-1,0,0,-1,11,-1,1,6,1,52,8,1598,1,3,3,1,3
2018051910118,1,19,0,18,0,0,0,0,0,0,4,1,6,3,-1,-1,-1,-1,-1,-1,-1,-1
2018051910167,1,11,0,18,0,1,0,0,0,0,4,2,1,1,48,8,6696,2,3,1,1,1
2018051910167,2,1,0,12,0,1,0,0,0,0,1,1,6,1,21,5,-1,-1,-1,1,1,1
2018051910241,1,9,0,18,0,1,0,0,0,0,1,1,6,3,-1,-1,-1,-1,-1,-1,-1,-1
2018051910241,2,9,0,9,0,8,0,0,0,0,4,1,6,1,24,5,998,1,4,1,1,1
2018051910315,1,9,0,17,0,0,0,11,0,0,1,1,1,1,-1,-1,1560,2,1,1,1,1
2018051910324,1,9,0,9,0,6,0,0,0,0,1,1,6,2,31,6,2993,2,4,5,1,5
2018051910324,2,11,0,18,0,8,0,0,0,0,4,1,1,1,56,9,5900,2,11,1,1,1
2018051910328,1,9,0,16,0,0,0,0,0,0,4,1,6,1,69,10,1968,2,2,4,1,4
2018051910328,2,9,0,16,0,0,0,0,0,0,3,1,6,1,42,7,2902,2,14,-1,1,-1
2018051910329,1,5,0,18,0,0,0,0,0,0,1,1,6,1,25,5,660,1,5,1,1,1
2018051910329,2,9,0,18,0,0,0,0,0,0,3,1,6,2,61,9,1988,2,14,7,1,7
2018051910334,1,21,1,18,0,0,0,0,0,0,1,1,1,1,53,8,10677,2,4,1,1,1
2018051910334,2,9,0,18,0,0,0,0,0,0,0,1,6,2,60,9,1968,2,6,6,1,6
2018051910334,3,8,0,18,0,0,0,0,0,0,0,1,1,1,59,9,1598,2,2,2,1,2
2018051910400,1,9,0,18,0,1,1,0,1,1,1,1,1,1,46,8,2400,2,4,-1,-1,-1
2018051910400,2,8,0,5,0,1,0,0,0,0,4,1,1,1,24,5,1997,2,3,4,1,4
2018051910403,1,9,0,18,0,0,0,0,0,0,1,1,6,1,27,6,1499,2,3,3,1,3
2018051910403,2,9,0,18,0,0,0,0,0,0,1,1,6,2,56,9,1242,1,4,6,1,6
2018051910403,3,9,0,18,0,0,0,0,0,0,0,1,6,3,-1,-1,2993,2,1,-1,-1,-1
2018051910403,4,19,0,18,0,0,0,0,0,0,3,1,6,2,35,6,2198,2,2,-1,2,-1
2018051910403,5,9,0,18,0,0,0,0,0,0,3,1,6,1,32,6,1798,1,6,1,1,1
2018051910403,6,9,0,18,0,0,0,0,0,0,1,1,1,1,-1,-1,1560,2,1,-1,-1,-1
2018051910403,7,9,0,18,0,0,0,0,0,0,0,1,1,1,35,6,2993,2,6,2,1,2
2018051910415,1,19,0,18,0,0,1,0,0,0,1,1,6,3,-1,-1,-1,-1,-1,-1,-1,-1
2018051910415,2,2,0,18,0,0,0,0,0,0,1,1,2,2,16,4,49,1,5,4,3,4
2018051910437,1,3,0,13,0,1,0,0,0,0,4,1,6,1,52,8,942,1,13,9,1,9
2018051910437,2,9,0,9,0,1,0,0,0,0,3,1,6,1,37,7,2993,2,14,1,1,1
2018051910447,1,3,0,18,0,0,0,0,5,6,3,1,6,1,18,4,125,1,7,1,1,1
2018051910447,2,9,0,18,0,0,0,0,0,0,3,1,6,2,48,8,1197,1,-1,1,1,1
2018051910448,1,9,0,18,0,0,0,0,0,0,1,1,2,2,19,4,1242,1,1,9,1,9
2018051910449,1,9,0,18,0,8,0,0,0,0,1,1,6,2,34,6,1364,2,10,2,1,2
2018051910449,2,19,0,18,0,8,0,0,0,0,1,1,1,1,42,7,2198,2,6,1,1,1
2018051910488,1,8,0,5,0,0,0,0,0,0,4,1,1,1,36,7,-1,-1,-1,1,1,1
2018051910549,1,9,0,9,0,6,0,0,0,0,3,1,2,1,47,8,1598,1,6,9,1,9
2018051910549,2,9,0,18,0,1,0,0,0,0,1,1,6,1,30,6,1997,2,4,1,1,1
2018051910585,1,9,0,9,0,6,0,0,0,0,3,1,2,1,58,9,1997,2,1,1,1,1
2018051910585,2,3,0,18,0,1,0,0,0,0,1,1,2,1,18,4,125,1,3,3,1,3
2018051910609,1,9,0,18,0,8,0,0,0,0,4,1,6,2,45,7,998,1,2,2,1,2
2018051910609,2,3,0,18,0,8,0,0,0,0,1,1,6,1,33,6,124,1,-1,1,1,1
2018051910760,1,9,0,18,0,0,0,0,0,0,1,1,6,2,54,8,1598,1,12,8,1,8
2018051910767,1,9,0,18,0,8,0,0,0,0,1,1,6,1,-1,-1,1968,2,10,1,1,1
2018051910767,2,1,0,18,0,8,0,0,0,0,4,1,2,1,33,6,-1,-1,-1,1,1,1
2018051910768,1,9,0,18,0,8,0,0,0,0,1,1,1,1,35,6,1598,2,3,1,1,1
2018051910771,1,9,0,18,0,3,1,0,1,2,1,1,6,1,35,6,-1,-1,-1,3,1,3
2018051910772,1,9,0,18,0,0,0,0,0,0,1,1,6,3,-1,-1,-1,-1,-1,-1,-1,-1
2018051910908,1,9,0,18,0,0,0,0,0,0,1,1,6,2,38,7,1995,2,7,5,1,5
2018051910908,2,9,0,12,0,0,0,0,0,0,2,1,6,2,33,6,1591,1,3,1,1,1
2018051911089,1,9,0,18,0,8,0,0,0,0,1,1,6,2,45,7,1595,1,5,7,1,7
2018051911089,2,9,0,18,0,8,0,0,0,0,4,1,6,1,73,10,1197,1,4,3,1,3
2018051911107,1,19,0,-1,0,0,-1,0,0,0,-1,1,6,1,56,9,2143,2,4,1,1,1
2018051911108,1,9,0,5,0,1,0,0,0,0,3,1,6,1,56,9,1560,2,4,5,1,5
2018051911108,2,1,0,17,0,1,0,0,0,0,1,1,6,2,30,6,-1,-1,-1,7,1,7
2018051911538,1,9,0,9,0,8,0,0,0,0,1,1,6,1,26,6,2996,1,12,3,1,3
2018051911538,2,9,0,18,0,8,0,0,0,0,3,1,6,2,36,7,1390,1,13,9,1,9
201805T023456,1,9,0,18,0,0,1,0,0,0,1,1,1,2,20,4,2143,2,4,-1,1,-1
201805T023456,2,9,0,18,0,0,0,0,7,0,2,1,1,1,47,8,1560,2,9,2,1,2
201805T023456,3,9,0,18,0,0,0,0,0,0,2,1,1,1,69,10,1796,1,10,-1,3,-1
201805T041001,1,9,0,16,0,7,0,0,1,0,3,1,2,1,27,6,2998,1,1,9,1,9
201805T041001,2,9,0,16,0,7,0,0,7,0,4,1,1,1,37,7,1998,1,6,9,1,9
201805T055379,1,9,0,4,0,1,0,0,0,0,0,1,6,1,37,7,1997,2,1,2,1,2
201805T105807,1,9,0,18,0,0,0,0,0,0,1,1,6,2,50,8,2231,2,6,9,1,9
201805T105807,2,9,0,18,0,0,0,0,0,0,2,1,6,2,-1,-1,1498,1,2,-1,-1,-1
201805T125752,1,9,0,18,0,8,0,0,0,0,1,2,6,1,52,8,1991,8,2,5,1,5
201805T125752,2,9,0,9,0,8,0,0,0,0,1,2,6,1,39,7,1995,2,1,9,1,9
201805T212344,1,9,0,6,0,0,0,0,0,0,2,1,2,1,26,6,998,1,10,6,1,6
201805T212344,2,3,0,14,0,0,0,0,0,0,1,1,2,1,22,5,125,1,1,9,1,9
201805T340520,1,9,0,18,0,0,0,0,1,7,1,1,6,2,25,5,1587,1,14,10,1,10
201805T340520,2,9,0,3,0,0,0,0,0,0,2,1,2,1,22,5,1248,2,8,2,1,2
201805T340520,3,19,0,3,0,0,0,0,0,0,3,1,1,1,33,6,1995,2,1,1,1,1
201805T358357,1,9,0,17,0,8,2,0,1,2,1,1,6,2,21,5,1598,1,14,4,1,4
201805T392031,1,9,0,4,0,0,0,11,0,0,2,1,1,1,20,4,999,1,2,6,1,6
201805T392031,2,9,0,4,0,0,0,0,0,0,1,1,1,1,27,6,1560,2,10,5,1,5
201805T392031,3,9,0,4,0,0,1,0,0,0,1,1,3,2,37,7,1000,1,6,2,1,2
201806A139248,1,9,0,18,0,8,0,0,0,0,1,1,6,1,30,6,1390,1,12,-1,-1,-1
201806A139248,2,3,0,18,0,8,0,0,0,0,1,1,1,1,36,7,125,1,3,1,1,1
201806A139529,1,90,0,7,0,8,0,0,0,0,1,1,6,1,30,6,-1,-1,-1,-1,-1,-1
201806A139664,1,9,0,18,0,1,0,0,0,0,1,1,6,1,30,6,-1,-1,-1,-1,-1,-1
201806A139686,1,9,0,18,0,8,0,0,0,0,1,1,6,1,24,5,1397,1,10,-1,1,-1
201806A139686,2,9,0,18,0,8,0,0,0,0,3,1,6,1,46,8,1896,2,16,4,1,4
201806A139891,1,9,0,18,0,1,0,0,0,0,3,1,6,3,-1,-1,-1,-1,-1,-1,-1,-1
201806A139984,1,21,0,9,0,5,0,0,0,0,1,1,1,1,40,7,4764,2,10,2,1,2
201806A140021,1,9,0,16,0,0,0,0,0,0,0,1,6,3,-1,-1,-1,-1,-1,-1,-1,-1
201806A140021,2,9,0,17,0,0,1,10,2,2,4,1,6,1,21,5,1496,2,2,9,2,9
201806A140139,1,19,0,5,0,2,0,0,7,10,3,1,1,1,20,4,2461,2,10,1,1,1
201806A140146,1,8,0,7,0,6,0,0,0,0,4,1,1,1,30,6,1598,2,6,-1,-1,-1
201806A140191,1,90,0,16,0,0,1,0,0,0,4,1,1,1,59,9,-1,-1,-1,1,1,1
201806A140219,1,9,0,6,0,2,0,0,0,0,4,1,6,1,30,6,-1,-1,-1,-1,-1,-1
201806A140219,2,1,0,18,4,1,0,0,0,0,1,1,6,1,43,7,-1,-1,-1,4,1,4
201806A140267,1,9,0,1,6,2,0,0,0,0,2,1,6,1,17,4,1390,1,9,-1,1,-1
201806A140282,1,9,0,18,0,1,0,0,0,0,1,2,6,1,30,6,-1,-1,-1,-1,-1,-1
201806A140282,2,8,0,3,0,1,0,0,0,0,2,1,1,1,45,7,1598,2,6,2,1,2
201806A140282,3,9,0,3,0,1,0,0,0,0,2,1,6,1,48,8,1229,1,4,1,1,1
201806A140282,4,8,0,3,0,1,0,0,0,0,2,1,1,1,46,8,1968,2,4,1,1,1
201806A140370,1,9,0,18,0,0,0,0,0,0,3,1,6,3,-1,-1,-1,-1,-1,-1,-1,-1
201806A140427,1,8,0,18,0,2,0,0,0,0,1,1,1,3,-1,-1,1956,2,4,-1,-1,-1
201806A140473,1,9,0,18,0,2,0,0,0,0,4,1,6,3,-1,-1,-1,-1,-1,-1,-1,-1
201806A140532,1,8,0,18,0,0,0,0,0,0,1,1,1,1,44,7,2499,2,5,4,1,4
201806A140536,1,8,0,7,0,5,0,0,0,0,4,1,1,1,41,7,2143,2,3,3,1,3
201806A140536,2,1,0,18,4,1,0,0,0,0,1,1,6,1,46,8,-1,-1,-1,3,1,3
201806A140540,1,9,0,5,0,1,0,0,0,0,3,1,6,3,-1,-1,-1,-1,-1,-1,-1,-1
201806A140635,1,8,0,18,0,2,0,0,0,0,3,1,1,1,31,6,2499,2,4,3,1,3
201806A140850,1,9,0,18,0,8,0,0,0,0,1,1,6,1,51,8,-1,-1,-1,5,1,5
201806A141069,1,9,0,18,0,8,0,0,0,0,1,1,6,3,-1,-1,1461,2,4,-1,-1,-1
201806A141069,2,9,0,18,0,8,0,0,0,0,4,1,6,2,27,6,1364,1,11,5,1,5
201806A141093,1,9,0,18,0,2,0,0,0,0,4,1,6,1,67,10,1587,1,10,3,1,3
201806A141120,1,9,0,9,0,5,0,0,0,0,0,1,6,1,30,6,2148,2,15,-1,-1,-1
201806A141120,2,1,0,18,0,8,0,10,0,0,1,1,6,1,30,6,-1,-1,-1,-1,-1,-1
201806A141328,1,9,0,4,0,0,0,0,0,0,1,1,6,1,20,4,-1,-1,-1,4,1,4
201806A141328,2,9,0,4,0,0,0,0,0,0,2,1,6,2,36,7,1991,2,10,1,1,1
201806A141382,1,19,0,18,0,1,0,0,0,0,4,1,1,1,30,6,2143,2,5,1,1,1
201806A141415,1,11,0,18,2,1,0,0,0,0,2,1,1,1,60,9,6700,2,2,4,1,4
201806A141415,2,11,0,3,2,1,0,0,0,0,1,1,1,1,50,8,4461,2,5,3,1,3
201806A141503,1,4,0,18,9,8,0,0,0,0,1,1,6,3,-1,-1,-1,-1,-1,-1,-1,-1
201806A141503,2,9,0,18,0,8,0,0,0,0,0,1,1,1,30,6,-1,-1,-1,-1,-1,-1
201806A141766,1,9,0,2,0,0,0,0,0,0,3,1,6,3,-1,-1,-1,-1,-1,-1,-1,-1
201806A141766,2,1,0,18,0,0,0,0,0,0,1,1,6,1,40,7,-1,-1,-1,9,1,9
201806A141828,1,8,0,18,0,8,1,0,3,0,1,1,1,1,42,7,1686,2,7,1,1,1
201806A142025,1,9,0,12,0,7,0,0,0,0,1,1,6,1,35,6,1995,2,6,8,1,8
201806A142025,2,19,0,12,0,7,0,0,0,0,2,1,6,2,30,6,-1,-1,-1,5,1,5
201806A142158,1,11,0,18,0,0,0,0,0,0,1,1,1,1,25,5,4461,2,5,4,1,4
201806A142275,1,9,0,18,0,2,0,0,0,0,4,1,6,2,29,6,1368,1,10,1,1,1
201806A142403,1,9,0,18,0,2,0,0,0,0,1,1,6,1,30,6,1796,1,12,-1,-1,-1
201806A142451,1,9,0,7,0,8,0,0,0,0,4,1,6,2,39,7,1560,2,11,7,2,7
201806A142451,2,11,0,18,2,8,0,0,0,0,1,1,1,1,21,5,4461,2,5,2,1,2
201806A142647,1,9,0,1,0,2,0,0,0,0,2,1,6,1,30,6,-1,-1,-1,7,1,7
201806A142647,2,20,0,7,0,2,0,0,0,0,1,1,6,1,53,8,-1,-1,-1,4,1,4
201806A142701,1,9,0,18,0,0,0,0,0,0,1,1,6,1,27,6,-1,-1,-1,10,1,10
201806A142701,2,1,0,18,4,0,0,0,0,0,1,1,6,1,36,7,-1,-1,-1,-1,-1,-1
201806A142730,1,1,0,18,0,8,5,0,1,0,0,1,6,1,34,6,-1,-1,-1,2,1,2
201806A142730,2,9,0,15,0,8,0,0,0,0,0,1,6,3,-1,-1,1995,2,8,-1,-1,-1
201806A142798,1,1,0,15,0,0,0,0,0,0,4,1,1,1,23,5,-1,-1,-1,1,1,1
201806A142798,2,8,0,4,0,0,0,0,0,0,4,1,1,1,33,6,1598,2,7,2,1,2
201806A142806,1,9,0,3,0,8,1,0,0,0,3,1,6,1,49,8,1995,2,11,3,1,3
201806A142806,2,11,0,7,0,8,1,0,0,0,3,1,1,1,51,8,12902,2,2,6,1,6
201806A142911,1,9,0,1,0,2,0,0,0,0,2,1,6,2,49,8,2204,2,12,7,3,7
201806A142963,1,5,0,17,0,8,0,0,0,0,3,1,6,1,29,6,645,1,5,5,1,5
201806A142963,2,19,0,9,0,8,1,0,0,0,1,1,1,1,22,5,1248,2,2,4,2,4
201806A143310,1,9,0,7,0,8,0,0,0,0,4,1,6,1,26,6,1296,1,11,2,1,2
201806A143310,2,1,0,18,0,8,0,0,0,0,1,1,6,1,51,8,-1,-1,-1,5,1,5
201806A143366,1,9,0,13,0,0,0,0,0,0,3,1,6,3,-1,-1,999,1,1,-1,-1,-1
201806A143366,2,1,0,18,0,0,0,0,0,0,4,1,6,2,47,8,-1,-1,-1,5,2,5
201806A143444,1,9,0,18,0,0,0,0,0,0,4,1,6,3,-1,-1,-1,-1,-1,-1,-1,-1
201806A143643,1,11,0,18,0,2,0,0,0,0,4,1,1,1,53,8,4250,2,8,1,1,1
201806A143649,1,9,0,18,0,8,0,11,0,0,3,1,6,2,30,6,-1,-1,-1,-1,-1,-1
201806A143649,2,1,0,18,0,8,0,8,0,0,1,1,1,1,24,5,-1,-1,-1,4,1,4
201806A143650,1,9,0,18,0,1,0,0,0,0,1,1,6,3,-1,-1,-1,-1,-1,-1,-1,-1
201806A143668,1,9,0,5,0,1,0,0,0,0,1,1,6,2,30,6,2987,2,10,-1,-1,-1
201806A143744,1,9,0,18,0,0,0,0,0,0,1,1,6,2,30,6,998,1,-1,1,1,1
201806A143831,1,9,0,3,0,2,0,0,0,0,4,1,2,2,25,5,1956,2,6,4,1,4
201806A143831,2,1,0,15,0,2,0,0,0,0,4,1,2,1,43,7,-1,-1,-1,7,1,7
201806A143943,1,19,0,18,0,1,0,0,0,0,4,1,6,3,-1,-1,2198,2,6,-1,-1,-1
201806A143943,2,1,0,18,0,5,0,0,0,0,3,1,1,1,43,7,-1,-1,-1,6,1,6
201806A143963,1,3,0,18,0,8,0,0,0,0,1,1,6,3,-1,-1,598,1,17,-1,-1,-1
201806A143963,2,9,0,6,0,8,0,0,0,0,3,1,6,1,28,6,1461,2,3,1,1,1
201806A144240,1,11,0,18,0,8,0,0,0,0,1,1,1,1,63,9,9360,2,11,1,1,1
201806A144271,1,9,0,18,0,7,0,0,0,0,1,1,6,2,30,6,-1,-1,-1,-1,-1,-1
201806A144271,2,9,0,18,0,8,0,0,0,0,4,1,6,2,23,5,898,1,-1,2,1,2
201806A144315,1,8,0,9,0,6,0,0,0,0,1,1,6,1,36,7,1598,2,6,2,1,2
201806A144354,1,9,0,18,0,8,5,0,7,0,1,1,6,1,30,6,1968,2,6,5,1,5
201806A144354,2,9,0,6,0,8,0,0,0,0,2,1,6,1,37,7,1950,2,2,3,1,3
201806A144367,1,90,0,1,0,8,0,0,0,0,2,1,6,3,-1,-1,-1,-1,-1,-1,-1,-1
201806A144367,2,8,0,18,0,8,0,0,0,0,1,1,1,1,41,7,2231,2,5,9,1,9
201806A144553,1,8,0,5,0,8,0,0,0,0,1,1,1,1,30,6,1598,2,6,-1,-1,-1
201806A144553,2,1,0,4,0,8,5,0,0,0,4,1,2,2,26,6,-1,-1,-1,3,1,3
201806A144602,1,9,0,18,0,1,0,0,0,0,1,1,6,3,-1,-1,-1,-1,-1,-1,-1,-1
201806A144771,1,3,0,18,0,8,0,0,0,0,1,1,1,1,23,5,125,1,2,5,1,5
201806A144771,2,9,0,9,0,8,0,0,0,0,4,1,6,1,68,10,1598,1,11,10,1,10
201806A145114,1,9,0,18,0,1,0,0,0,0,1,1,6,1,30,6,1586,1,8,-1,-1,-1
201806A145114,2,9,0,4,0,1,0,0,0,0,2,1,6,1,53,8,2143,2,2,-1,1,-1
201806A145574,1,9,0,1,0,0,0,0,0,0,2,1,6,2,35,6,1995,2,7,-1,-1,-1
201806A145612,1,19,0,18,0,0,0,0,0,0,4,1,6,3,-1,-1,6700,2,3,-1,-1,-1
201806A145612,2,1,0,18,0,0,0,0,0,0,3,1,6,1,60,9,-1,-1,-1,10,1,10
201806A145721,1,9,0,5,8,6,0,0,0,0,1,1,1,1,37,7,1598,2,6,1,1,1
201806A145721,2,1,0,14,4,2,0,0,0,0,3,1,2,1,54,8,-1,-1,-1,8,1,8
201806A145785,1,19,0,4,0,1,0,0,0,0,1,1,1,1,34,6,1598,2,2,5,1,5
201806A145785,2,9,0,3,0,1,0,0,0,0,2,1,6,2,28,6,1149,1,7,3,1,3
201806A145785,3,9,0,4,0,1,0,0,0,0,0,1,1,1,33,6,1200,1,1,-1,-1,-1
201806A145966,1,9,0,18,0,8,0,0,0,0,1,1,6,3,-1,-1,1686,2,13,-1,-1,-1
201806A145966,2,1,0,18,0,8,5,0,0,0,4,1,2,1,22,5,-1,-1,-1,1,1,1
201806A146064,1,9,0,1,0,0,0,0,0,0,1,1,6,1,25,5,-1,-1,-1,5,3,5
201806A146064,2,9,0,2,0,0,0,0,0,0,2,1,6,1,35,6,1995,2,4,1,1,1
201806A146089,1,10,0,9,0,8,0,0,0,0,1,1,3,1,22,5,2402,2,10,5,1,5
201806A146089,2,1,0,18,0,8,0,0,0,0,2,1,6,1,28,6,-1,-1,-1,1,-1,1
201806A146528,1,20,0,7,0,8,0,0,0,0,3,1,6,3,-1,-1,-1,-1,-1,-1,-1,-1
201806A146528,2,1,0,18,0,8,0,0,0,0,4,1,6,1,28,6,-1,-1,-1,3,1,3
201806A146799,1,9,0,18,4,8,0,0,0,0,3,1,6,2,30,6,2143,2,1,-1,-1,-1
201806A146799,2,1,0,17,4,8,2,0,0,0,1,1,1,1,27,6,-1,-1,-1,1,1,1
201806A146942,1,8,0,18,0,8,0,0,0,0,1,1,1,1,36,7,1798,8,4,1,1,1
201806A146942,2,9,0,9,0,8,0,0,0,0,4,1,6,1,22,5,1242,1,5,-1,-1,-1
201806A146982,1,9,0,4,0,8,0,0,0,0,3,1,1,1,30,6,-1,-1,-1,-1,-1,-1
201806A146982,2,9,0,18,0,8,0,0,0,0,1,1,4,1,40,7,-1,-1,-1,-1,-1,-1
201806A147129,1,9,0,1,0,8,0,0,0,0,2,1,6,1,24,5,2143,2,3,7,1,7
201806A147143,1,9,0,1,0,1,0,0,0,0,1,1,6,3,-1,-1,1984,1,1,-1,-1,-1
201806A147143,2,8,0,2,0,1,0,0,0,0,2,1,1,1,43,7,2402,2,12,9,1,9
201806A147401,1,9,0,9,0,5,0,0,0,0,3,1,6,2,33,6,1560,2,3,3,1,3
201806A147401,2,5,0,18,0,8,0,0,0,0,1,1,6,1,48,8,675,1,8,4,1,4
201806A147616,1,9,0,9,0,1,0,0,0,0,0,1,1,1,30,6,1149,1,3,-1,-1,-1
201806A147742,1,9,0,9,0,5,0,0,0,0,4,1,6,1,21,5,1968,2,5,2,1,2
201806A147742,2,1,0,18,0,8,0,0,0,0,1,1,2,1,57,9,-1,-1,-1,4,1,4
201806A147849,1,9,0,8,0,6,0,0,0,0,1,1,2,2,30,6,1999,2,-1,8,3,8
201806A147849,2,1,0,18,4,1,0,0,0,0,1,1,1,2,50,8,-1,-1,-1,4,1,4
201806A147858,1,9,0,18,0,8,0,0,0,0,1,1,6,3,-1,-1,1199,1,15,-1,-1,-1
201806A147858,2,9,0,18,0,8,0,0,0,0,2,1,6,1,21,5,1242,1,9,7,1,7
201806A148084,1,8,0,7,0,8,0,0,0,0,4,1,6,3,-1,-1,1390,1,5,-1,-1,-1
201806A148084,2,1,0,18,0,8,0,0,0,0,1,1,2,1,35,6,-1,-1,-1,10,1,10
201806A148327,1,9,0,12,0,4,1,0,0,0,1,1,6,2,42,7,-1,-1,-1,8,1,8
201806A148327,2,9,0,18,0,4,0,0,0,0,2,1,6,1,35,6,1794,1,13,1,1,1
201806A148327,3,9,0,18,0,4,0,0,0,0,2,1,6,2,54,8,1997,2,9,4,3,4
201806A148493,1,9,0,13,0,2,0,0,0,0,4,1,6,3,30,6,1339,8,9,-1,-1,-1
201806A148493,2,1,0,18,0,2,0,0,0,0,3,1,6,1,36,7,-1,-1,-1,5,1,5
201806A148656,1,9,0,18,0,4,0,0,0,0,1,1,6,2,25,5,1995,2,8,6,1,6
201806A148667,1,9,0,18,0,8,0,0,0,0,1,1,1,1,55,8,1461,2,2,3,1,3
201806A148667,2,8,0,18,0,1,0,0,0,0,3,1,1,1,47,8,1797,8,7,3,1,3
201806A148704,1,11,0,5,2,0,0,0,0,0,4,1,1,1,31,6,9360,2,9,1,1,1
201806A148896,1,9,0,18,0,1,0,0,0,0,1,1,6,1,19,4,1197,1,6,9,1,9
201806A149042,1,11,0,7,0,2,0,0,0,0,4,1,6,3,30,6,-1,-1,-1,-1,-1,-1
201806A149058,1,9,0,18,0,1,0,0,0,0,1,1,6,3,-1,-1,1790,8,7,-1,-1,-1
201806A149058,2,9,0,18,0,1,0,0,0,0,2,1,6,2,51,8,1796,1,11,1,1,1
201806A149122,1,9,0,9,0,1,0,0,0,0,4,1,6,3,-1,-1,1910,2,10,-1,-1,-1
201806A149122,2,9,0,18,0,1,0,0,0,0,1,1,6,1,56,9,1364,1,13,1,1,1
201806A149209,1,9,0,18,0,8,1,0,0,0,1,1,6,1,30,6,1997,2,6,-1,-1,-1
201806A149209,2,8,0,18,0,8,0,0,0,0,4,1,1,1,48,8,-1,-1,-1,-1,-1,-1
201806A149214,1,9,0,9,0,8,0,0,0,0,1,1,6,2,30,6,1229,1,11,-1,-1,-1
201806A149214,2,9,0,18,0,8,0,0,0,0,4,1,6,1,50,8,2231,2,12,2,1,2
201806A149228,1,9,0,9,0,8,0,0,0,0,1,1,6,3,-1,-1,1900,2,13,-1,-1,-1
201806A149228,2,1,0,18,0,8,0,0,0,0,1,1,6,1,47,8,-1,-1,-1,-1,-1,-1
201806A149331,1,8,0,6,0,2,0,0,0,0,1,1,6,1,30,6,1364,2,2,-1,-1,-1
201806A149331,2,9,0,18,0,8,0,0,0,0,3,1,6,2,27,6,1461,2,1,1,1,1
201806A149420,1,9,0,18,0,2,0,0,0,0,3,1,6,2,39,7,1499,1,2,-1,-1,-1
201806A149420,2,9,0,3,0,2,0,0,0,0,3,1,6,2,48,8,1197,1,4,3,1,3