Accident_Index,Vehicle_Reference,Vehicle_Type,Towing_and_Articulation,Vehicle_Manoeuvre,Vehicle_Location-Restricted_Lane,Junction_Location,Skidding_and_Overturning,Hit_Object_in_Carriageway,Vehicle_Leaving_Carriageway,Hit_Object_off_Carriageway,1st_Point_of_Impact,Was_Vehicle_Left_Hand_Drive?,Journey_Purpose_of_Driver,Sex_of_Driver,Age_of_Driver,Age_Band_of_Driver,Engine_Capacity_(CC),Propulsion_Code,Age_of_Vehicle,Driver_IMD_Decile,Driver_Home_Area_Type,Vehicle_IMD_Decile
201806A149769,1,9,0,18,0,8,0,0,0,0,1,1,6,2,24,5,1995,2,1,8,1,8
201806A149769,2,9,0,9,0,8,0,0,0,0,3,1,6,2,21,5,1200,1,3,4,1,4
201806A149854,1,9,0,11,0,0,0,0,0,0,1,1,2,1,46,8,1999,2,2,9,3,9
201806A149854,2,4,0,13,0,0,0,0,0,0,1,1,2,1,64,9,1000,1,4,1,1,1
201806A150053,1,1,0,18,0,8,0,0,0,0,1,1,6,1,24,5,-1,-1,-1,4,1,4
201806A150053,2,9,0,7,0,8,0,0,0,0,4,1,6,1,30,6,-1,-1,-1,-1,-1,-1
201806A150122,1,9,0,7,0,2,0,0,0,0,4,1,6,3,-1,-1,-1,-1,-1,-1,-1,-1
201806A150122,2,1,0,18,4,1,0,0,0,0,3,1,2,1,36,7,-1,-1,-1,5,-1,5
201806A150192,1,11,0,18,2,8,0,0,0,0,0,1,1,1,60,9,4461,2,5,2,1,2
201806A150193,1,1,0,18,0,0,0,0,0,0,1,1,6,1,30,6,-1,-1,-1,-1,-1,-1
201806A150289,1,11,0,9,0,2,0,0,0,0,1,1,1,1,55,8,9360,2,5,-1,1,-1
201806A150356,1,9,0,18,0,8,0,0,0,0,1,1,6,3,-1,-1,1461,2,14,-1,-1,-1
201806A150356,2,9,0,18,0,8,0,0,0,0,2,1,6,1,36,7,1582,2,8,1,1,1
201806A150364,1,11,0,4,0,1,0,0,0,0,1,1,1,1,65,9,6700,2,10,3,1,3
201806A150364,2,20,0,2,0,1,0,0,0,0,2,1,1,1,54,8,-1,2,16,1,1,1
201806A150689,1,9,0,18,0,8,0,0,0,0,1,1,6,2,30,6,1398,1,5,6,3,6
201806A150689,2,8,0,10,0,5,0,0,0,0,2,1,1,1,42,7,1797,8,7,1,1,1
201806A150787,1,9,0,5,0,0,0,0,0,0,2,1,6,3,-1,-1,1198,1,9,-1,-1,-1
201806A150787,2,9,0,3,0,0,0,0,0,0,1,1,6,1,37,7,1968,2,9,3,1,3
201806A150887,1,9,0,18,0,1,0,0,0,0,1,1,6,1,34,6,-1,-1,-1,1,1,1
201806A150898,1,9,0,18,0,1,0,0,0,0,1,1,6,2,63,9,1242,1,6,4,1,4
201806A150938,1,9,0,5,6,0,0,0,0,0,4,1,6,3,-1,-1,-1,-1,-1,-1,-1,-1
201806A151012,1,8,0,6,0,0,0,0,0,0,1,1,1,1,64,9,2499,2,6,8,1,8
201806A151032,1,1,0,7,0,2,0,0,0,0,1,1,6,2,20,4,-1,-1,-1,3,1,3
201806A151032,2,21,1,7,0,2,0,0,0,0,4,1,1,1,32,6,12777,2,7,2,1,2
201806A151206,1,9,0,18,0,8,0,0,0,0,1,1,6,1,23,5,-1,-1,-1,-1,-1,-1
201806A151335,1,9,0,7,0,8,0,0,0,0,1,1,6,2,30,6,1498,1,3,-1,-1,-1
201806A151399,1,8,0,18,0,1,0,0,0,0,1,1,6,3,-1,-1,-1,-1,-1,-1,-1,-1
201806A151445,1,9,0,7,0,5,0,0,0,0,1,1,6,3,-1,-1,1997,2,9,-1,-1,-1
201806A151445,2,1,0,18,0,8,0,0,0,0,2,1,6,1,58,9,-1,-1,-1,-1,-1,-1
201806A151503,1,9,0,5,0,6,0,0,0,0,1,1,1,3,30,6,1582,2,11,-1,-1,-1
201806A151503,2,1,0,18,0,1,0,0,0,0,1,1,2,1,19,4,-1,-1,-1,2,1,2
201806A151858,1,9,0,18,0,0,0,0,0,0,1,1,6,1,45,7,1493,2,15,4,1,4
201806A151858,2,9,0,4,0,0,0,0,0,0,2,1,6,1,35,6,2967,2,6,3,1,3
201806A151888,1,9,0,7,0,3,0,0,0,0,1,1,6,3,-1,-1,-1,-1,-1,-1,-1,-1
201806A151888,2,1,0,17,0,8,0,0,0,0,2,1,2,2,24,5,-1,-1,-1,5,1,5
201806A239408,1,9,0,18,0,8,0,0,0,0,1,1,6,3,-1,-1,1968,2,12,-1,-1,-1
201806A239408,2,9,0,18,0,8,0,0,0,0,2,1,6,2,22,5,1200,1,3,1,1,1
201806A239445,1,9,0,9,0,5,0,0,0,0,4,1,6,2,24,5,1598,2,7,3,1,3
201806A239445,2,9,0,18,0,1,0,0,0,0,1,1,6,1,34,6,1910,2,12,2,1,2
201806A239652,1,9,0,9,0,8,0,0,0,0,0,1,6,3,-1,-1,-1,-1,-1,-1,-1,-1
201806A239652,2,1,0,18,0,8,1,0,0,0,0,1,6,1,31,6,-1,-1,-1,4,1,4
201806A239725,1,9,0,18,0,2,0,0,0,0,1,1,1,1,31,6,-1,-1,-1,1,1,1
201806A239725,2,9,0,18,0,2,0,0,0,0,0,1,1,1,39,7,1560,2,4,-1,-1,-1
201806A239725,3,8,0,18,0,2,0,0,0,0,4,1,1,1,34,6,1995,2,7,1,1,1
201806A239725,4,9,0,18,0,2,0,0,0,0,4,1,6,2,57,9,1197,1,2,7,1,7
201806A239725,5,9,0,18,0,1,0,0,0,0,1,1,6,1,50,8,1368,1,2,1,1,1
201806A239734,1,9,0,18,0,0,0,0,0,0,1,1,6,1,38,7,1796,1,5,-1,-1,-1
201806A239742,1,1,0,9,9,0,0,0,0,10,3,1,6,1,42,7,-1,-1,-1,1,1,1
201806A239742,2,9,0,4,9,0,0,0,0,0,4,1,6,2,33,6,1596,1,13,1,1,1
201806A239755,1,9,0,18,0,1,0,0,0,0,1,1,6,2,33,6,-1,-1,-1,1,1,1
201806A239755,2,19,0,18,0,2,0,10,1,0,3,1,2,1,42,7,1248,2,2,1,1,1
201806A239755,3,9,0,18,0,2,0,0,0,0,1,1,2,1,23,5,1598,2,6,5,1,5
201806A239830,1,9,0,9,0,8,0,0,0,0,3,1,6,1,48,8,-1,-1,-1,2,1,2
201806A239830,2,9,0,18,0,8,0,7,3,1,4,1,6,1,60,9,1956,2,3,1,1,1
201806A239924,1,9,0,18,0,0,0,0,0,0,1,1,2,1,41,7,1968,2,2,9,1,9
201806A240012,1,9,0,9,0,5,0,0,0,0,1,1,6,2,29,6,-1,-1,-1,1,1,1
201806A240012,2,9,0,18,0,8,0,0,0,0,1,1,6,3,-1,-1,1598,1,8,-1,-1,-1
201806A240012,3,9,0,8,0,6,0,0,0,0,1,1,6,2,51,8,1496,1,1,2,1,2
201806A240117,1,19,0,7,0,6,0,0,0,0,1,1,6,1,30,6,2148,2,12,-1,-1,-1
201806A240117,2,9,0,18,0,8,0,0,0,0,4,1,2,2,44,7,-1,-1,-1,2,1,2
201806A240151,1,8,0,18,0,6,0,0,0,0,1,1,1,1,30,6,1598,2,6,-1,-1,-1
201806A240151,2,9,0,18,0,8,0,0,0,0,3,1,6,2,28,6,1968,1,12,1,1,1
201806A240171,1,9,0,4,0,1,0,0,0,0,1,1,6,2,30,6,1968,2,4,-1,-1,-1
201806A240171,2,9,0,3,0,1,0,0,0,0,2,1,2,1,30,6,2993,2,-1,10,1,10
201806A240231,1,9,0,9,0,5,0,0,0,0,1,1,2,2,36,7,1582,2,6,1,1,1
201806A240485,1,9,0,14,0,1,0,4,0,0,1,1,6,2,32,6,1229,1,12,1,1,1
201806A240485,2,21,1,2,0,1,0,0,0,0,2,1,1,1,55,8,12809,2,1,4,1,4
201806A240548,1,9,0,4,9,8,0,0,0,0,0,1,6,2,28,6,1496,1,1,3,1,3
201806A240548,2,9,0,14,0,8,0,0,0,0,2,1,6,1,38,7,1796,1,5,4,1,4
201806A240548,3,9,0,18,0,1,0,0,0,0,1,1,6,2,45,7,998,1,6,3,1,3
201806A240548,4,9,0,18,0,1,0,0,0,0,1,1,6,1,50,8,1390,1,8,1,1,1
201806A240559,1,9,0,9,0,6,0,0,1,0,3,1,6,1,43,7,1339,1,13,2,1,2
201806A240559,2,9,0,18,0,8,0,10,7,0,1,1,6,1,46,8,999,1,1,5,1,5
201806A240670,1,9,0,18,0,8,0,0,0,0,1,1,6,1,30,6,-1,-1,-1,-1,-1,-1
201806A240670,2,9,0,18,0,8,0,10,1,0,3,1,6,1,75,10,998,1,4,9,1,9
201806A240733,1,9,0,18,0,8,0,0,0,0,4,1,1,1,49,8,1998,2,6,1,1,1
201806A240733,2,1,0,18,0,8,0,0,3,0,2,1,6,1,11,3,-1,-1,-1,1,1,1
201806A240785,1,9,0,18,0,0,0,0,0,0,1,1,6,1,30,6,1596,1,4,-1,-1,-1
201806A240785,2,9,0,4,0,0,0,0,0,0,2,1,6,1,31,6,1995,2,6,1,1,1
201806A240849,1,9,0,18,0,1,0,0,0,0,4,1,6,1,30,6,1582,2,4,-1,-1,-1
201806A240875,1,9,0,9,0,8,0,0,0,0,4,1,6,1,48,8,1598,1,8,2,1,2
201806A240875,2,5,0,18,0,8,0,0,0,0,1,1,6,1,16,4,689,1,2,1,1,1
201806A240946,1,9,0,18,0,1,0,0,0,0,1,1,6,2,30,6,1598,2,1,-1,-1,-1
201806A240946,2,9,0,4,0,1,0,0,0,0,2,1,6,2,40,7,1587,1,15,2,1,2
201806A240990,1,9,0,13,0,2,5,0,0,0,1,1,6,1,24,5,1364,1,9,2,1,2
201806A240990,2,9,0,18,0,1,0,0,0,0,3,1,1,1,59,9,1396,2,5,1,1,1
201806A240990,3,9,0,18,0,2,0,0,0,0,3,1,6,1,34,6,998,1,5,2,1,2
201806A241014,1,9,0,18,0,8,0,0,0,0,1,1,6,1,38,7,1998,2,12,1,1,1
201806A241014,2,20,0,18,0,8,0,10,1,2,1,1,6,1,58,9,-1,-1,-1,2,1,2
201806A241022,1,9,0,7,0,6,0,0,0,0,3,1,6,1,50,8,998,1,2,1,1,1
201806A241022,2,9,0,18,0,8,0,0,0,0,1,1,6,1,66,10,1995,1,15,10,1,10
201806A241047,1,9,0,1,0,0,0,0,0,0,2,1,3,2,30,6,1339,1,13,-1,-1,-1
201806A241047,2,9,0,2,0,0,0,0,0,0,1,1,3,2,35,6,1598,1,5,2,1,2
201806A241121,1,3,0,17,0,0,0,4,0,0,1,1,6,1,14,3,124,1,8,3,1,3
201806A241121,2,9,0,2,0,0,0,0,0,0,3,1,6,3,-1,-1,1998,1,14,-1,-1,-1
201806A241123,1,8,0,6,0,8,0,0,0,0,3,1,1,1,44,7,2499,2,5,4,1,4
201806A241123,2,9,0,16,0,1,0,0,0,0,1,1,6,2,62,9,1598,1,12,8,1,8
201806A241158,1,9,0,18,0,0,1,0,0,0,1,1,6,1,28,6,1248,2,11,1,1,1
201806A241158,2,9,0,18,0,0,0,0,1,0,3,1,6,2,36,7,1229,1,12,10,1,10
201806A241327,1,9,0,18,0,0,0,10,0,0,1,1,6,1,18,4,-1,-1,-1,1,1,1
201806A241327,2,9,0,2,0,0,0,0,0,0,3,1,1,1,40,7,1968,2,6,1,1,1
201806A241411,1,9,0,18,0,0,0,0,0,0,1,1,2,1,30,6,3311,8,12,-1,-1,-1
201806A241411,2,9,0,3,0,0,0,0,0,0,2,1,2,1,33,6,1999,2,2,3,1,3
201806A241453,1,21,4,18,0,1,0,4,0,0,3,1,6,1,30,6,2998,2,10,-1,-1,-1
201806A241453,2,9,0,2,0,2,0,0,0,0,3,1,6,1,41,7,1995,2,1,1,1,1
201806A241484,1,9,0,18,0,0,0,0,0,0,4,1,6,2,36,7,2183,2,8,1,1,1
201806A241484,2,9,0,14,0,0,0,0,0,0,3,1,6,3,-1,-1,1968,2,2,-1,-1,-1
201806A241729,1,9,0,5,0,8,0,0,0,0,1,1,6,2,30,6,1896,2,14,1,1,1
201806A241729,2,3,0,18,0,8,0,0,0,0,3,1,6,1,30,6,124,1,10,2,1,2
201806A241751,1,9,0,2,0,1,0,0,0,0,4,1,1,1,39,7,1200,1,1,1,1,1
201806A241751,2,19,0,18,0,1,0,4,0,0,1,1,6,1,30,6,-1,-1,-1,-1,-1,-1
201806A241830,1,9,0,5,0,1,0,0,0,0,1,1,6,1,52,8,1991,2,13,1,1,1
201806A241830,2,9,0,18,0,1,0,0,0,0,4,1,6,1,46,8,998,1,12,1,1,1
201806A241962,1,9,0,2,0,0,0,0,0,0,2,1,6,2,47,8,1560,2,7,1,1,1
201806A241962,2,9,0,18,0,0,0,0,0,0,1,1,6,3,-1,-1,1896,2,21,-1,-1,-1
201806A241976,1,9,0,7,0,5,0,0,0,0,1,1,6,1,30,6,-1,-1,-1,-1,-1,-1
201806A242077,1,9,0,2,0,0,0,0,0,0,3,1,6,1,31,6,1364,1,10,2,1,2
201806A242077,2,1,0,14,0,0,0,0,0,0,1,1,6,1,20,4,-1,-1,-1,1,1,1
201806A242103,1,4,0,18,0,8,0,0,0,0,1,1,6,1,34,6,249,1,12,1,1,1
201806A242103,2,9,0,9,0,8,0,0,0,0,4,1,6,1,27,6,1796,1,16,-1,-1,-1
201806A242223,1,9,0,9,0,8,0,0,0,0,1,1,6,1,30,6,-1,-1,-1,-1,-1,-1
201806A242223,2,9,0,18,0,8,0,0,0,0,4,1,6,1,31,6,1598,2,7,2,1,2
201806A242431,1,9,0,3,0,2,0,0,0,0,2,1,6,3,-1,-1,1598,1,12,-1,-1,-1
201806A242431,2,9,4,3,0,2,0,0,0,0,1,1,6,1,37,7,-1,-1,-1,1,1,1
201806A242434,1,9,0,4,0,1,0,0,0,0,1,1,6,3,-1,-1,1598,1,8,-1,-1,-1
201806A242434,2,9,0,3,0,1,0,0,0,0,2,1,6,1,35,6,1395,1,4,9,1,9
201806A242456,1,19,0,18,0,4,0,10,1,0,1,1,6,1,30,6,1995,2,1,-1,-1,-1
201806A242456,2,9,0,3,0,3,0,0,0,0,2,1,1,1,37,7,1339,1,14,1,1,1
201806A242698,1,9,0,5,0,2,0,0,0,0,1,1,6,1,45,7,1598,1,11,3,1,3
201806A242737,1,9,0,18,0,8,5,0,2,0,4,1,6,2,34,6,1197,1,3,1,1,1
201806A242737,2,9,0,5,0,8,0,0,0,0,3,1,6,3,-1,-1,1753,2,10,-1,-1,-1
201806A242812,1,9,0,18,0,0,0,0,0,0,1,1,6,1,50,8,2179,2,3,1,1,1
201806A242821,1,9,0,9,0,8,0,0,0,0,3,1,6,2,40,7,1328,1,16,1,1,1
201806A242821,2,1,0,18,0,8,0,0,0,0,1,1,2,1,44,7,-1,-1,-1,1,1,1
201806A242916,1,9,0,18,0,8,0,0,0,0,1,1,6,1,70,10,1368,1,7,3,1,3
201806A242916,2,9,0,18,0,8,0,0,0,0,1,1,6,1,40,7,1896,2,12,2,1,2
201806A242953,1,9,0,18,0,8,0,0,2,10,3,1,6,1,30,6,-1,-1,-1,-1,-1,-1
201806A242953,2,9,0,18,0,8,0,0,7,10,1,1,6,2,32,6,1339,1,15,2,1,2
201806A242967,1,8,0,18,0,6,0,0,0,0,1,1,6,1,30,6,1598,2,7,-1,-1,-1
201806A242967,2,9,0,18,0,8,0,7,1,10,1,1,6,2,32,6,1598,1,6,1,1,1
201806A242982,1,1,0,18,0,8,0,0,0,0,1,1,6,1,18,4,-1,-1,-1,2,1,2
201806A242982,2,9,0,9,0,8,0,0,0,0,2,1,6,2,58,9,1364,1,1,1,1,1
201806A243048,1,9,0,18,0,0,0,0,0,0,1,1,1,1,64,9,1299,1,13,2,1,2
201806A243048,2,9,0,2,0,0,0,0,0,0,2,1,1,1,30,6,1798,8,3,-1,-1,-1
201806A243109,1,9,0,9,0,5,0,0,0,0,4,1,6,2,25,5,1364,1,8,1,1,1
201806A243109,2,9,0,18,0,8,0,0,0,0,1,1,6,2,29,6,1422,2,8,1,1,1
201806A243120,1,3,0,18,0,1,0,0,0,0,1,1,6,1,28,6,125,1,11,1,1,1
201806A243144,1,4,0,6,0,0,0,0,0,0,1,1,6,1,23,5,-1,-1,-1,-1,-1,-1
201806A243144,2,9,0,18,0,0,0,0,0,0,4,1,6,1,24,5,1124,1,14,1,1,1
201806A243206,1,9,0,6,0,0,0,0,0,0,2,1,6,3,30,6,-1,-1,-1,-1,-1,-1
201806A243206,2,9,0,2,0,0,0,0,0,0,3,1,6,1,38,7,1796,1,7,5,1,5
201806A243461,1,9,0,9,0,2,0,0,0,0,1,1,6,1,50,8,1997,2,3,5,1,5
201806A243461,2,9,0,8,0,1,0,0,0,0,3,1,6,2,57,9,1360,1,12,5,1,5
201806A243512,1,9,0,7,0,8,0,0,1,0,1,1,1,1,40,7,1461,2,5,1,1,1
201806A243512,2,1,0,18,0,8,0,0,0,0,4,1,6,1,42,7,-1,-1,-1,-1,-1,-1
201806A243739,1,9,0,1,6,0,0,0,0,0,2,1,6,1,34,6,1388,1,15,3,1,3
201806A243762,1,1,0,18,9,8,0,0,0,0,4,1,4,1,30,6,-1,-1,-1,-1,-1,-1
201806A243762,2,9,0,9,9,6,0,0,0,0,1,1,1,2,20,4,1149,1,4,5,1,5
201806A243810,1,9,0,18,0,6,0,0,1,10,4,1,6,1,48,8,3222,2,14,1,1,1
201806A243810,2,9,0,18,0,8,0,0,1,10,1,1,6,1,24,5,1388,1,6,5,2,5
201806A243919,1,9,0,9,0,8,0,0,0,0,1,1,6,2,27,6,1229,1,8,1,1,1
201806A243919,2,9,0,18,0,8,0,0,0,0,3,1,1,1,28,6,1896,2,11,2,1,2
201806A244029,1,9,0,18,0,6,0,10,0,0,1,1,6,1,21,5,1895,1,18,1,1,1
201806A244029,2,9,0,18,0,8,0,0,0,0,1,1,6,2,27,6,1399,2,11,4,1,4
201806A244057,1,5,0,18,0,8,1,0,1,10,3,1,2,1,31,6,599,1,12,1,1,1
201806A244057,2,19,0,9,0,8,0,0,0,0,4,1,1,1,51,8,2460,2,12,2,1,2
201806A244087,1,9,0,18,0,8,0,0,0,0,1,1,6,1,24,5,1296,1,10,2,1,2
201806A244087,2,9,0,18,0,8,0,0,0,0,3,1,6,2,37,7,1598,2,1,-1,-1,-1
201806A244087,3,19,0,18,0,1,0,0,0,0,1,1,6,1,24,5,2148,2,9,2,1,2
201806A244160,1,4,0,9,0,8,0,0,0,0,4,1,6,1,38,7,-1,-1,-1,1,1,1
201806A244160,2,4,0,18,0,8,0,0,0,0,1,1,6,1,23,5,-1,-1,-1,3,1,3
201806A244189,1,9,0,7,0,8,0,0,0,0,0,1,6,1,30,6,-1,-1,-1,-1,-1,-1
201806A244189,2,1,0,18,0,8,0,0,0,0,0,1,1,1,48,8,-1,-1,-1,1,1,1
201806A244214,1,9,0,18,0,8,1,0,0,0,1,1,6,1,28,6,1956,2,9,1,1,1
201806A244214,2,9,0,9,0,6,0,0,0,0,3,1,6,1,32,6,1995,2,1,1,1,1
201806A244261,1,5,0,9,0,1,0,0,0,0,4,1,6,3,-1,-1,-1,-1,-1,-1,-1,-1
201806A244273,1,9,0,5,0,8,0,0,0,0,1,1,6,1,30,6,-1,-1,-1,-1,-1,-1
201806A244273,2,9,0,5,0,8,0,0,0,0,2,1,6,2,47,8,1598,1,8,1,1,1
201806A244274,1,1,0,18,0,2,0,0,0,0,4,1,6,1,16,4,-1,-1,-1,1,1,1
201806A244274,2,8,0,18,0,2,0,0,0,0,1,1,1,1,43,7,1598,2,4,1,1,1
201806A244281,1,9,0,18,0,0,0,0,0,0,3,1,6,1,30,6,-1,-1,-1,-1,-1,-1
201806A244281,2,1,0,2,0,0,0,0,0,0,2,1,6,1,11,3,-1,-1,-1,1,1,1
201806A244326,1,9,0,18,0,8,0,0,0,0,1,1,6,2,30,6,1596,1,17,-1,-1,-1
201806A244326,2,9,0,18,0,8,0,0,0,0,3,1,6,1,62,9,1968,2,8,-1,1,-1
201806A244462,1,2,0,18,0,8,0,0,0,0,1,1,6,1,30,6,-1,-1,-1,-1,-1,-1
201806A244479,1,8,0,2,0,0,0,0,0,0,3,1,1,1,65,9,1598,2,4,2,1,2
201806A244479,2,9,0,18,0,0,0,8,0,0,4,1,6,1,34,6,2495,2,14,1,1,1
201806A244482,1,9,0,18,0,8,0,0,7,10,1,1,6,2,37,7,1229,1,11,3,1,3
201806A244482,2,9,0,5,0,8,0,0,0,0,1,1,6,2,54,8,1968,2,11,1,1,1
201806A244529,1,9,0,18,0,2,0,0,0,0,1,1,6,1,43,7,-1,-1,-1,4,1,4
201806A244529,2,1,0,18,0,2,0,0,0,0,1,1,6,1,9,2,-1,-1,-1,1,1,1
201806A244548,1,11,0,4,0,2,0,0,0,0,4,1,1,1,28,6,9360,2,11,3,1,3
201806A244590,1,8,0,9,0,8,0,0,0,0,1,1,2,1,36,7,1685,2,5,2,1,2
201806A244590,2,9,0,18,0,8,0,0,1,0,1,1,2,1,27,6,999,1,1,3,1,3
201806A244632,1,8,0,9,0,6,0,0,0,0,1,1,1,1,49,8,1597,2,4,3,1,3
201806A244632,2,9,0,18,0,8,0,0,7,0,4,1,6,2,48,8,998,1,2,1,1,1
201806A244878,1,1,0,18,0,8,0,0,0,0,1,1,4,1,10,2,-1,-1,-1,-1,-1,-1
201806A244878,2,9,0,18,0,8,0,0,0,0,4,1,6,1,26,6,999,1,2,1,1,1
201806A244931,1,9,0,18,0,0,0,0,0,0,1,1,6,1,25,5,1364,1,11,6,1,6
201806A244931,2,9,0,3,0,0,0,0,0,0,2,1,6,2,26,6,998,1,12,8,1,8
201806A244931,3,9,0,3,0,0,0,0,0,0,2,1,6,2,34,6,1900,2,11,1,1,1
201806A244956,1,9,0,18,0,0,0,0,0,0,1,1,6,3,-1,-1,-1,-1,-1,-1,-1,-1
201806A244956,2,9,0,3,0,0,0,0,0,0,2,1,6,2,38,7,-1,-1,-1,3,1,3
201806A244964,1,1,0,18,9,8,0,0,0,0,1,1,6,1,13,3,-1,-1,-1,1,1,1
201806A244964,2,9,0,8,9,8,0,0,0,0,4,1,6,1,31,6,2261,1,9,7,1,7
201806A244978,1,9,0,1,9,2,0,0,0,0,2,1,6,1,30,6,1895,1,19,-1,-1,-1
201806A244982,1,9,0,4,0,0,0,0,0,0,1,1,6,2,40,7,1995,2,6,-1,-1,-1
201806A244982,2,9,0,4,0,0,0,0,0,0,2,1,1,2,36,7,1248,1,5,3,1,3
201806A245090,1,2,0,18,0,0,1,0,0,0,1,1,6,1,17,4,-1,-1,-1,1,1,1
201806A245090,2,2,0,2,0,0,0,0,0,0,2,1,6,2,26,6,-1,-1,-1,2,1,2
201806A245093,1,9,0,9,0,8,0,0,0,0,1,1,6,1,43,7,-1,-1,-1,6,1,6
201806A245093,2,1,0,18,0,1,0,0,0,0,1,1,6,1,31,6,-1,-1,-1,3,1,3
201806A245301,1,9,0,8,0,5,0,0,0,0,3,1,6,3,30,6,-1,-1,-1,-1,-1,-1
201806A245301,2,1,0,18,0,8,2,0,0,1,4,1,2,1,39,7,-1,-1,-1,3,1,3
201806A245354,1,11,0,9,0,8,0,0,0,0,3,1,1,1,54,8,6700,2,9,1,-1,1
201806A245354,2,9,0,18,0,8,0,0,0,0,3,1,6,1,30,6,-1,-1,-1,-1,-1,-1
201806A245427,1,9,0,7,0,8,0,0,0,0,3,1,1,2,53,8,1200,1,2,-1,-1,-1
201806A245427,2,1,0,18,0,8,0,0,0,0,1,1,1,1,37,7,-1,-1,-1,1,1,1
201806A245628,1,9,0,9,0,8,0,0,0,0,3,1,6,1,20,4,1198,1,6,4,1,4
201806A245628,2,9,0,18,0,8,0,0,0,0,1,1,6,1,33,6,1968,2,2,1,1,1
201806A245703,1,9,0,18,0,8,0,0,0,0,1,1,6,2,51,8,1229,1,5,2,1,2
201806A245712,1,9,0,18,0,8,0,0,0,0,1,1,6,2,25,5,1968,2,4,1,1,1
201806A245786,1,9,0,18,0,0,0,0,0,0,1,1,6,2,30,6,-1,-1,-1,-1,-1,-1
201806A245798,1,19,0,6,0,8,0,0,0,0,4,1,1,1,30,6,2198,2,10,-1,-1,-1
201806A245798,2,9,0,18,0,8,0,0,0,0,1,1,6,1,34,6,1968,2,1,2,1,2
201806A245822,1,9,0,18,0,0,0,0,0,0,1,1,1,1,30,6,1968,2,4,1,1,1
201806A245870,1,9,0,18,0,8,0,0,0,0,1,1,6,3,-1,-1,-1,-1,-1,-1,-1,-1
201806A245870,2,9,0,18,0,8,5,0,0,0,4,1,6,1,35,6,1798,1,10,1,1,1
201806A245872,1,9,0,9,0,8,0,0,0,0,0,1,2,2,25,5,1590,1,8,1,1,1
201806A245872,2,5,0,18,0,8,0,0,0,0,4,1,2,2,39,7,748,1,12,1,1,1
201806A245889,1,9,0,18,0,0,0,0,0,0,4,1,6,1,30,6,1968,2,14,-1,-1,-1
201806A245889,2,19,0,2,0,0,0,0,0,0,4,1,6,1,30,6,2143,2,5,-1,-1,-1
201806A245889,3,1,0,2,0,0,0,0,0,0,3,1,6,1,11,3,-1,-1,-1,1,1,1
201806A245908,1,9,0,9,0,8,1,0,7,10,0,1,6,3,30,6,998,1,15,-1,-1,-1
201806A245908,2,9,0,9,0,5,1,0,7,2,1,1,1,1,38,7,-1,-1,-1,1,1,1
201806A246060,1,9,0,9,0,3,1,0,0,0,1,1,6,1,30,6,1395,1,5,-1,-1,-1
201806A246060,2,9,0,3,0,4,0,0,0,0,1,1,6,1,26,6,1598,2,4,3,1,3
201806A246126,1,9,0,14,0,0,0,0,0,0,2,1,6,3,-1,-1,999,1,4,-1,-1,-1
201806A246126,2,9,0,18,0,0,0,0,0,0,1,1,6,2,37,7,1240,1,13,2,1,2
201806A246207,1,19,0,18,0,8,0,0,1,0,1,1,6,3,-1,-1,1598,2,7,-1,-1,-1
201806A246207,2,9,0,9,0,8,0,0,0,0,1,1,6,2,75,10,1461,2,2,-1,-1,-1
201806A246290,1,9,0,5,0,0,0,0,0,0,1,1,6,2,43,7,1997,2,10,2,1,2
201806A246290,2,9,0,5,0,0,0,0,0,0,2,1,6,2,41,7,1497,8,3,1,1,1
201806A246342,1,9,0,18,0,0,0,0,0,0,4,1,6,2,29,6,1198,1,5,2,1,2
201806A246354,1,8,0,18,0,0,0,0,0,0,4,1,1,1,41,7,1390,1,6,2,1,2
201806A246385,1,9,0,9,0,6,0,0,0,0,3,1,3,1,41,7,1997,1,10,3,1,3
201806A246385,2,4,0,18,0,8,2,0,0,0,1,1,6,1,26,6,125,1,1,1,1,1
201806A246391,1,9,0,18,0,4,0,0,0,0,1,1,6,1,25,5,1586,1,15,1,1,1
201806A246391,2,9,0,18,0,4,0,0,0,0,1,1,6,1,68,10,1149,1,5,4,1,4
201806A246391,3,9,0,18,0,4,0,0,0,0,0,1,1,1,50,8,2993,2,2,4,1,4
201806A246404,1,9,0,18,0,2,0,0,0,0,1,1,6,1,30,6,1988,1,17,-1,-1,-1
201806A246404,2,9,0,4,0,2,0,0,0,0,2,1,6,1,40,7,2362,1,18,2,1,2
201806A246443,1,9,0,18,0,8,0,0,0,0,1,1,6,1,40,7,1598,1,12,1,1,1
201806A246443,2,1,0,18,0,8,0,0,0,0,4,1,6,1,14,3,-1,-1,-1,-1,-1,-1
201806A246451,1,9,0,18,0,0,2,0,7,0,1,1,6,3,30,6,999,1,4,-1,-1,-1
201806A246451,2,9,0,18,0,0,0,0,7,0,2,1,6,2,56,9,1368,1,11,1,1,1
201806A246451,3,9,0,2,0,0,0,0,0,0,2,1,6,1,34,6,1596,1,7,1,1,1
201806A246461,1,9,0,18,0,0,0,0,0,0,1,1,6,3,-1,-1,-1,-1,-1,-1,-1,-1
201806A246482,1,9,0,1,0,0,0,0,0,0,0,1,6,3,-1,-1,1998,1,9,-1,-1,-1
201806A246482,2,1,0,18,0,0,0,0,0,0,1,1,6,1,17,4,-1,-1,-1,2,1,2
201806A246548,1,9,0,18,0,8,0,0,0,0,1,1,6,3,-1,-1,-1,-1,-1,-1,-1,-1