Accident_Index,Vehicle_Reference,Vehicle_Type,Towing_and_Articulation,Vehicle_Manoeuvre,Vehicle_Location-Restricted_Lane,Junction_Location,Skidding_and_Overturning,Hit_Object_in_Carriageway,Vehicle_Leaving_Carriageway,Hit_Object_off_Carriageway,1st_Point_of_Impact,Was_Vehicle_Left_Hand_Drive?,Journey_Purpose_of_Driver,Sex_of_Driver,Age_of_Driver,Age_Band_of_Driver,Engine_Capacity_(CC),Propulsion_Code,Age_of_Vehicle,Driver_IMD_Decile,Driver_Home_Area_Type,Vehicle_IMD_Decile
201806A246563,1,90,0,18,9,8,0,0,1,2,1,1,1,1,50,8,-1,-1,-1,1,1,1
201806A246581,1,90,0,18,0,1,1,0,0,0,0,1,6,3,-1,-1,-1,-1,-1,-1,-1,-1
201806A246689,1,9,0,9,0,6,0,0,0,0,3,1,6,1,37,7,1968,2,1,4,1,4
201806A246689,2,3,0,18,8,8,0,0,0,1,1,1,6,1,18,4,-1,-1,-1,5,1,5
201806A246797,1,9,0,18,0,0,0,0,0,0,1,1,6,2,83,11,1229,1,7,1,1,1
201806A246797,2,9,0,2,0,0,0,0,0,0,3,1,6,2,30,6,3628,2,11,-1,-1,-1
201806A247163,1,9,0,18,0,2,0,0,0,0,0,1,1,3,30,6,1598,2,3,-1,-1,-1
201806A247268,1,9,0,9,0,6,0,0,0,0,1,1,6,1,30,6,1598,2,1,-1,-1,-1
201806A247268,2,9,0,18,0,8,0,0,0,0,4,1,6,2,45,7,1598,2,3,3,1,3
201806A247269,1,9,0,9,9,8,0,0,0,1,1,1,6,1,30,6,998,1,11,-1,-1,-1
201806A247269,2,9,0,5,0,8,0,0,0,0,3,1,2,1,29,6,1969,1,3,4,1,4
201806A247327,1,9,0,18,2,8,1,0,0,0,3,1,6,1,30,6,1248,2,10,-1,-1,-1
201806A247327,2,9,0,11,0,8,1,0,0,0,1,1,6,1,25,5,998,1,2,4,1,4
201806A247458,1,9,0,5,0,2,0,0,0,0,3,1,6,1,45,7,1598,1,11,4,1,4
201806A247458,2,10,0,18,0,2,0,0,0,0,1,1,1,1,24,5,2151,2,15,1,1,1
201806A247674,1,21,0,18,0,8,0,0,0,0,4,1,1,1,46,8,2998,2,2,2,1,2
201806A247688,1,19,0,18,0,0,0,0,0,0,4,1,6,3,-1,-1,-1,-1,-1,-1,-1,-1
201806A247688,2,9,0,2,0,0,0,0,0,0,4,1,6,1,43,7,1386,1,11,4,1,4
201806A247698,1,9,0,18,0,0,0,0,0,0,1,1,6,3,-1,-1,2496,2,14,-1,-1,-1
201806A247764,1,9,0,18,0,8,0,0,0,0,1,1,6,3,-1,-1,1896,2,16,-1,-1,-1
201806A247764,2,9,0,18,0,6,0,0,0,0,3,1,6,1,25,5,1686,2,8,3,1,3
201806A247778,1,9,0,18,0,2,0,0,0,0,1,1,6,1,44,7,1598,1,10,-1,-1,-1
201806A247901,1,9,0,9,0,5,0,0,0,0,1,1,6,1,63,9,1595,1,-1,2,1,2
201806A247901,2,9,0,18,0,8,0,0,0,0,1,1,6,1,57,9,1796,1,9,4,1,4
201806A247903,1,9,0,18,0,1,0,0,0,0,1,1,6,1,30,6,1968,2,11,-1,-1,-1
201806A247903,2,9,0,18,0,8,0,0,0,0,3,1,6,2,36,7,1197,1,-1,1,1,1
201806A247942,1,9,0,18,0,1,1,0,0,0,1,1,6,1,82,11,-1,-1,-1,1,1,1
201806A247942,2,9,0,3,0,1,0,0,0,0,2,1,6,2,31,6,2179,2,3,3,1,3
201806A247942,3,9,0,3,0,1,0,0,0,0,2,1,6,1,38,7,1797,1,19,6,1,6
201806A247942,4,9,0,3,0,1,0,0,0,0,2,1,6,2,40,7,1197,1,6,9,1,9
201806A247942,5,9,0,3,0,1,0,0,0,0,3,1,6,2,23,5,1328,1,11,2,1,2
201806A247942,6,9,0,3,0,1,0,0,0,0,2,1,6,1,39,7,1910,2,12,7,1,7
201806A247942,7,9,0,3,0,1,0,0,0,0,2,1,6,1,56,9,1580,8,1,3,1,3
201806A248055,1,9,0,18,1,1,0,0,0,0,1,1,6,1,30,6,1870,2,13,-1,-1,-1
201806A248055,2,9,0,3,0,1,0,0,0,0,2,1,6,2,31,6,1242,1,6,1,1,1
201806A248121,1,9,0,7,0,2,0,0,0,0,1,1,6,2,35,6,1229,1,12,1,1,1
201806A248133,1,9,0,9,0,6,0,0,0,0,1,1,6,2,66,10,1461,2,2,1,1,1
201806A248133,2,19,0,18,0,8,0,0,0,0,1,1,6,1,49,8,-1,-1,-1,-1,-1,-1
201806A248303,1,5,0,18,0,8,0,0,0,0,0,1,6,3,-1,-1,-1,-1,-1,-1,-1,-1
201806A248333,1,1,0,18,0,2,0,0,0,0,1,1,6,1,30,6,-1,-1,-1,-1,-1,-1
201806A248406,1,1,0,5,4,8,0,0,0,0,1,1,6,2,23,5,-1,-1,-1,4,1,4
201806A248406,2,9,0,5,0,8,0,0,0,0,1,1,1,1,62,9,-1,-1,-1,1,1,1
201806A248548,1,9,0,18,0,8,0,0,7,10,4,1,6,3,-1,-1,-1,-1,-1,-1,-1,-1
201806A248548,2,9,0,18,0,8,0,0,0,0,1,1,6,2,24,5,1598,1,11,4,1,4
201806A248584,1,8,0,18,0,1,0,0,1,0,2,1,1,1,30,6,1598,2,6,1,1,1
201806A248584,2,9,0,18,0,1,0,0,0,0,1,1,6,1,35,6,1587,1,15,-1,-1,-1
201806A248587,1,9,0,7,0,8,0,0,0,0,4,1,6,1,30,6,-1,-1,-1,-1,-1,-1
201806A248587,2,1,0,18,0,8,0,0,0,0,1,1,1,1,25,5,-1,-1,-1,1,1,1
201806A248782,1,9,0,9,0,6,0,0,0,0,3,1,6,1,22,5,1197,1,3,1,1,1
201806A248782,2,9,0,18,0,8,0,0,0,0,1,1,6,1,50,8,1590,1,16,1,1,1
201806A248825,1,20,0,9,0,6,0,0,0,0,1,1,1,1,51,8,4462,2,5,2,1,2
201806A248825,2,4,0,14,0,1,0,0,0,0,4,1,2,1,17,4,125,1,4,7,1,7
201806A248888,1,9,0,18,0,6,1,0,0,0,3,1,6,1,30,6,1598,1,11,-1,-1,-1
201806A248888,2,9,0,18,0,8,0,0,0,0,1,1,6,1,50,8,4806,1,11,3,1,3
201806A248946,1,9,0,9,0,0,0,0,0,0,4,1,6,1,33,6,-1,-1,-1,6,1,6
201806A248946,2,5,0,18,0,0,0,0,0,0,1,1,6,1,30,6,599,1,14,1,1,1
201806A248953,1,9,0,18,0,2,1,0,0,0,1,1,6,1,25,5,2000,1,12,4,1,4
201806A248953,2,9,0,18,0,1,0,0,0,0,4,1,6,2,42,7,1798,1,11,7,1,7
201806A248953,3,9,0,18,0,2,0,0,0,0,2,1,6,1,31,6,2967,2,6,2,1,2
201806A249026,1,9,0,9,0,8,0,0,0,0,1,1,6,1,30,6,2499,1,10,-1,-1,-1
201806A249026,2,1,0,18,0,8,0,0,0,0,1,1,6,1,48,8,-1,-1,-1,9,1,9
201806A249036,1,9,0,5,0,6,0,0,0,0,1,1,6,2,52,8,1597,2,2,-1,-1,-1
201806A249036,2,3,0,14,0,6,0,0,0,0,1,1,6,1,18,4,279,1,4,3,1,3
201806A249061,1,9,0,18,0,8,0,0,0,0,1,1,6,2,67,10,1396,1,19,1,1,1
201806A249061,2,1,0,18,0,8,0,0,0,0,2,1,6,1,14,3,-1,-1,-1,1,1,1
201806A249072,1,9,0,9,0,5,0,0,0,0,4,1,2,2,44,7,1995,2,7,1,1,1
201806A249072,2,1,0,9,2,8,0,0,0,0,1,1,1,2,40,7,-1,-1,-1,-1,-1,-1
201806A249259,1,9,0,10,0,8,0,0,0,0,1,1,6,1,30,6,-1,-1,-1,-1,-1,-1
201806A249259,2,1,0,10,0,8,0,0,0,0,2,1,6,1,30,6,-1,-1,-1,1,1,1
201806A249344,1,9,0,18,0,8,0,0,0,0,1,1,6,1,29,6,1598,1,13,1,1,1
201806A249344,2,9,0,9,0,6,0,0,0,0,3,1,6,2,36,7,1386,1,14,2,1,2
201806A249431,1,19,0,3,0,8,0,0,0,0,1,1,6,1,30,6,-1,-1,-1,-1,-1,-1
201806A249431,2,9,0,5,0,8,0,0,0,0,4,1,2,1,26,6,1229,1,6,1,1,1
201806A249629,1,19,0,2,0,1,0,0,0,0,1,1,6,3,-1,-1,2198,2,9,-1,-1,-1
201806A249629,2,9,0,18,0,2,0,0,0,0,3,1,6,2,43,7,1995,2,6,5,1,5
201806A249649,1,9,0,18,0,8,0,0,0,0,1,1,6,2,33,6,1598,2,6,1,1,1
201806A249649,2,9,0,5,0,8,0,0,0,0,1,1,6,1,22,5,1900,2,12,1,1,1
201806A249683,1,9,0,7,6,6,0,0,0,0,1,1,6,2,30,6,1399,2,9,1,1,1
201806A249689,1,9,0,9,0,5,0,0,0,0,1,1,2,2,24,5,998,1,-1,1,1,1
201806A249689,2,4,0,18,0,8,0,0,0,0,1,1,2,1,38,7,-1,-1,-1,5,1,5
201806A250029,1,9,0,18,0,0,0,0,0,0,1,1,6,1,24,5,-1,-1,-1,3,1,3
201806A250196,1,9,0,18,0,8,0,0,0,0,4,1,6,2,39,7,2179,2,7,1,1,1
201806A250196,2,3,0,18,0,8,0,0,0,0,1,1,6,1,38,7,125,1,-1,2,1,2
201806A250235,1,9,0,13,0,8,0,0,0,0,1,1,6,3,-1,-1,1968,2,11,-1,-1,-1
201806A250235,2,9,0,5,0,8,0,0,0,0,3,1,6,1,39,7,1560,2,6,1,1,1
201806A250497,1,9,0,6,0,2,0,0,0,0,1,1,6,1,30,6,1968,2,12,-1,-1,-1
201806A250497,2,9,0,18,0,2,0,0,0,0,2,1,6,1,29,6,1896,2,9,4,1,4
201806A250631,1,9,0,1,0,1,0,0,0,0,2,1,6,1,34,6,1398,1,3,7,1,7
201806A250678,1,9,0,6,9,1,0,0,0,0,1,1,6,1,34,6,2987,2,8,1,1,1
201806A250678,2,9,0,18,0,1,0,0,0,0,1,1,6,2,48,8,2179,2,6,2,1,2
201806A250687,1,9,0,4,0,8,0,0,0,0,2,1,6,1,56,9,1995,2,6,2,1,2
201806A250687,2,3,0,18,0,8,0,0,0,0,1,1,6,3,-1,-1,-1,-1,-1,-1,-1,-1
201806A250734,1,9,0,9,0,8,0,0,7,0,3,1,6,1,16,4,1061,1,12,3,1,3
201806A250734,2,9,0,18,0,8,0,0,0,0,1,1,6,1,33,6,1968,2,7,3,1,3
201806A250843,1,9,0,9,0,8,0,0,0,0,1,1,6,2,28,6,1461,2,4,1,1,1
201806A250843,2,9,0,18,0,8,0,0,0,0,1,1,6,2,22,5,1242,1,6,2,1,2
201806A250881,1,3,0,18,0,8,0,0,0,0,1,1,6,1,34,6,124,1,6,1,1,1
201806A250881,2,9,0,9,0,5,0,0,0,0,4,1,6,1,60,9,1364,1,-1,1,1,1
201806A251026,1,9,0,18,0,0,0,0,0,0,3,1,6,3,-1,-1,2967,2,8,-1,-1,-1
201806A251072,1,9,0,7,0,2,0,0,0,0,2,1,6,1,30,6,1984,1,17,-1,-1,-1
201806A251072,2,9,0,3,0,1,1,0,0,0,2,1,2,2,27,6,1395,1,2,5,1,5
201806A251193,1,21,1,18,0,1,0,0,0,0,1,1,6,1,58,9,12809,2,4,-1,-1,-1
201806A251193,2,9,0,10,0,1,0,0,0,0,2,1,6,1,53,8,1798,8,6,1,1,1
201806A251193,3,9,0,3,0,1,0,0,0,0,4,1,6,3,30,6,-1,-1,-1,-1,-1,-1
201806A251318,1,3,0,18,0,8,0,0,0,0,1,1,6,1,22,5,124,1,5,-1,-1,-1
201806A251318,2,9,0,18,0,8,0,0,0,0,3,1,6,1,37,7,1968,2,1,1,1,1
201806A251336,1,9,0,18,0,8,0,0,0,0,3,1,1,2,54,8,1248,1,4,2,1,2
201806A251498,1,9,0,18,0,8,0,0,0,0,1,1,6,2,35,6,1596,1,13,1,1,1
201806A251498,2,9,0,10,0,8,0,0,0,0,4,1,1,2,54,8,1248,2,10,3,1,3
201806A251547,1,9,0,17,0,2,2,0,7,0,4,1,6,2,32,6,-1,-1,-1,3,1,3
201806A251547,2,9,0,2,9,2,2,0,0,0,2,1,6,1,52,8,1896,2,22,-1,-1,-1
201806A251547,3,9,0,2,9,2,0,0,0,0,3,1,6,1,69,10,1956,2,4,-1,-1,-1
201806A251596,1,9,0,18,0,2,0,0,0,0,1,1,2,3,-1,-1,-1,-1,-1,-1,-1,-1
201806A251596,2,8,0,7,0,1,0,0,0,0,1,1,1,1,57,9,1598,2,5,2,1,2
201806A251648,1,9,0,10,0,1,0,0,0,0,1,1,3,2,36,7,1461,2,7,2,1,2
201806A251682,1,9,0,18,0,0,0,0,0,0,4,1,2,1,55,8,2993,2,3,1,1,1
201806A251770,1,9,0,18,0,8,0,0,0,0,1,1,6,1,37,7,1990,1,22,4,1,4
201806A251841,1,9,0,18,0,6,0,4,0,0,4,1,6,2,20,4,1398,1,2,3,1,3
201806A251841,2,9,0,18,0,8,0,0,0,0,1,1,6,2,24,5,1368,1,5,3,1,3
201806A251841,3,9,0,2,0,8,0,0,0,0,2,1,6,1,68,10,1975,1,18,3,1,3
201806A251899,1,9,0,1,0,2,0,0,0,0,2,1,6,1,30,6,3000,2,23,-1,-1,-1
201806A251899,2,9,0,2,0,2,0,0,0,0,1,1,6,1,44,7,1364,1,-1,1,1,1
201806A252083,1,9,0,7,0,5,0,0,0,0,1,1,6,1,39,7,1998,1,-1,1,1,1
201806A252083,2,1,0,18,5,8,0,0,0,0,3,1,1,1,43,7,-1,-1,-1,8,1,8
201806A252132,1,9,0,18,0,1,0,0,0,0,3,1,6,3,-1,-1,1242,1,8,-1,-1,-1
201806A252132,2,9,0,9,0,1,0,0,0,0,3,1,3,2,35,6,1896,2,9,2,1,2
201806A252141,1,9,0,18,0,1,0,0,0,0,1,1,6,1,35,6,1685,2,6,1,1,1
201806A252141,2,9,0,9,0,8,0,0,0,0,3,1,6,1,37,7,1560,2,4,1,1,1
201806A252231,1,9,0,5,0,1,0,0,0,0,3,1,6,3,-1,-1,-1,-1,-1,-1,-1,-1
201806A252251,1,9,0,18,0,2,1,0,6,10,1,1,6,1,37,7,2993,2,10,3,1,3
201806A252251,2,9,0,18,0,2,2,0,2,10,2,1,6,1,24,5,1995,2,13,3,1,3
201806A252323,1,9,0,18,0,8,0,0,0,0,1,1,6,3,-1,-1,1598,1,12,-1,-1,-1
201806A252323,2,9,0,4,0,8,0,0,0,0,2,1,6,2,35,6,-1,-1,-1,3,1,3
201806A252595,1,9,0,18,0,8,0,0,0,0,1,1,2,3,-1,-1,2967,2,6,-1,-1,-1
201806A252595,2,9,0,18,0,5,0,0,0,0,2,1,6,2,19,4,1198,1,7,1,1,1
201806A252864,1,9,0,15,0,1,0,0,0,0,1,1,6,1,30,6,-1,-1,-1,-1,-1,-1
201806A252864,2,1,0,18,0,1,0,0,0,0,2,1,6,1,30,6,-1,-1,-1,-1,-1,-1
201806A253011,1,9,0,18,0,0,0,0,0,0,1,1,6,2,30,6,999,1,4,-1,-1,-1
201806A253011,2,9,0,3,0,0,0,0,0,0,2,1,1,1,50,8,998,1,11,8,1,8
201806A253235,1,9,0,18,0,6,1,0,7,0,1,1,6,1,23,5,1149,1,12,5,1,5
201806A253235,2,9,0,18,0,8,1,0,2,1,3,1,6,1,32,6,1330,1,-1,5,1,5
201806A339357,1,9,0,9,0,5,0,0,0,0,4,1,6,1,37,7,1242,1,5,9,1,9
201806A339357,2,9,0,18,0,8,0,0,0,0,1,1,6,2,26,6,1198,1,12,2,1,2
201806A339475,1,9,0,7,0,8,0,0,0,0,4,1,2,1,60,9,1598,1,16,1,1,1
201806A339729,1,9,0,14,0,0,0,0,0,0,1,1,6,1,58,9,1296,1,10,1,1,1
201806A339750,1,9,0,18,0,1,0,0,0,0,1,1,6,1,30,6,1968,2,4,-1,-1,-1
201806A339750,2,19,0,3,0,1,0,0,0,0,2,1,6,1,57,9,2143,2,3,2,1,2
201806A339841,1,9,0,9,0,5,0,0,0,0,4,1,2,2,22,5,1200,1,3,-1,-1,-1
201806A339841,2,9,0,18,0,8,0,0,5,1,1,1,6,1,21,5,-1,-1,-1,1,1,1
201806A339848,1,9,0,18,0,8,0,0,0,0,1,1,6,1,22,5,1995,2,6,2,1,2
201806A339848,2,9,0,9,0,6,0,0,0,0,1,1,6,1,46,8,1968,2,3,1,1,1
201806A339872,1,9,0,18,0,8,0,0,0,0,1,1,6,2,22,5,1560,2,3,1,1,1
201806A339872,2,8,0,9,0,5,0,0,0,0,1,1,6,1,28,6,2664,2,17,1,1,1
201806A339949,1,9,0,7,0,6,0,0,0,0,3,1,2,1,47,8,1995,2,7,4,1,4
201806A339949,2,1,0,18,4,8,0,0,0,0,4,1,2,1,37,7,-1,-1,-1,6,1,6
201806A339957,1,9,0,18,0,8,0,0,0,0,4,1,6,1,26,6,1753,2,11,2,1,2
201806A339989,1,9,0,18,0,2,0,0,0,0,1,1,6,1,53,8,2967,2,4,8,-1,8
201806A339989,2,9,0,4,0,2,0,0,0,0,2,1,6,1,34,6,2143,2,1,3,1,3
201806A340025,1,9,0,18,0,1,0,0,0,0,4,1,6,1,30,6,2143,2,1,-1,-1,-1
201806A340025,2,9,0,1,0,1,0,0,0,0,1,1,6,1,57,9,1998,1,14,1,1,1
201806A340164,1,9,0,18,0,8,0,0,0,0,4,1,6,2,30,6,998,1,18,-1,-1,-1
201806A340164,2,9,0,18,0,8,1,0,0,0,1,1,2,1,45,7,4398,1,13,9,2,9
201806A340481,1,19,0,9,0,6,0,10,0,0,1,1,6,3,-1,-1,-1,-1,-1,-1,-1,-1
201806A340493,1,9,0,9,0,6,0,0,0,0,1,1,6,2,78,11,1198,1,3,8,3,8
201806A340493,2,9,0,18,0,8,0,0,0,0,1,1,6,1,32,6,2204,2,12,5,1,5
201806A340498,1,9,0,18,0,1,0,0,0,0,1,1,6,2,30,6,2000,2,9,-1,-1,-1
201806A340498,2,8,0,3,0,1,0,0,0,0,2,1,1,1,42,7,1794,1,13,1,1,1
201806A340798,1,9,0,3,0,0,0,0,0,0,2,1,6,1,30,6,-1,-1,-1,-1,-1,-1
201806A340798,2,9,0,3,0,0,0,0,0,0,2,1,2,2,28,6,1598,1,9,1,1,1
201806A340798,3,9,0,3,0,0,0,0,0,0,1,1,6,2,30,6,1598,1,9,-1,-1,-1
201806A340803,1,9,0,3,0,0,0,0,0,0,1,1,6,1,29,6,1968,2,9,1,1,1
201806A340803,2,9,0,3,0,0,0,0,0,0,2,1,6,2,38,7,1968,2,5,2,1,2
201806A340803,3,9,0,3,0,0,0,0,0,0,1,1,6,2,27,6,1242,1,2,2,1,2
201806A340832,1,9,0,10,0,6,0,0,0,0,1,1,6,2,29,6,1968,2,7,-1,-1,-1
201806A340832,2,19,0,18,0,8,0,0,0,0,4,1,1,1,26,6,2198,2,3,8,1,8
201806A341017,1,9,0,18,0,1,0,0,0,0,1,1,6,1,30,6,1999,2,2,-1,-1,-1
201806A341017,2,9,0,3,0,1,0,0,0,0,2,1,6,1,28,6,1591,1,1,2,1,2
201806A341054,1,9,0,9,0,5,0,0,0,0,4,1,6,1,20,4,1198,1,11,2,1,2
201806A341054,2,9,0,18,0,8,0,0,0,0,3,1,6,1,66,10,998,1,10,4,1,4
201806A341111,1,9,0,18,0,8,0,0,0,0,1,1,6,1,33,6,1686,2,11,1,1,1
201806A341111,2,1,0,18,0,8,0,0,0,0,4,1,6,1,64,9,-1,-1,-1,1,1,1
201806A341124,1,9,0,18,0,0,0,0,0,0,4,1,6,1,23,5,1364,1,10,3,1,3
201806A341159,1,9,0,9,0,5,0,10,1,0,4,1,6,1,47,8,1560,2,9,1,1,1
201806A341159,2,9,0,18,0,8,0,10,1,0,1,1,6,2,59,9,1896,2,14,8,1,8
201806A341223,1,9,0,18,0,2,0,0,0,0,1,1,6,2,68,10,1364,1,-1,4,1,4
201806A341242,1,19,0,18,0,8,0,0,0,0,4,1,1,1,45,7,-1,-1,-1,5,1,5
201806A341242,2,9,0,18,0,8,0,0,0,0,3,1,1,2,41,7,1598,2,1,4,1,4
201806A341383,1,9,0,18,0,8,0,0,0,0,1,1,6,1,30,6,1598,1,5,-1,-1,-1
201806A341400,1,9,0,5,0,8,0,0,0,0,1,1,6,1,30,6,1896,2,14,-1,-1,-1
201806A341400,2,1,0,18,0,8,0,0,0,0,1,1,6,1,7,2,-1,-1,-1,2,1,2
201806A341414,1,19,0,18,0,0,0,0,0,0,4,1,6,3,-1,-1,2402,2,10,-1,-1,-1
201806A341445,1,9,0,6,9,0,0,0,1,10,1,1,6,1,30,6,1968,2,3,-1,-1,-1
201806A341473,1,9,0,18,0,0,0,0,0,0,1,1,6,1,50,8,2143,2,3,2,1,2
201806A341473,2,9,0,3,0,0,0,0,0,0,2,1,6,1,38,7,1895,1,17,1,1,1
201806A341476,1,9,0,9,0,5,0,0,0,0,1,1,6,1,30,6,-1,-1,-1,-1,-1,-1
201806A341476,2,1,0,18,0,8,0,0,0,0,3,1,1,2,24,5,-1,-1,-1,2,1,2
201806A341501,1,9,0,7,0,5,0,0,0,0,4,1,6,1,51,8,1497,8,1,2,1,2
201806A341547,1,9,0,18,0,8,0,0,0,0,1,1,6,1,30,6,1368,1,14,-1,-1,-1
201806A341547,2,9,0,18,0,5,0,0,0,0,0,1,6,2,48,8,-1,-1,-1,1,1,1
201806A341559,1,9,0,9,0,5,0,0,0,0,1,1,6,1,30,6,1388,1,8,1,1,1
201806A341559,2,9,0,18,0,8,1,0,1,0,1,1,6,1,23,5,1299,1,14,4,1,4
201806A341673,1,9,0,1,0,8,0,0,0,0,3,1,6,3,-1,-1,-1,-1,-1,-1,-1,-1
201806A341673,2,9,0,3,0,8,0,0,0,0,4,1,6,2,32,6,1995,1,12,2,1,2
201806A341749,1,9,0,9,0,6,0,4,0,0,1,1,6,1,20,4,1248,2,3,-1,-1,-1
201806A341749,2,9,0,17,0,8,0,0,0,0,1,1,6,1,36,7,1753,2,12,4,1,4
201806A341749,3,19,0,2,0,8,0,0,0,0,3,1,6,1,30,6,1995,2,10,-1,-1,-1
201806A341813,1,9,0,2,0,1,0,0,0,0,3,1,6,1,53,8,1396,1,17,3,1,3
201806A341813,2,9,0,18,0,1,0,0,0,0,4,1,6,2,51,8,1999,1,2,1,1,1
201806A342070,1,19,0,7,0,5,0,0,0,0,4,1,6,1,36,7,2148,2,11,-1,-1,-1
201806A342070,2,1,0,18,4,8,5,0,0,0,3,1,2,2,32,6,-1,-1,-1,2,-1,2
201806A342123,1,8,0,18,0,6,0,0,0,0,1,1,1,1,56,9,-1,-1,-1,1,1,1
201806A342123,2,9,0,18,0,8,0,0,0,0,3,1,6,2,47,8,1984,1,9,7,1,7
201806A342152,1,9,0,7,0,8,0,0,0,0,1,1,6,3,-1,-1,1198,1,13,-1,-1,-1
201806A342152,2,9,0,7,0,8,0,0,0,0,2,1,6,1,44,7,1422,2,2,1,1,1
201806A342211,1,3,0,18,0,0,0,0,0,0,1,1,6,1,18,4,-1,-1,-1,1,1,1
201806A342211,2,9,0,2,0,0,0,0,0,0,1,1,6,1,49,8,2720,2,12,1,1,1
201806A342309,1,9,0,7,0,6,0,0,0,0,0,1,6,2,22,5,1398,1,2,2,1,2
201806A342309,2,5,0,18,0,8,0,0,0,0,0,1,6,1,42,7,649,1,11,2,1,2
201806A342406,1,9,0,9,1,8,0,0,0,0,1,1,1,2,21,5,1229,1,7,2,1,2
201806A342406,2,9,0,18,1,8,0,0,0,0,1,1,1,2,29,6,973,1,16,5,1,5
201806A342429,1,9,0,18,0,8,0,0,0,0,1,1,6,1,46,8,1582,2,6,1,1,1
201806A342429,2,9,0,18,0,8,0,0,0,0,1,1,6,1,25,5,2000,2,13,1,1,1
201806A342429,3,9,0,2,0,3,0,0,0,0,1,1,6,1,38,7,-1,-1,-1,-1,1,-1
201806A342442,1,4,0,18,0,1,2,0,0,0,1,1,4,1,44,7,670,1,6,1,1,1
201806A342746,1,9,0,15,0,1,0,4,0,0,1,1,6,1,21,5,999,1,2,5,1,5
201806A342746,2,9,0,2,0,1,0,0,0,0,3,1,6,1,30,6,1800,1,21,-1,-1,-1
201806A342746,3,9,0,2,0,1,0,4,0,0,1,1,6,2,62,9,1560,2,10,-1,-1,-1
201806A342746,4,9,0,2,0,1,0,4,0,0,1,1,6,1,30,6,1968,2,10,-1,-1,-1
201806A342920,1,4,0,18,0,0,0,0,0,0,1,1,6,1,30,6,200,1,2,-1,-1,-1
201806A342920,2,9,0,18,0,0,0,0,0,0,3,1,6,1,30,6,1242,1,10,3,1,3
201806A342979,1,9,0,9,0,2,0,0,0,0,3,1,6,1,71,10,3311,8,12,1,1,1
201806A343064,1,9,0,5,0,1,0,0,0,0,1,1,1,1,49,8,-1,-1,-1,2,1,2
201806A343483,1,9,0,16,0,0,0,0,0,0,1,1,6,3,-1,-1,1198,1,12,-1,-1,-1
201806A343483,2,9,0,17,0,0,0,0,0,0,1,1,6,1,48,8,1461,2,6,1,1,1
201806A343513,1,9,0,18,0,0,0,0,0,0,4,1,2,2,27,6,1242,1,3,-1,-1,-1
201806A343588,1,90,0,5,0,6,0,0,0,0,4,1,6,3,-1,-1,-1,-1,-1,-1,-1,-1
201806A343690,1,90,0,18,0,8,0,0,0,0,1,1,6,1,30,6,-1,-1,-1,-1,-1,-1
201806A343690,2,9,0,10,0,8,0,0,0,0,2,1,6,1,27,6,1995,2,13,1,1,1
201806A343715,1,9,0,9,0,8,0,0,0,0,1,1,6,1,32,6,1597,1,14,2,1,2
201806A343715,2,9,0,18,0,8,0,0,0,0,3,1,6,1,33,6,1798,8,2,2,1,2
201806A343741,1,2,0,18,9,0,2,0,0,0,1,1,6,1,30,6,-1,-1,-1,-1,-1,-1
201806A343749,1,9,0,18,0,8,0,0,1,10,1,1,6,1,18,4,1686,2,4,1,1,1
201806A343749,2,9,0,18,0,8,0,0,0,0,4,1,6,1,24,5,1598,2,5,1,1,1
201806A343754,1,9,0,18,0,8,0,0,7,0,4,1,6,2,28,6,998,1,18,1,1,1
201806A343754,2,9,0,18,0,8,0,0,0,0,1,1,6,2,45,7,1328,1,12,1,1,1
201806A343833,1,9,0,18,0,2,5,10,8,10,1,1,6,1,25,5,1968,2,5,3,1,3
201806A343835,1,9,0,16,0,2,0,0,0,0,1,1,6,1,37,7,1997,2,16,1,1,1
201806A343878,1,1,0,18,0,8,0,0,0,0,4,1,6,1,44,7,-1,-1,-1,2,1,2
201806A343878,2,9,0,18,0,8,0,0,0,0,3,1,6,2,26,6,-1,-1,-1,1,1,1
201806A343901,1,9,0,9,0,8,0,0,0,0,1,1,6,1,30,6,-1,-1,-1,-1,-1,-1
201806A343901,2,1,0,9,0,8,0,0,0,0,1,1,6,1,21,5,-1,-1,-1,1,1,1
201806A343928,1,11,0,18,0,8,0,0,0,0,0,1,1,1,42,7,6700,2,1,-1,-1,-1
201806A343948,1,21,0,16,0,8,0,0,0,0,3,1,1,3,-1,-1,-1,-1,-1,-1,-1,-1
201806A343948,2,8,0,2,0,2,0,0,0,0,3,1,1,1,49,8,1560,2,5,1,1,1
201806A344046,1,9,0,18,0,8,0,0,0,0,1,1,6,1,64,9,2461,2,21,4,1,4
201806A344046,2,9,0,18,0,8,0,0,0,0,1,1,6,2,65,9,998,1,5,1,1,1
201806A344048,1,3,0,18,0,0,0,0,0,0,1,1,6,3,-1,-1,108,1,6,-1,-1,-1
201806A344048,2,9,0,18,0,0,0,0,0,0,1,1,6,1,25,5,1595,1,6,1,1,1
201806A344048,3,19,0,2,0,0,0,0,0,0,3,1,6,1,30,6,-1,-1,-1,-1,-1,-1
201806A344054,1,8,0,18,0,8,0,0,0,0,1,1,1,1,53,8,1992,2,11,1,1,1