Accident_Index,Vehicle_Reference,Vehicle_Type,Towing_and_Articulation,Vehicle_Manoeuvre,Vehicle_Location-Restricted_Lane,Junction_Location,Skidding_and_Overturning,Hit_Object_in_Carriageway,Vehicle_Leaving_Carriageway,Hit_Object_off_Carriageway,1st_Point_of_Impact,Was_Vehicle_Left_Hand_Drive?,Journey_Purpose_of_Driver,Sex_of_Driver,Age_of_Driver,Age_Band_of_Driver,Engine_Capacity_(CC),Propulsion_Code,Age_of_Vehicle,Driver_IMD_Decile,Driver_Home_Area_Type,Vehicle_IMD_Decile
201806A344054,2,9,0,18,0,8,0,0,0,0,1,1,1,1,37,7,1896,2,10,5,1,5
201806A344091,1,9,0,18,0,0,0,0,7,10,1,1,6,1,30,6,1364,1,11,-1,-1,-1
201806A344203,1,9,0,7,0,5,0,0,0,0,3,1,6,3,-1,-1,2143,2,2,-1,-1,-1
201806A344203,2,1,0,18,0,8,2,0,0,0,2,1,2,1,25,5,-1,-1,-1,3,1,3
201806A344302,1,9,0,7,0,8,0,0,0,0,1,1,6,1,25,5,-1,-1,-1,-1,-1,-1
201806A344302,2,9,0,18,0,8,0,0,0,0,1,1,6,1,30,6,1461,2,6,4,1,4
201806A344333,1,19,0,18,0,1,0,0,0,0,1,1,6,1,30,6,1870,2,12,-1,-1,-1
201806A344333,2,19,0,3,0,1,0,0,0,0,2,1,6,1,55,8,1995,2,6,3,1,3
201806A344343,1,9,0,18,0,1,0,0,0,0,1,1,6,2,30,6,1995,2,8,-1,-1,-1
201806A344343,2,1,0,18,0,8,0,0,0,0,1,1,6,1,20,4,-1,-1,-1,1,1,1
201806A344348,1,4,0,7,0,1,0,0,0,0,4,1,6,1,30,6,-1,-1,-1,-1,-1,-1
201806A344348,2,1,0,18,0,8,0,0,0,0,1,1,4,1,17,4,-1,-1,-1,2,1,2
201806A344358,1,9,0,5,0,8,0,0,0,0,4,1,1,1,27,6,6208,1,6,-1,-1,-1
201806A344358,2,9,0,5,0,8,0,0,0,0,3,1,1,2,31,6,1242,1,3,1,1,1
201806A344489,1,19,0,18,0,8,0,0,1,10,4,1,6,1,32,6,2143,2,2,2,1,2
201806A344489,2,9,0,18,0,8,0,0,1,10,3,1,6,2,27,6,2521,1,9,1,1,1
201806A344511,1,8,0,12,0,8,0,0,0,0,3,1,1,1,30,6,1686,2,8,2,1,2
201806A344511,2,8,0,18,0,8,0,0,7,4,4,1,1,1,64,9,1582,2,7,4,1,4
201806A344595,1,9,0,18,0,8,0,0,0,0,1,1,6,3,-1,-1,998,1,16,-1,-1,-1
201806A344595,2,9,0,18,0,8,0,0,0,0,2,1,6,1,20,4,1229,1,12,1,1,1
201806A344595,3,9,0,18,0,8,0,0,0,0,2,1,6,1,30,6,2143,2,6,3,1,3
201806A344607,1,9,0,9,0,8,0,0,0,0,3,1,6,2,50,8,1598,1,10,1,1,1
201806A344607,2,5,0,18,0,8,0,0,0,0,1,1,6,1,34,6,656,1,7,9,1,9
201806A344976,1,9,0,18,0,2,1,0,8,0,1,1,6,1,39,7,1998,2,13,1,1,1
201806A344976,2,9,0,18,0,2,0,0,0,0,0,1,1,1,30,6,2993,2,1,-1,-1,-1
201806A344976,3,9,0,18,0,2,0,0,0,0,0,1,1,1,30,6,-1,-1,-1,-1,-1,-1
201806A344995,1,9,0,18,0,8,0,0,0,0,3,1,6,1,30,6,1497,1,15,-1,-1,-1
201806A344995,2,9,0,18,0,8,0,0,0,0,1,1,6,1,45,7,1995,2,8,2,1,2
201806A345009,1,9,0,9,0,6,0,0,0,0,1,1,6,1,30,6,1364,1,11,-1,-1,-1
201806A345009,2,9,0,18,0,8,0,0,0,0,4,1,6,2,27,6,1685,2,1,3,1,3
201806A345021,1,9,0,18,0,0,0,0,0,0,1,1,6,2,44,7,2198,1,15,1,1,1
201806A345231,1,9,0,18,0,8,1,0,1,10,1,1,6,1,30,6,1910,2,11,-1,-1,-1
201806A345231,2,9,0,7,0,6,0,0,0,0,1,1,6,1,41,7,2993,2,7,1,1,1
201806A345376,1,4,0,18,0,1,0,10,3,10,1,1,6,1,19,4,-1,-1,-1,-1,-1,-1
201806A345376,2,9,0,18,0,1,0,0,0,0,0,1,1,1,43,7,1598,2,3,3,1,3
201806A345380,1,9,0,9,0,6,0,0,0,0,1,1,2,2,23,5,-1,-1,-1,1,1,1
201806A345380,2,3,0,18,0,8,0,0,0,0,1,1,2,2,23,5,-1,-1,-1,5,1,5
201806A345407,1,9,0,18,0,1,0,0,0,0,1,1,6,1,37,7,1900,2,19,1,1,1
201806A345407,2,5,0,18,0,1,0,0,0,0,2,1,6,1,57,9,-1,-1,-1,1,1,1
201806A345412,1,9,0,18,0,8,0,0,0,0,0,1,6,1,58,9,-1,-1,-1,10,1,10
201806A345434,1,9,0,6,9,8,0,0,0,0,1,1,3,2,38,7,1956,2,8,1,1,1
201806A345443,1,9,0,18,0,8,0,0,7,10,4,1,6,1,38,7,1991,1,18,1,1,1
201806A345443,2,19,0,18,0,8,0,0,0,0,1,1,1,1,43,7,-1,-1,-1,2,1,2
201806A345451,1,9,0,18,0,8,0,0,0,0,1,1,2,1,45,7,1595,2,8,1,1,1
201806A345451,2,90,0,2,0,8,0,0,0,0,2,1,1,1,30,6,-1,-1,-1,-1,-1,-1
201806A345521,1,9,0,2,0,1,0,0,0,0,3,1,6,1,30,6,1997,2,16,1,1,1
201806A345521,2,1,0,17,0,1,5,8,0,0,1,1,2,1,52,8,-1,-1,-1,1,1,1
201806A345592,1,3,0,17,0,0,0,10,3,0,1,1,6,1,28,6,125,1,4,8,2,8
201806A345702,1,5,0,17,0,0,0,0,7,10,4,1,6,1,38,7,996,1,21,1,1,1
201806A345704,1,9,0,18,0,6,0,0,0,3,3,1,6,1,21,5,1124,1,15,1,1,1
201806A345704,2,9,0,18,0,8,0,0,0,0,1,1,2,1,43,7,1995,2,8,1,1,1
201806A345704,3,9,0,2,0,2,0,0,0,0,3,1,2,1,40,7,1995,2,8,5,1,5
201806A345888,1,9,0,18,0,8,0,0,0,0,1,1,6,1,32,6,-1,-1,-1,1,1,1
201806A345888,2,9,0,18,0,8,0,0,0,0,4,1,6,1,50,8,998,1,8,1,1,1
201806A345906,1,3,0,18,0,0,0,0,0,0,1,1,6,3,-1,-1,-1,-1,-1,-1,-1,-1
201806A345938,1,1,0,7,0,8,0,0,0,0,1,1,4,1,12,3,-1,-1,-1,1,1,1
201806A345938,2,9,0,18,0,8,0,0,0,0,1,1,1,2,33,6,1461,2,4,6,1,6
201806A345952,1,4,0,18,0,0,1,0,0,0,1,1,6,1,20,4,124,1,4,-1,-1,-1
201806A345952,2,9,0,3,0,0,0,0,0,0,2,1,3,2,27,6,1461,2,6,1,1,1
201806A345973,1,9,0,9,0,8,0,0,0,0,1,1,6,2,36,7,1339,1,16,-1,-1,-1
201806A345973,2,9,0,18,0,8,0,0,0,0,3,1,6,1,65,9,1968,2,7,6,1,6
201806A345988,1,9,0,7,0,8,0,0,0,0,2,1,6,3,-1,-1,1598,2,5,-1,-1,-1
201806A345988,2,1,0,18,4,8,0,0,0,0,1,1,6,2,29,6,-1,-1,-1,1,-1,1
201806A346262,1,9,0,18,0,0,0,0,0,0,1,1,6,2,40,7,1753,2,11,1,1,1
201806A346262,2,9,0,18,0,0,0,0,0,0,2,1,6,1,47,8,2597,1,15,3,1,3
201806A346262,3,9,0,18,0,0,0,0,0,0,0,1,6,3,30,6,1598,2,6,-1,-1,-1
201806A346262,4,9,0,18,0,0,0,0,0,0,0,1,6,3,30,6,1242,1,10,-1,-1,-1
201806A346442,1,9,0,6,0,0,0,0,0,0,3,1,1,2,35,6,1360,1,8,-1,-1,-1
201806A346442,2,9,0,14,0,0,0,0,0,0,1,1,1,2,45,7,1591,1,-1,-1,-1,-1
201806A346543,1,9,0,18,0,8,0,0,0,0,1,1,1,1,30,6,1422,2,13,6,1,6
201806A346543,2,1,0,18,0,8,0,0,0,0,1,1,6,1,6,2,-1,-1,-1,1,1,1
201806A346556,1,9,0,18,0,2,0,0,0,0,1,1,6,2,42,7,1360,1,12,1,1,1
201806A346593,1,9,0,18,0,8,1,0,7,10,3,1,6,1,19,4,1984,1,8,1,1,1
201806A346593,2,9,0,18,0,8,1,0,7,10,1,1,6,2,33,6,1596,1,11,1,1,1
201806A346808,1,9,0,18,0,6,0,0,0,0,1,1,6,3,-1,-1,1229,1,11,-1,-1,-1
201806A346808,2,9,0,18,0,8,0,0,0,0,3,1,6,1,58,9,1796,1,14,9,1,9
201806A346813,1,9,0,9,0,8,0,0,0,0,1,1,6,1,24,5,1499,2,2,4,1,4
201806A346813,2,5,0,18,0,8,0,0,0,0,3,1,6,1,24,5,125,1,1,4,1,4
201806A347003,1,9,0,18,0,1,0,0,0,0,1,1,6,1,30,6,-1,-1,-1,-1,-1,-1
201806A347003,2,9,0,9,0,1,0,0,0,0,2,1,6,2,27,6,999,1,1,2,1,2
201806A347019,1,1,0,18,0,1,0,0,0,0,1,1,2,1,52,8,-1,-1,-1,-1,-1,-1
201806A347019,2,9,0,5,0,1,0,0,0,0,3,1,2,1,44,7,1598,1,13,1,1,1
201806A347183,1,20,0,3,0,0,0,0,0,0,1,1,1,1,53,8,4461,2,8,3,1,3
201806A347183,2,9,0,5,0,0,0,0,0,0,2,1,6,1,19,4,1968,2,9,1,1,1
201806A347208,1,9,0,14,0,0,1,10,3,0,1,1,6,3,-1,-1,1242,1,16,-1,-1,-1
201806A347208,2,9,0,18,0,0,0,0,0,0,4,1,6,1,41,7,1998,1,15,1,1,1
201806A347288,1,11,0,5,0,8,0,0,0,0,1,1,1,1,32,6,4500,2,7,6,1,6
201806A347288,2,1,0,3,0,8,0,0,0,0,1,1,6,1,18,4,-1,-1,-1,1,1,1
201806A347343,1,9,0,18,0,8,0,0,0,0,1,1,6,2,25,5,1242,1,8,-1,-1,-1
201806A347400,1,5,0,13,0,8,0,0,0,0,1,1,6,1,25,5,689,1,1,1,1,1
201806A347400,2,9,0,18,0,8,0,0,0,0,4,1,6,1,20,4,998,1,2,3,1,3
201806A347400,3,9,0,18,0,8,0,0,0,0,0,1,6,1,63,9,1753,2,10,1,1,1
201806A347431,1,9,0,18,0,8,0,0,0,0,1,1,6,2,30,6,1598,1,2,1,1,1
201806A347431,2,9,0,18,0,8,0,0,0,0,1,1,6,2,35,6,1995,2,3,1,1,1
201806A347566,1,9,0,18,0,2,0,0,0,0,2,1,6,3,-1,-1,1229,1,7,-1,-1,-1
201806A347566,2,9,0,18,0,2,0,0,0,0,1,1,6,1,43,7,998,1,1,3,1,3
201806A347600,1,3,0,18,0,8,0,0,1,10,1,1,6,1,30,6,-1,-1,-1,-1,-1,-1
201806A347600,2,9,0,9,0,8,0,0,0,0,3,1,6,2,59,9,999,1,-1,1,1,1
201806A347828,1,9,0,9,0,6,0,0,0,0,3,1,6,2,27,6,1395,1,2,2,1,2
201806A347828,2,9,0,18,0,1,0,0,0,0,1,1,6,1,44,7,1398,2,16,1,1,1
201806A347899,1,9,0,18,0,8,0,0,0,0,1,1,6,1,59,9,1598,2,1,1,1,1
201806A347899,2,9,0,18,0,8,0,0,0,0,3,1,6,1,57,9,1685,2,1,2,1,2
201806A347941,1,9,0,3,0,1,0,0,0,0,1,1,6,2,26,6,1598,2,6,10,1,10
201806A347941,2,9,0,4,0,1,0,0,0,0,2,1,6,2,56,9,898,1,1,1,1,1
201806A347986,1,9,0,18,0,0,0,0,0,0,4,1,6,1,30,6,1995,2,13,-1,-1,-1
201806A347986,2,9,0,2,0,0,0,0,0,0,3,1,6,1,30,6,1368,1,14,-1,-1,-1
201806A347986,3,10,0,2,0,0,0,0,0,0,2,1,1,1,57,9,2148,2,10,1,1,1
201806A348095,1,9,0,18,0,2,0,0,0,0,1,1,6,1,30,6,1968,2,1,-1,-1,-1
201806A348095,2,9,0,18,0,2,0,0,0,0,3,1,6,1,54,8,1997,2,14,6,1,6
201806A348199,1,9,0,18,0,1,1,0,0,0,1,1,6,2,30,6,1229,1,8,-1,-1,-1
201806A348199,2,9,0,3,0,1,0,0,0,0,2,1,6,1,33,6,1229,1,10,4,1,4
201806A348344,1,9,0,7,0,8,0,0,0,0,1,1,6,1,19,4,1968,2,3,1,1,1
201806A348344,2,9,0,18,0,8,0,0,0,0,1,1,6,1,65,9,1596,1,7,6,1,6
201806A348403,1,21,1,18,0,1,0,0,0,0,1,1,1,1,30,6,10308,2,5,-1,-1,-1
201806A348403,2,8,0,3,0,1,0,0,0,2,0,1,1,1,49,8,1598,2,4,4,1,4
201806A348489,1,9,0,18,0,0,1,10,0,10,1,1,6,1,30,6,2143,2,3,8,2,8
201806A348517,1,9,0,9,0,8,0,0,0,0,3,1,2,1,18,4,1598,1,16,5,3,5
201806A348517,2,11,0,5,0,2,0,0,0,0,1,1,1,1,34,6,6700,2,10,1,1,1
201806A348543,1,5,0,18,0,1,1,0,0,0,1,1,6,1,30,6,487,1,18,-1,-1,-1
201806A348569,1,3,0,18,0,8,0,0,0,0,4,1,6,1,30,6,125,1,1,-1,-1,-1
201806A348569,2,9,0,18,0,8,0,0,0,0,1,1,6,2,30,6,1296,1,11,1,1,1
201806A348578,1,19,0,5,0,8,0,0,0,0,3,1,1,2,33,6,1248,2,-1,2,1,2
201806A348578,2,5,0,18,0,8,0,0,0,0,4,1,6,1,41,7,599,1,19,2,1,2
201806A348649,1,9,0,9,0,8,0,0,0,0,1,1,6,3,-1,-1,1598,2,5,-1,-1,-1
201806A348649,2,9,0,18,0,8,0,0,0,0,4,1,6,1,45,7,1197,1,2,8,1,8
201806A348778,1,9,0,18,0,0,0,0,0,0,4,1,6,1,50,8,493,1,7,1,1,1
201806A348778,2,90,0,15,0,0,0,0,0,0,3,1,6,1,36,7,-1,-1,-1,1,1,1
201806A349022,1,9,0,18,0,1,0,0,0,0,1,1,6,2,30,6,1496,2,2,8,1,8
201806A349022,2,9,0,3,0,1,0,0,0,0,2,1,6,1,22,5,1061,1,14,8,1,8
201806A349022,3,9,0,3,0,1,0,0,0,0,2,1,6,1,31,6,1968,2,8,1,1,1
201806A349135,1,9,0,5,0,8,0,0,0,0,1,1,6,1,30,6,1560,2,11,4,1,4
201806A349135,2,9,0,9,0,8,0,0,0,0,4,1,6,1,20,4,1200,1,3,5,1,5
201806A349257,1,9,0,4,0,1,0,0,0,0,2,1,6,2,30,6,1364,1,9,-1,-1,-1
201806A349257,2,9,0,3,0,1,0,0,0,0,2,1,6,2,36,7,1197,1,2,4,1,4
201806A349261,1,9,0,5,0,2,0,0,0,0,1,1,6,1,30,6,2231,2,9,-1,-1,-1
201806A349319,1,10,0,9,0,6,0,0,0,0,3,1,1,1,30,6,2998,2,11,-1,-1,-1
201806A349319,2,11,0,18,0,8,0,0,0,0,1,1,1,1,48,8,8300,2,11,3,1,3
201806A349346,1,11,0,18,0,1,0,0,0,0,4,1,1,1,33,6,8300,2,11,3,1,3
201806A349346,2,9,0,2,0,1,0,0,0,0,3,1,6,2,24,5,1598,1,13,1,1,1
201806A349374,1,9,0,9,0,5,0,0,0,0,1,1,6,2,24,5,1991,8,2,9,2,9
201806A349374,2,9,0,18,0,8,0,0,0,0,1,1,2,1,45,7,1796,1,10,1,1,1
201806A349393,1,9,0,18,0,1,0,0,0,0,0,1,6,3,-1,-1,-1,-1,-1,-1,-1,-1
201806A349519,1,9,0,18,0,8,1,0,3,0,1,1,6,1,39,7,-1,-1,-1,1,1,1
201806A349519,2,19,0,5,0,8,0,11,3,10,4,1,1,1,37,7,2148,2,8,2,1,2
201806A349524,1,3,0,4,0,6,1,0,0,0,1,1,6,1,37,7,-1,-1,-1,-1,-1,-1
201806A349524,2,9,0,9,0,5,0,0,0,0,0,1,6,2,27,6,-1,-1,-1,-1,-1,-1
201806A349606,1,9,0,18,0,5,2,0,0,0,1,1,6,1,31,6,1368,1,1,2,1,2
201806A349606,2,3,0,18,0,8,0,0,0,0,3,1,6,2,42,7,471,1,5,1,1,1
201806A349731,1,9,0,18,0,2,0,0,0,0,4,1,6,2,30,6,1968,2,4,-1,-1,-1
201806A349731,2,9,0,18,0,2,0,0,0,0,1,1,1,1,41,7,1598,2,4,1,1,1
201806A349762,1,9,0,18,0,8,0,0,0,0,1,1,6,3,-1,-1,999,1,3,-1,-1,-1
201806A349762,2,90,0,18,0,8,0,0,0,0,2,1,6,1,30,6,-1,-1,-1,4,1,4
201806A349791,1,3,0,9,0,6,0,0,1,0,1,1,6,1,30,6,124,1,7,-1,-1,-1
201806A349791,2,9,0,18,0,8,0,0,0,0,1,1,6,2,35,6,-1,-1,-1,-1,-1,-1
201806A349801,1,4,0,13,0,8,0,0,0,0,1,1,6,1,44,7,-1,-1,-1,-1,-1,-1
201806A349801,2,9,0,9,0,8,0,0,0,0,3,1,6,2,60,9,1799,1,10,1,1,1
201806A350030,1,20,0,9,0,2,0,0,0,0,3,1,6,1,46,8,-1,-1,-1,2,1,2
201806A350054,1,1,0,18,0,0,0,0,0,0,1,1,6,1,30,6,-1,-1,-1,1,1,1
201806A350054,2,9,0,18,0,0,0,0,0,0,1,1,6,2,45,7,-1,-1,-1,8,1,8
201806A350454,1,8,0,9,0,8,0,0,0,0,1,1,1,1,44,7,1968,2,6,3,1,3
201806A350454,2,8,0,18,0,8,0,0,1,10,1,1,1,1,40,7,1197,1,2,5,1,5
201806A350457,1,9,0,5,0,8,0,0,0,0,1,1,6,2,40,7,-1,-1,-1,1,1,1
201806A350457,2,1,0,18,0,8,0,0,0,0,4,1,6,1,14,3,-1,-1,-1,1,1,1
201806A350458,1,9,0,18,0,6,0,0,0,0,1,1,2,1,22,5,1995,2,2,3,1,3
201806A350458,2,9,0,18,0,8,0,0,0,0,1,1,6,1,51,8,1796,1,13,1,1,1
201806A350458,3,9,0,18,0,8,0,0,0,0,1,1,6,1,27,6,1596,1,8,4,1,4
201806A350459,1,8,0,5,0,8,0,0,0,0,1,1,1,1,36,7,1598,2,8,1,1,1
201806A350459,2,9,0,5,0,8,0,0,0,0,1,1,6,1,22,5,998,1,12,1,1,1
201806A350596,1,9,0,9,0,8,0,0,0,0,1,1,6,2,30,6,-1,-1,-1,-1,-1,-1
201806A350596,2,1,0,18,0,8,0,0,0,0,3,1,4,1,30,6,-1,-1,-1,1,1,1
201806A350739,1,9,0,7,0,8,0,0,0,0,1,1,6,1,30,6,1461,2,4,-1,-1,-1
201806A350739,2,9,0,7,0,8,0,0,0,0,1,1,6,1,43,7,1396,2,6,1,1,1
201806A350902,1,19,0,7,0,2,0,0,0,0,0,1,6,3,-1,-1,-1,-1,-1,-1,-1,-1
201806A350902,2,9,0,4,0,8,0,0,0,0,1,1,6,1,30,6,-1,-1,-1,4,1,4
201806A350902,3,1,0,18,0,1,0,0,0,0,1,1,6,1,18,4,-1,-1,-1,1,1,1
201806A351139,1,9,0,18,0,8,0,0,0,0,3,1,6,1,30,6,1364,1,12,-1,-1,-1
201806A351139,2,9,0,18,0,8,0,0,0,0,0,1,1,1,40,7,2993,2,2,-1,-1,-1
201806A351139,3,9,0,18,0,8,0,0,0,0,1,1,6,2,46,8,1896,2,10,1,1,1
201806A351156,1,8,0,18,0,0,0,0,0,0,1,1,1,1,30,6,2499,2,5,3,1,3
201806A351209,1,9,0,18,0,1,0,0,0,0,1,1,6,3,-1,-1,1390,1,9,-1,-1,-1
201806A351209,2,9,0,3,0,1,0,0,0,0,2,1,6,1,56,9,1896,2,13,2,1,2
201806A351211,1,5,0,15,0,5,0,0,0,0,1,1,6,3,-1,-1,373,1,3,-1,-1,-1
201806A351211,2,9,0,10,0,2,0,0,0,0,2,1,6,1,43,7,1598,1,13,2,1,2
201806A351362,1,1,0,18,0,1,0,0,0,0,1,1,6,1,27,6,-1,-1,-1,1,1,1
201806A351362,2,9,0,7,0,1,0,0,0,0,4,1,6,1,50,8,1796,1,13,1,1,1
201806A351366,1,9,0,18,0,1,0,0,0,0,1,1,6,2,37,7,1968,2,10,1,1,1
201806A351366,2,9,0,8,0,1,0,0,0,0,2,1,6,1,32,6,1596,1,16,-1,-1,-1
201806A351433,1,9,0,9,0,8,0,0,0,0,1,1,6,1,26,6,1229,1,4,1,1,1
201806A351522,1,9,0,18,0,2,0,0,0,0,1,1,6,1,48,8,1997,2,5,2,1,2
201806A351522,2,9,0,18,0,2,0,0,0,0,2,1,6,1,24,5,1896,2,13,1,1,1
201806A351522,3,9,0,18,0,2,0,0,0,0,2,1,6,1,63,9,1968,2,9,2,1,2
201806A351579,1,9,0,18,0,8,0,0,0,0,1,1,6,3,-1,-1,1461,2,2,-1,-1,-1
201806A351579,2,9,0,3,0,8,0,0,0,0,2,1,6,1,53,8,1956,2,5,1,1,1
201806A351619,1,9,0,18,0,6,0,0,0,0,1,1,6,1,60,9,1390,1,4,4,1,4
201806A351646,1,9,0,18,0,8,0,0,0,0,1,1,6,2,43,7,1498,1,6,1,1,1
201806A351646,2,4,0,18,0,8,0,0,0,0,3,1,6,1,20,4,373,1,2,1,1,1
201806A351850,1,19,0,9,0,6,0,0,0,0,4,1,1,1,52,8,2143,2,1,5,1,5
201806A351850,2,9,0,18,0,1,0,0,7,2,3,1,6,1,26,6,1364,2,4,-1,-1,-1
201806A351928,1,9,0,18,0,1,0,0,0,0,1,1,6,1,30,6,-1,-1,-1,-1,-1,-1
201806A351928,2,9,0,3,0,1,0,0,0,0,2,1,6,2,53,8,898,1,-1,1,1,1
201806A352213,1,9,0,3,0,1,0,0,0,0,1,1,6,2,53,8,1591,1,1,1,1,1
201806A352213,2,9,0,11,0,1,0,0,0,0,2,1,6,2,76,11,1242,1,15,1,1,1
201806A352389,1,8,0,9,0,1,0,0,0,0,1,1,1,1,30,6,1560,2,4,-1,-1,-1
201806A352389,2,9,0,3,0,6,0,0,0,0,2,1,6,2,25,5,1299,1,15,3,1,3
201806A352389,3,9,0,3,0,6,0,0,0,0,2,1,6,2,30,6,-1,-1,-1,-1,-1,-1
201806A352417,1,9,0,18,0,8,0,0,0,0,1,1,6,1,33,6,1995,2,7,1,1,1
201806A352417,2,9,0,18,0,6,0,0,0,0,1,1,6,2,24,5,1395,1,-1,2,1,2
201806A352482,1,9,0,5,0,8,0,0,0,0,4,1,6,1,30,6,998,1,1,1,1,1
201806A352482,2,3,0,18,0,8,0,0,0,0,3,1,6,1,25,5,125,1,8,4,1,4
201806A352985,1,3,0,18,0,8,0,0,0,0,1,1,6,1,21,5,125,1,-1,1,1,1
201806A352985,2,9,0,9,0,8,0,0,0,0,1,1,6,1,25,5,2199,2,5,2,1,2
201806E138700,1,9,0,18,0,6,0,0,0,0,1,1,6,2,24,5,1200,1,2,2,1,2
201806E138700,2,9,0,18,0,8,0,0,0,0,4,1,6,2,25,5,-1,-1,-1,4,1,4
201806E139032,1,9,0,5,0,1,0,0,0,0,4,1,2,1,28,6,1560,2,9,7,1,7
201806E139106,1,9,0,18,0,0,0,0,0,0,4,1,6,3,-1,-1,-1,-1,-1,-1,-1,-1
201806E139106,2,1,0,18,0,0,0,0,0,0,3,1,6,1,20,4,-1,-1,-1,4,1,4
201806E139399,1,9,0,5,0,1,0,0,0,0,1,1,6,2,30,6,1596,1,10,-1,-1,-1
201806E139399,2,1,0,10,0,5,0,0,0,0,2,1,6,1,30,6,-1,-1,-1,4,1,4
201806E139447,1,11,0,7,0,2,0,0,0,0,0,1,1,1,45,7,6700,2,9,4,3,4
201806E139481,1,9,0,9,0,5,0,0,0,0,1,1,6,2,30,6,-1,-1,-1,-1,-1,-1
201806E139481,2,1,0,18,0,8,0,0,0,0,1,1,6,1,31,6,-1,-1,-1,4,1,4
201806E139685,1,9,0,18,0,8,1,0,0,0,1,1,6,3,-1,-1,1998,1,11,-1,-1,-1
201806E139685,2,8,0,18,0,8,1,0,1,10,1,1,1,1,28,6,1598,2,3,2,1,2
201806E139786,1,9,0,9,0,5,2,10,0,10,1,1,6,1,21,5,1995,2,8,2,1,2
201806E139877,1,9,0,18,0,8,0,0,0,0,1,1,6,1,20,4,1794,1,11,8,1,8
201806E139877,2,9,0,9,0,5,0,0,0,0,2,1,6,1,60,9,1598,1,10,4,1,4
201806E140018,1,9,0,9,0,6,0,0,0,0,4,1,6,1,36,7,1896,2,10,1,1,1
201806E140018,2,8,0,18,0,8,0,0,0,0,1,1,1,1,40,7,1598,2,5,-1,-1,-1
201806E140180,1,9,0,9,0,5,0,0,0,0,1,1,6,2,55,8,1496,1,1,7,1,7
201806E140180,2,9,0,18,0,8,0,0,0,0,3,1,6,1,42,7,1598,2,5,2,1,2
201806E140198,1,21,0,7,0,5,0,0,0,0,4,1,1,1,58,9,12740,2,1,9,1,9
201806E140198,2,1,0,18,4,8,0,0,0,0,1,1,6,2,20,4,-1,-1,-1,3,1,3
201806E140212,1,10,0,18,0,8,1,0,0,0,1,1,6,3,-1,-1,-1,-1,-1,-1,-1,-1
201806E140212,2,9,0,18,0,8,1,0,1,0,3,1,6,1,24,5,1199,1,16,1,1,1
201806E140212,3,9,0,3,0,1,0,0,0,0,3,1,2,2,23,5,1242,1,12,1,1,1
201806E140227,1,9,0,9,0,6,0,0,0,0,1,1,6,1,49,8,1900,2,12,1,1,1
201806E140277,1,9,0,3,0,0,0,0,0,0,4,1,6,2,54,8,1399,1,2,2,1,2
201806E140277,2,1,0,18,0,0,0,0,0,0,1,1,6,1,35,6,-1,-1,-1,7,1,7
201806E140381,1,9,0,18,0,1,0,0,0,0,3,1,6,1,34,6,1600,2,9,6,1,6
201806E140381,2,9,0,18,0,2,0,0,0,0,1,1,6,1,77,11,1240,1,10,-1,-1,-1
201806E140410,1,9,0,18,0,1,0,0,0,0,1,1,6,3,-1,-1,-1,-1,-1,-1,-1,-1
201806E140456,1,9,0,7,0,5,0,0,0,0,1,1,6,1,30,6,1199,1,17,2,1,2
201806E140456,2,1,0,18,4,8,0,0,0,0,1,1,2,1,42,7,-1,-1,-1,7,1,7
201806E140458,1,9,0,18,0,1,1,0,0,0,1,1,6,1,30,6,2656,1,15,-1,-1,-1
201806E140458,2,9,0,10,0,1,1,10,1,2,2,1,6,1,27,6,1339,1,14,1,1,1
201806E140486,1,9,0,5,9,2,0,0,0,0,3,1,2,1,30,6,-1,-1,-1,7,1,7
201806E140486,2,9,0,18,0,2,0,0,0,0,1,1,6,2,30,6,1400,1,11,2,1,2
201806E140546,1,9,0,4,0,0,0,0,0,0,3,1,6,1,27,6,1598,1,11,1,1,1
201806E140555,1,9,0,16,0,8,0,0,0,0,1,1,6,3,-1,-1,-1,-1,-1,-1,-1,-1
201806E140555,2,9,0,17,0,8,0,0,0,0,3,1,1,1,66,10,3498,1,7,7,1,7
201806E140560,1,8,0,18,0,6,0,0,0,0,1,1,1,1,30,6,1797,8,7,-1,-1,-1
201806E140560,2,1,0,18,0,8,0,0,0,0,2,1,1,2,40,7,-1,-1,-1,3,1,3
201806E140597,1,9,0,9,0,6,0,0,0,0,1,1,6,1,30,6,1198,1,9,-1,-1,-1
201806E140597,2,9,0,18,0,8,0,0,0,0,1,1,6,2,53,8,1499,1,3,2,1,2
201806E140663,1,10,0,14,0,1,0,0,0,0,3,1,6,3,-1,-1,2402,2,9,-1,-1,-1
201806E140663,2,9,0,10,0,5,0,0,0,0,4,1,2,1,46,8,-1,-1,-1,6,1,6
201806E140724,1,9,0,1,5,0,0,0,0,0,2,1,6,3,-1,-1,-1,-1,-1,-1,-1,-1
201806E140724,2,9,0,2,5,0,0,0,0,0,2,1,6,2,28,6,1198,1,3,3,1,3
201806E140731,1,9,0,6,0,0,0,0,0,0,3,1,6,1,30,6,-1,-1,-1,-1,-1,-1
201806E140731,2,1,0,18,0,0,0,0,0,0,4,1,6,1,21,5,-1,-1,-1,1,1,1
201806E140738,1,90,0,11,0,0,0,0,0,0,4,1,6,1,30,6,-1,-1,-1,-1,-1,-1