Accident_Index,Vehicle_Reference,Vehicle_Type,Towing_and_Articulation,Vehicle_Manoeuvre,Vehicle_Location-Restricted_Lane,Junction_Location,Skidding_and_Overturning,Hit_Object_in_Carriageway,Vehicle_Leaving_Carriageway,Hit_Object_off_Carriageway,1st_Point_of_Impact,Was_Vehicle_Left_Hand_Drive?,Journey_Purpose_of_Driver,Sex_of_Driver,Age_of_Driver,Age_Band_of_Driver,Engine_Capacity_(CC),Propulsion_Code,Age_of_Vehicle,Driver_IMD_Decile,Driver_Home_Area_Type,Vehicle_IMD_Decile
201806E149509,2,8,0,5,0,1,0,0,0,0,1,1,1,1,51,8,2499,2,11,1,1,1
201806E149588,1,9,0,10,0,8,0,0,0,0,2,1,6,2,30,6,1422,2,10,4,1,4
201806E149588,2,9,0,18,0,8,0,0,0,0,1,1,6,1,40,7,1368,1,3,4,1,4
201806E149637,1,5,0,18,0,3,0,0,0,0,0,1,6,1,29,6,647,1,-1,1,1,1
201806E149637,2,9,0,18,0,8,0,0,0,0,3,1,6,1,30,6,1497,1,12,1,1,1
201806E149718,1,9,0,18,0,2,0,0,0,0,1,1,6,2,30,6,-1,-1,-1,-1,-1,-1
201806E149745,1,9,0,18,0,2,0,0,0,0,1,1,6,3,-1,-1,1242,1,3,-1,-1,-1
201806E149745,2,9,0,18,0,8,0,0,0,0,1,1,6,1,32,6,1596,1,11,9,1,9
201806E149772,1,9,0,18,0,1,0,0,0,0,1,1,6,1,30,6,1587,1,13,-1,-1,-1
201806E149772,2,9,0,18,0,1,0,0,0,0,2,1,6,2,49,8,1461,2,2,1,1,1
201806E149772,3,9,0,18,0,1,0,0,0,0,2,1,6,2,42,7,1968,2,10,1,1,1
201806E149781,1,9,0,7,0,6,0,0,0,0,4,1,6,3,-1,-1,-1,-1,-1,-1,-1,-1
201806E149819,1,11,0,5,0,0,0,0,0,0,4,1,1,1,66,10,4461,2,5,7,1,7
201806E149819,2,1,0,18,0,0,0,0,0,0,1,1,6,1,30,6,-1,-1,-1,-1,-1,-1
201806E149843,1,8,0,9,0,8,0,0,0,0,1,1,1,1,23,5,1968,2,4,2,1,2
201806E149843,2,9,0,18,0,8,0,0,0,0,3,1,6,1,19,4,1600,2,8,3,1,3
201806E149866,1,9,0,18,0,8,0,0,0,0,0,1,6,1,30,6,1896,2,21,-1,-1,-1
201806E149866,2,9,0,7,0,8,0,0,0,0,1,1,1,1,53,8,1332,1,10,1,1,1
201806E149890,1,9,0,18,0,1,0,0,0,0,1,1,6,3,-1,-1,-1,-1,-1,-1,-1,-1
201806E149933,1,8,0,18,2,0,0,0,0,0,1,1,1,1,42,7,1598,2,7,2,1,2
201806E149948,1,9,0,4,0,2,0,0,0,0,0,1,6,1,23,5,1499,2,5,3,1,3
201806E149948,2,9,0,18,0,1,0,0,0,0,2,1,6,2,31,6,1598,1,7,3,1,3
201806E150032,1,9,0,18,0,1,0,0,0,0,4,1,6,3,-1,-1,-1,-1,-1,-1,-1,-1
201806E150032,2,1,0,18,8,1,0,0,0,1,0,1,6,1,37,7,-1,-1,-1,1,1,1
201806E150033,1,20,0,1,0,8,0,0,0,0,2,1,6,1,46,8,-1,-1,-1,1,1,1
201806E150228,1,21,0,7,0,5,0,0,0,0,4,1,1,1,50,8,10837,2,1,-1,-1,-1
201806E150228,2,1,0,18,0,8,0,0,0,0,3,1,6,1,23,5,-1,-1,-1,3,1,3
201806E150238,1,9,0,9,0,8,0,0,0,0,1,1,1,1,51,8,1598,2,7,1,1,1
201806E150238,2,1,0,18,0,8,0,0,0,0,1,1,6,1,23,5,-1,-1,-1,3,1,3
201806E150379,1,9,0,18,0,0,0,0,0,0,3,1,1,1,42,7,1999,2,2,1,1,1
201806E150379,2,1,0,18,0,0,0,0,0,0,1,1,1,1,36,7,-1,-1,-1,4,1,4
201806E150379,3,9,0,18,0,0,0,0,0,0,3,1,1,2,41,7,1398,1,5,1,1,1
201806E150379,4,9,0,18,0,0,0,0,0,0,1,1,1,1,28,6,1248,1,3,3,1,3
201806E150469,1,9,0,18,0,8,0,0,1,0,1,1,6,1,30,6,1596,1,14,-1,-1,-1
201806E150469,2,9,0,18,0,8,0,0,0,0,4,1,6,1,23,5,1799,1,11,6,1,6
201806E150469,3,9,0,18,0,8,0,0,0,0,3,1,6,2,20,4,1299,1,15,-1,1,-1
201806E150477,1,8,0,18,0,6,5,0,0,0,0,1,1,1,52,8,1598,2,7,3,1,3
201806E150477,2,3,0,18,0,1,1,0,0,0,0,1,6,2,29,6,124,1,9,9,1,9
201806E150543,1,9,0,5,0,1,0,0,0,0,1,1,6,2,46,8,1229,1,8,4,1,4
201806E150543,2,8,0,18,0,8,0,0,0,0,1,1,1,1,48,8,1598,2,6,4,1,4
201806E150579,1,9,0,18,0,0,0,0,0,0,4,1,6,1,19,4,1798,1,3,3,1,3
201806E150612,1,9,0,18,0,8,0,0,0,0,1,1,6,1,30,6,1598,2,4,-1,-1,-1
201806E150612,2,9,0,18,0,8,0,0,0,0,1,1,6,1,35,6,1597,2,3,2,1,2
201806E150657,1,9,0,9,0,8,0,0,0,0,1,1,6,3,-1,-1,1198,1,13,-1,-1,-1
201806E150657,2,1,0,18,0,8,0,0,0,0,3,1,6,1,33,6,-1,-1,-1,2,1,2
201806E150799,1,9,0,18,0,1,0,0,0,0,4,1,6,1,36,7,1198,1,6,1,1,1
201806E150890,1,9,0,18,0,1,0,0,0,0,4,1,6,1,59,9,2148,2,10,-1,-1,-1
201806E150890,2,9,0,18,0,1,0,0,0,0,3,1,6,1,35,6,-1,-1,-1,3,1,3
201806E150936,1,9,0,5,0,8,0,0,0,0,1,1,6,2,43,7,1685,2,1,1,1,1
201806E151080,1,9,0,18,0,2,0,0,0,0,3,1,2,2,28,6,-1,-1,-1,7,1,7
201806E151379,1,9,0,18,0,2,0,0,0,0,1,1,6,2,30,6,-1,-1,-1,-1,-1,-1
201806E151485,1,8,0,18,0,8,0,0,0,0,1,1,6,3,-1,-1,1596,1,16,-1,-1,-1
201806E151485,2,9,0,3,0,8,0,0,0,0,2,1,6,2,53,8,1598,1,-1,4,1,4
201806E151497,1,9,0,13,0,1,0,2,0,0,4,1,6,1,30,6,1461,2,3,-1,-1,-1
201806E151497,2,9,0,9,0,1,0,0,0,0,3,1,3,1,41,7,1598,2,5,1,1,1
201806E151615,1,8,0,18,0,0,0,0,0,0,1,1,1,1,72,10,2499,2,7,9,1,9
201806E151615,2,9,0,18,0,0,0,0,0,0,0,1,6,1,25,5,998,1,4,3,1,3
201806E151672,1,19,0,18,0,0,0,0,0,0,1,1,6,3,30,6,-1,-1,-1,-1,-1,-1
201806E151701,1,9,0,2,0,0,0,0,0,0,3,1,6,1,27,6,996,1,5,2,1,2
201806E151701,2,9,0,18,0,0,0,0,0,0,4,1,6,3,-1,-1,-1,-1,-1,-1,-1,-1
201806E151776,1,9,0,18,0,8,0,0,0,0,4,1,6,3,-1,-1,1124,1,16,-1,-1,-1
201806E151776,2,9,0,18,0,6,0,0,0,0,1,1,6,1,38,7,1994,1,17,2,1,2
201806E151932,1,9,0,9,0,8,0,0,0,0,1,1,6,2,27,6,1086,1,11,6,1,6
201806E151932,2,9,0,18,0,1,0,0,0,0,1,1,6,1,21,5,999,1,1,1,1,1
201806E151936,1,9,0,9,0,8,0,0,7,0,4,1,6,2,28,6,998,1,14,2,1,2
201806E151936,2,9,0,18,0,1,0,0,0,0,1,1,6,1,28,6,1896,2,9,6,1,6
201806E151961,1,9,0,5,0,8,0,0,0,0,1,1,6,2,40,7,1498,1,6,1,1,1
201806E156394,1,9,0,18,0,0,0,0,0,0,1,1,6,1,54,8,1598,1,3,-1,-1,-1
201806E239353,1,9,0,18,0,1,2,0,1,0,4,1,6,1,25,5,1900,2,14,3,1,3
201806E239353,2,9,0,2,9,1,0,0,0,0,3,1,6,2,30,6,998,1,1,-1,-1,-1
201806E239448,1,9,0,18,0,0,1,0,0,4,2,1,6,1,26,6,-1,-1,-1,1,1,1
201806E239496,1,9,0,18,0,8,0,0,0,0,1,1,6,1,34,6,1560,2,6,1,1,1
201806E239496,2,9,0,18,0,8,0,0,0,0,3,1,6,2,30,6,1197,1,1,-1,-1,-1
201806E239716,1,9,0,7,0,5,0,0,0,0,4,1,6,2,64,9,1349,1,7,4,1,4
201806E239784,1,9,0,2,0,0,0,0,0,0,3,1,1,2,39,7,998,1,3,6,1,6
201806E239784,2,1,0,14,0,0,2,4,0,0,1,1,2,2,19,4,-1,-1,-1,-1,-1,-1
201806E239813,1,9,0,10,0,5,0,0,0,0,1,1,6,1,30,6,1560,2,7,-1,-1,-1
201806E239813,2,9,0,10,0,5,0,0,0,0,1,1,2,2,47,8,1390,1,8,2,1,2
201806E239828,1,9,0,10,0,5,0,0,0,0,1,1,6,2,30,6,2143,2,2,1,1,1
201806E239828,2,9,0,10,0,5,0,0,0,0,2,1,6,1,22,5,1390,1,16,4,1,4
201806E240123,1,9,0,7,0,5,0,0,0,0,3,1,6,1,83,11,1339,1,14,1,1,1
201806E240365,1,8,0,9,0,5,0,0,0,0,4,1,1,1,44,7,1998,2,9,1,1,1
201806E240365,2,9,0,17,0,8,0,0,0,0,1,1,2,2,24,5,1497,1,16,2,1,2
201806E240453,1,9,0,4,0,0,0,0,0,0,4,1,6,1,30,6,-1,-1,-1,-1,-1,-1
201806E240453,2,1,0,18,0,0,0,0,0,0,3,1,6,2,51,8,-1,-1,-1,9,1,9
201806E240453,3,9,0,2,6,0,0,0,0,0,1,1,6,2,30,6,1388,1,10,-1,-1,-1
201806E240479,1,9,0,18,0,6,0,0,0,0,1,1,6,2,47,8,1229,1,4,-1,-1,-1
201806E240479,2,1,0,18,0,8,0,0,0,0,1,1,6,1,39,7,-1,-1,-1,2,1,2
201806E240517,1,9,0,18,0,0,0,0,0,0,1,1,6,3,-1,-1,1598,1,11,-1,-1,-1
201806E240517,2,8,0,4,0,0,0,0,0,0,2,1,1,1,38,7,1560,2,5,3,1,3
201806E240517,3,9,0,4,0,0,0,0,0,0,2,1,2,2,29,6,1248,1,3,1,1,1
201806E240522,1,9,0,5,0,0,0,0,0,0,1,1,6,1,30,6,1968,2,9,-1,-1,-1
201806E240522,2,9,0,2,0,0,0,0,0,0,1,1,1,1,31,6,999,1,1,6,1,6
201806E240659,1,9,0,18,0,8,0,0,0,0,4,1,6,3,-1,-1,1995,2,8,-1,-1,-1
201806E240659,2,9,0,18,0,8,0,0,0,0,3,1,6,2,38,7,1497,8,10,5,1,5
201806E240802,1,9,0,9,0,6,0,0,0,0,1,1,6,1,23,5,1398,1,8,4,1,4
201806E240802,2,3,0,18,0,1,0,0,0,0,1,1,6,1,33,6,125,1,3,2,1,2
201806E240932,1,9,0,13,0,2,0,0,0,0,4,1,6,2,30,6,1598,2,2,-1,-1,-1
201806E240932,2,9,0,5,0,2,0,0,0,0,3,1,6,1,29,6,999,1,1,4,1,4
201806E241005,1,5,0,18,0,8,0,0,0,0,1,1,6,1,22,5,1340,1,4,3,1,3
201806E241005,2,9,0,12,0,8,0,0,0,0,2,1,6,1,46,8,2926,2,16,1,1,1
201806E241530,1,9,0,7,0,2,1,0,0,0,1,1,6,3,-1,-1,-1,-1,-1,-1,-1,-1
201806E241530,2,9,0,3,0,1,0,0,0,0,1,1,6,1,21,5,1368,1,11,1,1,1
201806E241530,3,9,0,7,0,2,0,0,0,0,0,1,1,1,38,7,2993,2,2,1,1,1
201806E241622,1,9,0,1,0,8,0,0,0,0,2,1,6,3,-1,-1,1560,2,13,-1,-1,-1
201806E241622,2,9,0,4,0,8,0,0,0,0,3,1,6,1,71,10,-1,-1,-1,2,1,2
201806E241760,1,9,0,7,0,8,0,0,0,0,1,1,2,2,30,6,1197,1,3,1,1,1
201806E241760,2,1,0,18,0,8,0,0,0,0,1,1,6,2,30,6,-1,-1,-1,-1,-1,-1
201806E241761,1,9,0,2,0,0,0,0,0,0,1,1,2,2,39,7,1991,2,10,2,1,2
201806E241761,2,9,0,1,0,0,0,0,0,0,2,1,6,3,-1,-1,998,1,15,-1,-1,-1
201806E241772,1,4,0,18,0,8,2,0,0,0,1,1,6,1,25,5,449,1,13,2,1,2
201806E241772,2,11,0,9,0,5,0,0,0,4,0,1,1,1,56,9,4250,2,6,4,1,4
201806E241979,1,9,0,7,4,8,0,0,0,0,3,1,3,2,46,8,1997,1,10,-1,-1,-1
201806E241979,2,1,0,18,4,8,0,0,0,0,1,1,2,1,30,6,-1,-1,-1,5,1,5
201806E242057,1,9,0,18,0,0,5,0,1,10,1,1,6,1,20,4,1398,1,13,2,1,2
201806E242057,2,9,0,2,9,0,0,0,0,0,2,1,6,2,30,6,1339,1,10,-1,-1,-1
201806E242116,1,8,0,7,0,8,0,0,0,0,0,1,6,1,30,6,1798,8,2,2,1,2
201806E242116,2,1,0,18,0,8,0,0,0,0,0,1,6,1,22,5,-1,-1,-1,3,1,3
201806E242117,1,9,0,5,0,8,0,0,0,0,1,1,2,1,48,8,1956,2,4,1,1,1
201806E242117,2,1,0,18,0,8,5,0,0,0,4,1,6,1,24,5,-1,-1,-1,4,1,4
201806E242139,1,9,0,18,0,8,0,0,0,0,1,1,6,3,-1,-1,1598,2,4,-1,-1,-1
201806E242139,2,9,0,3,0,8,0,0,0,0,2,1,6,1,29,6,1956,2,7,2,1,2
201806E242142,1,9,0,9,0,1,0,0,0,0,0,1,6,1,30,6,1910,2,13,-1,-1,-1
201806E242404,1,9,0,18,0,0,0,0,0,0,3,1,6,2,20,4,1229,1,9,3,1,3
201806E242735,1,11,0,18,8,1,0,0,0,1,0,1,1,1,42,7,6700,2,10,3,1,3
201806E242769,1,9,0,9,0,6,0,0,0,0,1,1,6,1,46,8,1968,2,6,2,1,2
201806E242769,2,9,0,18,0,8,0,0,2,2,3,1,6,2,22,5,1599,1,10,3,1,3
201806E242781,1,9,0,18,0,0,0,0,0,0,1,1,6,2,20,4,998,1,5,1,1,1
201806E242781,2,9,0,2,0,0,0,0,0,0,2,1,6,1,30,6,1388,1,13,2,1,2
201806E242795,1,9,0,18,0,6,0,0,0,0,1,1,6,3,-1,-1,2685,2,14,-1,-1,-1
201806E242795,2,9,0,18,0,8,0,0,0,0,2,1,6,1,61,9,1896,2,17,-1,-1,-1
201806E242966,1,9,0,18,0,8,0,0,0,0,4,1,6,3,-1,-1,-1,-1,-1,-1,-1,-1
201806E242966,2,1,0,18,0,4,0,0,0,0,1,1,6,1,47,8,-1,-1,-1,1,1,1
201806E243060,1,9,0,18,0,8,0,0,0,10,4,1,6,1,26,6,1229,1,11,1,1,1
201806E243060,2,9,0,18,0,8,0,0,0,0,1,1,6,1,34,6,998,1,18,1,1,1
201806E243090,1,9,0,18,0,1,0,0,0,0,1,1,6,1,32,6,2143,2,3,1,1,1
201806E243090,2,9,0,3,0,1,0,0,0,0,2,1,6,2,49,8,1910,2,10,3,1,3
201806E243101,1,9,0,5,0,8,0,0,0,0,1,1,6,2,49,8,1596,1,14,1,1,1
201806E243101,2,9,0,5,0,8,0,0,0,0,1,1,6,1,27,6,-1,-1,-1,1,1,1
201806E243243,1,9,0,18,0,1,0,0,0,0,1,1,2,1,28,6,1560,2,4,8,1,8
201806E243301,1,9,0,18,0,0,0,0,0,0,4,1,6,3,30,6,1900,2,14,-1,-1,-1
201806E243301,2,9,0,5,6,0,0,0,0,0,3,1,6,1,23,5,-1,-1,-1,4,1,4
201806E243317,1,1,0,5,0,8,0,0,0,0,3,1,6,1,45,7,-1,-1,-1,10,1,10
201806E243317,2,9,0,9,0,6,0,0,0,0,3,1,6,2,18,4,1598,2,6,2,1,2
201806E243347,1,9,0,18,0,8,0,0,0,0,3,1,6,1,30,6,-1,-1,-1,-1,-1,-1
201806E243347,2,9,0,18,0,8,0,0,0,0,1,1,6,1,31,6,1797,8,6,4,1,4
201806E243586,1,9,0,9,0,8,0,0,0,0,4,1,6,2,25,5,1598,1,15,2,1,2
201806E243586,2,9,0,18,0,8,0,0,0,0,1,1,1,1,31,6,1968,2,6,4,1,4
201806E243590,1,9,0,18,0,0,0,0,0,0,1,1,6,1,30,6,2149,2,11,-1,-1,-1
201806E243590,2,10,0,3,0,0,0,0,0,0,2,1,6,1,40,7,-1,-1,-1,-1,-1,-1
201806E243670,1,9,0,9,0,5,0,0,0,0,1,1,6,2,51,8,1398,1,7,4,1,4
201806E243670,2,1,0,18,0,8,0,0,0,0,3,1,6,2,26,6,-1,-1,-1,7,1,7
201806E243678,1,9,0,13,0,0,0,0,7,4,1,1,6,1,27,6,1229,1,4,1,1,1
201806E243678,2,9,0,12,0,0,0,0,0,0,3,1,6,3,30,6,-1,-1,-1,-1,-1,-1
201806E243700,1,9,0,6,0,0,0,0,7,10,3,1,2,2,31,6,-1,-1,-1,2,1,2
201806E243700,2,9,0,18,0,0,1,0,0,0,1,1,6,2,26,6,1296,1,10,2,1,2
201806E243817,1,9,0,18,0,8,1,0,0,10,1,1,6,3,-1,-1,1968,2,13,-1,-1,-1
201806E243817,2,9,0,9,0,5,0,0,0,0,0,1,1,1,30,6,1598,2,4,1,1,1
201806E243899,1,9,0,18,0,8,0,0,0,0,1,1,6,1,30,6,1984,1,11,-1,-1,-1
201806E243899,2,1,0,18,0,8,0,0,0,0,2,1,1,2,25,5,-1,-1,-1,3,1,3
201806E243927,1,1,0,18,4,8,1,0,0,0,0,1,2,1,28,6,-1,-1,-1,3,1,3
201806E243927,2,9,0,7,0,8,0,0,0,0,0,1,6,3,-1,-1,-1,-1,-1,-1,-1,-1
201806E243969,1,3,0,13,0,8,0,0,0,0,1,1,6,1,30,6,125,1,6,1,1,1
201806E243969,2,9,0,9,0,5,0,0,0,0,3,1,6,1,45,7,1995,2,3,6,3,6
201806E244200,1,9,0,3,0,0,0,0,0,0,1,1,6,1,48,8,2496,2,17,1,1,1
201806E244200,2,9,0,3,0,0,0,0,0,0,2,1,2,3,30,6,999,1,-1,-1,-1,-1
201806E244314,1,90,0,18,0,0,0,0,0,0,4,1,2,1,41,7,-1,-1,-1,2,1,2
201806E244512,1,1,0,15,0,8,0,0,0,1,1,1,6,1,30,6,-1,-1,-1,-1,-1,-1
201806E244512,2,9,0,7,0,8,0,0,0,0,4,1,1,2,66,10,1968,2,1,5,1,5
201806E244603,1,1,0,17,0,8,0,0,0,0,1,1,2,1,35,6,-1,-1,-1,8,1,8
201806E244603,2,9,0,9,0,8,0,0,0,0,1,1,6,1,30,6,1598,1,10,-1,-1,-1
201806E244623,1,11,0,18,2,0,0,0,0,0,1,1,1,1,50,8,6700,2,10,1,1,1
201806E244623,2,1,0,18,2,0,0,0,0,0,2,1,2,1,48,8,-1,-1,-1,1,1,1
201806E244724,1,9,0,7,0,5,0,0,0,0,4,1,3,2,51,8,1950,2,1,9,1,9
201806E244724,2,1,0,18,0,8,0,0,0,0,3,1,1,2,53,8,-1,-1,-1,6,1,6
201806E244876,1,9,0,18,0,8,0,0,0,0,1,1,6,3,-1,-1,-1,-1,-1,-1,-1,-1
201806E244876,2,3,0,18,0,8,0,0,0,0,4,1,6,1,25,5,108,1,1,3,1,3
201806E244906,1,9,0,15,0,1,0,0,0,0,3,1,2,1,30,6,1598,1,13,-1,-1,-1
201806E244906,2,1,0,10,0,1,0,0,0,0,2,1,6,1,49,8,-1,-1,-1,8,1,8
201806E244962,1,9,0,9,0,5,0,0,0,0,1,1,6,2,30,6,-1,-1,-1,-1,-1,-1
201806E245133,1,4,0,18,0,2,0,0,0,0,1,1,6,1,33,6,847,1,4,4,1,4
201806E245133,2,9,0,18,0,2,0,0,0,0,2,1,6,1,22,5,1968,2,11,2,1,2
201806E245187,1,9,0,18,0,1,0,0,0,0,1,1,6,1,30,6,1796,1,10,-1,-1,-1
201806E245187,2,8,0,3,0,1,0,0,0,0,2,1,1,1,50,8,-1,-1,-1,1,1,1
201806E245429,1,9,0,18,0,8,0,0,0,0,0,1,6,1,26,6,1598,2,6,3,1,3
201806E245551,1,1,0,18,0,2,0,0,0,0,1,1,6,1,22,5,-1,-1,-1,4,1,4
201806E245551,2,9,0,18,0,1,0,0,0,0,3,1,6,1,56,9,2997,1,19,3,1,3
201806E245639,1,9,0,3,0,1,0,0,0,0,1,1,6,1,22,5,1998,1,14,2,1,2
201806E245639,2,9,0,5,0,1,0,0,0,0,2,1,6,2,24,5,1229,1,7,6,1,6
201806E245711,1,4,0,18,0,2,1,0,0,0,1,1,6,1,30,6,744,1,8,-1,-1,-1
201806E246096,1,9,0,9,0,8,0,0,0,0,1,1,6,1,50,8,998,1,1,3,1,3
201806E246096,2,1,0,18,4,8,0,0,0,0,1,1,6,2,22,5,-1,-1,-1,4,1,4
201806E246194,1,9,0,14,0,8,0,0,0,0,1,1,6,1,43,7,999,1,1,8,1,8
201806E246213,1,9,0,5,0,6,0,0,0,0,1,1,6,2,30,6,-1,-1,-1,-1,-1,-1
201806E246213,2,1,0,18,0,8,5,0,0,0,4,1,2,1,31,6,-1,-1,-1,2,1,2
201806E246302,1,9,0,9,0,8,0,0,0,0,1,1,6,2,30,6,1686,2,14,-1,-1,-1
201806E246302,2,1,0,18,4,8,2,0,0,0,3,1,2,2,29,6,-1,-1,-1,2,1,2
201806E246369,1,9,0,18,0,1,0,0,0,0,2,1,6,2,31,6,1398,1,17,7,-1,7
201806E246369,2,9,0,18,0,1,0,0,0,0,1,1,6,1,30,6,1198,1,5,10,1,10
201806E246459,1,10,0,13,0,0,0,0,0,0,2,1,6,3,-1,-1,-1,-1,-1,-1,-1,-1
201806E246459,2,1,0,18,0,0,0,0,0,0,3,1,6,1,29,6,-1,-1,-1,1,1,1
201806E246751,1,90,0,3,0,3,0,0,0,0,4,1,6,1,30,6,-1,-1,-1,-1,-1,-1
201806E246751,2,90,0,3,0,3,0,0,0,0,3,1,6,2,47,8,-1,-1,-1,1,1,1
201806E246837,1,9,0,16,0,0,0,0,0,0,4,1,6,2,63,9,1339,1,10,5,1,5
201806E246837,2,9,0,17,0,0,0,0,0,0,3,1,6,1,49,8,-1,-1,-1,-1,-1,-1
201806E246902,1,9,0,18,0,1,0,0,0,0,1,1,6,1,30,6,1364,1,4,-1,-1,-1
201806E246902,2,1,0,18,0,1,0,0,0,0,2,1,6,1,28,6,-1,-1,-1,1,1,1
201806E246940,1,9,0,18,0,0,0,0,0,0,1,1,6,1,41,7,1999,1,4,1,1,1
201806E246951,1,9,0,9,0,8,0,0,0,0,4,1,1,2,40,7,1399,1,11,1,1,1
201806E246951,2,1,0,18,0,8,0,0,0,0,1,1,2,2,30,6,-1,-1,-1,2,1,2
201806E247133,1,9,0,9,0,8,0,0,0,0,4,1,2,2,22,5,1390,1,7,1,1,1
201806E247133,2,9,0,18,0,1,0,0,0,0,1,1,2,2,50,8,1598,1,8,9,1,9
201806E247277,1,9,0,18,0,8,0,0,0,0,1,1,6,2,30,6,1995,2,13,-1,-1,-1
201806E247277,2,1,0,18,0,8,0,0,0,0,3,1,6,2,25,5,-1,-1,-1,3,1,3
201806E247278,1,9,0,15,0,0,0,4,0,0,4,1,6,1,37,7,1199,1,14,2,1,2
201806E247278,2,9,0,2,0,0,0,0,0,0,1,1,2,2,30,6,1197,1,4,1,1,1
201806E247634,1,9,0,18,0,0,0,0,0,0,1,1,6,3,-1,-1,-1,-1,-1,-1,-1,-1
201806E247634,2,9,0,2,0,0,0,0,0,0,2,1,6,1,45,7,-1,-1,-1,6,1,6
201806E247639,1,9,0,9,0,2,0,0,0,0,1,1,6,1,35,6,1796,1,12,3,1,3
201806E247718,1,9,0,18,0,0,0,0,4,2,1,1,6,1,19,4,1598,2,7,3,1,3
201806E247902,1,9,0,9,0,6,0,0,0,0,1,1,6,2,39,7,1398,1,6,4,1,4
201806E247902,2,9,0,16,0,8,0,0,0,0,1,1,6,1,56,9,1587,1,12,2,1,2
201806E248059,1,9,0,1,0,1,0,0,0,0,2,1,6,1,35,6,1799,1,11,-1,-1,-1
201806E248119,1,9,0,5,0,0,0,0,0,0,1,1,6,3,-1,-1,-1,-1,-1,-1,-1,-1
201806E248414,1,9,0,18,0,1,0,0,1,0,1,1,6,3,-1,-1,-1,-1,-1,-1,-1,-1
201806E248414,2,9,0,18,0,1,0,0,0,0,2,1,6,1,69,10,1968,2,2,7,1,7
201806E248422,1,9,0,5,0,6,0,0,0,0,4,1,6,2,38,7,1995,2,12,2,1,2
201806E248422,2,9,0,18,4,8,0,0,0,0,3,1,6,1,44,7,1596,1,5,4,1,4
201806E248426,1,4,0,18,0,1,0,0,0,0,1,1,6,1,46,8,125,1,-1,1,1,1
201806E248426,2,9,0,18,0,1,0,0,0,0,2,1,2,2,59,9,-1,-1,-1,7,1,7
201806E248435,1,9,0,18,0,1,0,0,0,0,1,1,6,1,30,6,1598,2,1,-1,-1,-1
201806E248435,2,9,0,3,0,1,0,0,0,0,2,1,6,2,30,6,1596,1,12,6,1,6
201806E248435,3,9,0,3,0,1,0,0,0,0,2,1,6,2,30,6,1242,1,4,1,1,1
201806E248435,4,9,0,3,0,1,0,0,0,0,2,1,6,1,30,6,-1,-1,-1,8,1,8
201806E248653,1,9,0,18,0,8,0,0,0,0,1,1,6,1,50,8,1995,2,-1,-1,-1,-1
201806E248653,2,9,0,3,0,8,0,0,1,0,2,1,6,1,31,6,1398,1,12,7,1,7
201806E248689,1,1,0,4,0,4,0,0,0,0,3,1,1,2,55,8,-1,-1,-1,-1,-1,-1
201806E248689,2,9,0,4,0,4,0,0,0,0,4,1,6,2,30,6,1997,1,5,6,1,6
201806E248743,1,11,0,5,0,1,0,0,0,0,0,1,1,1,30,6,-1,-1,-1,1,1,1
201806E248792,1,9,0,9,0,6,0,0,0,0,1,1,6,2,49,8,1995,2,11,2,1,2
201806E248792,2,1,0,18,4,1,0,0,0,0,1,1,6,1,34,6,-1,-1,-1,2,1,2
201806E248899,1,5,0,13,0,8,0,0,7,0,1,1,6,1,28,6,599,1,10,-1,-1,-1
201806E248899,2,9,0,9,0,6,0,0,0,0,1,1,6,1,62,9,1998,2,10,6,1,6
201806E249003,1,9,0,18,0,2,0,0,0,0,1,1,6,1,21,5,1390,1,16,-1,1,-1
201806E249028,1,9,0,18,0,1,0,0,0,0,1,1,6,3,-1,-1,-1,-1,-1,-1,-1,-1
201806E249028,2,1,0,12,0,1,0,0,0,0,2,1,2,1,63,9,-1,-1,-1,-1,-1,-1
201806E249034,1,9,0,10,0,8,0,0,0,0,4,1,6,1,52,8,1461,2,8,1,1,1
201806E249034,2,9,0,18,0,8,0,0,0,0,1,1,6,2,36,7,-1,-1,-1,1,1,1
201806E249102,1,9,0,9,0,6,0,0,0,0,1,1,1,1,35,6,1197,1,1,1,1,1
201806E249102,2,9,0,18,0,8,0,0,0,0,3,1,2,1,45,7,-1,-1,-1,-1,-1,-1
201806E249167,1,9,0,7,0,1,0,0,0,0,2,1,6,3,-1,-1,-1,-1,-1,-1,-1,-1
201806E249167,2,1,0,18,0,1,0,0,0,0,1,1,6,1,38,7,-1,-1,-1,7,1,7
201806E249213,1,9,0,5,0,6,0,0,0,0,1,1,6,1,30,6,-1,-1,-1,-1,-1,-1
201806E249213,2,1,0,18,0,8,0,0,0,0,4,1,6,2,38,7,-1,-1,-1,2,1,2
201806E249216,1,9,0,13,1,0,1,10,3,10,1,1,6,2,29,6,1497,2,3,1,1,1
201806E249336,1,9,0,7,0,8,0,0,0,0,4,1,6,3,-1,-1,1973,1,21,-1,-1,-1
201806E249336,2,1,0,18,0,8,0,0,0,0,1,1,6,1,55,8,-1,-1,-1,10,1,10
201806E249345,1,9,0,18,0,0,0,0,0,0,1,1,6,1,24,5,2143,2,3,5,1,5
201806E249347,1,9,0,9,0,1,0,0,0,0,1,1,6,3,-1,-1,1968,2,6,-1,-1,-1
201806E249347,2,9,0,8,0,1,0,0,0,0,2,1,6,1,45,7,-1,-1,-1,4,1,4
201806E249376,1,9,0,9,0,6,0,0,0,0,1,1,3,2,37,7,-1,-1,-1,2,1,2