Accident_Index,Vehicle_Reference,Vehicle_Type,Towing_and_Articulation,Vehicle_Manoeuvre,Vehicle_Location-Restricted_Lane,Junction_Location,Skidding_and_Overturning,Hit_Object_in_Carriageway,Vehicle_Leaving_Carriageway,Hit_Object_off_Carriageway,1st_Point_of_Impact,Was_Vehicle_Left_Hand_Drive?,Journey_Purpose_of_Driver,Sex_of_Driver,Age_of_Driver,Age_Band_of_Driver,Engine_Capacity_(CC),Propulsion_Code,Age_of_Vehicle,Driver_IMD_Decile,Driver_Home_Area_Type,Vehicle_IMD_Decile
201806E445631,1,9,0,9,0,8,0,0,0,0,1,1,6,3,-1,-1,1591,1,-1,-1,-1,-1
201806E445631,2,4,0,5,0,8,0,0,0,0,4,1,6,1,44,7,125,1,4,1,1,1
201806E445764,1,5,0,17,9,1,2,0,1,1,3,1,6,1,17,4,599,1,22,1,1,1
201806E445956,1,19,0,3,0,1,0,0,0,0,1,1,6,3,-1,-1,2198,2,2,-1,-1,-1
201806E445956,2,9,0,8,0,1,0,0,0,0,2,1,1,1,32,6,1461,2,-1,1,1,1
201806E446334,1,9,0,18,0,0,0,0,0,0,1,1,2,1,43,7,-1,-1,-1,10,1,10
201806E446502,1,9,0,10,0,8,0,0,0,0,0,1,6,3,-1,-1,-1,-1,-1,-1,-1,-1
201806E446502,2,9,0,11,0,8,0,0,0,0,0,1,6,1,46,8,1560,2,10,5,1,5
201806E446502,3,1,0,18,0,8,0,0,0,0,2,1,1,1,60,9,-1,-1,-1,9,1,9
201806E446552,1,9,0,18,0,8,0,0,0,0,1,1,6,2,42,7,1461,2,4,3,1,3
201806E446552,2,9,0,18,0,8,0,0,7,0,3,1,6,1,24,5,1398,1,3,-1,-1,-1
201806E446552,3,9,0,3,0,1,0,0,0,0,1,1,1,1,41,7,-1,-1,-1,5,1,5
201806E446555,1,9,0,7,0,8,0,0,0,0,3,1,6,1,46,8,1598,1,11,1,1,1
201806E446555,2,3,0,18,0,8,0,0,0,0,1,1,6,1,35,6,-1,-1,-1,4,1,4
201806E446733,1,9,0,18,0,1,0,0,0,0,1,1,2,2,30,6,1197,1,2,-1,-1,-1
201806E446733,2,9,0,8,0,4,0,0,0,0,2,1,2,2,26,6,1398,1,3,8,1,8
201806E446765,1,4,0,18,0,0,0,0,0,0,1,1,6,1,25,5,-1,-1,-1,4,1,4
201806E446765,2,9,0,18,0,0,0,0,0,0,3,1,6,2,34,6,1329,1,6,1,1,1
201806E446801,1,3,0,14,0,8,2,0,0,0,1,1,6,1,28,6,124,1,3,2,1,2
201806E446801,2,9,0,9,0,8,0,0,0,0,3,1,6,2,40,7,1598,2,1,2,1,2
201806E446934,1,9,0,9,0,8,0,0,0,0,1,1,6,2,52,8,999,1,-1,7,1,7
201806E446934,2,1,0,18,0,8,0,0,0,0,1,1,6,1,66,10,-1,-1,-1,9,1,9
201806E446983,1,5,0,18,0,2,1,4,0,0,3,1,6,3,-1,-1,599,1,17,-1,-1,-1
201806E446983,2,9,0,2,0,2,0,0,0,0,4,1,6,2,30,6,1997,2,13,-1,-1,-1
201806E447149,1,9,0,9,0,2,0,0,0,2,1,1,6,3,-1,-1,1997,2,13,1,1,1
201806E447149,2,1,0,5,5,6,0,0,0,0,3,1,6,1,52,8,-1,-1,-1,1,1,1
201806E447517,1,9,0,18,0,0,2,10,1,4,3,1,6,1,23,5,2231,2,12,-1,1,-1
201806E447577,1,9,0,11,0,2,0,0,0,0,4,1,6,1,40,7,1999,2,-1,-1,-1,-1
201806E447577,2,9,0,18,0,2,0,0,0,0,3,1,6,1,73,10,1242,1,12,4,1,4
201806E447738,1,9,0,18,0,1,0,0,0,0,1,1,6,3,-1,-1,1364,1,9,-1,-1,-1
201806E447738,2,9,0,3,0,1,0,0,0,0,2,1,6,2,41,7,999,1,-1,2,1,2
201806E447810,1,9,0,1,0,1,0,0,0,0,2,1,6,1,33,6,1999,1,11,-1,-1,-1
201806E447810,2,9,0,18,0,1,0,0,0,0,1,1,1,1,36,7,1984,1,1,-1,-1,-1
201806E447810,3,9,0,18,0,1,0,0,0,0,1,1,6,1,37,7,1686,2,4,-1,-1,-1
201806E447851,1,9,0,8,0,1,0,0,0,0,2,1,6,1,32,6,1910,2,11,9,1,9
201806E447851,2,9,0,18,0,1,0,0,0,0,1,1,6,1,30,6,1596,1,3,-1,-1,-1
201806E447879,1,9,0,9,0,8,2,0,7,10,1,1,6,1,30,6,2497,2,13,-1,-1,-1
201806E447879,2,9,0,9,0,1,0,0,0,0,0,1,6,1,30,6,-1,-1,-1,-1,-1,-1
201806E447879,3,8,0,18,0,8,0,0,0,0,3,1,6,1,32,6,1395,1,1,-1,-1,-1
201806E448062,1,9,0,18,0,0,0,0,0,0,1,1,6,1,30,6,-1,-1,-1,-1,-1,-1
201806E448062,2,9,0,3,0,0,0,0,0,0,2,1,6,2,61,9,1591,1,6,1,1,1
201806E448112,1,9,0,18,0,0,0,0,0,0,1,1,6,3,-1,-1,-1,-1,-1,-1,-1,-1
201806E448112,2,1,0,18,0,0,5,0,0,0,1,1,6,1,30,6,-1,-1,-1,3,1,3
201806E448225,1,9,0,5,0,4,0,0,0,0,1,1,6,1,44,7,1461,2,-1,1,1,1
201806E448225,2,9,0,5,0,4,0,0,0,0,2,1,6,1,23,5,1200,1,3,7,1,7
201806E448245,1,9,0,18,0,0,0,0,0,0,1,1,6,2,30,6,1598,1,8,2,1,2
201806E448245,2,1,0,18,0,0,0,0,0,0,1,1,4,1,13,3,-1,-1,-1,-1,-1,-1
201806E448268,1,3,0,18,0,3,0,0,1,0,0,1,1,1,18,4,125,1,-1,4,1,4
201806E448268,2,9,0,18,0,3,0,0,7,0,3,1,6,1,30,6,1198,1,-1,1,1,1
201806E448386,1,9,0,9,0,8,0,0,7,0,4,1,1,1,36,7,1968,2,2,5,1,5
201806E448386,2,9,0,18,0,8,0,0,1,0,1,1,3,2,67,10,1590,1,15,1,1,1
201806E448469,1,9,0,5,0,6,0,0,0,0,1,1,6,1,37,7,1995,2,6,1,1,1
201806E448469,2,3,0,18,0,8,0,0,0,0,4,1,6,1,33,6,-1,-1,-1,1,1,1
201806E448715,1,9,0,9,0,1,0,0,0,0,3,1,6,1,28,6,1395,1,2,1,1,1
201806E448715,2,19,0,18,0,1,0,0,0,0,1,1,6,1,27,6,1248,2,4,1,1,1
201806E448715,3,9,0,2,0,1,0,0,0,0,3,1,6,3,-1,-1,2148,2,10,1,1,1
201806E448715,4,9,0,2,0,1,0,0,0,0,3,1,6,3,-1,-1,-1,-1,-1,1,1,1
201806E448779,1,9,0,7,0,6,0,0,0,0,3,1,6,2,30,6,1149,1,9,-1,-1,-1
201806E448779,2,1,0,18,0,8,0,0,0,0,1,1,2,1,46,8,-1,-1,-1,6,2,6
201806E448781,1,19,0,6,0,2,0,0,0,0,3,1,1,1,24,5,1598,2,6,8,1,8
201806E448781,2,5,0,18,0,2,5,0,0,2,4,1,1,1,26,6,649,1,-1,1,1,1
201806E448804,1,9,0,18,0,0,0,0,0,0,1,1,6,2,46,8,898,1,3,1,1,1
201806E448956,1,9,0,18,0,8,0,0,0,0,4,1,6,2,81,11,1496,1,-1,1,1,1
201806E448956,2,1,0,3,0,8,0,0,0,0,1,1,2,2,55,8,-1,-1,-1,6,1,6
201806E449041,1,9,0,18,0,1,0,0,0,0,4,1,6,2,60,9,998,1,8,7,1,7
201806E449137,1,9,0,7,0,2,0,0,0,0,3,1,2,1,36,7,1968,2,11,1,1,1
201806E449174,1,9,0,9,0,8,0,0,0,0,1,1,2,2,55,8,1240,1,12,6,1,6
201806E449174,2,4,0,18,0,8,0,0,1,0,3,1,2,2,51,8,675,1,11,1,1,1
201806E449313,1,9,0,18,0,0,0,0,0,0,1,1,6,3,-1,-1,1398,1,8,-1,-1,-1
201806E449313,2,9,0,3,0,0,0,0,0,0,2,1,6,1,51,8,1797,8,7,1,1,1
201806E449500,1,9,0,18,0,2,0,0,0,0,1,1,6,2,30,6,-1,-1,-1,-1,-1,-1
201806E449583,1,9,0,7,8,6,0,0,0,0,1,1,2,2,19,4,995,1,9,1,1,1
201806E449583,2,9,0,18,8,8,0,0,0,0,4,1,6,1,69,10,1197,1,-1,2,1,2
201806E449924,1,11,0,5,0,0,0,0,0,0,0,1,6,1,27,6,-1,-1,-1,3,1,3
201806E449927,1,9,0,18,0,0,0,0,0,0,1,1,6,1,26,6,-1,-1,-1,1,1,1
201806E450300,1,9,0,14,0,0,0,0,0,0,1,1,6,1,30,6,1499,2,-1,-1,-1,-1
201806E450300,2,9,0,3,0,0,0,0,0,0,2,1,6,2,33,6,-1,-1,-1,1,1,1
201806E450452,1,9,0,18,0,8,0,0,0,0,1,1,6,1,50,8,1389,1,17,1,1,1
201806E450452,2,9,0,9,0,6,0,0,0,0,1,1,6,1,29,6,1200,1,2,9,1,9
201806E450522,1,9,0,3,0,1,0,0,0,0,1,1,6,1,29,6,1399,1,1,2,1,2
201806E450522,2,9,0,3,0,1,0,0,0,0,2,1,6,2,32,6,1197,1,1,4,1,4
201806E450558,1,3,0,18,0,0,1,0,0,0,1,1,6,1,21,5,124,1,5,1,1,1
201806E450558,2,9,0,18,0,0,0,0,0,0,2,1,6,2,27,6,1242,1,8,1,1,1
201806E450577,1,9,0,18,0,2,0,0,0,0,0,1,6,3,-1,-1,-1,-1,-1,-1,-1,-1
201806E451008,1,9,0,18,0,8,0,0,1,0,4,1,6,1,30,6,1360,1,9,1,1,1
201806E451008,2,9,0,7,0,8,1,0,0,0,3,1,6,2,30,6,-1,-1,-1,-1,-1,-1
201806E451268,1,9,0,18,0,0,0,0,0,0,1,1,6,1,30,6,1461,2,5,-1,-1,-1
201806E451268,2,9,0,18,0,0,0,0,0,10,1,1,6,2,42,7,1798,8,-1,1,1,1
201806E451280,1,9,0,18,0,0,0,0,0,0,3,1,6,1,28,6,999,1,16,10,1,10
201806E451661,1,9,0,7,0,8,0,0,0,0,4,1,6,3,-1,-1,-1,-1,-1,-1,-1,-1
201806E451661,2,1,0,18,0,8,0,0,0,0,3,1,6,1,33,6,-1,-1,-1,1,1,1
201806E451753,1,9,0,18,0,1,0,0,0,0,1,1,1,1,24,5,1984,1,8,1,1,1
201806E451753,2,1,0,10,9,1,0,0,0,0,4,1,1,1,36,7,-1,-1,-1,7,1,7
201806E451880,1,9,0,4,0,0,0,0,0,0,2,1,1,2,30,6,1461,2,2,6,1,6
201806E451880,2,9,0,18,0,0,0,0,0,0,1,1,6,1,51,8,-1,-1,-1,-1,1,-1
201806E451880,3,9,0,18,0,0,0,0,0,0,1,1,6,2,44,7,1997,1,11,1,1,1
201806E451880,4,9,0,18,0,0,0,0,0,0,1,1,6,1,19,4,1364,1,10,4,1,4
201806E452041,1,9,0,18,0,0,0,0,0,0,1,1,6,3,-1,-1,1598,1,14,-1,-1,-1
201806E452041,2,9,0,18,0,0,0,0,0,0,1,1,6,2,38,7,1995,2,5,7,1,7
201806F119023,1,9,0,18,0,8,0,0,0,0,1,1,6,3,-1,-1,1896,2,16,-1,-1,-1
201806F119023,2,9,0,10,0,8,0,0,0,0,2,1,6,2,39,7,1197,1,3,1,1,1
201806F138982,1,19,0,18,0,0,0,0,0,0,1,1,6,3,-1,-1,-1,-1,-1,-1,-1,-1
201806F139089,1,9,0,9,0,8,0,0,0,0,1,1,6,2,29,6,1968,2,2,6,3,6
201806F139089,2,9,0,18,0,8,0,0,0,0,4,1,6,2,73,10,998,1,8,3,1,3
201806F139089,3,9,0,18,0,8,0,0,0,0,1,1,6,1,46,8,1596,1,16,4,1,4
201806F139257,1,9,0,6,0,8,0,0,0,0,3,1,6,3,-1,-1,1600,2,8,-1,-1,-1
201806F139257,2,9,0,18,0,8,0,0,0,0,1,1,6,1,27,6,1999,2,3,3,1,3
201806F139355,1,9,0,18,0,8,0,10,7,7,1,1,6,2,31,6,1968,2,11,2,1,2
201806F139355,2,1,0,18,0,8,0,0,0,0,2,1,6,1,23,5,-1,-1,-1,-1,-1,-1
201806F139559,1,1,0,15,0,0,0,0,0,0,1,1,4,1,15,3,-1,-1,-1,4,1,4
201806F139559,2,9,0,18,0,0,0,0,0,0,1,1,6,2,27,6,1796,2,5,10,1,10
201806F139570,1,9,0,9,0,6,0,0,0,0,3,1,2,2,45,7,1596,1,1,-1,-1,-1
201806F139570,2,9,0,18,0,8,0,0,0,0,1,1,2,2,52,8,1598,1,4,4,1,4
201806F139622,1,8,0,18,0,8,0,0,3,10,1,1,1,1,32,6,1968,2,5,5,1,5
201806F139622,2,9,0,18,0,6,0,0,1,10,1,1,2,2,24,5,-1,-1,-1,1,1,1
201806F139638,1,9,0,13,0,8,1,0,0,0,1,1,6,1,31,6,1968,2,2,3,1,3
201806F139638,2,9,0,9,0,6,0,4,0,0,3,1,6,2,22,5,1598,1,4,-1,-1,-1
201806F139638,3,9,0,7,0,5,0,0,0,0,0,1,6,1,50,8,1686,2,5,3,1,3
201806F139638,4,9,0,2,0,8,0,0,0,0,3,1,6,2,28,6,1248,2,2,-1,-1,-1
201806F139663,1,9,0,9,0,3,0,0,0,0,1,1,6,1,29,6,-1,-1,-1,7,1,7
201806F139663,2,9,0,18,0,4,0,0,0,0,3,1,6,1,54,8,1596,1,8,8,1,8
201806F139670,1,9,0,9,0,6,0,0,0,0,3,1,6,2,22,5,1598,1,4,2,1,2
201806F139670,2,3,0,14,0,8,0,0,0,0,1,1,6,1,35,6,125,1,1,8,1,8
201806F139677,1,9,0,9,0,6,0,0,0,0,4,1,6,1,84,11,1198,1,11,6,1,6
201806F139677,2,9,0,18,0,1,0,0,0,0,4,1,2,1,46,8,998,1,13,10,1,10
201806F139922,1,9,0,18,0,0,0,0,0,0,4,1,6,2,41,7,1587,1,12,1,1,1
201806F140002,1,9,0,18,0,1,0,0,1,0,1,1,6,1,20,4,1910,2,11,3,1,3
201806F140002,2,9,0,18,0,2,0,0,1,0,1,1,6,1,51,8,1997,2,6,2,1,2
201806F140195,1,9,0,1,0,1,0,0,0,0,2,1,6,1,30,6,1199,1,15,-1,-1,-1
201806F140195,2,9,0,3,0,1,0,0,0,0,1,1,6,2,29,6,999,1,2,1,1,1
201806F140211,1,9,0,18,0,8,0,0,0,0,4,1,6,2,44,7,2143,2,4,9,1,9
201806F140242,1,9,0,4,0,4,1,0,0,0,1,1,6,1,48,8,1796,1,11,6,1,6
201806F140242,2,9,0,3,0,4,0,0,0,0,2,1,6,1,48,8,1499,1,2,-1,-1,-1
201806F140272,1,9,0,9,0,4,0,0,0,0,1,1,2,1,30,6,-1,-1,-1,-1,-1,-1
201806F140272,2,1,0,18,0,8,0,0,0,0,4,1,2,1,67,10,-1,-1,-1,3,1,3
201806F140319,1,3,0,9,0,6,0,0,0,0,4,1,6,1,24,5,124,1,4,1,1,1
201806F140319,2,9,0,18,0,8,0,0,0,0,1,1,6,1,70,10,1598,2,4,10,1,10
201806F140333,1,19,0,18,0,8,0,10,0,1,1,1,6,1,34,6,1998,2,13,-1,-1,-1
201806F140415,1,9,0,4,0,0,0,0,0,0,1,1,6,1,78,11,1364,1,1,4,1,4
201806F140415,2,9,0,3,0,0,0,0,0,0,2,1,6,2,35,6,1598,2,5,7,1,7
201806F140478,1,9,0,9,0,6,0,0,0,0,1,1,6,1,30,6,1398,1,8,-1,-1,-1
201806F140478,2,3,0,18,0,8,1,0,1,10,1,1,6,1,26,6,-1,-1,-1,3,1,3
201806F140676,1,5,0,13,0,2,1,7,0,0,1,1,2,1,31,6,599,1,18,2,1,2
201806F140676,2,21,1,18,0,2,0,0,0,0,3,1,1,1,58,9,11967,2,9,1,1,1
201806F140718,1,20,0,18,0,1,0,0,0,0,1,1,6,1,49,8,4500,2,2,1,1,1
201806F140718,2,9,0,4,0,1,0,0,0,0,2,1,6,2,57,9,1400,2,11,1,1,1
201806F140741,1,9,0,18,0,1,0,0,0,0,1,1,6,1,19,4,-1,-1,-1,8,1,8
201806F141044,1,90,0,9,0,6,0,0,0,0,3,1,1,1,39,7,-1,-1,-1,-1,-1,-1
201806F141044,2,5,0,13,0,8,0,0,0,0,1,1,2,1,41,7,599,1,17,8,1,8
201806F141063,1,9,0,18,0,2,0,0,0,0,4,1,6,1,60,9,1389,1,21,1,1,1
201806F141076,1,9,0,4,0,1,0,0,0,0,1,1,6,1,30,6,1995,2,4,-1,-1,-1
201806F141076,2,9,0,4,0,1,0,0,0,0,2,1,2,2,49,8,2497,2,11,1,1,1
201806F141297,1,9,0,9,0,5,0,0,0,0,4,1,6,3,-1,-1,-1,-1,-1,-1,-1,-1
201806F141297,2,1,0,18,0,1,5,0,0,0,1,1,1,1,59,9,-1,-1,-1,6,1,6
201806F141678,1,9,0,18,0,8,0,0,0,0,4,1,6,1,30,6,-1,-1,-1,-1,-1,-1
201806F141777,1,9,0,9,0,8,0,0,0,0,3,1,6,2,48,8,1248,2,4,4,1,4
201806F141777,2,3,0,18,0,8,0,0,0,0,1,1,6,1,23,5,-1,-1,-1,3,1,3
201806F141809,1,9,0,9,0,8,0,0,0,0,3,1,1,1,55,8,2494,2,3,-1,3,-1
201806F141809,2,1,0,18,0,8,0,0,0,0,3,1,2,1,30,6,-1,-1,-1,-1,-1,-1
201806F141810,1,1,0,16,0,1,0,0,0,0,1,1,6,1,48,8,-1,-1,-1,6,1,6
201806F141810,2,9,0,9,0,1,0,0,0,0,4,1,6,1,32,6,1390,1,13,10,1,10
201806F141933,1,9,0,9,0,6,0,0,0,0,1,1,6,1,53,8,1968,2,4,1,1,1
201806F141933,2,3,0,18,0,8,0,0,0,0,1,1,6,1,21,5,124,1,1,1,1,1
201806F142149,1,90,3,11,7,3,0,0,0,0,4,1,6,3,-1,-1,12777,2,1,-1,-1,-1
201806F142149,2,90,0,18,7,3,0,0,0,3,0,1,3,2,39,7,-1,-1,-1,4,2,4
201806F142194,1,9,0,5,0,4,0,0,0,0,3,1,6,2,18,4,1197,1,1,2,1,2
201806F142194,2,1,0,18,0,8,0,0,0,0,1,1,1,1,18,4,-1,-1,-1,-1,-1,-1
201806F142219,1,9,0,9,0,8,0,0,0,0,3,1,6,3,-1,-1,1200,1,1,-1,-1,-1
201806F142219,2,9,0,18,0,8,0,0,0,0,4,1,6,2,48,8,1229,1,8,1,1,1
201806F142364,1,9,0,9,0,4,0,0,0,0,1,1,6,1,60,9,-1,-1,-1,2,1,2
201806F142364,2,9,0,18,0,4,0,0,0,0,4,1,6,1,19,4,1197,1,1,10,1,10
201806F142520,1,9,0,18,0,1,0,0,0,0,1,1,6,1,43,7,2902,2,11,8,1,8
201806F142520,2,9,0,18,0,1,0,0,0,0,2,1,6,2,41,7,999,1,3,8,1,8
201806F142520,3,9,0,18,0,1,0,0,0,0,2,1,6,1,27,6,1968,2,5,1,1,1
201806F142568,1,8,0,5,0,0,0,0,0,0,3,1,6,1,18,4,1199,2,6,4,1,4
201806F142568,2,1,0,18,0,0,0,0,0,0,4,1,2,1,44,7,-1,-1,-1,1,1,1
201806F142570,1,9,0,5,0,1,0,0,0,0,1,1,6,2,56,9,1150,1,12,2,1,2
201806F142588,1,3,0,18,0,8,0,0,0,0,3,1,6,1,20,4,124,1,11,1,1,1
201806F142588,2,9,0,9,0,5,0,0,0,0,1,1,6,1,74,10,1968,2,5,1,1,1
201806F142696,1,9,0,9,0,5,0,0,0,0,2,1,6,1,53,8,1910,2,10,5,1,5
201806F142696,2,1,0,18,0,8,0,0,0,0,1,1,6,1,60,9,-1,-1,-1,8,1,8
201806F142870,1,9,0,18,8,8,0,0,0,0,1,1,6,1,30,6,1390,1,12,1,1,1
201806F142870,2,9,0,18,0,8,2,0,0,0,4,1,6,2,36,7,1685,2,1,2,1,2
201806F142959,1,9,0,9,0,8,0,0,0,0,3,1,6,1,38,7,1984,1,1,4,-1,4
201806F142959,2,9,0,17,0,8,0,0,0,0,1,1,6,2,59,9,1396,2,5,6,1,6
201806F143047,1,9,0,9,0,5,0,0,0,0,4,1,6,2,30,6,1242,1,6,-1,-1,-1
201806F143047,2,1,0,18,0,8,0,0,0,0,1,1,1,1,31,6,-1,-1,-1,5,1,5
201806F143143,1,9,0,9,0,5,0,0,0,0,2,1,6,2,27,6,996,1,5,6,1,6
201806F143143,2,9,0,3,0,1,0,0,0,0,0,1,6,1,29,6,-1,-1,-1,9,1,9
201806F143143,3,1,0,18,0,1,0,0,0,0,1,1,6,1,50,8,-1,-1,-1,2,1,2
201806F143205,1,9,0,5,9,0,0,0,0,0,4,1,6,1,30,6,-1,-1,-1,-1,-1,-1
201806F143223,1,9,0,18,0,0,0,0,0,0,3,1,6,2,39,7,1598,1,10,1,1,1
201806F143224,1,9,0,7,0,8,0,0,0,0,4,1,6,1,76,11,1598,1,4,10,1,10
201806F143298,1,9,0,18,0,0,0,4,0,0,1,1,6,2,20,4,1240,1,9,3,1,3
201806F143298,2,19,0,2,0,0,0,0,1,10,1,1,6,1,47,8,1753,2,13,-1,-1,-1
201806F143581,1,9,0,7,0,6,0,0,0,0,3,1,1,1,69,10,998,1,9,5,1,5
201806F143581,2,3,0,18,0,8,0,0,0,0,1,1,6,1,47,8,1050,1,7,3,1,3
201806F143619,1,9,0,18,0,0,0,0,0,0,1,1,6,1,27,6,1598,1,19,4,1,4
201806F143619,2,9,0,18,0,0,0,0,0,0,3,1,6,2,30,6,1229,1,6,-1,-1,-1
201806F143624,1,9,0,18,0,1,0,0,0,0,1,1,6,2,32,6,1995,2,10,7,1,7
201806F143624,2,19,0,3,0,1,0,0,0,0,0,1,2,1,40,7,2198,2,2,4,1,4
201806F143653,1,9,0,1,0,0,0,0,0,0,2,1,6,1,49,8,1560,2,3,4,1,4
201806F143653,2,9,0,2,0,0,0,0,0,0,2,1,6,2,26,6,998,1,11,4,1,4
201806F143654,1,19,0,9,0,6,0,0,0,0,1,1,6,1,47,8,2402,2,8,6,3,6
201806F143654,2,9,0,18,0,8,0,0,7,0,4,1,6,2,19,4,1229,1,9,3,1,3
201806F143660,1,4,0,13,0,8,0,0,7,2,1,1,6,1,30,6,530,1,6,-1,-1,-1
201806F143660,2,9,0,9,0,8,0,0,0,0,3,1,6,1,37,7,-1,-1,-1,10,1,10
201806F143707,1,9,0,18,0,8,1,0,0,0,1,1,1,1,55,8,1598,1,14,2,1,2
201806F143770,1,8,0,18,0,8,0,0,0,0,1,1,1,1,58,9,1598,2,7,-1,-1,-1
201806F143814,1,9,0,18,0,8,0,0,0,0,1,1,1,1,20,4,1995,2,1,8,1,8
201806F143814,2,9,0,3,0,8,0,0,0,0,2,1,1,2,24,5,1242,1,3,4,1,4
201806F143814,3,9,0,3,0,8,0,0,0,0,2,1,6,1,44,7,1242,1,12,10,1,10
201806F143814,4,9,0,3,0,8,0,0,0,0,2,1,1,1,40,7,-1,-1,-1,-1,-1,-1
201806F143879,1,9,0,7,0,2,0,0,0,0,0,1,6,1,81,11,1598,1,13,1,1,1
201806F143920,1,9,0,18,0,8,0,0,0,0,4,1,6,1,72,10,-1,-1,-1,2,1,2
201806F143920,2,9,0,9,0,8,0,0,0,0,3,1,6,1,72,10,1364,1,1,4,1,4
201806F143922,1,9,0,18,0,1,0,0,0,0,1,1,6,1,34,6,-1,-1,-1,-1,-1,-1
201806F143931,1,5,0,18,0,0,0,0,0,0,4,1,6,1,44,7,599,1,12,1,1,1
201806F144027,1,5,0,18,0,0,0,0,0,0,1,1,6,1,40,7,599,1,11,9,1,9
201806F144224,1,4,0,18,0,8,1,0,8,1,1,1,6,1,16,4,124,1,1,10,1,10
201806F144224,2,9,0,9,0,5,0,0,0,0,3,1,6,2,57,9,-1,-1,-1,5,1,5
201806F144344,1,9,0,9,0,8,0,0,0,0,1,1,1,1,30,6,1598,2,1,-1,-1,-1
201806F144344,2,1,0,18,0,8,0,0,0,0,1,1,2,1,31,6,-1,-1,-1,3,1,3
201806F144416,1,9,0,18,0,0,0,0,0,0,1,1,6,1,75,10,1197,1,7,2,1,2
201806F144416,2,9,0,2,0,0,0,0,0,0,1,1,6,1,30,6,1598,1,2,-1,-1,-1
201806F144416,3,9,0,2,0,0,0,0,0,0,2,1,6,1,30,6,1896,2,16,-1,-1,-1
201806F144442,1,9,0,18,0,0,0,0,2,10,1,1,6,1,85,11,1299,1,10,4,1,4
201806F144452,1,3,0,18,0,8,0,0,0,0,1,1,6,1,22,5,-1,-1,-1,1,1,1
201806F144452,2,3,0,18,0,8,0,0,0,0,1,1,6,1,30,6,-1,-1,-1,-1,-1,-1
201806F144562,1,9,0,18,0,0,0,0,0,0,0,1,6,1,30,6,1995,2,7,-1,-1,-1
201806F144562,2,9,0,18,0,0,0,0,0,0,0,1,6,1,35,6,1149,1,11,-1,-1,-1
201806F144637,1,9,0,1,0,8,0,0,0,0,0,1,1,1,32,6,2143,2,3,5,1,5
201806F144793,1,9,0,18,0,8,0,0,0,0,1,1,1,2,69,10,1242,1,10,4,1,4
201806F144793,2,19,0,18,0,8,0,0,0,0,4,1,1,1,45,7,1753,2,8,-1,-1,-1
201806F144910,1,9,0,5,0,1,0,0,0,0,1,1,6,3,-1,-1,1598,2,6,-1,-1,-1
201806F144910,2,9,0,18,0,1,0,0,0,0,4,1,2,1,36,7,1498,1,-1,4,1,4
201806F144916,1,9,0,18,6,6,0,0,0,0,1,1,6,3,-1,-1,-1,-1,-1,-1,-1,-1
201806F144916,2,1,0,18,5,8,5,0,0,0,3,1,2,1,25,5,-1,-1,-1,9,1,9
201806F144966,1,9,0,7,0,8,0,0,0,0,4,1,6,1,81,11,1390,1,13,10,1,10
201806F144966,2,1,0,18,0,8,0,0,0,0,1,1,2,1,33,6,-1,-1,-1,5,1,5
201806F145197,1,9,0,7,0,8,0,0,0,0,4,1,6,3,-1,-1,998,1,7,-1,-1,-1
201806F145197,2,1,0,18,0,8,0,0,0,0,1,1,6,1,61,9,-1,-1,-1,7,1,7
201806F145235,1,9,0,18,0,2,0,0,0,0,1,1,6,1,34,6,1388,1,13,5,1,5
201806F145235,2,9,0,4,0,2,0,0,0,0,2,1,6,1,72,10,1598,2,3,3,1,3
201806F145235,3,9,0,4,0,2,0,0,0,0,2,1,6,2,27,6,1598,2,4,7,1,7
201806F145265,1,9,0,9,0,6,0,0,0,0,3,1,6,1,37,7,1248,1,7,3,1,3
201806F145265,2,9,0,18,0,8,1,0,0,0,1,1,6,1,38,7,1596,1,10,6,1,6
201806F145269,1,9,0,18,0,4,0,0,0,0,3,1,1,2,30,6,898,1,2,6,1,6
201806F145269,2,1,0,18,0,3,0,0,0,0,1,1,1,2,44,7,-1,-1,-1,10,1,10
201806F145339,1,9,0,18,0,8,2,0,1,0,1,1,6,1,75,10,1199,2,4,3,1,3
201806F145339,2,9,0,3,0,8,0,0,0,0,0,1,6,2,23,5,1499,2,2,9,1,9
201806F145507,1,3,0,18,0,8,1,0,1,0,3,1,6,1,19,4,125,1,7,3,1,3
201806F145507,2,1,0,9,9,8,0,0,0,0,4,1,6,1,8,2,-1,-1,-1,3,1,3
201806F145518,1,9,0,18,0,0,0,0,0,0,0,1,6,1,62,9,-1,-1,-1,3,1,3
201806F145532,1,3,0,18,0,0,0,11,0,0,1,1,6,1,41,7,124,1,2,5,1,5
201806F145719,1,5,0,16,0,0,0,0,6,0,1,1,6,1,30,6,1050,1,12,3,1,3
201806F145794,1,9,0,18,0,0,0,0,0,0,1,1,6,1,30,6,1395,1,5,-1,-1,-1
201806F145794,2,1,0,18,0,0,0,0,0,0,2,1,1,1,54,8,-1,-1,-1,2,1,2
201806F145910,1,9,0,18,9,8,0,0,0,0,1,1,6,3,-1,-1,-1,-1,-1,-1,-1,-1
201806F145910,2,1,0,18,9,8,0,0,0,0,1,1,6,1,12,3,-1,-1,-1,7,1,7
201806F145986,1,9,0,10,0,8,0,0,0,0,4,1,6,2,62,9,1560,2,2,-1,-1,-1