Accident_Index,Vehicle_Reference,Vehicle_Type,Towing_and_Articulation,Vehicle_Manoeuvre,Vehicle_Location-Restricted_Lane,Junction_Location,Skidding_and_Overturning,Hit_Object_in_Carriageway,Vehicle_Leaving_Carriageway,Hit_Object_off_Carriageway,1st_Point_of_Impact,Was_Vehicle_Left_Hand_Drive?,Journey_Purpose_of_Driver,Sex_of_Driver,Age_of_Driver,Age_Band_of_Driver,Engine_Capacity_(CC),Propulsion_Code,Age_of_Vehicle,Driver_IMD_Decile,Driver_Home_Area_Type,Vehicle_IMD_Decile
201806F145986,2,3,0,14,0,8,5,0,7,10,1,1,6,1,30,6,-1,-1,-1,-1,-1,-1
201806F146079,1,9,0,9,0,8,0,0,0,0,2,1,6,3,-1,-1,-1,-1,-1,-1,-1,-1
201806F146079,2,9,0,18,0,8,0,0,0,0,1,1,6,2,75,10,2143,2,5,10,1,10
201806F146112,1,9,0,18,0,1,0,0,0,0,2,1,6,1,57,9,1493,2,8,3,1,3
201806F146112,2,9,0,18,0,1,0,0,0,0,1,1,6,1,28,6,1686,2,4,-1,-1,-1
201806F146137,1,9,0,18,0,8,0,7,0,6,1,1,6,2,22,5,1149,1,1,1,1,1
201806F146137,2,9,0,9,0,8,0,0,0,0,4,1,6,2,49,8,1896,2,13,6,1,6
201806F146216,1,9,0,18,0,8,1,0,0,0,1,1,6,1,27,6,1229,1,9,3,1,3
201806F146216,2,9,0,18,0,8,0,0,1,10,1,1,6,2,34,6,1149,1,6,4,1,4
201806F146234,1,9,0,18,0,8,0,0,0,0,1,1,6,3,-1,-1,-1,-1,-1,-1,-1,-1
201806F146251,1,9,0,18,0,8,0,0,0,0,1,1,6,1,30,6,1685,2,1,-1,-1,-1
201806F146251,2,9,0,18,0,8,0,0,0,0,2,1,6,2,27,6,1587,1,12,3,-1,3
201806F146392,1,9,0,18,0,2,0,0,0,0,2,1,6,1,30,6,1248,2,4,-1,-1,-1
201806F146392,2,9,0,18,0,2,0,0,0,0,1,1,6,1,50,8,1199,1,-1,2,1,2
201806F146449,1,9,0,9,0,8,5,0,0,0,3,1,6,1,90,11,1086,1,9,3,1,3
201806F146449,2,9,0,16,0,8,0,0,0,0,1,1,6,2,78,11,1388,1,8,3,1,3
201806F146545,1,3,0,18,0,8,0,10,0,0,1,1,6,1,18,4,125,1,1,1,1,1
201806F146545,2,9,0,9,0,6,0,0,0,0,4,1,6,2,69,10,1598,2,-1,4,1,4
201806F146580,1,9,0,18,0,1,0,0,0,0,4,1,6,1,50,8,1360,1,9,1,1,1
201806F146963,1,9,0,13,0,0,0,0,0,0,4,1,6,2,63,9,2231,2,6,3,1,3
201806F146963,2,1,0,18,0,0,0,0,0,0,3,1,6,1,53,8,-1,-1,-1,-1,-1,-1
201806F147059,1,9,0,9,0,5,0,0,0,0,4,1,6,1,29,6,1896,2,16,2,1,2
201806F147059,2,5,0,18,0,8,1,0,0,0,1,1,6,1,45,7,798,1,11,2,1,2
201806F147066,1,9,0,1,0,0,0,0,0,0,2,1,6,1,30,6,-1,-1,-1,-1,-1,-1
201806F147066,2,9,0,3,0,0,0,0,0,0,1,1,6,2,54,8,1598,2,3,3,1,3
201806F147083,1,9,0,16,0,4,0,0,0,0,0,1,6,2,30,6,1400,1,13,-1,-1,-1
201806F147083,2,9,0,17,0,8,0,0,0,0,1,1,6,2,30,6,1398,1,6,8,1,8
201806F147083,3,9,0,18,0,8,0,0,0,0,1,1,6,2,26,6,1329,1,1,10,1,10
201806F147178,1,9,0,18,0,1,0,0,0,0,3,1,6,2,69,10,1497,8,2,4,1,4
201806F147214,1,3,0,18,0,8,0,0,0,0,1,1,6,1,29,6,124,1,12,1,1,1
201806F147214,2,9,0,18,0,5,0,0,0,0,3,1,6,1,22,5,2184,2,15,2,1,2
201806F147279,1,9,0,18,0,1,0,0,0,0,4,1,6,3,-1,-1,-1,-1,-1,-1,-1,-1
201806F147289,1,9,0,18,0,1,0,0,0,0,1,1,6,2,30,6,-1,-1,-1,4,1,4
201806F147340,1,9,0,4,0,8,0,0,0,1,1,1,6,1,24,5,1499,1,-1,1,1,1
201806F147340,2,9,0,18,0,2,0,0,0,0,0,1,1,1,38,7,2993,2,2,-1,-1,-1
201806F147340,3,9,0,18,0,2,0,0,0,0,0,1,1,1,44,7,2993,2,1,-1,-1,-1
201806F147341,1,11,0,18,0,1,0,0,1,10,1,1,1,2,52,8,4250,2,12,1,1,1
201806F147341,2,9,0,2,0,1,0,0,0,0,2,1,6,1,45,7,1360,1,13,4,1,4
201806F147374,1,90,0,7,0,8,0,0,0,0,4,1,6,1,30,6,-1,-1,-1,-1,-1,-1
201806F147374,2,1,0,18,0,8,0,0,0,0,3,1,6,2,39,7,-1,-1,-1,6,1,6
201806F147403,1,9,0,9,0,8,0,0,0,0,4,1,2,1,39,7,2148,2,10,3,1,3
201806F147403,2,9,0,18,0,8,0,0,0,0,1,1,6,2,33,6,3199,1,18,2,1,2
201806F147581,1,9,0,18,0,1,0,0,0,0,2,1,2,2,30,6,-1,3,5,6,1,6
201806F147581,2,3,0,18,0,1,1,0,0,0,1,1,2,2,26,6,124,1,10,2,1,2
201806F147681,1,9,0,18,0,0,0,0,0,0,1,1,6,2,43,7,1598,1,3,2,1,2
201806F147697,1,9,0,5,0,1,0,0,0,0,3,1,6,1,17,4,999,1,1,10,1,10
201806F147697,2,9,0,5,0,2,0,0,0,0,3,1,6,1,17,4,1149,1,11,4,1,4
201806F147697,3,9,0,2,0,2,0,0,0,0,3,1,6,1,41,7,1318,1,-1,-1,-1,-1
201806F147697,4,9,0,2,0,2,0,0,0,0,3,1,6,1,34,6,1560,2,4,-1,-1,-1
201806F147726,1,9,0,5,0,8,0,0,0,0,1,1,6,1,30,6,1991,1,5,-1,-1,-1
201806F147747,1,9,0,9,0,6,0,0,0,0,3,1,2,1,20,4,1395,1,3,-1,-1,-1
201806F147747,2,11,0,18,1,1,0,0,0,1,1,1,1,1,44,7,4500,2,8,2,1,2
201806F147747,3,9,0,2,0,1,0,0,0,3,3,1,6,1,40,7,1968,2,4,1,1,1
201806F147747,4,9,0,2,0,1,0,0,0,0,3,1,6,1,30,6,1329,1,2,-1,-1,-1
201806F147747,5,9,0,2,0,1,0,0,0,0,1,1,6,1,30,6,1997,1,2,-1,-1,-1
201806F147866,1,9,0,9,0,8,0,0,0,0,3,1,6,1,26,6,1686,2,6,1,1,1
201806F147895,1,9,0,6,2,0,0,0,0,0,1,1,1,1,53,8,999,1,2,1,1,1
201806F147895,2,10,0,18,0,0,0,0,0,0,3,1,6,1,26,6,-1,-1,-1,1,-1,1
201806F148045,1,9,0,18,0,0,0,0,0,0,4,1,6,1,29,6,1984,1,3,6,1,6
201806F148070,1,9,0,18,0,1,0,0,0,0,1,1,6,1,31,6,1896,2,11,-1,-1,-1
201806F148070,2,9,0,3,0,1,0,0,0,0,2,1,6,2,44,7,1395,1,5,10,1,10
201806F148109,1,9,0,7,0,5,0,0,0,0,4,1,2,1,22,5,1461,2,2,9,1,9
201806F148109,2,1,0,18,0,8,0,0,0,0,3,1,2,1,46,8,-1,-1,-1,7,1,7
201806F148208,1,9,0,7,0,8,0,0,0,0,1,1,6,1,30,6,1956,2,1,-1,-1,-1
201806F148311,1,9,0,18,0,8,0,0,0,0,1,1,6,1,40,7,1199,1,-1,3,1,3
201806F148311,2,9,0,18,0,1,0,0,0,0,1,1,2,2,46,8,1390,1,5,-1,-1,-1
201806F148340,1,9,0,1,0,2,0,0,0,0,2,1,6,1,42,7,1198,1,4,1,1,1
201806F148412,1,3,0,18,9,1,1,0,1,0,1,1,6,3,-1,-1,124,1,2,-1,-1,-1
201806F148520,1,9,0,9,0,6,0,0,0,0,1,1,1,2,52,8,1339,8,5,4,1,4
201806F148520,2,1,0,18,0,1,0,0,0,0,3,1,6,2,21,5,-1,-1,-1,-1,-1,-1
201806F148746,1,9,0,18,0,0,0,0,0,10,1,1,6,1,23,5,1242,1,1,8,1,8
201806F149025,1,9,0,9,0,2,0,0,0,0,1,1,6,3,-1,-1,1499,1,2,-1,-1,-1
201806F149025,2,9,0,18,0,2,0,0,0,0,2,1,6,2,53,8,2261,1,14,3,1,3
201806F149052,1,9,0,18,0,1,0,0,0,0,1,1,6,3,-1,-1,-1,-1,-1,-1,-1,-1
201806F149052,2,19,0,18,0,1,0,0,0,0,2,1,6,1,59,9,1598,2,1,6,1,6
201806F149402,1,11,0,18,0,1,0,0,0,0,1,1,1,1,56,9,6700,2,6,2,1,2
201806F149623,1,9,0,18,5,8,0,0,0,0,4,1,6,2,30,6,-1,-1,-1,-1,-1,-1
201806F149623,2,1,0,18,5,8,0,0,0,0,1,1,6,1,12,3,-1,-1,-1,3,1,3
201806F149797,1,9,0,1,0,2,0,0,0,0,2,1,6,1,30,6,1997,2,4,-1,-1,-1
201806F149797,2,9,0,18,0,1,0,0,0,0,2,1,6,1,51,8,-1,-1,-1,1,1,1
201806F149853,1,9,0,18,0,0,0,0,0,0,1,1,6,1,71,10,2494,1,16,4,1,4
201806F149913,1,9,0,5,0,0,0,0,0,0,1,1,6,1,30,6,1364,1,10,-1,-1,-1
201806F150061,1,9,0,18,0,0,5,0,1,0,3,1,1,1,25,5,1364,1,11,3,1,3
201806F150100,1,9,0,18,0,2,0,0,0,10,1,1,1,2,22,5,1242,1,4,4,1,4
201806F150100,2,9,0,2,0,2,0,0,0,0,2,1,1,1,30,6,-1,-1,-1,4,1,4
201806F150285,1,9,0,18,0,2,0,0,0,0,1,1,6,3,-1,-1,-1,-1,-1,-1,-1,-1
201806F150305,1,9,0,2,0,0,0,0,0,0,3,1,1,1,45,7,1242,1,6,9,1,9
201806F150305,2,9,0,14,0,0,0,0,0,0,4,1,6,3,-1,-1,1242,1,3,-1,-1,-1
201806F150316,1,9,0,18,0,0,5,0,0,0,1,1,6,1,31,6,1149,1,16,2,1,2
201806F150316,2,9,0,2,0,0,0,0,0,0,1,1,6,1,30,6,1968,2,8,-1,-1,-1
201806F150337,1,9,0,18,8,8,0,0,0,0,4,1,2,1,60,9,1984,2,5,5,1,5
201806F150337,2,11,0,18,8,8,0,0,0,0,3,1,1,1,49,8,5132,2,2,1,1,1
201806F150353,1,21,1,11,0,0,0,0,0,0,4,1,1,1,67,10,12740,2,4,5,1,5
201806F150353,2,9,0,18,0,0,1,10,0,0,3,1,2,2,21,5,998,1,6,10,1,10
201806F150562,1,9,0,1,9,2,0,0,0,0,2,1,6,1,30,6,1968,2,13,-1,-1,-1
201806F150718,1,9,0,18,0,1,0,0,0,0,4,1,6,3,-1,-1,-1,-1,-1,-1,-1,-1
201806F150742,1,9,0,9,0,1,0,0,0,0,4,1,6,2,54,8,1991,2,7,9,1,9
201806F150742,2,9,0,18,0,1,0,0,0,0,1,1,6,1,36,7,1995,2,10,6,1,6
201806F151088,1,8,0,16,0,8,0,0,0,0,1,1,1,1,47,8,1988,2,9,1,1,1
201806F151088,2,3,0,9,0,8,0,0,0,0,2,1,6,1,37,7,125,1,3,2,1,2
201806F151149,1,9,0,18,0,0,0,0,0,0,1,1,6,1,29,6,1997,2,4,2,1,2
201806F151201,1,9,0,18,0,2,0,0,0,0,1,1,6,1,46,8,1598,2,2,9,1,9
201806F151201,2,1,0,18,0,2,0,0,0,0,4,1,3,1,11,3,-1,-1,-1,10,1,10
201806F151275,1,9,0,9,0,8,0,0,0,0,3,1,6,1,65,9,1968,2,1,9,1,9
201806F151275,2,9,0,18,0,8,0,0,7,10,1,1,6,2,20,4,999,1,4,4,1,4
201806F151322,1,9,0,5,0,6,0,0,0,0,1,1,6,2,36,7,1798,1,11,1,1,1
201806F151322,2,3,0,14,0,1,0,0,0,0,1,1,6,1,18,4,124,1,2,8,1,8
201806F151324,1,9,0,9,0,1,0,0,0,0,1,1,1,1,44,7,1598,2,2,9,1,9
201806F151350,1,9,0,18,0,8,0,0,7,1,1,1,6,1,60,9,1598,2,2,2,1,2
201806F151350,2,9,0,3,0,8,0,0,1,7,3,1,2,2,51,8,1956,2,6,1,1,1
201806F151376,1,90,0,18,0,8,0,0,0,0,4,1,1,1,33,6,-1,-1,-1,5,1,5
201806F151376,2,9,0,9,0,8,0,0,0,0,1,1,6,1,55,8,1997,2,13,3,1,3
201806F151388,1,9,0,9,0,1,0,0,0,0,3,1,2,1,39,7,1242,1,4,10,1,10
201806F151388,2,5,0,18,0,1,0,0,0,0,1,1,2,1,34,6,124,1,18,3,1,3
201806F151418,1,1,0,18,0,8,0,0,0,0,3,1,6,1,32,6,-1,-1,-1,-1,-1,-1
201806F151418,2,9,0,18,0,8,0,0,0,0,1,1,2,1,27,6,1596,1,15,3,1,3
201806F151418,3,9,0,18,0,8,0,0,0,0,0,1,3,1,32,6,1499,2,4,1,1,1
201806F151519,1,9,0,9,0,8,0,0,0,0,4,1,6,1,34,6,1399,2,12,1,1,1
201806F151519,2,9,0,18,0,8,0,0,0,0,1,1,6,1,37,7,-1,-1,-1,3,1,3
201806F151616,1,21,0,9,8,7,0,0,7,0,3,1,1,1,55,8,-1,-1,-1,-1,-1,-1
201806F151616,2,9,0,18,0,8,0,0,7,0,1,1,2,2,37,7,1598,1,14,7,1,7
201806F151633,1,9,0,9,0,6,0,0,0,0,1,1,6,2,70,10,898,1,4,10,1,10
201806F151633,2,9,0,18,0,8,0,0,0,0,1,1,6,2,19,4,1198,1,4,10,1,10
201806F151643,1,20,0,7,0,4,0,0,0,0,1,1,1,1,59,9,-1,2,5,5,1,5
201806F151643,2,9,0,8,0,4,0,0,0,0,2,1,6,2,30,6,1598,1,12,-1,-1,-1
201806F151823,1,90,0,9,0,6,0,0,0,0,1,1,6,1,30,6,-1,-1,-1,-1,-1,-1
201806F151823,2,8,0,18,0,8,0,0,0,0,4,1,1,1,57,9,1461,2,8,1,1,1
201806F151823,3,9,0,18,0,1,0,0,0,0,1,1,6,1,39,7,1200,1,-1,10,1,10
201806F151838,1,9,0,18,0,1,0,0,0,0,1,1,6,1,65,9,1242,1,11,1,1,1
201806F151838,2,9,0,9,0,6,0,0,0,0,4,2,6,2,60,9,-1,-1,-1,1,1,1
201806F151838,3,9,0,2,0,1,0,0,1,10,3,1,6,1,25,5,1560,2,4,1,1,1
201806F151892,1,5,0,18,0,2,0,0,0,0,0,1,6,1,45,7,1084,1,20,1,1,1
201806F151902,1,9,0,18,0,8,0,0,0,0,1,1,6,1,20,4,-1,-1,-1,2,1,2
201806F151902,2,5,0,9,0,8,0,0,0,0,1,1,6,1,31,6,-1,-1,-1,-1,-1,-1
201806F152518,1,9,0,9,0,6,0,0,0,0,1,1,1,1,24,5,1124,1,12,2,1,2
201806F152886,1,9,0,18,0,0,1,11,1,10,4,1,6,1,74,10,1399,1,1,4,1,4
201806F153786,1,9,0,4,0,2,1,0,0,0,1,1,1,2,53,8,1796,1,8,-1,-1,-1
201806F239131,1,9,0,9,0,8,0,0,0,0,4,1,1,1,42,7,1685,2,1,7,1,7
201806F239131,2,1,0,18,0,8,5,0,0,0,1,1,6,1,13,3,-1,-1,-1,2,1,2
201806F239304,1,9,0,18,0,0,0,0,0,0,1,1,6,3,-1,-1,1229,1,6,-1,-1,-1
201806F239304,2,9,0,18,0,0,0,10,1,0,3,1,6,1,43,7,-1,-1,-1,-1,-1,-1
201806F239332,1,9,0,18,0,8,0,0,0,0,1,1,2,1,68,10,1149,1,20,2,1,2
201806F239332,2,5,0,18,0,8,0,0,0,0,4,1,6,1,34,6,649,1,7,3,1,3
201806F239407,1,9,0,18,0,0,0,0,0,0,1,1,6,1,30,6,-1,-1,-1,-1,-1,-1
201806F239630,1,8,0,9,0,5,0,0,0,0,4,1,1,1,65,9,1686,2,10,1,1,1
201806F239630,2,1,0,18,0,8,0,0,0,0,1,1,2,1,51,8,-1,-1,-1,5,1,5
201806F239688,1,8,0,9,0,5,0,0,0,0,4,1,1,1,44,7,1560,2,7,1,1,1
201806F239753,1,9,0,18,0,8,0,0,0,0,1,1,6,1,30,6,1339,1,13,5,1,5
201806F239753,2,9,0,18,0,8,0,0,0,0,3,1,1,1,38,7,-1,-1,-1,2,1,2
201806F239856,1,9,0,4,0,1,0,0,0,0,3,1,6,2,30,6,1386,1,11,-1,-1,-1
201806F239856,2,5,0,3,0,1,0,0,0,0,4,1,6,1,49,8,-1,-1,-1,8,1,8
201806F239861,1,11,0,18,0,1,0,0,0,0,1,1,1,1,38,7,7300,2,13,1,1,1
201806F239910,1,9,0,18,0,1,0,0,0,0,1,1,6,1,37,7,1998,1,6,1,1,1
201806F240011,1,9,0,12,0,0,0,0,0,0,3,1,6,1,30,6,1995,2,5,-1,-1,-1
201806F240011,2,9,0,18,0,0,0,0,0,0,4,1,2,1,28,6,1796,1,10,7,1,7
201806F240090,1,9,0,16,0,0,0,0,7,10,1,1,2,2,40,7,1995,1,13,1,1,1
201806F240090,2,1,0,17,0,0,5,0,1,0,1,1,2,1,54,8,-1,-1,-1,3,1,3
201806F240099,1,21,1,5,0,8,0,0,0,0,1,1,1,1,49,8,12419,2,5,5,1,5
201806F240099,2,9,0,5,0,8,0,0,0,0,2,1,2,1,46,8,1198,1,14,3,1,3
201806F240179,1,9,0,9,0,6,0,0,0,0,1,1,2,1,23,5,1197,1,2,2,1,2
201806F240179,2,9,0,9,0,5,1,0,0,0,1,1,2,2,29,6,-1,-1,-1,6,1,6
201806F240221,1,19,0,1,0,0,0,0,0,0,2,1,1,1,59,9,2198,2,7,-1,1,-1
201806F240233,1,9,0,9,0,5,0,0,0,0,1,1,6,3,-1,-1,1995,2,6,-1,-1,-1
201806F240241,1,1,0,9,0,1,0,0,0,0,4,1,6,1,30,6,-1,-1,-1,3,1,3
201806F240241,2,9,0,18,0,1,0,0,0,0,1,1,2,1,34,6,1560,2,3,1,1,1
201806F240247,1,9,0,18,0,8,0,0,1,10,3,1,6,1,60,9,1364,1,14,1,1,1
201806F240247,2,9,0,9,0,6,0,0,0,0,1,1,6,2,26,6,1395,1,1,2,1,2
201806F240250,1,9,0,9,0,8,0,0,0,0,3,1,2,1,25,5,1390,1,8,4,1,4
201806F240250,2,5,0,18,0,8,0,0,0,0,1,1,2,1,45,7,1157,1,21,2,1,2
201806F240398,1,8,0,18,0,0,5,4,0,0,4,1,1,1,36,7,1598,2,6,1,1,1
201806F240398,2,9,0,2,0,0,0,0,0,0,3,1,6,2,27,6,1395,1,1,-1,-1,-1
201806F240500,1,9,0,18,0,0,0,0,0,0,1,1,6,1,53,8,2204,2,13,6,1,6
201806F240500,2,9,0,18,0,0,0,0,0,0,1,1,6,1,65,9,1598,1,12,2,1,2
201806F240528,1,9,0,12,0,8,0,0,0,0,0,1,6,3,-1,-1,-1,-1,-1,-1,-1,-1
201806F240528,2,3,0,18,0,8,0,0,0,0,0,1,6,1,50,8,125,1,2,-1,-1,-1
201806F240720,1,9,0,18,0,8,0,0,0,0,1,1,6,2,30,6,1995,2,4,3,1,3
201806F240720,2,8,0,4,0,8,0,0,0,0,4,1,1,1,60,9,1395,1,4,5,1,5
201806F240776,1,9,0,9,0,5,5,0,0,0,1,1,6,2,29,6,2143,2,1,1,1,1
201806F240776,2,9,0,18,0,8,0,0,0,0,1,1,6,2,29,6,1197,1,2,1,1,1
201806F240778,1,9,0,4,0,8,1,10,3,2,1,1,3,1,34,6,1796,1,6,5,1,5
201806F240971,1,9,0,5,0,8,0,0,0,0,3,1,6,1,30,6,1299,1,17,2,1,2
201806F240971,2,1,0,18,0,8,0,0,0,0,1,1,6,1,36,7,-1,-1,-1,3,1,3
201806F240984,1,9,0,1,0,8,0,0,1,10,2,1,6,2,28,6,1229,1,12,1,1,1
201806F241134,1,19,0,18,0,0,0,0,0,0,1,1,6,1,41,7,1248,2,11,9,1,9
201806F241134,2,9,0,4,0,0,0,0,0,0,2,1,2,1,52,8,1596,1,3,10,1,10
201806F241134,3,9,0,4,0,0,0,0,0,0,2,1,6,2,51,8,-1,-1,-1,1,1,1
201806F241183,1,9,0,16,0,0,1,0,0,0,1,1,6,1,19,4,1199,1,14,8,1,8
201806F241183,2,9,0,17,0,0,0,0,0,0,1,1,2,1,38,7,1248,2,9,1,1,1
201806F241184,1,9,0,18,0,0,0,0,0,0,4,1,6,2,57,9,3456,8,9,10,1,10
201806F241247,1,9,0,18,0,0,0,0,0,0,1,1,2,1,21,5,1240,1,15,1,1,1
201806F241309,1,9,0,1,0,6,0,0,0,0,2,1,6,2,30,6,1199,1,18,-1,-1,-1
201806F241434,1,9,0,9,0,5,0,0,0,0,4,1,6,1,58,9,1461,2,3,10,1,10
201806F241434,2,9,0,18,0,8,0,0,0,0,1,1,1,1,36,7,1598,2,4,1,1,1
201806F241563,1,8,0,9,0,8,0,0,0,0,1,1,1,1,41,7,2499,2,9,1,1,1
201806F241563,2,8,0,18,0,8,0,0,0,0,1,1,1,1,43,7,2499,2,6,-1,-1,-1
201806F241565,1,9,0,18,0,2,0,0,0,0,1,1,6,3,-1,-1,-1,-1,-1,-1,-1,-1
201806F241623,1,9,0,15,0,1,0,0,0,0,4,1,6,1,30,6,1995,2,5,-1,-1,-1
201806F241623,2,1,0,3,0,1,0,0,0,0,3,1,6,1,50,8,-1,-1,-1,4,1,4
201806F241623,3,9,0,15,0,1,0,0,0,0,0,1,6,1,39,7,1582,2,2,1,1,1
201806F241655,1,8,0,5,0,8,0,0,0,0,1,1,6,1,30,6,1686,2,14,-1,-1,-1
201806F241655,2,8,0,5,1,8,0,0,0,0,1,1,2,2,30,6,1596,1,10,4,1,4
201806F241722,1,9,0,18,0,1,0,0,0,0,3,1,2,1,31,6,1390,1,12,1,1,1
201806F241735,1,9,0,18,0,0,0,0,0,0,1,1,6,3,-1,-1,1341,1,14,-1,-1,-1
201806F241817,1,9,0,5,0,4,0,0,0,0,1,1,6,1,37,7,1560,2,1,1,1,1
201806F241817,2,8,0,18,0,4,0,0,0,0,2,1,6,1,53,8,2499,2,9,2,1,2
201806F241868,1,9,0,7,0,8,0,0,0,0,4,1,6,3,-1,-1,998,1,2,-1,-1,-1
201806F241868,2,1,0,18,0,8,0,0,0,0,1,1,2,1,17,4,-1,-1,-1,1,1,1
201806F241911,1,9,0,18,0,8,0,0,0,0,1,1,6,3,-1,-1,1995,2,7,5,1,5
201806F241911,2,9,0,18,0,8,0,0,0,0,3,1,6,1,39,7,1797,8,7,10,1,10
201806F241911,3,9,0,2,0,8,0,0,0,0,3,1,6,1,61,9,2143,2,5,1,1,1
201806F242038,1,9,0,9,0,8,0,0,0,0,1,1,6,1,34,6,1800,1,19,1,1,1
201806F242038,2,9,0,18,0,8,0,0,0,0,4,1,6,1,34,6,1596,1,10,1,1,1
201806F242258,1,9,0,18,0,8,0,0,2,10,0,1,6,1,30,6,1395,1,1,-1,-1,-1
201806F242477,1,9,0,7,0,8,0,0,0,0,1,1,6,1,36,7,1797,8,3,2,1,2
201806F242477,2,1,0,18,0,8,0,0,0,0,3,1,6,2,29,6,-1,-1,-1,4,1,4
201806F242488,1,9,0,18,0,1,0,0,0,0,1,1,6,1,27,6,996,1,9,1,1,1
201806F242560,1,9,0,18,0,0,1,0,7,5,1,1,6,1,36,7,1242,1,10,5,1,5
201806F242587,1,9,0,5,0,1,0,0,0,0,1,1,6,1,30,6,1395,1,1,-1,-1,-1
201806F242587,2,9,0,5,0,1,0,0,0,0,2,1,6,2,20,4,998,1,-1,1,1,1
201806F242628,1,8,0,18,0,0,0,0,0,0,1,1,1,1,31,6,1598,2,6,1,1,1
201806F242643,1,9,0,18,0,8,0,0,0,0,2,1,6,1,30,6,-1,-1,-1,-1,-1,-1
201806F242643,2,9,0,3,0,8,0,0,0,0,1,1,6,1,51,8,1995,2,12,1,1,1
201806F242689,1,9,0,18,0,0,0,0,0,0,4,1,1,2,21,5,1598,1,3,2,1,2
201806F242693,1,9,0,7,0,6,0,0,0,0,1,1,6,1,32,6,1995,2,-1,2,1,2
201806F242693,2,1,0,18,0,8,0,0,0,0,4,1,6,1,38,7,-1,-1,-1,4,-1,4
201806F242718,1,9,0,7,4,8,0,0,0,0,1,1,2,2,63,9,1149,1,7,1,1,1
201806F242718,2,1,0,18,4,8,0,0,0,0,3,1,2,1,21,5,-1,-1,-1,2,1,2
201806F242740,1,9,0,18,0,0,0,0,0,10,0,1,6,2,62,9,2400,2,8,2,1,2
201806F242740,2,9,0,4,0,0,0,0,0,0,2,1,6,2,53,8,1597,1,3,6,1,6
201806F242740,3,9,0,4,0,0,0,0,0,0,2,1,6,1,32,6,2268,2,2,1,1,1
201806F242925,1,9,0,7,0,6,0,0,0,0,3,1,6,2,54,8,1120,2,5,3,1,3
201806F242925,2,9,0,18,0,8,0,0,0,0,4,1,6,2,26,6,1900,2,14,1,1,1
201806F243083,1,9,0,6,4,0,0,0,0,0,3,1,1,2,56,9,1984,1,2,7,3,7
201806F243083,2,1,0,18,4,0,0,0,0,0,1,1,1,1,36,7,-1,-1,-1,1,1,1
201806F243085,1,90,0,9,0,8,0,0,0,0,1,1,6,3,-1,-1,-1,-1,-1,-1,-1,-1
201806F243085,2,9,0,18,0,8,0,0,1,5,3,1,2,2,32,6,1242,1,6,2,1,2
201806F243304,1,9,0,5,0,1,0,0,0,0,1,1,6,1,32,6,1896,2,11,2,1,2
201806F243304,2,9,0,3,0,1,0,0,0,0,2,1,6,1,45,7,1995,2,8,1,1,1
201806F243385,1,9,0,9,0,6,0,0,0,0,1,1,6,3,-1,-1,2967,2,4,-1,-1,-1
201806F243385,2,1,0,18,0,8,0,0,0,0,1,1,6,1,40,7,-1,-1,-1,7,1,7
201806F243399,1,9,0,18,0,8,0,0,0,0,1,1,6,3,-1,-1,1422,2,1,-1,-1,-1
201806F243399,2,9,0,3,0,8,0,0,0,0,2,1,6,2,53,8,1329,1,3,1,1,1
201806F243452,1,9,0,8,0,8,0,0,0,0,4,1,6,3,-1,-1,-1,-1,-1,-1,-1,-1
201806F243452,2,1,0,18,0,8,0,0,0,0,2,1,6,1,38,7,-1,-1,-1,1,1,1
201806F243484,1,9,0,9,0,6,0,0,0,0,3,1,6,2,25,5,1598,2,5,2,1,2
201806F243484,2,9,0,18,0,8,0,0,0,0,1,1,6,1,19,4,1395,1,5,4,1,4
201806F243869,1,9,0,5,0,0,0,0,0,0,1,1,1,2,42,7,1240,1,11,7,1,7
201806F243869,2,9,0,18,0,0,0,0,0,0,1,1,6,1,35,6,1598,1,4,2,-1,2
201806F243935,1,9,0,18,0,1,0,0,0,0,1,1,6,3,-1,-1,-1,-1,-1,-1,-1,-1
201806F243935,2,9,0,18,0,1,0,0,0,0,2,1,6,2,56,9,1796,1,12,2,1,2
201806F243967,1,9,0,7,0,1,0,10,1,0,1,1,6,1,30,6,1398,1,3,-1,-1,-1
201806F243967,2,9,0,7,0,1,0,0,0,0,2,1,6,2,27,6,998,1,6,5,1,5
201806F243977,1,9,0,16,0,8,0,0,0,0,0,1,1,2,35,6,1598,1,5,-1,-1,-1
201806F243977,2,1,0,16,0,8,0,0,0,0,0,1,6,2,29,6,-1,-1,-1,2,1,2
201806F244020,1,9,0,9,0,6,0,0,0,0,1,1,6,2,30,6,1598,1,5,-1,-1,-1
201806F244020,2,1,0,18,0,8,5,0,0,0,1,1,2,1,24,5,-1,-1,-1,5,1,5
201806F244092,1,19,0,7,0,5,0,0,7,10,1,1,6,1,26,6,2402,2,13,-1,-1,-1
201806F244106,1,1,0,16,0,1,0,0,0,0,1,1,6,1,26,6,-1,-1,-1,2,1,2
201806F244106,2,9,0,17,0,2,0,0,0,0,1,1,6,2,45,7,1198,1,5,1,1,1
201806F244109,1,9,0,18,0,8,0,0,0,0,1,1,2,2,54,8,1364,1,3,1,1,1
201806F244132,1,11,0,18,0,1,0,0,0,0,2,1,1,1,43,7,12600,2,13,2,1,2