Accident_Index,Vehicle_Reference,Vehicle_Type,Towing_and_Articulation,Vehicle_Manoeuvre,Vehicle_Location-Restricted_Lane,Junction_Location,Skidding_and_Overturning,Hit_Object_in_Carriageway,Vehicle_Leaving_Carriageway,Hit_Object_off_Carriageway,1st_Point_of_Impact,Was_Vehicle_Left_Hand_Drive?,Journey_Purpose_of_Driver,Sex_of_Driver,Age_of_Driver,Age_Band_of_Driver,Engine_Capacity_(CC),Propulsion_Code,Age_of_Vehicle,Driver_IMD_Decile,Driver_Home_Area_Type,Vehicle_IMD_Decile
201806F244132,2,8,0,10,0,1,0,0,0,0,1,1,1,1,43,7,1997,2,6,3,1,3
201806F244296,1,4,0,13,0,8,2,0,0,0,1,1,6,1,30,6,-1,-1,-1,-1,-1,-1
201806F244296,2,9,0,9,0,5,0,0,0,0,2,1,6,1,34,6,998,1,6,4,1,4
201806F244518,1,9,0,18,0,8,0,0,0,0,1,1,1,1,62,9,1364,1,-1,5,1,5
201806F244518,2,19,0,9,0,6,0,0,0,0,3,1,1,1,49,8,1995,2,5,4,1,4
201806F244605,1,9,0,9,4,5,0,0,0,0,4,1,1,1,35,6,-1,-1,-1,5,1,5
201806F244605,2,1,0,18,4,8,5,0,0,0,1,1,6,1,35,6,-1,-1,-1,4,2,4
201806F244624,1,9,0,11,0,3,0,0,0,0,4,1,6,2,76,11,2720,2,13,5,1,5
201806F244624,2,4,0,18,0,8,0,0,0,0,3,1,2,1,61,9,148,1,53,6,1,6
201806F244795,1,3,0,18,9,0,1,0,0,0,4,1,6,1,43,7,-1,-1,-1,-1,-1,-1
201806F244795,2,5,0,18,9,0,0,0,0,0,0,1,1,1,50,8,1170,1,-1,4,1,4
201806F244802,1,9,0,16,0,1,0,0,0,0,4,1,1,2,40,7,1398,1,3,2,1,2
201806F244802,2,1,0,16,0,1,0,0,0,0,1,1,4,1,30,6,-1,-1,-1,-1,-1,-1
201806F244872,1,9,0,7,0,6,0,0,0,0,1,1,6,2,27,6,1242,1,7,4,1,4
201806F244872,2,1,0,18,9,8,0,0,0,0,3,1,2,1,40,7,-1,-1,-1,1,1,1
201806F244874,1,90,0,9,0,5,0,0,0,0,1,1,6,3,-1,-1,-1,-1,-1,-1,-1,-1
201806F244874,2,5,0,8,0,6,0,0,0,0,1,1,2,1,21,5,649,1,5,1,1,1
201806F244965,1,9,0,18,0,8,0,0,0,0,2,1,6,1,26,6,1686,2,4,2,1,2
201806F244989,1,9,0,18,0,8,0,0,0,0,1,1,6,3,-1,-1,-1,-1,-1,-1,-1,-1
201806F244989,2,9,0,18,0,8,0,0,0,0,3,1,6,2,23,5,998,1,6,4,1,4
201806F245068,1,9,0,13,0,8,5,0,0,0,4,1,6,1,30,6,1968,2,2,-1,-1,-1
201806F245068,2,9,0,7,0,5,0,0,0,0,3,1,6,1,25,5,1968,2,2,2,1,2
201806F245216,1,1,0,18,0,2,0,0,1,4,1,1,6,1,43,7,-1,-1,-1,4,1,4
201806F245216,2,1,0,18,0,1,0,0,0,0,1,1,6,1,30,6,-1,-1,-1,6,1,6
201806F245345,1,9,0,18,0,0,0,0,0,0,1,1,6,1,20,4,1360,1,14,1,1,1
201806F245345,2,9,0,3,0,0,0,0,0,0,2,1,6,2,29,6,1968,2,9,1,1,1
201806F245345,3,9,0,3,0,0,0,0,0,0,2,1,6,2,26,6,1198,1,8,1,1,1
201806F245345,4,9,0,3,0,0,0,0,0,0,2,1,6,1,43,7,1598,1,9,6,1,6
201806F245391,1,1,0,7,0,6,0,0,0,0,1,1,6,1,32,6,-1,-1,-1,-1,-1,-1
201806F245391,2,19,0,18,0,8,0,0,0,0,2,1,2,1,46,8,2198,2,2,1,1,1
201806F245403,1,9,0,16,0,0,2,0,7,2,1,1,6,1,20,4,1296,1,12,2,1,2
201806F245408,1,8,0,7,2,5,0,0,1,0,4,1,6,3,-1,-1,1149,1,15,-1,-1,-1
201806F245408,2,1,0,18,2,8,0,0,1,0,1,1,6,1,51,8,-1,-1,-1,9,3,9
201806F245447,1,9,0,9,0,6,0,0,0,0,1,1,6,1,30,6,-1,-1,-1,-1,-1,-1
201806F245447,2,9,0,18,0,8,0,0,0,0,4,1,6,1,20,4,1198,1,7,2,1,2
201806F245562,1,9,0,18,0,0,0,0,0,0,1,1,6,1,30,6,-1,-1,-1,-1,-1,-1
201806F245562,2,9,0,3,0,0,0,0,0,0,2,1,2,2,42,7,1796,1,8,8,1,8
201806F245662,1,9,0,18,0,1,0,0,0,0,1,1,6,1,30,6,2179,2,5,4,1,4
201806F245662,2,9,0,3,0,1,0,0,0,0,0,1,6,2,33,6,1149,1,12,2,1,2
201806F245734,1,5,0,18,0,8,0,0,0,0,1,1,6,1,21,5,599,1,15,1,1,1
201806F245734,2,9,0,18,0,8,0,0,0,0,1,1,6,3,30,6,1950,2,1,-1,-1,-1
201806F245762,1,20,0,13,0,8,0,0,0,0,4,1,1,3,30,6,9000,2,12,-1,-1,-1
201806F245762,2,9,0,18,2,8,2,0,0,0,3,1,6,1,39,7,1229,1,5,2,1,2
201806F245881,1,9,0,18,0,8,0,0,0,0,1,1,6,3,-1,-1,1598,1,14,-1,-1,-1
201806F245881,2,8,0,9,0,8,0,7,7,1,4,1,1,1,41,7,1364,2,3,1,1,1
201806F245916,1,9,0,18,0,8,0,0,7,0,1,1,6,1,27,6,1995,2,12,3,1,3
201806F246087,1,9,0,18,0,0,1,0,0,0,1,1,6,1,42,7,1398,1,2,1,1,1
201806F246087,2,9,0,18,0,0,0,0,0,0,3,1,6,1,31,6,-1,-1,-1,4,1,4
201806F246193,1,9,0,18,0,1,0,0,0,0,1,1,6,1,19,4,1998,1,8,1,1,1
201806F246199,1,9,0,9,0,8,0,0,0,0,1,1,6,1,37,7,1999,2,2,5,2,5
201806F246199,2,9,0,18,0,8,0,0,0,0,1,1,6,1,39,7,1596,1,12,1,1,1
201806F246225,1,9,0,18,0,0,0,0,0,0,1,1,6,2,35,6,1956,2,3,1,1,1
201806F246225,2,9,0,2,0,0,0,0,0,0,2,1,6,1,30,6,1968,2,11,1,1,1
201806F246268,1,9,0,18,0,0,0,0,1,0,1,1,6,3,-1,-1,2979,1,4,-1,-1,-1
201806F246268,2,9,0,18,0,0,0,0,1,0,1,1,6,2,25,5,1582,2,9,8,1,8
201806F246400,1,9,0,4,0,1,0,0,0,0,1,1,6,3,-1,-1,2231,2,10,-1,-1,-1
201806F246400,2,9,0,3,0,1,0,0,0,0,2,1,1,1,20,4,1968,2,2,-1,1,-1
201806F246415,1,9,0,3,0,1,0,0,0,0,2,1,6,1,20,4,1390,1,10,2,1,2
201806F246415,2,9,0,18,0,1,0,0,0,0,1,1,6,3,30,6,-1,-1,-1,-1,-1,-1
201806F246585,1,9,0,18,0,6,0,0,0,0,1,1,6,1,30,6,1598,1,9,-1,-1,-1
201806F246585,2,90,0,18,0,8,0,0,0,0,3,1,6,1,31,6,-1,-1,-1,2,1,2
201806F246632,1,9,0,9,0,8,0,0,0,0,1,1,6,2,25,5,999,1,2,-1,-1,-1
201806F246632,2,3,0,18,0,8,0,0,0,0,1,1,6,1,56,9,745,1,4,6,1,6
201806F246802,1,1,0,18,9,1,0,0,0,0,1,1,6,1,41,7,-1,-1,-1,1,1,1
201806F246802,2,9,0,18,0,1,0,0,0,0,4,1,6,3,-1,-1,-1,-1,-1,-1,-1,-1
201806F246918,1,8,0,9,0,8,0,0,3,1,3,1,1,1,36,7,1956,2,6,2,1,2
201806F246918,2,9,0,18,0,8,0,0,0,0,1,1,6,1,62,9,-1,-1,-1,6,1,6
201806F246938,1,9,0,9,0,8,0,0,0,0,1,1,6,2,42,7,2143,2,1,1,1,1
201806F246938,2,5,0,18,0,8,0,0,0,0,1,1,6,1,42,7,1137,1,20,2,1,2
201806F246946,1,9,0,18,0,8,0,0,0,0,1,1,6,1,22,5,1591,1,2,-1,-1,-1
201806F246946,2,9,0,18,0,1,0,0,0,0,0,1,1,1,30,6,1984,1,2,-1,-1,-1
201806F246946,3,9,0,18,0,1,0,0,0,0,0,1,1,1,30,6,2993,2,4,-1,-1,-1
201806F246946,4,9,0,18,0,8,0,0,0,0,1,1,1,1,50,8,1798,8,4,1,1,1
201806F246952,1,9,0,18,0,8,0,0,0,0,1,1,6,1,27,6,1364,2,11,1,1,1
201806F246952,2,9,0,18,0,8,0,0,0,0,1,1,6,1,30,6,1995,2,11,-1,-1,-1
201806F246965,1,9,0,11,0,2,0,0,0,0,3,1,6,2,30,6,998,1,-1,-1,-1,-1
201806F246965,2,9,0,16,0,2,0,0,0,0,3,1,1,2,25,5,998,1,5,5,1,5
201806F246969,1,8,0,9,0,6,0,0,0,0,4,1,6,2,39,7,1598,2,7,5,1,5
201806F246969,2,3,0,18,0,8,0,0,0,0,1,1,6,1,35,6,125,1,-1,2,1,2
201806F247015,1,9,0,18,0,8,0,0,0,0,1,1,2,2,48,8,1587,1,16,3,1,3
201806F247015,2,9,0,9,0,8,0,0,0,0,4,1,2,2,54,8,1997,2,7,8,2,8
201806F247280,1,9,0,11,0,1,0,0,0,0,4,1,6,1,30,6,1968,2,5,2,1,2
201806F247280,2,11,0,12,0,1,0,0,0,0,1,1,1,1,38,7,7300,2,12,1,1,1
201806F247338,1,9,0,9,0,8,0,0,0,0,1,1,6,2,28,6,1242,1,6,-1,-1,-1
201806F247338,2,8,0,18,0,8,0,0,0,0,1,1,1,1,37,7,2499,2,8,2,1,2
201806F247419,1,9,0,18,0,1,0,0,0,0,1,1,6,2,53,8,1360,1,11,1,1,1
201806F247419,2,3,0,18,0,1,0,0,0,0,2,1,6,1,52,8,124,1,5,4,1,4
201806F247426,1,9,0,7,0,1,0,0,0,0,4,1,6,2,30,6,-1,-1,-1,-1,-1,-1
201806F247462,1,1,0,18,0,8,0,0,0,0,3,1,6,1,12,3,-1,-1,-1,6,1,6
201806F247462,2,9,0,8,0,8,0,0,0,0,1,1,6,1,23,5,999,1,-1,7,1,7
201806F247520,1,19,0,16,0,4,0,0,0,0,2,1,1,1,30,6,2198,2,4,-1,-1,-1
201806F247520,2,9,0,16,0,4,0,0,0,0,1,1,1,1,31,6,899,1,4,2,1,2
201806F247777,1,9,0,9,0,6,0,0,0,0,3,1,6,2,22,5,1461,2,2,5,1,5
201806F247777,2,19,0,18,0,8,0,0,0,0,1,1,2,2,34,6,1560,2,1,3,1,3
201806F247789,1,9,0,9,0,5,0,0,0,0,1,1,6,1,42,7,-1,-1,-1,1,1,1
201806F247789,2,9,0,18,0,8,0,0,0,0,1,1,6,1,70,10,1896,2,13,1,1,1
201806F247835,1,9,0,18,0,8,0,0,0,0,4,1,6,1,52,8,1388,1,11,4,1,4
201806F247918,1,9,0,9,0,8,0,7,3,0,1,1,6,3,-1,-1,1596,1,15,-1,-1,-1
201806F247977,1,9,0,18,0,1,0,0,0,0,1,1,6,3,-1,-1,1896,2,13,-1,-1,-1
201806F247977,2,9,0,4,0,1,0,0,0,0,2,1,1,1,39,7,1329,1,3,1,-1,1
201806F248096,1,1,0,18,0,8,0,0,0,0,4,1,6,1,18,4,-1,-1,-1,1,1,1
201806F248096,2,9,0,18,0,8,0,0,0,0,1,1,6,1,29,6,1968,2,10,4,1,4
201806F248102,1,9,0,9,0,6,0,0,0,0,1,1,6,1,20,4,1388,1,13,6,1,6
201806F248102,2,1,0,18,0,8,0,0,0,0,1,1,6,1,37,7,-1,-1,-1,5,1,5
201806F248239,1,9,0,5,0,0,0,0,0,1,0,1,6,3,-1,-1,-1,-1,-1,-1,-1,-1
201806F248262,1,9,0,4,0,8,0,0,0,0,4,1,6,1,30,6,-1,-1,-1,-1,-1,-1
201806F248262,2,9,0,4,0,8,0,0,0,0,4,1,6,1,31,6,1229,1,11,4,1,4
201806F248393,1,9,0,4,0,2,0,0,0,0,1,1,1,1,38,7,1199,1,19,-1,-1,-1
201806F248408,1,1,0,18,9,1,0,0,0,0,1,1,6,2,23,5,-1,-1,-1,-1,-1,-1
201806F248408,2,9,0,7,0,6,0,0,0,0,4,1,6,1,49,8,1364,1,1,-1,3,-1
201806F248410,1,9,0,7,0,1,0,0,0,0,2,1,6,1,30,6,1998,1,3,-1,-1,-1
201806F248410,2,1,0,18,0,1,0,0,0,0,1,1,6,1,27,6,-1,-1,-1,3,1,3
201806F248478,1,9,0,9,0,8,0,0,0,0,1,1,6,2,49,8,1242,1,4,1,1,1
201806F248478,2,1,0,18,0,8,0,0,0,0,1,1,2,1,36,7,-1,-1,-1,7,1,7
201806F248506,1,19,0,13,0,2,0,0,0,0,0,1,6,1,30,6,-1,-1,-1,-1,-1,-1
201806F248810,1,9,0,15,0,1,0,0,0,0,1,1,6,3,-1,-1,-1,-1,-1,-1,-1,-1
201806F248810,2,1,0,18,0,1,0,0,0,0,1,2,6,2,46,8,-1,-1,-1,2,1,2
201806F248838,1,9,0,18,2,1,0,0,0,0,1,1,6,1,30,6,1598,1,18,-1,-1,-1
201806F248838,2,9,0,18,0,1,0,0,0,0,4,1,6,1,58,9,1360,1,6,7,2,7
201806F248844,1,9,0,17,0,0,0,0,0,0,1,1,6,1,19,4,1248,2,11,3,1,3
201806F248844,2,9,0,18,0,0,0,0,1,10,1,1,6,2,21,5,1995,2,8,1,1,1
201806F248852,1,8,0,1,6,2,0,0,0,0,2,1,6,1,30,6,-1,-1,-1,-1,-1,-1
201806F248879,1,9,0,18,0,4,0,0,0,0,2,1,1,1,30,6,1598,2,3,-1,-1,-1
201806F248879,2,1,0,18,0,8,0,0,0,0,2,1,2,1,38,7,-1,-1,-1,4,1,4
201806F248979,1,11,0,18,2,0,0,0,0,0,1,1,1,1,58,9,5132,2,2,3,1,3
201806F249096,1,9,0,18,0,8,0,0,0,0,1,1,6,1,25,5,1910,2,13,1,1,1
201806F249096,2,1,0,18,0,8,0,0,0,0,4,1,6,1,40,7,-1,-1,-1,-1,-1,-1
201806F249128,1,90,0,7,0,4,0,0,1,0,4,1,6,1,30,6,-1,-1,-1,-1,-1,-1
201806F249245,1,9,0,7,0,6,0,0,0,0,1,1,1,2,22,5,-1,-1,-1,1,1,1
201806F249486,1,9,0,1,0,1,0,0,0,0,2,1,6,3,-1,-1,1685,2,4,-1,-1,-1
201806F249492,1,9,0,6,0,2,0,0,0,0,3,1,6,1,50,8,1995,2,2,4,1,4
201806F249492,2,3,0,18,0,2,0,0,0,0,1,1,6,1,38,7,125,1,-1,1,1,1
201806F249589,1,8,0,9,0,1,0,0,0,0,1,1,1,1,30,6,1598,2,4,1,1,1
201806F249614,1,9,0,9,0,5,0,0,0,0,4,1,6,1,22,5,1461,2,4,5,1,5
201806F249614,2,1,0,18,0,1,0,0,0,0,1,1,6,1,55,8,-1,-1,-1,1,1,1
201806F249687,1,9,0,18,0,1,0,0,0,0,2,1,6,1,41,7,1398,1,8,2,1,2
201806F249687,2,9,0,18,0,1,0,0,0,0,1,1,6,3,-1,-1,-1,-1,-1,-1,-1,-1
201806F249753,1,4,0,7,0,3,0,0,7,6,1,1,6,1,26,6,-1,-1,-1,4,1,4
201806F249822,1,9,0,18,0,8,1,0,0,0,1,1,6,3,-1,-1,-1,-1,-1,-1,-1,-1
201806F249822,2,9,0,9,0,8,1,10,2,10,3,1,6,1,72,10,2495,1,16,2,1,2
201806F249833,1,9,0,9,0,5,0,0,0,0,1,1,6,2,30,6,1995,2,12,-1,-1,-1
201806F249833,2,9,0,9,0,5,0,0,0,0,2,1,6,2,21,5,1956,2,9,1,1,1
201806F249841,1,9,0,18,0,4,0,0,0,0,1,1,1,1,33,6,-1,-1,-1,5,1,5
201806F249841,2,1,0,9,0,8,0,0,0,0,4,1,1,1,51,8,-1,-1,-1,3,1,3
201806F249959,1,9,0,18,0,2,0,0,0,0,1,1,6,2,50,8,1968,2,5,3,1,3
201806F249959,2,5,0,18,0,1,0,0,0,0,1,1,6,2,48,8,600,1,18,1,1,1
201806F249959,3,9,0,18,0,1,0,0,0,0,1,1,6,1,70,10,1997,1,10,5,1,5
201806F250166,1,8,0,9,0,2,0,0,0,0,4,1,1,1,34,6,1798,8,5,1,1,1
201806F250234,1,9,0,11,0,8,0,0,0,0,4,1,6,2,18,4,1242,1,7,-1,-1,-1
201806F250234,2,9,0,18,0,8,0,0,0,1,3,1,6,1,38,7,1995,2,2,10,1,10
201806F250318,1,9,0,18,0,0,0,0,0,0,0,1,6,1,70,10,999,1,3,3,1,3
201806F250437,1,9,0,17,0,8,0,0,0,0,1,1,2,1,31,6,1461,2,1,8,1,8
201806F250437,2,1,0,9,0,8,0,0,0,0,4,1,2,1,32,6,-1,-1,-1,2,1,2
201806F250508,1,9,0,18,0,1,0,0,1,0,1,1,6,1,30,6,998,1,16,-1,-1,-1
201806F250508,2,9,0,4,0,1,0,0,0,0,2,1,6,1,21,5,1618,1,-1,6,1,6
201806F250568,1,9,0,18,0,1,0,0,0,0,1,1,6,1,61,9,998,1,4,1,1,1
201806F250568,2,9,0,2,0,1,0,0,0,0,2,1,6,1,68,10,1318,1,-1,-1,-1,-1
201806F250650,1,9,0,1,0,8,0,0,0,0,4,1,6,3,-1,-1,1199,1,17,-1,-1,-1
201806F250650,2,9,0,3,0,8,0,0,0,0,1,1,6,1,35,6,1995,2,10,6,1,6
201806F250728,1,9,0,5,0,8,0,0,0,0,1,1,2,1,30,6,1229,1,2,-1,-1,-1
201806F250728,2,1,0,18,0,8,0,0,0,0,4,1,6,1,53,8,-1,-1,-1,1,1,1
201806F250765,1,9,0,6,0,0,0,0,0,0,3,1,2,2,39,7,1598,2,6,3,1,3
201806F250765,2,5,0,14,0,0,0,0,0,0,1,1,2,1,48,8,599,1,9,-1,-1,-1
201806F250908,1,9,0,9,0,8,0,7,0,10,4,1,6,2,28,6,1997,2,9,5,1,5
201806F250908,2,8,0,18,0,8,0,0,0,0,1,1,1,1,40,7,1598,2,4,1,1,1
201806F251044,1,9,0,18,0,0,0,0,0,0,1,1,6,1,84,11,2401,2,13,6,1,6
201806F251044,2,9,0,3,0,0,0,0,0,0,2,1,1,1,72,10,-1,-1,-1,5,1,5
201806F251044,3,8,0,3,0,0,0,0,0,0,1,1,1,1,33,6,-1,-1,-1,3,1,3
201806F251177,1,9,0,18,0,8,0,0,0,0,1,1,6,1,62,9,1200,1,3,10,1,10
201806F251177,2,9,0,9,0,5,0,0,0,0,4,1,6,1,42,7,1364,1,-1,8,1,8
201806F251250,1,9,0,5,0,1,0,0,0,0,4,1,6,2,20,4,998,1,4,1,1,1
201806F251250,2,4,0,18,0,8,0,0,0,0,1,1,6,1,64,9,499,1,32,6,1,6
201806F251254,1,9,0,9,0,6,0,0,0,0,1,1,2,2,35,6,1329,1,7,-1,-1,-1
201806F251254,2,5,0,18,0,1,0,0,0,0,1,1,2,1,55,8,748,1,11,4,1,4
201806F251270,1,9,0,5,0,3,0,0,0,0,0,1,2,1,27,6,1598,1,12,2,1,2
201806F251271,1,9,0,5,0,6,0,0,0,0,0,1,2,1,47,8,1984,1,3,6,1,6
201806F251271,2,1,0,18,0,6,0,0,0,0,3,1,1,1,59,9,-1,-1,-1,3,1,3
201806F251273,1,9,0,18,0,1,0,0,0,0,1,1,2,2,57,9,1498,1,8,8,1,8
201806F251317,1,9,0,9,0,8,0,0,0,0,1,1,6,1,30,6,1582,2,9,-1,-1,-1
201806F251337,1,9,0,18,0,0,0,0,0,0,1,1,6,1,50,8,2993,2,8,2,1,2
201806F251337,2,9,0,3,0,0,0,0,0,0,2,1,2,2,50,8,1598,1,6,3,1,3
201806F251337,3,21,0,3,0,0,0,0,0,0,1,1,1,1,51,8,4462,2,4,4,1,4
201806F251441,1,9,0,18,0,0,0,0,0,0,1,1,6,2,30,6,1242,1,7,-1,-1,-1
201806F251441,2,9,0,18,0,0,0,0,0,0,2,1,6,2,22,5,1798,8,-1,3,1,3
201806F251506,1,19,0,18,0,1,0,0,0,0,1,1,6,3,-1,-1,1753,2,15,-1,-1,-1
201806F251506,2,9,0,3,0,1,0,0,0,0,2,1,6,1,54,8,-1,-1,-1,1,1,1
201806F251580,1,9,0,7,0,2,0,0,0,0,1,1,6,1,30,6,1368,1,9,-1,-1,-1
201806F251658,1,9,0,1,0,8,0,0,0,0,1,1,6,2,29,6,1685,2,3,1,1,1
201806F251658,2,9,0,18,0,8,0,0,0,0,2,1,6,2,46,8,1995,2,11,4,1,4
201806F251807,1,9,0,18,0,8,0,0,2,10,1,1,6,1,22,5,1598,1,8,1,1,1
201806F251807,2,8,0,18,0,8,0,0,1,10,1,1,1,1,33,6,2993,2,7,1,1,1
201806F251807,3,9,0,18,0,8,0,0,0,0,0,1,1,1,36,7,1984,1,2,1,1,1
201806F251881,1,8,0,5,0,0,0,0,0,0,3,1,1,1,40,7,2143,2,-1,3,1,3
201806F251920,1,9,0,9,0,8,0,0,0,0,4,1,6,2,17,4,1339,1,13,9,1,9
201806F251920,2,9,0,18,0,8,0,0,0,0,1,1,6,2,26,6,-1,-1,-1,6,1,6
201806F251963,1,9,0,9,0,8,0,0,0,0,4,1,6,2,33,6,1582,2,7,1,1,1
201806F251963,2,9,0,18,0,1,0,0,0,0,1,1,6,2,38,7,1968,2,1,3,1,3
201806F251983,1,9,0,9,0,1,0,0,0,0,4,1,1,1,41,7,1398,1,-1,3,1,3
201806F251983,2,9,0,18,0,1,1,0,0,0,1,1,6,1,66,10,999,1,1,1,1,1
201806F251985,1,90,0,5,0,2,0,0,0,0,4,1,6,3,-1,-1,-1,-1,-1,-1,-1,-1
201806F255041,1,9,0,18,0,3,0,10,1,1,3,1,6,1,26,6,5461,1,5,1,1,1
201806G139326,1,9,0,18,0,6,0,0,0,0,4,1,6,1,26,6,1598,2,2,2,1,2
201806G139326,2,8,0,18,0,8,0,0,0,0,1,1,1,1,30,6,1968,2,5,6,1,6
201806G139453,1,9,0,18,0,4,0,0,0,0,1,1,6,1,30,6,1796,1,14,-1,-1,-1
201806G139453,2,9,0,18,0,8,0,0,0,0,4,1,6,1,35,6,1995,2,5,4,1,4
201806G139474,1,9,0,18,0,1,0,0,0,0,1,1,6,1,30,6,1896,2,14,-1,-1,-1
201806G139474,2,9,0,18,0,1,0,0,0,0,2,1,2,2,47,8,1363,2,13,1,1,1
201806G139565,1,9,0,9,0,5,0,0,0,0,3,1,6,2,20,4,998,1,4,5,1,5
201806G139565,2,3,0,13,0,8,0,0,0,0,1,1,6,1,18,4,125,1,2,10,1,10
201806G139572,1,9,0,18,0,1,0,0,0,0,1,1,6,1,46,8,1399,2,9,10,1,10
201806G139572,2,9,0,3,0,1,0,0,0,0,2,1,6,2,26,6,1968,2,2,4,1,4
201806G139607,1,4,0,18,0,2,1,4,2,0,1,1,6,1,30,6,-1,-1,-1,-1,-1,-1
201806G139607,2,9,0,2,0,1,0,0,0,0,2,1,6,1,30,6,1995,2,3,-1,-1,-1
201806G139607,3,9,0,18,0,1,0,0,0,0,1,1,2,2,37,7,2204,2,11,3,1,3
201806G139787,1,9,0,9,0,6,0,0,0,0,3,1,2,1,40,7,1598,2,7,1,1,1
201806G139787,2,9,0,18,0,8,0,0,0,0,4,1,2,1,40,7,1248,2,11,7,1,7
201806G139842,1,9,0,14,0,8,0,0,0,0,1,1,6,1,31,6,1968,2,6,1,1,1
201806G139842,2,9,0,4,0,1,0,0,0,0,0,1,6,2,32,6,1991,1,1,1,-1,1
201806G139842,3,11,0,3,0,1,0,0,0,0,0,1,1,1,30,6,6700,2,2,1,1,1
201806G139842,4,9,0,9,0,6,0,0,0,0,3,1,6,1,21,5,1296,1,12,1,1,1
201806G139849,1,9,0,9,0,5,0,0,0,0,1,1,6,2,26,6,1242,1,11,2,1,2
201806G139850,1,9,0,18,0,0,0,0,0,0,4,1,6,1,52,8,1388,1,12,1,1,1
201806G139850,2,1,0,18,0,0,0,0,0,0,1,1,4,1,13,3,-1,-1,-1,1,1,1
201806G139928,1,9,0,7,0,6,0,0,0,0,1,1,6,2,29,6,1248,1,6,3,1,3
201806G139934,1,19,0,18,0,0,0,0,1,3,4,1,6,1,64,9,1310,1,2,4,1,4
201806G139955,1,9,0,9,0,6,0,0,0,0,3,1,6,1,27,6,1390,1,14,1,1,1
201806G139955,2,1,0,18,0,8,0,0,0,0,1,1,6,1,59,9,-1,-1,-1,1,1,1
201806G140041,1,9,0,18,0,8,0,10,2,10,4,1,6,2,52,8,1596,1,12,8,2,8
201806G140041,2,9,0,9,0,6,0,0,0,0,1,1,6,1,40,7,1461,2,14,-1,-1,-1
201806G140041,3,9,0,2,0,2,0,0,0,0,2,1,6,1,33,6,1968,2,6,-1,-1,-1
201806G140148,1,11,0,18,0,0,0,0,0,0,4,1,1,1,30,6,9360,2,9,-1,-1,-1
201806G140529,1,9,0,18,0,1,1,0,0,0,1,1,6,1,30,6,1997,2,12,-1,-1,-1
201806G140529,2,3,0,8,0,5,1,0,0,0,2,1,6,1,25,5,124,1,3,1,1,1
201806G140629,1,9,0,17,0,0,1,0,8,10,4,1,1,1,45,7,1796,1,12,1,1,1
201806G140629,2,9,0,16,0,0,0,0,0,0,1,1,1,1,32,6,1797,8,6,1,1,1
201806G140639,1,9,0,9,0,6,0,0,0,0,1,1,3,2,40,7,1399,2,10,1,1,1
201806G140639,2,2,0,18,0,8,0,0,0,0,4,1,4,1,16,4,49,1,7,1,1,1
201806G140727,1,9,0,1,0,2,0,0,0,0,2,1,3,1,38,7,1997,2,4,3,1,3
201806G140924,1,9,0,9,0,8,0,0,0,0,4,1,6,2,25,5,1299,1,13,1,1,1
201806G140924,2,4,0,18,0,8,1,0,0,0,1,1,6,1,19,4,-1,-1,-1,1,1,1
201806G140924,3,9,0,2,0,2,0,0,0,0,2,1,6,2,30,6,1461,2,8,-1,-1,-1
201806G140981,1,9,0,7,0,6,0,0,0,0,1,1,6,1,52,8,1590,1,2,2,1,2
201806G140983,1,9,0,18,0,8,0,0,0,0,1,1,6,1,30,6,1396,1,16,-1,-1,-1
201806G140983,2,1,0,18,0,8,0,0,0,0,3,1,2,1,22,5,-1,-1,-1,4,1,4
201806G141006,1,9,0,13,0,1,0,0,0,0,4,1,6,3,-1,-1,-1,-1,-1,-1,-1,-1
201806G141006,2,11,0,18,0,1,0,4,0,4,3,1,1,1,25,5,4250,2,16,2,1,2
201806G141006,3,9,0,2,0,1,0,10,1,0,3,1,6,2,28,6,1598,1,13,2,1,2
201806G141061,1,9,0,18,0,8,0,0,0,0,1,1,6,1,26,6,2000,2,13,1,1,1
201806G141061,2,8,0,18,0,8,0,0,0,0,3,1,1,1,49,8,1995,2,3,2,1,2
201806G141214,1,9,0,7,0,6,0,0,0,0,1,1,6,1,30,6,1968,2,5,-1,-1,-1
201806G141214,2,9,0,3,0,2,0,0,0,0,2,1,6,1,28,6,1998,8,1,1,1,1
201806G141244,1,9,0,18,0,0,0,0,0,0,1,1,6,1,41,7,1242,1,12,1,1,1
201806G141323,1,9,0,18,0,1,0,0,0,0,1,1,2,1,30,6,2179,2,5,6,1,6
201806G141517,1,9,0,9,0,5,0,0,0,0,1,1,3,1,30,6,1796,1,17,1,1,1
201806G141554,1,9,0,16,0,0,1,0,7,10,1,1,6,1,41,7,-1,-1,-1,2,1,2
201806G141572,1,9,0,18,0,2,0,0,0,0,1,1,6,3,-1,-1,-1,-1,-1,-1,-1,-1
201806G141572,2,9,0,4,0,2,0,0,0,0,2,1,6,2,30,6,998,1,11,2,1,2
201806G141587,1,8,0,9,0,8,0,0,7,2,4,1,1,1,53,8,2143,2,3,6,1,6
201806G141587,2,9,0,18,0,8,0,0,0,0,1,1,6,1,36,7,2143,2,-1,-1,-1,-1
201806G141765,1,9,0,18,0,1,0,0,0,0,1,1,4,2,35,6,1598,1,1,-1,-1,-1
201806G141778,1,9,0,6,0,0,0,0,0,0,1,1,6,3,-1,-1,-1,-1,-1,-1,-1,-1
201806G141778,2,9,0,14,0,0,0,0,0,0,4,1,1,1,30,6,1198,1,3,3,1,3