Accident_Index,Vehicle_Reference,Vehicle_Type,Towing_and_Articulation,Vehicle_Manoeuvre,Vehicle_Location-Restricted_Lane,Junction_Location,Skidding_and_Overturning,Hit_Object_in_Carriageway,Vehicle_Leaving_Carriageway,Hit_Object_off_Carriageway,1st_Point_of_Impact,Was_Vehicle_Left_Hand_Drive?,Journey_Purpose_of_Driver,Sex_of_Driver,Age_of_Driver,Age_Band_of_Driver,Engine_Capacity_(CC),Propulsion_Code,Age_of_Vehicle,Driver_IMD_Decile,Driver_Home_Area_Type,Vehicle_IMD_Decile
201806G141792,1,19,0,4,0,1,0,0,0,0,0,1,6,1,30,6,2198,2,6,6,1,6
201806G141792,2,9,0,4,0,1,0,0,0,0,0,1,1,1,30,6,-1,-1,-1,-1,-1,-1
201806G141819,1,9,0,18,0,1,0,0,0,0,1,1,6,3,-1,-1,-1,-1,-1,-1,-1,-1
201806G141819,2,19,0,3,0,1,0,0,0,0,2,1,1,1,30,6,-1,-1,-1,3,1,3
201806G141819,3,20,0,3,0,1,0,0,0,0,2,1,1,1,30,6,2299,2,3,-1,-1,-1
201806G141826,1,9,3,18,0,0,0,0,0,0,1,1,6,3,-1,-1,1398,1,4,-1,-1,-1
201806G141867,1,9,0,1,0,5,0,0,0,0,2,1,6,1,30,6,1461,2,2,-1,-1,-1
201806G142004,1,9,0,18,0,0,5,0,7,4,4,1,1,1,29,6,1339,1,12,2,1,2
201806G142063,1,9,0,18,0,0,1,0,7,10,3,1,6,1,26,6,2000,2,9,1,1,1
201806G142405,1,11,0,18,0,8,0,0,0,0,1,1,1,1,42,7,4461,2,4,4,1,4
201806G142405,2,8,0,9,0,8,0,0,0,0,4,1,6,1,50,8,1995,2,9,-1,-1,-1
201806G142414,1,90,0,18,0,4,0,0,0,0,4,1,6,3,-1,-1,-1,-1,-1,-1,-1,-1
201806G142414,2,9,0,18,0,8,0,0,0,0,1,1,6,1,45,7,1896,2,11,4,1,4
201806G142454,1,90,0,18,0,2,0,0,7,0,1,1,6,1,30,6,-1,-1,-1,-1,-1,-1
201806G142748,1,9,0,18,0,0,5,10,2,10,4,1,1,2,20,4,999,1,3,1,1,1
201806G142802,1,9,0,9,0,1,1,0,0,0,3,1,6,1,26,6,1968,2,5,-1,-1,-1
201806G142802,2,9,0,18,0,1,0,0,0,0,4,1,6,1,30,6,1984,1,4,1,1,1
201806G142802,3,9,0,18,0,1,0,0,0,0,0,1,6,1,30,6,-1,-1,-1,-1,-1,-1
201806G142802,4,9,0,18,0,1,0,0,0,0,1,1,6,2,30,6,1984,1,1,1,1,1
201806G142802,5,9,0,18,0,1,0,0,0,0,3,1,6,2,77,11,1596,1,11,1,1,1
201806G142802,6,9,0,18,0,1,0,0,0,0,0,1,6,1,30,6,2993,2,1,-1,-1,-1
201806G142810,1,9,0,18,0,0,0,0,0,0,4,1,6,1,29,6,1560,2,5,-1,-1,-1
201806G143062,1,9,0,16,0,2,1,0,0,0,1,1,2,1,37,7,1197,1,3,10,1,10
201806G143062,2,9,0,17,0,1,0,0,7,0,1,1,2,2,45,7,1242,1,5,6,1,6
201806G143269,1,11,0,4,0,1,0,0,0,0,1,1,1,1,30,6,-1,-1,-1,3,1,3
201806G143308,1,9,0,18,0,1,0,0,0,0,3,1,6,2,30,6,1988,1,15,-1,-1,-1
201806G143329,1,21,0,18,0,8,0,0,0,0,4,1,1,1,24,5,12900,2,7,-1,-1,-1
201806G143331,1,9,0,9,0,6,0,0,0,0,1,1,1,1,30,6,-1,-1,-1,-1,-1,-1
201806G143405,1,9,0,18,0,1,0,0,0,0,1,1,6,1,30,6,1995,2,3,-1,-1,-1
201806G143405,2,9,0,18,0,1,0,0,0,0,2,1,6,1,30,6,1296,1,10,5,1,5
201806G143467,1,3,0,18,0,8,0,0,0,0,0,1,6,1,30,6,-1,-1,-1,-1,-1,-1
201806G143467,2,9,0,18,0,8,5,0,0,0,4,1,6,1,30,6,998,1,12,-1,-1,-1
201806G143467,3,8,0,18,0,8,0,0,0,0,1,1,1,1,25,5,1998,2,9,1,1,1
201806G143583,1,9,0,18,0,1,0,0,0,0,1,1,6,2,30,6,-1,-1,-1,1,1,1
201806G143583,2,9,0,18,0,1,0,0,0,0,2,1,6,1,31,6,1398,1,11,2,1,2
201806G143711,1,9,0,1,1,0,0,0,0,1,1,1,6,2,35,6,1596,1,11,2,1,2
201806G143865,1,19,0,9,0,6,0,0,0,0,4,1,1,1,56,9,1995,2,1,2,1,2
201806G144138,1,9,0,18,0,8,0,0,0,0,1,1,6,2,30,6,1597,1,10,-1,-1,-1
201806G144138,2,9,0,5,0,8,0,0,0,0,2,1,6,1,29,6,1200,1,1,-1,-1,-1
201806G144209,1,9,0,18,0,1,0,0,0,0,1,1,2,1,37,7,1560,2,5,1,1,1
201806G144278,1,9,0,18,0,8,0,0,0,0,1,1,6,2,29,6,1595,1,13,2,1,2
201806G144278,2,9,0,18,0,8,0,0,0,10,4,1,6,2,27,6,1242,1,5,2,1,2
201806G144284,1,9,0,4,0,1,0,0,0,0,1,1,6,1,30,6,-1,-1,-1,-1,-1,-1
201806G144284,2,9,0,3,0,1,0,0,0,0,2,1,6,2,37,7,1796,1,18,8,1,8
201806G144357,1,9,0,17,0,0,0,0,0,0,3,1,6,1,30,6,1396,1,17,-1,-1,-1
201806G144357,2,4,0,17,0,0,0,0,0,0,4,1,2,1,30,6,998,1,11,2,1,2
201806G144650,1,9,0,18,0,0,0,0,0,0,4,1,1,2,57,9,1499,2,1,6,1,6
201806G144652,1,1,0,18,0,6,0,0,0,0,1,1,6,1,23,5,-1,-1,-1,-1,-1,-1
201806G144652,2,9,0,18,0,8,1,0,0,0,1,1,6,2,66,10,1997,2,2,6,1,6
201806G144782,1,9,0,18,0,0,0,0,0,0,1,1,6,2,27,6,1997,1,14,3,1,3
201806G144782,2,9,0,3,0,0,0,0,0,0,2,1,6,1,26,6,1200,1,3,1,1,1
201806G144782,3,90,0,3,0,0,0,0,0,0,2,1,6,1,44,7,-1,-1,-1,3,1,3
201806G144857,1,9,0,10,0,8,0,0,0,0,2,1,6,1,30,6,1598,1,10,-1,-1,-1
201806G144857,2,9,0,18,0,8,0,0,0,0,1,1,6,2,23,5,1242,1,6,7,1,7
201806G144857,3,9,0,18,0,8,0,0,0,0,1,1,6,1,24,5,999,1,3,7,1,7
201806G144997,1,9,0,18,0,0,0,0,0,0,1,1,6,1,90,11,3248,1,16,6,1,6
201806G144997,2,9,0,18,0,0,0,0,1,10,1,1,6,2,28,6,1368,1,8,1,1,1
201806G144997,3,9,0,18,0,0,0,0,0,0,3,1,6,2,33,6,1242,1,8,4,1,4
201806G145008,1,9,0,18,0,8,0,0,0,0,1,1,6,2,47,8,1598,1,5,8,1,8
201806G145008,2,9,0,7,0,8,0,0,0,0,1,1,6,2,58,9,998,1,7,3,1,3
201806G145101,1,9,0,9,0,5,0,0,0,0,4,1,6,1,30,6,-1,-1,-1,10,1,10
201806G145101,2,9,0,7,0,5,0,0,0,0,1,1,6,1,45,7,-1,-1,-1,4,1,4
201806G145173,1,9,0,18,0,1,0,0,0,0,1,1,6,1,30,6,1995,1,7,-1,-1,-1
201806G145173,2,9,0,18,0,1,0,0,0,0,2,1,6,1,18,4,1598,1,6,1,1,1
201806G145289,1,9,0,18,0,1,0,0,0,0,1,1,1,2,47,8,1364,1,10,1,1,1
201806G145289,2,19,0,9,0,5,0,0,0,0,4,1,1,1,29,6,1248,2,5,7,1,7
201806G145313,1,9,0,7,0,8,0,0,0,0,3,1,6,1,30,6,3179,1,12,1,1,1
201806G145313,2,9,0,7,0,8,0,0,0,0,3,1,6,1,23,5,898,1,-1,1,1,1
201806G145499,1,9,0,18,0,2,0,0,0,0,1,1,6,1,30,6,1995,2,11,2,1,2
201806G145635,1,1,0,18,0,8,0,0,0,0,4,1,6,1,32,6,-1,-1,-1,3,1,3
201806G145635,2,9,0,9,0,8,0,0,0,0,1,1,6,1,40,7,1395,8,-1,8,1,8
201806G145792,1,9,0,18,0,8,0,0,0,0,1,1,6,1,30,6,-1,-1,-1,-1,-1,-1
201806G145792,2,1,0,18,0,8,0,0,0,0,1,1,6,1,13,3,-1,-1,-1,1,1,1
201806G145800,1,9,0,9,0,8,0,0,0,0,0,1,6,1,28,6,1598,1,10,1,1,1
201806G145950,1,9,0,9,0,8,0,0,0,0,4,1,6,3,-1,-1,-1,-1,-1,-1,-1,-1
201806G145950,2,19,0,9,0,8,0,0,0,0,3,1,6,1,34,6,1995,2,8,1,1,1
201806G146062,1,19,0,1,0,0,0,0,0,0,2,1,6,3,30,6,-1,-1,-1,-1,-1,-1
201806G146062,2,9,0,2,0,0,0,0,0,0,2,1,6,2,24,5,-1,-1,-1,1,1,1
201806G146416,1,9,0,18,0,0,0,0,0,0,1,1,2,2,25,5,1461,2,2,6,1,6
201806G146416,2,9,0,4,0,0,0,0,0,0,2,1,1,1,52,8,1597,2,1,4,1,4
201806G146416,3,9,0,4,0,0,0,0,0,0,2,1,1,1,36,7,1499,2,1,4,1,4
201806G146456,1,9,0,18,0,8,0,0,0,0,1,1,6,1,24,5,998,1,13,-1,-1,-1
201806G146456,2,9,0,18,0,8,0,0,0,0,1,1,6,2,50,8,1248,2,3,2,1,2
201806G146456,3,19,0,3,0,1,0,0,0,0,1,1,6,2,51,8,1995,2,1,7,2,7
201806G146485,1,9,0,2,0,0,0,0,0,0,3,1,6,3,-1,-1,1242,1,7,-1,-1,-1
201806G146485,2,1,0,14,0,0,0,0,0,0,1,1,6,1,15,3,-1,-1,-1,3,1,3
201806G146535,1,9,0,5,0,8,0,0,0,0,3,1,6,2,70,10,-1,-1,-1,5,1,5
201806G146562,1,9,0,18,0,8,0,0,0,0,4,1,6,2,19,4,1149,1,14,-1,-1,-1
201806G146562,2,9,0,18,0,8,0,0,0,0,1,1,6,1,30,6,2198,2,13,-1,-1,-1
201806G146571,1,9,0,7,0,6,0,0,0,0,1,1,6,3,-1,-1,1986,2,11,-1,-1,-1
201806G146571,2,9,0,3,0,2,0,0,0,0,2,1,6,1,38,7,1296,1,12,2,1,2
201806G146624,1,9,0,7,0,2,0,0,0,0,1,1,6,2,30,6,1229,1,3,-1,-1,-1
201806G146624,2,19,0,18,0,1,0,0,0,0,4,1,6,1,65,9,2148,2,9,6,1,6
201806G146651,1,9,0,9,0,8,0,0,0,0,1,1,6,1,46,8,1386,1,14,3,1,3
201806G146651,2,9,0,18,0,8,0,0,0,0,4,1,6,2,57,9,1586,1,4,3,1,3
201806G147088,1,9,0,18,0,8,0,0,0,0,1,1,6,2,68,10,1198,1,4,6,1,6
201806G147088,2,9,0,18,0,8,0,0,1,10,3,1,1,1,50,8,2993,2,3,7,3,7
201806G147091,1,9,0,5,0,1,0,0,0,0,1,1,6,1,30,6,1390,1,8,-1,-1,-1
201806G147105,1,9,0,7,9,5,0,0,1,2,1,1,6,1,29,6,-1,-1,-1,-1,-1,-1
201806G147105,2,9,0,7,0,5,0,0,0,0,0,1,1,1,52,8,1200,1,1,-1,-1,-1
201806G147113,1,9,0,15,0,1,0,0,0,0,3,1,6,3,-1,-1,-1,-1,-1,-1,-1,-1
201806G147113,2,9,0,7,0,6,0,10,0,0,3,1,2,2,38,7,1198,1,-1,5,1,5
201806G147113,3,9,0,18,0,8,0,0,0,0,1,1,6,1,52,8,1248,2,11,1,1,1
201806G147410,1,9,0,17,0,0,0,0,0,0,1,1,6,2,39,7,998,1,4,2,1,2
201806G147410,2,90,0,2,0,0,0,0,0,0,1,1,6,1,30,6,-1,-1,-1,-1,-1,-1
201806G147425,1,90,0,18,0,6,0,0,0,0,4,1,6,1,53,8,-1,-1,-1,2,1,2
201806G147425,2,9,0,18,0,8,0,0,0,0,1,1,6,1,20,4,1198,1,13,5,1,5
201806G147526,1,8,0,18,0,8,0,0,0,0,1,1,1,1,30,6,-1,-1,-1,1,1,1
201806G147526,2,9,0,18,0,8,0,0,0,0,3,1,2,2,55,8,1242,1,3,9,2,9
201806G147707,1,9,0,11,0,2,0,0,0,0,1,1,2,1,19,4,998,1,1,7,-1,7
201806G147707,2,9,0,3,0,2,0,0,0,0,1,1,2,1,25,5,1329,1,4,8,1,8
201806G147707,3,9,0,3,0,2,0,0,0,0,2,1,2,1,34,6,1984,1,1,8,1,8
201806G147746,1,9,0,9,0,6,0,0,0,0,1,1,6,2,19,4,1398,1,3,6,1,6
201806G147746,2,8,0,18,0,8,0,0,0,0,1,1,1,1,28,6,2143,2,3,1,1,1
201806G147925,1,1,0,9,0,8,0,0,0,0,1,1,6,1,21,5,-1,-1,-1,2,1,2
201806G147925,2,9,0,18,0,8,0,0,0,0,1,1,6,1,22,5,1242,1,8,4,1,4
201806G148044,1,9,0,5,0,1,1,0,0,0,1,1,6,1,27,6,1968,2,5,6,1,6
201806G148044,2,90,0,3,0,1,0,0,0,0,2,1,6,1,55,8,-1,-1,-1,6,1,6
201806G148203,1,9,0,18,0,8,0,0,1,0,1,1,6,1,24,5,1595,1,18,-1,-1,-1
201806G148203,2,9,0,18,0,8,0,0,1,0,1,1,6,1,30,6,1461,2,2,-1,-1,-1
201806G148216,1,8,0,5,0,1,0,0,0,0,4,1,6,1,30,6,-1,-1,-1,1,1,1
201806G148259,1,9,0,7,0,6,0,0,0,0,1,1,2,1,21,5,1998,1,15,2,1,2
201806G148259,2,9,0,18,0,2,0,0,0,0,4,1,2,1,25,5,1968,2,7,-1,-1,-1
201806G148280,1,9,0,9,0,8,0,0,0,0,4,1,6,2,57,9,1461,2,4,3,1,3
201806G148280,2,1,0,18,0,1,0,0,0,0,3,1,6,1,34,6,-1,-1,-1,7,1,7
201806G148405,1,9,0,9,0,6,0,0,0,0,3,1,6,1,30,6,1984,1,4,-1,-1,-1
201806G148405,2,9,0,18,0,8,1,0,0,0,1,1,6,1,52,8,1242,1,8,6,1,6
201806G148407,1,9,0,18,0,2,0,0,0,0,1,1,6,1,31,6,1199,1,16,1,1,1
201806G148472,1,9,0,18,0,8,0,0,0,0,4,1,6,3,30,6,999,1,2,-1,-1,-1
201806G148472,2,9,0,18,0,8,0,0,0,0,1,1,6,2,23,5,1968,2,6,6,1,6
201806G148594,1,9,0,18,0,1,1,0,0,0,1,1,6,3,-1,-1,1598,2,9,-1,-1,-1
201806G148594,2,9,0,2,0,2,0,0,0,0,2,1,6,1,24,5,-1,-1,-1,-1,-1,-1
201806G148912,1,9,0,18,0,8,0,0,0,0,3,1,6,3,-1,-1,1396,1,17,-1,-1,-1
201806G148912,2,9,0,18,0,1,0,0,0,0,3,1,6,1,39,7,-1,-1,-1,3,1,3
201806G149412,1,9,0,18,0,0,0,0,0,0,1,1,6,2,31,6,1398,2,4,1,1,1
201806G149451,1,9,0,4,0,1,1,0,0,0,3,1,6,2,24,5,2143,2,1,6,1,6
201806G149451,2,9,0,5,0,1,1,0,0,0,1,1,6,1,30,6,1000,1,5,-1,-1,-1
201806G149546,1,9,0,16,0,1,0,0,0,0,0,1,6,3,-1,-1,-1,-1,-1,-1,-1,-1
201806G149546,2,11,0,16,0,1,0,0,0,0,0,1,1,1,42,7,4461,2,5,2,1,2
201806G149566,1,8,0,3,0,2,0,0,0,0,4,1,6,3,30,6,-1,-1,-1,-1,-1,-1
201806G149566,2,19,0,5,0,2,0,0,0,0,2,1,6,1,35,6,-1,-1,-1,2,1,2
201806G149594,1,9,0,9,0,5,0,0,7,10,1,1,6,1,30,6,1364,1,11,-1,-1,-1
201806G149594,2,9,0,18,0,6,0,0,0,0,1,1,6,1,20,4,998,1,12,1,1,1
201806G149630,1,9,0,9,0,5,5,0,0,0,4,1,6,2,57,9,-1,-1,-1,2,1,2
201806G149630,2,9,0,18,0,1,0,0,0,0,1,1,6,2,33,6,2143,2,3,1,1,1
201806G149752,1,9,0,18,0,1,0,0,8,7,1,1,6,1,21,5,1995,2,6,2,1,2
201806G149752,2,9,0,18,0,2,0,0,0,0,1,1,6,1,35,6,-1,-1,-1,2,1,2
201806G149855,1,9,0,18,0,0,0,0,0,0,4,1,6,1,73,10,1998,2,10,9,1,9
201806G149871,1,9,0,9,0,5,0,0,0,0,3,1,6,2,32,6,1390,1,14,1,1,1
201806G149871,2,11,0,18,0,1,0,0,0,0,4,1,1,1,31,6,6700,2,2,1,1,1
201806G149961,1,4,0,13,0,0,0,0,0,0,2,1,6,3,-1,-1,-1,-1,-1,-1,-1,-1
201806G149961,2,9,0,18,0,0,0,0,7,10,1,1,2,2,25,5,1299,1,11,3,1,3
201806G150213,1,9,0,18,0,5,0,0,3,0,4,1,6,2,30,6,1968,2,9,-1,-1,-1
201806G150213,2,9,0,18,0,1,0,0,0,0,0,1,6,2,30,6,1124,1,14,2,1,2
201806G150392,1,9,0,7,0,6,0,0,0,0,1,1,6,3,-1,-1,-1,-1,-1,-1,-1,-1
201806G150392,2,1,0,18,0,1,0,0,0,0,2,1,6,1,22,5,-1,-1,-1,1,1,1
201806G150549,1,9,0,2,0,1,0,0,0,0,1,1,6,1,52,8,1498,1,2,2,1,2
201806G150549,2,9,0,18,0,2,5,4,7,0,1,1,6,1,46,8,1988,1,18,-1,-1,-1
201806G150551,1,9,0,18,0,1,0,0,0,0,4,1,6,1,29,6,-1,-1,-1,1,1,1
201806G150561,1,9,0,7,0,5,0,0,0,0,1,1,6,1,72,10,-1,-1,-1,6,1,6
201806G150885,1,9,0,9,0,5,0,0,0,0,1,1,6,3,-1,-1,2995,1,-1,-1,-1,-1
201806G150885,2,9,0,18,0,8,0,0,0,0,3,1,6,1,59,9,996,1,5,4,1,4
201806G151075,1,9,0,18,0,0,0,0,0,0,1,1,2,1,56,9,2143,2,2,2,1,2
201806G151339,1,8,0,5,0,1,1,0,0,0,3,1,1,1,31,6,1798,8,2,-1,-1,-1
201806G151339,2,9,0,5,0,1,0,0,0,0,3,1,6,1,39,7,2143,2,1,3,1,3
201806G151360,1,9,0,17,0,0,0,4,0,0,1,1,6,1,22,5,2461,2,21,3,1,3
201806G151360,2,9,0,16,0,0,0,0,0,0,1,1,6,2,18,4,1242,1,10,4,1,4
201806G151360,3,9,0,2,0,0,0,0,0,0,1,1,6,2,30,6,998,1,13,-1,-1,-1
201806G151378,1,9,0,18,1,1,0,0,0,0,1,1,6,2,23,5,1618,1,2,4,1,4
201806G151404,1,9,0,18,0,2,0,0,0,0,2,1,6,2,50,8,999,1,12,1,1,1
201806G151406,1,9,0,7,0,2,0,0,0,0,1,1,6,2,38,7,1598,2,4,2,1,2
201806G151406,2,90,0,18,0,1,0,0,0,0,2,1,6,2,76,11,-1,-1,-1,2,1,2
201806G151647,1,9,0,9,0,8,0,0,0,0,1,1,1,2,30,6,998,1,2,10,1,10
201806G151647,2,3,0,5,0,1,0,0,0,0,1,1,2,2,20,4,125,1,1,2,1,2
201806G151651,1,9,0,7,0,1,0,0,0,0,1,1,1,2,50,8,998,1,4,1,1,1
201806G151686,1,9,0,18,0,1,0,0,0,0,1,1,6,1,31,6,2494,8,-1,3,1,3
201806G151686,2,9,0,18,0,8,0,0,7,10,4,1,6,2,44,7,1339,1,7,-1,-1,-1
201806G151800,1,9,0,16,0,0,1,0,7,0,1,1,6,1,27,6,1364,1,-1,1,1,1
201806G151800,2,9,0,2,0,0,0,0,0,0,0,1,1,1,30,6,1560,2,4,1,1,1
201806G151800,3,9,0,2,0,0,0,0,0,0,1,1,6,2,28,6,1598,1,6,3,1,3
201806G151800,4,9,0,2,0,0,0,0,0,0,2,1,6,2,35,6,998,1,-1,3,1,3
201806G151800,5,9,0,2,0,0,0,0,0,0,1,1,1,1,34,6,-1,-1,-1,3,1,3
201806G151891,1,9,0,18,0,8,0,0,0,0,1,1,3,1,61,9,1896,2,10,4,1,4
201806G151891,2,9,0,18,0,1,0,0,0,0,3,1,2,1,27,6,-1,-1,-1,3,1,3
201806G151962,1,9,0,18,1,1,0,0,0,0,1,1,6,1,45,7,2199,2,2,9,1,9
201806G152261,1,10,0,18,0,1,0,0,0,0,1,1,6,1,41,7,-1,-1,-1,10,1,10
201806G152269,1,9,0,18,0,0,5,0,0,10,4,1,6,1,49,8,1124,1,10,5,1,5
201806G152512,1,9,0,18,0,8,0,0,0,0,1,1,6,2,33,6,1995,2,8,5,1,5
201806G152512,2,9,0,7,0,1,0,0,0,0,1,1,6,1,82,11,1360,1,18,3,1,3
201806G155435,1,9,0,18,0,8,0,0,0,0,1,1,6,2,58,9,1998,1,4,4,1,4
201806G155435,2,90,0,18,0,8,0,0,0,0,3,1,6,1,34,6,-1,-1,-1,1,1,1
201806G204416,1,9,0,9,0,6,0,0,0,0,3,1,6,2,29,6,999,1,3,5,1,5
201806G204416,2,9,0,18,0,8,0,0,0,0,1,1,6,1,80,11,1560,2,3,1,1,1
201806G239328,1,9,0,9,0,5,0,0,0,0,1,1,6,2,25,5,1598,2,7,7,1,7
201806G239328,2,3,0,18,0,8,0,0,0,0,1,1,6,1,49,8,124,1,8,5,1,5
201806G239395,1,9,0,18,0,8,0,0,0,0,3,1,6,1,79,11,1685,2,3,1,1,1
201806G239395,2,9,0,18,0,8,0,0,0,0,1,1,6,1,52,8,1997,1,10,3,1,3
201806G239423,1,9,0,13,0,0,0,0,0,0,1,1,6,1,53,8,3696,1,1,4,1,4
201806G239423,2,8,0,18,0,0,0,0,0,0,3,1,1,1,66,10,2664,2,12,1,1,1
201806G239423,3,9,0,18,0,0,0,0,0,0,3,1,6,1,27,6,-1,-1,-1,8,1,8
201806G239738,1,9,0,18,0,1,0,0,0,0,1,1,6,1,22,5,1200,1,2,2,1,2
201806G239738,2,9,0,10,0,8,0,0,0,0,2,1,6,1,34,6,1560,2,6,9,1,9
201806G239880,1,9,0,18,0,2,0,0,0,0,3,1,6,1,81,11,1598,1,15,2,1,2
201806G239880,2,1,0,18,0,2,0,0,0,0,4,1,6,1,14,3,-1,-1,-1,3,1,3
201806G239885,1,90,0,18,9,2,0,0,0,0,0,1,6,1,79,11,-1,-1,-1,1,1,1
201806G239894,1,9,0,18,0,1,0,0,0,0,1,1,6,3,-1,-1,-1,-1,-1,-1,-1,-1
201806G239911,1,90,0,18,0,0,0,0,0,0,1,1,6,3,-1,-1,-1,-1,-1,-1,-1,-1
201806G240059,1,9,0,5,0,8,0,0,0,0,2,1,6,1,46,8,2198,2,5,10,1,10
201806G240059,2,9,0,5,0,8,0,0,0,0,1,1,6,2,28,6,1248,1,5,2,1,2
201806G240157,1,9,0,9,0,5,0,0,0,0,1,1,6,2,30,6,998,1,11,-1,3,-1
201806G240157,2,9,0,18,0,8,0,0,0,0,1,1,6,2,47,8,1390,1,8,6,1,6
201806G240243,1,9,0,4,0,0,0,0,0,0,1,1,6,1,46,8,998,1,3,4,1,4
201806G240243,2,20,0,1,0,0,0,0,0,0,2,1,1,1,28,6,4580,2,12,10,1,10
201806G240622,1,9,0,18,0,2,0,0,0,0,4,1,6,2,30,6,-1,-1,-1,-1,-1,-1
201806G240878,1,5,0,18,0,8,0,0,0,0,1,1,6,1,41,7,996,1,19,3,1,3
201806G240878,2,9,0,9,0,5,0,0,0,0,4,1,6,1,72,10,2401,1,11,-1,-1,-1
201806G240997,1,9,0,4,0,1,0,0,0,0,1,1,2,2,33,6,1560,2,5,4,1,4
201806G240997,2,9,0,3,0,1,0,0,0,0,2,1,6,2,37,7,1986,2,11,1,1,1
201806G240997,3,9,0,3,0,1,0,0,0,0,2,1,2,2,19,4,-1,-1,-1,8,1,8
201806G241002,1,9,0,18,0,2,1,0,0,10,1,1,6,1,30,6,1229,1,9,-1,-1,-1
201806G241002,2,9,0,2,0,2,0,0,0,0,2,1,6,1,34,6,1229,1,12,3,1,3
201806G241026,1,11,0,2,0,0,0,0,0,0,0,1,1,2,30,6,-1,-1,-1,-1,-1,-1
201806G241032,1,9,0,16,0,0,1,10,2,10,4,1,6,1,27,6,1364,1,13,2,1,2
201806G241032,2,9,0,18,0,0,0,0,0,0,0,1,6,1,49,8,2720,2,11,8,1,8
201806G241087,1,9,0,7,0,5,0,0,0,0,4,1,6,3,-1,-1,1398,2,7,-1,-1,-1
201806G241087,2,1,0,18,0,8,0,0,0,0,1,1,2,1,29,6,-1,-1,-1,5,1,5
201806G241119,1,9,0,18,0,0,0,0,0,0,1,1,6,3,-1,-1,-1,-1,-1,-1,-1,-1
201806G241119,2,11,0,18,0,0,0,0,0,0,2,1,6,1,30,6,6696,2,5,-1,-1,-1
201806G241119,3,1,0,18,0,0,0,0,0,0,1,1,6,1,12,3,-1,-1,-1,1,1,1
201806G241342,1,9,0,18,0,8,0,4,0,0,1,1,6,3,30,6,1591,1,1,-1,-1,-1
201806G241342,2,9,0,18,0,8,0,0,0,0,1,1,6,2,28,6,999,1,1,3,1,3
201806G241342,3,9,0,2,0,2,0,0,0,0,2,1,6,2,32,6,1995,2,1,-1,-1,-1
201806G241342,4,9,0,2,0,2,0,0,0,0,2,1,6,3,-1,-1,-1,-1,-1,-1,-1,-1
201806G241425,1,9,0,18,0,6,0,0,0,0,1,1,6,3,-1,-1,999,1,12,-1,-1,-1
201806G241425,2,9,0,18,0,8,0,0,0,0,4,1,6,1,61,9,1995,2,17,1,1,1
201806G241448,1,9,0,18,0,8,1,0,0,0,4,1,6,1,52,8,-1,-1,-1,7,1,7
201806G241448,2,9,0,9,0,8,0,0,0,0,3,1,2,2,18,4,998,1,7,1,1,1
201806G241480,1,9,0,16,0,0,0,0,0,0,1,1,6,1,27,6,1248,2,6,-1,-1,-1
201806G241480,2,9,0,17,0,0,0,0,0,0,1,1,6,1,32,6,2171,1,13,1,1,1
201806G241595,1,9,0,9,0,8,0,0,0,0,1,1,6,1,21,5,1198,1,12,10,1,10
201806G241595,2,9,0,18,0,8,0,0,0,0,1,1,6,1,20,4,998,1,12,3,1,3
201806G241668,1,9,0,18,0,1,0,0,0,0,1,1,6,1,50,8,2993,2,2,6,3,6
201806G241732,1,9,0,18,0,0,0,0,0,0,1,1,6,1,36,7,1598,1,5,1,1,1
201806G241732,2,9,0,2,0,0,0,0,0,0,2,1,6,2,30,6,1968,2,7,5,1,5
201806G241814,1,9,0,14,0,0,0,0,0,0,1,1,6,2,30,6,1956,2,8,-1,-1,-1
201806G241814,2,9,0,4,0,0,0,0,0,0,1,1,1,2,62,9,1598,2,7,7,1,7
201806G241932,1,9,0,18,0,8,0,0,0,0,1,1,6,2,40,7,-1,-1,-1,1,1,1
201806G241932,2,9,0,18,0,8,0,0,0,0,4,1,6,1,59,9,1598,1,9,7,1,7
201806G241973,1,9,0,17,0,1,0,0,0,0,1,1,6,2,36,7,1388,1,9,3,1,3
201806G241973,2,9,0,5,0,1,0,0,0,0,1,1,1,1,48,8,1910,2,9,9,1,9
201806G242067,1,9,0,9,0,5,0,0,0,0,4,1,6,2,37,7,1596,1,12,6,1,6
201806G242067,2,3,0,18,0,8,0,0,0,0,1,1,6,1,20,4,125,1,1,4,1,4
201806G242190,1,9,0,7,0,8,0,0,0,0,4,1,6,1,26,6,-1,-1,-1,1,1,1
201806G242190,2,9,0,18,0,8,0,0,0,0,3,1,6,1,22,5,998,1,5,10,1,10
201806G242300,1,9,0,18,9,2,0,0,1,10,1,1,6,1,37,7,3199,1,17,1,1,1
201806G242311,1,9,0,18,0,1,0,0,0,0,2,1,6,1,29,6,1968,2,10,5,1,5
201806G242311,2,9,0,18,0,1,0,0,0,0,1,1,6,1,18,4,1199,1,16,1,1,1
201806G242398,1,9,0,18,0,8,0,0,0,0,1,1,6,2,30,6,1896,2,16,3,1,3
201806G242398,2,9,0,3,0,8,0,0,0,0,2,1,6,1,47,8,998,1,5,10,1,10
201806G242680,1,9,0,9,0,2,0,0,0,0,4,1,6,1,22,5,1896,2,13,2,1,2