Accident_Index,Vehicle_Reference,Vehicle_Type,Towing_and_Articulation,Vehicle_Manoeuvre,Vehicle_Location-Restricted_Lane,Junction_Location,Skidding_and_Overturning,Hit_Object_in_Carriageway,Vehicle_Leaving_Carriageway,Hit_Object_off_Carriageway,1st_Point_of_Impact,Was_Vehicle_Left_Hand_Drive?,Journey_Purpose_of_Driver,Sex_of_Driver,Age_of_Driver,Age_Band_of_Driver,Engine_Capacity_(CC),Propulsion_Code,Age_of_Vehicle,Driver_IMD_Decile,Driver_Home_Area_Type,Vehicle_IMD_Decile
201806G242887,1,8,0,18,0,1,0,0,0,0,1,1,6,1,30,6,-1,-1,-1,-1,-1,-1
201806G242887,2,19,0,3,0,1,0,0,0,0,1,1,6,1,30,6,-1,-1,-1,-1,-1,-1
201806G242887,3,1,0,3,0,1,0,0,0,0,2,1,6,1,36,7,-1,-1,-1,2,1,2
201806G242972,1,21,1,18,0,8,0,10,7,4,1,1,1,1,43,7,12809,2,1,4,2,4
201806G242972,2,9,0,18,0,8,0,0,0,0,1,1,6,2,42,7,1422,2,13,3,1,3
201806G243202,1,9,0,7,0,8,0,0,1,0,4,1,6,1,30,6,-1,-1,-1,-1,-1,-1
201806G243202,2,1,0,18,0,8,0,0,0,0,1,1,6,1,50,8,-1,-1,-1,1,1,1
201806G243307,1,9,0,18,0,1,0,0,0,0,1,1,6,3,-1,-1,-1,-1,-1,-1,-1,-1
201806G243307,2,9,0,3,0,1,0,0,0,0,2,1,6,1,24,5,2143,2,4,1,1,1
201806G243344,1,10,0,18,0,0,0,0,0,0,4,1,1,2,44,7,-1,-1,-1,2,1,2
201806G243402,1,9,0,18,0,1,0,0,0,0,2,1,6,1,30,6,1242,1,6,9,1,9
201806G243402,2,9,0,3,0,1,0,0,0,0,1,1,6,1,45,7,1499,2,1,1,1,1
201806G243402,3,90,0,3,0,1,0,0,0,0,2,1,6,3,30,6,-1,-1,-1,-1,-1,-1
201806G243531,1,3,0,18,0,8,0,0,0,0,1,1,6,3,-1,-1,124,1,4,-1,-1,-1
201806G243531,2,9,0,7,0,8,0,0,0,0,2,1,6,1,60,9,1796,1,14,3,1,3
201806G243698,1,9,0,1,0,1,0,0,0,0,4,1,6,2,30,6,-1,-1,-1,-1,-1,-1
201806G243748,1,8,0,18,0,0,0,0,0,0,4,1,1,1,53,8,2499,2,9,2,1,2
201806G243748,2,9,0,18,0,0,0,0,0,0,4,1,6,1,31,6,1242,1,7,10,1,10
201806G243870,1,9,0,9,0,8,0,0,0,0,1,1,6,1,30,6,1560,2,5,1,1,1
201806G243870,2,3,0,18,0,8,0,0,0,0,1,1,6,1,36,7,124,1,39,4,1,4
201806G244001,1,2,0,14,0,8,0,0,0,0,1,1,6,1,30,6,49,1,6,-1,-1,-1
201806G244114,1,11,0,5,2,1,0,0,0,0,0,1,1,1,30,6,-1,-1,-1,-1,-1,-1
201806G244147,1,9,0,18,0,0,0,0,0,0,1,1,3,2,47,8,1598,1,11,2,1,2
201806G244237,1,9,0,18,0,1,0,0,0,0,1,1,6,1,76,11,1390,1,18,2,1,2
201806G244246,1,9,0,16,0,0,0,0,0,0,1,1,6,1,28,6,1360,1,15,2,1,2
201806G244246,2,9,0,17,0,0,0,0,0,0,1,1,6,1,42,7,2157,1,18,2,1,2
201806G244282,1,9,0,1,0,0,0,0,0,0,2,1,6,3,-1,-1,999,1,5,-1,-1,-1
201806G244282,2,9,0,3,0,0,0,0,0,0,1,1,6,1,54,8,1560,2,1,8,1,8
201806G244293,1,9,0,9,8,6,0,0,0,0,1,1,1,2,34,6,1598,1,4,2,1,2
201806G244293,2,9,0,18,0,1,0,0,0,0,0,1,1,2,62,9,1390,1,6,6,1,6
201806G244402,1,9,0,18,0,0,0,0,0,0,3,1,2,1,30,6,1586,1,1,2,1,2
201806G244418,1,9,0,18,0,8,0,0,0,0,1,1,6,1,29,6,1753,2,10,1,1,1
201806G244418,2,9,0,9,0,8,0,7,0,0,4,1,6,1,36,7,1997,2,11,1,1,1
201806G244424,1,90,0,3,0,1,0,0,0,0,2,1,6,1,36,7,-1,-1,-1,1,1,1
201806G244424,2,3,0,4,0,1,0,0,0,0,1,1,2,2,50,8,124,1,6,1,1,1
201806G244519,1,9,0,7,0,8,0,0,0,0,4,1,6,1,30,6,-1,-1,-1,-1,-1,-1
201806G244519,2,9,0,18,0,8,0,0,0,0,3,1,6,1,38,7,1086,1,9,-1,-1,-1
201806G244519,3,9,0,18,0,8,0,0,0,0,1,1,2,1,44,7,1796,1,13,6,1,6
201806G244519,4,19,0,3,0,8,0,0,0,0,1,1,1,2,44,7,2298,2,3,-1,-1,-1
201806G244575,1,19,0,18,0,0,0,0,1,3,4,1,1,1,29,6,2143,2,3,3,1,3
201806G244604,1,9,0,9,0,6,0,0,0,0,1,1,6,1,30,6,1956,2,8,2,1,2
201806G244745,1,19,0,18,0,8,0,0,0,1,0,1,2,1,30,6,1753,2,11,4,1,4
201806G244745,2,9,0,3,0,8,0,0,0,0,2,1,2,1,43,7,1995,2,6,3,1,3
201806G244773,1,9,0,9,0,8,0,0,0,0,3,1,6,3,-1,-1,1753,2,9,-1,-1,-1
201806G244773,2,9,0,18,0,8,0,0,0,0,4,1,6,2,36,7,1968,2,9,8,1,8
201806G244800,1,9,0,13,0,8,0,0,0,0,1,1,6,1,82,11,1343,1,13,6,1,6
201806G244800,2,9,0,10,0,8,0,0,0,0,2,1,6,1,70,10,1984,1,17,4,1,4
201806G244800,3,9,0,18,0,8,0,0,0,0,1,1,6,1,31,6,1598,1,7,1,1,1
201806G244853,1,9,0,9,0,8,0,0,0,0,3,1,1,2,42,7,1598,2,4,6,1,6
201806G244853,2,5,0,14,0,8,0,0,0,0,4,1,1,1,52,8,680,1,7,10,1,10
201806G245075,1,5,0,18,0,8,0,0,0,0,1,1,6,1,35,6,998,1,12,1,1,1
201806G245075,2,9,0,9,0,5,0,0,0,0,3,1,6,1,30,6,1995,2,6,5,1,5
201806G245105,1,5,0,16,0,8,1,0,7,0,1,1,6,1,38,7,675,1,6,1,1,1
201806G245105,2,9,0,16,0,8,0,0,0,0,0,1,1,1,30,6,2993,2,2,-1,-1,-1
201806G245174,1,9,0,16,0,0,0,0,0,0,1,1,2,1,53,8,1998,1,-1,3,1,3
201806G245174,2,1,0,17,0,0,0,0,0,0,1,1,6,1,9,2,-1,-1,-1,1,1,1
201806G245355,1,9,0,3,0,1,0,0,0,0,0,1,2,1,50,8,1968,2,13,2,1,2
201806G245355,2,9,0,18,0,1,0,0,0,0,2,1,6,1,24,5,1995,2,6,8,1,8
201806G245356,1,9,0,18,0,0,0,0,0,0,1,1,6,2,30,6,-1,-1,-1,-1,-1,-1
201806G245356,2,9,0,4,0,0,0,0,0,0,2,1,6,1,45,7,1986,2,13,1,1,1
201806G245425,1,9,0,18,0,0,0,0,0,0,4,1,6,1,33,6,-1,-1,-1,3,1,3
201806G245438,1,9,0,7,0,8,0,0,0,0,4,1,6,1,37,7,-1,-1,-1,3,1,3
201806G245438,2,1,0,17,0,8,0,0,0,0,1,1,6,1,30,6,-1,-1,-1,-1,-1,-1
201806G245449,1,19,0,18,0,8,0,0,0,0,4,1,1,1,39,7,1996,2,7,1,1,1
201806G245449,2,9,0,18,0,8,0,0,0,0,1,1,6,1,24,5,1998,1,13,3,1,3
201806G245484,1,9,0,18,0,8,0,0,0,0,1,1,1,2,30,6,1598,1,6,3,1,3
201806G245484,2,9,0,9,0,8,0,0,0,0,3,1,1,2,38,7,898,1,2,7,2,7
201806G245486,1,9,0,9,0,8,0,0,0,0,1,1,1,1,46,8,1598,1,15,9,3,9
201806G245875,1,9,0,18,5,8,0,0,0,0,3,1,6,3,-1,-1,1968,2,7,-1,-1,-1
201806G245875,2,1,0,18,0,8,0,0,0,0,4,1,6,2,33,6,-1,-1,-1,7,3,7
201806G246044,1,9,0,7,1,8,0,0,0,0,4,1,6,1,30,6,1685,2,5,-1,-1,-1
201806G246044,2,1,0,13,1,8,1,0,0,0,3,1,6,1,24,5,-1,-1,-1,5,1,5
201806G246365,1,19,0,4,0,0,0,0,0,0,2,1,1,1,20,4,1995,2,7,1,1,1
201806G246365,2,9,0,18,0,0,0,0,0,0,1,1,1,1,30,6,-1,-1,-1,-1,-1,-1
201806G246376,1,3,0,18,0,8,1,0,0,0,0,1,6,3,-1,-1,-1,-1,-1,-1,-1,-1
201806G246377,1,9,0,18,0,8,0,0,0,0,1,1,6,1,71,10,1560,2,3,4,1,4
201806G246377,2,90,0,18,0,8,0,0,0,0,1,1,6,1,52,8,-1,-1,-1,3,1,3
201806G246380,1,9,0,18,0,0,2,0,2,10,1,1,6,1,24,5,2998,1,-1,1,1,1
201806G246387,1,9,0,6,0,0,0,0,0,0,3,1,6,1,32,6,998,1,-1,-1,1,-1
201806G246387,2,5,0,6,0,0,0,0,0,0,3,1,6,1,33,6,-1,-1,-1,1,1,1
201806G246448,1,19,0,18,0,0,0,0,0,0,1,1,6,1,54,8,2143,2,6,3,1,3
201806G246506,1,9,0,18,0,0,0,0,1,9,4,1,6,3,-1,-1,1598,1,-1,-1,-1,-1
201806G246506,2,9,0,18,0,0,0,0,0,0,0,1,1,1,30,6,1969,1,2,-1,-1,-1
201806G246506,3,9,0,18,0,0,0,0,0,0,3,1,6,1,68,10,1368,1,3,6,1,6
201806G246506,4,9,0,18,0,0,0,0,0,0,4,1,6,1,70,10,898,1,3,6,1,6
201806G246506,5,8,0,2,0,0,0,0,0,0,2,1,6,2,30,6,2148,2,8,-1,-1,-1
201806G246539,1,9,0,5,0,8,0,0,0,0,1,1,1,1,45,7,1995,1,13,4,1,4
201806G246539,2,1,0,18,0,8,0,0,0,0,2,1,6,1,40,7,-1,-1,-1,10,2,10
201806G246703,1,9,0,3,0,1,0,0,0,0,2,1,6,1,27,6,1497,8,-1,1,1,1
201806G246703,2,9,0,3,0,1,0,0,0,0,2,1,6,2,39,7,1997,1,6,1,1,1
201806G246703,3,9,0,3,0,1,0,0,0,0,1,1,6,1,41,7,2979,1,16,1,1,1
201806G246811,1,9,0,18,0,8,0,0,0,0,1,1,6,2,42,7,1997,1,15,-1,-1,-1
201806G246811,2,9,0,9,0,8,0,0,0,0,1,1,6,1,43,7,1995,2,13,-1,-1,-1
201806G247054,1,9,0,18,0,0,0,0,0,0,1,1,1,1,45,7,1995,2,-1,6,1,6
201806G247054,2,19,0,2,0,0,0,0,0,0,3,1,6,1,30,6,1998,2,14,-1,-1,-1
201806G247100,1,9,0,18,0,0,1,0,0,0,1,1,6,2,26,6,1198,1,5,5,1,5
201806G247100,2,9,0,2,0,0,0,0,0,0,1,1,6,3,-1,-1,1329,1,2,-1,-1,-1
201806G247100,3,9,0,2,0,0,0,0,0,0,1,1,6,3,-1,-1,1582,2,5,-1,-1,-1
201806G247100,4,9,0,2,0,0,0,0,0,0,2,1,6,3,-1,-1,1998,1,15,-1,-1,-1
201806G247162,1,9,0,18,0,0,0,0,0,0,1,1,1,1,18,4,1796,1,8,1,1,1
201806G247306,1,9,0,7,0,8,0,0,0,0,4,1,6,1,30,6,-1,-1,-1,-1,-1,-1
201806G247306,2,9,0,18,0,8,0,0,0,0,3,1,6,1,37,7,999,1,-1,5,1,5
201806G247395,1,9,0,9,0,8,0,0,0,0,3,1,6,1,31,6,1598,2,-1,9,2,9
201806G247395,2,5,0,18,0,8,0,0,0,0,1,1,6,1,31,6,600,1,20,2,1,2
201806G247529,1,9,0,18,0,8,0,0,0,0,1,1,6,1,30,6,1686,2,11,-1,-1,-1
201806G247529,2,9,0,18,0,8,0,0,0,0,3,1,6,1,64,9,1896,2,12,2,1,2
201806G247811,1,9,0,18,0,1,0,0,0,0,2,1,6,1,30,6,-1,-1,-1,-1,-1,-1
201806G247943,1,9,0,18,0,2,0,0,0,0,1,1,6,2,39,7,1560,2,6,5,1,5
201806G248134,1,9,0,14,0,0,0,0,0,0,0,1,6,3,-1,-1,-1,-1,-1,-1,-1,-1
201806G248150,1,9,0,13,0,0,0,0,0,0,1,1,6,1,30,6,1560,2,4,1,1,1
201806G248150,2,9,0,18,0,0,0,0,0,0,2,1,2,1,53,8,1997,2,12,1,1,1
201806G248159,1,20,0,18,0,1,0,0,0,0,1,1,1,1,68,10,6728,2,1,4,1,4
201806G248159,2,9,0,5,0,7,0,0,0,0,2,1,6,1,29,6,2993,2,7,2,1,2
201806G248183,1,9,0,18,0,8,0,0,0,0,1,1,6,3,-1,-1,1968,2,6,-1,-1,-1
201806G248183,2,9,0,9,0,8,0,0,0,0,1,1,6,2,49,8,-1,-1,-1,2,1,2
201806G248366,1,9,0,18,0,2,0,0,0,0,3,1,6,1,53,8,1988,1,19,1,1,1
201806G248498,1,9,0,18,0,0,0,0,0,0,1,1,6,2,51,8,1995,2,8,4,1,4
201806G248498,2,9,0,18,0,0,0,0,0,0,2,1,6,1,40,7,1339,1,14,4,1,4
201806G248511,1,9,0,18,0,0,0,0,0,0,1,1,6,2,18,4,999,1,-1,7,1,7
201806G248884,1,9,0,18,0,8,1,0,0,0,3,1,1,1,28,6,1396,2,4,-1,-1,-1
201806G248884,2,9,0,18,0,8,0,0,0,0,1,1,6,2,40,7,1000,1,-1,5,1,5
201806G249004,1,9,0,17,0,1,1,0,0,0,1,1,6,1,30,6,1896,2,17,4,1,4
201806G249004,2,8,0,4,0,1,0,0,7,0,3,1,1,1,58,9,1197,1,6,-1,-1,-1
201806G249082,1,9,0,18,0,6,0,0,0,0,1,1,6,1,32,6,1896,2,12,4,1,4
201806G249082,2,9,0,18,0,8,0,0,0,0,0,1,6,1,20,4,1398,1,15,1,1,1
201806G249138,1,9,0,7,0,6,0,0,0,0,1,1,2,2,23,5,-1,-1,-1,6,1,6
201806G249138,2,1,0,7,0,6,0,0,0,0,1,1,4,1,30,6,-1,-1,-1,-1,-1,-1
201806G249417,1,9,0,4,0,0,0,0,0,0,1,1,2,2,48,8,1590,1,15,-1,-1,-1
201806G249417,2,9,0,4,0,0,0,0,0,0,2,1,6,1,34,6,1499,2,3,2,1,2
201806G249667,1,21,1,3,0,0,0,0,0,0,2,1,1,1,72,10,12580,2,14,5,2,5
201806G249667,2,9,0,3,0,0,0,0,0,0,1,1,6,2,56,9,1198,1,4,8,1,8
201806G249667,3,9,0,3,0,0,0,0,0,0,1,1,6,2,69,10,998,1,6,5,1,5
201806G249667,4,9,0,3,0,0,0,0,0,0,1,1,6,1,36,7,1496,2,2,3,1,3
201806G249711,1,9,0,9,9,5,0,0,0,0,1,1,6,1,65,9,1339,1,12,3,1,3
201806G249773,1,11,0,5,0,2,0,0,0,0,0,1,6,1,44,7,3900,2,12,6,1,6
201806G250341,1,19,0,1,0,0,0,0,0,0,2,1,1,3,-1,-1,-1,-1,-1,-1,-1,-1
201806G250367,1,9,0,18,0,2,0,10,1,0,1,1,3,2,30,6,1395,1,1,3,1,3
201806G250367,2,9,0,4,0,2,0,0,0,0,2,1,4,2,41,7,1598,2,4,6,1,6
201806G250367,3,9,0,4,0,2,0,0,0,0,2,1,6,2,30,6,1149,1,12,3,1,3
201806G250367,4,9,0,4,0,2,0,0,0,0,2,1,6,2,30,6,1197,1,1,6,1,6
201806G250402,1,9,0,18,0,1,0,0,0,0,1,1,1,2,36,7,1995,2,6,-1,-1,-1
201806G250402,2,9,0,3,0,1,0,0,0,0,2,1,6,1,54,8,1560,2,2,8,1,8
201806G250436,1,9,0,7,0,1,0,0,0,0,1,1,6,3,-1,-1,1968,2,1,-1,-1,-1
201806G250436,2,9,0,8,0,1,0,0,0,0,2,1,6,1,48,8,2198,2,10,3,3,3
201806G250491,1,11,0,4,0,0,0,0,0,0,0,1,1,1,53,8,6700,2,2,2,1,2
201806G250511,1,90,0,17,0,2,0,0,0,0,1,1,1,1,32,6,-1,-1,-1,3,1,3
201806G250511,2,9,0,3,0,2,0,0,0,0,2,1,3,1,43,7,1596,1,9,9,1,9
201806G250546,1,21,1,18,0,0,0,4,1,10,1,1,1,1,64,9,-1,-1,-1,-1,-1,-1
201806G250546,2,9,0,2,0,0,0,0,0,0,1,1,6,2,54,8,1582,2,3,4,1,4
201806G250546,3,9,0,2,0,0,0,0,0,0,0,1,6,1,57,9,1248,1,1,4,1,4
201806G250553,1,5,0,16,0,0,0,0,0,0,0,1,6,1,27,6,998,1,9,5,1,5
201806G250554,1,9,0,7,0,8,0,0,0,0,1,1,6,3,-1,-1,-1,-1,-1,-1,-1,-1
201806G250554,2,9,0,18,0,8,0,0,0,0,1,1,6,2,49,8,1398,1,10,8,1,8
201806G250627,1,9,0,17,0,0,0,0,0,0,1,1,6,3,-1,-1,-1,-1,-1,-1,-1,-1
201806G250627,2,9,0,2,0,0,0,0,0,10,2,1,6,1,35,6,-1,-1,-1,4,1,4
201806G250634,1,9,0,18,0,1,0,0,0,0,3,1,6,1,52,8,2993,2,2,10,1,10
201806G250751,1,19,0,18,0,0,0,0,0,0,1,1,6,3,-1,-1,1399,2,8,-1,-1,-1
201806G250751,2,9,0,3,0,0,0,0,0,0,2,1,2,2,30,6,2497,2,11,1,1,1
201806G250761,1,9,0,9,9,2,0,0,0,0,1,1,6,3,-1,-1,1995,2,11,-1,-1,-1
201806G250871,1,8,0,18,0,1,1,0,0,0,1,1,1,1,54,8,2143,2,4,7,1,7
201806G250875,1,9,0,18,0,8,0,0,0,0,1,1,6,1,23,5,1364,1,11,-1,-1,-1
201806G250875,2,9,0,18,0,1,0,0,2,0,1,1,6,2,49,8,1398,2,14,6,1,6
201806G250883,1,9,0,18,0,3,0,0,0,0,1,1,6,1,58,9,1560,2,4,6,1,6
201806G250883,2,1,0,18,0,8,0,0,0,0,4,1,6,1,51,8,-1,-1,-1,2,1,2
201806G250895,1,9,0,14,0,1,0,0,0,0,4,1,6,1,26,6,1910,2,13,5,1,5
201806G250895,2,19,0,10,0,1,0,0,0,0,1,1,6,2,28,6,2442,2,2,1,1,1
201806G250895,3,9,0,3,0,2,0,0,1,0,3,1,6,2,33,6,996,1,5,1,1,1
201806G251065,1,9,0,18,0,8,0,0,0,0,3,1,1,2,21,5,1598,2,5,4,1,4
201806G251065,2,9,0,18,0,8,0,0,0,0,1,1,6,1,34,6,999,1,-1,4,1,4
201806G251078,1,9,0,18,0,0,0,0,0,0,1,1,6,3,-1,-1,-1,-1,-1,-1,-1,-1
201806G251078,2,9,0,18,0,0,0,0,0,0,3,1,6,1,30,6,1997,2,9,5,1,5
201806G251393,1,9,0,9,0,6,0,0,0,0,4,1,2,1,26,6,1229,1,5,2,1,2
201806G251437,1,9,0,9,0,8,0,0,0,0,1,1,6,2,51,8,1499,1,2,5,1,5
201806G251437,2,3,0,18,0,8,0,0,0,0,1,1,6,1,62,9,124,1,15,2,1,2
201806G251659,1,9,0,18,9,1,0,0,0,0,3,1,6,1,32,6,-1,-1,-1,6,1,6
201806G251683,1,9,0,9,0,1,0,0,0,0,1,1,6,1,40,7,1197,1,6,1,1,1
201806G251993,1,9,0,4,0,1,0,0,0,0,1,1,6,1,30,6,-1,-1,-1,-1,-1,-1
201806G251993,2,9,0,10,0,1,0,0,0,0,2,1,6,1,26,6,1149,1,13,3,1,3
201806G252226,1,9,0,18,0,8,0,0,0,0,1,1,6,1,23,5,1598,2,5,4,1,4
201806G252226,2,9,0,9,0,6,0,0,0,0,4,1,6,2,51,8,1992,2,12,2,1,2
201806G252307,1,4,0,13,0,8,0,0,0,0,1,1,6,1,40,7,124,1,-1,3,1,3
201806G252307,2,8,0,5,0,5,0,0,0,0,3,1,6,1,32,6,1956,2,5,5,1,5
201806G252463,1,9,0,18,0,8,0,0,0,0,1,1,6,3,-1,-1,1998,1,-1,-1,-1,-1
201806G252463,2,9,0,18,0,8,0,0,0,0,2,1,6,1,48,8,1461,2,3,1,1,1
201806G253255,1,8,0,18,0,1,0,0,0,0,1,1,6,1,27,6,1399,1,1,2,1,2
201806G253255,2,9,0,18,0,2,0,4,0,0,1,1,6,2,24,5,998,1,5,8,1,8
201806G253255,3,9,0,2,9,2,0,0,0,0,4,1,6,1,43,7,1968,2,2,9,1,9
201806J139376,1,9,0,9,0,5,0,0,0,0,1,1,6,2,59,9,1598,1,4,10,1,10
201806J139723,1,9,0,9,0,5,0,0,0,0,3,1,6,1,21,5,1360,1,12,1,1,1
201806J139723,2,1,0,10,0,1,0,0,0,0,4,1,2,1,17,4,-1,-1,-1,-1,-1,-1
201806J139777,1,9,0,18,0,1,0,0,0,0,1,1,6,2,30,6,-1,-1,-1,-1,-1,-1
201806J139881,1,9,0,7,0,8,0,0,1,0,4,1,6,1,31,6,1582,2,8,1,1,1
201806J139881,2,1,0,18,4,8,0,0,0,0,1,1,6,1,28,6,-1,-1,-1,8,2,8
201806J139961,1,21,0,18,0,8,0,0,0,0,1,1,1,1,30,6,12777,2,5,-1,-1,-1
201806J139961,2,9,0,17,0,8,0,0,0,0,2,1,6,2,41,7,998,1,3,7,1,7
201806J139988,1,9,0,9,0,6,0,0,0,0,4,1,2,2,34,6,998,1,12,-1,-1,-1
201806J140128,1,9,0,7,0,5,0,0,0,0,1,1,2,1,60,9,-1,-1,-1,3,1,3
201806J140133,1,19,0,18,0,1,1,0,0,0,1,1,2,1,47,8,2143,2,1,4,1,4
201806J140133,2,19,0,18,0,8,2,0,0,0,4,1,1,1,33,6,-1,-1,-1,4,1,4
201806J140234,1,5,0,18,0,8,0,0,0,0,4,1,2,1,23,5,645,1,14,5,1,5
201806J140234,2,9,0,5,0,4,0,0,0,0,1,1,6,1,41,7,1598,1,14,-1,-1,-1
201806J140234,3,9,0,5,0,4,0,0,0,0,3,1,2,1,69,10,1999,1,14,6,1,6
201806J140357,1,9,0,9,0,5,0,0,0,0,4,1,6,3,-1,-1,1461,2,3,-1,-1,-1
201806J140432,1,9,0,9,0,5,0,0,0,0,1,1,6,2,58,9,1598,1,6,10,1,10
201806J140432,2,9,0,18,0,8,0,0,0,0,1,1,6,2,30,6,2687,1,14,9,1,9
201806J140460,1,9,0,9,0,5,0,0,0,0,1,1,6,1,44,7,1995,2,15,9,1,9
201806J140460,2,5,0,10,0,6,0,0,0,0,4,1,6,1,54,8,1237,1,1,-1,-1,-1
201806J140467,1,9,0,18,0,8,0,0,0,0,1,1,2,1,30,6,-1,-1,-1,3,1,3
201806J140467,2,9,0,18,0,8,0,0,0,0,1,1,6,2,33,6,1368,1,2,3,1,3
201806J140534,1,9,0,9,0,6,0,0,0,0,3,1,2,2,49,8,1398,1,13,7,1,7
201806J140534,2,1,0,18,0,8,0,0,0,0,1,1,6,1,78,11,-1,-1,-1,9,1,9
201806J140584,1,10,0,18,0,8,0,0,0,0,1,1,1,1,32,6,-1,-1,-1,1,1,1
201806J140584,2,8,0,18,0,8,0,0,0,0,1,1,1,1,41,7,1956,2,6,-1,-1,-1
201806J140641,1,9,0,5,0,0,0,0,0,0,3,1,6,2,58,9,1200,1,2,7,1,7
201806J140641,2,3,0,14,0,0,0,0,0,0,4,1,6,1,22,5,124,1,10,8,2,8
201806J140651,1,1,0,18,0,6,0,0,0,0,3,1,6,2,8,2,-1,-1,-1,5,1,5
201806J140651,2,9,0,18,0,8,0,0,0,0,1,1,6,2,51,8,1598,1,6,6,1,6
201806J140817,1,19,0,18,0,8,0,0,0,0,1,1,1,1,49,8,1995,2,2,4,1,4
201806J140948,1,9,0,18,0,1,0,0,0,0,1,1,6,1,30,6,2199,2,7,-1,-1,-1
201806J140948,2,9,0,3,0,1,0,0,0,0,2,1,6,2,31,6,1496,2,2,9,1,9
201806J140948,3,9,0,3,0,1,0,0,0,0,1,1,1,1,30,6,-1,3,-1,4,1,4
201806J141012,1,9,0,18,0,1,0,0,0,0,3,1,2,1,23,5,1398,1,2,1,1,1
201806J141115,1,9,0,18,0,6,0,0,0,0,3,1,6,2,67,10,1242,1,4,7,1,7
201806J141115,2,11,0,18,0,8,0,0,0,0,1,1,1,1,46,8,6700,2,2,-1,-1,-1
201806J141276,1,8,0,18,0,0,0,0,0,0,1,1,1,1,58,9,-1,-1,-1,4,1,4
201806J141291,1,9,0,9,0,6,0,0,0,0,1,1,6,1,28,6,1753,2,10,6,1,6
201806J141291,2,1,0,18,0,8,0,0,0,0,1,1,6,1,44,7,-1,-1,-1,5,1,5
201806J141308,1,9,0,18,0,0,0,0,0,0,1,1,6,1,58,9,1587,1,9,7,2,7
201806J141633,1,9,0,18,0,0,0,0,0,0,1,1,6,2,69,10,1896,2,10,4,1,4
201806J141633,2,19,0,18,0,0,0,0,0,0,1,1,1,1,57,9,1998,2,12,9,1,9
201806J141768,1,9,0,9,0,8,0,0,0,0,1,1,6,1,64,9,-1,-1,-1,1,1,1
201806J141768,2,9,0,18,0,8,0,0,1,4,1,1,6,1,45,7,1988,2,14,1,1,1
201806J141921,1,90,0,9,0,8,0,0,0,0,1,1,1,1,35,6,-1,-1,-1,1,1,1
201806J141921,2,1,0,17,0,8,0,0,0,0,1,1,1,2,28,6,-1,-1,-1,1,1,1
201806J142065,1,9,0,14,0,0,5,0,0,0,1,1,6,2,52,8,1197,1,3,4,1,4
201806J142065,2,9,0,2,0,0,0,0,0,0,1,1,6,1,30,6,1968,2,8,3,1,3
201806J142068,1,9,0,18,0,0,0,0,0,0,1,1,6,1,21,5,-1,-1,-1,5,1,5
201806J142178,1,1,0,18,0,0,0,0,0,0,0,1,6,2,43,7,-1,-1,-1,8,1,8
201806J142178,2,19,0,18,0,0,0,0,0,0,1,1,6,3,-1,-1,-1,-1,-1,-1,-1,-1
201806J142318,1,3,0,18,2,8,0,0,0,0,1,1,6,1,18,4,124,1,7,4,1,4
201806J142318,2,9,0,7,0,5,0,0,0,0,4,1,6,2,29,6,1242,1,3,5,1,5
201806J142502,1,9,0,2,0,0,0,0,0,0,3,1,6,1,49,8,1398,2,14,4,1,4
201806J142502,2,1,0,18,0,0,0,0,0,0,4,1,2,1,57,9,-1,-1,-1,4,1,4
201806J142631,1,9,0,6,0,0,0,0,0,0,3,1,6,1,30,6,3201,1,20,6,1,6
201806J142631,2,3,0,18,0,0,0,0,0,0,1,1,1,1,27,6,124,1,4,10,1,10
201806J142758,1,9,0,9,0,8,0,0,0,0,1,1,2,1,63,9,1598,1,14,1,1,1
201806J142758,2,3,0,18,2,8,0,0,0,0,1,1,2,1,23,5,125,1,1,3,1,3
201806J142811,1,9,0,18,0,8,0,0,0,0,1,1,6,2,44,7,1995,2,3,1,1,1
201806J142811,2,9,0,18,0,8,0,0,0,0,1,1,6,2,20,4,998,1,3,3,1,3
201806J142813,1,9,0,18,0,2,0,0,0,0,4,1,6,1,22,5,1595,1,-1,3,1,3
201806J142899,1,9,0,18,0,8,0,0,0,0,1,1,6,2,27,6,1329,1,6,3,1,3
201806J142899,2,9,0,18,0,8,0,0,0,0,2,1,6,1,30,6,1598,2,8,1,1,1
201806J142970,1,9,0,18,0,2,1,0,0,0,1,1,6,1,22,5,1242,1,6,1,1,1
201806J142970,2,9,0,18,0,2,1,0,0,0,3,1,1,1,34,6,1598,2,4,1,1,1
201806J143054,1,3,0,14,0,8,0,0,0,0,1,1,6,1,17,4,125,1,1,8,2,8
201806J143142,1,9,0,5,0,4,0,0,0,0,3,1,6,2,26,6,1149,1,12,1,1,1
201806J143142,2,1,0,18,0,8,2,0,0,0,4,1,6,1,61,9,-1,-1,-1,10,1,10
201806J143257,1,9,0,18,0,1,0,0,0,0,3,1,6,3,-1,-1,1399,2,7,-1,-1,-1
201806J143257,2,8,0,3,0,8,0,0,0,0,2,1,2,2,48,8,1329,1,6,2,1,2
201806J143257,3,9,0,3,0,8,0,0,0,0,2,1,6,1,30,6,2191,2,5,1,1,1
201806J143311,1,9,0,18,0,1,0,0,0,0,4,1,6,2,34,6,998,1,5,5,1,5
201806J143311,2,9,0,5,7,6,0,0,0,0,3,1,6,3,-1,-1,1598,1,7,-1,-1,-1