Accident_Index,Vehicle_Reference,Vehicle_Type,Towing_and_Articulation,Vehicle_Manoeuvre,Vehicle_Location-Restricted_Lane,Junction_Location,Skidding_and_Overturning,Hit_Object_in_Carriageway,Vehicle_Leaving_Carriageway,Hit_Object_off_Carriageway,1st_Point_of_Impact,Was_Vehicle_Left_Hand_Drive?,Journey_Purpose_of_Driver,Sex_of_Driver,Age_of_Driver,Age_Band_of_Driver,Engine_Capacity_(CC),Propulsion_Code,Age_of_Vehicle,Driver_IMD_Decile,Driver_Home_Area_Type,Vehicle_IMD_Decile
201806J143460,1,1,0,18,0,8,0,0,0,0,1,1,2,2,51,8,-1,-1,-1,7,1,7
201806J143460,2,9,0,9,0,6,0,0,0,0,1,1,6,1,30,6,1686,2,11,-1,-1,-1
201806J143642,1,9,0,18,0,0,0,0,0,0,1,1,2,2,25,5,1248,2,7,6,1,6
201806J143642,2,9,0,2,0,0,0,0,0,0,2,1,1,2,24,5,1229,1,10,6,1,6
201806J143705,1,9,0,18,1,0,0,0,0,0,1,1,6,2,35,6,1198,1,5,7,1,7
201806J143738,1,9,0,18,0,8,0,0,0,0,1,1,6,1,20,4,-1,-1,-1,7,3,7
201806J143738,2,9,0,10,0,8,0,0,0,0,2,1,6,2,52,8,1386,1,15,1,1,1
201806J143891,1,9,0,3,0,0,0,0,0,0,0,1,6,3,-1,-1,-1,-1,-1,-1,-1,-1
201806J143891,2,1,0,15,0,0,0,10,1,0,4,1,4,1,15,3,-1,-1,-1,5,1,5
201806J143924,1,9,0,18,0,2,0,0,0,0,3,1,1,1,48,8,1968,2,3,4,1,4
201806J144182,1,9,0,18,0,1,0,0,0,0,1,1,6,3,-1,-1,-1,-1,-1,-1,-1,-1
201806J144185,1,9,0,9,0,5,0,0,0,0,1,1,2,1,22,5,1968,2,10,2,1,2
201806J144185,2,9,0,18,0,8,1,0,1,1,1,1,2,1,43,7,2143,2,4,6,1,6
201806J144208,1,4,0,13,0,8,0,0,0,0,1,1,6,1,60,9,498,1,12,1,1,1
201806J144208,2,9,0,9,0,5,0,0,0,0,3,1,6,1,31,6,1686,2,11,3,1,3
201806J144213,1,9,0,18,0,8,1,0,0,0,1,1,2,2,31,6,998,1,8,-1,-1,-1
201806J144213,2,1,0,18,0,6,0,0,0,0,1,1,4,1,16,4,-1,-1,-1,2,1,2
201806J144215,1,9,0,9,0,8,0,0,0,0,1,1,6,2,59,9,1995,2,3,8,1,8
201806J144215,2,1,0,18,0,8,0,0,0,0,3,1,2,1,57,9,-1,-1,-1,4,1,4
201806J144471,1,9,0,18,0,0,0,0,0,0,1,1,6,3,-1,-1,-1,-1,-1,-1,-1,-1
201806J144471,2,19,0,3,0,0,0,0,0,0,2,1,6,1,27,6,-1,-1,-1,8,1,8
201806J144685,1,9,0,4,0,1,0,0,0,0,1,1,6,2,43,7,1560,2,8,10,1,10
201806J144685,2,1,0,12,0,8,0,0,0,0,3,1,6,2,15,3,-1,-1,-1,1,1,1
201806J144762,1,9,0,7,0,8,0,0,0,0,1,1,6,1,55,8,1988,1,14,8,1,8
201806J144762,2,9,0,18,0,1,0,0,0,0,1,1,6,2,35,6,1596,1,14,8,1,8
201806J144961,1,3,0,18,0,0,0,0,0,0,1,1,6,1,19,4,125,1,6,9,1,9
201806J144971,1,11,0,18,0,8,1,0,0,0,1,1,1,1,56,9,6700,2,10,5,1,5
201806J144971,2,19,0,9,0,8,1,0,0,0,3,1,1,1,51,8,1968,2,5,6,1,6
201806J145346,1,9,0,18,0,8,0,7,1,0,1,1,6,1,18,4,1596,1,9,4,1,4
201806J145346,2,9,0,10,0,8,0,0,0,0,1,1,6,1,36,7,1461,2,7,4,1,4
201806J145346,3,9,0,3,0,1,0,0,0,0,1,1,6,2,71,10,1591,1,-1,1,1,1
201806J145346,4,9,0,18,0,1,0,0,0,0,1,1,1,1,30,6,998,1,1,-1,-1,-1
201806J145346,5,9,0,18,0,1,0,0,0,0,0,1,1,1,30,6,1984,1,2,-1,-1,-1
201806J145348,1,19,0,18,0,8,0,0,0,0,3,1,1,1,32,6,2198,2,2,6,1,6
201806J145348,2,9,0,18,0,8,0,0,0,0,1,1,6,2,30,6,1499,2,4,3,1,3
201806J145348,3,9,0,2,0,2,0,0,0,0,3,1,6,1,30,6,1198,1,3,10,1,10
201806J145388,1,9,0,9,0,8,0,0,0,0,3,1,6,2,54,8,1197,1,3,5,1,5
201806J145388,2,4,0,18,0,8,1,0,0,0,1,1,6,1,27,6,-1,-1,-1,10,1,10
201806J145428,1,9,0,17,0,4,0,0,0,0,3,1,6,1,33,6,-1,-1,-1,3,1,3
201806J145428,2,9,0,16,0,3,0,0,0,0,1,1,6,1,43,7,1686,2,7,4,1,4
201806J145498,1,9,0,11,0,0,0,0,0,0,4,1,6,1,30,6,1596,1,11,1,1,1
201806J145498,2,11,0,18,2,0,0,0,0,0,1,1,1,1,48,8,4461,2,5,1,1,1
201806J145509,1,9,0,7,0,8,0,7,0,0,2,1,6,1,53,8,1360,1,13,10,1,10
201806J145509,2,11,0,18,2,8,0,0,0,0,1,1,1,1,54,8,4461,2,5,6,1,6
201806J145580,1,9,0,12,0,8,0,0,0,0,1,1,6,2,30,6,1149,1,16,-1,-1,-1
201806J145580,2,9,0,18,0,1,0,0,0,0,3,1,6,2,41,7,1329,1,8,3,1,3
201806J145665,1,9,0,1,0,1,0,0,0,0,3,1,6,2,30,6,1242,1,9,1,1,1
201806J145665,2,9,0,18,0,1,0,0,0,0,4,1,6,1,45,7,1499,2,4,4,1,4
201806J145692,1,9,0,18,0,8,2,0,1,0,1,1,6,1,20,4,-1,-1,-1,-1,-1,-1
201806J145692,2,9,0,18,0,1,0,0,1,0,0,1,6,1,34,6,1229,1,11,2,1,2
201806J145692,3,9,0,18,0,8,0,0,1,0,3,1,6,1,26,6,2993,2,6,-1,-1,-1
201806J145692,4,9,0,18,0,1,0,0,1,0,1,1,6,1,69,10,1595,1,13,6,1,6
201806J145715,1,20,0,5,0,8,0,0,0,0,1,1,1,1,54,8,10837,2,2,7,1,7
201806J145715,2,9,0,3,0,8,0,0,0,2,0,1,6,1,56,9,1299,1,20,2,1,2
201806J145715,3,21,0,18,0,8,0,0,0,0,2,1,1,1,35,6,4462,2,5,1,1,1
201806J145718,1,5,0,18,0,0,0,0,7,0,1,1,6,1,39,7,636,1,16,3,1,3
201806J145807,1,9,0,18,0,1,0,7,7,0,1,1,2,2,17,4,1242,1,12,4,1,4
201806J145807,2,9,0,2,0,1,0,0,0,0,2,1,6,1,86,11,1242,1,12,6,1,6
201806J145816,1,9,0,18,0,2,0,0,0,0,1,1,6,2,30,6,998,1,12,3,1,3
201806J145816,2,9,0,18,0,2,0,0,0,0,4,1,2,2,25,5,1968,2,5,-1,-1,-1
201806J145857,1,3,0,14,0,8,0,0,0,0,1,1,6,1,34,6,124,1,17,7,1,7
201806J145857,2,9,0,9,0,8,0,0,0,0,3,1,6,1,62,9,1120,2,4,7,1,7
201806J145932,1,19,0,5,0,4,0,0,0,0,1,1,6,1,46,8,2402,2,10,4,1,4
201806J145932,2,9,0,5,0,4,0,0,0,0,2,1,6,2,46,8,998,1,12,4,1,4
201806J146018,1,9,0,17,0,8,0,0,0,0,1,1,6,1,19,4,1422,2,14,2,1,2
201806J146018,2,9,0,9,0,8,0,0,0,0,4,1,6,2,32,6,1199,1,19,6,1,6
201806J146038,1,9,0,10,0,6,0,0,0,0,3,1,6,1,30,6,1598,1,4,-1,-1,-1
201806J146038,2,9,0,18,0,1,1,0,0,0,3,1,1,1,42,7,1596,1,10,4,1,4
201806J146155,1,9,0,9,0,8,0,0,0,0,1,1,6,2,52,8,1388,1,11,1,1,1
201806J146155,2,9,0,18,0,8,0,0,1,1,1,1,6,1,46,8,1797,8,5,4,1,4
201806J146375,1,9,0,1,0,8,0,0,0,0,2,1,6,1,30,6,2148,2,16,-1,-1,-1
201806J146375,2,9,0,10,0,8,0,0,0,0,3,1,3,2,30,6,1995,2,5,7,1,7
201806J146405,1,9,0,9,0,8,0,0,0,0,3,1,6,2,30,6,1595,1,5,-1,-1,-1
201806J146405,2,1,0,4,0,8,0,0,0,0,4,1,6,1,51,8,-1,-1,-1,9,1,9
201806J146525,1,9,0,9,0,1,0,0,0,0,4,1,6,1,30,6,1242,1,10,5,1,5
201806J146525,2,5,0,10,0,1,0,0,0,0,2,1,6,1,30,6,599,1,8,5,1,5
201806J146928,1,9,0,9,0,5,0,0,0,0,1,1,6,2,64,9,1248,1,3,5,1,5
201806J146928,2,9,0,18,0,8,0,0,0,0,1,1,6,1,44,7,1995,2,5,1,1,1
201806J147034,1,9,0,18,0,1,0,0,0,0,4,1,6,1,32,6,1968,2,10,1,1,1
201806J147034,2,4,0,9,0,1,0,0,0,0,3,1,6,2,20,4,125,1,-1,3,1,3
201806J147617,1,9,0,6,0,1,0,0,0,3,0,1,6,1,44,7,1596,1,10,4,1,4
201806J147617,2,1,0,18,9,2,0,0,0,0,1,1,6,1,14,3,-1,-1,-1,-1,-1,-1
201806J147683,1,9,0,18,0,1,0,0,0,0,1,1,6,2,30,6,1896,2,11,3,1,3
201806J147683,2,9,0,3,0,1,0,0,0,0,2,1,6,1,27,6,999,1,2,9,2,9
201806J147733,1,9,0,18,0,2,0,0,0,0,1,1,6,2,30,6,-1,-1,-1,-1,-1,-1
201806J147735,1,9,0,18,0,1,0,0,0,0,2,1,6,1,42,7,-1,-1,-1,-1,-1,-1
201806J147735,2,19,0,3,0,1,0,0,0,0,3,1,1,1,33,6,-1,-1,-1,3,1,3
201806J147750,1,1,0,9,0,6,0,0,0,0,4,1,6,1,13,3,-1,-1,-1,8,1,8
201806J147750,2,8,0,18,0,8,0,0,0,0,1,1,6,1,27,6,2000,1,9,1,1,1
201806J147797,1,90,0,5,0,1,0,0,0,0,1,1,1,1,55,8,-1,-1,-1,8,1,8
201806J147797,2,1,0,18,9,1,0,0,0,0,4,1,6,1,16,4,-1,-1,-1,4,1,4
201806J147801,1,9,0,1,0,0,0,0,0,0,2,1,1,1,43,7,1995,2,-1,1,1,1
201806J147806,1,11,0,18,0,0,0,0,0,0,1,1,1,1,53,8,-1,-1,-1,1,1,1
201806J147806,2,1,0,9,0,0,0,0,0,0,1,1,6,1,34,6,-1,-1,-1,1,1,1
201806J147834,1,1,0,1,0,0,0,0,0,0,2,1,6,1,10,2,-1,-1,-1,-1,-1,-1
201806J147834,2,9,0,16,0,0,0,0,0,0,4,1,6,1,30,6,1229,1,10,3,1,3
201806J147905,1,9,0,18,0,2,0,0,0,0,1,1,6,3,30,6,1995,2,4,-1,-1,-1
201806J147905,2,1,0,18,0,2,0,0,0,0,1,1,6,2,51,8,-1,-1,-1,7,1,7
201806J147929,1,20,0,4,0,1,0,0,0,0,1,1,6,1,30,6,-1,-1,-1,-1,-1,-1
201806J147929,2,9,0,3,0,1,0,0,0,0,2,1,6,2,58,9,1197,1,1,9,1,9
201806J147958,1,9,0,18,0,1,0,0,0,0,2,1,6,3,-1,-1,1560,2,7,-1,-1,-1
201806J147958,2,9,0,7,0,6,0,7,0,10,1,1,6,2,52,8,1248,2,9,6,1,6
201806J148013,1,20,0,7,0,5,0,0,0,0,0,1,6,1,30,6,5132,2,1,-1,-1,-1
201806J148013,2,1,0,18,0,1,0,0,0,0,0,1,6,1,70,10,-1,-1,-1,5,1,5
201806J148142,1,9,0,9,0,1,1,0,7,0,1,1,6,1,27,6,1398,1,8,2,1,2
201806J148146,1,9,0,16,0,0,0,0,0,0,1,1,6,1,30,6,1997,2,16,-1,-1,-1
201806J148146,2,9,0,3,0,0,0,0,0,0,2,1,2,2,41,7,1149,1,8,2,1,2
201806J148146,3,9,0,3,0,0,0,0,0,0,2,1,6,2,30,6,1596,1,11,-1,-1,-1
201806J148148,1,9,0,18,0,1,2,0,3,1,1,1,6,1,42,7,1685,2,1,8,1,8
201806J148148,2,9,0,18,0,1,0,0,0,0,2,1,6,1,50,8,2401,2,11,9,1,9
201806J148148,3,9,0,2,0,1,0,0,0,0,2,1,6,2,30,6,2987,2,10,10,1,10
201806J148148,4,9,0,2,0,1,0,0,0,0,2,1,6,2,30,6,-1,-1,-1,9,3,9
201806J148148,5,9,0,2,0,1,0,0,0,0,2,1,6,2,30,6,1997,2,4,7,1,7
201806J148148,6,9,0,2,0,1,0,0,0,0,3,1,6,2,30,6,1395,1,1,9,1,9
201806J148148,7,9,0,2,0,1,0,0,0,0,1,1,6,3,-1,-1,1984,1,-1,-1,-1,-1
201806J148148,8,9,0,2,0,1,0,0,0,0,1,1,6,3,-1,-1,1197,1,-1,-1,-1,-1
201806J148257,1,9,0,16,0,3,0,0,0,0,1,1,6,1,43,7,1896,2,9,1,1,1
201806J148267,1,9,0,18,0,2,0,0,0,0,1,1,6,2,33,6,1461,2,2,1,1,1
201806J148269,1,9,0,18,0,1,0,0,0,0,1,1,6,2,28,6,1598,1,6,-1,-1,-1
201806J148464,1,9,0,18,0,4,0,0,0,0,1,1,2,1,42,7,1796,1,9,-1,-1,-1
201806J148464,2,1,0,8,0,3,0,0,0,0,4,1,2,1,32,6,-1,-1,-1,6,1,6
201806J148496,1,9,0,16,0,1,0,0,0,0,1,1,6,1,30,6,-1,-1,-1,-1,-1,-1
201806J148496,2,9,0,3,0,1,0,0,0,0,2,1,6,1,18,4,998,1,-1,4,1,4
201806J148575,1,8,0,18,0,8,0,0,0,0,4,1,1,1,30,6,2402,2,12,-1,-1,-1
201806J148575,2,5,0,4,0,8,1,0,7,0,4,1,6,1,25,5,745,1,2,1,1,1
201806J148612,1,9,0,7,0,1,0,0,0,0,2,1,6,3,-1,-1,1598,1,14,-1,-1,-1
201806J148612,2,3,0,18,0,1,2,0,0,0,1,1,2,1,27,6,-1,-1,-1,7,2,7
201806J148788,1,9,0,18,0,0,0,0,0,0,1,1,6,3,-1,-1,1997,2,1,-1,-1,-1
201806J148788,2,9,0,4,0,0,0,0,0,0,2,1,6,1,39,7,-1,-1,-1,1,1,1
201806J148981,1,9,0,7,0,5,0,0,0,0,1,1,2,1,36,7,-1,-1,-1,8,1,8
201806J148985,1,19,0,18,0,8,0,0,0,0,1,1,1,1,23,5,2287,2,3,4,1,4
201806J148985,2,1,0,18,0,8,0,0,0,0,2,1,6,2,34,6,-1,-1,-1,-1,-1,-1
201806J149059,1,9,0,9,0,6,0,0,0,0,3,1,6,2,53,8,1586,1,4,10,1,10
201806J149357,1,9,0,18,0,8,0,0,0,0,1,1,6,1,27,6,1596,1,2,6,1,6
201806J149357,2,9,0,9,0,8,0,0,5,0,4,1,6,1,79,11,1329,1,2,7,1,7
201806J149357,3,9,0,8,0,1,0,0,0,0,4,1,6,1,52,8,2000,2,12,1,1,1
201806J149416,1,9,0,9,0,5,0,0,0,0,1,1,6,1,24,5,1395,8,2,4,1,4
201806J149416,2,1,0,18,0,8,0,0,0,0,1,1,6,1,16,4,-1,-1,-1,-1,-1,-1
201806J149459,1,9,0,9,0,5,0,0,0,0,1,1,6,1,31,6,1598,1,14,1,1,1
201806J149459,2,9,0,18,0,8,0,0,0,0,1,1,6,2,46,8,1598,1,11,3,1,3
201806J149475,1,9,0,18,0,8,5,7,0,1,1,1,6,1,19,4,1595,1,8,7,1,7
201806J149475,2,9,0,9,0,6,2,7,0,0,1,1,6,1,45,7,1968,2,4,8,1,8
201806J149479,1,9,0,9,0,2,0,0,0,0,1,1,6,1,21,5,-1,-1,-1,2,1,2
201806J149479,2,90,0,10,0,1,0,0,0,10,1,1,6,1,50,8,-1,-1,-1,-1,-1,-1
201806J149554,1,90,0,18,0,1,0,0,0,0,1,1,1,1,38,7,-1,-1,-1,1,1,1
201806J149554,2,9,0,3,0,1,0,0,1,0,2,1,6,2,22,5,1499,1,-1,5,1,5
201806J149554,3,9,0,10,0,1,0,0,1,0,2,1,6,2,32,6,1598,2,4,1,1,1
201806J149554,4,9,0,18,0,2,0,0,0,0,0,1,6,3,-1,-1,-1,-1,-1,-1,-1,-1
201806J149626,1,9,0,13,0,2,0,0,0,0,4,1,1,1,27,6,1497,2,1,1,1,1
201806J149626,2,9,0,5,0,1,0,0,0,0,3,1,6,2,52,8,998,1,11,1,1,1
201806J149631,1,9,0,18,0,0,0,0,0,0,1,1,6,1,81,11,1390,1,17,1,1,1
201806J149696,1,19,0,1,0,8,0,0,0,0,2,1,1,1,32,6,2198,2,11,1,1,1
201806J149728,1,9,0,4,0,2,0,0,0,0,1,1,6,1,54,8,1998,2,2,1,1,1
201806J149728,2,9,0,4,0,2,0,0,0,0,2,1,6,1,28,6,1360,1,13,5,1,5
201806J149770,1,19,0,18,0,1,0,0,0,0,1,1,6,1,50,8,-1,-1,-1,-1,-1,-1
201806J149770,2,9,0,8,0,1,0,0,0,0,2,1,3,2,32,6,2143,2,1,9,1,9
201806J149930,1,1,0,18,0,6,0,0,0,0,1,1,2,1,29,6,-1,-1,-1,1,1,1
201806J149930,2,9,0,18,0,8,0,0,0,0,4,1,6,1,49,8,1497,8,-1,1,1,1
201806J149944,1,3,0,7,0,2,0,0,0,0,3,1,6,1,33,6,125,1,3,3,1,3
201806J149944,2,9,0,18,0,1,0,0,0,0,3,1,6,2,63,9,1995,2,10,4,1,4
201806J150126,1,9,0,18,0,8,1,0,0,0,1,1,6,1,28,6,1598,1,13,3,1,3
201806J150126,2,9,0,9,0,5,0,0,0,0,4,1,6,2,33,6,1598,2,4,9,1,9
201806J150625,1,9,0,18,0,6,5,0,1,10,1,1,6,2,67,10,1591,1,-1,2,1,2
201806J150625,2,9,0,2,0,1,0,0,0,0,4,1,6,1,30,6,-1,-1,-1,-1,-1,-1
201806J150625,3,9,0,2,0,1,0,0,0,0,3,1,6,2,30,6,1197,1,1,-1,-1,-1
201806J150676,1,9,0,9,0,5,0,0,0,0,3,1,6,2,53,8,1560,2,4,8,1,8
201806J150676,2,9,0,13,0,5,0,0,0,0,4,1,6,3,-1,-1,-1,-1,-1,-1,-1,-1
201806J150796,1,9,0,9,0,8,0,0,0,0,1,1,2,2,20,4,1364,2,12,3,1,3
201806J150796,2,9,0,18,0,8,0,0,0,0,1,1,2,1,27,6,-1,-1,-1,1,1,1
201806J150814,1,9,0,9,0,8,0,0,0,0,1,1,6,2,29,6,999,1,2,-1,-1,-1
201806J150814,2,9,0,18,0,8,0,0,0,0,1,1,2,1,26,6,1242,1,8,2,1,2
201806J151105,1,9,0,11,0,5,0,0,0,0,4,1,6,2,30,6,1398,1,13,-1,-1,-1
201806J151105,2,3,0,4,0,1,0,0,0,0,0,1,2,1,24,5,599,1,13,6,1,6
201806J151377,1,5,0,18,0,1,0,0,0,0,1,1,1,1,26,6,-1,-1,-1,4,1,4
201806J151377,2,9,0,7,0,1,0,0,0,0,4,1,2,2,29,6,1496,2,2,3,1,3
201806J151411,1,9,0,6,7,8,0,0,0,0,1,1,3,2,59,9,1591,1,8,10,1,10
201806J151486,1,9,0,9,0,1,0,0,0,0,2,1,6,3,-1,-1,999,1,16,-1,-1,-1
201806J151486,2,9,0,18,0,1,0,0,0,0,0,1,6,1,36,7,2143,2,7,3,1,3
201806J151530,1,9,0,1,0,0,0,0,0,0,2,1,6,1,51,8,1968,2,10,1,1,1
201806J151532,1,9,0,18,0,4,0,0,0,0,2,1,6,3,-1,-1,1198,1,5,-1,-1,-1
201806J151532,2,1,0,18,0,3,0,0,0,0,1,1,6,1,54,8,-1,-1,-1,5,1,5
201806J151885,1,9,0,9,0,1,0,0,0,0,3,1,6,2,40,7,2993,2,7,9,1,9
201806J151885,2,9,0,9,0,1,0,0,0,0,4,1,2,2,66,10,2477,2,13,6,1,6
201806J151938,1,9,0,9,0,8,0,0,0,0,1,1,6,1,30,6,1998,1,2,-1,-1,-1
201806J152162,1,9,0,18,0,8,1,7,0,0,1,1,6,1,20,4,1995,2,6,1,1,1
201806J152162,2,9,0,18,0,1,0,0,0,0,0,1,1,1,30,6,2993,2,2,-1,-1,-1
201806J152367,1,9,0,18,0,8,0,0,0,0,3,1,6,3,-1,-1,1490,1,13,-1,-1,-1
201806J152367,2,9,0,9,0,6,0,0,0,1,1,1,6,1,44,7,1242,1,11,2,1,2
201806J239268,1,9,0,18,9,5,1,0,7,10,4,1,6,1,30,6,2993,2,13,-1,-1,-1
201806J239303,1,9,0,18,0,8,0,0,0,0,4,1,6,1,74,10,1596,1,3,4,1,4
201806J239303,2,9,0,18,0,8,0,0,0,0,1,1,6,2,33,6,1997,2,9,6,1,6
201806J239394,1,1,0,18,0,8,0,0,0,0,4,1,6,1,63,9,-1,-1,-1,7,2,7
201806J239394,2,9,0,9,0,6,0,0,0,0,1,1,6,2,30,6,-1,-1,-1,-1,-1,-1
201806J239912,1,9,0,9,0,5,0,0,0,0,1,1,6,3,-1,-1,-1,-1,-1,-1,-1,-1
201806J239965,1,9,0,18,0,0,0,0,0,0,1,1,6,3,-1,-1,-1,-1,-1,-1,-1,-1
201806J240049,1,9,0,18,0,1,0,0,0,0,1,1,6,2,54,8,1968,2,3,5,1,5
201806J240315,1,9,0,16,0,1,0,0,0,0,1,1,6,2,51,8,1386,1,10,1,1,1
201806J240386,1,9,0,9,0,6,0,0,0,0,3,1,6,2,58,9,1598,2,5,7,1,7
201806J240386,2,20,0,18,0,8,0,0,0,0,1,1,1,1,56,9,2287,2,-1,2,1,2
201806J240412,1,9,0,9,0,5,0,0,0,0,1,1,6,1,46,8,1590,1,6,6,1,6
201806J240992,1,9,0,7,0,1,0,0,0,0,1,1,6,1,30,6,1968,2,9,-1,-1,-1
201806J240992,2,9,0,10,0,1,0,0,0,0,2,1,6,2,22,5,1798,1,4,10,1,10
201806J241367,1,9,0,9,0,5,0,0,0,0,1,1,6,2,28,6,1149,1,8,4,1,4
201806J241367,2,9,0,18,0,8,0,0,0,0,1,1,1,1,35,6,2993,2,6,5,3,5
201806J241393,1,3,0,18,0,8,0,0,0,0,1,1,2,1,22,5,124,1,8,4,1,4
201806J241393,2,9,0,9,0,8,0,0,0,0,3,1,2,1,34,6,1956,2,4,1,1,1
201806J241975,1,9,0,18,0,0,0,10,0,0,1,1,6,2,19,4,1242,1,10,6,1,6
201806J242695,1,9,0,9,0,5,0,0,0,0,1,1,6,3,-1,-1,-1,-1,-1,-1,-1,-1
201806J242695,2,1,0,17,0,8,0,0,0,0,1,1,1,1,30,6,-1,-1,-1,-1,-1,-1
201806J242699,1,19,0,9,0,5,0,0,0,0,2,1,1,1,39,7,2143,2,5,7,1,7
201806J242699,2,1,0,18,0,1,0,0,0,0,1,1,6,1,36,7,-1,-1,-1,5,1,5
201806J243578,1,9,0,4,0,1,0,0,0,0,1,1,6,2,67,10,998,1,9,7,-1,7
201806J243578,2,9,0,4,0,1,0,0,0,0,2,1,6,1,36,7,1595,1,1,8,3,8
201806J243662,1,1,0,18,0,8,0,0,0,0,1,1,6,1,44,7,-1,-1,-1,10,1,10
201806J243662,2,9,0,18,0,6,0,0,0,0,3,1,6,2,56,9,1395,1,1,6,1,6
201806J243743,1,9,0,9,0,5,0,0,0,0,4,1,6,2,54,8,1995,2,1,7,3,7
201806J243743,2,5,0,18,0,8,0,0,0,0,1,1,6,1,30,6,599,1,16,1,1,1
201806J243983,1,9,0,5,0,6,0,0,0,0,3,1,2,2,44,7,1582,2,-1,8,1,8
201806J243983,2,9,0,17,0,8,0,0,0,0,1,1,2,2,45,7,1997,2,7,10,1,10
201806J244011,1,9,0,18,0,0,0,0,0,0,1,1,6,2,68,10,-1,-1,-1,10,1,10
201806J244011,2,9,0,18,0,0,0,0,0,0,1,1,6,2,71,10,1995,2,13,10,1,10
201806J244081,1,9,0,18,0,8,0,0,0,0,0,1,6,2,62,9,1998,1,3,5,1,5
201806J244081,2,4,0,13,0,8,0,0,7,0,0,1,6,1,70,10,865,1,7,10,1,10
201806J244152,1,9,0,18,0,0,0,0,0,0,1,1,3,2,49,8,1197,1,3,10,1,10
201806J244152,2,1,0,18,0,0,0,0,0,0,3,1,4,1,14,3,-1,-1,-1,-1,-1,-1
201806J244216,1,9,0,1,0,0,0,0,0,10,2,1,6,2,83,11,1896,2,9,6,1,6
201806J244247,1,9,0,9,0,8,0,0,0,0,1,1,2,2,42,7,1995,2,6,2,1,2
201806J244247,2,1,0,18,0,8,0,0,0,0,1,1,2,1,57,9,-1,-1,-1,6,3,6
201806J244411,1,9,0,18,0,0,0,0,0,0,1,1,6,3,-1,-1,-1,-1,-1,-1,-1,-1
201806J244411,2,9,0,18,0,0,0,0,0,0,1,1,6,2,62,9,1598,1,16,8,2,8
201806J244492,1,9,0,18,0,0,0,0,0,0,1,1,6,2,30,6,996,1,4,10,2,10
201806J244492,2,9,0,18,0,0,0,0,0,0,2,1,1,1,21,5,-1,-1,-1,8,2,8
201806J245430,1,1,0,18,0,0,0,0,0,0,1,1,6,1,12,3,-1,-1,-1,7,1,7
201806J245430,2,9,0,18,0,0,0,0,0,0,4,1,6,2,51,8,1461,2,2,10,3,10
201806J245433,1,3,0,18,0,0,0,0,1,0,4,1,6,1,17,4,125,1,9,7,1,7
201806J245647,1,9,0,18,0,8,0,0,0,0,1,1,6,2,43,7,1248,1,4,10,1,10
201806J245647,2,9,0,2,0,2,0,0,1,10,3,1,6,1,57,9,1496,1,2,-1,-1,-1
201806J245666,1,19,0,9,0,6,0,0,0,0,3,1,1,1,51,8,-1,-1,-1,3,1,3
201806J245666,2,9,0,18,0,8,0,0,0,0,4,1,6,1,27,6,1390,1,13,4,2,4
201806J245667,1,9,0,7,0,8,0,0,0,0,1,1,6,2,33,6,1560,2,9,9,1,9
201806J245667,2,1,0,18,0,8,0,0,0,0,1,1,6,1,23,5,-1,-1,-1,9,1,9
201806J245706,1,9,0,18,0,8,1,0,0,0,1,1,6,1,26,6,1910,2,14,10,1,10
201806J245894,1,9,0,18,0,1,0,0,0,0,1,1,6,1,52,8,1461,2,2,7,1,7
201806J246090,1,9,0,16,0,8,1,0,0,0,1,1,6,1,41,7,1397,1,16,1,1,1
201806J246090,2,19,0,17,0,8,0,0,0,0,3,1,6,1,50,8,2987,2,4,10,1,10
201806J246292,1,9,0,9,0,8,0,0,0,0,1,1,6,2,76,11,1242,1,3,3,1,3
201806J246292,2,1,0,17,4,8,0,0,0,0,1,1,6,1,73,10,-1,-1,-1,7,1,7
201806J246623,1,1,0,17,0,0,0,0,0,0,1,1,6,1,28,6,-1,-1,-1,9,1,9
201806J246623,2,9,0,16,0,0,0,0,0,0,1,1,6,1,24,5,2793,1,20,1,1,1
201806J246748,1,9,4,3,0,2,0,0,0,0,2,1,6,2,31,6,1560,2,12,5,1,5
201806J246748,2,9,0,4,0,2,0,0,0,0,1,1,6,2,31,6,2143,2,2,9,1,9
201806J246748,3,9,0,16,0,2,0,0,0,0,1,1,6,1,74,10,1968,2,1,8,2,8
201806J247106,1,9,0,6,0,0,0,0,0,0,3,1,1,1,26,6,1598,2,7,2,1,2
201806J247106,2,5,0,18,0,0,0,0,0,0,1,1,6,1,54,8,750,1,49,4,1,4
201806J247396,1,9,0,9,0,5,0,0,0,0,4,1,1,2,17,4,999,1,6,9,1,9
201806J247396,2,9,0,5,0,8,0,0,0,0,3,1,1,1,36,7,1968,2,3,6,1,6
201806J247757,1,9,0,18,0,1,0,0,0,0,1,1,6,1,53,8,1200,1,-1,5,1,5
201806J247757,2,1,0,18,0,1,0,0,0,0,2,1,6,1,30,6,-1,-1,-1,-1,-1,-1
201806J247844,1,9,0,18,0,2,0,0,0,0,1,1,6,1,35,6,1968,2,2,5,1,5
201806J247911,1,21,1,5,0,1,0,0,0,0,1,1,1,1,32,6,12777,2,-1,-1,-1,-1
201806J247985,1,9,0,18,0,0,0,0,0,0,3,1,6,3,-1,-1,-1,-1,-1,-1,-1,-1