Accident_Index,Vehicle_Reference,Vehicle_Type,Towing_and_Articulation,Vehicle_Manoeuvre,Vehicle_Location-Restricted_Lane,Junction_Location,Skidding_and_Overturning,Hit_Object_in_Carriageway,Vehicle_Leaving_Carriageway,Hit_Object_off_Carriageway,1st_Point_of_Impact,Was_Vehicle_Left_Hand_Drive?,Journey_Purpose_of_Driver,Sex_of_Driver,Age_of_Driver,Age_Band_of_Driver,Engine_Capacity_(CC),Propulsion_Code,Age_of_Vehicle,Driver_IMD_Decile,Driver_Home_Area_Type,Vehicle_IMD_Decile
201806K244863,2,1,0,18,0,8,0,0,0,0,1,1,2,1,52,8,-1,-1,-1,-1,-1,-1
201806K244871,1,9,0,18,0,0,0,0,0,0,4,1,6,1,30,6,2987,2,11,2,1,2
201806K245063,1,9,0,18,0,8,0,0,7,2,1,1,6,2,35,6,1461,2,15,2,1,2
201806K245063,2,1,0,18,0,8,0,0,1,2,1,1,6,1,57,9,-1,-1,-1,10,1,10
201806K245192,1,9,0,9,0,6,0,0,0,0,3,1,6,2,30,6,1229,1,5,-1,-1,-1
201806K245222,1,9,0,17,0,8,0,0,0,0,1,1,6,1,30,6,1242,1,6,10,1,10
201806K245222,2,9,0,18,0,8,0,0,0,0,4,1,6,2,34,6,1242,1,5,7,1,7
201806K245238,1,9,0,9,0,8,0,0,0,0,4,1,6,1,56,9,2000,2,7,6,1,6
201806K245238,2,1,0,17,0,8,0,0,0,0,1,1,6,1,53,8,-1,-1,-1,3,1,3
201806K245280,1,4,0,18,9,0,0,0,0,0,1,1,6,1,21,5,-1,-1,-1,-1,-1,-1
201806K245502,1,9,0,9,0,6,0,0,0,0,1,1,6,2,23,5,998,1,5,10,1,10
201806K245519,1,9,0,18,0,0,2,0,1,9,1,1,6,1,22,5,-1,-1,-1,1,1,1
201806K245530,1,90,0,5,0,1,0,0,0,0,4,1,6,1,37,7,-1,-1,-1,1,1,1
201806K245683,1,9,0,18,0,1,0,0,0,0,1,1,6,1,52,8,1896,2,11,1,1,1
201806K245726,1,9,0,5,0,8,0,0,0,0,1,1,6,1,69,10,1560,2,5,6,1,6
201806K245726,2,8,0,18,0,8,0,0,0,0,2,1,1,1,48,8,1998,6,18,2,1,2
201806K245849,1,9,0,9,0,8,0,0,0,0,1,1,6,2,30,6,998,1,1,8,1,8
201806K245849,2,9,0,16,0,8,0,0,0,0,3,1,6,1,71,10,1329,1,6,9,3,9
201806K245899,1,9,0,9,0,5,0,0,0,0,1,1,1,1,52,8,1242,1,3,3,1,3
201806K245899,2,5,0,18,0,8,0,0,0,0,1,1,2,1,56,9,645,1,19,2,1,2
201806K245926,1,9,0,18,0,8,0,0,0,0,4,1,6,1,19,4,1229,1,13,4,1,4
201806K245926,2,8,0,18,0,8,0,0,0,0,1,1,1,1,40,7,1997,2,10,7,1,7
201806K246081,1,9,0,5,0,4,0,0,0,0,4,1,6,3,-1,-1,1339,1,14,-1,-1,-1
201806K246081,2,9,0,9,0,4,0,0,0,0,1,1,6,2,33,6,1240,1,14,1,1,1
201806K246102,1,1,0,18,0,1,0,0,0,0,1,1,1,1,10,2,-1,-1,-1,-1,-1,-1
201806K246102,2,9,0,18,0,1,0,0,0,0,4,1,1,2,40,7,1560,2,5,7,1,7
201806K246180,1,9,0,18,0,0,0,0,0,0,1,1,1,1,42,7,999,1,4,3,1,3
201806K246191,1,9,0,6,0,0,0,0,0,0,4,1,1,1,32,6,2261,1,2,5,1,5
201806K246191,2,4,0,18,0,0,0,0,1,0,1,1,2,1,40,7,-1,-1,-1,1,1,1
201806K246270,1,9,0,9,0,8,0,0,0,0,1,1,6,2,36,7,1461,2,6,1,1,1
201806K246270,2,9,0,18,0,8,0,0,0,0,1,1,6,1,51,8,1968,2,1,4,1,4
201806K246328,1,3,0,18,0,0,1,0,0,0,0,1,6,1,18,4,-1,-1,-1,1,1,1
201806K246329,1,9,0,7,0,0,0,0,0,0,1,1,6,1,49,8,-1,-1,-1,10,1,10
201806K246329,2,9,0,15,0,0,1,10,0,0,1,1,6,2,35,6,1598,1,11,9,1,9
201806K246413,1,9,0,18,0,4,0,0,0,0,1,1,6,1,30,6,2926,2,13,9,1,9
201806K246413,2,9,0,9,0,8,0,0,0,0,4,1,6,1,31,6,1598,2,3,5,1,5
201806K246428,1,10,0,18,0,2,0,0,0,0,4,1,1,2,45,7,2198,2,8,1,1,1
201806K246429,1,9,0,7,0,8,0,0,0,0,2,1,1,1,29,6,1598,2,4,-1,-1,-1
201806K246429,2,1,0,18,0,8,0,0,0,0,4,1,6,1,47,8,-1,-1,-1,9,1,9
201806K246435,1,3,0,15,9,0,1,0,1,1,1,1,6,1,31,6,124,1,4,-1,-1,-1
201806K246522,1,90,0,1,0,0,0,0,0,0,2,1,6,1,43,7,-1,-1,-1,2,1,2
201806K246522,2,9,0,2,0,0,0,0,0,2,0,1,6,1,30,6,-1,-1,-1,-1,-1,-1
201806K246534,1,9,0,18,0,8,0,0,0,0,1,1,6,2,38,7,1396,1,18,-1,-1,-1
201806K246557,1,9,0,18,0,1,0,0,0,0,1,1,6,1,77,11,1798,8,1,8,1,8
201806K246600,1,9,0,1,0,2,0,0,0,0,2,1,6,3,-1,-1,-1,-1,-1,-1,-1,-1
201806K246666,1,9,0,7,0,1,0,0,0,0,1,1,6,1,61,9,1560,2,3,5,1,5
201806K246671,1,9,0,18,0,8,0,0,0,0,1,1,6,3,-1,-1,1968,2,4,-1,-1,-1
201806K246671,2,9,0,18,0,8,0,0,0,0,4,1,6,1,29,6,1461,2,2,1,1,1
201806K246791,1,9,0,13,0,8,0,0,0,0,4,1,6,3,-1,-1,-1,-1,-1,-1,-1,-1
201806K246791,2,9,0,18,0,8,0,0,0,0,3,1,2,1,39,7,1968,2,8,5,1,5
201806K246888,1,9,0,18,0,8,0,0,0,0,1,1,6,1,25,5,1390,1,7,3,1,3
201806K246888,2,9,0,18,0,8,0,0,0,0,1,1,6,2,37,7,1968,2,4,9,1,9
201806K246935,1,1,0,18,0,0,0,0,0,0,1,1,6,1,10,2,-1,-1,-1,-1,-1,-1
201806K246935,2,9,0,17,0,0,0,0,0,0,1,1,6,1,31,6,1968,2,5,9,1,9
201806K246974,1,9,0,1,0,5,0,0,0,0,2,1,6,3,-1,-1,1590,1,13,-1,-1,-1
201806K246974,2,19,0,9,0,5,0,0,0,0,1,1,6,1,55,8,2198,2,4,2,1,2
201806K247084,1,9,0,18,0,0,0,0,0,0,1,1,6,3,-1,-1,-1,-1,-1,-1,-1,-1
201806K247099,1,9,0,18,0,0,0,0,0,0,1,1,6,1,30,6,1999,1,12,1,1,1
201806K247099,2,9,0,10,0,0,0,0,0,0,2,1,6,1,41,7,1598,1,12,6,1,6
201806K247128,1,9,0,17,0,0,0,10,1,2,1,1,6,1,38,7,-1,-1,-1,3,1,3
201806K247157,1,9,0,7,0,6,0,0,0,0,1,1,6,3,-1,-1,1299,1,15,-1,-1,-1
201806K247157,2,9,0,18,0,8,0,0,0,0,4,1,6,2,76,11,1242,1,9,4,1,4
201806K247429,1,9,0,17,0,1,0,0,0,0,0,1,6,1,19,4,1197,1,4,2,1,2
201806K247441,1,9,0,18,0,8,0,0,0,0,3,1,6,1,30,6,1299,1,11,-1,-1,-1
201806K247441,2,9,0,9,0,5,0,0,0,0,1,1,1,1,53,8,1497,8,10,1,1,1
201806K247443,1,1,0,7,0,6,0,0,0,0,1,1,6,1,9,2,-1,-1,-1,2,1,2
201806K247443,2,9,0,18,0,8,0,0,0,0,4,1,6,2,22,5,998,1,3,10,1,10
201806K247471,1,9,0,9,7,7,5,10,1,1,1,1,6,1,42,7,-1,-1,-1,8,1,8
201806K247574,1,9,0,18,0,8,0,0,0,0,1,1,6,1,34,6,-1,3,3,8,1,8
201806K247574,2,19,0,18,0,8,0,0,0,0,2,1,1,1,32,6,1560,2,2,7,1,7
201806K247574,3,9,0,18,0,8,0,0,0,0,2,1,6,1,77,11,1339,1,8,4,1,4
201806K247611,1,9,0,18,0,1,0,0,0,0,1,1,6,1,30,6,1988,1,14,-1,-1,-1
201806K247611,2,9,0,3,0,1,0,0,0,0,2,1,6,2,50,8,1242,1,7,1,1,1
201806K247611,3,9,0,3,0,1,0,0,0,0,2,1,6,1,50,8,1796,1,10,10,1,10
201806K247611,4,11,0,2,0,1,0,0,0,0,3,1,1,1,50,8,4500,2,11,1,1,1
201806K247625,1,9,0,16,0,8,0,0,0,0,1,1,6,1,30,6,998,1,6,1,1,1
201806K247625,2,9,0,17,0,8,0,0,0,0,1,1,6,2,75,10,1242,1,1,2,1,2
201806K247840,1,9,0,18,0,0,0,0,0,0,3,1,6,3,30,6,1998,1,-1,-1,-1,-1
201806K247908,1,9,0,15,0,8,0,0,1,7,1,1,6,2,54,8,1686,2,7,3,1,3
201806K247908,2,9,0,18,0,8,0,0,0,0,1,1,6,1,28,6,1596,1,10,3,1,3
201806K247969,1,9,0,13,0,1,0,0,2,10,1,1,6,1,30,6,2000,1,8,-1,-1,-1
201806K247969,2,8,0,17,0,1,0,0,0,0,2,1,1,1,58,9,2402,2,12,4,1,4
201806K248071,1,9,0,16,0,0,2,0,0,0,3,1,6,1,20,4,1598,1,13,3,1,3
201806K248071,2,9,0,17,0,0,0,0,1,0,3,1,6,1,55,8,1461,2,1,9,1,9
201806K248079,1,9,0,9,0,8,0,0,0,0,1,1,3,2,38,7,1997,1,3,5,1,5
201806K248136,1,9,0,9,0,6,0,7,0,1,3,1,6,1,37,7,1598,1,18,-1,-1,-1
201806K248136,2,11,0,17,0,8,0,0,0,0,1,1,3,1,40,7,9000,2,5,-1,-1,-1
201806K248248,1,9,0,18,0,1,0,0,0,0,1,1,6,2,45,7,1796,1,16,2,1,2
201806K248282,1,1,0,18,0,1,0,0,0,6,2,1,6,1,30,6,-1,-1,-1,-1,-1,-1
201806K248282,2,1,0,18,0,1,0,0,0,0,1,1,6,3,12,3,-1,-1,-1,1,1,1
201806K248328,1,9,0,9,0,6,0,0,0,0,1,1,1,1,34,6,2231,2,12,2,1,2
201806K248328,2,5,0,18,0,8,0,0,0,0,1,1,2,1,30,6,592,1,29,1,1,1
201806K248337,1,9,0,18,0,6,0,0,0,0,3,1,6,1,30,6,1798,8,-1,-1,-1,-1
201806K248337,2,9,0,18,0,8,0,0,0,0,2,1,6,2,59,9,1398,2,7,3,1,3
201806K248342,1,5,0,18,0,0,0,0,1,0,1,1,6,1,35,6,599,1,20,3,1,3
201806K248342,2,90,0,18,0,0,0,0,0,0,0,1,6,1,56,9,-1,-1,-1,3,1,3
201806K248342,3,90,0,2,0,0,0,0,0,0,1,1,6,1,34,6,-1,-1,-1,1,1,1
201806K248380,1,9,0,9,0,6,0,0,0,0,1,1,6,1,30,6,1796,1,10,-1,-1,-1
201806K248380,2,1,0,18,0,8,5,0,0,0,1,1,6,1,44,7,-1,-1,-1,1,1,1
201806K248415,1,9,0,18,0,2,0,0,0,0,4,1,6,2,65,9,-1,-1,-1,9,1,9
201806K248455,1,9,0,18,0,8,0,0,0,0,1,1,6,1,18,4,1149,1,6,-1,-1,-1
201806K248455,2,9,0,18,0,6,0,4,0,0,3,1,6,1,56,9,1242,1,2,7,1,7
201806K248455,3,9,0,2,0,2,0,0,0,0,3,1,6,3,-1,-1,1598,2,1,-1,-1,-1
201806K248475,1,9,0,18,0,0,0,0,0,0,4,1,6,1,33,6,-1,-1,-1,3,2,3
201806K248475,2,1,0,18,0,0,0,0,0,0,1,1,6,1,61,9,-1,-1,-1,9,3,9
201806K248580,1,19,0,1,0,0,0,0,0,0,2,1,1,1,45,7,-1,-1,-1,1,1,1
201806K248635,1,9,0,18,0,6,0,0,0,0,3,1,6,2,54,8,1598,1,7,4,1,4
201806K248635,2,9,0,18,0,8,0,0,0,0,1,1,6,1,73,10,1461,2,2,1,1,1
201806K248635,3,9,0,2,0,1,0,0,0,0,0,1,6,1,52,8,2231,2,5,3,1,3
201806K248774,1,19,0,18,0,1,0,0,0,0,1,1,1,1,69,10,2198,2,10,7,1,7
201806K248774,2,11,0,4,0,1,0,0,0,0,2,1,1,2,44,7,9200,2,14,-1,-1,-1
201806K248777,1,9,0,9,0,6,0,0,0,0,1,1,6,2,30,6,1956,2,7,5,3,5
201806K248880,1,9,0,7,0,6,0,0,0,0,1,1,6,1,17,4,1398,1,-1,1,1,1
201806K248880,2,19,0,18,0,8,0,0,7,10,1,1,6,2,57,9,1560,2,7,2,1,2
201806K249243,1,9,0,9,0,2,0,0,0,0,1,1,6,1,41,7,-1,-1,-1,9,1,9
201806K249243,2,4,0,18,0,2,0,0,0,0,4,1,6,1,61,9,1255,1,10,6,1,6
201806K249294,1,9,0,7,0,1,0,0,0,0,4,1,6,1,76,11,1596,1,17,1,1,1
201806K249324,1,9,0,4,0,1,0,0,0,0,1,1,6,3,-1,-1,-1,-1,-1,-1,-1,-1
201806K249324,2,9,0,18,0,1,0,0,0,0,2,1,6,2,53,8,1242,1,4,3,1,3
201806K249425,1,9,0,4,0,0,0,0,0,0,1,1,6,2,30,6,1198,1,4,3,1,3
201806K249447,1,9,0,18,0,4,0,0,0,0,3,1,6,2,46,8,1560,2,3,10,1,10
201806K249447,2,1,0,18,0,8,0,0,0,0,1,1,6,2,55,8,-1,-1,-1,7,1,7
201806K249473,1,9,0,18,0,1,0,4,0,0,1,1,6,2,48,8,1598,2,4,-1,-1,-1
201806K249473,2,9,0,2,0,2,0,0,1,0,2,1,6,2,30,6,1242,1,-1,-1,-1,-1
201806K249504,1,9,0,18,0,0,0,0,0,0,4,1,6,1,32,6,1598,2,1,10,1,10
201806K249666,1,9,0,18,0,2,0,0,0,0,4,1,6,1,18,4,-1,-1,-1,5,1,5
201806K249666,2,9,0,2,0,2,0,0,0,0,1,1,6,1,30,6,1399,1,1,5,1,5
201806K249666,3,9,0,2,0,2,0,0,0,0,2,1,6,2,30,6,1984,1,3,5,1,5
201806K249777,1,90,0,18,0,2,0,0,0,0,1,1,6,1,30,6,-1,-1,-1,-1,-1,-1
201806K249832,1,9,0,18,0,6,0,0,0,0,1,1,6,3,30,6,1598,1,14,-1,-1,-1
201806K249832,2,9,0,18,0,8,0,0,0,0,1,1,6,2,61,9,1995,2,6,-1,-1,-1
201806K249851,1,9,0,9,0,8,0,0,0,0,1,1,6,2,30,6,-1,-1,-1,9,1,9
201806K249851,2,9,0,18,0,8,0,0,0,0,3,1,6,2,48,8,1198,1,5,-1,-1,-1
201806K250137,1,19,0,9,0,6,0,0,0,0,3,1,6,3,-1,-1,2500,2,11,-1,-1,-1
201806K250137,2,4,0,18,0,8,0,0,0,0,1,1,6,1,57,9,680,1,11,6,1,6
201806K250189,1,9,0,2,4,0,0,0,0,0,1,1,6,3,-1,-1,-1,-1,-1,-1,-1,-1
201806K250189,2,9,0,16,0,0,0,4,0,0,1,1,2,2,38,7,1998,1,15,-1,-1,-1
201806K250333,1,9,0,18,0,0,0,0,0,0,2,1,6,3,-1,-1,1984,1,15,-1,-1,-1
201806K250333,2,9,0,3,0,0,0,0,0,0,1,1,6,1,51,8,1596,1,2,5,1,5
201806K250425,1,9,0,7,0,1,0,0,0,0,4,1,6,1,30,6,1984,1,-1,-1,-1,-1
201806K250425,2,1,0,15,0,1,0,0,0,0,3,1,2,1,19,4,-1,-1,-1,1,1,1
201806K250528,1,9,0,18,0,2,0,0,0,0,1,1,6,2,20,4,-1,-1,-1,-1,-1,-1
201806K250628,1,9,0,4,0,0,0,0,0,0,1,1,1,1,30,6,1598,2,6,-1,-1,-1
201806K250628,2,9,0,4,0,0,0,0,0,0,2,1,6,1,40,7,1968,2,11,2,1,2
201806K250660,1,9,0,13,0,1,0,0,0,0,4,1,6,3,-1,-1,1596,1,15,-1,-1,-1
201806K250660,2,9,0,4,0,1,0,0,0,0,3,1,6,1,20,4,1200,1,4,1,1,1
201806K250704,1,9,0,9,0,6,0,0,0,0,1,1,6,1,88,11,1796,1,13,6,1,6
201806K250704,2,19,0,18,0,8,1,0,0,0,1,1,1,1,42,7,2198,2,2,2,1,2
201806K250704,3,11,0,18,0,1,0,0,0,0,3,1,1,1,44,7,6700,2,9,6,1,6
201806K250801,1,9,0,18,0,0,0,0,0,0,1,1,6,2,30,6,-1,-1,-1,-1,-1,-1
201806K250822,1,19,0,18,0,0,0,12,0,0,1,1,6,1,42,7,-1,-1,-1,3,1,3
201806K251000,1,3,0,18,0,8,0,0,0,0,1,1,6,1,19,4,125,1,6,3,1,3
201806K251000,2,9,0,3,0,5,0,0,0,0,3,1,1,1,74,10,-1,-1,-1,5,1,5
201806K251003,1,9,0,5,0,8,1,10,7,1,1,1,6,1,20,4,1124,1,11,2,1,2
201806K251003,2,9,0,18,0,8,1,10,7,10,1,1,6,1,31,6,1598,1,3,1,1,1
201806K251076,1,11,0,18,0,0,0,0,0,0,3,1,1,1,39,7,9200,2,13,8,3,8
201806K251131,1,9,0,18,0,2,0,0,0,0,1,1,6,1,61,9,-1,-1,-1,8,1,8
201806K251148,1,9,0,18,0,6,0,0,0,0,1,1,6,1,48,8,-1,-1,-1,1,1,1
201806K251148,2,9,0,18,0,6,0,0,0,7,0,1,6,1,48,8,1598,1,11,1,1,1
201806K251160,1,9,0,18,0,1,0,0,0,0,1,1,6,2,39,7,1995,2,12,2,1,2
201806K251160,2,9,0,3,0,1,0,0,0,0,2,1,2,1,40,7,-1,-1,-1,6,1,6
201806K251160,3,9,0,3,0,1,0,0,0,0,2,1,2,2,44,7,1598,2,2,2,1,2
201806K251202,1,9,0,18,0,0,0,0,0,2,1,1,6,2,21,5,998,1,-1,2,1,2
201806K251439,1,9,0,9,0,2,0,0,0,0,1,1,6,2,23,5,1995,2,4,-1,-1,-1
201806K251489,1,9,0,16,0,2,0,0,0,0,1,1,6,2,59,9,1686,2,7,10,1,10
201806K251489,2,9,0,16,0,2,0,0,0,0,2,1,6,2,50,8,1296,1,11,3,1,3
201806K251511,1,9,0,18,0,0,0,0,0,0,1,1,6,1,30,6,1968,2,12,-1,-1,-1
201806K251511,2,9,0,3,0,0,0,0,0,0,2,1,6,1,34,6,1596,1,10,2,1,2
201806K251630,1,9,0,18,0,0,0,0,0,0,4,1,6,1,27,6,1560,2,10,9,1,9
201806K251861,1,9,0,14,0,0,0,0,0,0,1,1,6,3,-1,-1,-1,-1,-1,-1,-1,-1
201806K251882,1,9,0,9,0,6,0,0,0,0,1,1,6,1,84,11,1498,1,-1,5,1,5
201806K251882,2,9,0,17,0,8,0,0,0,0,4,1,6,1,58,9,-1,-1,-1,6,1,6
201806K251882,3,9,0,2,0,1,0,0,0,0,3,1,6,2,51,8,1997,2,11,-1,-1,-1
201806K251906,1,9,0,9,0,5,0,0,0,0,4,1,6,1,28,6,1242,1,15,1,1,1
201806K251906,2,4,0,18,0,1,0,0,0,0,1,1,6,1,50,8,244,1,11,1,1,1
201806K252002,1,9,0,18,0,2,0,0,0,0,3,1,6,1,51,8,1997,2,7,5,1,5
201806K252380,1,9,0,18,0,2,0,0,0,0,2,1,6,1,30,6,-1,-1,-1,-1,-1,-1
201806K252380,2,9,0,18,0,2,0,0,0,0,1,1,6,2,26,6,998,1,10,2,1,2
201806K252445,1,9,0,1,0,6,0,0,0,0,2,1,6,1,78,11,1497,8,1,2,1,2
201806K336965,1,9,0,7,0,6,0,0,0,0,3,1,2,1,20,4,-1,-1,-1,2,1,2
201806K336965,2,9,0,14,0,8,0,0,7,0,3,1,6,1,27,6,1998,2,13,1,1,1
201806K338715,1,19,0,9,0,5,0,0,0,0,1,1,1,1,28,6,1461,2,2,6,1,6
201806K338889,1,9,0,14,0,0,0,0,0,0,4,1,6,1,69,10,1769,1,13,3,1,3
201806K338889,2,11,0,2,0,0,0,0,0,0,0,1,1,1,24,5,6700,2,9,5,1,5
201806K339111,1,9,0,18,0,7,0,0,0,0,1,1,6,1,33,6,-1,-1,-1,1,1,1
201806K339111,2,9,0,18,0,2,0,0,0,0,4,1,6,2,49,8,1242,1,7,9,1,9
201806K339133,1,9,0,9,0,8,0,0,0,0,1,1,2,2,51,8,1229,1,3,8,1,8
201806K339133,2,9,0,9,0,8,0,0,1,1,3,1,6,1,64,9,1248,1,8,5,1,5
201806K339342,1,9,0,9,0,6,0,0,0,0,3,1,1,1,47,8,1497,8,11,2,-1,2
201806K339369,1,9,0,18,0,8,0,0,0,0,1,1,6,1,26,6,1198,1,6,6,3,6
201806K339369,2,20,0,18,0,8,0,0,0,0,4,1,1,1,56,9,4462,2,5,7,1,7
201806K339446,1,9,0,18,0,8,0,0,0,0,4,1,6,2,53,8,1560,2,5,1,1,1
201806K339818,1,9,0,9,0,5,0,0,0,0,4,1,6,1,70,10,1395,1,4,5,1,5
201806K339818,2,5,0,18,0,8,0,0,0,0,1,1,6,1,32,6,-1,-1,-1,4,1,4
201806K340523,1,9,0,18,0,0,0,7,0,0,1,1,3,1,28,6,-1,-1,-1,3,1,3
201806K340573,1,3,0,16,0,0,0,0,7,10,1,1,6,1,14,3,-1,-1,-1,-1,-1,-1
201806K340577,1,4,0,15,0,0,0,0,7,10,3,1,6,1,49,8,599,1,18,3,1,3
201806K340577,2,9,0,18,0,0,0,0,0,0,1,1,6,1,26,6,1900,2,12,2,1,2
201806K340678,1,9,0,18,0,0,1,0,1,0,1,1,2,2,50,8,1396,2,6,-1,-1,-1
201806K340682,1,9,0,18,0,8,0,0,0,0,1,1,6,1,25,5,2171,1,17,1,1,1
201806K340682,2,9,0,10,0,8,0,0,0,0,2,1,6,1,24,5,1994,1,16,5,1,5
201806K340682,3,9,0,2,0,1,0,0,0,0,2,1,6,2,30,6,2143,2,1,-1,-1,-1
201806K340717,1,8,0,18,0,1,0,0,0,0,1,1,6,1,27,6,1896,2,9,2,1,2
201806K340982,1,9,0,5,0,6,0,0,0,0,1,1,6,2,43,7,1997,2,7,4,1,4
201806K340982,2,9,0,18,0,8,0,0,0,0,3,1,6,2,53,8,1596,1,4,2,1,2
201806K341239,1,9,0,18,0,0,0,0,0,0,1,1,6,2,20,4,1242,1,2,4,1,4
201806K341278,1,9,0,18,0,0,0,4,0,0,1,1,2,1,47,8,1753,2,9,2,1,2
201806K341278,2,9,0,2,0,0,0,0,0,0,1,1,6,1,53,8,-1,-1,-1,-1,-1,-1
201806K341278,3,9,0,2,0,0,0,0,0,0,1,1,6,2,63,9,1086,1,11,-1,-1,-1
201806K341301,1,19,0,18,0,0,0,0,0,0,1,1,6,1,35,6,1560,2,7,6,1,6
201806K341301,2,1,0,18,0,0,0,0,1,0,2,1,6,1,15,3,-1,-1,-1,2,1,2
201806K341301,3,1,0,18,0,0,0,0,1,0,2,1,6,1,14,3,-1,-1,-1,8,1,8
201806K341303,1,9,0,9,0,8,0,0,0,0,1,1,6,2,29,6,-1,-1,-1,2,1,2
201806K341303,2,9,0,18,0,8,0,0,0,0,1,1,6,2,70,10,-1,-1,-1,1,1,1
201806K341379,1,9,0,1,0,2,0,4,0,0,2,1,6,1,30,6,-1,-1,-1,-1,-1,-1
201806K341379,2,19,0,4,0,2,0,0,0,0,4,1,1,1,30,6,1995,2,1,-1,-1,-1
201806K341379,3,9,0,2,0,2,0,0,0,0,1,1,6,3,-1,-1,-1,-1,-1,-1,-1,-1
201806K341821,1,9,0,18,0,2,0,0,0,0,3,1,6,1,26,6,1598,2,3,1,1,1
201806K341838,1,9,0,9,0,8,0,0,0,0,1,1,6,1,82,11,1596,1,16,4,1,4
201806K341838,2,19,0,18,0,8,0,0,0,0,1,1,1,1,69,10,2198,2,5,1,1,1
201806K341841,1,9,0,1,0,8,0,0,0,0,2,1,6,1,30,6,-1,-1,-1,-1,-1,-1
201806K341886,1,9,0,18,0,8,0,0,0,0,3,1,6,2,29,6,1242,1,12,9,1,9
201806K342264,1,9,0,18,0,2,0,0,0,0,1,1,6,2,62,9,1598,2,7,3,1,3
201806K342264,2,9,0,15,0,1,0,0,0,0,3,1,6,1,31,6,1896,2,16,-1,2,-1
201806K342268,1,19,0,18,0,8,0,0,0,0,1,1,6,3,-1,-1,2402,2,7,-1,-1,-1
201806K342268,2,9,0,18,0,8,0,0,0,0,1,1,6,2,36,7,1560,2,7,2,1,2
201806K342350,1,9,0,18,0,8,0,0,7,10,1,1,6,1,30,6,1390,1,14,-1,-1,-1
201806K342350,2,9,0,18,0,8,0,0,0,0,3,1,6,1,79,11,1598,1,14,1,1,1
201806K342505,1,9,0,18,0,0,0,0,0,0,1,1,6,3,-1,-1,-1,-1,-1,-1,-1,-1
201806K342694,1,9,0,9,0,6,0,0,0,0,0,1,6,3,-1,-1,1968,2,5,-1,-1,-1
201806K342694,2,3,0,18,0,8,2,10,3,10,1,1,6,1,17,4,125,1,15,-1,-1,-1
201806K342711,1,4,0,17,0,0,0,0,1,0,1,1,6,1,32,6,124,1,11,1,1,1
201806K342711,2,9,0,2,0,0,0,0,0,0,1,1,6,3,-1,-1,1248,2,5,2,1,2
201806K342741,1,9,0,18,0,4,0,0,0,0,4,1,6,2,30,6,1984,1,14,-1,-1,-1
201806K342741,2,9,0,18,0,4,0,0,0,0,3,1,6,1,28,6,1590,1,13,2,1,2
201806K342809,1,9,0,18,0,0,0,0,1,2,1,1,6,1,72,10,998,1,9,2,1,2
201806K342908,1,9,0,9,0,8,0,0,0,0,3,1,2,1,34,6,998,1,3,7,1,7
201806K342908,2,90,0,18,0,8,0,0,0,0,1,1,2,1,19,4,594,1,8,2,1,2
201806K342914,1,19,0,14,0,0,0,0,0,0,1,1,2,1,46,8,1461,2,4,5,1,5
201806K342968,1,9,0,18,0,0,0,0,0,0,3,1,6,1,21,5,998,1,-1,1,1,1
201806K343387,1,9,0,4,0,1,0,0,0,0,1,1,1,2,45,7,1197,1,1,1,1,1
201806K343387,2,9,0,4,0,1,0,0,0,0,2,1,1,1,42,7,-1,-1,-1,1,1,1
201806K343490,1,5,0,18,0,8,1,0,1,0,1,1,6,1,34,6,1340,1,8,2,1,2
201806K343490,2,9,0,9,0,6,0,0,0,0,4,1,6,2,45,7,1956,2,4,9,1,9
201806K343524,1,20,0,6,0,5,0,0,0,0,4,1,6,3,31,6,-1,-1,-1,-1,-1,-1
201806K343524,2,4,0,18,0,8,0,0,0,0,1,1,6,1,43,7,1084,1,20,1,1,1
201806K343524,3,9,0,18,0,8,0,0,0,0,2,1,6,2,55,8,1242,1,1,10,1,10
201806K343593,1,9,0,18,0,2,0,0,0,0,1,1,6,3,-1,-1,-1,-1,-1,-1,-1,-1
201806K343593,2,1,0,18,0,2,0,0,0,0,1,1,6,1,25,5,-1,-1,-1,4,1,4
201806K343640,1,9,0,18,0,0,0,0,0,0,1,1,6,1,26,6,1388,1,10,1,1,1
201806K343640,2,9,0,18,0,0,1,10,8,10,3,1,6,2,21,5,1242,1,6,2,2,2
201806K343937,1,9,0,17,0,0,0,4,0,0,1,1,1,1,34,6,1896,2,17,-1,-1,-1
201806K343937,2,9,0,2,9,0,0,0,0,0,2,1,6,2,30,6,1149,1,7,-1,-1,-1
201806K343937,3,9,0,2,9,0,0,0,0,0,2,1,6,1,30,6,1986,2,13,-1,-1,-1
201806K343937,4,9,0,2,9,0,0,0,0,0,1,1,6,1,30,6,1582,2,3,-1,-1,-1
201806K343950,1,8,0,9,0,8,0,0,0,0,4,1,1,1,58,9,1497,8,11,2,1,2
201806K343950,2,9,0,18,0,8,0,0,0,0,1,1,6,2,61,9,1997,1,21,-1,-1,-1
201806K343962,1,19,0,5,0,8,0,0,0,0,1,1,1,1,55,8,-1,-1,-1,1,1,1
201806K343962,2,9,0,5,0,8,0,0,0,0,2,1,6,2,43,7,1997,1,9,3,1,3
201806K344085,1,9,0,9,0,6,0,0,0,0,4,1,2,2,29,6,1596,1,10,2,1,2
201806K344101,1,3,0,16,0,2,1,0,0,0,1,1,6,1,17,4,125,1,16,2,1,2