Accident_Index,Vehicle_Reference,Vehicle_Type,Towing_and_Articulation,Vehicle_Manoeuvre,Vehicle_Location-Restricted_Lane,Junction_Location,Skidding_and_Overturning,Hit_Object_in_Carriageway,Vehicle_Leaving_Carriageway,Hit_Object_off_Carriageway,1st_Point_of_Impact,Was_Vehicle_Left_Hand_Drive?,Journey_Purpose_of_Driver,Sex_of_Driver,Age_of_Driver,Age_Band_of_Driver,Engine_Capacity_(CC),Propulsion_Code,Age_of_Vehicle,Driver_IMD_Decile,Driver_Home_Area_Type,Vehicle_IMD_Decile
201806K344101,2,11,0,17,0,1,0,0,0,0,1,1,1,1,43,7,7300,2,12,-1,-1,-1
201806K344395,1,9,0,9,0,8,0,0,0,0,1,1,6,1,33,6,1995,2,13,2,1,2
201806K344395,2,9,0,18,0,8,0,0,0,0,1,1,6,1,74,10,1242,1,5,9,1,9
201806K344438,1,19,0,18,0,0,0,0,0,0,1,1,1,1,80,11,2287,2,7,8,1,8
201806K344699,1,9,0,7,0,5,0,0,0,0,4,1,6,1,68,10,999,1,3,-1,-1,-1
201806K344699,2,1,0,18,0,8,0,0,0,0,1,1,6,1,30,6,-1,-1,-1,-1,-1,-1
201806K344704,1,9,0,18,0,8,0,0,0,0,1,1,6,2,53,8,1396,1,10,1,1,1
201806K344704,2,9,0,18,0,8,0,0,1,0,4,1,6,2,34,6,1598,1,14,2,1,2
201806K344706,1,9,0,5,0,0,0,0,0,0,4,1,2,2,24,5,1560,2,8,3,1,3
201806K344820,1,9,0,9,0,8,0,0,0,0,1,1,6,1,33,6,1686,2,7,7,1,7
201806K344820,2,1,0,9,0,8,0,0,0,7,2,1,6,2,62,9,-1,-1,-1,4,1,4
201806K344896,1,9,0,18,0,0,0,0,0,0,4,1,6,1,54,8,1363,2,14,1,1,1
201806K344898,1,9,0,3,0,0,0,0,0,0,1,1,6,1,86,11,1686,2,7,8,1,8
201806K344898,2,9,0,4,0,0,0,0,0,0,2,1,2,1,42,7,2993,2,5,10,1,10
201806K344924,1,9,0,18,0,1,0,0,0,0,1,1,2,2,57,9,1461,2,5,5,1,5
201806K344999,1,9,0,18,0,0,0,0,0,0,4,1,6,1,23,5,1299,1,11,6,1,6
201806K344999,2,1,0,18,0,0,0,0,0,0,1,1,6,1,22,5,-1,-1,-1,1,1,1
201806K345033,1,9,0,18,0,0,0,0,0,0,1,1,2,2,25,5,1984,1,3,10,1,10
201806K345033,2,1,0,18,5,0,0,0,0,0,3,1,6,1,26,6,-1,-1,-1,7,1,7
201806K345132,1,9,0,18,0,0,0,4,0,0,1,1,3,2,37,7,1968,2,11,2,1,2
201806K345132,2,9,0,2,9,0,0,0,0,0,2,1,6,1,52,8,-1,-1,-1,5,1,5
201806K345207,1,9,0,18,0,1,0,0,0,0,4,1,6,2,27,6,1242,1,12,4,1,4
201806K345207,2,1,0,18,0,1,0,0,0,0,1,1,6,1,8,2,-1,-1,-1,2,1,2
201806K345278,1,9,0,1,0,0,0,0,0,0,2,1,1,1,30,6,1998,2,11,-1,-1,-1
201806K345360,1,9,0,18,0,1,0,0,0,0,1,1,2,1,27,6,1997,2,5,4,1,4
201806K345362,1,9,0,9,0,8,0,0,0,0,1,1,6,2,17,4,998,1,-1,8,-1,8
201806K345362,2,9,0,18,0,8,0,0,0,0,1,1,6,2,84,11,1198,1,4,9,2,9
201806K345739,1,21,1,18,0,4,0,0,0,0,4,1,1,1,54,8,12900,2,9,9,1,9
201806K345837,1,9,0,18,0,8,0,0,7,1,4,1,6,1,41,7,1242,1,16,2,1,2
201806K345837,2,9,0,18,0,8,0,0,0,0,1,1,6,1,27,6,1197,1,1,1,-1,1
201806K345911,1,9,0,18,9,0,0,0,0,0,4,1,6,3,-1,-1,1399,2,6,-1,-1,-1
201806K345911,2,1,0,18,0,0,0,0,1,0,3,1,6,1,55,8,-1,-1,-1,5,3,5
201806K346101,1,9,0,18,0,0,0,0,0,0,0,1,3,1,46,8,1968,2,8,4,1,4
201806K346381,1,1,0,16,0,0,0,0,0,0,4,1,6,1,55,8,-1,-1,-1,6,1,6
201806K346381,2,9,0,17,0,0,0,0,0,0,4,1,1,1,74,10,1598,1,6,2,1,2
201806K346564,1,9,0,18,0,0,0,0,0,0,1,1,6,1,56,9,999,1,-1,6,1,6
201806K346564,2,1,0,18,0,0,0,0,0,0,2,1,2,1,49,8,-1,-1,-1,3,1,3
201806K346606,1,9,0,18,0,8,0,0,0,0,1,1,6,2,84,11,998,1,1,5,1,5
201806K346606,2,19,0,2,0,1,0,0,0,0,3,1,6,3,-1,-1,2287,2,5,-1,-1,-1
201806K346606,3,9,0,18,0,8,0,0,0,0,1,1,6,1,27,6,1799,1,10,5,1,5
201806K346606,4,9,0,2,0,2,0,0,0,0,2,1,6,3,-1,-1,1599,1,10,-1,-1,-1
201806K347114,1,9,0,18,0,0,0,0,0,0,0,1,6,3,-1,-1,-1,-1,-1,-1,-1,-1
201806K347164,1,9,0,18,0,8,0,0,0,0,0,1,6,1,30,6,1997,2,12,6,1,6
201806K347233,1,4,0,18,0,0,0,0,0,0,1,1,6,1,80,11,347,1,45,1,1,1
201806K347233,2,4,0,4,0,0,0,0,0,0,2,1,6,1,81,11,169,1,1,3,1,3
201806K347233,3,9,0,3,0,0,0,0,0,0,2,1,2,1,61,9,1229,1,11,10,1,10
201806K347271,1,1,0,18,0,1,0,0,0,0,2,1,6,1,30,6,-1,-1,-1,5,1,5
201806K347271,2,9,0,7,0,6,0,0,0,0,1,1,6,3,-1,-1,1794,1,14,-1,-1,-1
201806K347336,1,9,0,18,0,1,0,0,0,0,1,1,6,1,33,6,1388,1,9,10,1,10
201806K347336,2,9,0,18,0,1,0,0,0,0,2,1,6,1,59,9,1497,8,10,3,1,3
201806K347384,1,9,0,18,0,8,0,0,0,0,3,1,6,2,48,8,1956,2,3,2,1,2
201806K347384,2,1,0,18,0,8,0,0,0,0,1,1,6,1,11,3,-1,-1,-1,-1,-1,-1
201806K347501,1,9,0,9,0,6,0,0,0,0,4,1,6,1,41,7,1753,2,10,8,1,8
201806K347501,2,9,0,18,0,8,0,0,0,0,2,1,6,1,31,6,1968,2,13,-1,-1,-1
201806K347501,3,9,0,10,0,1,0,0,0,0,1,1,6,1,69,10,1461,2,7,5,1,5
201806K347593,1,9,0,9,0,6,0,0,0,0,0,1,6,1,86,11,1685,2,1,8,1,8
201806K347605,1,3,0,18,0,0,0,0,0,0,1,1,6,1,30,6,-1,-1,-1,3,1,3
201806K347605,2,9,0,2,0,0,0,0,0,0,2,1,6,2,32,6,1968,2,6,3,1,3
201806K347689,1,9,0,7,0,6,0,0,0,0,1,1,6,1,33,6,1360,1,11,3,1,3
201806K347689,2,1,0,14,0,8,0,0,0,0,1,1,6,1,37,7,-1,-1,-1,1,1,1
201806K347706,1,9,0,18,0,6,0,0,0,0,1,1,6,3,-1,-1,1598,1,19,-1,-1,-1
201806K347706,2,9,0,18,0,8,0,0,0,0,3,1,1,1,48,8,-1,-1,-1,3,1,3
201806K347837,1,9,0,9,0,2,0,0,0,0,2,1,6,1,19,4,1598,2,5,9,1,9
201806K347837,2,4,0,18,0,1,0,0,0,0,1,1,6,1,68,10,-1,-1,-1,7,1,7
201806K347867,1,9,0,5,0,0,0,0,0,0,1,1,6,1,41,7,-1,-1,-1,3,1,3
201806K347926,1,9,0,9,0,1,0,0,0,0,1,1,6,3,-1,-1,-1,-1,-1,-1,-1,-1
201806K347926,2,4,0,18,0,1,0,0,0,0,4,1,6,1,52,8,-1,-1,-1,4,1,4
201806K348347,1,9,0,18,0,0,0,0,0,0,1,1,6,1,18,4,1596,1,11,-1,-1,-1
201806K348504,1,9,0,13,0,0,0,7,0,0,4,1,6,3,-1,-1,-1,-1,-1,-1,-1,-1
201806K348504,2,9,0,18,0,0,0,0,1,0,3,1,6,1,64,9,1398,1,2,1,1,1
201806K349601,1,9,0,18,0,1,0,0,0,0,3,1,6,1,24,5,1595,1,1,2,1,2
201806K349624,1,9,0,9,0,8,0,7,0,0,4,1,6,2,65,9,1197,1,8,2,1,2
201806K349624,2,9,0,18,0,8,0,7,0,0,1,1,6,1,35,6,2987,2,7,2,1,2
201806K349625,1,9,0,18,0,0,0,0,0,0,1,1,6,2,45,7,1968,2,8,8,1,8
201806K349625,2,9,0,2,0,0,0,10,1,4,2,1,6,2,17,4,1242,1,8,3,1,3
201806K349632,1,2,0,18,0,8,0,0,0,0,1,1,6,1,17,4,124,1,2,-1,-1,-1
201806K349632,2,9,0,9,0,8,0,0,0,0,4,1,6,2,58,9,1200,1,2,7,1,7
201806K349719,1,9,0,9,0,8,0,0,0,0,1,1,6,1,30,6,1995,2,-1,-1,-1,-1
201806K349719,2,3,0,4,0,8,0,0,0,0,3,1,2,1,21,5,124,1,2,-1,-1,-1
201806K349815,1,9,0,13,0,0,0,0,0,0,2,1,6,1,35,6,1781,1,28,4,1,4
201806K349815,2,9,0,18,0,0,0,0,0,0,1,1,6,1,50,8,2993,2,4,7,1,7
201806K349815,3,9,0,18,0,0,0,0,0,0,2,1,6,1,62,9,1597,1,3,6,1,6
201806K349923,1,90,0,18,0,8,0,0,0,0,1,1,6,1,76,11,-1,-1,-1,2,1,2
201806K349923,2,9,0,18,0,8,0,0,0,0,1,1,6,2,52,8,998,1,-1,7,1,7
201806K349973,1,9,0,18,0,1,0,0,0,0,4,1,6,3,-1,-1,-1,-1,-1,-1,-1,-1
201806K350059,1,9,0,17,0,0,0,0,0,0,1,1,6,1,30,6,1389,1,17,-1,-1,-1
201806K350059,2,9,0,2,0,0,0,0,0,0,3,1,6,2,30,6,1242,1,6,-1,-1,-1
201806K350088,1,9,0,3,0,8,0,0,0,0,0,1,2,1,30,6,-1,-1,-1,-1,-1,-1
201806K350088,2,9,0,14,0,8,0,0,0,0,4,1,2,1,51,8,1997,2,10,-1,-1,-1
201806K350088,3,9,0,14,0,8,0,0,0,0,1,1,2,1,30,6,1461,2,8,-1,-1,-1
201806K350159,1,9,0,18,0,0,0,0,0,0,1,1,6,1,25,5,1984,1,3,1,1,1
201806K350159,2,9,0,18,0,0,0,0,0,0,2,1,6,1,30,6,1998,1,14,9,1,9
201806K350159,3,9,0,18,0,0,0,0,0,0,1,1,6,1,25,5,1968,2,3,2,1,2
201806K350159,4,9,0,18,0,0,0,0,0,0,2,1,6,2,34,6,1364,2,3,2,1,2
201806K350358,1,20,0,12,0,1,1,0,0,1,1,1,1,1,39,7,10837,2,1,-1,-1,-1
201806K350358,2,19,0,4,0,1,0,0,0,0,2,1,1,1,40,7,1968,2,6,-1,-1,-1
201806K350358,3,9,0,4,0,1,0,0,0,0,2,1,1,1,31,6,1497,8,6,7,1,7
201806K350405,1,9,0,9,0,6,0,0,0,0,1,1,6,1,56,9,1197,1,-1,1,1,1
201806K350406,1,9,0,9,0,5,0,0,0,0,1,1,6,1,26,6,1149,1,7,-1,-1,-1
201806K350453,1,9,0,13,0,8,0,0,0,0,1,1,6,1,30,6,1950,2,2,1,1,1
201806K350453,2,9,0,9,0,8,0,0,0,0,3,1,6,2,35,6,1995,2,4,2,1,2
201806K350591,1,9,0,18,0,8,0,0,0,0,4,1,6,1,62,9,2157,2,1,1,1,1
201806K350591,2,11,0,18,0,8,0,0,0,0,1,1,1,1,54,8,6700,2,6,1,1,1
201806K350745,1,9,0,9,0,8,0,0,0,0,0,1,6,1,17,4,1198,1,11,3,1,3
201806K350892,1,9,0,9,0,8,0,0,0,0,1,1,6,1,30,6,-1,-1,-1,-1,-1,-1
201806K351147,1,9,0,18,0,2,0,7,0,1,1,1,6,1,84,11,2400,2,9,4,1,4
201806K351347,1,9,0,9,0,8,0,0,0,0,3,1,6,3,-1,-1,1595,2,8,-1,-1,-1
201806K351347,2,9,0,18,0,8,0,0,0,0,1,1,6,2,47,8,1998,2,10,7,1,7
201806K351392,1,9,0,9,0,1,0,0,0,0,3,1,1,1,28,6,1968,2,10,1,1,1
201806K351392,2,5,0,13,0,1,0,0,0,0,4,1,1,1,31,6,599,1,11,7,1,7
201806K351552,1,9,0,18,0,0,0,0,0,0,1,1,6,3,-1,-1,-1,-1,-1,-1,-1,-1
201806K351631,1,9,0,18,0,0,0,4,1,0,3,1,6,1,95,11,1339,1,11,7,1,7
201806K351631,2,9,0,2,0,0,0,0,0,0,2,1,6,2,44,7,995,1,12,4,1,4
201806K351663,1,9,0,6,0,1,5,0,0,0,3,1,3,2,28,6,1461,2,6,4,1,4
201806K351663,2,9,0,14,0,1,5,0,0,0,4,1,6,2,69,10,1598,1,9,10,1,10
201806K351738,1,9,0,18,0,0,0,0,1,10,1,1,6,1,50,8,1796,1,8,3,1,3
201806K351945,1,4,0,18,0,0,0,0,0,0,2,1,6,1,30,6,-1,-1,-1,-1,-1,-1
201806K351945,2,9,0,4,0,0,0,0,0,0,0,1,1,1,42,7,1339,8,8,1,1,1
201806K351953,1,9,0,18,0,1,0,0,0,0,3,1,6,1,41,7,1968,2,10,9,1,9
201806K351966,1,9,0,18,0,8,0,0,0,0,4,1,1,1,46,8,1896,2,13,2,1,2
201806K351966,2,9,0,18,0,8,0,0,0,1,1,1,6,1,30,6,1364,1,4,4,1,4
201806K351995,1,9,0,5,0,1,1,0,0,0,1,1,2,1,41,7,2231,2,10,3,1,3
201806K351995,2,9,0,5,0,1,1,0,0,0,4,1,6,1,54,8,1390,1,9,7,1,7
201806K352008,1,9,0,4,0,2,0,0,0,0,1,1,1,1,54,8,1598,1,12,2,1,2
201806K352152,1,9,0,1,0,6,0,0,0,0,2,1,6,1,30,6,-1,-1,-1,-1,-1,-1
201806K352152,2,9,0,3,0,1,0,0,0,0,4,1,6,2,63,9,1242,1,6,1,1,1
201806K447131,1,9,0,18,0,8,1,0,3,0,1,1,6,1,29,6,1998,1,16,-1,-1,-1
201806L138988,1,9,0,16,0,1,0,0,0,0,1,1,6,2,25,5,1229,1,3,2,1,2
201806L138988,2,9,0,4,0,1,0,0,0,0,2,1,6,2,65,9,1388,1,10,4,1,4
201806L139237,1,9,0,17,0,8,0,10,2,10,1,1,6,1,34,6,1242,1,11,1,1,1
201806L139511,1,9,0,16,0,0,1,0,1,4,4,1,6,1,25,5,1197,1,2,5,1,5
201806L139581,1,21,1,7,0,6,0,0,0,0,4,1,1,1,30,6,12902,2,-1,-1,-1,-1
201806L139581,2,9,0,8,0,6,0,0,0,0,3,1,1,2,25,5,1499,2,4,7,1,7
201806L139654,1,19,0,18,0,8,0,0,0,0,1,1,6,1,53,8,1461,2,7,8,2,8
201806L139909,1,9,0,18,0,1,0,0,0,0,1,1,6,1,30,6,1598,1,17,-1,-1,-1
201806L139909,2,9,0,3,0,1,0,0,0,0,2,1,1,1,54,8,2204,2,11,9,1,9
201806L139956,1,9,0,6,0,8,0,0,0,0,1,1,2,1,30,6,1339,1,14,-1,-1,-1
201806L139956,2,9,0,7,0,6,0,0,0,0,4,1,2,1,18,4,1198,1,4,7,1,7
201806L139994,1,9,0,18,0,0,0,0,0,0,1,1,2,1,28,6,1896,2,11,4,1,4
201806L139994,2,9,0,4,0,0,0,0,0,0,2,1,2,2,31,6,993,1,16,8,1,8
201806L139994,3,9,0,4,0,0,0,0,0,0,2,1,2,1,27,6,1198,1,4,1,1,1
201806L140001,1,9,0,17,0,2,0,0,0,0,1,1,6,3,-1,-1,-1,-1,-1,-1,-1,-1
201806L140015,1,9,0,6,0,8,0,0,0,0,1,1,6,1,30,6,1242,1,5,4,1,4
201806L140015,2,9,0,18,0,8,0,0,0,0,4,1,2,1,71,10,1997,2,9,7,1,7
201806L140057,1,9,0,9,0,6,0,0,0,0,3,1,6,1,30,6,1198,1,15,-1,-1,-1
201806L140057,2,9,0,18,0,8,0,0,0,0,1,1,1,1,33,6,1240,1,13,4,1,4
201806L140106,1,9,0,9,0,5,0,0,0,0,4,1,6,2,22,5,1197,1,1,6,1,6
201806L140106,2,9,0,18,0,8,0,0,0,0,1,1,6,2,58,9,1124,1,7,1,1,1
201806L140174,1,11,0,14,2,2,0,0,0,0,3,1,1,1,30,6,-1,-1,-1,-1,-1,-1
201806L140174,2,9,0,10,0,1,0,0,0,0,3,1,6,2,26,6,1229,1,11,8,1,8
201806L140194,1,19,0,4,0,6,1,0,0,0,0,1,6,3,-1,-1,-1,-1,-1,-1,-1,-1
201806L140194,2,9,0,18,0,8,0,0,0,0,3,1,6,2,69,10,-1,-1,-1,9,2,9
201806L140194,3,9,0,10,0,8,0,0,0,0,3,1,6,1,63,9,-1,-1,-1,7,1,7
201806L140222,1,9,0,18,0,1,0,0,0,0,3,1,6,1,56,9,1995,2,8,6,1,6
201806L140222,2,1,0,7,0,8,0,0,0,0,1,1,6,1,13,3,-1,-1,-1,6,1,6
201806L140418,1,9,0,5,0,0,0,0,0,0,1,1,6,2,54,8,1560,2,7,-1,-1,-1
201806L140483,1,9,0,4,0,1,5,0,7,10,1,1,6,1,63,9,1598,1,7,2,1,2
201806L140483,2,9,0,3,0,1,0,0,0,0,2,1,2,2,25,5,1229,1,4,-1,-1,-1
201806L140542,1,9,0,18,0,0,1,0,0,0,1,1,6,2,53,8,4398,1,14,8,1,8
201806L140542,2,9,0,4,0,0,0,0,0,0,2,1,6,1,19,4,998,1,7,6,1,6
201806L140648,1,8,0,9,0,2,0,0,0,0,3,1,6,1,30,6,-1,-1,-1,-1,-1,-1
201806L140656,1,9,0,18,0,8,0,0,0,0,1,1,6,3,-1,-1,1796,1,9,-1,-1,-1
201806L140656,2,9,0,18,0,8,0,0,0,0,3,1,6,1,31,6,999,1,1,-1,-1,-1
201806L140674,1,9,0,18,0,0,0,0,0,0,1,1,6,2,59,9,1461,2,3,8,1,8
201806L140880,1,19,0,18,0,0,0,10,0,0,1,1,6,1,33,6,1461,2,7,5,1,5
201806L140954,1,9,0,9,0,6,0,0,0,0,3,1,6,1,77,11,1296,1,10,5,1,5
201806L140954,2,5,0,18,0,1,0,0,0,0,1,1,6,1,19,4,689,1,4,5,1,5
201806L140961,1,9,0,18,0,0,5,4,0,0,1,1,6,1,47,8,1995,2,10,1,1,1
201806L140961,2,9,0,2,0,0,0,0,1,0,1,1,6,3,-1,-1,1396,2,8,-1,-1,-1
201806L140985,1,9,0,16,0,0,1,4,7,10,1,1,6,1,28,6,1595,1,11,3,1,3
201806L140985,2,9,0,2,0,0,0,0,0,0,4,1,6,1,49,8,1997,2,10,-1,-1,-1
201806L141046,1,9,0,9,0,5,0,0,0,0,1,1,2,1,62,9,-1,-1,-1,5,1,5
201806L141046,2,3,0,18,0,8,0,0,0,0,3,1,6,1,39,7,999,1,7,5,1,5
201806L141046,3,9,0,18,0,8,0,0,0,0,1,1,6,2,30,6,999,1,1,4,1,4
201806L141185,1,9,0,4,0,1,0,0,0,0,1,1,6,2,63,9,1149,1,13,1,1,1
201806L141377,1,9,0,18,0,6,0,0,0,0,1,1,6,2,49,8,2597,1,15,3,1,3
201806L141377,2,9,0,18,0,8,0,0,0,0,4,1,6,1,44,7,1560,2,6,4,1,4
201806L141418,1,9,0,17,0,2,0,0,0,0,1,1,2,1,49,8,1896,2,10,1,1,1
201806L141504,1,9,0,4,0,2,0,0,0,0,3,1,6,1,37,7,1598,1,11,10,1,10
201806L141504,2,1,0,18,0,2,0,0,0,0,4,1,2,1,38,7,-1,-1,-1,8,1,8
201806L141620,1,9,0,18,0,1,0,0,0,0,4,1,6,1,30,6,2179,2,7,-1,-1,-1
201806L141620,2,9,0,18,0,1,0,0,0,0,1,1,6,2,42,7,-1,-1,-1,3,1,3
201806L141788,1,9,0,18,0,1,0,0,0,0,1,1,6,2,23,5,1229,1,8,3,1,3
201806L141798,1,9,0,18,0,8,0,0,1,0,3,1,6,1,73,10,1242,1,9,1,1,1
201806L141798,2,9,0,18,0,8,0,0,0,0,3,1,6,1,34,6,999,1,-1,8,1,8
201806L141811,1,9,0,7,0,6,0,0,0,0,3,1,6,1,74,10,1584,1,13,-1,-1,-1
201806L141936,1,9,0,7,0,8,0,0,0,0,1,1,6,1,30,6,998,1,14,-1,-1,-1
201806L141936,2,19,0,5,0,8,0,0,0,0,1,1,1,1,45,7,1248,2,6,2,1,2
201806L142006,1,9,0,6,0,2,0,0,1,0,3,1,6,1,20,4,998,1,1,2,1,2
201806L142006,2,3,0,18,0,1,0,0,1,0,1,1,6,1,30,6,-1,-1,-1,-1,-1,-1
201806L142034,1,19,0,9,0,8,0,0,0,0,1,1,6,1,34,6,1995,2,8,2,1,2
201806L142084,1,9,0,18,0,8,1,10,1,0,3,1,2,2,52,8,1149,1,7,1,1,1
201806L142084,2,9,0,18,0,8,0,0,0,0,1,1,6,1,44,7,1781,1,17,2,1,2
201806L142255,1,5,0,18,0,0,1,0,1,0,4,1,2,1,31,6,997,1,22,1,1,1
201806L142278,1,9,0,16,7,1,0,0,0,0,1,1,6,2,30,6,1753,2,12,-1,-1,-1
201806L142278,2,9,0,3,0,1,0,0,0,0,2,1,6,1,68,10,1968,2,9,-1,-1,-1
201806L142509,1,19,0,18,0,2,0,0,0,0,4,1,6,1,56,9,1868,2,13,7,1,7
201806L142743,1,9,0,18,0,2,0,0,0,0,3,1,6,1,26,6,1329,1,9,1,1,1
201806L142772,1,9,0,18,0,0,0,0,0,0,3,1,6,1,30,6,2143,2,2,-1,-1,-1
201806L142861,1,9,0,16,0,0,2,0,0,0,1,1,1,2,25,5,1229,1,12,9,1,9
201806L142861,2,9,0,17,0,0,0,0,0,0,1,1,6,1,63,9,1398,1,3,5,1,5
201806L143100,1,9,0,2,0,0,0,0,0,0,0,1,6,1,52,8,2967,1,18,2,1,2
201806L143100,2,1,0,18,0,0,0,8,0,0,1,1,6,1,48,8,-1,-1,-1,1,1,1
201806L143233,1,9,0,18,0,1,0,0,0,0,1,1,6,2,30,6,1686,2,14,-1,-1,-1
201806L143233,2,9,0,3,0,1,0,0,0,0,2,1,6,2,52,8,2400,2,5,10,1,10
201806L143341,1,5,0,14,0,8,0,0,0,0,1,1,6,1,53,8,647,1,22,3,1,3
201806L143341,2,9,0,9,0,8,0,0,0,0,3,1,6,1,39,7,1956,2,9,4,1,4
201806L143597,1,9,0,18,0,1,0,0,0,0,4,1,6,2,78,11,-1,-1,-1,5,1,5
201806L143632,1,5,0,4,0,8,0,0,0,0,1,1,6,1,27,6,600,1,4,5,1,5
201806L143632,2,9,0,5,0,6,0,0,0,0,3,1,6,1,33,6,1399,2,7,-1,-1,-1
201806L143709,1,9,0,18,0,6,0,0,0,0,1,1,6,2,39,7,1995,2,7,2,1,2
201806L143709,2,9,0,18,0,8,0,0,0,0,0,1,2,2,20,4,998,1,7,8,1,8
201806L143799,1,9,0,18,0,8,0,0,0,0,1,1,6,1,22,5,-1,-1,-1,4,1,4
201806L143799,2,9,0,18,0,8,0,0,0,0,2,1,2,1,54,8,1240,1,8,5,1,5
201806L143988,1,9,0,18,0,2,0,0,0,0,1,1,6,2,23,5,1461,2,5,9,2,9
201806L143988,2,9,0,3,0,2,0,0,0,0,2,1,6,2,56,9,1586,1,2,7,1,7
201806L143988,3,9,0,3,0,2,0,0,0,0,2,1,6,1,33,6,1598,2,3,1,1,1
201806L143999,1,9,0,18,0,0,0,0,0,0,1,1,6,1,33,6,1995,2,13,3,1,3
201806L143999,2,19,0,18,0,0,0,0,0,0,3,1,6,1,21,5,2198,2,3,3,1,3
201806L143999,3,9,0,18,0,0,0,0,0,0,1,1,6,1,45,7,1995,2,3,3,2,3
201806L144363,1,9,0,5,0,6,0,0,0,0,1,1,6,2,30,6,-1,-1,-1,-1,-1,-1
201806L144363,2,9,0,18,0,8,1,0,0,0,4,1,6,2,44,7,999,1,4,10,1,10
201806L144484,1,9,0,5,0,6,0,0,0,0,1,1,6,2,30,6,1498,1,2,-1,-1,-1
201806L144799,1,9,0,18,0,2,0,0,0,0,1,1,2,1,42,7,1995,2,2,1,1,1
201806L145073,1,9,0,18,0,8,0,0,0,0,1,1,6,1,-1,-1,1896,2,12,-1,-1,-1
201806L145073,2,1,0,18,0,3,0,0,0,0,1,1,6,1,50,8,-1,-1,-1,3,1,3
201806L145213,1,9,0,6,0,8,0,0,0,0,3,1,6,1,49,8,-1,-1,-1,3,1,3
201806L145213,2,1,0,18,0,8,0,0,0,0,1,1,6,1,52,8,-1,-1,-1,7,1,7
201806L145323,1,9,0,18,0,6,0,0,0,0,1,1,6,1,49,8,1364,1,2,1,1,1
201806L145323,2,9,0,18,0,8,0,0,0,0,1,1,6,1,71,10,-1,-1,-1,1,1,1
201806L145389,1,9,0,9,0,8,0,0,0,0,1,1,6,2,30,6,-1,-1,-1,-1,-1,-1
201806L145389,2,2,0,18,0,8,2,0,0,0,1,1,6,1,16,4,49,1,17,1,1,1
201806L145393,1,9,0,18,0,2,1,0,7,5,1,1,6,1,33,6,1242,1,11,7,2,7
201806L145393,2,8,0,2,0,2,0,0,0,0,1,1,6,1,51,8,2231,2,9,10,1,10
201806L145400,1,9,0,1,9,0,0,0,0,0,1,1,6,1,47,8,-1,-1,-1,9,1,9
201806L145405,1,9,0,18,0,0,0,0,0,0,1,1,6,1,23,5,3628,2,8,-1,-1,-1
201806L145405,2,1,0,18,0,0,0,0,0,0,2,1,6,1,16,4,-1,-1,-1,-1,-1,-1
201806L145410,1,9,0,17,0,0,0,0,1,2,1,1,6,2,54,8,1086,1,11,3,1,3
201806L145420,1,9,0,18,0,8,0,0,0,0,1,1,2,1,63,9,-1,-1,-1,5,1,5
201806L145420,2,9,0,3,0,8,0,0,0,0,2,1,2,1,63,9,-1,-1,-1,2,1,2
201806L145420,3,9,0,3,0,8,0,0,0,0,2,1,6,1,63,9,1229,1,10,1,1,1
201806L145445,1,9,0,18,0,8,0,0,0,0,1,1,6,1,49,8,-1,-1,-1,3,1,3
201806L145445,2,21,1,10,0,8,0,0,0,0,1,1,1,2,24,5,-1,-1,-1,9,1,9
201806L145448,1,19,0,18,0,0,0,0,0,0,1,1,6,1,30,6,-1,-1,-1,1,1,1
201806L145525,1,9,0,18,0,8,0,0,1,10,1,1,6,1,18,4,999,1,2,6,1,6
201806L145525,2,9,0,9,0,8,0,4,0,0,2,1,6,1,20,4,1242,1,12,7,1,7
201806L145525,3,9,0,2,0,1,0,0,0,0,3,1,6,1,24,5,999,1,1,7,1,7
201806L145623,1,9,0,15,0,8,0,0,0,0,1,1,6,3,-1,-1,-1,-1,-1,-1,-1,-1
201806L145623,2,9,0,14,0,8,0,0,0,0,1,1,2,1,57,9,1997,2,8,9,1,9
201806L145633,1,2,0,18,0,0,0,0,0,0,0,1,6,1,30,6,-1,-1,-1,-1,-1,-1
201806L145643,1,9,0,18,0,8,0,0,0,0,1,1,6,1,35,6,1910,2,10,2,1,2
201806L145643,2,9,0,3,0,8,0,0,0,0,1,1,6,1,72,10,1199,1,14,2,1,2
201806L145643,3,9,0,3,0,8,0,0,0,0,2,1,6,1,30,6,1896,2,14,-1,-1,-1
201806L145659,1,9,0,16,0,0,0,0,0,0,1,1,2,1,58,9,2148,2,9,10,1,10
201806L145659,2,11,0,17,0,0,0,0,0,0,1,1,1,1,70,10,9200,2,9,1,1,1
201806L145903,1,9,0,10,0,6,0,0,0,0,4,1,6,2,30,6,-1,-1,-1,-1,-1,-1
201806L145903,2,1,0,15,0,6,0,0,0,0,3,1,4,1,13,3,-1,-1,-1,3,1,3
201806L145957,1,9,0,3,0,1,0,0,0,0,2,1,6,1,54,8,1197,1,4,-1,-1,-1
201806L145957,2,9,0,3,0,1,0,0,0,0,2,1,6,2,19,4,1242,1,6,4,1,4
201806L145957,3,9,0,18,0,1,0,0,0,0,1,1,6,1,30,6,-1,-1,-1,-1,-1,-1
201806L146024,1,9,0,16,0,0,0,0,0,0,1,1,6,1,59,9,1398,2,15,4,1,4