Accident_Index,Vehicle_Reference,Vehicle_Type,Towing_and_Articulation,Vehicle_Manoeuvre,Vehicle_Location-Restricted_Lane,Junction_Location,Skidding_and_Overturning,Hit_Object_in_Carriageway,Vehicle_Leaving_Carriageway,Hit_Object_off_Carriageway,1st_Point_of_Impact,Was_Vehicle_Left_Hand_Drive?,Journey_Purpose_of_Driver,Sex_of_Driver,Age_of_Driver,Age_Band_of_Driver,Engine_Capacity_(CC),Propulsion_Code,Age_of_Vehicle,Driver_IMD_Decile,Driver_Home_Area_Type,Vehicle_IMD_Decile
201806L146042,1,1,0,7,0,2,0,4,0,0,1,1,6,1,29,6,-1,-1,-1,10,2,10
201806L146042,2,9,0,10,0,2,0,0,0,0,3,1,6,2,49,8,1395,1,1,10,2,10
201806L146042,3,9,0,2,0,2,0,0,0,0,3,1,6,2,26,6,1685,2,5,10,2,10
201806L146046,1,9,0,18,0,2,0,0,0,0,1,1,6,1,30,6,-1,-1,-1,-1,-1,-1
201806L146057,1,1,0,18,0,2,0,0,0,0,1,1,6,1,16,4,-1,-1,-1,1,1,1
201806L146057,2,9,0,18,0,2,0,0,0,0,1,1,6,2,27,6,1364,1,12,2,1,2
201806L146224,1,9,0,18,0,1,0,10,1,1,4,1,6,2,17,4,1124,1,13,2,2,2
201806L146242,1,21,0,9,0,5,0,0,0,0,1,1,1,1,48,8,-1,-1,-1,5,1,5
201806L146242,2,1,0,18,0,8,0,0,0,0,3,1,6,1,47,8,-1,-1,-1,2,1,2
201806L146339,1,9,0,18,0,2,0,0,0,0,4,1,6,3,-1,-1,1796,1,15,-1,-1,-1
201806L146339,2,9,0,18,0,2,0,0,0,0,3,1,6,2,58,9,2231,2,4,6,1,6
201806L146373,1,9,0,7,0,8,0,0,0,0,4,1,6,3,30,6,-1,-1,-1,-1,-1,-1
201806L146373,2,1,0,18,0,8,0,0,0,0,1,1,1,1,53,8,-1,-1,-1,8,1,8
201806L146782,1,9,0,14,0,0,0,0,0,0,1,1,6,1,30,6,1242,1,15,-1,-1,-1
201806L146877,1,9,0,18,0,1,0,0,0,0,4,1,6,1,64,9,2996,1,6,9,1,9
201806L146884,1,9,0,5,0,6,0,0,0,0,1,1,6,2,27,6,1229,1,11,8,1,8
201806L146884,2,5,0,18,0,8,0,0,0,0,4,1,1,1,50,8,-1,-1,-1,5,1,5
201806L146899,1,9,0,4,0,1,0,0,0,0,1,1,6,3,-1,-1,-1,-1,-1,-1,-1,-1
201806L146899,2,9,0,3,0,1,0,0,0,0,2,1,6,2,32,6,1461,2,3,2,1,2
201806L146906,1,4,0,6,0,2,1,0,0,0,1,1,6,1,38,7,498,1,18,1,1,1
201806L146906,2,9,0,3,0,1,0,0,0,0,0,1,1,2,36,7,-1,-1,-1,4,1,4
201806L146906,3,9,0,18,0,8,0,0,0,0,4,1,6,1,75,10,1798,8,1,10,1,10
201806L146961,1,9,0,4,0,1,0,0,0,0,1,1,1,1,62,9,-1,-1,-1,2,1,2
201806L146961,2,9,0,4,0,1,0,0,0,0,1,1,2,1,33,6,-1,-1,-1,7,1,7
201806L146961,3,9,0,4,0,1,0,0,0,0,2,1,2,2,26,6,1685,2,5,2,1,2
201806L146991,1,9,0,18,0,1,0,0,0,0,1,1,6,1,30,6,998,1,23,-1,-1,-1
201806L146991,2,9,0,18,0,1,0,0,0,0,2,1,6,2,30,6,1242,1,5,-1,-1,-1
201806L147041,1,9,0,18,0,6,0,0,0,0,3,1,6,1,27,6,1242,1,6,4,1,4
201806L147041,2,9,0,18,0,8,0,7,4,0,1,1,6,1,60,9,1997,2,12,1,1,1
201806L147221,1,8,0,5,0,1,0,0,0,0,3,1,1,1,30,6,2148,2,9,-1,-1,-1
201806L147221,2,9,0,11,0,1,0,0,0,0,1,1,6,3,30,6,-1,-1,-1,-1,-1,-1
201806L147234,1,9,0,12,0,2,0,0,0,0,1,1,6,1,34,6,1395,1,4,2,1,2
201806L147234,2,9,0,18,0,2,0,0,0,0,1,1,6,2,62,9,2494,8,1,9,1,9
201806L147256,1,9,0,5,0,4,0,0,0,0,1,1,6,1,30,6,1796,1,14,-1,-1,-1
201806L147256,2,1,0,18,0,8,0,0,0,0,4,1,6,1,36,7,-1,-1,-1,3,1,3
201806L147416,1,9,0,17,0,0,0,0,0,0,1,1,6,2,30,6,2000,2,13,2,1,2
201806L147416,2,9,0,3,0,0,0,0,0,0,2,1,6,1,59,9,1796,1,11,8,1,8
201806L147465,1,11,0,9,0,6,0,0,0,0,3,1,1,3,30,6,-1,-1,-1,-1,-1,-1
201806L147465,2,9,0,17,0,8,0,0,0,0,3,1,1,1,25,5,1586,1,2,-1,-1,-1
201806L147597,1,3,0,13,0,8,0,0,0,0,1,1,6,1,24,5,124,1,14,6,2,6
201806L147597,2,9,0,9,0,5,0,0,0,0,3,1,6,2,35,6,1685,2,2,5,1,5
201806L147861,1,21,0,4,0,1,0,0,0,0,1,1,1,1,44,7,10837,2,-1,2,1,2
201806L147861,2,9,0,3,0,1,0,0,0,0,2,1,6,1,29,6,1582,2,7,7,1,7
201806L147861,3,9,0,3,0,1,0,0,0,0,2,1,6,1,77,11,-1,-1,-1,-1,-1,-1
201806L147927,1,9,0,17,0,1,0,0,0,0,1,1,2,1,25,5,2521,1,9,1,1,1
201806L147954,1,9,0,1,0,1,0,0,0,0,2,1,6,3,-1,-1,-1,-1,-1,-1,-1,-1
201806L147972,1,11,0,4,0,8,0,0,0,0,1,1,1,1,36,7,6700,2,3,2,-1,2
201806L147972,2,9,0,4,0,8,0,0,0,0,2,1,6,1,30,6,3226,2,17,-1,-1,-1
201806L148060,1,21,0,3,0,8,0,0,0,0,1,1,1,1,24,5,10677,2,1,1,1,1
201806L148160,1,9,0,17,0,6,0,0,0,0,3,1,6,1,75,10,998,1,12,9,1,9
201806L148271,1,9,0,18,0,0,0,0,0,0,1,1,6,1,35,6,1997,2,13,3,1,3
201806L148308,1,9,0,5,0,2,0,0,0,0,1,1,6,1,30,6,-1,-1,-1,-1,-1,-1
201806L148536,1,9,0,18,0,0,0,0,0,0,4,1,1,2,42,7,2179,2,5,-1,-1,-1
201806L149057,1,9,0,3,0,1,0,0,0,0,4,1,6,3,-1,-1,2995,8,2,-1,-1,-1
201806L149070,1,9,0,3,0,1,0,0,0,0,1,1,6,2,82,11,-1,-1,-1,1,1,1
201806L149070,2,9,0,3,0,1,0,0,0,0,2,1,6,2,65,9,2231,2,2,2,1,2
201806L149126,1,9,0,18,0,1,0,0,0,0,1,1,2,2,26,6,1149,1,4,-1,-1,-1
201806L149126,2,9,0,4,0,1,0,0,0,0,2,1,6,2,34,6,1796,1,15,-1,-1,-1
201806L149126,3,9,0,3,0,1,0,0,0,0,2,1,6,1,27,6,1339,1,9,3,1,3
201806L149188,1,90,0,18,0,8,0,0,0,0,1,1,2,1,30,6,-1,-1,-1,-1,-1,-1
201806L149188,2,1,0,18,0,8,0,0,0,0,4,1,2,1,46,8,-1,-1,-1,7,1,7
201806L149233,1,9,0,13,0,8,0,0,0,0,1,1,6,3,-1,-1,1598,1,10,-1,-1,-1
201806L149233,2,9,0,18,0,8,0,0,0,0,2,1,6,2,27,6,1390,1,16,5,1,5
201806L149283,1,19,0,9,0,5,0,0,0,0,1,1,1,1,33,6,1998,2,14,2,1,2
201806L149283,2,5,0,18,0,8,0,0,0,0,1,1,6,1,64,9,865,1,4,3,1,3
201806L149501,1,9,0,18,0,4,0,0,0,0,1,1,6,3,-1,-1,-1,-1,-1,-1,-1,-1
201806L149501,2,9,0,18,0,4,0,0,0,0,2,1,6,2,21,5,1242,1,9,1,1,1
201806L149518,1,9,0,9,0,6,0,0,0,0,1,1,6,3,-1,-1,1989,1,18,-1,-1,-1
201806L149518,2,9,0,18,0,8,0,0,0,0,3,1,1,1,43,7,1596,1,10,2,1,2
201806L149733,1,9,0,18,0,4,0,0,1,0,1,1,6,1,84,11,1339,1,9,8,1,8
201806L149733,2,9,0,9,0,8,0,0,0,0,4,1,6,2,42,7,1086,1,10,9,1,9
201806L149842,1,1,0,14,0,8,0,0,7,0,4,1,6,1,10,2,-1,-1,-1,8,1,8
201806L149842,2,9,0,9,0,8,0,0,7,0,3,1,2,1,53,8,998,1,2,9,1,9
201806L149872,1,9,0,9,0,6,0,0,0,0,0,1,6,2,30,6,1598,1,9,-1,-1,-1
201806L149872,2,4,0,18,0,1,0,0,0,0,0,1,6,1,51,8,-1,-1,-1,9,3,9
201806L150093,1,9,0,18,0,0,0,0,0,0,4,1,6,3,-1,-1,-1,-1,-1,-1,-1,-1
201806L150093,2,9,0,2,0,0,0,0,0,0,3,1,6,2,31,6,1560,2,11,1,1,1
201806L150160,1,9,0,9,0,8,0,0,0,0,1,1,6,1,55,8,1896,2,8,2,1,2
201806L150502,1,9,0,8,0,6,0,0,0,0,1,1,1,1,27,6,-1,-1,-1,-1,-1,-1
201806L150502,2,1,0,18,0,1,0,0,0,0,4,1,6,1,51,8,-1,-1,-1,-1,-1,-1
201806L150651,1,9,0,18,0,0,0,0,0,0,1,1,6,1,30,6,-1,-1,-1,-1,-1,-1
201806L150651,2,9,0,3,0,0,0,0,0,0,2,1,2,1,72,10,2199,1,24,9,1,9
201806L150666,1,9,0,18,0,2,0,0,0,0,1,1,6,1,51,8,1596,1,5,8,-1,8
201806L150666,2,9,0,7,0,6,0,0,0,0,3,1,6,2,18,4,899,1,4,9,1,9
201806L150694,1,3,0,7,0,8,0,0,0,0,1,1,6,1,42,7,124,1,15,3,1,3
201806L150694,2,8,0,18,0,8,0,0,0,0,4,1,6,2,49,8,-1,-1,-1,3,1,3
201806L150732,1,9,0,4,0,2,0,0,0,0,2,1,1,1,71,10,1329,1,2,10,1,10
201806L150732,2,9,0,18,0,2,0,0,0,0,1,1,6,1,19,4,1388,1,14,6,1,6
201806L150738,1,9,0,18,0,0,1,0,7,10,1,1,2,1,17,4,998,1,6,7,1,7
201806L150826,1,9,0,11,0,1,0,0,0,0,1,1,2,2,31,6,1200,1,1,9,1,9
201806L150826,2,9,0,18,0,1,0,0,0,0,3,1,2,1,40,7,-1,-1,-1,8,1,8
201806L150928,1,9,0,9,0,6,0,0,0,0,1,1,6,3,-1,-1,1560,2,8,-1,-1,-1
201806L150928,2,9,0,9,0,6,0,0,0,0,2,1,6,1,49,8,1796,1,16,1,1,1
201806L151118,1,1,0,18,0,0,0,0,0,0,1,1,6,1,55,8,-1,-1,-1,1,1,1
201806L151167,1,9,0,18,0,8,0,0,0,0,0,1,6,1,37,7,1560,2,6,7,1,7
201806L151373,1,9,0,16,0,1,1,0,1,10,1,1,2,2,27,6,-1,-1,-1,4,1,4
201806L151443,1,8,0,9,0,6,0,0,0,0,1,1,1,3,-1,-1,-1,-1,-1,-1,-1,-1
201806L151499,1,9,0,3,0,1,0,0,0,0,2,1,2,2,29,6,1968,2,2,3,1,3
201806L151499,2,3,0,4,0,1,1,0,0,0,1,1,2,1,27,6,125,1,-1,7,1,7
201806L151536,1,11,0,9,0,2,0,0,0,0,1,1,1,1,53,8,4250,2,7,1,1,1
201806L151559,1,9,0,18,0,2,0,0,0,0,0,1,6,1,40,7,2993,2,8,5,1,5
201806L151559,2,9,0,18,0,2,0,0,0,0,1,1,6,2,49,8,1199,2,7,6,1,6
201806L151855,1,9,0,18,0,8,0,0,0,0,1,1,6,2,21,5,998,1,7,4,1,4
201806L151857,1,19,0,9,0,5,0,0,0,0,1,1,6,1,36,7,2198,2,3,2,1,2
201806L151862,1,19,0,3,0,2,0,0,0,0,1,1,6,3,-1,-1,-1,-1,-1,-1,-1,-1
201806L151862,2,9,0,3,0,2,0,0,0,0,2,1,2,1,31,6,1598,1,12,5,1,5
201806L151862,3,9,0,3,0,2,0,0,0,0,2,1,6,2,65,9,1998,1,1,8,3,8
201806L151914,1,9,0,9,0,5,0,0,0,0,1,1,6,2,55,8,1242,1,13,-1,-1,-1
201806L151914,2,3,0,18,0,1,0,0,0,0,1,1,6,2,26,6,125,1,6,-1,-1,-1
201806L151965,1,19,0,7,0,5,0,0,0,0,1,1,2,1,30,6,-1,-1,-1,-1,-1,-1
201806L151977,1,9,0,5,0,2,0,0,0,0,1,1,6,1,28,6,1598,1,7,2,1,2
201806L151977,2,9,0,18,0,1,0,0,0,0,1,1,1,1,39,7,1582,2,6,4,1,4
201806L152292,1,1,0,14,0,1,5,0,0,0,1,1,6,1,43,7,-1,-1,-1,7,1,7
201806L152292,2,9,0,12,0,1,0,0,0,0,1,1,6,2,30,6,998,1,10,3,1,3
201806L152342,1,9,0,9,0,6,0,0,0,0,1,1,1,1,54,8,1197,1,-1,2,1,2
201806L152342,2,1,0,18,0,8,0,0,0,0,4,1,1,1,66,10,-1,-1,-1,8,1,8
201806L152598,1,9,0,9,0,5,0,0,0,0,1,1,6,1,31,6,1461,2,3,5,1,5
201806L152691,1,9,0,7,0,4,0,0,0,0,1,1,1,2,51,8,1598,1,4,-1,-1,-1
201806L152691,2,9,0,18,0,3,0,0,0,0,1,1,1,2,21,5,1360,1,11,5,1,5
201806L152691,3,9,0,18,0,4,0,0,0,0,1,1,1,2,29,6,1499,2,5,6,1,6
201806L238764,1,9,0,3,0,1,0,0,0,0,2,1,6,2,38,7,996,1,7,2,1,2
201806L238764,2,9,0,18,0,1,0,0,0,0,1,1,6,3,-1,-1,-1,-1,-1,-1,-1,-1
201806L239634,1,9,0,9,0,5,0,0,0,0,1,1,6,1,61,9,-1,-1,-1,3,1,3
201806L239634,2,9,0,18,0,8,0,0,0,0,1,1,6,1,39,7,1995,2,4,5,1,5
201806L239660,1,9,0,18,0,8,0,0,0,0,1,1,6,2,39,7,998,1,1,7,1,7
201806L239660,2,8,0,18,0,8,0,0,0,0,1,1,6,1,53,8,-1,-1,-1,1,1,1
201806L239672,1,9,0,13,0,0,1,7,1,10,1,1,6,3,-1,-1,1679,1,18,-1,-1,-1
201806L239672,2,9,0,17,0,0,2,0,0,0,1,1,6,2,45,7,1497,1,13,2,1,2
201806L239800,1,9,0,18,0,0,0,0,0,0,4,1,3,2,25,5,1598,2,5,6,1,6
201806L239839,1,9,0,9,0,6,0,0,0,0,3,1,6,2,49,8,-1,-1,-1,1,1,1
201806L239839,2,20,0,18,0,8,0,0,0,0,1,1,6,1,51,8,-1,-1,-1,1,1,1
201806L239888,1,9,0,18,0,8,0,0,0,0,3,1,6,1,33,6,1796,1,9,-1,-1,-1
201806L239888,2,9,0,18,0,8,0,0,0,0,4,1,6,1,44,7,1339,1,12,-1,-1,-1
201806L239935,1,9,0,5,0,0,0,0,0,0,0,1,6,1,41,7,1598,2,1,1,1,1
201806L239993,1,3,0,13,0,8,0,0,0,0,1,1,6,1,30,6,-1,-1,-1,-1,-1,-1
201806L239993,2,9,0,9,0,8,0,0,0,0,3,1,6,1,70,10,1360,1,12,1,1,1
201806L240014,1,9,0,9,0,5,0,0,0,0,1,1,6,3,-1,-1,-1,-1,-1,-1,-1,-1
201806L240087,1,9,0,18,0,1,0,0,0,0,1,1,6,1,41,7,2979,1,3,9,1,9
201806L240087,2,9,0,18,0,2,0,0,0,0,1,1,6,1,64,9,998,1,29,1,1,1
201806L240098,1,9,0,18,0,0,0,0,0,0,1,1,6,1,40,7,1686,2,7,3,1,3
201806L240098,2,9,0,4,0,0,0,0,0,0,2,1,2,1,46,8,1998,8,2,9,1,9
201806L240098,3,9,0,4,0,0,0,0,0,0,2,1,2,2,56,9,1086,1,10,8,3,8
201806L240098,4,9,0,4,0,0,0,0,0,0,2,1,2,1,37,7,1995,2,5,2,1,2
201806L240098,5,9,0,4,0,0,0,0,0,0,2,1,2,2,33,6,1461,2,7,8,1,8
201806L240142,1,9,0,18,0,6,0,0,0,0,3,1,6,1,36,7,-1,-1,-1,1,1,1
201806L240142,2,20,0,18,0,8,0,0,0,0,4,1,6,1,46,8,-1,-1,-1,3,1,3
201806L240214,1,9,0,13,0,1,0,4,0,0,3,1,6,3,-1,-1,1248,2,12,-1,-1,-1
201806L240214,2,9,0,2,0,1,0,0,0,0,4,1,6,1,30,6,1124,1,15,-1,-1,-1
201806L240214,3,9,0,18,0,1,0,0,0,0,3,1,6,1,80,11,1769,1,16,4,1,4
201806L240249,1,9,0,18,0,0,0,0,0,0,1,1,6,1,79,11,1896,2,14,8,1,8
201806L240249,2,9,0,4,0,0,0,0,0,0,2,1,2,2,52,8,998,1,1,8,1,8
201806L240249,3,9,0,4,0,0,0,0,0,0,2,1,6,1,47,8,1598,2,1,8,1,8
201806L240249,4,9,0,4,0,0,0,0,0,0,2,1,6,2,24,5,1598,1,5,2,1,2
201806L240429,1,9,0,9,0,5,0,0,0,0,2,1,6,1,35,6,1995,2,8,2,1,2
201806L240429,2,9,0,18,0,8,0,0,0,0,1,1,6,3,-1,-1,1598,1,1,-1,-1,-1
201806L240434,1,9,0,18,0,1,0,0,0,0,3,1,6,1,30,6,1997,2,15,-1,-1,-1
201806L240434,2,9,0,18,0,1,0,0,0,0,4,1,1,1,30,6,2993,2,2,-1,-1,-1
201806L240872,1,9,0,1,0,1,0,0,0,0,2,1,6,1,39,7,1598,1,5,-1,-1,-1
201806L240872,2,9,0,3,0,1,0,0,0,0,1,1,1,1,44,7,-1,-1,-1,-1,-1,-1
201806L240872,3,9,0,3,0,1,0,0,0,0,4,1,6,1,30,6,2926,2,15,3,1,3
201806L240972,1,9,0,9,0,6,0,0,0,0,1,1,2,1,36,7,1364,1,12,6,1,6
201806L240972,2,9,0,18,0,8,0,0,0,0,4,1,2,1,55,8,2494,8,2,9,3,9
201806L240980,1,19,0,18,0,1,0,0,0,0,1,1,6,1,66,10,1998,2,16,3,1,3
201806L240980,2,9,0,3,0,1,0,0,0,0,2,1,6,1,34,6,1242,1,3,-1,-1,-1
201806L240980,3,9,0,3,0,1,0,0,0,0,2,1,6,2,33,6,1598,1,6,-1,-1,-1
201806L241019,1,9,0,16,0,2,0,0,0,0,3,1,6,1,34,6,1586,1,5,2,1,2
201806L241074,1,4,0,18,0,8,0,0,0,0,1,1,2,1,51,8,124,1,1,8,1,8
201806L241074,2,9,0,9,0,8,0,0,0,0,4,1,6,1,22,5,1400,2,12,1,3,1
201806L241139,1,11,0,18,3,0,0,0,0,0,4,1,1,1,52,8,5132,2,2,5,1,5
201806L241199,1,8,0,1,9,1,0,0,0,0,2,1,1,1,30,6,1461,2,7,-1,-1,-1
201806L241300,1,3,0,9,0,8,0,0,3,10,1,1,6,1,56,9,649,1,10,5,1,5
201806L241315,1,9,0,9,0,8,0,0,0,0,1,1,6,1,30,6,1956,2,4,-1,-1,-1
201806L241315,2,9,0,18,0,8,0,0,0,0,3,1,6,2,58,9,1197,1,2,6,1,6
201806L241345,1,9,0,18,0,1,0,0,0,0,1,1,2,2,56,9,998,1,1,1,2,1
201806L241475,1,9,0,18,0,1,0,4,0,0,4,1,6,1,34,6,2457,1,12,-1,-1,-1
201806L241475,2,9,0,2,0,1,0,0,0,2,2,1,6,3,-1,-1,1399,2,11,-1,-1,-1
201806L241509,1,9,0,2,0,2,0,0,0,0,3,1,6,2,30,6,-1,-1,-1,-1,-1,-1
201806L241720,1,19,0,14,0,0,0,0,0,0,1,1,6,1,30,6,1686,2,16,2,1,2
201806L241720,2,5,0,18,0,0,0,0,0,0,1,1,6,1,33,6,-1,-1,-1,9,1,9
201806L241759,1,9,0,18,0,8,0,0,0,0,1,1,6,3,-1,-1,1242,1,6,-1,-1,-1
201806L241759,2,9,0,18,0,8,0,0,0,0,2,1,6,2,57,9,1397,1,9,4,1,4
201806L241769,1,9,0,18,0,8,0,0,0,0,3,1,6,1,50,8,1910,2,14,4,1,4
201806L241769,2,9,0,18,0,8,0,0,0,0,1,1,6,1,40,7,2198,2,12,2,1,2
201806L241899,1,9,0,18,0,1,0,0,0,0,1,1,6,1,29,6,1198,1,9,1,1,1
201806L241899,2,9,0,10,0,1,0,0,0,0,4,1,6,1,43,7,1997,2,5,1,-1,1
201806L241972,1,9,0,7,0,3,0,0,0,0,4,1,6,1,30,6,1461,2,2,3,1,3
201806L241972,2,9,0,5,0,8,0,0,0,0,3,1,2,2,51,8,998,1,1,3,2,3
201806L242206,1,9,0,18,0,2,0,0,0,0,2,1,6,3,-1,-1,-1,-1,-1,-1,-1,-1
201806L242206,2,1,0,18,0,2,0,0,0,0,1,1,6,1,13,3,-1,-1,-1,1,1,1
201806L242225,1,9,0,18,0,0,0,0,0,0,3,1,6,3,-1,-1,-1,-1,-1,-1,-1,-1
201806L242270,1,9,0,7,0,8,0,0,0,0,1,1,6,1,32,6,1896,2,16,1,1,1
201806L242270,2,9,0,18,0,8,0,0,7,10,4,1,6,1,37,7,4999,1,13,1,1,1
201806L242538,1,8,0,18,0,8,0,0,0,0,1,1,1,1,25,5,-1,-1,-1,3,1,3
201806L242538,2,8,0,18,0,8,0,0,0,0,2,1,1,1,51,8,1951,2,14,3,1,3
201806L242547,1,9,0,18,0,1,0,0,0,0,1,1,6,1,30,6,-1,-1,-1,-1,-1,-1
201806L242547,2,9,0,3,0,1,0,0,0,0,2,1,1,2,35,6,1499,2,4,2,1,2
201806L242665,1,9,0,16,0,8,0,0,7,0,1,1,6,3,-1,-1,1596,1,12,-1,-1,-1
201806L242665,2,9,0,18,0,8,0,0,1,0,1,1,6,1,79,11,2099,1,15,9,1,9
201806L242692,1,9,0,18,0,0,0,4,0,0,1,1,1,1,38,7,1995,2,1,7,1,7
201806L242692,2,19,0,2,0,0,0,0,0,0,2,1,6,1,46,8,2402,2,12,2,1,2
201806L242692,3,9,0,18,0,0,0,0,0,0,3,1,6,2,36,7,1999,1,9,2,1,2
201806L242725,1,9,0,9,0,8,0,0,0,0,3,1,6,1,60,9,1198,1,3,-1,-1,-1
201806L242725,2,5,0,18,0,8,0,0,0,0,1,1,2,1,40,7,1063,1,18,2,1,2
201806L242949,1,4,0,18,0,0,0,0,0,0,1,1,6,1,20,4,-1,-1,-1,-1,-1,-1
201806L242949,2,9,0,18,0,0,0,0,0,0,3,1,6,1,30,6,1998,1,4,6,1,6
201806L242990,1,9,0,18,0,0,0,4,0,10,1,1,6,1,30,6,1598,1,11,5,1,5
201806L242990,2,9,0,2,0,0,0,4,0,0,1,1,6,1,27,6,1229,1,13,-1,-1,-1
201806L242990,3,9,0,2,0,0,0,4,0,10,1,1,6,2,55,8,1398,2,11,-1,-1,-1
201806L242990,4,9,0,2,0,0,0,4,0,0,1,1,6,1,30,6,1587,1,13,-1,-1,-1
201806L243178,1,9,0,5,0,6,0,0,0,0,1,1,6,2,51,8,1398,1,3,6,1,6
201806L243178,2,3,0,13,0,8,0,0,0,0,4,1,2,1,33,6,124,1,7,1,1,1
201806L243183,1,9,0,18,0,1,0,0,0,0,1,1,6,3,-1,-1,1587,1,19,-1,-1,-1
201806L243183,2,9,0,4,0,1,0,0,0,0,2,1,1,1,37,7,1968,2,4,1,1,1
201806L243232,1,9,0,16,0,2,0,0,0,0,4,1,6,1,62,9,-1,-1,-1,9,1,9
201806L243420,1,9,0,9,0,6,0,0,0,0,3,1,6,1,40,7,1598,1,15,6,1,6
201806L243420,2,1,0,18,0,8,0,0,0,0,1,1,6,1,54,8,-1,-1,-1,2,1,2
201806L243481,1,9,0,18,0,8,1,0,0,0,1,1,6,1,27,6,1969,2,2,-1,-1,-1
201806L243481,2,9,0,9,0,8,0,0,0,0,1,1,1,2,50,8,2987,2,9,4,1,4
201806L243481,3,9,0,18,0,8,0,0,0,0,0,1,1,1,30,6,1995,2,5,-1,-1,-1
201806L243481,4,9,0,18,0,1,0,0,0,0,0,1,1,1,30,6,1984,1,2,-1,-1,-1
201806L243790,1,9,0,8,0,1,0,0,0,0,4,1,6,2,37,7,1969,2,1,2,1,2
201806L243790,2,1,0,18,9,8,0,0,0,0,1,1,4,1,14,3,-1,-1,-1,-1,-1,-1
201806L243820,1,9,0,9,0,8,0,0,0,0,1,1,6,3,30,6,1364,1,11,-1,-1,-1
201806L243820,2,1,0,4,0,8,0,0,0,0,3,1,6,1,36,7,-1,-1,-1,3,1,3
201806L243884,1,9,0,18,0,0,0,0,0,0,1,1,6,1,83,11,1199,1,14,8,1,8
201806L243884,2,9,0,4,0,0,0,0,0,0,2,1,6,2,35,6,2993,2,9,1,1,1
201806L243940,1,9,0,9,0,8,0,0,0,0,1,1,6,1,76,11,-1,-1,-1,1,1,1
201806L243940,2,9,0,18,0,8,0,0,0,0,1,1,6,2,77,11,1229,1,9,1,1,1
201806L244091,1,9,0,5,0,6,0,0,0,0,1,1,6,1,34,6,1956,2,9,8,1,8
201806L244091,2,1,0,18,0,8,0,0,0,0,1,1,6,1,62,9,-1,-1,-1,2,1,2
201806L244121,1,9,0,4,0,0,0,0,0,0,1,1,6,1,31,6,1242,1,10,2,1,2
201806L244121,2,9,0,4,0,0,0,0,0,0,2,1,6,1,27,6,1995,2,3,7,3,7
201806L244175,1,9,0,16,0,1,0,0,7,3,1,1,6,1,41,7,1968,2,2,3,1,3
201806L244175,2,9,0,16,6,1,0,0,0,0,2,1,6,2,74,10,999,1,-1,9,1,9
201806L244199,1,1,0,18,0,0,0,0,0,0,1,1,6,1,7,2,-1,-1,-1,6,1,6
201806L244199,2,9,0,18,0,0,0,0,0,0,3,1,6,1,61,9,1360,1,6,6,1,6
201806L244248,1,9,0,18,0,8,0,0,0,0,1,1,6,1,36,7,1560,2,8,1,1,1
201806L244248,2,9,0,9,0,8,0,0,0,0,0,1,6,2,17,4,998,1,7,9,1,9
201806L244410,1,9,0,15,0,8,0,0,0,0,4,1,6,1,30,6,-1,-1,-1,-1,-1,-1
201806L244410,2,9,0,9,0,8,0,10,1,0,3,1,6,2,38,7,1956,2,3,1,1,1
201806L244434,1,9,0,18,0,2,0,0,0,0,4,1,6,2,18,4,998,1,2,8,1,8
201806L244434,2,1,0,18,0,2,0,0,0,0,1,1,6,1,14,3,-1,-1,-1,1,1,1
201806L244439,1,9,0,4,0,0,0,0,0,0,1,1,6,2,28,6,1242,1,7,5,1,5
201806L244439,2,5,0,4,0,0,1,0,0,0,2,1,6,1,74,10,1201,1,25,8,1,8
201806L244464,1,9,0,18,0,0,0,0,0,0,4,1,6,1,21,5,1598,1,9,3,1,3
201806L244527,1,9,0,4,9,2,0,0,0,0,4,1,6,1,30,6,-1,-1,-1,-1,-1,-1
201806L244527,2,1,0,18,9,2,0,0,0,0,2,1,6,1,12,3,-1,-1,-1,2,1,2
201806L244600,1,9,0,18,0,0,0,0,0,0,1,1,1,1,60,9,1560,2,7,4,1,4
201806L244600,2,9,0,5,0,0,0,0,0,0,1,1,6,1,26,6,1388,1,8,4,1,4
201806L244600,3,9,0,2,0,0,0,0,0,0,4,1,6,2,55,8,1364,1,3,4,1,4
201806L244641,1,90,0,18,9,0,0,0,0,0,0,1,6,2,35,6,-1,-1,-1,2,1,2
201806L244675,1,9,0,5,0,0,0,0,0,0,1,1,6,1,53,8,2198,2,14,-1,-1,-1
201806L244675,2,1,0,18,0,0,0,0,0,0,2,1,6,1,10,2,-1,-1,-1,2,1,2
201806L244700,1,9,0,13,0,0,0,0,0,0,1,1,2,1,32,6,1598,1,7,3,1,3
201806L244700,2,1,0,18,0,0,0,0,0,0,2,1,6,1,11,3,-1,-1,-1,3,1,3
201806L244757,1,90,0,18,0,2,0,0,0,0,0,1,6,3,-1,-1,-1,-1,-1,-1,-1,-1
201806L244757,2,90,0,2,0,2,0,0,0,0,0,1,6,1,26,6,10837,2,-1,-1,-1,-1
201806L244841,1,11,0,18,0,0,0,0,0,0,1,1,1,1,60,9,5132,2,2,2,1,2
201806L244841,2,1,0,18,0,0,0,0,0,0,1,1,6,1,13,3,-1,-1,-1,3,1,3
201806L245014,1,9,0,18,0,8,0,0,0,0,1,1,6,1,22,5,1984,1,12,6,1,6
201806L245014,2,9,0,18,0,8,0,0,0,0,1,1,6,1,33,6,1999,1,7,1,1,1