Accident_Index,Vehicle_Reference,Vehicle_Type,Towing_and_Articulation,Vehicle_Manoeuvre,Vehicle_Location-Restricted_Lane,Junction_Location,Skidding_and_Overturning,Hit_Object_in_Carriageway,Vehicle_Leaving_Carriageway,Hit_Object_off_Carriageway,1st_Point_of_Impact,Was_Vehicle_Left_Hand_Drive?,Journey_Purpose_of_Driver,Sex_of_Driver,Age_of_Driver,Age_Band_of_Driver,Engine_Capacity_(CC),Propulsion_Code,Age_of_Vehicle,Driver_IMD_Decile,Driver_Home_Area_Type,Vehicle_IMD_Decile
201806M144510,2,9,0,2,0,0,0,0,0,0,1,1,6,2,37,7,999,1,-1,4,1,4
201806M144516,1,19,0,12,0,0,0,0,0,0,0,1,6,3,-1,-1,-1,-1,-1,-1,-1,-1
201806M144516,2,3,0,18,0,0,0,0,4,10,0,1,6,1,38,7,125,1,1,2,1,2
201806M144625,1,9,0,2,0,0,0,0,0,0,3,1,1,1,43,7,1950,2,1,2,1,2
201806M144625,2,1,0,18,0,0,0,0,0,0,1,1,6,2,50,8,-1,-1,-1,2,1,2
201806M144638,1,9,0,18,0,8,0,0,0,0,3,1,6,2,65,9,1560,2,3,-1,-1,-1
201806M144638,2,21,1,18,0,8,0,0,0,0,1,1,1,1,30,6,12809,2,5,9,1,9
201806M144651,1,9,0,2,4,1,0,0,0,0,3,1,6,3,-1,-1,1296,1,11,-1,-1,-1
201806M144651,2,1,0,18,4,1,0,0,0,0,1,1,2,1,30,6,-1,-1,-1,1,1,1
201806M144817,1,8,0,18,0,0,0,0,1,0,1,1,6,2,36,7,1598,1,12,-1,-1,-1
201806M144817,2,1,0,18,0,0,0,0,0,0,1,1,6,1,8,2,-1,-1,-1,6,1,6
201806M145066,1,9,0,18,0,3,0,0,0,0,4,1,6,3,-1,-1,1950,2,-1,-1,-1,-1
201806M145066,2,9,0,18,0,3,0,0,0,0,1,1,6,2,33,6,1560,2,10,10,1,10
201806M145240,1,9,0,18,0,0,0,0,0,0,4,1,6,1,72,10,1798,1,2,7,1,7
201806M145351,1,9,0,16,0,0,0,0,0,0,1,1,6,2,45,7,1598,1,3,8,1,8
201806M145351,2,9,0,17,0,0,0,0,0,0,1,1,6,1,34,6,1753,2,11,2,1,2
201806M145538,1,9,0,18,0,2,0,0,0,0,1,1,6,1,77,11,1598,1,5,5,1,5
201806M145691,1,11,0,18,0,1,0,0,0,0,0,1,1,1,49,8,-1,-1,-1,6,1,6
201806M145716,1,9,0,5,0,8,0,0,0,0,3,1,6,1,26,6,1995,2,12,-1,-1,-1
201806M145716,2,3,0,18,0,8,0,0,0,0,1,1,6,1,19,4,125,1,3,4,1,4
201806M145893,1,1,0,18,0,8,0,0,0,0,1,1,6,1,52,8,-1,-1,-1,-1,-1,-1
201806M145893,2,9,0,10,0,8,0,0,0,0,1,1,6,2,23,5,1364,1,11,1,1,1
201806M145901,1,9,0,18,0,1,0,0,0,0,1,1,6,1,30,6,-1,-1,-1,-1,-1,-1
201806M145901,2,9,0,8,0,1,0,0,0,0,2,1,6,2,46,8,998,1,5,7,1,7
201806M145924,1,8,0,18,0,8,0,0,0,0,3,1,1,1,32,6,1968,2,4,2,1,2
201806M145924,2,5,0,18,0,8,0,0,0,0,1,1,6,1,36,7,998,1,9,3,1,3
201806M145972,1,9,0,9,0,8,0,0,0,0,3,1,6,1,21,5,1398,1,5,3,1,3
201806M145972,2,9,0,18,0,8,0,0,0,0,1,1,6,1,49,8,998,1,14,3,1,3
201806M146014,1,9,0,6,0,0,0,0,0,0,3,1,1,1,42,7,1968,2,4,6,1,6
201806M146014,2,9,0,18,0,0,0,0,0,0,1,1,6,2,32,6,1198,1,8,9,1,9
201806M146026,1,9,0,18,0,2,1,0,0,0,1,1,6,1,48,8,1999,2,2,10,1,10
201806M146348,1,20,0,16,0,0,0,0,0,0,1,1,6,1,53,8,2402,2,13,2,1,2
201806M146348,2,9,0,4,0,0,0,0,0,0,2,1,6,1,20,4,1595,1,1,5,1,5
201806M146389,1,9,0,18,0,0,0,0,0,0,1,1,6,3,-1,-1,-1,-1,-1,-1,-1,-1
201806M146401,1,9,0,6,0,0,0,0,0,0,3,1,6,1,62,9,1598,2,3,-1,-1,-1
201806M146401,2,4,0,18,0,0,1,0,0,0,1,1,6,1,30,6,599,1,20,-1,-1,-1
201806M146446,1,21,1,18,0,0,0,0,0,0,1,1,1,1,32,6,12900,2,10,2,1,2
201806M146446,2,21,1,2,0,0,0,0,0,0,0,1,1,1,30,6,-1,-1,-1,-1,-1,-1
201806M146463,1,9,0,18,0,0,0,0,0,0,1,1,6,1,34,6,2987,2,7,1,1,1
201806M146463,2,9,0,4,0,0,0,0,0,0,2,1,6,1,23,5,-1,-1,-1,7,1,7
201806M146532,1,9,0,7,0,1,0,0,0,0,1,1,6,2,30,6,1598,2,5,-1,-1,-1
201806M146532,2,9,0,7,0,1,0,0,7,0,4,1,2,2,30,6,1995,1,9,5,1,5
201806M146566,1,9,0,9,0,6,0,0,0,0,1,1,6,3,-1,-1,1956,2,9,-1,-1,-1
201806M146566,2,9,0,18,0,8,0,0,0,0,3,1,6,2,40,7,1398,1,5,1,1,1
201806M146577,1,4,0,18,0,8,0,0,0,0,1,1,6,1,55,8,313,1,-1,3,1,3
201806M146577,2,9,0,9,0,8,0,0,0,0,3,1,6,1,44,7,1598,1,13,2,1,2
201806M146729,1,9,0,18,0,0,0,0,0,0,3,1,6,2,55,8,1386,1,11,7,1,7
201806M147030,1,9,0,9,0,6,0,0,0,0,3,1,6,2,32,6,-1,-1,-1,9,1,9
201806M147030,2,5,0,18,0,8,0,0,0,0,1,1,6,1,26,6,1050,1,13,2,1,2
201806M147284,1,9,0,16,0,3,0,0,0,0,1,1,6,1,30,6,1956,2,6,2,1,2
201806M147284,2,9,0,16,0,3,0,0,0,0,4,1,1,2,23,5,1341,1,14,-1,1,-1
201806M147334,1,19,0,18,0,0,0,2,0,0,1,1,6,1,27,6,-1,-1,-1,2,1,2
201806M147334,2,9,0,18,0,0,0,2,0,0,1,1,6,2,37,7,1796,1,13,1,1,1
201806M147342,1,9,0,18,0,8,0,0,0,0,1,1,6,1,35,6,1197,1,5,4,1,4
201806M147342,2,1,0,18,0,8,0,0,0,0,3,1,6,1,30,6,-1,-1,-1,-1,-1,-1
201806M147379,1,9,0,9,0,8,0,0,0,0,3,1,6,1,21,5,1200,1,2,-1,1,-1
201806M147379,2,9,0,16,0,8,0,0,0,0,4,1,6,2,44,7,1461,2,9,8,1,8
201806M147444,1,9,0,18,0,8,0,0,0,0,1,1,6,3,-1,-1,1242,1,14,-1,-1,-1
201806M147444,2,1,0,9,0,8,0,0,0,0,1,1,6,2,28,6,-1,-1,-1,4,1,4
201806M147618,1,1,0,18,0,1,0,0,0,0,1,1,6,1,29,6,-1,-1,-1,1,1,1
201806M147618,2,19,0,18,0,1,0,0,0,0,1,1,6,1,34,6,2461,2,7,2,1,2
201806M147633,1,9,0,9,0,6,0,0,0,0,1,1,6,1,27,6,998,1,10,6,1,6
201806M147633,2,9,0,18,0,8,0,0,0,0,1,1,6,1,76,11,998,1,15,6,1,6
201806M147659,1,11,0,18,0,2,0,0,0,0,1,1,1,1,64,9,4461,2,5,2,1,2
201806M147685,1,9,0,1,0,6,0,0,0,0,4,1,6,2,23,5,1240,1,13,6,1,6
201806M147685,2,1,0,18,0,8,0,0,0,0,1,1,6,1,49,8,-1,-1,-1,6,1,6
201806M147686,1,9,0,4,0,8,0,0,0,0,0,1,6,3,-1,-1,-1,-1,-1,-1,-1,-1
201806M147686,2,9,0,4,0,8,0,0,0,0,1,1,6,1,30,6,1598,2,4,7,1,7
201806M147686,3,9,0,18,0,8,0,0,0,0,2,1,2,2,57,9,1796,1,14,8,1,8
201806M147690,1,21,1,11,0,1,0,0,0,0,1,1,1,1,30,6,12777,2,6,9,1,9
201806M147690,2,9,0,5,0,1,0,0,0,0,2,1,2,1,54,8,1229,1,9,10,1,10
201806M147696,1,9,0,18,0,8,0,0,0,0,3,1,6,2,21,5,998,1,9,6,1,6
201806M147696,2,9,0,9,0,8,0,0,0,0,1,1,1,1,41,7,1248,2,7,1,1,1
201806M147914,1,9,0,18,0,1,0,0,0,0,1,1,6,2,30,6,1398,1,5,-1,-1,-1
201806M147914,2,9,0,4,0,1,0,0,0,0,2,1,4,2,36,7,1587,1,16,3,1,3
201806M148006,1,9,0,1,0,0,0,0,0,0,2,1,6,3,-1,-1,1395,1,4,-1,-1,-1
201806M148006,2,9,0,2,0,0,0,4,0,0,1,1,6,2,24,5,998,1,3,4,1,4
201806M148093,1,3,0,18,0,0,0,0,1,1,1,1,6,1,26,6,125,1,6,1,1,1
201806M148097,1,9,0,18,0,8,0,0,0,0,1,1,1,1,56,9,2967,2,-1,-1,-1,-1
201806M148097,2,1,0,18,0,8,0,0,0,0,1,1,3,2,7,2,-1,-1,-1,4,1,4
201806M148247,1,9,0,1,0,8,0,4,0,0,2,1,6,1,75,10,1984,1,16,10,1,10
201806M148247,2,9,0,2,0,8,0,0,0,0,1,1,6,2,30,6,999,1,1,1,1,1
201806M148247,3,9,0,2,0,8,0,0,0,0,1,1,6,3,-1,-1,1968,2,1,3,1,3
201806M148339,1,9,0,11,0,1,0,0,0,0,4,1,6,1,61,9,1560,2,9,5,1,5
201806M148495,1,9,0,18,0,0,0,0,0,1,0,1,6,1,42,7,4554,1,22,-1,-1,-1
201806M148495,2,9,0,3,0,0,0,0,0,0,2,1,6,2,30,6,1896,2,11,7,1,7
201806M148585,1,9,0,9,0,1,0,0,0,0,1,1,1,1,57,9,-1,-1,-1,1,1,1
201806M148585,2,1,0,18,0,8,0,0,0,0,1,1,4,1,14,3,-1,-1,-1,7,1,7
201806M148602,1,5,0,13,0,8,0,0,0,0,4,1,2,1,37,7,649,1,2,4,1,4
201806M148602,2,21,1,9,0,8,0,0,0,0,3,1,1,1,50,8,10677,2,2,3,1,3
201806M148607,1,5,0,18,0,0,0,0,0,0,4,1,2,1,43,7,999,1,1,9,3,9
201806M148639,1,9,0,18,0,8,1,0,0,0,1,1,2,1,20,4,1870,2,13,3,1,3
201806M148639,2,19,0,9,0,8,0,0,0,0,2,1,1,2,26,6,1560,2,10,3,1,3
201806M148657,1,9,0,4,0,1,0,0,0,0,0,1,6,3,-1,-1,-1,-1,-1,-1,-1,-1
201806M148657,2,9,0,4,0,1,0,0,0,0,2,1,6,2,27,6,1598,1,13,1,1,1
201806M148657,3,9,0,4,0,1,0,0,0,0,3,1,6,1,30,6,2231,2,13,-1,-1,-1
201806M148669,1,9,0,18,0,1,0,0,0,0,1,1,6,2,30,6,1390,1,13,-1,-1,-1
201806M148669,2,9,0,3,0,1,0,0,0,0,2,1,1,2,43,7,1386,1,12,4,1,4
201806M148770,1,9,0,13,0,3,0,0,0,0,1,1,6,1,30,6,1390,1,9,-1,-1,-1
201806M148770,2,9,0,18,0,3,0,0,0,0,3,1,6,1,34,6,2993,2,5,4,-1,4
201806M148994,1,9,0,5,0,8,0,0,0,0,1,1,6,3,-1,-1,1390,1,5,-1,-1,-1
201806M148994,2,11,0,9,0,8,0,0,0,0,2,1,1,1,35,6,4461,2,4,5,1,5
201806M149162,1,9,0,14,0,1,0,0,0,0,1,1,6,3,-1,-1,998,1,3,-1,-1,-1
201806M149162,2,9,0,3,0,1,0,0,0,0,2,1,6,2,26,6,1390,1,7,6,1,6
201806M149227,1,9,0,18,0,2,0,0,0,0,1,1,6,1,30,6,-1,-1,-1,-1,-1,-1
201806M149274,1,9,0,6,0,0,0,0,0,0,3,1,6,2,26,6,998,1,-1,4,1,4
201806M149274,2,3,0,18,0,0,1,0,0,0,1,1,6,1,25,5,125,1,9,4,1,4
201806M149365,1,9,0,9,0,8,0,0,0,0,4,1,6,2,73,10,998,1,7,8,1,8
201806M149365,2,9,0,9,0,8,0,0,0,0,1,1,2,1,25,5,1398,1,2,8,1,8
201806M149365,3,1,0,18,4,8,0,0,0,0,1,1,6,1,38,7,-1,-1,-1,8,1,8
201806M149411,1,9,0,18,0,2,1,4,0,0,4,1,6,3,-1,-1,1896,2,17,-1,-1,-1
201806M149411,2,9,0,2,0,2,0,0,0,0,4,1,6,3,-1,-1,1685,2,-1,-1,-1,-1
201806M149411,3,9,0,2,0,2,0,0,0,0,2,1,6,3,-1,-1,998,1,8,-1,-1,-1
201806M149458,1,9,0,12,0,0,0,0,0,0,1,1,3,2,30,6,1598,1,12,4,1,4
201806M149458,2,1,0,18,0,0,0,0,0,0,1,1,2,1,36,7,-1,-1,-1,8,1,8
201806M149488,1,5,0,7,0,1,0,0,0,0,4,1,1,1,21,5,125,1,17,3,1,3
201806M149488,2,9,0,18,0,1,0,0,0,0,3,1,1,1,61,9,999,1,-1,3,1,3
201806M149593,1,9,0,9,0,8,0,0,0,0,1,1,1,1,40,7,1686,2,6,2,1,2
201806M149593,2,9,0,18,0,8,0,0,0,0,3,1,1,1,41,7,1598,2,6,1,1,1
201806M149783,1,9,0,5,0,0,0,0,0,0,1,1,6,1,40,7,2362,8,9,-1,-1,-1
201806M149783,2,9,0,18,0,0,0,0,0,0,4,1,6,2,38,7,999,1,9,8,1,8
201806M149988,1,9,0,7,0,3,0,0,0,0,1,1,6,1,30,6,1988,1,14,-1,-1,-1
201806M149988,2,21,0,18,0,2,0,0,0,0,3,1,2,1,49,8,11705,2,10,8,3,8
201806M150108,1,9,0,18,0,1,0,0,0,0,2,1,6,3,-1,-1,-1,-1,-1,-1,-1,-1
201806M150108,2,9,0,7,0,6,0,0,0,0,3,1,6,2,39,7,-1,-1,-1,6,1,6
201806M150155,1,9,0,4,0,2,0,0,0,0,1,1,6,1,40,7,1796,1,15,2,1,2
201806M150155,2,9,0,4,0,2,0,0,0,0,2,1,6,2,46,8,2179,2,11,10,1,10
201806M150180,1,9,0,5,0,4,0,0,0,0,1,1,1,1,48,8,1598,2,1,6,1,6
201806M150180,2,1,0,18,4,8,0,0,0,0,4,1,6,1,18,4,-1,-1,-1,5,1,5
201806M150350,1,9,0,9,0,5,0,0,0,0,1,1,2,2,39,7,1968,2,2,3,1,3
201806M150350,2,1,0,18,0,8,0,0,0,0,1,1,2,1,26,6,-1,-1,-1,7,1,7
201806M150420,1,9,0,9,0,2,0,0,0,0,3,1,6,2,29,6,1598,1,18,8,1,8
201806M150547,1,9,0,18,0,1,0,0,1,0,1,1,6,2,30,6,1398,2,16,-1,-1,-1
201806M150547,2,8,0,18,0,1,0,0,1,0,2,1,1,1,39,7,-1,-1,-1,4,1,4
201806M150595,1,9,0,6,0,1,0,0,0,10,3,1,6,1,79,11,998,1,11,10,1,10
201806M150595,2,19,0,14,0,1,0,0,7,0,4,1,6,1,29,6,1753,2,14,9,1,9
201806M150865,1,9,0,18,0,4,0,0,0,0,3,1,6,3,-1,-1,1999,2,3,-1,-1,-1
201806M150865,2,9,0,11,0,4,0,0,0,0,4,1,6,2,55,8,1388,1,12,10,1,10
201806M150866,1,9,0,6,0,0,0,0,0,0,1,1,6,1,48,8,-1,-1,-1,1,1,1
201806M150866,2,5,0,18,0,0,0,0,0,0,1,1,1,1,51,8,670,1,6,1,1,1
201806M151303,1,9,0,9,0,8,0,0,0,0,1,1,2,1,54,8,1364,1,4,4,1,4
201806M151364,1,9,0,18,0,1,0,0,0,0,4,1,6,3,-1,-1,-1,-1,-1,-1,-1,-1
201806M151409,1,9,0,18,0,6,0,4,0,0,1,1,6,2,80,11,1995,2,11,5,1,5
201806M151409,2,9,0,2,0,2,0,0,0,0,1,1,6,1,56,9,1999,2,2,10,1,10
201806M151469,1,9,0,9,0,2,0,0,0,0,4,1,2,1,42,7,1200,1,2,9,1,9
201806M151491,1,21,1,13,0,8,0,0,0,0,1,1,1,1,48,8,-1,-1,-1,-1,-1,-1
201806M151491,2,9,0,18,0,3,0,0,0,0,4,1,6,2,48,8,1461,2,2,-1,-1,-1
201806M151660,1,9,0,18,0,8,0,0,0,0,1,1,6,3,-1,-1,1461,2,3,-1,-1,-1
201806M151660,2,8,0,10,0,8,0,0,0,0,1,1,1,1,53,8,1995,2,5,2,1,2
201806M151733,1,19,0,18,0,1,0,0,0,0,1,1,6,1,30,6,-1,-1,-1,7,1,7
201806M151733,2,9,0,3,0,1,0,0,0,0,2,1,2,2,26,6,1197,1,3,5,1,5
201806M151758,1,9,0,18,0,1,0,0,0,0,1,1,6,1,42,7,1364,1,10,1,1,1
201806M151758,2,9,0,18,0,1,0,0,0,0,1,1,6,1,56,9,-1,-1,-1,-1,-1,-1
201806M151799,1,9,0,18,0,8,0,0,0,0,1,1,6,3,-1,-1,1598,2,5,-1,-1,-1
201806M151799,2,1,0,10,0,8,0,0,0,0,2,1,6,2,20,4,-1,-1,-1,6,1,6
201806M151867,1,9,0,18,0,8,0,0,0,0,4,1,6,3,30,6,1339,1,5,5,1,5
201806M151917,1,1,0,18,0,8,0,0,0,0,4,1,6,1,13,3,-1,-1,-1,4,1,4
201806M151917,2,9,0,18,0,8,0,0,0,0,1,1,6,1,28,6,2143,2,4,9,1,9
201806M152003,1,8,0,18,0,0,0,0,0,0,1,1,1,1,30,6,1956,2,4,3,1,3
201806M152009,1,9,0,18,0,0,0,0,0,0,3,1,6,1,29,6,1364,2,9,3,1,3
201806M153126,1,9,0,9,0,4,1,7,1,2,1,1,6,2,18,4,-1,-1,-1,4,1,4
201806M239018,1,9,0,18,0,0,0,0,0,0,4,1,6,1,17,4,2143,2,1,5,3,5
201806M239428,1,9,0,16,0,0,0,0,0,0,0,1,6,1,30,6,1198,1,3,-1,-1,-1
201806M239428,2,1,0,18,0,0,0,0,0,0,1,1,6,1,38,7,-1,-1,-1,8,1,8
201806M239673,1,9,0,18,0,0,0,0,0,0,1,1,6,1,77,11,-1,-1,-1,2,1,2
201806M240094,1,9,0,17,0,0,5,0,0,4,4,1,6,2,43,7,1329,1,5,9,1,9
201806M240130,1,10,0,9,0,5,0,0,0,0,1,1,6,1,30,6,2998,2,13,-1,-1,-1
201806M240130,2,1,0,18,4,8,0,0,0,0,1,1,6,1,13,3,-1,-1,-1,3,1,3
201806M240188,1,9,0,7,0,8,0,0,0,0,1,1,6,2,60,9,1499,2,1,5,1,5
201806M240188,2,1,0,18,0,8,0,0,0,0,2,1,6,2,44,7,-1,-1,-1,2,1,2
201806M240210,1,9,0,5,0,8,0,0,7,1,3,1,6,2,76,11,-1,-1,-1,10,1,10
201806M240210,2,1,0,17,0,8,0,0,0,0,4,1,6,1,61,9,-1,-1,-1,10,1,10
201806M240229,1,9,0,7,0,6,0,0,0,0,4,1,6,3,-1,-1,1896,2,15,-1,-1,-1
201806M240229,2,1,0,18,0,8,0,0,0,0,1,1,6,2,63,9,-1,-1,-1,8,1,8
201806M240244,1,11,0,18,0,0,0,4,1,0,4,1,1,1,55,8,4250,2,12,1,1,1
201806M240244,2,9,0,2,0,0,0,0,0,0,3,1,6,1,33,6,998,1,2,-1,-1,-1
201806M240244,3,9,0,2,0,0,0,0,0,0,3,1,6,1,39,7,1896,2,11,-1,-1,-1
201806M240244,4,9,0,2,0,0,0,0,0,0,1,1,6,1,22,5,1360,1,12,-1,-1,-1
201806M240273,1,9,0,18,0,1,0,0,0,0,1,1,6,1,43,7,1598,1,11,3,1,3
201806M240293,1,9,0,5,0,8,0,0,0,0,1,1,2,1,47,8,1968,2,9,9,1,9
201806M240338,1,9,0,9,0,6,0,0,0,0,1,1,6,2,52,8,1124,1,15,9,1,9
201806M240338,2,1,0,18,0,8,5,0,0,0,1,1,6,1,28,6,-1,-1,-1,7,1,7
201806M240369,1,9,0,5,0,0,0,0,0,0,4,1,6,1,30,6,1598,1,14,-1,-1,-1
201806M240369,2,9,0,2,6,0,0,0,0,0,0,1,1,2,30,6,1395,1,2,10,1,10
201806M240390,1,9,0,18,0,0,0,0,0,0,1,1,6,1,30,6,1598,2,3,-1,-1,-1
201806M240390,2,9,0,18,0,0,0,0,0,0,2,1,6,1,47,8,1968,2,12,1,1,1
201806M240669,1,9,0,18,0,0,5,0,0,0,4,1,1,2,23,5,1598,1,14,10,1,10
201806M240669,2,9,0,18,0,0,0,0,0,0,4,1,6,2,17,4,1582,2,4,10,1,10
201806M240712,1,9,0,18,0,1,0,0,0,0,1,1,6,2,34,6,1242,1,9,3,1,3
201806M240712,2,9,0,2,0,1,0,0,0,0,2,1,6,2,38,7,1496,2,3,8,1,8
201806M240737,1,9,0,9,0,5,0,0,0,0,4,1,6,1,25,5,1248,2,9,1,1,1
201806M240737,2,9,0,5,0,8,0,0,0,0,4,1,6,1,81,11,998,1,3,7,1,7
201806M241126,1,9,0,9,0,6,0,0,0,0,3,1,6,1,75,10,1685,2,3,6,1,6
201806M241126,2,9,0,16,0,8,0,0,0,0,1,1,6,1,73,10,2179,2,4,5,1,5
201806M241279,1,9,0,18,0,1,0,0,0,0,1,1,6,1,30,6,2967,2,9,-1,-1,-1
201806M241279,2,9,0,3,0,1,0,0,0,0,2,1,6,2,51,8,1995,2,3,7,1,7
201806M241373,1,9,0,18,0,8,0,0,0,0,1,1,6,1,21,5,2179,2,4,-1,1,-1
201806M241373,2,8,0,18,0,8,0,0,0,0,4,1,1,1,33,6,2143,2,5,6,1,6
201806M241557,1,9,0,18,0,2,0,0,0,0,1,1,6,1,53,8,1242,1,6,6,1,6
201806M241645,1,19,0,9,0,8,0,0,1,0,1,1,6,1,20,4,1560,2,2,10,1,10
201806M241645,2,9,0,18,0,8,0,0,1,0,1,1,6,1,71,10,1998,1,15,9,1,9
201806M241682,1,9,0,18,0,0,0,0,0,0,0,1,6,2,56,9,1248,1,6,5,1,5
201806M241683,1,9,0,18,0,0,0,0,0,0,1,1,6,1,30,6,1364,1,-1,4,1,4
201806M241683,2,1,0,18,0,0,0,0,0,0,1,1,6,1,30,6,-1,-1,-1,8,1,8
201806M241725,1,9,0,18,0,8,0,0,0,0,1,1,6,2,41,7,998,1,12,5,1,5
201806M241890,1,9,0,9,0,2,0,0,0,0,3,1,2,2,45,7,1798,8,2,9,1,9
201806M241915,1,1,0,18,0,8,0,0,0,0,1,1,6,1,78,11,-1,-1,-1,10,1,10
201806M241915,2,9,0,18,0,8,0,0,0,0,4,1,6,1,37,7,2143,2,1,10,1,10
201806M242192,1,9,0,10,0,1,0,0,0,0,4,1,6,3,-1,-1,2967,2,2,-1,-1,-1
201806M242192,2,9,0,8,0,1,0,0,0,0,3,1,1,2,25,5,1399,1,1,9,1,9
201806M242393,1,9,0,18,0,0,0,0,0,0,1,1,6,1,30,6,2143,2,2,-1,-1,-1
201806M242400,1,9,0,2,0,1,0,0,0,0,4,1,6,2,30,6,1296,1,11,-1,-1,-1
201806M242400,2,8,0,18,0,1,0,0,0,0,4,1,6,1,41,7,2499,2,4,10,1,10
201806M242626,1,9,0,7,0,6,0,0,0,0,1,1,6,2,44,7,1242,1,4,1,1,1
201806M242626,2,1,0,18,0,8,0,0,0,0,4,1,6,1,42,7,-1,-1,-1,1,1,1
201806M243039,1,9,0,7,0,3,0,0,0,0,4,1,2,1,59,9,-1,-1,-1,2,1,2
201806M243039,2,1,0,18,0,4,0,0,0,0,1,1,2,1,26,6,-1,-1,-1,4,1,4
201806M243065,1,9,0,9,0,6,0,0,0,0,3,1,1,1,61,9,1997,1,3,10,1,10
201806M243065,2,3,0,18,0,8,0,0,0,0,1,1,6,1,27,6,125,1,2,1,1,1
201806M243108,1,9,0,13,0,8,0,0,0,0,1,1,6,3,-1,-1,1198,1,14,-1,-1,-1
201806M243108,2,9,0,7,0,5,0,0,0,0,3,1,2,1,57,9,1360,1,9,10,1,10
201806M243302,1,2,0,13,0,8,2,0,7,0,1,1,2,1,48,8,125,1,11,1,1,1
201806M243302,2,9,0,9,0,5,0,0,0,0,3,1,2,1,43,7,1596,1,11,10,1,10
201806M243443,1,9,0,18,0,0,0,0,0,0,1,1,6,1,30,6,2401,2,12,-1,-1,-1
201806M243443,2,90,0,4,0,0,0,0,0,0,2,1,6,1,42,7,-1,-1,-1,9,1,9
201806M243652,1,9,4,18,0,0,0,0,0,0,4,1,6,3,-1,-1,-1,-1,-1,-1,-1,-1
201806M243823,1,9,0,9,0,5,0,0,0,0,1,1,6,2,26,6,1968,2,6,2,1,2
201806M243823,2,9,0,18,0,8,0,0,0,0,1,1,2,1,35,6,1896,2,14,10,1,10
201806M244422,1,9,0,18,0,1,0,0,0,0,1,1,2,3,-1,-1,1149,1,15,-1,-1,-1
201806M244422,2,9,0,4,0,1,0,0,0,0,2,1,2,1,64,9,1240,1,15,9,1,9
201806M244453,1,9,0,18,0,1,0,0,0,0,1,1,6,1,37,7,1398,2,8,2,1,2
201806M244453,2,1,0,18,0,2,0,0,0,0,0,1,6,1,24,5,-1,-1,-1,4,1,4
201806M244533,1,9,0,5,0,0,0,0,0,0,1,1,6,1,81,11,1598,1,11,9,1,9
201806M244533,2,9,0,2,0,0,0,0,0,0,1,1,6,3,-1,-1,1969,1,3,9,1,9
201806M244819,1,9,0,4,0,1,0,0,0,0,3,1,6,1,39,7,1248,1,6,1,1,1
201806M244855,1,5,0,13,0,8,0,0,0,0,1,1,6,1,40,7,999,1,11,5,1,5
201806M244855,2,9,0,9,0,5,0,0,0,0,1,1,6,1,31,6,1796,1,7,9,1,9
201806M244938,1,1,0,15,0,8,0,0,0,1,0,1,6,1,26,6,-1,-1,-1,8,1,8
201806M244938,2,9,0,9,0,8,0,0,0,0,4,1,6,1,46,8,1582,2,1,7,1,7
201806M245214,1,9,0,18,0,0,0,0,0,0,0,1,6,1,37,7,1339,1,10,3,1,3
201806M245214,2,1,0,18,0,0,0,7,0,10,1,1,6,1,50,8,-1,-1,-1,10,2,10
201806M245305,1,9,0,9,0,8,5,0,0,0,4,1,6,1,22,5,998,1,3,8,2,8
201806M245305,2,8,0,18,0,8,0,0,0,0,1,1,1,1,39,7,1798,8,3,2,1,2
201806M245504,1,9,0,18,0,8,0,0,7,10,4,1,6,1,74,10,-1,-1,-1,10,1,10
201806M245504,2,8,0,18,0,8,0,0,1,10,1,1,1,1,36,7,2499,2,5,3,1,3
201806M245588,1,9,0,18,0,1,0,0,0,0,1,1,6,3,-1,-1,1598,1,13,-1,-1,-1
201806M245588,2,9,0,8,0,1,0,0,0,0,2,1,6,1,70,10,1560,2,4,10,1,10
201806M245819,1,9,0,14,0,0,0,0,0,0,4,1,6,1,54,8,1149,1,10,8,1,8
201806M245887,1,19,0,9,0,5,0,0,0,0,4,1,2,1,19,4,1598,2,6,2,1,2
201806M245887,2,1,0,9,0,8,0,0,0,0,1,1,2,1,33,6,-1,-1,-1,6,1,6
201806M246071,1,9,0,18,0,4,0,0,0,0,1,1,6,3,-1,-1,1797,8,4,-1,-1,-1
201806M246071,2,9,0,9,0,3,0,0,0,0,2,1,6,2,78,11,998,1,9,10,1,10
201806M246131,1,9,0,9,0,5,0,0,0,0,1,1,6,2,33,6,4367,2,3,9,1,9
201806M246135,1,9,0,9,0,8,0,0,0,0,4,1,6,2,45,7,1598,1,6,9,1,9
201806M246135,2,3,0,18,0,8,0,0,0,0,1,1,1,1,35,6,124,1,3,2,1,2
201806M246282,1,9,0,18,0,8,0,0,0,0,1,1,6,1,30,6,-1,-1,-1,5,1,5
201806M246282,2,1,0,18,0,8,0,0,0,0,1,1,6,1,26,6,-1,-1,-1,9,2,9
201806M246613,1,19,0,10,0,8,0,0,0,0,1,1,1,1,30,6,2143,2,6,1,1,1
201806M246613,2,9,0,18,0,8,0,0,0,0,4,1,2,1,41,7,2393,2,2,-1,-1,-1
201806M246695,1,9,0,6,0,0,0,0,0,0,3,1,6,2,40,7,1595,1,3,8,1,8
201806M246695,2,9,0,18,0,0,0,0,0,0,1,1,6,2,35,6,1108,1,15,1,1,1