Accident_Index,Vehicle_Reference,Vehicle_Type,Towing_and_Articulation,Vehicle_Manoeuvre,Vehicle_Location-Restricted_Lane,Junction_Location,Skidding_and_Overturning,Hit_Object_in_Carriageway,Vehicle_Leaving_Carriageway,Hit_Object_off_Carriageway,1st_Point_of_Impact,Was_Vehicle_Left_Hand_Drive?,Journey_Purpose_of_Driver,Sex_of_Driver,Age_of_Driver,Age_Band_of_Driver,Engine_Capacity_(CC),Propulsion_Code,Age_of_Vehicle,Driver_IMD_Decile,Driver_Home_Area_Type,Vehicle_IMD_Decile
201806M246711,1,9,0,9,0,6,0,0,0,0,1,1,6,3,-1,-1,1796,1,14,-1,-1,-1
201806M246711,2,1,0,4,0,8,0,0,0,0,4,1,6,1,23,5,-1,-1,-1,5,1,5
201806M246891,1,9,0,18,0,0,0,0,0,0,1,1,1,1,26,6,1364,1,4,1,1,1
201806M246891,2,9,0,18,0,0,0,0,0,0,2,1,1,2,36,7,1360,1,11,4,1,4
201806M246897,1,9,0,18,0,1,0,0,0,0,2,1,6,2,30,6,1461,2,2,-1,-1,-1
201806M246897,2,9,0,18,0,1,0,0,0,0,1,1,6,3,-1,-1,999,1,2,-1,-1,-1
201806M246968,1,9,0,18,0,1,0,0,0,0,1,1,6,1,64,9,1968,2,6,8,1,8
201806M246968,2,1,0,18,0,2,0,0,0,0,1,1,6,2,28,6,-1,-1,-1,2,1,2
201806M247086,1,9,0,7,0,2,0,0,0,0,4,1,1,1,33,6,1968,2,1,4,1,4
201806M247086,2,1,0,18,0,2,0,0,0,0,1,1,2,1,17,4,-1,-1,-1,3,1,3
201806M247121,1,9,0,9,0,6,0,0,0,0,1,1,2,1,26,6,1422,2,2,10,1,10
201806M247121,2,1,0,18,0,8,0,0,0,0,1,1,6,1,55,8,-1,-1,-1,8,1,8
201806M247123,1,9,0,15,0,0,0,0,0,0,4,1,6,1,17,4,1229,1,9,6,1,6
201806M247123,2,1,0,18,0,0,0,0,0,0,3,1,6,1,42,7,-1,-1,-1,9,1,9
201806M247127,1,5,0,18,0,8,0,0,0,0,0,1,6,1,50,8,-1,-1,-1,7,1,7
201806M247127,2,9,0,9,0,8,0,0,0,0,0,1,1,1,29,6,1968,2,12,2,1,2
201806M247315,1,9,0,18,0,0,0,0,0,0,1,1,6,1,39,7,999,1,3,9,1,9
201806M247315,2,9,0,3,0,0,0,0,0,0,1,1,6,1,78,11,1798,1,13,9,1,9
201806M247315,3,9,0,3,0,0,0,0,0,0,2,1,6,2,53,8,1686,2,5,4,1,4
201806M247320,1,9,0,18,0,1,0,0,0,0,1,1,6,3,-1,-1,1968,2,12,-1,-1,-1
201806M247320,2,5,0,14,0,2,0,0,0,0,1,1,6,1,24,5,1868,1,-1,3,1,3
201806M247658,1,9,0,18,0,3,0,0,0,0,1,1,6,3,-1,-1,-1,-1,-1,-1,-1,-1
201806M247658,2,1,0,18,0,3,0,0,0,0,2,1,6,1,23,5,-1,-1,-1,4,1,4
201806M247900,1,9,0,18,0,0,0,0,0,0,0,1,6,3,-1,-1,-1,-1,-1,-1,-1,-1
201806M247900,2,9,0,18,0,0,0,0,1,7,4,1,6,1,44,7,1794,1,11,4,1,4
201806M248036,1,8,0,18,0,1,0,0,0,0,1,1,1,1,42,7,1598,1,9,2,1,2
201806M248036,2,9,0,18,0,1,0,0,0,0,1,1,2,2,68,10,1240,1,8,8,1,8
201806M248586,1,9,0,9,0,8,0,0,0,0,1,1,6,2,19,4,998,1,7,6,1,6
201806M248586,2,9,0,17,0,8,0,0,0,0,1,1,6,1,52,8,1595,1,16,3,1,3
201806M248645,1,9,0,18,0,1,0,0,0,0,1,1,6,1,87,11,1590,1,13,9,1,9
201806M248645,2,9,0,18,0,1,0,0,0,0,2,1,6,2,46,8,1998,1,-1,10,1,10
201806M248645,3,9,0,18,0,8,0,0,0,0,2,1,6,1,44,7,3311,8,12,10,1,10
201806M248645,4,9,0,18,0,8,0,0,0,0,3,1,6,1,52,8,1753,2,11,7,1,7
201806M248688,1,9,0,9,0,6,0,0,0,0,1,1,1,2,30,6,1598,2,7,1,1,1
201806M248688,2,9,0,18,0,8,0,0,0,0,3,1,6,2,34,6,1796,1,11,-1,-1,-1
201806M248824,1,9,0,16,0,1,2,10,7,4,3,1,6,1,27,6,1995,1,11,7,1,7
201806M248931,1,9,0,18,0,8,0,0,0,0,1,1,6,2,22,5,1242,1,5,4,1,4
201806M248931,2,9,0,18,0,8,0,0,0,0,4,1,6,1,28,6,1329,1,5,9,1,9
201806M248931,3,9,0,2,0,1,0,0,0,0,2,1,6,1,27,6,1968,2,2,10,1,10
201806M249066,1,9,0,18,0,1,0,0,0,0,4,1,6,2,47,8,998,1,24,3,1,3
201806M249168,1,19,0,18,0,0,0,0,0,0,4,1,1,3,-1,-1,-1,-1,-1,-1,-1,-1
201806M249234,1,9,0,9,0,8,0,0,0,0,4,1,6,2,30,6,2184,2,8,2,1,2
201806M249234,2,1,0,18,4,8,0,0,0,0,1,1,6,1,69,10,-1,-1,-1,9,1,9
201806M249482,1,9,0,9,0,8,0,0,0,0,1,1,6,1,64,9,-1,-1,-1,2,1,2
201806M249482,2,9,0,18,0,8,0,0,0,0,1,1,6,1,25,5,1200,1,-1,-1,-1,-1
201806M249573,1,9,0,13,0,1,1,0,0,0,4,1,6,1,30,6,5461,1,5,-1,-1,-1
201806M249573,2,9,0,18,0,1,0,0,0,0,3,1,6,1,29,6,1896,2,13,-1,-1,-1
201806M249581,1,9,0,10,0,4,0,10,3,10,1,1,1,2,22,5,996,1,7,8,1,8
201806M249581,2,1,0,9,0,3,0,0,0,0,1,1,6,1,38,7,-1,-1,-1,-1,-1,-1
201806M249587,1,9,0,5,0,1,0,0,0,0,1,1,2,2,28,6,996,1,4,4,1,4
201806M249786,1,9,0,9,0,8,0,0,0,0,1,1,6,2,57,9,1198,1,6,1,1,1
201806M249786,2,1,0,18,0,8,0,0,0,0,1,1,6,1,14,3,-1,-1,-1,-1,-1,-1
201806M249806,1,9,0,4,0,1,0,0,0,0,1,1,6,2,49,8,1796,1,10,1,1,1
201806M249916,1,9,4,18,0,0,0,0,0,0,4,1,2,1,65,9,2720,2,11,7,1,7
201806M249916,2,9,0,18,0,0,0,0,0,0,4,1,6,1,63,9,1988,2,14,5,1,5
201806M249958,1,9,0,9,0,8,0,0,0,0,1,1,2,2,30,6,1399,2,14,-1,-1,-1
201806M250494,1,9,0,18,0,0,0,4,0,0,1,1,1,1,47,8,2204,2,12,10,1,10
201806M250494,2,9,0,2,0,0,0,0,0,0,1,1,6,1,81,11,1124,1,14,10,1,10
201806M250494,3,9,0,2,0,0,0,0,0,0,1,1,6,2,38,7,1242,1,2,10,1,10
201806M250621,1,9,0,9,0,6,0,0,0,0,1,1,6,2,45,7,1339,1,7,7,1,7
201806M250621,2,9,0,18,0,8,0,0,0,0,1,1,1,1,20,4,1395,1,5,8,1,8
201806M250785,1,9,0,1,0,0,0,0,0,0,2,1,2,2,35,6,1685,2,1,6,1,6
201806M251154,1,9,0,9,0,5,0,0,7,0,4,1,6,1,46,8,998,1,5,4,1,4
201806M251154,2,11,0,18,0,1,0,0,0,0,1,1,1,1,58,9,-1,-1,-1,9,1,9
201806M251154,3,9,0,8,0,6,0,0,0,0,1,1,6,1,47,8,998,1,3,9,1,9
201806M251229,1,9,0,18,0,2,0,0,0,0,3,1,6,3,-1,-1,1248,1,7,-1,-1,-1
201806M251229,2,9,0,18,0,2,0,0,0,0,4,1,2,1,50,8,1968,2,4,-1,-1,-1
201806M251472,1,19,0,9,0,1,0,0,0,0,3,1,6,3,-1,-1,-1,-1,-1,-1,-1,-1
201806M251472,2,9,0,18,0,1,0,0,0,0,3,1,2,2,28,6,1896,2,15,2,1,2
201806M251665,1,9,0,18,0,0,0,0,0,0,1,1,6,1,27,6,1596,1,13,2,1,2
201806M251665,2,9,0,6,0,0,0,0,0,0,2,1,6,2,22,5,-1,-1,-1,7,1,7
201806M251665,3,19,0,2,0,0,0,0,0,0,2,1,6,1,43,7,-1,-1,-1,7,1,7
201806M251696,1,9,0,14,0,0,0,0,0,0,1,1,6,2,23,5,1318,1,1,3,1,3
201806M251846,1,9,0,12,0,0,0,0,7,0,1,1,2,1,34,6,1587,1,11,5,1,5
201806M251846,2,9,0,18,0,0,0,0,7,0,1,1,2,1,37,7,1968,2,1,10,1,10
201806M252085,1,9,0,7,0,2,5,0,1,0,1,1,6,2,21,5,1598,1,8,7,1,7
201806M252091,1,9,0,6,0,0,0,0,0,0,1,1,1,1,40,7,1995,2,11,1,1,1
201806M252091,2,2,0,18,0,0,0,0,0,0,4,1,1,1,36,7,125,1,2,1,1,1
201806M252144,1,9,0,18,0,2,0,0,1,10,1,1,6,2,80,11,1598,2,7,10,1,10
201806M252453,1,9,0,14,0,2,0,0,0,0,0,1,6,1,50,8,1398,2,7,1,1,1
201806M252453,2,1,0,18,0,1,0,0,0,0,0,1,6,1,57,9,-1,-1,-1,-1,-1,-1
201806M351025,1,9,0,18,0,8,0,0,0,0,4,1,6,3,-1,-1,1956,2,6,-1,-1,-1
201806M351025,2,1,0,18,0,8,0,0,0,0,1,1,6,1,27,6,-1,-1,-1,4,1,4
201806N138869,1,9,0,16,0,1,1,7,7,7,1,1,6,1,55,8,1390,1,4,4,1,4
201806N139060,1,19,0,18,0,8,1,10,0,2,3,1,1,1,37,7,1995,2,-1,2,1,2
201806N139060,2,9,0,18,0,8,1,0,0,0,1,1,6,2,60,9,1422,2,3,8,1,8
201806N139110,1,8,0,18,0,2,0,0,0,0,1,1,1,1,29,6,1598,2,6,1,1,1
201806N139172,1,9,0,9,0,6,0,0,0,0,3,1,6,1,35,6,1896,2,8,2,1,2
201806N139228,1,9,0,18,0,4,0,0,0,0,1,1,6,3,-1,-1,-1,-1,-1,-1,-1,-1
201806N139228,2,9,0,18,0,8,0,0,0,0,4,1,6,1,33,6,1242,1,13,6,1,6
201806N139558,1,9,0,9,0,6,0,0,0,0,1,1,1,1,35,6,1497,8,11,1,1,1
201806N139867,1,9,0,17,0,0,1,4,0,0,3,1,6,3,-1,-1,-1,-1,-1,-1,-1,-1
201806N139867,2,9,0,17,0,0,1,0,1,10,4,1,6,1,53,8,1197,1,3,1,1,1
201806N139867,3,9,0,18,0,0,1,0,0,0,4,1,6,3,30,6,-1,-1,-1,-1,-1,-1
201806N139991,1,9,0,18,0,0,0,0,0,0,4,1,6,1,57,9,1896,2,15,-1,-1,-1
201806N140022,1,9,0,1,0,0,0,0,0,0,2,1,6,3,-1,-1,-1,-1,-1,-1,-1,-1
201806N140186,1,8,0,18,0,0,0,0,0,0,4,1,2,1,27,6,-1,-1,-1,4,1,4
201806N140186,2,3,0,18,0,0,2,0,0,0,3,1,2,1,53,8,-1,-1,-1,6,1,6
201806N140186,3,9,0,2,0,0,0,0,0,0,2,1,6,2,62,9,1560,2,4,-1,-1,-1
201806N140186,4,9,0,18,0,0,0,0,0,0,3,1,2,1,35,6,-1,-1,-1,6,1,6
201806N140186,5,9,0,18,0,0,0,0,0,0,3,1,6,3,-1,-1,-1,-1,-1,-1,-1,-1
201806N140206,1,9,0,14,0,8,1,0,0,0,1,1,6,1,31,6,1229,1,10,6,1,6
201806N140206,2,9,0,10,0,8,0,0,0,0,2,1,6,2,65,9,1590,1,16,8,1,8
201806N140206,3,1,0,18,0,8,0,0,0,0,1,1,6,1,48,8,-1,-1,-1,7,1,7
201806N140337,1,9,0,18,0,8,0,0,0,0,4,1,3,2,31,6,1242,1,11,6,1,6
201806N140463,1,9,0,18,0,0,0,0,0,0,3,1,6,1,30,6,1461,2,6,-1,-1,-1
201806N140472,1,9,0,18,0,2,1,10,7,4,3,1,6,1,29,6,1968,2,14,7,1,7
201806N140634,1,9,0,18,0,1,0,0,0,0,1,1,1,2,52,8,1560,2,1,2,1,2
201806N140634,2,9,0,4,0,1,0,0,0,0,2,1,6,2,68,10,1198,1,4,8,1,8
201806N140634,3,9,0,4,0,1,0,0,0,0,2,1,6,1,25,5,1398,1,3,2,1,2
201806N140638,1,9,0,18,0,8,5,0,7,10,3,1,6,1,24,5,2143,2,4,5,1,5
201806N140638,2,9,0,18,0,8,2,0,7,10,1,1,1,1,45,7,2400,2,6,-1,-1,-1
201806N140645,1,9,0,18,0,8,1,0,0,0,1,1,6,2,66,10,1388,1,4,8,1,8
201806N140645,2,9,0,4,0,8,1,0,0,0,2,1,6,1,63,9,1582,2,2,9,1,9
201806N140645,3,9,0,4,0,8,0,0,0,0,2,1,6,1,28,6,-1,-1,-1,3,1,3
201806N140867,1,9,0,18,0,0,0,0,0,0,1,1,6,1,30,6,2231,2,8,-1,-1,-1
201806N140867,2,9,0,3,0,0,0,0,0,0,2,1,6,2,25,5,1461,2,4,8,1,8
201806N140894,1,9,0,13,0,0,0,0,0,0,1,1,6,3,-1,-1,1590,1,17,-1,-1,-1
201806N140894,2,9,0,3,0,0,0,0,0,0,2,1,2,2,46,8,1461,2,3,7,1,7
201806N140894,3,9,0,3,0,0,0,0,0,0,2,1,2,2,59,9,1124,1,12,8,1,8
201806N141127,1,9,0,9,0,6,0,0,0,0,3,1,3,1,30,6,1968,2,9,5,1,5
201806N141127,2,9,0,18,0,8,0,10,8,0,3,1,3,2,43,7,1108,1,12,9,1,9
201806N141153,1,9,0,9,0,8,0,0,0,0,1,1,2,1,42,7,1968,2,4,2,1,2
201806N141153,2,9,0,18,0,8,0,0,1,10,1,1,2,1,26,6,1796,1,14,3,1,3
201806N141193,1,9,0,5,0,1,0,0,0,0,1,1,6,1,30,6,1798,8,2,-1,-1,-1
201806N141389,1,9,0,18,0,2,0,0,0,0,4,1,6,1,77,11,1870,2,16,3,1,3
201806N142112,1,9,0,13,0,8,0,0,0,0,4,1,6,1,50,8,1995,2,14,5,1,5
201806N142112,2,1,0,9,0,8,0,0,0,0,3,1,6,1,47,8,-1,-1,-1,2,1,2
201806N142356,1,9,0,18,0,0,1,0,0,0,1,1,6,1,30,6,1461,2,3,-1,-1,-1
201806N142356,2,9,0,18,0,0,0,0,0,0,3,1,6,1,79,11,1242,1,6,10,1,10
201806N142356,3,9,0,18,0,0,1,0,1,0,3,1,6,2,42,7,-1,-1,-1,9,1,9
201806N142356,4,9,0,2,0,0,0,0,0,0,1,1,6,2,48,8,1596,1,9,10,1,10
201806N142366,1,9,0,18,0,2,0,0,0,0,4,1,6,1,37,7,-1,-1,-1,4,1,4
201806N142507,1,19,4,3,0,1,0,0,0,0,1,1,1,1,30,6,-1,-1,-1,1,1,1
201806N142507,2,9,0,3,0,1,0,0,0,0,2,1,6,2,36,7,-1,-1,-1,4,1,4
201806N142507,3,9,0,3,0,1,0,0,0,0,2,1,6,2,30,6,-1,-1,-1,-1,-1,-1
201806N142838,1,9,0,18,0,8,0,0,0,0,1,1,6,2,86,11,1390,1,17,6,1,6
201806N142999,1,3,0,11,0,8,0,0,0,0,4,1,6,1,25,5,-1,-1,-1,6,1,6
201806N142999,2,3,0,18,0,8,1,10,1,0,3,1,6,1,24,5,-1,-1,-1,1,1,1
201806N143252,1,9,0,5,0,1,0,0,0,0,0,1,1,1,30,6,-1,-1,-1,-1,-1,-1
201806N143353,1,9,0,18,0,8,0,0,0,0,1,1,2,1,25,5,1198,1,4,5,1,5
201806N143353,2,9,0,18,0,8,0,0,0,0,3,1,2,2,52,8,2400,2,3,7,1,7
201806N143353,3,9,0,3,0,8,0,0,0,0,2,1,2,1,25,5,1198,1,1,8,1,8
201806N143353,4,9,0,3,0,8,0,0,0,0,2,1,2,1,21,5,1299,1,15,6,1,6
201806N143412,1,9,0,7,0,6,0,0,0,0,1,1,6,1,22,5,999,1,1,4,1,4
201806N143419,1,9,0,9,0,8,0,0,0,0,1,1,1,1,48,8,1995,2,4,1,1,1
201806N143419,2,4,0,18,0,8,0,0,0,0,1,1,6,1,30,6,599,1,15,6,1,6
201806N143639,1,17,4,14,0,0,0,0,0,0,4,1,1,1,28,6,6056,2,1,9,3,9
201806N143639,2,1,0,18,0,0,0,0,0,0,3,1,6,1,71,10,-1,-1,-1,7,1,7
201806N143686,1,9,0,18,0,4,0,0,0,0,1,1,6,3,-1,-1,2183,2,7,-1,-1,-1
201806N143686,2,9,0,9,0,3,0,0,0,0,1,1,6,1,31,6,-1,-1,-1,3,1,3
201806N143936,1,9,0,12,0,8,0,0,0,0,0,1,6,1,41,7,1598,2,3,4,1,4
201806N143936,2,5,0,18,0,8,0,0,0,0,0,1,6,1,32,6,805,1,7,10,1,10
201806N144432,1,9,0,9,0,5,0,0,0,0,1,1,6,2,58,9,1198,1,11,4,1,4
201806N144432,2,8,0,18,0,8,0,0,0,0,1,1,6,1,48,8,2499,2,11,5,1,5
201806N144481,1,9,0,18,0,2,0,0,0,0,1,1,6,2,64,9,1364,1,1,8,1,8
201806N144481,2,9,0,14,0,2,0,0,0,0,2,1,6,2,74,10,1497,1,13,6,1,6
201806N144481,3,11,0,2,0,2,0,0,0,0,2,1,1,1,32,6,9360,2,10,1,1,1
201806N144621,1,9,0,1,0,0,0,0,0,0,2,1,6,1,30,6,-1,-1,-1,-1,-1,-1
201806N144717,1,9,0,7,0,2,0,0,7,10,1,1,6,2,35,6,2143,2,1,2,1,2
201806N144769,1,9,0,18,0,2,0,0,0,0,1,1,6,1,31,6,2000,2,13,9,1,9
201806N144769,2,9,0,2,0,2,0,0,1,0,1,1,6,1,27,6,1229,1,5,2,1,2
201806N145104,1,9,0,1,0,0,0,0,0,0,2,1,6,3,-1,-1,1969,2,2,-1,-1,-1
201806N145104,2,9,0,2,0,0,0,4,0,0,1,1,6,2,50,8,1596,1,12,2,1,2
201806N145457,1,3,0,18,0,8,0,0,0,0,4,1,6,1,18,4,125,1,4,5,1,5
201806N145457,2,9,0,9,0,6,0,0,0,0,3,1,6,2,32,6,1242,1,5,6,1,6
201806N145632,1,9,0,5,0,1,0,0,0,0,4,1,3,1,30,6,-1,-1,-1,-1,-1,-1
201806N145654,1,9,0,18,0,1,0,0,0,0,1,1,6,1,30,6,1560,2,13,4,1,4
201806N145654,2,9,0,10,0,1,0,0,0,0,2,1,6,2,32,6,1796,1,15,1,1,1
201806N145657,1,9,0,16,0,1,0,0,0,6,1,1,6,1,25,5,1968,2,11,2,1,2
201806N145754,1,9,0,9,0,8,0,0,0,0,3,1,4,2,38,7,1496,2,2,10,1,10
201806N145754,2,9,0,9,0,8,0,0,0,0,0,1,6,1,30,6,-1,-1,-1,-1,-1,-1
201806N145754,3,10,0,18,0,8,0,0,0,0,1,1,1,1,52,8,-1,-1,-1,2,1,2
201806N145776,1,9,0,18,0,0,0,0,0,0,1,1,6,1,27,6,-1,-1,-1,2,1,2
201806N145780,1,9,0,18,0,1,5,10,0,0,4,1,6,1,66,10,1796,1,10,2,1,2
201806N145839,1,9,0,18,0,0,0,0,0,0,3,1,6,1,63,9,1798,1,4,6,1,6
201806N145839,2,8,0,18,0,0,0,0,0,0,3,1,1,1,36,7,-1,-1,-1,9,1,9
201806N145981,1,3,0,15,0,8,0,0,0,0,1,1,6,1,70,10,125,1,-1,5,1,5
201806N145981,2,9,0,7,0,8,0,0,0,0,4,1,6,2,55,8,1998,1,-1,10,1,10
201806N145994,1,9,0,18,0,0,0,0,0,0,1,1,6,3,-1,-1,-1,-1,-1,-1,-1,-1
201806N145994,2,9,0,18,0,0,0,0,0,0,2,1,6,2,37,7,1339,1,7,6,1,6
201806N146215,1,9,0,18,0,0,0,0,0,0,1,1,6,1,31,6,1560,2,5,7,1,7
201806N146311,1,19,0,15,0,0,0,4,1,2,1,1,6,1,29,6,1995,2,8,7,3,7
201806N146311,2,9,0,2,0,0,0,0,0,0,2,1,6,1,48,8,-1,-1,-1,2,1,2
201806N146558,1,3,0,18,0,8,0,0,0,0,1,1,6,1,19,4,124,1,6,-1,-1,-1
201806N146649,1,9,0,18,0,8,0,0,0,0,1,1,6,1,40,7,-1,-1,-1,4,1,4
201806N146649,2,9,0,18,0,5,0,7,3,1,4,1,6,1,59,9,1499,2,1,6,1,6
201806N146658,1,9,0,11,0,1,0,0,0,0,1,1,6,1,28,6,1596,1,13,4,1,4
201806N146658,2,11,0,17,0,1,0,0,0,0,1,1,1,1,54,8,9360,2,10,4,1,4
201806N146894,1,9,0,18,0,1,0,0,0,0,4,1,6,1,30,6,-1,-1,-1,-1,-1,-1
201806N146941,1,9,0,9,0,6,0,0,0,0,3,1,6,1,79,11,1598,1,13,1,1,1
201806N146941,2,3,0,18,0,8,5,0,0,0,1,1,2,1,37,7,-1,-1,-1,2,1,2
201806N147180,1,3,0,18,0,6,0,0,0,0,3,1,6,1,15,3,125,1,4,3,1,3
201806N147180,2,9,0,18,0,8,0,0,0,0,1,1,6,2,24,5,1598,1,7,10,1,10
201806N147427,1,9,0,9,0,6,0,0,0,0,3,1,2,1,22,5,1560,2,7,1,1,1
201806N147427,2,8,0,18,0,8,0,0,0,0,1,1,1,1,50,8,1598,2,8,1,1,1
201806N147719,1,9,0,9,0,8,0,0,0,0,1,1,6,1,20,4,998,1,17,7,1,7
201806N147719,2,9,0,5,0,8,0,0,0,0,3,1,6,1,22,5,1598,2,2,1,1,1
201806N147842,1,9,0,18,0,2,0,0,0,0,4,1,1,1,60,9,1896,2,11,2,1,2
201806N147904,1,3,0,15,0,1,0,0,0,0,1,1,6,1,31,6,125,1,-1,3,1,3
201806N147904,2,9,0,10,0,1,0,0,0,0,2,1,6,2,32,6,-1,-1,-1,2,1,2
201806N148048,1,9,0,18,0,8,0,0,0,0,1,1,1,1,30,6,1968,2,9,4,1,4
201806N148048,2,9,0,18,0,8,0,7,7,10,3,1,1,2,23,5,1198,1,7,2,1,2
201806N148283,1,9,0,18,0,8,0,0,0,0,3,1,6,2,81,11,1389,1,21,10,1,10
201806N148283,2,4,0,18,0,8,0,0,0,0,1,1,6,1,18,4,400,1,31,6,1,6
201806N148514,1,9,0,5,0,0,0,0,0,0,0,1,6,2,30,6,1364,1,-1,-1,-1,-1
201806N148514,2,11,0,18,0,0,0,0,0,0,0,1,1,1,65,9,4461,2,4,6,1,6
201806N149032,1,9,0,13,0,0,0,0,0,0,4,1,6,1,78,11,2497,2,18,1,1,1
201806N149032,2,1,0,18,0,0,0,0,0,0,3,1,6,1,62,9,-1,-1,-1,9,1,9
201806N149112,1,9,0,18,0,1,0,10,0,1,1,1,6,1,89,11,2143,2,2,9,1,9
201806N149520,1,9,0,9,0,8,0,0,0,0,0,1,6,3,30,6,-1,-1,-1,-1,-1,-1
201806N149520,2,11,0,18,0,8,0,0,0,0,0,1,6,1,28,6,7300,2,11,1,1,1
201806N150065,1,9,0,18,0,1,1,0,0,0,3,1,6,1,30,6,1248,2,12,-1,-1,-1
201806N150065,2,9,0,18,0,1,0,0,0,0,1,1,6,2,25,5,1339,1,11,2,1,2
201806N150095,1,9,0,18,0,8,0,0,0,0,1,1,6,3,-1,-1,-1,-1,-1,-1,-1,-1
201806N150095,2,9,0,9,0,8,0,0,0,0,4,1,6,1,40,7,1896,2,16,2,1,2
201806N150370,1,9,0,18,0,1,0,0,0,0,3,1,2,1,22,5,1197,1,4,4,1,4
201806N150434,1,9,0,18,0,6,0,0,0,0,1,1,2,2,54,8,1560,2,2,9,2,9
201806N150434,2,9,0,18,0,8,1,6,3,10,4,1,6,2,27,6,1968,2,8,6,1,6
201806N150950,1,9,0,5,0,8,0,0,0,0,1,1,6,3,-1,-1,1968,2,10,-1,-1,-1
201806N150950,2,9,0,18,0,8,0,0,0,0,4,1,6,2,39,7,1461,2,2,1,1,1
201806N150959,1,9,0,18,0,8,0,0,0,0,3,1,6,1,48,8,1399,1,2,3,1,3
201806N150959,2,9,0,10,0,8,0,0,0,0,1,1,6,2,27,6,1905,2,19,3,1,3
201806N150966,1,9,0,18,9,2,0,0,0,0,1,1,6,3,-1,-1,-1,-1,-1,-1,-1,-1
201806N150969,1,9,0,5,4,6,0,0,0,0,3,1,3,1,35,6,1991,8,-1,4,1,4
201806N151002,1,9,0,5,0,4,0,0,0,0,1,1,1,1,45,7,1398,1,4,3,1,3
201806N151002,2,9,0,5,0,4,0,0,0,0,3,1,1,1,40,7,1398,1,12,2,1,2
201806N151120,1,9,0,9,0,1,0,7,0,1,1,1,6,1,80,11,1199,1,16,5,1,5
201806N151120,2,9,0,18,0,8,0,0,0,0,1,1,6,2,79,11,1339,1,7,2,1,2
201806N151159,1,11,0,18,0,1,1,0,0,0,1,1,1,1,40,7,6370,2,14,1,1,1
201806N151159,2,9,0,4,0,1,0,0,0,0,2,1,1,2,44,7,1242,1,8,5,1,5
201806N151356,1,9,0,5,0,8,0,0,0,0,0,1,6,2,26,6,1197,1,-1,6,1,6
201806N151374,1,9,0,1,9,1,0,0,0,0,2,1,6,1,30,6,1991,2,10,-1,-1,-1
201806N151528,1,9,0,18,0,0,0,0,0,0,1,1,6,1,44,7,1461,2,3,7,1,7
201806N151542,1,9,0,4,0,1,1,0,0,0,1,1,2,2,32,6,1986,2,11,3,1,3
201806N151542,2,8,0,4,0,1,0,0,0,0,2,1,1,1,26,6,1896,2,9,2,1,2
201806N151542,3,9,0,4,0,1,0,0,0,0,2,1,1,1,45,7,1598,2,2,7,1,7
201806N151542,4,19,0,3,0,8,0,0,0,0,0,1,1,1,30,6,1598,2,3,1,1,1
201806N151554,1,90,0,9,0,5,0,0,0,0,1,1,2,1,23,5,-1,-1,-1,2,1,2
201806N151565,1,9,0,18,0,0,0,0,0,0,1,1,6,1,84,11,1951,2,12,4,1,4
201806N151588,1,9,0,4,0,2,0,0,0,0,2,1,6,2,64,9,998,1,1,1,1,1
201806N151588,2,9,0,18,0,2,0,0,0,0,1,1,6,1,29,6,1598,1,8,7,1,7
201806N151752,1,9,0,6,0,1,0,0,0,0,1,1,6,1,30,6,-1,-1,-1,-1,-1,-1
201806N151752,2,9,0,5,0,1,0,0,0,0,3,1,6,1,20,4,998,1,13,4,1,4
201806N151761,1,9,0,4,0,0,0,0,0,0,1,1,6,2,30,6,1242,1,12,-1,-1,-1
201806N151761,2,9,0,3,0,0,0,0,0,0,2,1,6,1,42,7,1968,2,7,2,1,2
201806N151777,1,9,0,18,0,1,0,0,7,0,4,1,6,1,27,6,1461,2,5,1,1,1
201806N151777,2,9,0,9,0,1,0,0,0,0,1,1,6,1,31,6,1199,1,17,4,2,4
201806N151842,1,9,0,9,0,1,0,0,0,0,1,1,6,1,33,6,999,1,-1,4,1,4
201806N151842,2,9,0,18,0,1,0,0,0,0,1,1,6,1,58,9,1198,1,12,4,1,4
201806N151847,1,9,0,9,0,1,0,0,0,0,1,1,6,2,76,11,1398,1,5,9,1,9
201806N151847,2,9,0,18,0,1,0,0,0,0,4,1,2,2,41,7,-1,-1,-1,5,1,5
201806N151976,1,9,0,18,0,6,1,0,0,0,0,1,6,1,71,10,1998,1,14,-1,-1,-1
201806N151976,2,9,0,18,0,1,1,0,0,0,1,1,6,2,27,6,1149,1,12,3,1,3
201806N152202,1,9,0,12,0,8,1,0,0,0,3,1,6,2,41,7,2000,2,7,1,1,1
201806N152202,2,20,1,18,0,8,0,0,0,0,4,1,1,1,64,9,6174,2,16,1,1,1
201806N152752,1,9,0,9,0,6,0,0,0,0,3,1,6,2,27,6,1368,1,11,3,1,3
201806N152752,2,5,0,18,0,8,0,0,0,0,1,1,2,1,27,6,599,1,18,5,1,5
201806N238991,1,9,0,5,0,1,0,0,0,0,1,1,6,1,30,6,-1,-1,-1,-1,-1,-1
201806N239194,1,9,0,5,0,8,1,10,0,0,1,1,6,1,29,6,-1,-1,-1,7,1,7
201806N239194,2,9,0,18,0,8,1,0,0,0,2,1,6,1,47,8,1870,2,13,4,1,4