Accident_Index,Vehicle_Reference,Vehicle_Type,Towing_and_Articulation,Vehicle_Manoeuvre,Vehicle_Location-Restricted_Lane,Junction_Location,Skidding_and_Overturning,Hit_Object_in_Carriageway,Vehicle_Leaving_Carriageway,Hit_Object_off_Carriageway,1st_Point_of_Impact,Was_Vehicle_Left_Hand_Drive?,Journey_Purpose_of_Driver,Sex_of_Driver,Age_of_Driver,Age_Band_of_Driver,Engine_Capacity_(CC),Propulsion_Code,Age_of_Vehicle,Driver_IMD_Decile,Driver_Home_Area_Type,Vehicle_IMD_Decile
201806N239307,1,9,0,9,0,5,0,0,7,10,1,1,6,2,48,8,1598,2,2,1,1,1
201806N239307,2,9,0,18,0,8,0,0,1,1,1,1,6,1,24,5,2393,1,16,4,1,4
201806N239459,1,9,0,18,0,8,1,0,0,10,1,1,6,3,-1,-1,1995,2,14,-1,-1,-1
201806N239459,2,9,0,18,0,8,1,0,0,0,4,1,6,1,38,7,1951,2,14,-1,-1,-1
201806N239479,1,9,0,5,0,4,0,0,0,0,1,1,6,2,31,6,1398,1,7,2,1,2
201806N239479,2,90,0,18,0,3,0,0,0,0,4,1,6,1,69,10,-1,-1,-1,2,1,2
201806N239547,1,9,0,9,0,5,0,0,0,0,1,1,6,2,30,6,1685,2,1,-1,-1,-1
201806N239629,1,9,0,9,0,6,0,0,0,0,1,1,6,2,43,7,1968,2,2,4,1,4
201806N239629,2,10,0,18,0,8,0,0,0,0,4,1,6,1,56,9,-1,-1,-1,8,1,8
201806N239665,1,9,0,7,0,8,0,0,0,0,1,1,6,2,42,7,-1,-1,-1,4,1,4
201806N239665,2,9,0,9,0,8,0,0,0,0,1,1,6,2,33,6,1995,2,8,1,1,1
201806N239819,1,9,0,18,0,1,0,0,0,0,1,1,6,2,26,6,1968,1,12,1,1,1
201806N239990,1,9,0,9,0,5,0,0,0,0,1,1,6,2,25,5,1461,2,5,5,1,5
201806N239990,2,1,0,18,0,8,0,0,0,0,3,1,6,1,30,6,-1,-1,-1,7,1,7
201806N240141,1,9,0,7,0,5,0,0,0,0,2,1,2,2,29,6,1999,2,3,5,1,5
201806N240141,2,1,0,18,4,8,0,0,0,0,1,1,2,1,38,7,-1,-1,-1,6,1,6
201806N240223,1,9,0,9,0,5,0,0,0,0,1,1,6,2,57,9,1388,1,9,9,1,9
201806N240223,2,4,0,18,0,8,0,0,0,0,3,1,6,1,27,6,649,1,24,9,1,9
201806N240239,1,9,0,18,0,1,0,0,0,0,1,1,2,2,30,6,1242,1,1,9,1,9
201806N240239,2,9,0,4,0,1,0,0,0,0,2,1,2,2,43,7,1229,1,5,4,1,4
201806N240680,1,9,0,9,0,8,0,0,0,0,1,1,6,1,39,7,1598,1,13,3,1,3
201806N240680,2,1,0,18,0,8,0,0,0,0,1,1,6,1,30,6,-1,-1,-1,5,1,5
201806N240811,1,9,0,18,0,0,0,0,0,0,4,1,6,1,30,6,1598,1,12,-1,-1,-1
201806N241152,1,9,0,1,0,1,0,0,0,0,2,1,6,3,-1,-1,2987,2,1,-1,-1,-1
201806N241152,2,9,0,18,0,1,0,0,0,0,1,1,1,1,31,6,1200,1,-1,1,1,1
201806N241265,1,9,0,6,8,1,0,0,0,0,3,1,6,1,31,6,1398,2,15,1,1,1
201806N241265,2,3,0,18,0,1,0,0,0,0,1,1,6,1,17,4,124,1,5,3,1,3
201806N241338,1,9,0,7,0,6,0,0,0,0,1,1,6,1,80,11,1339,1,4,7,1,7
201806N241338,2,1,0,18,0,8,0,0,0,0,4,1,6,1,62,9,-1,-1,-1,5,1,5
201806N241340,1,3,0,18,0,8,0,0,0,0,3,1,2,1,28,6,124,1,4,5,1,5
201806N241340,2,9,0,9,0,5,0,0,0,0,1,1,2,2,31,6,1560,2,1,6,1,6
201806N241461,1,9,0,9,0,3,0,0,0,0,1,1,6,2,25,5,1399,1,9,2,1,2
201806N241461,2,21,1,18,0,4,0,0,0,0,1,1,1,1,51,8,10677,2,1,4,2,4
201806N241750,1,19,0,1,0,0,0,0,0,0,2,1,6,1,30,6,-1,-1,-1,-1,-1,-1
201806N241947,1,9,0,18,0,0,0,0,0,0,1,1,6,1,19,4,1149,1,11,5,1,5
201806N241947,2,9,0,2,0,0,0,0,0,0,2,1,6,1,55,8,2204,2,12,5,1,5
201806N242060,1,9,0,5,9,8,0,0,0,0,2,1,6,2,49,8,2143,2,3,1,1,1
201806N242060,2,1,0,13,0,8,1,0,0,0,3,1,2,2,33,6,-1,-1,-1,2,1,2
201806N242407,1,9,0,9,0,0,0,0,0,0,3,1,6,1,29,6,1395,1,2,9,1,9
201806N242480,1,1,0,18,0,0,0,0,0,0,3,1,6,1,12,3,-1,-1,-1,1,1,1
201806N242480,2,9,0,16,0,0,0,0,0,0,1,1,6,1,21,5,1149,1,12,6,1,6
201806N242564,1,5,0,18,0,8,0,0,0,0,1,1,6,1,36,7,599,1,10,-1,-1,-1
201806N242564,2,8,0,9,0,8,0,0,0,0,4,1,1,1,21,5,1686,2,9,1,1,1
201806N242602,1,9,0,18,0,4,0,0,0,0,4,1,6,3,-1,-1,-1,-1,-1,-1,-1,-1
201806N242602,2,9,0,2,0,4,0,0,0,0,3,1,3,2,37,7,2967,2,10,7,1,7
201806N242603,1,9,0,14,0,0,0,0,0,0,1,1,6,3,-1,-1,2521,1,12,-1,-1,-1
201806N242603,2,9,0,18,0,0,0,0,0,0,2,1,6,2,48,8,1968,2,9,4,1,4
201806N242954,1,9,0,10,0,8,0,0,0,0,1,1,6,1,35,6,1398,1,1,6,-1,6
201806N242954,2,90,0,18,0,8,1,0,0,0,1,1,6,1,20,4,-1,-1,-1,2,1,2
201806N243185,1,9,0,18,0,8,0,0,0,0,3,1,2,2,59,9,1399,1,11,1,1,1
201806N243185,2,9,0,9,0,8,0,0,0,0,1,1,6,1,36,7,-1,-1,-1,9,1,9
201806N243568,1,9,0,6,0,8,1,0,0,0,1,1,6,1,19,4,1998,1,2,2,1,2
201806N243568,2,9,0,18,0,8,0,0,0,0,0,1,1,1,30,6,2993,2,1,-1,-1,-1
201806N243568,3,9,0,18,0,8,0,0,0,0,0,1,1,1,30,6,2993,2,3,-1,-1,-1
201806N243568,4,9,0,18,0,8,0,0,0,0,3,1,6,1,64,9,-1,-1,-1,8,1,8
201806N243925,1,2,0,18,0,0,0,0,0,0,1,1,6,1,34,6,49,1,4,3,1,3
201806N243925,2,9,0,2,0,0,0,0,0,0,2,1,6,1,25,5,1968,2,1,-1,-1,-1
201806N243951,1,9,0,9,0,6,0,0,0,0,1,1,3,2,67,10,1349,1,8,4,2,4
201806N243951,2,2,0,18,0,8,0,0,0,0,1,1,6,1,16,4,-1,-1,-1,1,1,1
201806N244294,1,9,0,9,0,6,0,0,0,0,1,1,2,2,30,6,1461,2,2,3,1,3
201806N244294,2,9,0,18,0,8,0,0,0,0,4,1,2,1,53,8,1968,2,7,6,1,6
201806N244477,1,9,0,9,0,7,0,0,0,0,1,1,6,1,30,6,1950,2,1,-1,-1,-1
201806N244477,2,9,0,18,0,8,0,0,0,0,4,1,6,1,29,6,1969,1,1,2,1,2
201806N244559,1,8,0,7,0,8,0,0,0,0,2,1,6,3,-1,-1,-1,-1,-1,-1,-1,-1
201806N244559,2,1,0,18,0,8,1,0,0,0,1,1,2,1,44,7,-1,-1,-1,10,1,10
201806N244610,1,9,0,18,0,0,5,0,0,0,1,1,6,2,68,10,1560,2,1,3,1,3
201806N244610,2,9,0,2,0,0,0,0,0,0,2,1,2,1,30,6,1388,1,15,-1,-1,-1
201806N244654,1,3,0,16,0,0,0,7,0,10,1,1,6,1,34,6,125,1,2,3,1,3
201806N244658,1,10,0,5,0,6,0,0,0,0,4,1,6,1,55,8,2198,2,10,1,-1,1
201806N244658,2,1,0,18,0,1,0,0,0,0,1,1,6,1,49,8,-1,-1,-1,8,1,8
201806N244709,1,9,0,9,0,5,0,0,0,0,1,1,6,3,-1,-1,796,1,10,-1,-1,-1
201806N244709,2,1,0,4,4,8,0,0,0,0,1,1,1,1,33,6,-1,-1,-1,8,3,8
201806N244764,1,11,0,18,0,0,0,0,1,0,1,1,6,1,30,6,-1,-1,-1,-1,-1,-1
201806N244915,1,9,0,12,0,8,0,0,0,0,1,1,6,3,-1,-1,1395,1,2,-1,-1,-1
201806N244915,2,9,0,10,0,8,0,0,0,0,2,1,6,2,21,5,1229,1,1,7,1,7
201806N244960,1,1,0,18,0,4,0,0,0,0,1,1,2,1,29,6,-1,-1,-1,8,1,8
201806N244960,2,9,0,3,0,3,0,0,0,0,1,1,2,1,39,7,1956,2,4,9,2,9
201806N245076,1,2,0,16,0,0,5,10,6,5,1,1,6,3,30,6,-1,-1,-1,-1,-1,-1
201806N245228,1,9,0,9,0,8,0,0,0,0,1,1,6,2,32,6,1499,1,1,8,1,8
201806N245228,2,1,0,18,0,8,0,0,0,0,1,1,6,1,57,9,-1,-1,-1,8,1,8
201806N245241,1,9,0,9,0,8,0,0,0,0,1,1,6,1,57,9,1998,1,12,8,1,8
201806N245241,2,1,0,18,0,8,0,0,0,0,1,1,2,1,42,7,-1,-1,-1,2,3,2
201806N245273,1,1,0,18,0,0,0,0,0,0,1,1,6,1,9,2,-1,-1,-1,-1,-1,-1
201806N245273,2,9,0,18,0,0,0,0,0,0,4,1,2,2,22,5,999,1,2,-1,-1,-1
201806N245379,1,8,0,18,0,2,0,0,0,0,4,1,1,1,36,7,1686,2,9,9,1,9
201806N245413,1,9,0,9,0,6,0,0,1,0,4,1,2,2,54,8,1242,1,2,7,1,7
201806N245413,2,9,0,18,0,8,0,0,1,0,1,1,2,2,27,6,1497,8,2,6,2,6
201806N245628,1,3,0,18,0,1,0,0,0,0,1,1,2,1,43,7,125,1,1,9,3,9
201806N245628,2,9,0,3,0,1,0,0,0,0,2,1,2,1,50,8,1598,2,3,4,1,4
201806N245653,1,19,0,18,0,1,0,0,0,0,1,1,6,3,-1,-1,2198,2,3,-1,-1,-1
201806N245653,2,10,0,2,0,1,0,0,0,0,1,1,6,1,38,7,-1,-1,-1,1,1,1
201806N245741,1,8,0,9,0,8,1,0,0,0,1,1,1,1,37,7,1598,2,7,-1,-1,-1
201806N245741,2,8,0,18,0,8,0,0,0,0,2,1,1,1,44,7,1968,2,7,-1,-1,-1
201806N245791,1,20,0,9,0,8,0,0,0,0,1,1,1,1,41,7,2143,2,5,4,1,4
201806N245791,2,9,0,18,0,8,0,0,0,0,3,1,1,2,53,8,1995,2,1,5,1,5
201806N245795,1,9,0,9,0,5,0,0,0,0,1,1,2,1,34,6,1950,2,1,1,1,1
201806N245896,1,9,0,18,0,6,0,0,0,10,1,1,6,2,71,10,1490,1,10,4,1,4
201806N245896,2,9,0,18,0,8,0,0,0,0,1,1,3,2,41,7,1598,1,16,6,1,6
201806N245927,1,9,0,18,0,0,0,0,0,0,1,1,6,3,-1,-1,-1,-1,-1,-1,-1,-1
201806N246004,1,9,0,3,0,1,0,0,0,0,1,1,6,3,-1,-1,-1,-1,-1,-1,-1,-1
201806N246004,2,9,0,10,0,1,0,0,0,0,2,1,6,2,35,6,1685,2,3,6,1,6
201806N246099,1,9,0,18,0,0,0,0,1,1,1,1,6,1,28,6,1497,8,3,8,1,8
201806N246205,1,9,0,7,0,8,0,0,0,0,1,1,6,3,-1,-1,2496,1,14,-1,-1,-1
201806N246205,2,1,0,9,0,8,0,0,0,0,1,1,6,2,8,2,-1,-1,-1,4,1,4
201806N246229,1,9,0,18,0,8,0,0,0,0,3,1,6,2,59,9,1461,2,2,7,1,7
201806N246229,2,1,0,18,0,8,0,0,0,0,1,1,2,1,53,8,-1,-1,-1,-1,-1,-1
201806N246293,1,9,0,18,0,8,0,0,0,0,1,1,6,1,31,6,1995,2,-1,-1,-1,-1
201806N246293,2,9,0,9,0,8,0,0,0,0,2,1,6,2,26,6,2143,2,4,6,1,6
201806N246316,1,9,0,18,0,0,5,0,0,0,1,1,1,1,31,6,1560,2,3,5,1,5
201806N246316,2,9,0,2,0,0,0,0,0,0,2,1,6,2,41,7,1461,2,8,1,1,1
201806N246317,1,9,0,13,0,0,0,0,0,0,4,1,6,3,-1,-1,-1,-1,-1,-1,-1,-1
201806N246317,2,9,0,18,0,0,0,0,0,0,3,1,6,2,40,7,2000,2,14,8,1,8
201806N246474,1,9,0,18,0,1,0,0,0,0,1,1,6,3,-1,-1,1798,8,6,-1,-1,-1
201806N246474,2,9,0,3,0,1,0,0,0,0,2,1,6,2,20,4,1596,1,11,8,1,8
201806N247182,1,9,0,9,0,6,0,0,0,0,1,1,6,2,46,8,1242,1,13,1,1,1
201806N247263,1,9,0,7,0,1,0,0,0,0,1,1,6,1,71,10,1685,2,-1,4,1,4
201806N247533,1,9,0,18,0,8,0,0,0,0,1,1,6,1,25,5,1598,2,4,3,1,3
201806N247533,2,9,0,18,0,8,0,0,0,0,1,1,6,1,35,6,1395,1,-1,6,3,6
201806N247745,1,9,0,9,0,5,0,0,0,0,4,1,6,1,22,5,1390,1,14,3,1,3
201806N247745,2,3,0,18,0,8,0,0,0,0,1,1,6,1,32,6,125,1,1,1,1,1
201806N247919,1,3,0,18,0,8,0,0,0,0,0,1,6,1,17,4,124,1,2,9,1,9
201806N248315,1,9,0,9,0,8,1,0,0,0,1,1,6,1,35,6,1360,1,12,7,3,7
201806N248315,2,9,0,9,0,1,0,0,0,0,3,1,2,2,30,6,1390,1,4,-1,-1,-1
201806N248315,3,9,0,17,0,8,0,0,0,0,3,1,2,2,20,4,998,1,8,8,3,8
201806N248315,4,9,0,17,0,8,2,0,0,0,1,1,2,2,47,8,999,1,14,4,1,4
201806N248424,1,9,0,7,0,1,0,0,0,0,1,1,6,3,-1,-1,-1,-1,-1,-1,-1,-1
201806N248424,2,9,0,18,0,8,0,0,0,0,2,1,6,2,53,8,999,1,6,9,1,9
201806N248424,3,9,0,2,0,2,0,0,0,0,4,1,6,2,50,8,1998,1,1,9,1,9
201806N248526,1,9,0,18,0,1,0,0,0,0,1,1,6,2,69,10,1296,1,10,9,1,9
201806N248526,2,9,0,4,0,1,0,0,0,0,2,1,6,1,39,7,1991,1,3,9,1,9
201806N248526,3,9,0,4,0,1,0,0,0,0,2,1,6,1,54,8,2993,2,6,-1,3,-1
201806N248553,1,9,0,18,0,1,0,0,0,0,1,1,1,1,51,8,1598,2,6,6,1,6
201806N248553,2,9,0,2,0,1,0,0,0,0,2,1,6,3,40,7,1329,1,1,-1,-1,-1
201806N248564,1,19,0,18,0,0,0,0,0,0,1,1,6,3,-1,-1,2148,2,13,-1,-1,-1
201806N248564,2,8,0,2,0,0,0,7,0,0,2,1,1,1,37,7,1995,2,5,10,1,10
201806N248697,1,9,0,7,0,5,0,0,0,0,1,1,6,2,48,8,1398,1,1,5,1,5
201806N248697,2,2,0,18,0,8,0,0,0,0,4,1,6,1,16,4,49,1,1,6,1,6
201806N248717,1,9,0,9,0,1,0,0,0,0,4,1,6,1,30,6,-1,-1,-1,-1,-1,-1
201806N248717,2,9,0,9,0,8,0,0,0,0,4,1,6,1,62,9,-1,-1,-1,6,1,6
201806N249064,1,19,0,18,0,8,0,0,0,0,4,1,6,3,-1,-1,-1,-1,-1,-1,-1,-1
201806N249064,2,3,0,9,0,6,0,0,0,0,1,1,6,1,19,4,125,1,2,9,1,9
201806N249881,1,9,0,18,0,4,0,0,0,0,1,1,6,1,23,5,-1,-1,-1,1,1,1
201806N249881,2,9,0,9,0,4,0,0,0,0,0,1,6,2,74,10,1197,1,2,2,1,2
201806N249881,3,9,0,18,0,4,0,0,0,0,0,1,1,1,51,8,2993,2,2,1,1,1
201806N249919,1,90,0,11,0,8,0,0,0,0,3,1,1,1,29,6,-1,-1,-1,1,1,1
201806N249919,2,9,0,18,0,8,0,0,0,0,1,1,2,2,22,5,998,1,2,6,1,6
201806N250149,1,9,0,7,0,1,0,0,0,0,1,1,6,2,27,6,1364,1,9,6,1,6
201806N250149,2,9,0,7,0,1,0,0,0,0,2,1,6,2,57,9,998,1,16,1,1,1
201806N250567,1,19,0,16,0,8,0,0,0,0,3,1,2,1,28,6,-1,-1,-1,7,1,7
201806N250904,1,9,0,18,0,1,0,0,0,0,1,1,2,2,35,6,1198,1,2,7,1,7
201806N250968,1,9,0,10,0,5,0,0,0,0,1,1,6,1,30,6,-1,-1,-1,-1,-1,-1
201806N250968,2,1,0,18,0,8,0,0,0,0,1,1,1,1,58,9,-1,-1,-1,4,1,4
201806N250972,1,9,0,18,0,0,0,0,0,0,1,1,6,3,-1,-1,-1,-1,-1,-1,-1,-1
201806N251034,1,9,0,9,0,6,0,0,0,0,1,1,6,2,50,8,2143,2,1,9,1,9
201806N251034,2,9,0,18,0,1,0,0,0,0,3,1,6,2,31,6,2179,2,6,6,1,6
201806N251314,1,21,0,1,0,1,0,0,0,0,2,1,1,1,54,8,-1,-1,-1,9,1,9
201806N251398,1,9,0,17,0,0,2,0,1,9,1,1,6,1,23,5,1988,1,16,3,1,3
201806N251653,1,8,0,18,0,8,0,0,0,0,1,1,1,1,37,7,1598,2,5,1,1,1
201806N251853,1,9,0,18,0,0,0,0,0,10,1,1,6,1,33,6,1991,1,4,4,1,4
201806N251853,2,9,0,6,0,0,0,0,0,0,4,1,6,1,58,9,1461,2,2,4,1,4
201806N251982,1,9,0,9,0,6,0,0,0,0,3,1,6,2,30,6,875,1,5,-1,-1,-1
201806N251982,2,9,0,18,0,8,0,0,0,0,1,1,6,2,84,11,1497,8,6,6,2,6
201806N339913,1,9,0,18,0,8,0,0,7,2,1,1,6,1,25,5,2598,1,23,1,1,1
201806N347285,1,11,0,18,0,1,0,0,0,0,1,1,1,1,53,8,9360,2,10,1,1,1
201806P139182,1,9,0,7,0,6,0,0,0,0,1,1,6,1,20,4,996,1,8,7,1,7
201806P139182,2,9,0,18,0,8,0,0,0,0,4,1,6,1,25,5,1598,1,5,2,1,2
201806P139361,1,9,0,18,0,0,0,0,0,0,1,1,6,1,22,5,1368,1,5,6,1,6
201806P139527,1,20,0,7,0,1,0,0,0,0,3,1,1,1,30,6,-1,2,23,-1,-1,-1
201806P139527,2,9,0,3,0,1,0,0,0,0,2,1,2,1,30,6,1396,1,20,2,1,2
201806P139727,1,90,0,18,0,0,0,0,0,0,1,1,1,1,44,7,-1,-1,-1,6,1,6
201806P139727,2,9,0,4,0,0,0,0,0,0,2,1,2,2,62,9,2148,2,10,5,1,5
201806P139774,1,9,0,13,0,2,0,0,0,0,4,1,3,2,32,6,998,1,3,9,1,9
201806P139774,2,9,0,3,0,2,0,0,0,0,0,1,6,3,-1,-1,-1,-1,-1,-1,-1,-1
201806P139806,1,9,0,18,0,0,0,0,0,0,3,1,6,1,66,10,1386,1,12,1,1,1
201806P139972,1,19,0,9,0,5,0,0,0,0,1,1,6,1,30,6,2148,2,11,-1,-1,-1
201806P139972,2,9,0,18,0,8,0,0,0,0,1,1,6,2,62,9,1461,2,4,4,1,4
201806P140421,1,9,0,18,0,0,0,0,0,0,3,1,6,1,30,6,1496,1,1,-1,-1,-1
201806P140421,2,9,0,18,0,0,0,0,0,0,3,1,6,1,55,8,1997,2,6,7,1,7
201806P140509,1,9,0,4,0,1,0,0,0,0,3,1,6,1,52,8,2179,2,8,9,1,9
201806P140509,2,9,0,17,0,2,1,0,0,0,4,1,6,1,30,6,1988,1,19,-1,-1,-1
201806P140567,1,9,0,18,0,1,0,0,7,10,1,1,6,1,24,5,-1,-1,-1,1,1,1
201806P140783,1,9,0,18,0,0,1,0,0,0,1,1,6,3,-1,-1,1998,1,15,-1,-1,-1
201806P140783,2,9,0,18,0,0,0,0,0,0,1,1,2,2,46,8,1598,1,7,4,3,4
201806P140792,1,9,0,4,0,1,0,0,0,0,1,1,6,1,29,6,1995,2,-1,3,1,3
201806P140792,2,9,0,3,0,1,0,0,0,0,2,1,6,1,23,5,1496,2,1,2,1,2
201806P140820,1,3,0,18,0,8,0,0,0,0,4,1,2,1,37,7,124,1,7,1,1,1
201806P140820,2,9,0,9,0,6,0,0,0,0,1,1,6,1,70,10,2987,2,3,9,1,9
201806P140886,1,21,0,5,0,6,0,0,0,0,1,1,1,1,43,7,10837,2,4,3,1,3
201806P141049,1,9,0,9,0,8,0,0,0,0,1,1,6,1,80,11,1798,8,1,3,1,3
201806P141049,2,9,0,18,0,1,0,0,0,0,1,1,6,2,30,6,1149,1,13,-1,-1,-1
201806P141060,1,9,0,18,0,0,0,0,0,0,1,1,6,2,53,8,1499,2,1,5,1,5
201806P141060,2,9,0,18,0,0,0,0,0,0,1,1,6,2,67,10,1242,1,7,8,1,8
201806P141060,3,9,0,2,6,0,0,0,0,0,2,1,6,2,65,9,1560,2,4,-1,-1,-1
201806P141174,1,9,0,13,0,8,1,0,0,0,4,1,6,1,30,6,1587,1,13,-1,-1,-1
201806P141174,2,9,0,9,0,5,0,0,0,0,3,1,6,2,45,7,1598,2,7,1,1,1
201806P141290,1,9,0,18,0,4,0,0,0,0,1,1,6,1,47,8,2993,2,2,1,1,1
201806P141290,2,9,0,18,0,8,5,0,0,0,3,1,6,1,63,9,1686,2,13,3,1,3
201806P141514,1,9,0,14,0,1,0,0,0,0,4,1,6,2,53,8,1149,1,12,3,1,3
201806P141516,1,9,0,1,0,8,0,0,0,0,2,1,6,1,52,8,2993,2,4,1,1,1
201806P141516,2,9,0,3,0,8,0,0,0,0,1,1,6,1,38,7,2993,2,1,8,1,8
201806P142114,1,9,0,8,0,1,0,0,0,0,1,1,6,2,23,5,1390,1,12,-1,-1,-1
201806P142114,2,9,0,9,0,2,0,0,0,0,3,1,6,1,25,5,1968,2,10,2,1,2
201806P142145,1,9,0,18,0,8,0,0,0,0,1,1,6,1,30,6,1896,2,15,-1,-1,-1
201806P142145,2,9,0,9,0,8,0,0,0,0,4,1,6,2,29,6,1368,1,2,4,1,4
201806P142164,1,9,0,18,0,6,0,0,0,0,2,1,6,3,-1,-1,-1,-1,-1,-1,-1,-1
201806P142303,1,9,0,16,0,0,1,10,1,2,1,1,2,1,25,5,1560,2,11,1,1,1
201806P142432,1,9,0,1,0,1,0,0,0,0,2,1,6,1,38,7,1753,2,9,8,1,8
201806P142472,1,9,0,18,0,1,0,0,0,0,1,1,6,1,51,8,1968,2,2,4,1,4
201806P142544,1,9,0,4,0,1,0,0,0,0,2,1,6,2,30,6,1598,2,5,-1,-1,-1
201806P142544,2,9,0,3,0,1,0,0,0,0,2,1,2,1,28,6,1598,2,5,4,1,4
201806P142544,3,9,0,18,0,1,1,0,0,0,1,1,6,1,30,6,-1,-1,-1,-1,-1,-1
201806P142648,1,9,0,18,0,8,0,0,0,0,1,1,6,1,26,6,1999,1,14,1,1,1
201806P142648,2,9,0,9,0,8,0,0,0,0,4,1,6,2,24,5,-1,-1,-1,2,1,2
201806P143042,1,8,0,18,0,8,0,0,0,0,1,1,1,1,64,9,1896,2,11,6,1,6
201806P143212,1,9,0,9,0,5,0,0,0,0,4,1,6,1,30,6,-1,-1,-1,-1,-1,-1
201806P143212,2,4,0,18,0,1,0,0,0,0,1,1,1,1,44,7,689,1,1,3,1,3
201806P143457,1,9,0,18,0,8,0,0,0,0,1,1,6,1,21,5,1395,8,3,1,1,1
201806P143457,2,8,0,9,0,8,0,10,0,0,2,1,6,1,41,7,2497,1,13,1,1,1
201806P143509,1,21,0,18,0,8,0,0,0,0,1,1,6,1,81,11,6728,2,1,7,1,7
201806P143509,2,9,0,4,0,5,0,0,0,0,2,1,6,2,30,6,998,1,1,1,1,1
201806P143679,1,9,0,18,0,8,0,0,0,0,3,1,6,1,30,6,-1,-1,-1,-1,-1,-1
201806P143679,2,19,0,9,0,6,0,0,0,0,1,1,6,1,32,6,1598,2,3,6,1,6
201806P143713,1,3,0,4,0,0,2,0,0,0,4,1,2,1,38,7,125,1,7,8,1,8
201806P143713,2,9,0,4,0,0,0,0,0,0,3,1,2,1,57,9,2494,2,7,4,1,4
201806P143727,1,9,0,18,0,8,0,0,0,0,1,1,6,1,41,7,1997,2,13,8,1,8
201806P143727,2,9,0,18,0,6,0,0,0,0,3,1,6,1,44,7,1493,2,13,1,1,1
201806P143918,1,8,0,9,0,5,0,0,3,0,1,1,6,1,30,6,1461,2,9,-1,-1,-1
201806P143918,2,1,0,18,0,8,0,0,0,0,2,1,6,1,47,8,-1,-1,-1,9,1,9
201806P144002,1,9,0,18,0,2,0,0,0,0,4,1,6,1,26,6,1995,2,5,9,1,9
201806P144002,2,1,0,18,0,2,0,0,0,0,1,1,6,1,30,6,-1,-1,-1,-1,-1,-1
201806P144337,1,9,0,6,0,0,0,0,0,0,1,1,6,1,30,6,1896,2,12,-1,-1,-1
201806P144337,2,8,0,2,0,0,0,0,0,0,2,1,6,1,40,7,-1,-1,-1,2,1,2
201806P144750,1,9,0,9,0,8,0,0,0,0,1,1,6,1,19,4,1240,1,15,1,1,1
201806P144796,1,90,0,18,0,1,0,4,0,7,1,1,6,1,34,6,-1,-1,-1,1,1,1
201806P144796,2,9,0,3,0,1,0,0,0,0,2,1,2,2,37,7,1124,1,12,2,1,2
201806P145024,1,9,0,9,0,8,0,0,0,0,1,1,6,1,29,6,1995,2,5,4,1,4
201806P145092,1,10,0,18,0,1,0,0,0,0,3,1,3,1,44,7,-1,-1,-1,3,1,3
201806P145146,1,9,0,5,0,8,0,0,0,0,1,1,6,2,79,11,1229,1,9,4,1,4
201806P145146,2,90,0,3,9,8,0,0,0,0,4,1,6,1,52,8,-1,-1,-1,1,1,1
201806P145152,1,4,0,18,0,8,0,0,0,0,1,1,6,1,26,6,-1,-1,-1,1,1,1
201806P145152,2,9,0,9,0,8,0,0,0,0,1,1,6,2,67,10,1329,1,2,4,1,4
201806P145199,1,9,0,4,0,0,0,0,0,0,1,1,6,2,30,6,1461,2,6,-1,-1,-1
201806P145199,2,9,0,4,0,0,0,0,0,0,2,1,6,2,24,5,999,1,2,3,1,3
201806P145363,1,9,0,8,0,8,0,0,0,0,1,1,6,3,-1,-1,2987,2,4,-1,-1,-1
201806P145363,2,9,0,18,0,8,0,0,0,0,3,1,6,1,50,8,1398,2,5,3,1,3
201806P145382,1,90,0,18,0,0,0,0,0,0,1,1,6,1,30,6,-1,-1,-1,-1,-1,-1
201806P145404,1,9,0,18,0,8,0,0,0,0,1,1,6,1,30,6,-1,-1,-1,-1,-1,-1
201806P145419,1,9,0,9,0,8,0,0,0,0,4,1,6,1,47,8,1498,1,16,1,1,1
201806P145419,2,5,0,18,0,8,0,0,0,0,1,1,6,1,51,8,1215,1,5,4,1,4
201806P145436,1,9,0,18,0,0,0,0,0,0,1,1,6,1,17,4,998,1,3,3,1,3
201806P145469,1,9,0,3,0,0,0,0,0,0,3,1,1,1,30,6,1896,2,15,2,1,2
201806P145652,1,9,0,18,0,4,0,0,0,0,1,1,2,1,24,5,1595,1,12,4,1,4
201806P145652,2,9,0,9,0,4,0,0,0,0,4,1,2,1,49,8,1499,2,2,-1,-1,-1
201806P145652,3,9,0,3,0,4,0,0,0,0,1,1,2,2,51,8,1200,1,3,1,1,1
201806P146069,1,9,0,18,0,1,0,0,0,0,1,1,6,1,30,6,1948,1,15,-1,-1,-1
201806P146069,2,9,0,3,0,1,0,0,0,0,2,1,6,1,44,7,1781,1,15,2,1,2
201806P146203,1,9,0,14,0,8,0,10,2,0,1,1,6,1,37,7,1994,1,14,3,1,3
201806P146203,2,9,0,9,0,6,0,10,0,0,3,1,6,2,19,4,998,1,9,4,1,4
201806P146353,1,2,0,18,0,1,0,0,0,0,1,1,6,1,15,3,-1,-1,-1,2,1,2
201806P146353,2,9,0,9,0,2,0,0,0,0,3,1,6,2,40,7,1364,2,12,1,1,1
201806P146383,1,9,0,18,0,0,0,0,0,0,1,1,6,1,19,4,1390,1,4,4,1,4
201806P146393,1,9,0,3,4,2,0,0,1,0,4,1,6,3,-1,-1,-1,-1,-1,-1,-1,-1