Accident_Index,Vehicle_Reference,Vehicle_Type,Towing_and_Articulation,Vehicle_Manoeuvre,Vehicle_Location-Restricted_Lane,Junction_Location,Skidding_and_Overturning,Hit_Object_in_Carriageway,Vehicle_Leaving_Carriageway,Hit_Object_off_Carriageway,1st_Point_of_Impact,Was_Vehicle_Left_Hand_Drive?,Journey_Purpose_of_Driver,Sex_of_Driver,Age_of_Driver,Age_Band_of_Driver,Engine_Capacity_(CC),Propulsion_Code,Age_of_Vehicle,Driver_IMD_Decile,Driver_Home_Area_Type,Vehicle_IMD_Decile
201806P146393,2,1,0,18,4,2,5,0,1,0,1,1,1,1,48,8,-1,-1,-1,9,1,9
201806P146655,1,9,0,18,0,1,0,0,0,0,3,1,6,1,29,6,1598,1,8,3,1,3
201806P146803,1,9,0,18,0,1,0,0,0,0,1,1,6,1,24,5,1299,1,18,3,1,3
201806P146821,1,5,0,18,0,8,1,0,0,0,1,1,6,1,34,6,599,1,20,2,1,2
201806P146821,2,9,0,4,0,1,0,0,0,0,3,1,6,1,55,8,1995,2,4,2,1,2
201806P147897,1,9,0,9,0,2,0,0,0,0,1,1,6,1,24,5,1398,1,6,1,1,1
201806P148019,1,9,0,18,0,4,0,0,0,0,3,1,6,3,-1,-1,1984,1,12,-1,-1,-1
201806P148019,2,9,0,9,0,8,0,0,0,0,1,1,6,1,47,8,998,1,16,2,1,2
201806P148258,1,9,0,7,0,2,0,0,0,0,3,1,2,2,45,7,1149,1,6,1,1,1
201806P148286,1,9,0,7,0,2,0,0,0,0,1,1,1,1,36,7,1995,2,5,-1,-1,-1
201806P148449,1,9,0,1,0,2,0,0,0,0,1,1,6,3,-1,-1,1598,1,13,-1,-1,-1
201806P148449,2,9,0,2,0,2,0,0,0,0,1,1,6,1,27,6,1497,8,11,1,1,1
201806P148546,1,9,0,18,0,0,0,0,0,0,1,1,6,1,31,6,1995,2,5,9,1,9
201806P148546,2,9,0,18,0,0,0,0,0,0,1,1,6,1,31,6,2998,1,-1,1,1,1
201806P148546,3,9,0,18,0,0,0,0,0,0,1,1,6,1,36,7,1339,1,14,1,1,1
201806P148556,1,8,0,18,0,2,0,0,0,0,1,1,1,1,42,7,1968,2,10,2,1,2
201806P148638,1,9,0,6,9,1,0,0,0,0,1,1,6,2,32,6,2179,2,6,2,1,2
201806P149456,1,9,0,18,0,8,0,0,0,0,3,1,6,2,30,6,998,1,4,8,1,8
201806P149510,1,9,0,9,0,8,0,0,0,0,1,1,6,1,30,6,2231,2,11,1,1,1
201806P149510,2,9,0,18,0,8,0,0,0,0,1,1,6,1,18,4,1229,1,11,1,1,1
201806P149686,1,9,0,18,0,8,0,0,0,0,2,1,6,3,-1,-1,1984,1,12,-1,-1,-1
201806P149686,2,9,0,10,0,8,0,0,0,0,1,1,6,1,33,6,1968,2,10,1,1,1
201806P149983,1,9,0,7,0,2,0,0,0,0,1,1,6,1,30,6,2148,2,15,1,1,1
201806P149983,2,9,0,18,0,1,0,0,0,0,1,1,6,1,39,7,1349,1,14,2,1,2
201806P149990,1,9,0,9,0,6,0,0,0,0,3,1,1,1,40,7,-1,-1,-1,4,1,4
201806P149990,2,11,0,18,0,8,2,0,0,0,1,1,1,3,-1,-1,-1,-1,-1,-1,-1,-1
201806P150002,1,9,0,18,0,1,1,0,0,10,1,1,6,3,-1,-1,1229,1,10,-1,-1,-1
201806P150002,2,9,0,18,0,1,0,0,0,0,1,1,6,2,66,10,1240,1,15,1,1,1
201806P150267,1,9,0,1,0,2,0,0,0,0,2,1,6,1,26,6,-1,-1,-1,1,1,1
201806P150842,1,9,0,18,0,1,0,0,0,0,1,1,6,3,-1,-1,-1,-1,-1,-1,-1,-1
201806P150998,1,90,0,18,0,0,0,0,0,0,1,1,6,1,29,6,-1,-1,-1,1,1,1
201806P150998,2,90,0,3,0,0,0,0,0,0,2,1,2,1,41,7,-1,-1,-1,9,2,9
201806P151146,1,9,0,7,0,1,0,0,0,0,1,1,6,2,30,6,-1,-1,-1,-1,-1,-1
201806P151146,2,1,0,9,0,1,2,0,0,0,2,1,6,1,36,7,-1,-1,-1,1,1,1
201806P151471,1,9,0,5,0,8,0,0,0,0,1,1,6,2,30,6,-1,-1,-1,-1,-1,-1
201806P151908,1,9,0,18,0,8,1,0,0,0,1,1,6,2,25,5,1560,2,4,-1,-1,-1
201806P151908,2,9,0,9,0,6,0,0,0,0,1,1,6,1,52,8,2440,2,25,8,1,8
201806P151978,1,9,0,18,0,0,0,0,0,0,1,1,6,1,30,6,1590,1,17,-1,-1,-1
201806P152011,1,9,0,18,0,4,0,0,0,0,1,1,6,1,44,7,1794,1,14,6,1,6
201806P152011,2,9,0,18,0,4,0,0,0,0,1,1,6,2,65,9,1242,1,5,6,1,6
201806P152170,1,9,0,9,0,2,0,0,0,0,1,1,6,1,30,6,-1,-1,-1,-1,-1,-1
201806P152537,1,9,0,18,0,8,0,0,0,0,1,1,1,2,17,4,998,1,10,6,1,6
201806P152537,2,9,0,18,0,8,0,0,0,0,1,1,6,3,-1,-1,1390,1,15,-1,-1,-1
201806P152614,1,9,0,9,0,6,0,0,0,0,1,1,2,1,38,7,2179,2,9,8,1,8
201806P152721,1,9,0,16,0,1,2,7,6,7,3,1,6,1,19,4,1229,1,10,2,1,2
201806P239563,1,9,0,9,0,6,0,0,0,0,1,1,6,1,56,9,3956,1,16,1,1,1
201806P239781,1,9,0,17,0,0,5,10,0,10,4,1,6,2,30,6,1200,1,4,3,1,3
201806P239803,1,9,0,18,0,0,0,0,0,0,1,1,6,3,-1,-1,1999,1,16,-1,-1,-1
201806P239803,2,9,0,3,0,0,0,0,0,0,2,1,6,2,44,7,1998,2,6,2,1,2
201806P239898,1,9,0,18,0,0,0,0,0,0,1,1,6,1,61,9,1560,2,7,6,1,6
201806P239899,1,9,0,7,0,6,0,0,0,0,1,1,6,1,74,10,1998,2,10,-1,-1,-1
201806P239902,1,90,0,5,0,0,0,0,0,0,1,1,1,1,70,10,-1,-1,-1,2,1,2
201806P239982,1,9,0,18,0,0,5,0,8,6,4,1,2,1,65,9,-1,-1,-1,-1,-1,-1
201806P240185,1,9,0,18,0,0,0,0,0,0,0,1,6,3,-1,-1,-1,-1,-1,-1,-1,-1
201806P240185,2,9,0,18,0,0,0,7,0,10,1,1,6,1,77,11,1498,1,2,1,1,1
201806P240192,1,9,0,18,0,2,0,0,0,0,3,1,6,2,54,8,1198,1,4,4,1,4
201806P240196,1,9,0,14,0,1,0,0,0,0,4,1,2,2,65,9,1560,2,3,8,1,8
201806P240475,1,9,0,18,0,1,0,0,0,0,1,1,6,1,67,10,1591,1,1,1,1,1
201806P240475,2,9,0,3,0,1,0,0,0,0,2,1,2,2,44,7,1200,1,4,4,1,4
201806P240501,1,9,0,7,0,5,0,0,0,0,4,1,6,1,30,6,1497,1,13,-1,-1,-1
201806P240553,1,9,0,18,0,2,0,0,0,0,1,1,6,1,28,6,2000,1,13,5,1,5
201806P240572,1,19,0,18,0,0,0,2,0,0,1,1,1,1,35,6,1598,2,2,1,1,1
201806P240786,1,9,0,18,0,8,0,0,0,0,4,1,6,3,-1,-1,1984,1,3,-1,-1,-1
201806P240786,2,9,0,10,0,5,0,0,0,0,3,1,6,2,49,8,1364,1,3,-1,-1,-1
201806P241237,1,9,0,1,8,0,0,0,0,0,2,1,6,2,30,6,-1,-1,-1,-1,-1,-1
201806P241237,2,1,0,18,0,0,0,0,0,0,4,1,6,1,42,7,-1,-1,-1,1,1,1
201806P241363,1,9,0,18,0,8,0,0,0,0,1,1,6,3,-1,-1,-1,-1,-1,-1,-1,-1
201806P241536,1,9,0,5,0,1,0,0,0,0,1,1,6,1,44,7,1598,1,11,-1,-1,-1
201806P241536,2,9,0,3,0,1,0,0,0,0,2,1,6,2,36,7,1398,1,3,2,1,2
201806P241597,1,4,0,18,0,1,0,0,0,0,0,1,6,3,30,6,-1,-1,-1,-1,-1,-1
201806P241871,1,9,0,7,0,6,0,0,0,0,0,1,6,3,-1,-1,2143,2,7,-1,-1,-1
201806P241871,2,9,0,18,0,2,0,0,0,0,1,1,6,1,48,8,1900,2,13,1,1,1
201806P241871,3,11,0,18,0,1,0,0,0,0,3,1,1,1,36,7,4500,2,6,1,1,1
201806P241916,1,9,0,18,0,1,1,6,2,10,1,1,6,1,21,5,1995,2,13,1,1,1
201806P241916,2,9,0,18,0,1,0,0,1,10,1,1,6,2,28,6,1198,1,8,4,1,4
201806P242412,1,9,0,18,0,6,0,0,0,0,4,1,6,3,-1,-1,1984,2,6,-1,-1,-1
201806P242412,2,9,0,18,0,8,0,0,0,0,1,1,6,1,60,9,2993,2,9,9,1,9
201806P242499,1,9,0,18,0,0,0,7,7,1,1,1,6,2,19,4,1299,1,15,1,1,1
201806P242731,1,3,0,18,0,8,0,0,0,0,1,1,6,1,17,4,125,1,-1,9,1,9
201806P242731,2,9,0,9,0,5,0,0,0,0,1,1,6,1,68,10,1753,2,14,1,1,1
201806P242731,3,9,0,8,0,1,0,0,0,0,1,1,6,1,26,6,1242,1,10,3,3,3
201806P242957,1,9,0,13,0,0,0,0,0,0,1,1,6,1,47,8,-1,-1,-1,4,1,4
201806P242957,2,9,0,18,0,0,0,0,0,0,2,1,6,1,30,6,2000,2,12,-1,-1,-1
201806P243107,1,9,0,18,0,0,0,4,0,0,1,1,1,1,31,6,1560,2,9,2,1,2
201806P243107,2,9,0,3,0,0,0,0,1,10,2,1,6,3,30,6,1386,1,12,-1,-1,-1
201806P243540,1,9,0,9,0,5,0,0,0,0,4,1,6,1,30,6,2231,2,11,-1,-1,-1
201806P243540,2,9,0,18,0,8,0,0,0,0,1,1,6,1,39,7,1240,1,15,1,1,1
201806P244346,1,8,0,13,0,1,0,0,0,0,4,1,6,1,30,6,-1,-1,-1,-1,-1,-1
201806P244346,2,8,0,18,0,1,0,0,0,0,3,1,6,1,46,8,1618,1,-1,1,1,1
201806P244377,1,9,0,18,0,2,0,0,0,0,1,1,4,1,56,9,-1,-1,-1,7,1,7
201806P244490,1,11,0,18,0,0,0,0,0,0,4,1,1,1,38,7,9360,2,10,2,1,2
201806P244531,1,9,0,9,0,6,0,0,0,0,1,1,6,2,28,6,1198,1,7,2,1,2
201806P244531,2,9,0,18,0,8,0,0,0,0,4,1,6,1,79,11,1598,1,12,7,1,7
201806P244614,1,9,0,9,0,8,0,0,0,0,1,1,6,1,77,11,-1,-1,-1,2,1,2
201806P244614,2,2,0,18,0,8,0,0,0,0,1,1,6,1,22,5,124,1,5,1,1,1
201806P244647,1,9,0,18,0,8,1,0,0,0,3,1,6,1,24,5,-1,-1,-1,1,1,1
201806P244647,2,9,0,10,0,8,0,0,7,10,4,1,6,1,45,7,1999,2,10,1,1,1
201806P244647,3,9,0,2,0,8,0,0,0,0,3,1,6,3,-1,-1,1783,1,15,-1,-1,-1
201806P244712,1,9,0,18,0,0,0,0,0,0,1,1,6,2,30,6,1686,2,8,4,1,4
201806P244797,1,9,0,16,0,0,0,0,0,0,0,1,6,3,-1,-1,-1,-1,-1,-1,-1,-1
201806P244797,2,5,0,15,0,0,0,0,2,10,4,1,6,1,26,6,636,1,15,6,1,6
201806P245084,1,3,0,18,0,8,0,0,0,0,1,1,6,1,30,6,125,1,2,-1,-1,-1
201806P245084,2,9,0,5,0,8,0,0,0,0,1,1,6,2,42,7,1390,1,5,4,1,4
201806P245230,1,9,0,18,0,0,0,0,0,0,1,1,6,1,46,8,1796,1,16,1,1,1
201806P245230,2,9,0,2,0,0,0,0,0,0,2,1,6,2,53,8,1398,1,7,2,1,2
201806P245232,1,9,0,18,0,0,0,0,0,0,4,1,6,2,35,6,2494,8,1,7,1,7
201806P245232,2,9,0,2,0,0,0,0,0,0,4,1,6,1,30,6,1339,1,12,-1,-1,-1
201806P245264,1,9,0,18,0,8,0,0,0,0,1,1,6,2,31,6,1597,2,3,1,1,1
201806P245264,2,9,0,18,0,8,1,10,1,10,4,1,6,2,23,5,1248,2,8,1,1,1
201806P245275,1,9,0,18,0,8,0,0,0,0,1,1,6,1,30,6,1199,1,15,-1,-1,-1
201806P245311,1,9,0,18,0,8,0,0,0,0,4,1,6,3,-1,-1,1900,2,12,-1,-1,-1
201806P245311,2,9,0,18,0,8,0,0,0,0,3,1,6,2,42,7,1762,1,18,1,1,1
201806P245353,1,9,0,1,0,2,0,0,0,0,2,1,6,1,30,6,1242,1,10,-1,-1,-1
201806P245353,2,9,0,3,0,1,0,0,0,0,1,1,6,2,32,6,1995,2,2,3,1,3
201806P245357,1,9,0,5,0,0,0,0,0,0,1,1,6,1,30,6,1968,2,9,1,1,1
201806P245357,2,9,0,18,0,0,1,0,0,0,3,1,6,1,25,5,-1,-1,-1,-1,-1,-1
201806P245424,1,9,0,18,0,0,0,0,0,0,1,1,3,1,31,6,2171,1,16,1,1,1
201806P245424,2,9,0,18,0,0,0,0,0,0,1,1,6,1,25,5,1497,8,10,1,1,1
201806P245424,3,9,0,18,0,0,0,0,0,0,2,1,6,1,37,7,1994,1,15,1,1,1
201806P245424,4,9,0,18,0,0,0,0,0,0,2,1,6,1,23,5,1685,2,3,6,1,6
201806P245474,1,9,0,13,0,8,0,10,0,0,1,1,6,3,-1,-1,1998,1,-1,-1,-1,-1
201806P245474,2,9,0,18,0,8,0,0,0,0,1,1,2,2,50,8,1461,2,2,-1,-1,-1
201806P245812,1,1,0,18,0,8,1,0,0,0,1,1,6,1,14,3,-1,-1,-1,1,1,1
201806P245812,2,9,0,18,0,8,0,0,0,0,4,1,6,1,37,7,1598,2,1,6,1,6
201806P245885,1,9,0,18,0,2,0,10,7,10,1,1,6,1,80,11,1398,1,18,2,1,2
201806P245885,2,9,0,18,0,1,0,0,1,10,3,1,6,1,40,7,2967,2,3,3,1,3
201806P245913,1,9,0,18,0,8,0,0,0,0,1,1,6,3,-1,-1,1395,1,1,-1,-1,-1
201806P245913,2,9,0,2,0,8,0,0,0,0,2,1,6,1,45,7,1995,2,13,1,1,1
201806P245977,1,90,0,18,0,0,0,0,0,0,1,1,6,1,13,3,-1,-1,-1,-1,-1,-1
201806P245977,2,90,0,2,0,0,0,0,0,0,3,1,6,3,-1,-1,-1,-1,-1,-1,-1,-1
201806P246244,1,9,0,18,0,8,0,0,0,0,1,1,6,1,30,6,-1,-1,-1,-1,-1,-1
201806P246244,2,9,0,18,0,8,0,10,0,0,1,1,6,1,18,4,1362,1,4,3,1,3
201806P246390,1,5,0,13,0,8,0,0,0,0,1,1,6,1,68,10,1690,1,1,6,1,6
201806P246390,2,9,0,9,0,5,0,0,0,0,3,1,6,2,41,7,998,1,9,7,1,7
201806P246569,1,9,0,13,0,8,0,0,0,0,2,1,6,3,-1,-1,1560,2,13,-1,-1,-1
201806P246569,2,9,0,18,0,8,0,0,0,0,1,1,6,1,52,8,-1,-1,-1,8,1,8
201806P246638,1,9,0,18,0,6,1,0,0,0,1,1,6,1,30,6,2300,1,18,-1,-1,-1
201806P246638,2,9,0,18,0,8,0,10,1,2,3,1,6,2,36,7,1597,2,5,3,1,3
201806P246701,1,9,0,9,0,5,0,0,0,0,4,1,6,1,30,6,1497,8,11,-1,-1,-1
201806P246701,2,1,0,18,9,8,0,0,0,0,1,1,6,1,17,4,-1,-1,-1,1,1,1
201806P246839,1,9,0,18,0,1,0,0,0,0,1,1,6,3,-1,-1,1396,1,15,-1,-1,-1
201806P246839,2,9,0,4,0,1,0,0,0,0,2,1,6,2,41,7,1398,1,1,4,1,4
201806P246966,1,9,0,18,0,0,0,0,0,0,1,1,6,1,50,8,1794,1,12,1,1,1
201806P247464,1,9,0,18,0,2,0,0,0,0,1,1,6,1,23,5,1998,1,14,2,1,2
201806P247484,1,9,0,18,0,1,0,0,0,0,1,1,6,3,-1,-1,1229,1,11,-1,-1,-1
201806P247484,2,1,0,18,4,1,1,0,0,0,1,1,1,1,17,4,-1,-1,-1,4,1,4
201806P247575,1,21,0,1,0,5,0,0,0,0,2,1,6,3,-1,-1,-1,-1,-1,-1,-1,-1
201806P247575,2,8,0,8,0,5,0,0,0,0,1,1,6,2,27,6,1398,1,2,2,1,2
201806P247652,1,9,0,18,0,8,0,0,0,0,1,1,6,1,29,6,1956,2,3,5,1,5
201806P247652,2,9,0,2,0,8,0,0,0,0,2,1,6,3,-1,-1,1560,2,5,4,1,4
201806P247675,1,9,0,17,0,0,2,0,7,10,1,1,2,2,30,6,999,1,5,3,1,3
201806P247932,1,9,0,18,0,8,0,0,0,0,1,1,6,3,-1,-1,1598,2,6,-1,-1,-1
201806P247932,2,9,0,3,0,2,0,0,0,0,2,1,6,1,52,8,1560,2,5,1,1,1
201806P248371,1,9,0,18,0,1,0,0,0,0,1,1,6,3,-1,-1,-1,-1,-1,-1,-1,-1
201806P248371,2,9,0,18,0,1,0,0,0,0,2,1,6,2,51,8,1368,1,9,3,1,3
201806P248529,1,9,0,18,0,2,0,0,0,10,4,1,6,1,72,10,1200,1,1,3,1,3
201806P248529,2,19,0,3,0,2,0,0,0,0,0,1,1,1,56,9,1995,2,5,6,3,6
201806P248855,1,9,0,18,0,0,0,0,0,0,4,1,6,1,41,7,1598,1,1,-1,-1,-1
201806P248855,2,9,0,18,0,0,0,0,0,0,3,1,6,1,41,7,1598,1,7,-1,-1,-1
201806P248961,1,9,0,18,0,8,0,0,0,0,1,1,6,3,-1,-1,-1,-1,-1,-1,-1,-1
201806P250031,1,9,0,18,0,8,0,0,0,0,1,1,6,1,30,6,1200,1,1,4,1,4
201806P250031,2,9,0,18,0,8,0,0,0,0,2,1,6,2,44,7,1200,1,4,4,1,4
201806P250202,1,9,0,18,0,1,1,0,0,0,1,1,1,1,43,7,1796,7,11,1,1,1
201806P250202,2,9,0,18,0,1,0,0,0,0,2,1,1,1,63,9,2231,2,11,1,1,1
201806P250202,3,9,0,18,0,2,0,0,0,0,2,1,6,1,60,9,-1,-1,-1,3,1,3
201806P250210,1,9,0,18,0,8,0,0,0,0,1,1,6,1,19,4,1596,1,8,2,1,2
201806P250210,2,9,0,9,0,5,0,0,0,0,2,1,6,2,35,6,1364,1,10,6,1,6
201806P250210,3,9,0,18,0,1,0,0,0,0,1,1,6,1,55,8,1388,1,16,6,1,6
201806P250211,1,9,0,9,0,6,0,0,0,0,1,1,6,1,82,11,1598,2,2,4,1,4
201806P250211,2,9,0,18,0,8,0,0,0,0,4,1,6,2,32,6,-1,-1,-1,2,1,2
201806P250611,1,9,0,18,0,0,0,0,0,0,1,1,1,1,31,6,1339,1,12,1,1,1
201806P250752,1,9,0,17,0,0,0,0,0,0,1,1,6,1,72,10,1560,2,9,-1,-1,-1
201806P250758,1,9,0,18,0,8,0,0,0,0,4,1,6,1,34,6,1968,2,10,6,1,6
201806P250783,1,9,0,18,0,8,0,0,0,0,1,1,6,3,-1,-1,-1,-1,-1,-1,-1,-1
201806P250783,2,1,0,18,0,8,0,0,0,0,1,1,6,1,23,5,-1,-1,-1,2,1,2
201806P250788,1,9,0,13,0,1,0,0,0,0,1,1,6,3,-1,-1,-1,-1,-1,-1,-1,-1
201806P250788,2,9,0,9,0,5,0,0,0,0,1,1,2,1,53,8,1388,1,6,7,1,7
201806P250793,1,9,0,14,0,1,0,0,0,0,1,1,6,1,75,10,2198,1,16,9,1,9
201806P250794,1,9,0,9,0,1,0,0,0,0,4,1,2,2,25,5,998,1,1,8,1,8
201806P250794,2,1,0,18,0,8,1,0,0,0,1,1,2,1,35,6,-1,-1,-1,8,1,8
201806P250806,1,9,0,18,0,0,0,0,0,0,1,1,6,2,74,10,1499,2,5,7,1,7
201806P250806,2,9,0,18,0,0,0,0,1,10,1,1,6,1,52,8,1781,1,14,5,2,5
201806P250912,1,9,0,18,0,0,0,0,0,0,1,1,6,1,30,6,1995,2,-1,-1,-1,-1
201806P250912,2,9,0,4,0,0,0,0,0,0,2,1,2,1,66,10,1598,2,4,8,1,8
201806P251404,1,9,0,5,0,0,0,0,0,0,1,1,6,1,30,6,1984,1,2,-1,-1,-1
201806P251699,1,9,0,8,0,2,0,0,0,0,1,1,6,1,30,6,1900,2,20,-1,-1,-1
201806P251699,2,90,0,4,0,2,0,0,0,0,2,1,6,1,37,7,-1,-1,-1,7,1,7
201806P252488,1,9,0,9,0,8,0,0,0,0,1,1,6,1,20,4,1390,1,7,2,1,2
201806P252488,2,9,0,18,9,8,0,0,1,10,4,1,6,1,24,5,1995,2,5,2,1,2
201806P252540,1,9,0,1,8,1,0,0,0,0,2,1,6,1,31,6,-1,-1,-1,4,1,4
201806P252542,1,9,0,14,0,0,1,0,0,0,1,1,6,1,16,4,1497,1,13,1,1,1
201806P252542,2,9,0,2,0,0,0,0,0,0,2,1,6,1,30,6,-1,-1,-1,-1,-1,-1
201806P252545,1,9,0,5,0,6,0,0,0,0,1,1,6,3,-1,-1,4511,1,15,-1,-1,-1
201806P252545,2,9,0,18,0,8,0,0,0,0,1,1,2,1,61,9,1598,1,-1,1,1,1
201806P252545,3,9,0,18,0,8,0,0,0,0,2,1,2,1,24,5,1248,2,13,1,1,1
201806P255608,1,9,0,18,0,1,0,0,0,0,1,1,6,1,30,6,2148,2,10,-1,-1,-1
201806P255608,2,9,0,3,0,1,0,0,0,0,2,1,6,1,30,6,-1,-1,-1,-1,1,-1
201806P339556,1,9,0,18,0,2,0,0,0,0,4,1,6,2,58,9,1364,1,11,7,1,7
201806P339871,1,9,0,18,0,0,0,0,0,0,1,1,6,2,54,8,1968,2,3,-1,-1,-1
201806P339871,2,1,0,18,0,0,0,0,0,0,2,1,6,1,72,10,-1,-1,-1,7,1,7
201806P339893,1,9,0,18,0,8,0,0,0,0,1,1,6,3,-1,-1,-1,-1,-1,-1,-1,-1
201806P339893,2,9,0,8,0,5,0,0,0,0,1,1,6,1,20,4,1242,1,18,3,1,3
201806P339918,1,9,0,18,0,2,0,0,0,0,4,1,1,1,36,7,-1,-1,-1,3,1,3
201806P340079,1,9,0,10,0,5,0,0,0,0,2,1,6,1,33,6,1461,2,8,3,1,3
201806P340079,2,9,0,15,0,8,0,0,0,0,1,1,6,1,34,6,1598,2,5,4,1,4
201806P340190,1,1,0,18,0,0,0,0,0,0,1,1,2,1,37,7,-1,-1,-1,6,1,6
201806P340190,2,9,0,4,0,0,0,0,0,0,4,1,2,1,57,9,1364,2,1,3,1,3
201806P340489,1,9,0,1,0,8,0,0,0,0,4,1,6,1,38,7,-1,-1,-1,8,1,8
201806P340489,2,9,0,18,0,8,0,0,0,0,1,1,2,1,51,8,1598,1,6,8,1,8
201806P340751,1,9,0,17,0,2,1,10,2,10,4,1,6,1,19,4,1242,1,15,3,1,3
201806P340899,1,9,0,18,0,0,0,0,0,0,1,1,6,1,39,7,1995,2,13,1,1,1
201806P340899,2,9,0,18,0,0,0,0,0,0,1,1,6,1,45,7,2143,2,1,6,1,6
201806P341544,1,9,0,15,0,8,0,0,1,0,1,1,6,3,-1,-1,1596,1,10,-1,-1,-1
201806P341544,2,9,0,9,0,8,0,0,0,0,1,1,6,1,30,6,1390,1,23,4,1,4
201806P341679,1,9,0,18,0,1,0,0,0,0,1,1,6,1,30,6,1587,1,12,2,1,2
201806P341815,1,9,0,18,0,8,0,0,0,0,1,1,6,2,50,8,1598,1,9,2,1,2
201806P341815,2,9,0,8,0,1,0,0,0,0,1,1,6,1,26,6,1968,2,6,-1,-1,-1
201806P341978,1,9,0,5,0,1,0,0,1,10,1,1,6,2,30,6,1499,2,2,-1,-1,-1
201806P342167,1,10,0,9,0,8,0,0,0,0,3,1,1,1,63,9,-1,-1,-1,2,1,2
201806P342167,2,3,0,18,0,8,0,0,0,0,3,1,1,1,27,6,125,1,2,2,1,2
201806P342167,3,9,0,18,0,1,0,0,0,0,3,1,1,1,33,6,2993,2,2,4,1,4
201806P342374,1,9,0,13,0,1,0,10,0,0,1,1,6,1,21,5,2000,1,8,2,1,2
201806P342374,2,9,0,4,0,1,0,0,0,0,3,1,6,1,30,6,1598,1,11,-1,-1,-1
201806P342374,3,9,0,18,0,8,0,0,0,0,1,1,6,1,23,5,998,1,1,3,1,3
201806P342374,4,9,0,4,0,1,0,0,0,0,0,1,1,1,39,7,1200,1,2,-1,-1,-1
201806P342435,1,9,0,18,0,0,0,0,0,0,1,1,6,3,-1,-1,1995,2,6,-1,-1,-1
201806P342435,2,9,0,3,0,0,0,0,0,0,2,1,1,1,29,6,698,1,14,7,1,7
201806P342545,1,9,0,4,0,1,0,0,0,0,1,1,6,2,57,9,1198,1,3,1,1,1
201806P342545,2,9,0,2,0,1,0,0,0,0,0,1,6,3,-1,-1,1598,2,2,-1,-1,-1
201806P342582,1,9,0,5,0,6,0,0,0,0,1,1,6,2,36,7,1998,1,10,4,1,4
201806P342582,2,9,0,18,0,8,0,0,0,0,3,1,6,2,23,5,1496,2,3,10,1,10
201806P342582,3,9,0,18,0,1,0,0,0,0,4,1,6,2,55,8,1598,2,1,2,1,2
201806P342632,1,9,0,18,0,8,0,0,0,0,1,1,2,1,69,10,1497,8,1,9,1,9
201806P342632,2,9,0,18,0,8,0,0,0,0,3,1,2,1,58,9,1796,1,7,4,1,4
201806P342709,1,9,0,18,0,1,0,0,0,10,1,1,6,2,17,4,2148,2,12,2,1,2
201806P343061,1,9,0,9,0,6,0,0,0,0,3,1,6,2,67,10,2000,1,13,8,1,8
201806P343061,2,4,0,18,0,1,0,0,0,0,1,1,6,1,30,6,124,1,5,4,1,4
201806P343272,1,9,0,9,0,2,0,0,0,0,3,1,6,1,56,9,1997,2,16,3,1,3
201806P343272,2,3,0,18,0,2,0,0,0,0,1,1,6,1,35,6,124,1,1,1,1,1
201806P343390,1,9,0,17,0,8,0,0,0,0,1,1,1,2,43,7,-1,-1,-1,4,1,4
201806P343390,2,9,0,5,0,6,0,0,0,0,3,1,6,3,-1,-1,-1,-1,-1,-1,-1,-1
201806P343606,1,9,0,7,0,6,1,0,7,0,4,1,6,1,30,6,-1,-1,-1,-1,-1,-1
201806P343606,2,9,0,7,0,1,0,0,0,0,1,1,1,1,30,6,2993,2,1,1,1,1
201806P343606,3,9,0,7,0,1,0,0,0,0,0,1,1,1,30,6,1984,1,1,1,1,1
201806P343834,1,9,0,9,0,5,0,0,0,0,3,1,6,1,48,8,-1,-1,-1,4,1,4
201806P343834,2,19,0,18,0,8,0,0,0,0,1,1,6,1,49,8,2198,2,8,9,1,9
201806P344076,1,9,0,5,0,0,0,0,0,0,1,1,6,3,-1,-1,-1,-1,-1,-1,-1,-1
201806P344076,2,9,0,4,0,0,0,0,0,0,0,1,6,3,-1,-1,-1,-1,-1,-1,-1,-1
201806P344076,3,9,0,3,0,0,0,0,0,0,2,1,6,1,38,7,1997,2,3,10,1,10
201806P344815,1,9,0,18,0,0,0,0,1,0,1,1,2,1,37,7,1499,2,-1,1,1,1
201806P345220,1,9,0,9,0,8,0,0,0,0,1,1,6,2,74,10,998,1,2,3,1,3
201806P345220,2,4,0,18,0,8,0,0,0,0,1,1,6,1,33,6,599,1,22,4,1,4
201806P345442,1,9,0,9,0,8,0,0,0,0,3,1,6,3,-1,-1,-1,-1,-1,-1,-1,-1
201806P345442,2,9,0,10,0,8,0,0,0,0,4,1,6,1,52,8,1598,1,8,8,1,8
201806P345626,1,9,0,5,0,4,0,0,0,0,3,1,6,2,65,9,1560,2,14,1,1,1
201806P345626,2,1,0,18,0,8,0,0,0,0,4,1,6,1,79,11,-1,-1,-1,4,1,4
201806P345746,1,19,0,5,0,0,0,0,0,0,4,1,1,1,52,8,2198,2,3,7,3,7
201806P345869,1,9,0,9,0,6,0,0,0,0,1,1,6,3,30,6,1598,1,15,-1,-1,-1
201806P345869,2,8,0,18,0,8,0,0,0,0,1,1,6,1,70,10,1995,2,11,1,1,1
201806P345934,1,9,0,18,0,8,1,4,7,10,1,1,6,1,23,5,1395,1,2,-1,-1,-1