Accident_Index,Vehicle_Reference,Vehicle_Type,Towing_and_Articulation,Vehicle_Manoeuvre,Vehicle_Location-Restricted_Lane,Junction_Location,Skidding_and_Overturning,Hit_Object_in_Carriageway,Vehicle_Leaving_Carriageway,Hit_Object_off_Carriageway,1st_Point_of_Impact,Was_Vehicle_Left_Hand_Drive?,Journey_Purpose_of_Driver,Sex_of_Driver,Age_of_Driver,Age_Band_of_Driver,Engine_Capacity_(CC),Propulsion_Code,Age_of_Vehicle,Driver_IMD_Decile,Driver_Home_Area_Type,Vehicle_IMD_Decile
201806Q248508,1,9,0,12,0,0,0,0,0,0,3,1,6,3,-1,-1,1242,1,15,-1,-1,-1
201806Q248508,2,9,0,18,0,0,0,0,0,0,4,1,1,1,40,7,1461,2,8,1,1,1
201806Q248527,1,9,0,18,0,1,0,0,0,0,4,1,6,1,73,10,1360,1,8,4,1,4
201806Q248533,1,9,0,18,0,1,0,0,0,0,1,1,6,1,44,7,1398,1,4,1,1,1
201806Q248554,1,9,0,9,0,8,0,0,0,0,1,1,6,2,24,5,1591,1,3,3,1,3
201806Q248554,2,5,0,18,0,8,0,0,0,0,1,1,6,1,23,5,598,1,21,1,1,1
201806Q248554,3,5,0,18,0,8,0,0,0,0,1,1,6,1,29,6,942,1,5,2,1,2
201806Q248573,1,9,0,18,0,1,0,0,0,0,3,1,6,2,38,7,1598,1,10,4,1,4
201806Q248574,1,9,0,13,0,0,0,0,0,0,4,1,6,3,-1,-1,-1,-1,-1,-1,-1,-1
201806Q248574,2,1,0,18,0,0,0,0,0,0,3,1,6,1,18,4,-1,-1,-1,1,1,1
201806Q248591,1,9,0,18,0,2,0,0,2,3,1,1,6,1,23,5,1198,1,9,4,1,4
201806Q248799,1,19,0,9,0,6,0,0,0,0,3,1,6,3,-1,-1,-1,-1,-1,-1,-1,-1
201806Q248799,2,9,0,18,0,8,0,0,0,0,4,1,6,1,33,6,1896,2,9,2,1,2
201806Q248916,1,1,0,16,0,2,0,0,0,0,1,1,6,1,30,6,-1,-1,-1,-1,-1,-1
201806Q248916,2,9,0,16,0,2,0,0,0,0,4,1,6,1,34,6,1995,1,8,4,1,4
201806Q249108,1,9,0,18,0,8,0,0,0,0,1,1,6,1,48,8,3956,2,-1,8,3,8
201806Q249108,2,9,0,18,0,8,0,0,0,0,3,1,6,2,53,8,1360,1,12,7,1,7
201806Q249109,1,9,0,18,0,2,0,0,0,0,3,1,1,1,46,8,1798,1,7,3,1,3
201806Q249183,1,9,0,17,0,8,1,10,7,1,4,1,6,1,19,4,1229,1,11,-1,-1,-1
201806Q249183,2,9,0,10,0,8,2,0,0,0,3,1,6,1,34,6,995,1,10,1,1,1
201806Q249400,1,9,0,9,0,8,0,0,0,0,1,1,6,2,38,7,1598,1,10,1,1,1
201806Q249400,2,9,0,17,0,8,0,0,0,0,1,1,6,1,41,7,1997,1,8,-1,-1,-1
201806Q249514,1,9,0,18,0,2,1,0,1,4,1,1,6,3,-1,-1,1596,1,13,-1,-1,-1
201806Q249552,1,9,0,18,0,1,0,0,0,0,1,1,6,1,30,6,1242,1,12,-1,-1,-1
201806Q249552,2,8,0,3,0,1,0,0,0,0,2,1,6,1,38,7,1798,8,-1,1,1,1
201806Q249598,1,9,0,9,0,8,0,0,0,0,1,1,1,1,42,7,2495,2,16,4,1,4
201806Q249598,2,9,0,18,0,8,0,0,1,0,1,1,1,2,19,4,-1,-1,-1,-1,-1,-1
201806Q249600,1,5,0,18,0,0,0,0,0,0,4,1,2,1,29,6,599,1,2,-1,-1,-1
201806Q249750,1,9,0,18,0,0,0,0,0,0,4,1,6,1,80,11,1389,1,17,5,1,5
201806Q249947,1,4,0,17,0,1,1,0,0,0,1,1,6,1,30,6,-1,-1,-1,-1,-1,-1
201806Q249947,2,9,0,4,0,1,0,0,0,0,2,1,2,2,25,5,-1,-1,-1,8,-1,8
201806Q250009,1,9,0,18,0,8,0,0,0,0,1,1,6,1,27,6,1598,2,1,5,1,5
201806Q250009,2,1,0,18,0,8,0,0,0,0,3,1,6,1,17,4,-1,-1,-1,1,1,1
201806Q250058,1,9,0,18,0,0,1,0,0,0,1,1,6,1,20,4,998,1,4,-1,-1,-1
201806Q250058,2,9,0,18,0,0,0,0,0,0,1,1,6,2,64,9,1086,1,12,-1,-1,-1
201806Q250096,1,9,0,18,0,2,0,0,0,0,1,1,6,3,-1,-1,-1,-1,-1,-1,-1,-1
201806Q250205,1,9,0,16,0,1,0,0,0,0,4,1,6,2,58,9,1198,1,14,8,1,8
201806Q250205,2,9,0,16,0,1,0,0,0,6,3,1,2,1,45,7,1364,2,9,1,1,1
201806Q250236,1,9,0,18,0,0,5,0,0,0,1,1,6,1,75,10,999,1,2,7,1,7
201806Q250236,2,9,0,4,0,0,0,0,0,10,2,1,6,1,62,9,998,1,15,8,1,8
201806Q250404,1,9,0,18,0,1,0,0,0,0,1,1,6,1,30,6,1686,2,15,-1,-1,-1
201806Q250404,2,9,0,3,0,1,0,0,0,0,2,1,1,1,28,6,1598,2,3,1,1,1
201806Q250408,1,9,0,18,0,2,0,0,1,1,1,1,6,3,-1,-1,1398,1,3,-1,-1,-1
201806Q250408,2,9,0,18,0,1,0,0,0,0,3,1,2,2,20,4,1461,2,1,5,1,5
201806Q250613,1,9,0,16,0,1,0,0,0,0,4,1,6,1,30,6,-1,-1,-1,-1,-1,-1
201806Q250663,1,9,0,18,0,0,0,0,0,0,4,1,1,2,24,5,1242,1,-1,4,1,4
201806Q250759,1,9,0,15,0,1,0,0,0,0,1,1,6,1,30,6,1339,1,5,-1,-1,-1
201806Q250790,1,9,0,18,0,1,0,0,0,0,1,1,6,3,-1,-1,1399,2,7,-1,-1,-1
201806Q250790,2,9,0,3,0,1,0,0,0,0,2,1,6,2,27,6,1390,1,3,2,1,2
201806Q250862,1,9,0,18,0,8,0,0,3,10,1,1,6,1,19,4,998,1,11,8,3,8
201806Q250877,1,19,0,1,0,5,0,0,0,0,2,1,1,1,59,9,2287,2,2,9,1,9
201806Q250889,1,9,0,18,0,0,0,0,0,0,1,1,6,1,18,4,999,1,1,4,1,4
201806Q250896,1,9,0,18,0,4,0,0,0,0,1,1,6,1,59,9,-1,-1,-1,-1,-1,-1
201806Q250960,1,9,0,18,0,0,0,0,0,0,1,1,6,2,53,8,1598,1,3,-1,-1,-1
201806Q251068,1,19,0,18,0,0,0,0,0,0,1,1,1,1,30,6,-1,-1,-1,-1,-1,-1
201806Q251068,2,9,0,3,0,0,0,0,0,0,2,1,6,2,30,6,-1,-1,-1,8,1,8
201806Q251141,1,8,0,18,0,1,0,0,0,0,1,1,6,3,50,8,1995,2,8,8,1,8
201806Q251141,2,9,0,18,0,1,0,0,0,0,3,1,6,1,51,8,-1,-1,-1,-1,-1,-1
201806Q251256,1,9,0,18,0,0,0,0,0,0,1,1,6,3,-1,-1,1299,1,15,-1,-1,-1
201806Q251256,2,9,0,3,0,0,0,0,0,0,2,1,6,1,45,7,1700,2,20,5,1,5
201806Q251365,1,9,0,18,0,8,1,0,0,0,1,1,3,2,30,6,-1,-1,-1,-1,-1,-1
201806Q251413,1,9,0,18,0,8,0,0,0,0,1,1,6,1,49,8,1685,2,4,9,2,9
201806Q251413,2,9,0,18,0,8,0,0,0,0,2,1,6,2,35,6,998,1,3,1,1,1
201806Q251429,1,9,0,18,0,2,0,0,0,0,1,1,2,1,25,5,2143,2,4,3,1,3
201806Q251429,2,9,0,18,0,2,0,0,0,0,0,1,2,3,30,6,-1,-1,-1,-1,-1,-1
201806Q251444,1,9,0,18,0,0,0,0,0,0,1,1,6,2,24,5,1598,1,7,-1,-1,-1
201806Q251444,2,9,0,18,0,0,0,0,0,0,2,1,6,1,67,10,1598,1,13,2,1,2
201806Q251470,1,9,0,16,0,0,0,7,0,7,1,1,6,2,18,4,1598,2,-1,8,1,8
201806Q251526,1,9,0,5,1,6,0,0,3,0,2,1,6,2,23,5,2191,2,4,-1,-1,-1
201806Q251526,2,9,0,18,0,1,0,0,0,0,1,1,6,1,23,5,1995,2,11,1,1,1
201806Q251577,1,9,0,10,0,6,0,0,7,10,3,1,6,1,78,11,1998,1,14,8,1,8
201806Q251577,2,9,0,18,0,2,0,0,0,0,1,1,6,2,34,6,1242,1,2,8,1,8
201806Q251617,1,9,0,18,0,1,0,0,0,0,1,1,6,1,30,6,-1,3,-1,-1,-1,-1
201806Q251617,2,1,0,18,0,1,0,0,0,0,2,1,6,1,68,10,-1,-1,-1,8,3,8
201806Q251627,1,9,0,18,0,0,0,0,0,0,1,1,6,2,62,9,1560,2,6,8,2,8
201806Q251674,1,9,0,9,0,6,0,0,0,0,1,1,1,1,34,6,1995,2,2,3,1,3
201806Q251677,1,9,0,18,0,8,0,0,0,0,3,1,6,2,40,7,1199,2,6,2,1,2
201806Q251677,2,9,0,18,0,8,0,0,0,0,1,1,6,1,35,6,1950,2,1,-1,-1,-1
201806Q251681,1,9,0,7,0,6,0,0,0,0,4,1,6,1,48,8,1586,1,10,3,1,3
201806Q251681,2,1,0,7,0,6,0,0,0,0,3,1,6,1,47,8,-1,-1,-1,3,1,3
201806Q251767,1,9,0,18,0,0,1,0,2,7,4,1,6,1,22,5,1995,2,16,2,1,2
201806Q251875,1,9,0,5,0,1,0,0,7,1,1,1,6,2,26,6,999,1,-1,1,1,1
201806Q251875,2,9,0,14,0,1,0,0,0,0,4,1,6,1,18,4,1968,2,5,4,1,4
201806Q251951,1,19,0,18,0,8,0,0,0,0,1,1,6,3,-1,-1,10837,2,3,-1,-1,-1
201806Q251951,2,9,0,12,0,8,0,0,0,0,3,1,6,2,26,6,1461,2,2,1,1,1
201806Q253021,1,9,0,13,0,0,0,0,0,0,0,1,6,3,-1,-1,-1,-1,-1,-1,-1,-1
201806Q253021,2,1,0,18,0,0,0,0,0,0,0,1,6,1,23,5,-1,-1,-1,6,1,6
201806Q345359,1,1,0,18,0,0,0,0,0,0,4,1,1,1,17,4,-1,-1,-1,1,1,1
201806Q345359,2,9,0,18,0,0,0,0,0,0,4,1,6,1,30,6,-1,-1,-1,-1,-1,-1
201806Q542433,1,9,0,18,0,6,0,0,0,0,1,1,1,1,78,11,3456,8,2,3,1,3
201806Q542433,2,19,0,5,0,8,0,0,0,0,2,1,1,1,64,9,1499,2,3,9,1,9
201806Q542433,3,9,0,5,0,8,0,0,0,0,1,1,6,1,69,10,1595,1,3,8,1,8
201806T214070,1,9,0,18,0,4,0,2,0,0,1,1,2,2,21,5,1242,1,3,4,1,4
201806T214070,2,9,0,18,0,3,0,2,0,0,4,1,2,2,28,6,1329,1,5,2,1,2
201806XA47339,1,90,0,12,0,0,0,0,0,0,3,1,1,1,72,10,-1,-1,-1,2,1,2
201806XA47339,2,90,0,18,0,0,1,0,1,0,4,1,2,1,19,4,-1,-1,-1,8,1,8
201806XA47339,3,9,0,18,0,0,2,0,1,7,0,1,1,1,41,7,-1,-1,-1,1,1,1
201806XA50403,1,21,1,18,0,0,0,0,2,4,1,1,1,1,59,9,-1,-1,-1,6,3,6
201806XA53037,1,9,0,13,0,8,0,0,0,0,3,1,6,3,-1,-1,1968,2,-1,-1,-1,-1
201806XA53037,2,9,0,11,0,8,0,0,0,0,4,1,6,2,44,7,1999,1,11,1,1,1
201806XE39705,1,9,0,16,0,7,0,0,0,0,1,1,6,1,39,7,1390,1,8,2,1,2
201806XE39705,2,21,1,18,0,8,0,0,0,0,4,1,1,1,36,7,-1,-1,-1,-1,-1,-1
201806XE39995,1,9,0,18,0,0,0,0,0,0,1,1,2,2,30,6,2979,1,2,3,1,3
201806XE39995,2,9,0,3,0,0,0,0,0,0,2,1,6,2,26,6,1197,1,1,3,1,3
201806XE40611,1,9,0,11,0,0,0,0,0,0,3,1,6,2,47,8,1995,2,2,3,1,3
201806XE40611,2,9,0,3,0,0,0,0,0,0,2,1,6,1,34,6,1499,2,2,-1,-1,-1
201806XE40611,3,9,0,3,0,0,0,0,0,0,2,1,6,1,39,7,2179,2,3,7,1,7
201806XE41953,1,9,0,4,0,0,0,0,0,0,2,1,2,2,32,6,1242,1,2,4,1,4
201806XE41953,2,9,0,18,0,0,0,0,0,0,1,1,2,1,24,5,1968,2,5,1,1,1
201806XE44055,1,9,0,11,0,1,0,0,0,0,0,1,6,3,-1,-1,-1,-1,-1,-1,-1,-1
201806XE44055,2,21,0,18,0,1,5,0,0,0,0,1,1,1,41,7,-1,-1,-1,-1,-1,-1
201806XE44059,1,9,0,18,0,0,1,0,0,0,1,1,6,1,32,6,1995,2,2,7,1,7
201806XE44059,2,9,0,4,0,0,0,0,0,0,2,1,6,2,33,6,2967,2,10,4,1,4
201806XE47703,1,21,1,18,0,0,0,0,0,0,1,1,1,1,45,7,12740,2,5,4,1,4
201806XE47703,2,21,1,18,0,0,0,0,0,0,2,1,1,1,45,7,-1,-1,-1,-1,-1,-1
201806XE47703,3,21,1,18,0,0,0,0,0,0,0,1,1,1,34,6,-1,-1,-1,-1,-1,-1
201806XE47703,4,9,0,18,0,0,0,0,0,0,0,1,6,2,56,9,1499,2,3,9,1,9
201806XE48263,1,19,0,18,0,0,0,0,0,0,1,1,1,1,22,5,2198,2,2,3,1,3
201806XE48263,2,9,0,4,0,0,0,0,0,0,2,1,1,1,52,8,2967,2,-1,10,3,10
201806XE48263,3,19,0,4,0,0,0,0,0,0,4,1,1,1,29,6,1499,2,1,-1,1,-1
201806XE48263,4,9,0,4,0,0,0,0,0,0,4,1,1,2,38,7,998,1,1,5,1,5
201806XE48263,5,9,0,4,0,0,0,0,0,0,2,1,6,2,26,6,1591,1,-1,-1,-1,-1
201806XE48263,6,9,0,4,0,0,0,0,0,0,2,1,6,1,30,6,1999,2,3,-1,-1,-1
201806XE49073,1,9,0,18,0,0,0,0,0,0,1,1,6,1,80,11,2143,2,3,9,1,9
201806XE49073,2,9,0,4,0,0,0,0,0,0,2,1,2,1,44,7,1968,2,7,3,1,3
201806XE49097,1,9,0,16,0,0,1,0,5,7,1,1,6,1,26,6,-1,-1,-1,1,1,1
201806XE50916,1,9,0,12,0,6,1,0,0,0,2,1,2,1,37,7,1242,1,9,5,1,5
201806XE50916,2,9,0,18,0,8,0,0,0,0,4,1,2,1,68,10,1598,2,3,2,1,2
201806XE50916,3,9,0,18,0,8,0,0,0,0,1,1,2,1,56,9,-1,-1,-1,-1,1,-1
201806XE51013,1,9,0,18,0,1,1,0,0,10,1,1,6,2,37,7,998,1,12,6,1,6
201806XE51013,2,90,0,2,6,1,0,0,0,0,3,1,1,1,59,9,-1,-1,-1,8,1,8
201806XF39259,1,9,0,18,0,0,0,0,0,0,3,1,6,2,44,7,2143,2,1,2,1,2
201806XF39259,2,9,0,4,0,0,0,0,0,0,4,1,6,2,24,5,-1,-1,-1,4,1,4
201806XF39308,1,9,0,18,0,8,0,0,0,7,4,1,6,1,87,11,1499,2,1,7,3,7
201806XF39308,2,21,1,12,0,7,0,0,0,0,2,1,1,1,43,7,12902,2,5,7,1,7
201806XF39469,1,19,0,18,0,0,0,0,0,0,1,1,1,1,36,7,1598,2,2,8,1,8
201806XF39469,2,9,0,4,0,0,0,0,0,0,2,1,6,1,55,8,2995,1,2,8,1,8
201806XF39469,3,9,0,4,0,0,0,0,0,0,2,1,6,2,56,9,1910,2,9,4,1,4
201806XF40162,1,21,0,11,0,0,0,0,0,0,4,1,6,3,-1,-1,-1,-1,-1,-1,-1,-1
201806XF40162,2,9,0,18,0,0,0,0,2,7,3,1,1,1,20,4,1560,2,3,-1,-1,-1
201806XF40197,1,21,1,5,0,0,0,0,0,0,1,1,1,1,50,8,12809,2,5,7,1,7
201806XF40197,2,9,0,3,0,0,0,0,0,0,2,1,2,1,33,6,1598,2,1,7,1,7
201806XF40197,3,19,0,3,0,0,0,0,0,0,2,1,6,1,47,8,1997,2,7,6,1,6
201806XF40197,4,9,0,3,0,0,0,0,0,0,2,1,6,2,28,6,1598,1,17,6,1,6
201806XF40197,5,9,0,3,0,0,0,0,0,0,2,1,6,2,27,6,1198,1,15,7,1,7
201806XF40539,1,19,0,18,0,0,0,0,0,0,1,1,1,1,58,9,-1,-1,-1,7,1,7
201806XF40539,2,9,0,4,0,0,0,0,0,0,2,1,1,1,53,8,1950,2,2,7,1,7
201806XF40753,1,21,4,11,0,0,0,0,0,0,4,1,1,1,40,7,-1,-1,-1,1,1,1
201806XF40753,2,9,0,18,0,0,0,7,0,0,3,1,6,1,71,10,1242,1,9,7,1,7
201806XF40753,3,9,0,18,0,0,0,0,0,0,1,1,6,2,44,7,3200,2,2,7,3,7
201806XF40896,1,9,0,11,0,0,0,0,0,0,4,1,6,3,-1,-1,1595,1,7,-1,-1,-1
201806XF40896,2,9,0,18,0,0,0,0,0,0,3,1,2,1,39,7,1781,1,17,5,1,5
201806XF40955,1,21,0,18,0,0,0,0,0,0,1,1,1,1,24,5,12777,2,9,-1,-1,-1
201806XF40955,2,9,0,18,0,0,0,0,5,7,1,1,1,2,42,7,1560,2,8,5,1,5
201806XF40970,1,9,0,18,0,0,0,0,0,0,1,1,6,2,47,8,2191,2,1,10,1,10
201806XF40970,2,9,0,3,0,0,0,0,0,0,2,1,6,1,26,6,1598,2,2,10,1,10
201806XF40970,3,9,0,3,0,0,0,0,0,0,2,1,6,2,54,8,999,1,5,9,1,9
201806XF41154,1,9,0,18,0,0,0,0,0,0,1,1,6,1,66,10,1753,2,10,5,1,5
201806XF41154,2,9,0,4,0,0,0,0,0,0,2,1,1,1,21,5,-1,-1,-1,3,1,3
201806XF41593,1,21,1,11,0,0,0,0,0,0,1,1,1,2,28,6,-1,2,3,5,1,5
201806XF41593,2,9,0,18,0,0,0,0,0,0,2,1,6,2,52,8,1242,1,9,3,1,3
201806XF41609,1,9,0,18,0,0,0,0,0,0,1,1,6,1,32,6,1587,1,14,6,2,6
201806XF41609,2,9,0,18,0,0,0,0,0,0,2,1,6,2,25,5,1999,2,-1,4,1,4
201806XF41609,3,9,0,18,0,0,0,0,0,0,2,1,6,1,56,9,-1,-1,-1,1,1,1
201806XF41609,4,9,0,18,0,0,0,0,0,2,2,1,6,1,33,6,1560,2,5,1,1,1
201806XF42197,1,5,0,18,0,0,0,0,0,0,1,1,6,1,20,4,689,1,1,5,1,5
201806XF42197,2,8,0,18,0,0,0,0,0,0,2,1,6,1,32,6,1797,8,9,2,1,2
201806XF42221,1,9,0,12,0,0,0,0,5,6,0,1,6,2,26,6,1598,1,9,6,2,6
201806XF42221,2,9,0,18,0,0,0,0,0,0,1,1,6,1,31,6,1995,2,8,2,1,2
201806XF42754,1,21,1,18,0,0,0,0,0,0,1,1,1,1,64,9,-1,-1,-1,-1,-1,-1
201806XF42754,2,19,0,3,0,0,0,0,0,0,2,1,1,1,30,6,2143,2,5,3,1,3
201806XF42754,3,9,0,3,0,0,0,0,1,0,3,1,1,1,45,7,-1,-1,-1,9,2,9
201806XF42754,4,19,0,3,0,0,0,0,0,0,2,1,1,1,60,9,1995,2,6,9,1,9
201806XF42754,5,21,1,3,0,0,0,0,0,0,2,1,1,1,52,8,16123,2,2,2,1,2
201806XF42807,1,9,0,12,0,1,0,0,0,0,3,1,6,1,30,6,1248,2,7,-1,-1,-1
201806XF42807,2,21,0,3,0,1,0,0,0,0,4,1,1,1,30,6,5880,2,12,2,1,2
201806XF43013,1,21,1,18,0,0,0,0,0,0,1,1,1,1,30,6,12777,2,11,-1,-1,-1
201806XF43013,2,21,1,3,0,0,0,0,0,0,1,1,1,1,52,8,12777,2,3,4,1,4
201806XF43752,1,9,0,18,0,0,0,0,0,0,1,1,6,2,66,10,1461,2,4,2,1,2
201806XF43752,2,9,0,3,0,0,0,0,0,0,2,1,2,1,32,6,1910,2,11,9,1,9
201806XF43752,3,9,0,3,0,0,0,0,0,0,2,1,2,2,46,8,1198,1,6,7,1,7
201806XF43752,4,19,0,3,0,0,0,0,0,0,2,1,1,1,45,7,2143,2,1,2,1,2
201806XF43776,1,90,0,18,0,1,0,0,0,0,0,1,6,1,41,7,-1,-1,-1,8,3,8
201806XF43776,2,9,0,18,0,1,0,0,0,0,0,1,6,3,-1,-1,-1,-1,-1,-1,-1,-1
201806XF43776,3,90,0,18,0,1,0,0,0,0,0,1,6,3,-1,-1,-1,-1,-1,-1,-1,-1
201806XF43776,4,90,0,18,0,1,0,0,0,0,0,1,6,3,-1,-1,-1,-1,-1,-1,-1,-1
201806XF43776,5,9,0,18,0,1,0,0,0,0,0,1,6,3,-1,-1,-1,-1,-1,-1,-1,-1
201806XF43776,6,9,0,18,0,1,0,0,0,0,0,1,6,3,-1,-1,-1,-1,-1,-1,-1,-1
201806XF43776,7,9,0,18,0,1,0,0,0,0,2,1,6,1,70,10,2993,2,2,10,1,10
201806XF43776,8,5,0,18,0,1,0,0,0,0,3,1,6,1,57,9,903,1,3,6,1,6
201806XF44035,1,9,0,18,0,0,0,0,0,0,1,1,6,1,22,5,998,1,2,1,1,1
201806XF44035,2,9,0,18,0,0,0,0,0,0,2,1,6,2,42,7,1368,1,2,7,1,7
201806XF44035,3,9,0,18,0,0,0,0,0,0,3,1,6,2,64,9,1968,2,2,9,1,9
201806XF44050,1,21,1,11,0,7,0,0,0,0,1,1,1,1,49,8,12740,2,5,2,1,2
201806XF44050,2,9,0,18,0,7,2,0,4,6,3,1,6,2,22,5,1329,1,3,10,1,10
201806XF44061,1,21,1,18,0,0,2,0,1,7,4,1,1,2,53,8,12900,2,9,-1,1,-1
201806XF44135,1,19,0,12,0,1,0,0,0,0,1,1,1,1,33,6,1968,2,1,-1,1,-1
201806XF44135,2,19,0,18,0,1,0,0,0,0,1,1,1,1,57,9,2686,2,16,9,1,9
201806XF44396,1,9,0,12,0,0,0,0,0,0,0,1,6,3,-1,-1,-1,-1,-1,-1,-1,-1
201806XF44396,2,9,0,18,0,0,0,0,0,0,3,1,1,1,49,8,1995,2,5,10,1,10
201806XF44396,3,9,0,18,0,0,0,0,0,0,4,1,1,2,42,7,1685,2,1,8,3,8
201806XF44914,1,9,0,18,0,0,0,0,0,0,1,1,1,1,28,6,-1,-1,-1,7,1,7
201806XF44914,2,9,0,3,0,0,0,0,0,0,2,1,6,2,35,6,1598,2,3,1,1,1
201806XF45001,1,9,0,12,0,0,0,0,0,0,3,1,6,3,-1,-1,-1,-1,-1,-1,-1,-1
201806XF45001,2,9,0,18,0,0,0,0,0,0,4,1,2,2,26,6,1598,2,4,3,1,3
201806XF45211,1,9,0,18,0,4,0,0,0,0,1,1,6,2,47,8,1318,1,1,5,1,5
201806XF45211,2,9,0,3,0,4,0,0,0,0,2,1,1,2,48,8,2143,12,2,7,1,7
201806XF45211,3,9,0,3,0,4,0,0,0,2,0,1,1,1,32,6,-1,-1,-1,4,1,4
201806XF45758,1,9,0,18,0,0,0,0,0,0,1,1,6,1,32,6,-1,-1,-1,1,1,1
201806XF45758,2,9,0,18,0,0,0,0,0,0,2,1,6,2,22,5,1598,2,5,1,1,1
201806XF45964,1,9,0,18,0,0,0,7,1,2,3,1,6,1,22,5,2993,2,5,8,1,8
201806XF46158,1,9,0,18,0,0,0,0,0,0,1,1,2,1,26,6,1499,2,4,9,1,9
201806XF46158,2,9,0,3,0,0,0,0,0,0,2,1,2,2,45,7,-1,-1,-1,3,1,3
201806XF46158,3,19,0,3,0,0,0,0,0,0,2,1,1,1,36,7,1560,2,4,1,1,1
201806XF46158,4,9,0,3,0,0,0,0,0,0,2,1,2,2,42,7,1461,2,3,2,1,2
201806XF46181,1,19,0,15,0,0,0,0,0,0,3,1,6,3,-1,-1,2143,2,5,-1,-1,-1
201806XF46181,2,9,0,17,0,0,0,0,0,0,4,1,6,2,32,6,1995,2,7,1,1,1
201806XF46185,1,9,0,12,0,0,0,0,0,0,0,1,6,1,32,6,1956,2,6,1,1,1
201806XF46185,2,9,0,18,0,0,0,0,0,0,0,1,6,1,32,6,2179,2,5,6,1,6
201806XF46185,3,9,0,18,0,0,0,0,0,6,4,1,6,1,62,9,1461,2,2,2,1,2
201806XF46235,1,9,0,18,0,8,0,0,0,6,1,1,6,1,41,7,1968,2,10,1,1,1
201806XF46235,2,9,0,18,0,8,0,0,1,0,2,1,6,1,53,8,1242,1,9,7,1,7
201806XF46588,1,21,1,11,0,8,0,0,0,0,4,1,1,1,34,6,12777,2,6,5,3,5
201806XF46588,2,9,0,18,0,8,0,0,0,0,3,1,6,2,37,7,1084,1,1,1,1,1
201806XF46926,1,9,0,18,0,0,2,0,1,0,1,1,6,2,29,6,1596,1,14,-1,-1,-1
201806XF47194,1,9,0,18,0,0,0,0,0,7,1,1,6,1,18,4,1388,1,12,10,1,10
201806XF47194,2,9,0,18,0,0,0,0,0,0,3,1,6,1,37,7,1197,1,1,4,1,4
201806XF47372,1,8,0,18,0,1,0,0,0,0,0,1,1,1,49,8,1999,1,7,7,1,7
201806XF47372,2,20,0,18,0,1,1,0,0,0,2,1,1,1,27,6,6693,2,5,-1,-1,-1
201806XF47372,3,21,1,18,0,1,1,0,0,0,1,1,1,1,44,7,10824,2,12,5,1,5
201806XF47373,1,9,0,18,0,0,0,0,0,0,1,1,6,2,57,9,1560,2,2,2,1,2
201806XF47373,2,9,0,18,0,0,0,0,0,0,2,1,6,1,56,9,998,1,4,9,1,9
201806XF47830,1,9,0,18,0,0,0,0,0,7,1,1,6,2,51,8,-1,-1,-1,3,1,3
201806XF47830,2,9,0,18,0,0,0,0,0,0,2,1,6,1,63,9,1994,1,14,9,1,9
201806XF47830,3,9,0,18,0,0,0,0,0,0,2,1,6,1,18,4,1229,1,6,7,1,7
201806XF47940,1,19,0,18,0,1,0,0,0,0,1,1,6,1,30,6,2198,2,8,-1,-1,-1
201806XF47940,2,9,0,18,0,1,0,0,0,0,2,1,6,2,30,6,998,1,16,9,1,9
201806XF48078,1,5,0,18,0,0,1,7,4,6,3,1,6,1,67,10,1050,1,11,6,1,6
201806XF48358,1,9,0,18,0,0,0,0,0,0,1,1,6,1,59,9,1364,1,11,7,1,7
201806XF48358,2,9,0,4,0,0,0,0,0,0,1,1,6,1,46,8,1968,2,3,8,1,8
201806XF48358,3,9,0,4,0,0,0,0,0,0,1,1,6,2,67,10,1796,1,13,3,1,3
201806XF48358,4,9,0,4,0,0,0,0,0,0,2,1,6,1,68,10,1499,2,1,3,1,3
201806XF48359,1,9,0,18,0,0,0,0,0,0,1,1,6,1,57,9,1984,2,7,1,1,1
201806XF48359,2,9,0,18,0,0,0,0,0,0,2,1,6,1,56,9,1998,1,23,10,1,10
201806XF48369,1,21,4,17,0,0,4,0,1,6,4,1,1,1,50,8,12419,2,3,6,1,6
201806XF48593,1,21,0,11,0,0,0,0,0,0,4,1,1,1,33,6,12902,2,1,1,1,1
201806XF48593,2,9,0,18,0,0,0,0,1,7,3,1,6,1,42,7,2993,2,4,10,1,10
201806XF48615,1,9,0,18,0,0,0,0,0,0,1,1,6,1,42,7,1598,1,11,8,1,8
201806XF48615,2,9,0,11,0,0,0,0,0,0,2,1,1,1,59,9,-1,-1,-1,8,1,8
201806XF48615,3,9,0,4,0,0,0,0,0,0,2,1,1,1,35,6,1598,2,-1,-1,-1,-1
201806XF48957,1,9,0,18,0,0,0,0,0,0,4,1,1,3,-1,-1,-1,-1,-1,-1,-1,-1
201806XF48957,2,9,0,18,0,0,0,0,0,0,1,1,1,1,53,8,1995,2,2,9,2,9
201806XF49103,1,9,0,18,0,0,0,0,0,0,1,1,6,2,43,7,1461,2,-1,9,1,9
201806XF49103,2,9,0,18,0,0,0,0,0,0,2,1,6,1,22,5,-1,-1,-1,10,1,10
201806XF49103,3,9,0,18,0,0,0,0,0,0,2,1,6,2,31,6,1968,2,3,8,1,8
201806XF49103,4,9,0,18,0,0,0,0,0,0,2,1,6,2,36,7,1968,2,11,4,1,4
201806XF49103,5,9,0,18,0,0,0,0,0,0,2,1,6,2,23,5,1242,1,4,10,1,10
201806XF49103,6,9,0,18,0,0,0,0,0,0,2,1,6,1,39,7,1591,1,1,-1,-1,-1
201806XF49366,1,21,0,18,0,0,0,0,0,0,3,1,1,1,59,9,12740,2,3,3,1,3
201806XF49366,2,9,0,18,0,0,0,0,0,0,1,1,2,1,38,7,1997,2,10,2,1,2