Accident_Index,Vehicle_Reference,Vehicle_Type,Towing_and_Articulation,Vehicle_Manoeuvre,Vehicle_Location-Restricted_Lane,Junction_Location,Skidding_and_Overturning,Hit_Object_in_Carriageway,Vehicle_Leaving_Carriageway,Hit_Object_off_Carriageway,1st_Point_of_Impact,Was_Vehicle_Left_Hand_Drive?,Journey_Purpose_of_Driver,Sex_of_Driver,Age_of_Driver,Age_Band_of_Driver,Engine_Capacity_(CC),Propulsion_Code,Age_of_Vehicle,Driver_IMD_Decile,Driver_Home_Area_Type,Vehicle_IMD_Decile
201806XF49366,3,9,0,18,0,0,0,0,0,0,3,1,2,1,44,7,1390,1,8,7,1,7
201806XF49381,1,9,0,4,0,0,0,0,1,6,2,1,1,2,41,7,999,1,2,6,1,6
201806XF49381,2,9,0,18,0,0,0,0,0,0,1,1,6,2,58,9,999,1,1,8,1,8
201806XF49756,1,9,0,18,0,0,0,0,0,0,1,1,6,1,28,6,1246,1,13,3,1,3
201806XF49756,2,9,0,4,0,0,0,0,0,0,2,1,6,2,31,6,999,1,4,9,1,9
201806XF49756,3,9,0,4,0,0,0,0,0,0,2,1,6,2,55,8,1995,2,3,6,1,6
201806XF50281,1,21,0,18,0,0,0,0,0,0,1,1,6,1,31,6,-1,-1,-1,-1,-1,-1
201806XF50281,2,9,0,18,0,0,0,0,0,0,1,1,6,1,23,5,1686,2,12,6,1,6
201806XF50499,1,9,0,18,0,0,0,0,0,0,2,1,6,1,26,6,-1,-1,-1,5,1,5
201806XF50499,2,9,0,18,0,0,0,0,0,0,1,1,6,1,55,8,-1,-1,-1,10,1,10
201806XF50499,3,9,0,18,0,0,0,0,0,0,1,1,6,1,51,8,-1,-1,-1,7,1,7
201806XF50499,4,9,0,18,0,0,0,0,0,0,1,1,6,2,50,8,1328,1,14,2,1,2
201806XF50499,5,9,0,18,0,0,0,0,0,0,1,1,6,1,31,6,1598,1,7,6,1,6
201806XF50499,6,9,0,18,0,0,0,0,0,0,1,1,6,1,70,10,1582,2,7,-1,-1,-1
201806XF50858,1,9,0,4,0,7,0,0,0,0,0,1,6,1,60,9,1560,2,10,1,1,1
201806XF50858,2,9,0,4,0,7,0,0,0,0,2,1,6,2,42,7,999,1,3,1,1,1
201806XF50858,3,19,0,18,0,7,1,0,0,0,1,1,6,1,47,8,1560,2,5,-1,-1,-1
201806XF50858,4,20,0,18,0,7,1,0,0,0,1,1,1,1,53,8,4461,2,7,3,1,3
201806XF50988,1,9,0,18,0,0,0,0,0,0,0,1,6,3,-1,-1,-1,-1,-1,-1,-1,-1
201806XF50988,2,19,0,18,0,0,0,0,0,0,1,1,6,1,48,8,-1,-1,-1,4,1,4
201806XF50988,3,9,0,18,0,0,0,0,0,0,2,1,6,1,54,8,1998,1,17,5,1,5
201806XF50988,4,9,0,18,0,0,0,0,0,0,2,1,6,2,56,9,1499,1,-1,4,1,4
201806XF51157,1,9,0,18,0,0,0,0,0,0,3,1,6,1,16,4,2198,1,14,-1,-1,-1
201806XF51157,2,9,0,18,0,0,0,0,0,0,0,1,1,1,46,8,2993,2,4,9,1,9
201806XF51157,3,9,0,18,0,0,0,0,0,0,0,1,1,1,34,6,2993,2,2,9,1,9
201806XF51157,4,9,0,18,0,0,0,0,0,0,0,1,1,1,44,7,-1,-1,-1,9,1,9
201806XF51157,5,9,0,18,0,0,0,0,4,7,4,1,6,1,19,4,1242,1,12,9,2,9
201806XF51666,1,9,0,18,0,0,0,0,0,7,1,1,6,1,28,6,1988,2,12,7,1,7
201806XF51666,2,9,0,18,0,0,0,0,0,7,0,1,6,1,19,4,999,1,-1,9,1,9
201806XG39564,1,9,0,15,0,0,1,0,0,0,3,1,6,2,54,8,1242,1,14,1,1,1
201806XG39564,2,9,0,18,0,0,1,0,0,0,4,1,6,1,56,9,1796,1,11,1,1,1
201806XG41652,1,21,0,18,0,0,0,0,0,0,2,1,1,1,51,8,4500,2,1,3,1,3
201806XG41652,2,9,0,18,0,0,0,0,1,7,1,1,2,1,58,9,1598,2,9,1,1,1
201806XG44063,1,9,0,18,0,0,0,0,0,0,1,1,6,1,56,9,1396,1,7,2,1,2
201806XG44748,1,9,0,18,0,8,0,0,0,0,1,1,6,1,42,7,1796,1,10,6,1,6
201806XG44748,2,9,0,18,0,8,0,0,3,1,4,1,6,1,43,7,1796,1,13,4,1,4
201806XG46349,1,9,0,18,0,1,0,0,0,0,4,1,6,1,30,6,1685,2,5,-1,-1,-1
201806XG46631,1,9,0,18,0,0,1,0,1,6,3,1,6,1,31,6,-1,-1,-1,3,1,3
201806XG46631,2,21,1,18,0,0,0,0,0,0,4,1,1,1,62,9,12419,2,4,8,1,8
201806XG46916,1,9,0,12,0,0,2,0,0,0,2,1,6,1,33,6,-1,-1,-1,1,1,1
201806XG46916,2,9,0,18,0,0,0,0,0,0,1,1,6,2,53,8,1798,8,3,8,1,8
201806XG48356,1,9,0,11,0,0,1,0,1,0,4,1,6,2,24,5,1360,1,12,2,1,2
201806XG48356,2,9,0,18,0,0,2,0,1,0,3,1,6,2,50,8,1349,1,8,5,1,5
201806XG48570,1,9,0,18,0,0,0,0,0,0,1,1,6,1,34,6,2494,8,-1,1,1,1
201806XG48570,2,9,0,3,0,0,0,0,0,0,2,1,6,1,33,6,2143,2,2,-1,-1,-1
201806XG48782,1,9,0,12,0,0,0,0,0,0,1,1,6,1,69,10,1598,2,5,7,1,7
201806XG48782,2,9,0,18,0,0,0,0,0,0,2,1,6,1,34,6,1360,1,10,2,1,2
201806XG48794,1,9,0,18,0,0,0,0,0,0,1,1,6,1,35,6,1995,2,3,10,1,10
201806XG48794,2,19,0,3,0,0,0,0,0,0,2,1,6,1,24,5,-1,-1,-1,2,1,2
201806XG48808,1,9,0,18,0,0,0,0,0,0,0,1,6,2,30,6,-1,-1,-1,-1,-1,-1
201806XG48808,2,9,0,18,0,0,0,0,0,0,0,1,6,1,27,6,1242,1,7,1,1,1
201806XG48937,1,9,0,18,0,0,1,0,1,7,1,1,6,1,41,7,1997,2,11,4,2,4
201806XG49180,1,9,0,11,0,0,0,0,1,0,3,1,6,1,36,7,998,1,1,2,1,2
201806XG49180,2,9,0,18,0,0,0,0,0,0,1,1,6,1,22,5,999,1,12,1,1,1
201806XG49828,1,9,0,18,0,0,0,0,0,0,1,1,6,1,34,6,1248,2,10,1,1,1
201806XG49828,2,9,0,18,0,0,0,0,0,0,2,1,6,1,37,7,-1,-1,-1,1,1,1
201806XG50254,1,9,0,18,0,0,0,0,0,0,1,1,6,2,28,6,1242,1,14,5,1,5
201806XG50254,2,9,0,4,0,0,0,0,0,0,2,1,1,1,45,7,1968,2,4,3,1,3
201806XG51353,1,9,0,18,0,0,0,0,0,0,1,1,1,1,42,7,1995,2,11,1,1,1
201806XG51353,2,19,0,18,0,0,0,0,0,7,3,1,1,1,34,6,1499,2,1,5,3,5
201806XI40610,1,9,0,18,0,0,0,0,0,0,1,1,6,1,70,10,1999,2,1,5,1,5
201806XI40610,2,9,0,18,0,0,0,0,0,0,2,1,6,1,35,6,1896,2,12,8,1,8
201806XI40610,3,9,0,18,0,0,0,0,0,0,2,1,6,1,38,7,1968,2,5,1,1,1
201806XI41657,1,9,0,5,0,1,0,0,0,0,1,1,6,2,30,6,1990,1,13,-1,-1,-1
201806XI41657,2,8,0,5,0,1,0,0,0,0,2,1,1,1,44,7,-1,-1,-1,2,1,2
201806XI42614,1,8,0,18,0,8,0,0,7,10,4,1,1,1,30,6,2148,2,10,-1,-1,-1
201806XI42614,2,9,0,18,0,8,0,0,0,0,1,1,1,1,41,7,1598,2,1,9,2,9
201806XI44615,1,8,0,1,0,0,1,4,7,10,3,1,6,1,49,8,2499,2,10,4,1,4
201806XI44615,2,9,0,2,0,0,0,0,0,0,4,1,1,2,47,8,1582,2,4,-1,-1,-1
201806XI45234,1,11,0,9,0,8,0,0,2,0,3,1,6,3,-1,-1,4249,2,3,-1,-1,-1
201806XI45234,2,9,0,5,0,2,0,0,0,0,3,1,6,2,34,6,-1,-1,-1,1,1,1
201806XI45450,1,9,0,18,0,0,0,0,0,0,1,1,6,1,28,6,1339,1,14,2,1,2
201806XI45450,2,9,0,18,0,0,1,0,2,7,1,1,6,1,45,7,1956,2,7,8,1,8
201806XI46757,1,10,0,9,0,6,0,0,0,0,3,1,1,1,50,8,-1,-1,-1,8,1,8
201806XI46757,2,9,0,18,0,8,0,0,0,0,1,1,1,2,25,5,1598,2,2,10,1,10
201806XI50094,1,9,0,5,0,0,0,0,0,0,4,1,6,2,30,6,1197,1,6,-1,-1,-1
201806XI50094,2,1,0,18,0,0,0,0,1,0,3,1,1,1,53,8,-1,-1,-1,10,1,10
201806XJ39662,1,5,0,18,0,7,5,0,0,0,0,1,6,1,25,5,999,1,11,7,1,7
201806XJ40072,1,9,0,18,0,0,0,0,0,0,1,1,6,1,30,6,1995,2,15,-1,-1,-1
201806XJ40072,2,19,0,3,0,0,0,0,0,0,2,1,1,1,44,7,1461,2,2,1,1,1
201806XJ40224,1,9,0,18,0,0,0,0,5,6,1,1,6,2,29,6,1598,1,11,1,1,1
201806XJ40224,2,9,0,18,0,0,0,0,0,0,1,1,6,1,41,7,1339,1,15,9,2,9
201806XJ40224,3,9,0,18,0,0,0,0,0,0,2,1,6,1,52,8,1991,8,2,4,1,4
201806XJ40864,1,19,0,18,0,0,0,0,0,0,0,1,6,1,42,7,2198,2,5,9,1,9
201806XJ40864,2,9,0,18,0,0,0,11,0,0,1,1,6,2,30,6,1998,1,13,1,1,1
201806XJ41155,1,9,0,18,0,1,1,0,1,0,1,1,1,2,27,6,1149,1,7,4,1,4
201806XJ41155,2,9,0,18,0,1,0,0,0,0,2,1,1,1,35,6,1396,1,15,3,1,3
201806XJ42964,1,9,0,4,0,0,0,0,0,0,1,1,6,1,30,6,1995,2,9,-1,-1,-1
201806XJ42964,2,9,0,3,0,0,0,0,0,0,2,1,2,2,43,7,998,1,-1,1,1,1
201806XJ43249,1,4,0,18,0,0,0,0,0,0,1,1,1,1,21,5,471,1,5,6,1,6
201806XJ43249,2,9,0,18,0,0,0,0,0,0,2,1,2,2,39,7,1198,1,3,9,1,9
201806XJ44066,1,9,3,18,0,0,0,0,0,0,1,1,6,2,49,8,-1,-1,-1,-1,-1,-1
201806XJ44066,2,9,0,4,0,0,0,0,0,0,2,1,6,1,57,9,1560,2,2,-1,-1,-1
201806XJ44066,3,9,0,4,0,0,0,0,0,0,2,1,6,1,49,8,2998,1,1,9,2,9
201806XJ44633,1,21,0,11,0,0,0,0,0,0,4,1,6,1,28,6,10837,2,6,-1,-1,-1
201806XJ44633,2,9,0,5,0,0,0,0,0,0,3,1,6,1,61,9,1896,2,15,6,1,6
201806XJ44707,1,21,0,11,0,0,0,0,0,0,1,1,1,1,55,8,6870,2,6,1,1,1
201806XJ44707,2,21,1,11,0,0,0,0,0,0,2,1,1,1,41,7,11967,2,10,5,1,5
201806XJ46478,1,9,0,13,0,0,1,0,1,10,1,1,6,1,34,6,1246,1,12,1,1,1
201806XJ46478,2,10,0,18,0,0,1,0,0,0,2,1,1,1,50,8,-1,-1,-1,1,1,1
201806XJ46610,1,21,0,18,0,0,0,0,0,0,1,1,1,1,37,7,6693,2,5,1,1,1
201806XJ47198,1,21,0,11,0,0,0,0,0,0,1,1,1,1,26,6,12900,2,6,2,2,2
201806XJ47198,2,9,0,18,0,0,1,0,1,6,3,1,6,2,28,6,1896,2,11,5,1,5
201806XJ49571,1,9,0,18,0,0,0,0,0,0,1,1,6,1,37,7,1685,2,1,1,1,1
201806XJ49571,2,8,0,18,0,0,0,0,0,0,1,1,1,1,44,7,2499,2,9,1,1,1
201806XJ49700,1,9,0,16,0,0,0,0,0,0,1,1,6,1,71,10,1997,1,1,-1,-1,-1
201806XJ49700,2,9,0,16,0,0,0,0,0,0,2,1,1,1,42,7,-1,3,-1,4,3,4
201806XJ49727,1,19,0,18,0,1,0,0,0,0,2,1,6,1,30,6,2148,2,11,1,1,1
201806XJ49727,2,9,0,18,0,1,1,0,0,0,1,1,6,1,45,7,1991,2,13,3,1,3
201806XJ49727,3,9,0,18,0,1,0,0,0,0,3,1,6,1,45,7,2143,2,7,2,1,2
201806XJ49727,4,9,0,18,0,1,1,0,0,0,1,1,6,2,35,6,1229,1,6,2,1,2
201806XJ50563,1,9,0,11,0,0,0,0,1,7,1,1,6,1,30,6,1956,2,8,-1,-1,-1
201806XJ50563,2,9,0,18,0,0,0,0,0,6,2,1,6,2,50,8,1968,2,5,5,1,5
201806XJ51756,1,9,0,18,0,0,0,0,0,0,1,1,6,2,45,7,1498,1,1,1,1,1
201806XJ51756,2,9,0,18,0,0,0,0,0,0,2,1,6,1,55,8,1598,2,-1,7,1,7
201806XJ51756,3,9,0,18,0,0,0,0,0,0,2,1,6,1,45,7,1596,1,15,1,1,1
201806XK39541,1,9,0,18,0,0,1,0,2,7,4,1,6,1,22,5,1596,1,12,1,1,1
201806XK39771,1,9,0,18,0,0,0,0,0,0,1,1,1,1,39,7,998,1,4,4,2,4
201806XK39771,2,9,0,4,0,0,0,0,0,0,2,1,1,2,45,7,1600,1,7,8,3,8
201806XK39857,1,9,0,3,0,4,0,0,0,0,2,1,2,1,46,8,2199,2,3,8,1,8
201806XK39857,2,9,0,4,0,4,0,0,0,0,1,1,6,2,30,6,1582,2,6,2,1,2
201806XK40580,1,9,0,18,0,0,1,0,0,0,4,1,6,2,19,4,1198,1,5,2,1,2
201806XK40580,2,9,0,18,0,0,0,0,1,7,1,1,6,1,21,5,1364,2,5,1,1,1
201806XK41804,1,9,0,18,0,4,0,0,0,0,1,1,6,1,17,4,-1,-1,-1,7,1,7
201806XK41804,2,9,0,3,0,4,0,0,0,0,2,1,6,1,38,7,1398,1,1,1,1,1
201806XK42292,1,9,0,18,0,0,0,0,0,0,1,1,6,1,53,8,2720,2,11,1,1,1
201806XK42292,2,9,0,18,0,0,0,0,1,0,3,1,6,1,28,6,1995,2,8,-1,-1,-1
201806XK42515,1,9,0,18,0,7,0,0,0,0,3,1,6,1,30,6,1199,1,18,-1,-1,-1
201806XK42515,2,9,0,18,0,2,0,0,0,0,4,1,6,1,28,6,1560,2,3,9,1,9
201806XK43225,1,9,0,18,0,1,0,0,0,0,1,1,6,1,29,6,1598,1,7,9,1,9
201806XK43225,2,9,0,18,0,4,0,0,0,0,2,1,6,2,30,6,898,1,2,1,1,1
201806XK45217,1,9,0,18,8,1,0,0,0,1,0,1,6,2,29,6,1388,1,7,9,2,9
201806XK45217,2,9,0,8,0,1,0,0,0,0,2,1,6,2,53,8,1992,2,11,-1,-1,-1
201806XK45248,1,9,0,18,0,0,0,0,0,0,4,1,6,3,-1,-1,1149,1,13,-1,-1,-1
201806XK45248,2,9,0,18,0,0,0,0,0,0,3,1,6,1,38,7,2359,1,10,7,2,7
201806XK46755,1,21,1,12,0,1,0,0,0,0,3,1,1,1,50,8,-1,-1,-1,-1,-1,-1
201806XK46755,2,9,0,18,0,1,0,0,0,0,4,1,6,2,49,8,1200,1,2,1,1,1
201806XK47227,1,19,0,18,0,0,0,0,0,0,1,1,6,3,-1,-1,-1,-1,-1,-1,-1,-1
201806XK47227,2,9,0,18,0,0,2,0,2,0,2,1,6,1,37,7,1598,1,5,3,2,3
201806XK47365,1,21,1,18,0,0,0,0,0,0,1,1,1,1,45,7,12740,2,1,3,3,3
201806XK47832,1,9,0,18,0,0,0,0,0,0,1,1,6,2,24,5,-1,-1,-1,2,1,2
201806XK47832,2,9,0,18,0,0,0,0,0,0,1,1,6,1,29,6,-1,-1,-1,-1,-1,-1
201806XK47832,3,9,0,18,0,0,0,0,0,0,1,1,6,1,54,8,1591,1,5,5,1,5
201806XK47832,4,9,0,18,0,0,0,0,0,0,1,1,6,1,51,8,-1,-1,-1,8,1,8
201806XK47938,1,9,0,18,0,0,0,0,0,1,0,1,6,3,-1,-1,-1,-1,-1,-1,-1,-1
201806XK47938,2,9,0,18,0,0,0,0,0,0,3,1,6,2,30,6,1560,2,7,3,1,3
201806XK49909,1,9,0,5,0,1,0,0,0,0,1,1,1,1,35,6,-1,-1,-1,2,1,2
201806XK49909,2,9,0,5,0,1,0,0,0,0,2,1,6,2,70,10,998,1,4,3,1,3
201806XK49918,1,9,0,12,0,0,0,0,0,0,3,1,1,2,28,6,2143,2,2,9,1,9
201806XK49918,2,5,0,18,0,0,0,0,0,0,4,1,1,1,24,5,649,1,1,7,1,7
201806XK49918,3,9,0,18,0,0,0,0,0,0,2,1,1,2,43,7,1968,2,1,6,1,6
201806XL40779,1,21,4,18,0,0,0,0,0,0,1,1,1,1,37,7,11705,2,11,3,1,3
201806XL40779,2,21,1,4,0,0,0,0,0,0,2,1,1,1,51,8,12419,2,5,2,1,2
201806XL40779,3,21,0,4,0,0,0,0,0,0,3,1,1,1,27,6,-1,-1,-1,3,1,3
201806XL41986,1,9,0,4,0,4,1,0,0,0,1,1,1,1,26,6,2993,2,11,-1,1,-1
201806XL41986,2,9,0,3,0,4,0,0,0,0,2,1,1,2,36,7,-1,-1,-1,7,3,7
201806XL44309,1,9,0,18,0,4,0,0,0,0,4,1,6,3,-1,-1,1896,2,15,-1,-1,-1
201806XL44309,2,9,0,18,0,4,0,0,0,0,3,1,6,1,32,6,2199,2,6,9,2,9
201806XL44328,1,20,1,11,0,1,0,0,0,0,4,1,6,3,-1,-1,-1,-1,-1,-1,-1,-1
201806XL44328,2,9,0,5,0,1,0,0,0,0,3,1,6,1,48,8,1997,2,7,1,1,1
201806XL51655,1,9,0,8,0,7,0,0,0,0,1,1,6,1,30,6,-1,-1,-1,-1,-1,-1
201806XL51655,2,19,0,8,0,7,0,0,0,0,2,1,1,1,48,8,2198,2,2,6,1,6
201806XM39338,1,19,0,18,0,0,0,0,0,0,4,1,1,1,34,6,2463,2,13,2,1,2
201806XM39338,2,21,1,11,0,0,0,0,0,0,1,1,1,1,26,6,12419,2,5,-1,-1,-1
201806XM39354,1,9,0,4,0,0,0,0,0,0,1,1,6,2,61,9,-1,-1,-1,4,1,4
201806XM39354,2,9,0,4,0,0,0,0,0,0,1,1,6,2,53,8,1595,1,2,9,1,9
201806XM39354,3,9,0,3,0,0,0,0,0,0,2,1,6,2,54,8,-1,-1,-1,9,2,9
201806XM40124,1,19,0,18,0,0,0,0,0,0,1,1,2,1,30,6,1248,2,10,3,1,3
201806XM40124,2,9,0,4,0,0,0,0,0,0,2,1,6,2,18,4,1120,2,2,1,1,1
201806XM41234,1,21,5,11,0,0,0,0,0,0,4,1,6,1,30,6,11021,2,14,-1,-1,-1
201806XM41234,2,9,0,4,0,0,1,0,0,0,2,1,1,2,26,6,1995,2,3,2,1,2
201806XM43658,1,9,0,18,0,0,1,0,2,7,1,1,6,1,39,7,-1,-1,-1,3,1,3
201806XM45053,1,20,0,5,0,4,0,0,0,0,1,1,1,1,60,9,3920,2,12,1,1,1
201806XM45053,2,9,0,4,0,4,0,0,0,0,2,1,6,1,56,9,1998,1,15,1,1,1
201806XM45728,1,9,0,18,0,0,0,7,0,0,3,1,6,1,38,7,1995,2,10,1,1,1
201806XM45728,2,9,0,12,0,0,0,0,0,0,4,1,6,1,36,7,1900,2,13,-1,-1,-1
201806XM45728,3,9,0,18,0,0,5,0,0,0,3,1,6,1,63,9,998,1,2,9,1,9
201806XM45728,4,9,0,18,0,0,0,11,0,0,4,1,6,2,18,4,1242,1,8,7,1,7
201806XM49078,1,9,0,18,0,0,0,0,0,0,1,1,6,2,47,8,1999,2,1,9,2,9
201806XM49078,2,9,0,18,0,0,0,0,0,0,2,1,6,2,23,5,1398,1,2,5,1,5
201806XM49098,1,9,0,11,0,0,0,0,5,0,3,1,6,2,24,5,1598,1,13,4,1,4
201806XM49195,1,9,0,18,0,0,0,0,1,0,4,1,6,1,30,6,1596,1,17,-1,-1,-1
201806XM49195,2,9,4,18,0,0,4,0,1,0,3,1,1,1,49,8,-1,-1,-1,4,1,4
201806XM51385,1,9,0,18,0,8,0,0,0,0,1,1,6,2,48,8,1598,2,7,7,1,7
201806XN39552,1,9,0,18,0,0,0,0,0,0,1,1,1,1,29,6,1461,2,2,1,1,1
201806XN39552,2,9,0,2,0,0,0,0,0,0,2,1,1,1,42,7,1560,2,8,2,1,2
201806XN39756,1,9,0,18,0,0,1,0,0,0,1,1,6,1,43,7,2720,2,9,-1,-1,-1
201806XN39756,2,9,0,4,0,0,0,0,0,0,2,1,6,1,70,10,-1,-1,-1,1,1,1
201806XN39756,3,9,0,3,0,0,0,0,0,0,2,1,6,1,37,7,-1,-1,-1,8,1,8
201806XN39919,1,9,0,18,0,0,1,0,0,0,4,1,6,2,55,8,998,1,17,4,1,4
201806XN39919,2,9,0,18,0,0,0,0,0,0,3,1,1,1,39,7,2143,2,1,2,1,2
201806XN39987,1,19,0,18,0,0,1,0,0,0,1,1,1,1,34,6,1461,2,5,2,1,2
201806XN39987,2,21,4,3,0,0,0,0,0,0,2,1,1,1,44,7,10837,2,2,8,1,8
201806XN40103,1,9,0,18,0,0,0,0,0,0,1,1,6,1,32,6,1995,1,6,9,1,9
201806XN40103,2,9,0,4,0,0,0,0,0,0,2,1,6,2,61,9,1198,1,3,10,1,10
201806XN40612,1,21,4,18,0,0,0,0,0,0,1,1,1,1,39,7,10837,2,3,3,1,3
201806XN40612,2,19,0,4,0,0,0,0,0,0,2,1,1,1,51,8,2143,2,5,-1,-1,-1
201806XN40612,3,9,0,4,0,0,0,0,0,0,2,1,2,1,31,6,1598,1,12,9,1,9
201806XN40612,4,9,0,4,0,0,0,0,0,0,2,1,1,1,50,8,-1,-1,-1,1,1,1
201806XN40619,1,21,0,11,0,0,0,0,0,0,4,1,1,1,48,8,10837,2,1,5,1,5
201806XN40619,2,9,0,18,0,0,1,0,0,7,3,1,2,1,30,6,1999,2,2,6,1,6
201806XN40619,3,9,0,18,0,0,0,0,0,0,3,1,2,1,49,8,2995,1,2,5,1,5
201806XN40721,1,21,1,11,0,0,0,0,0,0,4,1,1,3,-1,-1,12900,2,8,-1,-1,-1
201806XN40721,2,9,0,18,0,0,0,0,0,0,3,1,6,1,32,6,2143,2,5,5,1,5
201806XN41040,1,9,0,18,0,0,1,2,2,7,1,1,6,1,47,8,1242,1,5,-1,-1,-1
201806XN41040,2,8,0,18,0,0,0,2,0,0,3,1,6,1,48,8,-1,-1,-1,3,1,3
201806XN41040,3,9,0,18,0,0,0,0,0,0,1,1,6,1,44,7,1598,2,6,2,1,2
201806XN41294,1,9,0,18,0,0,0,0,0,0,3,1,6,1,43,7,1596,1,14,9,3,9
201806XN41294,2,9,0,18,0,0,0,0,0,0,1,1,6,1,26,6,-1,-1,-1,9,2,9
201806XN41294,3,19,0,18,0,0,0,0,0,0,3,1,6,1,53,8,2198,2,2,2,1,2
201806XN41294,4,9,0,18,0,0,0,0,0,0,2,1,6,1,47,8,-1,-1,-1,1,1,1
201806XN41294,5,9,0,18,0,0,0,0,0,0,1,1,6,1,22,5,-1,-1,-1,10,1,10
201806XN41294,6,9,0,18,0,0,0,0,0,0,3,1,6,1,27,6,1364,1,9,6,1,6
201806XN41294,7,9,0,18,0,0,0,0,0,0,3,1,6,2,58,9,1999,2,2,4,1,4
201806XN41294,8,9,0,18,0,0,0,0,0,0,1,1,6,1,57,9,1995,2,4,8,1,8
201806XN41294,9,9,0,18,0,0,0,0,0,0,2,1,6,2,55,8,1248,1,1,5,1,5
201806XN41294,10,9,0,18,0,0,0,0,0,0,3,1,6,1,61,9,-1,-1,-1,9,1,9
201806XN41294,11,9,0,18,0,0,0,0,0,0,1,1,6,1,36,7,-1,-1,-1,2,1,2
201806XN41294,12,9,0,18,0,0,0,0,0,0,3,1,6,1,45,7,-1,-1,-1,1,1,1
201806XN41294,13,9,0,18,0,0,0,0,0,0,1,1,6,2,42,7,1396,2,7,8,1,8
201806XN41294,14,9,0,18,0,0,0,0,0,0,3,1,6,1,59,9,-1,-1,-1,1,1,1
201806XN41294,15,9,0,18,0,0,0,0,0,0,1,1,6,1,60,9,1560,2,4,5,1,5
201806XN41294,16,9,0,18,0,0,0,0,0,0,3,1,6,2,47,8,1560,2,9,6,2,6
201806XN41746,1,9,0,18,0,0,0,0,0,0,1,1,6,1,75,10,2199,2,7,4,1,4
201806XN41746,2,9,0,18,0,0,0,0,0,0,2,1,6,2,49,8,2494,8,2,10,1,10
201806XN42238,1,9,0,18,0,0,0,0,0,0,1,1,6,1,66,10,1591,1,10,10,2,10
201806XN42238,2,9,0,18,0,0,0,0,0,0,2,1,6,2,67,10,1598,2,7,6,3,6
201806XN42238,3,19,5,3,0,0,0,0,0,0,2,1,1,1,26,6,2402,2,8,3,1,3
201806XN42238,4,19,5,3,0,0,0,0,0,0,2,1,1,1,32,6,2198,2,10,3,1,3
201806XN42640,1,9,0,18,0,0,1,0,0,6,3,1,6,1,49,8,1896,2,11,2,1,2
201806XN42640,2,9,0,18,0,0,1,0,0,0,1,1,6,1,57,9,1596,1,13,2,1,2
201806XN42640,3,19,0,18,0,0,5,0,0,0,1,1,6,1,51,8,-1,-1,-1,3,1,3
201806XN42656,1,9,0,18,0,0,1,0,0,0,4,1,6,1,38,7,1390,1,10,3,1,3
201806XN42656,2,9,0,18,0,0,1,0,1,4,3,1,6,1,51,8,1242,1,3,9,1,9
201806XN42956,1,9,0,18,0,0,1,0,5,10,1,1,2,2,19,4,1229,1,3,2,1,2
201806XN42956,2,21,1,18,0,0,0,0,0,0,4,1,1,1,32,6,12419,2,-1,9,3,9
201806XN44244,1,9,0,18,0,0,0,0,0,0,1,1,6,1,48,8,-1,-1,-1,1,1,1
201806XN44244,2,21,1,3,0,0,0,0,0,0,2,1,1,1,55,8,12777,2,7,4,1,4
201806XN44340,1,9,0,18,0,0,0,0,0,0,1,1,6,2,32,6,1198,1,-1,1,1,1
201806XN44340,2,9,0,11,0,0,0,0,0,0,1,1,6,1,30,6,-1,-1,-1,-1,-1,-1
201806XN44737,1,21,1,12,0,0,0,0,0,0,2,1,1,1,27,6,12809,2,3,2,1,2
201806XN44737,2,9,0,18,0,0,0,0,0,0,3,1,6,2,63,9,1299,1,13,3,1,3
201806XN45023,1,19,0,11,0,0,0,0,0,0,1,1,1,1,49,8,-1,-1,-1,1,1,1
201806XN45023,2,11,0,4,0,0,0,0,0,0,2,1,1,1,62,9,9200,2,14,1,1,1
201806XN45181,1,9,0,11,0,0,0,0,0,0,1,1,6,3,-1,-1,-1,-1,-1,-1,-1,-1
201806XN45181,2,9,0,18,0,0,0,0,0,0,2,1,6,2,33,6,1896,2,13,2,1,2
201806XN45452,1,21,1,11,0,1,0,0,0,0,4,1,1,1,62,9,12777,2,8,-1,-1,-1
201806XN45452,2,9,0,18,0,1,0,0,0,0,3,1,2,1,54,8,2967,2,1,4,1,4
201806XN45452,3,9,0,18,0,1,0,0,0,0,1,1,2,1,27,6,1956,2,3,-1,-1,-1
201806XN45452,4,9,0,18,0,1,0,0,0,0,2,1,1,1,52,8,-1,-1,-1,-1,-1,-1
201806XN45713,1,9,0,18,0,4,0,0,0,0,3,1,6,1,49,8,1968,2,9,6,1,6
201806XN45713,2,9,0,18,0,8,0,0,0,0,4,1,6,1,54,8,1598,1,15,4,1,4
201806XN46322,1,9,0,17,0,4,0,0,0,0,3,1,6,3,-1,-1,2400,2,6,-1,-1,-1
201806XN46322,2,9,0,11,0,4,0,0,0,0,4,1,6,2,53,8,1798,8,1,7,3,7
201806XN46403,1,20,0,18,0,0,0,0,0,0,1,1,1,1,53,8,-1,-1,-1,2,1,2
201806XN46403,2,9,0,18,0,0,0,0,0,0,2,1,2,1,57,9,1968,2,8,8,2,8
201806XN46403,3,9,0,18,0,0,0,0,0,0,2,1,2,1,23,5,1998,1,1,2,1,2
201806XN46403,4,9,0,18,0,0,0,0,0,0,2,1,2,2,44,7,1968,2,5,7,1,7
201806XN46637,1,19,0,12,0,0,0,0,0,0,2,1,6,1,61,9,2198,2,5,3,1,3
201806XN46637,2,9,0,18,0,0,0,0,0,0,1,1,2,2,32,6,-1,-1,-1,10,3,10
201806XN47388,1,9,0,18,0,0,1,0,5,6,1,1,6,2,18,4,999,1,-1,7,1,7