Accident_Index,Vehicle_Reference,Vehicle_Type,Towing_and_Articulation,Vehicle_Manoeuvre,Vehicle_Location-Restricted_Lane,Junction_Location,Skidding_and_Overturning,Hit_Object_in_Carriageway,Vehicle_Leaving_Carriageway,Hit_Object_off_Carriageway,1st_Point_of_Impact,Was_Vehicle_Left_Hand_Drive?,Journey_Purpose_of_Driver,Sex_of_Driver,Age_of_Driver,Age_Band_of_Driver,Engine_Capacity_(CC),Propulsion_Code,Age_of_Vehicle,Driver_IMD_Decile,Driver_Home_Area_Type,Vehicle_IMD_Decile
2018070019159,2,1,0,18,0,2,0,0,0,0,3,1,6,1,13,3,-1,-1,-1,7,1,7
2018070019485,1,9,0,9,0,8,0,0,0,0,3,1,6,2,72,10,1248,1,6,7,1,7
2018070019485,2,1,0,18,0,1,0,0,0,0,1,1,6,2,25,5,-1,-1,-1,4,1,4
2018070019760,1,9,0,18,0,4,0,0,0,0,1,1,6,1,-1,-1,-1,-1,-1,-1,-1,-1
2018070019775,1,19,0,18,0,0,0,0,0,0,1,1,2,1,49,8,1248,2,5,1,1,1
2018070019775,2,9,0,4,0,0,0,0,0,0,2,1,6,1,51,8,2993,2,-1,-1,3,-1
2018070020434,1,9,0,17,0,8,0,0,0,0,3,1,6,2,43,7,1598,1,12,8,1,8
2018070020434,2,5,0,13,0,8,0,10,1,0,4,1,6,1,35,6,1293,1,4,2,1,2
2018070020774,1,9,0,18,0,0,1,0,1,1,4,1,6,1,46,8,1596,1,15,-1,-1,-1
2018070020891,1,9,0,16,0,8,0,0,0,0,1,1,6,1,30,6,1388,1,13,5,1,5
2018070020891,2,8,0,9,0,8,0,0,0,0,1,1,1,1,49,8,1995,2,8,-1,1,-1
2018070020897,1,11,0,12,0,3,0,0,0,0,3,1,1,1,-1,-1,6871,2,7,-1,-1,-1
2018070020897,2,9,0,18,0,3,0,0,1,2,4,1,2,2,50,8,1796,2,4,-1,1,-1
2018070020915,1,19,0,18,0,0,0,0,0,0,4,1,6,1,49,8,10837,2,2,8,1,8
2018070020915,2,9,0,18,0,0,1,0,0,0,3,1,6,1,49,8,2967,2,9,9,1,9
2018070020986,1,9,0,18,0,0,0,0,0,0,1,1,6,1,-1,-1,-1,-1,-1,-1,-1,-1
2018070020986,2,9,0,18,0,0,0,0,0,0,1,1,6,1,-1,-1,-1,-1,-1,-1,-1,-1
2018070020986,3,9,0,18,0,0,0,0,0,0,1,1,6,1,22,5,1995,2,4,4,1,4
2018070020986,4,9,0,18,0,0,0,0,0,0,1,1,6,1,32,6,1598,1,11,6,1,6
2018070020986,5,9,0,18,0,0,0,0,0,0,0,1,6,2,-1,-1,1984,1,1,5,1,5
2018070020992,1,21,1,18,0,0,0,0,0,0,3,2,1,3,-1,-1,-1,-1,-1,-1,-1,-1
2018070020992,2,9,0,18,0,0,1,0,4,7,4,1,6,2,45,7,1999,1,11,9,1,9
2018070020992,3,19,0,18,0,0,0,0,0,0,1,1,1,1,26,6,2198,2,3,1,1,1
2018070021474,1,9,0,9,0,2,0,0,0,0,1,1,6,2,51,8,1242,1,4,10,1,10
2018070021474,2,1,0,18,0,1,0,0,0,0,1,1,2,1,52,8,-1,-1,-1,10,1,10
2018070021833,1,9,0,17,0,0,5,0,1,11,1,1,6,1,28,6,1896,2,17,-1,3,-1
2018070021865,1,9,0,16,0,0,0,0,0,7,4,1,6,1,25,5,1753,2,12,1,1,1
2018070021865,2,5,0,13,0,0,0,0,0,0,1,1,2,1,40,7,742,1,27,6,1,6
2018070021865,3,21,1,18,0,0,0,0,0,0,1,1,1,1,62,9,11967,2,5,4,1,4
2018070022030,1,9,0,9,0,5,0,0,0,0,1,1,3,2,28,6,1000,1,5,7,1,7
2018070022215,1,9,0,10,0,1,0,0,0,0,0,1,6,1,21,5,1598,2,3,-1,3,-1
2018070022215,2,9,0,18,0,1,0,0,0,0,1,1,6,2,79,11,1598,1,11,10,1,10
2018070022219,1,9,0,16,0,0,1,0,2,10,1,1,6,2,45,7,1364,1,9,9,1,9
2018070022266,1,9,0,3,0,8,0,0,0,0,1,1,1,1,28,6,-1,-1,-1,7,1,7
2018070022266,2,9,0,3,0,8,0,0,0,0,2,1,1,2,41,7,1997,2,4,-1,-1,-1
2018070022279,1,9,0,16,0,8,0,0,0,0,1,1,6,1,33,6,2993,2,1,1,1,1
2018070022279,2,9,0,17,0,1,0,0,0,0,1,1,6,1,22,5,1896,2,15,9,3,9
2018070022300,1,19,0,8,0,1,0,0,0,0,0,1,1,1,37,7,2143,2,4,3,1,3
2018070022300,2,1,0,18,0,1,0,0,1,10,4,1,6,2,52,8,-1,-1,-1,6,1,6
2018070022437,1,9,0,18,0,1,0,0,0,0,2,1,6,2,30,6,1198,1,16,4,1,4
2018070022437,2,9,0,18,0,7,0,0,0,0,1,1,6,1,31,6,-1,-1,-1,2,1,2
2018070022437,3,9,0,18,0,7,0,0,0,0,2,1,6,1,73,10,998,1,3,10,1,10
2018070022571,1,9,0,7,0,6,0,0,0,0,3,1,6,2,73,10,998,1,5,1,1,1
2018070022571,2,9,0,18,0,1,0,0,0,0,1,1,6,1,17,4,1396,1,8,10,3,10
2018070022655,1,9,0,3,0,1,0,0,0,0,1,1,1,2,53,8,1390,1,5,10,1,10
2018070022655,2,9,0,3,0,1,0,0,0,0,2,1,6,2,35,6,1984,1,8,5,3,5
2018070022721,1,9,0,17,0,0,0,6,1,11,1,1,6,1,21,5,1242,1,19,2,1,2
2018070023267,1,19,0,13,0,0,0,0,0,0,4,1,6,1,50,8,2400,2,15,7,3,7
2018070023267,2,9,0,18,0,0,0,0,0,0,3,1,6,2,46,8,1461,2,9,10,1,10
2018070023427,1,9,0,7,0,6,0,0,0,0,4,1,3,2,26,6,1598,1,14,2,1,2
2018070023427,2,1,0,18,9,1,0,0,0,0,1,1,4,1,13,3,-1,-1,-1,1,1,1
2018070023642,1,9,0,3,0,0,0,0,0,0,1,1,6,2,48,8,1396,1,3,9,1,9
2018070023642,2,9,0,3,0,0,0,0,0,0,2,1,3,1,40,7,2143,2,2,9,1,9
2018070023704,1,9,0,5,0,4,0,0,0,0,2,1,6,1,48,8,1200,1,1,-1,-1,-1
2018070023704,2,19,0,5,0,4,0,0,0,0,1,1,2,1,33,6,1461,2,7,1,-1,1
2018070023833,1,9,0,18,0,0,5,0,7,9,3,1,6,1,22,5,1149,1,15,1,1,1
2018070023982,1,9,0,18,0,8,0,0,0,0,1,1,6,1,70,10,1560,2,8,4,1,4
2018070023982,2,1,0,18,0,8,0,0,0,0,4,1,2,1,24,5,-1,-1,-1,8,1,8
2018070024770,1,21,1,11,0,0,0,0,0,0,4,1,1,1,43,7,12902,2,4,-1,2,-1
2018070024770,2,9,0,18,0,0,1,0,0,0,3,1,6,2,30,6,1598,1,9,6,3,6
2018070025122,1,9,0,9,0,8,0,0,0,0,1,1,6,2,-1,-1,1798,1,12,8,1,8
2018070025122,2,1,0,18,0,8,0,0,0,0,4,1,6,1,22,5,-1,-1,-1,8,1,8
2018070025262,1,9,0,18,0,0,0,0,0,0,1,1,2,1,20,4,1368,1,5,1,1,1
2018070025262,2,21,1,2,0,0,0,0,0,0,2,1,1,1,58,9,10677,2,4,9,1,9
2018070025438,1,1,0,18,0,1,0,0,0,0,1,1,1,1,45,7,-1,-1,-1,10,1,10
2018070025438,2,9,0,5,0,6,0,0,0,0,2,1,1,2,36,7,1598,1,4,10,1,10
2018070025503,1,20,0,18,0,1,0,0,0,0,2,1,1,1,62,9,6871,2,2,10,1,10
2018070025503,2,9,0,18,0,1,0,0,0,0,1,1,2,1,49,8,1598,1,17,2,1,2
2018070025505,1,9,0,9,0,8,0,0,7,0,3,1,6,1,69,10,1997,2,7,10,1,10
2018070025505,2,9,0,18,0,8,0,0,0,0,1,1,6,2,70,10,2319,1,24,9,1,9
2018070025719,1,9,0,4,0,0,0,0,0,0,2,1,1,1,29,6,1560,2,5,3,1,3
2018070025719,2,9,0,18,0,0,0,0,0,0,1,1,6,1,35,6,1998,1,14,3,1,3
2018070025927,1,9,0,16,0,0,0,0,0,0,1,1,6,2,40,7,1395,1,-1,9,1,9
2018070026257,1,9,0,13,0,0,0,0,1,0,3,1,6,1,32,6,2993,2,8,5,3,5
2018070026257,2,9,0,18,0,0,0,0,0,0,3,1,2,1,49,8,2993,2,1,8,3,8
2018070026257,3,9,0,18,0,0,0,0,1,0,3,1,6,1,58,9,1796,1,14,10,1,10
2018070026751,1,9,0,5,0,1,0,0,0,0,1,1,6,2,37,7,1968,2,8,4,1,4
2018070026751,2,1,0,18,0,1,0,0,0,0,4,1,6,1,70,10,-1,-1,-1,9,1,9
2018070026877,1,9,0,5,0,1,0,0,0,0,1,1,6,2,66,10,996,1,4,4,1,4
2018070026877,2,9,0,5,0,8,0,0,0,0,4,1,6,2,45,7,1124,1,16,3,1,3
2018070027155,1,9,0,5,0,6,0,0,0,0,1,1,6,2,60,9,2982,2,5,8,1,8
2018070027155,2,1,0,18,9,8,0,0,0,0,4,1,6,1,35,6,-1,-1,-1,3,1,3
2018070027191,1,9,0,14,0,0,0,0,0,0,3,1,6,1,39,7,1560,2,9,-1,-1,-1
2018070027191,2,9,0,2,0,0,0,0,0,0,4,1,6,2,38,7,1685,2,5,9,1,9
2018070027254,1,9,0,17,0,2,0,0,0,0,3,1,6,1,89,11,1339,1,6,8,1,8
2018070027711,1,9,0,18,0,0,1,0,0,0,1,1,1,2,27,6,1339,1,12,7,1,7
2018070027711,2,9,0,18,0,0,0,0,0,0,1,1,1,1,29,6,4367,2,2,10,1,10
2018070028088,1,9,0,18,0,2,0,0,0,0,2,1,6,2,48,8,999,1,5,1,1,1
2018070028088,2,9,0,18,0,2,0,0,0,0,1,1,6,1,23,5,1198,1,16,10,1,10
2018070028558,1,19,0,4,0,0,0,0,0,0,1,1,1,1,39,7,2143,2,1,3,1,3
2018070028558,2,19,0,4,0,0,0,0,4,6,2,1,1,1,31,6,2298,2,3,1,1,1
2018070028558,3,9,0,4,0,0,0,0,0,0,1,1,1,1,37,7,1798,8,3,3,1,3
2018070028606,1,9,0,18,0,0,0,0,0,0,1,2,6,2,23,5,-1,-1,-1,4,1,4
2018070028606,2,9,0,18,0,0,0,0,0,0,2,2,6,1,30,6,1598,2,2,1,1,1
2018070029887,1,9,0,9,0,8,0,0,0,0,1,1,6,2,37,7,1461,2,7,2,1,2
2018070029887,2,9,0,18,0,8,0,0,1,1,1,1,6,2,69,10,1198,1,3,9,1,9
2018070029964,1,9,0,9,0,0,0,0,0,0,2,1,6,2,38,7,1598,1,13,9,1,9
2018070029964,2,9,0,4,0,0,0,0,0,0,1,1,2,1,36,7,-1,-1,-1,6,1,6
2018070030342,1,9,0,18,0,0,0,0,0,0,1,1,2,1,48,8,1998,2,12,7,2,7
2018070030342,2,9,0,3,0,0,0,0,0,0,2,1,6,1,25,5,1560,2,4,-1,1,-1
2018070030801,1,5,0,13,0,0,0,0,0,0,1,1,2,1,28,6,1340,1,7,4,1,4
2018070030833,1,9,0,9,0,1,0,0,0,0,1,1,1,2,51,8,1242,1,4,4,1,4
2018070030833,2,1,0,18,0,1,0,0,0,0,3,1,6,1,58,9,-1,-1,-1,5,1,5
2018070030874,1,9,0,18,0,0,5,0,1,11,1,1,1,1,35,6,1598,1,8,9,1,9
2018070030874,2,9,0,18,0,0,0,0,0,0,4,1,1,1,50,8,1910,2,11,7,1,7
2018070030954,1,20,1,16,0,0,0,0,0,0,0,1,1,1,67,10,7146,2,6,5,3,5
2018070030954,2,9,0,17,0,0,0,11,0,0,1,1,6,1,59,9,2143,2,2,8,1,8
2018070031034,1,9,0,14,0,1,0,0,0,0,4,1,2,1,22,5,1598,1,12,7,3,7
2018070031132,1,9,0,17,0,0,1,0,7,10,4,1,2,1,29,6,1968,2,12,4,1,4
2018070031132,2,19,0,16,0,0,0,0,0,0,1,1,1,2,39,7,1560,2,1,-1,1,-1
2018070031288,1,9,0,18,0,8,0,0,0,0,4,1,6,1,36,7,1997,2,15,3,1,3
2018070031288,2,9,0,18,0,8,0,0,0,0,1,1,6,2,37,7,1596,1,9,4,1,4
2018070031330,1,9,0,10,0,1,0,0,0,0,1,1,6,2,80,11,2967,1,12,9,1,9
2018070031330,2,3,0,18,0,8,0,0,0,0,4,1,6,1,30,6,125,1,2,1,1,1
2018070031432,1,9,0,9,0,1,0,0,0,0,1,1,6,2,44,7,1700,2,14,6,1,6
2018070031432,2,2,0,13,0,1,0,0,0,0,4,1,6,1,19,4,49,1,8,3,1,3
2018070031710,1,9,0,18,0,8,0,0,0,0,1,1,6,1,33,6,2495,2,15,10,1,10
2018070031710,2,9,0,5,0,6,0,0,0,0,3,1,6,1,63,9,2400,2,2,9,3,9
2018070031898,1,9,0,5,0,4,0,0,0,0,1,1,2,2,61,9,-1,3,1,10,1,10
2018070031898,2,1,0,18,0,8,0,0,0,0,1,1,2,1,42,7,-1,-1,-1,3,1,3
2018070032347,1,9,0,7,0,8,0,0,0,0,2,1,6,2,65,9,1388,1,14,6,3,6
2018070032347,2,1,0,18,0,1,0,0,0,0,2,1,6,1,69,10,-1,-1,-1,6,3,6
2018070032655,1,9,0,4,0,4,1,0,0,0,3,1,6,2,39,7,1598,2,7,8,1,8
2018070032655,2,9,0,9,0,4,0,0,0,0,4,1,6,2,39,7,1461,2,7,9,1,9
2018070032744,1,9,0,17,0,3,0,0,0,0,4,1,6,2,59,9,1598,2,6,9,2,9
2018070032744,2,98,0,9,0,8,0,0,0,0,1,2,1,1,-1,-1,-1,-1,-1,-1,-1,-1
2018070032840,1,9,0,5,0,2,0,0,0,0,1,1,6,1,-1,-1,1598,2,1,-1,-1,-1
2018070032840,2,9,0,3,0,2,0,0,0,0,2,1,6,1,20,4,1595,1,14,9,1,9
2018070033244,1,9,0,5,0,8,0,0,0,0,1,1,6,2,45,7,1596,1,16,3,1,3
2018070033244,2,9,0,18,0,1,0,0,0,0,3,1,6,1,78,11,1995,1,7,10,1,10
2018070033244,3,9,0,18,0,1,0,0,0,0,3,1,6,1,47,8,2200,1,18,4,1,4
2018070033478,1,9,0,18,0,0,0,0,0,0,1,1,6,1,32,6,1390,1,16,5,3,5
2018070033478,2,20,4,2,9,0,0,0,0,0,2,1,1,1,41,7,4250,2,6,3,1,3
2018070033563,1,21,1,17,0,0,0,0,0,0,3,1,1,1,29,6,11705,2,10,5,3,5
2018070033563,2,9,0,16,0,0,0,0,1,0,3,1,6,1,79,11,1956,2,5,6,1,6
2018070033645,1,9,0,4,0,1,0,0,0,0,4,1,1,1,57,9,1796,1,10,7,1,7
2018070033645,2,1,0,18,0,1,0,0,0,0,1,1,6,1,20,4,-1,-1,-1,2,1,2
2018070034410,1,9,0,18,0,1,0,0,0,0,1,1,6,1,-1,-1,-1,-1,-1,10,1,10
2018070034410,2,9,0,3,0,1,0,0,0,0,2,1,6,2,52,8,1461,2,5,7,1,7
2018070034607,1,9,0,5,0,4,0,0,0,0,1,1,6,1,69,10,1598,1,5,9,1,9
2018070034607,2,1,0,18,0,8,0,0,0,0,4,1,6,1,17,4,-1,-1,-1,9,1,9
2018070035040,1,9,0,13,0,0,2,0,0,0,1,1,6,1,33,6,1388,1,13,1,1,1
2018070035040,2,9,0,18,0,0,0,0,0,0,2,1,6,1,43,7,1968,2,10,7,3,7
2018070035316,1,9,0,18,0,1,0,0,0,0,1,1,6,1,-1,-1,-1,-1,-1,-1,-1,-1
2018070035316,2,9,0,3,0,1,0,0,0,0,2,1,6,1,65,9,998,1,10,8,1,8
2018070035538,1,9,0,16,0,0,5,0,2,0,3,1,6,2,28,6,1390,1,12,6,1,6
2018070035719,1,20,0,9,0,2,0,0,0,0,3,1,1,2,54,8,-1,-1,-1,2,1,2
2018070035719,2,9,0,18,0,1,0,0,0,0,1,1,6,1,57,9,2995,1,3,2,1,2
2018070035846,1,9,0,3,0,1,0,0,0,0,0,1,6,1,74,10,2268,2,2,4,1,4
2018070035873,1,9,0,18,0,0,1,0,0,0,1,1,6,1,65,9,2179,2,3,-1,1,-1
2018070035873,2,9,0,18,0,0,1,0,0,0,3,1,6,2,38,7,1956,2,6,-1,1,-1
2018070036002,1,9,0,17,0,0,2,10,1,1,4,1,6,2,38,7,1796,1,11,10,2,10
2018070036291,1,9,0,13,0,0,1,0,8,4,1,1,2,1,36,7,1999,1,11,3,1,3
2018070036298,1,9,0,18,0,0,1,0,1,4,1,1,6,1,46,8,1896,2,14,8,3,8
2018070036361,1,9,0,16,0,1,0,0,7,1,2,1,1,2,50,8,-1,-1,-1,10,2,10
2018070036361,2,19,0,18,0,1,0,0,0,0,1,1,1,1,62,9,1461,2,4,9,1,9
2018070036810,1,9,0,3,0,0,0,0,0,0,2,1,6,2,47,8,1997,2,4,10,2,10
2018070036810,2,9,0,4,0,0,0,0,0,0,1,1,6,2,-1,-1,1781,1,15,10,1,10
2018070037018,1,2,0,7,9,4,1,0,0,0,0,1,6,3,-1,-1,-1,-1,-1,-1,-1,-1
2018070037347,1,2,0,18,9,0,0,0,3,0,0,1,6,3,-1,-1,-1,-1,-1,-1,-1,-1
2018070037437,1,9,0,5,0,8,0,0,0,0,1,1,1,1,25,5,2480,1,1,4,1,4
2018070037437,2,1,0,16,0,8,0,0,0,0,2,1,1,1,41,7,-1,-1,-1,8,1,8
2018070037445,1,9,0,9,0,5,0,0,0,0,1,1,2,2,53,8,1197,1,2,9,1,9
2018070037445,2,4,0,18,0,1,0,0,0,0,2,1,2,1,41,7,-1,-1,-1,2,1,2
2018070037751,1,9,0,18,0,2,0,0,0,0,1,1,6,1,70,10,1364,1,2,8,1,8
2018070037751,2,9,0,2,0,2,0,0,1,0,2,1,6,3,57,9,1685,2,4,8,1,8
2018070037871,1,19,0,18,0,0,0,0,0,0,0,1,1,1,52,8,1995,2,1,3,1,3
2018070038254,1,19,0,18,0,0,5,0,0,10,3,1,6,1,29,6,1870,2,13,7,3,7
2018070038474,1,9,0,17,0,0,1,0,1,3,1,1,6,1,19,4,1968,2,3,6,1,6
2018070039393,1,9,0,18,0,0,0,0,0,0,1,1,6,2,40,7,1560,2,11,2,1,2
2018070039393,2,1,0,18,0,0,0,0,0,0,2,1,6,1,16,4,-1,-1,-1,9,1,9
2018070039410,1,9,0,9,0,8,0,0,0,0,1,1,6,1,30,6,2720,2,9,1,1,1
2018070039410,2,10,0,18,0,8,0,0,0,0,3,1,6,2,29,6,-1,-1,-1,8,3,8
2018070039753,1,9,0,18,0,0,0,0,0,0,1,1,1,1,23,5,1242,1,13,2,1,2
2018070039753,2,9,0,2,0,0,0,0,0,0,1,1,6,1,55,8,-1,-1,-1,6,1,6
2018070040336,1,9,0,18,0,2,0,0,0,0,4,2,6,1,82,11,1498,1,1,10,1,10
2018070040439,1,9,0,18,0,1,0,4,0,0,4,1,6,2,22,5,1248,1,2,6,1,6
2018070040439,2,9,0,2,0,1,0,0,0,0,0,1,6,3,46,8,1896,2,15,7,1,7
2018070040439,3,9,0,2,0,1,0,0,0,0,0,1,6,3,23,5,1896,2,21,3,1,3
2018070040601,1,9,0,13,0,0,1,0,1,4,1,1,6,2,54,8,1840,1,15,6,3,6
2018070040658,1,9,0,17,0,2,1,0,1,3,4,1,6,1,19,4,998,1,17,8,1,8
2018070040799,1,9,0,9,0,8,0,0,0,0,4,1,6,3,-1,-1,-1,-1,-1,-1,-1,-1
2018070040799,2,9,0,18,0,1,0,0,0,0,1,1,6,2,22,5,1599,1,10,3,1,3
2018070040870,1,9,0,5,0,2,0,0,0,0,1,1,3,2,46,8,1596,1,15,8,1,8
2018070040970,1,9,0,17,0,0,5,10,0,0,1,1,6,2,21,5,1753,2,11,5,3,5
2018070041001,1,9,0,16,0,7,0,0,1,0,3,1,2,1,27,6,2998,1,1,9,1,9
2018070041001,2,9,0,16,0,7,0,0,7,0,4,1,1,1,37,7,1998,1,6,9,1,9
2018070041310,1,9,0,16,0,7,0,0,0,0,2,1,2,2,55,8,1999,2,1,1,1,1
2018070041310,2,9,0,13,0,3,0,0,0,0,1,1,6,1,59,9,1997,1,2,9,3,9
2018070041361,1,9,0,7,0,8,5,0,0,11,4,1,6,1,88,11,1248,1,6,9,1,9
2018070041512,1,9,0,9,0,1,0,0,0,0,3,1,6,2,79,11,1898,1,17,10,1,10
2018070041512,2,1,0,18,9,1,0,0,1,10,3,1,6,1,27,6,-1,-1,-1,7,1,7
2018070041535,1,9,0,18,0,0,0,0,0,0,0,1,6,1,74,10,2143,2,4,9,1,9
2018070041648,1,9,0,16,0,0,0,10,8,1,1,1,6,1,22,5,1395,1,2,10,1,10
2018070041663,1,9,0,18,0,1,0,0,0,0,4,1,6,2,29,6,2179,2,3,10,3,10
2018070041756,1,9,0,18,0,0,0,0,0,0,1,1,6,2,25,5,1560,2,2,2,1,2
2018070041793,1,9,0,18,0,1,5,4,0,0,1,1,2,1,18,4,1396,1,7,9,3,9
2018070041793,2,9,0,2,0,1,0,0,0,0,3,1,6,2,67,10,1240,1,13,9,2,9
2018070042204,1,9,0,7,0,2,0,0,1,9,1,1,6,2,20,4,1248,2,8,8,1,8
2018070042492,1,9,0,3,0,0,0,11,0,0,1,1,6,2,23,5,1242,1,12,5,3,5
2018070042603,1,1,0,18,9,0,0,0,0,0,4,1,6,1,15,3,-1,-1,-1,2,1,2
2018070042603,2,9,0,3,0,0,0,0,0,0,0,1,6,2,41,7,2143,2,2,6,1,6
2018070042622,1,9,0,4,0,4,0,0,0,0,1,1,2,1,26,6,2143,2,5,9,1,9
2018070042622,2,9,0,5,0,4,0,0,0,0,2,1,6,1,50,8,1364,1,1,1,1,1
2018070042722,1,9,0,18,0,3,0,0,0,0,1,1,6,2,27,6,1910,2,9,1,1,1
2018070042722,2,2,0,18,0,1,1,0,0,0,1,1,6,3,18,4,125,1,6,3,1,3
2018070042815,1,9,0,5,0,1,0,0,0,11,1,1,6,1,26,6,3628,2,10,6,3,6
2018070042815,2,9,0,12,0,1,0,0,0,0,1,1,6,1,54,8,1968,2,4,8,3,8
2018070043064,1,10,0,18,0,8,5,10,0,0,1,1,1,1,64,9,-1,-1,-1,2,1,2
2018070043650,1,9,0,18,0,0,0,0,0,0,4,1,6,1,28,6,1998,1,3,9,1,9
2018070043998,1,9,0,4,0,4,0,0,0,0,1,1,1,1,31,6,1598,1,9,1,1,1
2018070043998,2,1,0,18,0,3,0,0,0,0,1,1,6,1,61,9,-1,-1,-1,-1,-1,-1
2018070044009,1,21,1,4,0,0,0,0,0,0,2,1,1,1,30,6,12740,2,2,-1,-1,-1
2018070044009,2,9,0,4,0,0,0,0,0,0,2,1,2,2,20,4,899,1,3,9,3,9
2018070044009,3,9,0,4,0,0,0,0,0,0,2,1,2,1,58,9,1969,2,3,10,2,10
2018070044009,4,9,0,4,0,0,0,0,0,0,2,1,2,2,22,5,1000,1,5,3,1,3
2018070044009,5,21,1,18,0,0,1,0,0,0,1,2,1,1,51,8,-1,-1,-1,-1,-1,-1
2018070044043,1,9,0,17,0,0,1,0,0,0,1,1,1,1,29,6,1582,2,6,5,1,5
2018070044043,2,9,0,16,0,0,0,0,1,9,1,1,1,2,60,9,-1,-1,-1,8,3,8
2018070044043,3,9,0,16,0,0,0,0,0,0,1,1,1,1,57,9,2993,2,2,10,1,10
2018070044134,1,19,0,18,0,0,0,4,0,0,1,1,1,1,37,7,2143,2,5,1,1,1
2018070044134,2,9,0,2,9,0,0,4,0,3,1,1,6,1,42,7,2495,2,17,9,3,9
2018070044134,3,9,0,2,9,0,0,0,0,0,1,1,6,1,65,9,1360,1,11,8,3,8
2018070044651,1,9,0,18,0,8,0,0,0,0,1,1,6,1,18,4,1398,1,1,5,1,5
2018070044651,2,1,0,8,0,8,0,0,0,0,2,1,6,1,54,8,-1,-1,-1,5,1,5
2018070044866,1,9,0,18,0,1,0,0,0,0,1,1,6,1,-1,-1,-1,-1,-1,-1,-1,-1
2018070044866,2,9,0,4,0,1,0,4,0,0,2,1,6,2,50,8,1598,2,6,10,2,10
2018070044866,3,9,0,2,0,2,0,0,0,0,2,1,6,1,50,8,1896,2,13,3,1,3
2018070045035,1,9,0,7,0,4,0,0,0,0,1,1,1,1,62,9,898,1,3,3,1,3
2018070045044,1,4,0,18,0,0,1,0,0,0,4,1,1,1,30,6,599,1,7,3,1,3
2018070045083,1,19,0,1,0,1,0,0,0,0,2,1,6,1,-1,-1,-1,-1,-1,-1,-1,-1
2018070045083,2,1,0,3,0,1,0,0,0,0,1,1,2,2,60,9,-1,-1,-1,1,1,1
2018070045097,1,9,0,5,9,0,0,0,0,0,1,1,6,2,42,7,1598,1,13,10,1,10
2018070045097,2,1,0,18,9,0,0,0,0,0,4,1,6,2,30,6,-1,-1,-1,10,2,10
2018070045141,1,9,0,17,0,0,1,0,1,4,3,1,1,1,38,7,1598,1,13,6,1,6
2018070045450,1,9,0,5,0,3,0,0,0,0,3,1,6,1,-1,-1,-1,-1,-1,2,1,2
2018070045450,2,9,0,5,0,3,0,0,0,0,4,1,1,2,22,5,998,1,1,3,2,3
2018070045518,1,8,0,10,0,1,0,0,0,0,1,1,1,1,34,6,1910,2,11,4,1,4
2018070045592,1,9,0,6,0,0,0,0,0,0,1,2,2,1,60,9,1998,2,12,3,1,3
2018070045592,2,9,0,18,0,0,0,0,0,0,1,2,2,1,54,8,2987,2,7,10,1,10
2018070046240,1,11,0,18,0,1,0,0,0,0,1,1,1,1,-1,-1,4250,2,15,-1,-1,-1
2018070046240,2,9,0,18,0,1,0,0,0,0,3,1,6,2,40,7,1995,2,3,3,1,3
2018070046408,1,11,0,16,2,0,0,0,0,0,0,1,1,1,52,8,6700,2,11,2,1,2
2018070046559,1,9,0,5,0,4,0,0,0,0,1,1,6,1,81,11,2198,2,12,6,1,6
2018070046559,2,1,0,18,0,3,0,0,0,0,4,1,6,1,49,8,-1,-1,-1,8,1,8
2018070046628,1,9,0,18,0,0,0,0,0,0,3,1,6,1,75,10,1598,1,10,2,1,2
2018070046628,2,9,0,18,0,0,0,0,0,0,3,1,6,1,42,7,1596,1,5,8,1,8
2018070046736,1,9,0,9,0,1,0,0,0,0,3,1,6,1,50,8,1797,8,9,6,1,6
2018070046736,2,4,0,13,0,1,0,0,0,0,4,1,6,1,56,9,650,1,53,5,1,5
2018070047434,1,19,0,14,0,3,0,0,0,0,4,2,6,1,-1,-1,-1,-1,-1,-1,-1,-1
2018070047434,2,9,0,5,0,3,0,0,0,0,3,1,6,1,56,9,-1,-1,-1,9,1,9
2018070047638,1,9,0,18,0,0,1,0,0,7,3,1,6,1,28,6,1598,1,15,2,1,2
2018070047638,2,9,0,18,0,0,0,0,0,0,0,1,6,3,-1,-1,-1,-1,-1,-1,-1,-1
2018070047922,1,9,0,18,0,0,0,0,0,0,4,1,6,2,45,7,1995,2,4,7,1,7
2018070047977,1,19,0,18,0,0,0,0,0,0,1,1,1,1,55,8,1248,2,4,3,1,3
2018070047977,2,9,0,18,0,0,0,0,0,0,2,1,6,1,35,6,1582,2,3,2,1,2
2018070048030,1,9,0,18,0,8,0,0,0,0,1,1,6,1,40,7,2198,1,16,6,1,6
2018070048163,1,9,0,7,0,2,0,0,7,0,1,1,2,1,52,8,998,1,12,2,1,2
2018070048163,2,9,0,18,0,1,0,0,0,0,1,1,6,2,54,8,999,1,-1,9,1,9
2018070048610,1,9,0,18,0,4,0,6,7,10,3,1,1,1,40,7,1598,2,2,8,1,8
2018070048610,2,21,0,18,0,8,0,0,0,0,1,1,1,1,51,8,12900,2,6,7,3,7