Accident_Index,Vehicle_Reference,Vehicle_Type,Towing_and_Articulation,Vehicle_Manoeuvre,Vehicle_Location-Restricted_Lane,Junction_Location,Skidding_and_Overturning,Hit_Object_in_Carriageway,Vehicle_Leaving_Carriageway,Hit_Object_off_Carriageway,1st_Point_of_Impact,Was_Vehicle_Left_Hand_Drive?,Journey_Purpose_of_Driver,Sex_of_Driver,Age_of_Driver,Age_Band_of_Driver,Engine_Capacity_(CC),Propulsion_Code,Age_of_Vehicle,Driver_IMD_Decile,Driver_Home_Area_Type,Vehicle_IMD_Decile
2018070084274,1,21,0,18,0,0,0,0,0,0,4,1,6,1,-1,-1,5880,2,6,3,1,3
2018070084274,2,9,0,18,0,0,0,0,0,0,3,1,6,2,21,5,1242,1,4,3,1,3
2018070084322,1,9,0,9,0,6,0,0,0,0,1,1,6,1,24,5,1242,1,3,2,1,2
2018070084322,2,1,0,18,0,6,0,0,0,0,3,1,6,1,89,11,-1,-1,-1,9,1,9
2018070084871,1,9,0,4,0,2,0,0,0,0,2,1,6,2,43,7,1997,2,6,8,1,8
2018070084871,2,9,0,4,0,2,0,0,0,0,2,1,6,2,59,9,1598,1,8,2,1,2
2018070084871,3,19,0,4,0,2,0,0,0,0,1,1,2,1,48,8,1598,2,1,9,1,9
2018070084895,1,21,0,7,0,0,1,0,0,0,1,1,1,1,59,9,4250,2,9,2,1,2
2018070084895,2,9,0,3,0,0,0,0,0,0,2,1,6,1,71,10,4196,1,11,6,1,6
2018070085148,1,8,0,5,0,8,0,0,1,0,3,1,6,1,36,7,1991,2,9,2,1,2
2018070085148,2,9,0,18,0,8,0,0,7,1,1,1,6,1,41,7,2226,1,26,8,1,8
2018070085217,1,9,0,18,0,0,1,0,5,7,1,1,6,1,36,7,2685,2,13,-1,1,-1
2018070085217,2,19,0,18,0,0,2,0,0,0,3,1,6,1,56,9,2198,2,3,1,1,1
2018070085400,1,9,0,3,0,3,0,0,0,0,4,1,6,1,-1,-1,-1,-1,-1,-1,-1,-1
2018070085400,2,21,1,3,0,3,0,0,0,0,3,1,6,2,60,9,-1,-1,-1,3,1,3
2018070085650,1,9,0,5,0,8,0,0,0,0,3,1,6,1,-1,-1,-1,-1,-1,-1,-1,-1
2018070085650,2,9,0,18,0,1,0,0,0,0,4,1,6,2,24,5,898,1,5,5,1,5
2018070086512,1,9,0,3,0,1,0,0,0,0,2,1,1,1,59,9,1598,2,5,6,1,6
2018070086512,2,9,0,18,0,1,0,0,0,0,1,1,6,1,26,6,1995,2,5,7,3,7
2018070086977,1,5,0,5,0,8,0,0,0,0,4,1,6,1,58,9,1450,1,13,4,1,4
2018070086977,2,9,0,5,0,4,0,0,0,0,3,1,6,1,62,9,1997,1,15,4,1,4
2018070087152,1,9,0,9,0,6,0,0,0,0,1,1,6,1,74,10,1498,1,9,9,1,9
2018070087152,2,9,0,9,0,5,0,0,0,0,3,1,2,2,47,8,1395,1,3,10,1,10
2018070087577,1,8,0,5,6,4,0,0,0,0,1,1,1,1,57,9,1598,2,1,1,1,1
2018070087637,1,9,0,18,0,0,1,0,4,6,1,1,6,1,48,8,1995,2,10,6,1,6
2018070087678,1,9,0,18,0,0,0,0,0,0,1,1,1,1,54,8,2143,2,6,8,1,8
2018070088051,1,9,0,3,0,0,0,0,0,0,2,1,6,1,32,6,1598,1,12,-1,-1,-1
2018070088051,2,9,0,4,0,0,1,0,0,0,1,1,6,1,31,6,1149,1,7,3,1,3
2018070088051,3,9,0,4,0,0,1,0,0,0,1,1,6,2,54,8,1399,2,14,-1,-1,-1
2018070088110,1,9,0,18,0,1,0,0,0,0,1,1,6,2,76,11,998,1,2,4,1,4
2018070088110,2,9,0,3,0,1,0,0,0,0,2,1,6,1,47,8,-1,-1,-1,4,1,4
2018070089214,1,9,0,18,0,0,5,10,7,11,4,1,6,2,26,6,1242,1,6,9,1,9
2018070089228,1,9,0,18,0,2,0,4,0,0,1,1,6,2,18,4,999,1,4,3,1,3
2018070089228,2,9,0,2,0,2,0,0,0,0,3,1,6,1,50,8,1398,1,1,3,1,3
2018070089242,1,9,0,18,0,1,0,0,0,0,1,1,6,3,36,7,-1,-1,-1,2,1,2
2018070089242,2,9,0,3,0,1,0,0,0,0,2,1,6,1,27,6,1996,1,1,9,3,9
2018070089582,1,10,0,18,0,3,0,0,0,0,1,1,1,1,59,9,-1,-1,-1,2,1,2
2018070089997,1,9,0,9,0,8,0,0,0,0,1,1,6,2,22,5,999,1,4,5,1,5
2018070089997,2,9,0,18,0,1,2,0,0,0,4,1,6,1,27,6,1198,1,1,8,1,8
2018070090081,1,9,0,9,0,2,0,0,0,0,1,1,6,1,33,6,1799,1,9,1,1,1
2018070090081,2,9,0,7,0,1,0,0,0,0,1,1,6,2,25,5,998,1,5,1,1,1
2018070090315,1,9,0,18,0,1,0,0,0,0,1,1,6,1,19,4,1390,1,8,6,1,6
2018070091052,1,9,0,18,0,0,1,0,0,0,3,1,6,1,71,10,998,1,3,6,1,6
2018070091052,2,21,0,11,0,0,0,0,0,0,4,1,1,1,28,6,10518,2,10,3,1,3
2018070091283,1,9,0,18,0,1,0,0,0,0,1,1,2,2,55,8,1242,1,1,7,1,7
2018070091283,2,9,0,3,0,1,0,0,0,0,2,1,2,2,46,8,1496,2,1,3,1,3
2018070092041,1,9,0,18,0,0,0,0,0,0,1,1,6,1,73,10,1598,1,3,9,1,9
2018070092041,2,9,0,3,0,0,0,0,0,0,2,1,6,1,49,8,2143,2,5,-1,3,-1
2018070092041,3,9,0,3,0,0,0,0,0,0,2,1,6,1,42,7,1995,2,5,2,1,2
2018070092041,4,9,0,3,0,0,0,0,0,0,2,1,6,1,54,8,1997,2,7,8,1,8
2018070092485,1,9,0,18,0,1,0,0,0,0,1,2,6,2,-1,-1,999,1,3,-1,-1,-1
2018070092485,2,9,0,3,0,1,0,0,0,0,2,2,6,2,29,6,1390,1,13,7,1,7
2018070092494,1,9,0,18,0,0,0,0,0,0,0,1,6,3,-1,-1,-1,-1,-1,-1,-1,-1
2018070092494,2,9,0,18,0,0,0,0,0,0,1,1,1,1,48,8,1398,2,16,4,1,4
2018070092494,3,9,0,18,0,0,0,0,0,0,1,1,6,1,25,5,2400,2,4,3,1,3
2018070092953,1,5,0,18,0,1,1,0,0,0,4,1,2,1,54,8,847,1,3,4,1,4
2018070092954,1,9,0,18,0,1,0,0,0,0,4,1,2,2,25,5,1086,1,8,10,1,10
2018070092954,2,19,0,10,0,8,0,0,0,0,2,1,1,1,37,7,2402,2,10,2,1,2
2018070093139,1,9,0,4,0,0,0,0,0,0,2,1,6,1,40,7,2191,2,1,9,2,9
2018070093139,2,9,0,4,0,0,0,0,0,0,2,1,6,1,24,5,1398,1,1,7,1,7
2018070093139,3,9,0,4,0,0,0,0,0,0,2,1,6,1,43,7,1560,2,5,7,2,7
2018070093139,4,9,0,4,0,0,0,0,0,0,2,1,6,2,75,10,2199,2,8,6,2,6
2018070093139,5,19,0,4,0,0,0,2,0,0,1,1,1,1,44,7,2198,2,3,2,1,2
2018070093288,1,9,0,18,0,8,0,0,0,0,1,1,6,2,43,7,1598,2,2,3,1,3
2018070093288,2,9,0,2,0,8,0,0,0,0,1,1,6,2,41,7,1242,1,16,2,1,2
2018070093328,1,8,0,18,0,1,0,0,0,0,1,1,1,2,49,8,1968,2,5,9,1,9
2018070093715,1,21,1,11,0,0,0,0,0,0,4,1,1,1,57,9,12902,2,2,10,3,10
2018070093715,2,9,0,18,0,0,1,0,5,6,3,1,6,2,48,8,1598,1,10,3,1,3
2018070093899,1,1,0,5,0,1,1,0,0,0,3,1,6,1,17,4,-1,-1,-1,2,1,2
2018070093899,2,9,0,5,0,1,0,0,0,0,4,2,6,3,-1,-1,-1,-1,-1,-1,-1,-1
2018070094163,1,9,0,18,0,8,0,0,0,0,1,1,1,2,54,8,1242,1,6,5,1,5
2018070094163,2,9,0,5,0,8,0,0,0,0,3,1,1,1,56,9,1360,1,11,5,1,5
2018070094228,1,19,0,16,0,0,0,0,0,0,1,1,1,1,23,5,2198,2,3,6,1,6
2018070094228,2,9,0,17,0,0,0,0,0,0,1,1,6,1,50,8,1984,1,-1,9,1,9
2018070094323,1,9,0,18,0,8,0,0,0,0,3,1,6,1,49,8,1998,1,11,6,2,6
2018070094323,2,9,3,18,0,8,0,0,0,0,4,1,6,1,73,10,1998,1,12,8,1,8
2018070094524,1,9,0,3,0,0,0,0,0,0,2,1,6,2,53,8,1200,1,2,10,1,10
2018070094524,2,19,0,4,0,0,0,0,0,0,2,1,1,1,26,6,1560,2,3,3,1,3
2018070094524,3,9,0,18,0,0,1,0,0,0,1,1,6,1,37,7,1956,2,7,5,1,5
2018070094524,4,19,0,18,0,0,1,0,0,0,1,1,1,1,26,6,1598,2,4,3,1,3
2018070095494,1,9,0,18,0,0,1,0,0,0,4,1,2,1,23,5,1968,2,14,8,3,8
2018070095494,2,9,0,4,0,0,0,0,0,0,3,1,6,2,64,9,1242,1,5,8,1,8
2018070095494,3,9,0,18,0,0,0,0,0,0,1,1,6,1,89,11,-1,-1,-1,10,3,10
2018070095554,1,9,0,18,0,1,0,0,0,0,3,1,6,1,35,6,1124,1,21,5,3,5
2018070095554,2,9,0,18,0,1,0,0,0,0,4,1,6,1,33,6,1998,1,10,3,1,3
2018070095667,1,9,0,18,0,1,0,0,0,0,1,1,6,2,45,7,2792,1,16,8,1,8
2018070095667,2,9,0,9,0,8,0,0,0,0,1,1,6,1,61,9,2199,2,5,3,1,3
2018070096221,1,19,0,17,0,2,0,0,0,0,3,1,6,1,38,7,1686,2,12,6,1,6
2018070096559,1,5,0,16,0,0,5,0,0,0,1,1,6,1,63,9,865,1,11,3,1,3
2018070096559,2,9,0,17,0,0,0,0,0,0,1,1,6,2,41,7,1968,2,2,8,1,8
2018070097250,1,9,0,18,0,0,5,10,0,0,1,1,6,1,29,6,1390,1,4,1,1,1
2018070097250,2,9,0,18,0,0,0,0,0,0,1,1,2,1,25,5,1388,1,11,3,1,3
2018070097269,1,19,0,1,0,8,0,0,0,0,4,1,6,1,51,8,1998,2,14,4,3,4
2018070097269,2,3,0,18,0,8,0,0,0,0,1,1,6,1,22,5,124,1,9,8,1,8
2018070097471,1,11,0,18,0,8,0,0,0,0,1,1,1,1,53,8,3900,2,12,8,1,8
2018070097471,2,9,0,5,0,8,0,0,0,0,1,1,6,1,66,10,1598,1,11,1,1,1
2018070097516,1,19,0,16,0,0,0,0,0,0,1,1,1,1,41,7,2198,2,2,7,1,7
2018070097516,2,9,0,17,0,0,0,0,0,0,1,1,6,2,71,10,1595,1,4,9,1,9
2018070097516,3,9,0,16,0,0,0,0,0,0,3,1,6,1,72,10,2179,2,6,7,3,7
2018070097699,1,9,0,13,0,2,0,0,0,0,4,1,6,1,78,11,1796,1,14,7,1,7
2018070097699,2,1,0,18,0,2,0,0,0,0,3,1,6,1,45,7,-1,-1,-1,6,1,6
2018070097792,1,19,0,7,0,8,0,0,0,0,4,1,6,1,-1,-1,1560,2,2,-1,-1,-1
2018070097792,2,1,0,18,0,8,0,0,0,0,1,1,6,1,21,5,-1,-1,-1,7,1,7
2018070098637,1,17,4,16,0,0,0,0,0,0,3,1,1,1,45,7,1123,2,5,7,3,7
2018070098637,2,9,4,17,0,0,0,0,1,0,3,1,6,1,87,11,1598,2,5,7,3,7
2018070100072,1,9,0,9,0,6,0,0,0,0,1,1,6,1,58,9,1389,1,13,8,1,8
2018070100072,2,1,0,18,0,1,0,0,0,0,1,1,6,1,58,9,-1,-1,-1,2,1,2
2018070100279,1,5,0,18,0,0,1,0,1,10,1,1,6,1,53,8,748,1,16,10,1,10
2018070100344,1,9,0,9,0,8,0,0,0,0,1,1,6,2,35,6,1968,2,6,4,1,4
2018070100344,2,9,0,18,0,8,0,0,0,0,1,1,2,2,27,6,996,1,5,5,1,5
2018070100921,1,1,0,18,0,0,0,0,0,0,0,1,6,2,69,10,-1,-1,-1,10,3,10
2018070100921,2,1,0,18,0,0,0,0,0,0,0,1,6,1,-1,-1,-1,-1,-1,-1,-1,-1
2018070101213,1,9,0,18,0,0,0,0,0,0,1,1,6,2,83,11,1397,1,16,10,1,10
2018070101213,2,9,0,4,0,0,0,0,0,0,2,1,6,2,79,11,999,1,3,8,1,8
2018070101213,3,9,0,4,0,0,0,0,0,0,2,1,6,2,35,6,1200,1,5,10,2,10
2018070101673,1,9,0,18,0,0,0,7,1,0,3,1,6,1,45,7,1124,1,16,2,1,2
2018070101711,1,10,0,9,0,8,0,0,0,0,1,1,6,1,32,6,-1,-1,-1,4,1,4
2018070101711,2,1,0,18,0,8,0,0,0,0,1,1,1,1,29,6,-1,-1,-1,8,1,8
2018070102081,1,21,1,11,0,0,0,0,0,0,4,1,1,1,39,7,6871,2,3,3,1,3
2018070102081,2,9,0,18,0,0,1,0,0,0,3,1,6,2,65,9,1560,2,2,5,1,5
2018070102288,1,19,0,4,0,0,0,0,0,0,1,1,1,1,22,5,2287,2,4,-1,-1,-1
2018070102288,2,9,0,3,0,0,0,0,0,0,2,1,6,2,18,4,1199,1,14,2,2,2
2018070102288,3,9,0,3,0,0,0,0,0,0,2,1,6,2,63,9,1395,1,2,10,1,10
2018070102653,1,1,0,18,0,8,0,0,0,0,4,1,2,1,38,7,-1,-1,-1,2,1,2
2018070102653,2,9,0,18,0,4,0,0,0,0,1,1,2,1,19,4,1229,1,10,9,1,9
2018070102938,1,9,0,4,0,1,0,0,0,0,1,1,6,1,41,7,1598,2,1,10,1,10
2018070102938,2,9,0,4,0,1,0,0,0,0,2,1,6,1,58,9,1798,2,7,-1,-1,-1
2018070103327,1,9,0,4,0,1,0,0,0,0,2,1,6,2,49,8,998,1,5,9,2,9
2018070103327,2,9,0,4,0,1,0,0,0,0,1,1,6,1,25,5,1598,1,7,6,1,6
2018070103338,1,9,0,9,0,8,0,0,0,0,3,1,6,2,40,7,1783,1,17,2,1,2
2018070103338,2,3,0,18,0,1,0,0,0,0,1,1,6,1,20,4,124,1,5,6,2,6
2018070103480,1,9,0,9,0,8,0,0,0,0,3,1,6,1,72,10,1329,1,9,2,1,2
2018070103480,2,9,0,18,0,8,0,0,0,0,1,1,6,1,20,4,2979,1,5,-1,1,-1
2018070103483,1,9,0,4,0,0,0,0,0,0,2,1,6,1,19,4,1596,1,9,3,1,3
2018070103483,2,9,0,18,0,0,0,0,0,0,1,1,6,1,42,7,1398,1,5,7,1,7
2018070103617,1,9,0,7,0,1,0,0,0,0,1,2,6,1,28,6,1968,2,11,1,1,1
2018070103739,1,9,0,17,0,0,1,0,1,9,0,1,6,1,21,5,1339,1,8,3,1,3
2018070103739,2,9,0,17,0,0,2,0,1,9,0,1,6,1,20,4,1398,1,1,1,1,1
2018070103764,1,9,0,18,0,0,1,4,0,0,1,1,6,1,61,9,4806,1,4,10,1,10
2018070103764,2,9,0,2,0,0,0,0,0,0,2,1,6,3,-1,-1,1781,1,15,-1,-1,-1
2018070103764,3,9,0,2,0,0,0,0,0,0,2,1,6,3,-1,-1,1597,2,3,-1,-1,-1
2018070103764,4,9,0,2,0,0,0,0,0,0,2,1,6,2,-1,-1,1490,1,1,-1,-1,-1
2018070103764,5,9,0,2,9,0,0,0,0,0,2,1,6,3,-1,-1,1240,1,14,-1,-1,-1
2018070104220,1,9,0,18,0,1,0,0,0,0,1,1,2,1,21,5,1398,1,2,7,3,7
2018070104220,2,9,0,8,0,1,0,0,0,0,2,1,6,1,41,7,1968,2,1,2,1,2
2018070104300,1,9,0,5,0,1,0,0,0,0,1,2,6,2,30,6,-1,-1,-1,5,1,5
2018070104300,2,9,0,18,0,1,0,0,1,9,4,1,6,1,54,8,2793,1,11,1,1,1
2018070104335,1,9,0,18,0,0,0,0,8,9,1,1,6,2,56,9,1997,2,15,10,2,10
2018070104335,2,9,0,18,0,0,0,0,0,0,0,1,6,1,44,7,1364,1,13,3,1,3
2018070104455,1,9,0,16,0,0,5,0,4,6,1,1,6,2,35,6,1796,1,10,1,1,1
2018070104715,1,9,0,18,0,0,1,0,0,0,1,1,6,1,27,6,2993,2,12,7,1,7
2018070104715,2,9,0,4,0,0,0,0,0,0,2,1,6,1,57,9,1968,2,7,9,2,9
2018070104986,1,9,0,18,0,2,5,10,8,11,1,1,6,1,27,6,1997,2,18,-1,-1,-1
2018070105175,1,9,0,18,0,0,0,0,0,0,4,1,1,1,91,11,1240,1,10,6,1,6
2018070105175,2,9,0,2,0,0,0,0,0,0,3,1,6,3,27,6,1984,1,7,-1,-1,-1
2018070105419,1,11,0,5,0,1,0,0,0,0,1,1,1,1,49,8,3900,2,12,8,2,8
2018070105419,2,9,0,9,0,8,0,0,0,0,1,1,6,1,25,5,1198,1,8,2,1,2
2018070105702,1,9,0,18,0,1,0,0,1,2,1,1,2,1,28,6,898,1,4,6,1,6
2018070106323,1,21,1,18,0,0,0,0,0,0,4,1,1,1,57,9,12900,2,6,-1,1,-1
2018070106323,2,9,0,12,0,0,1,0,0,0,3,1,6,1,37,7,1598,2,4,9,1,9
2018070106323,3,19,0,18,0,0,1,0,0,0,2,1,1,1,47,8,2198,2,3,2,1,2
2018070106411,1,9,0,18,0,0,0,0,0,0,1,1,2,2,28,6,1560,2,8,4,1,4
2018070106411,2,9,0,18,0,0,0,0,0,0,3,1,6,2,70,10,2987,2,10,9,1,9
2018070106669,1,11,0,11,0,5,0,0,0,6,3,1,1,1,54,8,9360,2,5,4,1,4
2018070106694,1,5,0,4,0,0,0,0,0,0,0,1,6,1,57,9,738,1,18,1,1,1
2018070106905,1,9,0,4,0,1,0,0,0,0,2,1,6,1,41,7,1242,1,16,3,1,3
2018070106905,2,20,0,18,0,1,1,0,0,0,2,1,1,1,23,5,4461,2,7,8,1,8
2018070106905,3,21,1,18,0,1,1,0,0,0,1,1,1,1,30,6,12419,2,6,-1,1,-1
2018070107116,1,9,0,9,0,8,0,0,0,0,4,1,6,2,63,9,1598,1,11,6,1,6
2018070107116,2,9,0,18,0,8,0,0,0,0,1,1,6,1,46,8,1197,1,2,4,1,4
2018070107440,1,9,0,18,0,1,0,0,0,0,1,1,6,2,19,4,-1,-1,-1,3,1,3
2018070107440,2,9,0,3,0,1,0,0,0,0,2,1,2,1,32,6,1598,1,10,4,1,4
2018070107440,3,9,0,3,0,1,0,0,0,0,2,1,2,2,27,6,1968,2,5,10,1,10
2018070107455,1,9,0,9,0,8,0,0,0,0,3,1,6,2,68,10,1242,1,11,5,1,5
2018070107455,2,20,0,17,0,1,0,0,7,0,4,1,1,1,37,7,3920,2,5,6,1,6
2018070107650,1,9,0,5,0,4,0,0,0,0,1,1,1,2,36,7,2461,2,20,1,1,1
2018070107650,2,1,0,18,0,8,0,0,0,0,4,1,6,1,35,6,-1,-1,-1,1,1,1
2018070107932,1,9,0,9,0,6,0,0,0,0,3,1,6,2,23,5,1388,1,14,10,1,10
2018070107932,2,9,0,13,0,1,0,7,6,10,1,1,6,1,33,6,1499,1,-1,5,1,5
2018070107980,1,9,0,5,0,4,0,0,0,0,1,1,2,2,33,6,1499,2,3,3,1,3
2018070107980,2,9,0,3,0,4,0,0,0,0,2,1,2,1,62,9,1598,1,2,1,1,1
2018070108037,1,9,0,3,0,1,0,0,0,0,1,1,6,2,31,6,1582,2,3,7,1,7
2018070108037,2,5,0,14,0,8,0,0,0,0,4,1,6,1,21,5,599,1,17,10,1,10
2018070108239,1,9,0,3,0,3,0,0,0,0,1,1,6,1,-1,-1,-1,-1,-1,-1,-1,-1
2018070108239,2,3,0,3,0,3,0,0,0,0,2,1,6,2,29,6,125,1,2,7,3,7
2018070108411,1,9,0,18,0,8,0,0,0,7,3,1,6,1,24,5,1995,2,3,3,1,3
2018070108411,2,9,0,18,0,8,0,0,0,0,1,1,6,1,77,11,1386,1,10,5,1,5
2018070108658,1,9,0,13,0,0,0,0,0,0,4,1,1,1,67,10,1229,1,7,2,1,2
2018070108658,2,1,0,18,0,0,0,0,0,0,1,1,4,1,14,3,-1,-1,-1,3,1,3
2018070108734,1,9,0,5,0,8,0,0,0,0,1,1,6,2,25,5,1499,2,2,9,3,9
2018070108734,2,9,0,18,0,1,0,0,0,0,3,1,6,2,27,6,1753,2,12,2,2,2
2018070108878,1,9,0,18,0,0,0,0,0,0,1,1,6,2,29,6,1598,1,13,1,1,1
2018070108878,2,9,0,3,0,0,0,0,0,0,2,1,6,1,28,6,1560,2,6,2,1,2
2018070108981,1,9,0,7,0,3,0,0,0,0,2,1,6,1,79,11,1124,1,13,5,2,5
2018070108981,2,1,0,4,0,8,0,0,0,0,1,1,6,1,52,8,-1,-1,-1,2,1,2
2018070109256,1,4,0,5,0,8,0,0,0,0,1,1,6,1,21,5,599,1,6,8,2,8
2018070109256,2,9,0,9,0,8,0,0,0,0,4,1,6,1,50,8,1968,2,2,8,3,8
2018070109421,1,9,0,5,0,6,0,0,0,0,3,1,6,1,75,10,4367,2,6,5,3,5
2018070109421,2,1,0,18,0,1,0,0,0,0,1,1,6,1,39,7,-1,-1,-1,8,2,8
2018070109429,1,3,0,18,0,1,1,0,7,4,1,1,6,1,26,6,125,1,6,9,1,9
2018070109429,2,9,0,9,0,1,0,0,0,0,3,1,2,2,41,7,1398,2,7,6,1,6
2018070109588,1,19,0,9,9,2,0,0,0,0,4,1,6,3,-1,-1,-1,-1,-1,-1,-1,-1
2018070109913,1,9,0,3,0,1,0,0,0,0,2,1,2,2,58,9,1229,1,8,4,1,4
2018070109913,2,3,0,18,0,1,0,0,0,0,1,1,2,1,17,4,124,1,7,1,1,1
2018070110002,1,9,0,9,0,8,0,0,0,0,1,1,6,2,78,11,2179,2,3,8,3,8
2018070110002,2,9,0,18,0,8,0,0,0,0,4,1,6,1,37,7,2457,1,12,9,3,9
2018070110377,1,9,0,1,9,1,0,0,0,0,2,1,6,1,71,10,1968,2,2,2,1,2
2018070110471,1,9,0,18,0,1,0,0,0,0,1,1,6,1,48,8,1229,1,13,3,1,3
2018070110471,2,9,0,4,0,1,0,0,0,0,2,1,6,1,72,10,1242,1,14,5,1,5
2018070110544,1,9,0,18,0,0,0,0,0,0,2,1,6,1,30,6,1000,1,5,9,1,9
2018070110544,2,4,0,18,0,0,0,0,0,0,1,1,2,1,21,5,249,1,19,6,1,6
2018070110589,1,9,0,18,0,4,0,2,0,0,1,1,6,1,22,5,996,1,6,2,3,2
2018070110589,2,1,0,18,0,8,0,2,0,0,4,1,2,1,37,7,-1,-1,-1,5,1,5
2018070110617,1,9,0,18,0,0,0,0,0,0,1,1,6,2,24,5,1598,2,5,-1,1,-1
2018070110617,2,9,0,4,0,0,0,0,0,0,2,1,6,2,18,4,1199,1,15,-1,2,-1
2018070110680,1,5,0,18,0,1,0,0,0,0,1,1,1,1,29,6,600,1,24,10,3,10
2018070110680,2,9,0,18,0,8,0,0,0,0,2,1,6,1,-1,-1,1796,1,9,1,1,1
2018070110733,1,5,0,18,0,0,1,0,1,9,1,1,6,1,55,8,1170,1,2,6,3,6
2018070110784,1,9,0,9,0,8,0,0,0,0,1,1,1,1,48,8,998,1,18,2,1,2
2018070110784,2,1,0,18,0,1,0,0,0,0,1,1,6,1,37,7,-1,-1,-1,6,1,6
2018070111017,1,9,0,18,0,1,0,4,0,0,1,1,6,2,20,4,998,1,2,1,1,1
2018070111017,2,9,0,2,0,2,0,0,0,0,2,1,6,1,29,6,1968,2,4,2,1,2
2018070111375,1,9,0,4,0,0,0,2,0,0,2,1,6,1,39,7,1999,2,2,9,3,9
2018070111375,2,9,0,18,0,0,0,2,0,0,1,1,6,2,44,7,1997,2,9,9,1,9
2018070111423,1,9,0,18,0,1,0,0,0,0,1,1,6,1,-1,-1,-1,-1,-1,-1,-1,-1
2018070111423,2,1,0,18,0,1,0,0,0,0,2,1,6,1,19,4,-1,-1,-1,3,1,3
2018070111553,1,9,0,7,0,8,0,0,0,0,1,1,6,3,-1,-1,-1,-1,-1,-1,-1,-1
2018070111553,2,1,0,7,0,8,0,0,0,0,2,1,6,1,18,4,-1,-1,-1,10,2,10
2018070111663,1,1,0,18,0,1,0,0,0,0,1,1,6,1,43,7,-1,-1,-1,8,1,8
2018070111663,2,9,0,7,0,1,0,0,0,0,2,1,6,2,42,7,1910,2,10,10,1,10
2018070111839,1,9,0,2,0,0,0,0,0,0,3,1,6,2,43,7,1397,1,10,8,1,8
2018070111839,2,1,0,14,0,0,0,0,0,0,4,1,6,1,14,3,-1,-1,-1,6,1,6
2018070111929,1,9,0,18,0,0,0,0,0,0,3,1,6,1,81,11,1560,2,3,2,1,2
2018070112102,1,5,0,18,0,7,1,0,0,0,1,1,6,1,21,5,649,1,4,10,1,10
2018070112102,2,9,0,12,0,8,0,0,0,0,2,1,6,1,51,8,2967,2,2,8,1,8
2018070112480,1,9,0,7,0,1,0,0,0,0,1,1,6,2,32,6,1956,2,7,9,1,9
2018070112480,2,1,0,18,0,8,0,0,0,0,1,1,6,2,53,8,-1,-1,-1,9,1,9
2018070112529,1,3,0,4,0,0,0,0,0,0,3,1,6,2,16,4,49,1,9,8,2,8
2018070112544,1,9,0,18,0,4,0,0,0,0,1,1,6,1,33,6,2397,1,18,1,1,1
2018070112544,2,9,0,2,0,1,0,0,0,0,2,1,2,1,52,8,1598,1,16,2,1,2
2018070112648,1,9,0,7,0,3,0,2,0,0,2,1,6,1,48,8,2191,2,2,2,1,2
2018070112648,2,9,0,4,0,8,0,2,0,0,1,1,6,2,66,10,995,1,5,3,1,3
2018070113097,1,9,0,18,0,0,0,0,0,0,1,1,6,1,42,7,1560,2,9,3,1,3
2018070113097,2,8,0,3,0,0,0,0,0,0,2,1,1,1,-1,-1,1951,2,13,5,3,5
2018070113877,1,9,0,18,0,0,0,10,0,2,1,1,6,2,70,10,1329,1,8,5,1,5
2018070114081,1,21,1,17,0,1,2,0,1,7,4,1,1,1,52,8,12902,2,5,5,1,5
2018070114459,1,9,0,4,0,1,1,0,0,0,3,1,1,1,47,8,1716,2,16,1,1,1
2018070114459,2,11,0,5,3,1,0,0,0,0,1,1,3,1,52,8,12816,5,5,1,1,1
2018070114586,1,9,0,16,0,0,5,0,0,0,3,2,2,2,40,7,1298,1,20,10,2,10
2018070114696,1,9,0,17,0,8,0,0,0,0,1,1,6,1,67,10,1339,1,11,1,1,1
2018070114696,2,1,0,9,0,5,0,0,0,0,1,1,2,1,59,9,-1,-1,-1,3,1,3
2018070114885,1,19,0,4,0,0,0,0,0,0,1,1,6,1,34,6,1598,2,2,1,1,1
2018070114885,2,9,0,3,0,0,0,0,0,0,2,1,6,1,24,5,2143,2,-1,6,1,6
2018070114989,1,9,0,18,0,2,0,0,0,0,1,1,6,2,41,7,1395,1,2,9,1,9
2018070114989,2,9,0,5,0,8,0,0,0,0,1,1,6,1,21,5,1388,1,14,-1,-1,-1
2018070115084,1,9,0,17,0,0,1,0,0,0,3,1,2,1,18,4,-1,-1,-1,3,1,3
2018070115084,2,9,0,16,0,0,0,0,0,0,1,1,2,1,48,8,-1,-1,-1,8,1,8
2018070115116,1,9,0,5,0,1,0,0,0,0,1,1,6,1,-1,-1,1968,2,-1,-1,-1,-1
2018070115116,2,9,0,8,0,1,0,0,0,0,2,1,6,1,51,8,2171,1,14,9,1,9
2018070115172,1,19,0,5,0,4,0,0,0,0,1,2,1,1,36,7,1598,2,3,1,1,1
2018070115172,2,1,0,9,0,8,0,0,0,0,3,1,2,1,37,7,-1,-1,-1,9,1,9
2018070115362,1,9,0,3,0,0,0,0,0,0,1,1,1,1,-1,-1,1299,1,16,1,1,1