Accident_Index,Vehicle_Reference,Vehicle_Type,Towing_and_Articulation,Vehicle_Manoeuvre,Vehicle_Location-Restricted_Lane,Junction_Location,Skidding_and_Overturning,Hit_Object_in_Carriageway,Vehicle_Leaving_Carriageway,Hit_Object_off_Carriageway,1st_Point_of_Impact,Was_Vehicle_Left_Hand_Drive?,Journey_Purpose_of_Driver,Sex_of_Driver,Age_of_Driver,Age_Band_of_Driver,Engine_Capacity_(CC),Propulsion_Code,Age_of_Vehicle,Driver_IMD_Decile,Driver_Home_Area_Type,Vehicle_IMD_Decile
2018070115537,1,19,0,16,0,0,1,0,4,0,4,1,1,1,45,7,2143,2,6,1,1,1
2018070115537,2,21,1,12,0,0,0,0,0,0,3,1,1,1,53,8,11705,2,11,3,1,3
2018070115541,1,9,0,7,0,8,0,0,0,0,4,1,6,1,25,5,-1,-1,-1,6,1,6
2018070115541,2,1,0,18,0,8,0,0,0,0,1,1,6,1,30,6,-1,-1,-1,4,1,4
2018070115611,1,3,0,15,0,0,0,4,0,0,1,1,6,1,21,5,124,1,7,6,1,6
2018070115611,2,21,1,2,0,0,0,0,0,0,2,1,1,1,27,6,12809,2,1,4,1,4
2018070115660,1,9,0,5,0,4,1,0,0,0,1,1,6,1,71,10,1995,2,3,9,1,9
2018070115660,2,4,0,17,0,3,2,10,0,0,4,1,6,1,28,6,748,1,25,9,1,9
2018070115822,1,1,0,11,0,1,0,0,0,0,1,1,6,1,22,5,-1,-1,-1,1,1,1
2018070115822,2,9,0,4,0,1,0,0,0,0,1,1,6,2,33,6,1390,1,12,6,1,6
2018070115925,1,9,0,4,0,7,0,0,0,0,1,1,6,1,55,8,1560,2,5,-1,1,-1
2018070115925,2,9,0,3,0,1,0,0,0,0,2,1,1,1,52,8,1598,2,3,7,3,7
2018070116075,1,9,0,7,9,5,0,0,0,0,1,1,6,1,-1,-1,1586,1,6,6,3,6
2018070116146,1,9,0,4,0,0,0,0,0,0,2,1,6,1,21,5,2000,2,7,2,1,2
2018070116146,2,19,0,4,0,0,0,0,0,0,2,1,1,1,51,8,2198,2,3,10,1,10
2018070116146,3,9,0,18,0,0,1,0,0,0,1,1,2,1,50,8,1997,2,11,3,1,3
2018070116286,1,9,0,9,0,8,0,0,0,0,4,1,2,1,41,7,2199,2,7,7,1,7
2018070116286,2,5,0,18,0,8,0,0,0,0,4,1,2,1,38,7,748,1,12,2,1,2
2018070116307,1,9,0,18,0,0,0,0,4,7,1,1,1,1,29,6,1496,2,1,1,1,1
2018070116307,2,9,0,4,0,0,0,0,0,0,2,1,6,1,31,6,1685,2,3,1,1,1
2018070116311,1,9,0,2,0,0,0,0,0,0,3,1,6,1,46,8,1968,2,9,6,1,6
2018070116311,2,1,0,18,0,0,0,0,0,0,3,1,6,1,46,8,-1,-1,-1,6,1,6
2018070116686,1,9,0,18,0,0,2,0,1,7,1,1,2,1,29,6,1587,1,15,3,1,3
2018070116686,2,21,1,18,0,0,0,0,0,0,0,1,1,1,50,8,12809,2,2,5,1,5
2018070116686,3,21,1,18,0,0,0,0,0,0,0,1,1,1,36,7,12740,2,4,-1,1,-1
2018070116860,1,4,0,13,0,0,5,0,1,0,4,1,6,1,32,6,599,1,20,-1,2,-1
2018070117112,1,9,0,18,0,6,1,10,7,0,4,1,1,2,35,6,2143,2,4,8,1,8
2018070117112,2,9,0,18,0,1,0,0,0,0,1,1,6,1,59,9,1685,2,5,7,1,7
2018070117152,1,9,0,2,0,0,0,0,0,0,3,1,6,2,22,5,1149,1,14,6,1,6
2018070117152,2,3,0,18,0,0,1,0,0,0,4,1,6,1,21,5,125,1,2,9,1,9
2018070117296,1,4,0,18,0,0,0,0,0,0,1,1,6,1,23,5,125,1,1,4,1,4
2018070117296,2,17,4,18,0,0,0,0,0,0,2,1,1,1,-1,-1,-1,-1,-1,-1,-1,-1
2018070117321,1,1,0,18,0,5,0,0,0,0,2,1,6,1,23,5,-1,-1,-1,1,1,1
2018070117321,2,4,0,18,0,8,2,0,0,0,1,1,6,1,54,8,150,1,4,1,1,1
2018070117335,1,9,0,18,0,1,0,0,0,0,1,1,2,1,31,6,2521,1,11,3,1,3
2018070117480,1,9,0,15,0,2,0,0,0,0,4,1,1,1,39,7,1896,2,13,2,1,2
2018070117480,2,1,0,18,0,2,0,0,0,0,3,1,6,1,27,6,-1,-1,-1,2,1,2
2018070117890,1,19,0,18,0,0,0,2,0,0,1,1,6,1,-1,-1,2402,2,13,-1,-1,-1
2018070117890,2,9,0,3,0,0,0,2,0,0,2,1,2,2,28,6,1496,2,2,7,1,7
2018070117898,1,9,0,18,0,2,0,0,0,0,1,1,3,1,42,7,1587,1,12,10,1,10
2018070117898,2,9,0,2,0,2,0,0,0,0,3,1,3,2,43,7,1596,1,6,7,1,7
2018070118051,1,9,0,17,0,2,0,0,1,11,1,1,1,1,47,8,-1,-1,-1,2,1,2
2018070118124,1,8,0,18,0,3,0,0,0,0,1,1,1,1,43,7,1499,2,-1,2,1,2
2018070118136,1,2,0,4,0,0,1,0,0,0,3,1,6,1,62,9,-1,-1,-1,-1,-1,-1
2018070118201,1,9,0,13,0,8,0,0,0,0,4,1,6,1,-1,-1,1910,2,10,-1,-1,-1
2018070118201,2,19,0,9,0,8,0,0,0,0,3,1,6,1,26,6,1995,2,-1,8,1,8
2018070118330,1,19,0,18,0,0,0,2,0,0,1,1,6,1,40,7,1996,2,6,8,1,8
2018070118330,2,9,0,4,0,0,0,2,0,0,2,1,6,1,69,10,2497,2,12,9,1,9
2018070118339,1,9,0,18,0,0,0,0,0,0,1,1,6,1,25,5,1999,2,2,1,1,1
2018070118339,2,9,0,18,0,0,0,0,0,0,0,1,1,1,45,7,1582,2,9,2,1,2
2018070118339,3,9,0,18,0,0,1,0,0,0,1,1,6,2,75,10,2996,1,13,8,3,8
2018070118404,1,9,0,16,0,0,0,0,0,0,1,1,6,1,60,9,1395,1,1,2,1,2
2018070118404,2,9,0,17,0,0,0,0,0,0,1,1,6,1,67,10,2400,2,5,3,1,3
2018070118539,1,9,0,12,0,0,0,0,4,0,3,1,1,1,58,9,1969,2,3,9,2,9
2018070118539,2,9,0,3,0,0,0,0,4,0,1,1,1,1,47,8,1395,1,1,10,1,10
2018070118857,1,1,0,18,0,1,0,0,0,0,1,1,6,1,-1,-1,-1,-1,-1,-1,-1,-1
2018070119224,1,9,0,15,0,0,0,4,0,0,1,1,6,2,82,11,1242,1,5,7,1,7
2018070119224,2,9,0,2,0,0,0,0,0,0,2,1,6,3,-1,-1,1598,2,2,7,3,7
2018070119333,1,8,0,4,0,8,0,0,0,0,4,1,1,1,34,6,1910,2,13,1,1,1
2018070119485,1,9,0,12,0,0,1,0,4,6,3,1,6,1,52,8,1248,1,9,8,3,8
2018070119485,2,9,0,18,0,0,0,0,0,0,4,1,6,1,31,6,1969,2,4,9,1,9
2018070119885,1,9,0,9,0,1,0,0,0,0,1,1,2,1,63,9,-1,-1,-1,7,1,7
2018070119885,2,1,0,18,0,1,0,0,0,0,3,1,2,1,22,5,-1,-1,-1,10,1,10
2018070120386,1,97,0,4,0,0,0,0,0,0,1,1,6,1,18,4,-1,-1,-1,2,1,2
2018070120386,2,9,0,2,0,0,0,0,0,0,3,1,1,1,32,6,-1,-1,-1,1,1,1
2018070120850,1,9,0,18,0,8,0,0,0,0,4,1,6,2,54,8,1686,2,6,1,1,1
2018070120850,2,3,0,18,0,8,0,0,0,0,1,1,1,1,60,9,125,1,5,3,1,3
2018070121256,1,9,0,16,0,0,1,0,2,10,1,1,6,1,24,5,1800,1,18,8,2,8
2018070121269,1,5,0,16,0,5,1,2,0,0,1,1,6,1,38,7,998,1,20,5,1,5
2018070121295,1,3,0,3,0,8,0,0,0,0,1,1,6,1,24,5,125,1,6,6,1,6
2018070121295,2,9,0,10,0,8,0,0,0,0,3,1,6,2,40,7,1968,2,11,9,3,9
2018070121463,1,9,0,7,0,3,0,0,0,0,1,1,6,1,22,5,1590,1,16,2,1,2
2018070121790,1,9,0,18,0,0,0,0,0,0,1,1,6,1,76,11,1598,1,2,3,1,3
2018070121790,2,9,0,18,0,0,0,0,0,0,1,1,3,2,31,6,1560,2,2,10,1,10
2018070121811,1,9,0,18,0,1,0,0,0,0,1,1,6,2,79,11,1360,1,11,10,1,10
2018070121811,2,9,0,10,0,1,0,0,0,0,2,1,3,2,35,6,1598,2,1,5,1,5
2018070122425,1,9,0,7,0,8,0,0,0,0,0,1,1,2,27,6,-1,-1,-1,10,1,10
2018070122425,2,1,0,18,0,1,1,0,0,0,0,1,1,1,88,11,-1,-1,-1,7,1,7
2018070123000,1,9,0,13,0,0,0,0,0,0,3,1,6,1,35,6,1598,1,15,1,1,1
2018070123000,2,1,0,18,9,0,0,0,0,0,4,1,1,1,29,6,-1,-1,-1,4,1,4
2018070123202,1,9,0,4,0,8,0,0,0,0,2,1,6,2,31,6,1995,2,1,5,3,5
2018070123202,2,9,0,18,0,1,0,0,0,0,1,1,6,1,53,8,1598,1,10,4,1,4
2018070123311,1,9,0,18,0,0,0,0,0,0,1,1,6,1,-1,-1,-1,-1,-1,-1,-1,-1
2018070123311,2,1,0,18,0,0,0,0,0,0,3,1,6,1,15,3,-1,-1,-1,1,1,1
2018070123353,1,9,0,18,0,0,0,0,0,0,1,1,2,1,47,8,2993,2,6,10,2,10
2018070123353,2,9,0,18,0,0,0,6,1,0,1,1,2,2,32,6,1242,1,3,9,1,9
2018070123577,1,21,1,18,0,0,0,0,0,0,4,1,6,3,-1,-1,-1,-1,-1,-1,-1,-1
2018070123577,2,9,0,18,0,0,1,0,4,6,3,1,2,1,25,5,1242,1,12,5,1,5
2018070123613,1,5,0,17,0,0,0,10,1,7,4,1,2,1,20,4,806,1,1,1,1,1
2018070123655,1,9,0,16,0,0,1,0,0,0,1,1,1,1,53,8,1686,2,13,2,1,2
2018070123655,2,9,0,17,0,0,0,0,0,0,1,1,1,2,38,7,1995,2,3,10,1,10
2018070124124,1,19,5,3,0,0,0,0,0,0,1,1,1,1,40,7,2402,2,9,3,1,3
2018070124124,2,19,0,4,0,0,0,0,0,0,2,1,1,2,47,8,1560,2,8,2,1,2
2018070124233,1,9,0,4,0,1,0,0,0,0,2,1,1,2,18,4,999,1,8,1,1,1
2018070124233,2,9,0,18,0,1,0,0,0,0,1,1,1,1,62,9,1396,1,4,2,1,2
2018070124309,1,9,0,18,0,8,0,0,0,0,1,1,6,2,83,11,998,1,16,8,1,8
2018070124309,2,8,0,9,0,8,0,0,0,0,3,1,6,1,38,7,2231,2,10,2,1,2
2018070124480,1,9,0,18,0,3,0,0,0,0,1,1,2,2,25,5,1229,1,10,2,1,2
2018070124480,2,1,0,11,0,3,0,0,0,0,1,1,2,2,39,7,-1,-1,-1,7,1,7
2018070124825,1,19,0,18,0,0,1,2,0,0,1,1,1,1,44,7,1560,2,2,8,1,8
2018070124825,2,9,0,4,0,0,0,2,2,7,2,1,6,1,32,6,1910,2,14,1,1,1
2018070124825,3,21,1,4,0,0,0,2,0,0,2,1,1,1,58,9,12902,2,2,7,1,7
2018070124825,4,21,1,18,0,0,0,2,0,0,1,1,1,1,28,6,12902,2,1,1,1,1
2018070124825,5,21,0,4,0,0,0,2,0,0,2,1,1,1,50,8,8867,2,8,3,1,3
2018070124825,6,21,1,18,0,0,1,2,0,0,1,1,1,1,38,7,11120,2,2,4,1,4
2018070125125,1,9,0,18,0,0,0,0,0,0,1,1,6,2,28,6,1399,2,12,1,1,1
2018070125125,2,9,0,18,0,0,0,0,0,0,2,1,1,2,31,6,1329,1,7,7,1,7
2018070125565,1,9,0,18,0,0,0,0,0,0,3,1,6,1,31,6,1198,1,6,9,1,9
2018070125565,2,9,0,18,0,0,0,0,0,0,3,1,6,1,68,10,1999,2,3,5,1,5
2018070125662,1,9,0,18,0,6,0,0,0,0,3,1,6,1,54,8,1991,2,14,6,3,6
2018070125662,2,9,0,18,0,8,0,0,3,3,1,1,2,1,24,5,998,1,3,2,1,2
2018070125828,1,9,0,4,0,0,2,0,7,10,1,1,6,2,17,4,999,1,1,1,1,1
2018070126111,1,5,0,18,0,0,1,0,0,0,1,1,6,1,48,8,-1,-1,-1,-1,1,-1
2018070126111,2,9,0,4,0,0,0,0,0,0,2,1,6,2,24,5,-1,-1,-1,3,1,3
2018070126455,1,9,0,18,0,2,0,0,0,0,1,1,6,1,18,4,1396,1,13,4,3,4
2018070126455,2,9,0,3,0,2,0,0,0,0,2,1,6,2,43,7,1499,1,3,8,3,8
2018070126455,3,9,0,3,0,2,0,0,0,0,2,1,6,2,34,6,1339,1,11,9,1,9
2018070126455,4,9,0,3,0,2,0,0,0,0,2,1,6,1,64,9,1598,1,15,2,2,2
2018070126563,1,19,0,5,0,4,0,0,0,0,1,1,1,2,26,6,2143,2,1,4,1,4
2018070126563,2,5,0,11,0,3,0,0,0,0,3,1,6,1,29,6,1000,1,13,1,1,1
2018070126592,1,3,0,15,4,1,0,0,0,0,1,1,6,1,17,4,125,1,-1,8,1,8
2018070126592,2,9,0,7,0,1,0,0,0,0,4,1,6,2,21,5,1242,1,12,7,3,7
2018070126883,1,9,0,18,0,8,0,0,0,0,3,1,1,2,23,5,1461,2,-1,-1,-1,-1
2018070126883,2,9,0,5,0,8,0,0,0,0,1,1,6,2,56,9,2199,2,6,10,1,10
2018070127446,1,9,0,17,0,8,0,0,1,4,4,1,6,2,49,8,2000,1,13,7,3,7
2018070127605,1,1,0,18,0,8,0,0,0,0,1,1,6,1,41,7,-1,-1,-1,10,1,10
2018070127605,2,9,0,7,0,4,0,0,0,0,1,1,6,2,47,8,2993,2,5,10,1,10
2018070127694,1,9,0,18,0,0,0,0,0,0,1,1,6,1,39,7,1398,1,1,8,2,8
2018070127721,1,9,0,9,0,1,0,0,0,0,1,1,6,1,68,10,2204,2,12,9,1,9
2018070127721,2,9,0,18,0,8,0,0,0,0,1,1,6,1,45,7,2993,2,8,8,1,8
2018070127736,1,9,0,9,0,1,0,0,0,0,4,1,6,1,61,9,4663,1,3,6,3,6
2018070127736,2,5,0,16,0,1,0,0,0,0,1,1,6,1,47,8,955,1,2,5,1,5
2018070127849,1,1,0,18,0,0,0,0,0,0,0,1,6,1,54,8,-1,-1,-1,1,1,1
2018070127849,2,9,0,4,0,0,0,0,0,0,0,1,6,2,48,8,2720,2,12,7,3,7
2018070128057,1,19,0,18,0,6,0,0,0,0,1,1,6,1,33,6,1753,2,12,4,1,4
2018070128057,2,9,0,18,0,1,0,0,0,0,4,1,6,1,41,7,2191,2,2,2,1,2
2018070128757,1,90,0,18,0,0,0,0,0,0,0,1,1,1,42,7,12130,2,13,1,1,1
2018070128757,2,4,0,18,0,0,1,0,0,0,0,1,6,2,41,7,250,1,-1,3,1,3
2018070128979,1,19,0,18,0,0,0,0,0,0,1,1,6,2,-1,-1,-1,-1,-1,-1,-1,-1
2018070128979,2,9,0,3,0,0,0,0,0,0,2,1,6,1,75,10,2143,2,9,8,3,8
2018070128979,3,9,0,3,0,0,0,0,0,0,2,1,6,2,23,5,1560,2,2,7,1,7
2018070128979,4,9,0,3,0,0,0,0,0,0,2,1,6,1,57,9,1991,1,1,9,1,9
2018070129079,1,9,0,18,0,1,0,0,0,0,1,1,6,1,50,8,2143,2,5,2,1,2
2018070129526,1,9,0,7,0,8,0,0,0,0,1,1,6,1,34,6,1968,2,1,8,1,8
2018070129526,2,9,0,18,0,8,0,0,0,0,1,1,6,1,54,8,998,1,41,10,1,10
2018070129763,1,9,0,11,0,0,1,0,1,7,1,1,6,1,29,6,1560,2,14,2,1,2
2018070129763,2,9,0,18,0,0,1,0,5,6,2,1,6,1,53,8,1995,2,9,5,1,5
2018070129932,1,9,0,18,0,0,0,0,0,0,3,1,6,3,-1,-1,-1,-1,-1,-1,-1,-1
2018070129932,2,3,0,18,0,0,1,0,1,0,3,1,6,1,17,4,125,1,2,9,2,9
2018070130206,1,1,0,14,0,0,0,0,0,0,1,1,6,1,49,8,-1,-1,-1,-1,-1,-1
2018070130206,2,19,0,2,0,0,0,0,0,0,3,1,1,1,-1,-1,2198,2,2,1,1,1
2018070130238,1,9,0,9,0,8,0,0,0,0,1,1,6,1,20,4,1360,1,11,9,3,9
2018070130238,2,9,0,18,0,8,0,0,0,0,1,1,6,2,66,10,1198,1,4,2,1,2
2018070130317,1,1,0,18,0,2,0,0,0,0,1,1,6,2,70,10,-1,-1,-1,8,1,8
2018070130317,2,9,0,18,0,1,0,0,0,0,1,1,6,2,24,5,1242,1,5,7,1,7
2018070130359,1,1,0,15,0,1,0,0,0,0,1,1,6,1,46,8,-1,-1,-1,10,1,10
2018070130359,2,9,0,3,0,8,0,0,0,0,4,1,6,1,55,8,2967,2,1,7,1,7
2018070130460,1,19,0,13,0,0,0,0,0,0,4,1,6,3,-1,-1,2402,2,15,-1,-1,-1
2018070130460,2,1,0,18,0,0,0,0,0,0,3,1,6,1,58,9,-1,-1,-1,8,1,8
2018070130476,1,9,0,18,0,0,1,0,0,7,1,1,6,1,21,5,1242,1,6,8,1,8
2018070130476,2,9,0,18,0,0,1,0,0,6,1,1,6,1,71,10,1968,2,3,3,1,3
2018070130919,1,9,0,1,0,0,0,0,0,0,2,1,6,2,43,7,1582,2,7,3,1,3
2018070131162,1,9,0,18,0,8,0,10,1,10,4,1,6,1,71,10,1984,2,5,9,1,9
2018070131411,1,21,1,18,0,7,1,0,0,0,1,1,1,1,47,8,12902,2,2,-1,3,-1
2018070131411,2,9,0,18,0,7,1,0,0,0,3,1,6,1,72,10,998,1,9,-1,1,-1
2018070131511,1,1,0,18,0,0,0,0,0,0,4,1,6,1,67,10,-1,-1,-1,-1,-1,-1
2018070131752,1,9,0,18,0,1,0,0,0,0,1,1,6,1,38,7,1685,2,-1,9,1,9
2018070131752,2,9,0,9,0,8,0,0,0,0,4,1,6,1,38,7,1968,2,5,9,1,9
2018070131752,3,9,0,8,0,8,0,0,0,0,3,1,6,2,37,7,1591,1,2,10,1,10
2018070131853,1,9,0,7,0,5,0,0,0,0,1,1,6,2,23,5,1461,2,2,8,1,8
2018070131853,2,1,0,9,0,6,0,0,0,0,1,1,6,1,35,6,-1,-1,-1,8,1,8
2018070132015,1,9,0,18,0,0,0,0,0,0,1,1,2,1,30,6,1910,2,12,2,1,2
2018070132115,1,9,0,18,0,0,0,0,1,3,1,1,2,1,26,6,1560,2,5,-1,1,-1
2018070132187,1,19,4,5,0,1,0,0,0,0,1,1,1,1,61,9,2402,2,7,2,1,2
2018070132187,2,9,0,18,0,3,0,0,0,0,4,1,1,2,58,9,1560,2,5,4,1,4
2018070132600,1,9,0,2,0,0,0,0,0,0,2,1,3,2,34,6,1364,1,12,1,1,1
2018070132600,2,1,0,14,0,0,0,4,0,0,1,1,4,1,14,3,-1,-1,-1,2,1,2
2018070132881,1,9,0,18,0,0,0,0,0,0,1,1,6,1,70,10,1995,2,3,9,1,9
2018070132881,2,9,0,3,0,0,0,0,0,0,2,1,6,1,39,7,1870,2,15,6,1,6
2018070132881,3,9,0,3,0,0,0,0,0,0,2,1,6,1,-1,-1,2143,2,3,-1,-1,-1
2018070133981,1,9,0,15,0,1,0,0,0,0,1,1,6,1,34,6,3799,1,9,2,1,2
2018070133981,2,9,0,3,0,1,0,0,1,11,3,1,6,1,33,6,1596,1,8,2,1,2
2018070133981,3,9,0,3,0,1,0,0,1,2,3,1,6,1,33,6,1956,2,6,9,1,9
2018070134002,1,9,0,18,0,2,0,0,0,0,1,1,6,1,74,10,1580,8,1,9,1,9
2018070134097,1,9,0,18,0,0,0,0,0,0,1,1,6,1,79,11,1995,2,5,7,1,7
2018070134097,2,20,0,3,0,0,0,0,0,0,1,1,6,1,55,8,-1,2,23,9,1,9
2018070134178,1,21,1,12,0,0,0,0,0,0,1,2,1,1,-1,-1,-1,-1,-1,-1,-1,-1
2018070134178,2,9,0,18,0,0,1,0,0,0,2,1,6,1,48,8,2143,2,-1,1,1,1
2018070134742,1,21,1,11,0,1,0,2,0,0,0,1,6,3,-1,-1,-1,-1,-1,-1,-1,-1
2018070134742,2,9,0,18,0,1,0,2,1,7,1,1,1,1,35,6,1598,2,3,1,1,1
2018070134820,1,9,0,4,0,1,0,0,0,0,1,2,2,1,32,6,1149,1,10,8,1,8
2018070134820,2,1,0,4,0,1,0,0,0,0,3,1,4,1,12,3,-1,-1,-1,2,1,2
2018070134834,1,3,0,17,0,1,0,0,0,0,1,1,2,1,18,4,125,1,2,2,1,2
2018070134834,2,21,1,4,0,2,0,0,0,0,1,1,1,1,53,8,10518,2,7,4,1,4
2018070135165,1,21,1,12,0,0,0,0,0,0,0,1,1,1,56,9,12130,2,13,1,1,1
2018070135165,2,9,0,12,0,0,0,0,0,0,3,1,1,1,31,6,-1,3,-1,4,1,4
2018070135165,3,9,0,18,0,0,0,0,0,0,4,1,6,1,39,7,1595,2,8,4,1,4
2018070136411,1,9,0,18,0,8,0,0,0,0,1,1,6,2,74,10,999,1,2,10,2,10
2018070136411,2,9,0,7,0,8,0,0,0,0,1,1,6,2,43,7,1598,1,6,7,1,7
2018070136505,1,5,0,18,0,1,0,0,0,0,1,1,6,1,63,9,1340,1,9,1,1,1
2018070136505,2,9,0,4,0,1,0,0,0,0,2,2,6,2,34,6,999,1,1,1,1,1
2018070136507,1,9,0,18,0,8,0,0,0,0,1,1,6,1,70,10,1997,1,3,10,3,10
2018070136507,2,1,0,18,0,6,0,0,0,0,3,1,6,1,13,3,-1,-1,-1,7,3,7
2018070136507,3,1,0,18,0,6,0,0,0,0,3,1,6,1,14,3,-1,-1,-1,-1,-1,-1
2018070136697,1,9,0,16,0,0,1,0,1,4,3,1,6,1,23,5,2231,2,11,2,1,2
2018070136979,1,9,0,5,0,6,0,0,0,0,0,1,6,2,-1,-1,-1,-1,-1,-1,-1,-1
2018070136979,2,9,0,18,0,8,0,0,0,0,0,1,6,2,19,4,1560,2,13,9,-1,9
2018070137448,1,9,0,18,0,1,0,0,0,0,1,1,6,2,74,10,1498,1,1,3,1,3
2018070137448,2,9,0,4,0,1,0,0,0,0,2,1,6,2,42,7,5950,1,1,10,1,10
2018070137448,3,9,0,4,0,1,0,0,0,0,2,1,6,2,31,6,1396,1,4,7,1,7
2018070137493,1,9,0,18,0,7,0,0,0,0,2,1,6,2,47,8,1242,1,2,3,1,3
2018070137493,2,9,0,18,0,7,0,0,0,0,1,1,6,1,54,8,1390,1,17,1,1,1
2018070137497,1,9,0,9,0,8,0,0,0,0,1,1,6,1,41,7,1363,2,15,6,2,6
2018070137497,2,5,0,14,0,1,0,0,0,0,4,1,6,1,41,7,1000,1,2,3,1,3
2018070137545,1,9,0,4,0,5,0,0,0,0,1,2,6,1,47,8,1753,2,11,5,1,5
2018070137545,2,1,0,18,0,8,1,0,0,0,1,1,6,1,46,8,-1,-1,-1,4,1,4
2018070137779,1,9,0,9,0,8,0,0,0,0,1,1,6,1,72,10,1998,1,13,5,1,5
2018070137779,2,9,0,18,0,8,0,0,0,1,1,1,6,1,73,10,1995,1,12,9,1,9
2018070137820,1,9,0,16,0,5,0,0,7,1,1,1,6,1,36,7,1796,1,14,2,2,2
2018070138475,1,1,0,4,0,1,1,0,0,0,1,1,4,1,12,3,-1,-1,-1,1,1,1
2018070138475,2,9,0,18,0,1,0,0,0,0,4,1,3,2,40,7,1595,1,11,7,1,7
2018070138530,1,21,1,2,0,0,0,0,0,0,0,1,6,1,-1,-1,12900,2,10,-1,-1,-1
2018070138530,2,9,0,18,0,0,0,0,0,0,1,1,6,2,48,8,1461,2,1,9,3,9
2018070138540,1,9,0,18,0,1,0,0,0,0,1,1,2,1,46,8,1997,2,2,9,1,9
2018070138540,2,9,0,3,0,1,0,0,0,0,2,1,3,2,44,7,-1,-1,-1,8,3,8
2018070138540,3,9,0,3,0,1,0,0,0,0,2,1,6,1,52,8,1686,2,5,6,1,6
2018070138730,1,9,0,17,0,0,0,0,0,0,1,1,6,2,40,7,1999,2,2,9,3,9
2018070138730,2,9,0,16,0,0,0,0,0,0,1,1,6,1,43,7,1560,2,8,3,1,3
2018070138816,1,1,0,18,9,1,0,0,0,0,1,1,6,1,26,6,-1,-1,-1,2,1,2
2018070138816,2,9,0,10,0,8,0,0,0,0,3,1,6,2,48,8,1997,2,5,9,1,9
2018070138903,1,9,0,4,0,0,0,0,0,0,4,1,2,1,23,5,1598,1,3,6,1,6
2018070138903,2,1,0,18,0,0,0,0,0,0,1,1,6,1,-1,-1,-1,-1,-1,-1,-1,-1
2018070138918,1,9,0,9,0,8,0,0,0,0,1,1,6,2,38,7,1781,1,21,9,1,9
2018070138918,2,5,0,18,0,8,0,0,0,0,4,1,6,1,56,9,1170,1,9,8,1,8
2018070138994,1,9,0,9,0,8,0,0,0,0,1,1,2,1,37,7,1560,2,7,6,2,6
2018070138994,2,1,0,18,0,8,0,0,0,0,1,1,6,1,56,9,-1,-1,-1,10,1,10
2018070139016,1,9,0,7,0,8,0,0,0,0,4,1,6,2,53,8,998,1,9,2,1,2
2018070139016,2,1,0,18,0,8,0,0,0,0,1,1,6,2,53,8,-1,-1,-1,9,1,9
2018070139073,1,9,0,18,0,0,2,0,1,11,1,1,6,2,64,9,1587,1,15,8,3,8
2018070139434,1,9,0,16,0,0,0,0,1,0,1,1,6,1,37,7,2993,2,4,8,3,8
2018070139434,2,19,0,18,0,0,2,0,0,0,1,1,1,1,54,8,2298,2,3,7,1,7
2018070139646,1,9,0,12,0,0,0,0,5,6,3,1,6,1,68,10,1596,1,9,7,1,7
2018070139646,2,21,1,18,0,0,0,0,0,0,4,1,1,1,55,8,12740,2,3,8,1,8
2018070139766,1,9,0,18,0,0,0,0,0,0,4,1,6,3,-1,-1,-1,-1,-1,-1,-1,-1
2018070140023,1,9,0,18,0,0,0,0,0,0,1,1,2,2,44,7,898,1,-1,9,1,9
2018070140044,1,1,0,18,9,0,0,0,0,0,3,1,2,1,38,7,-1,-1,-1,1,1,1
2018070140044,2,21,1,18,0,0,0,0,0,0,4,1,1,1,61,9,12777,2,7,7,2,7
2018070140148,1,9,0,9,0,1,0,0,0,0,1,1,2,1,50,8,1587,1,14,8,1,8
2018070140685,1,9,0,18,0,8,0,0,0,0,1,1,6,1,65,9,1598,2,7,2,1,2
2018070140685,2,1,0,18,0,1,0,0,0,0,3,1,6,1,8,2,-1,-1,-1,2,1,2
2018070141252,1,9,0,18,0,0,0,0,0,0,4,1,6,1,61,9,2995,1,2,4,1,4
2018070141252,2,9,0,18,0,0,0,0,2,10,3,1,6,1,45,7,1968,2,5,5,1,5
2018070141652,1,9,0,18,0,0,0,11,0,0,1,1,6,1,46,8,1796,1,7,7,1,7
2018070141877,1,21,0,18,0,2,0,0,0,0,1,1,1,1,40,7,8970,2,13,6,2,6
2018070141877,2,3,0,18,0,1,0,0,0,0,3,1,2,1,20,4,125,1,5,5,1,5
2018070142101,1,21,1,3,0,0,0,2,0,0,2,1,1,1,47,8,12902,2,2,3,1,3
2018070142101,2,20,0,4,0,0,1,2,0,0,1,1,1,1,48,8,4580,2,4,6,1,6
2018070142101,3,21,1,4,0,0,1,2,0,0,1,1,1,1,44,7,12742,2,1,4,1,4
2018070142101,4,21,0,4,0,0,0,2,0,0,1,1,1,1,46,8,10837,2,3,2,1,2
2018070142343,1,5,0,2,0,0,0,0,0,0,2,1,6,1,58,9,2294,1,5,6,1,6
2018070142343,2,9,0,3,0,0,0,0,0,0,1,1,6,1,56,9,1798,8,3,9,1,9
2018070142454,1,19,0,7,0,5,0,0,0,0,1,1,2,1,63,9,1560,2,6,10,1,10