Accident_Index,Vehicle_Reference,Vehicle_Type,Towing_and_Articulation,Vehicle_Manoeuvre,Vehicle_Location-Restricted_Lane,Junction_Location,Skidding_and_Overturning,Hit_Object_in_Carriageway,Vehicle_Leaving_Carriageway,Hit_Object_off_Carriageway,1st_Point_of_Impact,Was_Vehicle_Left_Hand_Drive?,Journey_Purpose_of_Driver,Sex_of_Driver,Age_of_Driver,Age_Band_of_Driver,Engine_Capacity_(CC),Propulsion_Code,Age_of_Vehicle,Driver_IMD_Decile,Driver_Home_Area_Type,Vehicle_IMD_Decile
2018070142454,2,1,0,4,0,1,0,0,0,0,1,1,2,1,34,6,-1,-1,-1,10,1,10
2018070142455,1,5,0,14,0,0,5,0,0,0,4,1,2,1,62,9,1745,1,-1,9,1,9
2018070142455,2,9,0,9,0,0,0,0,0,0,1,1,6,2,60,9,1984,1,16,2,1,2
2018070142533,1,20,0,7,0,5,1,0,0,0,1,1,1,1,36,7,-1,-1,-1,-1,1,-1
2018070142533,2,9,0,4,0,5,0,0,0,0,2,1,6,1,63,9,1197,1,2,6,1,6
2018070142533,3,9,0,4,0,5,0,0,0,0,2,1,6,1,53,8,2995,1,-1,9,1,9
2018070143190,1,9,0,1,9,8,0,0,0,0,2,1,6,1,-1,-1,1596,1,6,2,1,2
2018070143190,2,1,0,18,9,8,0,0,0,0,1,1,6,2,44,7,-1,-1,-1,7,1,7
2018070143326,1,9,0,3,0,0,0,0,0,0,1,1,6,1,44,7,-1,-1,-1,7,3,7
2018070143326,2,9,0,3,0,0,0,0,0,0,2,1,6,1,38,7,1753,2,10,-1,2,-1
2018070143326,3,9,0,3,0,0,0,0,0,0,2,1,6,2,36,7,1198,1,5,2,1,2
2018070143326,4,9,0,3,0,0,0,0,0,0,2,1,6,2,59,9,1560,2,4,10,1,10
2018070143361,1,5,0,18,0,8,0,0,0,0,1,1,6,1,49,8,781,1,15,10,1,10
2018070143361,2,9,0,5,0,6,0,0,0,0,3,1,6,2,80,11,1364,1,11,8,2,8
2018070143422,1,9,0,18,0,0,0,0,0,0,1,1,1,2,25,5,1685,2,2,3,1,3
2018070143422,2,9,0,4,0,0,0,0,0,0,2,1,1,1,35,6,1560,2,2,2,1,2
2018070143428,1,9,0,17,0,1,0,0,0,11,3,1,6,1,20,4,1248,2,6,4,1,4
2018070143428,2,9,0,16,0,1,0,0,0,0,4,1,6,1,72,10,1999,1,9,10,1,10
2018070143554,1,9,0,5,0,0,0,0,0,0,1,1,6,2,20,4,995,1,11,1,1,1
2018070143554,2,9,0,3,0,0,0,0,0,0,2,1,6,1,27,6,1956,2,3,8,1,8
2018070143560,1,9,0,4,0,4,0,0,0,0,2,1,6,2,80,11,1199,1,15,2,1,2
2018070143560,2,19,0,18,0,4,0,0,0,0,1,1,6,1,31,6,2198,2,4,5,1,5
2018070143687,1,9,0,4,0,1,0,0,0,0,2,1,6,2,46,8,1598,1,8,2,1,2
2018070143687,2,19,0,18,0,1,0,0,0,0,1,1,6,2,30,6,2143,2,4,9,1,9
2018070143851,1,9,0,18,0,1,0,0,0,0,1,1,2,2,21,5,1242,1,4,8,1,8
2018070143862,1,2,0,5,0,0,0,0,0,0,1,1,6,1,30,6,124,1,7,6,1,6
2018070143862,2,9,0,18,0,0,0,0,0,0,1,1,6,1,59,9,1398,2,13,6,1,6
2018070143926,1,9,0,18,0,0,0,0,2,4,1,1,6,2,51,8,-1,-1,-1,5,3,5
2018070144704,1,9,0,5,0,1,0,0,0,0,4,1,6,1,60,9,1248,2,2,-1,-1,-1
2018070144704,2,4,0,18,0,1,0,0,0,0,1,1,1,1,23,5,999,1,5,-1,1,-1
2018070144799,1,9,0,16,0,1,0,0,0,0,1,1,6,1,79,11,998,1,13,7,1,7
2018070144799,2,9,0,17,0,1,0,0,0,0,1,1,6,1,61,9,1197,1,3,8,1,8
2018070145655,1,9,0,15,0,8,0,0,0,0,1,1,6,1,56,9,1968,2,2,7,2,7
2018070145802,1,1,0,9,9,6,0,0,0,0,1,1,6,1,-1,-1,-1,-1,-1,-1,-1,-1
2018070146457,1,9,0,9,0,8,0,0,0,0,4,1,1,2,26,6,1598,1,3,6,1,6
2018070146457,2,1,0,17,0,8,0,0,0,0,1,1,1,1,38,7,-1,-1,-1,6,1,6
2018070146490,1,9,0,13,0,8,0,0,0,0,1,1,2,1,53,8,1388,1,12,6,1,6
2018070146562,1,9,0,5,0,8,0,0,0,0,1,1,6,2,71,10,1798,8,-1,10,2,10
2018070146562,2,9,0,18,0,1,0,0,0,0,1,1,2,1,38,7,1582,2,7,5,1,5
2018070146900,1,20,1,18,0,0,0,0,0,0,1,2,1,1,28,6,-1,-1,-1,-1,-1,-1
2018070146900,2,90,0,4,0,0,0,0,0,0,2,1,1,1,-1,-1,2198,2,4,-1,-1,-1
2018070146900,3,20,1,4,0,0,0,0,0,0,2,1,1,1,-1,-1,12777,2,6,-1,-1,-1
2018070146979,1,9,0,18,0,0,0,0,0,0,1,1,6,1,73,10,1299,1,12,6,1,6
2018070146979,2,9,0,18,0,0,0,0,0,0,1,1,6,1,21,5,1396,1,19,9,1,9
2018070147140,1,9,0,18,0,8,5,0,7,10,1,1,6,2,28,6,1896,2,14,9,1,9
2018070147140,2,9,0,18,0,8,0,0,1,10,3,1,6,1,73,10,1591,1,8,10,3,10
2018070147151,1,9,0,1,0,0,0,0,0,0,2,1,6,1,42,7,1968,2,11,2,1,2
2018070147412,1,9,0,2,0,1,0,0,0,0,1,1,6,1,-1,-1,-1,-1,-1,-1,-1,-1
2018070147412,2,9,0,2,0,1,0,0,0,0,2,1,6,1,46,8,1997,2,8,1,1,1
2018070147850,1,9,0,18,0,1,0,0,1,0,1,1,2,2,23,5,1395,1,2,5,3,5
2018070147850,2,9,0,3,0,1,0,0,0,0,2,1,2,1,65,9,2000,2,13,9,1,9
2018070147850,3,2,0,10,0,1,0,0,0,0,2,1,2,2,29,6,124,1,9,2,1,2
2018070148343,1,1,0,18,0,0,0,0,0,0,3,1,6,1,45,7,-1,-1,-1,8,1,8
2018070148343,2,9,0,18,0,0,0,0,0,0,4,1,6,1,34,6,2143,2,1,-1,-1,-1
2018070148475,1,11,0,18,0,1,0,0,0,0,1,1,1,1,47,8,3900,2,12,2,1,2
2018070148475,2,9,0,10,0,1,0,0,0,0,2,1,1,1,47,8,1390,1,15,8,1,8
2018070148596,1,9,0,18,0,0,0,0,0,0,1,1,6,2,21,5,1149,1,7,9,1,9
2018070148596,2,9,0,18,0,0,0,0,0,0,2,1,6,2,45,7,1968,2,2,9,1,9
2018070148934,1,1,0,18,9,1,0,0,0,0,1,1,4,1,12,3,-1,-1,-1,2,1,2
2018070148934,2,9,0,4,0,1,0,0,0,0,3,1,3,1,40,7,1968,2,-1,4,1,4
2018070149094,1,9,0,18,0,0,1,0,0,0,2,1,1,2,32,6,1124,1,13,8,1,8
2018070149094,2,21,1,18,0,0,0,0,0,0,2,1,1,1,35,6,12419,2,4,6,3,6
2018070149383,1,9,0,5,0,6,0,0,0,0,4,1,6,2,52,8,1248,2,5,3,1,3
2018070149383,2,5,0,18,0,1,0,0,1,0,1,1,2,1,21,5,689,1,3,8,1,8
2018070149578,1,1,0,18,0,0,0,0,0,0,0,1,6,1,83,11,-1,-1,-1,10,1,10
2018070149578,2,20,0,15,0,0,0,0,0,0,0,1,6,3,-1,-1,-1,-1,-1,-1,-1,-1
2018070149691,1,3,0,18,0,8,2,0,0,0,1,1,6,1,32,6,124,1,8,1,1,1
2018070149691,2,9,0,5,0,6,0,0,0,0,3,1,6,2,52,8,1997,1,15,4,1,4
2018070150264,1,9,0,18,0,0,0,0,0,0,1,1,6,1,31,6,1896,2,10,2,1,2
2018070150264,2,4,0,18,0,0,2,0,1,9,2,1,6,1,54,8,150,1,4,7,3,7
2018070150302,1,3,0,13,0,1,5,0,0,0,2,1,6,1,17,4,124,1,-1,9,1,9
2018070150302,2,9,0,10,0,1,0,0,0,0,1,1,2,2,45,7,1997,1,14,2,2,2
2018070150326,1,10,0,10,0,1,0,0,0,0,1,2,3,1,49,8,-1,-1,-1,7,1,7
2018070150326,2,9,0,18,0,2,0,0,0,0,2,2,3,2,41,7,1582,2,5,2,1,2
2018070150341,1,9,0,18,0,6,0,0,0,0,1,1,6,2,33,6,1968,2,-1,9,3,9
2018070151022,1,9,0,18,0,0,0,0,0,0,1,1,1,1,48,8,1995,2,3,-1,1,-1
2018070151022,2,9,0,18,0,0,0,0,0,0,2,1,1,1,39,7,1248,2,10,4,1,4
2018070151022,3,9,0,18,0,0,0,0,0,0,1,1,1,1,36,7,1999,2,3,1,1,1
2018070151062,1,9,0,5,0,0,0,0,0,0,1,1,6,1,-1,-1,-1,-1,-1,-1,-1,-1
2018070151081,1,9,0,18,0,0,0,4,0,0,3,1,2,1,46,8,1395,1,2,10,1,10
2018070151081,2,9,0,2,0,0,0,0,0,0,3,1,6,3,35,6,998,1,1,9,1,9
2018070151081,3,9,0,2,0,0,0,0,0,0,2,1,6,3,23,5,1242,1,6,8,1,8
2018070151133,1,17,4,14,0,0,0,0,0,0,1,1,1,1,25,5,6788,2,2,7,3,7
2018070151133,2,9,0,3,0,0,0,0,0,0,0,1,6,1,46,8,2231,2,11,10,3,10
2018070151133,3,5,0,16,0,0,1,0,0,0,1,1,6,1,56,9,599,1,19,10,1,10
2018070151143,1,9,0,7,0,5,0,0,0,0,4,1,6,2,38,7,1686,2,5,2,1,2
2018070151143,2,1,0,3,0,1,0,0,0,0,1,1,6,1,33,6,-1,-1,-1,10,1,10
2018070151369,1,9,0,10,0,1,0,0,0,0,1,1,6,1,64,9,1248,1,5,9,1,9
2018070151369,2,3,0,18,0,1,5,0,0,0,1,1,6,1,26,6,125,1,3,2,1,2
2018070151903,1,9,0,4,0,5,0,0,0,0,1,1,2,2,38,7,1398,1,7,2,1,2
2018070152133,1,3,0,9,0,1,1,0,0,0,1,1,6,1,29,6,124,1,5,4,1,4
2018070152133,2,9,0,9,0,1,0,0,0,0,2,1,6,2,66,10,1149,1,11,6,1,6
2018070152165,1,9,0,18,0,0,0,0,0,0,1,1,6,1,60,9,1461,2,2,1,1,1
2018070152980,1,9,0,5,0,4,0,0,0,0,3,1,6,1,35,6,1968,2,11,4,1,4
2018070152980,2,5,0,18,0,3,0,0,0,0,4,1,6,1,25,5,599,1,19,9,1,9
2018070153155,1,1,0,18,0,0,0,0,0,0,2,1,6,1,69,10,-1,-1,-1,4,1,4
2018070153155,2,9,0,18,0,0,0,0,0,0,1,1,6,2,73,10,1598,1,6,7,1,7
2018070153192,1,9,0,18,0,0,0,0,0,0,1,1,6,1,29,6,2179,2,4,2,1,2
2018070153192,2,9,0,4,0,0,0,0,0,0,2,1,6,1,67,10,1995,2,1,-1,-1,-1
2018070153227,1,9,0,7,0,1,0,0,7,11,1,1,6,1,-1,-1,1769,1,18,-1,-1,-1
2018070153227,2,10,0,18,0,2,0,0,0,0,3,1,1,1,59,9,-1,-1,-1,2,1,2
2018070153230,1,9,0,5,0,4,0,0,0,0,4,1,6,2,72,10,2143,2,5,9,1,9
2018070153230,2,9,0,3,0,1,0,0,0,0,3,1,6,1,59,9,1968,2,6,9,1,9
2018070153393,1,9,0,9,0,1,0,0,0,0,0,1,6,3,-1,-1,-1,-1,-1,-1,-1,-1
2018070153393,2,1,0,17,0,1,0,0,0,0,0,1,6,1,56,9,-1,-1,-1,10,2,10
2018070153547,1,1,0,18,9,0,0,0,0,0,4,1,6,1,48,8,-1,-1,-1,5,1,5
2018070153619,1,5,0,16,0,0,1,0,7,4,3,1,6,1,29,6,656,1,10,6,1,6
2018070154033,1,9,0,16,0,0,5,0,8,11,3,1,6,1,64,9,2993,2,8,5,3,5
2018070154865,1,9,0,18,0,0,0,0,1,7,4,1,2,2,18,4,1229,1,10,3,1,3
2018070154934,1,9,0,18,0,2,0,0,0,0,1,1,6,1,25,5,1968,2,11,6,3,6
2018070154934,2,8,0,18,0,1,0,10,8,11,4,1,1,2,53,8,1997,1,15,2,1,2
2018070155430,1,21,0,11,0,0,0,0,0,0,0,1,6,3,-1,-1,-1,-1,-1,-1,-1,-1
2018070155430,2,9,0,18,0,0,1,0,0,0,2,1,6,1,61,9,1969,2,-1,-1,-1,-1
2018070155430,3,9,0,18,0,0,1,0,0,0,1,1,6,2,31,6,1499,2,1,4,1,4
2018070155584,1,9,0,13,0,0,0,0,0,0,4,1,6,1,35,6,1242,1,7,3,1,3
2018070155584,2,1,0,18,0,0,0,0,0,0,3,1,6,1,13,3,-1,-1,-1,1,1,1
2018070155784,1,19,0,9,0,4,0,0,0,0,0,1,6,3,39,7,1753,2,13,9,1,9
2018070155784,2,1,0,18,0,8,5,0,0,0,0,1,6,1,54,8,-1,-1,-1,7,3,7
2018070155851,1,9,0,18,0,1,0,0,0,0,1,1,6,2,38,7,1560,2,8,9,1,9
2018070156022,1,9,0,1,0,1,0,0,0,0,2,1,6,1,-1,-1,1794,1,14,-1,-1,-1
2018070156593,1,9,0,18,0,0,5,11,2,7,4,1,2,2,25,5,1242,1,10,8,1,8
2018070156958,1,19,0,7,0,8,0,0,0,0,1,1,1,2,28,6,1968,2,3,2,1,2
2018070156958,2,9,0,8,0,8,0,0,0,0,2,1,6,2,51,8,1364,1,-1,5,1,5
2018070157144,1,9,0,9,0,8,0,0,0,0,1,1,6,1,26,6,-1,-1,-1,4,1,4
2018070157144,2,9,0,18,0,8,0,0,0,0,3,1,6,2,34,6,1896,2,12,9,3,9
2018070157739,1,9,0,1,0,0,0,0,0,0,2,1,6,1,-1,-1,-1,-1,-1,-1,-1,-1
2018070157739,2,1,0,18,0,0,0,0,0,0,4,1,1,2,33,6,-1,-1,-1,1,1,1
2018070157743,1,9,0,18,0,0,0,0,0,0,0,1,1,1,50,8,2993,2,2,5,3,5
2018070157743,2,9,0,11,0,0,0,0,0,7,4,1,6,1,61,9,1396,1,18,6,1,6
2018070157743,3,21,1,18,0,0,0,0,0,0,3,1,1,1,58,9,10837,2,3,-1,2,-1
2018070157847,1,1,0,18,0,8,0,0,0,0,2,1,6,1,70,10,-1,-1,-1,9,1,9
2018070157847,2,9,0,5,0,4,0,0,0,0,1,1,2,1,22,5,1896,2,10,3,1,3
2018070157906,1,9,0,7,0,3,1,9,0,7,1,2,6,2,39,7,1242,1,8,9,-1,9
2018070157944,1,9,0,5,0,0,0,0,0,0,3,1,6,2,78,11,1299,1,13,9,1,9
2018070157944,2,5,0,18,0,0,0,0,0,0,1,1,6,1,55,8,1170,1,14,2,1,2
2018070158232,1,9,0,18,0,0,0,0,0,0,1,1,6,2,-1,-1,1995,2,1,9,1,9
2018070158232,2,9,0,3,0,0,0,0,0,0,2,1,2,2,53,8,999,1,1,9,1,9
2018070158248,1,9,0,18,0,0,1,0,1,1,1,1,6,1,18,4,1998,2,11,10,1,10
2018070158710,1,9,0,18,0,0,1,0,1,10,1,1,6,2,33,6,1360,1,12,1,1,1
2018070159003,1,9,0,4,0,1,0,0,0,0,1,1,6,1,43,7,1995,2,15,2,1,2
2018070159003,2,1,0,18,0,8,0,0,0,0,3,1,6,1,13,3,-1,-1,-1,6,1,6
2018070159198,1,9,0,9,0,1,0,0,0,0,1,1,6,2,32,6,1229,1,3,5,1,5
2018070159198,2,9,0,18,0,1,0,0,0,0,3,1,6,1,68,10,1598,1,8,4,1,4
2018070159244,1,9,0,4,0,1,0,0,0,0,1,1,6,2,34,6,1560,2,9,3,1,3
2018070159244,2,9,0,4,0,1,0,0,0,0,2,1,6,2,40,7,-1,-1,-1,5,1,5
2018070159354,1,9,0,18,0,0,0,0,0,0,1,1,2,1,27,6,1968,2,9,3,3,3
2018070159354,2,19,0,18,0,0,0,0,1,0,3,1,1,1,48,8,2143,2,3,4,2,4
2018070159379,1,19,0,3,0,0,0,0,0,0,1,1,6,1,47,8,2402,2,15,5,1,5
2018070159379,2,19,0,3,0,0,0,0,0,0,1,1,6,1,30,6,2198,2,10,1,1,1
2018070159379,3,9,0,3,0,0,0,0,0,0,1,1,6,1,72,10,2143,2,3,10,3,10
2018070159379,4,9,0,3,0,0,0,0,0,0,1,1,6,2,48,8,2143,2,2,1,1,1
2018070159379,5,9,0,4,0,0,0,0,0,0,1,1,6,2,24,5,1229,1,2,2,1,2
2018070159379,6,9,0,4,0,0,0,0,0,0,2,1,6,1,38,7,-1,-1,-1,1,1,1
2018070160293,1,9,0,5,0,2,0,0,0,0,1,1,6,2,59,9,1596,1,14,1,1,1
2018070160293,2,9,0,18,0,8,0,0,0,0,4,1,6,2,55,8,1390,1,22,1,1,1
2018070160569,1,9,0,6,0,1,1,0,1,0,1,1,6,1,90,11,1900,2,13,10,2,10
2018070160569,2,9,0,3,0,1,0,0,0,0,2,1,6,2,40,7,1198,1,4,10,2,10
2018070160584,1,9,0,5,0,0,0,0,0,0,4,1,6,1,39,7,2776,2,12,7,1,7
2018070160638,1,9,0,7,0,8,0,0,0,0,4,1,6,2,45,7,-1,-1,-1,9,3,9
2018070160638,2,1,0,15,0,8,0,0,0,0,1,1,6,2,50,8,-1,-1,-1,1,1,1
2018070160767,1,9,0,7,9,0,0,0,0,11,1,1,6,1,78,11,999,1,2,1,1,1
2018070161316,1,9,0,11,0,0,1,0,0,0,4,1,6,1,31,6,1896,2,15,-1,1,-1
2018070161316,2,9,0,12,0,0,1,0,0,0,1,1,6,1,70,10,1968,2,5,-1,1,-1
2018070161316,3,9,0,18,0,0,1,0,0,0,1,1,6,2,73,10,1328,1,12,9,3,9
2018070161326,1,9,0,9,0,6,0,0,0,0,1,1,6,2,-1,-1,1461,2,1,10,1,10
2018070161326,2,5,0,17,0,8,1,0,0,0,4,1,6,1,51,8,798,1,1,10,1,10
2018070161595,1,9,0,18,0,0,1,0,1,4,1,1,6,1,55,8,1968,2,1,6,1,6
2018070161801,1,9,0,18,0,1,0,4,0,4,1,1,6,1,77,11,1200,1,1,4,1,4
2018070161801,2,9,0,2,9,1,0,0,0,0,4,1,6,3,-1,-1,1598,1,11,-1,-1,-1
2018070161851,1,9,0,9,0,2,0,0,0,0,1,1,6,2,59,9,898,1,2,8,1,8
2018070161851,2,5,0,16,0,1,1,0,0,0,1,1,6,1,36,7,1402,1,15,1,1,1
2018070162276,1,9,0,16,0,2,0,0,1,0,1,1,6,1,18,4,1398,1,1,6,3,6
2018070162491,1,9,0,9,0,5,0,0,0,0,1,1,6,1,52,8,-1,-1,-1,3,1,3
2018070162491,2,9,0,18,0,1,0,0,1,0,1,1,6,1,44,7,1587,1,14,2,1,2
2018070162666,1,9,0,9,0,6,0,0,0,0,1,1,6,1,19,4,998,1,-1,10,1,10
2018070162666,2,9,0,18,0,1,0,0,0,0,4,1,6,2,46,8,1197,1,-1,1,1,1
2018070162669,1,9,0,18,0,0,0,0,0,0,4,1,6,3,-1,-1,-1,-1,-1,-1,-1,-1
2018070162808,1,9,0,9,0,6,0,0,0,0,1,1,6,2,59,9,1591,1,1,8,1,8
2018070162808,2,3,0,18,0,8,0,0,7,11,1,1,6,1,19,4,125,1,4,8,1,8
2018070162876,1,4,0,18,0,3,0,0,0,0,4,1,2,1,65,9,1294,1,21,10,1,10
2018070162876,2,9,0,4,0,1,0,0,0,0,3,1,2,2,36,7,1149,1,12,6,1,6
2018070162941,1,9,0,18,0,1,0,0,0,0,1,1,6,3,-1,-1,-1,-1,-1,-1,-1,-1
2018070162941,2,9,0,10,0,1,0,0,0,0,2,1,6,1,23,5,1995,2,6,9,3,9
2018070163422,1,9,0,17,0,0,0,10,1,11,1,1,6,1,33,6,1595,1,10,4,1,4
2018070163422,2,1,0,18,0,0,0,0,0,0,1,1,2,1,33,6,-1,-1,-1,3,1,3
2018070163811,1,9,0,2,0,0,0,2,0,0,3,1,6,1,45,7,1910,2,9,9,3,9
2018070163811,2,1,0,18,0,0,0,2,0,0,1,1,6,1,60,9,-1,-1,-1,8,3,8
2018070164004,1,9,0,18,0,1,0,0,0,0,4,1,6,2,26,6,1596,1,10,2,1,2
2018070164228,1,9,0,3,0,2,0,0,0,0,4,1,6,2,-1,-1,-1,-1,-1,-1,-1,-1
2018070164295,1,3,0,17,0,0,1,0,7,10,1,1,6,1,19,4,125,1,3,1,1,1
2018070164341,1,9,0,18,0,0,0,7,7,10,1,1,6,1,47,8,1995,2,10,4,1,4
2018070164341,2,9,0,18,0,0,0,0,0,0,3,1,6,2,29,6,1398,1,-1,5,1,5
2018070164942,1,9,0,18,0,1,0,0,0,0,1,1,6,2,48,8,-1,-1,-1,5,3,5
2018070164942,2,4,0,8,0,8,0,0,0,0,2,1,6,1,60,9,499,1,7,8,1,8
2018070165012,1,9,0,18,0,8,0,0,0,7,2,1,6,2,80,11,1598,1,-1,9,2,9
2018070165012,2,21,1,18,0,8,0,0,0,0,1,1,1,1,64,9,12777,2,1,7,3,7
2018070165027,1,9,0,18,0,1,0,0,0,0,1,1,1,1,51,8,999,1,2,2,1,2
2018070165027,2,90,0,9,0,1,0,0,0,0,1,1,6,1,71,10,2800,2,13,8,1,8
2018070165100,1,9,0,18,0,0,0,0,0,0,1,1,2,1,66,10,1198,1,10,2,1,2
2018070165100,2,9,0,4,0,0,0,0,0,0,2,1,6,1,69,10,1395,1,2,10,1,10
2018070165121,1,9,0,4,0,8,0,0,0,0,0,1,6,2,-1,-1,-1,-1,-1,-1,-1,-1
2018070165121,2,3,0,4,0,8,0,0,0,0,0,1,6,1,25,5,125,1,-1,9,1,9
2018070165135,1,9,0,18,0,1,0,0,0,0,1,1,6,1,58,9,2400,2,9,6,1,6
2018070165135,2,9,0,9,0,8,0,0,0,0,2,1,3,2,31,6,1560,2,5,7,1,7
2018070165331,1,9,0,18,0,1,0,0,0,0,1,1,6,1,60,9,2993,2,-1,10,3,10
2018070165331,2,9,0,18,0,1,0,0,0,0,3,1,2,2,28,6,1998,2,11,2,1,2
2018070165446,1,9,0,18,0,0,2,0,1,10,3,1,6,2,49,8,1560,2,13,2,1,2
2018070165446,2,9,0,4,0,0,0,0,0,0,3,1,6,1,54,8,1197,1,2,6,1,6
2018070165906,1,9,0,5,0,1,0,0,0,0,1,1,1,1,56,9,-1,-1,-1,-1,-1,-1
2018070165906,2,1,0,4,0,8,0,0,0,0,4,1,6,1,78,11,-1,-1,-1,-1,-1,-1
2018070166290,1,9,0,18,0,8,0,0,0,0,1,1,6,2,29,6,1968,2,5,6,2,6
2018070166290,2,9,0,9,0,8,0,0,0,0,3,1,6,2,22,5,1242,1,15,5,1,5
2018070166508,1,9,0,10,0,8,0,0,0,0,3,1,6,1,60,9,1590,1,-1,6,3,6
2018070166508,2,5,0,18,0,8,0,0,0,0,1,1,6,1,31,6,599,1,13,4,1,4
2018070166536,1,9,0,18,0,3,0,9,0,0,1,1,6,1,38,7,1318,1,-1,-1,-1,-1
2018070166536,2,9,0,18,0,3,0,9,0,0,3,1,6,2,28,6,1318,1,-1,5,1,5
2018070166678,1,9,0,7,0,2,0,0,0,0,1,1,6,1,24,5,2143,2,5,2,2,2
2018070166678,2,9,0,18,0,1,0,0,0,0,1,1,6,1,68,10,2000,2,8,7,3,7
2018070166956,1,9,0,18,0,2,0,4,0,0,1,1,1,1,57,9,1397,1,14,8,3,8
2018070166956,2,21,0,2,0,2,0,0,0,0,2,1,6,3,-1,-1,-1,-1,-1,-1,-1,-1
2018070167286,1,9,0,3,0,1,0,0,0,0,2,1,6,1,22,5,1388,1,14,4,1,4
2018070167286,2,9,0,4,0,1,0,0,0,0,1,1,6,1,-1,-1,1364,1,-1,1,1,1
2018070167382,1,9,0,9,0,6,0,0,0,0,4,1,6,1,-1,-1,-1,-1,-1,-1,-1,-1
2018070167451,1,9,0,9,0,5,0,0,0,0,1,1,6,2,61,9,2231,2,11,7,3,7
2018070167451,2,9,0,18,0,8,0,0,0,0,1,1,6,2,33,6,1206,1,9,-1,1,-1
2018070167624,1,9,0,18,0,0,0,0,0,0,1,2,1,2,26,6,1461,2,8,8,3,8
2018070167842,1,9,0,18,0,0,1,0,8,4,3,1,6,1,35,6,1590,1,25,9,3,9
2018070167842,2,9,0,18,0,0,0,0,0,0,3,1,1,1,49,8,2993,2,1,8,3,8
2018070167849,1,1,0,18,0,1,0,0,0,0,4,1,6,2,39,7,-1,-1,-1,8,1,8
2018070167849,2,9,0,9,0,1,0,0,0,0,3,1,6,1,50,8,1495,1,11,3,1,3
2018070167849,3,9,0,10,0,2,0,0,0,0,1,1,6,2,20,4,998,1,-1,3,1,3
2018070168048,1,3,0,17,0,0,0,10,0,0,1,1,6,1,38,7,124,1,20,1,1,1
2018070168051,1,9,0,18,0,4,0,0,0,0,1,1,6,2,83,11,1229,1,4,7,1,7
2018070168051,2,1,0,18,0,8,0,0,0,0,4,1,6,1,23,5,-1,-1,-1,8,1,8
2018070168301,1,1,0,18,0,0,0,10,1,0,1,1,2,1,35,6,-1,-1,-1,8,1,8
2018070168350,1,11,0,18,0,8,0,0,0,0,1,1,2,1,30,6,10308,2,5,7,1,7
2018070168350,2,19,0,10,0,8,0,0,0,0,3,1,2,1,45,7,2198,2,5,2,1,2
2018070168394,1,9,0,5,0,4,0,0,0,0,1,1,6,1,39,7,-1,3,-1,10,1,10
2018070168394,2,1,0,18,0,8,0,0,0,0,4,1,6,1,48,8,-1,-1,-1,8,1,8
2018070168462,1,11,0,18,0,1,0,0,0,0,4,1,1,1,68,10,2143,2,1,6,1,6
2018070168462,2,9,0,5,0,8,0,0,0,0,1,1,6,2,-1,-1,998,1,7,8,1,8
2018070168527,1,19,0,11,0,0,0,0,1,4,1,1,1,1,62,9,2198,2,2,4,1,4
2018070168725,1,9,0,12,0,7,0,0,0,0,2,1,1,2,37,7,1560,2,7,-1,1,-1
2018070168725,2,9,0,18,0,1,0,0,0,0,1,1,6,1,78,11,1598,1,5,4,3,4
2018070168858,1,19,0,7,0,8,0,0,0,0,1,1,1,1,46,8,2143,2,2,1,1,1
2018070168903,1,9,0,18,0,1,0,0,0,0,3,1,1,1,54,8,1998,8,-1,10,1,10
2018070169068,1,9,0,4,0,0,0,0,0,0,2,1,2,2,33,6,1198,1,2,10,2,10
2018070169068,2,9,0,4,0,0,0,0,0,0,1,1,2,2,29,6,1598,2,3,9,1,9
2018070169101,1,9,0,18,0,1,0,0,0,0,1,1,6,1,23,5,1596,1,10,2,1,2
2018070169112,1,9,0,9,0,0,0,0,0,0,1,1,6,3,-1,-1,-1,-1,-1,-1,-1,-1
2018070169130,1,9,0,18,0,2,0,0,0,0,3,1,6,1,44,7,1597,2,5,2,1,2
2018070169130,2,19,0,18,0,1,0,0,0,0,3,1,2,1,28,6,1598,2,2,2,1,2
2018070169460,1,5,0,18,0,1,2,10,8,3,1,1,6,1,28,6,599,1,16,3,1,3
2018070169918,1,1,0,18,0,2,1,0,0,0,0,1,6,1,46,8,-1,-1,-1,3,1,3
2018070169918,2,17,4,18,0,1,1,0,0,0,0,1,1,1,40,7,6788,2,2,8,3,8
2018070170078,1,9,0,13,0,1,0,0,0,0,0,1,6,3,40,7,1995,2,2,5,1,5
2018070170078,2,1,0,18,0,1,0,0,0,0,4,1,6,1,23,5,-1,-1,-1,2,1,2
2018070170123,1,9,0,4,0,0,0,0,0,0,1,1,6,1,73,10,2435,1,16,-1,3,-1
2018070170123,2,9,0,2,0,0,0,0,0,0,2,1,6,1,57,9,1997,2,3,7,1,7
2018070170239,1,9,0,4,0,8,0,2,0,0,1,1,6,1,75,10,998,1,17,1,1,1
2018070170239,2,9,0,18,0,8,0,2,0,0,2,1,6,1,35,6,1796,1,12,2,1,2
2018070170331,1,9,0,18,0,0,0,0,0,0,1,1,6,1,22,5,2720,2,12,9,1,9