Accident_Index,Vehicle_Reference,Vehicle_Type,Towing_and_Articulation,Vehicle_Manoeuvre,Vehicle_Location-Restricted_Lane,Junction_Location,Skidding_and_Overturning,Hit_Object_in_Carriageway,Vehicle_Leaving_Carriageway,Hit_Object_off_Carriageway,1st_Point_of_Impact,Was_Vehicle_Left_Hand_Drive?,Journey_Purpose_of_Driver,Sex_of_Driver,Age_of_Driver,Age_Band_of_Driver,Engine_Capacity_(CC),Propulsion_Code,Age_of_Vehicle,Driver_IMD_Decile,Driver_Home_Area_Type,Vehicle_IMD_Decile
2018070170331,2,9,0,4,0,0,0,0,0,0,2,1,6,1,49,8,1598,1,16,8,1,8
2018070170359,1,9,0,9,0,8,0,0,0,0,2,1,6,2,47,8,1242,1,14,4,1,4
2018070170359,2,9,0,10,0,4,5,0,1,1,3,1,6,2,39,7,1339,1,7,9,1,9
2018070170400,1,9,0,16,0,0,0,0,0,0,4,1,1,2,68,10,1560,2,4,2,1,2
2018070171226,1,9,0,5,0,6,0,0,0,0,4,1,6,1,52,8,1598,1,8,8,1,8
2018070171226,2,9,0,18,0,8,0,0,0,0,1,1,6,1,61,9,1397,1,9,10,1,10
2018070171258,1,9,0,5,0,8,0,0,0,0,1,1,6,1,-1,-1,-1,-1,-1,-1,-1,-1
2018070171258,2,1,0,18,0,8,0,0,0,0,4,1,6,1,79,11,-1,-1,-1,7,1,7
2018070171292,1,9,0,9,0,1,0,0,0,0,3,1,6,1,66,10,898,1,-1,4,1,4
2018070171292,2,9,0,18,0,1,0,0,0,0,1,1,6,1,18,4,1242,1,11,7,1,7
2018070171413,1,10,0,18,0,0,0,0,0,0,1,1,6,2,40,7,-1,-1,-1,7,1,7
2018070171493,1,5,0,16,0,0,0,0,0,0,1,1,6,1,36,7,750,1,4,-1,1,-1
2018070171493,2,9,0,17,0,0,0,0,0,0,1,1,6,1,20,4,1395,1,-1,10,1,10
2018070172266,1,9,0,18,0,0,0,0,7,10,1,1,1,1,64,9,1582,2,5,10,1,10
2018070172464,1,5,0,17,0,1,0,0,0,0,0,1,6,1,46,8,805,1,11,6,1,6
2018070172546,1,19,0,18,0,1,0,0,0,0,1,1,1,1,68,10,1753,2,12,3,1,3
2018070172546,2,1,0,18,0,1,0,0,0,0,1,1,4,1,12,3,-1,-1,-1,3,1,3
2018070172575,1,9,0,18,0,0,1,0,0,0,1,1,1,1,33,6,-1,-1,-1,1,1,1
2018070172575,2,9,0,4,0,0,0,0,0,0,2,1,1,1,21,5,1598,2,-1,5,1,5
2018070172575,3,9,0,4,0,0,0,0,0,0,2,1,1,1,51,8,1950,2,2,3,1,3
2018070172624,1,9,0,16,0,3,0,0,0,0,1,1,6,2,58,9,1388,1,9,9,1,9
2018070172636,1,19,0,18,0,0,0,0,0,0,1,1,2,1,43,7,-1,-1,-1,3,1,3
2018070172636,2,19,0,4,0,0,0,0,4,6,2,1,2,1,47,8,2198,2,3,2,1,2
2018070172808,1,9,0,5,0,4,0,0,0,0,1,1,3,2,27,6,1968,2,14,7,1,7
2018070172808,2,1,0,16,0,1,0,0,0,0,1,1,6,1,29,6,-1,-1,-1,1,1,1
2018070172823,1,9,0,18,0,0,0,0,0,0,1,1,6,2,50,8,2777,2,7,9,1,9
2018070172823,2,1,0,18,0,0,0,0,0,0,1,1,6,2,54,8,-1,-1,-1,10,1,10
2018070172862,1,9,0,4,0,1,0,0,0,0,1,1,6,2,30,6,1461,2,1,6,1,6
2018070172862,2,1,0,18,0,6,0,0,0,0,3,1,6,1,12,3,-1,-1,-1,6,1,6
2018070173012,1,4,0,18,0,8,2,0,0,0,4,1,6,1,63,9,599,1,19,8,1,8
2018070173012,2,9,0,5,0,4,0,0,0,0,0,1,6,3,-1,-1,-1,-1,-1,-1,-1,-1
2018070173031,1,1,0,7,0,1,0,0,0,0,1,1,6,1,37,7,-1,-1,-1,1,1,1
2018070173031,2,9,0,4,0,1,0,0,0,0,1,1,6,1,44,7,1686,2,13,3,1,3
2018070173235,1,21,0,18,0,0,0,0,0,0,1,1,1,1,33,6,9186,2,5,8,1,8
2018070173249,1,9,0,4,0,0,0,0,0,0,2,1,2,1,49,8,1598,2,3,4,1,4
2018070173249,2,9,0,4,0,0,0,0,0,0,1,1,2,2,25,5,1368,1,2,7,3,7
2018070173263,1,9,0,13,0,0,0,0,0,0,4,1,6,3,56,9,-1,-1,-1,10,1,10
2018070173263,2,1,0,18,0,0,0,0,0,0,3,1,2,1,35,6,-1,-1,-1,10,1,10
2018070173458,1,21,0,4,0,4,0,0,0,0,2,1,1,1,42,7,6870,2,6,3,1,3
2018070173458,2,9,0,18,0,4,1,4,0,0,1,1,6,2,57,9,1388,1,9,-1,-1,-1
2018070173653,1,9,0,18,0,0,5,0,7,11,1,1,6,2,50,8,1598,2,3,10,1,10
2018070174348,1,9,0,16,0,0,0,0,0,0,3,1,1,2,44,7,1329,1,7,1,1,1
2018070174348,2,9,0,17,0,0,5,0,0,0,3,1,1,2,55,8,2143,2,-1,10,1,10
2018070174588,1,21,1,11,0,8,0,0,0,0,1,1,1,1,32,6,10308,2,7,2,1,2
2018070174588,2,9,0,16,0,7,0,0,0,0,3,1,6,1,59,9,1956,2,6,2,1,2
2018070175201,1,9,0,18,0,0,0,0,0,0,3,1,6,2,60,9,1599,1,10,5,3,5
2018070175201,2,9,0,18,0,0,0,0,0,0,4,1,6,2,41,7,1560,2,4,1,1,1
2018070175201,3,9,0,18,0,0,0,0,0,0,2,1,6,1,42,7,1968,2,4,4,1,4
2018070175201,4,9,0,18,0,0,1,11,1,4,1,1,6,1,27,6,1329,1,5,8,1,8
2018070175202,1,9,0,18,0,8,0,0,0,0,2,1,6,1,64,9,-1,-1,-1,-1,3,-1
2018070175202,2,9,0,18,0,8,0,0,0,0,1,1,6,2,20,4,1590,1,13,9,1,9
2018070175384,1,9,0,18,0,3,0,0,0,0,3,1,1,1,35,6,-1,-1,-1,2,1,2
2018070175384,2,9,0,18,0,3,0,0,0,0,4,1,2,2,51,8,1998,2,15,4,1,4
2018070175548,1,9,0,18,0,0,1,0,7,3,3,1,1,1,59,9,1197,1,4,2,1,2
2018070175579,1,9,0,18,0,0,0,0,1,0,1,1,2,2,57,9,1598,2,3,4,1,4
2018070175579,2,90,0,18,0,0,0,0,0,4,1,1,1,1,56,9,2987,2,5,3,1,3
2018070175593,1,9,0,17,0,0,2,0,7,4,1,1,2,2,18,4,1242,1,11,9,3,9
2018070176098,1,8,0,18,0,8,0,0,0,0,3,1,6,3,-1,-1,-1,-1,-1,-1,-1,-1
2018070176098,2,1,0,18,0,8,0,0,0,2,3,1,1,1,43,7,-1,-1,-1,3,1,3
2018070176179,1,3,0,18,0,0,0,0,0,0,1,1,6,1,25,5,124,1,3,1,1,1
2018070176316,1,1,0,18,3,0,5,0,0,0,2,1,6,1,14,3,-1,-1,-1,1,1,1
2018070176316,2,11,0,18,3,0,0,0,0,0,1,1,1,1,50,8,4249,2,6,1,1,1
2018070177201,1,9,0,18,0,0,0,0,0,0,3,1,6,1,43,7,1560,2,5,4,1,4
2018070177201,2,98,0,18,0,0,0,0,0,0,4,1,6,3,-1,-1,-1,-1,-1,-1,-1,-1
2018070177265,1,9,0,18,0,1,0,0,1,1,1,1,6,2,68,10,1995,2,4,8,1,8
2018070177364,1,9,0,17,0,3,2,0,0,0,2,1,6,2,33,6,1598,1,5,6,1,6
2018070177364,2,9,0,17,0,3,0,0,0,0,1,1,6,1,49,8,1461,2,1,3,1,3
2018070177385,1,9,0,18,0,0,0,0,0,0,1,1,6,1,62,9,1598,1,10,2,1,2
2018070177491,1,9,0,18,0,1,0,0,0,0,1,1,2,1,58,9,1995,2,17,3,1,3
2018070177491,2,9,0,3,0,1,0,0,0,0,2,1,2,1,58,9,1968,2,4,10,1,10
2018070177491,3,9,0,9,0,5,0,0,0,0,2,1,6,1,35,6,1968,2,12,6,2,6
2018070178201,1,9,0,18,0,0,0,0,0,0,1,1,6,3,-1,-1,-1,-1,-1,-1,-1,-1
2018070178780,1,9,0,18,0,0,0,0,0,0,2,1,6,2,40,7,1200,1,1,5,3,5
2018070178780,2,9,0,18,0,0,1,0,0,0,1,1,6,1,28,6,-1,-1,-1,1,1,1
2018070178875,1,9,0,3,0,4,0,0,0,0,1,1,6,2,28,6,2993,2,13,9,1,9
2018070178875,2,9,0,16,0,4,0,0,0,0,2,1,6,1,35,6,1995,2,12,2,1,2
2018070178934,1,9,0,2,6,0,0,0,0,0,3,1,6,2,35,6,1498,1,11,7,2,7
2018070178934,2,1,0,18,0,0,0,0,0,0,1,1,6,2,56,9,-1,-1,-1,8,1,8
2018070179108,1,9,0,18,0,0,0,0,0,0,0,1,6,1,52,8,1596,1,14,1,1,1
2018070179561,1,5,0,18,0,1,0,0,0,0,1,1,6,1,58,9,748,1,14,3,1,3
2018070179561,2,9,0,3,0,1,0,0,0,0,2,1,6,1,47,8,1798,1,9,10,2,10
2018070179738,1,5,0,14,0,1,0,0,7,4,1,1,6,1,61,9,-1,-1,-1,-1,-1,-1
2018070179738,2,9,0,9,0,8,0,0,0,0,3,1,6,2,66,10,999,1,5,5,1,5
2018070179826,1,21,1,18,0,0,0,2,0,0,3,1,1,1,28,6,10518,2,10,-1,3,-1
2018070179826,2,9,0,18,0,0,0,2,0,0,4,1,6,2,64,9,1968,2,-1,9,1,9
2018070179835,1,9,0,18,0,1,0,0,0,0,1,1,6,1,20,4,1496,2,1,1,1,1
2018070179835,2,9,0,9,0,1,0,0,0,0,2,1,6,2,30,6,1598,2,3,2,1,2
2018070179950,1,9,0,3,0,0,0,0,0,0,0,1,6,1,66,10,2982,2,5,9,1,9
2018070179985,1,9,0,18,0,1,0,0,0,0,1,2,1,1,63,9,1598,2,6,2,1,2
2018070179985,2,9,0,9,0,1,0,0,0,0,1,2,6,1,31,6,998,1,9,2,1,2
2018070179989,1,9,0,18,0,0,5,10,1,2,4,1,6,1,33,6,2995,1,7,4,1,4
2018070180528,1,9,0,4,0,1,0,0,0,0,1,1,6,1,23,5,-1,-1,-1,5,3,5
2018070180528,2,9,0,3,0,1,0,0,0,0,2,1,6,2,73,10,1498,1,-1,6,1,6
2018070180528,3,9,0,10,0,1,0,0,0,0,0,1,6,1,32,6,3456,8,1,9,2,9
2018070181093,1,9,0,18,0,0,0,0,0,0,4,1,6,1,72,10,998,1,-1,4,1,4
2018070181113,1,9,0,18,0,2,0,0,0,0,1,1,6,2,19,4,1461,2,1,3,1,3
2018070181113,2,1,0,18,0,2,0,0,0,0,4,1,6,1,20,4,-1,-1,-1,1,1,1
2018070181378,1,11,0,4,0,1,0,0,0,0,0,1,1,1,42,7,3900,2,12,1,1,1
2018070181384,1,9,0,18,0,8,0,0,0,0,4,1,1,2,48,8,1596,1,2,9,1,9
2018070181673,1,9,0,18,0,8,0,0,0,0,1,1,6,1,77,11,1997,2,4,7,1,7
2018070181673,2,3,0,18,0,8,0,0,0,0,4,1,6,1,21,5,124,1,5,5,1,5
2018070181865,1,3,0,18,0,0,1,0,1,0,1,1,6,1,56,9,197,1,38,2,1,2
2018070182162,1,9,0,18,0,0,0,0,0,0,1,1,6,1,79,11,1999,1,9,8,1,8
2018070182162,2,9,0,18,0,0,0,0,0,0,1,1,6,2,45,7,1984,1,14,8,1,8
2018070182348,1,19,0,9,0,1,0,0,0,0,1,1,1,1,48,8,2287,2,2,7,1,7
2018070182348,2,1,0,9,0,1,0,0,0,0,2,1,6,1,57,9,-1,-1,-1,5,1,5
2018070182671,1,19,0,18,0,3,0,0,0,0,1,1,1,1,58,9,4500,2,1,7,1,7
2018070182671,2,1,0,18,0,8,0,0,0,0,1,1,4,1,14,3,-1,-1,-1,6,1,6
2018070183163,1,9,0,3,0,0,0,0,0,0,2,1,6,2,60,9,1582,2,10,7,1,7
2018070183163,2,1,0,4,0,0,0,0,0,0,1,1,6,1,56,9,-1,-1,-1,8,3,8
2018070183795,1,9,0,9,0,2,0,0,0,0,4,1,1,1,38,7,1086,1,15,1,1,1
2018070183795,2,9,0,18,0,1,0,10,0,2,3,1,6,1,27,6,2143,2,-1,2,1,2
2018070184051,1,9,0,16,0,1,0,0,0,0,1,1,6,1,34,6,1968,2,9,5,2,5
2018070184051,2,9,0,17,0,2,0,0,0,0,1,1,6,2,60,9,1998,1,20,7,3,7
2018070184190,1,9,0,11,0,0,0,2,0,0,1,1,1,1,41,7,1968,2,4,8,1,8
2018070184190,2,21,1,18,0,0,0,2,0,0,1,1,1,1,37,7,12740,2,7,7,1,7
2018070184375,1,1,0,18,0,0,0,0,0,0,0,1,6,1,52,8,-1,-1,-1,10,1,10
2018070184375,2,9,0,15,0,0,0,0,0,0,0,2,6,3,-1,-1,-1,-1,-1,-1,-1,-1
2018070184548,1,9,0,4,0,2,0,0,0,0,2,1,2,2,29,6,1595,1,4,9,2,9
2018070184548,2,9,0,4,0,2,0,0,0,0,2,1,6,2,72,10,1229,1,5,6,1,6
2018070184548,3,9,0,4,0,2,0,0,0,0,1,1,2,1,35,6,1364,1,13,8,1,8
2018070184548,4,9,0,18,0,1,0,0,0,0,3,1,2,2,27,6,1598,1,7,5,1,5
2018070184670,1,9,0,9,0,1,0,0,0,0,1,1,2,1,38,7,1364,1,3,5,1,5
2018070184670,2,1,0,9,0,1,0,0,0,0,2,1,6,1,67,10,-1,-1,-1,8,1,8
2018070184855,1,9,0,7,0,8,0,0,0,0,4,1,6,1,36,7,1997,2,14,5,1,5
2018070184855,2,1,0,18,9,8,0,0,0,0,1,1,6,1,30,6,-1,-1,-1,1,1,1
2018070185440,1,9,0,9,0,0,0,0,0,0,2,1,6,1,74,10,1242,1,3,3,1,3
2018070185440,2,9,0,18,0,0,0,0,0,0,1,1,1,1,25,5,1582,2,3,2,1,2
2018070185833,1,9,0,18,0,2,0,0,0,0,3,1,6,1,68,10,1995,2,2,10,1,10
2018070185941,1,9,0,18,0,4,0,0,1,9,1,1,2,2,27,6,1198,1,-1,10,1,10
2018070185941,2,9,0,18,0,3,0,0,0,0,2,1,2,1,46,8,1597,2,3,4,1,4
2018070185976,1,9,0,16,0,0,0,0,0,0,1,1,6,1,83,11,1329,1,4,9,1,9
2018070185976,2,9,0,17,0,0,5,10,0,0,1,1,6,2,59,9,998,1,-1,3,1,3
2018070185976,3,19,0,17,0,0,0,0,0,0,1,1,1,1,52,8,1461,2,12,5,1,5
2018070186141,1,9,0,17,0,1,1,6,7,11,4,1,6,1,50,8,2500,6,20,3,1,3
2018070186141,2,9,0,17,0,1,0,0,0,0,0,1,6,1,34,6,2199,2,9,2,1,2
2018070186353,1,9,0,18,0,8,2,4,0,0,1,1,6,1,28,6,2398,1,19,2,1,2
2018070186353,2,9,0,2,0,8,0,4,0,0,2,1,6,1,-1,-1,1368,1,8,2,1,2
2018070186353,3,9,0,2,0,8,0,4,0,0,2,1,6,2,23,5,1197,1,4,2,1,2
2018070186353,4,9,0,2,0,8,0,4,0,0,2,1,6,2,35,6,2231,2,12,1,1,1
2018070186353,5,9,0,2,0,8,0,0,0,0,2,1,6,2,-1,-1,1360,1,8,1,1,1
2018070186466,1,9,0,7,0,6,2,10,3,2,1,1,6,1,21,5,1390,1,10,10,3,10
2018070186466,2,9,0,7,0,6,0,0,0,0,0,1,1,1,25,5,1582,2,5,3,1,3
2018070186555,1,9,0,13,0,0,0,0,0,0,3,1,2,1,50,8,1798,1,3,3,1,3
2018070186555,2,9,0,4,0,0,0,0,0,0,4,1,2,1,-1,-1,1200,1,2,8,2,8
2018070186555,3,9,0,18,0,0,1,0,2,10,3,1,2,1,42,7,1910,2,10,5,1,5
2018070186555,4,9,0,18,0,0,1,0,2,10,3,1,6,2,31,6,1999,1,11,10,1,10
2018070186611,1,9,0,1,7,0,0,0,0,0,2,1,6,2,22,5,1200,1,3,3,1,3
2018070186689,1,9,0,18,9,0,0,0,1,10,1,2,6,1,80,11,1560,2,8,10,1,10
2018070187038,1,3,0,7,0,1,0,0,0,0,3,1,6,2,26,6,125,1,5,3,1,3
2018070187038,2,9,0,7,0,1,0,0,0,0,2,1,6,1,43,7,1995,2,1,5,1,5
2018070187112,1,3,0,18,0,8,0,0,0,0,4,1,1,1,23,5,124,1,6,1,1,1
2018070187112,2,9,0,5,0,4,0,0,0,0,1,1,1,1,69,10,1995,2,1,-1,1,-1
2018070187175,1,3,0,16,0,0,2,0,0,0,0,1,6,1,66,10,125,1,9,7,3,7
2018070187760,1,9,0,4,0,0,0,2,0,0,2,1,6,2,64,9,1493,2,10,7,1,7
2018070187760,2,21,1,18,0,0,0,2,0,0,1,1,1,1,53,8,12777,2,5,-1,1,-1
2018070187805,1,9,0,15,0,0,0,0,0,0,4,1,6,1,18,4,-1,-1,-1,-1,-1,-1
2018070187805,2,1,0,18,0,0,0,0,1,0,2,1,6,1,48,8,-1,-1,-1,4,1,4
2018070187805,3,1,0,18,0,0,0,0,1,0,2,1,6,1,43,7,-1,-1,-1,-1,-1,-1
2018070187818,1,9,0,18,0,3,0,0,0,0,1,1,6,1,-1,-1,-1,-1,-1,-1,-1,-1
2018070187818,2,1,0,18,0,3,0,0,0,0,2,1,6,2,45,7,-1,-1,-1,2,1,2
2018070187927,1,9,0,7,0,1,0,0,0,0,2,1,6,3,-1,-1,-1,-1,-1,-1,-1,-1
2018070187927,2,5,0,18,0,1,0,0,0,0,4,1,6,1,64,9,1600,1,5,6,1,6
2018070187989,1,9,0,10,0,8,0,0,0,0,1,1,6,2,80,11,1242,1,16,5,1,5
2018070187989,2,9,0,18,0,8,0,0,0,0,1,1,6,1,39,7,1685,2,6,8,1,8
2018070188135,1,9,0,9,0,5,0,0,0,0,1,1,6,1,33,6,1997,2,8,1,1,1
2018070188135,2,1,0,18,0,1,0,0,0,0,3,1,6,1,53,8,-1,-1,-1,8,1,8
2018070188166,1,9,0,7,0,1,0,0,0,0,3,1,6,1,78,11,1598,1,9,9,2,9
2018070188166,2,1,0,18,0,1,0,0,0,0,4,1,2,1,21,5,-1,-1,-1,3,1,3
2018070188455,1,9,0,18,0,0,0,0,0,0,1,1,6,2,-1,-1,-1,-1,-1,-1,-1,-1
2018070188792,1,9,0,18,0,0,0,0,2,2,1,1,2,1,51,8,2179,2,4,5,1,5
2018070188911,1,4,0,13,0,0,0,0,0,0,4,1,6,1,55,8,599,1,14,3,1,3
2018070188911,2,9,0,4,0,0,0,0,0,0,4,1,6,1,52,8,-1,-1,-1,-1,-1,-1
2018070188968,1,9,0,5,0,4,0,9,0,0,3,1,6,1,26,6,1598,1,11,1,1,1
2018070188968,2,1,0,18,0,8,0,9,0,0,1,1,6,1,70,10,-1,-1,-1,6,1,6
2018070189184,1,1,0,18,0,0,0,0,0,0,2,1,1,1,38,7,-1,-1,-1,10,1,10
2018070189184,2,9,0,15,0,0,0,0,0,0,4,1,1,1,57,9,1596,1,7,8,1,8
2018070189672,1,9,0,17,4,0,1,10,6,2,1,1,6,1,18,4,998,1,2,8,1,8
2018070189674,1,9,0,4,0,0,0,0,0,0,0,1,6,2,68,10,-1,-1,-1,6,1,6
2018070189674,2,5,0,4,0,0,0,0,0,0,0,1,1,1,26,6,998,1,6,4,1,4
2018070190020,1,1,0,18,0,8,5,0,0,0,3,1,1,1,53,8,-1,-1,-1,6,1,6
2018070190020,2,9,0,18,0,8,0,0,0,0,1,1,1,1,27,6,1896,2,15,9,1,9
2018070190059,1,9,0,18,0,6,0,0,0,0,3,1,3,2,75,10,1242,1,6,8,1,8
2018070190059,2,21,0,2,0,1,0,0,0,0,0,1,1,1,48,8,-1,-1,-1,8,1,8
2018070190250,1,9,0,18,0,0,0,4,0,0,3,1,6,1,92,11,1242,1,2,8,1,8
2018070190518,1,9,0,4,0,8,0,0,0,0,4,1,6,1,23,5,998,1,5,8,1,8
2018070190518,2,1,0,4,0,8,0,0,0,0,3,1,6,1,19,4,-1,-1,-1,-1,3,-1
2018070191056,1,1,0,18,0,0,0,0,0,0,3,1,6,1,26,6,-1,-1,-1,8,1,8
2018070191056,2,19,0,13,0,0,0,0,0,0,4,1,6,3,-1,-1,-1,-1,-1,-1,-1,-1
2018070191297,1,9,0,3,0,0,0,0,0,0,2,1,2,2,49,8,998,1,5,6,1,6
2018070191297,2,9,0,3,0,0,0,0,0,0,1,1,2,1,23,5,1229,1,9,9,1,9
2018070191331,1,9,0,12,6,2,0,0,0,0,1,1,1,2,35,6,2179,2,5,5,1,5
2018070191331,2,1,0,5,9,2,0,0,0,0,1,1,4,2,13,3,-1,-1,-1,3,1,3
2018070191338,1,9,0,4,0,1,0,0,0,0,1,1,6,2,47,8,1598,2,3,3,1,3
2018070191338,2,9,0,3,0,1,0,0,0,0,2,1,6,2,41,7,999,1,4,10,1,10
2018070191364,1,19,5,7,0,2,0,0,0,0,4,1,6,3,53,8,2874,2,21,9,1,9
2018070191364,2,1,0,9,0,2,0,0,0,0,3,1,6,1,-1,-1,-1,-1,-1,6,1,6
2018070191563,1,19,0,18,0,0,5,10,1,11,1,1,1,1,47,8,1298,1,12,8,2,8
2018070191563,2,8,0,18,0,0,0,0,0,0,0,1,6,3,-1,-1,-1,-1,-1,-1,-1,-1
2018070191663,1,4,0,18,0,0,1,0,0,0,0,1,2,1,30,6,124,1,1,2,1,2
2018070191686,1,19,0,5,0,1,0,0,0,0,1,1,1,1,25,5,1399,2,8,1,1,1
2018070191686,2,9,0,3,0,1,0,0,0,0,2,1,1,1,46,8,1997,2,1,2,1,2
2018070191808,1,9,0,9,0,6,0,0,0,0,3,1,6,2,77,11,1395,1,-1,9,1,9
2018070191808,2,9,0,18,0,1,0,0,0,0,1,1,6,2,39,7,1900,2,19,9,3,9
2018070191884,1,9,0,7,0,6,0,0,0,0,1,1,6,2,-1,-1,-1,-1,-1,-1,-1,-1
2018070191884,2,1,0,18,0,8,0,0,0,0,4,1,2,1,28,6,-1,-1,-1,5,1,5
2018070191891,1,9,0,17,0,0,0,0,0,0,3,1,6,1,77,11,1200,1,1,1,1,1
2018070191891,2,9,0,16,0,0,0,0,0,7,4,1,6,2,79,11,1248,1,9,7,3,7
2018070191915,1,9,0,18,0,8,0,0,0,0,1,1,6,2,46,8,1461,2,4,3,1,3
2018070191915,2,9,0,9,0,1,0,0,0,0,2,1,6,2,39,7,1596,1,11,1,1,1
2018070191924,1,9,0,3,0,0,0,2,0,0,0,2,6,2,53,8,1598,1,11,6,1,6
2018070192138,1,9,0,18,0,0,0,0,0,0,3,1,6,2,45,7,1590,1,17,3,2,3
2018070192138,2,1,0,18,0,0,0,0,0,0,1,1,2,2,26,6,-1,-1,-1,3,1,3
2018070192171,1,9,0,9,0,8,0,9,0,0,3,1,2,1,31,6,988,1,-1,9,1,9
2018070192171,2,9,0,9,0,8,0,9,0,0,3,1,6,1,30,6,1997,2,6,8,1,8
2018070192224,1,9,0,18,0,1,0,0,0,0,1,1,6,1,24,5,1598,2,7,4,1,4
2018070192224,2,9,0,3,0,1,0,0,0,0,2,1,6,2,32,6,1798,1,11,3,1,3
2018070192264,1,9,0,7,0,1,0,0,0,0,1,1,6,2,73,10,2143,2,3,10,3,10
2018070192264,2,1,0,18,0,1,0,0,0,0,3,1,6,1,35,6,-1,-1,-1,10,1,10
2018070192893,1,9,0,18,0,4,0,0,0,0,0,1,6,1,68,10,1368,1,10,9,2,9
2018070192968,1,9,0,4,0,1,0,0,0,0,1,1,2,1,28,6,1368,1,6,5,3,5
2018070192968,2,9,0,4,0,1,0,0,0,0,2,1,6,2,45,7,998,1,2,9,1,9
2018070193058,1,9,0,18,0,0,0,0,0,0,3,1,6,1,84,11,1198,1,4,9,2,9
2018070193058,2,19,0,18,0,0,1,0,1,0,3,1,1,1,36,7,1598,2,3,10,1,10
2018070193960,1,9,0,18,0,0,0,0,0,0,1,1,6,2,26,6,1598,1,6,6,1,6
2018070193960,2,21,1,18,0,0,0,0,0,0,2,1,1,1,64,9,10837,2,1,6,3,6
2018070194176,1,9,0,18,0,8,0,0,0,0,1,1,1,2,34,6,1242,1,9,9,1,9
2018070194176,2,9,0,3,0,8,0,0,0,0,2,1,1,2,26,6,1395,1,2,9,1,9
2018070194176,3,9,0,18,0,8,0,0,0,0,1,1,1,2,46,8,1398,1,4,3,1,3
2018070194291,1,9,0,18,0,1,0,0,0,0,1,1,6,3,-1,-1,-1,-1,-1,-1,-1,-1
2018070194291,2,1,0,18,0,8,5,0,0,0,2,1,2,1,20,4,-1,-1,-1,1,1,1
2018070194500,1,9,0,12,0,0,1,0,8,6,1,1,6,2,48,8,1598,1,11,8,1,8
2018070194568,1,5,0,16,0,1,0,0,0,0,1,1,2,1,31,6,998,1,12,2,1,2
2018070194568,2,21,1,9,0,8,0,0,0,0,2,1,1,1,55,8,12902,2,5,8,1,8
2018070194577,1,9,0,10,0,1,0,0,0,0,2,1,2,1,22,5,1368,1,3,8,1,8
2018070194577,2,9,0,3,0,1,0,0,0,0,2,1,2,1,29,6,2184,2,15,2,1,2
2018070194577,3,9,0,3,0,1,0,0,0,0,2,1,2,2,44,7,1299,1,14,4,2,4
2018070194577,4,9,0,3,0,1,0,0,0,0,2,1,2,2,38,7,1229,1,4,6,2,6
2018070194577,5,90,0,17,0,1,0,0,0,0,1,1,6,1,76,11,2198,2,9,8,1,8
2018070194748,1,9,0,18,0,0,0,0,0,0,1,1,6,1,62,9,1560,2,2,1,1,1
2018070194748,2,21,0,4,0,0,0,0,0,0,2,1,1,1,48,8,12419,2,1,1,1,1
2018070194879,1,9,0,14,0,0,0,0,0,0,1,1,6,2,38,7,2184,2,15,-1,1,-1
2018070194879,2,9,0,4,0,0,0,0,0,0,2,1,6,2,26,6,1349,1,9,4,1,4
2018070194879,3,21,0,2,0,0,0,0,0,0,0,1,1,1,28,6,12900,2,6,10,1,10
2018070194954,1,9,0,17,0,0,0,10,1,11,1,1,2,2,40,7,1598,1,11,10,1,10
2018070195647,1,9,0,18,0,0,0,0,0,0,1,1,6,1,-1,-1,-1,-1,-1,-1,-1,-1
2018070195647,2,1,0,18,0,0,0,0,0,0,4,1,6,1,54,8,-1,-1,-1,8,1,8
2018070195771,1,19,0,1,0,8,0,2,0,0,2,1,6,1,-1,-1,2198,2,11,-1,-1,-1
2018070195771,2,9,0,18,0,8,0,2,0,0,1,1,6,2,33,6,1598,1,8,1,1,1
2018070195854,1,5,0,17,0,0,0,0,0,0,3,1,6,1,46,8,781,1,18,10,1,10
2018070195854,2,9,0,16,0,0,0,0,1,0,3,1,6,1,36,7,1598,1,8,8,1,8
2018070195925,1,9,0,17,0,8,0,0,0,0,1,1,6,2,39,7,1242,1,4,4,1,4
2018070195925,2,9,0,17,0,8,0,0,0,0,2,1,6,2,33,6,1198,1,7,2,1,2
2018070196039,1,9,0,13,0,0,0,0,0,0,1,1,6,2,17,4,1599,1,14,8,1,8
2018070196039,2,1,0,13,0,0,0,0,0,0,1,1,6,1,14,3,-1,-1,-1,5,3,5
2018070196148,1,9,0,4,0,1,0,0,0,0,3,1,6,2,69,10,1396,1,14,1,1,1
2018070196148,2,1,0,18,0,1,0,0,0,0,4,1,6,1,14,3,-1,-1,-1,2,1,2
2018070196783,1,9,0,17,0,0,1,0,0,4,1,1,6,2,23,5,1198,1,14,4,1,4
2018070197332,1,9,0,18,0,0,1,0,0,0,4,1,6,2,40,7,1461,2,4,1,1,1
2018070197332,2,21,1,18,0,0,0,0,0,0,3,1,1,1,29,6,12809,2,6,5,1,5
2018070197332,3,9,0,18,0,0,0,0,0,0,1,1,6,1,21,5,1364,1,11,1,1,1
2018070197620,1,3,0,18,0,2,0,10,1,0,1,1,6,1,33,6,125,1,2,8,1,8