Accident_Index,Vehicle_Reference,Vehicle_Type,Towing_and_Articulation,Vehicle_Manoeuvre,Vehicle_Location-Restricted_Lane,Junction_Location,Skidding_and_Overturning,Hit_Object_in_Carriageway,Vehicle_Leaving_Carriageway,Hit_Object_off_Carriageway,1st_Point_of_Impact,Was_Vehicle_Left_Hand_Drive?,Journey_Purpose_of_Driver,Sex_of_Driver,Age_of_Driver,Age_Band_of_Driver,Engine_Capacity_(CC),Propulsion_Code,Age_of_Vehicle,Driver_IMD_Decile,Driver_Home_Area_Type,Vehicle_IMD_Decile
2018070197908,1,9,0,14,0,0,0,4,0,0,1,1,6,1,28,6,1998,2,13,8,1,8
2018070197908,2,9,0,2,0,0,0,0,0,0,2,1,6,3,-1,-1,1560,2,8,-1,-1,-1
2018070197908,3,9,0,14,0,0,0,0,0,0,3,1,3,1,39,7,1461,2,8,2,1,2
2018070197914,1,21,1,12,0,0,0,0,0,0,3,2,1,1,46,8,-1,-1,-1,-1,-1,-1
2018070197914,2,9,0,18,0,0,0,0,4,7,4,1,6,2,53,8,1995,2,7,9,1,9
2018070198084,1,9,0,3,0,1,0,0,0,0,1,1,6,1,-1,-1,1968,2,8,-1,-1,-1
2018070198084,2,9,0,3,0,1,0,0,0,0,2,1,6,2,56,9,1560,2,5,2,1,2
2018070198085,1,9,0,9,0,8,0,0,0,0,4,1,6,1,28,6,2143,2,2,8,1,8
2018070198121,1,19,0,12,0,0,0,0,0,0,3,1,6,3,-1,-1,-1,-1,-1,-1,-1,-1
2018070198121,2,9,0,18,0,0,0,0,7,0,4,1,1,1,32,6,2199,2,6,1,1,1
2018070198249,1,9,0,18,0,0,0,0,0,0,3,1,6,2,44,7,-1,-1,-1,8,3,8
2018070198249,2,9,0,18,0,0,0,0,0,0,3,1,6,1,26,6,1499,1,4,7,3,7
2018070198322,1,9,0,3,0,1,0,0,0,0,2,1,1,1,32,6,2993,2,5,9,1,9
2018070198322,2,9,0,18,0,1,0,0,0,0,1,1,2,1,37,7,1397,1,10,2,1,2
2018070198445,1,5,0,18,0,8,0,0,0,0,1,1,1,1,28,6,599,1,19,4,1,4
2018070198445,2,9,0,9,0,6,0,0,0,0,1,1,1,1,27,6,2143,2,3,10,1,10
2018070198567,1,9,0,18,0,2,0,0,0,0,0,1,2,2,50,8,1461,2,6,7,1,7
2018070198567,2,16,0,18,0,2,0,0,0,0,0,1,6,2,52,8,-1,-1,-1,8,1,8
2018070199177,1,3,0,17,0,0,0,0,1,11,1,1,1,1,40,7,125,1,1,2,1,2
2018070199222,1,9,0,18,0,1,0,0,0,0,1,1,6,1,-1,-1,1368,1,12,-1,-1,-1
2018070199222,2,9,0,9,0,8,0,0,0,0,2,1,6,1,31,6,1582,2,9,6,-1,6
2018070199293,1,9,0,18,0,3,0,0,0,0,4,1,6,2,52,8,1299,1,11,4,1,4
2018070199293,2,9,0,16,0,4,0,0,0,0,1,1,6,1,67,10,1796,1,4,8,1,8
2018070199397,1,9,0,18,0,3,0,0,0,0,1,1,6,2,35,6,1596,1,12,10,1,10
2018070199397,2,9,0,3,0,3,0,0,0,0,2,1,6,1,68,10,1396,1,7,7,1,7
2018070199584,1,19,0,16,0,8,0,0,0,0,3,1,1,1,30,6,2143,2,7,3,1,3
2018070199584,2,19,0,17,0,8,0,0,0,0,3,1,1,1,30,6,1968,2,1,9,2,9
2018070199673,1,9,0,6,8,0,0,0,0,0,3,1,6,1,21,5,998,1,9,2,1,2
2018070199673,2,20,1,18,0,0,0,0,0,0,1,1,1,1,-1,-1,-1,-1,-1,-1,-1,-1
2018070199680,1,5,0,7,0,8,0,0,0,0,1,1,6,1,56,9,1064,1,21,-1,2,-1
2018070199680,2,9,0,18,0,8,0,0,0,0,3,1,6,2,39,7,1598,2,2,8,3,8
2018070199720,1,9,0,9,0,5,0,0,0,0,2,1,6,2,50,8,1984,1,3,9,1,9
2018070199720,2,3,0,18,0,1,1,0,0,0,1,1,6,1,20,4,124,1,16,2,1,2
2018070199788,1,9,0,4,0,0,0,0,0,0,1,1,2,2,55,8,1390,1,8,9,1,9
2018070199788,2,9,0,18,0,0,0,0,0,0,2,1,2,2,40,7,1560,2,4,9,1,9
2018070199843,1,9,0,18,0,0,0,2,0,0,1,1,6,1,41,7,1499,1,-1,3,1,3
2018070199843,2,9,0,4,0,0,0,2,0,0,2,1,6,2,30,6,1242,1,11,5,1,5
2018070199843,3,9,0,4,0,0,0,2,0,0,2,1,6,1,47,8,1998,2,13,1,1,1
2018070199909,1,5,0,12,0,0,2,0,0,0,3,1,2,1,25,5,680,1,9,1,1,1
2018070199993,1,9,0,18,0,2,0,0,0,0,4,1,6,2,64,9,1248,2,11,2,1,2
2018070199993,2,1,0,18,0,5,0,0,0,0,3,1,6,1,5,1,-1,-1,-1,2,1,2
2018070200011,1,19,0,18,0,0,0,0,0,0,2,1,1,1,-1,-1,1560,2,4,-1,-1,-1
2018070200011,2,5,0,18,0,0,0,0,1,0,1,1,6,1,36,7,599,1,19,1,1,1
2018070200313,1,9,0,18,0,8,0,0,0,0,1,1,6,2,85,11,2143,2,2,5,3,5
2018070200313,2,1,0,18,0,8,0,0,0,0,1,1,6,1,44,7,-1,-1,-1,1,1,1
2018070200617,1,9,0,18,0,1,0,0,0,0,1,1,1,1,24,5,1560,2,12,3,1,3
2018070200617,2,9,0,9,0,1,0,0,0,0,1,1,1,2,54,8,1198,1,5,7,3,7
2018070200628,1,19,0,18,0,0,0,2,0,0,1,1,1,1,59,9,2287,2,4,9,1,9
2018070200628,2,9,0,18,0,0,0,2,0,0,2,1,1,1,54,8,1968,2,3,9,1,9
2018070200628,3,21,0,18,0,0,0,2,0,0,2,1,1,1,56,9,5132,2,-1,9,1,9
2018070200641,1,9,0,18,0,8,0,0,0,0,1,1,6,2,24,5,2143,2,2,8,1,8
2018070200676,1,9,0,18,0,0,1,4,0,0,1,1,1,2,32,6,1461,2,7,-1,1,-1
2018070200676,2,9,0,3,0,0,1,4,0,0,1,1,1,2,29,6,1956,2,4,-1,1,-1
2018070200676,3,9,0,3,0,0,0,0,0,0,0,1,1,2,44,7,2179,2,4,-1,3,-1
2018070200679,1,9,0,9,0,6,0,0,0,0,3,1,1,2,39,7,1995,2,13,5,3,5
2018070200679,2,9,0,18,0,8,0,0,0,0,3,1,3,1,48,8,2993,2,1,9,1,9
2018070201191,1,3,0,13,0,0,0,4,1,0,1,1,2,1,22,5,124,1,1,1,1,1
2018070201191,2,9,0,2,0,0,0,0,0,0,2,1,2,2,57,9,1995,2,1,9,1,9
2018070201449,1,9,0,4,0,7,0,10,3,0,1,1,6,2,64,9,998,1,1,10,2,10
2018070201449,2,9,0,7,0,5,0,7,0,7,3,1,1,2,32,6,1598,2,-1,-1,-1,-1
2018070201470,1,9,0,4,0,1,0,0,0,0,1,1,6,1,55,8,1499,2,2,8,1,8
2018070201470,2,9,0,3,0,1,0,0,0,0,2,1,6,1,65,9,1591,1,3,3,1,3
2018070201517,1,9,0,4,0,1,0,0,0,0,1,1,6,1,23,5,1995,2,6,9,3,9
2018070201517,2,9,0,3,0,1,0,0,0,0,2,1,6,2,40,7,1798,1,8,5,1,5
2018070201648,1,9,0,18,0,1,0,0,0,0,1,1,6,1,-1,-1,-1,-1,-1,-1,-1,-1
2018070201648,2,1,0,3,0,6,0,0,0,0,1,1,6,2,20,4,-1,-1,-1,-1,-1,-1
2018070202033,1,5,0,16,0,0,0,0,7,0,1,1,1,1,26,6,636,1,2,1,1,1
2018070202033,2,9,0,18,0,0,0,0,0,0,1,2,6,1,52,8,1753,2,12,2,1,2
2018070202094,1,9,0,9,0,1,0,0,0,0,3,1,2,1,-1,-1,2993,2,5,10,1,10
2018070202094,2,1,0,18,0,1,0,0,0,0,1,1,6,2,53,8,-1,-1,-1,6,1,6
2018070202180,1,9,0,9,0,8,0,0,0,0,1,1,6,2,67,10,1596,1,14,6,2,6
2018070202180,2,9,0,18,0,1,0,0,0,0,1,1,6,1,45,7,2268,2,2,3,1,3
2018070202385,1,5,0,16,0,8,1,0,7,11,1,1,6,1,25,5,600,1,21,5,1,5
2018070202481,1,9,0,5,0,6,0,0,0,0,1,1,6,2,71,10,1461,2,3,9,2,9
2018070202481,2,21,1,18,0,8,0,0,0,0,4,1,1,1,27,6,10837,2,4,5,1,5
2018070202810,1,1,0,18,0,8,0,0,0,0,1,1,6,1,16,4,-1,-1,-1,2,1,2
2018070202810,2,19,0,18,0,8,0,0,0,0,3,1,1,1,52,8,-1,-1,-1,10,1,10
2018070203139,1,19,0,18,0,1,0,0,0,0,1,1,6,1,36,7,1995,2,9,-1,1,-1
2018070203139,2,9,0,18,0,1,0,0,0,0,4,1,6,1,29,6,1496,1,3,1,1,1
2018070203166,1,9,0,4,0,0,0,0,0,11,1,1,6,1,23,5,1998,1,9,9,1,9
2018070203313,1,9,0,5,0,2,0,0,0,0,1,1,2,1,36,7,1596,1,11,6,2,6
2018070203313,2,19,0,18,0,1,0,0,0,0,1,1,2,1,25,5,-1,-1,-1,10,1,10
2018070203366,1,9,0,13,0,0,0,0,1,10,4,1,6,2,20,4,-1,-1,-1,8,3,8
2018070203366,2,9,0,13,0,0,0,0,0,0,3,1,6,2,29,6,998,1,-1,5,1,5
2018070203366,3,17,0,18,0,0,0,0,0,0,3,1,1,1,27,6,6728,2,8,4,1,4
2018070203380,1,21,0,18,0,1,0,0,0,0,1,1,1,1,29,6,12740,2,6,-1,1,-1
2018070203380,2,9,0,10,0,1,0,0,0,0,2,1,1,2,33,6,1968,2,4,4,1,4
2018070203380,3,9,0,18,0,1,0,0,0,0,1,1,1,1,24,5,1598,1,9,2,1,2
2018070203698,1,1,0,9,0,0,0,0,0,0,1,1,6,1,21,5,-1,-1,-1,1,1,1
2018070203698,2,9,0,18,0,0,0,0,0,0,3,1,6,1,35,6,1870,2,11,1,1,1
2018070203942,1,9,0,7,0,5,0,0,0,0,4,1,6,2,71,10,1242,1,1,8,1,8
2018070203942,2,1,0,18,4,1,0,0,1,0,1,1,2,1,39,7,-1,-1,-1,6,1,6
2018070204039,1,9,0,9,0,2,0,0,0,0,1,1,6,1,23,5,1598,2,1,-1,1,-1
2018070204039,2,5,0,18,0,1,0,0,0,0,4,1,6,1,56,9,999,1,3,1,1,1
2018070204254,1,9,0,5,9,0,0,0,0,0,1,1,6,1,55,8,1598,1,5,6,3,6
2018070204254,2,1,0,18,9,0,0,0,0,0,3,1,6,1,7,2,-1,-1,-1,6,3,6
2018070204500,1,5,0,18,0,5,0,0,3,0,1,1,6,3,-1,-1,-1,-1,-1,-1,-1,-1
2018070204548,1,9,0,18,0,0,5,0,0,4,4,1,6,1,20,4,1199,1,14,7,1,7
2018070205072,1,9,0,7,0,6,0,0,0,0,3,1,6,1,20,4,1198,1,7,8,3,8
2018070205072,2,3,0,9,0,5,0,0,0,0,3,1,6,1,21,5,-1,-1,-1,8,3,8
2018070205210,1,9,0,18,0,0,0,0,1,0,1,1,6,3,-1,-1,-1,-1,-1,-1,-1,-1
2018070205234,1,9,0,18,0,8,0,0,0,0,1,1,6,1,18,4,1229,1,6,9,1,9
2018070205234,2,9,0,9,0,6,0,0,0,0,4,1,6,2,20,4,998,1,2,9,1,9
2018070206145,1,9,0,18,0,8,0,0,0,0,1,1,6,2,52,8,1200,1,3,10,1,10
2018070206145,2,1,0,9,0,8,0,0,0,0,3,1,6,1,46,8,-1,-1,-1,8,1,8
2018070206188,1,9,0,3,0,0,0,0,0,0,2,1,6,1,30,6,1968,2,6,3,1,3
2018070206188,2,9,0,4,0,0,0,0,0,0,1,1,6,1,35,6,1995,2,6,2,1,2
2018070206223,1,9,0,4,0,0,0,2,0,0,1,1,6,2,42,7,1598,1,4,5,1,5
2018070206223,2,9,0,18,0,0,0,2,0,0,2,1,6,2,35,6,1968,2,5,2,1,2
2018070206223,3,19,0,18,0,0,0,2,0,0,1,1,6,1,28,6,1461,2,15,3,1,3
2018070206238,1,9,0,6,0,0,0,0,0,0,2,1,6,1,75,10,1242,1,4,9,1,9
2018070206238,2,5,0,18,0,0,0,0,0,0,1,1,6,1,39,7,1170,1,2,8,3,8
2018070206327,1,19,0,18,0,8,1,0,0,0,1,1,6,1,57,9,1870,2,15,2,1,2
2018070206327,2,1,0,18,0,6,0,0,0,0,4,1,6,2,47,8,-1,-1,-1,2,1,2
2018070206443,1,9,0,4,0,0,0,0,0,0,2,1,6,1,44,7,1589,1,19,4,1,4
2018070206443,2,9,0,4,0,0,0,0,0,0,1,1,6,2,26,6,1499,2,2,-1,1,-1
2018070206443,3,9,0,4,0,0,0,0,0,0,1,1,6,1,60,9,1896,2,14,2,1,2
2018070206701,1,9,0,16,0,1,5,0,7,11,3,1,6,1,77,11,1248,1,5,9,2,9
2018070206812,1,9,0,9,0,1,0,0,0,0,4,1,6,1,-1,-1,2993,2,11,-1,-1,-1
2018070207307,1,9,0,4,0,0,0,0,0,0,2,1,6,1,55,8,2967,2,2,9,1,9
2018070207307,2,21,1,4,0,0,0,0,0,0,1,1,1,1,52,8,12902,2,5,-1,-1,-1
2018070207474,1,9,0,18,0,2,0,0,0,0,4,1,6,3,-1,-1,-1,-1,-1,-1,-1,-1
2018070207474,2,5,0,18,0,2,0,0,0,0,3,1,6,1,60,9,942,1,5,2,1,2
2018070207913,1,9,0,16,0,0,0,0,0,0,1,1,6,1,82,11,1149,1,11,6,1,6
2018070207913,2,9,0,17,0,0,0,0,0,0,3,1,6,1,53,8,2497,2,12,-1,1,-1
2018070207913,3,21,1,17,0,0,0,0,0,0,2,1,1,1,70,10,10837,2,3,-1,1,-1
2018070207992,1,5,0,18,0,1,1,0,0,0,1,1,6,1,21,5,-1,-1,-1,6,1,6
2018070207992,2,9,0,9,0,3,0,0,0,0,1,1,6,1,34,6,1388,1,12,1,1,1
2018070208114,1,9,0,9,0,0,0,0,0,0,4,1,6,2,28,6,1199,1,-1,3,1,3
2018070208114,2,9,0,18,0,0,0,0,0,0,1,1,6,2,55,8,2435,1,22,7,3,7
2018070208127,1,9,0,3,0,4,0,0,0,0,1,1,6,1,44,7,1995,2,13,3,1,3
2018070208127,2,9,0,3,0,4,0,0,0,0,2,1,6,1,27,6,2979,1,10,3,1,3
2018070208216,1,1,0,18,0,1,0,0,0,0,4,1,2,1,38,7,-1,-1,-1,9,1,9
2018070208216,2,9,0,8,0,6,0,0,0,0,1,1,6,1,45,7,1229,1,5,4,1,4
2018070208307,1,9,0,7,0,0,2,10,7,4,1,1,6,1,23,5,999,1,1,6,1,6
2018070208678,1,9,0,18,0,0,0,2,0,0,1,1,6,1,55,8,-1,-1,-1,7,1,7
2018070208853,1,9,0,18,0,0,0,7,0,0,1,1,1,1,-1,-1,1968,2,4,4,1,4
2018070208888,1,9,0,9,0,1,0,0,0,0,0,1,6,2,26,6,1242,1,11,6,1,6
2018070208888,2,11,0,14,0,1,0,0,0,0,3,1,6,1,57,9,12742,2,5,-1,1,-1
2018070208946,1,9,0,10,0,1,1,0,0,4,1,1,6,1,86,11,2179,2,11,9,2,9
2018070208946,2,9,0,18,0,1,1,0,0,0,3,1,6,1,80,11,1496,1,-1,9,1,9
2018070209026,1,19,0,7,0,2,0,0,0,0,4,1,1,1,21,5,1997,2,-1,-1,1,-1
2018070209201,1,9,0,3,0,0,0,2,0,0,2,1,6,1,54,8,2995,1,13,1,1,1
2018070209201,2,9,0,3,0,0,0,2,0,0,2,1,6,1,19,4,1198,1,9,6,1,6
2018070209201,3,9,0,3,0,0,1,2,0,0,1,1,6,1,35,6,2000,2,8,10,1,10
2018070209439,1,1,0,18,0,0,0,0,0,0,2,1,6,1,7,2,-1,-1,-1,10,1,10
2018070209439,2,9,0,18,0,0,0,0,0,0,1,1,6,2,50,8,998,1,4,4,1,4
2018070210055,1,19,0,4,0,1,0,0,0,0,4,1,6,3,-1,-1,-1,-1,-1,-1,-1,-1
2018070210055,2,1,0,4,0,1,0,0,0,0,1,1,4,1,14,3,-1,-1,-1,1,1,1
2018070210150,1,9,0,9,0,1,0,0,0,0,1,1,1,1,56,9,1968,2,13,-1,2,-1
2018070210150,2,9,0,18,0,1,0,0,0,0,4,1,6,1,32,6,1461,2,2,-1,1,-1
2018070210152,1,9,0,18,0,6,0,0,0,0,4,1,6,1,84,11,1240,1,9,6,1,6
2018070210152,2,9,0,18,0,8,0,0,1,4,1,1,6,1,36,7,1590,1,1,9,1,9
2018070210603,1,11,0,18,0,1,0,0,0,0,3,1,1,1,-1,-1,9000,2,9,-1,-1,-1
2018070210603,2,19,0,9,0,1,0,0,0,0,4,1,1,1,36,7,2198,2,5,4,1,4
2018070210628,1,9,0,18,0,6,0,0,0,0,3,1,6,2,59,9,2987,2,5,5,3,5
2018070210628,2,9,0,18,0,1,0,0,0,0,1,1,6,2,68,10,999,1,4,5,3,5
2018070211142,1,5,0,18,0,1,1,0,0,0,1,1,6,1,50,8,599,1,11,2,1,2
2018070211142,2,9,0,9,0,6,0,0,0,0,2,1,1,1,51,8,1248,2,5,3,1,3
2018070211189,1,9,0,16,0,0,0,0,0,0,1,1,2,1,47,8,998,1,6,6,1,6
2018070211189,2,9,0,17,0,0,0,0,0,0,1,1,1,1,58,9,1997,2,14,2,1,2
2018070211458,1,9,0,18,0,4,2,9,0,0,3,1,2,1,38,7,1149,1,14,2,1,2
2018070211686,1,21,1,5,0,1,0,0,0,0,1,1,1,1,60,9,12902,2,5,4,3,4
2018070211686,2,19,0,4,0,1,0,0,0,0,2,1,1,1,48,8,1753,2,6,7,3,7
2018070211701,1,9,0,18,0,8,0,0,0,0,1,1,6,1,32,6,1596,1,15,10,1,10
2018070211701,2,9,0,6,0,8,0,0,0,0,4,1,6,1,-1,-1,-1,-1,-1,1,1,1
2018070211735,1,9,0,17,0,0,0,0,7,0,3,1,2,1,19,4,1598,1,6,8,2,8
2018070211735,2,9,0,16,0,0,0,0,0,0,3,1,2,1,49,8,1685,2,4,3,1,3
2018070211735,3,19,0,18,0,0,0,0,0,0,1,1,1,1,57,9,1995,2,1,1,1,1
2018070211763,1,9,0,5,0,2,0,0,0,0,1,1,2,2,57,9,1595,1,5,4,3,4
2018070211763,2,4,0,17,0,2,1,0,7,0,4,1,2,2,52,8,296,1,-1,2,1,2
2018070211770,1,9,0,5,0,0,0,0,0,0,4,1,6,1,-1,-1,-1,-1,-1,-1,-1,-1
2018070211770,2,9,0,2,0,0,0,0,0,0,3,1,6,1,54,8,998,1,10,4,1,4
2018070211869,1,9,0,4,0,1,0,0,0,0,2,2,2,2,49,8,1686,2,7,8,1,8
2018070211869,2,1,0,18,9,1,0,0,0,0,1,1,2,1,62,9,-1,-1,-1,2,1,2
2018070212049,1,9,0,14,0,1,0,0,0,0,2,1,6,1,65,9,1998,1,-1,10,1,10
2018070212049,2,9,0,9,0,5,0,0,0,0,1,1,6,1,23,5,1388,1,9,2,1,2
2018070212443,1,9,0,18,0,0,0,0,0,0,1,1,6,3,-1,-1,-1,-1,-1,-1,-1,-1
2018070212443,2,9,0,18,0,0,0,0,0,0,1,1,6,1,70,10,1596,1,14,5,1,5
2018070212745,1,9,0,9,0,1,0,0,0,0,2,1,6,1,24,5,1896,2,16,8,3,8
2018070212745,2,9,0,17,0,1,0,0,0,0,1,1,3,2,30,6,1560,2,4,6,2,6
2018070212783,1,9,0,18,0,0,0,0,0,0,1,1,2,2,19,4,1242,1,4,-1,1,-1
2018070212783,2,9,0,18,0,0,0,0,0,0,2,1,2,1,52,8,1995,2,3,10,3,10
2018070212953,1,9,0,18,0,0,0,0,0,0,1,1,2,1,19,4,1149,1,12,1,1,1
2018070213031,1,9,0,18,0,0,0,0,0,0,1,1,2,1,33,6,1796,1,11,1,1,1
2018070213061,1,9,0,9,0,8,0,0,0,0,3,1,6,2,18,4,998,1,4,8,1,8
2018070213061,2,4,0,13,0,8,0,0,0,0,1,1,6,1,33,6,1085,1,21,2,1,2
2018070213085,1,8,0,18,0,1,0,0,0,0,1,1,6,1,48,8,1497,8,9,8,1,8
2018070213240,1,9,0,5,0,1,0,0,0,0,4,1,6,2,52,8,1395,1,2,6,1,6
2018070213889,1,9,0,18,0,0,1,0,0,0,1,2,6,1,40,7,1997,2,2,7,3,7
2018070213889,2,9,0,4,0,0,0,0,0,0,2,2,6,2,47,8,1461,2,4,8,1,8
2018070213889,3,9,0,4,0,0,0,0,0,0,2,2,6,1,39,7,-1,-1,-1,8,1,8
2018070213889,4,9,0,4,0,0,0,0,0,0,4,2,6,1,38,7,4134,2,7,8,1,8
2018070213931,1,9,0,18,0,0,0,0,0,0,1,1,6,1,73,10,1968,2,6,-1,2,-1
2018070213931,2,9,0,18,0,0,0,0,0,0,2,1,6,1,53,8,1995,2,3,9,1,9
2018070213931,3,9,0,18,0,0,0,0,0,0,2,1,6,1,49,8,1968,2,2,5,1,5
2018070214174,1,1,0,5,0,0,0,0,0,0,4,1,2,1,24,5,-1,-1,-1,-1,-1,-1
2018070214174,2,9,0,7,0,0,0,0,0,0,1,1,2,1,46,8,1598,2,2,6,1,6
2018070214370,1,4,0,18,0,1,2,0,0,0,1,1,6,1,16,4,-1,-1,-1,3,1,3
2018070214370,2,8,0,10,0,1,0,0,0,0,3,1,1,2,30,6,2179,2,11,1,1,1
2018070214770,1,9,0,13,0,0,0,0,7,0,4,1,6,1,19,4,1275,1,21,6,1,6
2018070214770,2,19,0,9,0,0,0,0,0,0,3,1,1,1,57,9,2402,2,7,7,1,7
2018070215204,1,9,0,4,0,0,0,0,0,0,1,1,6,1,83,11,1498,1,1,-1,1,-1
2018070215419,1,9,0,18,9,1,0,10,7,2,4,1,6,2,72,10,1339,1,5,9,2,9
2018070215419,2,21,1,18,0,8,0,0,0,0,4,1,1,1,40,7,12740,2,2,6,1,6
2018070215590,1,9,0,18,0,1,0,0,1,0,1,2,2,2,20,4,1240,1,15,4,1,4
2018070215590,2,9,0,5,0,8,0,0,0,0,4,2,6,2,45,7,1560,2,8,1,1,1
2018070215637,1,9,0,15,0,0,2,0,0,0,3,1,6,1,54,8,1997,2,14,-1,2,-1
2018070215637,2,9,0,11,0,0,0,0,0,0,4,1,6,1,57,9,1598,2,3,2,1,2
2018070215740,1,9,0,18,0,0,0,0,0,0,1,1,6,1,-1,-1,1560,2,4,-1,-1,-1
2018070215740,2,1,0,18,0,0,0,0,0,0,2,1,6,1,12,3,-1,-1,-1,7,1,7
2018070215954,1,9,0,18,0,1,0,12,0,0,1,1,6,2,-1,-1,998,1,4,-1,-1,-1
2018070216346,1,9,0,18,0,0,0,0,0,0,1,1,6,2,86,11,1339,1,12,7,3,7
2018070216346,2,19,0,2,0,0,0,0,1,0,2,1,6,1,51,8,2198,2,7,4,1,4
2018070216482,1,9,0,18,0,8,0,0,0,0,1,1,6,1,24,5,2993,2,12,1,1,1
2018070216482,2,9,0,5,0,4,0,9,2,11,3,1,6,1,77,11,999,1,1,2,1,2
2018070216672,1,9,0,5,0,1,0,0,0,0,3,1,6,2,21,5,1198,1,8,3,1,3
2018070216672,2,19,0,6,0,1,0,0,0,0,4,1,6,3,-1,-1,-1,-1,-1,-1,-1,-1
2018070216711,1,9,0,18,0,1,0,0,0,0,1,1,6,2,73,10,1498,1,2,10,1,10
2018070216711,2,9,0,9,0,1,0,0,0,0,1,1,6,2,27,6,1596,1,4,9,1,9
2018070216934,1,9,0,18,0,0,0,0,0,0,1,1,6,1,65,9,1197,1,4,9,2,9
2018070216934,2,21,1,2,6,0,0,0,0,0,2,1,1,1,30,6,12777,2,1,-1,-1,-1
2018070216947,1,9,0,1,0,0,0,0,0,0,2,1,6,2,56,9,1560,2,4,2,1,2
2018070217193,1,9,0,16,0,0,1,0,1,4,1,1,6,1,32,6,2143,2,5,5,-1,5
2018070217404,1,9,0,17,0,1,1,0,1,10,1,1,2,1,34,6,998,1,10,6,1,6
2018070217406,1,9,0,1,0,2,0,0,0,0,2,1,6,3,-1,-1,1796,1,11,8,1,8
2018070217406,2,3,0,18,0,2,0,0,0,0,3,1,6,1,18,4,124,1,2,7,1,7
2018070217451,1,9,0,18,0,0,0,0,0,0,1,1,3,1,71,10,1198,1,3,2,1,2
2018070217451,2,1,0,18,0,0,0,0,0,0,3,1,1,2,28,6,-1,-1,-1,8,1,8
2018070217512,1,9,0,18,0,4,0,0,0,0,1,1,6,2,-1,-1,-1,-1,-1,-1,-1,-1
2018070217512,2,9,0,7,0,3,0,0,0,0,2,1,6,1,26,6,1596,1,5,4,1,4
2018070217595,1,19,0,5,0,1,0,0,0,0,1,1,1,1,46,8,2287,2,-1,1,1,1
2018070217764,1,9,0,14,0,0,5,0,0,0,1,1,6,1,63,9,1461,2,8,8,1,8
2018070217764,2,8,0,2,0,0,0,0,0,0,3,1,1,1,38,7,1956,2,5,8,1,8
2018070218017,1,5,0,15,0,0,2,0,1,0,1,1,2,1,28,6,998,1,10,1,1,1
2018070218017,2,9,0,18,0,0,0,0,0,0,2,1,2,1,20,4,1399,1,1,3,1,3
2018070218192,1,9,0,18,0,1,0,0,0,0,1,1,6,1,29,6,1229,1,5,9,3,9
2018070218192,2,9,0,18,0,1,0,0,0,0,1,1,6,2,40,7,1461,2,2,9,1,9
2018070218826,1,9,0,11,0,5,0,2,2,7,1,1,6,1,33,6,2179,2,4,6,1,6
2018070218826,2,9,0,18,0,1,0,2,0,0,1,1,6,1,39,7,1499,2,2,-1,1,-1
2018070218826,3,9,0,18,0,1,0,2,0,0,4,1,1,1,59,9,1969,2,3,10,3,10
2018070218828,1,9,0,4,0,1,0,0,0,0,4,1,6,2,74,10,1198,1,2,1,1,1
2018070218896,1,9,0,7,0,1,0,0,0,0,1,1,6,2,28,6,1598,1,8,9,3,9
2018070219185,1,8,0,18,0,0,0,0,0,0,0,1,6,1,-1,-1,-1,-1,-1,-1,-1,-1
2018070219351,1,9,0,18,0,0,0,0,0,0,1,1,6,2,31,6,1686,2,7,2,1,2
2018070219351,2,1,0,18,0,0,0,0,0,0,1,1,6,1,12,3,-1,-1,-1,1,1,1
2018070219375,1,9,0,10,0,2,0,0,0,0,3,1,2,2,18,4,1242,1,6,8,1,8
2018070219375,2,9,0,14,0,2,0,0,0,0,4,1,2,1,17,4,1968,2,6,-1,3,-1
2018070219423,1,1,0,18,0,8,0,0,0,0,1,1,6,1,44,7,-1,-1,-1,10,2,10
2018070219423,2,9,0,9,0,8,0,0,0,0,1,1,6,1,82,11,1399,2,11,6,1,6
2018070219893,1,9,0,16,0,0,0,0,0,0,1,1,3,1,42,7,1984,2,5,7,3,7
2018070219893,2,9,0,17,0,0,0,0,0,0,1,1,6,1,82,11,1910,2,11,9,1,9
2018070220454,1,9,0,4,0,0,0,2,0,0,1,1,6,1,43,7,1990,1,13,1,1,1
2018070220454,2,9,0,4,0,0,0,2,0,0,2,1,6,1,52,8,1870,2,14,2,1,2
2018070220631,1,19,0,18,0,0,0,0,0,0,4,1,1,1,-1,-1,4461,2,8,2,1,2
2018070221088,1,9,0,7,0,4,0,0,0,0,1,1,6,1,-1,-1,1598,1,15,7,1,7
2018070221088,2,4,0,3,0,4,0,0,0,0,3,1,6,1,33,6,805,1,18,2,1,2
2018070221318,1,9,0,18,0,3,0,0,0,0,3,1,6,2,32,6,1461,2,2,2,1,2
2018070221318,2,20,1,18,0,3,0,0,0,0,4,1,1,1,61,9,12740,2,2,7,1,7
2018070221369,1,9,0,18,0,1,0,0,0,0,1,1,6,2,-1,-1,1686,2,13,-1,-1,-1
2018070221369,2,9,0,3,0,1,0,0,0,0,2,1,6,2,65,9,1242,1,8,2,1,2
2018070221369,3,9,0,3,0,1,0,0,0,0,2,1,6,2,20,4,1242,1,5,3,1,3