Accident_Index,Vehicle_Reference,Vehicle_Type,Towing_and_Articulation,Vehicle_Manoeuvre,Vehicle_Location-Restricted_Lane,Junction_Location,Skidding_and_Overturning,Hit_Object_in_Carriageway,Vehicle_Leaving_Carriageway,Hit_Object_off_Carriageway,1st_Point_of_Impact,Was_Vehicle_Left_Hand_Drive?,Journey_Purpose_of_Driver,Sex_of_Driver,Age_of_Driver,Age_Band_of_Driver,Engine_Capacity_(CC),Propulsion_Code,Age_of_Vehicle,Driver_IMD_Decile,Driver_Home_Area_Type,Vehicle_IMD_Decile
2018070221487,1,9,0,7,0,5,0,0,0,0,1,1,6,1,-1,-1,1598,1,14,-1,-1,-1
2018070221487,2,1,0,18,0,1,0,0,0,0,4,1,6,2,45,7,-1,-1,-1,4,1,4
2018070221748,1,3,0,9,0,8,1,0,0,0,3,1,6,1,61,9,125,1,12,2,1,2
2018070221761,1,9,0,16,0,0,1,0,1,11,1,1,2,2,28,6,1240,1,8,10,1,10
2018070221761,2,9,0,17,0,0,0,0,1,11,1,1,2,2,20,4,1995,2,6,10,1,10
2018070222210,1,9,0,18,0,0,1,6,1,11,4,1,2,1,24,5,1598,1,4,1,1,1
2018070222266,1,9,0,18,0,0,0,0,0,0,1,1,6,1,59,9,1499,1,2,-1,2,-1
2018070222266,2,21,1,18,0,0,0,0,0,0,2,1,1,1,25,5,12740,2,1,5,1,5
2018070222445,1,9,0,18,0,8,0,0,0,0,1,1,2,1,48,8,1998,1,16,2,1,2
2018070222445,2,9,0,9,0,8,0,0,0,0,1,1,6,1,22,5,1084,1,-1,9,1,9
2018070222490,1,9,0,12,0,7,1,0,0,0,3,1,6,2,70,10,1596,1,2,3,1,3
2018070222490,2,21,1,18,0,8,0,7,0,0,4,1,1,3,40,7,12902,2,3,6,2,6
2018070222490,3,9,0,18,0,8,1,0,0,6,4,1,6,1,23,5,1349,1,9,7,1,7
2018070222529,1,9,0,18,0,1,0,0,0,0,1,1,6,1,56,9,1242,1,10,9,1,9
2018070222529,2,1,0,5,0,6,1,0,0,0,1,1,6,1,12,3,-1,-1,-1,1,1,1
2018070222625,1,1,0,5,0,6,1,0,1,0,4,1,6,1,15,3,-1,-1,-1,8,1,8
2018070222625,2,9,0,18,0,8,0,0,0,0,1,1,6,2,25,5,1598,2,1,10,1,10
2018070222991,1,9,0,18,0,1,0,0,0,0,1,1,6,2,50,8,1461,2,5,9,1,9
2018070222991,2,9,0,18,0,2,0,0,0,0,1,1,6,1,24,5,1086,1,12,6,3,6
2018070223740,1,1,0,4,0,1,0,0,0,0,0,1,6,1,68,10,-1,-1,-1,2,1,2
2018070223791,1,1,0,18,0,0,0,0,0,0,1,1,6,1,5,1,-1,-1,-1,1,1,1
2018070223791,2,9,0,18,0,0,0,0,0,0,4,1,6,2,23,5,1968,2,2,7,3,7
2018070223825,1,9,0,16,0,0,1,0,7,4,1,1,6,1,17,4,998,1,11,7,1,7
2018070223853,1,9,0,1,0,8,0,0,0,0,2,1,6,2,-1,-1,1596,1,12,8,1,8
2018070223853,2,1,0,18,0,2,0,0,0,0,4,1,6,1,32,6,-1,-1,-1,5,1,5
2018070224013,1,9,0,2,9,2,0,0,0,0,4,1,6,2,48,8,1598,1,11,1,1,1
2018070224013,2,1,0,18,9,2,0,0,0,11,3,1,6,2,17,4,-1,-1,-1,1,1,1
2018070224095,1,9,0,18,0,0,0,0,0,0,1,1,6,1,-1,-1,-1,-1,-1,-1,-1,-1
2018070224095,2,1,0,18,0,0,0,0,0,0,3,1,6,1,54,8,-1,-1,-1,10,2,10
2018070224510,1,9,0,4,0,0,0,0,0,0,1,1,6,3,-1,-1,-1,-1,-1,-1,-1,-1
2018070224510,2,9,0,4,0,0,0,0,0,0,2,1,2,2,30,6,1197,1,2,9,1,9
2018070224972,1,9,0,9,0,1,0,0,0,0,1,1,6,1,97,11,-1,-1,-1,7,1,7
2018070224972,2,9,0,18,0,1,0,0,0,0,1,1,1,2,56,9,1995,2,5,8,2,8
2018070225270,1,9,0,18,0,1,0,0,0,0,4,1,6,1,68,10,1997,2,9,2,1,2
2018070225270,2,1,0,18,0,1,0,0,0,0,1,1,6,2,8,2,-1,-1,-1,1,1,1
2018070225418,1,9,0,18,0,4,0,0,0,0,3,1,6,2,69,10,1591,1,3,9,1,9
2018070226075,1,9,0,5,0,8,0,0,0,0,3,1,6,1,47,8,1686,2,7,8,2,8
2018070226075,2,1,0,18,0,8,0,0,0,0,1,1,6,1,22,5,-1,-1,-1,7,1,7
2018070226165,1,19,0,17,0,0,5,0,2,0,1,1,1,1,70,10,-1,-1,-1,6,1,6
2018070226511,1,9,0,13,0,0,0,0,0,0,4,1,6,1,49,8,2993,2,-1,10,1,10
2018070226511,2,1,0,18,0,0,0,0,0,0,0,1,1,1,28,6,-1,-1,-1,6,1,6
2018070226529,1,9,0,18,0,1,0,0,0,0,3,1,6,2,39,7,1598,1,10,10,1,10
2018070226529,2,9,0,10,0,1,0,0,0,0,1,1,6,2,18,4,1388,1,11,10,1,10
2018070226694,1,9,0,1,0,0,0,0,0,0,2,1,6,1,21,5,1896,2,12,1,1,1
2018070226694,2,9,0,18,0,0,0,0,0,0,1,1,2,1,26,6,1896,2,14,2,1,2
2018070226960,1,9,0,7,0,6,0,0,0,0,1,1,6,1,-1,-1,-1,-1,-1,-1,-1,-1
2018070226960,2,1,0,18,0,1,0,0,0,0,1,1,6,1,26,6,-1,-1,-1,5,1,5
2018070226961,1,21,1,18,0,8,5,0,0,0,0,1,1,1,56,9,10677,2,3,3,1,3
2018070227203,1,9,0,7,0,6,0,0,0,0,1,1,6,1,63,9,1995,2,4,10,1,10
2018070227203,2,1,0,18,0,2,0,0,0,0,1,1,6,1,23,5,-1,-1,-1,8,3,8
2018070227379,1,9,0,9,0,0,0,0,0,0,0,1,6,3,-1,-1,-1,-1,-1,-1,-1,-1
2018070227379,2,11,0,18,0,0,0,0,0,0,0,1,1,2,47,8,2143,2,1,5,1,5
2018070227433,1,4,0,18,0,0,1,0,1,11,4,1,6,1,40,7,125,1,12,8,1,8
2018070227436,1,9,0,5,0,1,0,0,0,0,1,1,6,1,51,8,1598,1,15,4,1,4
2018070227436,2,1,0,18,0,8,0,0,0,0,4,1,6,2,60,9,-1,-1,-1,4,1,4
2018070227514,1,9,0,18,0,2,0,0,0,0,1,1,6,2,19,4,1248,1,7,10,1,10
2018070227528,1,9,0,4,0,1,0,0,0,0,1,1,6,2,45,7,1398,2,8,2,1,2
2018070227528,2,9,0,3,0,1,0,0,0,0,2,1,6,2,56,9,1997,1,15,7,3,7
2018070227820,1,9,0,16,0,0,0,0,0,0,1,1,6,1,52,8,1798,8,1,4,1,4
2018070227820,2,1,0,17,0,0,0,0,0,0,1,1,6,1,17,4,-1,-1,-1,5,1,5
2018070228238,1,19,0,4,0,0,0,0,0,0,2,1,1,1,53,8,1560,2,3,8,2,8
2018070228238,2,19,0,5,0,0,0,0,0,0,1,1,1,1,38,7,2299,2,1,6,1,6
2018070228247,1,9,0,17,0,4,0,0,0,0,3,1,1,1,36,7,1956,2,3,4,1,4
2018070228247,2,1,0,17,0,3,0,0,0,0,4,1,1,1,51,8,-1,-1,-1,10,1,10
2018070228371,1,19,0,18,0,0,0,10,0,0,1,1,1,1,33,6,1461,2,2,-1,1,-1
2018070228375,1,9,0,5,0,6,0,0,0,0,1,1,1,1,32,6,1968,2,4,7,1,7
2018070228375,2,9,0,18,0,8,0,0,0,0,1,1,6,1,65,9,1560,2,7,-1,1,-1
2018070228733,1,9,0,18,0,8,0,0,0,0,4,1,6,1,19,4,1390,1,5,5,3,5
2018070228733,2,19,0,12,0,8,0,0,0,0,3,1,1,1,32,6,1560,2,-1,6,1,6
2018070228950,1,19,0,10,0,1,0,0,0,0,2,1,6,1,52,8,1686,2,13,4,1,4
2018070228950,2,9,0,16,0,1,0,0,0,0,1,1,6,2,42,7,1499,2,1,1,1,1
2018070228957,1,9,0,18,0,2,0,0,0,0,1,1,6,2,26,6,1997,2,4,1,1,1
2018070228990,1,9,0,5,9,1,0,0,0,0,1,2,6,1,45,7,1560,2,3,10,1,10
2018070228990,2,1,0,18,9,1,0,0,0,0,4,1,6,1,16,4,-1,-1,-1,4,1,4
2018070229163,1,4,0,14,0,0,5,0,0,0,1,1,6,1,58,9,198,1,34,7,1,7
2018070229163,2,9,0,2,0,0,0,0,0,0,2,1,6,1,-1,-1,2231,2,11,-1,-1,-1
2018070230139,1,9,0,16,0,2,0,0,0,0,1,1,6,1,27,6,1598,2,1,-1,3,-1
2018070230139,2,3,0,17,0,1,0,0,0,0,1,1,6,1,29,6,125,1,3,7,1,7
2018070230156,1,9,0,9,0,8,0,0,0,0,1,1,6,2,44,7,1461,2,1,1,1,1
2018070230156,2,9,0,17,0,8,0,0,0,0,4,1,6,2,47,8,2967,2,6,9,1,9
2018070230247,1,9,0,18,0,1,0,0,0,0,1,1,6,2,85,11,1388,1,14,9,1,9
2018070230247,2,9,0,2,0,1,0,0,0,0,2,1,6,3,59,9,1598,2,1,10,1,10
2018070230251,1,9,0,10,0,1,0,0,0,0,2,1,6,2,71,10,1328,1,13,10,1,10
2018070230251,2,9,0,18,0,1,0,0,0,0,1,1,2,1,22,5,1242,1,10,6,1,6
2018070230262,1,19,0,9,0,6,0,0,0,0,1,1,6,1,36,7,-1,-1,-1,5,2,5
2018070230262,2,9,0,18,0,8,0,0,0,0,3,1,6,2,47,8,1998,8,3,3,3,3
2018070230956,1,9,0,18,0,0,0,2,0,0,2,1,6,1,43,7,1499,2,1,6,1,6
2018070230956,2,19,0,18,0,0,0,2,0,0,1,1,1,1,26,6,1968,2,2,5,3,5
2018070231683,1,9,0,9,0,3,0,0,0,0,3,1,6,1,20,4,1560,2,12,1,1,1
2018070231683,2,9,3,18,0,3,0,0,0,0,4,1,6,2,33,6,1995,2,12,-1,1,-1
2018070231989,1,9,0,18,0,0,0,0,0,0,1,2,6,3,-1,-1,-1,-1,-1,-1,-1,-1
2018070232037,1,9,0,18,0,2,5,0,0,4,1,1,6,1,37,7,2000,1,11,7,3,7
2018070232120,1,9,0,18,0,0,0,0,0,3,4,1,6,2,53,8,998,1,14,8,2,8
2018070232218,1,9,0,18,0,1,0,0,0,0,1,1,6,1,65,9,-1,-1,-1,7,3,7
2018070232218,2,9,0,3,0,1,0,0,0,0,2,1,6,2,28,6,1461,2,5,10,2,10
2018070232285,1,9,0,18,0,0,0,0,0,0,0,1,6,1,44,7,2993,2,5,10,1,10
2018070232813,1,9,0,18,0,0,1,0,1,3,1,1,6,2,33,6,1598,1,8,1,1,1
2018070232867,1,3,0,18,0,3,1,9,0,0,3,1,2,1,29,6,125,1,12,1,1,1
2018070233043,1,21,0,11,0,0,0,0,0,0,4,1,1,1,50,8,12900,2,7,-1,1,-1
2018070233043,2,9,0,18,0,0,0,0,1,9,3,1,6,1,36,7,1598,1,11,1,1,1
2018070233297,1,9,0,18,0,2,0,0,0,0,4,1,6,2,30,6,1598,2,5,8,1,8
2018070233297,2,9,0,7,0,6,0,0,0,0,1,1,6,1,-1,-1,1995,2,2,1,1,1
2018070233569,1,17,0,17,0,0,0,0,0,0,1,1,1,1,25,5,7365,2,-1,-1,-1,-1
2018070233569,2,9,0,16,0,0,0,0,0,0,1,1,1,1,64,9,-1,-1,-1,7,2,7
2018070233576,1,3,0,18,0,0,2,0,0,0,1,1,2,1,40,7,125,1,2,4,1,4
2018070233576,2,9,0,18,0,0,0,0,0,0,2,1,6,2,20,4,875,1,2,10,1,10
2018070233576,3,9,0,1,0,0,0,0,0,0,0,1,6,2,59,9,1360,1,14,2,1,2
2018070233729,1,9,0,18,9,0,0,0,0,4,1,1,6,2,70,10,2179,2,6,8,1,8
2018070234330,1,19,0,9,0,6,0,0,0,0,1,1,1,1,41,7,1968,2,2,10,1,10
2018070234330,2,1,0,18,0,8,0,0,0,0,4,1,2,1,55,8,-1,-1,-1,6,3,6
2018070234382,1,9,0,18,0,8,0,2,0,0,0,1,6,2,23,5,1390,1,8,8,3,8
2018070234382,2,9,0,18,0,8,0,2,0,0,1,1,6,2,46,8,2204,2,11,1,1,1
2018070235336,1,9,0,18,0,6,0,0,0,0,4,1,6,1,44,7,1753,2,10,6,1,6
2018070235570,1,19,0,11,0,1,2,7,0,0,1,1,6,1,50,8,1968,2,-1,9,1,9
2018070235570,2,9,0,18,0,1,0,0,0,0,4,1,1,2,44,7,1999,2,1,8,2,8
2018070235570,3,9,0,18,0,1,0,0,0,0,4,1,1,1,55,8,1997,2,3,10,1,10
2018070235622,1,9,0,2,0,0,0,0,0,0,2,1,6,1,47,8,2987,2,7,-1,2,-1
2018070235622,2,1,0,18,0,0,0,4,0,0,1,1,2,1,38,7,-1,-1,-1,10,2,10
2018070235704,1,1,0,16,0,0,0,0,0,0,3,1,6,1,79,11,-1,-1,-1,3,1,3
2018070235704,2,9,0,13,0,0,0,0,0,0,4,1,6,2,21,5,1299,1,15,1,1,1
2018070235707,1,9,0,5,0,4,0,0,0,0,1,1,6,2,63,9,1753,2,14,3,1,3
2018070235707,2,9,0,3,0,3,0,0,0,0,2,1,6,2,33,6,1956,2,9,1,1,1
2018070235888,1,90,0,1,0,0,0,0,0,0,2,1,1,1,-1,-1,7146,2,2,-1,-1,-1
2018070235888,2,9,0,2,0,0,0,0,0,0,1,1,1,1,64,9,1497,8,2,-1,-1,-1
2018070235975,1,9,0,5,0,6,0,0,0,0,1,1,2,2,25,5,998,1,5,3,1,3
2018070235975,2,9,0,18,0,1,0,0,4,0,4,1,2,2,37,7,1242,1,7,-1,1,-1
2018070236689,1,9,0,18,0,1,1,0,3,9,1,1,6,1,18,4,1229,1,7,6,1,6
2018070236697,1,9,0,9,0,1,0,0,3,10,1,1,6,1,38,7,1560,2,2,1,1,1
2018070236986,1,9,0,18,0,0,0,0,0,0,1,1,2,1,26,6,1149,1,2,-1,1,-1
2018070236986,2,19,4,18,0,0,0,0,0,0,3,1,1,1,41,7,2402,2,9,-1,3,-1
2018070237451,1,19,0,18,0,1,0,0,1,0,1,1,2,1,33,6,-1,-1,-1,1,1,1
2018070237451,2,3,0,10,0,1,0,0,0,0,2,1,1,1,21,5,-1,-1,-1,5,3,5
2018070238255,1,9,0,18,0,0,0,0,0,11,1,1,6,2,72,10,1242,1,9,8,3,8
2018070238593,1,4,0,18,0,0,0,0,0,0,1,1,6,1,51,8,200,1,47,4,1,4
2018070238924,1,9,0,1,9,2,0,0,0,0,2,1,6,2,49,8,1242,1,4,1,1,1
2018070239466,1,9,0,18,0,1,2,10,0,11,4,1,1,1,32,6,1968,2,4,10,1,10
2018070239931,1,9,0,10,0,5,0,0,0,0,2,1,6,2,56,9,1242,1,3,7,3,7
2018070239931,2,5,0,4,0,1,0,0,0,0,1,1,6,1,52,8,996,1,18,8,1,8
2018070239956,1,9,0,7,0,8,0,0,0,0,1,1,6,2,-1,-1,-1,-1,-1,-1,-1,-1
2018070239956,2,1,0,18,0,8,0,0,0,0,4,1,6,1,65,9,-1,-1,-1,3,1,3
2018070240514,1,9,0,18,0,0,0,0,0,0,1,1,6,1,27,6,1968,2,9,2,1,2
2018070240514,2,9,0,18,0,0,0,0,0,0,2,1,6,1,39,7,2261,1,10,6,1,6
2018070240703,1,9,0,16,0,0,2,0,1,11,1,1,6,1,25,5,1870,2,12,-1,1,-1
2018070241071,1,19,0,16,0,0,0,0,7,1,1,1,2,1,41,7,1995,2,2,1,1,1
2018070241146,1,9,0,18,0,0,0,0,0,1,3,1,6,1,60,9,1496,1,1,5,1,5
2018070241269,1,19,0,4,0,8,0,0,0,0,0,1,2,1,52,8,1753,2,7,6,1,6
2018070241269,2,9,0,3,0,8,0,0,0,0,0,1,6,1,36,7,-1,-1,-1,5,3,5
2018070241277,1,9,0,18,0,8,0,0,0,0,1,1,6,1,35,6,2967,2,10,2,1,2
2018070241277,2,9,0,18,0,8,0,0,0,0,2,1,6,1,37,7,1598,2,8,2,1,2
2018070241277,3,11,0,18,0,8,0,0,0,0,4,1,1,1,55,8,9300,2,-1,9,1,9
2018070241277,4,9,0,18,0,6,0,0,0,0,0,1,6,1,62,9,1995,2,11,9,1,9
2018070241353,1,9,0,18,0,6,0,0,0,0,1,2,6,1,63,9,2171,1,14,1,1,1
2018070241353,2,9,0,18,0,1,0,0,1,11,3,2,6,1,56,9,998,1,-1,-1,-1,-1
2018070241603,1,9,0,18,0,0,0,0,1,0,4,1,6,3,-1,-1,-1,-1,-1,-1,-1,-1
2018070242004,1,9,0,18,0,0,1,2,0,0,1,1,6,2,37,7,1995,2,11,10,1,10
2018070242004,2,9,0,4,0,0,0,2,0,0,2,1,2,2,43,7,1229,1,3,5,2,5
2018070242004,3,9,0,4,0,0,0,2,0,0,2,1,2,2,41,7,1796,1,10,6,2,6
2018070242309,1,5,0,18,0,0,5,0,0,0,0,1,6,2,39,7,599,1,15,-1,2,-1
2018070242393,1,1,0,5,0,0,0,0,0,0,1,1,6,1,18,4,-1,-1,-1,2,1,2
2018070242393,2,19,0,18,0,0,0,0,0,0,4,1,6,1,48,8,1461,2,2,3,1,3
2018070242688,1,9,0,18,0,1,0,0,0,0,4,1,6,2,-1,-1,-1,-1,-1,-1,-1,-1
2018070242688,2,1,0,18,0,1,0,0,0,0,3,1,2,2,25,5,-1,-1,-1,6,1,6
2018070242742,1,9,0,18,0,0,0,0,0,0,0,1,6,1,20,4,1229,1,8,3,2,3
2018070243207,1,9,0,18,0,0,0,0,0,0,0,1,6,1,40,7,-1,-1,-1,-1,-1,-1
2018070243207,2,9,0,18,0,0,2,10,1,4,1,1,2,2,44,7,998,1,12,8,1,8
2018070243334,1,9,0,5,0,3,0,0,0,0,2,1,6,1,34,6,1598,1,10,5,1,5
2018070243334,2,9,0,4,0,3,0,0,0,0,1,1,6,1,65,9,2993,2,9,-1,1,-1
2018070243474,1,21,1,12,0,3,0,0,0,0,3,2,1,1,56,9,-1,-1,-1,-1,-1,-1
2018070243474,2,9,0,9,0,3,0,0,0,0,4,1,6,1,66,10,1591,1,1,9,1,9
2018070243508,1,9,0,18,0,0,0,0,0,0,1,1,6,1,68,10,1997,2,20,8,3,8
2018070243764,1,9,0,18,0,0,2,0,5,6,3,1,2,1,54,8,-1,-1,-1,3,1,3
2018070243993,1,5,0,16,0,0,0,0,0,0,1,1,6,1,55,8,998,1,13,6,1,6
2018070243993,2,9,0,17,0,0,0,0,0,0,1,1,6,1,50,8,998,1,12,8,3,8
2018070244148,1,9,0,18,0,8,0,0,0,0,1,1,6,1,29,6,1124,1,15,6,2,6
2018070244148,2,9,0,9,0,6,0,0,7,0,3,1,6,1,70,10,1997,2,3,10,2,10
2018070244181,1,3,0,12,0,8,0,10,3,0,1,1,6,2,35,6,124,1,2,8,1,8
2018070244527,1,9,0,12,0,0,0,0,0,0,0,1,6,1,37,7,2430,1,23,5,1,5
2018070244527,2,9,0,4,0,0,0,0,0,0,0,1,6,2,31,6,999,1,-1,1,1,1
2018070244641,1,9,0,1,0,0,0,4,0,0,2,1,6,1,79,11,1951,2,17,7,1,7
2018070244641,2,9,0,2,0,0,0,0,0,0,2,1,6,2,61,9,1149,1,1,8,1,8
2018070244642,1,9,0,4,0,0,0,0,0,0,1,1,1,2,23,5,1197,1,6,9,1,9
2018070244642,2,9,0,18,0,0,0,0,0,0,2,1,6,1,30,6,1956,2,2,-1,3,-1
2018070244845,1,9,0,15,0,0,0,0,0,0,4,1,6,2,60,9,1596,1,4,3,1,3
2018070244845,2,11,0,2,0,0,0,0,0,0,0,1,1,1,43,7,6696,2,5,9,1,9
2018070244956,1,21,1,11,0,0,0,0,0,0,4,1,1,1,35,6,12777,2,3,2,1,2
2018070244956,2,9,0,18,0,0,1,0,4,6,3,1,6,1,26,6,1598,1,11,6,3,6
2018070244956,3,9,0,18,0,0,1,0,0,0,1,1,6,2,52,8,1598,1,7,10,1,10
2018070245233,1,9,0,18,0,1,0,0,0,0,1,1,6,2,64,9,1461,2,6,-1,1,-1
2018070245233,2,1,0,18,0,1,0,0,0,0,1,1,1,1,16,4,-1,-1,-1,1,1,1
2018070245421,1,9,0,16,0,8,0,10,1,11,4,1,6,2,43,7,1910,2,14,1,1,1
2018070245686,1,9,0,18,0,2,0,0,0,0,4,1,1,1,57,9,1998,2,10,2,1,2
2018070245686,2,21,1,18,0,8,0,0,0,0,3,1,1,1,51,8,12740,2,2,4,1,4
2018070245715,1,9,0,7,0,6,0,0,0,0,1,1,6,1,50,8,1560,2,10,-1,2,-1
2018070245715,2,9,0,15,0,1,0,0,0,0,1,1,6,1,73,10,1998,1,3,9,3,9
2018070245715,3,9,0,18,0,1,0,0,0,11,1,1,6,1,46,8,1560,2,7,9,1,9
2018070245726,1,9,0,18,0,0,0,0,0,0,3,1,6,2,56,9,1598,1,16,5,1,5
2018070245726,2,9,0,18,0,0,0,0,2,10,4,1,6,1,54,8,1596,1,1,2,1,2
2018070245726,3,9,0,2,9,0,0,0,0,0,4,1,6,3,49,8,1798,1,10,2,1,2
2018070245908,1,9,0,18,0,2,0,0,0,11,4,1,2,1,21,5,1339,1,12,2,1,2
2018070245975,1,9,0,18,0,0,0,4,0,0,2,1,6,1,27,6,-1,-1,-1,10,1,10
2018070245975,2,9,0,2,0,0,0,0,0,0,0,1,6,1,46,8,998,1,2,-1,-1,-1
2018070246054,1,1,0,18,0,8,0,0,0,0,1,1,6,1,22,5,-1,-1,-1,10,-1,10
2018070246054,2,1,0,18,0,8,0,0,0,0,4,1,6,2,28,6,-1,-1,-1,4,1,4
2018070246315,1,9,0,18,0,0,1,0,0,0,1,1,6,1,63,9,1242,1,2,1,1,1
2018070246315,2,9,0,18,0,0,1,0,0,0,2,1,6,1,25,5,1968,2,6,4,1,4
2018070246315,3,9,0,18,0,0,1,0,0,0,2,1,6,1,27,6,1299,1,10,5,1,5
2018070246336,1,1,0,3,0,1,0,0,0,0,1,1,6,1,19,4,-1,-1,-1,1,1,1
2018070246336,2,9,0,4,0,1,0,0,0,0,1,1,6,2,35,6,2497,2,7,7,1,7
2018070246395,1,11,0,17,2,0,0,0,0,0,1,1,1,2,41,7,3900,2,12,1,1,1
2018070246412,1,9,0,18,0,0,0,0,0,0,4,1,6,1,34,6,1956,2,6,2,1,2
2018070246446,1,9,0,16,0,3,0,0,0,0,1,1,6,2,60,9,1461,2,3,10,2,10
2018070246446,2,1,0,18,0,8,0,0,0,0,1,1,6,1,18,4,-1,-1,-1,7,1,7
2018070246580,1,5,0,18,0,1,0,0,0,0,0,1,6,2,28,6,599,1,21,1,1,1
2018070246687,1,9,0,18,0,2,0,0,0,0,1,2,6,2,37,7,999,1,-1,4,1,4
2018070247143,1,3,0,4,0,4,1,0,0,0,0,1,6,2,40,7,123,1,1,-1,-1,-1
2018070247333,1,21,0,18,0,0,1,0,0,0,1,1,1,1,49,8,12740,2,3,6,3,6
2018070247333,2,21,0,18,0,0,0,0,0,0,2,1,1,1,44,7,6700,2,2,1,1,1
2018070247333,3,9,0,18,0,0,0,0,0,0,2,1,6,2,70,10,1197,1,1,2,1,2
2018070247709,1,9,0,18,0,0,1,0,0,0,1,1,6,1,61,9,1796,1,16,3,1,3
2018070247738,1,1,0,4,9,6,0,0,0,0,1,1,6,1,20,4,-1,-1,-1,3,1,3
2018070247738,2,8,0,7,0,2,0,0,0,0,4,1,1,1,59,9,1794,1,10,1,1,1
2018070247957,1,9,0,13,0,0,1,0,8,4,1,1,6,1,18,4,1199,1,16,9,1,9
2018070247957,2,9,0,18,0,0,0,0,0,0,4,1,6,1,57,9,2993,2,4,9,1,9
2018070248471,1,3,0,4,0,1,0,0,0,0,3,1,6,1,23,5,124,1,10,1,1,1
2018070248471,2,9,0,3,0,1,0,0,0,0,4,1,6,1,48,8,1796,1,10,1,1,1
2018070248485,1,1,0,16,0,0,0,0,0,0,4,1,6,1,38,7,-1,-1,-1,7,1,7
2018070248485,2,9,0,17,0,0,0,0,0,0,3,1,6,1,77,11,1984,1,1,8,3,8
2018070248487,1,9,0,18,0,4,0,0,0,0,3,1,6,1,83,11,-1,-1,-1,9,1,9
2018070248487,2,1,0,18,0,8,1,0,0,0,4,1,6,1,44,7,-1,-1,-1,9,1,9
2018070248961,1,3,0,9,0,3,1,0,0,0,3,1,1,2,27,6,125,1,-1,1,1,1
2018070249312,1,9,0,18,0,8,0,0,3,11,1,1,6,1,27,6,1991,2,6,7,1,7
2018070249524,1,9,0,9,0,2,0,0,0,0,1,1,6,1,22,5,1368,1,9,7,1,7
2018070249524,2,9,0,18,0,2,0,0,0,0,1,1,6,2,45,7,1686,2,8,10,1,10
2018070249866,1,2,0,10,0,0,0,0,0,0,1,1,6,2,46,8,125,1,2,9,3,9
2018070249866,2,9,0,18,0,0,0,0,0,0,2,1,6,2,33,6,1598,1,6,3,1,3
2018070250340,1,9,0,5,0,2,0,0,0,0,4,1,2,1,23,5,1198,1,4,10,1,10
2018070250340,2,9,0,18,0,1,0,0,0,0,1,1,6,2,44,7,1364,1,12,3,1,3
2018070250391,1,9,0,18,0,0,1,2,2,7,1,1,2,1,49,8,1956,2,4,9,2,9
2018070250391,2,19,0,18,0,0,0,2,0,0,3,1,2,1,38,7,1995,2,2,3,1,3
2018070251247,1,9,0,18,0,0,0,0,0,0,1,1,6,2,29,6,1496,2,1,1,1,1
2018070251247,2,9,0,18,0,0,0,0,0,0,2,1,6,2,22,5,1360,1,15,4,1,4
2018070251378,1,9,0,9,0,8,0,0,0,0,1,1,6,1,33,6,1600,1,14,3,1,3
2018070251378,2,1,0,18,0,8,0,0,0,0,3,1,2,1,33,6,-1,-1,-1,6,1,6
2018070252124,1,9,0,9,0,0,0,0,0,0,4,1,6,2,84,11,1248,1,4,4,1,4
2018070252124,2,9,0,18,0,0,0,0,0,0,1,1,2,1,54,8,-1,-1,-1,6,1,6
2018070252449,1,1,0,18,0,2,0,0,0,0,1,1,6,1,20,4,-1,-1,-1,2,1,2
2018070252449,2,9,0,18,0,2,0,0,0,0,4,1,6,3,-1,-1,-1,-1,-1,-1,-1,-1
2018070253405,1,3,0,18,0,0,1,4,0,0,1,1,6,1,31,6,125,1,8,3,1,3
2018070253405,2,9,0,4,0,0,0,0,0,0,1,1,6,1,17,4,1560,2,10,8,1,8
2018070253986,1,3,0,4,0,0,1,0,0,0,1,1,2,1,18,4,125,1,2,4,1,4
2018070254014,1,9,0,18,0,8,0,0,1,10,3,1,6,2,65,9,998,1,7,8,1,8
2018070254014,2,9,0,18,0,8,0,0,0,0,1,1,6,1,43,7,1339,1,9,1,1,1
2018070254079,1,9,0,18,0,8,0,0,0,0,3,1,1,1,24,5,2198,2,3,2,1,2
2018070254079,2,9,0,5,0,8,0,0,0,0,1,1,6,1,72,10,1398,1,5,9,3,9
2018070254136,1,9,0,11,0,1,0,0,0,0,1,1,6,1,86,11,796,1,9,2,1,2
2018070254136,2,9,0,18,0,1,0,0,0,0,1,1,6,1,69,10,1798,1,6,10,1,10
2018070254136,3,21,1,18,0,1,1,0,0,0,1,1,1,1,56,9,10837,2,10,2,1,2
2018070254210,1,9,0,11,0,4,1,0,0,0,1,1,6,1,62,9,1995,1,7,8,3,8
2018070254210,2,9,0,17,0,4,0,0,0,0,3,1,6,1,24,5,1582,2,5,5,1,5
2018070254211,1,90,0,18,0,0,0,0,0,0,4,1,1,1,50,8,2504,2,-1,6,3,6
2018070254220,1,9,0,9,0,1,0,2,0,0,1,1,6,2,39,7,1950,2,1,10,1,10