Accident_Index,Vehicle_Reference,Vehicle_Type,Towing_and_Articulation,Vehicle_Manoeuvre,Vehicle_Location-Restricted_Lane,Junction_Location,Skidding_and_Overturning,Hit_Object_in_Carriageway,Vehicle_Leaving_Carriageway,Hit_Object_off_Carriageway,1st_Point_of_Impact,Was_Vehicle_Left_Hand_Drive?,Journey_Purpose_of_Driver,Sex_of_Driver,Age_of_Driver,Age_Band_of_Driver,Engine_Capacity_(CC),Propulsion_Code,Age_of_Vehicle,Driver_IMD_Decile,Driver_Home_Area_Type,Vehicle_IMD_Decile
2018070310150,1,9,0,5,0,8,0,0,0,0,3,1,6,1,51,8,1560,2,-1,8,1,8
2018070310150,2,9,0,18,0,8,0,0,7,10,4,1,6,1,30,6,1396,2,5,7,1,7
2018070311291,1,9,0,15,0,0,0,0,0,0,3,1,6,1,21,5,1496,1,-1,9,1,9
2018070311291,2,19,0,18,0,0,0,0,0,0,4,1,1,1,47,8,2287,2,3,10,1,10
2018070311291,3,9,0,3,0,0,0,0,0,0,2,1,6,2,67,10,1596,1,5,5,1,5
2018070311314,1,3,0,18,0,0,0,0,7,0,3,1,2,1,30,6,124,1,2,2,1,2
2018070311314,2,10,0,18,0,0,0,0,0,0,3,1,1,1,44,7,-1,-1,-1,6,1,6
2018070311493,1,9,0,5,0,1,0,0,0,0,4,1,6,1,34,6,2987,2,12,4,1,4
2018070311493,2,3,0,18,0,1,1,0,0,0,1,1,6,1,44,7,124,1,16,1,1,1
2018070311571,1,9,0,13,0,8,0,0,0,0,4,1,6,1,-1,-1,-1,-1,-1,-1,-1,-1
2018070311571,2,1,0,18,0,8,0,0,0,0,2,1,6,1,15,3,-1,-1,-1,8,3,8
2018070312046,1,9,0,18,0,8,1,0,0,0,1,1,6,1,-1,-1,1560,2,5,1,1,1
2018070312046,2,9,0,3,0,8,0,0,0,0,2,1,6,1,53,8,2000,2,12,3,1,3
2018070312046,3,9,0,3,0,8,0,0,0,0,2,1,6,1,30,6,1968,2,1,5,-1,5
2018070312282,1,9,0,4,0,0,0,0,7,6,1,1,6,1,35,6,2993,2,13,8,1,8
2018070312454,1,3,0,18,0,8,0,9,0,0,3,1,6,1,21,5,125,1,-1,3,1,3
2018070312479,1,5,0,16,0,0,1,0,0,0,1,1,2,1,26,6,997,1,16,9,1,9
2018070312479,2,9,0,17,0,0,0,0,0,0,3,1,2,1,34,6,1598,2,1,8,1,8
2018070312544,1,9,0,5,0,4,0,0,0,0,1,1,6,1,83,11,1461,2,3,10,1,10
2018070312544,2,1,0,18,0,3,0,0,0,0,3,1,6,1,44,7,-1,-1,-1,6,3,6
2018070312697,1,21,1,12,0,0,0,0,0,0,3,1,1,1,-1,-1,12419,2,3,-1,-1,-1
2018070312697,2,9,0,18,0,0,0,0,0,0,4,1,6,1,39,7,1587,1,12,3,1,3
2018070313085,1,9,0,17,0,0,0,0,7,10,1,1,2,1,44,7,999,1,2,8,2,8
2018070313117,1,9,0,18,0,1,0,7,0,0,3,1,1,2,51,8,998,1,1,6,1,6
2018070313203,1,9,0,18,0,1,0,0,0,0,1,1,6,1,26,6,1598,1,4,6,1,6
2018070313203,2,9,0,18,0,1,0,0,0,0,2,1,6,1,35,6,1499,1,1,6,1,6
2018070313478,1,9,0,5,0,0,0,0,0,0,2,2,6,1,29,6,1398,2,6,-1,-1,-1
2018070313478,2,9,0,5,0,0,0,0,0,0,1,2,6,2,32,6,1796,1,4,4,1,4
2018070313478,3,9,0,5,0,0,0,0,0,0,1,2,6,1,31,6,2998,1,-1,8,3,8
2018070313536,1,9,0,5,0,8,0,0,0,0,1,1,6,2,41,7,1910,2,13,2,1,2
2018070313536,2,9,0,18,0,1,0,0,0,0,1,1,6,2,76,11,1497,1,16,7,1,7
2018070313591,1,5,0,11,0,0,0,0,1,10,1,1,6,1,30,6,599,1,11,1,1,1
2018070313591,2,9,0,18,0,0,0,0,0,0,0,1,6,1,19,4,1199,1,17,-1,1,-1
2018070313789,1,9,0,9,0,8,0,0,0,0,1,1,6,1,18,4,1229,1,10,-1,2,-1
2018070313789,2,9,0,18,0,8,0,0,1,0,1,1,6,1,31,6,2982,2,5,10,1,10
2018070313850,1,9,0,18,0,1,0,0,0,0,1,1,6,1,52,8,1560,2,5,10,1,10
2018070313850,2,9,0,4,0,1,0,0,0,0,2,1,6,1,48,8,2993,2,6,10,1,10
2018070314408,1,9,0,10,0,1,0,0,0,0,4,1,6,2,28,6,998,1,4,9,1,9
2018070314408,2,9,0,18,0,1,0,0,0,0,1,1,6,2,37,7,1598,2,4,3,1,3
2018070314458,1,9,0,18,0,0,0,0,0,0,1,1,6,1,32,6,1461,2,7,7,1,7
2018070314458,2,90,0,18,0,0,5,0,0,0,2,1,1,1,43,7,-1,-1,-1,5,1,5
2018070314458,3,9,0,18,0,0,0,0,0,0,1,1,6,1,52,8,1560,2,6,5,1,5
2018070314478,1,9,0,5,0,6,0,0,0,0,3,1,6,1,76,11,2435,1,11,8,3,8
2018070314478,2,5,0,18,0,8,0,0,0,0,1,1,6,1,47,8,1000,1,13,3,1,3
2018070315015,1,9,0,17,0,0,0,0,0,0,1,2,6,1,31,6,-1,-1,-1,-1,-1,-1
2018070315015,2,9,0,16,0,0,0,0,0,0,1,1,1,2,36,7,1598,2,1,6,1,6
2018070315374,1,19,0,7,0,0,0,0,0,0,1,1,6,1,-1,-1,-1,-1,-1,-1,-1,-1
2018070315374,2,9,0,18,0,0,0,0,0,0,2,1,6,1,19,4,1198,1,13,8,1,8
2018070315428,1,9,0,18,0,1,0,0,0,0,1,1,6,1,-1,-1,1596,1,2,-1,-1,-1
2018070315428,2,9,0,4,0,1,0,0,0,0,2,1,6,1,24,5,1229,1,3,10,1,10
2018070315806,1,9,0,9,0,5,0,0,0,0,3,1,6,2,63,9,1248,1,-1,6,1,6
2018070315806,2,5,0,13,0,8,0,0,0,0,1,1,6,1,47,8,998,1,3,4,1,4
2018070315956,1,1,0,17,0,0,0,0,0,0,3,1,6,1,15,3,-1,-1,-1,7,1,7
2018070315956,2,11,0,18,0,0,0,0,0,0,3,1,1,1,59,9,9000,2,9,5,1,5
2018070316098,1,9,0,9,0,5,0,0,0,0,0,1,6,1,44,7,1197,1,7,3,1,3
2018070316098,2,3,0,18,0,1,0,0,0,0,0,1,6,1,52,8,124,1,7,8,1,8
2018070316375,1,21,1,4,0,0,0,0,0,0,1,1,1,1,55,8,10518,2,10,7,1,7
2018070316375,2,21,1,4,0,0,0,0,0,0,2,1,1,1,52,8,12777,2,4,7,1,7
2018070316647,1,90,0,18,0,0,0,0,0,0,1,1,6,1,-1,-1,10837,2,1,10,1,10
2018070316647,2,9,0,3,0,0,0,0,0,0,2,1,1,2,62,9,1332,1,6,4,1,4
2018070316699,1,9,0,18,0,2,0,0,0,0,1,1,6,2,82,11,1329,1,7,6,1,6
2018070316699,2,1,0,18,0,2,0,0,0,0,2,1,6,1,47,8,-1,-1,-1,5,1,5
2018070316975,1,9,0,13,0,0,0,0,0,0,0,1,6,3,-1,-1,1395,1,-1,-1,-1,-1
2018070316975,2,1,0,18,0,0,0,0,0,0,0,1,6,1,48,8,-1,-1,-1,5,1,5
2018070317024,1,11,0,18,0,0,0,0,0,0,1,1,1,1,31,6,6700,2,11,1,1,1
2018070317039,1,9,0,9,0,8,0,0,0,0,1,1,6,1,19,4,1242,1,11,1,1,1
2018070317039,2,9,0,18,0,8,0,0,0,0,3,1,6,2,30,6,998,1,11,4,1,4
2018070317076,1,9,0,9,0,8,0,0,0,0,1,1,6,2,19,4,998,1,10,2,1,2
2018070317076,2,1,0,18,0,8,0,0,0,0,3,1,6,1,34,6,-1,-1,-1,3,1,3
2018070317176,1,9,0,5,0,8,0,0,0,0,1,1,6,1,79,11,-1,3,1,8,1,8
2018070317176,2,9,0,18,0,1,0,0,0,0,0,1,6,1,-1,-1,-1,-1,-1,-1,-1,-1
2018070317350,1,9,0,18,0,8,1,0,0,0,1,1,6,1,57,9,1761,1,17,6,1,6
2018070317909,1,9,0,18,0,8,0,0,0,0,1,1,1,1,53,8,1199,1,4,2,1,2
2018070317909,2,1,0,17,0,8,0,0,0,0,4,1,6,1,60,9,-1,-1,-1,10,3,10
2018070318042,1,9,0,5,0,1,0,0,0,0,1,1,3,1,47,8,1968,2,10,2,1,2
2018070318042,2,1,0,18,5,1,0,0,1,0,3,1,4,1,14,3,-1,-1,-1,1,1,1
2018070318141,1,9,0,18,0,8,0,0,0,0,1,1,6,1,23,5,2457,1,10,6,1,6
2018070318141,2,9,0,9,0,1,0,0,0,0,4,1,6,2,74,10,998,1,1,9,1,9
2018070318146,1,9,0,18,0,8,1,0,0,0,1,1,6,2,54,8,1396,2,7,6,1,6
2018070318146,2,1,0,18,0,8,0,0,0,0,2,1,4,1,11,3,-1,-1,-1,10,2,10
2018070318153,1,9,0,18,0,0,0,0,0,0,1,1,2,2,19,4,1124,1,15,2,1,2
2018070318178,1,9,0,18,0,0,2,0,1,0,1,1,2,1,29,6,-1,-1,-1,3,1,3
2018070318235,1,9,0,18,0,8,0,0,1,0,1,1,6,1,70,10,1560,2,3,5,1,5
2018070318235,2,17,4,7,0,5,0,0,0,0,2,1,1,1,42,7,-1,2,4,2,1,2
2018070318632,1,1,0,18,0,0,0,0,0,4,1,1,6,1,51,8,-1,-1,-1,10,1,10
2018070318632,2,1,0,18,0,0,0,0,0,4,1,1,6,1,54,8,-1,-1,-1,5,1,5
2018070318646,1,9,0,15,0,0,5,4,0,0,1,1,6,2,60,9,1149,1,13,8,1,8
2018070318646,2,9,0,2,0,0,1,0,0,0,2,1,6,1,-1,-1,1598,1,10,-1,-1,-1
2018070318653,1,5,0,3,0,1,0,0,0,0,1,1,1,1,50,8,865,1,10,7,1,7
2018070318653,2,9,0,9,0,1,0,0,0,0,3,1,1,1,51,8,1496,2,3,9,3,9
2018070319107,1,9,0,5,6,0,0,0,0,0,1,1,1,1,-1,-1,-1,-1,-1,-1,-1,-1
2018070319458,1,9,0,3,0,0,0,0,0,0,1,1,6,2,44,7,1686,2,6,10,1,10
2018070319458,2,1,0,3,0,0,0,0,0,0,3,1,6,1,17,4,-1,-1,-1,9,1,9
2018070319474,1,9,0,18,0,4,0,9,0,0,1,1,6,1,47,8,1896,2,10,1,1,1
2018070319474,2,9,0,4,0,4,0,9,7,10,2,1,6,2,23,5,1229,1,13,10,2,10
2018070319615,1,9,0,17,0,0,0,0,7,0,1,1,1,1,24,5,1896,2,9,2,1,2
2018070319615,2,21,1,16,0,0,1,0,0,0,1,1,2,1,60,9,12742,2,1,-1,3,-1
2018070319745,1,20,0,18,0,1,0,0,7,0,4,1,2,1,40,7,-1,-1,-1,2,1,2
2018070319745,2,1,0,9,0,1,0,0,0,0,3,1,2,1,19,4,-1,-1,-1,2,1,2
2018070319886,1,9,0,17,0,1,5,0,7,0,1,1,1,1,35,6,1956,2,7,10,3,10
2018070319886,2,17,0,16,0,2,0,0,0,0,1,1,1,1,19,4,-1,2,11,8,3,8
2018070319897,1,9,0,7,0,6,0,0,0,0,2,1,6,1,37,7,1149,1,12,4,1,4
2018070319897,2,1,0,18,0,2,0,0,0,0,1,1,6,1,27,6,-1,-1,-1,8,1,8
2018070319952,1,9,0,18,0,1,0,0,0,0,1,1,6,2,35,6,999,1,2,9,2,9
2018070319952,2,9,0,5,0,1,0,0,0,0,1,1,1,2,36,7,1968,2,6,1,1,1
2018070320130,1,9,0,18,0,0,0,0,0,0,1,1,6,1,33,6,1584,1,10,8,1,8
2018070320366,1,21,1,18,0,1,1,0,0,0,1,1,1,1,37,7,12777,2,7,9,1,9
2018070320366,2,9,0,10,0,1,0,0,0,0,2,1,1,1,38,7,999,1,-1,-1,-1,-1
2018070320489,1,9,0,10,0,1,0,0,0,0,0,1,2,2,47,8,898,1,2,5,1,5
2018070320489,2,3,0,14,0,1,0,0,0,0,3,1,6,1,19,4,125,1,4,1,1,1
2018070320635,1,8,0,1,0,0,0,0,0,0,2,1,6,1,-1,-1,1896,2,10,4,1,4
2018070321454,1,9,0,9,0,6,0,0,0,0,1,1,6,1,-1,-1,1242,1,2,9,1,9
2018070321777,1,1,0,18,0,8,0,0,0,0,4,1,2,1,18,4,-1,-1,-1,4,1,4
2018070321777,2,90,0,7,0,1,0,0,0,0,1,1,6,3,-1,-1,-1,-1,-1,-1,-1,-1
2018070321844,1,21,0,11,0,0,0,0,0,0,4,1,1,1,47,8,4500,2,3,5,1,5
2018070321844,2,9,0,18,0,0,0,0,0,7,3,1,6,2,30,6,1364,1,10,3,1,3
2018070322424,1,9,0,16,0,8,0,0,0,0,1,1,6,2,82,11,1339,8,9,10,1,10
2018070322424,2,9,0,17,0,8,0,0,0,0,1,1,6,2,77,11,998,1,2,10,2,10
2018070322517,1,9,0,18,0,0,0,0,0,0,0,1,6,3,-1,-1,-1,-1,-1,-1,-1,-1
2018070322662,1,9,0,18,0,0,0,0,0,0,3,1,6,1,46,8,1598,1,5,7,1,7
2018070322662,2,9,0,18,0,0,0,0,0,0,4,1,6,1,55,8,2720,2,13,6,3,6
2018070322672,1,9,0,2,0,1,0,0,0,0,3,1,1,1,44,7,-1,-1,-1,7,1,7
2018070322672,2,1,0,5,0,1,0,0,0,0,1,1,6,1,54,8,-1,-1,-1,3,1,3
2018070322758,1,19,0,18,0,1,0,0,0,0,1,1,6,1,53,8,3198,2,3,3,1,3
2018070322758,2,9,0,3,0,1,0,0,0,0,2,1,6,2,27,6,1149,1,6,9,1,9
2018070322763,1,9,0,9,0,1,0,0,0,0,1,1,2,2,51,8,999,1,2,9,1,9
2018070322763,2,5,0,18,0,1,0,0,0,0,1,1,6,1,55,8,749,1,25,9,1,9
2018070322867,1,1,0,18,0,0,0,0,0,0,3,1,6,1,38,7,-1,-1,-1,8,1,8
2018070322867,2,9,0,18,0,0,0,0,0,0,1,1,6,2,64,9,1198,1,5,6,1,6
2018070323182,1,3,0,18,0,1,1,0,1,10,1,1,6,1,17,4,-1,-1,-1,3,1,3
2018070323182,2,3,0,18,0,1,0,0,0,0,0,1,6,1,17,4,125,1,8,8,1,8
2018070323370,1,9,0,1,0,0,0,0,0,0,2,1,6,2,29,6,1598,1,13,2,1,2
2018070323732,1,19,0,4,0,0,0,0,0,0,0,1,1,2,51,8,1399,2,6,3,3,3
2018070323732,2,5,0,4,0,0,1,0,0,0,0,1,2,1,48,8,645,1,17,9,3,9
2018070324473,1,9,0,9,0,5,0,0,0,0,1,1,2,2,26,6,1242,1,11,3,1,3
2018070324473,2,9,0,18,0,8,5,0,0,0,1,1,1,1,30,6,1242,1,11,4,1,4
2018070324526,1,1,0,18,5,1,0,0,0,0,1,1,4,1,13,3,-1,-1,-1,9,1,9
2018070324526,2,9,0,5,0,1,0,0,0,0,3,1,3,1,44,7,1998,8,-1,9,1,9
2018070324751,1,9,0,4,0,8,5,0,0,0,3,1,6,2,43,7,1198,1,4,8,1,8
2018070324751,2,9,0,9,0,8,0,0,0,0,3,1,6,2,56,9,1596,1,15,1,1,1
2018070324864,1,1,0,18,0,0,1,0,0,0,0,1,6,1,75,10,-1,-1,-1,9,1,9
2018070324877,1,11,0,18,0,1,0,0,0,0,1,1,1,1,43,7,9360,2,11,2,1,2
2018070325650,1,9,0,9,0,1,0,0,0,0,1,1,2,1,44,7,1999,1,11,6,1,6
2018070325650,2,9,0,7,0,1,0,0,0,0,1,1,2,2,35,6,1598,1,12,-1,1,-1
2018070325768,1,9,0,18,0,0,0,0,0,0,4,1,6,3,-1,-1,-1,-1,-1,-1,-1,-1
2018070325816,1,9,0,11,0,0,1,0,1,0,4,1,6,2,22,5,-1,-1,-1,3,1,3
2018070325816,2,21,1,18,0,0,0,0,0,0,3,1,1,1,61,9,-1,-1,-1,6,1,6
2018070325843,1,9,0,10,0,1,0,0,0,0,2,1,1,1,59,9,-1,-1,-1,7,1,7
2018070325843,2,20,0,18,0,8,0,0,0,0,1,1,1,1,25,5,-1,-1,-1,9,2,9
2018070326063,1,9,0,9,0,8,0,0,0,0,4,1,6,2,40,7,1388,1,15,9,2,9
2018070326063,2,9,0,18,0,8,0,0,0,0,1,1,1,1,65,9,1998,8,1,7,1,7
2018070326356,1,9,0,18,0,1,1,0,0,0,1,1,2,2,24,5,1242,1,2,2,1,2
2018070326356,2,9,0,9,0,6,0,0,0,0,3,1,2,2,30,6,1598,2,6,2,1,2
2018070326915,1,9,0,5,0,4,0,0,0,0,3,1,2,1,36,7,1686,2,7,2,1,2
2018070326915,2,3,0,5,0,4,0,0,0,0,1,1,2,1,37,7,125,1,-1,6,1,6
2018070326989,1,11,0,18,0,0,0,0,0,0,4,1,3,1,49,8,12419,2,4,-1,-1,-1
2018070327000,1,19,0,18,0,0,0,0,0,0,3,1,1,1,40,7,2198,2,5,-1,1,-1
2018070327000,2,9,0,18,0,0,0,0,0,0,3,1,2,2,35,6,998,1,17,2,1,2
2018070327048,1,9,0,18,0,8,0,0,0,0,3,1,1,2,57,9,1242,1,6,7,1,7
2018070327048,2,9,0,9,0,1,0,0,0,0,1,1,6,2,53,8,1242,1,4,2,1,2
2018070327078,1,9,0,4,0,0,0,0,0,0,2,1,6,2,29,6,1496,2,-1,2,1,2
2018070327078,2,21,1,18,0,0,1,0,0,0,1,2,1,1,34,6,-1,-1,-1,-1,-1,-1
2018070327283,1,9,0,18,0,0,0,0,0,0,1,1,6,3,20,4,1598,1,12,3,1,3
2018070327283,2,9,0,4,0,0,0,0,0,0,2,1,6,2,20,4,998,1,10,-1,-1,-1
2018070327632,1,9,0,18,0,0,0,0,0,0,4,1,2,2,53,8,1560,2,3,8,3,8
2018070327632,2,9,0,5,0,0,0,0,0,0,1,1,6,3,-1,-1,-1,-1,-1,-1,-1,-1
2018070327636,1,9,0,16,0,6,0,0,0,0,1,1,2,2,27,6,1086,1,12,2,1,2
2018070327952,1,9,0,9,0,1,0,0,0,0,3,1,6,2,56,9,1197,1,1,5,1,5
2018070327952,2,9,0,18,0,1,0,0,0,0,3,1,6,1,35,6,2179,2,4,3,1,3
2018070327993,1,5,0,17,0,8,0,10,1,7,4,1,6,1,42,7,645,1,2,1,1,1
2018070328429,1,19,0,5,0,6,0,7,1,7,1,1,6,2,59,9,-1,-1,-1,2,1,2
2018070328429,2,19,0,18,0,8,0,0,0,0,4,1,1,2,27,6,1399,2,9,1,1,1
2018070328693,1,11,0,18,3,0,0,0,0,0,1,1,1,1,50,8,9000,2,9,1,1,1
2018070328693,2,11,0,4,3,0,0,0,0,0,2,1,1,1,54,8,5883,2,17,2,1,2
2018070328721,1,9,0,9,0,0,0,0,7,10,3,1,6,1,32,6,1998,1,19,2,1,2
2018070328721,2,9,0,13,0,0,0,0,7,0,4,1,1,1,47,8,1968,2,5,8,1,8
2018070328780,1,1,0,18,0,0,0,4,0,0,1,1,6,1,24,5,-1,-1,-1,5,1,5
2018070328780,2,9,0,2,0,0,0,0,0,0,2,1,6,1,52,8,-1,-1,-1,10,1,10
2018070328800,1,21,1,18,0,0,0,0,0,0,4,1,1,1,29,6,10518,2,7,4,1,4
2018070328800,2,9,0,18,0,0,1,0,0,0,3,1,6,2,29,6,1275,1,34,-1,1,-1
2018070328800,3,9,0,18,0,0,0,0,0,0,4,1,6,1,47,8,1498,1,-1,10,2,10
2018070329049,1,9,0,18,0,8,0,0,0,0,3,1,6,1,-1,-1,-1,-1,-1,-1,-1,-1
2018070329049,2,1,0,17,0,8,0,9,0,0,4,1,2,1,29,6,-1,-1,-1,7,1,7
2018070329754,1,3,0,5,0,0,0,0,0,0,0,1,6,2,49,8,125,1,9,3,2,3
2018070329779,1,9,0,18,0,0,0,2,1,7,1,1,6,1,50,8,1896,2,11,4,1,4
2018070329779,2,9,0,18,0,0,0,2,0,0,1,1,6,1,50,8,1596,1,8,1,1,1
2018070329985,1,11,0,9,0,6,0,0,0,0,4,1,6,1,43,7,3900,2,12,2,1,2
2018070329985,2,9,0,18,0,1,0,0,0,0,3,1,1,1,53,8,1598,2,6,3,1,3
2018070330883,1,5,0,17,0,0,2,0,1,10,1,1,6,1,68,10,1043,1,4,1,1,1
2018070330982,1,9,0,18,0,0,0,0,0,0,1,1,6,1,29,6,1995,2,9,-1,3,-1
2018070330982,2,9,0,3,0,0,0,0,0,0,2,1,6,1,53,8,2204,2,9,7,2,7
2018070331455,1,9,0,17,0,1,5,0,0,0,1,1,2,2,28,6,1242,1,1,7,1,7
2018070331479,1,9,0,9,0,1,0,0,0,0,2,1,1,2,54,8,1598,1,6,10,1,10
2018070331479,2,5,0,18,0,1,0,0,0,0,1,1,1,1,56,9,897,1,13,9,1,9
2018070331505,1,9,0,18,0,0,0,0,0,0,2,1,2,1,29,6,1595,1,5,6,1,6
2018070331505,2,9,0,18,0,0,0,0,0,0,1,1,3,2,33,6,-1,-1,-1,6,1,6
2018070331519,1,5,0,18,0,0,1,0,0,0,4,1,6,1,57,9,955,1,19,-1,3,-1
2018070331519,2,9,0,4,0,0,0,0,0,0,0,1,6,1,71,10,1395,1,1,2,1,2
2018070331567,1,9,0,18,0,0,0,0,1,11,1,1,6,1,77,11,998,1,1,6,2,6
2018070331567,2,9,0,18,0,0,0,0,7,0,1,1,6,1,24,5,1796,1,10,7,1,7
2018070331580,1,9,0,18,0,0,0,0,0,0,4,1,6,1,76,11,1984,1,15,-1,3,-1
2018070331580,2,9,0,17,0,0,0,0,0,0,4,1,2,1,38,7,1390,1,13,7,3,7
2018070332131,1,9,0,18,0,1,0,0,0,0,1,1,6,3,54,8,1596,1,14,6,1,6
2018070332131,2,9,0,4,0,1,0,0,0,0,2,1,6,1,40,7,1596,1,10,2,1,2
2018070332132,1,2,0,14,0,1,0,0,0,0,1,1,6,1,26,6,124,1,15,3,1,3
2018070332132,2,9,0,9,0,8,0,0,0,0,4,1,6,2,70,10,1798,1,3,3,1,3
2018070332175,1,1,0,16,0,0,0,0,0,0,1,1,6,1,57,9,-1,-1,-1,9,1,9
2018070332175,2,21,1,15,0,0,0,0,0,0,2,1,1,1,52,8,10837,2,2,7,3,7
2018070332186,1,9,0,6,0,0,0,0,0,0,3,1,6,1,42,7,1995,2,11,4,1,4
2018070332186,2,1,0,14,0,0,0,0,0,0,4,1,2,1,48,8,-1,-1,-1,4,1,4
2018070332221,1,9,0,18,0,0,0,0,7,2,1,1,2,1,52,8,1995,2,2,9,1,9
2018070333044,1,9,0,18,0,0,0,0,0,0,1,1,1,1,58,9,1498,1,-1,3,1,3
2018070333473,1,9,0,16,0,8,0,0,0,0,4,1,6,1,20,4,2495,2,19,5,3,5
2018070333473,2,5,0,17,0,8,0,0,0,0,1,1,6,1,61,9,1092,1,26,7,3,7
2018070333624,1,9,0,6,0,0,0,0,0,0,3,1,6,1,37,7,1497,8,12,2,1,2
2018070333624,2,3,0,4,0,0,0,0,0,0,4,1,6,1,18,4,-1,-1,-1,6,1,6
2018070333690,1,9,0,18,0,0,0,0,1,2,4,1,1,1,24,5,2400,2,4,2,1,2
2018070333690,2,19,0,18,0,0,0,0,0,0,0,1,6,1,24,5,1248,2,4,8,1,8
2018070333877,1,19,0,14,0,1,0,4,0,0,4,1,1,1,32,6,2143,2,4,5,1,5
2018070333877,2,9,0,2,0,1,0,4,0,0,3,1,6,3,29,6,1896,2,11,9,2,9
2018070333877,3,9,0,2,0,1,0,0,0,0,2,1,6,3,52,8,1796,1,6,9,2,9
2018070334288,1,1,0,18,0,6,0,0,0,0,1,1,6,1,44,7,-1,-1,-1,3,1,3
2018070334288,2,19,0,18,0,8,0,0,0,0,4,1,6,1,47,8,1686,2,9,-1,1,-1
2018070334288,3,9,0,18,0,8,0,0,0,0,0,1,1,1,52,8,-1,-1,-1,10,1,10
2018070334288,4,9,0,8,0,1,0,0,0,0,0,1,6,2,51,8,1685,2,3,6,1,6
2018070335031,1,21,1,18,0,0,0,2,4,7,1,1,1,1,48,8,12809,2,2,5,1,5
2018070335047,1,21,1,9,0,8,1,0,0,0,1,1,1,1,39,7,12902,2,5,10,1,10
2018070335047,2,5,0,5,0,8,0,0,1,0,1,1,2,1,30,6,781,1,18,6,1,6
2018070335394,1,9,0,18,0,2,0,0,0,0,1,1,6,1,65,9,2204,2,13,9,2,9
2018070335394,2,9,0,9,0,2,0,0,0,0,3,1,6,1,89,11,1998,1,10,-1,2,-1
2018070335561,1,9,0,18,0,1,0,0,0,0,1,1,6,1,79,11,999,1,2,8,3,8
2018070335561,2,9,0,18,0,1,0,0,0,0,1,1,3,1,46,8,1995,2,7,8,3,8
2018070335696,1,9,0,7,0,1,0,0,0,0,0,1,6,1,82,11,1242,1,8,9,1,9
2018070335696,2,1,0,5,9,8,0,0,0,0,3,1,6,2,13,3,-1,-1,-1,2,1,2
2018070335719,1,9,0,11,0,3,0,0,1,0,4,2,6,3,50,8,2143,2,1,9,2,9
2018070335719,2,9,0,18,0,3,0,9,0,0,3,2,6,2,48,8,1248,1,3,1,1,1
2018070335862,1,9,0,12,0,1,0,0,0,0,1,1,2,2,60,9,1242,1,8,6,1,6
2018070335862,2,1,0,12,0,1,0,0,0,0,2,1,2,2,51,8,-1,-1,-1,3,1,3
2018070335962,1,9,0,17,0,0,0,0,0,0,0,1,6,1,70,10,2179,2,3,9,1,9
2018070336189,1,21,1,18,0,0,0,2,0,0,0,2,1,1,38,7,-1,-1,-1,-1,-1,-1
2018070336189,2,9,0,13,0,0,1,2,1,1,3,1,1,2,31,6,1229,1,7,1,1,1
2018070336219,1,9,0,18,0,1,5,0,1,11,4,1,1,1,65,9,2429,1,13,5,3,5
2018070336219,2,9,0,5,0,1,0,0,0,0,1,1,6,1,59,9,-1,-1,-1,6,3,6
2018070336252,1,9,0,18,0,0,1,0,0,0,4,1,2,1,17,4,-1,-1,-1,9,3,9
2018070336252,2,9,0,18,0,0,1,0,0,0,1,1,2,1,49,8,2967,2,5,7,3,7
2018070336350,1,21,1,4,0,0,0,0,0,0,2,1,1,1,41,7,11705,2,14,3,1,3
2018070336350,2,21,0,4,0,0,0,0,0,0,1,1,1,1,59,9,7698,2,2,6,1,6
2018070336350,3,21,1,4,0,0,0,0,0,0,1,1,1,1,63,9,10677,2,3,7,3,7
2018070336350,4,11,0,4,0,0,0,0,0,0,1,1,1,1,43,7,9300,2,17,7,1,7
2018070336350,5,9,0,4,0,0,0,0,0,0,0,1,1,1,60,9,1596,1,8,6,1,6
2018070336350,6,21,1,4,0,0,0,0,0,0,2,1,1,1,49,8,12777,2,7,9,3,9
2018070336350,7,21,1,4,0,0,0,0,0,0,1,1,1,1,45,7,12777,2,3,5,2,5
2018070336350,8,21,1,4,0,0,0,0,0,0,2,1,1,1,38,7,12777,2,2,10,1,10
2018070336350,9,21,1,4,0,0,0,0,0,0,1,2,1,1,39,7,-1,-1,-1,-1,-1,-1
2018070336350,10,21,1,4,0,0,0,0,0,0,1,1,1,1,40,7,11705,2,12,-1,-1,-1
2018070336367,1,3,0,4,0,0,1,0,7,0,4,1,2,2,27,6,125,1,-1,1,1,1
2018070336390,1,9,0,18,0,1,0,0,0,0,1,1,6,1,25,5,1242,1,5,4,2,4
2018070336390,2,9,0,3,0,1,0,0,0,0,2,1,6,1,27,6,1956,2,5,1,1,1
2018070336554,1,9,0,4,0,0,0,0,0,0,1,1,6,1,60,9,1799,1,9,6,1,6
2018070336554,2,9,0,4,0,0,0,0,0,0,2,1,6,1,37,7,1956,2,7,2,1,2
2018070336554,3,9,0,4,0,0,1,0,0,0,1,1,6,1,39,7,-1,-1,-1,-1,-1,-1
2018070336554,4,9,0,4,0,0,1,0,0,0,1,1,2,1,27,6,-1,-1,-1,5,2,5