Accident_Index,Vehicle_Reference,Vehicle_Type,Towing_and_Articulation,Vehicle_Manoeuvre,Vehicle_Location-Restricted_Lane,Junction_Location,Skidding_and_Overturning,Hit_Object_in_Carriageway,Vehicle_Leaving_Carriageway,Hit_Object_off_Carriageway,1st_Point_of_Impact,Was_Vehicle_Left_Hand_Drive?,Journey_Purpose_of_Driver,Sex_of_Driver,Age_of_Driver,Age_Band_of_Driver,Engine_Capacity_(CC),Propulsion_Code,Age_of_Vehicle,Driver_IMD_Decile,Driver_Home_Area_Type,Vehicle_IMD_Decile
2018070336554,5,9,0,4,0,0,1,0,0,0,1,1,6,2,21,5,1298,1,15,4,1,4
2018070336796,1,9,0,18,0,0,0,0,1,0,1,1,2,2,29,6,1951,2,12,2,2,2
2018070336796,2,9,0,18,0,0,0,0,0,0,2,1,2,2,28,6,1968,2,1,9,2,9
2018070336796,3,9,0,18,0,0,0,0,0,0,2,1,2,1,54,8,1595,1,10,-1,1,-1
2018070336796,4,9,0,18,0,0,0,0,0,0,2,1,2,1,45,7,4367,2,3,6,3,6
2018070336814,1,9,0,9,0,6,0,0,0,0,4,1,6,1,64,9,1591,1,4,6,1,6
2018070336814,2,3,0,18,0,1,0,0,7,0,1,1,6,1,23,5,-1,-1,-1,8,1,8
2018070337012,1,9,0,16,0,0,0,0,1,0,1,1,6,1,36,7,1995,1,17,3,1,3
2018070337012,2,9,0,18,0,0,0,0,1,0,1,1,6,1,43,7,1956,2,3,2,1,2
2018070337432,1,9,0,9,0,8,0,0,0,0,1,1,6,2,34,6,2993,2,1,10,-1,10
2018070337557,1,9,0,16,0,0,0,0,7,0,1,1,6,2,73,10,1596,1,13,3,2,3
2018070337557,2,9,0,16,0,0,0,0,7,0,1,1,6,1,76,11,1197,1,-1,6,2,6
2018070337980,1,9,0,9,0,5,0,0,0,0,0,1,6,2,66,10,1399,1,2,7,3,7
2018070338551,1,9,0,18,0,1,0,0,0,0,1,1,6,2,34,6,1598,2,-1,2,1,2
2018070338551,2,9,0,18,0,8,0,0,0,0,1,1,6,1,54,8,2351,1,14,5,1,5
2018070338709,1,9,0,18,0,0,0,0,1,10,4,1,6,1,27,6,1598,1,11,4,1,4
2018070338791,1,9,0,18,0,1,0,0,0,0,1,1,6,1,41,7,1493,2,10,1,1,1
2018070338791,2,9,0,18,0,1,0,0,0,0,4,1,6,2,78,11,1997,1,1,10,1,10
2018070338858,1,9,0,10,0,1,0,0,0,0,2,1,6,2,46,8,1999,2,-1,10,3,10
2018070338858,2,5,0,14,0,1,1,0,0,0,1,1,6,2,54,8,636,1,2,9,1,9
2018070338999,1,21,0,16,0,0,2,0,1,2,1,1,1,1,52,8,16123,2,13,10,1,10
2018070339409,1,21,1,4,0,0,0,4,0,0,1,1,1,1,59,9,12777,2,7,3,1,3
2018070339409,2,9,0,3,0,0,0,4,0,0,2,1,1,1,51,8,1968,2,3,-1,1,-1
2018070339409,3,9,0,3,0,0,0,4,0,0,2,1,1,1,34,6,1597,2,3,1,1,1
2018070339409,4,9,0,3,0,0,0,0,0,0,2,1,1,1,61,9,1200,1,-1,4,1,4
2018070339840,1,9,0,18,0,1,0,0,0,0,1,1,6,1,31,6,1560,2,6,8,1,8
2018070339840,2,9,0,3,0,1,0,0,0,0,2,1,6,1,47,8,-1,-1,-1,3,1,3
2018070340194,1,9,0,16,7,0,1,0,1,0,3,1,6,1,19,4,1598,1,16,7,1,7
2018070340194,2,9,0,18,0,0,0,0,0,0,0,1,6,1,26,6,1988,1,15,9,1,9
2018070340194,3,21,1,2,6,0,0,0,0,0,2,1,1,1,45,7,12777,2,8,6,1,6
2018070340647,1,9,0,18,0,4,0,0,0,0,4,1,6,3,-1,-1,-1,-1,-1,-1,-1,-1
2018070340647,2,1,0,18,0,4,0,0,0,0,3,1,6,1,31,6,-1,-1,-1,2,1,2
2018070340823,1,21,1,12,0,7,0,2,0,0,3,2,1,1,33,6,12809,2,1,6,1,6
2018070340823,2,9,0,18,0,8,2,2,5,6,4,1,6,2,56,9,1242,1,8,6,1,6
2018070341683,1,9,0,4,0,1,0,0,0,0,2,1,1,1,31,6,1124,1,11,-1,-1,-1
2018070341683,2,9,0,4,0,1,0,0,0,0,1,1,1,2,51,8,1995,2,5,-1,3,-1
2018070341683,3,9,0,4,0,1,0,0,0,0,1,1,6,2,70,10,1781,1,17,10,1,10
2018070341903,1,9,0,7,0,6,0,0,0,0,1,1,6,1,89,11,1364,1,8,7,1,7
2018070341903,2,9,0,18,0,1,0,0,0,0,4,1,6,2,72,10,973,1,15,9,1,9
2018070341903,3,9,0,18,0,1,0,0,0,0,1,1,6,1,64,9,1796,1,8,2,1,2
2018070342419,1,9,0,9,0,6,0,0,0,0,3,1,6,2,45,7,1997,2,12,9,1,9
2018070342419,2,5,0,13,0,1,0,0,0,0,1,1,6,1,24,5,531,1,29,1,1,1
2018070342465,1,9,0,9,0,6,0,0,0,0,3,1,6,1,26,6,1997,1,14,3,1,3
2018070342465,2,9,0,18,0,8,0,0,0,0,1,1,6,1,18,4,899,1,4,4,1,4
2018070342627,1,9,0,18,0,0,0,0,0,0,1,1,6,3,-1,-1,-1,-1,-1,-1,-1,-1
2018070342638,1,9,0,18,0,1,0,0,0,0,1,1,6,1,-1,-1,1242,1,12,-1,-1,-1
2018070342638,2,9,0,3,0,1,0,0,0,0,2,1,6,1,21,5,998,1,5,1,1,1
2018070342828,1,8,0,17,0,8,0,0,0,0,1,1,1,1,49,8,1995,2,1,2,1,2
2018070342907,1,21,1,11,0,0,0,0,0,0,3,1,1,1,71,10,10837,2,10,1,1,1
2018070342907,2,9,0,18,0,0,0,0,0,0,3,1,1,1,49,8,-1,-1,-1,-1,1,-1
2018070343174,1,9,0,18,0,8,0,0,0,0,1,1,2,2,46,8,1461,2,7,6,1,6
2018070343174,2,2,0,18,0,8,0,0,0,0,4,1,2,1,23,5,125,1,4,10,1,10
2018070343901,1,9,0,18,0,0,0,0,0,0,4,1,6,1,49,8,-1,-1,-1,10,1,10
2018070343901,2,9,0,18,0,0,0,0,0,0,1,1,6,2,66,10,1598,1,13,6,1,6
2018070344205,1,3,0,18,0,1,0,0,0,0,4,1,2,1,27,6,125,1,2,2,1,2
2018070344205,2,19,0,18,0,1,0,0,0,0,0,1,6,3,-1,-1,-1,-1,-1,-1,-1,-1
2018070344525,1,9,0,18,0,0,0,0,0,0,1,1,6,1,66,10,1360,1,9,10,1,10
2018070344525,2,20,0,18,0,0,0,0,0,0,1,1,6,1,57,9,4462,2,5,9,1,9
2018070345192,1,9,0,18,0,1,0,0,0,0,1,1,6,1,46,8,1896,2,15,8,1,8
2018070345192,2,9,0,8,0,1,0,0,0,0,2,1,6,1,32,6,1598,2,8,10,2,10
2018070345752,1,9,4,17,0,0,5,0,1,2,1,1,6,1,55,8,2490,2,23,10,1,10
2018070346151,1,4,0,18,0,0,0,0,0,0,1,1,6,1,17,4,125,1,10,3,1,3
2018070346151,2,9,0,18,0,0,0,0,0,0,2,1,6,2,29,6,1956,2,5,2,1,2
2018070346397,1,9,0,16,0,0,0,0,0,0,1,1,6,1,47,8,998,1,16,2,1,2
2018070346397,2,10,0,17,0,0,0,0,0,0,1,1,1,1,69,10,2460,2,12,2,1,2
2018070346397,3,9,0,16,0,0,0,0,0,0,0,1,6,1,18,4,1398,1,6,-1,-1,-1
2018070346671,1,9,0,4,0,4,0,0,1,11,1,1,6,2,86,11,1124,1,8,5,1,5
2018070346756,1,9,0,9,0,8,0,0,0,0,1,1,6,2,58,9,1242,1,4,3,1,3
2018070346756,2,9,0,18,0,8,0,10,0,0,3,1,6,2,36,7,2996,1,11,3,1,3
2018070346954,1,9,0,18,0,4,0,0,0,0,1,1,6,3,-1,-1,-1,-1,-1,-1,-1,-1
2018070346954,2,1,0,18,0,8,0,0,0,0,4,1,6,1,53,8,-1,-1,-1,1,1,1
2018070347028,1,9,0,18,0,3,2,10,7,11,1,1,6,1,49,8,999,1,1,10,1,10
2018070347242,1,9,0,17,0,0,0,0,0,0,1,1,6,2,21,5,996,1,4,10,1,10
2018070347364,1,9,0,9,0,6,0,0,0,0,3,1,2,1,22,5,2143,2,2,8,1,8
2018070347364,2,9,0,18,0,1,0,0,0,0,1,1,2,1,27,6,2993,2,8,6,3,6
2018070347467,1,90,0,15,0,1,0,0,0,0,1,1,6,2,-1,-1,-1,-1,-1,-1,-1,-1
2018070347467,2,1,0,4,0,1,0,0,0,0,2,1,1,1,50,8,-1,-1,-1,9,1,9
2018070347630,1,9,0,9,0,8,0,0,0,0,1,1,6,1,66,10,1339,1,6,8,1,8
2018070347630,2,9,0,18,0,8,0,0,0,0,1,1,1,1,60,9,1956,2,4,1,1,1
2018070348271,1,9,0,9,0,6,0,0,0,0,2,1,6,2,24,5,1149,1,8,8,1,8
2018070348271,2,21,1,18,0,1,1,0,0,0,1,1,1,1,30,6,12809,2,2,3,1,3
2018070348447,1,11,0,18,0,4,0,0,0,0,3,1,6,1,-1,-1,-1,-1,-1,-1,-1,-1
2018070348447,2,9,0,18,0,4,0,0,0,0,4,1,6,1,29,6,1991,2,10,9,1,9
2018070348776,1,9,0,18,0,0,0,10,8,11,1,1,2,1,62,9,1390,1,12,10,2,10
2018070348862,1,19,0,18,0,0,0,0,0,0,1,1,6,3,-1,-1,-1,-1,-1,-1,-1,-1
2018070348888,1,9,0,18,0,0,0,0,0,0,1,1,6,1,46,8,1397,1,15,-1,3,-1
2018070348888,2,9,0,2,0,0,0,0,0,0,2,1,6,1,64,9,-1,-1,-1,4,1,4
2018070348888,3,9,0,18,0,0,0,0,0,0,0,1,6,1,46,8,1388,1,9,1,1,1
2018070348949,1,5,0,18,0,3,5,10,2,1,1,1,6,1,58,9,955,1,14,3,1,3
2018070349045,1,9,0,18,0,0,0,2,0,0,1,1,6,1,61,9,1399,1,12,2,1,2
2018070349045,2,9,0,4,0,0,0,2,0,0,2,1,6,1,54,8,1396,1,18,8,1,8
2018070349399,1,19,0,11,0,8,0,0,0,0,4,1,6,1,53,8,2148,2,11,6,1,6
2018070349399,2,9,0,18,0,3,1,0,0,0,3,1,6,2,26,6,1791,8,7,7,1,7
2018070349423,1,19,0,18,0,1,0,2,0,0,1,1,6,3,-1,-1,-1,-1,-1,-1,-1,-1
2018070349423,2,1,0,18,0,1,0,2,0,0,2,1,6,2,17,4,-1,-1,-1,1,1,1
2018070349487,1,19,0,3,0,3,0,0,0,0,1,1,2,1,51,8,2464,2,9,9,1,9
2018070349487,2,1,0,3,0,3,5,0,0,0,2,1,2,1,48,8,-1,-1,-1,-1,-1,-1
2018070349666,1,9,0,9,0,4,0,0,0,0,1,1,2,1,51,8,1596,1,5,8,1,8
2018070349666,2,1,0,18,0,8,0,0,0,0,4,1,2,1,57,9,-1,-1,-1,6,1,6
2018070349815,1,9,0,4,0,0,0,0,0,0,1,1,6,1,42,7,1968,2,12,-1,2,-1
2018070349815,2,9,0,3,0,0,0,0,0,0,2,1,6,2,74,10,1240,1,11,2,1,2
2018070350073,1,9,0,5,0,0,1,0,0,0,1,1,1,2,26,6,1229,1,4,1,1,1
2018070350139,1,9,0,18,0,0,0,0,0,0,1,1,6,2,68,10,2400,2,8,10,1,10
2018070350139,2,19,0,18,0,0,0,0,1,0,1,1,6,1,60,9,2143,2,1,6,1,6
2018070350141,1,9,0,7,0,0,0,0,0,10,1,1,2,2,39,7,998,1,3,8,1,8
2018070350141,2,9,0,9,0,0,0,0,0,10,1,1,6,2,45,7,2967,2,8,9,3,9
2018070350269,1,9,0,4,0,1,0,0,0,0,1,1,6,2,29,6,1124,1,11,1,1,1
2018070350269,2,9,0,3,0,1,0,0,0,0,2,1,6,2,54,8,998,1,1,3,1,3
2018070350618,1,19,0,4,0,0,0,0,0,0,0,1,6,1,-1,-1,-1,-1,-1,-1,-1,-1
2018070350618,2,9,0,18,0,0,0,0,0,0,2,1,6,1,30,6,1968,2,2,9,1,9
2018070350618,3,9,0,18,0,0,0,0,0,0,1,1,6,2,26,6,1199,1,15,1,1,1
2018070350645,1,4,0,5,0,1,0,0,0,0,1,1,6,1,19,4,124,1,2,3,1,3
2018070350645,2,9,0,5,0,1,0,0,0,0,2,1,1,2,53,8,1686,2,3,5,1,5
2018070350766,1,9,0,18,0,0,0,2,0,0,1,1,2,1,25,5,1910,2,12,-1,1,-1
2018070350766,2,9,0,18,0,0,0,2,0,0,2,1,6,1,66,10,1999,1,12,2,1,2
2018070350766,3,19,0,12,0,0,0,2,0,0,2,1,6,1,23,5,1995,2,1,1,1,1
2018070350839,1,9,0,18,0,1,0,0,0,0,1,1,6,1,22,5,1242,1,9,6,1,6
2018070350907,1,9,0,18,0,1,0,0,0,0,3,1,6,2,-1,-1,-1,-1,-1,-1,-1,-1
2018070351156,1,9,0,18,0,0,0,0,0,0,1,1,2,1,63,9,1997,2,12,1,1,1
2018070351156,2,9,0,6,0,0,0,0,0,0,1,1,2,2,64,9,1149,1,16,8,1,8
2018070351156,3,9,0,2,0,0,0,0,0,0,3,1,6,1,39,7,1364,1,11,3,1,3
2018070351233,1,9,0,18,0,8,0,0,0,0,4,1,6,1,46,8,1995,2,2,-1,1,-1
2018070351233,2,9,0,18,0,1,0,0,3,0,1,1,6,2,40,7,2148,2,13,7,3,7
2018070351239,1,9,0,18,0,0,0,0,0,0,1,1,6,1,71,10,1461,2,2,8,1,8
2018070351239,2,9,0,18,0,0,0,0,4,0,3,1,1,1,27,6,1248,1,4,9,-1,9
2018070351332,1,9,0,18,0,8,0,0,0,0,1,1,1,2,25,5,1242,1,4,9,1,9
2018070351332,2,2,0,3,0,8,0,0,0,0,2,1,1,1,16,4,50,1,1,9,1,9
2018070351557,1,9,0,18,0,5,0,0,7,0,1,1,6,1,37,7,1781,1,18,7,1,7
2018070351557,2,9,0,9,0,8,0,0,0,0,3,1,6,1,43,7,1968,2,1,1,1,1
2018070352276,1,19,0,17,0,0,2,0,1,3,3,1,6,1,37,7,1499,2,-1,8,3,8
2018070353030,1,19,0,9,0,2,0,0,0,0,3,1,1,1,24,5,1968,2,3,5,1,5
2018070353134,1,9,0,5,0,2,0,0,0,0,4,1,6,1,64,9,-1,-1,-1,6,3,6
2018070353134,2,9,0,18,0,1,1,0,0,0,1,1,6,1,46,8,1951,2,14,7,3,7
2018070353231,1,9,0,18,0,0,0,0,0,0,2,1,6,1,26,6,1242,1,2,1,1,1
2018070353231,2,9,0,18,0,0,0,0,0,0,1,1,6,1,25,5,1598,1,9,1,1,1
2018070353788,1,9,0,18,0,0,5,0,0,0,3,1,6,2,20,4,1242,1,8,8,1,8
2018070353788,2,9,0,18,0,0,1,0,0,0,1,1,2,2,56,9,1560,2,-1,9,1,9
2018070354022,1,9,0,16,0,0,0,0,7,9,1,1,6,1,61,9,1896,2,18,4,1,4
2018070354905,1,9,0,17,0,2,1,0,7,4,1,1,2,2,51,8,1560,2,10,5,1,5
2018070355097,1,9,0,11,0,8,0,2,0,7,1,2,6,2,36,7,1200,1,-1,3,-1,3
2018070355125,1,9,0,9,0,6,0,0,0,0,3,1,6,3,-1,-1,-1,-1,-1,-1,-1,-1
2018070355125,2,9,0,18,0,1,0,0,0,0,3,1,6,1,24,5,1299,1,14,1,1,1
2018070355423,1,5,0,16,0,0,1,0,0,0,0,1,1,1,40,7,1099,1,9,9,1,9
2018070355438,1,9,0,3,0,1,0,0,0,0,1,1,6,1,26,6,1124,1,15,4,1,4
2018070355438,2,9,0,18,0,1,0,0,0,0,2,1,6,2,50,8,1968,2,9,10,3,10
2018070355501,1,9,0,9,0,8,0,0,0,0,1,1,6,1,24,5,1461,2,7,5,1,5
2018070355501,2,1,0,18,0,8,0,0,0,0,1,1,6,1,37,7,-1,-1,-1,6,1,6
2018070355521,1,90,4,5,0,2,0,0,0,0,3,1,6,1,28,6,-1,-1,-1,8,1,8
2018070355521,2,9,0,16,0,1,0,0,0,0,1,1,6,2,66,10,1896,2,10,3,1,3
2018070355583,1,9,0,18,0,8,0,0,0,0,4,1,6,2,-1,-1,1900,2,13,1,1,1
2018070355583,2,9,0,10,0,8,0,0,0,0,1,1,6,2,18,4,1388,1,16,10,1,10
2018070356032,1,21,1,11,0,0,0,2,0,0,1,1,1,1,33,6,12777,2,3,-1,2,-1
2018070356032,2,9,0,18,0,0,1,2,5,6,3,1,1,1,36,7,2996,2,8,6,-1,6
2018070356122,1,9,0,13,0,1,0,0,0,0,3,1,6,1,50,8,1497,8,10,8,1,8
2018070356122,2,9,0,13,0,1,0,0,0,0,3,1,6,2,63,9,1149,1,2,2,1,2
2018070356161,1,9,0,18,0,1,1,1,1,0,4,1,6,2,41,7,1896,2,15,6,3,6
2018070356161,2,9,0,9,0,2,0,1,0,0,1,1,6,1,75,10,1386,1,7,5,1,5
2018070356176,1,9,0,4,0,1,0,0,0,0,2,1,6,2,44,7,1968,2,9,-1,3,-1
2018070356176,2,19,0,4,0,1,1,0,0,0,1,1,6,1,-1,-1,1998,2,15,1,1,1
2018070356594,1,9,0,18,0,4,2,2,1,2,1,1,2,1,51,8,1968,2,6,4,1,4
2018070356671,1,9,0,18,0,1,0,0,0,0,1,1,6,2,58,9,998,1,4,1,1,1
2018070356671,2,9,0,5,0,8,0,0,0,0,3,1,6,2,36,7,1200,1,2,8,-1,8
2018070356757,1,9,0,18,0,0,0,0,0,0,1,1,6,2,26,6,1388,1,10,-1,1,-1
2018070356757,2,9,0,4,0,0,0,0,0,0,2,1,6,2,31,6,999,1,-1,4,1,4
2018070356987,1,9,0,14,0,0,0,0,0,0,3,1,6,2,89,11,1799,1,9,4,1,4
2018070356987,2,9,0,2,0,0,0,0,0,0,4,1,6,1,61,9,2184,2,12,8,1,8
2018070357120,1,9,0,5,0,2,0,0,0,0,1,1,2,1,38,7,1395,1,-1,7,1,7
2018070357131,1,11,0,18,0,1,0,0,0,0,1,1,1,1,54,8,7300,2,14,6,1,6
2018070357179,1,9,0,18,0,1,0,0,0,0,1,1,2,1,28,6,1398,2,12,1,1,1
2018070357179,2,20,1,18,0,1,0,0,0,0,2,1,1,1,55,8,-1,-1,-1,2,1,2
2018070357229,1,19,0,18,0,1,0,0,0,0,1,1,1,1,25,5,1598,2,1,1,1,1
2018070357229,2,9,0,10,0,1,0,0,0,0,2,1,2,1,52,8,995,1,8,6,2,6
2018070357229,3,21,0,18,0,1,0,0,0,0,1,1,1,1,32,6,6700,2,1,10,1,10
2018070357229,4,9,0,18,0,1,0,0,0,0,1,1,6,1,77,11,1591,1,-1,10,2,10
2018070357461,1,9,0,18,0,2,0,0,3,10,1,1,6,2,72,10,1339,1,9,8,1,8
2018070357725,1,21,0,18,0,8,0,0,0,0,4,1,1,1,51,8,12740,2,6,9,1,9
2018070357751,1,21,1,9,0,3,0,0,0,0,1,2,1,1,61,9,-1,-1,-1,-1,-1,-1
2018070357751,2,9,0,18,0,3,0,0,0,0,2,1,2,1,31,6,2143,2,3,-1,1,-1
2018070357827,1,3,0,18,0,2,0,0,0,0,1,1,6,1,39,7,125,1,-1,1,1,1
2018070357827,2,9,0,9,0,8,0,0,0,0,4,1,2,2,55,8,1398,1,6,10,2,10
2018070357848,1,9,0,3,0,4,0,9,0,0,1,1,1,1,23,5,2967,2,11,8,1,8
2018070357848,2,9,0,18,0,4,0,9,0,0,2,1,1,1,56,9,1956,2,8,2,1,2
2018070357875,1,9,0,18,0,1,0,0,0,0,1,1,6,1,24,5,2143,2,3,8,3,8
2018070357875,2,9,0,10,0,1,0,0,0,0,2,1,6,1,23,5,998,1,1,9,3,9
2018070358282,1,9,0,18,0,0,0,0,0,0,1,1,6,3,-1,-1,-1,-1,-1,-1,-1,-1
2018070358439,1,3,0,4,0,0,0,0,0,0,0,1,2,1,42,7,125,1,3,5,1,5
2018070358439,2,9,0,4,0,0,0,0,0,0,0,1,6,3,-1,-1,-1,-1,-1,-1,-1,-1
2018070358494,1,19,0,4,0,4,0,0,0,0,1,1,1,1,26,6,1997,2,2,10,1,10
2018070358494,2,9,0,4,0,4,0,0,0,0,2,1,1,1,34,6,1968,2,4,2,1,2
2018070358758,1,9,0,13,0,0,0,0,0,0,2,1,6,1,-1,-1,-1,-1,-1,-1,-1,-1
2018070358758,2,1,0,18,0,0,0,0,0,0,4,1,6,1,65,9,-1,-1,-1,10,2,10
2018070358996,1,20,0,17,0,8,5,0,0,0,4,1,1,1,45,7,2998,2,-1,2,1,2
2018070358996,2,21,1,3,0,4,0,0,0,0,1,1,1,1,54,8,12777,2,3,10,1,10
2018070359009,1,9,0,12,0,0,5,0,0,0,3,1,6,1,21,5,1086,1,10,10,2,10
2018070359009,2,21,1,11,0,0,0,0,0,0,4,1,1,1,60,9,12780,2,10,8,1,8
2018070359039,1,9,0,18,0,1,0,0,0,0,1,1,6,2,60,9,998,1,9,7,3,7
2018070359039,2,9,0,10,0,1,0,0,0,0,1,1,6,1,25,5,1968,2,8,6,1,6
2018070359120,1,9,0,1,9,8,0,0,0,0,3,1,6,1,44,7,1596,1,9,8,1,8
2018070359491,1,9,0,9,0,8,0,0,0,0,1,1,2,1,47,8,1995,2,-1,8,1,8
2018070359491,2,3,0,18,0,1,0,0,0,0,1,1,2,1,49,8,124,1,3,8,1,8
2018070359506,1,1,0,9,0,3,0,0,0,0,4,1,2,1,34,6,-1,-1,-1,-1,1,-1
2018070359506,2,9,0,7,0,3,0,0,0,0,3,1,2,2,40,7,1242,1,5,1,1,1
2018070359618,1,9,0,16,0,0,0,0,0,0,1,1,6,1,29,6,1968,2,1,7,1,7
2018070359618,2,9,0,17,0,0,0,0,1,11,1,1,6,2,66,10,1364,1,8,5,1,5
2018070359686,1,9,0,5,0,4,0,0,0,0,3,1,2,2,60,9,1388,1,9,9,1,9
2018070359686,2,9,0,18,0,8,0,0,0,0,1,1,6,1,27,6,1398,1,-1,2,1,2
2018070359969,1,9,0,18,0,8,0,2,0,0,4,1,2,1,32,6,1590,1,14,2,1,2
2018070359969,2,9,0,5,0,4,0,2,0,0,1,1,6,2,56,9,1461,2,-1,2,1,2
2018070360176,1,8,0,9,0,2,0,0,0,0,3,2,6,1,-1,-1,-1,-1,-1,-1,-1,-1
2018070360303,1,9,0,1,6,0,0,0,0,0,2,1,6,2,32,6,1598,2,3,6,1,6
2018070360303,2,9,0,3,6,0,0,0,0,0,4,1,6,2,22,5,1799,1,11,10,1,10
2018070361363,1,9,0,5,9,1,0,0,7,0,3,1,6,1,-1,-1,-1,-1,-1,-1,-1,-1
2018070362107,1,9,0,18,0,0,0,0,0,0,1,2,6,2,76,11,1229,1,9,9,1,9
2018070362107,2,9,0,3,0,0,0,0,0,0,2,2,6,2,55,8,-1,-1,-1,1,1,1
2018070362107,3,9,0,3,0,0,0,0,0,0,2,2,6,1,55,8,1998,1,15,6,1,6
2018070362372,1,9,0,5,0,0,0,0,0,0,2,1,6,2,58,9,1560,2,-1,6,1,6
2018070362372,2,9,0,5,0,0,0,0,0,0,1,1,6,2,22,5,1299,1,16,8,1,8
2018070362477,1,19,0,3,0,0,0,0,0,0,4,1,1,1,-1,-1,2287,2,5,-1,-1,-1
2018070363023,1,8,0,4,0,1,0,0,0,0,1,1,1,1,57,9,2664,2,17,1,1,1
2018070363110,1,9,0,18,0,0,1,7,0,2,4,1,6,1,18,4,1390,1,13,-1,-1,-1
2018070363251,1,9,0,9,0,1,0,0,0,0,4,1,6,1,57,9,1339,1,7,3,1,3
2018070363251,2,1,0,18,0,1,0,0,0,0,1,1,6,1,60,9,-1,-1,-1,2,1,2
2018070363355,1,5,0,18,0,0,0,0,0,0,4,1,6,1,26,6,900,1,20,5,1,5
2018070363355,2,5,0,18,0,0,0,0,0,0,1,1,6,1,35,6,929,1,17,2,1,2
2018070363452,1,9,0,9,0,8,0,0,0,0,0,1,6,1,20,4,999,1,-1,9,1,9
2018070363452,2,5,0,18,0,8,0,0,0,0,0,1,6,1,52,8,1312,1,11,1,1,1
2018070363566,1,9,0,5,0,0,0,0,0,0,3,1,6,2,22,5,999,1,-1,4,1,4
2018070363632,1,19,0,12,0,7,0,0,0,0,2,1,1,1,43,7,1560,2,5,2,1,2
2018070363632,2,9,0,18,0,7,0,0,0,0,1,1,6,1,32,6,1999,1,13,-1,1,-1
2018070364023,1,9,0,12,0,0,1,0,0,0,3,1,2,2,24,5,998,1,10,1,1,1
2018070364023,2,21,1,18,0,0,0,0,0,0,4,1,1,1,28,6,12809,2,2,6,1,6
2018070364061,1,1,0,18,0,2,0,0,0,0,1,1,2,2,25,5,-1,-1,-1,9,1,9
2018070364061,2,9,0,18,0,8,0,0,0,0,3,1,2,2,46,8,1968,2,6,10,1,10
2018070364094,1,19,0,1,0,2,0,0,0,0,2,1,1,1,30,6,2402,2,16,2,1,2
2018070364094,2,3,0,3,0,2,0,0,0,0,1,1,6,1,30,6,125,1,4,2,1,2
2018070364131,1,8,0,16,0,0,0,0,0,0,1,1,1,1,55,8,1997,2,8,-1,-1,-1
2018070364131,2,19,0,17,0,0,0,0,0,0,1,1,1,1,60,9,2298,2,4,4,1,4
2018070364306,1,9,0,9,0,8,0,0,0,0,4,1,6,1,-1,-1,1498,1,1,7,1,7
2018070364306,2,9,0,18,0,8,0,0,0,0,4,1,6,1,21,5,1598,2,6,9,1,9
2018070364380,1,9,0,5,0,6,0,0,0,0,1,1,6,1,63,9,2179,2,10,10,3,10
2018070364380,2,9,0,18,0,8,0,0,0,0,1,1,6,1,84,11,1329,1,8,8,1,8
2018070364446,1,5,0,18,0,1,2,10,0,2,4,1,6,1,19,4,645,1,14,2,1,2
2018070364558,1,2,0,16,0,0,2,0,0,0,0,1,6,1,46,8,124,1,12,4,1,4
2018070364652,1,9,0,18,0,0,0,0,0,0,1,1,2,2,36,7,1598,2,-1,9,-1,9
2018070364746,1,9,0,9,0,6,0,0,0,0,1,1,6,2,21,5,1242,1,9,1,1,1
2018070364746,2,2,0,18,0,1,0,0,7,0,1,1,6,1,16,4,49,1,-1,8,1,8
2018070364764,1,9,0,7,0,4,0,0,0,0,3,1,6,2,23,5,998,1,6,6,-1,6
2018070364764,2,3,0,9,0,8,0,0,0,0,1,1,2,1,29,6,125,1,4,3,1,3
2018070365044,1,9,0,18,0,2,0,0,0,0,1,1,1,1,50,8,1240,1,11,3,1,3
2018070365114,1,5,0,5,0,1,5,0,0,0,4,1,1,1,45,7,1043,1,2,1,1,1
2018070365114,2,9,0,9,0,8,0,0,0,0,4,1,6,2,33,6,1596,1,16,3,1,3
2018070365121,1,9,0,18,0,0,0,4,0,0,4,1,1,2,46,8,1986,2,9,1,1,1
2018070365121,2,9,0,2,0,0,0,0,0,0,3,1,6,1,26,6,1149,1,15,2,1,2
2018070365128,1,9,0,18,0,0,0,0,0,0,1,1,2,1,46,8,1598,1,12,2,1,2
2018070365128,2,9,0,3,0,0,0,0,0,0,2,1,2,1,38,7,2231,2,11,1,1,1
2018070365128,3,9,0,3,0,0,0,0,0,0,2,1,2,1,41,7,1560,2,8,5,1,5
2018070365252,1,9,0,17,0,7,0,0,0,7,1,1,6,2,51,8,998,1,14,3,1,3
2018070365442,1,3,0,4,0,1,1,0,0,0,0,1,6,1,27,6,-1,-1,-1,9,1,9
2018070365632,1,9,0,9,0,8,0,0,0,0,0,1,6,1,38,7,1364,1,10,1,1,1
2018070365632,2,3,0,14,0,8,0,0,0,0,0,1,1,1,29,6,124,1,-1,2,1,2
2018070365807,1,9,0,3,0,1,0,0,0,0,3,1,6,1,29,6,1896,2,11,1,1,1