Accident_Index,Vehicle_Reference,Vehicle_Type,Towing_and_Articulation,Vehicle_Manoeuvre,Vehicle_Location-Restricted_Lane,Junction_Location,Skidding_and_Overturning,Hit_Object_in_Carriageway,Vehicle_Leaving_Carriageway,Hit_Object_off_Carriageway,1st_Point_of_Impact,Was_Vehicle_Left_Hand_Drive?,Journey_Purpose_of_Driver,Sex_of_Driver,Age_of_Driver,Age_Band_of_Driver,Engine_Capacity_(CC),Propulsion_Code,Age_of_Vehicle,Driver_IMD_Decile,Driver_Home_Area_Type,Vehicle_IMD_Decile
2018070365807,2,9,0,18,0,1,0,0,0,0,1,1,6,2,74,10,1248,1,4,3,1,3
2018070365822,1,9,0,5,0,2,0,0,0,0,1,1,6,2,53,8,1395,1,1,1,1,1
2018070365822,2,1,0,16,0,8,0,0,0,0,2,1,6,1,42,7,-1,-1,-1,1,1,1
2018070365830,1,9,0,17,0,8,0,2,0,0,1,1,6,1,82,11,1560,2,3,8,2,8
2018070365830,2,9,0,17,0,8,0,2,0,0,4,1,2,2,22,5,1328,1,11,8,1,8
2018070365871,1,9,0,7,0,8,0,0,0,0,1,1,6,2,35,6,1248,1,-1,-1,2,-1
2018070365871,2,9,0,18,0,8,0,0,0,0,2,1,2,1,38,7,1108,1,10,-1,2,-1
2018070366185,1,9,0,18,0,0,1,10,1,10,3,1,6,1,30,6,2200,1,18,7,3,7
2018070366295,1,9,0,18,0,0,0,0,0,0,1,1,2,1,53,8,1995,2,3,10,1,10
2018070366295,2,19,0,10,0,0,0,0,0,0,2,1,2,1,31,6,1870,2,12,8,1,8
2018070366312,1,9,0,5,0,0,1,0,1,0,1,1,2,2,19,4,1398,1,1,9,3,9
2018070366312,2,9,0,3,0,0,0,0,0,0,2,1,2,2,48,8,1951,2,15,1,1,1
2018070366312,3,9,0,3,0,0,0,0,0,0,4,1,2,2,45,7,1498,1,1,9,1,9
2018070366396,1,9,0,18,0,0,0,2,0,0,1,1,1,1,48,8,-1,-1,-1,4,1,4
2018070366396,2,9,0,18,0,0,0,2,0,0,2,1,6,2,44,7,2143,2,1,8,3,8
2018070366755,1,9,0,9,0,6,0,0,0,0,3,1,1,1,27,6,1242,1,6,1,1,1
2018070366755,2,9,0,18,0,1,0,0,0,0,1,1,6,2,75,10,998,1,12,9,2,9
2018070366936,1,9,0,9,0,8,0,0,0,0,1,1,6,2,-1,-1,1596,1,16,4,1,4
2018070366936,2,9,0,18,0,8,0,0,0,0,4,1,6,2,56,9,1499,1,1,6,1,6
2018070367091,1,2,0,13,0,8,0,0,0,0,3,1,1,1,29,6,125,1,1,7,1,7
2018070367091,2,9,0,9,0,5,0,0,0,0,1,1,6,2,71,10,1368,1,8,10,2,10
2018070367211,1,98,1,18,0,0,0,0,0,0,3,2,1,1,35,6,-1,-1,-1,-1,-1,-1
2018070367211,2,9,0,18,0,0,0,0,0,0,4,1,6,1,63,9,999,1,-1,7,1,7
2018070367472,1,9,0,18,0,1,1,0,1,0,1,1,1,2,31,6,-1,-1,-1,10,1,10
2018070367472,2,9,0,2,0,1,0,0,0,0,1,1,1,1,58,9,-1,-1,-1,-1,-1,-1
2018070367472,3,9,0,9,0,1,0,0,0,0,0,1,1,1,36,7,-1,-1,-1,10,1,10
2018070367495,1,9,0,4,0,0,0,0,0,0,2,1,6,1,62,9,1598,2,1,4,1,4
2018070367495,2,9,0,4,0,0,0,0,0,0,2,1,6,1,33,6,1995,2,6,10,1,10
2018070367495,3,19,0,18,0,0,0,0,0,0,1,1,6,1,28,6,1499,2,2,3,1,3
2018070367754,1,9,0,1,0,0,0,0,0,0,2,1,6,1,54,8,-1,-1,-1,1,1,1
2018070367781,1,9,0,7,0,6,0,2,0,0,1,1,6,1,55,8,1368,1,6,2,1,2
2018070367781,2,11,0,18,0,1,0,2,0,0,1,1,1,1,62,9,3900,2,12,1,1,1
2018070367871,1,9,0,18,0,4,0,0,0,0,3,1,6,2,77,11,1398,1,2,-1,3,-1
2018070367871,2,20,0,18,0,3,0,0,0,0,1,1,1,2,30,6,10837,2,-1,-1,3,-1
2018070368097,1,9,0,17,0,0,1,0,0,0,1,1,2,2,60,9,1242,1,4,8,1,8
2018070368097,2,9,0,14,0,0,1,0,0,0,1,1,6,1,37,7,1396,1,18,4,1,4
2018070368132,1,9,4,18,0,4,0,11,0,0,3,1,6,3,-1,-1,-1,-1,-1,-1,-1,-1
2018070368132,2,9,0,18,0,4,0,11,0,0,1,1,6,2,52,8,2494,8,2,4,1,4
2018070368142,1,19,0,4,0,0,0,0,4,0,1,1,6,2,73,10,-1,-1,-1,-1,-1,-1
2018070368142,2,9,0,4,0,0,0,0,0,0,2,1,2,1,23,5,1896,2,9,-1,3,-1
2018070368142,3,9,0,4,0,0,0,0,0,0,2,1,2,1,34,6,-1,-1,-1,8,1,8
2018070368164,1,9,0,4,0,0,0,0,0,0,1,1,6,2,26,6,1149,1,5,8,1,8
2018070368164,2,9,0,4,0,0,0,0,0,0,2,1,6,1,24,5,1229,1,5,3,1,3
2018070368164,3,9,0,3,0,0,0,0,0,0,2,1,6,2,57,9,998,1,14,1,1,1
2018070368543,1,19,0,18,0,0,0,2,0,0,1,1,1,1,29,6,2148,2,9,2,1,2
2018070368543,2,20,0,2,0,0,0,2,2,6,2,1,1,1,58,9,4250,2,14,2,1,2
2018070368629,1,9,0,9,0,4,0,0,0,0,3,1,1,1,52,8,898,1,1,2,1,2
2018070368629,2,1,0,9,0,8,0,0,0,0,4,1,1,1,53,8,-1,-1,-1,9,3,9
2018070369305,1,9,0,9,0,2,0,0,0,0,1,1,2,1,20,4,1242,1,14,1,1,1
2018070369321,1,9,0,4,0,0,1,0,0,0,1,1,2,1,23,5,1242,1,10,9,1,9
2018070369321,2,9,0,4,0,0,0,0,0,0,2,1,6,2,27,6,1997,2,1,9,1,9
2018070369321,3,9,0,4,0,0,0,0,0,0,2,1,6,2,34,6,1995,2,11,1,1,1
2018070369321,4,9,0,4,0,0,1,0,0,0,1,1,2,1,18,4,999,1,1,-1,3,-1
2018070369321,5,9,0,4,0,0,0,0,0,0,2,1,2,2,35,6,2143,2,-1,-1,1,-1
2018070369661,1,9,0,4,0,4,1,10,0,0,1,1,1,1,42,7,2993,2,2,3,1,3
2018070370032,1,9,0,18,0,0,0,0,1,4,1,1,6,1,30,6,1339,1,13,1,1,1
2018070370602,1,8,0,3,0,0,0,0,0,0,4,1,1,1,54,8,2143,2,6,-1,1,-1
2018070370749,1,9,0,16,0,0,1,0,0,0,1,1,6,3,38,7,2148,2,14,-1,1,-1
2018070370749,2,9,0,18,0,0,0,0,0,0,1,1,6,2,56,9,2720,2,13,10,2,10
2018070371076,1,8,0,17,0,0,0,0,1,1,1,1,1,1,55,8,1997,2,13,1,1,1
2018070371239,1,3,0,9,0,3,1,0,0,0,3,1,6,2,58,9,125,1,2,4,1,4
2018070371697,1,19,0,18,0,4,1,0,0,0,1,1,1,1,29,6,-1,-1,-1,3,1,3
2018070371697,2,9,0,17,0,8,0,0,0,0,4,1,6,2,49,8,1560,2,14,8,1,8
2018070372080,1,9,0,17,0,0,0,0,0,0,3,1,1,2,50,8,2157,2,1,8,1,8
2018070372080,2,9,0,16,0,0,0,0,0,0,3,1,6,2,58,9,1199,1,5,9,1,9
2018070372215,1,9,0,18,0,0,0,0,1,11,1,1,6,1,-1,-1,1242,1,13,6,1,6
2018070372215,2,19,0,2,6,0,0,0,0,0,3,1,6,1,-1,-1,1686,2,15,5,3,5
2018070372408,1,9,0,15,0,6,0,0,0,0,1,1,6,3,-1,-1,-1,-1,-1,-1,-1,-1
2018070372540,1,9,0,18,0,0,5,0,0,11,1,2,6,1,80,11,1560,2,12,3,1,3
2018070372748,1,9,0,18,0,0,0,0,0,0,1,1,2,2,48,8,1749,1,13,1,1,1
2018070372845,1,11,0,18,0,0,0,0,0,0,1,1,1,3,-1,-1,-1,-1,-1,-1,-1,-1
2018070372845,2,9,0,4,0,0,0,0,0,0,2,1,6,3,-1,-1,-1,-1,-1,-1,-1,-1
2018070373145,1,9,0,5,0,0,0,0,0,0,4,1,2,2,52,8,1229,1,5,10,2,10
2018070373526,1,9,0,18,0,1,0,0,0,0,1,1,1,2,24,5,998,1,7,3,1,3
2018070373526,2,1,0,18,0,1,0,0,0,0,4,1,4,1,14,3,-1,-1,-1,2,1,2
2018070373635,1,9,0,4,0,0,0,0,0,0,2,1,6,1,60,9,1248,2,7,10,1,10
2018070373635,2,3,0,18,0,0,1,0,0,0,1,1,6,2,19,4,125,1,2,4,1,4
2018070373805,1,9,0,18,0,0,0,0,0,0,1,1,6,3,-1,-1,999,1,4,-1,-1,-1
2018070373805,2,9,0,4,0,0,0,0,0,0,2,1,6,1,35,6,1598,1,1,2,1,2
2018070373822,1,9,0,18,0,8,0,10,0,0,3,1,2,2,36,7,1390,1,6,-1,1,-1
2018070373822,2,9,0,18,0,8,0,0,0,0,1,1,6,2,50,8,899,1,3,3,1,3
2018070373928,1,9,0,18,0,1,0,0,0,0,1,1,2,2,26,6,1197,1,6,3,1,3
2018070373938,1,9,0,18,0,1,0,0,0,0,1,1,6,2,79,11,1242,1,7,5,3,5
2018070373938,2,9,4,18,0,8,3,0,0,0,4,1,6,1,60,9,-1,-1,-1,10,1,10
2018070374444,1,9,0,7,0,8,0,0,0,0,4,1,6,2,66,10,1560,2,8,7,1,7
2018070374444,2,1,0,18,0,8,0,0,0,0,1,1,6,1,69,10,-1,-1,-1,1,1,1
2018070374576,1,19,4,6,0,1,0,0,7,0,3,1,1,1,22,5,2998,2,2,6,3,6
2018070374576,2,21,0,18,0,1,0,0,7,0,1,1,1,1,65,9,4580,2,-1,-1,1,-1
2018070374878,1,9,0,18,0,1,0,0,0,0,1,1,1,2,38,7,1685,2,2,5,1,5
2018070374878,2,9,0,9,0,6,0,0,0,0,3,1,6,2,22,5,1422,2,13,9,1,9
2018070375248,1,9,0,7,0,2,0,0,0,0,4,1,6,1,39,7,-1,-1,-1,8,3,8
2018070375248,2,9,0,18,0,1,0,0,0,0,4,1,6,2,42,7,2143,2,5,2,1,2
2018070375293,1,9,0,17,0,0,5,0,0,10,4,1,2,2,23,5,1796,1,16,3,1,3
2018070375576,1,9,0,9,9,3,0,0,2,1,3,1,1,1,40,7,1999,1,12,1,1,1
2018070375576,2,3,0,9,9,3,0,0,2,1,4,1,1,1,23,5,124,1,6,5,1,5
2018070376528,1,9,0,4,0,0,0,0,0,7,1,1,2,2,27,6,1242,1,5,6,2,6
2018070376528,2,9,0,18,0,0,1,0,0,7,1,1,6,1,18,4,1390,1,15,1,1,1
2018070376975,1,9,0,4,0,1,0,0,0,0,1,1,1,2,58,9,1496,1,-1,6,1,6
2018070376975,2,9,0,5,0,1,0,0,1,0,3,1,1,2,34,6,1781,1,14,6,1,6
2018070377095,1,9,0,9,0,1,0,0,0,0,1,1,6,1,49,8,1242,1,3,10,1,10
2018070377139,1,9,0,18,0,6,0,0,0,0,1,1,6,2,49,8,2143,2,5,8,1,8
2018070377139,2,1,0,18,0,6,0,0,0,0,2,1,4,1,15,3,-1,-1,-1,1,1,1
2018070377319,1,9,0,18,0,0,0,11,5,6,1,1,6,1,76,11,1598,1,11,10,1,10
2018070377319,2,9,0,18,0,0,0,0,0,0,1,1,6,2,52,8,1560,2,-1,-1,2,-1
2018070377378,1,9,0,9,0,5,0,0,0,0,0,1,6,1,66,10,2720,2,11,9,3,9
2018070377378,2,1,0,18,0,8,1,0,0,0,0,1,2,1,54,8,-1,-1,-1,5,1,5
2018070377550,1,9,0,9,0,6,0,0,0,0,3,1,1,1,57,9,1999,2,2,4,2,4
2018070377550,2,9,0,15,0,8,0,0,0,0,1,1,6,2,39,7,1796,1,25,1,1,1
2018070377845,1,9,0,18,0,1,0,0,0,0,1,1,6,1,47,8,1896,2,15,2,1,2
2018070377845,2,9,0,18,0,1,0,0,0,0,1,1,6,2,39,7,2179,2,6,4,1,4
2018070378301,1,9,0,16,0,1,1,0,7,11,1,1,2,1,19,4,1399,2,10,8,2,8
2018070378838,1,9,0,18,0,0,0,0,0,0,1,1,6,2,57,9,1198,1,5,8,1,8
2018070379243,1,9,0,18,0,0,0,0,0,0,4,1,6,3,-1,-1,-1,-1,-1,-1,-1,-1
2018070379962,1,9,0,18,0,1,0,0,0,0,1,1,6,3,-1,-1,2470,2,25,-1,-1,-1
2018070379962,2,9,0,10,0,8,0,0,0,0,1,1,6,1,27,6,1995,2,8,4,1,4
2018070379978,1,9,0,16,0,3,1,10,1,9,1,1,6,2,47,8,599,1,16,3,1,3
2018070380284,1,21,1,18,0,1,0,0,0,0,3,1,1,1,52,8,12902,2,1,2,1,2
2018070380284,2,9,0,18,0,8,0,0,0,0,1,1,2,1,26,6,2967,2,6,3,3,3
2018070380337,1,9,0,16,0,4,0,10,0,0,1,1,2,1,21,5,1397,1,8,7,1,7
2018070380337,2,9,0,17,0,8,0,0,0,0,1,1,3,2,46,8,1991,8,1,10,1,10
2018070380358,1,9,0,5,0,8,5,0,1,0,4,1,6,1,27,6,1560,2,-1,5,1,5
2018070380358,2,9,0,18,0,1,0,0,0,0,1,1,6,2,40,7,1598,1,9,6,3,6
2018070380511,1,19,0,10,0,6,0,0,0,0,1,1,1,1,35,6,2143,2,5,5,1,5
2018070380511,2,9,0,18,0,1,0,0,0,0,1,1,6,1,59,9,1329,1,6,8,1,8
2018070380511,3,9,0,18,0,1,0,0,0,0,1,1,1,1,53,8,-1,-1,-1,8,1,8
2018070381064,1,8,0,18,0,4,0,0,0,0,1,1,1,1,36,7,2231,2,12,6,1,6
2018070381064,2,1,0,18,0,8,0,0,0,0,2,1,6,1,17,4,-1,-1,-1,10,2,10
2018070381473,1,9,0,18,0,1,0,0,1,9,1,1,6,2,63,9,1461,2,5,3,1,3
2018070381473,2,9,0,4,0,1,0,0,0,0,2,1,6,1,30,6,1242,1,10,1,1,1
2018070381473,3,9,0,4,0,1,0,0,0,0,2,1,6,2,45,7,1560,2,5,10,2,10
2018070381473,4,9,0,4,0,1,0,0,0,0,2,1,6,1,45,7,998,1,3,7,2,7
2018070381473,5,9,0,3,0,1,0,0,0,0,2,1,6,1,27,6,1499,2,1,1,1,1
2018070381529,1,4,0,7,0,1,1,0,0,0,4,1,2,2,34,6,487,1,20,1,1,1
2018070381548,1,9,0,3,0,0,0,4,0,0,1,1,6,1,92,11,1242,1,12,6,1,6
2018070381548,2,9,0,2,0,0,0,0,0,0,2,1,6,1,72,10,1590,1,16,10,1,10
2018070381567,1,9,0,18,0,0,0,0,0,0,1,1,6,1,70,10,2979,1,16,5,1,5
2018070381567,2,9,0,2,0,0,0,0,1,0,2,1,6,2,79,11,1360,1,14,10,1,10
2018070381567,3,9,0,2,0,0,0,0,0,0,2,1,6,1,51,8,1560,2,4,1,-1,1
2018070381667,1,9,0,16,0,4,0,0,0,0,3,1,6,1,85,11,998,1,-1,9,2,9
2018070381667,2,21,0,16,0,4,0,0,0,0,4,1,1,1,27,6,10837,2,2,-1,1,-1
2018070381712,1,4,0,4,0,0,0,0,0,0,0,1,6,1,51,8,125,1,2,-1,3,-1
2018070381730,1,9,0,18,0,2,0,0,0,0,3,1,6,1,63,9,1591,1,2,2,1,2
2018070381730,2,1,0,5,0,6,0,0,0,0,1,1,6,1,48,8,-1,-1,-1,6,2,6
2018070382039,1,1,0,18,0,2,0,0,0,0,4,1,4,1,10,2,-1,-1,-1,10,1,10
2018070382039,2,9,0,18,0,2,0,0,0,0,1,2,3,2,37,7,1798,8,3,7,1,7
2018070382100,1,1,0,18,0,8,0,0,0,0,3,1,2,1,67,10,-1,-1,-1,5,1,5
2018070382100,2,9,0,9,0,1,0,0,0,0,1,1,6,2,77,11,1388,1,8,8,1,8
2018070382220,1,1,0,18,0,1,0,0,0,0,1,1,6,1,14,3,-1,-1,-1,3,1,3
2018070382220,2,9,0,9,0,1,0,0,0,0,1,1,6,2,25,5,1560,2,11,6,1,6
2018070382232,1,3,0,13,0,0,0,0,7,11,1,1,2,1,20,4,124,1,2,10,1,10
2018070382232,2,21,1,18,0,0,0,0,0,0,0,1,1,1,48,8,-1,-1,-1,1,1,1
2018070382232,3,9,0,18,0,0,0,0,0,0,0,1,6,1,70,10,2143,2,7,6,1,6
2018070382381,1,9,0,16,0,0,0,0,8,4,1,1,6,1,22,5,1242,1,9,6,1,6
2018070382578,1,11,0,5,0,1,0,0,0,0,1,1,1,1,58,9,5883,2,14,1,1,1
2018070382820,1,9,0,18,0,0,1,7,1,1,1,1,2,2,33,6,1560,2,6,6,1,6
2018070382841,1,9,0,15,0,0,0,0,0,0,0,1,6,3,-1,-1,1242,1,8,-1,-1,-1
2018070382841,2,1,0,18,0,0,0,0,1,0,3,1,6,1,64,9,-1,-1,-1,8,2,8
2018070383148,1,9,0,4,0,8,1,1,0,0,1,1,2,2,19,4,1240,1,13,8,1,8
2018070383148,2,9,0,2,0,8,0,1,0,0,2,1,2,1,40,7,2143,2,2,10,1,10
2018070383290,1,9,0,18,0,0,0,0,0,0,1,1,2,2,25,5,1395,1,3,1,1,1
2018070383290,2,9,0,10,0,0,0,0,1,0,2,1,2,2,23,5,1798,2,3,10,2,10
2018070383780,1,9,0,4,0,0,0,10,0,0,1,2,2,1,27,6,1240,1,12,4,3,4
2018070383877,1,9,0,9,9,0,0,0,0,0,0,1,2,2,43,7,1198,1,5,2,1,2
2018070383877,2,9,0,18,0,0,0,0,1,11,1,1,2,2,22,5,1995,2,1,9,2,9
2018070383877,3,9,0,18,0,0,0,0,0,0,1,1,2,1,46,8,1997,2,17,5,2,5
2018070383916,1,9,0,18,0,1,0,0,0,0,1,1,2,1,40,7,1499,1,2,5,1,5
2018070383916,2,1,0,9,0,6,0,0,0,0,4,1,6,2,67,10,-1,-1,-1,5,1,5
2018070384229,1,9,0,18,0,0,0,0,0,0,1,1,6,2,93,11,1248,1,5,9,1,9
2018070384229,2,1,0,18,0,0,0,0,0,0,2,1,6,1,61,9,-1,-1,-1,10,1,10
2018070385144,1,9,0,2,0,0,0,0,0,0,3,1,1,1,51,8,-1,-1,-1,3,1,3
2018070385144,2,1,0,18,0,0,0,0,0,0,4,1,4,1,10,2,-1,-1,-1,7,-1,7
2018070385271,1,21,1,18,0,1,3,0,0,0,1,1,1,1,29,6,12740,2,-1,2,1,2
2018070385271,2,19,0,18,0,1,5,0,2,11,3,1,1,1,53,8,1995,2,10,3,1,3
2018070385271,3,21,1,18,0,1,3,0,0,0,1,1,1,1,28,6,12902,2,4,7,1,7
2018070385424,1,9,0,18,0,3,0,0,0,0,1,1,6,2,22,5,1229,1,13,9,1,9
2018070385424,2,9,0,18,0,3,0,0,0,0,2,1,6,1,38,7,1349,1,4,2,1,2
2018070385424,3,9,0,18,0,3,0,0,0,0,2,1,6,2,74,10,998,1,5,10,1,10
2018070385600,1,9,0,9,0,1,0,0,0,0,1,1,6,3,-1,-1,-1,-1,-1,-1,-1,-1
2018070385600,2,1,0,18,0,1,0,0,0,0,4,1,6,1,52,8,-1,-1,-1,1,1,1
2018070385726,1,9,0,10,0,4,0,0,0,0,1,1,6,1,25,5,999,1,2,7,1,7
2018070385726,2,9,0,4,0,1,0,0,0,0,2,1,2,1,20,4,1248,2,11,1,1,1
2018070385946,1,9,0,9,0,5,0,0,0,0,4,1,6,2,47,8,1360,1,12,6,1,6
2018070385946,2,1,0,18,0,8,5,0,0,0,1,1,6,1,21,5,-1,-1,-1,7,1,7
2018070387711,1,9,0,16,0,0,1,0,1,4,3,1,6,1,36,7,1242,1,9,10,1,10
2018070387891,1,8,0,18,0,8,0,0,0,0,3,1,1,1,29,6,1797,8,4,-1,1,-1
2018070388017,1,9,0,6,0,2,0,0,0,0,1,1,6,1,32,6,1968,2,3,9,1,9
2018070388605,1,9,0,18,0,0,0,0,0,0,1,1,6,2,30,6,1499,2,3,8,1,8
2018070388611,1,3,0,18,0,0,0,0,0,0,1,1,6,1,25,5,125,1,3,5,2,5
2018070388788,1,9,0,16,0,0,2,0,7,11,3,1,2,2,45,7,1360,1,8,9,2,9
2018070389084,1,9,0,18,0,1,0,0,0,0,3,1,2,2,44,7,1461,2,6,3,1,3
2018070389084,2,1,0,18,0,1,0,0,0,0,3,1,6,1,13,3,-1,-1,-1,9,1,9
2018070389831,1,9,0,4,0,8,0,0,0,0,4,1,6,1,17,4,1499,1,1,9,1,9
2018070389831,2,1,0,18,0,8,0,0,0,0,3,1,6,1,47,8,-1,-1,-1,5,1,5
2018070390165,1,9,0,3,0,1,0,0,0,0,2,1,6,1,80,11,1587,1,13,6,2,6
2018070390165,2,9,0,3,0,1,0,0,0,0,1,1,6,2,55,8,-1,-1,-1,6,1,6
2018070390246,1,9,0,18,0,3,0,0,0,0,4,1,6,1,35,6,1598,2,3,2,1,2
2018070390246,2,4,0,18,0,3,1,0,0,0,3,1,2,2,45,7,-1,-1,-1,3,1,3
2018070390283,1,9,0,18,0,0,0,0,0,0,1,1,6,1,17,4,1199,2,5,8,2,8
2018070390283,2,9,0,18,0,0,0,0,0,0,2,1,6,1,30,6,1995,2,7,8,3,8
2018070390334,1,9,0,5,0,6,0,0,0,0,4,1,6,1,43,7,1796,1,14,4,1,4
2018070390334,2,9,0,18,0,1,0,0,0,0,1,1,6,1,67,10,999,1,1,7,1,7
2018070390368,1,9,0,4,0,0,0,0,0,0,2,1,6,1,55,8,1796,1,15,9,1,9
2018070390368,2,9,0,4,0,0,0,0,0,0,2,1,6,2,27,6,1296,1,11,2,1,2
2018070390368,3,9,0,4,0,0,0,0,0,0,2,1,6,1,40,7,1248,2,10,4,1,4
2018070390368,4,9,0,4,0,0,0,0,0,0,1,1,6,2,27,6,1796,1,9,9,2,9
2018070390394,1,5,0,18,0,8,2,10,1,1,4,1,2,1,28,6,675,1,8,3,1,3
2018070390394,2,9,0,7,0,8,0,0,0,0,3,1,6,1,30,6,1598,2,5,-1,1,-1
2018070390631,1,9,0,5,0,3,0,0,0,0,4,1,6,1,64,9,1461,2,1,10,1,10
2018070390931,1,9,0,7,0,8,0,0,0,0,1,1,6,1,89,11,1318,1,-1,9,1,9
2018070390931,2,9,0,13,0,8,0,0,0,0,4,1,6,1,29,6,2143,2,1,6,1,6
2018070390951,1,19,0,13,0,0,0,0,0,0,1,1,1,1,42,7,2299,2,1,1,1,1
2018070390951,2,1,0,18,0,0,0,0,0,0,2,1,6,1,50,8,-1,-1,-1,5,3,5
2018070390979,1,19,0,18,0,0,0,4,0,0,1,1,1,1,26,6,2198,2,6,9,3,9
2018070390979,2,9,4,2,0,0,3,0,0,0,2,1,6,1,43,7,2495,2,16,2,1,2
2018070391230,1,3,0,18,0,0,0,0,0,0,1,1,6,1,21,5,-1,-1,-1,9,2,9
2018070391230,2,9,0,2,0,0,0,0,0,0,3,1,6,2,-1,-1,2926,2,12,-1,-1,-1
2018070391392,1,9,0,18,0,0,0,0,1,9,3,1,6,1,33,6,1896,2,16,5,1,5
2018070391407,1,8,0,9,0,1,0,0,0,0,3,1,6,1,48,8,1598,2,2,1,1,1
2018070391421,1,9,0,9,0,6,0,0,0,0,3,1,6,1,58,9,2000,1,12,10,1,10
2018070391421,2,9,0,18,0,1,0,0,0,0,1,1,6,1,60,9,-1,-1,-1,7,2,7
2018070391556,1,9,0,18,0,1,0,0,7,3,1,1,6,1,30,6,1968,2,13,6,2,6
2018070391745,1,11,0,16,2,0,0,0,0,0,1,1,1,2,61,9,3900,2,12,3,1,3
2018070391891,1,9,0,17,0,8,0,6,0,0,2,1,6,1,24,5,1499,2,1,3,1,3
2018070391891,2,9,0,17,0,8,0,0,0,0,1,1,6,2,31,6,2480,1,6,2,1,2
2018070391970,1,9,0,9,0,5,0,0,0,0,4,1,6,2,22,5,1229,1,4,6,3,6
2018070391970,2,5,0,18,0,8,0,0,0,0,1,1,1,1,53,8,675,1,4,3,1,3
2018070392727,1,9,0,18,0,3,0,0,0,0,1,1,6,1,53,8,1997,2,-1,9,1,9
2018070392727,2,9,0,18,0,3,0,0,0,0,0,1,6,1,42,7,1968,2,1,6,1,6
2018070392785,1,4,0,14,0,0,0,0,0,0,1,1,6,1,-1,-1,-1,-1,-1,-1,-1,-1
2018070393084,1,21,0,18,2,1,0,0,0,0,1,1,6,3,-1,-1,-1,-1,-1,-1,-1,-1
2018070393084,2,1,0,18,2,1,0,0,0,0,1,1,1,2,49,8,-1,-1,-1,2,1,2
2018070393152,1,9,0,18,0,8,0,0,0,0,1,1,6,1,-1,-1,998,1,2,-1,-1,-1
2018070393152,2,1,0,18,0,8,0,0,0,0,4,1,6,2,27,6,-1,-1,-1,5,1,5
2018070393382,1,21,1,2,0,0,0,0,0,0,0,1,1,1,76,11,-1,2,14,10,1,10
2018070393402,1,9,0,5,0,2,0,0,0,0,1,1,2,2,42,7,1242,1,3,8,1,8
2018070393402,2,9,0,17,0,1,0,0,0,0,3,1,6,1,57,9,1968,2,1,10,1,10
2018070393477,1,10,0,2,0,0,0,1,0,4,1,1,6,1,-1,-1,2198,2,3,-1,-1,-1
2018070393477,2,9,0,18,0,0,1,1,0,0,2,1,6,2,24,5,899,1,4,7,3,7
2018070393769,1,9,0,9,0,6,0,0,0,0,1,1,6,1,25,5,1598,1,13,4,1,4
2018070393769,2,9,0,18,0,1,0,0,0,0,4,1,6,1,38,7,1998,1,11,-1,1,-1
2018070393944,1,90,0,9,0,6,0,0,0,0,1,1,6,3,-1,-1,-1,-1,-1,-1,-1,-1
2018070393944,2,9,0,7,0,8,0,0,0,0,2,1,6,2,30,6,1595,1,9,7,2,7
2018070394074,1,9,0,7,0,3,1,0,0,0,1,1,6,1,23,5,2979,1,1,10,1,10
2018070394074,2,9,0,4,0,4,1,0,1,0,1,1,6,2,54,8,1399,1,3,8,1,8
2018070394529,1,9,0,16,0,8,0,0,7,11,1,1,6,2,58,9,1499,2,2,9,1,9
2018070394665,1,9,0,18,0,0,0,0,0,0,1,1,6,2,52,8,1461,2,1,3,1,3
2018070394665,2,9,0,2,0,0,0,0,0,0,2,1,6,3,45,7,1956,2,3,2,1,2
2018070394665,3,9,0,2,0,0,0,0,0,0,2,1,6,3,32,6,1197,1,3,2,1,2
2018070394981,1,9,0,18,0,2,1,0,0,0,1,1,6,1,59,9,1896,2,11,9,1,9
2018070394981,2,9,0,13,0,1,1,0,0,0,3,1,6,1,43,7,1968,2,10,2,1,2
2018070395439,1,9,0,11,0,0,0,0,0,0,4,1,6,2,48,8,1956,2,4,-1,-1,-1
2018070395673,1,9,0,9,0,2,0,0,0,0,3,1,6,2,22,5,1499,1,-1,10,2,10
2018070396156,1,19,0,7,0,5,0,0,1,0,4,1,6,3,-1,-1,1753,2,12,-1,-1,-1
2018070396156,2,19,0,2,0,1,0,0,0,0,1,1,6,1,47,8,1499,2,1,8,1,8
2018070396188,1,3,0,18,0,1,1,0,0,0,3,1,6,1,50,8,124,1,-1,5,1,5
2018070396190,1,21,1,11,0,0,0,2,0,0,1,1,1,1,57,9,12419,2,1,4,1,4
2018070396190,2,9,0,18,0,0,0,2,0,0,3,1,6,2,30,6,1242,1,8,9,1,9
2018070396431,1,19,0,9,0,8,0,0,0,0,1,1,1,1,26,6,1560,2,7,6,1,6
2018070396431,2,1,0,18,0,8,0,0,0,0,3,1,6,1,30,6,-1,-1,-1,3,1,3
2018070396515,1,9,0,10,0,6,0,0,0,0,4,1,6,2,35,6,1973,1,17,10,1,10
2018070396515,2,19,0,18,0,1,0,0,0,0,1,1,2,1,24,5,1461,2,2,2,1,2
2018070396572,1,9,0,18,0,0,2,0,7,9,3,1,6,1,19,4,1398,1,6,10,3,10