Accident_Index,Vehicle_Reference,Vehicle_Type,Towing_and_Articulation,Vehicle_Manoeuvre,Vehicle_Location-Restricted_Lane,Junction_Location,Skidding_and_Overturning,Hit_Object_in_Carriageway,Vehicle_Leaving_Carriageway,Hit_Object_off_Carriageway,1st_Point_of_Impact,Was_Vehicle_Left_Hand_Drive?,Journey_Purpose_of_Driver,Sex_of_Driver,Age_of_Driver,Age_Band_of_Driver,Engine_Capacity_(CC),Propulsion_Code,Age_of_Vehicle,Driver_IMD_Decile,Driver_Home_Area_Type,Vehicle_IMD_Decile
2018100254764,2,19,0,18,0,0,0,0,0,0,1,1,6,1,48,8,2463,2,14,4,1,4
2018100254829,1,9,0,1,0,0,0,0,0,0,2,1,5,2,72,10,1242,1,2,10,2,10
2018100254837,1,9,0,17,0,0,0,0,8,0,1,1,5,2,42,7,1198,1,10,1,1,1
2018100254838,1,9,0,18,0,0,0,0,0,0,1,1,6,1,58,9,2184,2,14,2,3,2
2018100254838,2,9,0,18,0,0,0,0,0,0,3,1,5,1,31,6,1686,2,7,2,1,2
2018100254840,1,9,0,9,0,5,0,0,0,0,1,1,5,1,67,10,1120,2,6,8,2,8
2018100254840,2,9,0,18,0,8,0,0,0,0,1,1,5,1,49,8,-1,-1,-1,5,1,5
2018100254896,1,9,0,9,0,1,0,0,0,0,1,1,5,1,19,4,-1,-1,-1,1,1,1
2018100254896,2,9,0,18,0,1,0,0,0,0,1,1,5,1,59,9,-1,-1,-1,6,3,6
2018100254903,1,19,0,18,0,0,0,0,0,0,1,1,1,1,28,6,1968,2,2,1,1,1
2018100254903,2,9,0,4,0,0,0,0,0,0,2,1,6,1,35,6,2184,2,13,4,1,4
2018100254953,1,9,0,4,0,0,0,0,0,0,1,1,5,1,39,7,-1,-1,-1,2,1,2
2018100254953,2,9,0,4,0,0,0,0,4,0,2,1,5,2,22,5,999,1,4,3,1,3
2018100254953,3,9,0,4,0,0,0,0,0,0,2,1,6,2,37,7,1598,1,7,8,1,8
2018100254971,1,5,0,-1,-1,0,-1,-1,-1,0,-1,1,1,1,-1,-1,1171,1,13,-1,-1,-1
2018100254985,1,9,0,5,6,0,0,0,0,0,1,1,5,1,40,7,1870,2,15,1,1,1
2018100254985,2,3,0,18,0,0,0,0,0,0,1,1,1,1,23,5,125,1,5,5,1,5
2018100255005,1,9,0,11,0,1,1,0,2,7,1,1,2,1,30,6,1396,1,15,-1,-1,-1
2018100255026,1,9,0,18,0,0,1,7,8,0,1,1,6,1,48,8,-1,-1,-1,1,1,1
2018100255100,1,9,0,16,0,0,0,0,5,0,3,1,5,1,36,7,-1,-1,-1,2,1,2
2018100255136,1,9,0,18,0,0,0,0,1,0,1,1,5,1,53,8,1598,2,2,3,1,3
2018100255136,2,21,1,18,0,0,0,0,7,0,3,1,1,1,52,8,10677,2,1,7,1,7
2018100255170,1,9,0,18,0,0,0,0,0,0,1,1,5,2,89,11,1198,1,7,8,1,8
2018100255170,2,9,0,4,0,0,0,0,0,0,2,1,5,1,20,4,1499,1,1,8,3,8
2018100255195,1,21,1,5,0,2,0,0,0,0,1,1,1,1,27,6,10677,2,3,3,1,3
2018100255209,1,9,0,18,0,0,1,0,1,11,1,1,5,1,49,8,2995,1,3,5,3,5
2018100255283,1,9,0,18,0,0,1,0,7,0,2,1,2,1,42,7,998,1,5,8,2,8
2018100255438,1,9,0,9,0,8,0,0,0,0,4,1,6,2,64,9,1598,2,5,8,1,8
2018100255438,2,1,0,18,0,8,0,0,0,0,4,1,6,2,36,7,-1,-1,-1,3,1,3
2018100255444,1,9,0,18,0,0,0,0,0,0,1,1,6,2,-1,-1,1360,1,15,-1,-1,-1
2018100255444,2,9,0,10,0,0,0,0,0,0,2,1,6,1,22,5,1242,1,7,-1,-1,-1
2018100255707,1,9,0,18,0,0,0,0,0,0,0,1,6,1,-1,-1,-1,-1,-1,-1,-1,-1
2018100255707,2,9,0,18,0,0,0,0,0,0,1,1,6,2,26,6,1242,1,2,-1,-1,-1
2018100255707,3,9,0,9,0,0,0,0,0,0,2,1,2,1,24,5,1388,1,6,3,1,3
2018100255843,1,9,0,9,0,8,0,0,0,0,1,1,6,1,72,10,1329,1,5,2,1,2
2018100255843,2,1,0,18,0,8,0,0,0,0,1,1,5,1,54,8,-1,-1,-1,8,1,8
2018100255913,1,9,0,18,0,4,0,0,0,0,4,1,6,1,60,9,1598,1,9,3,1,3
2018100255925,1,11,0,18,0,0,0,0,0,0,0,1,1,1,46,8,4760,2,5,2,2,2
2018100255999,1,9,0,15,0,0,0,0,0,0,1,1,5,2,28,6,1499,2,5,2,1,2
2018100256034,1,9,0,5,0,1,0,0,0,0,1,1,6,2,23,5,1360,1,12,9,1,9
2018100256034,2,9,0,8,0,1,0,0,0,0,2,1,6,2,47,8,1229,1,13,9,1,9
2018100256043,1,9,0,18,0,0,1,0,7,0,1,1,5,1,19,4,1398,2,8,-1,-1,-1
2018100256045,1,9,0,18,0,8,1,0,2,7,1,1,5,1,28,6,1587,1,14,9,1,9
2018100256091,1,90,0,18,0,0,0,0,0,0,1,1,6,3,-1,-1,-1,-1,-1,-1,-1,-1
2018100256124,1,9,0,9,0,4,0,0,0,0,3,1,5,2,22,5,998,1,1,4,1,4
2018100256124,2,9,0,18,0,4,0,0,0,0,1,1,5,1,20,4,1229,1,10,2,1,2
2018100256365,1,9,0,7,0,8,0,0,0,0,1,1,6,2,42,7,1497,8,4,10,1,10
2018100256365,2,9,0,18,0,8,0,0,0,0,3,1,6,2,54,8,1240,1,12,4,1,4
2018100256400,1,9,0,18,0,0,0,0,0,0,1,1,2,2,17,4,1240,1,11,1,1,1
2018100256400,2,9,0,3,0,0,0,0,0,0,2,1,1,1,48,8,998,1,2,3,1,3
2018100256587,1,11,0,18,0,0,0,0,0,0,0,1,1,2,47,8,6700,2,10,1,1,1
2018100256588,1,9,0,18,0,0,0,0,0,0,1,1,1,1,62,9,1560,2,8,4,1,4
2018100256588,2,9,0,18,0,0,0,0,0,0,1,1,5,1,49,8,1587,1,13,3,1,3
2018100256591,1,9,0,18,0,0,0,0,0,0,4,1,2,2,56,9,2993,2,6,-1,-1,-1
2018100256677,1,9,0,16,0,1,0,0,0,0,1,1,2,1,31,6,1198,1,14,7,1,7
2018100256677,2,9,0,18,0,1,0,0,0,0,1,1,2,1,56,9,1968,2,2,3,1,3
2018100256679,1,9,0,13,0,0,0,0,0,0,1,1,6,3,-1,-1,-1,-1,-1,-1,-1,-1
2018100256679,2,1,0,18,0,0,0,10,1,0,2,1,2,1,43,7,-1,-1,-1,10,1,10
2018100256947,1,8,0,9,0,2,0,0,0,0,1,1,1,1,52,8,2198,2,10,1,1,1
2018100257086,1,9,-1,18,0,2,0,0,0,0,3,1,6,3,-1,-1,-1,-1,-1,-1,-1,-1
2018100257086,2,9,-1,18,0,2,0,0,0,0,3,1,5,2,57,9,1968,2,9,8,1,8
2018100257086,3,9,-1,18,0,2,0,0,0,0,3,1,5,1,55,8,1598,1,9,1,1,1
2018100257095,1,9,0,18,0,1,1,0,7,0,1,1,6,1,32,6,1796,1,7,1,1,1
2018100257097,1,9,0,9,0,8,0,0,0,0,1,1,5,2,28,6,1242,1,3,8,1,8
2018100257097,2,9,0,18,0,8,0,0,1,10,1,1,5,1,26,6,1991,1,4,8,1,8
2018100257101,1,9,0,17,0,0,0,0,7,11,1,1,6,1,33,6,1339,1,15,-1,-1,-1
2018100257178,1,9,0,9,0,6,1,0,0,0,1,1,2,1,37,7,-1,-1,-1,1,1,1
2018100257178,2,9,0,18,0,1,1,0,7,4,1,1,5,1,35,6,-1,-1,-1,5,1,5
2018100257198,1,9,-1,-1,-1,0,-1,-1,-1,0,-1,1,6,1,28,6,-1,-1,-1,3,2,3
2018100257306,1,9,0,17,0,0,1,7,5,6,1,1,6,2,32,6,1399,2,12,3,1,3
2018100257477,1,9,0,18,0,0,0,0,0,0,4,1,2,2,45,7,1582,2,9,2,2,2
2018100257541,1,9,0,4,0,0,0,0,0,0,1,1,5,2,20,4,999,1,1,4,1,4
2018100257541,2,9,0,4,0,0,0,0,0,0,2,1,2,2,29,6,1461,2,5,4,1,4
2018100257616,1,9,0,18,0,0,5,4,7,0,1,1,6,1,44,7,1685,2,1,-1,-1,-1
2018100257616,2,9,0,2,0,0,0,0,0,0,2,1,3,2,35,6,1248,2,7,10,1,10
2018100257616,3,9,0,2,0,0,0,0,0,0,1,1,6,2,42,7,1998,2,15,7,1,7
2018100257625,1,9,0,18,0,0,2,10,4,0,1,1,5,1,47,8,-1,-1,-1,10,1,10
2018100257626,1,9,0,11,0,0,5,10,2,1,4,1,5,1,38,7,2497,1,1,4,1,4
2018100257627,1,9,0,18,0,0,0,0,0,0,1,1,5,1,77,11,1329,1,5,9,1,9
2018100257638,1,9,0,5,0,8,0,0,0,0,1,1,5,1,19,4,1197,1,5,10,1,10
2018100257638,2,9,0,18,0,1,0,4,0,0,1,1,5,2,54,8,1686,2,8,9,1,9
2018100257638,3,9,0,2,9,1,0,0,0,0,2,1,6,3,-1,-1,-1,-1,-1,-1,-1,-1
2018100257638,4,9,0,2,0,1,0,0,0,0,1,1,6,3,-1,-1,-1,-1,-1,-1,-1,-1
2018100257638,5,9,0,2,0,1,0,0,0,0,1,1,6,1,66,10,1870,2,4,4,1,4
2018100257638,6,9,0,4,0,1,0,0,0,0,1,1,5,1,42,7,1198,1,11,3,1,3
2018100257674,1,9,0,18,0,0,0,0,0,0,1,1,5,1,24,5,1229,1,4,5,2,5
2018100257674,2,9,0,3,0,0,0,0,0,0,2,1,5,2,39,7,1995,2,11,7,2,7
2018100257675,1,19,0,4,0,1,0,0,0,0,1,1,6,1,30,6,1753,2,13,-1,-1,-1
2018100257675,2,9,0,3,0,1,0,0,0,0,2,1,6,2,55,8,1968,2,5,10,1,10
2018100257720,1,90,0,18,0,4,0,0,0,0,1,1,6,3,50,8,-1,-1,-1,-1,-1,-1
2018100257738,1,9,0,5,0,4,0,0,0,0,1,1,5,1,80,11,1388,1,14,4,1,4
2018100257738,2,9,0,4,0,4,0,0,0,0,2,1,5,2,50,8,2685,2,14,6,1,6
2018100257739,1,9,0,18,0,1,0,11,0,0,1,1,5,1,26,6,1590,1,17,7,1,7
2018100257739,2,1,0,18,0,1,0,11,0,0,1,1,5,1,12,3,-1,-1,-1,4,1,4
2018100257765,1,9,0,18,0,0,0,0,0,0,1,1,6,1,44,7,3387,1,11,10,3,10
2018100257765,2,21,0,18,0,0,0,0,0,0,4,1,2,1,44,7,12809,2,1,8,2,8
2018100257811,1,9,0,9,0,8,0,0,0,0,4,1,6,3,-1,-1,-1,-1,-1,-1,-1,-1
2018100257909,1,11,0,18,0,1,0,0,0,0,0,1,1,1,38,7,9000,2,13,3,1,3
2018100257972,1,9,0,18,0,0,0,0,0,0,1,1,1,2,42,7,-1,-1,-1,8,2,8
2018100257972,2,9,0,18,0,0,0,0,0,0,2,1,2,2,53,8,-1,-1,-1,4,2,4
2018100257972,3,9,0,18,0,0,0,0,0,0,2,1,6,2,49,8,1108,1,8,7,1,7
2018100258135,1,98,0,11,0,0,0,0,0,0,0,1,6,3,45,7,-1,-1,-1,-1,-1,-1
2018100258135,2,9,0,18,0,0,0,0,0,0,4,1,5,2,49,8,1398,1,1,3,1,3
2018100258135,3,9,0,18,0,0,0,0,0,0,3,1,5,1,32,6,1995,2,1,4,2,4
2018100258135,4,9,0,18,0,0,0,0,0,0,1,1,6,3,40,7,-1,-1,-1,-1,-1,-1
2018100258178,1,9,0,4,0,4,0,0,0,0,1,1,6,1,19,4,1995,2,3,-1,-1,-1
2018100258178,2,9,0,4,0,4,0,0,0,0,0,1,6,1,23,5,1968,2,3,-1,-1,-1
2018100258305,1,9,0,1,0,0,0,0,0,0,2,1,6,1,-1,-1,-1,-1,-1,-1,-1,-1
2018100258415,1,9,0,11,0,0,0,0,0,0,0,1,6,3,-1,-1,-1,-1,-1,-1,-1,-1
2018100258415,2,9,0,18,0,0,1,0,1,0,1,1,2,1,23,5,1998,1,14,7,1,7
2018100258415,3,98,1,18,0,0,0,0,0,0,2,1,6,3,-1,-1,-1,-1,-1,-1,-1,-1
2018100258535,1,9,0,7,0,8,0,0,0,0,1,1,6,1,-1,-1,-1,-1,-1,-1,-1,-1
2018100258535,2,1,0,18,0,8,0,0,0,0,4,1,5,1,14,3,-1,-1,-1,-1,-1,-1
2018100258546,1,11,0,4,0,0,0,0,0,0,0,1,1,1,40,7,9000,2,14,7,1,7
2018100258598,1,9,0,9,0,8,0,0,0,0,1,1,5,1,76,11,1997,2,3,9,1,9
2018100258632,1,9,0,18,0,1,1,0,0,0,1,1,5,2,17,4,998,1,16,1,1,1
2018100258667,1,11,0,7,0,8,0,0,0,0,1,1,1,1,47,8,6871,2,10,2,1,2
2018100258676,1,9,0,6,0,8,0,0,7,0,3,1,5,1,26,6,999,1,1,4,-1,4
2018100258676,2,5,0,18,0,8,2,0,0,0,1,1,6,1,37,7,745,1,2,-1,-1,-1
2018100258699,1,9,0,18,0,0,2,0,0,0,1,1,5,1,27,6,1395,1,1,-1,-1,-1
2018100258725,1,19,0,5,0,6,0,0,0,0,3,1,6,1,40,7,2287,2,11,2,1,2
2018100258734,1,11,0,4,0,1,0,0,0,0,0,1,1,2,41,7,6700,2,7,4,1,4
2018100258739,1,11,0,18,0,1,0,0,0,0,1,1,1,1,61,9,4500,2,7,-1,-1,-1
2018100258739,2,9,0,10,0,1,0,0,0,0,2,1,6,2,60,9,2231,2,5,9,2,9
2018100258742,1,9,0,12,0,0,1,0,1,4,3,1,5,2,18,4,999,1,2,10,1,10
2018100258742,2,9,0,18,0,0,1,0,5,0,4,1,2,1,41,7,1956,2,6,10,1,10
2018100258756,1,5,0,18,0,1,1,0,0,0,4,1,5,1,47,8,675,1,5,1,1,1
2018100258756,2,19,0,4,0,1,0,0,0,0,0,1,2,1,20,4,1998,2,12,5,3,5
2018100258756,3,9,0,7,0,1,0,0,0,0,0,1,6,3,16,4,-1,-1,-1,-1,-1,-1
2018100258771,1,9,0,17,0,0,0,0,0,0,0,1,6,3,-1,-1,-1,-1,-1,-1,-1,-1
2018100258771,2,9,0,18,0,0,0,0,7,0,0,1,2,2,54,8,1598,2,4,4,3,4
2018100258780,1,9,0,4,0,1,0,0,0,0,2,1,5,2,50,8,1997,2,2,1,1,1
2018100258780,2,9,0,4,0,1,0,0,0,0,2,1,5,2,63,9,1399,1,11,7,1,7
2018100259031,1,17,4,16,0,0,1,0,0,0,1,1,1,1,25,5,6788,2,10,5,1,5
2018100259031,2,9,0,17,0,0,0,0,0,0,1,1,2,2,52,8,1360,1,13,4,3,4
2018100259071,1,9,0,18,0,1,0,0,0,0,4,1,6,2,25,5,1248,1,8,-1,-1,-1
2018100259071,2,1,0,18,0,1,0,0,0,0,1,1,6,1,15,3,-1,-1,-1,3,1,3
2018100259165,1,9,0,17,0,0,2,0,1,11,1,1,5,1,64,9,2495,2,14,-1,3,-1
2018100259171,1,9,0,18,0,1,1,0,0,0,1,1,6,1,31,6,-1,-1,-1,6,3,6
2018100259171,2,9,0,7,0,6,0,0,0,0,1,1,5,2,31,6,2179,2,11,7,3,7
2018100259174,1,9,0,17,0,0,1,0,7,4,1,1,6,1,23,5,1560,2,11,7,2,7
2018100259175,1,9,0,4,0,1,0,0,0,0,2,1,2,1,28,6,1560,2,2,1,1,1
2018100259175,2,9,0,18,0,1,0,0,0,0,1,1,6,1,30,6,-1,-1,-1,-1,-1,-1
2018100259186,1,9,0,13,0,0,2,0,7,0,4,1,5,1,66,10,1951,2,15,9,2,9
2018100259186,2,9,0,18,0,0,1,0,1,0,3,1,5,1,26,6,1598,1,8,8,3,8
2018100259217,1,1,0,5,0,1,0,0,0,0,1,1,6,1,40,7,-1,-1,-1,-1,-1,-1
2018100259217,2,9,0,5,0,1,0,0,0,0,1,1,5,2,55,8,-1,-1,-1,7,1,7
2018100259491,1,9,0,18,0,0,1,0,1,0,1,1,5,2,29,6,1242,1,7,5,1,5
2018100259495,1,11,0,18,0,0,0,0,0,0,1,1,1,1,45,7,6700,2,2,5,1,5
2018100259685,1,9,0,7,0,4,0,0,0,0,0,1,6,1,60,9,1386,1,10,3,1,3
2018100259685,2,9,0,9,0,3,1,0,0,0,0,1,2,2,24,5,1461,2,1,3,1,3
2018100259687,1,9,0,5,0,2,0,0,0,0,2,1,6,1,30,6,1299,1,14,-1,-1,-1
2018100259687,2,9,0,5,0,2,0,0,0,0,1,1,6,2,41,7,1995,2,5,4,1,4
2018100259688,1,19,0,8,0,2,0,0,0,0,2,1,6,3,-1,-1,2402,2,17,-1,-1,-1
2018100259688,2,9,0,8,0,1,0,0,0,0,1,1,6,2,52,8,1984,1,8,2,1,2
2018100259691,1,9,0,18,0,0,1,4,0,0,1,1,5,2,19,4,1422,2,1,-1,-1,-1
2018100259691,2,9,0,2,0,0,0,0,0,0,1,1,6,3,-1,-1,-1,-1,-1,-1,-1,-1
2018100259693,1,9,0,18,0,2,0,0,0,0,1,1,6,1,34,6,-1,-1,-1,-1,-1,-1
2018100259693,2,1,0,18,0,1,0,0,1,0,1,1,6,1,34,6,-1,-1,-1,2,1,2
2018100259694,1,9,0,4,0,1,0,0,0,0,1,1,6,3,-1,-1,-1,-1,-1,-1,-1,-1
2018100259694,2,9,0,3,0,1,0,0,0,0,2,1,5,2,47,8,1560,2,10,4,3,4
2018100259702,1,9,0,9,0,5,0,0,0,0,1,1,5,1,24,5,1229,1,7,8,2,8
2018100259702,2,9,0,18,0,1,0,7,1,0,1,1,5,1,54,8,1497,1,15,6,1,6
2018100259702,3,9,0,18,0,1,0,0,0,0,3,1,5,1,40,7,2993,2,6,8,1,8
2018100259716,1,9,0,9,0,8,0,0,0,0,1,1,6,1,29,6,1753,2,12,3,1,3
2018100260039,1,9,0,18,0,0,0,0,0,0,1,1,6,3,-1,-1,1461,2,1,-1,-1,-1
2018100260039,2,98,0,18,0,0,0,0,0,0,2,1,6,2,19,4,-1,-1,-1,-1,-1,-1
2018100260046,1,11,0,5,0,0,0,0,0,0,1,1,1,1,30,6,4760,2,5,-1,-1,-1
2018100260046,2,9,0,3,0,0,0,0,0,0,2,1,6,3,-1,-1,1368,1,2,10,1,10
2018100260047,1,9,0,15,0,0,0,0,0,0,1,1,6,3,16,4,-1,-1,-1,-1,-1,-1
2018100260047,2,9,0,18,0,0,0,0,0,0,1,1,6,2,38,7,1395,1,2,-1,-1,-1
2018100260047,3,11,0,18,0,0,0,0,0,0,0,1,1,1,16,4,4461,2,3,-1,-1,-1
2018100260054,1,9,0,18,0,2,0,0,0,0,3,1,6,1,60,9,2204,2,11,-1,-1,-1
2018100260055,1,9,0,18,0,2,0,0,0,0,1,1,5,1,87,11,1390,1,12,9,2,9
2018100260123,1,9,0,18,0,0,0,0,0,0,1,1,2,1,42,7,1968,2,3,-1,-1,-1
2018100260123,2,9,0,3,0,0,0,0,0,0,2,1,5,2,39,7,2993,2,7,8,2,8
2018100260123,3,9,0,3,0,0,0,0,0,0,2,1,1,1,24,5,1461,2,1,4,2,4
2018100260129,1,9,0,18,0,7,0,4,0,0,1,1,2,1,26,6,2987,2,10,-1,-1,-1
2018100260129,2,9,0,2,0,7,0,0,1,0,2,1,2,1,50,8,1499,2,4,6,1,6
2018100260163,1,9,0,16,0,0,1,0,0,0,1,1,1,1,49,8,1598,2,1,2,1,2
2018100260163,2,9,0,17,0,0,0,0,0,0,1,1,5,1,55,8,1991,2,10,8,1,8
2018100260182,1,9,0,18,0,0,0,0,0,0,1,1,6,3,-1,-1,-1,-1,-1,-1,-1,-1
2018100260195,1,9,0,18,0,0,1,0,1,0,2,1,2,1,30,6,1796,1,12,-1,-1,-1
2018100260240,1,9,0,4,0,0,1,0,0,0,1,1,5,2,21,5,1498,1,1,4,1,4
2018100260240,2,9,0,4,0,0,0,0,0,0,1,1,5,1,40,7,1968,2,9,7,1,7
2018100260240,3,9,0,4,0,0,0,0,0,0,2,1,1,1,41,7,1560,2,10,2,1,2
2018100260266,1,9,0,18,0,2,0,0,0,0,1,1,5,2,60,9,1197,1,3,4,1,4
2018100260266,2,9,0,18,0,1,0,0,0,0,4,1,5,1,22,5,1364,1,4,7,1,7
2018100260286,1,9,0,9,0,0,1,0,1,4,1,1,5,1,19,4,1242,1,8,10,1,10
2018100260301,1,9,0,16,0,0,1,0,0,0,1,1,5,1,49,8,-1,-1,-1,5,1,5
2018100260425,1,9,0,18,0,0,0,0,0,0,1,1,6,3,30,6,-1,-1,-1,-1,-1,-1
2018100260572,1,9,0,18,0,0,0,0,0,0,3,1,3,2,40,7,1799,1,12,8,3,8
2018100260591,1,9,0,18,0,0,0,0,0,0,1,1,2,1,47,8,998,1,12,4,1,4
2018100260591,2,9,0,4,0,0,0,0,0,0,2,1,5,2,24,5,1968,2,4,2,1,2
2018100260597,1,9,0,5,0,1,0,0,0,0,2,1,5,1,45,7,1985,1,17,4,1,4
2018100260597,2,21,1,18,0,1,0,0,0,0,3,1,1,1,63,9,10837,2,3,2,1,2
2018100260608,1,9,0,18,0,0,0,0,0,0,1,1,2,1,56,9,2999,2,16,6,1,6
2018100260608,2,9,0,2,0,0,0,4,0,0,1,1,3,1,41,7,1998,1,2,4,1,4
2018100260654,1,9,0,16,0,1,0,0,0,0,1,1,5,1,71,10,1386,1,10,-1,-1,-1
2018100260654,2,9,0,4,0,1,0,0,0,0,2,1,6,2,33,6,1461,2,9,-1,-1,-1
2018100261042,1,21,0,1,0,0,0,0,0,0,2,1,1,1,62,9,4250,2,10,1,1,1
2018100261042,2,9,0,3,0,0,0,0,0,0,1,1,5,2,80,11,1360,1,14,7,1,7
2018100261048,1,9,0,18,0,1,1,0,0,0,1,1,2,1,50,8,1598,2,2,8,1,8
2018100261048,2,1,0,18,0,5,0,0,0,0,2,1,2,1,54,8,-1,-1,-1,3,2,3
2018100261074,1,9,0,4,0,2,0,0,0,0,1,1,6,1,33,6,1968,2,5,2,1,2
2018100261074,2,9,0,18,0,1,0,0,0,0,4,1,6,1,50,8,1560,2,9,6,3,6
2018100261135,1,9,0,9,0,5,0,0,0,0,1,1,5,1,80,11,1598,1,10,1,1,1
2018100261294,1,9,0,9,0,2,0,0,0,0,1,1,1,1,21,5,998,1,4,2,1,2
2018100261294,2,19,0,18,0,1,0,0,7,0,3,1,1,1,52,8,2198,2,4,2,1,2
2018100261294,3,9,0,18,0,1,0,0,0,0,1,1,2,1,43,7,1598,1,12,9,1,9
2018100261323,1,9,0,4,0,0,0,4,0,0,1,1,6,2,-1,-1,1968,2,6,1,1,1
2018100261323,2,9,0,3,0,0,0,0,0,0,2,1,5,2,38,7,998,1,6,-1,-1,-1
2018100261323,3,9,0,3,0,0,0,0,0,0,2,1,6,1,-1,-1,-1,-1,-1,-1,-1,-1
2018100261342,1,5,0,17,0,6,0,11,0,0,1,1,2,1,35,6,998,1,16,1,1,1
2018100261454,1,11,0,4,0,0,0,0,1,0,0,1,1,2,55,8,6700,2,6,-1,-1,-1
2018100261459,1,9,0,9,0,5,0,0,0,0,3,1,5,2,26,6,1995,2,5,2,1,2
2018100261459,2,9,0,18,0,1,0,0,0,0,1,1,1,1,46,8,1598,2,4,3,1,3
2018100261460,1,98,0,18,0,0,0,0,0,0,3,1,6,3,-1,-1,-1,-1,-1,-1,-1,-1
2018100261460,2,9,0,18,0,0,0,0,0,0,4,1,5,1,44,7,1596,1,7,2,1,2
2018100261491,1,9,0,18,0,0,0,0,0,0,1,1,6,1,45,7,-1,-1,-1,-1,-1,-1
2018100261664,1,11,0,18,2,0,0,0,0,0,0,1,1,1,24,5,6370,2,5,-1,-1,-1
2018100261847,1,9,0,18,0,0,0,0,0,0,1,1,1,2,57,9,898,1,1,3,1,3
2018100261853,1,11,1,5,0,0,0,0,0,0,0,1,1,1,57,9,4500,2,9,-1,-1,-1
2018100261877,1,9,0,1,9,0,0,0,0,0,2,1,5,2,21,5,1248,2,4,4,1,4
2018100261889,1,9,0,18,0,1,0,0,0,0,4,1,6,1,16,4,-1,-1,-1,-1,-1,-1
2018100261889,2,3,0,9,0,1,0,0,0,0,3,1,6,1,36,7,124,1,14,1,1,1
2018100261983,1,9,0,18,0,1,0,0,0,0,4,1,5,1,37,7,1968,2,6,9,1,9
2018100262001,1,9,0,16,0,0,1,6,0,0,3,1,2,1,58,9,1499,1,3,6,1,6
2018100262158,1,3,0,18,0,1,1,4,0,0,1,1,5,1,23,5,125,1,3,7,1,7
2018100262158,2,9,0,1,0,1,0,0,0,0,3,1,6,1,39,7,1997,2,3,8,1,8
2018100262160,1,9,0,18,0,6,0,0,1,11,1,1,6,1,36,7,1596,1,9,1,1,1
2018100262160,2,9,0,18,0,8,0,0,7,0,1,1,5,1,46,8,1598,1,10,-1,-1,-1
2018100262162,1,9,0,18,0,4,0,0,0,0,1,1,5,1,32,6,1998,1,13,5,1,5
2018100262162,2,9,0,18,0,3,1,0,8,10,1,1,5,2,29,6,1596,1,13,2,1,2
2018100262163,1,9,0,4,0,0,0,0,0,0,1,1,5,1,36,7,1997,2,14,3,1,3
2018100262163,2,9,0,3,0,0,0,0,0,0,2,1,5,1,64,9,1686,2,4,-1,-1,-1
2018100262163,3,9,0,3,0,0,0,0,0,0,2,1,2,2,34,6,998,1,5,3,1,3
2018100262164,1,9,0,5,0,2,0,0,0,0,4,1,5,1,44,7,1997,2,3,-1,-1,-1
2018100262164,2,9,0,18,0,1,0,0,0,0,1,1,5,1,47,8,1598,1,13,2,1,2
2018100262171,1,9,0,18,0,3,0,0,3,10,1,1,5,1,21,5,2996,1,10,4,1,4
2018100262208,1,3,0,18,0,8,0,0,0,0,4,1,2,1,37,7,125,1,4,3,2,3
2018100262208,2,9,0,18,0,8,0,0,0,0,3,1,5,1,45,7,898,1,3,3,2,3
2018100262215,1,9,0,7,0,1,0,0,0,0,1,1,5,2,53,8,1461,2,5,5,1,5
2018100262215,2,9,0,16,0,1,0,0,0,0,1,1,5,1,71,10,1242,1,6,4,1,4
2018100262230,1,9,0,9,0,1,0,0,0,0,1,1,5,1,36,7,1598,2,3,4,2,4
2018100262230,2,9,0,18,0,1,1,0,7,0,4,1,5,2,46,8,1560,2,7,5,2,5
2018100262232,1,9,0,16,0,0,0,0,1,0,1,1,6,2,40,7,-1,-1,-1,3,1,3
2018100262246,1,9,0,18,0,0,0,0,0,0,1,1,6,3,-1,-1,-1,-1,-1,-1,-1,-1
2018100262270,1,9,0,17,0,0,5,0,8,10,4,1,6,2,50,8,1598,2,5,3,1,3
2018100262274,1,9,-1,-1,-1,-1,-1,-1,-1,0,-1,1,6,3,-1,-1,1242,1,8,-1,-1,-1
2018100262351,1,9,0,5,0,0,0,0,0,0,1,1,6,1,-1,-1,-1,-1,-1,2,1,2
2018100262351,2,1,0,18,0,0,5,0,0,0,1,1,5,1,21,5,-1,-1,-1,2,1,2
2018100262361,1,9,0,9,0,5,0,0,0,0,1,1,5,2,21,5,1086,1,13,5,3,5
2018100262361,2,9,0,18,0,1,0,0,0,0,1,1,5,1,23,5,1560,2,7,9,1,9
2018100262379,1,9,0,18,0,0,0,0,1,0,1,1,5,1,29,6,1968,2,13,2,1,2
2018100262379,2,9,0,9,0,0,0,0,0,0,0,1,5,1,18,4,998,1,9,6,1,6
2018100262488,1,9,0,9,0,6,0,0,0,0,0,1,6,1,24,5,1968,2,4,-1,-1,-1
2018100262488,2,9,0,18,0,1,0,0,0,0,1,1,5,1,33,6,-1,-1,-1,1,1,1
2018100262488,3,9,0,18,0,1,0,0,0,0,2,1,5,1,22,5,998,1,3,9,2,9
2018100262533,1,9,0,18,0,2,2,0,1,5,4,1,5,1,41,7,1596,1,13,3,1,3