Accident_Index,Vehicle_Reference,Vehicle_Type,Towing_and_Articulation,Vehicle_Manoeuvre,Vehicle_Location-Restricted_Lane,Junction_Location,Skidding_and_Overturning,Hit_Object_in_Carriageway,Vehicle_Leaving_Carriageway,Hit_Object_off_Carriageway,1st_Point_of_Impact,Was_Vehicle_Left_Hand_Drive?,Journey_Purpose_of_Driver,Sex_of_Driver,Age_of_Driver,Age_Band_of_Driver,Engine_Capacity_(CC),Propulsion_Code,Age_of_Vehicle,Driver_IMD_Decile,Driver_Home_Area_Type,Vehicle_IMD_Decile
2018100262533,2,9,0,18,0,2,0,0,0,0,3,1,5,2,38,7,1560,2,12,3,1,3
2018100262634,1,11,0,5,0,0,0,0,0,0,0,1,1,1,70,10,4461,2,5,2,1,2
2018100262651,1,9,0,18,0,8,1,0,0,0,1,1,5,1,20,4,1968,2,3,1,1,1
2018100262651,2,9,0,9,0,8,0,0,0,0,1,1,2,1,34,6,1390,1,15,1,1,1
2018100262658,1,9,0,9,0,1,0,0,0,0,4,1,5,1,70,10,1997,1,18,8,1,8
2018100262658,2,1,0,18,0,1,0,0,0,0,1,1,1,1,50,8,-1,-1,-1,2,1,2
2018100262662,1,11,0,5,0,0,0,0,0,0,4,1,1,1,34,6,4461,2,5,-1,-1,-1
2018100262918,1,19,0,5,0,1,0,0,0,0,1,1,1,1,55,8,1995,2,6,7,1,7
2018100262982,1,9,0,13,0,8,0,0,0,0,4,1,5,1,68,10,1461,2,3,5,1,5
2018100262982,2,1,0,9,0,1,0,0,0,0,3,1,2,1,33,6,-1,-1,-1,8,1,8
2018100263120,1,9,-1,-1,-1,4,-1,-1,-1,0,-1,1,6,3,-1,-1,-1,-1,-1,-1,-1,-1
2018100263165,1,11,0,18,0,2,0,0,0,0,4,1,1,1,42,7,6700,2,7,2,1,2
2018100263345,1,9,0,10,0,0,0,0,0,0,2,1,6,3,-1,-1,-1,-1,-1,-1,-1,-1
2018100263345,2,9,0,9,0,0,0,0,0,0,2,1,1,1,41,7,1999,2,1,5,3,5
2018100263490,1,9,0,5,0,1,0,0,0,0,3,1,6,1,-1,-1,-1,-1,-1,-1,-1,-1
2018100263490,2,1,0,5,0,1,0,0,0,0,1,1,6,1,28,6,-1,-1,-1,-1,-1,-1
2018100263569,1,8,0,9,0,2,0,0,0,0,1,1,1,1,69,10,2143,2,3,3,1,3
2018100263573,1,9,0,9,0,1,0,0,0,0,4,1,5,2,29,6,1599,1,13,1,1,1
2018100263573,2,3,0,18,0,1,0,0,0,0,1,1,5,1,29,6,125,1,2,2,1,2
2018100263579,1,9,0,18,0,0,0,0,0,0,1,1,6,1,20,4,1242,1,17,-1,-1,-1
2018100263579,2,9,0,18,0,0,0,0,0,0,2,1,6,2,57,9,1598,2,1,-1,-1,-1
2018100263617,1,9,0,18,0,0,0,0,0,0,4,1,6,3,-1,-1,-1,-1,-1,-1,-1,-1
2018100263673,1,9,0,17,0,0,1,0,0,0,1,1,5,1,66,10,1598,2,6,10,1,10
2018100263837,1,19,0,4,0,0,0,0,0,0,1,1,6,1,49,8,1248,2,5,3,1,3
2018100263837,2,9,0,4,0,0,0,0,0,0,2,1,2,1,19,4,1242,1,13,2,1,2
2018100263875,1,9,0,3,0,8,0,0,0,0,2,1,2,2,37,7,1198,1,9,-1,-1,-1
2018100263875,2,5,0,18,0,1,2,0,0,0,1,1,5,1,21,5,600,1,11,8,1,8
2018100264041,1,1,0,18,0,0,2,0,0,0,4,1,5,1,57,9,-1,-1,-1,-1,-1,-1
2018100264041,2,1,0,18,0,0,2,0,0,0,3,1,5,1,61,9,-1,-1,-1,-1,-1,-1
2018100264052,1,9,0,18,0,1,0,0,0,0,1,1,6,2,28,6,-1,-1,-1,-1,-1,-1
2018100264052,2,1,0,3,0,1,0,0,0,0,0,1,6,1,36,7,-1,-1,-1,-1,-1,-1
2018100264110,1,2,0,2,0,0,0,0,0,0,0,1,6,1,15,3,49,1,10,4,1,4
2018100264122,1,9,0,18,0,1,0,0,0,0,1,1,6,3,-1,-1,-1,-1,-1,-1,-1,-1
2018100264122,2,9,0,4,0,1,0,0,0,0,2,1,5,1,38,7,1560,2,5,-1,-1,-1
2018100264162,1,9,0,5,0,2,0,0,0,0,3,1,5,1,22,5,1598,1,11,-1,-1,-1
2018100264162,2,9,0,18,0,1,0,0,0,0,1,1,5,1,52,8,1598,1,5,-1,-1,-1
2018100264380,1,9,0,11,0,8,0,0,0,0,0,1,6,1,41,7,1995,2,15,7,1,7
2018100264380,2,11,0,5,2,8,0,0,0,0,0,1,1,1,29,6,6871,2,14,3,-1,3
2018100264382,1,9,0,17,0,0,1,10,1,11,4,1,2,1,41,7,2993,2,5,4,1,4
2018100264395,1,11,0,5,0,0,0,0,0,0,0,1,1,1,56,9,4500,2,6,2,1,2
2018100264414,1,9,0,16,0,0,0,0,0,0,1,1,5,2,50,8,2179,2,8,9,3,9
2018100264414,2,9,0,18,0,0,0,0,0,0,1,1,5,1,35,6,999,1,5,2,1,2
2018100264434,1,9,0,16,0,0,0,0,0,0,0,1,5,2,45,7,998,1,3,5,1,5
2018100264434,2,9,0,13,0,0,0,0,0,0,0,1,1,1,40,7,1598,2,1,-1,-1,-1
2018100264447,1,1,0,18,0,1,0,0,0,0,1,1,2,1,44,7,-1,-1,-1,2,1,2
2018100264447,2,9,0,9,0,1,0,0,0,0,1,1,6,1,-1,-1,1242,1,7,8,1,8
2018100264467,1,9,0,9,0,6,0,0,0,0,0,1,6,3,20,4,1999,1,17,-1,-1,-1
2018100264467,2,9,0,16,0,8,0,10,1,1,1,1,6,2,45,7,996,1,6,2,1,2
2018100264483,1,9,0,9,4,8,0,0,0,0,1,1,2,2,37,7,1560,2,8,3,3,3
2018100264483,2,9,0,18,0,8,1,0,8,7,4,1,5,1,49,8,1995,2,13,10,2,10
2018100264495,1,9,0,18,0,0,0,0,0,0,1,1,6,3,-1,-1,-1,-1,-1,-1,-1,-1
2018100264498,1,9,0,9,0,0,0,0,0,0,1,1,2,1,49,8,2261,1,10,3,1,3
2018100264498,2,9,0,14,0,0,0,0,0,0,1,1,2,2,41,7,1461,2,4,1,1,1
2018100264499,1,9,0,18,0,0,1,0,1,4,1,1,6,1,66,10,1596,1,11,9,1,9
2018100264502,1,9,0,5,0,0,0,0,0,0,1,1,5,2,23,5,1753,2,9,6,1,6
2018100264502,2,9,0,2,0,0,0,4,0,0,1,1,5,2,30,6,1388,1,9,1,-1,1
2018100264502,3,9,0,2,0,0,0,4,0,0,3,1,6,1,25,5,1995,2,12,1,1,1
2018100264502,4,9,0,2,0,0,0,0,0,0,2,1,6,2,57,9,1598,1,13,3,1,3
2018100264506,1,19,0,18,0,1,0,0,0,0,1,1,1,1,49,8,1598,2,3,1,1,1
2018100264506,2,8,0,3,0,1,0,0,0,0,2,1,1,1,50,8,2198,2,11,-1,-1,-1
2018100264506,3,9,0,3,0,1,0,0,0,0,2,1,6,2,51,8,2179,2,5,8,1,8
2018100264510,1,3,0,18,0,8,0,0,0,0,1,1,5,1,31,6,125,1,6,-1,-1,-1
2018100264510,2,9,0,18,0,8,0,0,0,0,4,1,1,1,46,8,1560,2,6,3,1,3
2018100264515,1,9,0,18,6,0,1,0,1,0,1,1,6,2,20,4,998,1,3,9,2,9
2018100264515,2,9,0,2,6,0,0,0,0,0,2,1,5,1,26,6,1910,2,11,1,1,1
2018100264515,3,9,0,2,6,0,0,0,0,0,1,1,5,2,37,7,1598,1,7,5,1,5
2018100264563,1,1,0,4,0,4,0,0,0,0,4,1,6,1,51,8,-1,-1,-1,1,1,1
2018100264563,2,9,0,4,0,1,0,0,0,0,1,1,6,1,53,8,-1,-1,-1,1,1,1
2018100264567,1,9,0,4,0,0,0,0,0,0,2,1,5,2,17,4,1149,1,11,10,3,10
2018100264567,2,1,0,18,0,0,0,0,0,0,2,1,5,1,63,9,-1,-1,-1,3,2,3
2018100264583,1,9,0,18,0,2,0,0,0,0,1,1,6,3,-1,-1,-1,-1,-1,-1,-1,-1
2018100264597,1,9,0,18,0,0,0,0,0,0,1,1,6,1,34,6,1560,2,6,5,-1,5
2018100264597,2,9,0,17,0,0,0,0,0,0,3,1,5,2,51,8,-1,-1,-1,10,1,10
2018100264628,1,9,0,9,0,8,0,0,0,0,1,1,5,2,21,5,1461,2,8,4,1,4
2018100264628,2,1,0,18,0,8,2,0,0,0,1,1,6,1,14,3,-1,-1,-1,3,1,3
2018100264630,1,19,0,18,0,1,0,0,0,0,1,1,6,3,-1,-1,-1,-1,-1,-1,-1,-1
2018100264650,1,9,0,5,0,4,0,0,0,0,1,1,5,1,69,10,1395,1,1,2,1,2
2018100264650,2,1,0,18,0,3,0,0,0,0,1,1,5,1,70,10,-1,-1,-1,1,1,1
2018100264669,1,9,0,18,0,0,0,0,0,0,1,1,6,3,-1,-1,-1,-1,-1,-1,-1,-1
2018100264825,1,11,0,7,0,2,0,0,0,0,1,1,1,2,53,8,6700,2,2,1,1,1
2018100264940,1,21,0,1,0,3,0,0,0,0,2,1,1,1,51,8,2287,2,9,2,1,2
2018100264940,2,9,0,3,0,4,0,0,0,0,1,1,5,2,54,8,1364,2,12,6,1,6
2018100264944,1,9,0,18,0,8,0,0,0,0,1,1,6,1,34,6,1368,1,1,4,1,4
2018100264944,2,9,0,10,0,8,0,0,0,0,1,1,6,2,59,9,2179,2,5,9,3,9
2018100265255,1,9,0,9,0,1,0,0,0,0,4,1,6,1,21,5,1242,1,4,4,1,4
2018100265255,2,3,0,18,0,1,5,0,0,0,1,1,6,1,61,9,124,1,4,7,1,7
2018100265332,1,9,0,18,0,0,0,0,0,0,1,1,5,2,37,7,1398,2,3,7,1,7
2018100265359,1,9,0,5,0,2,0,0,0,0,0,1,6,3,-1,-1,1398,1,3,-1,-1,-1
2018100265359,2,11,0,5,0,2,0,0,0,0,0,1,1,1,53,8,9360,2,6,-1,-1,-1
2018100265379,1,16,5,18,0,0,0,4,0,0,2,1,6,2,-1,-1,-1,-1,-1,-1,-1,-1
2018100265379,2,9,0,1,0,0,0,0,0,0,1,1,5,2,40,7,2979,1,3,-1,-1,-1
2018100265701,1,9,0,17,0,4,-1,-1,-1,0,1,1,6,2,46,8,1995,2,10,10,1,10
2018100265701,2,1,0,18,0,4,-1,-1,-1,0,1,1,1,1,48,8,-1,-1,-1,10,1,10
2018100265726,1,9,0,18,0,1,0,0,0,0,1,1,6,2,-1,-1,1968,2,4,7,3,7
2018100265726,2,9,0,3,0,1,1,0,0,0,2,1,6,2,46,8,2204,2,9,2,1,2
2018100265752,1,11,0,5,0,0,0,0,0,0,0,1,1,1,59,9,9000,5,4,-1,-1,-1
2018100265762,1,9,0,9,0,7,0,0,0,0,3,1,5,1,45,7,1399,2,10,2,1,2
2018100265762,2,9,0,18,0,3,0,0,0,0,4,1,5,1,51,8,1498,1,2,8,1,8
2018100265796,1,9,0,9,0,1,0,0,0,0,1,1,5,2,24,5,1242,1,5,1,1,1
2018100265796,2,9,0,18,0,1,0,0,0,0,1,1,5,1,75,10,1596,1,5,2,1,2
2018100265854,1,9,0,18,0,0,0,0,0,0,3,1,5,1,29,6,-1,-1,-1,1,1,1
2018100265854,2,8,0,2,0,0,0,0,0,0,2,1,1,1,50,8,1560,2,6,2,1,2
2018100265899,1,9,0,17,0,3,2,0,1,0,1,1,5,1,31,6,1596,1,16,2,2,2
2018100266177,1,9,0,9,0,0,0,0,0,0,1,1,5,1,34,6,1598,1,14,4,1,4
2018100266177,2,9,0,18,0,0,0,0,0,0,1,1,5,2,28,6,1598,2,2,5,1,5
2018100266181,1,9,0,2,0,8,0,11,3,0,2,1,2,1,27,6,1399,2,7,8,1,8
2018100266191,1,9,0,11,0,3,0,0,0,0,4,1,6,3,-1,-1,-1,-1,-1,-1,-1,-1
2018100266191,2,11,0,18,0,1,0,0,0,0,3,1,1,1,44,7,6700,2,10,5,1,5
2018100266192,1,9,0,18,0,0,0,0,0,0,1,1,5,2,25,5,1596,1,13,2,1,2
2018100266192,2,9,0,4,0,0,0,0,0,0,1,1,5,1,19,4,1198,1,14,2,2,2
2018100266200,1,9,0,13,0,0,1,10,1,5,3,1,5,3,16,4,1587,1,13,-1,-1,-1
2018100266200,2,9,0,18,0,0,0,0,0,0,2,1,6,1,49,8,1997,2,10,-1,-1,-1
2018100266200,3,9,0,18,0,0,0,0,0,0,0,1,1,1,47,8,2993,2,2,-1,-1,-1
2018100266344,1,21,0,5,0,4,0,0,0,0,1,1,1,1,35,6,3920,2,13,2,1,2
2018100266344,2,21,0,3,0,1,0,0,3,0,2,1,1,1,30,6,4580,2,14,3,1,3
2018100266358,1,21,0,18,0,0,0,0,0,0,1,1,1,1,48,8,5132,2,2,1,1,1
2018100266358,2,17,0,18,0,0,0,0,0,0,2,1,1,1,64,9,4400,2,4,3,1,3
2018100266413,1,19,0,5,0,1,0,0,0,0,1,1,1,1,31,6,2143,2,4,2,1,2
2018100266413,2,9,0,3,0,1,0,0,0,0,2,1,5,2,50,8,1364,1,-1,3,2,3
2018100266540,1,1,0,9,0,1,0,0,0,0,1,1,6,1,18,4,-1,-1,-1,-1,-1,-1
2018100266540,2,9,0,18,0,1,0,0,0,0,1,1,6,2,43,7,1395,1,1,9,1,9
2018100266557,1,9,0,4,0,0,0,0,0,0,1,1,6,2,30,6,-1,-1,-1,-1,-1,-1
2018100266557,2,9,0,3,0,0,0,0,0,0,2,1,6,2,52,8,1598,1,5,2,1,2
2018100266561,1,1,0,18,0,2,0,0,0,0,3,1,6,1,20,4,-1,-1,-1,-1,-1,-1
2018100266561,2,19,0,18,0,1,0,0,0,0,1,1,1,2,37,7,1248,2,7,2,1,2
2018100266611,1,9,0,16,0,0,1,0,1,0,2,1,6,1,27,6,1360,1,8,1,2,1
2018100266612,1,9,0,12,0,0,0,0,0,0,3,1,5,1,35,6,1197,1,1,-1,-1,-1
2018100266612,2,9,0,18,0,0,0,0,0,0,4,1,5,1,45,7,1398,1,2,-1,-1,-1
2018100266618,1,9,0,5,0,8,0,0,0,0,1,1,6,3,-1,-1,-1,-1,-1,-1,-1,-1
2018100266618,2,9,0,18,0,8,0,0,0,0,4,1,5,2,29,6,1461,2,1,8,1,8
2018100266625,1,9,0,18,0,1,0,0,1,0,1,1,5,1,25,5,2793,1,19,1,1,1
2018100266631,1,9,0,18,0,4,5,0,3,10,1,1,5,1,19,4,1596,1,2,9,2,9
2018100266637,1,9,0,18,0,0,1,4,0,0,4,1,5,1,20,4,1781,1,17,4,1,4
2018100266637,2,19,0,2,0,0,0,0,0,0,3,1,6,1,52,8,2299,2,2,3,1,3
2018100266637,3,9,0,18,0,0,1,0,6,11,2,1,6,1,34,6,1598,2,6,2,1,2
2018100266652,1,9,0,4,0,0,0,0,0,0,2,1,1,2,33,6,2143,2,2,3,1,3
2018100266652,2,9,0,18,0,0,0,0,0,0,2,1,2,2,58,9,998,1,3,10,3,10
2018100266681,1,9,0,6,0,0,0,0,0,0,4,1,6,1,45,7,3199,1,15,-1,-1,-1
2018100266683,1,9,0,16,0,0,1,0,7,4,1,1,5,1,23,5,1398,1,6,5,3,5
2018100266705,1,9,-1,9,-1,-1,-1,-1,-1,0,-1,1,6,1,-1,-1,1956,2,6,7,1,7
2018100266705,2,9,-1,9,-1,-1,-1,-1,-1,0,-1,1,5,1,43,7,1560,2,9,2,1,2
2018100266735,1,9,0,9,0,8,0,0,0,0,1,1,5,1,23,5,998,1,3,10,1,10
2018100266735,2,9,0,18,0,1,0,0,0,0,1,1,5,1,35,6,1395,8,2,10,1,10
2018100266785,1,9,0,9,0,1,0,0,0,0,1,1,5,1,25,5,-1,-1,-1,5,1,5
2018100266785,2,2,0,18,0,1,0,0,0,0,1,1,5,1,55,8,806,1,2,7,1,7
2018100266788,1,9,0,18,0,0,5,0,1,11,1,1,5,1,27,6,1242,1,6,2,1,2
2018100266795,1,9,0,1,0,1,0,0,0,0,2,1,6,1,22,5,1197,1,4,5,2,5
2018100266810,1,8,0,18,0,2,0,0,0,0,1,1,1,1,41,7,1968,2,7,4,1,4
2018100266842,1,9,0,5,0,2,0,0,0,0,1,1,6,3,17,4,-1,-1,-1,-1,-1,-1
2018100266891,1,9,0,18,0,0,0,0,1,0,1,1,2,1,18,4,1198,1,9,3,1,3
2018100266891,2,9,0,18,0,0,0,0,1,0,1,1,2,2,64,9,999,1,3,6,1,6
2018100266892,1,97,0,18,0,0,0,0,0,0,1,1,5,1,14,3,-1,-1,-1,2,1,2
2018100266892,2,9,0,2,0,0,0,0,0,0,2,1,5,1,-1,-1,1599,1,14,-1,-1,-1
2018100266945,1,9,0,18,0,0,1,11,0,0,1,1,1,1,19,4,998,1,4,-1,-1,-1
2018100266945,2,9,0,18,0,0,0,11,0,0,2,1,1,2,20,4,1496,1,3,-1,-1,-1
2018100266978,1,21,0,7,0,8,0,0,0,0,4,1,1,1,36,7,10677,2,3,3,1,3
2018100266978,2,22,0,9,0,8,0,0,0,0,4,1,5,2,83,11,-1,-1,-1,1,1,1
2018100266982,1,9,0,18,0,1,0,0,0,0,1,1,6,3,30,6,-1,-1,-1,-1,-1,-1
2018100266982,2,19,0,3,0,1,0,0,0,0,2,1,2,1,29,6,1560,2,2,-1,-1,-1
2018100267281,1,11,0,4,0,0,0,0,0,0,0,1,1,1,45,7,4461,2,3,2,1,2
2018100267332,1,9,0,16,0,0,0,0,8,7,1,1,6,1,30,6,1968,2,4,8,2,8
2018100267349,1,9,0,18,0,0,0,0,0,0,3,1,6,1,50,8,1596,1,9,-1,-1,-1
2018100267349,2,9,0,18,0,0,0,10,0,0,3,1,6,1,45,7,2143,2,2,3,1,3
2018100267371,1,9,0,18,0,0,0,0,0,0,1,1,5,1,60,9,1395,1,4,10,1,10
2018100267371,2,9,0,18,0,0,0,0,0,0,1,1,5,1,40,7,1560,2,11,2,1,2
2018100267528,1,9,0,18,0,3,0,0,0,0,3,1,5,1,85,11,-1,-1,-1,9,1,9
2018100267528,2,11,0,4,0,1,0,0,0,0,3,1,1,1,59,9,6700,2,5,4,1,4
2018100267528,3,11,0,4,0,1,0,0,0,0,1,1,1,1,49,8,6692,2,9,5,1,5
2018100267646,1,9,0,5,0,4,0,0,0,0,1,1,5,1,30,6,2985,2,12,1,1,1
2018100267646,2,1,0,18,0,8,0,0,0,0,4,1,6,1,46,8,-1,-1,-1,10,1,10
2018100267774,1,9,0,16,0,0,2,0,7,11,2,1,5,2,23,5,998,1,6,6,3,6
2018100267810,1,9,0,17,0,0,1,0,0,0,1,1,5,1,63,9,-1,-1,-1,-1,-1,-1
2018100267817,1,9,0,18,0,2,0,0,0,0,1,1,6,1,85,11,1560,2,8,-1,-1,-1
2018100267817,2,11,0,18,0,1,0,0,0,0,1,1,1,1,60,9,9000,5,4,8,1,8
2018100267819,1,11,0,4,0,0,0,0,0,0,0,1,1,1,53,8,6700,2,10,-1,-1,-1
2018100267828,1,11,0,18,0,2,0,0,0,0,3,1,1,1,30,6,4461,2,4,5,1,5
2018100267828,2,9,0,18,0,2,0,0,0,0,3,1,6,1,39,7,1124,7,15,2,1,2
2018100267834,1,9,0,9,0,1,0,0,0,0,1,1,5,1,29,6,999,1,1,1,1,1
2018100267834,2,9,0,18,0,1,0,0,0,0,1,1,2,2,24,5,1598,1,10,1,1,1
2018100267834,3,9,0,10,0,1,0,0,0,0,1,1,5,1,30,6,1397,1,10,6,2,6
2018100267836,1,9,0,5,0,2,0,0,0,0,1,1,5,2,46,8,1796,1,12,-1,-1,-1
2018100267836,2,9,0,17,0,1,0,0,0,0,4,1,5,1,41,7,1910,2,11,-1,-1,-1
2018100268123,1,9,0,18,0,0,0,0,0,0,1,1,6,2,45,7,-1,-1,-1,-1,-1,-1
2018100268230,1,9,0,2,0,0,0,0,0,0,3,1,6,2,23,5,1000,1,4,8,1,8
2018100268230,2,5,0,14,0,0,0,0,0,0,3,1,5,1,44,7,1215,1,4,2,1,2
2018100268232,1,9,0,1,0,8,0,0,0,0,2,1,6,1,36,7,1598,2,4,4,1,4
2018100268450,1,2,0,18,0,0,0,0,7,0,1,1,5,1,27,6,883,1,5,9,1,9
2018100268510,1,11,0,4,0,1,0,0,0,0,0,1,1,1,62,9,6871,2,15,2,1,2
2018100268603,1,9,0,18,0,2,0,0,0,0,1,1,6,1,64,9,998,1,7,5,2,5
2018100268604,1,9,0,4,0,0,0,0,0,0,4,1,1,1,82,11,1984,2,7,8,2,8
2018100268610,1,9,0,11,0,1,0,0,0,0,4,1,6,2,35,6,1968,2,4,10,3,10
2018100268610,2,1,0,18,0,1,0,0,0,0,1,1,5,1,27,6,-1,-1,-1,5,1,5
2018100268610,3,1,0,18,0,1,0,0,0,0,1,1,5,1,27,6,-1,-1,-1,-1,-1,-1
2018100268618,1,9,0,18,0,0,0,0,0,0,1,1,6,1,48,8,1461,2,7,5,1,5
2018100268618,2,9,0,10,0,0,0,0,0,0,2,1,6,2,36,7,1781,1,14,2,1,2
2018100268618,3,9,0,15,0,0,0,0,0,0,0,1,6,1,25,5,1242,1,4,-1,-1,-1
2018100268644,1,9,0,18,0,0,0,0,0,0,2,1,6,1,27,6,1200,1,1,9,1,9
2018100268644,2,9,0,18,0,0,0,0,0,0,1,1,6,3,-1,-1,-1,-1,-1,-1,-1,-1
2018100268644,3,98,0,18,0,0,0,0,0,0,1,1,6,3,-1,-1,-1,-1,-1,-1,-1,-1
2018100268693,1,19,0,16,0,0,1,0,7,0,1,1,1,1,53,8,2198,2,3,4,1,4
2018100268693,2,9,0,17,0,0,0,0,0,0,1,1,5,2,84,11,998,1,1,6,2,6
2018100268796,1,9,0,18,0,1,0,0,0,0,1,1,5,1,52,8,1598,2,1,5,1,5
2018100268811,1,8,0,18,0,2,0,0,0,0,3,1,1,1,-1,-1,-1,-1,-1,-1,-1,-1
2018100268957,1,9,0,9,0,8,0,0,0,0,1,1,6,1,23,5,2400,2,7,-1,-1,-1
2018100268957,2,1,-1,9,0,8,0,0,0,0,1,1,2,1,31,6,-1,-1,-1,2,1,2
2018100268961,1,9,0,18,0,0,2,0,2,11,1,1,6,2,28,6,1242,1,14,5,3,5
2018100268968,1,9,0,17,0,0,1,0,0,0,1,1,5,1,19,4,1242,1,4,5,3,5
2018100268968,2,9,0,18,0,0,1,0,0,0,1,1,5,2,54,8,1984,1,18,5,3,5
2018100268970,1,19,0,9,0,4,0,0,0,0,-1,1,6,1,-1,-1,2143,2,4,1,1,1
2018100268970,2,11,0,5,0,4,0,0,0,0,4,1,1,1,44,7,9000,5,4,1,1,1
2018100269056,1,9,-1,11,0,3,0,0,0,0,1,1,6,2,-1,-1,-1,-1,-1,-1,-1,-1
2018100269056,2,9,-1,3,0,3,0,0,0,0,1,1,5,1,21,5,1198,1,13,-1,-1,-1
2018100269069,1,9,0,9,0,8,0,0,0,0,1,1,6,1,46,8,1988,2,14,-1,-1,-1
2018100269069,2,9,0,18,0,8,0,0,0,0,4,1,5,2,33,6,1596,1,12,1,1,1
2018100269081,1,9,-1,5,0,1,0,0,0,0,0,1,6,3,-1,-1,-1,-1,-1,-1,-1,-1
2018100269081,2,11,-1,18,0,2,0,0,0,0,0,1,1,1,24,5,4250,2,10,-1,-1,-1
2018100269106,1,9,0,13,0,8,2,0,7,11,1,1,6,1,68,10,2926,2,14,5,3,5
2018100269106,2,9,0,9,0,8,0,0,0,0,1,1,5,1,52,8,2191,2,2,5,1,5
2018100269148,1,11,0,18,0,1,0,0,0,0,0,1,1,1,23,5,4461,2,2,2,1,2
2018100269161,1,1,-1,18,0,8,0,0,0,0,3,1,6,2,23,5,-1,-1,-1,-1,-1,-1
2018100269161,2,9,-1,18,0,8,0,0,0,0,3,1,6,2,50,8,1598,2,5,3,1,3
2018100269190,1,11,0,9,0,8,0,0,0,0,-1,1,1,1,52,8,6692,2,9,5,2,5
2018100269258,1,9,0,9,0,2,0,0,0,0,1,1,1,2,31,6,1560,2,8,4,1,4
2018100269258,2,9,0,18,0,1,0,0,0,0,3,1,6,2,63,9,1329,1,5,2,2,2
2018100269267,1,9,0,9,0,6,0,0,0,0,4,1,1,1,47,8,-1,-1,-1,7,1,7
2018100269267,2,9,0,18,0,8,0,0,0,0,1,1,6,2,53,8,1597,2,2,9,1,9
2018100269268,1,98,1,18,0,8,0,0,0,0,1,1,1,1,42,7,-1,-1,-1,-1,-1,-1
2018100269268,2,19,-1,18,0,8,0,0,0,0,2,1,1,1,27,6,2143,2,2,8,1,8
2018100269270,2,9,0,18,0,1,0,0,0,0,1,1,6,3,-1,-1,1242,1,8,-1,-1,-1
2018100269309,1,5,0,18,0,1,0,0,0,0,1,1,6,1,53,8,998,1,8,9,1,9
2018100269323,1,9,0,18,0,6,0,0,0,0,1,1,6,1,20,4,1199,1,15,4,1,4
2018100269323,2,9,0,18,0,1,1,0,1,0,1,1,5,1,69,10,-1,-1,-1,9,1,9
2018100269346,1,-1,-1,-1,-1,0,-1,-1,-1,0,-1,1,6,2,-1,-1,-1,-1,-1,-1,-1,-1
2018100269357,1,9,0,5,0,0,0,0,0,0,1,1,6,1,49,8,1590,1,15,8,1,8
2018100269357,2,9,0,3,0,0,0,0,0,0,2,1,6,2,64,9,1968,2,1,2,1,2
2018100269365,1,9,0,1,0,0,0,0,0,0,4,1,2,2,-1,-1,-1,-1,-1,-1,-1,-1
2018100269384,1,9,0,18,0,3,0,0,0,0,1,1,6,3,-1,-1,-1,-1,-1,-1,-1,-1
2018100269384,2,9,0,7,0,3,1,0,0,0,4,1,1,1,38,7,1968,2,6,2,1,2
2018100269445,1,11,0,4,0,1,1,0,0,0,0,1,1,1,29,6,6370,2,10,-1,-1,-1
2018100269509,1,9,0,3,0,4,0,0,0,0,1,1,6,1,34,6,1200,1,1,9,1,9
2018100269509,2,9,0,18,0,4,0,0,0,0,2,1,6,2,37,7,1956,2,3,1,1,1
2018100269560,1,9,0,18,0,1,0,0,0,0,1,1,6,2,30,6,3175,1,13,-1,-1,-1
2018100269560,2,11,0,4,0,1,0,0,0,0,2,1,1,1,57,9,5132,2,1,2,1,2
2018100269603,1,9,0,17,0,8,0,7,0,0,1,1,6,1,44,7,1968,2,8,1,1,1
2018100269603,2,19,0,10,0,2,0,0,0,0,3,1,1,1,39,7,1753,2,7,3,1,3
2018100269609,1,11,0,4,0,0,0,0,0,0,1,1,1,1,51,8,6696,2,4,8,2,8
2018100269655,1,9,0,18,0,0,0,0,0,0,1,1,5,1,46,8,1956,2,9,1,1,1
2018100269655,2,9,0,18,0,0,1,0,4,6,2,1,1,1,28,6,-1,-1,-1,-1,-1,-1
2018100269707,1,98,0,18,0,0,0,0,0,0,0,1,6,3,-1,-1,-1,-1,-1,-1,-1,-1
2018100269707,2,9,0,18,0,0,1,0,1,0,4,1,5,1,41,7,1796,1,12,8,1,8
2018100269734,1,9,-1,-1,-1,-1,-1,-1,-1,0,-1,1,2,1,28,6,1956,2,2,1,1,1
2018100269741,1,9,0,18,0,1,0,0,0,0,1,1,2,2,32,6,1200,1,-1,8,1,8
2018100269741,2,9,0,10,0,1,0,0,0,0,2,1,1,1,40,7,1968,2,9,8,1,8
2018100269772,1,9,0,18,0,4,0,0,0,0,3,1,5,2,45,7,1591,1,2,4,1,4
2018100269772,2,1,0,18,0,1,0,0,0,0,4,1,2,1,39,7,-1,-1,-1,5,1,5
2018100269782,1,9,0,18,0,0,0,0,0,0,1,1,5,1,19,4,1242,1,12,2,1,2
2018100269949,1,9,0,4,0,0,0,0,0,0,1,1,2,1,46,8,1749,1,15,8,3,8
2018100269949,2,9,0,4,0,0,0,0,0,0,2,1,2,2,35,6,1198,1,3,6,1,6
2018100269949,3,9,0,4,0,0,0,0,0,0,2,1,2,2,32,6,998,1,4,2,2,2
2018100269978,1,9,0,18,0,8,0,0,0,0,2,1,6,2,51,8,1896,2,15,5,1,5