Accident_Index,Vehicle_Reference,Vehicle_Type,Towing_and_Articulation,Vehicle_Manoeuvre,Vehicle_Location-Restricted_Lane,Junction_Location,Skidding_and_Overturning,Hit_Object_in_Carriageway,Vehicle_Leaving_Carriageway,Hit_Object_off_Carriageway,1st_Point_of_Impact,Was_Vehicle_Left_Hand_Drive?,Journey_Purpose_of_Driver,Sex_of_Driver,Age_of_Driver,Age_Band_of_Driver,Engine_Capacity_(CC),Propulsion_Code,Age_of_Vehicle,Driver_IMD_Decile,Driver_Home_Area_Type,Vehicle_IMD_Decile
2018100269978,2,1,0,18,0,3,0,0,0,0,2,1,6,1,42,7,-1,-1,-1,4,1,4
2018100270025,1,21,-1,5,0,1,0,0,0,0,1,1,1,1,26,6,10837,2,2,6,1,6
2018100270025,2,9,-1,3,0,1,0,0,0,0,2,1,5,1,49,8,998,1,4,9,1,9
2018100270094,1,9,0,18,0,2,0,0,0,0,1,1,6,1,29,6,1229,1,7,2,1,2
2018100270094,2,1,0,18,0,1,0,0,0,0,1,1,6,1,34,6,-1,-1,-1,7,1,7
2018100270113,1,9,0,18,0,0,0,0,0,0,1,1,5,1,35,6,1910,2,11,1,1,1
2018100270113,2,9,0,4,0,0,0,0,0,0,2,1,2,1,31,6,-1,3,3,5,1,5
2018100270134,1,9,0,4,0,0,0,0,0,0,1,1,6,2,58,9,1896,2,17,-1,-1,-1
2018100270134,2,9,0,4,0,0,0,0,0,0,2,1,5,1,23,5,998,1,2,-1,-1,-1
2018100270145,1,11,0,5,0,1,0,0,0,0,4,1,1,1,24,5,4500,2,6,2,1,2
2018100270149,1,9,0,18,0,0,0,0,0,0,1,1,3,2,17,4,1560,2,4,5,2,5
2018100270149,2,9,0,4,0,0,0,0,0,0,2,1,2,1,28,6,1197,1,2,4,-1,4
2018100270459,1,9,0,4,0,7,0,0,0,0,1,1,5,1,20,4,1196,1,31,3,1,3
2018100270459,2,9,0,4,0,7,0,0,0,0,2,1,1,2,38,7,1360,1,13,3,1,3
2018100270459,3,9,0,4,0,7,0,0,0,0,2,1,1,2,55,8,1598,2,2,9,2,9
2018100270459,4,9,0,4,0,7,0,0,0,0,2,1,6,1,61,9,1596,1,3,10,1,10
2018100270470,1,9,0,5,0,8,0,0,0,0,1,1,3,2,27,6,1242,1,10,4,2,4
2018100270470,2,9,0,18,0,1,0,0,0,0,1,1,5,2,67,10,1497,1,13,4,2,4
2018100270470,3,9,0,2,0,1,0,0,0,0,4,1,5,1,36,7,1868,2,16,4,2,4
2018100270512,1,9,0,4,0,0,0,0,0,0,1,1,5,1,39,7,-1,-1,-1,6,1,6
2018100270512,2,9,0,18,0,0,0,0,0,0,2,1,5,2,55,8,1339,1,11,-1,-1,-1
2018100270512,3,9,0,4,0,0,0,0,0,0,2,1,5,1,71,10,1197,1,1,1,1,1
2018100270835,1,11,0,-1,-1,-1,0,0,0,0,0,1,1,1,36,7,9000,5,4,2,1,2
2018100270846,1,19,-1,18,5,8,0,0,0,0,-1,1,1,1,57,9,1598,2,3,-1,-1,-1
2018100270846,2,5,0,18,-1,-1,-1,-1,-1,0,-1,1,6,2,43,7,-1,-1,-1,9,1,9
2018100270871,1,9,0,18,0,0,0,0,0,0,1,1,6,1,35,6,-1,-1,-1,-1,-1,-1
2018100271009,1,9,0,18,0,4,0,0,0,0,1,1,6,3,-1,-1,-1,-1,-1,-1,-1,-1
2018100271009,2,1,0,10,0,4,0,0,0,0,4,1,5,1,35,6,-1,-1,-1,-1,-1,-1
2018100271048,1,11,0,4,0,0,0,0,0,0,0,1,1,1,63,9,-1,2,17,2,2,2
2018100271086,1,9,0,18,0,0,0,0,0,0,1,1,5,1,64,9,1968,2,12,5,1,5
2018100271128,1,9,0,9,0,6,0,0,0,0,3,1,5,1,66,10,1997,2,3,9,1,9
2018100271132,1,9,0,4,0,0,0,0,0,0,1,1,6,2,30,6,1968,2,15,-1,-1,-1
2018100271132,2,9,0,3,0,0,0,0,0,0,2,1,5,1,45,7,1248,2,9,4,1,4
2018100271136,1,9,-1,9,0,1,-1,-1,-1,0,1,1,6,1,-1,-1,1248,2,10,6,1,6
2018100271136,2,9,-1,16,0,1,-1,-1,-1,0,3,1,6,1,72,10,1968,2,10,1,1,1
2018100271239,1,9,0,11,0,1,0,0,0,0,4,1,2,2,50,8,1560,2,3,5,1,5
2018100271239,2,5,0,15,0,1,0,0,0,0,3,1,2,1,32,6,749,1,2,2,1,2
2018100271252,1,9,-1,1,0,0,0,4,0,0,2,1,6,1,-1,-1,1896,2,11,-1,-1,-1
2018100271252,2,9,-1,2,0,0,0,0,0,0,2,1,5,2,29,6,1368,1,9,2,1,2
2018100271269,1,9,0,5,0,0,0,0,0,0,1,1,6,3,-1,-1,-1,-1,-1,-1,-1,-1
2018100271272,1,9,0,18,0,0,0,0,0,0,1,1,2,1,47,8,1968,2,4,6,1,6
2018100271277,1,9,0,18,0,0,0,0,0,0,3,1,5,1,22,5,1197,1,4,7,1,7
2018100271277,2,5,0,18,0,0,5,0,0,0,1,1,5,1,34,6,929,1,17,1,1,1
2018100271291,1,9,0,18,0,8,0,0,0,0,3,1,6,1,20,4,-1,-1,-1,-1,-1,-1
2018100271291,2,9,0,18,0,1,0,0,0,0,1,1,2,2,25,5,1398,1,1,-1,-1,-1
2018100271298,1,9,0,18,0,2,0,0,7,0,1,1,6,1,30,6,1796,1,15,2,1,2
2018100271298,2,9,0,18,0,1,0,0,0,0,1,1,6,1,35,6,1364,1,-1,4,3,4
2018100271300,1,9,0,18,0,2,0,0,0,0,1,1,5,1,26,6,1248,2,11,5,1,5
2018100271340,1,9,0,18,0,0,0,0,0,0,3,1,5,2,26,6,998,1,3,-1,-1,-1
2018100271375,1,11,0,18,0,1,0,0,0,0,1,1,1,1,64,9,6696,2,4,-1,-1,-1
2018100271375,2,9,0,10,0,1,0,0,0,0,2,1,2,1,29,6,1461,2,2,4,1,4
2018100271408,1,9,0,18,0,8,0,0,0,0,1,1,5,1,32,6,1995,1,9,3,1,3
2018100271408,2,11,0,2,0,2,0,0,0,0,2,1,1,1,62,9,6700,2,2,8,3,8
2018100271410,1,9,0,4,0,1,0,0,0,0,1,1,6,2,-1,-1,2993,2,12,5,1,5
2018100271410,2,9,0,3,0,2,0,0,0,0,2,1,5,1,27,6,1956,2,7,2,1,2
2018100271451,1,8,0,9,0,2,0,0,0,0,1,1,1,1,34,6,1896,2,9,2,1,2
2018100271489,1,1,0,18,0,0,0,0,0,0,1,1,6,1,20,4,-1,-1,-1,-1,-1,-1
2018100271489,2,9,0,2,0,0,0,0,0,0,1,1,5,1,48,8,2198,2,12,4,1,4
2018100271491,1,9,-1,-1,-1,0,-1,-1,-1,0,-1,1,6,1,31,6,1794,1,16,-1,-1,-1
2018100271499,1,3,0,18,0,4,5,10,0,0,1,1,6,1,26,6,-1,-1,-1,-1,-1,-1
2018100271503,1,1,0,18,0,6,2,0,0,0,1,1,2,1,17,4,-1,-1,-1,5,1,5
2018100271503,2,9,0,18,0,2,0,0,0,0,3,1,5,2,58,9,1975,1,11,2,1,2
2018100271514,1,9,0,3,0,0,0,0,0,0,1,1,6,1,22,5,1499,2,1,3,1,3
2018100271514,2,9,0,3,0,0,0,0,0,0,2,1,6,1,37,7,1997,2,9,3,1,3
2018100271537,1,1,0,18,0,2,0,0,0,0,0,1,5,1,45,7,-1,-1,-1,9,1,9
2018100271537,2,9,0,18,0,4,0,0,0,0,0,1,5,1,36,7,1796,1,15,3,1,3
2018100271556,1,9,0,16,0,0,2,0,7,0,1,1,2,2,21,5,999,1,2,10,2,10
2018100271692,1,9,0,18,0,1,0,0,1,4,1,1,5,1,45,7,898,1,2,5,3,5
2018100271718,1,9,0,9,0,6,0,0,0,0,3,1,5,2,38,7,-1,-1,-1,-1,-1,-1
2018100271718,2,3,0,18,0,1,0,0,0,0,1,1,6,1,58,9,125,1,10,1,1,1
2018100272066,1,11,0,5,3,0,0,0,0,0,-1,1,1,1,60,9,4250,2,8,6,1,6
2018100272097,1,9,0,18,0,8,0,0,0,0,1,1,1,1,38,7,1248,2,6,1,1,1
2018100272097,2,9,0,3,0,2,0,0,0,0,2,1,5,2,49,8,1598,2,1,1,1,1
2018100272143,1,9,0,18,0,0,1,0,0,0,1,1,2,1,18,4,1390,1,3,7,1,7
2018100272143,2,9,0,3,0,0,0,0,0,0,2,1,2,1,32,6,-1,-1,-1,7,1,7
2018100272143,3,9,0,18,0,0,0,0,0,0,1,1,1,1,60,9,1598,2,2,10,1,10
2018100272188,1,9,0,7,0,5,0,0,0,0,3,1,5,1,35,6,-1,-1,-1,-1,-1,-1
2018100272218,1,9,0,17,0,0,1,0,0,0,4,1,5,2,49,8,1461,2,8,3,2,3
2018100272218,2,9,0,16,0,0,0,0,0,0,3,1,6,1,-1,-1,1240,1,11,3,3,3
2018100272305,1,9,0,11,0,7,0,0,0,0,-1,1,6,1,-1,-1,1242,1,11,4,2,4
2018100272305,2,9,0,4,0,7,0,0,0,0,-1,1,6,2,42,7,1461,2,1,1,1,1
2018100272354,1,9,0,5,0,0,0,0,0,0,3,1,5,2,73,10,1248,2,14,4,1,4
2018100272354,2,9,0,18,0,0,0,0,0,0,4,1,3,2,47,8,1242,1,7,3,1,3
2018100272386,1,11,0,18,0,0,0,0,0,0,0,1,1,2,-1,-1,4461,2,4,1,1,1
2018100272402,1,9,0,18,0,1,1,7,0,0,1,1,1,1,58,9,1956,2,5,1,1,1
2018100272402,2,9,0,18,0,1,1,4,0,0,1,1,2,1,40,7,1124,1,13,7,1,7
2018100272402,3,9,0,18,0,1,1,4,0,0,2,1,2,1,52,8,2993,2,7,10,2,10
2018100272432,1,9,0,7,0,1,1,0,0,0,1,1,5,1,46,8,2995,1,4,2,1,2
2018100272432,2,9,0,7,0,1,0,0,0,0,2,1,5,1,22,5,1395,1,4,4,1,4
2018100272585,1,-1,-1,18,0,0,1,-1,0,0,3,1,6,3,-1,-1,-1,-1,-1,-1,-1,-1
2018100272585,2,9,-1,18,0,0,0,0,0,0,4,1,5,1,30,6,1896,2,9,3,1,3
2018100272585,3,9,-1,18,0,0,1,-1,0,0,1,1,6,2,19,4,1390,1,5,1,1,1
2018100272596,1,9,0,18,0,0,0,0,0,0,3,1,5,1,44,7,1968,2,2,7,3,7
2018100272596,2,9,0,18,0,0,0,0,0,0,1,1,1,2,33,6,1598,2,4,3,2,3
2018100272613,1,9,0,7,0,1,1,0,0,0,2,1,6,1,35,6,1796,1,5,-1,-1,-1
2018100272613,2,9,0,18,0,1,0,10,1,0,4,1,2,2,26,6,1368,1,1,-1,-1,-1
2018100272663,1,9,0,4,0,0,1,0,0,0,1,1,5,1,25,5,1968,2,8,5,1,5
2018100272663,2,9,0,3,0,0,1,0,0,0,1,1,1,1,32,6,1968,2,11,-1,-1,-1
2018100272667,1,9,0,4,0,1,1,0,1,0,4,1,6,1,-1,-1,-1,-1,-1,-1,-1,-1
2018100272732,1,9,0,4,0,0,0,0,0,0,0,1,6,2,-1,-1,-1,-1,-1,-1,-1,-1
2018100272732,2,9,0,12,0,0,1,0,0,0,2,1,5,1,38,7,1997,1,3,7,1,7
2018100272732,3,9,0,4,0,0,1,0,0,0,1,1,6,1,39,7,1968,2,2,9,1,9
2018100272750,1,9,0,18,0,8,1,0,0,0,1,1,1,1,29,6,1364,1,9,2,1,2
2018100272750,2,19,0,2,0,1,0,0,0,0,2,1,1,1,31,6,1560,2,3,2,1,2
2018100272797,1,11,0,18,0,0,0,0,0,0,-1,1,1,2,47,8,4249,2,2,2,1,2
2018100272949,1,9,0,18,0,0,1,0,7,0,4,1,6,1,31,6,1896,2,18,2,2,2
2018100272949,2,9,0,18,0,0,0,0,0,0,2,1,5,2,49,8,1997,2,2,8,2,8
2018100272949,3,9,0,18,0,0,0,1,0,0,1,1,5,1,50,8,2993,2,7,8,3,8
2018100272949,4,9,0,18,0,0,0,0,7,0,0,1,6,1,43,7,2143,2,2,8,3,8
2018100273001,1,9,0,18,0,0,0,0,0,0,1,1,5,1,31,6,1685,2,2,2,1,2
2018100273001,2,9,0,18,0,0,0,0,0,0,3,1,6,1,40,7,2993,2,7,-1,-1,-1
2018100273021,1,9,0,4,0,2,0,0,0,0,1,1,1,1,41,7,1686,2,7,4,1,4
2018100273038,1,9,0,16,0,0,1,0,1,0,4,1,6,1,23,5,1199,1,15,8,2,8
2018100273054,1,9,0,18,0,0,1,0,7,0,1,1,5,1,35,6,-1,-1,-1,6,3,6
2018100273267,1,9,-1,18,0,6,0,0,0,0,1,1,6,1,35,6,1769,1,16,10,1,10
2018100273267,2,9,-1,18,0,1,0,0,0,0,1,1,6,2,26,6,1299,1,17,1,1,1
2018100273267,3,9,-1,18,0,6,0,0,0,0,3,1,6,1,26,6,1956,2,4,-1,-1,-1
2018100273439,1,9,-1,16,0,3,0,0,0,0,3,1,6,1,40,7,1229,1,10,-1,-1,-1
2018100273439,2,9,-1,9,0,8,0,0,0,0,4,1,6,2,36,7,1398,1,2,-1,-1,-1
2018100273443,1,9,0,18,0,8,5,10,0,0,1,1,6,1,64,9,-1,-1,-1,1,1,1
2018100273512,1,9,0,17,0,0,0,0,0,0,1,1,5,2,42,7,1956,2,6,4,1,4
2018100273512,2,9,0,16,0,0,0,0,0,0,1,1,2,1,46,8,1968,2,3,3,1,3
2018100273558,1,9,0,18,0,1,0,0,0,0,1,1,6,1,80,11,1198,1,2,4,1,4
2018100273760,1,97,0,9,0,2,0,0,0,0,1,1,5,1,15,3,-1,-1,-1,1,1,1
2018100273760,2,9,0,9,0,8,0,0,0,0,3,1,5,2,42,7,1461,2,1,2,1,2
2018100273783,1,9,0,5,0,8,0,0,0,0,1,1,6,3,-1,-1,-1,-1,-1,-1,-1,-1
2018100273783,2,9,0,5,0,8,0,0,0,0,2,1,5,1,37,7,1794,1,12,4,1,4
2018100273882,1,9,0,18,0,1,5,0,1,0,1,1,6,2,34,6,1490,1,9,-1,-1,-1
2018100273904,1,11,-1,2,2,0,0,0,0,0,-1,1,1,1,31,6,9000,5,4,2,1,2
2018100273926,1,9,0,5,0,1,0,0,0,0,1,1,1,2,35,6,1149,1,7,10,1,10
2018100273926,2,9,0,3,0,1,0,0,0,0,2,1,5,2,36,7,1598,1,10,4,1,4
2018100273937,1,9,0,18,0,8,0,0,0,0,1,1,5,1,42,7,1560,2,9,-1,-1,-1
2018100273937,2,9,0,7,0,1,0,0,0,0,1,1,6,3,40,7,1995,2,13,-1,-1,-1
2018100273954,1,9,-1,9,0,2,0,0,0,0,-1,1,6,2,-1,-1,-1,-1,-1,-1,-1,-1
2018100273954,2,9,-1,15,0,2,0,0,0,0,4,1,5,2,55,8,1395,1,3,4,1,4
2018100274012,1,9,0,18,0,1,0,0,0,0,1,1,6,1,32,6,2198,2,11,3,1,3
2018100274012,2,9,0,3,0,1,0,0,0,0,2,1,6,1,49,8,1198,1,4,5,1,5
2018100274164,1,19,0,18,0,1,0,2,7,0,1,1,6,1,30,6,1998,2,13,-1,-1,-1
2018100274224,1,9,-1,11,0,0,0,0,0,0,4,1,6,2,30,6,1991,1,1,-1,-1,-1
2018100274224,2,9,-1,18,0,0,0,0,0,0,3,1,6,1,25,5,-1,-1,-1,-1,-1,-1
2018100274225,1,9,0,18,0,8,0,0,0,0,1,1,1,1,41,7,1598,2,2,2,1,2
2018100274226,1,9,0,5,0,2,0,0,0,0,1,1,6,2,51,8,998,1,6,2,1,2
2018100274226,2,9,0,9,0,6,0,0,0,0,4,1,6,2,60,9,1461,2,2,1,-1,1
2018100274236,1,9,0,18,0,1,0,0,0,0,4,1,5,1,74,10,1560,2,4,6,1,6
2018100274253,1,9,0,3,0,1,0,0,0,0,4,1,6,3,-1,-1,-1,-1,-1,-1,-1,-1
2018100274337,1,9,0,18,0,8,0,0,0,0,0,1,6,3,-1,-1,-1,-1,-1,-1,-1,-1
2018100274337,2,11,0,18,0,8,0,0,0,0,0,1,5,1,62,9,-1,-1,-1,-1,-1,-1
2018100274406,1,8,0,5,0,8,0,0,0,0,0,1,1,1,34,6,1896,2,11,1,1,1
2018100274545,1,9,0,3,0,1,0,0,0,0,4,1,6,1,-1,-1,-1,-1,-1,-1,-1,-1
2018100274545,2,9,0,3,0,1,0,0,0,0,3,1,2,1,59,9,1597,2,2,1,1,1
2018100274545,3,9,0,18,0,1,0,0,0,0,0,1,1,1,48,8,2993,2,1,-1,-1,-1
2018100274641,1,9,0,18,0,0,0,0,0,0,1,1,6,1,16,4,973,1,15,-1,-1,-1
2018100274641,2,9,0,2,0,0,0,0,0,0,2,1,6,3,-1,-1,-1,-1,-1,-1,-1,-1
2018100274668,1,9,0,9,0,6,0,0,0,0,3,1,6,3,-1,-1,1149,1,13,-1,-1,-1
2018100274668,2,9,0,18,0,8,0,0,0,0,1,1,1,2,19,4,1229,1,3,4,2,4
2018100274700,1,19,0,4,0,1,0,0,0,0,4,1,2,1,54,8,2198,2,10,1,1,1
2018100274795,1,9,0,18,0,0,1,0,7,9,1,1,2,2,33,6,1149,1,10,3,1,3
2018100274795,2,9,0,18,0,0,1,0,0,0,1,1,2,2,24,5,1598,2,7,4,2,4
2018100274795,3,9,0,18,0,0,1,0,0,0,2,1,2,2,25,5,1398,1,6,9,2,9
2018100274810,1,9,0,18,0,1,0,0,0,0,1,1,6,3,-1,-1,-1,-1,-1,-1,-1,-1
2018100274810,2,9,0,10,0,1,0,0,0,0,2,1,5,2,32,6,1499,1,-1,9,1,9
2018100274837,1,9,0,18,0,0,1,0,0,0,1,1,5,1,20,4,1598,2,1,7,1,7
2018100274837,2,9,0,4,0,0,0,0,0,0,3,1,5,1,58,9,1685,2,6,2,1,2
2018100274837,3,9,0,4,0,0,0,0,0,0,2,1,1,1,55,8,2191,2,1,6,3,6
2018100274894,1,9,0,18,0,8,0,0,0,0,1,1,6,2,27,6,1229,1,7,1,1,1
2018100274894,2,19,0,18,0,8,0,0,0,0,1,1,1,1,22,5,2143,2,4,-1,-1,-1
2018100274936,1,21,0,18,0,0,0,0,0,0,3,1,1,1,53,8,7698,2,3,9,1,9
2018100274936,2,9,0,18,0,0,0,0,1,0,1,1,5,2,59,9,1229,1,5,10,1,10
2018100274940,1,9,-1,-1,-1,-1,-1,-1,-1,0,-1,1,6,1,25,5,-1,-1,-1,-1,-1,-1
2018100274947,1,9,0,13,0,0,0,0,0,0,1,1,5,1,42,7,1968,2,3,-1,2,-1
2018100274947,2,9,0,18,0,0,0,0,0,0,1,1,6,1,48,8,-1,-1,-1,-1,2,-1
2018100274949,1,21,4,18,0,0,0,0,0,0,0,1,1,1,30,6,12777,2,5,5,3,5
2018100274949,2,9,0,18,0,0,5,11,1,0,1,1,6,1,63,9,1896,2,10,5,2,5
2018100274986,1,9,0,18,0,0,0,0,0,0,2,1,6,1,25,5,1198,1,7,-1,-1,-1
2018100274986,2,9,0,4,0,0,0,0,0,0,0,1,6,2,42,7,1242,1,9,10,2,10
2018100274997,1,9,0,18,0,1,0,0,0,0,1,1,1,2,55,8,1329,1,4,2,1,2
2018100274997,2,1,0,18,0,3,0,0,0,0,4,1,5,1,24,5,-1,-1,-1,3,1,3
2018100275008,1,9,0,9,0,1,0,0,0,0,2,1,6,2,16,4,1999,1,7,-1,-1,-1
2018100275008,2,1,0,5,0,2,0,0,0,0,1,1,2,1,29,6,-1,-1,-1,3,1,3
2018100275015,1,90,0,4,0,1,0,0,0,0,1,1,6,1,16,4,-1,-1,-1,-1,-1,-1
2018100275015,2,9,0,2,0,1,0,0,0,0,2,1,5,1,43,7,2231,2,11,1,1,1
2018100275024,1,11,0,18,0,1,0,0,0,0,0,1,1,1,-1,-1,6700,2,6,-1,-1,-1
2018100275032,1,9,-1,-1,-1,0,-1,-1,-1,0,-1,1,6,1,40,7,1968,2,12,1,1,1
2018100275032,2,9,-1,-1,-1,0,-1,-1,-1,0,-1,1,6,1,67,10,1995,2,8,5,3,5
2018100275045,1,9,0,18,0,0,0,0,0,0,0,1,5,1,53,8,2967,2,6,8,1,8
2018100275046,1,9,0,5,0,2,0,0,0,0,3,1,1,2,26,6,2494,2,5,6,3,6
2018100275046,2,9,0,18,0,1,0,0,1,0,1,2,5,1,30,6,2771,1,18,5,3,5
2018100275059,1,19,0,6,0,0,0,0,0,0,1,1,1,1,54,8,2148,2,10,2,1,2
2018100275059,2,9,0,18,0,0,0,0,7,0,1,1,6,1,26,6,1998,2,13,7,2,7
2018100275095,1,9,0,18,0,2,0,0,0,0,1,1,6,3,-1,-1,-1,-1,-1,-1,-1,-1
2018100275095,2,8,0,5,0,1,0,0,0,0,3,1,1,1,57,9,1560,2,5,7,1,7
2018100275099,1,11,-1,5,0,0,0,0,0,0,-1,1,1,1,24,5,6370,2,5,6,1,6
2018100275106,1,9,0,5,0,6,0,0,0,0,3,1,5,1,67,10,1798,1,12,-1,-1,-1
2018100275106,2,9,0,18,0,1,0,0,0,0,1,1,5,1,25,5,1968,2,5,-1,2,-1
2018100275109,1,9,0,18,0,1,0,0,0,0,1,1,6,1,50,8,1389,1,14,2,1,2
2018100275109,2,9,0,2,0,1,0,0,0,0,3,1,5,1,59,9,1229,1,4,1,1,1
2018100275109,3,9,0,2,0,1,0,0,0,0,2,1,5,1,32,6,998,1,4,1,1,1
2018100275109,4,9,0,2,0,1,0,0,0,0,2,1,5,2,30,6,1240,1,14,1,1,1
2018100275110,1,9,0,18,0,2,0,0,0,0,1,1,5,1,65,9,3248,1,18,4,1,4
2018100275110,2,9,0,3,0,2,0,0,0,0,2,1,6,1,51,8,999,1,4,6,1,6
2018100275110,3,9,0,3,0,2,0,0,0,0,2,1,6,2,60,9,1598,1,5,9,1,9
2018100275110,4,9,0,18,0,1,0,0,0,0,1,1,6,1,40,7,1149,1,11,8,1,8
2018100275155,1,2,0,18,0,8,0,0,0,0,1,1,5,1,41,7,599,1,22,3,1,3
2018100275155,2,9,0,5,0,6,0,0,0,0,3,1,5,1,77,11,1560,2,4,5,3,5
2018100275169,1,9,0,17,0,8,0,0,0,0,1,1,6,2,30,6,-1,-1,-1,-1,-1,-1
2018100275172,1,9,0,5,9,0,5,7,1,10,1,1,5,1,36,7,1968,2,11,1,1,1
2018100275219,1,9,-1,7,0,8,0,0,0,0,1,1,6,3,-1,-1,-1,-1,-1,-1,-1,-1
2018100275219,2,1,-1,18,0,8,0,0,0,0,2,1,5,1,14,3,-1,-1,-1,1,1,1
2018100275471,1,3,0,18,0,0,5,0,0,0,1,1,2,1,60,9,124,1,13,2,1,2
2018100275473,1,9,0,18,0,1,0,0,7,11,1,1,5,2,78,11,1197,1,5,4,1,4
2018100275473,2,9,0,2,9,1,0,0,0,0,2,1,6,3,-1,-1,-1,-1,-1,-1,-1,-1
2018100275473,3,9,0,2,9,1,0,0,0,0,2,1,6,3,-1,-1,-1,-1,-1,-1,-1,-1
2018100275477,1,9,0,3,0,1,0,0,0,0,1,1,5,1,68,10,1229,1,8,-1,-1,-1
2018100275477,2,10,0,3,0,1,0,0,0,0,3,1,1,1,51,8,2198,2,4,-1,-1,-1
2018100275490,1,9,0,16,0,1,0,0,0,0,1,1,1,1,53,8,1496,2,2,3,1,3
2018100275490,2,9,0,9,0,1,0,0,0,0,1,1,5,1,66,10,1242,1,4,7,1,7
2018100275588,1,9,0,9,0,2,0,0,0,0,1,1,5,1,87,11,1598,1,12,3,1,3
2018100275588,2,9,0,9,0,1,0,0,0,0,2,1,1,2,42,7,999,1,4,4,1,4
2018100275767,1,8,0,9,0,8,0,0,0,0,1,1,1,1,30,6,-1,-1,-1,-1,-1,-1
2018100275767,2,1,0,18,0,8,0,0,0,0,1,1,6,1,22,5,-1,-1,-1,-1,-1,-1
2018100275792,1,9,-1,13,0,1,0,0,0,0,-1,1,6,3,-1,-1,-1,-1,-1,-1,-1,-1
2018100275792,2,9,-1,18,0,1,0,0,0,0,2,1,6,2,54,8,1199,1,17,3,1,3
2018100275792,3,9,-1,18,0,1,0,0,0,0,1,1,6,1,32,6,1390,1,14,1,1,1
2018100275804,1,9,0,18,0,0,0,0,0,0,1,1,6,3,-1,-1,-1,-1,-1,-1,-1,-1
2018100275804,2,9,0,3,0,0,0,0,0,0,1,1,6,2,25,5,1242,1,6,9,2,9
2018100275804,3,9,0,3,0,0,0,0,0,0,2,1,1,2,52,8,1229,1,6,2,1,2
2018100275830,1,21,0,18,0,0,5,0,1,0,4,1,1,1,28,6,-1,-1,-1,1,2,1
2018100275916,1,9,0,16,0,3,0,0,0,0,3,1,5,2,20,4,1596,1,13,3,1,3
2018100275916,2,9,0,4,0,4,0,0,0,0,1,1,2,2,38,7,1598,1,12,5,1,5
2018100275932,1,9,0,5,0,2,0,0,0,0,3,1,2,1,62,9,1395,1,-1,8,1,8
2018100276628,1,9,0,16,0,0,1,0,0,0,1,1,2,1,55,8,2982,2,6,9,1,9
2018100276628,2,9,0,17,0,0,0,0,0,0,1,1,6,1,63,9,1229,1,5,-1,1,-1
2018100276668,1,9,0,10,0,2,0,0,0,0,4,1,5,2,35,6,998,1,7,1,1,1
2018100276668,2,9,0,18,0,1,0,0,0,0,1,1,5,1,34,6,1910,2,10,9,1,9
2018100276761,1,19,0,4,0,1,1,0,0,0,1,1,1,1,24,5,2463,2,13,1,1,1
2018100276761,2,9,0,3,0,2,0,0,0,0,2,1,1,1,63,9,-1,-1,-1,7,1,7
2018100276903,1,9,0,18,0,1,0,0,0,0,1,1,2,2,40,7,1360,1,16,2,1,2
2018100276952,1,9,0,18,0,8,0,0,0,0,1,1,5,1,79,11,1398,2,12,2,1,2
2018100276952,2,90,0,5,0,8,0,0,0,0,3,1,1,1,25,5,9186,2,13,3,1,3
2018100276964,1,9,0,16,0,0,1,0,7,0,0,1,5,1,72,10,1998,2,12,5,3,5
2018100277030,1,9,0,4,0,0,0,0,0,0,0,1,6,1,29,6,-1,-1,-1,-1,-1,-1
2018100277030,2,9,0,4,0,0,0,0,0,0,0,1,5,2,39,7,1242,1,10,4,1,4
2018100277060,1,9,0,18,0,1,0,0,0,0,1,1,5,1,21,5,-1,-1,-1,9,1,9
2018100277060,2,9,0,4,0,1,0,0,0,0,2,1,5,2,32,6,1995,2,3,4,1,4
2018100277068,1,9,0,18,0,0,0,0,0,0,0,1,5,2,48,8,2993,2,2,-1,1,-1
2018100277068,2,9,0,18,0,0,2,0,1,0,4,1,5,1,60,9,2967,2,3,1,1,1
2018100277102,1,9,0,4,0,6,0,0,3,1,1,1,5,1,47,8,1995,2,3,9,2,9
2018100277102,2,9,0,18,0,8,0,0,1,0,1,1,5,2,57,9,1229,1,10,9,2,9
2018100277105,1,9,0,9,0,2,0,0,0,0,1,1,6,1,30,6,-1,-1,-1,-1,-1,-1
2018100277125,1,19,0,3,0,1,0,0,0,0,1,1,1,1,57,9,4462,2,5,1,1,1
2018100277125,2,9,0,18,0,1,0,7,0,0,3,1,5,2,28,6,1198,1,3,4,1,4
2018100277205,1,9,0,16,0,0,1,0,0,0,1,1,5,2,21,5,1229,1,7,2,1,2
2018100277205,2,9,0,16,0,0,0,0,0,0,2,1,5,1,25,5,1499,2,3,6,3,6
2018100277427,1,9,0,3,0,0,0,0,0,0,2,1,6,2,42,7,1596,1,8,-1,-1,-1
2018100277427,2,9,0,4,0,0,0,0,0,0,1,1,6,2,38,7,1598,1,7,-1,-1,-1
2018100277475,1,8,0,18,0,0,1,10,0,0,1,1,1,1,37,7,1910,2,13,4,1,4
2018100277543,1,9,0,18,0,1,0,0,0,0,1,1,5,1,31,6,1951,2,14,1,1,1
2018100277543,2,9,0,9,0,5,0,0,0,0,3,1,5,1,23,5,1968,2,3,4,1,4
2018100277572,1,9,0,4,0,0,1,0,0,0,1,1,1,1,41,7,1797,8,9,4,1,4
2018100277572,2,9,0,3,0,0,0,0,0,0,1,1,5,1,49,8,3498,1,14,10,1,10