Accident_Index,Vehicle_Reference,Vehicle_Type,Towing_and_Articulation,Vehicle_Manoeuvre,Vehicle_Location-Restricted_Lane,Junction_Location,Skidding_and_Overturning,Hit_Object_in_Carriageway,Vehicle_Leaving_Carriageway,Hit_Object_off_Carriageway,1st_Point_of_Impact,Was_Vehicle_Left_Hand_Drive?,Journey_Purpose_of_Driver,Sex_of_Driver,Age_of_Driver,Age_Band_of_Driver,Engine_Capacity_(CC),Propulsion_Code,Age_of_Vehicle,Driver_IMD_Decile,Driver_Home_Area_Type,Vehicle_IMD_Decile
2018100277820,1,9,0,7,0,1,0,0,0,0,2,1,6,1,38,7,-1,-1,-1,-1,-1,-1
2018100277834,1,9,0,18,0,4,0,0,0,0,1,1,5,2,44,7,1598,1,5,7,1,7
2018100277834,2,3,0,9,0,8,0,0,0,0,1,1,5,1,18,4,125,1,-1,1,1,1
2018100277882,1,9,0,3,0,4,0,0,0,0,1,1,6,1,20,4,1998,1,23,-1,-1,-1
2018100277882,2,9,0,3,0,4,0,0,0,0,1,1,5,2,19,4,1398,1,7,1,1,1
2018100277918,1,19,0,4,0,4,0,0,0,0,1,1,1,1,58,9,2143,2,8,3,1,3
2018100277918,2,9,0,3,0,4,0,0,0,0,2,1,5,2,30,6,1349,1,9,2,1,2
2018100278067,1,9,0,3,0,1,0,0,0,0,1,1,6,1,-1,-1,1598,1,11,-1,-1,-1
2018100278067,2,9,0,5,0,1,0,0,0,0,2,1,5,2,50,8,1360,1,7,7,1,7
2018100278131,1,9,0,18,0,1,0,0,0,0,1,1,5,1,72,10,1242,1,1,4,2,4
2018100278173,1,8,0,18,0,4,0,0,0,0,1,1,1,1,54,8,1461,2,5,5,1,5
2018100278173,2,9,0,18,0,4,0,0,0,0,2,1,6,1,-1,-1,-1,-1,-1,-1,-1,-1
2018100278242,1,9,0,15,0,2,0,0,0,0,0,1,6,3,-1,-1,1596,1,14,-1,-1,-1
2018100278242,2,1,0,18,0,2,0,0,0,0,0,1,4,1,14,3,-1,-1,-1,9,1,9
2018100278275,1,9,0,5,0,2,0,0,0,0,1,1,6,2,72,10,1386,1,9,9,1,9
2018100278275,2,9,0,18,0,1,0,0,0,0,1,1,5,1,61,9,2143,2,2,4,3,4
2018100278346,1,21,0,11,0,0,0,0,0,0,2,1,6,1,-1,-1,6370,2,12,1,2,1
2018100278346,2,9,0,18,0,0,0,0,0,0,3,1,5,2,28,6,998,1,6,1,1,1
2018100278391,1,11,0,2,0,1,0,0,0,0,0,1,1,1,53,8,6700,2,7,3,1,3
2018100278432,1,9,0,4,0,0,1,0,0,0,4,1,6,1,26,6,1197,1,4,6,1,6
2018100278432,2,9,0,18,0,0,0,0,0,0,4,1,6,2,49,8,1596,1,6,2,1,2
2018100278475,1,9,0,18,0,0,0,0,0,0,4,1,5,1,77,11,1000,1,2,8,2,8
2018100278475,2,19,0,2,9,0,0,0,0,0,2,1,5,1,60,9,2402,2,13,5,1,5
2018100278576,1,9,0,5,0,0,0,0,0,0,4,1,5,2,73,10,1398,1,1,6,1,6
2018100278576,2,4,0,4,0,0,2,4,0,0,1,1,5,1,46,8,293,1,2,2,1,2
2018100278576,3,9,0,2,0,0,0,0,0,0,3,1,5,1,46,8,1781,1,14,4,1,4
2018100278591,1,19,0,17,7,0,0,4,0,0,1,1,2,1,32,6,2198,2,2,5,1,5
2018100278591,2,17,1,2,6,0,0,0,0,0,2,1,1,1,23,5,-1,-1,-1,3,1,3
2018100278601,1,9,0,18,0,1,0,0,0,0,1,1,1,1,42,7,1598,2,4,3,1,3
2018100278601,2,9,0,10,0,1,0,0,0,0,2,1,5,2,49,8,1596,1,2,-1,-1,-1
2018100278601,3,9,0,18,0,2,0,0,0,0,1,1,6,2,68,10,1299,1,17,5,1,5
2018100278622,1,9,0,18,0,1,0,0,0,0,1,1,6,1,69,10,1598,2,6,2,1,2
2018100278622,2,9,0,18,0,2,0,0,0,0,2,1,6,2,48,8,1198,1,2,6,1,6
2018100278630,1,9,0,18,0,0,0,0,0,0,3,1,6,3,-1,-1,-1,-1,-1,-1,-1,-1
2018100278630,2,11,0,2,0,0,0,0,0,0,0,1,6,3,-1,-1,-1,-1,-1,-1,-1,-1
2018100278694,1,9,0,18,0,3,0,4,0,0,1,1,5,1,23,5,1399,2,7,2,1,2
2018100278694,2,9,0,2,0,2,0,0,0,0,2,1,6,3,-1,-1,-1,-1,-1,-1,-1,-1
2018100278757,1,9,0,18,0,0,0,0,0,0,1,1,2,1,53,8,1998,1,5,10,1,10
2018100278757,2,9,0,18,0,0,0,0,0,0,4,1,2,2,22,5,1329,1,6,2,1,2
2018100278882,1,11,0,18,0,1,0,0,0,0,1,1,1,1,50,8,4461,2,5,3,1,3
2018100278896,1,9,0,18,0,0,0,4,1,7,1,1,5,2,57,9,1242,1,7,6,2,6
2018100278896,2,9,0,2,0,0,0,4,1,0,2,1,1,1,47,8,1598,2,3,-1,-1,-1
2018100278896,3,9,0,2,6,0,0,0,0,0,2,1,5,1,48,8,1299,1,14,-1,-1,-1
2018100279067,1,9,0,5,0,4,0,0,0,0,1,1,6,1,40,7,1364,1,14,-1,-1,-1
2018100279067,2,9,0,3,0,4,0,0,0,0,2,1,5,1,23,5,1598,2,4,-1,-1,-1
2018100279079,1,9,0,7,0,3,0,0,0,0,4,1,5,1,49,8,1995,1,13,3,1,3
2018100279079,2,9,0,7,0,3,0,0,0,0,3,1,2,2,35,6,1242,1,4,-1,-1,-1
2018100279082,1,9,0,18,0,0,0,4,0,0,1,1,6,3,-1,-1,-1,-1,-1,-1,-1,-1
2018100279082,2,9,0,3,0,0,0,0,0,0,2,1,3,2,43,7,998,1,1,1,1,1
2018100279085,1,9,0,14,0,2,0,0,0,0,1,1,6,2,27,6,1999,1,10,-1,-1,-1
2018100279085,2,9,0,18,0,1,0,0,0,0,1,1,5,2,53,8,1124,1,14,1,1,1
2018100279099,1,9,-1,16,0,8,0,0,0,0,3,1,6,3,-1,-1,-1,-1,-1,-1,-1,-1
2018100279099,2,9,-1,17,0,8,0,0,0,0,3,1,6,2,51,8,1248,1,6,2,1,2
2018100279176,1,9,0,1,9,0,0,0,1,0,2,1,5,2,85,11,1248,1,2,10,2,10
2018100279197,1,9,0,5,0,2,0,0,0,0,1,1,2,1,20,4,1197,1,2,4,1,4
2018100279197,2,9,0,18,0,1,0,0,0,0,4,1,2,2,34,6,2902,2,14,4,1,4
2018100279242,1,9,0,16,0,0,1,0,1,0,1,1,5,1,20,4,1598,1,12,3,1,3
2018100279265,1,9,0,18,0,0,0,7,0,0,1,1,5,1,28,6,1596,1,6,3,1,3
2018100279354,1,9,0,7,0,6,0,0,0,0,1,1,6,2,19,4,1229,1,3,4,1,4
2018100279354,2,9,0,18,0,8,0,0,0,0,1,1,6,2,19,4,1248,1,8,-1,-1,-1
2018100279384,1,9,0,11,0,0,0,0,0,0,4,1,2,2,24,5,1461,2,2,7,1,7
2018100279384,2,5,0,15,0,0,5,0,0,0,3,1,2,1,44,7,636,1,4,8,3,8
2018100279590,1,1,0,18,0,8,0,0,0,0,1,1,6,1,23,5,-1,-1,-1,5,1,5
2018100279590,2,11,0,9,0,8,0,0,0,0,1,1,1,1,49,8,5132,2,1,3,1,3
2018100279594,1,9,0,9,0,1,0,0,7,0,1,1,5,1,85,11,1951,2,14,9,1,9
2018100279594,2,9,0,18,0,8,0,0,0,0,1,1,1,1,51,8,1560,2,4,-1,-1,-1
2018100279630,1,9,0,18,0,1,0,0,0,0,1,1,6,2,30,6,2143,2,2,-1,-1,-1
2018100279632,1,19,0,3,0,4,0,0,0,0,1,1,1,1,43,7,1598,2,2,-1,-1,-1
2018100279632,2,9,0,3,0,4,0,0,0,0,2,1,5,1,44,7,1198,1,16,6,2,6
2018100279648,1,9,0,-1,-1,0,-1,-1,-1,0,-1,1,5,1,24,5,1598,1,10,7,1,7
2018100279685,1,19,0,14,0,0,0,0,0,0,1,1,1,1,57,9,2148,2,12,-1,-1,-1
2018100279685,2,9,0,9,0,0,0,0,0,0,3,1,2,1,32,6,1997,2,7,7,1,7
2018100279849,1,8,0,4,0,4,1,0,0,0,1,1,1,1,38,7,-1,-1,-1,2,1,2
2018100279849,2,11,0,9,0,8,0,0,0,0,4,1,1,1,42,7,4461,2,3,2,1,2
2018100279924,1,22,0,18,0,0,0,0,0,0,1,1,5,1,68,10,-1,-1,-1,-1,-1,-1
2018100280041,1,9,0,18,0,1,0,0,0,0,1,1,2,1,23,5,1395,1,1,2,1,2
2018100280041,2,9,0,1,0,1,0,0,0,0,2,1,2,1,48,8,1560,2,3,6,1,6
2018100280043,1,9,0,17,0,0,5,0,1,4,1,1,5,2,45,7,1299,1,11,4,1,4
2018100280081,1,19,-1,-1,-1,0,-1,-1,-1,0,-1,1,6,1,38,7,1686,2,15,7,1,7
2018100280081,2,9,-1,-1,-1,0,-1,-1,-1,0,-1,1,6,1,35,6,1968,2,12,3,1,3
2018100280142,1,9,0,18,0,8,0,0,0,0,1,1,5,2,74,10,1364,2,11,-1,-1,-1
2018100280142,2,9,0,10,0,8,0,0,0,0,4,1,6,2,42,7,1896,2,14,4,1,4
2018100280245,1,19,0,18,0,0,0,0,0,0,1,1,6,1,34,6,2198,2,12,-1,-1,-1
2018100280245,2,9,0,18,0,0,0,0,0,0,2,1,5,2,26,6,1910,2,10,2,1,2
2018100280345,1,9,0,4,0,0,0,0,0,0,1,1,2,1,-1,-1,1560,2,2,9,1,9
2018100280473,1,11,0,18,0,0,0,0,0,0,0,1,1,1,26,6,4249,2,2,1,1,1
2018100280492,1,9,0,7,0,2,0,0,0,0,4,1,6,3,-1,-1,1124,1,13,-1,-1,-1
2018100280492,2,9,0,2,0,2,0,0,0,0,3,1,6,1,36,7,1968,2,14,7,1,7
2018100280497,1,9,0,5,9,1,0,7,7,0,2,1,5,1,71,10,1499,2,1,6,1,6
2018100280575,1,9,0,18,0,0,0,0,0,0,1,2,1,2,23,5,998,1,12,5,3,5
2018100280575,2,9,0,18,0,0,0,0,0,0,2,2,1,2,50,8,1910,2,11,10,3,10
2018100280619,1,9,0,18,0,4,0,0,0,0,1,1,6,1,20,4,1390,1,17,-1,-1,-1
2018100280619,2,9,-1,2,0,4,0,0,0,0,2,1,6,2,25,5,1596,1,12,10,1,10
2018100280657,1,9,0,18,0,2,0,0,0,0,4,1,6,1,-1,-1,1198,1,12,9,2,9
2018100280657,2,9,0,18,0,1,0,0,0,0,1,1,1,1,34,6,-1,-1,-1,10,1,10
2018100280685,1,9,0,12,0,2,0,0,0,0,2,1,5,1,48,8,1560,2,-1,2,-1,2
2018100280685,2,19,0,18,0,2,0,0,0,0,1,1,1,1,68,10,2148,2,13,6,1,6
2018100280685,3,9,0,2,0,2,0,0,0,0,0,1,6,2,35,6,1995,2,4,5,3,5
2018100280763,1,9,0,9,0,6,0,0,0,0,1,1,5,2,76,11,1199,1,5,4,2,4
2018100280763,2,9,0,18,0,8,0,0,0,0,1,1,6,1,38,7,2400,2,6,5,1,5
2018100280802,1,9,0,18,0,0,1,0,0,0,4,1,6,2,53,8,1197,1,4,2,1,2
2018100280802,2,9,0,5,9,0,0,0,0,0,1,1,5,2,30,6,1461,2,4,2,1,2
2018100280811,1,9,0,5,0,1,0,0,0,0,1,1,5,1,24,5,998,1,7,10,1,10
2018100280811,2,9,0,3,0,1,0,0,0,0,2,1,6,2,48,8,1329,1,7,3,1,3
2018100280815,1,9,0,18,0,0,1,7,0,0,1,1,5,1,19,4,1390,1,13,5,2,5
2018100280874,1,9,0,16,0,0,1,0,0,0,1,1,5,1,52,8,1796,1,11,9,1,9
2018100280881,1,9,0,5,0,3,0,0,0,0,1,1,5,1,54,8,2494,8,3,1,1,1
2018100280881,2,9,0,4,0,1,0,0,0,0,2,1,5,2,52,8,1398,1,5,5,3,5
2018100280881,3,9,0,4,0,1,0,0,0,0,2,1,5,1,23,5,1968,2,9,2,2,2
2018100280886,1,9,0,18,0,0,0,0,0,0,1,1,5,1,42,7,1461,2,9,7,1,7
2018100280887,1,9,0,12,0,0,0,0,0,0,3,1,6,1,46,8,1896,2,15,1,1,1
2018100280887,2,9,0,18,0,0,0,0,4,6,4,1,1,1,44,7,2993,2,1,3,1,3
2018100280891,1,9,0,9,0,1,0,0,0,0,4,1,6,1,-1,-1,1560,2,10,-1,-1,-1
2018100280891,2,9,0,18,0,1,0,0,0,0,1,1,6,2,32,6,-1,-1,-1,-1,-1,-1
2018100280893,1,9,0,1,0,1,0,4,0,0,2,1,5,2,76,11,1364,1,9,9,1,9
2018100280893,2,9,0,2,0,1,0,0,0,0,3,1,6,3,-1,-1,-1,-1,-1,-1,-1,-1
2018100280901,1,9,0,5,0,1,0,0,0,0,1,1,6,1,29,6,1461,2,7,7,1,7
2018100280901,2,3,0,9,0,3,0,0,0,0,4,1,6,1,51,8,125,1,1,2,1,2
2018100280910,1,9,0,18,0,1,0,0,0,0,1,1,5,1,61,9,1997,2,1,4,1,4
2018100280917,1,9,0,11,0,0,0,0,0,0,0,1,5,2,41,7,1198,1,15,2,1,2
2018100280917,2,11,0,18,3,0,0,0,0,0,0,1,1,1,52,8,6370,2,10,-1,-1,-1
2018100280932,1,9,0,4,0,4,0,0,0,0,3,1,5,1,19,4,1364,1,4,9,1,9
2018100281047,1,9,0,18,0,0,0,0,0,0,1,1,6,2,28,6,1388,1,10,-1,-1,-1
2018100281050,1,9,0,9,0,8,0,0,0,0,1,1,5,1,82,11,2987,2,4,7,1,7
2018100281050,2,9,0,18,0,8,0,0,0,0,2,1,6,2,30,6,1388,1,9,-1,-1,-1
2018100281095,1,9,0,18,0,4,0,0,0,0,1,1,5,2,30,6,1997,2,1,-1,3,-1
2018100281095,2,1,0,18,0,8,0,0,0,0,1,1,5,1,56,9,-1,-1,-1,1,1,1
2018100281139,1,9,0,5,0,3,0,0,1,0,2,1,6,3,-1,-1,-1,-1,-1,-1,-1,-1
2018100281139,2,8,0,3,0,3,0,0,0,0,2,1,1,1,68,10,1896,2,12,1,1,1
2018100281146,1,9,0,18,0,0,0,0,0,0,1,2,5,1,45,7,1248,1,7,4,1,4
2018100281154,1,9,0,5,0,0,0,0,0,0,1,1,6,1,19,4,1461,2,3,9,1,9
2018100281154,2,9,0,3,0,0,0,0,0,0,1,1,5,2,55,8,1753,2,11,-1,-1,-1
2018100281165,1,9,0,5,0,0,0,0,7,0,1,1,5,1,21,5,1582,2,6,5,1,5
2018100281196,1,9,0,18,0,4,0,0,0,0,1,1,5,1,87,11,1598,1,9,2,1,2
2018100281196,2,3,0,18,0,3,0,0,0,0,4,1,5,1,52,8,125,1,2,8,1,8
2018100281202,1,9,0,18,0,0,0,0,5,0,1,1,2,2,25,5,1299,1,15,5,1,5
2018100281223,1,11,0,-1,-1,0,-1,-1,-1,0,-1,1,2,1,-1,-1,-1,-1,-1,-1,-1,-1
2018100281256,1,9,0,18,0,2,0,0,7,11,1,1,5,1,48,8,2099,1,15,1,1,1
2018100281457,1,19,0,1,0,0,0,0,0,0,2,1,1,1,45,7,1995,2,1,-1,-1,-1
2018100281457,2,9,0,4,0,0,0,0,0,0,1,1,5,1,52,8,999,1,-1,6,3,6
2018100281459,1,9,0,18,0,1,0,0,0,0,1,1,1,2,21,5,998,1,2,6,1,6
2018100281459,2,9,0,2,0,1,0,0,0,0,2,1,1,1,60,9,-1,-1,-1,2,1,2
2018100281465,1,9,0,3,0,1,0,0,0,0,1,1,6,1,49,8,1461,2,5,7,1,7
2018100281465,2,9,0,3,0,1,0,0,0,0,2,1,5,1,46,8,1597,2,3,9,1,9
2018100281475,1,9,0,6,8,0,0,0,0,0,0,1,6,2,50,8,1242,1,11,4,1,4
2018100281475,2,1,0,3,0,0,2,0,0,0,0,1,1,1,31,6,-1,-1,-1,10,1,10
2018100281527,1,9,0,18,0,2,0,0,0,0,1,1,5,1,42,7,1796,1,16,3,1,3
2018100281527,2,1,0,18,0,6,0,0,0,0,4,1,5,1,15,3,-1,-1,-1,4,1,4
2018100281743,1,9,-1,5,0,0,0,0,0,0,3,1,6,3,-1,-1,-1,-1,-1,-1,-1,-1
2018100281815,1,3,0,18,0,1,1,0,1,0,1,1,2,1,17,4,125,1,2,6,1,6
2018100281815,2,9,0,12,0,1,0,0,0,0,2,1,6,1,47,8,1242,1,1,9,1,9
2018100281815,3,9,0,18,0,1,0,0,0,0,2,1,6,1,30,6,1896,2,19,2,1,2
2018100281833,1,9,0,17,0,0,1,0,0,0,1,1,5,2,26,6,1242,1,11,1,1,1
2018100281900,1,9,0,16,0,0,0,0,7,11,1,1,5,1,48,8,1995,2,16,1,1,1
2018100282037,1,11,-1,5,0,-1,-1,-1,-1,0,-1,1,1,1,38,7,6800,2,9,3,1,3
2018100282190,1,9,0,4,0,0,0,0,0,0,1,1,5,1,21,5,1242,1,14,7,3,7
2018100282190,2,9,0,3,0,0,0,0,0,0,2,1,6,2,57,9,1598,1,11,8,2,8
2018100282190,3,9,0,3,0,0,0,0,0,0,2,1,5,1,39,7,1200,1,-1,7,1,7
2018100282192,1,9,0,4,0,4,0,0,0,0,1,1,6,1,-1,-1,1398,2,12,-1,-1,-1
2018100282192,2,9,0,3,0,4,0,0,0,0,2,1,6,2,27,6,1598,1,14,3,3,3
2018100282198,1,9,0,17,0,8,0,0,3,0,1,1,5,1,17,4,1968,2,4,8,3,8
2018100282208,1,9,0,18,9,0,0,0,1,0,1,1,5,1,20,4,1781,1,16,3,1,3
2018100282208,2,9,0,18,0,0,0,0,0,0,3,1,6,1,40,7,1998,2,3,-1,-1,-1
2018100282249,1,9,0,4,0,0,0,0,0,0,1,1,1,1,20,4,1149,1,14,3,1,3
2018100282249,2,9,0,4,0,0,0,0,0,0,2,1,2,1,30,6,1390,1,6,4,1,4
2018100282249,3,9,0,4,0,0,0,0,0,0,2,1,1,1,25,5,1341,1,14,6,1,6
2018100282261,1,9,0,9,0,1,0,0,0,0,1,1,2,2,26,6,1560,2,7,1,1,1
2018100282261,2,1,0,7,0,1,0,0,0,0,1,1,2,1,55,8,-1,-1,-1,-1,-1,-1
2018100282278,1,9,0,9,0,1,0,0,0,0,1,1,2,1,61,9,1364,1,11,1,1,1
2018100282368,1,9,0,7,0,6,0,0,0,0,1,1,6,2,-1,-1,1248,2,7,2,1,2
2018100282368,2,9,0,18,0,1,0,0,0,0,1,1,6,1,19,4,1120,2,3,4,1,4
2018100282514,1,5,0,17,0,0,2,10,1,0,1,1,6,1,23,5,649,1,2,-1,-1,-1
2018100282531,1,-1,-1,1,0,0,0,0,0,0,2,1,6,3,-1,-1,-1,-1,-1,-1,-1,-1
2018100282531,2,8,-1,3,0,0,0,0,0,0,1,1,1,1,40,7,1598,2,9,5,1,5
2018100282624,1,9,0,9,0,8,0,0,0,0,1,1,5,1,38,7,999,1,-1,1,1,1
2018100282624,2,9,0,18,0,8,0,0,0,0,1,1,5,1,45,7,999,1,-1,-1,-1,-1
2018100282657,1,11,0,5,0,8,0,0,0,0,0,1,2,1,30,6,9360,2,7,-1,-1,-1
2018100282659,1,9,0,17,0,7,0,0,0,0,3,1,5,2,70,10,2987,2,2,5,1,5
2018100282688,1,9,0,6,0,1,0,0,0,0,1,1,6,1,62,9,4966,1,15,-1,-1,-1
2018100282688,2,9,0,18,0,1,0,0,0,0,4,1,5,1,27,6,1990,1,24,4,1,4
2018100282704,1,3,0,18,0,3,0,0,0,0,1,1,6,1,17,4,125,1,5,2,1,2
2018100282710,1,9,0,18,0,2,1,0,5,0,1,1,5,1,23,5,1598,1,8,2,1,2
2018100282710,2,9,0,12,0,2,1,0,1,2,2,1,5,2,50,8,-1,-1,-1,6,2,6
2018100282711,1,9,0,18,0,1,0,0,0,0,1,1,6,2,20,4,1299,1,14,-1,-1,-1
2018100282711,2,9,0,3,0,4,0,0,0,0,2,1,6,2,27,6,1560,2,9,1,1,1
2018100282712,1,2,0,18,0,4,2,0,0,0,3,1,5,1,19,4,-1,-1,-1,-1,-1,-1
2018100282712,2,8,0,18,0,3,0,0,0,0,3,1,1,2,50,8,1968,2,3,-1,-1,-1
2018100282733,1,1,0,18,0,0,0,4,0,0,1,1,5,1,26,6,-1,-1,-1,10,1,10
2018100282733,2,9,0,7,0,0,0,0,0,0,4,1,5,1,35,6,1995,1,11,3,1,3
2018100282738,1,9,0,18,0,3,0,7,0,0,4,1,5,1,24,5,1461,2,12,4,1,4
2018100282738,2,9,0,18,0,3,0,0,0,0,3,1,5,1,23,5,1995,2,3,4,1,4
2018100282750,1,9,0,1,0,1,0,0,0,0,2,1,5,1,22,5,1560,2,9,1,1,1
2018100282807,1,11,0,18,0,0,0,0,0,0,0,1,1,1,54,8,6370,2,8,3,1,3
2018100282817,1,9,0,9,0,1,0,0,0,0,4,1,6,2,18,4,998,1,14,4,1,4
2018100282817,2,1,0,18,0,1,0,0,0,0,1,1,2,2,32,6,-1,-1,-1,5,1,5
2018100282861,1,9,0,4,0,0,0,0,0,0,1,1,5,2,29,6,999,1,3,4,3,4
2018100282861,2,9,0,4,0,0,0,0,0,0,2,1,1,2,33,6,1598,2,6,3,1,3
2018100282861,3,9,0,4,0,0,0,0,0,0,2,1,6,1,19,4,998,1,10,2,1,2
2018100282940,1,9,0,5,0,6,0,0,0,0,3,1,5,2,85,11,1229,1,13,6,1,6
2018100282940,2,9,0,18,0,1,0,0,0,0,1,1,5,2,35,6,1896,2,11,4,2,4
2018100282997,1,11,-1,5,0,0,0,0,0,0,0,1,1,1,26,6,6692,2,6,8,1,8
2018100283021,1,9,0,9,0,8,0,0,0,0,3,1,6,1,61,9,1560,2,11,10,1,10
2018100283021,2,1,0,18,0,8,0,0,0,0,1,1,6,1,55,8,-1,-1,-1,10,1,10
2018100283029,1,9,0,18,0,8,1,0,0,0,3,1,6,1,50,8,2401,2,14,2,3,2
2018100283029,2,9,0,18,0,8,2,0,1,0,4,1,6,1,42,7,1560,2,4,5,1,5
2018100283037,1,5,0,4,0,1,0,0,0,0,1,1,5,1,61,9,1745,1,2,5,3,5
2018100283037,2,9,0,4,0,1,0,0,0,0,2,1,5,1,61,9,1995,2,11,2,1,2
2018100283037,3,10,0,4,0,1,0,0,0,0,3,1,5,1,58,9,-1,-1,-1,9,2,9
2018100283039,1,9,0,13,0,1,0,0,0,0,4,1,1,1,48,8,1686,2,4,-1,-1,-1
2018100283039,2,3,0,9,0,1,0,0,0,0,3,1,6,1,60,9,125,1,3,1,1,1
2018100283039,4,9,0,4,0,8,0,0,0,0,0,1,6,2,24,5,-1,-1,-1,-1,-1,-1
2018100283284,1,9,0,18,0,0,0,0,0,0,1,1,5,1,83,11,1499,2,2,5,2,5
2018100283284,2,9,0,3,0,0,0,0,0,0,2,1,6,2,22,5,1386,1,12,-1,3,-1
2018100283284,3,9,0,3,0,0,0,0,0,0,2,1,6,1,59,9,998,1,10,4,3,4
2018100283284,4,9,0,3,0,0,0,0,0,0,2,1,6,1,53,8,1398,1,-1,5,1,5
2018100283326,1,11,0,18,0,2,0,0,0,0,0,1,1,1,46,8,4461,2,5,1,1,1
2018100283413,1,98,0,18,0,0,0,0,1,0,4,1,6,1,30,6,-1,-1,-1,-1,-1,-1
2018100283420,1,9,0,3,0,1,0,0,0,0,4,1,6,1,53,8,1896,2,11,-1,-1,-1
2018100283420,2,4,0,15,0,1,0,0,0,0,1,1,2,1,52,8,-1,-1,-1,-1,-1,-1
2018100283429,1,9,0,3,0,0,0,0,0,0,1,1,6,3,16,4,-1,-1,-1,-1,-1,-1
2018100283429,2,9,0,18,0,0,0,0,0,0,2,1,5,1,54,8,1560,2,4,9,1,9
2018100283499,1,9,0,18,0,1,0,0,0,0,1,1,6,3,-1,-1,1149,1,16,-1,-1,-1
2018100283499,2,19,0,8,0,1,0,0,0,0,2,1,6,1,45,7,1753,2,12,4,1,4
2018100283524,1,98,0,18,0,0,1,0,0,0,1,1,6,3,-1,-1,-1,-1,-1,-1,-1,-1
2018100283524,2,1,0,18,0,0,5,0,7,0,2,1,5,1,21,5,-1,-1,-1,-1,-1,-1
2018100283552,1,9,0,18,0,0,0,0,0,0,1,1,6,2,-1,-1,1995,2,5,-1,-1,-1
2018100283552,2,9,0,3,0,0,0,0,0,0,2,1,6,1,47,8,-1,-1,-1,-1,-1,-1
2018100283625,1,9,0,18,0,0,1,0,0,0,1,1,5,1,25,5,-1,-1,-1,8,1,8
2018100283625,2,9,0,18,0,0,1,0,0,0,1,1,6,1,49,8,2000,1,18,1,1,1
2018100283722,1,9,0,18,0,1,0,0,0,0,1,1,6,2,24,5,1598,1,8,4,1,4
2018100283722,2,9,0,18,0,1,0,0,0,0,2,1,5,2,59,9,1956,2,4,7,1,7
2018100283746,1,1,-1,-1,-1,0,-1,-1,-1,0,-1,1,5,1,16,4,-1,-1,-1,-1,-1,-1
2018100283746,2,9,-1,7,0,0,0,0,0,0,4,1,5,1,21,5,1242,1,2,-1,-1,-1
2018100283794,1,9,0,18,0,1,0,0,0,0,1,1,6,2,-1,-1,1896,2,10,1,1,1
2018100283937,1,11,0,9,3,2,0,0,0,0,0,1,1,1,55,8,4461,2,2,1,1,1
2018100284110,1,9,0,18,0,0,0,10,3,0,1,1,6,2,49,8,1229,1,5,3,2,3
2018100284110,2,9,0,18,0,0,0,0,0,0,1,1,6,1,27,6,1769,1,16,-1,-1,-1
2018100284122,1,9,0,9,0,8,0,0,0,0,1,1,5,1,44,7,1598,1,5,9,1,9
2018100284137,1,9,0,5,0,6,0,0,0,0,1,1,6,1,25,5,999,1,-1,5,1,5
2018100284137,2,9,0,18,0,1,0,0,0,0,3,1,6,1,58,9,1242,1,12,9,1,9
2018100284137,3,9,0,3,0,1,0,0,0,0,1,1,5,2,23,5,998,1,4,6,3,6
2018100284397,1,9,0,18,0,3,0,0,0,0,1,1,2,1,33,6,1461,2,11,1,1,1
2018100284397,2,1,0,18,0,8,0,0,0,0,3,1,1,1,14,3,-1,-1,-1,3,1,3
2018100284420,1,9,0,5,0,0,0,0,8,4,3,1,5,2,18,4,-1,-1,-1,7,3,7
2018100284431,1,9,0,18,0,0,0,0,0,0,1,1,6,1,86,11,1339,1,8,1,1,1
2018100284466,1,9,0,4,0,1,0,0,0,0,1,1,5,2,21,5,1595,1,-1,3,1,3
2018100284466,2,9,0,10,0,1,0,0,0,0,2,1,5,2,57,9,1086,1,13,1,1,1
2018100284473,1,9,0,5,0,0,0,0,0,0,1,1,6,2,43,7,1951,2,13,2,1,2
2018100284481,1,9,0,18,0,1,0,0,0,0,1,2,5,2,57,9,-1,-1,-1,-1,-1,-1
2018100284481,2,9,0,18,0,1,0,0,0,0,1,1,2,2,20,4,1248,1,8,6,3,6
2018100284485,1,9,0,4,0,1,0,0,0,0,1,1,5,1,57,9,1596,1,11,9,1,9
2018100284485,2,9,0,3,0,1,0,0,0,0,4,1,5,1,58,9,1586,1,-1,8,1,8
2018100284521,1,5,0,17,0,0,1,0,1,11,1,1,6,1,53,8,988,1,14,-1,-1,-1
2018100284556,1,9,0,9,0,5,0,7,0,0,1,1,5,1,25,5,1596,1,5,-1,-1,-1
2018100284559,1,19,-1,-1,-1,-1,-1,-1,-1,0,-1,1,6,1,45,7,1896,2,9,5,2,5
2018100284559,2,19,-1,-1,-1,-1,-1,-1,-1,0,-1,1,1,1,48,8,1248,2,3,3,1,3
2018100284561,2,9,0,18,0,0,0,0,0,0,2,1,6,1,38,7,1598,2,3,7,1,7
2018100284561,3,9,0,18,0,0,0,0,0,0,1,1,5,1,26,6,-1,-1,-1,-1,-1,-1
2018100284571,1,9,0,18,0,1,0,0,0,0,1,1,1,1,26,6,1388,1,13,7,1,7
2018100284593,1,9,0,5,0,8,0,0,0,0,4,1,5,2,47,8,1587,1,13,8,1,8