Accident_Index,Vehicle_Reference,Vehicle_Type,Towing_and_Articulation,Vehicle_Manoeuvre,Vehicle_Location-Restricted_Lane,Junction_Location,Skidding_and_Overturning,Hit_Object_in_Carriageway,Vehicle_Leaving_Carriageway,Hit_Object_off_Carriageway,1st_Point_of_Impact,Was_Vehicle_Left_Hand_Drive?,Journey_Purpose_of_Driver,Sex_of_Driver,Age_of_Driver,Age_Band_of_Driver,Engine_Capacity_(CC),Propulsion_Code,Age_of_Vehicle,Driver_IMD_Decile,Driver_Home_Area_Type,Vehicle_IMD_Decile
2018100284600,1,9,0,18,0,0,0,0,0,0,1,1,5,1,20,4,1390,1,8,5,1,5
2018100284602,1,9,0,9,0,0,0,0,3,11,1,1,2,1,21,5,1995,1,10,6,3,6
2018100284608,1,9,0,18,0,4,1,10,3,1,1,1,5,1,54,8,1461,2,12,2,1,2
2018100284621,1,9,0,9,0,1,0,0,0,0,1,1,2,2,20,4,1598,2,6,-1,3,-1
2018100284621,2,5,0,17,0,1,0,0,0,0,1,1,6,1,30,6,599,1,10,-1,1,-1
2018100284737,1,9,0,9,0,2,0,0,0,0,0,1,6,3,-1,-1,-1,-1,-1,-1,-1,-1
2018100284737,2,11,0,5,0,2,0,0,0,0,0,1,1,2,22,5,-1,-1,-1,-1,-1,-1
2018100284786,1,9,0,4,0,4,0,0,0,0,1,1,6,1,18,4,1984,1,17,-1,-1,-1
2018100284786,2,9,0,3,0,4,0,0,0,0,2,1,5,2,18,4,998,1,11,1,1,1
2018100284806,1,9,-1,18,0,3,0,0,0,0,1,1,6,1,50,8,-1,-1,-1,-1,-1,-1
2018100284806,2,9,-1,3,0,3,0,0,0,0,4,1,6,2,23,5,1200,1,1,2,1,2
2018100284831,1,9,-1,9,0,2,0,0,0,0,1,1,6,2,50,8,1242,1,1,1,1,1
2018100284831,2,9,-1,10,0,1,0,0,0,0,3,1,6,2,30,6,1197,1,2,2,1,2
2018100284871,1,9,0,18,0,0,0,0,0,0,1,1,6,3,30,6,-1,-1,-1,-1,-1,-1
2018100284871,2,16,0,3,0,0,0,0,0,0,2,1,5,2,32,6,-1,-1,-1,3,1,3
2018100285148,1,9,0,18,0,0,0,0,0,0,1,1,5,1,25,5,1198,1,2,4,1,4
2018100285148,2,9,0,4,0,0,0,0,0,0,2,1,5,2,28,6,1598,2,3,8,1,8
2018100285166,1,9,0,5,0,0,0,0,0,0,4,1,5,1,45,7,998,1,-1,5,1,5
2018100285217,1,9,0,18,0,2,0,0,0,0,4,1,2,1,21,5,1896,2,19,3,1,3
2018100285217,2,9,0,9,0,6,0,0,0,0,1,1,5,2,18,4,1242,1,4,2,2,2
2018100285217,3,9,0,18,0,1,0,0,0,0,1,1,5,1,29,6,1248,1,7,6,1,6
2018100285292,1,9,0,12,0,0,2,0,0,0,1,2,5,1,82,11,1398,1,2,4,2,4
2018100285292,2,9,0,18,0,0,1,0,2,4,2,1,6,2,54,8,1461,2,3,8,1,8
2018100285303,1,9,0,18,0,8,0,0,0,0,1,1,5,1,46,8,-1,-1,-1,3,1,3
2018100285303,2,1,0,3,0,8,0,0,0,0,2,1,5,1,20,4,-1,-1,-1,3,1,3
2018100285346,1,9,0,9,0,6,0,0,0,0,1,1,2,1,36,7,2198,2,12,3,1,3
2018100285346,2,9,0,18,0,2,0,0,0,0,3,1,1,1,47,8,1248,2,3,4,1,4
2018100285404,1,9,0,16,0,1,0,0,0,0,1,1,5,1,38,7,1995,2,7,4,1,4
2018100285404,2,1,0,18,0,1,0,0,0,0,1,1,6,1,35,6,-1,-1,-1,-1,-1,-1
2018100285410,1,9,0,18,0,0,0,0,0,0,1,1,6,3,-1,-1,998,1,3,-1,-1,-1
2018100285410,2,9,0,18,0,0,0,0,0,0,4,1,6,1,29,6,1200,1,-1,7,1,7
2018100285616,1,9,0,5,0,1,0,0,0,0,1,1,6,1,-1,-1,1461,2,2,-1,-1,-1
2018100285616,2,9,0,5,0,4,0,0,0,0,2,1,6,1,30,6,1248,2,12,1,1,1
2018100285650,1,9,0,18,0,3,0,0,0,0,1,1,6,2,50,8,1364,1,-1,-1,-1,-1
2018100285672,1,9,0,17,0,0,0,0,0,0,0,1,6,1,-1,-1,-1,-1,-1,-1,-1,-1
2018100285672,2,9,0,16,0,0,0,0,1,0,0,1,6,2,54,8,1781,1,14,3,1,3
2018100285725,1,9,0,18,0,0,0,0,0,0,1,1,6,2,18,4,998,1,1,-1,-1,-1
2018100285746,1,9,0,4,0,0,0,0,0,0,1,1,5,2,44,7,3199,1,13,5,1,5
2018100285746,2,9,0,4,0,0,0,0,0,0,2,1,5,1,27,6,1598,1,3,4,2,4
2018100285746,3,9,0,4,0,0,0,0,0,0,2,1,5,2,20,4,999,1,1,1,1,1
2018100285748,1,9,0,18,0,0,0,0,0,0,1,1,5,2,38,7,1596,1,15,3,1,3
2018100285749,1,19,0,18,0,1,0,0,0,0,1,1,1,1,65,9,1598,2,2,-1,-1,-1
2018100285753,1,8,0,13,0,0,1,0,0,0,4,1,1,1,53,8,1968,2,5,4,1,4
2018100285753,2,21,1,18,0,0,0,0,0,0,3,1,1,1,53,8,12809,2,1,4,1,4
2018100285766,1,9,0,17,0,2,0,0,0,0,2,1,6,1,40,7,-1,-1,-1,-1,-1,-1
2018100285766,2,1,0,18,0,2,0,0,0,0,2,1,6,1,33,6,-1,-1,-1,1,1,1
2018100285912,1,9,0,12,0,8,0,0,0,0,1,1,5,1,71,10,996,1,6,-1,-1,-1
2018100285912,2,5,0,18,0,8,5,0,0,0,1,1,5,1,42,7,999,1,4,10,1,10
2018100286022,1,9,0,9,0,8,0,0,0,0,3,1,5,1,63,9,2685,2,15,7,1,7
2018100286022,2,1,0,18,0,1,0,0,0,0,1,1,5,1,45,7,-1,-1,-1,8,-1,8
2018100286051,1,9,0,18,0,1,0,0,0,0,1,1,1,1,50,8,-1,-1,-1,5,1,5
2018100286056,1,9,0,18,0,1,0,0,0,0,1,1,2,2,22,5,1390,1,7,1,1,1
2018100286293,1,11,0,4,0,1,0,0,0,0,0,1,1,1,29,6,9000,2,14,-1,-1,-1
2018100286296,1,5,0,17,0,0,1,0,1,0,1,1,5,1,45,7,599,1,14,9,1,9
2018100286300,1,9,0,18,0,0,0,0,0,0,1,1,1,1,18,4,1198,1,5,7,3,7
2018100286300,2,21,5,4,0,0,0,0,0,0,2,1,1,1,51,8,12900,2,11,3,1,3
2018100286303,1,5,0,18,0,0,1,0,0,0,1,1,5,1,44,7,1130,1,13,10,1,10
2018100286303,2,9,0,4,0,0,0,0,0,0,2,1,5,1,28,6,1461,2,-1,8,1,8
2018100286329,1,9,0,18,0,0,0,0,0,0,1,1,6,1,34,6,3200,2,14,4,1,4
2018100286329,2,9,0,18,0,0,0,0,0,0,2,1,5,1,82,11,1198,1,14,4,1,4
2018100286332,1,9,0,18,0,0,0,0,0,0,0,1,1,1,44,7,2198,2,5,-1,-1,-1
2018100286336,1,20,0,3,0,0,0,4,0,0,1,1,1,1,-1,-1,2300,2,12,7,1,7
2018100286336,2,9,0,3,0,0,0,4,0,0,2,1,2,2,21,5,998,1,5,4,1,4
2018100286337,1,9,0,1,0,0,0,0,0,0,3,1,5,1,31,6,1560,2,6,2,1,2
2018100286342,1,9,0,5,0,6,0,0,3,0,3,1,1,1,43,7,1598,2,3,1,1,1
2018100286342,2,9,0,18,0,1,0,0,7,11,1,1,5,1,43,7,1461,2,8,3,1,3
2018100286350,1,9,0,18,0,0,0,0,0,0,0,1,5,1,39,7,1995,1,-1,5,2,5
2018100286350,2,9,0,11,0,0,0,0,0,0,2,1,6,1,24,5,1560,2,-1,3,1,3
2018100286350,3,3,0,18,0,0,0,11,0,0,1,1,2,1,32,6,125,1,-1,2,1,2
2018100286351,1,9,0,18,0,4,0,0,0,0,4,1,5,1,65,9,1248,1,1,4,1,4
2018100286351,2,5,0,17,0,8,1,0,7,0,1,1,5,1,32,6,1000,1,14,1,1,1
2018100286357,1,9,0,18,0,0,0,0,0,0,4,1,6,1,19,4,1910,2,10,-1,-1,-1
2018100286362,1,9,0,18,0,0,1,0,0,0,4,1,6,2,20,4,1595,1,1,-1,-1,-1
2018100286362,2,5,0,12,0,0,0,0,0,0,3,1,5,1,55,8,765,1,1,9,1,9
2018100286376,1,9,0,18,0,1,0,0,0,0,1,1,6,1,32,6,1968,2,8,8,1,8
2018100286376,2,9,0,3,0,1,0,0,0,0,2,1,5,2,22,5,1461,2,4,1,1,1
2018100286376,3,9,0,18,0,1,0,0,0,0,1,1,6,1,65,9,1968,2,9,1,1,1
2018100286379,1,9,0,18,0,1,0,0,0,0,1,1,6,1,-1,-1,2198,2,11,5,2,5
2018100286411,1,19,0,18,0,0,1,7,7,11,1,2,1,2,34,6,-1,-1,-1,2,2,2
2018100286422,1,9,0,16,0,0,1,0,0,0,1,1,6,1,29,6,1984,1,21,5,1,5
2018100286422,2,19,0,18,0,0,0,0,0,0,1,1,1,1,40,7,1997,2,2,10,1,10
2018100286428,1,9,0,-1,0,0,-1,-1,-1,0,-1,1,6,1,76,11,1318,1,2,8,1,8
2018100286428,2,9,-1,-1,0,0,-1,-1,-1,0,-1,1,6,2,44,7,1360,1,13,3,1,3
2018100286439,1,9,0,4,0,1,0,0,0,0,4,1,5,2,29,6,1240,1,12,1,1,1
2018100286449,1,9,0,5,0,2,0,0,0,0,1,1,2,1,30,6,1990,1,13,3,1,3
2018100286458,1,9,0,10,0,1,0,0,0,0,3,1,6,1,20,4,1560,2,11,3,1,3
2018100286458,2,3,0,13,0,1,0,0,0,0,1,1,1,1,28,6,113,1,-1,7,1,7
2018100286464,1,9,0,18,0,0,0,0,0,0,0,1,6,3,16,4,-1,-1,-1,-1,-1,-1
2018100286473,1,9,0,18,0,0,0,0,0,0,1,1,5,1,24,5,1997,2,6,4,1,4
2018100286473,2,9,0,3,0,0,0,4,0,0,2,1,5,1,50,8,2231,2,11,4,1,4
2018100286473,3,9,0,3,0,0,0,0,0,0,2,1,5,1,52,8,1999,1,1,5,1,5
2018100286478,1,9,0,18,0,0,0,0,0,0,1,1,6,1,20,4,1388,1,16,-1,-1,-1
2018100286478,2,8,0,4,0,0,0,0,0,0,2,1,1,1,64,9,-1,-1,-1,1,1,1
2018100286487,1,9,0,5,0,6,0,0,0,0,1,1,5,2,52,8,2967,2,2,10,2,10
2018100286487,2,9,0,18,0,8,0,0,0,0,1,1,5,2,73,10,1248,1,4,9,2,9
2018100286622,1,11,0,5,0,3,0,0,0,0,1,1,1,1,56,9,6871,2,14,-1,-1,-1
2018100286622,2,9,0,3,0,3,0,0,0,0,0,1,5,2,57,9,999,1,1,-1,-1,-1
2018100286670,1,4,0,18,0,1,1,10,7,0,1,1,5,1,27,6,-1,-1,-1,1,1,1
2018100286671,1,9,0,5,0,1,5,0,0,0,3,1,2,1,54,8,1328,1,10,4,3,4
2018100286671,2,9,0,18,0,1,0,0,0,0,1,1,5,1,84,11,996,1,5,5,2,5
2018100286672,1,9,0,18,0,0,0,0,0,0,1,1,5,2,59,9,998,1,2,6,1,6
2018100286672,2,9,0,4,0,0,0,0,0,0,2,1,5,1,59,9,1968,2,-1,3,1,3
2018100286678,1,9,0,2,0,0,0,0,0,0,2,1,2,2,42,7,2200,2,20,7,2,7
2018100286678,2,1,0,18,0,0,0,4,0,0,1,1,2,1,69,10,-1,-1,-1,7,1,7
2018100287027,1,9,-1,4,0,8,-1,-1,-1,0,0,1,6,1,35,6,2198,1,16,-1,-1,-1
2018100287027,2,9,0,-1,-1,8,-1,-1,-1,0,-1,1,6,1,35,6,1598,1,12,-1,-1,-1
2018100287061,1,9,0,9,0,2,0,0,0,0,3,1,6,3,18,4,-1,-1,-1,-1,-1,-1
2018100287077,1,9,0,18,0,0,0,0,0,0,1,1,6,3,-1,-1,1598,1,16,-1,-1,-1
2018100287077,2,9,0,3,0,0,0,0,0,0,2,1,6,2,56,9,1198,1,12,4,1,4
2018100287077,3,9,0,3,0,0,0,0,0,0,1,1,6,1,49,8,1461,2,10,8,1,8
2018100287081,1,9,0,5,0,4,0,0,0,0,1,1,5,1,89,11,1596,1,11,2,3,2
2018100287081,2,3,0,18,0,4,2,0,0,0,1,1,6,1,36,7,124,1,3,1,1,1
2018100287083,1,9,0,18,0,1,0,0,0,0,1,1,5,2,53,8,996,1,7,6,1,6
2018100287083,2,9,0,18,0,1,0,0,0,0,2,1,6,1,46,8,898,1,1,7,1,7
2018100287144,1,19,0,10,0,1,0,0,0,0,1,1,5,1,31,6,1868,2,17,2,1,2
2018100287144,2,1,0,18,0,1,0,0,0,0,1,1,5,1,52,8,-1,-1,-1,10,1,10
2018100287378,1,9,0,18,0,1,0,0,0,0,1,1,6,1,65,9,1198,1,3,-1,-1,-1
2018100287378,2,9,0,3,0,1,0,0,0,0,2,1,5,2,20,4,1242,1,7,9,1,9
2018100287416,1,1,0,18,0,0,0,0,0,0,1,1,2,1,25,5,-1,-1,-1,-1,-1,-1
2018100287416,2,9,0,18,0,0,0,0,0,0,1,1,2,2,41,7,1398,1,3,3,1,3
2018100287450,1,9,0,16,0,0,0,0,0,0,1,1,2,1,27,6,1560,2,6,-1,3,-1
2018100287450,2,19,0,17,0,0,0,0,0,0,1,1,5,1,47,8,-1,-1,-1,7,1,7
2018100287486,1,9,0,18,0,0,0,0,0,0,1,1,5,1,21,5,1398,1,1,2,1,2
2018100287509,1,9,0,4,0,1,0,0,0,0,1,1,2,2,48,8,1968,2,2,9,1,9
2018100287509,2,9,0,3,0,1,0,0,0,0,2,1,5,1,45,7,1560,2,6,10,1,10
2018100287509,3,9,0,3,0,1,0,0,0,0,2,1,2,1,44,7,1560,2,8,6,3,6
2018100287525,1,9,0,5,0,0,0,0,0,0,3,1,6,2,54,8,1198,1,5,10,1,10
2018100287525,2,21,1,5,0,0,0,0,0,0,4,1,1,1,27,6,12777,2,3,6,3,6
2018100287565,1,8,0,3,0,1,0,0,0,0,1,1,1,1,64,9,1197,1,4,10,1,10
2018100287565,2,9,0,3,0,1,0,0,0,0,2,1,2,2,52,8,1995,2,11,10,1,10
2018100287570,1,9,0,18,0,0,0,0,0,0,1,1,6,1,71,10,1560,2,1,2,1,2
2018100287570,2,9,0,5,0,0,0,0,0,0,3,1,4,1,46,8,1086,1,11,9,2,9
2018100287698,1,9,0,18,0,1,0,0,0,0,1,1,5,1,21,5,1968,2,5,10,1,10
2018100287698,2,19,0,3,0,1,0,0,0,0,2,1,1,1,36,7,2143,2,4,4,1,4
2018100287698,3,19,0,3,0,1,0,0,0,0,2,1,1,1,39,7,1995,2,1,4,1,4
2018100287713,1,9,0,18,0,0,0,0,0,0,1,1,5,1,21,5,1395,1,3,9,1,9
2018100287713,2,9,0,18,0,0,0,0,0,0,2,1,5,2,54,8,2143,2,1,9,1,9
2018100287713,3,9,0,18,0,0,1,10,1,9,1,1,5,2,53,8,1496,2,3,2,1,2
2018100287713,4,9,0,18,0,0,0,0,0,0,2,1,5,2,56,9,1600,1,7,4,1,4
2018100287761,1,9,0,18,0,0,0,0,0,0,3,1,6,2,60,9,1198,1,12,1,1,1
2018100287761,2,1,0,18,0,0,0,0,0,0,1,1,6,1,14,3,-1,-1,-1,-1,-1,-1
2018100287762,1,5,0,16,0,8,2,0,0,0,0,1,6,1,56,9,1170,1,10,-1,3,-1
2018100287795,1,9,0,9,0,1,0,0,0,0,1,1,5,1,19,4,1364,1,12,-1,-1,-1
2018100287795,2,8,0,18,0,8,0,0,0,0,1,1,1,1,31,6,1997,2,4,-1,-1,-1
2018100287799,1,9,0,18,0,4,0,0,0,0,1,1,6,1,30,6,-1,-1,-1,-1,-1,-1
2018100287799,2,1,0,5,0,6,0,0,0,0,1,1,5,1,16,4,-1,-1,-1,2,1,2
2018100287806,1,9,0,5,0,4,0,0,0,0,1,1,2,1,32,6,1560,2,2,4,1,4
2018100287806,2,1,0,18,0,3,0,0,0,0,4,1,2,1,51,8,-1,-1,-1,6,1,6
2018100288016,1,9,0,7,0,5,0,0,0,0,4,1,1,1,59,9,1240,1,8,2,1,2
2018100288016,2,1,0,18,0,1,5,0,1,0,3,1,2,1,51,8,-1,-1,-1,2,1,2
2018100288031,1,9,0,18,0,0,0,0,0,0,1,1,6,3,-1,-1,-1,-1,-1,-1,-1,-1
2018100288033,1,9,0,9,0,2,0,0,1,11,4,1,5,2,22,5,1242,1,7,7,3,7
2018100288130,1,9,0,5,0,8,0,0,0,0,1,1,6,2,76,11,1499,2,-1,4,1,4
2018100288130,2,9,0,18,0,8,1,0,0,0,1,1,2,1,24,5,1560,2,6,4,1,4
2018100288140,1,9,0,9,0,6,0,0,0,0,0,1,6,3,-1,-1,1560,2,10,-1,-1,-1
2018100288140,2,11,0,18,0,1,0,0,0,0,0,1,1,1,38,7,6370,2,10,-1,-1,-1
2018100288143,1,8,0,18,0,1,5,0,0,0,4,1,1,1,55,8,1896,2,13,-1,-1,-1
2018100288145,1,9,0,4,0,1,1,0,0,0,1,1,6,1,24,5,1390,1,13,10,2,10
2018100288145,2,9,0,17,0,2,0,0,1,0,1,1,2,2,79,11,1248,1,5,-1,-1,-1
2018100288145,3,9,0,18,0,1,0,0,0,0,0,1,1,1,35,6,2993,2,2,1,1,1
2018100288175,1,9,0,18,0,1,0,0,0,0,4,1,5,2,35,6,-1,-1,-1,3,1,3
2018100288184,1,3,0,18,0,2,0,0,0,0,3,1,6,1,40,7,124,1,4,7,1,7
2018100288184,2,9,0,9,0,8,0,0,0,0,1,1,6,2,29,6,1600,2,9,9,1,9
2018100288186,1,9,0,18,0,0,1,0,8,0,1,1,5,2,43,7,1596,1,14,8,1,8
2018100288226,1,97,0,18,0,1,0,0,0,0,1,1,6,1,-1,-1,-1,-1,-1,-1,-1,-1
2018100288238,1,9,0,3,0,0,0,0,0,0,4,1,5,1,42,7,2199,2,7,-1,-1,-1
2018100288251,1,19,0,18,0,3,0,0,0,0,1,1,6,3,-1,-1,1968,2,4,-1,-1,-1
2018100288251,2,9,0,5,0,4,0,0,0,0,3,1,6,2,46,8,1240,1,13,3,1,3
2018100288253,1,9,0,1,0,8,0,0,0,0,2,1,6,1,48,8,1956,2,5,-1,-1,-1
2018100288253,2,90,0,2,0,1,0,0,0,0,2,1,6,3,-1,-1,-1,-1,-1,-1,-1,-1
2018100288262,1,9,0,18,0,6,0,11,0,0,1,1,5,1,57,9,3200,2,12,3,1,3
2018100288289,1,19,0,18,0,0,0,12,2,0,1,1,5,1,53,8,2198,2,9,3,2,3
2018100288357,1,9,0,13,0,0,0,0,0,0,1,1,6,3,-1,-1,-1,-1,-1,-1,-1,-1
2018100288357,2,5,0,18,0,0,0,0,0,0,2,1,5,1,34,6,1000,1,5,1,1,1
2018100288530,1,9,0,18,0,1,0,0,0,0,1,1,1,1,34,6,1968,2,8,4,1,4
2018100288557,1,-1,-1,12,0,0,0,0,0,0,0,1,6,3,40,7,-1,-1,-1,-1,-1,-1
2018100288557,2,11,0,18,0,0,0,0,0,0,0,1,1,1,46,8,9360,2,5,8,1,8
2018100288575,1,9,0,1,0,0,0,0,0,0,2,1,6,2,38,7,2143,2,2,9,1,9
2018100288575,2,9,0,2,0,0,0,0,0,0,1,1,5,1,43,7,1997,2,10,1,1,1
2018100288578,1,9,0,18,0,0,0,0,0,0,1,1,5,1,77,11,1390,1,16,1,2,1
2018100288578,2,9,0,4,0,0,0,0,1,0,2,1,5,1,72,10,2199,2,8,5,2,5
2018100288578,3,9,0,2,0,0,0,0,0,0,0,1,6,2,59,9,1598,1,16,1,1,1
2018100288597,1,19,0,4,0,1,0,0,0,0,1,1,1,1,30,6,1995,2,2,-1,-1,-1
2018100288597,2,9,0,3,0,1,0,0,0,0,2,1,6,2,37,7,1968,2,4,5,1,5
2018100289219,1,9,0,18,0,0,0,0,0,0,1,1,6,1,43,7,1986,2,11,8,-1,8
2018100289257,1,11,-1,18,0,0,0,0,0,0,0,1,1,1,23,5,4461,2,3,-1,-1,-1
2018100289270,1,9,-1,-1,-1,0,-1,-1,-1,0,-1,1,6,2,-1,-1,1968,2,1,-1,-1,-1
2018100289270,2,3,-1,-1,-1,0,-1,-1,-1,0,-1,1,5,1,17,4,124,1,9,-1,-1,-1
2018100289290,1,9,0,18,0,0,0,0,0,0,4,1,1,2,80,11,996,1,7,1,1,1
2018100289311,1,9,0,12,0,0,0,0,0,0,4,1,6,2,49,8,1386,1,11,1,1,1
2018100289311,2,9,0,18,0,0,0,0,2,0,3,1,5,1,61,9,1499,1,1,9,1,9
2018100289326,1,9,0,18,0,8,0,0,0,0,1,1,6,2,26,6,1398,2,4,5,1,5
2018100289326,2,1,0,9,0,8,0,0,0,0,1,1,6,1,10,2,-1,-1,-1,8,1,8
2018100289369,1,9,-1,-1,-1,-1,-1,-1,-1,0,-1,1,6,3,-1,-1,-1,-1,-1,-1,-1,-1
2018100289369,2,1,-1,-1,-1,-1,-1,-1,-1,0,-1,1,2,1,53,8,-1,-1,-1,1,1,1
2018100289464,1,9,0,8,0,1,0,0,0,0,3,1,6,1,60,9,1386,1,5,6,1,6
2018100289464,2,9,0,9,0,3,0,0,0,0,4,1,5,1,30,6,1997,2,15,2,1,2
2018100289762,1,11,0,18,0,0,0,0,0,0,0,1,1,1,32,6,6871,2,13,-1,-1,-1
2018100289837,1,9,0,5,0,0,0,0,0,0,1,1,5,1,28,6,1199,1,14,1,1,1
2018100289837,2,3,0,3,0,0,0,0,0,0,2,1,1,1,22,5,125,1,-1,4,1,4
2018100290210,1,9,0,18,0,6,0,0,0,0,1,1,5,2,42,7,2199,2,4,7,1,7
2018100290210,2,9,0,18,0,1,0,0,0,0,1,1,5,1,63,9,2143,2,3,9,1,9
2018100290213,1,9,0,9,0,1,0,0,0,0,1,1,1,2,31,6,1595,1,1,4,1,4
2018100290213,2,9,0,18,0,1,0,0,7,0,3,1,5,1,45,7,2993,2,7,3,1,3
2018100290235,1,8,-1,18,0,1,0,0,0,0,0,1,1,1,60,9,1968,2,4,-1,-1,-1
2018100290387,1,9,0,18,0,4,0,0,0,0,1,1,6,1,40,7,1390,1,3,1,1,1
2018100290387,2,9,0,18,0,4,0,0,0,0,2,1,6,2,23,5,1197,1,3,1,1,1
2018100290460,1,9,0,9,0,6,0,0,0,0,2,1,3,1,50,8,1956,2,6,6,3,6
2018100290460,2,9,0,18,0,8,1,0,2,11,1,1,2,1,60,9,1461,2,1,5,3,5
2018100290479,1,9,0,18,0,0,0,11,0,0,1,1,5,2,37,7,1124,1,13,-1,-1,-1
2018100290492,1,1,-1,18,0,0,0,0,0,0,1,1,6,1,13,3,-1,-1,-1,-1,-1,-1
2018100290492,2,9,-1,18,0,0,0,0,0,0,1,1,6,1,-1,-1,-1,-1,-1,-1,-1,-1
2018100290501,1,9,-1,18,0,8,0,0,0,0,1,1,6,1,35,6,-1,-1,-1,-1,-1,-1
2018100290501,2,1,0,18,0,8,0,0,0,0,3,1,5,1,16,4,-1,-1,-1,10,1,10
2018100290522,1,9,0,18,0,1,0,0,0,0,1,1,5,1,51,8,999,1,3,2,1,2
2018100290522,2,9,3,18,0,1,3,0,1,0,3,1,5,1,47,8,2496,2,14,-1,-1,-1
2018100290527,1,1,0,18,9,0,5,0,0,0,3,1,5,1,12,3,-1,-1,-1,3,1,3
2018100290547,1,9,0,10,0,2,0,0,0,0,4,1,5,2,40,7,1198,1,3,3,1,3
2018100290547,2,22,0,5,0,6,0,0,0,0,1,1,5,2,89,11,-1,-1,-1,1,1,1
2018100290548,1,11,0,-1,0,0,0,0,0,0,0,1,1,1,38,7,6700,2,10,-1,-1,-1
2018100290583,1,3,0,7,0,1,1,0,7,0,4,1,5,1,38,7,125,1,1,-1,-1,-1
2018100290590,1,21,1,18,0,0,0,0,0,0,1,1,1,1,27,6,12777,2,7,5,1,5
2018100290590,2,9,0,4,0,0,0,0,0,0,2,1,2,1,49,8,1956,2,4,7,1,7
2018100290590,3,9,0,4,0,0,0,0,0,0,2,1,2,1,55,8,1329,1,7,1,1,1
2018100290602,1,9,0,18,0,8,0,0,0,0,1,1,2,2,26,6,1242,1,11,6,3,6
2018100290602,2,9,0,9,0,8,0,0,0,0,1,1,5,2,64,9,999,1,4,10,1,10
2018100290603,1,90,0,2,5,0,1,0,0,0,1,1,5,1,15,3,-1,-1,-1,3,1,3
2018100290603,2,9,0,18,0,0,0,0,0,0,4,1,5,1,47,8,1560,2,10,1,1,1
2018100290658,1,9,-1,-1,-1,-1,-1,-1,-1,0,-1,1,6,1,-1,-1,1798,1,8,-1,-1,-1
2018100290658,2,9,-1,-1,-1,-1,-1,-1,-1,0,-1,1,6,2,-1,-1,1560,2,3,3,1,3
2018100290676,1,9,0,10,0,0,0,0,0,0,1,1,6,1,59,9,1329,1,2,-1,-1,-1
2018100290716,1,9,0,7,0,5,0,0,0,0,0,1,5,2,55,8,1598,1,5,9,1,9
2018100290835,1,9,0,4,0,0,0,0,0,0,1,1,6,1,16,4,1995,2,9,-1,-1,-1
2018100290835,2,9,0,3,0,0,0,0,0,0,2,1,6,1,76,11,1198,1,4,2,1,2
2018100290835,3,9,0,4,0,0,0,0,0,0,2,1,6,2,16,4,1598,1,6,-1,-1,-1
2018100290835,4,9,0,4,0,0,0,0,0,0,2,1,6,1,16,4,1229,1,13,2,1,2
2018100290968,1,9,0,4,0,1,0,0,0,0,1,1,5,2,31,6,1598,2,6,7,1,7
2018100290968,2,8,0,4,0,1,0,0,0,0,2,1,1,1,45,7,2401,2,9,4,1,4
2018100290990,1,9,-1,-1,-1,0,-1,-1,-1,0,-1,1,1,2,45,7,1969,1,2,-1,-1,-1
2018100290990,2,19,0,-1,-1,0,-1,-1,-1,0,-1,1,1,1,-1,-1,2143,2,4,-1,-1,-1
2018100290990,3,9,-1,-1,-1,0,-1,-1,-1,0,-1,1,1,1,35,6,-1,-1,-1,-1,-1,-1
2018100290990,4,9,-1,3,0,0,0,0,0,0,2,1,6,2,29,6,1598,2,6,-1,-1,-1
2018100291007,1,9,0,18,0,1,0,0,0,0,3,1,5,2,21,5,1242,1,7,10,1,10
2018100291007,2,1,0,18,0,6,0,0,0,0,3,1,2,1,31,6,-1,-1,-1,6,-1,6
2018100291011,1,9,0,9,0,3,0,0,0,0,4,1,5,1,49,8,1591,1,3,3,2,3
2018100291011,2,9,0,9,0,3,0,0,0,0,1,1,5,1,36,7,2300,1,18,1,1,1
2018100291011,3,19,0,9,0,3,0,0,0,0,2,1,5,2,25,5,1968,2,1,1,1,1
2018100291032,1,9,0,16,0,2,0,0,0,0,1,1,6,1,75,10,998,1,1,1,1,1
2018100291032,2,9,0,17,0,1,0,0,0,0,1,1,5,1,76,11,1598,1,4,6,1,6
2018100291035,1,9,0,18,0,2,0,0,0,0,1,1,5,1,23,5,1798,1,2,5,1,5
2018100291051,1,9,0,18,0,0,0,0,0,0,1,1,6,2,60,9,999,1,1,3,1,3
2018100291051,2,9,0,18,0,0,0,0,0,0,2,1,6,1,25,5,1242,1,4,1,1,1
2018100291094,1,9,0,4,0,0,0,0,0,0,1,1,5,1,26,6,1995,2,5,2,1,2
2018100291094,2,9,0,4,0,0,0,0,0,0,2,1,1,1,41,7,-1,-1,-1,2,1,2
2018100291347,1,9,0,18,0,8,0,0,0,0,1,1,1,1,73,10,1493,1,20,-1,-1,-1
2018100291347,2,19,0,2,0,8,0,0,0,0,2,1,6,3,-1,-1,-1,-1,-1,-1,-1,-1
2018100291347,3,9,0,2,0,8,0,0,0,0,1,1,6,3,-1,-1,-1,-1,-1,-1,-1,-1
2018100291351,1,98,0,18,0,1,0,0,0,0,0,1,6,3,-1,-1,-1,-1,-1,-1,-1,-1
2018100291351,2,11,0,18,0,1,0,0,0,0,0,1,1,1,60,9,9000,5,4,1,1,1