Accident_Index,Vehicle_Reference,Vehicle_Type,Towing_and_Articulation,Vehicle_Manoeuvre,Vehicle_Location-Restricted_Lane,Junction_Location,Skidding_and_Overturning,Hit_Object_in_Carriageway,Vehicle_Leaving_Carriageway,Hit_Object_off_Carriageway,1st_Point_of_Impact,Was_Vehicle_Left_Hand_Drive?,Journey_Purpose_of_Driver,Sex_of_Driver,Age_of_Driver,Age_Band_of_Driver,Engine_Capacity_(CC),Propulsion_Code,Age_of_Vehicle,Driver_IMD_Decile,Driver_Home_Area_Type,Vehicle_IMD_Decile
2018100291355,1,9,0,16,0,0,0,0,1,4,1,1,5,2,35,6,1248,1,-1,-1,-1,-1
2018100291380,1,3,0,16,0,0,5,0,7,0,1,1,5,1,21,5,498,1,22,1,1,1
2018100291380,2,10,0,5,0,0,0,0,0,0,3,1,1,1,47,8,1998,2,13,2,1,2
2018100291381,1,9,0,18,0,1,0,0,0,0,4,1,5,2,66,10,1318,1,1,4,1,4
2018100291385,1,9,0,13,0,3,0,0,0,0,4,1,6,1,47,8,1968,2,2,-1,-1,-1
2018100291385,2,5,0,5,0,3,0,0,0,0,3,1,2,1,28,6,647,1,9,6,1,6
2018100291440,1,9,0,18,0,0,1,0,7,0,3,1,6,1,47,8,1596,1,12,3,1,3
2018100291462,1,9,0,5,0,6,0,0,0,0,3,1,6,1,33,6,1398,1,2,2,1,2
2018100291462,2,1,0,13,0,1,0,0,0,0,1,1,2,1,60,9,-1,-1,-1,2,1,2
2018100291601,1,11,0,3,0,0,0,0,0,0,0,1,1,1,61,9,9360,2,6,6,3,6
2018100291744,1,9,0,4,0,1,0,0,0,0,1,1,6,1,69,10,1991,2,13,4,2,4
2018100291744,2,9,0,3,0,1,0,0,0,0,2,1,1,2,37,7,1560,2,8,2,2,2
2018100291745,1,9,0,5,0,0,0,0,0,0,0,1,5,1,30,6,1686,2,8,2,3,2
2018100291747,1,5,0,15,0,1,5,0,0,0,0,1,2,1,42,7,599,1,11,1,1,1
2018100291747,2,9,0,11,0,1,0,0,0,0,0,1,6,1,26,6,1995,2,12,-1,-1,-1
2018100291849,1,9,0,3,0,0,0,0,0,0,1,1,6,2,49,8,1398,1,8,3,1,3
2018100291849,2,9,0,3,0,0,0,0,0,0,2,1,6,2,25,5,999,1,2,8,1,8
2018100291909,1,11,0,4,0,0,0,0,0,0,0,1,1,1,39,7,8970,2,15,-1,-1,-1
2018100292050,1,4,0,3,0,1,2,0,0,0,1,1,6,1,23,5,-1,-1,-1,-1,-1,-1
2018100292050,2,9,0,9,0,1,0,0,0,0,0,1,5,2,70,10,1242,1,5,-1,-1,-1
2018100292147,1,9,0,18,0,1,0,0,0,0,1,1,6,2,30,6,1896,2,16,-1,-1,-1
2018100292147,2,9,0,8,0,1,0,0,0,0,2,1,5,1,35,6,1596,1,15,4,1,4
2018100292150,1,9,0,4,0,0,1,0,0,0,1,1,5,1,56,9,-1,-1,-1,-1,-1,-1
2018100292150,2,9,0,4,0,0,0,0,0,0,2,1,5,1,64,9,1998,2,3,-1,-1,-1
2018100292170,1,9,0,18,0,8,1,0,3,1,1,1,6,1,25,5,2987,2,3,-1,-1,-1
2018100292181,1,9,-1,1,0,0,0,0,0,0,2,1,6,2,-1,-1,1199,1,4,3,1,3
2018100292181,2,3,0,4,0,0,0,0,0,0,1,1,2,2,27,6,125,1,2,2,1,2
2018100292184,1,9,-1,18,0,1,0,0,0,0,1,1,6,2,-1,-1,1242,1,8,2,1,2
2018100292184,2,9,-1,10,0,1,0,0,0,0,2,1,1,2,26,6,1390,1,5,4,1,4
2018100292207,1,9,0,1,0,1,0,0,0,0,-1,1,6,2,-1,-1,-1,-1,-1,-1,-1,-1
2018100292210,1,9,0,18,0,0,0,0,0,0,-1,1,6,3,-1,-1,-1,-1,-1,-1,-1,-1
2018100292210,2,9,0,2,0,0,0,0,0,0,-1,1,5,2,33,6,1360,1,6,3,1,3
2018100292218,1,9,-1,3,-1,0,-1,-1,-1,0,-1,1,6,3,-1,-1,-1,-1,-1,-1,-1,-1
2018100292218,2,1,-1,-1,-1,0,-1,-1,-1,0,1,1,5,1,14,3,-1,-1,-1,-1,-1,-1
2018100292224,1,9,4,18,0,0,0,0,0,0,1,1,1,1,38,7,-1,-1,-1,5,2,5
2018100292252,1,9,0,5,0,0,0,0,0,0,3,1,6,1,39,7,1598,2,4,6,-1,6
2018100292252,2,1,0,14,0,0,0,11,0,0,1,1,5,1,57,9,-1,-1,-1,-1,-1,-1
2018100292263,1,8,0,5,0,0,0,0,1,0,4,1,6,3,-1,-1,-1,-1,-1,-1,-1,-1
2018100292279,1,9,0,4,0,1,0,0,0,0,4,1,2,1,28,6,2993,2,4,10,1,10
2018100292287,1,1,0,18,0,0,0,0,0,0,1,1,4,1,12,3,-1,-1,-1,-1,-1,-1
2018100292287,2,9,0,18,0,0,0,0,0,0,3,1,2,2,60,9,998,1,5,-1,-1,-1
2018100292290,1,9,0,9,0,8,0,0,0,0,3,1,5,3,33,6,1598,2,4,-1,-1,-1
2018100292290,2,3,0,18,0,1,0,0,0,0,1,1,5,1,21,5,125,1,1,-1,-1,-1
2018100292312,1,9,0,18,0,1,0,0,0,0,1,1,5,2,82,11,1198,1,4,8,1,8
2018100292314,1,9,0,9,0,0,0,0,0,0,1,1,6,2,31,6,1598,1,14,3,1,3
2018100292314,2,9,0,17,0,0,0,0,0,0,1,1,6,2,41,7,2231,2,7,2,1,2
2018100292318,1,1,0,14,0,0,0,0,0,0,2,1,5,1,25,5,-1,-1,-1,2,1,2
2018100292318,2,9,0,14,0,0,0,0,0,0,2,1,5,1,50,8,-1,-1,-1,-1,-1,-1
2018100292330,1,9,0,18,0,4,0,0,0,0,1,1,5,1,53,8,1360,1,10,2,1,2
2018100292330,2,9,0,18,0,4,0,0,0,0,3,1,5,2,60,9,1388,1,6,8,2,8
2018100292335,1,9,0,14,0,8,5,0,1,0,4,1,5,1,66,10,1349,1,6,1,1,1
2018100292335,2,9,4,9,0,2,0,0,0,0,1,1,5,1,36,7,-1,-1,-1,7,3,7
2018100292358,1,9,0,18,0,8,0,0,0,0,1,1,6,1,21,5,999,1,1,8,1,8
2018100292358,2,9,0,3,0,8,0,0,0,0,2,1,6,2,25,5,1229,1,4,2,1,2
2018100292591,1,9,0,18,0,8,0,0,0,0,1,2,5,1,29,6,2497,1,16,-1,-1,-1
2018100292721,1,1,0,5,2,4,0,0,0,0,1,1,6,1,38,7,-1,-1,-1,1,1,1
2018100292721,2,8,0,4,2,4,0,11,0,0,1,1,1,1,49,8,1995,2,3,1,1,1
2018100292772,1,19,0,18,0,1,0,0,0,0,4,1,6,1,41,7,-1,-1,-1,4,1,4
2018100292905,1,9,0,1,0,0,0,0,0,0,2,1,5,1,53,8,1490,1,-1,-1,3,-1
2018100292921,1,9,0,9,-1,-1,-1,-1,-1,0,-1,1,2,1,25,5,1995,2,10,5,1,5
2018100292921,2,9,0,3,-1,-1,-1,-1,-1,0,-1,1,2,1,52,8,1968,2,8,8,1,8
2018100292948,1,9,0,2,0,0,0,0,0,0,4,1,3,2,47,8,1998,2,12,3,2,3
2018100293030,1,9,-1,-1,-1,0,-1,-1,-1,0,-1,1,6,1,17,4,-1,-1,-1,-1,-1,-1
2018100293030,2,-1,-1,-1,-1,0,-1,-1,-1,0,-1,1,6,3,-1,-1,-1,-1,-1,-1,-1,-1
2018100293030,3,-1,-1,-1,-1,0,-1,-1,-1,0,-1,1,6,3,-1,-1,-1,-1,-1,-1,-1,-1
2018100293050,1,11,0,18,2,0,0,0,0,0,4,1,1,1,60,9,9000,2,11,5,1,5
2018100293051,1,9,0,4,0,0,0,0,0,0,1,1,5,2,48,8,1461,2,-1,9,1,9
2018100293051,2,21,0,4,0,0,0,0,0,0,2,1,1,1,31,6,-1,-1,-1,4,1,4
2018100293051,3,9,0,4,0,0,0,0,0,0,2,1,5,1,27,6,999,1,3,2,1,2
2018100293074,1,5,0,9,0,0,1,0,0,0,3,1,5,1,72,10,1170,1,13,10,1,10
2018100293096,1,21,0,11,0,1,0,0,0,0,4,1,1,1,49,8,12600,2,11,1,2,1
2018100293096,2,9,0,18,0,1,0,0,0,0,2,1,5,2,63,9,1198,1,7,1,1,1
2018100293420,1,9,0,18,0,4,0,0,0,0,3,1,6,2,70,10,2231,2,5,-1,-1,-1
2018100293420,2,9,0,9,0,4,0,0,0,0,4,1,6,1,46,8,1598,1,10,1,1,1
2018100293437,1,1,0,12,0,1,5,0,0,0,3,1,5,1,14,3,-1,-1,-1,-1,-1,-1
2018100293437,2,9,0,18,0,1,0,0,0,0,4,1,2,2,29,6,1499,1,2,-1,-1,-1
2018100293466,1,9,0,18,0,0,1,4,0,0,1,1,2,1,26,6,1390,1,14,2,1,2
2018100293466,2,9,0,2,0,0,0,0,0,0,2,1,2,1,22,5,2521,1,12,3,1,3
2018100293471,1,9,0,9,0,3,0,0,0,0,4,1,6,2,69,10,1242,1,9,6,1,6
2018100293471,2,21,0,5,0,4,0,0,0,0,1,1,6,2,60,9,-1,-1,-1,-1,-1,-1
2018100293477,1,9,0,3,0,1,0,0,0,0,2,1,5,2,53,8,1398,2,8,10,1,10
2018100293477,2,9,0,3,0,1,0,0,0,0,1,1,5,2,29,6,1461,2,6,2,1,2
2018100293483,1,5,0,18,0,1,0,0,0,0,1,1,6,1,19,4,-1,-1,-1,-1,-1,-1
2018100293686,1,9,0,11,0,8,0,0,0,0,4,1,6,1,34,6,-1,-1,-1,-1,-1,-1
2018100293686,2,19,0,18,0,8,0,0,0,0,3,1,1,1,34,6,2143,2,6,4,1,4
2018100293745,1,9,0,1,0,0,0,0,0,0,2,1,5,2,49,8,1686,2,8,9,1,9
2018100293756,1,98,-1,4,0,0,0,0,0,0,2,1,6,1,-1,-1,-1,-1,-1,-1,-1,-1
2018100293756,2,9,-1,18,0,0,0,0,0,0,1,1,6,2,21,5,1461,2,2,2,3,2
2018100293799,1,9,0,2,6,0,0,0,0,0,3,1,6,3,-1,-1,-1,-1,-1,-1,-1,-1
2018100293799,2,9,0,2,6,0,0,0,0,0,3,1,6,3,-1,-1,-1,-1,-1,-1,-1,-1
2018100293799,3,19,0,18,0,0,0,0,0,0,3,1,1,1,28,6,1598,2,4,3,1,3
2018100293799,4,9,0,18,0,0,0,0,0,0,4,1,5,1,86,11,1198,1,2,7,1,7
2018100293824,1,9,-1,18,0,8,0,0,0,0,-1,1,6,2,-1,-1,-1,-1,-1,-1,-1,-1
2018100293846,1,9,0,18,0,0,0,0,0,0,3,1,5,2,43,7,1968,2,10,9,1,9
2018100293921,1,1,0,18,0,6,0,0,0,0,4,1,4,1,14,3,-1,-1,-1,-1,-1,-1
2018100293921,2,9,0,4,0,1,0,0,0,0,4,1,1,1,49,8,1198,1,6,3,1,3
2018100293938,1,11,0,7,0,1,0,0,0,0,4,1,1,1,40,7,6370,2,11,2,1,2
2018100293944,1,9,0,3,0,1,0,0,0,0,4,1,1,1,29,6,1598,2,3,-1,-1,-1
2018100294066,1,9,0,9,0,3,0,0,0,0,4,1,6,3,-1,-1,-1,-1,-1,-1,-1,-1
2018100294066,2,9,0,18,0,3,0,0,0,0,3,1,6,2,37,7,1388,1,10,2,1,2
2018100294072,1,9,0,7,0,1,0,0,0,0,3,1,5,1,21,5,998,1,1,1,1,1
2018100294072,2,1,0,15,0,1,0,0,0,0,1,1,1,1,34,6,-1,-1,-1,2,1,2
2018100294090,1,9,0,18,0,0,0,0,0,0,1,1,6,2,57,9,998,1,3,2,1,2
2018100294090,2,9,0,18,0,0,0,0,0,0,2,1,5,2,38,7,1248,2,11,-1,-1,-1
2018100294129,1,11,0,4,0,1,0,0,0,0,0,1,1,1,43,7,6692,2,9,9,1,9
2018100294154,1,90,0,13,0,8,0,0,0,0,1,1,1,1,29,6,2143,2,6,3,1,3
2018100294154,2,9,0,18,0,8,0,0,0,0,1,1,2,2,60,9,1598,1,7,3,1,3
2018100294161,1,9,0,18,0,1,1,4,0,0,1,1,5,1,22,5,1364,1,10,1,1,1
2018100294161,2,9,0,7,0,6,0,0,0,0,1,1,5,2,68,10,1298,1,13,4,1,4
2018100294161,3,9,0,2,0,1,0,0,0,0,2,1,6,3,-1,-1,-1,-1,-1,-1,-1,-1
2018100294161,4,9,0,2,0,1,0,0,0,0,2,1,6,3,-1,-1,-1,-1,-1,-1,-1,-1
2018100294168,1,9,0,9,0,5,0,0,0,0,4,1,5,1,30,6,1395,1,4,3,2,3
2018100294168,2,9,0,18,0,1,5,0,0,0,1,1,5,2,41,7,1242,1,7,4,2,4
2018100294183,1,19,0,18,0,0,1,0,1,0,4,1,1,1,27,6,2143,2,6,1,1,1
2018100294214,1,9,0,18,0,3,0,0,0,0,1,1,6,1,65,9,1753,2,14,1,1,1
2018100294214,2,9,0,4,0,3,0,0,0,0,2,1,5,2,47,8,1598,2,5,1,1,1
2018100294269,1,1,0,18,0,2,0,0,0,0,1,1,5,1,26,6,-1,-1,-1,6,1,6
2018100294269,2,9,0,5,0,8,0,0,0,0,1,1,5,2,48,8,1197,1,4,8,1,8
2018100294279,1,9,0,18,0,1,0,0,0,0,1,1,5,1,26,6,1796,1,14,3,1,3
2018100294279,2,8,0,3,0,1,0,0,0,0,2,1,1,1,27,6,1995,2,5,4,1,4
2018100294279,3,9,0,3,0,1,0,0,0,0,2,1,5,1,20,4,1560,2,11,10,1,10
2018100294279,4,9,0,3,0,1,0,0,0,0,2,1,6,1,43,7,1997,2,9,4,1,4
2018100294301,1,11,0,5,0,0,0,0,0,0,0,1,1,1,50,8,4461,2,4,1,1,1
2018100294307,1,11,0,4,0,0,0,0,0,0,0,1,1,1,50,8,-1,-1,-1,-1,-1,-1
2018100294310,1,9,0,9,0,8,0,0,0,0,1,1,6,1,16,4,1560,2,12,-1,-1,-1
2018100294310,2,9,0,9,0,8,0,0,0,0,3,1,6,1,38,7,1686,2,15,2,1,2
2018100294320,1,9,0,5,0,8,0,0,0,0,1,1,6,3,-1,-1,-1,-1,-1,-1,-1,-1
2018100294320,2,1,0,18,0,8,0,0,0,0,4,1,4,1,11,3,-1,-1,-1,3,1,3
2018100294321,1,9,0,18,0,0,0,0,0,0,0,1,6,1,23,5,1997,1,11,5,1,5
2018100294321,2,9,0,18,0,0,0,2,0,0,1,1,6,1,34,6,1997,2,9,4,1,4
2018100294342,1,9,0,18,0,8,0,0,0,0,3,1,2,1,58,9,1390,1,13,3,1,3
2018100294420,1,9,0,9,0,8,0,0,0,0,1,1,5,1,23,5,2179,2,7,7,1,7
2018100294420,2,22,0,5,0,8,5,0,0,0,4,1,5,2,81,11,-1,-1,-1,8,1,8
2018100294437,1,9,0,5,0,1,0,0,0,0,1,1,5,1,64,9,-1,-1,-1,1,1,1
2018100294437,2,1,0,18,0,1,0,0,0,0,3,1,2,2,28,6,-1,-1,-1,3,1,3
2018100294451,1,9,0,5,0,6,0,0,0,0,1,1,5,1,52,8,1461,2,8,3,1,3
2018100294451,2,9,0,18,0,1,0,0,0,0,4,1,5,2,48,8,1242,1,4,2,1,2
2018100294467,1,8,0,7,0,8,0,0,0,0,4,2,1,1,46,8,-1,-1,-1,1,1,1
2018100294470,1,9,0,4,0,4,0,0,0,0,1,1,5,2,64,9,1339,1,6,10,1,10
2018100294470,2,9,0,18,0,4,0,0,0,0,2,1,5,2,57,9,1364,1,10,5,1,5
2018100294495,1,9,0,18,0,2,0,0,7,0,1,1,6,2,39,7,1968,2,11,4,2,4
2018100294510,1,9,0,18,0,0,0,0,0,0,1,1,6,3,-1,-1,-1,-1,-1,-1,-1,-1
2018100294510,2,1,0,18,0,0,0,0,0,0,2,1,5,1,51,8,-1,-1,-1,1,1,1
2018100294519,1,4,0,18,0,8,5,0,0,0,4,1,5,1,22,5,296,1,4,3,1,3
2018100294519,2,9,0,18,0,8,0,0,0,0,3,1,5,1,60,9,1798,1,1,7,3,7
2018100294536,1,9,0,9,0,4,0,0,0,0,1,1,5,1,25,5,1560,2,4,1,1,1
2018100294536,2,9,0,18,0,8,0,0,0,0,4,1,5,1,29,6,1596,1,10,3,1,3
2018100294540,1,9,0,5,0,0,0,0,0,0,0,1,6,3,30,6,-1,-1,-1,-1,-1,-1
2018100294540,2,11,0,5,0,0,0,0,0,0,0,1,1,1,38,7,4250,2,9,1,1,1
2018100294552,1,9,0,18,0,8,0,0,0,0,1,1,5,2,50,8,898,1,2,5,1,5
2018100294552,2,9,0,5,0,2,0,0,0,0,1,1,5,2,23,5,1560,2,4,5,1,5
2018100294655,1,9,0,13,0,8,0,0,0,0,1,1,6,2,41,7,1198,1,5,3,1,3
2018100294655,2,9,0,9,0,8,0,0,0,0,1,1,1,1,32,6,-1,-1,-1,4,2,4
2018100294763,1,9,0,18,0,2,1,0,0,0,1,1,5,1,25,5,2143,2,1,8,1,8
2018100294769,1,9,0,18,0,1,0,0,0,0,4,1,6,1,-1,-1,-1,-1,-1,-1,-1,-1
2018100294793,1,9,0,18,0,1,0,0,0,0,1,1,1,1,51,8,1995,2,3,9,1,9
2018100294798,1,9,0,16,0,0,0,0,0,0,1,1,5,1,17,4,1596,1,8,5,-1,5
2018100294798,2,9,0,17,0,0,0,0,0,0,1,1,5,1,62,9,1400,1,19,6,1,6
2018100294928,1,9,0,18,0,7,0,0,0,0,1,1,1,1,40,7,1999,1,10,3,1,3
2018100294928,2,9,0,18,0,8,0,0,0,0,3,1,5,1,70,10,998,1,1,9,2,9
2018100295268,1,9,0,3,0,4,0,0,0,0,2,1,5,1,59,9,1896,2,14,9,3,9
2018100295268,2,19,0,3,0,4,0,0,0,0,1,1,1,1,39,7,2287,2,1,4,1,4
2018100295297,1,9,0,17,0,0,2,0,1,0,4,1,5,1,19,4,1587,1,15,-1,-1,-1
2018100295301,1,9,0,18,0,8,0,0,0,0,1,1,2,1,26,6,1995,1,7,4,1,4
2018100295301,2,9,0,3,0,1,0,0,0,0,2,1,2,1,39,7,1461,2,1,8,1,8
2018100295301,3,9,0,10,0,1,0,0,0,0,2,1,2,1,45,7,1398,1,8,3,1,3
2018100295301,4,21,1,18,0,8,0,0,0,0,1,1,1,1,58,9,12777,2,5,1,1,1
2018100295710,1,11,0,2,0,0,0,0,0,0,0,1,1,1,41,7,9000,2,12,6,1,6
2018100295780,1,9,0,9,0,0,0,0,0,0,3,1,5,2,28,6,1242,1,5,2,1,2
2018100295780,2,1,0,18,0,0,0,0,0,0,1,1,2,1,38,7,-1,-1,-1,8,1,8
2018100295802,1,9,0,18,0,1,0,0,0,0,4,1,6,2,28,6,1591,1,2,4,1,4
2018100295802,2,1,0,18,0,1,0,0,0,0,1,1,6,1,28,6,-1,-1,-1,4,1,4
2018100295809,1,21,0,5,0,0,0,0,0,0,4,1,1,1,60,9,6870,2,8,2,1,2
2018100295809,2,9,0,5,0,0,0,0,0,0,3,1,5,1,57,9,1598,1,1,3,1,3
2018100295812,1,9,0,18,0,6,0,0,0,0,1,1,6,1,-1,-1,998,1,3,-1,-1,-1
2018100295812,2,9,0,18,0,8,0,0,0,0,2,1,5,1,64,9,1798,1,9,9,2,9
2018100296053,1,98,-1,18,0,0,0,0,0,0,3,1,6,3,-1,-1,-1,-1,-1,-1,-1,-1
2018100296053,2,19,0,18,0,0,0,0,0,0,3,1,1,1,62,9,1753,2,9,3,1,3
2018100296054,1,9,0,3,0,2,0,0,0,0,0,1,5,1,18,4,-1,-1,-1,-1,-1,-1
2018100296067,1,9,0,9,0,8,0,0,0,0,1,1,6,1,26,6,1149,1,13,1,1,1
2018100296067,2,9,0,18,0,8,0,0,0,0,1,1,6,1,26,6,1995,2,11,4,1,4
2018100296081,1,9,0,4,0,1,0,0,0,0,4,1,6,2,20,4,1242,1,6,-1,-1,-1
2018100296095,1,11,0,2,2,0,0,0,0,0,0,1,1,1,50,8,6700,2,10,10,1,10
2018100296097,1,9,0,4,0,0,1,0,0,0,1,1,2,1,22,5,998,1,16,-1,-1,-1
2018100296097,2,9,0,3,0,0,0,0,0,0,2,1,5,2,39,7,1586,1,16,-1,-1,-1
2018100296138,1,9,0,9,0,4,0,0,0,0,3,1,2,2,34,6,1197,1,6,3,1,3
2018100296138,2,9,0,18,0,8,0,0,0,0,1,1,2,2,28,6,1598,2,3,2,1,2
2018100296144,1,9,0,9,0,1,0,0,7,1,4,1,5,1,36,7,1598,1,6,3,1,3
2018100296144,2,9,0,18,0,1,0,0,0,0,1,1,5,2,52,8,1329,1,2,5,1,5
2018100296152,1,9,0,5,0,1,0,0,0,0,4,1,5,1,43,7,1199,2,8,2,1,2
2018100296154,1,9,0,18,0,2,0,0,0,0,1,1,6,1,18,4,1229,1,1,5,1,5
2018100296154,2,9,0,4,0,2,0,0,0,0,2,1,5,2,56,9,1242,1,9,5,1,5
2018100296308,1,9,0,18,0,1,0,0,0,0,1,1,5,2,22,5,1560,2,5,4,1,4
2018100296308,2,19,0,4,0,1,0,0,0,0,2,1,1,1,42,7,2198,2,3,9,1,9
2018100296308,3,19,0,4,0,1,0,0,0,0,2,1,1,1,30,6,1995,2,1,3,1,3
2018100296354,1,11,-1,5,0,4,0,0,0,0,0,1,1,1,71,10,-1,-1,-1,6,1,6
2018100296361,1,9,0,9,0,8,1,10,1,7,1,1,5,2,24,5,1598,1,14,2,1,2
2018100296392,1,9,0,11,0,1,0,0,0,0,1,1,5,1,84,11,1198,1,9,5,1,5
2018100296392,2,9,0,18,0,1,0,0,0,0,2,1,5,1,55,8,1796,1,15,3,2,3
2018100296396,1,19,0,4,0,0,0,0,0,0,1,1,1,1,-1,-1,1598,2,2,-1,-1,-1
2018100296396,2,9,0,4,0,0,0,0,0,0,2,1,2,2,52,8,1149,1,7,-1,-1,-1
2018100296396,3,9,0,4,0,0,0,0,0,0,2,1,6,2,-1,-1,1388,1,8,8,1,8
2018100296402,1,9,0,18,0,0,0,0,1,0,1,1,6,1,64,9,1598,1,14,1,1,1
2018100296402,2,21,1,18,0,0,0,0,0,0,3,1,1,1,59,9,12777,2,1,-1,3,-1
2018100296421,1,9,0,18,0,0,0,0,0,0,0,1,5,1,17,4,1149,1,6,-1,-1,-1
2018100296428,1,9,0,18,0,4,0,0,0,0,3,1,2,1,28,6,1995,2,3,-1,-1,-1
2018100296428,2,9,0,18,0,8,0,0,0,0,1,1,5,2,28,6,1598,2,2,-1,-1,-1
2018100296440,1,11,0,18,0,0,0,0,0,0,1,1,1,1,23,5,6370,2,10,10,1,10
2018100296451,1,9,0,18,0,0,0,0,4,0,1,1,5,1,39,7,1390,1,6,-1,-1,-1
2018100296451,2,9,0,18,0,0,0,0,0,0,2,1,5,1,29,6,2000,2,13,-1,-1,-1
2018100296469,1,9,0,9,0,8,0,0,0,0,1,1,5,2,25,5,1360,1,13,7,1,7
2018100296469,2,1,0,9,0,8,0,0,0,0,4,1,5,1,54,8,-1,-1,-1,6,1,6
2018100296470,1,9,0,9,0,1,0,0,4,1,4,1,5,1,22,5,998,1,7,-1,-1,-1
2018100296470,2,9,0,18,0,1,0,0,0,0,1,1,5,1,20,4,998,1,2,7,1,7
2018100296481,1,9,0,1,0,0,0,0,0,0,2,1,6,3,-1,-1,1598,2,3,-1,-1,-1
2018100296481,2,9,0,3,0,0,0,0,0,0,1,1,5,1,20,4,1995,2,14,9,2,9
2018100296482,1,9,0,9,0,5,0,0,0,0,4,1,5,1,40,7,1328,1,13,-1,-1,-1
2018100296482,2,9,0,18,0,1,0,0,1,11,1,1,5,1,80,11,-1,3,1,7,1,7
2018100296482,3,9,0,10,0,1,0,0,0,0,3,1,5,2,27,6,1398,1,-1,2,3,2
2018100296484,1,9,0,8,0,1,0,0,0,0,1,1,6,3,-1,-1,-1,-1,-1,-1,-1,-1
2018100296484,2,9,0,3,0,2,0,0,0,0,2,1,5,1,21,5,1995,2,1,8,1,8
2018100296494,1,9,0,18,0,0,0,0,0,0,1,1,5,1,69,10,1386,1,6,5,1,5
2018100296494,2,9,0,17,0,0,0,0,0,0,3,1,5,2,57,9,1461,2,5,9,-1,9
2018100296498,1,5,0,18,0,1,1,0,0,0,1,1,5,1,63,9,745,1,8,8,1,8
2018100296498,2,9,0,3,0,1,0,0,0,0,2,1,5,1,58,9,1997,2,6,4,3,4
2018100296499,1,8,0,2,0,0,0,0,0,0,3,1,1,1,-1,-1,1753,2,8,-1,-1,-1
2018100296505,1,9,0,18,0,0,0,0,7,0,1,1,5,2,54,8,999,1,-1,6,1,6
2018100296587,1,9,0,9,0,1,0,0,0,0,1,1,5,2,78,11,1197,1,4,5,3,5
2018100296587,2,4,0,18,0,1,0,0,0,0,1,1,5,1,75,10,399,1,-1,10,1,10
2018100296634,1,9,0,7,0,1,0,0,0,0,3,1,6,2,64,9,-1,-1,-1,4,1,4
2018100296634,2,9,0,18,0,1,0,0,0,0,3,1,6,1,36,7,1799,1,12,5,1,5
2018100296641,1,9,0,18,0,0,0,0,0,0,3,1,5,1,82,11,1200,1,3,3,1,3
2018100296678,1,9,0,12,0,0,1,10,1,0,4,1,5,1,25,5,2993,2,3,2,1,2
2018100296715,1,9,0,4,0,0,0,0,0,0,1,1,6,3,30,6,-1,-1,-1,-1,-1,-1
2018100296715,2,9,0,4,0,0,0,0,0,0,2,1,5,2,60,9,1997,2,12,6,1,6
2018100296733,1,9,0,18,0,1,0,0,0,0,1,1,2,1,29,6,1595,1,14,1,1,1
2018100296733,2,11,0,18,0,2,0,0,0,0,4,1,1,1,40,7,4461,2,2,4,1,4
2018100296744,1,9,0,9,0,5,0,0,0,0,4,1,5,1,65,9,1997,2,2,3,1,3
2018100296744,2,3,0,18,0,1,5,0,0,0,1,1,5,1,18,4,125,1,13,1,1,1
2018100296829,1,11,0,5,0,8,0,0,0,0,0,1,1,1,56,9,6700,2,2,1,1,1
2018100296832,1,9,0,4,0,6,0,0,0,0,1,1,2,1,20,4,1229,1,8,1,1,1
2018100296891,1,-1,0,18,0,1,0,0,0,0,1,1,6,1,24,5,-1,-1,-1,5,1,5
2018100296891,2,90,0,4,0,1,0,0,0,0,2,1,5,2,59,9,-1,-1,-1,8,2,8
2018100296894,1,9,0,18,0,0,0,0,1,0,1,1,5,1,70,10,1999,2,1,8,2,8
2018100296894,2,9,0,2,0,0,0,0,0,0,2,1,5,2,42,7,1598,1,8,3,2,3
2018100296894,3,9,0,2,0,0,0,0,0,0,1,1,6,1,33,6,-1,-1,-1,8,1,8
2018100296904,1,3,0,18,0,8,5,0,0,0,1,1,1,1,17,4,125,1,2,6,1,6
2018100296904,2,9,0,5,0,1,0,0,0,0,4,1,5,1,31,6,1995,2,1,1,1,1
2018100296905,1,9,0,18,0,8,0,0,0,0,1,1,5,1,31,6,1490,1,10,7,1,7
2018100296905,2,1,0,18,0,8,0,0,0,0,4,1,5,1,45,7,-1,-1,-1,2,1,2
2018100296962,1,11,0,18,0,1,0,0,0,0,1,1,1,1,28,6,6700,2,5,1,1,1
2018100296962,2,9,0,18,0,8,0,0,0,0,0,1,5,2,59,9,1598,1,8,4,1,4
2018100297217,1,9,0,18,0,3,0,0,0,0,1,1,5,2,48,8,998,1,1,4,1,4
2018100297217,2,9,0,3,0,2,0,0,0,0,2,1,5,2,51,8,1587,1,16,3,1,3
2018100297243,1,19,0,18,0,0,5,4,0,0,1,1,1,1,31,6,1598,2,2,2,1,2
2018100297243,2,9,0,2,0,0,0,0,0,0,3,1,6,3,-1,-1,-1,-1,-1,-1,-1,-1
2018100297243,3,9,0,2,0,0,0,0,0,0,4,1,6,3,-1,-1,-1,-1,-1,-1,-1,-1
2018100297243,4,9,0,2,0,0,0,0,0,0,2,1,6,3,-1,-1,-1,-1,-1,-1,-1,-1
2018100297243,5,9,0,2,0,0,0,0,0,0,2,1,6,3,-1,-1,-1,-1,-1,-1,-1,-1
2018100297243,6,9,0,2,0,0,0,0,0,0,3,1,6,3,-1,-1,-1,-1,-1,-1,-1,-1