Accident_Index,Vehicle_Reference,Vehicle_Type,Towing_and_Articulation,Vehicle_Manoeuvre,Vehicle_Location-Restricted_Lane,Junction_Location,Skidding_and_Overturning,Hit_Object_in_Carriageway,Vehicle_Leaving_Carriageway,Hit_Object_off_Carriageway,1st_Point_of_Impact,Was_Vehicle_Left_Hand_Drive?,Journey_Purpose_of_Driver,Sex_of_Driver,Age_of_Driver,Age_Band_of_Driver,Engine_Capacity_(CC),Propulsion_Code,Age_of_Vehicle,Driver_IMD_Decile,Driver_Home_Area_Type,Vehicle_IMD_Decile
2018100297243,7,9,0,2,0,0,0,0,0,0,1,1,6,3,-1,-1,-1,-1,-1,-1,-1,-1
2018100297272,1,9,0,12,0,3,0,0,0,0,1,1,6,1,43,7,1591,1,2,-1,-1,-1
2018100297272,2,9,0,18,0,3,0,0,0,0,4,1,6,1,46,8,4395,1,6,8,1,8
2018100297274,1,19,0,4,0,0,0,0,0,0,1,1,1,1,29,6,1995,2,1,4,3,4
2018100297274,2,9,0,4,0,0,0,0,0,0,2,1,5,2,30,6,1910,2,11,2,2,2
2018100297283,1,9,0,5,0,4,0,0,0,0,1,1,2,2,34,6,1242,1,9,3,1,3
2018100297283,2,3,0,9,0,8,0,0,0,0,2,1,5,1,38,7,125,1,8,1,1,1
2018100297330,1,90,0,18,0,0,0,0,0,0,3,1,6,3,-1,-1,-1,-1,-1,-1,-1,-1
2018100297330,2,9,0,18,0,0,0,0,0,0,3,1,5,1,75,10,1591,1,3,3,1,3
2018100297331,1,9,0,18,0,1,0,0,0,0,1,1,6,1,72,10,1198,1,4,3,1,3
2018100297331,2,21,0,18,0,1,0,0,0,0,2,1,1,1,52,8,4580,2,3,5,1,5
2018100297493,1,9,0,18,0,0,0,0,0,0,1,1,2,1,44,7,1339,1,8,2,1,2
2018100297493,2,9,0,18,0,0,0,0,0,0,1,1,5,2,53,8,1596,1,9,1,1,1
2018100297567,1,5,0,9,0,3,0,0,0,0,1,1,5,1,19,4,645,1,15,-1,-1,-1
2018100297567,2,9,0,9,0,3,0,0,0,0,3,2,5,2,43,7,-1,-1,-1,-1,-1,-1
2018100297570,1,9,0,16,0,8,0,0,2,0,1,1,5,1,77,11,2401,2,14,6,3,6
2018100297570,2,21,1,17,0,1,1,0,0,0,3,1,1,1,40,7,16353,2,1,5,3,5
2018100297623,1,-1,0,-1,-1,-1,-1,-1,-1,0,-1,1,2,2,40,7,-1,-1,-1,5,1,5
2018100297734,1,11,0,2,3,0,0,0,0,0,0,1,1,1,35,6,6700,2,6,4,2,4
2018100297871,1,98,0,1,0,1,0,0,7,0,3,1,1,1,50,8,-1,-1,-1,-1,-1,-1
2018100297909,1,8,0,18,0,0,0,4,0,0,1,1,1,1,55,8,1968,2,8,4,1,4
2018100297909,2,9,0,2,0,0,0,7,1,0,2,1,1,2,50,8,998,1,2,5,1,5
2018100297952,1,9,0,18,0,0,1,10,1,4,1,1,5,1,23,5,1984,1,9,1,1,1
2018100297966,1,-1,0,4,0,1,0,0,0,0,1,1,6,2,67,10,-1,-1,-1,-1,-1,-1
2018100297966,2,90,0,3,0,1,0,0,0,0,2,1,6,2,24,5,-1,-1,-1,-1,-1,-1
2018100297971,1,11,0,5,0,0,0,0,0,0,0,1,1,1,63,9,6700,2,1,1,1,1
2018100297971,2,9,0,9,0,0,0,0,0,0,0,1,5,1,74,10,1364,1,3,6,1,6
2018100297994,1,11,0,3,0,0,0,0,0,0,0,1,1,1,31,6,4461,2,5,1,1,1
2018100298044,1,9,0,18,0,1,0,0,0,0,1,1,6,1,32,6,1299,1,13,5,1,5
2018100298044,2,9,0,9,0,1,0,0,0,0,3,1,6,1,46,8,1997,2,9,2,1,2
2018100298092,1,9,0,18,0,0,1,0,0,0,3,1,2,2,20,4,1240,1,12,7,1,7
2018100298092,2,1,0,18,0,0,1,0,0,0,4,1,5,1,53,8,-1,-1,-1,6,3,6
2018100298104,1,5,0,16,0,0,1,0,0,0,0,1,5,1,58,9,1170,1,8,10,1,10
2018100298127,1,8,0,18,0,0,0,10,4,0,3,1,1,1,63,9,1560,2,9,1,1,1
2018100298238,1,9,0,7,0,3,0,0,0,0,4,1,6,3,-1,-1,-1,-1,-1,-1,-1,-1
2018100298291,1,19,0,18,0,0,0,0,0,0,1,1,1,2,54,8,1560,2,4,4,1,4
2018100298291,2,9,0,3,0,0,0,0,0,0,2,1,6,1,39,7,1229,1,3,1,1,1
2018100298291,3,19,0,3,0,0,0,0,0,0,2,1,1,1,52,8,1560,2,4,2,1,2
2018100298291,4,9,0,3,0,0,0,0,0,0,2,1,6,1,46,8,1999,2,2,4,-1,4
2018100298291,5,9,0,3,0,0,0,0,0,0,2,1,6,2,37,7,1598,2,2,-1,-1,-1
2018100298320,1,9,0,18,0,3,0,0,0,0,3,1,6,2,34,6,1496,1,-1,10,1,10
2018100298320,2,9,0,18,0,3,0,0,0,0,4,1,6,1,49,8,1242,1,7,2,1,2
2018100298334,1,-1,-1,-1,-1,-1,-1,-1,-1,0,-1,1,6,1,-1,-1,-1,-1,-1,-1,-1,-1
2018100298334,2,9,-1,-1,-1,-1,-1,-1,-1,0,-1,1,6,2,47,8,1596,1,10,4,1,4
2018100298354,1,9,0,17,9,1,0,0,7,0,1,1,5,1,61,9,1998,2,3,4,1,4
2018100298359,1,9,0,18,0,0,0,0,0,0,1,1,5,1,34,6,1200,1,1,3,1,3
2018100298364,1,9,0,18,0,1,0,0,0,0,1,1,6,3,-1,-1,-1,-1,-1,-1,-1,-1
2018100298364,2,9,0,9,0,1,0,0,1,0,2,1,5,1,24,5,1461,2,1,7,1,7
2018100298417,1,21,0,18,0,4,0,0,0,0,4,1,2,1,58,9,-1,-1,-1,8,1,8
2018100298417,2,9,0,18,0,8,0,0,0,0,3,1,5,2,71,10,1461,2,2,5,1,5
2018100298417,3,9,0,18,0,8,0,0,0,0,3,1,6,1,72,10,1968,2,2,9,1,9
2018100298584,1,5,0,18,0,1,1,0,0,0,1,1,6,1,35,6,645,1,13,2,1,2
2018100298584,2,5,0,3,0,1,0,0,0,0,2,1,6,1,31,6,745,1,7,1,1,1
2018100298670,1,11,0,18,2,0,0,0,0,0,0,1,1,1,27,6,-1,-1,-1,-1,-1,-1
2018100298846,1,9,0,4,0,1,0,0,0,0,1,1,5,2,21,5,998,1,15,6,1,6
2018100298892,1,9,0,4,0,0,0,0,0,0,0,1,6,1,50,8,1598,2,4,3,1,3
2018100298906,1,9,0,18,0,4,1,0,0,0,1,1,5,1,30,6,1968,2,2,1,1,1
2018100298906,2,19,0,18,0,3,1,0,0,0,3,1,1,1,56,9,2198,2,6,1,1,1
2018100298967,1,9,0,5,0,2,0,0,3,11,1,1,6,2,88,11,1896,2,16,-1,-1,-1
2018100299044,1,9,0,5,0,2,0,0,0,0,1,1,5,2,18,4,998,1,15,1,1,1
2018100299044,2,9,0,5,0,1,0,0,0,0,1,1,5,2,58,9,1386,1,8,9,1,9
2018100299071,1,9,0,18,0,8,0,0,0,0,4,1,5,1,21,5,1598,2,1,3,1,3
2018100299107,3,9,0,18,0,0,0,0,0,0,2,1,2,2,22,5,1242,1,1,10,1,10
2018100299107,4,9,3,18,0,0,0,0,0,0,1,1,5,1,67,10,2199,2,6,-1,-1,-1
2018100299107,5,9,0,18,0,0,0,0,0,0,2,1,6,2,23,5,1349,1,6,7,2,7
2018100299107,6,9,0,18,0,0,0,0,0,0,1,1,6,2,62,9,1248,1,8,4,1,4
2018100299147,1,9,0,5,0,8,0,0,0,0,4,1,6,2,18,4,1398,1,4,2,1,2
2018100299147,2,9,0,18,0,8,0,0,0,0,1,1,6,1,52,8,1398,1,15,9,1,9
2018100299211,1,9,0,9,0,6,0,0,0,0,1,1,6,2,35,6,1364,1,5,-1,-1,-1
2018100299211,2,1,0,18,0,8,0,0,0,0,1,1,6,1,37,7,-1,-1,-1,10,1,10
2018100299219,1,9,0,4,0,1,0,0,0,0,1,1,6,2,37,7,1560,2,7,9,1,9
2018100299219,2,9,0,3,0,1,0,0,0,0,2,1,6,1,38,7,2521,1,8,3,1,3
2018100299245,1,9,0,7,0,8,0,0,0,0,1,1,6,2,26,6,-1,-1,-1,3,1,3
2018100299245,2,9,0,9,0,8,0,0,0,0,3,1,2,1,53,8,1560,2,13,1,1,1
2018100299248,1,9,0,17,0,0,0,0,4,0,1,1,6,1,29,6,2987,2,7,1,1,1
2018100299248,2,9,0,16,0,0,0,0,0,0,3,1,1,2,61,9,1598,2,4,4,1,4
2018100299274,1,9,0,18,0,0,0,0,0,0,1,1,6,1,36,7,-1,-1,-1,7,2,7
2018100299274,2,9,0,18,0,0,0,0,0,0,2,1,6,2,38,7,1364,1,3,2,1,2
2018100299274,3,9,0,18,0,0,0,0,0,0,2,1,6,1,56,9,1461,2,1,8,3,8
2018100299283,1,19,0,6,0,2,0,0,0,0,3,1,5,1,25,5,2143,2,2,9,3,9
2018100299283,2,9,0,18,0,2,0,0,0,0,1,1,5,1,21,5,1995,2,10,1,1,1
2018100299304,1,11,-1,4,-1,0,-1,-1,-1,0,-1,1,1,1,23,5,-1,-1,-1,-1,-1,-1
2018100299361,1,9,0,18,0,0,0,0,0,0,1,1,6,1,-1,-1,-1,-1,-1,-1,-1,-1
2018100299361,2,9,-1,3,0,0,0,0,0,0,2,1,1,1,55,8,1896,2,8,6,1,6
2018100299525,1,9,0,18,0,0,0,0,7,8,1,1,6,1,68,10,1197,1,3,5,1,5
2018100299554,1,9,0,18,0,4,0,0,0,0,4,1,2,1,38,7,1995,2,6,10,1,10
2018100299554,2,1,0,9,0,4,1,0,0,0,1,1,2,1,34,6,-1,-1,-1,7,1,7
2018100299589,1,11,0,5,0,1,0,0,0,0,0,1,1,2,22,5,6692,2,9,-1,-1,-1
2018100299600,1,9,0,18,0,0,0,0,0,0,4,1,2,2,58,9,1896,2,9,-1,-1,-1
2018100299600,2,9,0,18,0,0,0,0,0,0,4,1,2,1,24,5,1200,1,3,-1,-1,-1
2018100299926,1,-1,-1,18,0,0,0,0,0,0,1,1,6,3,-1,-1,-1,-1,-1,-1,-1,-1
2018100299926,2,1,0,12,0,0,0,0,0,0,2,1,5,2,52,8,-1,-1,-1,4,1,4
2018100299942,1,9,0,4,0,5,0,0,0,0,1,1,5,1,68,10,1968,2,3,10,2,10
2018100299942,2,9,0,4,0,5,0,0,0,0,2,1,1,1,35,6,1395,1,2,9,1,9
2018100299982,1,9,0,17,0,0,0,0,1,11,1,1,5,2,45,7,1798,1,2,-1,1,-1
2018100299989,1,9,0,18,0,0,0,0,0,0,1,1,6,2,22,5,1399,1,8,4,1,4
2018100300006,1,9,0,18,0,1,0,0,0,0,4,1,5,2,32,6,1596,1,11,1,1,1
2018100300006,2,9,0,18,0,1,0,0,0,0,2,1,5,1,36,7,-1,-1,-1,2,1,2
2018100300027,1,9,0,18,0,0,2,10,1,10,1,1,5,1,37,7,1299,1,13,3,2,3
2018100300028,1,9,0,16,0,1,0,0,0,0,1,1,6,2,-1,-1,1910,2,10,-1,-1,-1
2018100300028,2,9,0,8,0,1,0,0,0,0,2,1,6,2,20,4,1242,1,4,9,1,9
2018100300041,1,9,0,17,0,0,0,0,1,7,4,1,6,1,78,11,1398,1,3,-1,-1,-1
2018100300043,1,11,0,18,0,8,0,11,0,0,1,1,5,1,28,6,-1,-1,-1,3,1,3
2018100300077,1,9,0,9,0,6,0,0,0,0,0,1,6,3,-1,-1,-1,-1,-1,-1,-1,-1
2018100300077,2,9,0,5,0,1,0,0,0,0,1,1,6,1,40,7,1086,1,12,-1,-1,-1
2018100300077,3,9,0,5,0,1,0,0,0,0,2,1,5,1,20,4,998,1,2,5,1,5
2018100300148,1,9,0,18,0,8,0,0,0,0,1,1,5,1,44,7,2099,1,15,2,2,2
2018100300182,1,1,0,18,0,0,2,4,0,0,1,1,5,2,17,4,-1,-1,-1,7,3,7
2018100300182,2,9,0,2,0,0,0,0,0,0,1,1,5,2,74,10,999,1,14,7,3,7
2018100300231,1,5,0,18,0,1,2,10,0,0,1,1,6,1,32,6,599,1,17,2,1,2
2018100300231,2,9,0,18,0,2,0,0,0,0,2,1,6,1,22,5,1149,1,14,1,1,1
2018100300247,1,-1,0,6,0,6,0,0,0,0,3,1,5,2,48,8,-1,-1,-1,5,2,5
2018100300247,2,9,0,18,0,1,0,0,0,0,1,1,1,1,40,7,-1,-1,-1,2,1,2
2018100300271,1,9,0,5,0,1,0,0,0,0,1,1,1,1,19,4,1242,1,14,9,1,9
2018100300271,2,9,0,10,0,1,0,0,0,0,2,1,1,2,35,6,1368,1,7,5,1,5
2018100300373,1,9,-1,18,2,0,0,0,0,0,3,1,6,3,-1,-1,-1,-1,-1,-1,-1,-1
2018100300398,1,1,0,18,0,6,0,0,0,0,1,1,6,1,14,3,-1,-1,-1,5,1,5
2018100300398,2,9,0,18,0,8,0,0,0,0,1,1,6,2,-1,-1,2179,2,8,5,1,5
2018100300414,1,9,0,18,0,2,0,0,0,0,1,1,5,2,20,4,1242,1,8,1,1,1
2018100300636,1,-1,0,4,0,1,0,4,0,0,1,1,6,1,-1,-1,-1,-1,-1,-1,-1,-1
2018100300636,2,90,0,3,0,1,0,0,0,0,2,1,6,1,42,7,-1,-1,-1,3,1,3
2018100300761,1,3,0,5,0,0,0,0,0,0,1,1,5,1,29,6,125,1,1,9,1,9
2018100300761,2,9,0,2,0,0,0,0,0,0,1,1,6,3,-1,-1,-1,-1,-1,-1,-1,-1
2018100300848,1,9,0,16,0,0,1,0,1,4,3,1,5,1,67,10,999,1,1,8,1,8
2018100300848,2,11,0,17,0,0,0,0,0,0,3,1,1,1,24,5,9600,2,18,1,1,1
2018100301030,1,5,0,11,0,0,0,0,0,0,1,1,6,1,61,9,1600,1,9,2,1,2
2018100301030,2,9,0,2,0,0,0,0,0,0,2,1,1,1,47,8,1386,1,8,3,1,3
2018100301037,1,90,0,18,0,1,0,0,0,0,1,1,1,1,58,9,-1,-1,-1,7,3,7
2018100301039,1,9,0,1,0,0,1,0,1,0,0,1,1,1,19,4,1599,1,14,5,1,5
2018100301039,2,9,0,18,0,0,1,0,4,6,1,1,1,1,40,7,1991,8,2,5,1,5
2018100301078,1,9,0,1,0,0,0,0,1,11,2,1,5,1,91,11,1997,2,9,-1,-1,-1
2018100301078,2,9,0,2,0,0,0,0,0,0,2,1,6,3,-1,-1,-1,-1,-1,-1,-1,-1
2018100301152,1,9,0,9,0,6,0,0,0,0,1,1,1,2,28,6,1242,1,2,-1,-1,-1
2018100301152,2,1,0,18,0,1,2,0,0,0,1,1,5,1,51,8,-1,-1,-1,-1,-1,-1
2018100301182,1,9,0,4,0,1,0,0,0,0,4,1,2,1,50,8,1968,2,3,10,1,10
2018100301182,2,1,0,18,0,1,1,0,0,0,1,1,5,1,11,3,-1,-1,-1,3,1,3
2018100301185,1,9,0,18,0,0,0,0,0,0,4,1,6,2,73,10,1582,2,11,5,1,5
2018100301185,2,1,0,18,0,0,0,0,0,0,3,1,5,1,50,8,-1,-1,-1,9,2,9
2018100301187,1,19,0,18,0,0,0,0,0,0,1,1,1,1,60,9,2198,2,10,5,2,5
2018100301187,2,9,0,4,0,0,0,0,0,0,2,1,5,1,36,7,2143,2,5,1,1,1
2018100301227,1,9,0,18,0,0,0,0,0,0,0,1,5,1,83,11,2400,2,4,5,3,5
2018100301227,2,9,0,18,0,0,1,0,1,11,1,1,5,2,66,10,1968,2,1,6,3,6
2018100301227,3,9,0,18,0,0,1,0,1,11,2,1,5,1,28,6,1499,1,-1,3,1,3
2018100301227,4,9,0,18,0,0,0,0,0,0,2,1,5,1,72,10,5300,1,45,10,1,10
2018100301289,1,-1,-1,18,0,4,0,0,0,0,1,1,6,2,-1,-1,-1,-1,-1,-1,-1,-1
2018100301289,2,90,-1,-1,-1,-1,-1,-1,-1,0,-1,1,6,1,31,6,-1,-1,-1,-1,-1,-1
2018100301476,1,9,0,5,0,1,0,0,0,0,-1,1,1,1,29,6,-1,-1,-1,-1,-1,-1
2018100301518,1,9,0,18,0,0,0,0,0,0,1,1,2,2,27,6,1200,1,4,10,1,10
2018100301558,1,11,0,3,0,0,0,0,0,0,4,1,1,1,63,9,4250,2,17,3,1,3
2018100301570,1,9,0,18,0,0,0,0,0,0,1,1,2,2,23,5,1242,1,5,10,3,10
2018100301570,2,9,0,4,0,0,0,0,0,0,2,1,6,1,27,6,1596,1,5,7,1,7
2018100301570,3,9,0,3,0,0,0,0,0,0,2,1,6,1,56,9,1386,1,10,8,2,8
2018100301571,1,9,0,5,0,0,2,0,2,10,4,1,5,1,18,4,1364,1,10,-1,3,-1
2018100301572,1,90,0,18,0,0,0,0,0,0,1,1,1,1,29,6,5193,2,1,3,2,3
2018100301572,2,9,0,3,0,0,1,0,0,0,2,1,2,2,45,7,1685,2,1,8,3,8
2018100301572,3,9,0,3,0,0,1,0,0,0,2,1,5,2,49,8,1229,1,5,9,1,9
2018100301572,4,9,0,3,0,0,1,0,0,0,2,1,5,2,33,6,998,1,2,8,1,8
2018100301572,5,9,0,3,0,0,1,0,0,0,2,1,5,2,36,7,999,1,4,3,1,3
2018100301572,6,9,0,3,0,0,0,0,0,0,2,1,5,1,42,7,-1,-1,-1,1,1,1
2018100301581,1,9,0,5,0,8,0,0,7,4,1,1,5,1,82,11,1318,1,-1,9,3,9
2018100301638,1,9,0,14,0,8,5,0,7,0,1,1,5,1,38,7,1598,1,14,-1,-1,-1
2018100301638,2,9,0,9,0,8,0,0,0,0,1,1,2,2,53,8,1560,2,4,-1,-1,-1
2018100301735,1,11,0,2,0,0,0,0,0,0,0,1,1,2,51,8,4249,2,2,1,1,1
2018100301841,1,9,0,18,0,0,0,0,0,0,1,1,6,3,99,11,1796,1,13,-1,-1,-1
2018100301841,2,9,0,3,0,0,0,0,0,0,2,1,5,1,29,6,3189,1,13,3,1,3
2018100301894,1,9,0,9,0,1,0,0,0,0,1,1,6,1,27,6,1591,1,5,1,1,1
2018100301894,2,9,0,18,0,2,0,0,0,0,1,1,6,1,24,5,999,1,4,4,1,4
2018100301903,1,9,0,9,0,1,0,0,0,0,4,1,5,2,26,6,1242,1,9,-1,-1,-1
2018100301903,2,1,0,18,0,1,0,0,0,0,1,1,5,1,30,6,-1,-1,-1,2,1,2
2018100301936,1,11,0,5,0,0,0,0,0,0,0,1,1,1,54,8,9000,5,4,4,1,4
2018100301993,1,9,0,18,0,1,1,0,0,0,1,1,6,1,34,6,-1,-1,-1,6,3,6
2018100301993,2,9,0,3,0,1,0,0,0,0,2,1,6,2,60,9,1318,1,2,10,1,10
2018100301993,3,9,0,3,0,1,0,0,0,0,2,1,6,1,65,9,1461,2,4,5,1,5
2018100302004,1,3,0,18,0,0,1,0,0,0,3,1,5,1,29,6,125,1,13,4,1,4
2018100302008,1,9,0,18,0,0,0,0,0,0,1,1,6,1,40,7,1781,1,14,9,1,9
2018100302008,2,9,0,3,0,0,0,0,0,0,2,1,6,1,50,8,1598,2,-1,-1,-1,-1
2018100302010,1,9,-1,18,0,2,0,0,0,0,1,1,6,1,-1,-1,-1,-1,-1,-1,-1,-1
2018100302014,1,9,0,7,0,8,0,0,0,0,1,1,6,2,56,9,1390,1,4,3,1,3
2018100302014,2,1,0,18,0,8,0,0,0,0,4,1,6,1,31,6,-1,-1,-1,3,1,3
2018100302029,1,9,0,18,0,2,0,0,0,0,1,1,6,1,27,6,1995,2,8,4,2,4
2018100302029,2,9,0,18,0,1,0,0,0,0,2,1,1,1,57,9,-1,-1,-1,7,1,7
2018100302029,3,9,0,18,0,1,0,0,0,0,3,1,6,1,79,11,999,1,3,9,1,9
2018100302029,4,9,0,18,0,1,0,0,1,0,1,1,6,1,71,10,1598,2,2,6,1,6
2018100302029,5,9,0,18,0,1,0,0,0,0,1,1,6,1,34,6,1968,2,-1,2,1,2
2018100302078,1,9,0,17,0,1,2,0,1,10,1,1,5,1,36,7,1896,2,10,4,-1,4
2018100302122,1,9,-1,-1,-1,-1,-1,-1,-1,0,-1,1,3,3,-1,-1,-1,-1,-1,-1,-1,-1
2018100302167,1,9,0,18,0,8,0,0,0,0,4,1,6,1,42,7,1296,1,11,1,1,1
2018100302167,2,9,0,18,0,8,0,0,0,0,3,1,1,1,51,8,1560,2,9,4,1,4
2018100302197,1,9,0,5,0,0,0,0,0,0,1,1,1,1,35,6,1598,2,1,-1,-1,-1
2018100302204,1,9,0,18,0,0,0,4,0,0,1,1,5,1,27,6,-1,-1,-1,9,1,9
2018100302204,2,9,0,2,0,0,0,0,0,0,3,1,6,3,-1,-1,-1,-1,-1,-1,-1,-1
2018100302204,3,9,0,2,0,0,0,0,0,0,2,1,6,3,-1,-1,-1,-1,-1,-1,-1,-1
2018100302218,1,9,0,16,6,8,0,0,4,7,3,1,5,1,32,6,1997,2,3,-1,-1,-1
2018100302222,1,-1,-1,-1,-1,-1,-1,-1,-1,0,-1,1,5,2,19,4,-1,-1,-1,6,2,6
2018100302222,2,90,-1,-1,-1,-1,-1,-1,-1,0,-1,1,5,1,28,6,-1,-1,-1,1,1,1
2018100302230,1,1,0,18,0,0,1,0,0,0,1,1,5,1,16,4,-1,-1,-1,-1,-1,-1
2018100302230,2,9,0,18,0,0,0,0,0,0,4,1,1,2,34,6,1499,2,2,1,1,1
2018100302424,1,9,0,15,0,1,0,0,0,0,4,1,6,2,71,10,1197,1,3,7,1,7
2018100302424,2,1,0,18,0,1,0,0,0,0,3,1,5,1,32,6,-1,-1,-1,7,1,7
2018100302448,1,11,0,2,0,0,0,0,0,0,0,1,1,1,61,9,9360,2,7,4,1,4
2018100302808,1,9,0,17,0,0,0,0,1,3,1,1,5,2,25,5,1896,2,14,2,2,2
2018100302838,1,5,0,4,0,0,0,0,0,0,1,1,6,1,56,9,656,1,9,6,1,6
2018100302838,2,9,0,4,0,0,0,0,0,0,2,1,6,2,30,6,1229,1,3,7,1,7
2018100302855,1,9,0,18,0,1,0,0,0,0,1,1,6,1,-1,-1,1388,1,11,-1,-1,-1
2018100302855,2,9,0,18,0,4,0,0,0,0,2,1,6,2,41,7,2400,2,9,-1,-1,-1
2018100302959,1,21,0,11,0,0,0,0,0,0,4,1,1,1,46,8,10837,2,2,10,1,10
2018100302959,2,9,0,18,0,0,1,0,0,0,3,1,2,1,21,5,1229,1,11,1,1,1
2018100302980,1,8,0,1,0,0,0,0,0,0,2,1,1,1,48,8,1896,2,9,1,1,1
2018100302981,1,9,0,5,0,1,0,0,0,0,1,1,5,2,30,6,1560,2,2,10,2,10
2018100302981,2,9,0,4,0,1,0,0,0,0,2,1,5,2,62,9,998,1,6,5,1,5
2018100302989,1,9,0,4,0,6,0,0,0,0,3,1,6,1,30,6,-1,-1,-1,-1,-1,-1
2018100302989,2,1,0,4,0,1,0,0,0,0,3,1,5,1,11,3,-1,-1,-1,-1,-1,-1
2018100303371,1,9,0,18,0,8,0,0,0,0,1,1,6,1,-1,-1,-1,-1,-1,-1,-1,-1
2018100303371,2,9,0,18,0,8,0,0,0,0,2,1,3,1,45,7,1910,2,11,6,1,6
2018100303533,1,9,0,11,0,1,0,0,0,0,4,1,6,1,60,9,2148,2,11,10,1,10
2018100303533,2,9,0,18,0,1,0,0,1,0,1,1,5,2,60,9,1997,2,9,-1,-1,-1
2018100303639,1,9,0,9,0,5,0,0,0,0,0,1,6,3,-1,-1,999,1,8,-1,-1,-1
2018100303639,2,11,0,18,0,8,0,0,0,0,0,1,1,1,29,6,6696,2,4,4,1,4
2018100303707,1,9,0,1,0,1,0,0,0,0,2,1,6,1,52,8,1461,2,10,3,2,3
2018100303718,1,5,0,17,0,0,0,0,0,0,1,1,5,1,59,9,-1,-1,-1,-1,-1,-1
2018100303718,2,9,0,17,0,0,0,0,0,0,1,2,5,1,71,10,-1,-1,-1,-1,-1,-1
2018100303730,1,9,0,18,0,0,2,0,0,0,1,1,6,1,30,6,2171,2,15,-1,-1,-1
2018100303730,2,21,0,18,0,0,0,0,0,0,0,1,1,1,53,8,-1,-1,-1,5,1,5
2018100303738,1,9,0,18,0,1,0,0,7,0,1,1,2,1,51,8,1390,1,6,5,1,5
2018100303754,1,-1,0,1,0,8,0,0,0,0,2,1,1,1,38,7,-1,-1,-1,1,1,1
2018100303754,2,90,0,5,0,1,0,0,0,0,3,1,5,1,6,2,-1,-1,-1,1,1,1
2018100303757,1,-1,0,7,0,1,0,0,0,0,1,1,6,1,-1,-1,-1,-1,-1,-1,-1,-1
2018100303780,1,97,0,17,0,0,0,0,0,0,1,1,5,1,49,8,-1,-1,-1,-1,-1,-1
2018100303780,2,9,0,16,0,0,0,0,0,0,3,1,5,1,66,10,1560,2,8,7,3,7
2018100303785,1,19,0,4,0,4,0,0,0,0,1,1,1,1,40,7,2299,2,7,2,1,2
2018100303785,2,9,0,3,0,1,0,0,0,0,2,1,2,1,38,7,1149,1,7,2,1,2
2018100303858,1,9,0,18,0,0,0,0,2,0,1,1,2,1,82,11,-1,-1,-1,9,3,9
2018100303858,2,1,0,18,0,0,0,0,0,0,2,1,5,1,52,8,-1,-1,-1,10,1,10
2018100304033,1,9,0,9,0,6,0,0,0,0,3,1,5,1,63,9,1984,1,1,-1,-1,-1
2018100304033,2,1,0,18,9,1,2,0,0,0,1,1,2,1,35,6,-1,-1,-1,-1,-1,-1
2018100304050,1,9,0,18,0,0,0,0,0,0,1,1,5,1,24,5,1587,1,15,1,1,1
2018100304050,2,9,0,3,0,0,0,0,0,0,2,1,5,1,54,8,1198,1,13,3,1,3
2018100304050,3,8,0,3,0,0,0,0,0,0,2,1,1,1,43,7,1598,2,5,4,1,4
2018100304050,4,8,0,3,0,0,0,0,0,0,2,1,1,1,48,8,1598,2,3,8,3,8
2018100304082,1,9,0,5,0,1,0,0,0,0,1,1,5,2,41,7,1200,1,3,9,1,9
2018100304082,2,9,0,4,0,1,0,0,0,0,2,1,6,3,-1,-1,-1,-1,-1,-1,-1,-1
2018100304109,1,90,0,3,0,0,0,0,0,0,0,1,1,1,24,5,-1,-1,-1,3,1,3
2018100304192,1,-1,-1,13,0,0,0,0,0,0,1,1,6,3,-1,-1,-1,-1,-1,-1,-1,-1
2018100304192,2,1,0,9,0,0,0,0,0,0,3,1,6,1,28,6,-1,-1,-1,-1,-1,-1
2018100304238,1,-1,0,16,0,1,0,0,0,0,0,1,6,3,-1,-1,-1,-1,-1,-1,-1,-1
2018100304257,1,3,0,14,0,0,0,0,0,0,4,1,5,1,25,5,125,1,5,1,1,1
2018100304257,2,19,0,2,0,0,0,0,0,0,2,1,1,1,61,9,1461,2,4,9,2,9
2018100304257,3,9,0,18,0,0,0,0,0,0,3,1,5,1,64,9,1840,1,16,5,3,5
2018100304303,1,5,0,13,0,8,0,0,0,0,4,1,6,1,49,8,689,1,1,5,1,5
2018100304303,2,9,0,9,0,8,0,0,0,0,1,1,6,2,51,8,2324,1,16,3,2,3
2018100304324,1,9,0,5,0,6,0,0,7,0,4,1,5,2,51,8,1598,2,5,6,3,6
2018100304324,2,5,0,18,0,8,0,0,0,0,1,1,5,1,34,6,999,1,-1,2,1,2
2018100304327,1,9,0,9,0,3,0,0,0,0,4,1,5,1,48,8,-1,-1,-1,10,1,10
2018100304327,2,19,0,18,0,4,0,0,0,0,1,1,5,2,41,7,1499,2,1,1,1,1
2018100304352,1,9,0,9,0,6,0,0,0,0,4,1,1,2,53,8,2987,2,7,-1,3,-1
2018100304352,2,9,0,18,0,1,0,0,0,0,1,1,5,2,31,6,1248,2,3,5,2,5
2018100304403,1,9,0,18,0,1,0,0,0,0,1,1,6,1,21,5,1242,1,7,2,1,2
2018100304403,2,9,0,3,0,1,0,0,0,0,2,1,5,2,42,7,1461,2,-1,8,1,8
2018100304471,1,9,0,18,0,1,0,12,7,0,3,1,6,2,50,8,998,1,3,8,3,8
2018100304488,1,9,0,18,0,0,0,0,0,0,1,1,5,1,55,8,-1,-1,-1,8,1,8