Accident_Index,Vehicle_Reference,Vehicle_Type,Towing_and_Articulation,Vehicle_Manoeuvre,Vehicle_Location-Restricted_Lane,Junction_Location,Skidding_and_Overturning,Hit_Object_in_Carriageway,Vehicle_Leaving_Carriageway,Hit_Object_off_Carriageway,1st_Point_of_Impact,Was_Vehicle_Left_Hand_Drive?,Journey_Purpose_of_Driver,Sex_of_Driver,Age_of_Driver,Age_Band_of_Driver,Engine_Capacity_(CC),Propulsion_Code,Age_of_Vehicle,Driver_IMD_Decile,Driver_Home_Area_Type,Vehicle_IMD_Decile
2018100304488,2,9,0,18,0,0,1,0,1,7,3,1,5,1,63,9,1248,1,4,5,1,5
2018100304493,1,9,0,9,0,0,0,0,0,0,2,1,5,1,33,6,1950,2,-1,-1,-1,-1
2018100304493,2,9,0,18,0,0,0,0,0,0,1,1,5,2,36,7,1398,2,11,4,1,4
2018100304539,1,9,0,18,0,8,0,0,0,0,1,1,5,1,31,6,998,1,4,4,1,4
2018100304541,1,9,0,18,0,0,0,0,0,0,1,1,5,1,28,6,1390,1,4,6,1,6
2018100304541,2,9,0,3,0,0,0,0,0,0,2,1,5,2,28,6,1896,2,16,5,1,5
2018100304680,1,9,0,18,0,0,0,0,0,0,1,1,2,2,49,8,1229,1,11,8,1,8
2018100304826,1,8,0,18,0,1,0,0,0,0,1,1,1,1,54,8,1560,2,6,8,1,8
2018100304826,2,9,0,3,0,1,0,0,0,0,2,1,6,1,45,7,1499,2,1,1,1,1
2018100304828,1,9,0,18,0,8,0,0,0,0,4,1,1,1,63,9,1968,2,10,-1,-1,-1
2018100304873,1,9,0,18,0,7,0,0,0,0,1,1,6,3,-1,-1,-1,-1,-1,-1,-1,-1
2018100304873,2,9,0,18,0,7,0,0,1,6,1,1,5,1,36,7,1388,1,16,7,1,7
2018100304873,3,9,0,18,0,7,0,0,0,0,1,1,5,1,56,9,1968,2,-1,3,1,3
2018100304875,1,11,0,16,0,3,0,0,0,0,0,1,1,1,34,6,6700,2,7,1,1,1
2018100305117,1,9,-1,4,0,4,0,0,0,0,1,1,6,1,45,7,-1,-1,-1,-1,-1,-1
2018100305117,2,9,0,3,0,4,0,0,0,0,2,1,2,2,26,6,1395,1,1,4,1,4
2018100305145,1,9,0,18,0,3,0,0,0,0,1,1,5,1,36,7,1997,2,4,8,1,8
2018100305145,2,9,0,3,0,3,0,0,0,0,2,1,2,1,46,8,1397,1,10,7,1,7
2018100305191,1,8,0,9,0,5,0,0,0,0,4,1,1,1,48,8,1968,2,5,7,1,7
2018100305191,2,9,0,18,0,1,0,0,0,0,1,1,2,1,25,5,1781,1,15,3,1,3
2018100305208,1,9,0,18,0,0,0,0,0,0,4,1,5,1,20,4,1910,2,10,-1,-1,-1
2018100305268,1,9,0,3,0,0,0,0,0,0,2,1,5,2,63,9,1560,2,2,2,1,2
2018100305268,2,9,0,3,0,0,0,0,0,0,2,1,6,2,65,9,1896,2,9,2,1,2
2018100305268,3,9,0,5,0,0,0,0,0,0,1,1,2,1,29,6,1968,2,11,10,1,10
2018100305294,1,5,0,16,0,6,0,0,1,0,1,1,5,1,36,7,998,1,7,3,1,3
2018100305294,2,9,0,17,0,8,0,0,0,0,3,1,6,1,35,6,1461,2,8,5,1,5
2018100305326,1,9,0,4,0,1,1,0,0,0,1,1,6,3,17,4,1246,1,10,-1,-1,-1
2018100305326,2,9,0,4,0,1,1,0,0,0,1,1,6,1,70,10,1197,1,1,9,2,9
2018100305393,1,9,0,17,0,0,0,0,7,0,1,1,3,2,37,7,1598,1,6,4,1,4
2018100305393,2,9,0,3,0,0,0,0,0,0,3,1,1,1,33,6,998,1,3,9,1,9
2018100305393,3,9,0,16,0,0,0,0,0,0,1,1,1,2,50,8,1461,2,3,9,1,9
2018100305462,1,11,0,18,0,0,0,0,0,0,4,1,6,1,-1,-1,-1,-1,-1,-1,-1,-1
2018100305462,2,1,0,18,0,0,0,0,0,0,3,1,4,1,14,3,-1,-1,-1,1,1,1
2018100305557,1,-1,0,18,0,3,0,0,0,0,4,1,6,2,70,10,-1,-1,-1,10,1,10
2018100305587,1,9,0,18,0,0,2,0,1,1,1,1,2,2,28,6,1339,1,11,-1,-1,-1
2018100305594,1,9,0,18,0,0,0,0,0,0,2,1,6,3,25,5,1390,1,14,2,1,2
2018100305594,2,21,0,2,0,0,0,0,0,0,2,1,1,1,47,8,6871,2,1,-1,-1,-1
2018100305620,1,9,0,9,0,6,0,0,0,0,3,1,2,1,25,5,1753,2,9,-1,-1,-1
2018100305620,2,9,0,9,0,6,0,0,0,0,1,1,6,1,46,8,-1,-1,-1,-1,-1,-1
2018100305632,1,5,0,18,0,0,0,0,7,2,3,1,6,2,58,9,803,1,11,10,3,10
2018100305647,1,1,0,13,0,6,0,0,0,0,1,1,6,1,19,4,-1,-1,-1,2,1,2
2018100305647,2,9,0,18,0,2,0,0,0,0,3,1,6,1,66,10,1364,1,-1,1,1,1
2018100305650,1,9,0,5,0,1,0,0,0,0,-1,1,5,1,41,7,1398,1,4,10,1,10
2018100305650,2,1,0,-1,-1,-1,-1,-1,-1,0,-1,1,6,2,36,7,-1,-1,-1,3,1,3
2018100305661,1,21,1,4,0,8,0,0,0,0,1,1,1,1,54,8,12902,2,3,1,1,1
2018100305661,2,9,0,4,0,8,0,0,0,0,2,1,5,2,20,4,1461,2,3,4,1,4
2018100305692,1,-1,0,9,0,1,0,0,0,0,1,1,5,1,30,6,-1,-1,-1,5,1,5
2018100305692,2,90,0,3,0,1,0,0,0,0,1,1,2,1,46,8,-1,-1,-1,7,1,7
2018100305695,1,9,0,8,0,1,0,0,0,0,1,1,5,2,20,4,1499,2,3,-1,-1,-1
2018100305695,2,8,0,18,0,1,0,0,0,0,4,1,1,1,40,7,1896,2,13,2,1,2
2018100305722,1,9,0,9,0,1,0,0,0,0,1,1,6,2,60,9,1242,1,1,6,2,6
2018100305722,2,9,0,18,0,1,0,0,2,4,1,1,1,1,37,7,1968,2,2,-1,3,-1
2018100305722,3,9,0,18,0,1,0,0,1,7,1,1,6,1,43,7,1796,1,11,3,1,3
2018100305749,1,1,0,18,0,0,0,0,0,0,2,1,5,1,71,10,-1,-1,-1,9,1,9
2018100305749,2,9,0,18,0,0,1,0,0,0,1,1,5,2,51,8,1124,1,16,4,1,4
2018100305915,1,5,0,18,0,0,2,0,0,0,3,1,5,1,72,10,1832,1,12,-1,-1,-1
2018100305939,1,9,0,9,0,2,0,0,0,0,1,1,5,2,58,9,998,1,2,7,1,7
2018100305939,2,1,0,9,0,1,0,0,0,0,3,1,2,1,46,8,-1,-1,-1,4,2,4
2018100305945,1,9,0,18,0,1,0,0,0,0,1,1,1,1,50,8,1769,2,27,2,1,2
2018100305945,2,98,1,1,0,1,0,0,0,0,3,1,1,1,59,9,-1,-1,-1,3,1,3
2018100305946,1,9,0,18,0,0,0,0,0,0,1,1,5,1,21,5,1598,2,4,1,1,1
2018100305946,2,9,0,4,0,0,0,0,0,0,2,1,5,1,42,7,1397,1,6,8,1,8
2018100305946,3,9,0,4,0,0,0,0,0,0,2,1,5,1,51,8,1461,2,5,5,1,5
2018100305946,4,9,0,4,0,0,0,0,0,0,2,1,5,2,71,10,1397,1,15,2,1,2
2018100305948,1,9,0,18,0,2,0,0,0,0,1,1,6,2,44,7,1398,1,1,6,3,6
2018100305948,2,9,0,18,0,2,0,0,0,0,2,1,5,1,50,8,1198,1,4,3,1,3
2018100305949,1,11,-1,5,0,0,0,0,0,0,0,1,1,2,49,8,6700,2,7,1,1,1
2018100305960,1,9,0,3,0,1,0,0,0,0,4,1,5,2,41,7,1422,2,10,7,1,7
2018100305960,2,11,0,3,0,1,0,0,0,0,1,1,1,1,37,7,4500,2,6,-1,-1,-1
2018100305996,1,97,0,18,9,0,0,0,0,0,1,1,6,3,-1,-1,-1,-1,-1,-1,-1,-1
2018100305998,1,9,0,17,0,0,2,0,2,0,3,1,5,1,21,5,1999,1,14,8,3,8
2018100306005,1,9,0,5,0,1,0,0,0,0,1,1,6,2,25,5,1364,1,14,7,1,7
2018100306005,2,9,0,3,0,1,0,0,0,0,2,1,1,1,50,8,1598,2,4,1,1,1
2018100306177,1,9,0,18,0,0,0,0,0,0,1,1,1,1,36,7,-1,-1,-1,9,1,9
2018100306177,2,9,0,3,0,0,0,0,0,0,2,1,5,1,40,7,1598,1,10,4,1,4
2018100306177,3,9,0,3,0,0,0,0,0,0,2,1,5,2,26,6,1388,1,6,4,1,4
2018100306177,4,9,0,3,0,0,0,0,0,0,2,1,5,1,53,8,1461,2,1,7,1,7
2018100306225,1,9,0,18,0,0,1,0,0,0,1,1,5,1,28,6,2401,2,15,4,1,4
2018100306225,2,9,0,18,0,0,0,0,0,0,1,1,5,1,67,10,1997,2,-1,-1,-1,-1
2018100306225,3,9,0,18,0,0,0,0,0,0,0,1,1,1,50,8,2993,2,1,-1,-1,-1
2018100306231,1,9,0,1,0,1,0,0,0,0,2,1,5,1,28,6,2401,2,15,-1,-1,-1
2018100306231,2,9,0,3,0,1,0,0,0,0,1,1,5,2,31,6,1560,2,10,-1,-1,-1
2018100306231,3,9,0,3,0,1,0,0,0,0,0,1,1,1,50,8,2993,2,1,-1,-1,-1
2018100306234,1,8,0,18,0,1,0,0,0,0,4,1,1,1,51,8,1497,8,11,3,1,3
2018100306238,1,9,0,18,0,0,5,0,0,0,1,1,3,2,37,7,1248,2,8,6,-1,6
2018100306244,1,21,0,18,0,8,0,0,1,0,4,1,1,1,49,8,12777,2,2,1,2,1
2018100306249,1,9,0,18,0,2,0,0,0,0,1,1,5,2,17,4,1149,1,7,7,1,7
2018100306249,2,9,0,18,0,2,0,7,0,0,1,1,6,1,33,6,1753,2,15,-1,-1,-1
2018100306251,1,1,0,18,0,1,0,0,0,0,1,1,6,1,35,6,-1,-1,-1,9,1,9
2018100306251,2,9,0,9,0,8,0,0,0,0,1,1,6,1,23,5,1390,1,11,4,1,4
2018100306282,1,9,0,7,0,1,0,0,0,0,1,1,2,2,55,8,1242,1,5,4,1,4
2018100306282,2,1,0,18,5,8,0,0,0,0,1,1,6,1,18,4,-1,-1,-1,-1,-1,-1
2018100306330,1,9,0,4,0,8,0,0,0,0,1,1,6,1,30,6,1995,2,12,-1,-1,-1
2018100306330,2,9,0,3,0,1,0,0,0,0,2,1,2,2,52,8,999,1,2,1,1,1
2018100306361,1,19,0,18,0,0,0,0,0,0,1,1,1,1,21,5,1997,2,1,10,1,10
2018100306361,2,9,0,4,0,0,0,0,0,0,2,1,5,2,75,10,1368,1,1,4,1,4
2018100306370,1,9,0,1,0,6,0,0,0,0,2,1,5,2,42,7,1296,1,12,-1,-1,-1
2018100306381,1,9,0,6,0,0,0,0,0,0,0,1,6,1,61,9,1560,2,10,-1,-1,-1
2018100306381,2,9,0,18,0,0,0,4,0,0,1,1,2,2,31,6,1560,2,7,2,1,2
2018100306381,3,9,0,4,0,0,0,0,0,0,2,1,6,2,24,5,1992,2,11,1,1,1
2018100306382,1,9,0,4,0,4,0,4,0,0,1,1,6,1,-1,-1,1596,1,10,-1,-1,-1
2018100306382,2,9,0,3,0,4,0,0,0,0,2,1,5,2,51,8,1242,1,4,8,1,8
2018100306383,1,9,0,18,0,8,0,0,0,0,3,1,6,1,-1,-1,1597,2,2,-1,-1,-1
2018100306383,2,9,0,9,0,1,0,0,0,0,3,1,5,2,31,6,1499,1,2,1,1,1
2018100306395,1,9,0,3,0,0,0,0,0,0,2,1,6,1,43,7,1896,2,11,-1,-1,-1
2018100306395,2,9,0,3,0,0,0,0,0,0,2,1,6,2,20,4,1149,1,16,-1,-1,-1
2018100306401,1,9,0,18,0,0,5,0,1,11,1,1,5,1,21,5,1896,2,12,2,1,2
2018100306404,1,9,0,16,0,0,5,0,1,0,3,1,5,1,37,7,1679,1,19,2,1,2
2018100306407,1,9,0,9,0,6,0,0,0,0,1,1,5,1,25,5,-1,-1,-1,3,1,3
2018100306407,2,9,0,18,0,1,1,0,1,0,4,1,5,2,38,7,1595,1,12,3,2,3
2018100306417,1,8,0,4,0,1,0,4,0,0,1,1,1,1,37,7,2231,2,10,1,1,1
2018100306417,2,1,0,3,0,1,0,0,0,0,2,1,6,1,50,8,-1,-1,-1,7,1,7
2018100306454,1,9,0,9,0,4,0,0,0,0,0,1,5,1,41,7,1598,2,4,2,1,2
2018100306486,1,9,0,4,0,1,0,0,0,0,1,1,5,2,52,8,1591,1,7,3,1,3
2018100306486,3,1,0,18,0,2,0,0,0,0,1,1,2,1,32,6,-1,-1,-1,8,1,8
2018100306503,1,19,0,16,0,0,1,0,0,0,1,1,6,1,34,6,1248,2,14,4,3,4
2018100306503,2,9,0,3,0,0,0,0,0,0,2,1,6,2,49,8,1229,1,9,-1,3,-1
2018100306515,1,9,0,18,0,8,0,0,0,0,1,1,6,2,71,10,998,1,4,6,1,6
2018100306525,1,9,-1,-1,-1,0,-1,-1,-1,0,-1,1,6,3,-1,-1,-1,-1,-1,-1,-1,-1
2018100306525,2,9,0,4,4,0,0,0,0,0,4,1,5,1,36,7,2199,2,8,-1,-1,-1
2018100306533,1,11,-1,18,0,0,0,0,0,0,3,1,1,1,48,8,-1,-1,-1,2,1,2
2018100306533,2,9,-1,13,0,0,0,0,0,0,4,1,5,2,28,6,1896,2,11,3,1,3
2018100306603,1,9,0,18,0,1,0,0,0,0,1,1,6,2,37,7,1560,2,5,2,1,2
2018100306603,2,9,0,18,0,1,0,0,0,0,2,1,6,1,59,9,1461,2,2,6,1,6
2018100306617,1,1,0,9,0,1,0,0,0,0,1,1,6,1,18,4,-1,-1,-1,3,1,3
2018100306617,2,8,0,5,0,1,0,0,0,0,1,1,1,1,28,6,1896,2,9,1,1,1
2018100306659,1,19,0,9,0,8,0,0,0,0,1,1,1,1,35,6,2143,2,4,7,1,7
2018100306659,2,1,0,18,0,8,0,0,0,0,1,1,5,1,46,8,-1,-1,-1,2,1,2
2018100306868,1,9,0,9,0,8,0,0,0,0,4,1,5,1,73,10,1997,2,2,-1,-1,-1
2018100306868,2,9,0,18,0,8,0,0,0,0,1,1,6,2,28,6,1560,2,1,5,3,5
2018100306894,1,9,0,18,9,3,0,0,7,0,1,1,5,1,19,4,1388,1,16,10,1,10
2018100307164,1,9,0,18,0,3,0,0,0,0,1,1,1,2,49,8,998,1,2,5,2,5
2018100307192,1,9,0,5,0,6,0,0,0,0,4,1,5,2,50,8,1798,1,2,-1,-1,-1
2018100307248,1,9,0,9,0,8,0,0,0,0,1,1,5,2,19,4,1397,1,10,2,1,2
2018100307248,2,11,0,18,0,8,0,0,0,0,1,1,1,1,49,8,4461,2,2,-1,-1,-1
2018100307249,1,9,0,16,0,6,0,0,0,0,1,1,5,1,47,8,1796,1,15,7,2,7
2018100307249,2,9,0,17,0,1,0,0,0,0,1,1,5,1,20,4,1360,1,10,2,2,2
2018100307274,1,1,0,18,0,0,0,0,0,0,1,1,5,1,32,6,-1,-1,-1,-1,-1,-1
2018100307274,2,9,0,17,0,0,0,0,0,0,1,1,5,2,42,7,1229,1,6,7,1,7
2018100307275,1,9,0,9,0,2,0,0,1,10,4,1,5,1,69,10,1598,1,3,9,2,9
2018100307275,2,9,0,18,0,1,0,0,0,0,1,1,5,1,35,6,2967,2,8,10,3,10
2018100307293,1,1,0,18,0,6,0,0,0,0,1,1,5,1,12,3,-1,-1,-1,-1,-1,-1
2018100307293,2,9,0,4,0,1,0,0,0,0,1,1,6,1,19,4,1124,1,12,6,1,6
2018100307304,1,9,0,16,0,0,0,0,0,0,1,1,6,1,19,4,1198,1,4,9,1,9
2018100307304,2,9,0,3,0,0,0,0,0,0,0,1,2,2,42,7,1329,1,1,3,1,3
2018100307304,3,9,0,3,0,0,0,0,0,0,2,1,6,2,59,9,1587,1,13,2,1,2
2018100307311,1,9,0,5,0,5,1,10,0,0,4,1,2,1,28,6,-1,-1,-1,2,1,2
2018100307311,2,9,0,18,0,1,0,0,0,0,1,1,2,2,39,7,-1,-1,-1,1,1,1
2018100307331,1,9,0,9,0,1,0,0,0,0,1,1,2,1,18,4,1368,1,8,10,1,10
2018100307331,2,9,0,18,0,1,0,0,0,0,1,1,5,2,54,8,1968,2,3,6,1,6
2018100307372,1,5,0,13,0,0,2,7,0,0,0,1,5,1,25,5,865,1,8,1,1,1
2018100307372,2,9,0,18,0,0,0,0,0,0,3,1,5,2,25,5,1242,1,8,3,1,3
2018100307399,1,9,0,18,0,0,0,0,0,0,1,1,6,2,51,8,999,1,1,2,1,2
2018100307399,2,9,0,18,0,0,0,0,0,0,2,1,5,2,22,5,1229,1,3,1,1,1
2018100307407,1,9,0,18,0,1,0,0,0,0,1,1,6,2,-1,-1,1968,2,1,9,1,9
2018100307407,2,9,0,18,0,1,0,0,0,0,1,1,5,2,28,6,1598,2,4,3,2,3
2018100307407,3,9,0,18,0,2,0,0,0,0,2,1,6,1,-1,-1,1968,2,2,-1,-1,-1
2018100307426,1,19,0,18,0,1,0,0,0,0,1,1,6,3,-1,-1,-1,-1,-1,-1,-1,-1
2018100307426,2,9,0,4,0,1,0,0,0,0,2,1,1,1,40,7,1398,2,11,6,3,6
2018100307440,1,9,0,18,0,3,1,10,1,0,1,1,6,3,18,4,1870,2,15,-1,-1,-1
2018100307589,1,19,-1,3,0,4,-1,-1,-1,0,2,1,6,3,-1,-1,2299,2,1,-1,-1,-1
2018100307589,2,19,-1,-1,0,4,-1,-1,-1,0,2,1,2,1,25,5,1248,2,5,-1,-1,-1
2018100307621,1,9,0,4,0,0,0,0,0,0,1,1,6,3,-1,-1,-1,-1,-1,-1,-1,-1
2018100307621,2,9,0,3,0,0,0,0,0,0,2,1,5,2,51,8,1197,1,5,10,1,10
2018100307621,3,9,0,3,0,0,0,0,0,0,2,1,6,2,53,8,1461,2,1,2,1,2
2018100307635,1,9,0,4,0,1,0,0,0,0,2,1,2,1,52,8,1598,1,4,1,1,1
2018100307635,2,9,0,18,0,6,0,0,0,0,1,1,2,2,33,6,1968,2,4,-1,-1,-1
2018100307638,1,11,0,2,0,0,0,0,0,0,0,1,1,1,49,8,-1,2,18,-1,-1,-1
2018100307727,1,9,0,18,0,1,0,11,0,0,1,1,5,1,50,8,1794,1,16,2,1,2
2018100307738,1,9,0,18,0,3,0,0,0,0,1,1,6,2,47,8,1598,1,5,3,1,3
2018100307738,2,9,0,18,0,3,0,0,0,0,0,1,6,2,32,6,1995,2,7,1,1,1
2018100307753,1,9,-1,-1,-1,-1,-1,-1,-1,0,-1,1,6,1,-1,-1,-1,-1,-1,-1,-1,-1
2018100307762,1,97,0,18,0,1,0,0,0,0,1,1,6,1,29,6,-1,-1,-1,4,1,4
2018100307762,2,19,0,9,0,8,0,0,0,0,1,1,1,1,31,6,2198,2,4,1,1,1
2018100307841,1,11,0,5,2,0,0,0,0,0,0,1,1,1,66,10,5900,2,9,2,1,2
2018100307911,1,9,0,14,0,1,0,4,0,0,1,1,5,2,30,6,1595,1,-1,8,1,8
2018100307911,2,11,0,2,0,1,0,0,0,0,2,1,1,1,50,8,4500,2,7,-1,-1,-1
2018100307974,1,9,0,5,0,4,0,0,0,0,1,1,5,2,34,6,1200,1,3,8,-1,8
2018100307974,2,1,0,18,0,2,0,0,0,0,2,1,5,1,39,7,-1,-1,-1,2,1,2
2018100307976,1,11,0,18,0,0,0,0,0,0,0,1,1,1,49,8,4250,2,10,1,1,1
2018100308034,1,9,0,18,0,4,0,0,0,0,1,1,2,1,65,9,1360,1,12,1,1,1
2018100308034,2,1,0,18,0,3,0,0,0,0,3,1,2,1,29,6,-1,-1,-1,3,1,3
2018100308042,1,9,0,5,0,0,0,4,0,0,1,1,6,2,90,11,1197,1,7,10,3,10
2018100308042,2,9,0,2,0,0,0,0,1,0,2,1,5,2,-1,-1,1968,2,7,-1,-1,-1
2018100308042,3,9,0,3,0,0,0,0,0,0,0,1,5,1,71,10,1461,2,9,10,3,10
2018100308042,4,9,0,18,0,0,0,0,0,0,0,1,6,3,-1,-1,-1,-1,-1,-1,-1,-1
2018100308218,1,8,0,1,0,0,0,0,0,0,2,1,1,1,38,7,1896,2,12,1,1,1
2018100308256,1,9,0,18,0,1,0,0,0,0,1,1,5,2,24,5,1242,1,9,1,1,1
2018100308256,2,97,0,17,0,2,0,0,0,0,1,1,6,3,-1,-1,-1,-1,-1,-1,-1,-1
2018100308260,1,20,0,4,0,0,0,0,0,0,1,1,1,1,62,9,5880,2,10,-1,-1,-1
2018100308260,2,1,0,18,0,0,0,0,0,0,2,1,1,1,29,6,-1,-1,-1,1,1,1
2018100308269,1,9,0,17,0,0,0,0,0,0,1,1,6,1,36,7,1390,1,14,2,2,2
2018100308269,2,9,0,17,0,0,0,0,0,0,1,1,5,1,77,11,1997,2,2,9,3,9
2018100308335,1,9,0,18,0,0,0,0,0,0,1,1,1,1,69,10,-1,-1,-1,9,3,9
2018100308335,2,9,0,18,0,0,0,0,0,0,2,1,6,2,37,7,2698,2,8,8,3,8
2018100308335,3,9,0,18,0,0,0,0,0,0,2,1,5,1,64,9,-1,-1,-1,6,1,6
2018100308341,1,9,-1,18,0,0,0,0,0,0,1,1,6,1,-1,-1,-1,-1,-1,-1,-1,-1
2018100308341,2,1,0,18,0,0,0,0,0,0,1,1,5,1,52,8,-1,-1,-1,1,1,1
2018100308359,1,9,0,18,0,1,0,0,0,0,3,1,5,1,24,5,-1,-1,-1,2,2,2
2018100308359,2,9,0,9,0,8,0,0,0,0,1,1,5,2,56,9,1496,2,1,7,1,7
2018100308360,1,9,0,18,0,0,0,0,0,0,1,1,5,1,31,6,1997,2,4,-1,-1,-1
2018100308360,2,9,0,18,0,0,0,0,0,0,2,1,5,1,48,8,2993,2,2,-1,-1,-1
2018100308383,1,9,0,18,0,1,0,0,0,0,1,1,6,1,-1,-1,-1,-1,-1,-1,-1,-1
2018100308383,2,9,0,4,0,2,0,0,0,0,1,1,5,2,43,7,1461,2,1,3,1,3
2018100308407,1,1,0,18,0,0,0,0,0,0,1,1,6,1,12,3,-1,-1,-1,-1,-1,-1
2018100308407,2,9,0,18,0,0,0,0,0,0,4,1,5,2,31,6,1399,1,8,1,1,1
2018100308408,1,9,0,18,0,0,0,0,0,0,3,1,6,1,-1,-1,1910,2,9,9,2,9
2018100308408,2,9,0,13,0,0,1,0,0,0,4,1,5,1,24,5,2148,2,13,4,2,4
2018100308410,1,9,0,5,0,2,0,0,0,0,1,1,6,1,50,8,-1,-1,-1,-1,-1,-1
2018100308410,2,1,0,18,0,2,0,0,0,0,4,1,6,1,32,6,-1,-1,-1,2,1,2
2018100308415,1,11,0,3,0,4,0,0,0,0,0,1,1,2,22,5,-1,-1,-1,1,1,1
2018100308420,1,9,0,18,0,0,0,0,0,0,4,1,6,1,38,7,1560,2,4,9,1,9
2018100308421,1,9,4,18,0,3,0,0,0,0,4,1,5,1,59,9,1896,2,15,3,2,3
2018100308421,2,1,0,18,0,3,0,0,0,0,3,1,2,1,39,7,-1,-1,-1,8,-1,8
2018100308482,1,9,0,5,0,0,0,11,0,0,4,1,5,2,25,5,1149,1,14,1,1,1
2018100308482,2,1,0,4,0,0,5,0,0,0,4,1,5,1,39,7,-1,-1,-1,4,2,4
2018100308502,1,8,0,18,0,1,0,0,0,0,3,1,1,1,-1,-1,1968,2,4,4,1,4
2018100308516,1,11,0,18,0,2,0,0,0,0,0,1,1,1,31,6,4250,2,10,2,1,2
2018100308519,1,9,0,9,0,8,0,0,0,0,1,1,6,1,42,7,1999,1,11,2,1,2
2018100308519,2,9,0,17,0,8,0,0,0,0,3,1,6,2,61,9,1591,1,8,8,3,8
2018100308541,1,9,0,16,0,0,0,0,1,11,1,1,6,1,29,6,1242,1,14,-1,-1,-1
2018100308541,2,9,0,18,0,0,0,0,0,0,0,1,1,1,40,7,1598,2,4,2,1,2
2018100308546,1,9,0,9,0,8,0,0,0,0,1,1,5,1,31,6,1560,2,5,5,1,5
2018100308546,2,9,0,18,0,8,0,0,0,0,4,1,5,2,30,6,1895,1,17,2,2,2
2018100308546,3,9,0,18,0,1,0,0,0,0,4,1,5,1,63,9,1995,2,7,9,3,9
2018100308546,4,9,0,10,0,1,0,0,0,0,3,1,5,2,62,9,1896,2,13,9,2,9
2018100308676,1,21,-1,12,0,0,0,0,0,0,0,1,6,3,-1,-1,16353,2,8,-1,-1,-1
2018100308676,2,9,0,18,0,0,0,0,0,0,0,1,6,2,44,7,1997,2,2,8,1,8
2018100308761,1,9,0,18,0,2,0,0,0,0,1,1,6,1,16,4,1598,1,5,-1,-1,-1
2018100308761,2,9,0,18,0,2,0,0,0,0,4,1,6,2,39,7,1997,2,9,2,1,2
2018100308767,1,9,0,9,0,1,0,0,0,0,1,1,5,1,18,4,1242,1,5,2,1,2
2018100308767,2,1,0,9,0,1,0,0,0,0,1,1,2,1,53,8,-1,-1,-1,10,3,10
2018100308779,1,9,0,5,0,2,0,0,0,0,1,1,6,3,-1,-1,-1,-1,-1,-1,-1,-1
2018100308779,2,9,0,18,0,2,0,0,0,0,3,1,6,2,48,8,898,1,4,4,1,4
2018100308794,1,10,0,18,0,8,2,10,0,0,3,1,1,2,39,7,-1,-1,-1,3,1,3
2018100308794,2,8,0,18,0,8,0,0,0,0,1,1,1,1,37,7,1968,2,11,4,1,4
2018100308855,1,9,0,18,0,1,0,0,0,0,4,1,5,1,30,6,1229,1,12,-1,-1,-1
2018100308855,2,1,0,18,0,1,0,0,0,0,1,1,5,1,15,3,-1,-1,-1,8,1,8
2018100308862,1,9,0,1,0,2,0,0,0,0,2,1,6,2,31,6,1242,1,6,5,3,5
2018100308881,1,8,0,4,0,0,0,0,0,0,0,1,1,1,27,6,1896,2,8,1,1,1
2018100308889,1,9,0,18,0,0,0,0,0,0,3,1,6,1,47,8,2979,1,4,2,1,2
2018100308889,2,5,0,13,0,0,0,0,0,0,1,1,6,1,45,7,999,1,8,2,1,2
2018100309103,1,9,0,18,0,0,0,0,0,0,4,1,1,2,31,6,1199,1,16,1,1,1
2018100309221,1,9,0,12,0,0,0,0,0,0,3,1,6,2,57,9,1969,2,1,7,3,7
2018100309221,2,9,0,13,0,0,5,0,7,0,4,1,6,1,33,6,2495,2,15,7,3,7
2018100309221,3,9,0,18,0,0,0,0,0,0,0,1,6,1,50,8,999,1,2,7,3,7
2018100309221,4,9,0,18,0,0,0,0,0,0,0,1,6,2,-1,-1,999,1,2,7,3,7
2018100309240,1,19,0,10,0,6,0,0,0,0,1,1,1,1,58,9,-1,-1,-1,9,1,9
2018100309240,2,5,0,18,0,1,5,0,0,0,1,1,6,1,52,8,1170,1,10,4,1,4
2018100309385,1,9,0,11,0,0,5,0,2,0,4,1,5,1,43,7,1364,1,12,1,1,1
2018100309385,2,9,0,18,0,0,0,0,0,0,3,1,1,1,45,7,2993,2,2,-1,-1,-1
2018100309543,1,9,0,18,0,8,0,0,0,0,4,1,5,2,72,10,1598,2,2,2,1,2
2018100309543,2,9,0,11,0,8,0,0,0,0,3,1,5,1,44,7,2204,2,10,1,1,1
2018100309543,3,9,0,11,0,8,0,0,8,6,2,1,5,1,74,10,1398,1,1,9,1,9
2018100309637,1,21,0,1,0,0,0,0,0,0,2,1,1,1,26,6,11021,2,12,6,3,6
2018100309637,2,5,0,3,0,0,0,0,0,0,1,1,5,1,64,9,1832,1,5,-1,1,-1
2018100309637,3,21,1,3,0,0,0,0,0,0,0,1,1,1,56,9,12740,2,2,-1,3,-1
2018100309796,1,9,0,18,0,4,0,0,0,0,1,1,6,1,74,10,1587,1,11,7,1,7
2018100309796,2,1,0,18,0,3,0,0,0,0,2,1,6,1,37,7,-1,-1,-1,-1,-1,-1
2018100309803,1,9,0,18,0,0,5,0,1,4,3,1,1,1,43,7,1364,1,2,-1,-1,-1