Accident_Index,Vehicle_Reference,Vehicle_Type,Towing_and_Articulation,Vehicle_Manoeuvre,Vehicle_Location-Restricted_Lane,Junction_Location,Skidding_and_Overturning,Hit_Object_in_Carriageway,Vehicle_Leaving_Carriageway,Hit_Object_off_Carriageway,1st_Point_of_Impact,Was_Vehicle_Left_Hand_Drive?,Journey_Purpose_of_Driver,Sex_of_Driver,Age_of_Driver,Age_Band_of_Driver,Engine_Capacity_(CC),Propulsion_Code,Age_of_Vehicle,Driver_IMD_Decile,Driver_Home_Area_Type,Vehicle_IMD_Decile
2018100309803,2,9,0,18,0,0,0,0,0,0,3,1,5,1,76,11,2993,2,6,8,3,8
2018100309843,1,9,0,5,0,1,0,0,0,0,1,1,5,2,34,6,1596,1,11,5,1,5
2018100309856,1,9,0,18,0,0,0,0,0,0,4,1,5,2,41,7,1499,2,5,3,1,3
2018100309982,1,9,0,9,0,1,0,0,0,0,1,1,5,1,46,8,1461,2,1,-1,-1,-1
2018100309982,2,9,0,18,0,1,0,0,0,0,1,1,2,2,22,5,1229,1,1,-1,-1,-1
2018100310025,1,9,0,4,0,1,0,0,0,0,4,1,5,2,20,4,1242,1,3,6,1,6
2018100310030,1,11,0,5,2,0,0,0,0,0,0,1,1,1,24,5,4760,2,6,-1,-1,-1
2018100310049,1,9,0,18,0,1,0,0,0,0,1,1,6,1,40,7,1341,1,13,-1,-1,-1
2018100310049,2,9,0,3,0,1,0,0,0,0,2,1,1,1,40,7,1968,2,4,-1,-1,-1
2018100310061,1,9,0,18,0,0,0,0,0,0,4,1,6,3,-1,-1,1956,2,3,-1,-1,-1
2018100310065,1,9,0,9,0,6,0,0,0,0,1,1,5,2,81,11,-1,3,6,-1,-1,-1
2018100310065,2,9,0,18,0,8,5,0,0,0,4,1,5,1,33,6,1396,1,-1,-1,-1,-1
2018100310065,3,9,0,18,0,1,0,0,1,0,1,1,5,2,19,4,1000,1,5,-1,-1,-1
2018100310084,1,3,0,18,0,1,0,0,1,10,4,1,5,1,26,6,124,1,5,1,1,1
2018100310122,1,9,0,12,0,7,0,0,0,0,0,1,5,1,29,6,2993,2,4,7,1,7
2018100310122,2,9,0,18,0,2,1,0,5,6,1,1,2,1,37,7,1995,2,10,2,1,2
2018100310138,1,9,0,1,0,2,0,0,0,0,2,1,6,1,-1,-1,-1,-1,-1,-1,-1,-1
2018100310161,1,9,0,1,0,0,0,4,0,0,1,1,5,1,20,4,1364,1,13,7,1,7
2018100310161,2,9,0,2,0,0,0,0,0,0,3,1,6,3,-1,-1,-1,-1,-1,-1,-1,-1
2018100310163,1,9,0,4,0,1,0,0,0,0,1,1,6,1,24,5,1560,2,9,1,1,1
2018100310163,2,9,0,4,0,1,0,0,0,0,2,1,5,2,48,8,1398,1,6,2,1,2
2018100310189,1,1,0,18,0,1,0,0,0,0,1,1,6,1,55,8,-1,-1,-1,-1,-1,-1
2018100310189,2,9,0,9,0,5,0,0,0,0,1,1,5,2,52,8,999,1,2,-1,-1,-1
2018100310192,1,9,0,7,0,8,0,0,0,0,0,1,6,1,-1,-1,-1,-1,-1,-1,-1,-1
2018100310192,2,11,0,9,0,8,0,0,0,0,0,1,1,1,36,7,4250,2,10,2,1,2
2018100310197,1,9,0,2,0,0,0,0,0,0,1,1,6,3,-1,-1,1242,1,10,-1,-1,-1
2018100310197,2,9,0,2,0,0,0,0,0,0,2,1,6,3,-1,-1,-1,-1,-1,-1,-1,-1
2018100310197,3,3,0,18,0,0,0,0,1,0,1,1,6,1,14,3,125,1,2,-1,-1,-1
2018100310199,1,5,0,13,0,8,1,0,0,0,3,1,5,1,40,7,599,1,16,6,1,6
2018100310199,2,9,0,18,0,8,0,0,0,0,0,2,5,1,51,8,-1,-1,-1,-1,-1,-1
2018100310200,1,9,0,18,0,1,1,0,0,0,1,1,5,1,32,6,1968,2,5,5,1,5
2018100310200,2,9,0,18,0,1,0,0,0,0,2,1,5,1,26,6,1198,1,-1,3,1,3
2018100310200,3,9,0,18,0,1,0,0,0,0,0,1,5,1,66,10,1461,2,1,7,1,7
2018100310212,1,9,0,7,0,1,0,0,7,0,1,1,5,1,68,10,995,1,12,3,1,3
2018100310213,1,9,0,9,0,8,0,0,0,0,1,1,5,2,32,6,998,1,4,8,1,8
2018100310213,2,19,0,18,0,4,0,0,0,0,3,1,1,1,40,7,1248,2,2,1,2,1
2018100310221,1,9,0,18,0,0,0,0,0,0,1,1,5,1,20,4,998,1,2,8,2,8
2018100310221,2,9,0,3,0,0,0,0,0,0,1,1,5,2,61,9,1242,1,8,9,3,9
2018100310221,3,9,0,3,0,0,0,0,0,0,2,1,5,1,61,9,1794,1,13,7,1,7
2018100310272,1,9,0,16,0,1,0,0,0,0,1,1,1,2,32,6,1598,2,4,8,1,8
2018100310272,2,9,0,17,0,1,0,0,0,0,1,1,5,2,35,6,1968,2,6,7,1,7
2018100310336,1,9,0,18,0,6,0,0,0,0,1,1,6,3,18,4,1598,1,12,-1,-1,-1
2018100310336,2,9,0,18,0,8,0,0,0,0,1,1,5,2,33,6,1997,1,16,1,1,1
2018100310336,3,9,0,18,0,2,0,0,0,0,3,1,6,1,63,9,1248,2,11,1,1,1
2018100310339,1,11,0,2,2,0,0,0,0,0,0,1,1,1,51,8,6370,2,11,8,1,8
2018100310429,1,9,0,5,0,2,0,0,0,0,0,1,5,2,82,11,1388,1,12,10,2,10
2018100310454,1,9,0,17,0,8,0,0,0,0,4,1,5,2,18,4,1242,1,8,4,1,4
2018100310534,1,9,0,5,0,1,0,0,1,0,2,1,5,2,82,11,1390,1,16,9,2,9
2018100310534,2,9,0,18,0,1,0,0,0,0,1,1,6,1,33,6,1386,1,10,-1,2,-1
2018100310537,1,9,0,18,0,0,0,0,0,0,1,1,6,2,-1,-1,-1,-1,-1,-1,-1,-1
2018100310543,1,9,0,4,0,1,0,0,0,0,1,1,5,1,39,7,1339,1,14,1,1,1
2018100310543,2,9,0,3,0,1,0,0,0,0,2,1,5,2,33,6,1910,2,10,1,1,1
2018100310551,1,9,4,18,0,8,2,0,2,3,3,1,5,1,33,6,-1,-1,-1,5,3,5
2018100310556,1,19,0,18,0,4,0,0,0,0,1,1,2,1,33,6,1753,2,14,1,2,1
2018100310556,2,9,0,18,0,3,0,0,0,0,4,1,5,1,29,6,-1,-1,-1,3,1,3
2018100310564,1,9,0,18,0,1,0,0,1,10,1,1,5,1,57,9,2996,1,12,4,1,4
2018100310767,1,9,0,18,0,1,0,0,0,0,1,1,5,1,29,6,1956,2,3,-1,-1,-1
2018100310767,2,9,0,4,0,1,0,0,0,0,2,1,5,1,18,4,1242,1,5,5,1,5
2018100310932,1,9,0,18,0,4,0,0,0,0,3,1,6,2,49,8,899,1,3,8,1,8
2018100310932,2,11,0,9,0,4,0,0,0,0,1,1,1,1,31,6,9000,2,14,3,1,3
2018100310933,1,19,0,18,0,0,0,0,0,0,4,1,1,1,54,8,1868,2,12,-1,-1,-1
2018100310992,1,9,0,9,0,5,0,0,0,0,0,1,6,2,-1,-1,1124,1,10,-1,-1,-1
2018100310992,2,1,0,18,0,1,2,0,0,0,0,1,6,1,38,7,-1,-1,-1,2,1,2
2018100311027,1,9,0,18,0,0,0,0,0,0,3,1,6,2,50,8,-1,-1,-1,-1,-1,-1
2018100311027,2,9,0,2,0,0,0,0,0,0,4,1,5,1,36,7,1596,1,16,1,1,1
2018100311333,1,9,0,1,9,1,0,0,0,0,2,1,6,3,-1,-1,-1,-1,-1,-1,-1,-1
2018100311345,1,9,0,5,0,8,0,0,0,0,3,1,5,2,23,5,1242,1,3,4,1,4
2018100311345,2,9,0,18,0,1,0,0,0,0,3,2,1,1,35,6,1968,2,8,1,1,1
2018100311349,1,-1,-1,18,0,0,-1,-1,-1,0,-1,1,1,1,30,6,-1,-1,-1,-1,-1,-1
2018100311349,2,1,-1,18,-1,0,-1,-1,-1,0,-1,1,4,1,13,3,-1,-1,-1,1,1,1
2018100311370,1,9,0,9,0,2,0,0,0,0,1,1,2,2,29,6,1229,1,4,5,1,5
2018100311370,2,9,0,18,0,8,0,0,0,0,1,1,5,2,66,10,1242,1,2,10,1,10
2018100311395,1,9,0,5,0,0,0,0,0,0,1,1,6,1,70,10,-1,-1,-1,-1,-1,-1
2018100311395,2,3,0,5,0,0,0,0,0,0,1,1,2,1,24,5,125,1,-1,1,1,1
2018100311397,1,9,0,18,0,0,0,0,0,0,1,1,6,2,24,5,1598,2,6,4,1,4
2018100311397,2,9,0,4,0,0,0,0,0,0,2,1,6,2,43,7,1149,1,1,4,1,4
2018100311656,1,9,0,4,0,1,0,0,0,0,1,1,6,2,26,6,1242,1,3,-1,-1,-1
2018100311656,2,9,0,7,0,5,0,0,0,0,2,1,6,1,54,8,1364,2,9,5,1,5
2018100311662,1,9,0,17,0,0,2,0,2,0,1,1,5,2,26,6,1149,1,10,1,1,1
2018100311664,1,9,0,13,0,0,0,0,0,0,4,1,6,3,-1,-1,-1,-1,-1,-1,-1,-1
2018100311664,2,9,0,18,0,0,0,0,0,0,2,1,5,2,29,6,1398,1,7,5,1,5
2018100311665,1,9,0,18,0,8,0,0,0,0,1,1,6,1,20,4,1360,1,16,1,1,1
2018100311668,1,21,1,12,0,0,0,0,0,0,3,2,1,1,40,7,-1,-1,-1,-1,-1,-1
2018100311668,2,9,0,13,0,0,0,0,0,0,4,1,5,2,54,8,1998,1,3,9,2,9
2018100311674,1,9,0,18,0,8,0,0,0,0,1,1,6,1,49,8,2460,2,12,2,1,2
2018100311674,2,5,0,9,0,8,0,0,0,0,1,1,6,1,30,6,599,1,19,-1,-1,-1
2018100311674,3,9,0,18,0,8,0,0,0,0,3,1,6,1,48,8,1998,1,9,-1,-1,-1
2018100311675,1,9,0,4,0,8,0,0,0,0,1,1,5,1,79,11,1360,1,14,4,1,4
2018100311675,2,5,0,3,0,8,0,0,0,0,2,1,5,1,35,6,790,1,12,2,1,2
2018100311678,1,9,0,18,0,3,0,0,0,0,1,1,5,2,66,10,1386,1,10,7,1,7
2018100311678,2,9,0,7,0,2,0,0,0,0,1,1,5,2,58,9,1360,1,17,3,1,3
2018100311687,1,8,0,18,0,0,1,0,2,7,1,1,1,1,55,8,1399,1,2,3,1,3
2018100311687,2,21,1,18,0,0,0,0,0,0,2,1,1,1,62,9,10837,2,2,8,1,8
2018100311687,3,21,0,2,6,0,0,0,0,0,3,1,1,1,47,8,11705,2,10,5,3,5
2018100311728,1,9,0,18,0,1,0,0,0,0,1,1,6,1,40,7,-1,-1,-1,-1,-1,-1
2018100311903,1,19,0,18,0,0,0,0,0,0,3,1,6,2,50,8,1560,2,3,4,1,4
2018100311928,1,9,0,18,0,0,0,0,1,0,1,1,6,1,50,8,1339,1,8,3,2,3
2018100311951,1,9,0,7,0,2,0,0,0,0,1,1,6,2,30,6,2457,1,12,-1,-1,-1
2018100311951,2,9,0,9,0,1,0,0,0,0,3,1,6,1,28,6,1995,2,-1,-1,-1,-1
2018100311961,1,9,0,5,0,0,0,0,0,0,4,1,6,2,30,6,1240,1,8,-1,-1,-1
2018100311961,2,9,0,14,0,0,0,0,0,0,4,1,6,1,28,6,1997,2,1,6,1,6
2018100312093,1,1,0,15,0,0,0,0,0,0,1,1,6,1,32,6,-1,-1,-1,-1,-1,-1
2018100312093,2,9,-1,18,0,0,0,0,0,0,4,1,6,2,50,8,1598,1,15,-1,-1,-1
2018100312097,1,9,0,3,0,0,0,0,0,0,3,1,6,2,-1,-1,-1,-1,-1,-1,-1,-1
2018100312097,2,9,0,3,0,0,0,0,0,0,3,1,5,2,45,7,1598,1,12,9,2,9
2018100312113,1,9,0,18,0,0,0,0,0,0,1,1,6,2,40,7,-1,-1,-1,-1,-1,-1
2018100312116,1,9,0,9,0,8,0,0,0,0,1,1,6,2,24,5,998,1,2,8,1,8
2018100312116,2,3,0,18,0,1,0,0,0,0,4,1,5,1,28,6,125,1,6,-1,-1,-1
2018100312118,1,9,0,18,0,4,0,0,0,0,1,1,5,2,32,6,1461,2,4,2,1,2
2018100312118,2,9,0,18,0,3,0,0,0,0,4,1,5,1,20,4,1999,1,13,4,1,4
2018100312126,1,11,0,4,0,4,0,0,0,0,0,1,1,1,57,9,6692,2,6,9,1,9
2018100312126,2,10,0,18,0,8,0,0,0,0,0,1,1,1,57,9,-1,-1,-1,5,1,5
2018100312204,1,9,0,18,0,8,0,0,0,0,1,1,6,2,26,6,1242,1,1,7,1,7
2018100312204,2,9,0,9,0,8,0,0,0,0,4,1,6,1,29,6,1968,2,4,2,1,2
2018100312210,1,9,0,7,0,0,2,0,2,11,1,1,5,1,19,4,1388,1,8,-1,-1,-1
2018100312271,1,9,0,5,0,2,0,0,0,0,3,1,5,2,74,10,1197,1,2,1,1,1
2018100312271,2,1,0,18,0,1,0,0,0,0,1,1,5,1,14,3,-1,-1,-1,3,1,3
2018100312288,1,9,0,6,0,0,0,0,0,0,3,1,5,2,51,8,1368,1,2,4,1,4
2018100312288,2,9,0,18,0,0,0,0,0,0,1,1,1,1,70,10,-1,-1,-1,-1,-1,-1
2018100312305,2,9,0,18,0,1,0,0,0,0,1,1,5,1,39,7,1390,1,9,1,1,1
2018100312305,3,9,0,5,0,2,0,0,0,0,3,1,2,1,35,6,1598,1,11,4,1,4
2018100312317,1,9,0,17,0,2,1,0,0,0,1,1,5,1,18,4,1229,1,12,4,3,4
2018100312317,2,9,0,16,0,1,1,0,0,0,2,1,5,1,80,11,996,1,4,4,3,4
2018100312334,1,9,0,11,0,0,0,0,0,0,2,1,6,1,53,8,-1,-1,-1,7,2,7
2018100312334,2,9,0,18,0,0,1,0,1,10,1,1,5,1,42,7,1560,2,7,4,1,4
2018100312428,1,8,0,18,0,0,0,0,0,0,0,1,1,1,61,9,1870,2,12,6,1,6
2018100312433,1,19,0,13,4,0,0,0,0,0,4,1,5,1,59,9,2499,2,3,10,1,10
2018100312433,2,1,0,18,4,0,0,0,0,0,1,1,5,1,46,8,-1,-1,-1,3,2,3
2018100312436,1,9,0,7,0,4,0,0,0,0,1,1,2,2,58,9,1398,1,2,-1,-1,-1
2018100312436,2,1,0,18,0,8,0,0,0,0,4,1,2,1,26,6,-1,-1,-1,10,1,10
2018100312443,1,9,0,5,0,8,0,0,0,0,1,1,5,1,77,11,1364,1,-1,-1,-1,-1
2018100312443,2,9,0,10,0,8,0,0,0,0,1,1,5,2,45,7,1390,1,14,3,2,3
2018100312450,1,9,0,9,0,8,0,0,0,0,1,1,5,1,77,11,1398,1,8,10,1,10
2018100312450,2,9,0,18,0,8,5,0,0,0,4,1,5,1,66,10,1968,2,5,6,3,6
2018100312480,2,3,0,18,0,1,0,0,0,0,2,1,2,1,23,5,-1,-1,-1,-1,-1,-1
2018100312563,1,21,0,5,8,6,0,0,0,0,0,1,5,1,31,6,-1,-1,-1,2,1,2
2018100312563,2,9,0,3,0,1,0,0,0,0,0,1,5,2,51,8,996,1,5,9,2,9
2018100312563,3,9,0,4,0,1,0,4,0,0,2,1,5,1,67,10,1582,2,1,3,1,3
2018100312563,4,9,0,3,0,1,0,4,0,0,1,1,5,1,40,7,2926,2,18,3,1,3
2018100312563,5,9,0,3,0,1,0,1,0,0,1,1,5,1,58,9,1398,1,6,4,2,4
2018100312563,6,9,0,3,0,1,0,1,0,0,1,1,5,2,31,6,1242,1,6,5,3,5
2018100312603,1,5,0,18,0,4,2,0,0,0,4,1,2,1,33,6,899,1,19,7,2,7
2018100312674,1,1,0,18,0,0,0,0,0,0,1,1,6,1,17,4,-1,-1,-1,2,1,2
2018100312674,2,9,0,18,0,0,1,0,0,0,3,1,5,1,26,6,1995,2,7,9,1,9
2018100312833,1,9,0,18,0,8,0,0,0,0,1,1,5,1,29,6,1598,1,14,2,1,2
2018100312833,2,5,0,18,0,8,1,0,0,0,1,1,5,1,26,6,750,1,18,4,1,4
2018100312884,1,9,0,18,0,0,0,0,0,0,1,1,6,1,-1,-1,1596,1,13,-1,-1,-1
2018100312885,1,9,0,18,0,4,0,0,0,0,1,1,6,1,-1,-1,1968,2,9,1,1,1
2018100312885,2,19,0,3,0,4,0,0,0,0,2,1,1,1,51,8,1995,2,1,9,1,9
2018100312886,1,9,0,16,0,1,0,0,1,4,1,1,5,2,78,11,1197,1,1,-1,-1,-1
2018100312889,1,9,0,9,0,3,0,0,0,0,1,1,6,1,68,10,1598,2,2,4,1,4
2018100312889,2,1,0,18,0,3,0,0,0,0,1,1,1,1,51,8,-1,-1,-1,-1,-1,-1
2018100312979,1,11,0,5,2,0,0,0,0,0,0,1,1,1,28,6,4461,2,2,2,1,2
2018100313254,1,-1,-1,7,-1,0,-1,-1,-1,0,-1,1,1,1,-1,-1,-1,-1,-1,-1,-1,-1
2018100313254,2,1,-1,11,-1,0,-1,-1,-1,0,-1,1,1,1,60,9,-1,-1,-1,10,1,10
2018100313273,1,9,0,5,0,8,0,0,0,0,1,1,6,1,29,6,1229,1,11,-1,-1,-1
2018100313273,2,1,0,18,0,8,0,0,0,0,4,1,6,1,22,5,-1,-1,-1,-1,-1,-1
2018100313275,1,21,1,11,0,0,0,0,0,0,4,1,1,1,56,9,11120,2,3,8,1,8
2018100313275,2,9,0,18,0,0,0,0,0,0,4,1,5,2,56,9,998,1,6,5,1,5
2018100313275,3,9,0,18,0,0,0,0,0,0,4,1,5,2,37,7,1200,1,3,-1,-1,-1
2018100313284,1,9,0,4,0,1,0,10,0,0,1,1,5,2,45,7,1397,1,8,5,2,5
2018100313349,1,9,0,18,0,0,1,0,0,0,1,1,5,2,37,7,1341,1,13,5,2,5
2018100313349,2,9,0,18,0,0,1,7,0,0,2,1,2,1,48,8,1248,2,11,2,1,2
2018100313349,3,9,0,18,0,0,1,0,0,0,4,1,6,2,48,8,998,1,5,5,1,5
2018100313408,1,9,0,3,0,4,0,0,0,0,4,1,1,1,70,10,1598,2,3,7,1,7
2018100313408,2,9,0,18,0,4,0,0,0,0,1,1,6,1,21,5,1149,1,13,3,1,3
2018100313417,1,9,0,18,0,8,0,0,0,0,1,1,5,2,68,10,1242,1,11,3,1,3
2018100313417,2,9,0,18,0,8,0,0,0,0,3,1,5,1,45,7,1995,2,6,1,1,1
2018100313505,1,90,0,5,0,1,0,0,0,0,1,1,1,1,52,8,9200,2,10,9,1,9
2018100313521,1,9,0,4,0,0,0,0,0,0,1,1,6,1,30,6,-1,-1,-1,-1,-1,-1
2018100313521,2,9,0,3,0,0,0,0,0,0,2,1,6,2,59,9,1560,2,6,6,2,6
2018100313620,1,9,0,18,0,0,0,11,0,0,1,1,6,1,-1,-1,1796,1,10,-1,-1,-1
2018100313685,1,9,0,18,0,0,1,0,0,0,1,1,5,1,18,4,1197,1,1,7,2,7
2018100313685,2,9,0,3,0,0,0,0,0,0,2,1,5,1,45,7,1242,1,3,4,1,4
2018100313731,1,9,0,9,0,2,0,0,0,0,4,1,6,2,30,6,1956,2,8,6,1,6
2018100313731,2,9,0,9,0,1,0,0,0,0,3,1,6,1,36,7,-1,-1,-1,3,1,3
2018100313765,1,9,0,18,0,0,0,0,0,0,1,1,6,1,30,6,999,1,1,-1,-1,-1
2018100313765,2,1,0,18,0,0,0,0,0,0,3,1,6,1,19,4,-1,-1,-1,-1,-1,-1
2018100313785,1,9,0,13,0,0,0,0,0,0,3,1,5,2,49,8,1896,2,10,-1,2,-1
2018100313785,2,9,0,13,0,0,0,0,0,0,4,1,5,1,53,8,1398,1,3,5,3,5
2018100313799,1,9,0,4,0,1,0,0,0,0,1,1,6,2,23,5,1596,1,13,3,1,3
2018100313799,2,9,0,3,0,1,0,0,0,0,2,1,5,2,31,6,998,1,8,-1,-1,-1
2018100313925,1,11,0,4,0,8,0,0,0,0,0,1,1,1,27,6,-1,-1,-1,2,3,2
2018100313937,1,9,0,12,0,3,0,0,0,0,3,1,6,2,-1,-1,1598,2,6,-1,-1,-1
2018100313937,2,9,0,18,0,3,0,0,0,0,4,1,6,2,28,6,1397,1,10,4,3,4
2018100313954,1,9,0,18,0,0,0,0,0,0,1,1,5,1,27,6,1598,2,1,2,1,2
2018100313954,2,1,0,18,0,0,0,0,0,0,2,1,6,1,42,7,-1,-1,-1,2,1,2
2018100313959,1,19,0,18,0,0,0,0,0,0,1,1,5,2,27,6,1461,2,5,10,2,10
2018100313959,2,9,0,18,0,0,0,0,0,0,2,1,5,1,25,5,998,1,5,2,1,2
2018100313959,3,9,0,18,0,0,0,0,0,0,2,1,5,1,23,5,998,1,11,4,3,4
2018100313959,4,9,0,18,0,0,0,0,0,0,2,1,5,2,66,10,2179,2,5,3,1,3
2018100313961,1,9,0,9,0,4,0,0,0,0,3,1,6,3,-1,-1,-1,-1,-1,-1,-1,-1
2018100313961,2,5,0,18,0,8,1,0,0,0,4,1,2,1,37,7,599,1,24,2,1,2
2018100313966,1,9,0,9,0,8,0,0,0,0,1,1,2,2,24,5,1360,1,7,1,1,1
2018100313966,2,1,0,9,0,3,0,0,0,0,2,1,2,1,22,5,-1,-1,-1,9,1,9
2018100313992,1,9,0,15,2,1,1,0,2,0,3,1,6,3,-1,-1,-1,-1,-1,-1,-1,-1
2018100313992,2,8,0,18,0,8,2,9,6,0,4,1,1,2,53,8,1461,2,5,1,1,1
2018100313998,1,9,0,18,0,0,0,0,0,0,1,1,5,1,59,9,1498,1,10,4,1,4
2018100313998,2,9,0,3,0,0,0,0,0,0,2,1,2,1,45,7,1968,2,3,9,1,9
2018100314014,1,1,0,18,0,6,0,0,0,0,1,1,6,1,15,3,-1,-1,-1,3,1,3
2018100314014,2,9,0,18,0,8,0,0,0,0,3,1,2,1,57,9,-1,-1,-1,10,1,10
2018100314019,1,9,0,18,0,0,0,0,1,4,1,1,5,1,18,4,1560,2,11,5,3,5
2018100314037,1,9,0,5,0,0,0,0,0,0,1,1,5,2,24,5,1248,2,6,3,1,3
2018100314038,1,9,0,1,0,0,0,4,0,0,2,1,5,1,43,7,2720,2,12,8,1,8
2018100314038,2,9,0,2,0,0,0,0,7,0,4,1,6,3,-1,-1,-1,-1,-1,-1,-1,-1
2018100314038,3,9,0,2,0,0,0,0,1,0,4,1,6,3,-1,-1,-1,-1,-1,-1,-1,-1
2018100314077,1,9,0,18,0,0,0,0,0,0,1,1,6,2,29,6,1596,1,12,-1,-1,-1
2018100314091,1,9,0,4,0,1,0,0,0,0,1,1,5,2,26,6,1242,1,3,2,1,2
2018100314180,1,9,0,17,0,8,1,0,1,2,1,1,5,2,32,6,2776,2,15,4,1,4
2018100314396,1,9,0,6,0,1,0,0,0,0,3,1,5,1,57,9,1599,1,15,1,1,1
2018100314396,2,3,0,18,0,1,0,0,0,0,1,1,5,1,29,6,125,1,5,1,1,1
2018100314405,1,9,0,18,0,0,0,0,1,0,3,1,6,2,36,7,1560,2,7,7,1,7
2018100314405,2,21,1,18,0,0,0,0,0,0,2,1,6,1,46,8,10837,2,2,4,1,4
2018100314405,3,9,0,18,0,0,0,0,0,0,1,1,1,1,47,8,1997,2,5,-1,1,-1
2018100314406,1,8,0,18,0,1,2,0,7,0,3,1,5,1,27,6,1968,2,8,9,1,9
2018100314406,2,9,0,9,0,2,0,0,0,0,3,1,5,2,23,5,998,1,6,-1,-1,-1
2018100314418,1,8,0,18,0,0,0,0,0,0,1,1,6,1,64,9,1598,1,5,6,1,6
2018100314420,1,21,0,17,0,0,5,0,1,0,1,1,1,1,29,6,-1,-1,-1,-1,-1,-1
2018100314435,1,5,0,17,0,0,0,0,0,0,3,1,5,1,69,10,999,1,1,3,1,3
2018100314462,1,9,-1,-1,-1,-1,-1,-1,-1,0,-1,1,5,1,64,9,1198,1,7,8,1,8
2018100314462,2,20,-1,-1,-1,-1,-1,-1,-1,0,-1,1,1,1,34,6,-1,-1,-1,1,1,1
2018100314669,1,9,0,4,0,0,0,0,0,0,2,1,6,1,28,6,1956,2,7,5,2,5
2018100314669,2,9,0,13,0,0,2,0,8,11,1,1,2,2,53,8,1598,1,6,5,3,5
2018100314725,1,9,0,16,0,0,1,0,0,0,1,1,5,1,27,6,998,1,17,3,1,3
2018100314725,2,19,0,18,0,0,0,0,0,0,1,1,2,1,54,8,1461,2,2,4,1,4
2018100314746,1,9,0,2,0,0,0,0,0,0,3,1,6,1,39,7,2993,2,14,6,2,6
2018100314746,2,1,0,18,0,0,0,0,0,0,1,1,6,1,32,6,-1,-1,-1,9,1,9
2018100314763,1,9,0,18,0,0,0,0,0,0,1,1,5,2,65,9,1598,1,6,6,1,6
2018100314767,1,9,0,5,0,0,0,0,0,0,1,1,5,1,19,4,1498,1,1,1,1,1
2018100314767,2,9,0,5,0,0,0,0,0,0,2,1,5,1,39,7,1896,2,14,-1,-1,-1
2018100314770,1,9,0,5,0,0,0,0,0,0,0,1,1,1,71,10,1896,2,11,9,1,9
2018100314779,1,9,0,18,0,0,0,4,0,0,1,1,5,2,20,4,1242,1,1,4,1,4
2018100314779,2,9,0,2,0,0,0,0,0,0,3,1,6,3,-1,-1,-1,-1,-1,-1,-1,-1
2018100314779,3,9,0,2,0,0,0,0,0,0,1,1,6,3,-1,-1,-1,-1,-1,-1,-1,-1
2018100314821,1,5,0,16,0,0,1,0,7,0,0,1,5,1,49,8,649,1,8,9,1,9
2018100314850,1,5,0,17,0,0,1,0,1,0,1,1,6,1,68,10,1261,1,7,-1,3,-1
2018100314912,1,11,0,4,0,0,0,0,0,0,0,1,1,1,26,6,4250,2,10,4,2,4
2018100314983,1,9,0,9,0,6,0,0,0,0,3,1,6,2,46,8,1461,2,1,9,1,9
2018100314983,2,3,0,18,0,8,1,0,0,0,1,1,6,1,22,5,124,1,1,3,1,3
2018100315025,1,11,0,2,0,1,0,0,0,0,0,1,1,1,56,9,6692,2,6,6,1,6
2018100315140,1,9,0,18,0,0,0,0,0,0,3,1,6,1,33,6,1598,1,15,2,1,2
2018100315140,2,9,0,18,0,0,0,0,0,0,1,1,2,1,44,7,1968,2,7,2,1,2
2018100315140,3,9,0,18,0,0,0,0,0,0,3,1,6,2,55,8,1149,1,11,2,1,2
2018100315436,1,9,0,5,0,1,0,0,0,0,1,1,1,2,21,5,1499,1,1,9,1,9
2018100315776,1,9,0,18,0,0,0,0,0,0,4,1,6,3,16,4,-1,-1,-1,-1,-1,-1
2018100315776,2,9,0,18,0,0,0,0,0,0,4,1,6,2,47,8,1968,2,10,7,2,7
2018100315781,1,11,0,4,0,1,0,0,0,0,0,1,1,1,56,9,4250,2,10,2,2,2
2018100315816,1,9,0,18,0,4,0,0,0,0,1,1,5,1,20,4,1229,1,6,8,1,8
2018100315816,2,9,0,18,0,3,0,0,0,0,4,1,5,1,35,6,1896,2,13,2,1,2
2018100315817,1,4,0,18,0,0,0,0,0,0,3,1,5,1,52,8,198,1,16,-1,-1,-1
2018100315839,1,19,0,18,0,8,0,0,0,0,4,1,5,1,42,7,2198,2,4,-1,-1,-1
2018100315842,1,11,0,5,0,0,0,0,0,0,0,1,1,1,51,8,6700,2,11,3,1,3
2018100315936,1,9,0,18,0,0,5,7,0,0,1,1,5,1,80,11,1240,1,10,3,1,3
2018100315991,1,9,0,18,0,8,2,0,7,11,1,1,6,1,-1,-1,-1,-1,-1,-1,-1,-1
2018100315993,1,9,0,7,0,5,0,0,0,0,1,1,6,1,-1,-1,999,1,-1,-1,-1,-1
2018100315993,2,9,0,4,0,1,0,0,0,0,1,1,6,1,25,5,1560,2,6,6,3,6
2018100316009,1,1,0,18,0,0,0,0,0,0,1,1,6,1,33,6,-1,-1,-1,4,1,4
2018100316009,2,11,0,18,0,0,0,0,0,0,4,1,1,1,26,6,5132,2,1,2,3,2
2018100316026,1,9,0,16,0,0,0,0,7,0,1,1,5,1,27,6,1390,1,4,1,1,1
2018100316073,1,9,0,4,0,0,0,0,0,0,1,1,1,2,44,7,999,1,2,-1,-1,-1