Accident_Index,Vehicle_Reference,Vehicle_Type,Towing_and_Articulation,Vehicle_Manoeuvre,Vehicle_Location-Restricted_Lane,Junction_Location,Skidding_and_Overturning,Hit_Object_in_Carriageway,Vehicle_Leaving_Carriageway,Hit_Object_off_Carriageway,1st_Point_of_Impact,Was_Vehicle_Left_Hand_Drive?,Journey_Purpose_of_Driver,Sex_of_Driver,Age_of_Driver,Age_Band_of_Driver,Engine_Capacity_(CC),Propulsion_Code,Age_of_Vehicle,Driver_IMD_Decile,Driver_Home_Area_Type,Vehicle_IMD_Decile
2018100316073,2,9,0,3,0,0,0,0,0,0,2,1,6,1,35,6,-1,-1,-1,1,1,1
2018100316104,1,21,0,17,0,0,0,0,7,0,1,1,1,1,59,9,6370,2,12,6,3,6
2018100316131,1,5,0,7,0,0,1,0,7,4,3,1,5,1,36,7,749,1,15,2,2,2
2018100316148,1,9,0,4,0,4,0,0,0,0,1,1,6,2,-1,-1,1197,1,4,-1,-1,-1
2018100316148,2,9,0,5,0,4,0,0,0,0,2,1,5,2,44,7,1248,2,7,8,1,8
2018100316215,1,9,0,11,0,3,0,0,0,0,4,1,6,2,53,8,1968,2,4,6,3,6
2018100316215,2,9,0,18,0,3,1,0,0,0,3,1,5,1,19,4,1197,1,3,2,1,2
2018100316304,1,9,0,18,0,8,0,0,0,0,1,1,5,2,80,11,1200,1,-1,-1,-1,-1
2018100316304,2,9,0,2,0,8,0,0,0,0,2,1,5,1,31,6,1753,2,11,3,1,3
2018100316379,1,9,0,7,0,8,2,0,8,0,1,1,5,1,27,6,1248,2,12,1,1,1
2018100316422,1,9,0,18,0,4,0,0,0,0,2,1,5,2,33,6,1995,2,14,9,1,9
2018100316422,2,5,0,5,0,8,5,0,0,0,1,1,2,1,60,9,1441,1,1,8,2,8
2018100316435,1,19,0,18,0,1,1,0,0,0,2,1,1,1,29,6,2287,2,7,2,1,2
2018100316435,2,9,0,3,0,1,0,0,0,0,2,1,6,1,60,9,998,1,7,8,1,8
2018100316564,1,9,0,9,0,2,0,0,0,0,3,1,2,2,57,9,1390,1,4,7,1,7
2018100316564,2,90,0,18,0,1,0,0,0,0,1,1,2,1,21,5,-1,-1,-1,9,2,9
2018100316614,1,9,0,1,0,0,0,0,0,0,2,1,6,3,30,6,-1,-1,-1,-1,-1,-1
2018100316796,1,9,0,18,0,0,0,0,0,0,1,1,2,1,47,8,2435,1,17,2,1,2
2018100316796,2,9,0,18,0,0,0,0,0,0,2,1,2,2,34,6,1560,2,7,5,1,5
2018100316885,1,9,0,18,0,1,0,0,0,0,1,1,6,2,-1,-1,-1,-1,-1,-1,-1,-1
2018100316885,2,1,0,3,0,1,5,0,0,0,2,1,5,1,16,4,-1,-1,-1,1,1,1
2018100316940,1,9,0,9,0,6,0,0,0,0,0,1,6,3,-1,-1,-1,-1,-1,-1,-1,-1
2018100316940,2,5,0,18,0,1,2,0,0,0,0,1,6,1,42,7,996,1,13,3,2,3
2018100316947,1,19,0,5,0,0,0,4,0,0,1,1,1,1,41,7,2461,2,20,3,1,3
2018100316947,2,9,0,2,0,0,0,0,0,0,2,1,6,1,82,11,1582,2,11,-1,-1,-1
2018100316953,1,1,0,18,0,1,2,0,0,0,1,1,6,1,25,5,-1,-1,-1,-1,-1,-1
2018100316953,2,98,0,18,0,8,0,0,0,0,-1,1,1,1,39,7,-1,-1,-1,4,1,4
2018100317111,1,9,0,18,0,0,0,0,0,0,1,1,6,1,29,6,1995,2,12,1,1,1
2018100317111,2,9,0,3,0,0,0,0,0,0,2,1,2,2,57,9,1598,1,4,2,1,2
2018100317125,1,9,0,7,4,8,0,0,0,0,4,1,6,1,40,7,-1,-1,-1,-1,-1,-1
2018100317125,2,1,0,5,4,1,0,0,0,0,3,1,5,1,19,4,-1,-1,-1,4,1,4
2018100317232,1,9,0,9,0,2,0,0,0,0,1,1,6,2,66,10,1398,1,1,8,1,8
2018100317232,2,1,0,10,0,1,0,0,0,0,3,1,6,2,51,8,-1,-1,-1,2,1,2
2018100317301,1,9,0,18,0,4,0,0,0,0,1,1,6,1,52,8,1598,1,11,7,1,7
2018100317301,2,1,0,7,0,3,0,0,0,0,2,1,6,2,52,8,-1,-1,-1,7,1,7
2018100317327,1,9,0,9,0,2,0,0,0,0,3,1,5,2,23,5,1364,1,3,2,1,2
2018100317327,2,3,0,18,0,1,2,0,0,0,1,1,5,1,22,5,124,1,-1,4,1,4
2018100317336,1,9,0,18,0,8,0,0,0,0,1,1,2,1,40,7,1496,2,3,1,1,1
2018100317336,2,9,0,18,0,8,0,0,0,0,1,1,5,1,21,5,999,1,-1,5,2,5
2018100317351,1,5,0,14,0,0,0,0,0,0,1,1,6,1,26,6,600,1,14,7,-1,7
2018100317362,1,9,0,18,0,8,0,0,0,0,4,1,5,1,44,7,2157,2,2,5,3,5
2018100317362,2,9,0,17,0,4,0,0,0,0,1,1,5,1,41,7,1461,2,3,3,1,3
2018100317473,1,9,0,18,0,1,0,0,0,0,1,1,2,1,57,9,1560,2,3,2,2,2
2018100317478,1,9,0,7,0,6,0,0,0,0,3,1,5,1,90,11,1364,1,9,9,3,9
2018100317478,2,9,0,18,0,8,0,0,0,0,1,1,5,2,45,7,1360,1,6,5,1,5
2018100317550,1,3,0,16,0,0,5,0,0,0,1,1,2,1,17,4,124,1,3,4,1,4
2018100317596,1,9,0,18,0,1,5,0,7,0,3,1,1,2,53,8,-1,-1,-1,7,1,7
2018100317596,2,9,0,18,0,1,0,0,0,0,4,1,5,2,59,9,1998,1,1,7,1,7
2018100317600,1,9,0,7,0,6,0,0,0,0,3,1,5,1,69,10,2902,2,13,2,1,2
2018100317600,2,2,0,18,0,8,0,0,0,0,4,1,5,1,24,5,49,1,19,4,2,4
2018100317601,1,11,0,3,0,1,0,0,0,0,0,1,1,1,47,8,-1,-1,-1,1,1,1
2018100317602,1,9,0,9,0,1,0,0,0,0,4,1,6,1,40,7,1461,2,9,6,1,6
2018100317602,2,9,0,18,0,1,0,0,0,0,1,1,5,2,40,7,1998,8,2,10,1,10
2018100317602,3,9,0,18,0,1,0,0,0,0,1,1,6,1,30,6,1598,2,3,9,3,9
2018100317660,1,9,0,5,0,0,1,0,0,0,1,1,5,1,28,6,1968,2,8,2,1,2
2018100317813,1,11,0,2,0,0,0,0,0,0,0,1,1,1,65,9,7300,2,15,9,1,9
2018100317820,1,9,0,18,0,4,0,0,0,0,1,1,6,2,22,5,1229,1,9,8,-1,8
2018100317820,2,9,0,18,0,4,0,0,0,0,2,1,5,1,29,6,1242,1,15,2,1,2
2018100317831,1,9,0,18,0,0,1,0,0,0,0,1,5,1,30,6,1229,1,4,3,1,3
2018100317831,2,9,0,3,0,0,0,0,0,0,2,1,5,1,35,6,1198,1,4,5,1,5
2018100317832,1,9,0,7,0,0,0,0,0,0,1,1,6,1,53,8,1124,1,12,2,1,2
2018100317832,2,8,0,7,0,0,0,0,0,0,2,1,1,1,51,8,1896,2,14,8,1,8
2018100317837,1,9,0,18,0,1,0,0,0,0,1,1,6,1,18,4,998,1,3,-1,3,-1
2018100317840,1,9,0,5,0,6,0,0,0,0,1,1,5,1,26,6,1753,2,9,2,1,2
2018100317840,2,3,0,18,0,1,0,0,0,0,1,1,6,2,42,7,124,1,4,2,1,2
2018100317844,1,8,0,9,0,1,0,0,0,0,1,1,1,1,38,7,1968,2,8,3,1,3
2018100317844,2,9,0,9,0,1,0,0,0,0,3,1,5,2,32,6,1968,2,5,9,1,9
2018100317876,1,9,0,18,0,8,0,0,0,0,1,1,6,2,57,9,1461,2,2,3,1,3
2018100317876,2,19,0,18,0,8,0,0,0,0,2,1,6,1,51,8,2143,2,6,9,2,9
2018100317876,3,9,0,18,0,8,0,0,0,0,2,1,6,1,30,6,1461,2,3,10,1,10
2018100317876,4,9,0,9,0,8,0,0,0,0,0,1,6,3,-1,-1,-1,-1,-1,-1,-1,-1
2018100317884,1,9,0,7,0,1,0,0,0,0,0,1,6,1,-1,-1,1999,2,-1,-1,-1,-1
2018100317900,1,9,0,16,0,3,0,10,6,0,3,1,5,2,19,4,1198,1,5,-1,-1,-1
2018100317900,2,9,0,18,0,1,0,0,0,0,3,1,5,1,33,6,2179,2,9,4,1,4
2018100317903,1,9,0,4,0,0,0,0,0,0,1,1,6,1,56,9,998,1,2,2,1,2
2018100317903,2,9,0,4,0,0,0,0,0,0,2,1,6,1,41,7,1997,2,3,2,1,2
2018100317908,1,9,0,18,0,0,0,11,0,0,1,1,6,1,37,7,1598,1,12,3,1,3
2018100317909,1,9,0,18,0,0,0,0,0,0,1,1,6,1,24,5,1968,2,4,-1,-1,-1
2018100317909,2,1,0,18,0,0,0,0,0,0,2,1,6,1,38,7,-1,-1,-1,2,1,2
2018100317919,1,5,0,18,0,0,0,0,0,0,0,1,5,1,27,6,1000,1,3,4,-1,4
2018100317923,1,9,0,18,0,4,0,0,0,0,1,1,5,2,47,8,1499,2,3,1,1,1
2018100317923,2,19,0,3,0,1,1,0,3,0,2,1,5,1,44,7,1998,2,13,3,2,3
2018100317926,1,90,0,18,0,0,0,0,7,0,1,1,1,1,53,8,2143,2,7,-1,-1,-1
2018100317990,1,9,0,18,0,8,0,0,0,0,3,2,1,1,30,6,1390,1,2,8,1,8
2018100317990,2,1,0,18,0,8,0,0,0,0,1,1,5,1,15,3,-1,-1,-1,2,1,2
2018100318005,1,5,0,18,0,1,2,4,0,0,1,1,5,1,41,7,-1,-1,-1,-1,-1,-1
2018100318005,2,90,0,11,0,1,0,0,0,0,0,1,6,3,-1,-1,-1,-1,-1,-1,-1,-1
2018100318005,3,9,0,4,0,1,0,0,0,0,2,1,6,2,53,8,2967,2,12,3,1,3
2018100318005,4,9,0,4,0,1,0,0,0,0,2,1,6,2,32,6,1685,2,1,2,1,2
2018100318005,5,9,0,4,0,1,0,0,0,0,2,1,6,2,36,7,1496,2,1,5,3,5
2018100318005,6,9,0,4,0,1,0,0,0,0,1,1,6,1,89,11,1395,1,2,7,3,7
2018100318029,1,9,0,18,0,0,0,0,0,0,4,1,5,2,36,7,1149,1,2,4,1,4
2018100318055,1,9,0,18,0,1,2,4,0,0,1,1,6,2,21,5,2143,2,3,8,1,8
2018100318055,2,9,0,2,0,1,0,0,0,0,1,1,5,2,53,8,1461,2,8,4,1,4
2018100318057,1,9,0,18,0,0,0,0,0,0,1,1,6,1,57,9,1988,2,13,5,1,5
2018100318057,2,9,0,4,0,0,0,0,0,0,2,1,6,1,39,7,1968,2,-1,9,2,9
2018100318057,3,9,0,3,0,0,0,0,0,0,2,1,6,1,52,8,1896,2,13,4,1,4
2018100318057,4,9,0,3,0,0,0,0,0,0,2,1,6,2,50,8,1598,2,3,6,1,6
2018100318072,1,9,0,18,0,1,0,0,0,0,1,1,5,2,48,8,1461,2,2,4,1,4
2018100318072,2,9,0,18,0,1,0,0,0,0,3,1,5,1,59,9,1197,1,1,2,1,2
2018100318078,1,9,0,18,0,1,0,0,0,0,1,1,5,1,27,6,1360,1,18,1,1,1
2018100318078,2,9,0,18,0,1,0,0,0,0,2,1,5,2,28,6,1197,1,1,5,1,5
2018100318081,1,9,0,9,0,1,0,0,0,0,3,1,6,2,30,6,-1,-1,-1,-1,-1,-1
2018100318088,1,9,0,17,0,0,1,0,0,0,4,1,6,2,24,5,995,1,11,-1,-1,-1
2018100318088,2,9,0,18,0,0,0,0,0,0,3,1,6,1,60,9,1910,2,9,9,1,9
2018100318111,1,9,3,9,0,5,0,0,0,0,0,1,5,1,67,10,1968,2,8,9,1,9
2018100318111,2,9,0,3,0,1,0,0,0,0,1,1,5,1,53,8,1956,2,7,4,3,4
2018100318111,3,1,0,18,0,1,1,0,0,0,1,1,5,1,58,9,-1,-1,-1,10,3,10
2018100318125,1,9,0,4,0,8,0,0,0,0,1,1,5,1,22,5,1197,1,1,2,1,2
2018100318125,2,9,0,18,0,8,0,0,0,0,2,1,5,2,60,9,1596,1,5,5,1,5
2018100318145,1,9,0,9,0,1,0,0,0,0,1,1,5,2,40,7,1329,1,6,3,1,3
2018100318145,2,1,0,18,0,1,0,0,0,0,2,1,5,1,65,9,-1,-1,-1,-1,-1,-1
2018100318149,1,9,0,5,0,2,0,0,0,0,3,1,5,1,46,8,1461,2,3,5,2,5
2018100318149,2,1,0,18,0,6,0,0,0,0,1,1,5,1,10,2,-1,-1,-1,2,2,2
2018100318297,1,3,0,18,0,0,0,0,0,0,1,1,6,1,17,4,124,1,17,2,1,2
2018100318297,2,9,0,2,0,0,0,0,0,0,2,1,6,1,36,7,998,1,17,6,1,6
2018100318314,1,9,0,18,0,0,0,0,0,0,1,1,5,2,20,4,1598,2,8,6,1,6
2018100318314,2,9,0,18,0,0,0,0,0,0,2,1,5,1,28,6,1968,2,2,-1,1,-1
2018100318314,3,9,0,4,0,0,0,0,0,0,2,1,5,2,30,6,1395,8,-1,10,1,10
2018100318316,1,21,0,18,0,4,0,0,0,0,3,1,1,1,57,9,10837,2,-1,4,1,4
2018100318316,2,19,0,5,0,8,0,0,0,0,1,1,1,1,29,6,2198,2,2,3,1,3
2018100318316,3,9,0,5,0,8,0,0,0,0,4,1,2,1,32,6,1461,2,1,-1,-1,-1
2018100318330,1,9,0,18,0,1,0,0,0,0,1,1,5,1,18,4,1364,1,11,2,1,2
2018100318330,2,9,0,5,0,1,0,0,0,0,3,1,2,1,34,6,1360,1,7,3,1,3
2018100318377,1,9,0,4,0,1,0,0,0,0,1,1,5,2,24,5,1896,2,13,4,1,4
2018100318377,2,90,0,3,0,1,0,0,0,0,2,1,1,1,63,9,2299,2,3,4,1,4
2018100318401,1,9,0,7,9,6,0,0,0,0,1,1,1,2,27,6,1242,1,6,8,2,8
2018100318401,2,9,0,2,9,2,0,0,0,0,1,1,5,1,52,8,1598,2,1,8,2,8
2018100318427,1,9,0,18,0,8,0,0,0,0,3,1,6,3,17,4,-1,-1,-1,-1,-1,-1
2018100318427,2,1,0,18,0,8,0,0,0,0,3,1,5,1,38,7,-1,-1,-1,1,1,1
2018100318702,1,9,0,5,0,6,0,0,0,0,4,1,5,1,45,7,1997,2,5,10,3,10
2018100318702,2,9,0,18,0,1,0,0,1,0,1,1,6,1,68,10,2143,2,2,7,3,7
2018100318704,1,9,0,18,0,1,0,0,0,0,1,1,6,1,36,7,1498,1,1,-1,-1,-1
2018100318704,2,9,0,4,0,1,0,0,0,0,2,1,6,2,57,9,1598,1,5,6,1,6
2018100318720,1,1,0,14,0,1,5,0,0,0,1,1,2,1,52,8,-1,-1,-1,2,1,2
2018100318720,2,9,0,3,0,1,0,0,0,0,2,1,2,2,25,5,998,1,7,5,1,5
2018100318744,1,9,0,12,0,0,2,0,0,0,4,1,5,1,19,4,1149,1,15,9,1,9
2018100318782,1,21,1,18,0,0,0,0,0,0,1,1,1,1,50,8,12900,2,6,-1,3,-1
2018100318782,2,19,0,18,0,0,0,0,0,0,2,1,1,1,21,5,1499,2,1,-1,1,-1
2018100318782,3,9,0,18,0,0,0,0,0,0,2,1,5,1,44,7,1686,2,11,1,1,1
2018100318800,1,9,0,17,0,0,2,0,1,0,1,1,2,1,32,6,1998,1,16,-1,-1,-1
2018100318901,1,3,0,12,0,0,1,0,0,0,1,1,2,1,48,8,125,1,1,9,2,9
2018100318901,2,19,0,4,0,0,0,0,0,0,2,1,1,1,48,8,1560,2,1,2,1,2
2018100318901,3,9,0,4,0,0,0,0,0,0,2,1,2,1,40,7,1995,2,3,3,2,3
2018100318901,4,9,0,4,0,0,0,0,0,0,2,1,5,2,56,9,1242,1,2,10,1,10
2018100318901,5,9,0,4,0,0,1,0,0,0,1,1,5,1,32,6,1968,2,7,4,1,4
2018100318949,1,11,0,18,0,8,0,0,0,0,0,1,1,2,22,5,6871,2,15,7,1,7
2018100318949,2,9,0,12,0,8,0,0,1,2,1,1,2,2,29,6,1200,1,2,4,1,4
2018100318974,1,9,0,7,0,0,0,0,0,0,4,1,2,2,52,8,1242,1,1,9,1,9
2018100318974,2,1,0,7,0,0,0,0,0,0,1,1,5,1,34,6,-1,-1,-1,8,1,8
2018100318987,1,9,0,18,0,1,0,0,0,0,1,2,6,1,50,8,2000,1,12,2,1,2
2018100318987,2,9,0,3,0,1,0,0,0,0,2,2,5,2,35,6,1968,2,1,10,1,10
2018100318995,1,9,0,18,0,0,0,0,0,0,4,1,5,2,60,9,1086,1,10,-1,-1,-1
2018100319004,1,9,0,18,0,1,0,0,0,0,4,1,6,2,50,8,-1,-1,-1,-1,-1,-1
2018100319004,2,1,0,18,0,1,0,0,0,0,1,1,5,1,36,7,-1,-1,-1,-1,-1,-1
2018100319080,1,1,0,18,0,2,0,0,0,0,3,1,5,1,23,5,-1,-1,-1,1,1,1
2018100319080,2,11,0,18,0,8,0,0,0,0,1,1,1,1,43,7,6700,2,7,3,1,3
2018100319085,1,9,0,5,0,1,0,0,0,0,1,1,1,1,45,7,1461,2,10,10,1,10
2018100319085,2,9,0,4,0,1,0,0,0,0,2,1,5,2,44,7,1984,1,15,4,1,4
2018100319123,1,9,0,18,0,0,0,0,0,0,1,1,1,1,67,10,1461,2,3,5,2,5
2018100319123,2,9,0,3,0,0,0,0,0,0,2,1,5,2,60,9,1999,2,1,10,1,10
2018100319134,1,9,0,12,0,1,0,0,0,0,1,1,6,3,20,4,-1,-1,-1,-1,-1,-1
2018100319134,2,3,0,18,0,4,2,0,0,0,2,1,6,1,26,6,125,1,4,5,1,5
2018100319164,1,1,0,12,4,0,5,0,0,0,2,1,6,2,24,5,-1,-1,-1,2,1,2
2018100319164,2,9,0,18,0,0,0,0,0,0,1,1,5,1,45,7,-1,-1,-1,3,1,3
2018100319281,1,1,0,18,9,1,5,0,0,0,1,1,5,2,31,6,-1,-1,-1,4,3,4
2018100319281,2,9,0,3,0,1,0,0,0,0,4,1,5,1,59,9,1798,1,1,3,1,3
2018100319314,1,9,0,9,0,1,0,0,0,0,3,1,5,1,55,8,1896,2,14,3,1,3
2018100319333,1,11,0,18,3,0,0,0,0,0,1,1,1,1,55,8,5900,2,9,-1,-1,-1
2018100319386,1,9,0,5,8,0,0,0,0,0,1,1,5,2,65,9,1388,1,8,5,2,5
2018100319386,2,9,0,18,0,0,0,0,0,0,1,1,5,2,74,10,-1,-1,-1,7,1,7
2018100319390,1,9,0,17,0,0,1,0,8,4,1,1,6,1,21,5,1398,2,11,8,1,8
2018100319393,1,19,0,5,0,4,0,0,0,0,3,1,1,1,30,6,1499,2,2,2,1,2
2018100319393,2,5,0,18,0,8,5,0,0,0,1,1,5,1,53,8,865,1,3,2,2,2
2018100319399,1,5,0,18,0,1,1,0,0,0,1,1,5,1,23,5,-1,-1,-1,-1,-1,-1
2018100319399,2,5,0,18,0,1,0,0,0,0,2,1,5,2,21,5,-1,-1,-1,-1,-1,-1
2018100319399,3,9,0,3,0,1,0,0,0,0,2,1,5,1,53,8,1998,1,15,7,2,7
2018100319427,1,9,0,18,0,1,0,12,0,0,1,1,5,1,69,10,1560,2,7,4,2,4
2018100319688,1,9,0,18,0,0,0,0,0,0,1,1,6,1,41,7,2996,2,9,5,1,5
2018100319688,2,9,0,3,0,0,0,0,0,0,2,1,5,2,52,8,4806,1,10,9,2,9
2018100319688,3,19,0,3,0,0,0,0,0,0,2,1,1,1,58,9,1968,2,1,10,1,10
2018100319694,1,17,4,18,0,2,0,0,0,0,3,1,1,1,53,8,6702,2,6,5,1,5
2018100319704,1,9,0,17,0,0,1,0,7,0,4,1,5,1,54,8,1598,1,13,-1,3,-1
2018100319704,2,21,1,18,0,0,0,0,1,0,1,1,1,1,54,8,10518,2,8,8,3,8
2018100319712,1,9,0,18,0,2,0,0,0,0,1,1,6,1,20,4,1753,2,12,1,1,1
2018100319712,2,9,0,3,0,2,0,0,0,0,2,1,6,2,19,4,996,1,6,2,1,2
2018100319715,1,9,0,18,0,0,0,0,0,0,1,1,6,2,50,8,1598,1,10,1,1,1
2018100319715,2,9,0,18,0,0,0,0,0,0,2,1,6,2,33,6,1496,2,3,5,1,5
2018100319715,3,9,0,18,0,0,0,0,0,0,2,1,6,2,70,10,1086,1,13,5,1,5
2018100319744,1,9,0,5,0,1,0,0,0,0,1,1,6,1,45,7,2000,2,7,-1,-1,-1
2018100319744,2,9,0,3,0,1,0,0,0,0,2,1,5,2,30,6,1364,1,11,10,-1,10
2018100319850,1,1,0,18,0,4,0,0,0,0,1,1,5,2,58,9,-1,-1,-1,4,1,4
2018100319855,1,9,0,18,0,3,0,0,0,0,4,1,5,2,71,10,1240,1,13,4,2,4
2018100319855,2,1,0,18,0,4,5,0,0,0,3,1,5,2,44,7,-1,-1,-1,9,1,9
2018100319870,1,9,0,18,0,1,0,0,0,0,1,1,6,3,16,4,1997,2,13,-1,-1,-1
2018100319870,2,9,0,3,0,1,0,0,0,0,2,1,5,2,45,7,2143,2,2,4,2,4
2018100319874,1,9,0,18,0,0,0,0,0,0,1,1,6,3,-1,-1,-1,-1,-1,-1,-1,-1
2018100319885,1,9,0,3,0,0,0,0,0,0,1,1,6,2,18,4,1197,1,1,8,1,8
2018100319885,2,9,0,3,0,0,0,0,0,0,2,1,5,1,45,7,1598,2,-1,1,1,1
2018100319914,1,9,0,17,0,1,0,4,0,0,1,1,5,1,17,4,1124,1,11,2,1,2
2018100319914,2,9,0,2,0,2,0,0,0,0,3,1,6,3,-1,-1,-1,-1,-1,-1,-1,-1
2018100319955,1,9,0,18,0,7,5,0,1,0,3,1,5,2,20,4,-1,-1,-1,7,1,7
2018100319955,2,9,0,17,0,5,1,10,1,0,1,1,5,1,46,8,2497,2,11,7,1,7
2018100319985,1,19,0,18,0,1,0,0,0,0,1,1,2,1,50,8,1997,2,2,2,1,2
2018100319985,2,9,0,18,0,1,0,0,0,0,1,1,5,2,83,11,998,1,16,5,2,5
2018100320037,1,98,0,15,0,0,0,0,0,0,0,1,6,3,-1,-1,-1,-1,-1,-1,-1,-1
2018100320037,2,1,0,18,0,0,1,0,1,0,0,1,5,1,49,8,-1,-1,-1,9,2,9
2018100320113,1,9,0,7,0,4,0,0,0,0,1,1,6,1,70,10,1598,2,1,3,1,3
2018100320113,2,1,0,18,0,3,0,0,0,0,4,1,2,1,46,8,-1,-1,-1,5,1,5
2018100320174,1,9,0,4,0,0,0,0,0,0,1,1,2,1,25,5,-1,-1,-1,2,3,2
2018100320174,2,9,0,4,0,0,0,0,1,0,2,1,5,2,36,7,1197,1,-1,2,1,2
2018100320199,1,11,0,18,0,0,0,0,0,0,0,1,1,1,56,9,6871,2,12,-1,-1,-1
2018100320201,1,98,0,7,0,1,0,0,0,0,2,1,6,1,50,8,-1,-1,-1,-1,-1,-1
2018100320201,2,98,0,18,0,8,0,0,0,0,3,1,1,1,38,7,-1,-1,-1,3,3,3
2018100320208,1,9,0,9,0,8,0,0,0,0,3,1,6,1,-1,-1,-1,-1,-1,-1,-1,-1
2018100320208,2,9,0,9,0,8,0,0,0,0,3,1,5,2,31,6,1799,1,6,2,1,2
2018100320487,1,3,0,16,0,0,2,0,0,0,4,1,5,1,37,7,125,1,1,-1,-1,-1
2018100320487,2,9,0,17,0,0,0,0,0,0,1,1,5,2,72,10,1200,1,2,-1,-1,-1
2018100320499,1,9,0,18,0,6,0,0,0,0,1,1,6,1,-1,-1,2993,2,10,-1,-1,-1
2018100320499,2,9,0,18,0,8,0,0,0,0,3,1,5,2,55,8,1995,2,7,8,1,8
2018100320564,1,9,0,18,0,2,0,0,0,0,1,1,5,2,21,5,1229,1,11,1,1,1
2018100320595,1,1,0,18,0,1,2,0,1,0,0,1,5,1,40,7,-1,-1,-1,5,1,5
2018100320595,2,21,5,5,0,2,0,0,0,0,0,1,1,1,63,9,12600,2,18,2,2,2
2018100320676,1,9,0,18,0,0,0,0,0,0,1,1,5,1,37,7,1497,1,14,2,1,2
2018100320677,1,9,0,18,0,0,0,0,0,0,3,1,1,1,36,7,1797,8,7,4,1,4
2018100320702,1,9,0,18,0,8,0,0,0,0,1,1,6,1,-1,-1,-1,-1,-1,-1,-1,-1
2018100320702,2,1,0,5,0,6,0,0,0,0,2,1,6,2,24,5,-1,-1,-1,5,3,5
2018100320713,1,9,0,1,0,0,0,0,0,0,2,1,5,2,34,6,1461,2,7,1,1,1
2018100320726,1,9,-1,18,0,0,0,0,3,11,-1,1,5,1,28,6,2967,2,5,3,1,3
2018100321055,1,9,0,1,0,0,0,0,0,0,2,1,5,1,51,8,1956,2,7,4,1,4
2018100321057,1,1,0,10,0,1,0,0,0,0,0,1,6,1,72,10,-1,-1,-1,10,1,10
2018100321057,2,9,0,9,0,1,0,0,0,0,3,1,5,1,58,9,1198,1,11,9,1,9
2018100321058,1,9,0,9,0,1,2,0,0,0,4,1,5,1,80,11,1497,8,-1,2,2,2
2018100321058,2,9,0,7,0,1,0,0,0,0,3,1,5,2,41,7,1995,2,2,10,-1,10
2018100321066,1,11,0,18,0,0,0,0,0,0,3,1,1,1,47,8,4249,2,2,-1,-1,-1
2018100321073,1,9,0,18,0,4,0,9,3,4,1,2,6,1,45,7,999,1,-1,2,2,2
2018100321151,1,9,0,5,0,3,0,0,0,0,3,1,6,2,48,8,1995,2,7,10,1,10
2018100321151,2,1,0,18,0,4,5,0,0,0,1,1,6,1,40,7,-1,-1,-1,9,1,9
2018100321191,1,5,0,18,0,1,1,0,0,0,1,1,5,1,50,8,781,1,20,10,1,10
2018100321191,2,9,0,18,0,2,0,0,1,0,1,1,5,2,60,9,1197,1,3,3,1,3
2018100321266,1,9,0,18,0,0,0,0,0,0,1,1,5,1,50,8,1598,1,13,2,1,2
2018100321266,2,9,0,3,0,0,0,0,0,0,2,1,5,1,30,6,1995,2,12,-1,-1,-1
2018100321266,3,9,0,3,0,0,0,0,0,0,2,1,5,2,57,9,1968,2,4,-1,-1,-1
2018100321397,1,9,0,18,0,4,0,0,0,0,1,1,6,2,51,8,-1,-1,-1,2,2,2
2018100321397,2,9,0,18,0,8,0,0,0,0,3,1,6,1,22,5,1596,1,4,8,2,8
2018100321421,1,19,0,18,0,2,0,0,0,0,1,1,6,1,34,6,2402,2,11,3,1,3
2018100321421,2,9,0,18,0,1,0,0,1,0,3,1,5,1,20,4,1461,2,2,10,1,10
2018100321437,1,9,0,18,0,1,1,0,0,0,1,1,5,1,22,5,1598,1,12,9,2,9
2018100321437,2,17,0,18,0,2,0,0,1,0,3,1,1,1,38,7,6056,2,1,5,3,5
2018100321500,1,5,0,15,0,8,0,0,0,0,4,1,5,1,51,8,599,1,19,1,1,1
2018100321500,2,9,0,7,0,8,0,0,0,0,4,1,5,2,22,5,1598,1,12,10,1,10
2018100321510,1,9,0,18,0,0,0,0,0,0,1,1,2,1,31,6,1956,2,7,2,1,2
2018100321510,2,9,0,18,0,0,0,0,0,0,1,1,2,2,58,9,1498,1,-1,7,1,7
2018100321528,1,9,0,18,0,0,0,0,0,0,1,1,1,1,43,7,1969,2,3,2,1,2
2018100321663,1,9,0,3,0,0,0,0,0,0,1,1,6,2,51,8,1597,2,3,5,1,5
2018100321663,2,9,0,3,0,0,0,0,0,0,2,1,6,1,75,10,1997,2,6,-1,-1,-1
2018100321698,1,21,1,18,0,0,0,0,0,0,1,1,1,1,55,8,11705,2,10,-1,-1,-1
2018100321698,2,9,0,18,0,0,0,0,0,0,2,1,6,1,71,10,1596,1,5,3,1,3
2018100321700,1,9,0,18,0,0,0,0,0,0,1,1,6,2,31,6,1968,2,3,8,3,8
2018100321700,2,9,0,18,0,0,0,0,0,0,2,1,6,1,22,5,1598,2,6,5,1,5
2018100321705,1,21,0,5,0,8,0,0,0,0,4,1,1,1,30,6,4580,2,-1,2,1,2