Accident_Index,Vehicle_Reference,Vehicle_Type,Towing_and_Articulation,Vehicle_Manoeuvre,Vehicle_Location-Restricted_Lane,Junction_Location,Skidding_and_Overturning,Hit_Object_in_Carriageway,Vehicle_Leaving_Carriageway,Hit_Object_off_Carriageway,1st_Point_of_Impact,Was_Vehicle_Left_Hand_Drive?,Journey_Purpose_of_Driver,Sex_of_Driver,Age_of_Driver,Age_Band_of_Driver,Engine_Capacity_(CC),Propulsion_Code,Age_of_Vehicle,Driver_IMD_Decile,Driver_Home_Area_Type,Vehicle_IMD_Decile
2018100321705,2,9,0,18,0,8,0,0,0,0,1,1,6,2,28,6,999,1,1,-1,-1,-1
2018100321722,1,9,0,18,0,3,0,0,0,0,1,1,5,1,37,7,1360,1,15,8,1,8
2018100321722,2,9,0,18,0,4,0,0,0,0,3,1,5,1,-1,-1,2401,2,16,1,1,1
2018100321730,1,5,0,5,0,1,0,0,0,0,1,1,6,1,16,4,600,1,25,-1,-1,-1
2018100321730,2,9,0,5,0,1,0,0,0,0,2,1,5,2,20,4,998,1,4,-1,-1,-1
2018100321741,1,9,0,13,0,0,0,0,0,0,1,1,2,1,35,6,1796,1,13,9,2,9
2018100321741,2,9,0,12,0,0,0,0,0,0,2,1,5,2,65,9,996,1,4,3,1,3
2018100321745,1,9,0,18,0,0,5,0,0,0,1,1,5,2,35,6,1242,1,4,4,2,4
2018100321745,2,9,0,2,0,0,0,0,0,0,1,1,6,3,-1,-1,-1,-1,-1,-1,-1,-1
2018100321745,3,90,0,18,0,0,0,0,0,0,3,1,1,1,57,9,-1,-1,-1,4,2,4
2018100321748,1,3,0,18,9,1,1,0,0,0,1,1,6,1,26,6,108,1,3,-1,-1,-1
2018100321748,2,9,0,3,0,2,0,0,0,0,4,1,5,2,68,10,1197,1,8,9,1,9
2018100321753,1,3,0,18,0,2,0,0,1,0,1,1,5,1,15,3,125,1,1,2,1,2
2018100321753,2,97,0,18,0,2,0,0,0,0,0,1,5,1,16,4,-1,-1,-1,-1,-1,-1
2018100321767,1,9,0,18,0,0,0,0,0,0,1,1,6,1,-1,-1,1364,1,9,-1,-1,-1
2018100321769,1,9,0,9,0,1,0,0,0,0,3,1,5,2,28,6,998,1,6,5,-1,5
2018100321769,2,9,0,18,0,1,1,0,1,0,1,1,5,1,18,4,1560,2,11,10,1,10
2018100321771,1,19,0,18,0,0,2,0,2,4,4,1,5,1,38,7,1248,2,13,-1,-1,-1
2018100321773,1,9,0,18,0,0,0,0,0,0,1,1,5,2,22,5,1242,1,-1,3,1,3
2018100321773,2,21,1,18,0,0,0,0,0,0,3,1,1,1,57,9,12902,2,-1,-1,1,-1
2018100321773,3,9,0,11,0,0,1,0,0,0,4,1,5,1,71,10,1200,1,3,2,1,2
2018100321806,1,5,0,18,0,0,0,0,0,0,3,1,5,1,35,6,599,1,21,4,1,4
2018100321806,2,9,0,18,0,0,0,0,0,0,1,1,5,2,61,9,1998,1,2,-1,-1,-1
2018100321811,1,9,0,13,0,0,0,0,0,0,0,1,6,3,-1,-1,1997,2,5,-1,-1,-1
2018100321811,2,9,0,18,0,0,0,0,0,0,0,1,6,1,48,8,-1,-1,-1,-1,-1,-1
2018100321819,1,9,0,12,0,0,0,0,0,0,3,1,6,2,-1,-1,1398,1,1,-1,-1,-1
2018100321819,2,9,0,18,0,0,0,0,0,0,3,1,6,2,63,9,999,1,4,-1,-1,-1
2018100321828,1,9,0,18,0,2,0,0,0,0,1,1,6,1,-1,-1,1390,1,17,-1,-1,-1
2018100321828,2,9,0,18,0,2,0,0,0,0,2,1,6,1,49,8,1584,1,8,2,1,2
2018100321891,1,19,0,14,0,1,0,0,0,0,1,1,1,1,37,7,1598,2,2,5,3,5
2018100321891,2,9,0,9,0,5,0,0,0,0,3,1,1,2,47,8,998,1,8,7,1,7
2018100321939,1,5,0,17,0,0,1,0,1,0,0,1,5,1,59,9,1037,1,1,-1,-1,-1
2018100321956,1,9,0,1,0,1,0,0,0,0,2,1,6,1,40,7,1997,2,11,4,2,4
2018100321956,2,9,0,7,0,1,0,0,0,0,0,1,6,3,-1,-1,-1,-1,-1,-1,-1,-1
2018100321974,1,9,0,18,0,1,0,0,0,0,1,1,6,1,61,9,1794,1,12,2,1,2
2018100321974,2,9,0,18,0,1,0,0,0,0,2,1,6,2,25,5,1995,2,10,5,1,5
2018100322205,1,9,0,18,0,1,0,0,0,0,1,1,5,1,30,6,1968,2,7,10,2,10
2018100322205,2,9,0,10,0,1,0,0,0,0,2,1,5,1,70,10,998,1,-1,6,1,6
2018100322211,1,9,0,13,0,8,0,0,7,0,4,1,2,2,23,5,1461,2,4,7,2,7
2018100322211,2,1,0,9,0,8,5,0,0,0,3,1,5,2,48,8,-1,-1,-1,-1,1,-1
2018100322212,1,9,0,4,0,1,0,0,0,0,1,1,5,1,19,4,1248,2,12,7,1,7
2018100322212,2,9,0,3,0,1,0,0,0,0,2,1,5,2,51,8,1461,2,3,5,1,5
2018100322220,1,9,0,9,0,6,0,0,0,0,1,1,2,2,58,9,1197,1,2,5,-1,5
2018100322220,2,9,0,18,0,1,0,0,0,0,1,1,5,2,62,9,1598,1,-1,5,3,5
2018100322299,1,9,0,3,0,2,0,0,0,0,1,1,6,1,20,4,1360,1,15,-1,-1,-1
2018100322299,2,9,0,3,0,2,0,0,0,0,2,1,6,1,72,10,2494,8,1,-1,-1,-1
2018100322487,1,1,0,18,9,0,0,0,0,0,1,1,6,1,-1,-1,-1,-1,-1,-1,-1,-1
2018100322503,1,9,0,3,0,1,0,0,0,0,1,1,5,1,58,9,1596,1,15,7,1,7
2018100322503,2,9,0,10,0,1,0,0,0,0,2,1,5,1,48,8,1968,2,3,-1,-1,-1
2018100322594,1,9,0,5,0,4,0,0,0,0,1,1,5,1,57,9,1995,2,3,10,3,10
2018100322594,2,9,0,3,0,1,0,0,0,0,2,1,5,1,50,8,1242,1,5,-1,-1,-1
2018100322687,1,9,0,17,0,0,0,0,0,0,1,1,6,2,57,9,998,1,-1,9,2,9
2018100322692,1,9,0,17,0,0,0,7,1,10,1,1,5,1,42,7,-1,-1,-1,1,1,1
2018100322692,2,1,0,5,0,0,0,0,0,0,1,1,6,1,5,1,-1,-1,-1,-1,-1,-1
2018100322943,1,1,0,14,0,0,5,4,0,0,1,1,6,1,61,9,-1,-1,-1,8,1,8
2018100322943,2,9,0,2,0,0,0,0,0,0,2,1,6,3,-1,-1,-1,-1,-1,-1,-1,-1
2018100322951,1,9,0,18,0,0,0,0,0,0,1,1,6,2,30,6,1598,2,1,2,1,2
2018100322951,2,9,0,12,0,0,0,0,0,0,4,1,6,1,18,4,1328,1,12,-1,-1,-1
2018100322952,1,11,0,18,0,0,0,0,0,0,1,1,1,1,57,9,6692,2,6,9,1,9
2018100322969,1,97,0,13,0,0,0,0,0,0,1,1,6,1,20,4,-1,-1,-1,-1,-1,-1
2018100323003,1,19,0,18,0,0,1,10,8,7,1,1,2,1,35,6,1560,2,3,-1,3,-1
2018100323003,2,9,0,18,0,0,0,0,2,7,1,1,5,1,63,9,1396,1,7,-1,1,-1
2018100323023,1,9,0,9,0,1,0,0,0,0,1,1,5,2,46,8,1968,2,8,1,1,1
2018100323023,2,3,0,18,0,8,0,0,0,0,3,1,6,1,18,4,125,1,9,4,1,4
2018100323038,1,9,0,1,0,0,0,0,0,0,2,1,6,1,70,10,-1,-1,-1,-1,-1,-1
2018100323252,1,9,0,10,0,1,0,0,0,0,4,1,6,2,69,10,998,1,-1,9,1,9
2018100323252,2,9,0,13,0,1,1,0,4,0,1,1,5,2,25,5,1198,1,12,2,1,2
2018100323292,1,9,0,4,0,1,0,0,0,0,4,1,5,2,21,5,1242,1,4,8,2,8
2018100323292,2,9,0,10,0,1,0,0,0,0,0,1,6,2,53,8,1329,1,5,-1,-1,-1
2018100323293,1,21,1,5,0,0,0,0,0,0,3,1,1,1,50,8,12777,2,1,5,2,5
2018100323300,1,9,0,18,0,2,0,0,0,0,1,1,6,1,32,6,2148,2,12,5,1,5
2018100323302,1,5,0,18,0,0,0,0,0,0,4,1,6,1,65,9,1170,1,20,-1,-1,-1
2018100323358,1,9,0,9,0,8,0,0,0,0,1,1,6,1,25,5,-1,-1,-1,-1,-1,-1
2018100323358,2,1,0,17,0,8,0,0,0,0,3,1,1,1,17,4,-1,-1,-1,-1,-1,-1
2018100323375,1,21,1,1,0,8,0,4,0,0,2,1,1,1,35,6,12419,2,3,-1,1,-1
2018100323375,2,5,0,2,0,8,5,0,0,0,1,1,6,2,68,10,745,1,4,-1,2,-1
2018100323375,3,5,0,2,0,8,5,0,0,0,1,1,6,1,64,9,745,1,4,-1,2,-1
2018100323376,1,9,0,18,0,8,0,0,0,0,1,1,6,1,20,4,998,1,3,2,1,2
2018100323376,2,19,0,18,0,8,5,0,0,0,3,1,6,1,27,6,2198,2,11,-1,-1,-1
2018100323381,1,1,0,18,0,0,0,0,0,0,4,1,5,2,48,8,-1,-1,-1,10,1,10
2018100323381,2,9,0,13,0,0,0,0,0,0,0,1,6,1,67,10,2198,2,9,4,2,4
2018100323381,3,1,0,18,0,0,0,0,0,0,2,1,5,1,33,6,-1,-1,-1,4,2,4
2018100323383,1,9,0,4,9,0,0,0,0,0,4,1,5,1,39,7,1364,1,12,-1,-1,-1
2018100323405,1,9,0,18,0,2,0,0,0,0,4,1,2,1,42,7,1596,1,10,9,1,9
2018100323437,1,8,0,5,0,0,0,0,0,0,4,1,1,1,71,10,1910,2,9,10,1,10
2018100323465,1,9,0,18,0,1,0,0,0,0,1,1,6,3,-1,-1,-1,-1,-1,-1,-1,-1
2018100323465,2,9,0,5,0,8,0,0,0,0,2,1,2,2,54,8,1399,1,1,1,1,1
2018100323473,1,9,0,18,0,8,1,0,0,0,1,1,5,2,53,8,1229,1,12,4,1,4
2018100323479,1,9,0,14,0,0,0,4,0,0,1,1,2,1,50,8,-1,-1,-1,4,1,4
2018100323479,2,9,0,2,0,0,0,0,1,0,2,1,5,1,65,9,1968,2,1,5,2,5
2018100323541,1,9,0,13,0,0,0,0,0,0,1,1,5,1,27,6,1396,1,22,3,1,3
2018100323541,2,9,0,18,0,0,0,0,0,0,1,1,1,1,48,8,1275,1,20,1,1,1
2018100323573,1,19,0,1,9,2,0,0,0,0,0,1,1,1,52,8,2143,2,4,-1,-1,-1
2018100323578,1,9,0,7,0,1,0,0,0,0,3,1,6,1,47,8,1229,1,4,-1,-1,-1
2018100323578,2,1,0,7,0,1,0,0,0,0,1,1,6,1,65,9,-1,-1,-1,-1,-1,-1
2018100323591,1,1,0,18,0,0,2,0,0,0,1,1,6,2,18,4,-1,-1,-1,-1,-1,-1
2018100323591,2,11,0,18,0,0,0,0,0,0,3,1,1,1,42,7,6700,2,10,8,1,8
2018100323617,1,9,0,18,0,5,0,0,0,0,1,1,6,3,30,6,1497,1,15,-1,-1,-1
2018100324108,1,9,0,9,0,8,0,0,0,0,1,1,1,2,57,9,1598,1,8,6,1,6
2018100324108,2,9,0,16,0,8,1,0,0,0,1,1,1,1,35,6,-1,-1,-1,5,3,5
2018100324135,1,9,0,4,0,4,0,0,0,0,1,1,6,1,-1,-1,-1,-1,-1,-1,-1,-1
2018100324135,2,1,0,12,0,4,5,0,0,0,3,1,2,1,39,7,-1,-1,-1,1,1,1
2018100324190,1,9,0,18,0,0,0,0,0,0,1,1,6,2,-1,-1,-1,-1,-1,-1,-1,-1
2018100324264,1,9,0,18,0,1,0,0,0,0,1,1,6,3,-1,-1,-1,-1,-1,-1,-1,-1
2018100324441,1,9,0,11,0,0,0,0,0,0,4,1,6,1,55,8,2495,2,12,-1,-1,-1
2018100324441,2,9,0,18,0,0,0,0,1,0,3,1,5,1,37,7,1984,1,12,2,1,2
2018100324481,1,19,0,18,0,4,0,0,0,0,1,1,6,1,-1,-1,2402,2,15,-1,-1,-1
2018100324481,2,9,0,9,0,3,0,0,0,0,4,1,6,1,61,9,1368,1,12,4,3,4
2018100324624,1,9,0,18,0,8,0,0,3,0,4,1,1,3,40,7,-1,-1,-1,-1,-1,-1
2018100324636,1,9,0,18,9,0,0,0,0,0,4,1,2,2,19,4,998,1,5,1,1,1
2018100324636,2,19,0,5,9,0,0,0,0,0,1,1,1,1,31,6,1800,2,16,8,1,8
2018100324716,1,9,0,5,0,4,0,0,0,0,1,1,6,1,42,7,1968,2,8,10,1,10
2018100324716,2,1,0,18,0,3,0,0,0,0,4,1,5,2,52,8,-1,-1,-1,8,2,8
2018100324942,1,9,0,9,0,1,0,0,0,0,1,1,6,2,41,7,-1,3,7,3,1,3
2018100324942,2,9,0,7,0,1,0,0,0,0,1,1,6,1,24,5,2497,2,11,3,1,3
2018100324944,1,9,0,16,0,0,1,10,0,0,3,1,6,2,19,4,1199,1,15,1,1,1
2018100324944,2,9,0,17,0,0,0,0,0,0,1,1,5,1,67,10,1398,1,5,6,2,6
2018100324995,1,9,0,18,0,8,0,0,0,0,1,1,2,2,51,8,1968,2,4,2,1,2
2018100324995,2,1,0,18,0,8,1,0,0,0,1,1,5,1,7,2,-1,-1,-1,2,1,2
2018100325002,1,1,0,18,0,8,0,0,0,0,4,1,6,1,21,5,-1,-1,-1,3,1,3
2018100325002,2,9,0,5,0,6,0,0,0,0,1,1,6,2,63,9,1598,1,7,8,1,8
2018100325023,1,9,0,18,0,0,0,0,0,0,4,1,5,2,50,8,1461,2,1,9,1,9
2018100325028,1,1,0,18,0,0,0,0,0,0,1,1,6,1,15,3,-1,-1,-1,5,2,5
2018100325028,2,9,0,18,0,0,0,0,0,0,4,1,6,2,38,7,1896,2,11,5,2,5
2018100325139,1,9,0,9,0,0,0,0,0,0,3,1,1,2,44,7,1496,2,2,8,1,8
2018100325139,2,11,0,18,0,0,0,0,0,0,4,1,1,1,56,9,6692,2,9,2,1,2
2018100325225,1,9,0,4,0,8,0,0,0,0,1,1,1,1,42,7,1598,2,3,-1,-1,-1
2018100325238,1,98,0,4,0,1,0,4,0,0,1,1,6,1,30,6,-1,-1,-1,-1,-1,-1
2018100325238,2,9,0,3,0,1,0,0,0,0,2,1,6,1,40,7,1968,2,11,-1,-1,-1
2018100325246,1,9,0,4,0,0,0,4,0,0,1,1,6,1,41,7,998,1,8,3,2,3
2018100325246,2,9,0,3,0,0,0,0,0,0,2,1,2,2,61,9,996,1,6,5,2,5
2018100325253,1,9,0,12,0,0,0,0,0,0,0,1,2,1,49,8,2268,2,5,2,1,2
2018100325253,2,9,0,18,0,0,1,0,2,7,1,1,5,1,23,5,1598,2,1,7,2,7
2018100325325,1,19,0,4,0,0,0,0,0,0,1,1,1,1,20,4,2198,2,7,-1,-1,-1
2018100325325,2,19,0,3,0,0,0,0,0,0,2,1,6,1,29,6,2198,2,8,3,1,3
2018100325335,1,9,0,5,0,6,0,0,0,0,4,1,6,1,30,6,2967,2,10,-1,-1,-1
2018100325335,2,9,0,18,0,8,0,0,0,0,4,1,5,2,23,5,998,1,4,4,1,4
2018100325351,1,9,0,4,0,0,0,0,0,0,1,1,1,2,39,7,998,1,2,2,1,2
2018100325351,2,9,0,4,0,0,0,0,0,0,2,1,6,2,45,7,1242,1,2,2,1,2
2018100325351,3,9,0,4,0,0,0,0,0,0,2,1,6,1,50,8,1995,2,1,-1,1,-1
2018100325371,1,9,0,18,0,1,0,0,0,0,3,1,6,3,30,6,-1,-1,-1,-1,-1,-1
2018100325394,1,1,0,5,0,0,0,0,0,0,1,1,6,1,15,3,-1,-1,-1,-1,-1,-1
2018100325394,2,9,0,18,0,0,0,0,0,0,1,1,5,2,19,4,1124,1,14,1,1,1
2018100325411,1,9,0,18,0,0,0,0,0,0,1,1,5,2,42,7,1560,2,8,10,2,10
2018100325411,2,9,0,16,0,0,0,0,0,0,1,1,5,1,57,9,1796,1,10,8,1,8
2018100325431,1,9,0,18,0,0,0,0,0,0,1,1,1,1,62,9,2967,2,3,10,1,10
2018100325557,1,9,0,4,0,1,0,0,0,0,1,1,6,1,-1,-1,2720,2,12,-1,-1,-1
2018100325557,2,9,0,3,0,1,0,0,0,0,2,1,6,2,26,6,1461,2,1,3,1,3
2018100325588,1,9,0,18,0,0,0,0,0,0,1,1,6,2,60,9,998,1,8,4,1,4
2018100325617,1,11,0,3,0,1,0,0,0,0,0,1,1,1,49,8,6700,2,10,9,1,9
2018100325710,1,9,0,2,0,1,0,0,0,0,2,1,6,1,16,4,1560,2,4,-1,-1,-1
2018100325710,2,98,0,4,0,1,0,0,0,0,1,1,1,2,24,5,-1,-1,-1,-1,-1,-1
2018100325811,1,9,0,18,0,8,0,0,0,0,4,1,5,1,35,6,1997,2,1,6,1,6
2018100325976,1,9,0,4,9,0,0,0,0,0,4,1,6,1,-1,-1,999,1,2,-1,-1,-1
2018100325976,2,1,0,18,9,0,0,0,0,0,1,1,1,2,20,4,-1,-1,-1,2,1,2
2018100325988,1,19,0,18,0,1,0,0,0,0,1,1,6,1,30,6,1870,2,13,-1,-1,-1
2018100325988,2,9,0,3,0,1,0,0,0,0,2,1,6,2,30,6,1560,2,4,3,1,3
2018100326172,1,9,0,4,0,1,0,0,0,0,0,1,6,3,-1,-1,1499,2,1,-1,-1,-1
2018100326172,2,9,0,4,0,1,0,0,0,0,0,1,6,1,-1,-1,-1,-1,-1,-1,-1,-1
2018100326172,3,9,0,4,0,1,0,0,0,0,2,1,6,1,-1,-1,-1,-1,-1,-1,-1,-1
2018100326172,4,9,0,4,0,1,0,0,0,0,2,1,5,1,17,4,999,1,3,9,1,9
2018100326185,1,9,0,18,0,0,0,0,0,0,1,1,5,1,52,8,1956,2,5,-1,-1,-1
2018100326185,2,9,0,3,0,0,0,0,0,0,2,1,5,1,61,9,1896,2,16,10,1,10
2018100326185,3,9,0,3,0,0,0,0,0,0,2,1,5,2,56,9,1950,2,1,-1,-1,-1
2018100326195,1,9,0,7,0,2,0,0,0,0,1,1,5,1,31,6,1950,2,1,2,1,2
2018100326195,2,9,0,9,2,5,0,0,0,0,1,1,5,1,32,6,1968,2,5,4,1,4
2018100326202,1,9,0,4,0,0,0,0,0,0,1,1,6,1,23,5,1560,2,10,6,1,6
2018100326202,2,9,0,12,0,0,0,0,0,0,2,1,5,1,58,9,1560,2,3,3,-1,3
2018100326202,3,9,0,3,0,0,0,0,0,0,2,1,6,2,37,7,1968,2,1,1,1,1
2018100326248,1,9,0,18,0,0,5,4,0,0,1,1,6,1,36,7,1595,1,9,7,1,7
2018100326248,2,9,0,2,0,0,0,0,0,0,3,1,6,3,-1,-1,-1,-1,-1,-1,-1,-1
2018100326280,1,9,0,7,0,3,0,0,0,0,0,1,1,2,41,7,1598,2,3,10,1,10
2018100326280,2,5,0,7,0,3,1,0,0,0,0,1,1,1,34,6,649,1,4,1,1,1
2018100326575,1,9,0,18,0,1,0,0,0,0,1,1,6,1,24,5,1560,2,13,-1,-1,-1
2018100326575,2,9,0,4,0,1,0,0,0,0,2,1,6,2,45,7,1560,2,8,4,1,4
2018100326600,1,9,0,9,0,1,0,0,0,0,1,1,6,3,-1,-1,1997,2,14,-1,-1,-1
2018100326600,2,9,0,18,0,1,0,0,0,0,1,1,6,1,33,6,1995,1,13,2,1,2
2018100326603,1,1,0,18,0,2,0,0,0,0,1,1,5,1,24,5,-1,-1,-1,2,1,2
2018100326603,2,8,0,2,0,2,0,0,0,0,2,1,1,1,54,8,1968,2,3,3,1,3
2018100326617,1,5,0,13,0,8,1,0,0,0,1,1,2,1,35,6,998,1,16,5,1,5
2018100326617,2,9,0,5,0,8,0,0,0,0,3,1,5,1,23,5,1332,1,-1,9,1,9
2018100326622,1,9,0,18,9,8,0,0,1,0,1,1,3,2,60,9,1560,2,4,7,1,7
2018100326622,2,9,0,2,0,8,0,0,0,0,2,1,3,1,37,7,2000,2,6,1,1,1
2018100326631,1,9,0,3,0,1,0,0,0,0,1,1,6,1,48,8,2204,2,12,1,1,1
2018100326631,2,9,0,3,0,1,0,0,0,0,2,1,6,1,27,6,1461,2,1,1,1,1
2018100326652,1,9,0,9,0,5,0,0,0,0,3,1,5,2,36,7,1998,2,12,7,2,7
2018100326652,2,3,0,13,0,5,2,0,0,0,3,1,5,1,24,5,125,1,4,7,2,7
2018100326719,1,9,0,5,0,0,0,0,0,0,0,1,5,1,59,9,1968,2,4,10,1,10
2018100326719,2,5,0,14,0,0,2,0,0,0,0,1,2,1,54,8,750,1,17,10,1,10
2018100326829,1,9,0,5,0,6,0,0,0,0,4,1,5,2,56,9,1399,2,9,-1,-1,-1
2018100326840,1,9,0,18,0,0,0,0,0,0,1,1,5,1,42,7,1956,2,1,10,2,10
2018100326994,1,3,0,13,0,8,5,0,0,0,1,1,6,1,22,5,-1,-1,-1,2,1,2
2018100326994,2,-1,0,7,0,6,0,0,0,0,1,1,5,2,38,7,-1,-1,-1,7,1,7
2018100326994,3,-1,0,18,0,8,0,0,0,0,3,1,6,1,30,6,-1,-1,-1,3,1,3
2018100327002,1,9,0,7,0,1,0,0,1,0,4,1,5,1,61,9,898,1,5,1,1,1
2018100327191,1,9,0,18,0,1,0,0,0,0,1,1,6,1,-1,-1,1248,2,5,4,1,4
2018100327191,2,9,0,18,0,8,0,0,0,0,4,1,6,1,73,10,998,1,-1,9,1,9
2018100327210,1,11,0,4,0,0,0,0,0,0,0,1,1,1,61,9,-1,-1,-1,2,1,2
2018100327231,1,9,0,7,0,2,0,0,0,0,0,1,6,1,-1,-1,-1,-1,-1,-1,-1,-1
2018100327235,1,5,0,16,0,3,0,0,0,0,1,1,5,1,60,9,1690,1,6,7,1,7
2018100327235,2,9,0,18,0,1,0,0,0,0,1,1,2,2,49,8,1198,1,4,8,1,8
2018100327423,1,11,0,18,0,0,0,0,0,0,0,1,1,1,59,9,4500,2,7,1,1,1
2018100327427,1,9,0,1,9,0,0,0,0,0,0,1,5,2,39,7,1398,1,4,1,1,1
2018100327427,2,11,0,18,0,0,0,0,0,0,0,1,1,1,46,8,6370,2,5,4,1,4
2018100327429,1,9,0,18,0,0,0,0,0,0,3,1,6,1,-1,-1,-1,-1,-1,-1,-1,-1
2018100327429,2,9,0,18,0,0,0,0,0,0,3,1,5,1,18,4,1149,1,6,2,2,2
2018100327460,1,9,0,15,6,3,0,0,0,0,3,1,6,3,-1,-1,-1,-1,-1,-1,-1,-1
2018100327460,2,9,0,18,0,3,0,0,0,0,4,1,6,1,17,4,1198,1,15,8,1,8
2018100327534,1,19,0,1,0,0,0,0,0,0,3,1,6,1,33,6,2400,2,16,-1,-1,-1
2018100327534,2,9,0,18,0,0,0,0,0,0,4,1,5,1,24,5,-1,-1,-1,4,1,4
2018100327601,1,9,0,13,0,4,0,0,0,0,1,1,6,3,16,4,199,2,15,-1,-1,-1
2018100327601,2,9,0,9,0,4,0,0,0,0,1,1,5,2,61,9,1598,2,3,9,1,9
2018100327610,1,9,0,9,0,8,0,0,0,0,1,1,6,1,70,10,-1,-1,-1,-1,-1,-1
2018100327615,1,1,0,13,0,1,2,0,0,0,0,1,5,1,48,8,-1,-1,-1,4,1,4
2018100327615,2,9,0,9,0,1,0,0,0,0,0,1,5,2,18,4,1229,1,4,3,1,3
2018100327619,1,9,0,18,0,0,0,0,0,0,4,1,5,1,12,3,-1,-1,-1,3,2,3
2018100327619,2,9,0,18,0,0,0,0,0,0,1,1,5,2,26,6,1388,1,13,6,1,6
2018100327630,1,9,0,9,0,1,0,0,0,0,1,1,1,1,24,5,1499,1,-1,2,1,2
2018100327630,2,11,0,18,0,1,0,0,0,0,3,1,1,1,49,8,9000,2,11,2,1,2
2018100327634,1,9,0,18,0,8,0,0,1,1,1,1,5,1,44,7,1900,2,13,1,1,1
2018100327634,2,9,0,9,0,1,0,0,0,0,4,1,5,1,25,5,1968,2,3,3,1,3
2018100327639,1,9,0,18,0,4,0,0,0,0,3,1,2,1,61,9,1242,1,5,1,1,1
2018100327639,2,9,0,18,0,3,0,0,0,0,1,1,2,1,32,6,2996,1,1,2,1,2
2018100327646,1,9,0,4,0,0,0,0,0,0,1,1,6,2,30,6,-1,-1,-1,-1,-1,-1
2018100327646,2,3,0,4,0,0,0,0,0,0,1,1,1,1,37,7,125,1,-1,1,1,1
2018100327650,1,9,0,18,0,1,0,0,0,0,1,1,2,2,20,4,999,1,3,10,1,10
2018100327650,2,9,0,2,0,1,0,0,0,0,2,1,1,1,50,8,1753,2,9,3,1,3
2018100327655,1,3,0,18,0,2,0,0,7,0,1,1,5,1,21,5,-1,-1,-1,3,1,3
2018100327655,2,9,0,5,0,1,0,0,0,0,3,1,1,1,45,7,1461,2,10,1,1,1
2018100327657,1,10,0,4,0,0,0,0,0,0,1,1,1,1,48,8,2402,2,15,2,1,2
2018100327657,2,9,0,4,0,0,0,0,0,0,2,1,2,2,24,5,1197,1,6,2,1,2
2018100327657,3,9,0,3,0,0,0,0,0,0,2,1,2,2,44,7,1368,1,3,4,1,4
2018100327657,4,90,0,18,0,0,0,0,0,0,1,1,6,3,-1,-1,-1,-1,-1,-1,-1,-1
2018100327666,1,9,0,18,0,0,0,0,0,0,1,1,6,1,31,6,1198,1,5,9,1,9
2018100327666,2,1,0,18,0,0,0,0,0,0,1,1,6,1,93,11,-1,-1,-1,3,1,3
2018100327684,1,9,0,18,0,0,0,0,0,0,2,1,6,1,44,7,1199,1,4,-1,-1,-1
2018100327684,2,1,0,18,0,0,0,0,0,0,0,1,2,1,42,7,-1,-1,-1,10,1,10
2018100327728,1,9,0,18,0,1,0,0,0,0,1,1,6,2,36,7,1248,1,8,6,1,6
2018100327728,2,9,0,4,0,1,0,0,0,0,2,1,6,1,37,7,1560,2,9,2,1,2
2018100327741,1,9,0,4,9,1,0,0,0,0,1,1,6,3,30,6,-1,-1,-1,-1,-1,-1
2018100327878,1,9,0,17,0,0,2,0,1,11,4,1,2,1,24,5,1149,1,13,-1,-1,-1
2018100328083,1,9,0,18,0,8,0,0,0,0,1,1,6,1,-1,-1,-1,-1,-1,-1,-1,-1
2018100328083,2,9,0,3,0,3,0,0,0,0,2,1,2,2,21,5,1124,1,11,8,1,8
2018100328095,1,8,0,7,0,8,0,0,0,0,1,1,1,1,40,7,1896,2,17,4,1,4
2018100328127,1,11,0,18,2,0,0,0,0,0,0,1,1,1,56,9,6700,2,5,3,1,3
2018100328182,1,1,0,18,0,6,0,0,0,0,1,1,6,1,43,7,-1,-1,-1,2,1,2
2018100328182,2,9,0,8,0,1,0,0,0,0,4,1,6,2,55,8,1149,1,10,-1,-1,-1
2018100328365,1,9,0,18,0,8,0,0,0,0,3,1,5,1,85,11,1198,1,6,5,3,5
2018100328365,2,21,0,18,0,8,0,0,0,0,1,1,1,1,53,8,12902,2,-1,7,3,7
2018100328494,1,9,0,18,0,0,0,0,0,0,1,1,6,1,26,6,1364,1,9,10,1,10
2018100328494,2,9,0,18,0,0,0,0,0,0,1,1,6,2,52,8,1950,2,-1,3,1,3
2018100328556,1,9,0,18,0,0,0,0,0,0,3,1,6,3,40,7,1598,1,10,-1,-1,-1
2018100328601,1,9,0,18,0,3,0,0,0,0,1,1,6,3,-1,-1,-1,-1,-1,-1,-1,-1
2018100328601,2,9,0,18,0,4,0,0,0,0,3,1,2,2,29,6,1242,1,3,-1,-1,-1
2018100328631,1,9,0,1,0,0,0,0,0,0,2,1,1,1,44,7,1910,2,11,5,1,5
2018100328631,2,9,0,5,0,0,0,0,0,0,4,1,1,2,31,6,-1,-1,-1,8,1,8
2018100328672,1,9,0,18,0,1,0,0,0,0,1,1,2,2,46,8,1560,2,3,5,1,5
2018100328672,2,9,0,18,0,1,0,0,0,0,2,1,2,2,55,8,1329,1,2,3,2,3
2018100328679,1,4,0,18,0,0,0,0,0,0,4,1,5,1,73,10,373,1,4,5,1,5
2018100328679,2,9,0,12,0,0,0,0,0,0,3,1,5,1,27,6,1399,1,-1,-1,-1,-1
2018100328781,1,9,0,18,0,0,0,0,0,0,1,1,6,1,25,5,1596,1,14,8,2,8