Accident_Index,Vehicle_Reference,Vehicle_Type,Towing_and_Articulation,Vehicle_Manoeuvre,Vehicle_Location-Restricted_Lane,Junction_Location,Skidding_and_Overturning,Hit_Object_in_Carriageway,Vehicle_Leaving_Carriageway,Hit_Object_off_Carriageway,1st_Point_of_Impact,Was_Vehicle_Left_Hand_Drive?,Journey_Purpose_of_Driver,Sex_of_Driver,Age_of_Driver,Age_Band_of_Driver,Engine_Capacity_(CC),Propulsion_Code,Age_of_Vehicle,Driver_IMD_Decile,Driver_Home_Area_Type,Vehicle_IMD_Decile
2018100334581,1,9,0,18,0,0,2,10,0,0,1,1,5,1,20,4,1598,2,3,1,1,1
2018100334581,2,9,0,18,0,0,0,0,1,0,2,1,6,1,20,4,1398,2,11,8,1,8
2018100334581,3,9,0,18,0,0,0,0,0,0,1,1,6,2,27,6,1598,1,15,2,1,2
2018100334583,1,9,0,3,0,1,0,0,0,0,1,1,6,1,35,6,1124,1,11,-1,-1,-1
2018100334583,2,1,0,18,0,6,0,0,0,0,1,1,2,1,19,4,-1,-1,-1,2,1,2
2018100334618,1,21,1,18,0,0,0,0,0,0,1,1,1,1,56,9,12777,2,3,9,1,9
2018100334618,2,21,1,18,0,0,0,0,0,0,2,1,1,1,44,7,12900,2,6,1,1,1
2018100334629,1,9,0,7,0,1,1,0,0,0,1,1,1,1,-1,-1,1896,2,17,7,1,7
2018100334654,1,5,0,18,0,0,2,0,0,0,3,1,2,1,28,6,899,1,20,7,2,7
2018100334660,1,9,0,5,0,6,0,0,0,0,1,1,5,1,87,11,1396,1,9,7,3,7
2018100334660,2,5,0,18,0,8,0,10,7,0,1,1,5,2,50,8,645,1,11,7,2,7
2018100334671,1,9,0,13,0,3,0,0,0,0,4,1,5,1,68,10,1951,2,14,1,2,1
2018100334671,2,1,0,18,0,8,0,0,0,0,3,1,5,1,67,10,-1,-1,-1,1,1,1
2018100334762,1,9,0,5,0,2,0,0,0,0,3,1,5,2,49,8,1248,1,4,7,3,7
2018100334762,2,9,0,18,0,1,0,0,0,0,1,1,5,2,36,7,1998,7,14,2,1,2
2018100334982,1,9,0,16,0,0,0,0,0,0,1,1,5,2,24,5,1229,1,-1,3,1,3
2018100334982,2,9,0,17,0,0,0,0,0,0,1,1,2,1,27,6,1910,2,12,4,2,4
2018100334987,1,19,0,2,0,0,0,0,0,0,2,1,6,3,-1,-1,-1,-1,-1,-1,-1,-1
2018100334987,2,1,0,18,0,0,0,4,0,0,1,1,6,1,56,9,-1,-1,-1,3,1,3
2018100334995,1,9,0,18,0,1,0,0,0,0,1,1,5,1,45,7,1753,2,14,4,1,4
2018100334995,2,9,0,3,0,1,0,0,0,0,2,1,5,1,67,10,1995,2,2,8,1,8
2018100334995,3,9,0,10,0,1,0,0,0,0,2,1,1,1,46,8,1991,8,-1,6,3,6
2018100335067,1,90,0,9,0,1,0,0,0,0,1,1,1,1,60,9,1116,2,2,3,1,3
2018100335067,2,9,0,18,0,1,0,0,0,0,1,1,5,1,66,10,1991,2,6,6,1,6
2018100335089,1,9,0,5,0,0,0,0,0,0,1,1,1,1,63,9,1910,2,13,-1,-1,-1
2018100335160,1,9,0,2,0,2,0,0,0,0,3,1,5,1,42,7,998,1,5,3,1,3
2018100335160,2,1,0,18,0,2,5,4,0,0,1,1,6,1,25,5,-1,-1,-1,-1,-1,-1
2018100335225,1,9,0,5,0,5,0,0,0,0,4,1,6,1,56,9,1598,2,2,1,1,1
2018100335225,2,1,0,5,0,5,0,0,1,0,3,1,6,1,20,4,-1,-1,-1,-1,-1,-1
2018100335252,1,9,0,4,0,0,0,4,0,0,1,1,3,1,45,7,1956,2,4,2,1,2
2018100335252,2,9,0,3,0,0,0,0,0,0,2,1,3,2,56,9,-1,-1,-1,8,1,8
2018100335254,1,8,0,18,0,0,0,0,0,0,1,1,1,1,37,7,1968,2,11,1,1,1
2018100335317,1,8,0,6,0,0,0,0,0,0,1,1,1,2,47,8,1598,2,6,2,1,2
2018100335322,1,9,0,6,0,8,0,0,0,0,4,1,6,1,19,4,1598,1,13,5,2,5
2018100335322,2,9,0,18,0,1,0,0,0,0,1,1,5,1,81,11,1560,2,11,7,1,7
2018100335324,1,9,0,18,0,0,2,7,4,6,4,1,5,1,52,8,-1,-1,-1,6,1,6
2018100335324,2,9,0,18,0,0,1,0,0,0,3,1,5,2,27,6,1248,1,-1,2,3,2
2018100335324,3,9,0,18,0,0,0,0,0,0,1,1,5,1,60,9,1498,1,7,3,1,3
2018100335332,1,9,0,10,0,1,0,0,1,0,1,1,6,1,58,9,1968,2,7,9,1,9
2018100335332,2,9,0,18,0,1,2,7,1,0,4,1,6,1,29,6,1794,1,12,2,1,2
2018100335335,1,9,0,9,0,5,0,0,0,0,4,1,5,1,65,9,1999,1,12,4,1,4
2018100335335,2,1,0,18,0,8,0,0,0,0,1,1,5,1,39,7,-1,-1,-1,10,1,10
2018100335338,1,9,0,18,0,0,0,0,0,0,1,1,5,2,38,7,2179,2,5,4,3,4
2018100335394,1,9,0,7,0,3,1,11,4,0,1,1,5,1,25,5,1329,1,9,2,2,2
2018100335396,1,8,0,18,0,1,0,0,0,0,1,1,1,1,37,7,1968,2,12,2,1,2
2018100335399,1,9,0,18,0,8,0,0,0,0,1,1,6,1,48,8,1999,2,2,5,3,5
2018100335399,2,9,0,7,0,8,0,0,0,0,4,1,2,1,39,7,1956,2,4,3,1,3
2018100335413,1,9,0,18,0,0,1,10,1,11,1,1,5,1,17,4,1229,1,5,4,1,4
2018100335413,2,9,0,18,0,0,0,0,0,0,0,1,5,3,20,4,-1,-1,-1,-1,-1,-1
2018100335416,1,9,0,7,0,4,0,0,0,0,1,1,5,2,30,6,998,1,5,-1,-1,-1
2018100335430,1,9,0,9,0,0,0,0,0,0,4,1,6,1,-1,-1,-1,-1,-1,-1,-1,-1
2018100335430,2,9,0,18,0,0,0,0,0,0,4,1,6,1,59,9,-1,-1,-1,-1,-1,-1
2018100335442,1,9,0,18,0,0,0,0,0,0,4,1,6,1,48,8,1796,1,13,5,1,5
2018100335445,1,9,0,4,0,0,0,0,0,0,1,1,5,1,58,9,1686,2,14,-1,-1,-1
2018100335454,1,11,0,2,0,0,0,0,0,0,4,1,1,1,56,9,-1,-1,-1,5,1,5
2018100335530,1,9,0,7,0,8,0,0,0,0,0,1,6,3,-1,-1,-1,-1,-1,-1,-1,-1
2018100335534,1,19,0,17,0,0,1,0,0,0,1,1,6,1,24,5,1598,2,10,6,2,6
2018100335534,2,9,0,18,0,0,0,0,8,4,1,1,5,2,49,8,999,1,3,2,1,2
2018100335553,1,19,0,14,0,8,0,0,0,0,1,1,6,1,35,6,2198,2,12,-1,-1,-1
2018100335553,2,9,0,18,0,1,0,0,0,0,3,1,5,1,50,8,1396,1,8,4,2,4
2018100335579,1,9,0,9,0,2,0,0,0,0,3,1,6,2,60,9,1600,2,8,10,1,10
2018100335579,2,9,0,18,0,1,0,0,0,0,4,1,5,2,36,7,1968,2,8,4,1,4
2018100335744,1,9,0,4,0,1,0,0,0,0,1,1,5,1,28,6,1598,1,16,3,1,3
2018100335744,2,9,0,3,0,1,0,0,0,0,2,1,5,2,35,6,1796,1,14,5,1,5
2018100335756,1,9,0,10,0,0,0,0,0,0,1,1,6,1,80,11,1560,2,8,4,1,4
2018100335756,2,1,0,18,0,0,0,0,0,0,0,1,6,1,29,6,-1,-1,-1,1,1,1
2018100335796,1,9,0,18,0,1,0,0,0,0,1,1,2,1,20,4,1499,1,1,1,3,1
2018100335796,2,9,0,3,0,4,0,0,0,0,2,1,6,1,47,8,1598,2,1,9,1,9
2018100335803,1,9,0,18,0,8,0,0,0,0,1,1,2,1,34,6,1956,2,8,2,1,2
2018100335803,2,9,0,18,0,8,5,0,1,0,4,1,6,2,29,6,1598,1,11,1,1,1
2018100335845,1,9,0,9,0,5,0,0,0,0,1,1,2,1,44,7,1461,2,1,9,1,9
2018100335886,1,9,-1,9,0,8,-1,-1,-1,0,-1,1,6,1,28,6,2993,2,1,5,1,5
2018100335886,2,9,-1,18,0,8,-1,-1,-1,0,-1,1,6,1,18,4,1560,2,9,9,1,9
2018100336151,1,9,0,18,0,0,0,0,0,0,1,1,6,1,30,6,-1,-1,-1,-1,-1,-1
2018100336151,2,9,0,12,0,0,0,0,0,0,4,1,6,1,30,6,1900,2,12,5,1,5
2018100336181,1,9,0,18,0,6,0,0,0,0,1,1,1,1,30,6,1598,2,4,1,1,1
2018100336240,1,9,0,5,0,6,0,0,0,0,1,1,5,2,55,8,1968,2,4,8,2,8
2018100336240,2,1,0,18,0,8,0,0,0,0,1,1,6,1,27,6,-1,-1,-1,5,2,5
2018100336279,1,19,0,18,0,1,0,0,0,0,1,1,6,1,71,10,2198,2,11,4,1,4
2018100336279,2,10,0,18,0,1,0,0,0,0,4,1,1,2,51,8,-1,-1,-1,1,1,1
2018100336336,1,9,0,12,0,7,0,0,0,0,1,1,2,2,52,8,1560,2,2,-1,-1,-1
2018100336336,2,9,0,12,0,7,0,0,0,0,2,1,6,2,54,8,1386,1,12,1,1,1
2018100336412,1,9,0,18,0,2,0,0,0,0,1,1,5,2,82,11,1242,1,2,1,1,1
2018100336412,2,9,0,3,0,2,0,0,0,0,1,1,6,1,34,6,1896,2,16,2,1,2
2018100336512,1,9,0,18,0,1,0,0,0,0,1,1,6,1,20,4,2000,2,13,-1,-1,-1
2018100336512,2,9,0,1,0,1,0,0,0,0,2,1,5,1,41,7,1753,2,10,4,2,4
2018100336517,1,9,0,18,0,0,1,0,0,0,3,1,6,1,51,8,1870,2,12,8,1,8
2018100336517,2,21,1,11,0,0,1,0,0,0,4,1,1,1,60,9,12900,2,4,6,1,6
2018100336557,1,9,0,4,0,1,0,0,0,0,1,1,6,1,-1,-1,-1,-1,-1,-1,-1,-1
2018100336557,2,9,0,4,0,1,0,0,0,0,0,1,5,1,39,7,1794,1,13,4,1,4
2018100336558,1,9,0,9,0,8,0,0,0,0,4,1,5,1,59,9,1998,2,9,4,1,4
2018100336558,2,1,0,18,0,1,0,0,0,0,1,1,2,2,57,9,-1,-1,-1,5,1,5
2018100336560,1,9,0,4,9,0,0,0,0,0,0,1,1,1,37,7,1598,2,4,-1,-1,-1
2018100336566,1,19,0,9,0,8,0,0,7,0,4,1,1,1,31,6,2198,2,4,1,1,1
2018100336566,2,9,0,18,0,1,2,0,2,5,1,1,2,1,29,6,2400,2,9,4,1,4
2018100336576,1,19,0,7,0,8,0,0,0,0,1,1,5,1,51,8,2143,2,8,1,1,1
2018100336576,2,22,0,5,0,8,5,0,0,0,3,1,5,2,91,11,-1,-1,-1,2,1,2
2018100336597,1,9,0,18,0,1,0,4,0,0,1,1,5,2,17,4,1242,1,5,5,1,5
2018100336597,2,9,0,2,0,1,0,4,0,0,2,1,6,1,85,11,1995,2,10,10,1,10
2018100336597,3,9,0,2,0,1,0,0,0,0,2,1,6,3,-1,-1,-1,-1,-1,-1,-1,-1
2018100336607,1,1,0,18,0,0,0,0,0,0,3,1,6,1,29,6,-1,-1,-1,3,1,3
2018100336607,2,9,0,18,0,0,0,0,0,0,4,1,2,2,49,8,1349,1,6,6,1,6
2018100336636,1,9,0,18,0,2,0,0,0,0,1,1,6,2,22,5,1198,1,5,6,1,6
2018100336656,1,9,0,5,0,6,0,0,0,0,1,1,5,1,22,5,-1,-1,-1,-1,-1,-1
2018100336656,2,11,0,5,0,6,0,0,0,0,1,1,1,1,45,7,4500,2,7,1,1,1
2018100336678,1,11,0,9,0,8,0,0,0,0,0,1,1,1,38,7,9000,2,11,8,1,8
2018100336826,1,9,0,18,0,4,0,0,0,0,1,1,5,2,55,8,1200,1,3,4,1,4
2018100336826,2,1,0,18,0,8,5,0,0,0,4,1,5,1,72,10,-1,-1,-1,10,1,10
2018100336894,1,9,0,6,0,0,0,0,7,0,1,1,5,2,54,8,1956,2,2,7,1,7
2018100336897,1,9,0,4,0,0,0,0,0,0,2,1,6,2,29,6,1560,2,7,-1,-1,-1
2018100336897,2,9,0,5,0,0,0,0,0,0,1,1,6,1,77,11,1242,1,7,4,1,4
2018100336903,1,9,0,18,0,1,0,0,0,0,1,1,5,2,20,4,999,1,-1,10,1,10
2018100336908,1,9,0,7,0,8,0,0,0,0,4,1,5,1,79,11,1242,1,7,7,1,7
2018100336912,1,9,0,18,0,1,0,0,0,0,1,1,1,1,55,8,1598,2,3,3,1,3
2018100336912,2,9,0,4,0,1,0,0,0,0,2,1,1,1,27,6,1896,2,12,2,1,2
2018100336951,1,9,0,9,0,1,0,0,0,0,1,1,6,2,60,9,1242,1,6,7,1,7
2018100336951,2,1,0,17,0,1,2,0,0,0,1,1,5,2,45,7,-1,-1,-1,6,1,6
2018100336964,1,3,0,11,0,0,1,0,0,0,1,1,6,1,-1,-1,125,1,2,-1,-1,-1
2018100336964,2,9,0,5,0,0,0,0,0,0,1,1,5,1,41,7,1043,1,26,1,1,1
2018100336980,1,9,0,18,0,3,0,0,0,0,2,1,6,2,56,9,1086,1,15,10,2,10
2018100336980,2,9,0,18,0,3,0,0,0,0,1,1,6,1,33,6,1368,1,8,5,1,5
2018100337185,1,9,0,5,0,4,0,0,0,0,1,1,6,2,49,8,1968,2,1,5,2,5
2018100337185,2,9,0,3,0,4,0,0,0,0,2,1,5,2,26,6,1329,1,3,5,3,5
2018100337210,1,9,0,3,0,0,0,0,0,0,1,1,5,2,53,8,1560,2,7,2,1,2
2018100337210,2,9,0,3,0,0,0,0,0,0,2,1,6,1,38,7,-1,-1,-1,-1,-1,-1
2018100337221,1,9,0,18,0,8,0,0,0,0,1,1,6,2,39,7,-1,-1,-1,6,1,6
2018100337221,2,9,0,18,0,8,0,0,0,0,4,1,2,1,36,7,1598,1,12,4,1,4
2018100337224,1,9,0,7,0,0,0,0,1,10,3,1,5,1,78,11,1596,1,16,1,1,1
2018100337224,2,9,0,18,0,0,0,0,0,0,4,1,5,1,38,7,2926,2,13,4,1,4
2018100337236,1,9,0,9,0,8,0,0,0,0,0,1,5,2,26,6,1598,1,16,2,1,2
2018100337236,2,1,0,18,0,1,5,10,1,0,0,1,2,1,47,8,-1,-1,-1,7,1,7
2018100337268,1,9,0,18,0,0,1,0,2,4,1,1,2,2,19,4,998,1,6,-1,-1,-1
2018100337294,1,-1,0,18,0,1,0,0,0,0,1,1,6,2,40,7,-1,-1,-1,-1,-1,-1
2018100337294,2,9,0,3,0,1,0,0,0,0,2,1,5,1,30,6,-1,-1,-1,1,1,1
2018100337307,1,9,0,10,0,1,0,0,0,0,3,1,5,2,28,6,1995,2,2,8,1,8
2018100337307,2,9,0,17,0,1,0,0,0,0,1,1,5,1,37,7,1595,2,8,8,1,8
2018100337312,1,9,0,18,0,8,0,0,0,0,2,1,6,3,-1,-1,-1,-1,-1,-1,-1,-1
2018100337312,2,9,0,13,0,8,0,0,0,0,1,1,5,1,65,9,1598,2,3,10,2,10
2018100337340,1,9,0,18,0,0,0,0,0,0,1,1,5,1,52,8,2184,2,13,1,1,1
2018100337340,2,9,0,4,0,0,0,0,0,0,2,1,5,1,45,7,1299,1,13,2,2,2
2018100337340,3,9,0,3,0,0,0,0,0,0,2,1,5,1,51,8,1461,2,1,7,2,7
2018100337381,1,9,0,9,0,3,0,0,0,0,1,1,5,1,39,7,1396,2,5,2,1,2
2018100337381,2,1,0,18,0,4,0,0,0,0,4,1,6,1,27,6,-1,-1,-1,1,1,1
2018100337388,1,8,0,13,0,0,0,0,0,0,4,1,6,3,-1,-1,-1,-1,-1,-1,-1,-1
2018100337388,2,1,0,18,0,0,0,0,0,0,3,1,6,1,51,8,-1,-1,-1,-1,-1,-1
2018100337416,1,9,0,9,0,8,0,0,0,0,1,1,6,1,61,9,1968,2,1,6,1,6
2018100337416,2,4,0,15,0,8,5,0,0,0,1,1,6,1,35,6,249,1,5,7,1,7
2018100337457,1,9,0,5,0,2,0,0,0,0,1,1,1,1,24,5,1968,2,10,-1,-1,-1
2018100337549,1,9,0,18,0,7,0,0,0,0,4,1,5,1,74,10,1396,1,16,7,-1,7
2018100337915,1,9,0,18,9,0,0,10,1,4,1,1,5,2,24,5,1084,1,-1,3,1,3
2018100338180,1,1,0,18,0,0,0,0,0,0,1,1,5,1,7,2,-1,-1,-1,3,1,3
2018100338180,2,9,0,18,0,0,0,0,0,0,1,1,5,2,34,6,1400,1,12,4,1,4
2018100338257,1,9,0,5,0,2,0,0,0,0,1,1,6,1,16,4,1229,1,4,-1,-1,-1
2018100338257,2,9,0,18,0,1,0,0,0,0,4,1,6,1,51,8,1598,2,1,4,1,4
2018100338281,1,9,0,13,0,0,0,0,0,0,1,1,5,1,43,7,-1,-1,-1,6,3,6
2018100338281,2,9,0,18,0,0,0,0,0,0,1,1,5,2,47,8,1968,2,2,9,1,9
2018100338297,1,9,0,4,0,1,0,0,0,0,1,1,1,2,25,5,1560,2,6,4,1,4
2018100338297,2,1,0,18,9,1,0,0,0,0,2,1,4,2,15,3,-1,-1,-1,5,1,5
2018100338298,1,9,0,5,0,0,0,0,0,0,1,1,5,1,49,8,1685,2,-1,4,-1,4
2018100338738,1,98,0,18,0,8,0,0,0,0,4,1,6,1,-1,-1,-1,-1,-1,-1,-1,-1
2018100338965,1,9,0,5,0,4,0,0,0,0,1,1,2,1,36,7,1149,1,16,4,1,4
2018100338965,2,3,0,5,0,4,0,0,0,0,2,1,6,1,27,6,125,1,8,1,1,1
2018100339000,1,9,0,18,0,0,5,0,8,4,1,1,5,1,75,10,1968,2,8,5,3,5
2018100339054,1,8,0,5,0,0,0,0,0,0,1,1,6,3,-1,-1,-1,-1,-1,-1,-1,-1
2018100339062,1,9,0,5,0,2,0,0,0,0,1,1,6,1,74,10,1896,2,12,4,1,4
2018100339062,2,9,-1,18,0,8,0,0,0,0,-1,1,1,1,28,6,-1,-1,-1,2,1,2
2018100339065,1,19,0,4,0,0,0,0,0,0,1,1,6,1,-1,-1,2198,2,5,-1,-1,-1
2018100339065,2,9,0,4,0,0,0,0,0,0,2,1,6,1,52,8,1968,2,9,3,2,3
2018100339184,1,9,0,5,0,2,0,0,0,0,1,1,6,3,-1,-1,-1,-1,-1,-1,-1,-1
2018100339184,2,9,0,18,0,2,0,0,0,0,4,1,6,1,20,4,1364,1,12,8,1,8
2018100339213,1,9,0,18,0,1,0,0,0,0,4,1,6,2,45,7,1968,2,1,-1,-1,-1
2018100339213,2,9,0,18,0,1,0,0,0,0,1,1,5,1,57,9,1997,2,8,2,1,2
2018100339261,1,9,0,18,0,3,0,0,0,0,1,1,6,1,25,5,999,1,2,5,1,5
2018100339261,2,9,0,18,0,3,0,0,0,0,4,1,6,1,32,6,1560,2,14,3,1,3
2018100339279,1,9,0,13,0,0,0,0,0,0,1,1,6,3,34,6,-1,-1,-1,-1,-1,-1
2018100339279,2,9,0,6,0,0,0,0,0,0,2,1,6,2,23,5,1388,1,6,7,1,7
2018100339282,1,9,0,18,0,0,0,4,0,0,1,1,2,1,25,5,1598,2,4,-1,-1,-1
2018100339282,2,9,0,3,0,0,0,4,0,0,2,1,2,2,19,4,999,1,1,-1,-1,-1
2018100339282,3,9,0,3,0,0,0,0,0,0,0,1,1,1,55,8,1598,2,2,-1,-1,-1
2018100339308,1,9,0,5,0,0,0,0,0,0,1,1,5,2,29,6,998,1,5,1,1,1
2018100339319,1,9,0,18,0,8,1,0,0,0,3,1,1,1,64,9,1995,2,1,-1,-1,-1
2018100339319,2,9,0,18,0,8,0,0,0,0,1,1,6,2,20,4,1199,1,-1,2,1,2
2018100339328,1,9,0,18,4,0,0,8,0,0,1,1,6,1,-1,-1,-1,-1,-1,-1,-1,-1
2018100339328,2,1,0,2,0,0,0,0,0,0,3,1,1,2,29,6,-1,-1,-1,4,1,4
2018100339332,1,9,0,2,0,0,0,0,0,0,3,1,5,1,-1,-1,-1,-1,-1,-1,-1,-1
2018100339332,2,1,0,14,0,0,0,0,0,0,1,1,6,1,27,6,-1,-1,-1,1,1,1
2018100339338,1,9,0,17,0,0,2,0,1,0,1,1,6,1,17,4,1229,1,8,5,1,5
2018100339370,1,9,0,18,0,0,1,0,0,0,1,1,6,1,-1,-1,1596,1,17,-1,-1,-1
2018100339370,2,9,0,18,0,0,0,0,0,0,1,1,1,1,31,6,1997,2,14,-1,-1,-1
2018100339371,1,9,0,18,0,1,0,0,0,0,1,1,6,1,-1,-1,-1,-1,-1,-1,-1,-1
2018100339371,2,9,0,3,0,1,0,0,0,0,2,1,5,2,24,5,999,1,6,1,1,1
2018100339375,1,9,0,18,0,0,1,0,4,6,1,1,5,1,21,5,998,1,12,5,1,5
2018100339375,2,9,0,4,0,0,0,0,0,0,2,1,5,1,30,6,999,1,4,5,1,5
2018100339395,1,8,0,1,0,5,0,0,0,0,2,1,1,1,40,7,1968,2,3,-1,-1,-1
2018100339397,1,19,0,17,0,0,2,0,0,0,1,1,6,1,37,7,1968,2,8,5,1,5
2018100339397,2,9,0,18,0,0,0,0,0,0,1,1,6,1,32,6,1598,2,-1,2,2,2
2018100339397,3,9,0,18,0,0,0,0,0,0,4,1,6,1,65,9,2967,2,2,-1,1,-1
2018100339403,1,9,0,17,0,0,1,7,0,0,3,1,1,2,24,5,1995,2,5,8,3,8
2018100339429,1,20,0,1,0,0,0,0,0,0,2,1,1,3,-1,-1,-1,-1,-1,-1,-1,-1
2018100339443,1,9,0,15,0,1,0,0,0,0,4,1,6,3,-1,-1,-1,-1,-1,-1,-1,-1
2018100339443,2,1,0,9,0,1,2,0,0,0,1,1,1,1,36,7,-1,-1,-1,7,1,7
2018100339452,1,9,0,5,0,8,0,0,0,0,3,1,5,1,51,8,-1,-1,-1,-1,-1,-1
2018100339452,2,1,0,18,0,1,0,0,0,0,1,1,5,1,51,8,-1,-1,-1,4,2,4
2018100339464,1,9,0,18,0,0,0,0,8,0,1,1,2,2,46,8,1364,1,11,9,1,9
2018100339478,1,9,0,16,0,0,2,0,7,11,3,1,5,1,20,4,1999,1,11,4,1,4
2018100339498,1,3,0,18,0,0,0,0,0,0,1,1,1,1,30,6,125,1,-1,5,1,5
2018100339498,2,9,0,4,0,0,0,0,0,0,2,1,5,1,28,6,1798,1,1,4,1,4
2018100339498,3,9,0,1,0,0,0,0,0,0,0,1,6,2,20,4,1397,1,10,8,1,8
2018100339663,1,21,1,18,0,0,0,0,0,0,2,1,1,1,59,9,12902,2,5,9,1,9
2018100339663,2,9,0,18,0,0,0,0,0,0,1,1,6,1,29,6,1968,2,1,8,1,8
2018100339663,3,9,0,18,0,0,0,0,0,0,2,1,6,1,22,5,1598,2,1,3,1,3
2018100339663,4,9,0,18,0,0,0,0,0,0,2,1,6,2,42,7,1560,2,5,5,2,5
2018100339663,5,9,0,18,0,0,0,0,0,0,1,1,6,2,30,6,1198,1,1,3,1,3
2018100339663,6,9,0,18,0,0,0,0,0,0,1,1,6,1,22,5,1197,1,1,1,1,1
2018100339694,1,5,0,4,0,1,2,0,0,0,3,1,2,1,54,8,745,1,1,7,1,7
2018100339706,1,9,0,5,0,1,0,0,0,0,1,1,5,2,18,4,1240,1,12,8,1,8
2018100339706,2,9,0,18,0,1,0,0,0,0,1,1,5,1,69,10,1997,2,11,7,2,7
2018100339731,1,90,0,1,9,0,0,0,0,0,2,1,6,3,40,7,-1,-1,-1,-1,-1,-1
2018100339774,1,9,0,7,0,5,0,0,0,0,1,1,5,1,50,8,898,1,1,3,1,3
2018100339774,2,1,0,18,0,8,0,0,0,0,1,1,5,1,10,2,-1,-1,-1,1,1,1
2018100339842,1,9,-1,2,6,0,0,0,0,0,0,1,6,3,-1,-1,-1,-1,-1,-1,-1,-1
2018100339842,2,1,0,2,6,0,0,0,0,0,0,1,2,1,19,4,-1,-1,-1,5,1,5
2018100339917,1,9,0,18,0,0,0,0,0,0,1,1,6,3,-1,-1,-1,-1,-1,-1,-1,-1
2018100339917,2,1,0,18,0,0,0,0,0,0,1,1,2,1,27,6,-1,-1,-1,6,1,6
2018100339988,1,9,0,16,0,3,0,0,0,0,3,1,5,2,19,4,1149,1,10,3,2,3
2018100339988,2,9,0,10,0,1,0,0,0,0,3,1,5,1,29,6,1598,2,3,2,1,2
2018100340057,1,8,0,18,0,0,0,0,0,0,4,1,1,3,21,5,-1,-1,-1,-1,-1,-1
2018100340116,1,9,0,18,0,0,0,0,1,0,1,1,5,2,27,6,1798,1,14,1,1,1
2018100340116,2,21,0,18,0,0,0,0,0,0,2,1,1,1,52,8,6700,2,-1,7,3,7
2018100340155,1,21,1,2,0,0,3,0,7,11,1,1,1,1,52,8,12740,2,5,1,1,1
2018100340155,2,9,0,18,0,0,5,0,1,11,1,1,5,2,72,10,1968,2,-1,10,2,10
2018100340361,1,9,0,4,0,4,0,0,0,0,0,1,6,3,30,6,-1,-1,-1,-1,-1,-1
2018100340361,2,11,0,5,0,4,0,0,0,0,0,1,1,2,24,5,6692,2,9,-1,-1,-1
2018100340431,1,9,0,1,0,0,0,0,0,0,2,1,5,1,68,10,2967,1,16,1,1,1
2018100340462,1,9,0,18,0,2,0,0,0,0,4,1,6,2,70,10,1398,1,2,5,3,5
2018100340462,2,9,0,18,0,1,0,0,1,0,1,1,5,1,56,9,1499,1,-1,8,2,8
2018100340468,1,9,0,16,0,0,1,0,7,0,1,1,5,1,20,4,1398,1,1,7,1,7
2018100340468,2,9,0,17,0,0,0,0,1,0,1,1,1,1,22,5,1598,2,5,5,1,5
2018100340490,1,11,0,2,2,0,0,0,0,0,0,1,5,1,40,7,-1,-1,-1,-1,-1,-1
2018100340498,1,9,0,18,0,8,0,0,0,0,3,1,6,2,-1,-1,-1,-1,-1,-1,-1,-1
2018100340498,2,11,0,18,0,8,0,0,0,0,1,1,1,1,55,8,4250,2,10,9,1,9
2018100340513,1,9,0,18,0,0,0,0,0,0,4,1,6,1,42,7,1798,1,10,10,3,10
2018100340637,1,9,0,18,0,0,0,0,0,0,1,1,6,2,-1,-1,1598,1,7,2,1,2
2018100340637,2,9,0,3,0,0,0,0,0,0,2,1,6,2,46,8,2987,2,11,1,1,1
2018100340689,1,9,0,5,0,1,0,0,0,0,3,1,6,3,-1,-1,-1,-1,-1,-1,-1,-1
2018100340689,2,1,0,16,0,1,0,0,0,0,1,1,5,1,25,5,-1,-1,-1,1,1,1
2018100340702,1,9,0,6,0,0,0,0,0,0,1,1,6,3,-1,-1,1753,2,11,-1,-1,-1
2018100340707,1,9,0,18,0,2,0,0,0,0,1,1,5,1,19,4,-1,-1,-1,1,1,1
2018100340707,2,9,0,3,0,2,0,0,0,0,2,1,2,2,31,6,1242,1,8,4,1,4
2018100340709,1,9,0,5,0,6,0,0,0,0,0,1,5,2,67,10,1597,2,2,5,-1,5
2018100340709,2,9,0,18,0,1,2,0,2,0,1,1,1,1,30,6,1896,2,14,6,2,6
2018100340709,3,9,4,18,0,1,0,0,0,0,1,1,5,1,46,8,-1,-1,-1,8,2,8
2018100340740,1,19,0,18,0,3,0,0,0,0,1,1,6,1,55,8,1870,2,15,9,2,9
2018100340740,2,9,0,18,0,1,0,0,0,0,3,1,5,2,78,11,1240,1,11,4,1,4
2018100340773,1,90,0,18,0,8,0,0,0,0,1,1,6,1,42,7,-1,-1,-1,3,1,3
2018100340773,2,9,0,4,0,2,0,0,0,0,2,1,5,1,74,10,1124,1,15,2,1,2
2018100340774,1,21,0,18,0,6,0,0,0,0,1,1,1,1,37,7,7201,2,9,4,2,4
2018100340774,2,3,0,18,0,8,0,0,1,0,3,1,6,1,39,7,125,1,-1,1,1,1
2018100340787,1,9,0,7,0,1,0,0,0,0,1,1,2,1,21,5,-1,-1,-1,-1,-1,-1
2018100340787,2,3,0,18,0,1,0,0,0,0,1,1,6,1,19,4,124,1,5,-1,-1,-1