Accident_Index,Vehicle_Reference,Vehicle_Type,Towing_and_Articulation,Vehicle_Manoeuvre,Vehicle_Location-Restricted_Lane,Junction_Location,Skidding_and_Overturning,Hit_Object_in_Carriageway,Vehicle_Leaving_Carriageway,Hit_Object_off_Carriageway,1st_Point_of_Impact,Was_Vehicle_Left_Hand_Drive?,Journey_Purpose_of_Driver,Sex_of_Driver,Age_of_Driver,Age_Band_of_Driver,Engine_Capacity_(CC),Propulsion_Code,Age_of_Vehicle,Driver_IMD_Decile,Driver_Home_Area_Type,Vehicle_IMD_Decile
2018110277996,1,9,0,16,0,0,0,0,1,11,4,1,5,1,36,7,1560,2,8,8,1,8
2018110278048,1,9,0,18,0,0,0,0,0,0,1,1,5,1,65,9,1956,2,8,4,1,4
2018110278502,1,9,0,18,0,1,0,0,0,0,1,1,6,1,24,5,1198,1,2,1,1,1
2018110278502,2,9,0,2,0,1,0,0,0,0,4,1,6,2,21,5,1149,1,10,3,1,3
2018110278502,3,9,0,18,0,8,0,0,0,0,1,1,6,1,36,7,1685,2,-1,9,1,9
2018110278502,4,9,0,18,0,1,0,0,0,0,2,1,6,1,53,8,4163,1,7,8,1,8
2018110278502,5,9,0,18,0,1,0,0,0,0,1,1,6,1,39,7,1781,1,16,2,2,2
2018110278502,6,9,0,18,0,1,0,0,0,0,3,1,6,2,27,6,1685,2,1,8,1,8
2018110278502,7,9,0,18,0,1,0,0,0,0,2,1,6,1,39,7,1896,2,10,3,1,3
2018110278502,8,9,0,18,0,8,0,0,0,0,1,1,6,2,37,7,1598,2,3,-1,-1,-1
2018110278612,1,9,0,18,0,8,1,0,8,0,4,1,5,1,27,6,1910,2,8,5,1,5
2018110278612,2,11,0,18,0,8,0,0,0,0,3,1,1,1,61,9,4250,2,13,3,3,3
2018110278635,1,9,0,17,0,0,1,0,0,0,1,1,5,1,47,8,2494,1,14,1,1,1
2018110278635,2,19,0,16,0,0,0,0,0,0,1,1,1,1,26,6,-1,-1,-1,2,1,2
2018110279218,1,9,0,9,0,8,0,0,0,0,0,1,6,1,18,4,1108,1,8,10,1,10
2018110279218,2,19,0,18,0,1,0,10,0,0,0,1,5,1,49,8,1499,2,4,8,1,8
2018110279267,1,9,0,7,0,8,0,0,0,0,3,1,6,2,20,4,1995,2,7,4,1,4
2018110279267,2,3,0,18,0,8,5,0,0,0,1,1,6,1,21,5,124,1,3,5,3,5
2018110279282,1,9,0,18,0,0,2,0,0,0,4,1,6,1,30,6,1497,1,14,-1,-1,-1
2018110279348,1,9,0,18,0,0,0,4,0,0,1,1,6,1,31,6,1686,2,7,4,1,4
2018110279348,2,9,0,2,0,0,0,0,0,0,2,1,6,2,29,6,1598,1,9,5,2,5
2018110279348,3,9,0,2,0,0,0,0,0,0,1,1,6,1,63,9,1496,1,1,8,1,8
2018110279348,4,9,0,2,9,0,0,0,0,0,1,1,6,1,29,6,1390,1,19,4,1,4
2018110279415,1,9,0,18,0,0,0,0,0,0,1,1,5,1,19,4,-1,-1,-1,1,2,1
2018110279415,2,11,0,5,0,0,0,0,0,0,0,1,1,1,56,9,6700,2,16,6,2,6
2018110279735,1,9,0,5,0,8,0,0,0,0,1,1,1,1,53,8,1968,2,11,1,1,1
2018110279810,1,9,0,18,0,0,0,0,0,0,1,1,5,2,33,6,1596,1,12,3,2,3
2018110279810,2,1,0,18,0,0,0,0,1,0,2,1,5,1,27,6,-1,-1,-1,4,-1,4
2018110279930,1,9,0,13,0,8,0,0,0,0,1,1,6,1,18,4,998,1,6,7,3,7
2018110279930,2,9,0,9,0,8,0,0,0,0,3,1,6,2,56,9,1796,1,11,1,3,1
2018110279979,1,9,0,13,0,8,0,0,0,0,1,1,6,1,30,6,2993,2,8,6,1,6
2018110279979,2,9,0,18,0,8,0,0,0,0,1,1,5,2,30,6,1499,2,1,5,1,5
2018110279981,1,9,0,14,0,0,0,0,0,0,1,1,6,3,-1,-1,-1,-1,-1,-1,-1,-1
2018110279981,2,11,0,2,0,0,0,0,0,0,0,1,1,1,47,8,4250,2,16,1,2,1
2018110280082,1,9,0,18,0,0,1,0,0,0,3,1,1,1,20,4,1399,2,6,1,1,1
2018110280082,2,9,0,18,0,0,0,0,1,0,3,1,6,2,21,5,1199,1,4,10,1,10
2018110280114,1,9,0,18,0,8,0,0,0,0,1,1,6,3,20,4,1299,1,12,-1,-1,-1
2018110280114,2,9,0,9,0,8,0,0,0,0,4,1,6,1,19,4,1360,1,10,2,2,2
2018110280147,1,9,0,18,0,0,0,0,0,0,4,1,6,1,33,6,999,1,1,8,3,8
2018110280179,1,9,0,16,0,0,0,0,0,0,1,1,5,1,88,11,2435,1,18,5,1,5
2018110280179,2,9,0,4,0,0,0,0,0,0,2,1,5,1,54,8,1360,1,15,1,1,1
2018110280272,1,9,0,18,0,0,0,0,0,0,1,1,5,1,70,10,1968,2,10,6,3,6
2018110280272,2,9,0,4,0,0,0,0,0,0,2,1,5,1,50,8,1951,2,12,3,1,3
2018110280272,3,9,0,13,0,0,0,0,0,0,0,1,1,2,30,6,1248,2,5,9,1,9
2018110280304,1,98,0,16,0,8,0,0,0,0,4,1,6,3,30,6,-1,-1,-1,-1,-1,-1
2018110280353,1,21,0,13,0,0,0,0,0,0,0,1,1,1,29,6,12742,2,-1,9,3,9
2018110280353,2,16,0,18,0,0,0,0,0,0,0,1,6,2,28,6,-1,-1,-1,4,3,4
2018110280544,1,9,0,7,0,8,0,0,0,0,1,1,6,2,19,4,1229,1,9,4,1,4
2018110280544,2,9,0,18,0,8,0,0,0,0,4,1,6,1,28,6,1499,1,1,3,1,3
2018110281224,1,9,0,3,0,0,0,0,0,0,2,1,6,3,50,8,1461,2,4,-1,-1,-1
2018110281224,2,9,0,3,0,0,0,0,0,0,0,1,6,1,56,9,1560,2,3,9,1,9
2018110281275,1,9,0,7,0,8,0,0,0,0,4,1,6,3,-1,-1,-1,-1,-1,-1,-1,-1
2018110281275,2,1,0,18,0,8,0,0,0,0,1,1,6,1,55,8,-1,-1,-1,10,1,10
2018110281309,1,9,0,18,0,1,0,0,0,0,1,1,6,3,-1,-1,1596,1,10,-1,-1,-1
2018110281309,2,9,0,10,0,1,0,0,0,0,2,1,5,1,31,6,1596,1,10,-1,-1,-1
2018110281415,1,11,0,14,0,0,0,0,0,0,4,1,1,1,38,7,4461,2,2,-1,-1,-1
2018110281415,2,1,0,2,0,0,0,4,0,0,2,1,6,1,13,3,-1,-1,-1,2,2,2
2018110281443,1,1,0,18,0,8,0,0,0,0,1,1,6,2,-1,-1,-1,-1,-1,-1,-1,-1
2018110281443,2,9,0,18,0,8,0,0,0,0,4,1,1,1,36,7,1796,1,22,6,2,6
2018110281509,1,9,0,18,0,0,0,0,0,0,4,1,6,1,18,4,1360,1,12,1,1,1
2018110281566,1,9,0,18,0,0,0,0,0,0,1,1,1,1,68,10,2000,2,10,5,2,5
2018110281566,2,9,0,4,0,0,0,0,0,0,2,1,6,2,29,6,1461,2,4,8,1,8
2018110281658,1,9,0,18,0,0,0,0,0,0,1,1,6,3,-1,-1,1242,1,5,-1,-1,-1
2018110281658,2,9,0,18,0,0,0,0,0,0,2,1,6,1,55,8,1968,2,1,3,1,3
2018110281685,1,9,0,18,0,1,0,0,0,0,1,1,6,1,30,6,1598,1,7,10,1,10
2018110281685,2,9,0,3,0,1,0,0,0,0,2,1,1,2,30,6,1461,2,1,-1,-1,-1
2018110281722,1,9,0,4,0,1,0,0,0,0,2,1,6,3,40,7,-1,-1,-1,-1,-1,-1
2018110281722,2,9,0,4,0,1,0,0,0,0,1,1,6,1,66,10,1896,2,17,2,3,2
2018110281996,1,9,0,5,0,2,0,0,0,0,3,1,6,2,37,7,1490,1,10,2,1,2
2018110282024,1,9,0,17,0,0,0,0,0,0,4,1,6,1,25,5,1493,1,18,7,2,7
2018110282024,2,9,0,16,0,0,0,0,1,0,1,1,6,2,37,7,1200,1,1,4,3,4
2018110282067,1,9,0,9,0,8,5,7,1,7,3,1,5,1,56,9,1587,1,14,1,1,1
2018110282158,1,9,0,18,0,0,0,0,0,0,0,1,6,3,30,6,-1,-1,-1,-1,-1,-1
2018110282158,2,9,0,18,0,0,0,4,0,0,1,1,6,2,47,8,1341,1,12,2,2,2
2018110282158,3,9,0,2,0,0,0,0,0,0,2,1,6,3,30,6,1341,1,14,-1,-1,-1
2018110282226,1,9,0,18,0,0,0,0,0,0,1,1,6,3,-1,-1,-1,-1,-1,-1,-1,-1
2018110282260,1,9,0,18,0,0,0,0,0,0,1,1,1,2,27,6,1242,1,6,6,1,6
2018110282260,2,98,0,4,0,0,0,0,0,0,2,1,6,2,37,7,-1,-1,-1,7,2,7
2018110282313,1,9,0,18,0,1,0,0,0,0,1,1,2,1,58,9,2401,2,12,7,3,7
2018110282313,2,9,0,10,0,1,0,0,0,0,2,1,1,1,22,5,1998,2,8,7,3,7
2018110282340,1,5,0,18,0,0,0,0,0,0,1,1,2,1,35,6,996,1,19,7,2,7
2018110282340,2,9,0,3,0,0,0,0,0,0,2,1,2,1,21,5,998,1,2,3,3,3
2018110282369,1,9,0,9,0,8,0,0,0,0,3,1,6,2,51,8,1995,2,2,7,2,7
2018110282369,2,9,0,18,0,8,0,0,0,0,1,1,6,2,33,6,1248,2,5,9,-1,9
2018110282404,1,9,0,18,0,0,0,4,0,0,1,1,6,1,67,10,2496,1,14,5,3,5
2018110282404,2,9,0,2,0,0,0,0,0,0,2,1,6,2,77,11,1995,2,7,7,3,7
2018110282448,1,9,0,9,0,8,0,0,0,0,1,1,6,3,-1,-1,-1,-1,-1,-1,-1,-1
2018110282448,2,1,0,9,0,8,0,0,0,0,2,1,6,1,19,4,-1,-1,-1,10,1,10
2018110282457,1,19,0,4,0,1,1,0,0,0,1,1,1,1,61,9,2287,2,5,4,2,4
2018110282457,2,9,0,3,0,1,0,0,0,0,2,1,5,2,69,10,999,1,4,7,3,7
2018110282479,1,9,0,9,0,8,0,0,0,0,3,1,2,1,44,7,1598,2,4,5,1,5
2018110282479,2,9,0,18,0,8,0,0,0,0,1,1,2,1,61,9,1968,2,5,5,3,5
2018110282727,1,9,0,7,0,8,0,0,0,0,4,1,6,1,50,8,1598,2,5,1,1,1
2018110282727,2,9,0,18,0,8,0,0,0,0,1,1,6,2,38,7,1685,2,2,9,3,9
2018110283294,1,9,0,18,0,8,1,0,1,11,1,1,6,2,23,5,1461,2,6,6,2,6
2018110283321,1,9,0,6,0,0,0,0,0,0,3,1,5,1,35,6,1956,2,3,1,1,1
2018110283321,2,9,0,18,0,0,0,0,0,0,4,1,1,2,26,6,1968,2,8,8,1,8
2018110283442,1,9,0,18,0,0,1,4,7,11,1,1,6,2,17,4,-1,-1,-1,7,3,7
2018110283442,2,9,0,2,0,0,0,0,0,0,1,1,5,3,-1,-1,2000,2,14,-1,-1,-1
2018110283896,1,8,0,5,0,8,0,0,0,0,1,1,1,1,49,8,1598,2,5,8,1,8
2018110283896,2,98,4,7,0,8,0,0,0,0,4,1,1,1,45,7,-1,-1,-1,9,1,9
2018110283970,1,9,0,18,0,1,0,0,0,0,1,1,6,2,-1,-1,2000,2,9,-1,-1,-1
2018110283970,2,9,0,10,0,1,0,0,0,0,2,1,6,1,30,6,1686,2,5,4,1,4
2018110284015,1,1,0,18,0,0,0,0,0,0,1,1,6,1,-1,-1,-1,-1,-1,-1,-1,-1
2018110284015,2,9,0,3,0,0,0,0,0,0,2,1,6,2,21,5,1328,1,11,3,1,3
2018110284078,1,9,0,13,0,0,0,0,0,0,4,1,6,2,82,11,2997,1,14,10,1,10
2018110284078,2,1,0,18,0,0,0,0,0,0,3,1,6,1,40,7,-1,-1,-1,7,3,7
2018110284105,1,9,0,18,0,0,0,0,0,0,3,1,6,3,-1,-1,-1,-1,-1,-1,-1,-1
2018110284105,2,9,0,18,0,0,0,0,0,0,3,1,6,2,32,6,1560,2,11,4,1,4
2018110284261,1,9,0,18,0,4,0,0,0,0,1,1,6,2,26,6,1560,2,6,3,3,3
2018110284261,2,5,0,18,0,4,0,0,0,0,4,1,6,1,35,6,649,1,16,8,2,8
2018110284332,1,9,0,12,0,8,0,0,1,10,3,1,5,2,20,4,1242,1,5,4,1,4
2018110284332,2,9,0,18,0,8,0,0,0,0,4,1,5,1,27,6,2993,2,13,5,3,5
2018110284378,1,9,0,18,0,0,0,0,0,0,4,1,5,1,44,7,1396,1,1,7,1,7
2018110284582,1,9,0,9,0,6,0,0,0,0,1,1,6,2,44,7,1870,2,12,2,1,2
2018110284582,2,9,0,18,0,1,0,0,0,0,4,1,6,2,34,6,998,1,4,6,1,6
2018110284582,3,19,0,10,0,1,0,0,0,0,3,1,5,1,69,10,1560,2,3,2,1,2
2018110284590,1,9,0,18,0,8,0,0,0,0,1,1,5,3,-1,-1,-1,-1,-1,-1,-1,-1
2018110284590,2,9,0,18,0,8,0,0,1,0,3,1,5,2,41,7,1598,1,14,2,1,2
2018110284644,1,9,0,18,0,0,0,4,1,0,1,1,1,1,28,6,2993,2,8,8,1,8
2018110284644,2,9,0,2,0,0,0,0,0,0,2,1,1,2,50,8,1499,2,2,7,3,7
2018110284656,1,9,0,9,0,5,0,0,0,0,1,1,6,1,30,6,1997,2,7,6,1,6
2018110284657,1,9,0,9,0,2,0,0,0,0,1,1,6,2,44,7,1149,1,8,8,1,8
2018110284706,1,19,0,1,0,0,0,0,0,0,2,1,1,1,41,7,1995,2,1,2,3,2
2018110284706,2,9,0,3,0,0,0,0,0,0,1,1,6,2,23,5,998,1,5,2,2,2
2018110284736,1,8,0,5,0,0,0,0,0,0,0,1,1,3,30,6,-1,-1,-1,-1,-1,-1
2018110284752,1,9,0,16,0,0,0,0,0,0,1,1,1,3,30,6,-1,-1,-1,-1,-1,-1
2018110284752,2,19,0,16,0,0,0,0,0,0,1,1,6,3,30,6,1248,2,9,-1,-1,-1
2018110284801,1,9,0,18,0,4,0,0,0,0,4,1,6,1,50,8,1994,1,16,-1,-1,-1
2018110284801,2,9,0,18,0,3,0,0,0,0,0,1,6,1,34,6,1560,2,4,2,2,2
2018110284826,1,1,0,18,0,8,0,0,0,0,4,1,5,1,14,3,-1,-1,-1,1,1,1
2018110284826,2,9,0,18,0,3,0,0,0,0,1,1,5,1,41,7,1240,1,13,3,1,3
2018110285225,1,1,0,18,0,8,0,0,0,0,1,1,4,1,11,3,-1,-1,-1,8,1,8
2018110285225,2,9,0,18,0,8,0,0,0,0,4,1,6,1,43,7,1796,1,13,1,1,1
2018110285236,1,9,0,9,0,2,1,4,0,0,1,1,6,3,-1,-1,1686,2,13,-1,-1,-1
2018110285236,2,9,0,2,0,2,0,0,0,0,2,1,5,1,58,9,1149,1,5,3,1,3
2018110285236,3,9,0,2,0,2,0,0,0,0,2,1,5,1,35,6,1242,1,4,9,1,9
2018110285236,4,9,0,18,0,1,0,0,0,0,0,1,1,1,-1,-1,2993,2,3,9,1,9
2018110285273,1,9,0,5,0,0,0,0,0,0,4,1,5,1,30,6,1229,1,10,2,1,2
2018110285353,1,5,0,16,0,0,2,0,0,0,1,1,5,1,27,6,599,1,19,6,3,6
2018110285353,2,9,0,17,0,0,0,0,1,0,1,1,5,1,53,8,1588,1,21,7,2,7
2018110285461,1,11,0,9,0,8,0,0,0,0,0,1,1,2,50,8,9000,2,14,-1,-1,-1
2018110285573,1,9,0,9,0,8,0,0,0,0,0,1,6,1,-1,-1,-1,-1,-1,-1,-1,-1
2018110285573,2,8,0,9,0,8,0,0,0,0,2,1,2,1,61,9,1499,2,1,5,3,5
2018110285573,3,9,0,9,0,8,0,0,0,0,1,1,6,1,37,7,-1,-1,-1,5,1,5
2018110285621,1,19,0,18,0,1,0,0,0,0,3,1,1,1,48,8,2198,2,3,5,1,5
2018110285658,1,11,0,4,0,0,0,0,0,0,0,1,1,1,30,6,5132,2,-1,8,1,8
2018110285944,1,9,0,14,0,0,0,0,0,0,1,1,6,1,-1,-1,1560,2,7,8,2,8
2018110285944,2,9,0,17,0,0,0,0,0,0,1,1,6,1,30,6,1598,1,6,3,2,3
2018110286221,1,1,0,7,0,8,0,0,0,0,4,1,6,2,17,4,-1,-1,-1,1,2,1
2018110286221,2,9,0,15,0,8,0,0,0,0,3,1,6,1,-1,-1,1461,2,8,1,2,1
2018110286284,1,9,0,11,0,8,0,0,0,0,4,1,6,1,60,9,1997,2,6,1,1,1
2018110286284,2,9,0,18,0,8,0,0,0,0,3,1,6,2,32,6,1968,2,1,8,3,8
2018110287001,1,9,0,18,0,0,0,0,7,0,1,1,1,1,36,7,1896,2,14,5,3,5
2018110287001,2,21,0,18,0,0,0,0,0,0,1,1,1,1,77,11,4580,2,6,8,3,8
2018110287001,3,9,0,18,0,0,0,0,0,0,3,1,1,1,56,9,1586,1,11,6,1,6
2018110287001,4,9,0,18,0,0,0,0,1,0,3,1,5,1,24,5,-1,-1,-1,1,1,1
2018110287140,1,9,0,5,8,0,0,0,0,0,3,1,6,2,35,6,1461,2,2,10,1,10
2018110287140,2,9,0,18,0,0,5,0,0,0,4,1,6,1,55,8,1995,2,8,3,1,3
2018110287231,1,9,0,18,0,0,0,0,0,0,1,1,5,1,18,4,1149,1,12,8,2,8
2018110287231,2,19,0,4,0,0,0,0,0,0,2,1,1,2,22,5,1598,2,1,7,2,7
2018110287231,3,9,0,4,0,0,0,0,0,0,2,1,5,2,28,6,1390,1,5,3,1,3
2018110287265,1,9,0,9,0,2,0,0,0,0,3,1,2,1,42,7,-1,-1,-1,1,1,1
2018110287265,2,3,0,18,0,8,0,0,0,0,1,1,2,1,33,6,124,1,3,3,1,3
2018110287528,1,9,0,18,0,0,0,0,0,0,4,1,5,1,23,5,1999,2,-1,6,1,6
2018110287528,2,9,0,4,0,0,0,0,0,0,3,1,2,2,42,7,1242,1,7,8,1,8
2018110287609,1,9,0,18,0,1,0,0,0,0,3,1,6,3,-1,-1,-1,-1,-1,-1,-1,-1
2018110287639,1,9,0,18,0,8,0,7,7,11,1,1,5,2,20,4,999,1,3,2,1,2
2018110287639,2,9,0,18,0,8,0,7,1,11,1,1,2,2,31,6,1968,2,7,5,1,5
2018110287702,1,17,4,18,0,8,1,0,0,0,1,1,1,1,40,7,-1,-1,-1,2,2,2
2018110287702,2,9,0,12,0,6,0,0,0,0,2,1,2,1,35,6,1364,1,9,4,1,4
2018110287717,1,9,0,18,0,0,0,0,0,0,1,1,6,1,66,10,1360,1,15,1,1,1
2018110287820,1,11,0,18,0,1,0,0,0,0,1,1,1,1,25,5,4249,2,3,1,1,1
2018110287965,1,10,0,4,0,2,0,0,0,0,2,1,1,1,34,6,-1,-1,-1,7,1,7
2018110288222,1,9,0,18,0,1,0,0,0,0,1,1,6,2,54,8,2231,2,10,4,2,4
2018110288222,2,9,0,3,0,1,0,0,0,0,2,1,6,1,20,4,1229,1,10,2,1,2
2018110288222,3,9,0,3,0,1,0,0,0,0,2,1,6,2,62,9,1149,1,1,1,1,1
2018110288222,4,9,0,3,0,1,0,0,0,0,2,1,6,1,63,9,1968,2,6,9,1,9
2018110288229,1,9,0,18,9,0,0,0,0,0,0,1,6,2,-1,-1,-1,-1,-1,-1,-1,-1
2018110288229,2,1,0,18,9,0,0,0,0,0,0,1,6,1,15,3,-1,-1,-1,10,1,10
2018110288270,1,9,0,18,0,1,0,0,0,0,1,1,6,1,-1,-1,1598,2,6,8,1,8
2018110288270,2,9,0,3,0,1,0,0,0,0,2,1,6,1,26,6,2143,2,3,9,1,9
2018110288307,1,19,0,9,0,8,0,0,0,0,1,1,1,1,50,8,2198,2,2,1,1,1
2018110288307,2,9,0,18,0,1,0,0,0,0,1,1,5,2,68,10,1999,2,3,8,3,8
2018110288387,1,11,0,4,0,0,0,0,0,0,0,1,1,1,50,8,6693,2,4,-1,-1,-1
2018110288404,1,19,0,18,0,2,0,0,1,2,1,1,1,1,65,9,1560,2,1,1,1,1
2018110288421,1,9,0,18,0,4,0,0,0,0,0,1,6,2,26,6,1242,1,1,-1,-1,-1
2018110288421,2,9,0,18,0,8,0,0,0,0,0,1,6,1,43,7,1560,2,7,1,1,1
2018110288512,1,9,0,17,0,0,5,0,1,0,4,1,1,1,29,6,2993,2,1,9,1,9
2018110288512,2,9,0,18,0,0,0,0,0,0,0,1,6,3,-1,-1,1596,1,3,-1,-1,-1
2018110288516,1,9,0,18,0,0,0,0,0,0,4,1,2,1,23,5,1242,1,4,2,1,2
2018110288543,1,9,0,9,0,8,0,0,0,0,3,1,6,3,-1,-1,-1,-1,-1,-1,-1,-1
2018110288543,2,9,0,18,0,8,0,0,0,0,1,1,6,2,48,8,999,1,3,4,2,4
2018110288607,1,9,0,18,0,0,0,0,0,0,1,1,6,3,-1,-1,-1,-1,-1,-1,-1,-1
2018110288644,1,9,0,18,0,0,0,0,0,0,1,1,2,2,43,7,-1,-1,-1,7,3,7
2018110289130,1,9,0,9,0,8,0,0,0,0,1,1,6,1,52,8,999,1,2,2,1,2
2018110289130,2,9,0,18,0,8,0,0,0,0,3,1,6,2,40,7,1968,2,1,1,1,1
2018110289179,1,9,0,18,0,0,1,0,5,6,1,1,6,1,31,6,1248,2,13,5,3,5
2018110289179,2,19,0,18,0,0,1,0,0,0,1,1,6,2,55,8,1560,2,3,1,1,1
2018110289179,3,9,0,18,0,0,1,0,0,0,2,1,6,1,19,4,1229,1,5,6,1,6
2018110289179,4,9,0,18,0,0,1,0,0,0,2,1,6,2,36,7,1598,2,6,1,1,1
2018110289179,5,9,0,18,0,0,1,0,0,0,2,1,6,1,59,9,1984,1,10,3,1,3
2018110289179,6,9,0,18,0,0,1,0,0,0,2,1,6,1,47,8,1461,2,4,4,1,4
2018110289179,7,9,0,18,0,0,1,0,0,0,2,1,6,1,70,10,1896,2,14,2,2,2
2018110289179,8,9,0,18,0,0,1,0,0,0,2,1,6,1,60,9,1364,2,4,6,1,6
2018110289179,9,9,0,18,0,0,1,0,0,0,2,1,6,1,24,5,998,1,4,2,2,2
2018110289179,10,9,0,18,0,0,1,0,0,0,2,1,6,1,39,7,998,1,17,2,1,2
2018110289179,11,9,0,18,0,0,1,0,0,0,2,1,6,1,49,8,1686,2,6,1,1,1
2018110289355,1,9,0,18,0,0,0,0,0,0,1,1,2,1,30,6,-1,-1,-1,1,2,1
2018110289448,1,8,0,18,0,1,0,0,0,0,1,1,1,1,53,8,999,1,-1,5,2,5
2018110289559,1,9,0,18,0,8,0,0,0,0,1,1,5,2,28,6,1896,2,14,3,1,3
2018110289559,2,9,0,18,0,8,0,0,0,0,1,1,5,1,23,5,1298,1,17,1,1,1
2018110289992,1,9,0,18,0,8,0,0,0,0,1,1,6,2,31,6,1968,2,7,2,2,2
2018110289992,2,9,0,9,0,8,5,0,0,0,4,1,6,1,24,5,-1,-1,-1,1,1,1
2018110290026,1,9,0,18,0,1,0,0,0,0,1,1,6,1,44,7,2993,2,1,9,3,9
2018110290026,2,9,0,8,0,1,0,0,0,0,2,1,6,2,39,7,999,1,6,9,-1,9
2018110290135,1,3,0,14,0,0,1,11,0,0,4,1,1,1,34,6,125,1,4,2,2,2
2018110290135,2,9,0,18,0,0,0,0,0,0,0,1,1,1,28,6,1390,1,9,5,2,5
2018110290677,1,9,0,18,0,1,0,0,0,0,1,1,5,1,54,8,1997,2,9,3,1,3
2018110290677,2,9,0,4,0,1,0,0,0,0,2,1,5,1,48,8,1968,2,12,1,1,1
2018110290677,3,9,0,4,0,1,0,0,0,0,2,1,5,2,47,8,999,1,4,9,2,9
2018110290682,1,9,0,9,0,0,0,0,0,0,4,1,3,2,28,6,998,1,15,6,1,6
2018110290755,1,9,0,18,0,0,0,0,0,0,1,1,6,3,50,8,-1,-1,-1,-1,-1,-1
2018110290755,2,9,0,4,0,0,0,0,0,0,2,1,6,2,37,7,1399,2,7,4,1,4
2018110290800,1,9,0,4,0,1,0,0,0,0,1,1,6,1,63,9,2494,2,30,2,2,2
2018110290800,2,9,0,4,0,1,0,0,0,0,2,1,6,2,40,7,1598,1,5,2,2,2
2018110290833,1,9,0,18,0,0,0,0,0,0,4,1,6,1,39,7,1968,2,7,6,2,6
2018110290847,1,9,0,5,0,4,0,0,0,0,3,1,5,1,31,6,1461,2,3,9,1,9
2018110290847,2,9,0,5,0,4,0,0,0,0,4,1,6,2,19,4,998,1,10,2,1,2
2018110290872,1,5,0,16,0,0,1,0,1,11,1,1,5,1,50,8,1299,1,11,9,1,9
2018110290912,1,9,0,4,0,1,0,0,0,0,1,1,1,2,39,7,1360,1,11,2,1,2
2018110290912,2,9,0,18,0,1,0,0,0,0,1,1,6,1,73,10,2204,2,12,4,2,4
2018110290914,1,9,0,18,0,8,0,0,0,0,1,1,6,1,46,8,2981,1,-1,3,3,3
2018110290914,2,9,0,9,0,8,0,0,0,0,1,1,6,2,18,4,1560,2,4,1,1,1
2018110290953,1,9,0,4,0,0,0,0,7,0,1,1,5,1,18,4,1461,2,11,1,1,1
2018110290953,2,9,0,4,0,0,0,0,0,0,2,1,5,1,32,6,-1,-1,-1,2,1,2
2018110291014,1,9,4,12,0,0,0,0,0,0,3,1,5,1,44,7,2987,2,12,5,-1,5
2018110291014,2,9,0,18,0,0,2,0,7,0,4,1,5,1,21,5,-1,-1,-1,2,1,2
2018110291014,3,9,0,18,0,0,0,0,0,0,1,1,5,1,84,11,1796,1,14,1,1,1
2018110291014,4,9,0,4,0,0,0,0,0,0,2,1,5,2,47,8,1560,2,3,2,1,2
2018110291107,1,9,0,17,0,0,2,0,8,11,4,1,6,1,20,4,1332,1,9,3,1,3
2018110291125,1,90,0,9,0,1,0,0,0,0,3,1,1,1,44,7,7698,2,2,9,1,9
2018110291125,2,5,0,15,0,1,0,10,7,0,1,1,2,1,51,8,1043,1,2,2,1,2
2018110291161,1,9,0,18,0,1,0,0,0,0,1,1,6,1,20,4,1242,1,8,-1,-1,-1
2018110291161,2,9,0,4,0,1,0,0,0,0,2,1,6,1,31,6,1968,2,12,2,1,2
2018110291287,1,9,0,18,0,8,0,0,0,0,4,1,6,1,50,8,1461,2,2,5,2,5
2018110291287,2,1,0,9,0,8,0,0,0,0,1,1,6,1,30,6,-1,-1,-1,6,2,6
2018110291358,1,98,0,18,0,0,0,0,0,0,1,1,6,1,20,4,-1,-1,-1,-1,-1,-1
2018110291358,2,9,0,18,0,0,0,0,0,0,2,1,6,1,26,6,1390,1,9,2,2,2
2018110291497,1,1,0,18,0,0,0,0,0,0,4,1,5,2,6,2,-1,-1,-1,1,1,1
2018110291497,2,9,0,18,0,0,0,0,7,0,1,1,5,2,32,6,1685,2,5,1,1,1
2018110291734,1,8,0,13,0,0,0,0,0,0,4,1,6,1,63,9,1997,2,4,9,1,9
2018110291734,2,2,0,18,0,0,0,0,0,0,3,1,6,1,17,4,49,1,1,7,2,7
2018110291778,1,9,0,18,0,0,0,0,0,0,2,1,6,1,26,6,1598,2,3,6,1,6
2018110291794,1,9,0,18,0,1,0,0,0,0,1,1,5,1,36,7,1798,1,9,1,1,1
2018110291860,1,5,0,18,0,0,0,0,0,0,1,1,2,1,40,7,988,1,17,2,2,2
2018110291860,2,9,0,6,0,0,0,0,0,0,4,1,6,1,73,10,1999,1,4,4,1,4
2018110291926,1,9,0,1,0,0,0,0,0,0,2,1,5,1,75,10,1596,1,12,2,3,2
2018110291926,2,9,0,2,0,0,0,0,0,0,1,1,5,1,70,10,1461,2,15,1,2,1
2018110291969,1,9,0,7,0,8,0,0,0,0,1,1,6,1,25,5,1598,2,1,4,3,4
2018110291969,2,5,0,18,0,8,0,0,0,0,4,1,6,1,47,8,645,1,14,3,1,3
2018110292014,1,9,0,16,0,0,0,10,7,1,3,1,6,2,18,4,998,1,11,9,1,9