Accident_Index,Vehicle_Reference,Vehicle_Type,Towing_and_Articulation,Vehicle_Manoeuvre,Vehicle_Location-Restricted_Lane,Junction_Location,Skidding_and_Overturning,Hit_Object_in_Carriageway,Vehicle_Leaving_Carriageway,Hit_Object_off_Carriageway,1st_Point_of_Impact,Was_Vehicle_Left_Hand_Drive?,Journey_Purpose_of_Driver,Sex_of_Driver,Age_of_Driver,Age_Band_of_Driver,Engine_Capacity_(CC),Propulsion_Code,Age_of_Vehicle,Driver_IMD_Decile,Driver_Home_Area_Type,Vehicle_IMD_Decile
2018110308963,2,9,0,18,0,0,0,0,0,0,3,1,5,1,68,10,1498,1,1,10,1,10
2018110308963,3,9,0,18,0,0,0,0,0,0,3,1,5,1,46,8,4395,1,4,7,3,7
2018110308970,1,9,0,1,0,0,0,0,0,0,2,1,6,1,30,6,1988,1,16,2,1,2
2018110308970,2,9,0,2,6,0,0,0,0,0,2,1,6,3,-1,-1,-1,-1,-1,-1,-1,-1
2018110308970,3,9,0,2,6,0,0,0,0,0,2,1,6,3,-1,-1,-1,-1,-1,-1,-1,-1
2018110309078,1,9,0,9,0,6,0,0,0,0,1,1,6,3,50,8,1995,2,3,-1,-1,-1
2018110309078,2,1,0,9,0,5,0,0,0,0,1,1,5,1,21,5,-1,-1,-1,8,1,8
2018110309203,1,4,0,13,0,8,2,0,0,0,1,1,1,1,29,6,373,1,1,8,1,8
2018110309203,2,9,0,9,0,4,0,0,0,0,3,1,6,2,70,10,1198,1,4,8,1,8
2018110309353,1,9,0,9,0,1,0,0,0,0,4,1,1,1,58,9,-1,-1,-1,10,1,10
2018110309353,2,1,0,16,0,1,0,0,0,0,1,1,5,1,58,9,-1,-1,-1,7,1,7
2018110309397,1,9,0,18,0,0,0,0,0,0,4,1,5,1,66,10,2993,2,3,7,3,7
2018110309397,2,9,0,18,0,0,0,0,7,0,3,1,5,1,47,8,1956,2,4,1,1,1
2018110309397,3,9,0,18,0,0,0,0,7,0,3,1,5,2,21,5,1198,1,5,6,3,6
2018110309519,1,9,0,18,0,0,0,0,0,0,1,1,6,3,-1,-1,1998,2,14,-1,-1,-1
2018110309519,2,9,0,18,0,0,0,0,0,0,2,1,6,2,59,9,1799,1,12,7,2,7
2018110309519,3,9,0,18,0,0,0,0,0,0,2,1,6,2,32,6,1968,2,1,6,3,6
2018110309547,1,9,0,9,0,8,0,0,0,0,4,1,6,3,20,4,-1,-1,-1,-1,-1,-1
2018110309547,2,3,0,18,0,8,0,0,0,0,1,1,1,1,32,6,125,1,11,4,1,4
2018110309575,1,9,0,11,0,1,0,0,0,0,0,1,6,3,-1,-1,-1,-1,-1,-1,-1,-1
2018110309575,2,98,0,18,0,1,0,0,0,0,0,1,1,1,27,6,-1,-1,-1,2,1,2
2018110309587,1,9,0,17,0,8,0,0,0,0,3,1,6,1,45,7,1596,1,1,7,2,7
2018110309587,2,9,0,18,0,8,0,0,0,0,4,1,6,2,50,8,1598,2,6,-1,-1,-1
2018110309595,1,9,0,9,0,8,0,0,0,0,1,1,5,2,31,6,1598,2,1,7,3,7
2018110309595,2,3,0,18,0,8,0,0,0,0,3,1,2,1,21,5,124,1,12,4,2,4
2018110309632,1,9,0,18,0,0,0,0,0,0,1,1,1,1,55,8,1461,2,7,4,1,4
2018110309632,2,1,0,18,0,0,1,0,1,0,2,1,1,1,33,6,-1,-1,-1,9,1,9
2018110309642,1,9,0,18,0,0,0,0,1,11,1,1,5,2,22,5,1240,1,9,2,1,2
2018110309658,1,9,0,18,0,0,0,0,0,0,1,1,6,2,44,7,1598,2,4,5,3,5
2018110309658,2,9,0,18,0,0,0,0,0,0,2,1,6,3,-1,-1,1995,2,13,-1,-1,-1
2018110309673,1,1,0,18,0,8,0,0,0,0,4,1,6,1,25,5,-1,-1,-1,1,1,1
2018110309673,2,9,0,18,0,8,0,0,0,0,1,1,6,2,23,5,1242,1,6,4,1,4
2018110309722,1,9,0,5,0,0,0,0,0,0,1,1,5,2,20,4,1398,1,8,3,1,3
2018110309722,2,9,0,18,0,0,0,0,0,0,1,1,5,1,28,6,1600,1,14,2,1,2
2018110309730,1,9,0,18,0,0,0,0,0,0,0,1,6,3,-1,-1,-1,-1,-1,-1,-1,-1
2018110309730,2,1,0,18,0,0,0,0,0,0,0,1,6,1,15,3,-1,-1,-1,2,3,2
2018110309745,1,9,0,17,0,0,1,0,2,10,1,1,5,1,31,6,1248,2,10,4,2,4
2018110309755,1,19,0,18,0,1,0,0,0,0,1,1,6,1,35,6,1248,2,5,1,2,1
2018110309755,2,9,0,10,0,1,0,0,0,0,2,1,6,2,51,8,1598,1,1,1,1,1
2018110309755,3,9,0,10,0,1,0,0,0,0,2,1,6,1,77,11,1994,2,11,1,1,1
2018110309766,1,9,0,9,0,8,0,0,0,0,4,1,5,2,48,8,2198,2,4,7,1,7
2018110309766,2,9,0,18,0,8,0,0,0,0,1,1,5,2,43,7,1498,1,1,9,1,9
2018110309862,1,9,0,18,0,0,0,0,0,0,1,1,6,2,52,8,1560,2,7,3,1,3
2018110309896,1,98,0,18,0,8,0,0,0,0,0,1,5,1,27,6,-1,-1,-1,2,2,2
2018110309906,1,9,0,18,0,8,0,0,0,0,1,1,5,1,72,10,1598,2,8,1,1,1
2018110309906,2,9,0,18,0,8,0,0,0,0,3,1,5,1,42,7,-1,-1,-1,4,1,4
2018110309911,1,9,0,7,0,8,0,0,0,0,1,1,6,3,-1,-1,1390,1,10,-1,-1,-1
2018110309911,2,9,0,9,0,8,0,0,0,0,3,1,5,1,61,9,1248,1,-1,9,1,9
2018110309930,1,5,0,16,0,0,0,0,0,0,1,1,6,1,30,6,675,1,7,2,3,2
2018110309936,1,9,0,18,0,0,0,0,0,0,0,1,6,1,-1,-1,-1,-1,-1,-1,-1,-1
2018110309936,2,11,0,18,0,0,0,0,0,0,0,1,1,1,59,9,7300,2,16,3,1,3
2018110309961,1,9,0,18,0,0,0,0,0,0,1,1,6,3,-1,-1,-1,-1,-1,-1,-1,-1
2018110309961,2,9,0,18,0,0,0,0,0,0,2,1,6,1,59,9,2148,2,12,4,3,4
2018110309994,1,9,0,18,0,1,0,0,0,0,1,1,6,3,-1,-1,1997,2,13,-1,-1,-1
2018110309994,2,9,0,8,0,1,0,0,0,0,2,1,5,1,73,10,2401,2,14,7,2,7
2018110310004,1,9,0,13,0,2,0,0,0,0,4,1,6,2,39,7,1229,1,10,-1,-1,-1
2018110310004,2,9,0,18,0,2,0,0,1,0,3,1,6,2,24,5,1124,1,12,8,2,8
2018110310350,1,9,0,17,0,6,0,7,0,0,3,1,6,1,24,5,1968,2,4,4,1,4
2018110310350,2,9,0,18,0,8,0,7,4,7,1,1,6,1,49,8,-1,-1,-1,1,1,1
2018110310395,1,8,0,18,0,0,0,0,0,0,4,1,1,1,51,8,1997,2,6,3,1,3
2018110310411,1,9,0,9,0,5,0,0,0,0,1,1,5,1,78,11,2494,2,14,10,1,10
2018110310411,2,9,0,18,0,1,0,0,0,0,1,1,5,1,27,6,1149,1,16,5,3,5
2018110310426,1,9,0,18,0,1,1,0,0,0,3,1,5,2,38,7,-1,-1,-1,2,1,2
2018110310426,2,9,0,18,0,2,0,0,0,0,3,1,6,1,55,8,1870,2,15,4,1,4
2018110310428,1,9,0,9,0,5,0,0,0,0,1,1,1,2,37,7,1686,2,14,2,2,2
2018110310428,2,9,0,18,0,1,0,0,0,0,1,1,6,1,60,9,1560,2,4,5,3,5
2018110310468,1,9,0,17,0,0,0,0,0,0,1,1,2,2,58,9,1461,2,11,6,1,6
2018110310468,2,9,0,16,0,0,0,0,0,0,1,1,2,2,26,6,1242,1,6,9,1,9
2018110310475,1,9,0,18,0,4,0,0,0,0,1,1,6,1,86,11,999,1,3,3,1,3
2018110310475,2,1,0,18,0,8,0,0,1,0,2,1,5,2,57,9,-1,-1,-1,8,1,8
2018110310505,1,9,0,18,0,0,1,0,7,0,1,1,5,1,24,5,1124,1,15,2,2,2
2018110310642,1,98,0,18,0,0,0,0,0,0,4,1,1,3,-1,-1,-1,-1,-1,-1,-1,-1
2018110310650,1,9,0,18,0,0,0,0,0,0,1,1,2,1,24,5,1299,1,10,-1,1,-1
2018110310650,2,9,0,4,0,0,0,0,0,0,2,1,2,2,19,4,1242,1,9,2,2,2
2018110310688,1,9,0,18,0,1,0,0,0,0,1,1,1,2,47,8,1796,1,12,6,1,6
2018110310688,2,9,0,18,0,8,0,0,7,2,3,1,1,2,53,8,1596,1,1,2,2,2
2018110310696,1,9,0,9,0,6,0,0,0,0,1,1,6,1,40,7,1200,1,4,2,1,2
2018110310696,2,9,0,9,0,5,0,0,0,0,3,1,5,1,36,7,1197,1,4,2,1,2
2018110310721,1,9,0,5,0,2,0,0,0,0,3,1,2,1,31,6,1956,2,5,7,1,7
2018110310721,2,1,0,18,0,1,0,0,0,0,1,1,6,1,61,9,-1,-1,-1,2,1,2
2018110310744,1,9,0,18,0,8,0,0,0,0,1,1,6,1,35,6,1395,1,1,9,2,9
2018110310744,2,9,0,7,0,5,0,0,0,0,1,1,6,1,58,9,1999,1,7,9,1,9
2018110310768,1,9,0,18,0,8,0,0,0,0,4,1,6,3,50,8,2204,2,11,-1,-1,-1
2018110310768,2,9,0,10,0,1,0,0,0,0,4,1,5,2,39,7,1686,2,6,3,1,3
2018110311038,1,19,0,18,0,0,0,0,0,0,4,1,1,1,56,9,2143,2,3,1,1,1
2018110311185,1,9,0,5,0,0,0,0,0,0,1,1,5,2,88,11,1797,8,4,5,1,5
2018110311405,1,19,0,18,0,2,0,0,0,0,4,1,1,1,32,6,1560,2,9,5,1,5
2018110311407,1,98,0,17,0,0,0,0,0,0,1,1,1,1,77,11,-1,-1,-1,1,1,1
2018110311442,1,19,0,18,0,0,0,0,0,0,2,1,6,1,44,7,2402,2,12,4,3,4
2018110311442,2,9,0,2,0,0,0,0,0,0,1,1,6,1,73,10,1498,1,1,7,1,7
2018110311461,1,8,0,18,0,8,0,0,0,0,1,1,1,1,68,10,1598,2,5,6,1,6
2018110311461,2,1,0,18,0,6,0,0,0,0,3,1,5,1,9,2,-1,-1,-1,10,1,10
2018110311528,1,9,0,9,0,8,0,0,0,0,1,1,6,1,23,5,2143,2,9,4,2,4
2018110311528,2,9,0,18,0,8,0,0,0,0,1,1,6,2,44,7,1390,1,13,6,1,6
2018110311618,1,9,0,5,0,2,0,0,0,0,3,1,5,2,19,4,1248,1,8,4,2,4
2018110311618,2,9,0,18,0,1,0,4,0,0,4,1,6,1,34,6,1598,1,11,1,1,1
2018110311618,3,9,0,2,0,1,0,0,0,0,4,1,5,2,20,4,1242,1,9,2,1,2
2018110311618,4,9,0,2,0,1,0,0,0,0,3,1,5,2,49,8,1197,1,1,4,1,4
2018110311618,5,9,0,2,0,1,0,0,0,0,3,1,5,1,67,10,1149,1,5,4,1,4
2018110311785,1,9,0,3,0,1,0,0,0,0,1,1,5,1,57,9,1422,2,11,1,1,1
2018110311819,1,8,0,5,0,4,0,0,0,0,3,1,1,1,53,8,1956,2,9,3,1,3
2018110311819,2,1,0,17,0,8,0,0,0,0,1,1,2,1,52,8,-1,-1,-1,3,1,3
2018110311844,1,9,0,5,8,2,0,0,1,0,1,1,6,1,36,7,1686,2,12,1,1,1
2018110311844,2,9,0,18,0,2,0,0,0,0,4,1,6,1,58,9,-1,-1,-1,3,1,3
2018110311945,1,9,0,4,0,1,1,0,7,0,1,1,5,2,30,6,1560,2,6,1,1,1
2018110311945,2,9,0,17,0,1,0,0,7,11,4,1,2,2,20,4,1598,1,8,1,1,1
2018110312235,1,9,0,17,0,0,1,0,1,4,1,1,5,1,19,4,2993,2,9,2,2,2
2018110312235,2,9,0,16,0,0,0,0,0,0,0,1,5,1,55,8,-1,-1,-1,3,1,3
2018110312360,1,19,0,18,0,8,0,0,0,0,1,1,6,1,34,6,2198,2,6,9,1,9
2018110312360,2,9,0,18,0,8,0,0,0,0,4,1,5,2,30,6,1956,2,7,4,1,4
2018110312441,1,9,0,1,0,1,0,0,0,0,2,1,6,3,-1,-1,1598,2,3,-1,-1,-1
2018110312441,2,9,0,4,0,1,0,0,0,0,1,1,5,1,27,6,1560,2,4,1,1,1
2018110312555,1,9,0,18,0,1,0,0,0,0,1,1,6,2,-1,-1,1461,2,4,-1,-1,-1
2018110312555,2,9,0,3,0,1,0,0,0,0,2,1,5,1,36,7,1329,1,5,6,1,6
2018110312578,1,9,0,18,0,8,0,0,0,0,4,1,6,2,58,9,1364,1,13,2,1,2
2018110312600,1,9,0,18,0,1,0,0,0,0,1,1,6,3,-1,-1,-1,-1,-1,-1,-1,-1
2018110312600,2,1,0,8,0,1,0,0,0,0,3,1,6,1,50,8,-1,-1,-1,8,1,8
2018110312662,1,9,0,18,0,2,0,0,0,0,1,1,2,1,50,8,1390,1,5,4,2,4
2018110312690,1,19,0,15,0,0,5,0,0,0,1,1,6,1,28,6,2198,2,3,1,1,1
2018110312690,2,9,0,18,0,0,0,0,0,0,4,1,6,1,24,5,1998,1,2,3,1,3
2018110312690,3,9,0,18,0,0,0,0,0,0,1,1,6,1,49,8,1956,2,3,9,1,9
2018110312690,4,19,0,18,0,0,0,0,0,0,2,1,6,1,63,9,2402,2,9,10,1,10
2018110312719,1,9,0,18,0,1,0,0,0,0,1,1,2,1,38,7,1596,1,15,1,2,1
2018110312747,1,9,0,18,0,0,0,0,0,0,4,1,6,3,-1,-1,-1,-1,-1,-1,-1,-1
2018110312773,1,9,0,5,0,4,0,0,0,0,1,1,2,2,20,4,1686,2,7,4,3,4
2018110312773,2,3,0,18,0,4,0,0,0,0,2,1,6,1,27,6,124,1,3,7,1,7
2018110312794,1,9,0,18,0,1,0,0,0,0,1,2,5,2,42,7,1560,2,8,2,2,2
2018110312794,2,9,0,3,0,8,0,0,0,0,2,2,2,1,29,6,1968,2,8,1,2,1
2018110312794,3,9,0,3,0,2,0,0,0,0,2,1,6,3,-1,-1,-1,-1,-1,-1,-1,-1
2018110312816,1,19,0,17,0,1,2,0,0,0,1,1,6,1,50,8,2198,2,3,-1,-1,-1
2018110312816,2,9,0,16,0,2,1,0,0,0,1,1,5,1,42,7,1910,2,10,2,1,2
2018110312949,1,9,0,7,0,6,5,0,1,0,3,1,2,2,42,7,1198,1,13,3,1,3
2018110312949,2,9,0,18,0,8,0,0,0,0,1,1,6,1,28,6,1991,1,2,5,1,5
2018110313000,1,9,0,9,0,6,0,0,0,0,1,2,5,2,25,5,1242,1,16,3,2,3
2018110313000,2,1,0,18,0,8,0,0,0,0,4,1,5,2,63,9,-1,-1,-1,7,-1,7
2018110313033,1,9,0,17,0,4,5,9,7,0,3,1,5,1,63,9,2171,1,14,2,1,2
2018110313316,1,9,0,13,0,1,0,0,0,0,2,1,2,1,25,5,-1,-1,-1,2,2,2
2018110313316,2,11,0,18,0,1,0,0,0,0,1,1,1,2,44,7,9000,2,14,2,1,2
2018110313395,1,9,0,11,0,3,0,0,0,0,4,1,6,2,73,10,1497,8,3,10,1,10
2018110313395,2,9,0,18,0,8,0,0,0,0,3,1,5,2,22,5,998,1,5,2,1,2
2018110313549,1,9,0,9,0,6,1,0,1,11,1,1,6,3,40,7,1598,1,16,-1,-1,-1
2018110313549,2,11,0,18,0,2,0,0,0,0,3,1,1,1,40,7,4461,2,5,1,2,1
2018110313758,1,9,0,18,0,8,0,0,0,0,1,1,5,2,17,4,1248,1,5,5,1,5
2018110313758,2,9,0,18,0,8,0,0,7,2,4,1,5,2,46,8,3200,2,8,3,3,3
2018110313770,1,9,0,18,0,0,0,0,0,0,4,1,6,1,74,10,999,1,3,4,1,4
2018110313815,1,9,0,18,0,8,0,0,0,0,1,1,6,1,57,9,-1,-1,-1,1,2,1
2018110313815,2,9,0,18,0,8,0,0,0,0,3,1,6,1,58,9,1997,2,10,6,3,6
2018110313879,1,9,0,9,0,6,0,0,0,0,1,1,5,1,82,11,1599,1,10,5,1,5
2018110313879,2,9,0,18,0,8,0,0,0,0,3,1,6,1,45,7,2184,2,13,3,2,3
2018110314156,1,9,0,18,0,1,0,0,0,0,1,1,6,1,40,7,1596,1,2,2,2,2
2018110314156,2,9,0,3,0,1,0,0,0,0,2,1,6,1,59,9,1896,2,15,7,1,7
2018110314488,1,9,0,13,0,1,0,0,0,0,0,1,6,3,49,8,1200,1,3,7,2,7
2018110314488,2,11,0,5,0,1,0,0,0,0,0,1,1,1,46,8,5900,2,13,3,2,3
2018110314520,1,11,0,4,0,0,0,0,0,0,0,1,1,1,39,7,-1,-1,-1,2,1,2
2018110314544,1,9,0,18,0,0,0,0,0,0,1,1,6,2,19,4,1149,1,8,2,2,2
2018110314544,2,9,0,4,8,0,0,0,0,0,2,1,5,1,56,9,1995,2,13,9,2,9
2018110314586,1,9,0,18,0,0,0,0,0,0,4,1,6,3,30,6,-1,-1,-1,-1,-1,-1
2018110314586,2,1,0,18,0,0,0,0,0,0,3,1,6,1,17,4,-1,-1,-1,3,3,3
2018110314618,1,-1,0,18,0,1,0,0,0,0,1,1,6,3,-1,-1,-1,-1,-1,-1,-1,-1
2018110314635,1,9,0,18,0,1,0,0,0,0,1,1,6,2,41,7,1248,2,8,5,1,5
2018110314635,2,9,0,10,0,8,0,0,0,0,2,1,2,2,27,6,1461,2,3,2,2,2
2018110314635,3,9,0,18,0,1,0,0,0,0,1,1,6,3,-1,-1,-1,-1,-1,-1,-1,-1
2018110315024,1,9,0,18,0,0,0,0,1,0,1,1,5,1,26,6,1198,1,13,6,2,6
2018110315151,1,9,0,18,0,0,0,0,1,11,1,1,6,2,18,4,1198,1,10,9,3,9
2018110315219,1,9,0,18,0,0,0,0,0,0,1,1,6,2,21,5,1149,1,11,2,2,2
2018110315268,1,9,0,18,0,0,0,4,0,0,1,1,6,1,27,6,1229,1,11,1,1,1
2018110315268,2,9,0,18,0,0,0,0,0,0,4,1,1,1,35,6,1248,2,3,-1,-1,-1
2018110315268,3,9,0,2,0,0,0,0,0,0,1,1,5,1,53,8,1896,2,18,1,1,1
2018110315328,1,9,0,7,0,8,0,0,0,0,1,1,6,2,56,9,1149,1,14,3,3,3
2018110315328,2,9,0,10,0,8,0,0,0,0,1,1,6,2,49,8,1198,1,10,3,1,3
2018110315352,1,9,0,7,0,8,0,0,0,0,1,1,5,1,68,10,1910,2,9,1,1,1
2018110315352,2,9,0,18,0,8,0,0,0,0,4,1,5,1,24,5,1461,2,8,1,1,1
2018110315394,1,9,0,4,0,0,0,0,0,0,0,1,6,1,60,9,1995,2,13,8,3,8
2018110315394,2,11,0,18,0,0,0,0,0,0,0,1,1,1,50,8,5900,2,13,2,2,2
2018110315640,1,9,0,18,0,1,0,0,0,0,1,1,6,1,50,8,-1,-1,-1,4,2,4
2018110315640,2,9,0,4,0,1,0,0,0,0,2,1,2,1,24,5,1986,2,12,4,1,4
2018110315640,3,9,0,4,0,1,0,0,0,0,2,1,6,1,63,9,1998,2,10,5,3,5
2018110316219,1,9,0,18,0,0,0,0,0,0,1,1,1,1,65,9,-1,-1,-1,4,1,4
2018110317039,1,9,0,18,0,1,0,0,0,0,1,1,2,1,27,6,1596,1,2,2,2,2
2018110317039,2,4,0,3,0,1,0,0,0,0,4,1,2,1,45,7,248,1,5,3,1,3
2018110317057,1,9,0,9,0,6,0,0,0,0,1,1,5,1,20,4,-1,-1,-1,7,3,7
2018110317057,2,9,0,18,0,8,0,0,0,0,4,1,5,2,46,8,1685,2,-1,7,2,7
2018110317082,1,97,0,17,0,0,0,0,0,0,3,1,5,2,59,9,-1,-1,-1,-1,-1,-1
2018110317082,2,9,0,16,0,0,0,0,0,0,1,1,5,1,60,9,1598,1,8,-1,2,-1
2018110317137,1,5,0,18,0,0,0,0,0,0,0,1,6,1,52,8,805,1,15,2,2,2
2018110317139,1,1,0,18,0,0,0,0,0,0,1,1,6,1,30,6,-1,-1,-1,8,1,8
2018110317139,2,9,0,18,0,0,0,0,0,0,4,1,6,2,50,8,1560,2,6,-1,-1,-1
2018110317189,1,9,0,18,0,0,0,0,0,0,1,1,6,3,-1,-1,-1,-1,-1,-1,-1,-1
2018110317189,2,1,0,18,0,0,0,0,0,0,2,1,6,1,59,9,-1,-1,-1,1,1,1
2018110317206,1,9,0,9,0,8,0,0,0,0,1,1,5,1,79,11,1896,2,13,8,1,8
2018110317206,2,9,0,18,0,5,0,0,0,0,1,1,5,1,53,8,1248,1,8,2,2,2
2018110317247,1,17,4,16,0,0,0,0,0,0,3,1,5,1,47,8,6728,2,6,4,3,4
2018110317247,2,5,0,17,0,0,0,0,0,0,3,1,5,1,60,9,1312,1,10,2,1,2
2018110317270,1,9,0,14,0,0,0,0,0,0,1,1,6,3,-1,-1,-1,-1,-1,-1,-1,-1
2018110317270,2,9,0,18,0,0,0,0,0,0,2,1,5,1,48,8,1796,2,5,4,-1,4
2018110317284,1,9,0,18,0,0,0,0,0,0,1,1,6,1,31,6,1598,2,6,2,2,2
2018110317288,1,9,0,6,0,0,0,0,0,0,4,1,6,1,28,6,1598,1,11,8,2,8
2018110317386,1,9,0,9,0,8,0,0,0,0,2,1,2,2,52,8,1329,1,2,9,2,9
2018110317386,2,9,0,18,0,8,0,0,0,0,1,1,1,1,44,7,-1,-1,-1,2,1,2
2018110317737,1,9,0,18,0,0,0,0,0,0,1,1,5,2,28,6,1956,2,6,6,1,6
2018110317737,2,1,0,18,0,0,0,0,0,0,2,1,5,1,51,8,-1,-1,-1,9,1,9
2018110318102,1,1,0,18,0,6,0,0,0,0,3,1,6,1,10,2,-1,-1,-1,4,2,4
2018110318102,2,9,0,18,0,8,0,0,0,0,1,1,6,1,65,9,-1,-1,-1,3,3,3
2018110318129,1,9,0,18,0,0,0,0,0,0,4,1,6,3,30,6,1900,2,11,-1,-1,-1
2018110318129,2,9,0,5,0,0,0,0,0,0,4,1,5,2,26,6,1461,2,12,2,3,2
2018110318180,1,9,0,5,0,4,0,0,0,0,3,1,2,1,41,7,1968,2,3,3,2,3
2018110318180,2,1,0,18,0,8,0,0,0,0,4,1,6,1,57,9,-1,-1,-1,2,3,2
2018110318195,1,9,0,9,0,2,0,0,0,0,1,1,6,1,21,5,1598,1,6,5,2,5
2018110318195,2,1,0,18,0,1,0,0,0,0,1,1,5,1,70,10,-1,-1,-1,3,2,3
2018110318223,1,98,0,16,0,6,0,0,0,0,3,1,6,1,-1,-1,-1,-1,-1,7,1,7
2018110318223,2,97,0,18,0,8,0,0,0,0,1,1,1,1,22,5,-1,-1,-1,8,2,8
2018110318281,1,3,0,17,0,0,0,0,1,4,1,1,5,1,54,8,745,1,1,5,1,5
2018110318281,2,9,0,16,0,0,0,0,0,0,1,1,6,1,77,11,1461,2,4,5,3,5
2018110318436,1,9,0,18,0,1,0,0,0,0,1,1,2,1,25,5,1999,1,4,4,2,4
2018110318436,2,9,0,10,0,1,0,0,0,0,2,1,6,2,21,5,1200,1,3,3,3,3
2018110318496,1,90,0,9,0,5,0,0,0,0,1,2,5,1,78,11,-1,-1,-1,-1,-1,-1
2018110318496,2,9,0,18,0,8,0,0,0,0,1,1,5,2,21,5,1560,2,10,4,1,4
2018110318534,1,9,0,9,0,0,0,0,0,0,1,1,6,1,61,9,2987,2,11,3,1,3
2018110318534,2,5,0,18,0,0,0,0,0,0,1,1,2,1,45,7,1170,1,10,6,1,6
2018110318594,1,9,0,4,0,8,0,0,0,0,1,1,6,2,41,7,1461,2,4,2,3,2
2018110318594,2,9,0,4,0,8,0,0,0,0,2,1,6,1,26,6,1229,1,5,3,1,3
2018110318815,1,9,0,18,0,0,0,0,0,0,1,1,6,2,30,6,1896,2,12,-1,-1,-1
2018110318815,2,9,0,18,0,0,0,0,0,0,2,1,1,2,52,8,1995,2,6,5,1,5
2018110318892,1,1,0,18,0,6,0,0,0,0,1,1,4,1,12,3,-1,-1,-1,2,1,2
2018110318892,2,9,0,18,0,8,0,0,0,0,4,1,5,1,33,6,1496,1,-1,8,1,8
2018110318909,1,11,0,7,0,0,0,0,0,0,0,1,1,1,25,5,4250,2,9,1,1,1
2018110319027,1,9,0,18,0,6,0,0,0,0,1,1,6,2,35,6,1599,1,10,5,1,5
2018110319027,2,9,0,18,0,8,0,0,0,0,1,1,5,2,20,4,1395,1,2,3,1,3
2018110319356,1,9,0,18,0,0,0,0,0,0,4,1,5,1,41,7,1240,1,13,5,1,5
2018110319356,2,1,0,18,0,0,0,0,0,0,3,1,5,1,56,9,-1,-1,-1,7,1,7
2018110319939,1,9,0,13,0,8,0,0,7,4,1,1,1,1,34,6,1560,2,2,9,1,9
2018110319939,2,9,0,9,0,1,0,0,0,0,3,1,6,1,67,10,1229,1,5,2,1,2
2018110319994,1,19,0,18,0,0,0,0,0,0,1,1,6,1,61,9,1560,2,7,7,2,7
2018110320103,1,9,0,9,0,8,0,0,0,0,4,1,5,1,21,5,1560,2,5,7,3,7
2018110320103,2,9,0,18,0,8,0,0,0,0,1,1,5,1,57,9,1598,1,15,3,1,3
2018110320294,1,5,0,16,0,0,0,0,1,0,3,1,6,1,55,8,996,1,14,4,3,4
2018110320294,2,9,0,17,0,0,0,0,1,0,3,1,5,2,27,6,1968,2,11,4,3,4
2018110320983,1,9,0,5,0,8,0,0,0,0,3,1,6,2,66,10,1995,2,4,7,3,7
2018110320983,2,9,0,18,0,8,0,0,0,0,4,1,1,2,24,5,1560,2,1,-1,-1,-1
2018110321007,1,5,0,18,0,8,0,0,0,0,1,1,5,1,52,8,1195,1,5,3,1,3
2018110321007,2,9,0,9,0,8,0,0,0,0,3,1,2,2,19,4,1242,1,7,7,3,7
2018110321136,1,9,0,9,0,8,0,0,0,0,1,1,5,1,80,11,1198,1,12,3,1,3
2018110321136,2,9,0,18,0,8,0,0,0,0,1,1,5,1,72,10,1968,2,4,7,1,7
2018110321187,1,1,0,5,0,0,0,0,0,0,2,1,5,1,12,3,-1,-1,-1,2,2,2
2018110321187,2,9,0,18,0,0,1,0,7,0,1,1,2,1,45,7,1197,1,1,5,3,5
2018110321298,1,9,0,18,0,0,0,0,0,0,1,1,2,1,64,9,1597,2,-1,2,2,2
2018110321338,1,9,0,18,0,3,0,0,0,0,1,1,5,2,35,6,1242,1,4,2,1,2
2018110321390,1,9,0,18,0,0,0,0,0,0,3,1,6,3,30,6,-1,-1,-1,-1,-1,-1
2018110321390,2,9,0,18,0,0,0,0,0,0,4,1,6,2,60,9,1461,2,1,6,3,6
2018110321501,1,9,0,1,0,0,0,0,0,0,4,1,6,3,-1,-1,1896,2,16,-1,-1,-1
2018110321501,2,9,0,4,0,0,0,0,0,0,3,1,1,1,33,6,2993,2,1,-1,-1,-1
2018110322042,1,9,0,7,0,0,1,0,0,0,1,1,6,1,30,6,1560,2,10,1,1,1
2018110322042,2,9,0,18,0,0,0,0,0,0,1,1,6,2,36,7,1598,1,7,4,1,4
2018110322133,1,9,0,18,0,1,0,0,0,0,1,1,2,2,31,6,1968,2,2,5,1,5
2018110322133,2,9,0,4,0,1,0,0,0,0,2,1,2,2,42,7,1753,2,12,8,1,8
2018110322251,1,9,0,18,0,0,1,7,1,7,3,1,5,1,51,8,1560,2,6,10,1,10
2018110322367,1,2,0,18,0,0,0,0,0,0,1,1,6,1,19,4,-1,-1,-1,1,1,1
2018110322367,2,19,0,18,0,0,0,0,0,0,1,1,1,1,31,6,2143,2,1,1,1,1
2018110322408,1,9,0,18,0,0,0,0,0,0,0,1,5,1,60,9,1598,2,1,10,1,10
2018110322501,1,8,0,1,9,0,0,0,7,11,2,1,1,1,48,8,1968,2,2,7,3,7
2018110322540,1,9,0,17,0,0,0,0,0,0,1,1,6,1,49,8,1499,2,-1,2,1,2
2018110322540,2,9,0,16,0,0,0,0,0,0,4,1,6,1,74,10,1968,2,4,5,3,5