Accident_Index,Vehicle_Reference,Vehicle_Type,Towing_and_Articulation,Vehicle_Manoeuvre,Vehicle_Location-Restricted_Lane,Junction_Location,Skidding_and_Overturning,Hit_Object_in_Carriageway,Vehicle_Leaving_Carriageway,Hit_Object_off_Carriageway,1st_Point_of_Impact,Was_Vehicle_Left_Hand_Drive?,Journey_Purpose_of_Driver,Sex_of_Driver,Age_of_Driver,Age_Band_of_Driver,Engine_Capacity_(CC),Propulsion_Code,Age_of_Vehicle,Driver_IMD_Decile,Driver_Home_Area_Type,Vehicle_IMD_Decile
2018110322849,1,19,0,18,0,8,0,0,0,0,1,1,2,1,30,6,1598,2,4,5,3,5
2018110322849,2,9,0,18,0,8,0,0,0,0,1,1,2,1,53,8,1968,2,3,6,1,6
2018110322868,1,9,0,18,0,8,0,0,0,0,1,1,5,1,79,11,1560,2,11,3,1,3
2018110322868,2,9,0,18,0,8,1,0,0,0,1,1,5,1,23,5,1896,2,14,4,1,4
2018110322939,1,9,0,9,0,8,0,0,0,0,1,1,2,1,39,7,1598,2,3,8,1,8
2018110322939,2,5,0,18,0,8,0,0,1,0,1,1,5,1,63,9,1043,1,5,9,1,9
2018110323080,1,9,0,17,0,0,0,0,0,0,4,1,6,3,-1,-1,-1,-1,-1,-1,-1,-1
2018110323671,1,9,0,18,0,1,0,0,0,0,1,1,6,2,30,6,998,1,7,-1,-1,-1
2018110323671,2,9,0,4,0,1,0,0,0,0,2,1,6,1,57,9,1399,2,15,3,1,3
2018110324143,1,11,0,18,0,0,0,0,0,0,4,1,1,1,55,8,-1,-1,-1,2,1,2
2018110324173,1,9,0,13,0,0,0,0,0,0,0,1,6,3,30,6,-1,-1,-1,-1,-1,-1
2018110324173,2,3,0,18,0,0,1,0,0,0,0,1,6,1,25,5,-1,-1,-1,6,3,6
2018110324231,1,9,0,16,0,1,0,0,0,0,1,1,5,1,54,8,-1,-1,-1,5,3,5
2018110324231,2,5,0,17,0,2,1,0,0,0,1,1,5,1,51,8,1700,1,13,2,2,2
2018110324231,3,9,0,10,0,1,0,0,0,0,0,1,6,1,29,6,1390,1,8,10,2,10
2018110324327,1,9,0,9,0,8,0,0,0,0,1,1,5,2,20,4,998,1,10,5,3,5
2018110324327,2,9,0,18,0,8,0,0,0,0,1,1,5,2,27,6,1198,1,4,7,2,7
2018110324391,1,3,0,18,0,0,1,0,0,0,1,1,5,1,19,4,125,1,4,2,2,2
2018110324391,2,9,0,4,0,0,0,0,0,0,2,1,5,1,52,8,1797,8,6,7,1,7
2018110324652,1,9,0,9,0,8,0,0,0,0,1,1,5,1,72,10,1360,1,13,2,3,2
2018110324652,2,9,0,18,0,8,0,0,0,0,1,1,5,1,56,9,998,1,17,3,1,3
2018110324793,1,9,0,18,0,3,0,0,0,0,4,1,6,3,30,6,-1,-1,-1,-1,-1,-1
2018110324974,1,9,0,7,0,8,0,0,0,0,1,1,6,3,30,6,1896,2,10,-1,-1,-1
2018110324974,2,9,0,18,0,8,0,0,0,0,4,1,6,1,28,6,1686,2,12,1,2,1
2018110325561,1,1,0,18,0,0,0,0,0,0,1,1,6,1,7,2,-1,-1,-1,4,1,4
2018110325561,2,9,0,18,0,0,0,0,0,0,4,1,6,2,26,6,1560,2,6,3,1,3
2018110325854,1,9,0,18,0,0,0,0,0,0,1,1,6,1,20,4,1968,2,5,5,3,5
2018110325899,1,9,0,18,0,0,0,0,0,0,4,1,6,1,78,11,-1,-1,-1,-1,-1,-1
2018110326115,1,9,0,13,0,8,0,0,0,0,4,1,6,2,38,7,1984,1,3,10,1,10
2018110326115,2,1,0,7,0,8,0,0,0,0,3,1,6,1,43,7,-1,-1,-1,2,1,2
2018110326144,1,9,0,18,0,8,0,0,0,0,1,1,6,2,26,6,1560,2,3,9,1,9
2018110326144,2,1,0,18,0,8,0,0,0,0,1,1,2,1,55,8,-1,-1,-1,2,1,2
2018110326163,1,21,0,18,0,0,0,0,0,0,1,1,1,1,30,6,12740,2,4,-1,-1,-1
2018110326163,2,9,0,3,0,0,0,0,0,0,2,1,6,1,48,8,1598,1,5,2,1,2
2018110326260,1,9,0,18,0,0,0,0,0,0,1,1,6,1,83,11,-1,-1,-1,2,1,2
2018110326260,2,9,0,3,0,0,0,0,0,0,2,1,5,1,71,10,1796,1,10,7,1,7
2018110326260,3,9,0,3,0,0,0,0,0,0,2,1,5,1,43,7,998,1,4,3,1,3
2018110326373,1,9,0,4,0,1,0,0,0,0,1,1,6,2,50,8,-1,-1,-1,-1,-1,-1
2018110326373,2,9,0,3,0,1,0,0,0,0,2,1,5,2,40,7,1995,2,-1,9,1,9
2018110326477,1,9,0,7,0,8,0,0,0,0,3,1,6,2,33,6,1197,1,7,1,1,1
2018110326477,2,9,0,18,0,8,0,0,7,0,1,1,6,2,31,6,1368,1,3,3,3,3
2018110326542,1,9,0,18,0,1,0,0,0,0,1,1,6,1,20,4,1242,1,11,3,1,3
2018110326542,2,9,0,10,0,1,0,0,0,0,2,1,6,1,34,6,-1,3,3,2,1,2
2018110326573,1,9,0,9,0,8,0,0,1,7,4,1,2,1,28,6,1149,1,4,6,1,6
2018110327537,1,2,0,9,0,8,1,0,3,2,1,1,6,1,37,7,49,1,7,3,1,3
2018110327537,2,9,0,2,0,2,0,0,0,0,0,1,1,1,39,7,1560,2,1,9,1,9
2018110327598,1,9,0,17,0,0,5,0,2,9,4,1,6,1,18,4,1390,1,12,5,1,5
2018110327674,1,9,0,18,9,0,0,0,0,0,1,1,6,1,25,5,-1,-1,-1,-1,-1,-1
2018110327874,1,9,0,1,0,0,0,0,0,0,1,1,6,3,29,6,1796,1,12,8,1,8
2018110327874,2,8,0,3,0,0,0,0,0,0,1,1,6,1,45,7,1995,2,6,3,2,3
2018110327938,1,9,0,3,0,1,0,0,0,0,1,1,6,1,59,9,1149,1,15,1,1,1
2018110327938,2,9,0,3,0,1,0,0,0,0,2,1,6,1,40,7,1149,1,15,2,1,2
2018110327938,3,19,0,18,0,1,0,0,0,0,2,1,6,1,66,10,1560,2,7,-1,-1,-1
2018110328018,1,9,0,17,0,0,0,0,0,0,3,1,6,3,30,6,-1,-1,-1,-1,-1,-1
2018110328018,2,98,0,16,0,0,0,0,0,0,3,1,6,1,52,8,-1,-1,-1,5,3,5
2018110328118,1,9,0,9,0,8,0,0,0,0,1,1,6,2,25,5,1390,1,6,8,1,8
2018110328118,2,9,0,18,0,8,0,0,0,0,1,1,5,1,32,6,1900,2,13,1,1,1
2018110328157,1,9,0,18,0,2,0,0,0,0,1,1,5,1,21,5,-1,-1,-1,2,1,2
2018110328157,2,9,0,18,0,2,0,0,0,0,2,1,5,2,49,8,1997,2,4,2,2,2
2018110328225,1,9,0,16,0,2,2,0,7,11,1,1,5,1,19,4,2521,1,11,4,3,4
2018110328225,2,9,0,16,0,2,1,0,0,0,0,1,5,1,19,4,1956,2,5,1,2,1
2018110328270,1,21,4,18,0,0,0,0,0,0,3,1,6,1,42,7,4850,2,21,9,1,9
2018110328270,2,19,0,18,0,0,0,2,7,7,4,1,5,1,30,6,1248,2,7,3,2,3
2018110328379,1,9,0,9,0,8,0,0,0,0,1,1,5,1,47,8,1597,1,7,1,1,1
2018110328379,2,9,0,18,0,8,0,0,0,0,1,1,5,1,48,8,2720,2,14,-1,-1,-1
2018110328415,1,8,0,5,0,0,0,0,0,0,0,1,1,1,66,10,1598,2,5,5,1,5
2018110328520,1,98,0,18,0,0,0,0,0,0,1,1,6,3,30,6,-1,-1,-1,-1,-1,-1
2018110328520,2,9,0,2,0,0,0,0,0,0,3,1,5,1,46,8,1956,2,7,3,1,3
2018110328561,1,9,0,15,0,1,0,0,0,0,1,1,2,1,26,6,2143,2,4,7,2,7
2018110328561,2,21,0,8,0,1,0,0,0,0,2,1,1,1,53,8,12777,2,5,4,2,4
2018110328667,1,9,0,18,0,8,0,0,0,0,1,1,6,2,61,9,1461,2,4,6,1,6
2018110328667,2,1,0,18,0,8,0,0,0,0,2,1,6,1,30,6,-1,-1,-1,-1,-1,-1
2018110328705,1,9,0,18,0,0,0,0,0,0,1,1,6,1,40,7,998,1,11,6,1,6
2018110328705,2,8,0,3,0,0,0,0,0,0,2,1,1,1,40,7,1598,2,3,2,1,2
2018110328746,1,98,0,17,0,0,0,0,0,0,1,1,1,3,30,6,-1,-1,-1,-1,-1,-1
2018110328746,2,9,0,16,0,0,0,0,0,0,1,1,6,1,39,7,1956,2,7,2,1,2
2018110328830,1,9,0,18,0,0,0,0,0,0,1,1,6,3,30,6,1896,2,16,-1,-1,-1
2018110328830,2,9,0,2,0,0,0,0,0,0,4,1,6,3,30,6,1598,2,7,-1,-1,-1
2018110328873,1,9,0,18,0,8,0,0,0,0,1,1,6,1,22,5,1999,1,24,4,1,4
2018110328873,2,9,0,8,0,8,0,0,0,0,2,1,6,1,26,6,1242,1,8,6,1,6
2018110328936,1,1,0,18,0,8,0,0,0,0,1,1,5,1,15,3,-1,-1,-1,2,2,2
2018110328936,2,9,0,9,0,8,0,0,0,0,4,1,2,1,33,6,1598,1,9,2,2,2
2018110329003,1,1,0,18,9,0,0,0,0,0,1,1,6,1,14,3,-1,-1,-1,4,1,4
2018110329003,2,9,0,18,0,0,0,0,0,0,1,1,6,1,70,10,1197,1,3,3,2,3
2018110329058,1,19,0,7,0,8,0,0,0,0,4,1,1,1,52,8,2143,2,4,8,1,8
2018110329058,2,1,0,18,0,8,0,0,0,0,1,1,5,1,49,8,-1,-1,-1,8,1,8
2018110329409,1,9,0,18,0,8,0,0,0,0,1,1,6,3,30,6,1995,2,15,-1,-1,-1
2018110329409,2,9,0,18,0,8,1,0,0,0,4,1,5,1,58,9,1997,2,7,2,2,2
2018110329450,1,5,0,17,0,2,1,0,2,11,1,1,5,1,56,9,749,1,8,1,1,1
2018110329479,1,9,0,9,0,8,0,0,0,0,3,1,6,2,18,4,998,1,2,1,1,1
2018110329479,2,9,0,18,0,8,0,0,1,10,1,1,6,1,18,4,1149,1,9,9,2,9
2018110329511,1,9,0,18,0,8,0,0,0,0,1,1,6,1,33,6,1896,2,16,3,1,3
2018110329511,2,9,0,9,0,8,0,0,0,0,2,1,6,1,40,7,-1,-1,-1,1,1,1
2018110329534,1,9,0,9,0,8,0,0,0,0,1,1,6,1,21,5,1229,1,10,1,1,1
2018110329534,2,1,0,18,0,8,0,0,0,0,4,1,6,1,56,9,-1,-1,-1,2,1,2
2018110329598,1,19,0,18,0,1,0,0,0,0,1,1,6,3,30,6,1686,2,13,-1,-1,-1
2018110329638,1,9,0,18,0,1,0,0,0,0,1,1,6,2,30,6,1229,1,13,-1,-1,-1
2018110329638,2,9,0,10,0,1,0,0,0,0,2,1,6,2,57,9,1995,2,8,10,1,10
2018110329672,1,21,0,16,0,7,5,9,6,9,1,1,1,1,32,6,9200,2,11,1,1,1
2018110329672,2,19,0,4,0,1,0,0,0,0,3,1,1,2,64,9,1995,2,1,4,1,4
2018110329672,3,9,0,4,0,1,0,0,0,0,3,1,5,1,91,11,2993,2,4,9,1,9
2018110329713,1,8,0,7,0,8,0,0,0,0,1,1,1,1,33,6,1598,2,4,2,1,2
2018110329811,1,5,0,18,0,2,0,0,0,0,1,1,6,2,30,6,649,1,1,2,1,2
2018110329811,2,9,0,6,0,2,0,0,0,0,3,1,6,3,30,6,-1,-1,-1,-1,-1,-1
2018110329847,1,9,0,18,0,0,0,0,0,0,1,1,5,1,74,10,1398,1,-1,4,2,4
2018110329847,2,9,0,2,0,0,0,0,0,0,2,1,5,2,34,6,998,1,7,7,2,7
2018110329885,1,1,0,14,0,2,0,0,0,0,4,1,1,1,14,3,-1,-1,-1,10,1,10
2018110329885,2,9,0,18,0,1,0,0,0,0,1,1,1,2,35,6,1242,1,4,9,-1,9
2018110329972,1,9,0,9,0,8,0,0,0,0,4,1,5,1,70,10,1149,1,7,1,2,1
2018110329972,2,9,0,18,0,8,0,0,0,0,3,1,5,1,37,7,2993,2,10,7,3,7
2018110330328,1,9,0,17,0,8,5,0,1,11,4,1,5,1,32,6,1596,1,14,3,1,3
2018110330389,1,11,0,9,0,8,0,0,0,0,0,1,1,2,41,7,5132,2,1,3,1,3
2018110330615,1,9,0,18,0,0,0,0,0,0,1,1,5,1,71,10,1499,2,1,4,3,4
2018110330615,2,9,0,2,0,0,0,0,0,0,2,1,6,1,36,7,1968,2,1,4,2,4
2018110330642,1,9,0,16,0,0,0,0,0,0,3,1,6,1,25,5,1398,1,18,3,1,3
2018110330642,2,9,0,17,0,0,0,0,0,0,3,1,6,2,39,7,1598,1,10,3,1,3
2018110330761,1,9,0,5,0,8,0,0,0,0,1,1,1,1,21,5,-1,-1,-1,-1,-1,-1
2018110330761,2,1,0,18,0,8,0,0,0,0,4,1,6,1,34,6,-1,-1,-1,2,1,2
2018110330816,1,19,0,4,0,0,0,0,0,0,1,1,1,1,37,7,1995,2,-1,3,1,3
2018110330816,2,9,0,18,0,0,0,0,0,0,2,1,1,1,32,6,-1,-1,-1,7,1,7
2018110330816,3,9,0,18,0,0,0,0,0,0,1,1,1,1,56,9,1984,1,8,7,1,7
2018110330834,1,8,0,17,0,0,0,0,0,0,0,1,1,1,30,6,1598,2,2,-1,-1,-1
2018110330888,1,9,0,8,0,6,0,0,0,0,3,1,5,1,30,6,1796,1,8,5,1,5
2018110330888,2,1,0,18,0,1,0,0,0,0,1,1,2,1,45,7,-1,-1,-1,7,3,7
2018110330937,1,9,0,18,0,2,0,10,1,11,4,1,6,1,26,6,2993,2,11,2,3,2
2018110330944,1,9,0,18,0,1,1,4,0,0,1,1,5,2,33,6,1242,1,12,1,1,1
2018110330944,2,9,0,2,0,1,0,0,0,0,3,1,5,2,30,6,1910,2,10,7,1,7
2018110330944,3,9,0,2,0,1,0,0,0,0,3,1,5,2,30,6,1598,1,15,7,1,7
2018110330987,1,9,0,5,0,4,0,0,0,0,3,1,2,2,26,6,1560,2,3,7,-1,7
2018110330987,2,9,0,9,0,8,0,0,0,0,4,1,2,2,57,9,1242,1,3,3,1,3
2018110331031,1,9,0,18,0,0,0,0,0,0,1,1,6,2,30,6,-1,-1,-1,-1,-1,-1
2018110331031,2,90,0,18,0,0,0,0,0,0,4,1,6,1,6,2,-1,-1,-1,9,1,9
2018110331041,1,19,0,18,0,0,0,10,1,4,4,1,1,1,27,6,2299,2,2,3,1,3
2018110331124,1,9,0,18,0,0,0,0,0,0,1,1,3,1,33,6,1461,2,7,3,2,3
2018110331151,1,9,0,18,0,8,0,0,0,0,1,1,5,1,19,4,1390,1,13,3,1,3
2018110331151,2,1,0,18,0,1,0,0,0,0,1,1,5,1,13,3,-1,-1,-1,2,1,2
2018110331406,1,9,0,18,0,0,5,0,5,4,3,1,5,1,43,7,1398,2,8,4,1,4
2018110331430,1,9,0,15,0,0,5,0,7,0,1,1,1,1,-1,-1,-1,-1,-1,9,1,9
2018110331430,2,9,0,9,0,0,0,0,0,0,1,1,2,1,58,9,2488,2,4,5,2,5
2018110331446,1,9,0,9,0,4,0,0,0,0,4,1,5,2,45,7,1339,1,8,6,3,6
2018110331446,2,21,1,18,0,1,0,0,0,0,1,1,1,1,46,8,12902,2,3,5,1,5
2018110331475,1,9,0,5,0,8,0,0,0,0,0,1,6,1,45,7,3950,1,19,2,1,2
2018110331475,2,9,0,18,0,1,0,0,1,2,1,1,6,1,19,4,1360,1,12,4,1,4
2018110331487,1,9,0,18,0,0,0,0,0,0,1,1,6,1,31,6,1956,2,8,5,1,5
2018110331487,2,9,0,4,0,0,0,0,0,0,2,1,6,1,38,7,1969,2,1,6,1,6
2018110331487,3,9,0,4,0,0,0,0,0,0,2,1,6,1,31,6,1984,1,2,9,1,9
2018110331487,4,9,0,4,0,0,0,0,0,0,2,1,6,1,39,7,1968,2,1,9,1,9
2018110331530,1,9,0,18,0,1,0,0,0,0,1,1,5,1,24,5,-1,-1,-1,10,1,10
2018110331530,2,9,0,8,0,1,1,0,0,0,2,1,3,2,34,6,-1,-1,-1,6,1,6
2018110331588,1,9,0,13,0,0,0,0,7,0,1,1,3,1,44,7,1396,2,6,5,2,5
2018110331588,2,9,0,18,0,0,0,0,0,0,1,1,2,1,45,7,1598,2,2,6,3,6
2018110331692,1,9,0,9,0,8,0,0,0,0,1,1,5,2,22,5,1200,1,2,5,3,5
2018110331751,1,9,0,9,9,0,0,0,7,2,1,1,6,1,24,5,1248,2,5,1,1,1
2018110331869,1,9,0,13,0,1,0,0,0,0,1,1,5,1,82,11,-1,-1,-1,10,1,10
2018110331869,2,17,0,9,0,5,0,0,0,0,3,1,5,1,30,6,6788,2,11,3,3,3
2018110331924,1,9,0,18,0,0,0,4,0,0,1,1,6,1,22,5,1910,2,12,4,2,4
2018110331924,2,9,0,2,0,0,0,10,8,10,2,1,5,1,46,8,1956,2,6,2,2,2
2018110331924,3,9,0,18,0,0,0,0,0,0,0,1,1,1,40,7,2993,2,1,9,1,9
2018110332179,1,11,0,2,0,0,0,0,0,0,0,1,1,1,57,9,6700,2,6,-1,-1,-1
2018110332244,1,97,0,13,0,0,0,0,7,0,4,1,6,1,19,4,-1,-1,-1,2,2,2
2018110332244,2,9,0,9,0,0,0,0,0,0,3,1,1,1,53,8,-1,-1,-1,-1,-1,-1
2018110332249,1,9,0,5,8,0,0,0,0,0,0,1,1,1,40,7,1595,1,16,10,1,10
2018110332249,2,11,0,18,0,0,0,0,0,0,0,1,6,1,47,8,-1,-1,-1,2,1,2
2018110332283,1,9,0,18,0,8,0,0,0,0,1,1,5,1,57,9,1984,1,1,6,2,6
2018110332283,2,9,0,10,0,8,0,0,0,0,2,1,5,2,33,6,1149,1,13,5,2,5
2018110332316,1,9,0,9,0,8,0,0,0,0,0,1,6,1,56,9,1560,2,6,3,1,3
2018110332316,2,11,0,18,0,8,0,0,0,0,0,1,1,1,55,8,6700,2,6,-1,-1,-1
2018110332318,1,9,0,13,0,0,1,0,0,0,1,1,5,2,58,9,1275,1,24,6,1,6
2018110332318,2,1,0,18,0,0,0,0,0,0,1,1,5,1,43,7,-1,-1,-1,5,3,5
2018110332318,3,1,0,18,0,0,0,0,0,0,1,1,5,1,41,7,-1,-1,-1,7,3,7
2018110332318,4,1,0,18,0,0,0,0,0,0,0,1,5,1,36,7,-1,-1,-1,7,3,7
2018110332318,5,1,0,18,0,0,0,0,0,0,0,1,5,1,47,8,-1,-1,-1,9,3,9
2018110332395,1,9,0,18,0,8,0,0,0,0,1,1,6,2,40,7,1598,1,8,1,2,1
2018110332395,2,19,0,18,0,8,0,0,0,0,2,1,5,2,46,8,2148,2,10,-1,-1,-1
2018110332457,1,9,0,16,0,1,0,0,0,0,1,1,5,1,77,11,1461,2,-1,3,1,3
2018110332457,2,9,0,10,0,1,0,0,0,0,2,1,1,1,40,7,1598,2,3,7,1,7
2018110332457,3,19,0,16,0,1,0,0,0,0,1,1,1,1,54,8,2143,2,6,3,1,3
2018110332492,1,9,0,18,0,1,0,0,0,0,1,1,6,1,40,7,998,1,5,7,1,7
2018110332492,2,9,0,4,0,1,0,0,0,0,2,1,5,2,62,9,1248,1,2,8,1,8
2018110332584,1,19,0,18,0,6,0,0,0,0,1,1,6,1,40,7,2143,2,6,8,1,8
2018110332584,2,9,0,18,0,8,0,0,0,0,4,1,2,1,19,4,1198,1,8,-1,-1,-1
2018110332629,1,9,0,18,0,3,0,0,0,0,1,1,6,1,30,6,1395,1,3,7,1,7
2018110332629,2,9,0,18,0,3,0,0,0,0,2,1,5,1,66,10,995,1,10,3,1,3
2018110332695,1,9,0,18,0,1,0,0,0,0,1,1,6,2,50,8,1200,1,-1,8,1,8
2018110332695,2,9,0,18,0,1,0,0,0,0,2,1,5,2,59,9,1582,2,7,4,1,4
2018110332695,3,9,0,18,0,1,0,0,0,0,2,1,6,3,40,7,-1,-1,-1,-1,-1,-1
2018110332728,1,9,0,18,0,0,0,0,0,0,1,1,6,1,23,5,-1,-1,-1,2,2,2
2018110332728,2,9,0,18,0,0,0,0,0,0,2,1,5,1,58,9,998,1,1,1,1,1
2018110332762,1,11,0,4,0,0,0,0,0,0,4,1,1,1,50,8,6696,2,3,4,1,4
2018110332791,1,9,0,7,0,1,0,0,0,0,3,1,5,2,24,5,-1,-1,-1,3,1,3
2018110332791,2,9,0,18,0,1,0,0,0,0,1,1,5,2,63,9,1560,2,7,4,3,4
2018110332854,1,9,0,16,0,0,2,0,7,11,3,1,2,1,41,7,1968,2,10,3,1,3
2018110332887,1,98,0,7,0,1,0,0,0,0,1,1,6,3,40,7,-1,-1,-1,-1,-1,-1
2018110332887,2,1,0,18,0,1,0,0,0,0,4,1,6,1,26,6,-1,-1,-1,8,1,8
2018110333428,1,9,0,9,0,8,0,0,0,0,1,1,6,1,59,9,1560,2,1,3,2,3
2018110333428,2,3,0,18,0,8,0,0,0,0,1,1,6,1,18,4,124,1,5,10,1,10
2018110333487,1,9,0,7,0,8,0,0,0,0,1,1,6,1,36,7,1896,2,14,5,2,5
2018110333487,2,9,0,18,0,1,0,0,0,0,1,1,1,1,46,8,1796,1,8,1,1,1
2018110333528,1,21,1,18,0,0,0,0,0,0,1,1,1,1,58,9,12740,2,5,5,1,5
2018110333569,1,9,0,18,0,0,0,0,0,0,1,1,6,3,-1,-1,-1,-1,-1,-1,-1,-1
2018110333618,1,9,0,18,0,0,0,0,0,0,1,1,5,1,53,8,1398,2,8,4,2,4
2018110333618,2,9,0,3,0,0,0,0,0,0,2,1,1,2,28,6,1968,2,-1,3,1,3
2018110333630,1,9,0,15,0,0,0,0,0,0,0,1,5,2,37,7,2231,2,6,7,2,7
2018110333630,2,9,0,18,0,0,0,0,0,0,0,1,5,2,55,8,998,1,6,6,2,6
2018110333630,3,9,0,18,0,0,0,10,1,0,0,1,5,1,51,8,-1,-1,-1,2,1,2
2018110333630,4,9,0,18,0,0,0,0,0,0,2,1,5,2,55,8,1499,2,5,8,2,8
2018110333657,1,5,0,16,0,0,0,0,4,6,1,1,5,1,74,10,600,1,23,3,1,3
2018110333739,1,9,0,9,0,1,0,0,0,0,1,1,5,2,46,8,1598,2,3,10,1,10
2018110333739,2,9,0,18,0,8,0,0,0,0,1,1,5,2,37,7,998,1,1,10,2,10
2018110333745,1,9,0,9,0,1,0,0,0,0,1,1,6,1,65,9,1498,1,-1,1,2,1
2018110333745,2,9,0,18,0,1,0,0,0,0,1,1,6,1,45,7,1461,2,12,7,2,7
2018110333780,1,9,0,18,0,1,0,0,0,0,1,1,6,3,-1,-1,1582,2,3,-1,-1,-1
2018110333780,2,9,0,7,0,1,0,0,0,0,2,1,5,1,24,5,1363,2,15,7,1,7
2018110333923,1,9,0,10,0,1,0,0,0,0,4,1,5,2,25,5,1399,2,11,2,1,2
2018110333923,2,9,0,18,0,8,0,0,0,0,1,1,6,1,49,8,-1,-1,-1,2,1,2
2018110333983,1,9,0,18,0,0,0,0,2,7,1,1,5,1,64,9,1499,1,3,10,1,10
2018110333983,2,21,1,18,0,0,0,0,0,0,1,1,1,1,50,8,12740,2,5,6,1,6
2018110334047,1,9,0,18,0,0,0,10,1,0,3,1,6,1,40,7,1399,2,8,-1,-1,-1
2018110334047,2,9,0,18,0,0,0,0,0,0,4,1,5,1,78,11,1984,1,8,4,1,4
2018110334169,1,9,0,18,0,0,0,0,0,0,1,1,6,1,76,11,2191,2,2,10,1,10
2018110334169,2,9,0,2,0,0,0,0,0,0,4,1,1,2,36,7,1951,2,13,1,1,1
2018110334285,1,9,0,9,0,1,0,0,0,0,4,1,5,1,56,9,2962,1,23,3,1,3
2018110334285,2,9,0,18,0,1,0,0,0,0,1,1,6,2,65,9,1364,1,1,3,2,3
2018110334296,1,9,0,1,0,0,0,0,0,0,2,1,6,2,30,6,1299,1,15,-1,-1,-1
2018110334296,2,9,0,18,0,0,0,0,0,0,1,1,6,1,40,7,-1,-1,-1,4,1,4
2018110334373,1,9,0,9,0,6,0,0,0,0,3,1,5,2,17,4,1229,1,5,6,1,6
2018110334373,2,9,0,18,0,1,0,0,0,0,1,1,2,1,55,8,1461,2,2,7,2,7
2018110334452,1,9,0,18,0,0,0,0,0,0,1,1,6,3,30,6,-1,-1,-1,-1,-1,-1
2018110334452,2,9,0,18,0,0,0,0,0,0,1,1,1,1,40,7,2993,2,3,9,1,9
2018110334452,3,19,0,18,0,0,0,0,0,0,2,1,1,1,41,7,2198,2,9,2,2,2
2018110334452,4,19,0,2,0,0,0,0,0,0,1,1,1,1,62,9,1560,2,8,9,2,9
2018110334521,1,1,0,18,0,8,0,0,0,0,1,1,6,1,16,4,-1,-1,-1,-1,-1,-1
2018110334521,2,11,0,7,0,8,0,0,0,0,4,1,1,2,52,8,4250,2,10,2,3,2
2018110334537,1,9,0,9,0,6,0,0,0,0,1,1,6,2,51,8,1598,1,10,5,1,5
2018110334537,2,9,0,18,0,1,0,0,0,0,4,1,6,1,17,4,1598,1,11,4,1,4
2018110335495,1,9,0,9,0,8,0,0,0,0,3,1,6,1,87,11,1598,1,7,4,1,4
2018110335495,2,9,0,18,0,8,0,0,0,0,1,1,1,1,53,8,1796,1,12,7,3,7
2018110335564,1,9,5,18,0,0,0,0,0,0,0,1,5,1,69,10,2495,2,21,4,3,4
2018110335564,2,9,0,16,0,0,0,11,0,0,1,1,6,2,54,8,1246,1,12,5,3,5
2018110335614,1,9,0,17,0,0,2,0,1,4,2,1,6,1,23,5,1995,2,15,3,1,3
2018110335650,1,9,0,13,0,0,0,0,1,11,1,1,6,1,21,5,1995,2,9,1,2,1
2018110335650,2,9,0,18,0,0,1,0,1,11,1,1,6,1,47,8,1399,2,16,5,1,5
2018110335650,3,9,0,18,0,0,0,0,0,0,3,1,6,1,18,4,1998,1,5,8,2,8
2018110335763,1,9,0,3,0,1,0,0,0,0,1,1,1,1,27,6,1598,1,3,6,1,6
2018110335763,2,9,0,3,0,1,0,0,0,0,2,1,1,1,50,8,1461,2,4,2,1,2
2018110335763,3,9,0,4,0,1,0,0,0,0,2,1,1,2,61,9,-1,-1,-1,6,3,6
2018110335855,1,9,0,18,0,0,0,0,0,0,1,1,1,2,41,7,1248,2,9,5,2,5
2018110335855,2,9,0,3,0,0,0,0,0,0,2,1,5,2,56,9,1491,2,7,1,1,1
2018110335855,3,19,0,3,0,0,0,0,0,0,2,1,1,1,58,9,1560,2,1,8,1,8
2018110335855,4,19,0,3,0,0,0,0,0,0,2,1,1,1,58,9,1598,2,1,-1,-1,-1
2018110335975,1,9,0,18,0,0,2,0,7,0,0,1,6,1,29,6,1360,1,15,1,1,1
2018110335975,2,9,0,18,0,0,0,0,7,0,0,1,6,2,24,5,-1,-1,-1,1,1,1
2018110336028,1,9,0,18,0,1,0,0,0,0,1,1,6,1,30,6,1896,2,12,2,1,2
2018110336028,2,9,0,3,0,8,0,0,0,0,2,1,5,2,45,7,1968,2,8,9,2,9
2018110336084,1,9,0,18,0,0,0,0,0,0,1,1,6,2,30,6,1149,1,10,2,1,2
2018110336120,1,9,0,9,0,1,0,0,0,0,1,1,6,2,20,4,998,1,2,1,1,1
2018110336120,2,1,0,18,0,1,0,0,0,0,1,1,6,2,20,4,-1,-1,-1,7,1,7
2018110336247,1,9,0,16,0,0,0,0,0,0,1,1,2,1,25,5,1896,2,17,5,1,5
2018110336247,2,9,0,17,0,0,0,0,0,0,1,1,5,1,25,5,1968,2,1,10,1,10
2018110336604,1,9,0,18,0,0,0,0,0,0,4,1,6,3,40,7,-1,-1,-1,-1,-1,-1
2018110336645,1,9,0,18,0,1,0,0,0,0,1,1,2,2,33,6,1149,1,4,5,1,5
2018110336645,2,9,0,18,0,1,0,0,0,0,4,1,2,2,30,6,1390,1,9,2,1,2