Accident_Index,Vehicle_Reference,Vehicle_Type,Towing_and_Articulation,Vehicle_Manoeuvre,Vehicle_Location-Restricted_Lane,Junction_Location,Skidding_and_Overturning,Hit_Object_in_Carriageway,Vehicle_Leaving_Carriageway,Hit_Object_off_Carriageway,1st_Point_of_Impact,Was_Vehicle_Left_Hand_Drive?,Journey_Purpose_of_Driver,Sex_of_Driver,Age_of_Driver,Age_Band_of_Driver,Engine_Capacity_(CC),Propulsion_Code,Age_of_Vehicle,Driver_IMD_Decile,Driver_Home_Area_Type,Vehicle_IMD_Decile
2018110336692,1,9,0,18,0,0,0,0,0,0,1,1,6,1,50,8,-1,-1,-1,-1,-1,-1
2018110336692,2,9,0,18,0,0,0,0,0,0,2,1,6,2,71,10,-1,-1,-1,-1,-1,-1
2018110336726,1,9,0,18,0,1,0,0,0,0,1,1,6,1,23,5,1956,2,6,4,1,4
2018110336726,2,9,0,10,0,1,0,0,0,0,3,1,1,2,30,6,1598,2,-1,3,2,3
2018110336733,1,9,0,17,0,8,0,0,1,11,1,1,6,2,76,11,1242,1,5,5,2,5
2018110336733,2,9,0,18,0,8,0,0,0,0,4,1,6,1,49,8,1968,2,4,4,3,4
2018110336764,1,98,0,18,0,0,0,0,0,0,1,1,6,1,40,7,-1,-1,-1,-1,-1,-1
2018110336764,2,9,0,3,0,0,0,0,0,0,2,1,6,2,46,8,1461,2,2,2,1,2
2018110336780,1,9,0,18,0,0,0,0,0,0,1,1,5,2,47,8,2993,2,2,9,1,9
2018110336780,2,9,0,4,0,0,0,0,0,0,2,1,5,2,40,7,1395,1,-1,9,1,9
2018110336841,1,23,0,9,0,8,0,0,0,0,1,1,6,1,22,5,125,1,-1,1,1,1
2018110336841,2,9,0,18,0,8,0,0,0,0,4,1,6,1,18,4,1399,2,10,7,2,7
2018110336924,1,19,0,1,0,2,0,0,0,0,2,1,6,1,27,6,1868,2,15,1,1,1
2018110336924,2,9,0,18,0,2,0,0,0,0,1,1,1,1,27,6,1248,2,4,9,1,9
2018110336955,1,9,0,18,0,8,0,0,0,0,1,1,6,3,30,6,1229,1,13,-1,-1,-1
2018110336955,2,9,0,10,0,8,0,0,0,0,2,1,6,1,34,6,1796,1,10,1,1,1
2018110336972,1,9,0,18,0,1,0,0,0,0,1,1,5,1,89,11,2157,2,1,1,1,1
2018110336972,2,9,0,3,0,1,0,0,0,0,2,1,5,2,32,6,2488,2,5,3,2,3
2018110337003,1,9,0,18,0,0,0,0,0,0,1,1,5,2,62,9,2179,2,7,2,2,2
2018110337003,2,11,0,2,0,0,0,0,0,0,0,1,1,3,50,8,-1,-1,-1,-1,-1,-1
2018110337074,1,9,0,17,0,0,0,0,0,0,1,1,6,1,28,6,1896,2,13,-1,-1,-1
2018110337074,2,9,0,2,0,0,0,0,0,0,2,1,5,1,46,8,998,1,-1,3,1,3
2018110337074,3,9,0,2,0,0,0,0,0,0,1,1,5,3,46,8,1896,2,15,-1,-1,-1
2018110337074,4,19,0,2,0,0,0,0,0,0,1,1,5,1,30,6,2198,2,6,3,1,3
2018110337138,1,9,0,7,0,8,0,0,0,0,1,1,5,2,27,6,1995,2,4,2,1,2
2018110337172,1,9,0,18,0,2,0,0,7,11,1,1,6,1,28,6,2800,2,21,3,1,3
2018110337172,2,9,0,18,0,1,0,0,0,0,1,1,6,2,21,5,1229,1,-1,5,1,5
2018110337190,1,3,0,18,0,0,0,0,0,0,1,1,6,1,17,4,125,1,2,4,3,4
2018110337190,2,9,0,18,0,0,0,0,0,0,2,1,6,3,30,6,-1,-1,-1,-1,-1,-1
2018110337211,1,11,0,5,0,0,0,0,0,0,0,1,1,1,25,5,12816,5,5,1,1,1
2018110337657,1,19,0,18,0,0,0,0,0,0,1,1,1,1,44,7,1560,2,2,3,1,3
2018110337657,2,9,0,2,0,0,0,0,0,0,0,1,5,2,22,5,1360,1,10,2,2,2
2018110337657,3,9,0,2,0,0,0,0,0,0,0,1,5,1,28,6,1798,1,9,1,1,1
2018110337897,1,9,0,9,0,8,0,0,0,0,1,1,6,1,26,6,899,1,4,-1,-1,-1
2018110337897,2,1,0,18,0,8,0,0,0,0,4,1,6,1,60,9,-1,-1,-1,2,2,2
2018110337904,1,1,0,16,0,0,0,0,7,10,1,1,6,1,16,4,-1,-1,-1,7,1,7
2018110337930,1,9,0,12,0,2,0,0,0,0,0,1,6,3,30,6,-1,-1,-1,-1,-1,-1
2018110337930,2,19,0,12,0,2,0,0,0,0,0,1,1,1,37,7,2143,2,1,4,1,4
2018110337930,3,9,0,4,0,2,0,0,0,0,2,1,1,1,57,9,-1,-1,-1,7,1,7
2018110337930,4,19,0,18,0,2,0,0,0,0,1,1,1,1,29,6,1995,2,1,3,1,3
2018110337930,5,9,0,4,0,2,0,0,0,0,2,1,1,1,23,5,1461,2,-1,1,2,1
2018110338035,1,98,1,7,0,8,0,0,0,0,3,1,1,1,35,6,-1,-1,-1,7,2,7
2018110338117,1,9,0,18,0,8,0,0,0,0,4,1,6,2,20,4,-1,-1,-1,8,1,8
2018110338117,2,17,0,18,0,8,0,0,0,0,1,1,1,1,26,6,-1,-1,-1,3,1,3
2018110338117,3,19,0,18,0,1,0,0,0,0,1,1,6,1,34,6,2143,2,3,1,1,1
2018110338117,4,9,0,18,0,1,0,0,0,0,1,1,1,2,40,7,1461,2,8,3,3,3
2018110338474,1,9,0,9,0,8,0,0,1,2,3,1,6,2,22,5,1200,1,3,3,1,3
2018110338474,2,8,0,18,0,8,0,0,0,0,1,1,1,1,44,7,1598,2,3,3,1,3
2018110338617,1,9,0,18,0,3,0,0,7,0,1,1,5,2,19,4,998,1,12,2,1,2
2018110338674,1,9,0,17,0,0,1,0,0,0,1,1,6,1,45,7,3999,1,10,4,1,4
2018110338674,2,9,0,16,0,0,1,0,0,0,1,1,5,2,41,7,1598,1,12,3,1,3
2018110338674,3,9,0,16,0,0,1,0,0,0,3,1,5,2,30,6,1969,2,3,9,-1,9
2018110338699,1,9,0,18,0,2,0,0,0,0,1,1,5,1,85,11,1395,1,2,10,1,10
2018110338714,1,9,0,18,0,0,0,0,0,0,3,1,5,1,19,4,1199,2,7,2,1,2
2018110338778,1,9,0,18,0,8,0,0,0,0,1,1,5,1,31,6,998,1,10,2,1,2
2018110338778,2,9,0,18,0,8,0,0,1,11,3,1,5,2,65,9,998,1,8,4,-1,4
2018110338812,1,9,0,18,0,1,5,0,0,0,1,1,5,2,28,6,1956,2,3,3,2,3
2018110338812,2,9,0,2,0,1,0,0,1,0,1,1,6,1,30,6,998,1,10,3,2,3
2018110338883,1,9,0,18,0,8,0,0,0,0,1,1,6,2,22,5,1598,2,6,1,1,1
2018110338883,2,8,0,3,0,1,0,0,0,0,2,1,6,1,59,9,2198,2,5,1,1,1
2018110338883,3,9,0,10,0,1,0,0,0,0,0,1,6,2,37,7,1685,2,5,4,1,4
2018110338934,1,9,0,17,0,8,0,0,0,0,1,1,6,1,22,5,1360,1,9,7,2,7
2018110338934,2,19,0,16,0,8,0,0,0,0,1,1,1,1,67,10,1995,2,-1,2,1,2
2018110338954,1,9,0,9,0,8,0,0,0,0,3,1,5,2,38,7,1200,1,1,3,1,3
2018110338954,2,19,0,18,0,8,0,0,0,0,1,1,5,1,30,6,2402,2,16,4,2,4
2018110338968,1,9,0,12,0,0,0,0,2,7,3,1,5,2,78,11,998,1,3,9,2,9
2018110338968,2,9,0,18,0,0,2,0,5,6,4,1,5,1,54,8,2000,2,12,2,1,2
2018110339023,1,9,0,18,0,8,0,0,0,0,1,1,5,2,84,11,1587,1,13,2,2,2
2018110339023,2,19,0,10,0,8,0,0,0,0,2,1,5,2,46,8,1598,2,7,5,3,5
2018110339030,1,9,0,18,0,0,1,0,1,4,1,1,1,2,25,5,1108,1,18,2,2,2
2018110339044,1,9,0,9,0,8,0,0,0,0,3,1,6,1,30,6,1997,2,11,1,1,1
2018110339044,2,9,0,18,0,8,0,0,0,0,1,1,6,1,23,5,999,1,2,5,1,5
2018110339100,1,9,0,18,0,0,0,0,0,0,4,1,6,2,50,8,1329,1,9,-1,-1,-1
2018110339181,1,9,0,1,0,0,0,0,0,0,2,1,6,2,70,10,998,1,10,-1,-1,-1
2018110339204,1,9,0,18,0,0,1,0,1,4,1,1,6,1,17,4,1199,1,15,7,3,7
2018110339427,1,11,0,18,0,4,0,0,0,0,0,1,1,1,58,9,6700,2,6,2,1,2
2018110339615,1,9,0,9,0,6,0,0,0,0,3,1,5,1,56,9,1395,1,-1,6,1,6
2018110339615,2,9,0,18,0,1,0,0,0,0,1,1,5,2,84,11,1242,1,12,4,2,4
2018110339671,1,9,0,18,0,0,0,0,7,10,1,1,6,1,62,9,-1,-1,-1,2,1,2
2018110339764,1,9,0,18,0,0,0,0,0,0,1,1,6,3,30,6,-1,-1,-1,-1,-1,-1
2018110339764,2,5,0,18,0,0,0,0,0,0,2,1,6,1,50,8,600,1,-1,5,3,5
2018110339810,1,9,0,18,0,0,0,0,0,0,1,1,6,2,65,9,1798,1,3,10,1,10
2018110339864,1,97,0,18,9,0,0,0,0,0,1,1,6,3,20,4,-1,-1,-1,-1,-1,-1
2018110339927,1,9,0,9,0,1,0,0,0,0,1,1,5,2,21,5,1242,1,3,8,1,8
2018110339927,2,9,0,8,0,8,0,0,0,0,3,1,5,1,20,4,1781,1,20,2,1,2
2018110339974,1,9,0,18,0,4,0,0,3,1,1,1,5,1,48,8,-1,-1,-1,3,1,3
2018110340022,1,9,0,18,0,1,5,0,2,2,1,1,6,1,27,6,1598,2,1,2,1,2
2018110340022,2,9,0,3,0,1,0,0,0,0,2,1,6,1,36,7,1461,2,10,2,2,2
2018110340037,1,9,0,18,0,0,0,0,0,0,1,1,5,2,59,9,1798,8,-1,1,1,1
2018110340265,1,9,0,18,0,0,0,0,0,0,1,1,6,3,40,7,-1,-1,-1,-1,-1,-1
2018110340265,2,9,0,18,0,0,0,0,0,0,2,1,6,1,52,8,1461,2,12,1,1,1
2018110340299,1,9,0,7,0,4,0,0,0,0,3,1,6,3,40,7,-1,-1,-1,-1,-1,-1
2018110340299,2,9,0,18,0,8,0,0,0,0,1,1,6,2,28,6,1329,1,5,4,1,4
2018110340335,1,9,0,7,0,6,0,0,0,0,1,1,6,1,43,7,1587,1,13,-1,-1,-1
2018110340335,2,19,0,18,0,8,0,0,0,0,4,1,1,1,43,7,2402,2,8,2,1,2
2018110340573,1,9,0,18,0,1,0,0,0,0,1,1,5,1,36,7,1753,2,14,3,1,3
2018110340573,2,9,0,4,0,1,0,0,0,0,2,1,5,2,33,6,1499,2,3,5,2,5
2018110340596,1,9,0,18,0,0,0,0,0,0,3,1,6,2,64,9,1388,1,15,5,1,5
2018110340607,1,9,0,9,0,8,0,0,0,0,3,1,6,3,30,6,-1,-1,-1,-1,-1,-1
2018110340607,2,3,0,18,0,8,0,0,0,0,1,1,6,1,20,4,125,1,-1,2,2,2
2018110340644,1,9,0,9,0,8,0,0,0,0,1,1,6,1,30,6,-1,-1,-1,-1,-1,-1
2018110340808,1,9,0,18,0,0,0,0,0,0,4,1,6,3,40,7,1360,1,9,-1,-1,-1
2018110340808,2,9,0,2,0,0,0,0,0,0,3,1,5,1,76,11,1591,1,4,5,2,5
2018110340808,3,9,0,18,0,0,0,0,0,0,1,1,5,1,59,9,647,8,1,3,3,3
2018110341654,1,9,0,4,0,1,0,0,1,0,3,1,2,1,47,8,1896,2,16,3,1,3
2018110341654,2,9,0,18,0,1,0,0,0,0,4,1,2,1,28,6,-1,-1,-1,5,3,5
2018110341794,1,9,0,7,0,1,1,0,0,0,1,1,6,1,37,7,1968,2,3,8,1,8
2018110341794,2,9,0,7,0,1,0,0,0,0,3,1,3,2,36,7,1318,1,-1,8,2,8
2018110341900,1,9,0,5,0,8,0,0,0,0,0,1,6,1,27,6,1968,2,8,8,1,8
2018110341900,2,3,0,18,0,1,1,0,7,0,0,1,6,1,21,5,125,1,1,2,1,2
2018110341984,1,9,0,16,0,0,0,0,7,3,1,1,5,1,17,4,1399,2,10,9,1,9
2018110342406,1,9,0,9,0,6,0,0,0,0,1,1,5,1,40,7,2143,2,2,8,2,8
2018110342406,2,9,0,3,0,1,0,0,0,0,1,1,1,2,40,7,1248,2,5,9,1,9
2018110342406,3,9,0,3,0,1,0,0,0,0,0,1,5,1,58,9,1339,8,6,7,1,7
2018110342667,1,9,0,18,0,6,0,0,7,4,4,1,2,1,47,8,1461,2,14,7,1,7
2018110342667,2,9,0,18,0,8,0,0,0,0,1,1,6,1,59,9,1396,1,5,6,2,6
2018110342754,1,9,0,5,0,1,0,0,0,0,1,1,5,1,67,10,1868,2,18,3,1,3
2018110342754,2,9,0,18,0,1,0,0,0,0,3,1,1,1,56,9,-1,-1,-1,3,1,3
2018110342780,1,9,0,18,0,0,0,0,0,0,1,1,6,2,47,8,1398,1,4,10,1,10
2018110342853,1,9,0,10,0,1,0,0,0,0,1,1,5,2,51,8,1242,1,6,1,1,1
2018110342853,2,9,0,18,0,1,0,0,0,0,1,1,5,1,51,8,-1,-1,-1,4,1,4
2018110342860,1,9,0,18,0,0,2,0,7,11,1,1,5,1,21,5,1560,2,9,3,2,3
2018110342861,1,9,0,18,0,1,0,0,0,0,1,1,6,2,30,6,999,1,5,3,1,3
2018110342861,2,9,0,3,0,1,0,0,0,0,2,1,6,2,43,7,1329,1,6,2,2,2
2018110343083,1,9,0,18,0,8,0,0,0,0,1,1,6,2,33,6,1499,2,2,2,1,2
2018110343083,2,9,0,18,0,8,0,0,0,0,4,1,5,1,22,5,1498,1,2,1,1,1
2018110343155,1,9,0,18,0,8,0,0,0,0,3,1,6,2,27,6,1968,2,3,1,1,1
2018110343155,2,9,0,18,0,8,0,0,0,0,4,1,2,1,26,6,1969,2,2,5,2,5
2018110343163,1,4,0,18,0,0,1,0,0,0,4,1,5,1,53,8,145,1,40,8,3,8
2018110343163,2,3,0,18,0,0,0,0,0,0,3,1,5,1,54,8,123,1,34,6,3,6
2018110343163,3,9,0,18,0,0,0,0,0,0,1,1,1,1,33,6,-1,-1,-1,1,1,1
2018110343309,1,9,0,18,0,0,0,0,0,0,0,1,6,3,40,7,-1,-1,-1,-1,-1,-1
2018110343309,2,16,0,18,0,0,0,0,0,0,1,1,6,2,16,4,-1,-1,-1,2,3,2
2018110343309,3,9,0,2,0,0,0,0,0,0,3,1,5,2,40,7,1461,2,1,3,1,3
2018110343335,1,9,0,18,0,0,2,0,1,10,0,1,5,2,18,4,1360,1,12,1,1,1
2018110343378,1,9,0,18,0,4,0,0,0,0,1,1,6,3,30,6,-1,-1,-1,-1,-1,-1
2018110343378,2,9,0,18,0,4,0,0,0,0,4,1,6,2,42,7,2494,1,15,1,1,1
2018110343393,1,9,0,5,0,8,0,0,0,0,1,1,6,3,40,7,-1,-1,-1,-1,-1,-1
2018110343393,2,9,0,18,0,1,0,0,0,0,3,1,5,2,57,9,1461,2,1,2,2,2
2018110343472,1,9,0,18,0,1,0,0,0,0,1,1,2,1,23,5,1986,2,13,1,1,1
2018110343472,2,9,0,10,0,5,0,0,0,0,2,1,6,2,42,7,999,1,-1,2,1,2
2018110343541,1,9,0,17,0,0,0,4,0,0,4,1,6,2,62,9,1560,2,8,9,3,9
2018110343541,2,9,0,2,0,0,0,0,0,0,3,1,6,1,43,7,1995,2,6,5,3,5
2018110343584,1,9,0,18,0,2,0,0,0,0,1,1,6,2,31,6,1197,1,-1,3,3,3
2018110343616,1,9,0,18,0,8,0,0,0,0,4,1,5,2,35,6,1968,2,2,4,1,4
2018110343810,1,9,0,1,0,0,0,0,0,0,2,1,5,1,46,8,2993,2,7,4,1,4
2018110343857,1,1,0,9,0,8,0,0,0,0,1,1,6,1,13,3,-1,-1,-1,1,1,1
2018110343857,2,9,0,9,0,8,0,0,0,0,4,1,6,2,40,7,1999,2,1,5,3,5
2018110343913,1,9,0,1,0,0,0,0,0,0,0,1,6,1,69,10,1596,1,11,8,1,8
2018110344072,1,9,0,18,0,0,0,4,0,0,4,1,6,1,20,4,1242,1,14,-1,-1,-1
2018110344072,2,9,0,2,0,0,0,0,0,0,3,1,5,1,19,4,1560,2,10,4,2,4
2018110344147,1,9,0,9,0,8,0,0,0,0,1,1,6,2,60,9,1496,1,1,10,1,10
2018110344147,2,11,0,18,0,1,0,0,0,0,1,1,1,1,68,10,4461,2,2,4,1,4
2018110344246,1,9,0,18,0,8,1,4,0,0,4,1,5,1,24,5,2143,2,7,7,1,7
2018110344246,2,9,0,7,0,6,1,4,0,0,1,1,1,1,44,7,1991,2,9,6,1,6
2018110344246,3,9,0,2,0,2,0,0,0,0,3,1,5,1,58,9,1794,1,13,5,1,5
2018110344246,4,9,0,2,0,2,0,0,0,0,4,1,5,1,55,8,1149,1,2,5,1,5
2018110344246,5,9,0,2,0,2,0,4,0,0,2,1,5,2,68,10,1200,1,3,6,1,6
2018110344246,6,9,0,2,0,2,0,4,0,0,1,1,5,2,24,5,1242,1,4,6,1,6
2018110344246,7,9,0,2,0,2,0,4,0,0,2,1,5,1,66,10,1198,1,2,6,1,6
2018110344246,8,90,0,2,0,2,0,4,0,0,2,1,5,1,59,9,2400,1,22,6,1,6
2018110344394,1,9,0,18,0,3,0,0,0,0,2,1,6,1,30,6,999,1,-1,7,3,7
2018110344394,2,9,0,18,0,3,0,0,0,0,1,1,5,2,20,4,998,1,5,2,1,2
2018110344414,1,9,0,18,0,0,0,0,0,0,4,1,6,3,40,7,-1,-1,-1,-1,-1,-1
2018110344414,2,1,0,18,0,0,0,0,0,0,3,1,6,2,55,8,-1,-1,-1,7,1,7
2018110344528,1,9,0,18,0,0,0,0,0,0,4,1,1,1,31,6,1753,2,13,3,1,3
2018110344592,1,9,0,18,0,0,0,0,0,0,1,1,6,1,54,8,1968,2,7,5,1,5
2018110344592,2,9,0,4,0,0,0,0,0,0,2,1,6,2,62,9,1560,2,8,4,1,4
2018110344592,3,9,0,4,0,0,0,0,0,0,2,1,6,1,37,7,1995,2,7,2,1,2
2018110344638,1,9,0,14,0,1,0,0,0,0,1,1,6,3,40,7,-1,-1,-1,-1,-1,-1
2018110344832,1,9,0,18,0,1,0,0,0,0,1,1,6,1,43,7,1995,2,8,10,1,10
2018110344832,2,9,0,3,0,1,0,0,0,0,2,1,5,2,53,8,1248,2,8,6,2,6
2018110344886,1,9,0,7,0,2,0,0,0,0,4,1,1,1,62,9,1997,2,7,1,1,1
2018110344945,1,9,0,18,0,0,0,0,0,0,1,1,2,1,19,4,998,1,13,7,2,7
2018110344975,1,9,0,9,0,2,0,0,0,0,1,1,6,1,62,9,1598,2,3,3,1,3
2018110344975,2,3,0,18,0,1,0,0,0,0,1,1,5,1,31,6,-1,-1,-1,1,1,1
2018110344998,1,9,0,18,0,8,0,0,1,0,1,1,6,2,31,6,1461,2,1,10,3,10
2018110344998,2,9,0,18,0,8,0,0,0,0,4,1,6,2,62,9,1968,2,-1,8,1,8
2018110345038,1,9,0,1,0,8,0,0,0,0,3,1,6,1,32,6,1560,2,6,5,1,5
2018110345052,1,9,0,9,0,2,0,0,0,0,1,1,6,3,30,6,1149,1,12,-1,-1,-1
2018110345052,2,9,0,18,0,1,0,0,0,0,3,1,6,2,62,9,1598,1,8,5,3,5
2018110345070,1,9,0,9,0,2,0,0,0,0,1,1,6,3,30,6,-1,-1,-1,-1,-1,-1
2018110345070,2,9,0,18,0,1,0,0,0,0,1,1,6,2,20,4,1198,1,1,1,1,1
2018110345078,1,9,0,18,0,0,1,0,2,4,4,1,2,1,29,6,1753,2,10,3,3,3
2018110345141,1,9,0,14,0,4,0,0,0,0,4,1,6,2,65,9,-1,-1,-1,4,1,4
2018110345141,2,9,0,9,0,3,0,0,0,0,1,1,6,1,18,4,1598,1,6,-1,-1,-1
2018110345176,1,3,0,18,0,1,0,0,7,2,3,1,6,1,35,6,124,1,2,6,2,6
2018110345212,1,9,0,3,0,1,1,0,0,0,4,1,5,1,23,5,1956,2,3,4,1,4
2018110345308,1,9,0,18,0,1,1,0,1,5,1,1,6,1,17,4,1598,2,6,2,1,2
2018110345312,1,9,0,5,0,2,0,0,0,0,1,1,6,3,40,7,-1,-1,-1,-1,-1,-1
2018110345312,2,9,0,18,0,8,0,0,0,0,3,1,1,2,45,7,1240,1,14,5,1,5
2018110345516,1,11,0,18,2,2,0,0,0,0,0,1,1,1,68,10,4250,2,9,4,1,4
2018110345523,1,9,0,18,0,1,0,0,0,0,1,1,6,1,25,5,-1,-1,-1,1,1,1
2018110345523,2,9,0,3,0,1,0,0,0,0,2,1,6,2,30,6,1398,2,16,1,1,1
2018110345592,1,9,0,18,0,0,0,0,0,0,1,1,5,1,67,10,1598,2,2,1,1,1
2018110345592,2,9,0,3,0,0,0,0,0,0,2,1,6,2,25,5,1200,1,2,4,1,4
2018110345755,1,9,0,9,8,8,5,0,0,0,3,1,6,1,44,7,1598,1,3,2,1,2
2018110345755,2,9,0,18,0,8,0,0,0,0,1,1,2,1,61,9,1968,2,12,8,1,8
2018110345792,1,9,0,9,0,8,0,0,0,0,1,1,6,2,82,11,999,1,3,8,1,8
2018110345792,2,3,0,18,0,8,0,0,0,0,3,1,6,1,59,9,108,1,8,2,1,2
2018110346006,1,19,0,9,0,8,0,0,0,0,1,1,2,1,52,8,2299,2,4,4,1,4
2018110346212,1,9,0,9,0,8,0,0,0,0,1,1,6,2,20,4,1896,2,14,4,1,4
2018110346212,2,9,0,18,0,8,0,0,0,0,4,1,6,1,27,6,1560,2,5,4,1,4
2018110346959,1,9,0,18,0,8,0,0,0,0,1,1,6,1,26,6,-1,-1,-1,3,2,3
2018110346959,2,9,0,18,0,8,0,10,0,0,2,1,5,1,32,6,-1,-1,-1,1,2,1
2018110802697,1,9,0,14,0,0,0,4,0,0,1,1,6,1,30,6,-1,-1,-1,-1,-1,-1
2018110802697,2,9,0,2,0,0,0,0,0,0,3,1,3,2,36,7,2696,2,7,3,2,3
2018110802825,1,9,0,18,0,3,0,0,0,0,1,1,6,2,34,6,1599,1,15,7,1,7
2018110802825,2,9,0,3,0,3,0,0,0,0,2,1,6,2,20,4,1229,1,8,10,1,10
2018110802848,1,9,0,18,0,8,0,0,1,0,3,1,2,2,22,5,998,1,-1,2,1,2
2018110802848,2,19,0,18,0,8,0,0,7,9,1,1,2,1,53,8,1995,2,1,5,3,5
2018110802980,1,9,0,18,0,2,0,0,0,0,1,1,1,1,39,7,1995,2,1,5,3,5
2018110802980,2,8,0,2,0,1,0,10,0,0,3,1,6,1,41,7,1598,2,1,1,1,1
2018110802986,1,9,0,18,0,1,0,0,7,4,1,1,5,1,37,7,1598,2,6,4,3,4
2018110802993,1,9,0,4,0,0,0,0,0,0,1,1,5,2,52,8,-1,-1,-1,1,1,1
2018110802993,2,9,0,3,0,0,0,0,0,0,2,1,5,1,34,6,1956,2,5,6,3,6
2018110802995,1,21,4,18,0,1,0,0,0,0,1,1,1,1,26,6,12902,2,1,7,1,7
2018110803014,1,9,0,16,0,0,0,0,7,0,1,1,6,1,27,6,2993,2,4,8,1,8
2018110803014,2,9,0,17,0,0,0,0,7,0,1,1,6,1,38,7,1995,2,3,9,2,9
2018110803026,1,3,0,16,0,0,1,0,0,0,1,1,2,1,20,4,125,1,2,7,2,7
2018110803026,2,9,0,17,0,0,0,0,0,0,1,1,2,2,39,7,1968,2,9,7,3,7
2018110803047,1,9,0,5,0,2,0,0,0,0,4,1,2,1,55,8,-1,-1,-1,2,1,2
2018110803047,2,21,0,18,0,1,1,0,0,0,3,1,1,1,67,10,12900,2,11,3,1,3
2018110803062,1,19,0,18,0,0,0,0,0,0,4,1,6,3,30,6,-1,-1,-1,-1,-1,-1
2018110803062,2,9,0,18,0,0,0,0,0,0,3,1,6,2,37,7,1461,2,4,8,1,8
2018110803068,1,9,0,18,0,0,0,0,0,0,1,1,6,1,30,6,1995,2,5,1,2,1
2018110803068,2,9,0,10,0,0,0,0,0,0,2,1,3,1,36,7,1998,1,11,6,3,6
2018110803100,1,9,0,18,0,0,0,0,0,0,1,1,5,1,57,9,1956,2,3,2,2,2
2018110803115,1,9,0,5,0,1,0,0,0,0,3,1,5,2,81,11,1398,1,5,10,1,10
2018110803125,1,9,0,9,0,5,0,0,0,0,4,1,6,1,36,7,1598,2,7,9,2,9
2018110803125,2,9,0,16,0,1,0,0,0,0,1,1,6,2,35,6,1390,1,5,7,3,7
2018110803137,1,9,0,18,0,0,0,0,0,0,1,1,1,1,75,10,2402,2,7,5,3,5
2018110803140,1,9,0,18,0,0,0,0,0,0,0,1,5,3,40,7,-1,-1,-1,-1,-1,-1
2018110803140,2,1,0,13,0,0,0,0,0,0,0,1,6,2,24,5,-1,-1,-1,2,2,2
2018110803155,1,9,0,17,0,0,0,0,1,11,1,1,2,1,19,4,1398,2,16,2,2,2
2018110803160,1,9,0,14,0,8,0,0,0,0,1,1,5,1,65,9,1390,1,10,1,1,1
2018110803160,2,9,0,2,0,2,0,4,0,0,3,1,5,2,57,9,1994,2,15,3,1,3
2018110803165,1,9,0,18,0,0,0,0,0,0,1,1,5,2,32,6,1560,2,5,4,1,4
2018110803165,2,9,0,18,0,0,0,0,0,0,2,1,2,1,52,8,1968,2,3,3,1,3
2018110803165,3,9,0,18,0,0,0,0,0,0,2,1,2,1,50,8,1968,2,5,9,1,9
2018110803214,1,9,0,18,0,8,0,0,0,0,1,1,1,1,53,8,1560,2,1,9,1,9
2018110803214,2,9,0,18,0,8,0,0,0,0,3,1,1,2,28,6,1968,2,4,4,2,4
2018110803230,1,9,0,18,0,8,0,0,0,0,1,1,5,1,71,10,1598,2,2,2,1,2
2018110803230,2,9,0,18,0,8,0,0,0,0,1,1,5,1,72,10,1360,1,8,9,1,9
2018110803242,1,9,0,5,0,4,0,0,0,0,3,1,1,1,38,7,-1,-1,-1,8,-1,8
2018110803242,2,1,0,18,0,3,0,0,0,0,1,1,6,1,84,11,-1,-1,-1,9,1,9
2018110803246,1,1,0,18,0,4,1,0,0,0,1,1,2,1,35,6,-1,-1,-1,3,1,3
2018110803246,2,9,0,18,0,8,0,0,0,0,4,1,2,1,60,9,1388,1,6,8,1,8
2018110803257,1,9,0,9,0,2,0,0,0,0,1,1,2,1,57,9,1997,1,9,-1,-1,-1
2018110803257,2,9,0,17,0,1,0,0,0,0,1,1,2,2,49,8,1200,1,4,7,1,7
2018110803259,1,9,0,5,0,8,0,0,0,0,0,1,2,1,35,6,1686,2,13,1,1,1
2018110803259,2,3,0,18,0,8,1,0,0,0,0,1,2,1,19,4,125,1,6,5,1,5
2018110803264,1,9,0,16,0,0,0,0,8,0,1,1,5,2,40,7,1896,2,16,5,3,5
2018110803271,1,9,0,18,0,8,0,0,0,0,1,1,6,1,32,6,1395,1,4,5,2,5
2018110803271,2,9,0,7,0,8,0,0,0,0,2,1,6,2,30,6,2204,2,7,5,2,5
2018110803275,1,9,0,9,0,6,0,0,1,0,3,1,1,1,21,5,-1,-1,-1,4,1,4
2018110803275,2,9,0,18,0,1,0,0,0,0,1,1,6,2,35,6,1364,1,1,4,1,4
2018110803319,1,9,0,17,0,0,0,0,0,0,1,1,6,3,50,8,-1,-1,-1,-1,-1,-1
2018110803319,2,9,0,16,0,0,5,0,1,0,1,1,6,1,19,4,1398,1,6,4,1,4
2018110803328,1,20,1,18,0,8,0,0,0,0,3,1,1,1,59,9,-1,-1,-1,6,1,6
2018110803328,2,17,0,5,0,8,0,0,0,0,1,1,1,1,29,6,-1,-1,-1,10,1,10
2018110803332,1,9,0,17,0,0,2,0,1,0,3,1,6,1,43,7,1596,1,14,8,2,8
2018110803350,1,9,0,18,0,0,0,4,0,0,4,1,6,3,30,6,-1,-1,-1,-1,-1,-1