Accident_Index,Vehicle_Reference,Vehicle_Type,Towing_and_Articulation,Vehicle_Manoeuvre,Vehicle_Location-Restricted_Lane,Junction_Location,Skidding_and_Overturning,Hit_Object_in_Carriageway,Vehicle_Leaving_Carriageway,Hit_Object_off_Carriageway,1st_Point_of_Impact,Was_Vehicle_Left_Hand_Drive?,Journey_Purpose_of_Driver,Sex_of_Driver,Age_of_Driver,Age_Band_of_Driver,Engine_Capacity_(CC),Propulsion_Code,Age_of_Vehicle,Driver_IMD_Decile,Driver_Home_Area_Type,Vehicle_IMD_Decile
2018110803350,2,9,0,2,0,0,0,0,0,0,3,1,5,2,33,6,1364,1,1,2,1,2
2018110803361,1,9,0,4,0,1,0,0,0,0,4,1,5,1,53,8,1349,1,4,4,1,4
2018110803383,1,9,0,18,0,0,0,0,0,0,4,1,6,1,68,10,1598,1,8,9,1,9
2018110803387,1,9,0,9,0,8,0,0,0,0,1,1,6,2,35,6,1595,1,9,9,2,9
2018110803387,2,1,0,9,0,8,0,0,0,0,1,1,6,1,51,8,-1,-1,-1,9,1,9
2018110803486,1,9,0,7,0,8,0,0,0,0,1,1,2,1,26,6,998,1,6,2,1,2
2018110803486,2,1,0,18,0,1,0,0,0,0,4,1,2,1,48,8,-1,-1,-1,5,1,5
2018110803520,1,9,0,16,0,0,1,0,2,11,1,1,2,1,55,8,2184,2,13,2,1,2
2018110803523,1,9,0,18,0,0,0,0,0,0,4,1,6,3,40,7,-1,-1,-1,-1,-1,-1
2018110803525,1,9,0,7,9,1,0,0,0,0,4,1,6,2,24,5,1197,1,1,2,2,2
2018110803525,2,8,0,9,0,1,0,0,0,0,0,1,6,3,30,6,-1,-1,-1,-1,-1,-1
2018110803538,1,9,0,18,0,0,0,0,0,0,4,1,6,3,-1,-1,-1,-1,-1,-1,-1,-1
2018110803546,1,9,0,7,0,1,0,0,0,0,1,1,6,2,19,4,2400,2,9,1,-1,1
2018110803546,2,9,0,18,0,1,0,0,7,9,1,1,6,2,51,8,2179,2,3,7,2,7
2018110803597,1,9,0,18,0,0,0,0,0,0,3,1,6,2,40,7,-1,-1,-1,2,1,2
2018110803612,1,11,0,2,0,0,0,0,0,0,1,1,1,1,51,8,6696,2,3,1,1,1
2018110803612,2,11,0,2,0,0,0,0,0,0,2,1,1,1,50,8,4461,2,3,1,1,1
2018110803623,1,9,0,7,0,5,0,0,0,0,1,1,6,1,22,5,1198,1,6,9,1,9
2018110803641,1,9,0,18,9,2,0,0,1,10,1,1,6,1,49,8,1999,2,-1,9,-1,9
2018110803641,2,9,0,2,0,2,0,0,1,0,2,1,6,1,23,5,-1,-1,-1,2,1,2
2018110803837,1,9,0,9,0,8,0,0,0,0,4,1,6,2,59,9,1796,1,13,6,2,6
2018110803837,2,9,0,18,0,8,1,0,0,0,1,1,5,1,33,6,1798,8,1,7,2,7
2018110803850,1,9,0,18,0,0,0,0,0,0,1,1,6,3,40,7,-1,-1,-1,-1,-1,-1
2018110803850,2,9,0,7,0,0,0,0,0,0,4,1,5,2,21,5,1598,2,4,3,1,3
2018110803879,1,9,0,6,0,0,0,0,0,0,3,1,1,2,26,6,1591,1,1,5,3,5
2018110803879,2,9,0,15,0,0,1,0,0,0,1,1,3,1,35,6,1781,1,17,3,1,3
2018110803906,1,9,0,18,0,0,0,0,0,0,1,1,2,1,56,9,1997,12,3,9,-1,9
2018110803906,2,1,0,18,0,0,0,0,0,0,1,1,6,1,30,6,-1,-1,-1,-1,-1,-1
2018110803916,1,9,0,18,0,8,0,0,0,0,4,1,6,2,30,6,1598,2,4,-1,-1,-1
2018110803916,2,9,0,18,0,1,0,0,0,0,1,1,2,2,24,5,1997,2,10,6,3,6
2018110803921,1,9,0,5,0,2,0,0,0,0,3,1,5,1,34,6,1968,2,10,7,2,7
2018110803921,2,3,0,18,0,2,0,0,0,0,1,1,2,1,33,6,124,1,5,5,3,5
2018110803923,1,9,0,18,0,1,0,0,0,0,3,1,6,1,40,7,1596,1,12,5,1,5
2018110803923,2,1,0,9,0,5,0,0,0,0,3,1,6,1,21,5,-1,-1,-1,10,1,10
2018110803936,1,9,0,18,0,2,0,0,7,4,1,1,6,1,26,6,1596,1,3,8,1,8
2018110803949,1,9,0,18,0,8,0,0,0,0,3,1,5,1,36,7,1560,2,3,8,2,8
2018110803949,2,9,0,9,0,8,0,0,0,0,4,1,1,1,51,8,1598,2,6,3,1,3
2018110803980,1,9,0,9,0,8,0,0,2,11,1,1,5,2,25,5,1596,1,11,1,1,1
2018110804017,1,9,0,18,0,1,0,0,0,0,1,1,6,2,18,4,1242,1,10,5,2,5
2018110804022,1,9,0,18,0,1,0,0,0,0,1,1,5,2,19,4,-1,-1,-1,5,2,5
2018110804039,1,9,0,16,0,0,0,0,0,0,1,1,6,1,52,8,1685,2,1,4,1,4
2018110804039,2,9,0,16,0,0,0,0,0,0,1,1,6,1,37,7,1398,1,6,6,2,6
2018110804206,1,9,0,9,0,2,0,0,0,0,0,1,6,1,39,7,1560,2,6,8,1,8
2018110804206,2,3,0,18,0,1,0,0,0,0,0,1,6,1,59,9,124,1,18,5,1,5
2018110804229,1,9,5,18,0,0,0,0,0,0,1,1,6,3,30,6,1598,1,15,-1,-1,-1
2018110804229,2,19,5,18,0,0,0,0,0,0,0,1,6,3,40,7,-1,-1,-1,-1,-1,-1
2018110804229,3,9,0,18,0,0,0,0,0,0,3,1,2,2,34,6,1968,2,9,4,1,4
2018110804229,4,9,0,18,0,0,0,0,1,0,1,1,6,2,52,8,1242,1,6,9,1,9
2018110804273,1,9,0,18,0,0,0,0,0,0,1,1,6,2,23,5,1242,1,1,4,1,4
2018110804273,2,9,0,18,0,0,0,0,0,0,2,1,6,1,22,5,1498,1,1,7,1,7
2018110804273,3,9,0,18,0,0,0,0,0,0,2,1,6,2,50,8,1598,1,8,6,1,6
2018110804596,1,9,0,18,0,8,0,0,0,0,1,1,6,1,30,6,998,1,8,4,1,4
2018110804596,2,9,0,18,0,8,0,0,0,0,4,1,6,1,22,5,1461,2,6,1,1,1
2018110804622,1,11,0,4,0,1,0,0,0,0,0,1,1,1,50,8,6370,2,10,3,2,3
2018110804915,1,19,0,18,0,0,1,0,0,0,1,1,5,1,29,6,1868,2,16,1,2,1
2018110804915,2,8,0,18,0,0,0,0,0,0,3,1,1,1,58,9,1796,7,15,4,1,4
2018110804923,1,9,0,1,0,0,0,0,0,0,2,1,2,1,35,6,-1,-1,-1,3,1,3
2018110804928,1,9,0,18,0,8,0,0,0,0,1,1,2,1,31,6,1596,1,5,10,1,10
2018110804928,2,9,0,13,0,8,1,0,1,1,3,1,2,1,24,5,1149,1,9,2,1,2
2018110804929,1,9,0,18,0,0,0,0,0,0,1,1,6,3,40,7,-1,-1,-1,-1,-1,-1
2018110804929,2,9,0,18,0,0,0,0,0,0,3,1,5,2,38,7,1461,2,3,1,1,1
2018110804940,1,9,0,1,0,0,0,0,0,0,2,1,2,1,25,5,1896,2,14,5,1,5
2018110804982,1,9,0,18,0,8,0,0,0,0,1,1,6,1,46,8,2000,2,8,4,1,4
2018110804982,2,1,0,18,0,1,0,0,0,0,1,1,6,1,39,7,-1,-1,-1,4,1,4
2018110805005,1,9,0,18,0,2,0,0,0,0,1,1,2,1,49,8,1149,1,15,1,1,1
2018110805026,1,19,0,18,0,0,0,0,0,0,4,1,6,3,33,6,-1,-1,-1,-1,-1,-1
2018110805336,1,9,0,13,0,0,0,0,1,4,4,1,5,1,17,4,998,1,10,8,1,8
2018110805336,2,9,0,18,0,0,0,0,0,0,3,1,5,1,41,7,1598,1,5,4,1,4
2018110805432,1,9,0,18,0,0,0,0,0,0,0,1,1,1,30,6,-1,-1,-1,9,1,9
2018110805432,2,9,0,3,0,0,0,0,0,0,0,1,5,1,43,7,998,1,1,4,1,4
2018110805441,1,9,0,4,0,0,0,0,0,0,1,1,5,2,19,4,1388,1,12,3,1,3
2018110805441,2,9,0,3,0,0,0,0,0,0,2,1,5,2,17,4,998,1,4,2,1,2
2018110805476,1,9,0,18,0,4,0,0,0,0,3,1,2,1,63,9,1984,2,7,8,1,8
2018110805476,2,1,0,18,0,8,0,0,0,0,1,1,2,1,50,8,-1,-1,-1,8,1,8
2018110805493,1,98,0,17,0,0,2,0,1,11,4,1,5,2,39,7,-1,-1,-1,4,1,4
2018110805629,1,9,0,18,0,0,0,0,0,0,1,1,6,1,29,6,-1,-1,-1,6,1,6
2018110805741,1,9,0,18,0,1,0,0,0,0,1,1,5,1,32,6,1560,2,8,4,1,4
2018110805741,2,9,0,4,0,1,0,0,0,0,2,1,5,2,32,6,1968,2,3,6,2,6
2018110805847,1,9,0,18,0,8,0,0,0,0,1,1,2,1,24,5,1197,1,1,4,1,4
2018110805847,2,9,0,18,0,8,0,0,0,0,4,1,5,1,23,5,1956,2,4,2,1,2
2018110805931,1,11,0,4,0,1,0,0,0,0,0,1,5,1,54,8,9000,2,11,7,1,7
2018110806138,1,9,0,18,0,0,0,0,0,0,1,1,5,2,33,6,1968,2,7,5,1,5
2018110806138,2,9,0,4,0,0,0,0,0,0,2,1,2,1,24,5,-1,-1,-1,2,2,2
2018110806456,1,9,0,9,0,8,0,0,0,0,4,1,5,1,26,6,-1,-1,-1,9,-1,9
2018110806456,2,3,0,7,0,8,0,0,0,0,1,1,5,1,28,6,124,1,5,9,2,9
2018110806564,1,9,0,9,0,0,0,0,0,0,1,1,6,3,40,7,998,1,11,-1,-1,-1
2018110806603,1,9,0,18,0,0,0,0,0,0,1,1,5,1,37,7,1496,1,3,2,1,2
2018110807713,1,9,0,18,0,0,1,0,2,7,4,1,5,1,47,8,1910,2,10,3,-1,3
2018110807718,1,9,0,18,0,0,5,12,7,0,3,1,5,1,30,6,1329,1,5,4,1,4
2018110807736,1,9,0,18,0,0,2,0,2,0,4,1,5,1,26,6,-1,-1,-1,4,2,4
2018110807779,1,9,0,9,0,1,0,0,0,0,1,1,6,3,40,7,-1,-1,-1,-1,-1,-1
2018110807779,2,9,0,18,0,1,0,0,0,0,2,1,6,2,31,6,1200,1,3,4,2,4
2018110807805,1,19,0,5,0,0,0,0,0,0,3,1,1,1,26,6,-1,-1,-1,1,2,1
2018110807862,1,9,0,9,0,8,0,0,0,0,1,1,6,2,22,5,1199,2,6,8,2,8
2018110807903,1,9,0,18,0,0,0,0,7,0,1,1,6,1,22,5,1598,1,13,10,1,10
2018110807903,2,9,0,18,0,0,0,0,1,0,1,1,2,2,39,7,1149,1,12,2,1,2
2018110807983,1,9,0,6,0,1,0,0,0,0,3,1,1,1,58,9,1598,2,2,2,1,2
2018110807983,2,9,0,17,0,1,0,0,7,11,1,1,6,1,37,7,1956,2,8,3,1,3
2018110808023,1,9,0,18,0,0,0,0,0,0,1,1,6,1,62,9,1499,1,2,6,1,6
2018110808023,2,9,0,18,0,0,0,0,0,0,2,1,6,1,48,8,2987,2,9,1,1,1
2018110808023,3,9,0,18,0,0,0,0,0,0,2,1,6,2,35,6,1498,1,2,9,1,9
2018110808027,1,9,0,18,0,0,0,0,0,0,1,1,5,1,54,8,2143,2,3,4,1,4
2018110808125,1,9,0,18,0,0,1,0,0,0,1,1,5,2,29,6,1998,2,11,1,1,1
2018110808125,2,8,0,4,0,0,0,0,0,0,2,1,1,1,54,8,1968,2,2,1,1,1
2018110808219,1,4,0,18,0,2,5,0,0,0,1,1,6,1,39,7,293,1,1,2,1,2
2018110808219,2,9,0,18,0,1,0,4,0,0,1,1,5,1,33,6,1364,1,10,6,3,6
2018110808219,3,9,0,2,9,2,0,0,0,0,3,1,5,1,50,8,1984,1,8,3,2,3
2018110808278,1,9,0,7,0,6,0,0,0,0,1,1,6,1,17,4,1560,2,9,3,2,3
2018110808278,2,9,0,7,0,6,0,0,0,0,0,1,6,2,24,5,1242,1,7,2,2,2
2018110808320,1,9,0,9,0,2,0,0,0,0,4,1,6,1,31,6,1598,2,8,3,1,3
2018110808351,1,9,0,18,0,0,2,0,6,6,1,1,6,1,39,7,1995,2,9,3,1,3
2018110808351,2,9,0,18,0,0,0,7,0,0,1,1,6,2,46,8,-1,-1,-1,5,3,5
2018110808458,1,9,0,18,0,1,0,0,0,0,1,1,6,1,21,5,2597,1,17,1,1,1
2018110808458,2,9,0,18,0,6,0,0,0,0,1,1,5,1,46,8,996,1,5,1,1,1
2018110808458,3,9,0,2,0,1,0,0,0,0,3,1,5,1,21,5,1390,1,9,5,1,5
2018110808921,1,9,0,5,0,0,0,0,0,0,1,1,6,1,43,7,2685,2,15,7,1,7
2018110808921,2,9,0,3,0,0,0,0,0,0,2,1,5,1,56,9,1560,2,5,1,1,1
2018110808921,3,9,0,3,0,0,0,0,0,0,2,1,5,1,31,6,-1,-1,-1,8,1,8
2018110809183,1,9,0,9,0,8,0,0,0,0,0,1,6,3,-1,-1,-1,-1,-1,-1,-1,-1
2018110809183,2,11,0,18,0,8,0,0,0,0,0,1,1,2,58,9,4250,2,5,4,3,4
2018110809203,1,9,0,18,0,1,0,0,0,0,1,1,6,1,-1,-1,-1,-1,-1,-1,-1,-1
2018110809203,2,9,0,10,0,1,0,0,0,0,2,1,5,2,23,5,1390,1,7,9,1,9
2018110809221,1,9,0,18,0,0,0,0,0,0,4,1,5,1,60,9,-1,-1,-1,2,1,2
2018110809462,1,9,0,18,0,8,0,0,0,0,1,1,6,2,71,10,1390,1,11,4,3,4
2018110809462,2,9,0,3,0,8,0,0,0,0,2,1,6,2,29,6,1242,1,4,5,1,5
2018110809462,3,9,0,10,0,8,0,0,0,0,2,1,6,2,28,6,998,1,2,5,1,5
2018110809477,1,9,0,9,0,6,0,0,0,0,4,1,5,1,73,10,1591,1,2,4,1,4
2018110809477,2,9,0,18,0,1,0,0,0,0,1,1,5,2,37,7,1242,1,8,2,2,2
2018110809616,1,9,0,18,0,0,0,4,0,0,1,1,6,3,30,6,2148,2,13,-1,-1,-1
2018110809616,2,9,0,18,0,0,0,4,0,0,1,1,1,1,37,7,1499,2,-1,3,1,3
2018110809616,3,9,0,2,0,0,0,0,0,0,3,1,5,3,18,4,999,1,4,3,1,3
2018110809616,4,9,0,2,0,0,0,0,0,0,3,1,5,2,40,7,1498,1,11,3,1,3
2018110809903,1,9,0,18,0,0,0,0,1,1,1,1,5,1,28,6,998,1,4,2,1,2
2018110809903,2,9,0,18,0,0,0,0,0,0,0,1,1,1,40,7,1997,2,2,9,1,9
2018110810022,1,9,0,9,0,0,0,0,1,0,3,1,6,2,22,5,999,1,-1,2,2,2
2018110810022,2,21,1,18,0,0,0,0,0,0,4,1,1,1,52,8,12777,2,1,1,1,1
2018110810130,1,11,0,16,0,3,0,10,0,0,4,1,5,3,50,8,-1,-1,-1,-1,-1,-1
2018110810252,1,9,0,18,0,0,1,0,7,11,1,1,5,1,33,6,1364,1,10,1,2,1
2018110810283,1,2,0,18,0,8,0,0,0,0,1,1,6,3,40,7,-1,-1,-1,-1,-1,-1
2018110810283,2,9,0,18,0,8,0,0,0,0,0,1,6,1,42,7,1598,1,12,3,1,3
2018110810283,3,3,0,18,0,8,0,0,0,0,2,1,6,1,21,5,124,1,-1,1,2,1
2018110810356,1,9,0,18,0,0,0,0,0,0,1,1,6,3,30,6,2000,1,12,-1,-1,-1
2018110810356,2,9,0,18,0,0,0,0,0,0,2,1,6,1,17,4,1149,1,15,4,3,4
2018110810356,3,9,0,18,0,0,0,0,0,0,1,1,6,1,22,5,1968,2,11,1,1,1
2018110810545,1,9,0,18,0,0,0,0,0,0,1,1,6,3,30,6,1998,2,6,-1,-1,-1
2018110810545,2,1,0,18,0,0,0,0,0,0,3,1,6,2,20,4,-1,-1,-1,-1,-1,-1
2018110811164,1,9,0,18,0,1,0,0,1,0,1,1,5,1,32,6,1560,2,9,5,2,5
2018110811164,2,9,0,2,0,1,0,0,0,0,2,1,5,2,42,7,1229,1,3,5,2,5
2018110811164,3,9,0,2,0,1,0,0,0,0,2,1,5,1,38,7,-1,-1,-1,10,1,10
2018110811200,1,9,0,18,0,0,0,0,0,0,1,1,6,2,38,7,1461,2,-1,5,1,5
2018110811200,2,9,0,2,0,0,0,0,0,0,2,1,6,2,29,6,1598,1,8,3,1,3
2018110811210,1,9,0,10,0,0,0,0,0,0,1,1,6,1,50,8,1598,2,4,10,1,10
2018110811210,2,9,0,18,0,0,0,7,0,0,1,1,2,2,25,5,1496,1,3,7,1,7
2018110811212,1,9,0,15,0,0,0,0,1,11,1,1,5,1,22,5,1499,2,3,2,1,2
2018110811212,2,9,0,2,0,0,0,0,0,0,0,1,6,1,51,8,-1,-1,-1,2,1,2
2018110811229,1,9,0,17,0,0,0,0,1,0,1,1,5,1,32,6,1600,2,9,5,3,5
2018110811229,2,9,0,18,0,0,0,0,0,0,0,1,1,1,27,6,1560,2,2,1,1,1
2018110811248,1,9,0,16,0,0,1,0,2,0,1,1,2,1,31,6,1991,1,2,4,1,4
2018110811327,1,9,0,9,0,8,0,0,0,0,1,1,5,1,75,10,1997,2,6,8,1,8
2018110811327,2,9,0,18,0,8,0,0,0,0,1,1,5,1,81,11,1229,1,7,8,1,8
2018110811351,1,22,0,18,9,0,0,0,0,0,1,1,5,2,77,11,-1,-1,-1,3,1,3
2018110811375,1,9,0,18,0,8,0,0,0,0,1,1,6,1,52,8,1956,2,5,9,1,9
2018110811375,2,9,0,9,0,8,0,0,0,0,3,1,6,1,28,6,1197,1,4,2,1,2
2018110813662,1,9,0,3,0,0,1,0,0,0,1,1,5,1,27,6,1390,1,11,7,2,7
2018110813662,2,9,0,4,0,0,0,0,0,0,2,1,5,2,48,8,-1,-1,-1,9,1,9
2018110813959,1,9,0,9,0,4,0,0,0,0,1,1,6,1,18,4,1364,1,2,1,1,1
2018110813959,2,9,0,9,0,4,0,0,0,0,2,1,1,1,18,4,1198,1,8,5,2,5
2018110814314,1,9,0,18,0,0,0,0,0,0,1,1,5,1,27,6,1753,2,10,5,1,5
2018110816020,1,9,0,4,0,0,0,0,0,0,1,1,1,1,44,7,1598,1,1,7,2,7
2018110816020,2,9,0,4,0,0,0,0,0,0,2,1,2,1,35,6,1598,2,4,5,2,5
2018110817555,1,9,0,9,0,5,0,0,0,0,1,1,5,2,47,8,998,1,6,4,1,4
2018110817555,2,9,0,9,0,6,0,0,0,0,1,1,2,2,27,6,-1,-1,-1,5,2,5
2018110819125,1,9,0,18,0,0,0,0,0,0,1,1,6,3,48,8,1390,1,10,1,1,1
2018110819467,1,9,0,18,0,8,0,0,0,0,3,1,5,1,79,11,1397,1,10,4,1,4
2018110819467,2,9,0,18,0,8,0,0,0,0,1,1,5,1,33,6,1596,1,15,2,1,2
2018110820290,1,9,0,14,0,1,1,0,0,0,1,1,5,3,26,6,1461,2,7,1,1,1
2018110820769,1,19,0,18,0,1,0,0,0,0,1,1,6,1,51,8,1997,2,-1,1,1,1
2018110820928,1,19,0,9,0,1,0,0,0,0,3,1,6,1,23,5,1560,2,-1,6,1,6
2018110826029,1,9,0,7,0,3,0,0,0,0,0,1,5,1,27,6,-1,-1,-1,9,1,9
2018110826029,2,9,0,18,0,8,0,0,0,0,0,1,5,1,80,11,1685,2,1,3,2,3
2018110831657,1,9,0,4,0,0,0,0,0,0,1,1,6,1,61,9,1086,1,12,3,1,3
2018120000013,1,3,0,18,0,0,1,0,1,1,1,1,6,1,23,5,120,1,2,10,2,10
2018120000490,1,9,0,18,0,0,0,0,1,7,1,1,6,1,19,4,998,1,10,6,2,6
2018120000490,2,9,0,18,0,0,0,0,0,0,3,1,6,1,45,7,1968,2,4,9,3,9
2018120000490,3,9,0,18,0,0,0,0,1,0,1,1,6,1,53,8,1598,1,15,7,3,7
2018120000792,1,9,0,17,0,0,1,0,0,0,1,1,2,2,60,9,1560,2,10,8,2,8
2018120000792,2,9,0,18,0,0,1,0,1,0,3,1,2,2,31,6,1596,1,13,4,1,4
2018120000992,1,9,0,18,0,2,0,0,0,0,1,1,2,2,56,9,1364,1,4,9,1,9
2018120001001,1,9,0,9,0,8,0,0,0,0,1,1,6,2,40,7,-1,3,6,6,1,6
2018120001001,2,1,0,10,0,8,0,0,0,0,1,1,6,2,54,8,-1,-1,-1,6,1,6
2018120001234,1,9,0,5,0,6,0,0,0,0,3,1,2,2,54,8,1781,1,17,7,1,7
2018120001234,2,9,0,18,0,1,0,0,7,0,1,1,6,2,50,8,1896,2,13,10,1,10
2018120001593,1,9,0,5,0,6,1,0,4,0,1,1,6,1,56,9,1798,1,10,7,3,7
2018120001593,2,9,0,18,0,8,1,0,4,0,4,1,6,1,51,8,1461,2,14,4,1,4
2018120001607,1,9,0,18,0,0,0,0,1,0,1,1,6,1,21,5,1399,2,12,2,1,2
2018120001620,1,19,0,9,0,2,0,0,0,0,1,1,1,1,21,5,-1,-1,-1,1,1,1
2018120001620,2,1,0,18,0,1,0,0,0,0,1,1,6,1,23,5,-1,-1,-1,8,1,8
2018120001877,1,9,0,18,0,0,0,0,0,0,1,1,2,1,30,6,1398,1,6,9,1,9
2018120001877,2,9,0,3,0,0,0,0,0,0,2,1,2,1,51,8,1910,2,11,9,1,9
2018120001877,3,9,0,3,0,0,0,0,0,0,2,1,2,1,44,7,2143,12,3,9,1,9
2018120002124,1,9,0,4,0,0,0,0,0,0,2,1,6,1,52,8,2967,2,1,6,3,6
2018120002124,2,9,0,4,0,0,0,0,0,0,2,1,6,1,72,10,1339,1,4,6,1,6
2018120002124,3,19,0,4,0,0,0,0,0,0,2,1,2,1,36,7,1560,2,5,3,1,3
2018120002124,4,9,0,4,0,0,0,0,0,0,2,1,6,1,28,6,1560,2,7,3,1,3
2018120002124,5,19,0,4,0,0,0,0,0,0,1,1,2,1,52,8,1996,2,7,1,2,1
2018120002204,1,19,0,18,0,0,0,0,0,0,4,1,6,3,-1,-1,-1,-1,-1,-1,-1,-1
2018120002735,1,9,0,9,0,8,0,0,0,0,4,1,6,1,79,11,1197,1,4,9,1,9
2018120002735,2,1,0,18,0,8,0,0,0,0,1,1,6,1,23,5,-1,-1,-1,5,-1,5
2018120002847,1,9,0,18,0,0,2,0,1,11,1,1,2,1,24,5,1598,1,14,5,1,5
2018120002986,1,9,0,17,0,0,5,0,1,0,1,1,6,2,30,6,1248,2,8,9,1,9
2018120003367,1,9,0,13,0,0,0,0,0,0,1,1,6,1,25,5,2998,1,-1,10,3,10
2018120003367,2,9,0,13,0,0,0,0,0,0,2,1,6,2,51,8,998,1,3,8,1,8
2018120003382,1,9,0,18,0,1,0,0,0,0,1,1,6,2,22,5,1248,1,5,7,1,7
2018120003382,2,9,0,4,0,1,0,0,0,0,2,1,1,1,56,9,998,1,17,1,1,1
2018120003382,3,9,0,5,0,1,0,0,0,0,2,1,6,1,62,9,1598,1,16,8,1,8
2018120003409,1,9,0,18,0,0,0,0,0,0,4,1,6,2,35,6,1598,1,9,6,1,6
2018120003409,2,9,0,4,0,0,0,0,0,0,2,1,6,1,40,7,-1,-1,-1,6,1,6
2018120003499,1,9,0,18,0,0,2,0,1,0,4,1,6,1,43,7,1560,2,9,4,3,4
2018120003575,1,9,0,17,0,0,1,0,1,10,1,1,2,2,18,4,1242,1,11,3,3,3
2018120003628,1,2,0,7,0,5,1,0,0,0,4,1,6,2,22,5,50,1,2,3,1,3
2018120003938,1,9,0,4,0,0,0,0,0,0,2,1,6,1,49,8,1968,2,6,5,1,5
2018120003938,2,9,0,4,0,0,0,0,0,0,1,1,6,1,67,10,1969,2,2,10,1,10
2018120004064,1,2,0,9,0,5,1,0,0,0,0,1,2,2,17,4,49,1,2,9,3,9
2018120004658,1,9,0,18,0,2,0,0,0,0,1,1,4,2,18,4,1108,1,8,10,1,10
2018120004658,2,9,0,4,0,2,0,0,0,0,2,1,2,2,43,7,2494,8,1,7,1,7
2018120005090,1,9,0,18,0,6,0,0,1,4,1,1,6,1,20,4,1242,1,2,6,3,6
2018120005183,1,9,0,18,0,8,0,0,0,0,1,1,1,1,45,7,1560,2,9,7,3,7
2018120005183,2,9,0,18,0,8,0,0,0,0,1,1,1,1,43,7,1398,2,9,9,2,9
2018120005237,1,9,0,5,0,6,0,0,0,0,4,1,6,1,74,10,2477,2,11,6,3,6
2018120005237,2,9,0,18,0,8,0,0,1,9,1,1,6,1,17,4,1390,1,8,8,3,8
2018120005270,1,9,0,4,0,4,1,0,0,0,1,1,2,1,19,4,1124,1,12,3,3,3
2018120005270,2,9,0,3,0,4,0,0,0,0,2,1,2,2,44,7,1598,2,2,5,3,5
2018120005270,3,19,0,3,0,4,0,0,0,0,2,1,2,1,27,6,1598,2,2,1,1,1
2018120005474,1,9,0,18,0,0,0,0,0,0,1,1,6,2,59,9,1896,2,9,9,2,9
2018120005479,1,9,0,7,0,2,0,0,0,0,1,1,6,2,58,9,1242,1,7,8,1,8
2018120005479,2,8,0,10,0,1,0,0,0,0,1,1,1,1,39,7,1997,2,6,6,3,6
2018120005530,1,9,0,18,0,2,0,0,0,0,1,1,2,2,85,11,1364,1,13,8,1,8
2018120005624,1,9,0,17,0,0,0,0,0,0,3,1,6,1,38,7,-1,-1,-1,9,1,9
2018120005624,2,9,0,16,0,0,1,0,0,0,3,1,6,2,17,4,-1,-1,-1,6,1,6
2018120005683,1,9,0,16,0,0,5,10,1,4,1,1,6,1,32,6,1198,1,9,6,3,6
2018120005704,1,9,0,9,0,8,0,0,0,0,3,1,2,2,55,8,1896,2,10,3,1,3
2018120005704,2,5,0,18,0,8,0,0,0,0,1,1,2,1,46,8,652,1,12,10,1,10
2018120005873,1,9,0,9,0,8,0,0,0,0,3,1,6,1,53,8,-1,-1,-1,5,1,5
2018120005873,2,9,0,18,0,8,0,0,0,0,1,1,6,2,31,6,1591,1,9,7,1,7
2018120005979,1,9,0,9,0,8,0,0,0,0,1,1,6,1,85,11,1997,2,8,9,3,9
2018120005979,2,5,0,18,0,8,0,0,0,0,3,1,6,1,21,5,471,1,1,10,1,10
2018120006034,1,9,0,16,0,0,0,0,2,10,4,1,6,2,46,8,1364,1,11,6,1,6
2018120006096,1,9,0,7,0,5,0,0,0,0,4,1,6,1,36,7,1753,2,12,8,1,8
2018120006096,2,1,0,18,0,1,0,0,0,0,1,1,6,1,37,7,-1,-1,-1,-1,-1,-1
2018120006186,1,9,0,18,0,0,2,0,7,1,1,1,6,1,24,5,998,1,3,5,1,5
2018120006260,1,21,0,18,0,2,0,0,0,0,4,1,1,1,48,8,10837,2,2,5,1,5
2018120006260,2,1,0,18,0,2,0,0,0,0,3,1,6,2,51,8,-1,-1,-1,9,2,9
2018120006272,1,9,0,9,0,5,0,0,0,0,4,1,2,1,58,9,-1,-1,-1,6,2,6
2018120006272,2,5,0,18,0,1,0,0,0,0,1,1,2,1,50,8,600,1,6,10,1,10
2018120006299,1,9,0,9,0,6,0,0,0,0,4,1,2,2,39,7,1798,1,12,5,1,5
2018120006299,2,1,0,9,0,5,0,0,0,0,1,1,2,1,35,6,-1,-1,-1,-1,-1,-1
2018120006590,1,9,0,18,0,0,0,0,0,0,1,1,1,2,35,6,-1,-1,-1,6,3,6
2018120006590,2,9,0,3,0,0,0,0,0,0,2,1,1,2,24,5,1798,1,1,6,1,6
2018120006590,3,9,0,3,0,0,0,0,0,0,2,1,1,1,30,6,1798,1,9,10,1,10
2018120006623,1,9,0,18,0,0,2,0,8,4,1,1,6,1,30,6,1364,1,13,6,2,6
2018120006643,1,9,0,18,0,0,0,12,7,4,3,1,6,1,27,6,-1,-1,-1,5,1,5
2018120006706,1,9,0,16,0,0,0,10,7,0,4,1,6,1,21,5,1896,2,12,9,2,9
2018120006706,2,9,0,18,0,0,0,0,0,0,1,1,6,2,29,6,1229,1,9,9,1,9