Accident_Index,Vehicle_Reference,Vehicle_Type,Towing_and_Articulation,Vehicle_Manoeuvre,Vehicle_Location-Restricted_Lane,Junction_Location,Skidding_and_Overturning,Hit_Object_in_Carriageway,Vehicle_Leaving_Carriageway,Hit_Object_off_Carriageway,1st_Point_of_Impact,Was_Vehicle_Left_Hand_Drive?,Journey_Purpose_of_Driver,Sex_of_Driver,Age_of_Driver,Age_Band_of_Driver,Engine_Capacity_(CC),Propulsion_Code,Age_of_Vehicle,Driver_IMD_Decile,Driver_Home_Area_Type,Vehicle_IMD_Decile
2018120006918,1,9,0,18,0,0,0,0,0,0,4,1,6,3,-1,-1,-1,-1,-1,-1,-1,-1
2018120006990,1,9,0,18,0,0,0,0,1,2,1,1,6,1,75,10,1968,2,4,1,1,1
2018120007257,1,9,0,17,0,0,0,0,1,11,1,1,6,1,27,6,2457,1,11,8,3,8
2018120007269,1,2,0,18,0,3,0,0,0,0,4,1,6,1,17,4,49,1,7,8,2,8
2018120007269,2,9,0,18,0,4,0,0,0,0,1,1,6,1,20,4,1388,1,15,-1,-1,-1
2018120007595,1,9,0,18,0,0,0,0,7,2,1,1,6,1,93,11,998,1,3,8,1,8
2018120008283,1,9,0,4,0,4,0,0,0,0,1,1,6,2,30,6,1910,2,14,3,1,3
2018120008283,2,9,0,4,0,4,0,0,0,0,2,1,6,2,56,9,1242,1,4,7,2,7
2018120008412,1,19,0,17,0,8,1,0,7,4,1,1,1,1,34,6,2148,2,10,2,1,2
2018120008435,1,9,0,7,0,6,0,0,0,0,3,1,6,2,53,8,1149,1,11,-1,-1,-1
2018120008435,2,1,0,18,0,1,0,0,0,0,1,1,6,1,46,8,-1,-1,-1,5,2,5
2018120008444,1,9,0,9,0,6,1,0,3,11,1,1,2,2,24,5,1598,1,9,3,1,3
2018120008530,1,9,0,2,6,0,0,0,0,0,1,1,6,1,31,6,1341,1,17,8,2,8
2018120008928,1,9,0,16,0,0,2,0,0,0,0,1,6,2,20,4,1242,1,10,6,3,6
2018120009058,1,9,0,17,0,0,1,0,1,11,1,1,6,2,17,4,1248,2,9,6,3,6
2018120009113,1,9,0,4,0,1,1,0,0,0,1,1,1,1,23,5,1368,1,8,9,1,9
2018120009113,2,9,0,7,0,1,0,0,0,0,3,1,1,1,54,8,1999,1,12,8,1,8
2018120009126,1,9,0,18,0,0,1,0,1,4,1,1,6,2,74,10,1398,2,8,8,2,8
2018120009326,1,9,0,9,0,4,0,0,0,0,0,1,6,2,53,8,999,1,3,8,2,8
2018120009326,2,9,0,18,0,4,0,0,0,0,0,1,6,2,39,7,1199,1,15,1,1,1
2018120009917,1,9,0,18,0,1,0,0,0,0,3,1,6,1,80,11,1560,2,4,8,1,8
2018120009917,2,19,0,9,0,6,0,0,0,0,1,1,1,1,27,6,-1,-1,-1,3,1,3
2018120010063,1,9,0,18,0,1,0,0,0,0,1,2,2,2,35,6,1339,8,10,10,3,10
2018120010063,2,2,0,7,0,5,0,0,0,0,2,1,2,1,21,5,1200,1,1,7,1,7
2018120010069,1,9,0,18,0,1,0,0,1,1,1,1,2,1,41,7,2993,2,12,2,1,2
2018120010069,2,9,0,9,0,1,0,0,0,0,1,1,1,2,55,8,1364,1,13,10,1,10
2018120010080,1,9,0,9,0,8,0,0,0,0,3,1,2,1,23,5,1598,1,8,1,1,1
2018120010080,2,9,0,18,0,8,0,0,0,0,1,1,2,2,40,7,1598,2,1,3,1,3
2018120010088,1,9,0,2,0,0,0,0,0,0,3,1,6,1,65,9,1995,2,6,9,1,9
2018120010088,2,1,0,18,0,0,0,0,0,0,4,1,6,1,16,4,-1,-1,-1,6,1,6
2018120010193,1,9,0,5,0,4,0,0,0,0,1,1,6,2,46,8,998,1,2,7,3,7
2018120010193,2,9,0,4,0,4,0,0,0,0,2,1,6,1,42,7,998,1,4,10,2,10
2018120010638,1,9,0,3,0,0,0,0,0,0,2,1,2,1,30,6,998,1,4,10,-1,10
2018120010638,2,19,0,18,0,0,0,0,0,0,1,1,6,1,-1,-1,1248,2,15,6,3,6
2018120010641,1,21,0,7,0,6,0,0,0,0,1,1,1,1,45,7,6870,2,7,5,3,5
2018120010641,2,21,0,18,0,8,0,0,0,0,4,1,2,1,51,8,4580,2,5,3,1,3
2018120010875,1,9,0,18,0,8,1,0,3,11,1,1,6,1,24,5,1984,1,9,10,1,10
2018120010967,1,1,0,18,0,0,0,0,0,0,1,1,3,2,62,9,-1,-1,-1,3,1,3
2018120010967,2,1,0,18,0,0,0,0,0,0,2,1,4,2,7,2,-1,-1,-1,3,1,3
2018120011031,1,9,0,18,0,3,0,0,0,0,3,1,6,2,21,5,1229,1,7,4,1,4
2018120011031,2,20,0,15,0,3,0,0,0,0,4,1,1,1,-1,-1,4462,2,5,-1,-1,-1
2018120011071,1,20,0,17,0,8,0,0,0,0,0,1,1,1,41,7,6700,2,3,3,3,3
2018120011071,2,2,0,18,0,1,1,0,0,0,0,1,6,1,19,4,49,1,5,4,1,4
2018120011270,1,9,0,18,0,3,0,0,1,4,1,1,6,1,41,7,3246,1,16,6,1,6
2018120011326,1,11,0,4,0,0,0,0,0,0,0,1,1,2,38,7,5132,2,2,5,1,5
2018120011789,1,9,0,13,0,0,1,0,1,7,4,1,6,1,30,6,1956,2,6,5,1,5
2018120011889,1,9,0,18,0,0,1,0,1,0,1,1,6,1,25,5,1968,2,7,3,1,3
2018120011889,2,9,0,18,0,0,1,0,1,0,3,1,6,1,48,8,2143,2,4,7,1,7
2018120011889,3,9,0,4,0,0,1,0,1,0,2,1,6,1,75,10,1560,2,1,10,1,10
2018120011889,4,19,0,4,0,0,1,0,0,0,1,1,6,3,-1,-1,-1,-1,-1,-1,-1,-1
2018120011889,5,9,0,4,0,0,1,0,1,0,0,1,6,2,26,6,1390,1,12,8,2,8
2018120011889,6,9,0,4,0,0,0,0,1,0,2,1,6,2,34,6,1398,1,7,1,1,1
2018120011889,7,9,0,4,0,0,1,0,0,0,2,1,6,1,47,8,-1,-1,-1,-1,1,-1
2018120011889,8,9,0,4,0,0,1,0,0,0,1,1,6,1,25,5,1368,1,9,9,1,9
2018120011952,1,9,0,18,0,0,1,0,2,11,3,1,6,1,72,10,-1,-1,-1,6,3,6
2018120011952,2,21,0,18,0,0,0,0,2,11,3,1,1,1,22,5,-1,-1,-1,7,3,7
2018120012089,1,9,0,18,0,0,0,0,0,0,1,1,1,2,37,7,1598,1,9,10,1,10
2018120012123,1,9,0,10,0,1,0,0,0,0,2,1,1,2,33,6,1796,1,10,7,3,7
2018120012123,2,11,0,18,0,1,0,0,0,0,1,1,1,1,56,9,7698,2,1,8,3,8
2018120012198,1,1,0,18,0,0,0,0,0,0,2,1,6,2,57,9,-1,-1,-1,10,2,10
2018120012198,2,1,0,18,0,0,0,0,0,0,1,1,6,2,55,8,-1,-1,-1,-1,-1,-1
2018120012469,1,1,0,18,0,0,0,0,1,9,2,1,6,1,28,6,-1,-1,-1,6,1,6
2018120012469,2,21,0,18,0,0,0,0,0,0,1,1,1,1,60,9,4462,2,4,3,1,3
2018120012651,1,9,0,18,0,8,0,0,0,0,1,1,1,2,26,6,1360,1,11,6,1,6
2018120012651,2,19,0,9,0,8,0,0,0,0,1,1,1,1,28,6,1598,2,1,5,1,5
2018120013147,1,9,0,17,0,2,0,0,1,2,1,1,6,2,29,6,1968,2,11,7,3,7
2018120013147,2,9,0,2,9,2,0,0,0,0,4,1,6,3,30,6,1368,1,15,-1,-1,-1
2018120013147,3,9,0,2,9,2,0,0,0,0,4,1,6,3,30,6,1390,1,13,-1,-1,-1
2018120014078,1,9,0,18,0,0,0,0,0,0,1,1,6,2,59,9,2967,2,2,8,3,8
2018120014078,2,9,0,3,0,0,0,0,0,0,2,1,6,2,57,9,1400,1,14,10,1,10
2018120014078,3,9,0,3,0,0,0,0,0,0,2,1,6,1,74,10,1461,2,2,9,3,9
2018120014078,4,9,0,3,0,0,0,0,0,0,2,1,6,1,83,11,1461,2,5,8,3,8
2018120014254,1,9,0,18,0,0,1,0,0,0,1,1,6,2,27,6,1229,1,12,3,1,3
2018120014254,2,9,0,3,0,0,0,0,0,0,2,1,1,1,40,7,1968,2,2,2,1,2
2018120014295,1,9,0,9,0,8,0,0,0,0,0,1,6,1,81,11,-1,-1,-1,1,1,1
2018120014778,1,9,0,18,0,8,0,0,0,0,4,1,6,3,-1,-1,-1,-1,-1,-1,-1,-1
2018120015179,1,9,0,18,0,0,0,4,0,0,1,1,6,1,37,7,1242,1,4,5,3,5
2018120015179,2,21,1,2,0,0,0,0,0,0,2,1,1,1,51,8,12809,2,2,6,2,6
2018120015276,1,1,0,18,0,0,0,0,0,0,3,1,2,1,40,7,-1,-1,-1,10,1,10
2018120015276,2,9,0,13,0,0,0,0,0,0,4,1,1,1,53,8,1798,1,6,9,2,9
2018120015311,1,9,0,16,0,2,0,0,0,0,1,1,6,2,61,9,1560,2,14,8,1,8
2018120015311,2,19,0,18,0,1,0,0,0,0,1,1,1,1,38,7,1968,2,2,4,1,4
2018120015326,1,11,0,18,0,0,0,0,0,0,3,1,1,2,47,8,9000,2,13,-1,-1,-1
2018120015326,2,9,0,18,0,0,0,0,0,0,3,1,6,2,47,8,1598,1,1,-1,-1,-1
2018120015390,1,9,0,9,0,5,0,0,0,0,1,1,2,2,59,9,1388,1,11,5,2,5
2018120015390,2,5,0,13,0,1,0,0,0,0,1,1,6,1,65,9,1170,1,1,9,2,9
2018120015405,1,9,0,1,0,8,0,0,0,0,2,1,6,1,47,8,1995,2,2,10,1,10
2018120015477,1,9,0,9,0,8,0,0,0,0,4,1,6,1,79,11,1198,1,3,8,1,8
2018120015477,2,9,0,18,0,1,0,0,0,0,1,1,6,1,85,11,1200,1,3,9,1,9
2018120015540,1,1,0,14,0,1,0,8,0,0,3,1,1,1,19,4,-1,-1,-1,10,1,10
2018120015540,2,9,0,2,0,1,0,0,0,0,4,1,6,3,-1,-1,-1,-1,-1,-1,-1,-1
2018120015593,1,3,0,18,0,0,0,0,0,0,0,1,6,1,16,4,-1,-1,-1,4,1,4
2018120015593,2,3,0,18,0,0,0,0,0,0,4,1,6,1,17,4,-1,-1,-1,8,2,8
2018120015688,1,21,1,18,0,0,5,0,1,10,1,1,1,1,55,8,12809,2,3,6,3,6
2018120016028,1,9,0,4,0,2,0,0,0,0,2,1,2,1,49,8,1240,1,13,2,1,2
2018120016028,2,19,0,4,0,2,0,0,0,0,1,1,6,1,48,8,1868,2,15,1,1,1
2018120016032,1,9,0,11,0,0,0,0,1,1,1,1,6,1,49,8,1560,2,7,-1,-1,-1
2018120016173,1,17,4,18,0,0,3,0,0,0,4,1,1,1,18,4,6788,2,11,7,3,7
2018120016360,1,9,0,7,0,3,0,0,0,0,1,1,6,1,73,10,1596,1,13,9,1,9
2018120016360,2,1,0,18,0,8,0,0,0,0,3,1,6,2,42,7,-1,-1,-1,3,1,3
2018120016432,1,19,0,1,0,8,0,0,0,0,2,1,6,1,33,6,2198,2,7,3,1,3
2018120016432,2,9,0,18,0,8,0,0,0,0,4,1,6,1,30,6,2967,1,13,9,2,9
2018120016433,1,9,0,9,0,6,0,0,0,0,1,1,6,2,72,10,1399,2,10,8,2,8
2018120016630,1,1,0,13,5,8,0,0,0,0,1,1,2,2,37,7,-1,-1,-1,8,2,8
2018120016630,2,1,0,9,5,8,0,0,0,0,3,1,6,1,47,8,-1,-1,-1,8,2,8
2018120016769,1,19,0,18,0,0,5,0,2,4,1,2,1,1,27,6,-1,-1,-1,-1,-1,-1
2018120016802,1,9,0,11,0,0,0,0,0,0,4,1,1,2,44,7,1198,1,2,4,3,4
2018120016802,2,21,1,18,0,0,0,0,0,0,4,1,1,1,53,8,12419,2,3,3,1,3
2018120016834,1,2,0,18,0,0,0,0,0,0,3,1,6,1,16,4,49,1,5,8,1,8
2018120016834,2,2,0,4,0,0,0,0,0,0,4,1,6,1,16,4,49,1,8,8,1,8
2018120017070,1,4,0,18,0,0,1,0,0,0,0,1,6,1,62,9,243,1,28,3,1,3
2018120017441,1,9,0,9,0,6,1,0,1,0,1,1,6,1,81,11,1582,2,7,7,3,7
2018120017441,2,90,0,17,0,8,1,0,1,0,1,1,1,2,31,6,2987,2,6,7,2,7
2018120017496,1,9,0,9,0,6,0,0,0,0,3,1,6,2,37,7,998,1,9,8,1,8
2018120017496,2,9,0,18,0,1,0,0,1,0,4,1,6,1,36,7,1686,2,4,5,1,5
2018120017500,1,9,0,9,0,5,0,0,0,11,1,1,6,1,63,9,1248,1,3,4,1,4
2018120017649,1,9,0,9,0,6,0,0,1,0,3,1,2,1,47,8,1968,2,3,7,3,7
2018120017649,2,9,0,18,0,8,0,0,1,0,1,1,2,1,26,6,-1,-1,-1,10,1,10
2018120017661,1,9,0,1,0,0,0,0,0,0,2,1,6,2,25,5,1364,1,9,4,1,4
2018120017661,2,9,0,2,0,0,0,0,0,0,1,1,6,3,-1,-1,2204,2,12,-1,-1,-1
2018120017729,1,9,0,18,7,2,0,0,0,0,4,1,6,3,-1,-1,-1,-1,-1,-1,-1,-1
2018120017934,1,9,0,18,0,1,0,0,0,0,1,1,6,2,-1,-1,-1,-1,-1,-1,-1,-1
2018120017934,2,9,0,18,0,1,0,0,0,0,2,1,6,2,28,6,1598,2,6,1,1,1
2018120018210,1,9,0,18,0,0,0,0,8,7,1,1,6,2,30,6,1242,1,11,7,1,7
2018120018229,1,9,0,17,0,0,2,10,1,0,1,1,2,2,20,4,1198,1,12,7,3,7
2018120018243,1,9,0,4,0,0,1,0,0,0,1,1,2,1,51,8,1968,2,7,8,2,8
2018120018243,2,9,0,4,0,0,0,0,0,0,2,1,6,2,61,9,1242,1,9,9,1,9
2018120018243,3,9,0,4,0,0,0,0,0,0,2,1,2,1,48,8,1496,2,3,6,2,6
2018120018243,4,9,0,4,0,0,0,0,0,0,2,1,1,1,49,8,1998,2,4,7,1,7
2018120018347,1,9,0,16,0,7,0,0,0,0,1,1,1,1,35,6,1968,2,2,7,2,7
2018120018347,2,9,0,8,0,8,0,0,0,0,2,1,6,1,86,11,1997,2,4,5,3,5
2018120018368,1,1,0,18,0,0,0,0,0,0,2,1,6,2,17,4,-1,-1,-1,2,1,2
2018120018368,2,1,0,18,0,0,0,0,0,0,1,1,6,1,-1,-1,-1,-1,-1,-1,-1,-1
2018120018391,1,9,0,17,0,0,1,0,1,9,1,1,6,2,77,11,1199,1,14,7,3,7
2018120018485,1,9,0,3,0,0,0,0,0,0,2,1,2,1,33,6,1968,2,1,8,1,8
2018120018485,2,9,0,18,0,0,0,0,0,0,1,1,6,2,53,8,1499,1,3,9,3,9
2018120018650,1,9,0,18,0,8,0,0,0,0,1,1,6,1,80,11,2987,2,12,7,3,7
2018120018650,2,9,0,10,0,8,0,0,0,0,2,1,6,2,57,9,3311,8,12,10,3,10
2018120018784,1,9,0,18,0,0,0,0,0,0,4,1,6,1,61,9,2198,1,15,8,1,8
2018120018976,1,9,0,18,0,8,0,9,3,10,1,1,6,1,70,10,1396,1,16,8,1,8
2018120019063,1,9,0,10,0,2,0,0,0,0,2,1,6,2,63,9,1998,1,3,5,3,5
2018120019063,2,9,0,18,0,1,0,0,0,0,1,1,6,2,58,9,1560,2,3,6,3,6
2018120019074,1,1,0,18,0,0,0,0,0,0,0,1,6,2,59,9,-1,-1,-1,10,1,10
2018120019121,1,11,0,4,0,0,0,0,0,0,0,1,1,1,64,9,-1,-1,-1,1,1,1
2018120019242,1,9,0,18,0,1,0,0,0,0,4,1,6,3,30,6,1560,2,11,-1,-1,-1
2018120019242,2,19,0,2,0,1,0,0,0,0,0,1,1,3,49,8,1598,2,3,4,1,4
2018120019594,1,9,0,18,0,0,0,0,0,0,1,1,2,1,52,8,1390,1,8,8,2,8
2018120019658,1,19,0,10,0,8,0,0,0,0,2,1,6,1,74,10,1461,2,2,-1,-1,-1
2018120019658,2,9,0,18,0,8,0,0,0,0,1,1,6,1,33,6,1686,2,9,6,1,6
2018120019658,3,9,0,18,0,8,0,0,1,9,1,1,6,2,42,7,1999,1,8,8,2,8
2018120019735,1,9,0,9,2,8,0,0,0,0,1,1,6,1,64,9,1364,1,12,5,1,5
2018120019735,2,8,0,18,2,8,0,0,0,0,4,1,1,1,26,6,2149,2,11,4,1,4
2018120019735,3,9,0,3,0,2,0,0,0,0,3,1,6,1,49,8,1598,1,5,10,3,10
2018120019859,1,9,0,18,0,8,0,7,0,0,1,1,6,2,30,6,1799,1,10,9,1,9
2018120019859,2,9,0,18,0,8,0,10,0,0,3,1,6,1,24,5,1198,1,15,4,1,4
2018120020020,1,9,0,18,0,0,0,0,1,4,1,1,6,2,34,6,1242,1,12,7,3,7
2018120020202,1,9,0,18,0,0,0,0,1,4,4,1,6,1,22,5,1995,2,11,1,1,1
2018120020263,1,9,0,10,0,8,0,0,0,0,0,1,6,2,44,7,1968,2,11,9,1,9
2018120020263,2,9,0,18,0,2,1,0,0,0,1,1,6,1,60,9,2199,2,6,10,3,10
2018120020263,3,9,0,18,0,1,1,0,1,10,1,1,6,1,47,8,1248,1,9,6,1,6
2018120020300,1,9,0,18,0,3,0,0,0,0,4,1,6,1,67,10,1397,1,11,8,1,8
2018120020300,2,9,0,18,0,3,0,0,0,0,3,1,6,2,29,6,-1,-1,-1,3,1,3
2018120020374,1,9,0,9,0,6,0,0,0,0,3,1,6,1,60,9,1997,2,3,7,1,7
2018120020374,2,5,0,18,0,1,1,0,0,0,1,1,6,1,56,9,1250,1,10,2,1,2
2018120020450,1,9,0,5,0,1,0,0,0,0,4,1,6,1,33,6,1598,1,16,8,3,8
2018120020790,1,9,0,4,0,1,0,0,0,0,2,1,6,1,55,8,2179,2,-1,6,3,6
2018120020790,2,9,0,18,0,1,0,0,0,0,1,1,6,2,42,7,999,1,5,10,1,10
2018120021095,1,9,0,18,0,0,5,0,2,11,3,1,6,1,41,7,-1,-1,-1,6,3,6
2018120021095,2,9,0,18,0,0,0,0,0,0,3,1,2,1,44,7,1339,1,9,8,1,8
2018120021270,1,9,0,14,0,0,0,0,0,0,1,1,2,2,34,6,1242,1,10,6,1,6
2018120021357,1,9,0,5,9,8,0,0,0,0,1,1,6,1,-1,-1,-1,-1,-1,-1,-1,-1
2018120021440,1,21,1,12,0,0,0,0,0,0,1,2,1,1,56,9,-1,-1,-1,-1,-1,-1
2018120021440,2,9,0,18,0,0,5,0,1,0,2,1,2,2,20,4,-1,-1,-1,8,3,8
2018120021824,1,9,0,16,0,0,1,0,7,0,1,1,6,1,28,6,1896,2,11,1,1,1
2018120021951,1,9,0,17,0,1,5,7,1,9,1,1,2,1,30,6,1339,1,13,2,1,2
2018120021990,1,9,0,18,0,0,2,0,7,10,3,1,6,1,78,11,-1,-1,-1,9,2,9
2018120022004,1,9,0,5,0,6,0,0,0,0,3,1,1,1,47,8,-1,-1,-1,6,3,6
2018120022004,2,1,0,5,0,6,0,0,0,0,1,1,6,1,57,9,-1,-1,-1,10,1,10
2018120022098,1,9,0,18,0,0,5,0,2,4,4,1,6,1,70,10,2143,2,4,6,3,6
2018120022118,1,9,0,9,0,2,0,0,0,0,1,1,6,2,22,5,1595,1,5,-1,-1,-1
2018120022118,2,9,0,4,0,1,0,0,0,0,1,1,6,2,57,9,1956,2,5,7,3,7
2018120022256,1,21,0,4,0,0,2,0,7,9,1,1,1,1,33,6,12740,2,1,6,1,6
2018120022261,1,9,0,17,0,0,2,0,8,4,2,1,6,1,37,7,1870,2,15,2,1,2
2018120022533,1,2,0,16,0,8,0,0,0,0,0,1,6,1,17,4,124,1,1,5,1,5
2018120022533,2,9,0,16,0,8,0,0,0,0,0,1,6,2,-1,-1,-1,-1,-1,-1,-1,-1
2018120022609,1,1,0,18,4,8,0,0,0,0,0,1,6,1,45,7,-1,-1,-1,9,1,9
2018120022609,2,9,0,18,0,8,0,0,0,0,0,1,6,1,73,10,1794,1,11,10,1,10
2018120022695,1,9,0,18,0,0,0,0,0,0,1,1,6,2,78,11,1242,1,9,3,1,3
2018120022751,1,2,0,7,0,8,1,0,0,0,0,1,6,2,17,4,50,1,2,3,1,3
2018120022787,1,9,0,3,0,2,0,0,0,0,2,1,6,2,45,7,1994,1,15,9,2,9
2018120022787,2,4,0,18,0,2,1,0,0,0,1,1,6,2,20,4,248,1,3,8,1,8
2018120022794,1,9,0,18,0,0,5,11,2,11,4,1,6,2,54,8,4293,1,11,6,3,6
2018120022862,1,9,0,18,0,0,0,0,0,2,1,1,6,1,62,9,1373,1,1,6,3,6
2018120022877,1,9,0,3,0,1,0,0,0,0,2,1,6,2,30,6,998,1,5,7,3,7
2018120022877,2,9,0,18,0,1,0,0,0,0,1,1,6,1,26,6,1968,2,1,8,3,8
2018120022949,1,9,0,9,0,1,0,0,0,0,3,1,6,2,26,6,998,1,8,7,1,7
2018120022949,2,9,0,18,0,1,0,0,0,0,1,1,6,1,71,10,-1,-1,-1,8,1,8
2018120023139,1,9,0,9,0,2,1,0,0,0,1,1,2,1,36,7,2500,2,19,2,1,2
2018120023453,1,9,0,14,0,1,0,0,0,0,4,1,2,2,25,5,1498,1,10,5,1,5
2018120023453,2,90,0,5,0,1,0,0,0,0,1,1,6,1,20,4,-1,-1,-1,3,1,3
2018120023453,3,19,0,2,9,1,0,0,0,0,0,1,6,3,-1,-1,1997,2,12,-1,-1,-1
2018120023454,1,9,0,18,0,0,0,0,0,0,1,1,6,1,30,6,1968,2,1,4,2,4
2018120023454,2,9,0,18,0,0,0,0,0,0,2,1,6,1,55,8,1598,2,3,8,1,8
2018120023454,3,9,0,18,0,0,0,0,0,0,2,1,6,1,31,6,1968,2,11,2,3,2
2018120023454,4,19,0,18,0,0,0,0,0,0,2,1,6,1,47,8,1598,2,4,8,3,8
2018120023454,5,19,0,18,0,0,0,0,0,0,1,1,6,1,67,10,1997,2,12,-1,1,-1
2018120023456,1,8,0,18,0,0,0,4,0,0,1,1,6,2,36,7,999,1,1,2,1,2
2018120023456,2,9,0,2,0,0,0,0,0,0,3,1,6,3,-1,-1,1149,1,14,-1,-1,-1
2018120023456,3,9,0,2,0,0,0,0,1,0,2,1,6,3,-1,-1,996,1,1,-1,-1,-1
2018120023643,1,9,0,9,0,1,0,0,0,0,2,1,6,1,26,6,1968,2,14,5,1,5
2018120023643,2,2,0,13,0,1,0,0,0,0,1,1,6,1,16,4,49,1,6,7,1,7
2018120023895,1,1,0,18,0,1,0,0,0,0,1,1,3,1,39,7,-1,-1,-1,3,1,3
2018120023895,2,9,0,5,0,2,0,0,0,0,1,1,3,2,29,6,998,1,5,7,1,7
2018120024137,1,9,0,7,0,6,0,0,0,0,1,1,6,1,30,6,1796,1,11,8,1,8
2018120024168,1,9,0,9,0,8,0,0,0,0,1,1,2,2,56,9,1368,1,9,5,1,5
2018120024168,2,3,0,18,0,8,0,0,0,0,1,1,6,1,23,5,124,1,2,7,1,7
2018120024625,1,8,0,18,0,8,0,0,0,0,1,1,1,1,38,7,1753,2,10,3,1,3
2018120024625,2,1,0,18,0,8,0,0,0,0,4,1,6,1,24,5,-1,-1,-1,9,1,9
2018120024680,1,9,0,9,0,8,0,0,0,0,3,1,6,1,55,8,1968,2,1,9,3,9
2018120024680,2,9,0,18,0,8,0,0,0,0,1,1,6,1,29,6,1124,1,18,7,2,7
2018120024860,1,5,0,17,0,0,1,0,1,0,3,1,6,1,49,8,649,1,5,6,2,6
2018120025125,1,9,0,18,0,0,0,0,0,0,1,1,2,1,25,5,1956,2,7,7,1,7
2018120025125,2,9,0,3,0,0,0,0,0,0,2,1,2,1,35,6,1598,2,1,8,2,8
2018120025463,1,9,0,18,0,0,0,0,2,7,1,1,1,1,43,7,1686,2,5,7,1,7
2018120025631,1,9,0,18,0,0,0,0,2,11,4,1,6,2,71,10,1398,1,1,6,3,6
2018120025718,1,9,0,14,0,1,0,0,0,0,4,1,6,2,80,11,1399,1,8,10,1,10
2018120025718,2,1,0,9,0,1,0,0,0,0,3,1,2,1,25,5,-1,-1,-1,3,1,3
2018120025801,1,9,0,5,0,2,0,0,0,0,1,1,6,2,61,9,1598,1,11,3,1,3
2018120026194,1,9,0,5,0,1,0,0,0,0,4,1,1,1,23,5,-1,-1,-1,7,1,7
2018120026194,2,1,0,5,0,1,0,0,0,0,1,1,6,1,15,3,-1,-1,-1,6,1,6
2018120026652,1,9,0,18,0,1,0,0,0,0,1,1,6,1,77,11,1598,1,13,10,3,10
2018120026652,2,9,0,2,0,1,0,0,0,0,2,1,6,2,43,7,1686,2,7,7,1,7
2018120026775,1,9,0,18,0,0,0,0,0,0,1,1,2,2,26,6,1197,1,2,3,1,3
2018120026775,2,9,0,18,0,0,0,0,7,0,1,1,2,2,24,5,998,1,5,10,1,10
2018120026775,3,19,0,18,0,0,0,0,0,0,3,1,1,1,21,5,1968,2,5,7,3,7
2018120027056,1,21,0,13,0,0,0,0,0,0,0,1,6,1,63,9,12809,2,2,-1,1,-1
2018120027056,2,9,0,13,0,0,0,0,0,0,0,1,6,1,33,6,1499,2,3,6,3,6
2018120027148,1,9,0,17,0,0,2,0,1,9,1,1,6,2,18,4,1686,2,15,10,1,10
2018120027199,1,9,0,4,0,1,1,0,0,0,1,1,2,1,45,7,-1,-1,-1,8,1,8
2018120027199,2,9,0,18,0,1,0,0,0,0,1,1,2,1,28,6,1198,1,3,5,1,5
2018120027236,1,9,0,7,0,3,1,0,0,0,1,1,2,1,47,8,1988,1,17,1,1,1
2018120027236,2,19,0,4,0,1,0,0,0,0,1,1,2,1,36,7,1499,2,2,7,1,7
2018120027243,1,2,0,18,0,1,1,0,0,0,1,1,6,1,40,7,125,1,3,-1,-1,-1
2018120027278,1,20,0,9,0,5,0,0,0,0,3,1,1,1,61,9,-1,-1,-1,9,1,9
2018120027278,2,1,0,8,0,1,0,0,0,0,3,1,6,1,37,7,-1,-1,-1,10,1,10
2018120027299,1,20,0,18,0,0,1,0,0,0,1,1,1,2,48,8,-1,-1,-1,6,1,6
2018120027299,2,9,0,18,0,0,1,0,0,0,1,1,6,1,30,6,1598,1,15,5,1,5
2018120027321,1,9,0,17,0,0,1,0,1,10,1,1,6,1,26,6,2204,2,12,10,1,10
2018120027447,1,19,0,17,0,0,0,0,7,4,3,1,1,1,44,7,2402,2,8,4,1,4
2018120027447,2,9,0,18,0,0,0,0,1,0,3,1,6,2,57,9,1499,1,1,6,3,6
2018120027447,3,9,0,18,0,0,0,0,0,0,1,1,6,2,27,6,1956,2,4,5,2,5
2018120027447,4,9,0,18,0,0,0,0,1,10,0,1,6,1,50,8,1598,1,12,4,1,4
2018120027530,1,9,0,18,0,0,0,0,1,11,3,1,6,1,25,5,1242,1,3,6,1,6
2018120027530,2,9,0,18,0,0,0,0,7,11,3,1,6,2,84,11,1598,1,14,6,1,6
2018120027628,1,9,0,9,0,8,0,0,0,0,3,1,6,2,44,7,1560,2,10,10,1,10
2018120027628,2,9,0,9,0,8,0,0,0,0,4,1,3,2,50,8,1560,2,6,4,1,4
2018120027774,1,3,0,13,0,1,0,0,0,0,1,1,6,2,17,4,125,1,2,4,3,4
2018120027774,2,9,0,9,0,6,0,0,0,0,1,1,6,2,34,6,1796,1,13,5,2,5
2018120027889,1,1,0,18,0,0,5,0,0,0,0,1,6,1,22,5,-1,-1,-1,7,2,7
2018120027948,1,9,0,18,0,0,0,0,0,0,0,1,6,2,33,6,1329,1,9,8,1,8
2018120027948,2,1,0,18,0,0,0,0,0,0,0,1,6,1,11,3,-1,-1,-1,-1,-1,-1
2018120028045,1,9,0,18,0,4,0,0,0,0,1,1,6,2,47,8,1242,1,9,7,2,7