Accident_Index,Vehicle_Reference,Vehicle_Type,Towing_and_Articulation,Vehicle_Manoeuvre,Vehicle_Location-Restricted_Lane,Junction_Location,Skidding_and_Overturning,Hit_Object_in_Carriageway,Vehicle_Leaving_Carriageway,Hit_Object_off_Carriageway,1st_Point_of_Impact,Was_Vehicle_Left_Hand_Drive?,Journey_Purpose_of_Driver,Sex_of_Driver,Age_of_Driver,Age_Band_of_Driver,Engine_Capacity_(CC),Propulsion_Code,Age_of_Vehicle,Driver_IMD_Decile,Driver_Home_Area_Type,Vehicle_IMD_Decile
2018120028045,2,1,0,18,0,8,0,0,0,0,4,1,6,1,50,8,-1,-1,-1,5,1,5
2018120028593,1,9,0,9,0,2,0,0,0,0,3,1,6,1,69,10,1368,1,1,7,1,7
2018120028593,2,2,0,18,0,1,0,0,0,0,1,1,2,1,16,4,49,1,3,7,1,7
2018120028662,1,9,0,18,0,1,0,0,0,0,3,1,6,2,50,8,1242,1,7,10,1,10
2018120028662,2,9,0,9,0,1,0,0,0,0,4,1,6,1,81,11,2143,2,6,10,1,10
2018120028716,1,9,0,18,0,8,0,0,0,0,1,1,6,1,65,9,1398,2,5,7,1,7
2018120028716,2,9,0,9,0,8,1,0,0,0,1,1,6,1,33,6,2495,2,29,9,2,9
2018120028716,3,9,0,9,0,5,0,0,0,0,0,1,6,3,-1,-1,-1,-1,-1,-1,-1,-1
2018120028782,1,9,0,9,0,8,0,0,0,0,1,1,6,2,23,5,1598,2,7,5,1,5
2018120028782,2,9,0,18,0,8,0,0,0,0,3,1,6,2,25,5,1242,1,14,8,1,8
2018120028784,1,9,0,4,0,7,0,0,0,0,1,1,2,1,51,8,2987,2,10,3,1,3
2018120028784,2,9,0,3,0,7,0,0,0,0,2,1,6,2,44,7,996,1,4,2,1,2
2018120028990,1,19,0,16,0,0,0,0,7,11,1,1,2,1,53,8,2198,2,6,10,1,10
2018120029018,1,9,0,18,0,0,0,0,7,0,1,1,1,2,26,6,1499,1,-1,10,1,10
2018120029018,2,9,0,2,0,0,0,0,0,0,2,1,6,2,23,5,1461,2,14,8,1,8
2018120029018,3,9,0,18,0,0,0,0,0,0,2,1,3,2,58,9,2993,2,5,6,3,6
2018120029338,1,9,0,18,0,0,0,0,0,0,4,1,6,1,39,7,1582,2,2,6,3,6
2018120029338,2,9,0,18,0,0,0,0,0,0,0,1,6,3,-1,-1,-1,-1,-1,-1,-1,-1
2018120029814,1,21,1,18,0,0,0,0,1,4,1,1,1,1,37,7,10308,2,5,5,3,5
2018120029831,1,5,0,18,0,0,0,0,0,0,0,1,6,1,52,8,782,1,1,7,2,7
2018120030029,1,5,0,15,0,8,0,0,1,0,3,1,6,1,70,10,1170,1,14,6,3,6
2018120030029,2,9,0,11,0,8,0,0,0,0,4,1,6,3,-1,-1,-1,-1,-1,-1,-1,-1
2018120030388,1,19,0,1,9,7,0,0,0,0,2,1,6,1,51,8,1753,2,10,1,1,1
2018120030573,1,9,0,16,0,0,0,0,0,0,1,1,6,2,30,6,1299,1,10,2,1,2
2018120030573,2,20,0,17,0,0,0,0,0,0,1,1,1,1,52,8,-1,-1,-1,6,1,6
2018120030716,1,98,0,18,0,2,0,0,0,0,4,1,6,3,-1,-1,-1,-1,-1,-1,-1,-1
2018120030716,2,1,0,18,0,2,0,0,0,0,3,1,6,1,16,4,-1,-1,-1,7,1,7
2018120030756,1,9,0,5,0,6,0,0,0,0,1,1,6,2,42,7,1995,2,4,8,3,8
2018120030756,2,9,0,18,0,8,0,0,0,0,1,1,6,1,79,11,1248,1,9,8,3,8
2018120030822,1,9,0,9,0,8,0,0,0,0,1,1,6,1,30,6,2148,2,10,8,1,8
2018120030822,2,1,0,18,0,8,0,0,0,0,1,1,6,1,26,6,-1,-1,-1,5,1,5
2018120031046,1,9,0,9,0,6,0,0,0,0,4,1,6,1,26,6,1595,1,11,4,1,4
2018120031046,2,2,0,14,0,1,0,0,7,11,1,1,6,1,16,4,49,1,6,-1,-1,-1
2018120031046,3,9,0,3,0,1,0,0,0,0,0,1,2,2,44,7,2231,2,12,8,3,8
2018120031077,1,9,0,18,0,1,0,0,0,0,2,1,6,1,34,6,1956,2,2,10,1,10
2018120031077,2,9,0,18,0,1,0,0,1,0,1,1,6,1,45,7,1896,2,17,5,1,5
2018120031330,1,9,0,9,0,8,0,0,0,0,1,1,6,2,49,8,2298,1,20,10,3,10
2018120031330,2,1,0,18,0,1,0,0,0,0,1,1,6,1,56,9,-1,-1,-1,6,1,6
2018120031929,1,9,0,9,0,6,0,0,0,0,4,1,6,1,35,6,1968,2,8,9,3,9
2018120031929,2,9,0,18,0,8,0,0,0,0,1,1,6,1,39,7,1398,2,15,1,1,1
2018120032097,1,9,0,9,0,1,0,0,0,0,1,1,6,2,62,9,1373,1,1,10,2,10
2018120032097,2,5,0,18,0,1,0,0,0,0,1,1,6,1,57,9,695,1,11,9,1,9
2018120032571,1,9,0,9,0,8,0,0,0,0,1,1,6,1,81,11,1461,2,7,7,3,7
2018120032571,2,9,0,18,0,8,0,0,0,0,1,1,6,1,39,7,1798,1,7,10,1,10
2018120032679,1,9,0,16,0,0,0,0,0,0,1,1,6,1,89,11,998,1,4,9,1,9
2018120032679,2,9,0,17,0,0,0,0,0,0,1,1,6,1,67,10,1968,2,3,3,2,3
2018120032688,1,9,0,2,0,1,0,4,0,0,1,1,6,1,38,7,1995,2,13,3,1,3
2018120032688,2,9,0,2,0,1,0,4,0,0,2,1,6,2,43,7,1248,2,4,6,1,6
2018120032781,1,5,0,18,0,0,0,0,0,0,0,1,6,1,47,8,644,1,14,10,1,10
2018120032781,2,5,0,18,0,0,0,0,0,0,0,1,6,1,37,7,-1,-1,-1,9,1,9
2018120032812,1,9,0,9,0,8,0,0,0,0,3,1,6,1,56,9,1968,2,6,9,3,9
2018120032829,1,9,0,4,0,0,0,0,0,0,0,1,6,1,36,7,1896,2,12,4,1,4
2018120032829,2,2,0,4,0,0,0,0,0,0,0,1,6,2,18,4,48,1,7,4,1,4
2018120032969,1,9,0,18,0,0,0,0,5,6,1,1,6,1,31,6,2993,2,2,5,1,5
2018120033147,1,9,0,2,0,0,0,0,0,0,3,1,1,1,31,6,1390,1,10,10,1,10
2018120033147,2,1,0,18,0,0,0,8,0,0,1,1,2,1,23,5,-1,-1,-1,-1,-1,-1
2018120033198,1,9,0,7,0,1,0,0,0,0,1,1,6,2,61,9,998,1,1,9,1,9
2018120033350,1,4,0,5,0,8,0,0,0,0,0,1,6,1,53,8,347,1,35,9,1,9
2018120033350,2,9,0,5,0,8,0,0,0,0,0,1,6,1,75,10,2143,2,3,9,-1,9
2018120033599,1,9,0,18,0,5,1,0,0,0,1,1,6,1,33,6,1461,2,1,7,2,7
2018120033599,2,9,0,3,0,5,0,0,0,0,2,1,6,2,24,5,1240,1,14,3,1,3
2018120033599,3,9,0,3,0,5,0,0,0,0,2,1,6,2,19,4,1398,1,3,9,2,9
2018120033599,4,9,0,3,0,5,0,0,0,0,2,1,6,2,20,4,1242,1,8,9,3,9
2018120033599,5,9,0,3,0,3,0,0,0,0,2,1,6,1,22,5,1199,1,17,1,1,1
2018120033601,1,9,0,18,0,0,2,0,7,9,3,1,2,1,30,6,1597,1,30,7,3,7
2018120033639,1,1,0,18,0,8,0,0,0,0,1,1,2,2,60,9,-1,-1,-1,6,1,6
2018120033639,2,9,0,5,0,4,0,0,0,0,3,1,6,2,61,9,1229,1,7,2,1,2
2018120033727,1,9,0,18,0,1,0,0,0,0,1,1,2,1,59,9,2979,1,14,6,3,6
2018120033727,2,9,0,3,0,1,0,0,0,0,2,1,6,2,72,10,-1,-1,-1,9,1,9
2018120034458,1,9,0,18,0,0,1,0,0,0,1,1,6,2,30,6,1998,1,2,7,3,7
2018120034458,2,19,0,17,0,0,0,0,0,0,4,1,6,1,58,9,1997,2,1,8,1,8
2018120034458,3,9,0,17,0,0,1,0,0,0,0,1,6,1,25,5,1984,1,12,10,2,10
2018120034458,4,9,0,17,0,0,1,0,0,0,1,1,6,1,83,11,2993,2,8,7,3,7
2018120034642,1,9,0,18,0,2,1,0,1,0,1,1,6,1,19,4,999,1,1,1,1,1
2018120034642,2,21,1,18,0,2,1,0,0,0,1,1,1,1,61,9,12902,2,1,1,1,1
2018120034642,3,9,0,18,0,2,1,1,0,0,1,1,6,2,67,10,1198,1,4,1,1,1
2018120034666,1,9,0,16,0,0,1,4,7,0,1,1,6,2,38,7,1149,1,7,1,1,1
2018120034666,2,9,0,2,0,0,0,0,7,0,2,1,6,3,-1,-1,1997,2,9,8,1,8
2018120034682,1,9,0,16,0,0,0,0,0,0,1,1,6,1,25,5,1388,1,16,7,1,7
2018120034682,2,9,0,17,0,0,0,0,1,0,1,1,6,1,46,8,1910,2,7,4,1,4
2018120034921,1,21,1,18,0,0,0,0,0,0,0,1,6,3,-1,-1,-1,-1,-1,-1,-1,-1
2018120034921,2,9,0,18,0,0,0,0,0,0,0,1,2,1,43,7,1997,2,14,9,1,9
2018120035004,1,19,0,2,0,0,0,0,0,0,0,1,6,1,50,8,1598,2,4,7,2,7
2018120035086,1,17,0,18,0,0,0,0,0,0,3,1,1,1,31,6,8709,2,4,7,3,7
2018120035086,2,9,0,18,0,0,0,0,0,0,3,1,1,1,60,9,1598,1,9,6,3,6
2018120035087,1,9,0,18,0,0,0,0,0,0,1,1,6,1,34,6,1968,2,8,8,2,8
2018120035092,1,9,0,9,0,1,0,0,0,0,1,1,6,1,53,8,1800,1,18,5,2,5
2018120035092,2,8,0,18,0,1,0,0,0,0,1,1,1,1,40,7,1995,2,3,8,1,8
2018120035130,1,9,0,17,0,0,2,0,2,10,1,1,6,2,56,9,1686,2,13,9,3,9
2018120035245,1,9,0,18,0,0,0,0,0,0,3,1,6,1,28,6,1499,2,3,7,3,7
2018120035245,2,9,0,18,0,0,1,0,0,0,3,1,6,1,48,8,1984,1,6,5,3,5
2018120035397,1,9,0,18,0,0,1,0,0,0,1,1,2,1,40,7,1560,2,6,4,1,4
2018120035397,2,9,0,18,0,0,0,0,1,0,3,1,2,2,54,8,1499,2,4,7,1,7
2018120035495,1,9,0,18,0,0,0,0,0,0,1,1,1,1,57,9,1590,1,16,8,3,8
2018120035495,2,9,0,18,0,0,0,0,0,0,1,1,6,1,42,7,999,1,1,9,1,9
2018120035573,1,9,0,17,0,0,0,0,1,11,3,1,2,1,25,5,1364,1,11,1,1,1
2018120035573,2,17,0,16,0,0,1,0,0,0,3,1,1,1,27,6,-1,2,9,8,3,8
2018120035796,1,9,0,4,0,1,0,0,0,0,1,1,6,2,38,7,2179,2,6,10,1,10
2018120035796,2,9,0,3,0,1,0,0,0,0,2,1,1,2,39,7,1461,2,3,7,1,7
2018120036790,1,2,0,5,0,8,1,0,0,0,0,1,2,1,18,4,50,1,2,8,3,8
2018120036815,1,11,0,18,0,0,0,0,0,0,4,1,1,1,64,9,6700,2,9,7,3,7
2018120036868,1,9,0,3,0,1,0,0,0,0,2,1,6,2,34,6,4163,2,9,9,1,9
2018120036868,2,19,0,18,0,1,0,0,0,0,1,1,6,1,31,6,2198,2,3,10,1,10
2018120037115,1,9,0,16,0,0,1,0,1,9,1,1,6,1,65,9,-1,-1,-1,-1,-1,-1
2018120037496,1,9,0,13,0,1,0,0,0,0,4,1,6,1,38,7,1560,2,4,8,1,8
2018120037496,2,19,0,4,0,1,0,0,0,0,3,1,6,1,38,7,1995,2,5,8,1,8
2018120037496,3,9,0,18,0,1,0,0,0,0,3,1,6,2,55,8,1598,1,8,10,1,10
2018120037496,4,9,0,10,0,8,0,0,0,0,0,1,6,3,-1,-1,-1,-1,-1,-1,-1,-1
2018120037755,1,9,0,18,0,0,5,0,1,0,4,1,2,1,23,5,1242,1,12,1,1,1
2018120037926,1,19,0,1,0,0,0,0,0,0,2,1,1,1,54,8,-1,-1,-1,6,1,6
2018120038025,1,9,0,18,0,0,1,0,1,5,1,1,6,1,85,11,1497,8,10,8,2,8
2018120038025,2,9,0,18,0,0,1,0,7,0,2,1,6,2,45,7,1149,1,12,8,2,8
2018120038025,3,9,0,2,0,0,0,0,0,0,4,1,6,1,71,10,1596,1,12,8,1,8
2018120038256,1,9,0,18,0,8,0,0,0,0,4,1,6,2,51,8,1390,1,12,10,1,10
2018120038256,2,9,0,7,0,4,0,0,0,0,1,1,1,1,54,8,2494,8,1,10,1,10
2018120038382,1,9,0,18,0,0,0,0,0,0,1,1,2,2,21,5,1229,1,5,10,1,10
2018120038445,1,9,0,18,0,0,1,0,2,7,2,1,2,1,37,7,6208,1,10,1,1,1
2018120038454,1,9,0,18,0,0,1,0,1,9,2,1,6,1,39,7,2148,2,10,1,1,1
2018120038520,1,9,0,9,0,8,0,0,0,0,1,1,2,2,25,5,998,1,5,9,2,9
2018120038520,2,9,0,18,0,8,0,0,1,0,4,1,2,2,46,8,1461,2,5,6,3,6
2018120039284,1,11,0,2,0,8,0,0,0,0,0,1,1,1,51,8,4461,2,3,1,1,1
2018120039469,1,19,0,18,0,0,0,0,0,0,3,1,1,1,40,7,2477,2,9,8,3,8
2018120039662,1,19,0,18,0,0,0,0,0,0,1,1,6,1,57,9,2442,2,2,5,3,5
2018120039673,1,9,0,16,0,0,1,0,7,10,4,1,6,1,22,5,1896,2,16,8,2,8
2018120039673,2,9,0,17,0,0,0,0,0,0,1,1,6,1,27,6,1560,2,4,-1,1,-1
2018120039938,1,9,0,4,0,0,0,0,0,0,0,1,1,1,57,9,-1,-1,-1,4,1,4
2018120039938,2,9,0,18,0,0,5,0,1,0,3,1,6,1,57,9,1997,2,2,10,1,10
2018120040048,1,9,0,18,0,0,0,0,0,0,4,1,6,3,77,11,1197,1,1,9,1,9
2018120040073,1,21,1,18,0,0,0,0,0,0,1,1,1,1,22,5,12777,2,12,2,1,2
2018120040073,2,9,0,18,0,0,0,0,0,6,2,1,6,1,68,10,1560,2,2,-1,-1,-1
2018120040389,1,1,0,18,0,0,0,0,0,0,0,1,2,2,19,4,-1,-1,-1,9,1,9
2018120040477,1,9,0,18,0,1,0,0,0,0,4,1,1,1,25,5,1998,1,11,9,1,9
2018120040885,1,9,0,4,0,0,0,0,0,0,1,1,2,1,44,7,998,1,2,6,3,6
2018120040885,2,9,0,4,0,0,0,0,0,0,2,1,6,1,44,7,1598,1,14,4,1,4
2018120041105,1,9,0,18,0,0,2,0,1,4,1,1,1,1,31,6,1995,2,10,9,3,9
2018120041197,1,9,0,18,0,0,5,0,1,1,3,1,6,1,24,5,1298,1,17,1,1,1
2018120041430,1,11,0,17,0,1,0,0,0,0,0,1,1,1,55,8,4250,2,10,9,1,9
2018120041430,2,9,0,9,0,6,0,0,1,0,0,1,6,1,70,10,1995,2,4,4,1,4
2018120041523,1,1,0,18,0,0,0,0,0,0,2,1,6,2,23,5,-1,-1,-1,5,1,5
2018120041571,1,9,0,16,0,0,0,0,0,0,4,1,6,2,80,11,-1,-1,-1,-1,-1,-1
2018120041571,2,19,0,2,0,0,0,0,0,0,0,1,6,2,59,9,1560,2,-1,10,1,10
2018120041607,1,9,0,9,0,5,0,0,0,0,4,1,6,2,18,4,1229,1,12,5,1,5
2018120041607,2,9,0,18,0,1,0,0,0,0,1,1,1,1,40,7,1896,2,13,10,1,10
2018120041680,1,9,0,9,0,2,1,0,3,1,1,1,6,2,17,4,1968,2,6,7,3,7
2018120041821,1,1,0,18,4,1,0,0,1,0,1,1,1,1,41,7,-1,-1,-1,9,1,9
2018120041821,2,9,0,2,4,1,0,0,0,0,4,1,6,1,-1,-1,1461,2,3,6,1,6
2018120041868,1,9,0,13,0,0,0,0,0,0,0,1,6,3,-1,-1,-1,-1,-1,-1,-1,-1
2018120041868,2,9,0,18,0,0,0,0,0,0,1,1,2,1,54,8,1461,2,3,9,1,9
2018120041868,3,9,0,18,0,0,0,0,7,10,4,1,2,1,49,8,1796,1,12,1,1,1
2018120041868,4,9,0,18,0,0,0,0,0,0,0,1,6,1,-1,-1,-1,-1,-1,-1,-1,-1
2018120041902,1,1,0,18,0,1,0,0,0,0,2,1,6,2,14,3,-1,-1,-1,6,1,6
2018120041902,2,9,0,18,0,1,0,0,0,0,1,1,6,3,-1,-1,-1,-1,-1,-1,-1,-1
2018120042090,1,1,0,18,0,8,0,0,0,0,0,1,6,1,55,8,-1,-1,-1,5,1,5
2018120042417,1,9,0,9,0,1,0,0,0,0,4,1,3,2,38,7,1995,2,5,7,1,7
2018120042417,2,9,0,18,0,1,0,0,0,0,1,1,2,1,26,6,-1,-1,-1,8,1,8
2018120043015,1,9,0,3,0,0,0,0,0,0,0,1,3,1,57,9,1388,1,6,8,1,8
2018120043015,2,1,0,4,4,0,0,0,0,0,4,1,2,1,38,7,-1,-1,-1,6,1,6
2018120043161,1,9,0,9,0,8,0,0,1,1,1,1,6,1,79,11,1496,1,3,9,3,9
2018120043811,1,9,0,3,0,1,0,0,0,0,2,1,6,1,40,7,1598,1,12,9,1,9
2018120043811,2,9,0,4,0,1,0,0,0,0,1,1,6,1,33,6,1995,2,6,2,1,2
2018120044345,1,19,0,16,0,0,0,0,7,4,1,1,1,1,55,8,2198,2,3,1,1,1
2018120044454,1,19,0,16,0,0,0,0,0,0,4,1,1,1,29,6,1598,2,1,8,3,8
2018120044495,1,9,0,17,0,0,5,0,1,11,4,1,6,1,43,7,1997,2,6,10,1,10
2018120044690,1,2,0,4,0,0,0,0,0,0,0,1,6,1,16,4,49,1,1,8,3,8
2018120044690,2,90,0,18,0,0,0,0,0,0,0,1,1,2,41,7,2987,2,8,10,2,10
2018120044909,1,19,0,18,0,0,2,0,1,0,1,1,2,1,31,6,1998,2,12,8,1,8
2018120044979,1,9,0,16,0,0,5,0,0,0,1,1,2,2,31,6,1598,2,4,7,3,7
2018120044979,2,9,0,17,0,0,5,0,0,0,1,1,2,1,46,8,647,8,1,7,1,7
2018120045022,1,9,0,9,0,8,0,0,0,0,1,1,6,2,38,7,1685,2,3,3,1,3
2018120045065,1,19,0,17,0,2,0,0,0,0,4,1,1,1,18,4,2198,2,6,8,2,8
2018120045206,1,9,0,18,0,2,0,4,0,0,1,1,6,2,61,9,1598,1,12,5,1,5
2018120045206,2,9,0,2,0,2,0,0,1,2,2,1,6,2,-1,-1,1968,2,9,4,3,4
2018120045206,3,9,0,2,0,2,0,0,0,0,2,1,6,2,-1,-1,1299,1,16,4,3,4
2018120045246,1,9,0,3,0,0,0,0,0,0,2,1,6,2,19,4,1390,1,14,8,2,8
2018120045246,2,19,0,4,0,0,0,0,0,0,1,1,6,1,35,6,1753,2,11,7,3,7
2018120045656,1,9,0,4,0,0,0,0,0,0,2,1,2,2,25,5,1686,2,4,6,3,6
2018120045656,2,9,0,4,0,0,1,0,0,0,1,1,6,2,50,8,1995,2,7,6,3,6
2018120045672,1,19,0,18,0,0,0,0,0,0,4,1,3,2,46,8,1995,2,10,5,3,5
2018120045962,1,9,0,16,0,0,1,4,0,0,1,1,6,2,58,9,2324,1,17,6,3,6
2018120045962,2,9,0,2,0,0,0,0,0,0,2,1,1,2,37,7,-1,-1,-1,7,2,7
2018120046007,1,9,0,6,0,0,0,0,4,6,3,1,1,1,33,6,1399,2,14,-1,-1,-1
2018120046007,2,19,0,13,0,0,0,0,0,0,0,1,1,1,35,6,2198,2,4,8,1,8
2018120046134,1,9,0,4,0,1,1,6,0,11,1,1,1,1,47,8,1797,8,3,7,1,7
2018120046186,1,8,0,16,0,0,1,0,0,3,1,1,1,1,43,7,1968,2,7,3,1,3
2018120046688,1,21,1,18,0,0,0,0,0,0,4,1,1,1,40,7,12777,2,3,7,3,7
2018120046688,2,9,0,18,0,0,0,0,0,0,3,1,2,1,36,7,1796,1,11,9,1,9
2018120046688,3,9,0,3,0,0,0,0,0,0,3,1,6,2,48,8,1248,2,7,8,2,8
2018120046688,4,9,0,3,0,0,0,0,0,0,3,1,6,1,50,8,1197,1,2,10,2,10
2018120046688,5,9,0,3,0,0,0,0,0,0,3,1,6,2,47,8,1956,2,5,9,3,9
2018120047522,1,17,4,18,0,0,0,0,0,0,1,2,1,1,22,5,898,2,3,8,3,8
2018120047522,2,9,0,17,0,0,0,0,0,0,4,1,6,1,82,11,1591,1,1,7,2,7
2018120047727,1,19,0,11,0,0,0,0,0,0,2,1,2,1,24,5,1560,2,3,1,1,1
2018120047727,2,9,0,18,0,0,0,0,0,0,1,1,6,2,32,6,1390,1,17,4,1,4
2018120047924,1,9,0,16,0,0,0,0,7,9,1,1,6,1,45,7,1390,1,16,1,1,1
2018120047987,1,9,0,9,0,8,0,0,0,0,1,1,6,1,29,6,1198,1,5,10,1,10
2018120047987,2,1,0,18,0,8,0,0,0,0,1,1,6,2,26,6,-1,-1,-1,5,1,5
2018120048015,1,9,0,18,0,0,0,0,0,0,4,1,2,2,34,6,-1,-1,-1,6,3,6
2018120048223,1,9,0,18,0,0,0,0,0,0,3,1,6,2,36,7,1360,1,10,3,1,3
2018120048223,2,20,0,18,0,0,0,0,0,0,3,1,1,1,-1,-1,-1,-1,-1,-1,-1,-1
2018120048365,1,9,0,9,0,6,0,0,0,0,1,1,1,1,57,9,1798,8,4,3,1,3
2018120048365,2,9,0,18,0,1,5,0,0,0,4,1,2,2,51,8,1248,1,4,7,3,7
2018120048465,1,9,0,7,0,8,0,0,0,0,4,1,6,2,49,8,1968,2,8,2,1,2
2018120048465,2,1,0,18,0,8,0,0,0,0,1,1,6,2,40,7,-1,-1,-1,3,1,3
2018120048632,1,9,0,10,0,8,0,0,0,0,2,1,6,1,28,6,1796,1,9,4,1,4
2018120048632,2,9,0,18,0,1,0,0,0,0,1,1,2,1,62,9,1753,2,8,8,2,8
2018120048657,1,9,0,13,0,1,0,0,0,0,4,1,6,1,81,11,1582,2,3,9,1,9
2018120048657,2,1,0,9,0,1,0,0,0,0,3,1,2,2,23,5,-1,-1,-1,3,1,3
2018120048717,1,19,0,18,0,1,0,0,0,0,1,1,1,1,28,6,1461,2,14,3,1,3
2018120048717,2,19,0,10,0,1,0,0,0,0,2,1,6,1,38,7,1598,2,7,5,1,5
2018120048717,3,9,0,18,0,1,0,0,0,0,1,1,6,2,57,9,1560,2,4,10,1,10
2018120048717,4,9,0,18,0,1,0,0,0,0,1,1,6,1,54,8,1995,2,5,8,1,8
2018120048740,1,9,0,18,0,3,0,0,0,0,0,1,6,3,-1,-1,-1,-1,-1,-1,-1,-1
2018120048740,2,11,0,18,0,3,0,0,0,0,0,1,1,2,52,8,7300,2,14,4,1,4
2018120049359,1,9,0,4,0,1,0,0,0,0,1,1,2,2,55,8,1560,2,6,6,1,6
2018120049359,2,9,0,4,0,1,0,0,0,0,2,1,6,1,60,9,1956,2,5,3,2,3
2018120049359,3,9,0,4,0,1,0,0,0,0,0,1,6,3,-1,-1,-1,-1,-1,-1,-1,-1
2018120049359,4,21,0,3,6,1,0,0,0,0,0,1,1,1,35,6,10837,2,1,6,3,6
2018120049390,1,9,0,9,0,8,0,0,0,0,1,1,6,1,52,8,1560,2,2,7,3,7
2018120049390,2,9,0,17,0,1,0,0,0,0,3,1,6,2,79,11,1360,1,8,9,2,9
2018120049432,1,9,0,1,0,0,0,0,0,0,2,1,6,1,28,6,1799,1,10,-1,-1,-1
2018120049432,2,9,0,2,0,0,0,0,0,0,2,1,6,2,58,9,1242,1,9,3,1,3
2018120049579,1,21,1,18,0,0,0,0,0,0,4,2,1,1,59,9,-1,-1,-1,-1,-1,-1
2018120049579,2,22,0,5,0,0,0,0,0,0,1,1,6,1,95,11,-1,-1,-1,10,2,10
2018120049687,1,9,0,18,0,8,0,0,0,0,4,1,6,1,35,6,1995,2,6,6,2,6
2018120049687,2,9,0,18,0,8,0,0,0,0,1,1,2,2,44,7,1242,1,12,6,3,6
2018120050080,1,9,0,7,0,8,0,0,0,0,1,1,6,2,34,6,1969,2,4,9,1,9
2018120050080,2,1,0,18,0,8,0,0,0,0,2,1,6,2,46,8,-1,-1,-1,10,1,10
2018120050229,1,9,0,9,0,6,0,0,0,0,1,1,6,2,21,5,1995,2,6,7,3,7
2018120050229,2,9,0,18,0,8,0,0,7,0,4,1,6,1,65,9,1329,1,9,8,2,8
2018120050229,3,17,0,18,0,1,0,0,0,0,0,1,1,1,24,5,-1,-1,-1,5,3,5
2018120050328,1,9,0,18,0,1,0,0,0,0,1,1,1,1,69,10,1598,1,12,8,3,8
2018120050598,1,9,0,18,0,0,0,0,0,0,1,1,6,1,25,5,2494,1,12,3,1,3
2018120050719,1,9,0,18,0,0,0,4,0,0,1,1,6,2,56,9,1896,2,9,10,3,10
2018120050719,2,9,0,2,0,0,0,0,0,0,2,1,6,3,-1,-1,1598,2,3,-1,-1,-1
2018120050825,1,5,0,16,0,0,1,0,7,11,3,1,6,1,27,6,898,1,4,8,1,8
2018120050887,1,5,0,13,0,0,0,0,7,0,4,1,6,1,71,10,1298,1,10,9,2,9
2018120050887,2,9,0,4,0,0,0,0,0,0,3,1,6,1,37,7,1968,2,2,4,1,4
2018120050887,3,9,0,2,0,0,0,0,0,0,2,1,6,1,52,8,2993,2,3,10,1,10
2018120051016,1,8,0,5,0,4,0,0,0,0,1,1,1,1,49,8,1997,2,7,2,1,2
2018120051016,2,9,0,18,0,8,0,0,0,0,1,1,6,1,19,4,1995,2,15,6,1,6
2018120051304,1,9,0,18,0,0,1,0,0,11,1,1,6,2,18,4,996,1,5,6,3,6
2018120051613,1,9,0,18,0,2,0,0,0,0,1,1,6,1,80,11,1796,1,11,8,3,8
2018120051613,2,1,0,3,0,2,0,0,0,0,2,1,1,2,59,9,-1,-1,-1,10,1,10
2018120051634,1,9,0,18,0,1,0,0,0,0,1,1,1,2,31,6,1999,2,2,7,1,7
2018120051871,1,9,0,18,0,0,1,0,7,11,3,1,6,1,30,6,1398,2,15,3,1,3
2018120051871,2,9,0,18,0,0,0,0,0,0,0,1,1,1,35,6,2993,2,3,4,1,4
2018120051871,3,9,0,13,0,0,0,0,0,0,0,1,1,1,35,6,2993,2,3,4,1,4
2018120051886,1,3,0,16,0,0,0,10,1,0,4,1,2,1,27,6,124,1,3,9,1,9
2018120052051,1,9,0,18,0,0,0,0,0,0,3,1,6,1,51,8,2993,2,1,9,3,9
2018120052051,2,9,0,18,0,0,0,0,0,0,3,1,1,2,60,9,1956,2,6,5,1,5
2018120052053,1,9,0,1,0,6,0,0,0,0,2,1,6,2,82,11,1988,1,15,7,1,7
2018120052053,2,1,0,18,0,2,0,0,0,0,3,1,6,1,71,10,-1,-1,-1,10,3,10
2018120052278,1,9,0,3,0,2,0,0,0,0,2,1,6,1,26,6,1598,1,6,8,2,8
2018120052278,2,9,0,3,0,1,0,0,0,0,2,1,2,1,34,6,2993,2,1,6,3,6
2018120052278,3,19,0,18,0,1,0,0,0,0,1,1,6,1,42,7,2198,2,2,3,2,3
2018120052397,1,1,0,18,9,0,0,0,0,0,1,1,6,1,60,9,-1,-1,-1,-1,-1,-1
2018120052416,1,9,0,7,0,2,0,0,0,0,1,1,6,3,-1,-1,-1,-1,-1,-1,-1,-1
2018120052880,1,19,0,3,0,1,0,0,0,0,2,1,1,2,53,8,1499,2,3,5,1,5
2018120052880,2,9,0,18,0,1,0,0,0,0,1,1,6,1,71,10,1149,1,7,9,1,9
2018120053099,1,9,0,18,0,8,0,0,0,0,0,1,6,2,32,6,2996,1,10,-1,-1,-1
2018120053099,2,9,0,9,0,8,0,0,0,0,0,1,6,2,17,4,1242,1,3,-1,-1,-1
2018120053261,1,9,0,7,0,3,0,0,0,0,4,1,2,2,37,7,1968,2,9,5,1,5