Accident_Index,Vehicle_Reference,Vehicle_Type,Towing_and_Articulation,Vehicle_Manoeuvre,Vehicle_Location-Restricted_Lane,Junction_Location,Skidding_and_Overturning,Hit_Object_in_Carriageway,Vehicle_Leaving_Carriageway,Hit_Object_off_Carriageway,1st_Point_of_Impact,Was_Vehicle_Left_Hand_Drive?,Journey_Purpose_of_Driver,Sex_of_Driver,Age_of_Driver,Age_Band_of_Driver,Engine_Capacity_(CC),Propulsion_Code,Age_of_Vehicle,Driver_IMD_Decile,Driver_Home_Area_Type,Vehicle_IMD_Decile
2018120053477,1,11,0,16,0,0,0,0,0,0,1,1,1,1,50,8,5162,2,1,1,1,1
2018120053556,1,9,0,7,0,6,0,0,7,0,3,1,2,1,23,5,1339,1,12,10,2,10
2018120053556,2,9,0,18,0,8,1,0,0,0,1,1,6,2,26,6,898,1,4,9,3,9
2018120053574,1,9,0,5,0,0,0,0,0,0,1,1,6,2,70,10,998,1,7,10,1,10
2018120053574,2,9,0,5,0,0,0,0,0,0,1,1,6,1,30,6,-1,-1,-1,9,3,9
2018120053645,1,9,0,9,0,1,0,0,7,0,4,1,6,1,39,7,-1,-1,-1,10,2,10
2018120053645,2,9,0,18,0,1,0,0,0,0,1,1,6,2,46,8,1969,2,1,10,1,10
2018120053729,1,9,0,18,0,0,0,0,0,0,0,1,6,2,47,8,-1,-1,-1,5,3,5
2018120053863,1,11,0,4,7,0,0,0,0,0,0,1,1,1,51,8,9360,2,9,1,1,1
2018120053953,1,9,0,18,0,0,0,0,0,0,2,1,2,1,39,7,1598,2,2,9,1,9
2018120053953,2,9,0,18,0,0,0,0,0,0,1,1,6,1,25,5,1995,2,14,-1,-1,-1
2018120054000,1,1,0,18,0,8,0,0,0,0,1,1,2,1,41,7,-1,-1,-1,4,1,4
2018120054000,2,9,0,9,0,4,0,0,0,0,2,1,6,2,-1,-1,-1,-1,-1,-1,-1,-1
2018120054021,1,5,0,17,0,0,0,0,0,0,3,1,6,1,27,6,748,1,12,3,1,3
2018120054021,2,9,0,18,0,0,0,0,0,0,3,1,6,1,63,9,1998,1,13,6,3,6
2018120054070,1,9,0,2,0,0,0,0,0,0,1,1,3,2,33,6,-1,-1,-1,8,3,8
2018120054127,1,5,0,17,0,0,1,0,1,0,3,1,6,1,28,6,599,1,9,4,1,4
2018120054406,1,9,0,18,0,0,1,12,0,0,1,1,6,2,57,9,-1,-1,-1,4,1,4
2018120054503,1,9,0,18,0,0,0,4,0,0,1,1,2,1,28,6,-1,-1,-1,1,1,1
2018120054503,2,21,1,2,0,0,0,0,0,0,2,1,6,1,35,6,-1,-1,-1,-1,-1,-1
2018120054601,1,3,0,18,0,1,1,0,0,0,1,1,6,2,20,4,124,1,6,7,2,7
2018120054601,2,9,0,3,0,1,0,0,0,0,2,1,6,2,66,10,1798,1,11,6,1,6
2018120054676,1,9,0,9,0,8,0,0,1,0,3,1,6,2,28,6,1422,2,2,4,1,4
2018120054676,2,9,0,18,0,8,1,0,0,0,1,1,2,1,42,7,2499,2,16,4,1,4
2018120054733,1,8,0,18,0,0,0,0,0,0,4,1,1,1,44,7,1956,2,8,9,1,9
2018120054807,1,9,0,9,0,8,0,0,0,0,3,1,1,1,28,6,996,1,5,3,1,3
2018120054807,2,4,0,18,0,1,0,0,0,0,1,1,2,1,33,6,124,1,5,6,1,6
2018120054942,1,9,0,18,0,0,0,0,0,0,4,1,6,1,21,5,1995,2,5,9,3,9
2018120054942,2,9,0,2,6,0,0,0,0,0,3,1,1,3,-1,-1,1995,2,6,-1,-1,-1
2018120054967,1,9,0,17,0,0,1,0,1,4,4,1,2,1,35,6,1560,2,9,9,2,9
2018120055039,1,9,0,7,0,0,0,0,0,0,4,1,6,1,37,7,1997,2,14,10,1,10
2018120055039,2,1,0,15,0,0,0,0,0,0,4,1,6,1,45,7,-1,-1,-1,-1,-1,-1
2018120055098,1,9,0,1,0,2,0,0,0,0,2,1,6,1,31,6,1198,1,7,5,1,5
2018120055495,1,9,0,18,0,0,0,0,5,6,3,1,1,2,25,5,1595,1,17,6,3,6
2018120055710,1,9,0,4,0,1,2,0,0,0,1,1,6,1,26,6,1328,1,8,9,3,9
2018120055710,2,9,0,10,0,1,0,0,0,0,2,1,6,1,21,5,-1,-1,-1,9,2,9
2018120055710,3,9,0,18,0,1,0,0,0,0,1,1,6,2,50,8,1339,1,6,6,2,6
2018120055886,1,1,0,18,0,8,0,0,0,0,1,1,2,1,26,6,-1,-1,-1,9,2,9
2018120055886,2,9,0,18,0,8,0,0,0,0,3,1,2,2,23,5,-1,-1,-1,4,3,4
2018120056346,1,9,4,5,0,0,0,0,0,0,1,1,1,1,57,9,1560,2,13,-1,-1,-1
2018120056346,2,9,0,3,0,0,0,0,0,0,2,1,2,2,25,5,1598,1,2,9,2,9
2018120056354,1,9,0,3,0,1,0,0,0,0,4,1,6,1,78,11,1998,1,16,8,3,8
2018120056354,2,1,0,7,0,1,0,0,0,0,3,1,1,1,26,6,-1,-1,-1,6,1,6
2018120056447,1,9,0,18,0,1,1,0,0,0,1,1,6,2,36,7,1596,1,17,1,1,1
2018120056447,2,9,0,3,0,1,0,0,0,0,2,1,2,1,42,7,2199,2,2,2,3,2
2018120056447,3,9,0,3,0,1,0,0,0,0,2,1,6,1,46,8,1896,2,15,1,1,1
2018120056511,1,9,0,18,0,0,0,0,0,0,1,1,6,3,-1,-1,-1,-1,-1,-1,-1,-1
2018120057411,1,3,0,18,0,0,1,0,0,0,4,1,1,1,17,4,124,1,16,2,1,2
2018120057440,1,9,0,4,0,0,0,0,0,0,1,1,1,2,47,8,1598,2,7,9,2,9
2018120057440,2,9,0,4,0,0,0,0,0,0,2,1,1,1,51,8,-1,-1,-1,2,1,2
2018120057783,1,9,0,18,0,1,5,0,7,11,1,1,6,1,52,8,1900,2,17,7,1,7
2018120058106,1,9,0,5,0,4,0,0,0,0,3,1,6,2,49,8,1120,2,5,6,3,6
2018120058106,2,1,0,18,0,8,0,0,0,0,4,1,6,1,40,7,-1,-1,-1,7,3,7
2018120058288,1,9,0,9,0,8,0,0,0,0,1,1,1,1,65,9,1368,1,8,8,1,8
2018120058288,2,1,0,18,0,8,0,0,0,0,3,1,2,2,20,4,-1,-1,-1,8,1,8
2018120058292,1,20,0,18,0,1,0,0,0,0,1,2,6,1,25,5,-1,-1,-1,-1,-1,-1
2018120058292,2,9,0,10,0,1,0,0,0,0,2,1,6,1,65,9,1395,1,1,6,2,6
2018120058870,1,8,0,16,0,2,0,0,0,0,4,1,1,1,46,8,1997,2,1,3,1,3
2018120059114,1,9,0,4,0,1,0,0,0,0,1,1,6,1,43,7,4367,2,6,10,2,10
2018120059114,2,9,0,3,0,1,0,0,0,0,2,1,6,2,41,7,1598,1,8,9,2,9
2018120059489,1,9,0,8,0,1,0,0,0,0,0,1,1,1,28,6,1390,1,6,1,1,1
2018120059489,2,9,0,18,0,2,0,0,0,0,1,1,1,2,24,5,-1,-1,-1,-1,-1,-1
2018120059559,1,19,0,18,0,1,0,0,0,0,1,1,1,1,25,5,1968,2,2,1,1,1
2018120059559,2,1,0,18,0,1,0,0,0,0,4,1,6,2,58,9,-1,-1,-1,9,3,9
2018120059653,1,9,0,6,8,0,0,0,0,0,3,1,6,1,60,9,1956,2,3,10,2,10
2018120059653,2,9,0,18,0,0,0,0,0,0,4,1,6,2,54,8,1796,1,12,3,1,3
2018120059662,1,5,0,18,0,0,0,0,0,0,3,1,6,1,70,10,745,1,7,4,1,4
2018120059779,1,9,0,10,0,1,0,0,0,0,2,1,6,2,71,10,1461,2,10,7,3,7
2018120059779,2,9,0,18,0,1,0,0,0,0,1,1,6,1,26,6,1685,2,7,10,1,10
2018120060251,1,5,0,17,0,8,1,0,0,0,2,1,6,1,34,6,1000,1,13,5,1,5
2018120060251,2,9,0,17,0,8,0,0,0,0,1,1,6,1,24,5,1248,2,10,9,1,9
2018120060251,3,9,0,10,0,5,0,0,0,0,0,1,6,2,43,7,1461,2,12,4,1,4
2018120060260,1,9,0,18,0,0,0,0,0,0,4,1,6,2,71,10,1200,1,4,9,1,9
2018120060263,1,9,0,5,0,1,0,0,0,0,1,1,6,1,72,10,1598,2,3,9,1,9
2018120060263,2,1,0,9,0,8,0,0,0,0,4,1,6,1,27,6,-1,-1,-1,8,1,8
2018120060266,1,9,0,18,0,8,0,0,0,0,4,1,6,1,28,6,1590,1,-1,2,1,2
2018120060271,1,9,0,7,0,8,0,0,0,0,4,1,6,1,-1,-1,-1,-1,-1,-1,-1,-1
2018120060271,2,1,0,7,0,8,0,0,0,0,3,1,6,1,13,3,-1,-1,-1,4,1,4
2018120060330,1,9,0,5,0,6,0,0,0,0,0,1,6,3,-1,-1,-1,-1,-1,-1,-1,-1
2018120060330,2,1,0,18,0,1,0,0,0,0,0,1,6,1,25,5,-1,-1,-1,5,-1,5
2018120060735,1,9,0,16,0,6,0,0,0,0,1,1,2,2,24,5,1197,1,6,10,1,10
2018120060735,2,9,0,5,0,3,0,0,0,0,4,1,6,2,36,7,1197,1,1,7,1,7
2018120060958,1,9,0,18,0,0,0,6,1,0,4,1,6,1,51,8,1968,2,12,6,1,6
2018120061437,1,9,0,18,0,8,0,0,0,0,1,1,6,1,33,6,1560,2,3,1,1,1
2018120061437,2,11,0,18,0,8,0,0,1,0,4,1,1,1,49,8,1968,2,1,4,3,4
2018120062238,1,19,0,4,0,2,0,0,0,0,2,1,2,1,54,8,1560,2,4,1,1,1
2018120062238,2,3,0,18,0,2,0,0,0,0,1,1,2,2,26,6,108,1,1,5,3,5
2018120062559,1,9,0,9,0,2,5,4,1,1,3,1,6,1,86,11,1598,1,13,6,1,6
2018120062559,2,9,0,2,0,1,0,0,0,0,4,1,6,2,53,8,2204,2,10,-1,-1,-1
2018120062559,3,9,0,18,0,2,1,0,0,0,3,1,6,1,59,9,998,1,7,5,2,5
2018120062784,1,11,0,18,9,0,0,0,1,0,1,1,1,1,21,5,7300,2,10,3,1,3
2018120062854,1,21,0,10,0,1,0,0,0,0,3,1,1,1,48,8,12777,2,2,8,2,8
2018120062854,2,1,0,18,0,1,0,0,0,0,1,1,6,1,32,6,-1,-1,-1,2,2,2
2018120062880,1,9,0,7,0,0,0,0,0,0,1,1,6,2,88,11,1198,1,11,8,2,8
2018120062880,2,9,0,3,0,0,0,0,0,0,2,1,6,1,74,10,2400,2,4,7,3,7
2018120062880,3,9,0,3,0,0,0,0,0,0,2,1,6,1,43,7,1368,1,3,6,1,6
2018120062951,1,9,0,16,0,0,0,0,1,4,1,1,6,2,21,5,1595,1,5,8,2,8
2018120063045,1,9,0,18,0,1,0,9,3,0,4,1,6,1,75,10,2231,2,4,8,2,8
2018120063045,2,9,0,2,0,2,0,0,0,0,1,1,1,1,52,8,3200,2,1,5,1,5
2018120063045,3,9,0,2,0,2,0,0,0,0,4,1,1,1,39,7,-1,-1,-1,2,1,2
2018120063056,1,8,0,4,0,1,0,0,0,0,1,1,1,1,32,6,1968,2,2,1,1,1
2018120063056,2,9,0,18,0,1,0,0,0,0,1,1,6,1,17,4,1229,1,12,3,2,3
2018120063403,1,1,0,18,0,3,0,0,0,0,2,1,2,1,27,6,-1,-1,-1,7,1,7
2018120063403,2,9,0,8,0,4,0,0,0,0,1,1,6,1,-1,-1,-1,-1,-1,-1,-1,-1
2018120063515,1,9,0,7,0,8,0,0,0,0,4,1,6,1,56,9,1248,2,7,4,1,4
2018120063515,2,1,0,18,4,8,0,0,0,0,1,1,6,1,36,7,-1,-1,-1,7,1,7
2018120063526,1,11,0,18,0,1,0,0,0,0,1,1,1,1,21,5,7300,2,16,-1,-1,-1
2018120063526,2,2,0,9,0,1,0,0,0,0,1,1,6,2,34,6,49,1,2,8,1,8
2018120064467,1,9,0,3,0,2,0,0,0,0,4,1,1,1,30,6,1995,2,1,9,2,9
2018120064467,2,1,0,18,0,8,0,0,0,0,1,1,1,1,31,6,-1,-1,-1,9,1,9
2018120064660,1,9,0,7,0,8,0,0,0,0,1,1,6,1,23,5,1796,1,14,10,1,10
2018120064660,2,1,0,7,0,8,0,0,0,0,2,1,6,2,54,8,-1,-1,-1,8,1,8
2018120064674,1,9,0,9,0,6,0,0,0,0,3,1,6,1,74,10,1499,2,1,3,1,3
2018120064674,2,3,0,18,0,1,1,0,0,0,1,1,6,1,23,5,124,1,17,2,1,2
2018120064853,1,3,0,18,0,8,0,0,0,0,2,1,6,1,28,6,124,1,14,6,1,6
2018120064853,2,19,0,18,0,8,0,0,0,0,1,1,6,3,-1,-1,-1,-1,-1,-1,-1,-1
2018120064865,1,1,0,18,0,8,0,0,0,0,1,1,6,1,20,4,-1,-1,-1,10,1,10
2018120064865,2,9,0,5,0,8,0,0,0,0,1,1,6,2,-1,-1,-1,-1,-1,-1,-1,-1
2018120065558,1,9,0,18,0,0,0,0,7,11,1,1,6,2,69,10,998,1,4,3,1,3
2018120065662,1,9,0,17,0,0,0,0,1,10,4,1,6,1,18,4,1362,1,5,7,1,7
2018120065785,1,19,0,9,0,8,0,0,0,0,3,1,1,1,47,8,2143,2,1,2,1,2
2018120065785,2,9,0,18,0,1,0,0,0,0,1,1,6,2,37,7,999,1,3,3,1,3
2018120065915,1,9,0,5,0,0,0,0,0,0,4,1,6,2,41,7,1998,2,13,5,3,5
2018120066069,1,5,0,18,0,0,1,0,1,0,4,1,6,1,26,6,124,1,8,5,2,5
2018120066481,1,4,0,9,0,5,1,11,0,0,0,1,2,1,45,7,1050,1,8,8,3,8
2018120066539,1,9,0,5,0,6,0,0,0,0,1,1,6,2,25,5,1229,1,7,8,1,8
2018120066815,1,9,0,4,0,0,0,0,0,0,1,1,2,1,22,5,-1,-1,-1,-1,-1,-1
2018120066815,2,9,0,18,0,0,0,0,0,0,2,1,6,1,72,10,1497,8,3,-1,-1,-1
2018120066826,1,5,0,13,0,1,0,0,0,0,1,1,6,1,55,8,893,1,23,3,1,3
2018120066826,2,19,0,9,0,5,0,0,0,0,3,1,1,1,33,6,2198,2,2,3,1,3
2018120066874,1,9,0,1,0,0,0,0,0,0,2,1,6,1,43,7,1560,2,4,1,1,1
2018120066874,2,5,0,18,0,0,0,0,0,0,4,1,1,1,53,8,1301,1,-1,7,3,7
2018120066913,1,9,0,18,0,0,0,0,0,0,1,1,6,3,-1,-1,1229,1,7,-1,-1,-1
2018120066913,2,1,0,18,0,0,0,0,0,0,2,1,6,1,29,6,-1,-1,-1,8,2,8
2018120067044,1,1,0,18,0,8,0,0,0,0,4,1,2,1,33,6,-1,-1,-1,-1,-1,-1
2018120067044,2,9,0,18,0,8,0,0,0,0,1,1,6,1,23,5,1896,2,12,-1,-1,-1
2018120067106,1,3,0,7,0,6,0,0,0,0,2,1,2,1,21,5,124,1,2,7,1,7
2018120067106,2,21,1,18,0,8,1,0,0,0,1,1,1,1,47,8,12777,2,5,6,1,6
2018120067268,1,9,0,18,0,8,0,0,0,0,1,1,2,1,54,8,2792,1,3,3,1,3
2018120067268,2,9,0,9,0,8,0,0,0,0,1,1,2,2,52,8,1794,1,14,-1,-1,-1
2018120067433,1,1,0,15,0,8,0,0,0,0,1,1,2,1,28,6,-1,-1,-1,8,1,8
2018120067433,2,9,0,7,0,8,0,0,0,0,4,1,1,1,30,6,-1,-1,-1,3,1,3
2018120067482,1,9,0,18,0,1,0,0,0,0,1,1,2,2,38,7,1242,1,6,7,-1,7
2018120067482,2,9,0,10,0,1,0,0,0,0,2,1,2,2,27,6,998,1,6,5,1,5
2018120067524,1,8,0,9,0,5,0,0,0,0,1,1,1,1,62,9,-1,-1,-1,5,1,5
2018120067524,2,9,0,18,0,1,0,0,0,0,1,1,6,1,82,11,-1,-1,-1,2,1,2
2018120067784,1,5,0,16,0,0,0,0,0,0,1,1,6,1,63,9,1731,1,7,7,1,7
2018120067784,2,9,0,17,0,0,0,0,0,0,1,1,2,1,48,8,1461,2,1,9,1,9
2018120068187,1,9,0,9,0,6,0,0,0,0,3,1,6,1,55,8,1197,1,1,6,3,6
2018120068187,2,19,0,4,0,8,0,0,0,0,1,1,1,1,29,6,2148,2,10,3,1,3
2018120068351,1,9,0,1,0,0,0,0,1,10,2,1,6,1,83,11,1299,1,12,5,1,5
2018120068385,1,9,0,11,0,0,0,0,0,0,4,1,6,1,53,8,1995,2,5,1,1,1
2018120068385,2,5,0,15,0,0,0,10,1,0,3,1,6,1,57,9,1293,1,6,5,1,5
2018120068388,1,19,0,17,0,5,0,0,1,10,1,1,6,1,26,6,1910,2,14,10,1,10
2018120068443,1,11,0,5,0,0,0,0,0,0,1,1,1,1,63,9,7300,2,15,8,1,8
2018120068461,1,9,0,18,0,8,0,0,0,0,1,1,6,1,53,8,1396,1,8,3,1,3
2018120068461,2,1,0,18,0,8,0,7,7,10,3,1,6,1,19,4,-1,-1,-1,8,1,8
2018120068472,1,9,0,18,0,0,0,0,0,0,1,1,6,2,26,6,1896,2,11,7,3,7
2018120068472,2,9,0,3,0,0,0,0,0,0,2,1,6,1,47,8,2179,2,5,9,2,9
2018120068472,3,9,0,3,0,0,0,0,0,0,2,1,6,1,42,7,1598,2,3,10,1,10
2018120068756,1,9,0,17,0,0,0,0,0,0,0,1,6,3,-1,-1,-1,-1,-1,-1,-1,-1
2018120068756,2,9,0,16,0,0,1,10,1,11,3,1,6,2,19,4,1242,1,9,5,2,5
2018120068808,1,19,0,2,6,0,0,0,0,0,0,1,1,1,25,5,1995,2,5,4,1,4
2018120068808,2,9,0,12,0,0,0,0,0,0,2,1,6,2,42,7,1598,1,14,10,1,10
2018120068808,3,9,0,18,0,0,0,0,0,0,1,1,6,1,31,6,2979,1,2,4,1,4
2018120068886,1,2,0,18,0,4,1,0,0,0,3,1,6,1,19,4,50,1,2,3,1,3
2018120068950,1,9,0,18,0,0,0,0,0,0,1,1,6,1,25,5,1995,2,4,3,1,3
2018120068950,2,9,0,4,0,0,0,0,0,0,2,1,6,2,25,5,1242,1,6,8,1,8
2018120068962,1,5,0,4,0,1,1,0,0,0,1,1,6,1,62,9,645,1,3,3,1,3
2018120068962,2,5,0,5,0,5,0,0,0,0,3,1,6,2,54,8,649,1,1,9,1,9
2018120068965,1,9,0,13,0,3,0,0,0,0,4,1,6,1,45,7,2000,2,9,5,1,5
2018120068965,2,9,0,6,0,3,0,0,0,0,3,1,6,1,25,5,1229,1,12,1,1,1
2018120069149,1,9,0,18,0,0,1,0,1,6,4,1,6,1,18,4,1242,1,9,4,1,4
2018120069152,1,1,0,16,0,0,0,0,1,0,3,1,6,1,43,7,-1,-1,-1,6,3,6
2018120069152,2,9,3,13,0,0,0,0,0,0,4,1,6,1,45,7,1582,2,3,-1,-1,-1
2018120069155,1,1,0,18,0,8,0,0,0,0,4,1,1,1,46,8,-1,-1,-1,3,1,3
2018120069155,2,9,0,5,0,8,0,0,0,0,1,1,6,1,41,7,1368,1,9,5,1,5
2018120069175,1,9,0,18,0,8,0,0,1,0,4,1,6,1,23,5,1956,2,4,10,1,10
2018120069175,2,9,0,18,0,8,0,0,7,0,1,1,6,2,28,6,1997,1,4,6,2,6
2018120069379,1,9,0,18,0,6,0,0,0,0,4,1,2,1,20,4,1560,2,4,9,1,9
2018120069379,2,9,0,18,0,8,0,0,0,0,1,1,6,1,70,10,1999,2,-1,9,3,9
2018120069379,3,10,0,8,0,1,0,0,0,0,1,1,1,1,64,9,-1,-1,-1,9,3,9
2018120069393,1,11,0,18,0,0,0,12,0,0,1,1,1,1,52,8,6693,2,4,1,1,1
2018120069874,1,9,0,18,0,0,0,0,4,6,1,1,2,1,23,5,1968,2,9,1,1,1
2018120069874,2,21,1,18,0,0,0,0,0,0,2,1,1,1,60,9,12419,2,6,2,2,2
2018120070760,1,9,0,18,0,0,0,0,0,0,2,1,6,1,34,6,2179,2,3,5,1,5
2018120070760,2,3,0,18,0,0,0,0,0,0,3,1,6,1,18,4,125,1,6,7,2,7
2018120070982,1,2,0,18,0,4,1,0,1,0,1,1,6,1,17,4,48,1,1,5,2,5
2018120070982,2,9,4,9,0,3,0,0,0,0,3,1,6,1,-1,-1,-1,-1,-1,-1,-1,-1
2018120071063,1,9,0,9,0,8,0,0,0,0,4,1,6,2,40,7,1587,1,14,8,1,8
2018120071063,2,1,0,18,0,8,0,0,0,0,1,1,2,1,39,7,-1,-1,-1,8,1,8
2018120071356,1,9,0,3,0,0,0,0,0,0,2,1,1,1,31,6,1995,2,3,5,1,5
2018120071356,2,2,0,4,0,0,0,0,0,0,1,1,6,1,16,4,49,1,15,7,3,7
2018120071443,1,9,0,11,7,0,1,0,1,11,2,1,2,2,19,4,1299,1,10,9,3,9
2018120071443,2,21,1,18,0,0,0,0,0,0,1,1,1,1,36,7,11946,2,10,5,1,5
2018120071443,3,9,0,4,7,0,0,0,0,0,2,1,6,1,47,8,1968,2,7,9,1,9
2018120071833,1,9,0,14,0,0,0,4,0,0,1,1,6,2,78,11,1198,1,7,5,3,5
2018120071833,2,9,0,2,0,0,0,0,0,0,2,1,6,1,77,11,1582,2,6,9,2,9
2018120071970,1,9,0,9,0,3,0,0,0,0,3,1,1,1,34,6,1398,1,14,3,1,3
2018120072194,1,5,0,17,0,0,0,0,0,0,3,1,2,1,32,6,847,1,3,6,2,6
2018120072363,1,9,0,9,0,2,0,0,0,0,4,1,6,2,23,5,1560,2,4,1,1,1
2018120072363,2,9,0,18,0,8,0,0,1,11,1,1,6,2,81,11,1242,1,8,9,2,9
2018120072432,1,19,0,18,0,6,0,0,0,0,1,1,1,1,23,5,1995,2,1,3,1,3
2018120072432,2,9,0,18,0,1,0,0,0,0,1,1,6,2,69,10,1796,1,11,10,1,10
2018120072667,1,9,0,18,0,0,0,0,7,0,1,1,6,1,53,8,1398,1,-1,-1,-1,-1
2018120072667,2,9,0,18,0,0,0,0,1,0,1,1,6,1,30,6,1499,2,1,6,1,6
2018120072697,1,9,0,17,0,0,1,0,8,11,1,1,6,1,33,6,-1,-1,-1,8,3,8
2018120072901,1,9,0,7,0,1,0,0,0,0,4,1,6,1,41,7,1999,2,2,5,1,5
2018120072901,2,1,0,15,0,1,0,0,0,0,0,1,6,1,47,8,-1,-1,-1,10,1,10
2018120073007,1,1,0,18,0,1,0,0,0,0,1,1,6,1,-1,-1,-1,-1,-1,-1,-1,-1
2018120073557,1,9,0,5,0,8,0,0,0,0,1,1,1,1,31,6,1364,1,9,4,1,4
2018120073557,2,1,0,18,0,8,0,0,0,0,4,1,6,1,19,4,-1,-1,-1,8,1,8
2018120073623,1,9,0,9,0,6,0,0,0,0,3,1,6,2,67,10,1493,2,12,8,3,8
2018120073623,2,9,0,18,0,1,0,0,0,0,1,1,2,1,22,5,1910,2,13,2,2,2
2018120073917,1,3,0,18,0,0,0,12,0,0,0,1,6,1,19,4,124,1,4,7,3,7
2018120074049,1,9,0,18,0,1,0,0,0,0,4,1,6,3,-1,-1,1461,2,7,-1,-1,-1
2018120074102,1,9,0,13,0,0,1,0,1,11,1,1,6,1,26,6,-1,-1,-1,6,1,6
2018120074102,2,9,0,18,0,0,1,0,1,11,1,1,6,1,54,8,1149,1,16,7,1,7
2018120074102,3,9,0,16,0,0,2,0,7,11,3,1,6,1,52,8,2400,2,3,7,3,7
2018120074102,4,9,0,18,0,0,1,0,0,0,1,1,6,1,40,7,3456,8,3,10,1,10
2018120074620,1,1,0,3,0,1,0,0,0,0,1,1,6,1,43,7,-1,-1,-1,6,1,6
2018120074620,2,9,0,9,0,1,0,0,0,0,2,1,2,1,-1,-1,-1,-1,-1,-1,-1,-1
2018120074621,1,9,0,13,0,8,0,0,1,0,1,1,6,1,23,5,999,1,1,10,1,10
2018120074621,2,90,0,9,0,8,0,0,1,11,3,1,6,1,78,11,2198,2,3,-1,2,-1
2018120074767,1,9,0,18,0,1,0,0,0,0,1,1,6,2,24,5,1242,1,7,5,3,5
2018120074767,2,9,0,4,0,1,0,0,0,0,2,1,6,1,42,7,2967,2,7,10,-1,10
2018120074803,1,9,0,18,0,0,5,0,0,11,1,1,3,2,40,7,-1,-1,-1,8,3,8
2018120074823,1,5,0,18,0,1,0,0,0,0,1,1,6,1,32,6,998,1,10,5,1,5
2018120074823,2,9,0,9,0,6,0,0,1,0,3,1,3,2,47,8,1461,2,4,8,3,8
2018120074823,3,9,0,18,0,1,0,0,0,0,0,1,1,2,51,8,-1,-1,-1,7,1,7
2018120075153,1,2,0,9,0,8,0,0,0,0,3,1,2,1,18,4,49,1,3,9,1,9
2018120075153,2,9,0,18,0,8,0,0,0,0,1,1,6,3,-1,-1,-1,-1,-1,-1,-1,-1
2018120075283,1,9,0,9,0,8,0,0,0,0,1,1,6,2,47,8,1598,1,11,-1,-1,-1
2018120075283,2,5,0,18,0,8,0,0,0,0,1,1,6,1,48,8,649,1,11,6,1,6
2018120075320,1,19,0,18,0,0,0,0,0,0,1,1,2,1,36,7,1896,2,15,5,2,5
2018120075320,2,9,0,18,0,0,0,0,0,0,2,1,6,2,51,8,1229,1,5,4,1,4
2018120075424,1,19,0,18,0,1,0,0,3,10,1,1,1,1,53,8,1995,2,4,6,3,6
2018120075589,1,4,0,18,0,2,0,0,0,0,1,1,6,1,17,4,-1,-1,-1,6,3,6
2018120075589,2,9,0,3,0,2,0,0,0,0,2,1,1,2,30,6,1229,1,-1,-1,-1,-1
2018120075680,1,9,0,18,0,0,0,0,0,0,2,1,6,1,75,10,1461,2,1,10,1,10
2018120075680,2,19,0,18,0,0,5,0,0,0,0,1,1,1,34,6,2143,2,1,7,1,7
2018120075680,3,21,1,18,0,0,1,0,5,6,0,2,1,1,51,8,-1,-1,-1,-1,-1,-1
2018120075680,4,9,0,18,0,0,0,0,4,6,4,1,1,1,28,6,1373,1,-1,9,3,9
2018120075680,5,21,1,18,0,0,0,0,0,0,0,1,1,1,46,8,16123,2,-1,-1,3,-1
2018120075787,1,9,0,18,0,0,0,0,7,11,1,1,6,2,61,9,1339,1,15,10,1,10
2018120075852,1,9,0,18,0,1,0,0,0,0,1,1,2,2,20,4,998,1,5,6,3,6
2018120075852,2,9,0,18,0,1,0,0,0,0,1,1,6,2,39,7,1598,2,4,8,-1,8
2018120075852,3,9,0,10,0,1,0,0,0,0,2,1,2,1,38,7,1995,1,13,6,3,6
2018120076575,1,9,0,3,0,0,0,0,0,0,2,1,6,2,55,8,1399,2,11,6,3,6
2018120076575,2,9,0,18,0,0,0,0,1,0,1,1,6,2,23,5,1598,2,5,6,2,6
2018120076613,1,1,0,18,4,0,0,0,1,0,1,1,2,1,42,7,-1,-1,-1,10,1,10
2018120076915,1,16,0,18,0,0,0,0,1,9,3,1,6,2,55,8,-1,-1,-1,8,3,8
2018120076915,2,17,5,18,0,0,0,0,0,0,3,1,1,1,40,7,-1,-1,-1,-1,-1,-1
2018120076995,1,19,0,4,0,8,2,0,0,0,4,1,1,1,34,6,1968,2,2,5,2,5
2018120076995,2,11,0,18,0,8,0,0,0,0,1,1,1,1,27,6,4249,2,4,7,3,7
2018120076995,3,9,0,10,0,8,0,0,0,0,0,1,1,1,59,9,2148,2,10,10,2,10
2018120077067,1,9,0,5,0,1,0,0,0,0,3,1,6,1,23,5,1339,1,9,2,1,2
2018120077067,2,21,0,18,0,1,0,0,0,0,1,1,1,1,40,7,12900,2,6,1,1,1
2018120077139,1,9,0,3,0,0,0,0,0,0,2,1,6,2,49,8,1496,2,3,5,1,5
2018120077139,2,9,0,3,0,0,0,0,0,0,2,1,6,1,32,6,1968,2,10,4,1,4
2018120077139,3,9,0,18,0,0,0,0,0,0,1,1,6,1,31,6,1753,2,8,4,1,4
2018120077645,1,9,0,9,0,8,0,0,0,0,1,1,6,2,57,9,1499,1,1,10,3,10