Accident_Index,Vehicle_Reference,Vehicle_Type,Towing_and_Articulation,Vehicle_Manoeuvre,Vehicle_Location-Restricted_Lane,Junction_Location,Skidding_and_Overturning,Hit_Object_in_Carriageway,Vehicle_Leaving_Carriageway,Hit_Object_off_Carriageway,1st_Point_of_Impact,Was_Vehicle_Left_Hand_Drive?,Journey_Purpose_of_Driver,Sex_of_Driver,Age_of_Driver,Age_Band_of_Driver,Engine_Capacity_(CC),Propulsion_Code,Age_of_Vehicle,Driver_IMD_Decile,Driver_Home_Area_Type,Vehicle_IMD_Decile
2018120077645,2,1,0,18,0,1,0,0,0,0,1,1,2,1,64,9,-1,-1,-1,9,1,9
2018120077799,1,2,0,17,0,2,0,0,1,10,1,1,6,1,67,10,125,1,-1,3,1,3
2018120077889,1,9,0,5,0,4,0,0,0,0,2,1,6,1,75,10,1798,1,2,6,3,6
2018120077889,2,9,0,18,0,8,0,0,0,0,1,1,6,1,25,5,1998,1,10,8,3,8
2018120077931,1,5,0,16,0,0,1,0,7,11,1,1,6,1,32,6,1000,1,11,4,1,4
2018120077940,1,9,0,18,0,0,0,0,0,0,1,1,6,2,30,6,1461,2,6,7,3,7
2018120077989,1,9,0,1,0,0,0,0,0,0,2,1,6,1,44,7,1997,2,3,8,3,8
2018120077989,2,1,0,18,0,0,0,0,0,0,3,1,6,2,10,2,-1,-1,-1,8,3,8
2018120078048,1,9,0,18,0,0,0,4,0,0,1,1,2,1,25,5,1596,1,16,2,1,2
2018120078048,2,21,0,2,0,0,0,0,0,0,2,1,1,1,54,8,12740,2,-1,2,1,2
2018120078151,1,9,0,16,0,0,2,0,1,11,1,1,6,1,29,6,998,1,4,-1,1,-1
2018120078208,1,9,0,18,0,1,0,0,7,1,1,1,1,2,35,6,1560,2,1,10,1,10
2018120078208,2,9,0,9,0,8,0,0,0,0,3,1,6,2,79,11,1199,1,14,10,1,10
2018120078300,1,1,0,18,0,8,0,0,0,0,4,1,6,2,67,10,-1,-1,-1,9,1,9
2018120078300,2,9,0,7,0,8,0,0,0,0,3,1,1,1,63,9,1596,1,3,10,2,10
2018120078387,1,9,0,4,0,1,0,0,0,0,2,1,6,1,48,8,-1,-1,-1,3,1,3
2018120078387,2,9,0,18,0,1,0,0,0,0,1,1,6,2,24,5,1598,2,2,-1,-1,-1
2018120078405,1,9,0,9,0,0,0,0,0,0,1,1,6,1,50,8,-1,-1,-1,9,2,9
2018120078439,1,5,0,18,0,0,1,0,0,0,1,1,6,1,54,8,2294,1,7,1,1,1
2018120078439,2,9,0,4,0,0,0,0,0,0,2,1,6,1,25,5,999,1,-1,5,1,5
2018120078439,3,9,0,4,0,0,0,0,0,0,2,1,6,1,65,9,1968,2,1,5,1,5
2018120078483,1,9,0,1,0,0,0,0,0,0,2,1,6,1,38,7,-1,-1,-1,2,1,2
2018120078504,1,9,0,18,0,0,0,0,0,0,3,1,6,1,57,9,1598,2,8,6,1,6
2018120078504,2,5,0,14,0,0,0,0,7,0,1,1,6,1,24,5,599,1,19,8,1,8
2018120078641,1,9,0,18,0,0,0,0,7,1,4,1,1,1,54,8,-1,-1,-1,5,3,5
2018120078641,2,9,0,2,0,0,0,0,0,0,0,1,6,2,48,8,1968,2,4,5,3,5
2018120078641,3,22,0,2,0,0,0,0,0,0,2,1,6,1,40,7,-1,-1,-1,5,3,5
2018120078641,4,9,0,2,0,0,0,0,0,0,0,1,6,2,69,10,2982,2,11,5,3,5
2018120079002,1,9,0,18,0,0,2,0,7,11,1,1,6,2,23,5,1149,1,7,-1,-1,-1
2018120079034,1,1,0,18,0,0,0,0,0,0,0,1,6,1,41,7,-1,-1,-1,6,2,6
2018120079092,1,9,0,18,0,0,0,0,0,0,1,1,6,3,-1,-1,-1,-1,-1,-1,-1,-1
2018120079092,2,1,0,18,0,0,0,0,0,0,2,1,6,1,55,8,-1,-1,-1,10,1,10
2018120079096,1,9,0,18,0,0,0,0,0,0,1,1,6,2,69,10,1598,2,5,7,1,7
2018120079100,1,1,0,18,0,0,0,0,0,0,0,1,6,1,59,9,-1,-1,-1,6,1,6
2018120079107,1,5,0,16,0,0,0,0,0,0,1,1,6,1,31,6,-1,-1,-1,5,1,5
2018120079107,2,5,0,17,0,0,0,0,0,0,3,1,6,1,41,7,1050,1,11,8,1,8
2018120079107,3,5,0,17,0,0,0,0,0,0,3,1,6,1,46,8,1050,1,12,6,1,6
2018120079191,1,9,4,16,0,1,0,0,0,0,4,1,1,1,74,10,-1,-1,-1,8,3,8
2018120079191,2,1,0,16,0,1,0,0,1,9,3,1,6,1,62,9,-1,-1,-1,9,3,9
2018120079191,3,1,0,16,0,1,0,0,1,9,3,1,6,1,53,8,-1,-1,-1,9,3,9
2018120079265,1,5,0,4,0,1,1,0,0,0,4,1,6,1,68,10,1099,1,23,3,1,3
2018120079297,1,9,0,5,0,1,0,0,0,0,3,1,6,1,52,8,2179,2,3,6,1,6
2018120079297,2,5,0,13,0,1,0,0,0,0,1,1,6,1,47,8,1215,1,1,4,1,4
2018120079373,1,9,0,12,0,3,0,0,0,0,3,1,6,2,57,9,1600,2,7,5,1,5
2018120079373,2,9,0,18,0,3,0,0,0,0,4,1,6,1,21,5,1598,1,10,3,1,3
2018120079416,1,9,0,7,0,6,0,0,0,0,1,1,6,1,-1,-1,-1,-1,-1,-1,-1,-1
2018120079416,2,1,0,18,0,8,0,0,0,0,4,1,6,1,16,4,-1,-1,-1,8,1,8
2018120079705,1,9,0,1,0,8,0,0,0,0,1,1,6,2,-1,-1,-1,-1,-1,-1,-1,-1
2018120079705,2,1,0,18,0,8,0,0,0,0,1,1,2,1,50,8,-1,-1,-1,10,1,10
2018120079733,1,9,0,7,0,5,0,0,0,0,4,1,1,2,48,8,1560,2,4,2,1,2
2018120079733,2,1,0,18,0,1,0,0,0,0,2,1,6,1,18,4,-1,-1,-1,3,1,3
2018120080068,1,9,0,18,0,0,0,0,0,0,1,1,6,1,79,11,1997,2,13,4,1,4
2018120080068,2,9,0,2,0,0,0,0,0,0,2,1,6,3,-1,-1,1560,2,13,3,1,3
2018120080082,1,9,0,16,0,2,0,0,1,11,1,1,2,2,46,8,2996,1,7,4,1,4
2018120080086,1,9,0,18,0,0,0,0,0,0,1,1,6,1,81,11,1198,1,9,9,1,9
2018120080086,2,9,0,18,0,0,0,0,1,0,1,1,6,1,61,9,1997,1,13,5,1,5
2018120080086,3,9,0,2,0,0,0,0,0,0,2,1,6,2,-1,-1,1600,2,6,-1,-1,-1
2018120080180,1,9,0,10,0,1,0,0,0,0,2,1,6,2,25,5,1197,1,-1,-1,-1,-1
2018120080180,2,9,0,18,0,8,0,0,0,0,1,1,2,2,42,7,2199,2,5,-1,-1,-1
2018120080476,1,9,0,7,0,5,0,0,0,0,1,1,6,1,62,9,1689,2,15,7,1,7
2018120080573,1,5,0,18,0,0,1,0,0,0,0,1,6,1,70,10,998,1,11,7,2,7
2018120080573,2,9,0,4,0,0,0,0,0,0,0,1,6,3,-1,-1,-1,-1,-1,-1,-1,-1
2018120081178,1,19,0,5,0,4,0,0,0,0,1,1,6,2,39,7,1598,2,5,6,1,6
2018120081178,2,1,0,18,0,8,0,0,0,0,4,1,6,1,47,8,-1,-1,-1,10,1,10
2018120081190,1,11,0,5,0,1,0,0,0,0,0,1,1,1,50,8,7300,2,10,7,2,7
2018120081190,2,1,0,9,0,2,0,0,0,0,0,1,4,1,17,4,-1,-1,-1,10,1,10
2018120081308,1,9,0,9,0,8,0,0,0,0,1,1,6,2,50,8,1596,1,3,-1,-1,-1
2018120081308,2,1,0,9,0,1,0,0,0,0,1,1,6,1,50,8,-1,-1,-1,8,3,8
2018120081508,1,9,0,18,0,2,0,0,0,0,1,1,6,2,25,5,1461,2,13,5,1,5
2018120081723,1,4,0,4,0,0,0,0,0,0,0,1,1,1,54,8,124,1,5,2,1,2
2018120081778,1,9,0,18,0,1,0,0,0,0,1,1,6,2,18,4,1998,1,1,7,3,7
2018120081778,2,9,0,10,0,1,0,0,0,0,2,1,6,1,62,9,1388,1,16,5,1,5
2018120081830,1,1,0,18,0,0,0,0,0,0,3,1,6,2,23,5,-1,-1,-1,3,1,3
2018120081830,2,8,0,11,0,0,0,0,0,0,4,1,6,2,56,9,1798,8,1,7,3,7
2018120081846,1,1,0,18,0,0,0,0,0,0,1,1,6,1,19,4,-1,-1,-1,10,1,10
2018120081846,2,9,0,9,0,0,0,0,0,0,1,1,2,1,42,7,1910,2,10,5,1,5
2018120082033,1,9,0,18,0,4,0,0,0,0,1,1,6,2,62,9,1991,2,8,2,1,2
2018120082033,2,1,0,18,0,8,0,0,0,0,4,1,6,1,66,10,-1,-1,-1,8,1,8
2018120082053,1,9,0,5,0,1,0,0,0,0,1,1,6,2,77,11,1995,2,5,6,3,6
2018120082053,2,9,0,18,0,1,0,0,0,0,1,1,2,2,53,8,998,1,1,10,1,10
2018120082053,3,19,0,10,0,1,0,0,0,0,3,1,1,1,23,5,2198,2,7,3,1,3
2018120082096,1,9,0,11,0,8,0,0,0,0,3,1,6,1,20,4,1368,1,12,7,1,7
2018120082096,2,9,0,18,0,8,0,0,0,0,4,1,6,1,80,11,1461,2,-1,-1,-1,-1
2018120082334,1,9,0,9,0,8,0,0,0,0,4,1,6,2,36,7,1870,2,12,5,3,5
2018120082334,2,9,0,18,0,8,0,0,0,0,1,1,6,1,28,6,2387,2,11,8,1,8
2018120082395,1,9,0,16,0,0,0,0,0,0,1,1,2,1,58,9,2401,2,12,6,3,6
2018120082395,2,9,0,17,0,0,0,0,1,11,1,1,2,2,23,5,1587,1,10,6,1,6
2018120082785,1,9,0,11,4,0,0,0,0,0,4,1,6,2,45,7,2993,2,3,8,1,8
2018120082785,2,1,0,15,4,0,0,0,0,0,1,1,6,1,36,7,-1,-1,-1,7,1,7
2018120082793,1,9,0,9,0,8,0,0,0,0,3,1,6,1,63,9,-1,-1,-1,9,1,9
2018120082793,2,2,0,16,0,1,0,0,0,0,1,1,6,1,18,4,124,1,2,6,1,6
2018120082988,1,9,0,18,0,0,0,0,1,9,1,1,6,2,18,4,1242,1,5,8,3,8
2018120083279,1,9,0,17,0,0,1,0,1,0,3,1,6,1,35,6,1328,1,18,5,3,5
2018120083671,1,4,0,17,0,0,0,0,1,0,0,1,6,1,66,10,124,1,17,7,3,7
2018120083731,1,1,0,18,0,0,0,0,0,0,0,1,2,1,27,6,-1,-1,-1,-1,-1,-1
2018120083751,1,9,0,17,0,1,0,0,0,0,4,1,2,2,40,7,1995,2,7,8,3,8
2018120083751,2,1,0,18,0,8,0,0,0,0,1,1,2,1,24,5,-1,-1,-1,7,1,7
2018120083849,1,9,0,17,0,0,2,10,7,11,4,1,6,2,27,6,1299,1,14,6,1,6
2018120084045,1,9,0,1,0,1,0,0,0,0,2,1,6,2,33,6,1598,1,5,10,2,10
2018120084095,1,5,0,14,0,3,0,0,0,0,4,1,6,1,75,10,800,1,16,7,2,7
2018120084103,1,21,0,16,0,0,5,0,0,0,3,1,1,1,52,8,10677,2,1,1,1,1
2018120084206,1,11,0,7,0,8,0,0,0,0,0,1,1,1,48,8,6871,2,8,4,1,4
2018120084359,1,9,0,9,0,7,0,0,1,11,3,1,6,2,80,11,1461,2,3,10,2,10
2018120084359,2,9,0,18,0,1,5,0,0,0,1,1,6,1,32,6,1461,2,2,9,1,9
2018120084414,1,9,0,18,0,0,0,0,8,11,0,1,6,2,74,10,1998,1,-1,-1,-1,-1
2018120084414,2,9,0,2,0,0,0,0,0,0,0,1,6,3,30,6,1998,1,2,-1,-1,-1
2018120084427,1,4,0,13,0,0,1,0,0,0,4,1,6,1,25,5,124,1,3,8,2,8
2018120084427,2,9,0,18,0,0,0,0,0,0,0,1,6,2,-1,-1,-1,-1,-1,-1,-1,-1
2018120084725,1,19,0,18,0,0,0,0,0,0,1,1,6,1,30,6,1753,2,10,-1,-1,-1
2018120084725,2,9,0,18,0,0,0,0,0,0,2,1,6,1,30,6,1598,2,3,-1,-1,-1
2018120084725,3,9,0,18,0,0,1,0,1,9,1,1,6,2,33,6,1499,2,2,3,1,3
2018120084730,1,8,0,9,0,2,0,0,0,0,1,1,1,1,64,9,1560,2,5,5,3,5
2018120084730,2,1,0,18,0,2,0,0,0,0,1,1,6,1,80,11,-1,-1,-1,6,1,6
2018120084805,1,9,0,4,0,0,0,0,0,0,1,1,6,2,18,4,998,1,6,6,3,6
2018120084805,2,9,0,3,0,0,0,0,0,0,2,1,6,1,64,9,1999,1,14,3,1,3
2018120084831,1,19,0,7,0,6,0,0,0,0,4,1,1,1,29,6,-1,-1,-1,2,2,2
2018120084831,2,22,0,5,9,1,0,0,0,0,0,1,6,1,89,11,-1,-1,-1,2,2,2
2018120084834,1,9,0,1,6,0,0,0,0,0,2,1,1,1,30,6,2495,2,14,8,3,8
2018120084834,2,5,0,2,6,0,0,0,0,0,1,1,6,1,55,8,1284,1,15,1,1,1
2018120084834,3,4,0,2,6,0,0,0,0,0,1,1,6,1,21,5,471,1,1,6,1,6
2018120084957,1,11,0,18,0,1,0,0,0,0,1,1,1,2,40,7,7300,2,15,2,1,2
2018120085020,1,11,0,13,0,1,0,0,0,0,0,1,1,1,50,8,9360,2,11,9,1,9
2018120085020,2,1,0,18,0,1,0,0,0,0,0,1,4,1,12,3,-1,-1,-1,10,1,10
2018120085106,1,19,0,9,0,2,0,0,0,0,4,1,1,1,49,8,1896,2,13,8,1,8
2018120085615,1,21,0,18,0,0,1,0,0,0,1,1,1,1,63,9,4580,2,10,5,1,5
2018120085615,2,9,0,4,0,0,0,0,1,0,2,1,6,2,52,8,1596,1,4,6,1,6
2018120085615,3,9,0,4,0,0,5,0,0,0,2,1,6,1,17,4,-1,-1,-1,6,3,6
2018120085615,4,9,0,4,0,0,0,0,0,0,2,1,6,1,56,9,1598,1,9,1,1,1
2018120085633,1,9,0,18,0,0,1,0,1,0,3,1,6,1,45,7,-1,-1,-1,3,1,3
2018120085633,2,9,0,13,0,0,0,0,0,0,4,1,6,3,-1,-1,-1,-1,-1,-1,-1,-1
2018120085755,1,9,0,13,0,8,0,0,0,0,1,1,2,1,61,9,1584,1,13,8,1,8
2018120085755,2,9,0,3,0,8,0,0,0,0,2,1,6,2,19,4,1240,1,14,6,3,6
2018120085775,1,19,0,17,0,0,0,11,1,11,1,1,1,1,58,9,2143,2,2,-1,-1,-1
2018120085862,1,9,0,5,0,2,0,0,0,0,4,1,2,1,30,6,1560,2,5,7,1,7
2018120085886,1,9,0,18,0,8,0,0,0,0,3,1,6,1,50,8,1398,2,8,5,1,5
2018120085886,2,9,0,18,0,8,0,0,0,0,1,1,6,2,59,9,996,1,5,10,1,10
2018120086195,1,8,0,9,0,5,0,0,0,0,1,1,1,1,68,10,1497,8,10,8,1,8
2018120086195,2,1,0,18,0,1,0,0,0,0,1,1,6,2,20,4,-1,-1,-1,-1,-1,-1
2018120086388,1,9,0,18,0,6,0,0,1,1,3,1,6,2,85,11,1197,1,8,9,1,9
2018120086388,2,9,0,18,0,8,0,0,0,0,1,1,2,2,30,6,1248,2,10,6,1,6
2018120086395,1,9,0,18,0,0,0,4,0,0,1,1,6,2,28,6,1598,2,-1,7,1,7
2018120086395,2,9,0,2,0,0,0,0,0,0,2,1,6,1,30,6,2400,2,8,3,1,3
2018120086447,1,9,0,16,0,0,0,0,0,0,1,1,6,2,64,9,2987,2,8,6,3,6
2018120086447,2,9,0,17,0,0,0,0,0,0,1,1,6,1,58,9,1461,2,3,6,3,6
2018120086474,1,9,0,18,0,8,0,0,0,0,1,1,6,3,30,6,-1,-1,-1,-1,-1,-1
2018120086532,1,5,0,13,0,8,0,0,7,11,1,1,2,1,51,8,599,1,19,10,1,10
2018120086532,2,9,0,9,0,8,0,0,7,0,3,1,1,1,27,6,1896,2,16,4,1,4
2018120086853,1,1,0,18,0,1,0,0,0,0,3,1,2,1,25,5,-1,-1,-1,6,1,6
2018120086853,2,9,0,7,0,1,0,0,0,0,1,1,6,2,-1,-1,1398,1,4,7,1,7
2018120086911,1,9,0,4,0,1,0,0,0,0,2,1,1,1,51,8,-1,-1,-1,8,3,8
2018120086911,2,9,0,4,0,1,0,0,0,0,2,1,2,1,19,4,1999,1,12,6,3,6
2018120086911,3,9,0,18,0,1,0,0,0,0,1,1,3,2,28,6,-1,-1,-1,6,3,6
2018120086938,1,9,0,18,0,0,2,0,5,6,1,1,6,2,69,10,1299,1,18,10,1,10
2018120087080,1,9,0,18,0,1,0,0,0,0,3,1,6,1,-1,-1,2184,2,4,-1,-1,-1
2018120087080,2,1,0,7,0,1,0,0,0,0,1,1,6,1,54,8,-1,-1,-1,6,1,6
2018120087104,1,9,0,5,0,4,0,0,0,0,1,1,6,1,82,11,1198,1,5,9,1,9
2018120087104,2,1,0,18,0,8,0,0,0,0,4,1,6,1,83,11,-1,-1,-1,9,1,9
2018120087124,1,9,0,18,0,1,0,0,1,1,4,1,6,1,78,11,1200,1,2,8,1,8
2018120087187,1,9,0,6,0,3,0,0,0,0,3,1,6,1,58,9,-1,-1,-1,-1,-1,-1
2018120087187,2,9,0,5,0,4,0,0,0,0,1,1,6,1,25,5,-1,-1,-1,-1,-1,-1
2018120087214,1,3,0,18,0,0,0,0,0,0,0,1,6,2,19,4,125,1,9,4,3,4
2018120087503,1,19,0,17,0,2,0,10,1,2,1,1,6,1,19,4,-1,-1,-1,5,3,5
2018120087561,1,9,0,1,0,1,0,0,0,0,2,1,6,2,27,6,1591,1,-1,7,1,7
2018120087651,1,9,0,18,0,1,1,4,0,0,4,1,6,1,47,8,1598,1,11,3,1,3
2018120087651,2,9,0,9,0,6,0,0,0,0,1,1,6,2,33,6,1995,2,10,6,1,6
2018120087651,3,9,0,2,0,2,0,0,0,0,3,1,6,2,73,10,1248,1,2,6,1,6
2018120087651,4,9,0,2,0,2,0,0,0,0,2,1,6,2,29,6,1968,2,10,6,3,6
2018120087684,1,9,0,16,0,0,0,0,1,0,1,1,2,1,19,4,1999,1,12,3,1,3
2018120087684,2,21,1,18,0,0,0,0,1,0,1,1,1,1,53,8,12809,2,4,7,3,7
2018120087730,1,2,0,18,0,0,0,0,0,0,4,1,6,1,56,9,150,1,42,3,1,3
2018120087752,1,11,0,18,0,0,0,0,0,0,4,1,1,1,40,7,-1,-1,-1,-1,-1,-1
2018120087836,1,19,0,18,0,6,0,0,7,0,1,1,6,2,26,6,2461,2,15,5,-1,5
2018120087836,2,9,0,18,0,8,2,0,0,0,4,1,6,2,53,8,1120,2,5,10,3,10
2018120087950,1,9,0,5,0,6,5,0,1,0,3,1,6,2,52,8,1796,1,18,7,3,7
2018120087950,2,9,0,18,0,8,0,0,0,0,1,1,6,1,48,8,1497,1,13,1,1,1
2018120087950,3,9,0,3,0,1,0,0,0,0,0,1,6,2,67,10,998,1,3,9,2,9
2018120088106,1,9,0,18,0,8,0,0,0,0,1,1,6,1,59,9,1388,1,10,1,1,1
2018120088106,2,8,0,2,0,8,0,0,7,11,2,1,1,1,59,9,1598,2,5,1,1,1
2018120088233,1,2,0,16,0,0,0,0,0,0,4,1,2,1,17,4,49,1,9,9,1,9
2018120088233,2,8,0,5,0,0,0,0,0,0,1,1,6,1,80,11,-1,-1,-1,2,1,2
2018120088269,1,5,0,16,0,0,1,0,0,0,4,1,6,1,58,9,1198,1,9,10,1,10
2018120088360,1,9,0,18,0,0,0,0,0,0,0,1,6,3,-1,-1,-1,-1,-1,-1,-1,-1
2018120088360,2,4,0,18,0,0,0,0,0,0,1,1,6,1,82,11,-1,-1,-1,7,1,7
2018120088360,3,9,0,18,0,0,0,0,0,0,2,1,6,1,47,8,1299,1,10,6,3,6
2018120088457,1,9,0,4,0,0,0,0,0,0,0,1,6,1,60,9,2148,2,12,3,2,3
2018120088457,2,9,0,18,0,0,0,0,0,0,2,1,6,1,60,9,1329,1,2,5,2,5
2018120088457,3,9,0,18,0,0,0,0,0,0,2,1,6,2,45,7,1599,1,15,7,1,7
2018120088457,4,9,0,18,0,0,0,0,0,0,1,1,6,2,35,6,1149,1,17,8,1,8
2018120088478,1,9,0,1,9,0,0,0,0,0,2,1,6,1,68,10,-1,-1,-1,2,1,2
2018120088923,1,9,0,9,0,2,0,0,0,0,3,1,6,1,20,4,1397,1,18,10,1,10
2018120088923,2,1,0,18,0,1,0,0,0,0,1,1,6,1,20,4,-1,-1,-1,10,1,10
2018120089020,1,1,0,18,0,0,0,12,0,0,1,1,6,1,38,7,-1,-1,-1,10,1,10
2018120089237,1,9,0,16,0,0,0,0,0,0,3,1,6,1,46,8,-1,-1,-1,1,1,1
2018120089237,2,9,0,17,0,0,5,0,7,0,3,1,6,1,83,11,1596,1,3,6,1,6
2018120089245,1,1,0,12,0,1,0,0,0,0,2,1,6,1,12,3,-1,-1,-1,2,1,2
2018120089245,2,11,0,13,0,1,1,0,0,0,3,1,1,1,34,6,11967,2,9,5,1,5
2018120089281,1,1,0,18,0,8,0,0,0,0,1,1,6,1,22,5,-1,-1,-1,-1,-1,-1
2018120089281,2,9,0,5,0,6,0,0,0,0,1,1,6,3,-1,-1,-1,-1,-1,-1,-1,-1
2018120089398,1,19,0,4,0,0,0,0,0,0,1,1,1,2,20,4,2287,2,2,9,1,9
2018120089398,2,9,0,3,0,0,0,0,0,0,2,1,6,2,54,8,898,1,4,2,1,2
2018120089398,3,9,0,3,0,0,0,0,0,0,2,1,6,1,51,8,1198,1,10,5,3,5
2018120089473,1,19,0,17,0,0,1,0,1,11,1,1,6,1,37,7,-1,-1,-1,1,1,1
2018120089615,1,9,0,9,0,0,0,0,0,0,1,1,6,1,22,5,-1,-1,-1,8,3,8
2018120089615,2,19,0,18,0,0,0,0,7,0,1,1,1,1,26,6,2298,2,4,9,2,9
2018120089927,1,9,0,18,0,1,0,0,0,0,1,1,6,2,23,5,998,1,4,10,1,10
2018120089927,2,9,0,5,8,6,0,0,0,0,1,1,6,1,41,7,1596,1,8,4,1,4
2018120089977,1,21,1,18,0,0,0,4,0,0,1,1,1,1,55,8,12809,2,5,4,1,4
2018120089977,2,21,1,4,0,0,0,0,0,0,2,1,1,1,53,8,10837,2,-1,5,1,5
2018120090458,1,9,0,18,0,1,0,0,0,0,0,1,1,1,67,10,2435,6,19,4,1,4
2018120090641,1,1,0,5,0,1,0,0,0,0,1,1,6,1,19,4,-1,-1,-1,6,1,6
2018120090641,2,21,0,5,0,1,0,0,0,0,2,1,1,1,33,6,10518,2,4,6,1,6
2018120090672,1,5,0,18,0,0,0,0,1,4,1,1,6,1,55,8,1157,1,11,9,1,9
2018120091388,1,9,0,18,0,0,5,0,8,4,1,1,6,2,75,10,1149,1,10,7,3,7
2018120091459,1,5,0,17,0,0,0,0,0,0,3,1,6,1,32,6,748,1,20,7,1,7
2018120091604,1,9,0,6,0,8,0,0,0,0,3,1,6,2,38,7,1997,2,15,4,1,4
2018120091604,2,9,0,13,0,8,0,0,0,0,1,1,6,2,27,6,1240,1,12,4,1,4
2018120091693,1,9,0,18,9,8,0,0,1,0,1,1,1,1,49,8,2996,1,1,5,1,5
2018120091824,1,3,0,18,0,3,1,10,1,0,3,1,6,1,27,6,124,1,3,1,1,1
2018120092304,1,9,0,5,0,6,0,0,0,0,3,1,6,1,77,11,2170,2,13,9,1,9
2018120092304,2,9,0,18,0,1,0,0,0,0,1,1,6,2,53,8,1598,2,5,6,3,6
2018120092345,1,9,0,5,0,6,0,0,0,0,1,1,6,1,67,10,-1,-1,-1,10,1,10
2018120092345,2,1,0,18,0,1,0,0,0,0,3,1,2,2,49,8,-1,-1,-1,9,1,9
2018120092550,1,9,0,17,0,0,0,0,0,0,1,1,6,2,32,6,1910,2,10,7,1,7
2018120092550,2,9,0,16,0,0,0,0,0,0,1,1,6,1,38,7,1197,1,3,6,1,6
2018120093088,1,9,0,9,0,5,0,0,0,0,3,1,6,1,-1,-1,2183,2,7,-1,-1,-1
2018120093166,1,1,0,18,0,0,1,4,0,0,1,1,6,1,49,8,-1,-1,-1,9,3,9
2018120093166,2,19,0,2,0,0,0,0,0,0,1,1,6,3,-1,-1,1868,2,11,-1,-1,-1
2018120093245,1,5,0,16,0,0,1,0,7,0,4,1,6,1,56,9,748,1,7,1,1,1
2018120093260,1,3,0,18,0,0,1,0,0,0,3,1,6,1,19,4,125,1,2,10,1,10
2018120093410,1,5,0,13,0,8,0,0,0,0,0,1,6,2,49,8,1170,1,1,8,2,8
2018120093410,2,9,0,9,0,8,0,0,7,0,2,1,6,1,58,9,1560,2,13,-1,-1,-1
2018120093410,3,5,0,18,0,8,0,0,0,0,4,1,6,1,52,8,1170,1,5,10,1,10
2018120093710,1,9,0,18,0,1,0,0,0,0,1,1,6,1,18,4,1349,1,6,6,2,6
2018120093710,2,9,0,10,0,1,0,0,0,0,2,1,6,1,60,9,1753,2,14,9,1,9
2018120093728,1,5,0,16,0,8,0,0,7,9,1,1,6,1,48,8,1002,1,22,2,1,2
2018120093904,1,5,0,17,0,0,0,0,1,9,1,1,6,1,61,9,865,1,11,6,1,6
2018120093936,1,9,0,18,9,2,0,0,3,10,1,1,6,2,84,11,1242,1,5,5,1,5
2018120093954,1,9,0,3,0,0,0,0,0,0,2,1,1,1,29,6,1499,2,3,-1,-1,-1
2018120093954,2,9,0,3,0,0,0,0,0,0,2,1,6,1,75,10,1839,1,13,7,3,7
2018120093954,3,9,0,4,0,0,0,0,0,0,1,1,6,1,53,8,1598,2,4,8,2,8
2018120094012,1,5,0,4,0,0,0,0,0,0,4,1,6,1,28,6,645,1,7,3,1,3
2018120094012,2,9,0,4,0,0,0,0,0,0,3,1,6,2,29,6,-1,-1,-1,10,1,10
2018120094070,1,9,0,17,0,0,5,0,2,11,4,1,6,1,35,6,1798,1,8,7,1,7
2018120094397,1,5,0,17,0,0,1,0,1,10,1,1,6,1,59,9,1352,1,-1,10,1,10
2018120094530,1,9,0,5,0,0,0,0,0,0,0,1,6,2,82,11,1197,1,2,9,2,9
2018120094580,1,9,0,5,0,8,0,0,0,0,3,1,6,1,71,10,2143,2,3,8,2,8
2018120094580,2,5,0,18,0,1,0,0,0,0,0,1,6,1,27,6,1157,1,18,6,2,6
2018120094580,3,5,0,18,0,1,0,0,1,4,1,1,6,1,34,6,599,1,12,8,2,8
2018120094801,1,9,0,17,0,0,0,0,1,1,1,1,6,1,73,10,-1,-1,-1,1,2,1
2018120094894,1,8,0,7,0,1,0,0,0,0,4,1,1,1,40,7,1968,2,4,2,1,2
2018120094894,2,1,0,18,4,1,0,0,0,0,1,1,1,1,21,5,-1,-1,-1,8,1,8
2018120095109,1,9,0,5,0,0,0,0,0,0,3,1,6,1,28,6,1497,2,1,10,1,10
2018120095109,2,4,0,18,0,0,0,0,0,0,1,1,1,1,36,7,124,1,16,10,1,10
2018120095209,1,9,0,3,0,8,0,0,0,0,2,1,1,2,28,6,-1,-1,-1,8,3,8
2018120095209,2,9,0,4,0,8,0,0,0,0,1,1,1,1,25,5,1968,2,8,5,1,5
2018120095256,1,5,0,18,0,1,0,0,1,0,1,1,1,1,29,6,599,1,20,8,1,8
2018120095256,2,9,0,9,0,1,0,0,0,0,2,1,1,2,56,9,2967,2,11,6,3,6
2018120095290,1,1,0,18,4,0,0,0,0,0,1,1,6,2,60,9,-1,-1,-1,10,1,10
2018120095328,1,9,0,7,0,2,0,0,0,0,3,1,6,2,17,4,1229,1,9,6,3,6
2018120095328,2,9,0,18,0,2,0,0,7,0,4,1,6,2,61,9,1197,1,7,5,2,5
2018120095355,1,9,0,17,0,0,1,0,1,7,1,1,6,1,36,7,1248,1,5,7,1,7