Accident_Index,Vehicle_Reference,Vehicle_Type,Towing_and_Articulation,Vehicle_Manoeuvre,Vehicle_Location-Restricted_Lane,Junction_Location,Skidding_and_Overturning,Hit_Object_in_Carriageway,Vehicle_Leaving_Carriageway,Hit_Object_off_Carriageway,1st_Point_of_Impact,Was_Vehicle_Left_Hand_Drive?,Journey_Purpose_of_Driver,Sex_of_Driver,Age_of_Driver,Age_Band_of_Driver,Engine_Capacity_(CC),Propulsion_Code,Age_of_Vehicle,Driver_IMD_Decile,Driver_Home_Area_Type,Vehicle_IMD_Decile
2018120095781,1,9,0,18,0,1,0,0,0,0,1,1,1,1,65,9,-1,-1,-1,8,2,8
2018120095781,2,9,0,7,0,1,0,0,0,0,2,1,6,2,21,5,1329,1,8,7,3,7
2018120095904,1,9,0,18,0,0,0,0,0,0,1,1,6,1,58,9,1461,2,-1,2,1,2
2018120095904,2,9,0,4,0,0,0,0,0,0,2,1,6,1,32,6,1461,2,4,5,1,5
2018120095904,3,9,0,4,0,0,0,0,2,1,2,1,6,2,60,9,1398,1,6,8,1,8
2018120095904,4,9,0,4,0,0,0,0,0,0,2,1,6,2,45,7,2199,2,3,4,3,4
2018120095958,1,22,0,18,0,0,5,0,0,0,3,1,6,1,83,11,-1,-1,-1,9,1,9
2018120095958,2,9,0,1,0,0,0,0,0,0,2,1,6,2,-1,-1,-1,-1,-1,-1,-1,-1
2018120096123,1,1,0,18,0,1,0,0,0,0,1,1,6,1,35,6,-1,-1,-1,6,1,6
2018120096123,2,9,0,14,0,1,0,0,0,0,3,1,6,2,43,7,1686,2,6,7,1,7
2018120096503,1,9,0,7,0,2,0,0,0,0,1,1,6,1,57,9,1794,1,13,6,2,6
2018120096509,1,9,0,3,0,1,0,0,0,0,1,1,1,1,43,7,-1,-1,-1,8,2,8
2018120096509,2,9,0,3,0,1,0,0,0,0,2,1,1,2,22,5,1395,1,3,9,1,9
2018120096642,1,9,0,17,0,0,0,0,0,0,1,1,2,2,50,8,1396,1,8,7,3,7
2018120096642,2,9,0,16,0,0,0,0,0,0,1,1,6,1,60,9,1956,2,5,7,3,7
2018120097386,1,9,0,17,0,0,5,10,1,10,1,1,6,2,23,5,1198,1,16,9,2,9
2018120097520,1,9,0,18,0,1,0,0,0,0,1,1,6,2,26,6,1910,2,10,7,2,7
2018120097520,2,9,0,18,0,1,0,0,0,0,3,1,6,2,53,8,1332,1,19,6,3,6
2018120097584,1,9,0,16,0,8,2,0,2,7,3,1,6,2,23,5,1124,1,17,1,1,1
2018120097627,1,9,0,17,0,0,0,0,1,4,1,1,6,1,27,6,2979,1,12,1,1,1
2018120097771,1,9,0,18,0,0,0,12,0,0,1,1,6,1,41,7,2993,2,13,4,1,4
2018120097997,1,5,0,16,0,2,0,0,7,0,4,1,6,1,30,6,599,1,18,1,1,1
2018120097997,2,9,0,17,0,1,0,0,0,0,3,1,6,1,30,6,1950,2,1,10,2,10
2018120098030,1,5,0,17,0,0,1,0,1,11,1,1,6,1,55,8,998,1,13,-1,-1,-1
2018120098123,1,9,0,13,0,0,0,0,0,0,2,1,1,2,49,8,1956,2,4,10,1,10
2018120098123,2,9,0,18,0,0,0,0,0,0,1,1,6,1,-1,-1,-1,-1,-1,5,3,5
2018120098501,1,9,0,18,0,1,0,0,0,0,1,1,2,1,40,7,-1,-1,-1,7,1,7
2018120098501,2,3,0,9,0,1,0,0,0,0,4,1,2,1,56,9,125,1,11,6,3,6
2018120098550,1,9,0,18,9,0,0,0,0,0,4,1,6,3,-1,-1,-1,-1,-1,-1,-1,-1
2018120098782,1,9,0,2,0,0,0,0,0,0,4,1,6,2,44,7,-1,-1,-1,6,3,6
2018120098782,2,1,0,18,0,0,0,0,0,0,1,1,6,2,38,7,-1,-1,-1,6,3,6
2018120098858,1,9,0,18,0,0,0,0,1,4,1,1,2,1,42,7,1956,2,9,-1,-1,-1
2018120098858,2,21,0,18,0,0,0,0,0,0,2,1,1,1,53,8,11967,2,5,-1,-1,-1
2018120098910,1,19,0,17,0,0,2,0,8,4,3,1,6,1,38,7,2402,2,8,5,3,5
2018120098998,1,5,0,17,0,0,0,0,0,0,0,1,6,1,33,6,599,1,19,3,1,3
2018120099387,1,9,0,18,0,0,0,0,0,0,0,1,6,1,18,4,2495,2,19,-1,-1,-1
2018120099387,2,9,0,18,0,0,1,0,7,10,4,1,6,2,25,5,1390,1,9,7,1,7
2018120099606,1,9,0,1,0,2,0,0,0,0,2,1,6,2,63,9,1398,1,-1,8,1,8
2018120099606,2,1,0,3,0,2,0,0,0,0,1,1,6,2,30,6,-1,-1,-1,9,1,9
2018120099632,1,9,0,9,0,8,0,0,0,0,1,1,6,2,34,6,1400,2,11,10,2,10
2018120099632,2,9,0,18,0,8,0,0,7,0,1,1,6,2,20,4,1248,1,9,8,2,8
2018120099644,1,9,0,18,0,0,0,0,1,11,1,1,6,1,65,9,1596,1,9,8,1,8
2018120099644,2,9,0,18,0,0,0,0,0,0,1,1,6,2,60,9,2204,2,8,8,3,8
2018120099829,1,5,0,16,0,0,0,0,0,0,1,1,6,1,45,7,1215,1,1,3,1,3
2018120099829,2,9,0,18,0,0,0,0,0,0,1,1,6,1,60,9,3528,1,-1,6,2,6
2018120100170,1,4,0,18,0,8,0,0,7,0,4,1,6,1,20,4,-1,-1,-1,9,1,9
2018120100170,2,17,0,9,0,5,0,0,0,0,3,1,1,1,18,4,4400,2,6,-1,-1,-1
2018120100220,1,1,0,18,0,0,0,10,0,11,1,1,4,1,14,3,-1,-1,-1,8,1,8
2018120100283,1,5,0,18,0,0,0,10,1,0,4,1,2,1,53,8,919,1,16,1,1,1
2018120100373,1,9,0,17,0,0,1,0,0,0,2,1,6,1,21,5,1388,1,14,5,1,5
2018120100373,2,9,0,17,0,0,0,0,0,0,0,1,6,1,20,4,1968,2,11,2,1,2
2018120100373,3,9,0,18,0,0,0,0,1,5,3,1,6,1,57,9,1560,2,14,1,1,1
2018120100609,1,9,0,18,0,0,0,0,0,0,1,1,6,2,28,6,4619,1,15,7,1,7
2018120100609,2,9,0,3,0,0,0,0,0,0,2,1,6,2,25,5,999,1,2,-1,-1,-1
2018120100609,3,9,0,3,0,0,0,0,0,0,2,1,6,1,52,8,1396,2,3,9,1,9
2018120100609,4,9,0,3,0,0,0,0,0,0,2,1,6,1,21,5,1360,1,10,4,1,4
2018120100609,5,9,0,3,0,0,0,0,0,0,2,1,6,2,47,8,1798,1,2,7,3,7
2018120100762,1,21,0,3,0,0,0,0,0,0,0,1,1,1,54,8,-1,-1,-1,3,1,3
2018120101516,1,9,0,5,0,0,0,0,0,0,2,1,6,2,37,7,1149,1,13,10,2,10
2018120101516,2,9,0,18,0,0,0,0,0,0,1,1,6,1,-1,-1,2488,2,13,-1,-1,-1
2018120101582,1,9,0,3,0,1,0,0,0,0,2,1,2,2,50,8,1360,1,13,7,1,7
2018120101582,2,9,0,18,0,1,0,0,0,0,1,1,2,1,73,10,1498,1,12,5,1,5
2018120101681,1,3,0,18,0,0,0,0,7,0,0,1,6,2,33,6,124,1,12,9,3,9
2018120101803,1,8,0,9,0,6,0,0,0,0,1,1,1,1,74,10,-1,-1,-1,7,1,7
2018120101803,2,9,0,16,0,1,0,0,0,0,3,1,6,1,21,5,1499,2,3,7,1,7
2018120102198,1,9,0,1,9,8,0,0,0,0,2,1,6,1,60,9,1910,2,14,-1,-1,-1
2018120102198,2,22,0,18,9,8,0,0,0,0,1,1,6,2,93,11,-1,-1,-1,5,2,5
2018120102248,1,9,0,9,0,6,0,0,0,0,0,1,6,2,23,5,1229,1,1,6,3,6
2018120102248,2,9,0,18,0,8,0,0,7,4,0,1,6,2,74,10,1197,1,1,7,3,7
2018120102315,1,5,0,5,0,1,0,0,0,0,3,1,6,1,71,10,800,1,7,4,1,4
2018120102824,1,9,0,5,0,6,0,0,0,0,3,1,6,1,29,6,-1,-1,-1,4,1,4
2018120102824,2,9,0,18,0,8,0,0,0,0,1,1,6,2,35,6,1390,1,8,9,1,9
2018120102851,1,9,0,18,0,8,0,0,0,0,1,1,6,1,82,11,1389,1,16,9,2,9
2018120102851,2,11,0,5,0,8,0,0,0,0,3,1,1,1,19,4,11967,2,9,2,1,2
2018120102902,1,5,0,16,0,0,1,0,7,9,1,1,6,1,49,8,998,1,7,1,1,1
2018120102918,1,5,0,14,0,8,0,0,0,0,1,1,6,1,35,6,599,1,11,6,1,6
2018120102918,2,9,0,5,0,1,0,0,0,0,0,1,6,3,-1,-1,-1,-1,-1,-1,-1,-1
2018120102918,3,9,0,5,0,1,0,0,0,0,0,1,6,3,-1,-1,-1,-1,-1,-1,-1,-1
2018120102918,4,9,0,9,0,5,0,0,0,0,2,1,6,1,29,6,1399,2,7,10,1,10
2018120102918,5,9,0,9,0,5,0,0,0,0,0,1,6,3,-1,-1,-1,-1,-1,-1,-1,-1
2018120103005,1,9,0,10,0,1,0,0,0,0,2,1,6,1,21,5,-1,-1,-1,3,1,3
2018120103005,2,9,0,4,0,1,0,0,0,0,1,1,6,1,45,7,1596,1,4,2,1,2
2018120103078,1,9,0,13,0,0,0,0,0,0,1,1,6,1,20,4,1242,1,10,9,2,9
2018120103078,2,9,0,6,0,0,0,0,0,0,1,1,6,1,21,5,1796,1,11,9,3,9
2018120103078,3,9,0,18,0,0,0,0,0,0,0,1,6,3,-1,-1,-1,-1,-1,-1,-1,-1
2018120103091,1,1,0,18,0,8,0,0,0,0,1,1,6,1,32,6,-1,-1,-1,5,1,5
2018120103091,2,19,0,5,0,8,0,0,0,0,4,1,1,1,44,7,1248,2,2,-1,-1,-1
2018120103268,1,9,0,13,0,0,2,0,1,11,1,1,2,1,30,6,2993,2,11,-1,-1,-1
2018120103268,2,8,0,18,0,0,1,0,1,11,2,1,2,1,37,7,-1,-1,-1,9,1,9
2018120103268,3,9,0,18,0,0,0,0,0,0,0,1,2,1,31,6,1910,2,12,1,1,1
2018120103339,1,9,0,13,0,1,0,0,7,10,1,1,6,1,88,11,1910,2,11,2,1,2
2018120103339,2,9,0,9,0,5,0,0,7,10,2,1,3,2,45,7,1242,1,3,8,3,8
2018120104527,1,9,0,18,0,8,0,0,0,0,3,1,1,2,54,8,1461,2,4,10,3,10
2018120104527,2,1,0,18,0,8,0,0,0,0,1,1,6,1,76,11,-1,-1,-1,4,1,4
2018120104701,1,9,0,9,0,6,0,0,1,0,1,1,6,1,19,4,1206,1,10,5,3,5
2018120104701,2,9,0,18,0,1,0,0,7,9,1,1,6,1,30,6,1968,2,2,3,2,3
2018120104836,1,19,0,9,0,2,0,0,0,0,3,1,1,2,51,8,2800,2,12,8,2,8
2018120104836,2,1,0,9,0,1,0,0,0,0,4,1,2,1,21,5,-1,-1,-1,10,3,10
2018120105400,1,9,0,9,0,8,0,0,0,0,4,1,6,2,43,7,1998,1,-1,10,1,10
2018120105400,2,1,0,18,0,8,0,0,0,0,1,1,6,1,15,3,-1,-1,-1,10,1,10
2018120105448,1,4,0,18,0,1,1,0,0,0,3,1,6,1,34,6,124,1,9,8,1,8
2018120105551,1,19,0,4,0,1,0,0,0,0,1,1,1,1,25,5,1995,2,1,5,2,5
2018120105551,2,9,0,8,0,1,0,0,0,0,2,1,1,2,48,8,1229,1,7,8,2,8
2018120105580,1,8,0,16,0,0,0,0,0,0,3,1,1,1,69,10,1997,2,4,4,1,4
2018120105580,2,5,0,17,0,0,0,0,0,0,3,1,6,1,57,9,998,1,2,9,1,9
2018120106021,1,9,0,4,0,0,0,0,0,0,4,1,6,3,-1,-1,-1,-1,-1,-1,-1,-1
2018120106021,2,1,0,18,0,0,0,0,0,0,1,1,6,1,31,6,-1,-1,-1,10,1,10
2018120106494,1,1,0,18,0,0,0,0,0,0,1,1,6,2,30,6,-1,-1,-1,7,1,7
2018120106494,2,11,0,18,0,0,0,0,0,0,4,1,1,1,29,6,5132,2,2,8,3,8
2018120106568,1,5,0,18,0,1,0,0,0,0,1,1,6,1,28,6,1215,1,1,8,1,8
2018120106568,2,20,0,18,0,8,0,0,0,0,4,1,6,1,43,7,4250,2,11,6,1,6
2018120106622,1,19,0,18,0,0,0,0,1,0,1,1,1,1,54,8,2143,2,3,3,1,3
2018120106622,2,16,3,18,0,0,0,0,1,4,2,1,6,1,38,7,-1,-1,-1,1,1,1
2018120106781,1,3,0,16,0,0,0,0,0,0,4,1,6,1,25,5,125,1,-1,4,1,4
2018120106801,1,5,0,18,0,0,0,0,1,0,1,1,6,1,54,8,988,1,16,8,3,8
2018120106838,1,9,0,18,0,0,0,0,0,0,2,1,6,2,35,6,2143,2,1,7,1,7
2018120106838,2,9,0,18,0,0,0,0,0,0,1,1,1,1,17,4,875,1,5,10,2,10
2018120107048,1,9,0,6,0,8,0,0,7,11,3,1,6,2,51,8,1560,2,9,8,2,8
2018120107048,2,9,0,18,0,8,0,0,1,0,0,1,6,1,20,4,1229,1,9,9,2,9
2018120107084,1,11,0,4,0,0,0,0,0,0,4,1,1,1,50,8,9200,2,12,3,1,3
2018120107671,1,1,0,18,0,0,1,0,0,0,4,1,6,1,43,7,-1,-1,-1,10,1,10
2018120107722,1,9,0,4,0,0,0,0,0,0,1,1,6,2,41,7,2000,2,9,7,1,7
2018120107919,1,9,0,9,0,6,0,0,0,0,3,1,6,1,74,10,1796,1,13,7,1,7
2018120107919,2,9,0,18,0,8,1,0,0,0,1,1,1,1,41,7,2402,2,7,-1,-1,-1
2018120107935,1,5,0,16,0,0,1,0,1,11,1,1,6,1,37,7,1301,1,4,8,2,8
2018120107943,1,9,0,18,0,1,0,0,0,0,3,1,6,2,48,8,1197,1,3,3,1,3
2018120107943,2,8,0,9,0,1,0,0,0,0,1,1,1,2,31,6,1997,2,6,3,3,3
2018120108223,1,19,0,1,0,1,0,4,0,0,2,1,6,1,29,6,1998,2,14,8,1,8
2018120108223,2,9,0,2,0,1,0,0,0,0,2,1,6,2,40,7,-1,-1,-1,7,1,7
2018120108291,1,9,0,18,0,2,0,0,0,0,1,1,6,1,45,7,2993,2,12,10,1,10
2018120108291,2,9,0,3,0,2,0,0,0,0,2,1,6,1,52,8,-1,-1,-1,10,1,10
2018120108819,1,9,4,18,0,1,0,0,0,0,0,1,1,1,34,6,-1,-1,-1,9,2,9
2018120108819,2,1,0,18,0,2,0,0,1,0,0,1,6,1,78,11,-1,-1,-1,9,1,9
2018120108870,1,9,0,18,0,8,0,0,0,0,1,1,2,2,26,6,1997,2,15,10,1,10
2018120108870,2,9,0,10,0,8,0,0,0,0,0,1,6,3,30,6,-1,-1,-1,-1,-1,-1
2018120109166,1,9,0,18,0,6,0,0,0,0,1,1,1,1,56,9,1995,2,2,8,1,8
2018120109166,2,9,4,18,0,1,4,0,0,0,3,1,1,1,48,8,1951,2,17,5,3,5
2018120109166,3,9,0,3,0,1,0,0,0,0,1,1,6,2,24,5,1229,1,6,4,1,4
2018120109238,1,9,0,5,0,6,0,0,0,0,1,1,6,2,22,5,1197,1,5,6,3,6
2018120109238,2,9,0,18,0,8,0,0,7,0,4,1,6,2,26,6,1197,1,-1,6,3,6
2018120109263,1,9,0,18,0,1,0,0,0,0,1,1,2,1,24,5,1395,1,-1,3,3,3
2018120109263,2,9,0,4,0,1,0,0,0,0,2,1,6,1,24,5,2000,2,12,3,3,3
2018120109263,3,9,0,18,0,8,0,0,0,0,0,1,6,3,-1,-1,-1,-1,-1,-1,-1,-1
2018120109401,1,9,0,7,0,6,0,0,0,0,1,2,6,3,-1,-1,2993,2,3,-1,-1,-1
2018120109401,2,1,0,18,0,1,0,0,0,0,4,1,4,1,15,3,-1,-1,-1,10,3,10
2018120110146,1,11,0,4,0,2,0,0,0,0,4,1,1,1,50,8,5132,2,1,7,2,7
2018120110146,2,1,0,14,0,2,0,0,0,0,1,1,6,1,15,3,-1,-1,-1,3,1,3
2018120110269,1,11,0,4,0,0,0,0,0,0,1,1,1,1,35,6,7300,2,13,7,1,7
2018120110371,1,9,0,9,0,6,0,0,0,0,4,1,3,1,43,7,2993,2,3,8,3,8
2018120110371,2,9,0,18,0,8,0,0,0,0,1,1,3,2,48,8,1968,2,2,6,3,6
2018120110414,1,9,0,9,0,5,0,0,7,2,1,1,6,2,81,11,1598,2,5,9,2,9
2018120110480,1,9,0,3,0,0,0,0,0,0,1,1,6,2,83,11,1997,2,9,4,1,4
2018120110480,2,9,0,4,0,0,0,0,0,0,2,1,6,2,20,4,1197,1,2,8,2,8
2018120110559,1,9,0,9,0,8,0,0,0,0,4,1,6,1,87,11,1248,1,4,8,2,8
2018120110559,2,9,0,10,0,8,0,0,0,0,3,1,6,1,55,8,-1,-1,-1,7,1,7
2018120110559,3,1,0,18,0,8,0,0,0,0,1,1,6,1,70,10,-1,-1,-1,8,1,8
2018120110588,1,5,0,18,0,0,1,12,0,0,1,1,6,1,30,6,1299,1,11,8,2,8
2018120110639,1,20,0,18,0,0,0,0,0,0,0,1,6,1,63,9,-1,-1,-1,4,1,4
2018120110639,2,17,0,18,0,0,0,0,0,0,0,1,6,1,29,6,-1,2,11,7,3,7
2018120110641,1,9,0,1,0,8,0,0,0,0,2,1,6,3,-1,-1,-1,-1,-1,-1,-1,-1
2018120110692,1,9,0,18,0,0,0,0,4,7,3,1,6,1,84,11,1498,1,-1,10,1,10
2018120110759,1,9,0,3,0,1,0,0,0,0,2,1,2,1,53,8,1598,1,12,1,1,1
2018120110759,2,21,0,3,0,1,0,0,0,0,1,1,2,1,52,8,9200,2,10,3,1,3
2018120111208,1,9,0,1,0,1,0,0,0,0,2,1,6,1,50,8,1360,1,14,3,1,3
2018120111222,1,1,0,4,0,8,0,0,0,0,1,1,1,2,47,8,-1,-1,-1,3,1,3
2018120111222,2,9,0,18,0,8,0,0,0,0,4,1,6,1,61,9,1968,2,14,3,1,3
2018120111249,1,9,0,18,0,0,0,11,0,0,2,1,6,1,26,6,1390,1,5,5,1,5
2018120111249,2,9,0,18,0,0,0,0,0,0,1,1,1,2,38,7,1968,2,9,1,1,1
2018120111403,1,9,0,18,0,0,0,0,0,0,0,1,6,3,-1,-1,-1,-1,-1,-1,-1,-1
2018120111403,2,5,0,18,0,0,1,0,0,0,3,1,6,1,55,8,781,1,19,5,3,5
2018120111678,1,19,0,18,0,0,0,0,0,0,1,1,1,1,58,9,1560,2,2,9,1,9
2018120111678,2,9,0,18,0,0,1,0,1,4,2,1,6,1,40,7,1493,2,7,1,1,1
2018120111706,1,9,0,2,6,0,0,0,0,0,3,1,6,1,49,8,1598,1,13,7,1,7
2018120111706,2,1,0,18,0,0,0,8,0,0,1,1,6,1,29,6,-1,-1,-1,8,1,8
2018120111784,1,9,0,16,0,1,0,0,0,0,3,1,6,3,-1,-1,-1,-1,-1,-1,-1,-1
2018120111784,2,9,0,17,0,1,0,0,0,0,3,1,2,1,48,8,1560,2,9,-1,-1,-1
2018120112061,1,9,0,17,0,0,0,0,0,0,0,1,6,3,-1,-1,-1,-1,-1,-1,-1,-1
2018120112061,2,1,0,16,0,0,0,0,1,0,1,1,6,1,16,4,-1,-1,-1,6,3,6
2018120112137,1,9,0,18,0,0,5,0,0,0,3,1,6,1,44,7,1995,2,2,6,1,6
2018120112137,2,9,0,18,0,0,0,0,7,0,1,1,1,2,26,6,1598,1,4,9,1,9
2018120112221,1,4,0,18,0,1,0,0,0,0,1,1,6,1,63,9,500,1,36,7,3,7
2018120112221,2,1,0,9,0,5,0,0,0,0,4,1,6,1,59,9,-1,-1,-1,-1,-1,-1
2018120112364,1,9,0,3,0,2,0,0,0,0,2,1,6,2,32,6,1198,1,15,5,2,5
2018120112364,2,19,0,18,0,1,0,0,0,0,1,1,6,1,22,5,-1,-1,-1,6,2,6
2018120112579,1,9,0,18,0,1,0,0,0,0,1,1,6,1,31,6,1229,1,7,5,1,5
2018120112618,1,9,0,18,0,0,0,0,0,0,1,1,6,1,32,6,1598,1,15,8,3,8
2018120112618,2,9,0,4,0,0,0,0,0,0,1,1,2,1,65,9,-1,-1,-1,7,3,7
2018120112633,1,1,0,18,4,8,0,0,0,0,1,1,6,1,49,8,-1,-1,-1,9,2,9
2018120112633,2,19,0,9,0,8,0,0,0,0,4,1,6,1,36,7,2198,2,2,1,1,1
2018120112693,1,9,0,2,0,0,0,0,0,0,1,1,6,1,60,9,1997,2,8,9,2,9
2018120112693,2,9,0,2,0,0,0,0,0,0,2,1,6,1,46,8,4999,1,1,9,1,9
2018120112782,1,5,0,18,0,0,0,0,1,0,1,1,6,1,36,7,988,1,16,1,1,1
2018120112782,2,1,0,18,0,0,0,0,0,0,2,1,6,1,61,9,-1,-1,-1,8,3,8
2018120112853,1,17,0,18,0,0,0,4,0,0,0,1,1,1,50,8,4156,2,11,9,3,9
2018120112853,2,9,0,2,0,0,0,0,0,0,2,1,6,3,-1,-1,1998,1,12,-1,-1,-1
2018120112853,3,9,0,2,0,0,0,0,0,0,2,1,6,3,-1,-1,1999,1,4,-1,-1,-1
2018120112853,4,9,0,2,0,0,0,0,0,0,1,1,6,3,-1,-1,998,1,2,-1,-1,-1
2018120112955,1,9,0,5,0,8,0,0,0,0,1,1,6,1,77,11,1796,1,12,10,3,10
2018120112955,2,5,0,18,0,8,0,0,7,9,1,1,6,1,67,10,1103,1,-1,6,3,6
2018120112997,1,9,0,12,0,1,0,0,0,0,3,1,1,2,32,6,1229,1,13,4,1,4
2018120112997,2,9,0,18,0,1,0,0,0,0,1,1,3,2,48,8,1598,2,2,8,1,8
2018120113278,1,9,0,18,0,0,0,0,0,0,1,1,2,1,45,7,1968,2,6,3,1,3
2018120113278,2,9,0,3,0,0,0,0,0,0,2,1,2,2,22,5,875,1,4,1,1,1
2018120113278,3,9,0,3,0,0,0,0,0,0,2,1,2,1,53,8,999,1,2,6,3,6
2018120113278,4,9,0,3,0,0,1,0,0,0,2,1,2,2,18,4,1328,1,12,8,1,8
2018120113391,1,1,0,18,0,0,0,0,0,0,0,1,6,1,63,9,-1,-1,-1,8,3,8
2018120113415,1,1,0,18,0,4,0,0,0,0,0,1,6,1,59,9,-1,-1,-1,9,2,9
2018120113459,1,9,0,18,0,0,0,0,0,0,1,1,6,1,90,11,1388,1,16,7,3,7
2018120113459,2,9,0,4,0,0,0,0,0,0,2,1,6,1,53,8,1951,2,12,-1,-1,-1
2018120113495,1,9,0,3,0,1,0,0,0,0,2,1,6,2,27,6,1995,2,8,7,1,7
2018120113495,2,9,0,4,0,1,0,0,0,0,1,1,6,2,44,7,1197,1,5,10,1,10
2018120113643,1,9,0,5,0,4,0,0,0,0,1,1,6,1,18,4,1560,2,8,5,-1,5
2018120113643,2,9,0,3,0,4,0,0,0,0,2,1,6,2,54,8,998,1,2,6,3,6
2018120113793,1,9,0,18,0,0,1,0,7,4,4,1,6,1,19,4,1598,2,4,6,3,6
2018120114073,1,9,0,18,0,1,0,0,0,0,1,1,6,1,62,9,-1,-1,-1,8,1,8
2018120114328,1,19,0,18,0,0,0,0,0,0,1,1,1,1,45,7,1560,2,2,1,1,1
2018120114328,2,9,0,3,0,0,0,0,0,0,2,1,6,2,60,9,998,1,3,9,3,9
2018120114349,1,9,0,18,0,0,0,0,0,0,3,1,6,2,23,5,1956,2,3,2,1,2
2018120114349,2,9,0,14,0,0,0,0,0,0,3,1,6,1,50,8,1968,2,10,9,1,9
2018120114349,3,9,0,2,0,0,0,0,0,0,3,1,6,3,-1,-1,1242,1,6,-1,-1,-1
2018120114432,1,5,0,18,0,2,0,0,1,0,1,1,6,1,62,9,998,1,1,9,3,9
2018120114638,1,20,1,18,0,0,0,0,7,9,3,1,1,1,32,6,12740,2,6,9,2,9
2018120114638,2,9,0,18,0,0,0,0,1,9,3,1,2,2,25,5,1197,1,6,-1,-1,-1
2018120114774,1,1,0,18,0,0,0,0,0,0,0,1,6,1,58,9,-1,-1,-1,9,1,9
2018120114886,1,4,0,7,0,5,1,0,0,0,4,1,6,1,69,10,398,1,29,6,1,6
2018120115002,1,9,0,18,0,0,0,0,0,0,3,1,6,2,27,6,998,1,4,7,1,7
2018120115009,1,9,0,18,0,0,0,0,8,4,1,1,6,1,66,10,1560,2,6,10,1,10
2018120115628,1,90,0,18,0,8,0,0,0,0,1,1,6,1,68,10,-1,-1,-1,1,1,1
2018120115628,2,9,0,10,0,5,0,0,0,0,2,1,6,1,62,9,-1,-1,-1,2,1,2
2018120115881,1,9,0,7,0,5,0,0,0,0,4,1,2,2,45,7,998,1,1,2,1,2
2018120115881,2,1,0,18,0,1,0,0,0,0,1,1,6,1,36,7,-1,-1,-1,7,1,7
2018120115951,1,9,0,5,0,0,0,7,7,7,1,1,6,2,46,8,1246,1,12,2,1,2
2018120116136,1,9,0,16,0,0,2,0,8,4,3,1,4,1,42,7,1364,2,12,6,2,6
2018120116416,1,9,0,9,0,8,0,0,0,0,1,1,6,2,44,7,1364,1,12,8,3,8
2018120116416,2,9,0,18,0,8,0,0,0,0,1,1,6,1,40,7,1497,8,13,3,1,3
2018120116416,3,9,0,3,0,1,0,0,0,0,1,1,6,2,79,11,1783,1,17,10,2,10
2018120116455,1,9,0,5,0,0,0,4,0,0,3,1,6,1,72,10,1200,1,3,2,1,2
2018120116455,2,9,0,2,0,0,0,0,0,0,4,1,6,2,30,6,1242,1,6,1,1,1
2018120116455,3,9,0,2,0,0,0,0,0,0,4,1,6,2,67,10,999,1,3,6,3,6
2018120116455,4,9,0,2,0,0,0,0,0,0,4,1,6,1,38,7,1968,2,10,1,1,1
2018120116483,1,9,0,5,0,0,0,4,0,0,1,1,6,1,82,11,1580,8,-1,5,1,5
2018120116483,2,9,0,2,0,0,0,0,0,0,2,1,6,3,-1,-1,1598,1,14,-1,-1,-1
2018120116483,3,9,0,2,0,0,0,0,0,0,2,1,6,3,-1,-1,1998,1,7,-1,-1,-1
2018120116483,4,9,0,2,0,0,0,0,0,0,2,1,6,3,-1,-1,1994,2,15,-1,-1,-1
2018120116559,1,4,0,17,0,0,0,0,7,0,1,1,6,1,41,7,124,1,6,3,1,3
2018120116717,1,19,0,18,0,0,0,0,0,0,1,1,2,1,62,9,1896,2,14,9,2,9
2018120116717,2,9,0,4,0,0,0,0,0,0,2,1,6,1,28,6,2204,2,9,9,1,9
2018120116717,3,9,0,4,0,0,0,0,0,0,2,1,6,2,25,5,1299,1,14,5,1,5
2018120117047,1,5,0,18,0,1,0,0,0,0,1,1,6,1,60,9,-1,-1,-1,8,3,8
2018120117047,2,9,0,4,0,1,0,0,0,0,2,1,6,2,32,6,-1,-1,-1,7,3,7
2018120117303,1,9,0,18,0,1,5,0,7,0,1,1,6,1,49,8,1149,1,12,3,2,3
2018120117303,2,9,0,4,0,1,0,0,0,0,2,1,6,1,19,4,1390,1,12,1,1,1
2018120117303,3,9,0,7,0,5,0,0,0,0,0,1,6,1,31,6,-1,-1,-1,9,3,9
2018120117304,1,9,0,18,0,0,0,0,0,0,3,1,6,1,24,5,1399,2,6,8,3,8
2018120117364,1,9,0,6,0,6,0,0,0,0,3,1,6,1,74,10,1200,1,-1,10,1,10
2018120117364,2,5,0,18,0,1,0,0,7,0,1,1,6,1,38,7,599,1,27,6,3,6
2018120117431,1,9,0,18,0,0,1,0,0,0,1,1,6,1,83,11,1995,1,12,3,1,3
2018120117431,2,9,0,18,0,0,0,0,1,7,2,1,6,2,47,8,1995,2,5,6,3,6
2018120117431,3,19,0,18,0,0,0,0,0,0,2,1,1,1,46,8,1997,2,2,3,1,3
2018120117447,1,9,0,18,0,1,0,0,0,0,4,1,1,1,27,6,3500,1,10,9,1,9
2018120117447,2,1,0,18,0,1,0,0,0,0,2,1,6,1,64,9,-1,-1,-1,10,1,10
2018120117552,1,11,0,18,0,0,0,0,0,0,1,1,6,1,45,7,9360,2,11,6,3,6