Accident_Index,Vehicle_Reference,Vehicle_Type,Towing_and_Articulation,Vehicle_Manoeuvre,Vehicle_Location-Restricted_Lane,Junction_Location,Skidding_and_Overturning,Hit_Object_in_Carriageway,Vehicle_Leaving_Carriageway,Hit_Object_off_Carriageway,1st_Point_of_Impact,Was_Vehicle_Left_Hand_Drive?,Journey_Purpose_of_Driver,Sex_of_Driver,Age_of_Driver,Age_Band_of_Driver,Engine_Capacity_(CC),Propulsion_Code,Age_of_Vehicle,Driver_IMD_Decile,Driver_Home_Area_Type,Vehicle_IMD_Decile
2018120118923,1,9,0,18,0,0,0,0,0,0,4,1,6,1,35,6,1956,2,8,9,2,9
2018120118923,2,1,0,18,0,0,0,0,1,0,3,1,2,1,52,8,-1,-1,-1,8,3,8
2018120121639,1,1,0,18,0,8,0,0,0,0,1,1,1,1,39,7,-1,-1,-1,8,3,8
2018120121639,2,9,0,9,0,8,0,0,0,0,1,1,6,1,-1,-1,-1,-1,-1,-1,-1,-1
2018120124166,1,9,0,18,0,1,0,0,0,0,1,1,6,2,38,7,1388,1,7,9,2,9
2018120124166,2,9,0,14,0,6,0,0,0,0,1,1,6,1,-1,-1,-1,-1,-1,8,3,8
2018121800007,1,1,0,18,0,0,0,0,0,0,0,1,6,2,59,9,-1,-1,-1,-1,3,-1
2018121800008,1,9,0,18,0,0,1,0,1,0,1,1,6,1,52,8,1560,2,4,8,3,8
2018121800008,2,9,0,2,0,0,0,0,0,0,2,1,6,1,83,11,1992,2,11,9,1,9
2018121800009,1,5,0,13,0,8,0,0,7,11,4,1,6,1,27,6,-1,-1,-1,7,1,7
2018121800009,2,9,0,18,0,8,0,0,0,0,3,1,6,1,42,7,1560,2,3,8,3,8
2018121800010,1,9,0,18,0,0,0,0,0,0,1,1,6,1,44,7,1560,2,11,6,3,6
2018121800010,2,9,0,18,0,0,0,0,0,0,1,1,2,1,80,11,1598,1,5,10,1,10
2018121800011,1,4,0,9,0,8,0,0,0,0,1,1,6,1,64,9,-1,-1,-1,6,1,6
2018121800011,2,5,0,9,0,8,0,0,0,0,2,1,6,1,80,11,-1,-1,-1,10,1,10
2018121800012,1,5,0,10,0,1,0,0,0,0,4,1,6,1,54,8,1157,1,16,2,1,2
2018121800013,1,9,0,5,0,6,0,0,0,0,1,1,6,2,28,6,1229,1,5,6,1,6
2018121800013,2,1,0,18,4,8,0,0,0,0,4,1,6,1,50,8,-1,-1,-1,10,1,10
2018121800014,1,4,0,16,0,0,0,0,0,0,1,1,6,1,38,7,250,1,-1,9,1,9
2018121800014,2,9,0,17,0,0,0,0,0,0,1,1,6,1,74,10,2495,2,25,6,3,6
2018121800015,1,9,0,5,0,1,0,0,0,0,3,1,6,1,69,10,1399,1,2,9,1,9
2018121800016,1,1,0,18,0,1,0,0,0,0,1,1,2,1,37,7,-1,-1,-1,2,1,2
2018121800016,2,9,0,18,0,1,0,0,0,0,1,1,2,2,27,6,1360,1,11,5,1,5
2018121800017,1,19,0,18,0,0,0,0,0,0,0,1,6,1,47,8,1870,2,16,4,1,4
2018121800018,1,5,0,16,0,0,1,0,7,11,1,1,6,1,55,8,-1,-1,-1,2,1,2
2018121800019,1,9,0,3,0,1,0,0,0,0,1,1,2,2,28,6,1200,1,3,7,1,7
2018121800019,2,1,0,3,0,1,0,0,0,0,1,1,6,1,38,7,-1,-1,-1,9,1,9
2018121800020,1,21,0,18,0,0,0,0,0,0,2,1,1,1,36,7,-1,-1,-1,7,1,7
2018121800020,2,20,1,18,0,0,0,4,0,0,1,1,2,1,31,6,-1,-1,-1,2,1,2
2018121800020,3,9,0,18,0,0,5,7,4,0,1,1,6,2,54,8,1999,1,6,8,3,8
2018121800021,1,19,0,18,0,0,0,0,0,0,1,1,1,1,41,7,-1,-1,-1,4,3,4
2018121800021,2,9,0,18,0,0,0,0,0,0,1,1,2,2,46,8,999,1,3,4,1,4
2018121800022,1,10,0,18,0,1,0,0,0,0,4,1,1,1,56,9,2198,2,3,7,3,7
2018121800022,2,1,0,18,0,8,0,0,0,0,1,1,6,1,13,3,-1,-1,-1,9,2,9
2018121800023,1,9,0,12,6,1,1,0,0,0,1,1,2,2,23,5,1398,1,2,6,3,6
2018121800023,2,9,0,18,0,1,2,10,2,10,2,1,6,1,38,7,1686,2,13,2,1,2
2018121800024,1,11,0,18,2,0,0,11,0,0,0,1,1,1,42,7,-1,2,19,5,2,5
2018121800025,1,9,0,9,0,5,0,0,7,1,4,1,1,1,52,8,999,1,-1,9,3,9
2018121800025,2,9,0,18,0,8,0,0,1,4,1,1,6,1,28,6,998,1,1,9,2,9
2018121800026,1,1,0,18,9,0,0,0,7,11,1,1,6,1,39,7,-1,-1,-1,2,1,2
2018121800026,2,9,0,9,9,0,0,0,7,0,3,1,1,1,41,7,2993,2,3,9,1,9
2018121800027,1,9,0,7,0,8,0,0,0,0,1,1,6,2,39,7,2435,1,18,4,1,4
2018121800027,2,9,0,18,0,8,0,0,0,0,4,1,6,2,36,7,1242,1,3,6,3,6
2018121800028,1,9,0,13,0,0,0,0,0,0,4,1,2,2,18,4,998,1,12,10,1,10
2018121800028,2,1,0,18,0,0,0,0,0,0,3,1,6,1,52,8,-1,-1,-1,9,1,9
2018121800029,1,4,0,18,0,8,0,0,0,0,1,1,1,2,19,4,124,1,2,10,1,10
2018121800030,1,1,0,9,0,8,0,0,0,0,4,1,6,1,15,3,-1,-1,-1,-1,-1,-1
2018121800030,2,9,0,18,0,8,0,0,0,0,3,1,6,1,27,6,1968,2,4,4,1,4
2018121800031,1,1,0,14,0,0,0,0,0,0,1,1,6,1,49,8,-1,-1,-1,10,1,10
2018121800031,2,1,0,5,0,0,0,0,0,0,3,1,6,3,-1,-1,-1,-1,-1,-1,-1,-1
2018121800032,1,5,0,9,0,5,0,0,0,0,1,1,6,2,55,8,765,1,1,5,1,5
2018121800032,2,5,0,18,0,1,0,0,1,0,3,1,6,1,26,6,779,1,5,8,2,8
2018121800034,1,20,0,1,0,8,0,0,0,0,2,1,1,3,-1,-1,-1,-1,-1,-1,-1,-1
2018121800034,2,1,0,18,0,8,0,0,0,0,1,1,1,2,17,4,-1,-1,-1,10,1,10
2018121800035,1,9,0,7,0,2,0,0,0,0,1,1,6,1,-1,-1,-1,-1,-1,8,-1,8
2018121800036,1,20,0,18,0,0,0,0,7,11,4,1,6,1,28,6,5958,2,27,2,1,2
2018121800036,2,9,0,18,0,0,0,0,0,0,4,1,6,2,21,5,998,1,10,8,2,8
2018121800036,3,9,0,18,0,0,0,0,0,0,1,1,6,2,69,10,1969,2,3,6,3,6
2018121800037,1,20,0,9,0,8,0,0,0,0,4,1,1,1,44,7,-1,-1,-1,1,1,1
2018121800037,2,5,0,18,0,8,0,0,0,0,1,1,6,1,72,10,599,1,9,10,1,10
2018121800038,1,5,0,16,0,4,0,9,8,1,3,1,6,1,53,8,1050,1,8,8,1,8
2018121800039,1,9,0,18,0,0,0,0,0,0,3,1,6,1,17,4,1910,2,11,1,1,1
2018121800039,2,9,0,18,0,0,0,2,4,6,4,1,1,1,53,8,2993,2,3,7,3,7
2018121800040,1,9,0,16,0,1,2,0,7,11,1,1,6,1,19,4,1242,1,10,6,3,6
2018121800041,1,1,0,18,0,0,0,0,7,0,3,1,6,1,15,3,-1,-1,-1,8,2,8
2018121800041,2,9,0,18,0,0,0,0,7,10,1,1,2,1,36,7,1968,2,1,10,1,10
2018121800042,1,9,0,17,0,0,1,0,0,0,1,1,6,2,18,4,999,1,1,8,3,8
2018121800043,1,9,0,5,0,8,0,0,0,0,1,1,6,1,55,8,1995,2,3,7,3,7
2018121800043,2,3,0,18,0,8,0,0,0,0,1,1,6,1,17,4,124,1,5,8,1,8
2018121800044,1,9,0,18,0,0,0,0,0,0,1,1,6,2,40,7,1242,1,12,3,1,3
2018121800044,2,9,0,18,0,0,0,0,0,0,2,1,6,2,49,8,1198,1,6,1,1,1
2018121800044,3,9,0,18,0,0,0,0,0,0,0,1,6,1,25,5,998,1,4,4,1,4
2018121800045,1,9,0,18,0,0,0,0,0,0,2,1,6,1,26,6,1968,2,6,1,1,1
2018121800045,2,9,0,18,0,0,0,0,0,0,1,1,1,1,33,6,2993,2,2,4,1,4
2018121800046,1,2,0,7,0,5,0,0,0,0,4,1,6,1,16,4,49,1,4,4,1,4
2018121800046,2,9,0,9,0,6,0,0,0,0,0,1,6,1,23,5,1499,2,3,4,1,4
2018121800048,1,9,0,13,0,2,0,0,0,0,4,1,1,2,42,7,-1,-1,-1,7,2,7
2018121800048,2,19,4,18,0,2,0,0,0,0,3,1,6,3,-1,-1,2494,2,16,-1,-1,-1
2018121800049,1,19,0,18,0,0,0,4,0,0,1,1,1,2,62,9,1499,2,1,5,2,5
2018121800049,2,9,0,2,0,0,0,0,1,0,2,1,6,3,-1,-1,1398,1,13,-1,-1,-1
2018121800050,1,9,0,18,0,4,0,0,0,0,3,1,6,2,89,11,999,1,2,7,2,7
2018121800050,2,9,0,18,0,3,0,0,0,0,1,1,6,1,42,7,1995,2,1,1,1,1
2018121800051,1,1,0,18,0,6,0,0,0,0,1,1,6,1,18,4,-1,-1,-1,1,1,1
2018121800051,2,9,0,18,0,8,0,0,0,0,3,1,6,2,66,10,1896,2,12,8,3,8
2018121800052,1,90,0,18,0,8,1,0,0,0,0,1,6,1,25,5,-1,-1,-1,4,1,4
2018121800053,1,-1,0,-1,-1,2,0,0,-1,0,3,-1,6,3,-1,-1,-1,-1,-1,-1,-1,-1
2018121800054,1,9,0,17,0,0,5,0,1,10,1,1,6,2,61,9,1242,1,5,8,2,8
2018121800055,1,19,0,16,0,0,1,0,2,11,1,1,6,1,27,6,2198,2,12,7,2,7
2018121800056,1,9,0,9,0,2,0,0,0,0,1,1,6,2,50,8,1299,1,15,10,1,10
2018121800056,2,19,0,18,0,1,0,0,0,0,1,1,6,1,34,6,2198,2,11,6,3,6
2018121800058,1,9,0,9,0,8,0,0,1,11,1,1,6,1,45,7,1968,2,4,8,3,8
2018121800058,2,9,0,18,0,1,1,0,0,0,1,1,6,1,32,6,2967,2,11,5,3,5
2018121800059,1,9,0,9,0,8,0,0,0,0,3,1,6,1,26,6,1896,2,11,3,1,3
2018121800059,2,1,0,18,0,8,0,0,0,0,1,1,6,1,50,8,-1,-1,-1,10,1,10
2018121800061,1,8,0,3,0,0,0,0,0,0,2,1,1,1,50,8,1560,2,6,10,2,10
2018121800061,2,11,0,5,0,0,0,0,0,0,1,1,1,1,67,10,4249,2,1,2,1,2
2018121800062,1,9,3,18,0,0,2,0,0,0,3,1,6,2,58,9,2495,2,15,10,3,10
2018121800062,2,9,0,18,0,0,0,0,0,0,2,1,6,2,39,7,1997,2,-1,10,1,10
2018121800062,3,9,0,18,0,0,0,0,0,0,1,1,6,2,-1,-1,1197,1,4,8,2,8
2018121800063,1,5,0,16,0,0,0,0,7,11,3,1,6,1,58,9,636,1,5,9,1,9
2018121800064,1,9,0,18,0,1,0,0,0,0,1,1,1,1,52,8,1969,2,3,8,2,8
2018121800065,1,9,0,18,0,8,0,0,0,0,1,1,2,1,34,6,-1,-1,-1,7,1,7
2018121800065,2,9,0,7,0,5,0,0,0,0,2,1,6,1,64,9,2267,1,-1,8,2,8
2018121800065,3,9,0,10,0,1,0,0,0,0,3,1,6,2,55,8,1496,2,3,9,2,9
2018121800066,1,9,0,16,0,0,0,0,1,9,3,1,6,1,20,4,1248,1,7,7,1,7
2018121800066,2,9,0,18,0,0,0,0,0,0,3,1,6,2,38,7,1995,2,11,6,3,6
2018121800066,3,9,0,16,0,0,0,0,0,0,0,1,3,1,31,6,1560,2,6,9,1,9
2018121800066,4,9,0,16,0,0,0,0,0,0,0,1,2,1,-1,-1,-1,-1,-1,-1,-1,-1
2018121800067,1,9,0,17,0,0,1,0,7,11,1,1,2,2,44,7,-1,-1,-1,6,3,6
2018121800068,1,9,0,18,0,2,0,0,0,0,1,1,6,1,18,4,1229,1,4,10,1,10
2018121800068,2,9,0,2,0,2,0,0,0,0,2,1,6,3,-1,-1,1499,1,2,-1,-1,-1
2018121800070,1,9,0,17,0,0,0,0,0,0,1,1,6,1,56,9,-1,-1,-1,6,3,6
2018121800070,2,9,0,16,0,0,0,0,1,7,1,1,6,2,50,8,1598,1,7,6,1,6
2018121800071,1,9,0,14,0,1,0,4,0,0,1,1,6,2,72,10,1798,1,9,8,1,8
2018121800071,2,19,0,18,0,1,0,0,0,0,1,1,1,1,29,6,2198,2,3,7,2,7
2018121800071,3,19,0,18,0,1,0,0,0,0,1,1,1,1,61,9,1560,2,9,3,1,3
2018121800071,4,9,0,2,0,1,0,0,0,0,3,1,6,1,54,8,1968,2,-1,5,1,5
2018121800072,1,9,0,18,0,4,0,0,3,1,1,1,6,1,17,4,1910,2,11,1,1,1
2018121800072,2,9,0,18,0,4,0,0,0,0,1,1,1,1,45,7,2993,2,-1,5,3,5
2018121800073,1,9,0,16,0,0,0,0,2,11,1,1,1,1,44,7,1968,2,1,9,1,9
2018121800074,1,9,0,18,0,8,0,0,0,0,1,1,6,2,46,8,1968,2,4,9,2,9
2018121800074,2,1,0,18,0,6,0,0,0,0,1,1,6,1,8,2,-1,-1,-1,9,2,9
2018121800074,3,9,0,2,0,1,0,0,0,0,2,1,6,2,52,8,1896,2,11,9,2,9
2018121800075,1,9,0,9,0,8,0,0,0,0,3,1,6,2,28,6,2179,2,10,10,2,10
2018121800075,2,5,0,18,0,8,1,0,0,0,1,1,6,1,64,9,599,1,14,10,1,10
2018121800076,1,9,0,3,0,0,0,0,0,0,2,1,6,2,31,6,1560,2,4,10,1,10
2018121800076,2,9,0,18,0,0,0,0,0,0,1,1,6,1,29,6,1598,1,5,7,1,7
2018121800077,1,9,0,9,0,5,0,0,0,0,1,1,6,2,86,11,999,1,4,7,3,7
2018121800077,2,9,0,18,0,8,0,0,0,0,1,1,6,2,61,9,1969,2,3,6,3,6
2018121800078,1,9,0,17,0,0,0,0,0,0,1,1,6,1,19,4,1598,1,12,7,3,7
2018121800078,2,9,0,16,0,0,0,0,0,0,1,1,1,2,55,8,1796,1,15,4,1,4
2018121800079,1,19,0,18,0,1,0,0,0,0,1,1,6,1,-1,-1,1560,2,-1,7,1,7
2018121800079,2,9,0,10,0,1,0,0,0,0,2,1,6,2,31,6,1388,1,15,7,3,7
2018121800080,1,9,0,18,0,1,0,0,0,0,4,1,6,2,44,7,1796,1,4,3,1,3
2018121800080,2,1,0,18,4,1,0,0,0,0,3,1,6,1,26,6,-1,-1,-1,7,-1,7
2018121800081,1,9,0,11,0,8,0,0,0,0,4,1,2,2,49,8,1968,2,9,6,2,6
2018121800081,2,9,0,18,0,8,0,0,0,0,3,1,2,2,22,5,1200,1,-1,6,1,6
2018121800082,1,1,0,17,0,0,1,0,1,9,0,1,6,1,51,8,-1,-1,-1,8,3,8
2018121800082,2,9,0,16,0,0,0,0,0,0,0,1,2,2,30,6,1339,1,2,8,1,8
2018121800083,1,9,0,9,0,6,0,0,0,0,1,1,2,2,47,8,698,1,14,10,1,10
2018121800083,2,90,0,18,0,8,0,0,0,0,1,1,1,1,41,7,2987,2,8,8,3,8
2018121800084,1,9,0,17,0,0,0,4,0,0,1,1,6,1,35,6,1870,2,15,7,3,7
2018121800084,2,9,4,2,0,0,0,0,0,0,2,1,6,1,30,6,2993,2,-1,7,3,7
2018121800085,1,3,0,18,0,0,0,0,0,0,1,1,6,1,19,4,124,1,2,6,1,6
2018121800086,1,9,0,9,0,6,0,0,0,0,3,1,6,1,63,9,998,1,1,5,2,5
2018121800086,2,5,0,18,0,8,0,0,7,0,1,1,6,1,59,9,644,1,13,7,1,7
2018121800086,3,9,0,4,0,8,0,0,0,0,1,1,6,1,72,10,4999,1,3,9,3,9
2018121800087,1,9,0,18,0,0,0,0,8,10,1,1,6,2,74,10,996,1,4,8,2,8
2018121800087,2,9,0,18,0,0,0,0,1,10,1,1,6,1,69,10,1598,2,2,8,1,8
2018121800088,1,9,0,18,0,0,0,0,0,0,3,1,6,1,66,10,1995,2,2,7,3,7
2018121800089,1,9,0,16,0,0,0,0,0,0,3,1,6,1,69,10,2993,2,7,10,1,10
2018121800089,2,1,0,17,0,0,0,0,1,4,3,1,6,1,48,8,-1,-1,-1,10,1,10
2018121800089,3,1,0,17,0,0,0,0,1,4,0,1,6,1,38,7,-1,-1,-1,10,1,10
2018121800090,1,5,0,16,0,0,1,0,7,4,4,1,6,1,54,8,1298,1,16,2,1,2
2018121800090,2,9,0,17,0,0,0,0,0,0,4,1,6,2,59,9,1997,2,14,-1,-1,-1
2018121800091,1,9,0,17,0,0,1,0,7,11,1,1,1,2,43,7,1275,1,24,5,2,5
2018121800092,1,9,0,18,0,1,0,0,3,0,1,1,6,2,50,8,-1,-1,-1,10,1,10
2018121800092,2,9,0,7,0,1,0,0,0,0,4,1,6,1,25,5,1968,2,8,10,2,10
2018121800093,1,5,0,16,0,0,0,0,0,0,0,1,6,1,51,8,1170,1,2,9,1,9
2018121800094,1,1,0,16,0,0,0,0,7,4,0,1,6,1,44,7,-1,-1,-1,9,1,9
2018121800095,1,9,0,18,0,0,1,0,0,0,1,1,6,2,22,5,1582,2,5,1,1,1
2018121800095,2,9,0,4,0,0,0,0,1,0,2,1,6,1,25,5,1598,1,12,9,1,9
2018121800096,1,9,0,3,0,0,0,0,0,0,2,1,6,2,35,6,1560,2,5,5,1,5
2018121800096,2,9,0,18,0,0,0,0,0,0,1,1,6,2,38,7,-1,-1,-1,7,1,7
2018121800097,1,9,0,16,0,0,0,4,0,0,3,1,6,1,30,6,2148,2,10,8,1,8
2018121800097,2,9,0,17,0,0,0,0,0,0,4,1,6,2,50,8,1422,2,10,8,1,8
2018121800097,3,9,0,2,0,0,0,0,0,0,4,1,6,3,-1,-1,1968,2,11,-1,-1,-1
2018121800097,4,9,0,2,0,0,0,0,0,0,4,1,6,3,-1,-1,1339,1,15,-1,-1,-1
2018121800097,5,9,0,2,0,0,0,0,0,0,4,1,6,3,-1,-1,-1,-1,-1,-1,-1,-1
2018121800098,1,9,0,17,0,0,0,0,0,0,1,1,6,1,18,4,1390,1,5,6,3,6
2018121800098,2,9,0,16,0,0,0,0,0,0,1,1,6,1,64,9,1598,1,4,7,3,7
2018121800098,3,9,0,17,0,0,0,0,0,0,0,1,6,1,56,9,2495,2,14,9,3,9
2018121800099,1,9,0,18,0,1,0,0,0,0,1,1,6,1,90,11,1598,1,5,4,1,4
2018121800099,2,9,0,17,0,1,0,0,1,0,1,1,6,1,72,10,1995,2,1,7,3,7
2018121800100,1,9,0,18,0,1,5,0,0,0,4,1,6,2,76,11,1499,1,1,8,3,8
2018121800100,2,9,0,2,0,2,0,0,0,0,4,1,6,3,-1,-1,3000,1,18,-1,-1,-1
2018121800101,1,9,-1,-1,0,1,-1,0,-1,0,-1,-1,6,3,-1,-1,-1,-1,-1,-1,-1,-1
2018121800101,2,1,0,18,0,1,0,0,0,0,-1,1,6,1,48,8,-1,-1,-1,7,1,7
2018121800102,1,9,0,4,0,0,0,0,0,0,2,1,6,1,47,8,1229,1,8,1,1,1
2018121800102,2,1,0,4,0,0,0,0,0,0,1,1,6,1,47,8,-1,-1,-1,1,1,1
2018121800103,1,8,0,1,0,0,0,0,0,0,2,1,1,1,47,8,1997,2,4,2,1,2
2018121800104,1,9,0,12,0,0,5,0,5,6,0,1,2,1,23,5,2184,2,14,1,1,1
2018121800105,1,5,0,17,0,0,0,0,0,0,0,1,6,1,70,10,798,1,5,7,1,7
2018121800106,1,9,0,5,0,0,0,0,1,4,1,1,6,2,47,8,1240,1,15,7,1,7
2018121800107,1,9,0,18,0,0,0,0,1,11,4,1,6,1,55,8,1296,1,-1,4,2,4
2018121800108,1,9,0,18,0,0,0,0,0,0,1,1,6,2,71,10,1595,1,9,8,3,8
2018121800108,2,9,4,18,0,0,2,0,1,0,1,1,6,1,45,7,-1,-1,-1,2,3,2
2018121800108,3,9,0,18,0,0,2,0,7,0,3,1,6,1,67,10,1591,1,3,2,1,2
2018121800109,1,9,0,17,0,0,0,0,0,0,3,1,6,1,58,9,1999,2,2,9,2,9
2018121800109,2,9,0,16,0,0,0,0,0,0,3,1,6,1,-1,-1,-1,-1,-1,-1,-1,-1
2018121800110,1,9,0,17,0,0,1,0,7,10,1,1,6,1,20,4,-1,-1,-1,10,3,10
2018121800111,1,9,0,9,0,7,0,0,0,0,1,1,6,1,68,10,1248,1,3,10,1,10
2018121800111,2,9,0,18,0,8,0,0,0,0,3,1,6,1,69,10,1560,2,1,5,1,5
2018121800112,1,5,0,18,0,1,0,0,7,11,1,1,6,1,29,6,781,1,20,5,1,5
2018121800112,2,21,1,9,0,8,0,0,0,0,3,2,1,1,31,6,-1,-1,-1,-1,-1,-1
2018121800114,1,9,0,18,0,0,0,0,1,9,1,1,6,2,22,5,1229,1,7,8,1,8
2018121800115,1,9,0,3,0,0,0,0,0,0,0,1,2,2,31,6,1968,2,1,7,2,7
2018121800115,2,17,4,4,0,0,1,0,0,0,1,1,1,1,16,4,-1,2,7,6,3,6
2018121800116,1,9,0,9,0,8,0,7,0,0,1,1,6,1,67,10,2143,2,-1,5,2,5
2018121800117,1,9,0,18,0,1,0,0,0,0,1,1,6,1,22,5,1995,2,8,10,3,10
2018121800118,1,9,0,18,0,0,0,0,1,0,1,1,6,1,20,4,1229,1,8,8,3,8
2018121800118,2,21,1,18,0,0,0,0,1,0,1,1,1,1,57,9,12809,2,-1,7,-1,7
2018121800119,1,9,0,4,0,0,0,0,0,0,2,1,6,2,46,8,1560,2,3,10,1,10
2018121800119,2,98,0,3,9,0,0,0,0,0,1,1,6,1,34,6,-1,-1,-1,8,1,8
2018121800120,1,9,0,9,0,1,0,0,0,0,3,1,6,2,35,6,1395,1,5,1,1,1
2018121800120,2,5,0,13,0,1,0,0,0,0,4,1,6,1,54,8,1043,1,-1,4,-1,4
2018121800121,1,2,0,16,0,1,1,11,1,0,3,1,6,1,17,4,125,1,-1,10,1,10
2018121800121,2,9,0,2,9,2,0,0,0,0,1,1,6,3,-1,-1,1590,1,16,-1,-1,-1
2018121800122,1,9,0,18,0,8,0,0,0,0,4,1,6,2,17,4,998,1,9,9,1,9
2018121800122,2,9,0,18,0,8,0,0,1,0,1,1,6,2,63,9,1686,2,3,4,1,4
2018121800124,1,11,0,7,7,0,0,0,0,0,1,1,1,1,59,9,7300,2,17,1,1,1
2018121800125,1,9,0,18,0,0,0,0,0,0,1,1,1,1,29,6,2179,2,11,2,1,2
2018121800125,2,9,0,18,0,0,1,7,1,7,2,1,6,2,51,8,1598,1,9,2,2,2
2018121800126,1,3,0,18,0,1,0,0,7,10,1,1,6,1,17,4,125,1,3,8,1,8
2018121800126,2,9,0,18,0,8,0,0,0,0,1,1,6,2,52,8,1995,2,4,6,1,6
2018121800127,1,9,0,17,0,0,0,0,7,11,1,1,6,2,19,4,1242,1,9,4,1,4
2018121800129,1,9,0,17,0,0,0,0,1,4,1,1,6,1,26,6,1596,1,9,3,1,3
2018121800130,1,5,0,16,0,0,0,0,0,0,3,1,6,1,56,9,1063,1,19,2,1,2
2018121800130,2,9,0,17,0,0,0,0,0,0,3,1,6,1,19,4,1968,2,7,6,3,6
2018121800131,1,9,0,18,0,0,0,0,1,1,1,1,6,1,80,11,1799,1,7,8,3,8
2018121800131,2,9,0,18,0,0,0,0,0,0,2,1,6,1,75,10,1595,1,2,8,1,8
2018121800132,1,9,0,9,0,6,0,0,0,0,3,1,6,2,61,9,1799,1,11,10,1,10
2018121800132,2,9,0,18,0,8,0,0,0,0,3,1,6,1,21,5,1595,1,10,8,1,8
2018121800133,1,1,0,18,0,0,0,0,0,0,2,1,6,2,46,8,-1,-1,-1,3,2,3
2018121800133,2,21,0,15,0,0,0,0,0,0,1,1,1,1,35,6,6870,2,5,1,1,1
2018121800134,1,5,0,16,0,0,1,0,0,0,1,1,6,1,29,6,998,1,17,-1,-1,-1
2018121800134,2,9,0,17,0,0,0,0,0,0,1,1,6,1,45,7,1968,2,3,9,1,9
2018121800135,1,9,0,4,0,0,0,0,0,0,2,1,6,2,59,9,1499,2,1,5,1,5
2018121800135,2,9,0,18,0,0,0,0,0,0,1,1,6,2,27,6,1242,1,4,4,-1,4
2018121800135,3,9,0,18,0,0,0,0,0,0,2,1,6,1,30,6,1685,2,3,6,3,6
2018121800135,4,5,0,18,0,0,0,0,0,0,1,1,6,3,-1,-1,1237,1,5,-1,-1,-1
2018121800136,1,9,0,9,0,6,0,0,0,0,3,1,6,2,73,10,1699,1,8,8,1,8
2018121800136,2,9,0,18,0,1,0,0,0,0,1,1,6,1,58,9,2982,2,6,5,1,5
2018121800137,1,9,0,18,8,1,0,0,1,0,1,1,6,2,26,6,1995,2,14,10,3,10
2018121800137,2,9,0,3,8,1,0,0,1,0,2,1,6,1,70,10,-1,3,1,-1,-1,-1
2018121800138,1,9,0,5,0,4,0,0,0,0,3,1,6,2,73,10,1799,1,11,7,1,7
2018121800138,2,1,0,11,0,3,0,0,0,0,1,1,6,2,70,10,-1,-1,-1,10,1,10
2018121800139,1,3,0,18,0,0,1,2,0,0,1,1,6,1,25,5,125,1,2,10,1,10
2018121800140,1,3,0,18,0,0,1,0,1,10,1,1,6,1,17,4,125,1,3,9,3,9
2018121800141,1,21,0,18,0,0,0,0,0,0,1,1,1,1,28,6,12740,2,8,4,1,4
2018121800141,2,9,0,3,0,0,0,0,0,0,2,1,6,2,35,6,1986,2,12,6,1,6
2018121800142,1,9,0,13,0,0,0,0,0,0,0,1,6,3,-1,-1,-1,-1,-1,-1,-1,-1
2018121800142,2,1,0,18,0,0,0,10,0,0,4,1,6,1,47,8,-1,-1,-1,4,1,4
2018121800143,1,19,0,18,0,8,1,0,4,6,4,1,1,1,57,9,2143,2,1,1,1,1
2018121800143,2,21,0,18,0,8,0,0,0,0,3,1,1,1,65,9,5880,2,12,1,1,1
2018121800143,3,19,0,18,0,8,0,0,0,0,2,1,1,2,34,6,2198,2,2,1,1,1
2018121800144,1,9,0,18,0,8,0,0,0,0,1,1,6,2,23,5,1242,1,1,9,1,9
2018121800144,2,9,0,3,0,8,0,0,0,0,2,1,6,1,29,6,1686,2,16,4,1,4
2018121800146,1,5,0,18,0,0,1,11,0,0,1,1,6,1,57,9,781,1,17,8,2,8
2018121800146,2,19,0,18,0,0,0,11,0,0,1,1,6,1,48,8,-1,-1,-1,-1,3,-1
2018121800146,3,9,0,4,0,0,0,0,0,0,2,1,6,1,36,7,1956,2,4,8,2,8
2018121800147,1,9,0,5,0,6,0,0,0,0,4,1,6,2,24,5,1197,1,4,3,1,3
2018121800147,2,9,0,18,0,1,0,0,0,0,1,1,6,2,74,10,2393,1,5,8,1,8
2018121800148,1,9,0,9,0,8,0,0,0,0,1,1,6,1,55,8,1998,1,2,5,3,5
2018121800148,2,9,0,17,0,1,0,0,7,11,1,1,6,1,71,10,1461,2,2,8,3,8
2018121800149,1,9,0,3,0,1,0,0,0,0,1,1,6,1,18,4,1390,1,11,8,3,8
2018121800149,2,9,0,3,0,1,0,0,0,0,2,1,6,1,55,8,1591,1,3,6,3,6
2018121800150,1,9,0,5,0,5,0,0,0,0,3,1,6,1,57,9,3498,1,4,7,1,7
2018121800150,2,9,0,18,0,8,0,0,0,0,1,1,6,1,25,5,1870,2,7,7,3,7
2018121800151,1,5,0,18,0,0,1,0,0,0,0,1,6,1,50,8,1449,1,12,6,1,6
2018121800152,1,9,0,18,0,0,0,0,0,0,1,1,6,1,29,6,1399,1,-1,1,1,1