Accident_Index,Vehicle_Reference,Vehicle_Type,Towing_and_Articulation,Vehicle_Manoeuvre,Vehicle_Location-Restricted_Lane,Junction_Location,Skidding_and_Overturning,Hit_Object_in_Carriageway,Vehicle_Leaving_Carriageway,Hit_Object_off_Carriageway,1st_Point_of_Impact,Was_Vehicle_Left_Hand_Drive?,Journey_Purpose_of_Driver,Sex_of_Driver,Age_of_Driver,Age_Band_of_Driver,Engine_Capacity_(CC),Propulsion_Code,Age_of_Vehicle,Driver_IMD_Decile,Driver_Home_Area_Type,Vehicle_IMD_Decile
2018121800152,2,9,0,18,0,0,0,0,0,0,1,1,6,2,60,9,1339,1,9,-1,1,-1
2018121800153,1,9,0,18,0,0,0,0,1,10,0,1,6,2,25,5,1364,1,3,4,1,4
2018121800153,2,19,0,9,0,0,0,0,0,0,1,1,1,1,55,8,1560,2,4,8,3,8
2018121800154,1,9,0,18,0,0,0,0,0,0,1,1,6,1,19,4,1200,1,16,6,1,6
2018121800154,2,9,0,18,0,0,1,0,0,0,2,1,6,2,45,7,1364,1,13,8,3,8
2018121800154,3,90,0,18,0,0,0,0,0,0,0,1,1,3,-1,-1,-1,-1,-1,-1,-1,-1
2018121800155,1,9,0,18,0,0,0,0,0,0,3,1,6,1,47,8,1597,1,11,6,3,6
2018121800156,1,9,0,3,0,0,0,0,0,0,0,1,6,2,26,6,1560,2,5,7,1,7
2018121800156,2,9,0,3,0,0,0,0,0,0,1,1,6,2,22,5,998,1,9,9,1,9
2018121800156,3,10,0,18,0,0,0,0,0,0,1,1,3,1,69,10,2402,2,7,3,1,3
2018121800157,1,11,0,4,0,1,0,0,0,0,1,1,6,1,42,7,-1,2,19,6,3,6
2018121800157,2,9,0,10,0,1,0,0,0,0,2,1,6,2,60,9,1995,2,4,7,3,7
2018121800157,3,9,0,4,0,1,0,0,0,0,2,1,6,1,33,6,1560,2,11,8,1,8
2018121800158,1,9,0,18,0,1,0,0,0,0,1,1,6,1,-1,-1,1968,2,11,4,1,4
2018121800158,2,9,0,6,0,6,0,0,0,0,3,1,6,2,27,6,1560,2,8,6,1,6
2018121800159,1,9,0,16,0,1,0,0,0,0,1,1,6,2,74,10,1398,1,5,-1,-1,-1
2018121800159,2,9,0,17,0,1,0,0,0,0,3,1,6,2,27,6,1560,2,8,4,3,4
2018121800160,1,9,0,18,0,0,0,0,0,0,4,1,1,1,59,9,-1,-1,-1,3,1,3
2018121800161,1,9,0,18,0,0,0,0,1,4,1,1,1,2,24,5,1560,2,9,9,3,9
2018121800162,1,11,0,18,0,1,0,0,0,0,0,1,1,1,74,10,4461,2,3,3,1,3
2018121800162,2,9,0,9,0,8,0,0,0,0,0,1,1,3,-1,-1,-1,-1,-1,-1,-1,-1
2018121800163,1,9,0,7,0,6,0,0,0,0,1,1,2,2,21,5,1398,1,2,7,1,7
2018121800163,2,1,0,18,0,8,0,0,0,0,4,1,6,1,52,8,-1,-1,-1,5,1,5
2018121800164,1,4,0,9,0,3,1,0,0,0,3,1,2,1,29,6,124,1,21,4,2,4
2018121800165,1,9,0,18,0,8,0,0,0,0,1,1,6,2,54,8,1560,2,5,1,1,1
2018121800165,2,19,0,18,0,8,0,0,0,0,3,1,2,1,61,9,1995,2,1,7,2,7
2018121800166,1,9,0,13,4,0,0,0,0,0,3,1,6,3,-1,-1,-1,-1,-1,-1,-1,-1
2018121800166,2,1,0,18,4,0,0,0,1,0,3,1,1,1,39,7,-1,-1,-1,4,1,4
2018121800167,1,9,0,4,0,0,0,0,0,0,2,1,6,1,38,7,2995,1,-1,10,-1,10
2018121800167,2,9,0,4,0,0,0,0,0,0,1,1,2,1,33,6,998,1,-1,3,1,3
2018121800168,1,21,0,18,0,0,0,5,0,0,1,1,1,1,57,9,5880,2,12,9,1,9
2018121800169,1,2,0,18,0,1,0,7,1,2,1,1,6,1,48,8,124,1,14,3,1,3
2018121800170,1,8,0,9,0,6,0,0,0,0,3,1,1,1,56,9,-1,-1,-1,7,1,7
2018121800171,1,9,0,18,0,1,0,0,0,0,1,1,1,1,21,5,1560,2,11,3,1,3
2018121800172,1,9,0,17,0,0,2,0,1,11,1,1,6,1,24,5,1198,1,9,2,1,2
2018121800173,1,9,0,9,0,6,0,0,0,0,1,1,2,1,39,7,1598,1,9,7,3,7
2018121800173,2,9,0,18,0,8,0,0,0,0,4,1,2,1,32,6,2488,2,11,7,2,7
2018121800174,1,9,0,6,0,2,0,0,1,1,1,1,2,1,59,9,1388,1,14,7,1,7
2018121800175,1,9,0,7,0,2,0,0,0,0,1,1,6,2,28,6,1995,2,5,3,1,3
2018121800175,2,9,0,16,0,1,5,0,0,0,3,1,6,2,29,6,1598,1,6,4,1,4
2018121800176,1,1,0,18,0,1,1,0,1,0,2,1,6,1,51,8,-1,-1,-1,9,1,9
2018121800176,2,17,0,18,0,1,0,0,0,0,0,1,1,1,49,8,499,1,6,6,3,6
2018121800177,1,8,0,5,0,8,0,0,0,0,1,1,1,1,44,7,1950,2,2,9,1,9
2018121800177,2,1,0,18,0,8,0,0,0,0,1,1,6,1,20,4,-1,-1,-1,4,1,4
2018121800178,1,3,0,13,0,8,0,0,0,0,1,1,6,1,19,4,125,1,3,3,1,3
2018121800178,2,9,0,9,0,8,0,0,0,0,3,1,6,1,61,9,1798,1,14,3,1,3
2018121800179,1,9,0,9,0,6,0,0,0,0,3,1,2,1,41,7,1991,2,11,5,1,5
2018121800179,2,9,0,18,0,8,0,0,0,0,1,1,2,1,52,8,1499,1,3,10,1,10
2018121800180,1,9,0,18,0,0,0,0,0,0,4,1,6,2,39,7,1997,2,3,7,2,7
2018121800181,1,9,0,16,0,0,5,12,0,0,4,1,1,1,20,4,998,1,-1,9,1,9
2018121800182,1,9,0,18,0,0,2,0,0,0,4,1,6,1,37,7,1390,1,7,9,2,9
2018121800182,2,9,0,18,0,0,0,0,0,0,1,1,6,2,19,4,1242,1,3,9,3,9
2018121800183,1,9,0,18,0,1,0,0,0,0,2,1,6,1,68,10,1896,2,15,1,1,1
2018121800183,2,9,0,18,0,1,0,0,0,0,1,1,1,1,32,6,-1,-1,-1,4,1,4
2018121800184,1,9,0,18,0,0,1,7,0,0,1,1,6,1,26,6,2979,1,3,8,-1,8
2018121800185,1,9,0,17,0,1,0,0,0,0,3,1,6,1,30,6,1999,2,2,-1,-1,-1
2018121800185,2,3,0,16,0,2,0,0,1,9,3,1,6,1,19,4,124,1,19,1,1,1
2018121800186,1,9,0,1,0,0,0,0,0,0,2,1,6,1,-1,-1,-1,-1,-1,-1,-1,-1
2018121800187,1,9,0,2,0,1,0,0,0,0,3,1,6,3,-1,-1,1299,1,15,-1,-1,-1
2018121800187,2,1,0,14,0,8,0,0,0,0,1,1,2,1,54,8,-1,-1,-1,9,1,9
2018121800188,1,9,0,9,0,6,0,0,0,0,1,1,6,1,95,11,998,1,10,6,2,6
2018121800188,2,5,0,18,0,1,1,0,0,0,1,1,6,1,68,10,998,1,14,9,1,9
2018121800188,3,9,0,2,0,2,0,0,0,0,4,1,6,3,-1,-1,1896,2,13,-1,-1,-1
2018121800189,1,9,0,18,0,3,0,0,0,0,3,1,6,1,33,6,1956,2,6,3,1,3
2018121800189,2,9,0,18,0,1,0,0,0,0,3,1,6,1,38,7,1796,1,11,3,1,3
2018121800190,1,9,0,16,0,0,0,0,0,0,3,1,6,1,75,10,1956,2,6,9,3,9
2018121800190,2,9,0,17,0,0,0,0,0,0,3,1,6,1,78,11,1896,2,16,7,2,7
2018121800191,1,21,0,4,0,0,0,0,0,0,1,1,1,1,37,7,12740,2,6,8,2,8
2018121800191,2,9,0,18,0,0,0,0,0,0,2,1,6,1,74,10,1395,1,1,10,1,10
2018121800192,1,5,0,4,0,0,0,0,0,0,1,1,6,1,28,6,996,1,18,6,1,6
2018121800192,2,19,0,4,0,0,0,0,0,0,2,1,6,1,51,8,2198,2,8,5,3,5
2018121800193,1,19,0,18,0,0,0,0,0,0,1,1,1,1,74,10,1870,2,13,3,1,3
2018121800193,2,19,0,18,0,0,0,0,0,0,1,1,1,1,41,7,1968,2,4,3,1,3
2018121800194,1,1,0,14,0,0,0,0,0,0,4,1,2,2,25,5,-1,-1,-1,9,1,9
2018121800194,2,9,0,2,0,0,0,0,0,0,3,1,1,3,-1,-1,1968,2,-1,-1,-1,-1
2018121800195,1,5,0,14,0,1,0,0,0,0,1,1,6,1,23,5,650,1,17,3,1,3
2018121800195,2,9,0,9,0,1,0,0,0,0,4,1,6,2,59,9,1398,1,2,7,1,7
2018121800196,1,2,0,4,0,2,0,0,0,0,0,1,6,1,16,4,49,1,1,8,3,8
2018121800197,1,2,0,18,0,0,0,0,0,0,1,1,6,2,28,6,49,1,5,9,2,9
2018121800198,1,3,0,18,0,4,0,0,0,0,2,1,1,2,41,7,-1,-1,-1,1,1,1
2018121800198,2,9,0,5,0,4,0,0,0,0,1,1,6,2,36,7,2362,1,14,7,1,7
2018121800199,1,5,0,18,0,0,0,0,7,0,0,1,6,1,32,6,599,1,10,1,1,1
2018121800200,1,9,0,16,0,0,0,0,7,9,1,1,6,2,23,5,1229,1,13,8,3,8
2018121800201,1,9,0,9,0,6,0,0,0,0,3,1,6,2,36,7,1560,2,10,7,1,7
2018121800201,2,1,0,18,4,1,0,0,0,0,1,1,6,2,40,7,-1,-1,-1,9,2,9
2018121800202,1,9,0,5,0,3,0,0,0,0,0,1,6,1,63,9,1896,2,14,3,1,3
2018121800203,1,4,0,18,0,0,0,0,0,0,1,1,6,1,65,9,500,1,67,1,1,1
2018121800203,2,9,0,4,0,0,0,0,0,0,2,1,6,1,48,8,1500,2,-1,5,1,5
2018121800204,1,3,0,18,0,0,0,0,1,0,4,1,6,2,25,5,124,1,10,7,1,7
2018121800205,1,9,0,9,0,5,0,0,0,0,4,1,6,1,31,6,1560,2,12,3,1,3
2018121800205,2,9,0,18,0,8,0,0,0,0,1,1,2,1,47,8,1798,2,7,8,3,8
2018121800206,1,9,0,9,0,1,0,0,0,0,4,1,1,1,29,6,-1,-1,-1,10,1,10
2018121800206,2,4,0,18,0,1,0,0,0,0,1,1,6,1,29,6,599,1,19,8,1,8
2018121800207,1,9,0,7,0,8,0,0,0,0,1,1,6,2,72,10,1997,2,2,6,1,6
2018121800207,2,1,0,18,0,8,0,0,0,0,1,1,6,1,67,10,-1,-1,-1,6,1,6
2018121800208,1,9,0,18,0,8,0,0,1,11,2,1,6,1,32,6,1968,2,4,6,3,6
2018121800208,2,9,0,18,0,8,0,0,0,0,1,1,6,2,31,6,1364,1,3,2,-1,2
2018121800209,1,9,0,18,0,0,1,0,0,0,1,1,2,1,18,4,998,1,8,1,1,1
2018121800209,2,9,0,18,0,0,1,0,1,0,1,1,2,1,28,6,1596,1,14,5,3,5
2018121800210,1,9,0,3,0,0,0,0,0,0,2,1,6,1,38,7,1598,2,2,9,1,9
2018121800210,2,1,0,18,0,0,0,0,0,0,1,1,6,1,30,6,-1,-1,-1,9,2,9
2018121800211,1,9,0,18,0,0,0,0,0,0,3,1,2,1,35,6,1797,8,8,2,2,2
2018121800213,1,9,0,18,0,0,0,0,1,0,1,1,6,1,84,11,1388,1,7,7,1,7
2018121800213,2,19,0,18,0,0,0,0,1,0,1,1,1,1,62,9,2143,2,4,7,2,7
2018121800214,1,9,0,15,0,0,0,0,0,0,1,1,6,2,76,11,1248,1,2,5,3,5
2018121800214,2,1,0,18,0,0,0,0,7,0,3,1,6,2,41,7,-1,-1,-1,1,1,1
2018121800215,1,9,0,17,0,0,1,0,2,1,1,1,6,1,43,7,1598,1,5,8,1,8
2018121800215,2,21,1,16,0,0,0,0,0,0,2,1,1,1,32,6,12580,2,12,1,1,1
2018121800216,1,1,0,18,0,0,0,0,1,7,1,1,6,1,24,5,-1,-1,-1,7,-1,7
2018121800217,1,9,0,18,0,0,0,0,0,0,2,1,6,2,61,9,1198,1,6,3,1,3
2018121800217,2,9,4,18,0,0,0,0,0,0,1,1,6,1,53,8,1685,2,6,-1,-1,-1
2018121800217,3,9,0,18,0,0,0,0,0,0,1,1,2,1,68,10,1796,1,11,8,1,8
2018121800218,1,9,0,9,0,6,0,0,0,0,1,1,2,2,50,8,1597,2,1,7,3,7
2018121800218,2,9,0,18,0,8,0,0,0,0,4,1,6,2,45,7,1796,1,8,7,3,7
2018121800219,1,9,0,18,0,0,0,0,7,8,1,1,6,2,59,9,995,1,11,5,1,5
2018121800220,1,21,0,18,0,0,0,0,0,0,1,1,1,2,27,6,-1,-1,-1,-1,1,-1
2018121800220,2,21,0,18,0,0,0,0,0,0,2,1,1,1,29,6,-1,-1,-1,-1,1,-1
2018121800221,1,9,0,18,0,1,0,0,0,0,1,1,6,1,52,8,1596,1,12,3,2,3
2018121800221,2,1,0,18,0,1,0,0,0,0,1,1,6,1,61,9,-1,-1,-1,9,2,9
2018121800223,1,9,0,17,0,0,2,0,1,11,1,1,6,1,21,5,-1,-1,-1,7,3,7
2018121800224,1,9,0,11,0,0,1,0,1,0,1,1,6,1,20,4,1364,1,11,10,1,10
2018121800224,2,9,0,18,0,0,0,0,0,0,2,1,6,1,58,9,1999,2,1,5,3,5
2018121800225,1,9,0,12,0,4,0,0,0,0,3,1,6,1,56,9,2497,2,7,7,3,7
2018121800225,2,9,0,5,0,4,0,0,0,0,4,1,6,2,27,6,1119,1,17,-1,-1,-1
2018121800226,1,20,0,17,0,0,0,0,0,0,4,1,1,1,38,7,2143,2,5,1,1,1
2018121800227,1,9,0,4,0,0,0,0,0,0,0,1,6,1,58,9,2664,2,15,-1,3,-1
2018121800227,2,9,0,4,0,0,0,0,0,0,1,1,6,1,47,8,-1,-1,-1,6,1,6
2018121800227,3,9,0,4,0,0,0,0,0,0,1,1,6,2,42,7,2179,2,6,8,3,8
2018121800227,4,9,0,4,0,0,0,0,0,0,1,1,6,2,30,6,1390,1,16,3,1,3
2018121800227,5,9,0,4,0,0,0,0,1,4,1,1,6,1,66,10,1968,2,4,-1,1,-1
2018121800227,6,9,0,4,0,0,0,0,0,0,1,1,6,1,66,10,1399,1,2,-1,-1,-1
2018121800228,1,9,0,16,0,1,0,0,0,0,4,1,6,3,38,7,-1,-1,-1,1,1,1
2018121800229,1,9,0,18,0,0,0,0,0,0,3,1,6,2,69,10,1499,2,1,8,1,8
2018121800229,2,9,0,3,0,0,0,0,0,0,3,1,6,1,21,5,1499,1,-1,8,1,8
2018121800229,3,9,0,3,0,0,0,0,0,0,1,1,6,1,38,7,1995,2,3,5,1,5
2018121800230,1,5,0,18,0,0,1,0,1,4,0,1,6,1,33,6,599,1,19,1,1,1
2018121800230,2,9,0,18,0,0,0,0,0,0,2,1,6,1,55,8,1591,1,1,8,1,8
2018121800231,1,9,0,18,0,0,0,0,7,11,1,1,2,1,64,9,1598,1,5,9,1,9
2018121800232,1,9,0,1,9,0,0,0,0,0,2,1,6,3,-1,-1,1496,1,1,-1,-1,-1
2018121800233,1,9,0,12,0,0,1,0,1,0,2,1,6,2,52,8,1390,1,13,1,1,1
2018121800233,2,9,0,18,0,0,0,0,0,0,1,1,6,1,67,10,1984,1,-1,9,1,9
2018121800234,1,9,0,4,0,0,0,0,0,0,1,1,2,2,60,9,998,1,3,10,2,10
2018121800234,2,9,0,3,0,0,0,0,0,0,2,1,6,2,35,6,1999,2,1,10,2,10
2018121800235,1,9,0,17,0,0,2,10,7,0,1,1,6,2,22,5,1598,1,13,10,1,10
2018121800236,1,9,0,16,0,0,0,0,1,0,1,1,6,1,85,11,1995,2,1,5,3,5
2018121800236,2,19,0,18,0,0,0,0,0,0,3,2,1,1,29,6,6600,2,17,5,3,5
2018121800237,1,9,0,3,0,0,0,0,0,0,2,1,6,2,18,4,999,1,2,3,1,3
2018121800237,2,9,0,18,0,0,0,0,0,0,1,1,6,2,33,6,1598,1,11,5,3,5
2018121800238,1,9,0,16,0,0,0,0,0,0,1,1,1,2,29,6,1587,1,12,3,1,3
2018121800238,2,2,0,17,0,0,0,0,0,0,3,1,3,1,17,4,50,1,4,8,3,8
2018121800239,1,3,0,4,0,4,1,0,0,0,4,1,2,2,28,6,124,1,8,6,2,6
2018121800240,1,9,0,7,0,8,0,0,0,0,4,1,6,1,19,4,999,1,1,8,3,8
2018121800242,1,9,0,17,0,0,1,0,1,4,1,1,2,2,20,4,998,1,15,10,1,10
2018121800243,1,9,0,5,9,2,0,0,0,0,1,1,1,2,28,6,1598,1,13,5,1,5
2018121800243,2,1,0,18,9,8,0,0,0,0,1,1,4,1,12,3,-1,-1,-1,7,2,7
2018121800244,1,1,0,9,0,8,1,0,0,0,0,1,6,1,58,9,-1,-1,-1,8,1,8
2018121800245,1,9,0,18,0,1,0,0,0,0,3,1,6,1,47,8,1998,2,12,2,1,2
2018121800245,2,1,0,3,0,8,0,0,0,0,4,1,6,1,48,8,-1,-1,-1,10,1,10
2018121800246,1,9,0,9,0,8,0,0,0,0,3,1,6,1,56,9,1368,1,1,-1,-1,-1
2018121800246,2,5,0,18,0,8,0,0,0,0,4,1,6,1,26,6,599,1,21,7,3,7
2018121800247,1,9,0,4,0,1,0,0,0,0,1,1,6,1,61,9,1124,1,17,7,3,7
2018121800247,2,9,0,17,0,1,0,0,0,0,1,1,2,2,33,6,1998,2,10,9,2,9
2018121800247,3,9,0,18,0,1,0,0,0,0,1,1,6,1,28,6,1197,1,3,8,2,8
2018121800248,1,9,0,16,0,0,0,0,0,0,1,1,6,1,28,6,1242,1,10,8,3,8
2018121800248,2,9,0,18,0,0,0,0,0,0,1,1,6,1,62,9,2967,2,2,9,3,9
2018121800249,1,1,0,18,0,8,0,0,0,0,1,1,6,1,18,4,-1,-1,-1,4,3,4
2018121800249,2,9,0,18,0,8,0,0,0,0,2,1,1,1,75,10,-1,-1,-1,6,3,6
2018121800250,1,9,0,18,9,1,0,0,0,0,1,1,6,2,86,11,1998,2,6,5,3,5
2018121800251,1,5,0,16,0,0,0,0,7,10,1,1,6,1,30,6,847,1,4,-1,-1,-1
2018121800251,2,9,0,17,0,0,0,0,0,0,3,1,6,2,24,5,1149,1,8,8,3,8
2018121800252,1,9,0,11,0,0,1,0,1,0,2,1,6,1,62,9,1598,1,6,9,1,9
2018121800252,2,9,0,12,0,0,2,0,1,4,1,1,6,2,58,9,1995,2,9,8,1,8
2018121800254,1,9,0,18,0,1,0,0,0,0,1,1,6,1,36,7,1797,8,4,1,1,1
2018121800254,2,9,0,15,0,2,0,0,0,0,1,1,6,1,23,5,1242,1,4,7,1,7
2018121800255,1,9,0,16,0,0,0,0,0,0,1,1,1,1,61,9,1685,2,-1,1,1,1
2018121800255,2,90,0,4,0,0,0,0,0,0,2,1,6,1,43,7,1084,1,23,9,2,9
2018121800256,1,9,0,16,0,0,1,0,0,0,3,1,6,2,29,6,1598,2,5,5,1,5
2018121800256,2,9,0,18,0,0,1,0,7,4,3,1,1,1,51,8,-1,-1,-1,7,3,7
2018121800256,3,19,0,16,0,0,0,0,0,0,1,1,1,1,63,9,2198,2,8,7,1,7
2018121800257,1,9,0,16,0,0,1,0,7,4,3,1,6,1,19,4,1995,2,11,4,1,4
2018121800258,1,9,0,18,0,0,2,0,7,9,2,1,2,1,20,4,1368,1,7,-1,-1,-1
2018121800259,1,9,0,4,0,1,0,0,0,0,2,1,6,1,59,9,1591,1,-1,6,1,6
2018121800259,2,9,0,4,0,1,0,0,0,0,2,1,6,2,84,11,1339,1,12,10,1,10
2018121800259,3,11,0,4,0,1,0,0,0,0,1,1,1,1,54,8,9186,2,5,-1,1,-1
2018121800260,1,9,0,18,0,0,0,0,1,7,1,1,2,2,38,7,1248,1,4,6,2,6
2018121800261,1,9,0,1,0,0,0,0,0,0,2,1,6,1,85,11,1984,1,-1,6,1,6
2018121800262,1,1,0,18,0,0,0,0,0,0,1,1,6,1,51,8,-1,-1,-1,10,1,10
2018121800262,2,1,0,18,0,0,0,0,0,0,2,1,6,1,18,4,-1,-1,-1,-1,-1,-1
2018121800263,1,9,0,7,4,5,0,0,0,0,4,2,6,1,58,9,1598,1,5,7,1,7
2018121800263,2,1,0,18,4,5,0,0,0,0,1,1,6,1,22,5,-1,-1,-1,5,1,5
2018121800264,1,9,0,17,0,0,2,0,7,11,4,1,6,1,17,4,1299,1,13,2,1,2
2018121800265,1,9,0,18,0,1,0,0,0,0,1,1,2,2,45,7,1390,1,16,5,3,5
2018121800265,2,9,0,9,0,1,5,0,0,0,1,1,2,1,23,5,1339,1,13,10,1,10
2018121800266,1,20,0,18,0,0,0,0,0,0,1,1,1,1,62,9,-1,-1,-1,6,1,6
2018121800267,1,9,0,18,0,0,0,0,0,0,3,1,6,2,43,7,1390,1,6,10,2,10
2018121800267,2,9,0,18,0,0,0,0,0,0,4,1,6,1,19,4,1951,2,19,8,1,8
2018121800267,3,19,0,2,0,0,0,0,0,0,2,1,6,1,48,8,2198,2,3,5,1,5
2018121800268,1,9,0,18,0,8,0,11,0,0,1,1,2,1,42,7,2204,2,10,1,1,1
2018121800269,1,9,0,6,8,7,0,0,0,0,1,1,6,1,68,10,1496,1,1,-1,1,-1
2018121800269,2,9,0,18,0,2,0,0,0,0,4,1,6,1,51,8,1797,8,5,6,1,6
2018121800270,1,9,0,4,0,0,0,0,0,0,1,1,6,2,59,9,1598,2,7,7,1,7
2018121800270,2,9,0,4,0,0,0,0,0,0,2,1,6,1,63,9,1686,2,7,7,3,7
2018121800271,1,2,0,9,0,2,1,0,0,0,4,1,6,2,51,8,50,1,4,4,3,4
2018121800272,1,5,0,16,0,8,1,0,0,0,4,1,6,1,37,7,1301,1,1,6,3,6
2018121800273,1,9,0,17,0,0,1,0,0,0,1,1,6,2,22,5,1598,1,17,7,3,7
2018121800273,2,20,0,16,0,0,0,0,0,0,1,1,2,1,62,9,-1,-1,-1,7,3,7
2018121800274,1,5,0,18,0,3,1,0,0,0,4,1,6,1,73,10,689,1,3,5,2,5
2018121800274,2,9,0,18,0,3,0,0,0,0,2,1,6,1,67,10,1580,8,1,1,1,1
2018121800275,1,9,0,18,0,0,0,0,0,0,1,1,6,1,50,8,-1,-1,-1,6,1,6
2018121800275,2,9,0,18,0,0,0,0,0,0,2,1,6,2,19,4,1360,1,10,4,1,4
2018121800276,1,9,0,18,0,1,0,0,0,0,1,1,1,2,21,5,1598,2,5,9,1,9
2018121800276,2,5,0,7,0,1,0,0,0,0,2,1,6,1,57,9,599,1,15,4,1,4
2018121800277,1,9,0,13,0,0,0,0,0,0,1,1,6,1,24,5,1968,2,5,1,1,1
2018121800277,2,9,0,10,0,0,0,0,0,0,1,1,6,2,52,8,1242,1,6,2,1,2
2018121800277,3,9,0,18,0,0,0,0,0,0,3,1,6,1,46,8,1799,1,7,5,3,5
2018121800278,1,9,0,18,0,1,0,0,0,0,1,1,6,2,48,8,2495,2,16,10,3,10
2018121800278,2,9,0,18,0,1,0,0,0,0,2,1,6,2,33,6,1598,2,5,4,1,4
2018121800279,1,9,0,18,0,1,0,0,0,0,1,1,6,2,40,7,1490,1,10,1,1,1
2018121800279,2,9,0,9,0,1,0,0,0,0,2,1,6,1,53,8,1422,2,9,8,1,8
2018121800280,1,19,0,18,0,0,0,0,0,0,1,1,6,1,41,7,1995,2,5,9,3,9
2018121800280,2,8,0,3,0,0,0,0,0,0,2,1,6,2,21,5,1229,1,7,8,3,8
2018121800280,3,9,0,3,0,0,0,0,0,0,2,1,6,2,21,5,998,1,4,10,2,10
2018121800281,1,9,0,7,0,8,0,0,0,0,4,1,6,2,24,5,999,1,-1,7,1,7
2018121800281,2,1,0,18,0,8,0,0,0,0,1,1,6,2,25,5,-1,-1,-1,8,1,8
2018121800282,1,1,0,18,9,0,0,0,0,0,1,1,4,1,13,3,-1,-1,-1,7,1,7
2018121800283,1,5,0,16,0,0,0,0,1,11,1,1,6,1,57,9,1200,1,3,4,1,4
2018121800283,2,5,0,16,0,0,1,0,0,0,1,1,6,2,55,8,599,1,19,4,1,4
2018121800283,3,9,0,18,0,0,0,0,0,0,3,1,6,1,62,9,3436,1,3,9,3,9
2018121800283,4,9,0,18,0,0,0,0,0,0,4,1,6,1,89,11,1596,1,9,6,2,6
2018121800283,5,19,0,18,0,0,0,0,0,0,0,1,6,1,61,9,-1,-1,-1,7,3,7
2018121800283,6,9,0,18,0,0,0,0,0,0,0,1,6,1,49,8,2993,2,2,6,3,6
2018121800284,1,9,0,18,0,8,0,0,0,0,4,1,6,2,67,10,1390,1,3,10,1,10
2018121800285,1,9,0,18,0,0,0,0,0,0,3,1,3,1,43,7,1248,2,13,3,1,3
2018121800286,1,1,0,17,9,1,0,0,0,0,4,1,6,1,12,3,-1,-1,-1,3,2,3
2018121800286,2,9,0,18,0,1,0,0,0,0,0,1,6,2,83,11,1598,2,7,8,2,8
2018121800287,1,9,0,18,0,2,0,0,0,0,3,1,6,2,27,6,1598,1,12,8,1,8
2018121800287,2,1,0,9,0,2,0,0,0,0,1,1,6,1,27,6,-1,-1,-1,2,1,2
2018121800288,1,9,0,10,0,5,0,0,0,0,1,1,6,1,82,11,1149,1,13,9,1,9
2018121800288,2,9,0,10,0,1,0,0,0,0,3,1,6,2,24,5,2993,2,13,8,1,8
2018121800289,1,9,0,5,0,4,0,0,0,0,3,1,6,1,70,10,1198,1,5,1,1,1
2018121800289,2,3,0,17,0,4,0,0,0,0,4,1,2,1,21,5,125,1,3,10,1,10
2018121800290,1,90,0,18,0,0,0,0,1,0,1,1,6,1,76,11,2500,2,27,7,1,7
2018121800290,2,9,0,4,0,0,1,0,1,0,2,1,6,2,72,10,998,1,3,8,-1,8
2018121800291,1,9,0,4,0,0,0,0,0,0,2,1,2,1,26,6,998,1,14,4,1,4
2018121800291,2,9,0,11,0,0,0,0,0,0,2,1,6,1,45,7,1968,2,5,8,2,8
2018121800291,3,9,0,18,0,0,0,0,0,0,1,1,6,2,25,5,1968,2,5,3,1,3
2018121800291,4,9,0,18,0,0,0,0,0,0,1,1,6,1,33,6,2996,2,9,4,1,4
2018121800292,1,1,0,18,0,1,0,0,0,0,0,1,6,1,20,4,-1,-1,-1,3,1,3
2018121800293,1,9,0,17,0,0,2,0,8,10,1,1,6,1,21,5,1999,1,20,5,1,5
2018121800296,1,9,0,18,0,2,0,0,0,0,4,1,6,1,82,11,973,1,17,6,1,6
2018121800297,1,9,0,1,0,1,0,0,0,0,1,1,6,2,-1,-1,1796,1,9,6,1,6
2018121800301,1,9,0,16,0,0,1,0,7,0,1,1,6,1,22,5,1896,2,15,8,1,8
2018121800301,2,9,0,18,0,0,0,0,0,0,1,1,6,1,70,10,1999,2,1,10,1,10
2018121800303,1,9,0,18,0,0,2,0,1,11,1,1,6,2,19,4,1596,1,11,7,3,7
2018121800303,2,9,0,18,0,0,0,0,0,0,0,1,6,2,20,4,998,1,2,7,3,7
2018121800304,1,9,0,7,0,2,0,0,0,0,1,1,6,2,81,11,1242,1,2,6,1,6
2018121800304,2,21,0,4,0,1,0,0,0,0,3,1,1,1,35,6,6370,2,12,7,3,7
2018121800305,1,21,0,13,0,0,0,0,0,0,0,1,6,3,-1,-1,12809,2,1,-1,-1,-1
2018121800305,2,9,0,13,0,0,0,11,0,0,1,1,6,1,51,8,1560,2,11,6,1,6
2018121800306,1,1,0,17,0,7,0,0,0,0,1,1,6,1,35,6,-1,-1,-1,-1,-1,-1
2018121800306,2,19,0,16,0,7,0,0,0,0,1,1,1,1,21,5,2198,2,4,5,1,5
2018121800307,1,1,0,14,0,0,0,0,0,0,4,1,2,1,38,7,-1,-1,-1,5,3,5
2018121800307,2,19,0,2,0,0,0,0,0,0,3,1,6,3,-1,-1,-1,-1,-1,-1,-1,-1