Accident_Index,Vehicle_Reference,Vehicle_Type,Towing_and_Articulation,Vehicle_Manoeuvre,Vehicle_Location-Restricted_Lane,Junction_Location,Skidding_and_Overturning,Hit_Object_in_Carriageway,Vehicle_Leaving_Carriageway,Hit_Object_off_Carriageway,1st_Point_of_Impact,Was_Vehicle_Left_Hand_Drive?,Journey_Purpose_of_Driver,Sex_of_Driver,Age_of_Driver,Age_Band_of_Driver,Engine_Capacity_(CC),Propulsion_Code,Age_of_Vehicle,Driver_IMD_Decile,Driver_Home_Area_Type,Vehicle_IMD_Decile
2018121800308,1,5,0,7,0,0,0,0,0,0,0,1,6,1,61,9,-1,-1,-1,-1,-1,-1
2018121800309,1,9,0,18,0,0,0,0,4,0,1,1,2,1,61,9,1560,2,6,4,1,4
2018121800309,2,9,0,11,0,0,1,0,0,0,2,1,2,1,35,6,1686,2,10,6,1,6
2018121800310,1,9,0,9,0,8,0,0,0,0,4,1,6,1,27,6,1598,1,11,-1,1,-1
2018121800310,2,1,0,16,0,8,0,0,0,0,1,1,6,1,28,6,-1,-1,-1,9,1,9
2018121800311,1,9,0,14,0,0,0,0,0,0,1,1,6,1,65,9,3628,2,8,3,1,3
2018121800312,1,9,0,18,0,0,5,7,7,1,1,1,1,1,45,7,-1,-1,-1,9,2,9
2018121800313,1,5,0,12,0,0,0,0,7,0,4,1,6,1,67,10,996,1,12,3,1,3
2018121800313,2,9,0,18,0,0,0,0,0,0,0,1,6,3,-1,-1,-1,-1,-1,-1,-1,-1
2018121800314,1,9,0,9,0,2,0,0,0,0,3,1,2,2,27,6,1242,1,11,6,3,6
2018121800314,2,9,0,18,0,2,0,0,0,0,2,1,6,2,50,8,1896,2,14,10,1,10
2018121800315,1,9,0,9,0,8,0,0,0,0,4,1,6,2,19,4,999,1,5,8,1,8
2018121800315,2,9,0,18,0,8,0,0,0,0,1,1,6,2,36,7,1296,1,10,10,1,10
2018121800316,1,9,0,3,0,0,0,0,0,0,2,1,6,2,56,9,998,1,4,8,3,8
2018121800316,2,9,0,18,0,0,0,0,0,0,1,1,6,2,28,6,1781,1,13,8,3,8
2018121800318,1,9,0,5,0,6,0,0,0,0,1,1,6,2,36,7,1598,1,15,10,1,10
2018121800318,2,9,0,18,0,8,5,0,0,0,4,1,6,2,38,7,1493,2,11,7,2,7
2018121800319,1,10,0,17,0,2,0,0,0,0,1,1,6,3,-1,-1,-1,-1,-1,-1,-1,-1
2018121800319,2,1,0,17,0,2,0,0,0,0,2,1,1,1,21,5,-1,-1,-1,4,3,4
2018121800320,1,19,0,18,0,1,0,0,0,0,1,1,6,2,21,5,1686,2,16,5,3,5
2018121800320,2,9,0,18,0,1,0,0,0,0,2,1,6,1,48,8,1598,2,5,5,1,5
2018121800320,3,9,0,18,0,1,0,0,0,0,2,1,6,3,-1,-1,1968,2,-1,-1,-1,-1
2018121800321,1,19,0,18,0,0,0,0,7,11,1,1,6,1,37,7,2298,2,1,1,1,1
2018121800321,2,9,0,7,0,0,0,0,1,0,2,1,6,2,47,8,1997,1,5,5,3,5
2018121800322,1,9,0,18,0,3,1,0,7,9,1,1,6,1,18,4,1198,1,13,4,1,4
2018121800323,1,9,0,16,0,2,1,0,8,4,1,1,6,1,27,6,1896,2,11,2,2,2
2018121800324,1,9,0,18,0,0,5,10,1,10,4,1,1,1,63,9,1299,1,18,9,2,9
2018121800325,1,9,0,18,0,2,0,0,0,0,1,1,6,1,67,10,1598,1,11,3,1,3
2018121800326,1,9,0,18,0,0,0,0,0,0,1,1,6,3,-1,-1,2179,2,5,-1,-1,-1
2018121800326,2,9,0,3,0,0,0,0,0,0,2,1,6,1,56,9,2400,2,10,8,3,8
2018121800327,2,1,0,16,0,8,0,0,0,0,4,1,6,1,24,5,-1,-1,-1,4,1,4
2018121800328,1,19,0,18,0,2,0,0,1,10,1,1,1,1,48,8,2402,2,12,7,1,7
2018121800328,2,1,0,18,0,2,0,0,0,0,1,1,1,2,27,6,-1,-1,-1,5,-1,5
2018121800329,1,9,0,18,0,0,0,0,0,0,1,1,6,1,87,11,899,1,3,5,3,5
2018121800329,2,1,0,2,0,0,0,0,1,0,2,1,6,2,45,7,-1,-1,-1,7,3,7
2018121800330,1,9,0,9,2,6,0,0,0,0,1,1,2,2,36,7,1598,1,7,3,1,3
2018121800330,2,11,0,18,2,1,0,0,0,0,1,1,1,1,27,6,11967,2,9,-1,-1,-1
2018121800331,1,9,0,2,0,0,0,0,0,0,2,1,2,2,29,6,1560,2,11,2,1,2
2018121800331,2,9,0,15,0,0,0,0,0,0,1,1,2,2,22,5,1360,1,9,6,3,6
2018121800334,1,9,0,18,0,0,0,0,0,0,1,1,6,2,26,6,1968,2,6,1,1,1
2018121800334,2,9,0,3,0,0,0,0,0,0,2,1,6,1,20,4,1596,1,10,10,1,10
2018121800334,3,9,0,3,0,0,0,0,0,0,2,1,6,2,-1,-1,1360,1,12,7,3,7
2018121800335,1,9,0,18,0,0,0,0,0,0,4,1,1,2,51,8,1248,1,2,9,1,9
2018121800336,1,9,0,16,0,1,0,0,0,0,1,1,6,2,80,11,1968,2,3,7,3,7
2018121800336,2,9,0,4,0,1,0,0,0,0,2,1,3,2,45,7,2179,2,9,9,2,9
2018121800336,3,9,0,10,0,1,0,0,0,0,2,1,1,2,55,8,1598,2,-1,7,3,7
2018121800337,1,9,0,17,0,8,0,0,0,0,1,1,6,2,30,6,899,1,3,8,1,8
2018121800337,2,9,0,9,0,6,0,0,1,7,3,1,2,1,19,4,1329,1,3,5,1,5
2018121800338,1,9,0,18,0,0,0,0,0,0,1,1,6,2,39,7,1896,2,9,6,1,6
2018121800338,2,9,0,2,0,0,0,0,1,2,2,1,6,3,-1,-1,1591,1,1,-1,-1,-1
2018121800338,3,9,0,2,0,0,0,0,0,0,2,1,6,3,-1,-1,1390,1,4,-1,-1,-1
2018121800338,4,9,0,2,0,0,0,0,0,0,1,1,6,3,-1,-1,-1,-1,-1,-1,-1,-1
2018121800339,1,9,0,18,0,8,0,0,0,0,1,1,6,1,32,6,1398,2,12,2,1,2
2018121800339,2,21,1,1,0,8,0,0,0,0,2,2,6,1,25,5,-1,-1,-1,4,1,4
2018121800340,1,9,0,17,0,0,1,0,1,11,3,1,2,1,23,5,3248,1,18,7,1,7
2018121800340,2,9,0,16,0,0,0,0,7,0,3,1,2,1,27,6,999,1,-1,5,3,5
2018121800341,1,9,0,18,0,8,0,0,0,0,1,1,6,1,29,6,2972,1,20,1,1,1
2018121800341,2,17,0,13,0,8,5,0,1,0,3,1,1,1,25,5,-1,2,35,5,3,5
2018121800342,1,1,0,18,0,0,0,0,0,0,3,1,6,2,57,9,-1,-1,-1,10,1,10
2018121800342,2,9,0,13,0,0,0,0,0,0,4,1,6,3,-1,-1,-1,-1,-1,-1,-1,-1
2018121800343,1,4,0,16,0,8,0,10,0,0,1,1,6,1,61,9,498,1,16,9,2,9
2018121800343,2,9,0,9,0,8,0,0,0,0,0,1,6,2,48,8,1560,2,9,4,1,4
2018121800344,1,19,0,9,0,6,0,0,0,0,1,1,1,1,42,7,2143,2,5,6,1,6
2018121800344,2,9,0,18,0,8,0,0,0,0,3,1,2,1,36,7,1296,1,12,10,1,10
2018121800344,3,19,0,7,0,6,0,0,0,0,0,1,6,3,-1,-1,-1,-1,-1,-1,-1,-1
2018121800345,1,4,0,17,0,0,0,11,1,0,0,1,6,1,52,8,125,1,50,5,1,5
2018121800346,1,9,0,1,0,0,0,0,0,0,2,1,6,3,-1,-1,-1,-1,-1,-1,-1,-1
2018121800347,1,9,0,5,0,4,0,0,0,0,1,1,2,2,55,8,1200,1,1,7,1,7
2018121800347,2,3,0,11,0,3,0,0,0,0,4,1,6,1,17,4,124,1,8,7,3,7
2018121800348,1,21,1,17,0,8,5,0,1,2,4,1,1,1,35,6,10837,2,6,4,3,4
2018121800349,1,3,0,16,0,0,0,0,1,4,1,1,6,1,42,7,124,1,2,7,2,7
2018121800350,1,9,0,3,0,0,0,0,0,0,1,1,6,1,19,4,1598,1,7,8,3,8
2018121800350,2,9,0,3,0,0,0,0,0,0,2,1,6,2,38,7,1997,2,7,2,1,2
2018121800350,3,9,0,3,0,0,0,0,0,0,1,1,6,2,75,10,2521,1,11,-1,3,-1
2018121800351,1,9,0,18,0,0,2,0,1,0,1,1,6,1,87,11,-1,-1,-1,2,1,2
2018121800352,1,9,0,18,0,1,0,0,0,0,1,1,6,2,78,11,1582,2,7,10,3,10
2018121800352,2,9,0,4,0,1,0,0,0,0,2,1,6,1,64,9,1339,1,9,3,1,3
2018121800353,1,3,0,18,0,0,0,0,0,0,4,1,6,1,17,4,125,1,2,6,1,6
2018121800354,1,9,0,9,0,8,0,0,0,0,3,1,6,2,60,9,1124,1,11,10,1,10
2018121800354,2,19,0,14,0,8,0,0,0,0,1,1,1,2,39,7,1995,2,1,4,1,4
2018121800355,1,21,0,16,0,0,2,10,7,0,3,1,1,1,59,9,12740,2,4,1,1,1
2018121800355,2,9,0,18,0,0,0,0,0,0,3,1,1,1,36,7,1499,2,2,8,2,8
2018121800356,1,1,0,18,0,0,0,0,0,0,0,1,2,1,52,8,-1,-1,-1,3,2,3
2018121800357,1,9,0,18,0,0,2,0,1,1,1,1,6,2,17,4,1242,1,11,6,3,6
2018121800358,1,9,0,18,0,6,0,0,0,0,1,1,6,2,21,5,1198,1,3,6,3,6
2018121800358,2,9,0,18,0,8,0,0,0,0,3,1,1,2,35,6,1461,2,4,3,1,3
2018121800358,3,19,4,18,0,8,0,0,1,10,1,1,1,1,21,5,2402,2,9,9,1,9
2018121800359,1,20,0,18,0,2,0,0,0,0,1,1,1,1,49,8,2198,2,3,10,1,10
2018121800359,2,9,0,18,0,1,0,0,0,0,1,1,2,1,50,8,1500,2,-1,6,1,6
2018121800360,1,9,0,6,0,0,0,0,0,0,0,1,6,2,60,9,2400,2,7,7,3,7
2018121800360,2,3,0,18,0,0,0,0,0,0,0,1,6,1,22,5,125,1,5,2,1,2
2018121800361,1,5,0,16,0,0,0,0,7,11,1,1,6,1,61,9,1255,1,8,1,1,1
2018121800361,2,9,0,4,0,0,1,0,0,0,1,1,6,1,45,7,1587,1,16,10,3,10
2018121800362,1,9,0,18,0,0,0,0,0,0,2,1,2,1,26,6,1598,1,12,3,1,3
2018121800362,2,5,0,13,0,0,1,0,8,4,1,1,6,1,63,9,1293,1,3,6,1,6
2018121800363,1,4,0,5,0,6,0,0,0,0,3,1,6,1,32,6,125,1,3,-1,-1,-1
2018121800363,2,9,0,18,0,8,0,0,0,0,1,1,1,1,39,7,1598,2,2,3,1,3
2018121800364,1,19,0,16,0,1,0,0,0,0,4,1,6,3,-1,-1,-1,-1,-1,-1,-1,-1
2018121800364,2,1,0,18,0,1,0,0,0,0,3,1,6,1,68,10,-1,-1,-1,10,1,10
2018121800365,1,9,0,18,0,0,0,0,7,0,1,1,6,1,75,10,1998,1,12,8,1,8
2018121800365,2,9,0,18,0,0,0,0,1,0,1,1,6,1,69,10,-1,-1,-1,7,3,7
2018121800367,1,9,0,17,0,0,2,10,0,0,3,1,6,1,18,4,1149,1,10,5,1,5
2018121800368,1,9,0,18,0,4,0,0,0,0,1,1,6,2,65,9,1598,1,10,7,1,7
2018121800368,2,1,0,18,0,8,0,0,0,0,4,1,6,1,34,6,-1,-1,-1,10,2,10
2018121800369,1,9,0,9,0,6,0,0,0,0,1,1,6,1,54,8,4367,2,2,10,2,10
2018121800369,2,9,0,18,0,8,0,0,0,0,1,1,2,1,51,8,1995,2,6,9,3,9
2018121800370,1,9,0,3,0,4,0,0,0,0,2,1,6,3,-1,-1,-1,-1,-1,-1,-1,-1
2018121800370,2,9,0,18,0,4,0,0,0,0,1,1,6,2,52,8,999,1,-1,2,1,2
2018121800371,1,9,0,9,0,8,0,0,0,0,1,1,6,1,55,8,1968,2,6,5,3,5
2018121800371,2,9,0,17,0,8,0,0,0,0,1,1,6,1,50,8,-1,-1,-1,6,1,6
2018121800372,1,9,0,9,0,6,0,0,0,0,0,1,6,2,42,7,1560,2,6,6,1,6
2018121800372,2,9,0,15,0,1,1,0,0,0,0,1,1,1,17,4,-1,-1,-1,5,1,5
2018121800373,1,9,0,18,0,0,0,0,0,0,1,1,6,1,37,7,998,1,9,1,1,1
2018121800373,2,9,0,3,0,0,0,0,0,0,2,1,6,1,30,6,2497,2,16,-1,1,-1
2018121800374,1,9,0,3,0,1,0,0,0,0,1,1,6,2,58,9,1560,2,12,8,3,8
2018121800374,2,9,0,18,0,1,0,0,0,0,4,1,6,1,32,6,1968,2,5,2,2,2
2018121800375,1,9,0,18,0,8,0,0,0,0,1,1,6,1,74,10,1968,2,5,7,1,7
2018121800375,2,9,0,9,0,6,0,0,0,0,3,1,6,2,50,8,2143,2,4,10,1,10
2018121800376,1,9,0,4,0,1,0,0,0,0,0,1,6,2,36,7,1596,1,4,8,2,8
2018121800376,2,19,0,4,0,1,0,0,0,0,2,2,1,1,35,6,-1,-1,-1,-1,-1,-1
2018121800377,1,9,0,11,0,5,0,0,1,0,1,1,6,2,36,7,1242,1,5,2,1,2
2018121800378,1,9,0,9,0,3,2,10,1,7,4,1,1,1,17,4,-1,-1,-1,8,1,8
2018121800379,1,9,0,9,0,1,0,0,0,0,1,1,6,1,35,6,1596,1,11,3,1,3
2018121800379,2,9,0,18,0,1,0,0,0,0,1,1,6,1,57,9,1240,1,13,8,1,8
2018121800380,1,9,0,4,0,0,0,0,0,0,1,1,6,2,44,7,1587,1,9,8,3,8
2018121800380,2,9,0,4,0,0,0,0,0,0,2,1,6,1,58,9,1999,2,2,3,1,3
2018121800381,1,9,0,16,0,8,5,0,7,0,0,1,6,1,70,10,1798,1,8,1,1,1
2018121800382,1,97,0,18,0,1,0,0,0,0,1,1,6,3,-1,-1,-1,-1,-1,-1,-1,-1
2018121800383,1,9,0,17,0,0,0,0,1,11,1,1,6,1,48,8,1360,1,14,5,1,5
2018121800384,1,9,0,18,0,1,0,0,0,0,3,1,6,2,56,9,1596,1,8,9,3,9
2018121800385,1,9,0,18,0,0,0,0,0,0,1,1,6,1,46,8,2488,2,11,1,1,1
2018121800386,1,1,0,18,0,0,0,0,0,0,3,1,6,1,54,8,-1,-1,-1,9,1,9
2018121800387,1,9,0,18,0,1,0,0,0,0,4,1,6,3,-1,-1,-1,-1,-1,-1,-1,-1
2018121800388,1,9,0,16,0,0,0,0,0,0,3,1,6,1,63,9,1870,2,9,8,3,8
2018121800388,2,5,0,17,0,0,1,0,0,0,3,1,6,1,58,9,645,1,9,6,3,6
2018121800389,1,11,0,3,0,4,0,0,0,0,0,1,1,1,45,7,12000,2,13,8,2,8
2018121800390,1,9,0,3,0,0,0,0,0,0,2,1,6,1,35,6,1995,2,3,8,2,8
2018121800390,2,9,0,18,0,0,0,0,0,0,1,1,6,1,30,6,1596,1,12,8,2,8
2018121800391,1,19,0,18,0,8,0,0,0,0,1,1,6,1,23,5,1995,2,1,9,2,9
2018121800391,2,9,0,18,0,8,0,0,0,0,1,1,6,1,69,10,1753,2,12,8,3,8
2018121800392,1,9,0,18,0,8,0,0,1,11,1,1,6,1,19,4,1686,2,14,3,3,3
2018121800392,2,9,0,13,0,1,0,0,0,0,0,1,6,3,-1,-1,-1,-1,-1,-1,-1,-1
2018121800392,3,9,0,18,0,1,0,0,0,0,0,1,6,3,-1,-1,-1,-1,-1,-1,-1,-1
2018121800393,1,9,0,9,0,1,0,0,0,0,4,1,6,2,83,11,999,1,-1,10,1,10
2018121800393,2,5,0,18,0,1,1,0,0,0,1,1,6,1,38,7,998,1,10,6,1,6
2018121800393,3,9,0,18,0,1,0,0,0,0,3,1,6,1,36,7,1984,1,7,3,1,3
2018121800393,4,9,0,18,0,1,0,0,0,0,4,1,6,2,41,7,1910,2,11,4,2,4
2018121800394,1,9,0,4,0,1,0,0,0,0,3,1,6,2,17,4,1242,1,3,8,3,8
2018121800395,1,3,0,13,0,1,0,0,0,0,4,1,6,1,19,4,-1,-1,-1,10,1,10
2018121800395,2,9,0,9,0,1,0,0,0,0,4,1,6,2,31,6,1461,2,11,10,1,10
2018121800396,1,8,0,12,0,8,0,0,0,0,3,1,1,1,62,9,1995,2,6,3,1,3
2018121800396,2,9,0,18,0,8,0,0,0,0,1,1,6,2,30,6,1398,1,10,7,2,7
2018121800396,3,9,0,18,0,8,1,0,4,6,2,1,2,2,36,7,1896,2,12,1,1,1
2018121800397,1,9,0,12,0,0,0,0,0,0,3,1,6,1,28,6,1956,2,6,7,1,7
2018121800397,2,3,0,18,0,0,0,0,0,0,4,1,2,1,21,5,125,1,1,1,1,1
2018121800398,1,1,0,4,0,0,0,0,0,0,1,1,1,1,49,8,-1,-1,-1,1,1,1
2018121800398,2,9,0,4,0,0,0,0,0,0,2,1,6,3,-1,-1,-1,-1,-1,-1,-1,-1
2018121800399,1,9,0,16,0,1,0,0,0,0,1,1,6,3,-1,-1,-1,-1,-1,-1,-1,-1
2018121800400,1,9,0,17,0,0,5,0,1,0,1,1,6,2,17,4,1242,1,3,6,3,6
2018121800401,1,9,0,9,0,1,0,0,0,0,1,1,1,1,28,6,1598,1,6,1,1,1
2018121800401,2,9,0,18,0,1,0,10,7,4,1,1,6,2,61,9,1598,1,9,9,1,9
2018121800401,3,9,0,2,0,1,0,0,0,0,3,1,6,3,-1,-1,1086,1,10,-1,-1,-1
2018121800402,1,9,0,18,0,1,0,0,0,0,1,1,6,1,48,8,2993,2,4,8,1,8
2018121800402,2,9,0,3,0,1,0,0,0,0,2,1,6,2,24,5,1598,2,5,9,1,9
2018121800403,1,11,0,17,0,0,0,0,0,0,1,1,1,1,67,10,9000,2,16,2,1,2
2018121800403,2,1,0,17,0,0,0,0,1,0,2,1,2,1,57,9,-1,-1,-1,8,3,8
2018121800404,1,21,0,15,0,0,0,0,0,0,4,1,1,3,-1,-1,12809,2,5,-1,-1,-1
2018121800404,2,9,0,18,0,0,0,0,0,0,3,1,6,1,48,8,2143,2,5,6,2,6
2018121800405,1,9,0,13,0,1,1,0,7,11,1,1,2,1,21,5,1968,2,8,2,1,2
2018121800405,2,9,0,9,0,1,1,0,7,11,3,1,2,1,29,6,1198,1,6,3,1,3
2018121800406,1,19,0,18,0,0,0,0,0,0,0,1,6,3,-1,-1,-1,-1,-1,-1,-1,-1
2018121800406,2,9,0,18,0,0,0,0,0,0,1,1,6,2,25,5,1598,1,4,5,2,5
2018121800407,1,9,0,18,0,0,0,0,0,0,1,1,6,3,-1,-1,-1,-1,-1,-1,-1,-1
2018121800408,1,9,0,9,0,6,0,0,0,0,1,1,6,2,75,10,2143,2,2,6,3,6
2018121800408,2,9,0,18,0,1,0,0,5,1,4,1,6,1,49,8,1560,2,9,6,2,6
2018121800409,1,9,0,9,0,6,0,0,0,0,1,1,6,1,85,11,1461,2,8,7,3,7
2018121800409,2,9,0,18,0,1,0,0,0,0,4,1,6,1,29,6,1997,2,5,2,1,2
2018121800410,1,9,0,9,0,5,0,0,0,0,4,1,2,1,35,6,1995,2,-1,3,1,3
2018121800410,2,1,0,18,0,8,0,0,0,0,1,1,2,2,22,5,-1,-1,-1,7,1,7
2018121800411,1,1,0,9,0,8,0,0,0,0,3,1,6,1,60,9,-1,-1,-1,5,3,5
2018121800411,2,9,0,10,0,1,0,0,0,0,1,1,6,1,61,9,1596,1,10,4,1,4
2018121800412,1,3,0,18,0,1,1,0,0,0,3,1,6,1,20,4,125,1,5,7,1,7
2018121800412,2,9,0,9,0,1,0,0,0,0,1,1,6,2,57,9,1198,1,8,6,1,6
2018121800413,1,9,0,17,0,0,0,0,0,0,1,1,6,1,28,6,1396,1,14,3,1,3
2018121800413,2,9,0,18,0,0,0,0,0,0,1,1,6,2,67,10,1461,2,5,8,3,8
2018121800414,1,3,0,18,0,1,0,0,0,0,0,1,6,1,20,4,124,1,8,4,1,4
2018121800415,1,9,0,4,0,1,0,0,0,0,1,1,6,2,42,7,1969,2,-1,7,2,7
2018121800415,2,9,0,4,0,1,0,0,0,0,1,1,6,1,23,5,-1,-1,-1,2,1,2
2018121800416,1,3,0,18,0,0,0,0,0,0,4,1,2,1,30,6,125,1,-1,1,1,1
2018121800417,1,9,0,17,0,0,1,10,0,0,1,1,6,1,32,6,1198,1,12,9,2,9
2018121800418,1,9,0,13,0,0,1,0,0,0,1,1,1,1,18,4,1242,1,5,3,1,3
2018121800418,2,9,0,18,0,0,2,0,1,0,1,1,2,1,47,8,1398,1,4,6,2,6
2018121800419,1,9,0,9,0,5,0,0,0,0,2,1,6,2,55,8,1061,1,14,5,1,5
2018121800419,2,1,0,18,0,1,0,0,0,0,1,1,6,1,48,8,-1,-1,-1,5,1,5
2018121800420,1,1,0,18,0,0,0,0,0,0,1,1,6,2,31,6,-1,-1,-1,-1,1,-1
2018121800420,2,19,3,13,0,0,0,0,0,0,4,1,6,1,47,8,1995,2,1,2,1,2
2018121800421,1,9,0,13,0,0,0,0,0,0,3,1,6,2,47,8,1560,2,7,4,3,4
2018121800421,2,5,0,18,0,0,0,0,0,0,3,1,6,1,64,9,599,1,20,6,2,6
2018121800423,1,10,0,18,0,1,0,0,7,4,4,1,6,1,30,6,-1,-1,-1,6,1,6
2018121800424,1,21,1,18,0,0,1,0,0,0,1,1,1,1,39,7,12902,2,5,4,1,4
2018121800424,2,21,1,18,0,0,0,0,0,0,2,1,1,1,55,8,11705,2,13,6,1,6
2018121800425,1,9,0,1,0,0,0,0,0,0,2,1,6,1,39,7,-1,-1,-1,5,3,5
2018121800426,1,9,0,18,0,1,0,0,0,0,1,1,6,1,53,8,-1,-1,-1,-1,-1,-1
2018121800426,2,9,0,9,0,5,0,0,0,0,2,1,6,2,48,8,1968,2,-1,5,3,5
2018121800427,1,9,0,4,0,1,0,0,0,0,2,1,6,1,22,5,1461,2,-1,5,2,5
2018121800427,2,9,0,5,0,1,0,0,0,0,1,1,6,1,23,5,1229,1,9,5,2,5
2018121800428,1,9,0,5,0,1,0,0,0,0,1,1,6,1,82,11,2993,2,3,8,3,8
2018121800428,2,9,0,8,0,1,0,0,0,0,2,1,6,1,63,9,2179,2,7,8,1,8
2018121800429,1,8,0,5,0,1,0,0,0,0,1,1,1,1,45,7,1995,2,1,2,1,2
2018121800429,2,9,0,5,0,1,0,0,0,0,2,1,6,1,42,7,1349,1,8,8,2,8
2018121800430,1,9,0,5,0,6,0,0,1,2,3,1,6,2,87,11,2979,1,3,10,1,10
2018121800430,2,9,0,18,0,8,0,0,0,0,1,1,6,1,56,9,1968,2,11,10,3,10
2018121800431,1,9,0,7,0,2,0,0,0,0,4,1,6,1,81,11,1968,2,2,6,3,6
2018121800432,1,17,4,7,0,6,0,0,0,0,1,1,1,1,23,5,6728,2,3,6,3,6
2018121800432,2,9,0,18,0,1,1,0,1,0,1,1,6,2,61,9,2993,2,3,10,2,10
2018121800433,1,3,0,15,0,1,1,0,1,0,1,1,6,1,19,4,124,1,6,6,2,6
2018121800433,2,9,0,5,0,1,0,0,0,0,4,1,6,2,54,8,998,1,5,9,1,9
2018121800434,1,9,0,14,0,0,0,0,0,0,1,1,2,2,45,7,1997,2,3,7,1,7
2018121800434,2,9,0,3,0,0,0,0,0,0,0,1,2,2,44,7,1969,1,3,9,1,9
2018121800435,1,9,0,18,0,0,0,0,7,9,1,1,6,1,23,5,-1,-1,-1,6,3,6
2018121800435,2,9,0,18,0,0,0,0,7,9,1,1,6,2,70,10,1991,2,9,8,3,8
2018121800436,1,9,0,18,0,2,0,0,0,0,1,1,6,1,49,8,1598,2,7,9,1,9
2018121800436,2,9,0,12,0,2,0,0,0,0,3,1,1,1,24,5,-1,-1,-1,8,1,8
2018121800437,1,9,0,18,9,0,0,0,0,0,0,1,6,3,-1,-1,-1,-1,-1,-1,-1,-1
2018121800438,1,9,0,7,0,1,0,0,0,0,0,1,6,2,41,7,1395,1,2,9,1,9
2018121800438,2,3,0,18,0,1,0,0,0,0,0,1,1,2,27,6,124,1,3,8,1,8
2018121800439,1,9,0,5,0,6,0,0,0,0,3,1,6,1,81,11,1998,2,3,7,3,7
2018121800439,2,5,0,18,0,1,0,0,0,0,1,1,6,1,32,6,998,1,2,8,2,8
2018121800440,1,9,0,9,0,6,0,0,0,0,1,1,6,3,-1,-1,1124,1,14,-1,-1,-1
2018121800440,2,3,0,14,0,8,0,0,0,0,4,1,6,1,19,4,125,1,4,8,3,8
2018121800441,1,9,0,9,0,6,0,0,0,0,1,1,6,1,40,7,2143,2,6,6,1,6
2018121800441,2,9,0,18,0,8,0,0,1,0,4,1,2,2,37,7,1397,1,10,10,1,10
2018121800442,1,19,0,5,0,6,0,0,0,0,1,1,1,1,25,5,1997,2,12,8,1,8
2018121800442,2,9,0,18,0,2,0,0,0,0,3,1,6,1,73,10,1397,1,9,8,1,8
2018121800443,1,9,0,18,0,0,0,0,0,0,1,1,6,2,50,8,1364,2,12,6,1,6
2018121800444,1,9,0,18,0,8,2,0,7,4,1,1,6,1,26,6,1242,1,11,1,1,1
2018121800445,1,9,0,18,0,0,0,0,0,0,3,1,1,1,44,7,1560,2,2,7,2,7
2018121800447,1,9,0,4,0,0,0,0,0,0,2,1,6,1,43,7,1328,1,17,2,1,2
2018121800447,2,9,0,4,0,0,0,0,0,0,1,1,6,1,23,5,998,1,17,2,1,2
2018121800448,1,5,0,16,0,0,1,0,1,9,1,1,6,1,28,6,1200,1,25,6,1,6
2018121800448,2,19,0,17,0,0,0,0,0,0,0,1,6,3,-1,-1,-1,-1,-1,-1,-1,-1
2018121800449,1,9,0,9,0,6,0,0,0,0,3,1,6,1,25,5,1598,1,11,4,1,4
2018121800449,2,9,0,18,0,8,0,0,0,0,1,1,6,2,29,6,1586,1,11,5,1,5
2018121800451,1,5,0,17,0,0,1,0,0,0,3,1,6,1,52,8,1250,1,6,3,2,3
2018121800452,1,9,0,16,0,0,0,0,0,0,1,1,6,1,69,10,1999,2,2,6,1,6
2018121800452,2,9,0,18,0,0,0,0,1,0,3,1,6,1,69,10,1956,2,6,4,3,4
2018121800452,3,9,0,18,0,0,0,0,1,0,3,1,6,1,62,9,1984,1,2,6,3,6
2018121800453,1,9,0,9,0,6,0,0,0,0,3,1,3,2,55,8,1956,2,5,7,3,7
2018121800453,2,9,0,18,0,1,0,0,0,0,1,1,6,1,75,10,998,1,6,8,1,8
2018121800454,1,9,0,18,0,0,0,0,1,4,1,1,1,1,36,7,1968,2,5,10,1,10
2018121800454,2,21,0,18,0,0,0,0,0,0,1,1,1,1,46,8,-1,-1,-1,1,1,1
2018121800455,1,9,0,17,0,0,0,0,1,11,1,1,6,2,82,11,2400,2,4,6,3,6
2018121800456,1,9,0,18,0,0,0,0,1,4,1,1,6,1,22,5,1398,1,1,8,2,8
2018121800457,1,9,0,18,0,0,2,0,1,10,0,1,6,1,46,8,1998,1,13,3,1,3
2018121800458,1,9,0,16,0,0,0,0,7,0,1,1,6,1,35,6,1598,1,12,2,1,2
2018121800458,2,21,1,16,0,0,0,0,0,0,3,1,1,1,40,7,12902,2,2,5,1,5
2018121800458,3,9,0,17,0,0,0,0,1,0,1,1,2,1,64,9,898,1,2,1,1,1
2018121800459,1,3,0,18,0,1,1,0,1,0,0,1,2,1,55,8,124,1,1,2,1,2
2018121800460,1,9,0,18,0,0,0,0,0,0,1,1,6,2,58,9,1598,1,7,2,1,2
2018121800461,1,5,0,13,0,0,0,0,0,0,1,1,6,1,63,9,1052,1,25,10,1,10
2018121800461,2,9,0,7,0,0,0,0,0,0,3,1,6,1,54,8,1248,2,11,5,1,5