Accident_Index,Vehicle_Reference,Vehicle_Type,Towing_and_Articulation,Vehicle_Manoeuvre,Vehicle_Location-Restricted_Lane,Junction_Location,Skidding_and_Overturning,Hit_Object_in_Carriageway,Vehicle_Leaving_Carriageway,Hit_Object_off_Carriageway,1st_Point_of_Impact,Was_Vehicle_Left_Hand_Drive?,Journey_Purpose_of_Driver,Sex_of_Driver,Age_of_Driver,Age_Band_of_Driver,Engine_Capacity_(CC),Propulsion_Code,Age_of_Vehicle,Driver_IMD_Decile,Driver_Home_Area_Type,Vehicle_IMD_Decile
2018121800462,1,9,0,18,0,2,0,0,0,0,1,1,2,1,37,7,1388,1,19,10,2,10
2018121800463,1,9,0,1,9,1,0,0,0,0,2,1,6,2,43,7,1595,1,-1,6,1,6
2018121800464,1,5,0,4,0,5,0,0,0,0,2,1,6,1,50,8,1402,1,15,8,1,8
2018121800464,2,5,0,4,0,8,0,0,0,0,1,1,6,2,62,9,-1,-1,-1,1,1,1
2018121800465,1,9,0,15,0,1,0,0,0,0,1,1,1,2,25,5,1198,1,8,8,1,8
2018121800465,2,1,0,6,0,1,0,0,0,0,3,1,1,1,58,9,-1,-1,-1,6,1,6
2018121800466,1,3,0,18,0,0,0,0,0,0,1,1,6,1,32,6,124,1,6,9,2,9
2018121800466,2,9,0,9,0,0,0,0,0,0,4,1,6,1,29,6,1598,1,16,5,1,5
2018121800467,1,9,0,5,0,0,0,0,0,0,1,1,6,2,61,9,2999,2,19,10,3,10
2018121800468,1,9,0,18,0,8,0,0,0,0,1,1,6,1,22,5,1988,2,12,7,3,7
2018121800468,2,9,0,4,0,3,0,0,0,0,2,1,6,2,23,5,998,1,6,7,2,7
2018121800469,1,9,0,18,0,0,0,0,0,0,1,1,6,3,-1,-1,-1,-1,-1,-1,-1,-1
2018121800470,1,9,0,9,0,5,0,0,0,0,1,1,6,3,-1,-1,1332,1,11,-1,-1,-1
2018121800471,1,9,0,4,0,0,0,0,0,0,2,1,6,1,72,10,1582,2,8,9,1,9
2018121800471,2,4,0,18,0,0,1,0,0,0,1,1,2,1,23,5,125,1,2,8,2,8
2018121800472,1,9,0,14,0,0,0,0,0,0,1,1,6,3,-1,-1,-1,-1,-1,-1,-1,-1
2018121800473,1,9,0,18,0,0,0,0,0,0,1,1,6,1,62,9,1753,2,12,8,3,8
2018121800473,2,9,0,7,0,0,0,0,0,0,2,1,6,1,49,8,1998,2,4,9,3,9
2018121800474,1,3,0,18,0,3,1,0,0,0,3,1,6,1,71,10,125,1,5,9,1,9
2018121800475,1,9,0,18,0,1,0,0,0,0,1,1,2,2,29,6,1198,1,11,7,1,7
2018121800475,2,9,0,9,0,2,0,0,0,0,2,1,6,1,42,7,1496,1,3,9,1,9
2018121800476,1,9,0,1,0,8,0,0,0,0,2,1,6,1,19,4,1997,2,1,3,1,3
2018121800477,1,9,0,3,0,0,0,0,0,0,1,1,6,1,74,10,-1,-1,-1,5,3,5
2018121800477,2,9,0,3,0,0,1,0,0,0,2,1,6,1,32,6,1390,1,14,8,2,8
2018121800477,3,9,0,3,0,0,0,0,0,0,2,1,6,1,49,8,-1,-1,-1,8,1,8
2018121800477,4,21,0,18,0,0,0,0,0,0,3,1,1,1,61,9,-1,-1,-1,4,1,4
2018121800478,1,19,0,9,0,6,0,0,1,0,2,1,1,1,68,10,2198,2,11,8,2,8
2018121800478,2,9,0,18,0,8,0,0,4,7,1,1,6,2,52,8,1991,2,12,8,1,8
2018121800479,1,9,0,18,0,0,1,0,8,4,1,1,6,1,22,5,1997,2,12,6,3,6
2018121800479,2,9,0,18,0,0,0,0,0,0,1,1,6,1,19,4,1390,1,9,6,3,6
2018121800479,3,9,0,18,0,0,0,0,0,0,3,1,6,1,50,8,1796,1,11,6,3,6
2018121800480,1,1,0,9,0,8,0,0,0,0,2,1,6,2,15,3,-1,-1,-1,3,1,3
2018121800480,2,9,0,18,0,8,0,0,0,0,1,1,6,3,-1,-1,-1,-1,-1,-1,-1,-1
2018121800481,1,9,0,18,0,0,0,0,0,0,1,1,6,3,-1,-1,-1,-1,-1,-1,-1,-1
2018121800481,2,1,0,18,0,0,0,0,0,0,1,1,6,1,53,8,-1,-1,-1,10,1,10
2018121800482,1,9,0,18,0,1,0,0,1,3,3,1,6,1,58,9,1997,2,-1,10,1,10
2018121800482,2,9,0,7,0,2,0,0,0,0,1,1,6,2,64,9,998,1,8,9,1,9
2018121800483,1,1,0,18,5,0,0,0,0,0,1,1,6,1,23,5,-1,-1,-1,10,1,10
2018121800484,1,9,0,9,0,5,0,0,0,0,1,1,1,1,29,6,-1,-1,-1,1,1,1
2018121800484,2,1,0,18,0,1,0,0,0,0,1,1,6,1,53,8,-1,-1,-1,8,1,8
2018121800485,1,9,0,4,0,2,0,0,0,0,4,1,6,1,37,7,1598,1,6,5,1,5
2018121800485,2,1,0,15,0,2,0,0,0,0,3,1,2,1,34,6,-1,-1,-1,10,2,10
2018121800486,1,9,0,18,0,0,0,0,0,0,4,1,6,2,72,10,1198,1,8,9,1,9
2018121800487,1,9,0,3,0,6,0,0,0,0,1,1,2,1,18,4,1339,1,12,9,1,9
2018121800487,2,9,0,3,0,6,0,0,0,0,2,1,2,2,49,8,1248,1,7,9,1,9
2018121800488,1,19,0,3,0,0,0,0,0,0,2,1,6,1,46,8,2987,2,10,10,1,10
2018121800488,2,9,0,4,0,0,0,0,0,0,1,1,6,2,66,10,999,1,1,10,2,10
2018121800489,1,9,0,18,0,8,0,0,0,0,2,1,6,1,72,10,1389,1,18,5,1,5
2018121800490,1,9,0,5,0,8,0,0,0,0,1,1,6,1,51,8,1124,1,14,9,2,9
2018121800490,2,3,0,14,0,8,0,0,0,0,1,1,6,1,19,4,125,1,4,8,3,8
2018121800491,1,9,0,18,0,1,0,0,0,0,4,1,6,1,49,8,1997,2,2,9,2,9
2018121800491,2,9,0,7,0,6,0,0,0,0,1,1,6,2,29,6,1461,2,5,7,1,7
2018121800492,1,9,0,18,0,0,0,0,0,0,0,1,3,1,60,9,2993,2,6,8,3,8
2018121800493,1,9,0,18,0,0,0,0,0,0,1,1,2,2,24,5,1590,1,13,1,1,1
2018121800493,2,9,0,4,0,0,0,0,0,0,2,1,2,1,23,5,999,1,-1,10,1,10
2018121800493,3,9,0,4,0,0,0,0,0,0,2,1,2,1,45,7,1493,2,8,10,1,10
2018121800494,1,9,0,18,0,0,0,0,0,0,4,1,6,3,-1,-1,-1,-1,-1,-1,-1,-1
2018121800495,1,9,0,18,0,0,0,0,0,0,1,1,2,2,46,8,1598,1,5,10,1,10
2018121800496,1,9,0,16,0,0,1,0,7,4,1,1,2,1,18,4,999,1,2,1,1,1
2018121800497,1,9,0,9,0,8,0,0,0,0,4,1,6,1,30,6,1242,1,11,7,2,7
2018121800497,2,9,0,18,0,4,0,0,0,0,1,1,1,1,24,5,-1,-1,-1,8,2,8
2018121800498,1,9,0,5,0,6,0,0,0,0,3,1,6,1,20,4,1242,1,3,7,2,7
2018121800498,2,9,0,18,0,1,0,0,0,0,1,1,6,1,57,9,1686,2,16,2,1,2
2018121800499,1,9,0,18,0,2,0,4,0,0,1,1,6,2,19,4,1086,1,9,3,1,3
2018121800499,2,20,0,2,0,1,0,0,0,0,0,1,6,3,-1,-1,-1,-1,-1,-1,-1,-1
2018121800499,3,9,0,2,0,1,0,0,0,0,0,1,6,3,-1,-1,2143,2,3,-1,-1,-1
2018121800501,1,9,0,18,0,0,2,0,1,11,1,1,6,1,20,4,1248,1,6,6,3,6
2018121800502,1,9,0,2,0,2,0,0,0,0,2,1,3,2,35,6,1598,2,2,10,3,10
2018121800502,2,19,0,2,0,2,0,0,0,0,2,1,1,1,54,8,2143,2,4,10,2,10
2018121800503,1,9,0,4,0,1,1,0,0,0,1,1,2,2,24,5,1587,1,12,2,1,2
2018121800503,2,9,0,10,0,1,0,0,0,0,2,1,6,2,25,5,1390,1,11,6,2,6
2018121800504,1,9,0,17,0,0,1,0,1,11,1,1,6,1,22,5,1229,1,4,8,1,8
2018121800505,1,2,0,18,0,0,1,0,0,0,0,1,1,1,16,4,49,1,5,5,2,5
2018121800506,1,9,0,2,0,0,0,0,0,0,0,1,6,2,35,6,1900,2,12,4,1,4
2018121800506,2,9,0,18,0,0,0,0,0,0,4,1,6,3,-1,-1,-1,-1,-1,-1,-1,-1
2018121800507,1,9,0,17,0,0,2,0,7,11,1,1,6,1,21,5,1951,2,12,8,3,8
2018121800508,1,3,0,16,0,0,1,0,0,0,4,1,4,1,17,4,125,1,2,4,3,4
2018121800509,1,9,0,18,0,0,0,0,0,0,4,1,6,1,76,11,999,1,1,4,1,4
2018121800509,2,1,0,18,0,0,0,0,0,0,3,1,6,1,67,10,-1,-1,-1,3,1,3
2018121800510,1,9,0,9,0,5,0,0,0,0,4,1,2,2,30,6,1956,2,4,7,1,7
2018121800510,2,1,0,18,0,2,0,0,0,0,1,1,6,2,38,7,-1,-1,-1,10,2,10
2018121800511,1,9,0,17,0,0,0,0,1,4,1,1,6,2,31,6,1596,1,14,6,1,6
2018121800512,1,9,0,18,0,1,0,0,0,0,1,1,6,3,-1,-1,-1,-1,-1,-1,-1,-1
2018121800512,2,1,0,18,0,1,0,0,0,0,1,1,6,1,14,3,-1,-1,-1,2,1,2
2018121800513,1,11,0,15,0,0,0,0,0,0,4,1,1,3,-1,-1,9000,2,13,-1,-1,-1
2018121800513,2,1,0,18,0,0,0,0,0,0,3,1,6,1,15,3,-1,-1,-1,10,1,10
2018121800514,1,9,0,18,0,1,0,0,0,0,1,1,6,1,79,11,1799,1,11,10,1,10
2018121800515,1,9,0,9,0,8,0,0,0,0,1,1,2,1,50,8,-1,-1,-1,10,1,10
2018121800515,2,1,0,18,0,8,1,0,0,0,1,1,2,1,25,5,-1,-1,-1,9,1,9
2018121800516,1,9,0,18,0,0,0,0,0,0,1,1,6,1,87,11,998,1,4,7,1,7
2018121800517,1,9,0,18,0,0,0,0,0,0,3,1,6,1,72,10,2722,2,13,10,2,10
2018121800517,2,9,0,18,0,0,0,0,0,0,4,1,6,2,79,11,1998,1,4,8,3,8
2018121800517,3,19,0,18,0,0,0,0,0,0,3,1,6,1,55,8,2999,2,9,1,1,1
2018121800518,1,9,0,17,0,1,0,0,0,0,1,1,6,1,86,11,1198,1,6,8,3,8
2018121800519,1,19,0,18,0,8,0,0,7,0,1,1,2,1,60,9,-1,-1,-1,9,3,9
2018121800519,2,9,0,4,0,8,0,0,0,0,2,1,2,1,21,5,1598,2,3,9,1,9
2018121800519,3,9,0,4,0,8,0,0,0,0,0,1,2,1,45,7,1386,1,9,5,2,5
2018121800519,4,9,0,10,0,1,0,0,0,0,2,1,2,2,40,7,1396,2,5,6,2,6
2018121800520,1,9,0,6,8,8,0,0,0,0,3,1,6,2,58,9,1596,1,16,8,2,8
2018121800520,2,19,0,18,0,1,0,0,0,0,1,1,2,1,30,6,2198,2,6,10,1,10
2018121800521,1,9,0,18,0,0,0,0,0,0,1,1,6,1,26,6,1988,1,16,4,1,4
2018121800521,2,21,0,18,0,0,2,0,0,0,0,1,1,1,60,9,4461,2,6,1,1,1
2018121800522,1,9,0,18,0,0,0,0,0,0,1,1,6,2,32,6,1461,2,2,6,3,6
2018121800522,2,9,0,3,0,0,0,0,0,0,2,1,2,2,42,7,1461,2,4,4,1,4
2018121800522,3,9,0,3,0,0,0,0,0,0,2,1,2,2,29,6,1999,2,2,6,3,6
2018121800523,1,9,0,18,0,6,0,0,0,0,3,1,6,2,59,9,1968,2,11,10,1,10
2018121800523,2,9,0,17,0,8,0,0,0,0,1,1,6,1,66,10,1248,1,-1,8,1,8
2018121800524,1,19,0,18,0,0,0,0,0,0,3,1,1,1,-1,-1,-1,-1,-1,1,1,1
2018121800524,2,1,0,18,0,0,0,0,0,0,4,1,2,1,34,6,-1,-1,-1,7,1,7
2018121800525,1,11,0,18,0,0,0,0,0,0,0,1,1,1,67,10,7300,2,16,9,1,9
2018121800526,1,19,0,18,0,4,0,0,0,0,3,1,1,1,54,8,2198,2,3,9,1,9
2018121800526,2,3,0,18,0,8,1,0,0,0,1,1,6,1,26,6,125,1,1,10,2,10
2018121800527,1,8,0,9,0,8,0,0,0,0,3,1,1,1,40,7,1598,2,2,2,1,2
2018121800528,1,9,0,17,0,0,0,0,2,4,1,1,2,1,27,6,1198,1,9,7,1,7
2018121800529,1,9,0,18,0,0,0,0,0,0,4,1,6,3,-1,-1,-1,-1,-1,-1,-1,-1
2018121800530,1,1,0,18,0,8,0,0,0,0,2,1,6,1,29,6,-1,-1,-1,8,1,8
2018121800530,2,9,0,18,0,8,0,0,0,0,1,1,6,1,69,10,1364,2,12,10,-1,10
2018121800531,1,9,0,7,0,1,0,0,0,0,1,1,6,2,76,11,2494,8,2,6,3,6
2018121800532,1,9,0,4,0,1,0,0,0,0,2,1,6,2,37,7,1586,1,1,10,1,10
2018121800532,2,9,0,4,1,1,0,0,0,0,1,1,6,1,27,6,1896,2,16,6,3,6
2018121800533,1,9,0,4,0,1,0,0,0,0,1,1,6,1,57,9,1686,2,6,10,1,10
2018121800534,1,9,0,18,0,0,0,0,7,0,1,1,6,1,49,8,1596,1,17,6,2,6
2018121800534,2,9,0,9,0,0,0,0,7,9,3,1,1,2,33,6,1598,2,3,6,1,6
2018121800535,1,9,0,18,0,0,0,0,0,0,0,1,6,2,67,10,1587,1,11,10,1,10
2018121800536,1,9,0,18,0,1,0,0,0,0,1,1,2,1,60,9,1896,2,17,8,2,8
2018121800536,2,9,0,18,0,8,0,0,0,0,1,1,2,1,56,9,1390,1,16,8,3,8
2018121800537,1,19,0,4,0,0,0,0,0,0,1,1,2,1,51,8,1248,2,4,8,1,8
2018121800537,2,9,0,4,0,0,0,0,0,0,2,1,2,1,37,7,1461,2,-1,1,1,1
2018121800538,1,9,0,5,0,2,0,0,0,0,1,1,6,2,45,7,1995,2,1,3,1,3
2018121800538,2,9,0,4,0,1,0,0,0,0,2,1,3,1,45,7,1560,2,5,3,1,3
2018121800539,1,9,0,9,0,0,5,0,1,1,1,1,6,2,57,9,1598,2,-1,5,3,5
2018121800540,1,9,0,14,0,0,0,0,0,0,1,1,2,1,54,8,1997,2,8,2,2,2
2018121800540,2,11,0,2,0,0,0,0,0,0,0,1,1,1,76,11,4250,2,19,5,1,5
2018121800541,1,3,0,13,0,8,0,0,0,0,1,1,6,1,18,4,124,1,5,6,1,6
2018121800541,2,3,0,9,0,5,0,0,0,0,3,1,6,1,18,4,124,1,6,7,1,7
2018121800542,1,9,0,18,0,3,1,0,1,0,1,1,1,2,45,7,1368,1,6,8,1,8
2018121800543,1,9,0,6,0,0,0,0,0,0,3,1,1,1,55,8,1999,1,8,6,1,6
2018121800543,2,4,0,13,0,0,0,0,0,0,4,1,2,1,45,7,249,1,12,7,2,7
2018121800544,1,9,0,18,0,0,5,0,1,10,0,1,6,2,34,6,1422,2,12,1,1,1
2018121800545,1,19,0,1,0,8,0,0,0,0,2,1,1,1,42,7,1753,2,6,8,3,8
2018121800546,1,1,0,18,0,0,0,0,0,0,3,1,6,2,37,7,-1,-1,-1,7,1,7
2018121800546,2,9,0,18,0,0,0,0,0,0,1,1,6,2,58,9,1598,1,8,9,1,9
2018121800547,1,19,0,13,0,0,0,0,0,0,0,1,6,3,-1,-1,-1,-1,-1,-1,-1,-1
2018121800547,2,1,0,18,0,0,0,0,0,0,1,1,6,1,21,5,-1,-1,-1,6,1,6
2018121800548,1,9,0,4,0,1,1,0,0,0,1,1,2,2,32,6,2148,2,15,1,1,1
2018121800548,2,9,0,18,0,1,1,0,0,0,2,1,2,1,32,6,996,1,6,1,1,1
2018121800549,1,9,0,18,0,0,0,0,0,0,0,1,6,1,67,10,-1,-1,-1,9,3,9
2018121800549,2,1,0,16,0,0,0,0,0,0,4,1,6,1,64,9,-1,-1,-1,8,1,8
2018121800550,1,20,1,18,0,0,0,0,0,0,1,1,1,1,41,7,-1,-1,-1,10,1,10
2018121800552,1,9,0,16,0,4,1,0,7,1,1,1,2,2,24,5,995,1,14,6,1,6
2018121800554,1,9,0,16,0,0,2,0,1,11,1,1,6,1,17,4,1242,1,10,1,1,1
2018121800555,1,9,0,18,0,1,1,0,7,0,1,1,6,1,47,8,2143,2,7,3,1,3
2018121800555,2,9,0,10,0,1,1,0,1,0,3,1,6,1,30,6,1580,1,27,10,1,10
2018121800556,1,9,0,16,0,0,1,0,7,0,1,1,6,1,20,4,1229,1,8,8,2,8
2018121800557,1,9,0,18,0,1,0,0,0,0,1,1,6,1,62,9,2143,2,4,10,1,10
2018121800557,2,9,0,9,0,1,0,0,7,9,1,1,6,1,22,5,1998,1,1,1,1,1
2018121800557,3,9,0,18,0,1,0,0,0,0,1,1,6,2,42,7,2967,2,1,9,3,9
2018121800558,1,3,0,16,0,0,0,0,1,0,1,1,6,1,33,6,125,1,-1,8,2,8
2018121800558,2,19,0,18,0,0,0,0,0,0,1,1,2,1,25,5,1598,2,5,9,1,9
2018121800559,1,9,0,17,0,0,1,0,7,11,1,1,6,1,18,4,1896,2,14,9,3,9
2018121800560,1,19,0,18,0,0,0,0,0,0,1,1,1,1,21,5,1995,2,4,4,1,4
2018121800560,2,21,0,3,0,0,0,0,0,0,2,1,1,1,42,7,6871,2,12,8,1,8
2018121800561,1,9,0,18,0,0,0,0,0,0,1,1,2,1,23,5,1149,1,11,6,1,6
2018121800561,2,1,0,18,0,0,0,0,0,0,2,1,6,1,60,9,-1,-1,-1,8,1,8
2018121800562,1,9,0,9,0,2,0,0,0,0,1,1,6,2,19,4,1390,1,12,4,1,4
2018121800563,1,9,0,5,0,3,0,0,0,0,0,1,6,2,44,7,2179,2,10,2,2,2
2018121800563,2,4,0,9,0,3,0,0,0,0,0,1,6,1,57,9,1299,1,14,8,1,8
2018121800564,1,9,0,5,0,8,0,0,0,0,3,1,6,2,64,9,1998,1,10,9,3,9
2018121800564,2,1,0,18,0,1,0,0,0,0,1,1,6,1,50,8,-1,-1,-1,-1,-1,-1
2018121800565,1,19,0,9,0,8,0,0,0,0,1,1,6,1,36,7,1364,7,13,7,3,7
2018121800565,2,9,0,18,0,8,0,0,0,0,3,1,6,1,39,7,1198,1,9,10,1,10
2018121800567,1,4,0,18,0,0,0,12,1,0,1,1,1,1,45,7,373,1,2,8,1,8
2018121800569,1,9,0,18,0,0,1,0,1,4,1,1,1,1,56,9,1598,1,15,7,1,7
2018121800570,1,9,0,1,0,0,0,0,0,0,4,1,1,1,30,6,-1,-1,-1,5,1,5
2018121800571,1,9,0,18,0,1,0,0,0,0,2,1,6,2,53,8,1398,1,2,6,2,6
2018121800571,2,9,0,18,0,1,0,0,0,0,1,1,6,1,25,5,2198,2,3,5,3,5
2018121800573,1,19,0,18,0,0,1,0,1,3,1,1,6,1,39,7,1997,2,5,6,2,6
2018121800574,1,19,0,18,0,0,1,0,0,0,1,1,6,1,20,4,1560,2,11,10,2,10
2018121800574,2,9,0,3,0,0,0,0,0,0,2,1,1,2,27,6,1968,2,5,9,-1,9
2018121800574,3,9,0,3,0,0,0,0,0,0,1,1,1,2,28,6,1560,2,7,6,1,6
2018121800575,1,9,0,2,0,1,0,0,0,0,0,1,6,2,29,6,1560,2,10,5,1,5
2018121800575,2,9,0,4,0,1,0,0,0,0,3,1,6,2,34,6,2993,2,5,2,1,2
2018121800576,1,9,0,16,0,0,1,0,7,11,1,1,1,1,75,10,-1,-1,-1,5,3,5
2018121800577,1,19,0,4,0,0,0,0,0,0,1,1,1,1,37,7,2287,2,1,7,1,7
2018121800577,2,9,0,3,0,0,0,0,0,0,2,1,6,1,56,9,999,1,1,10,1,10
2018121800577,3,19,0,3,0,0,0,0,0,0,2,1,1,1,22,5,2198,2,2,7,1,7
2018121800579,1,9,0,18,0,0,1,0,0,0,1,1,6,1,19,4,1242,1,11,7,3,7
2018121800579,2,9,0,4,0,0,0,0,0,0,2,1,6,1,69,10,1560,2,7,6,1,6
2018121800580,1,9,0,9,0,6,0,0,0,0,3,1,6,1,93,11,1388,1,15,10,1,10
2018121800580,2,2,0,18,0,8,1,0,0,0,1,1,6,1,16,4,49,1,14,10,1,10
2018121800581,1,9,0,18,0,0,0,0,0,0,1,1,6,2,53,8,1242,1,8,5,3,5
2018121800582,1,9,0,16,0,0,0,0,0,0,1,1,6,2,39,7,2400,2,9,8,3,8
2018121800582,2,9,0,17,0,0,0,0,0,0,1,1,6,1,38,7,1799,1,7,8,3,8
2018121800583,1,9,0,18,0,0,0,0,7,0,3,1,2,1,60,9,1998,8,1,5,3,5
2018121800583,2,9,0,18,0,0,0,0,1,0,3,1,2,1,22,5,1390,1,5,7,1,7
2018121800584,1,19,0,4,0,0,1,7,0,0,1,1,1,1,52,8,1560,2,7,1,1,1
2018121800584,2,9,0,4,0,0,1,7,0,0,1,1,2,1,37,7,4164,2,22,7,3,7
2018121800585,1,9,0,9,0,8,0,0,0,0,4,1,2,2,54,8,1461,2,4,6,3,6
2018121800585,2,9,0,18,0,8,0,0,0,0,1,1,2,1,18,4,998,1,13,8,1,8
2018121800586,1,9,0,14,0,2,0,0,0,0,1,1,6,1,46,8,-1,-1,-1,6,3,6
2018121800587,1,9,0,16,0,8,0,0,0,0,1,1,6,2,45,7,1686,2,8,1,1,1
2018121800588,1,9,0,17,0,8,0,0,1,11,1,1,6,1,18,4,998,1,11,2,1,2
2018121800589,1,9,0,5,0,4,0,0,1,11,1,1,6,1,97,11,1796,1,11,7,1,7
2018121800589,2,9,0,5,0,4,0,0,0,0,1,1,6,2,21,5,1596,1,11,9,2,9
2018121800590,1,9,0,11,0,0,1,0,1,9,4,1,2,1,33,6,1229,1,7,3,1,3
2018121800590,2,19,0,18,0,0,0,0,0,0,3,1,1,1,27,6,1248,2,2,9,2,9
2018121800591,1,9,0,16,0,7,1,0,1,7,1,1,6,1,23,5,1461,2,16,10,2,10
2018121800592,1,19,0,14,0,0,0,0,7,0,4,1,1,1,31,6,1598,2,3,5,2,5
2018121800592,2,9,0,16,0,0,0,0,0,0,4,1,1,1,54,8,-1,-1,-1,2,1,2
2018121800592,3,21,1,16,0,0,0,0,0,0,0,1,1,1,54,8,12902,2,3,-1,2,-1
2018121800593,1,9,0,18,0,0,0,0,0,0,1,1,2,1,38,7,-1,-1,-1,3,1,3
2018121800593,2,4,0,18,0,0,0,0,0,0,2,1,2,1,21,5,49,1,3,8,2,8
2018121800594,1,19,0,18,4,3,0,0,0,0,4,1,6,1,26,6,2402,2,17,3,1,3
2018121800594,2,1,0,18,5,3,0,0,0,0,4,1,6,2,26,6,-1,-1,-1,3,1,3
2018121800596,1,1,0,9,0,5,0,0,0,0,3,1,4,1,46,8,-1,-1,-1,10,1,10
2018121800596,2,9,0,9,0,6,0,0,0,0,1,1,6,3,-1,-1,-1,-1,-1,-1,-1,-1
2018121800597,1,9,0,1,0,0,0,0,0,0,4,1,6,1,59,9,1248,2,8,3,2,3
2018121800598,1,5,0,16,0,1,1,0,0,0,0,1,6,1,57,9,1250,1,10,3,1,3
2018121800599,1,11,0,18,0,0,0,0,0,0,4,-1,1,3,-1,-1,-1,-1,-1,-1,-1,-1
2018121800600,1,9,0,18,0,0,0,0,0,0,1,1,6,1,18,4,1796,1,13,1,1,1
2018121800600,2,9,0,18,0,0,0,0,0,0,1,1,1,1,70,10,996,1,9,9,1,9
2018121800601,1,9,0,5,0,1,0,0,0,0,1,1,2,1,23,5,999,1,1,10,1,10
2018121800602,1,9,0,18,0,0,0,0,0,0,1,1,6,1,20,4,1149,1,9,8,1,8
2018121800603,1,9,0,18,0,0,0,0,0,0,1,1,6,1,26,6,1490,1,15,4,1,4
2018121800603,2,19,0,18,0,0,0,0,1,11,1,1,1,1,63,9,1560,2,5,7,1,7
2018121800605,1,9,0,18,0,8,0,0,0,0,1,1,6,1,84,11,1956,2,4,6,3,6
2018121800605,2,9,0,18,0,8,0,0,0,0,3,1,6,2,55,8,2143,2,5,7,2,7
2018121800606,1,9,0,18,0,8,0,0,1,0,1,1,6,2,22,5,-1,-1,-1,4,3,4
2018121800606,2,19,0,18,0,8,0,0,0,0,1,1,1,1,28,6,1968,2,-1,8,3,8
2018121800607,1,9,0,9,0,0,0,0,0,0,1,1,2,2,41,7,1997,2,-1,5,3,5
2018121800607,2,1,0,9,0,0,0,0,0,0,1,1,2,1,51,8,-1,-1,-1,9,1,9
2018121800608,1,9,0,18,0,0,0,0,0,0,0,1,6,2,29,6,1149,1,15,10,1,10
2018121800610,1,19,0,12,0,0,0,0,0,0,3,1,1,1,56,9,2198,2,2,2,2,2
2018121800610,2,9,0,18,0,0,0,0,0,0,4,1,6,1,28,6,1229,1,7,7,2,7
2018121800612,1,98,0,16,0,0,0,0,0,0,3,1,6,3,-1,-1,-1,-1,-1,-1,-1,-1
2018121800612,2,9,0,17,0,0,0,0,0,0,3,1,2,2,45,7,1461,2,4,10,1,10
2018121800613,1,9,0,18,0,0,2,10,1,9,3,1,6,2,27,6,1999,1,6,8,3,8
2018121800613,2,9,0,18,0,0,0,0,0,0,4,1,6,2,56,9,2999,1,-1,2,1,2
2018121800614,1,9,0,9,0,8,0,0,7,0,1,1,6,1,17,4,1299,1,15,7,1,7
2018121800614,2,9,0,18,0,8,1,0,7,2,1,1,6,1,72,10,1868,2,17,7,2,7
2018121800615,1,9,0,9,0,2,0,0,0,0,1,1,1,2,28,6,1390,1,11,3,1,3
2018121800616,1,9,0,18,0,2,0,0,0,0,1,1,2,2,34,6,1968,2,5,4,1,4
2018121800617,1,19,0,17,0,0,0,0,0,0,1,1,1,1,25,5,5132,2,-1,7,1,7
2018121800617,2,11,0,4,0,0,0,0,0,0,1,1,4,1,24,5,4500,2,8,2,1,2
2018121800618,1,9,0,18,0,8,0,0,0,0,3,1,6,2,-1,-1,1198,1,10,6,1,6
2018121800618,2,1,0,18,0,8,0,0,0,0,1,1,6,1,61,9,-1,-1,-1,9,1,9
2018121800619,1,9,0,16,0,0,0,0,0,0,1,1,1,1,19,4,2495,2,12,6,3,6
2018121800619,2,9,0,17,0,0,0,0,0,0,3,1,1,1,63,9,1582,2,6,8,2,8
2018121800620,1,9,0,17,0,0,0,0,0,0,0,1,6,3,-1,-1,-1,-1,-1,-1,-1,-1
2018121800620,2,9,0,16,0,0,0,0,1,9,0,1,6,1,37,7,-1,-1,-1,3,1,3
2018121800621,1,9,0,18,0,0,5,4,0,0,1,1,6,1,91,11,1799,1,11,5,3,5
2018121800621,2,9,0,2,9,0,0,0,0,0,4,1,6,3,-1,-1,2143,2,-1,-1,-1,-1
2018121800622,1,9,0,18,0,1,1,0,0,0,1,1,6,2,28,6,1242,1,2,10,1,10
2018121800622,2,9,0,10,0,1,0,0,0,0,2,1,6,1,44,7,1598,2,2,6,3,6
2018121800623,1,9,0,9,0,2,0,0,0,0,1,1,6,1,37,7,1598,1,10,4,1,4
2018121800623,2,9,0,18,0,1,0,0,0,0,1,1,6,2,41,7,1422,2,13,4,1,4
2018121800624,1,9,0,18,0,0,0,0,0,0,1,1,1,2,27,6,1560,2,2,7,1,7
2018121800624,2,9,0,18,0,0,0,0,0,0,2,1,1,2,23,5,1995,2,-1,5,3,5
2018121800624,3,20,0,18,0,0,0,0,0,0,2,1,1,1,48,8,-1,-1,-1,3,1,3
2018121800624,4,9,0,18,0,0,0,0,0,0,2,1,1,1,60,9,1560,2,4,6,1,6
2018121800625,1,9,0,4,0,1,0,0,0,0,1,1,6,1,38,7,2231,2,9,4,1,4
2018121800625,2,9,0,2,0,1,0,0,0,0,2,1,6,2,43,7,1398,1,2,4,1,4