Accident_Index,Vehicle_Reference,Vehicle_Type,Towing_and_Articulation,Vehicle_Manoeuvre,Vehicle_Location-Restricted_Lane,Junction_Location,Skidding_and_Overturning,Hit_Object_in_Carriageway,Vehicle_Leaving_Carriageway,Hit_Object_off_Carriageway,1st_Point_of_Impact,Was_Vehicle_Left_Hand_Drive?,Journey_Purpose_of_Driver,Sex_of_Driver,Age_of_Driver,Age_Band_of_Driver,Engine_Capacity_(CC),Propulsion_Code,Age_of_Vehicle,Driver_IMD_Decile,Driver_Home_Area_Type,Vehicle_IMD_Decile
2018121800625,3,9,0,2,0,1,1,0,0,0,2,1,6,2,41,7,1956,2,3,9,1,9
2018121800626,1,21,1,18,0,0,0,0,0,0,2,1,1,1,60,9,9186,2,5,6,1,6
2018121800626,2,21,0,18,0,0,0,0,2,11,1,1,1,1,49,8,6700,2,3,3,1,3
2018121800627,1,20,0,14,0,0,0,0,0,0,2,2,1,1,29,6,-1,-1,-1,2,2,2
2018121800627,2,9,0,18,0,0,0,0,0,0,1,1,2,2,29,6,2179,2,4,10,1,10
2018121800628,1,9,0,5,0,0,0,0,0,0,1,1,6,2,55,8,1242,1,6,9,2,9
2018121800628,2,1,0,18,0,0,0,0,0,0,4,1,6,1,12,3,-1,-1,-1,1,1,1
2018121800629,1,9,0,18,0,3,0,0,0,0,4,1,2,1,45,7,2993,2,-1,10,2,10
2018121800629,2,9,0,18,0,4,0,0,0,0,4,1,6,2,31,6,1364,1,8,-1,-1,-1
2018121800630,1,9,0,16,0,0,0,0,0,0,1,1,6,2,47,8,1398,2,15,7,3,7
2018121800630,2,9,0,17,0,0,0,0,0,0,3,1,6,2,83,11,1086,1,8,6,3,6
2018121800631,1,9,0,18,0,0,5,0,1,11,1,1,6,2,59,9,1598,2,7,6,3,6
2018121800632,1,9,0,17,0,0,0,0,1,10,1,1,6,2,19,4,998,1,17,5,1,5
2018121800633,1,9,0,9,0,8,0,0,0,0,3,1,6,1,52,8,1969,1,-1,9,1,9
2018121800633,2,1,0,18,4,1,0,0,0,0,1,1,6,1,40,7,-1,-1,-1,10,1,10
2018121800634,1,9,0,9,0,5,0,0,0,0,4,1,6,1,20,4,1242,1,13,7,1,7
2018121800635,1,1,0,18,0,1,0,0,0,0,4,1,6,1,20,4,-1,-1,-1,9,1,9
2018121800635,2,9,0,7,0,1,0,0,0,0,1,1,6,3,-1,-1,-1,-1,-1,-1,-1,-1
2018121800636,1,9,0,9,0,6,0,0,0,0,0,1,2,1,46,8,1968,2,3,9,1,9
2018121800637,1,9,0,9,0,1,0,0,0,0,4,1,6,1,68,10,1596,1,12,4,1,4
2018121800637,2,1,0,18,0,1,0,0,0,0,1,1,4,1,17,4,-1,-1,-1,10,3,10
2018121800638,1,9,0,9,0,8,0,0,0,0,3,1,6,1,77,11,1498,1,1,1,1,1
2018121800638,2,3,0,18,0,1,0,0,0,0,1,1,2,1,18,4,125,1,2,7,1,7
2018121800640,1,8,0,18,0,0,0,0,0,0,4,1,1,3,-1,-1,1197,1,2,-1,-1,-1
2018121800640,2,1,0,18,0,0,0,0,0,0,3,1,6,1,49,8,-1,-1,-1,9,1,9
2018121800641,1,9,0,9,0,1,0,0,0,0,4,1,1,2,21,5,1299,1,11,1,1,1
2018121800641,2,9,0,18,0,1,0,0,0,0,1,1,1,2,40,7,1753,2,10,9,3,9
2018121800641,3,21,1,18,0,1,0,0,0,0,1,1,1,1,51,8,12809,2,-1,7,1,7
2018121800642,1,9,0,9,0,6,0,0,0,0,1,1,6,2,19,4,1248,1,5,7,2,7
2018121800642,2,3,0,18,0,1,0,0,0,0,4,1,6,1,24,5,125,1,8,4,2,4
2018121800643,1,9,0,17,0,1,0,0,0,0,1,1,2,2,38,7,2401,2,11,6,3,6
2018121800643,2,9,0,16,0,1,0,0,1,0,1,1,2,1,54,8,1598,2,4,5,1,5
2018121800644,1,9,0,10,0,1,0,0,0,0,1,1,1,1,63,9,2993,2,5,6,1,6
2018121800644,2,1,0,18,0,1,0,0,0,0,3,1,1,1,42,7,-1,-1,-1,10,1,10
2018121800646,1,9,0,9,4,0,0,0,0,0,4,1,6,2,20,4,1198,1,11,3,1,3
2018121800646,2,1,0,18,4,0,0,0,0,0,1,1,6,1,16,4,-1,-1,-1,10,1,10
2018121800647,1,9,0,18,0,0,2,0,0,0,0,1,6,1,24,5,1596,1,13,10,1,10
2018121800648,1,9,0,15,0,0,0,0,1,0,1,1,6,1,55,8,1360,1,11,3,1,3
2018121800648,2,9,0,18,0,0,0,0,0,0,0,1,6,3,-1,-1,-1,-1,-1,-1,-1,-1
2018121800649,1,9,0,18,0,0,0,0,0,0,3,1,6,1,33,6,1896,2,16,6,2,6
2018121800649,2,9,0,18,0,0,1,0,0,0,3,1,6,1,84,11,2993,2,4,7,3,7
2018121800649,3,9,0,18,0,0,0,0,0,0,3,1,6,1,25,5,1997,1,12,6,3,6
2018121800650,1,9,0,18,0,1,0,0,0,0,1,1,6,2,29,6,2435,1,14,-1,-1,-1
2018121800650,2,19,0,9,0,8,0,0,0,0,4,1,6,1,25,5,1968,2,-1,5,1,5
2018121800651,1,5,0,18,0,0,0,0,0,0,0,1,6,3,-1,-1,-1,-1,-1,-1,-1,-1
2018121800652,1,9,0,1,0,0,0,0,0,0,2,1,6,1,68,10,989,1,13,3,1,3
2018121800653,1,11,0,4,0,1,0,0,0,0,0,1,1,1,50,8,-1,-1,-1,8,1,8
2018121800654,1,9,0,9,4,1,0,0,0,0,1,1,6,2,74,10,998,1,1,10,1,10
2018121800654,2,1,0,18,4,1,0,0,0,0,3,1,3,2,17,4,-1,-1,-1,8,1,8
2018121800655,1,9,0,16,0,0,2,0,7,1,0,1,6,1,37,7,1896,2,11,2,1,2
2018121800656,1,19,0,5,0,4,0,0,0,0,1,1,6,1,41,7,1910,2,11,9,3,9
2018121800656,2,1,0,7,0,8,0,0,0,0,4,1,6,1,42,7,-1,-1,-1,5,1,5
2018121800657,1,9,0,2,0,0,0,0,0,0,4,1,3,1,37,7,1560,2,5,8,2,8
2018121800657,2,9,0,18,0,0,0,8,0,0,3,1,3,2,30,6,1995,2,12,9,1,9
2018121800658,1,9,0,18,0,0,0,0,2,4,1,1,6,1,34,6,5204,1,2,3,1,3
2018121800658,2,9,0,18,0,0,0,0,0,0,3,1,6,2,23,5,1248,1,3,9,-1,9
2018121800658,3,9,0,18,0,0,0,0,0,0,0,1,6,1,29,6,1969,2,3,8,2,8
2018121800659,1,19,0,7,0,8,0,0,0,0,4,1,1,1,37,7,2143,2,-1,2,1,2
2018121800659,2,1,0,18,0,8,0,0,0,0,1,1,4,1,11,3,-1,-1,-1,4,1,4
2018121800660,1,9,0,9,0,8,0,0,0,0,1,1,1,2,24,5,1200,1,-1,1,1,1
2018121800660,2,19,0,18,0,8,0,0,0,0,1,1,1,1,36,7,2143,2,-1,7,1,7
2018121800662,1,9,0,9,0,8,0,0,0,0,1,1,6,1,26,6,1995,2,7,4,1,4
2018121800663,1,9,0,11,0,0,0,0,0,0,1,1,6,2,54,8,1149,1,11,6,1,6
2018121800664,1,9,0,5,9,6,0,0,0,0,3,1,6,1,-1,-1,1499,2,3,7,2,7
2018121800665,1,9,0,18,0,0,0,0,0,0,1,1,2,1,61,9,2499,1,8,10,2,10
2018121800665,2,21,0,18,0,0,0,0,0,0,3,1,1,1,31,6,11705,2,9,7,3,7
2018121800666,1,9,0,9,0,8,0,0,0,0,1,1,1,2,59,9,999,1,2,8,1,8
2018121800666,2,1,0,18,0,6,0,0,0,0,1,1,6,1,71,10,-1,-1,-1,10,1,10
2018121800667,1,9,0,7,0,6,0,0,0,0,3,1,6,1,86,11,1329,1,3,9,1,9
2018121800667,2,9,0,18,0,1,0,0,0,0,4,1,6,1,50,8,996,1,4,9,-1,9
2018121800668,1,9,0,18,0,0,0,0,0,0,1,1,6,1,25,5,1998,1,14,8,2,8
2018121800668,2,9,0,18,0,0,0,0,0,0,1,1,1,1,28,6,-1,-1,-1,2,2,2
2018121800669,1,9,0,17,0,0,0,0,0,0,1,1,6,2,26,6,1968,2,4,9,1,9
2018121800669,2,9,0,18,0,0,0,0,0,0,1,1,6,1,36,7,2435,1,20,4,1,4
2018121800670,1,9,0,18,0,0,0,0,0,0,1,1,6,3,-1,-1,-1,-1,-1,-1,-1,-1
2018121800670,2,1,0,18,0,0,0,0,0,0,2,1,6,1,50,8,-1,-1,-1,10,1,10
2018121800671,1,9,0,9,0,8,0,0,0,0,1,1,6,1,37,7,1598,2,5,6,1,6
2018121800671,2,9,0,18,0,8,0,0,0,0,1,1,6,1,19,4,1399,2,6,4,1,4
2018121800672,1,9,0,18,0,0,0,0,0,0,1,1,6,1,27,6,1120,2,5,1,1,1
2018121800672,2,9,0,3,0,0,0,0,0,0,2,1,1,1,57,9,1398,2,4,2,1,2
2018121800673,1,9,0,18,0,0,0,0,0,0,1,1,1,1,54,8,1686,2,4,8,1,8
2018121800673,2,9,0,3,0,0,0,0,0,0,2,1,6,2,33,6,1995,2,4,5,3,5
2018121800674,1,9,0,9,0,8,0,0,0,0,4,1,6,1,57,9,1796,1,16,9,1,9
2018121800675,1,19,0,18,0,8,0,0,0,0,4,1,1,1,53,8,-1,-1,-1,4,3,4
2018121800675,2,1,0,18,0,8,0,0,0,0,2,1,6,1,18,4,-1,-1,-1,-1,-1,-1
2018121800676,1,9,0,9,0,0,0,0,1,10,1,1,6,1,78,11,1390,1,11,6,2,6
2018121800677,1,9,0,17,0,0,1,0,0,0,1,1,2,1,32,6,-1,-1,-1,8,1,8
2018121900001,1,17,0,18,0,0,1,0,0,0,0,1,6,1,23,5,475,1,3,6,3,6
2018121900002,1,9,0,17,0,0,1,0,1,4,1,1,6,1,22,5,1229,1,11,4,1,4
2018121900003,1,9,0,18,0,0,0,0,0,0,4,1,6,3,-1,-1,-1,-1,-1,-1,-1,-1
2018121900004,1,9,0,5,0,4,0,0,0,0,1,1,6,2,63,9,998,1,4,7,1,7
2018121900004,2,2,0,5,0,4,0,0,0,0,1,1,6,2,19,4,113,1,-1,2,1,2
2018121900005,1,9,0,6,0,0,0,0,0,0,1,1,6,2,53,8,1596,1,1,10,1,10
2018121900005,2,2,0,18,0,0,0,0,0,0,4,1,6,1,18,4,125,1,5,8,2,8
2018121900006,1,9,0,18,0,0,0,0,0,0,1,1,6,1,75,10,1991,1,-1,10,1,10
2018121900006,2,9,0,18,0,0,0,0,0,0,1,1,6,1,70,10,1995,2,5,6,1,6
2018121900007,1,3,0,7,0,1,0,0,0,0,1,1,6,1,60,9,124,1,6,3,1,3
2018121900007,2,19,0,9,0,8,0,0,0,0,1,1,1,1,42,7,2198,2,4,3,1,3
2018121900010,1,5,0,13,0,1,0,0,7,0,4,1,6,1,64,9,1170,1,5,2,2,2
2018121900010,2,19,0,4,0,5,0,0,7,0,3,1,1,3,53,8,1560,2,4,8,1,8
2018121900011,1,9,0,9,0,1,0,0,0,0,3,1,6,2,66,10,1598,1,17,7,1,7
2018121900011,2,9,0,18,0,1,0,0,0,0,1,1,6,1,81,11,1198,1,1,6,1,6
2018121900012,1,9,0,18,0,1,0,0,0,0,1,1,6,1,26,6,-1,-1,-1,1,1,1
2018121900012,2,9,0,18,0,1,0,0,0,0,1,1,6,1,27,6,-1,-1,-1,10,1,10
2018121900012,3,9,0,18,0,1,0,0,0,0,2,1,6,3,22,5,1229,1,12,1,1,1
2018121900012,4,9,0,18,0,1,0,0,0,0,2,1,6,3,-1,-1,1395,1,2,-1,-1,-1
2018121900013,1,9,0,18,0,2,0,0,3,1,1,1,6,1,80,11,2500,2,14,9,2,9
2018121900015,1,9,0,18,0,1,0,0,7,0,1,1,6,2,76,11,1229,1,13,9,2,9
2018121900015,2,20,0,18,0,1,0,0,0,0,1,1,1,1,36,7,4461,2,7,6,3,6
2018121900017,1,9,0,18,0,8,0,0,0,0,1,1,6,2,56,9,1396,1,8,7,1,7
2018121900017,2,9,0,18,0,8,0,0,0,0,3,1,6,1,53,8,2967,2,2,10,1,10
2018121900017,3,9,0,9,0,8,0,0,0,0,1,1,6,1,70,10,1248,1,9,9,1,9
2018121900018,1,9,0,9,0,8,0,0,0,0,3,1,6,1,22,5,1398,1,3,2,1,2
2018121900018,2,1,0,18,0,8,0,0,0,0,1,1,6,1,68,10,-1,-1,-1,8,1,8
2018121900019,1,9,0,18,0,1,0,0,0,0,1,1,2,2,28,6,1000,1,4,7,1,7
2018121900020,1,9,0,18,0,0,0,0,0,0,1,2,6,2,81,11,1598,2,4,5,3,5
2018121900021,1,10,0,18,0,0,0,0,0,0,1,1,6,2,-1,-1,-1,-1,-1,4,1,4
2018121900021,2,9,0,3,0,0,0,0,0,0,2,1,6,2,28,6,1242,1,3,6,2,6
2018121900022,1,19,0,18,0,0,0,12,0,0,1,1,1,1,43,7,1995,2,1,1,1,1
2018121900022,2,9,0,18,0,0,0,12,0,0,1,1,6,1,22,5,1798,1,12,4,1,4
2018121900024,1,9,0,4,0,0,1,0,0,0,1,1,6,1,26,6,1242,1,3,5,3,5
2018121900024,2,9,0,4,0,0,0,0,0,0,2,1,6,1,58,9,1995,2,4,3,1,3
2018121900025,1,9,0,18,0,0,1,0,7,11,1,1,6,1,17,4,1364,1,9,2,1,2
2018121900027,1,9,0,18,0,1,0,0,0,0,1,1,6,1,69,10,1796,1,15,8,2,8
2018121900027,2,9,0,4,0,1,0,0,1,0,2,1,6,1,37,7,1341,1,15,5,2,5
2018121900027,3,9,0,10,0,1,0,0,0,0,2,2,6,1,72,10,-1,-1,-1,-1,-1,-1
2018121900028,1,3,0,5,0,4,0,0,0,0,4,1,6,2,45,7,124,1,5,1,1,1
2018121900031,1,9,0,18,0,0,0,4,5,6,1,1,6,1,81,11,1398,1,1,9,1,9
2018121900031,2,19,0,2,0,0,0,0,0,0,2,1,6,1,48,8,1998,2,14,10,1,10
2018121900032,1,9,0,5,0,8,0,0,0,0,1,1,6,2,-1,-1,1397,1,9,10,1,10
2018121900032,2,1,0,18,0,8,0,0,0,0,1,1,6,2,37,7,-1,-1,-1,-1,-1,-1
2018121900034,1,9,0,18,0,0,5,0,1,7,1,1,1,1,28,6,2993,2,-1,-1,-1,-1
2018121900035,1,9,0,17,0,0,0,0,1,2,4,1,6,1,23,5,1596,1,12,5,1,5
2018121900036,1,9,0,17,0,0,5,10,2,10,4,1,2,1,62,9,1998,1,17,4,1,4
2018121900037,1,9,0,18,0,0,0,0,0,0,1,1,6,2,17,4,1149,1,12,5,1,5
2018121900037,2,9,0,18,0,0,0,0,0,0,1,1,6,2,27,6,1968,2,4,10,3,10
2018121900040,1,9,0,18,0,8,0,0,0,0,1,1,6,3,-1,-1,-1,-1,-1,-1,-1,-1
2018121900040,2,1,0,18,0,8,0,0,0,0,2,1,6,1,52,8,-1,-1,-1,9,1,9
2018121900042,1,9,0,5,0,6,0,0,0,0,1,1,6,2,46,8,1591,1,4,8,2,8
2018121900042,2,9,0,18,0,1,1,0,0,0,4,1,6,2,25,5,1229,1,4,6,1,6
2018121900043,1,9,0,17,0,0,1,0,7,4,1,1,6,1,19,4,998,1,5,10,1,10
2018121900045,1,9,0,18,0,8,1,0,0,0,1,1,6,1,20,4,999,1,2,9,2,9
2018121900045,2,9,0,3,0,8,0,0,0,0,2,1,6,1,26,6,1388,1,15,1,1,1
2018121900046,1,5,0,17,0,0,0,0,1,0,4,1,6,1,73,10,649,1,-1,7,1,7
2018121900048,1,9,4,5,0,0,0,0,0,0,2,1,6,1,48,8,2198,2,3,9,3,9
2018121900049,1,20,0,5,0,2,0,0,0,0,2,1,1,1,52,8,4580,2,2,5,2,5
2018121900049,2,9,0,18,0,8,0,0,0,0,1,1,2,1,25,5,998,1,12,8,-1,8
2018121900049,3,19,0,18,0,8,0,0,0,0,2,1,2,1,24,5,1753,2,7,5,3,5
2018121900049,4,21,0,18,0,8,0,0,0,0,4,1,1,1,53,8,-1,-1,-1,3,1,3
2018121900050,1,9,0,7,0,0,0,0,0,0,4,1,2,2,25,5,1364,1,13,9,3,9
2018121900050,2,9,0,2,0,0,0,0,0,0,3,1,6,3,-1,-1,1399,2,9,-1,-1,-1
2018121900051,1,11,0,4,0,8,1,0,0,0,4,1,1,1,64,9,4249,2,4,4,1,4
2018121900051,2,9,0,18,0,8,0,0,0,0,1,1,2,2,24,5,1560,2,7,8,2,8
2018121900051,3,9,0,3,0,8,0,0,0,0,3,1,6,2,37,7,1956,2,5,9,2,9
2018121900051,4,9,0,10,0,8,0,0,0,0,0,1,2,1,65,9,999,1,3,8,2,8
2018121900052,1,9,0,2,0,0,0,0,0,0,2,1,6,1,94,11,1997,1,7,5,3,5
2018121900053,1,9,0,16,0,7,1,0,0,0,1,1,6,1,26,6,2143,2,8,8,1,8
2018121900053,2,21,1,18,0,8,0,0,0,0,2,1,1,1,39,7,10837,2,2,2,1,2
2018121900053,3,9,0,18,0,8,0,0,0,0,2,1,6,1,21,5,1149,1,12,2,1,2
2018121900054,1,9,0,16,0,0,1,0,7,10,1,1,6,2,22,5,875,1,6,7,3,7
2018121900055,1,9,0,18,0,0,1,0,1,4,1,1,6,1,19,4,1995,2,13,6,3,6
2018121900056,1,19,0,9,0,6,0,0,0,0,3,1,6,1,41,7,2148,2,12,2,1,2
2018121900057,1,9,0,9,0,6,0,0,0,0,1,1,6,2,87,11,1388,1,7,7,3,7
2018121900057,2,19,0,18,0,8,0,0,1,5,4,1,1,1,26,6,1868,2,13,1,1,1
2018121900058,1,9,0,18,0,0,1,0,0,0,1,1,2,2,26,6,998,1,6,7,3,7
2018121900059,1,9,0,18,0,0,2,0,7,11,3,1,1,1,44,7,1968,2,8,6,3,6
2018121900059,2,21,0,18,0,0,0,0,0,0,0,1,1,1,23,5,12777,2,3,6,3,6
2018121900059,3,9,0,13,0,0,0,0,0,0,0,1,6,3,-1,-1,-1,-1,-1,-1,-1,-1
2018121900060,1,9,0,18,0,0,0,4,0,0,1,1,2,1,32,6,2191,2,3,3,1,3
2018121900060,2,9,0,4,0,0,0,0,0,0,2,1,6,1,71,10,2993,2,4,8,1,8
2018121900061,1,9,0,9,0,6,0,0,0,0,3,1,6,1,18,4,1368,1,7,10,1,10
2018121900061,2,9,0,18,0,1,0,0,0,0,1,1,6,2,56,9,1598,1,10,9,3,9
2018121900062,1,9,0,4,0,4,0,0,0,0,3,1,6,1,63,9,1968,2,1,7,1,7
2018121900062,2,9,0,18,0,8,0,0,0,0,4,1,1,2,25,5,1198,1,6,3,1,3
2018121900064,1,9,0,18,0,0,0,0,4,6,2,1,6,1,22,5,1398,1,8,9,1,9
2018121900065,1,9,0,17,0,0,2,0,0,0,1,1,6,1,20,4,1229,1,7,1,1,1
2018121900066,1,9,0,4,0,4,2,0,3,1,1,1,6,1,36,7,1910,2,14,2,1,2
2018121900067,1,9,0,9,0,2,0,0,0,0,3,1,6,2,74,10,996,1,4,7,2,7
2018121900067,2,20,0,18,0,1,0,0,0,0,3,1,1,1,20,4,-1,-1,-1,3,1,3
2018121900068,1,9,0,9,0,5,0,0,0,0,1,1,1,1,39,7,1461,2,4,9,3,9
2018121900068,2,1,0,18,0,5,0,0,0,0,1,1,6,1,41,7,-1,-1,-1,7,2,7
2018121900069,1,19,0,1,0,2,0,0,0,0,2,1,1,1,35,6,2198,2,7,4,1,4
2018121900070,1,9,0,5,0,1,0,0,0,0,3,1,1,1,26,6,1995,2,10,8,3,8
2018121900070,2,9,0,16,0,1,0,0,0,0,1,1,1,1,30,6,-1,-1,-1,9,1,9
2018121900071,1,9,0,5,0,0,0,0,0,0,3,1,4,1,17,4,1200,1,4,6,3,6
2018121900071,2,9,0,18,0,0,0,0,7,11,4,1,6,2,51,8,1995,2,5,10,1,10
2018121900072,1,20,0,16,0,0,0,0,0,0,3,1,1,1,52,8,4462,2,4,3,1,3
2018121900072,2,4,0,17,0,0,1,0,1,0,4,1,1,1,19,4,124,1,12,8,2,8
2018121900073,1,1,0,18,0,8,0,0,0,0,4,1,6,1,17,4,-1,-1,-1,10,2,10
2018121900073,2,9,0,18,0,4,0,0,0,0,3,1,6,3,-1,-1,-1,-1,-1,-1,-1,-1
2018121900074,1,9,0,10,0,0,0,0,0,0,1,1,6,2,33,6,1399,1,1,7,3,7
2018121900074,2,1,0,10,0,0,0,0,0,0,1,1,6,1,54,8,-1,-1,-1,9,1,9
2018121900075,1,1,0,18,0,0,0,0,0,0,0,1,6,1,63,9,-1,-1,-1,8,1,8
2018121900076,1,19,0,13,0,0,0,0,0,0,0,1,6,1,59,9,-1,-1,-1,9,3,9
2018121900076,2,9,0,13,0,0,0,0,7,4,1,1,6,1,23,5,2993,1,11,8,2,8
2018121900077,1,9,0,6,0,1,0,0,0,0,1,1,6,1,62,9,1598,2,6,8,3,8
2018121900078,1,9,0,16,0,0,5,0,1,11,4,1,6,1,24,5,1997,2,15,6,3,6
2018121900079,1,19,0,18,0,0,2,0,0,0,1,1,1,1,30,6,1905,2,19,9,2,9
2018121900079,2,9,0,18,0,0,0,0,0,0,2,1,1,1,32,6,1596,1,8,5,2,5
2018121900080,1,5,0,18,0,1,0,0,0,0,1,1,6,3,-1,-1,1584,1,10,-1,-1,-1
2018121900080,2,5,0,18,0,1,0,0,0,0,2,1,6,2,50,8,1202,1,8,-1,-1,-1
2018121900081,1,9,0,17,0,0,5,0,2,11,4,1,2,1,33,6,1229,1,10,9,2,9
2018121900082,1,3,0,18,0,5,0,0,0,0,1,1,6,1,26,6,125,1,2,-1,-1,-1
2018121900082,2,19,0,7,0,1,0,0,0,0,3,1,6,1,45,7,1995,2,5,7,1,7
2018121900083,1,5,0,17,0,1,1,0,1,0,3,1,6,1,63,9,805,1,2,5,1,5
2018121900083,2,5,0,17,0,1,0,0,0,0,1,1,6,1,43,7,1255,1,8,1,1,1
2018121900085,1,9,0,16,0,0,1,0,0,0,2,1,6,2,28,6,1686,2,6,8,3,8
2018121900085,2,21,1,16,0,0,1,0,0,0,1,1,1,1,52,8,12900,2,8,1,2,1
2018121900085,3,9,0,16,0,0,0,0,0,0,2,1,1,1,49,8,-1,-1,-1,2,1,2
2018121900086,1,1,0,4,0,0,0,0,0,0,4,1,1,1,25,5,-1,-1,-1,7,1,7
2018121900086,2,11,0,3,0,0,0,0,0,0,4,1,1,1,44,7,10837,2,-1,-1,1,-1
2018121900087,1,9,0,18,0,1,1,0,3,11,1,1,6,1,19,4,1398,1,1,7,3,7
2018121900089,1,5,0,13,0,0,1,0,0,0,4,1,6,1,37,7,1340,1,9,1,1,1
2018121900089,2,9,0,13,0,0,0,0,0,0,3,1,1,2,37,7,1598,2,6,2,1,2
2018121900090,1,9,0,4,0,0,0,0,0,0,2,1,6,1,41,7,1461,2,6,-1,1,-1
2018121900090,2,9,0,17,0,0,0,0,0,0,1,1,1,2,29,6,1598,1,15,1,1,1
2018121900091,1,9,0,18,0,0,0,0,0,0,4,1,2,1,18,4,1360,1,13,3,2,3
2018121900091,2,9,0,10,0,0,0,0,0,0,1,1,2,1,24,5,1598,2,5,1,1,1
2018121900092,1,19,0,9,0,8,0,0,0,0,0,1,6,1,29,6,1870,2,12,6,1,6
2018121900092,2,1,0,18,5,6,0,0,0,0,0,1,6,2,54,8,-1,-1,-1,7,1,7
2018121900093,1,21,1,2,0,0,0,0,0,0,0,1,6,1,68,10,12740,2,4,7,1,7
2018121900093,2,1,0,18,0,0,0,4,0,0,2,1,6,1,27,6,-1,-1,-1,5,1,5
2018121900094,1,5,0,17,0,0,1,11,0,0,1,1,6,2,50,8,652,1,17,7,3,7
2018121900094,2,9,0,16,0,0,0,0,0,0,3,1,6,2,33,6,1400,1,12,10,2,10
2018121900095,1,9,0,13,0,1,0,0,0,0,1,1,6,2,43,7,1499,2,1,2,2,2
2018121900095,2,9,0,4,0,1,0,0,0,0,1,1,6,2,63,9,1956,2,3,6,3,6
2018121900096,1,9,0,4,0,0,0,0,0,0,2,1,6,2,22,5,998,1,8,4,1,4
2018121900096,2,9,0,4,0,0,0,0,0,0,1,1,6,1,38,7,2401,2,11,3,1,3
2018121900096,3,9,0,4,0,0,0,0,0,0,2,1,6,2,19,4,999,1,5,10,3,10
2018121900096,4,9,0,4,0,0,0,0,0,0,2,1,6,1,47,8,1995,2,2,10,1,10
2018121900097,1,9,0,3,0,1,0,0,0,0,3,1,6,1,29,6,1995,2,3,7,3,7
2018121900097,2,1,0,3,0,1,0,0,0,0,1,1,6,1,19,4,-1,-1,-1,-1,-1,-1
2018121900099,1,9,0,9,0,0,0,0,0,0,3,1,6,2,61,9,1248,1,5,7,1,7
2018121900099,2,9,0,18,0,0,0,0,0,0,4,1,6,1,29,6,1242,1,9,2,1,2
2018121900100,1,9,0,18,0,1,0,0,0,0,4,1,6,1,47,8,1998,8,3,7,1,7
2018121900100,2,9,0,4,0,2,0,0,0,0,4,1,6,2,62,9,2143,2,2,4,1,4
2018121900100,3,9,0,4,0,1,0,0,0,0,1,1,6,1,26,6,1753,2,13,2,1,2
2018121900101,1,1,0,18,0,1,0,0,0,0,1,1,6,1,32,6,-1,-1,-1,1,1,1
2018121900101,2,9,0,9,0,6,0,0,0,0,4,1,6,3,-1,-1,-1,-1,-1,-1,-1,-1
2018121900102,1,4,0,17,0,2,1,0,0,0,1,1,6,1,57,9,124,1,9,6,2,6
2018121900103,1,9,0,17,0,0,0,0,1,0,1,1,6,1,66,10,2231,2,12,8,3,8
2018121900105,1,1,0,17,0,1,0,0,0,0,1,1,6,1,15,3,-1,-1,-1,8,1,8
2018121900105,2,9,0,7,0,2,0,0,0,0,1,1,6,3,-1,-1,-1,-1,-1,-1,-1,-1
2018121900106,1,19,0,11,0,0,0,0,1,0,4,1,1,1,61,9,2198,2,2,2,1,2
2018121900106,2,9,0,18,0,0,1,0,1,4,3,1,6,2,35,6,1956,2,6,8,3,8
2018121900107,1,9,0,18,0,1,0,0,0,0,3,1,2,1,28,6,999,1,5,7,3,7
2018121900107,2,1,0,12,4,1,0,0,0,0,1,1,6,2,35,6,-1,-1,-1,7,3,7
2018121900108,1,19,0,18,0,0,0,0,0,0,1,1,1,1,48,8,1968,2,3,-1,3,-1
2018121900109,1,8,0,5,0,1,0,0,0,0,0,1,1,1,49,8,-1,-1,-1,2,1,2
2018121900110,1,4,0,17,0,0,1,0,0,0,1,1,6,1,30,6,293,1,6,1,1,1
2018121900110,2,5,0,16,0,0,0,0,0,0,1,1,6,1,53,8,999,1,2,5,1,5
2018121900111,1,9,0,6,0,0,0,0,0,0,0,1,2,1,20,4,1598,1,14,8,1,8
2018121900111,2,11,0,17,0,0,1,0,0,0,0,1,1,2,52,8,4250,2,6,10,3,10
2018121900112,1,9,0,18,0,1,0,0,0,0,1,1,6,3,-1,-1,-1,-1,-1,-1,-1,-1
2018121900112,2,1,0,18,0,1,0,0,0,0,2,1,6,1,8,2,-1,-1,-1,1,1,1
2018121900113,1,1,0,14,0,0,0,8,0,0,1,1,6,1,57,9,-1,-1,-1,9,2,9
2018121900113,2,9,0,2,0,0,0,0,0,0,3,1,6,1,75,10,1587,1,12,9,2,9
2018121900114,1,5,0,18,0,0,1,0,0,0,0,1,6,1,36,7,865,1,2,2,1,2
2018121900115,1,5,0,16,0,0,1,0,7,11,1,1,6,1,44,7,599,1,18,8,1,8
2018121900116,1,9,0,1,0,0,0,0,0,0,2,1,6,3,-1,-1,-1,-1,-1,-1,-1,-1
2018121900117,1,9,0,9,0,5,0,0,1,0,1,1,1,1,60,9,1364,1,12,9,2,9
2018121900117,2,19,0,18,0,1,0,0,0,0,1,1,1,1,37,7,1560,2,3,8,1,8