Accident_Index,Vehicle_Reference,Vehicle_Type,Towing_and_Articulation,Vehicle_Manoeuvre,Vehicle_Location-Restricted_Lane,Junction_Location,Skidding_and_Overturning,Hit_Object_in_Carriageway,Vehicle_Leaving_Carriageway,Hit_Object_off_Carriageway,1st_Point_of_Impact,Was_Vehicle_Left_Hand_Drive?,Journey_Purpose_of_Driver,Sex_of_Driver,Age_of_Driver,Age_Band_of_Driver,Engine_Capacity_(CC),Propulsion_Code,Age_of_Vehicle,Driver_IMD_Decile,Driver_Home_Area_Type,Vehicle_IMD_Decile
2018121900117,3,9,0,9,0,5,0,0,0,0,4,1,1,2,46,8,1969,2,4,8,-1,8
2018121900118,1,9,0,17,0,0,1,0,1,0,1,1,2,1,19,4,1490,1,9,6,3,6
2018121900118,2,9,0,18,0,0,0,0,0,0,3,1,2,1,23,5,1968,2,11,6,3,6
2018121900119,1,9,0,2,0,1,0,0,0,0,2,1,6,2,52,8,1968,2,9,6,3,6
2018121900119,2,3,0,18,0,1,0,0,0,0,1,1,6,1,69,10,865,1,10,6,3,6
2018121900120,1,10,0,4,0,1,0,0,0,0,1,1,1,1,51,8,2402,2,7,4,1,4
2018121900120,2,9,0,9,0,1,0,0,0,0,2,1,6,2,47,8,2199,2,6,8,1,8
2018121900121,1,19,0,18,0,4,0,0,0,0,1,1,1,1,25,5,2198,2,2,4,1,4
2018121900121,2,1,0,18,0,8,0,0,0,0,4,1,6,1,73,10,-1,-1,-1,6,3,6
2018121900129,1,9,0,18,0,8,0,0,0,0,1,1,1,2,53,8,1149,1,13,10,1,10
2018121900129,2,19,0,9,0,8,0,0,0,0,4,1,1,1,19,4,2198,2,7,9,3,9
2018121900131,1,9,0,18,0,0,2,0,1,11,4,1,6,2,25,5,1896,2,13,8,3,8
2018121900132,1,9,0,5,0,0,0,0,1,0,2,1,6,2,47,8,998,1,12,8,2,8
2018121900132,2,9,0,18,0,0,1,0,0,0,1,1,6,1,23,5,1870,2,15,3,1,3
2018121900135,1,9,0,9,0,1,0,0,0,0,4,1,6,1,34,6,1968,2,7,8,1,8
2018121900135,2,9,0,18,0,1,0,0,0,0,1,1,6,1,37,7,2967,2,9,9,3,9
2018121900136,1,9,0,7,0,8,0,0,0,0,3,1,6,3,-1,-1,-1,-1,-1,-1,-1,-1
2018121900137,1,5,0,2,0,0,0,0,0,0,4,1,6,1,47,8,798,1,10,8,1,8
2018121900138,1,9,0,18,0,0,0,0,8,11,1,1,6,1,71,10,1995,2,5,10,1,10
2018121900139,1,9,0,18,0,0,0,0,0,0,1,1,6,1,77,11,1497,8,1,10,1,10
2018121900139,2,9,0,18,0,0,0,0,0,0,1,1,1,2,43,7,1968,2,4,1,1,1
2018121900139,3,9,0,18,0,0,0,0,0,0,1,1,6,1,57,9,1969,2,1,8,1,8
2018121900140,1,9,0,13,0,1,0,0,0,0,3,1,6,1,30,6,1560,2,-1,8,-1,8
2018121900140,2,5,0,13,0,1,0,0,7,7,4,1,6,1,56,9,999,1,5,-1,-1,-1
2018121900141,1,19,0,18,0,0,0,0,0,0,4,1,6,3,-1,-1,-1,-1,-1,-1,-1,-1
2018121900143,1,9,0,18,0,6,0,0,0,0,1,1,6,1,84,11,1587,1,17,4,1,4
2018121900143,2,9,0,18,0,1,0,0,0,0,3,1,6,1,47,8,1461,2,9,4,1,4
2018121900144,1,9,0,1,0,0,0,0,0,0,2,1,6,1,63,9,4735,1,7,10,1,10
2018121900146,1,3,0,17,0,0,0,0,1,0,1,1,6,2,30,6,125,1,-1,5,1,5
2018121900147,1,19,5,5,0,0,0,0,0,0,4,1,1,1,43,7,2298,2,1,7,3,7
2018121900147,2,9,0,2,0,0,0,0,0,0,4,1,1,1,52,8,2402,2,11,6,3,6
2018121900148,1,9,0,18,0,0,0,0,0,0,1,1,1,1,24,5,1956,2,5,7,3,7
2018121900148,2,9,0,2,0,0,0,0,0,0,2,1,1,1,21,5,1896,2,15,9,2,9
2018121900149,1,9,0,18,0,0,0,0,0,0,1,1,6,3,-1,-1,-1,-1,-1,-1,-1,-1
2018121900149,2,1,0,18,0,0,0,0,0,0,4,1,4,1,10,2,-1,-1,-1,1,1,1
2018121900150,1,9,0,17,0,8,0,0,1,11,1,1,1,2,22,5,1149,1,7,5,1,5
2018121900151,1,9,0,18,0,8,1,0,0,0,1,1,1,1,50,8,-1,-1,-1,1,1,1
2018121900152,1,9,0,18,0,2,0,0,0,0,1,1,6,1,63,9,1242,1,3,5,2,5
2018121900153,1,9,0,5,0,1,0,0,0,0,4,1,6,2,76,11,1299,1,16,9,3,9
2018121900153,2,1,0,5,0,1,0,0,0,0,3,1,3,1,17,4,-1,-1,-1,10,2,10
2018121900154,1,19,0,2,0,0,0,0,0,0,0,1,1,1,64,9,2402,2,12,5,3,5
2018121900154,2,1,0,4,0,0,0,0,0,0,1,1,6,1,62,9,-1,-1,-1,7,3,7
2018121900155,1,9,0,4,0,0,0,0,0,0,1,1,6,2,72,10,1598,1,2,10,1,10
2018121900155,2,9,0,4,0,0,0,0,0,0,2,1,2,1,45,7,1461,2,12,4,3,4
2018121900156,1,9,0,18,0,0,0,0,0,0,3,1,6,2,63,9,1870,2,11,6,2,6
2018121900157,1,9,0,10,0,6,0,0,0,0,3,1,2,1,27,6,1995,2,13,1,1,1
2018121900157,2,9,0,18,0,1,0,0,0,0,1,1,2,2,41,7,1997,2,10,5,1,5
2018121900158,1,9,0,17,0,8,0,0,1,4,1,1,6,2,54,8,1799,1,10,8,3,8
2018121900159,1,9,0,18,0,0,0,0,0,0,3,1,6,3,-1,-1,1339,1,12,-1,-1,-1
2018121900160,1,9,0,18,0,0,0,0,0,0,1,1,6,3,-1,-1,-1,-1,-1,-1,-1,-1
2018121900161,1,9,0,6,0,8,0,0,0,0,3,1,6,1,21,5,1995,2,4,2,2,2
2018121900161,2,4,0,18,0,8,0,0,0,0,1,1,6,1,60,9,499,1,4,2,1,2
2018121900162,1,9,0,18,0,0,0,0,0,0,4,1,2,1,53,8,1598,2,6,9,3,9
2018121900162,2,1,0,18,0,0,0,0,0,0,2,1,6,1,65,9,-1,-1,-1,8,3,8
2018121900164,1,9,0,5,0,1,0,0,0,0,4,1,6,1,77,11,1490,1,13,10,1,10
2018121900165,1,9,0,18,0,8,0,0,0,0,4,1,6,2,23,5,1596,1,11,5,3,5
2018121900165,2,10,0,18,0,8,0,0,1,0,1,1,6,2,63,9,-1,-1,-1,5,3,5
2018121900166,1,9,0,18,0,1,0,0,0,0,1,1,6,1,51,8,1997,2,-1,9,3,9
2018121900166,2,9,0,3,0,1,0,0,0,0,2,1,6,1,42,7,998,1,6,6,3,6
2018121900166,3,9,0,3,0,1,0,0,0,0,2,1,6,1,61,9,2143,2,2,10,1,10
2018121900170,1,3,0,18,0,1,1,0,0,0,0,1,6,2,22,5,124,1,7,5,1,5
2018121900170,2,8,0,8,0,1,0,0,0,0,0,1,1,1,53,8,1685,2,4,6,1,6
2018121900171,1,9,0,1,0,5,0,0,0,0,2,1,6,2,43,7,1595,1,-1,6,1,6
2018121900172,1,9,0,16,0,0,1,0,7,4,1,1,6,1,47,8,1560,2,11,8,3,8
2018121900173,1,19,0,11,0,0,1,0,4,6,1,1,6,3,-1,-1,1598,2,1,-1,-1,-1
2018121900173,2,19,0,18,0,0,2,0,1,11,2,1,6,1,42,7,1753,2,8,8,2,8
2018121900174,1,9,0,18,0,1,0,0,0,0,1,1,6,2,45,7,2688,2,17,5,3,5
2018121900174,2,9,0,9,0,6,0,0,0,0,3,1,6,1,19,4,1598,1,1,5,-1,5
2018121900175,1,9,0,5,0,4,0,0,0,0,1,1,1,2,47,8,1149,1,4,8,1,8
2018121900175,2,1,0,5,0,4,0,0,0,0,2,1,1,1,24,5,-1,-1,-1,6,1,6
2018121900177,1,9,0,18,0,0,5,0,1,0,1,1,6,2,20,4,1461,2,9,3,1,3
2018121900178,1,9,0,18,0,0,0,0,0,0,1,1,6,1,86,11,1497,8,4,7,1,7
2018121900179,1,9,0,18,0,2,0,0,0,0,1,1,2,1,34,6,1968,2,13,10,1,10
2018121900179,2,11,0,3,0,2,0,0,0,0,2,1,1,1,62,9,7300,2,16,7,1,7
2018121900180,1,9,0,5,0,8,0,0,0,0,3,1,6,2,82,11,1339,1,11,10,1,10
2018121900180,2,1,0,18,0,8,0,0,0,0,1,1,6,2,63,9,-1,-1,-1,9,3,9
2018121900182,1,8,0,9,0,3,0,0,0,0,0,1,1,1,36,7,2204,2,14,10,1,10
2018121900183,1,9,0,3,0,1,0,0,0,0,2,1,1,1,53,8,-1,-1,-1,4,1,4
2018121900183,2,9,0,4,0,1,0,0,0,0,1,1,6,3,-1,-1,-1,-1,-1,-1,-1,-1
2018121900185,1,21,1,18,0,0,0,0,0,0,1,1,1,1,68,10,-1,-1,-1,10,1,10
2018121900185,2,9,0,3,0,0,0,0,0,0,2,1,2,1,28,6,1200,1,5,3,2,3
2018121900185,3,19,0,3,0,0,0,0,0,0,2,1,2,2,37,7,2198,2,5,8,1,8
2018121900188,1,9,0,9,0,6,0,0,0,0,1,1,6,2,78,11,1968,2,2,5,3,5
2018121900188,2,9,0,18,0,8,0,0,0,0,0,1,6,2,49,8,1997,2,13,8,3,8
2018121900189,1,9,0,18,0,1,1,0,7,0,4,1,2,1,21,5,1389,1,13,6,3,6
2018121900189,2,9,0,9,0,6,0,0,0,0,1,1,3,2,44,7,898,1,3,9,1,9
2018121900190,1,9,0,9,0,1,0,0,0,0,1,1,6,2,17,4,998,1,14,10,1,10
2018121900190,2,9,0,17,0,1,0,0,0,0,1,1,6,2,47,8,1499,1,1,10,2,10
2018121900191,1,9,0,18,0,0,0,0,0,0,2,1,6,1,52,8,2495,2,22,4,3,4
2018121900191,2,9,0,3,0,0,0,0,0,0,2,1,6,2,77,11,1197,1,1,5,3,5
2018121900191,3,9,0,4,0,0,0,0,0,0,1,1,6,1,24,5,1598,2,7,5,3,5
2018121900192,1,9,0,9,0,6,1,0,0,0,4,1,6,1,65,9,-1,-1,-1,8,1,8
2018121900192,2,5,0,18,0,1,0,0,1,0,1,1,1,1,58,9,1301,1,-1,8,3,8
2018121900193,1,9,0,18,0,8,5,0,1,9,1,1,6,2,57,9,1386,1,6,9,2,9
2018121900194,1,9,0,18,0,0,1,2,0,0,1,1,6,1,44,7,1796,1,6,7,1,7
2018121900195,1,9,0,3,0,4,0,0,0,0,0,1,6,1,32,6,2993,2,8,7,3,7
2018121900195,2,1,0,18,0,3,0,0,0,0,4,1,6,1,58,9,-1,-1,-1,8,1,8
2018121900198,1,9,0,3,0,0,0,0,0,0,2,1,6,2,19,4,1560,2,6,3,1,3
2018121900198,2,9,0,16,0,0,0,0,0,0,1,1,6,1,22,5,1598,1,3,9,2,9
2018121900199,1,9,0,18,0,0,0,7,0,0,3,1,6,1,81,11,1796,1,15,6,1,6
2018121900200,1,9,0,18,0,0,0,0,0,0,4,1,2,2,51,8,1968,2,9,4,1,4
2018121900201,1,20,0,18,0,6,0,0,0,0,1,1,1,1,48,8,-1,-1,-1,7,2,7
2018121900201,2,9,0,18,0,1,0,0,0,0,3,1,2,1,42,7,-1,-1,-1,8,2,8
2018121900202,1,9,0,17,0,0,5,0,0,0,1,1,6,1,43,7,1595,1,13,1,1,1
2018121900203,1,9,0,10,0,2,0,0,0,0,1,1,6,1,53,8,2497,2,12,1,1,1
2018121900203,2,9,0,18,0,8,0,0,0,0,1,1,6,1,39,7,1968,2,2,-1,1,-1
2018121900204,1,9,0,18,0,0,0,0,0,0,4,1,6,1,44,7,2720,2,12,7,3,7
2018121900204,2,1,0,18,0,0,0,0,0,0,3,1,6,1,43,7,-1,-1,-1,10,1,10
2018121900205,1,11,0,18,0,1,0,0,0,0,0,1,1,2,53,8,8268,2,17,1,1,1
2018121900206,1,9,0,16,0,0,1,10,4,6,1,1,1,1,43,7,1685,2,-1,-1,1,-1
2018121900206,2,21,1,16,0,0,0,0,0,0,2,1,1,1,39,7,10677,2,3,-1,3,-1
2018121900207,1,9,0,10,0,3,0,0,0,0,3,1,2,1,23,5,1248,1,5,8,1,8
2018121900207,2,9,0,3,0,4,0,0,0,0,1,1,1,1,39,7,1798,8,2,9,1,9
2018121900209,1,9,0,18,0,0,0,0,0,0,1,1,6,1,18,4,1390,1,12,4,1,4
2018121900209,2,9,0,18,0,0,0,0,0,0,2,1,6,1,20,4,1422,2,4,9,2,9
2018121900209,3,9,0,18,0,0,0,0,0,0,2,1,2,1,38,7,999,1,2,10,1,10
2018121900210,1,9,0,7,0,1,1,0,3,0,1,1,6,1,18,4,1149,1,14,3,1,3
2018121900211,1,9,0,9,0,1,0,0,0,0,1,1,6,1,67,10,1796,1,9,2,1,2
2018121900211,2,5,0,14,0,1,0,0,0,0,3,1,6,1,29,6,749,1,4,9,1,9
2018121900213,1,19,0,9,0,8,0,0,0,0,1,1,1,1,56,9,2143,2,4,1,1,1
2018121900214,1,19,0,18,0,0,0,0,0,0,1,1,1,1,44,7,1995,2,1,10,1,10
2018121900215,1,9,0,9,0,1,1,0,7,0,4,1,6,1,42,7,1686,2,16,5,1,5
2018121900215,2,9,0,18,0,1,1,0,0,0,1,1,6,2,49,8,1968,2,13,5,1,5
2018121900215,3,9,0,18,0,1,1,0,0,0,1,1,6,2,76,11,1200,1,1,7,3,7
2018121900216,1,9,0,9,0,2,0,0,0,0,1,1,6,1,28,6,1686,2,5,6,-1,6
2018121900216,2,9,0,18,0,1,0,0,0,0,4,1,6,1,20,4,1390,1,5,5,3,5
2018121900217,1,9,0,12,0,0,1,0,1,11,1,1,6,2,70,10,1591,1,2,7,3,7
2018121900217,2,9,0,18,0,0,1,0,1,11,4,1,6,1,22,5,1984,1,8,5,1,5
2018121900218,1,9,0,18,0,0,0,0,1,0,1,1,6,1,71,10,1560,2,7,2,2,2
2018121900218,2,9,0,18,0,0,0,0,1,0,2,1,6,1,47,8,1910,2,9,1,1,1
2018121900219,1,9,0,7,0,2,1,0,7,11,1,1,6,2,18,4,1398,1,7,9,1,9
2018121900219,2,9,0,18,0,1,0,0,0,0,1,1,6,1,73,10,1598,1,10,7,1,7
2018121900220,1,9,0,1,0,1,0,0,0,0,2,1,1,1,40,7,-1,-1,-1,4,1,4
2018121900220,2,9,0,3,0,1,0,0,0,0,1,1,6,2,61,9,1968,2,5,7,3,7
2018121900221,1,9,0,5,0,6,0,0,7,0,1,1,2,1,59,9,-1,-1,-1,7,3,7
2018121900221,2,9,0,18,0,1,1,0,7,4,1,1,2,1,23,5,1360,1,7,3,1,3
2018121900222,1,21,0,13,0,2,0,0,0,0,4,1,1,1,62,9,4462,2,5,3,1,3
2018121900222,2,1,0,18,4,2,0,0,0,0,3,1,6,1,70,10,-1,-1,-1,5,3,5
2018121900223,1,9,0,4,0,1,0,0,0,0,2,1,6,1,71,10,1997,2,7,7,2,7
2018121900223,2,9,0,4,0,1,0,0,0,0,2,1,6,2,47,8,1991,2,12,8,2,8
2018121900223,3,9,0,4,0,1,0,0,0,0,2,1,6,2,35,6,1995,2,9,6,1,6
2018121900223,4,21,1,18,0,1,0,0,0,0,1,1,1,1,34,6,10837,2,5,6,3,6
2018121900224,1,19,0,18,0,1,0,0,0,0,1,1,1,2,53,8,1560,2,2,8,1,8
2018121900224,2,9,0,5,0,1,0,0,0,0,1,1,2,1,26,6,2967,1,17,3,2,3
2018121900225,1,1,0,18,0,4,0,0,0,0,1,1,2,1,28,6,-1,-1,-1,7,1,7
2018121900225,2,9,0,18,0,4,0,0,0,0,1,1,6,3,-1,-1,-1,-1,-1,-1,-1,-1
2018121900226,1,5,0,18,0,0,1,0,0,0,3,1,6,1,54,8,649,1,2,8,1,8
2018121900227,1,9,0,5,0,1,0,0,0,0,1,1,6,1,57,9,1349,1,4,9,1,9
2018121900227,2,1,0,18,0,1,0,0,0,0,1,1,2,1,57,9,-1,-1,-1,9,1,9
2018121900228,1,1,0,18,0,0,0,0,0,0,1,1,6,1,44,7,-1,-1,-1,10,1,10
2018121900231,1,8,0,4,0,0,0,0,0,0,2,1,1,1,33,6,1995,2,1,-1,-1,-1
2018121900231,2,9,0,3,0,0,0,0,0,0,1,1,6,2,37,7,1498,1,12,9,3,9
2018121900232,1,11,0,7,0,8,0,0,0,0,3,1,1,1,41,7,11967,2,9,2,2,2
2018121900232,2,1,0,18,0,8,0,0,0,0,1,1,6,1,36,7,-1,-1,-1,1,1,1
2018121900250,1,9,0,18,0,0,1,0,0,0,1,1,6,1,23,5,1968,2,3,8,3,8
2018121900250,2,9,0,18,0,0,0,0,0,0,3,1,1,1,52,8,1598,2,2,1,1,1
2018121900251,1,9,0,17,0,0,1,0,1,9,2,1,6,1,69,10,3500,1,37,9,3,9
2018121900256,1,9,0,7,0,8,0,0,0,0,1,1,6,1,37,7,2143,2,5,5,1,5
2018121900256,2,9,0,7,0,8,0,0,0,0,2,1,6,2,19,4,998,1,9,2,1,2
2018121900257,1,9,0,5,0,3,0,0,0,0,1,1,6,3,-1,-1,-1,-1,-1,-1,-1,-1
2018121900259,1,9,0,18,0,8,2,0,7,11,4,1,2,2,29,6,1242,1,-1,8,3,8
2018121900259,2,9,0,18,0,8,0,0,0,0,1,1,6,1,21,5,1124,1,12,2,2,2
2018121900275,1,17,4,17,0,0,1,0,1,4,2,1,1,1,16,4,-1,2,10,7,3,7
2018121900275,2,9,0,16,0,0,0,0,0,0,3,1,3,2,47,8,1461,2,8,6,3,6
2018121900277,1,9,0,9,0,5,0,0,0,0,4,1,2,2,40,7,-1,-1,-1,3,1,3
2018121900277,2,1,0,18,0,8,0,0,0,0,0,1,2,1,16,4,-1,-1,-1,9,1,9
2018121900327,1,9,0,5,0,1,0,0,0,0,1,1,6,2,71,10,1242,1,11,8,1,8
2018121900327,2,1,0,18,0,1,0,0,0,0,4,1,6,2,72,10,-1,-1,-1,10,1,10
2018121900337,1,9,0,18,0,6,0,0,0,0,1,1,1,1,-1,-1,-1,-1,-1,1,1,1
2018121900337,2,1,0,18,0,8,0,0,0,0,4,1,2,1,44,7,-1,-1,-1,6,1,6
2018121900338,1,19,0,18,0,0,0,0,0,0,1,1,1,1,38,7,1968,2,3,1,1,1
2018121900338,2,9,0,18,0,0,0,0,1,0,1,1,6,2,65,9,999,1,1,9,2,9
2018121900343,1,9,0,12,0,0,0,0,0,0,1,1,6,2,74,10,1995,2,3,8,1,8
2018121900343,2,9,0,3,0,0,0,0,0,0,2,1,1,2,25,5,1398,1,1,8,1,8
2018121900345,1,9,0,9,0,5,0,0,0,0,1,1,6,2,39,7,1997,1,13,-1,-1,-1
2018121900345,2,1,0,18,0,1,0,0,0,0,1,1,6,1,31,6,-1,-1,-1,3,1,3
2018121900347,1,9,0,5,0,6,0,0,0,0,1,1,6,1,23,5,1229,1,6,7,2,7
2018121900347,2,9,0,18,0,8,0,0,1,0,3,1,1,2,41,7,1969,2,1,9,3,9
2018121900348,1,9,0,18,0,0,2,0,1,9,1,1,6,1,24,5,-1,-1,-1,5,3,5
2018121900349,1,9,0,4,0,8,0,0,0,0,1,1,6,1,63,9,998,1,3,4,1,4
2018121900349,2,9,0,18,0,8,0,0,0,0,2,1,6,1,22,5,1149,1,11,9,1,9
2018121900352,1,9,0,9,0,2,0,0,0,0,1,1,6,2,52,8,1149,1,16,3,1,3
2018121900352,2,1,0,17,0,2,0,0,0,0,4,1,4,1,14,3,-1,-1,-1,9,1,9
2018121900384,1,11,0,18,0,2,0,0,0,0,0,1,1,1,-1,-1,-1,-1,-1,-1,-1,-1
2018121900387,1,9,0,16,0,4,0,0,0,0,1,1,1,1,40,7,1598,2,3,4,1,4
2018121900387,2,1,0,17,0,4,0,0,0,0,1,1,6,2,51,8,-1,-1,-1,2,1,2
2018121900440,1,9,0,18,0,1,0,0,0,0,1,1,6,1,67,10,-1,-1,-1,10,1,10
2018121900440,2,9,0,18,0,1,0,0,0,0,1,1,6,2,23,5,1368,1,10,9,1,9
2018121900440,3,9,0,18,0,1,0,0,0,0,1,1,6,1,47,8,3604,1,3,-1,-1,-1
2018121900441,1,9,0,18,0,1,0,0,0,0,3,1,6,2,29,6,2143,2,1,5,1,5
2018121900441,2,1,0,7,0,1,0,0,0,0,3,1,6,1,15,3,-1,-1,-1,7,2,7
2018121900455,1,11,0,4,0,0,0,0,0,0,0,1,1,1,37,7,4461,2,4,1,1,1
2018121900460,1,1,0,18,4,8,0,0,0,0,2,1,2,1,25,5,-1,-1,-1,8,1,8
2018121900460,2,9,0,7,0,5,0,0,0,0,1,1,6,3,-1,-1,-1,-1,-1,-1,-1,-1
2018121900501,1,20,0,16,0,0,2,0,0,0,1,1,1,1,59,9,4461,2,7,7,3,7
2018121900504,1,9,0,9,3,0,0,0,0,0,1,1,6,1,19,4,999,1,2,8,1,8
2018121900539,1,9,0,5,0,1,0,0,0,0,3,1,6,1,31,6,1560,2,6,9,3,9
2018121900539,2,2,0,18,0,1,1,0,0,0,1,1,6,1,56,9,1200,1,17,2,1,2
2018121900562,1,9,0,4,0,1,0,0,0,0,2,1,6,2,-1,-1,1206,1,5,8,3,8
2018121900562,2,19,0,18,0,1,0,0,0,0,1,1,6,1,50,8,2143,2,6,8,3,8
2018121900562,3,9,0,18,0,1,0,0,0,0,1,1,6,2,42,7,2967,2,2,9,2,9
2018121900578,1,97,0,18,9,0,0,0,0,0,1,1,6,3,-1,-1,-1,-1,-1,-1,-1,-1
2018121900647,1,9,0,18,0,3,0,0,0,0,4,1,2,2,44,7,1995,2,2,10,1,10
2018121900766,1,1,0,18,0,1,0,0,0,0,4,1,6,2,23,5,-1,-1,-1,10,2,10
2018121900766,2,9,0,5,0,1,0,0,0,0,1,1,1,1,52,8,2967,2,8,6,3,6
201812EG18011,1,9,0,16,0,0,1,0,0,0,1,1,6,2,58,9,2685,2,15,-1,-1,-1
201812EG18011,2,9,0,18,0,0,1,0,1,0,1,1,6,2,33,6,3628,2,10,-1,-1,-1
201812EG18145,1,9,0,18,0,8,0,0,3,0,3,1,6,1,82,11,998,1,5,3,1,3
201812EG18145,2,9,0,18,0,8,0,0,7,0,1,1,6,1,81,11,1198,1,4,8,3,8
20181342H0071,1,9,0,16,0,0,0,0,1,4,4,1,6,1,43,7,1995,2,12,1,1,1
20181347I1326,1,9,0,6,0,8,0,0,0,0,1,1,6,3,-1,-1,1598,2,7,-1,-1,-1
20181347I1326,2,9,0,18,0,8,0,0,0,0,3,1,6,2,33,6,1968,2,9,6,1,6
2018134971519,1,9,0,5,0,0,0,0,0,0,0,1,6,1,72,10,1686,2,7,9,1,9
2018134981404,1,9,0,4,0,6,0,0,0,0,1,1,2,2,35,6,1999,1,9,2,1,2
2018134981404,2,9,0,4,0,6,0,0,0,0,2,1,2,2,24,5,-1,-1,-1,5,1,5
2018134981404,3,9,0,18,0,6,0,0,0,0,2,1,2,1,60,9,1598,2,3,7,1,7
2018135110070,1,9,0,16,0,0,2,0,8,2,4,1,6,1,-1,-1,1896,2,15,-1,-1,-1
2018135110140,1,9,0,9,0,2,0,0,0,7,1,1,6,1,38,7,-1,-1,-1,1,1,1
2018135110287,1,9,0,18,0,0,0,0,0,0,4,1,6,1,-1,-1,-1,-1,-1,-1,-1,-1
2018135110577,1,9,0,18,0,0,2,0,7,11,4,1,6,1,23,5,-1,-1,-1,1,1,1
2018135111193,1,9,0,9,0,8,0,0,0,0,1,1,6,1,72,10,1339,1,7,6,1,6
2018135111193,2,1,0,17,0,8,5,0,0,0,1,1,6,1,54,8,-1,-1,-1,10,1,10
2018135111304,1,9,0,18,0,8,0,0,0,0,1,1,6,1,36,7,1339,1,12,6,1,6
2018135111304,2,9,0,18,0,8,0,0,0,0,4,1,6,2,57,9,1398,1,3,5,1,5
2018135111365,1,9,0,7,0,8,0,0,0,0,1,1,6,1,33,6,-1,-1,-1,4,1,4
2018135111365,2,9,0,18,0,1,0,0,0,0,1,1,6,1,31,6,1598,1,10,1,1,1
2018135111443,1,9,0,18,0,0,0,0,0,0,1,1,6,1,37,7,1968,2,10,1,1,1
2018135111450,1,9,0,3,0,7,0,0,0,0,2,1,6,2,29,6,1229,1,12,1,1,1
2018135111450,2,9,0,4,0,7,0,0,0,0,1,1,6,1,23,5,999,1,2,-1,-1,-1
2018135111461,1,9,0,18,0,0,0,0,0,0,1,2,6,3,-1,-1,-1,-1,-1,-1,-1,-1
2018135111461,2,9,0,18,0,0,0,0,0,0,2,1,6,1,44,7,2497,2,12,4,1,4
2018135111524,1,9,0,9,0,1,1,0,0,0,4,1,6,1,84,11,1248,1,8,-1,-1,-1
2018135111524,2,9,0,18,0,1,1,0,0,0,1,1,6,1,46,8,2143,2,3,-1,-1,-1
2018135112168,1,9,0,13,0,8,1,7,0,0,1,1,6,1,33,6,1968,2,6,-1,-1,-1
2018135112168,2,9,0,18,0,8,0,0,0,0,1,1,6,1,47,8,2172,2,16,-1,-1,-1
2018135121147,1,9,0,18,0,0,0,0,0,0,1,1,2,2,29,6,1364,2,11,2,1,2
2018135121185,1,9,0,1,0,0,0,0,0,0,2,1,6,2,51,8,1084,1,1,10,1,10
2018135121356,1,8,0,18,0,0,0,0,0,0,1,1,1,1,50,8,1896,2,9,3,1,3
2018135130351,1,9,0,18,0,0,0,0,0,0,1,1,3,2,45,7,2993,2,1,3,1,3
2018135130478,1,9,0,18,0,0,0,0,0,0,1,1,6,2,43,7,1598,1,8,-1,-1,-1
2018135130478,2,8,0,4,0,0,0,0,0,0,2,1,1,1,51,8,2987,2,4,1,1,1
2018135130621,1,8,0,9,0,8,0,0,0,0,3,1,1,1,50,8,1598,2,5,1,1,1
2018135130621,2,9,0,9,0,8,0,0,0,0,4,1,6,3,-1,-1,-1,-1,-1,-1,-1,-1
2018135131385,1,9,0,9,0,8,0,0,0,0,1,1,6,2,34,6,1598,1,12,-1,-1,-1
2018135131385,2,1,0,18,0,8,5,0,0,0,3,1,6,1,42,7,-1,-1,-1,9,1,9
2018135131497,1,9,0,18,0,8,0,0,0,0,1,1,6,2,53,8,998,1,2,8,3,8
2018135131497,2,9,0,9,0,8,0,0,0,0,1,1,6,1,27,6,1328,1,13,6,1,6
2018135131732,1,9,0,18,0,7,0,0,0,0,1,1,2,1,32,6,1968,2,3,-1,-1,-1
2018135131732,2,8,0,18,0,1,0,0,0,0,4,1,1,1,25,5,1598,2,4,-1,-1,-1
2018135131754,1,9,0,3,0,0,0,0,0,0,2,1,6,1,31,6,1596,1,15,6,2,6
2018135131754,2,9,0,18,0,0,0,0,0,0,1,1,6,1,20,4,1360,1,6,8,2,8
2018135131777,1,9,0,9,0,8,0,0,0,0,1,1,6,1,18,4,1368,1,10,5,1,5
2018135131777,2,9,0,18,0,8,0,0,0,0,1,1,6,1,36,7,998,1,17,1,1,1
2018135131860,1,9,0,7,0,6,0,0,0,0,0,1,2,1,66,10,2494,8,1,2,1,2
2018135131860,2,1,0,18,0,1,0,0,0,0,0,1,2,2,23,5,-1,-1,-1,4,1,4
2018135140092,1,19,0,18,0,0,0,0,0,0,1,1,1,1,30,6,2187,2,16,8,2,8
2018135140092,2,21,1,18,0,0,0,0,0,0,2,1,1,1,49,8,12740,2,3,-1,-1,-1
2018135140092,3,21,1,18,0,0,0,0,0,0,3,1,1,1,37,7,12740,2,3,-1,-1,-1
2018135140092,4,21,1,18,0,0,0,0,0,0,3,1,1,1,39,7,10677,2,1,-1,-1,-1
2018135140196,1,9,0,18,0,0,0,0,0,0,1,1,6,1,45,7,1910,2,11,9,1,9
2018135140196,2,9,0,18,0,0,0,0,0,0,1,1,6,1,51,8,1598,2,7,1,1,1