Accident_Index,Vehicle_Reference,Vehicle_Type,Towing_and_Articulation,Vehicle_Manoeuvre,Vehicle_Location-Restricted_Lane,Junction_Location,Skidding_and_Overturning,Hit_Object_in_Carriageway,Vehicle_Leaving_Carriageway,Hit_Object_off_Carriageway,1st_Point_of_Impact,Was_Vehicle_Left_Hand_Drive?,Journey_Purpose_of_Driver,Sex_of_Driver,Age_of_Driver,Age_Band_of_Driver,Engine_Capacity_(CC),Propulsion_Code,Age_of_Vehicle,Driver_IMD_Decile,Driver_Home_Area_Type,Vehicle_IMD_Decile
20181351R1287,2,9,0,9,0,0,0,0,0,0,1,1,6,1,48,8,1598,1,9,1,1,1
20181351R1287,3,8,0,2,0,0,0,0,0,0,4,1,1,1,27,6,1797,8,7,1,1,1
20181351R1371,1,9,0,9,0,5,0,0,0,0,4,1,6,1,24,5,2143,2,5,-1,-1,-1
20181351R1371,2,9,0,18,0,8,0,0,0,0,1,1,6,1,63,9,998,1,3,6,1,6
20181351R1473,1,9,0,2,0,0,0,0,0,0,1,1,6,1,28,6,1586,1,1,1,1,1
20181351R1473,2,9,0,18,0,0,0,0,0,0,1,1,6,1,38,7,1390,1,8,1,1,1
20181351R1621,1,9,0,4,0,8,0,0,0,0,1,1,6,3,-1,-1,-1,-1,-1,-1,-1,-1
20181351R1621,2,9,0,3,0,8,0,0,0,0,2,1,6,1,64,9,1587,1,16,1,1,1
20181351R1976,1,9,0,18,9,2,0,0,7,11,3,1,6,1,29,6,1968,2,11,-1,-1,-1
20181351R1976,2,9,0,9,0,1,0,0,0,0,3,1,6,1,63,9,1386,1,13,1,1,1
20181351R1989,1,9,0,18,0,1,0,0,0,0,1,1,6,3,-1,-1,1368,1,10,-1,-1,-1
20181351R1989,2,9,0,18,0,1,0,0,0,0,4,1,6,2,26,6,973,1,15,1,1,1
20181351S0502,1,9,0,9,0,8,0,0,0,0,1,1,6,1,27,6,1397,1,15,1,1,1
20181351S0600,1,9,0,18,0,0,0,0,0,0,1,1,6,1,40,7,-1,-1,-1,4,1,4
20181351S0600,2,9,0,2,0,0,0,0,0,0,1,1,6,3,-1,-1,2497,2,11,-1,-1,-1
20181351S0769,1,9,0,18,0,0,0,10,0,0,3,1,6,1,20,4,1956,2,4,-1,-1,-1
20181351S0769,2,9,0,18,0,0,0,10,0,0,4,1,1,1,25,5,-1,-1,-1,1,1,1
20181351S0923,1,9,0,18,0,8,0,0,0,0,3,1,6,1,36,7,1968,2,10,1,1,1
20181351S0923,2,9,0,18,0,1,0,0,0,0,4,1,6,2,36,7,1798,1,12,1,1,1
20181351S1010,1,9,0,1,0,0,0,0,0,0,1,1,6,2,48,8,1598,2,3,1,1,1
20181351S1010,2,9,0,1,0,0,0,0,0,0,1,1,6,2,30,6,1299,1,14,1,1,1
20181351S1189,1,3,0,18,0,0,0,0,0,0,1,1,6,1,19,4,124,1,8,2,1,2
20181351S1189,2,9,0,1,0,0,0,0,0,0,3,1,1,1,33,6,-1,-1,-1,1,1,1
20181351S1243,1,9,0,18,0,0,1,0,2,0,1,1,6,1,34,6,1388,1,15,4,1,4
20181351S1243,2,9,0,2,0,0,0,0,0,0,1,1,6,2,30,6,996,1,8,4,1,4
20181351S1426,1,9,0,9,0,6,0,0,1,4,2,1,6,1,42,7,1598,1,14,4,1,4
20181351S1426,2,9,0,18,0,8,0,0,0,0,1,1,6,1,22,5,1498,1,-1,3,1,3
20181351S1442,1,9,0,18,0,8,0,0,0,0,1,1,6,1,21,5,1896,2,11,1,1,1
20181351S1442,2,19,0,7,0,8,0,0,0,0,1,1,6,1,31,6,2148,2,11,3,1,3
20181351S1658,1,9,0,18,0,1,0,0,0,0,1,1,1,1,23,5,1598,1,12,6,3,6
20181351S1658,2,9,0,9,0,1,0,0,0,1,3,1,6,1,46,8,1596,1,16,2,1,2
20181351T0191,1,19,0,18,0,0,0,0,0,0,1,1,1,1,-1,-1,2143,2,1,-1,-1,-1
20181351T0191,2,9,0,18,0,0,1,0,0,0,3,1,6,2,31,6,1686,2,5,2,1,2
20181351T0214,1,1,0,18,0,8,0,0,0,0,3,1,6,1,52,8,-1,-1,-1,8,1,8
20181351T0214,2,9,0,18,0,8,0,0,0,0,4,1,6,1,53,8,1596,1,8,9,1,9
20181351T0236,1,9,0,9,0,8,0,0,0,0,1,1,6,1,27,6,-1,-1,-1,-1,-1,-1
20181351T0308,1,9,0,18,0,0,0,0,0,0,1,1,6,2,61,9,1995,2,15,7,1,7
20181351T0334,1,9,0,1,0,0,0,0,0,0,2,1,6,2,-1,-1,-1,-1,-1,-1,-1,-1
20181351T0350,1,9,0,4,0,0,0,0,0,0,1,1,2,2,38,7,1968,2,4,6,3,6
20181351T0350,2,9,0,4,0,0,0,0,0,0,2,1,2,1,28,6,1582,2,5,3,1,3
20181351T0804,1,9,0,18,0,8,0,0,0,0,1,1,6,2,19,4,1240,1,12,7,3,7
20181351T0804,2,20,0,18,0,8,5,0,0,0,4,1,1,1,58,9,2143,2,1,6,1,6
20181351T0886,1,9,0,1,0,0,0,0,0,0,2,1,1,1,25,5,1560,2,7,5,1,5
20181351T0938,1,3,0,7,0,6,0,0,0,0,1,1,6,3,-1,-1,-1,-1,-1,-1,-1,-1
20181351T0963,1,3,0,18,0,8,0,0,0,0,1,1,6,1,23,5,124,1,12,1,1,1
20181351T0963,2,97,0,18,0,8,0,0,0,0,1,1,6,1,19,4,-1,-1,-1,-1,-1,-1
20181351T1039,1,9,0,18,0,0,1,0,2,7,1,1,6,1,55,8,1796,1,18,1,1,1
20181351T1111,1,19,0,18,0,0,1,0,0,0,1,1,1,1,40,7,1968,2,3,6,1,6
20181351T1111,2,19,0,3,0,0,0,0,0,0,0,1,1,1,60,9,2143,2,4,6,3,6
20181351T1111,3,9,0,3,0,0,0,0,0,0,0,1,2,2,52,8,1560,2,4,-1,-1,-1
20181351T1111,4,20,0,10,0,0,0,0,0,0,0,1,1,1,36,7,4250,2,12,-1,-1,-1
20181351T1114,1,9,0,18,0,8,0,0,0,0,4,1,6,1,39,7,2199,2,5,3,1,3
20181351T1114,2,9,0,7,0,8,0,0,0,0,3,1,6,1,49,8,1896,2,12,2,1,2
20181351T1190,1,9,0,5,0,6,0,0,0,0,3,1,6,2,41,7,-1,-1,-1,8,3,8
20181351T1190,2,3,0,18,0,8,0,0,0,0,1,1,6,1,31,6,124,1,2,7,3,7
20181351T1212,1,9,0,18,0,0,0,0,0,0,4,1,6,2,24,5,1896,2,16,5,2,5
20181351T1218,1,9,0,18,0,0,0,0,0,0,1,1,6,1,76,11,1896,2,10,2,1,2
20181351T1218,2,9,0,10,0,0,0,0,0,0,2,1,6,1,-1,-1,1997,2,9,5,3,5
20181351T1218,3,9,0,2,0,0,0,0,0,0,3,1,6,1,-1,-1,1398,2,14,2,1,2
20181351T1315,1,11,0,5,0,0,0,0,0,0,0,1,1,1,22,5,5132,2,2,2,1,2
20181351T1750,1,9,0,18,0,0,0,10,0,0,1,1,6,1,-1,-1,2967,2,3,-1,-1,-1
20181351T1750,2,9,0,4,0,0,0,0,0,0,2,1,1,1,35,6,2993,2,2,6,1,6
20181351T1797,1,9,0,13,0,0,0,0,4,0,3,1,6,1,31,6,1198,1,3,8,1,8
20181351U0058,1,9,0,18,0,0,1,0,5,6,3,1,6,1,20,4,1596,1,16,1,1,1
20181351U0193,1,1,0,9,0,8,0,0,0,0,1,1,6,2,29,6,-1,-1,-1,9,2,9
20181351U0193,2,9,0,9,0,6,0,0,0,0,1,1,6,1,45,7,1968,2,8,5,2,5
20181351U0195,1,9,0,18,0,0,0,0,0,0,4,1,2,1,59,9,2993,2,6,6,1,6
20181351U0217,1,1,0,18,0,8,0,0,0,0,1,1,2,1,63,9,-1,-1,-1,7,1,7
20181351U0217,2,19,0,18,0,4,0,0,0,0,3,1,2,1,70,10,1560,2,4,9,2,9
20181351U0222,1,9,0,18,0,0,0,0,0,0,2,1,6,1,48,8,1910,2,12,9,3,9
20181351U0222,2,9,0,18,0,0,0,0,0,0,2,1,6,1,56,9,1198,1,10,2,1,2
20181351U0222,3,9,0,18,0,0,0,0,0,0,2,1,6,1,35,6,-1,-1,-1,-1,-1,-1
20181351U0222,4,9,0,18,0,0,0,0,0,0,2,1,6,1,31,6,-1,-1,-1,1,1,1
20181351U0222,5,9,0,18,0,0,0,0,0,0,2,1,6,1,53,8,1968,2,5,9,2,9
20181351U0222,6,9,0,18,0,0,0,0,0,0,1,1,6,2,58,9,1242,1,7,7,1,7
20181351U0303,1,9,0,18,0,0,0,0,0,0,1,1,2,2,44,7,1339,1,10,10,3,10
20181351U0390,1,1,0,18,2,0,0,0,0,0,3,1,4,1,10,2,-1,-1,-1,8,1,8
20181351U0390,2,11,0,18,2,0,0,0,0,0,4,1,1,1,41,7,7300,2,10,1,1,1
20181351U0670,1,9,0,4,0,8,0,0,0,0,1,1,6,2,31,6,1560,2,11,4,2,4
20181351U0670,2,9,0,3,0,8,0,0,0,0,2,1,2,2,33,6,1598,1,8,6,1,6
20181351U1294,1,3,0,18,0,1,0,0,0,0,1,1,6,1,33,6,125,1,2,3,1,3
20181351U1294,2,9,0,9,0,2,0,0,0,0,1,1,6,1,48,8,2497,2,12,3,1,3
20181351U1404,1,9,0,10,0,1,0,0,0,0,1,1,6,1,20,4,1398,1,1,5,1,5
20181351U1404,2,9,0,18,0,1,0,0,0,0,1,1,6,2,47,8,1242,1,3,7,2,7
20181351U1554,1,9,0,18,0,0,0,0,0,0,1,1,6,1,43,7,-1,-1,-1,1,1,1
20181351U1574,1,9,0,18,0,0,0,0,0,0,4,1,6,1,48,8,899,1,5,1,1,1
20181351U1702,1,9,0,1,0,0,0,0,0,0,2,1,6,1,41,7,1951,2,14,-1,-1,-1
20181351U1702,2,9,0,18,0,0,0,0,0,0,4,1,6,2,39,7,1968,2,11,1,1,1
20181351U1789,1,9,0,18,9,0,0,0,1,0,1,1,6,1,-1,-1,-1,-1,-1,-1,-1,-1
20181351U2029,1,9,0,13,0,0,0,0,0,0,3,1,6,1,25,5,1399,1,1,5,1,5
20181351U2029,2,9,0,9,0,0,0,0,0,0,4,1,6,1,27,6,1390,1,13,3,1,3
20181351V0269,1,9,0,18,0,0,0,0,0,0,1,1,1,1,22,5,-1,-1,-1,1,1,1
20181351V0269,2,9,0,3,0,0,0,0,0,0,2,1,1,1,53,8,1560,2,6,2,1,2
20181351V0269,3,9,0,3,0,0,0,0,0,0,2,1,1,1,27,6,1596,1,12,3,1,3
20181351V0332,1,9,0,18,0,0,1,0,0,0,1,1,4,1,18,4,998,1,2,9,3,9
20181351V0332,2,9,0,18,0,0,0,0,0,0,2,1,2,2,25,5,1198,1,3,8,1,8
20181351V0332,3,9,0,18,0,0,0,0,0,0,3,1,2,2,37,7,1984,2,4,10,1,10
20181351V0624,1,19,0,18,0,0,0,0,0,0,1,1,6,1,42,7,1598,2,7,-1,-1,-1
20181351V0661,1,9,0,9,0,8,0,0,0,0,1,1,6,1,28,6,1242,1,6,3,1,3
20181351V0661,2,3,0,14,0,8,0,0,0,0,4,1,6,1,54,8,125,1,7,2,1,2
20181351V0967,1,9,0,6,0,0,0,0,0,0,4,1,6,2,50,8,1896,2,12,8,1,8
20181351V0967,2,1,0,18,0,0,0,0,0,0,4,1,6,1,21,5,-1,-1,-1,3,1,3
20181351V1253,1,11,0,5,0,4,0,0,0,0,1,1,1,1,18,4,7300,2,10,8,1,8
20181351V1253,2,9,0,18,0,8,1,0,0,0,4,1,2,1,28,6,1360,1,13,7,1,7
20181351V1411,1,9,0,3,0,1,0,0,0,0,2,1,6,2,25,5,1399,2,13,8,1,8
20181351V1411,2,9,0,4,0,1,0,0,0,0,1,1,6,2,31,6,1968,2,3,6,3,6
20181351V1437,1,20,0,3,0,1,0,0,0,0,2,1,1,1,34,6,2402,2,13,1,1,1
20181351V1437,2,8,0,18,0,1,0,0,0,0,1,1,1,1,44,7,1598,2,2,2,1,2
20181351V1498,1,9,0,18,0,0,0,0,0,0,1,1,6,3,-1,-1,-1,-1,-1,-1,-1,-1
20181351V1508,1,9,0,18,0,0,0,0,0,0,4,1,6,3,-1,-1,-1,-1,-1,-1,-1,-1
20181351V1558,1,9,0,5,0,1,0,0,0,0,3,1,2,2,31,6,1968,2,10,1,1,1
20181351V1565,1,9,0,9,0,6,0,0,0,0,1,1,6,1,24,5,1368,1,1,1,1,1
20181351V1565,2,9,0,18,0,8,0,0,0,0,1,1,6,1,24,5,2993,2,2,4,1,4
20181351V1573,1,9,0,18,0,8,0,0,0,0,3,1,6,1,34,6,2204,2,10,-1,-1,-1
20181351V1573,2,9,0,18,0,8,0,0,0,0,1,1,6,1,66,10,1598,1,12,1,1,1
20181351V1725,1,9,0,9,0,8,0,0,0,0,1,1,1,1,54,8,1398,1,17,4,1,4
20181351V1790,1,9,0,18,0,1,0,0,0,0,1,1,6,3,-1,-1,-1,-1,-1,-1,-1,-1
20181351V1790,2,9,0,3,0,1,0,0,0,0,2,1,6,2,29,6,1364,1,5,2,-1,2
2018135210371,1,9,0,18,0,0,0,0,0,0,1,1,6,3,-1,-1,-1,-1,-1,-1,-1,-1
2018135210417,1,9,0,18,0,1,0,0,0,0,0,1,6,3,-1,-1,-1,-1,-1,-1,-1,-1
2018135210508,1,9,0,9,0,8,0,0,0,0,3,1,6,1,49,8,-1,-1,-1,10,3,10
2018135210508,2,1,0,10,0,1,5,0,0,0,1,1,6,1,28,6,-1,-1,-1,4,1,4
2018135210599,1,9,0,4,0,2,0,0,0,0,2,1,1,2,24,5,1997,2,1,1,1,1
2018135210599,2,9,0,18,0,2,0,0,0,0,1,1,6,2,33,6,1598,1,10,3,3,3
2018135210620,1,9,0,9,0,5,0,0,0,0,1,1,6,2,65,9,1422,2,12,-1,-1,-1
2018135210831,1,19,0,5,0,8,0,0,0,0,1,1,6,1,20,4,2298,2,2,2,1,2
2018135210831,2,19,0,5,0,8,0,0,0,0,2,1,6,1,52,8,2143,2,1,8,1,8
2018135210831,3,9,0,5,0,8,0,0,0,0,2,1,6,2,42,7,2143,2,5,6,1,6
2018135210901,1,4,0,18,0,0,1,0,0,0,4,1,6,2,52,8,249,1,21,3,1,3
2018135210985,1,11,0,18,0,8,0,0,0,0,0,1,1,1,42,7,6700,2,10,3,1,3
2018135210985,2,9,0,9,0,6,0,0,0,0,0,1,6,3,-1,-1,-1,-1,-1,-1,-1,-1
2018135211250,1,9,0,16,0,0,0,0,0,0,1,1,6,1,52,8,-1,-1,-1,3,1,3
2018135211250,2,9,0,17,0,0,0,0,0,0,1,1,6,1,21,5,1499,2,3,2,1,2
2018135211295,1,3,0,18,0,1,0,0,0,0,1,1,1,1,29,6,124,1,1,3,1,3
2018135211329,1,9,0,18,0,0,0,0,0,0,1,1,2,2,28,6,999,1,3,5,1,5
2018135211329,2,9,0,4,0,0,0,0,0,0,2,1,2,1,55,8,-1,-1,-1,6,1,6
2018135211489,1,9,0,9,0,0,0,0,0,0,1,1,6,1,42,7,1796,1,16,9,1,9
2018135211489,2,9,0,18,0,0,0,0,0,0,1,1,6,1,22,5,1896,2,15,1,1,1
2018135211579,1,9,0,2,0,0,0,0,0,0,2,1,6,1,63,9,2188,2,12,1,1,1
2018135211579,2,21,1,18,0,0,0,0,0,0,2,1,1,1,37,7,12740,2,2,2,1,2
2018135211579,3,9,0,18,0,0,0,0,0,0,4,1,6,1,44,7,1969,12,3,9,2,9
2018135211614,1,9,0,18,0,6,0,0,0,0,1,1,6,1,20,4,1364,1,3,-1,-1,-1
2018135211614,2,9,0,18,0,8,0,0,0,0,4,1,6,1,25,5,1595,1,17,3,2,3
2018135211823,1,9,0,9,0,6,0,0,0,0,1,1,6,1,29,6,1598,2,6,8,1,8
2018135211823,2,1,0,18,0,8,0,0,0,0,3,1,6,1,44,7,-1,-1,-1,7,1,7
2018135220298,1,9,0,18,0,0,0,0,0,0,1,1,6,2,63,9,-1,-1,-1,8,1,8
2018135220471,1,11,0,5,0,1,0,0,0,0,0,1,1,1,34,6,9360,2,9,2,1,2
2018135221131,1,9,0,9,0,8,5,0,0,0,3,1,6,1,30,6,1200,1,3,2,1,2
2018135221131,2,9,0,18,0,8,0,0,0,0,1,1,6,1,54,8,1461,2,7,9,1,9
2018135221160,1,9,0,5,0,0,0,0,0,0,4,1,6,1,-1,-1,-1,-1,-1,-1,-1,-1
2018135221273,1,9,0,18,0,1,0,0,0,0,1,1,6,1,57,9,1968,2,4,3,1,3
2018135221273,2,9,0,2,0,1,0,0,0,0,2,1,6,1,-1,-1,1248,2,4,-1,-1,-1
2018135221273,3,9,0,2,0,1,0,0,0,0,2,1,6,1,-1,-1,1198,1,9,-1,-1,-1
2018135221295,1,9,0,18,0,0,0,0,0,0,1,1,6,2,43,7,998,1,4,7,1,7
2018135221345,1,5,0,14,0,0,0,0,0,0,1,1,6,1,31,6,1002,1,21,1,1,1
2018135221345,2,9,0,9,0,0,0,0,0,0,1,1,6,1,18,4,1229,1,12,7,3,7
2018135221554,1,8,0,2,0,1,0,0,0,0,4,1,1,1,-1,-1,1798,8,1,6,1,6
2018135221554,2,1,0,18,0,1,0,0,0,0,1,1,6,2,21,5,-1,-1,-1,1,1,1
2018135221579,1,9,0,18,0,0,0,0,0,0,1,1,3,2,31,6,1200,1,-1,8,1,8
2018135221602,1,9,0,18,0,8,0,0,0,0,1,1,6,3,-1,-1,2000,1,9,-1,-1,-1
2018135221602,2,9,0,9,0,8,0,0,0,0,4,1,6,2,37,7,1595,1,4,4,1,4
2018135221602,3,8,0,18,0,8,0,0,0,0,1,1,1,1,-1,-1,1598,2,6,-1,-1,-1
2018135221770,1,9,0,16,0,1,1,0,1,4,3,1,2,1,23,5,1896,2,16,7,1,7
2018135230570,1,8,0,18,0,8,0,0,0,0,1,1,6,1,47,8,1598,2,5,-1,-1,-1
2018135230570,2,9,0,18,0,8,0,0,0,0,1,1,1,2,35,6,1229,1,4,2,1,2
2018135230684,1,9,0,1,0,6,0,0,0,0,2,1,6,3,-1,-1,898,1,3,-1,-1,-1
2018135230684,2,19,0,18,0,8,0,0,0,0,3,1,6,1,28,6,1753,2,14,1,1,1
2018135230700,1,9,0,18,0,0,1,0,2,2,1,1,6,1,77,11,998,1,16,9,1,9
2018135230700,2,9,0,3,0,0,0,0,0,0,2,1,6,1,45,7,1596,1,5,8,1,8
2018135230704,1,11,0,5,0,1,0,0,0,0,4,1,1,1,52,8,7300,2,5,10,2,10
2018135230952,1,9,0,18,0,8,0,0,0,0,1,1,6,1,59,9,1242,1,4,10,1,10
2018135231331,1,9,0,1,0,0,0,0,0,0,2,1,6,1,-1,-1,-1,-1,-1,-1,-1,-1
2018135231758,1,9,0,18,0,6,0,0,0,0,1,1,6,3,-1,-1,1560,2,14,-1,-1,-1
2018135231758,2,9,0,18,0,1,0,0,1,0,3,1,6,1,37,7,1296,1,10,1,1,1
2018135231836,1,9,0,9,0,8,0,0,0,0,1,1,1,1,36,7,1797,8,5,1,1,1
2018135240321,1,9,0,18,0,1,0,0,0,0,3,1,6,1,29,6,-1,-1,-1,-1,-1,-1
2018135240945,1,9,0,18,0,0,0,0,0,0,1,1,6,3,-1,-1,-1,-1,-1,-1,-1,-1
2018135240945,2,8,0,18,0,0,1,0,0,0,2,1,1,1,41,7,1997,2,8,4,1,4
2018135241227,1,9,0,18,0,0,0,0,0,0,2,1,2,2,47,8,1242,1,2,8,2,8
2018135241227,2,5,0,18,0,0,2,0,0,0,1,1,2,1,39,7,883,1,12,7,1,7
2018135241389,1,9,0,18,0,1,0,0,0,0,1,1,6,1,31,6,1781,1,14,1,1,1
2018135241389,2,9,0,5,0,1,0,0,4,0,2,1,6,1,37,7,1968,2,10,2,1,2
2018135241529,1,9,0,5,0,6,0,0,0,0,2,1,6,1,41,7,2143,2,5,1,1,1
2018135241529,2,9,0,5,0,6,0,0,0,0,1,1,6,2,35,6,1339,1,13,7,1,7
2018135241545,1,9,0,5,0,0,0,0,0,0,4,1,1,1,63,9,1896,2,8,4,1,4
2018135241587,1,9,0,18,0,0,1,0,2,11,1,1,6,1,34,6,-1,-1,-1,-1,-1,-1
2018135241587,2,11,0,18,0,0,0,0,0,0,1,1,1,1,52,8,4580,2,8,2,1,2
2018135241812,1,3,0,18,0,1,5,0,0,0,1,1,6,1,57,9,124,1,9,-1,-1,-1
2018135241812,2,9,0,5,0,8,0,0,0,0,3,1,6,2,33,6,1598,1,13,1,1,1
2018135241856,1,9,0,6,0,0,0,0,0,0,2,1,1,1,33,6,1390,1,10,-1,-1,-1
2018135241856,2,9,0,18,0,0,1,0,7,10,1,1,6,2,17,4,1598,2,3,-1,-1,-1
2018135250225,1,9,0,18,0,0,0,0,0,0,4,1,6,2,52,8,1968,2,6,2,1,2
2018135250225,2,1,0,18,0,0,0,0,0,0,1,1,6,1,37,7,-1,-1,-1,1,1,1
2018135250372,1,9,0,18,0,8,0,0,0,0,1,1,6,1,29,6,1398,2,8,1,1,1
2018135250372,2,9,0,9,0,6,0,0,0,0,3,1,6,1,33,6,1242,1,7,4,1,4
2018135250729,1,9,0,15,0,0,0,0,0,0,1,1,6,2,29,6,1461,2,11,2,2,2
2018135250960,1,9,0,18,0,1,0,0,0,0,1,1,6,1,19,4,1248,2,7,5,1,5
2018135250960,2,9,0,4,0,5,0,0,0,0,2,1,6,1,20,4,998,1,12,4,1,4
2018135251184,1,9,0,6,0,8,0,0,1,4,1,1,6,1,68,10,3189,1,11,7,1,7
2018135251184,2,21,1,2,0,8,0,0,0,0,1,1,6,1,49,8,12809,2,5,1,1,1
2018135251260,1,9,0,18,0,0,0,0,0,0,1,1,6,1,29,6,2143,2,7,1,1,1
2018135251260,2,9,0,18,0,0,0,0,0,0,1,1,6,3,30,6,1496,2,1,-1,-1,-1
2018135251301,1,9,0,18,0,0,0,0,0,0,1,1,6,3,-1,-1,-1,-1,-1,-1,-1,-1
2018135251301,2,9,0,3,0,0,0,0,0,0,2,1,6,2,49,8,1242,1,11,8,1,8
2018135251712,1,9,0,16,0,0,0,0,0,0,3,1,6,1,30,6,1896,2,15,-1,-1,-1
2018135251712,2,9,0,17,0,0,0,0,0,0,3,1,6,1,29,6,1229,1,9,3,1,3
2018135251726,1,11,0,5,0,0,0,0,0,0,4,1,1,1,24,5,7300,2,10,4,1,4
2018135252158,1,9,0,5,0,8,0,0,0,0,3,1,6,1,20,4,2143,2,1,1,1,1
2018135260124,1,9,0,9,0,8,1,0,1,11,1,1,6,1,22,5,2926,2,16,1,1,1
2018135260358,1,19,0,1,0,0,0,0,1,11,2,1,1,1,-1,-1,-1,-1,-1,-1,-1,-1
2018135260393,1,9,0,18,0,0,0,0,0,0,1,1,6,2,68,10,1998,2,12,2,1,2
2018135260444,1,9,0,9,0,1,0,0,0,0,1,1,6,2,19,4,998,1,12,5,3,5
2018135260444,2,9,0,18,0,1,0,0,0,0,3,1,6,2,36,7,1296,1,11,1,1,1
2018135261088,1,9,0,18,0,0,0,0,0,0,1,1,6,3,-1,-1,-1,-1,-1,-1,-1,-1
2018135261209,1,21,1,18,0,0,0,0,0,0,1,1,1,1,57,9,12740,2,6,4,3,4
2018135261209,2,9,0,3,0,0,0,0,0,0,2,1,2,2,45,7,1124,1,13,-1,-1,-1
2018135261325,1,21,1,11,0,0,0,0,0,0,4,1,1,1,47,8,12902,2,3,5,3,5
2018135261325,2,9,0,18,0,0,0,0,2,7,3,1,2,1,53,8,1596,1,15,3,1,3
2018135261603,1,11,0,18,0,8,1,0,0,0,1,1,1,1,26,6,4760,2,7,7,1,7
2018135261640,1,9,0,18,0,0,0,0,1,4,1,1,6,1,21,5,1910,2,9,2,1,2
2018135270223,1,9,0,16,0,0,1,0,0,1,1,1,2,1,32,6,2993,2,7,10,1,10
2018135270324,1,9,0,9,0,8,0,0,0,0,1,1,6,2,38,7,1496,1,1,2,1,2
2018135270347,1,19,0,18,0,8,0,0,0,0,4,1,1,1,45,7,2143,2,2,6,1,6
2018135270347,2,9,0,18,0,1,0,0,0,0,1,1,2,1,27,6,-1,-1,-1,4,1,4
2018135270373,1,1,0,7,0,8,5,0,0,0,3,1,6,1,43,7,-1,-1,-1,3,1,3
2018135270373,2,9,0,18,0,8,0,0,0,0,1,1,6,1,63,9,1229,1,8,10,3,10
2018135270406,1,9,0,18,0,8,0,0,0,0,4,1,6,1,29,6,1229,1,8,1,1,1
2018135270406,2,1,0,18,0,1,0,0,0,0,1,1,6,1,58,9,-1,-1,-1,2,1,2
2018135270434,1,19,0,17,0,0,0,0,0,0,1,1,1,1,31,6,1995,2,9,5,1,5
2018135270434,2,19,0,17,0,0,0,0,0,0,2,1,1,1,54,8,1995,2,4,3,1,3
2018135270548,1,21,1,18,0,7,0,0,0,0,2,1,1,1,55,8,12777,2,1,2,1,2
2018135270548,2,21,0,18,0,7,0,0,0,0,1,1,1,1,46,8,-1,-1,-1,5,1,5
2018135270548,3,9,0,18,0,7,0,0,0,0,1,1,6,2,65,9,1598,1,10,6,1,6
2018135270568,1,21,0,11,0,0,0,0,0,0,1,1,6,1,39,7,12777,2,11,3,1,3
2018135270568,2,9,0,18,0,0,0,0,5,0,2,1,6,2,27,6,1197,1,6,5,1,5
2018135270682,1,9,0,18,0,1,0,0,0,0,1,1,6,3,-1,-1,-1,-1,-1,-1,-1,-1
2018135270682,2,9,0,4,0,1,0,0,0,0,2,1,6,1,37,7,-1,-1,-1,4,1,4
2018135270682,3,9,0,4,0,1,0,0,0,0,2,1,6,2,29,6,1598,1,14,4,1,4
2018135271101,1,9,0,1,9,0,0,0,0,0,2,1,2,1,30,6,1686,2,7,1,1,1
2018135271226,1,9,0,18,0,0,0,0,0,0,1,1,6,2,44,7,1329,1,7,1,1,1
2018135271398,1,9,0,4,0,0,0,0,0,0,2,1,2,2,18,4,1560,2,5,7,2,7
2018135271398,2,19,0,18,0,0,0,0,0,0,1,1,2,1,34,6,1997,2,1,3,1,3
2018135271687,1,8,0,17,0,1,0,0,0,0,1,1,1,1,52,8,1794,7,9,4,1,4
2018135271687,2,9,0,5,0,1,0,0,0,0,1,1,2,1,40,7,1598,1,6,6,1,6
2018135271913,1,8,0,18,0,0,0,12,0,0,1,1,1,1,42,7,1968,2,6,6,1,6
2018135271995,1,9,0,18,0,0,0,0,1,1,1,1,6,1,27,6,1997,2,11,3,1,3
2018135280496,1,9,0,18,0,1,0,0,0,0,0,1,6,3,-1,-1,-1,-1,-1,-1,-1,-1
2018135280659,1,9,0,18,0,0,0,0,0,0,1,1,6,1,38,7,-1,-1,-1,5,1,5
2018135280659,2,9,0,6,0,0,0,0,0,0,3,1,6,1,-1,-1,-1,-1,-1,-1,-1,-1
2018135280736,1,9,0,18,0,1,0,0,0,0,1,1,6,1,49,8,1586,1,12,2,1,2
2018135280736,2,9,0,9,0,6,0,0,0,0,1,1,6,1,22,5,1242,1,7,6,1,6
2018135281270,1,10,0,13,0,8,1,0,0,0,1,1,1,1,40,7,-1,-1,-1,-1,-1,-1
2018135281270,2,9,0,4,0,8,0,0,0,0,2,1,6,1,32,6,2143,2,2,-1,-1,-1
2018135281420,1,9,0,14,0,0,0,0,0,0,4,1,6,1,52,8,1390,1,14,1,1,1
2018135281473,1,9,0,5,0,0,0,0,0,0,3,1,6,1,20,4,1197,1,2,7,1,7
2018135281473,2,9,0,18,0,0,0,0,0,0,4,1,6,1,73,10,1399,2,15,2,1,2
2018135281473,3,9,0,2,0,0,0,0,0,0,4,1,6,1,41,7,2198,2,12,5,1,5
2018135281473,4,9,0,2,0,0,0,0,0,0,4,1,6,1,31,6,1968,2,4,6,1,6
2018135281547,1,11,0,18,0,1,0,0,0,0,1,1,1,1,21,5,7300,2,13,8,2,8
2018135281547,2,9,0,9,0,8,0,0,0,0,4,1,6,1,27,6,1968,2,4,5,1,5
2018135281547,3,9,0,10,0,1,0,0,0,0,1,1,6,1,24,5,1968,2,9,-1,-1,-1
2018135281637,1,9,0,9,0,1,0,0,0,0,3,1,6,2,31,6,1200,1,1,1,1,1