Accident_Index,Vehicle_Reference,Vehicle_Type,Towing_and_Articulation,Vehicle_Manoeuvre,Vehicle_Location-Restricted_Lane,Junction_Location,Skidding_and_Overturning,Hit_Object_in_Carriageway,Vehicle_Leaving_Carriageway,Hit_Object_off_Carriageway,1st_Point_of_Impact,Was_Vehicle_Left_Hand_Drive?,Journey_Purpose_of_Driver,Sex_of_Driver,Age_of_Driver,Age_Band_of_Driver,Engine_Capacity_(CC),Propulsion_Code,Age_of_Vehicle,Driver_IMD_Decile,Driver_Home_Area_Type,Vehicle_IMD_Decile
2018135281637,2,9,0,18,0,5,0,0,0,0,1,1,6,1,33,6,1364,1,3,1,1,1
2018135281685,1,9,0,18,0,0,0,0,0,0,1,1,6,3,-1,-1,2477,2,15,-1,-1,-1
2018135281685,2,9,0,18,0,0,0,0,0,0,2,1,6,1,22,5,1229,1,5,4,1,4
2018135281708,1,9,0,9,0,8,0,0,0,0,1,1,6,1,21,5,1995,2,13,1,1,1
2018135281708,2,9,0,18,0,8,0,0,0,0,1,1,6,2,37,7,1560,2,5,4,1,4
2018135281806,1,9,0,18,0,0,1,0,2,1,3,1,6,1,28,6,1896,2,21,3,1,3
2018135290250,1,3,0,18,0,8,0,0,0,0,4,1,2,1,47,8,125,1,14,2,1,2
2018135290250,2,9,0,5,0,8,0,0,0,0,1,1,2,1,57,9,1364,2,12,4,1,4
2018135290494,1,9,0,18,0,1,0,0,0,0,1,1,6,1,-1,-1,-1,-1,-1,-1,-1,-1
2018135290494,2,9,0,10,0,1,0,0,0,0,2,1,6,1,64,9,1360,1,15,9,1,9
2018135290786,1,9,0,18,0,0,0,0,0,0,1,1,6,1,33,6,1753,2,12,3,1,3
2018135290853,1,9,0,18,0,0,0,0,0,0,1,1,1,2,38,7,1395,1,2,7,3,7
2018135290853,2,9,0,18,0,0,0,0,0,0,2,1,1,1,52,8,1560,2,6,3,1,3
2018135291088,1,9,0,18,0,8,0,0,0,0,1,1,6,1,30,6,-1,-1,-1,-1,-1,-1
2018135291088,2,9,0,4,0,8,0,0,0,0,2,1,6,1,39,7,1598,1,10,-1,-1,-1
2018135291149,1,9,0,18,0,8,1,0,1,10,4,1,6,1,22,5,1329,1,8,4,1,4
2018135291149,2,9,0,18,0,8,0,0,0,0,0,1,1,1,42,7,2993,2,5,1,1,1
2018135291212,1,11,0,4,0,7,0,0,0,0,0,1,1,1,64,9,5132,2,2,1,1,1
2018135291312,1,9,0,18,0,0,1,0,0,0,1,1,6,1,32,6,2967,2,1,2,1,2
2018135291312,2,9,0,18,0,0,1,0,0,0,1,1,6,2,25,5,1499,1,1,-1,-1,-1
2018135291312,3,9,0,4,0,0,0,0,0,0,2,1,6,2,18,4,1242,1,5,9,1,9
2018135291312,4,9,0,4,0,0,0,0,0,0,2,1,6,1,56,9,1968,2,3,7,1,7
2018135291312,5,19,0,18,0,0,0,0,0,0,3,1,1,1,57,9,1248,2,1,3,1,3
2018135291438,1,9,0,6,0,0,0,0,0,0,3,1,6,2,24,5,998,1,16,4,1,4
2018135291438,2,3,0,18,0,0,0,0,0,0,1,1,6,1,55,8,125,1,1,6,3,6
2018135291533,1,3,0,9,0,6,0,0,0,0,0,1,6,3,-1,-1,-1,-1,-1,-1,-1,-1
2018135291533,2,9,0,18,0,8,2,0,0,0,0,1,2,1,19,4,-1,-1,-1,10,1,10
2018135291636,1,19,0,13,0,8,0,0,0,0,1,1,6,1,32,6,1598,2,3,9,2,9
2018135291636,2,9,0,9,0,5,0,0,0,0,3,1,6,1,23,5,1997,2,10,9,2,9
2018135291645,1,9,0,18,0,0,0,0,0,0,1,1,6,1,32,6,1360,1,10,1,1,1
2018135291779,1,3,0,18,0,0,0,0,0,0,1,1,6,1,20,4,109,1,5,2,1,2
2018135291779,2,10,0,6,0,0,0,0,0,0,3,1,1,1,65,9,-1,-1,-1,2,1,2
20181352A0567,1,19,0,6,0,5,0,0,0,0,1,1,6,1,29,6,1910,2,10,2,1,2
20181352A0567,2,3,0,18,0,1,0,0,0,0,1,1,1,1,23,5,125,1,1,4,1,4
20181352A0567,3,9,0,4,0,1,0,0,0,0,1,1,6,2,57,9,1999,8,1,10,1,10
20181352A0567,4,9,0,4,0,1,0,0,0,0,1,1,6,1,56,9,1496,1,3,10,1,10
20181352A1309,1,2,0,18,0,0,0,0,0,0,1,1,2,2,53,8,124,1,5,-1,-1,-1
20181352A1309,2,9,0,18,0,0,0,0,0,0,2,1,6,1,63,9,1796,1,4,10,1,10
20181352A1399,1,19,0,16,0,8,1,0,0,0,1,1,6,1,-1,-1,2198,2,4,-1,-1,-1
20181352A1399,2,9,0,17,0,8,0,0,0,0,1,1,6,2,-1,-1,1998,1,-1,10,1,10
20181352A1399,3,9,0,17,0,8,0,0,0,0,1,1,6,2,30,6,998,1,6,5,2,5
20181352A1718,1,4,0,18,0,8,0,0,0,0,1,1,6,1,28,6,-1,-1,-1,1,1,1
20181352A1718,2,9,0,9,0,1,0,0,0,0,3,1,6,1,44,7,1968,2,7,8,1,8
20181352B0379,1,9,0,16,0,8,1,0,7,11,1,1,6,1,25,5,2143,2,2,2,1,2
20181352B0431,1,9,0,5,0,8,0,0,0,0,1,1,6,1,-1,-1,1998,1,11,3,1,3
20181352B0431,2,1,0,5,0,8,0,0,0,0,2,1,6,1,58,9,-1,-1,-1,8,1,8
20181352B0993,1,9,0,18,0,0,0,0,0,0,4,1,6,3,-1,-1,-1,-1,-1,-1,-1,-1
20181352B1046,1,11,0,4,0,0,0,0,0,0,0,1,1,1,57,9,9360,2,9,3,1,3
20181352B1166,1,11,0,18,0,0,0,0,0,0,0,1,1,1,51,8,4461,2,3,-1,-1,-1
20181352B1351,1,9,0,18,0,0,0,0,0,0,1,1,6,1,38,7,1986,2,10,3,1,3
20181352B1351,2,9,0,18,0,0,0,0,0,0,1,1,6,1,24,5,1995,2,9,3,1,3
20181352B1402,1,9,0,7,0,1,1,0,8,11,1,1,6,1,66,10,1686,2,5,8,1,8
20181352B1414,1,9,0,18,0,0,0,0,0,0,1,1,6,2,27,6,1199,1,17,3,1,3
20181352B1414,2,8,0,18,0,0,0,0,0,0,1,1,6,1,54,8,1896,2,8,1,1,1
20181352C0465,1,9,0,14,0,0,0,4,0,0,1,1,6,1,41,7,898,1,2,1,1,1
20181352C0465,2,9,0,15,0,0,0,4,0,0,1,1,6,2,64,9,-1,-1,-1,3,1,3
20181352C0505,1,9,0,1,0,0,0,0,0,0,4,1,6,1,70,10,1364,1,2,2,1,2
20181352C0505,2,9,0,18,0,0,0,0,0,0,1,1,6,2,42,7,1896,2,15,2,1,2
20181352C1095,1,21,0,11,0,0,0,0,0,0,0,1,6,1,58,9,12777,2,2,1,1,1
20181352C1095,2,9,0,18,0,0,0,0,0,7,2,1,6,2,26,6,1199,1,14,8,1,8
20181352C1284,1,9,0,14,0,0,0,0,0,0,1,1,6,3,-1,-1,-1,-1,-1,-1,-1,-1
20181352C1430,1,9,0,11,0,0,0,0,0,0,0,1,6,3,-1,-1,1364,1,2,-1,-1,-1
20181352C1430,2,11,0,18,0,0,0,0,0,0,0,1,1,1,65,9,5132,2,2,1,1,1
20181352C1507,1,9,0,18,0,0,0,0,0,0,1,1,6,1,49,8,1598,1,8,-1,-1,-1
20181352C1751,1,9,0,9,0,8,0,0,0,0,1,1,6,1,28,6,1461,2,1,7,1,7
20181352C1751,2,1,0,14,0,8,5,0,0,0,1,1,6,1,34,6,-1,-1,-1,7,1,7
20181352C1982,1,9,0,18,0,1,0,0,0,0,1,1,6,1,19,4,1242,1,12,1,1,1
20181352C1982,2,9,0,10,0,1,0,0,0,0,2,1,6,1,47,8,1798,1,6,1,1,1
20181352D0357,1,4,0,14,0,1,0,0,0,0,1,1,6,3,-1,-1,-1,-1,-1,-1,-1,-1
20181352D0371,1,9,0,5,0,1,0,0,0,0,1,1,1,1,19,4,1149,1,12,2,1,2
20181352D0371,2,9,0,18,0,1,0,0,0,0,4,1,1,1,25,5,1399,1,1,-1,-1,-1
20181352D0581,1,9,0,5,0,2,0,0,0,0,4,1,1,1,21,5,2494,8,2,-1,-1,-1
20181352D0581,2,9,0,5,0,1,0,0,0,0,1,1,1,1,40,7,1797,8,5,-1,-1,-1
20181352D0890,1,11,0,18,0,0,0,0,0,0,0,1,1,1,46,8,9360,2,9,1,1,1
20181352D1060,1,3,0,4,0,0,1,0,0,0,4,1,2,1,20,4,124,1,5,1,1,1
20181352D1060,2,9,0,10,0,0,0,0,0,0,2,1,2,1,47,8,1339,1,13,5,1,5
20181352D1303,1,9,0,9,0,8,0,0,0,0,2,1,6,2,23,5,1242,1,6,5,1,5
20181352D1303,2,9,0,18,0,8,0,0,0,0,1,1,6,1,23,5,1395,1,2,7,2,7
20181352D1581,1,9,0,18,0,0,0,4,0,0,1,1,6,2,19,4,1242,1,12,8,3,8
20181352D1581,2,9,0,2,9,0,0,4,0,0,1,1,1,1,54,8,1299,1,14,3,1,3
20181352D1581,3,9,0,2,9,0,0,0,0,0,1,1,1,1,46,8,1560,2,9,6,1,6
20181352D1587,1,9,0,18,0,1,0,0,0,11,1,1,6,1,70,10,1200,1,6,1,1,1
20181352D1587,2,9,0,7,0,5,0,0,0,0,0,1,6,1,55,8,-1,-1,-1,8,1,8
20181352D1707,1,9,0,9,0,1,0,0,0,0,3,1,6,2,39,7,1799,1,12,1,1,1
20181352D1707,2,9,0,18,0,1,0,0,0,0,1,1,6,2,22,5,1390,1,9,1,1,1
20181352E0052,1,20,0,18,0,8,0,0,0,0,4,1,6,1,36,7,-1,-1,-1,-1,-1,-1
20181352E0052,2,9,0,18,0,8,0,0,0,0,3,1,6,1,39,7,2993,2,-1,-1,-1,-1
20181352E0249,1,9,0,7,0,8,1,0,0,0,1,1,2,2,32,6,1360,1,13,5,1,5
20181352E0249,2,9,0,18,0,8,1,0,0,0,1,1,2,2,23,5,998,1,6,6,1,6
20181352E0270,1,21,1,4,0,0,0,0,0,0,1,1,1,1,29,6,10308,2,4,4,2,4
20181352E0270,2,9,0,4,0,0,0,0,0,0,2,1,6,1,31,6,1598,1,12,3,1,3
20181352E0270,3,9,0,4,0,0,0,0,0,0,2,1,6,1,51,8,1956,2,4,3,1,3
20181352E0270,4,9,0,4,0,0,0,0,0,0,2,1,6,1,25,5,2401,2,10,4,1,4
20181352E0270,5,9,0,4,0,0,0,0,0,0,2,1,6,2,36,7,1998,1,4,2,1,2
20181352E0270,6,21,1,4,0,0,0,0,0,0,1,1,1,1,46,8,-1,-1,-1,-1,-1,-1
20181352E0380,1,8,0,5,0,0,0,0,0,0,1,1,1,1,53,8,1598,2,4,-1,-1,-1
20181352E0458,1,9,0,18,0,0,1,0,0,0,1,1,6,1,71,10,1422,2,10,6,1,6
20181352E0458,2,9,0,15,0,0,0,0,0,0,1,1,6,2,25,5,1496,2,2,1,1,1
20181352E0458,3,19,0,2,0,0,0,0,0,0,2,1,6,1,32,6,2143,2,2,6,1,6
20181352E0528,1,9,0,18,0,8,0,0,0,0,4,1,6,1,53,8,2993,2,14,1,1,1
20181352E0528,2,9,0,18,0,8,0,0,4,1,1,1,6,2,42,7,1995,2,2,1,1,1
20181352E0547,1,9,0,13,0,0,0,0,0,0,1,1,6,1,19,4,1586,1,11,4,1,4
20181352E0547,2,9,0,18,0,0,0,0,0,0,2,1,6,2,45,7,1198,1,11,1,1,1
20181352E0547,3,9,0,18,0,0,0,0,0,0,1,1,6,2,30,6,1968,2,6,4,1,4
20181352E1341,1,9,0,9,0,6,0,0,0,0,3,1,6,1,20,4,998,1,17,2,1,2
20181352E1341,2,1,0,18,0,1,0,0,0,0,1,1,6,1,54,8,-1,-1,-1,7,1,7
20181352E1362,1,9,0,18,0,0,0,0,0,0,1,1,6,1,67,10,2496,1,12,3,1,3
20181352E1362,2,90,0,18,0,0,0,0,0,0,2,1,1,1,30,6,11967,2,14,-1,-1,-1
20181352E1362,3,9,0,18,0,0,0,0,0,0,2,1,6,1,51,8,1560,2,4,8,1,8
20181352E1492,1,9,0,7,0,0,0,0,0,0,1,1,6,1,52,8,1198,1,3,6,1,6
20181352E1501,1,9,0,18,0,0,0,0,0,0,1,1,6,1,20,4,1242,1,7,5,1,5
20181352F0005,1,9,0,17,0,8,0,0,3,11,1,1,6,1,21,5,-1,-1,-1,3,1,3
20181352F0138,1,9,0,5,0,0,0,0,0,0,1,1,1,1,53,8,1997,2,6,1,1,1
20181352F0771,1,4,0,18,0,0,0,0,0,0,3,1,6,1,33,6,-1,-1,-1,1,1,1
20181352F0778,1,22,0,18,9,0,5,0,0,0,4,1,6,1,81,11,-1,-1,-1,1,1,1
20181352F0824,1,9,0,9,0,8,0,0,0,0,3,1,6,2,38,7,1248,2,7,7,2,7
20181352F0824,2,21,0,18,0,1,1,0,0,0,1,1,1,1,28,6,6871,2,1,8,1,8
20181352F0824,3,9,0,18,0,8,0,0,0,0,4,1,6,1,30,6,1968,2,5,4,1,4
20181352F0953,1,9,0,18,0,8,0,0,0,0,1,1,2,2,36,7,1582,2,6,3,1,3
20181352F0953,2,9,0,4,0,8,0,0,0,0,2,1,6,2,74,10,1399,1,9,5,1,5
20181352F1034,1,9,0,18,0,0,0,0,0,0,3,1,6,1,38,7,1598,1,9,2,1,2
20181352F1156,1,9,0,1,0,0,0,0,0,0,2,1,6,3,-1,-1,-1,-1,-1,-1,-1,-1
20181352F1203,1,9,0,18,0,0,0,0,0,0,4,1,6,2,41,7,1598,2,1,1,1,1
20181352F1203,2,9,0,5,0,0,0,0,0,0,1,1,6,1,27,6,998,1,17,4,1,4
20181352F1239,1,9,0,18,0,4,0,0,0,0,4,1,6,1,58,9,998,1,4,3,1,3
20181352F1239,2,9,0,18,0,4,0,0,0,0,1,1,6,2,31,6,1398,1,4,-1,-1,-1
20181352F1387,1,9,0,18,0,3,0,0,0,0,4,1,6,1,18,4,1248,2,9,4,1,4
20181352F1387,2,9,0,9,0,4,0,0,0,0,1,1,6,1,44,7,1999,2,1,3,1,3
20181352F1470,1,8,0,5,0,0,0,0,0,0,4,1,1,1,40,7,1968,2,5,2,1,2
20181352F1748,1,9,0,18,0,0,0,0,0,0,1,1,6,3,-1,-1,-1,-1,-1,-1,-1,-1
20181352F1748,2,5,0,18,0,0,0,0,0,0,3,1,6,1,32,6,-1,-1,-1,2,1,2
20181352F1748,3,9,0,2,0,0,0,0,0,0,3,1,6,3,-1,-1,1560,2,5,-1,-1,-1
20181352G0268,1,8,0,18,0,1,0,0,0,0,3,1,1,1,39,7,1995,2,5,1,1,1
20181352G0268,2,11,0,18,0,1,0,0,0,0,1,1,1,2,38,7,4461,2,4,9,1,9
20181352G0403,1,9,0,18,0,0,0,0,0,0,1,1,2,2,19,4,1248,2,9,1,1,1
20181352G0403,2,9,0,2,0,0,0,0,0,0,4,1,2,2,33,6,1995,2,13,2,1,2
20181352G0476,1,9,0,9,0,5,0,0,0,0,1,1,6,1,-1,-1,1587,1,16,4,1,4
20181352G0633,1,9,0,18,0,0,0,0,0,0,1,1,6,1,81,11,1197,1,7,10,1,10
20181352G0633,2,9,0,2,0,0,0,0,0,0,2,1,6,1,70,10,2000,2,12,10,1,10
20181352G0874,1,9,0,13,0,0,0,0,0,0,2,1,6,1,47,8,1984,1,10,1,1,1
20181352G0874,2,8,0,13,0,0,1,0,4,6,1,1,1,1,24,5,1995,2,4,2,1,2
20181352G0993,1,9,0,3,0,1,0,0,0,0,1,1,2,1,24,5,2987,2,13,1,1,1
20181352G0993,2,9,0,18,0,1,0,0,0,0,4,1,2,1,32,6,1598,2,3,1,1,1
20181352G1136,1,9,0,18,0,0,0,0,0,0,4,1,6,3,-1,-1,-1,-1,-1,-1,-1,-1
20181352G1181,1,9,0,18,0,0,0,0,0,0,1,1,6,1,44,7,1398,1,8,2,1,2
20181352G1181,2,9,0,3,0,0,0,0,0,0,2,1,6,2,24,5,1360,1,15,4,1,4
20181352G1181,3,9,0,18,0,0,0,0,0,0,3,1,6,1,55,8,1999,2,1,7,1,7
20181352G1371,1,9,0,18,0,8,0,0,0,0,1,1,6,2,30,6,998,1,8,-1,-1,-1
20181352G1371,2,9,0,5,0,8,0,0,0,0,1,1,6,1,25,5,1242,1,12,5,1,5
20181352G1425,1,19,0,18,0,0,0,0,0,0,1,1,2,1,30,6,2402,2,15,-1,-1,-1
20181352G1425,2,9,0,18,0,0,0,0,0,0,2,1,2,1,46,8,1560,2,8,8,1,8
20181352G1431,1,8,0,18,0,1,0,0,0,0,1,1,1,1,35,6,1598,2,6,1,1,1
20181352G1431,2,9,0,18,0,1,0,0,0,0,4,1,6,2,62,9,1461,2,4,4,3,4
20181352G1676,1,1,0,18,0,8,0,0,0,0,1,1,6,1,21,5,-1,-1,-1,-1,-1,-1
20181352G1676,2,9,0,7,0,5,0,0,0,0,3,1,6,1,41,7,1398,2,11,-1,-1,-1
20181352G1676,3,9,0,7,0,5,0,0,0,0,1,1,6,1,25,5,1198,1,11,-1,-1,-1
20181352G1685,1,9,0,18,0,3,0,0,0,0,1,1,6,1,26,6,2993,2,7,3,1,3
20181352G1685,2,9,0,2,0,8,0,0,0,0,3,1,6,1,-1,-1,2967,2,5,-1,-1,-1
20181352G1685,3,9,0,2,0,8,0,0,0,0,3,1,6,1,-1,-1,1598,1,12,-1,-1,-1
20181352G1685,4,9,0,2,0,8,0,0,0,0,2,1,6,1,38,7,1598,1,12,-1,-1,-1
20181352G1705,1,9,0,18,0,0,0,0,0,0,1,1,6,2,30,6,998,1,7,1,1,1
20181352G1725,1,9,0,18,0,1,0,0,0,0,1,1,6,2,35,6,1248,2,11,7,1,7
20181352G1725,2,8,0,3,0,1,0,0,0,0,2,1,6,1,45,7,2199,2,6,4,1,4
20181352G1725,3,9,0,3,0,1,0,0,0,0,1,1,6,1,-1,-1,2494,1,16,-1,-1,-1
20181352G1735,1,9,0,18,0,0,0,0,0,0,0,1,6,1,23,5,1198,1,2,3,1,3
20181352G2053,1,9,0,18,0,0,0,0,0,0,3,1,6,1,20,4,1598,2,7,1,1,1
20181352H0042,1,9,0,18,0,0,0,0,0,0,1,1,6,3,-1,-1,-1,-1,-1,-1,-1,-1
20181352H0042,2,8,0,18,0,0,0,0,0,0,2,1,6,1,38,7,1582,2,6,4,1,4
20181352H0792,1,9,0,9,0,8,0,0,0,0,4,1,6,1,18,4,998,1,8,3,1,3
20181352H0792,2,8,0,18,0,8,0,0,0,0,3,1,1,1,19,4,2143,2,5,1,1,1
20181352H0846,1,9,0,18,0,0,0,0,0,0,4,1,6,1,76,11,1997,2,1,7,1,7
20181352H0846,2,9,0,2,0,0,0,0,0,0,3,1,6,1,-1,-1,1997,2,6,-1,-1,-1
20181352H0853,1,9,0,12,0,4,0,0,0,0,3,1,6,1,58,9,1997,2,4,7,1,7
20181352H0853,2,9,0,18,0,4,0,0,0,0,4,1,6,1,25,5,1499,2,1,5,1,5
20181352H1204,1,9,0,9,0,5,0,0,0,0,1,1,6,2,75,10,1461,2,8,7,1,7
20181352H1204,2,8,0,18,0,8,0,0,0,0,1,1,1,1,36,7,1598,2,4,3,1,3
20181352H1246,1,9,0,18,0,8,0,0,0,0,3,1,6,1,17,4,1299,1,11,7,3,7
20181352H1246,2,8,0,18,0,8,0,0,0,0,4,1,1,1,21,5,1422,2,2,1,1,1
20181352H1452,1,9,0,9,0,4,0,0,0,0,4,1,6,2,29,6,1586,1,1,-1,-1,-1
20181352H1452,2,9,0,18,0,8,0,0,0,0,2,1,6,1,52,8,1997,2,13,1,1,1
20181352H1646,1,9,0,18,0,0,0,0,0,0,2,1,6,1,39,7,1398,1,12,1,1,1
20181352H1646,2,9,0,13,0,0,0,0,0,0,1,1,6,1,26,6,1968,2,12,9,2,9
20181352I0085,1,21,1,18,0,0,0,0,0,0,1,1,1,1,36,7,10837,2,1,1,1,1
20181352I0085,2,8,0,13,0,0,0,0,0,0,1,1,1,1,50,8,1796,1,10,7,1,7
20181352I0381,1,9,0,18,0,0,0,0,0,0,1,1,6,1,24,5,1390,1,18,3,1,3
20181352I0595,1,9,0,9,0,6,0,0,0,0,1,1,6,1,35,6,1995,1,9,3,1,3
20181352I0595,2,9,0,18,0,1,0,0,0,0,1,1,6,1,36,7,1995,2,4,6,2,6
20181352I0723,1,1,0,15,0,1,1,0,0,0,0,1,6,1,45,7,-1,-1,-1,2,1,2
20181352I0723,2,9,0,3,0,1,0,0,0,0,0,1,2,1,20,4,1796,1,14,6,1,6
20181352I0795,1,9,0,9,0,8,0,0,0,0,1,1,1,2,75,10,998,1,1,3,1,3
20181352I0795,2,19,0,18,0,1,0,0,0,0,4,1,1,1,58,9,-1,-1,-1,1,1,1
20181352I1091,1,9,0,18,0,0,0,0,0,0,4,1,6,1,49,8,1598,1,10,8,1,8
20181352I1158,1,9,0,18,0,0,0,0,0,0,1,1,6,1,52,8,1598,2,6,6,1,6
20181352I1158,2,9,0,18,0,0,0,0,0,0,2,1,6,1,47,8,1895,1,19,1,1,1
20181352I1175,1,9,0,18,0,0,1,0,0,0,1,1,6,1,53,8,1798,1,13,4,1,4
20181352I1175,2,9,0,18,0,0,0,0,0,0,1,1,6,1,43,7,1560,2,12,9,1,9
20181352I1215,1,9,0,18,0,0,0,0,0,0,2,1,6,2,41,7,1749,1,13,3,1,3
20181352I1215,2,19,0,11,0,0,0,0,0,0,1,1,6,1,30,6,-1,-1,-1,1,1,1
20181352I1416,1,11,0,5,0,8,0,0,0,0,3,1,1,1,33,6,9360,2,9,1,1,1
20181352I1416,2,1,0,18,0,8,5,0,0,0,1,1,6,2,33,6,-1,-1,-1,6,1,6
20181352I1529,1,9,0,18,0,0,0,0,0,0,0,1,6,2,51,8,1497,1,16,5,1,5
20181352I1529,2,9,0,18,0,0,0,0,1,10,1,1,6,2,42,7,1968,2,3,7,3,7
20181352I1669,1,9,0,18,0,0,0,0,0,0,4,1,6,1,-1,-1,1497,8,17,-1,-1,-1
20181352I1722,1,9,0,4,0,8,0,0,0,0,1,1,6,1,-1,-1,1198,1,5,6,1,6
20181352I1722,2,19,0,3,0,8,0,0,0,0,2,1,6,1,51,8,2400,2,16,8,2,8
20181352I1722,3,9,0,3,0,8,0,0,0,0,2,1,6,1,-1,-1,1753,2,11,4,2,4
20181352I2016,1,9,0,9,0,5,2,0,1,1,1,1,6,1,33,6,1998,2,13,9,1,9
20181352J0230,1,9,0,18,0,0,0,0,0,0,1,1,2,2,28,6,1390,1,8,2,2,2
20181352J0230,2,9,0,18,0,0,0,0,0,0,1,1,6,1,56,9,-1,-1,-1,6,1,6
20181352J0521,1,9,0,18,0,8,0,0,0,0,1,1,6,2,27,6,1598,2,6,6,1,6
20181352J0521,2,9,0,7,0,8,1,0,2,7,1,1,6,2,20,4,973,1,16,5,1,5
20181352J0539,1,19,0,18,0,1,0,0,0,0,1,1,1,1,32,6,2198,2,6,7,1,7
20181352J0539,2,9,0,4,0,2,0,0,0,0,2,1,1,2,25,5,996,1,9,8,1,8
20181352J0539,3,9,0,4,0,2,0,0,0,0,2,1,1,2,26,6,1969,2,3,7,1,7
20181352J0539,4,21,5,3,0,8,0,0,0,0,3,1,1,1,36,7,-1,2,13,-1,-1,-1
20181352J0921,1,9,0,18,0,8,0,0,0,0,1,1,6,1,32,6,1968,2,1,1,1,1
20181352J0921,2,9,0,9,0,8,0,0,0,0,4,1,6,1,45,7,1998,2,9,1,1,1
20181352J1273,1,19,0,18,0,0,0,0,0,0,3,1,1,1,45,7,1968,2,1,8,1,8
20181352J1421,1,9,0,18,0,8,0,0,0,0,1,1,6,1,25,5,-1,-1,-1,-1,-1,-1
20181352J1421,2,9,0,5,0,8,0,0,0,0,3,1,6,1,23,5,1368,1,4,2,1,2
20181352J1502,1,9,0,18,0,1,0,0,0,0,1,1,6,1,43,7,1248,2,9,1,1,1
20181352J1502,2,9,0,9,0,8,0,0,1,0,3,1,6,2,-1,-1,1560,2,1,-1,-1,-1
20181352J1628,1,9,0,5,0,1,0,0,0,0,1,1,6,2,38,7,1997,2,1,3,1,3
20181352J1628,2,9,0,18,0,8,0,0,0,0,1,1,2,1,66,10,1328,1,11,3,3,3
20181352J1728,1,1,0,3,0,1,0,0,0,0,2,1,2,2,32,6,-1,-1,-1,6,1,6
20181352J1728,2,8,0,4,0,1,0,0,0,0,1,1,1,1,-1,-1,1968,2,7,-1,-1,-1
20181352K0355,1,9,0,9,0,8,0,0,0,0,4,1,3,1,45,7,1968,2,8,8,1,8
20181352K0355,2,9,0,18,0,8,0,0,0,0,1,1,3,1,45,7,1364,1,2,3,1,3
20181352K0466,1,9,0,1,9,0,0,0,0,0,2,1,2,1,25,5,1969,2,2,7,1,7
20181352K0633,1,9,0,4,0,8,0,0,0,0,1,1,6,2,54,8,1598,2,4,3,1,3
20181352K0633,2,9,0,3,0,8,0,0,0,0,2,1,1,1,30,6,1798,8,3,2,1,2
20181352K0633,3,9,0,3,0,8,0,0,0,0,2,1,6,1,56,9,1995,2,5,1,1,1
20181352K0699,1,19,0,18,0,1,0,0,0,0,1,1,1,1,53,8,2143,2,1,7,1,7
20181352K0702,1,9,0,15,0,0,2,4,0,0,1,1,6,2,27,6,1499,1,3,8,1,8
20181352K0702,2,9,0,2,9,0,0,0,0,0,1,1,6,3,-1,-1,1329,1,1,1,1,1
20181352K0702,3,9,0,2,9,0,0,0,0,0,3,1,6,3,-1,-1,2993,2,9,1,1,1
20181352K0709,1,9,0,13,0,0,5,0,0,0,1,1,6,2,37,7,1896,2,16,2,1,2
20181352K0709,2,9,0,18,0,0,0,0,0,0,2,1,6,2,51,8,1242,1,9,9,3,9
20181352K0709,3,20,0,18,0,0,0,0,0,0,3,1,2,1,31,6,2402,2,8,2,1,2
20181352K0817,1,9,0,18,0,0,0,0,0,11,3,1,6,1,81,11,2993,2,8,8,3,8
20181352K0835,1,9,0,4,0,0,0,0,0,0,1,1,6,1,18,4,-1,-1,-1,1,1,1
20181352K0835,2,9,0,3,0,0,0,0,0,0,2,1,6,2,57,9,1360,1,12,5,1,5
20181352K0835,3,9,0,3,0,0,0,0,0,0,2,1,6,2,70,10,1229,1,6,2,1,2
20181352K1039,1,9,0,18,0,0,0,0,0,0,1,1,6,2,34,6,1400,1,12,7,3,7
20181352K1039,2,9,0,18,0,0,0,0,7,11,1,1,6,1,72,10,1986,1,6,10,3,10
20181352K1629,1,9,0,18,0,0,0,0,0,0,1,1,6,3,-1,-1,-1,-1,-1,-1,-1,-1
20181352K1668,1,9,0,18,0,0,0,0,0,0,1,1,6,3,-1,-1,-1,-1,-1,-1,-1,-1
20181352K1681,1,9,0,13,0,0,0,0,0,0,1,1,6,1,37,7,1968,2,5,4,1,4
20181352K1894,1,9,0,18,0,0,0,0,0,0,1,1,6,1,-1,-1,1598,2,5,-1,-1,-1
20181352K1948,1,9,0,1,0,0,0,0,0,0,2,1,6,2,30,6,1422,2,8,-1,1,-1
20181352K1969,1,9,0,18,0,8,0,0,1,11,3,1,6,1,45,7,1968,2,1,7,1,7
20181352K1969,2,9,0,18,0,8,0,0,0,0,3,1,6,1,38,7,1598,1,9,8,1,8
20181352K1969,3,9,0,9,0,8,0,0,0,0,1,1,6,2,18,4,999,1,2,3,1,3
20181352K1987,1,9,0,18,0,0,0,0,0,0,1,1,6,1,29,6,1363,2,14,-1,-1,-1
20181352L0054,1,9,0,4,0,8,0,0,0,0,3,1,1,1,42,7,2993,2,5,1,1,1
20181352L0054,2,9,0,18,0,8,1,0,0,0,1,1,6,1,48,8,1560,2,2,6,1,6
20181352L0664,1,9,0,16,0,3,0,0,0,0,3,1,6,1,74,10,998,1,2,5,1,5
20181352L0664,2,19,0,16,0,3,0,0,0,0,4,1,1,1,54,8,6871,2,1,3,2,3
20181352L0707,1,19,0,18,0,0,0,0,0,0,1,1,2,1,24,5,1248,2,6,7,1,7
20181352L0707,2,9,0,4,0,0,0,0,0,0,2,1,6,1,54,8,1969,1,1,7,1,7
20181352L0707,3,19,0,4,0,0,0,0,0,0,2,1,2,1,51,8,1753,2,15,7,1,7