Accident_Index,Vehicle_Reference,Vehicle_Type,Towing_and_Articulation,Vehicle_Manoeuvre,Vehicle_Location-Restricted_Lane,Junction_Location,Skidding_and_Overturning,Hit_Object_in_Carriageway,Vehicle_Leaving_Carriageway,Hit_Object_off_Carriageway,1st_Point_of_Impact,Was_Vehicle_Left_Hand_Drive?,Journey_Purpose_of_Driver,Sex_of_Driver,Age_of_Driver,Age_Band_of_Driver,Engine_Capacity_(CC),Propulsion_Code,Age_of_Vehicle,Driver_IMD_Decile,Driver_Home_Area_Type,Vehicle_IMD_Decile
20181352L0839,1,9,0,9,0,1,0,0,0,0,0,1,2,1,42,7,1995,2,6,1,1,1
20181352L0839,2,9,0,18,0,1,0,0,0,0,0,1,6,1,36,7,1796,1,13,3,1,3
20181352L1021,1,9,0,9,0,6,0,0,0,0,1,1,6,1,25,5,1910,2,11,2,1,2
20181352L1071,1,9,0,18,0,0,0,0,0,0,1,1,6,3,-1,-1,-1,-1,-1,-1,-1,-1
20181352L1151,1,9,0,18,0,0,0,0,0,0,1,1,6,2,27,6,1198,1,8,2,1,2
20181352L1510,1,9,0,18,0,8,0,0,0,0,1,1,6,2,-1,-1,1299,1,13,1,1,1
20181352L1510,2,9,0,9,0,8,0,0,0,0,4,1,6,1,-1,-1,1360,1,12,5,3,5
20181352L2109,1,9,0,18,0,8,0,0,0,0,3,1,6,2,27,6,999,1,2,6,1,6
20181352L2109,2,9,0,5,0,6,0,0,0,0,1,1,6,2,28,6,2993,2,4,7,3,7
20181352M0275,1,9,0,9,0,8,0,0,0,0,3,1,6,1,21,5,998,1,2,5,1,5
20181352M0275,2,9,0,18,0,8,0,0,0,0,1,1,6,1,67,10,1242,1,5,1,1,1
20181352M0287,1,9,0,18,0,3,0,0,0,0,1,1,6,2,34,6,1798,1,8,6,1,6
20181352M0287,2,9,0,18,0,3,0,0,0,0,2,1,6,2,51,8,998,1,3,8,1,8
20181352M0287,3,9,0,18,0,3,0,0,0,0,0,1,6,3,-1,-1,-1,-1,-1,-1,-1,-1
20181352M0453,1,9,0,3,0,0,0,0,0,0,2,1,6,2,57,9,2494,1,19,4,1,4
20181352M0453,2,9,0,18,0,0,0,0,0,0,1,1,6,2,56,9,1242,1,4,1,1,1
20181352M0493,1,1,0,18,0,8,0,0,0,0,1,1,6,1,34,6,-1,-1,-1,6,1,6
20181352M0493,2,10,0,9,0,8,0,0,0,0,4,1,1,1,60,9,-1,-1,-1,1,1,1
20181352M0599,1,8,0,18,0,8,0,0,0,0,3,1,1,1,53,8,1685,2,6,3,1,3
20181352M0599,2,9,0,18,0,8,0,0,0,0,1,1,1,1,58,9,-1,-1,-1,-1,-1,-1
20181352M0724,1,9,0,18,0,8,0,0,0,0,3,1,6,2,21,5,1198,1,5,4,1,4
20181352M0724,2,9,0,18,0,8,0,0,0,0,1,1,6,1,-1,-1,1686,2,15,-1,-1,-1
20181352M1200,1,9,0,14,0,0,0,0,0,0,1,1,6,1,26,6,1970,1,21,6,1,6
20181352M1200,2,9,0,18,0,0,0,0,0,0,1,1,6,1,61,9,1595,1,12,4,1,4
20181352M1614,1,9,0,9,0,8,5,0,0,0,3,1,6,1,24,5,1242,1,5,2,1,2
20181352M1614,2,9,0,18,0,8,1,0,0,0,1,1,6,1,48,8,1396,1,19,1,1,1
20181352M1828,1,9,0,4,0,0,0,0,0,0,2,1,6,1,20,4,1149,1,17,8,1,8
20181352M1828,2,1,0,18,0,0,5,0,0,0,1,1,6,1,24,5,-1,-1,-1,5,1,5
20181352M1832,1,98,0,7,0,1,0,0,0,0,3,1,6,3,-1,-1,-1,-1,-1,-1,-1,-1
20181352M1832,2,8,0,18,0,1,0,0,0,0,4,1,1,1,31,6,2231,2,9,1,1,1
20181352N0054,1,9,0,18,0,0,2,0,2,2,1,1,6,1,36,7,1995,2,11,7,1,7
20181352N0054,2,9,0,18,0,0,0,0,0,0,0,1,1,1,25,5,1560,2,1,-1,-1,-1
20181352N0300,1,9,0,5,0,0,0,0,0,0,3,1,6,1,18,4,1461,2,13,2,1,2
20181352N0300,2,9,0,13,0,0,0,0,0,0,4,1,6,1,29,6,1422,2,17,3,2,3
20181352N0337,1,9,0,18,0,0,0,0,0,0,1,1,6,2,27,6,998,1,4,3,1,3
20181352N0338,1,9,0,7,0,6,1,0,0,0,3,1,6,1,48,8,1968,2,1,3,1,3
20181352N0338,2,9,0,18,0,8,1,0,0,0,4,1,6,1,49,8,1399,2,6,7,1,7
20181352N0456,1,9,0,18,0,0,0,0,0,0,1,1,6,2,83,11,1598,1,10,4,1,4
20181352N0590,1,9,0,7,0,5,0,0,0,0,4,1,6,2,43,7,1490,1,13,1,1,1
20181352N0590,2,1,0,18,5,8,0,0,0,0,1,1,1,1,50,8,-1,-1,-1,5,1,5
20181352N0608,1,9,0,18,0,0,1,2,4,7,3,1,6,1,50,8,1796,1,10,2,1,2
20181352N0608,2,21,1,18,0,0,0,0,0,0,4,1,1,1,29,6,12777,2,7,6,1,6
20181352N0610,1,11,0,4,0,1,0,0,0,0,0,1,1,1,47,8,6696,2,3,1,2,1
20181352N0790,1,9,0,18,0,8,5,10,5,1,1,1,1,1,58,9,-1,-1,-1,3,1,3
20181352N1056,1,9,0,8,0,6,0,0,0,0,3,1,6,1,41,7,1364,1,-1,2,1,2
20181352N1056,2,9,0,9,0,6,0,0,0,0,4,1,6,3,-1,-1,1596,1,13,-1,-1,-1
20181352N1199,1,11,0,18,0,0,0,0,0,0,0,1,1,1,30,6,9360,2,9,8,1,8
20181352N1199,2,9,0,12,0,0,0,0,0,0,0,1,6,3,35,6,-1,-1,-1,-1,-1,-1
20181352N1233,1,9,0,18,0,1,0,0,0,0,1,1,6,1,49,8,1388,1,16,4,1,4
20181352N1233,2,9,0,10,0,2,0,0,0,0,1,1,6,2,55,8,1560,2,3,4,1,4
20181352N1702,1,9,0,18,0,8,0,0,0,0,4,1,6,1,22,5,1124,1,14,7,1,7
20181352N1702,2,9,0,18,0,4,0,0,0,0,1,1,6,1,56,9,-1,-1,-1,5,1,5
20181352N1754,1,9,0,18,0,1,0,0,0,0,3,1,6,1,36,7,-1,-1,-1,-1,-1,-1
20181352N1754,2,1,0,10,0,1,2,0,0,0,2,1,6,2,25,5,-1,-1,-1,-1,-1,-1
20181352N1934,1,9,0,7,0,8,0,0,7,0,1,1,6,1,28,6,1149,1,11,-1,-1,-1
20181352N2004,1,9,0,9,0,1,0,0,0,0,4,1,6,1,25,5,1242,1,4,6,1,6
20181352N2004,2,8,0,18,0,1,0,0,0,0,4,1,1,1,41,7,1995,2,8,4,1,4
20181352O0005,1,9,0,18,0,0,1,0,7,3,3,1,6,1,17,4,1390,1,12,8,1,8
20181352O0009,1,8,0,18,0,0,0,0,0,0,1,1,1,1,57,9,1797,8,8,3,1,3
20181352O0009,2,9,0,17,0,0,0,0,0,0,1,1,6,1,47,8,1598,1,2,2,1,2
20181352O0803,1,9,0,18,0,0,0,0,0,0,2,1,6,2,36,7,999,1,1,3,1,3
20181352O0803,2,9,0,18,0,0,0,0,0,0,1,1,6,1,27,6,1461,2,8,10,3,10
20181352O0885,1,1,0,18,0,1,5,0,0,0,1,1,6,1,14,3,-1,-1,-1,5,1,5
20181352O0885,2,9,0,4,0,1,0,0,0,0,4,1,6,1,55,8,-1,-1,-1,3,1,3
20181352O0968,1,9,0,18,0,8,0,0,0,0,1,1,6,1,21,5,1398,1,2,2,1,2
20181352O0968,2,9,0,9,0,8,0,0,0,0,1,1,6,2,31,6,1242,1,6,2,1,2
20181352O1293,1,9,0,18,0,8,0,0,0,0,1,1,6,1,62,9,1242,1,4,3,1,3
20181352O1780,1,9,0,18,0,0,0,0,7,11,1,1,6,1,37,7,1910,2,10,-1,-1,-1
20181352O1780,2,9,0,18,0,0,0,0,0,0,4,1,1,1,35,6,1560,2,2,1,1,1
20181352O1780,3,9,0,6,0,0,0,0,0,0,0,1,6,2,56,9,1318,1,1,9,1,9
20181352P0175,1,9,0,16,0,0,0,0,0,0,1,1,6,3,-1,-1,-1,-1,-1,-1,-1,-1
20181352P0959,1,9,0,18,0,1,1,0,0,0,1,1,6,1,90,11,1198,1,4,10,1,10
20181352P1579,1,9,0,18,0,1,0,0,0,0,1,1,6,3,-1,-1,-1,-1,-1,-1,-1,-1
20181352P1723,1,9,0,18,0,0,0,0,7,2,1,1,6,2,27,6,998,1,11,5,1,5
20181352Q0020,1,9,0,18,0,8,0,0,0,0,1,1,6,1,23,5,1968,2,11,1,1,1
20181352Q0020,2,9,0,18,0,8,0,0,0,0,0,1,1,1,44,7,2993,2,1,1,1,1
20181352Q0217,1,8,0,5,0,6,0,0,0,0,2,1,6,1,-1,-1,-1,-1,-1,-1,-1,-1
20181352Q0217,2,8,0,18,0,8,0,0,0,0,1,1,6,1,44,7,-1,-1,-1,1,1,1
20181352Q0453,1,9,0,4,0,0,0,0,0,0,2,1,6,1,43,7,1781,1,17,7,1,7
20181352Q0453,2,9,0,18,0,0,0,0,0,0,1,1,6,1,21,5,1984,1,12,1,1,1
20181352Q0647,1,9,0,18,0,0,0,0,0,0,1,1,6,2,30,6,1229,1,11,-1,-1,-1
20181352Q0647,2,9,0,18,0,0,0,0,0,0,1,1,6,2,30,6,1229,1,11,-1,-1,-1
20181352Q1007,1,9,0,18,0,4,0,0,0,0,1,1,6,1,28,6,-1,-1,-1,-1,-1,-1
20181352Q1007,2,9,0,18,0,8,0,0,0,0,2,1,1,1,43,7,-1,-1,-1,-1,-1,-1
20181352Q1077,1,9,0,3,0,0,0,0,0,0,2,1,6,1,49,8,2179,2,8,10,1,10
20181352Q1077,2,19,0,4,0,0,0,0,0,0,1,1,6,1,-1,-1,2148,2,10,-1,-1,-1
20181352Q1102,1,9,0,18,0,0,0,0,0,0,1,1,6,2,46,8,1461,2,7,1,1,1
20181352Q1301,1,9,0,9,0,6,0,0,0,0,1,1,6,2,57,9,1596,1,7,5,1,5
20181352Q1301,2,9,0,18,0,5,0,0,0,0,4,1,6,1,49,8,1560,2,4,5,1,5
20181352R0151,1,9,0,18,0,0,1,0,1,4,3,1,6,1,36,7,1590,1,17,1,1,1
20181352R0252,1,9,0,18,0,1,0,0,0,0,1,1,2,1,27,6,1753,2,10,8,1,8
20181352R0252,2,9,0,18,0,1,0,0,0,0,2,1,2,1,27,6,1560,2,4,9,1,9
20181352R0502,1,9,0,5,0,0,0,0,0,0,4,1,6,2,27,6,1995,2,1,-1,-1,-1
20181352R0669,1,9,0,6,2,0,0,0,0,0,3,1,6,1,34,6,1199,1,15,2,1,2
20181352R0669,2,4,0,18,0,0,0,0,0,0,4,1,6,1,54,8,398,1,17,3,1,3
20181352R1116,1,9,0,18,0,8,0,0,0,0,4,1,6,1,38,7,1388,1,10,8,1,8
20181352R1698,1,9,0,18,0,8,0,0,0,0,1,1,1,1,30,6,1598,2,3,-1,-1,-1
20181352R1698,2,9,0,18,0,8,0,0,0,11,4,1,6,1,36,7,1995,2,15,6,1,6
20181352S0266,1,9,0,18,0,0,1,0,1,11,1,1,1,1,44,7,1968,2,6,9,1,9
20181352S0393,1,21,1,18,0,0,0,0,0,0,1,1,1,1,28,6,-1,-1,-1,-1,-1,-1
20181352S0393,2,9,0,18,0,0,0,0,0,0,2,1,6,1,54,8,1197,1,2,1,1,1
20181352S0441,1,9,0,18,0,0,2,0,2,4,1,1,2,1,28,6,1598,2,2,7,1,7
20181352S0700,1,9,0,7,0,8,1,0,8,10,1,1,6,1,27,6,1896,2,17,2,1,2
20181352S0708,1,9,0,4,0,6,1,0,0,0,1,1,6,1,-1,-1,2204,2,12,5,1,5
20181352S0708,2,9,0,18,0,8,0,0,0,0,4,1,6,1,41,7,1968,2,9,2,1,2
20181352S0932,1,9,0,4,0,0,0,0,0,0,2,1,6,1,50,8,1360,1,8,5,1,5
20181352S0932,2,9,0,18,0,0,1,0,0,0,1,1,6,1,68,10,-1,-1,-1,-1,-1,-1
20181352S1118,1,19,0,18,0,6,0,0,0,0,1,1,1,1,48,8,1560,2,2,-1,-1,-1
20181352S1118,2,9,0,18,0,1,0,0,0,0,2,1,6,2,27,6,1200,1,-1,6,1,6
20181352S1634,1,9,0,18,0,0,1,0,1,11,1,1,6,1,18,4,1995,2,4,-1,-1,-1
20181352S1650,1,9,0,18,0,0,1,0,0,0,1,1,6,2,28,6,1587,1,13,3,1,3
20181352S1812,1,9,0,16,0,0,1,0,0,11,1,1,6,1,24,5,1968,2,1,9,1,9
2018135310800,1,9,0,18,0,0,0,0,0,0,0,1,1,1,58,9,1390,1,18,5,1,5
2018135311279,1,9,0,18,0,0,1,0,0,0,1,1,6,2,29,6,-1,-1,-1,-1,-1,-1
2018135311326,1,9,0,18,9,0,1,0,1,0,1,1,6,3,-1,-1,1461,2,12,-1,-1,-1
2018135320339,1,9,0,1,0,0,0,0,0,11,1,1,2,1,52,8,1991,8,3,3,1,3
2018135320339,2,9,0,18,0,0,1,0,0,11,1,1,2,1,44,7,1999,2,2,7,1,7
2018135321014,1,9,0,18,0,0,0,0,1,1,1,1,6,1,40,7,1598,2,4,2,2,2
2018135321336,1,9,0,18,0,8,0,0,0,0,1,1,6,1,25,5,1995,2,1,1,1,1
2018135321336,2,9,0,18,0,8,0,0,0,0,4,1,6,2,44,7,1398,1,14,4,1,4
2018135321480,1,9,0,3,0,0,0,0,0,0,1,1,6,1,59,9,1995,1,11,10,1,10
2018135321480,2,19,0,18,0,0,0,0,0,0,2,1,6,1,45,7,1598,2,1,3,2,3
2018135321560,1,9,0,7,0,8,0,0,0,0,1,1,6,3,-1,-1,-1,-1,-1,-1,-1,-1
2018135321560,2,9,0,18,0,8,0,0,0,0,3,1,6,1,42,7,1686,2,13,1,1,1
2018135321651,1,9,0,4,0,0,0,0,0,0,2,1,6,2,23,5,1200,1,3,6,1,6
2018135321651,2,9,0,18,0,0,0,0,0,0,1,1,6,2,-1,-1,1991,1,1,-1,-1,-1
2018135321801,1,9,0,18,0,0,1,0,1,11,1,1,6,1,24,5,1390,1,14,3,1,3
2018135321801,2,9,0,18,0,0,0,0,0,0,3,1,6,1,29,6,1968,2,3,6,3,6
2018135330782,1,9,0,3,0,0,0,0,0,0,4,1,6,2,47,8,1995,2,2,9,3,9
2018135330782,2,1,0,18,0,0,0,0,0,0,1,1,6,1,21,5,-1,-1,-1,3,1,3
2018135330847,1,9,0,18,0,1,0,0,0,0,1,1,6,1,37,7,-1,-1,-1,3,1,3
2018135330847,2,9,0,18,0,1,0,0,0,0,1,1,6,1,21,5,2231,2,12,1,1,1
2018135330847,3,9,0,7,0,1,0,0,0,0,3,1,6,2,20,4,1198,1,15,8,3,8
2018135331118,1,9,0,9,0,8,0,0,0,0,3,1,6,1,37,7,1461,2,10,4,1,4
2018135331118,2,9,0,18,0,1,0,0,0,0,1,1,6,3,-1,-1,4806,1,10,-1,-1,-1
2018135331690,1,9,0,14,0,0,1,0,0,0,1,1,6,3,-1,-1,1910,2,10,-1,-1,-1
2018135331690,2,9,0,5,0,0,1,0,0,0,2,1,6,1,52,8,1968,2,4,3,1,3
2018135331690,3,9,0,2,0,0,0,0,0,0,3,1,6,1,-1,-1,1896,2,12,-1,-1,-1
2018135331690,4,9,0,2,0,0,0,0,0,0,3,1,6,1,-1,-1,1149,1,10,-1,-1,-1
2018135331745,1,9,0,18,0,0,0,0,0,0,2,1,6,1,37,7,1968,2,2,9,1,9
2018135331745,2,9,0,18,0,0,0,0,0,0,1,1,6,3,-1,-1,1896,2,16,-1,-1,-1
2018135340568,1,9,0,2,0,0,1,4,1,7,2,1,6,1,31,6,1360,1,16,1,1,1
2018135340568,2,9,0,12,0,0,1,0,0,0,1,1,6,2,24,5,1598,2,2,3,1,3
2018135340685,1,9,0,18,0,0,2,0,1,11,1,1,6,2,57,9,898,1,2,6,1,6
2018135340882,1,9,0,9,0,5,0,0,7,0,4,1,6,1,70,10,-1,-1,-1,7,2,7
2018135340882,2,9,0,18,0,1,0,0,0,0,1,1,6,2,27,6,1995,2,12,6,3,6
2018135341073,1,9,0,18,0,0,1,0,1,2,1,1,6,2,39,7,1686,2,5,-1,-1,-1
2018135341684,1,9,0,18,0,0,0,10,3,10,1,1,6,2,31,6,1796,1,15,10,1,10
2018135350245,1,9,0,4,0,0,0,0,0,0,2,1,6,1,21,5,1997,2,2,4,1,4
2018135350245,2,9,0,18,0,0,0,0,0,0,1,1,6,1,21,5,1798,1,1,8,1,8
2018135350430,1,9,0,9,0,6,0,0,0,0,1,1,6,2,52,8,898,1,2,2,1,2
2018135350430,2,9,0,18,0,8,0,0,0,0,4,1,6,2,48,8,996,1,6,2,2,2
2018135351524,1,9,0,4,0,0,0,0,0,0,1,1,1,1,23,5,1968,2,1,6,1,6
2018135351524,2,19,0,4,0,0,0,0,0,0,2,1,1,1,52,8,2198,2,3,5,1,5
2018135352006,1,9,0,18,0,0,0,0,0,0,3,1,6,1,75,10,1396,2,5,10,1,10
2018135352006,2,9,0,18,0,0,1,0,0,0,3,1,6,1,42,7,1598,1,13,6,1,6
2018135360287,1,9,0,12,0,0,0,0,0,0,3,1,2,2,31,6,1198,1,9,4,1,4
2018135360287,2,3,0,12,0,0,0,0,0,0,4,1,2,1,36,7,113,1,2,6,1,6
2018135360401,1,9,0,9,0,6,0,0,0,0,3,1,6,1,54,8,996,1,6,8,1,8
2018135360430,1,9,0,7,0,8,0,0,0,0,4,1,6,1,39,7,1560,2,3,10,1,10
2018135360430,2,1,0,18,0,8,0,0,0,0,1,1,6,1,69,10,-1,-1,-1,6,3,6
2018135360457,1,11,0,1,0,0,0,0,0,0,0,1,1,1,53,8,-1,2,18,6,1,6
2018135360884,1,9,0,18,0,1,0,0,0,0,3,1,6,1,61,9,1997,2,2,1,1,1
2018135360884,2,10,0,10,0,8,0,0,0,0,4,1,6,1,44,7,-1,-1,-1,6,2,6
2018135360888,1,9,0,18,0,0,0,0,0,0,1,1,6,1,76,11,1596,1,5,7,1,7
2018135360985,1,9,0,18,0,1,0,0,0,0,1,1,6,1,30,6,1995,2,14,1,1,1
2018135360985,2,21,0,3,0,1,0,0,0,0,2,1,1,1,36,7,10837,2,3,1,1,1
2018135360985,3,9,0,3,0,1,0,0,0,0,2,1,6,1,37,7,1995,2,12,8,1,8
2018135361394,1,9,0,18,0,3,0,0,0,0,1,1,6,2,58,9,1360,1,15,1,1,1
2018135361394,2,9,0,18,0,3,0,0,0,0,1,1,6,1,30,6,1995,2,14,1,1,1
2018135361667,1,9,0,18,0,6,0,0,0,0,1,1,2,1,36,7,2967,2,6,7,3,7
2018135361667,2,9,0,18,0,6,0,0,0,0,2,1,2,1,40,7,2987,2,9,9,1,9
2018135361857,1,11,0,18,0,8,0,0,0,0,0,1,1,1,64,9,4760,2,5,7,1,7
2018135370243,1,9,0,9,0,0,0,0,0,0,1,1,1,1,47,8,1400,2,13,-1,-1,-1
2018135370243,2,9,0,18,0,0,0,0,0,0,2,1,1,2,40,7,1968,2,8,-1,-1,-1
2018135370309,1,9,0,18,0,0,0,0,1,0,1,1,1,1,38,7,1798,1,12,7,1,7
2018135370383,1,9,0,9,0,1,0,0,0,0,1,1,6,1,22,5,1388,1,8,4,1,4
2018135370383,2,3,0,18,0,1,0,0,0,0,1,1,6,1,26,6,125,1,2,7,1,7
2018135370745,1,9,0,18,0,8,0,0,0,0,0,1,1,1,-1,-1,1248,2,4,-1,-1,-1
2018135370745,2,11,0,18,0,1,0,0,0,0,0,1,1,1,41,7,7300,2,13,3,1,3
2018135371093,1,9,0,18,0,0,0,0,0,0,3,1,3,1,46,8,2457,1,4,8,1,8
2018135371137,1,9,0,18,0,0,0,0,0,0,1,1,6,1,28,6,2143,2,4,3,1,3
2018135371137,2,1,0,18,0,0,0,0,0,0,1,1,4,1,13,3,-1,-1,-1,2,1,2
2018135371343,1,9,0,18,0,8,0,0,0,0,1,1,6,2,35,6,1968,2,5,5,1,5
2018135371390,1,9,0,9,0,8,0,0,1,1,1,1,6,3,-1,-1,999,1,2,-1,-1,-1
2018135371390,2,9,0,9,0,8,0,0,0,0,1,1,6,2,56,9,1598,1,14,2,2,2
2018135371432,1,1,0,18,0,1,0,0,0,0,1,1,6,1,50,8,-1,-1,-1,3,1,3
2018135371432,2,9,0,9,0,1,0,0,0,0,1,1,6,1,21,5,1242,1,6,4,2,4
2018135371464,1,9,0,9,0,1,0,0,0,0,2,1,6,2,25,5,1200,1,3,7,1,7
2018135371464,2,1,0,9,0,1,0,0,0,0,1,1,6,1,37,7,-1,-1,-1,8,1,8
2018135371852,1,9,0,18,0,0,0,0,0,0,1,1,6,1,-1,-1,1968,1,12,-1,-1,-1
2018135371852,2,9,0,18,0,0,0,0,0,0,2,1,6,2,17,4,1242,1,9,7,1,7
2018135372047,1,9,0,18,0,0,0,0,0,0,0,1,6,1,-1,-1,-1,-1,-1,-1,-1,-1
2018135380219,1,9,0,18,0,0,1,0,0,1,1,1,1,1,22,5,2143,2,5,2,1,2
2018135380230,1,19,0,4,9,1,1,10,1,0,4,1,1,1,64,9,1461,2,2,1,1,1
2018135380277,1,9,0,18,0,5,0,0,0,7,1,1,6,1,45,7,5204,1,4,6,3,6
2018135380323,1,9,0,18,0,0,1,0,7,2,1,1,2,2,23,5,2179,2,3,7,1,7
2018135380331,1,9,0,18,0,0,1,0,0,0,1,1,2,1,26,6,1422,2,3,9,2,9
2018135380339,1,9,0,18,0,0,1,0,0,0,1,1,6,1,-1,-1,1997,2,1,7,1,7
2018135380370,1,9,0,18,0,0,1,10,7,11,1,1,6,2,20,4,1398,1,4,-1,-1,-1
2018135380415,1,9,0,3,0,1,0,0,0,0,2,1,6,1,28,6,1999,2,3,5,-1,5
2018135380415,2,9,0,18,0,1,0,0,0,0,1,1,6,1,39,7,1198,1,10,4,1,4
2018135380415,3,9,0,18,0,1,0,0,0,0,1,1,6,1,53,8,1598,2,4,7,1,7
2018135380627,1,9,0,18,0,0,1,0,7,6,1,1,2,2,37,7,1997,2,3,8,1,8
2018135380766,1,9,0,18,0,0,0,0,0,0,1,1,6,2,28,6,1598,1,7,3,1,3
2018135380766,2,9,0,4,0,0,0,0,0,0,2,1,6,1,57,9,1461,2,-1,1,1,1
2018135381037,1,9,0,10,0,1,0,0,0,0,2,1,6,1,33,6,1242,1,12,1,2,1
2018135381037,2,9,0,18,0,1,0,0,0,0,1,1,6,2,34,6,1242,1,-1,1,2,1
2018135381175,1,2,0,6,0,8,0,0,1,2,1,1,6,1,16,4,49,1,4,9,2,9
2018135381477,1,9,0,5,0,0,0,0,0,0,2,1,6,2,45,7,1198,1,7,9,1,9
2018135381477,2,9,0,2,0,0,0,0,0,0,1,1,6,2,47,8,1397,1,16,1,1,1
2018135381518,1,9,0,18,0,4,0,0,0,0,2,1,6,2,36,7,1229,1,13,6,1,6
2018135381518,2,19,0,18,0,4,0,0,0,0,1,1,6,1,-1,-1,2143,2,5,-1,1,-1
2018135381586,1,9,0,18,0,0,0,0,0,0,4,1,6,2,19,4,1242,1,10,7,1,7
2018135381586,2,19,0,12,0,0,0,0,0,0,3,1,6,3,29,6,-1,-1,-1,-1,-1,-1
2018135381587,1,9,0,17,0,8,0,0,7,0,4,1,6,1,-1,-1,1997,2,5,-1,-1,-1
2018135381587,2,9,0,16,0,8,0,0,0,0,1,1,6,2,51,8,898,1,1,4,1,4
2018135381894,1,9,0,17,0,1,0,0,0,0,1,1,6,1,47,8,1995,2,15,1,1,1
2018135381894,2,9,0,16,0,1,0,0,1,5,1,1,6,2,68,10,1360,1,10,1,1,1
2018135381927,1,5,0,18,0,8,0,0,0,0,1,1,6,1,37,7,849,1,22,1,1,1
2018135381927,2,9,0,9,0,8,0,0,0,0,1,1,6,2,53,8,996,1,5,1,1,1
2018135390291,1,19,0,18,0,0,0,0,8,11,1,1,6,1,37,7,1870,2,15,5,1,5
2018135390291,2,21,1,18,0,0,0,0,0,0,4,1,1,1,43,7,11120,2,4,7,1,7
2018135390703,1,9,0,7,0,1,0,0,0,0,1,1,6,1,34,6,1149,1,16,-1,-1,-1
2018135390793,1,9,0,18,0,0,0,0,0,0,3,1,6,1,37,7,1910,2,10,1,1,1
2018135390904,1,9,0,18,0,8,0,0,0,0,1,1,6,2,38,7,1399,2,9,9,1,9
2018135390904,2,9,0,5,0,8,0,0,0,0,4,1,6,1,40,7,1339,1,5,9,1,9
2018135391355,1,9,0,6,0,0,0,0,0,0,1,1,6,2,58,9,1296,1,19,1,1,1
2018135391355,2,9,0,18,0,0,0,0,0,0,3,1,6,1,37,7,-1,-1,-1,4,1,4
2018135391525,1,9,0,7,0,6,0,0,0,0,1,1,6,2,36,7,999,1,12,6,1,6
2018135391525,2,1,0,18,0,8,0,0,0,0,4,1,1,1,42,7,-1,-1,-1,2,1,2
2018135391610,1,9,0,18,0,1,0,0,0,2,1,1,6,1,60,9,1956,2,7,4,1,4
2018135391683,1,9,0,9,0,8,0,0,0,0,1,1,6,1,18,4,1397,1,7,5,1,5
2018135391683,2,3,0,18,0,8,0,0,0,0,1,1,6,1,25,5,124,1,11,3,1,3
2018135391982,1,9,0,18,0,0,0,0,0,0,4,1,6,2,41,7,1242,1,3,2,1,2
2018135392076,1,9,0,1,0,0,0,0,0,0,2,1,6,1,19,4,1339,1,7,10,1,10
20181353A0189,1,8,0,18,0,8,0,0,0,0,4,1,1,1,46,8,1896,2,9,1,1,1
20181353A0189,2,19,0,18,0,8,0,0,0,0,1,1,2,1,44,7,-1,-1,-1,1,1,1
20181353A0329,1,9,0,18,0,0,0,0,0,0,1,1,6,1,36,7,2460,2,13,1,1,1
20181353A0329,2,10,0,4,0,0,0,0,0,0,2,1,1,1,28,6,-1,-1,-1,7,2,7
20181353A0382,1,9,0,18,0,0,1,0,1,10,1,1,2,1,23,5,1995,2,16,4,1,4
20181353A0824,1,9,0,4,0,0,0,0,0,0,1,1,6,1,25,5,998,1,11,7,1,7
20181353A0824,2,9,0,4,0,0,0,0,0,0,2,1,6,1,27,6,1999,1,12,1,1,1
20181353A1091,1,9,0,18,0,1,0,0,0,0,1,1,6,1,56,9,1242,1,7,-1,-1,-1
20181353A1091,2,19,0,9,0,6,0,0,0,0,3,1,6,2,40,7,-1,-1,-1,-1,-1,-1
20181353A1715,1,9,0,18,0,0,1,0,7,0,1,1,6,2,32,6,1769,1,13,2,1,2
20181353A1715,2,19,0,2,0,0,0,0,0,0,1,1,6,1,30,6,2198,2,11,7,1,7
20181353A1715,3,9,0,2,0,0,0,0,0,0,1,1,6,1,31,6,1968,2,6,1,1,1
20181353A1754,1,9,0,18,0,3,0,0,0,0,4,1,6,1,39,7,1397,1,6,5,1,5
20181353A1754,2,9,0,18,0,3,0,0,0,0,0,1,6,1,53,8,1364,1,1,3,1,3
20181353A1820,1,9,0,7,0,8,0,0,0,0,1,1,6,1,77,11,1997,2,10,7,3,7
20181353A1820,2,9,0,18,0,8,0,0,0,0,1,1,6,1,44,7,1339,1,15,7,1,7
20181353A1820,3,11,0,3,0,1,0,0,0,0,1,1,1,1,45,7,7300,2,10,-1,-1,-1
20181353A1950,1,8,0,18,0,8,0,0,0,0,1,1,1,1,30,6,1968,2,6,1,1,1
20181353A1950,2,9,0,5,0,8,0,0,0,0,3,1,6,1,22,5,1968,2,12,8,1,8
20181353A2137,1,9,0,16,0,0,0,0,0,0,1,1,6,2,25,5,1364,1,11,-1,-1,-1
20181353A2137,2,9,0,17,0,0,0,0,0,0,1,1,6,1,21,5,1242,1,11,-1,-1,-1
20181353B0398,1,8,0,18,0,0,0,0,1,11,1,1,1,1,48,8,1896,2,8,1,1,1
20181353B0612,1,9,0,9,0,6,0,0,0,0,3,1,6,1,31,6,1598,1,12,5,2,5
20181353B0612,2,1,0,18,0,1,5,0,0,0,1,1,6,2,59,9,-1,-1,-1,8,3,8
20181353B0830,1,9,0,18,0,1,0,0,0,0,1,1,6,1,32,6,1560,2,5,-1,-1,-1