Accident_Index,Vehicle_Reference,Vehicle_Type,Towing_and_Articulation,Vehicle_Manoeuvre,Vehicle_Location-Restricted_Lane,Junction_Location,Skidding_and_Overturning,Hit_Object_in_Carriageway,Vehicle_Leaving_Carriageway,Hit_Object_off_Carriageway,1st_Point_of_Impact,Was_Vehicle_Left_Hand_Drive?,Journey_Purpose_of_Driver,Sex_of_Driver,Age_of_Driver,Age_Band_of_Driver,Engine_Capacity_(CC),Propulsion_Code,Age_of_Vehicle,Driver_IMD_Decile,Driver_Home_Area_Type,Vehicle_IMD_Decile
20181353B0830,2,9,0,3,0,1,0,0,0,0,2,1,6,1,48,8,1299,1,12,-1,-1,-1
20181353B0857,1,9,0,5,0,1,0,0,0,0,3,1,6,1,64,9,2799,1,13,8,3,8
20181353B0872,1,9,0,9,0,8,0,0,0,0,1,1,6,1,43,7,2204,2,10,7,1,7
20181353B0872,2,9,0,18,0,8,0,0,0,0,4,1,6,1,54,8,1329,1,5,7,1,7
20181353B1091,1,9,0,18,0,1,0,0,0,0,1,1,6,2,52,8,-1,-1,-1,7,3,7
20181353B1091,2,9,0,18,0,1,0,0,0,0,2,1,6,1,36,7,1968,2,-1,7,1,7
20181353B1091,3,9,0,18,0,1,0,0,0,0,2,1,6,1,44,7,1968,2,3,6,1,6
20181353B1427,1,9,0,18,0,0,0,0,0,0,1,1,6,1,32,6,1896,2,14,1,1,1
20181353B1427,2,9,0,18,0,0,0,0,0,0,2,1,6,1,28,6,1995,2,11,3,1,3
20181353B1670,1,3,0,18,0,8,5,0,0,0,1,1,6,1,32,6,124,1,2,4,1,4
20181353B1670,2,9,0,9,0,6,0,0,0,0,3,1,6,1,72,10,1797,8,5,2,1,2
20181353B2041,1,8,0,5,0,0,0,0,0,0,0,1,1,1,35,6,1798,8,2,2,1,2
20181353C0145,1,9,0,18,6,0,2,0,1,4,1,1,6,1,24,5,1998,1,4,6,1,6
20181353C0288,1,9,0,4,0,1,0,0,0,0,4,1,2,2,26,6,1586,1,10,4,1,4
20181353C0352,1,9,0,9,0,6,0,0,0,0,3,1,3,1,75,10,1796,1,11,8,1,8
20181353C0410,1,9,0,18,0,0,0,0,0,0,1,1,6,2,-1,-1,-1,-1,-1,-1,-1,-1
20181353C1128,1,9,0,18,0,8,0,0,0,0,4,1,6,1,73,10,1200,1,-1,5,2,5
20181353C1128,2,9,0,18,0,4,0,0,0,0,1,1,6,1,25,5,1587,1,16,1,1,1
20181353C1292,1,1,0,18,0,0,0,0,0,0,1,1,6,3,-1,-1,-1,-1,-1,-1,-1,-1
20181353C1344,1,9,0,4,0,1,0,0,0,0,2,1,6,2,30,6,973,1,16,3,1,3
20181353C1344,2,9,0,4,0,1,0,0,0,0,1,1,6,1,49,8,1360,1,8,3,1,3
20181353C1358,1,9,0,4,0,8,0,0,0,0,2,1,6,2,21,5,998,1,9,3,1,3
20181353C1358,2,1,0,18,0,8,5,0,0,0,1,1,6,1,24,5,-1,-1,-1,8,1,8
20181353C1446,1,9,0,18,0,8,0,0,0,0,1,1,6,2,81,11,1398,1,3,8,1,8
20181353C1446,2,9,0,7,0,6,0,0,0,0,3,1,6,2,25,5,1398,1,16,3,1,3
20181353C1547,1,9,0,18,0,1,1,0,0,0,1,1,6,1,41,7,1332,1,22,2,1,2
20181353C1547,2,9,0,9,0,6,0,0,0,0,4,1,6,1,36,7,1686,2,8,2,1,2
20181353D0259,1,9,0,18,0,0,0,0,7,0,4,1,6,2,38,7,2987,2,11,7,3,7
20181353D0259,2,21,1,18,0,0,0,0,1,0,3,1,1,1,61,9,11946,2,7,1,1,1
20181353D0259,3,21,0,18,0,0,0,0,0,0,1,1,1,1,42,7,5861,2,17,-1,-1,-1
20181353D0300,1,9,0,4,0,0,0,0,0,0,1,1,6,1,57,9,1596,1,4,4,1,4
20181353D0300,2,9,0,4,0,0,0,0,0,0,2,1,6,2,22,5,1242,1,6,5,1,5
20181353D0336,1,9,0,4,0,0,0,0,0,0,1,1,6,1,26,6,1968,2,4,1,1,1
20181353D0336,2,9,0,4,0,0,0,0,0,0,2,1,6,2,32,6,1598,2,5,6,1,6
20181353D0341,1,9,0,4,0,1,0,0,0,0,2,1,6,1,19,4,1242,1,13,3,1,3
20181353D0341,2,9,0,4,0,1,0,0,0,0,1,1,2,2,50,8,1587,1,13,2,1,2
20181353D0413,1,21,0,18,0,1,0,0,0,0,4,1,1,1,53,8,4462,2,5,2,1,2
20181353D0413,2,21,0,2,0,1,0,0,0,0,3,1,1,1,60,9,12900,2,10,7,1,7
20181353D0799,1,9,0,1,0,1,0,0,1,11,2,1,6,2,38,7,1390,1,6,1,1,1
20181353D0967,1,8,0,1,0,0,0,0,0,0,2,1,6,3,-1,-1,-1,-1,-1,-1,-1,-1
20181353D1184,1,19,0,9,0,5,0,0,0,0,4,1,1,1,50,8,2148,2,10,5,1,5
20181353D1216,1,9,0,18,0,0,0,0,0,0,2,1,6,2,38,7,1598,1,8,5,1,5
20181353D1216,2,9,0,18,0,0,0,0,0,0,1,1,6,1,51,8,-1,-1,-1,1,1,1
20181353D1271,1,9,0,9,0,8,0,0,0,0,3,1,6,2,46,8,1242,1,7,4,2,4
20181353D1271,2,9,0,13,0,8,0,0,0,0,1,1,6,2,60,9,1229,1,12,2,1,2
20181353D1562,1,9,0,18,0,0,0,0,0,0,1,1,6,1,34,6,1560,2,13,1,1,1
20181353D1562,2,1,0,18,0,0,0,0,0,0,2,1,6,1,53,8,-1,-1,-1,4,1,4
20181353D1723,1,9,0,9,0,5,0,0,0,0,1,1,6,1,44,7,1398,1,17,1,1,1
20181353D1723,2,1,0,18,0,8,5,0,0,0,1,1,6,1,47,8,-1,-1,-1,10,2,10
20181353D1897,1,9,0,9,0,7,0,0,0,0,1,1,6,1,28,6,1968,2,10,3,1,3
20181353D1897,2,2,0,18,0,8,0,0,0,0,4,1,6,2,39,7,125,1,3,8,1,8
20181353D1987,1,3,0,18,0,8,0,0,0,0,1,1,6,1,17,4,125,1,1,2,1,2
20181353D1987,2,9,0,9,0,6,0,0,0,0,3,1,6,1,52,8,1598,1,13,3,1,3
20181353E0179,1,9,0,16,0,0,1,0,7,10,3,1,2,1,58,9,2979,1,2,2,1,2
20181353E0338,1,9,0,18,0,0,0,0,0,0,3,1,1,2,33,6,1685,2,2,-1,-1,-1
20181353E0342,1,9,0,18,0,0,0,0,0,0,1,1,6,2,26,6,1368,1,14,4,1,4
20181353E0991,1,21,0,18,0,0,0,0,0,0,1,1,1,1,59,9,10518,2,7,10,1,10
20181353E0991,2,21,0,2,6,0,0,0,0,0,3,1,1,1,62,9,-1,-1,-1,5,1,5
20181353E1288,1,9,0,7,0,1,0,0,0,0,4,1,6,2,61,9,1796,1,8,7,1,7
20181353E1288,2,1,0,18,0,1,5,0,0,0,1,1,6,2,81,11,-1,-1,-1,4,1,4
20181353E1432,1,9,0,18,0,0,0,0,0,0,1,1,2,1,54,8,1988,1,15,9,1,9
20181353E1432,2,9,0,18,0,0,0,0,0,0,3,1,2,1,66,10,1395,1,2,-1,-1,-1
20181353E1487,1,9,0,3,0,0,0,0,0,0,2,1,6,1,33,6,1399,2,13,7,1,7
20181353E1487,2,9,0,4,0,0,0,0,0,0,2,1,6,2,37,7,1968,2,6,3,1,3
20181353E1487,3,9,0,4,0,0,0,0,0,0,1,1,6,1,76,11,1560,2,3,1,1,1
20181353E1833,1,9,0,9,0,8,0,0,0,0,1,1,6,2,65,9,1998,1,19,1,1,1
20181353E1833,2,1,0,18,0,8,0,0,0,0,4,1,2,1,48,8,-1,-1,-1,4,1,4
20181353F0198,1,9,0,5,0,0,0,0,0,0,3,1,6,1,38,7,5998,1,2,4,1,4
20181353F0198,2,9,0,2,0,0,0,0,0,0,3,1,1,1,41,7,2993,2,-1,6,1,6
20181353F0198,3,9,0,18,0,0,0,0,0,0,1,1,1,1,38,7,2993,2,2,6,1,6
20181353F0309,1,9,0,18,0,0,0,0,0,0,1,1,1,1,58,9,1797,8,7,9,1,9
20181353F0315,1,5,0,18,0,0,0,0,0,0,1,1,6,1,27,6,599,1,10,8,1,8
20181353F0315,2,9,0,6,0,0,0,0,0,0,3,1,6,2,51,8,899,1,5,10,3,10
20181353F0359,1,9,0,18,0,0,0,0,0,0,1,1,1,2,33,6,1242,1,8,3,1,3
20181353F0468,1,9,0,18,0,0,0,0,0,0,1,1,6,3,-1,-1,2143,2,5,-1,-1,-1
20181353F0678,1,21,1,3,0,1,0,0,0,0,1,1,1,1,39,7,10837,2,3,8,1,8
20181353F0678,2,9,0,5,0,6,0,0,0,0,3,1,6,1,61,9,1587,1,14,9,1,9
20181353F0696,1,9,0,18,0,0,0,0,0,0,0,1,6,2,37,7,1991,2,7,1,1,1
20181353F0703,1,9,0,18,0,0,0,0,0,0,4,1,6,1,28,6,-1,-1,-1,-1,-1,-1
20181353F0762,1,9,0,7,0,8,0,0,0,0,1,1,6,3,-1,-1,-1,-1,-1,-1,-1,-1
20181353F0762,2,3,0,18,0,8,2,0,0,0,2,1,2,1,22,5,124,1,6,4,1,4
20181353F0966,1,9,0,18,0,0,0,0,1,11,1,1,6,1,64,9,1997,2,7,2,1,2
20181353F0966,2,8,0,2,0,0,0,0,0,0,2,1,6,1,51,8,1968,2,11,7,1,7
20181353F1015,1,21,0,18,0,0,0,0,0,0,4,1,1,1,-1,-1,4250,2,11,7,1,7
20181353F1310,1,9,0,18,0,1,0,0,0,0,1,1,6,1,56,9,1968,2,9,5,2,5
20181353F1310,2,9,0,18,0,1,0,0,0,0,2,1,6,2,22,5,1598,2,5,4,1,4
20181353F1328,1,9,0,5,0,6,0,0,0,0,4,1,6,1,50,8,-1,-1,-1,9,1,9
20181353F1328,2,8,0,18,0,1,0,0,0,0,1,1,1,1,61,9,1998,2,6,1,1,1
20181353F1560,1,9,0,18,0,1,0,0,0,0,1,1,6,1,-1,-1,2143,2,3,-1,-1,-1
20181353F1560,2,9,0,18,0,1,0,0,0,0,3,1,6,2,25,5,1198,1,10,5,1,5
20181353F1560,3,9,0,3,0,1,0,0,0,0,1,1,6,1,57,9,1685,2,7,9,1,9
20181353F1560,4,9,0,3,0,1,0,0,0,0,1,1,6,2,28,6,1499,1,3,10,1,10
20181353F1560,5,9,0,3,0,1,0,0,0,0,1,1,6,1,63,9,1984,2,4,2,1,2
20181353F1984,1,9,0,18,0,1,0,0,0,0,1,1,6,1,35,6,1998,1,9,4,1,4
20181353F1984,2,9,0,9,0,1,0,0,0,0,1,1,6,2,17,4,998,1,1,7,1,7
20181353G0313,1,9,0,6,0,0,0,0,0,0,3,1,6,1,49,8,1248,1,6,1,1,1
20181353G0313,2,5,0,18,0,0,0,0,0,0,1,1,6,1,28,6,645,1,1,2,1,2
20181353G0351,1,3,0,14,0,8,5,0,0,0,1,1,6,1,28,6,124,1,14,3,1,3
20181353G0351,2,9,0,9,0,6,0,0,0,0,1,1,6,1,76,11,1248,2,7,4,1,4
20181353G0410,1,9,0,9,0,5,0,0,0,0,4,1,6,1,30,6,1198,1,8,4,1,4
20181353G0410,2,1,0,18,0,8,5,0,0,0,1,1,6,1,18,4,-1,-1,-1,9,1,9
20181353G0571,1,9,0,16,0,0,0,0,0,0,1,1,6,2,23,5,2000,2,14,1,1,1
20181353G0571,2,9,0,18,0,0,0,0,0,0,1,1,6,2,32,6,1560,2,3,5,1,5
20181353G0685,1,9,0,2,0,0,0,0,0,0,3,1,6,1,48,8,1910,2,11,2,1,2
20181353G0685,2,1,0,14,0,0,5,0,0,0,1,1,6,2,49,8,-1,-1,-1,2,1,2
20181353G0708,1,9,0,18,0,8,0,0,0,0,3,1,6,3,-1,-1,1900,2,13,-1,-1,-1
20181353G0708,2,9,0,18,0,8,0,0,0,0,1,1,6,2,22,5,1596,1,10,1,1,1
20181353G0708,3,9,0,18,0,1,0,0,0,0,0,1,6,1,-1,-1,2993,2,5,1,1,1
20181353G0877,1,9,0,9,0,8,0,0,0,0,3,1,6,2,62,9,1997,2,2,3,1,3
20181353G0877,2,9,0,18,0,8,0,0,0,0,1,1,6,2,49,8,1240,1,12,2,1,2
20181353G0972,1,9,0,18,0,8,0,0,0,0,0,1,6,1,48,8,2993,2,8,10,1,10
20181353G0972,2,1,0,18,0,8,2,0,0,0,0,1,6,1,23,5,-1,-1,-1,3,1,3
20181353G1009,1,9,0,18,0,0,0,0,0,0,1,1,6,1,-1,-1,1600,1,14,1,1,1
20181353G1009,2,9,0,18,0,0,0,0,0,0,2,1,6,1,19,4,1395,1,4,1,2,1
20181353G1210,1,9,0,5,0,0,0,0,0,0,4,1,6,1,-1,-1,-1,-1,-1,-1,-1,-1
20181353G1262,1,3,0,18,0,0,0,0,0,0,4,1,6,1,45,7,124,1,9,2,3,2
20181353G1262,2,9,0,18,0,0,0,0,0,0,3,1,6,2,54,8,1997,2,2,3,1,3
20181353G1280,1,9,0,18,0,8,0,0,0,0,4,1,6,3,-1,-1,-1,-1,-1,-1,-1,-1
20181353G1360,1,9,0,18,0,0,0,0,0,0,1,1,6,2,31,6,998,1,10,3,1,3
20181353G1767,1,9,0,18,0,8,0,4,0,0,1,1,6,1,26,6,1242,1,9,3,1,3
20181353G1767,2,9,0,2,0,1,0,0,0,0,2,1,6,3,-1,-1,1997,2,17,-1,-1,-1
20181353G1767,3,9,0,2,0,1,0,0,0,0,2,1,6,3,-1,-1,1968,2,2,-1,-1,-1
20181353G1829,1,9,0,9,0,5,0,0,0,0,1,1,6,1,86,11,1560,2,9,5,1,5
20181353G1873,1,9,0,9,0,1,0,0,0,0,3,1,6,3,-1,-1,-1,-1,-1,-1,-1,-1
20181353G1873,2,1,0,18,9,1,0,0,0,0,1,1,6,1,22,5,-1,-1,-1,2,1,2
20181353G1888,1,9,0,18,0,2,0,0,0,0,4,1,6,2,56,9,1587,1,16,8,1,8
20181353H0184,1,9,0,9,0,6,5,0,0,0,3,1,6,1,23,5,-1,-1,-1,5,1,5
20181353H0184,2,9,0,18,0,1,0,0,0,0,1,1,1,1,31,6,1997,2,5,1,1,1
20181353H0419,1,9,0,18,0,0,0,0,0,0,1,1,6,1,18,4,1395,1,-1,10,1,10
20181353H0419,2,9,0,18,0,0,1,0,0,0,4,1,6,1,34,6,1198,1,16,7,2,7
20181353H0428,1,9,0,7,0,5,0,0,0,0,1,1,1,1,31,6,1968,2,6,1,1,1
20181353H0507,1,9,0,9,0,1,1,0,0,0,1,1,6,1,46,8,1598,1,14,3,1,3
20181353H0507,2,9,0,18,0,1,0,0,0,0,1,1,6,1,70,10,2720,2,12,1,1,1
20181353H0825,1,9,0,18,0,0,0,0,0,0,4,1,6,1,25,5,2179,2,5,2,1,2
20181353H0825,2,9,0,18,0,0,0,0,0,0,3,1,6,2,34,6,1968,2,5,5,1,5
20181353H1097,1,9,0,18,0,8,1,0,1,1,1,1,2,2,27,6,1399,2,13,4,1,4
20181353H1616,1,9,0,18,0,0,2,0,2,11,4,1,6,1,63,9,1596,1,12,6,1,6
20181353H1650,1,20,0,18,0,0,0,0,0,0,1,1,1,1,22,5,-1,-1,-1,7,2,7
20181353H1829,1,9,0,18,0,0,0,0,0,0,2,1,6,2,46,8,1493,2,11,7,1,7
20181353H1829,2,9,0,18,0,0,0,0,0,0,1,1,6,1,45,7,2179,2,5,5,1,5
20181353H1843,1,9,0,18,0,1,1,0,0,0,4,1,1,1,29,6,1968,2,9,1,1,1
20181353H1843,2,9,0,18,0,1,0,0,0,0,4,1,6,1,27,6,2835,2,20,4,1,4
20181353H2059,1,9,0,18,9,0,0,0,0,0,0,1,6,3,-1,-1,1998,2,10,-1,-1,-1
20181353I0076,1,9,0,11,0,0,1,7,1,7,2,1,6,2,21,5,998,1,10,1,1,1
20181353I0292,1,8,0,17,0,0,1,0,1,11,4,1,1,1,43,7,1995,2,6,1,1,1
20181353I1214,1,19,0,9,0,5,0,0,0,0,3,1,2,1,20,4,2143,2,7,8,1,8
20181353I1214,2,9,0,13,0,1,0,0,0,0,4,1,6,1,44,7,1995,2,12,7,1,7
20181353I1590,1,9,0,16,0,0,0,0,0,0,1,1,6,1,44,7,1390,1,17,7,2,7
20181353I1590,2,9,0,17,0,0,0,0,0,0,1,1,6,1,47,8,1560,2,7,2,3,2
20181353I1590,3,9,0,16,0,0,1,0,0,0,1,1,6,1,23,5,1995,2,12,7,2,7
20181353J0217,1,9,0,5,2,6,0,0,0,0,1,1,2,2,23,5,1896,2,10,2,1,2
20181353J0217,2,1,0,18,2,8,0,0,0,0,4,1,2,1,53,8,-1,-1,-1,9,1,9
20181353J0346,1,21,1,11,0,0,0,0,0,0,1,1,1,1,26,6,12777,2,5,1,1,1
20181353J0346,2,9,0,18,0,0,0,0,0,0,3,1,2,2,59,9,1229,1,10,8,1,8
20181353J0454,1,21,1,11,0,0,0,0,0,0,1,1,1,1,47,8,-1,-1,-1,6,1,6
20181353J0454,2,9,0,18,0,0,0,0,0,6,3,1,6,2,39,7,898,1,1,1,1,1
20181353J0483,1,21,0,2,0,0,0,0,0,0,1,1,1,1,52,8,8710,2,-1,7,1,7
20181353J0483,2,1,0,18,0,0,0,0,0,0,1,1,6,1,28,6,-1,-1,-1,10,1,10
20181353J0611,1,9,0,18,0,0,0,0,0,0,2,1,6,2,59,9,1248,2,2,9,1,9
20181353J0611,2,9,0,18,0,0,0,0,0,0,2,1,6,1,36,7,1896,2,14,4,1,4
20181353J0611,3,9,0,18,0,0,0,0,0,0,1,1,6,2,48,8,1968,2,1,7,3,7
20181353J1209,1,9,0,18,0,0,1,0,0,0,1,1,2,2,25,5,1397,1,8,1,1,1
20181353J1209,2,11,0,18,0,0,1,0,0,0,4,1,1,2,56,9,-1,-1,-1,7,3,7
20181353J1421,1,9,0,18,0,0,0,0,0,0,1,1,6,3,-1,-1,-1,-1,-1,-1,-1,-1
20181353K0029,1,9,0,16,0,4,0,10,7,7,1,1,6,3,-1,-1,1896,2,14,-1,-1,-1
20181353K0245,1,9,0,4,0,4,0,0,0,0,2,1,6,1,61,9,2400,2,1,5,3,5
20181353K0245,2,9,0,4,0,4,0,0,0,0,1,1,6,1,46,8,1995,2,4,7,3,7
20181353K0329,1,9,0,18,0,0,0,0,0,0,3,1,6,1,62,9,1598,2,1,3,2,3
20181353K0425,1,9,0,9,0,8,0,0,0,0,3,1,6,2,60,9,998,1,5,5,1,5
20181353K0425,2,1,0,18,0,2,0,0,0,0,1,1,6,2,32,6,-1,-1,-1,8,1,8
20181353K0487,1,8,0,18,0,0,0,0,0,0,1,1,1,1,41,7,1968,2,7,3,1,3
20181353K1029,1,9,0,18,0,0,0,0,0,0,1,1,6,2,60,9,998,1,2,10,2,10
20181353K1029,2,9,0,18,0,0,0,0,0,0,1,1,6,1,28,6,1686,2,3,2,1,2
20181353K1074,1,9,0,5,0,0,0,0,0,0,1,1,6,2,29,6,1248,1,6,6,3,6
20181353K1074,2,9,0,1,0,0,0,0,0,0,2,1,6,2,39,7,1968,2,10,2,1,2
20181353K1077,1,9,0,9,0,2,0,0,0,0,2,1,6,1,68,10,-1,-1,-1,8,1,8
20181353K1077,2,1,0,18,0,1,0,0,0,0,1,1,6,1,35,6,-1,-1,-1,3,1,3
20181353K1098,1,1,0,2,0,0,0,0,0,0,3,1,6,1,35,6,-1,-1,-1,8,3,8
20181353K1098,2,1,0,18,0,0,0,0,0,0,1,1,6,2,27,6,-1,-1,-1,5,1,5
20181353K1254,1,9,0,5,0,0,0,0,0,0,1,1,6,1,33,6,1598,2,6,1,1,1
20181353K1254,2,1,0,17,0,0,0,0,0,0,4,1,1,1,40,7,-1,-1,-1,6,1,6
20181353K1272,1,9,0,5,0,1,0,0,0,0,4,1,6,1,21,5,1600,1,7,5,1,5
20181353K1467,1,9,0,18,0,0,0,0,0,0,1,1,2,1,28,6,1686,2,11,1,1,1
20181353K1581,1,9,0,7,0,6,1,11,5,6,1,1,6,1,49,8,1242,1,4,-1,-1,-1
20181353K1581,2,9,0,7,0,6,0,0,0,0,0,1,6,1,48,8,2993,2,2,-1,-1,-1
20181353L0230,1,9,0,17,0,0,1,0,1,10,1,1,2,1,25,5,1360,1,13,4,1,4
20181353L0327,1,9,0,9,4,1,0,0,0,0,4,1,6,1,31,6,1968,2,12,-1,-1,-1
20181353L0327,2,1,0,18,4,1,5,0,0,0,1,1,6,1,34,6,-1,-1,-1,-1,-1,-1
20181353L0331,1,9,0,18,0,8,0,0,0,0,1,1,2,2,23,5,998,1,2,1,1,1
20181353L0331,2,9,0,18,0,8,0,0,0,0,1,1,3,1,30,6,1388,1,15,4,1,4
20181353L0331,3,19,0,2,9,1,0,0,0,0,2,1,6,1,34,6,1995,2,-1,4,1,4
20181353L0548,1,9,0,9,0,6,0,0,0,0,4,1,6,2,52,8,1499,1,3,8,1,8
20181353L0548,2,1,0,18,0,1,0,0,0,0,1,1,6,1,18,4,-1,-1,-1,3,1,3
20181353L1111,1,1,0,18,0,1,0,0,0,0,1,1,6,1,56,9,-1,-1,-1,-1,-1,-1
20181353L1111,2,9,0,9,0,8,0,0,0,0,3,1,6,1,35,6,1198,1,7,4,1,4
20181353L1179,1,8,0,18,0,0,0,0,0,0,1,1,1,1,29,6,1797,8,8,1,1,1
20181353L1179,2,1,0,18,0,0,0,0,0,0,4,1,6,1,19,4,-1,-1,-1,1,1,1
20181353L1186,1,9,0,5,0,0,0,0,0,0,3,1,6,2,32,6,1590,1,14,2,1,2
20181353L1186,2,1,0,14,0,0,0,0,0,0,4,1,6,1,53,8,-1,-1,-1,1,1,1
20181353L1196,1,9,0,3,0,0,0,0,0,0,2,1,6,1,64,9,1364,1,3,1,1,1
20181353L1196,2,9,0,18,0,0,0,0,0,0,1,1,6,1,17,4,1242,1,5,9,1,9
20181353L1471,1,9,0,18,0,1,0,0,0,0,1,1,6,1,27,6,1896,2,9,1,1,1
20181353M0309,1,9,0,9,0,6,0,0,0,0,3,1,6,2,38,7,-1,-1,-1,-1,-1,-1
20181353M0309,2,3,0,18,0,1,0,0,0,0,1,1,6,1,59,9,1170,1,7,-1,-1,-1
20181353M0323,1,9,0,9,0,6,0,0,0,0,3,1,6,2,25,5,1560,2,11,1,1,1
20181353M0323,2,9,0,18,0,1,0,0,0,0,4,1,6,2,59,9,1149,1,9,3,1,3
20181353M0361,1,19,0,13,0,0,0,0,0,0,4,1,6,3,-1,-1,-1,-1,-1,-1,-1,-1
20181353M0361,2,1,0,18,0,0,0,0,0,0,1,1,6,1,47,8,-1,-1,-1,6,1,6
20181353M0362,1,9,0,18,0,0,0,0,0,0,1,1,1,1,47,8,1560,2,10,1,1,1
20181353M0401,1,9,0,18,0,2,0,0,0,0,1,1,6,3,-1,-1,1587,1,16,-1,-1,-1
20181353M0462,1,19,0,18,0,1,0,0,0,0,1,1,1,1,40,7,1461,2,6,3,1,3
20181353M0462,2,9,0,3,0,1,0,0,0,0,2,1,6,2,75,10,998,1,6,8,1,8
20181353M0498,1,9,0,18,0,0,0,0,0,0,1,1,6,1,87,11,1598,1,18,4,3,4
20181353M0763,1,9,0,18,0,0,0,0,0,0,1,1,6,1,26,6,1968,2,11,1,1,1
20181353M0763,2,9,0,18,0,0,0,0,0,0,1,1,6,1,78,11,1796,1,12,1,1,1
20181353M0843,1,9,0,18,0,0,2,0,1,10,1,1,3,1,18,4,1229,1,11,4,1,4
20181353M1009,1,21,0,9,0,6,0,0,0,0,1,1,1,1,43,7,10677,2,1,6,1,6
20181353M1123,1,9,0,9,0,5,0,0,0,0,1,1,6,2,30,6,1598,1,4,1,1,1
20181353M1123,2,1,0,18,0,1,0,0,0,0,1,1,6,1,61,9,-1,-1,-1,2,1,2
20181353M1190,1,9,0,4,0,0,0,0,0,0,2,1,6,2,36,7,1753,2,11,1,1,1
20181353M1190,2,9,0,18,0,0,0,0,0,0,1,1,6,1,36,7,1999,2,10,3,1,3
20181353M1190,3,9,0,18,0,0,0,0,0,0,1,1,6,1,33,6,-1,-1,-1,1,1,1
20181353M1190,4,9,0,18,0,0,0,0,0,0,1,1,6,1,45,7,2298,2,5,1,1,1
20181353M1438,1,9,0,4,0,5,0,0,0,0,1,1,6,1,26,6,1596,1,10,1,1,1
20181353M1438,2,19,0,3,0,5,0,0,0,0,2,1,1,1,52,8,1995,2,2,1,1,1
20181353M1477,1,9,0,18,0,0,0,0,0,0,1,1,6,1,59,9,1242,1,10,8,1,8
20181353M1595,1,9,0,18,0,0,0,0,0,0,1,1,6,1,53,8,1390,1,14,1,1,1
20181353M1948,1,9,0,13,0,0,0,0,0,0,1,1,6,2,27,6,1995,1,6,7,1,7
20181353M1948,2,9,0,18,0,0,0,0,0,0,1,1,6,1,45,7,1599,1,15,1,1,1
20181353M1981,1,9,0,18,0,8,1,0,0,0,1,1,6,1,23,5,1991,1,1,4,3,4
20181353M1981,2,9,0,18,0,8,0,0,0,0,4,1,6,1,62,9,1995,2,5,8,1,8
20181353M1981,3,9,0,3,0,1,0,0,1,0,3,1,6,2,44,7,1582,2,2,5,1,5
20181353M1998,1,9,0,18,0,8,0,0,0,0,1,1,6,1,63,9,1968,2,8,2,1,2
20181353M1998,2,9,0,9,0,8,0,0,0,0,1,1,6,2,18,4,996,1,4,4,3,4
20181353N0309,1,19,0,18,0,0,0,0,0,0,1,1,1,1,50,8,2198,2,3,-1,-1,-1
20181353N0309,2,9,0,18,0,0,0,0,0,0,2,1,2,1,25,5,-1,-1,-1,4,1,4
20181353N0327,1,9,0,18,0,0,0,0,0,0,1,1,6,2,19,4,1998,1,-1,9,1,9
20181353N0327,2,9,0,18,0,0,0,0,0,0,2,1,2,2,29,6,1329,1,7,1,1,1
20181353N0327,3,9,0,18,0,0,0,0,0,0,3,1,6,2,45,7,1598,1,8,3,1,3
20181353N0566,1,1,0,18,0,8,5,0,0,0,4,1,6,1,40,7,-1,-1,-1,1,1,1
20181353N0566,2,9,0,18,0,4,0,0,0,0,1,1,6,1,37,7,-1,-1,-1,-1,-1,-1
20181353N0850,1,9,0,9,0,5,0,0,0,0,4,1,6,2,37,7,1900,2,12,8,1,8
20181353N0850,2,1,0,18,0,8,0,0,0,0,1,1,6,1,21,5,-1,-1,-1,4,1,4
20181353N0917,1,5,0,18,0,0,1,0,0,0,1,1,6,1,38,7,998,1,13,6,1,6
20181353N0917,2,9,0,5,0,0,0,0,0,0,4,1,6,1,33,6,1560,2,8,8,3,8
20181353N0990,1,9,0,18,0,0,0,0,0,0,1,1,3,1,71,10,998,1,18,-1,-1,-1
20181353N0990,2,8,0,18,0,0,0,0,0,0,1,1,1,1,31,6,1995,2,9,-1,-1,-1
20181353N1699,1,9,0,18,0,1,0,0,1,10,3,1,6,1,19,4,1197,1,4,8,1,8
20181353N1699,2,9,0,18,0,1,0,0,7,10,1,1,6,1,69,10,2497,2,13,5,1,5
20181353N1699,3,19,0,2,0,1,0,0,0,0,2,1,6,1,47,8,1560,2,5,9,1,9
20181353N2005,1,9,0,18,0,0,0,0,2,4,1,1,6,1,28,6,1910,2,11,3,1,3
20181353N2302,1,9,0,18,0,1,1,0,0,0,1,1,6,1,41,7,999,1,4,9,2,9
20181353N2302,2,17,5,7,0,6,0,0,0,0,3,1,1,1,53,8,-1,2,10,10,1,10
20181353O0409,1,9,0,18,0,1,0,0,0,0,1,1,6,1,55,8,1968,2,6,10,2,10
20181353O0409,2,9,0,18,0,8,0,0,0,0,1,1,6,1,45,7,1598,1,8,2,1,2
20181353O0409,3,9,0,18,0,8,0,0,0,1,1,1,6,2,44,7,1999,2,1,6,1,6
20181353O0768,1,9,0,18,0,1,1,0,0,0,1,1,6,1,21,5,-1,-1,-1,1,1,1
20181353O0768,2,9,0,3,0,1,0,0,1,7,2,1,6,2,34,6,1598,1,8,5,1,5
20181353O0768,3,9,0,3,0,1,0,0,0,0,2,1,6,1,47,8,1598,1,11,6,1,6
20181353O0768,4,9,0,3,0,1,0,0,0,0,3,1,6,2,77,11,1339,1,6,-1,-1,-1
20181353O0849,1,4,0,18,0,0,1,0,0,0,3,1,6,1,38,7,-1,-1,-1,1,1,1
20181353O0917,1,9,0,18,0,0,0,0,0,0,2,1,6,2,19,4,1198,1,8,7,3,7
20181353O0917,2,9,0,18,0,0,5,0,0,0,1,1,6,2,32,6,1086,1,9,10,1,10