Accident_Index,Vehicle_Reference,Vehicle_Type,Towing_and_Articulation,Vehicle_Manoeuvre,Vehicle_Location-Restricted_Lane,Junction_Location,Skidding_and_Overturning,Hit_Object_in_Carriageway,Vehicle_Leaving_Carriageway,Hit_Object_off_Carriageway,1st_Point_of_Impact,Was_Vehicle_Left_Hand_Drive?,Journey_Purpose_of_Driver,Sex_of_Driver,Age_of_Driver,Age_Band_of_Driver,Engine_Capacity_(CC),Propulsion_Code,Age_of_Vehicle,Driver_IMD_Decile,Driver_Home_Area_Type,Vehicle_IMD_Decile
20181353O0917,3,9,0,18,0,0,1,0,0,0,2,1,6,2,30,6,1997,2,15,-1,-1,-1
20181353O0951,1,8,0,18,0,0,0,7,0,0,1,1,6,1,-1,-1,-1,-1,-1,-1,-1,-1
20181353O1306,1,9,0,5,0,0,0,0,0,0,2,1,2,1,30,6,1229,1,8,3,1,3
20181353O1306,2,9,0,5,0,0,0,0,0,0,1,1,6,1,18,4,998,1,12,4,1,4
20181353O1399,1,5,0,18,0,0,0,0,0,0,4,1,6,1,48,8,998,1,11,4,1,4
20181353O1413,1,9,0,18,0,0,0,0,0,0,4,1,6,1,61,9,1798,1,8,1,1,1
20181353O1413,2,9,0,2,0,0,0,0,0,0,4,1,6,3,-1,-1,1388,1,15,-1,-1,-1
20181353O1497,1,9,0,18,0,0,0,0,0,0,0,1,6,1,42,7,-1,-1,-1,-1,-1,-1
20181353O1497,2,9,0,18,0,0,1,0,7,11,1,1,1,1,50,8,1997,2,6,1,1,1
20181353O1523,1,9,0,18,0,6,0,0,0,0,4,1,6,1,23,5,1242,1,4,-1,-1,-1
20181353O1523,2,9,0,15,0,1,0,0,0,0,1,1,6,1,27,6,1560,2,10,-1,-1,-1
20181353O1581,1,9,0,6,0,0,0,0,0,0,3,1,6,1,27,6,2993,2,2,5,1,5
20181353O1581,2,3,0,18,0,0,0,0,0,0,1,1,6,1,22,5,125,1,1,3,1,3
20181353O1731,1,9,0,18,0,1,0,0,0,0,1,1,6,1,-1,-1,1390,1,15,-1,-1,-1
20181353O1731,2,9,0,18,0,8,0,0,0,0,4,1,6,2,38,7,-1,-1,-1,4,1,4
20181353O1841,1,9,0,18,0,0,0,0,0,0,4,1,6,3,-1,-1,-1,-1,-1,-1,-1,-1
20181353O1841,2,9,0,18,0,0,1,0,2,7,3,1,6,1,51,8,1896,2,16,-1,1,-1
20181353P0417,1,9,0,9,0,0,0,0,0,0,1,1,2,1,85,11,1339,1,12,8,1,8
20181353P0417,2,9,0,18,0,0,0,0,0,0,1,1,1,1,45,7,1896,2,15,9,1,9
20181353P0648,1,9,0,14,0,0,5,0,0,0,4,1,6,1,65,9,-1,-1,-1,4,3,4
20181353P0648,2,9,0,18,0,0,0,0,0,0,3,1,6,1,70,10,1995,2,9,7,2,7
20181353P0765,1,9,0,7,4,5,0,0,0,0,4,1,6,3,29,6,-1,-1,-1,-1,-1,-1
20181353P0765,2,1,0,18,4,8,2,0,0,0,3,1,6,2,24,5,-1,-1,-1,1,1,1
20181353P0937,1,9,0,17,0,4,0,0,0,0,4,1,6,1,19,4,1597,1,10,2,1,2
20181353P0937,2,9,0,5,0,8,0,0,0,0,1,1,6,1,36,7,-1,-1,-1,3,1,3
20181353P1231,1,9,0,9,0,8,0,0,0,0,3,1,6,1,63,9,1242,1,10,1,1,1
20181353P1231,2,3,0,18,0,8,0,0,0,0,4,1,6,1,56,9,125,1,15,8,1,8
20181353P1317,1,9,0,18,0,8,0,0,0,0,0,1,1,1,44,7,1560,2,2,1,1,1
20181353P1317,2,20,1,4,0,8,0,0,0,0,2,1,6,1,22,5,4751,2,14,5,1,5
20181353P1317,3,9,0,18,0,8,0,0,0,0,1,1,6,2,79,11,2000,2,13,1,1,1
20181353P1346,1,1,0,14,0,0,0,0,0,0,4,1,6,2,51,8,-1,-1,-1,-1,-1,-1
20181353P1346,2,1,0,14,0,0,0,0,0,0,0,1,6,2,43,7,-1,-1,-1,7,1,7
20181353P1346,3,1,0,14,0,0,0,0,0,0,0,1,6,2,48,8,-1,-1,-1,8,1,8
20181353P1346,4,9,0,3,0,0,0,0,0,0,3,1,6,1,40,7,1984,1,-1,-1,-1,-1
20181353P1346,5,9,0,18,0,0,0,0,0,0,0,1,6,3,-1,-1,-1,-1,-1,-1,-1,-1
20181353P1620,1,9,0,18,0,4,0,0,0,0,4,1,6,1,35,6,1598,1,9,2,1,2
20181353P1620,2,9,0,18,0,4,0,0,0,0,3,1,6,1,27,6,1229,1,5,2,1,2
20181353Q0237,1,1,0,18,0,1,0,0,0,0,4,1,2,1,44,7,-1,-1,-1,10,1,10
20181353Q0237,2,8,0,5,0,1,0,0,0,0,1,1,1,1,53,8,1364,2,2,1,1,1
20181353Q0293,1,9,0,10,0,1,0,0,0,0,1,1,6,2,43,7,1598,1,10,2,1,2
20181353Q0330,1,9,0,7,0,0,0,0,0,0,4,1,6,2,29,6,1299,1,17,1,1,1
20181353Q0330,2,1,0,18,0,0,0,0,0,0,1,1,1,2,29,6,-1,-1,-1,9,1,9
20181353Q0544,1,9,0,9,0,5,0,0,0,0,1,1,6,2,57,9,1339,1,8,3,1,3
20181353Q0593,1,11,0,18,0,8,0,0,0,0,1,1,1,1,46,8,5900,2,10,-1,-1,-1
20181353Q0593,2,8,0,18,0,8,0,0,0,0,2,1,1,1,43,7,1686,2,14,1,1,1
20181353Q0813,1,9,0,18,0,0,0,0,0,0,4,1,3,2,48,8,1422,2,4,8,1,8
20181353Q0813,2,19,4,5,0,0,0,0,0,0,3,1,1,1,40,7,2198,2,2,-1,-1,-1
20181353Q0908,1,9,0,9,0,8,0,0,0,0,3,1,1,2,21,5,1685,2,-1,-1,-1,-1
20181353Q0908,2,5,0,14,0,8,2,0,0,0,1,1,6,1,63,9,847,1,1,4,1,4
20181353Q1092,1,9,0,18,0,8,0,0,0,0,1,1,6,2,59,9,1796,1,6,9,1,9
20181353Q1092,2,9,0,7,0,6,0,0,0,0,1,1,6,1,25,5,1199,1,19,3,1,3
20181353Q1201,1,9,0,3,0,8,0,0,0,0,1,1,6,3,-1,-1,1896,2,18,-1,-1,-1
20181353Q1201,2,9,0,3,0,8,0,0,0,0,2,1,6,1,65,9,1991,2,13,1,1,1
20181353Q1319,1,9,0,18,0,0,0,0,0,0,3,1,6,3,-1,-1,-1,-1,-1,-1,-1,-1
20181353Q1854,1,9,0,18,0,6,0,0,0,0,1,1,6,1,42,7,1896,2,9,2,1,2
20181353R0275,1,20,0,18,0,8,0,0,0,0,1,1,1,1,31,6,-1,-1,-1,-1,-1,-1
20181353R0275,2,9,0,18,0,8,0,0,0,0,3,1,6,2,36,7,1999,2,2,5,2,5
20181353R0319,1,9,0,18,0,0,0,0,0,0,1,1,2,2,38,7,1560,2,11,6,1,6
20181353R0620,1,9,0,18,0,0,0,0,0,0,1,1,6,3,-1,-1,-1,-1,-1,-1,-1,-1
20181353R0642,1,1,0,18,0,1,0,0,0,0,4,1,6,1,43,7,-1,-1,-1,7,1,7
20181353R0642,2,9,0,7,0,1,0,0,0,0,1,1,6,1,-1,-1,1360,1,11,5,1,5
20181353R0670,1,9,0,18,0,0,5,0,0,0,4,1,6,1,71,10,999,1,5,2,1,2
20181353R1065,1,9,0,18,0,0,0,0,0,0,1,1,6,1,64,9,2157,2,2,8,3,8
20181353R1065,2,9,0,12,0,0,1,0,0,0,2,1,6,1,37,7,1998,2,10,1,1,1
20181353R1065,3,9,0,18,0,0,1,0,0,7,1,1,6,1,60,9,1229,1,3,4,1,4
20181353R1244,1,9,0,9,0,1,0,0,0,0,3,1,2,1,22,5,1968,2,8,-1,-1,-1
20181353R1244,2,3,0,18,0,8,0,0,0,0,1,1,2,1,30,6,125,1,7,7,1,7
20181353R1371,1,11,0,18,0,1,0,0,0,0,1,1,1,1,48,8,6700,2,10,-1,-1,-1
20181353R1371,2,9,0,7,0,6,0,0,0,0,3,1,6,3,-1,-1,-1,-1,-1,-1,-1,-1
20181353S0243,1,19,0,18,0,0,0,0,0,0,1,1,1,1,27,6,1896,2,15,6,1,6
20181353S0243,2,9,0,18,0,0,0,0,0,0,1,1,6,1,57,9,2967,2,2,5,1,5
20181353S0763,1,19,0,18,0,8,0,0,0,0,4,1,1,1,54,8,1753,2,13,1,1,1
20181353S0763,2,9,0,18,0,8,0,0,0,0,1,1,1,1,37,7,1968,2,9,1,1,1
20181353S0802,1,9,0,18,0,8,0,0,7,0,3,1,6,1,23,5,998,1,7,7,1,7
20181353S0802,2,9,0,9,0,8,0,0,0,0,1,1,6,1,24,5,1587,1,15,9,1,9
20181353S1026,1,5,0,18,0,1,0,0,1,0,1,1,6,1,28,6,675,1,11,2,1,2
20181353S1026,2,19,0,9,0,1,0,0,0,0,1,1,1,1,59,9,2402,2,16,1,1,1
20181353S1029,1,9,0,4,0,0,0,0,0,11,2,1,6,2,68,10,996,1,6,8,1,8
20181353S1029,2,9,0,4,0,0,0,0,0,0,1,1,6,1,59,9,-1,-1,-1,3,1,3
20181353S1094,1,9,0,18,0,1,0,0,0,0,0,1,6,1,29,6,-1,-1,-1,5,1,5
20181353S1094,2,9,0,9,0,6,0,0,0,0,0,1,6,1,65,9,1598,1,11,2,1,2
20181353S1215,1,9,0,18,0,8,0,0,0,0,3,1,6,1,31,6,1490,1,13,2,1,2
20181353S1215,2,1,0,18,0,8,0,0,0,0,1,1,6,1,25,5,-1,-1,-1,6,1,6
20181353S1233,1,9,0,18,0,8,0,0,0,0,1,1,2,1,57,9,1200,1,3,2,1,2
20181353S1268,1,9,0,18,0,8,0,0,1,11,1,1,2,1,60,9,1910,2,12,5,1,5
20181353S1268,2,9,0,9,0,8,1,0,0,0,1,1,2,1,64,9,2179,2,5,9,1,9
20181353S1532,1,9,0,18,0,8,0,0,0,0,1,1,6,1,31,6,1984,1,3,9,2,9
20181353S1532,2,9,0,18,0,4,0,0,0,0,3,1,6,2,29,6,998,1,2,1,1,1
20181353S1651,1,9,0,18,0,8,0,0,0,0,4,1,6,2,42,7,1242,1,6,6,1,6
20181353S1651,2,9,0,18,0,8,0,0,0,0,1,1,6,2,60,9,1390,1,3,1,1,1
20181353S1737,1,9,0,18,0,0,0,4,0,0,1,1,2,2,45,7,1248,2,2,3,1,3
20181353S1737,2,9,0,2,0,0,0,0,0,0,2,1,6,1,30,6,1560,2,9,-1,-1,-1
20181353S1737,3,9,0,2,0,0,0,0,0,0,2,1,6,1,32,6,1997,2,5,-1,-1,-1
20181353T0219,1,9,0,9,0,8,0,0,0,0,1,1,2,1,39,7,1800,1,18,1,1,1
20181353T0219,2,1,0,18,9,8,0,0,0,0,1,1,2,1,44,7,-1,-1,-1,1,1,1
20181353T0260,1,9,0,18,0,1,0,0,0,0,1,1,6,1,24,5,2521,1,9,8,1,8
20181353T0260,2,9,0,7,0,1,0,0,0,0,3,1,6,2,59,9,1061,1,13,4,1,4
20181353T0361,1,9,0,4,0,0,0,0,0,0,2,1,6,2,51,8,2720,2,12,5,1,5
20181353T0361,2,9,0,4,0,0,0,0,0,0,1,1,6,2,36,7,1229,1,4,2,1,2
20181353T0361,3,9,0,4,0,0,0,0,0,0,1,1,6,2,32,6,1998,1,12,1,1,1
20181353T0710,1,9,0,15,0,0,5,0,5,6,1,1,6,1,46,8,1200,1,3,5,3,5
20181353T0710,2,21,1,18,0,0,0,0,0,0,1,1,1,1,57,9,9290,2,7,1,1,1
20181353T0710,3,21,1,18,0,0,0,0,0,0,2,1,1,1,71,10,12902,2,5,4,1,4
20181353T0710,4,9,0,18,0,0,0,0,0,0,4,1,6,1,32,6,999,1,1,-1,-1,-1
20181353T1052,1,9,0,18,0,0,0,0,0,0,1,1,6,1,46,8,1364,1,1,5,2,5
20181353T1202,1,9,0,18,0,0,0,7,0,0,1,1,6,2,49,8,1997,2,4,1,1,1
20181353T1209,1,11,0,5,2,0,0,0,0,0,0,1,1,1,21,5,7300,2,9,4,1,4
20181353T1453,1,9,0,18,0,0,0,0,0,0,1,1,6,1,48,8,-1,-1,-1,10,1,10
20181353T1453,2,9,0,18,0,0,0,0,0,0,3,1,6,1,21,5,1968,2,9,5,2,5
20181353U0329,1,5,0,13,0,0,1,0,0,0,1,1,2,1,61,9,1000,1,3,6,1,6
20181353U0329,2,19,0,9,0,0,0,0,0,0,2,1,1,2,27,6,2402,2,7,8,1,8
20181353U0537,1,5,0,18,0,8,0,0,0,0,4,1,6,1,65,9,847,1,-1,1,1,1
20181353U0537,2,9,0,18,0,8,0,0,0,0,3,1,6,2,25,5,1910,2,11,1,1,1
20181353U0686,1,9,0,18,0,0,0,0,0,0,4,1,6,2,35,6,1197,1,1,3,1,3
20181353U0686,2,5,0,18,0,0,0,0,4,6,3,1,6,1,36,7,998,1,16,5,1,5
20181353U0755,1,9,0,9,0,8,0,0,0,0,1,1,6,2,58,9,1388,1,14,10,2,10
20181353U0755,2,9,0,18,0,8,0,0,7,11,1,1,6,2,77,11,1242,1,-1,9,3,9
20181353U1260,1,9,0,7,0,6,0,0,0,0,1,1,6,1,18,4,1248,2,12,9,1,9
20181353U1260,2,9,0,18,0,8,0,0,0,0,3,1,6,1,22,5,1896,2,11,1,1,1
20181353U1939,1,9,0,7,0,5,0,0,0,0,1,1,6,3,-1,-1,1796,1,11,-1,-1,-1
20181353U1939,2,9,0,7,0,5,0,0,0,0,2,1,6,2,21,5,1399,2,7,3,1,3
20181353U1944,1,8,0,18,0,0,0,0,0,0,4,1,1,1,34,6,1995,2,5,1,1,1
20181353V0006,1,9,0,18,0,1,0,0,0,0,0,1,6,1,27,6,1753,2,12,7,1,7
20181353V0006,2,3,0,18,0,1,2,0,0,0,0,1,6,1,47,8,125,1,-1,8,1,8
20181353V0147,1,9,0,4,0,0,0,0,0,0,2,1,6,1,46,8,1229,1,8,3,1,3
20181353V0147,2,19,0,18,0,0,0,0,0,0,1,1,6,1,40,7,2198,2,3,5,1,5
20181353V0202,1,9,0,18,0,0,0,0,0,0,1,1,1,1,56,9,1598,2,4,1,1,1
20181353V0202,2,9,0,18,0,0,0,0,0,0,1,1,6,3,-1,-1,1968,2,9,-1,-1,-1
20181353V0687,1,9,0,9,0,8,0,0,0,0,1,1,6,1,25,5,1328,1,10,1,1,1
20181353V0766,1,9,0,18,0,1,0,0,0,0,1,1,6,2,25,5,998,1,8,1,1,1
20181353V0766,2,9,0,3,0,1,0,0,0,0,2,1,2,2,26,6,1598,1,4,6,2,6
20181353V0766,3,9,0,3,0,1,0,0,0,0,2,1,6,1,55,8,1968,2,2,1,1,1
20181353V0768,1,5,0,18,0,0,1,0,0,0,4,1,6,1,59,9,649,1,-1,9,1,9
20181353V0771,1,9,0,9,0,5,0,0,0,0,1,1,6,1,44,7,1461,2,2,3,1,3
20181353V1208,1,1,0,18,9,0,0,0,0,0,3,1,6,1,14,3,-1,-1,-1,-1,-1,-1
20181353V1284,1,11,0,18,0,1,0,0,0,0,0,1,1,1,19,4,4461,2,3,2,1,2
20181353V1284,2,9,0,9,0,8,0,0,0,0,0,1,6,3,-1,-1,-1,-1,-1,-1,-1,-1
20181353V1419,1,9,0,4,0,1,0,0,0,0,1,1,6,1,60,9,1200,1,1,8,2,8
20181353V1419,2,9,0,3,0,1,0,0,0,0,2,1,6,2,27,6,1499,2,1,5,2,5
2018135410016,1,9,0,3,0,1,0,0,0,0,2,1,6,1,23,5,1598,2,5,1,1,1
2018135410016,2,9,0,18,0,1,0,0,0,0,1,1,6,3,-1,-1,1229,1,7,-1,-1,-1
2018135410036,1,8,0,17,0,1,0,0,0,0,4,1,1,1,35,6,1598,2,6,2,1,2
2018135410036,2,9,0,18,0,1,0,10,7,10,1,1,6,2,28,6,1229,1,7,1,1,1
2018135410154,1,9,0,16,0,8,0,0,0,0,1,1,6,3,28,6,2480,1,1,-1,-1,-1
2018135410154,2,9,0,18,0,8,0,0,0,11,1,1,6,1,18,4,998,1,11,6,1,6
2018135410859,1,9,0,18,0,0,0,0,0,0,1,1,6,2,26,6,1242,1,2,3,1,3
2018135411071,1,4,0,18,0,0,0,0,0,0,3,1,6,1,54,8,-1,-1,-1,1,1,1
2018135411071,2,9,0,18,0,0,0,0,0,0,3,1,6,1,25,5,1896,2,11,4,1,4
2018135411680,1,9,0,9,0,1,0,0,0,0,1,1,6,2,19,4,1198,1,10,4,1,4
2018135411680,2,9,0,18,0,1,0,0,0,0,1,1,6,1,22,5,1995,2,16,1,1,1
2018135411680,3,9,0,2,0,1,0,0,0,0,4,1,6,1,-1,-1,1598,2,2,-1,-1,-1
2018135420212,1,9,0,18,0,0,0,0,0,0,0,1,6,1,22,5,1956,2,9,9,3,9
2018135420212,2,9,0,18,0,0,5,0,1,7,0,1,1,1,34,6,1598,2,5,2,1,2
2018135420557,1,9,0,18,0,0,1,0,7,9,4,1,6,1,35,6,2199,2,6,7,1,7
2018135420557,2,9,3,18,0,0,0,0,0,0,1,1,6,1,50,8,2400,2,2,6,1,6
2018135420659,1,9,0,18,0,1,0,0,1,1,1,1,6,1,69,10,2987,2,7,3,1,3
2018135420659,2,9,0,18,0,1,0,0,0,0,1,1,6,2,37,7,2967,2,1,4,1,4
2018135420728,1,8,0,9,0,8,0,0,0,1,4,1,6,1,42,7,1598,2,5,5,1,5
2018135420728,2,9,0,18,0,8,0,0,0,0,1,1,6,1,30,6,1968,2,3,2,1,2
2018135420883,1,9,0,18,0,0,1,0,0,6,1,1,6,1,33,6,1968,2,10,3,1,3
2018135421041,1,9,0,5,0,8,0,0,0,0,1,1,1,2,62,9,998,1,11,3,1,3
2018135421041,2,8,0,18,0,8,0,0,0,0,4,1,1,1,45,7,1598,1,8,1,1,1
2018135421362,1,9,0,12,0,0,1,0,8,6,2,1,6,1,20,4,1299,1,15,6,1,6
2018135421438,1,9,0,18,0,0,1,0,1,2,3,1,2,2,43,7,2993,2,5,1,1,1
2018135421459,1,9,0,3,0,0,0,0,0,0,2,1,6,2,46,8,999,1,4,4,1,4
2018135421459,2,9,0,4,0,0,0,0,0,0,1,1,6,3,-1,-1,2143,2,1,-1,-1,-1
2018135421563,1,9,0,4,0,0,0,0,0,0,1,1,6,1,41,7,1797,8,8,1,1,1
2018135421564,1,9,0,18,0,0,0,0,1,4,1,1,6,2,18,4,998,1,8,7,2,7
2018135421669,1,9,0,5,0,0,0,0,0,0,3,1,6,2,38,7,1995,2,14,1,1,1
2018135421669,2,3,0,18,0,0,0,0,0,0,4,1,6,1,19,4,125,1,4,1,1,1
2018135421778,1,9,0,5,0,8,0,0,0,0,4,1,6,1,49,8,998,1,19,1,1,1
2018135421781,1,9,0,18,0,0,2,0,0,0,1,1,6,2,19,4,1149,1,13,2,1,2
2018135431534,1,9,0,18,0,0,0,0,0,0,4,1,6,2,-1,-1,1200,1,5,7,1,7
2018135431534,2,1,0,5,0,0,0,0,0,0,1,1,6,1,28,6,-1,-1,-1,5,1,5
2018135431566,1,9,0,18,0,0,0,0,0,0,1,1,6,1,52,8,1246,1,10,-1,-1,-1
2018135431751,1,9,0,18,0,2,0,0,0,0,1,1,6,1,81,11,999,1,1,6,1,6
2018135431875,1,9,0,9,0,8,0,0,0,0,3,1,6,1,24,5,1995,2,7,1,1,1
2018135440350,1,9,0,18,0,0,0,10,1,0,1,1,6,1,36,7,1686,2,7,-1,-1,-1
2018135440350,2,9,0,5,0,0,0,0,0,0,0,1,6,3,-1,-1,-1,-1,-1,-1,-1,-1
2018135440709,1,9,0,18,0,0,0,0,0,0,1,1,6,2,58,9,1560,2,6,3,1,3
2018135441046,1,19,0,18,0,1,1,0,0,0,1,1,6,1,35,6,2402,2,8,1,1,1
2018135441046,2,9,0,10,0,1,1,0,0,0,2,1,6,2,29,6,1242,1,5,3,1,3
2018135441140,1,19,0,18,0,8,0,0,0,0,1,1,6,1,-1,-1,-1,-1,-1,5,1,5
2018135441140,2,8,0,18,0,8,0,0,0,0,1,1,6,1,-1,-1,1968,2,7,6,1,6
2018135441166,1,9,0,9,0,8,0,0,0,0,1,1,6,1,80,11,998,1,1,8,1,8
2018135441166,2,9,0,18,0,1,0,0,0,0,1,1,6,1,24,5,1560,2,5,7,1,7
2018135441226,1,9,0,7,0,8,0,0,0,0,3,1,6,1,33,6,2204,2,13,4,1,4
2018135441226,2,1,0,18,0,8,0,0,0,0,1,1,6,1,25,5,-1,-1,-1,8,1,8
2018135441290,1,9,0,18,0,0,0,0,0,0,1,1,6,2,-1,-1,-1,-1,-1,-1,-1,-1
2018135441296,1,9,0,18,0,0,0,0,0,0,1,1,6,1,19,4,1900,2,13,1,1,1
2018135441296,2,9,0,3,0,0,0,0,0,0,2,1,6,1,27,6,1388,1,13,1,1,1
2018135441302,1,9,0,18,0,8,0,0,1,0,1,1,6,1,48,8,1368,1,9,-1,-1,-1
2018135441302,2,19,0,18,0,1,0,0,0,0,3,1,1,1,31,6,1560,2,3,-1,-1,-1
2018135450256,1,9,0,18,0,8,0,0,7,0,1,1,6,1,59,9,1685,2,5,5,1,5
2018135450256,2,19,0,17,0,8,0,0,1,0,1,1,1,1,46,8,1598,2,5,1,1,1
2018135450366,1,9,0,7,0,0,0,0,0,0,2,1,6,2,31,6,1461,2,3,3,1,3
2018135450366,2,9,0,11,0,0,0,0,0,0,1,1,6,1,35,6,1968,2,8,9,1,9
2018135450534,1,8,0,4,0,0,0,0,0,0,1,1,1,1,-1,-1,1560,2,4,2,2,2
2018135450534,2,9,0,4,0,0,0,0,0,0,2,1,6,1,46,8,1560,2,2,4,1,4
2018135450547,1,9,0,18,0,0,0,0,0,0,0,1,6,1,28,6,1685,2,6,9,1,9
2018135450547,2,9,0,18,0,0,0,0,0,0,0,1,6,3,-1,-1,-1,-1,-1,-1,-1,-1
2018135450566,1,8,0,18,0,8,0,0,0,0,1,1,1,1,46,8,1797,8,8,1,1,1
2018135450566,2,9,0,9,0,8,0,0,0,0,1,1,6,1,86,11,1198,1,10,3,1,3
2018135450605,1,9,0,18,0,8,0,0,0,0,1,1,6,1,28,6,1560,2,5,3,1,3
2018135450605,2,5,0,7,0,3,0,0,7,11,4,1,6,1,74,10,781,1,19,3,1,3
2018135450787,1,11,0,18,0,2,0,0,0,0,1,1,1,1,59,9,-1,-1,-1,4,1,4
2018135450787,2,9,0,12,0,2,0,0,0,0,3,1,1,1,34,6,1986,2,10,7,3,7
2018135450930,1,21,0,12,0,8,1,7,7,1,3,1,1,1,64,9,6693,2,5,-1,-1,-1
2018135450930,2,9,0,18,0,8,0,0,0,0,1,1,6,1,69,10,1318,1,1,8,1,8
2018135450982,1,9,0,18,0,1,0,0,0,0,2,1,6,2,38,7,2143,2,2,7,1,7
2018135450982,2,9,0,18,0,1,0,0,0,0,1,1,6,1,18,4,1398,1,2,6,1,6
2018135451015,1,8,0,18,0,8,0,0,0,0,1,1,1,1,52,8,1598,1,7,2,1,2
2018135451015,2,1,0,9,0,8,5,0,0,0,4,1,6,1,13,3,-1,-1,-1,1,1,1
2018135451082,1,3,0,15,0,0,0,0,1,10,1,1,6,1,15,3,-1,-1,-1,2,1,2
2018135451127,1,8,0,18,0,0,0,0,0,0,4,1,6,1,59,9,1560,2,8,2,1,2
2018135451184,1,19,0,18,0,1,0,0,0,0,4,1,6,1,41,7,-1,-1,-1,-1,-1,-1
2018135451184,2,9,0,9,0,6,0,0,0,0,3,1,6,2,22,5,1598,2,7,6,1,6
2018135451212,1,21,0,18,0,0,0,0,0,0,1,1,1,1,30,6,10837,2,4,-1,-1,-1
2018135451287,1,9,0,18,0,0,0,0,0,0,4,1,6,2,25,5,1598,2,6,3,1,3
2018135451354,1,9,0,18,0,0,0,4,0,0,1,1,6,3,-1,-1,1560,2,12,-1,-1,-1
2018135451354,2,9,0,2,0,0,0,0,0,0,2,1,6,1,43,7,1998,1,15,3,1,3
2018135451678,1,9,0,7,0,8,0,0,0,0,3,1,1,1,54,8,1329,1,6,2,1,2
2018135451678,2,9,0,18,0,6,5,0,0,0,1,1,6,1,25,5,1364,2,9,3,1,3
2018135451680,1,9,0,18,0,0,0,0,0,0,1,1,6,1,29,6,998,1,16,1,1,1
2018135451875,1,9,0,4,0,7,0,0,0,0,2,1,1,1,39,7,1560,2,2,8,1,8
2018135451875,2,9,0,18,0,7,0,0,0,0,1,1,6,1,28,6,1968,2,5,6,1,6
2018135452059,1,9,0,18,0,1,0,0,0,0,1,1,6,1,51,8,1896,2,13,5,1,5
2018135452059,2,9,0,18,0,6,0,0,0,0,1,1,6,2,23,5,998,1,8,7,1,7
2018135460281,1,9,0,18,0,4,0,0,0,0,1,1,1,1,40,7,1560,2,14,1,1,1
2018135460281,2,1,0,18,0,3,0,0,0,0,2,1,1,1,59,9,-1,-1,-1,5,1,5
2018135460313,1,3,0,18,0,8,2,0,0,0,0,1,2,1,22,5,124,1,5,1,1,1
2018135460329,1,9,0,9,0,5,0,0,0,0,4,1,2,2,24,5,1461,2,8,3,1,3
2018135460377,1,9,0,9,0,8,0,0,0,0,3,1,6,1,45,7,2231,2,9,1,1,1
2018135460377,2,5,0,13,0,8,2,0,0,0,1,1,6,1,38,7,865,1,3,5,1,5
2018135460410,1,20,0,18,0,1,0,0,0,0,1,1,6,1,27,6,3920,2,11,9,1,9
2018135460410,2,9,0,18,0,1,0,0,1,1,2,1,6,1,58,9,1368,1,1,5,1,5
2018135460675,1,21,0,18,0,1,0,0,0,0,4,1,6,1,72,10,12130,2,13,9,1,9
2018135460675,2,9,0,18,0,1,0,0,1,7,3,1,6,2,36,7,1968,2,7,5,1,5
2018135461093,1,2,0,18,0,8,0,0,0,0,1,1,6,1,22,5,125,1,1,6,1,6
2018135461093,2,1,0,18,0,8,0,0,0,0,4,1,6,1,11,3,-1,-1,-1,3,1,3
2018135461194,1,9,0,18,0,0,0,0,0,0,4,1,6,2,31,6,1396,1,5,1,1,1
2018135461360,1,9,0,3,0,8,0,0,0,0,2,1,6,1,51,8,1896,2,15,1,1,1
2018135461360,2,9,0,18,0,8,0,0,0,0,1,1,6,3,-1,-1,-1,-1,-1,-1,-1,-1
2018135461728,1,21,1,18,0,0,0,0,0,0,4,1,1,3,-1,-1,-1,-1,-1,-1,-1,-1
2018135461728,2,9,0,18,0,0,0,0,0,0,3,1,6,2,48,8,1968,2,5,3,2,3
2018135461824,1,11,0,5,0,0,0,0,0,0,0,1,1,1,57,9,9360,2,9,1,1,1
2018135461927,1,22,0,18,0,0,0,0,1,0,2,1,6,1,63,9,-1,-1,-1,1,1,1
2018135461927,2,9,0,18,0,0,0,0,0,0,1,1,6,1,86,11,1198,1,1,3,1,3
2018135470735,1,19,0,16,0,0,0,0,1,0,3,1,1,1,27,6,2143,2,1,2,1,2
2018135470735,2,9,0,17,0,0,0,0,0,0,3,1,6,1,27,6,1968,2,10,8,3,8
2018135470910,1,9,0,18,0,0,0,0,0,0,1,1,6,2,29,6,1242,1,5,4,1,4
2018135470910,2,9,0,18,0,0,0,0,0,0,2,1,6,1,24,5,1242,1,4,-1,-1,-1
2018135470910,3,9,0,18,0,0,0,0,0,0,2,1,6,1,-1,-1,1596,1,8,-1,-1,-1
2018135470910,4,9,0,18,0,0,0,0,0,0,2,1,6,1,-1,-1,1995,2,3,-1,-1,-1
2018135471246,1,5,0,13,0,8,0,0,0,0,1,1,6,1,33,6,649,1,2,1,1,1
2018135471246,2,8,0,9,0,8,0,0,0,0,3,1,6,1,31,6,1968,2,4,3,1,3
2018135471469,1,9,0,18,0,1,0,0,0,0,1,1,6,1,39,7,-1,-1,-1,1,1,1
2018135471469,2,9,0,3,0,1,0,0,0,0,2,1,6,2,30,6,1560,2,7,9,1,9
2018135471493,1,9,0,9,0,8,0,0,0,0,4,1,6,1,27,6,1968,2,6,1,1,1
2018135471493,2,1,0,18,0,8,0,0,0,0,1,1,6,2,26,6,-1,-1,-1,8,1,8
2018135471829,1,9,0,18,0,1,0,0,0,0,3,1,6,2,40,7,1999,2,1,10,1,10