Accident_Index,Vehicle_Reference,Vehicle_Type,Towing_and_Articulation,Vehicle_Manoeuvre,Vehicle_Location-Restricted_Lane,Junction_Location,Skidding_and_Overturning,Hit_Object_in_Carriageway,Vehicle_Leaving_Carriageway,Hit_Object_off_Carriageway,1st_Point_of_Impact,Was_Vehicle_Left_Hand_Drive?,Journey_Purpose_of_Driver,Sex_of_Driver,Age_of_Driver,Age_Band_of_Driver,Engine_Capacity_(CC),Propulsion_Code,Age_of_Vehicle,Driver_IMD_Decile,Driver_Home_Area_Type,Vehicle_IMD_Decile
2018135471829,2,9,0,16,0,1,0,0,0,0,3,1,6,3,-1,-1,1596,1,11,-1,-1,-1
2018135471890,1,9,0,9,0,6,0,0,0,0,3,1,6,2,77,11,1332,1,20,-1,-1,-1
2018135471890,2,3,0,18,0,8,0,0,0,0,1,1,6,1,24,5,125,1,2,-1,-1,-1
2018135480013,1,9,0,7,0,5,0,0,0,0,3,1,6,3,26,6,-1,-1,-1,-1,-1,-1
2018135480284,1,8,0,18,0,0,0,0,0,0,1,1,1,1,39,7,1896,2,9,1,1,1
2018135480311,1,9,0,18,0,0,0,0,0,0,1,1,6,3,-1,-1,-1,-1,-1,-1,-1,-1
2018135480578,1,3,0,4,0,1,0,0,0,0,3,1,6,1,50,8,125,1,5,3,1,3
2018135480578,2,5,0,3,0,1,0,0,0,0,3,1,6,1,61,9,747,1,28,1,1,1
2018135480834,1,9,0,9,0,0,0,0,0,0,1,1,6,1,22,5,1198,1,4,3,1,3
2018135480834,2,9,0,18,0,0,0,0,0,0,1,1,6,1,79,11,1200,1,1,9,1,9
2018135480946,1,9,0,10,0,1,0,0,0,0,2,1,6,1,47,8,1998,1,12,1,1,1
2018135480946,2,9,0,18,0,1,0,0,0,0,1,1,6,2,37,7,1794,1,12,4,1,4
2018135480958,1,9,0,18,0,0,0,0,0,0,1,1,6,2,57,9,1398,1,15,10,1,10
2018135480958,2,9,0,2,0,0,0,0,1,0,2,1,6,1,32,6,1968,2,6,-1,-1,-1
2018135481087,1,9,0,18,0,0,0,0,0,0,2,1,6,2,55,8,1598,2,6,6,2,6
2018135481087,2,19,0,18,0,0,0,0,0,0,1,1,6,3,-1,-1,-1,-1,-1,-1,-1,-1
2018135481121,1,11,0,4,0,0,0,0,0,0,0,1,1,1,56,9,6696,2,3,1,1,1
2018135490001,1,9,0,18,0,4,0,0,7,11,1,1,6,1,22,5,1598,1,13,3,1,3
2018135490623,1,8,0,18,0,8,0,0,0,0,1,1,1,1,29,6,1497,8,10,1,1,1
2018135490623,2,9,0,18,0,8,0,0,0,0,3,1,6,2,34,6,1997,1,11,1,1,1
2018135490832,1,9,0,18,0,0,0,0,0,0,2,1,6,2,39,7,1968,2,12,10,1,10
2018135490832,2,9,0,18,0,0,0,0,0,0,1,1,6,2,88,11,1242,1,8,7,3,7
2018135490940,1,9,0,18,0,0,0,0,0,0,1,1,6,3,-1,-1,-1,-1,-1,-1,-1,-1
2018135491021,1,9,0,7,0,1,1,0,0,0,1,1,6,1,17,4,1390,1,9,1,1,1
2018135491021,2,9,0,18,0,1,0,0,0,0,1,1,6,2,63,9,1995,2,5,7,2,7
2018135491072,1,9,0,9,0,1,1,0,0,0,1,1,6,2,23,5,1595,1,11,3,1,3
2018135491372,1,3,0,18,0,0,0,0,0,0,3,1,2,1,20,4,124,1,3,2,1,2
2018135491448,1,19,0,18,0,0,0,0,0,0,1,1,1,1,44,7,2143,2,5,1,1,1
2018135491448,2,9,0,10,0,0,0,0,0,0,2,1,6,2,28,6,2184,2,14,1,1,1
2018135491535,1,9,0,9,0,1,0,0,0,0,4,1,6,1,43,7,1685,2,3,1,1,1
2018135491535,2,1,0,18,0,1,5,0,0,0,1,1,2,1,35,6,-1,-1,-1,4,1,4
2018135491554,1,11,0,18,9,0,0,0,0,10,1,1,1,1,61,9,5900,2,10,8,1,8
2018135491570,1,9,0,9,0,6,0,0,0,0,1,1,2,2,24,5,1598,2,4,3,1,3
2018135491570,2,11,0,18,0,1,0,0,0,0,1,1,1,1,32,6,7300,2,16,1,-1,1
2018135491592,1,9,0,9,0,6,0,0,0,0,3,1,6,2,24,5,1229,1,-1,-1,-1,-1
2018135491592,2,9,0,18,0,1,0,0,0,0,1,1,6,2,37,7,1390,1,4,5,1,5
2018135491885,1,9,0,9,0,8,0,0,0,0,1,1,6,1,54,8,2143,2,5,7,3,7
2018135491885,2,9,0,18,0,8,0,0,0,0,1,1,6,1,39,7,998,1,13,8,1,8
2018135491940,1,9,0,18,0,1,0,0,0,0,1,1,6,1,31,6,1896,2,12,1,1,1
2018135491940,2,9,0,18,0,1,0,0,0,0,2,1,6,2,51,8,1242,1,7,2,1,2
2018135492066,1,9,0,3,0,4,0,0,0,0,1,1,6,2,21,5,998,1,2,2,1,2
2018135492066,2,9,0,18,0,4,1,0,0,0,2,1,6,1,56,9,1587,1,10,6,1,6
2018135492201,1,9,0,18,0,1,0,0,0,0,1,1,6,3,-1,-1,-1,-1,-1,-1,-1,-1
2018135492201,2,9,0,10,0,1,0,0,0,0,2,1,6,2,37,7,1364,2,10,3,1,3
20181354A0429,1,9,0,13,0,0,0,0,0,6,3,1,6,2,36,7,1560,2,6,3,1,3
20181354A0897,1,2,0,18,0,0,0,0,0,0,1,1,6,2,19,4,49,1,11,7,1,7
20181354A0897,2,9,0,9,0,0,0,0,0,0,4,1,6,2,80,11,1242,1,9,2,1,2
20181354A0960,1,19,0,18,0,0,0,0,0,0,1,1,1,1,20,4,1560,2,2,8,1,8
20181354A0960,2,9,0,18,0,0,0,0,0,0,2,1,6,1,34,6,1598,1,7,10,1,10
20181354A0960,3,9,0,10,0,0,0,0,0,0,2,1,6,2,48,8,3628,2,11,10,1,10
20181354A1031,1,9,0,18,0,0,0,0,0,0,1,1,6,2,28,6,1390,1,10,2,1,2
20181354A1031,2,9,0,18,0,0,0,0,0,0,2,1,6,1,19,4,1496,2,2,1,1,1
20181354A1192,1,9,0,18,0,1,0,0,0,0,1,1,2,2,51,8,1968,2,3,8,1,8
20181354A1192,2,9,0,7,0,1,0,0,0,0,2,1,3,2,27,6,1596,1,11,8,3,8
20181354A1192,3,9,0,4,0,2,0,0,0,0,1,1,6,2,29,6,1997,2,7,8,3,8
20181354A1454,1,8,0,18,0,0,0,0,0,0,0,1,1,1,56,9,1995,2,7,4,1,4
20181354A1489,1,9,0,18,0,0,0,0,0,0,1,1,6,1,23,5,1598,2,2,1,1,1
20181354A1489,2,9,0,5,0,0,0,0,0,0,1,1,6,2,21,5,1240,1,8,4,1,4
20181354A1629,1,19,0,5,0,1,0,0,0,0,1,1,6,1,30,6,-1,-1,-1,-1,-1,-1
20181354A1629,2,9,0,3,0,1,0,0,0,0,2,1,6,2,60,9,999,1,2,9,1,9
20181354A1643,1,8,0,9,0,5,0,0,0,0,1,1,6,1,38,7,1598,2,6,1,1,1
20181354A1643,2,1,0,18,4,1,0,0,0,0,1,1,6,1,51,8,-1,-1,-1,3,1,3
20181354A1662,1,9,0,13,0,1,0,0,0,0,1,1,6,3,-1,-1,-1,-1,-1,-1,-1,-1
20181354A1662,2,9,0,9,0,5,0,0,0,0,3,1,6,2,33,6,1968,2,6,6,1,6
20181354B0796,1,9,0,4,0,1,0,0,0,0,1,1,6,1,70,10,2494,8,-1,7,1,7
20181354B0796,2,9,0,4,0,1,0,0,0,0,2,1,6,2,69,10,1390,1,7,6,1,6
20181354B0816,1,9,0,7,0,8,0,0,0,0,4,1,6,1,40,7,1968,2,12,8,1,8
20181354B0816,2,1,0,15,0,8,5,0,0,0,1,1,6,1,29,6,-1,-1,-1,2,1,2
20181354B0983,1,9,0,18,0,4,0,0,0,0,1,1,6,2,24,5,1598,2,2,7,1,7
20181354B0983,2,19,0,3,0,4,0,0,0,0,2,1,2,1,26,6,2143,2,1,1,-1,1
20181354B1304,1,9,0,7,0,5,0,0,0,0,4,1,6,2,36,7,1995,2,11,3,1,3
20181354B1304,2,1,0,18,0,8,0,0,0,0,1,1,2,1,50,8,-1,-1,-1,2,1,2
20181354B1375,1,9,0,18,0,1,0,0,0,0,1,1,6,1,58,9,1796,1,14,1,1,1
20181354B1375,2,19,0,7,0,2,0,0,0,0,0,1,6,1,32,6,2198,2,12,5,1,5
20181354B1420,1,9,0,3,0,5,1,0,0,0,0,1,2,1,23,5,-1,-1,-1,8,2,8
20181354B1420,2,9,0,3,0,5,0,0,0,0,4,1,6,1,59,9,1496,1,4,10,1,10
20181354B1420,3,9,0,3,0,5,0,0,0,0,4,1,2,1,28,6,1395,1,-1,6,2,6
20181354B1785,1,19,0,18,0,0,0,0,0,0,1,1,6,2,29,6,1598,2,2,1,1,1
20181354B1785,2,9,0,18,0,0,0,0,0,0,2,1,6,1,24,5,1796,1,10,5,1,5
20181354B1785,3,9,0,18,0,0,0,0,0,0,2,1,6,2,55,8,1997,2,9,-1,-1,-1
20181354B1837,1,9,0,12,0,0,0,0,0,0,2,1,6,1,21,5,1390,1,10,1,1,1
20181354B1837,2,9,0,18,0,0,0,0,0,0,1,1,6,1,51,8,1753,2,17,1,1,1
20181354C0071,1,9,0,18,0,1,5,0,2,7,1,1,6,1,25,5,1896,2,16,1,1,1
20181354C0484,1,9,0,18,0,1,0,0,0,0,4,1,6,2,31,6,1968,2,7,-1,-1,-1
20181354C0484,2,9,0,18,0,1,0,0,7,7,0,1,6,2,45,7,1799,1,11,10,1,10
20181354C0697,1,9,0,18,0,8,0,0,0,0,1,1,6,2,19,4,1388,1,12,2,1,2
20181354C1022,1,20,0,18,0,0,0,0,0,0,2,1,1,1,51,8,2800,2,14,1,1,1
20181354C1066,1,11,0,18,0,8,0,0,0,0,0,1,1,2,56,9,6700,2,1,3,1,3
20181354C1066,2,9,0,5,0,6,0,0,0,0,0,1,6,3,-1,-1,2143,2,2,-1,-1,-1
20181354C1177,1,9,0,18,0,8,0,0,0,0,3,1,6,1,35,6,1560,2,10,4,2,4
20181354C1177,2,9,0,18,0,8,0,0,0,0,4,1,6,2,46,8,998,1,3,1,1,1
20181354C1179,1,9,0,18,0,1,0,0,0,0,3,1,6,1,45,7,1399,1,9,4,1,4
20181354C1179,2,9,0,9,0,1,0,0,0,0,4,1,6,1,19,4,1395,1,1,1,1,1
20181354D0521,1,9,0,18,0,0,0,0,0,0,1,1,6,1,57,9,2995,1,3,7,1,7
20181354D0715,1,19,0,4,9,8,0,0,0,0,4,1,1,1,39,7,2198,2,9,2,1,2
20181354D0715,2,1,0,18,9,8,0,0,0,0,1,1,6,1,15,3,-1,-1,-1,6,1,6
20181354D0831,1,1,0,15,4,8,5,0,0,0,1,1,6,1,18,4,-1,-1,-1,7,1,7
20181354D0831,2,9,0,7,0,8,0,0,0,0,4,1,6,1,27,6,1796,1,12,9,3,9
20181354D0909,1,9,0,18,0,0,0,4,0,0,4,1,6,1,23,5,1242,1,7,2,1,2
20181354D0909,2,9,0,2,0,0,0,0,7,0,4,1,6,3,29,6,1582,2,7,-1,-1,-1
20181354D0986,1,1,0,18,0,0,0,0,0,0,2,1,6,1,28,6,-1,-1,-1,6,1,6
20181354D0986,2,19,0,18,0,0,0,0,0,0,0,1,6,1,64,9,2143,2,7,2,1,2
20181354D1209,1,9,0,18,0,0,0,0,0,0,1,1,1,2,33,6,1596,1,13,-1,-1,-1
20181354D1313,1,9,0,18,0,0,0,0,0,0,1,1,6,1,45,7,1598,1,15,3,1,3
20181354D1646,1,9,0,18,0,8,1,0,0,0,1,1,6,1,20,4,1598,2,8,8,1,8
20181354D1646,2,9,0,7,0,6,0,0,0,0,2,1,6,1,45,7,1598,1,7,3,1,3
20181354D1968,1,9,0,5,0,6,0,0,0,0,3,1,6,2,24,5,1242,1,6,5,1,5
20181354D1968,2,9,0,18,0,8,0,0,0,0,1,1,6,1,22,5,1368,1,10,1,1,1
20181354D2147,1,5,0,4,0,4,2,10,0,0,3,1,6,1,51,8,1340,1,25,10,2,10
20181354E0634,1,9,0,7,0,5,0,7,7,11,3,1,6,1,17,4,1248,2,10,6,1,6
20181354E0735,1,9,0,4,0,0,0,0,0,0,2,1,6,2,26,6,1229,1,2,-1,-1,-1
20181354E0735,2,19,0,18,0,0,0,0,7,0,1,1,6,1,53,8,2299,2,2,1,1,1
20181354E1335,1,9,0,18,0,8,0,0,0,0,1,1,6,1,57,9,2231,2,5,7,3,7
20181354E1335,2,9,0,5,0,8,0,0,0,0,1,1,6,1,34,6,1868,2,16,4,1,4
20181354E1366,1,9,0,18,0,0,0,0,0,0,1,1,6,1,29,6,1968,2,11,1,1,1
20181354E1406,1,9,0,18,0,7,0,0,0,0,0,1,6,2,54,8,2400,2,8,10,2,10
20181354E1406,2,3,0,18,0,7,0,0,0,0,1,1,6,1,26,6,124,1,7,4,1,4
20181354E1448,1,5,0,9,0,5,5,0,0,0,3,1,6,1,41,7,800,1,5,6,3,6
20181354E1448,2,9,0,9,0,6,0,0,0,0,1,1,6,1,-1,-1,2982,2,7,8,3,8
20181354E1741,1,9,0,18,0,0,1,0,0,0,3,1,6,1,25,5,1968,2,2,-1,-1,-1
20181354E1741,2,9,0,18,0,0,1,0,0,0,4,1,1,1,38,7,2993,2,5,-1,-1,-1
20181354E1996,1,9,0,9,0,1,0,0,0,0,1,1,6,1,36,7,1363,2,16,1,1,1
20181354E1996,2,9,0,18,0,1,0,0,0,0,1,1,6,1,34,6,1600,1,18,9,1,9
20181354E2243,1,8,0,9,0,2,0,0,0,0,1,1,1,1,40,7,1995,2,5,2,1,2
20181354F0461,1,9,0,18,0,3,0,0,0,0,3,1,6,2,31,6,1339,1,8,3,1,3
20181354F0461,2,9,0,18,0,3,0,0,0,0,4,1,6,2,47,8,1598,1,8,3,1,3
20181354F0702,1,3,0,4,0,8,1,0,0,0,1,1,6,1,21,5,124,1,5,-1,-1,-1
20181354F0702,2,9,0,18,0,8,0,0,0,0,2,1,6,1,31,6,1596,1,11,1,1,1
20181354F0702,3,19,0,2,0,8,0,0,0,0,1,1,6,1,31,6,2198,2,5,1,1,1
20181354F0741,1,9,0,18,0,0,0,10,2,0,1,1,6,1,45,7,1596,1,2,9,1,9
20181354F0741,2,9,0,18,0,0,0,0,0,0,4,1,6,1,24,5,1499,2,-1,4,1,4
20181354F0794,1,9,0,9,0,5,0,0,0,0,4,1,6,1,80,11,1197,1,5,-1,-1,-1
20181354F0794,2,1,0,18,0,8,0,0,0,0,1,1,6,1,55,8,-1,-1,-1,-1,-1,-1
20181354F0854,1,9,0,4,0,8,0,0,0,0,1,1,6,2,25,5,1995,2,10,3,1,3
20181354F0854,2,9,0,3,0,8,0,0,0,0,2,1,6,1,28,6,1582,2,5,2,1,2
20181354F1044,1,9,0,3,0,0,0,0,0,0,2,1,6,1,66,10,1242,1,14,2,1,2
20181354F1044,2,9,0,4,0,0,0,0,0,0,2,1,6,1,22,5,1686,2,6,9,1,9
20181354F1044,3,9,0,18,0,0,0,0,0,0,1,1,6,2,32,6,1910,2,8,5,1,5
20181354F1506,1,9,0,7,0,6,0,0,0,0,1,1,6,3,-1,-1,-1,-1,-1,-1,-1,-1
20181354F1506,2,9,0,18,0,1,0,0,0,0,3,1,6,2,53,8,996,1,9,1,1,1
20181354F1546,1,2,0,18,0,1,0,0,0,0,1,1,6,1,16,4,49,1,1,4,1,4
20181354F1546,2,9,0,2,0,1,0,0,0,0,2,1,6,3,-1,-1,1368,1,2,-1,-1,-1
20181354F1546,3,9,0,9,0,5,0,0,0,0,0,1,6,3,-1,-1,1198,1,9,-1,-1,-1
20181354F1731,1,19,0,11,0,0,0,0,0,0,1,1,1,1,27,6,2198,2,2,2,1,2
20181354F1731,2,9,0,18,0,0,1,0,0,0,2,1,2,1,40,7,1995,2,4,7,3,7
20181354F1731,3,9,0,18,0,0,1,0,0,0,2,1,2,1,37,7,1395,8,1,2,1,2
20181354G0292,1,9,0,4,0,0,0,0,0,0,1,1,2,1,23,5,1398,1,3,8,1,8
20181354G0292,2,9,0,4,0,0,0,0,0,0,2,1,6,2,45,7,1598,2,2,2,1,2
20181354G0751,1,9,0,4,0,8,0,0,0,0,2,1,6,2,32,6,-1,-1,-1,6,1,6
20181354G0751,2,9,0,4,0,1,0,0,0,0,2,1,6,1,30,6,1149,1,11,2,1,2
20181354G0751,3,9,0,18,0,1,0,0,0,0,1,1,6,1,36,7,1995,2,5,1,1,1
20181354G0752,1,9,0,18,0,1,0,0,0,0,1,1,6,3,-1,-1,-1,-1,-1,-1,-1,-1
20181354G0752,2,19,0,18,0,1,0,0,0,0,2,1,6,1,41,7,2998,2,-1,7,2,7
20181354G0798,1,9,0,18,0,0,0,0,0,0,4,1,6,3,-1,-1,-1,-1,-1,-1,-1,-1
20181354G0798,2,9,0,2,0,0,0,0,0,0,3,1,6,2,38,7,998,1,18,9,1,9
20181354G0834,1,9,0,2,0,0,0,0,0,0,1,1,6,1,56,9,1999,1,12,3,1,3
20181354G0978,1,9,0,9,0,8,0,0,0,0,3,1,6,1,78,11,1240,1,10,2,1,2
20181354G0978,2,3,0,18,0,1,0,0,0,0,1,1,6,1,25,5,125,1,1,1,1,1
20181354G0998,1,9,0,4,0,7,0,0,0,0,2,1,6,2,50,8,1596,1,11,3,1,3
20181354G0998,2,9,0,18,0,7,0,0,0,0,1,1,6,2,55,8,1796,1,10,1,1,1
20181354G1124,1,9,0,18,0,1,0,0,0,0,1,1,6,2,17,4,998,1,12,7,1,7
20181354G1124,2,9,0,9,0,5,0,0,0,0,1,1,6,1,68,10,1598,1,-1,7,1,7
20181354G1360,1,9,0,9,0,1,0,0,0,0,2,1,6,1,48,8,1499,2,3,1,1,1
20181354G1360,2,9,0,18,0,1,0,0,0,0,1,1,6,2,32,6,999,1,4,2,1,2
20181354G1476,1,9,0,18,0,0,0,0,0,0,1,1,6,2,24,5,995,1,9,2,1,2
20181354G1709,1,1,0,17,0,8,2,0,0,0,1,1,6,1,33,6,-1,-1,-1,10,1,10
20181354G1709,2,9,0,9,0,5,0,0,0,0,3,1,6,2,40,7,899,1,5,9,1,9
20181354H0181,1,9,0,18,0,2,0,7,0,1,2,1,6,1,36,7,1590,1,13,1,1,1
20181354H1045,1,5,0,18,0,1,0,0,0,0,4,1,6,1,46,8,599,1,18,8,1,8
20181354H1045,2,9,0,9,0,2,0,0,0,0,1,1,6,1,21,5,1248,2,12,2,1,2
20181354H1051,1,9,0,18,0,0,0,0,0,0,0,1,6,3,-1,-1,-1,-1,-1,-1,-1,-1
20181354H1051,2,9,0,18,0,0,0,0,0,0,2,1,1,1,21,5,1560,2,5,9,1,9
20181354H1051,3,9,0,18,0,0,1,0,0,0,1,1,6,2,30,6,1360,1,10,8,2,8
20181354H1264,1,11,0,18,0,0,0,0,0,0,1,1,1,1,57,9,7300,2,14,-1,-1,-1
20181354H1264,2,9,0,18,0,0,0,0,0,0,2,1,6,2,50,8,1390,1,12,-1,-1,-1
20181354H1264,3,9,0,18,0,0,0,0,0,0,2,1,6,2,51,8,1995,2,6,-1,-1,-1
20181354H1326,1,9,0,7,0,2,0,0,0,0,1,1,6,2,49,8,1998,1,3,10,1,10
20181354H1430,1,9,0,6,0,0,0,0,0,0,3,1,6,3,-1,-1,-1,-1,-1,-1,-1,-1
20181354H1430,2,3,0,18,0,0,0,0,0,0,1,1,6,1,23,5,124,1,4,3,1,3
20181354H1469,1,11,0,5,0,1,0,0,0,0,0,1,6,1,61,9,9360,2,9,9,1,9
20181354H1553,1,9,0,9,0,8,0,0,0,0,1,1,6,2,20,4,1560,2,7,7,3,7
20181354H1553,2,9,0,18,0,8,0,0,0,0,1,1,6,2,36,7,1395,1,2,3,1,3
20181354H1759,1,9,0,18,0,0,0,0,0,0,2,1,6,1,55,8,1242,1,3,4,1,4
20181354H1759,2,9,0,18,0,0,0,0,0,0,1,1,6,3,-1,-1,1587,1,16,-1,-1,-1
20181354I0100,1,9,0,18,0,0,0,0,0,0,1,1,6,3,-1,-1,-1,-1,-1,-1,-1,-1
20181354I0174,1,5,0,13,0,0,0,0,1,0,0,1,6,1,27,6,998,1,10,8,3,8
20181354I0244,1,1,0,18,0,0,0,0,0,0,3,1,6,2,56,9,-1,-1,-1,4,2,4
20181354I0244,2,9,0,2,0,0,0,0,0,0,4,1,6,1,37,7,1560,2,1,-1,-1,-1
20181354I0244,3,9,0,18,0,0,0,0,0,0,4,1,6,1,57,9,1596,1,12,7,1,7
20181354I0847,1,9,0,4,0,0,0,0,0,0,1,1,6,3,-1,-1,-1,-1,-1,-1,-1,-1
20181354I1035,1,9,0,9,0,0,0,0,0,0,4,1,6,2,42,7,1198,1,4,-1,-1,-1
20181354I1035,2,9,0,13,0,0,0,0,0,0,1,1,6,3,-1,-1,-1,-1,-1,-1,-1,-1
20181354I1089,1,9,0,18,0,0,0,0,0,0,1,1,6,2,21,5,1229,1,3,8,1,8
20181354I1089,2,9,0,18,0,0,0,0,0,0,2,1,6,2,44,7,1560,2,4,1,1,1
20181354I1128,1,11,0,18,0,1,0,0,0,0,0,1,1,1,36,7,5132,2,-1,10,2,10
20181354I1175,1,9,0,18,0,0,0,0,0,0,4,1,6,3,-1,-1,-1,-1,-1,-1,-1,-1
20181354I1214,1,9,0,18,0,0,0,0,0,0,2,1,6,1,27,6,1968,2,9,1,1,1
20181354I1214,2,19,0,18,0,0,0,0,0,0,1,1,1,1,46,8,2143,2,1,5,1,5
20181354I1233,1,9,0,7,0,8,0,0,0,0,2,1,6,1,51,8,1229,1,9,1,1,1
20181354I1233,2,19,0,7,0,8,0,0,0,0,1,1,6,1,46,8,2198,2,7,1,1,1
20181354I1398,1,9,0,5,0,1,0,0,0,0,3,1,1,1,66,10,1995,2,6,5,1,5
20181354I1398,2,2,0,18,0,8,0,0,0,0,1,1,6,1,16,4,49,1,8,7,3,7
20181354I1504,1,9,0,1,0,0,0,0,0,0,2,1,6,2,27,6,1242,1,6,7,3,7
20181354I1506,1,9,0,18,0,1,0,0,0,0,3,1,6,1,57,9,1896,2,16,7,2,7
20181354I1506,2,9,0,18,0,2,0,0,0,0,4,1,6,1,26,6,2143,2,3,5,1,5
20181354I1590,1,3,0,16,0,1,1,0,0,0,1,1,6,1,25,5,124,1,3,3,1,3
20181354I1590,2,11,0,18,0,2,0,0,0,0,1,1,1,1,31,6,4250,2,6,1,1,1
20181354I1850,1,9,0,18,0,0,0,0,0,0,1,1,6,2,28,6,-1,-1,-1,-1,-1,-1
20181354J0156,1,9,0,1,0,0,0,0,0,0,2,1,6,1,-1,-1,1399,1,10,8,3,8
20181354J0228,1,9,0,18,0,8,0,0,0,0,3,1,6,1,64,9,1968,2,5,7,1,7
20181354J0228,2,1,0,18,0,8,5,0,0,0,1,1,1,1,42,7,-1,-1,-1,1,1,1
20181354J0401,1,9,0,18,0,2,0,0,0,0,3,1,6,2,27,6,1910,2,10,3,1,3
20181354J0401,2,9,0,9,0,2,0,0,0,0,1,1,6,1,33,6,1753,2,10,2,1,2
20181354J0423,1,9,0,1,0,0,0,0,0,0,2,1,6,2,44,7,-1,-1,-1,4,1,4
20181354J0580,1,9,0,18,0,0,0,0,0,0,1,1,6,1,77,11,1296,1,11,5,1,5
20181354J0580,2,9,0,2,0,0,0,0,0,0,3,1,6,3,-1,-1,1229,1,4,-1,-1,-1
20181354J0580,3,9,0,2,0,0,0,0,0,0,2,1,6,3,-1,-1,1998,2,14,-1,-1,-1
20181354J0580,4,19,0,2,0,0,0,0,0,0,2,1,6,3,-1,-1,-1,-1,-1,-1,-1,-1
20181354J0596,1,21,1,7,0,8,0,0,0,0,1,1,1,1,65,9,10308,2,5,9,2,9
20181354J0596,2,9,0,9,0,8,0,0,5,7,3,1,6,2,61,9,1997,2,2,5,1,5
20181354J0690,1,9,0,18,0,8,0,0,0,0,1,1,6,1,-1,-1,1596,1,11,-1,-1,-1
20181354J0690,2,9,0,18,0,1,0,0,0,0,0,1,1,1,34,6,2993,2,4,1,1,1
20181354J0690,3,19,0,18,0,1,0,0,0,0,0,1,1,1,25,5,1995,2,5,2,1,2
20181354J0690,4,9,0,18,0,8,0,0,1,10,3,1,2,2,26,6,1329,1,5,4,1,4
20181354J0928,1,9,0,5,0,6,0,0,0,0,1,1,6,1,36,7,5204,1,11,5,2,5
20181354J0928,2,9,0,18,0,1,2,10,7,0,1,1,6,2,21,5,1242,1,6,-1,-1,-1
20181354J0929,1,19,0,18,0,0,2,0,2,7,1,1,1,1,64,9,2198,2,2,7,1,7
20181354J0929,2,9,0,13,0,0,0,0,5,7,4,1,2,1,47,8,2148,2,10,6,3,6
20181354J0942,1,9,0,18,0,1,0,0,7,1,1,1,6,1,70,10,505,1,8,1,1,1
20181354J1092,1,9,0,18,0,1,0,0,0,0,1,1,6,2,77,11,1108,1,12,8,1,8
20181354J1092,2,8,0,10,0,1,0,0,0,0,3,1,1,1,40,7,1998,2,6,2,1,2
20181354J1101,1,9,0,9,0,6,0,0,0,0,1,1,1,2,39,7,1395,8,2,-1,-1,-1
20181354J1101,2,9,0,18,0,1,0,0,0,0,1,1,6,1,26,6,1598,2,7,5,1,5
20181354J1101,3,21,1,9,0,2,0,0,0,0,0,1,6,3,-1,-1,-1,-1,-1,-1,-1,-1
20181354J1361,1,9,0,18,0,1,0,0,0,0,1,1,6,1,22,5,1598,2,3,7,1,7
20181354J1361,2,9,0,18,0,1,0,0,0,0,1,1,6,2,20,4,1364,1,11,4,1,4
20181354J1373,1,19,0,9,4,8,0,0,0,0,3,1,1,1,37,7,2143,2,1,2,1,2
20181354J1373,2,1,0,18,4,8,5,0,0,0,1,1,6,2,22,5,-1,-1,-1,-1,-1,-1
20181354J1643,1,8,0,15,0,8,0,0,0,0,1,1,2,1,52,8,1797,8,3,7,1,7
20181354J1643,2,1,0,7,0,8,0,0,0,0,3,1,6,2,53,8,-1,-1,-1,1,1,1
20181354J1682,1,9,0,18,0,0,0,0,0,0,0,1,6,3,40,7,-1,-1,-1,-1,-1,-1
20181354J1682,2,1,0,18,9,0,5,0,0,0,0,1,6,1,13,3,-1,-1,-1,-1,-1,-1
20181354J1917,1,9,0,18,0,0,0,0,0,0,1,1,6,2,43,7,1149,1,15,8,1,8
20181354J2056,1,9,0,15,0,0,0,0,0,0,1,1,6,1,32,6,1997,2,6,4,1,4
20181354J2056,2,9,0,2,0,0,0,0,0,0,1,1,6,3,-1,-1,2993,2,7,-1,-1,-1
20181354J2056,3,9,0,2,0,0,0,0,0,0,1,1,6,3,-1,-1,1248,1,8,-1,-1,-1
20181354J2056,4,9,0,2,0,0,0,0,0,0,1,1,6,3,-1,-1,998,1,3,-1,-1,-1
20181354J2056,5,9,0,2,0,0,0,0,0,0,1,1,6,3,-1,-1,1198,1,7,-1,-1,-1
20181354J2056,6,9,0,2,0,0,0,0,0,0,1,1,6,3,-1,-1,1248,1,6,-1,-1,-1
20181354J2056,7,9,0,2,0,0,0,0,0,0,1,1,6,3,-1,-1,1597,1,9,-1,-1,-1
20181354J2094,1,9,0,18,0,8,0,0,1,0,1,1,6,1,39,7,2000,2,14,4,1,4
20181354J2094,2,9,0,9,0,8,0,0,8,11,3,1,6,1,32,6,1598,1,15,1,1,1
20181354J2112,1,9,0,18,0,0,0,0,0,0,3,1,6,1,48,8,1124,1,11,6,1,6
20181354J2112,2,9,0,18,0,0,0,0,0,0,3,1,6,1,48,8,2183,2,8,6,1,6
20181354K0090,1,9,0,1,0,0,0,0,0,0,2,1,6,2,36,7,1896,2,12,3,1,3
20181354K0090,2,1,0,18,0,0,0,0,0,0,4,1,6,1,9,2,-1,-1,-1,1,1,1
20181354K0301,1,1,0,18,0,1,0,0,0,0,1,1,1,1,48,8,-1,-1,-1,4,1,4
20181354K0301,2,9,0,9,0,1,0,0,0,0,4,1,1,1,27,6,1242,1,14,2,1,2
20181354K0705,1,9,0,9,0,8,0,0,0,0,2,1,6,2,31,6,1395,1,5,10,1,10
20181354K0705,2,9,0,9,0,8,0,0,0,0,1,1,6,2,42,7,1999,1,10,1,1,1
20181354K0782,1,9,0,9,0,8,0,0,0,0,1,1,6,1,17,4,1229,1,11,7,3,7
20181354K0782,2,1,0,18,0,8,0,0,0,0,1,1,6,1,36,7,-1,-1,-1,9,2,9