Accident_Index,Vehicle_Reference,Vehicle_Type,Towing_and_Articulation,Vehicle_Manoeuvre,Vehicle_Location-Restricted_Lane,Junction_Location,Skidding_and_Overturning,Hit_Object_in_Carriageway,Vehicle_Leaving_Carriageway,Hit_Object_off_Carriageway,1st_Point_of_Impact,Was_Vehicle_Left_Hand_Drive?,Journey_Purpose_of_Driver,Sex_of_Driver,Age_of_Driver,Age_Band_of_Driver,Engine_Capacity_(CC),Propulsion_Code,Age_of_Vehicle,Driver_IMD_Decile,Driver_Home_Area_Type,Vehicle_IMD_Decile
20181354K0874,1,9,0,4,0,1,0,0,0,0,1,1,6,2,36,7,2597,1,15,7,1,7
20181354K0874,2,9,0,3,0,1,0,0,0,0,2,1,6,2,40,7,-1,-1,-1,1,1,1
20181354K0924,1,9,0,18,0,1,1,0,0,0,1,1,6,1,18,4,1229,1,10,6,1,6
20181354K0924,2,9,0,9,0,1,0,0,7,1,4,1,6,1,50,8,2204,2,11,6,1,6
20181354K0961,1,9,0,7,0,8,0,0,0,0,1,1,6,1,25,5,1362,1,5,1,1,1
20181354K0961,2,22,0,18,0,8,0,0,0,0,4,1,6,1,60,9,-1,-1,-1,1,1,1
20181354K1021,1,9,0,18,0,8,0,0,0,0,1,1,6,2,34,6,1998,1,2,5,1,5
20181354K1021,2,9,0,5,0,6,0,0,0,0,3,1,6,1,70,10,1497,1,13,5,1,5
20181354K1169,1,9,0,18,0,0,0,0,0,0,3,1,6,2,37,7,1598,2,6,2,1,2
20181354K1210,1,9,0,18,0,8,0,0,0,0,4,1,6,1,23,5,2996,2,9,2,1,2
20181354K1258,1,9,0,4,0,0,0,0,0,0,1,1,6,2,32,6,1422,2,9,-1,-1,-1
20181354K1258,2,9,0,4,0,0,0,0,0,0,2,1,6,1,24,5,1363,2,15,-1,-1,-1
20181354K1289,1,90,0,18,0,1,5,0,0,0,1,1,6,1,20,4,-1,-1,-1,4,1,4
20181354K1289,2,8,0,6,0,1,0,0,0,0,3,1,1,1,54,8,1422,2,2,1,1,1
20181354K1295,1,3,0,18,9,0,5,0,1,10,1,1,6,1,17,4,124,1,9,-1,-1,-1
20181354K1320,1,9,0,18,0,1,0,11,0,10,1,1,6,2,71,10,1242,1,4,6,1,6
20181354K1320,2,9,0,18,0,8,0,0,0,0,3,1,6,2,35,6,1398,1,2,7,1,7
20181354K1341,1,9,0,9,0,8,0,0,0,0,4,1,6,1,22,5,1422,2,3,7,1,7
20181354K1341,2,5,0,18,0,8,5,0,0,0,1,1,6,1,29,6,998,1,8,2,1,2
20181354K1408,1,21,0,18,0,0,1,0,0,0,1,1,1,1,56,9,9290,2,8,8,3,8
20181354K1408,2,9,0,18,0,0,0,0,0,0,2,1,6,1,49,8,-1,-1,-1,1,1,1
20181354K1408,3,9,0,18,0,0,0,0,1,0,2,1,6,2,50,8,1364,1,1,3,2,3
20181354K1560,1,9,0,18,0,0,0,0,0,0,4,1,6,2,31,6,1242,1,12,2,1,2
20181354K1633,1,9,0,18,0,8,0,0,4,1,1,1,6,1,24,5,1560,2,6,1,1,1
20181354K1633,2,9,0,18,0,8,0,0,0,0,4,1,6,2,35,6,1499,2,1,1,1,1
20181354K1664,1,9,0,18,0,0,0,0,0,0,4,1,6,1,66,10,2359,1,13,5,1,5
20181354K1691,1,8,0,18,0,0,0,0,0,0,4,1,1,1,35,6,1597,7,8,1,1,1
20181354K2089,1,9,0,18,0,8,0,0,0,0,1,1,6,2,51,8,998,1,1,-1,-1,-1
20181354K2239,1,9,0,16,0,0,0,0,0,0,1,1,6,1,62,9,1124,1,17,-1,-1,-1
20181354L0496,1,9,0,18,0,0,0,4,0,0,1,1,6,1,65,9,1796,1,8,7,1,7
20181354L0496,2,19,0,1,0,0,0,0,0,0,2,1,2,1,49,8,2463,2,14,1,1,1
20181354L0634,1,9,0,9,0,8,0,0,0,0,1,1,6,2,79,11,1598,2,6,9,3,9
20181354L0634,2,9,0,18,0,8,0,0,0,0,4,1,6,1,68,10,2488,1,11,6,3,6
20181354L1360,1,9,0,18,0,0,0,0,0,0,1,1,6,3,-1,-1,-1,-1,-1,9,2,9
20181354L1360,2,5,0,13,0,0,2,0,0,0,2,1,6,1,51,8,591,1,32,-1,-1,-1
20181354L1520,1,9,0,18,0,0,0,0,0,0,4,1,1,2,20,4,1108,1,9,2,1,2
20181354L1597,1,9,0,18,0,8,0,0,0,0,1,1,6,1,60,9,999,1,5,1,1,1
20181354L1597,2,9,0,9,0,1,0,0,0,0,1,1,6,1,19,4,1398,1,5,7,3,7
20181354L1897,1,9,0,12,0,0,1,0,2,7,1,1,6,1,19,4,998,1,9,3,1,3
20181354L1897,2,9,0,18,0,0,0,0,0,0,0,1,6,1,56,9,1968,2,5,10,1,10
20181354L2179,1,9,0,16,0,1,0,0,0,0,1,1,6,3,-1,-1,1781,1,15,-1,-1,-1
20181354M0702,1,9,0,9,0,0,0,0,0,0,3,1,6,2,82,11,1968,2,3,3,1,3
20181354M0702,2,90,0,18,0,0,0,0,0,0,1,1,1,1,23,5,-1,-1,-1,1,1,1
20181354M1038,1,19,0,18,0,8,0,0,0,0,1,1,1,1,61,9,2143,2,3,9,1,9
20181354M1038,2,9,0,18,0,7,1,0,4,0,3,1,6,2,54,8,1997,2,3,6,1,6
20181354M1768,1,9,0,18,0,4,0,0,0,0,0,1,6,3,-1,-1,-1,-1,-1,-1,-1,-1
20181354M1768,2,3,0,18,0,4,2,0,0,0,0,1,6,1,20,4,125,1,2,1,1,1
20181354N0171,1,9,0,18,0,0,0,0,0,0,1,1,2,1,55,8,1364,2,5,3,1,3
20181354N0171,2,9,0,2,0,0,0,0,0,0,2,1,6,1,-1,-1,2967,1,13,1,1,1
20181354N0317,1,9,0,18,0,1,0,0,0,0,1,1,3,1,49,8,1598,1,8,5,1,5
20181354N0317,2,9,0,10,0,1,0,0,0,0,1,1,3,1,50,8,1598,1,5,8,1,8
20181354N0890,1,9,0,18,0,0,0,0,1,0,1,1,6,2,79,11,2494,8,2,8,3,8
20181354N0890,2,11,0,18,0,0,0,0,0,0,1,1,1,1,35,6,4250,2,3,1,1,1
20181354N1277,1,11,0,18,0,0,0,0,0,0,0,1,1,1,46,8,6692,2,6,2,1,2
20181354N1849,1,9,0,18,0,0,0,0,0,0,1,1,6,1,19,4,1229,1,10,2,2,2
20181354N1852,1,9,0,18,0,1,0,0,0,0,1,1,2,1,21,5,1229,1,8,3,1,3
20181354N1852,2,9,0,10,0,1,0,0,0,0,2,1,6,2,19,4,1149,1,10,8,1,8
20181354N2088,1,9,0,7,0,5,0,0,0,0,4,1,6,2,28,6,1596,1,12,7,1,7
20181354N2088,2,9,0,7,0,5,0,0,0,0,3,1,6,2,40,7,1149,1,16,1,1,1
20181354N2125,1,19,0,18,0,0,0,0,0,0,4,1,1,1,22,5,2143,2,3,3,1,3
20181354N2187,1,9,0,17,0,8,5,0,0,0,4,1,6,2,18,4,998,1,9,2,1,2
20181354O0121,1,9,0,18,0,0,0,0,1,11,1,1,6,3,-1,-1,1229,1,10,-1,-1,-1
20181354O0346,1,9,0,18,0,0,0,0,0,0,4,1,6,2,46,8,1998,1,-1,10,3,10
20181354O0366,1,3,0,13,0,8,5,0,0,0,4,1,6,1,21,5,125,1,3,-1,-1,-1
20181354O0366,2,9,0,9,0,8,0,0,0,0,3,1,6,1,60,9,2982,2,6,-1,-1,-1
20181354O0663,1,19,0,18,0,0,0,0,0,0,3,1,6,1,-1,-1,2143,2,5,6,1,6
20181354O0663,2,9,0,18,0,0,0,0,0,0,4,1,6,1,19,4,1461,2,1,1,1,1
20181354O1067,1,9,0,18,0,8,1,0,0,0,1,1,6,2,27,6,1598,1,17,6,1,6
20181354O1067,2,9,0,2,0,8,0,0,0,0,2,1,6,1,49,8,1598,2,3,-1,-1,-1
20181354O1067,3,9,0,2,0,8,0,0,0,0,2,1,6,1,37,7,1995,2,5,-1,-1,-1
20181354O1409,1,9,0,18,0,8,0,0,0,0,1,1,6,3,-1,-1,-1,-1,-1,-1,-1,-1
20181354O1409,2,1,0,18,0,8,5,0,0,0,4,1,6,1,68,10,-1,-1,-1,1,1,1
20181354O1422,1,9,0,18,0,0,0,0,0,0,1,1,6,1,42,7,1229,1,10,3,1,3
20181354O1422,2,9,0,18,0,0,0,0,0,0,1,1,6,2,32,6,-1,-1,-1,6,1,6
20181354O1465,1,9,0,18,0,0,0,0,0,0,1,1,6,1,32,6,1229,1,5,4,1,4
20181354O1524,1,1,0,18,2,8,5,0,0,0,1,1,6,1,36,7,-1,-1,-1,4,1,4
20181354O1524,2,8,0,7,2,8,0,0,0,0,4,1,1,1,57,9,1598,2,4,5,1,5
20181354P0175,1,9,0,18,0,0,0,0,0,0,1,1,2,1,37,7,1398,2,8,5,1,5
20181354P0175,2,9,0,2,0,0,0,0,0,0,2,1,6,1,44,7,2179,2,5,4,1,4
20181354P0240,1,9,0,18,0,8,0,0,0,0,1,1,6,1,64,9,1598,2,6,-1,-1,-1
20181354P0240,2,4,0,18,0,8,0,0,0,0,2,1,6,1,24,5,125,1,1,4,1,4
20181354P0421,1,9,0,18,0,0,0,0,0,0,1,1,6,1,63,9,1198,1,11,1,1,1
20181354P0421,2,9,0,18,0,0,0,0,0,0,1,1,6,1,32,6,1296,1,11,1,1,1
20181354P0556,1,1,0,18,0,0,5,0,1,0,0,1,6,2,57,9,-1,-1,-1,5,1,5
20181354P0556,2,20,0,13,0,0,0,0,0,0,0,1,6,3,-1,-1,-1,-1,-1,-1,-1,-1
20181354P0603,1,9,0,7,0,8,0,0,0,0,1,1,6,1,67,10,1582,2,3,9,1,9
20181354P1044,1,9,0,18,0,0,0,0,1,11,1,1,6,1,44,7,1339,1,5,7,1,7
20181354P1099,1,9,0,18,0,0,0,0,0,0,1,1,6,1,21,5,1197,1,6,1,1,1
20181354P1295,1,9,0,7,0,8,0,0,0,0,2,1,6,1,76,11,998,8,1,10,1,10
20181354P1295,2,1,0,18,0,8,5,0,0,0,1,1,6,1,20,4,-1,-1,-1,7,1,7
20181354P1499,1,9,0,16,0,0,0,0,7,0,1,1,6,2,62,9,1968,2,3,10,3,10
20181354P1499,2,9,0,17,0,0,0,0,0,0,1,1,6,2,64,9,1998,8,3,10,1,10
20181354P1560,1,9,0,18,0,8,0,0,0,0,1,1,6,1,23,5,1197,1,5,2,1,2
20181354P1560,2,9,0,18,0,8,0,0,0,0,2,1,6,1,30,6,1997,2,7,2,1,2
20181354P1560,3,8,0,9,0,1,0,0,0,0,2,1,1,1,25,5,1896,2,9,3,1,3
20181354P2065,1,9,0,18,0,0,0,0,0,0,4,1,6,1,42,7,-1,-1,-1,-1,-1,-1
20181354P2065,2,9,0,18,0,0,0,0,0,0,1,1,6,1,37,7,-1,-1,-1,-1,-1,-1
20181354P2065,3,8,0,18,0,0,0,0,0,0,1,1,1,1,59,9,1598,2,6,2,1,2
20181354Q0363,1,8,0,5,0,1,0,0,0,0,1,1,6,1,-1,-1,1797,8,4,-1,-1,-1
20181354Q0363,2,9,0,9,0,5,0,0,0,0,2,1,6,1,22,5,1598,1,6,7,1,7
20181354Q0363,3,9,0,3,0,1,0,0,0,0,3,1,6,1,28,6,2993,2,1,10,1,10
20181354Q0375,1,9,0,9,0,1,0,0,0,0,1,1,2,1,24,5,1598,1,12,2,1,2
20181354Q0375,2,5,0,18,0,1,0,0,2,1,1,1,2,1,56,9,998,1,1,8,1,8
20181354Q0517,1,9,0,4,0,1,0,0,0,0,1,1,6,2,49,8,1461,2,10,8,1,8
20181354Q0517,2,9,0,3,0,1,0,0,0,0,2,1,6,2,36,7,1560,2,3,4,1,4
20181354Q0589,1,11,0,4,0,0,0,0,0,0,0,1,1,1,-1,-1,5132,2,-1,-1,-1,-1
20181354Q0801,1,9,0,5,0,5,0,0,0,0,0,1,6,1,38,7,-1,-1,-1,-1,-1,-1
20181354Q0801,2,1,0,18,0,8,2,0,0,0,0,1,2,1,18,4,-1,-1,-1,1,1,1
20181354Q0938,1,9,0,18,0,1,0,0,0,0,1,1,6,3,-1,-1,-1,-1,-1,-1,-1,-1
20181354Q0938,2,9,0,9,0,1,0,0,0,0,1,1,6,3,-1,-1,-1,-1,-1,-1,-1,-1
20181354Q0982,1,9,0,7,0,6,0,0,0,0,1,1,6,1,62,9,2359,1,7,2,1,2
20181354Q0982,2,1,0,18,4,8,0,0,0,0,4,1,6,1,34,6,-1,-1,-1,1,1,1
20181354Q1152,1,21,0,18,0,0,0,0,0,0,0,1,1,3,-1,-1,-1,-1,-1,-1,-1,-1
20181354Q1152,2,9,0,18,0,0,0,0,0,0,2,1,2,2,22,5,1390,1,3,5,1,5
20181354Q1152,3,9,0,18,0,0,0,0,0,0,1,1,2,1,45,7,1328,1,3,4,1,4
20181354Q1332,1,9,0,6,0,0,0,0,1,11,1,1,6,1,35,6,1968,2,7,2,1,2
20181354Q1332,2,9,0,18,0,0,0,0,0,0,2,1,6,1,41,7,1995,2,8,5,1,5
20181354Q1545,1,9,0,18,0,0,0,0,0,0,1,1,2,2,37,7,1199,1,17,1,1,1
20181354Q1545,2,4,0,18,0,0,2,0,0,0,1,1,6,1,16,4,125,1,3,-1,-1,-1
20181354Q1660,1,19,0,6,0,0,0,0,0,0,1,1,2,1,19,4,-1,-1,-1,3,1,3
20181354Q1660,2,5,0,14,0,0,0,0,0,0,4,1,2,1,52,8,1170,1,10,6,3,6
20181354Q2014,1,9,0,18,0,0,0,0,0,0,1,1,6,2,44,7,1498,1,11,4,1,4
20181354Q2038,1,9,0,18,0,1,0,0,0,0,1,1,6,1,21,5,2143,2,7,3,1,3
20181354Q2038,2,8,0,18,0,2,0,0,0,0,1,1,1,1,50,8,1997,1,9,1,1,1
20181354R0290,1,21,0,7,0,0,0,0,0,0,4,1,1,1,67,10,9200,2,15,2,1,2
20181354R0290,2,9,0,18,0,0,0,0,0,0,3,1,6,2,28,6,1596,1,11,4,2,4
20181354R0541,1,9,0,18,0,0,1,0,1,10,4,1,1,1,47,8,1990,1,19,5,1,5
20181354R0620,1,9,0,7,0,6,0,0,0,0,3,1,6,1,60,9,2179,2,9,9,1,9
20181354R0620,2,9,0,18,0,8,0,0,1,10,4,1,6,1,33,6,1968,2,9,7,1,7
20181354R0675,1,21,0,9,0,6,0,0,0,0,3,1,1,1,-1,-1,4500,2,2,-1,-1,-1
20181354R0675,2,1,0,14,0,6,0,0,0,0,4,1,6,1,45,7,-1,-1,-1,9,2,9
20181354R0736,1,9,0,4,0,0,0,0,0,0,2,1,6,1,21,5,2143,2,1,5,3,5
20181354R0736,2,9,0,4,0,0,0,0,0,0,2,1,6,2,40,7,1968,2,1,8,1,8
20181354R0736,3,9,0,4,0,0,0,0,0,0,1,1,6,1,33,6,2402,2,7,3,1,3
20181354R0796,1,8,0,2,0,0,0,0,0,0,3,1,1,1,61,9,2184,2,9,3,1,3
20181354R0796,2,1,0,14,0,0,0,8,0,0,1,1,6,1,19,4,-1,-1,-1,8,1,8
20181354R0904,1,11,0,18,0,1,0,0,1,1,4,1,1,1,40,7,6700,2,8,1,1,1
20181354R0904,2,9,0,18,0,1,0,0,0,0,0,1,6,1,30,6,-1,-1,-1,1,1,1
20181354R1031,1,9,0,9,0,6,0,0,0,0,0,1,6,3,-1,-1,-1,-1,-1,-1,-1,-1
20181354R1031,2,1,0,18,0,1,0,0,0,0,0,1,6,2,33,6,-1,-1,-1,8,1,8
20181354R1075,1,9,0,5,0,1,5,0,0,7,1,1,6,2,82,11,1229,1,9,8,2,8
20181354R1093,1,19,0,18,0,0,0,0,0,0,1,1,2,1,41,7,1968,2,3,5,1,5
20181354R1093,2,9,0,18,0,0,0,0,0,0,2,1,2,1,30,6,1995,2,7,2,1,2
20181354R1093,3,9,0,18,0,0,0,0,0,0,2,1,2,1,48,8,1399,1,-1,4,1,4
20181354R1102,1,9,0,8,0,6,0,0,0,0,1,1,6,1,18,4,1598,2,1,-1,-1,-1
20181354R1232,1,9,0,18,0,1,0,0,0,0,2,1,6,1,25,5,1796,1,13,2,1,2
20181354R1232,2,9,0,9,0,1,0,0,0,0,1,1,6,3,-1,-1,2148,2,11,-1,-1,-1
20181354R1248,1,9,0,4,0,1,0,0,0,0,2,1,2,1,52,8,1995,2,10,2,1,2
20181354R1248,2,9,0,18,0,1,0,0,0,0,1,1,6,2,47,8,1598,1,14,4,1,4
20181354R1248,3,21,1,7,0,5,0,0,0,0,0,1,6,3,-1,-1,-1,-1,-1,-1,-1,-1
20181354R1248,4,9,0,15,0,1,0,0,0,0,0,1,6,3,-1,-1,2982,2,3,-1,-1,-1
20181354R1325,1,9,0,18,0,4,0,0,0,0,4,1,6,1,62,9,1590,1,14,6,1,6
20181354R1402,1,9,0,18,0,8,0,0,0,0,4,1,6,1,28,6,1198,1,8,6,1,6
20181354R1402,2,9,0,18,0,8,0,0,0,0,3,1,6,1,36,7,1968,2,9,5,1,5
20181354R1462,1,9,0,11,0,8,0,0,0,0,4,1,6,1,60,9,1798,1,13,9,1,9
20181354R1462,2,9,0,12,0,8,0,0,0,0,3,1,6,1,-1,-1,1398,2,4,-1,-1,-1
20181354R1517,1,3,0,7,0,3,2,0,0,0,3,1,6,1,23,5,125,1,2,3,2,3
20181354R1517,2,9,0,7,0,3,0,0,0,0,4,1,6,1,54,8,1969,2,1,9,1,9
20181354R1775,1,9,0,18,0,0,0,0,0,0,1,1,6,3,-1,-1,-1,-1,-1,-1,-1,-1
20181354R1775,2,2,0,18,0,0,0,0,0,0,2,1,6,1,46,8,125,1,43,5,1,5
20181354R1798,1,9,0,16,0,0,0,0,0,0,1,1,2,1,47,8,1796,1,16,2,1,2
20181354R1798,2,9,0,17,0,0,0,0,1,0,1,1,6,1,22,5,1390,1,8,8,3,8
20181354R2007,1,9,0,18,0,0,1,0,0,0,1,1,6,1,24,5,1898,2,16,2,1,2
20181354R2007,2,9,0,18,0,0,0,0,0,0,1,1,6,2,38,7,2967,2,11,3,1,3
20181354S0353,1,9,0,18,0,0,0,0,5,6,1,1,6,1,26,6,1388,1,12,1,1,1
20181354S1365,1,9,0,3,0,0,0,0,0,0,2,1,6,2,36,7,1390,1,14,1,1,1
20181354S1365,2,19,0,18,0,0,0,0,0,0,1,1,6,1,49,8,2198,2,11,5,1,5
20181354S1979,1,9,0,18,0,0,0,0,0,0,1,1,6,1,26,6,-1,-1,-1,1,1,1
20181354T0046,1,9,0,18,0,0,0,0,0,0,1,1,6,1,36,7,2143,2,-1,4,1,4
20181354T0046,2,8,0,2,0,0,0,0,0,0,2,1,1,1,37,7,1910,2,8,2,1,2
20181354T1002,1,9,0,18,0,1,0,0,0,0,1,1,6,1,33,6,1986,2,12,2,1,2
20181354T1002,2,9,0,8,0,1,0,0,0,0,1,1,6,2,29,6,1560,2,7,7,1,7
20181354T1002,3,9,0,9,0,5,0,0,0,0,2,1,6,1,18,4,1248,2,11,3,1,3
20181354T1252,1,5,0,18,0,8,0,0,0,0,1,1,6,1,51,8,1085,1,14,3,1,3
20181354T1252,2,8,0,9,0,8,0,0,0,0,3,1,1,1,39,7,1798,8,4,1,1,1
20181354T1480,1,9,0,18,0,0,0,0,0,0,3,1,6,1,22,5,1595,1,11,5,1,5
20181354T1516,1,9,0,9,0,8,0,0,0,0,3,1,6,1,69,10,1498,1,4,5,1,5
20181354T1516,2,9,0,18,0,8,0,0,0,0,3,1,6,2,24,5,998,1,13,1,1,1
20181354T1797,1,19,0,18,0,0,0,0,0,0,0,1,6,3,-1,-1,-1,-1,-1,-1,-1,-1
20181354T1797,2,9,0,18,0,0,0,0,0,0,4,1,6,3,-1,-1,-1,-1,-1,-1,-1,-1
20181354T1797,3,9,0,18,0,0,1,0,1,4,3,1,6,2,44,7,1390,1,4,6,1,6
20181354T2060,1,9,0,18,0,0,0,0,7,11,1,1,6,1,40,7,1986,2,11,4,1,4
20181354U0172,1,9,0,17,0,0,1,0,8,11,1,1,6,1,26,6,1596,1,12,3,1,3
20181354U1045,1,9,0,18,0,8,0,0,0,0,1,1,6,2,27,6,1686,2,11,1,1,1
20181354U1045,2,5,0,18,0,8,0,0,0,0,3,1,6,1,57,9,660,1,9,1,1,1
20181354U1110,1,9,0,6,0,0,0,0,0,0,4,1,6,2,36,7,1242,1,16,2,1,2
20181354U1110,2,9,0,18,0,0,0,0,0,0,1,1,6,2,29,6,1461,2,4,2,1,2
20181354U1120,1,9,0,18,0,0,0,0,0,0,3,1,6,2,27,6,1395,1,-1,3,1,3
20181354U1194,1,9,0,18,0,0,0,0,0,0,3,1,6,2,31,6,1242,1,6,1,1,1
20181354U1256,1,8,0,18,0,1,0,0,0,0,1,1,1,1,28,6,1995,2,6,1,1,1
20181354U1256,2,9,0,9,0,1,0,0,0,0,3,1,6,1,46,8,2993,2,4,8,1,8
20181354U1512,1,9,0,9,0,6,0,0,0,0,3,1,6,1,45,7,1598,1,16,1,1,1
20181354U1512,2,1,0,18,0,8,0,0,0,0,1,1,6,1,27,6,-1,-1,-1,9,1,9
20181354U1577,1,9,0,18,0,0,0,0,0,0,4,1,6,1,29,6,1496,2,3,7,1,7
20181354U1594,1,9,0,18,0,4,1,0,0,0,1,1,6,1,21,5,1329,1,2,5,1,5
20181354U1594,2,9,0,18,0,4,1,0,0,0,4,1,6,2,42,7,1796,1,16,1,1,1
20181354U1611,1,19,0,18,0,0,0,0,0,0,4,1,6,1,45,7,1870,2,14,5,1,5
20181354U1690,1,9,0,5,0,0,0,0,0,0,1,1,6,1,-1,-1,-1,-1,-1,-1,-1,-1
20181354U1699,1,9,0,5,0,8,0,0,0,0,4,1,6,2,39,7,1798,1,12,8,1,8
20181354U1699,2,1,0,5,0,8,5,0,0,0,3,1,6,1,39,7,-1,-1,-1,9,1,9
20181354U2083,1,9,0,17,0,0,2,0,7,10,1,1,6,1,21,5,2993,2,12,5,2,5
2018135510256,1,9,0,18,0,0,0,0,0,0,1,1,6,1,24,5,1598,2,1,8,1,8
2018135510256,2,20,0,2,0,0,0,0,0,0,2,1,6,1,-1,-1,10837,2,1,-1,-1,-1
2018135510297,1,9,0,15,0,0,1,0,0,0,3,1,6,1,59,9,1598,2,1,2,1,2
2018135510297,2,21,1,18,0,0,0,0,0,0,1,1,1,1,54,8,12902,2,4,3,1,3
2018135510322,1,9,0,18,0,0,0,0,0,0,1,1,6,1,-1,-1,1596,1,11,9,2,9
2018135510322,2,9,0,18,0,0,0,0,0,0,2,1,1,2,22,5,1560,2,3,8,1,8
2018135510441,1,11,0,7,0,6,0,0,0,0,4,1,1,1,60,9,9500,2,19,5,3,5
2018135510441,2,9,0,7,0,6,0,0,0,0,3,1,6,1,36,7,999,1,4,8,1,8
2018135510697,1,9,0,18,0,0,0,0,0,0,4,1,6,2,29,6,2191,2,4,9,1,9
2018135510715,1,9,0,9,0,5,0,0,0,0,1,1,6,2,53,8,1242,1,7,6,3,6
2018135510715,2,9,0,18,0,1,0,0,0,0,1,1,6,2,42,7,1461,2,14,2,1,2
2018135510715,3,9,0,10,0,6,0,0,0,0,4,1,6,2,63,9,1598,1,8,9,1,9
2018135510970,1,1,0,13,0,0,5,0,0,0,1,1,6,1,26,6,-1,-1,-1,2,1,2
2018135510970,2,9,0,4,0,0,0,0,0,0,3,1,6,2,35,6,1596,1,8,1,1,1
2018135511040,1,9,0,18,0,1,0,0,0,0,1,1,6,2,40,7,1998,2,10,3,1,3
2018135511040,2,9,0,9,0,6,0,0,0,0,0,1,6,3,-1,-1,-1,-1,-1,-1,-1,-1
2018135511040,3,1,0,18,0,1,0,0,0,0,1,1,6,1,20,4,-1,-1,-1,1,1,1
2018135511148,1,9,0,14,0,0,0,0,0,0,1,1,6,2,63,9,1591,1,-1,10,1,10
2018135511173,1,90,0,4,0,1,0,0,0,0,1,1,1,2,-1,-1,2987,2,4,9,2,9
2018135511173,2,9,0,18,0,1,0,0,0,0,1,1,6,2,-1,-1,1997,2,11,3,2,3
2018135511218,1,9,0,5,0,1,0,0,0,0,3,1,6,1,78,11,1598,2,5,1,1,1
2018135511218,2,2,0,5,0,2,0,0,0,0,1,1,6,2,52,8,-1,-1,-1,1,1,1
2018135511277,1,1,0,7,4,8,5,0,0,0,4,1,1,1,23,5,-1,-1,-1,1,1,1
2018135511277,2,9,0,18,0,8,0,0,0,0,1,1,1,1,57,9,1968,2,6,7,1,7
2018135511538,1,8,0,9,0,8,0,0,0,0,1,1,6,1,38,7,1797,8,5,3,1,3
2018135511538,2,3,0,18,0,8,5,0,1,0,1,1,6,1,23,5,124,1,10,3,1,3
2018135520276,1,9,0,12,0,3,0,0,5,1,3,1,6,2,26,6,998,1,9,7,1,7
2018135520276,2,9,0,18,0,3,0,0,0,0,4,1,2,2,46,8,1896,2,10,6,3,6
2018135520326,1,9,0,18,0,0,0,0,1,3,1,1,6,1,36,7,1995,2,13,4,1,4
2018135520469,1,9,0,13,0,8,0,0,7,10,2,1,2,2,36,7,998,1,6,1,1,1
2018135520469,2,19,0,9,0,8,0,0,0,0,1,1,2,1,18,4,2198,2,4,5,1,5
2018135520469,3,9,0,2,9,8,0,0,0,0,4,1,6,1,47,8,1618,1,3,-1,-1,-1
2018135520837,1,1,0,18,0,1,0,0,0,0,0,1,6,1,45,7,-1,-1,-1,-1,-1,-1
2018135520837,2,9,0,7,0,6,0,0,0,0,1,1,6,1,29,6,-1,-1,-1,-1,-1,-1
2018135520989,1,21,0,18,0,0,0,0,0,0,1,1,1,1,39,7,6370,2,11,4,2,4
2018135520989,2,9,0,4,0,0,0,0,0,0,2,1,6,2,62,9,1560,2,4,9,3,9
2018135520989,3,9,0,4,0,0,0,0,0,0,2,1,6,1,43,7,2231,2,9,6,1,6
2018135520989,4,9,0,4,0,0,0,0,0,0,2,1,6,1,42,7,1586,1,2,1,1,1
2018135521141,1,9,0,14,0,0,0,0,0,0,4,1,6,2,29,6,1560,2,9,5,1,5
2018135521240,1,21,1,4,0,0,0,0,0,0,1,1,1,1,50,8,-1,-1,-1,-1,-1,-1
2018135521240,2,9,0,4,0,0,0,0,0,0,2,1,6,2,53,8,1598,1,6,7,1,7
2018135521240,3,9,0,4,0,0,0,0,0,0,2,1,6,2,45,7,1598,1,7,10,1,10
2018135521349,1,9,0,18,0,0,5,4,0,0,1,1,6,1,39,7,1598,2,6,9,1,9
2018135521349,2,9,0,2,0,0,0,4,1,0,2,1,6,3,-1,-1,1198,1,9,-1,-1,-1
2018135521349,3,9,0,2,0,0,0,0,0,0,2,1,6,3,-1,-1,998,1,3,-1,-1,-1
2018135521410,1,9,0,4,0,1,0,0,0,0,3,1,6,2,25,5,998,1,4,2,1,2
2018135521940,1,9,0,7,0,5,0,0,0,0,1,1,6,1,30,6,1997,2,4,5,1,5
2018135521940,2,9,0,4,0,1,0,0,0,0,3,1,6,2,19,4,1248,2,10,1,1,1
2018135522068,1,8,0,9,0,8,0,0,1,0,3,1,1,1,37,7,1686,2,10,1,1,1
2018135522068,2,5,0,15,0,8,5,0,1,0,1,1,6,1,28,6,599,1,20,-1,-1,-1
2018135530235,1,9,0,5,0,4,0,0,0,0,1,1,6,1,43,7,2967,1,14,1,1,1
2018135530235,2,1,0,5,0,4,0,0,0,0,2,1,6,1,51,8,-1,-1,-1,-1,-1,-1
2018135530244,1,4,0,18,0,1,5,0,0,0,1,1,2,1,42,7,738,1,27,4,1,4
2018135530252,1,9,0,18,0,0,0,0,0,0,4,1,1,1,30,6,-1,-1,-1,8,1,8
2018135530252,2,1,0,18,0,0,0,0,0,0,4,1,1,1,50,8,-1,-1,-1,7,3,7
2018135530263,1,9,0,6,0,0,0,0,0,0,1,1,6,1,45,7,1995,2,6,1,1,1
2018135530263,2,1,0,18,0,0,0,0,0,0,1,1,6,1,43,7,-1,-1,-1,5,1,5
2018135530408,1,21,0,13,0,0,0,0,0,0,4,1,1,1,68,10,8970,2,17,1,1,1
2018135530408,2,1,0,18,0,0,0,0,0,0,3,1,2,1,32,6,-1,-1,-1,8,1,8
2018135530558,1,11,0,18,0,4,0,0,0,0,0,1,1,1,28,6,9200,2,16,4,1,4