Accident_Index,Vehicle_Reference,Vehicle_Type,Towing_and_Articulation,Vehicle_Manoeuvre,Vehicle_Location-Restricted_Lane,Junction_Location,Skidding_and_Overturning,Hit_Object_in_Carriageway,Vehicle_Leaving_Carriageway,Hit_Object_off_Carriageway,1st_Point_of_Impact,Was_Vehicle_Left_Hand_Drive?,Journey_Purpose_of_Driver,Sex_of_Driver,Age_of_Driver,Age_Band_of_Driver,Engine_Capacity_(CC),Propulsion_Code,Age_of_Vehicle,Driver_IMD_Decile,Driver_Home_Area_Type,Vehicle_IMD_Decile
2018135530558,2,9,0,9,0,4,0,0,0,0,0,1,6,2,29,6,-1,-1,-1,-1,-1,-1
2018135530626,1,19,0,13,0,0,0,0,0,0,4,1,6,3,-1,-1,-1,-1,-1,-1,-1,-1
2018135530626,2,1,0,18,0,0,0,0,0,0,3,1,6,2,52,8,-1,-1,-1,4,1,4
2018135530652,1,11,0,18,0,0,0,0,0,0,0,1,1,1,30,6,7300,2,5,2,1,2
2018135530652,2,9,0,18,0,0,0,0,0,0,0,1,6,3,-1,-1,-1,-1,-1,-1,-1,-1
2018135530752,1,3,0,12,0,0,5,0,0,0,3,1,6,1,18,4,125,1,9,1,1,1
2018135530752,2,19,0,18,0,0,0,0,0,0,4,1,1,1,39,7,1997,2,2,3,1,3
2018135530827,1,9,0,13,0,0,0,0,0,0,1,1,6,3,-1,-1,-1,-1,-1,-1,-1,-1
2018135530827,2,9,0,3,0,0,0,0,0,0,3,1,6,2,68,10,1586,1,13,-1,-1,-1
2018135531024,1,9,0,6,0,8,0,0,0,0,3,1,6,2,49,8,1995,2,13,1,1,1
2018135531024,2,5,0,18,0,8,5,0,0,0,1,1,6,1,27,6,599,1,17,1,2,1
2018135531032,1,9,0,18,0,4,0,0,0,0,1,1,6,1,60,9,2143,2,-1,2,1,2
2018135531032,2,97,0,2,0,4,0,0,1,1,2,1,6,1,60,9,-1,-1,-1,5,1,5
2018135531085,1,9,0,9,0,8,0,0,0,0,3,1,6,2,19,4,1229,1,3,10,1,10
2018135531085,2,1,0,18,0,8,0,0,0,0,1,1,6,1,48,8,-1,-1,-1,10,1,10
2018135531160,1,9,0,9,0,5,0,0,0,0,4,1,6,1,-1,-1,-1,-1,-1,-1,-1,-1
2018135531176,1,9,0,18,0,1,0,0,0,0,4,1,6,3,-1,-1,-1,-1,-1,-1,-1,-1
2018135531176,2,9,0,2,0,1,0,0,0,0,4,1,6,2,36,7,1896,2,14,4,1,4
2018135531236,1,8,0,18,0,0,0,0,0,0,4,1,2,1,65,9,1598,2,4,3,1,3
2018135531298,1,9,0,9,0,8,0,0,0,0,1,1,2,2,44,7,1498,1,7,5,1,5
2018135531298,2,1,0,18,9,8,5,0,0,0,1,1,4,1,14,3,-1,-1,-1,4,1,4
2018135531340,1,9,0,18,0,0,0,0,0,0,3,1,6,1,47,8,1598,1,15,-1,-1,-1
2018135531367,1,9,0,18,0,0,0,0,0,0,1,1,1,1,28,6,1598,2,6,-1,-1,-1
2018135540548,1,9,0,18,0,0,0,0,0,0,1,1,6,1,-1,-1,-1,-1,-1,-1,-1,-1
2018135540629,1,9,0,18,0,0,0,0,0,0,3,1,6,2,63,9,1997,2,10,7,1,7
2018135540629,2,9,0,18,0,0,0,0,0,0,1,1,6,2,26,6,1461,2,4,6,1,6
2018135541452,1,9,0,18,0,0,0,0,0,0,1,1,6,1,26,6,999,1,-1,-1,-1,-1
2018135541452,2,9,0,18,0,0,0,0,0,0,0,1,6,1,45,7,-1,-1,-1,-1,-1,-1
2018135541452,3,9,0,18,0,0,0,0,0,0,0,1,6,1,59,9,1969,8,2,10,1,10
2018135541514,1,9,0,9,0,5,0,0,0,0,3,1,6,1,31,6,1956,2,8,8,1,8
2018135541514,2,9,0,18,0,1,0,0,0,0,3,1,6,1,26,6,1968,2,8,5,1,5
2018135541517,1,9,0,18,0,8,0,0,0,0,1,1,6,2,28,6,1493,2,7,4,1,4
2018135541517,2,9,0,7,0,8,0,0,0,0,3,1,6,2,28,6,1598,1,13,4,1,4
2018135541643,1,1,0,5,0,0,0,0,0,0,1,1,6,1,36,7,-1,-1,-1,8,1,8
2018135550993,1,9,0,17,0,8,0,0,0,0,1,1,6,1,77,11,1461,2,4,8,2,8
2018135550993,2,3,0,17,0,8,0,0,0,0,3,1,6,1,59,9,108,1,6,2,1,2
2018135551010,1,1,0,18,0,1,0,0,0,0,1,1,6,1,39,7,-1,-1,-1,5,1,5
2018135551010,2,9,0,5,0,2,0,0,0,0,1,1,6,2,37,7,1596,1,9,6,1,6
2018135551140,1,9,0,16,0,0,0,0,0,9,1,1,6,1,19,4,1388,1,14,10,2,10
2018135551140,2,9,0,18,0,0,0,0,0,9,1,1,6,1,27,6,1984,1,10,9,1,9
2018135551204,1,9,0,18,0,1,0,0,0,0,1,1,6,2,37,7,1896,2,14,5,1,5
2018135551204,2,9,0,18,0,1,0,0,0,0,2,1,6,1,50,8,-1,-1,-1,6,1,6
2018135551204,3,9,0,18,0,1,0,0,0,0,2,1,6,1,49,8,-1,-1,-1,8,1,8
2018135551204,4,9,0,18,0,1,0,0,0,0,2,1,6,1,54,8,999,1,2,3,1,3
2018135551256,1,3,0,18,0,8,0,0,0,0,1,1,6,1,55,8,123,1,11,2,1,2
2018135551256,2,9,0,9,0,8,0,0,0,0,4,1,6,2,43,7,998,1,4,7,1,7
2018135551522,1,9,0,18,0,0,1,0,0,0,1,1,6,1,71,10,1587,1,11,3,1,3
2018135551522,2,9,0,4,0,0,0,0,0,0,2,1,6,2,84,11,1390,1,19,1,1,1
2018135551522,3,9,0,4,0,0,0,0,0,0,2,1,6,1,23,5,1896,2,14,6,1,6
2018135551619,1,9,0,18,0,8,0,0,0,0,1,1,6,1,49,8,1798,8,2,2,1,2
2018135551704,1,9,0,7,0,5,0,0,0,0,1,1,6,2,63,9,898,1,2,7,1,7
2018135552018,1,9,0,9,0,3,0,0,0,0,0,1,6,1,-1,-1,1360,1,12,-1,-1,-1
2018135552018,2,1,0,18,0,4,1,0,0,0,0,1,6,1,57,9,-1,-1,-1,1,1,1
2018135552259,1,1,0,4,0,0,0,0,0,0,3,1,6,1,62,9,-1,-1,-1,5,1,5
2018135560501,1,9,0,1,0,0,0,0,0,0,2,1,6,1,82,11,1596,1,12,7,1,7
2018135560501,2,9,0,2,0,0,0,0,0,0,1,1,6,3,61,9,1339,1,14,7,1,7
2018135560543,1,9,0,1,0,0,0,0,0,0,2,1,6,1,46,8,1896,2,16,3,1,3
2018135560543,2,9,0,2,0,0,0,0,0,0,1,1,6,1,36,7,1896,2,14,4,1,4
2018135560548,1,9,0,17,0,0,5,0,0,0,1,1,1,2,18,4,1108,1,15,3,1,3
2018135560548,2,9,0,2,0,0,0,0,0,0,1,1,6,1,-1,-1,1242,1,6,3,1,3
2018135560702,1,9,0,18,0,0,0,0,0,0,0,1,6,1,23,5,1798,1,1,7,1,7
2018135560702,2,9,0,18,0,0,0,0,0,0,1,1,6,1,72,10,1560,2,6,1,1,1
2018135560702,3,9,0,18,0,0,0,0,0,0,0,1,6,3,-1,-1,-1,-1,-1,-1,-1,-1
2018135560713,1,9,0,7,0,5,0,0,0,0,0,1,6,1,36,7,1998,2,4,5,1,5
2018135560713,2,1,0,18,0,1,0,0,0,0,0,1,6,1,48,8,-1,-1,-1,9,1,9
2018135561051,1,9,0,18,0,8,0,0,0,0,1,1,6,1,18,4,1968,2,1,9,2,9
2018135561051,2,9,0,18,0,8,0,0,0,0,3,1,6,1,19,4,1328,1,9,8,1,8
2018135561051,3,9,0,18,0,1,0,0,0,0,4,1,6,1,32,6,1598,2,7,7,1,7
2018135561138,1,9,0,9,0,6,0,0,0,0,3,1,6,1,58,9,1242,1,3,4,2,4
2018135561138,2,5,0,18,0,8,0,0,0,0,1,1,6,1,65,9,1340,1,4,1,1,1
2018135561343,1,9,0,18,0,0,0,0,0,0,1,1,1,1,32,6,1299,1,17,1,1,1
2018135561505,1,4,0,18,0,5,0,0,0,0,1,1,6,1,27,6,-1,-1,-1,1,1,1
2018135561505,2,9,0,9,0,5,0,0,0,0,2,1,6,1,26,6,1597,1,15,1,1,1
2018135561584,1,9,0,9,0,1,0,0,0,0,4,1,6,1,28,6,1984,1,3,3,1,3
2018135561584,2,9,0,18,0,1,0,0,0,0,1,1,6,1,37,7,1896,2,13,1,1,1
2018135561601,1,9,0,18,0,8,0,0,0,0,4,1,6,2,30,6,1388,1,8,5,1,5
2018135561601,2,1,0,18,0,1,0,0,0,0,1,1,6,1,57,9,-1,-1,-1,3,1,3
2018135561912,1,9,0,18,0,1,0,0,0,0,1,1,6,2,32,6,998,1,15,3,1,3
2018135570565,1,9,0,18,0,0,1,0,0,0,1,1,6,1,64,9,1587,1,15,1,1,1
2018135570565,2,21,0,18,0,0,0,0,0,0,3,1,1,1,43,7,12740,2,1,5,1,5
2018135570613,1,9,0,1,0,1,0,0,0,0,2,1,6,2,40,7,1685,2,2,9,1,9
2018135570613,2,9,0,3,0,1,0,0,0,0,1,1,6,1,42,7,1388,1,10,7,1,7
2018135570613,3,9,0,3,0,1,0,0,0,0,1,1,6,1,30,6,-1,-1,-1,-1,-1,-1
2018135570679,1,9,0,18,0,0,0,0,0,0,1,1,6,1,27,6,1248,2,7,6,-1,6
2018135570679,2,9,0,4,0,0,0,0,0,0,2,1,6,2,64,9,1149,1,13,2,1,2
2018135570804,1,9,0,18,0,0,0,0,0,0,1,1,6,2,48,8,1499,2,3,4,1,4
2018135570804,2,9,0,4,0,0,0,0,0,0,2,1,6,1,66,10,1596,1,14,2,1,2
2018135570807,1,9,0,9,0,8,0,0,0,0,4,1,6,2,20,4,999,1,6,4,1,4
2018135570807,2,11,0,18,0,8,1,0,0,0,1,1,1,1,47,8,9360,2,9,7,1,7
2018135570890,1,5,0,18,0,8,0,0,0,0,3,1,6,1,71,10,675,1,3,7,1,7
2018135570890,2,9,0,9,0,8,0,0,0,0,4,1,6,1,33,6,1198,1,5,8,3,8
2018135571032,1,9,0,9,0,5,0,0,0,0,1,1,6,2,18,4,1124,1,13,4,1,4
2018135571032,2,9,0,18,0,8,1,0,0,0,1,1,6,1,48,8,1910,2,10,2,1,2
2018135571044,1,9,0,18,0,1,1,0,0,0,0,1,6,1,53,8,1364,1,11,1,1,1
2018135571044,2,9,0,9,0,4,1,0,0,0,0,1,6,2,36,7,1560,2,3,1,1,1
2018135571135,1,9,0,7,0,6,0,0,0,0,1,1,6,1,50,8,1395,1,1,-1,-1,-1
2018135571135,2,1,0,18,9,8,0,0,0,0,3,1,6,1,36,7,-1,-1,-1,2,1,2
2018135571146,1,9,0,6,0,1,0,0,0,0,3,1,6,1,43,7,1388,1,14,1,1,1
2018135571146,2,3,0,18,0,1,0,0,0,0,1,1,2,1,44,7,125,1,2,3,1,3
2018135571302,1,9,0,9,0,8,0,0,0,0,1,1,6,1,17,4,1242,1,13,6,3,6
2018135571302,2,9,0,7,0,8,0,0,1,11,3,1,6,1,60,9,1598,1,11,4,1,4
2018135571789,1,9,0,9,0,1,0,0,0,0,1,1,6,1,35,6,1998,2,11,2,1,2
2018135571789,2,9,0,18,0,1,0,0,0,0,3,1,6,1,62,9,998,1,14,3,1,3
2018135571990,1,9,0,18,0,8,0,0,0,0,1,1,6,1,53,8,1995,2,5,7,1,7
2018135571990,2,9,0,18,0,8,0,0,0,0,3,1,6,1,24,5,1968,2,11,4,1,4
2018135572161,1,8,0,18,0,1,0,0,0,0,2,1,1,1,34,6,1598,2,5,1,1,1
2018135572161,2,9,0,18,0,1,0,0,0,0,1,1,6,2,45,7,1582,2,8,1,1,1
2018135580302,1,21,1,1,6,0,0,0,0,0,2,1,1,1,27,6,12809,2,2,8,1,8
2018135580302,2,9,0,2,6,0,0,0,0,0,1,1,6,1,80,11,1560,2,8,4,1,4
2018135580345,1,11,0,18,0,0,0,0,7,11,1,1,1,1,35,6,4760,2,5,4,1,4
2018135580345,2,9,0,2,0,0,0,0,0,0,2,1,6,1,-1,-1,1686,2,13,-1,-1,-1
2018135580345,3,9,0,2,0,0,0,0,0,0,1,1,6,2,-1,-1,1229,1,13,-1,-1,-1
2018135580349,1,9,0,18,0,0,0,0,0,0,1,1,6,1,73,10,1242,1,7,5,1,5
2018135580357,1,21,1,11,0,1,0,0,0,0,1,1,1,1,54,8,12777,2,2,1,1,1
2018135580357,2,9,0,18,0,7,2,0,0,6,3,1,2,2,24,5,1149,1,16,3,1,3
2018135580398,1,9,0,9,0,6,0,0,0,0,1,1,6,2,49,8,1896,2,11,6,1,6
2018135580398,2,9,0,9,0,1,0,0,0,0,1,1,6,1,42,7,1461,2,14,7,1,7
2018135580644,1,21,0,18,0,0,0,0,0,0,3,1,1,1,34,6,-1,-1,-1,3,1,3
2018135580644,2,9,0,18,0,0,0,0,0,0,3,1,6,2,49,8,1598,1,18,1,1,1
2018135581159,1,9,0,6,0,0,0,0,0,0,0,1,1,1,-1,-1,1560,2,7,3,1,3
2018135581159,2,11,0,4,0,0,0,0,0,0,0,1,1,1,52,8,-1,-1,-1,2,1,2
2018135581233,1,19,0,11,0,8,0,0,0,0,4,1,1,1,39,7,2143,2,8,3,1,3
2018135581233,2,4,0,18,0,8,0,0,0,0,3,1,6,2,51,8,124,1,3,-1,-1,-1
2018135581410,1,9,0,10,0,0,0,0,0,0,3,1,6,1,86,11,1988,1,18,9,1,9
2018135581410,2,1,0,18,4,0,0,0,0,0,1,1,2,1,52,8,-1,-1,-1,9,1,9
2018135581450,1,9,0,18,0,2,0,0,0,0,1,1,6,1,33,6,1598,2,5,-1,-1,-1
2018135581527,1,1,0,6,0,0,0,0,0,0,3,1,6,1,35,6,-1,-1,-1,-1,-1,-1
2018135581527,2,4,0,18,0,0,0,0,0,0,1,1,6,1,58,9,645,1,4,-1,-1,-1
2018135581544,1,9,0,4,0,0,0,0,0,0,2,1,6,2,26,6,899,1,4,-1,-1,-1
2018135581544,2,9,0,18,0,0,0,0,0,0,1,1,6,1,19,4,1248,2,9,2,1,2
2018135581638,1,9,0,18,0,6,0,0,0,0,1,1,6,2,30,6,1582,2,4,3,1,3
2018135581638,2,9,0,18,0,1,0,0,0,0,3,1,6,1,49,8,1461,2,6,1,1,1
2018135581887,1,9,0,18,0,8,0,0,0,0,1,1,6,1,50,8,1229,1,11,-1,-1,-1
2018135581932,1,1,0,15,0,8,5,0,0,0,1,1,6,1,48,8,-1,-1,-1,1,1,1
2018135581932,2,9,0,7,0,8,0,0,0,0,4,1,6,1,35,6,1995,2,10,-1,-1,-1
2018135590189,1,2,0,5,0,4,0,0,0,0,2,1,1,2,38,7,125,1,4,1,2,1
2018135590189,2,9,0,5,0,4,0,0,0,0,1,1,1,1,53,8,1560,2,5,-1,-1,-1
2018135590260,1,9,0,7,0,0,0,0,0,0,3,1,6,2,32,6,1560,2,4,4,1,4
2018135590260,2,9,0,18,0,0,0,0,0,0,1,1,6,2,43,7,1999,1,10,9,1,9
2018135590417,1,9,0,18,0,0,0,0,1,11,4,1,6,2,28,6,1084,1,-1,3,1,3
2018135590417,2,9,0,18,0,0,0,0,0,0,0,1,6,1,71,10,998,1,1,-1,2,-1
2018135590530,1,9,0,18,0,1,0,0,0,0,1,1,6,2,66,10,1597,1,2,6,1,6
2018135590530,2,9,0,10,0,1,0,0,0,0,2,1,6,2,25,5,1364,1,10,6,1,6
2018135590530,3,9,0,18,0,1,0,0,0,0,3,1,6,2,53,8,998,1,4,2,1,2
2018135590624,1,9,0,18,0,0,0,0,0,0,1,1,6,1,82,11,998,1,4,8,1,8
2018135590675,1,21,0,18,0,0,0,0,0,0,2,1,6,3,-1,-1,-1,-1,-1,-1,-1,-1
2018135590869,1,9,0,5,0,0,0,10,1,5,1,1,6,2,18,4,1388,1,11,4,1,4
2018135591175,1,9,0,18,0,0,0,0,0,0,1,1,6,1,92,11,1299,1,16,-1,-1,-1
2018135591175,2,9,0,4,0,0,0,0,0,0,4,1,6,1,27,6,1950,2,1,1,1,1
2018135591175,3,9,0,2,0,0,0,0,0,0,3,1,6,1,-1,-1,1896,2,13,-1,-1,-1
2018135591342,1,9,0,9,0,2,0,0,0,0,4,1,1,2,40,7,998,1,1,5,2,5
2018135591342,2,3,0,18,0,1,0,0,0,0,1,1,1,1,17,4,-1,-1,-1,5,1,5
2018135591391,1,1,0,18,0,0,0,0,0,0,1,1,6,1,22,5,-1,-1,-1,1,1,1
2018135591391,2,9,0,18,0,0,0,0,0,0,1,1,6,2,32,6,1364,1,11,4,1,4
2018135591416,1,19,0,18,0,1,0,0,0,0,1,1,2,1,28,6,1968,2,7,9,2,9
2018135591416,2,3,0,3,0,1,0,0,0,0,2,1,2,1,31,6,-1,-1,-1,1,1,1
2018135591481,1,9,0,14,0,8,0,0,0,0,1,1,6,1,28,6,1499,1,2,10,1,10
2018135591481,2,3,0,9,0,8,0,0,0,0,3,1,6,1,17,4,125,1,3,8,1,8
2018135591852,1,19,0,18,0,0,0,0,0,0,4,1,1,1,48,8,2148,2,11,5,1,5
2018135591998,1,9,0,18,0,0,0,0,0,0,3,1,6,3,-1,-1,1997,2,11,-1,-1,-1
2018135591998,2,9,0,18,0,0,0,0,0,0,3,1,6,1,18,4,1388,1,14,7,3,7
2018135592012,1,9,0,18,0,0,0,0,0,0,1,1,6,1,34,6,2967,2,12,4,1,4
2018135592012,2,9,0,3,0,0,0,0,0,0,2,1,6,1,22,5,1598,1,6,3,1,3
20181355A0266,1,9,0,7,0,0,0,0,0,0,4,1,6,1,20,4,1360,1,10,8,1,8
20181355A0266,2,1,0,18,0,0,0,0,0,0,3,1,6,1,40,7,-1,-1,-1,5,1,5
20181355A0299,1,2,0,15,0,1,0,0,0,0,1,1,2,1,57,9,198,1,17,4,1,4
20181355A0299,2,9,0,9,0,5,0,0,0,0,3,1,2,1,29,6,1398,1,3,7,1,7
20181355A0321,1,9,0,18,0,0,0,0,0,0,1,1,6,2,22,5,999,1,3,3,1,3
20181355A0321,2,3,0,18,0,0,0,0,0,0,2,1,6,1,32,6,124,1,1,3,1,3
20181355A0321,3,9,0,18,0,0,0,0,0,0,2,1,6,1,59,9,1598,1,11,1,1,1
20181355A0341,1,9,0,9,0,6,0,0,3,1,3,1,3,1,49,8,1598,1,4,2,1,2
20181355A0341,2,9,0,17,0,1,0,0,7,0,1,1,6,1,77,11,1388,1,9,6,3,6
20181355A0349,1,19,0,5,0,8,0,0,0,0,1,1,6,1,60,9,1560,2,5,6,3,6
20181355A0349,2,9,0,18,0,8,0,0,0,0,1,1,6,2,47,8,1242,1,7,6,2,6
20181355A0355,1,21,1,11,0,0,0,0,0,0,4,1,1,1,34,6,12809,2,1,2,1,2
20181355A0355,2,9,0,18,0,0,1,0,5,6,3,1,6,2,72,10,899,1,3,7,3,7
20181355A0355,3,9,0,18,0,0,0,0,0,0,1,1,1,2,54,8,1461,2,5,8,1,8
20181355A0397,1,19,0,5,0,0,0,0,0,0,3,1,1,1,29,6,1598,2,2,-1,-1,-1
20181355A0397,2,9,0,18,0,0,1,4,0,0,4,1,6,2,49,8,1400,2,11,3,1,3
20181355A0397,3,9,0,2,0,0,0,0,0,0,3,1,6,3,34,6,1496,2,2,-1,-1,-1
20181355A0417,1,9,0,6,0,6,0,0,0,0,3,1,2,2,51,8,1398,1,6,10,2,10
20181355A0417,2,5,0,18,0,8,0,0,0,0,1,1,6,1,40,7,-1,-1,-1,6,1,6
20181355A0428,1,19,0,5,0,1,0,0,0,0,4,1,6,1,39,7,1248,2,4,1,1,1
20181355A0428,2,1,0,18,0,8,0,0,0,0,1,1,6,1,17,4,-1,-1,-1,3,1,3
20181355A0524,1,9,0,18,0,1,0,0,0,0,1,1,6,1,-1,-1,1994,1,17,-1,-1,-1
20181355A0524,2,9,0,18,0,1,0,0,0,0,1,1,6,2,67,10,996,1,5,7,1,7
20181355A0524,3,9,0,18,0,1,0,0,0,0,0,1,1,1,50,8,2993,2,2,6,1,6
20181355A0597,1,9,0,18,0,6,0,0,0,0,1,1,6,2,27,6,998,1,19,1,1,1
20181355A0597,2,9,0,18,0,8,0,0,0,0,4,1,6,2,53,8,1591,1,9,6,1,6
20181355A0808,1,9,0,18,0,8,0,0,0,0,1,1,6,1,38,7,-1,-1,-1,-1,-1,-1
20181355A0808,2,1,0,4,0,8,5,0,0,0,1,1,6,1,41,7,-1,-1,-1,8,1,8
20181355A0964,1,9,0,1,0,7,0,0,0,0,2,1,2,1,31,6,1590,1,14,3,1,3
20181355A1219,1,9,0,7,0,5,0,0,0,0,4,1,6,1,24,5,-1,-1,-1,5,2,5
20181355A1219,2,1,0,18,0,8,0,0,0,0,1,1,2,1,42,7,-1,-1,-1,3,1,3
20181355A1317,1,9,0,7,0,0,0,0,0,0,1,1,2,2,20,4,1242,1,7,8,2,8
20181355A1317,2,9,0,9,0,0,1,0,0,0,1,1,2,1,68,10,-1,-1,-1,5,1,5
20181355A1468,1,9,0,18,0,0,0,0,0,0,4,1,6,2,28,6,1242,1,10,9,1,9
20181355A1743,1,1,0,18,0,8,5,0,0,0,1,1,6,1,36,7,-1,-1,-1,1,1,1
20181355A1743,2,9,0,18,0,8,0,0,0,0,3,1,1,1,53,8,998,1,14,1,1,1
20181355A1757,1,9,0,4,0,1,0,0,0,0,2,1,6,1,32,6,2143,2,5,-1,-1,-1
20181355A1757,2,9,0,4,0,1,0,0,0,0,1,1,6,1,36,7,1560,2,2,9,1,9
20181355A1872,1,1,0,18,0,0,0,0,0,0,1,1,6,1,20,4,-1,-1,-1,2,1,2
20181355B0076,1,9,0,18,0,0,5,0,0,0,1,1,6,1,19,4,1242,1,10,1,1,1
20181355B0076,2,9,0,2,0,0,0,0,8,0,1,1,6,1,-1,-1,1992,2,12,-1,-1,-1
20181355B0192,1,90,0,1,9,0,0,0,0,0,2,1,1,1,25,5,-1,-1,-1,2,1,2
20181355B0472,1,1,0,18,0,1,5,0,0,0,3,1,1,2,24,5,-1,-1,-1,1,1,1
20181355B0472,2,9,0,7,0,1,0,0,0,0,4,1,6,3,-1,-1,-1,-1,-1,-1,-1,-1
20181355B0754,1,9,0,18,0,8,5,0,3,11,1,1,6,2,68,10,1339,1,14,9,1,9
20181355B0774,1,9,0,16,0,0,0,0,0,0,1,1,6,1,25,5,1299,1,13,3,1,3
20181355B0774,2,9,0,2,0,0,0,0,0,0,2,1,6,1,65,9,1986,2,11,3,1,3
20181355B1045,1,3,0,18,0,1,0,0,0,0,1,1,6,1,23,5,124,1,8,1,1,1
20181355B1045,2,9,0,10,0,1,0,0,0,0,1,1,6,2,19,4,1364,1,9,5,1,5
20181355B1045,3,19,0,10,0,1,0,0,0,0,3,1,6,1,27,6,1896,2,11,7,1,7
20181355B1122,1,11,0,2,0,8,0,0,0,0,0,1,1,2,52,8,9600,2,18,10,3,10
20181355B1398,1,9,0,7,0,1,0,0,1,2,1,1,6,2,83,11,1997,2,8,7,1,7
20181355B1398,2,21,1,18,0,1,0,0,0,0,4,1,1,1,34,6,12777,2,5,-1,-1,-1
20181355B1414,1,9,0,18,0,0,0,0,0,0,1,1,1,2,22,5,1242,1,6,6,1,6
20181355B1491,1,9,0,9,0,6,0,0,0,0,3,1,6,2,39,7,1499,2,1,1,1,1
20181355B1491,2,9,0,18,0,1,0,0,0,0,0,1,6,2,23,5,1248,2,6,6,1,6
20181355B1641,1,9,0,18,0,6,0,0,0,0,1,1,6,1,29,6,1598,2,-1,2,1,2
20181355B1641,2,9,0,18,0,8,0,0,7,11,4,1,6,1,25,5,1299,1,16,1,1,1
20181355B1734,1,9,0,18,0,8,0,0,0,0,1,1,6,2,20,4,998,1,7,5,3,5
20181355B1734,2,9,0,18,0,8,0,0,0,0,4,1,6,1,19,4,1595,1,10,4,1,4
20181355B1972,1,9,0,18,0,1,0,0,0,0,4,1,6,1,-1,-1,1991,1,19,8,1,8
20181355B1972,2,1,0,18,0,1,0,0,0,0,1,1,6,1,14,3,-1,-1,-1,8,1,8
20181355C0180,1,19,0,18,0,0,0,0,0,3,1,1,6,1,35,6,1753,2,15,4,1,4
20181355C0192,1,9,0,18,0,4,0,0,0,0,3,1,6,1,19,4,1596,1,15,1,1,1
20181355C0192,2,9,0,18,0,4,0,7,0,0,1,1,6,1,38,7,1968,2,7,1,1,1
20181355C0223,1,2,0,4,0,0,1,0,0,0,0,1,6,1,19,4,124,1,13,1,1,1
20181355C0276,1,3,0,17,0,0,0,0,0,0,3,1,6,1,19,4,124,1,1,9,2,9
20181355C0276,2,9,0,16,0,0,0,0,0,0,3,1,6,1,38,7,-1,-1,-1,-1,-1,-1
20181355C0614,1,9,0,1,0,0,0,0,0,0,2,1,6,1,26,6,898,1,3,3,3,3
20181355C0897,1,9,0,18,0,1,0,0,0,0,4,1,6,1,18,4,2998,1,-1,1,1,1
20181355C0897,2,9,0,18,0,1,0,0,0,0,1,1,1,1,42,7,-1,-1,-1,1,1,1
20181355C0897,3,9,0,18,0,1,0,0,0,0,1,1,1,1,30,6,2993,2,1,6,1,6
20181355C0902,1,9,0,18,0,0,0,0,0,0,2,1,6,1,40,7,2231,2,10,8,1,8
20181355C0902,2,9,0,18,0,0,0,0,0,0,1,1,6,3,-1,-1,-1,-1,-1,-1,-1,-1
20181355C0941,1,11,0,4,0,0,0,0,0,0,0,1,1,1,29,6,6692,2,6,1,1,1
20181355C1085,1,9,0,18,0,0,0,0,0,0,1,1,6,3,-1,-1,-1,-1,-1,-1,-1,-1
20181355C1200,1,5,0,18,0,0,1,0,7,9,3,1,6,1,28,6,675,1,4,3,1,3
20181355C2138,1,9,0,16,0,0,0,6,0,0,4,1,6,1,29,6,2979,1,11,1,1,1
20181355D0656,1,9,0,18,0,0,0,0,0,0,4,1,6,1,21,5,1591,1,5,10,2,10
20181355D0656,2,9,0,18,0,0,2,0,2,7,3,1,6,1,23,5,998,1,16,5,1,5
20181355D0749,1,9,0,18,0,4,0,0,0,0,1,1,6,1,32,6,2148,2,15,6,1,6
20181355D0749,2,9,0,3,0,4,0,0,0,0,2,1,6,1,31,6,1997,2,15,1,1,1
20181355D0918,1,9,0,18,0,0,0,0,0,0,2,1,1,1,35,6,1582,2,8,-1,-1,-1
20181355D0918,2,19,0,18,0,0,0,0,0,0,3,1,6,3,-1,-1,-1,-1,-1,2,1,2
20181355D1144,1,9,0,18,9,5,0,0,1,11,1,1,6,1,35,6,1910,2,11,2,1,2
20181355D1383,1,8,0,18,0,0,0,0,0,0,1,1,6,1,50,8,1364,2,4,-1,-1,-1
20181355D1383,2,9,0,18,0,0,0,0,0,0,1,1,6,2,49,8,1396,1,8,6,1,6
20181355D1491,1,8,0,9,0,1,0,0,0,0,4,1,1,1,32,6,1968,2,9,5,1,5
20181355D1825,1,9,0,18,0,1,0,0,0,0,1,1,6,2,22,5,1398,1,2,8,1,8
20181355D1825,2,9,0,18,0,1,0,0,0,0,2,1,6,2,39,7,1997,1,10,-1,-1,-1
20181355D1999,1,3,0,18,0,8,0,0,0,0,1,1,6,1,25,5,124,1,12,2,1,2
20181355D1999,2,9,0,18,0,8,0,0,0,0,3,1,6,1,-1,-1,1332,1,20,-1,-1,-1
20181355E0129,1,9,0,7,0,5,1,0,7,1,1,1,1,1,28,6,1560,2,1,1,1,1
20181355E0430,1,19,0,6,0,1,0,0,0,0,2,1,6,3,-1,-1,-1,-1,-1,-1,-1,-1
20181355E0430,2,5,0,18,0,1,0,0,0,0,1,1,2,1,31,6,779,1,6,6,1,6
20181355E1052,1,9,0,8,0,1,0,0,0,0,1,1,6,1,22,5,1360,1,13,2,1,2
20181355E1207,1,9,0,16,0,0,0,0,0,0,1,1,6,2,37,7,1598,2,3,7,1,7
20181355E1207,2,9,0,17,0,0,0,0,0,0,1,1,6,1,33,6,1984,1,5,8,3,8
20181355E1207,3,19,0,17,0,0,0,0,0,0,1,1,6,1,37,7,1997,2,1,2,1,2