Accident_Index,Vehicle_Reference,Vehicle_Type,Towing_and_Articulation,Vehicle_Manoeuvre,Vehicle_Location-Restricted_Lane,Junction_Location,Skidding_and_Overturning,Hit_Object_in_Carriageway,Vehicle_Leaving_Carriageway,Hit_Object_off_Carriageway,1st_Point_of_Impact,Was_Vehicle_Left_Hand_Drive?,Journey_Purpose_of_Driver,Sex_of_Driver,Age_of_Driver,Age_Band_of_Driver,Engine_Capacity_(CC),Propulsion_Code,Age_of_Vehicle,Driver_IMD_Decile,Driver_Home_Area_Type,Vehicle_IMD_Decile
20181355E1574,1,1,0,18,0,8,5,0,0,0,3,1,6,1,21,5,-1,-1,-1,7,1,7
20181355E1574,2,9,0,9,0,8,0,0,0,0,1,1,6,2,29,6,1242,1,5,5,1,5
20181355E1583,1,1,0,15,0,8,5,0,0,0,1,1,6,1,39,7,-1,-1,-1,7,1,7
20181355E1583,2,9,0,7,0,8,0,0,0,0,4,1,6,2,37,7,998,1,11,10,1,10
20181355E1727,1,9,0,18,0,0,0,0,0,0,1,1,6,2,23,5,1398,1,1,2,1,2
20181355E1727,2,1,0,12,0,0,0,0,0,0,3,1,6,2,22,5,-1,-1,-1,4,1,4
20181355E2037,1,9,0,9,0,1,0,0,0,0,1,1,6,2,19,4,998,1,10,-1,-1,-1
20181355E2037,2,5,0,18,0,1,0,0,0,0,0,1,6,1,38,7,-1,-1,-1,1,1,1
20181355F0301,1,9,0,18,0,0,0,0,0,0,4,1,6,1,41,7,1998,8,2,3,1,3
20181355F0740,1,9,0,7,0,6,0,0,0,0,1,1,6,1,27,6,2494,2,8,1,1,1
20181355F0740,2,9,0,18,0,1,0,0,0,0,1,1,6,2,38,7,1229,1,10,6,1,6
20181355F0771,1,9,0,10,0,0,0,0,0,0,3,1,6,2,45,7,1995,2,5,7,1,7
20181355F0771,2,21,1,17,0,0,0,0,0,0,1,1,1,1,33,6,12740,2,5,-1,-1,-1
20181355F0863,1,21,0,14,0,0,0,0,0,0,0,1,1,1,50,8,3920,2,13,1,1,1
20181355F0863,2,9,0,2,0,0,0,0,0,0,0,1,6,2,51,8,1149,1,12,1,1,1
20181355F1041,1,11,0,4,0,4,0,0,0,0,0,1,1,1,47,8,-1,-1,-1,1,1,1
20181355F1041,2,9,0,18,0,8,0,0,0,0,0,1,6,3,-1,-1,-1,-1,-1,-1,-1,-1
20181355F1400,1,9,0,14,0,0,0,0,0,0,1,1,6,2,37,7,1493,2,8,1,1,1
20181355F1408,1,9,0,18,0,0,0,0,0,0,4,1,1,2,54,8,3222,2,14,5,1,5
20181355F1519,1,9,0,7,0,4,0,0,0,0,1,1,6,1,-1,-1,-1,-1,-1,3,1,3
20181355F1579,1,9,0,18,0,3,1,0,0,0,3,1,6,1,24,5,1300,1,26,6,1,6
20181355F1579,2,19,0,18,0,4,0,0,0,0,3,1,1,1,45,7,2198,2,6,4,1,4
20181355F1579,3,9,0,18,0,1,0,0,0,0,1,1,6,2,54,8,1198,1,-1,6,1,6
20181355F1815,1,9,0,18,0,0,0,0,8,11,1,1,6,2,22,5,1596,1,14,3,1,3
20181355F1815,2,9,0,18,0,0,0,0,0,0,1,1,6,2,18,4,1422,2,14,2,1,2
20181355F1832,1,2,0,18,0,0,2,0,0,0,0,1,6,1,57,9,125,1,-1,8,1,8
20181355F1860,1,9,0,18,0,0,0,0,0,0,4,1,6,1,46,8,2401,2,16,7,1,7
20181355G0193,1,4,0,18,0,0,2,0,7,0,4,1,6,1,-1,-1,-1,-1,-1,-1,-1,-1
20181355G0193,2,19,0,18,0,0,0,0,0,0,3,1,6,1,26,6,1399,2,9,3,3,3
20181355G0367,1,1,0,18,0,8,5,0,0,0,1,1,6,1,34,6,-1,-1,-1,1,1,1
20181355G0367,2,9,0,18,0,8,0,0,0,0,4,1,6,2,20,4,1388,1,8,1,1,1
20181355G0377,1,9,0,4,0,0,0,0,0,0,2,1,1,2,30,6,1598,2,3,10,1,10
20181355G0377,2,9,0,4,0,0,0,0,0,0,2,1,1,1,31,6,1968,2,-1,8,1,8
20181355G0377,3,19,0,4,0,0,0,0,0,0,1,1,1,1,26,6,1968,2,2,6,3,6
20181355G0573,1,21,1,11,0,8,0,0,0,0,4,1,1,1,60,9,10837,2,1,10,3,10
20181355G0573,2,1,0,18,0,8,0,0,0,0,3,1,6,1,39,7,-1,-1,-1,2,1,2
20181355G0761,1,9,0,18,9,0,0,0,7,11,1,1,6,1,72,10,1339,1,9,1,1,1
20181355G0761,2,9,0,2,0,0,0,0,0,0,1,1,1,1,61,9,-1,-1,-1,7,1,7
20181355G0761,3,9,0,2,0,0,0,0,0,0,1,1,1,1,57,9,2720,2,9,5,1,5
20181355G0761,4,9,0,2,0,0,0,0,0,0,3,1,6,1,39,7,2179,2,7,1,1,1
20181355G0995,1,9,0,15,0,1,0,0,1,11,1,1,2,2,49,8,1242,1,5,3,1,3
20181355G0995,2,9,0,10,0,5,0,0,0,0,2,1,1,1,47,8,1198,1,15,5,1,5
20181355G1087,1,9,0,11,0,0,0,0,0,0,1,1,6,2,29,6,1799,1,8,1,1,1
20181355G1087,2,9,0,18,0,0,0,0,0,0,2,1,6,2,29,6,1388,1,8,4,1,4
20181355G1500,1,9,0,4,0,0,0,0,0,0,1,1,6,2,34,6,1499,2,2,2,1,2
20181355G1500,2,9,0,4,0,0,0,0,0,0,2,1,6,1,37,7,1598,1,11,2,2,2
20181355G1500,3,9,0,4,0,0,0,0,0,0,2,1,6,1,28,6,1240,1,13,4,1,4
20181355G1604,1,19,0,18,0,8,0,0,0,0,1,1,6,1,36,7,2198,2,4,1,1,1
20181355G1741,1,9,0,5,0,0,0,0,0,0,1,1,6,1,56,9,1896,2,13,5,2,5
20181355G1741,2,1,0,17,0,0,0,0,0,0,1,1,1,1,30,6,-1,-1,-1,8,1,8
20181355G2054,1,9,0,17,0,0,5,0,1,11,3,1,6,1,19,4,1229,1,13,5,2,5
20181355H0243,1,9,0,18,0,1,1,0,1,10,1,1,1,2,25,5,2480,1,-1,-1,-1,-1
20181355H0243,2,19,0,9,0,5,0,0,0,0,0,1,1,3,-1,-1,-1,-1,-1,-1,-1,-1
20181355H0243,3,9,0,18,0,1,0,0,0,0,1,1,1,1,51,8,1061,1,13,-1,-1,-1
20181355H0331,1,21,0,1,0,6,0,0,0,0,3,1,1,1,51,8,4250,2,12,1,1,1
20181355H0331,2,9,0,18,0,8,0,0,0,0,4,1,1,1,54,8,1422,2,3,5,1,5
20181355H0390,1,9,0,3,0,0,0,0,0,0,2,1,6,1,27,6,1198,1,13,6,1,6
20181355H0390,2,9,0,18,0,0,0,0,0,0,1,1,6,1,22,5,1229,1,4,-1,-1,-1
20181355H0788,1,9,0,18,0,1,0,0,0,0,3,1,6,1,54,8,-1,-1,-1,3,1,3
20181355H0788,2,21,1,18,0,1,0,0,0,0,4,1,1,1,28,6,-1,-1,-1,-1,-1,-1
20181355H0839,1,9,0,8,0,8,0,10,0,0,3,1,6,1,80,11,1995,2,7,10,1,10
20181355H0839,2,9,0,18,0,1,0,0,0,0,1,1,2,1,44,7,2143,2,4,10,1,10
20181355H0839,3,9,0,1,9,6,0,0,0,0,2,1,6,1,53,8,1968,2,5,-1,-1,-1
20181355H1114,1,5,0,18,0,8,2,0,0,0,1,1,6,1,33,6,599,1,23,7,3,7
20181355H1114,2,9,0,9,0,6,0,0,0,0,3,1,6,2,40,7,1496,1,1,6,3,6
20181355H1332,1,9,0,18,0,0,0,0,0,0,1,1,6,1,76,11,1753,2,9,4,1,4
20181355H1332,2,9,0,18,0,0,0,0,0,0,2,1,2,2,26,6,1200,1,6,3,1,3
20181355H1377,1,9,0,7,0,1,0,0,0,0,4,1,6,1,48,8,1998,2,13,3,1,3
20181355H1377,2,1,0,18,0,1,0,0,0,0,3,1,2,1,22,5,-1,-1,-1,-1,-1,-1
20181355H1417,1,9,0,3,0,2,0,0,0,0,2,1,2,2,37,7,1560,2,5,9,1,9
20181355H1417,2,9,0,18,0,2,0,0,0,0,1,1,6,3,-1,-1,-1,-1,-1,-1,-1,-1
20181355H1502,1,4,0,18,0,2,1,0,7,11,1,1,6,1,15,3,487,1,20,2,1,2
20181355H1572,1,9,0,4,0,0,0,0,0,0,1,1,6,3,-1,-1,-1,-1,-1,-1,-1,-1
20181355H1572,2,9,0,4,0,0,0,0,0,0,2,1,6,1,47,8,1598,2,7,5,1,5
20181355H1613,1,9,0,18,0,8,0,0,0,0,4,1,6,2,32,6,1560,2,4,6,1,6
20181355H1613,2,19,0,7,0,1,0,0,0,0,1,1,6,3,-1,-1,1995,2,-1,-1,-1,-1
20181355H1637,1,9,0,1,0,1,0,0,0,0,2,1,6,1,31,6,2993,2,4,5,1,5
20181355H1637,2,9,0,2,0,1,0,0,0,0,1,1,6,2,24,5,1242,1,-1,4,1,4
20181355H1806,1,9,0,18,0,8,0,0,0,0,1,1,6,1,-1,-1,-1,-1,-1,-1,-1,-1
20181355H1806,2,9,0,18,0,8,0,0,0,0,4,1,6,2,45,7,1995,2,12,-1,-1,-1
20181355H1878,1,1,0,18,0,0,0,0,0,0,1,1,6,1,8,2,-1,-1,-1,3,1,3
20181355H1878,2,9,0,18,0,0,0,0,0,0,3,1,6,2,27,6,1598,2,2,3,1,3
20181355I0214,1,9,0,16,0,1,1,0,0,0,1,1,2,1,29,6,2993,2,3,3,1,3
20181355I0214,2,21,0,5,0,6,0,0,0,0,3,1,1,1,27,6,-1,-1,-1,4,1,4
20181355I0393,1,9,0,18,0,0,0,0,0,0,3,1,6,2,32,6,1248,1,9,9,1,9
20181355I0440,1,4,0,9,0,1,0,0,0,0,3,1,6,2,54,8,499,1,11,1,1,1
20181355I0440,2,19,0,18,0,1,0,0,0,0,4,1,1,1,63,9,2198,2,2,9,2,9
20181355I0440,3,4,0,18,0,1,0,0,0,0,0,1,6,1,55,8,998,1,11,1,1,1
20181355I0601,1,21,1,5,0,0,0,0,0,0,4,1,1,1,31,6,-1,-1,-1,-1,-1,-1
20181355I0757,1,9,0,4,0,6,0,0,0,0,2,1,6,2,51,8,1753,2,15,9,1,9
20181355I0757,2,9,0,4,0,6,0,0,0,0,1,1,6,2,71,10,1149,1,16,7,2,7
20181355I0865,1,9,0,1,0,0,0,0,0,0,2,1,6,1,20,4,1968,2,11,9,1,9
20181355I1230,1,9,0,7,0,5,0,0,0,0,4,1,6,2,62,9,1149,1,15,5,1,5
20181355I1230,2,1,0,18,0,8,0,0,0,0,1,1,6,2,18,4,-1,-1,-1,7,1,7
20181355I1276,1,9,0,3,0,0,0,0,0,0,2,1,6,2,37,7,998,1,8,6,1,6
20181355I1276,2,90,0,4,0,0,0,0,0,0,1,1,6,1,-1,-1,-1,-1,-1,-1,-1,-1
20181355I1341,1,9,0,9,0,8,0,0,0,0,3,1,6,1,41,7,1798,8,1,7,1,7
20181355I1341,2,9,0,18,0,8,0,0,0,0,1,1,6,1,26,6,1686,2,4,3,1,3
20181355I1495,1,9,0,18,0,1,0,0,0,0,4,1,6,1,22,5,998,1,9,8,1,8
20181355I1495,2,9,0,18,0,1,0,0,0,0,1,1,6,2,17,4,1242,1,8,-1,-1,-1
20181355I1590,1,9,0,4,0,0,0,0,0,0,1,1,6,1,48,8,1896,2,13,7,1,7
20181355I1590,2,9,0,4,0,0,0,0,0,0,2,1,6,1,42,7,1991,2,10,8,2,8
20181355I1762,1,9,0,18,0,0,1,10,0,11,1,1,6,1,25,5,1390,1,10,1,1,1
20181355I1804,1,9,0,4,0,0,0,0,0,0,1,1,1,1,23,5,-1,-1,-1,5,1,5
20181355I1804,2,9,0,2,0,0,0,0,0,0,0,1,6,3,31,6,-1,-1,-1,-1,-1,-1
20181355I1804,3,9,0,2,0,0,0,0,0,0,0,1,6,3,41,7,-1,-1,-1,-1,-1,-1
20181355I1816,1,9,0,18,0,1,0,0,0,0,1,1,6,1,59,9,1498,1,8,9,1,9
20181355I1816,2,9,0,18,0,1,0,0,0,0,1,1,6,1,32,6,-1,-1,-1,6,1,6
20181355I2266,1,9,0,18,0,8,0,0,0,0,4,1,6,1,20,4,-1,-1,-1,-1,-1,-1
20181355I2266,2,1,0,18,0,1,0,0,0,0,0,1,2,1,20,4,-1,-1,-1,2,1,2
20181355J0094,1,9,0,9,0,1,0,0,0,0,1,1,6,1,18,4,1586,1,10,1,1,1
20181355J0094,2,4,0,18,0,1,0,0,0,0,1,1,6,1,18,4,124,1,12,2,1,2
20181355J0668,1,9,0,18,0,0,0,0,0,0,1,1,6,1,20,4,2000,2,14,2,1,2
20181355J0668,2,9,0,18,0,0,0,0,0,0,1,1,6,2,55,8,1199,2,5,2,1,2
20181355J1124,1,9,0,18,0,0,1,0,4,6,1,1,6,2,36,7,1968,2,12,5,1,5
20181355J1124,2,9,0,13,0,0,1,0,0,0,3,1,6,2,47,8,1200,1,2,9,1,9
20181355J1306,1,9,0,18,0,0,0,0,0,0,1,1,6,2,68,10,1560,2,7,3,1,3
20181355J1340,1,1,0,18,0,8,5,0,0,0,1,1,6,1,67,10,-1,-1,-1,9,1,9
20181355J1340,2,9,0,18,0,4,0,0,0,0,1,1,6,2,27,6,1596,1,12,2,1,2
20181355J1383,1,9,0,9,0,6,0,0,0,0,1,1,6,2,67,10,1461,2,1,6,3,6
20181355J1383,2,9,0,18,0,1,0,0,7,11,1,1,6,2,60,9,1560,2,7,5,2,5
20181355J1450,1,9,0,6,0,1,0,0,0,0,1,1,6,2,42,7,1149,1,14,2,1,2
20181355J1450,2,3,0,13,0,1,0,0,0,0,1,1,6,1,22,5,-1,-1,-1,1,1,1
20181355J1548,1,9,0,18,0,4,0,0,0,0,2,1,6,2,37,7,1197,1,4,4,1,4
20181355J1548,2,9,0,18,0,4,0,0,0,0,1,1,6,2,46,8,1995,2,13,4,1,4
20181355J1649,1,9,0,18,0,0,0,0,0,0,3,1,6,2,28,6,-1,-1,-1,-1,-1,-1
20181355J1862,1,8,0,18,0,8,0,0,0,0,1,1,1,1,55,8,1998,2,8,2,1,2
20181355J1862,2,9,0,9,0,8,0,0,0,0,4,1,6,1,32,6,1968,2,5,7,1,7
20181355J2098,1,9,0,5,0,2,0,0,0,0,3,1,6,1,-1,-1,1910,2,12,-1,-1,-1
20181355J2098,2,9,0,18,0,2,0,0,0,0,4,1,6,1,22,5,1968,2,3,2,1,2
20181355J2155,1,9,0,18,0,1,2,0,2,11,2,1,1,1,39,7,1229,1,9,1,1,1
20181355J2155,2,9,0,18,0,1,0,0,0,0,1,1,6,1,34,6,1386,1,15,-1,-1,-1
20181355K0040,1,8,0,18,0,0,0,0,0,0,0,1,1,1,53,8,1598,2,6,9,1,9
20181355K0525,1,9,0,18,0,8,0,0,0,0,1,1,6,2,38,7,1796,1,17,2,1,2
20181355K0525,2,9,0,5,0,8,0,0,0,0,1,1,6,1,36,7,1997,2,4,7,1,7
20181355K0609,1,9,0,18,0,0,0,0,0,0,4,1,6,1,17,4,1198,1,13,10,1,10
20181355K0609,2,1,0,18,0,0,0,0,0,0,3,1,6,2,56,9,-1,-1,-1,10,2,10
20181355K0609,3,1,0,18,0,0,0,0,0,0,3,1,6,1,66,10,-1,-1,-1,9,1,9
20181355K0929,1,9,0,9,0,8,0,0,0,0,3,1,6,1,46,8,1896,2,10,2,1,2
20181355K0929,2,9,0,18,0,8,5,0,0,0,1,1,6,1,17,4,1242,1,8,2,1,2
20181355K1112,1,9,0,18,0,8,0,0,0,0,1,1,6,1,39,7,1968,2,11,2,1,2
20181355K1112,2,9,0,18,0,8,0,0,0,0,3,1,6,1,45,7,1395,1,2,5,1,5
20181355K1130,1,9,0,5,0,0,0,0,0,0,4,1,6,2,28,6,1968,2,6,3,1,3
20181355K1139,1,9,0,18,0,1,0,0,0,0,1,1,6,3,-1,-1,-1,-1,-1,-1,-1,-1
20181355K1169,1,9,0,18,0,0,0,0,0,0,1,1,6,2,50,8,1968,2,10,10,1,10
20181355K1169,2,9,0,4,0,0,0,0,0,0,2,1,6,1,32,6,2979,1,3,7,1,7
20181355K1202,1,9,0,18,0,1,0,0,0,0,1,1,6,2,49,8,2198,2,11,1,1,1
20181355K1202,2,1,0,9,1,2,0,0,0,0,3,1,6,1,44,7,-1,-1,-1,1,1,1
20181355K1261,1,1,0,18,0,8,0,0,0,0,1,1,6,1,4,1,-1,-1,-1,2,1,2
20181355K1261,2,9,0,18,0,8,0,0,0,0,4,1,6,1,22,5,1043,1,26,3,1,3
20181355K1279,1,19,0,4,0,1,0,0,0,0,1,1,6,2,67,10,1499,2,1,8,1,8
20181355K1279,2,5,0,4,0,1,0,0,0,0,2,1,6,1,56,9,790,1,17,8,1,8
20181355K1279,3,9,0,18,0,8,0,0,0,0,0,1,1,2,47,8,-1,-1,-1,-1,-1,-1
20181355K1443,1,9,0,18,0,0,0,0,1,4,1,1,6,2,22,5,1998,1,8,1,1,1
20181355K1472,1,9,0,18,0,2,0,0,0,0,2,1,6,2,34,6,1997,1,16,2,1,2
20181355K1472,2,9,0,18,0,2,0,0,0,0,1,1,6,1,-1,-1,2198,2,12,-1,-1,-1
20181355K1795,1,19,0,18,0,8,0,0,0,0,1,1,6,3,-1,-1,1598,2,2,-1,-1,-1
20181355K1795,2,9,0,18,0,8,0,0,0,0,3,1,6,2,24,5,1968,2,9,1,1,1
20181355L0219,1,9,0,18,0,8,5,10,8,10,1,1,2,1,26,6,1997,2,10,5,2,5
20181355L0313,1,9,0,9,0,5,0,0,0,0,1,1,2,1,24,5,1598,1,13,5,1,5
20181355L0313,2,9,0,18,0,1,0,0,0,0,1,1,1,2,52,8,1198,1,5,9,2,9
20181355L0313,3,9,0,9,0,5,0,0,0,0,1,1,2,2,28,6,1197,1,1,6,1,6
20181355L0313,4,20,0,9,0,6,0,0,0,0,1,1,1,1,25,5,3920,2,12,2,1,2
20181355L0514,1,9,0,5,0,0,0,0,0,0,4,1,6,2,75,10,1587,1,18,9,1,9
20181355L1027,1,9,0,18,0,0,0,0,0,0,1,1,6,1,31,6,1995,2,14,6,1,6
20181355L1027,2,9,0,4,0,0,0,0,0,0,2,1,6,1,34,6,1910,2,10,1,1,1
20181355L1179,1,9,0,9,0,1,0,0,0,0,4,1,6,1,83,11,1242,1,12,2,1,2
20181355L1179,2,9,0,18,0,1,0,0,0,0,1,1,1,1,34,6,1598,2,5,-1,-1,-1
20181355L1204,1,9,0,5,0,2,0,0,0,0,3,1,3,1,74,10,1388,1,11,3,1,3
20181355L1204,2,19,0,3,0,1,0,0,0,0,3,1,2,1,27,6,2198,2,3,3,1,3
20181355L1204,3,9,0,3,0,1,0,0,0,0,3,1,6,2,33,6,1499,1,1,8,1,8
20181355L1227,1,9,0,18,0,1,1,0,0,0,2,1,6,1,20,4,1397,1,11,-1,-1,-1
20181355L1227,2,9,0,7,0,8,0,0,0,0,3,1,6,2,45,7,1598,2,6,-1,-1,-1
20181355L1229,1,1,0,13,0,8,0,0,0,0,1,1,6,1,13,3,-1,-1,-1,4,1,4
20181355L1229,2,8,0,9,0,8,0,0,0,0,3,1,1,1,38,7,1560,2,5,4,1,4
20181355L1403,1,9,0,14,0,8,0,0,0,0,3,1,6,1,71,10,1596,1,7,4,3,4
20181355L1403,2,9,0,18,0,8,0,0,0,0,4,1,6,2,58,9,1360,1,15,8,1,8
20181355L1454,1,21,1,12,0,0,0,0,0,0,1,1,1,1,59,9,10677,2,-1,3,1,3
20181355L1454,2,9,0,4,0,0,0,0,0,0,2,1,2,2,36,7,1968,2,3,8,1,8
20181355L1454,3,9,0,14,0,0,0,0,0,0,0,1,2,2,31,6,1248,1,5,10,1,10
20181355L1463,1,9,0,9,0,0,0,0,0,0,3,1,6,1,28,6,999,1,1,4,1,4
20181355L1463,2,3,0,13,0,0,5,0,0,0,1,1,6,1,22,5,125,1,1,8,1,8
20181355L1606,1,9,0,18,0,0,0,0,0,0,1,1,6,1,29,6,1998,2,8,5,1,5
20181355L1606,2,9,0,4,0,0,0,0,0,0,2,1,6,2,74,10,1198,1,2,5,1,5
20181355L1606,3,9,0,4,0,0,0,0,0,0,2,1,6,1,27,6,998,1,4,9,1,9
20181355L1702,1,9,0,18,0,1,0,0,0,0,1,1,6,1,34,6,1997,2,13,-1,-1,-1
20181355L1702,2,9,0,9,0,1,0,0,0,0,4,1,6,2,56,9,1560,2,7,-1,-1,-1
20181355L1702,3,9,0,3,0,1,0,0,0,0,2,1,6,1,28,6,1995,2,2,-1,-1,-1
20181355L1702,4,9,0,3,0,1,0,0,0,0,2,1,6,1,58,9,2179,2,9,-1,-1,-1
20181355L1917,1,1,0,18,0,8,0,0,0,0,2,1,6,1,23,5,-1,-1,-1,3,1,3
20181355L1917,2,9,0,7,0,8,0,0,0,0,3,1,6,3,-1,-1,-1,-1,-1,-1,-1,-1
20181355L2017,1,3,0,18,0,0,0,0,0,0,0,1,6,1,17,4,125,1,-1,3,3,3
20181355L2017,2,9,0,13,0,0,0,0,0,0,0,1,6,3,-1,-1,-1,-1,-1,-1,-1,-1
20181355M0103,1,9,0,18,0,0,0,0,0,0,1,1,6,1,19,4,1398,1,1,1,1,1
20181355M0103,2,9,0,2,0,0,0,0,0,0,1,1,6,3,-1,-1,1896,2,11,-1,-1,-1
20181355M0373,1,9,0,18,0,0,0,0,0,0,4,1,6,1,40,7,1395,1,5,2,1,2
20181355M0489,1,8,0,7,0,5,0,0,0,0,1,1,1,1,55,8,1598,2,4,3,1,3
20181355M0489,2,9,0,4,0,1,0,0,0,0,2,1,6,2,51,8,1685,2,1,6,1,6
20181355M0663,1,19,0,1,9,6,0,0,1,0,2,1,6,1,30,6,1997,2,1,6,2,6
20181355M0669,1,19,0,5,0,8,0,0,0,0,3,1,1,1,43,7,1995,2,1,-1,-1,-1
20181355M0669,2,9,0,18,0,1,0,0,0,0,1,1,6,1,32,6,2993,2,8,-1,-1,-1
20181355M0801,1,9,0,12,0,1,0,0,0,0,2,1,6,2,44,7,1422,2,3,7,3,7
20181355M0801,2,21,0,18,0,1,0,0,0,0,1,1,1,1,29,6,-1,2,15,2,1,2
20181355M0948,1,9,0,9,0,2,0,0,0,0,1,1,6,3,-1,-1,-1,-1,-1,-1,-1,-1
20181355M0948,2,11,0,18,0,2,0,0,0,0,4,1,1,1,54,8,6692,2,6,1,1,1
20181355M0984,1,11,0,18,0,0,0,0,0,0,0,1,1,1,29,6,9360,2,9,1,1,1
20181355M0984,2,9,0,18,0,0,0,0,0,0,0,1,1,3,-1,-1,-1,-1,-1,-1,-1,-1
20181355M0984,3,9,0,18,0,0,0,0,0,0,0,1,6,3,-1,-1,-1,-1,-1,-1,-1,-1
20181355M0984,4,9,0,18,0,0,0,0,0,0,0,1,6,3,-1,-1,-1,-1,-1,-1,-1,-1
20181355M1026,1,19,0,7,0,0,0,0,0,0,3,1,6,2,43,7,2179,2,12,-1,-1,-1
20181355M1026,2,9,0,18,0,0,0,0,0,0,1,1,6,1,22,5,1598,2,6,-1,-1,-1
20181355M1235,1,11,0,18,0,0,0,0,0,0,0,1,1,1,63,9,7300,2,11,1,1,1
20181355M1302,1,9,0,18,0,8,0,0,0,0,1,1,2,2,59,9,1248,1,4,-1,-1,-1
20181355M1519,1,9,0,4,0,0,0,0,0,0,2,1,6,2,67,10,999,1,3,7,1,7
20181355M1519,2,9,0,18,0,0,0,0,0,0,1,1,6,2,38,7,1560,2,10,6,1,6
20181355M1564,1,19,0,4,0,0,0,0,0,0,2,1,2,1,30,6,2198,2,5,1,1,1
20181355M1564,2,9,0,4,0,0,0,0,0,0,2,1,6,2,26,6,1200,1,1,8,1,8
20181355M1564,3,9,0,18,0,0,0,0,0,0,1,1,2,1,27,6,1390,1,14,7,1,7
20181355M1578,1,9,0,9,0,6,0,0,0,0,1,1,6,1,68,10,2198,2,11,4,1,4
20181355M1578,2,9,0,9,0,8,0,0,0,0,3,1,6,2,54,8,1246,1,10,6,1,6
20181355M1668,1,9,0,9,0,8,0,0,0,0,4,1,6,2,32,6,1598,1,3,1,1,1
20181355M1668,2,1,0,18,0,8,0,0,0,0,1,1,2,1,46,8,-1,-1,-1,10,3,10
20181355M1734,1,9,0,18,0,8,0,0,0,0,1,1,6,1,35,6,4163,1,13,1,1,1
20181355M1734,2,9,0,9,0,8,0,0,0,0,1,1,6,1,35,6,1600,1,13,3,1,3
20181355M1774,1,9,0,9,0,8,0,0,0,0,4,1,6,1,34,6,2993,2,12,4,1,4
20181355M1774,2,3,0,18,0,8,0,0,0,0,1,1,6,1,24,5,125,1,1,1,1,1
20181355M1811,1,9,0,9,0,8,0,0,0,0,1,1,6,1,32,6,1910,2,12,2,1,2
20181355M1811,2,9,0,18,0,8,0,0,0,0,1,1,6,1,42,7,1299,1,14,1,1,1
20181355M1834,1,11,0,18,0,8,0,0,0,0,0,1,1,1,52,8,-1,-1,-1,3,1,3
20181355M1938,1,9,0,18,0,7,0,0,0,0,1,1,6,1,19,4,1200,1,3,8,1,8
20181355M1938,2,9,0,18,0,7,0,0,0,0,2,1,6,1,67,10,1499,2,5,8,1,8
20181355M2071,1,9,0,18,0,8,1,0,1,0,3,1,6,1,14,3,999,1,1,2,1,2
20181355M2071,2,9,0,18,0,8,0,0,0,0,3,1,6,1,27,6,2143,2,3,2,1,2
20181355N0188,1,9,0,16,0,0,0,4,0,0,4,1,6,1,24,5,1896,2,13,3,1,3
20181355N0188,2,9,0,2,0,0,0,0,0,0,3,1,6,3,-1,-1,1499,2,3,4,1,4
20181355N0225,1,19,0,6,0,8,0,0,0,0,1,1,6,1,-1,-1,2198,2,3,7,2,7
20181355N0225,2,9,0,18,0,1,0,0,0,0,3,1,2,2,45,7,1198,1,10,1,1,1
20181355N0340,1,9,0,18,0,0,0,0,0,0,2,1,2,1,36,7,1395,1,1,1,1,1
20181355N0340,2,9,0,18,0,0,0,0,0,0,1,1,2,1,19,4,1242,1,10,8,1,8
20181355N0424,1,9,0,7,0,8,0,0,0,0,4,1,6,2,25,5,1595,1,7,9,1,9
20181355N0424,2,1,0,18,0,8,0,0,0,0,1,1,6,1,26,6,-1,-1,-1,8,1,8
20181355N0876,1,9,0,7,0,5,0,0,0,0,4,1,6,2,28,6,1598,2,2,3,1,3
20181355N0876,2,9,0,18,0,8,0,0,0,0,1,1,6,1,51,8,2188,2,10,6,1,6
20181355N1029,1,9,0,18,0,8,0,0,0,0,2,1,1,1,44,7,1598,2,3,1,1,1
20181355N1029,2,11,0,18,0,8,0,0,0,0,1,1,1,1,67,10,5900,2,12,3,1,3
20181355N1031,1,9,0,18,0,7,0,0,0,0,1,1,6,2,20,4,1360,1,9,4,1,4
20181355N1031,2,8,0,4,0,7,0,0,0,0,2,1,1,1,54,8,1896,2,8,1,1,1
20181355N1065,1,9,0,1,0,0,0,0,0,0,2,1,6,3,-1,-1,1995,2,10,-1,-1,-1
20181355N1065,2,9,0,2,0,0,0,0,0,0,2,1,6,1,-1,-1,1797,8,5,-1,-1,-1
20181355N1132,1,9,0,18,0,0,0,0,0,0,1,1,6,1,68,10,1997,2,8,4,1,4
20181355N1132,2,9,0,2,0,0,0,0,0,0,2,1,6,3,-1,-1,1969,2,4,-1,-1,-1
20181355N1144,1,9,0,18,0,0,5,0,2,11,4,1,6,1,21,5,1242,1,12,7,1,7
20181355N1254,1,9,0,18,0,0,0,0,0,0,1,1,6,1,57,9,1598,2,6,-1,-1,-1
20181355N1310,1,1,0,18,0,8,0,0,0,0,4,1,2,1,54,8,-1,-1,-1,5,1,5
20181355N1310,2,9,0,7,0,8,0,0,0,0,3,1,6,1,53,8,999,1,4,4,1,4
20181355N1320,1,5,0,18,0,4,2,0,0,0,3,1,2,1,26,6,929,1,16,1,1,1
20181355N1320,2,9,0,3,0,4,0,0,0,0,4,1,2,2,61,9,1587,1,12,3,1,3
20181355N1320,3,9,0,3,0,4,0,0,0,0,2,1,6,1,50,8,2993,2,2,6,1,6
20181355N1384,1,1,0,18,0,7,0,0,0,0,1,1,6,1,17,4,-1,-1,-1,1,1,1
20181355N1384,2,9,0,18,0,1,0,0,0,0,4,1,6,2,22,5,1461,2,7,6,3,6
20181355N1413,1,9,0,9,0,0,0,0,0,0,3,1,6,2,52,8,1296,1,12,3,1,3
20181355N1413,2,1,0,18,4,0,0,0,0,0,0,1,6,1,52,8,-1,-1,-1,8,1,8