Accident_Index,Vehicle_Reference,Vehicle_Type,Towing_and_Articulation,Vehicle_Manoeuvre,Vehicle_Location-Restricted_Lane,Junction_Location,Skidding_and_Overturning,Hit_Object_in_Carriageway,Vehicle_Leaving_Carriageway,Hit_Object_off_Carriageway,1st_Point_of_Impact,Was_Vehicle_Left_Hand_Drive?,Journey_Purpose_of_Driver,Sex_of_Driver,Age_of_Driver,Age_Band_of_Driver,Engine_Capacity_(CC),Propulsion_Code,Age_of_Vehicle,Driver_IMD_Decile,Driver_Home_Area_Type,Vehicle_IMD_Decile
20181355N1462,1,9,0,9,0,8,0,0,0,0,1,1,6,2,19,4,1328,1,10,7,1,7
20181355N1462,2,9,0,18,0,8,0,0,0,0,1,1,6,1,39,7,1360,1,13,3,1,3
20181355N1521,1,9,0,18,0,0,0,0,0,0,4,1,6,1,35,6,4000,1,19,1,1,1
20181355N1784,1,9,0,7,0,2,0,0,0,0,4,1,6,1,47,8,1685,2,6,2,1,2
20181355N1807,1,4,0,9,0,1,0,0,0,0,2,1,6,3,-1,-1,-1,-1,-1,-1,-1,-1
20181355N1807,2,4,0,9,0,1,0,0,0,0,1,1,6,1,26,6,-1,-1,-1,5,1,5
20181355N2142,1,9,0,18,0,8,0,0,0,0,1,1,6,1,29,6,995,1,13,1,1,1
20181355N2142,2,9,0,18,0,8,5,0,0,0,4,1,6,1,45,7,1968,2,11,-1,-1,-1
20181355O0005,1,9,0,18,0,0,0,0,0,0,1,1,6,1,32,6,1360,1,12,7,1,7
20181355O0005,2,9,0,2,0,0,0,0,0,0,1,1,6,1,-1,-1,1461,2,1,-1,-1,-1
20181355O0285,1,19,0,9,0,0,0,0,0,0,3,1,1,1,54,8,1598,2,3,7,1,7
20181355O0285,2,9,0,18,0,0,0,0,0,0,4,1,1,2,27,6,1390,1,19,8,3,8
20181355O0830,1,4,0,2,0,0,0,0,0,0,2,1,1,1,45,7,250,1,-1,-1,-1,-1
20181355O0830,2,4,0,18,0,0,0,0,0,0,1,1,6,1,17,4,124,1,1,3,1,3
20181355O0866,1,9,0,18,0,1,0,0,0,0,1,1,6,1,60,9,1498,1,-1,-1,-1,-1
20181355O0866,2,9,0,4,0,1,0,0,0,0,2,1,6,2,45,7,1200,1,1,-1,-1,-1
20181355O1002,1,9,0,12,0,0,0,0,0,0,3,1,6,1,30,6,1560,2,4,3,1,3
20181355O1002,2,9,0,11,0,0,0,0,0,0,4,1,6,2,20,4,-1,-1,-1,9,2,9
20181355O1023,1,9,0,18,0,0,0,0,0,0,1,1,6,1,65,9,1968,2,5,7,3,7
20181355O1023,2,9,0,18,0,0,0,0,0,0,2,1,6,2,43,7,1598,1,14,3,1,3
20181355O1023,3,9,0,18,0,0,0,0,0,0,2,1,6,2,43,7,2993,2,11,7,2,7
20181355O1118,1,9,0,5,0,0,0,0,0,0,1,1,6,2,72,10,1086,1,10,4,1,4
20181355O1222,1,9,0,9,0,5,0,0,0,0,0,1,6,1,74,10,1997,2,11,3,1,3
20181355O1222,2,1,0,18,0,1,0,0,0,0,2,1,6,1,41,7,-1,-1,-1,1,1,1
20181355O1346,1,9,0,9,0,6,0,0,0,0,1,1,6,1,63,9,1399,1,2,3,1,3
20181355O1346,2,9,0,18,0,8,0,0,0,0,1,1,6,1,35,6,1791,8,7,4,1,4
20181355O1610,1,9,0,1,0,0,0,0,0,0,2,1,6,1,-1,-1,1685,2,5,-1,-1,-1
20181355O1610,2,1,0,18,0,0,0,0,0,0,1,1,6,2,9,2,-1,-1,-1,1,1,1
20181355O1695,1,9,0,9,0,5,0,0,0,0,1,1,6,2,18,4,1461,2,12,3,1,3
20181355O1695,2,3,0,18,0,8,2,0,0,0,1,1,2,2,45,7,125,1,4,4,1,4
20181355O1806,1,9,0,18,0,8,0,0,0,0,4,1,6,2,17,4,999,1,1,4,1,4
20181355P0367,1,9,0,18,0,0,0,0,0,0,3,1,2,2,29,6,1197,1,3,-1,-1,-1
20181355P0378,1,9,0,9,0,8,0,0,0,0,1,1,6,2,56,9,1248,1,-1,6,1,6
20181355P0378,2,1,0,9,0,8,0,0,0,0,1,1,6,1,22,5,-1,-1,-1,3,1,3
20181355P0584,1,9,0,18,0,1,0,0,0,0,1,1,6,2,34,6,1997,2,11,4,1,4
20181355P0674,1,8,0,18,0,1,0,0,0,0,1,1,1,1,43,7,1896,2,10,4,1,4
20181355P0674,2,9,0,9,0,1,0,0,0,0,4,1,6,2,22,5,1598,1,15,8,1,8
20181355P0777,1,9,0,9,0,6,0,0,0,0,3,1,6,2,48,8,1341,1,14,2,1,2
20181355P0777,2,19,0,18,0,8,0,0,0,0,1,1,6,1,49,8,2198,2,6,6,1,6
20181355P1077,1,9,0,14,0,0,0,0,0,0,1,1,2,2,35,6,1240,1,12,4,1,4
20181355P1102,1,9,0,18,0,0,0,0,0,0,1,1,6,2,57,9,1598,1,14,7,1,7
20181355P1102,2,9,0,2,0,0,0,0,0,0,0,1,6,1,32,6,1242,1,10,-1,-1,-1
20181355P1102,3,9,0,2,0,0,0,0,0,0,0,1,6,3,30,6,-1,-1,-1,-1,-1,-1
20181355P1163,1,9,0,18,0,0,0,0,0,0,1,1,6,1,25,5,1686,2,6,10,2,10
20181355Q0121,1,9,0,18,0,0,5,0,0,0,1,1,6,1,25,5,1995,1,8,3,1,3
20181355Q0121,2,8,0,18,0,0,0,0,0,0,1,1,1,1,29,6,1797,8,5,3,1,3
20181355Q0595,1,9,0,3,0,1,0,12,0,0,2,1,6,2,54,8,1499,1,2,10,3,10
20181355Q0595,2,9,0,18,0,1,0,0,0,0,1,1,6,2,43,7,1997,2,5,-1,-1,-1
20181355Q0623,1,9,0,18,0,0,0,0,0,0,2,1,6,1,78,11,1560,2,8,-1,-1,-1
20181355Q0623,2,10,0,18,0,0,0,0,0,0,1,1,2,1,52,8,2402,2,13,-1,-1,-1
20181355Q0623,3,9,0,18,0,0,0,0,0,0,1,1,6,2,25,5,1496,2,-1,6,3,6
20181355Q0790,1,4,0,18,0,0,0,0,0,0,1,1,6,1,57,9,124,1,17,4,2,4
20181355Q0790,2,9,0,6,0,0,0,0,0,0,3,1,6,2,55,8,1296,1,10,4,1,4
20181355Q0928,1,9,0,18,0,8,0,0,0,0,1,1,6,1,52,8,1988,1,-1,4,3,4
20181355Q0928,2,1,0,18,0,8,0,0,0,0,4,1,6,1,32,6,-1,-1,-1,8,1,8
20181355Q0928,3,1,0,18,0,8,0,0,0,0,4,1,6,1,52,8,-1,-1,-1,8,1,8
20181355Q0970,1,9,0,18,0,0,0,0,0,0,2,1,6,1,35,6,1968,2,1,1,1,1
20181355Q0970,2,9,0,18,0,0,0,0,0,0,1,1,6,1,20,4,1598,2,2,5,1,5
20181355Q1054,1,9,0,18,0,0,0,0,0,0,2,1,6,2,32,6,1497,8,9,2,1,2
20181355Q1054,2,11,0,18,0,0,0,0,0,0,1,1,1,1,53,8,9360,2,8,3,1,3
20181355Q1371,1,3,0,18,0,0,0,0,0,0,1,1,6,3,-1,-1,-1,-1,-1,-1,-1,-1
20181355Q1465,1,9,0,9,0,1,0,0,0,0,1,1,6,3,-1,-1,1968,2,10,-1,-1,-1
20181355Q1465,2,9,0,18,0,1,0,10,0,2,1,1,6,2,35,6,1968,2,7,1,1,1
20181355Q1470,1,9,0,5,0,0,0,0,0,0,1,1,6,1,47,8,2199,2,4,10,1,10
20181355Q1470,2,1,0,18,0,0,0,0,0,0,3,1,6,1,50,8,-1,-1,-1,1,1,1
20181355Q1656,1,9,0,18,0,1,0,0,0,0,1,1,6,1,27,6,1198,1,12,6,1,6
20181355Q1656,2,1,0,18,0,6,0,0,0,0,3,1,6,1,12,3,-1,-1,-1,7,1,7
20181355Q1954,1,9,0,15,0,0,0,0,0,0,1,1,6,1,27,6,2993,2,8,2,1,2
20181355Q2137,1,11,0,18,0,0,0,0,0,0,0,1,1,1,24,5,7300,2,17,-1,-1,-1
20181355R0199,1,9,0,7,0,3,1,0,4,2,1,1,6,1,40,7,2231,2,9,1,1,1
20181355R0820,1,9,0,4,0,1,0,0,0,0,1,1,6,1,82,11,1397,1,9,10,1,10
20181355R0820,2,9,0,18,0,8,0,0,0,0,3,1,6,2,38,7,1198,1,6,6,1,6
20181355R0820,3,9,0,18,0,8,0,0,0,0,1,1,6,2,31,6,1242,1,6,7,1,7
20181355R1044,1,9,0,18,0,4,0,0,0,0,2,1,6,1,44,7,1999,2,1,1,1,1
20181355R1044,2,9,0,18,0,4,0,0,0,0,1,1,6,2,44,7,2143,2,7,4,1,4
20181355R1113,1,9,0,18,0,0,0,0,0,0,3,1,6,3,-1,-1,-1,-1,-1,-1,-1,-1
20181355R1113,2,1,0,18,0,0,0,0,0,0,1,1,6,1,28,6,-1,-1,-1,3,1,3
20181355R1200,1,9,0,18,0,0,0,0,0,0,1,1,6,1,42,7,1598,1,1,5,1,5
20181355R1200,2,9,0,2,0,0,0,0,1,0,2,1,6,3,-1,-1,1995,2,11,-1,-1,-1
20181355R1200,3,9,0,2,0,0,0,0,0,0,2,1,6,3,-1,-1,1798,1,11,-1,-1,-1
20181355R1207,1,9,0,18,0,0,0,0,0,0,4,1,6,1,31,6,-1,-1,-1,-1,-1,-1
20181355R1283,1,9,0,18,0,8,5,0,7,10,4,1,6,2,37,7,2199,2,4,7,1,7
20181355R1283,2,9,0,7,0,6,0,0,0,0,1,1,6,3,36,7,2993,2,8,-1,-1,-1
20181355R1523,1,1,0,18,0,8,0,0,0,0,1,1,6,1,9,2,-1,-1,-1,2,1,2
20181355R1523,2,9,0,9,0,8,0,0,0,0,3,1,6,1,52,8,1598,2,4,5,3,5
20181355R1804,1,8,0,18,0,0,0,0,0,0,4,1,1,1,57,9,1797,8,4,-1,-1,-1
20181355R1819,1,9,0,6,0,8,0,0,0,0,3,1,6,3,-1,-1,-1,-1,-1,-1,-1,-1
20181355R1819,2,1,0,9,0,8,5,0,0,0,1,1,6,1,29,6,-1,-1,-1,-1,-1,-1
20181355R2242,1,9,0,18,0,0,0,0,0,0,3,1,6,1,-1,-1,-1,-1,-1,-1,-1,-1
20181355S0452,1,9,0,9,0,6,0,0,0,0,1,1,6,1,26,6,1560,2,6,7,1,7
20181355S0452,2,5,0,18,0,8,0,0,0,0,1,1,6,1,77,11,847,1,1,3,2,3
20181355S0595,1,9,0,18,0,8,2,0,1,7,1,1,6,1,23,5,1596,1,3,7,1,7
20181355S0801,1,9,0,18,0,0,0,0,0,0,4,1,6,2,41,7,-1,-1,-1,5,1,5
20181355S0801,2,9,0,18,0,0,0,0,0,0,3,1,6,1,49,8,1598,2,5,1,1,1
20181355S1168,1,9,0,9,0,8,0,0,0,0,1,1,6,1,76,11,996,1,5,8,1,8
20181355S1168,2,4,0,18,0,1,0,0,0,0,1,1,6,1,50,8,599,1,15,1,1,1
20181355S1240,1,9,0,9,0,8,0,0,0,0,1,1,6,1,60,9,1951,2,13,1,1,1
20181355S1240,2,1,0,18,0,8,0,0,0,0,1,1,6,1,19,4,-1,-1,-1,-1,-1,-1
20181355S1285,1,9,0,5,0,6,5,0,0,0,3,1,6,2,18,4,1242,1,4,-1,-1,-1
20181355S1285,2,9,0,18,0,8,0,0,0,0,1,1,6,1,38,7,2179,2,4,-1,-1,-1
20181355S1320,1,9,0,9,0,2,0,0,0,0,1,1,6,2,49,8,1242,1,2,8,2,8
20181355S1320,2,4,0,18,0,1,0,0,0,0,3,1,6,1,36,7,398,1,9,5,1,5
20181355S1373,1,1,0,18,0,0,0,0,0,0,1,1,6,1,74,10,-1,-1,-1,6,1,6
20181355S1373,2,9,0,11,0,0,0,0,0,0,4,1,6,3,-1,-1,-1,-1,-1,-1,-1,-1
20181355S1536,1,9,0,11,0,0,0,0,0,0,4,1,6,2,49,8,1398,1,8,1,1,1
20181355S1536,2,9,0,18,0,0,0,0,0,0,3,1,6,1,40,7,-1,-1,-1,-1,1,-1
20181355S1716,1,9,0,18,0,8,0,0,0,0,1,1,6,1,57,9,1364,1,10,6,1,6
20181355S1716,2,9,0,9,0,8,0,0,0,0,1,1,6,1,31,6,2995,1,1,8,1,8
20181355S1732,1,9,0,18,0,0,0,0,0,0,1,1,6,1,32,6,1395,1,3,1,1,1
20181355S1782,1,9,0,18,0,2,0,0,0,0,4,1,6,2,32,6,-1,-1,-1,-1,-1,-1
20181355S1850,1,9,0,13,0,1,0,0,7,11,1,1,6,1,29,6,1995,2,5,3,1,3
20181355S1850,2,9,0,9,0,1,0,0,7,0,3,1,6,1,24,5,1984,1,1,4,1,4
20181355S2111,1,9,0,2,0,8,0,0,0,0,2,1,6,1,57,9,1299,1,18,1,1,1
20181355S2111,2,9,0,18,0,8,0,0,0,0,1,1,6,1,34,6,1896,2,15,2,1,2
20181355T0293,1,9,0,18,0,0,0,0,0,0,1,1,2,1,54,8,1997,1,1,5,1,5
20181355T0293,2,9,0,3,0,0,0,0,0,0,2,1,2,1,55,8,2993,2,-1,3,1,3
20181355T0376,1,11,0,2,0,0,0,0,0,0,0,1,1,1,51,8,4760,2,5,1,1,1
20181355T0376,2,8,0,18,0,0,0,0,0,0,4,1,1,3,-1,-1,-1,-1,-1,-1,-1,-1
20181355T0992,1,5,0,5,0,0,5,4,0,0,1,1,6,1,35,6,1300,1,11,5,1,5
20181355T0992,2,9,0,2,0,0,0,0,0,0,0,1,6,1,29,6,-1,-1,-1,-1,-1,-1
20181355T1172,1,9,0,18,0,0,0,0,0,0,1,1,2,1,49,8,-1,-1,-1,7,1,7
20181355T1172,2,9,0,18,0,0,0,0,0,0,2,1,6,1,76,11,1984,1,2,9,1,9
20181355T1200,1,11,0,5,0,8,0,0,0,0,0,1,1,1,59,9,7300,2,10,-1,-1,-1
20181355T1328,1,1,0,18,9,1,0,0,0,0,1,1,6,1,27,6,-1,-1,-1,5,1,5
20181355T1328,2,9,0,18,0,6,0,0,0,0,1,1,6,2,50,8,1200,1,3,9,1,9
20181355T1409,1,9,0,9,0,1,0,0,0,0,1,1,6,1,66,10,998,1,5,10,1,10
20181355T1409,2,1,0,18,0,1,0,0,0,0,1,1,6,2,42,7,-1,-1,-1,8,1,8
20181355T1477,1,9,0,7,0,6,0,0,0,0,4,1,6,1,51,8,1364,1,9,1,1,1
20181355T1477,2,9,0,18,0,1,0,0,0,0,1,1,6,2,25,5,2902,2,10,3,1,3
20181355T1483,1,9,0,18,0,1,0,0,0,0,4,1,2,1,35,6,1995,2,7,1,1,1
20181355U0199,1,1,0,9,0,1,0,0,0,0,3,1,6,1,10,2,-1,-1,-1,1,1,1
20181355U0199,2,9,0,18,0,1,0,0,0,0,1,1,6,1,84,11,1997,2,17,6,1,6
20181355U0327,1,9,0,3,0,0,0,0,0,0,1,1,6,1,40,7,-1,-1,-1,-1,-1,-1
20181355U0327,2,9,0,3,0,0,0,0,0,0,2,1,6,1,27,6,998,1,8,9,2,9
20181355U0468,1,9,0,5,0,0,0,7,0,0,1,1,6,1,76,11,999,1,3,5,1,5
20181355U0656,1,9,0,9,0,8,0,0,0,0,1,1,6,2,52,8,1397,1,9,1,1,1
20181355U0656,2,9,0,18,0,4,0,0,0,0,1,1,6,2,73,10,1149,1,5,9,2,9
20181355U1341,1,9,0,17,0,0,0,0,0,0,1,1,6,1,21,5,1598,2,6,1,1,1
20181355U1341,2,9,0,16,0,0,0,0,0,0,1,1,2,1,40,7,2000,2,7,10,3,10
20181355U1387,1,9,0,18,0,3,0,0,0,0,0,1,6,1,65,9,1398,1,8,9,2,9
20181355U1426,1,9,0,18,0,0,0,0,0,0,1,1,2,1,41,7,-1,-1,-1,3,1,3
20181355U1426,2,1,0,18,0,0,0,0,0,0,3,1,6,1,22,5,-1,-1,-1,1,1,1
20181355U1426,3,9,0,4,0,0,0,0,0,0,3,1,6,1,52,8,1598,2,2,3,2,3
20181355U1426,4,9,0,4,0,0,0,0,0,0,0,1,6,1,33,6,1200,1,4,7,2,7
20181355U1806,1,9,0,4,0,0,0,0,0,0,2,1,6,1,23,5,1360,1,9,9,1,9
20181355U1806,2,11,0,12,0,0,0,0,0,0,1,1,1,1,57,9,9360,2,10,3,2,3
20181355U2064,1,19,0,18,0,1,5,0,7,0,4,1,1,1,25,5,2494,2,14,3,1,3
20181355U2064,2,9,0,18,0,1,0,0,0,0,1,1,6,2,28,6,1598,1,9,-1,-1,-1
20181355V0596,1,9,0,18,0,1,0,0,0,0,1,1,6,1,45,7,998,1,12,6,1,6
20181355V0596,2,9,0,18,0,1,0,0,0,0,1,1,6,2,65,9,1398,2,4,7,3,7
20181355V0612,1,9,0,18,0,0,0,0,0,0,1,1,6,1,28,6,998,1,6,5,2,5
20181355V0612,2,9,0,3,0,0,0,0,0,0,2,1,6,1,50,8,1598,1,4,3,1,3
20181355V0612,3,9,0,10,0,0,0,0,0,0,2,1,6,1,53,8,1328,1,14,6,1,6
20181355V0705,1,9,0,9,0,5,0,0,0,0,1,1,6,2,48,8,1242,1,4,9,1,9
20181355V0705,2,3,0,18,0,1,2,0,0,0,4,1,6,1,36,7,124,1,3,5,1,5
20181355V0863,1,21,1,18,0,0,0,0,0,0,4,1,1,1,34,6,12740,2,2,1,1,1
20181355V0863,2,21,1,18,0,0,0,0,0,1,3,1,1,1,52,8,12777,2,5,4,1,4
20181355V0863,3,9,0,18,0,0,0,0,4,6,1,1,6,2,19,4,1596,1,12,3,1,3
20181355V0970,1,9,0,18,0,0,0,0,0,0,3,1,6,2,22,5,1149,1,4,5,1,5
20181355V1032,1,9,0,18,0,8,0,0,0,0,1,1,6,2,26,6,1390,1,12,4,1,4
20181355V1032,2,8,0,7,0,8,0,0,0,0,1,1,6,1,31,6,1997,2,10,3,1,3
20181355V1147,1,9,0,18,0,1,0,0,0,0,1,1,6,2,59,9,1200,1,-1,10,1,10
20181355V1147,2,9,0,9,0,8,0,0,0,0,3,1,6,1,69,10,1991,2,6,9,1,9
20181355V1273,1,9,0,18,0,8,0,0,0,0,1,1,6,1,19,4,1995,2,11,4,1,4
20181355V1273,2,9,0,9,0,8,0,0,0,0,4,1,6,2,29,6,1995,2,2,7,1,7
20181355V1315,1,9,0,9,0,2,0,0,0,0,3,1,6,1,37,7,1968,2,11,6,1,6
20181355V1315,2,9,0,18,0,1,1,0,7,11,1,1,6,1,27,6,1598,2,3,7,1,7
20181355V1343,1,3,0,14,0,8,5,0,0,0,1,1,2,1,21,5,125,1,4,-1,-1,-1
20181355V1343,2,9,0,9,0,6,0,0,0,0,1,1,6,1,24,5,999,1,1,-1,-1,-1
20181355V1883,1,9,0,18,0,0,0,0,2,7,4,1,6,2,21,5,1399,2,7,3,1,3
2018135610116,1,9,0,9,0,5,1,0,1,0,1,1,6,1,22,5,2000,1,9,7,1,7
2018135610116,2,9,0,9,0,5,0,0,0,2,0,1,6,1,35,6,2993,2,3,1,1,1
2018135610116,3,9,0,2,0,2,0,0,0,0,2,1,6,1,-1,-1,2231,2,10,-1,-1,-1
2018135610116,4,9,0,2,0,2,0,0,0,0,2,1,6,1,-1,-1,1896,2,16,-1,-1,-1
2018135610438,1,9,0,18,0,0,0,0,1,7,1,1,6,2,22,5,1197,1,6,1,1,1
2018135610494,1,9,0,5,0,0,0,0,0,0,3,1,1,1,43,7,-1,-1,-1,7,1,7
2018135610494,2,9,0,18,0,0,0,0,0,0,4,1,2,2,38,7,1398,1,6,3,1,3
2018135610656,1,9,0,4,0,0,0,0,0,0,1,1,6,2,54,8,1910,2,11,2,1,2
2018135610656,2,9,0,3,0,0,0,0,0,0,2,1,6,1,33,6,1995,2,1,9,1,9
2018135610656,3,9,0,3,0,0,0,0,0,0,2,1,6,1,55,8,1390,1,9,3,1,3
2018135610656,4,9,0,4,0,0,0,0,0,0,4,1,6,1,41,7,2967,2,3,9,1,9
2018135611051,1,9,0,4,0,0,0,0,0,0,1,1,6,1,65,9,2179,2,6,9,1,9
2018135611051,2,9,0,4,0,0,0,0,0,0,2,1,6,1,43,7,1499,2,2,9,1,9
2018135611444,1,3,0,18,0,0,5,0,1,0,1,1,6,1,15,3,-1,-1,-1,2,1,2
2018135611451,1,9,0,18,0,4,0,0,0,0,1,1,6,1,21,5,1598,2,5,6,1,6
2018135611451,2,9,0,18,0,4,0,0,0,0,2,1,6,2,45,7,1197,1,2,1,1,1
2018135611580,1,9,0,18,2,0,0,0,0,0,1,1,6,1,26,6,1995,2,3,5,1,5
2018135611580,2,9,0,9,0,0,0,0,0,0,4,1,6,2,29,6,1242,1,12,2,1,2
2018135611609,1,9,0,18,9,6,0,0,1,0,1,1,2,2,28,6,1242,1,14,6,1,6
2018135611670,1,1,0,5,0,1,0,0,0,0,3,1,6,1,28,6,-1,-1,-1,4,1,4
2018135611670,2,9,0,7,0,7,0,0,0,0,4,1,6,1,23,5,-1,-1,-1,6,3,6
2018135611702,1,9,0,7,0,8,0,0,0,0,1,1,6,1,35,6,1968,2,9,1,1,1
2018135611702,2,11,0,18,0,8,0,0,0,0,1,1,1,1,49,8,9360,2,9,3,1,3
2018135611702,3,9,0,2,0,2,0,0,0,0,0,1,6,2,37,7,1834,1,13,-1,-1,-1
2018135611733,1,1,0,18,0,8,0,0,0,0,1,1,6,1,6,2,-1,-1,-1,1,1,1
2018135611733,2,9,0,18,0,8,0,0,0,0,4,1,6,1,43,7,1968,2,6,1,1,1
2018135611735,1,9,0,5,0,4,0,0,0,0,4,1,1,1,69,10,-1,-1,-1,9,1,9
2018135611735,2,1,0,5,0,4,0,0,0,0,3,1,1,1,54,8,-1,-1,-1,1,1,1
2018135612127,1,9,0,15,0,0,1,0,0,11,4,1,6,1,-1,-1,1896,2,15,-1,-1,-1
2018135612127,2,9,0,18,0,0,0,0,0,0,2,1,6,1,38,7,1968,2,11,8,1,8
2018135612212,1,9,0,18,0,0,0,0,4,0,1,1,6,2,32,6,1598,2,7,3,1,3
2018135612212,2,9,0,18,0,0,5,0,4,0,2,1,6,2,43,7,1598,1,8,1,1,1
2018135620512,1,1,0,18,0,8,2,0,7,0,1,1,6,1,60,9,-1,-1,-1,4,1,4
2018135620512,2,9,0,9,0,1,0,0,0,0,3,1,6,1,81,11,998,1,5,8,1,8
2018135620588,1,9,0,14,0,0,5,0,0,0,1,1,6,2,45,7,1598,1,4,1,1,1
2018135620588,2,9,0,2,0,0,0,0,0,0,2,1,6,3,-1,-1,1197,1,1,-1,-1,-1
2018135620883,1,1,0,18,0,8,5,0,0,0,4,1,6,1,17,4,-1,-1,-1,3,1,3
2018135620883,2,9,0,7,0,5,0,0,0,0,1,1,6,3,-1,-1,-1,-1,-1,-1,-1,-1
2018135621015,1,3,0,18,0,1,0,0,0,0,1,1,6,1,23,5,125,1,9,-1,-1,-1
2018135621015,2,9,0,9,0,5,0,0,0,0,1,1,6,1,52,8,2987,2,3,7,1,7
2018135621176,1,9,0,18,0,8,0,0,0,0,1,1,6,1,29,6,1332,1,19,2,1,2
2018135621176,2,9,0,18,0,8,0,0,0,0,1,1,6,3,-1,-1,1984,1,9,-1,-1,-1
2018135621707,1,9,0,18,0,8,0,0,0,0,1,1,1,1,18,4,2993,2,4,-1,-1,-1
2018135621707,2,9,0,18,0,6,0,0,0,0,4,1,6,1,35,6,1363,2,16,-1,-1,-1
2018135621886,1,5,0,18,0,0,0,0,0,0,1,1,6,1,36,7,998,1,9,1,1,1
2018135622065,1,9,0,18,0,8,0,0,0,0,1,1,6,1,19,4,1968,2,3,6,1,6
2018135622065,2,9,0,9,0,5,0,0,0,0,4,1,6,2,46,8,1398,2,9,1,1,1
2018135630280,1,9,0,18,0,4,0,10,1,2,1,1,1,1,47,8,1560,2,3,1,1,1
2018135630280,2,9,0,18,0,4,0,0,0,0,1,1,6,2,32,6,1197,1,-1,6,3,6
2018135630473,1,5,0,6,0,6,1,0,7,0,3,1,6,1,42,7,-1,-1,-1,5,2,5
2018135630473,2,9,0,18,0,8,2,0,7,0,1,1,6,1,35,6,-1,-1,-1,-1,-1,-1
2018135630563,1,9,0,18,0,8,0,0,7,2,1,1,6,1,36,7,1318,1,-1,9,1,9
2018135630737,1,9,0,9,0,5,0,0,0,0,1,1,6,1,41,7,1685,2,2,2,1,2
2018135630913,1,9,0,3,0,1,0,0,0,0,2,1,6,2,22,5,1229,1,11,3,1,3
2018135630913,2,9,0,18,0,1,0,0,0,0,1,1,6,1,34,6,1896,2,10,1,1,1
2018135631357,1,19,0,18,9,1,0,0,0,0,0,1,6,3,-1,-1,2298,2,1,-1,-1,-1
2018135631540,1,90,0,18,0,8,0,0,0,0,1,1,6,3,-1,-1,-1,-1,-1,-1,-1,-1
2018135631540,2,4,0,4,0,8,5,9,3,0,2,1,1,1,44,7,250,1,-1,5,1,5
2018135631846,1,9,0,1,0,0,0,0,0,0,1,1,6,1,22,5,1968,2,11,-1,-1,-1
2018135631846,2,9,0,2,0,0,0,0,0,0,1,1,1,1,33,6,2993,2,-1,-1,-1,-1
2018135632130,1,9,0,18,0,0,0,0,0,0,3,1,6,1,24,5,1364,1,1,1,1,1
2018135632130,2,9,0,18,0,0,0,0,0,0,3,1,6,1,79,11,1598,1,1,2,1,2
2018135632130,3,9,0,18,0,0,0,0,0,0,3,1,6,1,43,7,1995,1,12,3,1,3
2018135632197,1,5,0,16,0,0,0,0,8,11,1,1,6,1,19,4,689,1,1,7,1,7
2018135640056,1,9,0,18,0,1,0,0,0,0,1,1,6,2,27,6,1299,1,11,5,1,5
2018135640367,1,19,0,9,0,8,0,0,0,0,4,1,1,1,49,8,2198,2,3,3,1,3
2018135640367,2,1,0,18,0,8,0,0,0,0,1,1,6,1,42,7,-1,-1,-1,8,1,8
2018135640640,1,9,0,6,0,0,0,0,0,0,1,1,1,1,63,9,1995,2,6,-1,-1,-1
2018135640640,2,9,0,18,0,0,0,0,0,0,3,1,6,1,20,4,-1,-1,-1,-1,-1,-1
2018135640903,1,9,0,18,0,0,0,0,1,2,4,1,6,1,26,6,1994,1,13,4,1,4
2018135640948,1,9,0,18,0,1,0,0,0,0,1,1,6,1,72,10,1242,1,4,9,1,9
2018135640948,2,9,0,18,0,1,0,0,0,0,1,1,6,1,52,8,-1,-1,-1,3,1,3
2018135640948,3,9,0,18,0,1,0,0,0,0,1,1,6,1,65,9,2179,2,3,8,1,8
2018135641021,1,9,0,18,0,3,0,0,0,0,1,1,6,2,43,7,1390,1,6,7,3,7
2018135641021,2,9,0,9,0,8,0,10,0,0,3,1,6,2,22,5,996,1,4,5,1,5
2018135641122,1,9,0,5,0,1,0,0,0,0,1,1,6,3,-1,-1,-1,-1,-1,-1,-1,-1
2018135641122,2,9,0,5,0,1,0,0,0,0,1,1,6,2,34,6,1991,2,10,1,1,1
2018135641132,1,9,0,4,9,0,0,0,0,0,4,1,6,3,-1,-1,1246,1,10,-1,-1,-1
2018135641265,1,1,0,9,0,0,0,0,0,0,1,1,6,1,23,5,-1,-1,-1,1,1,1
2018135641265,2,9,0,18,0,0,0,0,0,0,1,1,6,3,-1,-1,-1,-1,-1,-1,-1,-1
2018135641450,1,9,0,1,0,0,0,0,0,0,2,1,1,1,55,8,1984,1,1,5,1,5
2018135641485,1,9,0,18,0,8,0,0,0,0,4,1,6,1,51,8,2987,2,2,7,1,7
2018135641485,2,90,0,18,0,8,0,0,0,0,1,2,6,1,69,10,-1,-1,-1,-1,-1,-1
2018135641515,1,9,0,5,0,0,0,0,0,0,1,1,6,3,-1,-1,1598,1,11,-1,-1,-1
2018135641515,2,9,0,2,0,0,0,0,0,0,2,1,6,1,36,7,1984,2,9,1,1,1
2018135650351,1,1,0,18,0,1,0,0,0,0,1,1,4,1,13,3,-1,-1,-1,2,1,2
2018135650351,2,9,0,18,0,1,0,0,0,0,4,1,6,1,59,9,2143,2,7,5,2,5
2018135650554,1,9,0,18,0,8,0,0,0,0,1,1,6,2,23,5,1229,1,10,10,1,10
2018135650554,2,9,0,18,0,8,0,0,0,0,4,1,6,2,71,10,1108,1,12,7,3,7
2018135650701,1,9,0,18,0,0,0,0,0,0,1,1,6,3,-1,-1,2000,1,8,-1,-1,-1
2018135650701,2,9,0,18,0,0,0,0,0,0,2,1,6,1,30,6,1995,2,2,-1,-1,-1