Accident_Index,Vehicle_Reference,Vehicle_Type,Towing_and_Articulation,Vehicle_Manoeuvre,Vehicle_Location-Restricted_Lane,Junction_Location,Skidding_and_Overturning,Hit_Object_in_Carriageway,Vehicle_Leaving_Carriageway,Hit_Object_off_Carriageway,1st_Point_of_Impact,Was_Vehicle_Left_Hand_Drive?,Journey_Purpose_of_Driver,Sex_of_Driver,Age_of_Driver,Age_Band_of_Driver,Engine_Capacity_(CC),Propulsion_Code,Age_of_Vehicle,Driver_IMD_Decile,Driver_Home_Area_Type,Vehicle_IMD_Decile
2018135650701,3,9,0,18,0,0,0,0,0,0,2,1,6,1,40,7,1968,2,3,-1,-1,-1
2018135650808,1,9,0,18,0,0,0,0,0,0,1,1,6,2,77,11,1582,2,3,4,3,4
2018135650808,2,9,0,2,0,0,0,0,0,0,4,1,6,3,-1,-1,2204,2,13,4,1,4
2018135650808,3,9,0,2,0,0,0,0,0,0,4,1,6,3,-1,-1,1390,1,18,4,1,4
2018135650878,1,19,0,18,0,1,0,0,0,0,1,1,6,1,-1,-1,1995,2,1,-1,-1,-1
2018135650878,2,9,0,18,0,1,0,0,0,0,2,1,6,1,66,10,999,1,-1,2,1,2
2018135650931,1,9,0,18,0,0,0,0,0,0,3,1,6,2,38,7,999,1,2,3,1,3
2018135650931,2,9,0,18,0,0,0,0,0,0,4,1,2,1,22,5,998,1,4,1,1,1
2018135650931,3,9,0,18,0,0,0,0,0,0,4,1,2,1,60,9,1968,2,1,5,2,5
2018135650931,4,21,1,18,0,0,1,0,0,7,1,1,1,1,31,6,-1,-1,-1,-1,-1,-1
2018135650931,5,21,4,18,0,0,1,0,0,7,1,1,1,1,49,8,6374,2,5,7,3,7
2018135650931,6,21,1,18,0,0,1,0,0,0,1,1,1,1,48,8,12777,2,5,7,2,7
2018135650931,7,21,1,18,0,0,1,0,0,0,1,1,1,1,60,9,12740,2,5,5,2,5
2018135651232,1,9,0,18,9,0,0,0,8,11,1,1,6,2,57,9,1497,8,11,8,1,8
2018135651310,1,9,0,9,0,6,0,0,0,0,1,1,6,2,26,6,1398,1,8,1,1,1
2018135651310,2,1,0,18,0,8,5,0,0,0,1,1,6,2,23,5,-1,-1,-1,3,1,3
2018135651406,1,9,0,12,0,0,0,0,0,0,4,1,6,2,48,8,1984,1,12,9,2,9
2018135651406,2,3,0,18,0,0,5,0,0,0,1,1,2,1,28,6,124,1,8,6,1,6
2018135651703,1,9,0,5,0,4,0,0,0,0,1,1,6,1,67,10,1461,2,8,7,1,7
2018135651703,2,3,0,18,0,4,0,0,0,0,2,1,6,1,49,8,124,1,12,4,1,4
2018135652010,1,9,0,18,0,0,0,0,0,0,1,1,6,2,22,5,1248,2,5,3,1,3
2018135652010,2,9,0,18,0,0,0,0,0,0,1,1,6,3,-1,-1,1896,2,15,3,1,3
2018135660462,1,21,1,11,0,0,0,0,0,0,3,1,1,1,-1,-1,12777,2,6,-1,-1,-1
2018135660462,2,19,0,18,0,0,0,0,0,0,4,1,1,1,30,6,1995,2,1,4,1,4
2018135660575,1,22,0,18,9,0,0,0,0,0,1,1,6,1,72,10,-1,-1,-1,3,1,3
2018135660870,1,9,0,18,0,0,0,0,0,0,1,1,6,1,68,10,-1,-1,-1,2,1,2
2018135660870,2,9,0,2,0,0,0,0,0,0,2,1,6,2,82,11,1591,1,3,3,1,3
2018135661188,1,9,0,5,0,1,0,0,0,0,3,1,6,1,55,8,1396,1,5,8,1,8
2018135661188,2,1,0,5,0,1,0,0,0,0,1,1,6,1,25,5,-1,-1,-1,1,1,1
2018135661224,1,9,0,9,0,5,0,0,0,0,1,1,6,1,43,7,-1,-1,-1,5,1,5
2018135661224,2,3,0,18,0,1,0,0,0,0,1,1,6,1,18,4,124,1,19,7,3,7
2018135661784,1,9,0,18,0,8,0,0,0,0,4,1,6,1,23,5,998,1,-1,1,1,1
2018135661784,2,3,0,18,0,8,0,0,0,0,1,1,6,1,30,6,125,1,-1,2,1,2
2018135670265,1,9,0,4,0,1,0,0,0,0,1,1,6,1,25,5,1598,2,5,4,1,4
2018135670265,2,9,0,3,0,1,0,0,0,0,2,1,6,2,37,7,998,1,1,7,1,7
2018135670406,1,9,0,18,0,1,0,0,0,0,3,1,2,1,53,8,1242,1,12,8,1,8
2018135670406,2,9,0,18,0,8,0,0,0,0,1,1,6,2,45,7,1329,1,4,4,1,4
2018135670589,1,9,0,4,0,1,0,0,0,0,1,1,6,1,44,7,1598,2,5,2,1,2
2018135670589,2,9,0,2,0,1,0,0,0,0,2,1,6,2,46,8,1582,2,8,3,1,3
2018135670755,1,9,0,18,0,0,0,4,0,0,4,1,6,2,48,8,1560,2,2,4,2,4
2018135670755,2,9,0,2,0,0,0,0,0,0,4,1,6,2,-1,-1,1968,2,3,5,1,5
2018135670906,1,9,0,9,0,2,0,0,0,0,1,1,6,1,34,6,1200,1,-1,1,1,1
2018135670912,1,9,0,18,0,0,0,0,0,0,4,1,6,2,69,10,2179,2,5,4,1,4
2018135670912,2,9,0,18,0,0,0,0,0,0,3,1,6,1,76,11,1598,1,20,7,1,7
2018135671249,1,9,0,3,0,1,0,4,0,0,4,1,6,1,86,11,2435,1,15,7,2,7
2018135671249,2,9,0,2,0,1,0,0,0,0,3,1,6,1,61,9,1399,1,9,4,1,4
2018135671623,1,9,0,9,0,6,0,0,0,0,4,1,6,2,18,4,1086,1,10,10,1,10
2018135671623,2,1,0,18,0,8,0,0,0,0,1,1,6,1,45,7,-1,-1,-1,6,1,6
2018135671642,1,9,0,8,0,1,0,0,0,0,2,1,6,2,21,5,1560,2,6,1,1,1
2018135671642,2,9,0,18,0,1,0,0,0,0,1,1,6,1,60,9,1399,1,-1,3,1,3
2018135671714,1,9,0,4,0,0,0,0,0,0,1,1,6,1,61,9,1242,1,6,1,1,1
2018135671714,2,9,0,2,0,0,0,0,0,0,2,1,6,2,36,7,1598,1,9,-1,-1,-1
2018135671958,1,5,0,18,0,8,2,0,7,11,1,1,6,1,20,4,599,1,14,1,3,1
2018135672156,1,9,0,16,0,0,0,0,0,0,1,1,6,1,26,6,1229,1,10,2,1,2
2018135672156,2,9,0,2,0,0,0,0,1,11,3,1,6,3,-1,-1,1896,2,11,-1,-1,-1
2018135672156,3,9,0,2,0,0,0,0,1,11,3,1,6,3,-1,-1,1995,2,1,-1,-1,-1
2018135672156,4,9,0,2,0,0,0,0,0,0,3,1,6,3,-1,-1,1686,2,9,-1,-1,-1
2018135680295,1,9,0,9,0,6,0,0,0,0,3,1,1,2,53,8,1995,2,3,2,1,2
2018135680295,2,3,0,18,0,8,0,0,0,0,1,1,1,1,24,5,124,1,5,2,1,2
2018135680382,1,9,0,7,0,6,0,0,0,0,2,1,2,1,23,5,1248,2,10,6,1,6
2018135680382,2,1,0,18,0,8,0,0,0,0,1,1,6,2,32,6,-1,-1,-1,7,1,7
2018135680671,1,9,0,4,0,0,0,0,0,0,1,1,6,1,20,4,1390,1,4,7,1,7
2018135680671,2,9,0,4,0,0,0,0,0,0,2,1,6,2,53,8,1398,2,4,2,1,2
2018135680952,1,9,0,17,0,8,0,0,0,0,3,1,6,2,46,8,1968,2,-1,8,1,8
2018135680952,2,9,0,17,0,8,0,0,0,0,4,1,6,2,-1,-1,-1,-1,-1,-1,-1,-1
2018135681155,1,9,0,18,0,1,0,0,0,0,1,1,2,2,24,5,1422,2,10,7,1,7
2018135681187,1,9,0,18,0,0,0,0,0,0,1,1,6,1,55,8,1796,1,11,10,1,10
2018135681187,2,9,0,18,0,0,1,0,0,0,1,1,6,2,25,5,998,1,4,8,1,8
2018135681187,3,9,0,4,0,0,0,0,0,0,2,1,6,2,28,6,1998,1,1,9,1,9
2018135681539,1,9,0,13,0,0,1,0,0,6,1,1,6,1,18,4,1198,1,6,9,1,9
2018135681539,2,9,0,18,0,0,1,0,0,0,3,1,6,1,72,10,1339,1,5,7,2,7
2018135681637,1,9,0,5,0,6,0,0,0,0,1,1,1,1,32,6,1461,2,14,2,1,2
2018135681637,2,4,0,18,0,8,5,0,0,0,1,1,6,1,26,6,123,1,2,-1,-1,-1
2018135681663,1,9,0,18,0,1,0,0,0,0,1,1,6,2,19,4,1299,1,11,4,1,4
2018135681774,1,3,0,18,0,2,5,0,0,0,1,1,6,1,20,4,124,1,4,1,1,1
2018135681774,2,9,0,18,0,1,0,0,0,0,1,1,6,2,60,9,2979,1,14,1,1,1
2018135681774,3,3,0,18,0,2,0,0,0,0,0,1,6,1,-1,-1,-1,-1,-1,-1,-1,-1
2018135690653,1,9,0,18,0,0,0,0,0,0,3,1,6,1,35,6,1197,1,4,5,1,5
2018135690701,1,9,0,18,0,0,0,0,0,0,3,1,6,1,41,7,1360,1,12,1,1,1
2018135690701,2,9,0,18,0,0,0,0,7,0,4,1,1,1,54,8,2993,2,-1,-1,-1,-1
2018135690777,1,9,0,18,0,1,0,0,0,0,1,1,6,1,46,8,1984,1,1,9,1,9
2018135690777,2,9,0,3,0,1,0,0,0,0,2,1,6,1,41,7,2191,2,5,7,1,7
2018135690942,1,9,0,18,0,1,0,0,0,0,3,1,6,2,33,6,-1,-1,-1,-1,-1,-1
2018135690960,1,9,0,18,0,0,0,0,1,11,1,1,6,1,79,11,2980,2,22,8,3,8
2018135691532,1,9,0,18,0,1,0,0,0,0,2,1,6,2,22,5,1995,2,3,1,1,1
2018135691532,2,9,0,18,0,1,0,0,0,0,1,1,6,2,-1,-1,999,1,6,-1,-1,-1
2018135691537,1,9,0,18,0,0,0,0,0,0,4,1,6,3,-1,-1,-1,-1,-1,-1,-1,-1
2018135691705,1,9,0,18,0,2,0,0,0,0,3,1,6,3,-1,-1,-1,-1,-1,-1,-1,-1
2018135691705,2,9,0,9,0,2,0,0,0,0,3,1,6,2,17,4,1242,1,9,7,1,7
2018135691922,1,9,0,18,0,0,0,0,0,0,1,1,6,3,-1,-1,1399,2,8,-1,-1,-1
2018135691922,2,9,0,18,0,0,0,0,0,0,2,2,6,2,30,6,1364,1,3,3,1,3
2018135691958,1,9,0,18,0,0,5,10,8,10,1,1,6,2,36,7,1686,2,10,1,1,1
2018135692198,1,9,0,5,0,6,0,0,0,0,1,1,6,1,45,7,1061,1,13,1,1,1
2018135692198,2,9,0,18,0,8,0,0,0,0,1,1,6,1,57,9,1598,2,6,1,1,1
20181356A0284,1,3,0,18,0,0,0,0,1,0,1,1,6,1,41,7,-1,-1,-1,-1,-1,-1
20181356A0875,1,9,0,18,0,2,0,0,0,0,1,1,6,2,24,5,998,1,12,1,1,1
20181356A0941,1,9,0,7,0,1,0,0,2,7,4,1,6,2,53,8,1360,1,12,-1,-1,-1
20181356A0941,2,9,0,18,0,1,0,0,0,0,1,1,6,1,39,7,1968,2,1,-1,-1,-1
20181356A1036,1,9,0,18,0,8,0,0,0,0,1,1,6,1,23,5,1896,2,11,1,1,1
20181356A1036,2,9,0,18,0,8,0,0,0,0,1,1,6,1,37,7,2400,1,18,1,1,1
20181356A1036,3,9,0,5,0,8,0,0,0,0,3,1,6,1,43,7,1995,2,5,1,1,1
20181356A1082,1,9,0,1,0,0,0,0,0,0,3,1,6,1,58,9,3246,1,15,2,1,2
20181356A1082,2,19,0,18,0,0,0,0,0,11,1,1,6,1,58,9,-1,-1,-1,5,1,5
20181356A1111,1,9,0,7,0,1,0,0,0,0,1,1,6,1,32,6,1596,1,13,-1,-1,-1
20181356A1111,2,9,0,17,0,1,0,0,0,0,4,1,6,1,25,5,1586,1,9,10,1,10
20181356A1164,1,9,0,18,0,1,0,0,0,0,3,1,6,1,46,8,999,1,2,1,1,1
20181356A1219,1,10,0,4,0,0,0,0,0,0,1,1,1,2,25,5,-1,-1,-1,2,1,2
20181356A1219,2,9,0,4,0,0,0,0,0,0,2,1,6,2,60,9,1997,2,5,1,2,1
20181356A1321,1,9,0,6,0,0,0,0,0,0,3,1,6,1,24,5,1968,2,8,8,1,8
20181356A1321,2,5,0,18,0,0,0,0,0,0,4,1,6,1,53,8,1298,1,19,6,1,6
20181356A1452,1,5,0,17,0,0,2,0,1,11,1,1,6,1,38,7,748,1,22,1,1,1
20181356A1458,1,9,0,7,0,1,0,0,0,0,1,1,6,1,41,7,1968,2,5,3,1,3
20181356A1458,2,5,0,4,0,1,2,0,0,0,2,1,6,1,48,8,953,1,10,2,1,2
20181356A1796,1,20,0,10,0,2,0,0,0,0,4,1,6,1,49,8,3920,2,14,3,3,3
20181356A1796,2,1,0,18,0,1,0,0,0,0,1,1,6,1,11,3,-1,-1,-1,1,1,1
20181356A1877,1,8,0,4,0,2,0,0,0,0,1,1,1,1,22,5,1995,2,6,-1,-1,-1
20181356A1877,2,9,0,4,0,2,0,0,0,0,2,1,6,2,30,6,1229,1,7,2,1,2
20181356A2006,1,9,0,18,0,1,0,0,8,2,1,1,6,1,25,5,1984,1,12,1,1,1
20181356B0186,1,9,0,12,0,0,1,0,0,0,1,1,6,1,21,5,1590,1,14,-1,-1,-1
20181356B0186,2,9,0,17,0,0,1,10,2,7,1,1,6,1,31,6,1598,1,13,1,1,1
20181356B0470,1,19,0,18,0,0,0,0,0,0,4,1,6,3,-1,-1,-1,-1,-1,-1,-1,-1
20181356B0642,1,9,0,18,9,8,0,9,3,6,1,1,6,2,93,11,989,1,15,5,1,5
20181356B0993,1,2,0,18,0,0,5,10,0,0,0,1,6,1,16,4,49,1,-1,3,1,3
20181356B1018,1,19,0,1,0,0,0,0,0,0,2,1,1,1,46,8,2143,2,7,-1,-1,-1
20181356B1326,1,9,0,14,0,0,0,0,0,0,1,1,6,1,48,8,1896,2,11,3,1,3
20181356B1326,2,9,0,18,0,0,0,0,0,0,1,1,6,2,24,5,1595,1,16,6,1,6
20181356B1397,1,9,0,18,0,0,0,0,0,0,1,1,6,1,51,8,1242,1,3,1,1,1
20181356B1397,2,9,0,18,0,0,0,0,0,0,3,1,2,1,43,7,996,1,9,1,1,1
20181356B1397,3,11,0,18,0,0,0,0,0,0,2,1,1,1,45,7,7300,2,16,5,1,5
20181356B1697,1,9,0,7,0,5,2,0,0,0,3,1,2,2,18,4,998,1,-1,3,1,3
20181356B1718,1,1,0,9,0,0,0,0,0,0,1,1,6,1,7,2,-1,-1,-1,1,1,1
20181356B1718,2,9,0,18,0,0,0,0,0,0,1,1,6,1,27,6,1968,2,11,-1,-1,-1
20181356B1995,1,9,0,1,0,0,0,0,0,0,2,1,6,1,54,8,2495,2,15,2,1,2
20181356C0329,1,9,0,18,0,8,0,0,0,0,3,1,2,1,42,7,1587,1,12,1,1,1
20181356C0329,2,19,0,9,0,8,0,0,0,0,4,1,2,1,47,8,2402,2,14,2,1,2
20181356C0609,1,9,0,5,0,3,0,0,0,0,1,1,6,1,-1,-1,-1,-1,-1,-1,-1,-1
20181356C0930,1,9,0,9,0,6,0,0,0,0,4,1,6,1,74,10,2204,2,11,6,1,6
20181356C0930,2,1,0,18,0,8,5,0,1,0,0,1,6,1,57,9,-1,-1,-1,5,1,5
20181356C1054,1,9,0,1,0,0,0,0,0,0,2,1,6,1,-1,-1,1582,2,4,-1,-1,-1
20181356C1139,1,9,0,18,0,0,0,0,0,0,4,1,6,2,46,8,999,1,8,8,2,8
20181356C1139,2,22,0,5,0,0,0,0,0,0,1,1,6,2,85,11,-1,-1,-1,5,2,5
20181356C1189,1,3,0,18,0,1,0,0,0,0,1,1,6,1,20,4,124,1,12,7,1,7
20181356C1189,2,9,0,9,0,6,0,0,0,0,3,1,6,1,30,6,2204,2,10,2,1,2
20181356C1221,1,21,1,11,0,0,0,0,0,0,4,1,1,1,56,9,12740,2,2,2,1,2
20181356C1221,2,9,0,18,0,0,1,0,4,6,3,1,6,2,42,7,1968,2,10,4,1,4
20181356C1338,1,9,0,9,0,1,0,0,0,0,1,1,2,1,26,6,1798,8,5,8,1,8
20181356C1338,2,9,0,18,0,1,0,0,0,0,1,1,2,1,48,8,1968,2,3,4,2,4
20181356C1359,1,1,0,18,0,0,0,0,0,0,1,1,6,1,-1,-1,-1,-1,-1,-1,-1,-1
20181356C1378,1,9,0,7,0,5,0,4,0,0,1,1,1,2,33,6,1299,1,16,-1,-1,-1
20181356C1378,2,9,0,18,0,6,0,0,0,0,1,1,6,1,38,7,1339,1,11,-1,-1,-1
20181356C1698,1,9,0,7,0,5,0,0,0,0,2,1,6,2,25,5,1461,2,4,1,1,1
20181356C1698,2,11,0,18,0,8,0,0,0,0,1,1,1,1,57,9,7300,2,10,3,1,3
20181356C1889,1,9,0,18,0,0,0,0,0,0,4,1,6,1,36,7,1968,2,10,1,1,1
20181356D0139,1,9,0,18,0,8,0,0,3,11,1,1,6,1,22,5,2993,2,1,-1,-1,-1
20181356D0139,2,9,0,18,0,1,0,0,3,11,1,1,6,1,29,6,1499,2,-1,-1,-1,-1
20181356D0288,1,20,0,18,0,0,0,0,0,0,1,1,1,1,68,10,-1,-1,-1,1,1,1
20181356D0393,1,9,0,9,0,8,0,0,0,0,1,1,1,1,24,5,-1,-1,-1,9,1,9
20181356D0393,2,9,0,18,0,1,0,0,0,0,3,1,2,2,42,7,1956,2,7,7,1,7
20181356D0465,1,9,0,18,0,0,0,0,0,0,1,1,6,3,-1,-1,-1,-1,-1,-1,-1,-1
20181356D0465,2,1,0,18,0,0,0,0,0,0,1,1,6,2,11,3,-1,-1,-1,5,1,5
20181356D0552,1,9,0,18,0,8,0,0,0,0,1,1,6,1,30,6,1896,2,14,2,1,2
20181356D0552,2,21,1,9,0,8,0,0,0,0,4,1,1,1,64,9,10837,2,3,5,1,5
20181356D0716,1,8,0,18,0,8,0,0,0,0,3,1,1,1,51,8,1995,2,8,1,1,1
20181356D0716,2,19,0,9,0,8,0,0,0,0,4,1,1,1,52,8,2143,2,2,7,1,7
20181356D0811,1,9,0,18,0,3,0,0,0,0,3,1,6,1,23,5,1360,1,11,1,1,1
20181356D0811,2,9,0,18,0,3,0,0,0,0,4,1,6,1,23,5,2488,1,10,1,1,1
20181356D0958,1,1,0,18,0,0,0,0,0,0,0,1,6,1,74,10,-1,-1,-1,9,1,9
20181356D1158,1,11,0,7,0,8,0,0,0,0,3,1,1,1,57,9,4250,2,13,-1,-1,-1
20181356D1158,2,9,0,18,0,1,0,0,0,0,1,1,6,1,82,11,1560,2,8,-1,-1,-1
20181356D1280,1,19,0,18,0,1,0,0,0,0,0,1,1,3,-1,-1,-1,-1,-1,-1,-1,-1
20181356D1280,2,19,0,10,0,1,0,0,0,0,0,1,6,1,51,8,2998,2,6,3,1,3
20181356D1539,1,9,0,18,0,0,0,0,0,0,4,1,6,2,20,4,1910,2,13,9,2,9
20181356D1589,1,9,0,14,0,0,0,0,0,0,4,1,6,2,29,6,1388,1,14,2,1,2
20181356D1589,2,3,0,16,0,0,0,0,0,0,3,1,6,1,40,7,125,1,1,2,1,2
20181356D1655,1,9,0,9,0,8,0,0,0,0,1,1,6,2,30,6,1395,1,1,3,1,3
20181356D1655,2,9,0,9,0,8,0,0,0,0,3,1,6,2,25,5,1968,2,7,2,1,2
20181356D1754,1,9,0,18,0,1,0,0,0,0,1,1,6,1,41,7,1999,1,11,1,1,1
20181356D1920,1,9,0,13,0,0,5,10,0,0,3,1,6,1,31,6,1299,1,17,1,1,1
20181356D1920,2,9,0,16,0,0,0,0,0,0,3,1,1,1,39,7,1797,8,5,3,1,3
20181356D1920,3,9,0,18,0,0,0,0,0,0,0,1,6,2,31,6,1968,2,6,2,1,2
20181356E0477,1,9,0,18,0,8,0,0,0,0,1,1,1,1,39,7,1399,1,2,5,2,5
20181356E0477,2,9,0,18,0,8,2,0,1,1,4,1,6,2,21,5,1242,1,12,9,3,9
20181356E0483,1,9,0,18,0,1,0,0,0,0,1,1,2,1,45,7,1390,1,4,1,1,1
20181356E0483,2,9,0,2,0,1,0,0,0,0,2,1,6,3,-1,-1,1242,1,5,-1,-1,-1
20181356E0483,3,9,0,2,0,1,0,0,0,0,3,1,6,3,-1,-1,1339,1,12,-1,-1,-1
20181356E0611,1,9,0,18,0,0,5,4,0,0,1,1,6,2,71,10,1461,2,4,6,1,6
20181356E0611,2,9,0,2,0,0,0,0,0,0,2,1,6,3,-1,-1,1360,1,9,-1,-1,-1
20181356E0645,1,9,0,18,0,0,0,0,0,0,1,1,6,2,83,11,1360,1,13,6,3,6
20181356E0645,2,9,0,2,0,0,0,0,0,0,1,1,6,1,-1,-1,1995,2,5,-1,-1,-1
20181356E1004,1,9,0,9,0,1,0,0,7,10,4,1,6,3,-1,-1,1686,2,12,-1,-1,-1
20181356E1004,2,9,0,18,0,1,0,0,0,0,1,1,6,2,54,8,2497,1,13,7,1,7
20181356E1022,1,9,0,18,0,0,0,0,0,0,2,1,6,3,-1,-1,-1,-1,-1,-1,-1,-1
20181356E1022,2,9,0,18,0,0,0,0,0,0,1,1,6,2,32,6,1968,2,12,4,1,4
20181356E1043,1,9,0,5,0,0,0,0,0,0,3,1,6,1,49,8,1968,2,3,2,1,2
20181356E1043,2,9,0,18,0,0,0,0,0,0,4,1,6,2,25,5,1198,1,16,2,1,2
20181356E1079,1,21,1,3,0,4,0,0,0,0,1,1,1,2,32,6,12740,2,7,1,1,1
20181356E1079,2,9,0,3,0,4,0,0,0,0,2,1,1,1,50,8,2982,2,3,2,1,2
20181356E1084,1,8,0,18,0,0,5,0,1,9,1,1,1,1,71,10,1598,2,4,1,1,1
20181356E1121,1,9,0,18,0,0,0,0,0,0,2,1,6,2,56,9,2143,2,1,8,1,8
20181356E1121,2,9,0,18,0,0,1,0,0,0,1,1,6,1,79,11,999,1,1,9,1,9
20181356E1121,3,9,0,18,0,0,1,0,0,0,1,1,6,1,24,5,1499,2,4,4,1,4
20181356E1121,4,9,0,18,0,0,1,0,0,0,1,1,6,1,49,8,-1,-1,-1,5,3,5
20181356E1412,1,19,0,18,0,0,0,0,0,0,1,1,1,1,34,6,2143,2,1,8,1,8
20181356E1412,2,9,0,4,0,0,0,0,0,0,2,1,2,1,24,5,1199,1,15,1,1,1
20181356E1412,3,9,0,4,0,0,0,0,0,0,2,1,1,2,44,7,1999,2,2,7,1,7
20181356E1769,1,2,0,18,5,0,1,0,0,0,4,1,6,1,-1,-1,-1,-1,-1,-1,-1,-1
20181356E1953,1,9,0,18,0,8,0,0,0,0,1,1,6,2,18,4,998,1,9,3,1,3
20181356E1953,2,9,0,18,0,8,0,0,1,11,3,1,6,1,46,8,1685,2,-1,1,1,1
20181356E1968,1,9,0,18,0,8,1,0,7,11,1,1,6,1,21,5,2143,2,1,9,3,9
20181356E1968,2,9,0,9,0,6,0,0,0,0,4,1,6,2,48,8,998,1,2,9,3,9
20181356E2002,1,9,0,9,0,5,0,0,0,0,0,1,6,2,36,7,-1,-1,-1,-1,-1,-1
20181356E2002,2,1,0,18,0,1,0,0,0,0,0,1,2,1,43,7,-1,-1,-1,-1,-1,-1
20181356E2027,1,9,0,18,0,0,0,0,7,0,1,1,6,2,35,6,1598,1,15,1,1,1
20181356F0454,1,9,0,14,0,1,0,0,0,0,1,1,6,1,-1,-1,1598,1,13,-1,-1,-1
20181356F0454,2,9,0,18,0,1,0,0,0,0,1,1,1,2,40,7,1242,1,12,4,1,4
20181356F0896,1,19,0,7,0,8,0,0,0,0,1,1,1,1,23,5,2402,2,9,5,1,5
20181356F1049,1,9,0,13,0,8,2,0,8,11,1,1,2,1,20,4,1595,1,12,4,1,4
20181356F1049,2,9,0,9,0,8,0,0,0,0,3,1,2,1,41,7,2967,2,1,7,1,7
20181356F1240,1,9,0,18,0,8,0,0,0,0,4,1,6,2,25,5,1461,2,12,10,1,10
20181356F1289,1,9,0,18,0,8,0,0,0,0,1,1,6,1,49,8,1998,8,2,7,1,7
20181356F1289,2,9,0,18,0,8,0,0,0,0,2,1,6,1,47,8,1368,1,1,5,1,5
20181356F1303,1,9,0,9,0,0,0,0,0,0,1,1,6,2,20,4,1242,1,15,3,1,3
20181356F1303,2,4,0,18,0,0,0,0,0,0,4,1,6,1,66,10,1200,1,19,5,1,5
20181356F1467,1,3,0,18,0,8,2,0,0,0,1,1,6,1,28,6,-1,-1,-1,3,1,3
20181356F1467,2,9,0,18,0,8,0,0,0,0,3,1,6,1,29,6,1364,1,1,1,1,1
20181356F1480,1,5,0,18,0,0,2,0,1,0,1,1,6,1,32,6,599,1,12,1,1,1
20181356F1480,2,9,0,18,0,0,0,0,0,0,3,1,6,2,42,7,2204,2,11,10,1,10
20181356F1483,1,9,0,18,0,0,0,0,0,0,1,1,6,1,36,7,1995,2,7,3,1,3
20181356F1483,2,9,0,18,0,0,0,0,0,0,2,1,6,1,28,6,1968,2,7,-1,-1,-1
20181356F2269,1,9,0,9,0,8,0,0,0,0,4,1,6,1,47,8,1398,1,8,1,1,1
20181356F2269,2,3,0,18,0,8,0,0,0,0,1,1,6,1,18,4,124,1,2,5,1,5
20181356G0286,1,9,0,6,0,0,0,0,0,0,3,1,6,1,22,5,1198,1,12,1,1,1
20181356G0286,2,8,0,18,0,0,0,0,0,0,4,1,1,1,34,6,1968,2,9,1,1,1
20181356G0490,1,9,0,16,0,0,1,0,0,7,4,1,2,1,20,4,1388,1,13,-1,-1,-1
20181356G0490,2,19,0,17,0,0,0,0,0,0,1,1,2,1,55,8,2143,2,1,1,1,1
20181356G0593,1,9,0,9,0,1,0,0,0,0,2,1,6,2,33,6,1388,1,12,7,1,7
20181356G0593,2,9,0,18,0,1,0,0,0,0,1,1,6,1,28,6,1968,2,9,-1,-1,-1
20181356G0624,1,1,0,18,0,1,0,0,0,0,1,1,6,1,16,4,-1,-1,-1,3,1,3
20181356G0624,2,9,0,18,0,1,0,0,0,0,4,1,6,1,52,8,1598,2,3,9,3,9
20181356G0924,1,9,0,18,0,1,0,10,0,0,1,1,6,1,25,5,1896,2,13,8,1,8
20181356G0924,2,9,0,4,0,1,0,0,0,0,2,1,6,2,58,9,1798,8,1,10,1,10
20181356G0924,3,20,0,5,0,1,0,0,0,0,2,1,6,1,62,9,-1,-1,-1,3,1,3
20181356G0924,4,9,0,18,0,1,0,0,0,0,0,1,6,1,25,5,2521,1,9,4,1,4
20181356G1144,1,9,0,18,0,8,0,0,0,0,4,1,6,1,28,6,1598,1,9,4,1,4
20181356G1182,1,9,0,18,0,0,0,0,0,0,4,1,6,2,35,6,1364,1,9,1,1,1
20181356G1182,2,21,1,18,0,0,0,0,0,0,3,1,1,1,42,7,-1,-1,-1,-1,-1,-1
20181356G1338,1,11,0,18,0,0,0,0,0,0,1,1,1,1,56,9,7300,2,12,6,3,6
20181356G1647,1,9,0,2,6,0,0,0,0,0,3,1,6,2,46,8,1229,1,2,2,1,2
20181356G1647,2,9,0,18,6,0,0,0,0,0,1,1,6,1,70,10,1910,2,11,1,1,1
20181356G1687,1,9,0,18,0,1,0,0,0,0,1,1,6,1,42,7,2099,1,16,-1,-1,-1
20181356G1687,2,9,0,18,0,2,0,0,0,0,2,1,6,2,29,6,1598,2,5,6,1,6
20181356H0513,1,11,0,4,0,0,0,0,0,0,0,1,1,1,-1,-1,4250,2,8,-1,-1,-1
20181356H0522,1,9,0,5,0,8,0,0,0,0,1,1,6,2,40,7,998,1,7,2,1,2
20181356H0522,2,1,0,18,0,8,5,0,0,0,1,1,6,1,33,6,-1,-1,-1,3,1,3
20181356H0583,1,1,0,18,0,0,1,0,0,0,1,1,6,1,47,8,-1,-1,-1,4,1,4
20181356H0583,2,9,0,18,0,0,0,0,0,0,1,1,6,1,44,7,2993,2,-1,7,3,7
20181356H0686,1,9,0,16,0,0,0,0,0,0,1,1,6,1,23,5,1461,2,1,1,1,1
20181356H0686,2,9,0,17,0,0,0,0,0,0,1,1,6,2,24,5,1398,1,6,1,1,1
20181356H0769,1,19,0,18,0,0,0,0,0,0,1,1,6,1,-1,-1,1560,2,4,-1,-1,-1
20181356H0769,2,9,0,18,0,0,0,0,0,0,1,1,6,2,21,5,1397,1,8,9,2,9
20181356H0777,1,11,0,18,2,1,0,0,0,0,4,1,1,1,49,8,9360,2,9,4,1,4