Accident_Index,Vehicle_Reference,Vehicle_Type,Towing_and_Articulation,Vehicle_Manoeuvre,Vehicle_Location-Restricted_Lane,Junction_Location,Skidding_and_Overturning,Hit_Object_in_Carriageway,Vehicle_Leaving_Carriageway,Hit_Object_off_Carriageway,1st_Point_of_Impact,Was_Vehicle_Left_Hand_Drive?,Journey_Purpose_of_Driver,Sex_of_Driver,Age_of_Driver,Age_Band_of_Driver,Engine_Capacity_(CC),Propulsion_Code,Age_of_Vehicle,Driver_IMD_Decile,Driver_Home_Area_Type,Vehicle_IMD_Decile
20181356H0779,1,9,0,9,0,8,0,0,0,0,0,1,6,3,-1,-1,-1,-1,-1,-1,-1,-1
20181356H0779,2,11,0,18,0,1,0,0,0,0,0,1,1,1,21,5,-1,-1,-1,2,1,2
20181356H1218,1,8,0,3,0,1,0,0,0,0,2,1,1,1,37,7,1598,2,2,1,1,1
20181356H1218,2,9,0,4,0,1,0,0,0,0,1,1,6,1,37,7,1598,1,10,5,1,5
20181356H1249,1,19,0,18,0,0,0,0,0,0,1,1,1,1,48,8,1560,2,5,1,1,1
20181356H1480,1,9,0,18,0,0,0,0,0,0,1,1,6,3,-1,-1,1598,2,4,-1,-1,-1
20181356H1480,2,9,0,18,0,0,0,0,0,0,1,1,6,2,47,8,998,1,-1,3,1,3
20181356H1483,1,8,0,15,0,0,0,0,0,0,3,1,1,1,44,7,1968,2,8,2,1,2
20181356H1715,1,9,0,18,0,2,0,0,0,0,3,1,6,3,-1,-1,-1,-1,-1,-1,-1,-1
20181356H1799,1,8,0,5,0,0,0,0,0,0,1,1,1,1,43,7,1995,2,9,3,1,3
20181356I0264,1,9,0,4,0,0,0,0,0,0,2,1,2,2,49,8,1248,2,9,7,1,7
20181356I0264,2,9,0,18,0,0,0,0,0,0,1,1,2,2,56,9,1560,2,5,7,1,7
20181356I0356,1,9,0,6,0,0,0,0,0,0,3,1,6,1,45,7,998,1,6,10,1,10
20181356I0356,2,1,0,18,0,0,0,0,0,0,1,1,6,1,30,6,-1,-1,-1,2,1,2
20181356I0372,1,9,0,4,0,0,0,0,0,0,1,1,2,2,35,6,1999,2,1,-1,-1,-1
20181356I0372,2,9,0,4,0,0,0,0,0,0,2,1,2,1,31,6,998,1,2,8,3,8
20181356I0372,3,9,0,4,0,0,0,0,0,0,2,1,2,2,56,9,-1,-1,-1,4,1,4
20181356I0385,1,8,0,18,0,0,0,0,0,0,1,1,1,2,40,7,1797,8,3,1,1,1
20181356I0385,2,1,0,18,0,0,0,0,0,0,2,1,2,1,27,6,-1,-1,-1,1,1,1
20181356I0400,1,9,0,4,0,0,0,0,0,0,3,1,6,2,24,5,1968,2,8,1,1,1
20181356I0659,1,9,0,18,0,8,0,0,0,0,1,1,6,1,54,8,1999,2,1,2,1,2
20181356I0659,2,9,0,9,0,6,0,0,0,0,3,1,1,1,30,6,1598,1,17,7,1,7
20181356I0990,1,9,0,9,0,2,0,0,0,0,1,1,6,2,29,6,1197,1,3,5,1,5
20181356I0990,2,9,0,18,0,1,1,0,0,0,4,1,6,1,-1,-1,1896,2,14,-1,-1,-1
20181356I1043,1,9,0,1,0,0,0,0,0,0,2,1,6,3,-1,-1,-1,-1,-1,-1,-1,-1
20181356I1043,2,9,0,18,0,0,0,0,0,0,1,1,6,1,23,5,1968,2,8,3,1,3
20181356I1044,1,19,0,5,0,8,0,0,0,0,1,1,6,1,30,6,-1,-1,-1,-1,-1,-1
20181356I1044,2,9,0,18,0,8,0,0,0,0,4,1,6,1,44,7,1796,1,10,1,1,1
20181356I1098,1,9,0,18,0,0,0,0,0,0,3,1,6,1,51,8,1598,2,1,6,1,6
20181356I1098,2,9,0,18,0,0,0,0,0,0,3,1,6,1,52,8,1108,1,14,1,1,1
20181356I1159,1,9,0,18,0,0,0,0,0,0,3,1,3,2,34,6,1997,2,5,2,1,2
20181356I1214,1,4,0,4,0,0,0,0,0,0,3,1,6,1,21,5,471,1,1,5,1,5
20181356I1258,1,9,0,9,0,6,0,0,0,0,1,1,2,1,27,6,1560,2,7,3,1,3
20181356I1258,2,9,0,18,0,1,0,0,0,0,3,1,6,2,26,6,1200,1,2,4,1,4
20181356I1371,1,9,0,9,0,5,0,0,0,0,1,1,6,1,23,5,1248,2,12,8,1,8
20181356I1371,2,9,0,18,0,1,0,0,0,0,1,1,6,1,27,6,1995,2,1,9,1,9
20181356I1371,3,9,0,18,0,1,0,0,0,0,1,1,6,1,30,6,1399,2,7,4,1,4
20181356I1471,1,9,0,3,0,1,0,0,0,0,4,1,6,2,45,7,2143,2,2,9,3,9
20181356I1471,2,1,0,5,0,6,0,0,0,0,1,1,6,1,8,2,-1,-1,-1,2,1,2
20181356I1759,1,11,0,5,0,0,0,0,0,0,0,1,1,1,54,8,9360,2,10,2,1,2
20181356J0047,1,9,0,5,0,2,0,0,0,0,1,1,6,1,50,8,1198,1,8,7,1,7
20181356J0047,2,3,0,18,0,1,0,0,0,0,3,1,6,1,27,6,123,1,5,3,1,3
20181356J0051,1,9,0,7,0,6,0,0,0,0,1,1,6,3,-1,-1,-1,-1,-1,-1,-1,-1
20181356J0051,2,1,0,18,0,8,5,0,0,0,2,1,6,1,31,6,-1,-1,-1,1,1,1
20181356J0328,1,9,0,9,0,1,0,0,0,0,3,1,2,2,55,8,1198,1,8,1,1,1
20181356J0328,2,4,0,18,0,1,0,0,0,0,4,1,2,1,43,7,249,1,2,3,1,3
20181356J0342,1,9,0,18,0,0,0,0,0,0,1,1,6,2,73,10,1086,1,10,2,1,2
20181356J0342,2,1,0,18,0,0,0,0,0,0,3,1,4,1,11,3,-1,-1,-1,1,1,1
20181356J0366,1,9,0,18,0,0,0,0,0,1,1,1,1,1,50,8,999,1,1,6,1,6
20181356J0366,2,19,0,18,0,0,0,0,0,0,3,1,1,1,30,6,2198,2,10,3,1,3
20181356J0489,1,20,0,18,0,0,0,0,0,0,4,1,1,1,59,9,4500,2,3,2,1,2
20181356J0552,1,9,0,4,0,0,0,0,0,0,1,1,2,2,35,6,1999,2,2,10,1,10
20181356J0552,2,11,0,3,0,0,0,0,0,0,2,1,1,1,49,8,9360,2,6,7,3,7
20181356J0695,1,11,0,18,0,0,0,0,0,0,4,1,1,1,26,6,12000,2,13,9,2,9
20181356J0695,2,1,0,18,0,0,0,0,0,0,3,1,6,2,36,7,-1,-1,-1,4,1,4
20181356J1036,1,9,0,18,0,0,0,0,0,0,1,1,6,1,77,11,1497,8,4,7,1,7
20181356J1096,1,11,0,2,0,0,0,0,0,0,1,1,1,2,31,6,4820,2,7,3,1,3
20181356J1096,2,11,0,2,0,0,0,0,0,0,2,1,1,1,37,7,9360,2,6,8,1,8
20181356J1197,1,9,0,7,0,8,0,0,0,0,4,1,6,1,37,7,1997,2,-1,3,1,3
20181356J1221,1,9,0,7,0,8,0,0,0,0,4,1,6,2,63,9,1598,1,13,1,1,1
20181356J1221,2,1,0,18,0,8,0,0,0,0,1,1,6,1,52,8,-1,-1,-1,6,1,6
20181356J1324,1,9,0,5,0,6,0,0,0,0,1,1,1,1,46,8,1797,8,4,2,1,2
20181356J1324,2,5,0,17,0,8,0,0,0,0,1,1,6,1,70,10,800,1,6,6,3,6
20181356J1962,1,9,0,18,0,1,0,0,1,11,1,1,6,2,28,6,1796,1,10,2,1,2
20181356J1962,2,9,0,9,0,1,0,0,0,0,3,1,6,1,47,8,1198,1,8,2,1,2
20181356J2283,1,3,0,7,0,2,1,0,7,10,4,1,6,1,21,5,125,1,3,-1,-1,-1
20181356K0452,1,9,0,12,0,1,0,0,0,0,4,1,6,1,22,5,1360,1,15,5,1,5
20181356K0618,1,1,0,16,0,0,1,0,0,0,1,1,6,1,13,3,-1,-1,-1,2,2,2
20181356K0618,2,19,0,17,0,0,0,0,0,0,3,1,2,1,54,8,2198,2,3,9,2,9
20181356K0799,1,9,0,18,0,0,2,0,8,11,1,1,2,1,73,10,1198,1,3,7,1,7
20181356K0956,1,9,0,18,0,1,0,0,0,0,2,1,6,1,19,4,1997,2,6,4,1,4
20181356K0956,2,9,0,18,0,1,0,0,0,0,2,1,6,1,38,7,1499,1,-1,4,1,4
20181356K1107,1,11,0,18,2,1,0,0,0,0,1,1,1,1,34,6,7300,2,11,3,1,3
20181356K1157,1,9,0,18,0,0,0,0,0,0,4,1,6,3,-1,-1,-1,-1,-1,-1,-1,-1
20181356K1378,1,8,0,18,0,2,0,0,0,0,4,1,1,1,31,6,1598,2,5,9,1,9
20181356K1462,1,9,0,9,0,8,0,0,0,0,3,1,6,1,29,6,1296,1,12,2,1,2
20181356K1462,2,19,0,18,0,8,0,0,0,0,4,1,6,1,24,5,2402,2,7,5,2,5
20181356K1643,1,9,0,18,0,0,0,0,0,0,1,1,6,2,19,4,1400,1,15,2,1,2
20181356K1643,2,9,0,2,0,0,0,0,0,0,2,1,6,3,-1,-1,1598,2,2,-1,-1,-1
20181356K1643,3,9,0,2,0,0,0,0,0,0,2,1,6,3,-1,-1,-1,-1,-1,-1,-1,-1
20181356K1979,1,9,0,18,0,0,0,10,1,11,3,1,6,1,73,10,1198,1,13,-1,-1,-1
20181356L0255,1,9,0,9,0,6,0,0,0,0,3,1,6,2,74,10,1685,2,4,5,1,5
20181356L0255,2,5,0,18,0,1,0,0,7,0,1,1,1,1,32,6,-1,-1,-1,2,1,2
20181356L0315,1,11,0,9,0,6,0,0,0,0,1,1,6,1,55,8,-1,-1,-1,-1,-1,-1
20181356L0315,2,3,0,18,0,1,0,0,0,0,1,1,6,1,29,6,125,1,5,-1,-1,-1
20181356L0322,1,1,0,18,0,8,0,0,0,0,1,1,2,1,29,6,-1,-1,-1,6,1,6
20181356L0322,2,9,0,7,0,8,0,0,0,0,3,1,2,2,55,8,1360,1,11,8,1,8
20181356L0444,1,9,0,18,0,0,0,0,0,0,1,1,6,1,20,4,-1,-1,-1,-1,-1,-1
20181356L0680,1,9,0,18,0,0,0,0,0,0,1,1,6,1,69,10,2693,1,8,6,1,6
20181356L0965,1,9,0,18,0,0,5,0,1,9,4,1,6,1,21,5,1349,1,7,8,1,8
20181356L0985,1,9,0,4,0,0,0,0,0,0,1,1,6,2,25,5,1398,1,1,5,1,5
20181356L0985,2,9,0,4,0,0,0,0,0,0,1,1,6,1,51,8,2143,2,7,1,1,1
20181356L0985,3,8,0,4,0,0,0,0,0,0,1,1,6,1,36,7,1598,2,6,4,1,4
20181356L0985,4,9,0,4,0,0,0,0,0,0,2,1,6,1,49,8,1995,2,-1,3,1,3
20181356L0985,5,9,0,3,0,0,0,0,0,0,2,1,6,1,55,8,-1,-1,-1,3,1,3
20181356L0985,6,9,0,3,0,0,0,0,0,0,2,1,6,1,23,5,1995,2,2,10,1,10
20181356L1162,1,9,0,18,0,0,0,0,0,0,4,1,6,1,61,9,1598,1,12,1,1,1
20181356L1295,1,9,0,18,0,0,0,0,0,0,1,1,6,1,24,5,1995,2,7,1,1,1
20181356L1295,2,9,0,4,0,0,0,0,0,0,2,1,6,2,53,8,1242,1,5,7,1,7
20181356L1341,1,9,0,18,0,1,0,0,0,0,4,1,1,1,37,7,1560,2,8,3,1,3
20181356L1392,1,9,0,4,0,0,0,0,0,0,2,1,6,1,23,5,1395,1,3,6,3,6
20181356L1392,2,9,0,18,0,0,1,0,0,0,1,1,6,2,19,4,1400,1,11,7,-1,7
20181356L1415,1,9,0,18,0,0,0,0,0,0,4,1,2,1,33,6,1339,8,8,7,-1,7
20181356L1461,1,9,0,16,0,0,0,0,0,0,1,1,6,1,-1,-1,1229,1,5,-1,-1,-1
20181356L1461,2,2,0,14,0,0,1,0,0,0,1,1,6,1,17,4,125,1,4,5,1,5
20181356L1519,1,9,0,1,0,6,0,0,0,0,4,1,6,1,59,9,1395,1,3,4,1,4
20181356L1519,2,5,0,18,0,8,1,0,0,0,1,1,6,1,29,6,577,1,19,5,1,5
20181356L1862,1,1,0,18,0,8,0,0,0,0,1,1,6,1,14,3,-1,-1,-1,-1,-1,-1
20181356L1862,2,9,0,3,0,8,0,0,0,0,4,1,6,2,71,10,996,1,4,1,1,1
20181356L1893,1,19,0,18,0,0,0,0,0,0,4,1,6,1,35,6,2198,2,5,3,1,3
20181356L1945,1,9,0,18,0,8,0,0,0,0,3,1,6,1,31,6,1590,1,13,1,1,1
20181356L1945,2,9,0,18,0,8,0,0,0,0,1,1,6,1,38,7,1364,1,4,4,1,4
20181356M0359,1,19,0,18,0,2,0,0,0,0,3,1,2,1,23,5,1461,2,3,7,1,7
20181356M0374,1,21,1,18,0,8,0,0,0,0,1,1,1,1,37,7,12740,2,2,5,1,5
20181356M0374,2,9,0,18,0,8,1,0,0,0,4,1,6,2,20,4,998,1,10,2,1,2
20181356M0434,1,21,1,18,0,0,0,0,0,0,1,1,1,1,36,7,12777,2,-1,2,1,2
20181356M0434,2,9,0,18,0,0,0,0,0,0,1,1,1,2,17,4,1198,1,13,10,1,10
20181356M0436,1,9,0,18,0,0,0,0,0,0,1,1,3,2,46,8,2268,2,2,1,1,1
20181356M0710,1,11,0,9,0,8,0,0,0,0,0,1,1,1,44,7,9360,2,9,-1,-1,-1
20181356M0879,1,9,0,1,0,6,0,0,0,0,0,1,6,3,-1,-1,-1,-1,-1,-1,-1,-1
20181356M0879,2,11,0,18,0,1,0,0,0,0,0,1,1,1,31,6,9360,2,9,3,1,3
20181356M1039,1,9,0,9,0,6,0,0,0,0,3,1,1,1,51,8,1229,1,2,1,1,1
20181356M1039,2,4,0,18,0,8,0,0,0,0,1,1,6,1,51,8,750,1,6,1,1,1
20181356M1085,1,19,0,9,0,5,0,0,0,0,3,1,1,1,60,9,-1,-1,-1,3,1,3
20181356M1085,2,9,0,18,0,8,0,0,0,0,1,1,6,1,52,8,-1,-1,-1,7,1,7
20181356M1123,1,9,0,18,0,1,0,0,0,0,1,1,6,1,31,6,2967,2,14,1,1,1
20181356M1123,2,9,0,18,0,1,0,0,0,0,1,1,6,1,33,6,1984,1,4,1,1,1
20181356M1193,1,9,0,1,0,0,0,0,0,0,2,1,6,1,23,5,1364,1,11,7,1,7
20181356M1393,1,9,0,9,0,5,0,0,0,0,4,1,6,1,43,7,1798,1,14,5,2,5
20181356M1393,2,9,0,18,0,8,0,0,0,0,1,1,1,1,44,7,1997,2,4,-1,-1,-1
20181356M1463,1,9,0,9,0,6,0,0,1,11,1,1,6,2,43,7,2199,2,6,9,3,9
20181356M1674,1,9,0,18,0,0,0,0,0,0,1,1,6,3,-1,-1,-1,-1,-1,-1,-1,-1
20181356M1674,2,3,0,18,0,0,0,0,0,0,2,1,6,2,49,8,124,1,4,4,1,4
20181356M1942,1,9,0,18,0,0,0,0,0,0,1,1,6,1,44,7,1999,2,2,8,2,8
20181356M1942,2,1,0,18,0,0,0,0,0,0,2,1,6,1,58,9,-1,-1,-1,10,1,10
20181356M2185,1,9,0,10,0,1,0,0,0,0,3,1,6,2,22,5,1397,1,8,-1,-1,-1
20181356M2185,2,9,0,7,0,1,0,0,0,0,1,1,6,1,50,8,1329,1,8,4,1,4
20181356N0082,1,9,0,6,0,5,0,0,7,11,3,1,6,1,27,6,2000,2,13,1,1,1
20181356N0082,2,9,0,18,0,1,0,0,0,0,1,1,6,1,34,6,1798,8,-1,4,1,4
20181356N0335,1,9,0,17,0,0,1,4,2,3,4,1,6,1,19,4,1197,1,5,2,1,2
20181356N0335,2,9,0,2,0,0,0,0,0,0,3,1,6,3,27,6,998,1,3,6,1,6
20181356N0335,3,9,0,2,0,0,0,0,0,0,2,1,6,3,28,6,1997,2,10,2,1,2
20181356N0335,4,9,0,2,5,0,0,0,0,0,0,1,6,3,26,6,1798,1,9,2,1,2
20181356N0982,1,3,0,18,0,1,0,0,0,0,1,1,1,1,17,4,-1,-1,-1,1,1,1
20181356N0982,2,9,0,9,0,8,0,0,0,0,4,1,6,2,30,6,1560,2,4,4,-1,4
20181356N1151,1,9,0,18,0,0,0,0,0,0,1,1,6,3,-1,-1,-1,-1,-1,-1,-1,-1
20181356N1151,2,1,0,18,0,0,5,0,0,0,3,1,6,1,20,4,-1,-1,-1,4,1,4
20181356N1394,1,9,0,18,0,0,0,0,0,0,3,1,6,1,41,7,1339,1,9,5,1,5
20181356N1394,2,1,0,18,0,0,0,0,0,0,1,1,6,1,50,8,-1,-1,-1,1,1,1
20181356N1608,1,11,0,18,3,8,0,0,0,0,0,1,1,1,47,8,6700,2,1,7,1,7
20181356N2060,1,3,0,18,0,0,0,0,0,0,1,1,6,1,16,4,-1,-1,-1,4,2,4
20181356N2060,2,19,0,2,0,0,0,0,0,0,2,1,6,1,31,6,1995,2,-1,2,1,2
20181356O0150,1,9,0,18,0,0,0,0,0,0,3,1,6,1,25,5,-1,-1,-1,10,2,10
20181356O0150,2,9,0,15,0,0,0,0,1,3,1,1,1,1,43,7,2993,2,1,-1,-1,-1
20181356O0150,3,9,0,13,0,0,0,0,0,0,4,1,1,1,50,8,2993,2,3,-1,-1,-1
20181356O0370,1,9,0,18,0,0,5,0,1,2,1,1,1,1,25,5,1598,2,5,1,1,1
20181356O0515,1,9,0,18,0,0,0,0,0,0,1,1,6,2,22,5,1984,1,1,3,1,3
20181356O0515,2,9,0,18,0,0,0,0,0,0,1,1,6,2,42,7,1794,1,14,1,1,1
20181356O0515,3,9,0,2,0,0,0,0,0,0,4,1,6,1,26,6,1686,2,10,1,1,1
20181356O0904,1,9,0,16,0,0,0,0,3,11,1,1,6,2,75,10,1229,1,8,6,2,6
20181356O0904,2,9,0,2,0,0,0,0,0,0,1,1,6,2,51,8,1197,1,2,2,-1,2
20181356O0969,1,9,0,18,0,8,0,0,0,0,4,1,6,1,47,8,1686,2,7,5,1,5
20181356O0969,2,1,0,18,0,8,0,0,0,0,2,1,6,1,67,10,-1,-1,-1,10,2,10
20181356O1225,1,9,0,15,0,0,0,0,0,0,4,1,6,1,19,4,1248,2,7,4,1,4
20181356O1258,1,9,0,18,0,1,0,0,0,0,1,1,1,1,19,4,1686,2,16,-1,-1,-1
20181356O1258,2,1,0,18,0,1,0,0,0,0,1,1,1,1,56,9,-1,-1,-1,6,2,6
20181356O1289,1,1,0,18,0,1,0,0,0,0,4,1,6,2,11,3,-1,-1,-1,3,1,3
20181356O1289,2,9,0,18,0,1,0,0,0,0,1,1,6,2,27,6,1364,1,10,3,1,3
20181356O1424,1,17,0,18,0,0,0,0,0,0,0,1,6,1,24,5,-1,-1,-1,4,1,4
20181356O1466,1,9,0,18,0,8,0,0,0,0,1,1,6,2,42,7,1598,1,14,5,2,5
20181356O1466,2,9,0,18,0,8,0,0,1,0,1,1,6,2,43,7,1796,1,7,1,1,1
20181356O1466,3,9,0,7,0,6,0,0,0,0,3,1,6,1,42,7,1399,2,10,1,1,1
20181356O1555,1,2,0,7,0,5,0,0,0,0,2,1,6,1,22,5,124,1,2,1,1,1
20181356O1555,2,9,0,18,0,8,0,0,0,0,1,1,6,1,37,7,2198,2,11,5,1,5
20181356O1559,1,4,0,18,9,0,0,0,0,0,1,1,6,1,15,3,-1,-1,-1,-1,-1,-1
20181356O1743,1,9,0,9,0,5,0,0,0,0,1,1,2,2,21,5,1242,1,6,1,1,1
20181356O1743,2,1,0,18,0,8,0,0,0,0,1,1,2,1,26,6,-1,-1,-1,1,1,1
20181356P0363,1,22,0,18,0,6,0,0,0,0,3,1,6,1,80,11,-1,-1,-1,1,1,1
20181356P0363,2,19,0,7,0,6,0,0,0,0,1,1,1,1,44,7,2298,2,1,8,1,8
20181356P0416,1,9,0,9,0,8,0,0,0,0,1,1,6,1,52,8,1896,2,12,8,1,8
20181356P0416,2,1,0,18,0,8,5,0,0,0,3,1,6,1,53,8,-1,-1,-1,10,1,10
20181356P0609,1,9,0,18,0,8,0,0,0,0,1,1,6,3,20,4,-1,-1,-1,-1,-1,-1
20181356P0609,2,9,0,3,0,8,0,0,0,0,2,1,1,2,39,7,1240,1,12,2,1,2
20181356P0740,1,9,0,18,0,6,0,0,0,0,1,1,6,1,27,6,2000,2,14,1,1,1
20181356P0740,2,9,0,9,0,8,0,0,0,0,4,1,1,1,34,6,3800,1,7,1,1,1
20181356P1037,1,9,0,18,0,1,0,0,0,0,1,1,6,1,-1,-1,1968,2,10,-1,-1,-1
20181356P1037,2,9,0,3,0,1,0,0,0,0,2,1,6,1,39,7,1598,2,2,2,1,2
20181356P1224,1,9,0,11,0,0,0,0,0,0,2,1,6,1,27,6,-1,-1,-1,-1,-1,-1
20181356P1224,2,9,0,18,0,0,0,0,0,0,1,1,6,1,31,6,1984,1,2,2,1,2
20181356P1224,3,9,0,18,0,0,0,0,0,0,1,1,6,1,35,6,1896,2,15,7,1,7
20181356P1224,4,9,0,18,0,0,0,0,0,0,1,1,6,2,49,8,1968,2,4,1,1,1
20181356P1254,1,9,0,18,0,1,0,0,0,0,1,1,6,2,81,11,1591,1,6,2,1,2
20181356P1254,2,1,0,18,0,2,0,0,0,0,2,1,6,2,46,8,-1,-1,-1,7,1,7
20181356P1365,1,5,0,18,0,8,0,0,0,0,1,1,2,1,30,6,599,1,10,5,1,5
20181356P1365,2,9,0,18,0,8,0,0,0,0,2,1,2,1,51,8,1998,1,1,7,1,7
20181356P1381,1,5,0,18,0,0,0,0,0,0,1,1,6,1,71,10,744,1,3,5,1,5
20181356P1381,2,9,0,8,0,0,0,0,0,0,2,1,6,2,59,9,1999,2,1,9,1,9
20181356P1381,3,9,0,2,9,0,0,0,0,0,0,1,6,1,32,6,-1,-1,-1,-1,-1,-1
20181356P1396,1,9,0,9,0,6,0,0,0,0,4,1,6,2,18,4,998,1,1,6,1,6
20181356P1396,2,1,0,18,0,1,0,0,0,0,1,1,6,1,53,8,-1,-1,-1,8,1,8
20181356P1418,1,9,0,9,0,5,0,0,0,0,4,1,6,1,18,4,1229,1,7,7,1,7
20181356P1418,2,4,0,18,0,8,0,0,0,0,1,1,2,1,41,7,-1,-1,-1,-1,-1,-1
20181356P1524,1,9,0,18,0,1,0,0,0,0,3,1,1,2,48,8,998,1,5,7,1,7
20181356P1524,2,1,0,11,0,5,0,0,0,0,4,1,6,1,17,4,-1,-1,-1,1,1,1
20181356P1541,1,9,0,18,0,8,0,0,0,0,1,1,6,2,39,7,1390,1,9,9,1,9
20181356P1541,2,9,0,18,0,1,0,0,0,0,4,1,2,1,49,8,2000,1,10,1,1,1
20181356P1545,1,9,0,18,0,0,0,0,0,0,1,1,6,2,28,6,1398,1,2,8,2,8
20181356P1601,1,19,0,18,0,0,0,0,0,0,0,1,6,3,-1,-1,-1,-1,-1,-1,-1,-1
20181356P1601,2,11,0,18,0,0,0,0,0,0,1,1,6,1,30,6,8268,2,15,3,1,3
20181356P1601,3,8,0,2,0,0,0,0,0,0,2,1,6,3,-1,-1,1591,1,5,-1,-1,-1
20181356P1737,1,19,0,9,0,1,0,0,0,0,3,1,6,1,-1,-1,1248,2,10,4,3,4
20181356P1737,2,3,0,18,0,8,0,0,0,0,1,1,6,1,30,6,125,1,4,7,1,7
20181356P1737,3,9,0,18,0,1,0,0,0,0,1,1,6,1,62,9,1560,2,11,1,1,1
20181356P1809,1,9,0,18,0,0,0,0,0,0,4,1,6,1,85,11,1339,1,10,4,2,4
20181356P1809,2,1,0,18,0,0,0,0,0,0,3,1,6,2,52,8,-1,-1,-1,7,2,7
20181356Q0329,1,3,0,16,0,0,0,0,0,0,1,1,2,1,17,4,125,1,1,2,1,2
20181356Q0329,2,9,0,16,0,0,0,0,0,0,2,1,2,1,28,6,1248,2,6,2,1,2
20181356Q0406,1,20,4,18,0,6,5,0,1,0,1,1,1,1,22,5,2461,2,12,9,1,9
20181356Q0406,2,9,0,18,0,8,1,0,0,0,1,1,2,2,54,8,1200,1,1,7,1,7
20181356Q0491,1,1,0,18,0,8,0,0,0,0,1,1,6,1,61,9,-1,-1,-1,6,1,6
20181356Q0491,2,9,0,9,0,8,0,0,0,0,1,1,6,2,33,6,1968,2,1,7,1,7
20181356Q0533,1,11,0,4,0,1,0,0,0,0,1,1,1,1,21,5,12000,2,12,1,1,1
20181356Q0533,2,9,0,4,0,1,0,0,1,7,2,1,1,2,26,6,-1,-1,-1,7,1,7
20181356Q0551,1,9,0,4,0,1,0,0,0,0,2,1,1,2,31,6,1229,1,6,4,3,4
20181356Q0551,2,9,0,18,0,1,0,0,0,0,1,1,1,1,37,7,1363,2,16,1,1,1
20181356Q0551,3,19,0,4,0,1,0,0,0,0,2,1,1,1,49,8,1686,2,7,8,1,8
20181356Q0595,1,9,0,18,0,0,0,0,0,0,1,1,6,1,40,7,4164,2,13,2,1,2
20181356Q0734,1,9,0,9,0,6,0,0,0,0,0,1,6,1,74,10,998,1,2,7,2,7
20181356Q0734,2,1,0,18,0,8,5,0,0,0,0,1,1,1,33,6,-1,-1,-1,10,2,10
20181356Q1087,1,9,0,18,0,0,0,0,0,0,1,1,6,1,20,4,1242,1,7,2,1,2
20181356Q1087,2,1,0,18,0,0,0,0,0,0,1,1,6,1,32,6,-1,-1,-1,2,1,2
20181356Q1217,1,22,0,9,0,4,5,0,0,0,3,1,6,1,55,8,-1,3,-1,1,1,1
20181356Q1217,2,11,0,13,0,4,0,0,0,0,4,1,1,1,-1,-1,-1,-1,-1,-1,-1,-1
20181356Q1275,1,9,0,3,0,1,0,0,0,0,2,1,6,1,27,6,998,1,5,8,1,8
20181356Q1275,2,21,0,5,0,1,0,0,0,0,1,1,6,1,30,6,11705,2,9,3,1,3
20181356Q1408,1,19,0,18,0,1,0,0,0,0,4,1,6,1,30,6,2198,2,4,3,1,3
20181356Q1408,2,2,0,18,0,1,0,0,0,0,1,1,6,1,28,6,108,1,9,7,1,7
20181356Q1408,3,9,0,18,0,1,0,0,0,0,2,1,6,1,30,6,1461,2,1,6,1,6
20181356Q1543,1,9,0,7,0,5,0,0,0,0,4,1,6,1,30,6,1995,2,7,10,1,10
20181356Q1543,2,1,0,18,4,8,0,0,0,0,1,1,6,1,25,5,-1,-1,-1,9,1,9
20181356Q1675,1,9,0,3,0,1,0,0,0,0,2,1,6,1,32,6,2521,1,11,3,1,3
20181356Q1675,2,9,0,5,0,6,0,0,0,0,1,1,6,3,-1,-1,1896,2,15,-1,-1,-1
20181356Q1679,1,9,0,18,0,8,0,0,0,0,1,1,6,1,33,6,6208,1,8,3,1,3
20181356Q1732,1,2,0,17,0,0,0,0,0,0,0,1,6,1,18,4,100,1,13,7,1,7
20181356Q2114,1,9,0,18,0,8,0,0,0,0,3,1,6,2,51,8,1598,1,12,1,1,1
20181356Q2114,2,1,0,18,0,8,2,0,0,0,1,1,6,1,8,2,-1,-1,-1,3,1,3
20181356R0168,1,8,0,5,0,0,0,0,0,0,3,1,1,1,52,8,1968,2,5,1,1,1
20181356R0350,1,9,0,18,0,8,0,0,2,11,3,1,2,1,20,4,1896,2,15,1,1,1
20181356R0350,2,9,0,18,0,8,0,0,0,0,1,1,6,2,48,8,1783,1,16,5,1,5
20181356R0379,1,9,0,3,0,1,0,0,0,0,2,1,1,1,48,8,1598,2,4,2,1,2
20181356R0379,2,9,0,4,0,1,0,0,0,0,1,1,2,2,34,6,1997,1,14,-1,-1,-1
20181356R0426,1,9,0,3,0,8,0,0,0,0,2,1,6,1,30,6,1997,2,16,5,1,5
20181356R0426,2,19,0,18,0,8,0,0,0,0,1,1,2,1,32,6,1997,2,13,2,1,2
20181356R0438,1,9,0,13,0,0,0,0,0,0,3,1,2,1,28,6,1248,2,11,9,1,9
20181356R0589,1,5,0,18,0,0,0,11,0,0,1,1,6,1,52,8,1352,1,10,3,1,3
20181356R0598,1,21,1,11,0,0,0,0,0,0,1,1,6,3,-1,-1,11946,2,6,-1,-1,-1
20181356R0598,2,9,0,18,0,0,0,0,0,0,2,1,6,2,27,6,1149,1,13,2,1,2
20181356R0836,1,19,0,11,0,0,5,0,1,11,4,1,1,1,33,6,2143,2,5,1,1,1
20181356R0836,2,21,0,18,0,0,0,0,0,0,3,1,1,1,55,8,12902,2,1,3,1,3
20181356R0934,1,20,0,4,0,0,0,0,0,0,1,1,1,1,47,8,4462,2,4,8,1,8
20181356R0934,2,9,0,4,0,0,0,0,0,0,2,1,1,1,71,10,1968,2,4,9,3,9
20181356R0934,3,19,0,4,0,0,0,0,0,0,2,1,1,1,52,8,1995,2,2,9,2,9