Accident_Index,Vehicle_Reference,Vehicle_Type,Towing_and_Articulation,Vehicle_Manoeuvre,Vehicle_Location-Restricted_Lane,Junction_Location,Skidding_and_Overturning,Hit_Object_in_Carriageway,Vehicle_Leaving_Carriageway,Hit_Object_off_Carriageway,1st_Point_of_Impact,Was_Vehicle_Left_Hand_Drive?,Journey_Purpose_of_Driver,Sex_of_Driver,Age_of_Driver,Age_Band_of_Driver,Engine_Capacity_(CC),Propulsion_Code,Age_of_Vehicle,Driver_IMD_Decile,Driver_Home_Area_Type,Vehicle_IMD_Decile
20181356R0947,1,9,0,18,4,1,0,0,0,0,1,1,6,1,-1,-1,1197,1,1,2,1,2
20181356R0947,2,1,0,7,0,1,0,0,0,0,4,1,6,1,49,8,-1,-1,-1,6,1,6
20181356R0987,1,9,0,7,0,6,0,0,0,0,3,1,2,1,45,7,1124,1,17,10,1,10
20181356R0987,2,90,0,18,9,8,0,0,0,0,1,1,6,1,20,4,-1,-1,-1,-1,-1,-1
20181356R1097,1,9,0,18,0,8,0,0,0,0,1,1,6,2,29,6,1968,2,10,1,1,1
20181356R1097,2,9,0,3,0,1,0,0,0,0,3,1,1,1,41,7,1598,2,5,1,1,1
20181356R1097,3,9,0,3,0,1,0,0,0,0,4,1,1,1,29,6,998,1,4,3,1,3
20181356R1098,1,9,0,18,0,0,0,0,0,0,0,1,6,1,34,6,2401,2,13,7,1,7
20181356R1098,2,9,0,18,0,0,0,0,0,0,1,1,6,2,47,8,1461,2,2,6,1,6
20181356R1163,1,9,0,18,0,0,0,0,0,0,4,1,6,1,50,8,1968,2,6,1,1,1
20181356R1266,1,11,0,18,0,0,0,0,0,0,0,1,1,1,58,9,9360,2,9,-1,-1,-1
20181356R1295,1,9,0,9,0,1,0,0,0,0,1,1,6,2,47,8,1242,1,12,7,1,7
20181356R1295,2,9,0,5,0,1,0,0,0,0,1,1,6,1,24,5,973,1,16,-1,-1,-1
20181356R1344,1,9,0,9,0,1,0,0,0,0,3,1,6,2,70,10,1339,1,9,8,1,8
20181356R1344,2,9,0,9,0,1,0,0,0,0,1,1,6,2,32,6,1984,1,17,8,1,8
20181356R1648,1,9,0,18,0,0,0,0,0,0,1,1,6,1,18,4,-1,-1,-1,9,1,9
20181356R1648,2,1,0,18,0,0,0,0,0,0,4,1,6,1,9,2,-1,-1,-1,3,1,3
20181356R1664,1,9,0,16,0,1,0,0,0,0,1,1,6,2,54,8,998,1,5,6,1,6
20181356R1664,2,8,0,18,0,1,0,0,0,0,1,1,1,1,62,9,1422,2,2,2,1,2
20181356R2028,1,9,0,18,0,8,0,0,0,0,1,1,6,1,26,6,1395,1,-1,4,1,4
20181356R2028,2,9,0,18,0,8,0,0,0,0,1,1,6,1,33,6,1560,2,12,-1,-1,-1
20181356S0317,1,9,0,18,0,5,0,0,0,0,1,1,2,1,48,8,1084,1,-1,4,1,4
20181356S0317,2,9,0,3,0,5,1,0,0,0,2,1,2,1,41,7,1968,2,-1,8,1,8
20181356S0317,3,9,0,3,0,5,1,0,0,0,2,1,2,2,29,6,998,1,1,9,1,9
20181356S0411,1,8,0,9,0,0,0,0,0,0,4,1,1,2,37,7,1753,2,10,1,1,1
20181356S0411,2,1,0,18,0,0,0,0,0,0,2,1,1,1,28,6,-1,-1,-1,2,1,2
20181356S0456,1,21,0,17,0,8,0,0,0,0,4,1,1,1,39,7,10837,2,2,7,3,7
20181356S0456,2,1,0,17,0,8,0,0,0,0,3,1,2,2,60,9,-1,-1,-1,10,1,10
20181356S0469,1,9,0,7,4,8,0,0,0,0,4,1,3,1,37,7,1995,2,1,4,1,4
20181356S0469,2,1,0,18,4,8,0,0,0,0,1,1,1,1,23,5,-1,-1,-1,4,1,4
20181356S0632,1,9,0,18,0,1,0,0,0,0,1,1,1,1,56,9,2143,2,3,5,1,5
20181356S0632,2,9,0,18,0,1,0,0,0,0,2,1,6,1,54,8,1796,1,13,10,-1,10
20181356S0814,1,9,0,18,0,1,0,0,0,0,1,1,6,2,48,8,2179,2,4,9,3,9
20181356S0814,2,9,0,18,0,8,0,0,0,0,1,1,1,2,27,6,1198,1,9,6,3,6
20181356S1005,1,19,0,18,0,0,5,0,8,7,3,1,1,1,42,7,2998,2,11,4,1,4
20181356S1258,1,9,0,18,0,8,0,0,0,0,1,1,6,1,19,4,1560,2,5,9,1,9
20181356S1258,2,9,0,18,0,6,0,0,0,0,1,1,6,2,33,6,1598,1,12,6,1,6
20181356S1295,1,9,0,18,0,0,0,0,0,0,1,1,6,1,91,11,1339,1,11,6,1,6
20181356S1295,2,21,0,2,0,0,0,0,0,0,1,1,6,1,31,6,-1,-1,-1,-1,-1,-1
20181356S1295,3,21,1,2,0,0,0,0,0,0,1,1,6,1,25,5,-1,-1,-1,-1,-1,-1
20181356S1307,1,9,0,18,0,0,0,0,0,0,0,1,6,3,-1,-1,1560,2,8,-1,-1,-1
20181356S1307,2,21,1,18,0,0,0,0,0,0,2,1,1,1,42,7,12777,2,8,1,1,1
20181356S1307,3,21,1,18,0,0,1,0,0,0,1,1,1,1,27,6,12809,2,-1,2,1,2
20181356S1737,1,9,0,9,0,8,0,0,0,0,1,1,6,1,62,9,-1,-1,-1,6,1,6
20181356S1737,2,1,0,18,0,8,0,0,0,0,1,1,6,1,54,8,-1,-1,-1,7,1,7
20181356S1829,1,9,0,1,0,0,0,0,0,0,2,1,6,1,50,8,1968,2,5,9,3,9
20181356S2024,1,9,0,18,0,0,0,0,0,0,1,1,1,1,35,6,1396,1,18,1,1,1
20181356S2191,1,9,0,7,0,6,0,0,0,0,1,1,6,1,23,5,1840,1,16,5,1,5
20181356S2191,2,9,0,18,0,8,0,0,0,0,1,1,6,1,25,5,1968,2,6,1,1,1
20181356S2191,3,9,0,2,0,2,0,0,0,0,3,1,6,1,26,6,1896,2,9,-1,-1,-1
20181356T0401,1,5,0,18,0,1,0,0,0,0,4,1,2,1,28,6,636,1,12,1,1,1
20181356T0401,2,9,0,9,0,6,0,0,0,0,1,1,2,1,56,9,1461,2,10,5,1,5
20181356T0455,1,9,0,17,0,0,0,0,0,0,0,1,6,2,29,6,-1,-1,-1,3,1,3
20181356T0455,2,8,0,16,0,0,0,0,0,0,0,1,1,1,29,6,1598,1,5,6,1,6
20181356T0465,1,9,0,18,0,0,0,0,0,0,0,1,6,2,61,9,1798,1,9,6,1,6
20181356T0539,1,9,0,5,0,8,0,0,0,0,1,1,6,2,29,6,1595,1,12,6,1,6
20181356T0539,2,9,0,5,0,8,0,0,0,0,2,1,6,2,24,5,899,1,5,8,1,8
20181356T0678,1,9,0,18,0,4,0,0,0,0,1,1,6,1,78,11,1560,2,1,3,1,3
20181356T0678,2,9,0,18,0,8,5,0,0,0,4,1,6,1,25,5,1242,1,8,4,1,4
20181356T0686,1,9,0,18,0,0,0,0,0,0,4,1,6,3,-1,-1,-1,-1,-1,-1,-1,-1
20181356T0686,2,9,0,2,0,0,0,0,0,0,3,1,6,2,29,6,1560,2,3,10,1,10
20181356T0699,1,9,0,18,0,0,0,0,0,10,4,1,6,1,37,7,1968,2,13,1,1,1
20181356T1002,1,19,0,6,0,0,0,0,0,0,2,1,6,3,-1,-1,-1,-1,-1,-1,-1,-1
20181356T1002,2,19,0,18,0,0,0,0,0,0,2,1,6,1,21,5,1753,2,13,3,1,3
20181356T1002,3,9,0,18,0,0,0,0,0,0,1,1,6,1,26,6,1339,1,16,2,1,2
20181356T1095,1,9,0,18,0,0,0,0,0,0,3,1,6,2,45,7,1598,1,7,6,1,6
20181356T1333,1,9,0,18,0,0,0,0,0,0,4,1,3,2,39,7,1588,1,16,3,1,3
20181356T1347,1,9,0,18,0,0,0,0,0,0,1,1,6,1,-1,-1,1242,1,13,-1,-1,-1
20181356T1347,2,9,0,4,0,0,0,0,0,0,2,1,6,2,45,7,998,1,13,2,1,2
20181356T1354,1,9,0,18,0,0,0,0,0,0,1,1,2,2,48,8,1969,2,3,10,3,10
20181356T1354,2,9,0,9,0,0,0,0,0,0,4,1,3,2,35,6,1997,2,13,7,3,7
20181356T1365,1,9,0,4,0,5,0,0,0,0,2,1,6,2,30,6,1998,2,9,4,1,4
20181356T1365,2,9,0,18,0,8,0,0,0,0,1,1,6,1,26,6,1395,1,2,4,1,4
20181356T1446,1,9,0,3,0,1,0,0,0,0,2,1,6,2,29,6,998,1,4,3,1,3
20181356T1446,2,10,0,7,0,7,0,0,0,0,1,1,6,1,54,8,2402,2,13,2,1,2
20181356T1690,1,9,0,8,0,5,0,0,0,0,4,1,6,1,33,6,1968,2,10,4,1,4
20181356T1690,2,1,0,18,4,1,0,0,0,0,1,1,6,2,22,5,-1,-1,-1,3,1,3
20181356T2017,1,9,0,4,0,6,0,0,0,0,3,1,1,1,19,4,1197,1,7,8,1,8
20181356U0266,1,9,0,16,0,8,0,0,0,0,1,1,6,1,21,5,1896,2,13,4,1,4
20181356U0266,2,9,0,17,0,8,0,0,0,0,1,1,1,1,42,7,1598,1,15,1,1,1
20181356U0377,1,9,0,18,0,0,0,4,0,0,1,1,6,2,23,5,999,1,1,7,3,7
20181356U0377,2,9,0,2,0,0,0,0,0,0,2,1,6,1,24,5,1995,2,4,-1,-1,-1
20181356U0377,3,9,0,2,0,0,0,0,0,0,2,1,6,3,26,6,2143,2,1,-1,-1,-1
20181356U0755,1,8,0,3,0,1,0,0,0,0,2,1,1,1,30,6,1797,8,7,1,1,1
20181356U0755,2,8,0,3,0,1,0,0,0,0,2,1,1,1,30,6,1598,2,5,1,1,1
20181356U0755,3,9,0,4,0,1,0,0,0,0,1,1,6,3,30,6,-1,-1,-1,-1,-1,-1
20181356U0788,1,9,0,4,0,0,1,0,0,0,1,1,6,1,31,6,1998,1,18,7,1,7
20181356U0788,2,9,0,4,0,0,0,0,0,0,2,1,6,2,59,9,1364,1,15,7,1,7
20181356U0788,3,9,0,4,0,0,0,0,0,0,2,1,6,2,47,8,996,1,9,9,1,9
20181356U0914,1,9,0,18,0,0,0,0,0,0,1,1,6,1,55,8,1499,2,2,4,1,4
20181356U0914,2,1,0,18,0,0,5,0,1,9,2,1,6,1,20,4,-1,-1,-1,7,3,7
20181356U1100,1,9,0,7,0,5,0,0,0,0,1,1,6,1,57,9,-1,-1,-1,5,1,5
20181356U1100,2,1,0,18,4,8,0,0,0,0,3,1,6,2,26,6,-1,-1,-1,6,1,6
20181356U1136,1,9,0,6,9,0,0,0,1,11,1,1,6,2,82,11,1296,1,11,8,1,8
20181356U1218,1,9,0,4,0,1,0,0,0,0,0,1,6,1,27,6,1984,1,3,5,1,5
20181356U1218,2,9,0,4,0,1,0,0,0,0,2,1,6,1,38,7,998,1,6,5,3,5
20181356U1218,3,9,0,4,0,1,0,0,0,0,2,1,6,2,38,7,1968,2,12,2,1,2
20181356U1233,1,9,0,4,0,1,0,0,0,0,1,1,6,1,32,6,1598,1,13,10,1,10
20181356U1244,1,9,0,18,0,8,0,0,0,0,1,1,6,1,42,7,-1,-1,-1,9,1,9
20181356U1244,2,9,0,7,0,6,0,0,0,0,4,1,6,1,-1,-1,-1,-1,-1,-1,-1,-1
20181356U1507,1,9,0,9,0,6,0,0,0,0,3,1,6,1,38,7,1395,1,5,8,1,8
20181356U1507,2,9,0,18,0,1,0,0,0,0,1,1,6,1,51,8,2987,2,8,9,3,9
20181356U1570,1,19,0,18,0,0,0,0,0,0,1,1,6,1,-1,-1,2287,2,11,-1,-1,-1
20181356U1570,2,9,0,18,0,0,0,0,0,0,1,1,6,1,33,6,1753,2,14,1,1,1
20181356U1571,1,9,0,7,0,1,0,0,0,0,3,1,6,2,66,10,1998,8,3,9,2,9
20181356U1571,2,3,0,18,0,1,0,0,0,0,1,1,6,1,18,4,124,1,4,10,1,10
20181356U1853,1,1,0,18,0,8,0,0,0,0,1,1,6,1,30,6,-1,-1,-1,7,1,7
20181356U1853,2,9,0,9,0,8,0,0,0,0,4,1,6,1,27,6,1968,2,4,4,1,4
2018135710014,1,9,0,18,0,0,0,0,0,0,3,1,6,1,24,5,999,1,-1,1,1,1
2018135710764,1,9,0,3,0,8,0,0,0,0,1,1,1,1,35,6,1598,2,5,4,1,4
2018135710764,2,9,0,5,0,8,0,0,0,0,2,1,6,1,-1,-1,-1,-1,-1,-1,-1,-1
2018135710938,1,9,0,18,0,2,0,0,0,0,1,1,6,1,19,4,1582,2,7,3,1,3
2018135710938,2,2,0,4,0,2,0,0,0,0,2,1,6,1,68,10,125,1,1,8,1,8
2018135711387,1,9,0,18,0,0,0,0,0,0,3,1,6,1,35,6,1596,1,10,-1,-1,-1
2018135711414,1,4,0,18,0,8,0,0,0,0,1,1,6,1,26,6,-1,-1,-1,1,1,1
2018135711414,2,9,0,9,0,8,0,0,0,0,4,1,6,1,27,6,1956,2,3,4,1,4
2018135711464,1,1,0,18,0,8,0,0,0,0,4,1,6,2,46,8,-1,-1,-1,7,1,7
2018135711464,2,9,0,18,0,8,0,0,0,0,1,1,6,2,73,10,1798,1,12,8,1,8
2018135711538,1,9,0,7,0,8,0,0,0,0,1,1,6,1,39,7,1398,1,5,1,1,1
2018135711568,1,9,0,18,0,0,0,0,1,11,1,1,6,1,76,11,1591,1,2,-1,-1,-1
2018135711860,1,9,0,4,0,0,1,0,0,0,1,1,6,1,29,6,998,1,1,1,1,1
2018135712160,1,9,0,18,0,0,0,0,2,11,4,1,6,2,39,7,1461,2,3,1,1,1
2018135720328,1,9,0,5,0,0,0,0,0,0,3,1,1,2,21,5,1398,1,2,5,1,5
2018135720328,2,4,0,18,0,0,0,0,0,0,1,1,1,1,36,7,124,1,5,1,1,1
2018135720330,1,1,0,18,0,8,0,0,0,0,0,1,6,1,48,8,-1,-1,-1,10,3,10
2018135720330,2,9,0,9,0,8,0,0,0,0,0,1,6,2,-1,-1,1395,1,3,9,1,9
2018135720419,1,9,0,18,0,0,0,0,0,0,1,1,6,1,81,11,1490,1,14,2,1,2
2018135720419,2,9,0,18,0,0,0,0,0,0,2,1,3,2,34,6,1398,2,4,3,1,3
2018135720947,1,9,0,7,0,8,0,0,1,11,1,1,6,2,21,5,1200,1,1,2,-1,2
2018135721098,1,9,0,3,0,5,0,0,0,0,2,1,2,1,31,6,1242,1,17,1,1,1
2018135721098,2,9,0,3,0,5,0,0,0,0,2,1,2,1,53,8,1796,1,14,8,1,8
2018135721098,3,9,0,18,0,5,0,0,0,0,4,1,6,3,-1,-1,-1,-1,-1,-1,-1,-1
2018135721294,1,1,0,7,0,8,0,0,0,0,3,1,6,1,58,9,-1,-1,-1,9,1,9
2018135721294,2,9,0,9,0,8,0,0,0,0,3,1,6,2,45,7,1360,1,13,9,1,9
2018135721335,1,9,0,7,0,1,0,0,0,0,1,1,6,2,59,9,996,1,4,1,1,1
2018135721335,2,11,0,18,2,1,0,0,0,0,0,1,6,2,35,6,9360,2,9,-1,-1,-1
2018135721647,1,9,0,14,0,0,0,0,0,0,4,1,3,2,23,5,1242,1,5,4,1,4
2018135721900,1,9,0,18,0,4,0,0,0,0,2,1,6,1,38,7,1598,1,8,2,-1,2
2018135721900,2,9,0,18,0,4,0,0,0,0,1,1,6,1,36,7,1997,1,10,10,-1,10
2018135721915,1,9,0,10,0,6,0,0,0,0,3,1,6,2,65,9,1398,1,2,10,1,10
2018135721915,2,4,0,18,0,1,0,0,0,0,1,1,6,1,33,6,-1,-1,-1,6,1,6
2018135721924,1,9,0,3,0,0,0,0,0,0,2,1,6,1,62,9,-1,-1,-1,8,1,8
2018135721924,2,9,0,18,0,0,0,0,0,0,1,1,6,2,26,6,1390,1,6,7,1,7
2018135722184,1,3,0,18,0,2,0,0,0,0,3,1,6,1,35,6,125,1,3,2,1,2
2018135722184,2,9,0,13,0,2,0,0,0,0,4,1,6,3,-1,-1,-1,-1,-1,-1,-1,-1
2018135722273,1,9,0,7,0,6,0,0,0,0,1,1,6,2,52,8,1596,1,5,3,1,3
2018135730296,1,8,0,18,0,0,0,0,4,0,1,1,6,1,25,5,1398,1,3,4,1,4
2018135730296,2,21,1,18,0,0,0,0,0,0,2,1,1,1,66,10,10837,2,2,6,1,6
2018135730426,1,9,0,18,0,0,0,0,0,0,1,1,4,2,25,5,1796,1,13,2,1,2
2018135730426,2,9,0,18,0,0,0,0,0,0,2,1,4,2,30,6,1798,1,9,2,1,2
2018135730449,1,9,0,18,0,0,0,0,0,0,1,1,2,1,23,5,-1,-1,-1,4,1,4
2018135730449,2,19,0,18,0,0,0,0,0,0,1,1,1,1,41,7,2143,2,3,5,1,5
2018135730829,1,1,4,18,0,5,2,0,0,0,0,1,6,1,48,8,-1,-1,-1,1,1,1
2018135730868,1,1,0,18,0,0,1,0,1,4,1,1,6,1,19,4,-1,-1,-1,3,1,3
2018135731011,1,9,0,5,0,0,0,4,4,11,1,1,6,2,39,7,1598,1,6,7,1,7
2018135731011,2,9,0,2,6,0,0,0,0,0,3,1,6,3,-1,-1,1598,2,3,-1,-1,-1
2018135731011,3,9,0,2,6,0,0,0,0,0,4,1,6,3,-1,-1,2499,1,10,-1,-1,-1
2018135731011,4,9,0,2,6,0,0,0,0,0,4,1,6,3,-1,-1,1968,2,2,-1,-1,-1
2018135731053,1,9,0,18,0,0,0,0,0,0,1,1,6,1,-1,-1,-1,-1,-1,-1,-1,-1
2018135731072,1,9,0,18,0,0,0,0,0,0,1,1,6,2,51,8,2171,2,15,7,1,7
2018135731072,2,9,0,2,0,0,0,0,0,0,1,1,6,2,43,7,1461,2,2,7,1,7
2018135731154,1,9,0,18,0,4,0,0,0,0,1,1,6,1,40,7,2490,2,19,3,1,3
2018135731154,2,9,0,3,0,4,0,0,0,0,2,1,6,2,26,6,1968,2,10,6,2,6
2018135731232,1,9,0,18,0,8,0,0,0,0,4,1,2,2,73,10,1248,1,6,9,1,9
2018135731232,2,9,0,18,0,8,0,0,0,0,1,1,2,1,41,7,1968,2,1,6,1,6
2018135731394,1,9,0,9,0,8,0,0,0,0,4,1,6,2,41,7,1984,1,2,1,1,1
2018135731394,2,5,0,18,2,8,0,0,0,0,1,1,6,1,59,9,1052,1,19,1,1,1
2018135731405,1,9,0,12,0,0,0,0,0,0,3,1,2,2,54,8,1598,2,3,1,1,1
2018135731405,2,21,1,11,0,0,0,0,0,0,4,1,1,1,58,9,12777,2,1,7,3,7
2018135731429,1,9,0,18,0,0,0,0,0,0,4,1,6,1,27,6,1995,2,8,5,2,5
2018135731461,1,9,0,18,0,0,0,0,0,0,3,1,6,1,24,5,998,1,12,6,3,6
2018135731461,2,3,0,13,0,0,0,0,0,0,4,1,6,1,28,6,124,1,5,2,1,2
2018135731800,1,9,0,18,0,0,0,0,0,0,4,1,6,3,-1,-1,-1,-1,-1,-1,-1,-1
2018135740334,1,1,0,18,0,8,0,4,0,0,1,1,6,2,14,3,-1,-1,-1,1,1,1
2018135740334,2,9,0,2,0,8,0,0,0,0,3,1,6,3,-1,-1,1341,1,14,-1,-1,-1
2018135740392,1,9,0,9,0,1,0,0,0,0,1,1,6,1,28,6,1995,2,4,9,1,9
2018135740392,2,9,0,18,0,1,0,0,0,0,1,1,6,1,21,5,1390,1,7,5,1,5
2018135740425,1,3,0,18,0,1,0,0,0,0,1,1,1,1,25,5,125,1,3,2,1,2
2018135740425,2,9,0,9,0,1,0,0,0,0,3,1,1,1,25,5,1242,1,8,5,1,5
2018135740434,1,8,0,17,0,0,0,0,0,0,3,1,1,1,47,8,1598,2,7,8,1,8
2018135740434,2,1,0,16,0,0,0,0,0,0,3,1,6,1,48,8,-1,-1,-1,10,1,10
2018135740652,1,11,0,2,0,8,0,0,0,0,0,1,1,1,59,9,-1,-1,-1,6,1,6
2018135740735,1,9,0,18,0,8,0,0,0,0,1,1,6,2,65,9,1582,2,3,-1,-1,-1
2018135740735,2,9,0,9,0,8,0,0,0,0,1,1,6,1,40,7,2995,1,-1,-1,-1,-1
2018135740995,1,9,0,18,0,8,0,0,0,0,1,1,6,2,37,7,1598,1,11,1,1,1
2018135740995,2,1,0,18,0,8,5,0,0,0,4,1,6,1,56,9,-1,-1,-1,6,1,6
2018135741082,1,9,0,18,0,0,0,0,0,0,1,1,6,1,29,6,-1,-1,-1,-1,-1,-1
2018135741082,2,9,0,18,0,0,0,0,0,0,1,1,6,1,23,5,1980,1,3,-1,-1,-1
2018135741117,1,19,0,9,0,6,0,0,0,0,1,1,6,1,47,8,1995,2,1,3,1,3
2018135741224,1,1,0,18,0,0,0,0,0,0,1,1,6,1,9,2,-1,-1,-1,-1,-1,-1
2018135741224,2,8,0,18,0,0,0,0,0,0,1,1,1,1,32,6,1461,2,6,-1,-1,-1
2018135741465,1,9,0,18,0,0,0,0,0,0,1,1,6,2,31,6,1200,1,2,4,1,4
2018135741533,1,9,0,1,0,0,0,0,0,0,2,1,6,3,-1,-1,-1,-1,-1,-1,-1,-1
2018135741536,1,4,0,18,0,8,0,0,0,0,1,1,6,1,29,6,398,1,17,-1,-1,-1
2018135741536,2,19,0,5,0,6,0,0,0,0,1,1,6,1,51,8,-1,-1,-1,-1,-1,-1
2018135741665,1,9,0,5,0,8,0,0,0,0,1,1,6,1,-1,-1,1995,2,11,-1,-1,-1
2018135741767,1,9,0,18,0,8,0,0,0,0,1,1,6,3,-1,-1,-1,-1,-1,-1,-1,-1
2018135741767,2,9,0,3,0,8,0,0,0,0,2,1,6,1,21,5,1582,2,5,5,1,5
2018135741979,1,9,0,9,0,8,0,0,0,0,4,1,6,1,20,4,1248,2,11,9,3,9
2018135750302,1,9,0,5,0,8,0,0,0,0,4,1,6,1,57,9,1997,2,13,4,1,4
2018135750302,2,1,0,18,0,8,0,0,0,0,1,1,6,1,53,8,-1,-1,-1,1,1,1
2018135750710,1,11,0,2,0,0,0,0,0,0,0,1,1,1,59,9,5132,2,-1,2,1,2
2018135751085,1,9,0,18,0,0,0,0,0,0,3,1,1,2,40,7,999,1,2,-1,-1,-1
2018135751085,2,21,0,18,0,0,0,0,0,0,4,1,1,1,37,7,10837,2,4,-1,-1,-1
2018135751089,1,9,0,18,0,0,0,0,0,0,4,1,6,1,52,8,-1,-1,-1,2,1,2
2018135751089,2,9,0,12,0,0,0,0,0,0,3,1,6,1,28,6,505,1,6,1,1,1
2018135751134,1,9,0,18,0,1,0,0,0,0,4,1,6,1,68,10,1598,2,2,2,1,2
2018135751189,1,9,0,9,0,6,0,0,0,0,1,1,6,1,57,9,1797,8,7,4,1,4
2018135751468,1,9,0,1,0,0,0,0,0,0,2,1,6,2,19,4,1198,1,12,1,1,1
2018135751481,1,9,0,18,0,0,0,0,0,0,1,1,6,1,37,7,-1,-1,-1,7,1,7
2018135751481,2,19,0,18,0,0,0,0,0,0,2,1,6,1,28,6,1598,2,2,3,1,3
2018135752001,1,8,0,9,0,6,0,0,0,0,1,1,1,1,33,6,-1,-1,-1,1,1,1
2018135752001,2,3,0,9,0,6,0,0,0,0,2,1,6,2,46,8,123,1,2,1,1,1
2018135760366,1,9,0,7,0,1,0,0,0,0,2,1,6,1,43,7,1329,1,8,9,1,9
2018135760366,2,1,0,18,0,1,0,0,0,0,1,1,6,2,41,7,-1,-1,-1,2,1,2
2018135760486,1,11,0,2,6,0,0,0,0,0,4,1,1,1,53,8,7300,2,12,1,1,1
2018135760846,1,9,0,18,0,0,0,4,0,0,1,1,6,2,19,4,1998,2,10,5,1,5
2018135760846,2,9,0,2,0,0,0,4,0,0,1,1,6,3,-1,-1,1968,2,8,-1,-1,-1
2018135760846,3,9,0,2,0,0,0,0,0,0,2,1,6,3,-1,-1,1956,2,7,-1,-1,-1
2018135760933,1,9,0,12,0,8,0,0,0,0,3,1,6,2,42,7,1796,1,16,1,1,1
2018135760933,2,9,0,18,0,8,0,0,0,0,4,1,6,2,21,5,1149,1,8,4,1,4
2018135761009,1,9,0,9,0,8,0,0,0,0,4,1,6,2,42,7,1600,1,3,1,1,1
2018135761009,2,9,0,18,0,4,0,0,0,0,1,1,6,1,54,8,2967,2,1,9,1,9
2018135761049,1,9,0,18,0,8,1,0,0,0,4,1,6,1,28,6,1242,1,15,-1,-1,-1
2018135761049,2,9,0,18,0,8,0,0,0,0,3,1,1,1,61,9,1560,2,4,9,2,9
2018135761064,1,9,0,18,0,8,0,0,0,0,0,1,1,2,33,6,1000,1,3,8,1,8
2018135761064,2,3,0,7,0,8,5,10,7,10,1,1,6,1,27,6,125,1,6,1,1,1
2018135761164,1,5,0,4,0,0,0,0,0,0,0,1,6,1,33,6,-1,-1,-1,-1,-1,-1
2018135761665,1,9,0,5,0,6,0,0,0,0,1,1,6,3,-1,-1,-1,-1,-1,-1,-1,-1
2018135761665,2,1,0,18,0,6,0,0,0,0,2,1,6,1,13,3,-1,-1,-1,-1,-1,-1
2018135761895,1,3,0,18,0,8,2,0,3,11,1,1,6,1,45,7,-1,-1,-1,1,1,1
2018135762233,1,9,0,18,0,0,0,0,0,0,1,1,6,1,21,5,1248,2,8,1,1,1
2018135762393,1,9,0,18,0,1,0,0,0,0,1,1,6,2,23,5,1461,2,8,3,1,3
2018135762393,2,9,0,18,0,1,0,0,0,0,1,1,6,1,43,7,1560,2,7,7,1,7
2018135762412,1,9,0,17,0,0,0,4,0,0,4,1,6,2,38,7,2460,2,12,2,1,2
2018135762412,2,9,0,2,0,0,0,0,0,0,3,1,6,3,-1,-1,1150,1,11,-1,-1,-1
2018135762412,3,1,0,17,0,0,0,0,1,0,2,1,6,1,32,6,-1,-1,-1,-1,-1,-1
2018135762412,4,9,0,2,0,0,0,0,0,0,3,1,6,3,-1,-1,1242,1,6,-1,-1,-1
2018135770269,1,9,0,16,0,3,2,10,0,0,3,1,6,1,18,4,1398,1,1,4,1,4
2018135770613,1,1,0,18,9,1,0,0,0,0,1,1,4,1,16,4,-1,-1,-1,7,1,7
2018135770613,2,9,0,18,0,5,0,0,0,0,4,1,2,1,-1,-1,1598,1,9,5,1,5
2018135770722,1,9,0,18,0,1,0,0,0,0,3,1,6,1,49,8,2198,1,13,1,1,1
2018135770722,2,9,0,5,0,1,0,0,0,0,1,1,6,1,20,4,1596,1,8,1,1,1
2018135770746,1,11,0,6,0,0,0,0,0,0,3,1,1,1,24,5,4250,2,9,8,2,8
2018135770746,2,9,0,18,0,0,5,0,0,0,4,1,6,1,76,11,-1,-1,-1,6,3,6
2018135771119,1,9,0,18,0,1,0,0,0,0,4,1,6,1,65,9,1997,2,10,7,2,7
2018135771514,1,9,0,18,0,0,0,0,0,0,1,1,6,1,71,10,1968,2,5,8,1,8
2018135771514,2,21,1,18,0,0,0,0,0,0,2,1,1,1,58,9,12809,2,2,2,1,2
2018135771661,1,9,0,4,0,1,0,0,0,0,2,1,6,2,41,7,1349,1,5,4,1,4
2018135771661,2,19,0,18,0,1,0,0,0,0,1,1,6,1,22,5,2198,2,8,4,1,4
2018135771966,1,8,0,2,0,0,0,0,0,0,4,1,1,1,37,7,1598,2,8,1,1,1
2018135771966,2,9,0,1,9,0,0,0,0,0,2,1,6,3,-1,-1,2835,2,21,-1,-1,-1
2018135772001,1,9,0,18,0,0,0,0,0,0,4,1,6,1,29,6,1781,2,14,1,1,1
2018135772021,1,9,0,14,0,0,0,0,0,0,1,1,6,2,70,10,1596,1,1,3,2,3
2018135772021,2,19,0,2,0,0,0,0,0,0,2,1,6,3,-1,-1,1598,2,1,-1,-1,-1
2018135772535,1,19,0,18,0,0,0,0,0,0,1,1,6,3,-1,-1,-1,-1,-1,-1,-1,-1
2018135772535,2,9,0,18,0,0,0,0,0,0,1,1,6,1,49,8,1598,2,6,3,1,3
2018135772592,1,9,0,16,0,0,0,0,0,11,1,1,6,1,33,6,1197,1,2,2,1,2
2018135772592,2,9,0,2,0,0,0,0,0,0,0,1,6,2,69,10,1598,1,6,-1,-1,-1
2018135780499,1,9,0,18,0,0,0,0,2,1,1,1,6,1,72,10,1968,2,4,7,3,7
2018135780647,1,5,0,13,0,8,2,0,7,4,4,1,6,1,39,7,929,1,18,7,3,7
2018135780647,2,9,0,9,0,5,0,0,0,0,3,1,6,2,64,9,1198,1,2,8,1,8