Accident_Index,Vehicle_Reference,Vehicle_Type,Towing_and_Articulation,Vehicle_Manoeuvre,Vehicle_Location-Restricted_Lane,Junction_Location,Skidding_and_Overturning,Hit_Object_in_Carriageway,Vehicle_Leaving_Carriageway,Hit_Object_off_Carriageway,1st_Point_of_Impact,Was_Vehicle_Left_Hand_Drive?,Journey_Purpose_of_Driver,Sex_of_Driver,Age_of_Driver,Age_Band_of_Driver,Engine_Capacity_(CC),Propulsion_Code,Age_of_Vehicle,Driver_IMD_Decile,Driver_Home_Area_Type,Vehicle_IMD_Decile
20181357M1042,1,9,0,5,0,1,0,0,0,0,4,1,6,1,65,9,1870,2,11,1,1,1
20181357M1042,2,3,0,18,0,1,0,0,0,0,1,1,6,1,56,9,108,1,-1,5,1,5
20181357M1205,1,9,0,7,0,8,0,0,0,0,3,1,6,1,18,4,1199,1,15,1,1,1
20181357M1205,2,9,0,4,0,8,0,0,0,0,4,1,6,2,51,8,1997,2,1,3,1,3
20181357M1356,1,9,0,10,0,0,0,0,0,0,2,1,1,1,45,7,1968,2,3,4,1,4
20181357M1356,2,9,0,18,0,0,0,0,0,0,1,1,6,1,75,10,1496,1,2,7,1,7
20181357M1391,1,1,0,18,0,1,0,0,0,0,1,1,6,1,54,8,-1,-1,-1,2,1,2
20181357M1391,2,4,0,9,0,2,0,0,0,0,1,1,6,3,-1,-1,-1,-1,-1,-1,-1,-1
20181357M1400,1,9,0,18,0,2,0,0,0,0,4,1,6,1,33,6,1398,1,15,1,1,1
20181357M1477,1,9,0,9,0,8,5,0,3,0,1,1,6,1,21,5,1461,2,-1,1,1,1
20181357M1543,1,9,0,13,0,0,0,0,0,0,4,1,6,3,-1,-1,-1,-1,-1,-1,-1,-1
20181357M1543,2,1,0,18,0,0,0,0,0,0,3,1,2,2,42,7,-1,-1,-1,-1,-1,-1
20181357N0242,1,9,0,18,0,0,1,0,5,6,1,1,6,1,23,5,1329,1,9,6,1,6
20181357N0287,1,9,0,17,0,0,1,0,7,3,1,1,2,2,28,6,1360,1,8,7,1,7
20181357N0378,1,9,0,18,9,0,5,0,7,11,1,1,6,1,81,11,1560,2,2,10,1,10
20181357N0399,1,9,0,18,0,0,0,0,0,0,1,1,6,1,24,5,2477,2,12,2,1,2
20181357N0399,2,9,0,18,0,0,0,0,0,0,2,1,6,1,43,7,1596,1,16,6,1,6
20181357N0424,1,1,0,18,0,0,2,0,0,0,1,1,2,1,29,6,-1,-1,-1,2,1,2
20181357N0424,2,9,0,10,0,0,0,0,0,0,2,1,6,1,38,7,1905,2,20,3,1,3
20181357N0662,1,9,0,18,0,0,5,4,0,0,1,1,6,1,19,4,1560,2,12,5,1,5
20181357N0662,2,9,0,2,0,0,0,4,0,0,2,1,6,3,-1,-1,1499,2,2,-1,-1,-1
20181357N0662,3,9,0,2,0,0,0,0,0,0,2,1,6,3,-1,-1,1997,2,10,-1,-1,-1
20181357N1077,1,20,0,9,0,8,0,0,0,0,1,1,1,1,44,7,4250,2,6,8,1,8
20181357N1077,2,9,0,18,0,1,0,0,0,0,1,1,6,2,40,7,1598,2,5,1,1,1
20181357N1089,1,11,0,5,0,0,0,0,0,0,1,1,1,1,34,6,6696,2,3,9,1,9
20181357N1187,1,9,0,18,0,0,0,0,0,0,4,1,6,3,-1,-1,-1,-1,-1,-1,-1,-1
20181357N1276,1,9,0,18,0,0,0,0,0,0,1,1,6,2,22,5,1364,1,9,1,1,1
20181357N1276,2,8,0,18,0,0,0,0,0,0,1,1,6,1,52,8,1560,2,10,7,1,7
20181357N2110,1,8,0,16,0,1,0,0,0,0,4,1,1,1,42,7,1686,2,5,5,1,5
20181357N2110,2,1,0,18,0,1,0,0,0,0,4,1,6,1,48,8,-1,-1,-1,5,1,5
20181357O0380,1,9,0,18,0,0,1,0,0,0,3,1,6,1,23,5,1200,1,-1,5,2,5
20181357O0380,2,9,0,18,0,0,1,0,0,0,3,1,6,1,66,10,1499,1,2,9,1,9
20181357O0415,1,9,0,2,0,0,0,0,0,0,1,1,6,2,26,6,1598,2,3,2,1,2
20181357O0415,2,1,0,18,0,0,0,0,0,0,1,1,6,1,48,8,-1,-1,-1,3,1,3
20181357O0528,1,9,0,18,0,8,0,0,0,0,4,1,6,2,27,6,1390,1,4,3,1,3
20181357O0540,1,9,0,18,0,6,0,0,0,0,0,1,6,2,42,7,1398,1,14,4,1,4
20181357O0540,2,9,0,18,0,8,0,0,0,0,0,1,6,2,22,5,1398,1,3,9,1,9
20181357O0694,1,9,0,18,0,8,0,0,0,0,1,1,3,2,28,6,1598,1,16,1,1,1
20181357O0694,2,9,0,4,0,8,0,0,0,0,2,1,6,1,72,10,-1,-1,-1,-1,-1,-1
20181357O0969,1,21,4,18,0,6,0,0,0,0,1,1,1,1,50,8,12777,2,2,7,1,7
20181357O0969,2,20,4,2,6,6,5,0,1,4,2,1,1,1,56,9,2998,2,2,7,1,7
20181357O1099,1,19,0,18,0,8,0,0,0,0,4,1,6,3,-1,-1,-1,-1,-1,-1,-1,-1
20181357O1304,1,9,0,9,0,6,0,0,0,0,0,1,6,1,-1,-1,1229,1,3,-1,-1,-1
20181357O1304,2,1,0,18,0,1,2,0,0,0,0,1,2,1,19,4,-1,-1,-1,1,1,1
20181357O1378,1,9,0,17,0,0,2,0,2,10,4,1,6,1,23,5,1298,1,15,2,1,2
20181357O1424,1,9,0,2,0,0,0,0,0,0,3,1,6,2,18,4,1229,1,11,3,1,3
20181357O1424,2,1,0,14,0,0,5,8,0,0,1,1,6,1,55,8,-1,-1,-1,6,1,6
20181357O1833,1,1,0,18,0,8,0,0,0,0,1,1,6,1,18,4,-1,-1,-1,5,1,5
20181357O1833,2,9,0,7,0,5,0,0,0,0,4,1,6,3,-1,-1,-1,-1,-1,-1,-1,-1
20181357O1988,1,9,0,4,0,0,0,0,0,0,2,1,6,2,18,4,1398,1,4,4,1,4
20181357O1988,2,9,0,18,0,0,0,0,0,0,1,1,6,2,-1,-1,1242,1,5,6,1,6
20181357O2196,1,9,0,18,0,0,1,0,0,6,1,1,6,1,26,6,1984,1,9,9,1,9
20181357P0540,1,9,0,18,0,8,0,0,0,0,1,1,2,1,33,6,1896,2,12,2,1,2
20181357P0540,2,19,4,9,0,8,0,0,0,0,4,1,1,1,39,7,2998,2,3,5,3,5
20181357P0643,1,9,0,18,0,4,0,0,0,0,1,1,6,1,71,10,1496,2,-1,-1,-1,-1
20181357P0643,2,9,0,18,0,4,0,0,0,0,3,1,6,1,58,9,1799,1,9,7,1,7
20181357P0706,1,5,0,5,0,0,0,0,0,0,2,1,6,1,33,6,1043,1,-1,8,1,8
20181357P0706,2,5,0,5,0,0,0,0,0,0,2,1,6,1,54,8,645,1,2,8,1,8
20181357P0706,3,19,0,5,0,0,0,0,0,0,1,1,1,1,43,7,2461,2,9,4,1,4
20181357P0749,1,9,0,17,0,0,0,0,0,0,3,1,6,3,-1,-1,-1,-1,-1,-1,-1,-1
20181357P0749,2,3,0,16,0,0,0,0,0,0,1,1,6,1,23,5,125,1,8,10,1,10
20181357P0921,1,19,0,4,0,0,0,0,0,0,1,1,6,1,-1,-1,-1,-1,-1,-1,-1,-1
20181357P0921,2,9,0,4,0,0,0,0,0,0,2,1,6,1,38,7,1997,2,13,2,1,2
20181357P0960,1,21,1,18,0,0,0,0,0,0,1,1,6,1,-1,-1,-1,-1,-1,-1,-1,-1
20181357P0960,2,9,0,18,0,0,0,0,0,0,2,1,6,2,38,7,1969,2,1,3,1,3
20181357P1355,1,11,0,3,2,2,0,0,0,0,2,1,1,1,48,8,7300,2,14,1,1,1
20181357P1355,2,9,0,18,0,1,0,0,0,0,1,1,6,1,62,9,1299,1,11,8,1,8
20181357P1642,1,19,0,2,0,0,0,0,0,0,0,1,1,2,50,8,2148,2,9,10,1,10
20181357P1642,2,9,0,18,0,0,0,0,0,0,4,1,1,1,31,6,1598,2,5,1,1,1
20181357P1689,1,9,0,9,0,8,0,0,0,0,1,1,6,2,37,7,1598,2,8,1,1,1
20181357P1689,2,5,0,18,0,8,0,4,0,0,1,1,6,1,32,6,998,1,14,4,1,4
20181357P1689,3,9,0,2,0,2,0,0,0,0,2,1,6,3,-1,-1,1582,2,6,-1,-1,-1
20181357P1851,1,9,0,18,0,0,1,0,5,6,1,1,6,1,19,4,1248,2,5,5,1,5
20181357P1851,2,9,0,18,0,0,0,0,0,0,0,1,6,3,-1,-1,-1,-1,-1,-1,-1,-1
20181357Q0706,1,9,0,5,0,1,0,0,0,0,1,1,6,2,38,7,1398,1,15,-1,-1,-1
20181357Q0706,2,9,0,18,0,1,0,0,0,0,1,1,2,2,50,8,1596,1,10,4,1,4
20181357Q0987,1,21,1,9,0,1,0,0,0,0,4,1,1,1,31,6,-1,-1,-1,-1,-1,-1
20181357Q0987,2,9,0,9,0,1,0,0,0,0,3,1,6,1,42,7,1968,2,5,1,1,1
20181357Q1077,1,9,0,18,0,6,0,0,0,0,1,1,6,1,32,6,999,1,1,1,1,1
20181357Q1077,2,9,0,18,0,1,0,0,0,0,3,1,6,2,38,7,1598,1,10,1,1,1
20181357Q1250,1,1,0,18,0,1,5,0,0,0,1,1,6,1,14,3,-1,-1,-1,5,1,5
20181357Q1250,2,9,0,4,0,1,0,0,0,0,3,1,6,1,57,9,2143,2,4,2,1,2
20181357Q1595,1,9,0,18,0,8,0,0,0,0,1,1,1,1,43,7,1422,2,1,1,1,1
20181357Q1595,2,9,0,9,0,8,0,0,0,0,3,1,1,1,72,10,1798,1,6,4,1,4
20181357Q1776,1,9,0,18,0,8,0,0,0,0,1,1,6,1,33,6,1896,2,14,-1,-1,-1
20181357Q1776,2,9,0,18,0,8,0,0,0,0,4,1,6,1,45,7,1339,1,10,1,1,1
20181357Q1822,1,9,0,9,0,8,0,0,0,0,1,1,6,1,59,9,1396,1,18,1,1,1
20181357Q1822,2,1,0,18,0,8,0,0,0,0,1,1,6,1,46,8,-1,-1,-1,4,1,4
20181357Q1904,1,9,0,16,0,0,5,0,7,11,1,1,6,1,39,7,1794,1,17,7,1,7
20181357Q1904,2,9,0,16,0,0,0,0,0,0,0,1,6,1,25,5,1997,2,2,10,1,10
20181357R0526,1,4,0,18,0,0,0,0,0,0,4,1,6,1,67,10,174,1,43,7,3,7
20181357R0574,1,9,0,5,0,6,0,0,0,0,1,1,1,1,23,5,1587,1,12,7,2,7
20181357R0574,2,1,0,18,0,8,0,0,0,0,4,1,1,1,31,6,-1,-1,-1,3,1,3
20181357R0634,1,9,0,18,0,0,0,0,0,0,1,1,6,1,79,11,1796,1,18,1,1,1
20181357R0634,2,9,0,18,0,0,0,0,0,0,2,1,6,1,74,10,1368,1,4,6,1,6
20181357R0634,3,9,0,18,0,0,0,0,0,0,2,1,6,1,72,10,1560,2,9,8,1,8
20181357R0689,1,9,0,9,0,6,0,0,0,0,1,1,6,1,72,10,1598,2,6,8,1,8
20181357R0785,1,9,0,9,0,1,0,0,0,0,2,1,6,2,45,7,1197,1,2,6,1,6
20181357R0785,2,9,0,18,0,1,0,0,0,0,1,1,6,1,39,7,1896,2,15,3,1,3
20181357R0785,3,9,0,18,0,1,0,0,0,0,2,1,6,2,33,6,1596,1,3,4,2,4
20181357R0785,4,2,0,18,0,1,1,0,0,0,1,1,2,1,29,6,124,1,5,1,1,1
20181357R1000,1,9,0,18,0,0,0,0,0,0,1,1,6,1,45,7,1618,1,1,1,1,1
20181357R1000,2,9,0,18,0,0,0,0,0,0,2,1,6,1,24,5,1461,2,2,-1,1,-1
20181357R1000,3,9,0,18,0,0,0,0,0,0,2,1,6,2,39,7,998,1,6,6,1,6
20181357R1000,4,9,0,18,0,0,0,0,0,0,2,1,6,1,40,7,1197,1,1,9,2,9
20181357R1089,1,19,0,18,0,0,0,0,0,0,1,1,6,1,57,9,1686,2,19,1,1,1
20181357R1089,2,9,0,4,0,0,0,0,0,0,2,1,6,2,44,7,1560,2,8,1,1,1
20181357R1147,1,9,0,18,0,0,0,0,0,0,0,1,6,3,-1,-1,-1,-1,-1,-1,-1,-1
20181357R1147,2,11,0,18,0,0,0,0,0,0,0,1,1,1,27,6,9360,2,10,1,1,1
20181357R1301,1,9,0,18,0,8,0,0,0,0,4,1,6,2,29,6,-1,-1,-1,3,1,3
20181357R1301,2,9,0,18,0,7,0,0,0,0,1,1,6,3,-1,-1,1951,2,13,-1,-1,-1
20181357R1563,1,1,0,18,0,6,0,0,0,0,3,1,6,1,15,3,-1,-1,-1,-1,-1,-1
20181357R1563,2,9,0,18,0,8,0,0,0,0,1,1,6,2,25,5,1461,2,-1,-1,-1,-1
20181357R2208,1,9,0,18,0,1,0,0,0,0,1,1,6,3,-1,-1,-1,-1,-1,-1,-1,-1
20181357R2208,2,9,0,3,0,1,0,0,0,0,2,1,6,1,37,7,1461,2,2,1,1,1
20181357S0072,1,8,0,18,0,8,1,0,1,2,1,1,6,1,53,8,1598,2,9,2,1,2
20181357S0707,1,9,0,18,0,1,0,0,0,0,1,1,6,2,35,6,1598,1,13,6,1,6
20181357S0707,2,9,0,9,0,8,0,0,0,0,3,1,6,2,44,7,1499,1,1,5,3,5
20181357S1013,1,9,0,18,0,8,0,0,0,0,3,1,6,1,49,8,1598,1,7,4,1,4
20181357S1013,2,9,0,18,0,8,0,0,0,0,4,1,6,2,32,6,1999,2,2,2,1,2
20181357S1169,1,8,0,18,0,0,0,0,0,0,4,1,1,1,36,7,1968,2,7,5,1,5
20181357S1418,1,9,0,3,0,1,0,0,0,0,2,1,6,1,58,9,1240,1,12,5,1,5
20181357S1418,2,9,0,4,0,1,0,0,0,0,1,1,6,1,37,7,1560,2,3,9,3,9
20181357S1894,1,9,0,18,0,8,0,0,0,0,1,1,6,3,-1,-1,1199,1,16,-1,-1,-1
20181357S1894,2,9,0,18,0,8,0,0,0,0,1,1,6,2,28,6,1198,1,12,8,1,8
20181357T0064,1,8,0,17,0,1,0,0,0,0,3,1,1,1,48,8,1968,2,5,1,1,1
20181357T0064,2,9,0,16,0,1,0,0,0,0,3,1,6,1,46,8,1685,2,4,4,1,4
20181357T0116,1,9,0,18,0,0,0,0,0,0,0,1,6,3,-1,-1,-1,-1,-1,-1,-1,-1
20181357T0451,1,9,0,18,0,0,0,0,7,2,1,1,6,1,24,5,1197,1,8,9,3,9
20181357T0493,1,9,0,18,0,0,0,0,0,0,1,1,6,1,36,7,1997,2,16,1,1,1
20181357T0576,1,9,0,16,0,7,2,0,7,0,0,1,6,2,23,5,-1,-1,-1,6,1,6
20181357T0984,1,9,0,18,0,0,0,0,0,0,1,1,6,1,19,4,999,1,3,7,2,7
20181357T0984,2,9,0,4,0,0,0,0,0,0,2,1,6,1,48,8,1968,2,12,-1,-1,-1
20181357T1016,1,9,0,18,0,4,0,0,0,0,1,1,6,3,28,6,-1,-1,-1,-1,-1,-1
20181357T1016,2,9,0,18,0,4,0,0,0,0,2,1,6,1,64,9,1229,1,12,8,1,8
20181357T1218,1,10,0,18,0,0,0,0,1,0,4,1,6,3,-1,-1,-1,-1,-1,-1,-1,-1
20181357T1504,1,1,0,18,0,0,0,0,0,0,3,1,6,1,22,5,-1,-1,-1,1,1,1
20181357T1504,2,9,0,18,0,0,1,0,0,0,1,1,6,1,28,6,1997,2,10,1,1,1
20181357T1698,1,9,0,18,0,0,0,0,0,0,4,1,6,1,69,10,999,1,17,10,1,10
20181357U0564,1,9,0,6,0,8,0,0,0,0,3,1,6,1,60,9,1896,2,15,1,1,1
20181357U0564,2,5,0,18,0,8,0,0,0,0,1,1,6,1,47,8,750,1,14,1,1,1
20181357U0662,1,9,0,18,0,1,0,0,0,0,0,1,6,2,63,9,1896,2,15,-1,-1,-1
20181357U0662,2,1,0,18,0,2,0,0,0,0,0,1,6,1,8,2,-1,-1,-1,-1,-1,-1
20181357U0895,1,9,0,18,0,1,0,0,0,0,1,1,6,2,33,6,1968,2,5,1,1,1
20181357U0925,1,9,0,5,6,8,0,0,0,0,1,1,6,1,21,5,998,1,18,5,1,5
20181357U1257,1,21,0,18,0,0,0,0,0,0,3,1,1,1,51,8,-1,-1,-1,-1,-1,-1
20181357U1257,2,9,0,18,0,0,0,0,1,0,1,1,6,1,19,4,1968,2,6,-1,-1,-1
20181357U1257,3,9,0,2,0,0,0,0,0,0,1,1,6,3,-1,-1,1598,1,13,-1,-1,-1
20181357U1349,1,9,0,11,0,8,2,0,1,4,4,1,1,1,50,8,1200,1,1,5,1,5
20181357U1349,2,9,0,18,0,8,0,0,0,0,3,1,2,2,46,8,1969,2,1,9,3,9
20181357U1419,1,9,0,9,0,5,0,0,0,0,1,1,6,2,46,8,2143,2,1,7,1,7
20181357U1496,1,11,0,18,0,0,0,0,0,0,0,1,1,1,55,8,7300,2,15,3,1,3
20181357U1496,2,19,0,18,0,0,0,0,0,0,0,1,6,3,-1,-1,-1,-1,-1,-1,-1,-1
20181357U1661,1,1,0,18,0,0,0,0,0,0,1,1,6,1,8,2,-1,-1,-1,1,1,1
20181357U1661,2,9,0,18,0,0,0,0,0,0,4,1,6,1,-1,-1,1968,2,9,-1,-1,-1
20181357V0353,1,20,0,18,0,1,0,0,0,0,1,1,6,1,37,7,-1,-1,-1,-1,-1,-1
20181357V0353,2,9,0,9,0,8,0,0,0,0,1,1,1,1,64,9,-1,-1,-1,-1,-1,-1
20181357V0626,1,9,0,18,0,8,0,0,0,0,3,1,6,2,55,8,1399,2,6,-1,-1,-1
20181357V0626,2,4,0,18,0,8,0,0,0,0,1,1,1,1,18,4,124,1,3,-1,-1,-1
20181357V0663,1,1,0,18,0,8,0,0,0,0,1,1,6,2,9,2,-1,-1,-1,2,1,2
20181357V0663,2,9,0,3,0,8,0,0,0,0,4,1,6,2,46,8,1399,2,16,2,1,2
20181357V0747,1,9,0,18,0,1,0,0,0,0,1,1,6,1,42,7,1896,2,14,-1,-1,-1
20181357V0747,2,9,0,18,0,1,0,0,0,0,1,1,6,1,42,7,1896,2,11,-1,-1,-1
20181357V1105,1,21,0,18,0,0,0,0,0,0,2,1,6,1,56,9,10837,2,1,-1,-1,-1
20181357V1105,2,9,0,18,0,0,0,0,0,0,0,1,6,2,45,7,1686,2,9,-1,-1,-1
20181357V1198,1,5,0,18,0,0,0,0,0,0,1,1,6,3,29,6,-1,-1,-1,-1,-1,-1
20181357V1208,1,9,0,5,0,6,0,0,3,0,1,1,6,1,46,8,1339,1,11,8,1,8
20181357V1377,1,9,0,13,0,8,0,0,1,2,1,1,6,1,23,5,1968,2,7,1,1,1
20181357V1377,2,9,0,17,0,8,0,0,0,0,0,1,6,1,24,5,1242,1,7,-1,1,-1
20181357V1380,1,9,0,18,0,0,0,0,0,0,1,1,6,2,68,10,1388,1,10,2,1,2
20181357V1380,2,1,0,18,0,0,5,0,0,0,2,1,6,1,43,7,-1,-1,-1,6,1,6
20181357V1541,1,9,0,18,0,1,0,0,0,0,1,1,6,2,44,7,-1,-1,-1,1,1,1
20181357V1549,1,9,0,18,0,1,0,0,1,11,1,1,6,2,24,5,1398,1,2,2,1,2
20181357V1549,2,9,0,2,6,1,0,0,0,0,3,1,6,3,-1,-1,1995,2,13,2,1,2
20181357V1549,3,9,0,2,6,1,0,0,0,0,4,1,6,3,-1,-1,1799,1,11,1,1,1
2018135810461,1,9,0,18,0,1,0,0,0,0,1,1,6,2,56,9,998,1,15,1,1,1
2018135810461,2,9,0,4,0,1,0,0,0,0,2,1,6,2,29,6,1461,2,11,6,1,6
2018135810470,1,9,0,18,0,0,0,0,0,0,3,1,6,2,28,6,1198,1,6,6,3,6
2018135810470,2,21,0,11,0,0,0,0,0,0,4,1,1,1,-1,-1,12902,2,5,-1,-1,-1
2018135810777,1,9,0,9,0,2,0,0,0,0,4,1,6,1,67,10,1229,1,11,3,1,3
2018135810777,2,5,0,18,0,8,5,0,0,0,1,1,6,2,36,7,599,1,16,5,1,5
2018135810793,1,9,0,18,0,0,0,0,0,0,1,1,6,2,58,9,1242,1,3,7,1,7
2018135810794,1,21,1,11,0,0,0,0,0,0,4,1,1,1,46,8,10837,2,2,-1,-1,-1
2018135810794,2,9,0,18,0,0,0,0,0,0,3,1,6,1,56,9,1582,2,7,9,1,9
2018135811158,1,9,0,18,0,0,0,0,0,0,3,1,6,1,22,5,1968,2,9,2,1,2
2018135811158,2,1,0,18,0,0,0,0,0,0,1,1,6,1,8,2,-1,-1,-1,-1,-1,-1
2018135811451,1,9,0,9,0,0,0,10,7,11,1,1,6,1,36,7,1997,2,-1,2,1,2
2018135811451,2,9,0,18,0,0,0,0,0,0,2,1,6,2,-1,-1,1968,2,5,6,1,6
2018135811528,1,9,0,2,0,0,0,0,0,0,3,1,6,1,35,6,2000,2,7,1,1,1
2018135811528,2,1,0,14,0,0,5,0,0,0,1,1,6,1,55,8,-1,-1,-1,5,1,5
2018135811727,1,9,0,18,0,1,0,0,0,0,4,1,6,2,28,6,1598,2,6,9,1,9
2018135811727,2,1,0,18,0,1,0,0,0,0,1,1,6,1,45,7,-1,-1,-1,1,1,1
2018135811845,1,5,0,16,0,7,2,10,8,0,1,1,6,1,26,6,649,1,4,-1,-1,-1
2018135811855,1,1,0,18,0,0,0,0,0,0,1,1,6,1,41,7,-1,-1,-1,7,1,7
2018135811855,2,19,0,2,0,0,0,0,0,0,2,1,6,3,-1,-1,2198,2,6,-1,-1,-1
2018135812124,1,90,0,18,9,0,1,0,1,11,1,1,6,1,23,5,-1,-1,-1,1,1,1
2018135820272,1,9,0,18,0,2,1,10,1,4,4,1,6,1,22,5,1995,2,13,1,1,1
2018135820272,2,9,0,9,0,1,0,0,0,0,0,1,1,1,48,8,2993,2,-1,-1,-1,-1
2018135820342,1,9,0,18,0,0,0,0,0,0,4,1,2,2,30,6,1399,1,13,3,1,3
2018135820342,2,21,1,12,0,0,0,0,0,0,3,1,1,1,-1,-1,-1,-1,-1,-1,-1,-1
2018135820526,1,9,0,18,0,1,0,0,0,1,1,1,6,2,51,8,2987,2,8,4,1,4
2018135820526,2,9,0,5,0,1,0,7,0,0,1,1,6,1,41,7,1969,2,1,5,1,5
2018135821089,1,9,3,18,0,0,4,0,1,0,4,1,6,1,61,9,2996,1,1,-1,1,-1
2018135821383,1,9,0,18,0,0,0,0,0,0,1,1,6,1,30,6,2204,2,12,7,1,7
2018135821383,2,9,0,18,0,0,0,0,1,0,1,1,6,1,37,7,1796,1,10,5,1,5
2018135821436,1,9,0,7,0,1,0,0,0,0,3,1,6,1,22,5,1461,2,2,2,1,2
2018135821436,2,1,0,18,0,1,0,0,0,0,1,1,6,1,56,9,-1,-1,-1,3,1,3
2018135821609,1,19,0,9,0,8,0,0,0,0,3,1,2,1,57,9,1870,2,12,8,1,8
2018135821609,2,5,0,14,0,8,0,10,7,0,1,1,6,1,42,7,1037,1,1,6,1,6
2018135821942,1,1,0,18,0,0,0,0,0,0,0,1,6,1,19,4,-1,-1,-1,5,1,5
2018135821942,2,9,0,2,0,0,0,0,0,0,2,1,6,3,28,6,1339,1,12,1,1,1
2018135822057,1,8,0,18,0,0,0,0,0,0,1,1,1,1,46,8,1497,8,10,1,1,1
2018135830460,1,3,0,13,0,0,0,10,4,6,3,1,6,1,26,6,124,1,7,5,1,5
2018135830755,1,9,0,18,0,5,0,0,0,0,1,1,6,1,85,11,1497,8,5,7,1,7
2018135830755,2,9,0,2,0,8,0,0,0,0,2,1,6,1,-1,-1,2720,2,11,-1,-1,-1
2018135830862,1,9,0,18,0,0,0,0,0,0,3,1,6,1,-1,-1,-1,-1,-1,-1,-1,-1
2018135830862,2,1,0,18,0,0,0,0,0,0,1,1,6,1,13,3,-1,-1,-1,-1,-1,-1
2018135830870,1,9,0,9,9,2,0,0,1,1,1,1,6,1,30,6,1796,1,15,1,1,1
2018135830993,1,9,0,18,0,0,0,10,2,2,1,1,2,2,22,5,1398,2,7,1,1,1
2018135831159,1,19,0,4,0,0,0,0,0,0,2,1,1,1,26,6,1968,2,3,5,1,5
2018135831159,2,9,0,4,0,0,0,0,0,0,2,1,6,2,34,6,1399,1,1,2,1,2
2018135831159,3,9,0,4,0,0,0,0,0,6,2,1,2,1,35,6,1995,2,9,1,1,1
2018135831159,4,19,0,18,0,0,1,0,0,0,1,1,1,1,23,5,1461,2,1,8,1,8
2018135831173,1,9,0,18,0,8,0,0,0,0,1,1,6,1,23,5,2261,1,1,3,1,3
2018135831173,2,1,0,18,0,1,0,0,0,0,3,1,6,1,16,4,-1,-1,-1,1,1,1
2018135831319,1,22,0,18,9,0,0,0,0,0,1,1,6,1,-1,-1,-1,-1,-1,-1,-1,-1
2018135831346,1,9,0,14,0,0,0,0,0,0,1,1,6,1,33,6,1995,1,15,4,1,4
2018135831431,1,5,0,11,0,0,2,0,0,0,1,1,2,1,53,8,1050,1,3,3,2,3
2018135831431,2,9,0,18,0,0,0,0,0,0,2,1,2,1,53,8,1984,1,-1,8,1,8
2018135831990,1,9,0,18,0,0,0,0,0,0,1,1,6,1,27,6,3000,1,8,8,3,8
2018135831990,2,9,0,2,0,0,0,0,0,0,2,1,1,1,37,7,1798,8,2,1,1,1
2018135832124,1,9,0,18,0,1,0,0,0,0,2,1,6,2,24,5,1248,1,6,7,3,7
2018135832124,2,9,0,18,0,1,0,0,0,0,1,1,6,2,24,5,998,1,16,5,1,5
2018135840001,1,9,0,17,0,0,1,0,1,11,1,1,6,1,17,4,-1,-1,-1,8,1,8
2018135840938,1,5,0,17,0,0,0,0,1,2,1,1,6,1,53,8,1215,1,4,7,1,7
2018135841044,1,9,0,18,0,0,1,0,0,0,1,2,6,3,-1,-1,-1,-1,-1,-1,-1,-1
2018135841088,1,19,0,18,0,1,0,0,0,0,4,1,6,1,37,7,1998,2,17,1,1,1
2018135841088,2,1,0,18,0,1,0,0,0,0,3,1,6,1,51,8,-1,-1,-1,4,1,4
2018135841254,1,9,0,18,0,3,0,0,0,0,4,1,6,1,24,5,1956,2,3,7,1,7
2018135841254,2,1,0,18,0,3,0,0,0,0,3,1,6,1,57,9,-1,-1,-1,-1,-1,-1
2018135841303,1,9,0,4,0,1,0,0,0,0,0,1,6,3,-1,-1,-1,-1,-1,-1,-1,-1
2018135841303,2,1,0,18,0,8,2,0,0,0,0,1,6,1,72,10,-1,-1,-1,1,1,1
2018135841440,1,9,0,18,0,8,0,0,0,0,1,1,6,1,48,8,1242,1,2,6,1,6
2018135841440,2,9,0,18,0,8,0,0,0,0,3,1,6,2,58,9,1969,2,2,1,1,1
2018135841573,1,9,0,7,0,8,0,0,0,0,3,1,6,3,-1,-1,-1,-1,-1,-1,-1,-1
2018135841573,2,1,0,18,0,8,0,0,0,0,4,1,6,1,28,6,-1,-1,-1,4,1,4
2018135841767,1,1,0,18,0,8,5,0,0,0,4,1,6,1,31,6,-1,-1,-1,8,1,8
2018135841767,2,9,0,18,0,4,0,0,0,0,1,1,6,1,22,5,1197,1,5,3,1,3
2018135842090,1,9,0,18,0,0,1,0,5,6,1,1,1,2,45,7,1560,2,8,1,1,1
2018135850302,1,9,0,16,0,8,1,0,7,2,1,1,6,1,-1,-1,1395,1,2,-1,-1,-1
2018135850302,2,9,0,18,0,4,0,0,0,0,0,1,1,1,-1,-1,2979,1,4,-1,-1,-1
2018135850302,3,9,0,18,0,4,0,0,0,0,0,1,1,1,-1,-1,2993,2,3,-1,-1,-1
2018135850302,4,8,0,17,0,8,1,0,0,0,1,1,1,1,51,8,1390,1,6,4,1,4
2018135850339,1,9,0,18,0,6,0,0,0,0,1,1,6,3,37,7,-1,-1,-1,-1,-1,-1
2018135850339,2,1,0,18,0,8,0,0,0,0,3,1,6,1,72,10,-1,-1,-1,1,1,1
2018135850615,1,1,0,18,0,8,1,0,0,0,1,1,6,1,30,6,-1,-1,-1,8,1,8
2018135850615,2,9,0,3,0,8,0,0,0,0,2,1,6,2,56,9,1968,2,4,4,1,4
2018135850847,1,90,0,18,0,2,0,0,7,0,0,1,6,1,21,5,-1,-1,-1,3,1,3
2018135850908,1,9,0,18,0,8,0,0,0,0,4,1,6,1,44,7,1399,1,-1,-1,-1,-1
2018135850908,2,8,0,9,0,8,0,0,0,0,1,1,6,1,32,6,1598,2,7,1,1,1