Accident_Index,Vehicle_Reference,Vehicle_Type,Towing_and_Articulation,Vehicle_Manoeuvre,Vehicle_Location-Restricted_Lane,Junction_Location,Skidding_and_Overturning,Hit_Object_in_Carriageway,Vehicle_Leaving_Carriageway,Hit_Object_off_Carriageway,1st_Point_of_Impact,Was_Vehicle_Left_Hand_Drive?,Journey_Purpose_of_Driver,Sex_of_Driver,Age_of_Driver,Age_Band_of_Driver,Engine_Capacity_(CC),Propulsion_Code,Age_of_Vehicle,Driver_IMD_Decile,Driver_Home_Area_Type,Vehicle_IMD_Decile
20181358L1519,2,1,0,18,0,1,0,0,0,0,1,1,2,1,38,7,-1,-1,-1,1,1,1
20181358L1538,1,9,0,18,0,0,0,0,0,0,1,1,6,1,34,6,1242,1,10,1,1,1
20181358L1538,2,9,0,4,0,0,0,0,0,0,2,1,6,1,57,9,1496,2,2,10,2,10
20181358L1538,3,9,0,4,0,0,0,0,0,0,2,1,6,2,32,6,1997,2,8,4,1,4
20181358L1538,4,9,0,4,0,0,0,0,0,0,2,1,6,2,34,6,1242,1,9,2,1,2
20181358L1641,1,9,0,18,0,0,2,0,1,4,1,1,6,1,21,5,999,1,-1,7,1,7
20181358L1641,2,9,0,5,0,0,0,0,0,0,1,1,6,1,83,11,1229,1,11,7,1,7
20181358L1652,1,9,0,18,0,0,0,0,0,0,1,1,6,1,37,7,1299,1,14,1,1,1
20181358L1652,2,9,0,1,0,0,0,0,0,0,1,1,6,2,47,8,1968,2,5,1,1,1
20181358L1743,1,9,0,18,0,4,0,0,0,0,1,1,6,1,32,6,2198,2,13,4,1,4
20181358L1743,2,9,0,9,0,4,0,0,0,0,1,1,6,1,23,5,1598,1,15,4,1,4
20181358L1823,1,9,0,18,0,8,0,0,0,0,4,1,2,1,43,7,-1,-1,-1,6,1,6
20181358L1823,2,8,0,18,0,8,0,0,0,0,4,1,1,1,64,9,1598,2,6,4,1,4
20181358M0654,1,9,0,9,0,8,0,0,0,0,1,1,6,3,-1,-1,1796,1,15,-1,-1,-1
20181358M0654,2,10,0,18,0,8,0,0,0,0,3,1,6,1,50,8,2198,2,10,1,1,1
20181358M0706,1,8,0,2,0,0,0,0,0,0,0,1,1,1,-1,-1,-1,-1,-1,-1,-1,-1
20181358M0900,1,9,0,18,0,8,0,0,0,0,1,1,6,2,28,6,1496,1,-1,8,1,8
20181358M0900,2,9,0,9,0,6,0,0,0,0,1,1,6,1,47,8,1400,2,14,1,1,1
20181358M1035,1,9,0,9,0,5,0,0,0,0,1,1,6,1,67,10,2495,2,23,7,1,7
20181358M1035,2,9,0,16,0,8,0,0,0,0,3,1,2,2,24,5,1197,1,4,2,1,2
20181358M1365,1,19,0,18,0,8,0,0,0,0,4,1,1,1,39,7,2198,2,6,6,1,6
20181358M1365,2,9,0,2,0,1,0,0,0,0,3,1,1,1,35,6,1332,1,7,2,1,2
20181358M1371,1,5,0,17,0,0,1,10,0,0,3,1,2,1,44,7,1052,1,22,5,1,5
20181358M1385,1,9,0,18,0,8,0,0,0,0,1,1,6,1,38,7,1598,2,8,1,1,1
20181358M1385,2,9,0,18,0,8,1,0,7,10,4,1,6,1,23,5,1598,2,4,2,1,2
20181358M1385,3,9,0,2,0,1,0,0,0,0,1,1,6,1,60,9,1995,2,6,9,1,9
20181358M1385,4,9,0,2,0,1,0,0,0,0,1,1,6,1,35,6,1598,2,7,10,1,10
20181358M1563,1,9,0,18,0,1,0,0,0,0,4,1,6,1,22,5,4991,1,10,1,1,1
20181358M1563,2,9,0,9,0,6,0,0,0,0,1,1,6,1,42,7,1896,2,9,2,1,2
20181358M1563,3,9,0,2,0,2,0,0,0,0,3,1,6,1,-1,-1,1968,2,3,-1,-1,-1
20181358M1563,4,9,0,2,0,2,0,0,0,0,2,1,6,1,-1,-1,1396,1,10,-1,-1,-1
20181358M1665,1,9,0,9,0,8,0,0,0,0,1,1,6,3,-1,-1,1598,1,13,-1,-1,-1
20181358M1665,2,9,0,18,0,8,0,0,0,0,3,1,6,1,35,6,1199,1,16,2,1,2
20181358M1951,1,9,0,9,0,8,0,0,0,0,1,1,6,1,33,6,-1,-1,-1,5,1,5
20181358M1951,2,9,0,18,0,8,0,0,0,0,1,1,6,1,32,6,1968,2,9,2,1,2
20181358M1993,1,9,0,5,0,0,0,0,0,0,1,1,6,2,40,7,1968,2,4,10,1,10
20181358M1993,2,9,0,18,0,0,0,0,0,0,1,1,6,1,76,11,1388,1,15,2,1,2
20181358N0068,1,9,0,18,0,0,0,0,0,0,1,1,6,3,-1,-1,-1,-1,-1,-1,-1,-1
20181358N0284,1,9,0,18,0,1,0,0,0,0,1,1,6,2,48,8,1242,1,4,6,1,6
20181358N0284,2,9,0,9,0,2,0,0,0,0,1,1,6,1,43,7,1896,2,17,-1,-1,-1
20181358N0339,1,1,0,7,0,4,5,0,0,0,3,1,6,1,57,9,-1,-1,-1,4,1,4
20181358N0339,2,9,0,7,0,4,0,0,0,0,4,1,6,1,69,10,1598,2,7,1,1,1
20181358N0386,1,9,0,18,0,0,0,10,1,10,4,1,6,2,49,8,-1,-1,-1,6,3,6
20181358N0386,2,21,1,13,0,0,0,0,0,0,0,1,1,1,31,6,12809,2,2,-1,2,-1
20181358N0486,1,9,0,10,0,1,0,0,0,0,2,1,6,2,57,9,2698,2,11,5,1,5
20181358N0486,2,2,0,18,0,1,0,0,0,0,1,1,6,1,16,4,50,1,21,8,1,8
20181358N0589,1,9,0,9,0,8,0,0,0,0,3,1,6,1,39,7,1968,2,7,3,1,3
20181358N0589,2,3,0,18,0,8,5,0,0,0,1,1,6,1,27,6,125,1,5,3,1,3
20181358N1280,1,9,0,5,0,1,0,0,0,0,1,1,6,2,30,6,1390,1,11,2,1,2
20181358N1280,2,9,0,3,0,1,0,0,0,0,2,1,6,2,62,9,1197,1,2,9,1,9
20181358N1512,1,3,0,18,0,1,0,0,0,0,1,1,6,3,-1,-1,125,1,8,-1,-1,-1
20181358N1733,1,9,0,17,0,0,0,0,0,0,1,1,6,2,30,6,1398,2,15,7,3,7
20181358N1733,2,9,0,16,0,0,0,0,0,0,1,1,6,1,49,8,4367,2,7,1,1,1
20181358O0071,1,9,0,18,0,1,0,0,1,1,1,1,6,1,22,5,1198,1,14,6,2,6
20181358O0326,1,19,0,18,0,0,0,0,0,7,3,1,6,1,38,7,-1,-1,-1,1,1,1
20181358O0326,2,9,0,18,0,0,0,0,0,7,1,1,6,2,51,8,1199,2,4,4,1,4
20181358O0334,1,5,0,13,0,8,5,0,0,0,4,1,6,1,47,8,599,1,20,-1,-1,-1
20181358O0334,2,9,0,4,0,8,0,0,0,0,0,1,6,2,51,8,1242,1,3,-1,-1,-1
20181358O0334,3,9,0,13,0,8,0,0,0,0,3,1,6,2,50,8,2720,2,12,2,1,2
20181358O0334,4,9,0,4,0,8,0,0,0,0,0,1,1,1,58,9,1399,1,7,-1,-1,-1
20181358O0334,5,9,0,18,0,8,0,0,0,0,2,1,2,1,24,5,1360,1,14,1,1,1
20181358O0663,1,9,0,17,0,0,0,0,7,11,3,1,6,2,47,8,1595,1,5,4,1,4
20181358O0663,2,21,0,18,0,0,0,0,0,0,3,1,1,1,64,9,6700,2,-1,-1,-1,-1
20181358O0663,3,9,0,18,0,0,0,0,0,0,1,1,6,2,44,7,1995,2,2,6,3,6
20181358O0721,1,9,0,9,0,8,0,0,7,1,1,1,6,2,32,6,3490,1,14,3,1,3
20181358O0721,2,8,0,18,0,8,0,0,7,1,4,1,1,1,38,7,1798,8,1,-1,-1,-1
20181358O0927,1,9,0,18,0,0,0,0,0,0,1,1,6,1,47,8,1753,2,14,3,1,3
20181358O0927,2,9,0,18,0,0,0,0,5,6,2,1,6,2,56,9,898,1,1,7,1,7
20181358O0927,3,9,0,12,0,0,0,0,0,0,0,1,6,3,-1,-1,-1,-1,-1,-1,-1,-1
20181358O0943,1,3,0,18,0,0,2,0,0,0,1,1,6,1,28,6,125,1,-1,5,1,5
20181358O0997,1,9,0,18,0,0,0,0,0,0,1,1,6,2,26,6,1968,2,7,2,1,2
20181358O0997,2,3,0,4,0,0,0,0,0,0,2,1,6,1,23,5,125,1,2,6,1,6
20181358O1004,1,2,0,18,0,0,0,0,0,0,0,1,6,1,16,4,50,1,8,6,3,6
20181358O1096,1,9,0,5,0,1,0,0,0,0,1,1,6,2,31,6,-1,-1,-1,5,1,5
20181358O1202,1,9,0,18,0,8,0,0,0,0,1,1,6,2,21,5,998,1,12,2,1,2
20181358O1235,1,17,0,18,0,0,0,0,0,0,3,1,1,1,25,5,6728,2,2,9,3,9
20181358O1235,2,9,0,18,0,0,0,0,0,0,0,1,6,2,35,6,1560,2,1,8,1,8
20181358O1235,3,9,0,13,0,0,5,0,1,0,4,1,6,1,59,9,1328,1,8,7,1,7
20181358O1378,1,9,0,18,0,0,0,0,0,0,1,1,6,1,50,8,1390,1,11,4,1,4
20181358O1378,2,4,0,18,0,0,0,0,0,0,1,1,6,1,22,5,-1,-1,-1,4,1,4
20181358O1510,1,9,0,18,0,0,0,0,0,0,1,1,6,2,51,8,1368,1,14,2,1,2
20181358O1510,2,19,0,2,0,0,0,0,0,0,3,1,6,3,-1,-1,2198,2,7,-1,-1,-1
20181358O1510,3,9,0,2,0,0,0,0,0,0,3,1,6,3,-1,-1,1598,1,14,-1,-1,-1
20181358O1973,1,9,0,18,0,1,0,0,0,0,4,1,6,1,67,10,1896,2,15,3,1,3
20181358O1996,1,19,0,17,0,0,0,0,1,11,1,1,6,1,31,6,1560,2,-1,2,1,2
20181358P0416,1,9,0,18,0,0,0,4,0,0,1,1,6,1,23,5,1398,1,1,1,1,1
20181358P0416,2,9,0,2,0,0,0,0,0,0,2,1,6,1,-1,-1,1399,2,8,-1,-1,-1
20181358P0416,3,9,0,2,0,0,0,0,0,0,2,1,6,1,-1,-1,1364,1,12,-1,-1,-1
20181358P0416,4,9,0,2,0,0,0,0,0,0,2,1,6,1,-1,-1,1248,1,5,-1,-1,-1
20181358P0450,1,17,0,18,0,0,0,0,0,0,1,1,6,3,-1,-1,-1,-1,-1,-1,-1,-1
20181358P0450,2,1,0,18,0,0,0,0,0,0,3,1,6,1,35,6,-1,-1,-1,1,1,1
20181358P0570,1,9,0,5,0,6,0,0,0,0,3,1,6,2,-1,-1,-1,-1,-1,-1,-1,-1
20181358P0570,2,3,0,18,0,8,0,0,0,0,1,1,6,1,54,8,-1,-1,-1,7,1,7
20181358P0797,1,9,0,18,0,8,0,0,0,0,1,1,6,1,58,9,1461,2,2,9,2,9
20181358P0797,2,9,0,9,0,8,0,0,0,0,4,1,6,2,31,6,1995,2,11,1,1,1
20181358P0856,1,8,0,18,0,0,0,0,0,0,1,1,1,1,33,6,1968,2,6,1,1,1
20181358P0856,2,19,0,3,0,0,0,0,0,0,2,1,6,1,48,8,2461,2,10,1,1,1
20181358P1039,1,1,0,18,0,8,0,0,0,0,1,1,2,2,49,8,-1,-1,-1,4,1,4
20181358P1039,2,9,0,7,0,8,0,0,0,0,3,1,6,1,-1,-1,-1,-1,-1,-1,-1,-1
20181358P1137,1,9,0,18,0,8,0,0,0,0,3,1,6,2,19,4,998,1,15,7,1,7
20181358P1137,2,19,0,18,0,8,0,0,0,0,1,1,6,1,19,4,2198,2,5,1,1,1
20181358P1294,1,9,0,18,0,0,0,0,0,0,1,1,6,2,20,4,1598,2,7,5,1,5
20181358P1330,1,9,0,18,0,8,0,0,0,0,1,1,6,1,19,4,1896,2,10,1,1,1
20181358P1330,2,9,0,18,0,8,0,0,0,0,1,1,6,1,31,6,2616,1,12,5,1,5
20181358P1359,1,9,0,18,0,0,0,0,0,0,2,1,6,1,56,9,-1,-1,-1,1,1,1
20181358P1534,1,97,0,18,0,8,0,0,0,0,3,1,6,1,29,6,-1,-1,-1,1,1,1
20181358P1534,2,9,0,18,0,8,0,0,0,0,1,1,6,3,-1,-1,-1,-1,-1,-1,-1,-1
20181358P1842,1,9,0,13,0,0,0,0,0,0,4,1,6,3,-1,-1,1956,2,6,-1,-1,-1
20181358P1842,2,9,0,18,0,0,0,0,1,10,3,1,6,2,52,8,1198,1,4,9,1,9
20181358Q0081,1,9,0,18,0,1,0,0,0,0,1,1,1,1,22,5,1991,2,13,5,1,5
20181358Q0081,2,9,0,18,0,1,0,0,0,0,3,1,6,1,40,7,1968,2,5,1,1,1
20181358Q0261,1,9,0,18,0,0,2,0,5,6,1,1,6,2,23,5,1397,1,9,6,1,6
20181358Q0335,1,9,0,18,0,0,0,0,0,0,4,1,6,1,31,6,1991,1,4,1,1,1
20181358Q0543,1,9,0,18,0,8,0,0,0,0,1,1,6,1,71,10,1560,2,5,8,1,8
20181358Q0543,2,19,0,18,0,8,0,0,0,0,1,1,6,1,35,6,1870,2,13,1,1,1
20181358Q0818,1,5,0,4,0,0,1,0,0,0,3,1,6,1,32,6,645,1,10,7,1,7
20181358Q0958,1,9,0,18,0,8,0,0,0,0,1,1,6,1,31,6,1560,2,4,5,1,5
20181358Q0958,2,9,0,9,0,8,0,0,0,0,1,1,6,1,17,4,1596,1,12,5,1,5
20181358Q1030,1,9,0,18,0,6,0,0,0,0,1,1,6,1,42,7,1995,2,5,6,1,6
20181358Q1030,2,9,0,17,0,8,0,0,0,0,1,1,6,2,26,6,1498,1,1,5,1,5
20181358Q1131,1,9,0,16,0,0,0,0,0,0,1,1,6,1,59,9,1395,1,4,4,1,4
20181358Q1253,1,9,0,18,0,8,0,0,0,0,1,1,6,2,38,7,1390,1,5,7,1,7
20181358Q1253,2,10,0,18,0,8,0,0,1,11,1,1,6,1,31,6,2402,2,8,6,1,6
20181358Q1723,1,9,0,18,0,0,0,0,8,4,1,1,6,1,19,4,1598,1,12,1,1,1
20181358Q1867,1,9,0,18,0,6,5,10,3,9,1,1,6,1,38,7,1968,2,12,4,3,4
20181358Q1889,1,9,0,18,0,0,0,0,0,0,0,1,6,1,-1,-1,-1,-1,-1,-1,-1,-1
20181358R0046,1,9,0,18,0,8,0,0,3,4,1,1,6,1,21,5,1595,1,15,4,1,4
20181358R0211,1,9,0,18,0,0,0,4,1,0,1,1,6,1,25,5,2480,1,2,2,1,2
20181358R0211,2,9,0,18,0,0,0,0,7,11,1,1,6,1,25,5,1968,2,10,1,1,1
20181358R0211,3,9,0,1,0,0,0,0,8,0,2,1,6,3,-1,-1,-1,-1,-1,-1,-1,-1
20181358R0264,1,9,0,17,0,0,5,0,0,0,4,1,6,1,65,9,998,1,6,8,1,8
20181358R1084,1,9,0,18,0,0,0,0,0,0,3,1,6,2,57,9,1598,1,4,6,1,6
20181358R1084,2,4,0,18,0,0,5,0,0,0,4,1,6,1,31,6,124,1,2,2,1,2
20181358R1170,1,9,0,12,0,3,0,0,0,0,1,1,1,2,50,8,1596,1,6,8,3,8
20181358R1170,2,8,0,18,0,3,0,0,0,0,1,1,1,1,39,7,1582,2,4,1,1,1
20181358R1478,1,9,0,9,0,8,0,0,0,0,4,1,6,2,23,5,1560,2,7,1,2,1
20181358R1478,2,9,0,18,0,8,0,0,0,0,1,1,6,2,45,7,1364,1,9,4,1,4
20181358R1906,1,19,0,18,0,8,0,12,0,0,1,1,6,1,25,5,1896,2,8,9,1,9
20181358R1906,2,9,0,18,0,8,0,0,0,0,1,1,6,2,31,6,2191,2,1,9,3,9
20181358R1980,1,9,0,17,0,0,0,0,0,0,4,1,6,2,25,5,1497,8,4,3,1,3
20181358R1980,2,9,0,2,0,0,0,0,0,0,3,1,6,2,38,7,1598,2,3,4,1,4
20181358R2082,1,8,0,7,0,6,0,0,0,0,3,1,1,1,40,7,1598,2,8,1,1,1
20181358R2082,2,3,0,18,0,1,0,0,0,0,1,1,6,1,21,5,124,1,6,5,1,5
20181358R2174,1,9,0,16,0,8,2,4,0,0,1,1,6,1,35,6,2993,2,12,1,1,1
20181358R2174,2,9,0,2,0,2,0,0,0,0,2,1,6,3,-1,-1,1200,1,3,-1,-1,-1
20181358R2174,3,9,0,2,0,2,0,0,0,0,4,1,6,3,-1,-1,998,1,-1,-1,-1,-1
20181358S0473,1,9,0,4,0,2,0,0,0,0,2,1,6,2,38,7,4398,7,16,3,1,3
20181358S0473,2,9,0,18,0,2,0,0,0,0,1,1,6,1,86,11,998,1,3,2,1,2
20181358S0473,3,9,0,18,0,2,0,0,0,0,1,1,6,1,37,7,2993,2,6,8,3,8
20181358S0489,1,9,0,18,0,8,0,0,0,0,3,1,6,1,33,6,1997,2,16,4,1,4
20181358S0489,2,9,0,18,0,8,0,0,0,0,1,1,6,2,66,10,2993,2,-1,8,1,8
20181358S0800,1,9,0,9,0,8,0,0,0,0,3,1,2,1,28,6,999,1,1,8,1,8
20181358S0800,2,1,0,5,0,8,0,0,0,0,1,1,6,2,45,7,-1,-1,-1,8,1,8
20181358S0994,1,9,0,18,0,1,0,0,0,0,1,1,6,3,-1,-1,1587,1,11,7,2,7
20181358S0994,2,5,0,18,0,8,0,0,0,0,1,1,6,1,68,10,745,1,10,9,1,9
20181358S1018,1,9,0,18,0,8,0,0,0,0,1,1,6,2,39,7,1598,1,9,-1,-1,-1
20181358S1018,2,9,0,18,0,8,0,0,0,0,4,1,6,2,40,7,1598,1,15,5,1,5
20181358S1244,1,9,0,9,0,8,0,0,0,0,1,1,6,2,35,6,1968,2,7,1,1,1
20181358S1244,2,9,0,17,0,8,0,0,0,0,4,1,6,1,48,8,1997,2,6,1,1,1
20181358S1871,1,9,0,18,0,0,0,0,0,0,1,1,2,2,30,6,1596,1,16,5,3,5
20181358S1871,2,9,0,3,0,0,0,0,0,0,2,1,2,2,40,7,1398,1,5,2,1,2
20181358T0379,1,21,0,18,0,0,1,0,0,0,1,1,1,1,33,6,12900,2,9,1,1,1
20181358T0400,1,9,0,9,0,8,0,0,0,0,1,1,6,1,37,7,998,1,6,-1,-1,-1
20181358T0400,2,1,0,18,4,8,0,0,0,0,1,1,6,2,26,6,-1,-1,-1,-1,-1,-1
20181358T0767,1,11,0,18,0,0,0,0,0,0,1,1,1,1,61,9,5132,2,-1,3,1,3
20181358T0856,1,9,0,18,9,0,0,0,3,11,1,1,6,2,58,9,1396,1,2,4,1,4
20181358T0966,1,9,0,18,0,0,0,0,0,0,1,1,6,1,81,11,1599,1,12,2,1,2
20181358T0966,2,9,0,2,0,0,0,0,0,0,1,1,6,2,-1,-1,1999,2,2,-1,-1,-1
20181358T0974,1,1,0,18,0,0,0,0,0,0,4,1,6,1,26,6,-1,-1,-1,1,1,1
20181358T0974,2,9,0,18,0,0,0,0,0,0,0,1,6,1,57,9,999,1,5,8,1,8
20181358T1070,1,19,0,18,0,0,0,0,0,0,1,1,1,1,31,6,1560,2,4,-1,-1,-1
20181358T1142,1,9,0,18,0,4,0,0,0,0,1,1,6,1,-1,-1,1686,2,8,-1,-1,-1
20181358T1142,2,9,0,18,0,4,0,0,0,0,2,1,6,1,44,7,1998,1,15,10,1,10
20181358T1142,3,9,0,18,0,4,0,0,0,0,4,1,6,2,29,6,1995,2,1,1,1,1
20181358T1230,1,9,0,18,0,0,1,0,0,0,1,1,6,1,31,6,1997,2,15,1,1,1
20181358T1268,1,9,0,14,0,0,0,0,0,0,1,1,6,1,62,9,1796,1,11,2,1,2
20181358T1268,2,9,0,17,0,0,0,0,0,0,1,1,2,2,36,7,1986,2,11,3,1,3
20181358T1517,1,9,0,9,0,6,0,0,0,0,1,1,6,1,85,11,1612,1,7,10,1,10
20181358T1517,2,9,0,18,0,1,0,0,0,0,4,1,6,2,29,6,1968,2,9,7,3,7
20181358T1752,1,9,0,12,0,0,0,0,0,0,2,1,6,2,30,6,1197,1,2,5,1,5
20181358T1752,2,9,0,4,0,0,0,0,0,0,1,1,6,1,22,5,998,1,-1,9,1,9
20181358T1897,1,9,0,18,0,8,0,0,0,0,3,1,6,2,20,4,1598,1,12,4,1,4
20181358T1897,2,9,0,18,0,6,0,0,0,0,1,1,6,1,66,10,1591,1,-1,3,1,3
20181358T2037,1,9,0,18,0,1,0,0,1,0,1,1,1,1,17,4,1398,1,1,5,2,5
20181358T2037,2,9,0,9,0,5,0,0,0,0,2,1,1,1,19,4,-1,-1,-1,7,3,7
20181358T2080,1,9,0,18,0,1,0,0,0,0,1,1,6,1,22,5,1984,1,3,1,1,1
20181358T2080,2,9,0,10,0,1,0,11,0,1,3,1,6,1,25,5,1968,2,8,5,1,5
20181358U0243,1,1,0,5,5,6,0,0,0,0,1,1,1,1,22,5,-1,-1,-1,3,1,3
20181358U0243,2,9,0,18,0,8,0,0,0,0,4,1,1,2,64,9,1968,2,13,2,2,2
20181358U0255,1,9,0,18,0,1,0,0,0,11,1,1,6,1,33,6,1999,2,1,1,1,1
20181358U0307,1,9,0,18,0,0,0,0,0,0,1,1,2,2,25,5,1497,8,3,3,1,3
20181358U0307,2,1,0,18,0,0,0,0,0,0,2,1,2,1,49,8,-1,-1,-1,8,1,8
20181358U1061,1,9,0,18,0,1,0,0,0,0,1,1,6,1,35,6,1197,1,1,-1,-1,-1
20181358U1061,2,9,0,18,0,8,0,0,0,0,2,1,6,1,48,8,1461,2,14,-1,-1,-1
20181358U1150,1,9,0,18,0,0,0,0,0,0,1,1,6,1,-1,-1,-1,-1,-1,-1,-1,-1
20181358U1150,2,19,0,18,0,0,0,0,0,0,2,1,6,2,30,6,-1,-1,-1,5,1,5
20181358U1289,1,8,0,5,0,0,0,0,0,0,4,1,1,3,-1,-1,-1,-1,-1,-1,-1,-1
20181358U1588,1,9,0,2,0,0,0,0,0,0,3,1,6,2,42,7,1590,1,15,6,1,6
20181358U1588,2,1,0,14,0,0,1,4,0,0,1,1,6,1,29,6,-1,-1,-1,2,1,2
20181358U1588,3,9,0,18,0,0,0,0,0,0,1,1,6,1,26,6,999,1,2,9,1,9
20181358U1615,1,9,0,4,0,1,0,0,0,0,1,1,6,3,-1,-1,-1,-1,-1,-1,-1,-1
20181358U1615,2,1,0,18,0,8,5,0,0,0,3,1,6,1,23,5,-1,-1,-1,3,1,3
20181358U1702,1,9,0,18,0,0,0,0,0,0,4,1,6,3,-1,-1,-1,-1,-1,-1,-1,-1
20181358U1823,1,3,0,18,0,0,0,11,0,0,1,1,6,1,19,4,-1,-1,-1,1,1,1
20181358U2038,1,1,0,18,0,0,0,0,0,0,1,1,6,1,15,3,-1,-1,-1,7,-1,7
20181358U2038,2,9,0,18,0,0,0,0,0,0,1,1,6,1,82,11,1596,1,9,5,1,5
20181358U2152,1,9,0,18,0,0,5,0,0,11,1,1,6,1,19,4,1398,1,4,10,1,10
20181358V0293,1,9,0,9,0,1,0,0,0,0,1,1,6,1,15,3,1242,1,16,2,2,2
20181358V0293,2,9,0,18,0,1,0,0,0,0,1,1,6,1,50,8,-1,-1,-1,3,1,3
20181358V0375,1,9,0,18,0,1,0,0,0,0,1,1,6,1,25,5,1598,1,11,-1,-1,-1
20181358V0375,2,9,0,18,0,2,0,0,0,0,1,1,6,2,40,7,2143,2,4,-1,-1,-1
20181358V0377,1,9,0,18,0,8,0,0,1,0,1,1,6,1,40,7,2204,2,12,1,1,1
20181358V0377,2,19,0,18,0,8,0,0,1,0,1,1,1,1,47,8,1956,2,2,4,2,4
20181358V0451,1,9,0,5,0,6,0,0,0,0,1,1,6,1,18,4,1390,1,12,4,1,4
20181358V0451,2,9,0,18,0,8,0,0,0,0,3,1,6,2,25,5,998,1,9,7,1,7
20181358V0463,1,9,0,9,0,5,0,10,7,0,4,1,6,1,61,9,1896,2,12,2,1,2
20181358V0463,2,9,0,18,0,8,0,0,0,0,1,1,6,1,17,4,1984,1,10,5,1,5
20181358V0883,1,9,0,18,0,0,0,0,0,0,1,1,6,1,17,4,1390,1,10,7,1,7
20181358V0883,2,1,0,18,0,0,0,0,0,0,1,1,6,2,-1,-1,-1,-1,-1,-1,-1,-1
20181358V0946,1,9,0,18,0,0,0,0,0,0,1,1,6,1,64,9,1999,2,2,10,1,10
20181358V0946,2,9,0,18,0,0,0,0,0,0,2,1,1,1,45,7,1995,2,4,2,1,2
20181358V1086,1,9,0,18,0,0,0,0,0,0,1,1,6,2,53,8,2199,2,8,-1,-1,-1
20181358V1086,2,9,0,18,0,0,0,0,0,0,2,1,6,1,55,8,998,1,-1,-1,-1,-1
20181358V1086,3,9,0,18,0,0,0,0,0,0,2,1,6,2,45,7,1332,1,11,-1,-1,-1
20181358V1210,1,9,0,9,0,5,0,0,0,0,3,1,6,2,27,6,1364,1,12,1,1,1
20181358V1210,2,3,0,18,0,1,0,0,0,0,1,1,6,1,26,6,124,1,-1,2,1,2
20181358V1235,1,9,0,18,0,0,0,0,0,0,3,1,6,1,58,9,1968,2,1,6,1,6
20181358V1417,1,9,0,15,0,1,0,0,0,0,1,1,6,1,21,5,1248,2,10,1,1,1
20181358V1570,1,9,0,18,0,0,0,0,0,0,1,1,6,2,31,6,1582,2,5,-1,-1,-1
2018135910438,1,9,0,18,0,0,1,10,1,4,3,1,6,2,27,6,-1,-1,-1,4,1,4
2018135910675,1,9,0,5,0,6,0,0,0,0,3,1,6,2,48,8,1198,1,4,3,2,3
2018135910675,2,9,0,18,0,8,0,0,0,0,1,1,6,1,33,6,-1,-1,-1,8,1,8
2018135910782,1,2,0,18,0,8,5,0,0,0,1,1,6,1,16,4,50,1,4,7,2,7
2018135910782,2,9,0,18,0,8,0,0,0,0,3,1,6,1,57,9,1586,1,-1,7,3,7
2018135910838,1,2,0,18,0,0,0,0,0,0,1,1,6,1,17,4,49,1,5,7,2,7
2018135910838,2,9,0,4,0,0,0,0,0,0,2,1,6,2,28,6,1591,1,5,8,2,8
2018135910852,1,9,0,9,0,8,0,0,0,0,3,1,6,2,28,6,1686,2,6,4,1,4
2018135910852,2,9,0,18,0,3,0,0,0,0,4,1,6,2,38,7,1360,1,12,2,1,2
2018135911152,1,9,0,15,0,0,0,0,0,0,1,1,6,1,75,10,-1,-1,-1,7,1,7
2018135911152,2,9,0,2,0,0,0,0,0,0,1,1,6,3,19,4,1598,1,17,9,1,9
2018135911318,1,1,0,18,0,0,0,0,1,0,1,1,6,1,60,9,-1,-1,-1,-1,-1,-1
2018135911318,2,9,0,2,0,0,0,0,0,0,3,1,6,3,-1,-1,1197,1,6,-1,-1,-1
2018135911462,1,2,0,18,0,0,0,0,0,0,3,1,6,1,-1,-1,-1,-1,-1,-1,-1,-1
2018135911462,2,9,0,18,0,0,0,0,0,0,1,1,6,1,23,5,1598,1,14,6,1,6
2018135911541,1,9,0,18,0,0,0,0,1,0,2,1,6,1,72,10,1198,1,13,5,1,5
2018135911541,2,9,0,18,0,0,0,0,0,0,0,1,6,1,24,5,1329,1,3,6,1,6
2018135911546,1,9,0,9,0,8,0,0,0,0,1,1,6,3,-1,-1,1956,2,9,-1,-1,-1
2018135911546,2,1,0,18,0,8,5,0,0,0,1,1,6,1,36,7,-1,-1,-1,2,1,2
2018135911607,1,9,0,18,0,6,0,0,0,0,1,1,6,3,-1,-1,1999,2,2,-1,-1,-1
2018135911607,2,9,0,18,0,8,0,0,0,0,4,1,6,2,48,8,1461,2,6,1,1,1
2018135911677,1,9,0,18,0,1,0,0,0,0,1,1,6,1,22,5,1968,2,9,5,1,5
2018135911682,1,9,0,18,0,2,0,0,0,0,1,1,6,1,17,4,1896,2,10,1,1,1
2018135911885,1,9,0,18,0,0,0,0,0,0,1,1,6,1,42,7,1686,2,5,8,1,8
2018135911885,2,9,0,2,0,0,0,0,0,0,2,1,6,3,-1,-1,1998,1,1,-1,-1,-1
2018135912181,1,9,0,18,0,5,0,0,0,0,1,1,6,1,28,6,1995,2,3,-1,-1,-1
2018135912181,2,9,0,3,0,8,0,0,0,0,0,1,6,1,-1,-1,-1,-1,-1,-1,-1,-1
2018135920857,1,9,0,18,0,0,0,0,0,0,1,1,6,2,61,9,2894,1,-1,1,1,1
2018135920857,2,9,0,2,0,0,0,0,0,0,2,1,6,1,35,6,-1,-1,-1,3,1,3
2018135920988,1,9,0,18,0,0,0,0,0,0,1,1,6,2,34,6,1299,1,17,4,1,4
2018135920988,2,9,0,2,0,0,0,0,0,0,1,1,6,1,-1,-1,1360,1,7,9,1,9
2018135921045,1,8,0,12,0,1,0,0,0,0,3,1,1,1,46,8,1598,2,3,2,1,2