Accident_Index,Vehicle_Reference,Vehicle_Type,Towing_and_Articulation,Vehicle_Manoeuvre,Vehicle_Location-Restricted_Lane,Junction_Location,Skidding_and_Overturning,Hit_Object_in_Carriageway,Vehicle_Leaving_Carriageway,Hit_Object_off_Carriageway,1st_Point_of_Impact,Was_Vehicle_Left_Hand_Drive?,Journey_Purpose_of_Driver,Sex_of_Driver,Age_of_Driver,Age_Band_of_Driver,Engine_Capacity_(CC),Propulsion_Code,Age_of_Vehicle,Driver_IMD_Decile,Driver_Home_Area_Type,Vehicle_IMD_Decile
20181359E0656,1,9,0,1,0,0,0,0,0,0,2,1,6,2,40,7,1398,1,1,6,1,6
20181359E0694,1,9,0,18,0,0,0,0,0,0,2,1,6,1,49,8,1339,1,12,10,1,10
20181359E0694,2,3,0,18,0,0,0,0,0,0,1,1,6,1,28,6,125,1,6,2,1,2
20181359E0694,3,9,0,18,0,0,0,0,0,0,0,1,6,1,57,9,-1,-1,-1,2,1,2
20181359E0859,1,9,0,9,0,8,0,0,0,0,1,1,2,2,34,6,2179,2,3,9,2,9
20181359E0859,2,9,0,18,0,8,0,11,0,1,1,1,6,1,34,6,-1,-1,-1,2,1,2
20181359E0891,1,19,0,9,0,8,0,0,0,0,4,1,6,1,32,6,1995,2,6,3,1,3
20181359E0891,2,9,0,16,0,8,0,0,0,0,1,1,6,2,61,9,998,1,10,10,1,10
20181359E0976,1,9,0,2,0,0,0,0,0,0,3,1,6,1,56,9,1968,2,9,1,1,1
20181359E0976,2,1,0,14,0,0,0,0,0,0,1,1,6,1,43,7,-1,-1,-1,2,1,2
20181359E1108,1,19,0,9,0,8,0,0,0,0,0,1,6,3,-1,-1,-1,-1,-1,-1,-1,-1
20181359E1108,2,1,0,9,0,8,0,0,0,0,0,1,2,1,58,9,-1,-1,-1,4,1,4
20181359E1166,1,4,0,3,0,1,0,0,0,0,2,1,6,1,43,7,123,1,3,3,1,3
20181359E1166,2,9,0,18,0,1,0,0,0,0,1,1,6,1,32,6,1968,2,5,1,1,1
20181359E1267,1,11,0,18,0,0,0,0,0,0,1,1,1,1,39,7,7300,2,17,-1,-1,-1
20181359E1267,2,19,0,2,0,0,0,0,0,0,2,1,1,1,51,8,4500,2,1,-1,-1,-1
20181359E1273,1,9,0,18,0,0,0,0,0,0,1,1,6,2,69,10,1229,1,13,2,1,2
20181359E1281,1,5,0,18,0,0,1,0,0,0,1,1,2,1,47,8,645,1,12,10,1,10
20181359E1281,2,9,0,4,0,0,0,0,0,0,2,1,6,1,73,10,998,1,-1,7,2,7
20181359E1322,1,21,1,18,0,0,0,0,0,0,4,1,1,1,65,9,12809,2,6,-1,-1,-1
20181359E1322,2,9,0,18,0,0,0,0,0,0,3,1,6,1,65,9,2204,2,9,7,1,7
20181359E1360,1,8,0,18,0,6,0,0,0,0,2,1,1,1,43,7,1798,8,3,1,1,1
20181359E1360,2,9,0,18,0,6,0,0,0,0,1,1,6,2,23,5,1242,1,3,6,1,6
20181359E1558,1,9,0,18,0,8,0,0,0,0,4,1,6,1,58,9,2495,2,16,2,1,2
20181359E1558,2,9,0,7,0,6,0,0,0,0,1,1,6,1,-1,-1,1331,1,23,-1,-1,-1
20181359E1586,1,9,0,18,0,0,0,0,5,6,1,1,2,1,53,8,2967,1,14,9,1,9
20181359E1586,2,9,0,18,0,0,0,0,0,0,4,1,6,1,37,7,1910,2,12,1,1,1
20181359E1586,3,9,3,18,0,0,0,0,0,0,4,1,6,1,75,10,2500,2,15,5,1,5
20181359E1838,1,9,0,18,0,0,5,4,1,10,1,1,6,2,22,5,998,1,4,2,1,2
20181359E1838,2,9,0,2,0,0,0,0,0,0,3,1,6,2,-1,-1,1956,2,7,-1,-1,-1
20181359E1838,3,9,0,2,0,0,0,0,0,0,3,1,6,2,-1,-1,1389,1,14,-1,-1,-1
20181359E1988,1,9,0,7,0,0,0,0,0,0,1,1,6,1,-1,-1,-1,-1,-1,-1,-1,-1
20181359E1988,2,1,0,5,0,0,0,0,0,0,4,1,6,1,15,3,-1,-1,-1,1,1,1
20181359E2085,1,9,0,18,0,8,0,0,1,1,1,1,6,1,23,5,1968,2,4,7,1,7
20181359E2085,2,9,0,9,0,8,0,0,0,0,1,1,6,1,24,5,1496,1,3,10,1,10
20181359F0511,1,9,0,18,0,1,0,0,0,0,4,1,6,2,25,5,998,1,9,9,1,9
20181359F0511,2,19,0,5,0,1,0,0,0,0,1,1,1,1,30,6,2198,2,5,7,1,7
20181359F0528,1,9,0,1,0,0,0,0,0,0,2,1,6,2,37,7,2495,2,14,6,3,6
20181359F0528,2,9,0,18,0,0,0,0,0,0,1,1,6,2,64,9,996,1,4,7,2,7
20181359F0852,1,11,0,18,0,0,0,0,0,0,0,1,1,1,25,5,-1,-1,-1,8,1,8
20181359F2025,1,9,0,18,0,1,0,0,0,0,1,1,1,3,-1,-1,1582,2,8,-1,-1,-1
20181359F2025,2,1,0,18,0,1,0,0,0,0,2,1,6,1,15,3,-1,-1,-1,-1,-1,-1
20181359F2180,1,8,0,5,0,0,0,0,0,0,4,1,1,1,45,7,1686,2,8,3,1,3
20181359G0834,1,9,0,2,0,5,0,0,0,0,0,1,6,2,68,10,1396,1,6,2,1,2
20181359G0834,2,23,0,18,0,1,0,0,0,0,0,1,6,1,64,9,-1,-1,-1,8,1,8
20181359G0834,3,9,0,18,0,1,0,0,0,0,1,1,6,1,71,10,1995,2,5,10,2,10
20181359G0834,4,9,0,18,0,1,0,0,0,0,2,1,6,1,39,7,1995,2,3,1,1,1
20181359G0971,1,9,0,18,0,0,0,0,0,0,2,1,6,1,28,6,1896,2,11,4,1,4
20181359G0971,2,1,0,18,0,0,0,0,0,0,1,1,6,1,58,9,-1,-1,-1,-1,-1,-1
20181359G1340,1,9,0,9,0,6,0,0,0,0,3,1,6,2,45,7,1598,2,2,6,1,6
20181359G1340,2,1,0,18,0,1,0,0,0,0,4,1,6,1,47,8,-1,-1,-1,7,1,7
20181359G1367,1,9,0,18,0,0,2,0,0,0,4,1,6,1,61,9,1388,1,16,2,1,2
20181359G1367,2,9,0,2,0,0,0,0,0,0,3,1,6,3,-1,-1,1560,2,9,-1,-1,-1
20181359G1411,1,9,0,18,0,0,0,0,0,0,4,1,6,1,46,8,1997,2,3,2,1,2
20181359G1509,1,9,0,12,0,0,5,0,0,0,4,1,6,2,37,7,-1,-1,-1,8,1,8
20181359G1578,1,3,0,17,0,0,2,0,1,0,4,1,6,1,59,9,124,1,10,-1,-1,-1
20181359G1726,1,9,0,7,0,0,0,0,0,0,1,1,6,1,34,6,-1,-1,-1,1,1,1
20181359G1726,2,9,0,18,0,0,0,0,1,4,2,1,6,1,48,8,1798,1,11,1,1,1
20181359G1820,1,9,0,18,0,8,0,0,7,0,4,1,6,1,26,6,1896,2,9,1,1,1
20181359G1820,2,9,0,9,0,8,0,0,0,0,1,1,6,2,40,7,1968,2,6,2,1,2
20181359G1910,1,9,0,18,0,8,0,0,0,0,1,1,6,1,17,4,1198,1,8,2,2,2
20181359G1910,2,9,0,10,0,8,0,0,0,0,4,1,6,2,18,4,1149,1,13,2,2,2
20181359G1989,1,9,0,16,0,1,0,0,1,2,3,1,1,1,36,7,2993,2,2,1,1,1
20181359G1989,2,9,0,17,0,1,0,0,0,0,1,1,6,1,55,8,1900,2,12,1,1,1
20181359H0408,1,9,0,18,0,0,0,0,0,0,1,1,6,1,50,8,1968,2,11,4,1,4
20181359H0417,1,9,0,18,0,0,0,0,0,0,0,1,6,2,42,7,1968,2,11,1,1,1
20181359H0417,2,11,0,18,0,0,0,0,0,0,0,1,1,1,34,6,9360,2,10,1,1,1
20181359H0437,1,9,0,18,0,0,0,0,0,0,1,1,6,3,-1,-1,-1,-1,-1,-1,-1,-1
20181359H0458,1,21,1,9,0,0,0,0,0,0,4,1,1,1,60,9,-1,-1,-1,-1,1,-1
20181359H0458,2,1,0,18,0,0,0,0,0,0,1,1,6,1,40,7,-1,-1,-1,2,1,2
20181359H0535,1,21,0,13,0,2,0,0,0,0,4,1,6,3,-1,-1,-1,-1,-1,-1,-1,-1
20181359H0535,2,1,0,18,0,2,0,0,0,0,3,1,6,1,50,8,-1,-1,-1,1,1,1
20181359H0870,1,9,0,18,0,0,0,0,0,0,4,1,6,3,-1,-1,-1,-1,-1,-1,-1,-1
20181359H1602,1,9,0,18,0,0,0,0,0,0,1,1,6,2,28,6,1296,1,12,3,1,3
20181359H1629,1,9,0,18,0,0,0,0,0,0,1,1,6,1,30,6,2143,2,1,8,1,8
20181359H2220,1,9,0,18,0,8,0,0,0,0,1,1,6,1,46,8,1497,8,5,1,1,1
20181359H2220,2,9,0,18,0,8,0,0,0,0,2,1,1,1,-1,-1,1968,2,2,4,1,4
20181359I0302,1,9,0,9,0,8,0,0,0,0,4,1,6,3,-1,-1,-1,-1,-1,-1,-1,-1
20181359I0302,2,9,0,18,0,8,0,0,0,0,1,1,2,2,40,7,1598,2,12,5,2,5
20181359I0614,1,19,0,12,0,0,0,0,0,0,2,1,6,3,-1,-1,-1,-1,-1,-1,-1,-1
20181359I0614,2,11,0,18,0,0,0,0,0,0,1,1,1,2,38,7,5132,2,2,6,1,6
20181359I0740,1,9,0,9,0,8,0,0,0,0,1,1,1,1,26,6,1598,2,1,1,1,1
20181359I0842,1,9,0,18,0,0,5,0,0,0,1,1,6,1,33,6,1900,2,14,5,1,5
20181359I0842,2,9,0,2,0,0,0,0,0,0,2,1,6,1,42,7,-1,-1,-1,1,1,1
20181359I0903,1,9,0,14,0,0,0,0,0,0,0,1,1,1,47,8,2993,2,-1,6,1,6
20181359I0903,2,8,0,4,0,0,0,0,0,0,0,1,1,1,-1,-1,1997,2,11,-1,-1,-1
20181359I0903,3,19,0,4,0,0,0,0,0,0,2,1,6,1,40,7,1868,2,16,2,1,2
20181359I0903,4,9,0,18,0,0,0,0,0,0,1,1,6,1,90,11,996,1,5,3,1,3
20181359I1049,1,9,0,13,0,8,0,0,0,0,4,1,6,1,42,7,1596,1,13,-1,-1,-1
20181359I1049,2,1,0,18,0,8,0,0,0,0,3,1,6,1,27,6,-1,-1,-1,5,1,5
20181359I1115,1,16,5,7,0,1,3,0,0,0,1,1,6,2,58,9,-1,-1,-1,8,1,8
20181359I1115,2,9,0,2,0,1,0,0,0,0,2,1,6,3,-1,-1,-1,-1,-1,-1,-1,-1
20181359I1342,1,9,0,7,2,5,0,0,0,0,0,1,6,1,65,9,998,1,3,8,1,8
20181359I1342,2,11,0,18,2,1,0,0,0,0,0,1,1,1,57,9,7300,2,14,3,1,3
20181359I1356,1,1,0,18,0,1,1,0,0,0,1,1,6,1,33,6,-1,-1,-1,2,1,2
20181359I1356,2,9,0,7,0,1,0,0,0,0,4,1,6,2,55,8,998,1,6,2,1,2
20181359I1593,1,9,0,18,0,0,0,0,0,0,0,1,6,2,30,6,1968,2,7,10,1,10
20181359I1593,2,9,0,18,0,0,0,0,0,0,0,1,6,1,-1,-1,1560,2,7,-1,-1,-1
20181359I1728,1,9,0,18,0,0,0,0,0,0,1,1,6,2,47,8,1364,1,-1,8,1,8
20181359I1728,2,9,0,4,0,0,0,0,0,0,2,1,6,2,58,9,1499,1,2,8,1,8
20181359I1959,1,9,0,9,0,2,0,0,0,0,3,1,6,2,48,8,1198,1,6,1,1,1
20181359I1959,2,3,0,18,0,1,0,0,0,0,1,1,6,1,34,6,124,1,13,1,1,1
20181359J0037,1,9,0,16,0,0,1,0,1,1,4,1,6,1,21,5,1149,1,8,1,1,1
20181359J0176,1,19,0,9,0,6,0,0,0,0,1,1,6,1,-1,-1,2402,2,7,-1,-1,-1
20181359J0176,2,9,0,18,0,1,0,0,0,0,1,1,6,1,23,5,1360,1,8,5,3,5
20181359J0298,1,9,0,9,0,1,0,0,0,0,1,1,1,2,48,8,1968,2,12,1,1,1
20181359J0298,2,9,0,18,0,1,0,0,0,0,1,1,6,1,33,6,2000,2,12,1,1,1
20181359J0327,1,9,0,14,0,1,0,0,0,0,1,1,6,1,21,5,1590,1,15,8,3,8
20181359J0854,1,9,0,18,0,0,0,10,1,1,1,1,6,1,27,6,2495,2,14,10,1,10
20181359J0895,1,11,0,4,2,0,0,0,0,0,0,1,1,1,30,6,7300,2,10,1,1,1
20181359J0942,1,9,0,14,0,2,0,0,0,0,1,1,6,1,32,6,-1,-1,-1,6,-1,6
20181359J0942,2,11,0,3,0,2,0,0,0,0,0,1,1,1,44,7,7300,2,16,2,1,2
20181359J1002,1,11,0,4,0,0,0,0,0,0,0,1,1,2,58,9,7300,2,14,-1,-1,-1
20181359J1105,1,11,0,4,0,0,0,0,0,0,0,1,1,1,23,5,7300,2,17,8,2,8
20181359J1112,1,9,0,4,0,0,0,0,0,0,2,1,6,2,58,9,1396,2,4,4,1,4
20181359J1112,2,9,0,18,0,0,0,0,0,0,1,1,6,2,27,6,998,1,8,1,1,1
20181359J1262,1,9,0,18,0,0,0,0,0,0,1,1,6,2,26,6,1461,2,3,4,1,4
20181359J1262,2,9,0,4,0,0,0,0,0,0,2,1,6,1,53,8,2143,2,3,7,1,7
20181359J1513,1,11,0,18,0,8,0,0,0,0,0,1,1,1,41,7,7300,2,12,2,1,2
20181359J1554,1,9,0,13,0,2,0,0,0,0,4,1,6,3,-1,-1,-1,-1,-1,-1,-1,-1
20181359J1554,2,1,0,18,0,2,5,0,1,0,3,1,2,1,28,6,-1,-1,-1,5,1,5
20181359J1816,1,9,0,18,0,0,0,0,0,0,1,1,2,1,55,8,1969,8,1,6,1,6
20181359J1937,1,19,0,16,0,0,0,0,0,0,1,1,6,1,28,6,1560,2,10,9,1,9
20181359J1937,2,9,0,17,0,0,0,0,0,0,1,1,6,1,32,6,1149,1,10,2,1,2
20181359J2108,1,9,0,3,0,0,0,0,0,0,2,1,6,2,38,7,1461,2,1,7,3,7
20181359J2108,2,9,0,4,0,0,0,0,0,0,1,1,6,2,44,7,998,1,18,3,1,3
20181359K0372,1,9,0,18,0,8,0,0,0,0,1,1,6,1,41,7,2143,2,7,9,1,9
20181359K0372,2,9,0,9,0,8,0,0,0,0,3,1,2,2,34,6,1799,1,10,7,1,7
20181359K0379,1,9,0,18,0,0,0,0,1,2,1,1,6,2,40,7,1390,1,8,4,1,4
20181359K0509,1,9,0,5,0,0,0,0,0,0,1,1,6,1,38,7,1596,1,13,9,1,9
20181359K0566,1,9,0,18,0,0,0,0,0,0,3,1,6,1,59,9,1968,2,5,7,1,7
20181359K0897,1,21,1,18,0,1,0,0,0,0,1,1,1,1,64,9,12902,2,4,1,1,1
20181359K0897,2,9,0,4,0,1,0,0,0,0,2,1,6,2,39,7,1461,2,4,4,1,4
20181359K1105,1,9,0,9,0,6,0,0,0,0,1,1,6,2,49,8,1600,2,7,8,1,8
20181359K1105,2,9,0,18,0,8,0,0,0,0,1,1,6,1,48,8,1598,1,12,1,1,1
20181359K1350,1,8,0,18,0,0,0,7,0,0,1,1,1,1,44,7,1995,2,6,2,1,2
20181359K1435,1,11,0,2,0,0,0,0,0,0,0,1,1,1,-1,-1,7300,2,9,1,1,1
20181359K1905,1,9,0,7,0,6,0,0,0,0,3,1,1,1,45,7,1968,2,8,2,1,2
20181359K1905,2,3,0,16,0,1,0,0,0,0,1,1,6,1,29,6,124,1,3,7,1,7
20181359L0262,1,9,0,9,0,5,0,0,0,0,1,1,6,1,29,6,1968,2,4,3,1,3
20181359L0262,2,3,0,18,0,1,0,0,0,0,1,1,2,1,22,5,124,1,8,5,1,5
20181359L0319,1,9,0,18,0,8,0,0,0,0,4,1,6,1,53,8,1798,8,1,10,3,10
20181359L0319,2,9,0,18,0,8,0,0,0,0,3,1,6,3,-1,-1,1242,1,6,-1,-1,-1
20181359L0401,1,9,0,18,0,8,0,0,0,0,1,1,1,1,44,7,1560,2,3,1,2,1
20181359L0401,2,10,0,9,0,6,0,0,0,0,3,1,1,1,63,9,2198,2,6,1,1,1
20181359L0612,1,9,0,5,0,6,0,0,0,0,1,1,6,2,62,9,2967,2,3,10,1,10
20181359L0612,2,9,0,18,0,8,0,0,0,0,3,1,6,1,58,9,1969,2,1,10,1,10
20181359L0639,1,9,0,18,0,1,0,0,0,0,4,1,6,2,72,10,1149,1,14,8,1,8
20181359L0639,2,9,0,18,0,1,0,0,0,0,1,1,6,2,32,6,1910,2,10,1,1,1
20181359L0730,1,9,0,18,0,0,1,10,2,11,4,1,6,2,54,8,1242,1,10,6,1,6
20181359L0764,1,9,0,6,0,0,0,0,0,0,3,1,6,2,33,6,1896,2,13,2,1,2
20181359L0764,2,9,0,18,0,0,0,0,0,0,1,1,6,1,53,8,1968,2,3,7,1,7
20181359L0809,1,1,0,18,0,8,5,0,0,0,1,1,6,1,32,6,-1,-1,-1,3,1,3
20181359L0809,2,21,0,9,0,8,0,0,0,0,3,1,1,1,30,6,12777,2,1,1,1,1
20181359L0862,1,9,0,18,0,0,0,0,0,0,3,1,6,2,27,6,2993,2,10,1,1,1
20181359L0862,2,9,0,18,0,0,0,0,0,0,3,1,6,1,19,4,1229,1,13,2,1,2
20181359L0871,1,8,0,4,0,0,0,0,0,0,1,1,2,1,51,8,1598,2,5,4,1,4
20181359L0871,2,9,0,4,0,0,0,0,0,0,2,1,6,2,59,9,1598,1,11,1,1,1
20181359L1213,1,19,0,18,0,1,0,0,0,0,1,1,1,1,-1,-1,2198,2,2,1,1,1
20181359L1213,2,9,0,3,0,1,0,0,0,0,2,1,6,2,28,6,1396,1,15,7,1,7
20181359L1270,1,9,0,1,0,0,0,0,0,0,2,1,3,2,42,7,1339,1,12,8,1,8
20181359L1282,1,1,0,7,0,8,5,0,0,0,3,1,6,1,28,6,-1,-1,-1,7,1,7
20181359L1282,2,9,0,7,0,8,0,0,0,0,4,1,6,1,43,7,1364,2,5,1,1,1
20181359L1289,1,9,0,18,0,0,0,0,0,0,1,1,6,1,67,10,1910,2,11,3,1,3
20181359L1665,1,8,0,18,0,0,0,0,0,6,1,1,6,1,35,6,2993,2,2,-1,-1,-1
20181359L1665,2,8,0,18,0,0,0,0,0,0,2,1,6,2,80,11,1248,1,3,-1,-1,-1
20181359L1665,3,20,0,18,0,0,0,0,0,0,3,1,6,1,40,7,8710,2,3,-1,-1,-1
20181359L1823,1,3,0,18,0,8,0,0,0,0,1,1,6,1,21,5,125,1,5,5,1,5
20181359L1823,2,9,0,7,0,8,0,0,0,0,3,1,6,3,-1,-1,-1,-1,-1,-1,-1,-1
20181359L1842,1,19,0,4,0,0,0,0,0,0,1,1,6,3,-1,-1,2198,2,11,-1,-1,-1
20181359L1842,2,9,0,4,0,0,0,0,0,0,2,1,6,1,61,9,1598,2,4,6,1,6
20181359L2054,1,9,0,9,0,8,0,0,1,11,1,1,6,2,24,5,1199,2,4,1,1,1
20181359M0320,1,9,0,18,0,0,0,0,0,0,1,1,1,1,34,6,1950,2,1,1,1,1
20181359M0320,2,9,0,2,0,0,0,0,0,0,2,1,6,3,-1,-1,1995,2,10,-1,-1,-1
20181359M0320,3,9,0,2,0,0,0,0,0,0,2,1,6,3,-1,-1,1871,2,16,-1,-1,-1
20181359M0320,4,21,1,2,0,0,0,0,0,0,2,1,6,3,-1,-1,12900,2,9,-1,-1,-1
20181359M0598,1,9,0,18,0,0,0,0,0,0,1,1,6,1,43,7,1999,2,1,9,1,9
20181359M0598,2,9,0,18,0,0,0,0,0,0,2,1,6,1,45,7,1598,2,-1,8,1,8
20181359M0598,3,9,0,18,0,0,0,0,0,0,2,1,6,1,60,9,1398,1,3,2,1,2
20181359M0598,4,9,0,18,0,0,0,0,0,0,2,1,6,1,40,7,1461,2,1,7,1,7
20181359M0612,1,8,0,7,0,0,0,0,0,0,2,1,6,1,25,5,1399,1,2,2,1,2
20181359M0612,2,1,0,18,0,0,0,0,0,0,1,1,6,2,60,9,-1,-1,-1,3,1,3
20181359M0704,1,9,0,1,0,0,0,0,0,0,2,1,6,2,50,8,1242,1,5,8,1,8
20181359M0718,1,9,0,9,0,8,0,0,0,0,1,1,1,1,34,6,-1,-1,-1,1,1,1
20181359M0785,1,9,0,18,0,0,0,0,0,0,3,1,6,1,41,7,1364,2,10,1,1,1
20181359M0837,1,90,0,18,0,0,2,0,0,0,0,1,6,1,31,6,197,1,11,2,1,2
20181359M0863,1,9,0,18,0,8,0,0,0,0,1,1,6,1,25,5,1995,2,10,6,1,6
20181359M0863,2,9,0,18,0,8,0,0,0,0,3,1,6,1,47,8,1461,2,7,6,1,6
20181359M0863,3,9,0,18,0,8,0,0,7,0,4,1,6,1,54,8,998,1,5,1,1,1
20181359M0959,1,1,0,18,0,8,0,0,0,0,1,1,6,1,54,8,-1,-1,-1,-1,-1,-1
20181359M0959,2,9,0,9,0,6,0,0,0,0,1,1,6,1,53,8,1968,2,6,10,1,10
20181359M1035,1,9,0,18,0,1,0,0,0,0,1,1,6,2,56,9,1197,1,1,10,1,10
20181359M1035,2,9,0,18,0,1,0,0,0,0,1,1,6,1,20,4,1496,2,2,1,1,1
20181359M1114,1,9,0,9,0,8,0,0,0,0,1,1,6,1,32,6,1798,1,8,1,1,1
20181359M1236,1,9,0,9,0,8,0,0,0,0,1,1,6,1,80,11,1388,1,12,10,2,10
20181359M1236,2,1,0,18,0,8,0,0,0,0,1,1,6,1,49,8,-1,-1,-1,2,3,2
20181359M1633,1,4,0,18,0,0,2,11,1,10,4,1,6,1,51,8,198,1,31,8,1,8
20181359M1738,1,9,0,6,0,0,0,0,7,11,1,1,6,2,26,6,1968,2,7,1,1,1
20181359M1909,1,9,0,18,0,0,0,0,0,0,1,1,6,2,39,7,1363,2,13,1,1,1
20181359N0678,1,9,0,9,0,8,0,0,0,0,3,1,6,1,-1,-1,1896,2,13,-1,-1,-1
20181359N0678,2,1,0,18,0,8,0,0,0,0,1,1,6,1,70,10,-1,-1,-1,-1,-1,-1
20181359N0818,1,9,0,16,0,0,0,10,0,0,4,1,6,1,22,5,1598,1,8,4,1,4
20181359N0831,1,9,0,1,0,6,0,0,0,0,2,1,6,1,39,7,1598,1,5,6,1,6
20181359N0831,2,1,0,18,0,2,0,0,0,0,2,1,6,2,52,8,-1,-1,-1,5,1,5
20181359N1047,1,9,0,18,0,0,0,0,7,0,1,1,6,1,34,6,2979,1,3,-1,-1,-1
20181359N1047,2,9,0,18,0,0,0,0,7,0,1,1,6,1,32,6,1956,2,5,2,1,2
20181359N1573,1,9,0,18,0,0,0,0,0,0,4,1,6,1,42,7,1995,1,8,4,1,4
20181359O0112,1,9,0,18,0,0,0,0,1,7,4,1,6,1,83,11,1969,2,1,7,1,7
20181359O0251,1,5,0,18,0,0,0,0,0,0,1,1,2,1,24,5,675,1,4,9,1,9
20181359O0251,2,19,0,18,0,0,0,0,0,0,2,1,2,1,26,6,1560,2,1,8,1,8
20181359O0279,1,9,0,18,0,0,0,0,0,0,1,1,6,3,-1,-1,1968,2,9,-1,-1,-1
20181359O0279,2,9,0,18,0,0,0,0,0,0,2,1,6,1,42,7,1968,2,2,6,1,6
20181359O0291,1,8,0,9,0,8,0,0,0,0,3,1,1,1,36,7,1968,2,5,1,1,1
20181359O0291,2,5,0,18,0,8,0,0,0,11,4,1,2,2,39,7,598,1,27,1,1,1
20181359O0534,1,9,0,4,0,0,0,0,0,0,1,1,6,2,-1,-1,1397,1,9,-1,-1,-1
20181359O0534,2,9,0,4,0,0,0,0,0,0,2,1,6,1,57,9,1998,1,1,7,1,7
20181359O0767,1,9,0,18,0,1,0,0,0,0,4,1,6,1,93,11,1400,1,12,7,1,7
20181359O0767,2,9,0,9,0,1,0,0,0,0,1,1,6,2,29,6,1398,2,11,1,1,1
20181359O0798,1,9,0,18,0,0,0,0,0,0,4,1,6,2,35,6,998,1,1,4,1,4
20181359O1018,1,9,0,18,0,0,0,0,1,3,1,1,6,2,22,5,1399,2,7,3,1,3
20181359O1231,1,9,0,18,0,3,0,0,0,0,1,1,6,1,41,7,1896,2,12,5,1,5
20181359O1254,1,9,0,4,0,0,0,0,0,0,1,1,2,1,55,8,1968,2,1,3,1,3
20181359O1254,2,19,0,4,0,0,0,0,0,0,2,1,2,1,35,6,1598,2,3,5,2,5
20181359O1254,3,19,0,4,0,0,0,0,0,0,2,1,2,1,50,8,2143,2,1,8,1,8
20181359O1281,1,9,0,18,0,0,0,0,0,0,1,1,6,2,43,7,2179,2,11,5,1,5
20181359O1281,2,9,0,2,0,0,0,0,0,0,4,1,6,1,71,10,1598,2,3,2,1,2
20181359O1281,3,9,0,2,0,0,0,0,0,0,1,1,6,3,-1,-1,999,1,-1,6,1,6
20181359O1726,1,9,0,18,0,1,0,0,0,0,0,1,6,3,-1,-1,-1,-1,-1,-1,-1,-1
20181359O1726,2,9,0,5,0,1,0,0,0,0,1,1,6,1,35,6,5000,1,8,4,1,4
20181359O1726,3,9,0,15,0,6,0,0,0,0,1,1,6,2,57,9,1587,1,14,5,2,5
20181359O1726,4,9,0,18,0,1,0,0,0,0,1,1,6,1,36,7,1490,1,10,3,1,3
20181359P0024,1,9,0,17,0,0,0,0,0,0,4,1,6,1,21,5,1396,1,18,2,1,2
20181359P0024,2,9,0,2,9,0,0,0,0,0,2,1,6,3,-1,-1,1388,1,15,2,1,2
20181359P0024,3,9,0,18,0,0,0,0,0,0,1,1,6,1,27,6,1422,2,8,7,3,7
20181359P0299,1,9,0,7,0,6,0,0,0,0,3,1,6,1,55,8,1598,1,10,8,1,8
20181359P0299,2,1,0,18,0,8,2,0,0,0,1,1,6,1,62,9,-1,-1,-1,4,2,4
20181359P0559,1,9,0,18,0,0,0,0,0,0,2,1,1,1,-1,-1,-1,-1,-1,-1,-1,-1
20181359P0559,2,9,0,18,0,0,0,0,0,0,1,1,6,1,47,8,1794,1,14,1,1,1
20181359P0688,1,1,0,18,0,1,0,0,0,0,1,1,6,1,25,5,-1,-1,-1,2,1,2
20181359P0688,2,9,0,7,0,5,0,0,0,0,4,1,6,1,23,5,1496,2,1,1,1,1
20181359P1051,1,19,0,18,0,0,0,0,0,0,1,1,1,1,30,6,1995,2,-1,8,2,8
20181359P1051,2,9,0,18,0,0,0,0,0,0,2,1,6,1,33,6,1798,1,12,7,1,7
20181359P1181,1,9,0,18,0,0,0,0,0,0,1,1,6,2,55,8,1395,1,-1,10,1,10
20181359P1181,2,9,0,18,0,0,0,0,0,0,4,1,6,2,18,4,1248,2,5,1,1,1
20181359P1368,1,9,0,9,0,6,0,0,0,0,3,1,1,2,59,9,1328,1,10,7,1,7
20181359P1368,2,1,0,15,0,8,0,0,0,0,1,1,6,1,48,8,-1,-1,-1,7,1,7
20181359P1814,1,9,0,18,0,6,0,0,3,11,3,1,6,1,26,6,1598,2,6,7,1,7
20181359P1814,2,9,0,18,0,8,0,0,0,0,1,1,6,1,20,4,-1,-1,-1,7,3,7
20181359P1902,1,90,0,18,0,0,0,0,0,0,1,1,6,3,-1,-1,-1,-1,-1,-1,-1,-1
20181359P1902,2,1,0,18,0,0,0,0,0,0,2,1,6,1,29,6,-1,-1,-1,3,1,3
20181359Q0296,1,9,0,13,0,2,0,0,0,0,4,1,6,3,-1,-1,-1,-1,-1,-1,-1,-1
20181359Q0296,2,1,0,18,0,2,0,0,0,0,3,1,2,1,34,6,-1,-1,-1,1,1,1
20181359Q0312,1,9,0,18,0,0,5,0,2,7,1,1,6,1,33,6,1596,1,14,2,1,2
20181359Q0435,1,9,0,18,0,2,0,0,2,0,1,1,2,2,54,8,1240,1,8,10,2,10
20181359Q0435,2,10,0,18,0,1,0,0,1,10,1,1,1,2,36,7,2143,2,1,10,1,10
20181359Q0912,1,9,0,18,0,1,0,0,0,0,1,1,6,1,-1,-1,1910,2,10,-1,-1,-1
20181359Q0912,2,9,0,18,0,1,0,0,0,0,2,1,6,2,69,10,1198,1,10,9,1,9
20181359Q1075,1,9,0,15,0,1,0,0,0,0,4,1,6,3,-1,-1,-1,-1,-1,-1,-1,-1
20181359Q1308,1,1,0,18,4,8,5,0,0,0,1,1,6,2,22,5,-1,-1,-1,-1,-1,-1
20181359Q1308,2,9,0,7,0,5,0,0,0,0,4,1,6,2,32,6,1398,1,8,3,1,3
20181359Q1537,1,9,0,9,0,0,0,0,0,0,1,1,1,1,49,8,1598,1,-1,1,1,1