Accident_Index,Vehicle_Reference,Vehicle_Type,Towing_and_Articulation,Vehicle_Manoeuvre,Vehicle_Location-Restricted_Lane,Junction_Location,Skidding_and_Overturning,Hit_Object_in_Carriageway,Vehicle_Leaving_Carriageway,Hit_Object_off_Carriageway,1st_Point_of_Impact,Was_Vehicle_Left_Hand_Drive?,Journey_Purpose_of_Driver,Sex_of_Driver,Age_of_Driver,Age_Band_of_Driver,Engine_Capacity_(CC),Propulsion_Code,Age_of_Vehicle,Driver_IMD_Decile,Driver_Home_Area_Type,Vehicle_IMD_Decile
20181359Q1537,2,5,0,18,0,0,0,0,0,0,1,1,6,1,40,7,645,1,12,6,3,6
20181359Q2019,1,9,0,18,0,8,0,0,7,0,1,1,6,3,-1,-1,1299,1,12,-1,-1,-1
20181359Q2019,2,9,0,18,0,8,0,0,0,0,1,1,6,1,55,8,1399,2,12,5,2,5
20181359Q2019,3,9,0,2,0,8,0,0,0,0,1,1,6,3,-1,-1,998,1,2,-1,-1,-1
20181359R0125,1,9,0,9,0,0,0,0,0,0,1,1,6,1,20,4,1248,2,10,2,1,2
20181359R0125,2,9,0,18,0,0,0,0,0,0,1,1,6,2,41,7,1461,2,3,1,1,1
20181359R0125,3,9,0,2,9,0,0,0,0,0,3,1,6,3,-1,-1,2319,1,14,2,1,2
20181359R0125,4,9,0,2,9,0,0,0,0,0,3,1,6,3,-1,-1,1198,1,7,9,1,9
20181359R0125,5,9,0,2,0,0,0,0,0,0,3,1,6,3,-1,-1,1390,1,8,2,1,2
20181359R0351,1,9,0,18,0,8,0,0,0,0,1,1,1,2,60,9,1596,1,12,10,2,10
20181359R0430,1,3,0,4,0,1,0,0,0,0,2,1,1,1,21,5,125,1,6,7,1,7
20181359R0430,2,19,0,4,0,1,0,0,0,0,1,1,6,3,-1,-1,-1,-1,-1,-1,-1,-1
20181359R0443,1,9,0,18,0,0,0,0,0,0,0,1,6,1,36,7,-1,-1,-1,4,1,4
20181359R0443,2,1,0,18,0,0,0,0,1,0,0,1,6,3,-1,-1,-1,-1,-1,-1,-1,-1
20181359R0461,1,9,0,7,0,1,0,0,0,0,2,1,2,2,65,9,1598,1,14,7,3,7
20181359R0461,2,1,0,18,0,1,0,0,0,0,1,1,2,1,41,7,-1,-1,-1,4,1,4
20181359R0621,1,9,0,18,0,0,0,0,0,0,1,1,6,1,58,9,1598,1,15,10,1,10
20181359R0621,2,9,0,18,0,0,0,0,0,0,1,1,6,1,39,7,1995,2,2,2,1,2
20181359R0643,1,9,0,5,0,0,0,0,0,0,4,1,1,3,-1,-1,-1,-1,-1,-1,-1,-1
20181359R0825,1,11,0,18,0,2,0,0,0,0,1,1,1,1,59,9,6900,2,14,3,1,3
20181359R0880,1,3,0,18,0,0,0,10,1,2,1,1,6,1,39,7,124,1,2,1,1,1
20181359R1207,1,9,0,6,0,0,0,0,0,0,1,1,6,2,49,8,998,1,8,2,1,2
20181359R1207,2,3,0,18,0,0,0,0,0,0,4,1,6,1,25,5,125,1,2,3,1,3
20181359R1252,1,1,0,18,0,0,5,11,0,0,0,1,6,1,58,9,-1,-1,-1,9,2,9
20181359R1316,1,11,0,4,0,0,0,0,0,0,0,1,1,1,57,9,5132,2,3,1,1,1
20181359R1394,1,8,0,18,0,0,0,0,0,0,1,1,6,3,-1,-1,-1,-1,-1,-1,-1,-1
20181359R1413,1,19,0,18,0,0,0,0,0,0,1,1,2,1,38,7,2143,2,3,6,1,6
20181359R1413,2,9,0,4,0,0,0,0,0,0,2,1,2,2,60,9,1198,1,-1,8,1,8
20181359R1413,3,9,0,4,0,0,0,0,0,0,2,1,6,1,43,7,2993,2,-1,5,1,5
20181359R1526,1,5,0,18,0,8,0,0,0,0,2,1,6,1,58,9,865,1,8,9,1,9
20181359R1526,2,9,0,5,0,8,0,0,0,0,1,1,6,1,27,6,1496,2,1,1,1,1
20181359R1540,1,9,0,18,0,0,0,0,0,0,4,1,6,3,-1,-1,-1,-1,-1,-1,-1,-1
20181359R1682,1,9,0,4,0,8,0,0,0,0,2,1,6,2,30,6,1968,2,1,2,1,2
20181359R1682,2,9,0,4,0,8,0,0,0,0,1,1,6,3,-1,-1,1896,2,11,-1,-1,-1
20181359R1688,1,9,0,9,0,6,0,0,0,0,4,1,6,2,34,6,1598,1,2,-1,-1,-1
20181359R1688,2,1,0,18,0,8,0,0,0,0,1,1,6,1,40,7,-1,-1,-1,-1,-1,-1
20181359R1809,1,9,0,18,0,0,0,0,0,0,4,1,6,2,40,7,1997,2,2,9,1,9
20181359R1892,1,11,0,5,0,0,0,0,0,0,4,1,1,3,-1,-1,6700,2,1,-1,-1,-1
20181359R1989,1,1,0,18,9,1,0,0,0,0,3,1,6,2,18,4,-1,-1,-1,2,1,2
20181359R1989,2,9,0,9,0,1,0,0,0,0,1,1,6,2,52,8,2401,2,10,10,1,10
20181359S0421,1,9,0,7,0,6,0,0,0,0,1,1,3,1,26,6,1995,2,-1,1,1,1
20181359S0459,1,9,0,18,0,2,0,0,1,11,1,1,6,1,36,7,999,1,13,1,1,1
20181359S1068,1,9,0,18,0,0,0,0,0,0,1,1,6,1,24,5,1560,2,12,1,1,1
20181359S1068,2,19,0,18,0,0,0,0,0,0,2,1,1,1,27,6,2143,2,2,3,1,3
20181359S1068,3,9,0,18,0,0,0,0,0,0,2,1,6,3,-1,-1,-1,-1,-1,-1,-1,-1
20181359S1068,4,9,0,18,0,0,0,0,0,0,2,1,6,3,-1,-1,1999,2,-1,-1,-1,-1
20181359S1424,1,8,0,18,0,1,0,0,0,0,1,1,1,1,37,7,1560,2,7,1,1,1
20181359S1424,2,9,0,18,0,1,0,0,0,0,2,1,6,2,44,7,999,1,2,3,1,3
20181359S1561,1,9,0,4,0,0,0,0,0,0,2,1,6,1,55,8,1560,2,5,5,1,5
20181359S1561,2,9,0,4,0,0,0,0,0,0,1,1,6,1,-1,-1,-1,-1,-1,-1,-1,-1
20181359S1746,1,1,0,18,0,0,0,10,1,0,4,1,6,1,61,9,-1,-1,-1,3,1,3
20181359S1821,1,9,0,12,0,0,0,0,0,0,3,1,6,1,43,7,1753,2,14,3,1,3
20181359S1821,2,9,0,18,0,0,0,0,0,0,4,1,6,1,18,4,1398,2,14,4,1,4
20181359T0008,1,9,0,9,0,8,0,0,0,0,4,1,6,1,67,10,1329,1,9,-1,-1,-1
20181359T0008,2,9,0,18,0,8,0,0,0,0,1,1,6,1,61,9,1318,1,1,10,1,10
20181359T0399,1,9,0,10,0,2,0,0,0,0,0,1,3,1,67,10,998,1,1,6,1,6
20181359T0399,2,9,0,18,0,1,0,0,0,0,1,1,6,1,70,10,1395,1,-1,8,1,8
20181359T0471,1,9,0,18,0,8,0,0,0,0,3,1,2,2,26,6,1461,2,4,10,1,10
20181359T0471,2,9,0,18,0,8,0,0,0,0,1,1,2,2,58,9,1598,1,11,9,2,9
20181359T0610,1,19,0,5,0,0,0,0,0,0,3,1,6,2,51,8,1560,2,2,4,1,4
20181359T0610,2,9,0,18,0,0,0,0,0,0,1,1,6,3,-1,-1,1560,2,12,-1,-1,-1
20181359T0631,1,9,0,18,0,2,0,6,1,11,1,1,6,2,29,6,-1,-1,-1,8,1,8
20181359T0784,1,9,0,5,0,6,0,0,0,0,3,1,6,2,37,7,1242,1,11,3,1,3
20181359T0784,2,1,0,18,0,8,0,0,0,0,1,1,6,1,72,10,-1,-1,-1,9,-1,9
20181359T1012,1,9,0,9,0,6,0,0,0,0,1,1,6,1,33,6,1956,2,9,1,1,1
20181359T1012,2,9,0,18,0,8,0,0,0,0,1,1,6,1,46,8,-1,-1,-1,6,1,6
20181359T1318,1,9,0,5,0,0,0,0,0,0,1,1,6,3,-1,-1,-1,-1,-1,-1,-1,-1
20181359T1937,1,9,0,18,0,8,0,0,0,0,1,1,6,1,20,4,1461,2,6,2,1,2
20181359U0078,1,9,0,4,0,4,0,9,3,0,1,1,6,2,23,5,1997,1,4,2,1,2
20181359U0271,1,9,0,18,0,1,0,0,0,0,1,1,6,3,-1,-1,-1,-1,-1,-1,-1,-1
20181359U0868,1,9,0,9,0,8,1,0,7,1,4,1,6,1,47,8,1598,1,3,7,1,7
20181359U0868,2,10,0,18,0,2,0,0,0,0,1,1,1,1,60,9,-1,-1,-1,7,1,7
20181359U1272,1,9,0,12,0,0,0,0,0,0,3,1,6,1,35,6,1390,1,16,5,2,5
20181359U1272,2,9,0,18,0,0,0,0,5,0,4,1,6,1,41,7,1598,1,11,5,1,5
20181359U1272,3,9,0,18,0,0,1,0,0,0,2,1,6,1,57,9,1388,1,12,1,1,1
20181359U1690,1,9,0,4,0,1,0,0,0,0,1,1,6,1,-1,-1,1395,8,2,-1,-1,-1
20181359U1690,2,9,0,3,0,1,0,0,0,0,2,1,6,2,42,7,1796,1,8,6,1,6
20181359U1761,1,9,0,7,0,5,0,0,0,0,4,1,6,2,21,5,1388,1,14,-1,-1,-1
20181359U1761,2,11,0,18,2,8,0,0,0,0,3,1,1,1,28,6,9360,2,9,3,1,3
2018135A10274,1,9,0,7,0,6,0,0,0,0,1,1,6,1,54,8,1598,2,8,3,3,3
2018135A10274,2,9,0,18,0,8,0,0,0,0,3,1,6,2,44,7,1398,1,3,1,1,1
2018135A10569,1,19,0,18,0,8,0,0,0,0,4,1,1,1,39,7,1997,2,5,3,1,3
2018135A10776,1,9,0,18,0,0,0,0,0,0,3,1,6,1,29,6,1600,1,14,6,3,6
2018135A10800,1,9,0,7,0,6,0,0,0,0,4,1,6,1,32,6,1598,2,3,2,1,2
2018135A10800,2,9,0,2,0,1,0,0,0,0,2,1,6,2,26,6,1968,2,11,4,1,4
2018135A11135,1,9,0,18,0,1,0,0,0,0,1,1,6,2,61,9,1397,1,17,6,1,6
2018135A11135,2,9,0,18,0,1,0,0,0,0,1,1,6,1,18,4,1198,1,10,8,1,8
2018135A11218,1,9,0,12,0,0,0,0,0,0,3,1,6,2,46,8,1598,2,2,1,1,1
2018135A11218,2,5,0,18,0,0,0,0,0,0,4,1,6,1,65,9,782,1,11,4,2,4
2018135A11255,1,9,0,18,0,6,0,0,0,0,1,1,6,3,-1,-1,-1,-1,-1,-1,-1,-1
2018135A11255,2,3,0,3,0,8,0,0,0,0,4,1,2,1,31,6,125,1,6,3,1,3
2018135A11296,1,2,0,16,0,0,5,10,7,10,4,1,6,1,17,4,49,1,1,8,1,8
2018135A11498,1,9,0,5,0,0,0,0,0,0,4,1,1,1,43,7,1299,1,13,2,1,2
2018135A11545,1,9,0,3,0,8,0,0,0,0,3,1,6,1,45,7,1799,1,9,1,1,1
2018135A11545,2,9,0,18,0,8,0,0,0,0,1,1,6,1,39,7,1968,2,10,4,1,4
2018135A11604,1,9,0,5,0,8,5,7,3,11,4,1,6,1,43,7,1422,2,16,4,1,4
2018135A11604,2,9,0,18,0,8,0,0,0,0,1,1,6,1,33,6,1984,2,4,1,1,1
2018135A11724,1,4,0,18,0,8,0,0,0,0,1,1,6,1,32,6,124,1,2,4,1,4
2018135A11724,2,9,0,9,0,8,0,0,0,0,4,1,6,2,30,6,998,1,5,9,2,9
2018135A20210,1,9,0,7,0,6,0,0,0,0,1,1,6,1,32,6,1582,2,3,8,1,8
2018135A20210,2,1,0,18,0,8,5,0,0,0,4,1,6,1,45,7,-1,-1,-1,7,1,7
2018135A20328,1,9,0,5,0,6,0,0,0,0,1,1,6,2,-1,-1,1339,1,9,9,1,9
2018135A20328,2,9,0,17,0,8,0,0,0,0,4,1,6,2,-1,-1,1248,2,8,9,1,9
2018135A20342,1,1,0,18,0,8,0,0,0,0,0,1,6,1,18,4,-1,-1,-1,1,1,1
2018135A20342,2,8,0,9,0,8,0,0,0,0,0,1,1,1,46,8,1582,2,6,1,1,1
2018135A20351,1,19,0,9,0,5,0,0,0,0,1,1,1,1,22,5,1499,2,1,6,1,6
2018135A20351,2,1,0,18,4,1,0,0,0,0,3,1,4,1,21,5,-1,-1,-1,5,1,5
2018135A20351,3,1,0,18,4,1,0,0,0,0,1,1,4,1,19,4,-1,-1,-1,6,1,6
2018135A20355,1,9,0,9,0,8,0,0,0,0,1,1,6,2,31,6,1198,1,5,7,1,7
2018135A20374,1,9,0,18,0,0,0,0,0,0,1,1,6,2,20,4,1968,2,9,2,1,2
2018135A20374,2,9,0,18,0,0,0,0,0,0,2,1,6,2,49,8,1968,2,7,10,1,10
2018135A20374,3,9,0,18,0,0,0,0,0,0,2,1,6,2,51,8,2400,2,4,6,1,6
2018135A20523,1,9,0,7,0,8,0,0,0,0,4,1,6,2,69,10,1242,1,15,1,1,1
2018135A20523,2,1,0,18,0,8,0,0,0,0,1,1,6,1,56,9,-1,-1,-1,1,1,1
2018135A20633,1,19,0,18,0,8,0,0,0,0,1,1,1,1,33,6,1995,2,-1,1,1,1
2018135A20633,2,9,0,18,0,8,0,0,0,0,2,1,2,2,27,6,1995,2,2,6,1,6
2018135A20653,1,9,0,3,0,0,0,0,0,0,2,1,6,2,51,8,1199,1,14,5,1,5
2018135A20653,2,9,0,3,0,0,0,0,0,0,2,1,6,2,35,6,1199,1,14,1,1,1
2018135A20653,3,9,0,4,0,0,0,0,0,0,1,1,6,1,42,7,1461,2,11,4,1,4
2018135A20768,1,9,0,16,0,0,0,0,0,0,1,1,6,2,65,9,1197,1,7,2,1,2
2018135A21133,1,1,0,18,0,8,5,0,0,0,1,1,6,1,42,7,-1,-1,-1,8,1,8
2018135A21133,2,9,0,9,0,5,0,0,0,0,4,1,6,2,26,6,1560,2,4,3,1,3
2018135A21420,1,9,0,18,0,0,0,0,0,0,1,1,6,1,-1,-1,-1,-1,-1,-1,-1,-1
2018135A21559,1,9,0,9,0,8,0,0,0,0,1,1,2,2,72,10,1984,1,2,3,1,3
2018135A21559,2,9,0,18,0,8,0,0,0,0,4,1,2,2,30,6,1149,1,10,3,1,3
2018135A30204,1,9,0,5,0,6,0,0,0,0,4,1,2,1,57,9,1956,2,9,6,1,6
2018135A30204,2,1,0,18,0,1,0,0,0,0,1,1,2,2,52,8,-1,-1,-1,1,1,1
2018135A30363,1,1,0,18,0,8,1,0,0,0,4,1,2,2,59,9,-1,-1,-1,10,1,10
2018135A30363,2,19,0,18,0,8,0,0,0,0,4,1,1,1,78,11,1868,2,17,5,1,5
2018135A30576,1,9,0,7,0,3,0,0,7,1,3,1,6,1,60,9,1596,1,5,7,1,7
2018135A30576,2,9,0,7,0,3,0,0,0,0,4,1,1,1,-1,-1,-1,-1,-1,-1,-1,-1
2018135A31273,1,9,0,18,0,0,0,0,0,0,1,1,2,1,23,5,1388,1,16,1,1,1
2018135A31385,1,9,0,9,0,6,0,0,0,0,3,1,6,1,-1,-1,-1,-1,-1,-1,-1,-1
2018135A31385,2,9,0,18,0,8,0,0,0,0,1,1,6,2,44,7,1248,2,7,7,1,7
2018135A31571,1,9,0,5,0,8,0,0,0,0,1,1,3,2,32,6,1968,2,10,10,1,10
2018135A31571,2,9,0,5,0,6,0,0,0,0,1,1,6,2,38,7,2204,2,9,3,1,3
2018135A31590,1,9,0,3,0,0,0,0,0,0,2,1,6,1,24,5,1198,1,7,3,1,3
2018135A31590,2,9,0,18,0,0,0,0,0,0,1,1,6,1,37,7,1364,2,7,4,1,4
2018135A31596,1,9,0,9,0,5,0,0,0,0,1,1,6,3,-1,-1,1596,1,14,-1,-1,-1
2018135A31596,2,3,0,18,0,1,0,0,0,0,1,1,2,1,30,6,124,1,4,1,1,1
2018135A31811,1,9,0,16,0,0,0,0,0,0,1,1,6,1,18,4,1229,1,7,4,1,4
2018135A31811,2,9,0,17,0,0,0,0,0,0,1,1,6,2,71,10,1200,1,4,7,3,7
2018135A40231,1,9,0,7,0,5,0,0,0,0,4,1,6,3,-1,-1,-1,-1,-1,-1,-1,-1
2018135A40231,2,1,0,18,0,8,0,0,0,0,3,1,6,1,24,5,-1,-1,-1,1,1,1
2018135A40248,1,9,0,18,0,0,0,0,0,0,4,1,6,1,35,6,-1,-1,-1,6,1,6
2018135A40248,2,9,0,18,0,0,0,0,0,0,1,1,6,2,30,6,1197,1,3,9,3,9
2018135A40256,1,9,0,18,0,8,0,0,0,0,4,1,6,1,21,5,1149,1,10,1,1,1
2018135A40256,2,9,0,18,0,6,0,0,0,0,1,1,6,3,-1,-1,-1,-1,-1,-1,-1,-1
2018135A40461,1,9,0,18,0,0,0,0,0,0,3,1,6,1,41,7,2143,12,4,8,1,8
2018135A40461,2,9,0,13,0,0,0,0,0,0,4,1,6,3,-1,-1,-1,-1,-1,-1,-1,-1
2018135A40968,1,9,0,18,0,0,0,0,0,0,1,1,6,1,34,6,1799,1,12,9,1,9
2018135A40968,2,9,0,18,0,0,0,0,0,0,2,1,6,1,66,10,1998,1,1,8,1,8
2018135A41078,1,8,0,1,0,0,0,0,0,0,2,1,1,1,38,7,1798,8,6,1,1,1
2018135A41247,1,9,0,7,0,6,0,0,0,0,1,1,6,2,47,8,2143,2,1,3,1,3
2018135A41247,2,9,0,18,0,8,0,0,0,0,4,1,6,1,18,4,1229,1,7,5,2,5
2018135A41285,1,9,0,13,0,0,0,0,0,0,4,1,6,1,49,8,-1,-1,-1,7,1,7
2018135A41285,2,17,0,9,0,0,0,0,0,0,3,1,1,1,80,11,4400,2,16,8,3,8
2018135A41395,1,8,0,18,0,1,0,0,0,0,3,1,1,1,45,7,1598,2,3,2,1,2
2018135A41395,2,8,0,9,0,6,0,0,0,0,1,1,1,1,59,9,1997,2,7,4,1,4
2018135A41535,1,9,0,9,0,0,0,0,0,0,2,1,2,2,54,8,1242,1,14,10,2,10
2018135A41535,2,9,0,18,0,0,0,0,0,0,1,1,2,2,31,6,1997,2,8,9,2,9
2018135A50450,1,21,1,7,0,6,0,0,0,0,4,1,1,1,57,9,12902,2,-1,7,3,7
2018135A50450,2,9,0,7,0,6,0,0,1,10,3,1,2,2,51,8,998,1,11,5,1,5
2018135A50871,1,9,0,15,0,0,0,0,0,0,4,1,6,1,23,5,1984,1,3,1,1,1
2018135A51134,1,9,0,18,0,8,0,0,1,7,3,1,6,1,43,7,-1,-1,-1,1,1,1
2018135A51134,2,10,0,18,0,8,0,0,0,0,1,1,6,1,27,6,-1,-1,-1,4,1,4
2018135A51163,1,9,0,18,0,0,0,0,0,0,1,1,6,1,22,5,999,1,2,6,1,6
2018135A51163,2,9,3,3,0,0,3,0,0,0,2,1,6,1,31,6,1910,2,13,-1,-1,-1
2018135A51163,3,9,0,3,0,0,0,0,0,0,2,1,6,1,46,8,1248,2,7,3,1,3
2018135A51285,1,8,0,18,0,0,0,0,0,0,2,1,1,1,25,5,1968,2,8,3,1,3
2018135A51417,1,9,0,18,0,0,0,0,0,0,1,1,6,1,35,6,1560,2,7,3,1,3
2018135A51538,1,1,0,18,0,0,0,0,0,0,1,1,6,1,27,6,-1,-1,-1,3,3,3
2018135A51538,2,9,0,2,0,0,0,0,0,0,3,1,6,3,-1,-1,1968,2,-1,-1,-1,-1
2018135A51759,1,9,0,18,0,0,1,0,0,0,1,1,6,1,18,4,998,1,4,8,1,8
2018135A51759,2,9,0,18,0,0,0,0,0,0,2,1,6,1,18,4,1560,2,2,4,1,4
2018135A51759,3,9,0,2,0,0,0,0,0,0,2,1,6,3,-1,-1,1395,1,2,-1,-1,-1
2018135A51759,4,9,0,2,0,0,0,0,0,0,2,1,6,3,-1,-1,-1,-1,-1,9,1,9
2018135A52141,1,9,0,18,0,1,2,0,1,10,1,1,6,2,26,6,1329,1,5,3,1,3
2018135A60746,1,9,0,18,0,0,5,0,0,0,1,1,6,2,44,7,1995,2,1,-1,-1,-1
2018135A60746,2,9,0,2,0,0,0,0,0,0,2,1,6,1,51,8,1560,2,1,-1,-1,-1
2018135A60746,3,9,0,18,0,0,0,0,0,0,3,1,6,2,57,9,1084,1,1,6,1,6
2018135A60791,1,9,0,13,0,0,0,0,0,0,1,1,6,1,24,5,249,1,6,6,1,6
2018135A60791,2,9,0,10,0,0,0,0,0,0,3,1,6,2,33,6,1997,2,-1,7,1,7
2018135A60815,1,9,0,18,0,0,0,0,0,0,1,1,6,1,33,6,2993,2,13,3,1,3
2018135A60815,2,9,0,4,0,0,0,0,0,0,2,1,6,2,31,6,1997,2,10,1,1,1
2018135A60815,3,9,0,4,0,0,0,0,0,0,2,1,6,1,52,8,1395,1,2,2,1,2
2018135A60931,1,9,0,18,0,0,0,7,0,0,1,1,1,1,30,6,1968,2,5,1,1,1
2018135A60943,1,9,0,2,0,0,0,0,0,0,2,1,6,2,28,6,1248,2,9,3,1,3
2018135A60943,2,9,0,1,0,0,0,0,0,0,1,1,6,2,78,11,999,1,5,3,1,3
2018135A61045,1,9,0,9,0,8,0,0,0,0,1,1,6,1,81,11,1398,1,8,2,2,2
2018135A61045,2,9,0,4,0,8,0,0,0,0,1,1,6,2,44,7,1560,2,7,-1,-1,-1
2018135A61119,1,9,0,17,0,8,0,0,0,0,1,1,6,2,41,7,1968,2,8,5,1,5
2018135A61119,2,11,0,18,2,8,0,0,0,0,1,1,1,1,48,8,-1,-1,-1,-1,-1,-1
2018135A61119,3,9,0,17,0,1,0,0,0,0,1,1,6,1,42,7,-1,-1,-1,-1,-1,-1
2018135A61577,1,9,0,18,0,0,0,0,0,0,1,1,6,3,-1,-1,1998,1,16,-1,-1,-1
2018135A62042,1,11,0,18,0,0,0,0,0,0,2,1,1,1,55,8,-1,-1,-1,1,1,1
2018135A62042,2,8,0,18,0,0,0,0,0,0,1,1,1,1,50,8,-1,-1,-1,5,1,5
2018135A70194,1,9,0,14,0,1,0,0,0,0,4,1,1,1,39,7,1956,2,6,-1,-1,-1
2018135A70354,1,8,0,18,0,8,0,0,0,0,1,1,1,1,27,6,1598,2,3,1,1,1
2018135A70697,1,9,0,18,0,0,0,0,0,0,2,1,6,1,56,9,-1,-1,-1,-1,-1,-1
2018135A70697,2,9,0,18,0,0,0,0,0,0,1,1,6,1,55,8,-1,-1,-1,-1,-1,-1
2018135A70939,1,9,0,5,0,0,0,4,1,0,4,1,6,1,71,10,1794,1,17,1,1,1
2018135A70939,2,9,0,14,0,0,0,0,0,0,1,1,6,2,46,8,1797,8,7,4,1,4
2018135A70939,3,9,0,2,0,0,0,0,0,0,3,1,6,2,-1,-1,1968,2,11,-1,-1,-1
2018135A70985,1,17,4,18,0,0,0,0,0,0,3,1,1,1,54,8,-1,2,10,4,1,4
2018135A70985,2,20,0,18,0,0,0,0,0,0,3,1,6,2,41,7,3920,2,12,8,1,8
2018135A71311,1,9,0,12,0,0,0,0,0,0,1,1,6,1,80,11,2993,2,6,2,1,2
2018135A71311,2,1,0,18,0,0,0,0,0,0,2,1,6,1,66,10,-1,-1,-1,3,1,3
2018135A71461,1,9,0,18,0,1,0,0,0,0,1,1,6,1,21,5,1395,1,3,1,1,1
2018135A71589,1,9,0,18,0,8,0,0,0,0,1,1,6,3,-1,-1,1995,2,12,-1,-1,-1
2018135A71589,2,9,0,18,0,1,0,0,0,0,0,1,1,1,35,6,2993,2,3,1,1,1
2018135A71589,3,9,0,18,0,8,0,0,0,0,4,1,6,1,60,9,1329,1,8,1,1,1
2018135A80001,1,19,0,18,0,0,0,0,0,0,3,1,1,1,30,6,1997,2,-1,1,1,1
2018135A80001,2,19,0,18,0,0,0,0,0,0,4,1,6,3,-1,-1,-1,-1,-1,-1,-1,-1
2018135A80204,1,9,0,18,0,1,0,0,0,0,3,1,6,1,20,4,1360,1,11,6,3,6
2018135A80204,2,9,0,2,0,1,0,0,0,0,4,1,6,3,-1,-1,1998,8,-1,7,1,7
2018135A80322,1,19,0,18,0,0,0,0,0,0,1,1,6,1,34,6,2198,2,2,7,3,7
2018135A80322,2,9,0,18,0,0,0,0,0,0,2,1,6,1,32,6,1956,2,4,8,1,8
2018135A80322,3,9,0,5,0,0,0,0,0,0,2,1,6,1,43,7,1598,1,11,7,3,7
2018135A80606,1,19,0,18,0,8,0,0,0,0,1,1,6,1,26,6,1753,2,12,2,1,2
2018135A80606,2,9,0,18,0,8,0,0,0,0,3,1,6,2,32,6,1248,2,11,-1,-1,-1
2018135A80850,1,19,0,18,0,0,0,0,0,0,1,1,1,1,30,6,2143,2,1,-1,-1,-1
2018135A80850,2,9,0,18,0,0,0,0,0,0,2,1,6,2,59,9,2184,2,14,-1,-1,-1
2018135A81210,1,19,0,6,0,0,0,0,0,0,1,1,6,1,35,6,1560,2,3,7,1,7
2018135A81210,2,9,0,18,0,0,2,0,0,0,4,1,6,2,31,6,1197,1,2,1,1,1
2018135A81252,1,11,0,2,0,0,0,0,0,0,4,1,1,3,-1,-1,-1,-1,-1,-1,-1,-1
2018135A81259,1,8,0,18,0,1,0,0,0,0,3,1,1,1,52,8,1798,8,1,1,1,1
2018135A81259,2,9,0,3,0,2,0,0,0,0,0,1,3,2,48,8,1598,1,17,8,1,8
2018135A81323,1,9,0,4,0,1,0,0,0,0,2,1,6,1,53,8,1999,2,1,4,1,4
2018135A81323,2,9,0,4,0,1,0,0,0,0,1,1,6,1,32,6,-1,-1,-1,8,1,8
2018135A81545,1,9,0,9,0,2,5,0,0,0,3,1,6,1,65,9,1896,2,14,2,1,2
2018135A81545,2,9,0,18,0,1,0,0,0,0,1,1,6,3,27,6,2148,2,16,-1,-1,-1
2018135A82117,1,8,0,18,0,0,0,0,0,0,0,1,1,1,-1,-1,2143,2,4,-1,-1,-1
2018135A90240,1,9,0,9,0,6,0,0,0,0,3,1,2,1,55,8,1796,1,9,4,1,4
2018135A90240,2,9,0,18,0,8,0,0,0,0,1,1,6,3,-1,-1,1299,1,12,-1,-1,-1
2018135A90414,1,9,0,5,0,0,0,0,0,0,1,1,2,1,51,8,1499,2,1,6,1,6
2018135A90960,1,9,0,9,0,1,0,0,0,0,4,1,6,2,75,10,1998,1,10,8,1,8
2018135A90960,2,1,0,18,0,1,0,0,0,0,1,1,6,1,56,9,-1,-1,-1,9,1,9
2018135A91079,1,9,0,18,0,0,0,0,0,0,4,1,6,1,18,4,1242,1,12,2,1,2
2018135A91113,1,9,0,18,0,0,0,0,0,0,1,1,6,1,61,9,1896,2,10,7,3,7
2018135A91113,2,1,0,18,0,0,0,0,0,0,4,1,6,1,12,3,-1,-1,-1,1,1,1
2018135A91127,1,9,0,18,0,8,0,0,0,0,4,1,6,1,24,5,1363,2,16,1,1,1
2018135A91221,1,9,0,18,0,0,0,0,0,0,1,1,6,1,30,6,1598,1,19,2,1,2
2018135A91255,1,9,0,18,0,0,0,0,0,0,3,1,6,2,33,6,1149,1,8,4,1,4
2018135A91366,1,9,0,14,0,8,5,4,0,0,4,1,6,2,29,6,1968,2,9,8,1,8
2018135A91366,2,9,0,2,0,2,0,0,0,0,4,1,6,3,-1,-1,1598,1,13,-1,-1,-1
2018135A91366,3,9,0,18,0,8,0,0,0,0,3,1,6,2,-1,-1,1598,1,10,1,1,1
2018135A91468,1,9,0,13,0,0,0,0,0,0,4,1,2,1,57,9,1968,2,11,3,1,3
2018135A91468,2,1,0,18,0,0,5,0,0,0,0,1,2,1,34,6,-1,-1,-1,4,1,4
2018135A91678,1,9,0,11,0,3,0,0,0,0,4,1,6,1,38,7,1598,1,6,8,2,8
2018135A91678,2,9,0,11,0,3,0,0,0,0,3,1,6,1,87,11,1198,1,3,6,1,6
2018135A91829,1,11,0,5,2,0,0,0,0,0,1,1,1,1,68,10,6374,2,9,5,3,5
2018135A92187,1,9,0,9,0,0,0,0,0,0,0,1,6,3,-1,-1,-1,-1,-1,-1,-1,-1
2018135A92187,2,9,0,18,0,0,0,0,0,0,1,1,6,1,28,6,1388,1,13,2,1,2
2018135A92187,3,19,0,18,0,0,0,0,0,0,2,1,6,1,32,6,2402,2,7,9,3,9
2018135AA0292,1,9,0,7,0,6,0,0,0,0,3,1,6,1,49,8,1198,1,7,8,1,8
2018135AA0292,2,1,0,18,0,1,0,0,0,0,1,1,6,2,51,8,-1,-1,-1,2,1,2
2018135AA0617,1,8,0,5,0,0,0,0,0,0,4,1,1,1,33,6,1797,8,4,1,1,1
2018135AA0955,1,9,0,18,0,8,0,0,0,0,1,1,6,2,45,7,2967,2,4,9,3,9
2018135AA0955,2,9,0,18,0,8,0,0,0,0,3,1,6,1,70,10,1997,2,2,1,1,1
2018135AA1066,1,9,0,18,0,8,0,0,0,0,4,1,6,1,82,11,1364,2,10,1,1,1