Accident_Index,Vehicle_Reference,Vehicle_Type,Towing_and_Articulation,Vehicle_Manoeuvre,Vehicle_Location-Restricted_Lane,Junction_Location,Skidding_and_Overturning,Hit_Object_in_Carriageway,Vehicle_Leaving_Carriageway,Hit_Object_off_Carriageway,1st_Point_of_Impact,Was_Vehicle_Left_Hand_Drive?,Journey_Purpose_of_Driver,Sex_of_Driver,Age_of_Driver,Age_Band_of_Driver,Engine_Capacity_(CC),Propulsion_Code,Age_of_Vehicle,Driver_IMD_Decile,Driver_Home_Area_Type,Vehicle_IMD_Decile
2018135AA1066,2,9,0,9,0,4,0,0,0,0,1,1,6,1,47,8,1461,2,8,2,1,2
2018135AA1133,1,9,0,18,0,0,0,0,0,0,3,1,6,1,55,8,-1,-1,-1,-1,-1,-1
2018135AA1133,2,5,0,18,0,0,0,0,0,0,1,1,6,1,60,9,-1,-1,-1,3,1,3
2018135AA1193,1,9,0,5,0,4,0,0,0,0,4,1,2,2,48,8,1598,2,1,7,1,7
2018135AA1280,1,9,0,14,0,0,5,0,0,0,4,1,6,2,36,7,1339,1,10,1,1,1
2018135AA1280,2,9,0,2,0,0,0,0,0,0,3,1,6,3,-1,-1,1397,1,7,-1,-1,-1
2018135AA1326,1,9,0,5,0,0,0,0,0,0,1,1,6,2,-1,-1,-1,-1,-1,-1,-1,-1
2018135AA1326,2,1,0,5,0,0,0,0,0,0,2,1,4,1,14,3,-1,-1,-1,3,1,3
2018135AA1331,1,9,0,9,0,8,0,0,0,0,1,1,6,1,54,8,1200,1,1,4,1,4
2018135AA1331,2,1,0,18,0,8,0,0,0,0,4,1,6,1,56,9,-1,-1,-1,9,1,9
2018135AA1366,1,9,0,1,0,0,0,0,0,0,2,1,6,1,79,11,2179,2,5,-1,-1,-1
2018135AA1366,2,9,0,2,0,0,0,0,0,0,1,1,6,2,72,10,1560,2,7,-1,-1,-1
2018135AA1382,1,1,0,18,0,8,0,0,0,0,3,1,6,1,29,6,-1,-1,-1,1,1,1
2018135AA1382,2,9,0,18,0,8,0,0,0,0,4,1,6,1,-1,-1,1839,1,14,-1,-1,-1
2018135AA1682,1,9,0,18,0,0,5,0,0,0,4,1,6,2,19,4,1298,1,15,5,3,5
2018135AA1702,1,19,0,18,0,0,0,0,0,0,0,1,6,3,-1,-1,-1,-1,-1,-1,-1,-1
2018135AA1702,2,11,0,4,0,0,0,0,0,0,0,1,1,2,49,8,7300,2,13,6,3,6
2018135AA1775,1,9,0,4,0,0,0,0,0,0,2,1,6,1,38,7,1560,2,8,1,1,1
2018135AA1775,2,9,0,18,0,0,0,0,0,0,1,1,6,1,32,6,1896,2,9,1,1,1
2018135AB0265,1,9,0,18,0,0,0,0,0,0,2,1,6,3,-1,-1,-1,-1,-1,-1,-1,-1
2018135AB0265,2,9,0,18,0,0,0,0,0,0,2,1,1,2,28,6,1398,1,3,9,3,9
2018135AB0265,3,9,0,18,0,0,0,0,0,0,1,1,1,1,37,7,-1,-1,-1,4,1,4
2018135AB0274,1,9,0,18,0,8,0,0,0,0,3,1,6,1,21,5,1422,2,14,6,1,6
2018135AB0274,2,9,0,18,0,8,0,0,0,0,4,1,6,2,39,7,1896,2,14,1,1,1
2018135AB0317,1,21,1,5,0,1,0,0,0,0,1,1,1,1,40,7,12902,2,3,8,1,8
2018135AB0317,2,9,0,3,0,1,0,0,0,0,2,1,6,2,29,6,1242,1,6,7,1,7
2018135AB0390,1,9,0,9,0,8,0,0,0,0,3,1,2,2,43,7,1956,2,8,8,1,8
2018135AB0390,2,10,0,18,0,1,0,0,0,0,1,1,3,1,55,8,2999,2,7,-1,-1,-1
2018135AB0728,1,21,1,12,0,7,0,0,0,0,2,1,1,1,44,7,-1,-1,-1,-1,-1,-1
2018135AB0728,2,9,0,11,0,8,0,0,0,0,1,1,6,2,29,6,1968,2,4,5,1,5
2018135AB1120,1,2,0,16,0,6,1,10,7,1,1,1,2,1,17,4,124,1,-1,1,1,1
2018135AB1184,1,9,0,9,0,2,0,0,0,0,2,1,6,2,20,4,998,1,3,1,1,1
2018135AB1361,1,9,0,16,0,0,0,0,0,0,3,1,6,1,19,4,1586,1,7,-1,-1,-1
2018135AB1483,1,9,0,6,0,8,0,0,0,0,3,1,6,2,36,7,1399,1,10,2,1,2
2018135AB1483,2,21,0,18,0,8,0,0,0,0,1,1,1,1,53,8,12777,2,8,1,1,1
2018135AB1553,1,9,0,13,0,0,0,0,0,0,0,1,6,3,-1,-1,-1,-1,-1,-1,-1,-1
2018135AB1553,2,11,0,18,0,0,0,0,0,0,0,1,1,1,29,6,9360,2,9,5,1,5
2018135AB1640,1,9,0,2,0,0,0,0,0,0,3,1,6,3,-1,-1,2993,2,3,-1,-1,-1
2018135AB1640,2,1,0,18,0,0,5,0,0,0,1,1,6,1,61,9,-1,-1,-1,3,1,3
2018135AC0244,1,9,0,18,0,0,0,0,0,0,1,1,2,1,27,6,2495,2,25,2,2,2
2018135AC0244,2,22,0,18,0,0,0,0,0,0,4,1,6,1,84,11,-1,-1,-1,4,1,4
2018135AC0316,1,1,0,18,0,8,0,0,0,0,1,1,2,2,53,8,-1,-1,-1,10,1,10
2018135AC0522,1,9,0,4,0,8,0,0,0,0,2,1,6,1,29,6,1968,2,1,-1,-1,-1
2018135AC0522,2,9,0,18,0,8,0,0,0,0,1,1,6,2,36,7,1388,1,14,6,3,6
2018135AC0584,1,9,0,17,0,1,0,0,0,0,3,1,6,1,43,7,1598,1,14,1,1,1
2018135AC0740,1,9,0,18,0,1,0,0,3,1,1,1,6,3,-1,-1,1299,1,13,-1,-1,-1
2018135AC0740,2,9,0,18,0,1,0,0,0,0,2,1,6,1,60,9,1598,2,7,1,1,1
2018135AC0971,1,9,0,3,0,0,0,0,0,0,2,1,6,2,55,8,1242,1,9,5,1,5
2018135AC0971,2,19,0,18,0,0,0,0,0,0,1,1,1,1,29,6,1968,2,7,4,1,4
2018135AC0994,1,9,0,18,0,0,0,0,2,7,1,1,6,1,62,9,1749,1,17,1,1,1
2018135AC1324,1,11,0,18,2,2,0,0,0,0,1,1,1,2,45,7,-1,-1,-1,1,1,1
2018135AC1344,1,9,0,18,0,0,0,0,0,0,3,1,6,1,25,5,1197,1,4,8,1,8
2018135AC1344,2,9,0,9,0,0,0,0,0,0,1,1,6,1,20,4,1968,2,2,6,1,6
2018135AC1386,1,9,0,9,0,8,1,0,1,0,1,1,6,2,60,9,998,1,5,5,1,5
2018135AC1386,2,9,0,18,0,8,1,0,0,0,1,1,6,1,33,6,1599,1,12,9,2,9
2018135AC1518,1,9,0,13,0,0,5,0,0,0,1,1,6,1,24,5,1796,1,12,9,3,9
2018135AC1518,2,9,0,18,0,0,0,0,0,0,1,1,6,1,26,6,1968,2,5,2,1,2
2018135AC1518,3,20,0,18,0,0,0,0,0,0,2,1,6,3,-1,-1,-1,-1,-1,-1,-1,-1
2018135AC1551,1,9,0,9,0,1,0,0,0,0,1,1,6,1,26,6,1332,1,8,1,1,1
2018135AC1551,2,9,0,18,0,1,0,0,0,0,1,1,6,1,34,6,1995,2,6,1,1,1
2018135AC1941,1,9,0,18,0,1,0,0,0,0,1,1,6,1,25,5,2993,2,1,3,1,3
2018135AD0025,1,9,0,18,0,1,0,0,0,0,1,1,6,2,37,7,998,1,13,4,1,4
2018135AD0086,1,9,0,18,0,0,0,0,0,0,1,1,6,1,27,6,999,1,-1,8,1,8
2018135AD0142,1,9,0,18,0,0,0,0,0,0,1,1,6,1,24,5,1229,1,12,10,1,10
2018135AD0142,2,9,0,2,0,0,0,0,0,0,2,1,6,3,-1,-1,1560,2,2,-1,-1,-1
2018135AD0457,1,9,0,9,0,6,0,0,0,0,3,1,1,2,20,4,1242,1,8,9,1,9
2018135AD0457,2,3,0,18,0,8,0,0,0,0,1,1,1,1,43,7,124,1,4,1,1,1
2018135AD0671,1,9,0,4,0,0,0,0,0,0,2,1,6,2,28,6,2967,2,10,4,1,4
2018135AD0671,2,9,0,18,0,0,0,0,0,0,1,1,6,1,34,6,-1,-1,-1,7,1,7
2018135AD1426,1,9,0,3,0,1,0,0,0,0,3,1,6,2,19,4,998,1,11,3,1,3
2018135AD1426,2,9,0,17,0,1,0,0,0,0,1,1,6,1,30,6,2995,1,1,-1,-1,-1
2018135AD1527,1,19,0,18,0,0,0,0,0,0,0,1,6,1,35,6,1997,2,1,1,1,1
2018135AD2194,1,9,0,17,0,0,0,0,1,11,1,1,6,1,21,5,1390,1,4,1,3,1
2018135AE0112,1,9,0,7,0,8,0,0,1,11,1,1,6,3,-1,-1,1582,2,4,-1,-1,-1
2018135AE0112,2,9,0,18,0,8,0,0,1,11,1,1,1,1,47,8,1560,2,6,2,1,2
2018135AE0208,1,9,0,18,0,1,0,0,0,0,1,1,6,1,18,4,-1,-1,-1,6,2,6
2018135AE0208,2,9,0,18,0,1,0,0,0,0,0,1,1,1,37,7,2993,2,2,1,1,1
2018135AE0208,3,9,0,2,0,1,0,0,0,0,4,1,6,3,-1,-1,1229,1,12,-1,-1,-1
2018135AE0559,1,19,0,18,0,0,0,0,0,0,1,1,6,1,60,9,1870,2,13,8,1,8
2018135AE0559,2,9,0,18,0,0,0,0,0,0,1,1,6,1,54,8,2967,2,1,6,1,6
2018135AE0647,1,9,0,18,0,6,0,0,0,0,1,1,6,2,42,7,1591,1,2,9,1,9
2018135AE0647,2,19,0,18,0,6,0,0,0,0,2,1,6,1,58,9,1995,2,-1,8,1,8
2018135AE0647,3,9,0,18,0,6,0,0,0,0,0,1,6,3,-1,-1,-1,-1,-1,-1,-1,-1
2018135AE0706,1,3,0,18,0,0,0,0,0,0,3,1,6,1,19,4,123,1,1,5,3,5
2018135AE0706,2,9,0,18,0,0,0,0,0,0,4,1,6,1,37,7,1560,2,2,3,2,3
2018135AE0706,3,9,0,5,0,0,0,0,0,0,0,1,6,2,40,7,1197,1,2,4,1,4
2018135AE0908,1,9,0,18,0,1,0,0,0,0,2,1,1,1,34,6,1984,1,9,5,1,5
2018135AE0908,2,9,0,18,0,1,0,0,0,0,1,1,1,1,-1,-1,1229,1,8,-1,-1,-1
2018135AE0924,1,9,0,3,0,1,0,0,0,0,1,1,6,3,-1,-1,1598,1,12,-1,-1,-1
2018135AE0924,2,9,0,4,0,1,0,0,0,0,2,1,6,2,24,5,1200,1,4,7,1,7
2018135AE0941,1,9,0,17,0,1,0,0,3,11,1,1,6,1,37,7,1390,1,7,1,1,1
2018135AE1192,1,3,0,4,0,8,2,0,0,0,0,1,6,2,23,5,125,1,4,7,1,7
2018135AE1537,1,9,0,18,0,0,0,0,0,0,3,1,6,1,32,6,1975,1,15,-1,-1,-1
2018135AE1537,2,9,0,18,0,0,0,0,1,4,1,1,1,1,51,8,2993,2,1,-1,-1,-1
2018135AE1585,1,9,0,18,0,1,0,0,1,0,1,1,6,3,-1,-1,-1,-1,-1,-1,-1,-1
2018135AE1585,2,9,0,18,0,1,0,0,0,2,1,1,6,1,57,9,1997,2,14,4,1,4
2018135AF0150,1,9,0,18,0,1,0,0,0,0,1,1,6,1,33,6,1328,1,14,1,1,1
2018135AF0150,2,19,0,2,0,1,0,0,0,0,2,1,6,3,-1,-1,2151,2,17,-1,-1,-1
2018135AF0162,1,19,0,17,0,0,5,0,1,11,1,1,6,1,25,5,1796,7,12,5,1,5
2018135AF0225,1,19,0,18,0,0,0,0,0,0,1,1,1,1,30,6,2143,2,3,9,1,9
2018135AF0225,2,19,0,18,0,0,0,0,0,0,2,1,1,1,54,8,1598,2,2,9,1,9
2018135AF0277,1,9,0,18,0,0,0,0,0,0,1,1,2,2,26,6,999,1,-1,6,1,6
2018135AF0277,2,9,0,18,0,0,0,0,0,0,1,1,2,2,27,6,1586,1,-1,5,1,5
2018135AF0405,1,9,0,12,0,0,0,0,0,0,0,1,6,3,-1,-1,-1,-1,-1,-1,-1,-1
2018135AF0405,2,9,0,18,0,0,0,0,0,0,2,1,6,2,36,7,1398,1,4,7,1,7
2018135AF0405,3,9,0,18,0,0,0,0,0,0,1,1,6,1,30,6,1328,1,11,4,1,4
2018135AF0759,1,9,0,18,0,0,0,0,0,0,2,1,6,2,35,6,1753,2,11,2,1,2
2018135AF0759,2,9,0,18,0,0,0,0,0,0,1,1,6,1,47,8,1968,2,6,1,1,1
2018135AF0879,1,9,0,17,0,8,0,0,0,0,1,1,6,1,27,6,1598,1,8,1,1,1
2018135AF1145,1,9,0,9,0,0,0,0,0,0,2,1,6,1,69,10,1796,1,3,7,2,7
2018135AF1145,2,9,0,18,0,0,0,0,0,0,1,1,6,2,-1,-1,998,1,11,10,1,10
2018135AF1211,1,1,0,18,0,0,0,0,0,0,3,1,1,2,47,8,-1,-1,-1,7,1,7
2018135AF1211,2,9,0,18,0,0,0,0,0,0,4,1,6,3,-1,-1,-1,-1,-1,-1,-1,-1
2018135AF1232,1,9,0,18,0,1,0,0,0,0,3,1,6,1,38,7,1956,2,6,2,1,2
2018135AF1232,2,9,0,18,0,1,0,0,0,0,1,1,6,1,20,4,1198,1,9,9,1,9
2018135AF1337,1,9,0,18,0,0,1,0,1,4,1,1,6,1,18,4,1198,1,14,9,2,9
2018135AF1364,1,9,0,18,0,0,0,0,0,0,1,1,6,2,29,6,1461,2,8,5,1,5
2018135AF1376,1,9,0,18,0,0,0,0,0,0,1,1,6,1,28,6,1598,2,3,-1,-1,-1
2018135AF1406,1,9,0,18,0,1,0,0,0,0,4,1,6,1,-1,-1,-1,-1,-1,-1,-1,-1
2018135AG0255,1,19,0,18,0,0,0,0,0,0,1,1,6,1,26,6,1560,2,11,1,2,1
2018135AG0255,2,9,0,18,0,0,0,0,0,0,2,1,6,1,48,8,1995,2,2,6,1,6
2018135AG0255,3,9,0,18,0,0,0,0,0,0,2,1,6,2,43,7,1598,1,2,4,1,4
2018135AG0310,1,9,0,18,0,0,0,0,1,11,3,1,3,1,22,5,1995,2,11,1,1,1
2018135AG0578,1,9,0,7,0,3,0,0,0,0,4,1,6,2,21,5,1390,1,6,7,2,7
2018135AG0578,2,9,0,18,0,8,0,0,0,0,3,1,6,1,22,5,998,1,13,1,1,1
2018135AG0765,1,9,0,18,0,0,0,0,0,0,4,1,6,1,-1,-1,1596,1,14,5,1,5
2018135AG0765,2,19,0,2,0,0,0,0,0,0,0,1,1,1,70,10,2198,2,2,-1,-1,-1
2018135AG0888,1,9,0,13,0,0,0,0,0,0,1,1,6,1,-1,-1,-1,-1,-1,-1,-1,-1
2018135AG0888,2,9,0,18,0,0,0,0,0,0,1,1,6,2,29,6,1398,2,14,2,1,2
2018135AG0935,1,9,0,3,0,0,0,0,0,0,2,1,6,2,27,6,1398,1,4,2,1,2
2018135AG0935,2,9,0,3,0,0,0,0,0,0,2,1,6,1,57,9,1364,1,12,1,1,1
2018135AG0935,3,9,0,3,0,0,0,0,0,0,2,1,2,1,33,6,1398,1,7,1,1,1
2018135AG0935,4,9,0,18,0,0,0,0,0,0,1,1,3,2,26,6,998,1,10,1,1,1
2018135AG1208,1,9,0,7,0,1,1,0,0,0,1,1,6,3,-1,-1,-1,-1,-1,-1,-1,-1
2018135AG1208,2,9,0,10,0,2,0,0,0,0,3,1,1,1,30,6,1753,2,14,1,1,1
2018135AG1238,1,9,0,18,0,0,0,0,0,0,1,1,6,2,50,8,1560,2,9,4,1,4
2018135AG1238,2,21,4,18,0,0,0,0,0,0,2,1,1,1,58,9,10837,2,2,3,1,3
2018135AG1352,1,9,0,9,0,6,0,0,0,0,3,1,2,2,48,8,1560,2,10,1,1,1
2018135AG1352,2,1,0,18,0,8,0,0,0,0,1,1,6,1,22,5,-1,-1,-1,1,1,1
2018135AH0293,1,9,0,9,0,2,0,0,0,0,3,1,6,1,58,9,-1,-1,-1,4,1,4
2018135AH0293,2,5,0,13,0,1,0,0,0,0,1,1,6,1,28,6,487,1,13,8,3,8
2018135AH0421,1,11,0,18,0,0,0,0,0,0,0,1,1,1,33,6,9360,2,9,3,1,3
2018135AH0438,1,9,0,14,0,1,0,0,0,0,1,1,6,2,62,9,1197,1,5,10,1,10
2018135AH0438,2,1,0,18,0,1,5,0,0,0,3,1,6,2,18,4,-1,-1,-1,-1,-1,-1
2018135AH0906,1,11,0,18,0,0,0,0,0,0,0,1,1,1,65,9,6692,2,6,8,1,8
2018135AH0978,1,1,0,18,0,1,0,0,0,0,3,1,6,1,40,7,-1,-1,-1,1,1,1
2018135AH0978,2,9,0,7,0,1,0,0,0,0,1,1,6,2,37,7,1968,2,2,1,1,1
2018135AH1302,1,9,0,9,0,8,0,0,0,0,4,1,6,3,-1,-1,-1,-1,-1,-1,-1,-1
2018135AH1382,1,9,0,18,0,0,0,0,0,0,1,1,6,3,-1,-1,-1,-1,-1,-1,-1,-1
2018135AH1382,2,9,0,18,0,0,0,0,0,0,2,1,6,2,38,7,1794,1,10,1,1,1
2018135AH1424,1,9,0,18,0,2,0,0,0,0,1,1,6,2,40,7,1968,2,3,2,1,2
2018135AH1444,1,9,0,9,0,6,0,0,0,0,1,1,6,2,30,6,1398,1,3,5,1,5
2018135AH1444,2,5,0,18,0,8,2,0,0,0,1,1,2,1,33,6,599,1,12,7,1,7
2018135AH1511,1,9,0,18,0,0,0,0,0,0,1,1,6,1,21,5,1984,1,9,5,1,5
2018135AH1511,2,9,0,18,8,0,0,0,0,0,2,1,6,1,43,7,1248,2,10,7,1,7
2018135AH1637,1,9,0,18,0,0,0,0,0,0,3,1,6,1,69,10,-1,-1,-1,6,1,6
2018135AH2231,1,19,0,4,0,0,0,0,0,0,1,1,6,1,-1,-1,1968,2,2,-1,-1,-1
2018135AH2231,2,9,0,3,0,0,0,0,0,0,2,1,6,2,50,8,1390,1,11,1,1,1
2018135AI0028,1,9,0,18,0,0,0,0,0,0,1,1,6,3,-1,-1,-1,-1,-1,-1,-1,-1
2018135AI0401,1,8,0,18,0,0,0,0,0,0,3,1,1,1,41,7,1796,1,4,1,1,1
2018135AI0437,1,9,0,9,0,1,0,0,0,0,1,1,6,2,59,9,1198,1,6,-1,-1,-1
2018135AI0437,2,19,0,18,0,8,0,0,0,0,4,1,1,1,45,7,2198,2,8,8,2,8
2018135AI0459,1,5,0,18,0,8,1,4,0,0,1,1,2,1,46,8,599,1,5,2,1,2
2018135AI0459,2,9,0,9,0,8,0,0,0,0,2,1,6,2,54,8,1240,1,15,1,1,1
2018135AI0459,3,9,0,2,0,2,0,0,0,0,2,1,6,3,-1,-1,1968,2,5,-1,-1,-1
2018135AI0548,1,9,0,18,0,8,0,0,0,0,1,1,6,2,20,4,1240,1,10,3,1,3
2018135AI0548,2,9,0,18,0,4,0,0,0,0,4,1,6,1,23,5,1248,2,11,6,1,6
2018135AI0580,1,9,0,18,0,8,0,0,0,0,1,1,1,2,59,9,-1,-1,-1,2,1,2
2018135AI0580,2,9,0,9,0,8,5,0,0,0,3,1,6,2,25,5,1968,2,9,5,1,5
2018135AI0806,1,4,0,3,0,1,0,0,0,0,2,1,6,1,60,9,278,1,-1,7,1,7
2018135AI0806,2,9,0,18,0,1,0,0,0,0,1,1,6,1,40,7,1998,1,3,2,1,2
2018135AI0822,1,9,0,18,0,1,0,0,0,0,1,1,6,1,55,8,1360,1,8,1,1,1
2018135AI0822,2,9,0,18,0,1,5,0,0,0,1,1,6,1,30,6,1598,1,6,-1,-1,-1
2018135AI0822,3,9,0,18,0,1,0,0,0,0,2,1,6,1,79,11,1591,1,1,2,1,2
2018135AI0980,1,9,0,18,0,1,0,0,0,0,1,1,6,1,-1,-1,-1,-1,-1,-1,-1,-1
2018135AI0980,2,9,0,3,0,1,0,0,0,0,2,1,6,1,45,7,1395,1,-1,3,1,3
2018135AI1118,1,19,0,18,0,1,0,0,1,11,4,1,2,1,54,8,1910,2,13,7,2,7
2018135AI1224,1,9,0,18,0,0,0,0,0,0,1,1,6,2,30,6,-1,-1,-1,-1,-1,-1
2018135AI1224,2,9,0,18,0,0,0,0,0,0,2,1,6,1,28,6,1149,1,5,4,1,4
2018135AI1269,1,9,0,18,0,8,0,0,0,0,4,1,6,3,-1,-1,-1,-1,-1,-1,-1,-1
2018135AI1374,1,9,0,4,0,1,0,0,0,0,3,1,1,2,50,8,1461,2,2,1,1,1
2018135AI1448,1,9,0,9,0,8,0,0,0,0,3,1,2,1,53,8,1968,2,1,3,1,3
2018135AI1448,2,1,0,18,0,8,2,0,0,0,1,1,2,1,57,9,-1,-1,-1,8,1,8
2018135AI1533,1,90,5,18,0,1,0,0,0,0,0,1,1,1,28,6,-1,-1,-1,1,1,1
2018135AI1533,2,9,5,18,0,1,4,4,0,0,1,1,6,2,21,5,1968,2,4,7,1,7
2018135AI1533,3,9,0,2,0,8,0,0,0,0,3,1,6,2,-1,-1,1600,2,7,8,1,8
2018135AJ0263,1,9,0,9,0,8,0,0,0,0,4,1,6,1,72,10,1124,1,16,3,1,3
2018135AJ0263,2,1,0,18,0,8,0,0,0,0,1,1,2,1,37,7,-1,-1,-1,9,1,9
2018135AJ0311,1,9,0,18,0,1,0,0,0,0,1,1,6,2,61,9,1388,1,6,-1,-1,-1
2018135AJ0311,2,9,0,18,0,1,0,0,0,0,1,1,6,2,61,9,1388,1,6,-1,-1,-1
2018135AJ0462,1,11,0,18,0,0,0,0,0,0,0,1,6,1,60,9,9360,2,9,3,1,3
2018135AJ0503,1,19,0,4,0,1,0,0,0,0,1,1,1,1,46,8,2461,2,9,4,1,4
2018135AJ0503,2,9,0,3,0,8,0,0,0,0,2,1,6,1,52,8,998,1,15,1,1,1
2018135AJ0503,3,9,0,3,0,8,0,0,0,0,2,1,2,2,38,7,1598,1,7,4,1,4
2018135AJ0587,1,3,0,18,0,0,0,4,0,0,1,1,6,1,32,6,124,1,13,3,1,3
2018135AJ0587,2,20,0,2,0,0,0,0,0,0,2,1,1,1,43,7,10518,2,6,4,2,4
2018135AJ0695,1,9,0,7,0,2,0,0,0,0,4,1,6,1,46,8,1198,1,12,1,1,1
2018135AJ0695,2,1,0,18,0,2,0,0,0,0,1,1,6,1,36,7,-1,-1,-1,1,1,1
2018135AJ0953,1,19,0,18,0,0,0,0,0,0,1,1,6,1,40,7,1995,2,-1,9,2,9
2018135AJ0953,2,9,0,18,0,0,0,0,0,0,1,1,6,1,60,9,1248,2,5,5,1,5
2018135AJ1098,1,9,0,18,0,8,0,0,0,0,1,1,6,1,42,7,1896,2,10,1,1,1
2018135AJ1161,1,9,0,18,0,0,0,0,0,0,1,1,6,2,43,7,1968,2,7,3,1,3
2018135AJ1161,2,9,0,18,0,0,0,0,0,0,2,1,6,2,29,6,999,1,5,10,1,10
2018135AJ1301,1,9,0,18,0,0,0,0,0,0,1,1,6,2,47,8,1461,2,2,3,1,3
2018135AJ1301,2,9,0,18,0,0,0,0,0,0,1,1,6,1,48,8,1968,2,11,-1,-1,-1
2018135AJ1436,1,9,0,18,0,8,0,0,0,0,1,1,6,1,23,5,1598,1,5,5,1,5
2018135AJ1455,1,9,0,18,0,0,0,0,0,0,1,1,6,1,48,8,-1,-1,-1,6,3,6
2018135AJ1455,2,9,0,18,0,0,0,0,0,0,2,1,6,1,31,6,2143,2,1,4,1,4
2018135AJ1884,1,9,0,14,0,0,0,0,0,0,3,1,6,2,37,7,1248,2,4,3,1,3
2018135AJ2081,1,9,0,18,0,0,0,0,0,0,4,1,6,2,68,10,1242,1,6,5,1,5
2018135AK0639,1,9,0,18,0,4,0,0,0,0,1,1,6,1,74,10,1339,1,8,10,1,10
2018135AK0639,2,1,0,18,0,4,0,0,0,0,1,1,6,1,52,8,-1,-1,-1,-1,-1,-1
2018135AK0773,1,9,0,9,0,8,0,0,0,0,4,1,6,1,21,5,2521,1,8,-1,-1,-1
2018135AK0773,2,8,0,18,0,8,0,0,0,0,1,1,1,1,37,7,1598,2,-1,2,1,2
2018135AK0778,1,8,0,5,0,6,0,0,0,0,3,1,6,1,45,7,1686,2,9,4,1,4
2018135AK0778,2,9,0,18,0,8,0,0,0,0,4,1,6,1,47,8,1461,2,3,2,2,2
2018135AK0808,1,9,0,9,0,6,0,0,0,0,3,1,6,2,62,9,1798,8,-1,2,2,2
2018135AK0926,1,9,0,18,0,0,0,0,0,0,1,1,6,1,34,6,1598,2,3,2,1,2
2018135AK0926,2,9,0,3,0,0,0,0,0,0,2,1,6,2,36,7,1198,1,8,6,1,6
2018135AK0926,3,9,0,3,0,0,0,0,0,0,2,1,6,1,55,8,2143,2,1,10,1,10
2018135AK1029,1,9,0,18,0,8,0,0,0,0,1,1,6,1,45,7,1896,2,14,1,1,1
2018135AK1029,2,9,0,9,0,8,0,0,0,0,1,1,6,2,24,5,1995,2,1,5,1,5
2018135AK1122,1,9,0,18,0,8,0,0,2,11,1,1,6,2,25,5,999,1,4,5,1,5
2018135AK1122,2,9,0,18,0,8,0,10,7,11,4,1,6,2,25,5,1388,1,9,1,1,1
2018135AK1289,1,9,0,9,0,5,0,0,0,0,1,1,6,1,29,6,1796,1,18,-1,-1,-1
2018135AK1289,2,9,0,18,0,8,0,0,0,0,1,1,6,2,38,7,1560,2,3,10,1,10
2018135AK1323,1,9,0,7,0,6,0,0,0,0,2,1,6,1,-1,-1,-1,-1,-1,-1,-1,-1
2018135AK1341,1,9,0,18,0,4,0,0,0,0,1,1,6,2,35,6,2993,2,3,1,1,1
2018135AK1341,2,4,0,18,0,8,5,0,0,0,4,1,6,1,61,9,847,1,2,4,1,4
2018135AK1374,1,19,0,18,0,0,0,0,0,0,1,1,1,1,52,8,2500,2,10,3,1,3
2018135AK1374,2,9,0,3,0,0,0,0,0,0,2,1,6,2,51,8,1598,1,2,8,2,8
2018135AK1536,1,9,0,6,0,0,0,0,0,0,3,1,6,2,43,7,1388,1,12,2,1,2
2018135AK1536,2,2,0,18,0,0,0,0,0,0,1,1,6,1,16,4,49,1,6,5,1,5
2018135AK1731,1,8,0,9,0,6,0,0,0,0,3,1,6,1,32,6,1968,2,7,1,1,1
2018135AK1810,1,9,0,18,0,1,0,0,0,0,1,1,6,1,38,7,2231,2,11,1,1,1
2018135AK1838,1,1,0,18,0,5,0,0,0,0,3,1,6,1,15,3,-1,-1,-1,1,1,1
2018135AK1838,2,9,0,18,0,8,0,0,0,0,1,1,6,1,78,11,1499,2,2,1,1,1
2018135AK1854,1,9,0,18,0,5,0,0,0,0,3,1,6,3,-1,-1,-1,-1,-1,-1,-1,-1
2018135AK1952,1,9,0,16,0,0,5,0,7,11,1,1,6,1,41,7,1998,1,13,4,1,4
2018135AK2252,1,9,0,18,0,0,0,0,0,0,1,1,6,2,45,7,1248,2,10,1,1,1
2018135AK2252,2,9,0,2,0,0,0,0,0,0,2,1,6,3,-1,-1,1399,2,8,1,1,1
2018135AL0231,1,9,0,18,0,0,0,0,8,7,1,1,6,2,17,4,1242,1,5,1,1,1
2018135AL0394,1,9,0,18,0,0,5,0,0,0,1,1,6,2,26,6,1390,1,8,-1,-1,-1
2018135AL0394,2,9,0,2,0,0,0,0,0,0,2,1,6,3,-1,-1,1461,2,6,-1,-1,-1
2018135AL0834,1,90,0,18,9,8,0,0,0,0,1,1,6,3,-1,-1,-1,-1,-1,-1,-1,-1
2018135AL0834,2,1,0,18,9,8,0,0,0,0,1,1,6,1,46,8,-1,-1,-1,8,1,8
2018135AL1018,1,9,0,9,0,5,0,0,0,0,4,1,6,2,50,8,1200,1,3,8,1,8
2018135AL1018,2,1,0,18,0,8,0,0,0,0,3,1,6,1,59,9,-1,-1,-1,2,1,2
2018135AL1210,1,9,0,9,0,8,0,0,0,0,1,1,6,1,36,7,2401,2,15,1,1,1
2018135AL1210,2,4,0,18,0,1,0,0,0,0,1,1,2,1,22,5,471,1,2,3,1,3
2018135AL1306,1,9,0,4,2,0,0,0,0,0,2,1,1,1,47,8,1598,2,6,1,1,1
2018135AL1306,2,1,0,18,4,0,0,0,0,0,1,1,1,1,33,6,-1,-1,-1,8,1,8
2018135AL1485,1,9,0,4,0,0,0,0,0,0,2,1,6,2,53,8,1995,2,-1,6,1,6
2018135AL1485,2,9,0,4,0,0,0,0,0,0,2,1,6,1,74,10,1198,1,3,2,1,2
2018135AL1485,3,9,0,18,0,0,0,0,0,0,1,1,6,1,25,5,1560,2,3,6,2,6
2018135AL1615,1,9,0,6,0,0,0,0,0,0,1,1,6,2,66,10,1596,1,7,2,1,2
2018135AL1615,2,3,0,18,0,0,0,0,0,0,3,1,6,1,22,5,124,1,10,2,1,2
2018135AL1749,1,9,0,18,0,8,0,0,0,0,1,1,6,1,-1,-1,1364,2,9,-1,-1,-1
2018135AL1749,2,9,0,18,0,8,0,0,0,0,1,1,6,1,65,9,2597,1,14,1,1,1
2018135AL1876,1,9,0,18,9,0,0,0,0,0,3,1,6,3,-1,-1,-1,-1,-1,-1,-1,-1
2018135AM0271,1,19,4,18,0,8,0,0,0,0,1,1,1,1,43,7,1995,2,1,-1,-1,-1