Accident_Index,Vehicle_Reference,Vehicle_Type,Towing_and_Articulation,Vehicle_Manoeuvre,Vehicle_Location-Restricted_Lane,Junction_Location,Skidding_and_Overturning,Hit_Object_in_Carriageway,Vehicle_Leaving_Carriageway,Hit_Object_off_Carriageway,1st_Point_of_Impact,Was_Vehicle_Left_Hand_Drive?,Journey_Purpose_of_Driver,Sex_of_Driver,Age_of_Driver,Age_Band_of_Driver,Engine_Capacity_(CC),Propulsion_Code,Age_of_Vehicle,Driver_IMD_Decile,Driver_Home_Area_Type,Vehicle_IMD_Decile
2018135AM0293,1,2,0,9,0,8,5,0,0,0,3,1,6,2,16,4,49,1,7,5,1,5
2018135AM0293,2,9,0,18,0,8,0,0,0,0,1,1,6,1,25,5,998,1,5,3,1,3
2018135AM0314,1,9,0,18,0,8,0,7,0,0,1,1,6,2,21,5,1461,2,5,8,3,8
2018135AM0319,1,9,0,7,0,8,0,0,0,0,4,1,6,3,-1,-1,-1,-1,-1,-1,-1,-1
2018135AM0319,2,1,0,9,0,8,5,0,0,0,3,1,6,2,27,6,-1,-1,-1,7,1,7
2018135AM0343,1,9,0,9,0,6,0,0,0,0,4,1,6,2,51,8,1299,1,16,4,1,4
2018135AM0343,2,1,0,9,0,6,5,0,0,0,3,1,6,1,74,10,-1,-1,-1,4,1,4
2018135AM0344,1,9,0,18,0,0,0,0,0,0,1,1,1,2,42,7,998,1,7,4,1,4
2018135AM0344,2,9,0,2,0,0,0,0,0,0,2,1,1,2,59,9,999,1,3,2,1,2
2018135AM0412,1,21,1,18,0,0,0,0,0,0,0,1,1,1,29,6,12902,2,1,2,1,2
2018135AM0412,2,21,1,18,0,0,0,0,0,0,2,1,1,1,60,9,10837,2,2,-1,-1,-1
2018135AM0412,3,21,1,18,0,0,3,0,0,0,2,1,1,1,48,8,12740,2,5,4,1,4
2018135AM0412,4,21,1,18,0,0,0,0,0,0,2,1,1,1,52,8,-1,-1,-1,4,1,4
2018135AM0412,5,21,0,18,0,0,0,0,0,0,1,1,1,1,39,7,8970,2,16,7,3,7
2018135AM0474,1,9,0,18,0,0,0,0,0,0,1,1,6,1,33,6,1560,2,-1,2,1,2
2018135AM0474,2,19,0,2,0,0,0,0,0,0,2,1,1,1,49,8,1995,2,5,-1,-1,-1
2018135AM0659,1,11,0,9,0,1,0,0,0,0,1,1,1,1,51,8,5900,2,13,1,1,1
2018135AM0659,2,8,0,18,0,8,0,0,3,10,4,1,1,1,31,6,1598,2,5,2,1,2
2018135AM0734,1,9,0,4,0,0,0,0,0,0,2,1,6,2,36,7,1598,1,9,9,1,9
2018135AM0734,2,19,0,4,0,0,0,0,0,0,2,1,1,1,50,8,1997,2,-1,1,1,1
2018135AM0865,1,9,0,18,0,0,0,0,0,0,2,1,6,2,45,7,998,1,12,10,3,10
2018135AM0865,2,9,0,18,0,0,0,0,0,0,1,1,6,1,57,9,-1,-1,-1,9,1,9
2018135AM0865,3,9,0,18,0,0,0,0,0,0,1,1,6,2,55,8,1796,1,11,10,1,10
2018135AM0970,1,9,0,18,0,0,0,0,0,0,1,1,6,3,-1,-1,1390,1,6,-1,-1,-1
2018135AM0970,2,9,0,4,0,0,0,0,0,0,2,1,6,1,23,5,2143,2,3,3,1,3
2018135AM0975,1,9,0,9,0,8,0,0,0,0,1,1,6,1,21,5,1598,2,-1,1,1,1
2018135AM0975,2,9,0,7,0,8,0,0,0,0,1,1,6,2,46,8,1896,2,13,1,1,1
2018135AM1056,1,9,0,7,0,1,0,0,0,0,1,1,6,1,-1,-1,1560,2,13,-1,-1,-1
2018135AM1056,2,9,0,9,0,1,0,0,0,0,1,1,6,2,40,7,2000,2,14,1,1,1
2018135AM1129,1,9,0,9,0,8,0,0,0,0,1,1,6,1,89,11,2179,2,10,2,1,2
2018135AM1129,2,1,0,18,0,8,0,0,0,0,3,1,6,2,55,8,-1,-1,-1,7,2,7
2018135AM1182,1,9,0,18,0,0,0,0,1,11,1,1,6,2,60,9,2148,2,13,2,1,2
2018135AM1312,1,9,0,5,0,1,0,0,0,0,1,1,6,1,38,7,1798,1,-1,1,1,1
2018135AM1312,2,9,0,5,0,1,0,0,0,0,2,1,6,2,51,8,998,1,12,3,1,3
2018135AM1636,1,9,0,18,0,0,0,0,0,0,3,1,6,2,48,8,999,1,-1,7,1,7
2018135AM1636,2,19,0,13,0,0,0,0,0,0,1,1,6,1,28,6,2143,2,-1,2,1,2
2018135AM1636,3,1,0,18,0,0,5,0,1,9,1,1,6,1,15,3,-1,-1,-1,2,1,2
2018135AM1636,4,1,0,18,0,0,5,0,0,0,1,1,6,1,15,3,-1,-1,-1,1,1,1
2018135AM1636,5,1,0,18,0,0,5,0,0,0,1,1,6,1,14,3,-1,-1,-1,1,1,1
2018135AM1899,1,9,0,9,0,6,0,0,3,3,3,1,6,1,63,9,1598,1,4,2,1,2
2018135AM1899,2,9,0,18,0,8,0,0,0,0,1,1,6,1,22,5,1598,2,4,3,1,3
2018135AM1950,1,9,0,16,0,0,1,0,7,4,2,1,6,1,29,6,1999,1,11,9,1,9
2018135AN0290,1,9,0,10,0,8,0,0,0,0,3,1,2,1,22,5,1586,1,5,5,1,5
2018135AN0290,2,1,0,18,0,8,0,0,0,0,4,1,6,1,50,8,-1,-1,-1,7,1,7
2018135AN0290,3,9,0,10,0,8,0,0,0,0,0,1,6,3,-1,-1,-1,-1,-1,-1,-1,-1
2018135AN0439,1,9,0,18,0,8,0,0,0,0,1,1,6,1,37,7,1086,1,12,1,1,1
2018135AN0439,2,19,0,18,0,8,0,0,0,0,3,1,1,1,56,9,1598,2,3,2,1,2
2018135AN0856,1,9,0,1,0,0,0,0,0,0,4,1,6,2,34,6,1956,2,6,4,2,4
2018135AN0856,2,9,0,18,0,0,0,0,0,0,1,1,6,2,48,8,1395,1,1,4,2,4
2018135AN0877,1,9,0,18,0,6,0,0,0,0,1,1,6,1,-1,-1,1896,2,15,1,1,1
2018135AN0877,2,9,0,18,0,6,0,0,0,0,2,1,6,2,26,6,-1,-1,-1,8,3,8
2018135AN1393,1,8,0,9,0,5,0,0,0,0,1,1,1,1,50,8,2199,2,9,3,1,3
2018135AN1393,2,1,0,18,0,8,0,0,0,0,1,1,6,1,54,8,-1,-1,-1,6,3,6
2018135AN1445,1,8,0,5,0,1,0,0,0,0,1,1,1,1,35,6,1598,2,6,-1,-1,-1
2018135AN1445,2,1,0,18,0,1,0,0,0,0,0,1,6,1,17,4,-1,-1,-1,6,1,6
2018135AN1623,1,3,0,18,0,0,2,0,0,0,4,1,6,1,16,4,49,1,6,4,1,4
2018135AN1698,1,9,0,9,0,0,0,0,0,0,1,1,6,2,25,5,1499,2,2,8,1,8
2018135AN1698,2,4,0,18,0,0,0,0,0,0,4,1,6,1,19,4,124,1,5,8,1,8
2018135AN2038,1,19,0,18,0,4,0,0,7,1,1,1,6,1,32,6,2143,2,1,-1,-1,-1
2018135AN2038,2,9,0,18,0,4,0,0,0,0,3,1,1,1,47,8,2993,2,-1,6,1,6
2018135AO0252,1,9,0,18,0,0,0,0,0,0,1,1,2,1,23,5,1560,2,7,5,1,5
2018135AO0330,1,9,0,1,0,0,0,0,0,0,2,1,6,1,36,7,1798,8,-1,2,1,2
2018135AO0335,1,9,0,9,0,5,0,0,0,0,3,1,2,1,-1,-1,2993,2,5,7,1,7
2018135AO0335,2,1,0,18,4,8,0,0,0,0,1,1,6,1,46,8,-1,-1,-1,10,1,10
2018135AO0770,1,9,0,11,0,0,0,0,0,0,4,1,6,2,35,6,999,1,3,3,1,3
2018135AO0770,2,1,0,18,0,0,0,0,0,0,3,1,6,1,42,7,-1,-1,-1,10,1,10
2018135AO1120,1,9,0,18,0,8,0,0,0,0,1,1,6,2,32,6,1461,2,2,1,1,1
2018135AO1120,2,9,0,18,0,8,0,0,0,0,2,1,6,1,32,6,1986,2,13,8,1,8
2018135AO1575,1,9,0,18,0,0,0,0,0,0,1,1,6,3,-1,-1,-1,-1,-1,-1,-1,-1
2018135AO1575,2,1,0,18,0,0,0,0,0,0,1,1,6,1,8,2,-1,-1,-1,2,1,2
2018135AO1597,1,9,0,4,0,4,0,0,0,0,3,1,6,1,59,9,2993,2,8,-1,-1,-1
2018135AO1597,2,9,0,4,0,4,0,0,0,0,4,1,6,1,50,8,1496,2,-1,-1,-1,-1
2018135AO1747,1,9,0,9,0,6,0,0,0,0,3,1,1,1,70,10,-1,-1,-1,2,1,2
2018135AO1747,2,3,0,18,0,1,0,0,0,0,1,1,6,1,26,6,113,1,2,8,1,8
2018135AP0528,1,9,0,9,0,5,0,0,0,0,4,1,6,1,42,7,1598,1,11,9,1,9
2018135AP0528,2,1,0,18,0,8,0,0,0,0,1,1,6,2,59,9,-1,-1,-1,8,1,8
2018135AP0528,3,1,0,18,0,8,0,0,0,0,0,1,6,2,44,7,-1,-1,-1,8,1,8
2018135AP0618,1,11,0,9,0,8,0,0,0,0,0,1,1,1,54,8,4500,2,9,1,1,1
2018135AP0840,1,9,0,18,0,0,0,0,0,0,1,1,6,2,77,11,1248,1,9,10,1,10
2018135AP0840,2,19,0,2,0,0,0,0,0,0,2,1,6,1,-1,-1,1995,2,8,3,1,3
2018135AP0905,1,9,0,18,0,1,0,0,0,0,4,1,6,1,-1,-1,2204,2,9,10,2,10
2018135AP0905,2,1,0,18,0,1,0,0,0,0,0,1,6,1,38,7,-1,-1,-1,8,1,8
2018135AP0979,1,9,0,18,0,1,0,0,0,0,2,1,6,2,31,6,1995,2,8,3,1,3
2018135AP0979,2,9,0,18,0,1,0,0,0,0,1,1,6,2,52,8,1499,1,-1,1,1,1
2018135AP0984,1,9,0,18,0,0,0,0,0,0,1,1,6,2,84,11,1328,1,14,9,1,9
2018135AP0984,2,9,0,2,0,0,0,0,0,0,1,1,6,2,-1,-1,1968,2,4,-1,-1,-1
2018135AP0984,3,9,0,2,0,0,0,0,0,0,2,1,6,1,-1,-1,1398,1,-1,-1,-1,-1
2018135AP1062,1,19,0,4,0,0,0,0,0,0,1,1,6,1,41,7,2300,2,14,8,1,8
2018135AP1062,2,9,0,4,0,0,0,0,0,0,2,1,6,2,25,5,1781,1,13,5,1,5
2018135AP1257,1,9,0,18,0,7,0,0,0,0,1,1,6,1,19,4,-1,-1,-1,10,1,10
2018135AP1257,2,9,0,4,0,7,0,0,0,0,2,1,6,2,60,9,2231,2,11,6,3,6
2018135AP1257,3,9,0,4,0,8,0,0,0,0,2,1,6,1,61,9,1396,1,9,-1,-1,-1
2018135AP1257,4,9,0,4,0,8,0,0,0,0,2,1,6,2,55,8,1950,2,-1,6,1,6
2018135AP1318,1,5,0,18,0,0,0,0,0,0,1,1,6,1,27,6,498,1,15,1,1,1
2018135AP1318,2,19,0,2,0,0,0,0,0,0,1,1,2,1,37,7,2198,2,3,1,1,1
2018135AP1457,1,1,0,15,0,0,0,0,0,0,0,1,6,1,23,5,-1,-1,-1,1,1,1
2018135AP1463,1,9,0,18,0,0,0,0,0,0,2,1,6,1,47,8,1086,1,13,5,1,5
2018135AP1463,2,9,0,18,0,0,0,0,0,0,1,1,6,1,24,5,1598,2,6,5,1,5
2018135AP1509,1,9,0,1,0,0,0,0,0,0,2,1,6,1,49,8,1997,2,1,10,2,10
2018135AP1509,2,9,0,1,0,0,0,0,0,0,2,1,6,1,52,8,1997,8,2,4,1,4
2018135AP1509,3,9,0,1,0,0,0,0,0,0,1,1,6,2,76,11,998,1,-1,9,2,9
2018135AP1509,4,9,0,1,0,0,0,0,0,0,1,1,6,1,27,6,1388,1,16,1,1,1
2018135AP1550,1,9,0,18,0,0,0,0,0,0,1,1,6,2,21,5,1296,1,11,2,1,2
2018135AQ0243,1,19,0,12,0,0,0,0,0,0,1,1,1,1,32,6,2143,2,2,3,1,3
2018135AQ0243,2,21,1,18,0,0,0,0,0,0,2,1,1,1,45,7,-1,-1,-1,1,1,1
2018135AQ0290,1,9,0,17,0,8,0,0,1,5,4,1,2,2,22,5,998,1,10,4,1,4
2018135AQ0376,1,9,0,18,0,4,0,0,1,4,3,1,6,2,23,5,999,1,6,8,-1,8
2018135AQ0376,2,9,0,11,0,3,0,10,0,0,4,1,6,2,22,5,1598,1,10,8,2,8
2018135AQ0397,1,9,0,18,0,5,0,0,0,0,1,1,6,2,82,11,1296,1,10,7,1,7
2018135AQ0437,1,9,0,1,0,0,0,0,0,0,2,1,6,1,31,6,1242,1,6,2,1,2
2018135AQ0478,1,9,0,18,0,1,0,0,0,0,1,1,6,2,34,6,1796,1,14,1,1,1
2018135AQ0478,2,9,0,7,0,6,0,0,0,0,3,1,6,2,34,6,1560,2,-1,4,1,4
2018135AQ0513,1,9,0,18,0,1,0,0,0,0,4,1,6,1,73,10,1753,2,11,7,1,7
2018135AQ0760,1,3,0,14,0,1,0,0,0,0,1,1,6,1,19,4,124,1,7,-1,-1,-1
2018135AQ0760,2,9,0,9,0,6,0,0,0,0,3,1,6,2,30,6,1596,1,10,-1,-1,-1
2018135AQ0790,1,9,0,18,0,1,0,0,0,0,1,1,6,1,-1,-1,-1,-1,-1,3,1,3
2018135AQ0933,1,21,0,16,0,0,0,0,0,0,0,1,1,1,45,7,12419,2,5,4,1,4
2018135AQ0933,2,5,0,16,0,0,1,10,7,0,3,1,6,1,53,8,1198,1,2,7,1,7
2018135AQ1014,1,9,0,18,0,0,0,0,0,0,1,1,6,1,17,4,1560,2,4,1,1,1
2018135AQ1014,2,9,0,18,0,0,0,0,0,0,2,1,1,1,48,8,-1,-1,-1,1,1,1
2018135AQ1014,3,9,0,12,0,0,0,0,0,0,3,1,1,1,36,7,2993,2,-1,1,1,1
2018135AQ1045,1,9,0,8,0,1,0,0,0,0,3,1,6,2,56,9,2231,2,12,8,1,8
2018135AQ1045,2,1,0,17,0,1,0,0,0,0,1,1,6,1,43,7,-1,-1,-1,10,1,10
2018135AQ1119,1,9,0,18,0,0,0,0,0,0,2,1,6,1,74,10,1595,1,17,-1,-1,-1
2018135AQ1119,2,9,0,18,0,0,0,0,0,0,1,1,6,2,26,6,2143,2,6,4,1,4
2018135AQ1204,1,9,0,18,0,0,0,0,0,0,1,1,6,2,44,7,1582,2,3,6,1,6
2018135AQ1278,1,9,0,18,0,8,0,0,0,0,1,1,2,1,62,9,1582,2,4,5,1,5
2018135AQ1413,1,9,0,9,0,8,0,0,0,0,1,1,6,1,68,10,1591,1,4,6,3,6
2018135AQ1413,2,9,0,18,0,8,0,0,0,0,1,1,6,1,24,5,1590,1,3,1,1,1
2018135AQ1608,1,9,0,18,0,8,0,0,0,0,1,1,6,2,24,5,1598,2,7,4,1,4
2018135AQ1608,2,9,0,7,0,8,0,0,0,0,2,1,6,2,59,9,1353,1,-1,9,1,9
2018135AQ1609,1,9,0,9,0,1,0,0,0,0,1,1,6,2,32,6,1560,2,4,-1,-1,-1
2018135AQ1763,1,9,0,18,0,0,0,0,0,0,4,1,6,1,23,5,1896,2,15,8,1,8
2018135AQ1787,1,9,0,4,0,0,1,7,0,6,1,1,6,2,56,9,1398,2,12,-1,-1,-1
2018135AQ1865,1,9,0,9,0,1,0,0,0,0,1,1,6,1,71,10,1389,1,14,1,1,1
2018135AQ1865,2,9,0,18,0,1,0,0,1,0,1,1,6,1,33,6,1984,1,14,1,1,1
2018135AQ1865,3,8,0,18,0,1,0,0,0,0,3,1,6,1,45,7,1968,2,10,1,1,1
2018135AQ1865,4,9,0,2,9,1,0,0,0,0,4,1,6,1,55,8,-1,-1,-1,3,1,3
2018135AR0500,1,9,0,18,0,4,0,0,0,0,1,1,6,2,17,4,1229,1,8,8,1,8
2018135AR0500,2,9,0,9,0,3,0,0,0,0,3,1,6,1,40,7,1328,1,11,4,1,4
2018135AR0747,1,9,0,7,0,8,0,0,0,0,4,1,1,1,-1,-1,1560,2,3,1,1,1
2018135AR0747,2,11,0,18,0,8,0,0,0,0,3,1,1,1,55,8,7300,2,14,1,1,1
2018135AR0812,1,9,0,18,0,8,0,0,0,0,3,1,6,1,37,7,2000,2,17,1,1,1
2018135AR0812,2,1,0,9,0,8,0,0,0,0,4,1,6,1,19,4,-1,-1,-1,1,1,1
2018135AR0961,1,9,0,18,0,1,0,0,0,0,1,1,6,1,-1,-1,1968,2,5,-1,-1,-1
2018135AR0961,2,9,0,3,0,1,0,0,0,0,2,1,6,2,23,5,1390,1,7,5,1,5
2018135AR1342,1,19,0,13,0,0,0,0,0,0,4,1,6,3,-1,-1,2287,2,2,-1,-1,-1
2018135AR1342,2,1,0,5,0,0,0,0,0,0,3,1,6,1,58,9,-1,-1,-1,9,1,9
2018135AR1874,1,9,0,18,0,8,0,0,0,0,1,1,6,1,72,10,1296,1,10,2,1,2
2018135AR1874,2,9,0,9,0,8,0,0,0,0,3,1,6,2,28,6,1149,1,11,2,1,2
2018135AS0075,1,9,0,18,0,4,0,9,3,1,1,1,6,1,62,9,1998,1,3,5,1,5
2018135AS0094,1,9,0,18,0,0,5,4,0,0,1,1,6,1,24,5,1896,2,11,7,1,7
2018135AS0094,2,20,0,2,0,0,0,0,0,0,2,1,6,3,-1,-1,2402,2,10,-1,-1,-1
2018135AS0094,3,9,0,2,0,0,0,0,0,0,1,1,6,3,-1,-1,1598,1,12,-1,-1,-1
2018135AS0459,1,9,0,18,0,1,2,10,1,11,4,1,6,1,32,6,1339,1,15,6,1,6
2018135AS0576,1,1,0,18,0,1,0,0,0,0,1,1,6,1,17,4,-1,-1,-1,-1,-1,-1
2018135AS0576,2,19,0,10,0,6,0,0,0,0,0,1,6,1,38,7,2143,2,3,-1,-1,-1
2018135AS0587,1,9,0,18,0,1,0,0,0,0,1,1,6,3,-1,-1,-1,-1,-1,-1,-1,-1
2018135AS0587,2,19,0,9,0,1,0,0,0,0,1,1,6,2,46,8,-1,-1,-1,4,1,4
2018135AS0972,1,9,0,13,0,0,2,0,7,4,1,1,6,1,40,7,1998,1,15,3,1,3
2018135AS1423,1,9,0,18,0,8,0,0,0,0,4,1,6,2,37,7,1984,2,8,1,1,1
2018135AS1423,2,9,0,18,0,8,0,0,0,0,1,1,6,1,46,8,998,1,7,1,1,1
2018135AS1423,3,9,0,18,0,1,0,0,0,0,3,1,6,1,20,4,1388,1,14,2,1,2
2018135AS1434,1,9,0,4,0,0,0,0,0,0,1,1,6,1,22,5,1461,2,-1,4,1,4
2018135AS1434,2,9,0,4,0,0,0,0,0,0,2,1,6,1,36,7,1598,2,1,4,1,4
2018135AS1526,1,9,0,18,0,1,0,0,0,0,1,1,6,2,-1,-1,998,1,15,-1,-1,-1
2018135AS1580,1,9,0,10,0,1,0,0,0,0,1,1,6,1,43,7,1968,2,8,-1,-1,-1
2018135AS1580,2,9,0,18,0,8,0,0,0,0,1,1,6,1,22,5,998,1,3,-1,-1,-1
2018135AS1870,1,19,0,1,0,0,0,0,0,0,2,1,6,1,38,7,1870,2,11,-1,-1,-1
2018135AS1870,2,9,0,2,0,0,0,0,0,0,2,1,6,2,41,7,1896,2,14,4,1,4
2018135AS1987,1,9,0,1,9,0,0,0,0,0,2,1,6,1,-1,-1,-1,-1,-1,-1,-1,-1
2018135AT0079,1,9,0,18,0,0,5,7,0,1,1,1,6,2,23,5,1197,1,3,2,1,2
2018135AT0160,1,5,0,18,0,0,1,0,0,0,0,1,1,1,31,6,749,1,25,2,1,2
2018135AT0208,1,9,0,18,0,0,1,0,0,0,4,1,2,2,22,5,1397,1,10,7,3,7
2018135AT0208,2,9,0,18,0,0,1,0,0,0,1,1,2,2,41,7,1598,2,3,7,-1,7
2018135AT0357,1,19,0,18,0,0,1,0,0,0,1,1,1,1,52,8,2299,2,-1,8,1,8
2018135AT0357,2,9,0,3,0,0,0,0,0,0,2,1,2,2,54,8,1395,1,-1,4,1,4
2018135AT0357,3,9,0,3,0,0,0,0,0,0,2,1,2,2,28,6,1753,2,9,3,1,3
2018135AT1137,1,20,0,18,0,8,0,0,4,1,1,1,1,1,62,9,4461,2,6,6,1,6
2018135AT1154,1,11,0,5,0,0,0,0,0,0,0,1,1,1,67,10,-1,-1,-1,7,1,7
2018135AT1242,1,9,0,9,0,0,0,0,0,0,3,1,6,1,70,10,-1,-1,-1,1,1,1
2018135AT1242,2,2,0,18,0,0,0,0,0,0,1,1,6,1,19,4,124,1,3,6,1,6
2018135AT1437,1,9,0,18,0,0,0,0,0,0,1,1,6,1,21,5,1497,8,10,8,1,8
2018135AT1573,1,9,0,18,0,8,0,0,0,0,1,1,6,1,17,4,1199,2,7,7,3,7
2018135AT1573,2,9,0,10,0,1,0,0,0,0,1,1,6,1,21,5,1197,1,5,6,1,6
2018135AU0594,1,9,0,18,0,0,0,0,0,0,3,1,6,3,-1,-1,-1,-1,-1,-1,-1,-1
2018135AU0594,2,9,0,18,0,0,0,0,0,0,4,1,6,1,28,6,1798,8,2,1,1,1
2018135AU0892,1,11,0,18,0,0,0,0,0,0,0,1,1,1,30,6,7300,2,14,1,1,1
2018135AU1006,1,8,0,18,0,0,0,0,0,0,1,1,6,3,-1,-1,-1,-1,-1,-1,-1,-1
2018135AU1501,1,4,0,18,0,1,0,0,0,0,4,1,6,2,23,5,471,1,5,7,1,7
2018135AU1501,2,19,0,6,0,1,0,0,0,0,3,1,2,1,46,8,2402,2,7,2,1,2
2018135AU1917,1,9,0,7,0,0,0,0,0,0,4,1,6,1,39,7,2987,2,8,1,1,1
2018135AU1917,2,9,0,18,0,0,0,0,0,0,1,1,6,1,19,4,1197,1,1,1,1,1
2018135AV0262,1,1,0,18,0,6,0,0,0,0,3,1,6,1,39,7,-1,-1,-1,-1,-1,-1
2018135AV0262,2,9,0,18,0,8,0,0,0,0,1,1,6,3,-1,-1,-1,-1,-1,-1,-1,-1
2018135AV0293,1,9,0,18,0,4,0,0,0,0,1,1,6,2,56,9,1598,1,6,10,1,10
2018135AV0293,2,1,0,18,0,4,0,0,0,0,2,1,6,1,45,7,-1,-1,-1,5,1,5
2018135AV0392,1,21,0,9,0,5,0,0,0,0,1,1,1,1,59,9,12740,2,2,1,1,1
2018135AV0392,2,9,0,18,0,8,0,0,0,0,1,1,6,1,79,11,1399,2,7,8,1,8
2018135AV0540,1,3,0,18,0,0,0,10,1,11,4,1,6,2,45,7,125,1,11,8,1,8
2018135AV0672,1,9,0,5,0,1,0,0,0,0,1,1,6,1,64,9,4200,2,19,10,3,10
2018135AV0672,2,9,0,17,0,1,0,0,0,0,1,1,1,2,28,6,1242,1,11,1,1,1
2018135AV0797,1,9,0,9,0,8,0,0,0,0,0,1,6,2,49,8,1598,1,11,5,1,5
2018135AV0797,2,9,0,18,0,1,0,0,0,0,0,1,1,2,34,6,1597,2,-1,1,1,1
2018135AV0917,1,9,0,18,0,8,0,0,0,0,1,1,6,1,41,7,-1,-1,-1,4,1,4
2018135AV0917,2,19,0,18,0,8,0,0,0,0,1,1,6,1,23,5,-1,-1,-1,4,1,4
2018135AV1049,1,9,0,18,0,0,0,0,0,0,4,1,6,1,-1,-1,-1,-1,-1,-1,-1,-1
2018135AV1095,1,9,0,18,0,8,0,0,0,0,1,1,6,3,-1,-1,2184,2,9,-1,-1,-1
2018135AV1095,2,9,0,10,0,8,0,0,0,0,2,1,6,2,29,6,1461,2,4,2,-1,2
2018135AV1142,1,9,0,1,0,0,0,8,0,0,2,1,6,1,58,9,2597,1,14,10,1,10
2018135AV1142,2,9,0,2,0,0,0,0,0,0,3,1,6,2,50,8,1240,1,15,7,1,7
2018135AV1552,1,9,0,9,0,8,0,0,0,0,4,1,6,1,58,9,1968,2,4,1,1,1
2018135AV1552,2,9,0,18,0,8,0,0,0,0,1,1,6,1,46,8,2143,2,-1,6,1,6
2018135AV1578,1,2,0,18,0,8,0,0,0,0,1,1,6,2,43,7,125,1,3,1,1,1
2018135AV1578,2,9,0,10,0,8,0,0,0,0,3,1,6,2,21,5,999,1,14,8,1,8
2018135AV1798,1,9,0,18,0,0,0,0,0,0,4,1,6,2,20,4,998,1,1,3,2,3
2018135AV1798,2,21,1,12,0,0,0,0,0,0,3,1,1,1,60,9,-1,-1,-1,-1,-1,-1
2018135AV2036,1,3,0,18,0,1,1,0,0,0,1,1,6,1,20,4,-1,-1,-1,1,1,1
2018135AV2036,2,9,0,5,0,1,0,0,0,0,1,1,6,2,45,7,1388,1,9,2,1,2
2018135AV2036,3,19,0,2,0,1,0,0,0,0,2,1,6,3,-1,-1,2287,2,2,-1,-1,-1
2018135AV2308,1,9,0,18,0,8,0,0,0,0,1,1,1,1,39,7,-1,-1,-1,-1,-1,-1
2018135AV2308,2,9,0,18,0,8,0,0,0,0,1,1,6,1,50,8,998,1,3,6,1,6
2018135AV2460,1,8,0,12,0,0,0,0,0,0,3,1,1,1,47,8,1598,2,5,4,1,4
2018135AV2460,2,9,0,13,0,0,0,0,0,0,4,1,2,2,35,6,1995,1,8,1,1,1
2018135B10338,1,9,0,18,0,0,0,0,7,4,1,1,6,1,32,6,1998,1,14,3,3,3
2018135B10359,1,9,0,10,0,1,0,0,0,0,3,1,6,1,22,5,1997,2,2,10,2,10
2018135B10359,2,9,0,18,0,1,0,0,0,0,1,1,6,1,19,4,1229,1,6,2,1,2
2018135B11049,1,9,0,18,0,8,0,0,0,0,1,1,6,1,48,8,1598,1,16,5,1,5
2018135B11049,2,9,0,18,0,8,0,0,0,0,4,1,6,1,45,7,2231,2,12,1,1,1
2018135B11245,1,11,0,9,0,5,0,0,0,0,4,1,1,1,22,5,3900,2,14,8,1,8
2018135B11264,1,9,0,18,0,0,0,0,0,0,2,1,6,2,40,7,1497,1,13,2,1,2
2018135B11264,2,9,0,12,0,0,0,0,0,0,1,1,6,2,30,6,2993,2,1,8,1,8
2018135B11374,1,9,0,18,0,0,1,0,0,0,1,1,6,2,45,7,2993,2,1,10,2,10
2018135B11374,2,9,0,18,0,0,0,0,0,0,2,1,6,1,65,9,-1,-1,-1,5,3,5
2018135B11374,3,19,0,12,0,0,0,0,0,0,0,1,6,3,-1,-1,-1,-1,-1,-1,-1,-1
2018135B11375,1,9,0,18,0,0,0,0,0,0,1,1,6,1,58,9,1997,2,4,6,3,6
2018135B11375,2,19,0,18,0,0,0,0,0,0,3,1,6,1,46,8,1598,2,-1,9,1,9
2018135B11375,3,9,0,18,0,0,0,0,0,0,2,1,6,2,54,8,1796,1,4,5,1,5
2018135B11375,4,9,0,2,0,0,0,0,0,0,1,1,6,2,38,7,999,1,2,8,1,8
2018135B11697,1,9,0,18,0,0,0,0,4,6,1,1,6,1,38,7,993,1,17,1,3,1
2018135B11697,2,9,0,18,0,0,0,0,0,0,1,1,2,1,30,6,1685,2,6,8,1,8
2018135B11852,1,9,0,9,0,8,0,0,0,0,1,1,6,1,74,10,999,1,-1,7,1,7
2018135B20288,1,1,0,18,0,0,0,0,0,0,4,1,6,3,-1,-1,-1,-1,-1,-1,-1,-1
2018135B20338,1,9,0,18,0,0,0,0,0,0,1,1,6,2,42,7,1422,2,11,8,1,8
2018135B20338,2,9,0,18,0,0,0,0,0,0,1,1,6,1,32,6,1386,1,12,8,1,8
2018135B20355,1,1,0,18,0,8,5,0,0,0,1,1,2,1,19,4,-1,-1,-1,5,1,5
2018135B20355,2,9,0,18,0,8,0,0,0,0,1,1,2,1,23,5,999,1,-1,2,1,2
2018135B20569,1,1,0,18,4,0,0,0,0,0,1,1,6,1,51,8,-1,-1,-1,1,1,1
2018135B20569,2,9,0,18,0,0,0,0,0,0,4,1,6,3,-1,-1,-1,-1,-1,-1,-1,-1
2018135B20752,1,9,0,18,0,0,0,0,0,0,4,1,6,1,24,5,1968,2,6,8,1,8
2018135B20960,1,9,0,4,0,0,0,0,0,0,2,1,6,1,54,8,2993,2,6,9,1,9
2018135B20960,2,5,0,18,0,0,2,0,0,0,1,1,6,1,54,8,955,1,18,8,3,8
2018135B20980,1,11,0,18,0,0,0,0,0,0,0,1,1,1,50,8,6692,2,6,3,1,3
2018135B20980,2,9,0,18,0,0,0,0,0,0,0,1,6,3,-1,-1,-1,-1,-1,-1,-1,-1
2018135B21562,1,9,0,9,0,0,0,0,0,0,0,1,6,3,-1,-1,-1,-1,-1,-1,-1,-1
2018135B21562,2,1,0,18,0,0,0,0,0,0,0,1,6,1,24,5,-1,-1,-1,4,1,4
2018135B21618,1,9,0,18,0,0,0,0,0,0,2,1,6,2,25,5,1461,2,2,1,1,1
2018135B21618,2,3,0,18,0,0,0,0,0,0,1,1,6,1,19,4,-1,-1,-1,1,1,1
2018135B21626,1,8,0,9,0,5,0,0,0,0,1,1,6,1,44,7,1560,2,7,-1,-1,-1
2018135B21649,1,1,0,18,0,1,0,0,0,0,3,1,6,1,56,9,-1,-1,-1,10,1,10
2018135B21649,2,9,0,18,0,1,0,0,0,0,4,1,6,3,-1,-1,-1,-1,-1,-1,-1,-1