Accident_Index,Vehicle_Reference,Vehicle_Type,Towing_and_Articulation,Vehicle_Manoeuvre,Vehicle_Location-Restricted_Lane,Junction_Location,Skidding_and_Overturning,Hit_Object_in_Carriageway,Vehicle_Leaving_Carriageway,Hit_Object_off_Carriageway,1st_Point_of_Impact,Was_Vehicle_Left_Hand_Drive?,Journey_Purpose_of_Driver,Sex_of_Driver,Age_of_Driver,Age_Band_of_Driver,Engine_Capacity_(CC),Propulsion_Code,Age_of_Vehicle,Driver_IMD_Decile,Driver_Home_Area_Type,Vehicle_IMD_Decile
2018135BC1971,2,9,0,18,0,0,1,0,0,0,3,1,6,1,28,6,-1,-1,-1,-1,-1,-1
2018135BC1971,3,9,0,2,0,0,0,0,0,0,0,1,6,3,-1,-1,1968,2,7,-1,-1,-1
2018135BC1987,1,9,0,18,0,0,0,0,0,0,1,1,6,3,-1,-1,-1,-1,-1,-1,-1,-1
2018135BD0422,1,9,0,9,0,6,0,0,0,0,1,1,6,2,40,7,1339,1,12,1,1,1
2018135BD0422,2,9,0,18,0,8,0,0,0,0,3,1,6,2,58,9,1560,2,8,2,1,2
2018135BD0460,1,1,0,18,0,1,0,0,0,0,3,1,6,2,44,7,-1,-1,-1,7,1,7
2018135BD0460,2,19,0,7,0,5,0,0,0,0,4,1,6,3,-1,-1,-1,-1,-1,-1,-1,-1
2018135BD0619,1,21,0,11,0,0,0,0,0,0,4,1,1,1,-1,-1,12902,2,3,-1,-1,-1
2018135BD0619,2,9,0,18,0,0,0,0,0,0,3,1,6,2,24,5,1598,2,3,4,1,4
2018135BD0995,1,9,0,1,0,1,0,0,0,0,2,1,6,1,30,6,2835,2,20,2,1,2
2018135BD1206,1,19,0,18,0,1,0,0,0,0,3,1,6,1,52,8,2143,2,3,4,1,4
2018135BD1206,2,9,0,18,0,1,0,0,0,0,1,1,6,2,38,7,999,1,2,4,1,4
2018135BD1215,1,9,0,18,0,0,0,0,0,0,1,1,6,1,20,4,1956,2,4,1,1,1
2018135BD1352,1,9,0,18,0,0,0,0,0,0,1,1,6,1,30,6,1995,2,13,8,3,8
2018135BD1352,2,19,0,18,0,0,0,0,0,0,1,1,6,1,24,5,-1,-1,-1,-1,-1,-1
2018135BD1352,3,21,1,18,0,0,0,0,0,0,1,1,1,1,60,9,12809,2,-1,2,1,2
2018135BD1467,1,9,0,18,0,8,0,0,0,0,1,1,6,2,-1,-1,1598,1,6,7,1,7
2018135BD1467,2,1,0,18,0,8,0,0,0,0,1,1,6,1,39,7,-1,-1,-1,2,1,2
2018135BD1869,1,9,0,9,0,1,0,0,0,0,1,1,6,2,55,8,1598,2,6,6,2,6
2018135BD1869,2,3,0,18,0,1,0,0,0,0,1,1,6,1,22,5,125,1,12,9,1,9
2018135BD2000,1,5,0,13,0,8,2,0,0,0,4,1,6,1,27,6,599,1,8,3,1,3
2018135BD2000,2,9,0,9,0,5,0,0,0,0,3,1,6,1,65,9,1240,1,12,9,1,9
2018135BD2111,1,9,0,7,0,6,0,0,0,0,1,1,6,1,-1,-1,1598,2,7,-1,-1,-1
2018135BD2111,2,1,0,18,0,8,0,0,0,0,4,1,6,1,20,4,-1,-1,-1,1,1,1
2018135BE0188,1,9,0,9,0,6,0,0,0,0,3,1,2,1,46,8,1364,1,11,6,1,6
2018135BE0188,2,3,0,18,0,8,2,0,0,0,1,1,2,1,26,6,124,1,5,8,1,8
2018135BE0209,1,9,0,9,0,6,0,0,0,0,1,1,2,1,34,6,1398,1,15,6,1,6
2018135BE0209,2,3,0,18,0,8,0,0,0,0,4,1,2,1,36,7,124,1,4,3,1,3
2018135BE0338,1,9,0,18,0,0,0,0,0,0,1,1,6,1,23,5,1781,1,14,8,1,8
2018135BE0338,2,9,0,18,0,0,0,0,0,0,1,1,6,1,44,7,2143,2,7,8,1,8
2018135BE0615,1,11,0,18,0,1,0,0,0,0,3,1,1,1,42,7,7300,2,15,1,1,1
2018135BE0615,2,9,0,9,0,6,0,0,0,0,1,1,6,2,30,6,1198,1,11,2,1,2
2018135BE0651,1,9,0,2,0,0,0,0,0,0,1,1,6,3,-1,-1,1499,2,3,-1,-1,-1
2018135BE0651,2,9,0,18,0,0,0,0,0,0,1,1,6,1,77,11,1248,2,10,5,1,5
2018135BE0828,1,9,0,18,0,2,2,4,0,0,1,1,6,1,71,10,1396,1,17,2,1,2
2018135BE0828,2,9,0,2,0,2,1,0,0,0,4,1,6,2,28,6,1998,2,13,2,1,2
2018135BE1334,1,9,0,18,0,0,0,0,0,0,2,1,2,2,42,7,1598,1,8,2,1,2
2018135BE1334,2,9,0,18,0,0,0,0,0,0,2,1,2,1,54,8,1956,2,4,1,1,1
2018135BE1334,3,9,0,18,0,0,0,0,0,0,1,1,2,1,38,7,1997,2,12,1,1,1
2018135BE1409,1,9,0,9,0,6,0,0,0,0,3,1,6,2,55,8,1595,1,8,6,3,6
2018135BE1409,2,5,0,18,0,8,1,0,0,0,1,1,6,1,54,8,1052,1,20,2,1,2
2018135BE1612,1,3,0,18,0,0,1,0,0,0,1,1,6,1,18,4,-1,-1,-1,1,1,1
2018135BE1730,1,1,0,18,0,8,0,0,0,0,3,1,6,1,12,3,-1,-1,-1,1,1,1
2018135BE1730,2,9,0,18,0,8,0,0,0,0,1,1,6,1,59,9,1998,1,13,4,1,4
2018135BE1872,1,9,0,7,0,8,0,0,0,0,4,1,6,2,34,6,1984,1,9,1,1,1
2018135BE1872,2,1,0,7,0,8,0,0,0,0,1,1,6,1,45,7,-1,-1,-1,7,1,7
2018135BE1903,1,9,0,18,0,8,0,0,0,0,3,1,6,1,38,7,2204,2,11,10,1,10
2018135BE1903,2,9,0,18,0,8,0,0,0,0,1,1,6,1,39,7,1896,2,13,3,1,3
2018135BF0249,1,9,0,11,0,3,0,0,0,0,3,1,2,1,43,7,1595,1,7,-1,-1,-1
2018135BF0249,2,4,0,11,0,3,0,0,0,0,1,1,2,1,55,8,124,1,7,4,1,4
2018135BF0540,1,2,0,18,0,0,0,0,0,0,0,1,6,1,17,4,49,1,3,8,1,8
2018135BF0577,1,9,0,18,0,0,0,0,1,11,1,1,6,1,86,11,996,1,4,3,1,3
2018135BF0848,1,21,1,12,0,0,0,0,0,0,3,1,1,3,-1,-1,-1,-1,-1,-1,-1,-1
2018135BF0848,2,9,0,13,0,0,1,0,0,0,4,1,2,2,21,5,1398,1,4,6,1,6
2018135BF1355,1,9,0,18,0,1,0,0,0,0,1,1,6,1,79,11,1390,1,6,7,2,7
2018135BF1355,2,9,0,9,0,1,0,0,0,0,2,1,6,1,56,9,1598,2,7,-1,-1,-1
2018135BF1369,1,9,0,9,0,1,0,0,0,0,4,1,6,1,21,5,1796,1,20,-1,-1,-1
2018135BF1369,2,4,0,5,0,1,0,0,0,0,1,1,6,2,50,8,296,1,4,3,1,3
2018135BF1394,1,9,0,18,0,0,0,0,0,0,1,1,2,2,27,6,1242,1,4,7,3,7
2018135BF1394,2,9,0,18,0,0,0,0,0,0,2,1,6,1,35,6,-1,-1,-1,1,1,1
2018135BF1464,1,9,0,18,0,8,0,0,0,0,3,1,6,1,74,10,1910,2,14,7,1,7
2018135BF1464,2,9,0,18,0,8,0,0,0,0,1,1,6,2,23,5,1598,2,3,7,1,7
2018135BF1725,1,4,0,18,0,0,0,0,0,0,1,1,6,1,25,5,899,1,18,-1,-1,-1
2018135BF1725,2,9,0,18,0,0,0,0,0,0,3,1,6,1,43,7,1968,2,3,-1,-1,-1
2018135BF1779,1,9,0,18,0,8,0,0,0,0,1,1,6,3,-1,-1,1896,2,14,-1,-1,-1
2018135BF1779,2,9,0,18,0,8,0,0,7,1,1,1,6,2,63,9,1597,2,5,5,3,5
2018135BF1998,1,9,0,6,0,0,0,0,0,0,2,1,6,1,48,8,1461,2,5,-1,-1,-1
2018135BF2095,1,9,0,1,0,0,0,0,0,0,2,1,3,2,41,7,2993,2,5,4,1,4
2018135BF2121,1,9,0,9,0,1,0,0,0,0,4,1,6,2,46,8,1364,1,13,2,1,2
2018135BF2121,2,1,0,18,0,1,0,0,0,0,1,1,6,1,53,8,-1,-1,-1,4,1,4
2018135BG0100,1,9,0,18,0,8,0,0,7,7,1,1,6,1,21,5,2179,2,5,-1,-1,-1
2018135BG0355,1,21,0,4,0,1,1,0,0,0,1,1,1,1,26,6,7698,2,3,9,1,9
2018135BG0355,2,9,0,4,0,1,0,0,0,0,2,1,3,2,47,8,1999,1,3,3,1,3
2018135BG0676,1,9,0,18,0,0,0,0,0,0,1,1,6,3,-1,-1,1984,1,2,-1,-1,-1
2018135BG0676,2,9,0,3,0,0,0,0,0,0,2,1,6,1,45,7,-1,-1,-1,5,3,5
2018135BG0827,1,4,0,13,0,8,0,0,0,0,1,1,6,1,55,8,498,1,12,5,1,5
2018135BG0827,2,9,0,18,0,8,0,0,0,0,0,1,6,1,29,6,-1,-1,-1,7,1,7
2018135BG0827,3,9,0,9,0,8,0,0,0,0,3,1,6,1,35,6,1598,1,13,5,1,5
2018135BG1047,1,5,0,14,0,0,5,0,0,0,1,1,6,1,49,8,1088,1,26,8,1,8
2018135BG1160,1,9,0,14,0,0,0,0,0,0,1,1,6,1,55,8,1686,2,8,3,1,3
2018135BG1349,1,9,0,18,0,0,0,0,0,0,2,1,6,2,23,5,1398,1,2,6,1,6
2018135BG1349,2,9,0,18,0,0,0,0,0,0,1,1,6,1,30,6,-1,-1,-1,5,1,5
2018135BG1379,1,9,0,7,0,0,0,0,0,0,4,1,6,1,31,6,1499,1,2,5,-1,5
2018135BG1379,2,1,0,18,0,0,0,0,0,0,1,1,6,1,39,7,-1,-1,-1,6,1,6
2018135BG1429,1,9,0,4,0,0,0,0,0,0,1,1,2,2,34,6,1496,2,3,3,1,3
2018135BG1429,2,9,0,3,0,0,0,0,0,0,2,1,2,1,43,7,1598,2,1,10,2,10
2018135BG1429,3,9,0,3,0,0,0,0,0,0,2,1,6,1,32,6,1560,2,8,4,1,4
2018135BG1483,1,9,0,8,0,1,0,0,0,0,0,1,6,2,33,6,998,1,6,3,1,3
2018135BG1483,2,9,0,5,0,1,0,0,0,0,1,1,6,2,38,7,1988,1,14,4,1,4
2018135BG1558,1,9,0,18,0,0,1,0,1,0,1,1,6,1,21,5,1242,1,12,9,1,9
2018135BG1558,2,9,0,18,0,0,1,0,0,0,2,1,6,1,21,5,1229,1,4,-1,2,-1
2018135BG1558,3,9,0,18,0,0,0,7,0,6,2,1,6,1,28,6,1798,1,12,-1,1,-1
2018135BG1558,4,9,0,18,0,0,0,7,0,6,1,1,6,1,26,6,1332,1,-1,5,3,5
2018135BG1584,1,11,0,18,2,0,0,0,0,0,4,1,1,1,48,8,9360,2,9,2,1,2
2018135BG1870,1,9,0,18,0,0,0,0,0,0,1,1,6,1,35,6,1797,8,7,1,1,1
2018135BG1870,2,9,0,18,0,0,0,0,0,0,3,1,6,2,47,8,1499,2,3,3,1,3
2018135BG1870,3,9,0,2,0,0,0,0,0,0,2,1,6,3,-1,-1,1560,2,6,-1,-1,-1
2018135BG2067,1,9,0,18,0,8,0,0,0,0,1,1,6,1,18,4,1598,2,4,8,1,8
2018135BG2067,2,9,0,18,0,8,0,0,0,0,1,1,6,1,25,5,1984,1,9,1,1,1
2018135BG2172,1,9,0,13,0,0,1,0,7,0,4,1,6,1,20,4,1400,1,12,6,1,6
2018135BG2172,2,9,0,18,0,0,0,0,0,0,0,1,6,3,-1,-1,-1,-1,-1,-1,-1,-1
2018135BG2172,3,9,0,2,0,0,0,0,0,0,1,1,6,3,-1,-1,1970,1,22,-1,-1,-1
2018135BG2172,4,9,0,2,0,0,0,0,0,0,1,1,6,1,-1,-1,1229,1,13,-1,-1,-1
2018135BG2218,1,9,0,17,0,0,0,0,1,4,4,1,6,1,18,4,1598,1,11,7,1,7
2018135BH0023,1,9,0,7,0,8,0,0,0,0,1,1,6,1,35,6,998,1,13,8,1,8
2018135BH0480,1,9,0,18,0,0,0,0,0,0,1,1,6,2,35,6,1598,1,13,-1,-1,-1
2018135BH0480,2,9,0,18,0,0,0,0,0,0,1,1,6,2,35,6,999,1,3,-1,-1,-1
2018135BH0480,3,9,0,2,0,0,0,0,0,0,3,1,6,3,-1,-1,998,1,2,-1,-1,-1
2018135BH0739,1,9,0,4,0,1,0,0,0,0,1,1,2,1,36,7,1149,1,19,6,1,6
2018135BH0739,2,9,0,4,0,1,0,0,0,0,2,1,2,1,35,6,1398,2,4,1,1,1
2018135BH1305,1,9,0,18,0,0,0,0,0,0,4,1,6,2,59,9,-1,-1,-1,1,1,1
2018135BH2098,1,9,0,18,0,0,1,0,0,0,1,1,6,1,28,6,1796,1,19,-1,2,-1
2018135BI0168,1,9,0,16,0,0,0,0,2,11,3,1,6,1,36,7,2993,2,13,5,2,5
2018135BI0168,2,9,0,2,9,0,0,0,0,0,0,1,6,3,-1,-1,1242,1,17,-1,-1,-1
2018135BI0168,3,9,0,2,9,0,0,0,0,0,0,1,6,3,-1,-1,1998,2,12,-1,-1,-1
2018135BI0379,1,9,0,18,0,0,0,0,1,4,1,1,6,1,20,4,1896,2,11,2,1,2
2018135BI0516,1,9,0,18,0,1,0,0,0,0,0,1,6,1,34,6,1198,1,3,4,3,4
2018135BI0516,2,9,0,9,0,1,0,0,0,0,1,1,6,1,18,4,1149,1,8,8,1,8
2018135BI1524,1,9,0,18,0,0,1,0,0,0,1,1,6,1,29,6,1896,2,13,2,1,2
2018135BI1524,2,9,0,18,0,0,0,0,0,0,2,1,6,1,30,6,2199,2,10,9,1,9
2018135BI1736,1,1,0,9,0,0,0,0,0,0,3,1,6,1,37,7,-1,-1,-1,5,1,5
2018135BI1736,2,8,0,18,0,0,0,0,0,0,1,1,1,1,34,6,1560,2,7,2,1,2
2018135BJ0648,1,9,0,9,0,1,0,0,0,0,4,1,6,2,40,7,1598,2,5,6,1,6
2018135BJ0648,2,1,0,18,4,1,2,0,0,0,1,1,6,1,18,4,-1,-1,-1,8,1,8
2018135BJ1117,1,11,0,18,0,0,0,0,0,0,0,1,1,1,28,6,9360,2,10,2,1,2
2018135BJ1148,1,9,0,18,0,1,0,0,1,2,1,1,6,3,-1,-1,1998,1,-1,-1,-1,-1
2018135BJ1148,2,9,0,3,0,1,0,0,0,0,1,1,6,2,33,6,1240,1,15,1,1,1
2018135BJ1266,1,9,0,18,0,1,0,7,0,10,1,1,6,1,79,11,1998,1,19,6,1,6
2018135BJ1281,1,9,0,9,0,8,0,0,0,0,0,1,6,3,-1,-1,-1,-1,-1,-1,-1,-1
2018135BJ1281,2,9,0,18,0,1,0,0,0,0,3,1,6,1,17,4,1229,1,3,4,1,4
2018135BJ1281,3,2,0,18,0,1,0,0,0,0,1,1,6,1,20,4,124,1,11,1,-1,1
2018135BJ1378,1,9,0,4,0,0,0,0,1,0,1,1,2,1,42,7,1968,2,10,8,1,8
2018135BJ1378,2,9,0,4,0,0,0,0,0,0,2,1,6,1,41,7,2993,2,14,8,1,8
2018135BJ1378,3,9,0,4,0,0,0,0,0,0,2,1,2,1,43,7,1598,2,6,10,2,10
2018135BJ1430,1,1,0,18,0,0,0,0,0,0,1,1,6,1,15,3,-1,-1,-1,7,1,7
2018135BJ1430,2,9,0,7,0,0,0,0,0,0,1,1,6,1,68,10,1598,1,5,1,1,1
2018135BK0143,1,1,0,18,0,6,0,0,0,0,1,1,1,1,19,4,-1,-1,-1,2,1,2
2018135BK0143,2,90,0,18,0,8,0,0,0,0,4,1,1,1,34,6,2999,2,1,9,1,9
2018135BK0232,1,9,0,18,0,0,0,0,0,0,1,1,1,1,31,6,1991,8,1,9,1,9
2018135BK0232,2,9,0,18,0,0,0,0,0,0,2,1,1,1,40,7,-1,-1,-1,9,1,9
2018135BK0232,3,9,0,18,0,0,0,0,0,0,2,1,1,1,31,6,1950,2,-1,-1,-1,-1
2018135BK0232,4,9,0,18,0,0,0,0,0,0,2,1,1,1,54,8,1968,2,5,1,1,1
2018135BK0232,5,19,0,18,0,0,0,0,0,0,2,1,1,1,49,8,1560,2,3,8,1,8
2018135BK0232,6,9,0,18,0,0,0,0,0,0,2,1,1,1,46,8,1991,8,1,7,1,7
2018135BK0285,1,9,0,9,0,8,0,0,0,0,4,1,2,1,43,7,-1,-1,-1,2,1,2
2018135BK0285,2,1,0,18,0,8,2,0,0,0,1,1,2,1,33,6,-1,-1,-1,7,1,7
2018135BK0307,1,9,0,9,0,2,0,0,0,0,4,1,6,2,35,6,1896,2,10,1,1,1
2018135BK0335,1,9,0,18,0,0,0,0,0,0,1,1,6,1,40,7,1596,1,12,3,1,3
2018135BK0443,1,9,0,14,0,8,0,0,0,0,1,1,6,2,71,10,898,1,-1,6,1,6
2018135BK0499,1,9,0,18,0,0,0,0,0,0,0,1,6,3,-1,-1,1995,2,11,-1,-1,-1
2018135BK0499,2,9,0,18,0,0,0,0,0,0,0,1,1,1,33,6,1598,2,2,7,1,7
2018135BK0499,3,9,0,18,0,0,0,0,0,0,0,1,1,1,29,6,2993,2,3,6,1,6
2018135BK0568,1,9,0,16,0,0,5,0,1,11,1,1,6,1,76,11,1997,2,17,9,2,9
2018135BK0648,1,4,0,18,0,0,0,0,0,0,1,1,2,1,32,6,598,1,29,1,1,1
2018135BK0648,2,9,0,18,0,0,0,0,0,0,2,1,2,1,39,7,1997,2,2,9,1,9
2018135BK0748,1,8,0,7,0,1,0,0,0,0,4,1,1,1,-1,-1,1686,2,4,-1,-1,-1
2018135BK0748,2,1,0,18,0,1,2,0,0,0,1,1,6,1,45,7,-1,-1,-1,6,1,6
2018135BK0970,1,9,0,16,0,0,1,0,7,4,1,1,3,1,27,6,1896,2,12,1,2,1
2018135BK1188,1,19,0,9,0,8,0,0,0,0,1,1,6,1,40,7,2402,2,8,4,1,4
2018135BK1237,1,9,0,18,0,0,0,0,0,0,4,1,2,2,24,5,1229,1,3,8,1,8
2018135BK1281,1,9,0,18,0,8,0,0,0,0,1,1,6,2,30,6,-1,-1,-1,-1,-1,-1
2018135BK1385,1,19,0,18,0,0,0,0,0,0,1,1,6,1,39,7,2198,2,5,1,1,1
2018135BK1385,2,9,0,3,0,0,0,0,0,0,2,1,6,2,33,6,1149,1,14,2,1,2
2018135BK1385,3,9,0,3,0,0,0,0,0,0,2,1,6,2,25,5,1328,1,9,5,1,5
2018135BK1799,1,9,0,18,0,0,0,0,0,0,1,1,6,2,23,5,1598,2,5,4,1,4
2018135BK1799,2,8,0,2,0,0,0,0,0,0,2,1,6,1,48,8,1995,2,6,1,1,1
2018135BK1799,3,8,0,2,0,0,0,0,0,0,2,1,6,3,-1,-1,1968,2,7,-1,-1,-1
2018135BK1799,4,9,0,2,0,0,0,0,0,0,2,1,6,3,-1,-1,1598,1,12,-1,-1,-1
2018135BL0218,1,3,0,4,0,1,1,0,0,0,0,1,6,1,51,8,102,1,-1,7,3,7
2018135BL0225,1,9,0,9,4,8,0,0,0,0,1,1,6,2,23,5,1229,1,13,5,1,5
2018135BL0225,2,1,0,18,4,8,5,0,0,0,4,1,6,1,19,4,-1,-1,-1,8,1,8
2018135BL0229,1,9,0,9,0,8,0,0,0,0,1,1,6,1,25,5,998,1,18,3,1,3
2018135BL0260,1,9,0,4,0,0,0,0,0,0,4,1,2,2,47,8,988,1,1,9,1,9
2018135BL0260,2,9,0,4,0,0,0,0,0,0,2,1,1,1,28,6,1968,2,2,9,1,9
2018135BL0260,3,21,1,18,0,0,0,0,0,0,1,1,1,1,54,8,12902,2,5,2,1,2
2018135BL0275,1,9,0,18,0,8,0,0,0,11,1,1,6,1,73,10,1995,2,10,4,3,4
2018135BL0333,1,9,0,18,0,8,0,0,0,0,1,1,6,1,68,10,1995,2,8,7,1,7
2018135BL0333,2,1,0,3,0,8,5,0,0,0,2,1,2,1,30,6,-1,-1,-1,1,1,1
2018135BL0713,1,1,0,15,0,0,5,8,0,0,1,1,6,1,37,7,-1,-1,-1,5,3,5
2018135BL0713,2,9,0,3,0,0,0,0,0,0,4,1,6,1,50,8,1900,2,12,6,1,6
2018135BL0783,1,9,0,18,0,0,0,10,2,1,1,1,6,1,20,4,1598,1,1,5,1,5
2018135BL0852,1,20,0,11,0,0,0,0,0,0,4,1,1,1,49,8,10518,2,8,1,2,1
2018135BL0852,2,9,0,18,0,0,0,0,0,0,3,1,6,1,22,5,1598,2,6,1,1,1
2018135BL0852,3,9,0,18,0,0,0,0,0,6,1,1,6,1,39,7,1560,2,3,5,1,5
2018135BL0973,1,9,0,9,0,5,0,0,0,0,1,1,6,3,-1,-1,-1,-1,-1,-1,-1,-1
2018135BL1011,1,19,0,18,0,0,0,0,0,0,1,1,1,1,83,11,1868,2,12,5,1,5
2018135BL1234,1,9,0,18,0,0,0,0,0,0,4,1,6,1,62,9,-1,-1,-1,5,1,5
2018135BL1234,2,3,0,18,0,0,0,0,0,0,1,1,6,1,17,4,-1,-1,-1,-1,-1,-1
2018135BL1312,1,9,0,18,0,0,0,0,0,0,1,1,1,1,24,5,1499,2,-1,2,1,2
2018135BL1312,2,9,0,3,0,0,0,0,0,0,2,1,1,1,39,7,-1,-1,-1,3,1,3
2018135BL1312,3,9,0,3,0,0,0,0,0,0,2,1,1,1,52,8,998,1,-1,6,1,6
2018135BL1602,1,9,0,18,0,8,0,0,0,0,2,1,6,1,32,6,1364,2,6,1,1,1
2018135BL1602,2,90,0,18,0,8,0,0,0,0,1,1,6,3,-1,-1,-1,-1,-1,-1,-1,-1
2018135BL1639,1,9,0,9,0,0,0,0,0,0,1,1,6,2,38,7,1499,1,-1,10,1,10
2018135BL1639,2,1,0,18,0,0,0,0,0,0,1,1,6,1,44,7,-1,-1,-1,7,1,7
2018135BL1858,1,9,0,18,0,0,0,0,0,0,1,1,6,1,31,6,1968,2,13,2,1,2
2018135BL1858,2,9,0,18,0,0,0,0,0,0,2,1,6,1,20,4,1229,1,5,4,1,4
2018135BM0083,1,9,0,18,0,0,1,0,0,11,1,1,6,1,18,4,2998,1,2,-1,-1,-1
2018135BM0150,1,9,0,16,0,1,1,0,6,1,1,1,6,1,25,5,1984,1,4,1,1,1
2018135BM0300,1,9,0,12,0,1,0,0,0,0,3,1,1,1,19,4,1461,2,2,6,1,6
2018135BM0300,2,9,0,4,0,1,0,0,0,0,1,1,6,1,31,6,1896,2,12,3,1,3
2018135BM0313,1,3,0,18,0,0,0,0,0,0,3,1,1,2,29,6,124,1,9,2,1,2
2018135BM0541,1,9,0,9,0,5,0,0,0,0,1,1,1,1,23,5,1598,2,2,6,1,6
2018135BM0541,2,9,0,18,0,1,0,0,7,1,1,1,6,2,19,4,-1,-1,-1,6,1,6
2018135BM0656,1,9,0,4,0,0,1,0,4,6,1,1,6,1,39,7,2184,2,14,2,1,2
2018135BM0656,2,9,0,4,0,0,0,0,0,0,2,1,6,1,23,5,1248,2,-1,7,1,7
2018135BM0656,3,9,0,4,0,0,0,0,0,0,2,1,6,2,43,7,1395,1,-1,1,1,1
2018135BM0656,4,9,0,4,0,0,0,0,0,0,2,1,6,1,48,8,1390,1,6,3,1,3
2018135BM0656,5,19,0,4,0,0,0,0,0,0,0,1,6,1,30,6,2143,2,6,1,1,1
2018135BM1024,1,9,0,18,0,0,0,0,0,0,1,1,6,1,24,5,1998,2,10,4,1,4
2018135BM1089,1,9,0,18,0,8,0,0,0,0,1,1,2,1,26,6,1598,1,5,9,2,9
2018135BM1111,1,9,0,17,0,0,0,10,0,0,0,1,6,1,36,7,1360,1,6,2,1,2
2018135BM1195,1,21,1,9,0,5,0,0,0,0,1,1,1,1,49,8,12740,2,5,9,1,9
2018135BM1249,1,9,0,18,0,0,0,0,0,0,1,1,6,2,24,5,1299,1,13,6,3,6
2018135BM1249,2,9,0,18,0,0,0,0,0,0,2,1,6,1,26,6,1242,1,5,2,1,2
2018135BM1258,1,9,0,18,0,0,0,0,0,0,4,1,6,1,31,6,1968,2,1,1,1,1
2018135BM1282,1,5,0,18,0,0,1,0,0,0,1,1,2,1,20,4,498,1,16,9,2,9
2018135BM1282,2,9,0,18,0,0,0,0,0,0,2,1,2,1,22,5,1229,1,6,2,1,2
2018135BM1324,1,19,0,13,0,0,0,0,0,0,4,1,6,3,-1,-1,-1,-1,-1,-1,-1,-1
2018135BM1324,2,1,0,18,0,0,0,0,0,0,3,1,6,1,54,8,-1,-1,-1,3,1,3
2018135BM1332,1,9,0,18,0,0,0,0,0,0,1,1,6,1,32,6,1596,1,13,4,1,4
2018135BM1361,1,9,0,18,0,0,0,0,0,0,1,1,6,3,-1,-1,2499,1,11,-1,-1,-1
2018135BM1361,2,9,0,18,0,0,0,0,0,0,2,1,6,1,35,6,2143,2,4,7,1,7
2018135BM1372,1,9,0,7,0,0,1,0,0,0,4,1,6,1,31,6,1499,1,-1,3,1,3
2018135BM1372,2,9,0,18,0,0,1,10,1,10,3,1,6,1,18,4,1364,1,13,2,1,2
2018135BM1504,1,9,0,18,0,0,0,0,0,0,1,1,1,1,45,7,1461,2,4,5,1,5
2018135BM1570,1,9,0,5,0,6,0,0,0,0,1,1,6,2,21,5,1461,2,4,-1,-1,-1
2018135BM1570,2,9,0,18,0,8,0,0,0,0,1,1,6,1,26,6,1390,1,4,-1,-1,-1
2018135BM1579,1,9,0,18,0,0,0,0,0,0,1,1,6,1,39,7,1598,2,6,1,1,1
2018135BM1636,1,9,0,18,0,4,0,0,0,0,1,1,6,1,19,4,1242,1,8,1,1,1
2018135BM1636,2,9,0,9,0,8,0,0,0,0,4,1,6,2,21,5,1242,1,11,1,1,1
2018135BM1700,1,8,0,9,0,8,0,0,0,0,4,1,1,1,38,7,1598,2,5,4,1,4
2018135BM1700,2,2,0,18,0,8,0,0,0,0,1,1,6,1,49,8,125,1,2,5,1,5
2018135BM1736,1,21,0,18,0,8,0,0,0,0,3,1,1,1,53,8,-1,2,19,2,1,2
2018135BM1736,2,9,0,13,0,3,1,0,7,11,4,1,1,1,48,8,2993,2,-1,-1,-1,-1
2018135BM1795,1,9,0,18,0,0,0,0,0,0,1,1,6,1,45,7,1799,1,12,-1,-1,-1
2018135BM1795,2,9,0,18,0,0,0,0,0,0,1,1,6,1,52,8,998,1,-1,-1,-1,-1
2018135BN0386,1,9,0,18,0,0,0,0,0,0,1,1,6,3,-1,-1,-1,-1,-1,-1,-1,-1
2018135BN0673,1,9,0,9,0,8,0,0,0,0,4,1,6,1,46,8,1995,2,4,1,1,1
2018135BN0673,2,9,0,18,0,8,0,0,0,0,1,1,6,2,32,6,1591,1,3,10,-1,10
2018135BN0807,1,8,0,18,0,0,0,0,0,0,1,1,1,1,33,6,1686,2,9,2,1,2
2018135BN0807,2,9,0,6,0,0,0,0,0,0,3,1,6,3,-1,-1,1390,1,12,-1,-1,-1
2018135BN0954,1,9,0,18,0,1,0,0,0,0,1,1,3,2,52,8,1796,1,8,4,1,4
2018135BN1138,1,1,0,18,0,8,0,0,0,0,3,1,2,1,45,7,-1,-1,-1,10,1,10
2018135BN1138,2,20,0,9,0,8,0,0,0,0,1,1,1,1,42,7,2998,2,6,1,1,1
2018135BN1231,1,9,0,18,0,1,0,0,0,0,4,1,6,1,38,7,1968,2,6,8,2,8
2018135BN1231,2,9,0,18,0,1,0,0,0,0,1,1,6,1,21,5,1968,2,7,1,1,1
2018135BN1387,1,9,0,18,0,1,5,0,0,0,1,1,6,1,20,4,1596,1,5,3,1,3
2018135BN1387,2,9,0,9,0,5,0,0,0,0,3,1,6,1,19,4,998,1,9,7,1,7
2018135BN1636,1,9,0,9,0,6,0,0,0,0,4,1,6,2,-1,-1,1398,2,15,8,1,8
2018135BN1636,2,1,0,18,0,8,0,0,0,0,1,1,6,1,45,7,-1,-1,-1,-1,-1,-1
2018135BN1645,1,4,0,18,0,8,2,0,0,0,1,1,6,1,55,8,-1,-1,-1,1,1,1
2018135BN1645,2,9,0,9,0,8,0,0,0,0,3,1,6,1,38,7,1998,2,13,3,3,3
2018135BN1687,1,9,0,18,0,1,0,0,0,0,1,1,6,1,28,6,1398,1,-1,5,1,5
2018135BN1687,2,9,0,18,0,1,0,0,0,0,3,1,6,1,48,8,2497,2,12,4,1,4
2018135BO0582,1,9,0,5,0,8,0,0,0,0,3,1,6,2,73,10,1395,1,1,-1,-1,-1
2018135BO0582,2,1,0,18,0,8,5,0,0,0,1,1,6,1,45,7,-1,-1,-1,-1,-1,-1
2018135BO0807,1,9,0,7,0,6,0,0,0,0,1,1,6,1,-1,-1,2231,2,12,-1,-1,-1
2018135BO0875,1,1,0,18,0,0,0,0,0,0,0,1,6,1,40,7,-1,-1,-1,1,1,1
2018135BO0875,2,19,0,18,0,0,0,0,0,0,0,1,6,1,-1,-1,2151,2,14,-1,-1,-1
2018135BO1212,1,2,0,18,9,0,1,0,1,11,4,1,6,1,21,5,108,1,5,1,1,1