Accident_Index,Vehicle_Reference,Vehicle_Type,Towing_and_Articulation,Vehicle_Manoeuvre,Vehicle_Location-Restricted_Lane,Junction_Location,Skidding_and_Overturning,Hit_Object_in_Carriageway,Vehicle_Leaving_Carriageway,Hit_Object_off_Carriageway,1st_Point_of_Impact,Was_Vehicle_Left_Hand_Drive?,Journey_Purpose_of_Driver,Sex_of_Driver,Age_of_Driver,Age_Band_of_Driver,Engine_Capacity_(CC),Propulsion_Code,Age_of_Vehicle,Driver_IMD_Decile,Driver_Home_Area_Type,Vehicle_IMD_Decile
2018135BO1314,1,9,0,18,0,0,0,0,0,0,1,1,1,2,56,9,998,1,5,10,1,10
2018135BO1421,1,1,0,6,0,8,0,0,0,0,4,1,2,1,39,7,-1,-1,-1,2,1,2
2018135BO1421,2,9,0,7,0,8,0,0,0,0,1,1,6,1,27,6,998,1,-1,1,1,1
2018135BO1508,1,9,0,18,0,0,0,0,0,0,4,1,6,1,32,6,1968,2,10,1,1,1
2018135BO1547,1,9,0,16,0,0,0,0,0,0,1,1,6,1,57,9,998,1,3,1,1,1
2018135BO1581,1,21,0,2,0,0,0,0,0,0,2,1,1,1,48,8,10837,2,4,6,2,6
2018135BO1581,2,9,0,18,0,0,0,0,0,0,1,1,6,1,46,8,1395,1,2,8,3,8
2018135BO1706,1,9,0,17,0,0,0,0,0,0,1,1,6,1,25,5,2496,2,14,-1,-1,-1
2018135BO1706,2,9,0,16,0,0,0,0,0,0,1,1,6,1,60,9,1149,1,16,8,1,8
2018135BP0570,1,9,0,18,0,0,0,0,0,0,0,1,6,1,19,4,1995,1,11,3,1,3
2018135BP0570,2,9,0,18,0,0,0,0,4,11,1,1,2,2,30,6,1198,1,9,1,1,1
2018135BP0811,1,9,0,1,0,1,0,0,0,0,0,1,6,3,-1,-1,-1,-1,-1,5,1,5
2018135BP0811,2,4,0,18,0,1,1,0,0,0,0,1,6,1,54,8,1312,1,15,7,1,7
2018135BP0939,1,9,0,9,0,6,0,0,0,0,1,1,6,2,21,5,1229,1,10,2,1,2
2018135BP0939,2,8,0,9,0,5,0,0,0,0,3,1,6,1,42,7,1896,2,9,1,1,1
2018135BP1309,1,9,0,7,0,6,0,0,0,0,1,1,6,2,27,6,1229,1,13,8,1,8
2018135BP1309,2,9,0,18,0,1,0,0,0,0,1,1,6,1,36,7,1461,2,2,1,1,1
2018135BP1413,1,9,0,18,0,0,0,0,0,0,1,1,6,3,-1,-1,1198,1,11,-1,-1,-1
2018135BP1413,2,9,0,4,0,0,0,0,0,0,2,1,6,2,29,6,1598,1,8,2,1,2
2018135BP1423,1,9,0,18,0,1,0,0,0,0,3,1,6,2,32,6,1598,2,1,9,1,9
2018135BP1423,2,9,0,9,0,1,0,0,0,0,4,1,6,1,60,9,-1,-1,-1,-1,-1,-1
2018135BP1490,1,19,0,9,0,6,0,0,0,0,3,1,6,1,25,5,1968,2,2,2,1,2
2018135BP1490,2,2,0,18,0,8,0,0,0,0,1,1,6,1,34,6,124,1,12,3,1,3
2018135BP1500,1,9,0,1,0,0,0,0,0,0,2,1,6,1,-1,-1,1242,1,11,3,1,3
2018135BQ0256,1,9,0,18,0,0,0,4,0,0,1,1,6,2,27,6,1995,2,3,2,1,2
2018135BQ0256,2,8,0,2,0,0,0,0,0,0,1,1,1,1,48,8,-1,-1,-1,2,1,2
2018135BQ0365,1,21,1,11,0,0,0,0,0,0,1,1,1,1,64,9,10837,2,1,1,1,1
2018135BQ0365,2,9,0,18,0,0,0,0,0,0,4,1,1,2,52,8,1968,2,2,5,3,5
2018135BQ0779,1,9,0,9,0,1,0,0,0,0,1,1,6,2,49,8,1242,1,11,-1,-1,-1
2018135BQ0779,2,9,0,18,0,8,0,7,0,0,1,1,6,1,40,7,1329,1,8,-1,-1,-1
2018135BQ0989,1,19,0,18,0,8,0,0,0,0,3,1,1,1,57,9,1995,2,-1,6,1,6
2018135BQ0989,2,1,0,9,0,8,5,0,0,0,4,1,6,1,39,7,-1,-1,-1,4,1,4
2018135BQ1028,1,9,0,18,0,8,0,0,0,0,1,1,1,1,70,10,2231,2,10,2,1,2
2018135BQ1028,2,9,0,18,0,8,0,0,0,0,3,1,6,1,32,6,1339,1,10,2,1,2
2018135BQ1437,1,9,0,16,0,1,0,0,0,0,1,1,6,2,22,5,1968,2,6,3,1,3
2018135BQ1437,2,9,0,9,0,6,0,0,0,0,3,1,6,1,39,7,1970,1,15,3,1,3
2018135BR0230,1,9,0,14,0,2,0,0,0,0,4,1,2,1,67,10,1199,1,4,3,1,3
2018135BR0246,1,9,0,18,0,0,0,0,0,0,1,1,6,2,45,7,1396,1,14,2,1,2
2018135BR0246,2,9,0,4,0,0,0,0,0,0,2,1,6,1,39,7,1598,1,12,6,1,6
2018135BR0246,3,9,0,4,0,0,0,0,0,0,2,1,6,2,39,7,1496,1,1,6,1,6
2018135BR0311,1,9,0,18,0,0,0,0,0,0,1,1,2,1,59,9,1580,8,1,6,1,6
2018135BR0311,2,9,0,18,0,0,0,0,0,0,1,1,2,2,62,9,1461,2,4,5,1,5
2018135BR0388,1,9,0,18,0,0,0,0,0,0,2,1,1,1,51,8,1591,1,-1,5,1,5
2018135BR0388,2,9,0,18,0,0,0,0,0,0,1,1,6,1,50,8,-1,-1,-1,9,1,9
2018135BR0461,1,9,0,18,0,8,0,0,0,0,1,1,2,1,49,8,2967,2,11,5,3,5
2018135BR0461,2,9,0,18,0,8,0,0,0,0,3,1,6,1,29,6,1299,1,12,1,1,1
2018135BR0472,1,9,0,18,0,1,0,0,0,0,0,1,1,1,54,8,2993,2,6,1,1,1
2018135BR0472,2,9,0,18,0,1,0,0,0,0,0,1,1,1,24,5,1956,2,6,1,1,1
2018135BR0472,3,20,0,8,0,8,0,0,0,0,4,1,1,1,38,7,7698,2,3,1,2,1
2018135BR0472,4,9,0,8,0,8,0,0,0,0,3,1,6,1,52,8,1497,8,11,3,1,3
2018135BR0648,1,9,0,18,0,8,0,0,0,0,1,1,6,2,54,8,1995,2,7,5,1,5
2018135BR0648,2,19,0,9,0,8,0,0,0,0,1,1,1,1,48,8,1995,2,-1,1,1,1
2018135BR0971,1,9,0,18,0,1,0,0,0,0,1,1,1,1,-1,-1,2993,2,-1,6,1,6
2018135BR0971,2,9,0,18,0,1,0,0,0,0,1,1,6,1,-1,-1,1461,2,4,-1,-1,-1
2018135BR0971,3,9,0,18,0,1,0,0,0,0,0,1,1,1,48,8,2993,2,4,6,1,6
2018135BR0971,4,9,0,18,0,1,0,0,0,0,0,1,1,1,43,7,2993,2,-1,6,1,6
2018135BR0971,5,9,0,3,0,1,0,0,0,0,3,1,6,3,-1,-1,1781,1,15,-1,-1,-1
2018135BR1031,1,9,0,18,0,0,0,0,0,0,4,1,6,3,-1,-1,1364,1,9,-1,-1,-1
2018135BR1103,1,3,0,5,0,2,2,0,0,0,4,1,2,1,45,7,124,1,16,9,2,9
2018135BR1117,1,9,0,18,0,0,0,0,0,0,1,1,2,2,52,8,1242,1,7,4,1,4
2018135BR1184,1,9,0,18,0,0,0,0,0,0,1,1,1,1,31,6,1686,2,4,3,1,3
2018135BR1200,1,9,0,9,0,8,0,0,0,0,4,1,6,2,37,7,1598,1,10,-1,-1,-1
2018135BR1295,1,9,0,9,0,6,0,0,0,0,4,1,6,2,47,8,1395,1,1,7,1,7
2018135BR1295,2,3,0,18,0,1,0,0,0,0,1,1,6,2,24,5,124,1,6,3,1,3
2018135BR1326,1,9,0,18,0,8,0,0,0,0,1,1,6,2,24,5,1328,1,11,1,1,1
2018135BR1328,1,9,0,4,0,0,0,0,0,0,1,1,6,1,34,6,1798,8,-1,5,1,5
2018135BR1328,2,9,0,4,0,0,0,0,0,0,2,1,6,2,57,9,1242,1,15,6,1,6
2018135BR1373,1,9,0,18,0,0,5,7,0,0,1,1,6,2,44,7,1229,1,13,8,1,8
2018135BR1446,1,9,0,18,0,0,0,0,0,0,1,1,6,2,42,7,1969,2,2,10,1,10
2018135BR1446,2,9,0,18,0,0,0,0,0,0,1,1,6,2,22,5,1242,1,5,1,1,1
2018135BR1533,1,9,0,7,0,8,0,0,0,0,1,1,6,1,-1,-1,-1,-1,-1,-1,-1,-1
2018135BR1533,2,1,0,18,0,1,2,0,0,0,4,1,2,1,40,7,-1,-1,-1,1,1,1
2018135BR1639,1,19,0,18,0,0,0,4,0,0,1,1,6,1,60,9,2198,2,6,3,1,3
2018135BR1639,2,9,0,2,0,0,0,11,0,0,2,1,6,2,20,4,999,1,18,8,1,8
2018135BR1639,3,9,0,18,0,0,0,0,0,0,3,1,6,1,32,6,1229,1,9,2,1,2
2018135BS0325,1,3,0,18,0,2,0,0,0,0,1,1,6,1,27,6,-1,-1,-1,1,1,1
2018135BS0325,2,9,0,18,0,2,0,0,0,0,3,1,6,1,34,6,-1,-1,-1,6,1,6
2018135BS0376,1,9,0,18,0,1,0,0,0,0,3,1,2,1,52,8,2400,2,8,9,2,9
2018135BS0376,2,9,0,18,0,2,0,0,0,0,3,1,2,1,52,8,2156,1,26,9,2,9
2018135BS0376,3,19,0,18,0,2,0,0,1,0,1,1,1,1,52,8,2198,2,4,-1,-1,-1
2018135BS0476,1,9,0,12,0,0,0,0,0,0,3,1,6,1,50,8,1968,2,8,9,-1,9
2018135BS0476,2,9,0,18,0,0,0,0,0,0,4,1,6,2,54,8,1798,8,2,3,1,3
2018135BS0968,1,9,0,18,0,0,0,0,0,0,1,1,1,1,31,6,2393,2,1,2,1,2
2018135BS1240,1,9,0,18,0,6,0,0,0,0,1,1,6,1,21,5,1598,1,11,9,1,9
2018135BS1240,2,9,0,18,0,8,0,0,0,0,3,1,6,2,39,7,1364,1,11,-1,-1,-1
2018135BS1550,1,9,0,18,0,0,0,0,0,0,1,1,6,3,-1,-1,-1,-1,-1,-1,-1,-1
2018135BS1550,2,9,0,18,0,0,0,0,0,0,3,1,6,2,45,7,1896,2,14,3,1,3
2018135BT0262,1,9,0,18,0,4,0,0,0,0,3,1,2,1,40,7,1995,2,10,1,2,1
2018135BT0262,2,1,0,18,0,8,2,0,0,0,1,1,2,1,55,8,-1,-1,-1,-1,-1,-1
2018135BT0296,1,19,0,5,0,4,0,0,0,0,1,1,6,1,31,6,2198,2,10,1,1,1
2018135BT0296,2,5,0,18,0,8,0,0,0,0,4,1,6,1,48,8,1195,1,3,3,3,3
2018135BT0367,1,9,0,9,0,6,0,0,0,0,1,1,1,2,48,8,2000,2,13,1,1,1
2018135BT0367,2,9,0,18,0,8,0,0,0,0,3,1,1,2,49,8,1242,1,4,3,1,3
2018135BT0377,1,9,0,4,0,0,0,0,0,0,2,1,2,2,17,4,1242,1,4,8,2,8
2018135BT0377,2,9,0,18,0,0,0,0,0,0,1,1,2,2,31,6,1598,1,8,5,1,5
2018135BT0640,1,9,0,13,0,0,0,0,0,0,0,1,6,3,-1,-1,-1,-1,-1,-1,-1,-1
2018135BT0640,2,90,0,18,0,0,0,0,0,0,0,1,1,3,-1,-1,-1,-1,-1,-1,-1,-1
2018135BT0640,3,9,0,18,0,0,0,0,0,0,2,1,6,1,27,6,-1,-1,-1,4,1,4
2018135BT0640,4,19,0,18,0,0,0,0,0,0,1,1,6,1,31,6,2400,2,15,-1,-1,-1
2018135BT1005,1,9,0,14,0,0,0,0,0,0,1,1,6,2,32,6,1560,2,8,3,1,3
2018135BT1005,2,19,0,2,0,0,0,0,0,0,2,1,6,1,34,6,2287,2,2,-1,-1,-1
2018135BT1005,3,19,0,2,0,0,0,0,0,0,2,1,6,1,41,7,2148,2,10,-1,-1,-1
2018135BT1088,1,9,0,18,0,2,0,0,0,0,1,1,6,2,20,4,1390,1,9,1,1,1
2018135BT1088,2,9,0,18,0,1,0,0,0,0,3,1,6,2,43,7,2993,2,4,6,1,6
2018135BT1195,1,9,0,1,0,0,0,0,0,0,2,1,6,2,22,5,1995,2,5,8,3,8
2018135BT1229,1,9,0,10,0,8,0,0,0,0,1,1,6,2,60,9,998,1,15,1,1,1
2018135BT1229,2,1,0,18,0,8,0,0,0,0,1,1,1,1,37,7,-1,-1,-1,1,1,1
2018135BT1366,1,9,0,4,0,0,0,0,0,0,2,1,6,1,31,6,-1,-1,-1,-1,-1,-1
2018135BT1366,2,9,0,18,0,0,0,0,0,0,1,1,2,2,39,7,1599,1,11,3,1,3
2018135BT1474,1,9,0,18,0,6,0,0,0,0,1,1,6,2,28,6,1598,2,-1,1,1,1
2018135BT1474,2,9,0,16,0,8,0,0,0,0,3,1,6,2,66,10,1200,1,1,7,2,7
2018135BT1474,3,19,0,16,0,8,0,0,0,0,3,1,6,1,37,7,-1,-1,-1,1,1,1
2018135BT1553,1,9,0,18,0,8,0,0,0,0,1,1,6,1,35,6,2993,2,11,6,1,6
2018135BT1920,1,9,0,18,0,8,0,0,7,1,4,1,2,1,22,5,1242,1,12,1,1,1
2018135BT1920,2,9,0,18,0,8,0,0,1,0,1,1,2,2,30,6,1364,1,12,1,1,1
2018135BT2005,1,9,0,9,0,8,0,0,0,0,4,1,6,3,-1,-1,998,1,9,-1,-1,-1
2018135BT2005,2,1,0,18,0,1,2,0,0,0,1,1,6,1,42,7,-1,-1,-1,9,1,9
2018135BU0298,1,1,0,18,0,8,2,0,0,0,1,1,6,1,34,6,-1,-1,-1,3,1,3
2018135BU0298,2,9,0,7,0,8,0,0,0,0,4,1,6,1,54,8,1598,2,3,1,1,1
2018135BU0304,1,11,0,18,0,0,0,0,0,0,0,1,1,1,40,7,-1,-1,-1,6,1,6
2018135BU0393,1,9,0,2,0,0,0,0,0,0,3,1,3,1,50,8,2180,2,22,1,1,1
2018135BU0393,2,9,0,18,0,0,0,0,0,0,4,1,3,2,38,7,1598,2,4,1,1,1
2018135BU0619,1,9,0,7,0,8,0,0,0,0,1,1,6,2,29,6,1753,2,10,1,1,1
2018135BU0748,1,19,0,18,0,2,0,0,0,0,1,1,6,1,29,6,1461,2,6,4,1,4
2018135BU0835,1,8,0,9,0,2,0,0,0,0,4,1,1,1,56,9,2143,2,3,1,1,1
2018135BU1001,1,9,0,18,0,2,0,0,0,0,1,1,6,1,88,11,1229,1,12,6,3,6
2018135BU1191,1,9,0,3,0,0,0,0,0,0,2,1,6,2,23,5,1598,1,-1,5,1,5
2018135BU1191,2,9,0,4,0,0,0,0,0,0,1,1,6,3,-1,-1,1587,1,10,-1,-1,-1
2018135BU1191,3,9,0,3,0,0,0,0,0,0,2,1,6,3,-1,-1,-1,-1,-1,-1,-1,-1
2018135BU1221,1,9,0,7,0,6,0,0,0,0,3,1,6,3,-1,-1,-1,-1,-1,-1,-1,-1
2018135BU1221,2,1,0,18,0,1,5,0,0,0,1,1,6,1,52,8,-1,-1,-1,7,1,7
2018135BU1289,1,9,0,17,0,1,2,0,2,2,1,1,6,2,40,7,1994,1,13,6,1,6
2018135BU1311,1,9,0,14,0,0,0,0,0,0,3,1,6,2,61,9,1598,1,4,9,1,9
2018135BU1324,1,3,0,18,0,0,0,0,0,0,4,1,6,1,26,6,124,1,5,3,1,3
2018135BU1324,2,9,0,18,0,0,0,0,0,0,3,1,6,1,40,7,2143,2,1,-1,-1,-1
2018135BU1433,1,9,0,14,0,0,2,0,8,5,1,1,6,1,25,5,1598,1,11,5,1,5
2018135BU1433,2,9,0,18,0,0,2,0,0,0,1,1,2,1,47,8,1197,1,3,10,1,10
2018135BU2059,1,9,0,9,0,8,0,0,0,0,1,1,6,1,52,8,1896,2,13,3,1,3
2018135BU2059,2,8,0,18,0,8,0,0,0,0,1,1,1,1,30,6,1995,2,6,1,1,1
2018135C10362,1,8,0,18,0,5,0,0,0,0,1,1,1,1,38,7,2354,1,8,1,1,1
2018135C10567,1,9,0,13,0,0,0,0,0,0,0,1,6,3,-1,-1,-1,-1,-1,-1,-1,-1
2018135C10567,2,11,0,18,0,0,0,0,0,0,0,1,1,1,40,7,9360,2,9,6,1,6
2018135C11015,1,11,0,4,0,0,0,0,0,0,0,1,1,2,-1,-1,4580,2,8,1,1,1
2018135C11163,1,8,0,5,0,0,0,0,0,0,0,1,1,1,-1,-1,-1,-1,-1,-1,-1,-1
2018135C11265,1,9,0,18,0,1,0,0,0,0,1,1,6,1,28,6,-1,-1,-1,-1,-1,-1
2018135C11265,2,9,0,9,0,1,0,0,0,0,3,1,6,2,31,6,1968,2,15,-1,-1,-1
2018135C11587,1,9,0,9,0,6,0,0,0,0,1,1,6,1,55,8,1587,1,11,6,3,6
2018135C11587,2,9,0,18,0,8,0,0,0,0,1,1,6,2,26,6,1499,1,-1,2,1,2
2018135C11748,1,9,0,9,0,8,0,0,0,0,1,1,6,1,48,8,1598,1,10,7,1,7
2018135C11748,2,9,0,18,0,8,0,0,0,0,1,1,6,2,18,4,1199,2,5,8,2,8
2018135C11748,3,9,0,18,0,1,0,0,0,0,1,1,6,1,48,8,1598,1,6,6,1,6
2018135C11881,1,9,0,18,0,0,0,0,0,11,1,1,6,1,22,5,1199,1,16,2,1,2
2018135C11881,2,9,0,18,0,0,0,0,0,0,0,1,1,1,34,6,2993,2,-1,1,1,1
2018135C20119,1,8,0,18,0,8,0,0,0,0,1,1,1,1,58,9,1998,2,5,1,1,1
2018135C20119,2,8,0,18,0,8,0,0,0,0,1,1,1,1,49,8,1997,2,1,2,1,2
2018135C20250,1,9,0,1,0,1,0,0,0,0,2,1,6,1,24,5,1968,2,7,1,1,1
2018135C20686,1,9,0,5,0,6,0,0,0,0,4,1,6,2,34,6,1598,1,6,-1,-1,-1
2018135C20686,2,1,0,18,0,8,0,0,0,0,1,1,6,1,33,6,-1,-1,-1,-1,-1,-1
2018135C21152,1,9,0,18,0,0,0,0,1,7,2,1,6,1,63,9,1329,1,6,-1,-1,-1
2018135C21152,2,9,0,18,0,0,0,0,0,0,1,1,6,2,52,8,-1,-1,-1,-1,-1,-1
2018135C21327,1,9,0,18,0,0,0,0,0,0,2,1,6,1,23,5,1896,2,12,6,1,6
2018135C21327,2,9,0,18,0,0,0,0,0,0,2,1,6,1,55,8,1995,2,2,8,1,8
2018135C21327,3,9,0,18,0,0,1,0,4,6,1,1,6,1,24,5,1995,2,1,4,1,4
2018135C21663,1,1,0,18,0,0,0,0,0,0,2,1,6,1,44,7,-1,-1,-1,3,1,3
2018135C21663,2,9,0,18,0,0,0,0,0,0,4,1,6,3,-1,-1,-1,-1,-1,-1,-1,-1
2018135C21880,1,9,0,18,0,0,0,0,0,0,0,1,6,3,-1,-1,-1,-1,-1,-1,-1,-1
2018135C21880,2,9,0,18,0,0,0,0,0,0,2,1,1,1,45,7,-1,-1,-1,3,1,3
2018135C21880,3,9,0,18,0,0,0,0,0,0,1,1,6,1,23,5,-1,-1,-1,5,1,5
2018135C21982,1,9,0,18,0,8,0,0,0,0,1,1,6,1,66,10,1596,1,14,-1,-1,-1
2018135C21982,2,9,0,9,0,8,0,0,0,0,3,1,6,2,40,7,1896,2,10,1,1,1
2018135C30216,1,9,0,9,0,6,0,0,0,0,1,1,6,2,52,8,1329,1,5,2,1,2
2018135C30216,2,9,0,18,0,8,0,0,0,0,1,1,6,1,52,8,1598,2,2,6,1,6
2018135C30266,1,9,0,18,0,4,0,0,0,0,3,1,2,1,26,6,1582,2,6,8,1,8
2018135C30266,2,1,0,9,0,8,0,0,0,0,1,1,6,1,38,7,-1,-1,-1,10,1,10
2018135C30434,1,9,0,18,0,0,0,0,0,0,3,1,6,2,48,8,1398,1,-1,7,1,7
2018135C30611,1,9,0,4,0,1,0,0,0,0,1,1,6,1,-1,-1,1560,2,12,-1,-1,-1
2018135C30611,2,9,0,4,0,1,0,0,0,0,0,1,1,1,36,7,2993,2,2,6,1,6
2018135C30611,3,9,0,3,0,1,0,0,0,0,2,1,1,1,25,5,1229,1,4,1,1,1
2018135C30800,1,8,0,5,0,0,0,0,0,0,0,1,1,1,64,9,1598,2,6,5,1,5
2018135C31361,1,9,0,18,0,0,0,0,0,0,1,1,6,3,-1,-1,-1,-1,-1,-1,-1,-1
2018135C31371,1,9,0,7,0,1,0,0,0,0,1,1,6,1,50,8,1598,2,4,8,3,8
2018135C31371,2,1,0,18,0,1,0,0,0,0,1,1,6,1,31,6,-1,-1,-1,1,1,1
2018135C31512,1,19,0,1,0,0,0,0,0,0,2,1,1,1,38,7,1968,2,-1,2,1,2
2018135C31596,1,9,0,18,0,0,0,0,0,0,1,1,6,1,30,6,1598,2,2,6,1,6
2018135C31596,2,9,0,18,0,0,0,0,0,0,3,1,6,2,33,6,1995,2,8,3,1,3
2018135C31629,1,9,0,13,0,0,0,0,0,0,0,1,6,2,36,7,1560,2,9,8,-1,8
2018135C31629,2,1,0,18,0,0,0,0,0,0,0,1,6,1,58,9,-1,-1,-1,2,1,2
2018135C40228,1,8,0,5,0,6,0,0,0,0,1,1,1,1,40,7,1995,2,1,3,1,3
2018135C40228,2,5,0,18,0,8,0,0,0,0,3,1,2,1,50,8,649,1,6,8,1,8
2018135C40292,1,9,0,18,0,2,0,0,0,0,1,1,6,1,29,6,1910,2,12,2,1,2
2018135C40292,2,9,0,18,0,2,0,0,0,0,2,1,6,2,23,5,1242,1,4,7,1,7
2018135C40292,3,9,0,18,0,2,0,0,0,0,2,1,6,1,50,8,1395,1,-1,5,1,5
2018135C40533,1,9,0,9,0,5,0,0,0,0,4,1,6,1,43,7,1596,1,12,6,1,6
2018135C40533,2,1,0,18,0,8,0,0,0,0,1,1,6,1,61,9,-1,-1,-1,6,1,6
2018135C40875,1,9,0,18,0,0,0,0,0,0,4,1,6,1,28,6,999,1,3,1,1,1
2018135C40891,1,9,0,18,0,0,0,0,0,0,3,1,6,1,61,9,1591,1,-1,-1,-1,-1
2018135C40891,2,9,0,18,0,0,0,0,0,0,1,1,6,2,28,6,999,1,2,-1,-1,-1
2018135C41175,1,9,0,18,0,8,0,0,0,0,2,1,6,2,20,4,1496,2,3,1,1,1
2018135C41175,2,9,0,18,0,8,0,0,0,0,1,1,6,2,24,5,1995,2,7,1,1,1
2018135C41228,1,21,1,3,0,1,0,0,0,0,1,1,1,1,48,8,12740,2,5,7,1,7
2018135C41275,1,3,0,7,0,8,0,0,0,0,1,1,6,1,17,4,124,1,9,3,1,3
2018135C41275,2,9,0,9,0,8,0,0,0,0,1,1,6,2,17,4,1200,1,5,2,1,2
2018135C41381,1,9,0,9,0,4,0,0,0,0,3,1,6,2,65,9,1229,1,8,8,1,8
2018135C41381,2,9,0,9,0,4,0,0,0,0,4,1,6,1,-1,-1,-1,-1,-1,-1,-1,-1
2018135C50245,1,9,0,18,0,4,0,0,0,0,1,1,2,1,37,7,1596,1,13,2,1,2
2018135C50245,2,9,0,9,0,3,0,0,0,0,1,1,2,2,27,6,1390,1,9,9,1,9
2018135C50306,1,9,0,18,0,0,0,0,0,0,1,1,6,1,19,4,1242,1,10,6,2,6
2018135C50306,2,3,0,9,0,0,0,0,0,0,1,1,6,1,18,4,124,1,5,2,1,2
2018135C50307,1,9,0,9,0,8,0,0,0,0,4,1,6,2,36,7,1798,8,-1,6,1,6
2018135C50307,2,9,0,18,0,8,0,0,0,0,1,1,6,3,-1,-1,998,1,2,-1,-1,-1
2018135C50329,1,9,0,5,0,8,0,0,0,0,3,1,6,2,28,6,1598,1,7,4,1,4
2018135C50329,2,9,0,18,0,8,0,0,0,0,4,1,6,1,39,7,1910,2,9,1,1,1
2018135C50589,1,11,0,9,0,0,0,0,0,0,0,1,1,1,62,9,7300,2,9,6,1,6
2018135C50617,1,1,0,18,0,1,0,0,0,0,1,1,6,1,27,6,-1,-1,-1,1,1,1
2018135C50617,2,19,0,18,0,1,0,0,0,0,2,1,6,1,-1,-1,-1,-1,-1,-1,-1,-1
2018135C50928,1,9,0,4,0,1,0,0,3,11,1,1,6,1,73,10,1591,1,1,2,1,2
2018135C50928,2,9,0,2,0,1,0,0,0,0,3,1,6,2,54,8,998,1,-1,8,1,8
2018135C51032,1,9,0,18,0,6,0,0,1,9,3,1,6,2,36,7,1956,2,4,6,1,6
2018135C51032,2,9,0,18,0,8,0,0,0,0,1,1,6,2,30,6,1582,2,2,1,1,1
2018135C51083,1,9,0,18,0,0,0,0,0,0,3,1,1,2,56,9,1149,1,6,-1,2,-1
2018135C51152,1,9,0,18,0,0,0,0,0,0,1,1,2,2,30,6,1229,1,7,10,3,10
2018135C51152,2,9,0,2,0,0,0,0,0,0,2,1,6,1,59,9,1590,1,15,5,1,5
2018135C51246,1,9,0,9,0,5,0,0,0,0,4,1,2,1,39,7,998,1,-1,2,1,2
2018135C51246,2,3,0,18,0,8,0,0,0,0,1,1,6,1,18,4,124,1,-1,6,1,6
2018135C51337,1,9,0,9,0,5,0,0,0,0,1,1,6,1,40,7,-1,-1,-1,2,2,2
2018135C51445,1,19,0,18,0,8,0,0,0,0,1,1,6,1,53,8,2198,2,2,4,1,4
2018135C51445,2,9,0,18,0,8,0,0,0,0,1,1,6,1,27,6,1956,2,6,6,1,6
2018135C51445,3,19,0,18,0,8,0,0,0,0,1,1,6,1,41,7,2143,2,1,6,1,6
2018135C51622,1,9,0,9,0,1,0,0,0,0,1,1,6,1,59,9,1498,1,-1,3,1,3
2018135C51622,2,9,0,18,0,1,0,0,0,0,1,1,6,2,20,4,1299,1,11,10,1,10
2018135C51622,3,9,0,18,0,1,0,0,0,0,1,1,6,1,55,8,1969,2,1,3,1,3
2018135C51815,1,9,0,18,0,8,0,0,0,0,1,1,6,1,22,5,2143,2,-1,4,1,4
2018135C51815,2,9,0,18,0,8,0,0,0,0,1,1,6,1,-1,-1,1984,1,3,-1,-1,-1
2018135C60253,1,19,0,18,0,0,0,0,0,0,1,1,6,1,59,9,1248,2,5,7,1,7
2018135C60253,2,9,0,18,0,0,0,0,0,0,1,1,6,2,49,8,1995,2,2,2,3,2
2018135C60253,3,9,0,18,0,0,0,0,0,0,1,1,6,1,49,8,1995,2,-1,3,1,3
2018135C60290,1,9,0,18,0,0,0,0,0,0,1,1,6,1,23,5,1248,2,8,2,1,2
2018135C60290,2,9,0,18,0,0,0,0,0,0,2,1,6,1,50,8,1591,1,6,5,2,5
2018135C60332,1,19,0,18,0,0,0,0,0,0,3,1,1,3,-1,-1,2198,2,2,-1,-1,-1
2018135C60332,2,9,0,18,0,0,0,0,1,9,3,1,3,2,26,6,2179,2,7,6,1,6
2018135C60363,1,9,0,18,0,2,0,0,0,0,4,1,6,1,49,8,998,1,-1,1,1,1
2018135C60466,1,9,0,18,0,0,0,0,0,0,0,1,6,1,28,6,1598,2,2,1,1,1
2018135C60466,2,9,0,18,0,0,0,0,0,0,0,1,6,2,25,5,1598,1,12,2,1,2
2018135C60491,1,11,0,18,0,0,0,0,0,0,1,1,1,1,22,5,7300,2,10,-1,-1,-1
2018135C60491,2,9,0,18,0,0,0,0,0,0,1,1,6,3,-1,-1,2496,1,17,-1,-1,-1
2018135C60773,1,9,0,18,0,0,0,0,0,0,1,1,6,2,48,8,1991,1,-1,-1,-1,-1
2018135C60773,2,9,0,2,0,0,0,0,0,0,2,1,6,3,-1,-1,1998,1,-1,-1,-1,-1
2018135C60827,1,8,0,18,0,0,0,0,0,0,1,1,1,1,38,7,1598,2,4,-1,-1,-1
2018135C60885,1,9,0,9,0,7,0,0,0,0,1,1,6,1,30,6,-1,-1,-1,-1,-1,-1
2018135C61256,1,9,0,18,0,0,0,0,0,0,1,1,6,3,50,8,-1,-1,-1,-1,-1,-1
2018135C61295,1,9,0,18,0,0,0,0,0,0,1,1,6,2,68,10,1587,1,10,2,1,2
2018135C61295,2,9,0,18,0,0,0,0,0,0,2,1,6,2,18,4,1242,1,8,4,1,4
2018135C61295,3,9,0,18,0,0,0,0,0,0,2,1,6,1,32,6,1956,2,4,2,1,2
2018135C61363,1,9,0,18,0,0,0,0,0,0,4,1,6,1,64,9,996,1,3,9,3,9
2018135C61456,1,19,0,18,0,0,0,0,0,0,3,1,1,1,32,6,2143,2,3,5,1,5
2018135C61625,1,9,0,9,0,6,0,0,0,0,3,1,6,1,22,5,1753,2,9,7,-1,7
2018135C61625,2,9,0,18,0,1,0,0,0,0,1,1,6,2,65,9,998,1,2,7,1,7
2018135C61750,1,9,0,18,0,8,0,0,0,0,1,1,6,1,42,7,1388,1,11,-1,-1,-1
2018135C61765,1,9,0,9,0,8,0,0,0,0,4,1,1,2,27,6,1995,2,-1,6,1,6
2018135C61765,2,9,0,18,0,1,0,0,0,0,1,1,1,1,33,6,1398,1,2,1,1,1
2018135C61765,3,9,0,9,0,8,0,0,0,0,0,1,1,3,-1,-1,-1,-1,-1,-1,-1,-1