Accident_Index,Vehicle_Reference,Vehicle_Type,Towing_and_Articulation,Vehicle_Manoeuvre,Vehicle_Location-Restricted_Lane,Junction_Location,Skidding_and_Overturning,Hit_Object_in_Carriageway,Vehicle_Leaving_Carriageway,Hit_Object_off_Carriageway,1st_Point_of_Impact,Was_Vehicle_Left_Hand_Drive?,Journey_Purpose_of_Driver,Sex_of_Driver,Age_of_Driver,Age_Band_of_Driver,Engine_Capacity_(CC),Propulsion_Code,Age_of_Vehicle,Driver_IMD_Decile,Driver_Home_Area_Type,Vehicle_IMD_Decile
2018135C61904,1,9,0,18,0,8,0,0,0,0,3,1,6,1,63,9,1560,2,8,5,1,5
2018135C61904,2,9,0,18,0,8,0,0,0,0,3,1,6,1,45,7,1560,2,3,9,2,9
2018135C61932,1,9,0,18,0,1,0,0,0,0,3,1,6,3,-1,-1,-1,-1,-1,-1,-1,-1
2018135C61932,2,1,0,18,0,1,0,0,0,0,1,1,6,2,22,5,-1,-1,-1,2,1,2
2018135C61940,1,9,0,18,0,0,0,0,0,0,1,1,6,3,-1,-1,-1,-1,-1,-1,-1,-1
2018135C70296,1,9,0,18,0,0,0,0,0,0,4,1,6,1,45,7,1685,2,1,-1,-1,-1
2018135C70332,1,9,0,18,0,0,0,0,0,0,1,1,1,2,53,8,1398,1,2,5,1,5
2018135C70353,1,9,0,9,0,6,0,0,0,0,1,1,3,2,38,7,2143,2,1,6,1,6
2018135C70353,2,9,0,7,0,6,0,0,0,0,1,1,3,1,45,7,1686,2,7,1,1,1
2018135C70431,1,8,0,16,0,0,1,0,0,0,1,1,6,2,75,10,1598,2,8,10,2,10
2018135C70431,2,8,0,4,0,0,0,0,0,0,2,1,6,2,34,6,1685,2,6,5,1,5
2018135C70431,3,19,0,2,9,0,0,0,0,0,1,1,6,1,-1,-1,2198,2,8,-1,-1,-1
2018135C70525,1,11,0,18,0,1,0,0,0,0,1,1,1,1,45,7,9360,2,9,2,2,2
2018135C70602,1,9,0,18,0,1,0,0,0,0,1,1,1,1,-1,-1,-1,-1,-1,-1,-1,-1
2018135C70602,2,1,0,18,0,1,0,0,0,0,1,1,6,1,24,5,-1,-1,-1,5,1,5
2018135C70788,1,9,0,9,0,5,0,0,0,0,1,1,1,1,39,7,-1,-1,-1,9,1,9
2018135C70788,2,1,0,18,0,8,0,0,0,0,1,1,6,1,46,8,-1,-1,-1,5,1,5
2018135C70960,1,9,0,18,0,2,0,0,0,0,4,1,6,2,28,6,998,1,2,3,1,3
2018135C71136,1,9,0,18,0,6,0,0,1,4,1,1,6,1,39,7,998,1,6,1,1,1
2018135C71136,2,9,0,18,0,8,0,0,1,4,3,1,6,2,87,11,1242,1,10,8,1,8
2018135C71161,1,11,0,18,3,0,0,0,0,0,3,1,1,2,28,6,9360,2,9,5,1,5
2018135C71237,1,9,0,18,0,0,0,0,0,0,1,1,6,1,82,11,1590,1,18,10,3,10
2018135C71243,1,9,0,1,0,8,0,0,0,0,2,1,6,1,42,7,1995,2,14,1,1,1
2018135C71268,1,9,0,10,0,1,0,0,0,0,3,1,6,1,31,6,-1,-1,-1,2,1,2
2018135C71268,2,9,0,18,0,1,0,0,0,0,1,1,6,3,-1,-1,-1,-1,-1,-1,-1,-1
2018135C71630,1,9,0,18,0,0,0,0,0,0,1,1,6,1,44,7,1956,2,4,5,1,5
2018135C71630,2,9,0,18,0,0,0,0,0,0,2,1,1,1,41,7,1582,2,6,3,1,3
2018135C80075,1,9,0,18,0,0,0,0,0,0,1,1,6,1,28,6,1299,1,13,1,1,1
2018135C80709,1,9,0,18,0,1,0,0,0,0,1,1,6,1,57,9,1461,2,4,4,1,4
2018135C80709,2,9,0,4,0,1,0,0,0,0,2,1,6,1,73,10,1796,1,8,1,1,1
2018135C81045,1,9,0,5,0,4,0,0,0,0,1,1,6,2,55,8,1968,2,2,6,1,6
2018135C81045,2,1,0,3,0,4,0,0,0,0,2,1,6,1,52,8,-1,-1,-1,4,1,4
2018135C81248,1,9,0,18,0,8,0,0,0,0,1,1,6,1,70,10,1998,2,12,5,2,5
2018135C81248,2,9,0,9,0,6,0,0,0,0,2,1,6,2,34,6,1242,1,14,9,1,9
2018135C81248,3,9,0,2,0,8,0,0,0,0,1,1,6,1,37,7,1560,2,7,1,1,1
2018135C81352,1,9,0,18,0,8,0,0,0,0,2,1,1,2,-1,-1,1560,2,1,-1,-1,-1
2018135C81352,2,9,0,18,0,8,0,0,0,0,1,1,6,1,24,5,-1,-1,-1,1,1,1
2018135C81439,1,9,0,9,0,5,0,0,0,0,1,1,6,1,85,11,1242,1,9,7,2,7
2018135C81496,1,9,0,18,0,0,1,0,1,11,1,1,6,1,25,5,1997,2,10,-1,-1,-1
2018135C81534,1,9,0,18,0,8,0,0,0,0,2,1,6,1,47,8,1598,1,7,1,1,1
2018135C81534,2,9,0,18,0,1,0,0,0,0,1,1,6,1,39,7,1600,1,14,8,1,8
2018135C81794,1,9,0,18,0,8,0,0,7,10,1,1,6,1,25,5,2204,2,12,3,1,3
2018135C81794,2,9,0,7,0,8,0,0,0,0,1,1,6,1,25,5,1984,1,1,2,1,2
2018135C81802,1,9,0,18,0,0,0,0,0,0,1,1,6,2,76,11,1598,2,8,-1,-1,-1
2018135C81802,2,1,0,18,0,0,0,0,0,0,1,1,6,1,59,9,-1,-1,-1,-1,-1,-1
2018135C81805,1,9,0,6,0,1,0,0,0,0,3,1,6,1,30,6,-1,-1,-1,4,1,4
2018135C81805,2,9,0,18,0,1,0,0,0,0,1,1,6,1,20,4,1242,1,11,2,1,2
2018135C90568,1,9,0,18,0,0,0,0,0,0,4,1,6,3,-1,-1,-1,-1,-1,-1,-1,-1
2018135C90576,1,9,0,18,0,8,0,0,0,0,1,1,3,1,23,5,998,1,5,1,1,1
2018135C90576,2,9,0,18,0,8,0,0,0,0,3,1,6,1,52,8,1364,1,2,8,1,8
2018135C90623,1,9,0,18,0,0,0,0,0,0,1,1,6,2,35,6,1229,1,12,1,1,1
2018135C90623,2,9,0,18,0,0,0,0,0,0,2,1,6,1,45,7,1595,1,-1,10,1,10
2018135C90697,1,9,0,18,0,0,0,0,0,0,1,1,6,2,19,4,1149,1,8,8,1,8
2018135C90697,2,9,0,18,0,0,0,0,0,0,2,1,6,2,49,8,2993,2,8,8,1,8
2018135C90757,1,9,0,18,0,1,0,0,0,0,1,1,6,1,45,7,1686,2,7,3,1,3
2018135C90757,2,9,0,18,0,1,0,0,0,0,1,1,6,1,58,9,1997,2,1,1,1,1
2018135C90757,3,9,0,18,0,1,0,0,0,0,1,1,6,1,78,11,2157,2,1,7,3,7
2018135C90784,1,9,0,18,0,8,0,0,0,0,3,1,6,1,33,6,998,1,-1,2,1,2
2018135C90784,2,9,0,18,0,8,0,0,0,0,1,1,6,1,47,8,1968,2,12,1,1,1
2018135C90798,1,9,0,9,0,8,0,0,0,0,3,1,6,1,80,11,1364,1,11,1,1,1
2018135C90798,2,9,0,18,0,8,0,0,0,0,4,1,6,1,37,7,1591,1,6,5,1,5
2018135C90864,1,9,0,18,0,2,0,0,0,0,2,1,6,2,26,6,1149,1,1,5,1,5
2018135C90864,2,3,0,18,0,2,1,0,0,0,1,1,6,1,27,6,125,1,-1,3,1,3
2018135C91156,1,9,0,12,0,0,1,0,0,0,2,1,2,1,43,7,3189,1,13,8,3,8
2018135C91156,2,9,0,13,0,0,2,0,5,6,1,1,1,1,41,7,-1,-1,-1,1,1,1
2018135C91156,3,9,0,13,0,0,0,0,0,0,0,1,1,1,43,7,-1,-1,-1,1,1,1
2018135C91156,4,11,0,18,0,0,0,0,0,0,3,1,1,1,45,7,11967,2,10,4,3,4
2018135C91441,1,1,0,16,0,0,5,0,7,9,1,1,6,1,43,7,-1,-1,-1,9,1,9
2018135C91441,2,9,0,17,0,0,0,0,0,0,1,1,6,1,71,10,2993,2,4,10,1,10
2018135C91592,1,9,0,14,0,0,0,0,0,0,4,1,6,1,67,10,1149,1,8,2,1,2
2018135C91592,2,9,0,2,0,0,0,0,0,0,3,1,6,2,38,7,2204,2,10,5,1,5
2018135CA0793,1,9,0,16,0,0,0,0,0,0,1,1,6,1,33,6,1299,1,17,1,1,1
2018135CA0793,2,9,0,17,0,0,0,0,0,0,1,1,6,1,78,11,1991,2,9,1,1,1
2018135CA1058,1,1,0,17,0,2,5,4,1,0,1,1,6,2,33,6,-1,-1,-1,-1,-1,-1
2018135CA1058,2,9,0,2,0,1,0,0,0,0,2,1,6,3,-1,-1,1968,2,8,-1,-1,-1
2018135CA1058,3,9,0,16,0,1,0,0,0,0,0,1,6,1,39,7,1999,2,2,-1,-1,-1
2018135CA1151,1,9,0,18,0,0,0,0,0,0,1,1,6,1,-1,-1,999,1,3,-1,-1,-1
2018135CA1311,1,9,0,18,0,0,0,0,0,0,3,1,2,1,48,8,-1,-1,-1,6,1,6
2018135CA1311,2,1,0,18,0,0,0,0,0,0,4,1,2,1,28,6,-1,-1,-1,4,1,4
2018135CA1324,1,9,0,18,0,0,0,0,0,0,1,1,6,1,74,10,1339,1,8,8,1,8
2018135CA1324,2,9,0,4,0,0,0,0,0,0,2,1,2,1,22,5,998,1,2,4,1,4
2018135CA1436,1,8,0,18,0,0,0,0,0,0,3,1,6,1,25,5,1968,2,2,3,1,3
2018135CA1491,1,9,0,18,0,8,0,0,0,0,1,1,6,2,39,7,1590,1,16,1,1,1
2018135CA1491,2,9,0,9,0,8,0,0,0,0,1,1,6,2,30,6,1999,2,-1,3,3,3
2018135CA1592,1,9,0,7,0,1,0,0,0,0,1,1,6,3,-1,-1,-1,-1,-1,-1,-1,-1
2018135CA1735,1,9,0,18,0,1,0,0,0,0,1,1,6,2,34,6,1248,2,3,3,1,3
2018135CA1735,2,9,0,18,0,1,0,0,0,0,4,1,6,1,60,9,1398,1,2,7,2,7
2018135CA1755,1,9,0,18,0,8,0,0,0,0,1,1,6,3,-1,-1,-1,-1,-1,-1,-1,-1
2018135CA1755,2,9,0,18,0,8,0,0,0,0,3,1,6,2,31,6,1560,2,5,-1,-1,-1
2018135CA1800,1,9,0,18,0,0,5,4,0,0,1,1,6,1,32,6,1596,1,15,4,1,4
2018135CA1800,2,9,0,2,0,0,0,0,0,0,3,1,6,1,-1,-1,1200,1,-1,-1,-1,-1
2018135CB0041,1,9,0,9,0,6,0,0,7,0,1,1,6,2,19,4,1229,1,6,3,1,3
2018135CB0041,2,9,0,18,0,1,0,0,7,0,4,1,1,1,34,6,2993,2,-1,6,1,6
2018135CB0204,1,9,0,18,0,1,0,0,0,0,1,1,2,1,56,9,1956,2,7,7,1,7
2018135CB0226,1,9,0,18,0,0,0,0,0,0,0,1,6,3,-1,-1,-1,-1,-1,-1,-1,-1
2018135CB0226,2,9,0,18,0,0,0,0,0,0,4,1,6,2,39,7,-1,-1,-1,-1,-1,-1
2018135CB0226,3,9,0,18,0,0,1,0,0,6,4,1,6,1,45,7,1560,2,13,1,1,1
2018135CB0226,4,9,0,18,0,0,0,0,0,0,1,1,6,1,25,5,1598,2,3,5,2,5
2018135CB0273,1,9,0,4,0,0,0,0,0,0,1,1,6,2,47,8,1461,2,2,7,3,7
2018135CB0273,2,9,0,4,0,0,0,0,0,0,2,1,6,1,38,7,1461,2,1,8,1,8
2018135CB0273,3,9,0,4,0,0,0,0,0,0,2,1,6,1,28,6,1598,2,1,6,1,6
2018135CB0323,1,1,0,14,0,0,5,4,0,0,4,1,2,1,34,6,-1,-1,-1,7,1,7
2018135CB0323,2,9,0,2,0,0,0,0,0,0,3,1,6,2,-1,-1,2496,1,15,-1,-1,-1
2018135CB0323,3,9,0,14,0,0,0,0,0,0,0,1,6,3,51,8,-1,-1,-1,-1,-1,-1
2018135CB0323,4,10,0,3,0,0,0,0,0,0,3,1,1,1,-1,-1,-1,-1,-1,2,1,2
2018135CB0325,1,8,0,5,0,0,0,0,0,0,1,1,1,1,48,8,2143,12,2,1,1,1
2018135CB0345,1,9,0,18,0,0,0,0,0,0,1,1,2,2,44,7,1229,1,5,2,1,2
2018135CB0345,2,9,0,18,0,0,0,0,0,0,2,1,2,2,26,6,1999,2,1,3,1,3
2018135CB0435,1,1,0,18,0,8,0,0,0,0,1,1,6,1,58,9,-1,-1,-1,7,1,7
2018135CB0505,1,9,0,18,0,1,0,0,0,0,1,1,6,1,36,7,2179,2,8,1,1,1
2018135CB0505,2,8,0,3,0,1,0,0,0,0,2,1,1,1,56,9,1797,8,5,3,1,3
2018135CB0655,1,3,0,18,0,8,2,0,0,0,1,1,6,2,31,6,124,1,14,6,1,6
2018135CB0655,2,9,0,9,0,8,0,0,0,0,1,1,6,1,76,11,1968,2,10,6,1,6
2018135CB0856,1,9,0,18,0,8,0,0,0,0,1,1,6,2,38,7,1794,1,13,1,1,1
2018135CB0856,2,9,0,18,0,8,0,0,0,0,3,1,6,2,55,8,1395,1,-1,3,1,3
2018135CB1118,1,9,0,1,0,0,0,0,0,0,2,1,2,1,50,8,2191,2,2,6,1,6
2018135CB1156,1,9,0,5,0,6,0,0,0,0,1,1,6,1,30,6,1248,2,9,-1,-1,-1
2018135CB1156,2,9,0,18,0,8,0,0,0,0,4,1,6,2,33,6,1582,2,7,-1,-1,-1
2018135CB1339,1,9,0,6,0,0,0,0,0,0,3,1,6,1,46,8,1995,2,9,1,1,1
2018135CB1339,2,4,0,15,0,0,0,0,0,0,1,1,6,1,34,6,501,1,13,2,1,2
2018135CB1458,1,9,0,13,0,8,0,0,1,11,4,1,6,2,18,4,1299,1,13,3,1,3
2018135CB1458,2,9,0,13,0,8,5,0,1,11,1,1,6,2,20,4,1229,1,5,9,1,9
2018135CB1458,3,9,0,4,0,8,0,0,1,11,1,1,6,1,58,9,1197,1,3,7,3,7
2018135CB1458,4,9,0,4,0,1,0,0,0,0,1,1,2,2,53,8,1598,1,2,6,3,6
2018135CB1497,1,19,0,7,0,8,0,0,0,0,1,1,6,1,-1,-1,-1,-1,-1,-1,-1,-1
2018135CB1497,2,9,0,18,0,8,0,0,0,0,4,1,6,2,31,6,2993,2,7,10,3,10
2018135CB1499,1,90,0,18,0,0,2,11,1,11,1,1,6,3,-1,-1,-1,-1,-1,-1,-1,-1
2018135CB1505,1,9,0,18,0,0,0,0,0,0,1,1,6,2,-1,-1,1229,1,-1,-1,-1,-1
2018135CB1892,1,1,0,9,0,8,0,0,0,0,1,1,6,1,33,6,-1,-1,-1,4,1,4
2018135CB1892,2,9,0,18,0,8,0,0,0,0,1,1,6,1,37,7,1910,2,11,3,1,3
2018135CB1964,1,9,0,18,0,0,0,0,7,1,1,1,6,1,68,10,1598,2,1,3,1,3
2018135CC0244,1,19,0,4,0,0,0,0,0,0,1,1,1,1,57,9,1560,2,1,9,1,9
2018135CC0244,2,9,0,4,0,0,0,0,0,0,2,1,1,2,28,6,2143,2,2,4,1,4
2018135CC0270,1,3,0,18,0,1,0,0,0,0,3,1,6,1,42,7,124,1,2,5,2,5
2018135CC0270,2,9,0,13,0,1,0,0,0,0,4,1,6,3,-1,-1,-1,-1,-1,-1,-1,-1
2018135CC0275,1,9,0,3,0,1,0,0,0,0,1,1,6,1,37,7,2143,2,3,8,1,8
2018135CC0303,1,9,0,18,0,1,0,0,0,0,1,1,2,1,30,6,2720,2,13,8,2,8
2018135CC0303,2,9,0,10,0,5,0,0,0,0,2,1,2,2,18,4,898,1,-1,3,1,3
2018135CC0392,1,3,0,9,0,1,0,0,0,0,1,1,6,1,24,5,124,1,12,1,1,1
2018135CC0392,2,9,0,18,0,1,0,0,0,0,3,1,6,2,64,9,1598,1,14,1,1,1
2018135CC0433,1,9,0,18,0,1,0,0,0,0,1,1,6,1,20,4,1598,1,8,8,1,8
2018135CC0626,1,9,0,18,0,0,0,0,0,0,3,1,6,2,52,8,2231,2,11,4,1,4
2018135CC0699,1,9,0,9,0,8,0,0,0,0,4,1,6,3,-1,-1,-1,-1,-1,-1,-1,-1
2018135CC0699,2,1,0,18,0,8,5,0,0,0,1,1,6,2,75,10,-1,-1,-1,8,1,8
2018135CC0760,1,1,0,9,0,0,0,0,0,0,3,1,6,1,27,6,-1,-1,-1,4,1,4
2018135CC0760,2,9,0,18,0,0,0,0,0,0,1,1,6,1,-1,-1,2495,2,20,-1,-1,-1
2018135CC1046,1,9,0,18,0,0,0,0,0,0,1,1,6,2,-1,-1,-1,-1,-1,-1,-1,-1
2018135CC1201,1,9,0,18,0,0,0,0,0,0,1,1,6,1,74,10,1461,2,1,3,3,3
2018135CC1201,2,9,0,18,0,0,0,0,0,0,1,1,1,1,48,8,-1,-1,-1,7,1,7
2018135CC1241,1,19,0,18,0,4,0,0,0,0,4,1,6,3,-1,-1,2299,2,4,-1,-1,-1
2018135CC1241,2,9,0,18,0,8,0,0,0,0,3,1,6,2,43,7,1598,2,8,1,1,1
2018135CC1255,1,9,0,9,0,1,0,0,0,0,1,1,6,1,30,6,1995,2,11,5,1,5
2018135CC1443,1,9,0,18,0,0,0,0,0,0,1,1,6,2,31,6,1360,1,11,7,1,7
2018135CC1443,2,9,0,18,0,0,0,0,0,0,2,1,1,1,51,8,2179,2,3,-1,-1,-1
2018135CC1625,1,19,0,5,0,0,0,0,0,0,3,1,1,1,46,8,1995,2,-1,8,1,8
2018135CC1625,2,9,0,18,0,0,0,0,0,0,1,1,6,1,37,7,1995,1,13,-1,-1,-1
2018135CC1635,1,9,0,18,0,0,0,0,0,0,2,1,1,1,34,6,1197,1,1,1,1,1
2018135CC1635,2,9,0,18,0,0,0,0,0,0,1,1,1,2,25,5,1598,2,4,3,1,3
2018135CC1753,1,9,0,18,0,8,0,0,0,0,1,1,6,2,50,8,1598,2,2,4,2,4
2018135CC1753,2,9,0,9,0,8,0,0,0,0,4,1,6,2,20,4,998,1,12,4,1,4
2018135CD0267,1,9,0,9,0,6,0,0,0,0,4,1,6,1,57,9,2793,1,18,8,1,8
2018135CD0267,2,9,0,18,0,8,0,0,0,0,1,1,6,1,51,8,1999,1,2,4,1,4
2018135CD0336,1,9,0,15,0,0,0,0,0,0,1,1,6,1,32,6,1956,2,5,5,2,5
2018135CD0461,1,9,0,2,0,0,0,0,0,0,2,1,1,1,37,7,1995,2,8,4,1,4
2018135CD0461,2,19,0,1,0,0,0,0,0,0,2,1,6,1,49,8,1870,2,12,3,1,3
2018135CD0593,1,9,0,3,0,0,0,0,0,0,2,1,6,2,50,8,1798,1,10,2,1,2
2018135CD0593,2,9,0,18,0,0,0,0,0,0,1,1,6,1,-1,-1,1590,1,15,-1,-1,-1
2018135CD1031,1,9,0,18,0,0,0,0,0,0,1,1,6,3,-1,-1,-1,-1,-1,-1,-1,-1
2018135CD1031,2,3,0,18,0,0,0,0,0,0,1,1,6,1,25,5,-1,-1,-1,2,1,2
2018135CD1056,1,1,0,13,0,0,0,0,0,0,4,1,6,1,54,8,-1,-1,-1,9,1,9
2018135CD1056,2,9,0,5,0,0,0,0,0,0,3,1,6,1,68,10,898,1,3,9,1,9
2018135CD1105,1,9,0,18,0,0,0,0,7,4,1,1,6,2,48,8,1388,1,9,3,1,3
2018135CD1105,2,9,0,5,0,0,0,0,0,0,0,1,6,2,-1,-1,1560,2,7,2,1,2
2018135CD1348,1,9,0,18,0,8,0,0,0,0,1,1,6,1,60,9,2378,1,10,-1,-1,-1
2018135CD1348,2,9,0,18,0,8,0,0,0,0,1,1,6,1,22,5,1596,1,12,1,1,1
2018135CD1424,1,8,0,18,0,0,0,0,0,0,1,1,1,1,31,6,1968,2,3,1,1,1
2018135CD1424,2,1,0,18,0,0,0,0,0,0,2,1,6,1,34,6,-1,-1,-1,1,1,1
2018135CD1569,1,9,0,9,0,1,0,0,0,0,1,1,6,3,-1,-1,-1,-1,-1,-1,-1,-1
2018135CD1569,2,1,0,18,0,1,0,0,0,0,1,1,6,1,23,5,-1,-1,-1,5,1,5
2018135CD1626,1,9,0,7,0,3,0,0,0,0,1,1,6,3,-1,-1,-1,-1,-1,-1,-1,-1
2018135CD1626,2,1,0,7,0,3,0,0,0,0,4,1,6,1,49,8,-1,-1,-1,8,1,8
2018135CD1917,1,9,0,7,0,3,0,0,6,0,1,1,6,3,-1,-1,-1,-1,-1,-1,-1,-1
2018135CD1917,2,9,0,18,0,1,0,0,0,0,1,1,6,2,58,9,1999,2,-1,5,1,5
2018135CE0068,1,9,0,17,0,0,1,0,2,7,1,1,6,1,36,7,1910,2,10,1,1,1
2018135CE0068,2,21,0,16,0,0,1,0,1,0,1,1,1,1,40,7,12809,2,1,1,1,1
2018135CE0230,1,21,1,18,0,0,0,0,0,0,4,1,1,1,27,6,12777,2,5,5,1,5
2018135CE0230,2,9,0,12,0,0,0,0,4,6,3,1,2,1,21,5,-1,-1,-1,1,1,1
2018135CE0245,1,19,0,18,0,1,0,0,0,0,1,1,6,1,37,7,1968,2,6,4,1,4
2018135CE0245,2,9,0,3,0,1,0,0,0,0,2,1,6,2,43,7,1591,1,3,2,1,2
2018135CE0280,1,3,0,14,0,8,0,0,8,11,1,1,6,1,35,6,124,1,7,3,1,3
2018135CE0280,2,9,0,9,0,5,0,0,0,0,3,1,6,2,29,6,998,1,1,3,1,3
2018135CE0474,1,9,0,18,0,0,0,0,0,0,1,1,6,1,81,11,1598,2,5,8,3,8
2018135CE0495,1,9,0,18,0,0,0,4,0,0,1,1,6,1,62,9,1422,2,3,3,1,3
2018135CE0495,2,9,0,2,0,0,0,0,0,0,2,1,6,2,59,9,1499,2,1,5,1,5
2018135CE0495,3,11,0,18,0,0,0,0,0,0,1,1,1,1,51,8,9360,2,9,3,1,3
2018135CE0609,1,9,0,1,0,0,0,0,0,0,2,1,6,2,49,8,1797,8,7,2,1,2
2018135CE0609,2,20,0,2,0,0,0,0,0,0,1,1,1,1,69,10,-1,-1,-1,2,1,2
2018135CE0698,1,9,0,9,0,6,0,0,0,0,1,1,6,1,47,8,1997,2,2,7,1,7
2018135CE0815,1,9,0,18,0,0,0,0,0,0,4,1,6,2,28,6,1995,2,12,1,1,1
2018135CE0815,2,9,0,6,0,0,0,4,0,0,3,1,6,1,79,11,1596,1,12,5,1,5
2018135CE0815,3,9,0,2,0,0,0,0,0,0,3,1,6,2,29,6,1686,2,4,7,1,7
2018135CE1087,1,19,0,9,0,8,0,0,0,0,1,1,6,1,-1,-1,1995,2,-1,-1,-1,-1
2018135CE1101,1,9,0,18,0,8,0,0,0,0,1,1,6,1,35,6,1364,2,13,1,1,1
2018135CE1101,2,9,0,2,0,2,0,4,0,0,1,1,6,2,41,7,1329,1,7,1,1,1
2018135CE1220,1,19,0,4,0,0,0,0,0,0,1,1,1,1,19,4,-1,-1,-1,4,1,4
2018135CE1220,2,9,0,4,0,0,0,0,0,0,2,1,6,1,25,5,1956,2,6,3,1,3
2018135CE1220,3,9,0,4,0,0,0,0,0,0,2,1,1,1,57,9,1461,2,4,2,1,2
2018135CE1220,4,9,0,4,0,0,0,0,0,0,2,1,6,1,23,5,1560,2,8,2,1,2
2018135CE1274,1,9,0,3,0,1,0,0,0,0,2,1,6,2,70,10,1198,1,16,8,3,8
2018135CE1274,2,9,0,18,0,1,0,0,0,0,1,1,6,1,-1,-1,1968,2,7,2,1,2
2018135CE1376,1,19,0,18,0,0,0,0,0,0,1,1,6,1,53,8,2143,2,5,-1,-1,-1
2018135CE1376,2,9,0,4,0,0,0,0,0,0,2,1,6,2,28,6,1968,2,4,9,1,9
2018135CE1376,3,9,0,4,0,0,0,0,0,0,2,1,6,1,62,9,1968,2,3,9,3,9
2018135CE1376,4,9,0,4,0,0,0,0,0,0,2,1,6,1,39,7,1560,2,5,9,1,9
2018135CE1376,5,9,0,18,0,0,0,0,0,0,2,1,6,1,39,7,1956,2,5,9,1,9
2018135CE1402,1,9,0,18,0,0,0,0,0,0,1,1,2,2,43,7,1598,2,4,1,1,1
2018135CE1465,1,9,0,18,0,8,0,0,0,0,1,1,6,1,58,9,1248,2,12,2,1,2
2018135CE1728,1,9,0,18,0,0,0,0,0,6,4,1,6,2,44,7,1596,1,14,6,1,6
2018135CE1728,2,21,1,18,0,0,0,0,0,0,3,1,1,1,35,6,11946,2,7,2,1,2
2018135CE1818,1,20,0,12,0,0,0,0,7,4,1,1,1,1,57,9,4461,2,8,1,1,1
2018135CE1818,2,9,0,18,0,0,0,0,1,9,1,1,6,2,43,7,1368,1,3,2,1,2
2018135CE1925,1,9,0,18,0,8,1,0,8,7,1,1,2,2,27,6,998,1,8,2,1,2
2018135CE2049,1,9,0,18,0,0,1,0,1,11,1,1,6,1,45,7,1598,2,3,-1,-1,-1
2018135CF0936,1,9,0,18,0,0,0,0,0,0,2,1,6,1,52,8,1968,2,7,2,1,2
2018135CF0936,2,9,0,18,0,0,0,0,0,0,1,1,6,1,40,7,1398,1,5,1,1,1
2018135CF0985,1,9,0,18,0,0,0,0,0,0,1,1,6,2,19,4,1200,1,3,7,2,7
2018135CF1269,1,9,0,18,0,0,0,0,0,0,1,1,6,3,-1,-1,1753,2,12,-1,-1,-1
2018135CF1269,2,9,0,4,0,0,0,0,0,0,2,1,6,2,38,7,1598,2,3,3,1,3
2018135CF1867,1,9,0,9,0,6,0,0,0,0,2,1,6,1,21,5,1598,2,9,1,1,1
2018135CF1867,2,9,0,18,0,8,1,0,0,0,1,1,1,1,45,7,2993,2,2,6,1,6
2018135CG0091,1,8,0,18,0,8,0,0,0,0,1,1,1,1,46,8,1997,2,7,2,1,2
2018135CG0639,1,9,0,5,0,8,0,0,0,0,4,1,6,1,55,8,2000,1,12,8,1,8
2018135CG0639,2,1,0,18,0,8,0,0,0,0,3,1,6,1,67,10,-1,-1,-1,4,3,4
2018135CG0688,1,9,0,9,0,1,0,0,0,0,1,1,6,1,33,6,2987,2,1,1,1,1
2018135CG0688,2,1,0,18,0,1,0,0,0,0,1,1,6,1,68,10,-1,-1,-1,6,1,6
2018135CG0691,1,9,0,18,0,0,0,0,0,0,0,1,6,1,46,8,998,1,7,6,1,6
2018135CG0691,2,9,0,18,0,0,0,0,0,0,2,1,6,2,22,5,1498,1,1,9,1,9
2018135CG0691,3,9,0,18,0,0,1,0,0,0,1,1,6,2,31,6,1242,1,6,9,3,9
2018135CG1160,1,9,0,18,0,0,0,0,0,0,1,1,6,3,-1,-1,-1,-1,-1,-1,-1,-1
2018135CG1241,1,9,0,10,0,1,0,0,0,0,3,1,6,1,69,10,1596,1,13,2,1,2
2018135CG1241,2,9,0,18,0,1,0,0,0,0,1,1,6,1,24,5,2993,2,7,3,1,3
2018135CG1548,1,9,0,18,0,0,0,0,0,0,2,1,6,1,33,6,1560,2,4,5,1,5
2018135CG1548,2,9,0,18,0,0,0,0,0,0,1,1,6,1,25,5,998,1,5,6,1,6
2018135CH0249,1,9,0,9,0,1,0,0,3,0,3,1,6,2,66,10,1596,1,7,4,1,4
2018135CH0249,2,9,0,18,0,1,0,0,7,0,1,1,2,1,32,6,1199,2,5,1,1,1
2018135CH0280,1,19,0,18,0,0,0,0,0,0,1,1,1,1,25,5,2143,2,-1,-1,-1,-1
2018135CH0280,2,9,0,18,0,0,0,0,0,0,1,1,6,2,52,8,998,1,7,-1,-1,-1
2018135CH0453,1,20,0,18,0,0,0,0,0,0,1,1,1,1,46,8,-1,-1,-1,4,1,4
2018135CH0453,2,9,0,18,0,0,0,0,0,0,2,1,1,2,47,8,-1,-1,-1,2,1,2
2018135CH0498,1,9,0,18,0,8,0,0,0,0,3,1,6,3,-1,-1,-1,-1,-1,-1,-1,-1
2018135CH0498,2,1,0,18,0,8,0,0,0,0,4,1,6,1,36,7,-1,-1,-1,5,1,5
2018135CH0518,1,19,0,9,0,7,0,0,0,0,1,1,1,1,53,8,-1,-1,-1,1,1,1
2018135CH0619,1,9,0,1,0,0,0,0,0,0,2,1,6,1,67,10,3498,1,6,-1,-1,-1
2018135CH0840,1,9,0,8,0,8,0,0,0,0,4,1,6,2,25,5,1598,2,4,7,1,7
2018135CH0840,2,1,0,18,0,8,0,0,0,0,3,1,6,1,22,5,-1,-1,-1,1,1,1
2018135CH0869,1,9,0,18,0,1,0,0,0,0,1,1,6,1,30,6,998,1,3,2,1,2
2018135CH0869,2,9,0,3,0,1,0,0,0,0,2,1,6,1,29,6,1995,2,5,4,1,4
2018135CH0893,1,9,0,9,0,0,0,0,0,0,3,1,6,1,29,6,1968,2,8,1,1,1
2018135CH0893,2,9,0,13,0,0,0,0,0,0,1,1,6,1,-1,-1,2000,2,13,1,1,1
2018135CH1052,1,9,0,9,0,1,0,0,0,0,0,1,6,2,52,8,1388,1,12,3,1,3
2018135CH1052,2,9,0,18,0,1,0,0,0,0,3,1,6,2,49,8,999,1,2,2,1,2
2018135CH1376,1,9,0,9,0,8,0,0,0,0,3,1,2,2,24,5,998,1,-1,6,3,6