Accident_Index,Vehicle_Reference,Vehicle_Type,Towing_and_Articulation,Vehicle_Manoeuvre,Vehicle_Location-Restricted_Lane,Junction_Location,Skidding_and_Overturning,Hit_Object_in_Carriageway,Vehicle_Leaving_Carriageway,Hit_Object_off_Carriageway,1st_Point_of_Impact,Was_Vehicle_Left_Hand_Drive?,Journey_Purpose_of_Driver,Sex_of_Driver,Age_of_Driver,Age_Band_of_Driver,Engine_Capacity_(CC),Propulsion_Code,Age_of_Vehicle,Driver_IMD_Decile,Driver_Home_Area_Type,Vehicle_IMD_Decile
2018135CH1376,2,9,0,18,0,8,0,0,0,0,1,1,2,1,49,8,1995,2,2,6,1,6
2018135CH1397,1,9,0,18,0,0,0,0,0,0,4,1,6,3,-1,-1,998,1,16,-1,-1,-1
2018135CH1480,1,9,0,18,0,1,0,0,0,0,1,1,6,3,-1,-1,-1,-1,-1,-1,-1,-1
2018135CH1606,1,9,0,5,0,6,0,0,0,0,0,1,1,1,44,7,1598,2,5,1,1,1
2018135CH1606,2,2,0,18,0,1,2,0,0,0,1,1,6,1,16,4,49,1,14,3,1,3
2018135CI0304,1,9,0,9,0,1,0,0,0,0,3,1,2,1,30,6,1598,2,4,6,1,6
2018135CI0304,2,9,0,18,0,8,0,0,0,0,4,1,2,2,29,6,1197,1,3,2,1,2
2018135CI0409,1,9,0,18,0,0,0,0,0,0,1,1,6,2,28,6,1398,1,-1,1,1,1
2018135CI0933,1,9,0,18,0,0,0,0,0,0,2,1,1,1,50,8,-1,-1,-1,5,1,5
2018135CI0933,2,9,0,4,0,0,0,0,0,0,1,1,6,1,48,8,1798,8,2,5,1,5
2018135CI1012,1,9,0,9,0,8,0,0,0,0,3,1,6,1,18,4,1397,1,16,1,1,1
2018135CI1012,2,9,0,18,0,8,0,0,0,0,1,1,6,1,60,9,1248,2,11,1,1,1
2018135CI1122,1,9,0,18,0,1,0,0,0,0,1,1,6,1,55,8,1753,2,9,6,1,6
2018135CI1122,2,9,0,18,0,2,0,0,0,0,1,1,6,2,40,7,1360,1,13,1,1,1
2018135CI1194,1,9,0,18,0,8,0,0,0,0,4,1,6,1,21,5,998,1,3,5,1,5
2018135CI1194,2,9,0,7,0,6,0,0,0,0,1,1,6,3,-1,-1,1997,2,14,-1,-1,-1
2018135CI1196,1,9,0,5,0,6,0,0,0,0,3,1,1,1,58,9,2494,2,5,5,1,5
2018135CI1196,2,1,0,18,0,8,0,0,0,0,1,1,2,1,58,9,-1,-1,-1,9,2,9
2018135CI1318,1,9,0,18,0,0,0,0,0,0,1,1,6,2,36,7,1995,2,8,9,1,9
2018135CI1377,1,9,0,18,0,1,0,0,0,0,1,1,6,1,24,5,1968,2,4,1,1,1
2018135CI1377,2,9,0,18,0,1,0,0,0,0,1,1,1,2,28,6,1598,1,3,7,1,7
2018135CI1491,1,9,0,18,0,1,0,0,0,0,1,1,6,1,24,5,998,1,2,1,1,1
2018135CI1494,1,9,0,18,0,0,0,0,0,0,1,1,6,1,36,7,1598,2,5,2,1,2
2018135CI1494,2,9,0,18,0,0,0,0,0,0,1,1,6,1,30,6,1968,2,12,3,1,3
2018135CI1719,1,9,0,7,0,6,0,0,0,0,1,1,6,1,-1,-1,-1,-1,-1,4,1,4
2018135CI1719,2,1,0,18,0,8,0,0,0,0,4,1,6,1,33,6,-1,-1,-1,6,2,6
2018135CJ0335,1,9,0,18,0,0,0,0,0,0,1,1,2,1,46,8,1242,1,14,8,2,8
2018135CJ0446,1,9,0,18,0,8,0,0,0,0,3,1,6,1,26,6,1968,2,6,2,1,2
2018135CJ0446,2,9,0,18,0,8,0,0,0,0,1,1,6,3,-1,-1,1896,2,12,-1,-1,-1
2018135CJ0853,1,11,0,18,0,0,0,0,0,0,0,1,1,1,54,8,9360,2,9,3,1,3
2018135CJ0853,2,9,0,18,0,0,0,0,0,0,0,1,6,3,-1,-1,-1,-1,-1,-1,-1,-1
2018135CJ0871,1,9,0,6,0,0,0,0,0,0,3,1,6,3,-1,-1,1896,2,17,-1,-1,-1
2018135CJ0871,2,9,0,18,0,0,0,0,0,0,1,1,6,2,41,7,1969,8,2,7,3,7
2018135CJ0949,1,9,0,18,0,8,0,0,0,0,1,1,1,1,35,6,1560,2,2,-1,-1,-1
2018135CJ0949,2,9,0,9,0,8,0,0,0,0,1,1,6,1,25,5,1199,1,17,2,1,2
2018135CJ0961,1,9,0,18,0,1,0,0,0,0,2,1,6,1,23,5,1596,1,1,10,1,10
2018135CJ0961,2,9,0,18,0,1,0,0,0,0,1,1,6,1,46,8,-1,-1,-1,4,1,4
2018135CJ1007,1,9,0,2,0,0,0,0,0,0,1,1,6,2,62,9,1595,1,12,9,2,9
2018135CJ1007,2,9,0,1,0,0,0,0,0,0,2,1,6,1,43,7,-1,-1,-1,4,2,4
2018135CJ1116,1,9,0,7,0,6,0,0,0,0,3,1,6,2,55,8,1328,1,16,3,1,3
2018135CJ1116,2,9,0,18,0,8,0,0,0,0,1,1,6,1,32,6,1896,2,11,2,1,2
2018135CJ1196,1,9,0,11,0,0,0,0,0,0,0,1,6,1,40,7,1598,2,8,5,1,5
2018135CJ1196,2,11,0,18,0,0,0,0,0,0,0,1,1,1,47,8,7300,2,14,-1,-1,-1
2018135CJ1347,1,9,0,4,0,0,0,0,0,0,1,1,2,1,55,8,1956,2,4,5,1,5
2018135CJ1347,2,9,0,3,0,0,0,0,0,0,2,1,2,2,32,6,998,1,4,1,1,1
2018135CJ1347,3,9,0,3,0,0,0,0,0,0,2,1,2,1,48,8,1582,2,4,6,1,6
2018135CJ1356,1,9,0,9,0,8,0,0,0,0,1,1,6,2,35,6,1398,1,10,1,1,1
2018135CJ1356,2,1,0,18,0,8,0,0,0,0,1,1,1,1,18,4,-1,-1,-1,2,1,2
2018135CJ1379,1,3,0,18,9,0,0,0,0,0,1,1,6,3,-1,-1,-1,-1,-1,-1,-1,-1
2018135CJ1480,1,9,0,14,0,1,0,0,0,0,1,1,6,1,24,5,1598,2,6,8,1,8
2018135CJ1583,1,9,0,18,0,0,0,0,0,0,4,1,6,1,53,8,1364,1,12,2,1,2
2018135CJ1623,1,9,0,18,0,1,0,0,0,0,1,1,6,1,39,7,1797,8,7,4,1,4
2018135CJ1623,2,9,0,9,0,6,0,0,0,0,3,1,6,1,27,6,-1,-1,-1,6,1,6
2018135CJ1631,1,9,0,9,0,8,0,0,0,0,1,1,6,1,36,7,1995,2,14,2,1,2
2018135CJ1631,2,3,0,18,0,8,0,0,0,0,1,1,6,1,24,5,124,1,6,2,1,2
2018135CJ1684,1,9,0,18,0,8,0,0,0,0,4,1,6,1,-1,-1,-1,-1,-1,-1,-1,-1
2018135CJ1684,2,1,0,18,0,8,0,0,0,0,3,1,2,1,42,7,-1,-1,-1,2,1,2
2018135CJ1932,1,9,0,18,0,1,0,0,1,10,1,1,6,1,21,5,1398,1,9,1,1,1
2018135CJ1941,1,9,0,5,0,6,0,0,7,11,1,1,6,1,72,10,1596,1,7,9,1,9
2018135CJ1941,2,19,0,17,0,1,0,0,0,0,4,1,1,1,39,7,-1,-1,-1,-1,-1,-1
2018135CK0722,1,9,0,2,0,8,0,0,0,0,2,1,6,2,22,5,1329,1,6,1,1,1
2018135CK0722,2,9,0,18,0,8,0,0,0,0,1,1,6,2,-1,-1,1197,1,4,8,1,8
2018135CK0803,1,9,0,18,0,8,0,0,0,0,1,1,6,2,46,8,1685,2,4,2,1,2
2018135CK0803,2,20,0,9,0,8,0,0,0,0,1,1,1,1,53,8,2998,2,-1,4,1,4
2018135CK0941,1,9,0,5,0,8,0,0,0,0,3,1,6,1,77,11,1364,1,11,10,1,10
2018135CK0941,2,19,0,18,0,8,0,0,0,0,1,1,6,1,55,8,2402,2,16,1,1,1
2018135CK1039,1,9,0,18,0,8,0,0,0,0,1,1,6,1,34,6,2198,2,13,7,2,7
2018135CK1039,2,9,0,9,0,8,0,0,0,0,3,1,6,2,75,10,1396,1,23,4,1,4
2018135CK1817,1,9,0,8,0,2,0,0,0,0,2,1,6,2,26,6,999,1,-1,2,1,2
2018135CK1817,2,9,0,8,0,1,0,0,0,0,1,1,6,1,48,8,1895,1,18,-1,-1,-1
2018135CK1834,1,9,0,18,0,8,0,0,0,0,1,1,6,2,28,6,1193,1,-1,-1,-1,-1
2018135CK1834,2,9,0,18,0,8,0,0,0,0,3,1,6,1,54,8,1984,1,4,3,1,3
2018135CK1973,1,3,0,18,0,0,0,0,0,0,1,1,6,1,21,5,124,1,-1,3,1,3
2018135CK1973,2,9,0,6,0,0,0,0,0,0,2,1,2,1,39,7,1968,2,6,1,1,1
2018135CL0600,1,9,0,18,0,1,0,0,0,0,2,1,6,2,33,6,1595,1,-1,2,1,2
2018135CL0600,2,9,0,18,0,1,0,0,0,0,1,1,6,1,36,7,1598,2,8,7,1,7
2018135CL0858,1,9,0,18,0,0,0,4,0,0,1,1,6,2,80,11,1299,1,13,10,1,10
2018135CL0858,2,9,0,2,9,0,0,0,0,0,2,1,6,1,30,6,1995,2,-1,3,1,3
2018135CL1088,1,9,0,18,0,0,0,0,0,0,3,1,6,2,54,8,1591,1,-1,8,1,8
2018135CL1122,1,9,0,11,0,0,0,0,0,0,0,1,6,1,68,10,1124,1,18,7,1,7
2018135CL1122,2,9,0,18,0,0,1,0,1,2,1,1,6,2,32,6,1198,1,13,2,1,2
2018135CL1260,1,9,0,3,0,1,0,0,0,0,2,1,6,2,36,7,998,1,16,1,1,1
2018135CL1260,2,9,0,18,0,1,0,0,0,0,1,1,6,1,25,5,1598,2,3,1,1,1
2018135CL1609,1,9,0,18,0,0,0,0,0,0,1,1,6,1,63,9,1197,1,1,7,1,7
2018135CL1627,1,9,0,18,0,0,0,0,0,0,1,1,6,3,-1,-1,-1,-1,-1,-1,-1,-1
2018135CL1638,1,9,0,18,0,0,0,0,0,0,1,1,6,1,53,8,1598,1,15,1,1,1
2018135CL1948,1,9,0,13,0,1,0,0,0,0,4,1,6,2,37,7,1968,2,9,1,1,1
2018135CM0267,1,9,0,18,0,0,0,0,0,0,1,1,6,1,31,6,1598,1,12,8,1,8
2018135CM0267,2,9,0,2,0,0,0,0,0,0,2,1,6,3,-1,-1,-1,-1,-1,-1,-1,-1
2018135CM0267,3,9,0,2,0,0,0,0,0,0,2,1,6,3,-1,-1,1995,2,10,-1,-1,-1
2018135CM0536,1,9,0,18,0,0,0,0,0,0,1,1,6,1,35,6,-1,-1,-1,4,1,4
2018135CM0536,2,9,0,3,0,0,0,0,0,0,0,1,6,2,53,8,1390,1,13,6,3,6
2018135CM0902,1,9,0,18,0,0,0,0,0,0,1,1,6,1,42,7,1685,2,2,-1,-1,-1
2018135CM1014,1,9,0,18,0,0,0,0,0,0,1,1,6,2,30,6,1910,2,11,6,2,6
2018135CM1014,2,9,0,18,0,0,0,0,0,0,1,1,6,1,55,8,1995,2,6,6,1,6
2018135CM1205,1,9,0,18,0,0,2,10,2,7,1,1,6,2,79,11,1328,1,13,-1,-1,-1
2018135CM1326,1,9,0,4,0,0,0,0,0,0,1,1,6,1,51,8,1999,2,2,8,1,8
2018135CM1715,1,9,0,18,0,8,0,0,0,0,1,1,6,1,33,6,1339,1,13,2,1,2
2018135CM1715,2,19,0,18,0,1,0,0,0,0,4,1,6,1,-1,-1,1753,2,14,-1,-1,-1
2018135CM1811,1,9,0,18,0,2,0,0,0,0,1,1,6,1,72,10,1995,2,7,10,1,10
2018135CM1811,2,9,0,9,0,1,0,0,0,0,1,1,6,1,27,6,-1,-1,-1,7,3,7
2018135CM1977,1,9,0,9,0,2,0,0,0,0,1,1,6,1,21,5,1598,1,14,1,1,1
2018135CM1977,2,9,0,18,0,2,0,0,0,0,3,1,6,2,22,5,998,1,1,1,1,1
2018135CM2132,1,9,0,18,0,0,1,10,1,2,4,1,6,1,23,5,1398,1,13,1,1,1
2018135CN0571,1,9,0,3,0,1,0,0,0,0,1,1,6,1,87,11,1999,1,11,9,1,9
2018135CN0571,2,1,0,9,0,1,0,0,0,0,3,1,6,2,29,6,-1,-1,-1,9,1,9
2018135CN1067,1,9,0,9,0,6,0,0,0,0,1,1,6,2,49,8,1242,1,8,7,1,7
2018135CN1067,2,9,0,18,0,1,0,0,7,4,4,1,6,1,25,5,999,1,1,1,1,1
2018135CN1387,1,9,0,18,0,8,0,0,0,0,1,1,6,1,48,8,2148,2,15,1,1,1
2018135CN1599,1,9,0,18,0,0,0,0,0,0,1,1,6,3,-1,-1,-1,-1,-1,-1,-1,-1
2018135CO0357,1,9,0,1,9,6,0,0,0,0,2,1,6,2,83,11,1596,1,16,5,1,5
2018135CO0417,1,4,0,8,0,1,0,0,0,0,2,1,6,2,53,8,125,1,-1,6,1,6
2018135CO0417,2,9,0,3,0,1,0,0,0,0,1,1,6,1,43,7,1149,1,7,4,1,4
2018135CO0478,1,9,0,18,0,8,0,0,0,0,1,1,6,1,51,8,1968,2,3,-1,-1,-1
2018135CO0478,2,9,0,9,0,8,0,0,0,0,0,1,6,1,78,11,3800,1,27,1,1,1
2018135CO0478,3,9,0,2,0,1,0,0,0,0,0,1,6,2,61,9,1248,2,10,2,1,2
2018135CO0478,4,9,0,2,0,1,0,0,0,0,0,1,6,1,41,7,1995,2,-1,5,1,5
2018135CO0497,1,9,0,18,0,4,0,0,0,0,1,1,6,1,49,8,2497,2,12,3,1,3
2018135CO0497,2,9,0,18,0,8,0,0,0,0,4,1,6,1,34,6,1560,2,14,7,1,7
2018135CO0673,1,9,0,2,0,0,0,0,0,0,2,1,6,1,84,11,998,1,15,6,1,6
2018135CO0673,2,9,0,18,0,0,0,0,0,0,1,1,6,2,65,9,2184,2,11,3,1,3
2018135CO0699,1,9,0,5,0,0,0,0,0,0,1,1,6,1,88,11,1197,1,1,10,1,10
2018135CO0699,2,9,0,18,0,0,0,0,0,0,3,1,6,1,36,7,1598,1,12,5,1,5
2018135CO0759,1,9,0,7,0,8,0,0,0,0,3,1,6,1,75,10,1198,1,6,8,1,8
2018135CO0759,2,9,0,18,0,1,0,0,0,0,1,1,6,2,50,8,2400,2,2,2,1,2
2018135CO0866,1,9,0,7,0,0,0,0,0,0,1,1,6,2,49,8,1995,2,5,-1,-1,-1
2018135CO0885,1,9,0,18,0,0,5,0,0,11,1,1,6,1,54,8,1968,2,2,7,1,7
2018135CO0885,2,9,0,2,0,0,0,0,0,0,2,1,6,2,-1,-1,1149,1,8,6,1,6
2018135CO0890,1,9,0,7,0,6,0,0,0,0,3,1,6,1,44,7,998,1,6,-1,-1,-1
2018135CO0890,2,9,0,18,0,8,0,0,1,4,1,1,6,1,-1,-1,-1,-1,-1,9,2,9
2018135CO1126,1,9,0,18,9,0,0,0,0,0,3,1,6,2,70,10,1398,2,13,2,2,2
2018135CO1226,1,9,0,2,0,0,0,0,0,0,3,1,6,2,39,7,1900,2,14,7,1,7
2018135CO1226,2,9,0,18,0,0,0,0,0,0,1,1,6,1,-1,-1,1396,1,15,-1,-1,-1
2018135CO1300,1,9,0,7,0,1,0,0,0,0,4,1,6,1,59,9,998,1,9,3,1,3
2018135CO1300,2,1,0,18,4,1,0,0,0,0,1,1,6,1,42,7,-1,-1,-1,6,1,6
2018135CO1410,1,9,0,18,0,6,0,0,0,0,1,1,6,1,25,5,-1,-1,-1,3,1,3
2018135CO1410,2,9,0,18,0,8,0,11,0,10,1,1,6,2,69,10,1910,2,14,2,2,2
2018135CP0700,1,9,0,9,0,6,0,0,0,0,1,1,6,1,-1,-1,1582,2,7,-1,-1,-1
2018135CP0700,2,9,0,9,0,5,0,0,0,0,3,1,6,2,20,4,1229,1,8,2,1,2
2018135CP0847,1,9,0,18,0,0,0,0,0,0,1,1,6,3,-1,-1,1995,2,9,-1,-1,-1
2018135CP0847,2,9,0,18,0,0,0,0,0,0,4,1,6,1,28,6,1598,2,5,2,1,2
2018135CP0847,3,9,0,18,0,0,0,0,0,0,1,1,6,1,27,6,1968,2,4,4,1,4
2018135CP0847,4,9,0,18,0,0,0,0,0,0,1,1,6,1,19,4,1686,2,5,1,1,1
2018135CP0954,1,9,0,18,0,0,0,0,7,11,1,1,6,2,28,6,1995,2,12,3,1,3
2018135CP1123,1,9,0,9,0,5,0,0,0,0,3,1,6,1,25,5,1896,2,11,1,1,1
2018135CQ0436,1,9,0,1,0,0,0,0,0,0,0,1,6,1,38,7,1797,8,4,1,1,1
2018135CQ0470,1,9,0,18,0,0,0,0,1,2,3,1,1,2,22,5,1242,1,9,-1,-1,-1
2018135CQ0762,1,9,0,9,0,8,0,0,0,0,1,1,1,1,50,8,1896,2,9,6,1,6
2018135CQ0762,2,9,0,18,0,8,0,0,0,0,4,1,6,1,35,6,1995,2,2,7,3,7
2018135CQ1449,1,9,0,13,0,0,1,0,0,0,1,1,6,2,21,5,2998,1,-1,1,1,1
2018135CQ1449,2,9,0,18,0,0,1,0,0,0,1,1,6,1,25,5,1900,2,14,3,1,3
2018135CQ1449,3,9,0,18,0,0,1,0,0,0,1,1,6,1,37,7,1968,2,12,3,1,3
2018135CQ1722,1,9,0,7,0,2,0,0,0,0,3,1,6,2,31,6,2993,2,11,3,1,3
2018135CR0844,1,9,0,18,0,0,0,0,0,0,1,1,6,1,19,4,998,1,3,5,2,5
2018135CR0844,2,9,0,2,0,0,0,0,0,0,2,1,6,3,-1,-1,1598,1,15,-1,-1,-1
2018135CR1051,1,5,0,18,0,8,0,0,0,0,1,1,6,1,47,8,798,1,8,2,1,2
2018135CR1051,2,9,0,18,0,8,0,0,0,0,0,1,2,1,41,7,1198,1,13,-1,-1,-1
2018135CR1299,1,9,0,3,0,0,0,0,0,0,1,1,6,1,28,6,1598,2,7,7,1,7
2018135CR1299,2,9,0,1,0,0,0,0,0,0,2,1,6,1,19,4,1596,1,10,4,1,4
2018135CR1433,1,9,0,17,0,8,0,0,3,11,1,1,6,2,66,10,1198,1,9,6,1,6
2018135CR1570,1,9,0,18,0,0,0,0,0,0,4,1,6,3,-1,-1,-1,-1,-1,-1,-1,-1
2018135CR1812,1,9,0,18,0,0,0,0,0,0,1,1,6,3,-1,-1,-1,-1,-1,-1,-1,-1
2018135CS0024,1,9,0,18,0,0,1,0,1,4,3,1,1,1,35,6,1598,1,15,1,1,1
2018135CS0918,1,9,0,18,0,0,0,0,0,0,1,1,6,3,-1,-1,-1,-1,-1,-1,-1,-1
2018135CS0918,2,9,0,18,0,0,0,0,0,0,2,1,6,2,39,7,1598,2,7,1,1,1
2018135CS1316,1,9,0,10,0,8,0,0,0,0,1,1,6,1,55,8,1398,1,5,6,1,6
2018135CT0620,1,9,0,18,0,0,5,0,8,2,4,1,6,1,23,5,1984,1,2,2,1,2
2018135CT0620,2,9,0,18,0,0,0,0,0,0,3,1,6,1,20,4,1388,1,11,1,1,1
2018135CT1775,1,3,0,18,0,0,2,0,0,0,1,1,6,1,18,4,125,1,8,-1,-1,-1
2018135CT2055,1,9,0,17,0,0,0,10,7,11,4,1,6,1,17,4,1599,1,13,8,1,8
2018135CU0148,1,9,0,18,0,8,0,0,0,0,1,1,6,1,43,7,1596,1,11,1,1,1
2018135CU0148,2,9,0,18,0,6,0,0,0,0,4,1,6,1,31,6,1598,2,5,3,1,3
2018135CU0470,1,9,0,5,0,0,0,0,0,0,1,1,6,1,60,9,2143,2,2,-1,-1,-1
2018135CU0470,2,1,0,18,0,0,0,0,0,0,1,1,6,1,40,7,-1,-1,-1,-1,-1,-1
2018135CU0789,1,9,0,18,0,8,0,0,0,0,1,1,1,1,33,6,-1,-1,-1,2,1,2
2018135CU0789,2,19,0,3,0,8,0,0,0,0,2,1,6,2,25,5,-1,-1,-1,9,1,9
2018135CU0926,1,9,0,6,0,8,0,0,0,0,1,1,6,3,-1,-1,-1,-1,-1,-1,-1,-1
2018135CU0926,2,9,0,18,0,8,0,0,0,0,4,1,6,2,40,7,1229,1,6,8,1,8
2018135CU1233,1,9,0,18,0,8,0,0,0,0,1,1,6,1,25,5,2993,2,2,-1,-1,-1
2018135CU1233,2,9,0,3,0,8,0,0,0,0,2,1,6,1,44,7,-1,-1,-1,-1,-1,-1
2018135CU1368,1,9,0,1,0,0,0,0,0,0,2,1,6,1,25,5,1349,1,6,-1,-1,-1
2018135CU1803,1,9,0,18,0,8,0,0,0,0,1,1,6,1,42,7,1794,1,14,1,1,1
2018135CU1803,2,9,0,18,0,8,0,0,0,0,1,1,6,1,22,5,1781,1,17,9,1,9
2018135CV0814,1,19,0,18,0,0,0,0,0,0,0,1,6,3,-1,-1,-1,-1,-1,-1,-1,-1
2018135CV0814,2,9,0,18,0,0,5,0,1,9,0,1,6,1,42,7,1596,1,12,-1,-1,-1
2018135CV1097,1,11,0,16,0,0,0,0,0,0,0,1,1,1,42,7,6700,2,6,7,1,7
2018135CV1342,1,9,0,5,0,0,0,0,0,0,1,1,6,1,24,5,1461,2,4,1,1,1
2018135CV1804,1,9,0,18,0,0,0,0,0,0,1,1,6,1,58,9,1560,2,12,2,1,2
2018135CV1804,2,9,0,18,0,0,0,0,0,0,1,1,6,1,28,6,1968,2,4,-1,-1,-1
2018135CV1824,1,19,0,9,0,0,0,0,7,11,1,1,6,1,34,6,1753,2,13,2,1,2
2018136121478,1,8,0,18,0,1,0,0,0,0,2,1,1,1,40,7,1796,1,6,2,1,2
2018136121478,2,9,0,18,0,1,0,0,0,0,1,1,6,3,-1,-1,-1,-1,-1,-1,-1,-1
201813T087373,1,4,0,18,0,0,1,0,0,0,0,1,6,1,45,7,1050,1,11,-1,2,-1
201813T800317,1,9,0,16,0,0,2,10,1,7,2,1,6,2,20,4,1229,1,12,-1,1,-1
2018140254505,1,9,0,18,0,1,0,0,0,0,1,2,1,1,56,9,1598,1,8,-1,-1,-1
2018140254505,2,9,0,18,0,1,0,0,0,0,1,2,5,1,80,11,998,1,4,-1,-1,-1
2018140257369,1,9,0,9,0,1,0,0,0,0,3,1,5,1,57,9,1360,1,14,5,1,5
2018140257369,2,9,0,18,0,1,0,0,0,0,1,1,5,1,49,8,1399,2,14,1,1,1
2018140257369,3,9,0,10,0,1,0,0,0,0,1,1,5,1,35,6,1896,2,15,4,1,4
2018140259474,1,9,0,17,0,0,5,0,0,0,1,1,6,1,34,6,1590,1,16,3,1,3
2018140259568,1,9,0,18,0,1,1,4,0,0,4,1,6,3,-1,-1,1994,1,15,-1,-1,-1
2018140259568,2,9,0,2,0,1,0,0,0,0,2,1,6,3,-1,-1,-1,-1,-1,-1,-1,-1
2018140259568,3,9,0,2,0,1,0,0,0,0,1,1,6,3,-1,-1,-1,-1,-1,-1,-1,-1
2018140259589,1,9,0,18,0,1,0,7,1,0,1,1,6,1,21,5,1794,1,16,1,1,1
2018140259654,1,9,0,12,0,0,2,0,2,0,1,1,5,1,40,7,1560,2,10,6,1,6
2018140259654,2,19,0,18,0,0,0,0,0,0,1,1,6,1,32,6,2198,2,4,2,1,2
2018140259684,1,9,0,17,0,0,2,0,0,0,1,1,5,1,77,11,1298,1,12,2,1,2
2018140259967,1,9,0,18,0,0,1,0,0,0,1,1,5,2,52,8,1398,1,4,1,1,1
2018140260011,1,21,0,18,0,1,1,0,0,0,1,1,3,1,39,7,-1,-1,-1,5,1,5
2018140260025,1,9,0,18,0,2,0,0,0,0,1,1,5,1,28,6,1598,2,8,2,-1,2
2018140260423,1,9,0,18,0,0,0,0,0,0,1,1,2,2,31,6,1200,1,2,2,1,2
2018140260435,1,9,0,9,0,6,0,0,0,0,3,1,2,1,40,7,1956,2,5,3,1,3
2018140260435,2,5,0,18,0,1,0,0,0,0,1,1,6,1,35,6,599,1,19,-1,-1,-1
2018140260462,1,11,0,18,0,1,0,0,0,0,1,1,1,1,54,8,9000,2,15,7,3,7
2018140260462,2,9,0,2,0,1,0,0,0,0,2,1,5,1,72,10,1796,1,18,4,1,4
2018140260462,3,9,0,2,0,1,0,0,0,0,2,1,5,3,-1,-1,998,1,12,-1,-1,-1
2018140260508,1,9,0,3,0,0,0,0,0,0,3,1,2,2,43,7,1968,2,1,2,1,2
2018140260508,2,21,1,18,0,0,0,0,0,0,1,1,1,1,55,8,12900,2,11,2,1,2
2018140260512,1,9,0,18,0,0,0,0,0,0,2,1,5,1,32,6,1197,1,1,5,2,5
2018140260512,2,9,0,18,0,0,0,0,0,0,2,1,5,2,68,10,2179,2,7,6,3,6
2018140260512,3,9,0,18,0,0,0,0,0,0,1,1,6,1,-1,-1,2495,2,16,-1,-1,-1
2018140260553,1,9,0,1,0,0,0,0,0,0,1,1,5,1,22,5,-1,-1,-1,9,1,9
2018140260613,1,11,0,2,0,1,0,0,0,0,0,1,1,1,43,7,9000,2,6,4,1,4
2018140260628,1,9,0,18,0,8,1,7,0,0,1,1,6,1,18,4,1364,1,9,1,1,1
2018140260628,2,9,0,18,0,1,0,0,0,0,0,1,6,1,21,5,1968,2,4,6,3,6
2018140260692,1,9,0,18,0,0,1,0,1,0,1,1,1,1,47,8,1598,1,8,1,1,1
2018140260692,2,19,0,18,0,0,0,0,0,0,1,1,5,1,23,5,2198,2,11,10,1,10
2018140260692,3,9,0,2,9,0,0,0,0,0,2,1,6,3,-1,-1,1339,1,8,-1,-1,-1
2018140260730,1,8,0,18,0,8,0,0,0,0,1,1,1,1,48,8,1997,2,8,-1,-1,-1
2018140260776,1,5,0,7,1,6,5,0,0,0,2,1,2,1,49,8,583,1,21,1,1,1
2018140260776,2,8,0,16,0,1,0,0,0,0,1,1,1,1,54,8,1995,2,6,1,1,1
2018140260790,1,9,0,5,0,1,1,0,1,0,1,1,2,2,22,5,-1,-1,-1,2,1,2
2018140260818,1,9,0,18,0,0,0,0,1,0,1,1,5,1,20,4,1968,2,4,5,1,5
2018140260828,1,9,0,18,0,8,0,0,0,0,1,1,6,1,29,6,-1,-1,-1,8,2,8
2018140260836,1,98,0,18,0,0,0,0,0,0,4,1,6,3,-1,-1,-1,-1,-1,-1,-1,-1
2018140260837,1,9,0,9,0,8,0,0,0,0,1,1,5,2,33,6,-1,-1,-1,5,1,5
2018140260837,2,9,0,18,0,8,0,0,0,0,1,1,5,1,38,7,-1,-1,-1,6,1,6
2018140260869,1,9,0,9,0,1,0,0,0,0,2,1,2,2,24,5,1364,1,10,9,1,9
2018140260869,2,9,0,18,0,2,0,0,0,0,1,1,6,1,-1,-1,-1,-1,-1,-1,-1,-1
2018140260902,1,9,0,18,0,1,0,0,0,0,2,1,5,2,41,7,1242,1,8,1,1,1
2018140260902,2,9,0,18,0,5,0,0,0,0,2,1,2,1,48,8,2231,2,11,1,-1,1
2018140260902,3,9,0,18,0,1,0,0,0,0,2,1,2,1,40,7,1396,1,8,7,1,7
2018140260902,4,9,0,18,0,1,0,0,0,0,2,1,5,2,38,7,1598,1,5,1,1,1
2018140260902,5,21,0,18,0,1,0,0,0,0,1,1,1,1,38,7,4500,2,2,8,1,8
2018140260914,1,9,0,3,0,0,0,0,0,0,2,1,5,2,46,8,-1,-1,-1,8,-1,8
2018140260914,2,9,0,18,0,0,0,0,0,0,1,1,6,2,-1,-1,1598,1,13,1,1,1
2018140260923,1,9,0,18,0,0,0,0,0,0,1,1,2,2,48,8,1364,2,8,4,1,4
2018140260923,2,9,0,9,0,0,0,0,0,0,3,1,1,2,41,7,1598,1,15,5,1,5
2018140260931,1,9,0,18,0,1,0,0,0,0,1,1,2,1,30,6,-1,-1,-1,4,1,4
2018140260941,1,9,0,18,0,1,0,0,0,0,1,1,5,1,32,6,1596,1,7,4,2,4
2018140260955,1,9,0,9,0,2,0,10,0,0,1,1,5,1,78,11,998,1,2,7,1,7
2018140260965,1,9,0,18,0,1,0,0,0,0,1,1,6,1,62,9,1598,2,7,10,1,10
2018140260980,1,9,0,9,0,1,0,0,0,0,1,1,5,2,32,6,1956,2,6,2,1,2
2018140261012,1,-1,0,18,0,0,0,0,0,0,1,1,6,3,-1,-1,-1,-1,-1,-1,-1,-1
2018140261022,1,9,0,9,0,5,0,0,0,0,4,1,5,1,79,11,1896,2,9,5,1,5
2018140261022,2,1,0,18,0,8,0,0,0,0,1,1,5,1,39,7,-1,-1,-1,2,1,2
2018140261195,1,8,0,18,0,1,1,0,0,0,1,1,5,1,36,7,1598,2,8,5,1,5
2018140261195,2,9,0,18,5,6,0,0,0,0,1,1,6,1,70,10,1984,1,17,1,1,1
2018140261225,1,9,0,17,0,0,1,0,7,0,4,1,6,1,30,6,1248,2,9,2,1,2
2018140261225,2,9,0,18,0,0,0,0,0,0,1,1,1,1,44,7,-1,-1,-1,2,1,2