Accident_Index,Vehicle_Reference,Vehicle_Type,Towing_and_Articulation,Vehicle_Manoeuvre,Vehicle_Location-Restricted_Lane,Junction_Location,Skidding_and_Overturning,Hit_Object_in_Carriageway,Vehicle_Leaving_Carriageway,Hit_Object_off_Carriageway,1st_Point_of_Impact,Was_Vehicle_Left_Hand_Drive?,Journey_Purpose_of_Driver,Sex_of_Driver,Age_of_Driver,Age_Band_of_Driver,Engine_Capacity_(CC),Propulsion_Code,Age_of_Vehicle,Driver_IMD_Decile,Driver_Home_Area_Type,Vehicle_IMD_Decile
2018140267160,2,9,0,7,0,0,0,0,0,0,2,1,5,1,45,7,1596,1,12,3,1,3
2018140267182,1,9,0,7,0,1,0,0,0,0,4,1,5,2,20,4,1598,2,2,6,1,6
2018140267182,2,1,0,18,0,1,0,0,0,0,1,1,6,1,51,8,-1,-1,-1,10,1,10
2018140267199,1,3,0,7,0,3,0,0,0,0,3,1,2,2,46,8,124,1,2,4,1,4
2018140267199,2,9,0,13,0,3,0,0,0,0,4,1,5,2,72,10,1198,1,4,5,1,5
2018140267228,1,9,0,18,0,1,0,0,0,0,1,1,5,1,18,4,1596,1,10,10,2,10
2018140267236,1,11,0,18,0,0,0,0,0,0,4,1,1,3,-1,-1,-1,-1,-1,-1,-1,-1
2018140267439,1,8,0,11,2,2,0,0,0,0,4,1,5,1,45,7,1968,2,6,5,1,5
2018140267439,2,1,0,11,2,2,0,0,0,0,2,1,6,2,38,7,-1,-1,-1,4,1,4
2018140267457,1,9,0,18,0,1,0,0,0,0,1,1,2,1,20,4,1229,1,11,10,1,10
2018140267457,2,9,0,9,0,1,0,0,0,0,1,1,2,2,26,6,1329,1,1,10,1,10
2018140267484,1,9,0,9,0,0,0,0,0,0,1,1,5,1,28,6,1753,2,9,1,1,1
2018140267484,2,3,0,18,0,0,0,0,1,0,1,1,5,1,19,4,124,1,8,2,1,2
2018140267508,1,9,0,18,0,0,0,0,0,0,4,1,2,2,54,8,1248,1,2,10,1,10
2018140267547,1,9,0,18,0,0,0,0,0,0,1,1,1,1,34,6,1598,1,9,1,1,1
2018140267553,1,8,0,18,0,0,0,0,0,0,0,1,6,1,-1,-1,-1,-1,-1,-1,-1,-1
2018140267592,1,9,0,18,0,2,0,0,0,0,1,1,5,1,41,7,1896,2,14,1,1,1
2018140267592,2,9,0,18,0,2,0,0,0,0,2,1,5,1,36,7,1598,1,14,2,1,2
2018140267592,3,9,0,18,0,2,0,0,0,0,2,1,5,2,61,9,1995,2,5,4,2,4
2018140267606,1,3,0,7,0,8,0,0,0,0,1,1,6,1,38,7,124,1,7,1,1,1
2018140267606,2,9,0,9,0,1,0,0,0,0,2,1,6,1,40,7,1598,1,20,10,1,10
2018140267635,1,9,0,5,0,2,0,0,0,0,1,1,6,2,41,7,1995,1,10,1,2,1
2018140267743,1,9,0,18,0,0,0,0,0,0,1,1,6,1,-1,-1,-1,-1,-1,-1,-1,-1
2018140267753,1,9,0,7,0,0,0,0,0,0,2,1,5,2,34,6,1229,1,11,1,1,1
2018140267753,2,9,0,18,0,0,0,0,0,0,1,1,5,1,-1,-1,998,1,8,-1,-1,-1
2018140267765,1,9,0,18,0,2,0,0,0,0,1,1,5,1,70,10,1364,1,2,6,1,6
2018140267780,1,9,0,5,0,2,0,0,0,0,3,1,5,1,37,7,1248,1,5,2,1,2
2018140267780,2,9,0,16,0,1,0,0,0,0,1,1,5,2,50,8,1598,1,14,3,1,3
2018140267935,1,9,0,17,0,2,0,10,0,0,1,1,6,2,25,5,999,1,4,7,1,7
2018140267972,1,9,0,5,0,0,0,0,0,0,1,1,5,1,32,6,1200,1,2,1,1,1
2018140268008,1,9,0,18,0,0,0,0,0,0,2,1,5,2,44,7,1997,2,7,1,1,1
2018140268008,2,9,0,18,0,0,0,0,0,0,1,1,6,1,-1,-1,1600,1,20,-1,-1,-1
2018140268089,1,19,0,18,0,4,0,9,0,0,1,1,2,1,34,6,2198,2,8,6,1,6
2018140268099,1,9,0,7,0,8,1,0,1,0,3,1,6,2,25,5,1390,1,7,2,1,2
2018140268099,2,9,0,18,0,8,0,0,0,0,4,1,6,3,-1,-1,2995,1,1,-1,-1,-1
2018140268192,1,9,0,8,0,6,0,0,0,0,2,1,5,2,42,7,1390,1,5,9,1,9
2018140268192,2,9,0,8,0,6,0,0,0,0,1,1,5,1,23,5,1598,2,6,6,1,6
2018140268203,1,9,0,2,0,1,0,0,0,0,3,1,5,1,24,5,1390,1,5,1,1,1
2018140268203,2,9,0,18,0,1,0,0,0,0,1,1,5,2,61,9,1598,1,16,1,1,1
2018140268215,1,3,0,18,0,0,5,0,0,0,1,1,6,1,37,7,124,1,8,2,1,2
2018140268215,2,9,0,18,0,0,0,0,0,0,2,1,5,1,28,6,1560,2,8,4,1,4
2018140268281,1,9,0,6,0,1,0,0,0,0,3,1,5,2,81,11,1199,1,15,1,1,1
2018140268281,2,3,0,18,0,2,5,0,0,0,1,1,5,1,20,4,125,1,1,3,1,3
2018140268319,1,9,0,14,0,0,0,0,0,0,1,1,2,2,45,7,1461,2,5,1,1,1
2018140268319,2,11,0,2,0,0,0,0,0,0,0,1,1,1,33,6,4461,2,4,2,1,2
2018140268335,1,9,0,16,0,0,0,0,1,0,1,1,5,2,70,10,999,1,3,2,1,2
2018140268335,2,9,0,17,0,0,1,0,1,0,1,1,5,1,74,10,2495,2,14,7,1,7
2018140268363,1,11,0,5,0,0,0,0,0,0,0,1,1,1,59,9,9360,2,10,6,1,6
2018140268388,1,9,0,18,0,0,1,0,0,0,1,1,2,1,23,5,1198,1,15,2,1,2
2018140268388,2,9,0,18,0,0,1,0,0,0,2,1,2,1,45,7,1498,1,9,6,1,6
2018140268388,3,21,0,18,0,0,0,0,0,0,2,1,1,1,30,6,-1,-1,-1,1,1,1
2018140268413,1,9,0,9,0,1,0,0,0,0,2,1,2,2,45,7,1197,1,1,3,1,3
2018140268413,2,9,0,18,0,1,0,0,0,0,2,1,6,1,59,9,1299,1,11,3,1,3
2018140268413,3,9,0,18,0,1,0,0,0,0,1,1,5,2,21,5,999,1,2,3,1,3
2018140268429,1,9,0,18,0,0,0,0,0,0,4,1,5,2,19,4,1390,1,6,10,1,10
2018140268429,2,9,0,2,0,0,0,0,0,0,3,1,6,1,23,5,1995,2,5,6,1,6
2018140268467,1,8,0,18,0,2,0,0,0,0,1,1,1,1,42,7,1896,2,9,1,1,1
2018140268467,2,9,0,18,0,1,0,0,1,0,1,1,6,2,55,8,1997,1,8,10,1,10
2018140268508,1,3,0,16,0,2,1,0,0,0,3,1,2,1,23,5,124,1,4,4,1,4
2018140268508,2,9,0,17,0,1,0,0,0,0,1,1,5,2,58,9,1497,8,1,8,1,8
2018140268528,1,3,0,18,0,4,0,0,0,0,2,1,5,2,22,5,125,1,2,1,1,1
2018140268528,2,19,0,18,0,4,0,0,0,0,1,1,5,1,57,9,1995,2,9,6,1,6
2018140268551,1,9,0,18,0,2,0,0,0,0,1,1,2,2,22,5,998,1,8,1,1,1
2018140268551,2,9,0,3,0,2,0,0,0,0,2,1,5,2,54,8,1560,2,4,2,1,2
2018140268552,1,9,0,18,0,8,0,0,0,0,4,1,1,2,66,10,1686,2,13,4,1,4
2018140268552,2,3,0,18,0,8,0,0,0,0,1,1,6,1,-1,-1,110,1,12,-1,-1,-1
2018140268561,1,9,0,18,0,0,0,0,0,0,2,1,5,1,57,9,1686,2,14,2,2,2
2018140268561,2,9,0,18,0,0,1,0,0,0,1,1,1,1,47,8,2495,2,23,3,3,3
2018140268563,1,9,0,18,0,0,0,0,0,0,2,1,5,2,26,6,2000,2,12,2,1,2
2018140268563,2,9,0,18,0,0,0,0,0,0,1,1,5,1,25,5,2000,1,11,1,1,1
2018140268595,1,9,0,7,0,2,0,0,0,0,1,1,5,1,25,5,1997,2,15,2,1,2
2018140268599,1,9,0,18,0,1,0,0,0,0,1,1,5,1,19,4,1360,1,8,1,1,1
2018140268599,2,9,0,5,0,6,0,0,0,0,3,1,5,1,64,9,1596,1,18,1,1,1
2018140268807,1,9,0,18,0,0,0,0,0,0,4,1,5,1,35,6,1499,2,3,2,1,2
2018140268807,2,19,0,18,0,0,0,0,0,0,3,1,6,3,-1,-1,2198,2,2,-1,-1,-1
2018140268818,1,9,0,5,0,6,0,0,0,0,1,1,2,1,50,8,2993,2,3,10,1,10
2018140268818,2,19,0,18,0,1,0,0,0,0,4,1,1,1,18,4,2198,2,5,6,1,6
2018140268842,1,9,0,18,0,1,0,0,0,0,1,1,5,1,46,8,1968,2,8,8,-1,8
2018140268842,2,9,0,7,0,6,0,0,0,0,4,1,5,1,57,9,1975,2,20,3,1,3
2018140269532,1,9,0,9,0,8,0,0,0,0,1,1,2,1,33,6,-1,-1,-1,10,1,10
2018140269562,1,11,0,5,0,1,0,0,0,0,1,1,6,3,45,7,4461,2,5,2,1,2
2018140269577,1,9,0,18,0,1,0,0,0,0,3,1,6,2,37,7,1686,2,10,9,1,9
2018140269577,2,9,0,18,0,1,0,0,0,0,4,1,6,1,39,7,1598,2,6,7,1,7
2018140269624,1,9,0,2,0,0,0,0,1,0,2,1,6,3,-1,-1,1360,1,14,-1,-1,-1
2018140269624,2,9,0,18,0,0,0,4,0,0,1,1,2,1,17,4,1781,1,27,7,1,7
2018140269721,1,9,0,4,0,1,0,0,0,0,2,1,2,2,50,8,1968,2,5,2,1,2
2018140269721,2,9,0,4,0,1,0,0,0,0,2,1,5,1,26,6,1560,2,5,3,1,3
2018140269721,3,9,0,4,0,1,0,0,0,0,1,1,2,2,51,8,1598,1,11,3,1,3
2018140269776,1,9,0,9,0,6,0,0,0,0,3,1,5,1,57,9,1999,2,2,7,2,7
2018140269776,2,9,0,16,0,1,0,0,0,0,1,1,5,2,18,4,1390,1,7,3,2,3
2018140269781,1,9,0,3,0,2,0,0,0,0,2,1,1,1,39,7,1968,2,1,8,3,8
2018140269781,2,98,0,3,0,2,0,0,0,0,1,1,6,3,-1,-1,-1,-1,-1,-1,-1,-1
2018140269828,1,9,0,9,0,1,0,0,0,0,3,1,6,2,30,6,1598,1,10,1,1,1
2018140269828,2,9,0,18,0,1,0,0,0,0,1,1,6,1,28,6,1360,1,8,1,1,1
2018140269854,1,9,0,18,0,2,0,0,0,0,1,1,2,2,39,7,1200,1,3,9,1,9
2018140269952,1,9,0,18,0,2,0,0,0,0,3,1,2,1,24,5,-1,-1,-1,1,1,1
2018140269952,2,9,0,18,0,1,0,0,0,0,1,1,5,1,60,9,2401,2,14,1,1,1
2018140269962,1,9,0,5,0,6,0,0,0,0,1,1,2,1,46,8,1910,2,10,5,1,5
2018140270000,1,2,0,18,0,1,0,0,0,0,1,1,5,1,21,5,49,1,8,10,1,10
2018140270000,2,9,0,5,0,6,0,0,0,0,4,1,5,1,46,8,1598,2,4,2,1,2
2018140270008,1,9,0,14,0,1,1,0,0,0,2,1,5,1,18,4,998,1,26,6,1,6
2018140270008,2,9,0,18,0,2,0,0,0,0,1,1,5,2,19,4,1388,1,9,7,2,7
2018140270038,1,9,0,9,0,1,0,0,0,0,1,1,1,2,49,8,1493,2,12,1,1,1
2018140270038,2,9,0,18,0,6,0,0,0,0,1,1,5,1,50,8,2171,2,15,8,1,8
2018140270038,3,19,0,2,0,2,0,0,0,0,1,1,6,3,-1,-1,-1,-1,-1,-1,-1,-1
2018140270049,1,9,0,17,0,1,0,0,0,0,1,1,5,2,20,4,1988,2,12,2,1,2
2018140270049,2,9,0,2,9,1,0,0,0,0,2,1,5,1,23,5,1242,1,3,2,2,2
2018140270049,3,9,0,2,9,1,0,0,0,0,2,1,5,1,23,5,1229,1,4,7,1,7
2018140270049,4,9,0,2,9,1,0,0,0,0,0,1,5,2,24,5,1461,2,4,7,1,7
2018140270069,1,9,0,4,0,5,0,0,0,0,2,1,5,1,61,9,1584,1,12,1,1,1
2018140270069,2,9,0,18,0,1,0,0,0,0,2,1,5,2,37,7,1598,1,11,7,1,7
2018140270069,3,9,0,4,0,8,1,0,0,0,1,1,5,2,30,6,1596,1,12,3,2,3
2018140270078,1,1,0,17,0,0,0,0,0,0,3,1,5,1,16,4,-1,-1,-1,6,1,6
2018140270078,2,9,0,16,0,0,0,0,0,0,3,1,5,3,-1,-1,-1,-1,-1,-1,-1,-1
2018140270408,1,1,0,18,0,0,0,0,0,0,3,1,5,1,32,6,-1,-1,-1,1,1,1
2018140270408,2,9,0,18,0,0,0,0,0,0,1,1,6,3,-1,-1,-1,-1,-1,-1,-1,-1
2018140270504,1,9,0,16,0,2,1,10,8,11,1,1,6,1,30,6,1968,2,6,1,1,1
2018140270504,2,8,0,18,0,1,0,0,1,0,3,1,5,1,30,6,1896,2,13,7,1,7
2018140270648,1,9,0,5,0,1,0,0,0,0,1,1,5,1,27,6,1968,2,8,7,3,7
2018140270755,1,9,0,11,0,0,1,7,0,0,3,1,5,1,20,4,-1,-1,-1,2,1,2
2018140270792,1,9,0,18,0,0,0,0,0,0,1,1,6,3,-1,-1,2171,1,17,-1,-1,-1
2018140271004,1,9,0,4,0,4,0,0,0,0,1,1,2,1,38,7,1997,2,7,2,1,2
2018140271004,2,9,0,4,0,4,0,0,0,0,2,1,2,2,61,9,1242,1,6,3,1,3
2018140271036,1,9,0,9,0,8,0,0,0,0,3,1,2,1,39,7,1956,2,5,1,1,1
2018140271036,2,9,0,18,0,1,0,0,0,0,4,1,2,1,50,8,1997,2,12,1,1,1
2018140271055,1,9,0,18,0,0,0,0,0,0,1,1,5,2,21,5,1242,1,9,9,1,9
2018140271055,2,9,0,18,0,0,0,0,0,0,2,1,2,1,48,8,1968,2,7,9,1,9
2018140271055,3,9,0,18,0,0,0,0,0,0,2,1,5,2,52,8,2143,2,1,7,3,7
2018140271116,1,9,0,18,0,0,0,0,0,0,1,1,6,1,29,6,998,1,1,1,1,1
2018140271116,2,9,0,18,0,0,0,0,1,2,2,1,2,1,46,8,1968,2,8,1,1,1
2018140271676,1,9,0,18,0,0,0,0,0,0,1,1,5,3,-1,-1,-1,-1,-1,-1,-1,-1
2018140271756,1,8,0,18,0,0,0,0,0,0,4,1,1,1,-1,-1,1597,2,5,-1,-1,-1
2018140271768,1,11,0,4,2,1,0,0,0,0,1,1,1,1,54,8,4461,2,4,2,1,2
2018140271768,2,9,0,3,0,1,0,0,0,0,2,1,5,1,26,6,1999,1,8,6,1,6
2018140271768,3,9,0,3,0,1,0,0,0,0,2,1,6,2,49,8,1968,2,5,10,1,10
2018140271782,1,9,0,18,0,0,0,0,0,0,1,1,5,1,20,4,1590,1,3,1,1,1
2018140271801,1,9,0,18,0,1,0,0,0,0,1,1,5,2,18,4,998,1,2,7,3,7
2018140271801,2,9,0,18,0,1,0,0,0,0,4,1,5,1,29,6,-1,-1,-1,7,1,7
2018140271821,1,3,0,18,0,8,0,0,0,0,1,1,1,1,23,5,124,1,1,3,2,3
2018140271821,2,9,0,9,0,8,0,0,0,0,1,1,5,1,56,9,2143,2,6,3,1,3
2018140271854,1,5,0,18,0,0,0,0,0,0,0,1,5,1,16,4,-1,-1,-1,2,1,2
2018140271854,2,9,0,9,0,0,0,0,0,0,0,1,5,2,71,10,1769,1,16,4,1,4
2018140271874,1,9,0,18,0,0,0,0,0,0,4,1,6,3,-1,-1,-1,-1,-1,-1,-1,-1
2018140271891,1,98,0,18,0,0,0,0,0,0,3,1,1,1,51,8,-1,-1,-1,1,1,1
2018140271891,2,9,0,12,0,0,0,0,0,0,1,1,5,2,45,7,1390,1,15,4,3,4
2018140271913,1,9,0,18,0,8,0,0,0,0,1,1,5,1,53,8,1339,1,10,6,1,6
2018140271913,2,9,0,18,0,8,0,0,0,0,3,1,5,2,64,9,2157,2,1,3,1,3
2018140271941,1,9,0,7,0,5,0,0,0,0,1,1,6,2,51,8,2495,2,14,2,1,2
2018140271968,1,9,0,9,0,8,0,0,2,0,1,1,2,2,55,8,998,1,16,8,1,8
2018140271968,2,9,0,18,0,1,0,0,1,0,1,1,5,1,19,4,1798,8,2,8,1,8
2018140271968,3,19,0,8,0,6,0,0,1,0,1,1,2,1,51,8,1997,2,12,2,1,2
2018140271976,1,9,0,18,0,0,0,0,0,0,2,1,5,1,77,11,1389,1,14,8,2,8
2018140271976,2,9,0,18,0,0,0,0,0,0,1,1,2,1,48,8,1997,2,5,7,3,7
2018140272009,1,9,0,2,0,0,0,0,0,0,2,1,3,2,22,5,1398,1,1,1,1,1
2018140272009,2,9,0,18,0,0,0,0,0,0,1,1,6,1,61,9,-1,-1,-1,2,1,2
2018140272009,3,9,0,2,0,0,0,0,0,0,2,1,5,2,37,7,1986,2,12,-1,-1,-1
2018140272246,1,9,0,5,0,0,0,0,3,0,1,1,5,2,85,11,1339,1,9,6,1,6
2018140272246,2,3,0,18,0,0,0,0,0,0,1,1,5,1,20,4,125,1,4,9,1,9
2018140272246,3,1,0,18,0,0,0,0,0,0,3,1,1,1,43,7,-1,-1,-1,1,1,1
2018140272319,1,90,0,18,0,0,0,0,0,0,4,1,1,1,51,8,-1,-1,-1,5,3,5
2018140272513,1,11,0,18,0,0,0,0,0,0,0,1,1,1,29,6,6871,2,10,2,1,2
2018140272723,1,9,0,17,0,0,0,0,1,0,1,1,5,2,29,6,1968,2,6,4,2,4
2018140272723,2,9,0,18,0,0,0,0,0,0,4,1,6,3,-1,-1,-1,-1,-1,-1,-1,-1
2018140272810,1,11,0,18,0,0,0,0,0,0,3,1,4,3,-1,-1,-1,-1,-1,-1,-1,-1
2018140272810,2,9,0,18,0,0,0,0,0,0,3,1,6,3,-1,-1,-1,-1,-1,-1,-1,-1
2018140273302,1,9,0,9,0,1,0,0,0,0,3,1,1,2,41,7,1373,1,1,5,2,5
2018140273302,2,1,0,18,0,1,0,0,0,0,1,1,6,1,-1,-1,-1,-1,-1,-1,-1,-1
2018140273329,1,21,1,18,0,0,0,0,0,0,3,1,1,1,35,6,12777,2,3,7,1,7
2018140273329,2,1,0,18,9,0,0,0,0,0,0,1,5,1,8,2,-1,-1,-1,4,1,4
2018140273415,1,9,0,9,0,0,0,0,0,0,2,1,6,2,35,6,1248,2,11,6,1,6
2018140273415,2,19,0,13,0,0,0,0,0,0,1,1,1,1,19,4,1560,2,3,1,2,1
2018140273415,3,9,0,18,0,0,0,0,0,0,1,1,6,3,-1,-1,-1,-1,-1,-1,-1,-1
2018140273515,1,9,0,18,0,0,0,0,0,0,4,1,6,3,-1,-1,-1,-1,-1,-1,-1,-1
2018140273529,1,3,0,18,0,1,0,0,0,0,1,1,6,1,25,5,125,1,1,3,1,3
2018140273529,2,9,0,5,0,6,0,0,0,0,1,1,5,1,36,7,1685,2,2,3,1,3
2018140273551,1,9,0,17,0,0,5,0,0,0,1,1,2,1,18,4,1587,1,13,7,1,7
2018140273575,1,9,0,14,0,0,0,0,0,0,1,1,5,2,28,6,1995,2,7,1,1,1
2018140273575,2,9,0,18,0,0,0,0,0,0,1,1,5,1,37,7,1686,2,14,1,1,1
2018140273575,3,19,0,5,0,0,0,0,0,0,0,1,5,1,24,5,1868,2,13,2,1,2
2018140273599,1,19,0,1,9,6,0,0,0,0,2,1,1,1,30,6,1995,2,10,6,1,6
2018140273620,1,9,0,18,0,3,0,0,0,0,1,1,5,2,51,8,998,1,9,5,1,5
2018140273620,2,19,0,18,0,4,0,0,0,0,3,1,1,1,54,8,2143,2,2,3,1,3
2018140273672,1,9,0,18,0,1,0,0,0,0,4,1,6,2,78,11,1339,1,13,5,1,5
2018140273672,2,9,0,18,0,2,0,0,0,0,1,1,5,1,44,7,-1,-1,-1,6,3,6
2018140273672,3,9,0,18,0,1,0,0,0,0,0,1,5,2,19,4,998,1,7,3,1,3
2018140273716,1,9,0,18,0,0,0,10,7,0,1,1,6,3,26,6,1596,1,15,-1,-1,-1
2018140273716,2,9,0,18,0,0,0,0,1,0,1,1,5,2,23,5,1200,1,5,9,1,9
2018140273716,3,9,0,18,0,0,0,0,0,0,1,1,5,1,28,6,1598,1,8,1,1,1
2018140273749,1,8,0,18,0,1,0,0,0,0,1,1,1,1,31,6,1997,2,7,8,1,8
2018140273749,2,9,0,16,0,6,0,0,1,0,3,1,5,2,67,10,1497,8,1,10,1,10
2018140273757,1,9,0,5,0,4,0,0,0,0,1,1,2,1,69,10,1997,2,16,2,1,2
2018140273757,2,1,0,18,0,4,0,0,0,0,1,1,6,1,31,6,-1,-1,-1,2,1,2
2018140273830,1,9,0,18,0,1,0,0,0,0,1,1,6,3,-1,-1,2000,2,7,-1,-1,-1
2018140273830,2,98,0,18,0,1,0,0,0,0,1,1,1,1,31,6,-1,-1,-1,6,1,6
2018140273844,1,3,0,18,0,2,2,0,0,0,1,1,6,1,17,4,125,1,2,1,2,1
2018140273856,1,8,0,18,0,0,0,0,0,0,1,1,1,1,38,7,2499,2,10,5,1,5
2018140274068,1,9,0,18,0,0,1,0,7,9,3,1,6,1,23,5,1242,1,9,1,1,1
2018140274068,2,9,0,13,0,0,0,0,0,0,1,1,6,3,-1,-1,-1,-1,-1,-1,-1,-1
2018140274068,3,-1,0,18,0,0,0,0,1,9,3,1,6,3,-1,-1,-1,-1,-1,-1,-1,-1
2018140274068,4,-1,0,18,0,0,0,0,1,9,3,1,6,3,-1,-1,-1,-1,-1,-1,-1,-1
2018140274111,1,9,0,1,0,0,0,0,0,0,2,1,6,2,75,10,1299,1,16,1,1,1
2018140274266,1,9,0,18,0,0,0,0,0,0,2,1,6,3,-1,-1,-1,-1,-1,-1,-1,-1
2018140274266,2,9,0,18,0,0,0,0,0,0,1,1,6,1,-1,-1,1599,1,11,-1,-1,-1
2018140274266,3,9,0,18,0,0,0,0,0,0,1,1,6,2,21,5,1229,1,3,7,1,7
2018140274287,1,19,0,18,0,0,0,0,0,0,2,1,1,1,54,8,2402,2,11,1,3,1
2018140274287,2,9,0,18,0,0,1,0,1,0,1,1,2,1,33,6,1686,2,11,1,1,1
2018140274321,1,9,0,16,0,0,1,0,0,0,1,1,5,1,64,9,1969,2,3,7,3,7
2018140274321,2,9,0,18,0,0,1,0,0,0,1,1,5,1,58,9,1997,2,9,6,1,6
2018140274350,1,9,0,18,0,8,0,0,0,0,1,1,5,1,47,8,2499,2,14,8,1,8
2018140274350,2,9,0,18,0,8,0,0,0,0,1,1,6,1,33,6,2993,2,2,8,1,8
2018140274387,1,9,0,10,0,8,0,0,0,0,2,1,5,2,28,6,1560,2,4,6,1,6
2018140274387,2,9,0,18,0,1,0,0,0,0,1,1,5,1,42,7,1686,2,8,-1,-1,-1
2018140274388,1,9,0,18,0,2,0,0,0,0,0,1,2,1,30,6,1598,1,13,5,1,5
2018140274413,1,9,0,18,0,0,0,0,0,0,1,1,5,1,18,4,1997,2,13,1,1,1
2018140274413,2,9,0,7,0,0,0,0,0,0,1,1,6,3,-1,-1,1796,1,12,-1,-1,-1
2018140274422,1,9,0,18,9,1,1,0,3,0,1,1,5,2,44,7,1796,1,4,8,1,8
2018140274440,1,9,0,18,0,4,2,9,1,1,4,1,5,1,26,6,1596,1,12,8,2,8
2018140274446,1,9,0,9,0,8,0,0,0,0,1,1,5,2,25,5,1397,1,20,5,1,5
2018140274446,2,9,0,18,0,8,0,0,0,0,1,1,5,2,29,6,1560,2,10,1,1,1
2018140274461,1,19,0,18,0,8,0,0,5,0,1,1,6,3,30,6,1998,2,13,-1,-1,-1
2018140274461,2,9,0,18,0,2,0,0,0,0,1,1,6,1,25,5,999,1,11,2,1,2
2018140274461,3,9,0,18,0,1,0,0,0,0,0,1,6,1,28,6,1910,2,13,1,1,1
2018140274537,1,9,0,18,0,0,0,0,0,0,1,1,5,2,34,6,1598,1,14,2,1,2
2018140274537,2,9,0,18,0,0,0,0,0,0,2,1,5,2,43,7,1598,1,11,10,1,10
2018140274575,1,11,0,18,0,2,5,0,0,0,1,1,1,1,61,9,9360,2,11,7,2,7
2018140274575,2,1,0,18,2,2,0,0,0,0,4,1,6,1,35,6,-1,-1,-1,3,1,3
2018140274580,1,9,0,18,0,0,0,0,0,0,2,1,5,2,76,11,1200,1,5,10,1,10
2018140274580,2,9,0,18,0,0,0,0,0,0,1,1,6,1,-1,-1,1995,2,12,-1,-1,-1
2018140274610,1,9,0,16,0,1,1,0,1,0,1,1,5,2,18,4,1149,1,14,6,1,6
2018140274614,1,9,0,9,0,2,0,0,0,0,1,1,6,1,-1,-1,1586,1,12,6,1,6
2018140274619,1,9,0,17,0,0,1,0,7,0,1,1,5,2,38,7,1390,1,11,7,1,7
2018140274620,1,9,0,7,9,8,0,10,7,0,1,1,5,3,-1,-1,-1,-1,-1,-1,-1,-1
2018140274625,1,9,0,18,0,1,0,0,0,0,1,1,5,2,51,8,1198,1,5,1,1,1
2018140274631,1,9,0,18,0,0,0,0,0,0,3,1,2,2,22,5,1199,2,7,3,1,3
2018140274921,1,9,0,3,0,0,0,0,0,0,2,1,6,1,24,5,1560,2,8,3,1,3
2018140274921,2,9,0,18,0,0,0,0,0,0,1,1,6,3,-1,-1,-1,-1,-1,-1,-1,-1
2018140275296,1,9,0,4,0,0,0,0,0,0,2,1,5,1,60,9,1198,1,2,1,1,1
2018140275296,2,9,0,18,0,0,0,0,0,0,1,1,6,3,-1,-1,-1,-1,-1,-1,-1,-1
2018140275303,1,9,0,9,0,0,0,0,0,0,3,1,2,1,22,5,1328,1,12,8,1,8
2018140275303,2,9,0,9,0,0,0,0,0,0,1,1,6,3,84,11,1968,2,4,-1,-1,-1
2018140275351,1,9,0,18,0,0,0,0,0,0,1,1,1,1,25,5,2993,2,7,1,1,1
2018140275351,2,9,0,18,0,0,0,0,0,0,1,1,6,1,26,6,2993,2,11,5,1,5
2018140275366,1,9,0,18,0,1,0,0,0,0,1,1,6,2,-1,-1,1242,1,4,-1,-1,-1
2018140275366,2,9,0,3,0,1,0,0,0,0,2,1,6,2,38,7,1461,2,14,2,1,2
2018140275429,1,9,0,5,0,6,0,0,0,0,1,1,5,2,24,5,1587,1,10,1,1,1
2018140275429,2,9,0,16,0,1,0,0,1,0,4,1,5,1,29,6,1560,2,8,3,1,3
2018140275506,1,9,0,7,0,0,1,0,1,0,4,1,5,2,31,6,1242,1,3,4,2,4
2018140275506,2,9,0,18,0,0,1,7,1,0,1,1,6,2,22,5,1490,1,12,4,2,4
2018140275542,1,9,0,18,0,8,0,0,0,0,0,1,2,1,39,7,1997,2,1,10,1,10
2018140275554,1,9,0,9,0,8,0,0,0,0,4,1,2,1,33,6,1995,2,11,5,1,5
2018140275568,1,9,0,18,0,0,0,0,0,0,4,1,6,3,-1,-1,-1,-1,-1,-1,-1,-1
2018140275576,1,9,0,18,0,0,0,0,0,0,0,1,6,3,-1,-1,-1,-1,-1,-1,-1,-1
2018140275589,1,9,0,12,0,0,0,0,0,0,1,1,5,1,26,6,1248,2,4,3,1,3
2018140275589,2,8,0,18,2,0,0,0,0,0,3,1,5,1,36,7,-1,-1,-1,6,1,6
2018140275615,1,9,0,5,0,8,0,0,0,0,3,1,2,2,46,8,998,1,11,2,1,2
2018140275615,2,9,0,18,0,1,0,0,1,0,1,1,6,1,37,7,2967,1,14,2,2,2
2018140275615,3,9,0,9,0,8,0,0,0,0,3,1,6,1,64,9,1364,1,1,7,1,7
2018140275617,1,9,0,11,0,8,0,0,0,0,4,1,6,2,37,7,1339,1,3,2,1,2
2018140275617,2,9,0,12,0,8,0,0,0,0,3,1,6,1,26,6,2148,2,10,5,1,5
2018140275635,1,9,0,9,0,1,0,0,0,0,3,1,5,1,40,7,1598,1,9,1,1,1
2018140275635,2,3,0,18,0,1,0,0,0,0,1,1,2,1,45,7,124,1,4,5,1,5