Accident_Index,Vehicle_Reference,Vehicle_Type,Towing_and_Articulation,Vehicle_Manoeuvre,Vehicle_Location-Restricted_Lane,Junction_Location,Skidding_and_Overturning,Hit_Object_in_Carriageway,Vehicle_Leaving_Carriageway,Hit_Object_off_Carriageway,1st_Point_of_Impact,Was_Vehicle_Left_Hand_Drive?,Journey_Purpose_of_Driver,Sex_of_Driver,Age_of_Driver,Age_Band_of_Driver,Engine_Capacity_(CC),Propulsion_Code,Age_of_Vehicle,Driver_IMD_Decile,Driver_Home_Area_Type,Vehicle_IMD_Decile
2018140281943,2,9,0,18,0,8,0,0,0,0,1,1,5,3,52,8,1956,2,6,-1,-1,-1
2018140281948,1,9,0,18,0,0,0,0,0,0,1,1,6,3,-1,-1,-1,-1,-1,-1,-1,-1
2018140281948,2,1,0,18,0,0,0,0,0,0,2,1,5,1,41,7,-1,-1,-1,1,1,1
2018140281950,1,9,0,7,0,1,5,0,1,0,4,1,5,1,52,8,1242,1,15,1,1,1
2018140281959,1,9,0,18,0,0,5,0,7,0,1,1,1,1,53,8,-1,-1,-1,5,1,5
2018140281959,2,9,0,18,0,0,0,0,0,0,3,1,2,1,56,9,1997,2,3,10,1,10
2018140281959,3,9,0,18,0,0,0,0,0,0,1,1,2,1,48,8,1499,2,1,4,1,4
2018140281959,4,19,0,18,0,0,0,0,0,0,1,1,1,1,23,5,1587,1,8,4,1,4
2018140282029,1,9,0,18,0,0,0,0,0,0,2,1,5,2,22,5,2993,2,11,7,1,7
2018140282029,2,9,0,18,0,0,0,0,0,0,1,1,6,1,18,4,1229,1,11,-1,-1,-1
2018140282043,1,19,0,1,0,1,0,0,0,0,2,1,6,3,-1,-1,2198,2,7,-1,-1,-1
2018140282043,2,9,0,2,0,1,0,0,0,0,1,1,1,1,43,7,2967,2,1,9,1,9
2018140282059,1,9,0,16,0,0,1,0,7,0,1,1,6,1,30,6,-1,-1,-1,3,1,3
2018140282104,1,11,0,5,0,8,0,0,0,0,1,1,1,1,30,6,4461,2,5,3,1,3
2018140282104,2,8,0,18,0,8,5,0,1,0,1,1,1,1,32,6,1997,2,9,3,1,3
2018140282104,3,90,0,18,0,1,0,0,0,0,0,1,1,1,35,6,2987,2,3,-1,-1,-1
2018140282106,1,9,0,5,0,0,0,0,0,0,1,1,4,1,18,4,1388,1,14,7,1,7
2018140282140,1,9,0,18,0,0,2,0,1,0,1,1,6,1,30,6,1997,1,19,1,1,1
2018140282155,1,9,0,18,0,8,0,0,0,0,1,1,5,1,29,6,1968,2,8,9,2,9
2018140282155,2,9,0,9,0,8,0,0,0,0,1,1,5,2,37,7,1686,2,15,6,1,6
2018140282375,1,9,0,18,0,8,0,0,0,0,1,1,2,2,44,7,1296,1,11,2,1,2
2018140282375,2,9,0,9,0,8,0,0,0,0,1,1,2,1,61,9,2987,2,4,10,1,10
2018140282401,1,9,0,18,0,1,0,0,0,0,4,1,5,1,57,9,1995,2,14,1,1,1
2018140282401,2,9,0,18,0,1,0,0,0,0,1,1,6,3,25,5,1984,1,14,-1,-1,-1
2018140282481,1,9,0,3,0,1,0,0,0,0,1,1,6,1,31,6,1896,2,9,2,1,2
2018140282481,2,1,0,18,0,1,0,0,0,0,1,1,6,1,48,8,-1,-1,-1,4,1,4
2018140282512,1,2,0,5,0,0,0,0,0,0,4,1,5,1,16,4,49,1,14,1,1,1
2018140282512,2,9,0,5,0,0,0,0,0,0,1,1,5,1,22,5,1753,2,12,2,1,2
2018140282547,1,3,0,18,0,1,0,0,0,0,1,1,5,1,23,5,124,1,1,1,1,1
2018140282547,2,9,0,18,0,1,0,0,0,0,3,1,6,1,45,7,-1,-1,-1,-1,-1,-1
2018140282561,1,9,0,10,0,4,0,0,0,0,2,1,5,2,49,8,1368,1,3,3,1,3
2018140282561,2,9,0,18,0,1,0,0,0,0,1,1,6,3,-1,-1,1753,2,12,-1,-1,-1
2018140282564,1,9,0,18,0,0,0,0,0,0,1,1,2,2,39,7,1386,1,15,2,1,2
2018140282566,1,9,0,18,0,4,0,0,3,0,1,1,5,1,36,7,1598,1,14,1,1,1
2018140282566,2,9,0,3,0,4,0,0,3,0,2,1,2,1,50,8,-1,-1,-1,2,1,2
2018140282569,1,8,0,5,0,1,0,0,0,0,1,1,1,1,51,8,1910,2,8,1,1,1
2018140282570,1,19,0,2,0,1,0,0,0,0,3,1,1,1,54,8,1995,2,1,9,1,9
2018140282570,2,1,0,14,0,1,0,0,0,0,1,1,6,1,51,8,-1,-1,-1,1,1,1
2018140282574,1,9,0,7,0,3,0,0,0,0,1,1,2,2,31,6,1360,1,13,4,1,4
2018140282574,2,9,0,18,0,3,0,0,0,0,2,1,6,1,32,6,1796,1,3,-1,-1,-1
2018140282580,1,9,0,3,0,0,0,0,0,0,2,1,5,2,70,10,1364,1,12,2,1,2
2018140282580,2,-1,0,18,0,0,0,0,0,0,1,1,6,3,-1,-1,-1,-1,-1,-1,-1,-1
2018140282584,1,9,0,18,0,0,0,0,0,0,4,1,5,1,68,10,1997,2,6,6,1,6
2018140282589,1,9,0,18,0,0,1,0,0,0,2,1,5,2,37,7,1240,1,9,7,1,7
2018140282589,2,9,0,13,0,0,0,0,0,0,1,1,6,3,-1,-1,2494,1,19,-1,-1,-1
2018140282592,1,9,0,4,0,4,0,0,0,0,2,1,6,2,52,8,1798,1,5,6,1,6
2018140282592,2,9,0,4,0,4,0,0,0,0,1,1,6,1,50,8,1598,1,9,1,1,1
2018140282600,1,9,0,17,9,2,1,0,1,0,1,1,6,2,60,9,995,1,6,4,1,4
2018140282600,2,9,0,2,9,2,0,0,0,0,2,1,6,2,25,5,1956,2,6,5,1,5
2018140282601,1,9,0,8,0,1,0,0,0,0,2,1,5,2,55,8,998,1,8,2,1,2
2018140282601,2,9,0,18,0,1,0,0,0,0,1,1,6,1,35,6,1598,1,13,-1,-1,-1
2018140282602,1,9,0,18,0,2,0,0,0,0,1,1,5,2,30,6,1796,1,13,1,1,1
2018140282603,1,3,0,18,0,0,1,0,0,0,1,1,2,2,18,4,125,1,-1,2,2,2
2018140282603,2,9,0,2,0,0,0,0,0,0,2,1,6,1,61,9,1461,2,3,2,1,2
2018140282605,1,8,0,9,0,8,0,0,0,0,1,1,1,1,40,7,1896,2,11,1,1,1
2018140282605,2,9,0,9,0,1,0,0,0,0,3,1,5,1,48,8,1364,2,10,1,1,1
2018140282610,1,9,0,2,0,1,0,0,0,0,4,1,1,2,34,6,1598,2,2,-1,-1,-1
2018140282610,2,9,0,2,0,1,0,0,0,0,2,1,6,2,29,6,998,1,2,-1,-1,-1
2018140282610,3,9,0,4,0,1,1,10,0,0,1,1,6,1,42,7,1968,2,3,-1,-1,-1
2018140282610,4,9,0,2,0,8,0,0,0,0,1,1,1,1,77,11,1968,2,7,10,1,10
2018140282777,1,9,0,18,0,1,0,9,1,0,1,1,5,1,25,5,1799,1,11,3,1,3
2018140282808,1,9,0,18,0,0,0,0,0,0,1,1,6,1,-1,-1,1997,2,6,3,1,3
2018140282808,2,9,0,18,0,0,0,0,0,0,2,1,6,2,36,7,1999,1,1,6,2,6
2018140282808,3,9,0,18,0,0,0,0,0,0,2,1,6,3,-1,-1,1968,2,2,2,1,2
2018140282863,1,9,0,7,0,0,0,0,0,0,2,1,2,1,65,9,1560,2,13,6,1,6
2018140282863,2,9,0,18,0,0,0,0,0,0,1,1,6,1,20,4,1896,2,15,-1,-1,-1
2018140282866,1,9,0,18,0,0,0,0,7,0,1,1,5,1,17,4,1229,1,11,-1,-1,-1
2018140282924,1,9,0,4,0,1,0,0,0,0,2,1,5,2,20,4,998,1,5,8,1,8
2018140282924,2,9,0,4,0,1,0,0,0,0,1,1,6,3,-1,-1,998,1,6,-1,-1,-1
2018140282974,1,9,0,9,9,2,1,10,1,0,1,1,2,2,33,6,1360,1,13,3,1,3
2018140282980,1,9,0,3,0,0,0,10,0,0,3,1,5,1,24,5,1968,2,9,1,2,1
2018140282980,2,9,0,18,0,0,0,0,0,0,1,1,6,3,-1,-1,1242,1,10,-1,-1,-1
2018140282984,1,9,0,18,0,2,1,0,1,0,1,1,5,1,22,5,1229,1,10,1,1,1
2018140283006,1,19,0,18,0,3,0,0,0,0,1,1,6,1,24,5,2198,2,7,1,1,1
2018140283085,1,9,0,18,0,0,0,0,0,0,1,1,5,2,26,6,1339,1,7,-1,-1,-1
2018140283085,2,9,0,18,0,0,1,0,0,0,2,1,5,1,25,5,1582,2,1,3,1,3
2018140283085,3,9,0,18,0,0,0,0,0,0,1,1,5,1,51,8,1200,1,1,7,1,7
2018140283085,4,9,0,18,0,0,1,0,0,0,1,1,5,2,31,6,1497,1,13,3,1,3
2018140283100,1,9,0,18,0,0,1,0,5,6,1,1,5,1,32,6,1490,1,11,6,1,6
2018140283110,1,9,0,18,0,0,1,4,0,0,1,1,5,1,18,4,1596,1,14,4,1,4
2018140283110,2,9,0,18,0,0,1,0,0,0,1,1,6,1,-1,-1,1796,1,13,-1,-1,-1
2018140283110,3,9,0,2,0,0,1,4,0,0,2,1,6,2,58,9,1198,1,4,4,1,4
2018140283135,1,9,0,3,0,1,0,0,0,0,2,1,5,2,33,6,1781,1,18,1,1,1
2018140283135,2,9,0,3,0,1,0,0,0,0,2,1,5,1,38,7,1560,2,3,4,1,4
2018140283135,3,9,0,18,0,1,0,0,0,0,1,1,5,1,41,7,1900,2,14,4,1,4
2018140283153,1,9,0,18,0,1,0,0,0,0,1,1,5,1,22,5,1598,2,1,5,1,5
2018140283153,2,9,0,9,0,1,0,0,0,0,4,1,5,1,74,10,2993,2,1,9,1,9
2018140283164,1,9,0,18,0,0,0,0,0,0,3,1,6,1,64,9,1598,1,11,7,3,7
2018140283164,2,90,0,13,0,0,0,0,0,0,4,1,6,3,-1,-1,-1,-1,-1,-1,-1,-1
2018140283164,3,90,0,18,0,0,0,0,0,0,1,1,6,3,-1,-1,-1,-1,-1,-1,-1,-1
2018140283199,1,9,0,18,0,1,1,0,6,0,1,1,6,1,22,5,1999,1,3,5,2,5
2018140283199,2,9,0,18,0,3,0,0,0,0,1,1,6,1,58,9,1991,2,14,3,1,3
2018140283199,3,9,0,18,0,8,0,0,0,0,1,1,6,2,34,6,1598,1,13,3,1,3
2018140283212,1,9,0,18,0,7,1,0,0,0,4,1,5,1,36,7,2993,2,10,3,1,3
2018140283212,2,9,0,18,0,1,1,0,0,0,1,1,5,1,47,8,1796,1,10,1,1,1
2018140283225,1,11,0,18,0,0,0,0,0,0,0,1,1,1,57,9,4461,2,5,1,2,1
2018140283225,2,9,0,14,0,0,0,0,0,0,0,1,6,3,-1,-1,-1,-1,-1,-1,-1,-1
2018140283226,1,9,0,9,0,6,0,0,0,0,1,1,2,2,33,6,1598,1,7,1,1,1
2018140283226,2,11,0,18,0,1,0,0,0,0,1,1,1,1,44,7,5132,2,3,2,1,2
2018140283270,1,9,0,18,0,8,1,0,0,0,4,1,5,2,26,6,1595,1,14,7,2,7
2018140283270,2,9,0,18,0,8,1,0,0,0,1,1,5,1,34,6,1686,2,6,3,1,3
2018140283270,3,9,0,18,0,8,0,0,0,0,1,1,5,2,50,8,1560,2,3,9,2,9
2018140283315,1,9,0,4,0,0,1,0,0,0,1,1,5,1,19,4,998,1,1,1,1,1
2018140283315,2,9,0,18,0,0,0,0,0,0,2,1,5,1,61,9,1498,1,1,1,1,1
2018140283385,1,9,0,18,0,1,0,0,0,0,1,1,5,1,21,5,-1,-1,-1,1,1,1
2018140283385,2,9,0,9,0,8,0,0,0,0,2,1,6,2,21,5,998,1,17,5,1,5
2018140283385,3,9,0,18,0,1,0,0,0,0,1,1,5,1,75,10,1329,1,4,4,1,4
2018140283403,1,21,0,18,0,0,0,0,0,0,2,1,1,1,59,9,9290,2,8,1,1,1
2018140283403,2,9,0,18,0,0,0,0,0,0,1,1,5,1,27,6,1968,2,2,2,1,2
2018140283409,1,1,0,18,0,4,5,0,0,0,2,1,6,1,64,9,-1,-1,-1,2,1,2
2018140283409,2,19,0,18,0,3,0,0,0,0,1,1,6,3,-1,-1,1998,2,14,-1,-1,-1
2018140283449,1,1,0,18,0,8,0,0,0,0,3,1,5,1,35,6,-1,-1,-1,3,1,3
2018140283449,2,9,0,18,0,8,0,0,0,0,1,1,5,1,32,6,1968,2,12,1,1,1
2018140283453,1,9,0,4,0,1,0,0,0,0,2,1,1,2,51,8,1560,2,3,8,1,8
2018140283453,2,97,0,18,0,1,0,0,0,0,1,1,6,1,24,5,-1,-1,-1,-1,-1,-1
2018140283466,1,9,0,18,0,8,1,0,0,0,3,1,5,2,23,5,1206,1,7,2,1,2
2018140283466,2,9,0,9,0,8,0,0,0,0,1,1,5,2,21,5,1600,1,7,1,1,1
2018140283479,1,9,0,18,0,0,1,10,0,0,1,1,5,2,68,10,1968,2,6,6,3,6
2018140283496,1,9,0,18,0,0,0,0,0,0,1,1,5,1,51,8,1796,1,11,6,1,6
2018140283496,2,9,0,18,0,0,1,0,1,0,4,1,5,2,29,6,1364,2,13,4,1,4
2018140283497,1,98,0,18,0,1,0,0,0,0,4,1,6,3,-1,-1,-1,-1,-1,-1,-1,-1
2018140283522,1,8,0,6,0,0,0,0,0,0,3,1,1,1,53,8,1998,2,10,1,1,1
2018140283522,2,9,0,18,0,0,0,0,0,0,4,1,2,1,45,7,1598,1,15,2,1,2
2018140283539,1,9,0,7,0,8,0,0,0,0,1,1,6,2,21,5,1598,2,6,2,2,2
2018140283539,2,1,0,18,0,8,0,0,0,0,4,1,6,1,37,7,-1,-1,-1,5,1,5
2018140283546,1,1,0,18,0,1,0,0,0,0,1,1,2,1,36,7,-1,-1,-1,5,1,5
2018140283546,2,9,0,7,0,8,0,0,0,0,2,1,2,2,26,6,1398,1,5,6,1,6
2018140283576,1,9,0,3,0,1,0,0,0,0,2,1,5,1,18,4,-1,-1,-1,8,1,8
2018140283576,2,9,0,18,0,1,0,0,0,0,1,1,6,3,-1,-1,1339,1,7,-1,-1,-1
2018140283582,1,20,0,18,0,1,0,0,0,0,1,1,1,1,58,9,-1,-1,-1,10,1,10
2018140283582,2,9,0,4,0,1,0,0,0,0,2,1,5,1,72,10,1461,2,2,6,1,6
2018140283641,1,19,0,2,0,2,0,0,0,0,0,1,1,1,29,6,2402,2,11,3,1,3
2018140283641,2,11,0,18,0,1,0,0,0,0,0,1,1,1,35,6,7300,2,7,4,1,4
2018140283656,1,8,0,14,0,0,0,0,0,0,3,1,5,1,47,8,1798,1,7,1,1,1
2018140283665,1,8,0,9,2,0,0,0,0,0,1,1,1,1,30,6,1598,2,5,1,1,1
2018140283665,2,5,0,18,2,0,5,0,1,0,1,1,2,1,59,9,645,1,9,10,1,10
2018140283669,1,9,0,9,0,4,0,0,0,0,1,1,2,1,56,9,1997,1,8,6,1,6
2018140283669,2,97,0,14,0,1,0,0,0,0,1,1,1,1,44,7,-1,-1,-1,3,1,3
2018140283669,3,19,0,3,0,2,0,0,0,0,2,1,2,1,54,8,2402,2,7,7,1,7
2018140283707,1,9,0,18,0,0,0,0,0,0,2,1,6,1,23,5,-1,-1,-1,6,1,6
2018140283707,2,9,0,4,0,0,0,0,0,0,2,1,5,2,26,6,1984,1,16,3,1,3
2018140283707,3,9,0,18,0,0,0,0,0,0,1,1,6,3,-1,-1,1995,2,14,1,1,1
2018140283718,1,9,0,18,0,1,1,0,0,0,1,1,6,1,31,6,1998,2,11,1,1,1
2018140283718,2,9,0,9,0,6,1,0,0,0,2,1,6,1,25,5,2925,2,-1,3,3,3
2018140283736,1,9,0,18,0,8,0,0,0,0,1,1,1,2,35,6,1388,1,12,4,1,4
2018140283736,2,9,0,18,0,8,0,0,0,0,1,1,5,2,22,5,998,1,1,9,1,9
2018140283739,1,21,0,18,0,8,0,0,1,0,1,1,1,1,57,9,8500,2,23,7,2,7
2018140283739,2,9,0,18,0,8,0,0,0,0,1,1,1,2,53,8,-1,-1,-1,6,2,6
2018140283849,1,11,0,2,6,0,0,0,0,0,0,1,1,1,61,9,4461,2,5,2,1,2
2018140283893,1,11,0,18,0,0,0,0,0,0,0,1,1,2,55,8,6871,2,9,4,1,4
2018140283905,1,9,0,18,0,0,0,0,0,0,2,1,5,2,24,5,1598,2,6,8,1,8
2018140283905,2,9,0,18,0,0,0,0,0,0,1,1,5,1,23,5,1499,2,5,1,1,1
2018140283951,1,9,0,9,0,1,0,0,1,0,1,1,5,2,19,4,1248,1,6,2,1,2
2018140283951,2,9,0,2,0,1,0,0,0,0,1,1,6,1,63,9,1896,2,14,3,1,3
2018140283963,1,9,0,1,9,0,0,0,0,0,2,1,6,1,21,5,-1,-1,-1,1,1,1
2018140284012,1,1,0,18,0,1,0,0,0,0,1,1,6,1,43,7,-1,-1,-1,10,1,10
2018140284012,2,9,0,9,0,8,0,0,0,0,4,1,6,1,-1,-1,1490,1,9,2,1,2
2018140284024,1,9,0,16,0,3,0,0,0,0,1,1,6,2,29,6,998,1,1,1,1,1
2018140284024,2,21,0,4,0,1,0,0,0,0,1,1,1,1,53,8,9200,2,12,3,1,3
2018140284024,3,9,0,16,0,3,0,0,0,0,1,1,2,1,27,6,1796,1,12,3,1,3
2018140284053,1,9,0,1,9,0,0,0,0,0,2,1,1,1,25,5,1388,1,7,-1,-1,-1
2018140284069,1,9,0,18,0,0,0,0,0,0,1,1,3,1,71,10,1598,1,6,6,1,6
2018140284092,1,9,0,18,0,1,0,0,0,0,4,1,6,2,32,6,1560,2,7,1,1,1
2018140284092,2,9,0,9,0,6,0,0,0,0,1,1,6,2,44,7,1299,1,14,7,1,7
2018140284125,1,9,0,18,0,4,0,0,0,0,3,1,6,1,34,6,1796,1,15,1,1,1
2018140284125,2,3,0,18,0,8,0,0,0,0,1,1,6,1,34,6,124,1,1,3,1,3
2018140284130,1,9,0,6,0,6,0,0,0,0,3,1,6,2,31,6,1086,1,13,3,1,3
2018140284130,2,5,0,18,0,5,0,0,0,0,1,1,6,1,46,8,599,1,21,2,1,2
2018140284131,1,9,0,18,0,8,0,0,0,0,1,1,1,1,31,6,1968,2,1,4,2,4
2018140284131,2,9,0,9,0,8,0,0,0,0,1,1,1,1,48,8,1398,1,6,5,1,5
2018140284139,1,9,0,18,0,1,0,0,0,0,1,1,3,2,37,7,1499,1,2,9,2,9
2018140284145,1,9,0,10,0,8,0,0,0,0,2,1,5,2,62,9,1395,1,4,1,1,1
2018140284145,2,9,0,18,0,1,0,0,0,0,1,1,5,1,22,5,1490,1,14,5,1,5
2018140284722,1,9,0,18,0,1,0,0,0,0,1,1,6,3,-1,-1,1242,1,14,-1,-1,-1
2018140284722,2,9,0,3,0,1,0,0,0,0,1,1,5,2,59,9,1584,1,12,3,1,3
2018140284722,3,9,0,18,0,1,0,0,0,0,0,1,1,1,39,7,-1,-1,-1,5,1,5
2018140284747,1,9,0,5,0,8,0,0,0,0,3,1,6,1,34,6,1364,1,2,1,1,1
2018140284747,2,9,0,18,0,8,0,0,0,0,1,1,6,1,-1,-1,2495,2,17,-1,-1,-1
2018140284777,1,9,0,18,0,0,0,7,0,0,1,1,2,2,39,7,1582,2,4,1,1,1
2018140284787,1,9,0,18,9,5,0,4,7,0,2,1,6,1,22,5,1896,2,12,1,1,1
2018140284787,2,19,0,2,9,1,0,0,0,0,1,1,6,3,-1,-1,-1,-1,-1,-1,-1,-1
2018140284787,3,9,0,2,9,1,0,0,0,0,1,1,6,3,-1,-1,-1,-1,-1,-1,-1,-1
2018140284794,1,9,0,18,0,1,0,0,0,0,1,1,6,1,18,4,1198,1,8,9,1,9
2018140284794,2,9,0,4,0,1,0,0,0,0,2,1,6,1,30,6,1560,2,11,2,1,2
2018140284794,3,9,0,3,0,1,0,0,0,0,2,1,6,2,52,8,1398,1,1,4,1,4
2018140284822,1,9,0,18,0,8,0,0,0,0,4,1,1,1,54,8,1870,2,12,7,2,7
2018140284822,2,9,0,18,0,4,0,0,0,0,1,1,6,3,-1,-1,1984,1,8,-1,-1,-1
2018140284837,1,9,0,18,0,0,0,0,0,0,4,1,5,1,52,8,1997,2,16,1,2,1
2018140284837,2,9,0,6,0,0,0,0,0,0,3,1,5,2,30,6,1995,2,5,9,1,9
2018140284925,1,9,0,3,0,0,0,0,0,0,2,1,5,1,28,6,1968,2,12,5,-1,5
2018140284925,2,9,0,18,0,0,0,0,0,0,1,1,5,2,20,4,1149,1,10,5,1,5
2018140284945,1,3,0,18,0,1,2,0,0,0,1,1,5,1,24,5,124,1,1,6,1,6
2018140284945,2,9,0,7,0,8,0,0,0,0,3,1,5,1,73,10,1910,2,13,3,1,3
2018140284966,1,9,0,18,0,8,0,0,0,0,4,1,6,3,-1,-1,-1,-1,-1,-1,-1,-1
2018140284982,1,9,0,18,0,8,0,0,0,0,3,1,5,1,49,8,2401,2,11,7,1,7
2018140285008,1,9,0,13,0,8,0,0,0,0,4,1,6,1,-1,-1,1749,1,15,-1,-1,-1
2018140285008,2,9,0,9,0,8,0,0,0,0,3,1,5,2,44,7,1997,2,12,1,1,1
2018140285008,3,9,0,3,0,1,0,0,0,0,1,1,5,2,39,7,1086,1,12,1,1,1
2018140285013,1,9,0,18,0,0,0,0,0,0,3,1,1,2,18,4,1242,1,13,3,1,3
2018140285013,2,9,0,18,0,0,0,0,0,0,1,1,6,3,-1,-1,-1,-1,-1,-1,-1,-1
2018140285052,1,9,0,18,0,8,0,0,0,0,1,1,5,1,36,7,1956,2,8,3,1,3
2018140285052,2,9,0,18,0,8,0,0,1,0,1,1,6,3,-1,-1,1998,2,13,-1,-1,-1
2018140285062,1,9,0,18,0,8,0,0,0,0,1,1,5,1,32,6,1598,1,13,1,1,1
2018140285062,2,9,0,9,0,1,0,0,1,0,1,1,5,1,23,5,1896,2,14,1,1,1
2018140285106,1,9,0,5,0,8,0,0,0,0,3,1,6,1,-1,-1,1896,2,13,-1,-1,-1
2018140285106,2,9,0,12,0,1,0,0,0,0,1,1,5,1,24,5,1995,2,5,4,1,4
2018140285133,1,9,0,18,0,0,0,0,0,0,2,1,5,1,38,7,2993,2,2,2,1,2
2018140285133,2,9,0,18,0,0,0,0,0,0,2,1,5,1,53,8,1753,2,12,9,1,9
2018140285133,3,9,0,18,0,0,0,0,0,0,1,1,1,2,51,8,1399,2,8,2,1,2
2018140285185,1,9,0,18,0,0,5,0,7,0,1,1,6,1,59,9,2656,1,12,2,2,2
2018140285185,2,9,0,13,0,0,0,0,1,0,3,1,5,1,38,7,2179,2,15,2,2,2
2018140285185,3,9,0,18,0,0,0,0,0,0,0,1,6,1,45,7,1968,2,2,1,1,1
2018140285254,1,9,0,9,0,8,0,0,0,0,1,1,6,1,45,7,1149,1,15,7,1,7
2018140285254,2,1,0,18,0,1,0,0,0,0,1,1,6,1,52,8,-1,-1,-1,2,1,2
2018140285272,1,9,0,18,0,2,0,0,0,0,1,1,5,1,55,8,1560,2,9,1,1,1
2018140285280,1,9,0,18,0,1,0,0,0,0,1,1,5,1,27,6,1984,1,10,2,1,2
2018140285280,2,9,0,5,0,2,0,0,0,0,2,1,2,1,24,5,1388,1,6,9,1,9
2018140285348,1,9,0,2,0,0,0,0,0,0,3,1,6,2,39,7,1968,2,3,2,1,2
2018140285348,2,9,0,13,0,0,0,0,0,0,4,1,6,1,34,6,1796,1,10,2,1,2
2018140285460,1,9,0,9,0,0,0,0,0,0,1,1,6,1,31,6,1399,1,11,4,1,4
2018140285460,2,9,0,18,0,0,0,0,0,0,3,1,6,3,-1,-1,998,1,16,-1,-1,-1
2018140285511,1,1,0,4,0,0,0,0,0,0,1,1,6,1,14,3,-1,-1,-1,4,1,4
2018140285511,2,9,0,10,0,0,1,0,0,0,3,1,6,2,-1,-1,1791,8,7,4,1,4
2018140285571,1,9,0,9,0,8,0,0,0,0,1,1,6,1,35,6,2987,2,3,6,3,6
2018140285571,2,9,0,18,0,1,0,0,0,0,1,1,6,1,78,11,1598,1,8,2,1,2
2018140285634,1,9,0,18,0,2,0,0,0,0,4,1,5,2,33,6,1461,2,9,1,1,1
2018140285634,2,-1,0,18,0,1,0,0,0,0,1,1,6,3,-1,-1,-1,-1,-1,-1,-1,-1
2018140285663,1,9,0,9,0,8,0,0,0,0,1,1,1,1,57,9,1598,2,3,2,1,2
2018140285663,2,22,0,18,0,8,0,0,0,0,3,1,6,1,75,10,-1,-1,-1,2,1,2
2018140285678,1,9,0,4,0,0,0,0,0,0,2,1,5,2,29,6,1242,1,3,6,1,6
2018140285678,2,9,0,4,0,0,0,0,0,0,2,1,5,1,34,6,1598,1,4,4,1,4
2018140285678,3,9,0,18,0,0,0,0,0,0,1,1,5,1,32,6,1149,1,4,4,1,4
2018140285699,1,9,0,13,0,3,1,0,0,0,1,1,6,3,-1,-1,1896,2,16,-1,-1,-1
2018140285699,2,9,0,18,0,3,1,0,0,0,0,1,1,1,42,7,1560,2,-1,-1,-1,-1
2018140285699,3,9,0,18,0,1,0,0,0,0,1,1,5,1,49,8,1229,1,8,2,1,2
2018140285709,1,9,0,18,0,0,0,0,0,0,4,1,5,2,68,10,1086,1,12,10,1,10
2018140285709,2,9,0,2,0,0,0,0,0,0,0,1,6,3,-1,-1,-1,-1,-1,-1,-1,-1
2018140285877,1,9,0,11,0,0,0,0,1,0,2,1,6,1,39,7,-1,-1,-1,6,1,6
2018140285877,2,9,0,18,0,0,0,0,0,0,1,1,6,3,-1,-1,-1,-1,-1,-1,-1,-1
2018140285877,3,9,0,18,0,0,0,0,0,0,0,1,6,3,-1,-1,-1,-1,-1,-1,-1,-1
2018140285894,1,9,0,18,0,2,0,0,0,0,1,1,1,2,24,5,1395,8,1,5,1,5
2018140285910,1,9,0,9,0,2,0,0,0,0,4,1,2,2,21,5,1124,1,13,2,1,2
2018140285928,1,9,0,18,0,1,0,0,0,0,1,1,5,2,45,7,1598,1,6,6,1,6
2018140285928,2,9,0,18,0,1,0,0,0,0,4,1,5,1,18,4,1496,2,1,2,1,2
2018140285969,1,9,0,9,0,8,0,0,0,0,1,1,5,2,71,10,2143,2,1,5,1,5
2018140285969,2,1,0,18,0,1,2,0,1,0,3,1,6,1,48,8,-1,-1,-1,1,1,1
2018140286004,1,9,0,18,0,0,0,0,0,0,2,1,5,1,39,7,1598,1,10,1,1,1
2018140286004,2,9,0,18,0,0,0,0,0,0,1,1,5,1,40,7,4799,1,12,3,1,3
2018140286011,1,19,0,18,0,0,0,0,0,0,1,1,2,1,49,8,1499,2,1,5,1,5
2018140286011,2,9,0,18,0,0,0,0,0,0,2,1,5,2,27,6,998,1,5,4,1,4
2018140286013,1,9,0,18,0,1,0,0,0,0,1,1,6,1,36,7,1086,1,11,2,1,2
2018140286013,2,1,0,18,0,8,0,0,0,0,3,1,6,1,13,3,-1,-1,-1,3,1,3
2018140286138,1,11,0,5,0,1,0,0,0,0,0,1,1,1,-1,-1,9000,2,15,-1,-1,-1
2018140286169,1,-1,0,18,0,1,0,0,0,0,1,1,6,3,-1,-1,-1,-1,-1,-1,-1,-1
2018140286278,1,9,0,18,0,0,1,0,1,0,3,1,1,1,49,8,2993,2,1,10,1,10
2018140286278,2,9,0,18,0,0,0,0,0,0,2,1,5,1,32,6,1968,2,7,3,1,3
2018140286288,1,9,0,18,0,8,0,0,0,0,1,1,6,2,37,7,1399,2,12,1,1,1
2018140286288,2,9,0,5,0,8,0,0,0,0,3,1,6,2,22,5,1229,1,7,2,1,2
2018140286295,1,9,0,18,0,0,0,0,1,0,1,1,5,1,37,7,1995,2,3,2,1,2
2018140286295,2,9,0,13,0,0,1,0,0,0,1,1,1,2,55,8,2400,2,5,3,1,3
2018140286650,1,9,0,18,0,0,0,0,0,0,1,1,6,1,52,8,1686,2,5,1,1,1