Accident_Index,Vehicle_Reference,Vehicle_Type,Towing_and_Articulation,Vehicle_Manoeuvre,Vehicle_Location-Restricted_Lane,Junction_Location,Skidding_and_Overturning,Hit_Object_in_Carriageway,Vehicle_Leaving_Carriageway,Hit_Object_off_Carriageway,1st_Point_of_Impact,Was_Vehicle_Left_Hand_Drive?,Journey_Purpose_of_Driver,Sex_of_Driver,Age_of_Driver,Age_Band_of_Driver,Engine_Capacity_(CC),Propulsion_Code,Age_of_Vehicle,Driver_IMD_Decile,Driver_Home_Area_Type,Vehicle_IMD_Decile
2018140286650,2,1,0,18,0,0,0,0,0,0,3,1,2,1,46,8,-1,-1,-1,1,1,1
2018140286758,1,19,0,18,0,0,0,0,0,0,2,1,5,1,26,6,2198,2,8,6,1,6
2018140286758,2,9,0,18,0,0,0,0,0,0,1,1,6,1,32,6,2495,2,18,2,1,2
2018140286786,1,9,0,18,0,0,0,0,0,0,4,1,6,2,32,6,1242,1,11,1,1,1
2018140286791,1,9,0,6,0,1,0,0,0,0,1,1,5,1,54,8,1598,1,6,7,2,7
2018140286791,2,9,0,18,0,1,0,0,0,0,1,1,5,1,58,9,1598,1,19,1,1,1
2018140286796,1,9,0,18,0,0,0,0,0,0,1,1,5,1,20,4,1399,1,2,1,1,1
2018140286796,2,9,0,18,0,0,0,0,0,0,2,1,6,1,44,7,1685,2,7,3,1,3
2018140286827,1,9,0,17,0,8,0,0,0,0,1,1,2,1,43,7,2967,2,11,3,1,3
2018140286841,1,9,0,9,0,8,0,0,0,0,1,1,5,1,22,5,1229,1,10,1,1,1
2018140286848,1,9,0,9,0,8,0,0,0,0,1,1,5,1,19,4,1248,2,9,2,1,2
2018140286848,2,9,0,18,0,8,0,0,0,0,3,1,5,2,39,7,1198,1,8,1,1,1
2018140286859,1,8,0,18,0,1,0,0,0,0,1,1,1,1,41,7,2402,2,14,2,1,2
2018140286862,1,9,0,18,0,2,1,0,0,0,1,1,5,2,25,5,1995,2,8,1,1,1
2018140286862,2,9,0,18,0,2,0,1,0,0,1,1,5,1,52,8,1598,2,1,2,2,2
2018140286882,1,9,0,18,0,0,0,0,0,0,2,1,5,2,46,8,898,1,1,9,2,9
2018140286882,2,9,0,18,0,0,0,0,0,0,2,1,5,1,33,6,2953,1,5,8,3,8
2018140286882,3,19,0,18,0,0,0,0,0,0,2,1,1,1,61,9,1598,2,2,2,1,2
2018140286882,4,9,0,18,0,0,0,0,0,0,2,1,5,1,44,7,2720,2,13,2,1,2
2018140286882,5,9,0,18,0,0,0,0,0,0,1,1,5,1,43,7,2488,2,5,7,1,7
2018140286897,1,9,0,16,0,0,0,0,7,0,1,1,6,1,28,6,-1,-1,-1,1,1,1
2018140286903,1,9,0,18,0,1,0,7,0,0,1,1,6,1,37,7,1598,1,9,3,1,3
2018140286908,1,9,0,18,0,0,0,0,0,0,1,1,5,2,26,6,1242,1,5,3,1,3
2018140286908,2,8,0,18,0,0,0,0,0,0,1,1,1,1,40,7,1797,8,4,1,1,1
2018140286934,1,9,0,12,0,3,5,0,4,0,4,1,5,1,54,8,1388,1,11,3,1,3
2018140286934,2,9,0,4,0,4,0,0,0,0,1,1,5,1,64,9,1399,1,2,6,1,6
2018140286960,1,9,0,18,0,1,0,0,0,0,1,1,5,1,47,8,1240,1,11,5,1,5
2018140286960,2,9,0,5,0,8,0,0,0,0,1,1,6,1,25,5,1398,1,17,1,1,1
2018140286967,1,11,0,4,0,1,0,0,0,0,4,1,1,1,51,8,6871,2,10,4,1,4
2018140286967,2,9,0,9,0,8,0,0,0,0,3,1,6,2,20,4,1997,2,4,-1,-1,-1
2018140286981,1,9,0,9,0,8,0,0,0,0,3,1,2,2,19,4,-1,-1,-1,5,3,5
2018140286981,2,9,0,18,0,1,0,0,1,0,1,1,2,1,26,6,-1,-1,-1,2,1,2
2018140286991,1,9,0,18,0,0,0,0,0,0,1,1,5,1,47,8,1560,2,6,8,2,8
2018140286991,2,9,0,4,0,0,0,0,0,0,2,1,6,3,-1,-1,1560,2,6,-1,-1,-1
2018140286991,3,9,0,4,0,0,0,0,0,0,2,1,6,1,40,7,1896,2,9,1,1,1
2018140287014,1,9,0,4,0,0,0,0,0,0,1,1,5,2,37,7,1197,1,5,7,3,7
2018140287014,2,9,0,4,0,0,0,0,0,0,2,1,5,1,52,8,1995,2,4,7,3,7
2018140287033,1,9,0,12,0,0,0,0,0,0,4,1,2,2,31,6,1364,1,12,10,1,10
2018140287033,2,19,0,9,0,0,0,0,0,0,1,1,1,1,64,9,2198,2,5,2,1,2
2018140287096,1,9,0,1,5,0,0,0,0,0,2,1,6,1,33,6,2143,2,1,8,1,8
2018140287097,1,9,0,16,0,0,0,0,0,0,2,1,5,2,48,8,998,1,4,3,2,3
2018140287097,2,9,0,16,0,0,0,0,0,0,1,1,2,1,28,6,1560,2,7,5,-1,5
2018140287101,1,9,0,18,0,1,0,0,0,0,1,1,5,1,19,4,1198,1,11,2,2,2
2018140287101,2,9,0,9,0,8,0,0,0,0,3,1,2,2,57,9,1332,1,20,4,2,4
2018140287119,1,9,0,18,0,0,0,0,0,0,1,1,5,1,68,10,1596,1,16,7,1,7
2018140287152,1,9,0,18,0,8,0,0,0,0,1,1,5,1,83,11,998,1,3,6,1,6
2018140287152,2,9,0,9,0,8,0,0,0,0,4,1,5,1,64,9,1200,1,1,1,1,1
2018140287172,1,9,0,18,0,0,0,0,1,0,1,1,5,1,22,5,-1,-1,-1,5,2,5
2018140287175,1,9,0,18,0,1,0,0,0,0,3,1,5,1,24,5,1995,1,12,4,1,4
2018140287175,2,9,0,9,0,8,0,0,0,0,4,1,6,1,-1,-1,-1,-1,-1,-1,-1,-1
2018140287209,1,9,0,3,0,1,0,0,0,0,2,1,5,1,48,8,1598,1,6,5,1,5
2018140287209,2,9,0,18,0,1,0,0,0,0,1,1,6,3,-1,-1,1490,1,13,-1,-1,-1
2018140287228,1,9,0,18,0,8,0,0,0,0,1,1,5,1,76,11,1198,1,11,3,1,3
2018140287228,2,9,0,18,0,8,0,0,0,0,3,1,6,3,-1,-1,1686,2,6,-1,-1,-1
2018140287244,1,9,0,9,0,2,0,0,0,0,1,1,6,1,29,6,-1,-1,-1,7,3,7
2018140287244,2,9,0,18,0,8,0,0,0,0,1,1,6,1,52,8,1968,2,7,3,1,3
2018140287268,1,9,0,16,0,0,1,0,1,4,1,1,2,1,28,6,1896,2,14,3,1,3
2018140287289,1,19,0,18,0,0,0,0,8,0,1,1,1,1,63,9,1499,2,2,6,1,6
2018140287289,2,9,0,2,9,0,0,0,7,0,1,1,5,3,-1,-1,1248,2,3,-1,-1,-1
2018140287323,1,9,0,18,0,1,0,0,0,0,1,1,5,1,30,6,998,1,13,5,1,5
2018140287323,2,9,0,9,0,8,0,0,0,0,4,1,6,3,-1,-1,1984,1,11,-1,-1,-1
2018140287341,1,1,0,18,0,0,0,0,0,0,1,1,5,1,5,1,-1,-1,-1,1,2,1
2018140287341,2,9,0,18,0,0,0,0,0,0,1,1,6,3,-1,-1,-1,-1,-1,-1,-1,-1
2018140287549,1,8,0,9,0,8,0,0,0,0,1,1,5,1,49,8,1995,2,3,4,1,4
2018140287549,2,9,0,18,0,1,0,0,0,0,3,1,5,2,57,9,1197,1,2,1,1,1
2018140287588,1,19,0,18,0,0,0,0,0,0,3,1,6,3,-1,-1,1998,2,15,-1,-1,-1
2018140287641,1,9,0,18,0,8,0,0,0,0,1,1,6,2,69,10,1248,1,4,2,1,2
2018140287641,2,9,0,17,0,8,0,0,0,0,1,1,6,1,65,9,1796,1,16,2,1,2
2018140287655,1,9,0,9,0,6,0,0,0,0,1,1,2,2,44,7,1997,2,4,9,1,9
2018140287655,2,9,0,18,0,1,0,0,0,0,1,1,1,2,35,6,1200,1,5,6,1,6
2018140287672,1,9,0,4,0,0,0,0,0,0,2,1,6,2,49,8,1599,1,12,1,1,1
2018140287672,2,9,0,17,0,0,0,0,0,0,1,1,6,3,-1,-1,-1,-1,-1,-1,-1,-1
2018140287673,1,9,0,1,0,2,0,4,0,0,2,1,6,1,58,9,1360,1,12,1,1,1
2018140287673,2,19,0,2,0,2,0,0,0,0,1,1,6,1,50,8,1870,2,13,1,1,1
2018140287673,3,9,0,2,0,2,0,0,0,0,3,1,6,2,30,6,1598,1,5,1,1,1
2018140287673,4,9,0,2,0,2,0,0,0,0,4,1,6,2,49,8,1997,2,13,1,1,1
2018140287673,5,9,0,2,0,2,0,0,0,0,0,1,6,1,56,9,1598,2,3,1,1,1
2018140287673,6,9,0,2,0,2,0,0,0,0,0,1,6,1,45,7,2179,2,11,2,1,2
2018140287673,7,9,0,2,0,2,0,0,0,0,0,1,6,2,56,9,1596,1,11,1,1,1
2018140287704,1,9,0,18,0,4,0,0,0,0,2,1,2,1,26,6,1399,2,12,1,1,1
2018140287704,2,9,0,18,0,4,0,0,0,0,1,1,6,3,-1,-1,-1,-1,-1,-1,-1,-1
2018140287706,1,9,0,18,0,4,0,0,0,0,1,1,6,2,24,5,1560,2,8,1,1,1
2018140287706,2,9,0,18,0,8,0,0,0,0,1,1,6,1,30,6,1598,1,7,3,1,3
2018140287728,1,19,0,5,0,0,0,0,0,0,4,1,5,1,65,9,1753,2,14,9,2,9
2018140287745,1,9,0,18,0,1,0,0,0,0,1,1,6,3,-1,-1,-1,-1,-1,-1,-1,-1
2018140287916,1,9,0,7,0,8,0,0,0,0,1,1,5,1,32,6,1600,1,6,5,1,5
2018140287916,2,9,0,18,0,1,0,0,0,0,1,1,5,1,82,11,1329,1,9,6,1,6
2018140287954,1,9,0,18,0,8,0,0,1,0,1,1,5,1,25,5,1997,2,15,4,1,4
2018140287954,2,19,0,18,0,6,0,0,0,0,4,1,5,1,45,7,1686,2,13,1,1,1
2018140287954,3,9,0,18,0,1,0,0,0,0,0,1,2,1,19,4,1395,1,2,4,1,4
2018140287956,1,9,0,9,0,0,0,0,0,0,3,1,5,1,21,5,1598,1,12,2,1,2
2018140287956,2,9,0,18,0,0,0,0,0,0,1,1,6,1,-1,-1,-1,-1,-1,-1,-1,-1
2018140287961,1,9,0,9,0,8,0,0,0,0,1,1,6,1,31,6,1596,1,16,5,1,5
2018140287961,2,9,0,18,0,1,0,0,7,0,1,1,5,1,20,4,1900,2,14,5,1,5
2018140287978,1,19,0,18,0,1,0,0,0,0,1,1,5,2,39,7,1998,2,15,1,1,1
2018140287978,2,9,0,9,0,2,0,0,0,0,1,1,6,3,-1,-1,1598,1,13,-1,-1,-1
2018140287979,1,9,0,18,0,1,0,0,0,0,1,1,6,1,40,7,1910,2,12,2,1,2
2018140287979,2,9,0,9,0,8,0,0,0,0,3,1,1,2,18,4,1242,1,8,1,1,1
2018140287999,1,9,0,18,0,8,0,0,0,0,1,1,5,1,87,11,1299,1,18,1,1,1
2018140287999,2,9,0,9,0,8,0,0,0,0,1,1,5,1,43,7,1910,2,11,1,1,1
2018140288041,1,9,0,18,0,0,1,0,1,4,1,1,5,1,35,6,1598,1,9,9,2,9
2018140288042,1,9,0,4,0,0,0,0,0,0,1,1,5,1,45,7,1997,2,3,9,1,9
2018140288042,2,1,0,18,0,0,0,0,0,0,1,1,6,1,-1,-1,-1,-1,-1,-1,-1,-1
2018140288044,1,9,0,9,0,8,0,0,0,0,4,1,2,1,20,4,999,1,-1,5,1,5
2018140288044,2,9,0,18,0,8,0,0,0,0,1,1,5,2,31,6,1461,2,2,8,1,8
2018140288044,3,9,0,10,0,1,0,0,0,0,1,1,5,1,37,7,-1,-1,-1,4,1,4
2018140288047,1,9,0,9,0,8,0,0,0,0,1,1,5,1,38,7,1995,2,2,2,1,2
2018140288047,2,9,0,18,0,1,0,0,0,0,1,1,5,1,74,10,1794,1,10,10,1,10
2018140288058,1,9,0,9,0,8,0,0,0,0,3,1,5,2,44,7,1997,2,11,3,1,3
2018140288058,2,9,0,7,0,8,0,0,0,0,3,1,6,1,75,10,1590,1,2,-1,-1,-1
2018140288062,1,9,0,18,0,0,0,0,5,0,1,1,6,3,-1,-1,1587,1,13,-1,-1,-1
2018140288065,1,11,0,2,0,0,0,0,0,0,0,1,1,1,34,6,9000,2,15,3,1,3
2018140288066,1,9,0,18,0,2,1,0,1,0,1,1,1,1,30,6,-1,-1,-1,-1,-1,-1
2018140288074,1,9,0,9,0,5,0,0,0,0,4,1,5,1,58,9,1587,1,8,3,1,3
2018140288074,2,9,0,18,0,1,0,0,0,0,1,1,6,1,22,5,-1,-1,-1,2,1,2
2018140288082,1,9,0,18,0,0,0,0,0,0,2,1,6,2,37,7,1984,2,6,8,3,8
2018140288082,2,8,0,18,0,0,0,0,0,0,2,1,6,1,33,6,1968,2,2,9,1,9
2018140288082,3,9,0,18,0,0,0,0,0,0,1,1,6,2,26,6,1968,2,13,4,1,4
2018140288087,1,2,0,18,0,8,0,0,0,0,4,1,5,1,15,3,49,1,4,1,1,1
2018140288087,2,9,0,18,0,4,0,0,0,0,1,1,5,1,69,10,1398,1,8,3,1,3
2018140288089,1,4,0,18,0,0,1,0,0,0,0,1,2,1,30,6,249,1,8,5,1,5
2018140288089,2,9,0,12,0,0,0,0,0,0,2,1,6,1,36,7,1968,2,12,1,1,1
2018140288091,1,9,0,18,0,8,0,0,0,0,3,1,5,2,27,6,1400,2,12,1,1,1
2018140288091,2,9,0,9,0,8,0,0,0,0,1,1,5,2,35,6,1998,2,4,1,1,1
2018140288091,3,9,0,9,0,8,5,0,0,0,4,1,2,1,32,6,1753,2,10,4,1,4
2018140288096,1,9,0,18,0,1,0,0,0,0,1,1,2,1,41,7,-1,-1,-1,7,1,7
2018140288096,2,8,0,9,0,1,0,0,0,0,2,1,1,1,40,7,-1,-1,-1,6,3,6
2018140288096,3,9,0,18,0,8,0,0,0,0,3,1,6,2,47,8,2143,2,-1,7,3,7
2018140288309,1,21,1,18,0,2,1,7,0,0,1,1,1,1,29,6,12740,2,4,-1,1,-1
2018140288328,1,9,0,18,0,4,5,9,2,0,1,1,6,1,30,6,2993,2,4,1,1,1
2018140288371,1,9,0,16,0,0,1,0,7,4,3,1,5,1,33,6,1199,1,15,3,1,3
2018140288396,1,3,0,16,0,1,1,0,0,0,3,1,5,1,42,7,125,1,-1,4,2,4
2018140288396,2,9,0,17,0,1,0,0,0,0,3,1,5,2,47,8,1360,1,13,7,1,7
2018140288399,1,19,0,14,0,0,0,0,0,0,3,1,1,1,50,8,2198,2,5,8,1,8
2018140288399,2,9,0,18,0,0,0,0,0,0,1,1,1,2,37,7,1390,1,12,6,1,6
2018140288423,1,9,0,9,0,8,0,0,0,0,4,1,5,2,29,6,998,1,5,8,1,8
2018140288423,2,9,0,18,0,8,0,0,0,0,1,1,2,1,27,6,1596,1,12,3,1,3
2018140288449,1,9,0,18,0,0,2,0,0,0,1,1,5,1,27,6,1598,1,16,3,1,3
2018140288449,2,9,0,18,0,0,1,0,1,0,1,1,5,1,18,4,1149,1,12,3,1,3
2018140288465,1,9,0,9,0,8,0,0,0,0,1,1,6,2,42,7,1339,1,9,3,1,3
2018140288465,2,3,0,14,0,1,0,0,0,0,1,1,6,1,19,4,124,1,15,2,1,2
2018140288468,1,9,0,5,0,0,0,0,0,0,3,1,5,1,58,9,1997,2,9,7,1,7
2018140288468,2,9,0,18,0,0,0,0,0,0,1,1,5,2,41,7,998,1,10,1,1,1
2018140288469,1,11,0,5,0,0,0,0,0,0,0,1,1,1,26,6,-1,-1,-1,1,1,1
2018140288472,1,9,0,14,0,1,0,0,0,0,1,1,6,2,26,6,998,1,10,4,2,4
2018140288488,1,9,0,18,0,1,0,0,1,10,1,1,6,1,21,5,1197,1,4,1,1,1
2018140288496,1,9,0,18,0,0,0,0,0,0,4,1,5,1,67,10,1997,2,13,1,1,1
2018140288496,2,1,0,18,0,0,0,0,0,0,1,1,5,2,9,2,-1,-1,-1,1,1,1
2018140288531,1,9,0,18,0,0,0,0,0,0,1,1,5,1,72,10,1493,2,12,8,1,8
2018140288531,2,9,0,18,0,0,0,0,0,0,1,1,5,1,19,4,1198,1,11,1,1,1
2018140288540,1,9,0,18,0,0,5,0,0,0,1,1,6,1,48,8,1242,1,14,3,1,3
2018140288540,2,98,0,12,0,0,0,0,0,0,1,1,1,1,44,7,-1,-1,-1,-1,-1,-1
2018140288594,1,9,0,14,0,0,0,0,1,0,1,1,6,1,39,7,1910,2,11,2,2,2
2018140288594,2,9,0,14,0,0,0,0,0,0,1,1,6,1,31,6,1896,2,15,3,1,3
2018140288623,1,19,0,8,0,1,0,0,0,0,4,1,6,1,40,7,1995,2,1,2,1,2
2018140288623,2,1,0,18,0,8,0,0,0,0,1,1,6,1,23,5,-1,-1,-1,-1,-1,-1
2018140288693,1,9,0,18,0,0,0,0,0,0,2,1,6,1,44,7,1395,1,-1,1,1,1
2018140288693,2,9,0,18,0,0,0,0,0,0,1,1,5,2,34,6,1968,2,14,1,1,1
2018140288790,1,9,0,4,0,0,0,0,0,0,2,1,5,2,67,10,1364,2,11,6,1,6
2018140288790,2,9,0,4,0,0,0,0,0,0,1,1,5,1,36,7,1997,2,7,8,1,8
2018140289026,1,9,0,7,0,0,0,0,0,0,2,1,5,2,81,11,1328,1,8,2,1,2
2018140289026,2,9,0,7,0,0,0,0,0,0,1,1,6,2,24,5,1461,2,1,1,1,1
2018140289040,1,9,0,18,0,2,0,0,0,0,1,1,2,1,20,4,1598,1,8,6,1,6
2018140289040,2,9,0,18,0,2,0,0,0,0,2,1,5,1,33,6,1298,1,15,1,1,1
2018140289062,1,11,0,9,8,6,0,0,0,0,1,1,1,1,38,7,-1,-1,-1,3,1,3
2018140289085,1,9,0,18,0,8,0,0,0,0,4,1,2,1,31,6,1398,1,5,3,1,3
2018140289085,2,9,0,18,0,8,0,0,0,0,1,1,2,2,23,5,1296,1,11,2,1,2
2018140289093,1,9,0,18,0,0,0,0,0,0,2,1,3,2,36,7,1995,2,10,6,1,6
2018140289093,2,9,0,18,0,0,0,0,0,0,2,1,5,2,54,8,1248,2,8,8,1,8
2018140289093,3,9,0,18,0,0,0,0,0,0,1,1,2,1,47,8,-1,-1,-1,7,1,7
2018140289093,4,19,0,18,0,0,0,0,0,0,1,1,1,1,30,6,2402,2,9,3,1,3
2018140289102,1,9,0,18,0,0,0,0,0,0,0,1,5,1,49,8,1598,2,5,7,1,7
2018140289102,2,9,0,18,0,0,1,0,5,6,1,1,5,2,18,4,1598,1,11,6,2,6
2018140289112,1,9,0,7,0,8,0,0,0,0,4,1,5,1,76,11,1995,2,6,10,1,10
2018140289112,2,9,0,18,0,8,0,0,0,0,1,1,5,2,52,8,1598,1,2,1,1,1
2018140289153,1,9,0,4,0,0,0,0,0,0,2,1,6,1,48,8,1968,2,5,2,1,2
2018140289153,2,9,0,4,0,0,0,0,0,0,1,1,6,2,56,9,1986,1,6,10,1,10
2018140289172,1,9,0,4,0,1,0,0,0,0,1,1,2,1,29,6,1360,1,16,6,3,6
2018140289172,2,9,0,18,0,2,0,0,0,0,1,1,5,1,59,9,1197,1,3,1,2,1
2018140289177,1,9,0,18,0,0,0,0,0,0,3,1,5,1,53,8,1910,2,11,4,1,4
2018140289177,2,19,0,11,0,0,0,0,0,0,4,1,6,1,21,5,1248,2,3,-1,-1,-1
2018140289180,1,9,0,9,0,1,0,0,0,0,3,1,5,1,38,7,1399,2,8,1,1,1
2018140289180,2,97,0,18,0,8,0,0,0,0,1,1,5,1,21,5,-1,-1,-1,1,1,1
2018140289187,1,9,0,9,0,0,0,0,0,0,4,1,6,2,43,7,1560,2,9,10,1,10
2018140289187,2,9,0,2,0,0,0,0,0,0,2,1,6,3,-1,-1,1560,2,8,-1,-1,-1
2018140289187,3,1,0,18,0,0,0,0,0,0,0,1,6,1,-1,-1,-1,-1,-1,-1,-1,-1
2018140289191,1,9,0,9,0,1,0,0,0,0,3,1,5,2,42,7,1598,1,11,1,2,1
2018140289191,2,1,0,13,0,1,0,0,0,0,4,1,5,1,44,7,-1,-1,-1,2,1,2
2018140289208,1,9,0,18,0,0,0,0,1,0,3,1,2,1,24,5,1399,2,8,1,1,1
2018140289208,2,9,0,10,0,0,0,0,1,0,2,1,2,2,26,6,1968,2,4,7,1,7
2018140289211,1,9,0,9,0,8,0,0,0,0,2,1,3,1,47,8,-1,-1,-1,1,1,1
2018140289211,2,9,0,9,0,8,0,0,0,0,1,1,5,1,69,10,1596,1,12,1,1,1
2018140289222,1,9,0,18,0,0,0,0,0,0,1,1,6,1,47,8,1998,8,2,7,3,7
2018140289222,2,9,0,13,0,0,0,0,0,0,1,1,6,1,68,10,1896,2,11,8,3,8
2018140289313,1,9,0,18,0,0,0,0,0,0,3,1,5,1,55,8,1560,2,12,2,1,2
2018140289313,2,9,0,2,0,0,0,0,0,0,3,1,5,1,29,6,2993,2,-1,8,1,8
2018140289330,1,9,0,3,0,1,0,0,0,0,2,1,5,1,48,8,1197,1,3,2,1,2
2018140289330,2,9,0,18,0,1,0,0,0,0,1,1,5,1,70,10,1560,2,10,5,1,5
2018140289349,1,9,0,16,0,0,0,0,0,0,4,1,5,2,32,6,1596,1,7,1,1,1
2018140289349,2,1,0,18,0,0,0,0,0,0,1,1,6,1,11,3,-1,-1,-1,1,1,1
2018140289374,1,9,0,3,0,1,0,0,0,0,2,1,5,2,19,4,1199,1,15,3,1,3
2018140289374,2,9,0,18,0,1,0,0,0,0,1,1,2,1,48,8,1896,2,12,1,1,1
2018140289398,1,9,0,8,0,1,0,0,0,0,2,1,5,2,74,10,1349,1,8,4,1,4
2018140289398,2,9,0,18,0,1,0,0,0,0,1,1,5,1,20,4,1596,1,7,1,1,1
2018140289414,1,9,0,18,0,1,0,0,0,0,1,1,6,1,53,8,999,1,1,3,1,3
2018140289414,2,9,0,9,0,1,0,0,0,0,1,1,6,1,39,7,1390,1,10,2,1,2
2018140289417,1,-1,0,18,0,0,0,0,0,0,1,1,6,3,-1,-1,-1,-1,-1,-1,-1,-1
2018140289425,1,9,0,1,0,8,0,0,0,0,2,1,1,1,40,7,1598,2,3,-1,-1,-1
2018140289501,1,9,0,18,0,1,0,0,0,0,1,1,6,2,42,7,1598,1,15,2,1,2
2018140289506,1,9,0,18,0,2,0,0,7,0,3,1,5,1,28,6,1997,2,19,3,1,3
2018140289506,2,9,0,18,0,1,0,0,0,0,1,1,1,1,45,7,2993,2,2,2,1,2
2018140289513,1,9,0,8,0,0,0,0,0,0,2,1,5,2,39,7,998,1,-1,7,1,7
2018140289513,2,9,0,18,0,0,0,0,0,0,1,1,6,3,-1,-1,1598,2,5,-1,-1,-1
2018140289515,1,9,0,18,0,0,5,0,1,0,1,1,2,1,24,5,1299,1,11,2,1,2
2018140289515,2,9,0,12,0,0,0,0,0,0,0,1,6,1,43,7,1896,2,11,9,1,9
2018140289523,1,9,0,1,0,8,0,0,0,0,2,1,6,3,22,5,-1,-1,-1,-1,-1,-1
2018140289526,1,98,0,2,6,0,0,0,0,0,2,1,6,3,-1,-1,-1,-1,-1,-1,-1,-1
2018140289526,2,19,0,11,0,0,0,0,1,0,1,1,1,1,26,6,2298,2,2,9,1,9
2018140289535,1,3,0,18,0,1,0,0,0,0,1,1,1,1,19,4,124,1,13,2,1,2
2018140289535,2,9,0,6,0,1,0,0,0,0,3,1,6,1,20,4,1560,2,9,1,1,1
2018140289564,1,9,0,18,0,1,0,0,0,0,1,1,5,1,39,7,-1,-1,-1,2,1,2
2018140289564,2,9,0,5,0,1,0,0,0,0,4,1,6,2,70,10,1560,2,7,10,1,10
2018140289597,1,9,0,18,0,0,0,0,1,0,1,1,2,2,25,5,998,1,7,5,1,5
2018140289622,1,9,0,7,0,6,0,0,0,0,3,1,5,1,53,8,1360,1,17,1,1,1
2018140289622,2,4,0,14,0,1,0,0,0,0,1,1,2,1,37,7,499,1,15,1,1,1
2018140289628,1,9,0,7,0,8,0,0,0,0,2,1,5,1,47,8,1198,1,12,4,1,4
2018140289628,2,9,0,18,0,1,0,0,0,0,1,1,6,1,25,5,-1,-1,-1,2,1,2
2018140289643,1,9,0,18,0,0,0,0,0,0,1,1,2,1,33,6,2198,2,13,2,1,2
2018140289643,2,9,0,2,0,0,0,0,0,0,0,1,6,3,-1,-1,-1,-1,-1,-1,-1,-1
2018140289663,1,3,0,18,0,3,0,0,0,0,1,1,6,1,27,6,125,1,4,6,1,6
2018140289663,2,19,0,5,0,4,0,0,0,0,3,1,1,2,25,5,1461,2,3,7,1,7
2018140289687,1,9,0,18,0,1,0,0,0,0,1,1,2,2,27,6,1461,2,4,7,1,7
2018140289687,2,9,0,7,0,6,0,0,0,0,3,1,2,2,49,8,1968,2,7,7,1,7
2018140289695,1,97,0,18,0,1,0,0,0,0,1,1,6,3,-1,-1,-1,-1,-1,-1,-1,-1
2018140289926,1,5,0,9,0,1,0,0,0,0,3,1,5,1,70,10,865,1,4,1,1,1
2018140289926,2,9,0,9,0,5,0,0,0,0,1,1,5,1,71,10,1198,1,14,1,1,1
2018140289929,1,11,0,9,0,8,0,0,0,0,0,1,1,1,49,8,6871,2,10,2,1,2
2018140289930,1,11,0,18,0,0,0,0,0,0,0,1,1,3,-1,-1,-1,-1,-1,-1,-1,-1
2018140289930,2,8,0,18,0,0,0,0,0,0,0,1,6,3,-1,-1,-1,-1,-1,-1,-1,-1
2018140289965,1,9,0,8,0,1,0,0,0,0,2,1,5,2,37,7,1598,1,6,7,2,7
2018140289965,2,9,0,18,0,1,0,0,0,0,1,1,6,3,-1,-1,2993,2,5,-1,-1,-1
2018140290006,1,9,0,18,0,8,0,0,0,0,1,1,5,1,26,6,1995,1,12,1,1,1
2018140290006,2,1,0,18,0,8,0,0,0,0,0,1,6,1,50,8,-1,-1,-1,2,1,2
2018140290067,1,9,0,18,0,0,0,7,0,0,1,1,5,1,23,5,1995,2,15,1,1,1
2018140290091,1,9,0,18,0,1,0,0,0,0,1,1,5,1,32,6,1360,1,9,7,2,7
2018140290091,2,9,0,18,0,1,0,0,0,0,2,1,5,2,20,4,1198,1,10,4,1,4
2018140290091,3,9,0,7,0,8,0,0,0,0,0,1,6,3,-1,-1,-1,-1,-1,-1,-1,-1
2018140290105,1,9,0,9,0,8,0,0,0,0,4,1,5,2,36,7,1242,1,5,1,1,1
2018140290105,2,2,0,18,0,1,0,0,0,0,1,1,5,1,16,4,49,1,3,8,1,8
2018140290117,1,9,0,18,0,8,0,0,0,0,1,1,5,1,26,6,1986,2,11,8,1,8
2018140290117,2,9,0,18,0,8,0,0,0,0,3,1,5,2,56,9,1587,1,15,2,1,2
2018140290124,1,19,0,18,0,2,0,0,0,0,3,1,5,1,30,6,2402,2,12,2,1,2
2018140290124,2,9,0,13,0,2,2,0,1,11,4,1,5,1,21,5,1796,1,16,3,1,3
2018140290169,1,9,0,2,0,1,0,0,0,0,4,1,6,1,40,7,2494,2,10,-1,-1,-1
2018140290169,2,1,0,14,0,1,0,0,0,0,1,1,2,1,40,7,-1,-1,-1,-1,-1,-1
2018140290325,1,9,0,3,0,0,0,0,0,0,2,1,6,1,40,7,1587,1,11,4,1,4
2018140290325,2,19,0,18,0,0,0,0,0,0,1,1,6,1,-1,-1,1998,2,13,-1,-1,-1
2018140290380,1,9,0,9,0,1,0,0,0,0,3,1,5,2,31,6,-1,-1,-1,2,1,2
2018140290380,2,9,0,18,0,1,0,0,0,0,3,1,6,3,-1,-1,-1,-1,-1,-1,-1,-1
2018140290380,3,9,0,18,0,1,0,0,0,0,0,1,6,3,-1,-1,-1,-1,-1,-1,-1,-1
2018140290406,1,11,0,4,0,0,0,0,0,0,0,1,1,1,64,9,4500,2,6,4,1,4
2018140290441,1,9,0,9,0,8,0,0,0,0,3,1,2,2,26,6,1896,2,14,5,1,5