Accident_Index,Vehicle_Reference,Vehicle_Type,Towing_and_Articulation,Vehicle_Manoeuvre,Vehicle_Location-Restricted_Lane,Junction_Location,Skidding_and_Overturning,Hit_Object_in_Carriageway,Vehicle_Leaving_Carriageway,Hit_Object_off_Carriageway,1st_Point_of_Impact,Was_Vehicle_Left_Hand_Drive?,Journey_Purpose_of_Driver,Sex_of_Driver,Age_of_Driver,Age_Band_of_Driver,Engine_Capacity_(CC),Propulsion_Code,Age_of_Vehicle,Driver_IMD_Decile,Driver_Home_Area_Type,Vehicle_IMD_Decile
2018140290441,2,9,0,18,0,8,0,0,0,0,3,1,5,1,23,5,2000,2,8,6,1,6
2018140290768,1,9,0,3,0,8,0,0,0,0,2,1,6,2,26,6,1197,1,3,3,1,3
2018140290768,2,9,0,16,0,1,0,0,0,0,1,1,6,2,81,11,-1,-1,-1,8,1,8
2018140290778,1,9,0,5,0,4,0,0,0,0,1,1,1,1,61,9,1248,2,1,1,1,1
2018140290778,2,9,0,3,0,4,0,0,0,0,2,1,5,1,33,6,1910,2,10,5,1,5
2018140290813,1,9,0,18,0,0,5,12,8,0,1,1,5,1,18,4,1149,1,13,3,1,3
2018140290842,1,9,0,18,0,0,0,0,0,0,4,1,5,1,64,9,1242,1,3,4,1,4
2018140290844,1,9,0,18,0,8,0,0,0,0,1,1,1,1,30,6,988,1,1,4,1,4
2018140290844,2,9,0,9,0,8,0,0,0,0,1,1,5,1,36,7,1388,1,16,7,1,7
2018140290929,1,9,0,9,0,8,0,0,0,0,3,1,2,2,23,5,998,1,-1,1,-1,1
2018140290929,2,9,0,18,0,1,0,0,0,0,1,1,2,2,60,9,1598,1,15,2,1,2
2018140290935,1,9,0,18,0,0,1,0,0,0,1,1,1,2,48,8,1598,1,14,6,1,6
2018140290935,2,9,0,18,0,0,1,0,0,0,1,1,2,1,48,8,1329,1,8,8,1,8
2018140290940,1,19,0,18,0,1,0,0,0,0,2,1,1,1,52,8,-1,-1,-1,2,1,2
2018140290940,2,9,0,18,0,1,0,0,0,0,1,1,5,2,55,8,1398,2,15,4,1,4
2018140290952,1,9,0,18,0,0,0,0,0,0,1,1,1,2,64,9,1769,1,15,1,1,1
2018140290952,2,9,0,18,0,0,0,0,0,0,2,1,1,1,51,8,1461,2,5,2,1,2
2018140290952,3,9,0,18,0,0,0,0,0,0,2,1,1,1,35,6,1461,2,8,2,1,2
2018140291000,1,1,0,18,0,0,2,0,0,0,4,1,6,1,34,6,-1,-1,-1,10,1,10
2018140291000,2,9,0,7,0,0,0,0,0,0,1,1,6,2,-1,-1,1229,1,5,1,1,1
2018140291005,1,9,0,18,0,0,0,0,0,0,1,1,5,1,48,8,1364,1,14,1,1,1
2018140291028,1,9,0,18,0,2,0,0,0,0,1,1,5,1,75,10,1461,2,5,1,1,1
2018140291037,1,3,0,14,0,1,1,0,7,0,4,1,2,1,21,5,125,1,6,4,1,4
2018140291037,2,19,0,9,0,8,0,0,0,0,3,1,2,1,29,6,2198,2,3,6,1,6
2018140291039,1,21,1,4,0,0,5,0,1,0,4,1,1,1,61,9,11705,2,6,3,3,3
2018140291044,1,9,0,18,0,0,0,0,0,0,2,1,1,2,49,8,1995,2,1,6,1,6
2018140291044,2,19,0,18,0,0,0,0,0,0,1,1,6,1,-1,-1,4249,2,5,-1,-1,-1
2018140291052,1,4,0,6,8,0,0,0,0,0,3,1,5,2,46,8,599,1,10,7,1,7
2018140291052,2,9,0,18,0,0,0,0,0,0,1,1,2,1,22,5,-1,-1,-1,8,2,8
2018140291086,1,9,0,5,0,0,0,0,0,0,2,1,5,1,45,7,1984,1,11,8,1,8
2018140291086,2,9,0,18,0,0,0,0,0,0,1,1,6,2,-1,-1,1395,1,4,-1,-1,-1
2018140291092,1,19,0,18,0,1,0,4,0,0,3,1,6,1,63,9,1910,2,14,7,1,7
2018140291092,2,98,0,2,0,2,0,0,0,0,3,1,6,3,-1,-1,-1,-1,-1,-1,-1,-1
2018140291115,1,9,0,9,0,8,0,0,0,0,1,1,2,2,30,6,998,1,4,6,1,6
2018140291115,2,1,0,18,0,8,0,0,0,0,3,1,2,1,56,9,-1,-1,-1,10,1,10
2018140291116,1,9,0,18,0,1,0,0,0,0,1,1,5,2,28,6,1360,1,13,4,-1,4
2018140291116,2,9,0,9,0,6,0,0,0,0,3,1,6,3,-1,-1,1149,1,14,-1,-1,-1
2018140291123,1,21,0,3,0,0,0,0,0,0,2,1,1,1,43,7,6370,2,15,1,1,1
2018140291123,2,9,0,3,0,0,0,0,0,0,2,1,5,1,70,10,1398,2,14,8,1,8
2018140291123,3,9,0,18,0,0,0,0,0,0,1,1,1,1,46,8,2198,2,11,9,1,9
2018140291124,1,9,0,9,0,0,0,0,0,0,2,1,1,1,55,8,1997,2,4,6,1,6
2018140291124,2,9,0,18,0,0,0,0,0,0,1,1,6,1,-1,-1,1995,2,13,8,2,8
2018140291135,1,8,0,5,0,4,0,0,0,0,2,1,1,1,48,8,2143,2,8,1,1,1
2018140291135,2,9,0,18,0,1,0,0,0,0,1,1,6,1,25,5,-1,-1,-1,6,1,6
2018140291165,1,9,0,18,0,0,0,0,0,0,1,1,2,2,23,5,999,1,1,7,1,7
2018140291165,2,9,0,4,0,0,0,0,0,0,2,1,2,1,18,4,1461,2,2,1,1,1
2018140291165,3,9,0,4,0,0,0,0,0,0,1,1,2,1,23,5,1598,2,1,5,1,5
2018140291180,1,4,0,18,0,0,1,7,0,0,1,1,1,1,24,5,125,1,3,7,1,7
2018140291194,1,9,0,18,0,1,0,0,0,0,1,1,5,1,58,9,1991,1,22,8,1,8
2018140291217,1,23,0,18,0,0,0,0,0,0,3,1,5,1,16,4,49,1,-1,3,2,3
2018140291217,2,98,0,13,0,0,0,0,0,0,4,1,6,3,-1,-1,-1,-1,-1,-1,-1,-1
2018140291227,1,11,0,18,0,0,0,0,0,0,0,1,1,1,25,5,6700,2,9,5,1,5
2018140291228,1,9,0,15,0,0,1,0,1,0,1,1,6,3,-1,-1,1910,2,13,-1,-1,-1
2018140291228,2,3,0,18,0,0,0,0,1,0,0,1,2,1,35,6,125,1,1,3,1,3
2018140291235,1,9,0,18,0,4,0,0,0,0,1,1,5,1,19,4,1997,2,15,1,1,1
2018140291235,2,9,0,5,0,8,0,0,0,0,1,1,5,1,68,10,1388,1,13,5,1,5
2018140291235,3,9,0,18,0,4,0,0,0,0,0,1,1,1,32,6,2967,2,1,-1,-1,-1
2018140291269,1,11,0,18,0,1,0,0,0,0,1,1,1,1,61,9,12000,2,16,4,2,4
2018140291269,2,9,0,4,0,1,0,0,0,0,2,1,5,2,51,8,-1,-1,-1,8,1,8
2018140291293,1,9,0,18,0,0,0,0,1,11,3,1,5,1,47,8,2179,2,11,-1,-1,-1
2018140291293,2,9,0,18,0,0,1,0,0,0,1,1,5,1,46,8,1986,2,11,1,1,1
2018140291329,1,9,0,18,0,0,5,0,7,11,1,1,5,2,24,5,999,1,2,10,1,10
2018140291337,1,9,0,18,0,8,0,0,1,0,1,1,5,2,34,6,2204,2,9,7,1,7
2018140291337,2,9,0,18,0,8,1,0,1,0,3,1,5,2,45,7,1248,1,1,7,1,7
2018140291360,1,9,0,4,0,1,0,0,0,0,1,1,3,1,51,8,1997,2,8,2,1,2
2018140291360,2,1,0,18,0,6,0,0,0,0,1,1,6,1,10,2,-1,-1,-1,2,1,2
2018140291364,1,9,0,18,0,1,0,0,0,0,1,1,2,1,52,8,1896,2,18,5,1,5
2018140291364,2,9,0,7,0,6,0,0,0,0,3,1,5,1,19,4,999,1,3,6,3,6
2018140291410,1,9,0,9,0,1,0,0,0,0,2,1,2,1,43,7,1598,1,14,8,1,8
2018140291410,2,9,0,18,0,1,0,0,0,0,1,1,2,1,25,5,1796,1,15,1,1,1
2018140291429,1,9,0,18,0,8,0,0,0,0,4,1,5,1,78,11,1499,2,1,1,1,1
2018140291429,2,9,0,18,0,4,0,0,0,0,1,1,6,2,27,6,1229,1,5,1,1,1
2018140291436,1,9,0,7,0,1,0,0,0,0,2,1,6,1,31,6,1995,2,7,1,1,1
2018140291436,2,9,0,18,0,1,0,0,0,0,1,1,6,1,32,6,-1,-1,-1,-1,-1,-1
2018140291438,1,9,0,9,0,1,0,0,0,0,3,1,5,2,38,7,1360,1,11,8,1,8
2018140291438,2,3,0,13,0,1,0,0,0,0,1,1,5,1,25,5,124,1,20,9,3,9
2018140291457,1,8,0,18,0,0,0,0,0,0,0,1,1,1,-1,-1,-1,-1,-1,-1,-1,-1
2018140291457,2,9,0,9,0,0,0,0,0,0,0,1,6,3,-1,-1,-1,-1,-1,-1,-1,-1
2018140291458,1,9,0,18,0,1,0,0,0,0,3,1,5,1,36,7,1398,2,14,1,1,1
2018140291458,2,8,0,5,0,6,0,0,0,0,1,1,5,1,54,8,1870,2,9,4,1,4
2018140291469,1,9,0,4,0,1,0,0,0,0,1,1,2,2,50,8,1388,1,14,6,1,6
2018140291469,2,9,0,7,0,5,0,0,0,0,1,1,5,2,69,10,999,1,5,2,1,2
2018140291487,1,9,0,18,0,0,0,0,0,0,2,1,5,1,43,7,1896,2,10,3,1,3
2018140291487,2,19,0,18,0,0,0,0,0,0,1,1,1,1,-1,-1,1995,2,1,1,1,1
2018140291487,3,9,0,18,0,0,0,0,0,0,1,1,6,3,-1,-1,-1,-1,-1,-1,-1,-1
2018140291488,1,9,0,14,9,1,1,0,7,0,1,1,5,2,27,6,1499,1,1,1,1,1
2018140291488,2,9,0,2,9,1,0,0,0,0,3,1,6,3,-1,-1,1910,2,11,-1,-1,-1
2018140291488,3,19,0,9,0,1,0,0,0,0,0,1,1,1,27,6,1700,2,20,2,1,2
2018140291509,1,9,0,7,0,5,0,0,0,0,3,1,3,1,50,8,1560,2,4,6,1,6
2018140291509,2,9,0,2,0,1,0,0,0,0,4,1,6,1,20,4,1600,1,14,9,1,9
2018140291509,3,1,0,18,0,1,0,0,0,0,1,1,6,1,24,5,-1,-1,-1,10,1,10
2018140291546,1,9,0,18,0,1,0,0,0,0,1,1,5,2,47,8,1900,2,11,2,1,2
2018140291546,2,1,0,18,0,2,0,0,0,0,1,1,5,1,36,7,-1,-1,-1,1,1,1
2018140291547,1,9,0,18,0,0,0,0,0,0,1,1,6,1,19,4,1248,2,9,2,1,2
2018140291547,2,9,0,18,0,0,0,0,0,0,2,1,6,1,43,7,1596,1,15,6,1,6
2018140291547,3,9,0,4,0,0,0,0,0,0,2,1,6,1,52,8,2143,2,6,1,1,1
2018140291565,1,9,0,16,0,3,0,0,0,0,4,1,5,2,40,7,998,1,4,4,-1,4
2018140291565,2,9,0,16,0,3,0,0,0,0,3,1,6,3,-1,-1,-1,-1,-1,-1,-1,-1
2018140291568,1,9,0,18,0,1,0,0,0,0,1,1,6,3,-1,-1,-1,-1,-1,-1,-1,-1
2018140291607,1,9,0,18,0,4,1,10,3,1,1,1,6,1,37,7,1995,2,12,2,1,2
2018140291617,1,9,0,9,0,1,0,0,0,0,3,1,5,1,30,6,1984,2,9,3,1,3
2018140291617,2,1,0,18,0,1,0,0,0,0,1,1,5,1,42,7,-1,-1,-1,1,1,1
2018140291625,1,9,0,18,0,8,0,0,0,0,2,1,6,2,27,6,1956,2,6,2,1,2
2018140291625,2,9,0,11,0,3,0,0,0,0,4,1,6,1,-1,-1,1598,1,12,-1,-1,-1
2018140291646,1,9,0,18,0,2,0,0,0,0,1,1,6,1,32,6,2993,2,7,9,1,9
2018140291646,2,9,0,18,0,2,0,0,0,0,4,1,1,1,31,6,-1,-1,-1,4,1,4
2018140291646,3,8,0,18,0,2,0,0,0,0,3,1,1,1,56,9,1997,2,10,1,1,1
2018140291661,1,9,0,18,0,0,0,10,0,0,3,1,5,1,24,5,1968,2,5,3,1,3
2018140291661,2,9,0,18,0,0,0,0,0,0,4,1,6,3,-1,-1,1986,2,11,-1,-1,-1
2018140291661,3,10,0,18,0,0,0,0,0,0,1,1,6,2,64,9,2500,2,20,3,1,3
2018140291690,1,9,0,18,0,0,0,0,0,0,3,1,5,2,21,5,998,1,1,2,1,2
2018140291690,2,9,0,5,0,0,0,0,0,0,1,1,6,1,19,4,1422,2,9,3,1,3
2018140291691,1,9,0,5,0,4,0,0,0,0,3,1,2,1,48,8,1598,1,13,1,1,1
2018140291691,2,1,0,18,0,8,0,0,0,0,4,1,6,1,53,8,-1,-1,-1,7,1,7
2018140291700,1,9,0,5,0,1,0,0,0,0,1,1,5,2,34,6,1560,2,11,1,1,1
2018140291700,2,9,0,12,0,1,0,0,0,0,3,1,6,3,-1,-1,-1,-1,-1,-1,-1,-1
2018140291705,1,9,0,18,0,0,1,7,0,0,3,1,5,2,21,5,1248,2,11,6,1,6
2018140291705,2,9,0,18,0,0,0,0,0,0,3,1,5,1,60,9,1985,1,16,8,1,8
2018140291924,1,9,0,9,0,6,0,0,0,0,4,1,5,2,45,7,1781,1,13,10,2,10
2018140291924,2,9,0,17,0,1,0,0,0,0,1,1,5,2,45,7,1329,1,5,6,1,6
2018140291948,1,9,0,18,0,6,0,0,0,0,1,1,6,1,18,4,1364,1,12,6,1,6
2018140291948,2,9,0,18,0,1,5,0,1,0,3,1,1,2,19,4,1598,2,2,4,1,4
2018140291954,1,18,1,18,1,0,0,0,0,0,3,1,1,1,20,4,-1,-1,-1,4,1,4
2018140291960,1,11,0,18,0,0,0,0,0,0,1,1,1,1,39,7,6871,2,10,1,1,1
2018140291960,2,1,0,18,0,0,0,0,0,0,2,1,6,1,13,3,-1,-1,-1,1,1,1
2018140291987,1,9,0,18,0,8,0,0,0,0,1,1,5,1,45,7,2148,2,12,1,1,1
2018140291989,1,10,0,9,0,1,0,0,0,0,1,1,3,1,56,9,2402,2,10,1,1,1
2018140292001,1,9,0,9,2,0,0,0,0,0,1,1,1,1,25,5,1956,2,3,6,1,6
2018140292001,2,5,0,18,2,0,0,0,0,0,1,1,2,1,22,5,599,1,12,2,1,2
2018140292008,1,9,0,18,0,0,0,0,0,0,2,1,5,2,19,4,1149,1,13,3,2,3
2018140292008,2,9,0,6,9,0,0,0,0,0,1,1,6,1,-1,-1,-1,-1,-1,-1,-1,-1
2018140292010,1,11,0,18,0,0,0,4,0,0,1,1,1,1,57,9,9360,2,6,1,1,1
2018140292010,2,98,0,2,0,0,0,0,0,0,1,1,6,1,50,8,-1,-1,-1,1,2,1
2018140292037,1,9,0,18,0,4,0,0,0,0,4,1,1,2,31,6,1422,2,2,3,1,3
2018140292037,2,19,0,18,0,4,0,0,0,0,3,1,1,1,22,5,2198,2,2,2,1,2
2018140292045,1,9,0,5,0,0,0,0,0,0,4,1,5,2,19,4,996,1,9,3,1,3
2018140292047,1,9,0,18,0,0,0,0,0,0,4,1,6,2,30,6,1390,1,5,2,1,2
2018140292049,1,9,0,9,0,1,0,0,0,0,1,1,3,2,38,7,1229,1,8,2,1,2
2018140292049,2,9,0,18,0,1,0,0,0,0,3,1,6,1,67,10,1591,1,6,1,1,1
2018140292450,1,8,0,16,0,1,0,0,0,0,2,1,5,1,50,8,1364,1,12,1,1,1
2018140292450,2,1,0,18,0,1,0,0,0,0,1,1,6,1,20,4,-1,-1,-1,1,1,1
2018140292492,1,9,0,18,0,8,0,0,0,0,1,1,1,2,28,6,-1,-1,-1,7,2,7
2018140292492,2,9,0,5,0,8,0,0,0,0,3,1,5,1,70,10,1582,2,1,4,2,4
2018140292508,1,11,0,4,0,0,0,0,0,0,0,1,1,3,-1,-1,4461,2,4,-1,-1,-1
2018140292530,1,9,0,18,0,0,0,0,0,0,4,1,3,2,46,8,1598,1,8,4,1,4
2018140292549,1,1,0,18,9,0,0,0,0,0,1,1,5,1,33,6,-1,-1,-1,1,1,1
2018140292549,2,19,0,2,9,0,0,4,0,0,3,1,6,3,-1,-1,1995,2,2,-1,-1,-1
2018140292604,1,9,0,18,0,0,0,0,0,0,3,1,5,2,23,5,998,1,8,4,1,4
2018140292604,2,9,0,6,0,0,0,0,0,0,4,1,6,1,50,8,1560,2,8,5,3,5
2018140292615,1,9,0,18,0,1,0,0,0,0,1,1,5,1,83,11,1397,1,14,8,1,8
2018140292615,2,19,0,9,0,1,0,0,0,0,2,1,1,1,45,7,1598,2,1,3,2,3
2018140292627,1,9,0,18,0,1,1,4,0,0,1,1,6,1,19,4,1596,1,15,1,1,1
2018140292627,2,9,0,2,0,1,1,4,7,0,1,1,5,3,-1,-1,1598,1,13,-1,-1,-1
2018140292627,3,9,0,2,0,1,0,0,0,0,1,1,5,3,-1,-1,-1,-1,-1,-1,-1,-1
2018140292632,1,19,0,3,0,0,0,0,0,0,2,1,1,1,28,6,1995,2,1,3,1,3
2018140292632,2,9,0,18,0,0,0,0,0,0,1,1,6,1,19,4,1248,2,5,4,1,4
2018140292640,1,5,0,18,0,0,0,0,0,0,1,1,5,1,49,8,649,1,9,6,1,6
2018140292640,2,9,0,18,0,0,0,0,0,0,1,1,5,1,65,9,1950,2,1,6,2,6
2018140292657,1,9,0,9,0,8,0,0,0,0,1,1,6,2,42,7,1360,1,13,2,1,2
2018140292657,2,9,0,9,0,8,0,0,0,0,3,1,5,2,43,7,999,1,2,2,1,2
2018140292672,1,9,0,9,2,0,0,0,0,0,4,1,6,2,36,7,999,1,-1,1,1,1
2018140292672,2,5,0,18,2,0,0,0,0,0,1,1,5,1,56,9,865,1,6,2,1,2
2018140292691,1,9,0,7,0,6,0,0,0,0,3,1,2,1,34,6,1968,2,4,5,1,5
2018140292691,2,9,0,18,0,8,0,0,0,0,1,1,2,2,31,6,1388,1,14,6,1,6
2018140292706,1,8,0,5,0,0,0,0,0,0,0,1,1,1,50,8,1968,2,9,1,1,1
2018140292718,1,9,0,18,0,3,0,0,0,0,1,1,6,1,19,4,1490,1,12,1,1,1
2018140292737,1,9,0,17,0,2,0,0,7,2,1,1,5,2,43,7,1086,1,14,1,1,1
2018140292812,1,9,0,18,0,0,0,0,0,0,2,1,6,2,22,5,998,1,4,4,1,4
2018140292812,2,9,0,18,0,0,0,0,0,0,1,1,6,2,46,8,1997,2,5,1,1,1
2018140292822,1,9,0,4,0,8,0,0,0,0,2,1,5,1,35,6,1999,1,14,1,1,1
2018140292822,2,9,0,18,0,8,0,0,0,0,1,1,6,1,37,7,2993,2,9,5,1,5
2018140292822,3,90,0,18,0,8,0,0,0,0,1,1,6,3,-1,-1,-1,-1,-1,-1,-1,-1
2018140292833,1,9,0,18,0,0,0,0,0,0,2,1,6,2,49,8,1997,2,14,3,1,3
2018140292833,2,9,0,18,0,0,0,0,0,0,1,1,6,1,-1,-1,1896,2,16,-1,-1,-1
2018140292839,1,9,0,18,0,1,0,0,0,0,1,1,6,1,35,6,1995,2,4,8,1,8
2018140292839,2,9,0,9,0,8,0,0,0,0,1,1,2,2,43,7,1560,2,9,3,1,3
2018140292852,1,9,0,18,0,8,0,0,0,0,1,1,5,2,56,9,1198,1,10,9,1,9
2018140292852,2,9,0,18,0,2,0,0,0,0,3,1,1,2,35,6,1390,1,6,8,1,8
2018140292863,1,9,0,18,0,0,1,0,0,0,1,1,2,1,57,9,1560,2,3,7,1,7
2018140292863,2,9,0,4,0,0,0,0,0,0,3,1,6,1,41,7,1461,2,2,2,1,2
2018140292882,1,9,0,18,0,1,0,0,0,0,1,1,6,1,27,6,1984,1,1,4,1,4
2018140292882,2,9,0,9,0,2,0,0,0,0,1,1,6,1,54,8,1798,1,12,9,1,9
2018140292959,1,8,0,18,0,0,0,0,0,0,1,1,1,1,26,6,1598,1,11,1,1,1
2018140292959,2,1,0,18,0,0,5,0,0,0,4,1,6,1,49,8,-1,-1,-1,1,1,1
2018140292973,1,9,0,18,0,4,0,0,0,0,1,1,5,2,26,6,1968,2,10,4,2,4
2018140292973,2,2,0,7,0,3,0,0,0,0,2,1,6,1,18,4,49,1,10,2,1,2
2018140292978,1,9,0,11,0,1,0,0,0,0,1,1,6,1,23,5,1995,1,14,8,1,8
2018140292978,2,9,0,7,0,1,0,0,0,0,2,1,6,1,46,8,1368,1,9,3,1,3
2018140292985,1,9,0,10,0,1,0,0,0,0,2,1,6,1,19,4,1399,1,1,5,1,5
2018140292985,2,97,0,18,0,1,0,0,0,0,1,1,5,1,26,6,-1,-1,-1,1,1,1
2018140293005,1,5,0,18,0,0,1,0,1,0,1,1,5,1,57,9,1050,1,12,10,1,10
2018140293005,2,9,0,18,0,0,0,0,0,0,2,1,5,2,40,7,1498,1,4,7,3,7
2018140293016,1,9,0,16,0,0,0,0,0,0,1,1,5,1,50,8,1995,2,7,3,1,3
2018140293016,2,9,0,17,0,0,1,10,0,0,3,1,5,2,61,9,1560,2,10,5,1,5
2018140293016,3,9,0,4,0,0,0,0,0,0,1,1,5,1,33,6,1984,1,2,1,2,1
2018140293023,1,9,0,18,0,0,0,0,0,0,4,1,5,1,56,9,1686,2,4,3,1,3
2018140293023,2,1,0,18,0,0,0,0,0,0,4,1,5,1,-1,-1,-1,-1,-1,-1,-1,-1
2018140293027,1,9,0,18,0,8,0,0,0,0,1,1,5,1,61,9,1422,2,12,1,1,1
2018140293027,2,9,0,18,0,8,0,0,0,0,4,1,5,2,31,6,1360,1,14,1,1,1
2018140293095,1,21,0,9,0,1,0,0,0,0,1,1,1,1,36,7,9200,2,11,1,1,1
2018140293095,2,9,0,13,9,1,0,7,1,2,4,1,2,1,30,6,2204,2,11,1,1,1
2018140293102,1,9,0,18,0,2,1,0,0,0,4,1,6,1,24,5,1360,1,11,1,1,1
2018140293102,2,9,0,18,0,1,0,0,0,0,3,1,1,1,31,6,1499,2,3,2,1,2
2018140293115,1,9,0,7,0,8,0,0,0,0,1,1,5,1,19,4,1242,1,12,9,1,9
2018140293115,2,11,0,9,0,1,0,0,0,0,1,1,1,1,59,9,4580,2,10,1,1,1
2018140293141,1,9,0,7,0,3,0,0,0,0,1,1,5,2,26,6,998,1,4,1,1,1
2018140293141,2,1,0,18,9,1,0,0,0,0,4,1,5,1,14,3,-1,-1,-1,9,1,9
2018140293177,1,9,0,16,0,4,0,0,0,0,2,1,5,1,28,6,1956,2,2,1,2,1
2018140293177,2,9,0,5,0,4,0,0,0,0,1,1,5,1,27,6,998,1,7,3,1,3
2018140293222,1,9,0,18,0,1,0,0,0,0,1,1,2,2,43,7,1598,1,8,2,1,2
2018140293232,1,9,0,18,0,0,0,0,1,0,2,1,2,1,24,5,1686,2,16,3,1,3
2018140293232,2,9,0,18,0,0,0,0,0,0,1,1,5,1,20,4,1248,2,9,5,1,5
2018140293268,1,9,0,9,0,1,0,0,0,0,2,1,6,2,43,7,1796,1,13,1,1,1
2018140293268,2,9,0,18,0,1,1,0,0,0,1,1,6,1,30,6,1596,1,16,1,1,1
2018140293279,1,9,0,3,0,0,0,0,0,0,2,1,5,1,19,4,1360,1,10,1,1,1
2018140293279,2,9,0,18,0,0,0,0,0,0,1,1,6,3,-1,-1,-1,-1,-1,-1,-1,-1
2018140293279,3,98,0,18,0,0,0,0,0,0,1,1,6,3,-1,-1,-1,-1,-1,-1,-1,-1
2018140293357,1,9,0,18,0,2,0,0,0,0,1,1,6,3,-1,-1,-1,-1,-1,-1,-1,-1
2018140293357,2,9,0,18,0,2,0,0,0,0,0,1,1,1,32,6,1560,2,1,-1,-1,-1
2018140293374,1,19,0,9,0,1,0,0,0,0,3,1,6,1,19,4,2198,2,4,3,1,3
2018140293374,2,9,0,18,0,1,0,0,1,0,4,1,6,1,25,5,1560,2,8,3,3,3
2018140293588,1,9,0,9,0,1,0,0,0,0,1,1,6,3,-1,-1,-1,-1,-1,-1,-1,-1
2018140293588,2,1,0,18,9,2,0,0,0,0,1,1,6,2,6,2,-1,-1,-1,6,1,6
2018140293662,1,9,0,18,0,0,0,0,0,0,3,1,5,1,49,8,2987,2,7,9,1,9
2018140293662,2,19,0,7,0,0,0,0,0,0,4,1,6,3,-1,-1,1995,2,11,-1,-1,-1
2018140293700,1,9,0,9,0,8,0,0,0,0,3,1,6,1,39,7,1798,8,3,1,1,1
2018140293700,2,9,0,18,0,8,0,0,7,0,1,1,6,1,28,6,1598,2,7,2,1,2
2018140293711,1,9,0,18,0,0,0,0,0,0,3,1,5,2,18,4,1149,1,11,6,1,6
2018140293711,2,9,0,1,0,0,0,0,0,0,4,1,6,1,-1,-1,1560,2,13,-1,-1,-1
2018140293761,1,9,0,6,0,0,0,0,0,0,3,1,1,1,58,9,-1,-1,-1,6,1,6
2018140293761,2,9,0,14,0,0,0,0,0,0,4,1,1,2,25,5,1560,2,-1,1,1,1
2018140293784,1,9,0,10,0,1,0,0,0,0,2,1,5,2,51,8,1560,2,6,3,1,3
2018140293784,2,9,0,3,0,1,0,0,0,0,2,1,5,2,69,10,1242,1,8,9,2,9
2018140293784,3,9,0,16,0,1,0,0,0,0,1,1,5,2,37,7,1499,2,2,1,1,1
2018140293920,1,9,0,9,0,0,0,0,1,0,4,1,6,1,49,8,2995,1,1,7,1,7
2018140293920,2,9,0,18,0,0,0,0,1,0,1,1,6,2,19,4,1149,1,12,6,2,6
2018140293945,1,19,0,18,0,0,0,0,0,0,4,1,1,1,41,7,2143,2,1,7,1,7
2018140293969,1,9,0,12,0,1,0,0,0,0,4,1,5,1,26,6,1796,1,17,1,1,1
2018140293969,2,9,0,5,0,1,0,0,0,0,1,1,6,1,45,7,1997,1,-1,2,1,2
2018140293983,1,9,0,18,0,8,0,0,0,0,1,1,5,2,30,6,1995,2,8,4,1,4
2018140293983,2,9,0,7,0,6,0,0,0,0,1,1,5,2,61,9,1991,2,12,9,2,9
2018140294061,1,9,0,18,0,0,0,0,0,0,1,1,5,2,42,7,1968,2,9,9,1,9
2018140294061,2,1,0,18,0,0,2,0,0,0,1,1,6,1,-1,-1,-1,-1,-1,-1,-1,-1
2018140294088,1,9,0,3,0,8,0,0,0,0,2,1,5,1,23,5,2000,2,13,8,1,8
2018140294088,2,9,0,5,0,8,0,0,0,0,1,1,6,1,-1,-1,1968,2,10,-1,-1,-1
2018140294111,1,9,0,18,0,0,0,0,0,0,1,1,6,3,-1,-1,-1,-1,-1,-1,-1,-1
2018140294146,1,9,0,18,0,1,0,0,0,0,1,1,5,1,69,10,1499,2,2,4,1,4
2018140294146,2,9,0,9,0,1,0,0,0,0,2,1,6,3,-1,-1,2231,2,11,-1,-1,-1
2018140294567,1,9,0,17,0,0,0,10,7,11,1,1,6,1,20,4,1229,1,6,10,1,10
2018140294593,1,9,0,18,0,0,0,0,0,0,0,1,1,1,38,7,1587,1,11,9,1,9
2018140294593,2,9,0,18,0,0,0,0,0,0,2,1,5,1,25,5,1995,2,5,2,1,2
2018140294593,3,9,0,18,0,0,0,0,0,0,1,1,5,1,50,8,1794,1,12,9,3,9
2018140294662,1,9,0,9,0,0,0,0,3,0,3,1,5,2,51,8,1598,1,3,6,1,6
2018140294662,2,9,0,9,0,0,0,0,0,0,1,1,6,3,-1,-1,1598,1,12,-1,-1,-1
2018140294669,1,9,0,18,0,1,0,0,0,0,1,1,6,2,24,5,1685,2,1,1,1,1
2018140294669,2,8,0,4,0,1,0,0,0,0,2,1,1,1,43,7,1798,8,4,1,1,1
2018140294687,1,9,0,9,0,5,0,0,0,0,1,1,1,1,34,6,1598,2,3,9,1,9
2018140294687,2,5,0,18,0,1,0,0,1,0,3,1,6,1,51,8,1215,1,1,3,1,3
2018140294698,1,11,0,18,0,0,0,0,0,0,1,1,1,2,32,6,6871,2,11,5,2,5
2018140294724,1,9,0,18,0,8,0,0,0,0,1,1,5,1,40,7,-1,-1,-1,1,1,1
2018140294724,2,9,0,9,0,8,0,0,1,0,1,1,6,1,19,4,1229,1,11,2,1,2
2018140294750,1,9,0,16,0,0,5,10,0,0,4,1,5,2,22,5,1124,1,15,7,3,7