Accident_Index,Vehicle_Reference,Vehicle_Type,Towing_and_Articulation,Vehicle_Manoeuvre,Vehicle_Location-Restricted_Lane,Junction_Location,Skidding_and_Overturning,Hit_Object_in_Carriageway,Vehicle_Leaving_Carriageway,Hit_Object_off_Carriageway,1st_Point_of_Impact,Was_Vehicle_Left_Hand_Drive?,Journey_Purpose_of_Driver,Sex_of_Driver,Age_of_Driver,Age_Band_of_Driver,Engine_Capacity_(CC),Propulsion_Code,Age_of_Vehicle,Driver_IMD_Decile,Driver_Home_Area_Type,Vehicle_IMD_Decile
2018140294829,1,19,0,18,0,0,0,0,0,0,2,1,1,1,39,7,2143,2,4,1,1,1
2018140294829,2,21,0,18,0,0,0,0,0,0,1,1,1,1,31,6,10837,2,6,6,1,6
2018140294839,1,9,0,9,0,1,0,0,0,0,3,1,2,1,39,7,1998,2,14,7,2,7
2018140294839,2,4,0,18,0,1,2,0,0,0,1,1,1,2,57,9,498,1,23,8,1,8
2018140294849,1,9,0,7,0,6,0,0,0,0,4,1,5,2,27,6,1910,2,11,1,1,1
2018140294849,2,1,0,7,0,6,0,0,0,0,3,1,6,1,18,4,-1,-1,-1,1,1,1
2018140294860,1,9,0,12,0,0,0,0,0,0,2,1,5,1,47,8,1200,1,1,5,3,5
2018140294860,2,21,0,18,0,0,0,0,0,0,4,1,1,1,51,8,12900,2,9,1,1,1
2018140294870,1,9,0,15,0,0,0,0,0,0,3,1,5,2,23,5,1360,1,8,3,1,3
2018140294870,2,9,0,17,0,0,0,0,0,0,3,1,2,1,28,6,1598,2,5,2,1,2
2018140294873,1,9,0,6,0,0,0,0,2,0,3,1,5,2,78,11,1968,2,3,8,3,8
2018140294873,2,9,0,13,0,0,0,0,0,0,4,1,5,1,28,6,1998,8,1,5,1,5
2018140294883,1,3,0,18,0,2,0,0,0,0,4,1,6,1,18,4,123,1,3,4,1,4
2018140294883,2,9,0,10,0,2,0,0,0,0,3,1,3,2,32,6,1240,1,13,5,1,5
2018140294914,1,9,0,18,9,0,0,0,1,0,4,1,5,1,35,6,1461,2,9,3,1,3
2018140294914,2,9,0,2,9,0,0,0,0,0,4,1,6,3,-1,-1,1997,1,4,-1,-1,-1
2018140294926,1,9,0,18,0,0,0,0,8,0,1,1,6,1,42,7,1956,2,9,1,2,1
2018140294939,1,9,0,18,0,0,0,0,0,0,1,1,5,1,80,11,1997,2,14,4,1,4
2018140294939,2,9,0,18,0,0,0,0,0,0,1,1,6,2,29,6,1498,1,1,3,1,3
2018140294942,1,9,0,1,0,0,0,0,0,0,2,1,6,3,-1,-1,1910,2,10,-1,-1,-1
2018140294942,2,9,0,18,0,0,0,0,0,0,1,1,1,1,32,6,2967,2,1,1,1,1
2018140294954,1,98,0,1,0,0,0,0,0,0,2,1,6,3,-1,-1,-1,-1,-1,-1,-1,-1
2018140294961,1,9,0,9,0,6,0,0,0,0,3,1,5,1,91,11,1388,1,14,8,2,8
2018140294961,2,1,0,18,0,1,0,0,0,0,1,1,5,1,51,8,-1,-1,-1,7,3,7
2018140294973,1,9,0,17,0,8,1,10,0,0,1,1,6,1,31,6,-1,-1,-1,6,1,6
2018140294974,1,9,0,18,0,1,0,0,1,0,1,1,5,1,36,7,1199,1,15,2,1,2
2018140294974,2,9,0,5,0,6,5,0,0,0,0,1,6,3,-1,-1,-1,-1,-1,-1,-1,-1
2018140294988,1,9,0,18,0,4,0,0,0,0,1,1,6,1,68,10,1910,2,12,7,3,7
2018140294988,2,1,0,18,0,8,0,0,0,0,4,1,6,1,59,9,-1,-1,-1,7,1,7
2018140294998,1,19,0,7,0,2,0,0,0,0,1,1,2,1,58,9,1598,2,1,8,1,8
2018140294998,2,1,0,18,0,8,0,0,0,0,4,1,6,1,22,5,-1,-1,-1,8,1,8
2018140295009,1,9,0,12,0,3,0,0,0,0,1,1,5,2,27,6,1998,1,8,8,1,8
2018140295009,2,9,0,12,0,3,0,0,0,0,1,1,5,2,23,5,1399,2,7,2,1,2
2018140295034,1,9,0,9,0,1,0,0,0,0,1,1,5,1,33,6,2198,1,11,3,1,3
2018140295034,2,1,0,18,0,8,0,0,0,0,3,1,6,1,22,5,-1,-1,-1,4,1,4
2018140295087,1,9,0,18,0,2,0,0,0,0,1,1,6,1,21,5,1896,2,13,1,1,1
2018140295121,1,9,0,9,2,8,0,0,0,0,1,1,2,1,18,4,998,1,4,2,1,2
2018140295121,2,3,0,18,0,1,0,0,0,0,1,1,2,1,27,6,115,1,2,2,1,2
2018140295128,1,9,0,18,0,0,0,0,0,0,2,1,6,1,34,6,2496,2,15,1,1,1
2018140295128,2,9,0,18,0,0,0,0,0,0,1,1,6,2,29,6,1086,1,12,3,1,3
2018140295151,1,-1,0,18,0,0,0,0,0,0,3,1,6,3,-1,-1,-1,-1,-1,-1,-1,-1
2018140295164,1,9,0,16,9,0,1,4,7,11,1,1,6,1,23,5,1368,1,11,4,1,4
2018140295164,2,9,0,2,0,0,0,0,0,0,2,1,6,3,-1,-1,-1,-1,-1,-1,-1,-1
2018140295197,1,1,0,18,0,3,0,0,0,0,1,1,5,1,33,6,-1,-1,-1,6,1,6
2018140295197,2,9,0,18,0,4,0,0,0,0,3,1,6,3,-1,-1,1197,1,3,-1,-1,-1
2018140295270,1,9,0,18,0,0,0,0,0,0,1,1,2,2,42,7,1870,2,16,6,1,6
2018140295340,1,9,0,9,0,2,0,0,0,0,1,1,2,2,70,10,1998,1,12,2,1,2
2018140295361,1,20,0,12,0,0,0,0,0,0,1,1,2,1,36,7,2287,2,5,5,1,5
2018140295361,2,9,0,18,0,0,0,0,0,0,2,1,6,1,24,5,1598,1,4,10,1,10
2018140295372,1,9,0,18,0,0,0,0,0,0,1,1,2,2,43,7,1968,2,2,6,1,6
2018140295375,1,9,0,18,0,6,0,0,0,0,1,1,5,1,26,6,1598,1,11,8,1,8
2018140295375,2,5,0,5,0,6,0,0,0,0,2,1,5,1,55,8,2294,1,7,10,1,10
2018140295392,1,9,0,18,0,0,0,0,0,0,1,1,5,1,76,11,2231,2,11,10,1,10
2018140295396,1,11,0,18,0,0,0,0,0,0,1,1,1,2,-1,-1,-1,-1,-1,-1,-1,-1
2018140295433,1,9,0,7,0,5,0,0,0,0,3,1,6,2,53,8,2987,2,8,10,1,10
2018140295433,2,1,0,18,0,1,0,0,0,0,1,1,6,1,-1,-1,-1,-1,-1,-1,-1,-1
2018140295434,1,9,0,3,0,8,0,0,0,0,1,1,5,2,55,8,1242,1,4,5,1,5
2018140295434,2,19,0,18,0,8,0,0,0,0,1,1,6,3,-1,-1,-1,-1,-1,-1,-1,-1
2018140295466,1,9,0,18,0,8,0,0,0,0,4,1,5,1,78,11,1197,1,2,6,1,6
2018140295466,2,-1,0,18,0,8,0,0,0,0,1,1,5,3,-1,-1,-1,-1,-1,-1,-1,-1
2018140295481,1,9,0,5,0,0,0,0,0,0,1,1,6,3,-1,-1,-1,-1,-1,-1,-1,-1
2018140295553,1,11,0,18,0,0,0,0,0,0,1,1,1,3,-1,-1,-1,-1,-1,-1,-1,-1
2018140295600,1,9,0,3,0,0,0,0,0,0,2,1,5,1,71,10,1461,2,4,5,1,5
2018140295600,2,19,0,18,0,0,0,0,0,0,1,1,1,1,36,7,1686,2,13,1,1,1
2018140295773,1,9,0,7,0,1,0,0,0,0,4,1,6,2,-1,-1,-1,-1,-1,-1,-1,-1
2018140295773,2,1,0,18,0,1,0,0,0,0,1,1,2,1,25,5,-1,-1,-1,9,1,9
2018140295883,1,9,0,5,0,6,0,0,0,0,4,1,2,1,63,9,-1,-1,-1,2,1,2
2018140295883,2,9,0,18,0,8,0,0,0,0,3,1,2,1,48,8,1242,1,13,1,1,1
2018140295898,1,9,0,18,0,1,0,0,0,0,1,1,1,1,45,7,2993,2,13,6,1,6
2018140295898,2,9,0,9,0,1,0,0,0,0,1,1,5,1,59,9,1242,1,5,6,1,6
2018140295921,1,3,0,13,0,1,0,0,0,0,1,1,5,1,23,5,125,1,4,2,1,2
2018140295921,2,9,0,9,0,6,0,0,0,0,1,1,5,1,28,6,1598,1,10,1,1,1
2018140295947,1,21,0,4,0,0,0,0,0,0,2,1,1,1,53,8,12777,2,1,6,1,6
2018140295947,2,19,0,18,0,0,0,0,0,0,1,1,1,1,23,5,-1,-1,-1,5,2,5
2018140295999,1,19,0,4,0,0,0,0,0,0,2,1,5,1,34,6,2402,2,10,9,1,9
2018140295999,2,9,0,9,0,0,0,0,0,0,0,1,5,1,66,10,1973,1,18,9,1,9
2018140295999,3,3,0,18,0,0,2,0,0,0,1,1,5,1,30,6,124,1,2,1,1,1
2018140296011,1,9,0,5,0,0,0,0,0,0,1,1,5,2,31,6,1997,2,8,2,1,2
2018140296011,2,9,0,18,0,0,0,4,0,0,3,1,3,1,40,7,1560,2,11,2,1,2
2018140296011,3,9,0,2,0,0,0,0,0,0,3,1,6,1,35,6,1968,2,4,2,1,2
2018140296033,1,5,0,5,0,1,0,0,0,0,3,1,2,1,55,8,645,1,-1,4,1,4
2018140296033,2,9,0,9,0,6,0,0,0,0,1,1,1,2,47,8,1598,1,9,10,1,10
2018140296052,1,9,0,5,0,4,0,0,0,0,1,1,2,2,21,5,999,1,-1,5,2,5
2018140296052,2,9,0,18,0,8,1,0,0,0,1,1,5,1,53,8,1339,1,11,6,1,6
2018140296070,1,9,0,18,0,0,0,0,0,0,1,1,5,2,53,8,1995,2,13,1,1,1
2018140296232,1,9,0,3,0,4,0,0,0,0,2,1,5,2,40,7,1598,1,16,1,1,1
2018140296232,2,9,0,18,0,1,0,0,0,0,1,1,6,1,-1,-1,1390,1,9,9,2,9
2018140296300,1,9,0,18,0,8,1,0,7,0,1,1,6,1,21,5,1390,1,3,1,1,1
2018140296300,2,9,0,18,0,8,1,4,0,0,3,1,2,1,35,6,1595,1,11,1,1,1
2018140296300,3,19,0,2,0,1,0,0,0,0,1,1,6,3,-1,-1,2299,2,20,-1,-1,-1
2018140296645,1,9,0,18,0,4,5,0,0,0,2,1,6,1,26,6,2497,1,-1,5,3,5
2018140296645,2,9,0,18,0,4,1,0,0,0,1,1,6,1,30,6,4497,1,6,8,1,8
2018140296699,1,9,0,18,0,2,0,0,0,0,1,1,5,2,21,5,1360,1,12,4,1,4
2018140296699,2,9,0,18,0,1,0,0,0,0,1,1,5,1,69,10,1798,8,2,4,1,4
2018140296721,1,9,0,2,0,2,0,0,0,0,2,1,5,1,55,8,1461,2,5,2,1,2
2018140296732,1,9,0,9,0,1,0,0,0,0,1,1,5,1,35,6,1497,8,-1,3,1,3
2018140296732,2,9,0,18,0,1,0,0,0,0,1,1,5,2,53,8,1995,2,16,2,1,2
2018140296750,1,9,0,5,0,6,0,0,0,0,1,1,2,1,53,8,1753,2,11,1,1,1
2018140296750,2,3,0,18,0,1,0,0,0,0,1,1,2,1,18,4,125,1,6,1,1,1
2018140296776,1,9,0,18,0,4,0,0,0,0,1,1,5,1,41,7,1997,2,13,1,1,1
2018140296776,2,9,0,18,0,8,0,0,0,0,4,1,6,1,53,8,1150,1,11,2,1,2
2018140296787,1,9,0,10,0,0,0,0,0,0,1,1,1,2,45,7,1798,1,4,6,3,6
2018140296787,2,9,0,18,0,0,0,0,0,0,1,1,6,1,-1,-1,-1,-1,-1,-1,-1,-1
2018140296797,1,19,0,5,9,0,0,0,0,0,1,1,2,1,58,9,1998,2,13,2,1,2
2018140296797,2,1,0,18,9,0,0,0,0,0,1,1,6,1,11,3,-1,-1,-1,1,1,1
2018140296824,1,9,0,9,0,0,0,0,0,0,1,1,5,2,68,10,998,1,6,9,1,9
2018140296824,2,1,0,18,0,0,5,0,0,0,1,1,6,1,46,8,-1,-1,-1,2,1,2
2018140296828,1,9,0,2,0,2,0,0,7,0,2,1,5,2,27,6,1197,1,4,9,1,9
2018140296828,2,9,0,2,9,1,0,0,0,0,3,1,6,2,38,7,1798,1,10,4,1,4
2018140296851,1,9,0,8,0,1,0,0,0,0,2,1,6,2,22,5,1242,1,12,7,1,7
2018140296851,2,9,0,18,0,1,0,0,0,0,1,1,6,3,-1,-1,1998,2,11,-1,-1,-1
2018140296859,1,11,0,2,2,0,0,0,0,0,0,1,5,1,47,8,4461,2,5,5,1,5
2018140296869,1,1,0,18,0,2,0,0,0,0,1,1,6,1,39,7,-1,-1,-1,7,1,7
2018140296869,2,9,0,18,0,2,0,0,0,0,1,1,6,2,55,8,1461,2,2,5,1,5
2018140296871,1,1,0,18,0,2,0,0,0,0,1,1,5,1,13,3,-1,-1,-1,3,1,3
2018140296871,2,9,0,18,0,1,0,0,0,0,1,1,6,1,18,4,1198,1,9,7,1,7
2018140296923,1,9,0,1,0,0,0,0,0,0,0,1,5,2,28,6,1995,1,13,5,1,5
2018140296934,1,9,0,18,0,1,0,0,0,0,2,1,5,1,40,7,1685,2,1,7,1,7
2018140296934,2,9,0,18,0,1,0,0,0,0,1,1,5,2,76,11,1497,8,3,5,1,5
2018140296949,1,9,0,18,0,0,0,0,0,0,1,1,5,1,70,10,1242,1,19,2,1,2
2018140296976,1,3,0,18,0,0,0,0,0,0,4,1,1,1,26,6,124,1,7,9,2,9
2018140296976,2,9,0,15,0,0,0,0,0,0,4,1,6,1,24,5,899,1,4,2,1,2
2018140296988,1,9,0,9,0,8,0,0,0,0,1,1,5,2,57,9,1349,1,7,1,1,1
2018140296988,2,9,0,18,0,1,0,0,0,0,1,1,5,1,48,8,1968,2,6,3,2,3
2018140296999,1,9,0,18,0,0,0,0,0,0,1,1,5,3,-1,-1,-1,-1,-1,-1,-1,-1
2018140296999,2,8,0,2,0,0,0,0,0,0,2,1,5,1,39,7,1798,8,3,1,1,1
2018140297022,1,9,0,12,0,1,0,0,0,0,1,1,5,1,25,5,2143,2,5,5,1,5
2018140297022,2,9,0,18,0,1,0,0,0,0,3,1,5,1,49,8,1975,1,11,1,1,1
2018140297053,1,19,0,9,0,6,0,0,0,0,1,1,5,1,40,7,-1,-1,-1,5,3,5
2018140297053,2,9,0,18,0,1,0,0,0,0,1,1,5,1,79,11,1783,1,14,3,1,3
2018140297064,1,9,0,17,0,1,0,0,0,0,4,1,6,2,19,4,1149,1,9,7,1,7
2018140297064,2,9,0,7,0,1,0,0,0,0,1,1,6,2,22,5,1242,1,12,1,1,1
2018140297079,1,9,0,18,0,8,0,0,0,0,2,1,2,1,58,9,2893,1,8,5,1,5
2018140297079,2,9,0,7,0,6,0,0,0,0,3,1,5,1,56,9,1896,2,14,1,1,1
2018140297099,1,9,0,16,0,1,0,0,0,0,1,1,5,2,71,10,1388,1,11,9,1,9
2018140297099,2,19,0,18,0,1,0,0,0,0,1,1,2,1,36,7,1753,2,8,8,1,8
2018140297110,1,1,0,18,0,0,0,0,0,0,2,1,6,1,67,10,-1,-1,-1,9,1,9
2018140297110,2,20,4,18,0,0,0,0,0,0,1,1,1,1,32,6,-1,-1,-1,-1,-1,-1
2018140297114,1,9,0,18,0,2,0,0,0,0,4,1,6,1,18,4,1149,1,10,2,1,2
2018140297194,1,9,0,18,0,8,0,0,0,0,3,1,1,1,24,5,1497,1,18,1,1,1
2018140297194,2,9,0,18,0,8,0,0,0,0,3,1,5,2,69,10,1598,1,2,9,1,9
2018140297194,3,9,0,18,0,8,0,0,0,0,1,1,6,2,48,8,1995,2,11,5,3,5
2018140297247,1,5,0,18,0,1,0,0,0,0,1,1,6,1,46,8,749,1,2,3,1,3
2018140297247,2,9,0,18,0,2,0,0,0,0,1,1,6,1,25,5,1124,1,14,3,1,3
2018140297259,1,9,0,9,0,8,0,0,0,0,1,1,5,2,29,6,1242,1,12,5,1,5
2018140297259,2,1,0,18,0,8,5,0,0,0,1,1,5,1,31,6,-1,-1,-1,3,1,3
2018140297377,1,11,0,2,2,2,0,0,0,0,4,1,1,1,59,9,3900,2,11,2,1,2
2018140297384,1,98,0,17,0,1,0,0,0,0,1,1,1,1,29,6,-1,-1,-1,-1,-1,-1
2018140297384,2,9,0,16,0,1,0,0,0,0,1,1,5,2,49,8,1461,2,2,3,1,3
2018140297397,1,5,0,18,0,1,2,10,0,0,1,1,5,1,49,8,600,1,16,1,1,1
2018140297397,2,9,0,9,0,8,0,0,0,0,3,1,1,1,41,7,1299,1,13,1,1,1
2018140297414,1,9,0,18,0,1,0,0,0,0,1,1,2,1,35,6,2495,2,29,1,1,1
2018140297414,2,1,0,18,0,8,5,0,0,0,1,1,5,1,16,4,-1,-1,-1,2,1,2
2018140297419,1,9,0,3,0,0,0,0,0,0,2,1,6,1,35,6,1398,2,8,1,1,1
2018140297419,2,9,0,3,0,0,0,0,0,0,2,1,5,2,58,9,1242,1,13,2,1,2
2018140297419,3,9,0,18,0,0,0,0,0,0,1,1,5,1,35,6,1997,2,5,5,1,5
2018140297460,1,9,0,16,0,0,0,0,0,0,1,1,6,1,31,6,1399,1,1,1,1,1
2018140297460,2,9,0,18,0,0,0,0,0,0,1,1,6,1,-1,-1,1296,1,10,6,1,6
2018140297492,1,9,0,9,0,0,0,0,0,0,1,1,2,2,42,7,-1,-1,-1,10,1,10
2018140297492,2,9,0,18,2,0,0,0,0,0,1,1,1,1,43,7,1968,2,2,7,1,7
2018140297506,1,3,0,18,0,0,2,0,0,0,1,1,5,1,17,4,124,1,12,7,1,7
2018140297506,2,21,0,9,0,0,0,0,0,0,4,1,1,1,53,8,12809,2,4,3,1,3
2018140297522,1,19,0,4,0,1,0,0,0,0,2,1,5,1,31,6,1998,2,13,4,3,4
2018140297522,2,9,0,4,0,1,0,0,0,0,2,1,1,1,49,8,998,1,-1,-1,-1,-1
2018140297522,3,9,0,18,0,1,0,0,0,0,1,1,1,1,40,7,-1,-1,-1,2,1,2
2018140297547,1,1,0,11,0,0,0,0,0,0,1,1,6,1,14,3,-1,-1,-1,2,1,2
2018140297547,2,9,0,18,0,0,0,0,0,0,1,1,1,1,60,9,-1,-1,-1,5,3,5
2018140297558,1,9,0,9,0,5,0,0,0,0,2,1,6,1,22,5,1969,1,2,10,1,10
2018140297558,2,3,0,18,0,1,0,0,0,0,1,1,6,1,23,5,124,1,1,7,1,7
2018140297595,1,19,0,18,0,0,0,0,0,0,0,1,5,1,-1,-1,1995,2,-1,4,2,4
2018140297608,1,9,0,9,0,6,0,0,0,0,1,1,5,1,74,10,1598,1,14,3,1,3
2018140297608,2,8,0,18,0,1,1,0,0,0,1,1,5,1,35,6,1896,2,8,1,1,1
2018140297620,1,9,0,14,0,2,0,4,0,0,1,1,2,2,29,6,1329,1,5,4,1,4
2018140297620,2,9,0,2,0,2,0,0,0,0,1,1,6,3,-1,-1,-1,-1,-1,-1,-1,-1
2018140297620,3,9,0,2,0,2,0,0,0,0,2,1,6,3,-1,-1,-1,-1,-1,-1,-1,-1
2018140297649,1,9,0,18,0,3,0,0,0,0,4,1,6,1,61,9,898,1,3,2,1,2
2018140297649,2,9,0,18,0,8,0,0,0,0,1,1,6,1,31,6,1598,1,10,2,1,2
2018140297651,1,11,0,5,0,0,0,0,0,0,0,1,5,1,51,8,4500,2,6,1,1,1
2018140297738,1,1,0,13,0,0,0,0,0,0,1,1,6,1,43,7,-1,-1,-1,3,1,3
2018140297738,2,9,0,18,0,0,0,0,0,0,1,1,6,3,-1,-1,-1,-1,-1,-1,-1,-1
2018140297853,1,9,0,18,0,0,0,0,0,0,3,1,5,2,47,8,1360,1,11,1,1,1
2018140297853,2,1,0,18,0,0,0,0,0,0,1,1,6,1,12,3,-1,-1,-1,-1,-1,-1
2018140297863,1,11,0,16,0,8,0,0,0,0,4,1,1,1,66,10,4500,2,8,4,1,4
2018140297863,2,11,0,16,0,8,0,0,0,0,3,1,1,1,53,8,9360,2,5,4,1,4
2018140298114,1,9,0,18,0,0,0,0,0,0,1,1,2,1,26,6,1399,2,8,2,1,2
2018140298114,2,2,0,14,0,0,1,0,0,0,1,1,6,1,16,4,49,1,1,2,2,2
2018140298153,1,9,0,18,0,0,0,0,0,0,1,1,6,3,19,4,-1,-1,-1,-1,-1,-1
2018140298157,1,9,0,7,0,6,0,0,0,0,2,1,5,2,58,9,1248,1,5,8,1,8
2018140298157,2,19,0,8,0,1,0,0,0,0,1,1,1,1,30,6,2143,2,4,2,1,2
2018140298172,1,9,0,18,0,0,0,4,1,0,1,1,5,1,69,10,1560,2,4,7,1,7
2018140298172,2,9,0,2,0,0,0,0,0,0,3,1,6,3,-1,-1,1587,1,11,-1,-1,-1
2018140298181,1,9,0,16,0,8,0,0,0,0,2,1,6,2,20,4,1598,2,1,1,3,1
2018140298181,2,9,0,16,0,8,0,0,0,0,1,1,2,1,54,8,1997,2,17,5,1,5
2018140298189,1,9,0,16,0,0,0,0,7,0,3,1,6,2,21,5,1149,1,13,1,1,1
2018140298189,2,19,0,18,0,0,0,0,1,0,1,1,1,1,30,6,2402,2,8,2,1,2
2018140298194,1,19,0,18,0,8,0,0,0,0,1,1,5,1,30,6,1248,2,4,7,2,7
2018140298216,1,3,0,9,0,0,0,0,0,0,1,1,5,1,49,8,-1,-1,-1,2,1,2
2018140298216,2,9,0,18,0,0,0,0,0,0,2,1,6,3,-1,-1,-1,-1,-1,-1,-1,-1
2018140298239,1,9,0,18,0,0,1,0,0,0,1,1,5,1,22,5,1998,1,14,1,1,1
2018140298239,2,9,0,18,0,0,0,0,1,0,1,1,5,2,17,4,1242,1,12,4,2,4
2018140298249,1,9,0,4,0,0,0,0,0,0,0,1,6,3,-1,-1,1461,2,8,-1,-1,-1
2018140298249,2,9,0,4,0,0,0,0,0,0,2,1,5,1,29,6,2993,2,3,1,1,1
2018140298249,3,9,0,18,0,0,0,0,0,0,1,1,6,1,35,6,2184,2,9,3,1,3
2018140298262,1,9,0,18,0,1,0,0,0,0,1,1,5,3,16,4,-1,-1,-1,-1,-1,-1
2018140298262,2,1,0,18,0,1,5,10,0,0,3,1,4,1,14,3,-1,-1,-1,1,1,1
2018140298281,1,9,0,18,0,1,0,0,0,0,1,1,6,1,-1,-1,1598,2,3,-1,-1,-1
2018140298297,1,1,0,18,0,0,0,0,0,0,1,1,2,1,55,8,-1,-1,-1,7,1,7
2018140298297,2,8,0,2,0,0,0,0,0,0,3,1,1,1,-1,-1,1896,2,8,-1,-1,-1
2018140298309,1,9,0,6,0,1,0,0,0,0,1,1,5,2,25,5,1560,2,10,2,1,2
2018140298309,2,9,0,18,0,1,0,0,0,0,1,1,5,2,52,8,1598,2,2,1,1,1
2018140298321,1,19,0,9,0,2,0,0,0,0,4,1,1,1,64,9,1753,2,9,1,1,1
2018140298323,1,9,0,18,0,0,0,0,0,0,1,1,5,1,17,4,1388,1,15,2,1,2
2018140298323,2,1,0,5,0,0,5,0,1,0,2,1,6,1,9,2,-1,-1,-1,2,1,2
2018140298371,1,9,0,5,0,6,0,0,0,0,1,1,5,1,70,10,1497,1,16,1,1,1
2018140298371,2,9,0,18,0,1,0,0,0,0,4,1,5,1,56,9,1363,2,15,1,1,1
2018140298383,1,9,0,18,0,4,0,0,0,0,1,1,6,1,28,6,1995,2,14,4,1,4
2018140298383,2,98,0,18,0,4,0,0,0,0,1,1,6,1,28,6,-1,-1,-1,4,1,4
2018140298383,3,9,0,18,0,4,0,0,0,0,1,1,6,1,37,7,2179,2,5,2,1,2
2018140298396,1,9,0,16,0,1,2,0,7,11,1,1,5,2,22,5,1461,2,12,4,1,4
2018140298465,1,9,0,7,0,8,1,0,0,0,1,1,5,1,26,6,-1,-1,-1,2,1,2
2018140298465,2,9,0,18,0,1,0,0,0,0,0,1,5,1,24,5,1560,2,1,-1,-1,-1
2018140298465,3,9,0,18,0,1,0,0,0,0,3,1,5,1,56,9,1398,1,4,2,1,2
2018140298482,1,9,0,8,0,1,0,0,0,0,2,1,6,2,28,6,1998,1,16,2,1,2
2018140298482,2,9,0,8,0,1,0,0,0,0,1,1,6,1,21,5,1229,1,4,2,1,2
2018140298509,1,9,0,18,0,0,0,0,0,0,1,1,5,2,31,6,1124,1,14,2,1,2
2018140298509,2,9,0,4,0,0,0,0,0,0,2,1,5,1,54,8,1496,2,2,4,1,4
2018140298537,1,1,0,5,0,0,0,0,0,0,1,1,6,1,9,2,-1,-1,-1,1,1,1
2018140298537,2,9,0,18,0,0,0,0,0,0,1,1,6,2,-1,-1,-1,-1,-1,-1,-1,-1
2018140298539,1,9,0,18,0,1,0,0,0,0,2,1,5,1,42,7,1598,1,5,8,1,8
2018140298539,2,9,0,18,0,1,0,0,0,0,2,1,6,2,30,6,998,1,17,4,1,4
2018140298539,3,9,0,18,0,1,0,0,0,0,1,1,6,1,44,7,1199,1,15,1,1,1
2018140298574,1,9,0,18,0,8,0,0,0,0,3,1,6,1,21,5,2143,2,1,6,1,6
2018140298574,2,19,0,9,0,8,0,0,0,0,1,1,6,3,-1,-1,2198,2,11,-1,-1,-1
2018140298594,1,9,0,2,0,0,0,0,0,0,3,1,3,3,-1,-1,-1,-1,-1,-1,-1,-1
2018140298594,2,1,0,18,0,0,0,0,0,0,1,1,5,2,73,10,-1,-1,-1,2,1,2
2018140298609,1,9,0,18,0,0,0,0,0,0,4,1,5,2,54,8,1598,1,7,7,1,7
2018140298642,1,11,0,18,2,1,0,0,0,0,1,1,1,1,32,6,4461,2,4,2,1,2
2018140298642,2,9,0,7,0,1,1,7,0,0,4,1,5,1,29,6,1596,1,11,1,1,1
2018140298652,1,19,0,1,0,0,0,0,0,0,2,1,6,1,45,7,2198,2,12,1,1,1
2018140298652,2,19,0,18,0,0,0,0,0,0,1,1,2,1,37,7,1995,2,-1,-1,-1,-1
2018140298663,1,9,0,18,0,0,5,0,0,0,1,1,5,1,66,10,2987,2,4,9,1,9
2018140298663,2,9,0,12,0,0,0,0,0,0,2,1,5,1,35,6,1956,2,9,9,1,9
2018140298755,1,9,0,7,0,1,0,0,0,0,2,1,5,1,30,6,1199,1,15,1,1,1
2018140298755,2,9,0,7,0,1,0,0,0,0,1,1,5,3,-1,-1,1910,2,8,-1,-1,-1
2018140298870,1,9,0,18,0,8,0,0,0,0,1,1,5,1,75,10,1596,1,13,8,3,8
2018140298870,2,19,0,18,0,8,1,0,0,0,3,1,1,1,41,7,1995,2,4,1,1,1
2018140298870,3,9,0,3,0,1,0,0,0,0,3,1,2,1,20,4,1388,1,9,7,1,7
2018140298949,1,2,0,9,0,8,0,0,0,0,4,1,2,1,40,7,49,1,12,10,1,10
2018140298949,2,9,0,18,0,8,0,0,0,0,3,1,5,1,26,6,1956,2,6,3,1,3
2018140298954,1,11,0,5,0,2,0,0,0,0,1,1,1,2,48,8,4580,2,8,2,1,2
2018140298954,2,9,0,13,0,3,0,0,0,0,2,1,6,1,50,8,2967,1,14,1,1,1
2018140299022,1,9,0,18,0,0,0,0,0,0,4,1,6,2,48,8,1686,2,13,1,1,1
2018140299047,1,9,0,5,0,0,0,0,0,0,2,1,6,2,20,4,998,1,14,2,2,2
2018140299047,2,98,0,18,0,0,0,0,0,0,1,1,6,3,-1,-1,-1,-1,-1,-1,-1,-1
2018140299106,1,9,0,18,0,0,0,4,0,0,3,1,6,3,-1,-1,1968,2,5,-1,-1,-1
2018140299106,2,9,0,2,0,0,5,0,0,0,1,1,6,2,58,9,1461,2,13,10,1,10
2018140299106,3,9,0,2,0,0,0,0,0,0,1,1,6,1,46,8,1200,1,-1,4,1,4
2018140299106,4,9,0,2,0,0,0,0,1,0,4,1,6,3,-1,-1,1598,1,11,-1,-1,-1
2018140299106,5,9,0,2,0,0,0,0,0,0,2,1,6,2,26,6,1598,1,14,4,1,4
2018140299106,6,9,0,2,0,0,0,0,0,0,1,1,6,1,64,9,1995,2,8,4,1,4
2018140299106,7,9,0,2,0,0,0,0,0,0,1,1,6,2,51,8,1910,2,11,4,1,4