Accident_Index,Vehicle_Reference,Vehicle_Type,Towing_and_Articulation,Vehicle_Manoeuvre,Vehicle_Location-Restricted_Lane,Junction_Location,Skidding_and_Overturning,Hit_Object_in_Carriageway,Vehicle_Leaving_Carriageway,Hit_Object_off_Carriageway,1st_Point_of_Impact,Was_Vehicle_Left_Hand_Drive?,Journey_Purpose_of_Driver,Sex_of_Driver,Age_of_Driver,Age_Band_of_Driver,Engine_Capacity_(CC),Propulsion_Code,Age_of_Vehicle,Driver_IMD_Decile,Driver_Home_Area_Type,Vehicle_IMD_Decile
2018140299243,1,19,0,18,0,0,0,0,0,0,1,1,1,1,47,8,2198,2,3,1,2,1
2018140299243,2,9,0,18,0,0,0,0,0,0,2,1,5,1,37,7,1390,1,17,1,1,1
2018140299247,1,9,0,18,0,0,0,0,0,0,4,1,6,3,-1,-1,-1,-1,-1,-1,-1,-1
2018140299259,1,9,0,9,0,8,0,0,0,0,3,1,5,2,23,5,1197,1,3,4,1,4
2018140299259,2,5,0,18,0,1,0,0,0,0,1,1,5,1,39,7,1340,1,28,1,1,1
2018140299271,1,21,1,18,0,0,0,0,0,0,2,1,1,1,46,8,12740,2,1,4,1,4
2018140299271,2,9,0,18,0,0,1,0,0,0,1,1,5,1,33,6,1995,2,2,4,1,4
2018140299329,1,9,0,6,0,8,0,0,0,0,1,1,5,1,21,5,1995,2,12,2,1,2
2018140299329,2,9,0,18,0,1,0,0,0,0,4,1,1,2,33,6,1598,2,3,2,1,2
2018140299383,1,9,0,18,0,1,0,0,1,0,1,1,5,2,71,10,1796,1,14,1,3,1
2018140299383,2,19,0,18,0,2,1,0,0,0,1,1,5,3,-1,-1,2402,2,7,-1,-1,-1
2018140299435,1,9,0,18,0,1,0,0,0,0,3,1,5,1,26,6,999,1,6,3,1,3
2018140299451,1,9,0,18,0,0,0,0,1,0,1,1,5,1,46,8,1870,2,11,2,1,2
2018140299451,2,9,0,18,0,0,0,0,0,0,1,1,6,3,-1,-1,-1,-1,-1,-1,-1,-1
2018140299460,1,9,0,9,0,8,0,0,0,0,1,1,6,2,57,9,998,1,4,3,1,3
2018140299460,2,9,0,18,0,8,0,0,0,0,3,1,6,2,23,5,1360,1,13,4,1,4
2018140299502,1,19,0,10,0,8,0,0,0,0,3,1,6,3,-1,-1,2402,2,9,-1,-1,-1
2018140299502,2,9,0,3,0,8,0,0,0,0,0,1,1,1,35,6,2231,2,5,2,1,2
2018140299514,1,9,0,18,0,2,1,11,7,2,3,1,5,1,36,7,1390,1,4,3,1,3
2018140299514,2,9,0,18,0,2,0,0,0,0,0,1,1,1,35,6,1248,2,4,-1,-1,-1
2018140299515,1,9,0,14,0,2,0,0,0,0,1,1,1,1,44,7,998,1,17,1,1,1
2018140299515,2,9,0,2,0,2,0,0,0,0,2,1,6,1,-1,-1,1794,1,13,1,2,1
2018140299515,3,9,0,18,0,1,0,0,0,0,3,1,1,1,53,8,1997,2,9,3,1,3
2018140299521,1,9,0,18,0,0,0,0,7,4,1,1,5,1,20,4,2143,2,1,7,1,7
2018140299528,1,19,0,18,0,0,0,0,0,0,2,1,1,1,29,6,2198,2,4,5,2,5
2018140299528,2,9,0,18,0,0,0,0,0,0,1,1,6,1,62,9,1388,1,11,8,1,8
2018140299690,1,9,0,3,0,0,0,0,0,0,2,1,1,2,50,8,1598,1,4,3,2,3
2018140299690,2,9,0,18,0,0,0,0,0,0,1,1,6,1,19,4,1422,2,9,1,1,1
2018140299725,1,9,0,16,0,0,0,0,0,0,3,1,5,1,72,10,1560,2,6,9,2,9
2018140299725,2,9,0,17,0,0,0,0,0,0,3,1,6,1,42,7,1598,1,13,-1,-1,-1
2018140299753,1,9,0,16,0,0,0,0,0,0,1,1,5,1,31,6,1969,2,1,2,1,2
2018140299753,2,1,0,18,0,0,0,0,0,0,1,1,6,1,7,2,-1,-1,-1,3,1,3
2018140299772,1,9,0,18,0,8,0,0,0,0,1,1,6,2,47,8,973,1,17,3,1,3
2018140299772,2,9,0,9,0,8,0,0,0,0,1,1,1,2,33,6,1360,1,12,3,1,3
2018140299782,1,9,0,18,0,0,0,0,0,0,4,1,5,2,59,9,-1,-1,-1,1,1,1
2018140299786,1,9,0,18,0,0,0,0,0,0,1,1,5,1,27,6,1600,1,14,3,1,3
2018140299815,1,9,0,3,0,0,0,0,0,0,2,1,1,1,39,7,1995,2,4,10,1,10
2018140299815,2,9,0,18,0,0,0,0,0,0,1,1,5,1,25,5,-1,-1,-1,-1,-1,-1
2018140299838,1,9,0,2,0,2,0,0,0,0,3,1,5,1,60,9,1582,2,9,3,2,3
2018140299838,2,1,0,18,0,2,0,4,0,0,1,1,6,1,12,3,-1,-1,-1,8,3,8
2018140299853,1,9,0,18,0,8,1,0,0,0,1,1,6,1,36,7,1984,1,4,1,1,1
2018140299862,1,9,0,18,0,8,0,0,0,0,3,1,2,1,23,5,1896,2,14,1,1,1
2018140299862,2,1,0,18,0,8,5,0,0,0,1,1,2,1,24,5,-1,-1,-1,1,1,1
2018140299876,1,3,0,18,0,2,2,0,0,0,4,1,6,2,36,7,124,1,6,9,1,9
2018140299882,1,9,0,9,0,8,1,0,0,0,1,1,6,1,36,7,1995,2,8,2,1,2
2018140299882,2,9,0,18,0,1,1,0,1,0,1,1,6,1,51,8,1896,2,14,1,1,1
2018140299890,1,2,0,18,0,0,0,0,0,0,1,1,5,1,18,4,49,1,11,1,1,1
2018140299890,2,9,0,5,0,0,0,0,0,0,2,1,5,1,48,8,1596,1,15,3,1,3
2018140299902,1,9,0,18,0,0,0,0,0,0,1,1,6,2,57,9,1422,2,8,1,1,1
2018140299917,1,9,0,5,0,1,0,0,0,0,2,1,5,1,22,5,1368,1,8,2,1,2
2018140299923,1,8,0,18,0,8,0,0,1,1,1,1,1,1,35,6,1582,2,2,1,1,1
2018140299930,1,9,0,18,0,0,0,0,0,0,3,1,5,1,35,6,1797,8,4,1,1,1
2018140299944,1,9,0,18,0,1,0,0,0,0,1,1,5,3,-1,-1,1560,2,4,-1,-1,-1
2018140299944,2,8,0,18,0,1,1,0,0,0,2,1,1,1,54,8,1910,2,7,6,1,6
2018140299944,3,8,0,18,0,1,1,0,0,0,2,1,1,1,42,7,1798,8,3,4,1,4
2018140300176,1,9,0,7,0,2,0,0,0,0,2,1,2,2,47,8,1591,1,4,1,1,1
2018140300176,2,1,0,7,0,2,1,0,0,0,1,1,6,1,40,7,-1,-1,-1,1,1,1
2018140300216,1,9,0,18,0,0,0,0,1,0,4,1,5,1,46,8,2494,8,1,2,1,2
2018140300216,2,9,0,18,0,0,0,0,0,0,0,1,5,1,20,4,1600,2,8,5,2,5
2018140300265,1,19,0,9,0,8,1,0,0,0,2,1,1,1,53,8,2402,2,7,1,1,1
2018140300265,2,9,0,18,0,1,0,0,0,0,1,1,6,1,-1,-1,-1,-1,-1,-1,-1,-1
2018140300280,1,19,0,18,0,0,0,0,0,0,2,1,6,1,46,8,2148,2,10,3,2,3
2018140300280,2,9,0,18,0,0,0,0,0,0,1,1,6,1,-1,-1,1995,2,14,-1,-1,-1
2018140300280,3,9,0,18,0,0,0,0,0,0,2,1,6,1,-1,-1,1598,1,2,1,1,1
2018140300306,1,9,0,18,0,0,0,0,0,0,3,1,2,2,51,8,1498,1,9,7,1,7
2018140300313,1,9,0,11,0,8,5,7,3,0,1,1,6,1,57,9,3969,1,19,9,1,9
2018140300317,1,9,0,18,0,0,0,0,0,0,1,1,5,2,62,9,1395,1,1,4,1,4
2018140300317,2,3,0,18,0,0,0,0,0,0,1,1,6,1,17,4,125,1,6,2,1,2
2018140300334,1,9,0,18,0,1,0,0,0,0,1,1,2,1,63,9,-1,-1,-1,3,1,3
2018140300340,1,9,0,16,0,0,1,0,0,0,1,1,5,2,25,5,1753,2,12,2,1,2
2018140300340,2,9,0,17,0,0,0,0,0,0,2,1,6,3,-1,-1,-1,-1,-1,-1,-1,-1
2018140300346,1,9,0,1,9,0,0,0,0,0,2,1,5,1,38,7,1753,2,10,1,1,1
2018140300357,1,9,0,18,0,1,5,0,0,0,4,1,5,2,60,9,998,1,1,2,1,2
2018140300357,2,9,0,5,0,1,0,0,0,0,1,1,5,1,22,5,1560,2,8,3,1,3
2018140300360,1,9,0,4,0,1,0,0,0,0,2,1,5,2,24,5,1364,1,9,7,1,7
2018140300360,2,19,0,18,0,1,0,0,0,0,1,1,6,1,-1,-1,1968,2,12,-1,-1,-1
2018140300460,1,9,0,9,0,1,0,0,0,0,1,1,6,1,22,5,1969,2,-1,7,1,7
2018140300460,2,9,0,18,0,1,0,0,0,0,1,1,6,1,30,6,1968,2,6,-1,-1,-1
2018140300530,1,9,0,4,0,1,0,0,0,0,2,1,3,2,48,8,1596,1,11,6,1,6
2018140300530,2,9,0,18,0,1,0,0,0,0,1,1,3,2,-1,-1,1598,2,3,-1,-1,-1
2018140300531,1,9,0,18,0,0,0,0,0,0,1,1,5,2,59,9,1582,2,6,3,1,3
2018140300531,2,9,0,4,0,0,0,0,0,0,2,1,5,1,24,5,1493,2,11,3,1,3
2018140300531,3,9,0,4,0,0,0,0,0,0,2,1,5,1,35,6,1998,2,15,6,1,6
2018140300559,1,9,0,15,0,0,0,0,0,0,2,1,5,1,40,7,1968,2,4,5,1,5
2018140300559,2,9,0,18,0,0,0,0,0,0,1,1,5,1,25,5,1995,2,12,1,1,1
2018140300582,1,9,0,14,0,0,0,0,0,0,1,1,5,1,72,10,2231,2,6,4,1,4
2018140300582,2,9,0,2,9,0,0,0,0,0,2,1,6,1,61,9,-1,-1,-1,3,1,3
2018140300613,1,9,0,18,0,1,0,0,0,0,4,1,6,2,-1,-1,-1,-1,-1,-1,-1,-1
2018140300625,1,9,0,17,0,0,0,0,5,0,1,1,6,1,21,5,998,1,30,9,2,9
2018140300627,1,9,0,18,0,8,0,0,7,0,3,1,2,1,47,8,1956,2,1,1,1,1
2018140300627,2,9,0,7,0,3,0,0,0,0,1,1,2,2,31,6,1395,1,-1,6,1,6
2018140300634,1,9,0,18,0,2,0,0,0,0,4,1,2,1,21,5,1686,2,14,1,1,1
2018140300672,1,9,0,3,0,1,0,0,0,0,1,1,2,2,39,7,1395,1,2,6,1,6
2018140300690,1,19,0,9,0,1,0,0,0,0,1,1,2,1,42,7,2198,2,2,4,1,4
2018140300690,2,3,0,18,0,1,0,0,0,0,1,1,2,1,22,5,125,1,2,-1,-1,-1
2018140300797,1,9,0,18,0,1,0,0,0,0,1,1,2,2,21,5,1461,2,4,10,1,10
2018140300797,2,1,0,18,0,1,0,0,0,0,1,1,5,1,40,7,-1,-1,-1,1,1,1
2018140300812,1,21,0,4,0,0,0,0,0,0,2,1,1,1,29,6,2299,2,2,5,1,5
2018140300812,2,9,0,4,0,0,0,0,0,0,2,1,6,2,36,7,998,1,5,7,1,7
2018140300812,3,21,0,4,0,0,0,0,0,0,1,1,1,1,20,4,8867,2,9,6,1,6
2018140300859,1,19,0,9,0,8,0,0,0,0,4,1,1,1,45,7,1560,2,1,1,1,1
2018140300859,2,9,0,18,0,1,0,0,0,0,1,1,6,1,27,6,1998,1,1,4,1,4
2018140300859,3,19,0,18,0,1,0,0,0,0,1,1,1,1,55,8,2143,2,6,9,1,9
2018140300890,1,9,0,9,0,1,0,0,0,0,1,1,2,1,27,6,1968,2,4,5,2,5
2018140300890,2,5,0,9,0,1,0,0,0,0,1,1,2,1,49,8,996,1,21,3,1,3
2018140300905,1,9,0,9,0,1,0,0,0,0,2,1,5,1,23,5,1896,2,11,3,1,3
2018140300905,2,3,0,18,0,1,0,0,1,0,1,1,5,1,24,5,125,1,8,1,1,1
2018140300927,1,9,0,17,0,1,0,0,8,0,1,1,6,1,36,7,1995,2,6,10,1,10
2018140300927,2,9,0,9,0,6,0,0,0,0,3,1,6,2,70,10,1395,1,3,5,1,5
2018140300927,3,9,0,18,0,1,0,0,0,0,0,1,1,1,33,6,2993,2,1,1,1,1
2018140300982,1,9,0,18,0,0,0,0,0,0,1,1,5,2,74,10,1240,1,9,9,3,9
2018140300997,1,9,0,18,0,0,0,0,0,0,2,1,2,2,54,8,1598,2,3,8,1,8
2018140300997,2,9,0,4,0,0,0,0,0,0,2,1,2,1,22,5,999,1,3,7,2,7
2018140300997,3,9,0,18,0,0,0,0,0,0,2,1,2,1,43,7,1598,1,10,7,1,7
2018140300997,4,21,1,4,0,0,0,0,0,0,1,1,1,1,27,6,12777,2,5,4,1,4
2018140301087,1,9,0,15,0,8,5,11,0,0,4,1,6,1,21,5,1896,2,9,1,1,1
2018140301087,2,9,0,18,0,2,0,0,0,0,2,1,5,1,39,7,1968,2,8,3,1,3
2018140301087,3,9,0,2,0,1,0,0,0,0,4,1,6,3,-1,-1,1598,2,6,-1,-1,-1
2018140301142,1,9,0,17,0,8,0,0,0,0,1,1,2,2,34,6,1199,1,14,8,1,8
2018140301142,2,9,0,18,0,4,0,0,0,0,4,1,1,1,27,6,1796,1,8,2,1,2
2018140301149,1,2,0,17,0,0,5,0,0,0,4,1,5,2,30,6,125,1,4,2,3,2
2018140301149,2,1,0,17,0,0,0,0,0,0,2,1,2,1,61,9,-1,-1,-1,8,3,8
2018140301157,1,19,0,4,0,8,0,0,0,0,2,1,1,1,53,8,1968,2,1,1,1,1
2018140301157,2,5,0,18,0,1,0,0,0,0,1,1,6,1,46,8,1050,1,8,7,3,7
2018140301234,1,9,0,18,0,8,0,0,0,0,1,1,5,1,27,6,1124,1,13,1,1,1
2018140301234,2,98,0,18,0,1,0,0,0,0,1,1,6,3,-1,-1,-1,-1,-1,-1,-1,-1
2018140301273,1,9,0,3,0,1,0,0,0,0,2,1,5,1,71,10,1995,2,5,5,1,5
2018140301273,2,9,0,18,0,1,0,0,0,0,1,1,6,1,-1,-1,-1,-1,-1,1,1,1
2018140301278,1,19,0,9,0,6,0,0,0,0,3,1,1,1,46,8,2198,2,8,3,1,3
2018140301278,2,2,0,18,0,1,0,0,0,0,1,1,4,1,16,4,49,1,4,1,1,1
2018140301313,1,9,0,9,0,6,0,0,0,0,1,1,2,2,29,6,1595,1,-1,1,1,1
2018140301313,2,4,0,18,0,1,5,0,0,0,1,1,2,1,23,5,600,1,17,8,1,8
2018140301319,1,9,0,10,0,0,0,0,0,0,3,1,6,1,34,6,1199,2,6,10,1,10
2018140301319,2,1,0,18,9,0,1,0,0,0,1,1,5,1,14,3,-1,-1,-1,2,1,2
2018140301351,1,5,0,18,0,4,0,0,0,0,3,1,5,1,61,9,1832,1,12,1,1,1
2018140301351,2,9,0,18,0,3,0,0,0,0,4,1,6,2,55,8,1997,2,3,6,1,6
2018140301367,1,9,0,18,0,1,1,0,1,0,3,1,5,1,55,8,-1,-1,-1,3,1,3
2018140301367,2,9,0,5,0,6,0,0,0,0,1,1,6,1,63,9,2987,2,12,7,1,7
2018140301397,1,19,0,18,9,0,0,11,7,0,1,1,6,1,27,6,1560,2,11,3,1,3
2018140301404,1,9,0,18,0,0,5,4,0,0,4,1,6,2,43,7,1461,2,11,1,1,1
2018140301404,2,9,0,2,0,0,0,0,0,0,1,1,6,3,-1,-1,-1,-1,-1,-1,-1,-1
2018140301404,3,9,0,2,0,0,0,0,0,0,3,1,6,3,-1,-1,-1,-1,-1,-1,-1,-1
2018140301421,1,9,0,9,0,6,0,0,0,0,1,1,5,2,48,8,1598,1,2,1,1,1
2018140301421,2,9,0,18,0,1,0,0,0,0,1,1,5,2,81,11,1388,1,10,4,1,4
2018140301436,1,9,0,18,0,2,0,0,0,0,1,1,5,2,20,4,-1,-1,-1,2,1,2
2018140301444,1,3,0,18,0,0,0,0,1,0,1,1,6,1,-1,-1,124,1,4,-1,-1,-1
2018140301444,2,9,0,1,0,0,0,0,0,0,3,1,5,1,19,4,1229,1,6,4,1,4
2018140301491,1,9,0,18,0,0,0,0,0,0,1,1,5,2,29,6,1299,1,14,5,1,5
2018140301684,1,5,0,18,0,8,1,0,0,0,1,1,5,1,53,8,865,1,9,4,1,4
2018140301684,2,9,0,18,0,8,0,0,0,0,3,1,5,1,63,9,1995,2,-1,7,1,7
2018140301778,1,9,0,18,0,1,0,0,0,0,2,1,6,2,47,8,1598,1,13,1,1,1
2018140301778,2,9,0,18,0,1,0,0,0,0,1,1,6,3,-1,-1,-1,-1,-1,-1,-1,-1
2018140301803,1,1,0,18,0,0,5,0,0,0,3,1,1,1,49,8,-1,-1,-1,3,1,3
2018140301803,2,98,0,13,0,0,0,0,0,0,1,1,6,3,-1,-1,-1,-1,-1,-1,-1,-1
2018140301835,1,9,0,18,0,0,1,0,0,0,1,1,6,1,28,6,1398,1,-1,2,1,2
2018140301835,2,9,0,15,0,0,0,0,0,0,1,1,6,1,48,8,-1,-1,-1,10,1,10
2018140301874,1,8,0,18,0,0,0,0,0,0,1,1,1,1,36,7,2402,2,15,1,1,1
2018140301880,1,9,0,18,0,2,0,0,0,0,1,1,5,1,50,8,1995,2,12,8,1,8
2018140301880,2,3,0,18,0,1,0,0,0,0,1,1,5,1,17,4,124,1,3,3,1,3
2018140302289,1,9,0,18,0,0,0,0,0,0,1,1,5,1,49,8,1685,2,1,1,1,1
2018140302307,1,3,0,16,0,0,2,0,0,0,0,1,5,1,29,6,125,1,6,1,1,1
2018140302307,2,9,0,18,0,0,0,0,0,0,0,1,5,2,40,7,1968,2,7,2,1,2
2018140302353,1,9,0,17,0,1,0,0,0,0,1,1,5,2,42,7,1560,2,7,-1,-1,-1
2018140302373,1,9,0,9,0,1,0,0,0,0,1,1,2,2,50,8,1499,1,1,9,1,9
2018140302376,1,9,0,7,0,1,0,0,0,0,4,1,2,1,58,9,2967,2,2,3,1,3
2018140302376,2,1,0,18,0,1,0,0,0,0,1,1,6,1,21,5,-1,-1,-1,4,1,4
2018140302386,1,19,0,9,0,1,0,0,0,0,3,1,1,1,48,8,5132,2,3,-1,1,-1
2018140302386,2,9,0,12,0,1,0,0,4,0,3,1,2,2,30,6,1390,1,4,6,1,6
2018140302420,1,9,0,13,0,0,0,0,0,0,1,1,5,1,18,4,-1,-1,-1,6,1,6
2018140302420,2,9,0,18,0,0,0,0,0,0,3,1,5,1,27,6,1242,1,3,9,2,9
2018140302497,1,9,0,18,0,1,0,0,0,0,1,1,6,2,41,7,1968,2,5,2,1,2
2018140302497,2,9,0,9,0,6,0,0,0,0,1,1,6,1,27,6,-1,-1,-1,1,1,1
2018140302514,1,9,0,18,0,0,0,0,0,0,1,1,6,3,-1,-1,-1,-1,-1,-1,-1,-1
2018140302702,1,9,0,9,0,2,0,0,0,0,1,1,5,2,35,6,1997,2,7,2,1,2
2018140302702,2,9,0,18,0,1,0,0,0,0,1,1,3,2,24,5,1995,2,12,3,1,3
2018140302734,1,19,0,4,0,0,0,0,0,0,1,1,6,3,-1,-1,-1,-1,-1,-1,-1,-1
2018140302734,2,9,0,18,0,0,0,0,0,0,2,1,2,2,43,7,898,1,2,9,1,9
2018140302759,1,9,0,4,0,1,0,0,0,0,4,1,3,1,46,8,1997,2,12,1,1,1
2018140302759,2,1,0,18,0,1,0,0,0,0,1,1,6,1,9,2,-1,-1,-1,1,1,1
2018140302780,1,9,0,18,0,2,0,0,1,0,4,1,5,1,23,5,1368,1,12,1,1,1
2018140302785,1,9,0,9,0,6,0,0,0,0,4,1,1,1,23,5,1598,2,-1,4,1,4
2018140302785,2,9,0,18,0,1,0,0,0,0,1,1,5,2,53,8,1586,1,3,9,1,9
2018140302805,1,9,0,11,0,0,0,0,0,0,2,1,6,2,32,6,1598,1,9,1,1,1
2018140302805,2,9,0,18,0,0,0,0,0,0,1,1,6,3,-1,-1,-1,-1,-1,-1,-1,-1
2018140302807,1,9,0,18,0,0,0,0,0,0,1,1,5,1,30,6,1560,2,13,2,1,2
2018140302807,2,9,0,18,0,0,0,0,0,0,2,1,5,2,22,5,1598,2,7,3,3,3
2018140302821,1,9,0,7,0,3,0,0,0,0,4,1,5,2,20,4,998,1,1,4,1,4
2018140302821,2,1,0,18,0,8,0,0,0,0,3,1,6,1,37,7,-1,-1,-1,6,1,6
2018140302827,1,11,0,18,0,0,0,0,0,0,3,1,1,1,64,9,4461,2,4,5,1,5
2018140302827,2,9,0,14,0,0,1,0,7,0,4,1,5,1,29,6,1598,1,12,2,1,2
2018140302853,1,9,0,18,0,6,0,0,0,0,1,1,2,2,37,7,1422,2,9,2,1,2
2018140302853,2,9,0,13,0,1,0,0,0,0,3,1,2,1,37,7,1149,1,13,1,1,1
2018140302908,1,9,0,18,0,0,0,0,0,0,1,1,6,1,17,4,1360,1,13,3,1,3
2018140302908,2,8,0,18,0,0,0,0,0,0,1,1,1,1,60,9,2148,2,7,7,1,7
2018140302943,1,11,0,18,0,0,0,0,0,0,1,1,1,2,45,7,4500,2,7,6,1,6
2018140303069,1,9,0,18,0,1,0,0,0,0,2,1,6,3,-1,-1,-1,-1,-1,-1,-1,-1
2018140303069,2,1,0,18,0,1,5,0,0,0,1,1,6,1,30,6,-1,-1,-1,6,1,6
2018140303075,1,9,0,16,0,0,0,0,0,0,1,1,5,1,49,8,1998,1,5,10,1,10
2018140303077,1,21,0,12,0,0,0,0,0,0,1,1,1,1,31,6,-1,-1,-1,-1,-1,-1
2018140303077,2,9,0,18,0,0,2,0,1,0,2,1,1,1,29,6,1527,2,18,5,1,5
2018140303105,1,9,0,18,0,1,0,0,0,0,1,1,5,1,42,7,998,1,10,1,1,1
2018140303105,2,19,0,12,0,1,0,0,0,0,1,1,1,1,34,6,2143,2,2,1,1,1
2018140303127,1,9,0,7,0,3,0,0,0,0,2,1,2,1,21,5,999,1,3,4,1,4
2018140303127,2,9,0,7,0,3,0,0,0,0,1,1,1,1,58,9,1968,2,7,9,1,9
2018140303138,1,11,0,5,0,0,0,0,0,0,0,1,1,1,29,6,6700,2,2,6,3,6
2018140303223,1,9,0,17,0,0,0,0,1,0,1,1,5,1,31,6,1242,1,10,6,1,6
2018140303234,1,9,0,4,0,0,0,0,0,0,4,1,6,2,33,6,1598,2,1,4,1,4
2018140303253,1,9,0,7,0,6,0,0,0,0,1,1,5,1,38,7,1364,1,10,1,1,1
2018140303253,2,2,0,18,0,8,0,0,0,0,3,1,1,1,47,8,49,1,1,7,1,7
2018140303263,1,9,0,16,0,0,2,0,7,0,1,1,5,1,26,6,1598,2,2,2,1,2
2018140303286,1,9,0,18,0,1,0,0,0,0,1,1,5,1,59,9,1560,2,14,9,1,9
2018140303286,2,9,0,9,0,6,0,0,0,0,1,1,6,3,-1,-1,1364,1,9,-1,-1,-1
2018140303405,1,9,0,9,0,5,0,0,0,0,2,1,2,1,25,5,1248,2,3,8,1,8
2018140303405,2,9,0,9,0,6,0,0,0,0,1,1,6,1,-1,-1,1598,2,1,3,1,3
2018140303427,1,9,0,2,0,0,0,0,0,0,0,1,6,2,20,4,1364,1,9,-1,-1,-1
2018140303427,2,9,0,2,0,0,0,0,0,0,2,1,6,2,-1,-1,1200,1,3,-1,-1,-1
2018140303427,3,9,0,18,0,0,0,0,0,0,1,1,2,2,31,6,1197,1,2,5,1,5
2018140303590,1,9,0,18,0,0,0,0,0,0,0,1,5,1,31,6,1998,2,13,2,1,2
2018140303590,2,-1,0,18,0,0,0,0,0,0,0,1,6,3,-1,-1,-1,-1,-1,-1,-1,-1
2018140303645,1,9,0,18,0,0,5,0,0,0,1,1,6,1,33,6,1299,1,16,2,1,2
2018140303654,1,1,0,7,9,0,0,0,0,0,1,1,5,1,64,9,-1,-1,-1,7,1,7
2018140303654,2,98,0,18,0,0,0,0,0,0,0,1,6,3,-1,-1,-1,-1,-1,-1,-1,-1
2018140303664,1,9,0,7,0,8,0,0,0,0,3,1,5,1,68,10,1388,1,7,2,1,2
2018140303664,2,1,0,18,0,1,0,0,0,0,4,1,5,2,30,6,-1,-1,-1,9,1,9
2018140303926,1,9,0,4,0,4,0,0,0,0,2,1,5,2,33,6,1796,1,11,1,1,1
2018140303926,2,9,0,18,0,4,0,0,0,0,1,1,5,1,22,5,1199,1,15,2,1,2
2018140303984,1,9,0,17,0,0,0,0,0,0,1,1,5,1,67,10,1794,1,17,1,1,1
2018140303989,1,9,0,18,0,0,0,0,0,0,1,1,6,1,34,6,1149,1,2,1,1,1
2018140304674,1,9,0,18,0,0,0,0,0,0,1,1,6,2,50,8,1685,2,1,3,1,3
2018140304745,1,9,0,5,0,0,0,0,0,0,1,1,5,1,30,6,1995,2,8,1,1,1
2018140304745,2,1,0,12,0,0,0,0,0,0,3,1,5,1,19,4,-1,-1,-1,-1,-1,-1
2018140304911,1,9,0,18,0,8,0,0,0,0,3,1,5,2,34,6,1598,2,2,3,1,3
2018140304911,2,9,0,18,0,8,0,0,0,0,1,1,6,3,-1,-1,1395,1,1,-1,-1,-1
2018140304983,1,9,0,18,0,1,0,0,0,0,2,1,2,1,25,5,1364,1,12,3,1,3
2018140304983,2,3,0,18,0,1,0,0,0,0,1,1,5,1,36,7,-1,-1,-1,1,1,1
2018140305025,1,3,0,18,0,1,0,0,0,0,1,1,6,1,39,7,-1,-1,-1,2,1,2
2018140305025,2,19,0,2,0,1,0,0,0,0,4,1,6,3,25,5,1968,2,6,-1,-1,-1
2018140305055,1,9,0,18,0,0,1,7,1,0,2,1,6,1,22,5,1900,2,13,2,2,2
2018140305055,2,9,0,18,0,0,1,0,0,0,1,1,5,1,21,5,1468,1,13,4,2,4
2018140305286,1,9,0,9,0,1,0,0,0,0,3,1,5,1,28,6,-1,-1,-1,10,1,10
2018140305286,2,19,0,13,0,1,0,0,0,0,4,1,2,1,23,5,1598,2,2,1,1,1
2018140305331,1,9,0,9,0,5,0,0,0,0,4,1,5,2,69,10,2495,2,20,5,1,5
2018140305331,2,3,0,18,0,1,0,0,0,0,1,1,6,1,24,5,96,1,9,7,1,7
2018140305352,1,9,0,18,0,0,0,0,7,0,1,1,6,1,19,4,2979,1,3,2,1,2
2018140305388,1,9,0,18,0,1,0,0,0,0,1,1,5,1,41,7,1339,1,7,1,1,1
2018140305388,2,1,0,18,0,1,0,0,0,0,1,1,6,1,5,1,-1,-1,-1,1,1,1
2018140305732,1,9,0,13,0,0,0,0,0,0,1,1,5,1,56,9,1560,2,11,4,1,4
2018140305732,2,9,0,2,0,0,0,0,0,0,2,1,6,1,39,7,1395,1,1,-1,-1,-1
2018140305732,3,1,0,18,0,0,0,0,0,0,3,1,5,1,44,7,-1,-1,-1,6,1,6
2018140305751,1,9,0,3,0,1,0,0,0,0,2,1,6,1,49,8,1794,1,16,1,1,1
2018140305751,2,9,0,11,0,1,0,0,0,0,1,1,1,1,40,7,1910,2,11,5,1,5
2018140305766,1,98,0,9,0,8,0,0,0,0,4,1,1,1,46,8,-1,-1,-1,-1,-1,-1
2018140305766,2,20,0,18,0,1,0,0,7,0,1,1,1,1,38,7,4249,2,5,5,1,5
2018140305766,3,9,0,18,0,1,0,0,0,0,1,1,1,1,71,10,1598,1,6,7,2,7
2018140305781,1,9,0,18,0,0,0,4,0,0,1,1,1,1,36,7,-1,-1,-1,1,1,1
2018140305781,2,9,0,2,0,0,0,0,0,0,2,1,6,3,-1,-1,-1,-1,-1,-1,-1,-1
2018140305781,3,9,0,2,0,0,0,0,0,0,2,1,6,3,-1,-1,-1,-1,-1,-1,-1,-1
2018140305781,4,9,0,2,0,0,0,0,0,0,2,1,6,3,-1,-1,-1,-1,-1,-1,-1,-1
2018140305781,5,9,0,2,0,0,0,0,0,0,1,1,6,3,-1,-1,-1,-1,-1,-1,-1,-1
2018140305785,1,19,0,18,0,0,1,0,0,0,1,1,1,1,26,6,2143,2,4,2,1,2
2018140305785,2,3,0,18,0,0,0,0,0,0,1,1,5,1,24,5,125,1,4,10,1,10
2018140305815,1,9,0,18,0,0,0,0,1,0,1,1,5,1,59,9,1686,2,4,1,1,1