Accident_Index,Vehicle_Reference,Vehicle_Type,Towing_and_Articulation,Vehicle_Manoeuvre,Vehicle_Location-Restricted_Lane,Junction_Location,Skidding_and_Overturning,Hit_Object_in_Carriageway,Vehicle_Leaving_Carriageway,Hit_Object_off_Carriageway,1st_Point_of_Impact,Was_Vehicle_Left_Hand_Drive?,Journey_Purpose_of_Driver,Sex_of_Driver,Age_of_Driver,Age_Band_of_Driver,Engine_Capacity_(CC),Propulsion_Code,Age_of_Vehicle,Driver_IMD_Decile,Driver_Home_Area_Type,Vehicle_IMD_Decile
2018140305815,2,9,0,18,0,0,5,0,7,0,1,1,5,1,67,10,2179,2,9,7,2,7
2018140305816,1,3,0,18,0,0,0,0,0,0,1,1,5,1,19,4,125,1,4,1,1,1
2018140305816,2,19,0,9,0,0,0,0,0,0,4,1,6,1,-1,-1,1753,2,15,-1,-1,-1
2018140305816,3,9,0,2,0,0,0,0,0,0,1,1,6,1,-1,-1,998,1,5,-1,-1,-1
2018140305846,1,11,0,4,0,0,0,0,0,0,0,1,1,3,-1,-1,-1,-1,-1,-1,-1,-1
2018140305870,1,9,0,5,0,5,0,0,0,0,1,1,5,2,78,11,1248,1,2,1,1,1
2018140305870,2,9,0,18,0,8,0,0,0,0,1,1,5,1,57,9,-1,-1,-1,-1,-1,-1
2018140305872,1,9,0,18,0,0,0,0,0,0,1,1,2,2,32,6,1598,1,10,5,1,5
2018140305872,2,9,0,6,0,0,0,0,0,0,1,1,6,3,-1,-1,-1,-1,-1,-1,-1,-1
2018140305907,1,9,0,18,0,1,0,0,0,0,4,1,1,1,29,6,-1,-1,-1,-1,-1,-1
2018140305907,2,9,0,9,0,1,0,0,0,0,1,1,6,2,57,9,1998,1,14,7,1,7
2018140306042,1,9,0,7,2,0,0,0,0,0,0,1,6,3,-1,-1,-1,-1,-1,-1,-1,-1
2018140306042,2,1,0,18,2,0,5,0,0,0,0,1,6,2,19,4,-1,-1,-1,8,1,8
2018140306047,1,9,0,18,0,1,1,0,0,0,2,1,2,2,50,8,1995,1,9,7,1,7
2018140306047,2,9,0,18,0,1,0,0,0,0,1,1,6,2,58,9,1364,2,5,6,1,6
2018140306047,3,21,0,18,0,1,0,0,0,0,1,1,1,1,33,6,12809,2,1,1,1,1
2018140306083,1,9,0,9,0,8,0,0,0,0,0,1,6,3,-1,-1,-1,-1,-1,-1,-1,-1
2018140306083,2,1,0,18,0,1,1,0,0,0,0,1,5,1,12,3,-1,-1,-1,6,1,6
2018140306083,3,1,0,18,0,1,1,0,0,0,1,1,5,1,42,7,-1,-1,-1,6,1,6
2018140306110,1,9,0,18,0,0,0,0,0,0,2,1,6,1,25,5,1598,2,2,7,1,7
2018140306110,2,9,0,18,0,0,1,0,0,0,1,1,2,1,23,5,1490,1,13,8,1,8
2018140306120,1,97,0,18,0,2,0,0,0,0,1,1,6,3,-1,-1,-1,-1,-1,-1,-1,-1
2018140306120,2,1,0,18,0,8,0,0,0,0,3,1,6,2,17,4,-1,-1,-1,1,1,1
2018140306131,1,9,0,18,0,0,0,0,0,0,2,1,6,1,26,6,1560,2,4,1,1,1
2018140306131,2,21,0,18,0,0,0,0,0,0,1,1,6,1,44,7,12740,2,4,10,2,10
2018140306143,1,11,0,4,0,0,0,0,0,0,0,1,1,1,51,8,4580,2,11,9,1,9
2018140306143,2,9,0,4,0,0,0,0,0,0,0,1,6,3,-1,-1,-1,-1,-1,-1,-1,-1
2018140306291,1,9,0,18,0,0,0,0,1,5,1,1,6,2,42,7,998,1,6,3,2,3
2018140306291,2,9,0,1,0,0,0,0,0,0,2,1,6,3,-1,-1,-1,-1,-1,-1,-1,-1
2018140306292,1,1,0,18,0,0,0,0,0,0,1,1,5,1,16,4,-1,-1,-1,2,1,2
2018140306292,2,9,0,18,0,0,0,0,0,0,1,1,6,2,20,4,1395,1,-1,3,1,3
2018140306295,1,9,0,18,0,0,0,0,0,0,2,1,6,2,19,4,1397,1,9,2,1,2
2018140306295,2,97,0,18,0,0,0,0,0,0,1,1,6,1,22,5,-1,-1,-1,-1,-1,-1
2018140306551,1,9,0,10,0,1,0,0,0,0,2,1,3,2,35,6,1997,2,11,1,1,1
2018140306551,2,9,0,18,0,1,0,0,0,0,1,1,3,2,47,8,1299,1,17,2,1,2
2018140306583,1,19,0,9,0,1,0,0,0,0,1,1,1,1,65,9,2143,2,-1,6,2,6
2018140306583,2,9,0,18,0,1,0,0,0,0,4,1,1,2,22,5,1248,1,-1,5,1,5
2018140306598,1,9,0,17,0,0,0,0,1,0,1,1,6,1,60,9,-1,-1,-1,9,1,9
2018140306636,1,9,0,18,0,0,0,0,0,0,1,1,5,2,65,9,1798,8,-1,10,1,10
2018140306641,1,8,0,18,0,0,0,0,0,0,4,1,6,3,-1,-1,-1,-1,-1,-1,-1,-1
2018140306653,1,9,0,9,0,8,0,0,0,0,2,1,6,1,57,9,1560,2,3,6,1,6
2018140306653,2,1,0,18,0,1,0,0,0,0,1,1,6,1,24,5,-1,-1,-1,1,1,1
2018140306671,1,9,0,18,0,0,0,0,0,0,1,1,2,2,66,10,1299,1,20,1,1,1
2018140306671,2,1,0,18,0,0,0,0,0,0,2,1,6,1,41,7,-1,-1,-1,7,1,7
2018140306676,1,9,0,9,0,1,0,0,0,0,1,1,6,1,75,10,1560,2,3,3,1,3
2018140306676,2,9,0,18,0,1,0,0,0,0,1,1,6,2,25,5,2143,2,3,1,1,1
2018140306689,1,19,0,9,0,0,0,0,0,0,1,1,1,1,41,7,8710,2,4,6,1,6
2018140306689,2,9,0,18,0,0,0,0,0,0,4,1,2,2,45,7,1229,1,9,1,1,1
2018140306709,1,9,0,9,0,8,0,0,0,0,1,1,5,2,33,6,1598,1,12,9,1,9
2018140306709,2,1,0,18,0,8,0,0,0,0,1,1,6,1,39,7,-1,-1,-1,10,1,10
2018140306811,1,9,0,4,0,0,0,0,0,0,2,1,2,2,35,6,2496,1,15,1,2,1
2018140306811,2,9,0,18,0,0,0,0,0,0,1,1,6,1,30,6,1753,2,11,4,2,4
2018140306845,1,9,0,9,0,8,0,0,0,0,1,1,5,2,27,6,1596,1,13,3,2,3
2018140306845,2,5,0,18,0,1,1,0,0,0,3,1,5,1,60,9,1250,1,11,9,2,9
2018140306869,1,9,0,18,0,1,0,0,0,0,4,1,1,3,26,6,1995,2,13,-1,-1,-1
2018140306877,1,9,0,18,0,2,0,0,0,0,4,1,6,2,38,7,2143,2,2,3,1,3
2018140306892,1,9,0,18,0,0,0,0,1,0,1,1,2,2,29,6,1360,1,14,7,1,7
2018140306892,2,9,0,18,0,0,0,0,0,0,1,1,5,1,20,4,2261,1,11,4,1,4
2018140306910,1,9,0,18,0,1,0,0,0,0,1,1,5,1,68,10,2401,2,12,3,3,3
2018140306910,2,9,0,18,0,8,0,0,0,0,1,1,5,2,33,6,1360,1,10,2,2,2
2018140306925,1,3,0,17,0,0,0,0,0,0,1,1,5,1,18,4,98,1,31,1,1,1
2018140306925,2,9,0,17,0,0,0,0,0,0,2,1,5,1,25,5,1332,1,19,1,1,1
2018140306988,1,9,0,9,0,8,0,0,0,0,1,1,5,3,-1,-1,1395,1,2,-1,-1,-1
2018140306988,2,1,0,16,0,1,0,0,0,0,3,1,5,1,59,9,-1,-1,-1,6,1,6
2018140307002,1,9,0,3,0,1,0,0,0,0,2,1,6,1,23,5,1360,1,12,9,2,9
2018140307002,2,20,0,18,0,1,0,0,0,0,1,1,1,1,58,9,5880,2,18,3,1,3
2018140307037,1,9,0,18,0,0,1,0,1,0,2,1,5,2,19,4,998,1,9,8,1,8
2018140307057,1,3,0,16,0,0,0,0,0,0,1,1,6,1,21,5,124,1,2,2,1,2
2018140307057,2,9,0,17,0,0,0,0,0,0,1,1,6,1,18,4,1997,2,13,1,1,1
2018140307060,1,9,0,18,0,8,0,0,0,0,1,1,5,2,61,9,1598,2,2,8,1,8
2018140307060,2,9,0,18,0,1,0,0,0,0,1,1,6,1,29,6,1598,1,11,2,1,2
2018140307072,1,9,0,18,0,0,0,0,0,0,1,1,6,1,-1,-1,1988,1,16,-1,-1,-1
2018140307072,2,21,0,2,0,0,0,0,0,0,2,1,6,1,28,6,-1,-1,-1,-1,-1,-1
2018140307088,1,9,0,18,0,0,0,0,7,11,3,1,5,1,49,8,1399,2,16,5,1,5
2018140307116,1,9,0,18,0,8,0,0,0,0,1,1,5,2,20,4,998,1,15,2,1,2
2018140307116,2,8,0,9,0,8,0,0,0,0,4,1,1,1,32,6,1997,2,9,1,1,1
2018140307364,1,9,0,18,0,1,1,0,0,0,1,1,5,1,36,7,1968,2,12,7,1,7
2018140307364,2,9,0,18,0,6,0,0,0,0,3,1,5,1,55,8,-1,-1,-1,5,3,5
2018140307419,1,9,0,18,0,0,0,0,0,0,2,1,6,2,21,5,1461,2,5,6,1,6
2018140307419,2,9,0,14,0,0,0,0,0,0,4,1,6,1,21,5,1200,1,1,2,1,2
2018140307463,1,9,0,2,0,1,0,0,0,0,2,1,6,3,-1,-1,-1,-1,-1,-1,-1,-1
2018140307463,2,1,0,18,0,1,0,4,0,0,1,1,6,1,52,8,-1,-1,-1,6,1,6
2018140307474,1,9,0,9,0,8,0,0,0,0,1,1,2,2,25,5,1242,1,8,7,1,7
2018140307474,2,1,0,18,0,8,0,0,0,0,1,1,6,1,48,8,-1,-1,-1,7,1,7
2018140307488,1,9,0,4,0,0,0,0,0,0,0,1,1,1,33,6,-1,-1,-1,1,1,1
2018140307488,2,9,0,4,0,0,0,0,0,0,2,1,2,1,33,6,1200,1,1,9,3,9
2018140307488,3,9,0,18,0,0,0,0,0,0,1,1,2,1,27,6,1299,1,12,2,1,2
2018140307505,1,9,0,11,0,0,0,0,0,0,0,1,6,2,41,7,1422,2,10,4,1,4
2018140307505,2,9,0,18,0,0,0,0,0,0,2,1,2,2,28,6,999,1,4,7,1,7
2018140307505,3,19,0,18,0,0,0,0,0,0,2,1,1,1,30,6,2143,2,1,8,2,8
2018140307505,4,98,0,18,0,0,0,0,0,0,4,1,1,1,46,8,-1,-1,-1,3,1,3
2018140307529,1,9,0,18,0,8,0,0,0,0,3,1,1,2,61,9,1597,2,3,4,1,4
2018140307529,2,21,4,11,0,8,0,0,0,0,1,1,5,1,53,8,10837,2,1,1,1,1
2018140307551,1,9,0,9,0,8,0,0,0,0,3,1,2,1,45,7,1968,2,4,8,1,8
2018140307551,2,1,0,18,0,1,5,0,0,0,0,1,6,1,52,8,-1,-1,-1,4,1,4
2018140307565,1,98,1,18,0,4,0,0,0,0,1,1,1,1,53,8,-1,-1,-1,5,1,5
2018140307565,2,9,0,18,0,3,5,0,3,0,2,1,2,2,29,6,1753,2,11,5,3,5
2018140307707,1,2,0,18,0,8,0,0,0,0,4,1,5,2,47,8,50,1,3,2,1,2
2018140307707,2,9,0,18,0,4,0,0,0,0,1,1,2,2,40,7,1364,1,11,1,1,1
2018140307721,1,9,0,18,0,0,0,0,0,0,3,1,5,1,29,6,2461,2,19,6,2,6
2018140307721,2,9,0,18,0,0,0,0,0,0,4,1,5,1,28,6,1493,2,11,5,1,5
2018140307733,1,9,0,16,0,0,0,0,0,0,1,1,5,1,23,5,1197,1,1,7,1,7
2018140307733,2,19,0,17,0,0,0,0,0,0,3,1,5,1,38,7,2198,2,3,7,1,7
2018140307739,1,19,0,7,0,2,0,0,0,0,4,1,2,1,28,6,2402,2,16,7,1,7
2018140307746,1,9,0,18,0,0,0,0,1,0,0,1,2,2,57,9,1968,2,9,6,2,6
2018140307746,2,9,0,13,0,0,0,0,0,0,0,1,6,3,-1,-1,-1,-1,-1,-1,-1,-1
2018140307759,1,5,0,18,9,0,1,0,2,11,1,1,6,1,31,6,998,1,10,3,1,3
2018140307759,2,9,0,7,0,0,0,0,0,0,0,1,6,2,41,7,1796,1,14,1,1,1
2018140307767,1,9,0,16,0,8,0,0,0,0,3,1,6,1,46,8,1968,2,6,2,1,2
2018140307767,2,1,0,18,0,8,0,0,0,0,1,1,6,1,19,4,-1,-1,-1,2,1,2
2018140307773,1,5,0,18,0,0,0,0,0,0,2,1,6,1,53,8,996,1,17,8,1,8
2018140307773,2,19,0,18,0,0,0,0,0,0,1,1,6,3,-1,-1,2148,2,10,-1,-1,-1
2018140307792,1,9,0,4,0,0,0,0,0,0,4,1,5,2,34,6,998,1,-1,5,1,5
2018140307814,1,4,0,17,0,0,0,0,1,11,1,1,5,1,26,6,176,1,16,4,1,4
2018140307828,1,9,0,18,0,0,0,10,7,9,1,1,6,2,44,7,-1,-1,-1,2,1,2
2018140307846,1,9,0,4,0,2,0,0,0,0,2,1,5,2,32,6,1560,2,11,1,1,1
2018140307846,2,9,0,4,0,2,0,0,0,0,1,1,5,2,46,8,1598,1,11,5,1,5
2018140307885,1,3,0,18,0,1,0,0,0,0,3,1,5,1,22,5,124,1,2,2,1,2
2018140307885,2,9,0,18,0,1,0,0,0,0,4,1,5,3,-1,-1,1998,2,13,-1,-1,-1
2018140307900,1,9,0,18,0,3,0,0,0,0,3,1,2,1,35,6,1968,2,5,3,-1,3
2018140307900,2,5,0,18,0,3,1,0,0,0,1,1,6,1,23,5,649,1,10,2,1,2
2018140307900,3,21,0,3,0,4,0,0,0,0,1,1,6,1,43,7,-1,-1,-1,-1,-1,-1
2018140307914,1,9,0,5,0,4,0,0,0,0,2,1,5,2,61,9,999,1,-1,2,1,2
2018140307914,2,9,0,5,0,4,0,0,0,0,1,1,5,2,31,6,1968,2,11,2,1,2
2018140307924,1,9,0,9,0,2,0,0,0,0,1,1,6,1,-1,-1,1397,1,11,-1,-1,-1
2018140307924,2,9,0,18,0,1,0,0,0,0,1,1,5,1,18,4,1198,1,13,3,3,3
2018140307933,1,9,0,9,0,8,0,0,0,0,1,1,5,1,20,4,1364,1,10,5,1,5
2018140307933,2,1,0,18,0,1,0,0,0,0,1,1,5,1,23,5,-1,-1,-1,1,1,1
2018140307937,1,9,0,9,0,0,0,0,0,0,1,1,4,2,18,4,-1,-1,-1,6,1,6
2018140307937,2,1,0,18,9,0,0,0,0,0,1,1,6,1,78,11,-1,-1,-1,10,1,10
2018140307943,1,9,0,17,0,0,1,0,0,0,1,1,5,1,21,5,1896,2,13,1,1,1
2018140307943,2,9,0,16,0,0,0,0,0,0,1,1,5,1,72,10,1399,1,1,3,1,3
2018140307950,1,3,0,18,0,0,2,0,0,0,3,1,6,1,18,4,124,1,6,1,1,1
2018140307950,2,9,0,18,0,0,0,0,0,0,0,1,1,1,40,7,2993,2,1,-1,-1,-1
2018140308051,1,9,0,18,0,1,0,0,0,0,3,1,5,1,38,7,1984,1,10,6,1,6
2018140308051,2,19,0,5,0,6,0,0,0,0,1,1,1,1,40,7,1399,2,7,-1,-1,-1
2018140308059,1,11,0,9,0,6,0,0,0,0,4,1,1,1,31,6,4461,2,5,2,1,2
2018140308059,2,9,0,7,0,2,0,0,0,0,3,1,6,2,33,6,2143,2,3,2,-1,2
2018140308083,1,9,0,18,0,0,0,0,0,0,1,1,1,2,-1,-1,-1,-1,-1,-1,-1,-1
2018140308083,2,1,0,18,0,0,0,0,0,0,1,1,4,2,10,2,-1,-1,-1,1,1,1
2018140308100,1,2,0,18,0,1,0,0,0,0,1,1,5,1,16,4,49,1,-1,8,1,8
2018140308100,2,9,0,9,0,8,0,0,0,0,3,1,6,2,-1,-1,998,1,9,10,2,10
2018140308105,1,9,0,18,0,2,0,0,0,0,3,1,6,2,22,5,1149,1,10,2,1,2
2018140308105,2,9,0,17,0,6,0,0,0,0,1,1,6,1,52,8,1397,1,8,2,1,2
2018140308125,1,11,0,18,0,1,1,0,0,0,0,1,1,1,54,8,9000,2,15,2,1,2
2018140308125,2,9,0,7,0,8,0,0,0,0,0,1,6,3,-1,-1,1596,1,13,-1,-1,-1
2018140308174,1,9,0,18,0,1,0,0,0,0,3,1,1,2,30,6,1753,2,11,3,1,3
2018140308201,1,9,0,18,0,1,0,0,0,0,1,1,6,3,-1,-1,-1,-1,-1,-1,-1,-1
2018140308201,2,1,0,18,0,4,0,0,0,0,4,1,6,1,52,8,-1,-1,-1,5,1,5
2018140308428,1,9,0,18,0,0,0,0,0,0,1,1,5,2,29,6,1598,1,17,2,1,2
2018140308428,2,1,0,18,0,0,0,0,0,0,1,1,5,1,10,2,-1,-1,-1,2,1,2
2018140308485,1,9,0,2,0,1,0,0,0,0,1,1,5,1,33,6,-1,-1,-1,2,1,2
2018140308485,2,9,0,1,0,1,0,0,0,0,2,1,5,3,-1,-1,-1,-1,-1,-1,-1,-1
2018140308500,1,9,0,18,0,2,0,0,0,0,1,1,5,2,45,7,1998,2,3,9,2,9
2018140308585,1,9,0,10,0,8,0,0,0,0,2,1,5,2,63,9,-1,-1,-1,4,2,4
2018140308585,2,9,0,18,0,8,0,0,0,0,1,1,5,1,18,4,1390,1,13,5,1,5
2018140308600,1,97,0,18,0,1,0,0,0,0,1,1,6,3,-1,-1,-1,-1,-1,-1,-1,-1
2018140308608,1,9,0,18,0,0,1,0,0,0,1,1,5,1,26,6,1560,2,6,1,1,1
2018140308608,2,9,0,18,0,0,0,0,0,0,1,1,5,2,60,9,1242,1,6,4,1,4
2018140308627,1,9,0,9,0,1,0,0,0,0,1,1,2,1,45,7,1796,1,7,1,1,1
2018140308627,2,9,0,18,0,1,0,0,0,0,1,1,5,2,52,8,1395,1,-1,2,1,2
2018140308656,1,9,0,18,0,0,0,0,0,0,4,1,5,2,42,7,1598,1,9,1,1,1
2018140308663,1,21,0,18,0,0,0,0,0,0,2,1,1,1,23,5,12900,2,6,2,1,2
2018140308663,2,5,0,18,0,0,1,0,0,0,1,1,5,1,31,6,1450,1,15,3,2,3
2018140308677,1,9,0,7,0,8,0,0,0,0,1,1,6,1,27,6,1199,1,15,1,2,1
2018140308677,2,9,0,7,0,8,0,0,0,0,0,1,1,1,52,8,2993,2,4,-1,-1,-1
2018140308677,3,9,0,10,0,1,0,0,0,0,4,1,5,1,45,7,1995,2,15,2,1,2
2018140308694,1,9,0,4,0,0,0,0,0,0,2,1,5,1,31,6,1586,1,10,6,1,6
2018140308694,2,5,0,4,0,0,1,0,0,0,1,1,5,1,58,9,1180,1,24,3,1,3
2018140308704,1,9,0,18,0,8,0,0,0,0,1,1,6,1,38,7,1598,2,5,10,1,10
2018140308704,2,9,0,12,0,8,0,0,0,0,1,1,6,1,-1,-1,505,1,9,1,1,1
2018140308715,1,9,0,9,0,6,0,0,0,0,1,1,6,1,62,9,1560,2,8,5,1,5
2018140308715,2,1,0,9,0,5,0,0,0,0,1,1,6,2,29,6,-1,-1,-1,5,1,5
2018140308725,1,9,0,18,0,0,0,0,0,0,1,1,5,1,81,11,1910,2,10,4,1,4
2018140309031,1,9,0,18,0,0,5,0,8,0,1,1,5,1,54,8,3246,1,15,3,1,3
2018140309058,1,9,0,18,0,2,0,0,0,0,3,1,6,2,36,7,1242,1,8,4,1,4
2018140309058,2,5,0,12,0,1,0,0,0,0,1,1,6,1,44,7,1000,1,4,3,1,3
2018140309086,1,9,0,17,0,0,0,0,0,0,3,1,2,1,65,9,1686,2,14,5,1,5
2018140309178,1,9,0,4,0,1,0,0,0,0,1,1,5,1,42,7,1995,1,9,4,1,4
2018140309178,2,9,0,4,0,1,0,0,0,0,2,1,5,2,45,7,2979,1,7,6,3,6
2018140309202,1,19,0,13,0,0,0,0,5,0,1,1,5,1,23,5,1248,2,13,3,1,3
2018140309202,2,9,0,12,0,0,0,0,0,0,1,1,6,3,-1,-1,-1,-1,-1,-1,-1,-1
2018140309216,1,9,0,9,0,5,0,0,0,0,2,1,5,1,46,8,1461,2,4,10,1,10
2018140309216,2,20,0,18,0,1,0,0,0,0,1,1,5,1,53,8,4250,2,16,3,2,3
2018140309270,1,8,0,18,0,0,0,0,0,0,3,1,6,1,-1,-1,-1,-1,-1,-1,-1,-1
2018140309280,1,3,0,7,0,1,0,0,0,0,2,1,5,2,45,7,125,1,-1,2,1,2
2018140309280,2,3,0,18,0,1,0,0,0,0,1,1,5,1,49,8,123,1,7,2,1,2
2018140309305,1,19,0,18,0,0,0,0,0,0,2,1,1,1,19,4,2287,2,8,4,2,4
2018140309305,2,9,0,18,0,0,1,0,0,0,1,1,6,1,31,6,1896,2,8,2,1,2
2018140309338,1,9,0,5,0,2,0,0,0,0,4,1,5,1,23,5,1998,1,25,7,1,7
2018140309338,2,9,0,18,0,1,0,0,0,0,1,1,1,1,37,7,1360,1,14,2,1,2
2018140309372,1,1,0,10,0,0,0,0,0,0,1,1,6,1,54,8,-1,-1,-1,4,1,4
2018140309372,2,9,0,9,0,0,0,0,0,0,1,1,6,1,30,6,1998,2,5,1,1,1
2018140309400,1,9,0,4,0,0,0,0,0,0,2,1,2,2,57,9,1496,1,3,9,1,9
2018140309400,2,9,0,17,0,0,0,0,0,0,2,1,2,2,54,8,-1,-1,-1,6,3,6
2018140309400,3,9,0,17,0,0,0,0,0,0,1,1,2,1,21,5,1124,1,14,6,1,6
2018140309484,1,4,0,18,0,0,0,0,0,0,1,1,6,3,-1,-1,-1,-1,-1,-1,-1,-1
2018140309612,1,8,0,9,0,0,0,0,0,0,2,1,1,1,53,8,1997,2,11,1,1,1
2018140309612,2,97,0,18,0,0,0,0,0,0,1,1,6,1,18,4,-1,-1,-1,-1,-1,-1
2018140309626,1,9,0,18,0,0,0,0,1,0,3,1,6,2,24,5,1200,1,3,1,1,1
2018140309626,2,21,0,11,0,0,0,0,0,0,4,1,1,1,28,6,12740,2,2,3,1,3
2018140309641,1,9,0,18,0,0,0,0,0,0,4,1,6,2,51,8,-1,-1,-1,2,1,2
2018140309761,1,9,0,3,0,0,0,0,0,0,1,1,5,1,72,10,1599,1,14,1,1,1
2018140309761,2,9,0,18,0,0,0,0,0,0,1,1,6,1,18,4,1995,2,16,2,2,2
2018140309772,1,19,0,5,0,0,0,0,0,0,1,1,5,1,29,6,1686,2,16,2,1,2
2018140309933,1,9,0,18,0,1,5,0,0,0,1,1,1,1,46,8,-1,-1,-1,9,2,9
2018140309933,2,9,0,18,0,1,0,0,0,0,1,1,3,2,42,7,1950,2,2,7,1,7
2018140309990,1,11,0,9,0,8,0,0,0,0,1,1,1,1,45,7,9000,2,12,1,1,1
2018140309990,2,1,0,18,0,1,0,0,0,0,3,1,6,1,43,7,-1,-1,-1,2,1,2
2018140310009,1,9,0,18,0,0,0,0,0,0,3,1,5,2,60,9,1499,2,3,1,1,1
2018140310009,2,9,0,18,0,0,0,0,0,0,1,1,6,3,-1,-1,1596,1,16,-1,-1,-1
2018140310009,3,9,0,18,0,0,0,0,0,0,3,1,6,2,30,6,1999,2,2,7,2,7
2018140310011,1,19,0,2,6,0,0,0,0,0,2,1,1,1,32,6,1560,2,2,4,3,4
2018140310011,2,9,0,18,6,0,0,4,0,0,1,1,6,3,-1,-1,-1,-1,-1,-1,-1,-1
2018140310292,1,1,0,18,0,1,0,0,0,0,4,1,6,1,54,8,-1,-1,-1,5,2,5
2018140310292,2,9,0,18,0,6,0,0,0,0,3,1,6,3,-1,-1,-1,-1,-1,-1,-1,-1
2018140310399,1,9,0,18,0,0,1,0,0,0,1,1,6,1,27,6,1896,2,12,3,1,3
2018140310399,2,9,0,9,0,0,0,0,7,0,3,1,6,1,29,6,1560,2,4,4,1,4
2018140310418,1,9,0,4,0,0,0,0,0,0,1,1,2,1,34,6,1229,1,13,3,1,3
2018140310427,1,8,0,3,0,1,0,0,0,0,2,1,1,1,60,9,1997,2,8,1,1,1
2018140310427,2,9,0,3,0,1,0,4,0,0,2,1,2,1,31,6,1560,2,7,7,1,7
2018140310427,3,19,0,18,0,1,0,0,0,0,1,1,1,1,43,7,1997,2,1,1,1,1
2018140310453,1,9,0,18,0,1,0,0,0,0,1,1,1,2,70,10,1796,1,11,5,1,5
2018140310453,2,9,0,9,0,1,0,0,0,0,1,1,1,1,47,8,1560,2,1,1,1,1
2018140310465,1,9,0,9,0,6,0,0,0,0,3,1,2,1,50,8,1998,2,12,2,1,2
2018140310465,2,5,0,18,0,1,0,0,0,0,1,1,6,1,62,9,1237,1,8,6,3,6
2018140310478,1,1,0,5,0,2,0,0,0,0,1,1,2,1,33,6,-1,-1,-1,3,1,3
2018140310478,2,9,0,7,0,2,0,0,0,0,1,1,6,3,-1,-1,-1,-1,-1,-1,-1,-1
2018140310493,1,9,0,18,0,1,0,0,0,0,1,1,5,2,30,6,-1,-1,-1,2,1,2
2018140310493,2,1,0,18,0,1,0,0,0,0,1,1,6,1,8,2,-1,-1,-1,2,1,2
2018140310518,1,9,0,18,0,0,0,4,0,0,1,1,5,2,64,9,1591,1,-1,3,1,3
2018140310518,2,9,0,2,0,0,0,0,1,0,2,1,6,2,50,8,1590,1,13,2,1,2
2018140310531,1,9,0,9,0,1,0,0,0,0,1,1,2,1,33,6,1598,2,4,-1,-1,-1
2018140310531,2,1,0,18,0,1,0,0,0,0,1,1,6,1,53,8,-1,-1,-1,7,2,7
2018140310575,1,9,0,18,0,0,0,0,0,0,3,1,1,2,27,6,1360,1,12,4,1,4
2018140310575,2,9,0,18,0,0,0,0,0,0,4,1,6,3,-1,-1,-1,-1,-1,-1,-1,-1
2018140310590,1,9,0,4,0,0,0,0,0,0,1,1,2,1,49,8,1998,2,13,1,1,1
2018140310607,1,19,0,18,0,0,0,0,0,0,1,1,6,1,-1,-1,-1,-1,-1,-1,-1,-1
2018140310700,1,9,0,18,0,1,1,0,1,0,1,1,5,2,39,7,1349,1,8,4,1,4
2018140310700,2,19,0,9,0,6,0,0,0,0,1,1,1,1,30,6,2298,2,5,-1,3,-1
2018140310742,1,9,0,5,0,0,0,0,0,0,3,1,5,2,29,6,1994,1,13,2,1,2
2018140310742,2,3,0,18,0,0,0,0,0,0,1,1,5,1,18,4,125,1,3,1,1,1
2018140310763,1,9,0,1,0,0,0,0,0,0,2,1,6,1,33,6,-1,-1,-1,7,1,7
2018140310765,1,9,0,18,0,0,0,0,0,0,3,1,5,2,38,7,1364,1,8,1,1,1
2018140310765,2,21,1,18,0,0,0,0,0,0,3,1,1,1,51,8,12740,2,4,5,2,5
2018140310765,3,21,0,18,0,0,0,0,0,0,1,1,1,1,47,8,4500,2,2,2,1,2
2018140310804,1,9,0,18,0,8,0,0,0,0,3,1,2,2,23,5,1242,1,4,5,1,5
2018140310833,1,9,0,3,0,8,0,0,0,0,4,1,5,2,22,5,1598,1,12,1,1,1
2018140310833,2,9,0,18,0,8,0,0,0,0,1,1,5,3,-1,-1,1798,8,-1,-1,-1,-1
2018140310864,1,11,0,18,0,4,0,0,0,0,0,1,1,1,56,9,6700,2,2,4,1,4
2018140310898,1,3,0,18,0,2,1,0,0,0,0,1,2,1,22,5,124,1,11,1,1,1
2018140310898,2,9,0,18,0,2,0,0,0,0,0,1,2,2,48,8,2993,2,2,9,1,9
2018140310906,1,9,0,18,0,2,0,0,0,0,1,1,2,2,49,8,1797,8,4,8,1,8
2018140310906,2,1,0,18,0,2,5,0,0,0,1,1,6,1,27,6,-1,-1,-1,9,1,9
2018140311071,1,9,0,18,0,1,0,0,0,0,1,1,6,2,56,9,1397,1,11,2,1,2
2018140311071,2,9,0,18,0,2,0,0,1,0,1,1,6,2,65,9,1390,1,4,4,1,4
2018140311076,1,3,0,18,0,0,0,0,0,0,4,1,2,1,24,5,125,1,2,1,1,1
2018140311076,2,9,0,6,0,0,0,0,0,0,3,1,6,2,57,9,-1,-1,-1,3,1,3
2018140311087,1,9,0,18,0,8,0,0,0,0,4,1,5,2,28,6,1399,2,14,6,2,6
2018140311087,2,9,0,9,0,8,0,0,0,0,1,1,5,2,64,9,1590,1,18,6,1,6
2018140311113,1,9,0,18,0,0,0,10,0,0,1,1,2,2,34,6,1399,1,10,2,1,2