Accident_Index,Vehicle_Reference,Vehicle_Type,Towing_and_Articulation,Vehicle_Manoeuvre,Vehicle_Location-Restricted_Lane,Junction_Location,Skidding_and_Overturning,Hit_Object_in_Carriageway,Vehicle_Leaving_Carriageway,Hit_Object_off_Carriageway,1st_Point_of_Impact,Was_Vehicle_Left_Hand_Drive?,Journey_Purpose_of_Driver,Sex_of_Driver,Age_of_Driver,Age_Band_of_Driver,Engine_Capacity_(CC),Propulsion_Code,Age_of_Vehicle,Driver_IMD_Decile,Driver_Home_Area_Type,Vehicle_IMD_Decile
2018140311119,1,9,0,9,0,5,1,0,7,0,3,1,6,1,64,9,-1,-1,-1,3,1,3
2018140311119,2,9,0,13,0,1,1,0,0,0,1,1,6,1,35,6,2982,2,4,8,1,8
2018140311135,1,8,0,17,0,3,0,0,0,0,2,1,1,1,47,8,1598,2,6,4,1,4
2018140311135,2,2,0,17,0,8,0,0,0,0,1,1,2,1,19,4,125,1,11,2,1,2
2018140311136,1,11,0,18,0,0,0,0,0,0,0,1,1,1,57,9,4500,2,6,7,1,7
2018140311138,1,11,0,18,0,0,0,0,0,0,0,1,1,1,50,8,4250,2,15,3,2,3
2018140311184,1,9,0,9,0,8,0,0,0,0,2,1,6,1,30,6,3799,1,6,6,2,6
2018140311184,2,9,0,4,0,1,0,0,0,0,2,1,3,1,55,8,1364,2,4,3,1,3
2018140311184,3,9,0,4,0,1,0,0,0,0,1,1,6,2,37,7,1968,2,8,1,1,1
2018140311211,1,9,0,7,0,4,0,0,0,0,1,1,1,1,48,8,1997,2,10,1,1,1
2018140311211,2,1,0,7,0,3,0,0,0,0,2,1,2,1,45,7,-1,-1,-1,9,1,9
2018140311417,1,9,0,18,0,0,0,0,0,0,1,1,1,1,47,8,-1,-1,-1,1,1,1
2018140311417,2,9,0,18,0,0,0,0,0,0,2,1,2,1,50,8,1968,2,4,5,2,5
2018140311417,3,9,0,18,0,0,0,0,0,0,2,1,2,1,45,7,1998,8,1,9,1,9
2018140311425,1,9,0,18,0,0,1,0,0,0,1,1,6,2,18,4,1598,1,15,6,3,6
2018140311476,1,9,0,18,0,0,0,0,0,0,0,1,6,3,-1,-1,-1,-1,-1,-1,-1,-1
2018140311489,1,9,0,10,0,1,0,0,0,0,2,1,5,2,33,6,1560,2,4,4,1,4
2018140311489,2,97,0,18,0,1,1,0,1,0,1,1,6,1,27,6,-1,-1,-1,7,2,7
2018140311489,3,19,0,2,0,1,0,0,0,0,2,1,6,1,47,8,1998,2,13,7,2,7
2018140311500,1,9,0,17,0,1,5,0,8,4,1,1,2,1,25,5,1968,2,7,6,1,6
2018140311529,1,3,0,13,0,0,0,0,0,0,1,1,5,1,20,4,124,1,3,3,1,3
2018140311529,2,9,0,16,0,0,0,0,0,0,1,1,5,1,26,6,1560,2,5,6,2,6
2018140311539,1,9,0,18,0,8,0,0,0,0,3,1,6,1,31,6,1795,8,7,1,1,1
2018140311714,1,9,0,18,0,8,1,0,1,0,1,1,5,1,18,4,1390,1,16,2,1,2
2018140311714,2,9,0,18,0,1,0,0,0,0,0,1,1,1,34,6,1560,2,2,-1,-1,-1
2018140311724,1,8,0,3,0,4,0,0,0,0,2,1,1,1,27,6,1796,1,7,8,1,8
2018140311724,2,9,0,5,0,4,0,0,0,0,1,1,2,1,41,7,2993,2,12,7,1,7
2018140311740,1,9,0,18,0,8,0,0,0,0,3,1,5,1,45,7,1199,1,17,1,1,1
2018140311740,2,8,0,18,0,1,0,0,0,0,1,1,1,1,47,8,1997,2,7,1,1,1
2018140311754,1,21,0,11,0,0,0,0,0,0,1,1,1,1,67,10,11120,2,1,1,1,1
2018140311754,2,9,0,18,0,0,1,0,0,0,3,1,6,2,31,6,1598,2,1,7,1,7
2018140311820,1,9,0,18,0,0,0,0,0,0,0,1,3,1,36,7,2993,2,12,1,1,1
2018140312345,1,9,0,7,0,0,0,0,1,0,1,1,6,1,20,4,1461,2,-1,2,1,2
2018140312387,1,9,0,18,0,0,1,0,1,0,1,1,6,1,27,6,1951,2,12,4,1,4
2018140312399,1,21,0,18,0,0,0,0,0,0,4,1,1,1,49,8,-1,-1,-1,-1,-1,-1
2018140312399,2,1,0,18,9,0,0,0,0,0,4,1,6,1,11,3,-1,-1,-1,3,1,3
2018140312414,1,1,0,18,0,0,0,0,0,0,3,1,2,1,29,6,-1,-1,-1,5,1,5
2018140312414,2,19,0,16,0,0,0,0,0,0,1,1,6,3,-1,-1,-1,-1,-1,-1,-1,-1
2018140312531,1,9,0,18,0,0,0,0,0,0,1,1,6,2,49,8,1998,2,3,10,1,10
2018140312579,1,11,0,3,0,0,0,0,0,0,0,1,1,1,71,10,9000,2,13,6,1,6
2018140312640,1,9,0,7,0,3,0,7,0,0,1,1,2,1,47,8,2720,2,13,5,1,5
2018140312640,2,1,0,18,0,3,0,0,0,0,1,1,2,1,36,7,-1,-1,-1,10,1,10
2018140312653,1,9,0,18,0,0,0,0,0,0,3,1,5,1,47,8,1497,8,1,1,1,1
2018140312665,1,19,0,18,0,0,5,0,0,0,1,1,5,1,80,11,1870,2,13,3,1,3
2018140312667,1,9,0,10,0,8,0,0,0,0,3,1,5,1,50,8,1364,2,9,3,2,3
2018140312667,2,1,0,18,0,8,0,0,0,0,1,1,6,1,24,5,-1,-1,-1,8,1,8
2018140312680,1,9,0,7,0,4,0,0,0,0,1,1,3,2,37,7,1242,1,16,6,1,6
2018140312680,2,9,0,5,0,4,0,0,0,0,1,1,2,2,66,10,1329,1,6,7,1,7
2018140312705,1,9,0,9,0,6,0,0,0,0,0,1,6,3,-1,-1,-1,-1,-1,-1,-1,-1
2018140312705,2,3,0,15,0,2,1,7,0,0,1,1,5,1,33,6,599,1,15,1,2,1
2018140312705,3,9,0,5,0,2,0,0,0,0,0,1,3,2,27,6,998,1,2,2,1,2
2018140312739,1,9,0,18,0,0,0,0,0,0,1,1,5,2,66,10,1422,2,9,6,2,6
2018140312763,1,1,0,18,4,0,2,10,1,0,0,1,2,1,37,7,-1,-1,-1,5,1,5
2018140312763,2,19,0,5,0,0,0,0,0,0,0,1,6,3,-1,-1,2143,2,6,-1,-1,-1
2018140312768,1,9,0,18,0,0,0,0,0,0,1,1,6,3,-1,-1,-1,-1,-1,-1,-1,-1
2018140312787,1,9,0,18,0,0,0,0,0,0,1,1,1,1,51,8,1798,1,10,6,1,6
2018140312800,1,9,0,18,0,0,0,0,0,0,1,1,5,2,51,8,1242,1,1,1,2,1
2018140312850,1,9,0,17,0,1,2,0,0,0,4,1,5,2,36,7,999,1,3,10,1,10
2018140312850,2,19,0,9,0,1,0,0,0,0,1,1,1,1,25,5,2198,2,6,2,1,2
2018140313081,1,9,0,8,0,6,0,0,0,0,2,1,6,2,39,7,1390,1,4,3,1,3
2018140313081,2,9,0,18,0,6,0,0,0,0,1,1,6,1,-1,-1,1229,1,13,-1,-1,-1
2018140313089,1,9,0,4,0,0,0,0,0,0,2,1,5,2,45,7,-1,-1,-1,8,1,8
2018140313089,2,98,0,18,0,0,0,0,0,0,1,1,6,3,-1,-1,-1,-1,-1,-1,-1,-1
2018140313158,1,11,0,18,0,3,0,0,0,0,0,1,1,1,43,7,6871,2,10,3,1,3
2018140313184,1,98,1,18,0,0,1,0,0,0,1,1,1,1,40,7,-1,-1,-1,-1,-1,-1
2018140313184,2,98,0,4,0,0,0,0,0,0,2,1,1,1,51,8,-1,-1,-1,4,1,4
2018140313184,3,9,0,18,0,0,0,0,0,0,2,1,6,1,60,9,1590,1,15,9,1,9
2018140313184,4,9,0,4,0,0,0,0,0,0,2,1,2,1,24,5,1995,2,15,1,1,1
2018140313232,1,9,0,9,0,8,0,0,0,0,1,1,5,1,72,10,-1,-1,-1,4,3,4
2018140313236,1,9,0,18,0,0,0,4,0,0,4,1,5,1,88,11,1197,1,5,9,1,9
2018140313236,2,9,0,2,0,0,0,0,0,0,3,1,6,3,-1,-1,1598,2,5,-1,-1,-1
2018140313236,3,9,0,2,0,0,0,0,0,0,1,1,6,3,-1,-1,1968,2,4,-1,-1,-1
2018140313379,1,9,0,9,0,8,0,0,0,0,1,1,6,3,35,6,1896,2,10,-1,-1,-1
2018140313379,2,9,0,18,0,1,0,0,0,0,0,1,1,1,33,6,2993,2,1,-1,-1,-1
2018140313379,3,9,0,18,0,1,0,0,0,0,1,1,5,1,35,6,1968,2,2,10,1,10
2018140313389,1,9,0,18,0,0,0,0,0,0,4,1,5,2,54,8,1995,2,7,2,1,2
2018140313412,1,9,0,18,0,2,0,0,2,0,2,1,5,1,26,6,1753,2,15,2,1,2
2018140313412,2,9,0,18,0,2,0,0,0,0,1,1,6,3,-1,-1,-1,-1,-1,-1,-1,-1
2018140313420,1,9,0,18,0,0,0,0,0,0,2,1,5,1,64,9,1560,2,3,4,1,4
2018140313420,2,9,0,18,0,0,0,0,0,0,1,1,1,1,47,8,1995,2,8,7,1,7
2018140313420,3,9,0,18,0,0,0,0,0,0,1,1,5,1,58,9,1461,2,1,9,1,9
2018140313420,4,9,0,18,0,0,0,0,0,0,1,1,5,1,32,6,-1,-1,-1,4,1,4
2018140313457,1,9,0,18,0,2,2,7,7,0,1,1,5,1,29,6,1995,2,10,10,1,10
2018140313457,2,9,0,2,0,2,0,0,0,0,1,1,6,3,-1,-1,-1,-1,-1,-1,-1,-1
2018140313457,3,9,0,2,0,2,0,0,0,0,3,1,6,3,-1,-1,-1,-1,-1,-1,-1,-1
2018140313723,1,9,0,18,0,8,0,0,0,0,1,1,5,2,33,6,1995,2,-1,9,2,9
2018140313723,2,9,0,18,0,6,0,0,0,0,1,1,6,2,60,9,2993,2,1,-1,3,-1
2018140313871,1,1,0,18,4,0,0,0,0,0,2,1,6,1,64,9,-1,-1,-1,5,1,5
2018140313871,2,9,0,7,0,0,0,0,0,0,4,1,6,2,50,8,1798,1,10,8,1,8
2018140314240,1,8,0,1,0,0,0,0,0,0,2,1,1,2,30,6,1995,2,1,2,1,2
2018140314253,1,9,0,1,9,6,0,0,0,0,2,1,5,1,71,10,1995,2,14,2,1,2
2018140314272,1,9,0,18,0,0,0,0,0,0,0,1,6,3,-1,-1,-1,-1,-1,-1,-1,-1
2018140314272,2,1,0,18,0,0,0,0,0,0,0,1,6,1,60,9,-1,-1,-1,4,1,4
2018140314363,1,9,0,11,0,0,0,0,0,0,4,1,1,1,36,7,2993,2,3,1,1,1
2018140314372,1,9,0,16,9,3,0,0,3,0,1,1,5,1,33,6,1995,2,11,5,1,5
2018140314379,1,9,0,18,0,2,0,0,0,0,4,1,5,1,70,10,-1,-1,-1,1,1,1
2018140314385,1,9,0,18,0,1,0,0,0,0,3,1,5,2,19,4,1242,1,11,4,1,4
2018140314385,2,9,0,18,0,1,0,0,0,0,1,1,6,1,19,4,1388,1,10,4,1,4
2018140314439,1,9,0,18,0,0,0,0,7,11,1,1,5,1,68,10,1999,1,8,8,1,8
2018140314449,1,9,0,4,0,1,0,0,0,0,1,1,3,2,36,7,2993,2,4,5,1,5
2018140314455,1,9,0,18,0,8,0,0,0,0,4,1,5,2,31,6,1791,8,7,1,1,1
2018140314455,2,1,0,18,0,1,0,0,0,0,1,1,5,1,12,3,-1,-1,-1,3,1,3
2018140314468,1,9,0,18,0,0,0,0,0,0,1,1,6,3,-1,-1,-1,-1,-1,-1,-1,-1
2018140314486,1,9,0,18,0,0,0,0,0,0,4,1,6,3,-1,-1,2179,2,8,-1,-1,-1
2018140314493,1,3,0,18,0,0,0,0,0,0,1,1,5,1,21,5,125,1,-1,8,1,8
2018140314523,1,9,0,4,0,0,0,0,0,0,2,1,2,2,58,9,1598,2,8,1,1,1
2018140314523,2,19,0,18,0,0,0,0,0,0,1,1,1,1,26,6,1995,2,1,1,1,1
2018140314530,1,9,0,1,0,1,0,0,0,0,2,1,5,1,15,3,1582,2,8,2,1,2
2018140314550,1,9,0,18,0,8,0,0,1,0,1,1,5,1,53,8,1968,2,2,2,1,2
2018140314561,1,9,0,18,0,1,0,0,0,0,1,1,1,1,43,7,1560,2,7,7,2,7
2018140314577,1,9,0,7,0,1,0,0,0,0,1,1,1,1,46,8,-1,-1,-1,4,1,4
2018140314577,2,1,0,18,0,1,0,0,0,0,1,1,6,1,21,5,-1,-1,-1,3,1,3
2018140314584,1,9,0,9,0,8,0,0,0,0,2,1,5,1,40,7,1560,2,11,4,1,4
2018140314584,2,-1,0,18,0,1,0,0,0,0,1,1,6,3,-1,-1,-1,-1,-1,-1,-1,-1
2018140314591,1,9,0,9,0,2,0,0,0,0,4,1,6,2,49,8,1329,1,5,2,1,2
2018140314591,2,9,0,18,0,8,0,0,0,0,1,1,6,1,25,5,1229,1,8,5,1,5
2018140314598,1,9,0,9,0,8,0,0,0,0,1,1,5,1,81,11,1598,1,3,9,1,9
2018140314598,2,5,0,18,0,8,0,0,0,0,1,1,5,1,55,8,782,1,15,6,1,6
2018140314623,1,9,0,10,0,6,0,0,0,0,2,1,5,1,24,5,1968,2,9,2,1,2
2018140314623,2,3,0,18,0,1,2,0,1,0,1,1,5,1,22,5,125,1,5,2,1,2
2018140314630,1,9,0,5,0,6,0,0,0,0,1,1,5,2,27,6,1968,2,3,1,1,1
2018140314630,2,9,0,18,0,1,0,0,0,0,1,1,5,1,32,6,2148,2,13,1,1,1
2018140314636,1,8,0,18,0,0,0,0,0,0,2,1,1,1,39,7,1968,2,6,1,1,1
2018140314636,2,98,0,18,0,0,0,0,0,0,1,1,6,1,40,7,-1,-1,-1,-1,-1,-1
2018140314652,1,9,0,18,9,0,0,10,1,4,1,1,6,1,78,11,-1,-1,-1,3,1,3
2018140314679,1,9,0,4,0,1,0,0,0,0,2,1,5,1,40,7,1797,8,8,1,1,1
2018140314679,2,9,0,18,0,1,0,0,0,0,1,1,6,3,-1,-1,1896,2,11,-1,-1,-1
2018140314702,1,9,0,9,0,8,0,0,0,0,1,1,6,1,47,8,1896,2,9,1,1,1
2018140314702,2,9,0,18,0,8,0,0,0,0,3,1,6,2,32,6,1910,2,13,1,1,1
2018140314709,1,9,0,18,0,3,0,0,0,0,3,1,6,1,23,5,1796,1,6,3,1,3
2018140314709,2,9,0,11,0,3,0,0,0,0,1,1,6,1,45,7,1395,1,-1,3,1,3
2018140314866,1,9,0,18,0,0,0,0,0,0,1,1,6,2,52,8,1968,2,4,3,1,3
2018140314866,2,9,0,18,0,0,0,0,0,0,1,1,6,2,29,6,1598,1,-1,1,1,1
2018140314883,1,9,0,18,0,1,0,0,0,0,1,1,6,1,-1,-1,1598,2,1,-1,-1,-1
2018140314883,2,9,0,18,0,1,1,4,0,0,1,1,2,2,51,8,1753,2,16,1,1,1
2018140314883,3,9,0,2,0,1,0,0,1,0,4,1,6,1,39,7,1968,2,11,1,1,1
2018140314893,1,9,0,18,0,0,0,0,0,0,4,1,5,1,66,10,1997,2,6,2,1,2
2018140314914,1,9,0,17,0,0,5,0,1,11,1,1,5,1,17,4,1685,2,4,4,1,4
2018140314929,1,9,0,16,0,2,0,0,0,0,3,1,5,2,40,7,1968,2,4,5,3,5
2018140314929,2,9,0,17,0,1,0,0,0,0,3,1,5,1,42,7,1229,1,10,1,1,1
2018140314941,1,9,0,18,0,0,0,0,1,11,1,1,5,1,29,6,-1,-1,-1,10,1,10
2018140314957,1,9,0,16,9,3,5,10,7,11,1,1,6,1,22,5,1299,1,16,1,1,1
2018140314980,1,11,0,4,0,0,0,0,0,0,1,1,5,1,63,9,7300,2,15,4,1,4
2018140314986,1,4,0,18,0,1,0,4,0,0,4,1,6,1,17,4,244,1,9,1,1,1
2018140314986,2,9,0,2,0,2,0,0,0,0,4,1,6,3,-1,-1,1598,1,11,-1,-1,-1
2018140315015,1,9,0,18,0,0,0,0,0,0,1,1,5,1,33,6,-1,-1,-1,1,1,1
2018140315015,2,9,0,2,0,0,0,0,0,0,2,1,6,3,-1,-1,2993,2,15,-1,-1,-1
2018140315237,1,97,0,15,0,0,0,0,0,0,3,1,5,1,18,4,-1,-1,-1,2,1,2
2018140315237,2,9,0,18,0,0,0,0,0,0,4,1,1,1,51,8,2993,2,4,1,1,1
2018140315288,1,9,0,18,0,1,0,0,0,0,1,1,5,1,29,6,1910,2,11,1,1,1
2018140315434,1,9,0,17,0,2,0,0,0,0,1,1,2,1,61,9,-1,-1,-1,9,1,9
2018140315434,2,9,0,9,0,1,0,0,0,0,1,1,2,1,62,9,1242,1,1,6,1,6
2018140315452,1,9,0,9,0,1,0,0,0,0,1,1,1,1,52,8,1499,2,2,6,3,6
2018140315452,2,1,0,18,0,1,0,0,0,0,1,1,6,1,53,8,-1,-1,-1,4,1,4
2018140315460,1,9,0,1,0,0,0,0,0,0,2,1,5,1,23,5,1998,2,9,-1,-1,-1
2018140315613,1,9,0,16,0,6,0,0,0,0,3,1,6,2,59,9,-1,-1,-1,1,1,1
2018140315613,2,9,0,18,0,5,0,0,0,0,1,1,6,2,-1,-1,1390,1,4,-1,-1,-1
2018140315624,1,1,0,18,0,0,5,0,0,0,1,1,5,1,27,6,-1,-1,-1,3,1,3
2018140315624,2,9,0,9,0,0,0,0,0,0,4,1,6,1,31,6,1968,2,-1,5,1,5
2018140315670,1,11,0,18,0,8,0,0,0,0,0,1,1,1,51,8,4461,2,4,4,1,4
2018140315739,1,9,0,18,0,0,0,0,0,0,1,1,6,1,64,9,2495,2,29,6,3,6
2018140315739,2,9,0,18,0,0,0,0,0,0,2,1,6,2,53,8,1560,2,4,7,1,7
2018140315754,1,9,0,18,0,0,0,0,0,0,2,1,2,1,30,6,2143,2,2,8,1,8
2018140315754,2,9,0,18,0,0,0,0,0,0,1,1,1,1,64,9,-1,-1,-1,7,2,7
2018140315770,1,9,0,18,0,8,0,0,0,0,4,1,5,2,17,4,-1,-1,-1,4,1,4
2018140315770,2,1,0,18,0,8,0,0,0,0,1,1,6,1,6,2,-1,-1,-1,4,1,4
2018140316167,1,-1,0,18,0,1,0,0,0,0,1,1,6,3,-1,-1,-1,-1,-1,-1,-1,-1
2018140316180,1,8,0,18,0,2,0,0,0,0,1,1,1,1,58,9,1686,2,5,2,1,2
2018140316180,2,9,0,18,0,1,0,0,0,0,1,1,5,1,45,7,1229,1,10,1,1,1
2018140316185,1,3,0,18,0,0,0,0,0,0,0,1,2,1,19,4,124,1,7,2,1,2
2018140316185,2,19,0,18,0,0,0,0,0,0,0,1,2,1,32,6,1598,2,2,8,1,8
2018140316212,1,9,0,18,0,2,5,0,0,0,3,1,5,1,40,7,2231,2,5,9,1,9
2018140316212,2,9,0,14,0,1,0,0,0,0,1,1,6,1,44,7,-1,-1,-1,2,1,2
2018140316212,3,9,0,4,0,1,0,0,0,0,0,1,5,2,33,6,1198,1,2,3,1,3
2018140316244,1,9,0,2,0,0,0,0,0,0,2,1,6,3,-1,-1,-1,-1,-1,-1,-1,-1
2018140316244,2,9,0,18,0,0,0,0,0,0,1,1,5,1,64,9,1150,1,11,1,1,1
2018140316482,1,9,0,4,0,0,0,0,0,0,2,1,5,2,27,6,1896,2,13,3,1,3
2018140316482,2,9,0,18,0,0,0,0,0,0,1,1,5,1,85,11,-1,-1,-1,5,3,5
2018140316482,3,9,0,18,0,0,0,0,0,0,1,1,2,2,24,5,2993,2,9,9,1,9
2018140316505,1,9,0,9,0,5,0,0,0,0,3,1,5,1,60,9,999,1,3,3,1,3
2018140316505,2,1,0,18,0,1,0,0,0,0,1,1,5,1,15,3,-1,-1,-1,1,1,1
2018140316505,3,1,0,18,0,1,0,0,0,0,1,1,5,1,14,3,-1,-1,-1,3,1,3
2018140316566,1,3,0,9,0,3,1,0,0,0,3,1,1,1,57,9,124,1,3,2,1,2
2018140316566,2,11,0,18,0,8,0,0,0,0,1,1,1,3,-1,-1,-1,-1,-1,-1,-1,-1
2018140316656,1,9,0,18,0,0,0,0,0,0,2,1,5,1,60,9,1124,1,10,1,1,1
2018140316656,2,9,0,18,0,0,0,0,0,0,1,1,6,3,-1,-1,-1,-1,-1,-1,-1,-1
2018140316735,1,1,0,18,0,0,5,0,0,0,2,1,6,1,13,3,-1,-1,-1,7,1,7
2018140316735,2,9,0,18,0,0,0,0,0,0,1,1,6,1,20,4,1399,2,8,8,1,8
2018140316747,1,3,0,18,0,8,0,0,0,0,4,1,2,1,26,6,124,1,12,5,1,5
2018140316747,2,9,0,7,0,8,0,0,0,0,0,1,6,3,-1,-1,-1,-1,-1,-1,-1,-1
2018140316877,1,19,0,7,0,1,0,0,0,0,1,1,2,1,38,7,2143,2,8,7,1,7
2018140316877,2,1,0,18,0,1,0,0,0,0,3,1,2,2,45,7,-1,-1,-1,10,1,10
2018140317062,1,9,0,7,0,1,0,0,0,0,0,1,5,1,66,10,1997,2,16,2,1,2
2018140317062,2,1,0,18,0,1,0,0,0,0,0,1,6,1,15,3,-1,-1,-1,-1,-1,-1
2018140317081,1,9,0,9,0,8,0,0,0,0,1,1,5,2,30,6,1999,2,2,1,1,1
2018140317081,2,11,0,18,0,1,0,0,0,0,4,1,1,1,36,7,6871,2,10,1,1,1
2018140317107,1,9,0,18,0,8,0,0,0,0,3,1,1,2,26,6,1997,2,9,2,1,2
2018140317107,2,9,0,18,0,8,0,0,0,0,4,1,6,2,-1,-1,-1,-1,-1,-1,-1,-1
2018140317158,1,9,0,18,0,1,0,0,0,0,4,1,6,1,56,9,-1,-1,-1,1,1,1
2018140317158,2,9,0,7,0,8,0,0,0,0,1,1,6,1,64,9,-1,-1,-1,1,1,1
2018140317219,1,9,0,18,0,8,0,0,0,0,1,1,1,1,26,6,1242,1,10,1,1,1
2018140317219,2,9,0,9,0,8,0,0,0,0,3,1,1,2,48,8,1598,1,8,7,1,7
2018140317272,1,1,0,9,0,5,0,0,0,0,1,1,5,1,29,6,-1,-1,-1,3,1,3
2018140317272,2,9,0,18,0,2,0,0,0,0,1,1,6,2,-1,-1,1499,2,3,7,1,7
2018140317389,1,9,0,10,0,1,0,0,0,0,2,1,5,2,24,5,1240,1,12,9,1,9
2018140317389,2,-1,0,18,0,1,0,0,0,0,1,1,6,1,-1,-1,-1,-1,-1,-1,-1,-1
2018140317406,1,9,0,7,0,0,0,0,0,0,1,1,6,2,25,5,1598,2,4,8,1,8
2018140317411,1,1,0,17,4,1,0,0,0,0,3,1,2,1,31,6,-1,-1,-1,6,1,6
2018140317411,2,9,0,11,0,1,0,0,0,0,4,1,2,2,21,5,1229,1,1,8,1,8
2018140317452,1,98,0,18,0,0,0,0,0,0,1,1,6,1,-1,-1,-1,-1,-1,-1,-1,-1
2018140317468,1,9,0,3,0,0,0,0,0,0,1,1,2,2,48,8,1968,2,10,3,1,3
2018140317468,2,9,0,1,0,0,0,0,0,0,2,1,6,3,-1,-1,-1,-1,-1,-1,-1,-1
2018140317470,1,1,0,18,0,0,0,0,0,0,3,1,5,1,43,7,-1,-1,-1,1,1,1
2018140317470,2,9,0,18,0,0,0,0,0,0,1,1,6,2,-1,-1,-1,-1,-1,-1,-1,-1
2018140317475,1,1,0,18,0,1,0,0,0,0,3,1,2,1,24,5,-1,-1,-1,4,1,4
2018140317475,2,9,0,18,0,8,0,0,0,0,3,1,6,3,-1,-1,1364,1,8,-1,-1,-1
2018140317509,1,9,0,9,0,8,0,0,0,0,2,1,5,2,20,4,1398,1,3,6,1,6
2018140317509,2,1,0,18,0,8,0,0,0,0,1,1,6,1,67,10,-1,-1,-1,7,1,7
2018140317514,1,9,0,18,0,0,0,0,0,0,3,1,1,1,27,6,1968,2,10,2,1,2
2018140317514,2,9,0,13,0,0,0,0,0,0,4,1,6,3,25,5,999,1,2,-1,-1,-1
2018140317514,3,9,0,18,0,0,0,0,0,0,1,1,5,2,58,9,1998,2,11,3,1,3
2018140317563,1,9,0,4,0,2,0,0,0,0,2,1,2,2,24,5,1328,1,9,3,1,3
2018140317563,2,9,0,18,0,2,0,0,0,0,1,1,2,1,19,4,1390,1,13,1,1,1
2018140317699,1,9,0,18,0,8,0,0,3,2,3,1,2,1,27,6,-1,-1,-1,1,1,1
2018140317699,2,9,0,9,0,8,0,0,0,0,1,1,6,2,18,4,1560,2,4,2,1,2
2018140317714,1,9,0,18,0,8,0,0,7,0,1,1,6,1,21,5,1896,2,13,1,1,1
2018140317714,2,9,0,18,0,8,0,0,0,0,0,1,1,1,32,6,2993,2,1,10,1,10
2018140317714,3,9,0,18,0,8,0,0,1,0,3,1,6,1,23,5,1197,1,5,4,1,4
2018140317731,1,21,0,9,0,8,0,0,0,0,1,1,1,1,71,10,12740,2,1,4,1,4
2018140317731,2,11,0,18,0,8,5,0,0,0,4,1,1,1,25,5,5132,2,2,1,2,1
2018140317754,1,9,0,9,0,1,0,0,0,0,3,1,5,2,25,5,1198,1,14,1,1,1
2018140317754,2,19,0,1,0,1,0,0,0,0,4,1,6,1,56,9,2198,2,4,-1,-1,-1
2018140317769,1,4,0,18,0,0,0,0,2,11,1,1,5,1,32,6,450,1,6,1,1,1
2018140317772,1,9,0,10,0,1,0,0,0,0,1,1,5,2,55,8,998,1,4,6,1,6
2018140317772,2,3,0,13,0,1,0,0,0,0,1,1,5,2,19,4,124,1,1,3,1,3
2018140317799,1,3,0,18,0,1,0,4,0,0,1,1,5,2,58,9,89,1,25,2,1,2
2018140317799,2,19,0,2,0,1,0,0,0,0,1,1,6,1,38,7,1598,2,5,4,1,4
2018140317805,1,9,0,18,0,8,0,0,0,0,4,1,5,2,39,7,1968,2,6,3,-1,3
2018140317805,2,9,0,18,0,8,0,0,0,0,0,1,5,2,78,11,1242,1,4,8,3,8
2018140317927,1,9,0,9,0,8,0,0,0,0,0,1,6,3,-1,-1,1956,2,6,-1,-1,-1
2018140317927,2,1,0,18,0,1,0,0,0,0,0,1,6,1,48,8,-1,-1,-1,-1,-1,-1
2018140318033,1,9,0,18,0,2,0,10,0,0,1,1,5,2,68,10,1339,1,3,6,1,6
2018140318328,1,9,0,18,0,0,0,0,0,0,1,1,6,1,24,5,1149,1,16,9,2,9
2018140318328,2,9,0,2,0,0,0,0,0,0,3,1,6,3,-1,-1,-1,-1,-1,-1,-1,-1
2018140318328,3,9,0,18,0,0,0,0,0,0,1,1,5,2,45,7,1598,2,5,5,1,5
2018140318444,1,9,0,18,0,0,0,0,0,0,1,1,6,1,36,7,1984,1,11,2,1,2
2018140318444,2,98,0,18,0,0,0,0,0,0,1,1,6,3,-1,-1,-1,-1,-1,-1,-1,-1
2018140318444,3,9,0,18,0,0,0,0,2,0,4,1,6,1,26,6,1995,2,4,6,1,6
2018140318490,1,3,0,15,0,1,0,0,0,0,3,1,6,1,52,8,125,1,7,2,1,2
2018140318490,2,1,0,9,0,1,0,0,0,0,1,1,6,3,-1,-1,-1,-1,-1,-1,-1,-1
2018140318498,1,9,0,4,0,0,0,0,0,0,2,1,6,2,22,5,1461,2,5,4,1,4
2018140318498,2,9,0,18,0,0,0,0,0,0,1,1,6,1,30,6,998,1,1,-1,-1,-1
2018140318521,1,9,0,18,0,0,0,0,0,0,1,1,5,2,92,11,1242,1,11,1,1,1
2018140318521,2,9,0,2,0,0,0,0,0,0,2,1,6,1,66,10,1798,1,11,7,1,7
2018140318537,1,9,0,18,0,0,0,0,0,0,1,1,5,1,50,8,2400,2,10,2,1,2
2018140318537,2,9,0,3,0,0,0,0,0,0,2,1,1,2,48,8,1560,2,4,2,1,2
2018140318537,3,9,0,3,0,0,0,0,0,0,2,1,2,2,29,6,2400,2,10,3,1,3
2018140318612,1,9,0,18,0,0,0,0,0,0,4,1,5,1,24,5,2204,2,9,3,1,3
2018140318612,2,9,0,18,0,0,0,0,0,0,1,1,6,2,57,9,1587,1,14,1,2,1
2018140318633,1,9,0,18,0,0,1,0,7,0,1,1,6,1,32,6,2231,2,11,9,1,9
2018140318633,2,9,0,18,0,0,1,0,7,0,3,1,5,2,54,8,1086,1,13,7,3,7
2018140318708,1,9,0,18,0,0,0,0,0,0,2,1,1,2,35,6,-1,-1,-1,8,1,8