Accident_Index,Vehicle_Reference,Vehicle_Type,Towing_and_Articulation,Vehicle_Manoeuvre,Vehicle_Location-Restricted_Lane,Junction_Location,Skidding_and_Overturning,Hit_Object_in_Carriageway,Vehicle_Leaving_Carriageway,Hit_Object_off_Carriageway,1st_Point_of_Impact,Was_Vehicle_Left_Hand_Drive?,Journey_Purpose_of_Driver,Sex_of_Driver,Age_of_Driver,Age_Band_of_Driver,Engine_Capacity_(CC),Propulsion_Code,Age_of_Vehicle,Driver_IMD_Decile,Driver_Home_Area_Type,Vehicle_IMD_Decile
2018140318708,2,9,0,18,0,0,1,0,0,0,1,1,1,1,32,6,-1,-1,-1,7,1,7
2018140318713,1,9,0,9,0,1,0,0,0,0,4,1,5,2,39,7,1197,1,3,9,1,9
2018140318713,2,1,0,18,0,1,0,0,0,0,1,1,2,2,39,7,-1,-1,-1,4,1,4
2018140318719,1,9,0,9,0,8,0,0,0,0,1,1,5,1,27,6,1360,1,12,1,1,1
2018140318719,2,9,0,18,0,8,0,0,0,0,1,1,2,1,42,7,1328,1,8,6,1,6
2018140318733,1,9,0,18,0,0,0,0,1,0,3,1,5,2,37,7,1968,2,6,10,1,10
2018140318733,2,9,0,11,0,0,0,0,0,0,3,1,6,2,23,5,1397,1,11,10,3,10
2018140318733,3,9,0,12,0,0,0,0,0,0,4,1,6,2,26,6,1910,2,12,1,1,1
2018140318753,1,1,0,18,0,8,0,0,0,0,3,1,1,1,43,7,-1,-1,-1,5,1,5
2018140318753,2,9,0,18,0,8,0,0,0,0,1,1,3,2,48,8,2231,2,11,5,1,5
2018140318776,1,9,0,9,0,1,0,0,0,0,4,1,5,2,58,9,2000,2,9,10,1,10
2018140318776,2,1,0,18,0,1,0,0,0,0,1,1,6,1,48,8,-1,-1,-1,10,1,10
2018140318841,1,9,0,18,0,0,0,0,0,0,1,1,5,2,30,6,2143,2,3,3,1,3
2018140318841,2,19,0,4,0,0,0,0,0,0,3,1,1,1,41,7,1997,2,1,1,1,1
2018140318841,3,9,0,4,0,0,0,0,0,0,3,1,1,1,27,6,1598,2,-1,1,1,1
2018140318841,4,9,0,4,0,0,0,0,0,0,3,1,1,1,33,6,1598,2,1,6,1,6
2018140318841,5,9,0,4,0,0,0,0,0,0,3,1,5,1,51,8,1798,1,12,-1,1,-1
2018140318874,1,9,0,18,0,2,0,0,0,0,4,1,6,2,30,6,1799,1,11,1,1,1
2018140318902,1,9,0,18,0,1,0,0,0,0,1,1,6,1,44,7,1598,1,5,1,1,1
2018140318902,2,9,0,9,0,6,0,0,0,0,1,1,5,1,39,7,1598,1,18,1,1,1
2018140318964,1,9,0,18,0,2,0,0,0,0,1,1,6,1,73,10,1956,2,3,3,1,3
2018140318964,2,9,0,18,0,2,0,0,0,0,4,1,6,1,36,7,1390,1,13,5,1,5
2018140319251,1,9,0,9,0,8,0,0,0,0,3,1,5,1,27,6,1796,1,11,1,1,1
2018140319251,2,9,0,13,0,8,0,0,0,0,1,1,5,1,21,5,999,1,-1,2,1,2
2018140319251,3,19,0,2,0,2,5,0,0,0,4,1,6,1,48,8,2446,2,19,8,1,8
2018140319263,1,9,0,18,0,0,0,0,0,0,2,1,5,1,78,11,1598,2,5,9,1,9
2018140319263,2,9,0,18,0,0,0,0,0,0,2,1,2,1,20,4,1560,2,2,2,2,2
2018140319263,3,9,0,18,0,0,0,0,0,0,1,1,6,2,79,11,1339,1,6,8,3,8
2018140319296,1,19,0,18,0,0,0,0,0,0,4,1,1,1,55,8,2198,2,5,2,2,2
2018140319296,2,1,0,18,0,0,0,0,0,0,3,1,6,1,62,9,-1,-1,-1,8,1,8
2018140319307,1,9,0,18,0,1,0,0,0,0,1,1,5,2,27,6,1398,2,12,3,1,3
2018140319307,2,90,0,7,0,8,5,0,1,0,3,1,6,2,29,6,-1,-1,-1,4,3,4
2018140319315,1,9,0,5,0,3,0,0,0,0,1,1,1,2,27,6,1998,1,-1,8,1,8
2018140319315,2,9,0,18,0,4,0,0,0,0,1,1,6,2,-1,-1,-1,-1,-1,-1,-1,-1
2018140319317,1,5,0,17,0,0,0,0,0,0,1,1,6,1,20,4,-1,-1,-1,2,1,2
2018140319317,2,19,0,2,9,0,0,0,0,0,2,1,6,1,-1,-1,1598,2,1,1,1,1
2018140319322,1,9,0,18,0,0,0,0,0,0,1,1,5,1,35,6,2143,2,6,7,1,7
2018140319322,2,9,0,9,0,0,0,0,0,0,3,1,5,2,40,7,1242,1,14,2,2,2
2018140319322,3,9,0,18,0,0,5,0,0,0,1,1,6,1,57,9,-1,-1,-1,8,3,8
2018140319324,1,8,0,2,0,0,0,0,0,0,1,1,5,1,34,6,1997,2,8,10,1,10
2018140319324,2,9,0,1,0,0,0,0,0,0,1,1,6,2,-1,-1,-1,-1,-1,-1,-1,-1
2018140319343,1,5,0,15,0,8,1,0,1,0,3,1,5,1,59,9,998,1,19,1,1,1
2018140319343,2,17,0,18,0,8,0,0,0,0,1,1,1,1,33,6,6728,2,2,6,3,6
2018140319355,1,9,0,18,0,8,0,0,1,10,1,1,5,1,62,9,2993,2,7,9,1,9
2018140319442,1,9,0,18,0,0,0,0,0,0,1,1,5,1,18,4,1596,1,10,6,1,6
2018140319442,2,9,0,13,0,0,0,0,0,0,4,1,6,3,-1,-1,-1,-1,-1,-1,-1,-1
2018140319475,1,11,0,18,0,0,0,0,0,0,3,1,1,1,64,9,4580,2,8,4,1,4
2018140319475,2,9,0,18,0,0,0,0,0,0,1,1,6,2,25,5,-1,-1,-1,2,1,2
2018140319517,1,9,0,9,0,1,0,0,0,0,1,1,6,2,78,11,1396,2,8,5,1,5
2018140319517,2,9,0,18,0,1,0,0,0,0,1,1,6,1,22,5,-1,-1,-1,4,1,4
2018140319541,1,9,0,18,0,1,0,0,0,0,2,1,5,1,34,6,1686,2,13,1,1,1
2018140319541,2,9,0,18,0,1,0,0,0,0,1,1,6,3,-1,-1,1396,1,17,-1,-1,-1
2018140319620,1,11,0,18,0,1,0,0,0,0,4,1,1,1,61,9,4500,2,7,4,1,4
2018140320026,1,11,0,18,0,0,0,0,0,0,3,1,5,1,35,6,-1,-1,-1,3,1,3
2018140320098,1,9,0,5,0,0,0,0,0,0,2,1,6,1,47,8,2996,1,10,6,2,6
2018140320098,2,9,0,5,0,0,0,0,0,0,1,1,6,2,18,4,1240,1,12,9,1,9
2018140320121,1,1,0,18,0,1,0,0,0,0,1,1,6,1,20,4,-1,-1,-1,10,1,10
2018140320147,1,9,0,9,9,5,0,0,0,0,1,1,5,2,31,6,1896,2,9,1,1,1
2018140320147,2,97,0,18,9,8,0,0,0,0,1,1,5,1,15,3,-1,-1,-1,1,1,1
2018140320160,1,9,0,18,0,0,0,0,0,0,1,1,6,1,65,9,1870,2,15,1,1,1
2018140320173,1,9,0,18,0,0,0,0,0,0,1,1,5,1,78,11,1686,2,4,1,1,1
2018140320306,1,9,0,18,0,1,0,0,0,0,1,1,5,2,62,9,1248,1,2,7,1,7
2018140320306,2,9,0,18,0,1,0,0,0,0,1,1,5,1,31,6,1686,2,11,6,1,6
2018140320329,1,9,0,18,0,0,0,0,0,0,4,1,5,1,54,8,1490,1,-1,6,3,6
2018140320329,2,1,0,18,0,0,5,0,0,0,1,1,6,1,12,3,-1,-1,-1,4,1,4
2018140320389,1,98,0,18,0,0,0,0,0,0,4,1,6,1,-1,-1,-1,-1,-1,3,1,3
2018140320389,2,1,0,18,0,0,5,0,0,0,3,1,6,1,65,9,-1,-1,-1,3,3,3
2018140320442,1,9,0,18,0,1,0,0,0,0,1,1,6,1,77,11,1364,1,8,6,1,6
2018140320442,2,9,0,2,0,1,0,0,0,0,2,1,6,1,81,11,1229,1,9,4,1,4
2018140320442,3,9,0,2,0,1,0,0,0,0,2,1,6,1,32,6,1339,1,12,6,1,6
2018140320442,4,9,0,2,0,1,0,0,0,0,2,1,6,1,42,7,1798,1,7,6,1,6
2018140320442,5,9,0,2,0,1,0,0,0,0,2,1,6,1,50,8,-1,-1,-1,6,1,6
2018140320442,6,9,0,2,0,1,0,0,0,0,3,1,6,1,58,9,1396,1,14,6,1,6
2018140320442,7,9,0,2,0,1,0,0,0,0,1,1,6,1,35,6,1590,1,14,6,1,6
2018140320452,1,9,0,7,0,0,0,0,0,0,1,1,6,3,-1,-1,1595,1,-1,-1,-1,-1
2018140320745,1,9,0,18,0,2,0,4,0,0,1,1,5,1,31,6,1398,2,5,2,1,2
2018140320745,2,9,0,7,0,6,0,0,0,0,1,1,5,2,27,6,1686,2,13,7,1,7
2018140320745,3,9,0,2,0,1,0,0,0,0,3,1,6,3,-1,-1,1796,1,5,-1,-1,-1
2018140320777,1,5,0,4,0,1,1,0,0,0,3,1,5,1,63,9,-1,-1,-1,4,2,4
2018140320777,2,5,0,8,0,6,0,0,0,0,2,1,5,1,46,8,1690,1,4,4,1,4
2018140320802,1,9,0,2,0,0,0,0,0,0,2,1,5,1,36,7,-1,-1,-1,4,1,4
2018140320802,2,9,0,12,0,0,0,0,0,0,4,1,5,2,83,11,1398,1,6,3,1,3
2018140320844,1,9,0,18,0,2,0,0,0,0,1,1,6,3,-1,-1,-1,-1,-1,-1,-1,-1
2018140321114,1,9,0,9,0,1,0,0,0,0,1,1,5,1,33,6,1596,1,13,1,1,1
2018140321114,2,9,0,18,0,1,0,0,0,0,1,1,5,1,31,6,1598,1,7,1,1,1
2018140321129,1,9,0,18,0,1,0,0,0,0,2,1,5,1,31,6,1197,1,1,2,1,2
2018140321129,2,9,0,18,0,1,0,0,0,0,1,1,5,1,22,5,1995,2,7,3,1,3
2018140321148,1,9,0,9,0,1,0,0,0,0,4,1,5,2,73,10,-1,-1,-1,8,3,8
2018140321148,2,9,0,18,0,1,1,0,0,0,1,1,5,1,21,5,1753,2,16,2,1,2
2018140321171,1,3,0,18,0,0,0,0,0,0,1,1,2,1,28,6,124,1,1,6,2,6
2018140321171,2,9,0,18,0,0,0,0,0,0,1,1,5,1,41,7,1910,2,11,1,1,1
2018140321175,1,9,0,9,0,8,0,0,0,0,4,1,5,2,29,6,1198,1,1,1,1,1
2018140321175,2,9,0,18,0,1,0,0,0,0,1,1,5,2,65,9,1242,1,15,5,3,5
2018140321183,1,9,0,18,0,0,0,0,0,0,4,1,5,1,53,8,1596,1,14,2,1,2
2018140321183,2,19,0,18,0,0,0,0,0,0,1,1,1,1,33,6,1686,2,10,10,1,10
2018140321198,1,9,0,18,0,1,0,0,0,0,1,1,6,3,-1,-1,-1,-1,-1,-1,-1,-1
2018140321199,1,9,0,18,0,1,0,0,0,0,1,1,5,2,72,10,1560,2,5,5,1,5
2018140321199,2,9,0,7,0,1,0,0,0,0,1,1,6,3,-1,-1,1390,1,15,-1,-1,-1
2018140321199,3,9,0,4,0,1,0,0,0,0,1,1,1,1,50,8,2495,2,14,2,1,2
2018140321206,1,9,0,18,0,1,1,0,0,0,1,1,5,1,46,8,1560,2,12,1,1,1
2018140321206,2,9,0,9,0,1,0,0,0,0,1,1,5,1,17,4,1086,1,11,1,1,1
2018140321221,1,9,0,18,0,0,0,0,0,0,1,1,6,1,-1,-1,-1,-1,-1,-1,-1,-1
2018140321221,2,1,0,18,0,0,5,0,0,0,4,1,6,1,18,4,-1,-1,-1,1,1,1
2018140321222,1,9,0,18,0,0,0,0,1,0,3,1,6,1,17,4,1364,1,10,1,1,1
2018140321222,2,19,0,18,0,0,0,0,0,0,1,1,6,3,-1,-1,-1,-1,-1,-1,-1,-1
2018140321230,1,9,0,5,0,8,0,0,0,0,1,1,5,2,66,10,1398,2,6,1,1,1
2018140321230,2,3,0,18,0,1,0,0,0,0,1,1,2,1,27,6,-1,-1,-1,6,1,6
2018140321255,1,9,0,9,0,0,0,0,0,0,1,1,5,1,53,8,1398,1,7,3,1,3
2018140321255,2,5,0,13,0,0,0,0,0,0,1,1,6,1,48,8,599,1,7,4,1,4
2018140321270,1,9,0,18,0,3,0,0,0,0,4,1,2,2,21,5,1242,1,10,3,1,3
2018140321270,2,98,0,18,0,3,0,0,0,0,3,1,1,1,22,5,-1,-1,-1,-1,-1,-1
2018140321299,1,1,0,18,9,1,0,0,0,0,1,1,5,1,17,4,-1,-1,-1,7,1,7
2018140321299,2,9,0,18,0,6,0,0,0,0,1,1,6,2,77,11,1248,1,5,5,1,5
2018140321300,1,9,0,18,0,1,1,0,1,4,4,1,6,1,22,5,999,1,1,1,1,1
2018140321315,1,9,0,12,0,0,1,0,5,0,1,1,5,1,21,5,-1,-1,-1,3,1,3
2018140321315,2,9,0,4,0,0,0,0,0,0,2,1,5,1,38,7,1896,2,16,5,1,5
2018140321372,1,9,0,2,6,1,0,0,0,0,0,1,5,2,40,7,1598,1,8,2,1,2
2018140321372,2,9,0,2,6,1,0,0,0,0,2,1,1,1,45,7,1997,2,4,3,1,3
2018140321372,3,9,0,11,0,1,0,0,1,0,1,1,5,1,53,8,1956,2,5,4,1,4
2018140321377,1,3,0,18,0,0,0,0,0,0,3,1,5,1,53,8,955,1,14,5,1,5
2018140321377,2,9,0,11,0,0,0,0,0,0,4,1,6,3,-1,-1,-1,-1,-1,-1,-1,-1
2018140321556,1,22,0,18,0,0,0,0,0,0,1,1,6,1,-1,-1,-1,-1,-1,-1,-1,-1
2018140321576,1,8,0,9,0,1,0,0,0,0,0,1,1,1,-1,-1,1997,2,11,-1,-1,-1
2018140321817,1,1,0,3,0,0,0,0,1,0,2,1,5,1,59,9,-1,-1,-1,-1,-1,-1
2018140321817,2,19,0,3,0,0,0,0,0,0,1,1,6,1,30,6,2198,2,12,4,1,4
2018140322014,1,9,0,9,0,1,0,0,0,0,3,1,5,1,71,10,998,1,4,9,1,9
2018140322014,2,1,0,17,0,8,1,0,0,0,1,1,1,1,40,7,-1,-1,-1,9,1,9
2018140322028,1,9,0,7,0,0,0,0,7,0,1,1,6,1,18,4,1149,1,14,5,2,5
2018140322028,2,9,0,18,0,0,0,0,1,0,3,1,1,1,40,7,999,1,1,2,1,2
2018140322029,1,9,0,18,0,8,0,0,0,0,1,1,5,2,64,9,1390,1,4,7,2,7
2018140322029,2,9,0,18,0,8,0,0,0,0,1,1,5,1,80,11,1969,2,4,9,1,9
2018140322084,1,9,0,13,0,1,0,0,0,0,1,1,6,3,-1,-1,2319,1,16,-1,-1,-1
2018140322084,2,9,0,8,0,6,0,0,0,0,3,1,1,1,46,8,-1,-1,-1,1,1,1
2018140322084,3,9,0,9,0,5,1,0,0,0,1,1,5,1,62,9,1596,1,7,8,1,8
2018140322099,1,3,0,9,0,2,0,0,0,0,2,1,5,2,20,4,124,1,16,2,1,2
2018140322099,2,9,0,4,0,2,0,0,0,0,1,1,5,1,29,6,2143,2,3,2,1,2
2018140322128,1,9,0,18,0,0,0,0,0,0,3,1,2,2,24,5,998,1,10,4,1,4
2018140322128,2,9,0,18,0,0,0,0,0,0,3,1,1,1,23,5,1598,1,12,1,1,1
2018140322136,1,9,0,18,0,1,0,0,0,0,1,1,5,1,78,11,998,1,12,2,1,2
2018140322136,2,9,0,5,0,2,5,0,0,0,3,1,5,1,22,5,1388,1,15,1,1,1
2018140322161,1,19,0,9,0,8,0,0,0,0,4,1,2,1,49,8,2402,2,12,4,1,4
2018140322161,2,5,0,18,0,1,0,0,0,0,1,1,6,1,47,8,595,1,13,6,1,6
2018140322164,1,9,0,2,0,0,0,0,0,0,2,1,5,1,56,9,1910,2,10,2,2,2
2018140322164,2,3,0,18,0,0,1,0,7,0,1,1,6,1,-1,-1,-1,-1,-1,1,1,1
2018140322183,1,10,0,18,0,8,0,0,0,0,1,1,1,2,52,8,5880,2,7,8,1,8
2018140322183,2,9,0,5,0,8,0,0,0,0,3,1,6,1,51,8,2143,2,2,6,1,6
2018140322270,1,9,0,12,0,8,0,0,0,0,3,1,5,1,32,6,1598,2,5,1,1,1
2018140322270,2,5,0,16,0,8,0,0,0,0,4,1,2,1,54,8,1170,1,5,6,1,6
2018140322308,1,9,0,13,0,1,5,0,7,0,4,1,6,3,-1,-1,1390,1,9,-1,-1,-1
2018140322308,2,9,0,9,0,5,0,0,0,0,3,1,5,1,21,5,1199,1,15,1,1,1
2018140322311,1,9,0,3,0,0,0,0,0,0,2,1,5,2,39,7,1596,1,9,2,1,2
2018140322311,2,9,0,18,0,0,0,0,0,0,1,1,6,3,-1,-1,-1,-1,-1,-1,-1,-1
2018140322339,1,9,0,18,0,8,0,0,2,0,1,1,5,2,71,10,1560,2,11,8,1,8
2018140322339,2,9,0,18,0,8,0,0,0,0,1,1,5,1,27,6,1686,2,8,2,1,2
2018140322372,1,9,0,9,0,1,0,0,0,0,1,1,2,2,36,7,1995,2,8,1,1,1
2018140322372,2,1,0,18,0,1,0,0,0,0,1,1,2,1,28,6,-1,-1,-1,5,1,5
2018140322402,1,19,0,3,0,0,0,0,0,0,2,1,1,1,49,8,1560,2,6,2,1,2
2018140322402,2,9,0,18,0,0,0,0,0,0,1,1,6,1,-1,-1,1389,1,13,2,1,2
2018140322409,1,9,0,18,0,0,0,0,0,0,4,1,5,1,64,9,1388,1,11,6,1,6
2018140322409,2,1,0,18,9,0,0,0,0,0,1,1,6,1,30,6,-1,-1,-1,-1,-1,-1
2018140322441,1,9,0,3,0,0,0,0,0,0,2,1,6,1,51,8,-1,-1,-1,4,1,4
2018140322441,2,19,0,18,0,0,1,0,0,0,1,1,6,1,-1,-1,2400,2,16,-1,-1,-1
2018140322558,1,9,0,3,0,8,0,0,0,0,1,1,5,1,51,8,1499,2,1,1,1,1
2018140322558,2,9,0,18,0,1,0,0,1,0,1,1,2,1,26,6,1149,1,16,6,1,6
2018140322573,1,5,0,18,0,1,1,0,0,0,4,1,5,1,57,9,647,1,17,8,1,8
2018140322629,1,9,0,9,0,5,0,0,0,0,1,1,5,1,75,10,1499,1,-1,2,1,2
2018140322629,2,19,0,18,0,1,0,0,0,0,1,1,6,3,-1,-1,2999,2,1,-1,-1,-1
2018140322653,1,3,0,7,0,3,0,0,2,0,2,1,6,1,59,9,124,1,3,6,3,6
2018140322653,2,9,0,5,0,3,0,0,0,0,1,1,6,2,62,9,1560,2,3,3,2,3
2018140322680,1,9,0,3,0,0,0,0,0,0,2,1,5,2,19,4,1598,2,6,4,1,4
2018140322680,2,9,0,18,0,0,0,0,0,0,1,1,5,3,-1,-1,1900,2,14,-1,-1,-1
2018140322690,1,9,0,18,0,0,0,4,0,0,1,1,5,1,17,4,1339,1,7,2,1,2
2018140322690,2,9,0,2,0,0,0,0,0,0,2,1,6,1,54,8,1686,2,10,7,2,7
2018140322690,3,9,0,2,0,0,0,0,0,0,2,1,6,2,31,6,1461,2,4,7,2,7
2018140322723,1,9,0,18,0,0,0,0,0,0,4,1,6,1,21,5,1796,1,13,-1,-1,-1
2018140322726,1,9,0,18,0,8,0,0,0,0,1,1,2,1,43,7,2993,2,2,7,2,7
2018140322726,2,9,0,18,0,8,0,0,0,0,1,1,2,2,47,8,1598,1,10,2,1,2
2018140322739,1,11,0,18,0,0,0,0,0,0,0,1,1,1,35,6,4250,2,16,2,1,2
2018140322746,1,9,0,18,0,0,0,0,0,0,1,1,5,1,47,8,1598,1,13,6,1,6
2018140322758,1,21,0,2,0,0,0,0,0,0,2,1,1,1,43,7,9200,2,11,8,1,8
2018140322758,2,5,0,17,0,0,1,0,0,0,1,1,6,1,43,7,1301,1,-1,3,1,3
2018140322782,1,9,0,4,0,0,0,0,0,0,2,1,5,2,49,8,1991,2,9,3,3,3
2018140322782,2,5,0,18,0,0,0,0,0,0,1,1,5,1,63,9,1100,1,16,9,2,9
2018140322827,1,9,0,18,0,0,0,0,0,0,1,1,5,1,41,7,1598,1,13,2,2,2
2018140322827,2,9,0,18,0,0,0,0,0,0,1,1,5,2,57,9,1910,2,8,5,1,5
2018140322898,1,3,0,18,0,1,2,0,0,0,2,1,5,1,27,6,124,1,-1,1,1,1
2018140322898,2,9,0,7,0,1,0,0,0,0,1,1,6,1,36,7,2143,2,8,2,1,2
2018140322931,1,9,0,11,0,0,1,0,1,0,4,1,1,2,34,6,1461,2,3,3,1,3
2018140322931,2,19,0,18,0,0,0,0,0,0,1,1,1,1,33,6,2143,2,6,3,1,3
2018140322931,3,21,0,18,0,0,0,0,0,0,3,1,1,1,31,6,10837,2,1,4,1,4
2018140322935,1,97,0,18,0,1,1,0,0,0,1,1,6,1,26,6,-1,-1,-1,1,1,1
2018140322935,2,9,0,18,0,1,0,0,0,0,0,1,1,1,-1,-1,1598,2,3,1,1,1
2018140322949,1,9,0,17,0,1,2,0,1,0,4,1,6,1,50,8,-1,-1,-1,8,1,8
2018140322949,2,9,0,16,0,2,0,0,0,0,3,1,5,1,70,10,1984,1,2,10,2,10
2018140323163,1,9,0,1,0,0,0,0,0,0,3,1,5,2,35,6,1896,2,15,7,1,7
2018140323163,2,9,0,18,0,0,0,0,0,0,2,1,6,3,-1,-1,1242,1,15,-1,-1,-1
2018140323173,1,3,0,18,0,1,0,0,0,0,1,1,5,1,18,4,125,1,1,8,1,8
2018140323173,2,9,0,9,0,1,0,0,0,0,3,1,5,2,23,5,1995,2,4,5,1,5
2018140323184,1,9,0,17,0,0,0,0,0,0,1,1,5,2,61,9,998,1,21,6,1,6
2018140323184,2,9,0,16,0,0,0,0,0,0,1,1,5,2,55,8,1600,1,7,9,1,9
2018140323229,1,9,0,4,0,0,0,0,0,0,2,1,1,2,38,7,1686,2,6,-1,-1,-1
2018140323229,2,9,0,18,0,0,0,0,0,0,1,1,5,1,28,6,1910,2,13,8,1,8
2018140323245,1,9,0,9,0,8,0,0,0,0,1,1,6,2,28,6,1398,1,3,6,1,6
2018140323245,2,9,0,18,0,8,0,0,7,1,3,1,5,2,62,9,1360,1,10,1,1,1
2018140323247,1,9,0,18,0,8,0,0,0,0,1,1,6,1,41,7,1968,2,11,3,2,3
2018140323247,2,8,0,18,0,8,1,0,0,0,3,1,1,1,30,6,1997,2,8,1,1,1
2018140323268,1,9,0,18,0,1,0,0,0,0,1,1,5,1,22,5,1242,1,9,1,1,1
2018140323268,2,1,0,9,0,8,0,0,0,0,1,1,5,1,10,2,-1,-1,-1,1,1,1
2018140323272,1,9,0,5,0,6,0,0,0,0,1,1,6,3,-1,-1,-1,-1,-1,-1,-1,-1
2018140323272,2,1,0,18,0,1,0,0,0,0,1,1,6,1,37,7,-1,-1,-1,1,1,1
2018140323278,1,5,0,18,0,1,0,0,0,0,1,1,6,1,37,7,996,1,15,2,1,2
2018140323278,2,9,0,9,0,1,0,0,0,0,2,1,2,1,40,7,1997,2,6,2,2,2
2018140323280,1,98,0,18,0,0,0,0,0,0,1,1,6,3,-1,-1,-1,-1,-1,-1,-1,-1
2018140323753,1,11,0,18,0,0,0,0,0,0,0,1,1,1,53,8,4500,2,7,1,1,1
2018140323758,1,21,0,18,0,1,0,0,0,0,4,1,1,1,51,8,4580,2,1,7,1,7
2018140323826,1,9,0,13,0,0,0,0,0,0,1,1,5,2,64,9,1318,1,1,3,2,3
2018140323826,2,1,0,18,0,0,0,0,0,0,1,1,6,1,89,11,-1,-1,-1,2,2,2
2018140323851,1,1,0,11,9,0,0,0,1,0,1,1,2,1,50,8,-1,-1,-1,4,1,4
2018140323855,1,9,0,16,0,0,5,0,1,3,1,1,5,2,35,6,1560,2,10,6,1,6
2018140323866,1,5,0,18,0,1,0,0,0,0,1,1,2,1,21,5,598,1,23,8,3,8
2018140323866,2,9,0,18,0,8,0,0,0,0,2,1,2,1,57,9,1968,2,3,1,1,1
2018140323875,1,9,0,18,0,6,5,0,1,0,4,1,6,1,69,10,1596,1,17,1,1,1
2018140323878,1,9,0,9,0,8,0,0,0,0,3,1,2,1,33,6,1968,2,5,1,1,1
2018140323878,2,3,0,18,0,8,0,0,0,0,1,1,6,1,25,5,125,1,1,1,1,1
2018140323897,1,9,0,7,0,2,1,0,1,0,1,1,1,1,-1,-1,1360,1,15,1,1,1
2018140323897,2,9,0,18,0,1,1,4,0,0,1,1,5,1,23,5,1998,1,15,9,-1,9
2018140323897,3,19,0,2,9,2,0,0,0,0,3,1,6,3,-1,-1,1995,2,1,-1,-1,-1
2018140323904,1,11,0,18,0,0,0,0,0,0,0,1,1,1,48,8,4250,2,4,4,1,4
2018140323941,1,9,0,9,0,2,0,0,0,0,1,1,5,1,49,8,1896,2,11,2,1,2
2018140323994,1,9,0,5,0,0,0,0,0,0,4,1,6,2,31,6,1198,1,4,1,1,1
2018140324004,1,9,0,18,0,0,0,0,0,0,1,1,5,2,30,6,1598,1,10,1,1,1
2018140324004,2,19,0,18,0,0,1,0,2,7,4,1,1,1,52,8,2198,2,2,5,3,5
2018140324004,3,9,0,18,0,0,0,0,0,0,1,1,5,1,59,9,2143,2,1,4,1,4
2018140324025,1,9,0,18,0,0,0,0,7,4,1,1,6,1,-1,-1,1461,2,3,-1,-1,-1
2018140324025,2,9,0,18,0,0,0,0,0,0,2,1,5,1,38,7,1956,2,3,1,1,1
2018140324027,1,9,0,4,0,0,0,0,0,0,4,1,5,1,48,8,1598,1,8,1,1,1
2018140324027,2,97,0,18,0,0,0,0,0,0,1,1,6,1,25,5,-1,-1,-1,-1,-1,-1
2018140324041,1,9,0,4,0,2,0,0,0,0,1,1,1,1,20,4,1560,2,1,-1,-1,-1
2018140324071,1,9,0,18,0,8,0,0,0,0,3,1,5,2,62,9,1248,1,-1,1,1,1
2018140324074,1,9,0,9,0,2,0,0,0,0,3,1,2,2,30,6,1461,2,10,2,2,2
2018140324079,1,9,0,18,0,0,0,0,0,0,1,1,1,1,49,8,1997,2,8,6,1,6
2018140324125,1,9,0,9,0,1,0,0,0,0,1,1,6,1,30,6,1560,2,4,9,1,9
2018140324125,2,3,0,18,0,1,0,0,0,0,1,1,6,1,38,7,124,1,5,2,1,2
2018140324255,1,4,0,4,0,0,0,0,0,0,1,1,5,1,64,9,250,1,4,5,3,5
2018140324255,2,19,0,1,0,0,0,0,0,0,2,1,6,1,57,9,1560,2,5,8,1,8
2018140324314,1,9,0,13,0,0,0,0,0,0,1,1,6,1,31,6,1998,1,15,9,2,9
2018140324314,2,19,0,6,0,0,0,0,0,0,2,1,6,3,-1,-1,-1,-1,-1,-1,-1,-1
2018140324703,1,9,0,18,0,0,1,0,0,0,3,1,6,1,32,6,1595,1,13,1,1,1
2018140324703,2,19,0,18,0,0,0,0,0,0,3,1,2,1,23,5,2198,2,3,3,1,3
2018140324748,1,9,0,18,0,2,0,0,0,0,2,1,5,1,71,10,1149,1,10,3,1,3
2018140324748,2,9,0,18,0,8,0,0,0,0,1,1,6,3,-1,-1,1968,2,11,-1,-1,-1
2018140324759,1,9,0,18,0,0,0,0,0,0,1,1,6,1,21,5,1598,2,2,-1,1,-1
2018140324759,2,9,0,18,0,0,0,0,0,0,1,1,6,1,58,9,1560,2,12,1,1,1
2018140324759,3,9,0,18,0,0,0,0,0,0,1,1,5,1,34,6,2776,2,13,2,1,2
2018140324780,1,2,0,18,0,2,1,0,0,0,2,1,1,1,37,7,49,1,8,7,1,7
2018140324780,2,8,0,18,0,8,0,0,0,0,1,1,1,1,-1,-1,1997,2,12,5,1,5
2018140324826,1,11,0,18,0,1,0,0,0,0,1,1,1,1,48,8,8300,2,12,1,1,1
2018140324874,1,19,0,4,0,0,0,0,0,0,1,1,1,1,29,6,2143,2,4,1,1,1
2018140324874,2,9,0,4,0,0,0,0,0,0,2,1,5,2,43,7,1388,1,7,4,2,4
2018140324884,1,1,0,18,0,1,2,0,0,0,3,1,5,1,53,8,-1,-1,-1,7,1,7
2018140324884,2,9,3,13,0,1,0,0,0,0,2,1,6,3,-1,-1,-1,-1,-1,-1,-1,-1