Accident_Index,Vehicle_Reference,Vehicle_Type,Towing_and_Articulation,Vehicle_Manoeuvre,Vehicle_Location-Restricted_Lane,Junction_Location,Skidding_and_Overturning,Hit_Object_in_Carriageway,Vehicle_Leaving_Carriageway,Hit_Object_off_Carriageway,1st_Point_of_Impact,Was_Vehicle_Left_Hand_Drive?,Journey_Purpose_of_Driver,Sex_of_Driver,Age_of_Driver,Age_Band_of_Driver,Engine_Capacity_(CC),Propulsion_Code,Age_of_Vehicle,Driver_IMD_Decile,Driver_Home_Area_Type,Vehicle_IMD_Decile
2018140331850,1,9,0,17,0,0,0,0,0,0,4,1,5,2,68,10,1364,1,11,1,2,1
2018140331856,1,22,0,18,9,2,5,0,0,0,4,1,5,2,75,10,-1,-1,-1,2,1,2
2018140331856,2,19,0,2,9,2,0,0,0,0,0,1,6,3,-1,-1,2402,2,7,-1,-1,-1
2018140331867,1,9,0,4,0,2,0,0,0,0,2,1,6,2,35,6,1560,2,3,10,1,10
2018140331867,2,9,0,18,0,2,0,0,0,0,1,1,6,3,-1,-1,-1,-1,-1,-1,-1,-1
2018140331887,1,9,0,9,0,8,0,0,0,0,3,1,5,2,50,8,1198,1,11,3,1,3
2018140331887,2,5,0,18,0,1,5,0,0,0,1,1,5,1,66,10,897,1,15,3,1,3
2018140331956,1,98,0,18,0,0,0,0,0,0,4,1,6,1,39,7,-1,-1,-1,4,1,4
2018140331956,2,-1,0,18,0,0,0,0,0,0,1,1,6,3,-1,-1,-1,-1,-1,-1,-1,-1
2018140331981,1,11,0,5,0,1,0,0,0,0,0,1,1,1,58,9,6871,2,10,2,1,2
2018140331997,1,9,0,18,0,0,0,0,0,0,2,1,1,1,50,8,1598,1,13,3,2,3
2018140331997,2,19,0,18,0,0,0,0,0,0,1,1,6,3,-1,-1,2402,2,11,-1,-1,-1
2018140332079,1,9,0,4,0,0,0,0,0,0,2,1,6,1,42,7,-1,-1,-1,3,1,3
2018140332079,2,9,0,18,0,0,0,0,0,0,1,1,6,1,-1,-1,1598,2,4,-1,-1,-1
2018140332142,1,9,0,18,0,0,0,0,0,0,2,1,5,1,24,5,1798,1,17,2,1,2
2018140332142,2,9,0,4,0,0,0,0,0,0,1,1,5,1,22,5,1422,2,10,8,1,8
2018140332149,1,2,0,4,0,0,1,0,0,0,0,1,5,2,17,4,49,1,9,2,1,2
2018140332149,2,11,0,18,0,0,0,0,0,0,0,1,6,3,-1,-1,-1,-1,-1,-1,-1,-1
2018140332166,1,97,0,18,0,0,0,0,0,0,1,1,6,1,48,8,-1,-1,-1,2,1,2
2018140332166,2,9,0,18,0,0,0,0,0,0,2,1,1,1,32,6,2967,2,3,1,1,1
2018140332200,1,9,0,3,0,1,0,0,0,0,2,1,2,1,32,6,1995,2,1,8,1,8
2018140332200,2,9,0,4,0,1,0,0,0,0,1,1,5,2,18,4,1388,1,8,6,1,6
2018140332212,1,1,0,18,0,0,0,0,0,0,1,1,1,1,36,7,-1,-1,-1,1,1,1
2018140332212,2,9,0,7,0,0,0,0,0,0,1,1,6,2,-1,-1,1781,1,17,-1,-1,-1
2018140332213,1,9,0,9,0,2,0,0,0,0,1,1,5,1,40,7,2204,2,12,5,1,5
2018140332213,2,9,0,18,0,1,0,0,0,0,1,1,6,3,-1,-1,-1,-1,-1,-1,-1,-1
2018140332232,1,9,0,5,0,2,0,0,7,0,1,1,5,2,18,4,1229,1,10,3,1,3
2018140332268,1,8,0,8,0,2,0,0,0,0,4,1,1,1,33,6,1997,2,10,1,1,1
2018140332268,2,1,0,18,0,2,0,0,0,0,1,1,2,1,24,5,-1,-1,-1,4,1,4
2018140332270,1,8,0,1,0,0,0,0,0,0,2,1,1,3,-1,-1,-1,-1,-1,-1,-1,-1
2018140332280,1,9,0,4,0,0,0,0,0,0,2,1,2,2,20,4,1461,2,1,6,1,6
2018140332280,2,9,0,4,0,0,0,0,0,0,1,1,6,2,88,11,1910,2,11,1,1,1
2018140332293,1,9,0,12,0,1,0,0,0,0,1,1,6,2,54,8,1461,2,3,2,1,2
2018140332293,2,1,0,18,0,1,0,0,0,0,1,1,6,2,54,8,-1,-1,-1,1,1,1
2018140332355,1,9,0,9,0,8,0,0,0,0,1,1,5,1,26,6,1956,2,3,2,2,2
2018140332355,2,9,0,18,0,8,5,0,0,0,4,1,6,1,22,5,1198,1,10,3,1,3
2018140332370,1,9,0,18,0,1,0,0,0,0,1,1,2,2,58,9,1997,1,16,3,1,3
2018140332370,2,9,0,18,0,1,0,0,0,0,1,1,5,1,35,6,1984,1,-1,4,1,4
2018140332413,1,9,0,18,9,0,0,0,0,0,1,1,6,3,-1,-1,1360,1,16,-1,-1,-1
2018140332420,1,9,0,18,0,0,1,0,0,0,1,1,6,1,-1,-1,2179,2,11,-1,-1,-1
2018140332420,2,8,0,18,0,0,0,0,0,0,2,1,1,1,30,6,1997,2,8,1,1,1
2018140332420,3,8,0,18,0,0,0,0,0,0,2,1,1,1,60,9,1560,2,3,5,1,5
2018140332425,1,9,0,18,0,1,0,0,0,0,1,1,5,1,55,8,1995,2,16,2,1,2
2018140332439,1,9,0,18,0,4,0,0,0,0,3,1,2,1,59,9,1124,1,16,2,1,2
2018140332439,2,1,0,18,0,8,0,0,0,0,1,1,1,1,34,6,-1,-1,-1,8,1,8
2018140332452,1,9,0,18,0,1,0,0,0,0,1,1,5,1,79,11,1364,1,1,4,1,4
2018140332452,2,9,0,18,0,1,0,0,0,0,1,1,5,2,24,5,1242,1,2,6,1,6
2018140332452,3,9,0,18,0,1,0,0,0,0,3,1,5,1,52,8,1598,2,3,7,3,7
2018140332455,1,9,0,9,0,2,0,0,0,0,4,1,2,2,56,9,1799,1,11,1,1,1
2018140332455,2,1,0,18,0,1,0,0,0,0,1,1,6,1,-1,-1,-1,-1,-1,-1,-1,-1
2018140332468,1,11,0,9,0,1,0,0,0,0,1,1,1,1,58,9,6700,2,2,5,3,5
2018140332474,1,9,0,18,0,0,0,0,0,0,1,1,6,3,-1,-1,-1,-1,-1,-1,-1,-1
2018140332477,1,9,0,18,0,8,0,0,0,0,2,1,2,1,19,4,1200,1,16,8,1,8
2018140332477,2,98,0,18,0,8,0,0,0,0,1,1,6,3,-1,-1,-1,-1,-1,-1,-1,-1
2018140332480,1,9,0,18,0,1,0,0,0,0,1,1,2,2,50,8,1999,2,1,8,1,8
2018140332480,2,9,0,18,0,8,0,0,7,0,1,1,6,3,-1,-1,1560,2,10,-1,-1,-1
2018140332497,1,9,0,18,0,4,0,0,0,0,2,1,5,2,21,5,998,1,11,5,1,5
2018140332497,2,9,0,18,0,4,0,0,0,0,3,1,6,1,31,6,1995,2,4,1,1,1
2018140332497,3,-1,0,18,0,4,0,0,0,0,1,1,6,3,-1,-1,-1,-1,-1,-1,-1,-1
2018140332635,1,9,0,18,0,0,0,0,0,0,1,1,6,2,17,4,998,1,12,3,1,3
2018140332669,1,9,0,9,0,5,0,0,0,0,3,1,2,1,61,9,1956,2,3,7,3,7
2018140332669,2,9,0,18,0,1,0,0,0,0,1,1,2,2,80,11,1299,1,11,3,1,3
2018140332720,1,1,0,18,0,8,0,0,0,0,3,1,5,1,15,3,-1,-1,-1,1,1,1
2018140332720,2,98,0,18,0,8,0,0,0,0,3,1,6,3,-1,-1,-1,-1,-1,-1,-1,-1
2018140332722,1,9,0,18,0,0,0,0,0,0,1,1,1,1,38,7,1560,2,5,7,1,7
2018140332722,2,9,0,18,0,0,0,0,0,0,2,1,1,1,33,6,1461,2,2,7,1,7
2018140332722,3,9,0,18,0,0,0,0,0,0,2,1,5,1,56,9,1461,2,9,6,1,6
2018140332735,1,98,0,2,0,0,0,0,0,0,1,1,6,2,35,6,-1,-1,-1,2,1,2
2018140332735,2,9,0,9,0,0,0,0,0,0,1,1,2,1,41,7,1560,2,8,8,2,8
2018140332735,3,3,0,18,0,0,0,0,0,0,1,1,2,1,25,5,124,1,8,1,1,1
2018140332754,1,9,0,18,0,0,0,0,0,0,3,1,6,2,25,5,998,1,12,4,1,4
2018140332761,1,90,0,18,0,0,1,0,0,0,3,1,1,1,49,8,6700,2,3,8,1,8
2018140332761,2,9,0,11,0,0,1,0,0,0,4,1,5,1,37,7,1968,2,6,2,1,2
2018140332803,1,9,0,18,0,0,0,0,0,0,2,1,5,2,24,5,973,1,16,3,2,3
2018140332803,2,9,0,18,0,0,0,0,0,0,1,1,5,1,47,8,1598,1,13,4,2,4
2018140332864,1,9,0,1,0,0,0,0,0,0,2,1,6,1,-1,-1,1598,2,4,3,1,3
2018140332868,1,9,0,18,0,8,0,0,7,0,1,1,3,2,43,7,2499,2,16,3,1,3
2018140332868,2,9,0,9,0,8,0,0,0,0,3,1,3,2,31,6,1598,1,11,1,1,1
2018140332952,1,9,0,3,0,1,0,0,0,0,2,1,1,2,26,6,1229,1,8,1,1,1
2018140332952,2,9,0,18,0,1,0,0,0,0,2,1,6,1,75,10,1395,1,4,10,1,10
2018140332952,3,9,0,18,0,1,0,0,0,0,1,1,6,3,-1,-1,-1,-1,-1,-1,-1,-1
2018140332984,1,9,0,18,0,1,0,0,0,0,1,1,5,1,54,8,-1,-1,-1,4,1,4
2018140332984,2,97,0,9,0,1,1,0,0,0,1,1,5,2,26,6,-1,-1,-1,3,1,3
2018140333013,1,9,0,18,0,0,0,0,0,0,1,1,6,1,24,5,998,1,11,1,1,1
2018140333029,1,3,0,18,0,8,0,0,0,0,4,1,5,1,20,4,124,1,12,2,1,2
2018140333029,2,-1,0,9,0,8,0,0,0,0,1,1,6,3,-1,-1,-1,-1,-1,-1,-1,-1
2018140333039,1,9,0,7,0,8,0,0,0,0,0,1,6,2,46,8,1686,2,7,2,1,2
2018140333039,2,9,0,7,0,8,0,0,0,0,2,1,6,1,38,7,1389,1,14,8,1,8
2018140333089,1,9,0,4,0,1,0,0,0,0,2,1,5,2,35,6,1248,1,6,6,1,6
2018140333089,2,9,0,18,0,1,0,0,0,0,1,1,6,1,60,9,999,1,18,1,1,1
2018140333172,1,9,0,3,0,0,0,0,0,0,2,1,5,1,30,6,1598,1,19,3,1,3
2018140333172,2,9,0,4,0,0,0,0,0,0,1,1,6,1,-1,-1,1560,2,5,-1,-1,-1
2018140333184,1,9,0,18,0,0,0,0,0,0,4,1,6,3,-1,-1,-1,-1,-1,-1,-1,-1
2018140333233,1,11,0,18,2,2,0,0,0,0,1,1,1,1,54,8,4250,2,15,2,1,2
2018140333233,2,9,0,18,2,2,0,0,0,0,0,1,6,3,-1,-1,1968,2,3,-1,-1,-1
2018140333466,1,9,0,2,0,0,0,0,0,0,2,1,2,2,47,8,998,1,10,5,1,5
2018140333466,2,9,0,18,0,0,0,0,0,0,1,1,6,3,-1,-1,1242,1,16,-1,-1,-1
2018140333492,1,11,0,5,0,1,0,0,0,0,0,1,1,1,59,9,8268,2,16,9,1,9
2018140333500,1,9,0,18,0,1,0,0,0,0,1,1,6,3,-1,-1,1896,2,15,-1,-1,-1
2018140333500,2,9,0,18,0,1,0,0,0,0,2,1,5,2,46,8,1108,1,7,-1,-1,-1
2018140333500,3,9,0,18,0,1,0,0,0,0,2,1,6,1,21,5,2400,2,4,-1,-1,-1
2018140333524,1,9,0,16,0,0,0,0,0,0,3,1,5,1,32,6,1560,2,7,6,1,6
2018140333524,2,9,0,17,0,0,0,0,0,0,3,1,5,2,48,8,1598,2,4,10,1,10
2018140333563,1,2,0,18,0,0,0,0,0,0,3,1,5,1,16,4,49,1,3,3,1,3
2018140333563,2,9,0,18,0,0,0,0,0,0,1,1,5,1,33,6,1995,2,13,7,2,7
2018140333574,1,11,0,18,0,8,0,0,0,0,3,1,1,1,24,5,4461,2,5,9,2,9
2018140333574,2,98,0,18,0,8,0,0,0,0,1,1,6,3,-1,-1,-1,-1,-1,-1,-1,-1
2018140333599,1,9,0,18,0,0,1,0,0,0,3,1,5,2,22,5,998,1,9,1,1,1
2018140333599,2,19,0,18,0,0,0,0,0,0,3,1,6,1,70,10,1968,2,6,3,1,3
2018140333655,1,9,0,11,0,1,0,0,0,0,4,1,6,3,40,7,-1,-1,-1,-1,-1,-1
2018140333655,2,9,0,18,0,1,0,0,0,0,3,1,5,2,23,5,1248,2,4,1,3,1
2018140333655,3,9,0,18,0,1,0,0,0,0,2,1,5,2,59,9,1596,1,17,6,1,6
2018140333671,1,9,0,1,0,0,0,0,0,0,2,1,5,1,26,6,998,1,5,2,1,2
2018140333705,1,9,0,18,0,0,1,0,0,0,1,1,6,1,27,6,4951,1,-1,6,1,6
2018140333705,2,9,0,18,0,0,0,0,0,0,1,1,6,1,40,7,1995,2,8,3,1,3
2018140333749,1,9,0,4,0,0,0,0,0,0,2,1,5,1,49,8,1956,2,9,1,2,1
2018140333749,2,9,0,4,0,0,0,0,0,0,1,1,5,1,52,8,3800,1,10,2,1,2
2018140333827,1,1,0,18,0,0,2,0,0,0,1,1,6,1,67,10,-1,-1,-1,4,1,4
2018140333827,2,9,0,9,0,0,0,0,0,0,3,1,6,3,-1,-1,-1,-1,-1,-1,-1,-1
2018140333854,1,9,0,9,0,5,0,0,0,0,1,1,6,1,42,7,1997,2,9,1,1,1
2018140333854,2,1,0,18,0,1,0,0,0,0,1,1,6,1,11,3,-1,-1,-1,2,1,2
2018140333863,1,9,0,16,0,0,1,0,7,11,1,1,5,1,19,4,1896,2,13,1,1,1
2018140333870,1,9,0,18,0,1,0,0,0,0,1,1,5,2,26,6,1242,1,10,3,1,3
2018140333870,2,9,0,7,0,5,0,0,0,0,3,1,5,2,43,7,1149,1,12,1,1,1
2018140333890,1,5,0,14,0,1,0,0,0,0,3,1,2,1,55,8,599,1,12,10,1,10
2018140333890,2,9,0,18,0,1,0,0,0,0,3,1,2,1,30,6,-1,-1,-1,10,1,10
2018140333893,1,9,0,9,0,0,0,0,0,0,1,1,5,1,30,6,998,1,16,2,1,2
2018140333902,1,9,0,9,0,1,0,0,0,0,1,1,2,2,44,7,1390,1,4,2,1,2
2018140333902,2,8,0,18,0,1,0,0,0,0,1,1,1,1,41,7,1997,2,4,2,1,2
2018140333909,1,9,0,16,0,0,0,0,2,0,1,1,5,2,38,7,1399,2,12,1,2,1
2018140333909,2,-1,0,17,0,0,0,0,0,0,3,1,6,3,-1,-1,-1,-1,-1,-1,-1,-1
2018140333915,1,9,0,18,0,0,0,0,0,0,1,1,5,1,26,6,1995,1,7,5,1,5
2018140333925,1,19,0,4,0,0,0,0,0,0,2,1,1,1,64,9,2143,2,3,1,1,1
2018140333925,2,9,0,18,0,0,0,0,0,0,1,1,6,3,-1,-1,1390,1,7,-1,-1,-1
2018140333933,1,3,0,3,0,0,0,0,0,0,1,1,6,1,31,6,124,1,8,5,1,5
2018140333933,2,9,0,18,0,0,0,0,0,0,1,1,6,1,-1,-1,2987,2,4,-1,-1,-1
2018140333959,1,9,0,9,0,0,0,0,7,9,3,1,5,2,33,6,1587,1,10,4,1,4
2018140333959,2,9,0,13,0,0,0,0,7,4,1,1,6,3,20,4,-1,-1,-1,-1,-1,-1
2018140333988,1,9,0,9,0,1,0,0,0,0,1,1,5,2,47,8,1995,2,9,1,1,1
2018140333988,2,9,0,13,0,1,2,7,0,0,1,1,5,2,26,6,1240,1,15,1,1,1
2018140334009,1,9,0,18,0,0,1,0,8,0,2,1,6,2,72,10,1968,2,2,8,1,8
2018140334009,2,21,0,11,0,0,0,0,0,0,4,1,2,1,36,7,12900,2,7,1,1,1
2018140334018,1,9,0,9,0,1,0,0,0,0,4,1,5,1,64,9,2720,2,13,10,1,10
2018140334018,2,1,0,18,4,1,0,0,0,0,1,1,5,2,21,5,-1,-1,-1,2,1,2
2018140334042,1,9,0,7,0,8,0,0,0,0,4,1,2,2,47,8,1968,2,7,10,2,10
2018140334042,2,1,0,18,0,1,0,0,0,0,1,1,6,1,-1,-1,-1,-1,-1,-1,-1,-1
2018140334044,1,11,0,18,0,2,0,0,0,0,0,1,6,1,50,8,9000,2,8,1,1,1
2018140334045,1,9,0,1,9,0,0,0,0,0,2,1,6,3,-1,-1,-1,-1,-1,-1,-1,-1
2018140334064,1,9,0,10,0,8,0,0,0,0,1,1,1,1,27,6,-1,-1,-1,1,1,1
2018140334064,2,1,0,18,9,8,0,0,0,0,1,1,6,1,-1,-1,-1,-1,-1,-1,-1,-1
2018140334161,1,3,0,18,0,0,2,0,0,0,1,1,1,1,25,5,125,1,3,4,1,4
2018140334161,2,9,0,9,0,0,0,0,0,0,4,1,6,3,-1,-1,2143,2,8,-1,-1,-1
2018140334221,1,9,0,18,0,0,0,0,0,0,4,1,5,1,68,10,2993,2,-1,10,1,10
2018140334221,2,1,0,18,0,0,0,0,0,0,3,1,5,1,56,9,-1,-1,-1,9,1,9
2018140334272,1,9,0,18,0,0,1,10,7,0,1,1,6,1,36,7,1679,1,17,-1,-1,-1
2018140334287,1,9,0,18,0,3,0,0,0,0,4,1,2,2,47,8,1596,1,8,5,2,5
2018140334287,2,21,0,9,0,3,0,0,0,0,1,1,1,1,49,8,3920,2,5,9,1,9
2018140334298,1,9,0,4,0,0,0,0,0,0,2,1,2,1,62,9,1968,2,10,9,1,9
2018140334298,2,21,0,4,0,0,0,0,0,0,1,1,1,1,44,7,4461,2,6,7,1,7
2018140334313,1,9,0,15,0,0,2,0,8,0,1,1,6,3,-1,-1,1753,2,10,-1,-1,-1
2018140334313,2,9,0,18,-1,0,0,0,0,0,1,1,6,3,-1,-1,-1,-1,-1,-1,-1,-1
2018140334313,3,9,0,18,0,0,0,0,0,0,3,1,5,1,42,7,1124,1,14,1,1,1
2018140334333,1,9,0,9,0,8,0,0,0,0,1,1,5,1,23,5,1198,1,13,4,1,4
2018140334333,2,3,0,18,0,2,2,0,0,0,1,1,6,1,50,8,113,1,-1,1,1,1
2018140334337,1,9,0,18,0,1,0,0,0,0,1,1,5,2,69,10,1560,2,8,4,2,4
2018140334337,2,9,0,7,0,8,0,0,0,0,1,1,6,1,24,5,1995,2,4,6,1,6
2018140334454,1,9,0,16,0,1,1,0,7,0,1,1,6,1,28,6,1896,2,15,6,1,6
2018140334454,2,11,0,3,0,1,0,0,0,0,3,1,1,1,33,6,4461,2,5,1,1,1
2018140334454,3,9,0,2,9,1,0,0,0,0,1,1,6,1,-1,-1,1753,2,12,2,1,2
2018140334473,1,11,0,18,0,1,0,0,0,0,0,1,1,1,64,9,12000,2,10,9,1,9
2018140334473,2,9,0,18,0,6,0,0,0,0,0,1,6,1,75,10,1796,1,14,3,1,3
2018140334475,1,9,0,18,0,8,0,0,1,0,3,1,5,2,73,10,1398,1,7,1,1,1
2018140334475,2,9,0,18,0,8,0,0,0,0,1,1,2,1,38,7,1560,2,12,1,1,1
2018140334604,1,19,0,18,0,0,0,0,0,0,1,1,5,1,41,7,1598,2,7,6,1,6
2018140334648,1,9,0,18,0,0,0,0,0,0,2,1,6,1,41,7,1995,2,4,2,1,2
2018140334648,2,9,0,18,0,0,0,0,0,0,1,1,5,1,23,5,1598,2,3,6,1,6
2018140334676,1,9,0,5,0,4,0,0,0,0,2,1,6,1,29,6,1896,2,11,4,1,4
2018140334676,2,9,0,18,0,4,0,0,0,0,1,1,6,3,-1,-1,1896,2,13,-1,-1,-1
2018140334680,1,9,0,18,0,0,0,0,0,0,2,1,4,1,27,6,1395,1,1,2,1,2
2018140334680,2,9,0,18,0,0,0,0,0,0,1,1,5,1,74,10,1242,1,2,9,1,9
2018140334680,3,9,0,18,0,0,0,0,0,0,2,1,2,2,27,6,999,1,1,8,1,8
2018140334726,1,9,0,18,0,1,1,4,0,0,1,1,6,1,37,7,-1,-1,-1,10,1,10
2018140334726,2,9,0,9,0,1,0,0,0,0,1,1,6,1,29,6,1199,1,-1,-1,1,-1
2018140334726,3,9,0,2,0,2,0,0,0,0,1,1,6,3,-1,-1,1995,2,10,-1,-1,-1
2018140334740,1,9,0,9,0,8,0,0,0,0,1,1,5,1,24,5,1968,2,13,4,1,4
2018140334740,2,3,0,18,0,1,0,0,0,0,3,1,6,1,23,5,-1,-1,-1,2,1,2
2018140334772,1,9,0,18,0,8,5,0,0,0,4,1,2,2,45,7,1197,1,3,10,2,10
2018140334772,2,9,0,18,0,8,0,0,0,0,1,1,5,1,37,7,2993,2,11,7,1,7
2018140334788,1,9,0,11,0,1,0,0,0,0,2,1,5,1,23,5,1995,2,4,7,1,7
2018140334788,2,9,0,18,0,1,0,0,0,0,1,1,5,2,50,8,1499,2,1,7,1,7
2018140334788,3,9,0,17,0,1,0,0,0,0,3,1,5,1,28,6,1995,2,13,1,1,1
2018140334794,1,9,0,18,0,0,5,0,7,0,1,1,5,1,25,5,1598,1,11,6,1,6
2018140334794,2,98,-1,-1,-1,0,-1,-1,-1,0,-1,1,6,3,-1,-1,-1,-1,-1,-1,-1,-1
2018140334821,1,11,0,18,0,0,0,0,0,0,4,1,1,3,-1,-1,-1,-1,-1,-1,-1,-1
2018140334894,1,98,0,18,0,1,0,0,0,0,1,1,6,3,-1,-1,-1,-1,-1,-1,-1,-1
2018140334894,2,1,0,18,0,8,0,0,0,0,3,1,6,1,20,4,-1,-1,-1,1,1,1
2018140334936,1,19,0,4,0,0,0,0,0,0,2,1,1,1,70,10,1248,2,3,1,2,1
2018140334936,2,9,0,18,0,0,0,0,0,0,1,1,6,3,-1,-1,-1,-1,-1,-1,-1,-1
2018140334953,1,9,0,3,0,4,0,0,0,0,2,1,1,1,49,8,1956,2,4,6,1,6
2018140334953,2,20,0,18,0,4,0,0,0,0,1,1,1,1,55,8,2287,2,1,1,1,1
2018140334965,1,9,0,5,0,8,0,0,0,0,3,1,1,1,26,6,-1,-1,-1,2,1,2
2018140334965,2,9,0,5,0,8,0,0,0,0,1,1,3,1,36,7,998,1,12,2,1,2
2018140334967,1,9,0,18,0,0,0,0,0,0,1,1,3,2,18,4,998,1,11,8,1,8
2018140334967,2,9,0,18,0,0,0,0,0,0,3,1,2,2,24,5,1560,2,-1,2,1,2
2018140335098,1,9,0,9,0,6,0,0,0,0,3,1,2,2,51,8,1686,2,6,5,1,5
2018140335098,2,3,0,18,0,1,5,0,0,0,1,1,2,1,23,5,124,1,3,4,1,4
2018140335173,1,9,0,5,0,5,0,0,0,0,4,1,5,1,18,4,1390,1,10,9,1,9
2018140335173,2,3,0,15,0,1,0,0,0,0,1,1,5,1,19,4,124,1,12,7,1,7
2018140335256,1,1,0,5,0,1,0,0,0,0,1,1,6,1,42,7,-1,-1,-1,8,1,8
2018140335256,2,9,0,7,0,1,0,0,0,0,4,1,6,1,53,8,998,1,17,1,1,1
2018140335275,1,8,0,18,0,0,0,0,0,0,2,1,6,1,47,8,1968,2,4,2,1,2
2018140335275,2,9,0,18,0,0,0,0,0,0,1,1,6,3,-1,-1,1984,1,15,-1,-1,-1
2018140335674,1,9,0,14,0,0,0,0,0,0,1,1,6,1,34,6,1968,2,12,6,1,6
2018140335674,2,9,0,15,0,0,0,0,0,0,3,1,5,2,61,9,1956,2,4,6,1,6
2018140335688,1,9,0,4,0,1,0,0,0,0,3,1,2,1,53,8,1995,2,6,1,1,1
2018140335741,1,9,0,8,0,1,0,0,0,0,4,1,2,2,34,6,1596,1,12,1,1,1
2018140335741,2,1,0,18,0,8,0,0,0,0,1,1,6,1,34,6,-1,-1,-1,1,1,1
2018140335774,1,9,0,18,0,0,2,10,0,0,1,1,2,2,23,5,1242,1,8,7,2,7
2018140335774,2,9,0,18,0,0,0,0,0,0,1,1,2,2,24,5,1461,2,3,9,2,9
2018140335823,1,19,0,18,0,0,0,0,0,0,1,1,5,1,41,7,2463,2,14,7,1,7
2018140335842,1,9,0,7,0,1,0,0,0,0,4,1,6,1,-1,-1,1240,1,12,-1,-1,-1
2018140335842,2,1,0,18,0,1,5,0,0,0,1,1,6,2,52,8,-1,-1,-1,10,1,10
2018140335851,1,9,0,18,0,0,0,0,0,0,1,1,2,2,34,6,1199,1,-1,8,1,8
2018140335853,1,9,0,7,0,1,0,0,0,0,4,1,5,1,50,8,1360,1,16,1,1,1
2018140335853,2,1,0,18,0,1,2,0,0,0,1,1,6,2,33,6,-1,-1,-1,9,1,9
2018140335865,1,9,0,9,0,1,0,0,0,0,1,1,5,1,36,7,1995,2,3,3,1,3
2018140335865,2,1,0,18,0,1,0,0,0,0,1,1,5,1,36,7,-1,-1,-1,5,1,5
2018140335895,1,1,0,18,0,0,0,0,0,0,1,1,1,1,37,7,-1,-1,-1,4,1,4
2018140335895,2,98,0,6,0,0,0,0,0,0,4,1,6,1,-1,-1,-1,-1,-1,-1,-1,-1
2018140335905,1,9,0,9,0,1,0,0,0,0,1,1,5,2,58,9,1686,2,6,1,1,1
2018140335921,1,9,0,9,0,8,0,0,0,0,3,1,6,2,24,5,1560,2,4,2,2,2
2018140335921,2,3,0,18,0,1,0,0,0,0,1,1,6,1,17,4,125,1,3,1,1,1
2018140335937,1,9,0,18,0,8,0,0,0,0,4,1,5,1,73,10,1499,2,3,3,1,3
2018140335937,2,9,0,18,0,8,0,0,0,0,1,1,5,1,31,6,1598,2,3,9,1,9
2018140335939,1,9,0,4,0,1,0,0,0,0,1,1,5,1,79,11,996,1,8,2,1,2
2018140335939,2,9,0,5,0,6,0,0,0,0,1,1,1,1,40,7,1248,2,4,-1,-1,-1
2018140335939,3,9,0,3,0,8,0,0,0,0,2,1,5,2,28,6,1597,2,5,10,1,10
2018140335981,1,19,0,9,0,8,0,0,0,0,4,1,1,1,35,6,2143,2,1,7,1,7
2018140335981,2,19,0,18,0,8,0,0,0,0,1,1,6,2,30,6,2461,2,16,4,1,4
2018140335992,1,9,0,3,0,0,0,0,0,0,2,1,1,2,26,6,1390,1,8,1,1,1
2018140335992,2,98,0,18,0,0,0,0,0,0,1,1,6,3,-1,-1,-1,-1,-1,-1,-1,-1
2018140335992,3,9,0,18,0,0,0,0,0,0,1,1,5,2,44,7,1910,2,10,1,1,1
2018140336019,1,8,0,9,0,1,0,0,0,0,3,1,1,1,-1,-1,-1,-1,-1,-1,-1,-1
2018140336027,1,9,0,18,0,0,0,0,0,0,1,1,1,2,45,7,1328,1,9,4,1,4
2018140336055,1,9,0,18,0,8,0,0,0,0,3,1,5,2,53,8,1240,1,13,1,1,1
2018140336055,2,9,0,18,0,8,0,0,0,0,1,1,6,1,56,9,-1,-1,-1,1,1,1
2018140336088,1,9,0,4,0,1,0,0,0,0,1,1,5,2,68,10,1242,1,10,1,1,1
2018140336088,2,9,0,18,0,2,0,0,0,0,1,1,6,1,35,6,1499,2,2,2,1,2
2018140336118,1,9,0,9,0,5,0,0,0,0,1,1,5,1,53,8,1956,2,8,3,1,3
2018140336223,1,9,0,5,0,0,1,0,1,0,4,1,6,1,19,4,1896,2,18,1,1,1
2018140336226,1,1,0,18,0,1,0,0,0,0,1,1,1,1,27,6,-1,-1,-1,3,1,3
2018140336226,2,9,0,9,0,8,0,0,0,0,1,1,1,1,58,9,1995,2,1,9,2,9
2018140336252,1,9,0,18,0,4,0,0,0,0,1,1,6,2,34,6,1364,1,14,4,1,4
2018140336252,2,2,0,18,0,3,0,0,0,0,4,1,6,1,17,4,49,1,3,4,1,4
2018140336270,1,9,0,18,0,0,1,0,5,0,1,1,5,1,55,8,1984,1,1,8,1,8
2018140336277,1,9,0,18,0,0,0,0,1,0,1,1,6,1,40,7,2993,2,8,2,1,2
2018140336281,1,5,0,3,0,0,0,0,0,0,1,1,1,1,42,7,999,1,1,-1,-1,-1
2018140336281,2,19,0,1,0,0,0,0,0,0,2,1,1,1,-1,-1,1968,2,4,-1,-1,-1
2018140336303,1,9,0,-1,0,4,0,0,0,0,2,1,6,2,44,7,1896,2,13,2,1,2
2018140336303,2,9,0,-1,0,4,0,0,0,0,1,1,6,3,-1,-1,1390,1,12,-1,-1,-1
2018140336310,1,9,0,18,0,0,0,0,0,0,4,1,6,1,36,7,2204,2,12,1,1,1