Accident_Index,Vehicle_Reference,Vehicle_Type,Towing_and_Articulation,Vehicle_Manoeuvre,Vehicle_Location-Restricted_Lane,Junction_Location,Skidding_and_Overturning,Hit_Object_in_Carriageway,Vehicle_Leaving_Carriageway,Hit_Object_off_Carriageway,1st_Point_of_Impact,Was_Vehicle_Left_Hand_Drive?,Journey_Purpose_of_Driver,Sex_of_Driver,Age_of_Driver,Age_Band_of_Driver,Engine_Capacity_(CC),Propulsion_Code,Age_of_Vehicle,Driver_IMD_Decile,Driver_Home_Area_Type,Vehicle_IMD_Decile
2018140341617,1,9,0,18,0,1,0,0,0,0,1,1,5,1,36,7,1461,2,14,4,1,4
2018140341620,1,9,0,5,0,6,0,0,0,0,2,1,5,2,46,8,998,1,11,10,2,10
2018140341620,2,9,0,18,0,1,0,0,0,0,1,1,5,2,66,10,1242,1,10,7,1,7
2018140341632,1,19,0,18,0,0,0,0,0,0,1,1,1,1,46,8,2143,2,2,4,1,4
2018140341632,2,9,0,18,0,0,0,0,0,0,2,1,5,1,61,9,1997,2,14,6,3,6
2018140341639,1,9,0,18,0,8,0,0,0,0,1,1,1,1,46,8,1968,2,3,1,1,1
2018140341653,1,8,0,3,0,8,0,0,0,0,2,1,1,1,41,7,2143,2,3,1,1,1
2018140341653,2,9,0,18,0,1,0,0,0,0,1,1,6,3,-1,-1,2967,2,5,-1,-1,-1
2018140341709,1,1,0,18,0,1,5,0,0,0,1,1,5,1,47,8,-1,-1,-1,2,1,2
2018140341709,2,9,0,5,0,1,0,0,0,0,1,1,6,1,20,4,1388,1,11,6,1,6
2018140341777,1,19,0,1,0,0,0,0,0,0,2,1,1,1,48,8,1598,2,3,2,1,2
2018140341786,1,11,0,5,0,0,0,0,0,0,0,1,1,1,41,7,9000,2,6,1,2,1
2018140341795,1,9,0,18,0,8,0,0,0,0,1,1,5,1,29,6,1598,2,-1,5,1,5
2018140341795,2,9,0,18,0,8,0,0,0,0,3,1,5,1,49,8,1968,2,4,1,1,1
2018140341823,1,9,0,18,0,3,0,7,1,0,1,1,5,2,34,6,1388,1,13,5,1,5
2018140341859,1,9,0,18,0,2,1,0,7,0,1,1,5,1,22,5,1596,1,5,6,1,6
2018140341859,2,9,0,18,0,1,0,0,0,0,2,1,5,2,24,5,1956,2,7,5,2,5
2018140341911,1,9,0,2,0,8,0,0,0,0,2,1,5,2,64,9,998,1,10,3,1,3
2018140341911,2,8,0,5,0,1,0,0,0,0,1,1,1,1,39,7,1997,2,11,1,1,1
2018140341928,1,9,4,18,0,0,4,0,1,0,4,1,5,1,45,7,2495,2,19,2,1,2
2018140341948,1,9,0,18,0,2,0,0,0,0,1,1,6,3,-1,-1,-1,-1,-1,-1,-1,-1
2018140341970,1,9,0,3,0,8,0,0,0,0,2,1,5,2,32,6,1995,2,8,4,1,4
2018140341970,2,9,0,5,0,8,0,0,0,0,1,1,1,1,23,5,998,1,9,4,1,4
2018140341976,1,9,0,18,0,0,0,0,0,0,1,1,6,2,21,5,1896,2,13,1,1,1
2018140341976,2,9,0,18,0,0,0,0,0,0,2,1,6,1,-1,-1,1968,2,11,-1,-1,-1
2018140341979,1,9,0,18,0,1,0,0,0,0,1,1,5,2,48,8,1596,1,13,1,1,1
2018140341979,2,9,0,4,0,1,0,0,0,0,2,1,5,2,46,8,998,1,17,2,1,2
2018140341988,1,9,0,13,0,0,1,4,0,0,4,1,6,3,-1,-1,1399,1,-1,-1,-1,-1
2018140341988,2,9,0,3,0,0,0,0,0,0,3,1,5,2,35,6,-1,-1,-1,4,1,4
2018140341988,3,9,0,18,0,0,0,0,0,0,3,1,2,1,30,6,1395,1,4,1,1,1
2018140342024,1,9,0,18,0,1,0,0,1,0,4,1,6,1,29,6,1399,2,10,4,1,4
2018140342024,2,9,0,9,0,6,0,0,0,0,1,1,6,2,43,7,1596,1,9,3,1,3
2018140342065,1,5,0,10,0,8,0,0,0,0,4,1,6,1,44,7,649,1,1,1,1,1
2018140342065,2,9,0,18,0,8,0,0,0,0,3,1,2,2,34,6,1248,2,10,1,1,1
2018140342130,1,9,0,7,0,0,0,0,0,0,1,1,5,1,20,4,1242,1,3,8,1,8
2018140342130,2,9,0,18,0,0,2,0,0,0,1,1,6,1,63,9,-1,-1,-1,8,1,8
2018140342245,1,97,0,18,0,6,0,0,0,0,1,1,5,1,17,4,-1,-1,-1,4,1,4
2018140342245,2,9,0,18,0,1,0,0,0,0,1,1,5,1,30,6,1397,1,17,2,1,2
2018140342280,1,3,0,4,0,1,1,4,0,0,1,1,1,1,61,9,125,1,-1,2,1,2
2018140342280,2,9,0,2,0,1,0,0,0,0,1,1,1,1,53,8,1798,8,-1,10,1,10
2018140342293,1,8,0,16,0,1,0,0,0,0,3,1,1,1,32,6,1997,2,10,1,1,1
2018140342293,2,9,0,18,0,1,0,0,0,0,4,1,6,1,-1,-1,1598,1,13,-1,-1,-1
2018140342330,1,20,0,18,0,8,0,0,0,0,1,1,1,1,34,6,4580,2,9,2,1,2
2018140342330,2,5,0,18,0,8,0,0,0,0,4,1,1,1,27,6,745,1,3,10,1,10
2018140342346,1,9,0,8,0,4,0,0,0,0,2,1,5,2,31,6,1242,1,6,8,1,8
2018140342346,2,9,0,18,0,4,0,0,0,0,1,1,6,3,29,6,1896,2,15,1,1,1
2018140342377,1,1,0,18,0,0,0,0,0,0,1,1,2,1,43,7,-1,-1,-1,7,1,7
2018140342377,2,9,0,6,0,0,0,0,0,0,3,1,6,1,-1,-1,1995,2,4,7,1,7
2018140342390,1,9,0,18,0,0,0,0,0,0,2,1,6,2,24,5,1299,1,11,4,1,4
2018140342390,2,9,0,18,0,0,0,0,0,0,1,1,6,2,-1,-1,1339,1,8,-1,-1,-1
2018140342415,1,9,0,6,0,8,0,0,0,0,4,1,5,1,18,4,1248,2,12,1,1,1
2018140342415,2,9,0,5,0,4,0,0,0,0,1,1,5,2,53,8,998,1,10,8,1,8
2018140342436,1,9,0,5,0,0,0,0,0,0,1,1,5,2,31,6,1686,2,13,8,1,8
2018140342448,1,9,0,9,0,5,0,0,0,0,2,1,2,2,32,6,1582,2,8,1,-1,1
2018140342448,2,9,0,9,0,6,0,0,0,0,1,1,6,2,19,4,1498,1,10,3,1,3
2018140342467,1,9,0,18,0,1,0,0,0,0,1,1,5,1,63,9,2967,1,14,6,1,6
2018140342467,2,9,0,4,0,7,0,0,0,0,2,1,6,1,52,8,1398,1,-1,1,1,1
2018140342476,1,9,0,16,0,1,1,0,0,0,1,1,6,2,24,5,1560,2,9,6,1,6
2018140342476,2,9,0,18,0,1,0,0,0,0,1,1,6,2,21,5,1598,1,7,7,1,7
2018140342556,1,9,0,9,0,6,0,0,0,0,1,1,5,2,19,4,1248,1,10,3,1,3
2018140342556,2,9,0,18,0,1,1,0,0,0,1,1,5,2,23,5,1496,1,1,4,1,4
2018140342567,1,-1,0,7,0,8,0,0,0,0,1,1,6,3,-1,-1,-1,-1,-1,-1,-1,-1
2018140342567,2,2,0,18,0,3,5,0,0,0,2,1,2,1,45,7,49,1,2,6,3,6
2018140342582,1,21,0,18,0,3,5,0,1,0,4,1,1,1,32,6,12809,2,1,2,1,2
2018140342594,1,9,0,18,0,1,0,0,0,0,1,1,2,2,60,9,1598,2,8,8,2,8
2018140342607,1,9,0,18,0,1,0,0,0,0,1,1,3,1,35,6,2488,2,8,3,1,3
2018140342674,1,9,0,16,9,0,0,0,7,0,1,1,5,1,18,4,1896,2,16,3,1,3
2018140342674,2,9,0,2,9,0,0,0,0,0,1,1,6,1,58,9,1910,2,10,-1,-1,-1
2018140342674,3,19,0,2,9,0,0,0,0,0,2,1,6,1,58,9,2151,2,15,-1,-1,-1
2018140342689,1,9,0,7,0,8,0,0,7,0,4,1,5,1,37,7,1686,2,4,6,1,6
2018140342689,2,9,0,18,0,1,0,0,0,0,1,1,6,3,-1,-1,1997,2,15,-1,-1,-1
2018140342758,1,9,0,18,0,1,0,0,0,0,1,1,5,1,83,11,1498,1,-1,-1,-1,-1
2018140342758,2,22,0,18,0,8,0,0,0,0,1,1,5,2,87,11,-1,-1,-1,8,1,8
2018140342779,1,3,0,18,0,1,0,0,0,0,1,1,5,1,25,5,124,1,7,2,1,2
2018140342779,2,9,0,9,0,1,0,0,0,0,1,1,6,3,-1,-1,1598,1,16,-1,-1,-1
2018140342789,1,9,0,18,0,1,0,0,0,0,1,1,2,1,57,9,1686,2,7,10,1,10
2018140342789,2,8,0,2,0,1,0,0,0,0,2,1,1,1,62,9,1997,2,6,4,1,4
2018140343056,1,9,0,17,0,0,0,0,0,0,1,1,6,1,30,6,1198,1,8,7,2,7
2018140343056,2,3,0,16,0,0,0,7,0,0,1,1,6,1,18,4,125,1,4,4,1,4
2018140343193,1,9,0,7,0,8,0,0,0,0,3,1,6,1,55,8,1461,2,3,4,1,4
2018140343193,2,9,0,18,0,1,0,0,0,0,1,1,1,1,55,8,1968,2,1,9,1,9
2018140343240,1,9,0,18,9,2,0,0,7,0,1,1,6,1,27,6,-1,-1,-1,1,1,1
2018140343255,1,9,0,18,0,0,0,0,0,0,1,1,6,1,32,6,1560,2,10,8,1,8
2018140343255,2,1,0,18,0,0,0,0,0,0,2,1,5,1,51,8,-1,-1,-1,7,1,7
2018140343274,1,9,0,18,0,1,0,0,0,0,1,1,2,2,37,7,1998,1,15,2,1,2
2018140343306,1,9,0,9,0,8,0,0,0,0,1,1,5,1,24,5,1596,1,6,1,1,1
2018140343306,2,9,0,18,0,1,0,0,0,0,1,1,5,1,61,9,1995,2,12,1,1,1
2018140343315,1,9,0,18,0,0,0,0,0,0,4,1,5,2,40,7,1596,1,3,4,1,4
2018140343315,2,4,0,18,0,0,2,0,1,0,3,1,6,1,35,6,498,1,13,2,1,2
2018140343329,1,9,0,18,0,1,0,0,0,0,1,1,5,1,23,5,1968,2,4,4,1,4
2018140343341,1,9,0,18,0,0,0,10,0,0,1,1,6,1,41,7,1398,2,13,1,1,1
2018140343341,2,19,0,2,0,0,0,0,0,0,4,1,5,3,-1,-1,2461,2,19,-1,-1,-1
2018140343341,3,9,0,2,0,0,0,0,0,0,3,1,5,3,-1,-1,1995,2,13,-1,-1,-1
2018140343341,4,9,0,2,0,0,0,0,0,0,3,1,5,3,-1,-1,1398,1,13,-1,-1,-1
2018140343341,5,9,0,2,0,0,0,0,0,0,1,1,5,3,-1,-1,1582,2,-1,-1,-1,-1
2018140343341,6,9,0,2,0,0,0,0,0,0,1,1,5,3,-1,-1,998,1,5,-1,-1,-1
2018140343341,7,9,0,2,0,0,0,0,0,0,3,1,5,3,-1,-1,1242,1,6,-1,-1,-1
2018140343341,8,9,0,2,0,0,0,0,0,0,3,1,5,3,-1,-1,1398,1,15,-1,-1,-1
2018140343853,1,9,0,18,0,2,0,0,0,0,1,1,1,1,25,5,1149,1,3,4,1,4
2018140343863,1,9,0,5,0,2,0,0,0,0,1,1,6,1,84,11,-1,-1,-1,7,1,7
2018140343863,2,9,0,18,0,1,0,0,0,0,4,1,6,1,61,9,2967,2,12,10,1,10
2018140343924,1,9,0,18,0,0,0,0,0,0,4,1,1,1,51,8,2993,2,2,2,1,2
2018140343924,2,9,0,11,0,0,0,0,0,0,1,1,6,1,28,6,1360,1,10,2,1,2
2018140343936,1,9,0,10,0,1,0,0,0,0,2,1,6,2,44,7,998,1,1,1,1,1
2018140343936,2,9,0,18,0,1,0,0,0,0,1,1,6,1,50,8,1998,1,11,1,1,1
2018140343954,1,1,0,18,0,0,0,0,0,0,1,1,5,2,24,5,-1,-1,-1,6,1,6
2018140343954,2,9,0,5,0,0,0,0,0,0,1,1,6,1,-1,-1,1386,1,9,-1,-1,-1
2018140343981,1,9,0,9,0,8,0,0,0,0,1,1,2,2,28,6,1598,2,6,7,1,7
2018140343981,2,1,0,18,0,1,0,0,0,0,1,1,6,2,24,5,-1,-1,-1,8,1,8
2018140344003,1,9,0,18,0,0,0,0,0,0,2,1,6,1,21,5,998,1,14,2,1,2
2018140344003,2,9,0,18,0,0,0,0,0,0,2,1,6,2,60,9,1560,2,3,10,2,10
2018140344003,3,9,0,18,0,0,0,0,0,0,1,1,6,1,-1,-1,-1,-1,-1,-1,-1,-1
2018140344004,1,9,0,9,0,8,0,0,0,0,3,1,5,1,45,7,1895,1,17,8,1,8
2018140344004,2,9,0,18,0,1,0,0,0,0,1,1,5,2,50,8,1364,1,9,3,1,3
2018140344014,1,9,0,18,0,1,0,0,0,0,1,1,6,2,38,7,1560,2,6,1,1,1
2018140344028,1,9,0,18,0,1,0,0,0,0,1,1,5,2,65,9,998,1,16,7,1,7
2018140344028,2,9,0,7,0,1,0,0,0,0,4,1,5,2,53,8,2967,2,2,6,1,6
2018140344047,1,9,0,18,0,0,0,0,0,0,1,1,6,1,52,8,1598,1,18,1,1,1
2018140344047,2,9,0,5,0,0,0,0,0,0,0,1,6,3,-1,-1,-1,-1,-1,-1,-1,-1
2018140344067,1,21,0,18,0,0,0,0,0,0,1,1,1,1,40,7,10837,2,4,2,1,2
2018140344130,1,9,0,7,0,0,0,0,0,0,2,1,5,1,32,6,1461,2,8,5,1,5
2018140344130,2,9,0,18,0,0,0,0,0,0,1,1,5,1,-1,-1,1997,1,14,3,1,3
2018140344146,1,9,0,3,0,1,0,0,0,0,2,1,5,1,21,5,1398,2,12,5,1,5
2018140344146,2,9,0,18,0,1,0,0,0,0,1,1,6,1,-1,-1,1995,2,15,-1,-1,-1
2018140344171,1,9,0,18,0,2,0,0,0,0,1,1,6,3,-1,-1,1956,2,5,-1,-1,-1
2018140344180,1,9,0,3,0,0,0,0,0,0,2,1,6,1,39,7,1910,2,11,2,1,2
2018140344180,2,-1,0,18,0,0,0,0,0,0,1,1,6,3,-1,-1,-1,-1,-1,-1,-1,-1
2018140344203,1,9,0,18,0,0,0,0,0,0,3,1,5,2,27,6,1587,1,11,4,2,4
2018140344203,2,9,0,18,0,0,0,0,0,0,4,1,6,3,-1,-1,1598,1,7,-1,-1,-1
2018140344215,1,21,1,18,0,0,0,0,0,0,3,1,1,1,61,9,12742,2,-1,8,3,8
2018140344215,2,9,0,13,0,0,0,0,4,0,1,1,6,1,21,5,1686,2,16,2,1,2
2018140344215,3,9,0,18,0,0,0,0,0,0,1,1,2,1,32,6,1999,1,12,2,1,2
2018140344215,4,9,0,13,0,0,0,0,7,0,1,1,6,2,70,10,-1,-1,-1,4,1,4
2018140344215,5,9,0,18,0,0,0,0,1,0,1,1,6,1,29,6,1896,2,16,1,1,1
2018140344291,1,9,0,18,0,0,0,0,1,0,1,1,6,2,24,5,1240,1,14,1,1,1
2018140344308,1,9,0,9,0,1,0,0,0,0,1,1,5,1,70,10,1997,2,8,9,1,9
2018140344344,1,9,0,18,0,0,0,0,0,0,2,1,2,1,54,8,1598,2,-1,10,3,10
2018140344344,2,9,0,18,0,0,0,0,0,0,1,1,6,2,43,7,1968,2,-1,4,3,4
2018140344344,3,9,0,18,0,0,0,0,0,0,3,1,2,1,31,6,-1,-1,-1,4,1,4
2018140344418,1,9,0,18,0,0,0,0,0,0,4,1,3,2,28,6,1598,2,4,4,1,4
2018140344420,1,2,0,18,0,0,0,0,0,0,1,1,6,2,16,4,50,1,3,3,1,3
2018140344420,2,9,0,3,0,0,0,0,0,0,2,1,2,1,63,9,1560,2,-1,4,1,4
2018140344489,1,9,0,4,0,0,0,0,0,0,2,1,6,1,20,4,1390,1,12,5,1,5
2018140344489,2,9,0,18,0,0,0,0,0,0,1,1,6,3,-1,-1,2993,2,11,-1,-1,-1
2018140344494,1,9,0,18,0,1,0,4,0,0,1,1,1,1,30,6,1968,2,6,3,1,3
2018140344494,2,9,0,2,0,1,0,0,0,0,4,1,1,1,55,8,2198,2,8,6,1,6
2018140344494,3,9,0,2,0,1,0,0,0,0,2,1,1,1,25,5,1498,1,-1,2,1,2
2018140344514,1,9,0,17,0,0,0,0,0,0,1,1,5,2,49,8,1984,1,14,1,1,1
2018140344514,2,9,0,16,0,0,0,0,0,0,1,1,6,2,21,5,1997,2,14,8,1,8
2018140344541,1,9,0,9,0,8,0,0,0,0,4,1,1,1,42,7,-1,-1,-1,4,2,4
2018140344541,2,1,0,18,0,1,0,0,0,0,1,1,1,1,50,8,-1,-1,-1,5,1,5
2018140344605,1,9,0,18,0,0,0,0,0,0,3,1,6,1,48,8,2993,2,1,8,2,8
2018140344605,2,1,0,18,9,0,0,0,0,0,1,1,6,1,-1,-1,-1,-1,-1,-1,-1,-1
2018140344633,1,9,0,9,0,5,0,0,0,0,1,1,5,1,20,4,1242,1,7,5,2,5
2018140344633,2,2,0,5,0,1,0,0,0,0,3,1,1,1,16,4,49,1,1,1,2,1
2018140344673,1,9,0,18,0,2,0,0,0,0,1,1,5,1,25,5,1390,1,8,4,1,4
2018140344827,1,9,0,18,0,2,0,0,0,0,1,1,6,3,-1,-1,-1,-1,-1,-1,-1,-1
2018140344920,1,9,0,18,0,1,0,0,0,0,1,1,6,1,18,4,1984,1,-1,-1,-1,-1
2018140344920,2,9,0,18,0,8,0,0,0,0,3,1,6,1,35,6,1896,2,9,3,1,3
2018140344920,3,9,0,2,0,2,0,0,0,0,3,1,6,3,-1,-1,-1,-1,-1,-1,-1,-1
2018140344920,4,9,0,2,0,2,0,0,0,0,3,1,6,3,-1,-1,-1,-1,-1,-1,-1,-1
2018140344920,5,9,0,2,0,2,0,0,0,0,3,1,6,3,-1,-1,-1,-1,-1,-1,-1,-1
2018140344920,6,9,0,18,0,1,0,0,0,0,0,1,6,3,-1,-1,2993,2,-1,-1,-1,-1
2018140344920,7,9,0,2,0,2,0,0,0,0,3,1,6,3,-1,-1,-1,-1,-1,-1,-1,-1
2018140344981,1,9,0,5,0,8,0,0,0,0,1,1,5,1,26,6,1598,1,12,5,2,5
2018140344981,2,9,0,18,0,8,0,0,0,0,1,1,6,3,-1,-1,1686,2,14,-1,-1,-1
2018140344993,1,9,0,1,0,1,0,0,0,0,2,1,6,3,-1,-1,-1,-1,-1,-1,-1,-1
2018140345008,1,9,0,18,0,0,0,0,0,0,4,1,6,3,-1,-1,-1,-1,-1,-1,-1,-1
2018140345019,1,-1,0,18,0,1,0,0,0,0,4,1,6,3,-1,-1,-1,-1,-1,-1,-1,-1
2018140345019,2,1,0,18,0,1,0,0,0,0,1,1,6,1,15,3,-1,-1,-1,1,1,1
2018140345023,1,9,0,9,0,8,0,0,0,0,1,1,6,2,31,6,1398,1,13,1,1,1
2018140345023,2,3,0,18,0,8,0,0,5,0,1,1,6,1,20,4,124,1,2,1,1,1
2018140345108,1,9,0,18,0,0,0,0,0,0,2,1,5,1,71,10,1968,2,3,1,2,1
2018140345108,2,9,0,18,0,0,0,0,0,0,1,1,1,1,42,7,-1,-1,-1,3,1,3
2018140345112,1,9,0,18,0,2,0,0,0,0,3,1,3,2,35,6,1398,1,6,2,1,2
2018140345116,1,9,0,18,0,1,0,0,0,0,1,1,5,1,47,8,1560,2,4,1,1,1
2018140345118,1,9,0,4,0,0,0,4,0,0,1,1,5,1,17,4,1242,1,12,1,1,1
2018140345118,2,9,0,2,0,0,0,0,0,0,1,1,6,1,66,10,-1,-1,-1,6,1,6
2018140345122,1,9,0,10,0,1,0,0,0,0,2,1,6,2,31,6,1598,1,14,4,1,4
2018140345122,2,9,0,18,0,1,0,0,0,0,2,1,6,2,25,5,1398,1,6,9,2,9
2018140345122,3,9,0,18,0,1,0,0,0,0,1,1,6,1,58,9,1560,2,11,2,1,2
2018140345140,1,9,0,9,0,6,0,0,0,0,3,1,5,1,24,5,1968,2,9,6,1,6
2018140345140,2,9,0,18,0,1,1,4,0,0,1,1,1,1,41,7,1968,2,8,1,1,1
2018140345140,3,9,0,2,0,2,0,0,0,0,2,1,6,2,19,4,1598,2,4,2,1,2
2018140345140,4,9,0,2,0,2,0,0,1,0,2,1,6,1,58,9,1598,2,6,2,1,2
2018140345153,1,19,0,18,0,1,0,0,0,0,1,1,1,1,45,7,1560,2,2,8,1,8
2018140345159,1,9,0,1,0,0,0,0,0,0,2,1,1,1,30,6,1398,1,15,1,1,1
2018140345163,1,9,0,18,9,2,0,10,1,0,1,1,5,1,72,10,1242,1,6,9,1,9
2018140345172,1,19,0,5,0,0,0,0,0,0,1,1,1,1,32,6,2198,2,2,3,1,3
2018140345172,2,9,0,18,0,0,0,0,0,0,1,1,5,1,73,10,1242,1,7,2,1,2
2018140345191,1,9,0,18,0,2,0,0,0,0,4,1,5,2,37,7,-1,-1,-1,4,1,4
2018140345192,1,9,0,3,0,8,0,0,0,0,2,1,5,2,44,7,1984,1,1,1,1,1
2018140345192,2,9,0,18,0,1,0,0,0,0,1,1,6,3,-1,-1,1968,2,7,-1,-1,-1
2018140345214,1,9,0,7,0,3,0,0,0,0,1,1,6,1,55,8,1339,1,6,9,1,9
2018140345221,1,9,0,18,0,2,0,0,0,0,2,1,6,1,23,5,1896,2,13,2,1,2
2018140345221,2,9,0,18,0,2,0,0,0,0,1,1,6,1,26,6,1390,1,9,3,1,3
2018140345235,1,9,0,3,0,1,0,0,0,0,2,1,1,1,53,8,1422,2,2,1,1,1
2018140345235,2,9,0,4,0,1,0,0,0,0,1,1,6,1,28,6,1968,2,8,8,1,8
2018140345278,1,9,0,18,0,2,0,0,0,0,4,1,5,2,19,4,-1,-1,-1,10,1,10
2018140345289,1,9,0,18,0,0,0,0,0,0,2,1,1,2,22,5,1560,2,12,5,2,5
2018140345289,2,9,0,18,0,0,0,0,0,0,1,1,6,2,19,4,998,1,12,2,2,2
2018140345300,1,9,0,18,0,0,0,0,0,0,1,1,5,1,77,11,1364,1,10,9,2,9
2018140345300,2,9,0,18,0,0,0,0,0,0,1,1,5,1,45,7,1560,2,-1,9,1,9
2018140345321,1,9,0,18,0,0,5,0,0,0,4,1,5,2,96,11,1395,1,2,10,1,10
2018140345321,2,9,0,2,0,0,0,0,0,0,3,1,6,2,60,9,1560,2,7,10,1,10
2018140345348,1,9,0,18,0,0,0,0,0,0,2,1,5,2,42,7,1598,1,2,1,1,1
2018140345348,2,9,0,18,0,0,0,0,0,0,2,1,5,2,18,4,1242,1,13,5,1,5
2018140345348,3,19,0,18,0,0,0,0,0,0,1,1,5,1,57,9,1248,2,4,6,1,6
2018140345354,1,9,0,5,0,0,0,0,0,0,3,1,5,2,40,7,1995,2,7,1,1,1
2018140345354,2,9,0,13,0,0,0,0,0,0,1,1,6,2,20,4,1242,1,6,-1,-1,-1
2018140345374,1,9,0,18,0,1,0,0,0,0,3,1,5,1,58,9,1598,2,4,1,1,1
2018140345374,3,9,0,18,0,1,0,0,0,0,1,1,5,2,73,10,1390,1,10,6,3,6
2018140345434,1,9,0,18,0,0,0,0,0,0,1,1,6,1,25,5,1995,2,8,4,1,4
2018140345434,2,21,0,18,0,0,0,0,0,0,2,1,1,1,51,8,12777,2,2,7,1,7
2018140345480,1,9,0,18,0,0,0,0,0,0,1,1,5,2,34,6,1560,2,6,6,-1,6
2018140345480,2,9,0,4,0,0,0,0,0,0,2,1,6,1,55,8,1499,1,3,10,1,10
2018140345480,3,9,0,4,0,0,0,0,0,0,2,1,5,2,22,5,1997,1,5,8,1,8
2018140345480,4,19,0,4,0,0,0,0,0,0,2,1,1,1,29,6,2143,2,1,8,2,8
2018140345517,1,9,0,18,0,8,0,0,0,0,4,1,5,2,55,8,1398,2,3,7,3,7
2018140345517,2,9,0,18,0,1,0,0,0,0,1,1,5,1,65,9,1753,2,8,7,1,7
2018140345517,3,9,0,3,0,1,0,0,0,0,1,1,5,1,76,11,1910,2,10,7,1,7
2018140345537,1,9,0,18,0,8,0,0,0,0,1,1,5,1,46,8,1364,2,8,6,1,6
2018140345537,2,9,0,18,0,8,0,0,0,0,3,1,1,2,47,8,1461,2,2,8,1,8
2018140345537,3,9,0,2,0,1,0,0,0,0,1,1,6,2,25,5,1390,1,5,7,2,7
2018140345539,1,8,0,18,0,0,0,0,0,0,2,1,1,1,34,6,1995,2,13,1,2,1
2018140345539,2,9,0,18,0,0,0,0,0,0,1,1,6,1,-1,-1,1900,2,13,1,1,1
2018140345555,1,9,0,9,0,1,1,0,7,0,1,1,5,2,17,4,998,1,9,7,1,7
2018140345556,1,9,0,18,0,0,1,0,7,0,4,1,5,2,43,7,1388,1,11,6,1,6
2018140345556,2,9,0,18,0,0,0,0,0,0,3,1,1,1,49,8,-1,-1,-1,7,1,7
2018140345573,1,9,0,18,0,0,1,6,0,0,1,1,5,1,26,6,1896,2,11,1,1,1
2018140345574,1,9,0,9,0,1,0,0,0,0,1,1,2,2,72,10,1388,1,15,1,1,1
2018140345574,2,19,0,18,0,1,0,0,0,0,1,1,1,1,29,6,1997,2,-1,1,1,1
2018140345587,1,9,0,18,0,0,0,0,0,0,1,1,2,2,57,9,1968,2,1,4,1,4
2018140345628,1,9,0,18,0,0,0,0,0,0,1,1,5,1,66,10,2494,8,-1,1,1,1
2018140345637,1,9,0,4,0,2,0,0,0,0,2,1,5,2,36,7,1242,1,13,5,1,5
2018140345637,2,9,0,18,0,2,0,0,0,0,1,1,2,2,24,5,1198,1,6,2,1,2
2018140345639,1,9,0,18,0,0,0,0,0,0,0,1,5,2,29,6,1796,1,14,2,1,2
2018140345639,2,9,0,12,0,0,0,0,0,0,3,1,6,2,-1,-1,1596,1,3,10,1,10
2018140345645,2,9,0,18,0,0,0,0,0,0,2,1,2,1,42,7,-1,-1,-1,3,1,3
2018140345645,3,5,0,18,0,0,0,0,0,0,1,1,6,1,26,6,1050,1,7,9,1,9
2018140345658,1,9,0,18,0,0,0,0,0,0,4,1,2,2,21,5,1493,2,13,1,1,1
2018140345658,2,1,0,18,0,0,0,0,0,0,1,1,6,1,19,4,-1,-1,-1,1,1,1
2018140345730,1,1,0,18,0,0,0,0,0,0,3,1,6,1,44,7,-1,-1,-1,1,1,1
2018140345730,2,9,0,18,0,0,0,0,0,0,4,1,6,3,-1,-1,-1,-1,-1,-1,-1,-1
2018140345754,1,9,0,18,0,0,0,0,0,0,1,1,1,2,36,7,1900,2,12,1,1,1
2018140345754,2,9,0,18,0,0,0,0,0,0,1,1,6,3,-1,-1,2987,2,10,-1,-1,-1
2018140345758,1,19,0,18,0,0,0,0,0,0,1,1,2,1,49,8,1997,2,1,10,1,10
2018140345770,1,9,0,9,0,6,0,0,0,0,1,1,5,1,27,6,1598,1,13,1,1,1
2018140345770,2,1,0,18,0,1,0,0,0,0,1,1,6,1,38,7,-1,-1,-1,1,1,1
2018140345776,1,9,0,4,0,1,0,0,0,0,4,1,5,1,80,11,1198,1,7,6,1,6
2018140345776,2,1,0,18,0,8,0,0,0,0,1,1,5,1,98,11,-1,-1,-1,2,1,2
2018140345813,1,9,0,4,0,0,0,0,0,0,1,1,1,1,37,7,1598,2,2,1,1,1
2018140345844,1,11,0,2,0,0,0,0,0,0,0,1,1,1,31,6,6700,2,2,3,1,3
2018140345855,1,22,0,18,0,8,2,0,0,0,4,1,5,2,51,8,-1,-1,-1,6,1,6
2018140345855,2,9,0,17,0,8,0,0,0,0,4,1,6,2,-1,-1,-1,-1,-1,-1,-1,-1
2018140345929,1,1,0,18,4,1,5,0,0,0,3,1,6,1,28,6,-1,-1,-1,10,1,10
2018140345929,2,9,0,18,0,1,0,0,0,0,1,1,6,2,-1,-1,998,1,5,7,1,7
2018140346016,1,9,0,18,0,0,0,0,7,11,1,1,6,2,34,6,1329,1,8,1,1,1
2018140346020,1,9,0,18,0,0,0,0,0,0,1,1,6,1,32,6,2148,2,9,6,1,6
2018140346030,1,9,0,18,0,8,0,0,0,0,1,1,6,1,45,7,-1,-1,-1,6,1,6
2018140346030,2,9,0,18,0,8,0,0,0,0,3,1,1,1,48,8,1968,2,-1,9,1,9
2018140346038,1,9,0,18,0,8,0,0,0,0,1,1,2,2,53,8,1798,8,3,10,1,10