Accident_Index,Vehicle_Reference,Vehicle_Type,Towing_and_Articulation,Vehicle_Manoeuvre,Vehicle_Location-Restricted_Lane,Junction_Location,Skidding_and_Overturning,Hit_Object_in_Carriageway,Vehicle_Leaving_Carriageway,Hit_Object_off_Carriageway,1st_Point_of_Impact,Was_Vehicle_Left_Hand_Drive?,Journey_Purpose_of_Driver,Sex_of_Driver,Age_of_Driver,Age_Band_of_Driver,Engine_Capacity_(CC),Propulsion_Code,Age_of_Vehicle,Driver_IMD_Decile,Driver_Home_Area_Type,Vehicle_IMD_Decile
2018140346038,2,1,0,18,0,8,0,0,0,0,1,1,6,1,16,4,-1,-1,-1,10,1,10
2018140346048,1,9,0,2,0,1,0,0,0,0,4,1,5,1,49,8,1598,1,13,1,1,1
2018140346048,2,3,0,18,0,1,0,0,0,0,1,1,6,3,-1,-1,125,1,3,-1,-1,-1
2018140346048,3,9,0,4,0,1,0,0,0,0,0,1,1,1,27,6,1560,2,-1,-1,-1,-1
2018140346054,1,9,0,18,0,8,0,0,1,0,4,1,5,2,67,10,1349,1,6,9,2,9
2018140346054,2,9,0,18,0,8,0,0,0,0,1,1,1,1,30,6,2184,2,4,9,-1,9
2018140346065,1,9,0,4,0,1,0,0,0,0,2,1,2,2,30,6,899,1,3,9,1,9
2018140346065,2,9,0,18,0,1,0,0,0,0,1,1,1,1,38,7,-1,-1,-1,3,1,3
2018140346122,1,9,0,9,0,8,0,0,0,0,1,1,5,2,43,7,1390,1,4,7,1,7
2018140346122,2,5,0,18,0,1,5,0,0,0,1,1,2,1,30,6,599,1,9,8,1,8
2018140346160,1,9,0,3,0,1,0,0,0,0,2,1,2,2,54,8,999,1,2,6,1,6
2018140346160,2,9,0,18,0,1,0,0,0,0,1,1,6,2,23,5,1995,2,10,8,3,8
2018140346168,1,9,0,9,0,8,0,0,0,0,3,1,2,2,50,8,1997,1,15,8,1,8
2018140346168,2,9,0,18,0,1,0,0,0,0,1,1,2,1,46,8,1598,2,7,1,1,1
2018140346199,1,9,0,18,0,8,0,7,0,0,4,1,6,1,46,8,1591,1,-1,1,1,1
2018140346221,1,9,0,18,0,0,0,0,0,0,3,1,5,1,50,8,1910,2,12,-1,-1,-1
2018140346221,2,1,0,18,0,0,0,0,0,0,1,1,6,1,11,3,-1,-1,-1,4,1,4
2018140346225,1,9,0,18,0,8,1,0,1,0,1,1,5,1,34,6,2000,2,13,5,1,5
2018140346225,2,9,0,18,0,8,0,0,0,0,1,1,1,1,45,7,2993,2,1,1,1,1
2018140346225,3,9,0,18,0,8,0,0,0,0,4,1,5,1,28,6,1560,2,4,3,2,3
2018140346244,1,9,0,18,0,1,0,0,0,0,1,1,5,2,66,10,1248,1,4,5,1,5
2018140346244,2,9,0,18,0,2,0,0,0,0,1,1,1,1,18,4,1422,2,14,8,1,8
2018140346249,1,9,0,18,0,0,0,0,0,0,1,1,5,1,82,11,1242,1,4,4,3,4
2018140346250,1,9,0,18,0,0,0,0,0,0,1,1,6,1,45,7,1560,2,8,5,1,5
2018140346250,2,9,0,2,0,0,0,0,0,0,2,1,5,3,-1,-1,1490,1,11,-1,-1,-1
2018140346250,3,9,0,2,0,0,0,0,0,0,1,1,5,3,-1,-1,1598,2,5,-1,-1,-1
2018140346251,1,9,0,3,0,8,0,0,0,0,2,1,5,2,22,5,1390,1,4,4,1,4
2018140346251,2,19,0,18,0,8,1,0,0,0,1,1,1,1,27,6,1560,2,3,1,1,1
2018140346257,1,9,0,7,0,6,1,0,0,0,1,1,5,1,74,10,1560,2,-1,7,2,7
2018140346257,2,19,0,18,0,1,1,0,0,0,1,1,1,1,32,6,1995,2,11,3,1,3
2018140346520,1,9,0,18,0,1,0,0,0,0,1,1,6,1,66,10,2204,2,11,4,1,4
2018140346520,2,1,0,18,0,6,0,0,0,0,1,1,6,1,13,3,-1,-1,-1,2,1,2
2018140346591,1,1,0,18,0,1,0,0,1,0,3,1,2,1,52,8,-1,-1,-1,10,1,10
2018140346591,2,9,0,9,0,8,0,0,0,0,1,1,2,1,62,9,-1,-1,-1,6,1,6
2018140346597,1,9,0,18,0,0,0,0,0,0,3,1,5,2,40,7,1596,1,12,2,1,2
2018140346597,2,9,0,18,0,0,0,0,0,0,4,1,6,3,-1,-1,1598,2,4,-1,-1,-1
2018140346619,1,9,0,18,0,4,0,0,0,0,1,1,5,2,18,4,1399,2,9,2,1,2
2018140346619,2,3,0,18,0,8,0,0,0,0,4,1,6,1,49,8,124,1,10,2,1,2
2018140346636,1,9,0,7,0,3,1,7,0,0,2,1,5,1,52,8,1686,2,16,2,1,2
2018140346636,2,9,0,5,0,4,0,0,0,0,1,1,6,2,24,5,-1,-1,-1,-1,-1,-1
2018140346658,1,9,0,3,0,0,0,0,0,0,2,1,6,2,47,8,2143,2,3,5,1,5
2018140346658,2,9,0,18,0,0,0,0,0,0,1,1,6,3,-1,-1,-1,-1,-1,-1,-1,-1
2018140346658,3,9,0,18,0,0,0,0,0,0,1,1,6,3,-1,-1,1995,2,2,-1,-1,-1
2018140346669,1,9,0,18,0,1,0,0,0,0,1,1,1,1,32,6,-1,-1,-1,1,1,1
2018140346669,2,9,0,9,0,6,0,0,0,0,4,1,5,2,60,9,3456,1,8,9,1,9
2018140346698,1,9,0,18,0,0,0,0,0,0,4,1,6,1,59,9,1248,1,-1,4,1,4
2018140346698,2,1,0,18,0,0,0,0,0,0,1,1,6,1,61,9,-1,-1,-1,8,1,8
2018140346706,1,9,0,18,0,0,0,0,0,0,1,1,2,2,22,5,1248,1,1,6,3,6
2018140346706,2,9,0,18,0,0,0,0,0,0,1,1,2,2,40,7,1398,1,4,9,1,9
2018140346706,3,9,0,18,0,0,0,0,0,0,2,1,2,1,26,6,999,1,3,3,1,3
2018140346711,1,9,0,7,0,8,0,0,0,0,1,1,6,1,49,8,2401,2,13,2,-1,2
2018140346711,2,11,0,17,0,1,0,0,0,0,4,1,1,1,52,8,4461,2,4,2,1,2
2018140346773,1,9,0,7,0,6,0,0,0,0,4,1,5,2,19,4,1390,1,9,5,1,5
2018140346798,1,9,0,5,9,0,0,0,0,0,1,1,5,2,23,5,1197,1,1,3,1,3
2018140346822,1,9,0,9,0,6,0,0,5,0,3,1,1,2,49,8,1896,2,12,6,1,6
2018140346822,2,9,0,18,0,1,0,0,0,0,1,1,1,1,25,5,1560,2,9,1,1,1
2018140346853,1,9,0,18,0,0,0,0,0,0,2,1,2,1,46,8,1968,2,11,2,1,2
2018140346853,2,9,0,18,0,0,0,0,0,0,1,1,6,1,38,7,1998,2,12,1,1,1
2018140346857,1,1,0,18,0,0,5,0,1,0,3,1,6,1,52,8,-1,-1,-1,9,2,9
2018140346857,2,9,0,18,0,0,0,0,0,0,2,1,6,1,-1,-1,2495,2,23,-1,-1,-1
2018140346859,1,9,0,18,9,0,1,0,1,0,1,1,3,2,21,5,1398,2,11,1,1,1
2018140346884,1,9,0,2,0,1,0,0,0,0,1,1,6,1,39,7,1995,2,13,2,1,2
2018140346902,1,9,0,9,0,5,0,0,0,0,3,1,5,1,28,6,1597,1,12,5,1,5
2018140346902,2,9,0,18,0,1,1,0,1,0,1,1,5,2,27,6,1796,1,16,8,1,8
2018140346907,1,9,0,18,0,3,1,0,1,0,3,1,5,1,26,6,1368,1,4,8,1,8
2018140346907,2,9,0,5,0,6,0,0,0,0,1,1,6,2,18,4,1150,1,11,1,1,1
2018140346927,1,9,0,18,0,0,1,0,1,0,1,1,5,1,24,5,1998,8,1,7,1,7
2018140346943,1,9,0,18,0,1,1,0,0,0,1,1,5,1,17,4,1997,1,14,6,1,6
2018140346991,1,9,0,18,0,0,0,0,0,0,2,1,2,2,22,5,1598,2,4,7,1,7
2018140346991,2,9,0,18,0,0,0,0,0,0,1,1,2,1,29,6,1229,1,4,1,1,1
2018140346991,3,9,0,18,0,0,0,0,0,0,1,1,2,2,25,5,998,1,6,3,1,3
2018140347017,1,9,0,18,0,1,0,4,0,0,1,1,6,1,38,7,2198,2,12,6,1,6
2018140347017,2,9,0,2,0,1,0,0,0,0,3,1,5,1,29,6,1968,2,11,-1,-1,-1
2018140347049,1,19,0,18,0,0,0,0,0,0,1,1,2,1,27,6,1461,2,-1,3,1,3
2018140347049,2,20,0,18,0,0,0,0,0,0,2,1,1,1,52,8,4250,2,13,3,1,3
2018140347061,1,3,0,9,0,6,0,0,0,0,1,1,2,2,24,5,113,1,-1,1,1,1
2018140347061,2,19,0,18,0,8,0,0,0,0,1,1,2,1,25,5,1598,2,5,6,1,6
2018140347164,1,8,0,18,0,0,1,0,1,0,1,1,1,1,23,5,1968,2,5,3,1,3
2018140347167,1,9,0,5,0,0,0,0,0,0,3,1,6,2,23,5,1299,1,12,4,1,4
2018140347167,2,9,0,18,0,0,0,0,0,0,1,1,5,2,-1,-1,1368,1,2,2,3,2
2018140347180,1,9,0,18,0,1,0,0,0,0,3,1,2,2,52,8,-1,-1,-1,2,2,2
2018140347180,2,9,0,9,0,8,0,0,0,0,3,1,1,2,36,7,1461,2,8,9,1,9
2018140347193,1,9,0,5,0,4,0,0,0,0,3,1,2,2,60,9,1598,1,1,5,1,5
2018140347193,2,1,0,18,0,8,0,0,0,0,1,1,6,1,62,9,-1,-1,-1,1,1,1
2018140347207,1,9,0,18,0,1,0,0,0,0,1,1,2,1,51,8,2457,1,17,3,1,3
2018140347207,2,9,0,18,0,2,0,0,0,0,1,1,5,1,70,10,1685,2,4,4,2,4
2018140347208,1,9,0,18,0,8,0,0,0,0,1,1,5,1,59,9,2199,2,8,10,1,10
2018140347208,2,9,0,18,0,8,0,0,0,0,2,1,6,1,33,6,1796,1,9,-1,-1,-1
2018140347222,1,9,0,18,0,0,0,0,0,0,2,1,5,2,36,7,1560,2,13,4,1,4
2018140347222,2,98,0,18,0,0,0,0,0,0,1,1,6,3,-1,-1,-1,-1,-1,-1,-1,-1
2018140347223,1,9,0,9,0,8,0,0,0,0,1,1,5,2,51,8,1596,1,15,4,1,4
2018140347223,2,9,0,18,0,8,0,0,0,0,1,1,5,2,22,5,-1,-1,-1,1,1,1
2018140347241,1,9,0,9,0,0,0,0,0,0,2,1,6,1,53,8,1984,2,4,4,1,4
2018140347241,2,9,0,18,0,0,0,0,0,0,1,1,6,3,-1,-1,973,1,15,-1,-1,-1
2018140347244,1,9,0,18,0,8,1,0,0,0,1,1,5,1,83,11,1339,1,4,4,1,4
2018140347244,2,9,0,18,0,8,0,0,0,0,1,1,6,3,-1,-1,4172,1,15,-1,-1,-1
2018140347249,1,9,0,7,0,2,0,0,2,0,1,1,5,2,22,5,1229,1,12,1,1,1
2018140347249,2,9,0,18,0,1,0,0,7,0,1,1,6,3,-1,-1,2987,2,10,-1,-1,-1
2018140347255,1,9,0,9,0,2,0,0,0,0,1,1,1,2,24,5,1388,1,9,5,1,5
2018140347255,2,9,0,14,0,1,0,0,0,0,1,1,6,1,39,7,1598,2,1,-1,-1,-1
2018140347257,1,9,0,18,0,1,1,0,0,0,1,1,5,1,29,6,1998,1,15,8,1,8
2018140347257,2,9,0,9,0,1,0,0,0,0,1,1,5,1,68,10,2204,2,13,5,1,5
2018140347259,1,9,0,18,0,1,0,0,0,0,3,1,5,1,23,5,1781,1,17,3,1,3
2018140347259,2,9,0,13,0,1,1,0,1,11,4,1,6,1,44,7,1995,2,16,3,1,3
2018140347285,1,9,0,18,0,0,0,0,0,0,1,1,2,2,70,10,1364,1,6,5,1,5
2018140347306,1,9,0,18,0,8,0,0,0,0,1,1,6,2,23,5,1360,1,7,1,1,1
2018140347306,2,9,0,18,0,8,0,0,0,0,1,1,1,1,50,8,1997,2,8,5,1,5
2018140347336,1,21,0,4,0,0,0,0,0,0,2,1,1,2,49,8,12900,2,11,2,1,2
2018140347336,2,9,0,18,0,0,1,0,0,0,1,1,5,1,20,4,1299,1,17,7,2,7
2018140347338,1,9,0,18,0,0,0,0,0,0,3,1,5,2,27,6,1242,1,7,1,1,1
2018140347338,2,9,0,18,0,0,0,0,0,0,1,1,5,1,54,8,1686,2,8,1,1,1
2018140347338,3,21,0,18,0,0,0,0,0,0,2,1,5,1,39,7,12740,2,2,4,1,4
2018140347338,4,9,0,18,0,0,0,0,0,0,1,1,5,1,43,7,1398,2,15,4,1,4
2018140347339,1,9,0,18,0,0,0,0,0,0,3,1,5,1,55,8,1395,1,3,8,1,8
2018140347359,1,9,0,18,0,2,0,0,7,0,4,1,5,2,43,7,1598,2,5,2,1,2
2018140347359,2,9,0,18,0,1,0,0,0,0,1,1,6,3,-1,-1,1796,1,12,-1,-1,-1
2018140347364,1,19,0,18,9,0,0,0,0,0,1,1,6,1,59,9,4899,2,9,-1,-1,-1
2018140347367,1,3,0,18,0,0,0,0,0,0,1,1,6,2,21,5,124,1,12,4,1,4
2018140347367,2,9,0,18,0,0,0,0,0,0,2,1,6,3,18,4,-1,-1,-1,-1,-1,-1
2018140347372,1,9,0,18,0,1,0,0,0,0,1,1,5,2,21,5,998,1,12,2,1,2
2018140347372,2,9,0,9,0,6,0,0,0,0,3,1,5,1,38,7,2143,2,7,2,1,2
2018140347433,1,9,0,18,0,1,0,0,0,0,1,1,6,1,24,5,1956,2,7,2,1,2
2018140347433,2,9,0,18,0,2,1,0,2,0,4,1,6,3,-1,-1,1997,2,16,-1,-1,-1
2018140347435,1,9,0,4,0,0,0,0,0,0,2,1,1,2,34,6,1798,8,2,5,1,5
2018140347435,2,9,0,4,0,0,0,0,0,0,2,1,2,1,31,6,1248,2,11,5,2,5
2018140347435,3,19,0,18,0,0,0,0,0,0,1,1,1,1,51,8,1995,2,-1,1,1,1
2018140347437,1,9,0,3,0,2,0,0,0,0,2,1,5,1,59,9,1560,2,3,3,1,3
2018140347437,2,9,0,3,0,2,0,0,0,0,2,1,5,2,31,6,1360,1,13,5,1,5
2018140347437,3,9,0,18,0,2,0,0,0,0,1,1,5,1,46,8,2143,2,6,4,1,4
2018140347443,1,19,0,9,0,2,0,0,0,0,1,1,1,1,36,7,1560,2,-1,1,1,1
2018140347443,2,9,0,9,0,2,1,0,0,0,3,1,5,2,42,7,1598,1,17,5,1,5
2018140347443,3,19,0,18,0,2,1,0,1,0,3,1,5,1,32,6,2402,2,10,2,1,2
2018140347451,1,19,0,7,0,1,0,0,0,0,1,1,5,1,55,8,2198,2,8,4,1,4
2018140347451,2,1,0,18,0,1,0,0,0,0,1,1,6,1,32,6,-1,-1,-1,4,1,4
2018140347465,1,-1,0,18,0,1,0,0,0,0,-1,1,6,3,-1,-1,-1,-1,-1,-1,-1,-1
2018140347471,1,9,0,18,0,8,0,0,0,0,3,1,5,2,39,7,1198,1,7,1,1,1
2018140347471,2,9,0,18,0,1,0,0,0,0,1,1,5,2,69,10,1399,2,7,2,1,2
2018140347535,1,9,0,18,0,1,0,0,0,0,1,1,6,1,29,6,1461,2,8,3,2,3
2018140347535,2,9,0,3,0,8,0,0,0,0,2,1,5,2,26,6,1984,1,18,3,1,3
2018140347562,1,9,4,11,0,0,0,0,0,0,0,1,5,1,40,7,-1,-1,-1,4,1,4
2018140347562,2,9,0,18,0,0,0,0,0,0,1,1,2,1,54,8,1986,2,11,7,1,7
2018140347562,3,9,0,18,0,0,0,0,0,0,2,1,2,1,51,8,1396,1,15,8,1,8
2018140347562,4,9,0,18,0,0,0,0,0,0,2,1,2,2,51,8,1248,2,-1,1,1,1
2018140347593,1,9,0,18,0,0,0,0,0,0,2,1,5,1,32,6,2143,2,5,7,1,7
2018140347593,2,9,0,18,0,0,1,0,0,0,1,1,5,1,24,5,1896,2,15,5,1,5
2018140347593,3,9,0,18,0,0,0,0,0,0,1,1,2,1,46,8,-1,-1,-1,9,1,9
2018140347605,1,19,0,9,0,2,0,0,0,0,4,1,1,1,45,7,2198,2,5,8,1,8
2018140347613,1,9,0,7,0,8,0,0,0,0,1,1,5,1,25,5,1242,1,10,1,1,1
2018140347613,2,9,0,18,0,1,0,0,0,0,1,1,3,1,41,7,1796,1,14,1,1,1
2018140347618,1,9,0,18,0,1,0,0,0,0,1,1,5,1,34,6,1560,2,5,5,1,5
2018140347631,1,9,0,18,0,0,0,0,0,0,1,1,2,1,22,5,1198,1,10,5,1,5
2018140347634,1,3,0,13,0,1,1,0,0,0,1,1,5,1,33,6,125,1,17,8,1,8
2018140347634,2,20,0,9,0,1,0,0,0,0,1,1,5,1,56,9,2998,2,1,4,1,4
2018140347640,1,9,0,18,0,1,0,0,0,0,3,1,5,1,64,9,1560,2,5,2,1,2
2018140347640,2,9,0,9,0,8,0,0,0,0,1,1,2,1,36,7,1398,1,3,-1,-1,-1
2018140347640,3,9,0,18,0,1,0,0,0,0,3,1,2,1,55,8,1598,1,16,-1,-1,-1
2018140347649,1,9,0,18,0,8,0,4,0,0,1,1,5,1,73,10,-1,-1,-1,9,1,9
2018140347649,2,19,0,2,9,8,0,0,0,0,3,1,6,1,44,7,2402,2,7,3,1,3
2018140347649,3,9,0,2,9,8,0,0,0,0,2,1,6,1,-1,-1,999,1,2,7,1,7
2018140347655,1,-1,0,18,0,0,0,0,0,0,4,1,6,3,-1,-1,-1,-1,-1,-1,-1,-1
2018140347656,1,9,0,9,0,2,0,0,0,0,4,1,5,1,42,7,1598,1,12,9,1,9
2018140347656,2,4,0,18,0,8,1,0,0,0,2,1,5,1,56,9,330,1,5,7,1,7
2018140347658,1,9,0,9,0,1,0,0,0,0,1,1,5,2,26,6,1360,1,11,7,1,7
2018140347658,2,9,0,18,0,8,0,0,0,0,3,1,6,2,47,8,1995,2,8,1,1,1
2018140347681,1,9,0,7,0,8,0,0,0,0,4,1,5,1,35,6,2231,2,5,2,1,2
2018140347787,1,9,0,18,0,1,0,0,0,0,1,1,6,2,20,4,1197,1,4,8,1,8
2018140347787,2,9,0,9,0,8,0,0,0,0,1,1,6,3,-1,-1,-1,-1,-1,-1,-1,-1
2018140347793,1,-1,0,18,0,8,0,0,0,0,3,1,6,3,-1,-1,-1,-1,-1,-1,-1,-1
2018140347798,1,8,0,18,0,2,0,0,0,0,3,1,1,1,36,7,1997,2,11,2,1,2
2018140347823,1,9,0,18,0,3,0,0,0,0,2,1,2,2,54,8,2143,2,4,9,1,9
2018140347823,2,9,0,18,0,8,0,0,0,0,1,1,6,1,18,4,1900,2,14,7,1,7
2018140348010,1,9,0,4,0,0,0,0,0,0,3,1,5,1,30,6,999,1,-1,8,1,8
2018140348010,2,9,0,18,0,0,0,0,0,0,1,1,6,3,-1,-1,2204,2,11,-1,-1,-1
2018140348088,1,9,0,18,0,0,0,0,0,0,2,1,5,1,26,6,2143,2,6,1,1,1
2018140348088,2,9,0,18,0,0,0,0,0,0,1,1,5,1,21,5,1896,2,13,8,1,8
2018140348103,1,9,0,17,0,0,1,10,2,0,1,1,6,2,21,5,1242,1,14,1,1,1
2018140348202,1,9,0,18,0,8,0,0,0,0,1,1,6,1,44,7,1596,1,13,5,1,5
2018140348202,2,1,0,18,0,8,0,0,0,0,4,1,6,2,35,6,-1,-1,-1,9,1,9
2018140348222,1,9,0,5,0,0,0,0,0,0,2,1,2,1,67,10,-1,-1,-1,2,1,2
2018140348222,2,98,0,18,0,0,0,0,0,0,1,1,6,3,-1,-1,-1,-1,-1,-1,-1,-1
2018140348224,1,9,0,18,0,0,0,0,0,0,1,1,2,1,26,6,1598,1,16,6,1,6
2018140348224,2,1,0,18,0,0,5,4,0,0,3,1,6,1,-1,-1,-1,-1,-1,7,3,7
2018140348241,1,9,0,9,0,6,0,0,0,0,1,1,5,1,26,6,-1,-1,-1,4,1,4
2018140348241,2,9,0,18,0,2,0,0,0,0,3,1,5,1,19,4,998,1,2,4,1,4
2018140348343,1,9,0,3,0,1,0,0,0,0,2,1,5,1,43,7,1991,2,10,1,1,1
2018140348343,2,9,0,4,0,1,0,0,0,0,1,1,6,1,-1,-1,1248,2,5,1,1,1
2018140348406,1,9,0,18,0,2,0,0,3,0,2,1,5,1,51,8,1969,2,-1,-1,-1,-1
2018140348406,2,9,0,18,0,1,0,0,0,0,1,1,1,2,38,7,999,1,1,9,1,9
2018140348448,1,9,0,18,0,1,0,0,0,0,1,1,5,1,18,4,1084,1,-1,5,1,5
2018140348448,2,1,0,18,0,8,0,0,0,0,1,1,5,1,19,4,-1,-1,-1,2,1,2
2018140348455,1,9,0,5,0,8,0,0,0,0,1,1,5,1,25,5,1995,2,3,5,1,5
2018140348474,1,9,0,9,0,8,0,0,0,0,1,1,6,1,-1,-1,1399,2,9,7,2,7
2018140348474,2,9,0,18,0,8,0,0,0,0,1,1,2,2,37,7,1242,1,5,9,2,9
2018140348482,1,19,0,18,0,2,0,0,0,0,1,1,1,1,55,8,2198,2,7,5,3,5
2018140348487,1,9,0,18,0,0,0,0,0,0,1,1,5,2,39,7,1560,2,10,2,2,2
2018140348507,1,9,0,18,0,8,0,0,0,0,1,1,6,2,18,4,1229,1,8,9,1,9
2018140348507,2,9,0,9,0,8,0,0,0,0,1,1,3,1,59,9,1149,1,10,1,1,1
2018140348510,1,9,0,18,0,0,0,0,0,0,1,1,5,1,56,9,998,1,1,8,1,8
2018140348510,2,1,0,18,0,0,0,0,0,0,1,1,6,1,37,7,-1,-1,-1,1,1,1
2018140348533,1,11,0,3,0,0,0,0,0,0,0,1,1,1,39,7,9000,2,7,2,2,2
2018140348533,2,9,0,18,0,0,0,0,0,0,0,1,6,3,-1,-1,-1,-1,-1,-1,-1,-1
2018140348546,1,9,0,4,0,2,0,0,0,0,1,1,5,2,75,10,1339,1,4,10,1,10
2018140348562,1,9,0,12,0,0,0,0,0,0,3,1,2,2,50,8,1242,1,4,1,1,1
2018140348562,2,98,0,18,0,0,0,0,0,0,4,1,6,3,-1,-1,-1,-1,-1,-1,-1,-1
2018140348582,1,9,0,3,0,0,0,0,0,0,2,1,2,2,33,6,1598,1,5,5,1,5
2018140348582,2,9,0,18,0,0,0,0,0,0,1,1,6,1,36,7,2143,2,1,1,1,1
2018140348712,1,9,0,18,0,1,0,0,0,0,1,1,5,1,54,8,1461,2,5,2,1,2
2018140348717,1,9,0,9,0,8,0,0,0,0,1,1,6,3,30,6,1999,1,13,-1,-1,-1
2018140348717,2,9,0,18,0,8,0,0,0,0,1,1,5,2,32,6,1398,2,5,8,1,8
2018140348720,1,2,0,18,0,1,0,0,0,0,1,1,4,1,16,4,49,1,2,2,1,2
2018140348720,2,9,0,9,0,6,0,0,0,0,1,1,6,1,70,10,1298,1,15,5,1,5
2018140348727,1,9,0,18,0,0,0,0,0,0,3,1,2,2,27,6,1364,1,11,9,1,9
2018140348727,2,19,0,11,0,0,0,0,0,0,4,1,2,1,38,7,1560,2,1,9,1,9
2018140348733,1,-1,0,18,0,2,0,0,0,0,1,1,6,3,-1,-1,-1,-1,-1,-1,-1,-1
2018140348741,1,9,0,18,0,1,1,0,0,0,1,1,6,2,50,8,2231,2,5,4,1,4
2018140348741,2,9,0,3,0,1,0,0,0,0,2,1,6,1,56,9,1490,1,-1,10,1,10
2018140348741,3,9,0,3,0,1,0,0,0,0,2,1,6,2,62,9,1598,1,8,8,1,8
2018140348741,4,9,0,3,0,1,0,0,0,0,2,1,6,1,32,6,1499,2,-1,5,-1,5
2018140348741,5,9,0,3,0,1,0,0,0,0,2,1,6,3,-1,-1,-1,-1,-1,-1,-1,-1
2018140348751,1,9,0,18,0,1,0,0,0,0,1,1,5,2,34,6,899,1,4,7,1,7
2018140348751,2,9,0,18,0,1,0,0,0,0,1,1,6,3,-1,-1,2495,2,20,-1,-1,-1
2018140348751,3,19,0,2,0,1,0,0,0,0,4,1,5,1,34,6,2198,2,5,4,1,4
2018140348751,4,9,0,2,0,1,0,0,0,0,4,1,5,2,53,8,1598,2,5,5,1,5
2018140348751,5,9,0,2,0,1,0,0,0,0,4,1,6,1,50,8,-1,-1,-1,4,2,4
2018140348765,1,18,1,18,1,8,0,0,0,0,1,1,1,1,60,9,-1,-1,-1,7,1,7
2018140348765,2,9,0,18,0,1,0,0,0,0,1,1,5,1,45,7,1968,2,10,2,1,2
2018140348768,1,9,0,18,0,0,0,0,0,0,4,1,5,1,22,5,1390,1,13,4,1,4
2018140348768,2,9,0,18,0,0,0,0,0,0,1,1,5,1,29,6,1360,1,7,9,1,9
2018140348802,1,9,0,2,0,1,0,0,0,0,2,1,6,3,-1,-1,1248,1,9,-1,-1,-1
2018140348802,2,9,0,18,0,1,0,0,0,0,1,1,5,1,84,11,1596,1,2,1,1,1
2018140348811,1,20,0,1,0,5,0,0,0,0,2,1,1,1,26,6,2402,2,12,2,1,2
2018140348811,2,22,0,18,0,1,0,0,0,0,3,1,5,1,75,10,-1,-1,-1,2,1,2
2018140348815,1,9,0,18,0,8,0,0,0,0,1,1,5,1,57,9,1598,1,16,3,1,3
2018140348815,2,9,0,9,0,8,0,0,0,0,4,1,5,1,28,6,2198,2,12,8,1,8
2018140348839,1,5,0,18,0,0,2,0,1,0,1,1,5,1,38,7,599,1,19,2,1,2
2018140348963,1,9,0,9,0,2,0,0,0,0,1,1,1,1,59,9,998,1,18,1,1,1
2018140349010,1,9,0,3,0,1,0,0,0,0,2,1,5,2,49,8,1598,1,9,2,1,2
2018140349010,2,9,0,3,0,1,0,0,0,0,1,1,6,2,21,5,1598,2,1,-1,-1,-1
2018140349038,1,9,0,18,0,8,0,0,0,0,3,1,1,1,47,8,1598,2,3,2,1,2
2018140349038,2,9,0,18,0,8,0,0,0,0,1,1,6,1,-1,-1,1248,2,10,1,1,1
2018140349069,1,9,0,18,0,1,0,0,0,0,4,1,5,2,24,5,1560,2,9,6,1,6
2018140349069,2,9,0,7,0,8,0,0,0,0,1,1,6,2,-1,-1,1596,1,14,-1,-1,-1
2018140349140,1,9,0,18,0,0,0,0,0,0,1,1,2,1,29,6,1956,2,4,6,1,6
2018140349142,1,9,0,9,0,3,0,0,0,0,4,1,5,2,31,6,1248,2,10,3,1,3
2018140349142,2,9,0,18,0,4,0,0,0,0,1,1,5,1,82,11,1248,1,7,3,1,3
2018140349248,1,9,0,18,0,0,5,7,0,0,1,1,5,1,64,9,2494,1,14,10,3,10
2018140349267,1,8,0,5,0,6,0,0,0,0,1,1,5,2,24,5,1388,1,6,6,1,6
2018140349267,2,1,0,18,0,1,0,0,0,0,1,1,6,1,54,8,-1,-1,-1,1,2,1
2018140349268,1,8,0,18,0,4,0,0,0,0,1,1,1,1,38,7,1997,12,6,6,1,6
2018140349268,2,9,0,18,0,8,0,0,2,0,4,1,2,1,63,9,2231,2,3,9,1,9
2018140349296,1,9,0,18,0,2,0,0,0,0,1,1,6,3,-1,-1,-1,-1,-1,-1,-1,-1
2018140349306,1,9,0,18,0,1,1,0,0,0,3,1,5,2,28,6,1242,1,10,4,1,4
2018140349306,2,9,0,13,0,1,1,0,7,0,1,1,1,1,28,6,1560,2,1,2,1,2
2018140349306,3,19,0,18,0,1,0,0,0,0,2,1,6,1,34,6,1598,2,2,4,1,4
2018140349311,1,9,0,18,0,0,0,0,0,0,4,1,1,1,44,7,2184,2,13,4,3,4
2018140349311,2,9,0,18,0,0,0,0,0,0,3,1,6,1,-1,-1,1991,8,1,2,1,2
2018140349328,1,9,0,18,0,0,0,0,0,0,1,1,5,1,51,8,1997,2,8,2,1,2
2018140349328,2,9,0,18,0,0,0,0,4,0,2,1,5,1,59,9,2987,2,5,8,1,8
2018140349328,3,9,0,18,0,0,0,0,0,0,1,1,5,2,43,7,2204,2,10,7,1,7
2018140349353,1,9,0,18,0,1,2,0,1,4,1,1,6,1,21,5,1390,1,13,3,1,3
2018140349361,1,9,0,18,0,0,2,0,1,0,1,1,5,1,28,6,1995,2,2,1,3,1