Accident_Index,Vehicle_Reference,Vehicle_Type,Towing_and_Articulation,Vehicle_Manoeuvre,Vehicle_Location-Restricted_Lane,Junction_Location,Skidding_and_Overturning,Hit_Object_in_Carriageway,Vehicle_Leaving_Carriageway,Hit_Object_off_Carriageway,1st_Point_of_Impact,Was_Vehicle_Left_Hand_Drive?,Journey_Purpose_of_Driver,Sex_of_Driver,Age_of_Driver,Age_Band_of_Driver,Engine_Capacity_(CC),Propulsion_Code,Age_of_Vehicle,Driver_IMD_Decile,Driver_Home_Area_Type,Vehicle_IMD_Decile
2018140349365,1,9,0,9,0,8,5,0,0,0,1,1,2,1,46,8,1997,2,8,3,1,3
2018140349365,2,9,0,18,0,1,0,0,7,0,1,1,5,2,69,10,1360,1,11,6,2,6
2018140349372,1,19,0,18,0,0,0,0,2,0,1,1,6,1,38,7,2402,2,13,3,1,3
2018140349528,1,9,0,12,0,1,0,0,0,0,3,1,1,1,40,7,-1,-1,-1,1,1,1
2018140349528,2,9,0,18,0,1,0,0,0,0,4,1,5,2,58,9,1991,2,14,7,2,7
2018140349676,1,9,0,18,0,0,1,0,0,0,1,1,1,2,40,7,3189,1,10,1,1,1
2018140349676,2,9,0,18,0,0,0,0,0,0,4,1,6,3,-1,-1,-1,-1,-1,-1,-1,-1
2018140349676,3,98,0,18,0,0,0,0,0,0,1,1,1,1,19,4,-1,-1,-1,-1,-1,-1
2018140349829,1,9,0,18,0,8,0,0,0,0,1,1,5,1,61,9,1242,1,2,5,1,5
2018140349829,2,9,0,18,0,8,0,0,0,0,1,1,5,1,34,6,1598,1,12,2,1,2
2018140349845,1,9,0,18,0,1,0,0,0,0,1,1,5,2,43,7,2499,1,8,9,1,9
2018140349853,1,9,0,17,0,0,2,0,2,2,1,1,2,1,55,8,1598,1,4,9,1,9
2018140349858,1,9,0,2,0,0,0,0,0,0,3,1,6,1,28,6,1781,1,15,1,1,1
2018140349858,2,22,0,18,9,0,0,0,0,0,1,1,6,2,57,9,-1,-1,-1,1,1,1
2018140349872,1,9,0,9,0,8,0,0,0,0,1,1,2,1,35,6,-1,-1,-1,2,1,2
2018140349872,2,9,0,18,0,1,0,0,0,0,1,1,3,1,39,7,1461,2,3,1,2,1
2018140349881,1,9,0,18,0,1,0,0,0,0,4,1,5,1,73,10,1198,1,12,5,1,5
2018140349890,1,9,0,9,0,8,0,0,0,0,4,1,6,3,17,4,-1,-1,-1,-1,-1,-1
2018140349890,2,3,0,18,0,1,0,0,0,0,1,1,2,1,27,6,124,1,4,1,1,1
2018140349903,1,19,0,9,0,8,0,0,0,0,3,1,1,1,36,7,2143,2,-1,6,1,6
2018140349903,2,9,0,13,0,1,0,0,3,0,4,1,5,2,71,10,1997,2,14,7,3,7
2018140349921,1,9,0,18,0,0,0,0,0,0,2,1,2,2,40,7,2496,2,13,4,2,4
2018140349921,2,9,0,18,0,0,0,0,0,0,2,1,1,2,51,8,1995,2,6,3,1,3
2018140349921,3,9,0,18,0,0,0,0,1,0,1,1,6,1,54,8,2987,2,12,9,1,9
2018140349940,1,9,0,7,0,8,0,0,0,0,1,1,6,3,-1,-1,1968,2,12,-1,-1,-1
2018140349940,2,9,0,18,0,8,0,0,0,0,0,1,1,1,43,7,2993,2,-1,1,1,1
2018140349940,3,9,0,18,0,1,0,0,0,0,1,1,5,2,21,5,1499,2,4,10,1,10
2018140349980,1,9,0,18,0,0,1,0,0,0,4,1,2,1,23,5,1598,1,17,1,1,1
2018140349980,2,98,0,18,0,0,0,0,0,0,3,1,6,3,-1,-1,-1,-1,-1,-1,-1,-1
2018140349981,1,21,4,12,0,0,0,0,0,0,3,2,1,1,26,6,-1,-1,-1,-1,-1,-1
2018140349981,2,9,0,18,0,0,0,0,0,0,4,1,5,1,68,10,1798,8,2,4,1,4
2018140349993,1,9,0,18,0,0,0,0,0,0,3,1,5,2,58,9,2199,2,4,6,1,6
2018140349993,2,9,0,9,0,0,0,0,0,0,4,1,6,3,-1,-1,-1,-1,-1,-1,-1,-1
2018140350012,1,9,0,5,0,4,0,0,0,0,1,1,1,1,42,7,1997,1,3,5,1,5
2018140350012,2,3,0,18,0,8,0,0,0,0,1,1,2,1,17,4,125,1,-1,1,1,1
2018140350016,1,19,0,18,0,8,0,0,0,0,1,1,1,1,64,9,2187,2,15,2,1,2
2018140350016,2,9,0,18,0,8,0,0,0,0,1,1,5,2,74,10,1798,8,-1,7,1,7
2018140350021,1,9,0,18,0,0,0,0,0,0,3,1,6,1,60,9,1298,1,17,1,2,1
2018140350021,2,9,0,18,0,0,0,0,0,0,4,1,6,3,-1,-1,1199,1,14,-1,-1,-1
2018140350034,1,9,0,12,0,0,0,0,0,0,1,1,5,2,47,8,2143,2,1,9,1,9
2018140350034,2,9,0,18,0,0,5,0,0,0,4,1,6,2,38,7,1328,1,12,7,1,7
2018140350034,3,9,0,18,0,0,0,0,0,0,4,1,6,1,25,5,1598,1,3,8,1,8
2018140350042,1,9,0,9,0,8,0,0,0,0,1,1,6,1,35,6,1995,2,5,1,1,1
2018140350042,2,9,0,18,0,1,0,0,1,0,1,1,2,1,35,6,2967,2,9,2,1,2
2018140350063,1,9,0,5,0,0,0,0,0,0,4,1,5,2,72,10,995,1,11,1,1,1
2018140350063,2,9,0,5,0,0,0,0,0,0,2,1,6,2,62,9,1597,2,5,2,1,2
2018140350069,1,9,0,18,0,0,0,0,0,0,3,1,5,1,45,7,999,1,9,5,1,5
2018140350069,2,9,0,18,0,0,0,0,0,0,3,1,6,3,-1,-1,-1,-1,-1,-1,-1,-1
2018140350073,1,9,0,18,0,1,0,0,0,0,1,1,5,2,21,5,998,1,4,3,1,3
2018140350077,1,9,0,9,0,8,0,0,0,0,1,1,1,1,57,9,1686,2,5,6,1,6
2018140350077,2,1,0,9,0,8,0,0,0,0,1,1,6,1,29,6,-1,-1,-1,1,1,1
2018140350081,1,9,0,18,0,1,0,0,7,0,1,1,5,2,27,6,1910,2,9,2,1,2
2018140350081,2,9,0,18,0,1,0,0,0,0,1,1,6,1,30,6,2967,2,3,-1,-1,-1
2018140350158,1,9,0,5,0,6,0,0,0,0,3,1,5,1,66,10,1896,2,12,7,1,7
2018140350158,2,1,0,18,0,8,2,0,1,0,1,1,1,1,47,8,-1,-1,-1,5,2,5
2018140350173,1,9,0,18,0,0,0,0,0,0,1,1,6,2,31,6,1995,1,11,7,1,7
2018140350263,1,9,0,18,0,0,0,0,0,0,1,1,5,2,71,10,1398,2,14,6,1,6
2018140350263,2,9,0,9,0,0,0,0,0,0,1,1,6,1,78,11,2400,2,9,4,3,4
2018140350390,1,9,0,4,0,0,0,0,0,0,2,1,5,1,29,6,998,1,3,6,3,6
2018140350390,2,21,0,4,0,0,0,0,0,0,1,1,5,1,64,9,-1,-1,-1,-1,-1,-1
2018140350411,1,3,0,15,0,0,2,0,0,0,1,1,6,1,24,5,125,1,1,5,1,5
2018140350411,2,9,0,2,0,0,0,0,0,0,0,1,6,3,-1,-1,998,1,1,-1,-1,-1
2018140350435,1,9,0,18,0,0,0,0,0,0,1,1,6,1,63,9,-1,-1,-1,2,1,2
2018140350435,2,9,0,18,0,0,0,0,0,0,1,1,6,1,18,4,1753,2,13,3,1,3
2018140350437,1,3,0,18,0,1,0,0,0,0,2,1,5,1,19,4,124,1,4,2,1,2
2018140350437,2,9,0,9,0,1,0,0,0,0,2,1,5,1,74,10,1398,1,17,2,1,2
2018140350565,1,8,0,18,0,1,0,0,0,0,1,1,1,1,42,7,1995,2,5,1,1,1
2018140350565,2,9,0,13,0,1,0,0,0,0,1,1,5,1,52,8,-1,-1,-1,5,1,5
2018140350565,3,9,0,2,0,1,0,0,0,0,4,1,6,3,-1,-1,-1,-1,-1,-1,-1,-1
2018140350565,4,9,0,2,0,1,0,0,0,0,4,1,6,3,-1,-1,-1,-1,-1,-1,-1,-1
2018140350587,1,9,0,18,0,0,0,0,0,0,2,1,6,1,49,8,2967,2,2,10,2,10
2018140350587,2,9,0,18,0,0,0,0,0,0,2,1,6,1,43,7,1995,2,3,10,1,10
2018140350587,3,9,0,18,0,0,0,0,0,0,2,1,6,1,77,11,1499,2,1,3,-1,3
2018140350587,4,9,0,18,0,0,0,0,0,0,2,1,6,1,24,5,-1,-1,-1,2,1,2
2018140350595,1,9,0,18,0,0,0,0,0,0,3,1,6,1,20,4,1242,1,7,6,1,6
2018140350595,2,9,0,7,9,0,0,0,0,0,1,1,5,2,57,9,1398,1,8,4,1,4
2018140350618,1,9,0,18,0,0,0,0,0,0,3,1,5,2,26,6,1598,1,8,1,1,1
2018140350618,2,8,0,11,0,0,0,0,0,0,4,1,6,1,68,10,2143,2,8,1,1,1
2018140350620,1,9,0,14,0,0,0,0,8,0,2,1,6,2,29,6,1587,1,12,6,1,6
2018140350620,2,9,0,9,0,0,0,0,0,0,1,1,5,2,18,4,1198,1,4,7,1,7
2018140350635,1,9,0,18,0,0,0,0,0,0,1,1,5,2,55,8,898,1,-1,1,1,1
2018140350651,1,8,0,18,0,0,0,0,0,0,3,1,1,1,60,9,1997,2,9,2,1,2
2018140350651,2,9,0,13,0,0,0,0,0,0,4,1,6,2,25,5,998,1,15,2,1,2
2018140350660,1,9,0,18,0,0,1,0,1,0,1,1,5,3,-1,-1,2143,2,4,-1,-1,-1
2018140350660,2,9,0,18,0,0,0,0,0,0,2,1,6,2,28,6,1360,1,11,6,1,6
2018140350672,1,19,0,18,0,4,0,0,0,0,1,1,1,1,51,8,2143,2,1,-1,-1,-1
2018140350672,2,9,0,18,0,4,0,0,0,0,1,1,5,2,85,11,998,1,25,8,1,8
2018140350678,1,9,0,18,0,1,1,0,0,0,3,1,6,1,44,7,2099,1,13,2,1,2
2018140350678,2,9,0,9,0,1,1,0,0,0,1,1,6,1,53,8,1686,2,5,3,1,3
2018140350681,1,9,0,18,0,0,0,0,0,0,1,1,5,2,50,8,1597,2,2,5,2,5
2018140350681,2,9,0,18,0,0,0,0,0,0,2,1,5,1,78,11,-1,-1,-1,9,2,9
2018140350707,1,9,0,18,0,8,0,0,0,0,3,1,1,1,26,6,1229,1,6,9,1,9
2018140350874,1,9,0,18,0,0,0,0,0,0,2,1,5,1,47,8,2967,2,2,8,1,8
2018140350874,2,9,0,6,0,0,0,0,0,0,1,1,6,1,-1,-1,1968,2,7,-1,-1,-1
2018140351147,1,9,0,9,0,1,0,0,0,0,1,1,1,2,27,6,998,1,5,6,-1,6
2018140351147,2,9,0,18,0,1,0,0,0,0,1,1,5,1,54,8,-1,-1,-1,6,1,6
2018140351171,1,9,0,18,0,0,0,4,0,0,4,1,5,2,33,6,1398,1,-1,1,1,1
2018140351171,2,9,0,2,0,0,0,0,0,0,2,1,5,1,54,8,2997,1,2,9,1,9
2018140351182,1,9,0,5,0,2,0,0,0,0,1,1,5,1,40,7,1910,2,12,2,1,2
2018140351182,2,8,0,18,0,1,0,0,0,0,3,1,1,1,34,6,-1,-1,-1,8,1,8
2018140351257,1,9,0,18,0,0,0,0,0,0,4,1,6,2,54,8,1197,1,2,2,1,2
2018140351261,1,9,0,18,0,1,0,0,0,0,1,1,5,1,41,7,1197,1,2,5,1,5
2018140351269,1,9,0,18,0,2,0,0,1,0,1,1,6,1,27,6,1598,1,11,-1,-1,-1
2018140351269,2,9,0,2,0,2,0,0,0,0,3,1,5,3,-1,-1,1198,1,15,-1,-1,-1
2018140351275,1,9,0,18,0,1,0,0,0,0,4,1,6,1,23,5,1995,2,6,9,1,9
2018140351335,1,19,0,18,0,3,5,0,0,0,4,1,1,1,28,6,1995,2,1,-1,-1,-1
2018140351335,2,9,0,18,0,4,0,0,0,0,1,1,1,1,54,8,-1,-1,-1,2,1,2
2018140351341,1,9,0,13,0,1,0,0,0,0,1,1,2,1,45,7,2993,2,10,1,1,1
2018140351341,2,9,0,18,0,3,0,0,0,0,1,1,2,1,43,7,1956,2,6,8,1,8
2018140351396,1,9,0,5,0,3,0,0,0,0,3,1,6,2,31,6,1560,2,9,4,1,4
2018140351396,2,-1,0,5,0,8,0,0,0,0,4,1,6,3,-1,-1,-1,-1,-1,-1,-1,-1
2018140351415,1,9,0,18,0,0,2,0,1,0,3,1,5,2,22,5,1242,1,10,5,3,5
2018140351415,2,9,0,18,0,0,5,0,1,0,1,1,5,1,50,8,1998,1,1,8,3,8
2018140351441,1,8,0,9,0,0,0,0,0,0,1,1,6,1,-1,-1,-1,-1,-1,-1,-1,-1
2018140351488,1,9,0,7,0,1,0,0,0,0,2,1,5,2,29,6,1598,1,11,6,1,6
2018140351488,2,1,0,18,0,1,0,0,0,0,1,1,6,1,9,2,-1,-1,-1,2,1,2
2018140351489,1,9,0,18,0,0,0,0,0,0,2,1,6,1,58,9,1995,2,8,3,1,3
2018140351489,2,9,0,18,0,0,0,0,0,0,2,1,5,1,60,9,1388,1,7,8,1,8
2018140351489,3,9,0,18,0,0,0,0,0,0,1,1,6,3,-1,-1,-1,-1,-1,-1,-1,-1
2018140351580,1,9,0,3,0,1,0,0,0,0,1,1,6,2,32,6,1896,2,12,5,1,5
2018140351580,2,19,0,1,0,1,0,0,0,0,2,1,6,1,-1,-1,2198,2,4,-1,-1,-1
2018140351622,1,90,0,15,0,0,0,0,0,0,4,1,1,1,63,9,7146,2,2,2,1,2
2018140351622,2,1,0,18,0,0,0,0,0,0,1,1,6,1,21,5,-1,-1,-1,-1,-1,-1
2018140351641,1,9,0,18,0,2,0,0,0,0,1,1,6,3,21,5,-1,-1,-1,-1,-1,-1
2018140351656,1,9,0,6,0,0,0,0,0,0,0,1,6,3,21,5,-1,-1,-1,-1,-1,-1
2018140351656,2,11,0,18,0,0,0,0,0,0,0,1,1,1,56,9,6700,2,-1,3,1,3
2018140351674,1,9,0,18,0,0,0,0,1,0,1,1,2,1,20,4,1242,1,15,1,1,1
2018140351674,2,9,0,18,0,0,0,0,0,0,0,1,6,3,-1,-1,-1,-1,-1,-1,-1,-1
2018140351686,1,1,0,18,0,8,0,0,0,0,1,1,5,1,62,9,-1,-1,-1,6,1,6
2018140351686,2,9,0,18,0,8,0,0,0,0,1,1,1,1,59,9,3500,1,15,1,1,1
2018140804255,1,9,0,18,0,0,0,0,4,0,1,1,2,1,21,5,1968,2,11,3,2,3
2018140804255,2,19,0,18,0,0,0,0,0,0,2,1,1,1,60,9,-1,-1,-1,9,1,9
2018140804288,1,9,0,4,0,0,0,0,0,0,2,1,6,2,51,8,1364,1,11,-1,-1,-1
2018140804288,2,9,0,4,0,0,0,0,0,0,1,1,6,3,-1,-1,-1,-1,-1,-1,-1,-1
2018140804295,1,9,0,11,0,0,0,0,0,0,2,1,5,1,76,11,1997,2,7,3,1,3
2018140804295,2,98,0,16,0,0,0,0,0,0,1,2,1,1,55,8,-1,-1,-1,-1,-1,-1
2018140804323,1,11,0,18,0,0,0,0,0,0,4,1,1,1,66,10,7300,2,15,6,1,6
2018140804336,1,9,0,18,0,2,1,0,7,0,4,1,5,1,19,4,1388,1,15,9,1,9
2018140804336,2,9,0,18,0,1,1,0,0,0,1,1,5,1,42,7,1598,1,17,2,1,2
2018140804379,1,5,0,18,0,3,0,0,0,0,3,1,6,1,62,9,599,1,15,1,1,1
2018140804379,2,9,0,5,0,3,0,0,0,0,1,1,2,1,50,8,1984,2,4,4,1,4
2018140804401,1,9,0,18,0,1,0,0,0,0,1,1,5,2,24,5,1242,1,11,3,1,3
2018140804408,1,9,0,18,0,1,0,0,0,0,1,1,2,1,57,9,1149,1,12,1,1,1
2018140804419,1,9,0,9,0,8,1,0,4,1,1,1,5,2,29,6,998,1,9,1,1,1
2018140804429,1,9,0,18,0,0,0,0,0,0,1,1,6,3,-1,-1,-1,-1,-1,-1,-1,-1
2018140804429,2,1,0,18,0,0,0,0,0,0,1,1,6,1,51,8,-1,-1,-1,1,1,1
2018140804433,1,9,0,3,0,0,0,0,0,0,2,1,5,2,42,7,1997,1,1,1,1,1
2018140804433,2,9,0,18,0,0,0,0,0,0,1,1,6,1,45,7,2488,1,13,1,1,1
2018140804440,1,5,0,18,0,3,2,0,7,0,1,1,2,1,36,7,645,1,7,1,1,1
2018140804440,2,9,0,18,0,3,0,0,0,0,1,1,6,3,-1,-1,-1,-1,-1,-1,-1,-1
2018140804440,3,9,0,18,0,3,0,0,0,0,1,1,5,2,69,10,1956,2,-1,7,1,7
2018140804452,1,9,0,7,0,2,0,0,0,0,1,1,6,2,34,6,1390,1,12,1,1,1
2018140804452,2,1,0,18,0,8,0,0,0,0,4,1,6,1,45,7,-1,-1,-1,6,3,6
2018140804456,1,9,0,9,0,2,0,0,0,0,1,1,2,2,38,7,1461,2,2,5,1,5
2018140804456,2,9,0,18,0,8,0,0,0,0,1,1,6,3,-1,-1,2000,1,12,-1,-1,-1
2018140804467,1,9,0,18,0,0,1,0,1,0,3,1,5,1,72,10,1398,2,16,6,3,6
2018140804467,2,9,0,18,0,0,0,0,1,0,1,1,6,1,17,4,1248,2,4,9,2,9
2018140804478,1,9,0,18,0,8,1,0,7,4,1,1,6,1,29,6,1364,1,9,2,1,2
2018140804488,1,9,0,9,0,0,0,0,0,0,1,1,6,1,-1,-1,1686,2,4,-1,-1,-1
2018140804496,1,19,0,4,0,0,0,0,0,0,2,1,1,1,33,6,1598,2,1,4,1,4
2018140804496,2,9,0,18,0,0,0,0,0,0,1,1,1,2,24,5,1598,2,5,8,1,8
2018140804501,1,9,0,9,0,1,0,0,0,0,1,1,2,1,35,6,1910,2,12,1,1,1
2018140804501,2,1,0,18,0,1,0,0,0,0,1,1,6,2,26,6,-1,-1,-1,3,1,3
2018140804513,1,9,0,17,1,1,5,10,0,0,4,1,5,2,52,8,1461,2,2,2,1,2
2018140804517,1,9,0,9,0,1,0,0,0,0,1,1,1,1,49,8,1500,2,-1,4,1,4
2018140804517,2,2,0,18,0,8,2,0,0,0,1,1,6,1,15,3,125,1,2,5,1,5
2018140804527,1,9,0,16,0,0,0,0,0,0,1,1,6,1,90,11,1398,2,12,4,1,4
2018140804527,2,9,0,17,0,0,0,0,0,0,1,1,6,1,47,8,-1,3,-1,4,1,4
2018140804534,1,9,0,18,0,0,0,4,1,0,1,1,2,1,43,7,1984,1,-1,10,1,10
2018140804534,2,9,0,2,0,0,0,0,0,0,3,1,6,3,-1,-1,-1,-1,-1,-1,-1,-1
2018140804534,3,9,0,2,0,0,0,0,0,0,1,1,6,3,-1,-1,-1,-1,-1,-1,-1,-1
2018140804534,4,9,0,18,0,0,0,0,0,0,3,1,5,1,80,11,1598,1,10,10,1,10
2018140804534,5,9,0,2,0,0,0,0,0,0,1,1,6,3,-1,-1,-1,-1,-1,-1,-1,-1
2018140804534,6,9,0,18,0,0,0,0,0,0,2,1,5,1,54,8,1598,1,5,6,1,6
2018140804544,1,9,0,18,0,8,0,0,0,0,4,1,1,1,27,6,1997,2,2,-1,-1,-1
2018140804544,2,9,0,18,0,8,0,0,0,0,1,1,1,1,29,6,1896,2,9,1,1,1
2018140804603,1,8,0,2,0,0,0,0,0,0,2,1,1,1,27,6,1968,2,5,1,1,1
2018140804603,2,9,0,18,0,0,0,0,0,0,1,1,6,3,-1,-1,1596,1,13,-1,-1,-1
2018140804605,1,9,0,18,0,0,1,0,0,0,3,1,6,1,24,5,1398,2,16,2,1,2
2018140804605,2,9,0,18,0,0,1,0,0,0,0,1,6,1,43,7,1461,2,11,6,1,6
2018140804628,1,9,0,18,0,0,0,0,0,0,1,1,6,2,61,9,1999,2,2,9,2,9
2018140804670,1,9,0,16,0,2,0,0,0,0,2,1,5,2,22,5,1900,2,13,6,2,6
2018140804670,2,9,0,13,0,2,0,0,0,0,1,1,5,2,29,6,1596,1,9,9,3,9
2018140804679,1,9,0,18,0,0,0,0,0,0,2,1,6,2,53,8,1968,2,3,8,1,8
2018140804679,2,9,0,18,0,0,0,0,0,0,2,1,6,2,50,8,1499,2,1,1,1,1
2018140804679,3,19,0,18,0,0,0,0,0,0,2,1,1,1,39,7,2198,2,5,2,2,2
2018140804679,4,19,0,18,0,0,0,0,0,0,2,1,1,1,23,5,2299,2,-1,1,1,1
2018140804679,5,9,0,18,0,0,0,0,0,0,1,1,6,2,64,9,998,1,1,1,1,1
2018140804685,1,9,0,18,0,1,0,0,0,0,1,1,6,2,26,6,999,1,2,1,1,1
2018140804685,2,9,0,9,0,1,0,0,0,0,1,1,5,3,-1,-1,1388,1,13,-1,-1,-1
2018140804688,1,9,0,18,0,0,5,0,0,0,1,1,6,3,28,6,1598,1,11,-1,-1,-1
2018140804688,2,9,0,18,0,0,0,0,1,0,1,1,6,1,84,11,1588,1,16,9,1,9
2018140804688,3,9,0,18,0,0,0,0,0,0,3,1,6,2,76,11,1198,1,9,9,1,9
2018140804694,1,3,0,14,0,0,0,0,0,0,1,1,2,1,19,4,124,1,1,10,2,10
2018140804812,1,9,0,18,0,1,0,0,0,0,1,1,1,1,25,5,1560,2,7,1,1,1
2018140804812,2,9,0,18,0,8,0,0,0,0,1,1,1,2,48,8,1995,2,5,2,1,2
2018140804820,1,8,0,9,0,6,0,0,0,0,4,1,1,1,58,9,2499,2,10,3,1,3
2018140804820,2,1,0,18,0,8,0,0,0,0,3,1,6,2,41,7,-1,-1,-1,10,1,10
2018140804824,1,9,0,3,0,1,0,0,0,0,2,1,2,2,31,6,1598,2,6,4,1,4
2018140804824,2,19,0,3,0,1,0,0,0,0,1,1,6,3,-1,-1,-1,-1,-1,-1,-1,-1
2018140804825,1,9,0,18,0,2,0,0,0,0,4,1,5,1,47,8,2360,8,-1,10,1,10
2018140804833,1,9,0,18,0,0,0,6,1,0,1,1,6,1,39,7,1995,2,2,3,1,3
2018140804842,1,9,0,18,0,0,0,0,0,0,1,1,5,1,56,9,1461,2,15,2,1,2
2018140804842,2,9,0,2,0,0,0,0,0,0,2,1,6,1,70,10,1461,2,3,4,1,4
2018140804847,1,9,0,8,0,1,0,0,0,0,2,1,1,2,38,7,1364,1,9,6,1,6
2018140804847,2,9,0,18,0,1,0,0,0,0,1,1,6,1,-1,-1,-1,-1,-1,-1,-1,-1
2018140804853,1,9,0,18,0,8,0,0,0,0,4,1,6,1,56,9,1796,1,11,5,1,5
2018140804853,2,8,0,18,0,4,0,0,0,0,1,1,1,1,30,6,1968,2,5,1,1,1
2018140804864,1,9,0,18,0,3,5,0,0,0,1,1,6,1,26,6,1984,1,1,3,1,3
2018140804968,1,19,0,7,0,1,0,0,0,0,2,1,1,1,31,6,2198,2,3,3,1,3
2018140804968,2,19,0,18,0,1,0,0,0,0,1,1,6,3,-1,-1,2402,2,6,-1,-1,-1
2018140804976,1,9,0,18,0,0,0,0,0,0,1,1,6,1,19,4,1390,1,5,8,1,8
2018140804985,1,9,0,1,0,8,0,0,0,0,2,1,6,3,-1,-1,-1,-1,-1,-1,-1,-1
2018140805033,1,9,0,11,0,0,0,0,0,0,1,1,6,1,26,6,2143,2,-1,8,3,8
2018140805033,2,21,0,18,0,0,0,0,0,0,2,1,1,1,62,9,6693,2,5,7,1,7
2018140805038,1,9,0,18,0,2,0,0,0,0,0,1,6,3,-1,-1,-1,-1,-1,-1,-1,-1
2018140805119,1,9,0,18,0,1,0,0,0,0,4,1,5,2,18,4,1248,2,10,7,1,7
2018140805119,2,9,0,18,0,1,0,0,0,0,1,1,6,3,-1,-1,1461,2,-1,-1,-1,-1
2018140805126,1,9,0,18,0,1,0,0,0,0,1,1,5,2,29,6,1988,1,15,5,1,5
2018140805126,2,9,0,9,0,2,0,0,0,0,1,1,6,3,-1,-1,-1,-1,-1,-1,-1,-1
2018140805155,1,9,0,11,0,0,0,0,0,0,1,1,6,2,23,5,1598,1,8,1,1,1
2018140805155,2,9,0,11,0,0,0,0,0,0,2,1,6,2,25,5,999,1,-1,10,1,10
2018140805155,3,9,0,11,0,0,0,0,0,0,2,1,6,1,39,7,1598,2,3,1,1,1
2018140805156,1,9,0,16,0,0,1,0,0,0,1,1,2,1,18,4,1149,1,4,2,1,2
2018140805164,1,9,0,12,0,8,0,0,0,0,1,1,2,2,20,4,1206,1,8,1,1,1
2018140805164,2,1,0,18,0,8,0,0,0,0,1,1,5,1,53,8,-1,-1,-1,10,1,10
2018140805166,1,9,0,18,0,0,0,4,1,0,1,1,6,1,26,6,1968,2,12,1,1,1
2018140805166,2,9,0,2,9,0,0,0,0,0,3,1,6,3,-1,-1,-1,-1,-1,-1,-1,-1
2018140805168,1,2,0,18,0,0,0,0,0,0,1,1,5,2,28,6,49,1,17,3,1,3
2018140805168,2,9,0,9,0,0,0,0,0,0,1,1,5,1,16,4,1149,1,13,1,1,1
2018140805171,1,19,0,18,0,0,0,0,0,0,1,1,1,1,52,8,2461,2,8,-1,-1,-1
2018140805180,1,9,0,3,0,0,0,0,0,0,2,1,5,2,51,8,1968,2,1,1,1,1
2018140805180,2,9,0,18,0,0,0,0,0,0,1,1,6,1,48,8,2143,2,8,-1,-1,-1
2018140805189,1,9,0,18,0,2,0,0,0,0,4,1,6,3,-1,-1,-1,-1,-1,-1,-1,-1
2018140805189,2,1,0,9,4,2,0,0,0,0,3,1,6,1,60,9,-1,-1,-1,7,1,7
2018140805191,1,9,0,18,0,1,0,0,0,0,2,1,5,1,-1,-1,998,1,7,1,1,1
2018140805191,2,9,0,9,0,1,0,0,1,0,1,1,6,1,20,4,1984,1,12,1,1,1
2018140805191,3,9,0,18,0,1,0,0,0,0,4,1,1,1,-1,-1,2993,2,1,1,1,1
2018140805191,4,9,0,18,0,8,5,0,0,0,3,1,1,1,-1,-1,-1,-1,-1,1,1,1
2018140805199,1,9,0,7,0,6,0,0,0,0,4,1,6,3,-1,-1,-1,-1,-1,-1,-1,-1
2018140805203,1,9,0,17,0,0,0,0,0,0,1,1,5,1,37,7,1870,2,17,2,1,2
2018140805207,1,11,0,18,0,0,0,0,0,0,4,1,5,1,46,8,9360,2,11,3,-1,3
2018140805225,1,97,0,18,0,1,0,0,0,0,1,1,5,1,53,8,-1,-1,-1,1,1,1
2018140805225,2,9,0,5,0,8,0,0,0,0,1,1,6,3,-1,-1,-1,-1,-1,-1,-1,-1
2018140805316,1,8,0,5,0,0,0,0,0,0,4,1,6,3,-1,-1,1896,2,8,-1,-1,-1
2018140805359,1,9,0,18,0,0,1,7,1,11,1,1,6,3,-1,-1,1910,2,13,-1,-1,-1
2018140805375,1,9,0,18,0,0,0,0,0,0,2,1,5,1,65,9,2435,1,16,7,1,7
2018140805375,2,9,0,18,0,0,0,0,0,0,1,1,6,1,-1,-1,-1,-1,-1,-1,-1,-1
2018140805382,1,9,0,4,0,1,0,0,0,0,4,1,5,1,28,6,1461,2,4,5,2,5
2018140805382,2,1,0,18,9,1,0,0,0,0,1,1,6,1,11,3,-1,-1,-1,6,3,6
2018140805468,1,9,0,18,0,1,0,0,0,0,4,1,5,2,29,6,1997,2,5,8,1,8
2018140805472,1,9,0,9,0,5,5,0,7,0,4,1,1,2,54,8,1360,1,11,5,1,5
2018140805472,2,9,0,18,0,1,0,0,0,0,1,1,1,1,42,7,-1,-1,-1,6,3,6
2018140805475,1,9,0,5,0,1,5,0,8,0,0,1,6,1,25,5,1997,2,3,1,1,1
2018140805475,2,11,0,5,0,8,0,0,0,0,3,1,1,1,55,8,4250,2,11,7,3,7
2018140805483,1,9,0,9,0,2,0,0,0,0,1,1,6,3,-1,-1,1968,2,12,-1,-1,-1
2018140805483,2,9,0,9,0,2,0,0,0,0,1,1,2,1,28,6,1968,2,7,2,1,2
2018140805483,3,9,0,16,0,1,0,0,7,0,3,1,5,1,53,8,1685,2,1,1,1,1
2018140805483,4,9,0,18,0,1,0,0,0,0,1,1,5,2,28,6,1461,2,5,1,1,1
2018140805486,1,19,0,18,0,1,0,0,0,0,1,1,1,1,37,7,1598,2,3,5,1,5
2018140805486,2,9,0,18,0,1,0,0,0,0,2,1,1,2,36,7,2993,2,10,5,3,5