Accident_Index,Vehicle_Reference,Vehicle_Type,Towing_and_Articulation,Vehicle_Manoeuvre,Vehicle_Location-Restricted_Lane,Junction_Location,Skidding_and_Overturning,Hit_Object_in_Carriageway,Vehicle_Leaving_Carriageway,Hit_Object_off_Carriageway,1st_Point_of_Impact,Was_Vehicle_Left_Hand_Drive?,Journey_Purpose_of_Driver,Sex_of_Driver,Age_of_Driver,Age_Band_of_Driver,Engine_Capacity_(CC),Propulsion_Code,Age_of_Vehicle,Driver_IMD_Decile,Driver_Home_Area_Type,Vehicle_IMD_Decile
2018140805494,1,9,0,4,0,1,0,0,0,0,1,1,5,1,54,8,1999,1,4,7,1,7
2018140805495,1,9,0,4,0,0,0,0,0,0,2,1,5,1,79,11,998,1,1,4,1,4
2018140805495,2,9,0,3,0,0,0,0,0,0,1,1,6,3,-1,-1,1753,2,10,-1,-1,-1
2018140805509,1,9,0,13,0,0,2,0,1,1,2,1,1,2,23,5,1461,2,5,1,2,1
2018140805509,2,10,0,18,0,0,0,0,0,0,1,1,1,1,53,8,-1,-1,-1,4,1,4
2018140805512,1,9,0,18,0,0,0,0,0,0,4,1,6,2,34,6,1598,2,1,6,3,6
2018140805512,2,20,4,18,0,0,0,0,0,0,3,1,1,1,53,8,-1,-1,-1,4,3,4
2018140805522,1,9,0,18,0,1,0,0,0,0,3,1,6,1,68,10,2191,2,6,8,1,8
2018140805522,2,9,0,9,0,5,0,0,6,0,1,1,6,1,-1,-1,-1,-1,-1,-1,-1,-1
2018140805535,1,9,0,18,0,0,1,0,0,0,3,1,2,1,45,7,1497,1,-1,6,3,6
2018140805535,2,9,0,18,0,0,0,0,0,0,1,1,5,2,23,5,1397,1,10,9,1,9
2018140805535,3,9,0,18,0,0,0,0,0,0,4,1,5,1,67,10,1364,1,1,2,1,2
2018140805535,4,9,0,18,0,0,0,0,0,0,2,1,5,2,46,8,1395,1,-1,7,1,7
2018140805535,5,9,0,11,0,0,0,0,0,0,2,1,5,1,58,9,1956,2,3,10,1,10
2018140805556,1,9,0,18,0,0,0,0,0,0,1,1,5,2,42,7,1499,2,-1,1,1,1
2018140805556,2,9,0,18,0,0,0,0,0,0,1,1,5,1,42,7,3200,2,8,5,1,5
2018140805678,1,9,0,9,0,2,0,0,0,0,3,1,2,1,49,8,1997,2,5,5,1,5
2018140805678,2,9,0,17,0,1,0,0,7,0,1,1,2,2,44,7,796,1,13,1,1,1
2018140805707,1,9,0,13,0,0,5,0,0,0,1,1,6,2,32,6,1997,2,8,2,1,2
2018140805707,2,9,0,18,0,0,0,0,1,4,1,1,6,1,26,6,1896,2,14,1,1,1
2018140805707,3,9,0,18,0,0,0,0,1,4,1,1,6,1,63,9,1499,2,3,7,1,7
2018140805731,1,3,0,18,0,0,5,0,0,0,1,1,6,1,24,5,123,1,3,1,1,1
2018140805731,2,10,0,9,0,0,0,0,0,0,4,1,1,1,55,8,-1,-1,-1,3,2,3
2018140805733,1,9,0,7,0,5,0,0,0,0,1,1,3,1,53,8,4461,2,9,5,1,5
2018140805739,1,9,0,18,0,0,0,0,0,0,2,1,5,2,22,5,1198,1,1,4,2,4
2018140805739,2,21,0,18,0,0,0,0,0,0,1,1,1,1,47,8,10837,2,3,6,1,6
2018140805778,1,1,0,18,0,8,0,0,0,0,1,1,5,1,55,8,-1,-1,-1,1,1,1
2018140805778,2,9,0,18,0,8,0,0,0,0,4,1,5,1,-1,-1,-1,-1,-1,1,1,1
2018140805778,3,98,0,18,0,1,0,0,0,0,1,1,6,3,-1,-1,-1,-1,-1,-1,-1,-1
2018140806037,1,9,0,9,0,5,0,0,0,0,1,1,5,1,33,6,2231,2,9,6,1,6
2018140806170,1,11,0,18,2,0,0,0,0,0,0,1,1,1,23,5,6871,2,10,1,1,1
2018140806170,2,9,0,11,0,0,0,0,0,0,0,1,6,3,-1,-1,-1,-1,-1,-1,-1,-1
2018140806194,1,9,0,18,0,2,0,0,0,0,4,1,5,1,47,8,1896,2,13,4,2,4
2018140806194,2,9,0,9,0,2,0,0,0,0,3,1,5,1,18,4,1242,1,11,9,1,9
2018140806220,1,9,0,18,0,0,0,0,0,0,1,1,6,1,33,6,1560,2,5,2,2,2
2018140806220,3,9,0,18,0,0,0,0,0,0,2,1,6,1,47,8,1998,2,-1,2,2,2
2018140806751,1,9,0,18,0,1,0,0,0,0,2,1,6,2,18,4,1399,1,1,4,1,4
2018140806751,2,9,0,18,0,1,0,0,0,0,1,1,6,3,-1,-1,998,1,2,-1,-1,-1
2018140806852,1,9,0,18,0,1,0,0,0,0,1,1,5,1,28,6,1968,2,11,6,1,6
2018140807021,1,9,0,9,0,2,1,10,1,0,1,1,5,1,28,6,1968,2,11,1,1,1
2018140807021,2,9,0,18,0,1,0,0,0,0,0,1,1,1,34,6,2993,2,3,1,1,1
2018140807082,1,9,0,18,0,0,0,11,1,11,1,1,5,2,79,11,1997,2,9,3,2,3
2018140807104,1,9,0,18,0,4,0,0,0,0,1,1,5,2,63,9,1398,1,-1,2,1,2
2018140807104,2,9,0,18,0,3,0,0,0,0,4,1,5,2,20,4,-1,-1,-1,9,1,9
2018140807106,1,19,0,12,0,0,0,0,0,0,3,1,1,1,24,5,2198,2,2,7,1,7
2018140807106,2,1,0,3,0,0,0,0,0,0,3,1,5,1,51,8,-1,-1,-1,10,1,10
2018140807107,1,9,0,18,0,0,5,0,7,9,3,1,5,2,56,9,1998,8,2,1,3,1
2018140807108,1,9,0,18,0,1,0,0,0,0,1,1,6,1,41,7,1560,2,13,2,1,2
2018140807108,2,9,0,9,0,1,0,0,1,0,3,1,5,2,54,8,2143,2,5,5,1,5
2018140807110,1,9,0,5,0,0,0,0,0,0,1,1,5,2,79,11,1398,2,15,6,1,6
2018140807110,2,9,0,2,0,0,0,0,0,0,2,1,6,3,-1,-1,-1,-1,-1,-1,-1,-1
2018140807110,3,9,0,2,0,0,0,0,0,0,2,1,6,3,-1,-1,-1,-1,-1,-1,-1,-1
2018140807117,1,19,0,15,0,1,0,0,0,0,4,1,1,1,21,5,2488,2,6,-1,-1,-1
2018140807117,2,1,0,18,0,1,0,0,0,0,3,1,6,1,25,5,-1,-1,-1,6,1,6
2018140807135,1,9,0,18,0,1,0,0,7,0,1,1,5,1,56,9,1968,2,10,1,1,1
2018140807135,2,9,0,18,0,1,0,0,1,0,1,1,2,1,43,7,2231,2,10,2,1,2
2018140807145,1,11,0,4,0,0,0,0,0,0,0,1,1,1,44,7,4500,2,1,3,1,3
2018140807147,1,9,0,9,0,1,0,0,0,0,1,1,5,2,28,6,1910,2,10,5,1,5
2018140807147,2,9,0,18,0,1,0,0,0,0,1,1,5,1,23,5,1896,2,14,5,1,5
2018140807164,1,9,0,9,0,6,0,0,0,0,1,1,6,2,53,8,1798,1,12,1,1,1
2018140807169,1,9,0,5,0,8,0,0,0,0,3,1,3,2,32,6,2191,2,4,6,1,6
2018140807169,2,9,0,18,0,6,0,0,0,0,1,1,1,2,36,7,1198,1,7,3,1,3
2018140807173,1,9,0,18,0,0,0,0,0,0,3,1,6,3,-1,-1,-1,-1,-1,-1,-1,-1
2018140807175,1,9,0,18,0,0,0,0,2,4,1,1,5,1,19,4,1398,1,11,2,1,2
2018140807190,1,9,0,9,0,1,0,0,0,0,1,1,5,1,43,7,1596,1,15,3,1,3
2018140807190,2,2,0,18,0,1,0,0,0,0,1,1,5,1,21,5,49,1,1,6,1,6
2018140807194,1,9,0,18,0,0,1,0,0,0,1,2,5,1,67,10,1598,1,15,7,1,7
2018140807219,1,9,0,18,0,0,0,0,0,0,3,1,5,2,50,8,1968,2,-1,7,1,7
2018140807219,2,9,0,18,0,0,0,0,0,0,1,1,6,1,72,10,1497,8,3,10,1,10
2018140807617,1,19,0,18,0,0,0,0,0,0,1,1,5,1,27,6,2198,2,3,6,1,6
2018140807617,2,9,0,18,0,0,0,0,0,0,2,1,2,1,37,7,1587,1,12,2,1,2
2018140807617,3,9,0,18,0,0,0,0,0,0,2,1,5,2,32,6,1896,2,12,3,2,3
2018140807649,1,9,0,9,0,1,0,0,0,0,2,1,6,3,-1,-1,1598,2,7,-1,-1,-1
2018140807649,2,1,0,18,0,1,0,0,0,0,1,1,6,1,29,6,-1,-1,-1,1,1,1
2018140807661,1,9,0,18,0,8,0,0,0,0,1,1,5,1,46,8,1360,1,12,2,1,2
2018140807705,1,9,0,18,0,1,0,0,0,0,1,1,1,1,30,6,1995,2,7,2,1,2
2018140807739,1,9,0,18,0,0,0,0,0,0,1,1,5,2,25,5,1364,1,10,9,1,9
2018140807739,2,9,0,18,0,0,0,0,0,0,1,1,5,2,74,10,1968,2,2,6,1,6
2018140807782,1,9,0,18,0,1,0,0,0,0,1,1,2,2,26,6,999,1,-1,2,1,2
2018140807782,2,9,0,7,0,6,0,0,0,0,3,1,5,1,73,10,1796,1,16,1,2,1
2018140807893,1,9,0,18,0,1,0,0,0,0,1,1,5,1,21,5,1120,2,2,3,1,3
2018140807893,2,9,0,9,0,6,0,0,0,0,1,1,6,3,-1,-1,1791,8,7,-1,-1,-1
2018140807951,1,9,0,9,0,6,0,0,0,0,1,1,6,2,51,8,1240,1,10,2,1,2
2018140807951,2,9,0,18,0,8,0,0,0,0,1,1,6,1,43,7,1364,1,13,7,1,7
2018140808038,1,9,0,18,0,8,0,0,0,0,1,1,6,2,43,7,1248,2,12,1,1,1
2018140808038,2,9,0,18,0,8,0,0,0,0,1,1,5,2,59,9,1200,1,3,1,1,1
2018140808046,1,9,0,18,0,1,0,7,1,0,1,1,6,2,37,7,1499,1,2,5,2,5
2018140808144,1,9,0,4,0,0,0,0,0,0,4,1,6,3,-1,-1,1995,2,9,-1,-1,-1
2018140808144,2,9,0,18,0,0,0,1,0,0,1,1,6,1,53,8,1995,2,10,4,1,4
2018140808453,1,9,0,3,0,0,0,0,0,0,2,1,6,2,50,8,998,1,4,1,1,1
2018140808453,2,9,0,3,0,0,0,0,0,0,2,1,6,2,26,6,1984,1,9,5,1,5
2018140808453,3,9,0,18,0,0,0,0,0,0,1,1,6,1,33,6,1686,2,10,1,1,1
2018140808474,1,9,0,7,0,2,0,0,0,0,1,1,6,2,51,8,2987,2,12,5,1,5
2018140808565,1,90,0,18,0,8,0,0,0,0,1,1,1,1,27,6,2999,2,5,1,1,1
2018140808565,2,9,0,18,0,8,0,0,0,0,3,1,6,2,53,8,1461,2,2,8,1,8
2018140808673,1,11,0,18,2,0,0,0,0,0,0,1,1,1,30,6,9360,2,8,1,1,1
2018140808673,2,9,0,18,2,0,0,0,0,0,0,1,6,3,-1,-1,-1,-1,-1,-1,-1,-1
2018140808705,1,9,0,9,0,8,0,0,0,0,1,1,6,2,28,6,1422,2,14,1,1,1
2018140808705,2,9,0,18,0,8,0,0,0,0,1,1,6,1,46,8,1396,1,4,2,1,2
2018140808712,1,9,0,10,0,1,0,0,0,0,2,1,6,1,39,7,1995,2,8,1,1,1
2018140808712,2,9,0,18,0,1,0,0,0,0,1,1,6,1,35,6,1560,2,11,8,1,8
2018140808757,1,9,0,18,0,0,0,0,0,0,1,1,2,1,28,6,1781,1,15,3,1,3
2018140809418,1,9,0,18,0,1,0,0,0,0,1,1,5,1,32,6,1493,2,12,4,1,4
2018140809418,2,9,0,5,0,6,0,0,0,0,1,1,5,2,58,9,1461,2,1,3,1,3
2018140810204,1,2,0,18,0,8,0,0,0,0,4,1,6,1,-1,-1,-1,-1,-1,-1,-1,-1
2018140811180,1,98,0,10,0,1,0,0,0,0,3,1,6,1,-1,-1,-1,-1,-1,-1,-1,-1
2018140811180,2,97,0,14,0,1,0,0,7,0,1,1,6,1,18,4,-1,-1,-1,5,1,5
2018140813163,1,9,0,18,0,1,0,0,0,0,2,1,3,2,36,7,1339,8,7,3,3,3
2018140813163,2,19,0,18,0,1,0,0,0,0,2,1,1,1,39,7,2500,2,11,1,1,1
2018140813163,3,9,0,18,0,1,0,0,0,0,1,1,2,2,25,5,999,1,-1,9,1,9
2018140815748,1,9,0,1,0,1,0,0,0,0,2,1,6,3,-1,-1,-1,-1,-1,-1,-1,-1
2018140821117,1,9,0,17,0,0,0,0,7,2,1,1,5,2,29,6,1968,2,12,9,-1,9
2018140822570,1,1,0,18,0,1,0,0,0,0,1,1,6,2,47,8,-1,-1,-1,2,-1,2
2018140822570,2,19,0,9,0,8,0,0,0,0,1,1,2,1,53,8,2148,2,11,8,1,8
2018140826697,1,9,0,18,0,0,0,0,0,0,3,1,6,1,29,6,1968,2,6,5,1,5
2018140826697,2,9,0,18,0,0,0,0,0,0,1,1,6,1,36,7,-1,-1,-1,5,1,5
2018140828147,1,19,0,2,0,2,0,0,1,0,3,1,6,1,28,6,1598,2,11,1,1,1
2018140828147,2,9,0,1,0,1,0,0,0,0,3,2,6,1,51,8,1596,1,14,5,1,5
2018140828157,1,9,0,18,0,2,0,0,0,0,1,1,5,1,47,8,1598,2,4,1,1,1
2018140828774,1,5,0,17,0,4,2,0,0,0,1,1,6,1,36,7,954,1,16,6,1,6
2018140830853,1,9,0,18,0,0,0,0,0,0,4,1,6,1,18,4,1422,2,4,6,1,6
2018140830853,2,9,0,18,0,0,0,0,0,0,3,1,2,1,52,8,1968,2,2,9,1,9
2018140830853,3,9,0,18,0,0,0,0,0,0,2,1,6,1,61,9,1198,1,4,7,1,7
2018140830894,1,21,0,18,0,0,1,0,0,0,2,1,1,1,63,9,9186,2,5,2,1,2
2018140830894,2,9,0,18,0,0,0,0,0,0,1,1,2,2,52,8,1997,2,1,3,1,3
2018140835824,1,9,0,18,0,0,0,0,1,0,1,1,5,1,67,10,1560,2,7,9,1,9
2018140846941,1,9,0,18,0,0,0,0,0,0,1,1,6,1,34,6,1686,2,15,4,1,4
2018140846941,2,9,0,5,0,0,0,0,0,0,3,1,6,1,-1,-1,1560,2,10,5,1,5
2018160255943,1,9,4,18,0,0,1,0,0,0,1,1,1,1,56,9,-1,-1,-1,3,3,3
2018160255943,2,1,0,12,0,0,0,10,0,0,4,1,2,1,35,6,-1,-1,-1,6,1,6
2018160255946,1,9,0,18,0,0,0,0,0,0,1,1,5,1,17,4,1398,2,15,2,1,2
2018160255975,1,9,0,17,0,0,2,10,7,0,4,1,6,2,54,8,1390,1,14,8,2,8
2018160256524,1,9,0,13,0,3,0,0,0,0,4,1,5,1,20,4,2979,1,10,10,2,10
2018160256524,2,11,0,18,0,3,0,0,0,0,3,1,1,1,42,7,7698,2,2,4,1,4
2018160256907,1,9,0,18,0,0,0,10,1,9,1,1,6,1,18,4,1242,1,12,5,2,5
2018160256938,1,9,0,18,0,1,0,0,0,0,1,1,1,1,32,6,1461,2,1,6,1,6
2018160256938,2,9,0,18,0,1,0,0,0,0,1,1,6,2,60,9,1995,2,3,8,2,8
2018160257244,1,9,0,9,0,1,0,0,0,0,1,1,2,2,57,9,1598,1,13,9,1,9
2018160257244,2,1,0,9,0,1,0,0,0,0,3,1,6,1,32,6,-1,-1,-1,5,1,5
2018160257261,1,9,0,18,0,0,0,0,0,0,1,1,6,3,-1,-1,-1,-1,-1,-1,-1,-1
2018160257268,1,9,0,18,0,3,0,0,0,0,1,1,2,2,27,6,1242,1,11,1,1,1
2018160257268,2,9,0,18,0,3,0,0,0,0,2,1,6,1,37,7,1198,1,15,3,1,3
2018160257268,3,9,0,18,0,3,0,0,0,0,2,1,6,1,58,9,2143,2,1,10,3,10
2018160257313,1,9,0,4,0,0,0,0,0,0,2,1,6,2,51,8,1149,1,7,1,1,1
2018160257313,2,9,0,5,0,0,0,0,0,0,0,1,6,3,-1,-1,1395,1,2,-1,-1,-1
2018160257313,3,9,0,18,0,0,0,0,0,0,1,1,6,3,-1,-1,2143,2,3,-1,-1,-1
2018160257323,1,9,0,18,0,0,0,0,0,0,1,1,5,1,81,11,1329,1,5,5,2,5
2018160257323,2,21,0,2,6,0,0,0,0,0,2,1,1,1,48,8,12740,2,5,6,2,6
2018160257380,1,9,0,18,0,0,5,10,1,2,1,1,6,1,39,7,1399,1,2,1,1,1
2018160257380,2,9,0,2,0,0,0,0,0,0,2,1,5,3,37,7,1240,1,8,-1,-1,-1
2018160257380,3,9,0,2,0,0,0,0,0,0,2,1,5,3,58,9,2143,2,3,-1,-1,-1
2018160257380,4,9,0,2,0,0,0,0,0,0,2,1,5,3,43,7,1240,1,15,-1,-1,-1
2018160257385,1,9,0,9,0,5,0,10,7,0,1,1,5,1,37,7,1956,2,6,1,1,1
2018160257385,2,9,0,18,0,8,0,0,0,0,1,1,5,1,33,6,1399,2,13,1,1,1
2018160257455,1,9,0,9,0,6,0,0,0,0,1,1,2,2,24,5,1229,1,11,-1,-1,-1
2018160257455,2,9,0,18,0,1,0,0,0,0,1,1,3,2,53,8,1242,1,3,4,1,4
2018160257457,1,9,0,18,0,0,0,10,4,6,1,1,6,1,72,10,1796,1,17,1,1,1
2018160257457,2,9,0,18,0,0,0,0,0,0,0,1,6,3,-1,-1,-1,-1,-1,-1,-1,-1
2018160257457,3,90,0,18,0,0,0,0,0,0,0,1,6,3,-1,-1,-1,-1,-1,-1,-1,-1
2018160257888,1,9,0,7,0,4,1,10,8,0,1,1,6,1,31,6,1248,2,9,-1,-1,-1
2018160257888,2,8,0,18,0,8,1,0,0,0,4,1,1,1,36,7,1753,2,8,2,1,2
2018160257978,1,9,0,7,0,6,0,0,0,0,3,1,5,2,31,6,1591,1,2,10,1,10
2018160257978,2,1,0,18,0,1,0,0,0,0,1,1,2,1,29,6,-1,-1,-1,2,1,2
2018160258025,1,1,0,18,0,0,1,0,0,0,0,1,5,2,61,9,-1,-1,-1,9,2,9
2018160258070,1,9,0,18,0,0,0,10,7,4,4,1,5,1,65,9,2435,1,23,4,3,4
2018160258125,1,9,0,17,0,0,2,10,7,9,1,1,2,1,55,8,1991,2,14,1,1,1
2018160258340,1,19,0,2,0,0,0,10,1,0,3,1,1,1,51,8,2143,2,4,6,1,6
2018160258340,2,21,0,16,0,0,0,4,1,0,1,1,1,1,27,6,3920,2,5,1,1,1
2018160258394,1,9,0,18,0,0,0,0,0,0,1,1,5,2,29,6,1242,1,8,6,1,6
2018160258436,1,9,0,18,0,8,0,10,1,0,1,1,6,1,51,8,1798,8,1,8,3,8
2018160258436,2,19,0,18,0,8,0,10,1,0,2,1,5,1,35,6,1997,2,1,2,1,2
2018160258482,1,19,0,18,0,0,0,0,0,0,1,1,2,1,72,10,1868,2,17,1,1,1
2018160258542,1,9,0,18,0,0,0,0,0,0,1,1,4,1,22,5,1199,1,16,4,1,4
2018160258542,2,9,0,10,0,0,0,0,0,0,2,1,1,1,28,6,-1,-1,-1,1,1,1
2018160258639,1,9,0,16,0,0,1,0,7,0,1,1,5,1,20,4,1560,2,6,7,2,7
2018160258639,2,9,0,16,0,0,1,0,7,0,2,1,5,1,18,4,-1,-1,-1,2,2,2
2018160258668,1,9,0,9,0,8,0,0,0,0,1,1,6,2,61,9,1995,2,15,1,1,1
2018160258668,2,1,0,18,0,8,0,0,0,0,2,1,6,1,44,7,-1,-1,-1,1,1,1
2018160258698,1,9,0,17,0,0,2,10,7,0,0,1,5,2,24,5,1229,1,6,3,1,3
2018160259236,1,2,0,18,0,0,0,0,0,0,1,1,6,1,-1,-1,49,1,10,9,1,9
2018160259236,2,1,0,18,0,0,0,0,0,0,1,1,6,1,53,8,-1,-1,-1,10,1,10
2018160259261,1,9,0,18,0,0,0,0,0,0,4,1,6,2,32,6,1240,1,13,4,1,4
2018160259261,2,1,0,18,0,0,0,0,0,0,3,1,6,1,12,3,-1,-1,-1,3,1,3
2018160259297,1,9,0,18,0,1,0,0,0,0,1,1,6,2,28,6,1398,1,18,1,1,1
2018160259297,2,1,0,18,0,1,0,0,0,0,3,1,2,2,40,7,-1,-1,-1,8,1,8
2018160259311,1,9,0,18,0,0,0,0,0,0,4,1,6,3,-1,-1,1988,1,15,-1,-1,-1
2018160259311,2,5,0,18,0,0,0,0,0,0,3,1,6,1,21,5,645,1,7,1,1,1
2018160259351,1,9,0,9,0,8,0,0,0,0,1,1,6,1,-1,-1,1587,1,15,-1,-1,-1
2018160259351,2,1,0,18,4,1,0,0,0,0,3,1,6,1,20,4,-1,-1,-1,1,1,1
2018160259406,1,9,0,18,0,0,0,0,0,0,4,1,6,3,-1,-1,1364,1,11,-1,-1,-1
2018160259437,1,9,0,4,0,0,0,0,0,0,1,1,5,2,18,4,998,1,16,8,2,8
2018160259437,2,9,0,4,0,0,0,0,0,0,2,1,5,2,29,6,1560,2,6,1,1,1
2018160259437,3,9,0,2,0,0,0,0,0,0,0,1,5,3,-1,-1,-1,-1,-1,-1,-1,-1
2018160259486,1,9,0,18,0,8,0,0,0,0,1,1,6,2,31,6,1596,1,7,4,1,4
2018160259486,2,9,0,9,0,5,0,0,0,0,4,1,6,1,26,6,1968,2,8,9,1,9
2018160259545,1,1,0,9,0,5,0,0,0,0,4,1,6,1,31,6,-1,-1,-1,1,1,1
2018160259545,2,9,0,18,0,8,0,0,0,0,1,1,6,2,29,6,1796,1,16,3,1,3
2018160259545,3,9,0,8,0,1,0,0,0,0,1,1,5,2,21,5,1248,1,7,9,1,9
2018160259551,1,3,0,18,0,0,0,0,0,0,0,1,2,1,28,6,124,1,10,7,3,7
2018160259551,2,98,0,5,0,0,0,0,0,0,0,1,1,1,-1,-1,-1,-1,-1,-1,-1,-1
2018160259580,1,9,0,1,9,0,0,0,0,0,2,1,6,2,64,9,1363,2,14,3,1,3
2018160259584,1,3,0,13,0,8,1,0,0,0,4,1,6,1,43,7,-1,-1,-1,1,1,1
2018160259584,2,19,0,9,0,8,0,0,0,0,3,1,5,1,27,6,1598,2,1,6,1,6
2018160259610,1,9,0,9,0,8,0,0,0,0,1,1,6,2,20,4,1388,1,15,3,1,3
2018160259610,2,3,0,18,0,8,0,0,0,0,3,1,6,1,60,9,124,1,13,3,1,3
2018160259624,1,9,0,16,0,0,2,0,1,10,1,1,2,1,47,8,1149,1,14,8,3,8
2018160259641,1,9,0,4,0,0,0,0,0,0,1,1,6,1,19,4,1197,1,5,5,3,5
2018160259641,2,9,0,4,0,0,0,0,0,0,2,1,6,1,31,6,1150,1,10,6,1,6
2018160259666,1,11,0,18,0,1,0,0,0,0,1,1,1,1,52,8,5132,2,1,1,1,1
2018160259666,2,5,0,3,0,8,0,0,0,0,2,1,6,1,25,5,1050,1,12,7,3,7
2018160259666,3,9,0,3,0,1,0,0,0,0,0,1,1,1,53,8,1560,2,2,4,1,4
2018160259772,1,9,0,3,0,0,0,0,0,0,2,1,6,2,24,5,998,1,1,7,1,7
2018160259772,2,9,0,18,0,0,0,0,0,0,1,1,6,3,-1,-1,1560,2,7,-1,-1,-1
2018160259839,1,9,0,18,0,0,0,0,0,0,4,1,6,2,41,7,1360,1,14,1,1,1
2018160259902,1,9,0,5,0,0,0,0,0,0,1,1,6,1,59,9,1560,2,3,7,1,7
2018160259902,2,1,0,18,0,0,0,0,0,0,4,1,6,1,55,8,-1,-1,-1,-1,-1,-1
2018160259935,1,9,0,3,0,1,0,0,0,0,2,1,6,2,27,6,1149,1,14,1,1,1
2018160259935,2,9,0,18,0,1,0,0,0,0,1,1,6,1,-1,-1,1398,1,2,1,1,1
2018160259937,1,9,0,9,0,1,0,0,0,0,2,1,6,1,26,6,1368,1,5,5,1,5
2018160259937,2,9,0,9,0,1,0,0,0,0,1,1,6,3,-1,-1,-1,-1,-1,-1,-1,-1
2018160259975,1,9,0,18,0,0,0,0,0,0,0,1,5,1,48,8,2497,2,7,7,3,7
2018160259975,2,9,0,13,0,0,0,0,0,0,0,1,6,3,-1,-1,1995,2,4,-1,-1,-1
2018160260114,1,1,0,18,0,1,0,0,0,0,1,1,6,2,16,4,-1,-1,-1,7,1,7
2018160260114,2,9,0,18,0,1,0,0,0,0,1,1,6,2,41,7,1598,2,7,-1,-1,-1
2018160260219,1,9,0,9,0,5,0,0,0,0,1,1,2,2,54,8,1753,2,14,4,1,4
2018160260219,2,1,0,18,0,8,0,0,0,0,1,1,6,1,48,8,-1,-1,-1,8,1,8
2018160260264,1,9,0,6,0,0,0,0,0,0,4,1,2,2,52,8,1998,1,4,9,2,9
2018160260264,2,5,0,18,0,0,0,0,0,0,1,1,2,1,37,7,1137,1,20,10,1,10
2018160260313,1,9,0,9,0,6,0,0,0,0,1,1,2,1,31,6,998,1,3,10,1,10
2018160260313,2,9,0,18,0,8,0,0,0,0,1,1,6,1,64,9,1969,2,1,9,2,9
2018160260325,1,9,0,18,0,0,0,0,0,0,4,1,6,3,40,7,-1,-1,-1,-1,-1,-1
2018160260325,2,1,0,18,0,0,0,0,0,0,3,1,2,1,47,8,-1,-1,-1,8,1,8
2018160260354,1,9,0,11,0,0,0,0,0,0,4,1,2,2,60,9,1242,1,3,10,2,10
2018160260354,2,9,0,18,0,0,0,0,0,0,3,1,6,1,46,8,2893,1,8,4,2,4
2018160260364,1,9,0,18,0,0,0,0,0,0,3,1,2,1,43,7,1685,2,3,7,1,7
2018160260390,1,9,0,18,0,8,0,0,0,0,1,1,6,2,72,10,1388,1,8,4,1,4
2018160260390,2,9,0,9,0,8,0,0,0,0,1,1,2,2,25,5,1398,1,6,1,1,1
2018160260416,1,9,0,4,0,0,0,0,0,0,2,1,2,2,37,7,1799,1,13,1,1,1
2018160260416,2,9,0,4,0,0,0,0,0,0,2,1,2,1,45,7,2793,1,19,1,1,1
2018160260416,3,9,0,4,0,0,0,0,0,0,2,1,2,1,39,7,1395,1,1,5,1,5
2018160260416,4,21,0,18,0,0,0,0,0,0,1,1,1,1,55,8,4462,2,4,5,1,5
2018160260427,1,19,0,18,0,0,0,0,0,0,1,1,6,1,26,6,1499,2,5,3,1,3
2018160260427,2,9,0,4,0,0,0,0,0,0,2,1,6,1,21,5,1598,1,8,8,3,8
2018160260473,1,1,0,18,0,8,0,0,0,0,1,1,6,1,14,3,-1,-1,-1,-1,-1,-1
2018160260473,2,9,0,18,0,8,0,0,0,0,4,1,6,1,22,5,1598,1,5,9,1,9
2018160260484,1,9,0,18,0,0,0,10,1,0,1,1,6,3,-1,-1,-1,-1,-1,-1,-1,-1
2018160260520,1,9,0,18,0,4,0,0,0,0,1,1,6,1,37,7,2000,2,8,-1,-1,-1
2018160260520,2,9,0,7,0,8,0,0,0,0,4,1,6,1,19,4,1396,1,14,1,1,1
2018160260536,1,9,0,18,0,1,0,0,0,0,1,1,2,1,57,9,1995,2,10,7,1,7
2018160260546,1,9,0,18,0,0,0,0,0,0,1,1,6,1,20,4,1360,1,7,7,1,7
2018160260546,2,9,0,4,0,0,0,0,0,0,2,1,6,2,56,9,1395,1,3,9,1,9
2018160260612,1,9,0,13,0,0,2,0,2,0,4,1,2,2,25,5,1598,2,4,3,1,3
2018160260612,2,21,0,18,0,0,0,0,0,0,3,1,1,1,59,9,5132,2,1,4,1,4
2018160260637,1,9,0,17,0,0,0,10,1,10,1,1,6,2,42,7,1598,1,4,9,1,9
2018160260717,1,9,0,3,0,0,0,0,0,0,2,1,6,1,26,6,-1,-1,-1,1,1,1
2018160260717,2,9,0,18,0,0,0,0,0,0,1,1,6,1,40,7,1995,2,13,6,1,6
2018160260777,1,9,0,4,0,1,0,0,0,0,2,1,6,2,39,7,1968,2,1,7,1,7
2018160260777,2,9,0,4,0,1,0,0,0,0,1,1,6,1,36,7,1598,1,2,8,2,8
2018160260781,1,9,0,18,0,1,0,0,0,0,3,1,5,1,31,6,1390,2,15,5,1,5
2018160260821,1,9,0,18,0,8,0,0,0,0,4,1,5,2,50,8,1560,2,8,4,1,4
2018160260821,2,21,0,9,0,5,0,0,0,0,3,1,2,1,51,8,11021,2,19,1,1,1