Accident_Index,Vehicle_Reference,Vehicle_Type,Towing_and_Articulation,Vehicle_Manoeuvre,Vehicle_Location-Restricted_Lane,Junction_Location,Skidding_and_Overturning,Hit_Object_in_Carriageway,Vehicle_Leaving_Carriageway,Hit_Object_off_Carriageway,1st_Point_of_Impact,Was_Vehicle_Left_Hand_Drive?,Journey_Purpose_of_Driver,Sex_of_Driver,Age_of_Driver,Age_Band_of_Driver,Engine_Capacity_(CC),Propulsion_Code,Age_of_Vehicle,Driver_IMD_Decile,Driver_Home_Area_Type,Vehicle_IMD_Decile
2018160260821,3,9,0,2,0,1,0,0,0,0,2,1,6,3,-1,-1,1398,1,3,-1,-1,-1
2018160260821,4,9,0,2,0,1,0,0,0,0,2,1,6,3,-1,-1,-1,-1,-1,-1,-1,-1
2018160260867,1,11,0,5,0,0,0,11,0,0,0,1,1,1,51,8,6700,2,1,2,1,2
2018160260868,1,9,0,3,0,1,0,0,0,0,2,1,6,1,43,7,1398,1,2,6,1,6
2018160260868,2,9,0,18,0,1,0,0,0,0,1,1,6,1,40,7,1995,2,8,2,1,2
2018160260880,1,9,0,18,0,0,0,0,0,0,1,1,2,1,30,6,1956,2,7,2,2,2
2018160260889,1,9,0,9,0,6,0,0,0,0,1,1,6,2,49,8,1598,1,14,1,1,1
2018160260889,2,1,0,18,0,8,0,0,0,0,1,1,2,1,47,8,-1,-1,-1,-1,-1,-1
2018160260908,1,9,0,9,0,8,0,0,0,0,1,1,6,1,-1,-1,2179,2,11,-1,-1,-1
2018160260908,2,1,0,18,0,1,0,0,0,0,1,1,6,2,66,10,-1,-1,-1,7,2,7
2018160260949,1,9,0,18,0,3,0,0,0,0,4,1,6,1,31,6,1499,2,1,1,1,1
2018160260967,1,97,0,18,0,0,0,0,0,0,3,1,6,1,59,9,-1,-1,-1,1,1,1
2018160261000,1,9,0,5,0,0,0,0,0,0,1,1,5,1,49,8,1997,2,7,8,2,8
2018160261000,2,3,0,18,0,0,0,0,0,0,3,1,5,1,21,5,125,1,4,4,2,4
2018160261059,1,9,0,18,0,1,0,0,0,0,1,1,6,1,52,8,-1,-1,-1,7,2,7
2018160261059,2,9,0,5,0,4,0,0,0,0,2,1,5,2,27,6,1598,1,11,5,3,5
2018160261079,1,9,0,18,0,4,0,0,0,0,1,1,5,1,26,6,1198,1,15,1,1,1
2018160261079,2,3,0,18,0,8,0,0,0,0,1,1,1,1,17,4,125,1,15,1,1,1
2018160261130,1,9,0,18,0,0,0,4,0,0,1,1,1,2,42,7,-1,-1,-1,8,2,8
2018160261130,2,98,0,2,0,0,0,10,1,0,2,1,6,3,-1,-1,-1,-1,-1,-1,-1,-1
2018160261150,1,9,0,2,0,0,1,0,1,0,3,1,5,1,17,4,1390,1,5,8,1,8
2018160261150,2,9,0,17,0,0,1,0,1,0,4,1,5,1,19,4,998,1,2,10,1,10
2018160261192,1,9,0,18,0,6,0,0,0,0,4,1,6,3,-1,-1,-1,-1,-1,-1,-1,-1
2018160261272,1,9,0,18,0,1,0,0,0,0,4,1,6,3,-1,-1,-1,-1,-1,-1,-1,-1
2018160261302,1,9,0,17,0,0,2,0,7,0,3,1,1,2,29,6,998,1,2,2,1,2
2018160261328,1,9,0,9,0,1,0,0,0,0,4,1,6,1,65,9,1988,2,13,1,1,1
2018160261349,1,9,0,2,0,1,0,0,0,0,2,1,6,1,40,7,1995,2,5,-1,-1,-1
2018160261349,2,9,0,18,0,1,0,4,0,0,1,1,6,3,28,6,-1,-1,-1,-1,-1,-1
2018160261350,1,9,0,9,0,8,0,0,0,0,4,1,6,1,36,7,1587,1,13,5,1,5
2018160261350,2,9,0,7,0,4,0,0,0,0,1,1,6,1,39,7,898,1,1,-1,-1,-1
2018160261370,1,9,0,18,0,6,0,0,0,0,3,1,1,2,50,8,1968,2,3,7,1,7
2018160261370,2,9,0,18,0,8,0,0,0,0,1,1,2,1,33,6,1896,2,15,6,1,6
2018160261380,1,9,0,9,0,4,0,0,0,0,3,1,1,1,38,7,1995,2,6,-1,-1,-1
2018160261380,2,1,0,18,0,1,0,0,0,0,1,1,6,2,53,8,-1,-1,-1,2,1,2
2018160261405,1,9,0,13,0,0,0,0,0,0,4,1,6,2,34,6,1995,2,14,1,1,1
2018160261405,2,11,0,5,0,0,0,0,0,0,3,1,1,3,-1,-1,8268,2,16,-1,-1,-1
2018160261407,1,9,0,18,0,0,0,0,0,0,1,1,6,1,32,6,1598,1,11,2,1,2
2018160261407,2,9,0,18,0,0,0,0,0,0,1,1,6,1,55,8,1329,1,7,10,1,10
2018160261409,1,9,0,17,0,0,1,0,7,0,3,1,6,1,52,8,2987,2,11,6,3,6
2018160261424,1,9,0,18,0,0,0,0,0,0,4,1,6,2,61,9,1586,1,4,3,1,3
2018160261433,1,9,0,2,0,0,0,0,0,0,0,1,6,2,78,11,1497,8,1,2,1,2
2018160261441,1,9,0,14,0,0,0,0,0,0,4,1,6,1,88,11,1339,1,14,8,2,8
2018160261480,1,22,0,18,9,0,0,0,0,0,1,1,5,2,69,10,-1,-1,-1,10,2,10
2018160261484,1,2,0,4,0,1,2,0,0,0,4,1,1,1,53,8,49,1,1,1,1,1
2018160261488,1,9,0,18,0,4,0,0,0,0,1,1,6,3,-1,-1,-1,-1,-1,-1,-1,-1
2018160261488,2,1,0,17,0,3,0,0,0,0,2,1,5,1,88,11,-1,-1,-1,1,1,1
2018160261508,1,9,0,7,0,3,0,0,0,0,4,1,2,2,58,9,1240,1,8,6,1,6
2018160261516,1,9,0,18,0,0,0,0,0,0,1,1,5,1,18,4,998,1,5,10,2,10
2018160261516,2,9,0,3,0,0,0,0,0,0,2,1,5,2,42,7,1598,2,7,8,1,8
2018160261517,1,9,0,18,0,2,0,0,0,0,3,1,5,1,37,7,1149,1,17,1,1,1
2018160261548,1,19,0,4,0,1,0,0,0,0,1,1,6,3,-1,-1,2400,2,14,-1,-1,-1
2018160261548,2,1,0,4,0,1,0,0,0,0,2,1,6,1,47,8,-1,-1,-1,8,1,8
2018160261551,1,1,0,18,0,8,0,0,0,0,3,1,2,1,59,9,-1,-1,-1,1,1,1
2018160261551,2,9,0,9,0,6,0,0,0,0,4,1,1,1,53,8,1242,1,4,2,1,2
2018160261556,1,9,0,4,0,0,1,0,0,0,0,1,6,3,-1,-1,-1,-1,-1,-1,-1,-1
2018160261556,2,5,0,4,0,0,1,0,0,0,3,1,2,1,49,8,1237,1,5,9,2,9
2018160261606,1,9,0,18,0,2,0,0,0,0,1,1,5,1,49,8,-1,-1,-1,5,1,5
2018160261645,1,9,0,18,0,0,1,10,1,10,4,1,6,1,24,5,1242,1,10,8,2,8
2018160261667,1,9,0,9,0,6,0,0,0,0,0,1,6,3,-1,-1,1242,1,13,-1,-1,-1
2018160261667,2,1,0,18,0,8,0,0,0,0,4,1,6,1,27,6,-1,-1,-1,3,1,3
2018160261678,1,11,0,18,0,0,0,0,0,0,0,1,1,1,51,8,7300,2,15,1,1,1
2018160261729,1,9,0,18,0,1,0,0,0,0,1,1,6,1,44,7,1598,2,8,9,2,9
2018160261729,2,9,0,8,0,1,0,0,0,0,2,1,6,1,53,8,1388,1,15,6,3,6
2018160261746,1,11,0,4,0,0,0,0,0,0,0,1,1,1,43,7,4461,2,4,1,1,1
2018160261803,1,1,0,9,0,8,0,0,0,0,1,1,6,1,56,9,-1,-1,-1,8,1,8
2018160261803,2,9,0,18,0,2,0,0,0,0,1,1,6,1,45,7,1997,2,4,4,1,4
2018160261896,1,9,0,18,0,4,0,0,0,0,3,1,5,1,35,6,1242,1,2,1,1,1
2018160261896,2,1,0,18,0,3,0,0,0,0,1,1,6,1,31,6,-1,-1,-1,7,1,7
2018160261915,1,9,0,9,0,6,0,0,0,0,2,1,5,2,68,10,1399,1,1,4,1,4
2018160261915,2,9,0,5,0,1,0,0,0,0,1,1,5,1,69,10,1398,1,3,8,1,8
2018160261927,1,9,0,9,0,1,0,0,0,0,1,1,6,1,50,8,1956,2,5,1,1,1
2018160261927,2,1,0,9,0,1,0,0,0,0,1,1,6,2,62,9,-1,-1,-1,1,1,1
2018160261938,1,9,0,18,0,1,0,0,0,0,1,1,5,1,31,6,1587,1,15,1,1,1
2018160261938,2,9,0,3,0,1,0,0,0,0,2,1,5,2,47,8,2000,1,13,1,1,1
2018160261948,1,9,0,18,0,2,0,0,0,0,1,1,3,2,36,7,1997,2,14,7,1,7
2018160261952,1,9,0,7,0,8,0,0,0,0,1,1,2,1,25,5,1995,1,11,1,1,1
2018160261952,2,1,0,18,0,8,0,0,0,0,1,1,6,1,25,5,-1,-1,-1,7,1,7
2018160261977,1,9,0,1,0,0,0,0,0,0,2,1,6,3,-1,-1,1199,1,16,-1,-1,-1
2018160261997,1,9,0,17,0,0,1,0,0,0,1,1,5,2,67,10,1995,2,15,5,3,5
2018160261997,2,98,0,16,0,0,0,10,1,0,1,1,1,1,57,9,-1,-1,-1,6,1,6
2018160262018,1,9,0,17,0,0,1,0,1,10,4,1,5,2,21,5,1108,1,12,6,1,6
2018160262045,1,9,0,18,0,0,0,0,0,0,1,1,6,1,24,5,1591,1,3,8,1,8
2018160262045,2,1,0,18,0,0,0,0,0,0,2,1,6,2,36,7,-1,-1,-1,1,1,1
2018160262048,1,9,0,18,0,0,5,0,0,0,1,1,6,2,19,4,875,1,7,9,3,9
2018160262049,1,9,0,18,0,8,0,0,0,0,1,1,6,2,30,6,1599,1,15,1,1,1
2018160262049,2,9,0,9,0,1,0,0,0,0,4,1,6,2,29,6,1398,1,8,4,1,4
2018160262065,1,9,0,6,0,8,0,0,0,0,4,1,6,2,-1,-1,-1,-1,-1,-1,-1,-1
2018160262074,1,9,0,7,0,5,0,0,0,0,4,1,6,2,21,5,996,1,8,3,1,3
2018160262074,2,9,0,18,0,1,0,0,0,0,3,1,5,2,21,5,1242,1,3,1,1,1
2018160262075,1,98,0,18,0,8,0,0,0,0,4,1,6,3,-1,-1,-1,-1,-1,-1,-1,-1
2018160262075,2,9,0,18,0,8,0,0,0,0,3,1,6,2,40,7,1400,1,11,2,1,2
2018160262102,1,9,0,16,0,2,1,10,1,0,1,1,1,1,26,6,-1,-1,-1,7,2,7
2018160262135,1,9,0,18,0,2,0,0,0,0,0,1,6,2,33,6,1240,1,13,1,1,1
2018160262349,1,9,0,18,0,2,0,0,3,0,1,1,5,1,34,6,1600,2,9,9,1,9
2018160262368,1,1,0,18,0,0,0,0,0,0,2,1,2,1,51,8,-1,-1,-1,5,1,5
2018160262368,2,3,0,18,0,0,0,0,0,0,1,1,2,1,45,7,125,1,1,1,1,1
2018160262368,3,9,0,2,0,0,0,0,0,0,2,1,6,3,-1,-1,1560,2,13,-1,-1,-1
2018160262383,1,9,0,18,0,4,0,0,0,0,1,1,1,2,29,6,1461,2,2,8,3,8
2018160262383,2,1,0,9,0,8,0,0,0,0,4,1,5,2,38,7,-1,-1,-1,7,1,7
2018160262387,1,21,1,18,0,0,4,0,1,0,3,1,1,1,53,8,10837,2,9,6,2,6
2018160262466,1,9,0,18,0,0,0,0,0,0,1,1,2,2,39,7,1242,1,2,1,1,1
2018160262494,1,9,0,13,0,0,0,0,0,0,0,1,6,3,-1,-1,-1,-1,-1,-1,-1,-1
2018160262494,2,9,4,18,0,0,1,0,1,10,4,1,6,1,56,9,-1,-1,-1,5,2,5
2018160262495,1,9,0,18,0,6,0,0,7,0,1,1,6,1,21,5,1368,1,11,1,1,1
2018160262495,2,9,0,18,0,1,0,0,0,0,3,1,2,2,49,8,998,1,14,1,1,1
2018160262507,1,9,0,13,0,0,1,0,7,10,3,1,2,1,40,7,1368,1,5,4,1,4
2018160262507,2,9,0,18,0,0,1,0,7,10,3,1,2,1,21,5,1598,2,4,4,1,4
2018160262507,3,21,0,18,0,0,0,0,0,0,0,1,1,1,48,8,12809,2,2,2,1,2
2018160262522,1,9,0,7,0,3,0,0,0,0,1,1,5,2,76,11,1329,1,6,6,1,6
2018160262522,2,1,0,18,4,4,0,0,0,0,1,1,5,1,55,8,-1,-1,-1,5,1,5
2018160262700,1,21,0,14,0,0,0,0,0,0,2,1,1,1,33,6,12777,2,1,6,1,6
2018160262700,2,9,0,18,0,0,0,0,0,0,1,1,5,1,33,6,1598,1,13,3,1,3
2018160262700,3,19,0,2,0,0,0,0,0,0,3,1,6,1,46,8,2461,2,7,1,1,1
2018160262740,1,9,0,18,0,0,0,0,0,0,0,1,6,3,-1,-1,-1,-1,-1,-1,-1,-1
2018160262740,2,1,0,18,0,0,0,4,0,0,1,1,2,2,44,7,-1,-1,-1,9,1,9
2018160262740,3,9,0,2,0,0,0,0,0,0,2,1,5,3,-1,-1,1398,1,14,-1,-1,-1
2018160262768,1,9,0,12,0,0,0,0,0,0,3,1,5,1,51,8,1995,2,12,4,1,4
2018160262768,2,9,0,18,0,0,0,0,0,0,4,1,5,2,35,6,1591,1,4,5,1,5
2018160262768,3,9,0,18,0,0,1,0,5,0,1,1,5,2,29,6,998,1,5,1,-1,1
2018160262768,4,19,0,18,0,0,0,0,5,0,1,1,1,1,32,6,-1,-1,-1,3,1,3
2018160262768,5,21,1,18,0,0,0,0,0,0,3,1,1,1,34,6,12740,2,1,8,1,8
2018160262783,1,21,0,16,0,1,0,0,0,0,3,1,1,1,59,9,9364,2,15,1,1,1
2018160262783,2,9,0,18,0,5,0,0,0,0,1,1,5,2,51,8,1598,1,10,1,1,1
2018160262844,1,9,0,18,0,6,0,10,1,0,1,1,5,2,31,6,1364,1,1,1,1,1
2018160262844,2,9,0,18,0,8,0,10,7,0,4,1,5,1,40,7,1968,2,13,1,1,1
2018160262871,1,9,0,15,0,0,0,0,0,0,1,1,2,1,37,7,-1,-1,-1,5,1,5
2018160262871,2,1,0,18,0,0,0,0,0,0,1,1,6,1,43,7,-1,-1,-1,5,2,5
2018160262881,1,9,0,13,0,0,0,0,0,0,1,1,6,3,-1,-1,-1,-1,-1,-1,-1,-1
2018160262881,2,1,0,18,0,0,0,0,0,0,2,1,6,1,22,5,-1,-1,-1,1,1,1
2018160262909,1,3,0,18,0,0,0,0,0,0,1,1,6,3,-1,-1,124,1,10,-1,-1,-1
2018160262909,2,9,0,6,0,0,0,0,0,0,1,1,5,2,28,6,1468,1,14,6,1,6
2018160262940,1,9,0,18,9,0,0,0,0,0,0,1,6,1,37,7,1796,1,10,-1,-1,-1
2018160262964,1,11,0,4,0,0,0,0,0,0,0,1,1,1,55,8,-1,-1,-1,-1,-1,-1
2018160263000,1,1,0,18,0,0,0,0,0,0,3,1,4,1,14,3,-1,-1,-1,1,1,1
2018160263000,2,98,0,18,0,0,0,0,0,0,4,1,6,3,-1,-1,-1,-1,-1,-1,-1,-1
2018160263254,1,9,0,18,0,0,0,0,0,0,1,1,1,1,26,6,1988,1,14,7,1,7
2018160263254,2,9,0,3,0,0,0,0,0,0,2,1,5,1,50,8,1242,1,7,6,1,6
2018160263254,3,9,0,3,0,0,0,0,0,0,2,1,1,2,49,8,1298,1,17,4,1,4
2018160263321,1,9,0,9,0,6,0,0,0,0,3,1,2,2,20,4,1242,1,3,9,1,9
2018160263321,2,9,0,18,0,8,0,0,0,0,1,1,5,2,64,9,1242,1,5,10,2,10
2018160263339,1,19,0,18,0,1,0,0,0,0,1,1,2,1,48,8,2198,2,2,4,1,4
2018160263339,2,1,0,18,0,2,0,0,0,0,1,1,2,1,22,5,-1,-1,-1,1,1,1
2018160263371,1,9,0,18,0,0,1,10,1,4,3,1,2,1,22,5,1598,1,12,8,1,8
2018160263396,1,9,0,18,0,0,0,4,2,0,1,1,5,1,83,11,-1,-1,-1,10,1,10
2018160263396,2,9,0,2,0,0,0,0,0,0,1,1,6,3,-1,-1,-1,-1,-1,-1,-1,-1
2018160263427,1,9,0,4,0,1,0,0,0,0,3,1,1,2,65,9,1388,1,12,1,1,1
2018160263427,2,9,0,3,0,1,0,0,0,0,3,1,5,1,38,7,1596,1,11,3,1,3
2018160263444,1,9,0,9,0,8,0,0,0,0,1,1,6,3,-1,-1,1229,1,9,-1,-1,-1
2018160263444,2,9,0,5,0,8,0,0,0,0,1,1,6,2,62,9,1797,1,3,4,2,4
2018160263670,1,9,0,9,0,1,0,0,0,0,2,1,5,1,58,9,1794,1,15,1,1,1
2018160263670,2,97,0,18,0,8,0,0,0,0,1,1,5,1,26,6,-1,-1,-1,1,1,1
2018160263688,1,9,0,9,0,8,0,0,0,0,3,1,6,1,21,5,1388,1,16,7,1,7
2018160263688,2,9,0,9,0,8,0,0,0,0,1,1,6,2,35,6,1560,2,12,4,1,4
2018160263729,1,9,0,7,0,8,0,0,0,0,3,1,6,1,46,8,2987,2,7,3,1,3
2018160263729,2,9,0,9,0,8,0,0,0,0,1,1,6,1,71,10,1956,2,3,3,1,3
2018160263737,1,9,0,16,0,1,0,10,1,2,3,1,6,1,18,4,1461,2,14,1,1,1
2018160263772,1,19,0,17,0,0,5,10,1,0,1,1,5,1,35,6,2198,2,10,4,1,4
2018160263793,1,9,0,9,0,6,0,0,0,0,1,1,5,1,45,7,1296,1,11,7,2,7
2018160263793,2,9,0,18,0,1,1,0,0,0,1,1,5,2,32,6,1461,2,4,6,3,6
2018160263831,1,9,0,18,0,1,0,0,0,0,4,1,5,1,68,10,1339,1,14,6,1,6
2018160263831,2,9,0,18,0,1,0,0,0,0,3,1,5,1,54,8,1798,2,16,1,1,1
2018160263839,1,9,0,17,0,0,1,10,7,4,3,1,6,1,22,5,1199,1,16,10,2,10
2018160263879,1,9,0,9,0,8,0,0,0,0,3,1,5,1,39,7,2231,2,10,1,1,1
2018160263916,1,9,0,7,0,6,0,0,0,0,3,1,2,2,18,4,998,1,5,2,1,2
2018160263916,2,3,0,18,0,1,0,0,0,0,1,1,2,1,21,5,125,1,8,7,3,7
2018160263962,1,21,0,5,0,1,0,0,0,0,4,1,1,1,49,8,10837,2,5,7,1,7
2018160263962,2,1,0,5,0,1,0,0,0,0,3,1,6,2,56,9,-1,-1,-1,-1,-1,-1
2018160264097,1,9,0,18,0,1,0,0,0,0,1,1,6,1,43,7,1950,2,-1,8,3,8
2018160264097,2,9,0,7,0,5,0,0,0,0,2,1,6,1,34,6,1996,2,8,6,3,6
2018160264134,1,3,0,18,0,0,0,0,0,0,1,1,6,1,42,7,108,1,1,1,1,1
2018160264134,2,9,0,3,0,0,0,0,0,0,2,1,6,2,35,6,1999,1,11,1,1,1
2018160264155,1,9,0,10,0,8,0,0,0,0,2,1,6,2,30,6,1968,2,4,3,3,3
2018160264155,2,19,0,18,0,8,0,0,0,0,1,1,1,1,59,9,1461,2,3,1,1,1
2018160264193,1,9,0,5,0,6,0,0,0,0,1,1,1,1,48,8,1968,2,14,2,1,2
2018160264193,2,3,0,18,0,1,0,0,0,0,1,1,6,1,17,4,124,1,5,8,2,8
2018160264231,1,9,0,9,0,6,0,0,0,0,0,1,6,1,35,6,1360,1,11,10,3,10
2018160264231,2,5,0,18,0,8,0,0,0,0,0,1,6,1,60,9,904,1,17,4,1,4
2018160264588,1,9,0,18,0,8,0,0,0,0,1,1,2,2,26,6,1149,1,14,1,1,1
2018160264592,1,1,0,4,0,4,0,0,0,0,2,1,2,2,45,7,-1,-1,-1,3,1,3
2018160264592,2,9,0,4,0,1,0,0,0,0,1,1,6,1,57,9,1339,1,6,3,1,3
2018160264600,1,9,0,7,0,6,0,0,0,0,1,1,5,2,32,6,1360,1,13,9,-1,9
2018160264600,2,1,0,18,0,8,0,0,0,0,4,1,5,2,41,7,-1,-1,-1,9,1,9
2018160264638,1,9,0,1,0,0,0,0,0,0,2,1,6,1,21,5,998,1,12,1,1,1
2018160264638,2,9,0,3,0,0,0,0,0,0,1,1,5,1,47,8,998,1,23,3,1,3
2018160264950,1,9,0,5,0,6,0,0,0,0,4,1,6,3,-1,-1,-1,-1,-1,-1,-1,-1
2018160264950,2,1,0,18,9,1,0,0,0,0,1,1,6,1,11,3,-1,-1,-1,5,1,5
2018160264965,1,22,0,18,9,0,0,0,0,0,1,1,5,2,39,7,-1,-1,-1,4,3,4
2018160264987,1,1,0,5,9,6,0,0,0,0,1,1,5,2,45,7,-1,-1,-1,5,1,5
2018160264987,2,9,0,7,0,6,0,0,0,0,1,1,5,1,68,10,998,1,5,3,1,3
2018160265042,1,8,0,4,0,2,0,0,0,0,2,1,6,3,-1,-1,-1,-1,-1,-1,-1,-1
2018160265042,2,9,0,7,0,2,0,0,0,0,1,1,6,2,27,6,1753,2,15,3,1,3
2018160265069,1,9,0,18,0,0,0,0,0,0,1,1,6,1,26,6,1598,1,17,6,1,6
2018160265069,2,9,0,4,0,0,0,0,0,0,2,1,6,1,53,8,1596,1,10,4,1,4
2018160265098,1,9,0,3,0,1,0,0,0,0,2,1,6,2,29,6,1461,2,4,3,1,3
2018160265098,2,9,0,4,0,1,1,0,0,0,1,1,6,1,56,9,1590,1,19,1,1,1
2018160265119,1,98,0,18,0,1,0,0,0,0,1,1,6,1,47,8,-1,-1,-1,-1,-1,-1
2018160265119,2,9,0,3,0,1,0,0,0,0,2,1,6,1,42,7,-1,-1,-1,5,1,5
2018160265120,1,9,0,18,0,1,0,0,0,0,1,1,6,1,24,5,1248,2,9,7,1,7
2018160265120,2,9,0,4,0,1,0,0,0,0,2,1,6,1,43,7,1799,1,12,4,2,4
2018160265156,1,9,0,18,0,1,0,0,0,0,1,1,2,1,25,5,1364,1,11,2,1,2
2018160265156,2,9,0,18,0,1,0,0,0,0,2,1,6,2,25,5,1108,1,17,9,2,9
2018160265167,1,9,0,18,0,4,0,0,0,0,1,1,1,1,46,8,1560,2,12,1,1,1
2018160265167,2,1,0,18,0,8,0,0,0,0,1,1,6,1,26,6,-1,-1,-1,1,1,1
2018160265223,1,9,0,12,0,0,1,10,2,10,1,1,5,1,54,8,999,1,1,6,2,6
2018160265223,2,9,0,18,0,0,0,0,0,0,4,1,5,1,52,8,1496,2,1,5,2,5
2018160265239,1,9,0,9,0,8,0,0,0,0,1,1,5,1,52,8,1396,1,8,4,1,4
2018160265239,2,9,0,18,0,4,0,0,0,0,2,1,5,2,20,4,1200,1,4,8,1,8
2018160265300,1,9,0,18,0,3,1,0,0,0,1,1,5,1,32,6,1984,1,9,7,1,7
2018160265300,2,90,1,4,0,1,1,0,7,0,3,1,1,1,47,8,-1,-1,-1,6,1,6
2018160265345,1,9,0,4,0,0,0,0,0,0,2,1,6,2,42,7,1398,1,4,8,1,8
2018160265345,2,1,0,18,0,0,0,0,0,0,1,1,6,1,14,3,-1,-1,-1,2,1,2
2018160265366,1,9,0,9,0,0,0,0,0,0,4,1,1,2,35,6,2967,2,1,-1,-1,-1
2018160265366,2,1,0,18,0,0,1,0,0,0,1,1,6,2,17,4,-1,-1,-1,1,1,1
2018160265409,1,11,0,5,0,0,0,0,0,0,0,1,1,1,44,7,6696,2,3,4,1,4
2018160265494,1,9,0,18,0,1,0,0,0,0,1,1,6,2,47,8,1560,2,6,8,1,8
2018160265503,1,9,0,18,0,3,2,10,1,2,1,1,5,1,46,8,1910,2,10,7,1,7
2018160265524,1,9,0,18,0,8,0,0,0,0,4,1,6,1,75,10,1364,1,6,9,1,9
2018160265524,2,9,0,18,0,8,0,0,0,0,1,1,5,1,54,8,1364,1,2,2,1,2
2018160265569,1,9,0,18,0,1,0,0,0,0,3,1,6,2,28,6,1398,1,18,1,1,1
2018160265569,2,1,0,18,0,1,0,0,0,0,2,1,6,2,40,7,-1,-1,-1,8,1,8
2018160265658,1,9,0,18,0,0,0,0,0,0,1,1,6,3,16,4,-1,-1,-1,-1,-1,-1
2018160265658,2,1,0,18,0,0,0,0,0,0,2,1,2,1,35,6,-1,-1,-1,2,1,2
2018160265813,1,9,0,18,0,1,0,0,0,0,1,1,6,1,37,7,1248,2,7,1,1,1
2018160265813,2,9,0,18,0,1,0,0,0,0,2,1,6,2,20,4,1242,1,13,3,2,3
2018160265853,1,9,0,18,0,1,1,0,0,0,1,1,5,2,17,4,1242,1,13,7,3,7
2018160265853,2,9,0,18,0,1,0,0,0,0,2,1,2,1,20,4,2000,2,14,4,2,4
2018160265853,3,9,0,3,0,1,0,0,0,0,2,1,5,1,38,7,1685,2,3,6,2,6
2018160265905,1,21,0,18,0,0,0,0,0,0,1,1,1,1,63,9,12902,2,5,1,1,1
2018160265905,2,9,0,4,0,0,0,0,0,0,2,1,6,2,23,5,1390,1,12,4,2,4
2018160265905,3,9,0,4,0,0,0,0,0,0,2,1,6,1,61,9,998,1,13,3,1,3
2018160265905,4,9,0,18,0,0,0,0,0,0,4,1,5,1,23,5,1598,1,9,6,3,6
2018160265905,5,9,0,18,0,0,0,0,0,0,2,1,5,1,17,4,1968,2,12,9,1,9
2018160265974,1,9,0,16,0,3,0,0,0,0,1,1,3,2,35,6,1910,2,10,1,1,1
2018160266020,1,19,0,18,0,0,1,0,0,0,1,1,1,1,20,4,2463,2,12,5,1,5
2018160266020,2,19,0,18,0,0,0,0,0,0,2,1,1,1,38,7,1598,2,3,5,1,5
2018160266058,1,11,0,4,0,0,0,0,0,0,0,1,1,1,54,8,8300,2,12,9,1,9
2018160266299,1,9,0,9,0,8,0,0,0,0,1,1,6,1,38,7,998,1,16,1,1,1
2018160266299,2,1,0,18,0,8,0,0,0,0,3,1,2,2,26,6,-1,-1,-1,1,1,1
2018160266351,1,3,0,18,0,1,0,0,0,0,1,1,2,1,23,5,125,1,17,3,1,3
2018160266351,2,9,0,9,0,6,0,0,0,0,4,1,5,2,19,4,1598,1,14,8,1,8
2018160266403,1,9,0,17,0,0,0,10,1,9,1,1,5,2,67,10,898,1,1,6,3,6
2018160266432,1,9,0,18,0,4,0,0,0,0,1,1,2,1,61,9,-1,-1,-1,7,1,7
2018160266432,2,1,0,11,0,3,0,0,0,0,4,1,2,1,52,8,-1,-1,-1,7,1,7
2018160266831,1,9,0,18,0,0,0,0,0,0,4,1,6,3,-1,-1,-1,-1,-1,-1,-1,-1
2018160266831,2,1,0,18,2,0,0,0,0,0,3,1,6,1,18,4,-1,-1,-1,1,1,1
2018160266847,1,9,0,18,0,0,0,0,0,0,4,1,6,2,36,7,1360,1,9,3,1,3
2018160266847,2,1,0,18,0,0,0,0,0,0,1,1,6,1,32,6,-1,-1,-1,-1,-1,-1
2018160266946,1,98,0,18,0,1,0,10,7,0,1,1,6,3,-1,-1,-1,-1,-1,-1,-1,-1
2018160266946,2,8,0,18,0,8,0,0,0,0,2,1,1,1,47,8,1968,2,6,4,1,4
2018160266946,3,9,0,18,0,8,0,0,0,0,1,1,6,1,41,7,2143,2,5,4,1,4
2018160267060,1,9,0,18,0,0,0,0,0,0,2,1,6,1,60,9,1968,2,8,9,2,9
2018160267060,2,9,0,18,0,0,0,0,0,0,2,1,6,2,41,7,1598,1,11,3,1,3
2018160267060,3,9,0,18,0,0,0,0,0,0,2,1,2,2,53,8,2179,2,11,10,3,10
2018160267060,4,19,0,18,0,0,0,0,0,0,1,1,1,1,18,4,2198,2,3,7,3,7
2018160267060,5,19,0,18,0,0,0,0,0,0,1,1,1,1,37,7,2198,2,7,6,1,6
2018160267359,1,9,0,5,0,1,0,10,1,10,1,1,5,1,29,6,1596,1,12,1,1,1
2018160267359,2,9,0,9,0,1,0,0,0,0,3,1,3,2,30,6,-1,-1,-1,-1,-1,-1
2018160267417,1,9,0,16,0,0,2,0,1,0,1,1,6,1,20,4,1598,1,10,8,3,8
2018160267454,1,9,0,9,0,1,0,0,0,0,2,1,1,1,42,7,2268,2,3,5,3,5
2018160267454,2,90,1,18,0,1,0,0,0,0,1,1,1,1,61,9,-1,-1,-1,4,2,4
2018160267517,1,9,0,18,0,0,0,0,0,0,1,1,6,2,37,7,1598,1,12,1,1,1