Accident_Index,Vehicle_Reference,Vehicle_Type,Towing_and_Articulation,Vehicle_Manoeuvre,Vehicle_Location-Restricted_Lane,Junction_Location,Skidding_and_Overturning,Hit_Object_in_Carriageway,Vehicle_Leaving_Carriageway,Hit_Object_off_Carriageway,1st_Point_of_Impact,Was_Vehicle_Left_Hand_Drive?,Journey_Purpose_of_Driver,Sex_of_Driver,Age_of_Driver,Age_Band_of_Driver,Engine_Capacity_(CC),Propulsion_Code,Age_of_Vehicle,Driver_IMD_Decile,Driver_Home_Area_Type,Vehicle_IMD_Decile
2018160267517,2,1,0,18,0,0,0,0,0,0,1,1,6,1,21,5,-1,-1,-1,3,1,3
2018160267588,1,9,0,18,0,1,0,0,0,0,1,1,5,2,30,6,1870,2,14,1,1,1
2018160267734,1,9,0,16,0,0,0,0,0,0,1,1,5,1,61,9,1493,2,9,5,1,5
2018160267734,2,9,0,17,0,0,0,0,0,0,3,1,5,1,31,6,-1,-1,-1,1,1,1
2018160267778,1,9,0,8,0,6,0,0,0,0,1,1,6,3,-1,-1,1587,1,12,-1,-1,-1
2018160267778,2,1,0,18,0,1,0,0,0,0,4,1,5,2,26,6,-1,-1,-1,1,1,1
2018160267796,1,9,0,18,0,0,0,0,0,0,1,1,5,1,28,6,1598,2,8,3,1,3
2018160267921,1,9,0,3,0,1,0,0,0,0,1,1,6,2,24,5,1560,2,3,5,1,5
2018160267921,2,9,0,18,0,1,0,0,0,0,2,1,6,1,37,7,1910,2,14,1,1,1
2018160267925,1,9,0,9,0,2,0,0,0,0,3,1,2,2,54,8,3222,2,14,7,1,7
2018160267925,2,9,0,18,0,8,0,0,0,0,1,1,6,2,48,8,1598,1,12,1,1,1
2018160267965,1,9,0,11,0,0,0,0,0,0,4,1,6,3,-1,-1,-1,-1,-1,-1,-1,-1
2018160267965,2,9,0,18,0,0,0,0,0,0,3,1,2,2,28,6,2199,2,9,1,1,1
2018160267987,1,9,0,9,0,1,0,0,0,0,3,1,6,3,-1,-1,-1,-1,-1,-1,-1,-1
2018160267987,2,1,0,18,0,1,0,0,0,0,1,1,5,2,14,3,-1,-1,-1,1,1,1
2018160268014,1,9,0,16,0,0,2,10,5,7,1,1,5,1,20,4,1794,1,17,4,1,4
2018160268081,1,9,0,16,0,0,1,0,0,0,3,1,1,1,42,7,1560,2,1,-1,-1,-1
2018160268081,2,21,1,11,0,0,0,0,0,0,1,1,1,1,45,7,12809,2,2,1,1,1
2018160268267,1,9,0,18,0,0,0,0,0,0,1,1,5,2,71,10,1390,1,4,4,2,4
2018160268267,2,9,0,18,0,0,0,0,0,0,1,1,6,3,-1,-1,-1,-1,-1,-1,-1,-1
2018160268310,1,9,0,9,0,6,0,0,0,0,1,1,5,2,79,11,1461,2,1,9,2,9
2018160268310,2,9,0,18,0,1,0,10,7,0,1,1,1,2,59,9,998,1,3,6,3,6
2018160268379,1,9,0,7,0,8,0,0,0,0,1,1,5,1,29,6,2171,2,15,2,1,2
2018160268379,2,1,0,18,0,8,0,0,0,0,4,1,2,1,56,9,-1,-1,-1,3,1,3
2018160268445,1,9,0,18,0,0,1,10,1,0,1,1,5,2,22,5,1240,1,14,10,3,10
2018160268462,1,9,0,18,2,0,1,0,0,0,1,1,6,1,61,9,1870,2,15,1,1,1
2018160268494,1,9,0,18,0,8,0,0,0,0,1,1,2,1,40,7,1968,2,2,9,1,9
2018160268694,1,1,0,18,0,1,0,0,0,0,2,1,6,1,44,7,-1,-1,-1,1,1,1
2018160268694,2,9,0,18,0,1,0,0,0,0,1,1,6,3,-1,-1,-1,-1,-1,-1,-1,-1
2018160268875,1,9,0,18,0,0,0,0,0,0,1,1,6,1,35,6,2179,2,3,2,1,2
2018160268875,2,9,0,18,0,0,0,0,0,0,1,1,6,1,-1,-1,-1,-1,-1,-1,-1,-1
2018160268914,1,9,0,2,0,1,0,0,0,0,1,1,5,1,54,8,2987,2,6,1,1,1
2018160268914,2,19,0,18,0,1,2,0,0,0,4,1,6,3,-1,-1,1560,2,11,-1,-1,-1
2018160269296,1,9,0,4,0,0,0,0,0,0,2,1,5,1,49,8,1995,2,8,7,2,7
2018160269296,2,9,0,18,0,0,0,0,0,0,1,1,5,1,19,4,1968,2,11,6,3,6
2018160269406,1,9,0,18,0,8,0,10,7,0,4,1,2,1,55,8,1951,2,14,4,2,4
2018160269406,2,98,0,18,0,8,0,0,0,0,1,1,2,1,59,9,-1,-1,-1,7,2,7
2018160269453,1,21,0,18,0,0,0,0,0,0,3,1,1,1,56,9,12742,2,6,2,1,2
2018160269453,2,9,0,18,0,0,0,0,0,0,4,1,5,1,55,8,1198,1,1,4,1,4
2018160269465,1,8,0,9,0,5,0,0,0,0,1,1,1,1,55,8,1686,2,5,1,1,1
2018160269465,2,1,0,18,9,1,0,0,0,0,3,1,6,1,18,4,-1,-1,-1,4,1,4
2018160269472,1,9,0,18,0,8,0,0,0,0,3,1,5,2,48,8,-1,-1,-1,4,3,4
2018160269472,2,1,0,18,0,8,0,0,0,0,4,1,5,1,67,10,-1,-1,-1,10,2,10
2018160269488,1,9,0,18,0,0,0,0,0,0,1,1,6,1,48,8,1998,1,14,3,1,3
2018160269507,1,19,0,18,0,6,0,0,0,0,4,1,5,1,41,7,1996,2,6,3,1,3
2018160269507,2,9,0,18,0,8,0,10,1,0,1,1,5,2,56,9,1200,1,1,3,1,3
2018160269512,1,9,0,18,0,0,0,0,0,0,1,1,6,2,27,6,1596,1,15,10,1,10
2018160269512,2,9,0,18,0,0,0,0,0,0,2,1,6,2,73,10,1360,1,15,3,1,3
2018160269918,1,9,0,1,0,0,0,0,0,0,2,1,6,1,43,7,2969,2,13,5,1,5
2018160269964,1,98,0,18,0,8,0,0,0,0,4,1,6,3,-1,-1,-1,-1,-1,-1,-1,-1
2018160269964,2,1,0,18,0,8,0,0,0,0,3,1,6,1,11,3,-1,-1,-1,1,1,1
2018160269997,1,9,0,18,0,8,0,0,0,0,4,1,6,2,40,7,1968,2,11,5,1,5
2018160269997,2,9,0,7,0,8,0,0,0,0,1,1,6,2,47,8,1998,1,16,3,1,3
2018160270045,1,9,0,4,0,1,0,0,0,0,1,1,6,1,35,6,1499,2,3,3,1,3
2018160270045,2,9,0,4,0,1,0,0,0,0,2,1,6,1,74,10,1349,1,6,7,3,7
2018160270123,1,9,0,18,0,0,0,0,0,0,2,1,5,2,23,5,-1,-1,-1,7,1,7
2018160270123,2,9,0,18,0,0,0,0,0,0,1,1,6,1,34,6,1896,2,11,5,1,5
2018160270150,1,9,0,18,0,1,0,0,0,0,1,1,5,2,25,5,1968,2,4,1,1,1
2018160270150,2,9,0,18,0,3,0,0,0,0,2,1,5,2,73,10,1360,1,13,7,1,7
2018160270179,1,1,0,18,0,1,0,0,0,0,2,1,2,2,45,7,-1,-1,-1,3,1,3
2018160270179,2,9,0,18,0,1,1,0,0,0,1,1,2,1,28,6,1198,1,10,2,1,2
2018160270248,1,9,0,5,0,6,0,0,0,0,1,1,5,2,81,11,1198,1,8,8,2,8
2018160270248,2,1,0,18,0,8,0,0,0,0,4,1,5,1,51,8,-1,-1,-1,7,2,7
2018160270249,1,9,0,18,0,0,0,0,0,0,1,1,5,1,19,4,1198,1,11,-1,-1,-1
2018160270249,2,3,0,18,0,0,0,10,1,0,1,1,6,1,17,4,125,1,3,-1,-1,-1
2018160270262,1,9,0,9,0,6,0,0,0,0,3,1,1,1,33,6,1461,2,1,6,1,6
2018160270262,2,1,0,18,0,1,0,0,0,0,1,1,2,1,65,9,-1,-1,-1,2,1,2
2018160270279,1,11,0,18,0,0,0,0,0,0,1,1,1,1,47,8,6871,2,10,4,1,4
2018160270299,1,9,0,18,0,1,1,0,2,0,1,1,5,1,76,11,-1,-1,-1,7,3,7
2018160270299,2,19,0,3,0,1,1,0,0,0,2,1,6,1,54,8,2477,2,12,10,2,10
2018160270299,3,9,0,10,0,5,0,0,0,0,2,1,6,2,54,8,998,1,2,8,3,8
2018160270310,1,9,0,2,0,2,0,0,0,0,3,1,5,1,27,6,1686,2,14,1,1,1
2018160270310,2,1,0,14,0,2,0,0,0,0,4,1,2,1,41,7,-1,-1,-1,4,1,4
2018160270327,1,9,0,18,0,0,0,0,0,0,1,1,5,2,53,8,1248,1,7,10,2,10
2018160270455,1,90,0,1,0,2,0,0,0,0,2,1,6,3,-1,-1,-1,-1,-1,-1,-1,-1
2018160270469,1,9,0,5,0,0,0,0,0,0,4,1,5,1,28,6,1997,2,3,8,1,8
2018160270469,2,9,0,18,0,0,0,0,0,0,3,1,6,1,25,5,1998,2,14,1,1,1
2018160270495,1,9,0,5,0,4,0,0,0,0,1,1,5,1,73,10,1388,1,19,7,2,7
2018160270495,2,9,0,18,0,8,0,0,0,0,4,1,2,2,36,7,1999,1,13,7,2,7
2018160270519,1,9,0,9,0,6,0,0,0,0,1,1,5,1,82,11,1596,1,13,3,1,3
2018160270525,1,9,0,18,0,3,0,0,0,0,1,1,5,2,57,9,1598,1,14,5,3,5
2018160270525,2,9,0,13,0,3,0,0,0,0,4,1,1,1,50,8,1998,8,2,8,1,8
2018160270561,1,9,0,18,0,1,0,4,0,0,1,1,5,2,32,6,1197,1,2,1,1,1
2018160270561,2,9,0,2,0,1,0,0,0,0,3,1,6,3,-1,-1,-1,-1,-1,-1,-1,-1
2018160270575,1,9,0,9,0,1,0,0,0,0,3,1,6,2,39,7,-1,-1,-1,2,1,2
2018160270575,2,3,0,18,0,1,0,0,0,0,1,1,6,1,33,6,125,1,6,1,1,1
2018160270591,1,9,0,7,0,6,0,0,0,0,1,1,2,2,62,9,2143,2,4,5,1,5
2018160270591,2,1,0,18,0,8,0,0,0,0,1,1,2,1,62,9,-1,-1,-1,2,1,2
2018160270615,1,5,0,18,0,0,1,0,0,0,3,1,2,1,40,7,599,1,20,1,1,1
2018160270626,1,9,0,18,0,0,0,4,0,0,1,1,5,2,23,5,1329,1,8,1,1,1
2018160270626,2,9,0,2,0,0,0,0,0,0,2,1,6,3,-1,-1,-1,-1,-1,-1,-1,-1
2018160270638,1,21,0,18,0,0,0,4,0,0,4,1,1,1,47,8,16123,2,-1,3,1,3
2018160270638,2,9,0,2,6,0,1,0,1,0,2,1,5,1,18,4,998,1,13,8,2,8
2018160270665,1,3,0,18,0,0,1,0,0,0,2,1,5,1,32,6,125,1,1,5,3,5
2018160270670,1,9,0,18,0,8,0,0,0,0,4,1,6,1,25,5,2993,2,3,7,2,7
2018160270670,2,9,0,18,0,8,0,0,0,0,1,1,2,1,23,5,1596,1,13,7,1,7
2018160270957,1,11,0,18,0,0,0,0,0,0,0,1,1,1,48,8,8300,2,11,-1,-1,-1
2018160271091,1,8,0,7,0,1,0,0,0,0,1,1,6,1,51,8,-1,-1,-1,5,1,5
2018160271091,2,1,0,18,0,8,0,0,0,0,1,1,6,2,37,7,-1,-1,-1,5,1,5
2018160271104,1,9,0,18,0,0,0,0,0,0,2,1,6,1,45,7,1956,2,3,3,1,3
2018160271104,2,9,0,18,0,0,0,0,0,0,1,1,6,2,25,5,1240,1,11,7,1,7
2018160271414,1,9,0,18,0,8,0,0,0,0,1,1,5,2,26,6,1199,1,14,4,1,4
2018160271414,2,9,0,5,0,6,0,0,3,0,1,1,5,1,40,7,1360,1,9,1,1,1
2018160271474,1,9,0,9,0,4,0,0,0,0,3,1,5,2,32,6,1598,1,11,1,1,1
2018160271474,2,9,0,18,0,4,0,0,0,0,1,1,4,2,21,5,1596,1,12,5,3,5
2018160271531,1,9,0,5,0,4,0,0,0,0,1,1,5,1,67,10,1998,1,2,7,3,7
2018160271531,2,9,0,18,0,3,0,0,0,0,1,1,5,2,49,8,1598,1,9,1,1,1
2018160271563,1,9,0,18,0,0,0,10,1,0,1,1,1,2,22,5,1198,1,12,6,1,6
2018160271563,2,98,0,18,0,0,0,0,0,0,1,1,6,3,-1,-1,-1,-1,-1,-1,-1,-1
2018160271585,1,19,0,4,0,1,0,0,0,0,2,1,1,1,41,7,1968,2,1,6,1,6
2018160271585,2,9,0,4,0,1,1,0,0,0,1,1,6,1,20,4,1242,1,11,10,2,10
2018160271620,1,9,0,1,0,0,0,0,0,0,2,1,1,2,69,10,-1,-1,-1,3,1,3
2018160271648,1,9,0,18,0,1,0,0,0,0,1,1,5,2,25,5,-1,-1,-1,1,1,1
2018160271648,2,9,0,9,0,6,0,0,0,0,3,1,6,3,-1,-1,1242,1,10,-1,-1,-1
2018160272145,1,9,0,18,0,3,0,0,0,0,1,1,6,1,40,7,1598,1,17,9,1,9
2018160272161,1,9,0,11,9,4,0,10,2,4,1,1,2,1,37,7,1598,1,5,5,2,5
2018160272187,1,9,0,9,0,2,0,0,0,0,4,1,5,2,35,6,993,1,21,1,1,1
2018160272187,2,1,0,9,0,2,0,0,0,0,1,1,5,2,28,6,-1,-1,-1,6,1,6
2018160272213,1,9,0,7,0,4,0,0,0,0,1,1,3,1,59,9,3150,2,20,8,1,8
2018160272213,2,1,0,18,0,4,0,0,0,0,1,1,6,1,27,6,-1,-1,-1,2,1,2
2018160272233,1,9,0,4,0,0,0,0,0,0,1,1,6,1,30,6,1997,2,10,4,1,4
2018160272233,2,9,0,4,0,0,0,0,0,0,2,1,6,2,50,8,1364,1,12,6,1,6
2018160272233,3,9,0,4,0,0,0,0,0,0,2,1,6,2,36,7,2987,2,2,4,1,4
2018160272284,1,9,0,18,0,3,0,0,0,0,1,1,5,1,19,4,1390,1,14,3,1,3
2018160272284,2,9,0,18,0,3,0,0,0,0,2,1,5,2,25,5,1240,1,13,9,1,9
2018160272296,1,9,0,18,0,0,0,0,0,0,1,1,6,3,-1,-1,-1,-1,-1,-1,-1,-1
2018160272296,2,1,0,18,0,0,0,0,0,0,2,1,5,1,26,6,-1,-1,-1,1,1,1
2018160272424,1,9,0,7,0,6,0,0,0,0,1,1,5,2,50,8,2400,2,9,10,1,10
2018160272424,2,1,0,18,0,8,0,0,0,0,1,1,5,1,79,11,-1,-1,-1,10,1,10
2018160272461,1,19,0,7,0,8,0,0,0,0,1,1,1,1,21,5,2198,2,9,10,1,10
2018160272461,2,9,0,7,0,8,0,0,0,0,2,1,6,2,48,8,1398,1,18,1,1,1
2018160272473,1,9,0,9,0,5,0,0,0,0,1,1,5,2,26,6,1968,2,5,8,3,8
2018160272473,2,9,0,18,0,8,0,0,0,0,1,1,5,2,32,6,1329,1,4,7,2,7
2018160272489,1,9,0,17,0,0,5,10,7,0,1,1,5,2,26,6,1587,1,11,4,3,4
2018160272511,1,9,0,9,0,6,0,0,0,0,3,1,5,2,62,9,996,1,4,3,1,3
2018160272511,2,9,0,18,0,1,0,0,0,0,1,1,5,2,20,4,1360,1,11,1,1,1
2018160272549,1,9,0,11,0,0,0,10,1,4,2,1,1,1,41,7,1149,1,16,1,1,1
2018160272562,1,9,0,3,0,0,0,0,0,0,2,1,5,1,74,10,1598,1,7,7,1,7
2018160272562,2,9,0,18,0,0,0,0,0,0,1,1,6,2,28,6,-1,-1,-1,1,1,1
2018160272578,1,9,0,18,0,0,0,0,7,0,3,1,2,1,24,5,1229,1,12,7,2,7
2018160272578,2,3,0,18,0,0,0,0,1,0,3,1,2,1,51,8,125,1,10,5,1,5
2018160272584,1,8,0,1,0,0,0,0,0,0,2,1,6,1,42,7,1753,2,10,-1,-1,-1
2018160272588,1,9,0,18,0,8,0,0,0,0,4,1,5,2,79,11,1198,1,10,8,1,8
2018160272588,2,1,0,18,0,8,0,0,0,0,3,1,6,1,61,9,-1,-1,-1,8,1,8
2018160272634,1,9,0,18,0,0,0,0,0,0,4,1,6,1,57,9,1560,2,9,6,2,6
2018160272659,1,9,0,5,0,4,0,0,0,0,1,1,2,2,54,8,998,1,7,1,1,1
2018160272659,2,1,0,18,0,4,0,0,0,0,4,1,2,2,60,9,-1,-1,-1,1,1,1
2018160272683,1,9,0,18,0,4,0,0,0,0,1,1,6,1,45,7,-1,-1,-1,-1,-1,-1
2018160272683,2,1,0,18,0,8,0,0,0,0,2,1,6,2,18,4,-1,-1,-1,3,1,3
2018160272751,1,9,0,18,0,0,0,0,0,0,4,1,6,3,-1,-1,1398,1,2,-1,-1,-1
2018160273082,1,1,0,18,9,0,0,0,0,0,1,1,6,1,-1,-1,-1,-1,-1,-1,-1,-1
2018160273128,1,9,0,18,0,0,0,0,0,0,1,1,5,2,86,11,1398,2,9,9,3,9
2018160273128,2,9,0,4,7,0,0,0,0,0,2,1,6,2,32,6,1598,1,15,10,2,10
2018160273186,1,9,0,2,0,0,0,0,0,0,4,1,6,1,24,5,1198,1,4,1,1,1
2018160273186,2,1,0,18,9,0,0,0,0,0,1,1,1,2,28,6,-1,-1,-1,3,1,3
2018160273305,1,9,0,18,0,0,0,0,0,0,1,1,2,1,26,6,3200,2,15,1,1,1
2018160273305,2,9,0,4,0,0,0,0,0,0,2,1,2,2,54,8,1968,2,3,10,2,10
2018160273305,3,19,0,4,0,0,0,0,0,0,0,1,1,1,35,6,1995,2,10,5,1,5
2018160273547,1,-1,-1,18,0,0,0,0,0,0,1,1,6,3,-1,-1,-1,-1,-1,-1,-1,-1
2018160273583,1,11,0,2,0,2,0,0,0,0,0,1,1,1,33,6,6871,2,9,4,1,4
2018160273583,2,9,0,15,0,2,0,0,0,0,1,1,5,1,41,7,2497,2,14,1,1,1
2018160273648,1,9,0,9,0,3,0,0,0,0,0,1,5,1,27,6,2495,2,15,5,1,5
2018160273691,1,9,0,5,0,0,0,0,0,0,1,1,5,1,55,8,2656,1,14,1,1,1
2018160273691,2,9,0,18,0,0,0,0,0,0,1,1,5,1,32,6,1598,1,11,1,1,1
2018160273691,3,9,0,2,0,0,0,0,0,0,1,1,6,3,-1,-1,-1,-1,-1,-1,-1,-1
2018160273723,1,9,0,18,0,0,5,0,0,0,1,1,6,1,38,7,1587,1,16,7,2,7
2018160273738,1,9,0,5,0,8,0,0,0,0,2,1,6,2,31,6,1240,1,12,9,2,9
2018160273738,2,21,0,8,0,1,0,0,0,0,1,1,1,1,38,7,12777,2,1,3,1,3
2018160273908,1,9,0,18,0,4,0,10,3,0,1,1,5,1,19,4,1598,1,12,10,1,10
2018160273908,2,9,0,18,0,4,0,0,0,0,2,1,5,2,52,8,1395,1,1,6,1,6
2018160273929,1,9,0,18,0,6,0,0,0,0,1,1,1,1,29,6,1242,1,15,4,1,4
2018160273929,2,9,0,18,0,8,0,0,0,0,3,1,5,2,21,5,1229,1,11,10,1,10
2018160273958,1,9,0,9,0,6,0,0,0,0,4,1,5,2,47,8,1685,2,1,1,1,1
2018160273958,2,9,0,18,0,1,0,0,0,0,1,1,5,2,43,7,1598,1,18,1,1,1
2018160273963,1,9,0,13,0,0,0,0,0,0,4,1,2,2,44,7,1149,1,15,6,1,6
2018160273963,2,1,0,18,4,0,0,0,0,0,2,1,5,1,49,8,-1,-1,-1,1,1,1
2018160274008,1,1,0,18,0,1,0,0,0,0,2,1,2,1,21,5,-1,-1,-1,1,1,1
2018160274008,2,2,0,18,0,3,0,0,0,0,1,1,2,1,24,5,125,1,11,7,1,7
2018160274020,1,8,0,18,0,4,0,10,1,0,4,1,1,1,70,10,1798,1,12,6,1,6
2018160274052,1,3,0,18,0,0,0,0,0,0,1,1,2,1,19,4,125,1,6,6,1,6
2018160274060,1,9,0,18,0,0,0,0,0,0,1,1,6,3,-1,-1,-1,-1,-1,-1,-1,-1
2018160274060,2,9,0,2,0,0,0,0,0,0,2,1,6,2,42,7,996,1,5,1,1,1
2018160274077,1,9,0,18,0,0,1,0,0,0,1,1,6,2,39,7,1468,1,10,10,2,10
2018160274098,1,9,0,1,0,0,1,0,0,0,2,1,6,1,25,5,1598,1,12,1,1,1
2018160274098,2,9,0,18,0,0,0,0,0,0,1,1,6,1,25,5,1242,1,2,4,1,4
2018160274326,1,9,0,9,0,1,0,0,0,0,1,1,5,2,70,10,1199,1,18,5,1,5
2018160274326,2,9,0,18,0,1,0,0,0,0,2,1,5,2,62,9,1199,1,15,6,1,6
2018160274372,1,3,0,18,0,1,0,0,0,0,1,1,2,1,44,7,125,1,8,8,2,8
2018160274372,2,9,0,9,0,8,0,0,0,0,1,1,6,1,67,10,1798,1,9,2,2,2
2018160274405,1,9,0,18,9,0,1,10,7,0,1,1,1,1,57,9,2198,1,16,1,1,1
2018160274457,1,9,0,2,0,0,0,0,0,0,3,1,1,2,29,6,-1,-1,-1,3,1,3
2018160274457,2,1,0,18,0,0,0,4,0,0,1,1,6,2,25,5,-1,-1,-1,1,1,1
2018160274471,1,9,0,18,0,0,2,10,7,0,1,1,2,2,34,6,1794,1,14,10,2,10
2018160274492,1,9,0,4,0,4,0,0,0,0,0,1,6,2,25,5,1395,1,2,8,1,8
2018160274521,1,9,0,18,0,0,1,0,0,0,1,1,5,1,53,8,1598,1,12,1,1,1
2018160274521,2,9,0,18,0,0,1,0,0,0,2,1,2,1,40,7,1910,2,11,10,1,10
2018160274521,3,19,0,18,0,0,1,0,0,0,2,1,2,1,35,6,2198,2,3,3,1,3
2018160274554,1,19,0,18,0,0,1,10,1,0,1,1,1,1,61,9,2143,2,3,9,1,9
2018160274554,2,19,0,18,0,0,0,0,7,0,1,1,1,1,51,8,1995,2,2,5,2,5
2018160274573,1,9,0,18,0,0,0,0,0,0,1,1,6,1,35,6,1796,1,12,10,3,10
2018160274573,2,9,0,18,0,0,0,0,0,0,1,1,6,2,18,4,1398,2,15,3,1,3
2018160274583,1,9,0,18,0,0,0,4,0,0,1,1,5,1,55,8,2402,2,11,6,1,6
2018160274583,2,90,1,2,0,0,0,0,0,0,2,1,1,1,32,6,-1,-1,-1,1,1,1
2018160274583,3,98,0,2,0,0,0,0,0,0,0,1,6,3,-1,-1,-1,-1,-1,-1,-1,-1
2018160274719,1,9,0,4,0,1,0,0,0,0,2,1,2,2,40,7,2460,2,12,3,1,3
2018160274719,2,9,0,4,0,1,0,0,0,0,2,1,2,1,26,6,1596,1,12,1,1,1
2018160274719,3,9,0,4,0,1,1,0,0,0,1,1,2,1,54,8,1997,2,15,1,1,1
2018160274750,1,9,0,18,0,0,0,0,0,0,1,1,6,3,-1,-1,1560,2,11,-1,-1,-1
2018160274750,2,1,0,18,0,0,0,0,0,0,2,1,2,1,51,8,-1,-1,-1,1,1,1
2018160274763,1,21,0,18,0,0,1,0,0,0,1,1,1,1,39,7,12777,2,11,4,3,4
2018160274788,1,19,0,18,0,0,0,0,0,0,4,1,6,1,30,6,1870,2,14,4,1,4
2018160274805,1,9,0,18,0,0,1,10,4,6,1,1,5,1,20,4,1390,1,13,7,2,7
2018160274824,1,9,0,16,0,0,1,0,0,0,3,1,5,1,54,8,1956,2,6,5,2,5
2018160274824,2,9,0,17,0,0,0,0,0,0,3,1,5,2,70,10,2999,2,15,8,3,8
2018160275160,1,9,0,18,0,7,0,0,0,0,1,1,2,2,23,5,1390,1,16,5,1,5
2018160275160,2,9,0,18,0,8,0,0,0,0,2,1,2,2,27,6,1229,1,6,9,1,9
2018160275160,3,21,0,18,0,8,0,0,0,0,2,1,1,1,57,9,12900,2,7,4,3,4
2018160275196,1,9,0,13,0,0,0,0,0,0,4,1,5,1,23,5,1497,2,1,6,1,6
2018160275196,2,9,0,18,0,0,0,0,1,6,3,1,5,1,71,10,1783,1,17,4,3,4
2018160275204,1,9,0,4,0,1,0,0,0,0,2,1,6,2,27,6,1360,1,10,1,1,1
2018160275204,2,9,0,4,0,1,0,0,0,0,1,1,6,1,30,6,1999,1,15,6,1,6
2018160275209,1,9,0,18,0,0,1,0,1,7,1,1,6,2,25,5,1242,1,4,6,2,6
2018160275243,1,11,0,18,0,8,0,0,7,0,1,1,1,1,54,8,4461,2,4,1,1,1
2018160275243,2,9,0,18,0,6,0,4,7,0,1,1,5,1,34,6,1997,2,17,1,1,1
2018160275243,3,9,0,2,0,2,0,4,0,0,2,1,5,3,37,7,1461,2,6,-1,-1,-1
2018160275243,4,9,0,2,0,2,0,0,0,0,4,1,5,3,56,9,1398,2,11,-1,-1,-1
2018160275243,5,9,0,2,0,2,0,0,0,0,2,1,5,3,43,7,1686,2,5,-1,-1,-1
2018160275258,1,9,0,9,0,6,0,0,0,0,1,1,5,1,45,7,2987,2,6,-1,-1,-1
2018160275258,2,9,0,18,0,1,0,0,0,0,1,1,5,1,71,10,1896,2,11,3,1,3
2018160275294,1,9,0,5,0,0,5,4,0,0,1,1,5,1,27,6,2953,2,13,4,3,4
2018160275294,2,9,0,2,0,0,0,0,0,0,1,1,5,3,28,6,1242,1,9,-1,-1,-1
2018160275730,1,9,0,5,0,0,0,0,0,0,1,1,3,2,46,8,1422,2,10,8,2,8
2018160275762,1,9,0,17,0,0,2,0,1,10,1,1,6,1,34,6,1396,1,18,2,1,2
2018160275771,1,5,0,18,0,3,0,0,0,0,4,1,2,1,56,9,644,1,16,10,1,10
2018160275771,2,9,0,18,0,4,0,0,0,0,3,2,6,2,33,6,-1,-1,-1,1,1,1
2018160275797,1,9,0,18,0,1,0,10,1,10,3,1,2,1,67,10,1388,1,6,1,1,1
2018160275797,2,9,0,18,0,1,0,0,0,0,3,1,6,2,46,8,998,1,17,1,1,1
2018160275839,1,9,0,3,0,1,0,0,0,0,2,1,1,2,34,6,1396,1,14,3,1,3
2018160275839,2,19,0,18,0,1,0,0,0,0,1,1,2,1,37,7,1248,2,13,4,1,4
2018160275960,1,1,0,18,0,3,0,0,0,0,4,1,6,1,20,4,-1,-1,-1,1,1,1
2018160275960,2,9,0,18,0,4,0,0,0,0,1,1,6,2,25,5,-1,-1,-1,-1,-1,-1
2018160276132,1,9,0,18,0,1,0,0,0,0,1,1,6,3,-1,-1,-1,-1,-1,-1,-1,-1
2018160276132,2,1,0,18,0,1,0,0,0,0,1,1,5,1,14,3,-1,-1,-1,10,1,10
2018160276153,1,19,0,18,0,1,0,0,0,0,1,1,1,1,43,7,1995,2,1,7,1,7
2018160276153,2,9,0,9,0,1,0,0,0,0,2,1,6,2,30,6,1461,2,8,3,1,3
2018160276170,1,19,0,18,0,3,0,0,0,0,1,1,1,1,46,8,1248,2,1,4,1,4
2018160276170,2,1,0,18,0,3,0,0,0,0,2,1,6,1,24,5,-1,-1,-1,1,1,1
2018160276222,1,9,0,17,0,4,0,9,5,0,1,1,5,1,20,4,1242,1,12,4,2,4
2018160276241,1,9,0,18,0,8,0,0,0,0,1,1,5,1,24,5,998,1,19,1,1,1
2018160276241,2,1,0,18,0,8,0,0,0,0,3,1,6,1,24,5,-1,-1,-1,1,1,1
2018160276303,1,9,0,9,0,8,0,0,0,0,3,1,5,2,24,5,1398,1,1,9,1,9
2018160276303,2,9,0,18,0,1,0,0,0,0,1,1,2,1,24,5,998,1,16,7,1,7
2018160276341,1,9,0,9,0,8,1,0,0,0,1,1,6,1,37,7,1390,1,16,1,1,1
2018160276341,2,9,0,9,0,1,0,0,0,0,1,1,6,1,39,7,1997,2,3,1,1,1
2018160276374,1,9,0,9,0,8,0,0,0,0,1,1,6,3,-1,-1,-1,-1,-1,-1,-1,-1
2018160276426,1,9,0,18,0,8,0,0,0,0,1,1,6,2,29,6,1595,1,1,9,1,9
2018160276426,2,19,0,18,0,8,0,0,0,0,1,1,6,1,37,7,1995,2,4,4,1,4
2018160276458,1,9,0,18,0,8,0,0,0,0,1,1,6,1,74,10,1598,1,13,9,1,9
2018160276458,2,9,0,9,0,8,0,0,0,0,3,1,5,1,49,8,1499,2,1,5,1,5
2018160276483,1,11,0,18,0,1,0,0,0,0,1,1,1,1,27,6,7300,2,16,2,1,2
2018160276519,1,19,0,18,0,1,0,4,0,0,1,1,5,1,40,7,2402,2,9,10,-1,10