Accident_Index,Vehicle_Reference,Vehicle_Type,Towing_and_Articulation,Vehicle_Manoeuvre,Vehicle_Location-Restricted_Lane,Junction_Location,Skidding_and_Overturning,Hit_Object_in_Carriageway,Vehicle_Leaving_Carriageway,Hit_Object_off_Carriageway,1st_Point_of_Impact,Was_Vehicle_Left_Hand_Drive?,Journey_Purpose_of_Driver,Sex_of_Driver,Age_of_Driver,Age_Band_of_Driver,Engine_Capacity_(CC),Propulsion_Code,Age_of_Vehicle,Driver_IMD_Decile,Driver_Home_Area_Type,Vehicle_IMD_Decile
2018160276519,2,9,0,18,0,2,0,10,1,0,1,1,5,1,71,10,1969,1,2,6,1,6
2018160276519,3,9,0,2,0,2,0,0,0,0,2,1,6,3,-1,-1,-1,-1,-1,-1,-1,-1
2018160276601,1,9,0,18,0,0,0,4,0,0,1,1,5,1,43,7,1395,1,1,1,1,1
2018160276601,2,9,0,2,0,0,0,0,0,0,2,1,6,3,37,7,1498,1,11,-1,-1,-1
2018160276611,1,19,0,7,0,6,0,0,0,0,1,1,1,1,28,6,1598,2,2,3,2,3
2018160276611,2,1,0,18,0,8,0,0,0,0,4,1,2,2,46,8,-1,-1,-1,5,1,5
2018160276732,1,9,0,18,0,0,1,0,1,2,3,1,6,1,30,6,1968,2,11,7,1,7
2018160276732,2,9,0,18,0,0,1,0,0,0,4,1,6,1,-1,-1,1598,2,3,-1,-1,-1
2018160276808,1,9,0,14,0,0,0,0,0,0,1,1,6,1,52,8,2400,2,10,2,1,2
2018160276808,2,9,0,18,0,0,0,10,1,11,1,1,6,2,68,10,1364,1,7,6,1,6
2018160276838,1,9,0,18,0,0,0,0,0,0,3,1,5,1,35,6,2979,1,14,7,3,7
2018160276838,2,9,0,18,0,0,0,0,0,0,3,1,2,2,23,5,1796,1,12,7,2,7
2018160276882,1,21,1,9,0,8,5,0,1,0,4,1,1,1,48,8,12777,2,1,7,1,7
2018160277091,1,9,0,13,0,0,0,0,7,9,1,1,1,1,49,8,2993,2,3,10,3,10
2018160277091,2,9,0,9,0,0,0,0,0,0,3,1,2,2,34,6,1968,2,7,10,2,10
2018160277129,1,9,0,4,0,1,0,0,0,0,1,1,6,2,37,7,1781,1,18,1,1,1
2018160277129,2,9,0,3,0,1,0,0,0,0,2,1,6,2,45,7,1461,2,2,8,1,8
2018160277129,3,9,0,3,0,1,0,0,0,0,2,1,6,1,43,7,1969,2,1,-1,-1,-1
2018160277165,1,9,0,9,0,8,0,10,3,2,1,1,6,2,-1,-1,1299,1,13,3,1,3
2018160277165,2,9,0,18,0,1,0,0,0,0,1,1,6,2,40,7,1998,1,1,9,1,9
2018160277216,1,9,0,9,0,8,0,0,0,0,0,1,6,3,-1,-1,-1,-1,-1,-1,-1,-1
2018160277216,2,11,0,18,0,1,0,0,0,0,0,1,1,2,-1,-1,7300,2,13,2,1,2
2018160277252,1,9,0,1,0,0,0,0,0,0,2,1,6,2,34,6,1999,2,1,5,3,5
2018160277252,2,1,0,18,9,0,0,0,0,0,4,1,6,1,5,1,-1,-1,-1,1,1,1
2018160277287,1,9,0,18,0,0,0,0,0,0,0,1,5,3,56,9,1951,2,15,-1,-1,-1
2018160277287,2,9,0,18,0,0,0,0,0,0,1,1,5,1,19,4,1242,1,6,6,1,6
2018160277329,1,9,0,18,0,0,0,10,1,0,1,1,6,1,71,10,998,1,2,10,2,10
2018160277329,2,9,4,4,0,0,0,0,0,0,2,1,1,1,58,9,-1,-1,-1,7,2,7
2018160277329,3,19,4,2,0,0,0,0,0,0,0,1,1,1,52,8,2198,2,6,6,1,6
2018160277375,1,9,0,13,0,0,0,0,0,0,4,1,2,1,28,6,1560,2,5,3,3,3
2018160277375,2,1,0,18,0,0,0,0,0,0,3,1,6,1,65,9,-1,-1,-1,4,2,4
2018160277407,1,9,0,9,0,6,0,0,0,0,1,1,1,1,61,9,1685,2,2,1,1,1
2018160277407,2,8,0,18,2,8,0,0,0,0,1,1,1,1,64,9,1560,2,10,1,1,1
2018160277540,1,9,0,18,0,0,0,0,0,0,1,1,6,2,57,9,1598,1,12,5,1,5
2018160277540,2,9,0,3,0,0,0,0,0,0,2,1,6,1,49,8,1796,1,5,1,1,1
2018160277562,1,9,0,18,0,0,0,4,0,0,4,1,6,1,43,7,1390,1,12,8,1,8
2018160277562,2,98,0,2,6,0,0,0,0,0,3,1,6,3,-1,-1,-1,-1,-1,-1,-1,-1
2018160277610,1,9,0,7,0,8,0,0,0,0,1,1,6,1,39,7,2231,2,10,9,2,9
2018160277610,2,9,0,18,0,1,0,0,0,0,4,1,6,1,31,6,1499,2,5,2,1,2
2018160277640,1,9,0,18,0,0,1,0,0,0,1,1,5,1,31,6,1896,2,12,3,1,3
2018160277640,2,9,0,18,0,0,0,0,0,0,2,1,5,1,19,4,1229,1,12,2,1,2
2018160277640,3,9,0,18,0,0,0,0,0,0,2,1,5,2,65,9,-1,-1,-1,9,1,9
2018160277640,4,9,0,18,0,0,0,0,0,0,2,1,5,2,41,7,2996,2,7,6,3,6
2018160277670,1,5,0,17,0,0,0,10,1,0,1,1,5,1,59,9,1200,1,21,4,2,4
2018160277693,1,11,0,18,0,0,0,0,0,0,3,1,1,3,54,8,9600,2,19,1,1,1
2018160277725,1,9,0,18,0,0,0,0,0,0,1,1,6,3,-1,-1,-1,-1,-1,-1,-1,-1
2018160277746,1,9,0,4,0,1,1,0,0,0,1,1,5,2,48,8,3200,2,6,7,3,7
2018160277746,2,9,0,3,0,1,0,0,0,0,2,1,1,1,23,5,-1,-1,-1,4,3,4
2018160277952,1,9,0,18,0,0,0,10,1,11,2,1,6,1,43,7,1686,2,11,2,1,2
2018160277952,2,9,0,18,0,0,0,0,0,0,1,1,6,2,-1,-1,3000,1,7,3,1,3
2018160277957,1,9,0,18,0,0,0,0,0,0,1,1,6,1,33,6,1968,2,7,2,1,2
2018160277957,2,9,0,18,0,0,0,10,1,0,1,1,6,2,38,7,-1,-1,-1,10,2,10
2018160277984,1,9,0,18,0,0,0,4,1,0,3,1,6,1,22,5,1388,1,7,1,1,1
2018160277984,2,9,0,2,0,0,0,10,7,0,4,1,6,3,-1,-1,-1,-1,-1,-1,-1,-1
2018160277984,3,9,0,18,0,0,0,0,0,0,3,1,6,1,38,7,995,1,5,2,1,2
2018160278021,1,17,0,11,0,0,0,0,0,0,4,1,6,2,56,9,-1,-1,-1,-1,-1,-1
2018160278021,2,9,0,18,0,0,0,0,0,0,3,1,6,2,37,7,1998,1,-1,6,3,6
2018160278055,1,9,0,18,0,8,0,10,3,0,1,1,6,1,25,5,1390,1,12,4,1,4
2018160278061,1,9,0,18,0,8,0,0,0,0,1,1,6,3,-1,-1,898,1,2,-1,-1,-1
2018160278061,2,1,0,18,0,6,0,0,0,0,1,1,6,1,51,8,-1,-1,-1,2,1,2
2018160278157,1,5,0,17,0,0,0,0,1,10,1,1,5,1,37,7,645,1,17,1,1,1
2018160278172,1,9,0,18,0,0,1,0,0,0,1,1,6,1,24,5,1968,2,8,7,2,7
2018160278172,2,9,0,4,0,0,0,0,0,0,2,1,5,2,46,8,1956,2,4,8,2,8
2018160278291,1,9,0,18,0,4,0,0,0,0,3,1,6,1,-1,-1,1797,8,3,8,1,8
2018160278291,2,9,0,18,0,4,0,0,0,0,4,1,6,2,65,9,1198,1,2,4,1,4
2018160278316,1,9,0,7,0,8,0,0,0,0,1,1,6,1,47,8,1685,2,1,1,1,1
2018160278316,2,1,0,18,0,8,0,0,0,0,4,1,6,1,53,8,-1,-1,-1,1,1,1
2018160278342,1,9,0,18,0,0,0,10,1,4,1,1,6,2,26,6,1248,2,11,1,1,1
2018160278374,1,98,0,18,0,0,0,0,0,0,2,1,6,3,-1,-1,-1,-1,-1,-1,-1,-1
2018160278374,2,1,0,18,0,0,0,0,0,0,3,1,5,1,29,6,-1,-1,-1,1,1,1
2018160278434,1,9,0,18,0,0,0,0,0,0,1,1,2,1,56,9,2799,1,24,9,1,9
2018160278608,1,3,0,18,0,0,0,0,0,0,1,1,6,1,17,4,124,1,1,7,3,7
2018160278608,2,9,0,3,0,0,0,0,0,0,2,1,6,1,57,9,2993,2,1,9,2,9
2018160278625,1,9,0,18,0,0,0,0,0,0,3,1,6,1,71,10,1596,1,15,6,1,6
2018160278645,1,9,0,18,0,8,0,0,0,0,3,1,5,1,62,9,4398,1,13,7,2,7
2018160278645,2,9,0,9,0,8,0,0,0,0,1,1,6,1,30,6,1388,1,15,5,1,5
2018160278663,1,9,0,9,0,5,0,0,0,0,3,1,6,3,-1,-1,-1,-1,-1,-1,-1,-1
2018160278679,1,9,0,9,0,5,0,0,0,0,4,1,2,1,55,8,1596,1,12,8,1,8
2018160278679,2,3,0,18,0,8,0,0,0,0,1,1,2,1,17,4,125,1,9,3,1,3
2018160278690,1,9,0,18,0,0,0,0,0,0,1,1,6,1,32,6,1997,2,8,9,2,9
2018160278705,1,9,0,9,0,5,0,0,0,0,4,1,5,2,71,10,998,1,3,4,1,4
2018160278705,2,9,0,18,0,8,0,0,0,0,1,1,6,2,33,6,1399,1,11,1,1,1
2018160278708,1,9,0,18,0,0,0,10,7,4,1,1,5,1,66,10,2993,2,4,8,2,8
2018160278739,1,9,0,18,0,0,1,0,0,0,1,1,5,2,21,5,996,1,5,9,1,9
2018160278739,2,9,0,4,0,0,0,0,0,0,2,1,5,2,34,6,1997,2,13,1,1,1
2018160278744,1,9,0,18,0,1,0,0,0,0,4,1,2,2,47,8,1753,2,11,10,1,10
2018160278782,1,9,0,9,0,8,0,0,0,0,1,1,5,2,19,4,1197,1,1,8,1,8
2018160278782,2,9,0,18,0,8,1,0,0,0,3,1,2,2,52,8,1328,1,14,10,1,10
2018160278833,1,9,0,18,0,4,1,9,3,1,1,1,2,2,18,4,998,1,12,2,1,2
2018160278835,1,1,0,18,0,4,0,0,0,0,4,1,6,1,20,4,-1,-1,-1,5,3,5
2018160278835,2,9,0,18,0,1,0,0,0,0,1,1,2,2,38,7,1997,2,5,9,3,9
2018160278947,1,9,0,4,0,1,0,0,0,0,4,1,6,2,37,7,1461,2,7,7,1,7
2018160278950,1,9,0,2,0,0,0,0,0,0,3,1,6,3,-1,-1,-1,-1,-1,-1,-1,-1
2018160278950,2,19,0,14,0,0,0,4,0,0,4,1,6,1,35,6,1997,2,12,-1,-1,-1
2018160279120,1,9,0,18,0,4,0,0,0,0,1,1,6,1,42,7,-1,-1,-1,2,1,2
2018160279120,2,9,0,18,0,4,0,0,0,0,2,1,6,1,44,7,1995,2,8,9,1,9
2018160279124,1,5,0,13,0,0,1,0,0,0,3,1,2,1,31,6,919,1,15,7,1,7
2018160279124,2,1,0,18,0,0,0,0,0,0,3,1,2,1,38,7,-1,-1,-1,1,1,1
2018160279126,1,9,0,18,0,2,0,0,0,0,1,1,2,1,38,7,-1,-1,-1,8,2,8
2018160279126,2,9,0,10,0,2,0,0,0,0,2,1,2,1,26,6,1597,2,5,1,1,1
2018160279139,1,19,0,9,0,6,0,0,0,0,3,1,6,1,58,9,1598,2,1,1,1,1
2018160279139,2,9,0,18,0,1,0,0,0,0,0,1,6,2,23,5,1995,2,10,10,2,10
2018160279152,1,11,0,3,0,0,0,0,0,0,0,1,1,1,45,7,7300,2,9,1,1,1
2018160279155,1,9,0,16,0,0,0,4,0,0,1,1,6,1,27,6,1229,1,8,1,1,1
2018160279155,2,9,0,2,0,0,0,0,0,0,2,1,6,3,-1,-1,-1,-1,-1,-1,-1,-1
2018160279155,3,9,0,2,0,0,0,0,0,0,2,1,6,3,-1,-1,-1,-1,-1,-1,-1,-1
2018160279155,4,9,0,2,0,0,0,0,0,0,2,1,6,3,-1,-1,-1,-1,-1,-1,-1,-1
2018160279156,1,11,0,4,0,1,0,0,0,0,4,1,1,1,54,8,6700,2,2,6,1,6
2018160279174,1,9,0,9,0,1,0,0,0,0,4,1,6,3,-1,-1,1560,2,7,-1,-1,-1
2018160279174,2,19,0,7,0,1,0,0,0,0,3,1,6,1,27,6,1560,2,1,1,1,1
2018160279196,1,9,0,16,0,0,0,0,0,0,1,1,2,1,38,7,2148,2,14,2,1,2
2018160279196,2,1,0,18,0,0,0,10,7,0,3,1,5,1,13,3,-1,-1,-1,4,2,4
2018160279202,1,9,0,18,0,1,0,0,0,0,1,1,5,2,47,8,1995,2,6,8,2,8
2018160279202,2,9,0,9,0,4,0,0,0,0,3,1,1,2,36,7,1197,1,2,5,1,5
2018160279237,1,9,0,18,0,2,0,0,0,0,4,1,6,1,23,5,1399,2,7,3,1,3
2018160279241,1,9,0,7,0,8,0,0,0,0,1,1,2,2,28,6,1598,2,4,7,1,7
2018160279241,2,1,0,18,0,8,0,0,0,0,2,1,2,1,39,7,-1,-1,-1,5,1,5
2018160279253,1,19,0,5,0,6,0,0,0,0,1,1,1,1,32,6,1997,2,1,1,1,1
2018160279253,2,2,0,15,0,8,0,0,0,0,3,1,5,1,18,4,49,1,2,1,1,1
2018160279260,1,9,0,16,0,0,1,0,1,0,1,1,1,1,34,6,1493,2,12,2,1,2
2018160279260,2,9,0,17,0,0,1,0,1,0,1,1,5,1,60,9,1582,2,3,7,3,7
2018160279285,1,9,0,18,0,0,2,10,1,3,4,1,6,1,24,5,-1,-1,-1,4,3,4
2018160279295,1,9,0,18,0,0,0,10,1,0,1,1,1,1,23,5,1242,1,14,5,2,5
2018160279342,1,1,0,17,0,0,0,0,1,10,4,1,5,1,73,10,-1,-1,-1,4,1,4
2018160279342,2,17,0,17,0,0,0,0,7,10,1,1,5,1,72,10,-1,2,28,8,2,8
2018160279378,1,9,0,3,0,1,0,0,0,0,2,1,6,1,33,6,1598,1,11,1,1,1
2018160279378,2,9,0,18,0,1,0,0,0,0,1,1,1,1,24,5,-1,-1,-1,1,1,1
2018160279611,1,11,0,9,0,8,0,0,0,0,0,1,1,1,46,8,4461,2,4,2,1,2
2018160279638,1,9,0,18,0,0,0,0,0,0,1,1,6,3,-1,-1,-1,-1,-1,-1,-1,-1
2018160279652,1,9,0,11,0,0,1,0,1,4,2,1,6,2,19,4,1229,1,11,9,1,9
2018160279677,1,9,0,2,0,0,0,4,0,0,1,1,6,1,76,11,1248,1,4,8,1,8
2018160279677,2,21,0,18,0,0,0,0,0,0,2,1,6,1,46,8,-1,-1,-1,-1,-1,-1
2018160279726,1,9,0,4,0,1,1,0,0,0,1,1,6,1,26,6,1598,2,1,6,2,6
2018160279726,2,9,0,10,0,1,1,0,0,0,2,1,6,2,26,6,1598,1,16,4,1,4
2018160279726,3,9,0,10,0,1,1,0,0,0,2,1,6,2,24,5,1461,2,4,6,2,6
2018160279772,1,9,0,18,0,0,0,0,0,0,1,1,5,1,33,6,1598,1,10,1,1,1
2018160279796,1,9,0,18,0,0,0,4,0,0,1,1,5,1,72,10,1461,2,2,2,1,2
2018160279796,2,9,0,2,0,0,0,0,0,0,3,1,6,3,-1,-1,-1,-1,-1,-1,-1,-1
2018160279799,1,9,0,18,0,0,0,0,0,0,1,1,4,2,51,8,1834,1,15,8,1,8
2018160279831,1,9,0,18,0,1,0,0,0,0,1,1,5,1,25,5,1364,1,8,1,1,1
2018160279881,1,9,0,18,0,0,0,0,0,0,0,1,6,3,25,5,-1,-1,-1,-1,-1,-1
2018160279881,2,16,0,18,0,0,0,0,0,0,0,1,6,2,31,6,-1,-1,-1,5,3,5
2018160280144,1,1,0,18,0,8,1,0,0,0,1,1,5,1,25,5,-1,-1,-1,1,1,1
2018160280144,2,9,0,18,0,2,0,0,0,0,3,1,2,2,55,8,1229,1,10,10,3,10
2018160280173,1,9,0,3,0,0,0,0,0,0,2,1,2,2,40,7,998,1,19,2,1,2
2018160280173,2,9,0,18,0,0,0,0,0,0,1,1,2,1,49,8,1560,2,10,3,1,3
2018160280173,3,9,0,3,0,0,0,0,0,0,2,1,6,1,32,6,998,1,3,9,1,9
2018160280217,1,9,0,18,0,0,0,0,1,4,1,1,6,1,87,11,1497,8,14,6,3,6
2018160280241,1,9,0,18,0,0,1,0,7,9,1,1,1,2,46,8,1975,1,13,2,1,2
2018160280292,1,19,0,1,0,1,0,0,0,0,2,1,1,2,20,4,1248,2,8,6,1,6
2018160280323,1,8,0,9,0,2,0,0,0,0,1,1,1,1,58,9,1560,2,8,2,1,2
2018160280323,2,1,0,5,0,6,0,0,0,0,1,1,5,1,28,6,-1,-1,-1,1,1,1
2018160280504,1,3,0,18,0,1,0,0,0,0,1,1,5,1,36,7,125,1,5,1,1,1
2018160280504,2,9,0,18,0,1,0,0,0,0,2,1,6,1,42,7,3628,2,10,5,1,5
2018160280527,1,9,0,18,0,1,0,0,0,0,1,1,5,1,23,5,1390,1,10,9,1,9
2018160280527,2,9,0,9,0,1,0,0,0,0,2,1,5,1,41,7,1896,2,16,3,1,3
2018160280589,1,19,0,18,0,0,0,0,1,10,1,1,6,1,28,6,1995,2,7,9,1,9
2018160280637,1,9,0,18,0,0,2,10,8,11,1,1,6,1,28,6,1390,1,11,1,1,1
2018160280647,1,9,0,7,0,6,0,0,0,0,1,1,2,2,17,4,1242,1,15,2,1,2
2018160280647,2,19,0,9,0,1,0,0,0,0,1,1,2,1,25,5,1598,2,4,9,1,9
2018160280652,1,9,0,18,0,0,0,0,0,0,1,1,2,1,69,10,-1,-1,-1,8,1,8
2018160280652,2,9,0,2,0,0,0,0,0,0,2,1,2,1,48,8,-1,-1,-1,6,2,6
2018160281254,1,9,0,18,0,6,0,0,0,0,4,1,5,1,81,11,2402,2,8,4,3,4
2018160281254,2,5,0,18,0,8,1,10,1,0,1,1,6,1,26,6,988,1,15,1,1,1
2018160281330,1,9,0,6,0,0,0,0,0,0,1,1,6,3,-1,-1,1995,2,10,-1,-1,-1
2018160281330,2,8,0,18,0,0,0,0,0,0,3,1,6,1,57,9,1560,2,10,2,1,2
2018160281357,1,19,0,2,0,0,0,4,0,0,1,1,6,1,39,7,1686,2,15,10,1,10
2018160281357,2,9,0,18,0,0,0,0,0,0,3,1,6,2,25,5,1199,1,15,2,2,2
2018160281423,1,97,0,18,0,0,0,0,0,0,3,1,6,1,17,4,-1,-1,-1,-1,-1,-1
2018160281423,2,19,0,18,0,0,0,0,0,0,4,1,6,1,47,8,2198,2,6,7,1,7
2018160281583,1,9,0,18,0,0,1,10,8,6,1,1,5,1,20,4,1390,1,7,1,1,1
2018160281602,1,9,0,18,0,0,0,0,0,0,1,1,6,3,-1,-1,-1,-1,-1,-1,-1,-1
2018160281602,2,1,0,18,0,0,0,0,0,0,2,1,4,1,12,3,-1,-1,-1,1,1,1
2018160281606,1,1,0,18,0,0,0,0,0,0,2,1,2,1,40,7,-1,-1,-1,3,1,3
2018160281617,1,9,0,1,0,0,0,0,0,0,2,1,5,1,65,9,-1,-1,-1,10,1,10
2018160281624,1,9,0,18,0,0,0,0,0,0,4,1,6,3,-1,-1,-1,-1,-1,-1,-1,-1
2018160281646,1,3,0,18,0,3,0,0,0,0,3,1,6,2,22,5,124,1,2,1,1,1
2018160281646,2,9,0,18,0,3,0,0,0,0,4,1,6,2,38,7,2231,2,6,5,3,5
2018160281663,1,9,0,17,9,0,0,10,1,11,1,1,6,1,32,6,1798,1,12,7,2,7
2018160281684,1,9,0,18,0,0,0,0,0,0,1,1,6,1,61,9,1560,2,5,4,3,4
2018160281684,2,9,0,18,0,0,0,0,0,0,1,1,6,2,33,6,1997,2,1,3,1,3
2018160281684,3,9,0,18,0,0,0,0,0,0,1,1,5,1,20,4,1229,1,8,9,1,9
2018160281684,4,9,0,16,0,0,0,0,0,0,1,1,5,1,-1,-1,1997,1,4,7,2,7
2018160281711,1,9,0,3,0,1,0,0,0,0,2,1,6,2,33,6,1685,2,3,7,1,7
2018160281711,2,9,0,18,0,1,0,0,0,0,1,1,5,2,65,9,1591,1,6,4,1,4
2018160281726,1,9,0,18,0,2,0,0,0,0,1,1,5,2,45,7,1398,1,2,1,1,1
2018160281742,1,8,0,1,0,0,0,0,0,0,2,1,1,1,33,6,1560,2,10,-1,-1,-1
2018160281750,1,9,0,18,0,0,0,10,7,0,1,1,6,2,62,9,999,1,-1,9,2,9
2018160281750,2,9,0,2,0,0,0,0,0,0,1,1,5,2,31,6,1986,2,12,8,2,8
2018160281766,1,9,0,18,0,0,0,0,0,0,2,1,6,2,30,6,2143,2,2,6,1,6
2018160281766,2,9,0,18,0,0,0,0,0,0,1,1,6,3,47,8,-1,-1,-1,-1,-1,-1
2018160281767,1,9,0,9,0,8,0,0,0,0,1,1,5,2,28,6,1149,1,4,3,1,3
2018160281767,2,19,0,18,0,1,0,0,0,0,1,1,2,1,39,7,2198,2,7,2,1,2
2018160281834,1,9,0,18,0,1,1,0,0,0,3,1,5,1,21,5,1968,2,4,4,1,4
2018160281834,2,9,0,18,0,1,0,0,0,0,1,1,6,3,31,6,-1,-1,-1,-1,-1,-1
2018160281853,1,98,0,7,0,5,0,0,0,0,4,1,6,3,-1,-1,-1,-1,-1,-1,-1,-1
2018160282055,1,19,0,18,0,5,0,0,0,0,1,1,1,1,50,8,2148,2,11,8,1,8
2018160282055,2,9,0,18,0,4,0,0,0,0,3,1,2,2,28,6,1968,2,6,2,1,2
2018160282074,1,4,0,18,0,1,1,0,0,0,1,1,6,1,72,10,499,1,6,6,2,6
2018160282213,1,9,0,7,0,6,0,0,0,0,1,1,2,1,55,8,1685,2,3,-1,-1,-1
2018160282213,2,1,0,18,0,2,0,0,0,0,2,1,2,1,56,9,-1,-1,-1,1,1,1
2018160282246,1,9,0,13,0,0,0,10,1,0,3,1,6,2,34,6,1398,2,5,4,1,4
2018160282246,2,9,0,11,0,0,0,10,1,0,4,1,2,1,28,6,1560,2,11,1,1,1
2018160282295,1,9,0,18,0,8,0,0,7,0,1,1,6,1,22,5,1586,1,2,-1,-1,-1
2018160282295,2,98,0,18,0,8,0,0,0,0,1,1,1,1,29,6,-1,-1,-1,-1,-1,-1
2018160282321,1,9,0,7,0,6,0,0,0,0,3,1,2,2,26,6,2494,8,-1,7,1,7
2018160282321,2,21,0,18,0,8,0,0,0,0,1,1,1,1,31,6,4500,2,3,5,3,5
2018160282350,1,9,0,4,0,1,0,0,0,0,1,1,5,1,68,10,1299,1,17,1,1,1
2018160282350,2,1,0,18,0,6,0,0,0,0,1,1,6,1,33,6,-1,-1,-1,1,1,1
2018160282399,1,9,0,18,0,4,0,0,0,0,2,1,6,1,19,4,1390,1,6,4,2,4
2018160282399,2,21,0,18,0,4,0,0,0,0,1,1,1,1,50,8,10837,2,2,-1,-1,-1
2018160282429,1,9,0,3,0,1,0,0,0,0,1,1,6,2,27,6,1339,1,4,3,1,3
2018160282429,2,9,0,3,0,1,0,0,0,0,2,1,5,2,17,4,1229,1,4,9,2,9
2018160282494,1,9,0,18,0,0,0,0,0,0,2,1,6,2,31,6,1398,1,6,4,1,4
2018160282494,2,9,0,18,0,0,0,0,0,0,1,1,6,1,47,8,-1,-1,-1,-1,-1,-1
2018160282494,3,9,0,18,0,0,0,0,0,0,1,1,6,1,53,8,-1,-1,-1,-1,-1,-1
2018160282494,4,9,0,18,0,0,0,0,0,0,1,1,6,1,43,7,-1,-1,-1,-1,-1,-1
2018160282651,1,9,0,18,0,0,0,0,7,4,1,1,6,1,67,10,1998,2,13,8,3,8
2018160282732,1,9,0,7,0,2,0,0,0,0,1,1,1,1,39,7,1956,2,8,9,1,9
2018160282732,2,1,0,18,0,2,0,0,0,0,1,1,2,1,47,8,-1,-1,-1,4,1,4
2018160282762,1,9,0,18,0,0,0,0,0,0,1,1,5,1,83,11,1598,1,13,3,1,3
2018160282794,1,9,0,10,0,0,0,0,0,0,3,1,5,1,45,7,2204,2,11,4,2,4
2018160282794,2,9,0,18,0,0,0,0,0,0,1,1,2,1,17,4,998,1,4,9,1,9
2018160282794,3,9,0,18,0,0,0,0,0,0,1,1,3,2,37,7,1799,1,9,10,3,10
2018160282794,4,19,0,8,0,0,0,0,0,0,1,1,1,1,48,8,2198,2,2,10,1,10
2018160282810,1,9,0,18,0,0,0,0,0,0,1,1,6,1,-1,-1,-1,-1,-1,-1,-1,-1
2018160282822,1,9,0,18,0,2,0,0,0,0,4,1,1,1,42,7,1595,1,11,2,1,2
2018160282840,1,9,0,9,0,2,0,0,0,0,4,1,6,1,71,10,1368,1,-1,3,1,3
2018160282840,2,9,0,8,0,1,0,0,0,0,4,1,6,1,35,6,1798,1,12,1,1,1
2018160282859,1,9,0,9,0,6,5,0,3,10,1,1,2,1,25,5,1896,2,13,8,2,8
2018160282859,2,9,0,18,0,8,1,0,1,10,3,1,3,2,42,7,1598,2,2,8,2,8
2018160282888,1,9,0,18,0,0,0,10,1,11,4,1,2,1,38,7,1598,2,4,7,1,7
2018160282895,1,11,0,5,0,0,0,0,0,0,1,1,1,2,28,6,7300,2,13,3,1,3
2018160282927,1,9,0,9,0,4,0,0,0,0,4,1,5,2,22,5,998,1,13,2,1,2
2018160282927,2,9,0,18,0,8,0,0,0,0,1,1,5,2,63,9,1299,1,15,1,1,1
2018160282934,1,11,0,18,0,0,0,0,0,0,0,1,1,1,24,5,9360,2,9,1,1,1
2018160282936,1,5,0,13,0,0,0,0,1,10,3,1,6,1,50,8,998,1,11,3,1,3
2018160282936,2,9,0,18,0,0,0,0,0,0,0,1,2,2,34,6,2993,2,4,5,3,5
2018160282954,1,9,0,9,0,5,0,0,0,0,1,1,5,1,25,5,1796,1,12,4,1,4
2018160282954,2,3,0,18,0,8,0,10,1,0,1,1,6,1,21,5,125,1,1,5,2,5
2018160282965,1,9,0,9,0,8,0,0,0,0,1,1,5,2,59,9,1795,1,13,8,2,8
2018160282965,2,9,0,18,0,8,0,0,0,0,3,1,5,2,49,8,1968,2,5,9,1,9
2018160282985,1,11,0,18,0,0,0,0,0,0,0,1,1,3,50,8,6700,2,9,-1,-1,-1
2018160283069,1,1,0,18,0,0,0,0,0,0,1,1,5,1,11,3,-1,-1,-1,7,1,7
2018160283069,2,11,0,18,0,0,0,0,0,0,1,1,1,1,62,9,4249,2,9,4,1,4
2018160283095,1,8,0,18,0,0,0,4,0,0,1,1,1,1,60,9,1798,1,12,2,1,2
2018160283095,2,9,0,2,0,0,0,0,0,0,2,1,6,3,19,4,1968,2,15,-1,-1,-1
2018160283112,1,9,0,4,0,1,0,0,0,0,2,1,5,1,36,7,2179,2,3,9,2,9
2018160283112,2,9,0,4,0,1,0,0,0,0,2,1,5,2,62,9,1587,1,13,6,3,6
2018160283112,3,9,0,4,0,1,0,0,0,0,1,1,1,1,37,7,2982,2,4,-1,1,-1
2018160283156,1,9,0,18,0,1,0,0,0,0,1,1,6,1,67,10,-1,-1,-1,6,3,6
2018160283156,2,1,0,18,0,1,0,0,0,0,1,1,6,1,20,4,-1,-1,-1,4,1,4
2018160283191,1,1,0,9,0,1,5,0,0,0,3,1,5,2,14,3,-1,-1,-1,10,1,10
2018160283191,2,3,0,18,0,1,5,0,0,0,4,1,2,1,18,4,125,1,1,6,1,6
2018160283297,1,9,0,18,0,3,0,0,0,0,0,1,5,1,69,10,1197,1,2,8,1,8
2018160283297,2,9,0,16,0,3,0,0,0,0,4,1,5,1,32,6,1796,1,12,5,1,5
2018160283297,3,8,0,18,0,4,0,0,0,0,1,1,1,1,68,10,1560,2,10,3,3,3
2018160283434,1,3,0,18,2,0,0,4,0,0,1,1,6,1,34,6,125,1,12,1,1,1
2018160283434,2,8,0,2,2,0,0,0,0,0,2,1,1,1,48,8,-1,-1,-1,1,1,1
2018160283461,1,9,0,18,0,0,0,4,0,0,1,1,5,1,25,5,-1,-1,-1,1,1,1
2018160283461,2,9,0,2,0,0,0,0,0,0,1,1,5,3,36,7,2143,2,9,-1,-1,-1