Accident_Index,Vehicle_Reference,Vehicle_Type,Towing_and_Articulation,Vehicle_Manoeuvre,Vehicle_Location-Restricted_Lane,Junction_Location,Skidding_and_Overturning,Hit_Object_in_Carriageway,Vehicle_Leaving_Carriageway,Hit_Object_off_Carriageway,1st_Point_of_Impact,Was_Vehicle_Left_Hand_Drive?,Journey_Purpose_of_Driver,Sex_of_Driver,Age_of_Driver,Age_Band_of_Driver,Engine_Capacity_(CC),Propulsion_Code,Age_of_Vehicle,Driver_IMD_Decile,Driver_Home_Area_Type,Vehicle_IMD_Decile
2018160290648,1,9,0,18,0,1,0,0,0,0,2,1,6,1,29,6,1995,2,9,1,1,1
2018160290648,2,9,0,18,0,1,0,0,0,0,1,1,6,1,18,4,1560,2,3,-1,-1,-1
2018160290670,1,9,0,13,0,0,0,0,0,0,3,1,5,1,49,8,1248,1,6,1,1,1
2018160290670,2,9,0,18,0,0,0,0,2,0,3,1,5,2,24,5,1248,1,6,3,1,3
2018160290671,1,9,0,18,0,4,0,0,0,0,1,1,6,2,60,9,998,1,3,6,1,6
2018160290671,2,9,0,18,0,8,0,0,0,0,1,1,5,2,17,4,998,1,9,7,3,7
2018160290674,1,9,0,18,0,8,0,0,0,0,1,1,6,2,30,6,1197,1,2,6,1,6
2018160290674,2,98,0,18,0,8,0,0,0,0,2,1,6,3,-1,-1,-1,-1,-1,-1,-1,-1
2018160290705,1,9,0,18,0,4,0,0,0,0,3,1,1,2,28,6,1461,2,3,1,1,1
2018160290705,2,1,0,18,0,4,0,0,0,0,4,1,6,1,57,9,-1,-1,-1,7,1,7
2018160290726,1,9,0,2,0,0,0,0,0,0,2,1,6,3,-1,-1,-1,-1,-1,-1,-1,-1
2018160290726,2,97,0,18,0,0,0,4,0,0,1,1,6,1,18,4,-1,-1,-1,3,1,3
2018160290731,1,9,0,9,0,5,0,0,0,0,3,1,5,1,47,8,1364,2,5,-1,-1,-1
2018160290731,2,1,0,18,0,1,0,0,0,0,1,1,5,1,21,5,-1,-1,-1,-1,-1,-1
2018160290739,1,9,0,9,0,5,0,0,0,0,1,1,2,1,28,6,2143,2,5,1,1,1
2018160290739,2,19,0,18,0,8,0,0,0,0,1,1,2,1,30,6,2143,2,2,3,1,3
2018160290751,1,9,0,4,0,0,0,0,0,0,0,1,6,1,35,6,1956,2,7,9,1,9
2018160290751,2,11,0,18,0,0,0,0,0,0,0,1,1,1,33,6,6871,2,9,-1,-1,-1
2018160290752,1,9,0,18,0,0,0,0,0,0,1,1,6,3,-1,-1,-1,-1,-1,-1,-1,-1
2018160290752,2,1,0,18,0,0,0,0,0,0,2,1,6,1,16,4,-1,-1,-1,4,1,4
2018160290763,1,9,0,4,0,0,0,0,0,0,2,1,5,2,78,11,998,1,9,3,1,3
2018160290763,2,21,0,4,0,0,0,0,0,0,1,1,1,1,54,8,6700,2,2,4,1,4
2018160290763,3,9,0,4,0,0,0,0,0,0,2,1,5,1,63,9,1968,2,9,6,1,6
2018160290775,1,9,0,10,0,2,0,0,0,0,2,1,6,1,41,7,1395,1,5,1,1,1
2018160290775,2,19,0,18,0,1,0,0,0,0,1,1,5,1,32,6,2143,2,2,3,1,3
2018160290782,1,9,0,5,0,6,0,0,0,0,3,1,6,2,34,6,1397,1,9,1,1,1
2018160290782,2,3,0,14,0,1,0,0,0,0,1,1,1,1,20,4,124,1,9,9,2,9
2018160290809,1,9,0,18,0,6,0,0,0,0,4,1,5,1,41,7,2993,2,7,3,2,3
2018160290809,2,9,0,18,0,1,0,0,0,0,1,1,5,1,68,10,1968,2,1,8,2,8
2018160290809,3,9,0,8,0,1,0,0,0,0,0,1,2,1,31,6,999,1,2,7,2,7
2018160290810,1,5,0,5,0,8,0,0,0,0,1,1,6,1,29,6,599,1,13,1,1,1
2018160290810,2,9,0,9,0,8,0,0,0,0,4,1,6,1,68,10,2494,2,10,3,1,3
2018160290837,1,2,0,5,0,0,0,4,0,0,1,1,2,1,55,8,49,1,11,8,1,8
2018160290837,2,9,0,2,0,0,0,0,0,0,2,1,6,3,-1,-1,1368,1,12,-1,-1,-1
2018160290839,1,9,0,17,0,8,0,0,0,0,1,1,6,2,23,5,998,1,12,-1,-1,-1
2018160290839,2,19,0,16,0,8,0,0,0,0,1,1,5,1,24,5,2143,2,9,4,1,4
2018160290850,1,8,0,18,0,0,5,4,0,0,1,1,1,1,31,6,1560,2,8,1,1,1
2018160290850,2,9,0,5,0,0,0,0,0,0,4,1,5,1,47,8,1499,2,-1,2,1,2
2018160290850,3,19,0,2,0,0,0,0,0,0,3,1,6,3,-1,-1,1598,2,4,-1,-1,-1
2018160290855,1,1,0,18,4,0,0,0,0,0,3,1,5,1,45,7,-1,-1,-1,1,1,1
2018160290855,2,19,0,14,0,0,0,0,0,0,4,1,1,1,52,8,2143,2,4,3,1,3
2018160290874,1,9,0,15,0,0,0,0,0,0,3,1,6,1,22,5,1149,1,16,1,1,1
2018160290874,2,9,0,18,0,0,0,0,0,0,4,1,6,1,39,7,1560,2,8,2,1,2
2018160290893,1,9,0,11,0,0,0,0,1,10,1,1,2,1,25,5,2993,2,8,-1,3,-1
2018160290893,2,9,0,18,0,0,0,7,4,6,2,1,2,1,61,9,-1,3,1,7,2,7
2018160290907,1,9,0,7,0,8,0,0,0,0,3,1,1,2,73,10,1596,1,12,9,3,9
2018160290907,2,9,0,18,0,1,0,0,0,0,1,1,1,2,36,7,1968,2,1,2,1,2
2018160290946,1,1,0,18,0,6,0,0,0,0,4,1,5,1,65,9,-1,-1,-1,9,1,9
2018160290946,2,4,0,18,0,2,0,0,0,0,1,1,1,1,47,8,399,1,25,3,1,3
2018160290982,1,5,0,16,0,1,5,0,0,0,1,1,5,1,31,6,1165,1,14,1,1,1
2018160290982,2,9,0,17,0,8,0,0,0,0,1,1,5,1,29,6,2000,1,10,8,1,8
2018160290992,1,5,0,18,0,1,0,0,2,0,1,1,6,1,29,6,600,1,23,2,1,2
2018160291041,1,9,0,18,0,8,0,0,0,0,4,1,2,1,33,6,1910,2,13,1,1,1
2018160291041,2,9,0,18,0,8,0,0,0,0,1,1,5,1,52,8,1796,1,11,6,3,6
2018160291041,3,9,0,18,0,8,0,0,0,0,1,1,5,1,29,6,998,1,5,1,1,1
2018160291080,1,9,0,18,0,4,1,10,7,0,1,1,5,1,25,5,2143,2,2,6,1,6
2018160291080,2,9,0,18,0,3,0,0,0,0,4,1,5,1,49,8,1968,2,11,5,2,5
2018160291088,1,9,0,18,0,8,5,0,0,0,4,1,5,1,26,6,1229,1,9,1,1,1
2018160291088,2,8,0,5,0,4,0,0,0,0,1,1,1,1,64,9,1560,2,8,1,1,1
2018160291095,1,21,0,12,0,8,0,0,0,0,1,1,1,1,27,6,6870,2,7,1,1,1
2018160291095,2,9,0,7,0,3,1,10,7,0,4,1,2,2,45,7,2143,2,3,10,1,10
2018160291150,1,11,0,18,0,2,0,0,0,0,3,1,1,1,55,8,9360,2,10,4,1,4
2018160291189,1,9,0,18,0,0,0,10,1,2,1,1,6,2,31,6,2685,2,16,5,2,5
2018160291286,1,9,0,18,0,4,0,0,0,0,1,1,6,2,75,10,-1,-1,-1,8,2,8
2018160291286,2,3,0,9,0,8,0,0,0,0,1,1,6,1,25,5,124,1,3,5,1,5
2018160291294,1,4,0,18,0,8,2,0,0,0,3,1,5,1,58,9,198,1,40,9,1,9
2018160291322,1,3,0,9,0,1,0,0,1,0,1,1,6,1,15,3,125,1,1,3,1,3
2018160291439,1,9,0,5,0,1,1,10,7,0,1,1,5,1,77,11,1999,1,3,10,2,10
2018160291439,2,9,0,2,9,2,0,0,0,0,4,1,5,3,59,9,1988,2,12,-1,-1,-1
2018160291472,1,21,0,16,0,0,1,0,0,0,3,1,1,2,40,7,10308,2,5,5,1,5
2018160291472,2,9,0,18,0,0,0,0,0,0,1,1,6,1,75,10,1560,2,12,9,1,9
2018160291540,1,9,0,18,0,0,1,10,7,5,2,1,5,1,26,6,6208,1,6,10,1,10
2018160291540,2,9,0,18,0,0,0,0,0,0,1,1,5,2,65,9,1422,2,9,4,1,4
2018160291604,1,9,0,3,0,0,0,0,0,0,2,1,5,1,34,6,2143,2,1,10,2,10
2018160291604,2,9,0,3,0,0,0,0,0,0,2,1,5,2,46,8,1242,1,11,1,1,1
2018160291604,3,9,0,4,0,0,0,0,0,0,1,1,5,1,28,6,2179,2,4,5,1,5
2018160291614,1,9,0,1,0,0,0,0,0,0,2,1,6,1,23,5,999,1,1,5,2,5
2018160291614,2,9,0,3,0,0,0,0,0,0,1,1,1,1,52,8,1598,2,3,1,1,1
2018160291659,1,9,0,3,0,0,0,0,0,0,2,1,6,1,40,7,1598,2,7,5,1,5
2018160291659,2,1,0,18,0,0,1,0,0,0,1,1,6,1,32,6,-1,-1,-1,1,1,1
2018160291675,1,9,0,18,0,0,0,0,2,0,1,1,5,1,56,9,1968,2,6,6,1,6
2018160291675,2,9,0,5,8,0,0,0,0,0,0,1,5,2,78,11,1398,1,1,10,2,10
2018160291696,1,8,0,9,0,8,0,0,0,0,3,1,1,1,48,8,1560,2,9,1,1,1
2018160291696,2,9,0,18,0,1,0,0,0,0,1,1,2,2,27,6,1461,2,1,7,2,7
2018160291712,1,9,0,18,0,0,0,0,0,0,4,1,6,1,46,8,999,1,3,-1,-1,-1
2018160291895,1,9,0,18,0,0,0,0,0,0,4,1,6,1,-1,-1,-1,-1,-1,-1,-1,-1
2018160291895,2,1,0,18,0,0,0,0,0,0,3,1,6,1,16,4,-1,-1,-1,3,1,3
2018160291934,1,9,0,18,0,0,2,10,7,9,1,1,6,1,25,5,1896,2,15,7,3,7
2018160292326,1,9,0,1,0,8,0,0,0,0,2,1,6,3,-1,-1,-1,-1,-1,-1,-1,-1
2018160292373,1,9,0,18,0,0,0,0,0,0,3,1,6,2,29,6,1149,1,14,-1,-1,-1
2018160292373,2,9,0,18,0,0,0,0,0,0,3,1,6,2,25,5,1598,1,13,7,3,7
2018160292385,1,9,0,9,0,6,0,0,0,0,1,1,5,1,83,11,1598,1,4,9,1,9
2018160292385,2,9,0,18,0,8,0,0,1,11,4,1,2,2,26,6,1497,8,2,8,2,8
2018160292417,1,98,0,1,0,0,0,0,0,0,2,1,6,3,-1,-1,-1,-1,-1,-1,-1,-1
2018160292423,1,5,0,18,0,0,0,0,0,0,3,1,2,1,25,5,749,1,14,3,1,3
2018160292448,1,8,0,9,0,5,0,0,0,0,0,1,1,1,54,8,1560,2,8,2,1,2
2018160292478,1,9,0,18,0,2,0,0,0,0,1,1,6,1,36,7,1582,2,1,3,1,3
2018160292478,2,9,0,18,0,1,0,0,0,0,1,1,6,2,45,7,1329,1,7,9,1,9
2018160292484,1,9,0,9,0,4,0,0,0,0,1,1,6,2,22,5,1360,1,12,1,1,1
2018160292484,2,1,0,18,0,8,0,0,0,0,1,1,6,2,30,6,-1,-1,-1,1,1,1
2018160292547,1,9,0,9,0,5,0,0,0,0,1,1,6,2,54,8,1686,2,13,7,3,7
2018160292547,2,1,0,18,0,8,0,0,0,0,1,1,6,2,48,8,-1,-1,-1,1,1,1
2018160292570,1,9,0,16,0,0,5,0,1,10,3,1,5,1,47,8,1794,1,16,4,1,4
2018160292663,1,9,0,18,0,0,0,0,0,0,1,1,2,1,18,4,1242,1,12,7,2,7
2018160292663,2,17,0,18,0,0,0,0,0,0,2,1,1,1,47,8,-1,2,2,-1,-1,-1
2018160292717,1,9,0,18,0,4,0,0,0,0,1,1,6,3,-1,-1,-1,-1,-1,-1,-1,-1
2018160292717,2,9,0,3,0,4,0,0,0,0,2,1,5,2,26,6,1499,2,4,-1,-1,-1
2018160292744,1,1,0,4,0,0,0,0,0,0,2,1,6,1,14,3,-1,-1,-1,2,1,2
2018160292744,2,9,0,4,0,0,0,0,0,0,1,1,6,2,-1,-1,-1,-1,-1,-1,-1,-1
2018160292770,1,9,0,18,0,0,0,0,0,0,2,1,1,2,30,6,1461,2,4,9,-1,9
2018160292770,2,9,0,18,0,0,0,0,0,0,1,1,2,1,35,6,1598,1,9,5,1,5
2018160292771,1,90,0,18,0,0,0,0,0,0,1,1,1,3,-1,-1,6370,2,12,-1,-1,-1
2018160292771,2,9,0,18,0,0,0,0,0,0,3,1,6,2,46,8,1582,2,1,-1,-1,-1
2018160292786,1,1,0,18,0,0,0,0,0,0,1,1,6,1,55,8,-1,-1,-1,5,1,5
2018160292786,2,9,0,4,0,0,0,0,0,0,2,1,6,3,-1,-1,-1,-1,-1,-1,-1,-1
2018160292820,1,9,0,9,0,1,0,0,0,0,4,1,5,1,66,10,1560,2,9,6,1,6
2018160292820,2,1,0,18,0,1,0,0,0,0,3,1,6,1,49,8,-1,-1,-1,10,1,10
2018160292840,1,9,0,18,0,0,0,0,0,0,1,1,5,1,22,5,-1,-1,-1,5,3,5
2018160292840,2,9,0,18,0,0,0,0,0,0,2,1,5,2,37,7,998,1,-1,10,2,10
2018160292864,1,9,0,18,0,0,0,0,0,0,1,1,5,1,22,5,1598,2,3,7,3,7
2018160292864,2,19,0,4,0,0,0,0,0,0,2,1,1,1,27,6,1995,2,1,1,2,1
2018160292864,3,9,0,4,0,0,0,0,0,0,2,1,5,1,61,9,1896,2,10,1,1,1
2018160292901,1,9,0,18,0,8,0,0,0,0,3,1,6,2,54,8,1598,1,12,1,1,1
2018160292901,2,9,0,18,0,8,0,0,0,0,1,1,6,2,25,5,1364,1,10,1,1,1
2018160292902,1,9,0,9,0,6,0,0,0,0,1,1,6,2,52,8,1968,2,1,5,1,5
2018160292902,2,1,0,18,0,8,0,0,0,0,2,1,2,1,34,6,-1,-1,-1,5,1,5
2018160292920,1,9,0,18,0,0,0,0,0,0,1,1,2,2,40,7,1991,2,9,7,2,7
2018160292920,2,21,0,4,0,0,0,0,0,0,2,1,1,1,29,6,-1,-1,-1,1,1,1
2018160292920,3,9,0,4,0,0,0,0,0,0,2,1,2,1,44,7,1364,1,8,3,1,3
2018160292920,4,9,0,4,0,0,0,0,0,0,3,1,2,1,58,9,1995,2,7,9,1,9
2018160292920,5,21,0,3,0,0,0,0,0,0,2,1,1,1,63,9,12777,2,1,10,3,10
2018160292929,1,11,0,18,0,0,0,0,0,0,0,1,1,1,18,4,-1,2,9,1,1,1
2018160292953,1,9,0,18,0,0,0,4,0,0,4,1,6,2,65,9,1598,2,5,9,2,9
2018160292953,2,9,0,2,0,0,0,0,0,0,3,1,6,3,-1,-1,-1,-1,-1,-1,-1,-1
2018160292974,1,19,0,18,0,0,0,0,1,0,3,1,1,1,34,6,2298,2,2,5,3,5
2018160292974,2,9,0,18,0,0,0,0,1,0,1,1,5,1,21,5,1560,2,7,7,3,7
2018160292974,3,19,0,18,0,0,0,0,1,0,1,1,1,1,26,6,2198,2,3,4,1,4
2018160293188,1,98,0,5,0,0,0,0,0,0,4,1,6,3,-1,-1,-1,-1,-1,-1,-1,-1
2018160293188,2,1,0,3,0,0,0,0,0,0,3,1,6,1,74,10,-1,-1,-1,10,1,10
2018160293207,1,9,0,9,0,5,0,0,0,0,1,1,6,1,56,9,1995,2,12,3,1,3
2018160293207,2,3,0,18,0,8,0,0,0,0,1,1,6,1,32,6,123,1,3,3,1,3
2018160293284,1,9,0,4,0,1,0,0,0,0,2,1,6,1,44,7,1229,1,3,1,1,1
2018160293284,2,8,0,4,0,1,0,0,0,0,1,1,6,1,38,7,1197,1,4,-1,-1,-1
2018160293295,1,9,0,18,0,1,0,0,0,0,1,1,6,2,43,7,1560,2,4,5,1,5
2018160293295,2,9,0,18,0,1,0,0,0,0,2,1,6,1,23,5,1598,1,11,9,1,9
2018160293295,3,9,0,18,0,1,0,0,0,0,2,1,6,2,50,8,2179,2,5,10,2,10
2018160293316,1,9,0,3,0,0,0,0,0,0,2,1,6,2,20,4,973,1,16,9,2,9
2018160293316,2,9,0,18,0,0,0,0,0,0,1,1,6,1,-1,-1,-1,-1,-1,-1,-1,-1
2018160293336,1,9,0,17,0,0,0,0,0,0,3,1,6,1,26,6,1956,2,4,1,1,1
2018160293336,2,9,0,16,0,0,0,0,0,0,3,1,5,2,28,6,998,1,4,1,1,1
2018160293348,1,9,0,3,0,1,0,0,0,0,2,1,6,1,42,7,1596,1,6,1,1,1
2018160293348,2,9,0,4,0,1,0,0,0,0,1,1,6,3,-1,-1,1968,2,12,-1,-1,-1
2018160293411,1,9,0,4,0,4,0,0,0,0,1,1,6,3,-1,-1,-1,-1,-1,-1,-1,-1
2018160293411,2,9,0,3,0,4,0,0,0,0,2,1,5,2,20,4,1248,2,12,6,1,6
2018160293421,1,1,0,18,0,0,0,0,0,0,1,1,6,1,54,8,-1,-1,-1,8,3,8
2018160293421,2,9,0,18,0,0,0,0,0,0,1,1,6,1,43,7,4999,1,1,6,3,6
2018160293546,1,17,0,18,0,0,0,0,1,9,1,1,1,1,53,8,3000,2,7,6,3,6
2018160293573,1,98,0,1,0,0,0,0,0,0,2,1,6,1,35,6,-1,-1,-1,-1,-1,-1
2018160293573,2,9,0,18,0,0,0,0,0,0,1,1,6,1,21,5,1598,2,4,2,1,2
2018160293576,1,97,0,18,0,0,0,0,0,0,1,1,6,3,-1,-1,-1,-1,-1,-1,-1,-1
2018160293576,2,1,0,18,0,0,0,0,0,0,2,1,6,1,19,4,-1,-1,-1,3,1,3
2018160293600,1,9,0,12,0,0,0,0,0,0,0,1,6,1,32,6,1560,2,10,7,3,7
2018160293600,2,9,0,18,0,0,0,0,0,0,0,1,6,3,-1,-1,4999,1,3,-1,-1,-1
2018160293600,3,9,0,12,0,0,0,0,0,0,0,1,6,3,-1,-1,-1,-1,-1,-1,-1,-1
2018160293603,1,9,0,8,0,4,0,0,0,0,1,1,5,1,70,10,1198,1,11,4,1,4
2018160293603,2,1,0,5,0,4,0,0,0,0,2,1,5,1,52,8,-1,-1,-1,2,1,2
2018160293621,1,9,0,2,0,0,0,0,0,0,3,1,5,1,32,6,-1,-1,-1,1,1,1
2018160293621,2,1,0,18,0,0,0,0,0,0,1,1,6,1,23,5,-1,-1,-1,1,1,1
2018160293640,1,9,0,7,0,0,0,0,0,0,3,1,5,1,60,9,1968,2,4,9,3,9
2018160293640,2,19,0,18,0,0,0,0,0,0,1,1,6,1,56,9,2500,2,10,6,3,6
2018160293646,1,9,0,9,0,8,0,0,0,0,3,1,6,2,19,4,1398,1,2,8,2,8
2018160293646,2,9,0,9,0,8,0,0,0,0,1,1,6,1,43,7,1956,2,4,7,2,7
2018160293659,1,9,0,18,0,3,0,0,0,0,4,1,5,2,18,4,1461,2,3,1,1,1
2018160293659,2,3,0,9,0,3,0,0,0,0,3,1,5,1,24,5,125,1,15,1,1,1
2018160293673,1,9,0,18,0,5,0,0,1,0,1,1,6,1,42,7,973,1,15,1,1,1
2018160293695,1,9,0,18,0,0,0,0,0,0,1,1,5,2,28,6,1398,1,6,10,2,10
2018160293695,2,9,0,18,0,0,0,0,0,0,1,1,5,1,56,9,1968,2,1,10,2,10
2018160293724,1,9,0,9,0,6,0,0,0,0,1,1,5,2,19,4,1206,1,9,4,1,4
2018160293724,2,9,0,18,0,1,0,0,0,0,4,1,5,1,79,11,1598,2,7,3,1,3
2018160293728,1,9,0,4,0,0,0,0,0,0,1,1,5,1,71,10,2143,2,-1,6,3,6
2018160293728,2,1,0,2,0,0,0,0,0,0,3,1,5,1,12,3,-1,-1,-1,7,2,7
2018160293868,1,9,0,18,0,2,0,0,0,0,1,1,6,2,32,6,1149,1,14,6,2,6
2018160293868,2,8,0,18,0,1,0,0,0,0,1,1,1,1,47,8,1910,2,12,1,1,1
2018160293893,1,9,0,7,0,1,0,0,0,0,0,1,6,3,-1,-1,-1,-1,-1,-1,-1,-1
2018160293893,2,9,0,18,0,2,0,0,0,0,0,1,6,3,-1,-1,1390,1,7,-1,-1,-1
2018160293917,1,9,0,2,0,0,0,0,0,0,1,1,6,2,33,6,1422,2,2,1,1,1
2018160293917,2,9,0,1,0,0,0,0,0,0,2,1,6,2,62,9,1360,1,7,-1,-1,-1
2018160293922,1,97,0,18,0,0,0,0,0,0,1,1,6,3,-1,-1,-1,-1,-1,-1,-1,-1
2018160293922,2,9,0,18,0,0,0,0,0,0,1,1,6,1,56,9,1596,1,27,1,1,1
2018160293958,1,9,0,18,0,1,0,0,0,0,1,1,5,1,21,5,1560,2,10,4,1,4
2018160293958,2,9,0,4,0,1,0,0,0,0,2,1,1,2,20,4,1398,1,2,3,1,3
2018160294079,1,11,0,18,0,0,0,0,0,0,0,1,1,2,49,8,9360,2,9,-1,-1,-1
2018160294124,1,9,0,9,0,0,0,0,0,0,1,1,6,2,-1,-1,1242,1,4,5,1,5
2018160294124,2,1,0,18,0,0,0,0,0,0,1,1,4,1,-1,-1,-1,-1,-1,-1,-1,-1
2018160294399,1,9,0,3,0,0,0,0,0,0,2,1,6,2,20,4,1398,1,2,5,1,5
2018160294399,2,9,0,4,0,0,0,0,0,0,1,1,6,1,28,6,1248,1,3,-1,-1,-1
2018160294436,1,9,0,2,0,0,0,0,0,0,3,1,6,3,39,7,1242,1,5,-1,-1,-1
2018160294436,2,1,0,14,0,0,0,0,0,0,1,1,6,1,27,6,-1,-1,-1,4,2,4
2018160294506,1,5,0,18,0,2,2,0,0,0,3,1,2,1,34,6,675,1,8,3,1,3
2018160294550,1,97,0,5,0,0,0,0,0,0,1,1,5,1,25,5,-1,-1,-1,1,1,1
2018160294570,1,19,0,9,0,1,0,0,0,0,1,1,1,1,24,5,1461,2,3,8,1,8
2018160294570,2,4,0,15,0,1,0,0,0,0,1,1,5,1,47,8,385,1,16,1,1,1
2018160294570,3,9,0,3,0,1,0,0,0,0,1,1,5,1,28,6,1248,2,9,2,1,2
2018160294656,1,9,0,18,0,0,0,0,0,0,0,1,2,1,30,6,1560,2,5,8,-1,8
2018160294656,2,21,0,18,0,0,0,0,0,0,3,1,2,1,57,9,6693,2,5,3,1,3
2018160294656,3,9,0,18,0,0,0,0,5,0,1,1,2,2,34,6,1197,1,7,10,2,10
2018160294682,1,5,0,13,0,0,0,0,0,0,1,1,5,1,56,9,1800,1,10,3,1,3
2018160294682,2,21,0,6,0,0,0,0,0,0,2,1,5,2,42,7,-1,-1,-1,7,3,7
2018160294685,1,3,0,18,0,1,0,10,7,0,1,1,5,1,17,4,125,1,6,6,1,6
2018160294685,2,4,0,4,0,1,0,0,0,0,2,1,5,1,20,4,471,1,-1,6,3,6
2018160294911,1,97,0,18,0,1,0,0,0,0,1,1,6,1,-1,-1,-1,-1,-1,-1,-1,-1
2018160294959,1,9,0,9,0,0,0,0,0,0,4,1,6,2,46,8,1248,2,10,8,2,8
2018160294959,2,9,0,18,0,0,0,0,0,0,1,1,5,2,34,6,1248,2,4,9,2,9
2018160294972,1,9,0,18,0,1,0,0,0,0,4,1,6,1,45,7,-1,-1,-1,-1,-1,-1
2018160294972,2,9,0,6,0,8,0,0,0,0,1,1,6,1,50,8,1956,2,3,8,2,8
2018160295070,1,9,0,18,0,8,0,0,8,11,1,1,5,2,42,7,1590,1,17,1,1,1
2018160295070,2,9,0,18,0,8,0,0,0,0,4,1,6,1,54,8,1951,2,14,1,1,1
2018160295124,1,8,0,18,0,4,0,0,0,0,1,1,1,1,43,7,1598,2,6,2,1,2
2018160295124,2,1,0,18,0,4,0,0,0,0,4,1,2,2,59,9,-1,-1,-1,1,1,1
2018160295129,1,9,0,18,0,8,0,0,0,0,4,1,1,1,47,8,-1,-1,-1,1,1,1
2018160295129,2,9,0,18,0,8,0,0,0,0,1,1,5,2,31,6,1598,1,4,2,1,2
2018160295158,1,9,0,18,0,1,0,10,7,0,1,1,5,1,78,11,1598,1,5,9,1,9
2018160295160,1,9,0,18,0,2,0,0,0,0,1,1,2,1,29,6,1398,1,5,4,1,4
2018160295160,2,9,0,18,0,2,0,0,0,0,2,1,2,2,41,7,1364,1,11,3,1,3
2018160295160,3,9,0,18,0,2,0,0,0,0,2,1,2,1,49,8,1499,2,1,1,1,1
2018160295190,1,22,0,4,9,6,5,0,0,0,0,1,5,2,71,10,-1,-1,-1,1,1,1
2018160295225,1,9,0,9,0,1,0,0,0,0,1,1,5,2,35,6,1598,2,1,4,2,4
2018160295225,2,1,0,9,0,1,0,0,0,0,1,1,5,1,76,11,-1,-1,-1,3,1,3
2018160295381,1,9,0,18,0,4,0,0,0,0,1,1,6,2,33,6,-1,-1,-1,9,1,9
2018160295381,2,9,0,18,0,8,0,0,0,0,3,1,6,1,52,8,1242,1,12,6,1,6
2018160295402,1,97,0,18,0,0,0,0,-1,0,1,1,6,3,-1,-1,-1,-1,-1,-1,-1,-1
2018160295426,1,9,0,9,0,5,0,0,0,0,1,1,5,1,81,11,1299,1,15,7,2,7
2018160295426,2,3,0,18,0,8,0,0,0,0,1,1,5,1,59,9,124,1,4,1,1,1
2018160295463,1,9,0,7,0,3,0,0,0,0,2,1,5,2,21,5,1240,1,15,1,1,1
2018160295463,2,9,0,7,0,3,0,0,0,0,1,1,6,3,-1,-1,-1,-1,-1,-1,-1,-1
2018160295464,1,9,0,18,0,0,0,0,0,0,1,1,6,1,-1,-1,1197,1,3,-1,-1,-1
2018160295464,2,9,0,18,0,0,0,0,0,0,1,1,6,2,44,7,1390,1,7,1,1,1
2018160295480,1,9,0,18,0,1,0,0,0,0,1,1,2,2,23,5,999,1,3,2,1,2
2018160295480,2,1,0,5,0,8,0,0,0,0,2,1,6,1,15,3,-1,-1,-1,1,1,1
2018160295506,1,11,0,18,2,0,0,0,0,0,4,1,1,1,59,9,6871,2,8,1,1,1
2018160295540,1,9,0,5,0,0,0,0,0,0,1,1,2,1,53,8,2494,2,2,10,-1,10
2018160295540,2,3,0,15,4,0,0,0,1,10,3,1,5,1,18,4,124,1,9,4,1,4
2018160295569,1,9,0,18,0,0,0,0,0,0,1,1,2,1,50,8,1968,2,3,7,3,7
2018160295569,2,1,0,14,0,0,0,0,0,0,1,1,6,1,18,4,-1,-1,-1,1,1,1
2018160295586,1,3,0,18,0,8,0,0,0,0,1,1,2,1,19,4,124,1,4,1,1,1
2018160295586,2,19,0,9,0,6,0,0,0,0,3,1,2,1,30,6,1896,2,10,9,1,9
2018160295636,1,9,0,18,0,8,0,0,0,0,1,1,6,1,61,9,1998,1,12,8,3,8
2018160295636,2,9,0,9,0,8,0,0,0,0,4,1,5,2,19,4,1242,1,1,6,1,6
2018160295750,1,11,0,5,0,8,0,0,0,0,0,1,1,1,55,8,4500,2,11,2,1,2
2018160295839,1,9,0,4,0,0,0,0,0,0,0,1,6,2,37,7,1997,2,5,3,1,3
2018160295839,2,1,0,18,0,0,0,0,0,0,0,1,4,2,15,3,-1,-1,-1,9,1,9
2018160295857,1,9,0,7,0,1,0,0,0,0,3,1,6,2,41,7,2231,2,5,10,3,10
2018160295857,2,1,0,17,0,1,0,0,0,0,4,1,4,1,16,4,-1,-1,-1,7,1,7
2018160295872,1,5,0,5,0,6,0,10,3,10,1,1,5,2,50,8,-1,-1,-1,1,1,1
2018160295910,1,9,0,4,0,0,0,0,0,0,2,1,5,1,39,7,1995,2,2,1,1,1
2018160295910,2,19,0,4,0,0,1,0,0,0,1,1,1,1,40,7,2999,2,2,9,2,9
2018160295938,1,90,0,18,0,0,0,0,0,0,1,1,1,1,51,8,10677,2,3,8,1,8
2018160295978,1,9,0,4,0,0,0,0,0,0,2,1,3,2,34,6,998,1,5,8,3,8
2018160295978,2,9,0,4,0,0,0,0,0,0,2,1,5,2,67,10,1399,1,2,-1,-1,-1
2018160295978,3,9,0,4,0,0,0,0,0,0,1,1,5,2,32,6,1796,1,17,2,1,2
2018160296018,1,4,0,14,0,0,2,0,0,0,3,1,6,1,53,8,249,1,6,1,1,1
2018160296018,2,19,0,18,0,0,0,0,0,0,0,1,1,1,26,6,2143,2,2,8,2,8