Accident_Index,Vehicle_Reference,Vehicle_Type,Towing_and_Articulation,Vehicle_Manoeuvre,Vehicle_Location-Restricted_Lane,Junction_Location,Skidding_and_Overturning,Hit_Object_in_Carriageway,Vehicle_Leaving_Carriageway,Hit_Object_off_Carriageway,1st_Point_of_Impact,Was_Vehicle_Left_Hand_Drive?,Journey_Purpose_of_Driver,Sex_of_Driver,Age_of_Driver,Age_Band_of_Driver,Engine_Capacity_(CC),Propulsion_Code,Age_of_Vehicle,Driver_IMD_Decile,Driver_Home_Area_Type,Vehicle_IMD_Decile
2018160315284,2,3,0,18,0,8,0,0,0,0,4,1,2,2,58,9,125,1,10,1,1,1
2018160315303,1,9,0,7,0,6,0,0,0,0,3,1,1,1,64,9,1461,2,4,4,1,4
2018160315303,2,3,0,18,0,8,0,0,0,0,1,1,2,1,27,6,125,1,-1,7,1,7
2018160315336,1,4,0,17,0,0,0,0,1,10,1,1,5,1,69,10,-1,-1,-1,9,2,9
2018160315358,1,9,0,9,0,0,0,0,0,0,3,1,1,1,37,7,1242,1,13,4,1,4
2018160315358,2,3,0,13,0,0,0,0,0,0,1,1,6,1,48,8,125,1,1,5,1,5
2018160315384,1,9,0,18,0,0,0,0,0,0,4,1,2,2,20,4,1364,1,1,9,1,9
2018160315416,1,9,0,18,0,0,0,0,0,0,1,1,5,2,53,8,3189,1,10,10,2,10
2018160315416,2,19,0,3,0,0,0,0,0,0,2,1,1,1,32,6,1598,2,3,4,1,4
2018160315428,1,9,0,9,0,6,0,0,0,0,3,1,5,1,42,7,2204,2,11,8,1,8
2018160315428,2,3,0,18,0,8,0,0,0,0,1,1,5,1,25,5,125,1,17,2,1,2
2018160315428,3,9,0,2,0,2,0,0,0,0,0,1,6,1,46,8,1560,2,8,-1,-1,-1
2018160315470,1,9,0,13,0,0,0,10,7,4,1,1,6,1,21,5,1988,1,17,1,1,1
2018160315470,2,8,0,18,0,0,0,0,0,0,3,1,1,1,63,9,1560,2,5,1,1,1
2018160315471,1,9,0,18,0,2,0,0,0,0,1,1,2,2,29,6,1343,1,18,3,1,3
2018160315471,2,9,0,2,0,2,0,0,0,0,3,1,1,1,53,8,2993,2,2,10,3,10
2018160315471,3,21,1,2,0,2,0,0,0,0,0,1,1,1,66,10,12740,2,6,5,1,5
2018160315578,1,9,0,12,0,2,0,0,0,0,1,1,5,1,59,9,1596,1,14,1,1,1
2018160315578,2,9,0,18,0,2,0,0,0,0,4,1,5,2,62,9,1461,2,-1,3,1,3
2018160315599,1,1,0,18,0,6,0,0,0,0,3,1,2,2,21,5,-1,-1,-1,1,1,1
2018160315599,2,9,0,18,0,5,0,0,0,0,1,1,5,1,55,8,1796,1,15,3,1,3
2018160315652,1,19,0,18,0,0,0,0,0,0,1,1,1,1,26,6,1997,2,-1,8,2,8
2018160315652,2,19,0,3,0,0,0,0,0,0,2,1,1,1,55,8,1560,2,4,5,2,5
2018160315652,3,9,0,3,0,0,0,0,0,0,2,1,6,1,74,10,1685,2,1,7,1,7
2018160315683,1,9,0,18,0,8,0,0,0,0,4,1,5,1,30,6,998,1,8,1,1,1
2018160315683,2,9,0,9,0,6,0,0,0,0,1,1,6,3,17,4,995,1,11,-1,-1,-1
2018160315706,1,9,0,8,0,6,0,0,0,0,1,1,6,2,39,7,1360,1,12,1,1,1
2018160315706,2,9,0,18,0,8,0,0,0,0,1,1,5,1,21,5,1124,1,5,1,1,1
2018160315706,3,9,0,18,0,8,0,0,0,0,1,1,1,1,23,5,1560,2,12,7,2,7
2018160315728,1,19,0,18,0,1,0,0,0,0,3,1,1,1,32,6,1997,2,2,5,2,5
2018160315783,1,9,0,10,0,0,0,0,0,0,2,1,2,1,34,6,1781,1,23,7,3,7
2018160315783,2,9,0,18,0,0,0,0,0,0,1,1,6,2,36,7,1999,2,-1,7,3,7
2018160315840,1,4,0,13,0,1,0,0,0,0,4,1,6,1,22,5,321,1,3,-1,-1,-1
2018160315840,2,9,0,18,0,1,0,0,0,0,3,1,6,1,27,6,1200,1,-1,1,1,1
2018160315914,1,3,0,15,4,0,2,4,0,0,3,1,6,1,24,5,-1,-1,-1,1,1,1
2018160315914,2,9,0,18,0,0,0,0,0,0,0,1,5,1,78,11,1318,1,1,7,1,7
2018160315914,3,9,0,2,0,0,0,0,0,0,3,1,6,3,-1,-1,-1,-1,-1,-1,-1,-1
2018160315914,4,9,0,2,0,0,0,0,0,0,3,1,6,3,-1,-1,-1,-1,-1,-1,-1,-1
2018160315914,5,9,0,18,0,0,0,0,0,0,4,1,5,2,48,8,1997,2,3,8,1,8
2018160316027,1,9,0,18,0,0,0,10,1,3,4,1,2,2,52,8,898,1,-1,9,1,9
2018160316029,1,9,0,5,0,1,0,4,0,0,1,1,6,2,55,8,1498,1,-1,1,1,1
2018160316029,2,19,0,2,0,1,0,0,0,0,4,1,6,1,-1,-1,1560,2,7,-1,-1,-1
2018160316029,3,9,0,2,0,1,0,0,0,0,1,1,6,1,-1,-1,1560,2,1,-1,-1,-1
2018160316029,4,19,0,2,0,1,0,0,0,0,0,1,6,1,-1,-1,1753,2,12,-1,-1,-1
2018160316030,1,21,1,4,0,1,0,0,0,0,2,1,1,1,22,5,12740,2,3,4,1,4
2018160316030,2,9,0,18,0,1,0,0,0,0,1,1,2,2,56,9,1364,1,11,9,1,9
2018160316033,1,9,0,18,0,1,0,0,0,0,1,1,5,1,93,11,1198,1,13,10,2,10
2018160316033,2,9,0,10,0,1,0,0,0,0,2,1,2,1,23,5,1995,2,1,2,1,2
2018160316033,3,9,0,10,0,1,0,0,0,0,1,1,5,1,20,4,1229,1,9,10,2,10
2018160316093,1,9,0,18,0,1,0,0,0,0,1,1,1,1,30,6,2198,1,12,3,1,3
2018160316093,2,9,0,18,0,1,0,0,0,0,1,1,2,2,41,7,1956,2,7,3,1,3
2018160316109,1,9,0,18,0,0,0,0,0,0,1,1,5,1,17,4,1598,1,13,4,2,4
2018160316151,1,98,0,9,0,4,0,0,0,0,3,1,1,1,55,8,-1,-1,-1,-1,-1,-1
2018160316151,2,9,0,18,0,4,0,0,0,0,4,1,6,2,21,5,1248,1,2,8,3,8
2018160316171,1,11,0,18,0,0,0,0,0,0,0,1,1,1,63,9,7300,2,13,9,2,9
2018160316178,1,5,0,18,0,0,0,0,4,0,3,1,2,1,36,7,689,1,4,1,1,1
2018160316188,1,9,0,11,0,5,0,0,0,0,1,1,5,2,20,4,1242,1,11,2,1,2
2018160316206,1,5,0,18,0,3,0,0,0,0,3,1,5,1,54,8,-1,-1,-1,-1,-1,-1
2018160316206,2,9,0,18,0,3,0,0,0,0,1,1,5,2,33,6,1398,1,7,2,1,2
2018160316224,1,9,0,3,0,0,0,0,0,0,1,1,5,2,55,8,1995,2,5,7,3,7
2018160316224,2,9,0,18,0,0,0,0,0,0,2,1,5,2,55,8,1598,1,10,8,1,8
2018160316277,1,9,0,9,0,4,0,0,0,0,0,1,6,2,23,5,1799,1,12,10,2,10
2018160316277,2,5,0,18,0,8,1,0,0,0,1,1,6,1,63,9,1063,1,12,1,1,1
2018160316283,1,9,0,9,0,1,0,0,0,0,3,1,5,2,64,9,998,1,4,6,1,6
2018160316283,2,9,0,18,0,1,0,0,0,0,1,1,5,2,65,9,1200,1,1,10,2,10
2018160316301,1,9,0,18,0,1,0,0,0,0,2,1,5,2,39,7,-1,-1,-1,6,1,6
2018160316301,2,9,0,18,0,1,0,0,0,0,2,1,1,2,55,8,1198,1,8,6,1,6
2018160316301,3,9,0,18,0,1,0,0,0,0,1,1,5,2,20,4,1598,2,8,9,2,9
2018160316317,1,19,0,18,0,0,0,0,0,0,3,1,6,1,57,9,1753,2,5,4,2,4
2018160316317,2,9,0,18,0,0,0,0,0,0,3,1,6,2,40,7,1995,2,5,4,2,4
2018160316318,1,9,0,18,0,0,0,0,0,0,1,1,5,1,84,11,1199,1,5,10,2,10
2018160316318,2,9,0,4,0,0,0,0,0,0,2,1,5,1,51,8,2993,2,4,10,-1,10
2018160316326,1,9,0,18,0,1,0,0,0,0,3,1,6,1,66,10,1598,1,5,8,1,8
2018160316326,2,9,0,18,0,6,0,0,0,0,1,1,6,1,46,8,1956,2,4,-1,-1,-1
2018160316346,1,9,0,18,0,0,0,10,1,2,1,1,6,1,86,11,1584,1,11,9,1,9
2018160316349,1,9,0,3,0,1,0,0,0,0,2,1,6,1,30,6,1956,2,8,3,1,3
2018160316349,2,9,0,18,0,1,1,0,0,0,1,1,6,1,58,9,1992,2,10,3,3,3
2018160316351,1,9,0,13,0,1,0,0,0,0,4,1,6,3,-1,-1,-1,-1,-1,-1,-1,-1
2018160316351,2,1,0,18,0,1,0,0,0,0,3,1,2,1,45,7,-1,-1,-1,1,1,1
2018160316364,1,21,1,5,0,1,0,0,0,0,0,1,1,1,52,8,12809,2,3,1,1,1
2018160316364,2,1,0,18,0,1,0,0,0,0,3,1,6,1,56,9,-1,-1,-1,9,1,9
2018160316384,1,9,0,18,0,3,0,0,0,0,2,1,5,2,56,9,1399,1,10,6,1,6
2018160316384,2,9,0,18,0,3,0,0,0,0,1,1,5,1,87,11,1999,1,8,9,1,9
2018160316395,1,9,0,18,0,1,0,0,0,0,1,1,6,2,39,7,2148,2,9,4,1,4
2018160316395,2,9,0,3,0,1,0,0,0,0,2,1,6,2,60,9,1582,2,3,6,2,6
2018160316425,1,9,0,18,0,1,0,10,7,3,1,1,6,1,50,8,2979,1,3,-1,-1,-1
2018160316426,1,9,0,18,0,0,0,10,7,3,3,1,5,1,50,8,2979,1,3,6,1,6
2018160316431,1,9,0,18,0,0,2,4,0,0,1,1,5,2,25,5,1598,2,5,2,2,2
2018160316431,2,9,0,2,0,0,0,0,0,0,1,1,5,3,30,6,-1,-1,-1,-1,-1,-1
2018160316433,1,9,0,9,0,6,0,0,0,0,3,1,6,2,19,4,1198,1,12,1,1,1
2018160316433,2,9,0,18,0,1,0,0,0,0,1,1,5,1,47,8,998,1,-1,4,1,4
2018160316437,1,9,0,9,0,6,0,0,7,0,1,1,5,1,17,4,998,1,6,6,3,6
2018160316437,2,9,0,18,0,1,0,0,1,0,1,1,5,2,61,9,1596,1,11,6,3,6
2018160316450,1,9,0,13,0,0,0,0,0,0,0,1,6,3,-1,-1,-1,-1,-1,-1,-1,-1
2018160316450,2,1,0,18,0,0,0,0,0,0,0,1,6,1,33,6,-1,-1,-1,8,1,8
2018160316472,1,9,0,1,0,0,0,0,0,0,2,1,6,2,41,7,1398,2,5,5,1,5
2018160316472,2,1,0,18,0,0,0,0,0,0,1,1,5,2,52,8,-1,-1,-1,7,1,7
2018160316491,1,9,0,9,0,5,0,0,0,0,1,1,5,1,38,7,1968,2,6,6,1,6
2018160316491,2,1,0,18,0,1,0,0,0,0,1,1,5,1,48,8,-1,-1,-1,9,1,9
2018160316513,1,9,0,18,0,0,0,0,0,0,1,1,5,1,19,4,1197,1,1,4,1,4
2018160316542,1,9,0,18,0,0,0,4,0,0,1,1,5,1,47,8,1248,2,11,7,3,7
2018160316542,2,9,0,2,0,0,0,0,0,0,2,1,6,3,-1,-1,-1,-1,-1,-1,-1,-1
2018160316569,1,9,0,6,0,0,0,0,0,0,0,1,6,3,-1,-1,2143,2,2,-1,-1,-1
2018160316569,2,9,0,18,0,0,0,0,0,0,0,1,6,2,35,6,1461,2,-1,8,2,8
2018160316579,1,9,0,9,0,6,0,0,0,0,1,1,1,1,29,6,1781,1,18,6,1,6
2018160316579,2,9,0,18,0,1,0,0,0,0,4,1,5,2,38,7,1398,1,7,2,1,2
2018160316628,1,9,0,18,0,0,0,0,0,0,1,1,6,2,53,8,1560,2,6,10,1,10
2018160316628,2,1,0,10,0,0,0,0,0,0,2,1,6,1,23,5,-1,-1,-1,5,1,5
2018160316690,1,3,0,18,0,0,2,4,0,0,1,1,5,1,22,5,125,1,7,1,1,1
2018160316690,2,9,0,2,0,0,0,0,0,0,2,1,5,3,-1,-1,1399,2,9,-1,-1,-1
2018160316715,1,9,0,18,0,8,0,0,0,0,3,1,5,1,42,7,1796,1,10,1,1,1
2018160316715,2,5,0,18,0,8,0,0,0,0,1,1,5,1,40,7,599,1,17,2,1,2
2018160316738,1,9,0,18,0,0,2,10,1,0,1,1,2,1,19,4,-1,-1,-1,4,3,4
2018160316749,1,3,0,16,0,1,0,0,0,0,1,1,1,1,23,5,124,1,1,1,1,1
2018160316749,2,19,0,9,0,5,0,0,0,0,4,1,1,1,47,8,1995,2,1,3,1,3
2018160316750,1,9,0,18,0,0,0,0,0,0,1,1,6,3,-1,-1,-1,-1,-1,-1,-1,-1
2018160316750,2,3,0,3,0,0,0,0,0,0,2,1,6,1,29,6,124,1,16,1,1,1
2018160316750,3,9,0,2,0,0,0,0,0,0,2,1,5,1,39,7,-1,-1,-1,-1,-1,-1
2018160316761,1,9,0,4,0,0,0,0,0,0,2,1,5,1,34,6,1968,2,11,9,2,9
2018160316761,2,9,0,18,0,0,0,0,0,0,1,1,2,2,19,4,1398,1,2,6,1,6
2018160316820,1,17,0,18,0,0,0,0,1,0,0,1,1,1,51,8,6702,2,9,4,2,4
2018160316863,1,9,0,18,0,1,0,0,0,0,1,1,5,2,45,7,1995,2,6,4,1,4
2018160316863,2,9,0,9,0,5,0,0,0,0,1,1,2,1,19,4,1149,1,13,1,1,1
2018160316886,1,9,0,18,0,1,0,0,0,0,1,1,6,2,56,9,1242,1,9,5,1,5
2018160316886,2,9,0,3,0,1,0,0,0,0,2,1,6,1,39,7,1198,1,8,5,1,5
2018160316905,1,9,0,18,0,0,1,10,1,3,1,1,6,1,29,6,1794,1,16,5,1,5
2018160317495,1,9,0,9,0,5,0,0,0,0,1,1,6,1,56,9,1596,1,6,4,1,4
2018160317495,2,1,0,18,0,8,0,0,0,0,1,1,6,1,47,8,-1,-1,-1,1,1,1
2018160317530,1,9,0,18,0,0,0,0,0,0,1,1,6,2,31,6,1598,2,5,7,1,7
2018160317530,2,1,0,18,0,0,0,0,0,0,1,1,6,1,16,4,-1,-1,-1,2,1,2
2018160317572,1,9,0,1,0,0,0,0,0,0,2,1,6,2,52,8,1390,1,11,6,3,6
2018160317584,1,9,0,5,0,0,0,0,0,0,1,1,6,2,57,9,1999,1,5,7,1,7
2018160317584,2,1,0,18,9,0,0,0,0,0,1,1,6,1,54,8,-1,-1,-1,4,1,4
2018160317646,1,21,0,16,0,3,5,0,0,0,4,1,1,1,32,6,12740,2,4,2,1,2
2018160317860,1,8,0,18,0,1,0,0,0,0,3,1,1,3,48,8,-1,-1,-1,-1,-1,-1
2018160317860,2,9,0,9,0,1,0,0,0,0,1,1,6,3,-1,-1,-1,-1,-1,-1,-1,-1
2018160318084,1,9,0,17,0,0,1,0,0,0,1,1,6,1,21,5,1229,1,4,7,2,7
2018160318084,2,9,0,17,0,0,0,0,0,0,2,1,2,2,40,7,1598,1,11,2,1,2
2018160318117,1,9,0,18,0,0,0,0,0,0,1,1,6,1,-1,-1,1149,1,16,-1,-1,-1
2018160318117,2,1,0,18,0,0,0,0,0,0,2,1,6,1,18,4,-1,-1,-1,3,1,3
2018160318122,1,9,0,7,0,4,0,0,0,0,1,1,6,3,-1,-1,-1,-1,-1,-1,-1,-1
2018160318122,2,2,0,18,0,8,0,0,0,0,1,1,6,1,16,4,49,1,3,10,1,10
2018160318151,1,11,0,7,0,1,0,0,0,0,0,1,1,1,43,7,-1,-1,-1,7,1,7
2018160318161,1,9,0,18,0,0,0,0,0,0,1,1,5,1,21,5,1390,1,7,-1,-1,-1
2018160318161,2,3,0,18,0,0,0,4,0,0,3,1,1,2,51,8,125,1,4,1,1,1
2018160318161,3,9,0,2,0,0,0,0,0,0,1,1,6,2,33,6,1798,1,11,-1,-1,-1
2018160318214,1,9,0,10,0,5,0,0,0,0,2,1,5,1,24,5,1910,2,10,1,1,1
2018160318214,2,9,0,18,0,1,0,0,0,0,1,1,6,1,26,6,1995,2,13,6,3,6
2018160318268,1,9,0,3,0,0,0,0,0,0,2,1,6,1,35,6,2231,2,6,-1,-1,-1
2018160318268,2,9,0,18,0,0,0,0,0,0,1,1,6,2,23,5,998,1,3,5,2,5
2018160318280,1,9,0,17,0,0,0,0,1,9,1,1,6,1,25,5,1994,1,12,4,3,4
2018160318532,1,8,0,18,0,0,0,0,0,0,1,1,1,1,53,8,1995,2,3,3,1,3
2018160318532,2,9,0,4,0,0,0,0,0,0,2,1,6,1,51,8,1997,2,10,2,1,2
2018160318824,1,17,0,13,0,0,0,0,0,0,4,1,1,1,17,4,7365,2,1,6,3,6
2018160318824,2,1,0,18,0,0,0,0,7,10,1,1,5,2,43,7,-1,-1,-1,6,3,6
2018160318852,1,19,0,4,0,1,0,0,0,0,2,1,1,1,54,8,1998,2,13,9,1,9
2018160318852,2,9,0,4,0,1,0,0,0,0,2,1,6,1,45,7,1240,1,15,1,1,1
2018160318852,3,9,0,18,0,1,0,0,0,0,1,1,6,1,55,8,2148,2,13,2,1,2
2018160318915,1,9,0,5,0,1,0,0,0,0,1,1,6,1,76,11,1500,1,61,9,1,9
2018160318915,2,9,0,18,0,2,0,0,0,0,1,1,6,1,62,9,1560,2,12,5,2,5
2018160318965,1,9,0,9,0,8,0,0,0,0,1,1,6,2,77,11,1332,1,8,9,1,9
2018160318965,2,9,0,18,0,8,0,0,0,0,1,1,6,2,47,8,1339,1,13,1,1,1
2018160318977,1,9,0,5,0,4,0,0,0,0,1,1,5,1,49,8,1364,1,-1,5,1,5
2018160318977,2,1,0,3,0,4,0,0,0,0,2,1,6,1,42,7,-1,-1,-1,9,1,9
2018160319168,1,9,0,18,0,0,0,0,0,0,1,1,6,2,38,7,1598,1,3,7,-1,7
2018160319168,2,9,0,3,0,0,0,0,0,0,2,1,6,2,56,9,1560,2,4,4,1,4
2018160319214,1,9,0,1,0,0,0,0,0,0,2,1,6,2,54,8,1193,1,3,3,1,3
2018160319214,2,3,0,14,0,0,0,0,0,0,4,1,5,1,78,11,125,1,1,8,2,8
2018160319306,1,8,0,18,0,2,0,0,0,0,4,1,1,1,44,7,1598,2,4,1,1,1
2018160319318,1,9,0,18,0,1,0,0,0,0,1,1,5,2,20,4,1149,1,11,8,1,8
2018160319318,2,9,0,3,0,1,0,0,0,0,2,1,5,2,42,7,1587,1,12,5,1,5
2018160319318,3,9,0,3,0,1,0,0,0,0,2,1,5,1,47,8,2521,1,12,9,1,9
2018160319338,1,19,0,13,0,0,0,0,0,0,4,1,6,1,53,8,1998,2,16,1,1,1
2018160319338,2,1,0,12,0,0,0,0,0,0,2,1,2,1,54,8,-1,-1,-1,6,3,6
2018160319371,1,9,0,4,0,0,0,0,0,0,2,1,5,2,29,6,1461,2,3,3,1,3
2018160319371,2,9,0,18,0,0,0,0,0,0,1,1,5,2,29,6,1995,2,4,7,-1,7
2018160319523,1,9,0,9,0,6,0,0,0,0,1,1,6,3,-1,-1,-1,-1,-1,-1,-1,-1
2018160319523,2,1,0,18,0,8,0,0,0,0,1,1,6,1,21,5,-1,-1,-1,1,1,1
2018160319986,1,9,0,11,0,1,0,0,0,0,0,1,6,3,-1,-1,-1,-1,-1,-1,-1,-1
2018160319986,2,11,0,18,0,1,0,0,0,0,0,1,1,1,54,8,6871,2,12,3,1,3
2018160320023,1,9,0,3,0,1,0,0,0,0,4,1,6,2,39,7,2170,2,14,3,1,3
2018160320023,2,1,0,18,0,1,0,0,0,0,3,1,6,1,50,8,-1,-1,-1,4,1,4
2018160320045,1,9,0,17,0,0,0,0,0,0,4,1,6,3,-1,-1,1753,2,15,-1,-1,-1
2018160320045,2,21,0,2,0,0,0,0,0,0,0,1,1,1,62,9,10837,2,12,-1,-1,-1
2018160320079,1,9,0,9,0,0,0,0,0,0,1,1,6,3,-1,-1,-1,-1,-1,-1,-1,-1
2018160320079,2,9,0,18,0,0,0,0,0,0,1,1,6,1,33,6,1560,2,7,9,1,9
2018160320111,1,9,0,18,0,1,0,0,0,0,1,1,6,1,34,6,1364,1,-1,-1,-1,-1
2018160320111,2,1,0,3,0,1,0,0,0,0,2,1,6,1,28,6,-1,-1,-1,9,1,9
2018160320135,1,11,0,4,0,1,0,0,0,0,0,1,1,2,44,7,7300,2,15,1,1,1
2018160320163,1,9,0,2,0,0,0,0,0,0,3,1,6,2,19,4,1198,1,5,5,1,5
2018160320163,2,9,0,1,0,0,0,0,0,0,1,1,6,1,-1,-1,1560,2,9,-1,-1,-1
2018160320184,1,9,0,18,0,0,0,0,0,0,1,1,1,3,-1,-1,1364,1,3,-1,-1,-1
2018160320184,2,9,0,4,0,0,0,0,0,0,2,1,1,1,21,5,2143,2,3,1,1,1
2018160320518,1,9,0,4,0,1,0,10,7,10,1,1,6,2,70,10,1596,1,13,6,1,6
2018160320736,1,9,0,18,0,0,0,0,0,0,1,1,6,3,-1,-1,-1,-1,-1,-1,-1,-1
2018160320779,1,9,0,7,0,6,0,0,0,0,1,1,6,3,-1,-1,999,1,16,-1,-1,-1
2018160320779,2,1,0,18,0,8,0,0,0,0,1,1,6,2,16,4,-1,-1,-1,-1,-1,-1
2018160320860,1,9,0,18,0,0,0,0,0,0,1,1,6,3,-1,-1,-1,-1,-1,-1,-1,-1
2018160320912,1,3,0,18,0,0,0,0,0,0,1,1,5,1,26,6,125,1,2,6,1,6
2018160320928,1,9,0,18,0,1,0,0,0,0,1,1,5,2,36,7,1598,1,13,2,1,2
2018160320953,1,9,0,5,0,0,0,0,0,0,1,1,5,1,36,7,1598,1,3,9,1,9
2018160320953,2,2,0,18,0,0,0,0,0,0,1,1,2,2,26,6,49,1,14,1,1,1
2018160320986,1,9,0,18,0,0,0,0,7,10,1,1,5,1,20,4,1900,2,13,3,3,3
2018160321003,1,19,0,18,0,4,0,0,0,0,1,1,1,1,56,9,1995,2,1,2,1,2
2018160321003,2,1,0,18,0,3,0,0,0,0,2,1,5,1,53,8,-1,-1,-1,1,1,1
2018160321341,1,5,0,15,4,1,1,10,1,0,1,1,5,1,25,5,750,1,6,1,1,1
2018160321341,2,9,0,11,0,1,0,0,0,0,1,1,5,1,47,8,1686,2,6,8,1,8
2018160321354,1,9,0,4,0,4,0,0,0,0,2,1,5,2,37,7,1596,1,8,2,1,2
2018160321354,2,9,0,5,0,4,0,0,0,0,1,1,5,1,64,9,1560,2,4,3,1,3
2018160321391,1,9,0,5,2,0,0,0,0,0,3,1,5,2,26,6,1398,1,2,1,1,1
2018160321391,2,5,0,18,2,0,0,0,0,0,3,1,5,1,22,5,656,1,9,1,1,1
2018160321536,1,9,0,9,0,0,0,0,0,0,0,1,6,2,18,4,1597,2,1,5,1,5
2018160321536,2,9,0,18,0,0,1,0,0,0,1,1,6,1,35,6,1997,2,13,2,1,2
2018160321536,3,9,0,18,0,0,0,0,0,0,1,1,6,2,81,11,1242,1,3,7,2,7
2018160321557,1,5,0,18,0,0,0,12,0,0,1,1,5,1,51,8,1170,1,13,7,3,7
2018160321587,1,9,0,9,0,8,1,10,0,0,1,1,1,1,17,4,1596,1,7,4,1,4
2018160321609,1,9,0,18,9,0,0,0,7,4,1,1,2,1,23,5,1388,1,6,4,1,4
2018160321618,1,5,0,18,0,8,0,0,0,0,4,1,5,1,38,7,745,1,5,6,1,6
2018160321618,2,9,0,9,0,6,0,0,0,0,1,1,6,1,20,4,1997,2,14,3,3,3
2018160321860,1,1,0,18,0,1,0,0,0,0,1,1,2,1,63,9,-1,-1,-1,-1,-1,-1
2018160321860,2,8,0,5,0,8,0,0,0,0,1,1,1,1,45,7,-1,-1,-1,-1,-1,-1
2018160322087,1,9,0,18,0,0,0,0,0,0,1,1,6,1,71,10,1461,2,1,1,1,1
2018160322098,1,9,0,9,0,8,0,0,0,0,1,1,6,2,61,9,1197,1,4,1,1,1
2018160322098,2,9,0,18,0,8,0,0,0,0,1,1,5,2,29,6,1796,1,12,1,1,1
2018160322143,1,9,0,18,0,2,0,0,0,0,1,1,2,2,57,9,1560,2,5,3,1,3
2018160322185,1,19,0,1,0,8,0,0,0,0,2,1,6,1,35,6,2402,2,7,1,1,1
2018160322185,2,9,0,18,0,8,0,0,0,0,1,1,6,1,52,8,1560,2,5,6,1,6
2018160322472,1,19,0,7,0,0,0,0,0,0,1,1,6,3,-1,-1,1598,2,2,-1,-1,-1
2018160322472,2,9,0,18,0,0,0,0,0,0,1,1,6,2,55,8,1461,2,4,6,3,6
2018160322696,1,1,0,18,0,0,0,0,0,0,1,1,6,3,-1,-1,-1,-1,-1,-1,-1,-1
2018160322732,1,9,0,18,0,1,0,0,0,0,1,1,5,1,24,5,1598,1,13,7,3,7
2018160322749,1,98,0,1,0,0,0,0,0,0,2,1,1,1,28,6,-1,-1,-1,-1,-1,-1
2018160322749,2,4,0,3,0,0,0,0,0,0,1,1,5,1,74,10,350,1,-1,7,1,7
2018160322778,1,5,0,13,0,2,0,0,0,0,1,1,6,1,71,10,998,1,8,7,3,7
2018160322778,2,9,0,18,0,1,0,0,0,0,1,1,5,2,39,7,1598,2,7,6,3,6
2018160322806,1,9,0,16,0,0,0,10,7,4,1,1,5,1,25,5,2143,2,4,5,1,5
2018160322838,1,9,0,9,0,5,0,0,0,0,1,1,1,1,34,6,-1,-1,-1,-1,-1,-1
2018160322838,2,9,0,18,0,8,0,0,1,10,1,1,5,1,37,7,1395,1,1,2,1,2
2018160322838,3,9,0,5,0,1,0,0,0,0,1,1,5,1,23,5,2982,2,10,7,3,7
2018160322854,1,9,0,18,0,0,1,10,7,11,3,1,5,2,33,6,1796,1,10,1,1,1
2018160322890,1,19,0,18,0,1,0,0,0,0,1,1,1,1,36,7,2143,2,2,6,3,6
2018160322890,2,9,0,10,0,1,0,0,0,0,2,1,5,1,35,6,1910,2,11,4,1,4
2018160322906,1,9,0,9,0,5,0,0,0,0,1,1,6,3,-1,-1,1796,1,12,-1,-1,-1
2018160322906,2,9,0,18,0,8,0,0,0,0,1,1,2,1,33,6,1998,2,13,1,1,1
2018160322906,3,9,0,18,0,8,0,0,0,0,4,1,5,1,57,9,1582,2,3,8,1,8
2018160322928,1,19,0,7,0,1,0,0,0,0,1,1,5,1,48,8,2198,2,11,5,1,5
2018160322928,2,1,0,18,0,6,0,0,0,0,1,1,5,1,22,5,-1,-1,-1,3,1,3
2018160322942,1,9,0,18,0,0,0,0,0,0,1,1,6,1,36,7,1390,1,16,1,1,1
2018160322942,2,9,0,5,0,0,0,0,0,0,3,1,6,2,71,10,1461,2,2,1,1,1
2018160322965,1,9,0,5,0,0,0,0,0,0,1,1,6,2,34,6,-1,-1,-1,1,1,1
2018160322973,1,21,0,9,0,6,0,0,0,0,1,1,1,1,60,9,4461,2,9,4,1,4
2018160322973,2,1,0,18,4,8,0,0,0,0,1,1,6,2,36,7,-1,-1,-1,5,1,5
2018160322979,1,9,0,9,0,5,0,0,0,0,4,1,5,1,30,6,1910,2,10,6,1,6
2018160322979,2,3,0,18,0,8,0,10,1,0,1,1,6,1,31,6,-1,-1,-1,7,1,7
2018160322982,1,9,0,15,0,0,1,10,5,0,1,1,2,1,25,5,1595,1,4,4,1,4
2018160322982,2,9,0,18,0,0,1,10,5,0,2,1,5,2,55,8,1197,1,4,1,1,1
2018160322984,1,5,0,5,0,1,0,0,0,0,3,1,6,1,48,8,988,1,15,6,1,6
2018160322986,1,9,0,18,0,0,5,0,0,0,1,1,5,2,57,9,2143,2,2,9,1,9
2018160322986,2,9,0,18,0,0,0,0,7,10,1,1,5,1,22,5,1229,1,11,10,1,10
2018160322988,1,9,0,13,0,0,0,0,0,0,0,1,5,1,33,6,2184,2,12,6,2,6
2018160322988,2,5,0,13,0,0,0,0,7,10,1,1,5,1,44,7,1043,1,1,2,1,2