Accident_Index,Vehicle_Reference,Vehicle_Type,Towing_and_Articulation,Vehicle_Manoeuvre,Vehicle_Location-Restricted_Lane,Junction_Location,Skidding_and_Overturning,Hit_Object_in_Carriageway,Vehicle_Leaving_Carriageway,Hit_Object_off_Carriageway,1st_Point_of_Impact,Was_Vehicle_Left_Hand_Drive?,Journey_Purpose_of_Driver,Sex_of_Driver,Age_of_Driver,Age_Band_of_Driver,Engine_Capacity_(CC),Propulsion_Code,Age_of_Vehicle,Driver_IMD_Decile,Driver_Home_Area_Type,Vehicle_IMD_Decile
2018160323256,1,9,0,9,0,5,0,0,0,0,4,1,2,1,66,10,1783,1,15,10,1,10
2018160323256,2,1,0,18,0,8,0,0,0,0,1,1,5,1,60,9,-1,-1,-1,9,1,9
2018160323267,1,9,0,13,0,0,0,0,0,0,0,1,6,3,16,4,-1,-1,-1,-1,-1,-1
2018160323267,2,1,0,18,0,0,0,0,1,10,1,1,6,1,60,9,-1,-1,-1,6,1,6
2018160323274,1,9,0,17,0,0,0,0,1,10,4,1,6,1,21,5,1590,1,13,10,2,10
2018160323281,1,9,0,12,0,2,0,0,0,0,3,1,6,3,-1,-1,2993,2,15,-1,-1,-1
2018160323281,2,9,0,18,0,2,0,0,0,0,4,1,5,2,36,7,1910,2,10,8,2,8
2018160323290,1,5,0,17,0,0,0,0,1,0,0,1,5,1,46,8,899,1,20,-1,-1,-1
2018160323316,1,3,0,18,0,1,0,0,0,0,1,1,6,1,21,5,124,1,-1,1,1,1
2018160323316,2,9,0,18,0,1,0,0,0,0,2,1,6,3,-1,-1,998,1,4,-1,-1,-1
2018160323323,1,1,0,18,0,4,0,0,0,0,1,1,6,1,57,9,-1,-1,-1,9,1,9
2018160323323,2,9,0,9,0,8,0,0,0,0,1,1,6,1,-1,-1,1796,1,15,10,2,10
2018160323335,1,9,0,18,0,0,0,0,0,0,4,1,6,2,-1,-1,1497,8,3,6,1,6
2018160323726,1,5,0,17,0,2,0,0,2,3,1,1,6,1,29,6,599,1,18,1,1,1
2018160323962,1,1,0,18,0,3,0,0,0,0,1,1,6,1,14,3,-1,-1,-1,1,1,1
2018160323962,2,2,0,18,0,4,0,0,0,0,1,1,6,1,16,4,50,1,14,-1,-1,-1
2018160323987,1,1,0,9,0,8,0,0,0,0,1,1,6,1,57,9,-1,-1,-1,7,2,7
2018160323987,2,9,0,18,0,4,0,0,0,0,1,1,6,2,54,8,1242,1,3,-1,-1,-1
2018160324035,1,9,0,18,0,0,0,0,0,0,1,1,6,3,-1,-1,-1,-1,-1,-1,-1,-1
2018160324058,1,9,0,18,0,0,0,0,0,0,1,1,2,1,17,4,999,1,4,5,2,5
2018160324058,2,97,0,5,0,0,1,0,7,10,2,1,5,1,15,3,-1,-1,-1,2,1,2
2018160324058,3,97,0,18,0,0,0,0,0,0,0,1,6,1,15,3,-1,-1,-1,2,1,2
2018160324132,1,9,0,9,0,6,0,0,0,0,3,1,5,1,83,11,4164,2,16,6,1,6
2018160324132,2,9,0,18,0,8,0,0,0,0,1,1,5,2,36,7,1398,2,7,2,1,2
2018160324176,1,9,0,9,0,6,0,0,0,0,1,1,5,1,74,10,1997,2,7,6,1,6
2018160324176,2,3,0,18,0,8,0,0,0,0,1,1,6,1,67,10,125,1,4,1,1,1
2018160324269,1,98,0,7,0,5,0,0,0,0,1,1,6,3,-1,-1,-1,-1,-1,-1,-1,-1
2018160324269,2,1,0,18,4,8,0,0,0,0,3,1,2,2,47,8,-1,-1,-1,2,1,2
2018160324288,1,9,0,18,0,0,0,0,0,0,1,1,5,2,58,9,1995,2,2,5,3,5
2018160324288,2,9,0,18,0,0,0,0,0,0,1,1,5,1,57,9,1598,2,1,9,1,9
2018160324320,1,9,0,18,0,1,0,0,0,0,1,1,5,1,41,7,1999,1,13,1,1,1
2018160324320,2,9,0,3,0,1,0,0,0,0,2,1,5,2,38,7,1995,2,15,2,1,2
2018160324348,1,9,0,18,0,4,0,0,0,0,1,1,5,2,59,9,1149,1,5,4,1,4
2018160324348,2,9,0,18,0,8,0,0,0,0,1,1,5,2,30,6,1368,1,-1,5,1,5
2018160324402,1,9,0,11,0,8,0,10,1,10,1,1,5,1,56,9,2183,2,8,9,1,9
2018160324402,2,9,0,18,0,8,0,0,0,0,2,1,5,1,35,6,973,1,15,6,1,6
2018160324422,1,9,0,18,0,0,0,0,0,0,4,1,5,1,51,8,1368,1,9,1,1,1
2018160324422,2,19,0,18,0,0,0,0,0,0,1,1,5,1,34,6,2148,2,10,5,1,5
2018160324502,1,9,0,7,0,2,0,0,0,0,4,1,1,1,24,5,1461,2,10,3,1,3
2018160324502,2,1,0,18,0,8,0,0,0,0,1,1,6,1,69,10,-1,-1,-1,4,1,4
2018160324546,1,9,0,9,0,6,0,0,0,0,1,1,2,1,61,9,1956,2,8,10,3,10
2018160324546,2,1,0,9,0,5,0,0,0,0,3,1,2,1,56,9,-1,-1,-1,7,3,7
2018160324561,1,9,0,18,0,2,2,4,0,0,1,1,5,2,29,6,1499,1,4,4,2,4
2018160324561,2,9,0,2,0,2,0,0,0,0,3,1,5,1,45,7,1598,1,12,-1,-1,-1
2018160324577,1,9,0,7,0,6,0,0,0,0,1,1,1,1,36,7,1499,1,2,5,1,5
2018160324577,2,1,0,18,4,8,0,0,0,0,4,1,5,1,31,6,-1,-1,-1,3,1,3
2018160324588,1,19,0,13,0,8,0,0,1,9,3,1,5,1,64,9,-1,-1,-1,4,3,4
2018160324588,2,9,0,9,0,5,0,0,0,0,4,1,5,1,62,9,998,1,-1,4,1,4
2018160324591,1,9,0,18,0,0,0,0,0,0,1,1,5,1,42,7,1596,1,3,3,1,3
2018160324593,1,9,0,9,0,8,0,0,0,0,2,1,5,2,43,7,1598,1,11,1,1,1
2018160324593,2,9,0,7,0,3,1,0,0,0,1,1,6,3,16,4,-1,-1,-1,-1,-1,-1
2018160324706,1,9,0,18,0,6,0,0,0,0,1,1,6,3,-1,-1,1398,2,15,-1,-1,-1
2018160324706,2,9,0,18,0,8,0,0,0,0,3,1,5,1,39,7,1997,2,15,6,1,6
2018160325087,1,9,0,2,0,1,0,0,0,0,0,1,6,2,35,6,1149,1,9,1,1,1
2018160325087,2,1,0,14,0,1,0,8,0,0,1,1,6,1,30,6,-1,-1,-1,1,1,1
2018160325113,1,9,0,18,0,0,0,4,0,0,1,1,6,1,36,7,1597,2,5,3,1,3
2018160325113,2,9,0,2,0,0,0,0,0,0,2,1,5,3,30,6,1591,1,3,-1,-1,-1
2018160325113,3,9,0,2,0,0,0,0,0,0,2,1,5,3,30,6,1796,1,10,-1,-1,-1
2018160325153,1,9,0,18,0,8,0,0,0,0,1,1,6,1,33,6,1997,2,3,5,1,5
2018160325153,2,9,0,10,0,8,0,0,0,0,2,1,6,1,46,8,1229,1,3,9,1,9
2018160325178,1,98,0,7,0,5,0,0,0,0,0,1,6,3,-1,-1,-1,-1,-1,-1,-1,-1
2018160325178,2,1,0,18,0,8,0,0,0,0,0,1,6,2,28,6,-1,-1,-1,5,1,5
2018160325217,1,9,0,18,0,0,0,0,0,0,4,1,6,2,39,7,1896,2,17,1,1,1
2018160325217,2,1,0,18,0,0,0,0,0,0,3,1,6,1,78,11,-1,-1,-1,1,1,1
2018160325278,1,9,0,18,0,0,0,0,0,0,1,1,6,1,29,6,1560,2,5,1,1,1
2018160325278,2,1,0,18,0,0,0,0,0,0,1,1,6,1,7,2,-1,-1,-1,1,1,1
2018160325284,1,9,0,14,0,0,0,0,0,0,0,1,2,1,34,6,1995,2,8,7,1,7
2018160325284,2,9,0,18,0,0,0,10,7,9,1,1,2,1,22,5,1390,1,10,4,2,4
2018160325284,3,9,0,2,0,0,0,0,0,0,2,1,5,1,40,7,2664,2,13,-1,-1,-1
2018160325292,1,9,0,5,0,8,0,0,0,0,3,1,6,1,22,5,1499,2,3,7,3,7
2018160325292,2,9,0,18,0,8,0,0,0,0,1,1,6,1,24,5,1332,1,20,1,1,1
2018160325300,1,9,0,16,0,0,0,10,7,0,3,1,5,1,28,6,998,1,-1,1,1,1
2018160325300,2,9,0,13,0,0,0,0,0,0,4,1,6,3,38,7,-1,-1,-1,-1,-1,-1
2018160325451,1,9,0,18,0,0,0,0,0,0,3,1,2,1,29,6,-1,-1,-1,5,1,5
2018160325451,2,9,0,18,0,0,0,0,0,0,1,1,2,1,28,6,1968,2,1,5,1,5
2018160325472,1,19,0,3,0,0,0,0,0,0,2,1,1,1,22,5,1598,2,5,7,1,7
2018160325472,2,9,0,18,0,0,0,0,-1,0,1,1,6,2,50,8,1242,1,4,4,1,4
2018160325490,1,9,0,18,0,0,0,0,0,0,1,1,6,3,-1,-1,-1,-1,-1,-1,-1,-1
2018160325508,1,5,0,18,0,0,0,0,0,0,1,1,6,1,44,7,955,1,18,9,3,9
2018160325516,1,9,0,18,0,1,0,0,0,0,1,1,6,2,55,8,1229,1,9,9,1,9
2018160325516,2,1,0,18,0,1,0,0,0,0,1,1,6,1,14,3,-1,-1,-1,4,1,4
2018160325528,1,9,0,9,0,5,0,0,0,0,1,1,5,1,69,10,1598,2,1,8,2,8
2018160325528,2,9,0,18,0,1,0,0,0,0,1,1,5,2,68,10,999,1,1,6,1,6
2018160325528,3,9,0,18,0,1,0,0,0,0,0,1,5,1,65,9,1560,2,5,9,2,9
2018160325538,1,3,0,18,0,0,0,0,0,0,1,1,6,1,27,6,124,1,17,9,2,9
2018160325538,2,9,0,4,0,0,0,0,0,0,2,1,6,1,47,8,-1,-1,-1,5,2,5
2018160325573,1,9,0,18,0,0,0,10,7,1,1,1,6,2,23,5,998,1,4,2,1,2
2018160325599,1,9,0,3,0,1,0,0,0,0,2,1,2,2,32,6,1988,1,14,1,1,1
2018160325599,2,-1,0,18,0,1,0,0,0,0,1,1,6,3,-1,-1,-1,-1,-1,-1,-1,-1
2018160325604,1,19,0,18,0,1,0,0,0,0,1,1,6,1,38,7,1686,2,14,1,1,1
2018160325604,2,9,0,4,0,4,0,0,0,0,2,1,6,1,43,7,1597,2,-1,10,2,10
2018160325630,1,1,0,18,0,0,0,0,0,0,3,1,6,1,48,8,-1,-1,-1,8,1,8
2018160325630,2,98,0,18,0,0,0,0,0,0,4,1,6,3,-1,-1,-1,-1,-1,-1,-1,-1
2018160325645,1,9,0,18,0,1,1,0,1,0,1,1,6,1,25,5,1248,1,7,1,1,1
2018160325646,1,9,0,18,0,0,0,0,0,0,1,1,5,1,35,6,1364,1,2,10,1,10
2018160325646,2,1,0,18,0,0,0,0,0,0,1,1,6,1,16,4,-1,-1,-1,4,2,4
2018160325656,1,9,0,11,0,0,0,0,0,0,4,1,6,1,42,7,1398,1,6,-1,-1,-1
2018160325656,2,9,0,18,0,0,0,0,0,0,3,1,6,2,41,7,1399,2,10,1,1,1
2018160325657,1,9,0,18,0,1,0,0,0,0,1,1,2,1,21,5,1299,1,11,5,1,5
2018160325666,1,9,0,3,0,2,0,0,0,0,2,1,6,2,28,6,1968,2,5,7,1,7
2018160325666,2,9,0,18,0,2,0,0,0,0,1,1,6,2,-1,-1,1598,1,17,7,1,7
2018160325672,1,1,0,18,0,4,0,0,0,0,3,1,6,1,49,8,-1,-1,-1,10,1,10
2018160325672,2,9,0,18,0,4,0,0,0,0,1,1,6,1,48,8,999,1,2,6,1,6
2018160325690,1,9,0,18,0,0,0,0,0,0,1,1,5,1,58,9,1956,2,10,1,1,1
2018160325690,2,9,0,18,0,0,0,0,0,0,1,1,5,1,48,8,1364,1,3,6,1,6
2018160325716,1,9,0,8,0,1,0,0,0,0,2,1,6,1,48,8,1595,1,-1,3,2,3
2018160325738,1,5,0,18,0,8,1,0,0,0,0,1,5,1,52,8,1170,1,7,1,1,1
2018160325738,2,9,0,9,0,6,0,0,0,0,0,1,6,3,-1,-1,-1,-1,-1,-1,-1,-1
2018160325740,1,9,0,11,0,0,0,0,0,0,4,1,6,1,46,8,2993,2,10,5,1,5
2018160325740,2,9,0,18,0,0,0,0,0,0,3,1,6,2,27,6,1995,2,6,8,1,8
2018160325822,1,9,0,18,0,0,0,0,0,0,1,1,6,2,48,8,898,1,4,5,1,5
2018160325822,2,9,0,18,0,0,0,0,0,0,1,1,5,2,20,4,1248,1,3,10,3,10
2018160325824,1,9,0,9,0,6,0,0,0,0,2,1,5,2,47,8,1968,2,3,10,1,10
2018160325824,2,9,0,18,0,1,0,0,0,0,1,1,5,1,19,4,1796,1,12,3,3,3
2018160325829,1,9,0,4,0,2,0,0,0,0,4,1,5,2,30,6,1229,1,12,1,1,1
2018160325829,2,1,0,18,9,1,0,0,0,0,1,1,5,2,43,7,-1,-1,-1,1,1,1
2018160325855,1,19,0,18,0,1,0,0,0,0,3,1,2,1,58,9,1598,2,3,8,1,8
2018160325855,2,1,0,9,0,1,0,0,0,0,1,1,6,1,17,4,-1,-1,-1,4,1,4
2018160325890,1,9,0,18,0,0,0,0,0,0,1,1,6,2,76,11,1364,1,-1,7,1,7
2018160325916,1,9,0,18,0,1,0,0,0,0,1,1,6,1,42,7,1956,2,3,10,1,10
2018160325916,2,9,0,9,0,5,0,0,0,0,1,1,6,1,24,5,899,1,4,5,1,5
2018160325925,1,3,0,18,0,1,0,0,0,0,1,1,2,1,27,6,125,1,2,6,1,6
2018160325925,2,19,0,9,0,6,0,0,0,0,1,1,1,1,24,5,2143,2,-1,3,1,3
2018160325948,1,9,0,9,0,5,0,0,0,0,1,1,5,2,72,10,998,1,-1,6,1,6
2018160325954,1,9,0,8,0,1,0,0,0,0,4,1,6,1,76,11,1598,2,-1,10,1,10
2018160325954,2,1,0,18,0,8,0,0,0,0,1,1,6,1,-1,-1,-1,-1,-1,-1,-1,-1
2018160325970,1,9,0,18,0,1,0,0,0,0,4,1,6,1,62,9,1997,2,11,1,1,1
2018160325970,2,9,0,2,0,2,0,0,0,0,2,1,6,1,54,8,1995,2,12,1,1,1
2018160325970,3,9,0,2,0,1,0,0,0,0,2,1,6,3,31,6,1598,1,18,-1,-1,-1
2018160325993,1,9,0,3,0,1,0,0,0,0,2,1,5,2,55,8,1242,1,1,1,1,1
2018160325993,2,9,0,18,0,1,0,0,0,0,1,1,5,2,51,8,1781,1,14,1,1,1
2018160326073,1,9,0,5,0,0,0,0,0,0,3,1,5,1,21,5,1596,1,14,1,1,1
2018160326073,2,1,0,18,0,0,0,0,0,0,2,1,6,2,33,6,-1,-1,-1,1,1,1
2018160326084,1,9,0,18,0,0,1,0,1,10,1,1,5,1,39,7,1598,1,16,1,1,1
2018160326086,1,9,0,17,0,0,0,0,1,0,1,1,2,1,20,4,1598,1,5,4,3,4
2018160326102,1,98,0,18,0,2,0,0,0,0,1,1,1,1,54,8,-1,-1,-1,4,1,4
2018160326112,1,9,0,9,0,6,0,0,0,0,3,1,5,1,22,5,1968,2,6,5,1,5
2018160326112,2,9,0,18,0,1,0,0,0,0,1,1,5,2,54,8,1199,1,15,6,1,6
2018160326120,1,9,0,18,0,0,0,0,7,10,3,1,5,2,54,8,998,1,8,8,2,8
2018160326125,1,9,0,13,0,0,0,0,7,0,1,1,1,2,46,8,1598,1,-1,10,3,10
2018160326125,2,1,0,12,0,0,0,0,0,0,3,1,1,1,13,3,-1,-1,-1,8,1,8
2018160326138,1,3,0,17,0,0,0,10,1,0,1,1,6,1,22,5,125,1,6,3,1,3
2018160326143,1,9,0,18,0,8,0,0,0,0,1,1,5,1,33,6,2143,2,2,10,1,10
2018160326143,2,19,0,18,0,6,0,0,0,0,4,1,5,1,36,7,1598,2,5,8,3,8
2018160326149,1,9,0,18,0,0,1,10,7,0,4,1,5,1,23,5,1896,2,15,8,3,8
2018160326149,2,9,0,18,0,0,0,0,7,0,3,1,2,1,25,5,1997,2,10,3,1,3
2018160326174,1,9,0,1,0,0,0,0,0,0,2,1,6,3,-1,-1,-1,-1,-1,-1,-1,-1
2018160326174,2,90,0,18,0,0,0,0,0,0,1,1,6,2,38,7,-1,-1,-1,7,1,7
2018160326232,1,9,0,18,0,1,0,0,0,0,4,1,5,1,23,5,1998,1,15,7,2,7
2018160326232,2,19,0,18,0,1,0,0,0,0,1,1,6,1,55,8,-1,-1,-1,5,1,5
2018160326335,1,9,0,9,0,5,0,0,0,0,4,1,5,2,55,8,1796,1,9,9,3,9
2018160326335,2,9,0,18,0,8,0,0,7,10,1,1,5,2,27,6,1496,2,3,2,1,2
2018160326335,3,9,0,18,0,1,0,0,0,0,1,1,5,1,57,9,2319,1,19,7,2,7
2018160326343,1,21,0,11,0,0,0,0,0,0,1,1,1,1,26,6,12777,2,9,9,3,9
2018160326343,2,9,0,18,0,0,0,0,0,0,2,1,5,1,54,8,2401,2,13,3,1,3
2018160326390,1,21,0,18,0,0,0,4,0,0,1,1,1,1,27,6,11705,2,6,6,3,6
2018160326390,2,9,0,2,0,0,0,0,0,0,2,1,6,3,-1,-1,-1,-1,-1,-1,-1,-1
2018160326393,1,9,0,17,0,0,0,0,1,10,3,1,5,1,57,9,1968,2,-1,5,3,5
2018160326393,2,9,0,16,0,0,0,0,0,0,1,1,5,1,79,11,1461,2,5,9,1,9
2018160326415,1,9,0,2,0,0,0,0,0,0,2,1,5,1,23,5,1997,2,15,-1,-1,-1
2018160326415,2,9,0,18,0,0,0,4,1,0,1,1,5,1,70,10,1997,2,13,7,1,7
2018160326415,3,9,0,2,0,0,0,0,0,0,2,1,5,2,43,7,1596,1,11,-1,-1,-1
2018160326418,1,9,0,17,0,0,2,0,1,0,1,1,1,2,18,4,1149,1,16,4,2,4
2018160326454,1,9,0,18,0,2,0,0,0,0,1,1,6,1,49,8,1461,2,2,6,1,6
2018160326463,1,9,0,18,0,0,0,0,0,0,2,1,6,1,61,9,-1,-1,-1,3,1,3
2018160326463,2,9,0,18,0,0,0,0,0,0,2,1,6,1,39,7,2184,2,9,1,1,1
2018160326463,3,9,0,18,0,0,0,0,0,0,1,1,6,2,48,8,1587,1,11,-1,-1,-1
2018160326487,1,9,0,18,0,0,1,0,0,0,4,1,6,1,33,6,1984,1,1,1,1,1
2018160326487,2,9,0,18,0,0,0,0,0,0,1,1,5,1,54,8,-1,-1,-1,-1,-1,-1
2018160326513,1,9,0,17,0,0,0,10,7,0,1,1,5,2,48,8,1998,1,17,1,3,1
2018160326515,1,9,0,18,0,0,1,0,1,7,1,1,5,1,20,4,1240,1,12,9,3,9
2018160326528,1,9,0,3,0,1,0,0,0,0,2,1,6,1,19,4,1229,1,11,5,1,5
2018160326528,2,9,0,18,0,1,1,0,0,0,1,1,6,3,-1,-1,-1,-1,-1,-1,-1,-1
2018160326551,1,9,0,9,0,5,0,0,0,0,1,1,6,2,48,8,1596,1,9,6,3,6
2018160326551,2,9,0,18,0,8,0,0,0,0,1,1,5,1,34,6,1984,1,2,3,1,3
2018160326587,1,9,0,16,0,0,1,0,7,3,1,1,5,2,46,8,1399,1,-1,3,1,3
2018160326594,1,11,0,5,0,1,0,0,0,0,0,1,1,1,53,8,9360,2,10,5,2,5
2018160326616,1,9,0,7,0,0,2,0,1,0,4,1,6,1,-1,-1,1998,2,12,6,1,6
2018160326653,1,8,0,4,0,1,0,0,0,0,2,1,1,1,57,9,1560,2,4,6,1,6
2018160326653,2,9,0,18,0,1,0,0,0,0,1,1,5,2,40,7,1388,1,12,5,1,5
2018160326653,3,9,0,18,0,1,0,0,0,0,1,1,2,2,59,9,1242,1,13,3,1,3
2018160326659,1,9,0,18,0,0,0,0,0,0,3,1,6,1,58,9,-1,-1,-1,9,3,9
2018160326659,2,98,0,18,0,0,0,0,0,0,4,1,1,3,-1,-1,-1,-1,-1,-1,-1,-1
2018160326687,1,9,0,18,0,0,0,0,0,0,1,1,6,2,-1,-1,1364,2,6,-1,-1,-1
2018160326687,2,9,0,18,0,0,0,0,0,0,2,1,6,2,30,6,1197,1,7,8,1,8
2018160326687,3,9,0,18,0,0,0,0,0,0,2,1,6,2,-1,-1,1124,1,18,-1,-1,-1
2018160326697,1,1,0,18,0,0,0,0,0,0,0,1,6,1,56,9,-1,-1,-1,1,1,1
2018160326720,1,11,0,9,0,1,0,0,0,0,2,1,1,3,-1,-1,-1,-1,-1,-1,-1,-1
2018160326726,1,9,0,1,0,1,0,0,0,0,2,1,6,1,29,6,1995,2,10,9,1,9
2018160326726,2,11,0,18,0,1,0,0,0,0,1,1,1,1,37,7,6871,2,8,8,1,8
2018160326766,1,9,0,18,0,4,0,0,0,0,1,1,6,2,80,11,1248,2,13,8,3,8
2018160326766,2,1,0,18,0,8,0,0,0,0,1,1,6,1,42,7,-1,-1,-1,10,2,10
2018160327475,1,9,0,18,0,0,0,0,0,0,1,1,5,1,41,7,1753,2,9,1,1,1
2018160327475,2,1,0,18,0,0,0,0,0,0,4,1,5,1,30,6,-1,-1,-1,1,1,1
2018160327475,3,9,0,2,0,0,0,0,0,0,4,1,5,2,35,6,1242,1,7,-1,-1,-1
2018160327588,1,9,0,1,0,1,0,0,0,0,2,1,6,3,-1,-1,-1,-1,-1,-1,-1,-1
2018160327602,1,9,0,18,0,0,0,0,0,0,1,1,6,3,-1,-1,-1,-1,-1,-1,-1,-1
2018160327602,2,97,0,18,0,0,0,0,0,0,2,1,6,1,24,5,-1,-1,-1,1,1,1
2018160327620,1,9,0,18,0,0,0,0,0,0,1,1,6,2,36,7,1124,1,11,3,1,3
2018160327620,2,9,0,3,0,0,0,0,0,0,2,1,6,2,49,8,2143,2,1,8,1,8
2018160327622,1,9,0,9,0,1,0,0,0,0,1,1,6,3,-1,-1,-1,-1,-1,-1,-1,-1
2018160327622,2,1,0,18,0,6,0,0,0,0,1,1,2,2,58,9,-1,-1,-1,1,1,1
2018160327671,1,9,0,2,0,0,0,0,0,0,1,1,6,2,29,6,2497,2,21,1,1,1
2018160327671,2,9,0,1,0,0,0,0,0,0,2,1,6,2,55,8,1242,1,4,6,1,6
2018160327688,1,11,0,5,0,0,0,0,0,0,0,1,1,1,32,6,4461,2,4,1,1,1
2018160327691,1,9,0,1,0,0,0,0,0,0,2,1,6,1,70,10,1200,1,2,5,1,5
2018160327695,1,1,0,18,0,1,0,0,0,0,4,1,6,2,56,9,-1,-1,-1,3,1,3
2018160327695,2,9,0,4,0,1,0,0,0,0,1,1,6,2,54,8,1499,1,1,5,1,5
2018160327777,1,9,0,3,0,1,0,0,0,0,2,1,6,2,19,4,998,1,9,1,1,1
2018160327777,2,9,0,18,0,1,0,0,0,0,1,1,6,2,21,5,1560,2,4,4,1,4
2018160327779,1,9,0,18,0,0,0,10,7,2,3,1,6,1,23,5,1398,1,5,8,2,8
2018160327780,1,9,0,18,0,1,0,0,0,0,1,1,6,1,41,7,1596,1,15,7,-1,7
2018160327780,2,9,0,3,0,1,0,0,0,0,2,1,6,2,20,4,1422,2,16,7,3,7
2018160327781,1,11,0,18,0,0,0,4,0,0,1,1,1,1,57,9,6871,2,9,-1,-1,-1
2018160327781,2,9,0,2,0,0,0,0,0,0,2,1,6,1,43,7,1198,1,4,1,1,1
2018160327833,1,9,0,18,0,1,0,0,0,0,1,1,6,2,39,7,1685,2,2,5,1,5
2018160327833,2,9,0,3,0,1,0,0,0,0,2,1,6,2,55,8,1296,1,10,10,2,10
2018160327841,1,9,0,9,0,6,0,0,0,0,3,1,6,2,44,7,1560,2,8,6,3,6
2018160327890,1,8,0,18,0,8,0,0,0,0,3,1,3,2,54,8,1560,2,8,1,1,1
2018160327890,2,9,0,5,0,8,0,0,0,0,1,1,5,1,55,8,1798,8,1,10,1,10
2018160327926,1,9,0,18,0,0,0,0,0,0,1,1,3,2,36,7,1598,1,5,6,2,6
2018160327926,2,1,0,18,0,0,0,0,0,0,1,1,4,1,14,3,-1,-1,-1,-1,-1,-1
2018160327970,1,9,0,9,0,1,0,0,0,0,4,1,6,2,39,7,1422,2,4,6,-1,6
2018160327970,2,1,0,18,9,8,0,0,0,0,1,1,5,1,60,9,-1,-1,-1,8,1,8
2018160328105,1,20,1,11,0,0,0,0,0,0,4,1,1,1,48,8,-1,-1,-1,-1,-1,-1
2018160328105,2,9,-1,18,0,0,0,0,0,0,3,1,6,1,45,7,1968,2,3,9,2,9
2018160328112,1,9,0,1,0,6,0,0,0,0,4,1,6,2,35,6,998,1,13,-1,-1,-1
2018160328132,1,9,0,7,0,6,0,0,0,0,3,1,6,3,36,7,-1,-1,-1,-1,-1,-1
2018160328132,2,1,0,18,0,1,0,0,0,0,1,1,6,2,17,4,-1,-1,-1,1,1,1
2018160328147,1,8,0,4,0,0,0,0,0,0,2,1,1,1,64,9,1364,2,3,6,1,6
2018160328147,2,1,0,18,0,0,0,0,0,0,1,1,6,2,27,6,-1,-1,-1,1,1,1
2018160328184,1,9,0,9,0,6,0,0,0,0,3,1,6,1,20,4,1596,1,12,-1,-1,-1
2018160328184,2,9,0,18,0,1,0,0,0,0,1,1,6,1,45,7,1968,2,3,8,1,8
2018160328207,1,9,0,18,0,0,0,0,0,0,3,1,6,3,39,7,-1,-1,-1,-1,-1,-1
2018160328235,1,9,0,4,0,0,0,0,0,0,2,1,6,2,25,5,1598,2,-1,1,1,1
2018160328235,2,98,0,18,0,0,0,0,0,0,1,1,6,1,-1,-1,-1,-1,-1,-1,-1,-1
2018160328249,1,9,0,18,0,0,0,0,0,0,4,1,6,2,26,6,1388,1,15,3,1,3
2018160328293,1,9,0,18,0,1,0,0,0,0,1,1,5,1,71,10,1398,1,8,9,1,9
2018160328293,2,9,0,2,0,1,0,0,0,0,3,1,6,1,26,6,1969,2,1,-1,-1,-1
2018160328317,1,9,0,9,0,1,0,0,0,0,4,1,6,2,51,8,2494,8,2,2,1,2
2018160328317,2,19,0,18,0,1,0,0,0,0,1,1,6,1,52,8,2198,2,5,-1,-1,-1
2018160328335,1,19,0,13,0,0,0,0,0,0,1,1,6,3,28,6,1868,2,15,-1,-1,-1
2018160328335,2,9,0,18,0,0,0,0,0,0,3,1,6,1,56,9,1910,2,10,1,1,1
2018160328346,1,9,0,9,0,6,0,0,0,0,3,1,6,1,31,6,1995,2,11,7,2,7
2018160328346,2,1,0,18,0,1,0,0,0,0,1,1,6,1,14,3,-1,-1,-1,4,1,4
2018160328398,1,1,0,18,0,1,0,0,0,0,2,1,6,1,13,3,-1,-1,-1,5,1,5
2018160328398,2,9,0,18,0,1,0,0,0,0,1,1,6,3,-1,-1,-1,-1,-1,-1,-1,-1
2018160328637,1,8,0,18,0,0,0,0,0,0,1,1,1,3,-1,-1,-1,-1,-1,-1,-1,-1
2018160328637,2,1,0,18,0,0,0,0,0,0,2,1,6,1,9,2,-1,-1,-1,1,1,1
2018160328951,1,9,0,18,0,0,0,0,0,0,1,1,6,3,-1,-1,1248,2,10,-1,-1,-1
2018160328951,2,9,0,3,0,0,0,0,0,0,2,1,6,2,19,4,1242,1,15,2,2,2
2018160328954,1,9,0,3,0,1,0,12,0,0,2,1,6,2,33,6,1968,2,4,9,1,9
2018160328954,2,9,0,18,0,1,0,12,0,0,1,1,6,1,35,6,1149,1,17,3,2,3
2018160328983,1,9,0,13,0,0,0,0,0,0,0,1,6,3,-1,-1,-1,-1,-1,-1,-1,-1
2018160328983,2,9,0,17,0,0,5,0,1,10,1,1,6,1,28,6,1896,2,16,9,2,9
2018160328983,3,9,0,17,0,0,0,0,0,0,1,1,6,3,-1,-1,1968,2,13,-1,-1,-1
2018160328988,1,9,0,18,0,2,1,0,1,10,3,1,1,1,58,9,2179,2,6,10,3,10
2018160328988,2,9,0,17,0,8,0,0,0,0,3,1,5,2,26,6,1796,1,10,4,3,4
2018160329012,1,98,0,12,0,0,0,0,0,0,3,1,6,1,48,8,-1,-1,-1,-1,-1,-1
2018160329012,2,9,0,18,0,0,0,0,0,0,4,1,6,1,27,6,1968,2,10,1,1,1