Accident_Index,Vehicle_Reference,Vehicle_Type,Towing_and_Articulation,Vehicle_Manoeuvre,Vehicle_Location-Restricted_Lane,Junction_Location,Skidding_and_Overturning,Hit_Object_in_Carriageway,Vehicle_Leaving_Carriageway,Hit_Object_off_Carriageway,1st_Point_of_Impact,Was_Vehicle_Left_Hand_Drive?,Journey_Purpose_of_Driver,Sex_of_Driver,Age_of_Driver,Age_Band_of_Driver,Engine_Capacity_(CC),Propulsion_Code,Age_of_Vehicle,Driver_IMD_Decile,Driver_Home_Area_Type,Vehicle_IMD_Decile
2018160329031,1,5,0,14,-1,0,0,0,0,0,3,1,6,1,26,6,1157,1,21,5,-1,5
2018160329109,1,9,0,9,0,1,0,0,0,0,1,1,5,1,50,8,1999,1,15,-1,-1,-1
2018160329109,2,3,0,18,0,2,0,0,1,0,3,1,5,1,57,9,125,1,8,-1,-1,-1
2018160329458,1,9,0,18,0,0,0,0,0,0,4,1,6,1,31,6,2987,2,4,3,1,3
2018160329829,1,1,0,18,0,0,0,0,0,0,2,1,6,1,61,9,-1,-1,-1,3,1,3
2018160329829,2,9,0,18,0,0,0,0,0,0,1,1,6,3,-1,-1,1998,1,2,-1,-1,-1
2018160330238,1,9,0,18,0,0,0,0,0,0,2,1,1,1,58,9,1248,2,4,5,2,5
2018160330238,2,9,0,18,0,0,0,0,0,0,1,1,2,1,20,4,1560,2,4,5,3,5
2018160330263,1,9,0,9,0,1,0,0,0,0,1,1,1,1,87,11,1598,1,16,5,1,5
2018160330263,2,9,0,18,0,1,0,0,0,0,3,1,1,2,47,8,1995,2,-1,8,1,8
2018160330288,1,9,0,18,0,1,0,4,0,0,1,1,5,1,25,5,1590,1,16,-1,-1,-1
2018160330288,2,9,0,2,0,2,0,0,0,0,2,1,6,3,35,6,1298,1,17,-1,-1,-1
2018160330288,3,9,0,2,0,2,0,0,0,0,2,1,5,3,35,6,1399,2,9,-1,-1,-1
2018160330288,4,9,0,2,0,2,0,0,0,0,2,1,5,3,35,6,2776,2,12,-1,-1,-1
2018160330288,5,9,0,2,0,2,0,0,0,0,1,1,6,1,71,10,999,1,3,9,1,9
2018160330317,1,9,0,18,0,1,0,0,0,0,1,1,6,1,18,4,1995,2,14,8,1,8
2018160330317,2,9,0,18,0,1,0,0,0,0,1,1,6,1,72,10,998,1,3,3,1,3
2018160330432,1,9,0,13,0,0,1,0,4,0,1,1,5,1,32,6,2993,2,8,4,1,4
2018160330439,1,9,0,18,0,1,0,4,0,0,1,1,6,1,30,6,1598,1,12,1,1,1
2018160330439,2,9,0,2,0,2,0,0,0,0,2,1,6,3,-1,-1,1598,2,5,-1,-1,-1
2018160330448,1,5,0,17,0,0,2,0,1,0,1,1,5,1,43,7,690,1,2,-1,-1,-1
2018160330448,2,9,0,16,0,0,0,0,0,0,3,1,5,1,67,10,1398,1,2,7,1,7
2018160330479,1,9,0,17,0,0,2,10,7,0,3,1,5,1,24,5,999,1,4,8,2,8
2018160330484,1,5,0,17,0,1,1,10,2,1,1,1,6,1,28,6,599,1,18,3,3,3
2018160330520,1,9,0,18,0,0,2,10,7,2,1,1,5,1,41,7,1997,2,12,1,1,1
2018160331235,1,9,0,16,0,0,0,0,7,0,3,1,5,1,18,4,1364,1,13,4,1,4
2018160331235,2,9,0,17,0,0,0,0,0,0,3,1,6,2,55,8,1596,1,12,3,1,3
2018160331239,1,8,0,18,0,0,0,4,0,0,1,1,1,1,52,8,-1,-1,-1,-1,-1,-1
2018160331239,2,9,0,2,0,0,0,0,0,0,2,1,5,3,42,7,1461,2,11,-1,-1,-1
2018160331375,1,11,0,18,0,1,0,0,0,0,4,1,1,1,62,9,7300,2,13,6,1,6
2018160331375,2,1,0,18,0,1,0,0,0,0,1,1,6,1,-1,-1,-1,-1,-1,-1,-1,-1
2018160331410,1,5,0,14,0,1,1,0,0,0,3,1,5,1,60,9,998,1,13,4,1,4
2018160331438,1,9,0,18,0,0,0,0,0,0,1,1,1,1,31,6,1595,1,3,7,1,7
2018160331438,2,9,0,4,0,0,0,0,0,0,2,1,2,1,55,8,1598,1,4,3,1,3
2018160331438,3,9,0,18,0,0,0,0,0,0,2,1,2,1,19,4,998,1,14,1,1,1
2018160331438,4,9,0,4,0,0,0,0,0,0,2,1,1,1,44,7,1995,2,8,-1,-1,-1
2018160331482,1,9,0,14,0,0,0,0,0,0,1,1,5,1,35,6,1753,2,11,7,2,7
2018160331482,2,9,0,18,0,0,0,0,0,0,1,1,5,2,42,7,1997,2,8,10,1,10
2018160331516,1,9,0,18,0,2,1,0,1,0,3,1,6,1,40,7,1124,1,16,2,1,2
2018160331535,1,9,0,11,0,0,0,0,0,0,1,1,1,2,50,8,1499,2,1,9,1,9
2018160331535,2,1,0,18,0,0,0,0,0,0,3,1,6,1,53,8,-1,-1,-1,1,1,1
2018160331536,1,11,0,2,0,0,0,0,0,0,3,1,1,1,42,7,6700,2,2,1,1,1
2018160331536,2,9,0,18,0,0,0,0,0,0,1,1,6,2,21,5,1248,2,7,4,1,4
2018160331540,1,1,0,5,0,6,0,0,0,0,1,1,6,3,14,3,-1,-1,-1,-1,-1,-1
2018160331540,2,3,0,18,0,8,0,0,0,0,1,1,6,1,52,8,124,1,3,1,2,1
2018160331544,1,9,0,5,0,6,0,0,0,0,3,1,6,1,48,8,1969,2,1,4,1,4
2018160331544,2,1,0,12,0,6,0,0,0,0,1,1,6,1,8,2,-1,-1,-1,4,1,4
2018160331550,1,9,0,2,0,0,0,0,0,0,3,1,6,2,57,9,1360,1,16,5,1,5
2018160331550,2,1,0,14,0,0,0,0,0,0,1,1,6,1,31,6,-1,-1,-1,-1,-1,-1
2018160331552,1,9,0,10,0,2,0,0,0,0,1,1,6,1,24,5,1242,1,8,8,1,8
2018160331552,2,9,0,18,0,1,5,0,0,0,1,1,6,1,20,4,1242,1,5,6,1,6
2018160331555,1,98,0,12,0,0,0,0,0,0,1,1,1,1,45,7,-1,-1,-1,-1,-1,-1
2018160331555,2,9,0,18,0,0,0,0,0,0,4,1,6,2,47,8,-1,-1,-1,7,1,7
2018160331655,1,9,0,7,0,4,0,10,4,0,2,1,5,2,91,11,-1,-1,-1,9,2,9
2018160331656,1,4,0,13,0,1,0,0,0,0,1,1,6,1,-1,-1,400,1,9,-1,-1,-1
2018160331656,2,9,0,9,0,1,0,0,0,0,1,1,5,1,35,6,1598,2,1,4,1,4
2018160331658,1,5,0,17,0,1,1,0,0,0,1,1,6,1,50,8,649,1,1,6,1,6
2018160331658,2,17,0,5,0,2,0,0,0,0,3,1,1,1,20,4,-1,-1,-1,4,3,4
2018160331662,1,9,0,18,0,1,0,0,0,0,1,1,1,1,55,8,1496,2,4,5,3,5
2018160331662,2,9,0,3,0,1,0,0,0,0,2,1,5,2,25,5,1229,1,12,4,2,4
2018160331662,3,9,0,18,0,1,0,0,0,0,0,1,6,3,-1,-1,-1,-1,-1,-1,-1,-1
2018160331749,1,9,0,18,0,0,0,0,0,0,1,1,6,1,43,7,1596,1,11,1,1,1
2018160331758,1,98,0,12,0,1,0,0,0,0,0,1,6,1,-1,-1,-1,-1,-1,-1,-1,-1
2018160331758,2,9,0,18,0,1,0,0,0,0,0,1,6,1,47,8,1596,1,12,1,1,1
2018160331802,1,9,0,18,0,1,0,0,0,0,1,1,6,3,-1,-1,-1,-1,-1,-1,-1,-1
2018160331802,2,9,0,18,0,1,0,0,0,0,2,1,6,1,21,5,998,1,9,7,1,7
2018160331819,1,9,0,18,0,1,0,0,0,0,0,1,6,1,28,6,1582,2,-1,3,1,3
2018160331819,2,1,0,18,0,1,1,0,0,0,0,1,5,1,40,7,-1,-1,-1,9,1,9
2018160331819,3,1,0,18,0,1,2,0,0,0,1,1,5,1,41,7,-1,-1,-1,-1,-1,-1
2018160332078,1,9,0,18,0,0,0,0,0,0,1,1,6,2,29,6,1349,1,8,-1,-1,-1
2018160332221,1,8,0,7,0,5,0,0,0,0,1,1,1,1,54,8,1956,2,7,10,2,10
2018160332303,1,9,0,18,0,4,0,0,0,0,1,1,6,2,32,6,1598,1,8,10,1,10
2018160332303,2,1,0,18,0,8,0,0,0,0,1,1,6,2,39,7,-1,-1,-1,1,1,1
2018160332431,1,9,0,2,0,0,0,0,0,0,3,1,6,1,34,6,1995,1,12,5,1,5
2018160332431,2,1,0,14,0,0,0,0,0,0,1,1,6,1,24,5,-1,-1,-1,4,1,4
2018160332726,1,9,0,18,0,0,0,0,0,0,3,1,2,1,33,6,1598,2,1,3,1,3
2018160332757,1,9,0,18,0,0,0,10,1,0,1,1,5,2,68,10,1498,1,-1,10,3,10
2018160332790,1,9,0,18,0,0,0,0,0,0,1,1,5,2,32,6,1587,1,15,1,1,1
2018160332790,2,1,0,12,0,0,0,0,0,0,2,1,5,1,27,6,-1,-1,-1,1,1,1
2018160332812,1,3,0,18,0,0,2,0,0,0,1,1,6,1,30,6,125,1,4,1,1,1
2018160332827,1,9,0,3,0,0,0,0,0,0,2,1,6,2,45,7,1596,1,9,4,1,4
2018160332827,2,9,0,3,0,0,0,0,0,0,2,1,6,1,26,6,1796,1,10,8,1,8
2018160332827,3,9,0,3,0,0,0,0,0,0,2,1,6,2,47,8,1229,1,2,10,3,10
2018160332827,4,9,0,4,0,0,0,0,0,0,1,1,6,1,18,4,999,1,-1,2,1,2
2018160332862,1,9,0,18,0,1,0,0,0,0,4,1,2,2,26,6,1461,2,4,1,1,1
2018160332896,1,9,0,18,0,0,0,0,0,0,3,1,6,3,-1,-1,1994,2,15,-1,-1,-1
2018160332896,2,9,0,18,0,0,0,0,0,0,4,1,6,1,24,5,1796,1,19,8,1,8
2018160333001,1,9,0,13,0,8,0,0,0,0,0,1,6,3,-1,-1,898,1,4,-1,-1,-1
2018160333001,2,11,0,9,0,5,0,0,0,0,0,1,1,1,51,8,4500,2,11,7,1,7
2018160333034,1,9,0,5,0,0,0,0,0,0,1,1,6,1,30,6,-1,-1,-1,1,1,1
2018160333034,2,1,0,18,0,0,0,0,0,0,3,1,6,1,47,8,-1,-1,-1,-1,-1,-1
2018160333042,1,9,0,9,0,6,0,0,0,0,1,1,6,1,25,5,1388,1,16,-1,-1,-1
2018160333042,2,9,0,18,0,1,0,0,0,0,1,1,5,1,58,9,1461,2,3,6,1,6
2018160333187,1,9,0,18,0,0,0,0,0,0,1,1,6,3,-1,-1,-1,-1,-1,-1,-1,-1
2018160333266,1,9,0,17,0,0,0,0,0,0,1,1,6,2,47,8,998,1,-1,4,1,4
2018160333266,2,9,0,16,0,0,0,0,0,0,1,1,6,3,50,8,1149,1,11,10,3,10
2018160333272,1,1,0,7,0,1,0,0,0,0,1,1,6,1,35,6,-1,-1,-1,8,-1,8
2018160333272,2,9,0,18,0,1,0,0,0,0,2,1,6,1,23,5,1461,2,4,1,1,1
2018160333374,1,9,0,17,0,0,2,0,7,0,1,1,2,1,52,8,1995,1,15,3,1,3
2018160333376,1,9,0,16,0,0,1,0,7,9,0,1,5,2,26,6,1242,1,5,10,1,10
2018160333378,1,9,0,9,0,1,0,0,0,0,3,1,6,2,62,9,1997,2,8,5,1,5
2018160333378,2,9,0,18,0,1,1,0,0,0,1,1,6,1,23,5,2143,2,5,7,1,7
2018160333392,1,11,0,5,0,0,0,10,7,0,1,1,1,1,29,6,7300,2,16,1,1,1
2018160333392,2,19,0,5,0,0,0,0,0,0,1,1,1,2,37,7,2287,2,8,3,1,3
2018160333397,1,9,0,18,0,1,0,0,0,0,1,1,6,1,38,7,1998,1,2,-1,-1,-1
2018160333397,2,9,0,18,0,8,0,0,0,0,4,1,6,1,41,7,1388,1,8,-1,-1,-1
2018160333418,1,9,0,18,0,1,0,0,0,0,1,1,5,1,22,5,1390,1,12,2,1,2
2018160333418,2,9,0,18,0,1,0,0,0,0,2,1,6,2,49,8,1461,2,12,10,1,10
2018160333438,1,9,0,18,0,0,1,10,1,0,0,1,5,2,55,8,1397,1,11,8,1,8
2018160333464,1,9,0,17,0,0,2,10,2,2,1,1,6,1,26,6,1685,2,3,5,2,5
2018160333468,1,9,0,5,0,1,0,0,0,0,2,1,6,1,72,10,1560,2,13,6,1,6
2018160333468,2,2,0,18,0,1,0,0,0,0,1,1,6,2,16,4,49,1,3,6,3,6
2018160333491,1,5,0,18,0,4,2,10,3,0,0,1,5,1,23,5,937,1,23,3,1,3
2018160333523,1,9,0,9,0,1,0,0,0,0,1,1,5,2,23,5,1390,1,9,8,2,8
2018160333523,2,3,0,18,0,1,1,0,0,0,1,1,6,1,28,6,124,1,7,-1,-1,-1
2018160333535,1,9,0,7,0,6,0,0,0,0,1,1,2,2,31,6,1686,2,8,10,1,10
2018160333535,2,9,0,18,0,8,0,0,0,0,4,1,2,2,61,9,1598,1,3,8,1,8
2018160333536,1,3,0,9,0,8,0,0,0,0,1,1,2,1,17,4,125,1,8,5,3,5
2018160333536,2,19,0,18,0,8,0,0,0,0,1,1,1,1,-1,-1,2198,2,6,-1,-1,-1
2018160333582,1,98,0,11,0,8,0,0,0,0,1,1,5,1,56,9,-1,-1,-1,6,3,6
2018160333582,2,9,0,13,0,8,0,0,0,0,4,1,6,2,62,9,1998,1,1,10,3,10
2018160333591,1,3,0,13,0,0,0,0,0,0,1,1,1,1,32,6,124,1,8,2,1,2
2018160333591,2,9,0,18,0,0,0,0,0,0,1,1,1,1,60,9,1461,2,4,7,1,7
2018160333591,3,19,0,18,0,0,0,0,0,0,3,1,1,1,32,6,2299,2,-1,2,1,2
2018160333615,1,21,0,18,0,3,5,10,1,0,1,1,5,1,41,7,12900,2,6,9,1,9
2018160333665,1,19,0,18,0,2,0,0,0,0,4,1,5,1,33,6,1598,2,11,1,1,1
2018160333807,1,9,0,18,0,0,0,0,0,0,1,1,6,3,16,4,-1,-1,-1,-1,-1,-1
2018160333807,2,1,0,18,0,0,0,0,0,0,3,1,4,2,12,3,-1,-1,-1,-1,-1,-1
2018160333858,1,97,0,18,0,0,1,0,0,0,1,1,6,2,45,7,-1,-1,-1,8,2,8
2018160333876,1,21,0,18,0,3,5,0,0,0,4,1,2,1,53,8,10837,2,2,1,1,1
2018160333921,1,9,0,18,0,0,0,0,0,0,4,1,6,2,53,8,1198,1,5,4,2,4
2018160333922,1,9,0,11,0,0,0,0,0,0,4,1,5,2,19,4,1242,1,8,3,1,3
2018160333922,2,9,0,18,0,0,0,7,1,10,1,1,5,1,33,6,1910,2,10,1,1,1
2018160333967,1,9,0,18,0,0,0,0,0,0,1,1,2,1,39,7,1560,2,13,2,1,2
2018160333967,2,1,0,18,0,0,0,0,0,0,2,1,2,1,32,6,-1,-1,-1,2,1,2
2018160333969,1,21,0,12,0,1,0,0,0,0,3,1,6,1,34,6,12419,2,2,-1,-1,-1
2018160333969,2,9,0,18,0,1,0,0,0,0,4,1,6,1,32,6,2143,2,2,9,2,9
2018160334104,1,9,0,5,0,4,0,0,0,0,1,1,5,2,23,5,1999,2,2,10,3,10
2018160334104,2,9,0,18,0,8,0,0,0,0,4,1,5,2,21,5,1968,2,4,8,1,8
2018160334133,1,1,0,18,0,3,0,0,0,0,3,1,1,1,51,8,-1,-1,-1,10,1,10
2018160334133,2,9,0,18,0,4,0,0,0,0,2,1,6,1,23,5,-1,-1,-1,1,1,1
2018160334136,1,2,0,18,0,3,1,0,0,0,0,1,5,1,17,4,50,1,1,8,2,8
2018160334172,1,9,0,16,0,0,2,0,1,0,1,1,5,2,18,4,998,1,11,7,3,7
2018160334203,1,9,0,18,0,0,0,0,0,0,4,1,2,1,39,7,1499,1,8,4,1,4
2018160334203,2,1,0,5,0,0,0,0,0,0,1,1,5,2,24,5,-1,-1,-1,1,1,1
2018160334268,1,1,0,18,0,0,0,0,0,0,1,1,6,1,18,4,-1,-1,-1,3,3,3
2018160334268,2,9,0,18,0,0,0,0,0,0,1,1,5,2,19,4,1229,1,4,7,1,7
2018160334324,1,9,0,18,0,0,5,0,7,10,1,1,2,1,65,9,2776,2,15,7,3,7
2018160334325,1,9,0,18,0,0,0,0,0,0,4,1,5,1,31,6,2987,2,4,3,1,3
2018160334393,1,9,0,18,0,3,0,0,0,0,1,1,1,1,54,8,1582,2,3,8,1,8
2018160334393,2,1,0,18,0,3,1,0,0,0,1,1,2,1,46,8,-1,-1,-1,2,1,2
2018160334402,1,9,0,17,0,0,1,0,0,0,1,1,5,1,33,6,1598,2,2,1,1,1
2018160334402,2,9,0,17,0,0,0,0,0,0,2,1,5,1,54,8,1591,1,-1,5,1,5
2018160334462,1,9,0,18,0,1,0,0,0,0,1,1,6,3,-1,-1,1870,2,8,-1,-1,-1
2018160334462,2,9,0,3,0,1,0,0,0,0,2,1,6,1,55,8,1968,2,1,5,1,5
2018160334552,1,9,0,13,2,0,0,0,0,0,4,1,6,1,35,6,1499,2,2,7,1,7
2018160334552,2,1,0,18,2,0,0,0,0,0,3,1,6,1,21,5,-1,-1,-1,1,1,1
2018160334641,1,9,0,9,0,5,0,0,0,0,4,1,5,1,52,8,1896,2,9,-1,-1,-1
2018160334641,2,9,0,18,0,1,0,0,0,0,1,1,6,3,-1,-1,1796,1,16,-1,-1,-1
2018160334720,1,9,0,18,0,1,0,0,0,0,4,1,6,1,45,7,-1,-1,-1,-1,-1,-1
2018160334751,1,9,0,18,0,0,0,0,0,0,0,1,6,1,44,7,1997,2,4,9,2,9
2018160334835,1,9,0,7,0,0,0,0,0,0,1,1,5,1,50,8,2987,2,4,1,1,1
2018160334835,2,1,0,18,0,0,0,0,0,0,1,1,6,2,35,6,-1,-1,-1,10,1,10
2018160334875,1,5,0,16,0,0,0,0,0,0,3,1,5,1,40,7,892,1,23,3,1,3
2018160334875,2,9,0,17,0,0,0,0,1,0,3,1,5,1,54,8,-1,-1,-1,4,3,4
2018160334899,1,9,0,5,0,0,0,0,0,0,1,1,6,1,27,6,1798,8,-1,1,1,1
2018160334899,2,3,0,18,0,0,0,0,0,0,0,1,6,1,32,6,-1,-1,-1,2,1,2
2018160334999,1,1,0,18,0,0,0,0,0,0,3,1,5,1,42,7,-1,-1,-1,-1,-1,-1
2018160334999,2,9,0,1,0,0,0,0,0,0,2,1,5,1,46,8,1560,2,11,1,1,1
2018160335002,1,9,0,18,0,3,0,0,0,0,2,1,2,1,63,9,1560,2,7,7,3,7
2018160335002,2,10,0,18,0,3,0,0,0,0,1,1,1,1,58,9,2198,2,-1,7,2,7
2018160335004,1,9,0,11,0,4,0,7,0,0,1,1,5,1,89,11,1984,1,16,4,1,4
2018160335004,2,19,0,3,0,4,0,0,0,0,3,1,5,1,34,6,2198,2,3,5,1,5
2018160335004,3,9,0,3,0,4,0,0,0,0,2,1,5,2,64,9,1388,1,7,4,1,4
2018160335032,1,9,0,18,0,0,0,0,0,0,1,1,5,2,19,4,1248,1,8,8,3,8
2018160335032,2,9,0,4,0,0,0,0,0,0,2,1,5,1,64,9,1999,2,-1,6,1,6
2018160335032,3,9,0,4,0,0,0,0,0,0,2,1,5,2,51,8,1399,1,-1,9,1,9
2018160335032,4,9,0,4,0,0,0,0,0,0,2,1,5,1,35,6,1998,1,11,10,2,10
2018160335081,1,9,0,4,0,0,0,0,0,0,2,1,5,2,32,6,1968,2,3,7,1,7
2018160335081,2,9,0,4,0,0,0,0,0,0,2,1,5,2,46,8,1242,1,14,3,3,3
2018160335081,3,9,0,18,0,0,0,0,0,0,1,1,6,3,-1,-1,1896,2,14,-1,-1,-1
2018160335109,1,9,0,18,0,4,0,0,0,0,1,1,6,1,50,8,1796,1,8,7,2,7
2018160335156,1,9,0,9,0,6,0,0,0,0,1,1,2,1,29,6,998,1,5,9,1,9
2018160335156,2,5,0,9,0,6,0,0,0,0,4,1,5,1,75,10,750,1,-1,4,2,4
2018160335172,1,17,4,13,0,0,0,0,0,0,4,1,6,3,-1,-1,-1,-1,-1,-1,-1,-1
2018160335172,2,1,0,18,0,0,0,0,1,10,3,1,6,1,53,8,-1,-1,-1,4,3,4
2018160335181,1,9,0,18,0,0,0,0,0,0,1,1,5,1,47,8,1598,1,2,1,1,1
2018160335206,1,9,0,18,0,0,0,0,0,0,1,1,6,1,23,5,1326,1,14,1,1,1
2018160335206,2,8,0,18,0,0,0,0,0,0,1,1,1,1,46,8,2776,2,1,2,1,2
2018160335209,1,9,0,18,0,0,0,0,0,0,1,1,5,2,26,6,2967,2,4,1,1,1
2018160335209,2,19,0,18,0,0,0,0,0,0,2,1,1,1,55,8,2299,2,6,3,1,3
2018160335209,3,9,0,18,0,0,0,0,0,0,2,1,2,1,53,8,2179,2,9,8,3,8
2018160335221,1,9,0,18,0,1,0,0,0,0,1,1,6,2,57,9,1242,1,6,1,1,1
2018160335221,2,9,0,18,0,1,0,0,0,0,1,1,5,1,80,11,1499,1,2,4,1,4
2018160335251,1,9,0,9,0,6,0,0,0,0,1,1,5,1,76,11,1997,1,8,4,2,4
2018160335251,2,19,0,18,0,1,5,0,0,0,1,1,5,1,56,9,1753,2,10,7,1,7
2018160335251,3,9,0,18,0,1,0,0,0,0,1,1,5,2,66,10,998,1,3,6,2,6
2018160335265,1,21,0,5,0,2,0,0,0,0,4,1,1,1,57,9,-1,-1,-1,9,2,9
2018160335493,1,5,0,16,0,0,0,0,7,0,1,1,5,1,55,8,-1,-1,-1,-1,-1,-1
2018160335493,2,9,0,17,0,0,0,0,0,0,1,1,2,1,22,5,1390,1,11,1,2,1
2018160335493,3,5,0,16,0,0,0,0,0,0,0,1,5,1,55,8,-1,-1,-1,-1,-1,-1
2018160335506,1,9,0,16,0,0,5,10,1,0,1,1,6,1,19,4,1242,1,11,9,2,9
2018160335515,1,9,0,5,0,1,0,0,0,0,1,1,1,2,60,9,1461,2,5,7,1,7
2018160335515,2,1,0,18,0,1,0,0,0,0,3,1,6,1,20,4,-1,-1,-1,10,1,10
2018160335590,1,9,0,18,0,0,0,0,0,0,1,1,2,2,22,5,1910,2,12,6,1,6
2018160335590,2,9,0,3,0,0,0,0,0,0,2,1,6,1,22,5,1598,1,11,8,1,8
2018160335609,1,9,0,18,0,8,0,4,0,0,4,1,1,1,22,5,1560,2,2,1,1,1
2018160335609,2,9,0,18,0,8,0,0,0,0,1,1,2,1,63,9,1396,1,9,5,1,5
2018160335609,3,9,0,2,0,2,0,0,0,0,1,1,5,1,39,7,1360,1,11,-1,-1,-1
2018160335609,4,9,0,2,0,2,0,0,0,0,1,1,5,1,56,9,1242,1,3,-1,-1,-1
2018160335609,5,9,0,2,0,2,0,0,0,0,2,1,5,1,31,6,1584,1,13,-1,-1,-1
2018160335613,1,9,0,18,0,1,0,0,0,0,1,1,3,2,48,8,1598,1,11,3,1,3
2018160335627,1,9,0,12,0,1,0,0,0,0,3,1,6,1,62,9,1997,2,10,1,1,1
2018160335627,2,9,0,18,0,1,0,0,0,0,4,1,5,1,35,6,2143,2,4,10,2,10
2018160335644,1,9,0,7,0,0,0,0,0,0,3,1,1,1,19,4,1461,2,8,8,1,8
2018160335644,2,1,0,18,0,0,0,0,0,0,1,1,6,1,22,5,-1,-1,-1,1,1,1
2018160335651,1,9,0,4,0,0,0,0,0,0,2,1,6,1,36,7,2362,1,17,-1,-1,-1
2018160335651,2,9,0,18,0,0,0,0,0,0,1,1,6,2,-1,-1,1598,2,2,-1,-1,-1
2018160335651,3,9,0,18,0,0,0,0,0,0,1,1,6,2,49,8,1499,1,2,9,2,9
2018160335655,1,9,0,18,0,0,0,0,0,0,1,1,5,2,47,8,1968,2,2,1,1,1
2018160335655,2,9,0,2,0,0,0,0,0,0,1,1,5,3,-1,-1,1968,2,12,-1,-1,-1
2018160335686,1,11,0,4,0,0,0,0,0,0,0,1,1,1,27,6,9360,2,8,1,1,1
2018160335808,1,11,0,2,0,0,0,0,0,0,4,1,1,1,38,7,8300,2,12,-1,-1,-1
2018160335813,1,11,0,18,0,1,0,0,0,0,0,1,1,1,42,7,-1,-1,-1,5,1,5
2018160335813,2,3,0,9,0,8,0,0,0,0,0,1,6,1,-1,-1,-1,-1,-1,-1,-1,-1
2018160335829,1,9,0,11,0,1,0,0,0,0,4,1,5,1,30,6,1242,1,10,1,1,1
2018160335829,2,3,0,18,0,1,0,0,0,0,1,1,2,1,38,7,124,1,4,10,1,10
2018160335848,1,9,0,9,0,5,0,0,0,0,1,1,5,2,35,6,1995,2,14,2,1,2
2018160335848,2,9,0,18,0,2,0,0,0,0,1,1,5,1,24,5,999,1,12,7,1,7
2018160335889,1,9,0,5,0,0,0,0,0,0,1,1,6,3,-1,-1,999,1,4,-1,-1,-1
2018160335889,2,9,0,3,0,0,0,0,0,0,2,1,6,1,19,4,999,1,3,1,1,1
2018160335943,1,8,0,3,0,0,0,0,0,0,2,1,6,1,32,6,1998,2,10,-1,-1,-1
2018160335943,2,19,0,18,0,0,0,0,0,0,1,1,6,1,33,6,1968,2,5,8,1,8
2018160335955,1,9,0,18,0,0,0,0,0,0,2,1,6,2,25,5,1968,2,5,7,2,7
2018160335955,2,98,0,18,0,0,0,0,0,0,1,1,6,3,-1,-1,-1,-1,-1,-1,-1,-1
2018160335969,1,9,0,18,0,0,0,0,0,0,3,1,6,1,66,10,1984,1,3,3,1,3
2018160335969,2,9,0,5,0,0,0,0,0,0,3,1,6,1,-1,-1,-1,-1,-1,-1,-1,-1
2018160335985,1,9,0,9,0,6,0,0,0,0,1,1,5,1,76,11,1560,2,4,8,2,8
2018160335985,2,3,0,18,0,8,0,0,0,0,1,1,5,1,27,6,124,1,16,7,3,7
2018160336052,1,9,0,18,0,1,1,0,4,4,1,1,6,1,23,5,998,1,5,7,1,7
2018160336052,2,-1,0,9,0,8,0,0,8,0,0,1,6,3,-1,-1,-1,-1,-1,-1,-1,-1
2018160336053,1,9,0,4,0,0,0,0,0,0,2,1,6,2,56,9,1995,1,13,1,1,1
2018160336053,2,9,0,18,0,0,0,0,0,0,1,1,6,1,52,8,1598,1,14,-1,-1,-1
2018160336056,1,19,0,9,0,0,0,0,0,0,1,1,2,1,43,7,2442,2,1,9,1,9
2018160336056,2,1,0,18,0,0,0,0,0,0,1,1,2,1,16,4,-1,-1,-1,7,1,7
2018160336090,1,9,0,9,0,0,0,0,0,0,1,1,6,2,49,8,1493,2,9,6,2,6
2018160336090,2,9,0,18,0,0,0,0,0,0,1,1,6,2,22,5,999,1,1,5,3,5
2018160336121,1,9,0,18,0,0,1,0,0,0,1,1,6,2,37,7,1242,1,12,4,2,4
2018160336184,1,8,0,18,0,0,0,0,0,0,1,1,1,1,63,9,1598,2,2,3,1,3
2018160336267,1,97,0,18,0,0,0,0,0,0,1,1,6,3,-1,-1,-1,-1,-1,-1,-1,-1
2018160336273,1,9,0,2,0,1,0,0,0,0,3,1,5,1,57,9,1988,1,15,6,2,6
2018160336273,2,1,0,14,0,1,0,8,0,0,1,1,6,1,55,8,-1,-1,-1,1,1,1
2018160336299,1,9,0,5,0,6,0,0,0,0,3,1,6,1,60,9,1339,1,5,5,1,5
2018160336299,2,1,0,18,0,1,0,0,0,0,1,1,2,1,53,8,-1,-1,-1,5,1,5
2018160336358,1,9,0,9,0,4,0,0,0,0,1,1,6,1,35,6,1910,2,13,3,1,3
2018160336358,2,9,0,5,0,4,0,0,0,0,3,1,6,1,11,3,-1,-1,-1,9,1,9
2018160336401,1,19,0,18,0,0,0,0,0,0,4,1,1,1,-1,-1,2143,2,-1,10,1,10
2018160336414,1,9,0,18,0,0,0,10,1,7,1,1,5,1,72,10,1997,1,3,8,1,8
2018160336433,1,9,0,5,0,1,0,10,1,10,1,1,6,1,63,9,1395,1,3,8,2,8
2018160336433,2,9,0,2,0,1,0,0,0,0,2,1,5,3,-1,-1,1995,2,5,-1,-1,-1
2018160336481,1,21,1,17,0,1,5,0,0,0,3,1,1,1,53,8,12419,2,2,-1,-1,-1