Accident_Index,Vehicle_Reference,Vehicle_Type,Towing_and_Articulation,Vehicle_Manoeuvre,Vehicle_Location-Restricted_Lane,Junction_Location,Skidding_and_Overturning,Hit_Object_in_Carriageway,Vehicle_Leaving_Carriageway,Hit_Object_off_Carriageway,1st_Point_of_Impact,Was_Vehicle_Left_Hand_Drive?,Journey_Purpose_of_Driver,Sex_of_Driver,Age_of_Driver,Age_Band_of_Driver,Engine_Capacity_(CC),Propulsion_Code,Age_of_Vehicle,Driver_IMD_Decile,Driver_Home_Area_Type,Vehicle_IMD_Decile
2018160342138,2,1,0,18,0,8,0,0,0,0,1,1,6,1,31,6,-1,-1,-1,1,1,1
2018160342160,1,9,0,14,0,0,0,0,0,0,4,1,5,1,29,6,1598,2,1,2,1,2
2018160342175,1,9,0,9,0,4,0,0,0,0,1,1,5,2,21,5,1242,1,2,9,1,9
2018160342175,2,2,0,18,0,8,0,0,0,0,4,1,5,1,23,5,49,1,7,9,1,9
2018160342190,1,3,0,18,0,0,0,0,0,0,1,1,6,1,36,7,125,1,52,10,1,10
2018160342193,1,9,0,18,0,0,0,0,0,0,3,1,1,2,45,7,-1,-1,-1,9,1,9
2018160342205,1,9,0,18,0,8,0,0,0,0,1,1,2,2,31,6,1598,1,12,8,3,8
2018160342205,2,9,0,9,0,8,0,7,0,0,3,1,2,1,66,10,-1,-1,-1,4,1,4
2018160342208,1,9,0,18,0,0,0,0,0,0,1,1,6,3,-1,-1,1461,2,2,-1,-1,-1
2018160342208,2,9,0,18,0,0,0,0,0,0,2,1,6,2,27,6,1199,1,13,7,3,7
2018160342215,1,22,0,18,0,0,0,0,0,0,1,1,6,1,-1,-1,-1,-1,-1,-1,-1,-1
2018160342302,1,9,0,13,0,1,2,0,7,9,4,1,5,1,87,11,1397,1,10,4,2,4
2018160342302,2,17,0,7,0,5,0,0,0,0,3,1,1,1,33,6,3990,2,-1,5,2,5
2018160342357,1,9,0,9,0,8,0,0,0,0,1,1,6,3,-1,-1,1388,1,10,-1,-1,-1
2018160342357,2,9,0,9,0,8,0,0,0,0,2,1,6,1,54,8,1796,1,12,1,1,1
2018160342373,1,19,0,5,0,0,0,0,0,0,1,1,2,1,31,6,1560,2,2,8,1,8
2018160342373,2,1,0,18,0,0,0,0,0,0,1,1,1,2,54,8,-1,-1,-1,4,1,4
2018160342386,1,9,0,5,0,6,0,0,0,0,1,1,6,3,-1,-1,-1,-1,-1,-1,-1,-1
2018160342386,2,1,0,18,0,8,0,0,0,0,1,1,6,1,13,3,-1,-1,-1,6,1,6
2018160342410,1,9,0,14,0,2,0,0,0,0,1,1,2,1,18,4,1229,1,12,7,1,7
2018160342410,2,9,0,2,0,2,0,0,0,0,3,1,5,2,21,5,998,1,1,-1,-1,-1
2018160342452,1,9,0,9,0,6,0,0,0,0,3,1,5,1,92,11,1598,1,16,6,3,6
2018160342452,2,9,0,18,0,1,0,0,0,0,1,1,1,2,34,6,1197,1,1,8,2,8
2018160342504,1,5,0,18,0,0,0,0,0,0,1,1,5,1,41,7,599,1,11,6,3,6
2018160342504,2,9,0,10,0,0,0,0,0,0,1,1,5,2,30,6,2987,2,4,7,3,7
2018160342532,1,9,0,9,0,1,0,0,0,0,1,1,1,1,53,8,1586,1,2,1,1,1
2018160342563,1,9,0,9,0,6,0,0,0,0,3,1,2,1,19,4,1596,1,9,3,3,3
2018160342563,2,21,0,18,0,1,0,0,0,0,1,1,1,2,23,5,-1,-1,-1,1,1,1
2018160342589,1,9,0,15,0,0,0,0,0,0,2,1,6,2,20,4,-1,-1,-1,-1,-1,-1
2018160342589,2,16,0,18,0,0,0,0,0,0,2,1,6,2,20,4,-1,-1,-1,3,3,3
2018160342696,1,9,0,18,0,0,0,0,0,0,1,1,6,2,46,8,1598,1,3,1,1,1
2018160342705,1,9,0,7,0,5,0,0,0,0,1,1,1,1,45,7,1910,2,12,-1,-1,-1
2018160342763,1,9,0,9,0,6,0,0,0,0,1,1,6,1,24,5,-1,-1,-1,-1,-1,-1
2018160342763,2,9,0,18,0,1,0,0,1,0,4,1,6,1,72,10,1596,1,14,-1,-1,-1
2018160342764,1,9,0,9,0,6,0,0,0,0,3,1,5,1,80,11,1948,1,20,4,1,4
2018160342764,2,3,0,18,0,1,2,0,0,0,1,1,6,1,44,7,125,1,4,1,1,1
2018160343128,1,1,0,18,0,8,0,0,0,0,1,1,6,1,20,4,-1,-1,-1,5,1,5
2018160343128,2,9,0,7,0,6,0,0,0,0,1,1,6,3,-1,-1,-1,-1,-1,-1,-1,-1
2018160343168,1,9,0,18,0,0,0,0,0,0,2,1,6,1,19,4,-1,-1,-1,9,3,9
2018160343199,1,9,0,18,0,0,0,0,0,0,0,1,6,3,-1,-1,-1,-1,-1,-1,-1,-1
2018160343201,1,3,0,18,0,0,0,0,0,0,0,1,6,1,32,6,125,1,3,8,1,8
2018160343201,2,9,0,18,0,0,0,0,0,0,2,1,5,1,71,10,1997,2,11,4,1,4
2018160343210,1,19,0,18,0,2,0,0,0,0,1,1,5,1,45,7,1870,2,13,8,3,8
2018160343210,2,19,0,18,0,2,0,0,0,0,2,1,1,1,49,8,1560,2,1,3,1,3
2018160343210,3,9,0,18,0,2,0,0,0,0,2,1,5,1,40,7,1242,1,8,9,1,9
2018160343225,1,9,0,1,0,0,0,0,0,0,2,1,6,2,58,9,1061,1,13,1,1,1
2018160343225,2,1,0,18,0,0,0,0,0,0,1,1,6,1,25,5,-1,-1,-1,-1,-1,-1
2018160343248,1,9,0,18,1,8,1,0,7,0,4,1,5,1,81,11,3498,1,21,5,3,5
2018160343248,2,9,0,18,0,1,0,0,0,0,1,1,5,1,52,8,1997,1,11,1,1,1
2018160343256,1,9,0,18,0,0,0,0,0,0,1,1,6,2,-1,-1,1398,1,8,5,2,5
2018160343256,2,9,0,18,0,0,0,0,0,0,1,1,6,1,37,7,-1,-1,-1,-1,-1,-1
2018160343272,1,9,0,9,0,5,1,0,0,0,3,1,5,1,38,7,1969,2,1,8,2,8
2018160343272,2,9,0,13,0,8,0,0,0,0,1,1,5,1,60,9,1997,2,9,-1,-1,-1
2018160343283,1,98,0,18,0,0,0,0,0,0,4,1,6,3,-1,-1,-1,-1,-1,-1,-1,-1
2018160343297,1,9,0,18,0,0,0,0,0,0,1,1,6,2,37,7,-1,-1,-1,-1,-1,-1
2018160343297,2,9,0,18,0,0,0,0,0,0,2,1,6,2,29,6,1598,1,10,7,1,7
2018160343312,1,9,0,18,0,8,0,0,0,0,4,1,5,2,17,4,1229,1,9,3,1,3
2018160343312,2,9,0,18,0,1,0,0,0,0,1,1,2,1,32,6,1995,1,12,8,1,8
2018160343317,1,21,1,12,0,0,0,0,0,0,3,2,1,1,40,7,12809,2,4,2,1,2
2018160343317,2,9,0,13,0,0,1,0,1,7,4,1,2,1,40,7,1229,1,6,7,1,7
2018160343327,1,9,0,13,0,0,0,0,0,0,1,1,6,1,35,6,1968,2,7,10,1,10
2018160343327,2,9,0,9,0,0,0,0,0,0,3,1,6,2,52,8,2494,1,14,10,1,10
2018160343360,1,9,0,7,0,5,0,0,0,0,4,1,5,1,-1,-1,2894,1,1,10,1,10
2018160343364,1,19,0,9,0,8,0,0,0,0,4,1,1,1,32,6,1968,2,2,1,1,1
2018160343364,2,1,0,18,0,8,0,0,0,0,1,1,1,1,23,5,-1,-1,-1,6,2,6
2018160343369,1,9,0,18,0,1,0,0,0,0,1,1,6,2,39,7,1360,1,12,1,1,1
2018160343369,2,9,0,18,0,2,0,0,0,0,1,1,6,1,76,11,1598,2,1,4,1,4
2018160343387,1,8,0,9,0,2,0,0,0,0,1,1,1,1,62,9,1997,2,5,4,1,4
2018160343387,2,1,0,10,0,2,0,0,0,0,2,1,6,1,21,5,-1,-1,-1,1,1,1
2018160343460,1,9,0,7,0,6,0,0,0,0,1,1,6,2,43,7,1598,1,4,5,1,5
2018160343460,2,1,0,18,0,8,0,0,0,0,1,1,6,1,38,7,-1,-1,-1,1,1,1
2018160343461,1,11,0,5,2,0,0,0,0,0,0,1,1,1,33,6,6700,2,6,-1,-1,-1
2018160343480,1,9,0,18,0,2,0,0,0,0,2,1,6,1,-1,-1,1399,1,12,1,1,1
2018160343480,2,1,0,18,0,2,0,0,0,0,1,1,6,1,32,6,-1,-1,-1,7,1,7
2018160343495,1,11,0,5,0,0,0,0,0,0,0,1,1,1,47,8,-1,-1,-1,1,1,1
2018160343517,1,97,0,15,0,8,5,0,0,0,1,1,5,1,76,11,-1,-1,-1,3,1,3
2018160343517,2,9,0,9,0,5,0,0,1,0,4,1,5,2,74,10,1386,1,9,10,2,10
2018160343524,1,98,0,9,0,5,0,0,0,0,0,1,6,3,-1,-1,-1,-1,-1,-1,-1,-1
2018160343524,2,11,0,18,0,8,0,0,0,0,0,1,1,1,54,8,4461,2,4,3,1,3
2018160343554,1,9,0,9,0,8,0,0,0,0,1,1,5,2,81,11,998,1,2,6,1,6
2018160343554,2,9,0,18,0,8,0,0,0,0,1,1,5,2,39,7,1910,2,12,1,1,1
2018160343564,1,9,0,18,0,0,0,0,0,0,4,1,6,3,-1,-1,-1,-1,-1,-1,-1,-1
2018160343564,2,1,0,18,4,0,0,0,0,0,3,1,6,2,22,5,-1,-1,-1,8,1,8
2018160343615,1,9,0,18,0,2,0,0,0,0,2,1,6,2,55,8,1586,1,4,-1,-1,-1
2018160343615,2,9,0,18,0,2,0,0,0,0,1,1,6,1,50,8,-1,-1,-1,9,1,9
2018160343644,1,8,0,18,0,1,0,0,0,0,1,1,1,1,22,5,1797,8,6,-1,-1,-1
2018160343673,1,9,0,18,0,1,0,0,0,0,2,1,5,2,37,7,1400,1,12,1,1,1
2018160343673,2,9,0,9,0,1,0,0,0,0,1,1,6,3,-1,-1,-1,-1,-1,-1,-1,-1
2018160343674,1,9,0,18,0,0,0,0,0,0,1,1,2,1,34,6,1598,1,17,2,1,2
2018160343674,2,1,0,18,5,0,0,0,0,0,1,1,6,1,35,6,-1,-1,-1,-1,-1,-1
2018160343701,1,9,0,18,0,0,0,0,0,0,1,1,6,1,35,6,2184,2,14,2,1,2
2018160343715,1,19,0,7,0,2,0,0,0,0,1,1,1,2,-1,-1,1995,2,-1,1,1,1
2018160343715,2,1,0,18,0,8,0,0,0,0,2,1,6,1,23,5,-1,-1,-1,1,1,1
2018160343717,1,9,0,9,0,1,0,0,0,0,0,1,1,2,21,5,1390,1,15,3,1,3
2018160343717,2,5,0,18,0,1,1,0,0,0,0,1,2,1,33,6,996,1,12,6,1,6
2018160343889,1,19,0,18,0,1,0,0,0,0,1,1,6,1,46,8,2402,2,10,-1,-1,-1
2018160343889,2,9,0,3,0,1,0,0,0,0,2,1,6,2,42,7,-1,-1,-1,1,1,1
2018160343910,1,9,0,9,0,8,0,0,0,0,1,1,5,2,25,5,1598,1,9,-1,-1,-1
2018160343910,2,9,0,18,0,1,0,0,0,0,1,1,6,2,46,8,998,1,3,7,2,7
2018160343951,1,9,0,8,0,0,0,0,0,0,3,1,6,1,39,7,1796,1,6,1,1,1
2018160343951,2,9,0,18,0,0,0,0,0,0,1,1,6,1,17,4,698,1,14,-1,-1,-1
2018160343957,1,9,0,17,0,0,5,0,1,4,1,1,6,2,45,7,1242,1,13,9,3,9
2018160343983,1,9,0,18,0,0,0,0,1,0,1,1,5,1,50,8,1560,2,10,2,1,2
2018160343985,1,9,0,2,0,0,0,0,0,0,2,1,6,1,74,10,-1,-1,-1,-1,-1,-1
2018160343985,2,1,0,18,4,0,0,0,0,0,1,1,6,1,48,8,-1,-1,-1,3,1,3
2018160343988,1,9,0,18,0,4,0,0,1,0,3,1,6,3,-1,-1,1796,1,15,-1,-1,-1
2018160343988,2,9,0,18,0,8,0,0,0,0,1,1,2,1,31,6,1685,2,-1,7,1,7
2018160343998,1,9,0,5,0,0,0,0,0,0,3,1,6,1,47,8,2204,2,12,7,1,7
2018160343998,2,9,0,18,0,0,0,0,0,0,1,1,6,1,36,7,1995,1,12,4,1,4
2018160344008,1,9,0,18,0,0,0,0,0,0,1,1,6,3,-1,-1,-1,-1,-1,-1,-1,-1
2018160344008,2,1,0,18,0,0,0,0,0,0,2,1,6,1,58,9,-1,-1,-1,9,1,9
2018160344048,1,9,0,7,0,2,0,4,0,0,1,1,6,1,77,11,1995,1,11,9,3,9
2018160344048,2,9,0,2,0,2,0,0,0,0,3,1,5,2,29,6,1896,2,13,-1,-1,-1
2018160344697,1,9,0,18,0,0,0,0,0,0,1,1,6,2,27,6,2191,2,6,3,3,3
2018160344697,2,9,0,12,0,0,0,0,0,0,3,1,6,1,27,6,1461,2,2,-1,-1,-1
2018160344722,1,97,0,18,0,0,0,0,0,0,2,1,6,1,35,6,-1,-1,-1,2,1,2
2018160344722,2,9,0,18,0,0,0,0,0,0,1,1,6,3,-1,-1,-1,-1,-1,-1,-1,-1
2018160344723,1,1,0,18,0,8,0,0,0,0,3,1,1,1,18,4,-1,-1,-1,4,1,4
2018160344723,2,9,0,7,0,5,0,0,0,0,1,1,6,2,-1,-1,1390,1,7,-1,-1,-1
2018160344880,1,9,0,18,0,6,0,0,0,0,3,1,6,3,-1,-1,1910,2,10,-1,-1,-1
2018160344880,2,9,0,18,0,8,0,0,0,0,1,1,6,1,76,11,998,1,1,1,1,1
2018160344898,1,11,0,2,0,0,0,0,0,0,0,1,1,1,27,6,7300,2,12,6,1,6
2018160344909,1,9,0,18,0,0,0,0,0,0,2,1,6,1,42,7,-1,-1,-1,3,1,3
2018160344909,2,19,0,18,0,0,0,0,0,0,1,1,6,1,-1,-1,1998,2,12,-1,-1,-1
2018160344912,1,9,0,18,0,0,0,0,0,0,4,1,6,1,37,7,1997,1,18,2,2,2
2018160344912,2,9,0,2,0,0,0,0,0,0,3,1,6,3,48,8,1956,2,6,-1,-1,-1
2018160344940,1,9,0,5,0,0,0,0,0,0,1,1,6,2,33,6,1597,1,8,1,1,1
2018160344940,2,1,0,18,0,0,0,0,0,0,1,1,4,1,14,3,-1,-1,-1,3,1,3
2018160344962,1,-1,0,18,0,0,0,0,0,0,1,1,6,1,22,5,-1,-1,-1,9,1,9
2018160344962,2,-1,0,18,0,0,0,0,0,0,1,1,6,1,-1,-1,-1,-1,-1,-1,-1,-1
2018160344974,1,9,0,18,0,0,0,0,1,10,1,1,6,1,19,4,1395,1,5,5,1,5
2018160345068,1,9,0,5,0,0,0,0,0,0,1,1,6,2,56,9,2497,2,12,7,2,7
2018160345068,2,1,0,18,0,0,0,0,0,0,1,1,6,1,12,3,-1,-1,-1,-1,-1,-1
2018160345088,1,9,0,18,0,4,0,0,0,0,1,1,6,3,-1,-1,998,1,3,-1,-1,-1
2018160345088,2,1,0,9,0,8,0,0,0,0,1,1,6,1,30,6,-1,-1,-1,1,1,1
2018160345249,1,9,0,18,0,0,5,0,7,0,4,1,5,2,27,6,796,1,12,1,1,1
2018160345253,1,9,0,18,0,0,0,0,0,0,1,1,6,3,-1,-1,1240,1,13,-1,-1,-1
2018160345253,2,9,0,18,0,0,0,0,0,0,2,1,6,1,29,6,1753,2,15,3,1,3
2018160345272,1,9,0,9,0,2,0,0,0,0,1,1,6,2,65,9,1368,1,8,3,1,3
2018160345330,1,9,0,4,0,0,0,0,0,0,1,1,5,2,29,6,1364,1,11,1,1,1
2018160345335,1,4,0,18,0,0,1,0,0,0,4,1,5,1,54,8,148,1,58,9,2,9
2018160345362,1,9,0,13,0,0,0,0,1,10,1,1,6,1,42,7,2993,2,12,2,1,2
2018160345364,1,9,0,18,0,0,0,4,0,0,1,1,5,1,82,11,1984,1,25,8,1,8
2018160345364,2,98,0,2,0,0,0,0,0,0,2,1,6,3,-1,-1,-1,-1,-1,-1,-1,-1
2018160345386,1,9,0,16,0,0,2,0,0,0,4,1,2,1,38,7,1999,1,13,4,1,4
2018160345405,1,9,0,18,0,8,0,10,1,11,1,1,6,2,38,7,1242,1,6,1,1,1
2018160345408,1,9,0,6,0,0,0,0,0,0,1,1,6,1,34,6,1560,2,11,5,2,5
2018160345408,2,9,0,18,0,0,0,0,0,0,4,1,6,2,64,9,1598,1,6,1,1,1
2018160345467,1,9,0,9,0,5,0,0,0,0,2,1,5,2,19,4,1296,1,10,10,1,10
2018160345467,2,3,0,18,0,1,1,0,0,0,1,1,5,1,19,4,125,1,1,-1,-1,-1
2018160345473,1,9,0,18,0,0,0,0,1,0,1,1,5,1,69,10,1991,2,10,6,1,6
2018160345486,1,9,0,7,0,6,0,10,1,0,1,1,6,3,-1,-1,-1,-1,-1,-1,-1,-1
2018160345486,2,9,0,18,0,8,0,0,0,0,2,1,6,1,44,7,2902,2,14,4,1,4
2018160345495,1,9,0,18,0,1,1,0,0,0,1,1,1,1,37,7,1997,2,1,1,1,1
2018160345495,2,9,0,18,0,1,0,0,0,0,4,1,2,1,66,10,1560,2,3,7,2,7
2018160345520,1,9,0,18,0,6,0,0,0,0,1,1,6,3,-1,-1,1240,1,12,-1,-1,-1
2018160345520,2,1,0,18,0,8,0,0,0,0,1,1,4,1,16,4,-1,-1,-1,5,1,5
2018160345530,1,9,0,9,0,8,0,0,0,0,4,1,1,2,46,8,1560,2,2,2,1,2
2018160345530,2,9,0,18,0,8,0,0,0,0,1,1,5,2,64,9,1298,1,16,2,1,2
2018160345550,1,9,0,18,0,0,0,4,1,0,4,1,5,1,36,7,1598,1,15,1,1,1
2018160345550,2,9,0,2,0,0,0,0,0,0,3,1,6,3,-1,-1,1388,1,12,-1,-1,-1
2018160345560,1,9,0,17,0,0,1,10,0,0,1,1,5,2,40,7,1870,2,16,7,1,7
2018160345567,1,9,0,13,0,0,0,0,0,0,4,1,6,3,40,7,1149,1,5,-1,-1,-1
2018160345567,2,1,0,18,0,0,0,0,0,0,3,1,6,1,64,9,-1,-1,-1,4,1,4
2018160345603,1,9,0,18,0,4,0,0,0,0,1,1,2,2,62,9,1600,1,14,-1,-1,-1
2018160345603,2,21,0,18,0,4,0,0,0,0,3,1,1,1,47,8,12419,2,-1,7,1,7
2018160345627,1,9,0,18,0,8,5,0,7,11,1,1,6,1,32,6,1900,2,12,2,1,2
2018160345630,1,9,0,18,0,0,0,0,2,0,4,1,1,1,34,6,1598,1,10,7,1,7
2018160345692,1,9,0,16,0,0,0,0,0,0,4,2,5,2,83,11,1299,1,13,7,1,7
2018160345957,1,9,0,18,0,0,0,0,0,0,1,1,5,2,69,10,999,1,5,6,3,6
2018160345958,1,9,0,5,0,6,0,0,0,0,1,1,2,1,21,5,999,1,3,5,1,5
2018160345958,2,1,0,18,0,1,0,0,0,0,1,1,6,2,65,9,-1,-1,-1,2,1,2
2018160345971,1,90,0,18,0,8,1,0,0,0,1,1,1,1,39,7,-1,-1,-1,9,1,9
2018160345971,2,9,0,9,0,8,1,0,0,0,3,1,5,1,24,5,1598,2,5,5,1,5
2018160345972,1,9,0,18,0,0,2,0,1,0,1,1,6,2,26,6,1248,2,7,7,2,7
2018160346021,1,9,0,18,0,8,0,0,0,0,1,1,5,1,50,8,1598,2,2,3,2,3
2018160346021,2,9,0,9,0,6,0,0,0,0,3,1,5,1,71,10,1496,2,3,7,3,7
2018160346042,1,9,0,9,0,5,0,0,0,0,4,1,5,1,21,5,1229,1,8,4,1,4
2018160346042,2,97,0,18,0,8,0,0,0,0,1,1,5,1,15,3,-1,-1,-1,1,1,1
2018160346101,1,19,0,18,0,0,0,0,0,0,1,1,6,1,27,6,1560,2,1,7,1,7
2018160346101,2,9,0,2,0,0,0,0,0,0,2,1,6,1,19,4,1398,1,2,7,1,7
2018160346154,1,9,0,5,0,0,0,0,0,0,1,1,6,1,64,9,1984,1,12,8,2,8
2018160346217,1,9,0,18,0,1,0,0,1,0,2,1,6,2,25,5,1197,1,1,10,1,10
2018160346217,2,98,0,18,0,1,0,0,0,0,1,1,6,3,-1,-1,-1,-1,-1,-1,-1,-1
2018160346564,1,9,0,15,0,0,0,0,0,0,3,1,6,1,20,4,1388,1,14,-1,-1,-1
2018160346564,2,20,0,15,0,0,0,0,0,0,3,1,1,1,64,9,-1,-1,-1,6,3,6
2018160346613,1,9,0,9,0,6,0,0,0,0,1,1,6,2,69,10,1998,1,2,10,3,10
2018160346613,2,9,0,18,0,1,0,0,0,0,3,1,6,1,71,10,1948,1,19,2,1,2
2018160346613,3,9,0,8,0,6,0,0,0,0,3,1,6,2,65,9,1390,1,5,10,3,10
2018160346683,1,9,0,4,0,0,0,0,0,0,1,1,5,2,24,5,1229,1,12,8,1,8
2018160346683,2,21,0,4,0,0,0,0,0,0,2,1,1,1,45,7,-1,-1,-1,8,2,8
2018160346707,1,9,0,16,0,0,2,0,7,0,4,1,2,1,36,7,1242,1,10,2,2,2
2018160346788,1,9,0,18,0,3,0,0,0,0,1,1,1,1,19,4,1364,1,12,-1,-1,-1
2018160346788,2,9,0,4,0,2,0,0,0,0,2,1,5,2,68,10,1794,1,12,-1,-1,-1
2018160346854,1,9,0,18,0,8,1,9,0,0,1,1,6,1,27,6,998,1,-1,1,1,1
2018160346915,1,97,0,18,0,1,0,0,0,0,1,1,5,1,17,4,-1,-1,-1,1,1,1
2018160346915,2,9,0,-1,0,8,0,0,0,0,-1,1,6,3,-1,-1,-1,-1,-1,-1,-1,-1
2018160346921,1,9,0,18,0,3,0,0,0,0,1,1,5,2,60,9,1199,1,14,1,1,1
2018160346921,2,9,0,18,0,8,0,0,0,0,2,1,5,2,59,9,1124,1,17,8,1,8
2018160346955,1,9,0,18,0,0,5,0,0,0,3,1,6,1,72,10,999,1,3,9,1,9
2018160346955,2,9,0,18,0,0,0,0,0,0,3,1,1,1,28,6,1596,1,13,1,1,1
2018160347065,1,9,0,18,0,0,0,0,0,0,2,1,6,3,-1,-1,-1,-1,-1,-1,-1,-1
2018160347065,2,3,0,18,0,0,2,0,0,0,3,1,5,1,19,4,124,1,6,5,3,5
2018160347192,1,9,0,18,0,2,0,0,0,0,2,1,6,3,-1,-1,1968,2,14,-1,-1,-1
2018160347192,2,1,0,18,0,2,0,0,0,0,2,1,6,1,29,6,-1,-1,-1,3,3,3
2018160347237,1,9,0,3,0,0,0,4,0,0,2,1,5,1,39,7,1995,2,5,7,1,7
2018160347237,2,9,0,18,0,0,0,4,0,0,1,1,1,1,25,5,1598,2,5,8,2,8
2018160347261,1,9,0,9,0,0,1,0,1,0,4,1,5,1,17,4,1242,1,6,6,1,6
2018160347271,1,9,0,18,0,0,0,0,0,0,1,1,6,1,-1,-1,1388,1,10,-1,-1,-1
2018160347271,2,9,0,4,0,0,0,0,0,0,2,1,6,1,29,6,1798,8,-1,6,1,6
2018160347289,1,9,0,7,9,0,1,0,7,0,3,1,6,1,21,5,1108,1,21,4,2,4
2018160347308,1,9,0,7,0,1,0,0,0,0,1,1,5,2,48,8,1685,2,1,1,1,1
2018160347308,2,1,0,18,4,1,0,0,0,0,2,1,6,1,71,10,-1,-1,-1,10,1,10
2018160347370,1,3,0,18,0,0,0,0,0,0,4,1,5,1,54,8,125,1,7,6,1,6
2018160347370,2,3,0,18,0,0,0,0,0,0,3,1,5,2,49,8,125,1,-1,4,1,4
2018160347434,1,9,0,18,0,0,0,10,7,0,3,1,6,2,20,4,-1,-1,-1,4,3,4
2018160347444,1,11,0,3,0,0,0,0,0,0,0,1,1,2,35,6,7300,2,13,1,1,1
2018160347495,1,9,0,18,0,0,0,0,0,0,1,1,6,2,-1,-1,-1,-1,-1,-1,-1,-1
2018160347506,1,9,0,16,0,0,0,10,1,0,4,1,6,1,41,7,1388,1,11,10,1,10
2018160347520,1,9,0,18,0,0,-1,0,0,0,1,1,6,1,21,5,1390,1,11,6,1,6
2018160347520,2,9,0,18,0,0,-1,0,0,0,2,1,6,1,49,8,-1,-1,-1,8,1,8
2018160347540,1,9,0,18,0,0,0,0,0,0,1,1,5,2,70,10,-1,-1,-1,1,1,1
2018160347548,1,9,0,18,0,0,2,0,1,0,1,1,6,1,21,5,1398,2,16,1,1,1
2018160347560,1,21,0,3,0,2,0,0,0,0,2,1,1,1,58,9,-1,-1,-1,9,1,9
2018160347560,2,9,0,3,0,2,0,0,0,0,2,1,5,2,76,11,1591,1,3,8,1,8
2018160347560,3,9,0,3,0,8,0,0,0,0,1,1,5,1,52,8,1598,2,-1,2,1,2
2018160347576,1,9,0,18,0,0,5,0,2,11,4,1,5,1,28,6,1388,1,14,9,2,9
2018160347580,1,9,0,7,0,1,0,0,0,0,1,1,6,2,81,11,1229,1,10,4,1,4
2018160347580,2,22,0,18,0,8,0,0,0,0,4,1,5,2,68,10,-1,-1,-1,-1,-1,-1
2018160347592,1,2,0,5,0,8,0,0,0,0,1,1,2,2,16,4,49,1,20,1,1,1
2018160347592,2,9,0,18,0,1,0,0,0,0,4,1,5,1,51,8,2231,2,7,7,1,7
2018160347599,1,9,0,5,0,6,0,0,0,0,3,1,6,2,51,8,1329,1,7,10,2,10
2018160347599,2,5,0,18,0,1,0,0,0,0,4,1,6,1,27,6,999,1,3,5,-1,5
2018160347599,3,9,0,9,0,8,0,0,0,0,0,1,6,1,36,7,2143,2,3,10,2,10
2018160347643,1,5,0,18,0,0,0,0,7,0,1,1,5,1,60,9,747,1,21,3,1,3
2018160347643,2,9,0,18,0,0,0,0,1,0,1,1,5,1,63,9,-1,-1,-1,7,2,7
2018160347754,1,9,0,18,0,1,0,0,0,0,2,1,6,1,40,7,1956,2,-1,7,1,7
2018160347754,2,9,0,18,0,1,0,0,0,0,1,1,6,1,-1,-1,1910,2,11,-1,-1,-1
2018160348117,1,9,0,18,0,0,0,0,1,0,1,1,1,1,20,4,-1,-1,-1,7,3,7
2018160348117,2,9,0,18,0,0,1,0,0,0,1,1,6,1,54,8,1995,2,13,8,2,8
2018160348146,1,9,0,18,0,0,0,0,0,0,4,1,5,2,72,10,999,1,6,5,2,5
2018160348157,1,9,0,13,0,0,1,0,1,0,3,1,5,2,37,7,1753,2,10,1,1,1
2018160348157,2,21,0,18,0,0,1,0,0,0,1,1,1,1,41,7,12900,2,6,1,1,1
2018160348168,1,9,0,7,0,6,0,0,0,0,1,1,6,3,-1,-1,-1,-1,-1,-1,-1,-1
2018160348168,2,1,0,18,0,8,0,0,0,0,1,1,6,1,18,4,-1,-1,-1,1,1,1
2018160348188,1,9,0,18,0,8,0,10,5,2,1,1,5,2,66,10,1339,1,10,7,1,7
2018160348208,1,9,0,18,0,0,0,0,0,0,1,1,6,3,-1,-1,1997,2,9,-1,-1,-1
2018160348208,2,1,0,18,0,0,0,0,0,0,2,1,6,2,42,7,-1,-1,-1,4,2,4
2018160348282,1,1,0,18,0,0,0,0,0,0,2,1,2,1,56,9,-1,-1,-1,4,1,4
2018160348282,2,9,0,18,0,0,0,0,0,0,2,1,2,1,28,6,1248,2,6,4,1,4
2018160348285,1,9,0,16,0,0,0,0,7,0,4,1,6,1,19,4,998,1,6,8,1,8
2018160348358,1,9,0,18,0,0,5,0,7,0,0,1,5,1,29,6,2000,2,13,6,3,6
2018160348367,1,9,0,1,0,6,0,0,0,0,2,1,6,2,-1,-1,1248,2,8,9,1,9
2018160348382,1,9,0,5,0,0,0,0,0,0,1,1,5,2,20,4,1242,1,7,6,1,6
2018160348430,1,9,0,18,0,4,0,0,0,0,1,1,6,1,23,5,1198,1,1,7,1,7
2018160348430,2,9,0,4,0,4,0,0,0,0,2,1,5,1,56,9,1496,2,1,6,3,6
2018160348446,1,3,0,18,0,0,0,0,0,0,1,1,6,1,21,5,108,1,1,1,1,1
2018160348468,1,9,0,18,0,0,5,0,7,9,1,1,5,1,45,7,1497,1,14,8,2,8
2018160348471,1,9,0,18,0,0,0,0,0,0,3,1,2,1,34,6,1598,1,7,1,1,1
2018160348520,1,9,0,9,0,5,0,0,0,0,4,1,6,1,24,5,1399,2,13,2,1,2