Accident_Index,Vehicle_Reference,Vehicle_Type,Towing_and_Articulation,Vehicle_Manoeuvre,Vehicle_Location-Restricted_Lane,Junction_Location,Skidding_and_Overturning,Hit_Object_in_Carriageway,Vehicle_Leaving_Carriageway,Hit_Object_off_Carriageway,1st_Point_of_Impact,Was_Vehicle_Left_Hand_Drive?,Journey_Purpose_of_Driver,Sex_of_Driver,Age_of_Driver,Age_Band_of_Driver,Engine_Capacity_(CC),Propulsion_Code,Age_of_Vehicle,Driver_IMD_Decile,Driver_Home_Area_Type,Vehicle_IMD_Decile
2018160348520,2,5,0,18,0,8,0,0,0,0,1,1,6,1,28,6,689,1,-1,1,1,1
2018160348529,1,9,0,18,0,1,0,0,0,0,1,1,6,3,-1,-1,1398,2,12,-1,-1,-1
2018160348529,2,19,0,8,0,1,0,0,0,0,2,1,6,2,27,6,1461,2,4,2,1,2
2018160348541,1,9,0,5,0,6,0,0,0,0,1,1,3,2,30,6,1560,2,10,8,1,8
2018160348541,2,1,0,18,9,1,0,0,0,0,4,1,6,1,21,5,-1,-1,-1,8,1,8
2018160348563,1,9,0,9,0,8,0,0,0,0,1,1,6,2,77,11,1796,1,13,9,1,9
2018160348563,2,9,0,18,0,1,0,0,0,0,1,1,6,2,60,9,999,1,3,9,1,9
2018160348564,1,3,0,18,4,2,0,0,0,0,1,1,1,1,21,5,125,1,5,3,1,3
2018160348564,2,9,0,9,4,8,0,0,0,0,4,1,5,2,27,6,1229,1,8,5,1,5
2018160348583,1,19,0,18,0,0,0,0,0,0,4,1,6,3,-1,-1,2148,2,14,-1,-1,-1
2018160348626,1,9,0,5,0,1,0,0,0,0,1,1,5,1,32,6,1339,1,7,8,1,8
2018160348707,1,9,0,18,0,4,0,0,0,0,4,1,5,1,57,9,1364,1,2,1,1,1
2018160348707,2,9,0,7,0,4,0,0,0,0,1,1,5,2,38,7,1396,1,8,1,1,1
2018160348731,1,9,0,5,0,6,0,0,0,0,0,1,6,3,-1,-1,-1,-1,-1,-1,-1,-1
2018160348731,2,9,0,18,0,1,1,0,1,0,2,1,2,1,43,7,1910,2,12,-1,-1,-1
2018160348755,1,9,0,16,0,0,0,0,7,0,1,1,5,2,71,10,1598,2,4,6,3,6
2018160348755,2,9,0,2,0,0,0,0,0,0,1,1,6,3,-1,-1,1598,2,7,-1,-1,-1
2018160348761,1,9,0,5,0,0,0,0,0,0,3,1,6,3,-1,-1,1400,1,13,-1,-1,-1
2018160348761,2,1,0,13,0,0,0,0,0,0,1,1,6,1,21,5,-1,-1,-1,5,1,5
2018160348762,1,9,0,6,0,1,0,0,0,0,3,1,5,2,23,5,1084,1,-1,1,1,1
2018160348762,2,9,0,18,0,1,0,0,0,0,1,1,5,1,59,9,1240,1,14,1,1,1
2018160348770,1,9,0,7,0,1,0,0,0,0,1,1,6,1,25,5,-1,-1,-1,-1,-1,-1
2018160348770,2,9,0,8,0,1,0,0,0,0,2,1,6,1,42,7,1586,1,2,3,1,3
2018160348771,1,9,0,16,0,0,1,0,7,0,3,1,5,1,72,10,1968,2,8,10,1,10
2018160348784,1,9,0,13,0,0,-1,0,0,0,4,1,6,3,-1,-1,-1,-1,-1,-1,-1,-1
2018160348784,2,1,0,18,0,0,-1,0,0,0,3,1,6,2,19,4,-1,-1,-1,1,1,1
2018160348791,1,98,0,9,0,0,0,0,0,0,1,1,1,3,-1,-1,-1,-1,-1,-1,-1,-1
2018160348791,2,1,0,18,0,0,0,0,0,0,1,1,6,2,68,10,-1,-1,-1,2,1,2
2018160348806,1,-1,0,18,0,0,0,0,0,0,1,1,6,1,-1,-1,-1,-1,-1,-1,-1,-1
2018160348806,2,9,0,3,0,0,0,0,0,0,2,1,5,2,32,6,1587,1,17,7,2,7
2018160348813,1,9,0,18,0,0,0,0,0,0,1,1,6,3,-1,-1,-1,-1,-1,-1,-1,-1
2018160348813,2,9,0,4,0,0,0,0,0,0,2,1,6,1,18,4,1242,1,19,3,1,3
2018160348841,1,19,0,9,0,5,0,0,0,0,1,1,6,1,37,7,2402,2,6,-1,-1,-1
2018160348841,2,1,0,9,0,6,0,0,0,0,1,1,6,1,43,7,-1,-1,-1,10,1,10
2018160348860,1,11,0,4,0,0,0,10,1,5,1,1,1,1,40,7,3900,2,11,1,1,1
2018160348987,1,1,0,18,0,8,0,0,0,0,3,1,4,1,11,3,-1,-1,-1,1,1,1
2018160348987,2,9,0,18,0,1,0,0,0,0,1,1,6,3,-1,-1,-1,-1,-1,-1,-1,-1
2018160348993,1,9,0,9,0,6,0,10,1,0,4,1,5,1,23,5,1997,1,16,8,2,8
2018160348993,2,9,0,18,0,8,0,10,1,0,1,1,5,2,32,6,1461,2,5,6,1,6
2018160349018,1,9,0,9,0,1,0,0,0,0,1,1,5,1,20,4,1596,1,16,1,1,1
2018160349018,2,8,0,18,0,2,0,0,0,0,1,1,1,1,40,7,1997,2,8,-1,-1,-1
2018160349027,1,9,0,6,0,6,0,0,0,0,1,1,3,2,44,7,2497,2,11,5,1,5
2018160349027,2,9,0,18,0,1,0,0,0,0,3,1,5,2,67,10,2204,2,9,1,1,1
2018160349044,1,9,0,16,0,0,1,0,0,0,1,1,2,2,51,8,1242,1,12,4,3,4
2018160349055,1,9,0,9,0,5,0,0,0,0,1,1,2,1,24,5,1956,2,4,10,2,10
2018160349055,2,9,0,18,0,1,0,0,0,0,1,1,2,1,40,7,1598,1,7,10,1,10
2018160349067,1,9,0,4,0,0,0,0,7,11,3,1,6,1,47,8,2000,2,8,9,2,9
2018160349067,2,9,0,18,0,0,0,10,1,0,3,1,6,2,55,8,1397,1,8,6,3,6
2018160349081,1,9,0,13,0,0,0,0,0,0,1,1,2,1,50,8,1198,1,15,1,1,1
2018160349081,2,9,0,18,0,0,0,0,1,0,1,1,2,1,43,7,1299,1,11,9,3,9
2018160349102,1,9,0,5,0,0,0,0,0,0,2,1,2,2,30,6,1984,1,16,7,1,7
2018160349102,2,9,0,5,0,0,0,0,0,0,2,1,5,1,57,9,1390,1,14,4,1,4
2018160349102,3,9,0,18,0,0,0,4,0,0,1,1,6,3,-1,-1,1398,2,15,-1,-1,-1
2018160349112,1,9,0,18,0,0,0,0,0,0,1,1,6,1,27,6,1398,1,2,8,1,8
2018160349136,1,9,0,7,0,6,0,0,0,0,1,1,6,3,-1,-1,1685,2,1,-1,-1,-1
2018160349136,2,1,0,18,4,8,0,0,0,0,1,1,6,1,43,7,-1,-1,-1,5,1,5
2018160349139,1,9,0,18,0,0,0,0,0,0,3,1,6,2,55,8,1582,2,5,5,1,5
2018160349139,2,9,0,18,0,0,0,0,0,0,1,1,6,2,82,11,898,1,3,3,1,3
2018160349232,1,9,0,17,0,0,2,10,7,0,3,1,5,1,17,4,1388,1,16,-1,-1,-1
2018160349249,1,9,0,18,0,2,0,0,1,0,1,1,5,2,30,6,1870,2,13,1,1,1
2018160349249,2,9,0,18,0,1,0,0,0,0,1,1,2,1,48,8,1995,2,3,10,1,10
2018160349249,3,9,0,2,0,2,0,0,0,0,2,1,6,2,25,5,1339,1,2,7,1,7
2018160349299,1,21,0,10,0,0,0,0,0,0,0,1,1,1,50,8,10837,2,1,1,1,1
2018160349299,2,9,0,15,0,0,0,0,0,0,1,1,5,1,87,11,1198,1,8,7,2,7
2018160349315,1,9,0,9,0,8,0,0,0,0,4,1,5,1,45,7,1686,2,10,1,1,1
2018160349315,2,9,0,18,0,8,0,0,0,0,1,1,5,1,23,5,1995,2,16,-1,-1,-1
2018160349317,1,9,0,18,0,8,0,0,0,0,1,1,2,1,48,8,1685,2,4,7,1,7
2018160349317,2,9,0,9,0,8,0,0,0,0,1,1,2,2,33,6,1560,2,8,1,1,1
2018160349358,1,19,0,9,0,6,0,0,0,0,3,1,2,1,27,6,2402,2,11,1,1,1
2018160349358,2,3,0,18,0,8,0,0,0,0,1,1,6,1,30,6,125,1,13,9,2,9
2018160349583,1,9,0,9,0,1,0,0,0,0,1,1,6,1,35,6,1598,2,2,2,1,2
2018160349583,2,1,0,10,0,1,0,0,0,0,2,1,6,1,25,5,-1,-1,-1,1,1,1
2018160349635,1,9,0,7,0,1,0,0,0,0,4,1,2,1,33,6,1969,2,1,2,1,2
2018160349635,2,1,0,18,0,1,0,0,0,0,1,1,6,1,35,6,-1,-1,-1,-1,-1,-1
2018160349649,1,11,0,5,0,0,0,0,0,0,0,1,1,1,60,9,6700,2,6,8,1,8
2018160349682,1,9,0,2,0,0,0,0,0,0,3,1,6,1,23,5,1968,2,8,7,1,7
2018160349682,2,1,0,14,0,0,0,0,0,0,1,1,6,1,34,6,-1,-1,-1,3,1,3
2018160349693,1,9,0,9,0,1,0,0,0,0,1,1,6,1,30,6,1686,2,11,1,-1,1
2018160349693,2,1,0,9,0,1,0,0,0,0,2,1,6,1,11,3,-1,-1,-1,1,1,1
2018160349722,1,9,0,7,0,0,0,0,0,0,1,1,5,1,23,5,1598,1,8,7,1,7
2018160349722,2,9,0,18,0,0,0,0,0,0,4,1,5,1,50,8,-1,-1,-1,-1,-1,-1
2018160349766,1,9,0,7,0,0,0,0,0,0,4,1,6,3,-1,-1,1997,2,14,4,1,4
2018160349766,2,3,0,18,0,0,0,0,0,0,1,1,5,1,29,6,125,1,2,1,1,1
2018160349771,1,9,0,5,0,0,0,0,7,0,1,1,2,2,31,6,1461,2,2,8,1,8
2018160349771,2,9,0,4,0,0,0,0,0,0,2,1,3,2,32,6,998,1,2,8,1,8
2018160349771,3,9,0,2,0,0,0,0,0,0,2,1,1,1,73,10,1798,1,1,5,3,5
2018160349771,4,9,0,4,0,0,0,0,0,0,2,1,2,2,24,5,1968,2,8,1,1,1
2018160349800,1,9,0,18,0,0,0,0,0,0,1,1,2,1,39,7,-1,-1,-1,-1,-1,-1
2018160349800,2,1,0,12,0,0,0,0,0,0,3,1,6,2,55,8,-1,-1,-1,5,1,5
2018160349839,1,9,0,18,0,0,0,0,0,0,0,1,6,1,16,4,-1,-1,-1,9,1,9
2018160349839,2,-1,0,18,0,0,0,0,0,0,0,1,6,3,-1,-1,-1,-1,-1,-1,-1,-1
2018160349915,1,9,0,9,0,5,0,0,0,0,1,1,5,1,28,6,1796,1,16,3,1,3
2018160349915,2,8,0,18,0,1,0,0,0,0,1,1,1,1,48,8,1753,2,8,8,2,8
2018160349924,1,9,0,18,0,0,0,0,0,0,1,1,6,1,37,7,505,1,13,7,2,7
2018160349924,2,9,0,3,0,0,0,0,0,0,2,1,6,2,35,6,1796,1,4,1,1,1
2018160349943,1,98,0,18,0,0,0,0,0,0,1,1,6,3,-1,-1,-1,-1,-1,-1,-1,-1
2018160349948,1,1,0,18,9,1,0,0,0,0,0,1,4,1,15,3,-1,-1,-1,-1,-1,-1
2018160349952,1,9,0,18,0,0,0,0,0,0,1,1,6,2,53,8,1497,8,-1,5,1,5
2018160349952,2,9,0,3,0,0,0,0,0,0,2,1,5,2,70,10,1560,2,3,5,1,5
2018160349952,3,9,0,18,0,0,0,0,0,0,2,1,6,1,22,5,1995,2,13,1,1,1
2018160349954,1,1,0,18,0,1,0,0,0,0,3,1,6,1,17,4,-1,-1,-1,5,1,5
2018160349954,2,9,0,13,0,1,0,0,0,0,4,1,6,3,-1,-1,-1,-1,-1,-1,-1,-1
2018160349979,1,9,0,18,0,8,0,0,0,0,4,1,6,3,-1,-1,-1,-1,-1,-1,-1,-1
2018160349979,2,1,0,18,0,8,0,0,0,0,3,1,6,1,23,5,-1,-1,-1,-1,-1,-1
2018160350048,1,9,0,18,0,0,0,0,0,0,4,1,6,2,53,8,1197,1,2,5,-1,5
2018160350048,2,1,0,18,0,0,0,0,0,0,1,1,6,1,16,4,-1,-1,-1,1,1,1
2018160350064,1,9,0,16,0,0,2,0,0,0,4,1,5,1,54,8,1596,1,15,1,1,1
2018160350064,2,9,0,18,0,0,0,0,0,0,1,1,5,1,19,4,1242,1,9,8,2,8
2018160350249,1,9,0,15,0,0,0,0,0,0,1,1,5,1,18,4,1398,1,2,6,3,6
2018160350249,2,9,0,18,0,0,0,0,7,11,1,1,2,2,34,6,1783,1,15,6,3,6
2018160350250,1,9,0,18,0,0,0,0,1,4,1,1,6,2,19,4,1229,1,8,6,2,6
2018160350318,1,9,0,17,0,2,0,0,0,0,1,1,2,1,25,5,1796,1,11,7,2,7
2018160350318,2,1,0,18,0,2,5,0,0,0,1,1,2,1,41,7,-1,-1,-1,1,1,1
2018160350336,1,9,0,9,0,0,2,0,2,9,1,1,5,2,17,4,1599,1,15,3,2,3
2018160350371,1,9,0,3,0,0,0,0,0,0,2,1,2,1,38,7,1598,1,13,4,1,4
2018160350371,2,9,0,3,0,0,0,0,0,0,2,1,2,1,29,6,-1,-1,-1,10,1,10
2018160350371,3,9,0,4,0,0,0,0,0,0,1,1,2,2,23,5,1248,1,3,7,1,7
2018160350396,1,9,0,18,0,0,0,0,0,0,1,1,2,1,52,8,2987,2,6,7,1,7
2018160350396,2,9,0,18,0,0,5,0,1,0,2,1,2,1,29,6,998,1,7,6,1,6
2018160350402,1,9,0,1,0,0,0,0,0,0,4,1,6,2,56,9,1396,1,6,9,2,9
2018160350402,2,1,0,18,0,0,0,0,0,0,1,1,6,2,28,6,-1,-1,-1,-1,-1,-1
2018160350423,1,9,0,18,0,3,0,0,0,0,1,1,6,1,55,8,2993,2,8,1,1,1
2018160350423,2,9,0,3,0,4,0,0,0,0,2,1,6,2,38,7,2204,2,9,7,3,7
2018160350439,1,9,0,18,0,0,0,0,0,0,1,1,6,3,-1,-1,-1,-1,-1,-1,-1,-1
2018160350465,1,9,0,18,0,0,0,0,0,0,4,1,6,1,57,9,1582,2,6,-1,-1,-1
2018160350465,2,1,0,18,0,0,0,0,0,0,3,1,6,2,62,9,-1,-1,-1,4,1,4
2018160350520,1,9,0,9,0,8,0,0,0,0,2,1,6,2,29,6,1084,1,-1,2,1,2
2018160350520,2,9,0,18,0,8,0,0,0,0,1,1,6,1,21,5,1527,2,22,6,3,6
2018160350549,1,9,0,5,0,6,0,0,0,0,1,1,5,1,46,8,1560,2,4,-1,-1,-1
2018160350549,2,5,0,18,0,8,0,0,0,0,1,1,6,1,30,6,883,1,8,-1,-1,-1
2018160350561,1,9,0,17,0,0,5,10,1,2,1,1,6,3,-1,-1,1796,1,17,3,1,3
2018160350580,1,9,0,3,0,4,0,0,0,0,2,1,5,1,49,8,1910,2,12,1,1,1
2018160350580,2,1,0,4,0,1,0,0,0,0,1,1,5,1,29,6,-1,-1,-1,3,3,3
2018160350604,1,9,0,18,0,0,0,0,0,0,1,1,6,3,17,4,-1,-1,-1,-1,-1,-1
2018160350604,2,1,0,18,0,0,0,0,0,0,1,1,6,1,10,2,-1,-1,-1,3,1,3
2018160350606,1,9,0,18,0,0,0,0,0,0,1,1,6,3,-1,-1,1398,2,13,-1,-1,-1
2018160350606,2,9,0,18,0,0,0,0,0,0,2,1,6,1,75,10,1461,2,4,7,1,7
2018160350631,1,4,0,5,0,0,1,0,1,0,1,1,6,1,27,6,750,1,19,1,1,1
2018160350642,1,9,0,18,0,0,1,0,7,10,1,1,5,1,54,8,1910,2,10,1,1,1
2018160350642,2,9,0,18,0,0,0,0,0,0,1,1,5,2,36,7,1332,1,9,3,1,3
2018160350645,1,9,0,5,0,4,0,0,0,0,1,1,5,1,71,10,1390,1,11,4,1,4
2018160350645,2,1,0,18,0,8,0,0,0,0,1,1,6,2,50,8,-1,-1,-1,-1,-1,-1
2018160350665,1,9,0,9,0,6,0,0,0,0,3,1,6,2,31,6,2143,2,3,7,1,7
2018160350665,2,1,0,18,0,8,0,0,0,0,1,1,6,1,16,4,-1,-1,-1,1,1,1
2018160350676,1,19,0,1,0,0,0,0,0,0,2,1,1,2,21,5,2198,2,2,8,1,8
2018160350676,2,11,0,18,0,0,0,0,0,0,4,1,1,1,40,7,6700,2,7,1,1,1
2018160350744,1,1,0,18,0,0,0,0,0,0,1,1,6,1,57,9,-1,-1,-1,9,1,9
2018160350744,2,1,0,18,0,0,0,0,0,0,2,1,6,2,35,6,-1,-1,-1,-1,-1,-1
2018160350744,3,1,0,18,0,0,0,0,0,0,1,1,6,1,49,8,-1,-1,-1,-1,-1,-1
2018160350756,1,19,0,9,0,1,0,0,0,0,1,1,5,1,72,10,2402,2,12,9,1,9
2018160350756,2,9,0,18,0,8,0,0,0,0,3,1,5,1,25,5,1242,1,10,1,1,1
2018160350809,1,9,0,18,0,1,0,0,0,0,1,1,5,1,57,9,1896,2,15,-1,-1,-1
2018160350843,1,9,0,18,0,4,0,0,0,0,1,1,2,1,32,6,2401,2,13,4,1,4
2018160350843,2,1,0,18,0,8,5,0,0,0,2,1,2,2,55,8,-1,-1,-1,1,1,1
2018160350878,1,97,0,18,0,0,0,0,-1,0,1,1,6,3,-1,-1,-1,-1,-1,-1,-1,-1
2018160350878,2,9,0,2,0,0,0,0,-1,0,3,1,6,2,39,7,-1,-1,-1,-1,-1,-1
2018160351454,1,9,0,18,0,8,0,0,0,0,4,1,6,2,33,6,1560,2,13,5,3,5
2018160351454,2,9,0,9,0,6,0,0,0,0,1,1,6,2,-1,-1,-1,-1,-1,-1,-1,-1
2018160351511,1,21,0,5,0,1,0,0,0,0,3,1,1,1,36,7,10837,2,1,8,2,8
2018160351511,2,9,0,18,0,1,0,0,3,0,1,1,2,1,26,6,1800,1,18,1,1,1
2018160351511,3,9,0,18,0,1,0,0,3,0,1,1,5,2,22,5,1910,2,10,1,1,1
2018160351526,1,9,0,5,0,1,0,0,0,0,1,1,2,2,24,5,1397,1,10,2,1,2
2018160351531,1,3,0,18,0,0,2,0,0,0,1,1,6,1,24,5,124,1,7,1,1,1
2018160351531,2,9,0,18,0,0,0,0,0,0,2,1,6,2,52,8,1461,2,2,1,1,1
2018160351916,1,9,0,16,0,3,1,0,0,0,1,1,6,1,21,5,1299,1,17,-1,-1,-1
2018160804244,1,19,0,9,0,8,0,0,0,0,3,1,1,1,26,6,2143,2,-1,9,1,9
2018160804244,2,1,0,10,0,8,0,0,0,0,1,1,6,1,51,8,-1,-1,-1,5,1,5
2018160804283,1,19,0,9,0,8,0,0,0,0,4,1,1,1,47,8,2198,2,5,9,1,9
2018160804283,2,1,0,18,0,1,0,0,0,0,1,1,6,1,57,9,-1,-1,-1,9,1,9
2018160804309,1,9,0,9,0,3,0,0,0,0,1,1,2,2,29,6,1242,1,11,3,1,3
2018160804309,2,9,0,18,0,4,0,0,1,11,1,1,5,1,71,10,1796,1,4,9,1,9
2018160804322,1,9,0,2,0,0,1,0,0,0,3,1,2,1,27,6,999,1,14,8,1,8
2018160804322,2,9,0,18,0,0,2,4,0,0,1,1,1,1,60,9,1461,2,5,7,2,7
2018160804327,1,9,0,9,9,1,0,0,0,0,1,1,2,1,20,4,1349,1,6,4,1,4
2018160804327,2,9,0,18,0,1,0,0,0,0,1,1,6,1,29,6,1995,2,12,2,1,2
2018160804328,1,9,0,9,8,0,0,0,1,9,1,1,6,1,17,4,1229,1,11,1,1,1
2018160804329,1,9,0,15,0,8,0,0,0,0,1,1,5,2,35,6,1000,1,5,5,1,5
2018160804330,1,9,0,18,0,8,0,0,0,0,1,1,2,1,29,6,1896,2,14,1,1,1
2018160804330,2,9,0,9,0,1,0,0,0,0,1,1,2,2,29,6,1598,1,13,3,1,3
2018160804362,1,9,0,1,0,0,0,0,0,0,4,1,5,2,69,10,1399,1,1,4,1,4
2018160804378,1,11,0,17,0,2,0,0,0,0,1,1,1,1,61,9,6871,2,9,4,2,4
2018160804448,1,9,0,18,0,0,2,0,7,9,3,1,2,1,31,6,1461,2,4,3,3,3
2018160804508,1,9,0,4,0,0,1,0,0,0,1,1,5,2,63,9,1396,1,5,5,3,5
2018160804508,2,9,0,3,0,0,0,0,0,0,2,1,1,1,55,8,1986,2,10,8,2,8
2018160804510,1,9,0,18,0,0,1,4,0,0,1,1,6,1,22,5,1360,1,11,1,1,1
2018160804510,2,9,0,2,0,0,0,0,0,0,1,1,5,1,55,8,1598,1,9,5,1,5
2018160804510,3,9,0,2,0,0,0,0,0,0,2,1,5,1,36,7,1997,2,9,1,1,1
2018160804535,1,9,0,18,0,0,1,0,1,4,3,1,5,1,28,6,1998,2,11,7,1,7
2018160804546,1,9,0,18,0,1,0,0,1,0,3,1,5,2,50,8,2148,2,15,4,2,4
2018160804546,2,9,0,5,0,6,0,0,1,0,1,1,5,1,41,7,2143,2,7,10,1,10
2018160804594,1,9,0,18,0,4,0,0,0,0,1,1,2,2,48,8,1968,2,10,1,1,1
2018160804594,2,9,0,18,0,3,0,0,0,0,3,1,2,2,33,6,1149,1,12,1,1,1
2018160804649,1,11,0,5,0,0,0,0,0,0,0,1,1,3,-1,-1,4461,2,3,-1,-1,-1
2018160804649,2,9,0,18,0,0,0,0,0,0,0,1,6,1,35,6,1461,2,13,2,1,2
2018160804666,1,1,0,18,9,0,0,0,0,0,1,1,6,1,37,7,-1,-1,-1,-1,-1,-1
2018160804683,1,9,0,5,0,1,0,0,0,0,1,1,6,3,-1,-1,-1,-1,-1,-1,-1,-1
2018160804695,1,9,0,18,0,0,0,0,0,0,1,1,5,1,23,5,1596,1,2,3,1,3
2018160804697,1,9,0,11,0,5,0,0,0,0,1,1,2,1,50,8,2198,2,13,1,1,1
2018160804697,2,1,0,18,0,1,0,0,0,0,1,1,6,1,26,6,-1,-1,-1,6,1,6
2018160804708,1,9,0,16,0,0,5,0,7,0,1,1,5,1,29,6,1596,1,14,3,1,3
2018160804709,1,9,0,7,0,1,1,0,7,0,1,1,2,2,57,9,1364,1,4,6,1,6
2018160804715,1,9,0,18,0,0,1,10,7,0,1,1,5,1,33,6,2993,2,12,7,2,7
2018160804758,1,3,0,18,0,0,0,4,0,0,1,1,5,1,28,6,125,1,3,-1,-1,-1
2018160804758,2,9,0,2,0,0,0,0,0,0,2,1,6,3,-1,-1,-1,-1,-1,-1,-1,-1
2018160804766,1,9,0,4,0,0,0,0,0,0,2,1,2,1,26,6,1497,1,13,7,1,7
2018160804766,2,9,0,4,0,0,0,0,0,0,2,1,2,1,55,8,1368,1,8,3,1,3
2018160804766,3,9,0,18,0,0,0,0,0,0,1,1,2,2,41,7,2179,2,6,1,1,1
2018160804770,1,9,0,18,0,2,0,0,0,0,4,1,6,2,25,5,1339,1,4,3,1,3
2018160804778,1,19,0,18,0,0,0,0,0,0,0,1,6,3,-1,-1,1995,2,5,-1,-1,-1
2018160804778,2,9,0,18,0,0,1,0,5,6,3,1,6,1,59,9,1596,1,12,7,1,7
2018160804779,1,8,0,18,0,0,0,0,0,0,4,1,1,1,42,7,1997,2,10,3,1,3
2018160804780,1,9,0,18,0,0,0,0,0,0,1,1,1,1,42,7,1461,2,2,9,1,9
2018160804792,1,8,0,1,0,0,0,0,0,0,4,1,1,3,-1,-1,-1,-1,-1,-1,-1,-1
2018160804793,1,19,0,3,0,0,0,0,0,0,1,1,6,1,59,9,10837,2,3,8,2,8
2018160804793,2,9,0,5,0,0,0,0,0,0,2,1,6,2,35,6,2198,1,12,7,1,7
2018160804795,1,9,0,5,0,4,0,0,0,0,1,1,5,1,80,11,1086,1,10,3,1,3
2018160804795,2,1,0,18,0,8,0,0,0,0,2,1,2,1,57,9,-1,-1,-1,7,3,7
2018160804814,1,9,0,18,0,0,0,0,0,0,1,1,6,3,-1,-1,-1,-1,-1,-1,-1,-1
2018160804814,2,9,0,3,0,0,0,0,0,0,2,1,6,2,22,5,1242,1,5,2,1,2
2018160804821,1,11,0,18,0,0,0,0,0,0,0,1,1,1,20,4,7300,2,12,1,1,1
2018160804821,2,-1,0,11,0,0,0,0,0,0,0,1,6,3,-1,-1,-1,-1,-1,-1,-1,-1
2018160804822,1,9,0,7,0,8,0,0,1,0,1,1,5,2,75,10,998,1,12,9,2,9
2018160804844,1,19,0,2,0,0,0,0,0,0,3,1,6,1,39,7,1995,2,-1,6,1,6
2018160804844,2,1,0,18,0,0,0,0,0,0,1,1,6,1,47,8,-1,-1,-1,2,1,2
2018160804942,1,19,0,18,0,8,1,0,0,0,3,1,1,1,26,6,2143,2,-1,3,1,3
2018160804942,2,9,0,18,0,8,0,11,1,10,3,1,5,1,76,11,-1,-1,-1,1,2,1
2018160805146,1,1,0,18,0,4,0,0,0,0,1,1,2,1,58,9,-1,-1,-1,5,1,5
2018160805146,2,9,0,9,0,4,0,0,0,0,1,1,6,3,32,6,-1,-1,-1,-1,-1,-1
2018160805163,1,21,0,18,0,0,0,0,0,0,2,1,1,1,56,9,12740,2,4,2,1,2
2018160805163,2,17,0,18,0,0,5,0,1,0,1,1,1,1,26,6,4400,2,5,6,3,6
2018160805170,1,11,0,2,0,0,0,0,0,0,1,1,1,1,45,7,4500,2,11,4,1,4
2018160805173,1,9,0,10,0,1,0,0,0,0,2,1,5,1,23,5,1360,1,14,2,1,2
2018160805173,2,9,0,18,0,1,0,0,0,0,1,1,5,2,63,9,-1,-1,-1,2,1,2
2018160805174,1,9,0,18,0,0,0,0,0,0,1,1,2,1,24,5,1124,1,13,2,1,2
2018160805174,2,1,0,18,0,0,0,0,1,0,2,1,6,1,18,4,-1,-1,-1,1,1,1
2018160805176,1,9,0,18,0,8,0,0,0,0,3,1,5,2,57,9,1991,1,-1,9,3,9
2018160805176,2,9,0,9,0,8,0,0,0,0,3,1,5,1,81,11,1560,2,10,5,2,5
2018160805178,1,9,0,18,0,0,0,0,0,0,1,1,2,1,35,6,1968,2,11,1,1,1
2018160805178,2,9,0,12,0,0,0,0,0,0,3,1,6,2,22,5,998,1,10,8,1,8
2018160805198,1,9,0,18,0,1,0,0,0,0,4,1,5,1,76,11,2987,2,3,9,2,9
2018160805201,1,9,0,18,0,0,0,0,0,0,4,1,5,1,28,6,1560,2,2,6,3,6
2018160805201,2,1,0,18,5,0,2,0,1,0,3,1,6,1,69,10,-1,-1,-1,-1,-1,-1
2018160805228,1,9,0,18,0,0,0,0,0,0,1,1,6,3,32,6,-1,-1,-1,-1,-1,-1
2018160805229,1,9,0,18,0,1,5,0,0,0,1,1,5,2,35,6,999,1,1,5,-1,5
2018160805229,2,9,0,2,0,1,0,0,0,0,2,1,6,3,-1,-1,-1,-1,-1,-1,-1,-1
2018160805230,1,9,0,4,0,1,0,0,0,0,1,1,5,1,64,9,1598,1,15,-1,-1,-1
2018160805242,1,9,0,8,0,1,0,0,0,0,2,1,2,2,37,7,1242,1,8,1,1,1
2018160805242,2,9,0,7,0,2,0,0,0,0,1,1,5,1,20,4,1197,1,7,3,3,3
2018160805258,1,9,0,9,0,0,0,0,0,0,1,1,2,1,36,7,1997,2,14,4,3,4
2018160805258,2,9,0,18,0,0,0,0,1,0,1,1,5,1,43,7,1598,1,13,7,3,7
2018160805258,3,9,0,18,0,0,0,0,1,0,1,1,5,1,84,11,1395,1,1,7,1,7
2018160805263,1,9,0,18,0,0,0,0,7,4,1,1,6,2,20,4,999,1,2,6,1,6
2018160805279,1,9,0,18,0,1,0,0,0,0,1,1,6,1,37,7,2179,2,11,-1,-1,-1
2018160805291,1,9,0,18,0,8,0,0,0,0,4,1,6,2,27,6,1796,1,11,3,1,3
2018160805291,2,9,0,7,0,8,0,0,0,0,4,1,6,3,-1,-1,-1,-1,-1,-1,-1,-1
2018160805291,3,9,0,2,0,8,0,0,0,0,4,1,6,1,-1,-1,-1,-1,-1,-1,-1,-1
2018160805294,1,97,0,4,0,1,0,0,0,0,1,1,1,1,16,4,-1,-1,-1,10,1,10
2018160805294,2,9,0,4,0,1,0,0,0,0,2,1,2,1,32,6,-1,-1,-1,3,1,3
2018160805304,1,19,0,18,0,0,0,10,1,0,4,1,6,2,49,8,1499,2,-1,6,3,6
2018160805308,1,9,0,18,0,0,0,0,0,0,1,1,5,1,76,11,1499,2,1,8,2,8
2018160805308,2,9,0,18,0,0,0,0,0,0,1,1,2,1,62,9,1499,2,-1,10,1,10