Accident_Index,Vehicle_Reference,Vehicle_Type,Towing_and_Articulation,Vehicle_Manoeuvre,Vehicle_Location-Restricted_Lane,Junction_Location,Skidding_and_Overturning,Hit_Object_in_Carriageway,Vehicle_Leaving_Carriageway,Hit_Object_off_Carriageway,1st_Point_of_Impact,Was_Vehicle_Left_Hand_Drive?,Journey_Purpose_of_Driver,Sex_of_Driver,Age_of_Driver,Age_Band_of_Driver,Engine_Capacity_(CC),Propulsion_Code,Age_of_Vehicle,Driver_IMD_Decile,Driver_Home_Area_Type,Vehicle_IMD_Decile
2018170H10708,2,1,0,18,0,7,0,0,0,0,4,1,6,1,74,10,-1,-1,-1,2,1,2
2018170H10718,1,9,0,18,0,8,0,0,0,0,1,1,6,3,-1,-1,-1,-1,-1,-1,-1,-1
2018170H10728,1,9,0,9,0,8,0,0,0,0,4,1,6,1,36,7,1398,1,6,3,1,3
2018170H10738,1,9,0,18,0,0,0,0,0,0,4,1,6,2,31,6,1206,1,9,-1,-1,-1
2018170H10748,1,9,0,3,0,0,0,0,0,0,2,1,2,2,36,7,1968,2,10,5,1,5
2018170H10748,2,9,0,3,0,0,0,0,0,0,2,1,2,1,38,7,1956,2,6,2,1,2
2018170H10748,3,19,0,18,0,0,0,0,1,9,1,1,1,1,48,8,2402,2,8,1,1,1
2018170H10758,1,9,0,18,0,0,0,0,1,9,1,1,1,1,55,8,1461,2,3,-1,-1,-1
2018170H10768,1,9,0,18,0,8,0,0,0,0,1,1,6,2,23,5,-1,-1,-1,7,1,7
2018170H10778,1,9,0,9,0,8,0,0,0,0,1,1,6,2,58,9,1796,1,15,1,1,1
2018170H10778,2,9,0,18,0,8,0,0,0,0,1,1,6,1,54,8,998,1,14,-1,-1,-1
2018170H10788,1,9,0,9,0,4,0,0,0,0,1,1,6,3,-1,-1,-1,-1,-1,-1,-1,-1
2018170H10788,2,1,0,18,0,8,0,0,0,0,4,1,6,1,50,8,-1,-1,-1,2,1,2
2018170H10798,1,11,0,18,0,2,0,0,0,0,1,1,1,1,61,9,3900,2,12,-1,-1,-1
2018170H10808,1,19,0,18,0,0,0,0,0,0,1,1,6,1,48,8,1598,2,-1,2,1,2
2018170H10818,1,9,0,18,0,2,0,0,0,0,1,1,6,3,-1,-1,-1,-1,-1,-1,-1,-1
2018170H10828,1,19,0,16,0,2,0,0,0,0,1,1,6,2,58,9,2198,2,10,-1,-1,-1
2018170H10828,2,9,0,17,0,1,0,0,0,0,1,1,6,1,66,10,1598,2,2,7,3,7
2018170H10838,1,9,0,18,0,1,0,0,0,0,1,1,6,1,19,4,1398,1,2,-1,-1,-1
2018170L10038,1,9,0,18,0,0,1,0,7,4,1,1,6,1,39,7,1242,1,11,1,1,1
2018170L10088,1,17,4,9,0,2,0,0,0,0,2,1,1,1,27,6,6788,2,8,8,3,8
2018170L10088,2,9,0,18,0,2,0,0,0,0,1,1,6,1,52,8,1968,2,11,3,1,3
2018170L10088,3,9,0,18,0,1,0,0,0,0,1,1,6,2,36,7,2143,2,4,3,3,3
2018170L10118,1,9,0,9,0,8,0,0,0,0,1,1,6,1,38,7,2993,2,2,10,3,10
2018170L10118,2,9,0,18,0,8,0,0,0,0,1,1,6,2,18,4,998,1,15,3,3,3
2018170L10128,1,9,0,16,0,0,1,0,0,0,1,1,6,1,30,6,1560,2,7,-1,-1,-1
2018170L10128,2,9,0,17,0,0,0,0,0,0,1,1,6,2,45,7,1398,1,4,1,1,1
2018170L10168,1,9,0,18,0,0,0,0,0,0,1,1,6,1,60,9,1498,1,-1,5,1,5
2018170L10198,1,9,0,8,0,8,0,0,0,0,3,1,6,1,24,5,1799,1,11,6,1,6
2018170L10198,2,9,0,18,0,8,0,0,0,0,1,1,6,2,25,5,1242,1,15,-1,-1,-1
2018170L10208,1,9,0,17,0,0,5,0,1,9,1,1,6,1,58,9,1586,1,11,1,2,1
2018170L10248,1,9,0,18,0,0,1,0,0,0,1,1,2,1,42,7,1796,1,12,5,2,5
2018170L10248,2,9,0,18,0,0,0,0,0,0,1,1,2,1,28,6,1753,2,9,4,2,4
2018170L10268,1,9,0,18,0,8,0,0,0,0,1,1,6,1,57,9,1364,7,12,10,1,10
2018170L10268,2,9,0,9,0,8,0,0,0,0,3,1,6,2,61,9,1399,1,10,2,2,2
2018170L10278,1,9,0,18,0,0,1,0,7,0,1,1,6,1,20,4,-1,-1,-1,6,1,6
2018170L10298,1,9,0,18,0,8,0,0,0,0,4,1,6,1,61,9,-1,-1,-1,2,2,2
2018170L10298,2,9,0,18,0,8,0,0,0,0,1,1,6,1,27,6,-1,-1,-1,-1,-1,-1
2018170L10318,1,9,0,10,0,1,0,0,0,0,2,1,6,2,48,8,1560,2,5,10,3,10
2018170L10318,2,19,0,18,0,1,0,0,0,0,1,1,1,1,34,6,2148,2,9,1,1,1
2018170L10358,1,5,0,16,0,0,0,0,4,6,1,1,6,1,70,10,1462,1,10,2,1,2
2018170L10408,1,5,0,18,0,4,0,9,3,0,1,1,6,1,40,7,1000,1,13,2,2,2
2018170L10448,1,9,0,18,0,1,0,0,0,0,1,1,6,2,54,8,1598,2,1,3,3,3
2018170L10448,2,1,0,18,0,6,0,0,0,0,1,1,4,1,10,2,-1,-1,-1,6,1,6
2018170L10578,1,21,0,7,9,6,0,0,0,0,4,1,1,1,32,6,10518,2,3,1,1,1
2018170L10648,1,9,0,3,0,0,0,0,0,0,2,1,6,2,51,8,998,1,6,2,2,2
2018170L10648,2,9,0,3,0,0,0,0,0,0,2,1,6,2,43,7,-1,-1,-1,2,3,2
2018170L10648,3,9,0,18,0,0,0,0,0,0,1,1,6,2,27,6,1397,1,9,6,2,6
2018170L10698,1,9,0,17,0,0,0,0,0,0,1,1,6,1,36,7,1499,1,2,9,1,9
2018170L10698,2,5,0,16,0,0,1,0,7,9,1,1,6,1,43,7,-1,-1,-1,8,1,8
2018170L10748,1,5,0,17,0,0,1,0,1,9,1,1,6,1,55,8,998,1,7,-1,-1,-1
2018170L10838,1,9,0,18,0,8,0,0,0,0,1,1,6,2,73,10,1797,8,3,8,1,8
2018170L10838,2,19,0,18,0,6,0,0,0,0,3,1,6,1,58,9,1248,2,11,2,3,2
2018170L10888,1,10,0,4,0,0,0,0,0,0,2,1,1,1,28,6,-1,-1,-1,2,1,2
2018170L10888,2,9,0,18,0,0,0,0,0,0,1,1,6,1,30,6,2497,2,13,2,1,2
2018170L10908,1,9,0,18,0,1,0,0,0,0,3,1,6,1,61,9,-1,-1,-1,10,1,10
2018170L10978,1,19,0,18,0,1,0,0,0,0,1,1,1,1,36,7,2198,2,7,4,1,4
2018170L10978,2,9,0,4,0,1,0,0,0,0,2,1,6,2,39,7,1461,2,6,4,1,4
2018170L10998,1,9,0,9,0,6,0,0,0,0,1,1,6,1,78,11,1596,1,7,1,1,1
2018170L10998,2,9,0,18,0,8,5,0,0,0,1,1,6,2,37,7,1560,2,8,3,1,3
2018170L11058,1,9,0,1,0,0,0,0,0,0,2,1,6,2,50,8,1910,2,8,1,1,1
2018170L11088,1,8,0,18,0,0,0,0,0,0,3,1,1,1,32,6,2198,2,3,2,2,2
2018170L11098,1,9,0,18,0,0,0,0,0,0,3,1,6,2,73,10,1198,1,2,3,2,3
2018170L11118,1,9,0,18,0,0,5,10,2,0,1,1,6,1,54,8,1988,2,13,5,1,5
2018170L11158,1,19,0,18,0,0,0,0,0,0,3,1,1,1,50,8,-1,-1,-1,-1,-1,-1
2018170L11158,2,9,0,13,0,0,0,0,7,3,4,1,6,1,73,10,998,1,7,5,3,5
2018170L11168,1,9,0,9,0,8,0,0,0,0,3,1,6,2,26,6,1229,1,11,2,2,2
2018170L11168,2,19,0,18,0,8,0,0,0,0,1,1,1,1,55,8,1968,2,9,10,1,10
2018170L11178,1,9,0,17,0,0,1,0,1,9,4,1,6,1,22,5,1229,1,10,3,1,3
2018170L11188,1,9,0,4,0,0,0,0,0,0,2,1,6,2,45,7,1560,2,10,8,2,8
2018170L11188,2,9,0,18,0,0,0,0,0,0,1,1,6,1,27,6,1796,1,18,1,2,1
2018170L11238,1,9,0,18,0,0,5,0,1,0,1,1,2,1,28,6,2477,2,13,2,3,2
2018170L11238,2,9,0,2,0,0,0,0,0,0,2,1,6,1,47,8,-1,-1,-1,2,3,2
2018170L11278,1,19,0,18,0,0,0,0,0,0,1,1,6,3,-1,-1,-1,-1,-1,-1,-1,-1
2018170L11288,1,9,0,18,0,0,0,0,0,0,1,1,6,1,72,10,1956,2,8,2,1,2
2018170L11288,2,9,0,2,0,0,0,0,0,0,2,1,6,2,39,7,1395,1,-1,7,1,7
2018170L11308,1,9,0,18,0,3,0,0,0,0,2,1,6,2,39,7,1560,2,5,2,2,2
2018170L11308,2,9,0,18,0,3,0,0,0,0,1,1,6,1,-1,-1,1560,2,4,9,1,9
2018170L11368,1,9,0,9,0,8,0,0,0,0,3,1,6,1,75,10,1998,2,13,2,2,2
2018170L11368,2,9,0,18,0,8,0,0,0,0,1,1,6,1,63,9,1598,1,7,1,1,1
2018170L11378,1,9,0,3,0,1,0,0,0,0,2,1,6,2,21,5,1242,1,7,3,3,3
2018170L11378,2,9,0,18,0,1,0,0,0,0,1,1,6,1,21,5,998,1,9,10,1,10
2018170L20018,1,9,0,18,0,0,0,0,1,10,1,1,6,1,34,6,1968,2,1,9,1,9
2018170L20028,1,9,0,18,0,0,1,0,1,11,1,1,6,2,55,8,1956,2,7,1,1,1
2018170L20048,1,9,0,18,0,0,0,0,0,0,1,1,1,1,54,8,2268,2,7,1,2,1
2018170L20058,1,9,0,10,0,1,0,0,0,0,2,1,6,2,45,7,1390,1,6,1,1,1
2018170L20058,2,9,0,18,0,1,0,0,0,0,1,1,6,1,21,5,1248,2,6,1,1,1
2018170L20078,1,9,0,18,0,3,0,10,4,6,4,1,2,1,24,5,1229,1,13,3,1,3
2018170L20098,1,9,0,18,0,0,0,0,0,0,1,1,6,1,19,4,1422,2,9,5,1,5
2018170L20108,1,9,0,18,0,0,0,0,0,0,1,1,2,1,51,8,1598,2,4,9,1,9
2018170L20108,2,9,0,3,0,0,0,0,0,0,2,1,2,2,39,7,1596,1,10,8,2,8
2018170L20148,1,9,0,18,0,2,0,0,0,0,1,1,6,1,37,7,1390,1,10,1,1,1
2018170L20158,1,9,0,9,0,8,0,0,0,0,1,1,6,1,31,6,1599,1,16,1,1,1
2018170L20178,1,9,0,9,0,8,0,0,0,0,1,1,6,1,73,10,2685,2,14,1,1,1
2018170L20178,2,3,0,18,0,8,0,0,0,0,1,1,6,1,29,6,125,1,1,1,1,1
2018170L20238,1,9,0,4,0,1,1,0,0,0,1,1,6,2,22,5,1390,1,4,2,1,2
2018170L20238,2,9,0,18,0,8,0,0,0,0,4,1,6,2,37,7,1086,1,12,2,1,2
2018170L20258,1,9,0,18,0,0,0,0,0,0,1,1,6,3,-1,-1,-1,-1,-1,-1,-1,-1
2018170L20308,1,9,0,18,0,0,0,0,0,0,1,1,6,3,-1,-1,-1,-1,-1,-1,-1,-1
2018170L20348,1,19,0,2,0,0,0,0,0,0,0,1,1,1,42,7,1560,2,3,7,1,7
2018170L20348,2,9,0,18,0,0,0,0,1,0,1,1,2,1,33,6,1796,1,12,1,1,1
2018170L20398,1,9,0,1,0,0,0,0,0,0,2,1,6,3,-1,-1,-1,-1,-1,-1,-1,-1
2018170L20398,2,1,0,18,0,0,0,0,0,0,4,1,6,1,43,7,-1,-1,-1,1,1,1
2018170L20418,1,9,0,3,0,0,0,0,0,0,2,1,6,2,60,9,1598,1,8,5,1,5
2018170L20418,2,9,0,3,0,0,0,0,0,0,2,1,6,1,40,7,1997,2,11,3,1,3
2018170L20418,3,9,0,3,0,0,0,0,0,0,2,1,6,1,72,10,1395,1,1,1,1,1
2018170L20418,4,9,0,18,0,0,0,0,0,0,1,1,6,1,72,10,1596,1,14,4,1,4
2018170L20438,1,9,0,18,0,0,5,0,0,0,1,1,2,2,53,8,1461,2,2,6,1,6
2018170L20438,2,9,0,2,0,0,0,0,0,0,2,1,6,2,53,8,1197,1,2,2,1,2
2018170L20458,1,9,0,9,0,8,0,0,0,0,1,1,6,1,20,4,1598,1,10,2,1,2
2018170L20458,2,1,0,18,0,8,0,0,0,0,1,1,2,1,54,8,-1,-1,-1,8,2,8
2018170L20498,1,9,0,18,0,0,0,0,0,0,4,1,6,3,-1,-1,-1,-1,-1,-1,-1,-1
2018170L20498,2,9,0,2,0,0,0,0,0,0,4,1,6,2,37,7,1461,2,7,5,1,5
2018170L20518,1,9,0,18,0,8,0,0,0,0,4,1,6,1,50,8,1598,1,11,1,1,1
2018170L20518,2,9,0,7,0,8,0,0,0,0,1,1,6,3,-1,-1,-1,-1,-1,-1,-1,-1
2018170L20568,1,9,0,18,0,1,0,0,0,0,1,1,6,1,38,7,1598,1,12,1,1,1
2018170L20568,2,1,0,18,0,6,0,0,0,0,1,1,6,1,61,9,-1,-1,-1,3,3,3
2018170L20588,1,5,0,18,0,3,0,0,0,0,1,1,2,1,51,8,748,1,9,5,1,5
2018170L20588,2,9,0,9,0,7,0,0,0,0,3,1,2,2,21,5,1242,1,9,2,1,2
2018170L20638,1,9,0,18,0,8,0,0,0,0,1,1,2,2,22,5,1229,1,3,1,1,1
2018170L20638,2,5,0,18,0,8,0,0,0,0,4,1,2,1,58,9,1255,1,8,4,1,4
2018170L20658,1,9,0,18,0,0,0,0,0,0,4,1,6,1,37,7,1956,2,3,1,1,1
2018170L20668,1,9,0,18,6,0,0,0,1,0,1,1,2,1,19,4,1368,1,8,7,1,7
2018170L20668,2,21,1,2,6,0,0,0,0,0,2,1,1,1,50,8,-1,-1,-1,-1,-1,-1
2018170L20718,1,8,0,6,0,0,0,7,0,0,2,1,1,1,35,6,1598,2,3,-1,-1,-1
2018170L20768,1,9,0,9,0,1,0,0,0,0,3,1,6,2,26,6,1598,2,6,2,1,2
2018170L20768,2,9,0,13,0,1,0,0,0,0,1,1,6,1,42,7,1560,2,2,-1,-1,-1
2018170L20828,1,9,0,10,0,1,0,0,0,0,2,1,6,1,67,10,1582,2,3,8,1,8
2018170L20828,2,9,0,3,0,1,0,0,0,0,2,1,6,1,32,6,1997,2,10,9,1,9
2018170L20828,3,9,0,18,0,1,0,0,0,0,1,1,6,1,32,6,1896,2,10,-1,-1,-1
2018170L20848,1,9,0,18,0,0,0,0,0,0,1,1,6,1,28,6,1910,2,10,1,1,1
2018170L20878,1,9,0,18,0,8,0,0,7,1,1,1,6,2,30,6,1198,1,13,1,1,1
2018170L20878,2,9,0,9,0,8,0,0,0,0,1,1,6,1,53,8,1598,2,5,8,1,8
2018170L20938,1,9,0,7,0,8,0,0,0,0,4,1,3,2,35,6,1598,2,7,4,1,4
2018170L20938,2,1,0,18,0,6,0,0,0,0,1,1,4,1,14,3,-1,-1,-1,5,1,5
2018170L20968,1,11,0,18,0,1,0,0,0,0,1,1,1,1,63,9,-1,-1,-1,5,1,5
2018170L21018,1,9,0,16,0,2,0,0,0,0,1,1,6,2,47,8,2148,2,12,1,1,1
2018170L21018,2,21,0,18,0,1,0,0,0,0,1,1,1,1,52,8,10837,2,2,3,1,3
2018170L21048,1,8,0,18,0,0,0,0,1,7,1,1,1,1,22,5,1598,2,2,1,1,1
2018170L21068,1,9,0,18,0,1,0,0,0,0,1,1,6,2,-1,-1,1685,2,5,-1,-1,-1
2018170L21078,1,9,0,18,0,0,1,0,1,4,1,1,6,2,37,7,1686,2,4,6,2,6
2018170L21138,1,9,0,3,0,1,0,0,0,0,2,1,6,2,25,5,1398,2,14,1,1,1
2018170L21138,2,9,0,18,0,1,0,0,0,0,1,1,6,2,30,6,1242,1,11,4,1,4
2018170L21248,1,9,0,18,0,2,0,0,0,0,3,1,6,2,24,5,1242,1,3,2,1,2
2018170L21298,1,9,0,14,0,0,0,0,0,0,1,1,6,3,-1,-1,-1,-1,-1,-1,-1,-1
2018170L21318,1,9,0,18,0,8,0,0,0,0,1,1,6,2,61,9,1461,2,2,7,1,7
2018170L21318,2,9,0,9,0,8,0,0,0,0,3,1,6,1,48,8,2400,2,2,1,1,1
2018170L21388,1,9,0,3,0,1,0,0,0,0,2,1,6,2,23,5,1596,1,11,8,2,8
2018170L21388,2,9,0,18,0,1,0,0,0,0,1,1,6,2,30,6,1896,2,9,1,1,1
2018170L30218,1,9,0,9,0,8,0,0,0,0,3,1,2,2,18,4,1149,1,16,8,1,8
2018170L30218,2,9,0,18,0,8,0,0,0,0,1,1,2,2,34,6,1422,2,14,1,1,1
2018170L30228,1,5,0,18,0,1,1,0,0,0,3,1,6,1,48,8,-1,-1,-1,9,1,9
2018170L30328,1,97,0,18,0,5,0,0,0,0,1,1,6,3,-1,-1,-1,-1,-1,-1,-1,-1
2018170L30328,2,1,0,18,0,2,0,0,0,0,4,1,6,1,72,10,-1,-1,-1,1,1,1
2018170L30368,1,9,3,18,0,8,0,0,0,0,1,1,6,1,54,8,1000,1,4,4,1,4
2018170L30368,2,9,0,10,0,1,0,0,0,0,3,1,6,1,53,8,1364,1,1,6,1,6
2018170L30368,3,9,0,10,0,1,0,0,0,0,3,1,6,1,43,7,-1,-1,-1,1,1,1
2018170L30428,1,9,0,18,0,8,0,0,0,0,3,1,6,3,-1,-1,-1,-1,-1,-1,-1,-1
2018170L30428,2,1,0,18,0,8,0,0,0,0,1,1,6,1,41,7,-1,-1,-1,5,1,5
2018170L30478,1,9,0,9,0,8,0,0,0,0,4,1,6,1,82,11,1586,1,5,7,1,7
2018170L30478,2,9,0,7,0,8,0,0,0,0,3,1,6,1,44,7,2199,2,9,4,1,4
2018170L30488,1,9,0,18,0,8,0,0,0,0,1,1,6,2,25,5,1686,2,13,1,1,1
2018170L30488,2,9,0,9,0,8,0,0,0,0,3,1,6,1,56,9,1998,8,1,2,1,2
2018170L30528,1,9,0,4,0,0,0,0,0,0,2,1,2,2,51,8,1956,2,5,4,1,4
2018170L30528,2,9,0,18,0,0,0,0,0,0,1,1,6,2,24,5,1229,1,4,3,2,3
2018170L30538,1,9,0,18,0,0,0,0,0,0,1,1,2,2,59,9,1461,2,1,9,1,9
2018170L30558,1,9,0,7,0,8,0,0,0,0,4,1,6,2,24,5,1560,2,1,5,3,5
2018170L30558,2,1,0,15,0,8,0,0,0,0,1,1,6,1,50,8,-1,-1,-1,5,2,5
2018170L30608,1,9,0,18,0,0,0,0,0,0,1,1,6,2,50,8,1318,1,2,4,1,4
2018170L30728,1,9,0,10,0,1,0,0,0,0,3,1,6,2,76,11,1389,1,12,3,3,3
2018170L30728,2,9,0,18,0,8,0,0,0,0,1,1,6,1,-1,-1,-1,-1,-1,-1,-1,-1
2018170L30738,1,9,0,18,0,8,0,0,1,7,4,1,6,2,71,10,1984,1,7,7,1,7
2018170L30738,2,9,0,7,0,4,1,0,0,0,1,1,6,1,22,5,1998,1,13,3,2,3
2018170L30758,1,9,0,9,0,8,0,0,0,0,3,1,6,2,36,7,1461,2,6,2,3,2
2018170L30758,2,9,0,18,0,8,0,0,0,0,1,1,6,2,52,8,998,1,3,5,1,5
2018170L30778,1,9,0,18,0,8,1,0,0,0,4,1,6,1,20,4,1596,1,5,5,2,5
2018170L30778,2,9,0,18,0,8,0,0,0,0,3,1,6,2,62,9,1582,2,2,9,2,9
2018170L30788,1,19,0,18,0,2,0,0,0,0,3,1,6,1,30,6,2198,2,4,-1,-1,-1
2018170L30788,2,9,0,3,0,1,0,0,0,0,3,1,6,1,48,8,1596,1,15,5,2,5
2018170L30788,3,8,0,3,0,1,0,0,0,0,3,1,6,1,44,7,1896,2,8,1,1,1
2018170L30788,4,9,0,3,0,1,0,0,0,0,3,1,6,2,84,11,1200,1,3,5,1,5
2018170L30788,5,9,0,3,0,1,0,0,0,0,3,1,6,2,32,6,2495,2,18,1,1,1
2018170L30808,1,9,0,18,0,0,0,0,0,0,4,1,6,1,35,6,999,1,3,5,1,5
2018170L30808,2,1,0,18,0,0,0,0,0,0,3,1,6,1,17,4,-1,-1,-1,7,1,7
2018170L30818,1,9,0,3,0,1,0,0,0,0,2,1,6,1,69,10,998,1,1,-1,-1,-1
2018170L30818,2,9,0,18,0,1,0,0,0,0,1,1,6,2,27,6,-1,-1,-1,-1,-1,-1
2018170L30858,1,9,0,18,0,8,0,0,0,0,4,1,6,1,23,5,1900,2,11,1,2,1
2018170L30858,2,22,0,18,0,6,0,0,0,0,1,1,6,1,96,11,-1,-1,-1,4,1,4
2018170L30868,1,9,0,9,0,8,0,0,0,0,1,1,6,1,27,6,2993,2,11,2,1,2
2018170L30898,1,21,1,9,0,8,0,0,0,0,1,1,1,1,61,9,-1,-1,-1,-1,-1,-1
2018170L30898,2,9,0,18,0,3,5,0,0,0,4,1,2,1,36,7,1598,1,11,2,1,2
2018170L30948,1,9,0,7,0,8,0,0,0,0,1,1,6,1,-1,-1,1973,1,19,-1,-1,-1
2018170L30948,2,9,0,10,0,8,0,0,0,0,1,1,6,2,25,5,1995,1,11,1,1,1
2018170L30958,1,8,0,1,0,0,0,0,0,0,2,1,1,1,62,9,1968,2,2,5,1,5
2018170L31128,1,5,0,18,0,4,1,0,0,0,3,1,6,1,64,9,1298,1,18,4,1,4
2018170L31148,1,9,0,18,0,0,0,0,0,0,1,1,6,2,51,8,1598,1,14,4,1,4
2018170L31208,1,9,0,10,0,1,0,0,0,0,4,1,6,1,18,4,998,1,2,5,1,5
2018170L31208,2,1,0,18,0,6,0,0,0,0,1,1,6,1,16,4,-1,-1,-1,7,1,7
2018170L31228,1,9,0,18,0,8,0,0,0,0,1,1,6,1,73,10,999,1,1,1,1,1
2018170L31228,2,9,0,18,0,8,0,0,1,11,3,1,6,2,35,6,1753,2,15,9,1,9
2018170L31328,1,9,0,7,0,2,0,0,0,0,1,1,6,3,-1,-1,-1,-1,-1,-1,-1,-1
2018170L31338,1,11,0,18,0,1,0,0,0,0,4,1,1,1,44,7,6700,2,8,1,1,1
2018170L40138,1,9,0,3,0,0,0,0,0,0,2,1,6,2,65,9,1397,1,15,3,2,3
2018170L40138,2,9,0,3,0,0,0,0,0,0,2,1,6,2,39,7,2000,2,6,-1,-1,-1
2018170L40138,3,8,0,3,0,0,0,0,0,0,2,1,1,1,40,7,1968,2,3,3,1,3
2018170L40138,4,9,0,18,0,0,0,0,0,0,1,1,6,1,35,6,1994,1,19,-1,-1,-1
2018170L40288,1,9,0,18,0,0,0,0,0,0,3,1,6,1,69,10,998,1,8,3,2,3
2018170L40378,1,9,0,18,0,4,0,0,0,0,1,1,6,2,21,5,1229,1,7,2,1,2
2018170L40378,2,1,0,18,0,8,0,0,0,0,4,1,6,1,30,6,-1,-1,-1,2,1,2
2018170L40388,1,9,0,18,0,0,0,0,0,0,1,1,6,2,54,8,1248,1,7,9,1,9
2018170L40598,1,9,0,18,0,0,0,0,0,0,1,1,6,1,75,10,1395,1,3,8,2,8
2018170L40598,2,8,0,18,0,0,0,0,0,0,1,1,1,1,56,9,1461,2,2,1,1,1
2018170L40678,1,9,0,13,0,0,0,0,7,9,4,1,6,1,21,5,1598,2,6,2,1,2
2018170L40678,2,19,0,18,0,0,5,0,0,0,4,1,6,1,52,8,1248,2,11,6,1,6
2018170L40688,1,9,0,18,0,0,0,0,8,4,1,1,6,1,37,7,2998,1,1,1,1,1
2018170L40708,1,9,0,18,0,0,0,0,1,0,1,1,6,1,19,4,1399,1,2,8,2,8
2018170L40708,2,8,0,18,0,0,0,0,0,0,2,1,1,1,51,8,1995,2,1,5,2,5
2018170L40988,1,9,0,18,0,0,0,0,0,0,1,1,6,2,70,10,998,1,4,8,2,8
2018170L40988,2,9,0,18,0,0,0,0,0,0,1,1,6,2,36,7,1398,2,4,9,2,9
2018170L41038,1,1,0,18,0,0,0,0,0,0,4,1,4,1,11,3,-1,-1,-1,-1,-1,-1
2018170L41038,2,9,0,18,0,0,0,0,0,0,1,1,6,3,-1,-1,-1,-1,-1,-1,-1,-1
2018170L41108,1,9,0,10,0,1,0,0,0,0,2,1,6,1,23,5,1598,2,4,2,3,2
2018170L41108,2,9,0,18,0,1,0,0,0,0,1,1,6,3,-1,-1,2720,2,13,-1,-1,-1
2018170L41258,1,9,0,3,0,1,0,0,0,0,2,1,6,1,-1,-1,1984,1,2,-1,-1,-1
2018170L41258,2,9,0,18,0,1,0,0,0,0,1,1,6,2,20,4,1242,1,7,4,2,4
2018170L41258,3,9,0,18,0,1,0,0,0,0,1,1,6,1,-1,-1,1560,2,4,2,2,2
2018170L41258,4,9,0,18,0,1,0,0,0,0,1,1,6,2,-1,-1,1560,2,5,-1,-1,-1
2018170L41268,1,9,0,18,0,0,0,0,0,0,1,1,6,2,78,11,1341,1,15,8,2,8
2018170L41348,1,9,0,18,0,1,0,0,0,0,4,1,6,1,37,7,1364,1,-1,5,1,5
2018170L41358,1,9,0,18,0,0,0,0,0,0,1,1,6,1,-1,-1,1598,2,6,-1,-1,-1
2018170L50068,1,9,0,18,0,0,0,0,0,0,1,1,2,1,23,5,1242,1,16,1,3,1
2018170L50338,1,9,0,18,0,1,0,0,0,0,1,1,2,1,37,7,1596,1,6,3,3,3
2018170L50548,1,9,0,3,0,2,0,0,0,0,2,1,3,2,26,6,1796,1,13,2,2,2
2018170L50548,2,9,0,18,0,2,0,0,0,0,1,1,6,1,-1,-1,-1,-1,-1,-1,-1,-1
2018170M10018,1,1,0,18,0,8,0,0,0,0,4,1,2,1,21,5,-1,-1,-1,2,1,2
2018170M10018,2,9,0,7,0,6,0,0,0,0,1,1,2,1,34,6,-1,-1,-1,1,1,1
2018170M10028,1,9,0,7,0,6,0,0,0,0,1,1,6,1,30,6,1968,2,10,3,1,3
2018170M10028,2,8,0,18,0,8,0,0,0,0,4,1,1,1,32,6,-1,-1,-1,7,1,7
2018170M10048,1,11,0,5,0,0,0,0,0,0,0,1,1,1,44,7,6696,2,4,-1,-1,-1
2018170M10058,1,23,0,18,0,6,0,0,0,0,1,1,6,1,12,3,-1,-1,-1,1,1,1
2018170M10058,2,9,0,4,0,1,0,0,0,0,3,1,6,1,43,7,1997,2,7,5,1,5
2018170M10068,1,9,0,3,0,1,0,0,0,0,2,1,6,2,47,8,1598,2,3,1,1,1
2018170M10068,2,9,0,18,0,1,0,0,0,0,1,1,6,3,-1,-1,-1,-1,-1,-1,-1,-1
2018170M10078,1,8,0,18,0,0,0,0,0,0,1,1,1,1,31,6,1598,2,2,1,1,1
2018170M10078,2,19,0,2,0,0,0,0,0,0,2,1,6,1,49,8,1968,2,3,1,1,1
2018170M10078,3,19,0,18,0,0,0,0,0,0,1,1,6,1,24,5,1753,2,12,1,1,1
2018170M10088,1,9,0,18,0,0,0,0,0,0,1,1,6,1,58,9,1988,2,14,-1,-1,-1
2018170M10088,2,1,0,18,0,0,0,0,0,0,3,1,6,1,61,9,-1,-1,-1,2,1,2
2018170M10098,1,9,0,9,0,1,0,0,0,0,2,1,6,2,36,7,1461,2,2,1,1,1
2018170M10098,2,4,0,18,0,1,0,0,0,0,1,1,6,1,-1,-1,-1,-1,-1,-1,-1,-1
2018170M10108,1,8,0,3,0,0,0,0,0,0,2,1,1,1,52,8,1968,2,6,1,1,1
2018170M10108,2,19,0,3,0,0,0,0,0,0,2,1,1,1,32,6,1868,2,12,1,1,1
2018170M10108,3,21,0,18,0,0,0,0,0,0,1,1,1,1,27,6,4461,2,10,8,1,8
2018170M10118,1,9,0,6,0,0,0,0,0,0,3,1,6,2,78,11,2231,2,10,2,1,2
2018170M10118,2,19,0,18,0,0,0,0,0,0,1,1,6,1,53,8,-1,-1,-1,9,1,9
2018170M10128,1,19,0,18,0,8,0,0,7,10,1,1,6,1,30,6,2198,2,2,5,1,5
2018170M10128,2,9,0,18,0,8,0,0,1,10,3,1,6,1,18,4,1995,2,-1,7,3,7
2018170M10138,1,9,0,9,0,4,0,0,0,0,1,1,2,2,28,6,1596,1,7,3,1,3
2018170M10138,2,1,0,18,0,8,0,0,0,0,4,1,6,1,66,10,-1,-1,-1,1,1,1
2018170M10148,1,9,0,18,0,0,0,0,0,0,4,1,6,1,26,6,1596,1,13,1,1,1
2018170M10158,1,1,0,18,0,8,0,0,0,0,1,1,2,1,43,7,-1,-1,-1,10,1,10