Accident_Index,Vehicle_Reference,Vehicle_Type,Towing_and_Articulation,Vehicle_Manoeuvre,Vehicle_Location-Restricted_Lane,Junction_Location,Skidding_and_Overturning,Hit_Object_in_Carriageway,Vehicle_Leaving_Carriageway,Hit_Object_off_Carriageway,1st_Point_of_Impact,Was_Vehicle_Left_Hand_Drive?,Journey_Purpose_of_Driver,Sex_of_Driver,Age_of_Driver,Age_Band_of_Driver,Engine_Capacity_(CC),Propulsion_Code,Age_of_Vehicle,Driver_IMD_Decile,Driver_Home_Area_Type,Vehicle_IMD_Decile
2018170M10158,2,9,0,9,0,8,0,0,0,0,1,1,2,2,32,6,1794,1,14,1,1,1
2018170M10168,1,9,0,9,0,2,0,0,0,0,1,1,2,2,-1,-1,1124,1,12,1,1,1
2018170M10178,1,9,0,18,0,0,0,0,0,0,1,1,6,1,30,6,1399,2,10,1,1,1
2018170M10178,2,9,0,4,0,0,0,0,0,0,2,1,6,1,-1,-1,-1,-1,-1,-1,-1,-1
2018170M10188,1,9,0,4,0,1,0,0,0,0,2,1,6,1,52,8,998,1,22,1,1,1
2018170M10188,2,9,0,18,0,1,0,0,0,0,1,1,6,1,-1,-1,-1,-1,-1,-1,-1,-1
2018170M10208,1,9,0,18,0,0,0,0,0,0,1,1,6,1,21,5,1968,2,14,5,1,5
2018170M10208,2,9,0,18,0,0,0,0,0,0,1,1,6,2,38,7,1995,2,1,6,1,6
2018170M10218,1,3,0,16,0,0,1,10,0,0,1,1,6,1,49,8,124,1,1,6,1,6
2018170M10238,1,9,0,9,0,8,0,0,0,0,4,1,6,2,20,4,1229,1,4,6,1,6
2018170M10238,2,9,0,7,0,8,0,0,0,0,3,1,6,1,-1,-1,-1,-1,-1,-1,-1,-1
2018170M10248,1,1,0,18,0,8,0,0,0,0,1,1,6,1,26,6,-1,-1,-1,1,1,1
2018170M10248,2,9,0,9,0,8,0,0,0,0,1,1,6,3,-1,-1,-1,-1,-1,-1,-1,-1
2018170M10268,1,9,0,18,0,8,0,0,0,0,3,1,6,2,34,6,1242,1,6,-1,-1,-1
2018170M10268,2,9,0,9,0,6,0,0,0,0,1,1,6,1,18,4,1149,1,8,-1,-1,-1
2018170M10278,1,19,0,17,0,0,0,0,1,7,4,1,6,1,31,6,-1,-1,-1,2,1,2
2018170M10298,1,11,0,18,0,1,0,0,0,0,1,1,1,1,62,9,-1,2,18,2,1,2
2018170M10308,1,9,0,6,0,0,0,0,0,0,3,1,6,2,34,6,1598,1,11,3,3,3
2018170M10308,2,11,0,18,0,0,0,0,0,0,1,1,1,2,54,8,6700,2,7,1,1,1
2018170M10318,1,9,0,18,0,8,0,0,0,0,1,1,6,1,44,7,1560,2,10,1,1,1
2018170M10318,2,9,0,18,0,8,0,0,0,0,4,1,6,2,39,7,1997,2,15,1,1,1
2018170M10328,1,9,0,18,0,1,0,0,0,0,1,1,6,2,39,7,1242,1,4,4,1,4
2018170M10348,1,9,0,7,0,7,0,0,0,0,1,1,6,2,69,10,-1,-1,-1,6,1,6
2018170M10348,2,1,0,18,0,8,0,0,0,0,4,1,6,1,48,8,-1,-1,-1,7,1,7
2018170M10368,1,11,0,17,0,0,0,0,0,0,0,1,1,1,42,7,-1,-1,-1,1,1,1
2018170M10378,1,9,0,18,0,8,0,0,0,0,1,1,6,3,-1,-1,-1,-1,-1,-1,-1,-1
2018170M10378,2,9,0,9,0,8,0,0,0,0,3,1,1,2,42,7,898,1,3,1,1,1
2018170M10398,1,9,0,18,0,8,0,0,0,0,1,1,6,2,55,8,1086,1,12,8,1,8
2018170M10398,2,9,0,9,0,8,0,0,0,0,1,1,6,1,-1,-1,1560,2,5,-1,-1,-1
2018170M10428,1,9,0,10,0,1,0,0,0,0,2,1,6,1,39,7,1968,2,9,1,1,1
2018170M10428,2,9,0,18,0,1,0,0,0,0,1,1,6,1,44,7,1910,2,10,5,1,5
2018170M10448,1,9,0,18,0,0,0,0,0,0,1,1,6,3,-1,-1,-1,-1,-1,-1,-1,-1
2018170M10458,1,9,0,18,0,1,0,0,0,0,1,1,6,1,-1,-1,1896,2,14,-1,-1,-1
2018170M10458,2,9,0,3,0,1,0,0,0,0,2,1,2,1,34,6,1560,2,2,9,1,9
2018170M10468,1,1,0,18,0,8,0,0,0,0,1,1,6,1,28,6,-1,-1,-1,4,1,4
2018170M10468,2,9,0,18,0,8,0,0,0,0,1,1,6,1,50,8,-1,-1,-1,3,2,3
2018170M10498,1,3,0,13,0,8,0,0,7,10,1,1,6,1,17,4,124,1,7,2,1,2
2018170M10498,2,9,0,9,0,8,0,0,0,0,3,1,6,2,19,4,999,1,1,6,1,6
2018170M10508,1,19,0,12,0,1,0,0,0,0,3,1,1,1,-1,-1,-1,-1,-1,-1,-1,-1
2018170M10508,2,1,0,18,0,1,0,0,0,0,4,1,2,1,30,6,-1,-1,-1,2,2,2
2018170M10518,1,1,0,18,0,6,0,0,0,0,1,1,6,1,25,5,-1,-1,-1,1,1,1
2018170M10518,2,9,0,18,0,1,0,0,0,0,1,1,6,1,54,8,1598,1,10,4,1,4
2018170M10528,1,9,0,18,0,0,0,0,0,0,1,1,6,1,37,7,1986,2,10,1,1,1
2018170M10528,2,9,0,9,0,0,0,0,0,0,1,1,6,2,35,6,1242,1,11,1,1,1
2018170M10528,3,9,0,18,0,0,0,0,0,0,2,1,6,2,41,7,1328,1,8,8,1,8
2018170M10528,4,19,0,18,0,0,0,0,0,0,3,1,1,1,24,5,2198,2,3,1,1,1
2018170M10528,5,9,0,18,0,0,0,0,0,0,2,1,6,1,68,10,1599,1,13,3,1,3
2018170M10528,6,9,0,18,0,0,0,0,0,0,1,1,6,2,44,7,1995,2,2,-1,-1,-1
2018170M10548,1,9,0,18,0,0,0,0,0,0,1,1,6,1,-1,-1,-1,-1,-1,-1,-1,-1
2018170M10548,2,1,0,18,0,0,0,0,0,0,2,1,4,1,13,3,-1,-1,-1,1,1,1
2018170M10568,1,9,0,4,0,1,0,0,0,0,2,1,6,1,47,8,1995,2,12,-1,-1,-1
2018170M10568,2,9,0,4,0,1,0,0,0,0,2,1,6,1,35,6,1968,2,8,7,1,7
2018170M10568,3,9,0,18,0,1,0,0,0,0,1,1,6,2,27,6,1368,1,2,6,1,6
2018170M10578,1,9,0,18,0,8,0,0,0,0,1,1,6,2,27,6,1242,1,1,-1,-1,-1
2018170M10578,2,8,0,18,0,8,0,0,0,0,1,1,1,1,62,9,-1,-1,-1,-1,-1,-1
2018170M10588,1,9,0,18,0,0,0,0,0,0,1,1,6,1,-1,-1,1998,1,5,-1,-1,-1
2018170M10588,2,1,0,18,0,0,0,0,0,0,1,1,6,1,7,2,-1,-1,-1,-1,-1,-1
2018170M10628,1,8,0,7,0,2,0,0,0,0,4,1,1,1,33,6,1968,2,3,1,1,1
2018170M10638,1,9,0,7,9,0,0,0,0,0,4,1,6,2,61,9,2993,2,13,1,1,1
2018170M10638,2,1,0,18,9,0,0,0,0,0,1,1,6,1,34,6,-1,-1,-1,1,1,1
2018170M10648,1,11,0,18,0,8,0,0,0,0,1,1,1,2,44,7,6700,2,16,2,1,2
2018170M10658,1,9,0,8,0,1,0,0,0,0,2,1,6,1,31,6,1242,1,8,4,1,4
2018170M10658,2,9,0,18,0,1,0,0,0,0,1,1,6,1,-1,-1,-1,-1,-1,-1,-1,-1
2018170M10668,1,9,0,12,0,6,0,0,0,0,3,1,6,1,25,5,999,1,3,3,1,3
2018170M10668,2,21,1,18,0,8,0,0,0,0,4,1,1,1,-1,-1,-1,-1,-1,-1,-1,-1
2018170M10688,1,9,0,7,0,6,0,0,0,0,4,1,2,1,36,7,1995,2,2,9,1,9
2018170M10698,1,9,0,9,0,8,0,0,0,0,1,1,2,1,37,7,1598,1,5,8,1,8
2018170M10698,2,1,0,18,0,8,0,0,0,0,4,1,2,1,61,9,-1,-1,-1,8,1,8
2018170M10708,1,9,0,1,9,6,0,0,0,0,2,1,6,2,-1,-1,-1,-1,-1,-1,-1,-1
2018170M10708,2,1,0,18,9,8,0,0,0,0,4,1,4,1,12,3,-1,-1,-1,1,1,1
2018170M10718,1,9,0,18,0,8,0,0,0,0,3,1,6,1,31,6,1969,2,3,5,1,5
2018170M10718,2,9,0,18,0,8,0,0,0,0,1,1,6,1,18,4,1598,1,8,2,1,2
2018170M10728,1,9,0,18,0,1,0,0,0,0,3,1,6,1,41,7,2993,2,6,1,1,1
2018170M10728,2,8,0,18,0,2,0,0,0,0,3,1,1,1,22,5,1560,2,2,2,1,2
2018170M10738,1,9,0,9,0,4,0,0,0,0,1,1,6,1,50,8,1598,1,16,1,1,1
2018170M10738,2,1,0,9,0,8,0,0,0,0,4,1,6,2,50,8,-1,-1,-1,1,1,1
2018170M10758,1,9,0,5,0,2,0,0,0,0,4,1,6,2,52,8,996,1,4,1,1,1
2018170M10768,1,9,0,18,0,4,0,0,0,0,1,1,6,2,91,11,1299,1,10,-1,-1,-1
2018170M10768,2,1,0,18,0,8,0,0,0,0,4,1,6,2,50,8,-1,-1,-1,1,1,1
2018170M10778,1,9,0,18,0,0,0,0,0,0,1,1,2,2,57,9,2967,2,12,2,1,2
2018170M10778,2,9,0,4,0,0,0,0,0,0,2,1,2,1,42,7,2000,2,13,1,1,1
2018170M10778,3,9,0,4,0,0,0,0,0,0,2,1,2,1,59,9,1398,2,11,6,1,6
2018170M10778,4,9,0,4,0,0,0,0,0,0,2,1,2,1,35,6,1598,1,1,4,2,4
2018170M10778,5,9,0,4,0,0,0,0,0,0,2,1,2,1,40,7,1386,1,8,9,1,9
2018170M10788,1,9,0,18,0,8,0,0,0,0,3,1,6,2,45,7,1598,1,11,1,1,1
2018170M10788,2,9,0,7,0,8,0,0,0,0,1,1,6,3,-1,-1,3189,1,13,-1,-1,-1
2018170M10798,1,8,0,18,0,0,0,0,0,0,1,1,1,1,34,6,1560,2,4,-1,-1,-1
2018170M10798,2,1,0,18,0,0,0,0,0,0,1,1,6,1,18,4,-1,-1,-1,2,1,2
2018170M10818,1,9,0,18,0,1,0,0,0,0,1,1,6,1,29,6,1598,2,2,7,1,7
2018170M10818,2,1,0,18,0,6,0,0,0,0,1,1,6,1,22,5,-1,-1,-1,-1,-1,-1
2018170M10828,1,2,0,18,0,8,0,0,0,0,0,1,6,2,54,8,49,1,10,1,1,1
2018170M10828,2,8,0,9,0,8,0,0,0,0,0,1,6,3,-1,-1,-1,-1,-1,-1,-1,-1
2018170M10848,1,9,0,9,0,8,0,0,0,0,1,1,6,1,28,6,1398,1,14,1,1,1
2018170M10848,2,1,0,18,0,8,0,0,0,0,1,1,6,1,47,8,-1,-1,-1,8,1,8
2018170M10858,1,9,0,18,0,2,0,0,0,0,1,1,6,2,23,5,999,1,2,1,1,1
2018170M10868,1,21,1,11,0,0,0,0,0,0,4,1,1,1,58,9,12419,2,-1,-1,-1,-1
2018170M10868,2,9,0,18,0,0,0,0,5,0,3,1,2,2,54,8,1229,1,4,1,1,1
2018170M10868,3,9,0,18,0,0,0,0,0,0,3,1,6,2,39,7,2987,2,-1,9,3,9
2018170M10888,1,9,0,9,0,8,0,0,0,0,3,1,6,1,39,7,1199,1,5,8,1,8
2018170M10888,2,1,0,18,0,6,0,0,0,0,1,1,6,1,13,3,-1,-1,-1,9,1,9
2018170M10898,1,9,0,18,0,0,0,0,0,0,1,1,6,1,24,5,-1,3,1,1,1,1
2018170M10938,1,3,0,18,0,2,1,0,0,0,3,1,6,1,20,4,125,1,3,1,1,1
2018170M10938,2,9,0,6,0,2,0,0,0,0,0,1,6,1,34,6,1598,2,1,1,1,1
2018170M10948,1,1,0,18,0,6,0,0,0,0,3,1,6,1,9,2,-1,-1,-1,1,1,1
2018170M10948,2,9,0,9,0,8,0,0,0,0,1,1,6,1,45,7,1870,2,14,2,1,2
2018170M10978,1,9,0,18,0,0,0,0,0,0,1,1,6,1,42,7,1422,2,14,1,1,1
2018170M10978,2,1,0,18,0,0,0,0,0,0,1,1,6,1,36,7,-1,-1,-1,7,1,7
2018170M10998,1,9,0,7,0,8,0,0,0,0,1,1,6,1,30,6,999,1,2,1,1,1
2018170M10998,2,9,0,18,0,8,0,0,0,0,3,1,6,1,44,7,1753,2,10,7,1,7
2018170M11008,1,9,0,18,0,8,0,0,0,0,3,1,6,1,34,6,1229,1,12,1,1,1
2018170M11008,2,9,0,11,0,3,0,0,0,0,4,1,6,1,50,8,1390,1,10,2,1,2
2018170M11018,1,11,0,18,0,8,0,0,0,0,0,1,1,1,62,9,6871,2,9,1,1,1
2018170M11018,2,19,0,9,0,8,0,0,0,0,0,1,6,3,-1,-1,-1,-1,-1,-1,-1,-1
2018170M11028,1,9,0,18,0,0,0,0,0,0,1,1,6,1,87,11,1242,1,9,6,1,6
2018170M11028,2,9,0,2,0,0,0,0,0,0,2,1,6,1,68,10,1686,2,5,7,1,7
2018170M11038,1,9,0,18,0,1,0,0,0,0,1,1,6,1,24,5,1397,1,17,1,1,1
2018170M11038,2,1,0,18,0,6,0,0,0,0,1,1,6,1,22,5,-1,-1,-1,2,1,2
2018170M11058,1,19,0,17,0,0,2,0,2,7,4,1,6,1,27,6,2198,2,11,4,1,4
2018170M11068,1,9,0,18,0,0,0,0,0,0,1,1,6,1,-1,-1,-1,-1,-1,-1,-1,-1
2018170M11078,1,1,0,18,0,0,0,0,0,0,4,1,6,1,48,8,-1,-1,-1,1,1,1
2018170M11078,2,9,0,12,0,0,0,0,0,0,3,1,6,1,-1,-1,-1,-1,-1,-1,-1,-1
2018170M11088,1,9,0,7,0,4,0,0,0,0,1,1,2,2,47,8,1461,2,8,1,1,1
2018170M11088,2,1,0,18,0,8,0,0,0,0,4,1,2,1,58,9,-1,-1,-1,9,1,9
2018170M11098,1,8,0,18,0,2,0,0,0,0,2,1,1,1,53,8,2792,1,2,7,1,7
2018170M11098,2,9,0,18,0,2,0,0,0,0,1,1,6,1,-1,-1,1997,2,1,-1,-1,-1
2018170M11118,1,1,0,18,0,8,0,0,0,0,1,1,6,1,23,5,-1,-1,-1,1,1,1
2018170M11118,2,9,0,18,0,8,0,0,0,0,4,1,6,2,53,8,1796,1,14,4,1,4
2018170M11128,1,9,0,3,0,0,0,0,0,0,2,1,2,2,38,7,-1,-1,-1,8,1,8
2018170M11128,2,9,0,3,0,0,0,0,0,0,2,1,2,1,36,7,-1,-1,-1,1,1,1
2018170M11128,3,9,0,18,0,0,0,0,0,0,1,1,2,1,27,6,-1,-1,-1,9,2,9
2018170M11128,4,19,0,18,0,0,0,0,0,0,1,1,1,1,38,7,2198,2,2,3,1,3
2018170M11138,1,9,0,18,0,8,0,0,0,0,1,1,6,2,22,5,1200,1,2,1,1,1
2018170M11138,2,9,0,18,0,8,0,0,0,0,4,1,6,2,54,8,1598,1,9,3,1,3
2018170M11148,1,9,0,18,0,8,0,0,0,0,1,1,6,1,19,4,1461,2,12,1,1,1
2018170M11148,2,9,0,18,0,8,0,0,0,0,3,1,6,1,56,9,1527,2,20,3,2,3
2018170M11158,1,9,0,18,0,0,0,0,0,0,3,1,6,1,29,6,1598,1,6,7,1,7
2018170M11168,1,9,0,18,0,0,0,0,5,6,3,1,6,1,75,10,998,1,16,6,1,6
2018170M11168,2,9,0,12,0,0,0,0,0,0,0,1,6,3,-1,-1,-1,-1,-1,-1,-1,-1
2018170M11178,1,9,0,7,0,2,0,0,0,0,1,1,6,1,57,9,1149,1,8,1,1,1
2018170M11178,2,1,0,18,0,2,0,0,0,0,4,1,4,1,14,3,-1,-1,-1,2,1,2
2018170M11188,1,9,0,18,0,0,0,0,0,0,2,1,6,1,35,6,1910,2,13,1,1,1
2018170M11188,2,9,0,18,0,0,0,0,0,0,1,1,6,1,43,7,1686,2,14,1,1,1
2018170M11208,1,9,0,18,0,1,0,0,0,0,1,1,2,1,30,6,1229,1,10,-1,-1,-1
2018170M11208,2,9,0,4,0,1,0,0,0,0,2,1,2,1,27,6,998,1,5,7,1,7
2018170M11218,1,9,0,18,0,1,0,0,0,0,1,1,6,1,22,5,1390,1,15,1,1,1
2018170M11218,2,8,0,9,0,1,0,0,0,0,2,1,1,1,29,6,1598,2,3,1,1,1
2018170M11228,1,8,0,3,0,0,0,0,0,0,2,1,1,1,39,7,1598,2,3,1,1,1
2018170M11228,2,1,0,18,0,0,0,0,0,0,1,1,2,1,23,5,-1,-1,-1,3,1,3
2018170M11238,1,9,0,18,0,8,0,0,0,0,1,1,6,1,33,6,1386,1,12,1,1,1
2018170M11238,2,9,0,18,0,8,0,0,0,0,4,1,6,1,40,7,1339,1,4,8,1,8
2018170M11258,1,21,1,12,0,0,0,0,0,0,3,1,1,1,53,8,-1,-1,-1,-1,-1,-1
2018170M11258,2,9,0,18,0,0,0,0,1,7,4,1,6,2,58,9,999,1,6,4,1,4
2018170M11268,1,9,0,4,0,0,0,0,0,0,2,1,6,1,31,6,1968,2,13,4,1,4
2018170M11268,2,9,0,4,0,0,0,0,0,0,2,1,6,1,17,4,1995,2,2,4,1,4
2018170M11268,3,9,0,18,0,0,0,0,0,0,1,1,6,1,63,9,2231,2,11,3,1,3
2018170M11278,1,21,0,2,0,0,0,0,0,0,2,1,1,1,43,7,5880,2,9,4,3,4
2018170M11278,2,9,0,18,0,0,0,0,0,0,1,1,6,1,22,5,1391,1,16,1,1,1
2018170M11328,1,9,0,9,0,4,0,0,0,0,3,1,6,1,65,9,998,1,-1,2,1,2
2018170M11328,2,9,0,18,0,8,0,0,0,0,1,1,6,2,20,4,1332,1,9,4,1,4
2018170M11348,1,9,0,18,0,0,0,0,0,0,3,1,6,1,30,6,1396,2,6,1,1,1
2018170M11348,2,8,0,18,0,0,0,0,0,0,3,1,6,1,47,8,1968,2,2,1,1,1
2018170M11358,1,2,0,18,0,0,0,0,0,0,1,1,6,1,-1,-1,-1,-1,-1,-1,-1,-1
2018170M11378,1,9,0,18,0,2,0,0,0,0,3,1,6,2,58,9,1229,1,4,1,1,1
2018170M11388,1,8,0,1,0,0,0,0,0,0,2,1,1,1,43,7,1598,2,3,1,1,1
2018170M11458,1,9,0,12,0,0,0,0,0,0,3,1,6,1,22,5,1461,2,8,-1,-1,-1
2018170M11458,2,9,0,18,0,0,0,0,0,0,1,1,6,2,73,10,1604,1,10,-1,-1,-1
2018170M11468,1,9,0,9,0,4,0,0,0,0,1,1,6,3,-1,-1,-1,-1,-1,-1,-1,-1
2018170M11468,2,1,0,9,0,8,0,0,0,0,4,1,6,2,20,4,-1,-1,-1,1,1,1
2018170M11488,1,8,0,18,0,8,0,0,0,0,3,1,1,1,22,5,1896,2,15,1,1,1
2018170M11488,2,9,0,7,0,8,0,0,0,0,1,1,6,3,-1,-1,-1,-1,-1,-1,-1,-1
2018170M11508,1,9,0,18,0,0,0,0,5,6,3,1,6,1,40,7,1598,1,15,1,1,1
2018170M11518,1,1,0,18,0,8,0,0,0,0,1,1,2,1,32,6,-1,-1,-1,4,-1,4
2018170M11518,2,8,0,9,0,8,0,0,0,0,4,1,1,1,40,7,1968,2,2,1,1,1
2018170M11528,1,19,0,6,0,0,0,0,0,0,4,1,1,1,28,6,1598,2,1,1,1,1
2018170M11548,1,1,0,18,0,0,0,0,0,0,1,1,6,1,27,6,-1,-1,-1,1,1,1
2018170M11548,2,9,0,18,0,0,0,0,0,0,4,1,6,1,61,9,1396,1,7,4,1,4
2018170M11558,1,9,0,1,0,8,0,0,0,0,2,1,6,1,-1,-1,1197,1,8,-1,-1,-1
2018170M11558,2,1,0,18,0,8,0,0,0,0,3,1,6,1,17,4,-1,-1,-1,-1,-1,-1
2018170M11578,1,8,0,3,0,2,0,0,0,0,2,1,1,1,29,6,1598,2,2,1,1,1
2018170M11578,2,10,0,18,0,2,0,0,0,0,1,1,1,1,47,8,-1,-1,-1,1,1,1
2018170M11588,1,19,0,11,0,8,0,0,0,0,4,1,6,3,-1,-1,-1,-1,-1,-1,-1,-1
2018170M11588,2,1,0,18,0,8,0,0,0,0,3,1,2,2,49,8,-1,-1,-1,4,2,4
2018170M11598,1,8,0,5,0,0,0,0,0,0,3,1,1,1,30,6,1598,2,2,1,1,1
2018170M11608,1,5,0,14,0,8,0,0,0,0,1,1,6,1,27,6,1157,1,19,8,2,8
2018170M11608,2,8,0,9,0,7,0,0,0,0,1,1,1,1,44,7,1968,2,3,-1,-1,-1
2018170M11618,1,9,0,1,0,8,0,0,0,0,2,1,1,2,35,6,1560,2,1,1,1,1
2018170M11618,2,1,0,18,0,5,0,0,0,0,1,1,6,2,6,2,-1,-1,-1,1,1,1
2018170M11628,1,9,0,9,2,8,0,0,0,0,4,1,6,1,69,10,1598,1,10,-1,1,-1
2018170M11628,2,4,0,18,2,8,0,0,0,0,1,1,6,1,21,5,-1,-1,-1,2,1,2
2018170M11638,1,9,0,18,0,8,0,0,0,0,4,1,6,1,37,7,1598,2,4,1,1,1
2018170M11638,2,1,0,18,0,8,0,0,0,0,1,1,6,1,54,8,-1,-1,-1,1,1,1
2018170M11648,1,9,0,18,0,8,0,0,0,0,3,1,6,2,21,5,2969,2,12,4,1,4
2018170M11648,2,1,0,18,0,8,0,0,0,0,1,1,6,1,37,7,-1,-1,-1,1,1,1
2018170M11658,1,19,0,18,0,1,0,0,0,0,4,1,6,3,-1,-1,-1,-1,-1,-1,-1,-1
2018170M11668,1,9,0,12,0,0,0,0,4,6,3,1,2,1,29,6,1598,2,1,6,1,6
2018170M11668,2,9,0,18,0,0,0,0,4,6,4,1,6,2,39,7,1242,1,9,9,1,9
2018170M11688,1,9,0,3,0,1,0,0,0,0,2,1,6,1,42,7,1595,1,3,9,3,9
2018170M11688,2,9,0,18,0,1,0,0,0,0,1,1,2,2,49,8,1388,1,15,9,1,9
2018170M11708,1,9,0,9,0,8,0,0,0,0,1,1,6,2,26,6,1242,1,4,9,2,9
2018170M11708,2,1,0,18,0,8,0,0,0,0,1,1,6,1,26,6,-1,-1,-1,7,1,7
2018170M11728,1,19,0,7,0,4,0,0,0,0,1,1,1,1,-1,-1,1248,2,3,-1,-1,-1
2018170M11728,2,1,0,18,0,8,0,0,0,0,4,1,2,1,60,9,-1,-1,-1,3,1,3
2018170M11738,1,9,0,18,0,0,0,0,0,0,1,1,6,1,64,9,-1,-1,-1,6,3,6
2018170M11758,1,9,0,9,0,8,0,0,0,0,1,1,6,1,38,7,998,1,12,5,1,5
2018170M11758,2,1,0,18,0,8,0,0,0,0,1,1,6,1,14,3,-1,-1,-1,1,1,1
2018170M11788,1,11,0,18,0,2,0,0,0,0,4,1,1,1,55,8,6696,2,4,-1,-1,-1
2018170M11788,2,1,0,18,0,6,0,0,1,7,3,1,6,1,32,6,-1,-1,-1,2,1,2
2018170M11818,1,8,0,9,0,8,0,0,0,0,3,1,1,1,36,7,1598,2,3,7,1,7
2018170M11828,1,9,0,3,0,1,0,0,0,0,2,1,6,1,39,7,1598,1,11,-1,-1,-1
2018170M11828,2,9,0,18,0,1,0,0,0,0,1,1,1,2,21,5,1598,1,1,9,1,9
2018170M11838,1,97,0,18,0,8,0,0,0,0,1,1,6,3,-1,-1,-1,-1,-1,-1,-1,-1
2018170M11838,2,9,0,9,0,8,0,0,0,0,3,1,6,1,43,7,1461,2,3,6,1,6
2018170M11858,1,9,0,18,0,2,0,0,0,0,1,1,6,1,-1,-1,-1,-1,-1,-1,-1,-1
2018170M11888,1,9,0,9,0,8,0,0,0,0,1,1,6,2,60,9,1598,1,16,1,1,1
2018170M11888,2,9,0,18,0,8,0,0,0,0,4,1,6,2,61,9,998,1,-1,1,1,1
2018170M11888,3,9,0,10,0,1,0,0,0,0,1,1,6,2,42,7,1390,1,4,1,1,1
2018170M11888,4,19,0,10,0,1,0,0,0,0,1,1,1,1,63,9,1598,2,2,2,1,2
2018170M11898,1,1,0,18,0,0,0,0,0,0,0,1,6,2,21,5,-1,-1,-1,1,1,1
2018170M11898,2,9,0,18,0,0,0,0,0,0,0,1,6,3,-1,-1,-1,-1,-1,-1,-1,-1
2018170M11908,1,19,0,9,0,8,0,0,0,0,4,1,6,1,29,6,1499,2,1,1,1,1
2018170M11908,2,9,0,18,0,8,0,0,0,0,1,1,6,1,71,10,1240,1,10,3,1,3
2018170M11918,1,8,0,18,0,2,0,0,0,0,4,1,1,1,-1,-1,-1,-1,-1,-1,-1,-1
2018170M11928,1,3,0,18,0,8,0,0,0,0,1,1,6,1,23,5,124,1,2,1,1,1
2018170M11928,2,9,0,9,0,8,0,0,0,0,1,1,1,1,22,5,2995,1,2,-1,2,-1
2018170M11948,1,9,0,18,0,0,0,0,0,0,1,1,6,1,-1,-1,1399,2,14,1,1,1
2018170M11958,1,9,0,17,0,8,0,0,0,0,4,1,6,1,20,4,1149,1,1,7,1,7
2018170M11958,2,9,0,17,0,8,0,0,0,0,4,1,6,2,51,8,1968,2,-1,-1,-1,-1
2018170M11958,3,9,0,9,0,4,0,0,0,0,1,1,6,1,30,6,-1,-1,-1,2,1,2
2018170M11968,1,21,1,11,0,0,0,0,0,0,4,1,1,1,34,6,9200,2,7,3,1,3
2018170M11968,2,17,0,18,0,0,0,0,1,7,3,1,1,1,24,5,-1,2,7,6,1,6
2018170M12008,1,9,0,18,0,0,0,0,0,0,1,1,6,1,28,6,1998,1,2,3,1,3
2018170M12018,1,9,0,7,0,8,0,0,0,0,1,1,6,1,31,6,1956,2,5,8,1,8
2018170M12018,2,1,0,18,0,8,0,0,0,0,4,1,6,1,12,3,-1,-1,-1,9,1,9
2018170M12028,1,9,0,4,0,0,0,0,0,0,4,1,6,1,-1,-1,-1,-1,-1,-1,-1,-1
2018170M12038,1,9,0,18,0,2,0,0,0,0,1,1,6,3,-1,-1,-1,-1,-1,-1,-1,-1
2018170M12048,1,9,0,18,0,2,0,0,0,0,4,1,6,1,63,9,1796,1,15,1,1,1
2018170M12058,1,9,0,7,0,8,0,0,0,0,1,1,6,3,-1,-1,-1,-1,-1,-1,-1,-1
2018170M12058,2,8,0,3,0,1,0,0,0,0,3,1,1,1,34,6,1968,2,2,1,1,1
2018170M12068,1,9,0,16,0,0,0,0,0,0,1,1,6,1,41,7,1997,2,13,2,1,2
2018170M12088,1,8,0,9,0,2,0,0,0,0,1,1,1,1,50,8,1560,2,4,1,1,1
2018170M12098,1,9,0,9,0,2,0,0,0,0,1,1,2,2,22,5,1398,1,-1,1,1,1
2018170M12108,1,9,0,18,0,1,0,0,0,0,1,1,6,1,-1,-1,1560,2,4,1,1,1
2018170M12118,1,9,0,18,0,1,0,0,0,0,1,1,6,3,-1,-1,-1,-1,-1,-1,-1,-1
2018170M12138,1,9,0,18,0,8,0,0,0,0,1,1,6,1,53,8,1598,1,11,2,1,2
2018170M12138,2,9,0,18,0,8,0,0,0,0,4,1,6,1,62,9,2993,2,7,5,1,5
2018170M12148,1,9,0,18,0,8,0,0,0,0,4,1,6,1,62,9,1299,1,15,5,2,5
2018170M12148,2,21,1,7,0,4,0,0,0,0,1,1,1,1,58,9,12742,2,-1,-1,-1,-1
2018170M12158,1,9,0,18,0,8,0,0,0,0,1,1,6,2,53,8,1590,1,14,1,1,1
2018170M12158,2,9,0,18,0,8,0,0,0,0,1,1,6,1,23,5,1968,2,6,1,1,1
2018170M12178,1,9,0,18,0,2,0,0,0,0,3,1,6,1,62,9,1997,2,7,5,1,5
2018170M12208,1,9,0,1,0,1,0,0,0,0,2,1,6,1,40,7,1390,1,10,8,1,8
2018170M12218,1,9,0,18,0,8,0,0,0,0,4,1,6,1,20,4,1399,2,13,4,1,4
2018170M12218,2,9,0,9,0,8,0,0,0,0,1,1,6,1,23,5,1242,1,14,1,1,1
2018170M12218,3,9,0,2,0,2,0,0,0,0,1,1,6,1,-1,-1,1896,2,10,1,1,1
2018170M12238,1,9,0,18,0,0,0,0,0,0,3,1,6,3,-1,-1,-1,-1,-1,-1,-1,-1
2018170M12258,1,9,0,18,0,1,0,0,0,0,1,1,6,1,47,8,2231,2,11,1,1,1
2018170M12288,1,19,0,18,0,1,0,0,0,0,1,1,6,3,-1,-1,1997,2,1,-1,-1,-1
2018170M12288,2,9,0,18,0,1,0,0,0,0,2,1,6,1,23,5,998,1,3,1,1,1
2018170M12298,1,9,0,18,0,0,0,0,0,0,1,1,6,1,80,11,1299,1,10,9,3,9
2018170M12308,1,9,0,18,0,8,0,0,0,0,1,1,6,2,45,7,-1,-1,-1,8,1,8
2018170M12308,2,9,0,9,0,8,0,0,0,0,4,1,6,2,31,6,1395,1,2,3,3,3