Accident_Index,Vehicle_Reference,Vehicle_Type,Towing_and_Articulation,Vehicle_Manoeuvre,Vehicle_Location-Restricted_Lane,Junction_Location,Skidding_and_Overturning,Hit_Object_in_Carriageway,Vehicle_Leaving_Carriageway,Hit_Object_off_Carriageway,1st_Point_of_Impact,Was_Vehicle_Left_Hand_Drive?,Journey_Purpose_of_Driver,Sex_of_Driver,Age_of_Driver,Age_Band_of_Driver,Engine_Capacity_(CC),Propulsion_Code,Age_of_Vehicle,Driver_IMD_Decile,Driver_Home_Area_Type,Vehicle_IMD_Decile
2018170M12318,1,9,0,18,0,3,0,0,3,0,1,1,6,1,25,5,1242,1,11,4,1,4
2018170M12348,1,9,0,18,0,8,0,0,0,0,1,1,6,1,26,6,1390,1,3,6,1,6
2018170M12348,2,9,0,18,0,8,0,0,0,0,1,1,6,1,26,6,1328,1,9,1,1,1
2018170M12358,1,9,0,18,0,0,0,0,0,0,4,1,6,3,-1,-1,-1,-1,-1,-1,-1,-1
2018170M20038,1,9,0,18,0,2,5,0,1,2,1,1,6,1,73,10,1200,1,1,6,1,6
2018170M20358,1,8,0,5,0,0,0,0,0,0,0,1,1,1,34,6,2143,2,2,-1,-1,-1
2018170M20388,1,9,0,18,0,0,0,0,0,0,4,1,6,2,62,9,1598,1,12,1,1,1
2018170M20388,2,19,0,2,0,0,0,0,0,0,3,1,1,1,-1,-1,2143,2,7,-1,-1,-1
2018170M20418,1,9,0,9,0,8,0,0,0,0,3,1,6,1,67,10,2987,2,10,8,1,8
2018170M20418,2,9,0,18,0,8,0,0,0,0,1,1,6,1,33,6,1686,2,12,1,1,1
2018170M20478,1,9,0,18,9,1,0,0,0,0,1,1,6,1,75,10,1497,1,13,3,1,3
2018170M20488,1,11,0,4,0,0,0,0,0,0,0,1,1,1,29,6,6871,2,9,9,1,9
2018170M20608,1,9,0,9,0,8,0,0,0,0,3,1,6,1,26,6,1461,2,3,1,1,1
2018170M20608,2,9,0,7,0,8,0,0,0,0,1,1,6,3,-1,-1,1360,1,15,-1,-1,-1
2018170M20878,1,9,0,1,0,0,0,0,0,0,2,1,6,1,28,6,1896,2,13,1,1,1
2018170M20878,2,9,0,18,0,0,0,0,0,0,1,1,6,1,30,6,1910,2,10,1,1,1
2018170M20908,1,8,0,18,0,0,0,0,0,0,1,1,1,1,28,6,1598,2,6,4,1,4
2018170M21048,1,9,0,18,0,8,0,0,0,0,4,1,6,2,55,8,1149,1,18,1,1,1
2018170M21048,2,97,0,18,0,8,0,0,0,0,1,1,6,3,-1,-1,-1,-1,-1,-1,-1,-1
2018170M21288,1,9,0,10,0,1,0,0,0,0,3,1,6,1,36,7,1956,2,6,1,1,1
2018170M21288,2,1,0,18,0,6,0,0,0,0,1,1,6,1,52,8,-1,-1,-1,1,1,1
2018170M21448,1,9,0,18,0,2,0,0,0,0,1,1,6,1,66,10,1749,1,14,1,1,1
2018170M21448,2,8,0,3,0,2,0,0,0,0,2,1,1,1,49,8,1598,2,7,1,1,1
2018170M21448,3,9,0,3,0,2,0,0,0,0,2,1,6,2,38,7,1598,2,2,3,2,3
2018170M21498,1,9,0,18,0,0,0,0,0,0,1,1,6,2,25,5,-1,-1,-1,1,1,1
2018170M21498,2,2,0,18,0,0,0,0,0,0,1,1,6,1,7,2,-1,-1,-1,1,1,1
2018170M21678,1,9,0,18,0,2,0,0,0,0,1,1,6,1,43,7,1796,1,9,1,1,1
2018170M21678,2,9,0,3,0,2,0,0,0,0,2,1,6,2,30,6,1686,2,7,1,1,1
2018170M21748,1,21,0,18,0,0,0,0,0,0,1,1,1,1,51,8,11967,2,5,3,1,3
2018170M21778,1,8,0,2,0,1,0,0,0,0,2,1,1,1,47,8,1686,2,4,7,1,7
2018170M21778,2,9,0,18,0,1,0,0,0,0,1,1,6,2,31,6,1199,1,14,1,1,1
2018170M21868,1,19,0,18,0,0,0,0,1,11,1,1,1,1,24,5,-1,-1,-1,-1,-1,-1
2018170M21868,2,9,0,5,0,0,0,0,0,0,0,1,6,2,40,7,1598,2,5,1,1,1
2018170M21978,1,10,0,1,0,1,0,0,0,0,2,1,1,1,39,7,-1,-1,-1,3,1,3
2018170M21988,1,9,0,18,0,0,0,0,0,0,1,1,2,2,57,9,1242,1,6,1,1,1
2018170M21988,2,1,0,18,0,0,0,0,0,0,4,1,2,1,49,8,-1,-1,-1,-1,-1,-1
2018170M22168,1,9,0,9,0,8,0,0,0,0,1,1,6,2,53,8,1560,2,4,1,1,1
2018170M22168,2,1,0,18,0,8,0,0,0,0,4,1,6,1,45,7,-1,-1,-1,2,1,2
2018170M22328,1,9,0,18,0,8,0,0,0,0,1,1,2,2,31,6,1598,1,13,2,1,2
2018170M22328,2,9,0,9,0,8,0,0,0,0,4,1,6,1,21,5,1910,2,12,1,1,1
2018170M22338,1,9,0,18,0,8,0,0,0,0,1,1,6,3,-1,-1,-1,-1,-1,-1,-1,-1
2018170M30198,1,9,0,9,0,8,0,0,0,0,3,1,6,1,63,9,1461,2,1,1,1,1
2018170M30198,2,9,0,3,0,1,0,0,0,0,3,1,6,2,33,6,1461,2,1,1,1,1
2018170M30198,3,9,0,18,0,8,0,0,0,0,1,1,6,2,79,11,1198,1,3,10,1,10
2018170M30198,4,9,0,3,0,1,0,0,0,0,3,1,6,1,79,11,1998,1,-1,10,1,10
2018170M30258,1,9,0,18,0,8,0,0,0,0,1,1,6,1,37,7,1896,2,10,9,2,9
2018170M30258,2,9,0,9,0,6,0,0,0,0,4,1,6,2,32,6,1461,2,6,8,1,8
2018170M30288,1,9,0,9,0,4,0,0,0,0,1,1,2,1,48,8,1685,2,5,8,1,8
2018170M30288,2,1,0,18,0,8,0,0,0,0,1,1,2,2,55,8,-1,-1,-1,5,1,5
2018170M30338,1,9,0,18,0,8,0,0,0,0,3,1,6,1,-1,-1,1461,2,12,-1,-1,-1
2018170M30408,1,9,0,18,0,0,0,0,1,0,4,1,6,2,62,9,1360,1,11,4,1,4
2018170M30408,2,19,0,12,0,0,0,0,0,0,3,1,1,1,-1,-1,1598,2,3,-1,-1,-1
2018170M30438,1,9,0,3,0,1,0,0,0,0,2,1,6,2,64,9,1248,1,5,9,1,9
2018170M30438,2,19,0,18,0,1,0,0,0,0,1,1,6,1,35,6,1598,2,6,3,1,3
2018170M30538,1,3,0,18,0,0,1,0,0,0,4,1,6,1,28,6,124,1,17,3,1,3
2018170M30558,1,9,0,18,0,0,5,0,2,0,4,1,6,2,34,6,1364,1,10,3,1,3
2018170M30618,1,5,0,18,0,0,0,0,1,9,3,1,6,1,65,9,-1,-1,-1,8,1,8
2018170M30678,1,5,0,18,0,8,0,0,0,0,1,1,6,1,47,8,999,1,5,9,1,9
2018170M30678,2,9,0,18,0,8,0,0,0,0,3,1,6,1,18,4,1198,1,8,8,3,8
2018170M30748,1,9,0,18,0,0,0,0,0,0,1,1,6,2,23,5,999,1,3,9,1,9
2018170M30808,1,9,0,18,0,7,0,0,0,0,1,1,2,2,34,6,1598,1,2,10,2,10
2018170M30808,2,9,0,4,0,7,0,0,0,0,2,1,2,1,37,7,-1,-1,-1,3,2,3
2018170M30838,1,9,0,4,0,1,0,0,0,0,2,1,6,1,25,5,1596,1,11,7,1,7
2018170M30838,2,9,0,18,0,1,0,0,0,0,1,1,6,2,24,5,1461,2,3,-1,-1,-1
2018170M30918,1,9,0,18,0,0,0,0,0,0,1,1,6,3,-1,-1,-1,-1,-1,-1,-1,-1
2018170M30918,2,1,0,18,0,0,0,0,0,0,4,1,4,1,14,3,-1,-1,-1,9,1,9
2018170M30928,1,9,0,10,0,0,0,0,0,0,2,1,6,1,42,7,1560,2,9,1,1,1
2018170M30928,2,9,0,18,0,0,0,0,0,0,1,1,6,1,-1,-1,1395,1,2,8,1,8
2018170M30968,1,9,0,1,0,6,0,0,0,0,2,1,6,1,67,10,1995,2,5,10,1,10
2018170M30968,2,1,0,18,0,8,0,0,0,0,1,1,6,1,49,8,-1,-1,-1,3,1,3
2018170M30968,3,1,0,18,0,8,0,0,0,0,1,1,6,1,56,9,-1,-1,-1,3,1,3
2018170M30968,4,1,0,18,0,8,0,0,0,0,1,1,6,1,54,8,-1,-1,-1,3,1,3
2018170M31108,1,5,0,18,0,0,0,0,0,0,3,1,6,1,38,7,800,1,7,2,1,2
2018170M31198,1,9,0,18,0,8,0,0,0,0,1,1,6,1,20,4,-1,-1,-1,9,1,9
2018170M31198,2,9,0,9,0,8,0,0,0,0,3,1,6,1,22,5,1368,1,3,10,1,10
2018170M31298,1,9,0,18,0,8,5,9,2,1,1,1,6,1,32,6,1968,2,2,8,1,8
2018170M31308,1,1,0,18,0,0,0,0,0,0,3,1,2,1,45,7,-1,-1,-1,6,1,6
2018170M31308,2,9,0,13,0,0,0,0,0,0,4,1,6,3,-1,-1,-1,-1,-1,-1,-1,-1
2018170M31368,1,9,0,17,0,1,0,0,0,0,3,1,6,2,46,8,1995,2,7,9,3,9
2018170M31368,2,9,0,16,0,2,0,0,0,0,3,1,6,2,37,7,1956,2,1,2,2,2
2018170M31428,1,9,0,1,0,0,0,0,0,0,2,1,6,2,58,9,1242,1,4,3,1,3
2018170M31428,2,9,0,2,0,0,0,0,0,0,2,1,6,1,47,8,-1,-1,-1,2,1,2
2018170M31438,1,9,0,18,0,1,0,0,7,1,1,1,6,1,30,6,1390,1,19,4,3,4
2018170M31478,1,9,0,6,0,8,0,0,0,0,1,1,6,2,30,6,1329,1,9,1,1,1
2018170M31478,2,9,0,18,0,8,0,0,7,9,4,1,6,2,48,8,998,1,10,8,1,8
2018170M31558,1,9,0,7,0,3,0,0,0,0,4,1,6,1,76,11,1560,2,4,10,1,10
2018170M31558,2,1,0,18,0,2,0,0,0,0,1,1,6,2,60,9,-1,-1,-1,9,1,9
2018170M31698,1,9,0,18,0,0,0,0,0,0,1,1,6,1,82,11,1598,1,-1,10,1,10
2018170M31698,2,9,0,18,0,0,0,0,0,0,1,1,6,2,54,8,999,1,1,9,2,9
2018170M31718,1,19,0,3,0,0,0,0,0,0,2,1,1,1,53,8,1598,2,5,8,1,8
2018170M31718,2,9,0,18,0,0,0,0,0,0,1,1,6,3,-1,-1,1753,2,10,-1,-1,-1
2018170M31798,1,9,0,4,0,7,0,0,0,0,2,1,2,2,47,8,2143,12,3,5,1,5
2018170M31798,2,9,0,18,0,7,0,0,0,0,1,1,2,2,27,6,1499,1,2,5,1,5
2018170M31798,3,9,0,18,0,7,0,0,0,0,1,1,2,1,66,10,898,1,2,8,1,8
2018170M31798,4,9,0,18,0,7,0,0,0,0,1,1,2,2,44,7,1956,2,9,-1,-1,-1
2018170M31798,5,19,0,18,0,8,0,0,0,0,3,1,1,1,31,6,1995,2,-1,8,1,8
2018170M31798,6,9,0,18,0,7,0,0,0,0,3,1,2,1,47,8,1798,1,2,6,1,6
2018170M31808,1,9,0,3,0,1,0,0,0,0,2,1,6,2,35,6,998,1,11,2,1,2
2018170M31808,2,9,0,3,0,1,0,0,0,0,2,1,6,1,83,11,1560,2,5,8,1,8
2018170M31808,3,9,0,18,0,1,0,0,0,0,1,1,6,2,50,8,1560,2,9,5,1,5
2018170M31878,1,9,0,1,0,8,0,0,0,0,2,1,6,2,30,6,1229,1,3,1,1,1
2018170M31878,2,9,0,18,0,8,0,0,0,0,1,1,6,2,61,9,1598,1,14,4,1,4
2018170M31938,1,9,4,9,0,2,0,0,0,0,1,1,6,1,-1,-1,2488,2,12,-1,-1,-1
2018170M31938,2,1,0,18,0,2,0,0,0,0,2,1,6,1,68,10,-1,-1,-1,8,1,8
2018170M31998,1,9,0,18,0,1,0,0,0,0,1,1,6,2,35,6,1229,1,9,1,1,1
2018170M32128,1,1,0,18,0,2,0,0,0,0,1,1,6,1,27,6,-1,-1,-1,1,1,1
2018170M32128,2,9,0,18,0,2,0,0,0,0,1,1,6,2,58,9,1360,1,6,1,1,1
2018170M32188,1,9,0,1,0,0,0,0,0,0,2,1,6,3,-1,-1,-1,-1,-1,-1,-1,-1
2018170M32188,2,22,0,18,0,0,0,0,0,0,3,1,6,1,38,7,-1,-1,-1,1,1,1
2018170M32228,1,9,0,13,0,1,0,0,0,0,4,1,6,1,-1,-1,1968,2,12,-1,-1,-1
2018170M32228,2,8,0,18,0,1,0,0,1,0,3,1,1,1,60,9,1598,2,5,3,1,3
2018170M32248,1,9,0,18,0,4,0,0,0,0,1,1,6,1,59,9,2143,2,3,8,1,8
2018170M32248,2,1,0,18,0,8,0,0,0,0,4,1,6,1,55,8,-1,-1,-1,2,1,2
2018170M32268,1,9,0,9,0,8,0,0,0,0,4,1,6,2,55,8,1395,1,2,10,1,10
2018170M32268,2,9,0,18,0,8,0,0,1,0,1,1,6,2,21,5,-1,-1,-1,6,1,6
2018170M32278,1,2,0,5,0,1,0,0,0,0,2,1,6,2,53,8,49,1,3,1,1,1
2018170M32278,2,9,0,5,0,1,0,0,0,0,1,1,6,1,63,9,1124,1,13,-1,-1,-1
2018170S10018,1,9,0,18,0,0,0,0,0,0,1,1,6,1,71,10,1968,2,12,7,3,7
2018170S10028,1,9,0,18,0,0,1,0,4,6,1,1,2,1,24,5,1598,2,4,2,1,2
2018170S10028,2,9,0,18,0,0,0,0,0,0,1,1,2,1,27,6,1248,1,9,4,3,4
2018170S10038,1,3,0,18,0,0,0,0,0,0,1,1,6,1,26,6,124,1,4,5,1,5
2018170S10038,2,9,0,12,0,0,0,0,0,0,3,1,6,1,28,6,1242,1,14,-1,-1,-1
2018170S10048,1,9,0,3,0,1,0,0,0,0,2,1,6,2,17,4,1197,1,5,1,1,1
2018170S10048,2,9,0,3,0,1,0,0,0,0,1,1,1,1,31,6,-1,-1,-1,3,1,3
2018170S10058,1,9,0,18,0,1,0,0,1,5,1,1,6,1,77,11,1968,2,3,9,3,9
2018170S10068,1,9,0,18,0,8,0,0,0,0,3,1,6,1,39,7,1587,1,12,1,1,1
2018170S10068,2,9,0,9,0,8,0,0,0,0,1,1,6,1,75,10,1560,2,6,5,1,5
2018170S10098,1,11,0,2,0,0,0,0,0,0,0,1,1,1,60,9,-1,-1,-1,8,1,8
2018170S10108,1,11,0,18,0,0,0,0,0,0,4,1,1,1,26,6,6696,2,4,-1,-1,-1
2018170S10188,1,9,0,18,0,1,0,0,0,0,4,1,6,2,21,5,1242,1,3,6,1,6
2018170S10198,1,9,0,8,0,1,0,0,0,0,2,1,6,2,46,8,1422,2,2,9,1,9
2018170S10198,2,9,0,7,0,1,0,0,0,0,1,1,6,2,58,9,998,1,3,9,1,9
2018170S10218,1,9,0,3,0,1,0,0,0,0,2,1,6,2,27,6,1389,1,15,8,3,8
2018170S10218,2,19,0,18,0,1,0,0,0,0,1,1,6,1,-1,-1,2143,2,1,-1,-1,-1
2018170S10218,3,9,0,3,0,1,0,0,0,0,2,1,6,1,-1,-1,1968,2,6,3,1,3
2018170S10238,1,5,0,16,0,1,1,0,0,0,4,1,6,1,29,6,750,1,3,1,1,1
2018170S10238,2,9,0,2,0,1,0,0,0,0,4,1,6,1,-1,-1,1968,2,7,1,1,1
2018170S10258,1,9,0,18,0,0,0,0,0,0,1,1,6,2,55,8,998,1,15,2,1,2
2018170S10268,1,19,0,18,0,0,0,0,0,0,1,1,1,1,33,6,1598,2,3,-1,-1,-1
2018170S10268,2,19,0,18,0,0,1,0,6,0,1,1,6,1,30,6,2198,2,3,-1,-1,-1
2018170S10278,1,9,0,18,0,8,0,0,0,0,4,1,6,1,53,8,1896,2,10,6,1,6
2018170S10288,1,9,0,9,0,8,0,0,0,0,1,1,2,2,67,10,998,1,5,1,1,1
2018170S10288,2,9,0,18,0,8,0,0,0,0,1,1,2,1,50,8,1198,1,12,-1,-1,-1
2018170S10338,1,9,0,18,0,8,0,0,0,0,4,1,6,1,55,8,1591,1,1,9,1,9
2018170S10338,2,97,0,18,0,8,0,0,0,0,1,1,6,3,-1,-1,-1,-1,-1,-1,-1,-1
2018170S10368,1,9,0,18,0,0,0,0,0,0,3,1,6,1,33,6,1398,1,3,9,1,9
2018170S10368,2,20,0,11,0,0,0,0,0,0,4,1,1,1,35,6,10837,2,1,3,1,3
2018170S10378,1,9,0,18,0,0,0,0,7,11,1,1,6,1,19,4,1796,1,12,4,1,4
2018170S10378,2,9,0,18,0,0,0,0,0,0,0,1,6,1,19,4,1995,2,11,6,3,6
2018170S10388,1,3,0,18,0,0,1,0,0,0,4,1,6,2,50,8,-1,-1,-1,4,1,4
2018170S10418,1,9,0,18,0,1,0,0,0,0,2,1,6,2,60,9,1587,1,13,5,1,5
2018170S10428,1,9,0,4,0,0,0,0,0,0,0,1,6,2,39,7,1968,2,-1,6,1,6
2018170S10448,1,3,0,18,0,0,0,0,1,2,1,1,6,1,30,6,124,1,2,4,1,4
2018170S10458,1,8,0,4,0,0,0,0,0,0,2,1,1,2,45,7,1598,2,2,3,2,3
2018170S10458,2,19,0,4,0,0,0,0,0,0,2,1,1,1,56,9,1995,2,7,8,1,8
2018170S10458,3,19,0,4,0,0,0,0,0,0,1,1,1,1,20,4,1968,2,2,8,1,8
2018170S10458,4,9,0,4,0,0,0,0,0,0,0,1,2,1,40,7,1956,2,4,3,1,3
2018170S10458,5,19,0,4,0,0,0,0,0,0,1,1,1,1,31,6,2143,2,4,8,2,8
2018170S10458,6,9,0,4,0,0,0,0,0,0,0,1,2,1,39,7,1679,1,18,2,1,2
2018170S10458,7,9,0,4,0,0,0,0,0,0,1,1,1,1,42,7,-1,-1,-1,10,1,10
2018170S10458,8,20,1,18,0,0,0,0,0,0,1,1,1,1,53,8,-1,-1,-1,3,1,3
2018170S10478,1,9,0,3,0,1,0,0,0,0,2,1,6,1,54,8,1997,2,17,1,1,1
2018170S10478,2,9,0,18,0,1,0,0,0,0,1,1,6,2,30,6,1598,1,7,9,3,9
2018170S10508,1,9,3,18,0,0,0,0,0,0,3,1,6,1,35,6,4554,1,19,1,1,1
2018170S10508,2,9,0,18,0,0,0,0,4,6,4,1,6,1,50,8,1910,2,9,1,1,1
2018170S10528,1,9,0,18,0,3,0,0,2,6,1,1,6,1,84,11,1329,1,2,-1,-1,-1
2018170S10568,1,9,0,18,0,1,0,0,0,0,1,1,6,3,-1,-1,1397,1,16,-1,-1,-1
2018170S10568,2,9,0,18,0,1,0,0,0,0,3,1,6,2,28,6,1956,2,6,3,1,3
2018170S10578,1,9,0,18,0,8,0,0,1,1,1,1,6,1,20,4,1686,2,8,1,1,1
2018170S10578,2,9,0,9,0,8,0,0,0,0,0,1,6,1,25,5,1598,1,3,9,1,9
2018170S10588,1,9,0,18,0,8,0,0,0,0,4,1,1,2,26,6,998,1,7,2,1,2
2018170S10588,2,9,0,7,0,8,0,0,0,0,1,1,6,1,67,10,2987,2,6,4,1,4
2018170S10598,1,4,0,18,0,0,0,0,0,0,0,1,6,1,47,8,123,1,32,9,1,9
2018170S10608,1,9,0,3,0,1,0,0,0,0,2,1,6,2,59,9,1870,2,7,1,1,1
2018170S10608,2,19,0,18,0,1,0,0,0,0,1,1,6,1,32,6,-1,-1,-1,-1,-1,-1
2018170S10638,1,97,0,18,0,0,0,0,0,0,1,1,6,1,-1,-1,-1,-1,-1,-1,-1,-1
2018170S10638,2,9,0,18,0,0,0,0,0,0,1,1,6,1,-1,-1,1560,2,7,-1,-1,-1
2018170S10648,1,9,0,2,0,0,0,0,0,0,3,1,6,2,47,8,2143,2,8,5,1,5
2018170S10648,2,9,0,14,0,0,0,0,0,0,4,1,6,1,17,4,998,1,14,7,1,7
2018170S10668,1,9,0,18,0,8,0,0,0,0,4,1,6,2,52,8,1686,2,5,3,1,3
2018170S10678,1,9,0,18,0,1,0,0,0,0,3,1,6,1,20,4,1461,2,3,10,1,10
2018170S10678,2,1,0,13,0,1,0,0,0,0,4,1,6,1,50,8,-1,-1,-1,9,1,9
2018170S10698,1,8,0,4,0,0,0,0,0,0,2,1,1,1,26,6,1598,2,5,1,1,1
2018170S10698,2,9,0,12,0,0,0,0,0,0,1,1,6,1,21,5,973,1,16,1,1,1
2018170S10708,1,9,0,18,0,0,0,0,0,0,1,1,6,1,38,7,2996,2,10,3,2,3
2018170S10708,2,9,0,3,0,0,0,0,0,0,2,1,6,2,37,7,1685,2,8,10,1,10
2018170S10708,3,9,0,3,0,0,0,0,0,0,2,1,6,2,35,6,1364,2,11,4,1,4
2018170S10718,1,9,0,7,0,8,0,0,0,0,3,1,6,2,19,4,-1,-1,-1,1,1,1
2018170S10718,2,9,0,9,0,8,0,0,0,0,4,1,6,1,43,7,2793,1,22,1,1,1
2018170S10738,1,9,0,7,9,8,0,0,0,0,4,1,6,3,-1,-1,-1,-1,-1,-1,-1,-1
2018170S10748,1,9,0,3,0,0,0,0,0,0,2,1,2,1,34,6,1364,1,10,2,1,2
2018170S10748,2,9,0,5,0,0,0,0,0,0,1,1,2,1,18,4,1368,1,11,6,1,6
2018170S10758,1,9,0,18,9,0,0,0,0,0,1,1,2,2,32,6,1560,2,9,1,1,1
2018170S10768,1,10,0,18,0,0,0,0,0,0,1,1,1,1,57,9,-1,-1,-1,8,1,8
2018170S10768,2,22,0,18,0,0,0,0,0,0,1,1,6,1,70,10,-1,-1,-1,1,1,1
2018170S10808,1,4,0,18,0,8,0,0,0,0,1,1,6,1,22,5,400,1,31,1,1,1
2018170S10808,2,9,0,9,0,8,0,0,0,0,4,1,6,1,60,9,1422,2,11,4,1,4
2018170S10818,1,9,0,18,0,0,0,0,0,0,1,1,1,1,47,8,999,1,1,1,1,1
2018170S10818,2,9,0,3,0,0,0,0,0,0,2,1,2,1,22,5,1242,1,2,7,1,7
2018170S10838,1,9,0,18,0,8,0,0,0,0,3,1,6,3,-1,-1,-1,-1,-1,-1,-1,-1
2018170S10848,1,9,0,18,0,0,0,0,0,0,1,1,2,1,34,6,1956,2,8,1,1,1
2018170S10848,2,9,0,4,0,0,0,0,0,0,2,1,2,1,39,7,1560,2,4,9,1,9
2018170S10848,3,9,0,18,0,0,0,0,0,0,1,1,2,1,23,5,1896,2,13,9,1,9
2018170S10888,1,9,0,1,0,1,0,0,0,0,2,1,6,1,-1,-1,-1,-1,-1,-1,-1,-1
2018170S10908,1,19,0,1,0,0,0,0,0,0,2,1,1,1,47,8,1461,2,2,-1,-1,-1
2018170S10918,1,9,0,9,0,8,0,0,0,0,1,1,6,1,70,10,1590,1,16,-1,-1,-1
2018170S10918,2,1,0,18,0,8,0,0,0,0,1,1,6,1,53,8,-1,-1,-1,7,1,7
2018170S10928,1,9,0,12,0,0,0,0,0,0,2,1,6,2,28,6,1499,1,-1,7,2,7
2018170S10928,2,21,1,18,0,0,0,0,0,0,1,1,1,1,33,6,15569,2,1,9,-1,9
2018170S11028,1,9,0,4,0,1,0,0,0,0,4,1,6,2,19,4,1360,1,7,3,1,3
2018170S11028,2,1,0,18,0,6,0,0,0,0,1,1,6,2,16,4,-1,-1,-1,-1,-1,-1
2018170S11038,1,9,0,18,0,0,5,12,0,0,1,1,6,2,79,11,1197,1,5,1,1,1
2018170S11048,1,9,0,10,0,1,0,0,0,0,3,1,6,2,42,7,2143,2,4,1,1,1
2018170S11078,1,9,0,18,0,8,0,0,0,0,3,1,6,1,43,7,1498,1,-1,8,3,8
2018170S11078,2,9,0,9,0,8,0,0,0,0,1,1,6,1,90,11,1596,1,13,7,3,7
2018170S11088,1,9,0,9,0,2,0,0,0,0,1,1,6,3,-1,-1,-1,-1,-1,-1,-1,-1
2018170S11088,2,1,0,2,0,2,0,0,0,0,1,1,6,1,20,4,-1,-1,-1,1,1,1
2018170S11098,1,9,0,9,0,8,0,0,0,0,3,1,6,2,24,5,1229,1,11,1,1,1
2018170S11098,2,3,0,18,0,8,0,0,0,0,1,1,6,1,27,6,124,1,3,1,1,1
2018170S11118,1,9,0,18,0,8,0,0,0,0,1,1,6,1,26,6,1910,2,10,-1,-1,-1
2018170S11118,2,1,0,18,0,8,0,0,0,0,1,1,6,1,19,4,-1,-1,-1,2,1,2
2018170S11128,1,9,0,18,0,0,5,0,0,0,1,1,6,2,25,5,1229,1,5,4,1,4
2018170S11128,2,9,0,2,0,0,0,0,0,0,2,1,6,1,31,6,1956,2,8,2,1,2
2018170S11148,1,9,0,4,0,1,0,0,0,0,2,1,6,2,28,6,1968,2,7,-1,-1,-1
2018170S11148,2,9,0,18,0,1,0,0,0,0,1,1,6,2,22,5,1995,2,8,-1,-1,-1
2018170S11148,3,9,0,18,0,1,0,0,0,0,1,1,6,1,39,7,2179,2,9,-1,-1,-1
2018170S11158,1,9,0,18,0,0,0,0,1,4,1,1,6,1,17,4,1229,1,8,8,1,8
2018170S11168,1,9,0,18,0,0,0,0,1,0,4,1,6,1,63,9,1896,2,15,1,1,1
2018170S11168,2,21,1,12,0,0,0,0,0,0,3,2,1,1,53,8,-1,-1,-1,-1,-1,-1
2018170S11208,1,9,0,18,0,1,0,0,0,0,1,1,6,2,-1,-1,-1,-1,-1,-1,-1,-1
2018170S11208,2,9,0,3,0,1,0,0,0,0,2,1,6,2,70,10,1250,1,13,6,1,6
2018170S11248,1,1,0,18,0,8,0,0,0,0,1,1,6,1,51,8,-1,-1,-1,3,1,3
2018170S11248,2,9,0,9,0,4,0,0,0,0,3,1,6,1,73,10,1560,2,10,9,1,9
2018170S11258,1,9,0,18,0,1,0,0,0,0,1,1,6,2,80,11,1199,1,14,9,1,9
2018170S11268,1,8,0,4,0,1,0,0,0,0,0,1,1,1,49,8,1598,2,2,1,1,1
2018170S11278,1,9,0,18,0,8,0,0,0,0,1,1,6,2,20,4,1461,2,13,2,1,2
2018170S11278,2,9,0,9,0,8,0,0,0,0,1,1,6,1,72,10,1388,1,13,1,1,1
2018170S11288,1,8,0,18,0,8,0,0,0,0,1,1,1,1,39,7,1956,2,8,3,1,3
2018170S11298,1,-1,0,18,0,1,0,0,0,0,1,1,6,3,-1,-1,-1,-1,-1,-1,-1,-1
2018170S11298,2,3,0,18,0,1,0,0,0,0,2,1,6,1,20,4,-1,-1,-1,4,1,4
2018170S11308,1,9,0,9,0,8,0,0,0,0,0,1,6,3,-1,-1,-1,-1,-1,-1,-1,-1
2018170S11308,2,2,0,18,0,1,1,0,0,0,3,1,6,1,17,4,50,1,1,1,1,1
2018170S11318,1,11,0,18,0,1,0,0,0,0,0,1,1,1,51,8,9000,2,13,9,1,9
2018170S11318,2,9,0,9,0,8,0,0,0,0,0,1,6,3,-1,-1,-1,-1,-1,-1,-1,-1
2018170S11358,1,9,0,9,0,8,0,0,0,0,1,1,6,2,56,9,-1,-1,-1,8,1,8
2018170S11358,2,9,0,18,0,8,5,0,0,0,4,1,6,2,42,7,1398,1,5,1,1,1
2018170S11368,1,9,0,18,0,8,0,0,0,0,4,1,6,2,31,6,2987,2,8,6,1,6
2018170S11368,2,3,0,18,0,8,0,0,0,0,1,1,6,1,20,4,125,1,-1,4,1,4
2018170S11378,1,9,0,4,0,0,0,0,0,0,2,1,2,1,23,5,1199,1,16,1,1,1
2018170S11378,2,9,0,18,0,0,0,0,0,0,1,1,2,1,31,6,1800,1,19,3,1,3
2018170S11398,1,9,0,18,0,0,0,0,0,0,1,1,6,2,75,10,1240,1,14,8,3,8
2018170S11398,2,9,0,18,0,0,0,0,0,0,1,1,6,1,28,6,1598,2,4,1,1,1
2018170S11408,1,8,0,18,0,2,0,0,0,0,3,1,1,1,22,5,1968,2,6,2,1,2
2018170S11418,1,9,0,18,0,0,0,0,0,0,1,1,2,1,26,6,1998,1,8,3,1,3
2018170S11418,2,9,0,4,0,0,0,0,0,0,2,1,2,2,52,8,1390,1,3,5,1,5
2018170S11418,3,20,0,2,0,0,0,0,0,0,0,1,1,1,30,6,2998,2,5,-1,-1,-1
2018170S11438,1,9,0,18,0,0,0,7,0,0,1,1,6,1,83,11,1397,1,16,3,1,3
2018170S11448,1,9,0,18,0,2,0,0,0,0,3,1,6,1,50,8,1598,2,-1,3,1,3
2018170S11458,1,9,0,18,0,0,0,0,0,0,1,1,6,3,-1,-1,-1,-1,-1,-1,-1,-1
2018170S11478,1,9,0,18,0,0,0,0,0,0,1,1,6,1,39,7,1968,2,2,9,1,9
2018170S11478,2,9,0,4,0,0,0,0,0,0,2,1,2,1,50,8,2494,8,2,9,2,9
2018170S11488,1,4,0,18,0,8,0,0,0,0,1,1,6,1,24,5,250,1,29,1,1,1