Accident_Index,Vehicle_Reference,Vehicle_Type,Towing_and_Articulation,Vehicle_Manoeuvre,Vehicle_Location-Restricted_Lane,Junction_Location,Skidding_and_Overturning,Hit_Object_in_Carriageway,Vehicle_Leaving_Carriageway,Hit_Object_off_Carriageway,1st_Point_of_Impact,Was_Vehicle_Left_Hand_Drive?,Journey_Purpose_of_Driver,Sex_of_Driver,Age_of_Driver,Age_Band_of_Driver,Engine_Capacity_(CC),Propulsion_Code,Age_of_Vehicle,Driver_IMD_Decile,Driver_Home_Area_Type,Vehicle_IMD_Decile
2018170S11488,2,9,0,18,0,8,0,0,0,0,3,1,6,1,35,6,1461,2,9,6,1,6
2018170S11498,1,1,0,18,0,1,0,0,0,0,3,1,6,1,38,7,-1,-1,-1,5,1,5
2018170S11498,2,9,0,18,0,1,0,0,0,0,1,1,1,1,41,7,1595,1,2,-1,-1,-1
2018170S11508,1,19,0,2,5,0,0,0,0,0,3,1,1,1,38,7,2198,2,10,4,1,4
2018170S11508,2,1,0,18,5,0,0,0,0,0,1,1,6,1,34,6,-1,-1,-1,9,1,9
2018170S11518,1,9,0,2,0,2,0,0,0,0,3,1,6,1,-1,-1,-1,-1,-1,-1,-1,-1
2018170S11518,2,1,0,18,0,2,0,0,0,0,1,1,6,1,40,7,-1,-1,-1,1,1,1
2018170S11528,1,4,0,18,0,8,0,0,0,0,1,1,6,1,20,4,124,1,13,-1,-1,-1
2018170S11528,2,8,0,18,0,8,0,0,0,0,4,1,1,1,28,6,-1,-1,-1,7,1,7
2018170S11548,1,9,0,18,0,1,0,0,0,0,1,1,6,1,39,7,1995,2,6,3,1,3
2018170S11548,2,19,0,10,0,1,0,0,0,0,2,1,1,1,63,9,2198,2,5,9,1,9
2018170S11568,1,2,0,18,0,8,1,0,0,0,4,1,6,1,41,7,125,1,2,9,1,9
2018170S11568,2,8,0,18,0,4,0,0,0,0,0,1,1,1,46,8,1598,2,1,-1,-1,-1
2018170S11578,1,9,0,11,0,0,0,0,0,0,4,1,6,2,25,5,1461,2,6,2,2,2
2018170S11578,2,4,0,18,0,0,0,0,0,0,3,1,6,1,17,4,124,1,-1,3,1,3
2018170S11588,1,8,0,6,0,0,0,0,0,0,3,1,1,1,20,4,1598,2,5,1,1,1
2018170S11588,2,8,0,18,0,0,0,0,0,0,1,1,1,1,39,7,-1,-1,-1,4,1,4
2018170S11588,3,8,0,1,0,0,0,0,0,0,3,1,1,1,32,6,1997,2,10,-1,-1,-1
2018170S11628,1,1,0,18,0,2,0,0,0,0,1,1,6,3,-1,-1,-1,-1,-1,-1,-1,-1
2018170S11638,1,9,0,18,0,8,0,0,0,0,1,1,2,1,54,8,1596,1,11,9,1,9
2018170S11648,1,1,0,9,9,8,0,0,0,0,1,1,6,1,-1,-1,-1,-1,-1,-1,-1,-1
2018170S11658,1,3,0,18,0,8,0,0,0,0,1,1,6,1,19,4,125,1,-1,9,1,9
2018170S11658,2,9,0,18,0,8,0,0,0,0,3,1,6,1,25,5,1397,1,17,1,1,1
2018170S11668,1,9,0,2,0,0,0,0,0,0,2,1,6,1,23,5,1461,2,3,3,1,3
2018170S11668,2,9,0,18,0,0,0,0,0,0,1,1,6,2,49,8,1461,2,8,1,1,1
2018170S11678,1,9,0,3,0,1,0,0,0,0,2,1,6,1,-1,-1,1686,2,6,-1,-1,-1
2018170S11678,2,9,0,3,0,1,0,0,0,0,2,1,6,2,30,6,1390,1,6,8,-1,8
2018170S11678,3,9,0,18,0,1,0,0,0,0,1,1,6,1,-1,-1,1968,2,1,4,1,4
2018170S11708,1,3,0,14,0,8,0,0,0,0,1,1,6,1,51,8,125,1,1,5,1,5
2018170S11708,2,9,0,9,0,8,0,0,0,0,1,1,6,1,54,8,1368,1,5,1,1,1
2018170S11718,1,9,0,12,0,2,0,0,0,0,4,1,6,1,29,6,1373,1,-1,1,1,1
2018170S11718,2,9,0,18,0,2,5,0,0,0,3,1,6,1,18,4,1461,2,1,10,1,10
2018170S11728,1,9,0,14,0,2,0,0,0,0,1,1,6,1,54,8,1086,1,12,9,1,9
2018170S11738,1,9,0,4,0,0,0,0,0,0,2,1,2,2,26,6,1798,8,1,6,1,6
2018170S11738,2,9,0,18,0,0,0,0,0,0,1,1,2,1,28,6,2143,2,4,8,1,8
2018170S11758,1,9,0,18,0,0,0,0,0,0,1,1,6,1,23,5,1229,1,3,6,3,6
2018170S11758,2,22,0,18,0,0,0,0,0,0,1,1,6,1,85,11,-1,-1,-1,3,1,3
2018170S11778,1,9,0,18,0,8,0,0,0,0,1,1,6,2,30,6,1995,2,4,1,1,1
2018170S11778,2,1,0,18,0,6,0,0,0,0,1,1,6,1,24,5,-1,-1,-1,1,1,1
2018170S11788,1,9,0,18,0,0,1,0,1,9,1,1,6,1,19,4,1998,1,13,10,1,10
2018170S11858,1,11,0,18,0,0,0,0,0,0,4,1,1,1,64,9,6700,2,7,2,1,2
2018170S11868,1,4,0,18,0,8,0,0,0,0,1,1,6,1,28,6,-1,-1,-1,2,1,2
2018170S11868,2,9,0,18,0,8,0,0,0,0,1,1,6,1,27,6,1598,2,4,1,1,1
2018170S11878,1,9,0,18,0,0,0,0,0,0,1,1,6,1,-1,-1,-1,-1,-1,-1,-1,-1
2018170S11888,1,9,0,18,0,4,0,9,3,1,1,1,6,2,92,11,1339,1,6,10,1,10
2018170S11918,1,8,0,9,0,2,0,0,0,0,1,1,1,1,58,9,1910,2,13,2,1,2
2018170S11938,1,9,0,18,0,8,0,0,0,0,3,1,6,1,-1,-1,999,1,2,-1,-1,-1
2018170S11938,2,9,0,18,0,8,0,0,0,0,1,1,6,1,-1,-1,1956,2,4,2,1,2
2018170S11948,1,9,0,4,0,0,0,0,0,0,2,1,2,1,37,7,1461,2,-1,9,1,9
2018170S11948,2,9,0,18,0,0,0,0,0,0,1,1,6,2,45,7,1086,1,14,8,1,8
2018170S11958,1,9,0,18,0,0,0,0,7,9,1,1,6,1,61,9,2199,2,3,5,1,5
2018170S11988,1,9,0,11,0,0,0,0,0,0,4,1,2,1,41,7,1560,2,-1,4,2,4
2018170S11988,2,9,0,18,0,0,0,0,0,0,3,1,2,2,21,5,1242,1,11,1,1,1
2018170S11998,1,9,0,18,0,0,0,0,0,0,1,1,2,1,59,9,1399,1,-1,6,1,6
2018170S11998,2,9,0,3,0,0,0,0,0,0,2,1,6,1,62,9,2143,2,2,10,1,10
2018170S12008,1,11,0,5,0,1,0,0,0,0,0,1,1,2,26,6,6696,2,3,10,1,10
2018170S20078,1,9,0,5,0,0,0,0,0,0,3,1,2,2,53,8,2497,2,9,6,1,6
2018170S20078,2,9,0,13,0,0,5,0,1,11,1,1,2,1,27,6,1388,1,14,5,1,5
2018170S20118,1,5,0,18,0,8,0,0,7,0,1,1,2,1,25,5,1200,1,18,9,1,9
2018170S20118,2,21,1,18,0,8,0,0,0,0,4,1,1,1,42,7,11705,2,10,9,1,9
2018170S20138,1,9,0,8,0,1,0,0,0,0,2,1,6,2,24,5,998,1,5,1,1,1
2018170S20138,2,9,0,18,0,1,0,0,0,0,1,1,6,1,65,9,1969,2,2,-1,-1,-1
2018170S20148,1,9,0,18,0,0,0,0,0,0,1,1,6,1,39,7,1560,2,6,2,1,2
2018170S20148,2,9,0,3,0,0,0,0,0,0,2,1,6,2,29,6,1461,2,8,4,1,4
2018170S20148,3,9,0,3,0,0,0,0,0,0,2,1,6,1,20,4,1242,1,12,-1,-1,-1
2018170S20148,4,9,0,3,0,0,0,0,0,0,2,1,6,1,53,8,1975,1,10,7,1,7
2018170S20158,1,19,0,12,0,1,0,0,0,0,0,1,6,3,-1,-1,2300,2,14,-1,-1,-1
2018170S20158,2,9,0,18,0,1,0,0,1,7,3,1,6,2,43,7,996,1,6,4,1,4
2018170S20248,1,9,0,13,0,2,0,0,0,0,0,1,2,1,45,7,1242,1,7,9,3,9
2018170S20248,2,1,0,18,0,2,0,0,0,0,0,1,1,1,14,3,-1,-1,-1,4,1,4
2018170S20298,1,9,0,4,0,0,0,0,0,0,2,1,6,2,80,11,1598,1,10,5,1,5
2018170S20298,2,9,0,4,0,0,0,0,0,0,2,1,2,1,32,6,1461,2,1,4,1,4
2018170S20298,3,9,0,4,0,0,0,0,0,0,2,1,2,1,27,6,1995,2,10,6,1,6
2018170S20298,4,19,0,18,0,0,0,0,0,0,1,1,2,1,36,7,-1,-1,-1,2,3,2
2018170S20308,1,9,0,3,0,1,0,0,0,0,2,1,2,1,54,8,999,1,1,2,1,2
2018170S20308,2,21,1,18,0,1,0,0,0,0,1,1,1,1,68,10,12777,2,12,-1,-1,-1
2018170S20318,1,9,0,18,0,4,0,0,0,0,1,1,2,1,23,5,1598,1,11,2,1,2
2018170S20318,2,1,0,18,0,8,0,0,0,0,4,1,2,1,52,8,-1,-1,-1,9,1,9
2018170S20328,1,3,0,17,0,0,0,0,1,0,0,1,6,1,18,4,125,1,3,1,1,1
2018170S20348,1,11,0,18,0,1,0,0,1,1,4,1,1,1,46,8,-1,-1,-1,5,1,5
2018170S20488,1,5,0,18,0,0,0,0,0,0,1,1,6,2,31,6,748,1,22,3,1,3
2018170S20488,2,19,0,4,0,0,0,0,0,0,2,1,1,1,30,6,2148,2,11,8,1,8
2018170S20498,1,9,0,18,0,1,0,0,0,0,1,1,6,1,77,11,1599,1,11,9,1,9
2018170S20518,1,19,0,18,0,0,0,0,0,0,1,1,2,2,58,9,-1,-1,-1,1,1,1
2018170S20518,2,19,0,4,0,0,0,0,0,0,2,1,2,1,54,8,1560,2,4,1,1,1
2018170S20518,3,9,0,4,0,0,0,0,0,0,2,1,6,2,33,6,1197,1,1,9,1,9
2018170S20518,4,9,0,4,0,0,0,0,0,0,2,1,2,2,30,6,1595,1,1,1,1,1
2018170S20538,1,9,0,9,0,8,0,0,0,0,1,1,6,1,25,5,1149,1,10,3,1,3
2018170S20538,2,9,0,18,0,8,0,0,0,0,1,1,6,1,51,8,1598,1,14,2,1,2
2018170S20558,1,9,0,18,0,8,0,0,0,0,3,1,6,2,72,10,1497,8,4,2,1,2
2018170S20558,2,1,0,18,0,8,0,0,0,0,1,1,6,1,8,2,-1,-1,-1,2,1,2
2018170S20628,1,9,0,3,0,1,0,0,0,0,2,1,6,1,40,7,2179,2,3,4,1,4
2018170S20628,2,9,0,18,0,1,0,0,0,0,1,1,6,1,-1,-1,1390,1,13,1,1,1
2018170S20658,1,19,0,18,0,8,0,0,1,7,1,1,6,1,27,6,2198,2,12,2,1,2
2018170S20658,2,9,0,18,0,8,0,0,1,7,1,1,6,1,43,7,1598,1,12,6,1,6
2018170S20788,1,9,0,18,0,2,5,0,1,10,1,1,6,1,17,4,1398,1,7,9,3,9
2018170S20798,1,8,0,18,0,8,0,0,0,0,1,1,6,3,-1,-1,-1,-1,-1,-1,-1,-1
2018170S20798,2,1,0,18,0,1,0,0,0,0,1,1,6,1,16,4,-1,-1,-1,-1,-1,-1
2018170S20868,1,9,0,18,0,0,0,0,0,0,1,1,3,1,34,6,1368,1,9,3,1,3
2018170S20868,2,9,0,2,0,0,0,0,0,0,2,1,6,2,80,11,1598,1,11,6,1,6
2018170S20868,3,19,0,2,0,0,0,0,0,0,1,1,1,1,43,7,2402,2,7,-1,-1,-1
2018170S20958,1,9,0,16,0,0,0,0,6,0,1,1,6,1,32,6,1149,1,11,4,1,4
2018170S20958,2,9,0,17,0,0,0,0,0,0,1,1,6,1,39,7,1461,2,6,5,1,5
2018170S20958,3,9,0,17,0,0,0,0,0,0,3,1,6,2,59,9,898,1,3,8,1,8
2018170S20998,1,9,0,7,0,4,0,0,0,0,2,1,2,2,56,9,1995,2,8,9,1,9
2018170S20998,2,9,0,7,0,4,0,0,0,0,1,1,6,1,62,9,1498,1,2,2,1,2
2018170S21058,1,9,0,2,0,0,0,0,0,0,3,1,6,1,51,8,1197,1,1,1,-1,1
2018170S21058,2,1,0,18,0,0,0,0,0,0,1,1,6,1,55,8,-1,-1,-1,1,1,1
2018170S21238,1,9,0,9,0,6,0,0,0,0,3,1,6,1,57,9,1995,2,5,7,1,7
2018170S21238,2,9,0,18,0,8,0,0,0,0,1,1,6,2,21,5,1390,1,3,9,1,9
2018170S21348,1,20,0,18,0,0,0,0,0,0,0,1,1,3,-1,-1,-1,-1,-1,-1,-1,-1
2018170S21468,1,9,0,18,0,0,0,0,0,0,1,1,1,1,44,7,-1,-1,-1,1,1,1
2018170S21468,2,9,0,3,0,0,0,0,0,0,2,1,2,2,60,9,1229,1,4,3,1,3
2018170S21538,1,8,0,7,0,8,0,0,0,0,4,1,6,3,-1,-1,-1,-1,-1,-1,-1,-1
2018170S21598,1,1,0,18,0,6,0,0,0,0,1,1,6,1,51,8,-1,-1,-1,9,1,9
2018170S21598,2,9,0,10,0,1,0,0,0,0,4,1,6,2,60,9,898,1,1,8,1,8
2018170S21618,1,9,0,11,0,1,0,0,1,0,2,1,6,1,82,11,1599,1,15,1,1,1
2018170S21618,2,9,0,18,0,1,0,0,0,0,1,1,6,1,43,7,1968,2,7,9,1,9
2018170S21618,3,9,0,10,0,1,0,0,0,0,2,1,6,2,59,9,1395,1,2,-1,-1,-1
2018170S21698,1,9,0,18,0,0,0,0,1,7,1,1,6,1,42,7,1587,1,13,-1,-1,-1
2018170S21768,1,9,0,9,0,8,0,0,0,0,4,1,6,2,83,11,1398,1,3,9,1,9
2018170S21768,2,9,0,18,0,8,0,0,0,0,1,1,6,2,19,4,1242,1,8,2,1,2
2018170S21798,1,9,0,17,0,0,0,0,1,1,1,1,6,2,28,6,1560,2,9,-1,-1,-1
2018170S21808,1,9,0,18,0,0,0,0,0,0,1,1,6,1,40,7,-1,-1,-1,3,1,3
2018170S21828,1,9,0,18,0,0,0,0,0,0,1,1,1,1,52,8,1968,2,10,8,1,8
2018170S21838,1,9,0,18,0,8,0,0,0,0,3,1,6,3,-1,-1,-1,-1,-1,-1,-1,-1
2018170S21838,2,9,0,18,0,8,0,0,0,0,1,1,6,2,24,5,-1,-1,-1,9,-1,9
2018170S21848,1,9,0,9,0,8,0,0,0,0,1,1,6,2,31,6,1995,2,15,7,1,7
2018170S21848,2,9,0,18,0,8,0,0,0,0,1,1,6,1,62,9,2401,2,14,1,1,1
2018170S21898,1,9,0,18,0,1,0,0,0,0,4,1,6,1,46,8,1299,1,13,1,1,1
2018170S21898,2,1,0,18,0,6,0,0,0,0,1,1,6,1,23,5,-1,-1,-1,3,1,3
2018170S21928,1,9,0,18,0,0,0,0,1,2,1,1,6,1,18,4,1998,1,14,2,1,2
2018170S30088,1,9,0,18,0,8,0,0,0,0,4,1,6,2,53,8,1497,1,14,1,1,1
2018170S30168,1,9,0,18,0,2,0,0,7,2,1,1,6,1,18,4,1299,1,15,3,3,3
2018170S30178,1,9,0,18,0,0,5,0,8,2,4,1,6,1,42,7,1796,1,16,4,1,4
2018170S30228,1,9,0,9,0,5,0,0,0,0,1,1,6,1,64,9,1124,1,11,3,1,3
2018170S30358,1,11,0,18,0,8,0,0,0,0,4,1,1,1,35,6,6696,2,3,1,1,1
2018170S30358,2,9,0,9,0,8,0,0,0,0,1,1,6,1,66,10,2457,1,13,1,1,1
2018170S30398,1,1,0,18,0,6,0,0,0,0,1,1,6,1,50,8,-1,-1,-1,2,1,2
2018170S30398,2,8,0,18,0,8,0,0,0,0,1,1,1,1,24,5,1598,2,2,3,1,3
2018170S30408,1,9,0,18,0,0,0,0,0,0,3,1,1,2,41,7,1497,8,6,3,1,3
2018170S30438,1,9,0,18,0,4,0,0,0,0,1,1,6,1,52,8,998,1,2,9,1,9
2018170S30438,2,1,0,18,0,8,0,0,0,0,1,1,6,1,42,7,-1,-1,-1,9,1,9
2018170S30688,1,9,0,18,0,0,0,0,0,0,1,1,6,3,-1,-1,1956,2,4,-1,-1,-1
2018170S30688,2,11,0,18,0,0,0,0,0,0,3,1,1,1,40,7,9600,2,21,2,1,2
2018170S30688,3,19,0,2,0,0,0,0,0,0,3,1,1,1,-1,-1,1995,2,1,-1,-1,-1
2018170S30688,4,19,0,2,0,0,0,0,0,0,3,1,6,1,-1,-1,1968,2,2,-1,-1,-1
2018170S30858,1,9,0,9,0,8,0,0,0,0,1,1,6,2,68,10,998,1,4,9,1,9
2018170S30858,2,9,0,18,0,8,0,0,0,0,1,1,6,2,28,6,2967,2,1,7,1,7
2018170S30878,1,11,0,18,0,0,0,0,0,0,0,1,1,1,46,8,6700,2,8,9,1,9
2018170S31008,1,9,0,7,0,8,0,0,0,0,4,1,6,1,-1,-1,-1,-1,-1,-1,-1,-1
2018170S31018,1,9,0,18,0,8,0,0,1,11,1,1,6,3,-1,-1,1995,1,14,-1,-1,-1
2018170S31018,2,9,0,18,0,8,0,0,0,0,1,1,6,2,33,6,1364,1,11,3,1,3
2018170S31018,3,9,0,2,0,2,0,0,0,0,2,1,6,1,30,6,1498,1,11,2,1,2
2018170S31138,1,8,0,4,0,0,0,0,0,0,2,1,1,1,36,7,1896,2,12,1,1,1
2018170S31138,2,9,0,18,0,0,0,0,0,0,1,1,2,2,57,9,1390,1,15,9,1,9
2018170S31388,1,9,0,18,0,0,0,0,0,0,1,1,2,1,23,5,1590,1,17,9,1,9
2018170S31388,2,9,0,3,0,0,0,0,0,0,2,1,2,1,32,6,1598,1,11,9,1,9
2018170S31388,3,9,0,3,0,0,0,0,0,0,2,1,2,1,25,5,1461,2,3,9,-1,9
2018170S40128,1,9,0,18,0,1,0,0,0,0,1,1,6,1,80,11,1997,2,13,8,2,8
2018170S40128,2,9,0,10,0,1,0,0,0,0,2,1,6,1,64,9,1396,1,15,5,1,5
2018170S40208,1,9,0,18,0,0,0,0,0,0,1,1,6,1,73,10,1398,1,7,4,2,4
2018170S40208,2,9,0,4,0,0,0,0,0,0,2,1,6,2,35,6,1598,2,5,4,1,4
2018170S40208,3,9,0,18,0,0,0,0,0,0,1,1,6,1,36,7,-1,-1,-1,9,1,9
2018170S40548,1,9,0,1,0,6,0,0,7,10,2,1,6,1,88,11,-1,-1,-1,10,1,10
2018170S40898,1,1,0,18,0,8,0,0,0,0,1,1,6,1,51,8,-1,-1,-1,8,1,8
2018170S40898,2,9,0,9,0,8,0,0,0,0,3,1,6,2,92,11,1242,1,10,10,1,10
2018170S40938,1,9,0,7,0,0,0,0,0,0,1,1,6,1,17,4,1390,1,6,7,1,7
2018170S40938,2,1,0,18,0,0,0,0,0,0,1,1,6,1,52,8,-1,-1,-1,-1,-1,-1
2018170S40948,1,9,0,9,0,8,0,0,0,0,4,1,6,2,42,7,1364,1,9,2,1,2
2018170S40948,2,9,0,18,0,8,0,0,0,0,1,1,6,2,23,5,996,1,6,5,1,5
2018170S41068,1,9,3,18,0,0,0,0,0,0,4,1,6,3,-1,-1,-1,-1,-1,-1,-1,-1
2018170S41068,2,1,0,18,0,0,0,0,0,0,3,1,6,1,48,8,-1,-1,-1,9,1,9
2018170S41178,1,9,0,18,0,1,0,0,2,2,1,1,6,2,69,10,2400,2,2,9,1,9
2018170S41178,2,9,0,18,0,1,0,0,0,0,4,1,6,2,18,4,1461,2,4,10,1,10
2018170S41188,1,5,0,13,0,8,0,0,0,0,1,1,6,1,49,8,955,1,19,7,2,7
2018170S41188,2,17,4,9,0,8,0,0,0,0,3,1,1,1,65,9,-1,2,9,7,2,7
2018170S41218,1,9,0,9,0,8,1,0,1,4,1,1,6,1,31,6,1598,2,5,7,1,7
2018170S41228,1,21,1,11,0,0,0,0,0,0,4,1,1,1,52,8,12809,2,2,7,1,7
2018170S41228,2,9,0,18,0,0,0,0,0,0,3,1,2,2,35,6,1686,2,10,1,1,1
2018170S41338,1,9,0,13,0,0,0,0,0,0,4,1,6,1,-1,-1,-1,-1,-1,-1,-1,-1
2018170S41338,2,1,0,18,0,0,0,0,0,0,3,1,2,1,25,5,-1,-1,-1,4,1,4
2018170S41428,1,9,0,18,0,0,0,0,0,0,1,1,6,2,25,5,1248,2,8,3,1,3
2018170S41428,2,21,1,18,0,0,0,0,0,0,2,1,1,1,46,8,12902,2,2,6,3,6
2018170S41428,3,9,0,18,0,0,0,0,0,0,1,1,6,2,81,11,1396,1,17,8,3,8
2018170S41558,1,9,0,3,0,1,0,0,0,0,2,1,6,2,55,8,1598,1,11,8,1,8
2018170S41558,2,9,0,18,0,1,0,0,0,0,1,1,6,1,60,9,1998,2,9,9,1,9
2018170S41558,3,9,0,18,0,1,0,0,0,0,1,1,6,1,47,8,-1,-1,-1,9,1,9
2018170S41748,1,1,0,18,0,8,0,0,0,0,3,1,2,1,28,6,-1,-1,-1,10,2,10
2018170S41748,2,9,0,9,0,8,0,0,0,0,1,1,2,2,-1,-1,-1,-1,-1,10,1,10
2018170S41818,1,9,0,18,0,1,0,0,7,0,1,1,6,1,72,10,2000,2,8,-1,-1,-1
2018200254951,1,9,0,9,0,6,0,0,0,0,1,1,6,1,19,4,1124,1,16,2,1,2
2018200254951,2,23,0,17,0,1,0,0,0,0,1,1,6,1,46,8,-1,-1,-1,2,1,2
2018200257109,1,9,0,18,0,1,0,0,0,0,1,1,6,3,-1,-1,-1,-1,-1,-1,-1,-1
2018200257395,1,9,0,18,9,0,1,0,1,0,3,1,6,1,20,4,1596,1,2,4,1,4
2018200257395,2,9,0,18,0,0,0,0,0,0,0,1,5,1,-1,-1,2993,2,1,-1,-1,-1
2018200257730,1,9,0,13,0,8,1,10,7,3,3,1,6,3,-1,-1,1248,2,14,-1,-1,-1
2018200257730,2,98,0,9,0,5,0,0,0,0,3,1,1,1,26,6,-1,-1,-1,2,1,2
2018200257866,1,9,0,9,0,6,0,0,0,0,1,1,6,2,30,6,1461,2,1,1,1,1
2018200257914,1,9,0,18,0,0,0,0,0,0,1,1,6,1,24,5,1199,2,4,1,1,1
2018200257914,2,9,0,18,0,0,0,0,0,0,1,1,6,2,31,6,1339,1,11,1,1,1
2018200257962,1,9,0,18,0,0,0,0,0,0,1,1,6,3,-1,-1,1984,1,2,-1,-1,-1
2018200257962,2,9,0,3,0,0,0,0,0,0,2,1,6,1,28,6,1595,1,8,8,1,8
2018200258059,1,9,0,18,0,4,0,0,0,0,1,1,6,2,50,8,-1,-1,-1,1,1,1
2018200258059,2,9,0,18,0,8,0,0,0,0,4,1,6,2,25,5,1364,1,1,1,1,1
2018200258128,1,9,0,18,0,8,0,0,0,0,1,1,6,3,-1,-1,-1,-1,-1,-1,-1,-1
2018200258128,2,9,0,1,0,6,0,0,0,0,1,1,2,2,48,8,-1,-1,-1,4,1,4
2018200258128,3,90,1,18,0,1,0,0,0,0,0,1,1,3,-1,-1,-1,-1,-1,-1,-1,-1
2018200258930,1,9,0,18,0,4,0,0,0,0,1,1,6,2,67,10,1299,1,13,2,1,2
2018200258930,2,9,0,18,0,8,0,0,0,0,1,1,2,1,27,6,1248,2,8,2,1,2
2018200258988,1,9,0,18,0,0,5,10,1,11,1,1,6,1,48,8,1968,2,6,7,1,7
2018200258988,2,9,0,18,0,0,0,10,1,0,1,1,6,1,22,5,1398,1,1,1,1,1
2018200258988,3,9,0,2,9,0,0,0,0,0,1,1,6,1,81,11,1598,1,16,1,1,1
2018200258988,4,9,0,2,9,0,0,0,0,0,3,1,6,3,-1,-1,1199,1,15,-1,-1,-1
2018200258988,5,9,0,18,0,0,0,0,0,0,0,1,1,1,31,6,2967,2,4,5,1,5
2018200258988,6,9,0,2,9,0,0,0,0,0,0,1,6,1,-1,-1,1896,2,10,1,1,1
2018200259003,1,9,0,18,0,0,0,0,0,0,1,1,6,1,23,5,1995,1,7,1,1,1
2018200259198,1,9,0,18,0,0,0,0,0,0,1,1,6,1,-1,-1,-1,-1,-1,-1,-1,-1
2018200259198,2,9,0,3,0,0,0,0,0,0,2,1,2,2,46,8,1339,1,4,2,1,2
2018200259239,1,9,0,18,0,1,0,0,0,0,0,1,6,1,-1,-1,1998,2,10,1,1,1
2018200259239,2,9,0,3,0,1,0,0,0,0,0,1,6,2,23,5,1199,1,16,1,1,1
2018200259287,1,9,0,10,0,8,0,0,0,0,1,1,2,1,34,6,1560,2,1,10,1,10
2018200259287,2,5,0,4,0,8,1,0,0,0,1,1,2,1,38,7,749,1,11,1,1,1
2018200259302,1,9,0,7,0,1,0,0,0,0,4,1,6,2,35,6,1598,1,7,1,1,1
2018200259302,2,9,0,1,0,2,0,0,0,0,2,1,6,1,-1,-1,1769,1,13,-1,-1,-1
2018200259307,1,98,0,7,0,5,0,0,0,0,3,1,6,1,-1,-1,-1,-1,-1,-1,-1,-1
2018200259314,1,9,0,18,0,0,0,0,0,0,0,1,6,1,41,7,1995,2,15,6,1,6
2018200259352,1,9,0,9,0,2,0,0,0,0,1,1,6,1,50,8,-1,-1,-1,2,1,2
2018200259372,1,9,0,18,0,1,0,0,0,0,1,1,6,1,-1,-1,-1,-1,-1,-1,-1,-1
2018200259372,2,8,0,3,0,1,0,0,0,0,2,1,1,1,-1,-1,-1,-1,-1,-1,-1,-1
2018200259375,1,9,0,12,0,0,1,0,0,0,1,1,1,1,39,7,-1,-1,-1,1,1,1
2018200259375,2,9,0,18,0,0,0,0,0,0,1,1,1,1,29,6,-1,-1,-1,8,1,8
2018200259404,1,9,0,3,0,1,0,0,0,0,2,1,6,2,22,5,1398,2,5,3,1,3
2018200259404,2,9,0,18,0,1,0,0,0,0,1,1,6,1,-1,-1,-1,-1,-1,1,1,1
2018200259466,1,1,0,18,0,0,0,0,0,0,2,1,6,1,25,5,-1,-1,-1,2,1,2
2018200259466,2,9,0,18,0,0,0,0,0,0,1,1,6,3,-1,-1,-1,-1,-1,-1,-1,-1
2018200259706,1,9,0,17,0,8,0,0,0,0,1,1,6,1,18,4,1248,2,13,1,1,1
2018200259706,2,9,0,9,0,6,0,0,0,0,1,1,6,1,26,6,1997,2,16,1,1,1
2018200259741,1,9,0,5,0,1,0,0,0,0,1,1,6,1,47,8,1598,1,13,2,1,2
2018200259764,1,9,0,18,0,8,0,0,0,0,1,1,6,2,26,6,999,1,1,6,1,6
2018200259764,2,9,0,18,0,8,0,0,0,0,4,1,6,1,61,9,1796,1,20,1,1,1
2018200259989,1,9,0,18,0,2,0,0,0,0,4,1,6,1,80,11,1995,2,3,3,1,3
2018200260205,1,5,0,18,0,3,2,10,1,0,4,1,2,1,39,7,599,1,20,1,1,1
2018200260217,1,9,0,7,0,6,0,0,0,0,1,1,6,1,52,8,998,1,4,1,1,1
2018200260217,2,9,0,18,0,8,1,0,0,0,3,1,1,1,39,7,1968,2,8,1,1,1
2018200260217,3,9,0,18,0,1,0,0,0,0,4,1,6,2,36,7,1339,1,12,1,1,1
2018200260217,4,9,0,18,0,2,0,0,0,0,4,1,6,2,52,8,1368,1,9,1,1,1
2018200260217,5,9,0,18,0,2,0,0,0,0,0,1,1,1,43,7,1956,2,3,-1,-1,-1
2018200260217,6,9,0,18,0,2,0,0,0,0,4,1,6,1,52,8,1995,2,11,1,1,1
2018200260232,1,8,0,18,0,8,0,10,1,0,1,1,6,1,20,4,142,2,16,5,1,5
2018200260232,2,9,0,9,0,5,0,0,0,0,1,1,6,1,22,5,998,1,4,2,1,2
2018200260324,1,9,0,17,0,0,1,10,1,2,1,1,6,1,15,3,1360,1,18,2,1,2
2018200260408,1,9,0,3,0,0,0,0,0,0,2,1,1,1,21,5,998,1,11,6,1,6
2018200260408,2,21,0,18,0,0,0,0,0,0,1,1,1,1,-1,-1,12740,2,1,-1,-1,-1
2018200260410,1,9,0,9,0,8,0,0,0,0,1,1,6,1,27,6,-1,-1,-1,7,1,7
2018200260410,2,9,0,18,0,8,0,0,0,0,3,1,6,1,46,8,1968,2,1,2,1,2
2018200260453,1,9,0,18,0,0,0,0,0,0,1,1,6,1,76,11,1995,2,2,9,1,9
2018200260453,2,9,0,18,0,0,0,0,0,0,1,1,6,2,37,7,-1,-1,-1,3,1,3
2018200260481,1,9,0,18,0,8,0,0,0,0,3,1,6,2,47,8,1461,2,4,2,1,2
2018200260481,2,9,0,5,0,6,0,0,0,0,1,1,6,1,-1,-1,998,1,16,2,1,2
2018200260499,1,9,0,18,0,0,0,0,0,0,1,1,6,3,-1,-1,-1,-1,-1,-1,-1,-1