Accident_Index,Vehicle_Reference,Vehicle_Type,Towing_and_Articulation,Vehicle_Manoeuvre,Vehicle_Location-Restricted_Lane,Junction_Location,Skidding_and_Overturning,Hit_Object_in_Carriageway,Vehicle_Leaving_Carriageway,Hit_Object_off_Carriageway,1st_Point_of_Impact,Was_Vehicle_Left_Hand_Drive?,Journey_Purpose_of_Driver,Sex_of_Driver,Age_of_Driver,Age_Band_of_Driver,Engine_Capacity_(CC),Propulsion_Code,Age_of_Vehicle,Driver_IMD_Decile,Driver_Home_Area_Type,Vehicle_IMD_Decile
2018200267427,3,9,0,18,0,8,0,0,0,0,0,1,6,1,19,4,1398,1,7,4,1,4
2018200267434,1,11,0,5,0,0,0,0,0,0,4,1,1,1,-1,-1,4500,2,3,2,1,2
2018200267441,1,9,0,18,0,0,0,0,0,0,1,1,6,1,35,6,-1,-1,-1,3,1,3
2018200267441,2,9,0,18,0,0,0,0,0,0,2,1,6,2,-1,-1,1339,1,14,-1,-1,-1
2018200267455,1,9,0,9,0,2,0,0,0,0,1,1,6,2,44,7,1796,1,19,2,1,2
2018200267464,1,9,0,6,0,0,0,10,1,0,1,1,1,1,51,8,1797,8,3,5,1,5
2018200267464,2,8,0,18,0,0,0,0,0,0,3,1,1,1,46,8,1995,2,10,1,1,1
2018200267497,1,9,0,7,0,6,0,0,0,0,3,1,6,1,34,6,1600,2,9,3,1,3
2018200267497,2,9,0,18,0,8,0,0,0,0,1,1,6,3,-1,-1,-1,-1,-1,-1,-1,-1
2018200267501,1,9,0,5,0,2,0,0,0,0,0,1,1,1,-1,-1,1870,2,10,8,1,8
2018200267506,1,9,0,18,0,8,0,0,0,0,0,1,6,1,31,6,1984,1,4,2,1,2
2018200267506,2,9,0,18,0,8,0,0,0,0,2,1,6,1,58,9,998,1,3,1,1,1
2018200267513,1,9,0,18,0,0,1,10,1,2,1,1,6,2,32,6,995,1,7,2,1,2
2018200267524,1,9,0,1,6,0,0,4,0,0,2,1,4,2,-1,-1,998,1,11,9,1,9
2018200267524,2,9,0,2,0,0,0,0,0,0,1,1,4,2,41,7,2179,2,4,5,1,5
2018200267527,1,23,0,18,0,1,0,0,0,0,1,1,6,1,-1,-1,-1,-1,-1,-1,-1,-1
2018200267540,1,9,0,18,0,0,0,0,0,0,1,1,1,2,29,6,1560,2,9,1,1,1
2018200267541,1,9,0,1,0,0,0,4,0,0,2,1,6,1,-1,-1,-1,-1,-1,1,1,1
2018200267541,2,9,0,2,0,0,0,0,0,0,2,1,6,2,62,9,1598,1,3,2,1,2
2018200267556,1,19,0,18,0,1,1,0,0,0,1,1,6,1,24,5,2477,2,12,1,1,1
2018200267557,1,9,0,18,0,1,0,0,0,0,1,1,6,3,-1,-1,-1,-1,-1,-1,-1,-1
2018200267557,2,9,0,3,0,1,0,0,0,0,2,1,2,1,43,7,1995,2,6,5,1,5
2018200267591,1,9,0,18,0,0,0,0,0,0,1,1,6,3,-1,-1,-1,-1,-1,-1,-1,-1
2018200267591,2,1,0,18,0,0,0,0,0,0,3,1,6,1,18,4,-1,-1,-1,3,1,3
2018200267613,1,9,0,18,0,0,1,4,0,0,1,1,6,1,-1,-1,998,1,9,5,1,5
2018200267613,2,9,0,2,0,0,0,0,0,0,2,1,6,2,51,8,1598,1,12,7,3,7
2018200267636,1,9,0,3,0,0,0,0,0,0,2,1,2,2,-1,-1,998,1,15,2,1,2
2018200267636,2,19,0,3,0,0,0,0,0,0,1,1,1,1,-1,-1,1868,2,11,1,1,1
2018200267636,3,9,0,18,0,0,0,0,0,0,1,1,6,3,-1,-1,1896,2,14,-1,-1,-1
2018200267657,1,9,0,18,0,8,0,0,0,0,4,1,6,2,32,6,1598,1,8,6,1,6
2018200267657,2,90,0,9,0,5,0,0,0,0,4,1,1,1,61,9,1997,2,1,3,1,3
2018200267664,1,9,0,18,0,2,0,0,0,0,1,1,6,1,26,6,1968,2,4,3,1,3
2018200267664,2,9,0,18,0,2,0,0,0,0,2,1,6,1,53,8,1398,1,7,2,1,2
2018200267704,1,9,0,18,0,0,0,0,0,0,1,1,6,1,-1,-1,1124,1,15,1,1,1
2018200267709,1,9,0,9,0,6,0,0,0,0,1,1,6,1,43,7,1299,1,13,7,1,7
2018200267709,2,3,0,18,0,8,0,0,0,0,1,1,6,1,21,5,124,1,2,10,1,10
2018200267709,3,9,0,18,0,1,0,0,0,0,1,1,6,2,51,8,999,1,3,10,1,10
2018200267709,4,5,0,18,0,1,0,0,0,0,3,1,6,1,24,5,645,1,12,8,1,8
2018200267722,1,9,0,12,0,6,0,0,0,0,0,1,6,2,-1,-1,2143,2,3,-1,-1,-1
2018200267722,2,9,0,18,0,8,0,7,4,0,4,1,6,1,20,4,1200,1,2,1,1,1
2018200267726,1,9,0,13,0,1,0,0,0,0,4,1,1,1,36,7,1200,1,1,4,1,4
2018200267726,2,9,0,18,0,1,0,0,0,0,3,1,1,2,46,8,3222,2,14,6,1,6
2018200267738,1,90,1,18,0,1,0,0,0,0,2,1,1,1,64,9,-1,-1,-1,10,1,10
2018200267747,1,9,0,18,0,0,1,0,0,0,1,1,6,2,41,7,1124,1,15,1,1,1
2018200267747,2,9,0,18,0,0,0,0,0,0,1,1,6,2,76,11,1299,1,17,4,1,4
2018200267751,1,21,0,11,0,0,0,0,0,0,4,1,6,1,50,8,12580,2,13,10,1,10
2018200267751,2,9,0,18,0,0,0,0,0,0,3,1,1,1,61,9,1598,2,4,1,1,1
2018200267759,1,9,0,13,0,2,0,0,0,0,3,1,1,1,40,7,1598,2,2,-1,-1,-1
2018200267764,1,19,0,18,0,2,0,0,0,0,1,1,1,1,54,8,1753,2,5,2,1,2
2018200267785,1,9,0,17,0,0,0,0,0,0,0,1,6,2,60,9,1598,2,6,3,1,3
2018200267785,2,9,0,16,0,0,0,0,0,0,0,1,6,1,-1,-1,-1,-1,-1,-1,-1,-1
2018200267789,1,9,0,3,0,1,0,0,0,0,2,1,6,2,-1,-1,1997,2,2,5,1,5
2018200267789,2,9,0,18,0,1,0,0,0,0,1,1,6,1,-1,-1,1975,1,12,3,1,3
2018200267840,1,9,0,18,0,8,0,0,0,0,0,1,6,2,27,6,1398,1,2,3,1,3
2018200267840,2,9,0,9,0,4,0,0,0,0,0,1,6,2,-1,-1,1360,1,10,9,1,9
2018200267860,1,9,0,18,0,1,0,0,0,0,1,1,6,2,-1,-1,1298,1,10,2,1,2
2018200267860,2,9,0,3,0,1,0,0,0,0,0,1,6,1,37,7,2143,2,5,8,1,8
2018200267886,1,9,0,18,0,8,0,10,1,0,1,1,3,2,39,7,1299,1,13,4,1,4
2018200267886,2,19,0,9,0,6,0,0,0,0,4,1,1,1,40,7,2198,2,6,-1,-1,-1
2018200267888,1,9,0,18,0,2,0,0,0,0,3,1,6,2,-1,-1,-1,-1,-1,-1,-1,-1
2018200267896,1,9,0,18,0,8,0,0,0,0,4,1,1,1,51,8,1797,8,3,1,1,1
2018200267896,2,9,0,5,0,6,0,0,0,0,1,1,6,2,-1,-1,1995,2,13,-1,-1,-1
2018200267897,1,9,0,18,0,0,0,4,0,0,1,1,6,1,-1,-1,1596,1,4,-1,-1,-1
2018200267897,2,9,0,2,0,0,0,4,0,0,1,1,6,3,-1,-1,1598,1,14,-1,-1,-1
2018200267897,3,9,0,2,0,0,0,0,0,0,1,1,6,3,-1,-1,1242,1,3,-1,-1,-1
2018200267922,1,9,0,9,0,6,0,0,0,0,4,1,6,2,46,8,1229,1,10,1,1,1
2018200267922,2,9,0,18,0,8,0,0,0,0,1,1,6,2,22,5,1360,1,10,1,1,1
2018200267943,1,9,0,18,0,1,2,4,0,0,1,1,6,1,-1,-1,1984,1,4,-1,-1,-1
2018200267943,2,19,0,2,0,2,0,0,0,0,4,1,6,3,-1,-1,1995,2,1,-1,-1,-1
2018200267943,3,9,0,2,0,1,0,0,0,0,2,1,6,3,-1,-1,1590,1,5,-1,-1,-1
2018200267943,4,9,0,2,0,2,0,0,0,0,1,1,6,2,52,8,1910,2,10,1,1,1
2018200267944,1,9,0,4,0,6,1,0,0,0,1,1,6,1,51,8,3456,8,3,2,1,2
2018200267944,2,9,0,18,0,8,1,10,1,11,4,1,6,1,56,9,1598,1,12,10,1,10
2018200267953,1,9,0,4,0,8,0,0,0,0,1,1,6,2,29,6,1598,2,6,1,1,1
2018200267953,2,9,0,10,0,8,0,0,0,0,2,1,6,1,48,8,2231,2,5,1,1,1
2018200267958,1,9,0,18,0,8,0,0,0,0,1,1,6,1,33,6,1968,2,3,5,1,5
2018200267958,2,9,0,7,0,6,0,0,0,0,1,1,6,2,27,6,2000,2,9,4,3,4
2018200268006,1,9,0,18,0,1,0,0,0,0,1,1,6,1,37,7,1587,1,11,1,1,1
2018200268006,2,9,0,10,0,1,0,0,0,0,2,1,6,2,54,8,1560,2,8,6,1,6
2018200268019,1,9,0,4,0,0,0,0,0,0,1,1,6,1,48,8,-1,-1,-1,7,1,7
2018200268019,2,9,0,4,0,0,0,0,0,0,2,1,6,1,50,8,2295,1,14,7,1,7
2018200268019,3,9,0,4,0,0,0,0,0,0,2,1,6,2,52,8,-1,-1,-1,6,3,6
2018200268019,4,90,0,13,0,0,0,0,0,0,0,1,1,3,-1,-1,2999,2,2,-1,-1,-1
2018200268020,1,9,0,18,0,0,0,0,0,0,4,1,6,2,29,6,1560,2,13,4,1,4
2018200268020,2,98,0,11,0,0,0,0,0,0,0,1,6,1,45,7,-1,-1,-1,2,1,2
2018200268036,1,9,0,4,0,1,0,0,0,0,1,1,6,2,36,7,1560,2,6,3,1,3
2018200268036,2,9,0,7,0,5,1,0,0,0,1,1,6,1,18,4,1149,1,13,2,1,2
2018200268042,1,9,0,18,0,2,0,10,1,10,1,1,6,1,21,5,1598,1,7,8,1,8
2018200268042,2,9,0,6,0,2,0,0,0,0,1,1,6,2,49,8,1242,1,4,3,1,3
2018200268042,3,11,0,18,0,2,0,0,0,0,2,1,1,1,67,10,-1,-1,-1,5,1,5
2018200268068,1,98,1,5,0,1,0,0,0,0,1,1,1,1,59,9,-1,-1,-1,-1,-1,-1
2018200268107,1,9,0,8,9,8,0,0,0,0,0,1,6,1,26,6,1395,1,1,5,1,5
2018200268116,1,9,0,7,0,2,0,0,0,0,1,1,6,1,37,7,998,1,17,1,1,1
2018200268122,1,9,0,9,0,6,0,0,0,0,1,1,6,2,24,5,1229,1,4,3,1,3
2018200268122,2,9,0,18,0,8,0,0,0,0,1,1,6,1,45,7,1753,2,11,8,1,8
2018200268133,1,9,0,10,0,1,0,0,0,0,3,1,6,2,53,8,-1,-1,-1,1,1,1
2018200268133,2,9,0,1,0,6,0,0,0,0,4,1,6,1,-1,-1,1686,2,8,3,1,3
2018200268137,1,9,0,18,0,6,0,0,0,0,1,1,6,2,20,4,1396,1,17,1,1,1
2018200268137,2,9,0,18,0,8,0,0,0,0,3,1,6,2,26,6,1349,1,8,2,1,2
2018200268144,1,9,0,18,0,1,0,0,0,0,0,1,6,3,-1,-1,-1,-1,-1,-1,-1,-1
2018200268159,1,21,1,18,0,0,0,0,0,0,1,1,1,1,33,6,12740,2,3,6,1,6
2018200268159,2,9,0,3,0,0,0,0,0,0,2,1,2,1,20,4,-1,-1,-1,2,1,2
2018200268159,3,21,1,3,0,0,0,0,0,0,2,1,1,1,41,7,12740,2,2,7,1,7
2018200268159,4,19,0,3,0,0,0,0,0,0,2,1,1,1,58,9,2143,2,3,4,1,4
2018200268159,5,21,1,3,0,0,0,0,0,0,2,1,1,1,34,6,12419,2,4,-1,1,-1
2018200268160,1,9,0,18,0,8,0,0,0,0,1,1,6,2,19,4,1242,1,6,9,1,9
2018200268160,2,9,0,18,0,8,0,0,0,0,3,1,6,1,25,5,1598,2,4,8,1,8
2018200268182,1,9,0,5,0,6,0,0,0,0,1,1,6,1,-1,-1,1796,1,13,1,1,1
2018200268182,2,9,0,18,0,8,0,0,0,0,4,1,6,2,23,5,1229,1,10,1,1,1
2018200268217,1,9,0,5,0,7,0,0,0,0,1,1,6,2,25,5,1598,2,4,-1,-1,-1
2018200268217,2,9,0,4,0,8,0,0,0,0,2,1,6,1,70,10,2143,2,7,2,1,2
2018200268248,1,9,0,5,0,8,0,0,0,0,1,1,6,2,73,10,1991,2,6,10,1,10
2018200268248,2,9,0,9,0,8,0,0,0,0,3,1,6,1,-1,-1,-1,-1,-1,-1,-1,-1
2018200268360,1,5,0,12,0,0,5,0,0,0,4,1,2,1,55,8,-1,-1,-1,1,1,1
2018200268360,2,21,0,4,0,0,0,0,0,0,3,1,1,1,45,7,12809,2,4,8,3,8
2018200268365,1,1,0,18,0,0,0,0,0,0,1,1,6,1,21,5,-1,-1,-1,9,1,9
2018200268365,2,9,0,18,0,0,0,0,0,0,1,1,6,1,38,7,1998,1,12,4,1,4
2018200268373,1,9,0,18,0,1,0,0,0,0,4,1,6,3,-1,-1,-1,-1,-1,-1,-1,-1
2018200268384,1,9,0,18,0,0,0,0,0,0,1,1,6,1,57,9,2987,2,9,8,1,8
2018200268406,1,9,0,18,0,1,0,0,0,0,3,1,6,3,-1,-1,-1,-1,-1,-1,-1,-1
2018200268414,1,9,0,5,0,6,0,0,0,0,1,1,6,2,35,6,1364,2,8,5,1,5
2018200268418,1,9,0,18,0,4,0,0,0,0,1,1,6,2,54,8,1596,1,13,2,1,2
2018200268418,2,9,0,18,0,8,0,0,0,0,4,1,6,2,40,7,1796,1,4,7,1,7
2018200268426,1,9,0,9,0,5,0,0,0,0,1,1,6,1,34,6,-1,-1,-1,2,1,2
2018200268426,2,9,0,18,0,8,0,10,2,11,1,1,1,1,31,6,-1,-1,-1,3,2,3
2018200268432,1,9,0,18,0,0,0,0,0,0,1,1,6,2,-1,-1,1998,2,11,6,1,6
2018200268432,2,9,0,18,0,0,0,0,0,0,2,1,6,1,-1,-1,1968,2,10,1,1,1
2018200268440,1,9,0,9,0,5,0,0,0,0,1,1,5,2,40,7,1339,1,8,6,1,6
2018200268440,2,1,0,18,0,8,0,0,0,0,1,1,6,2,31,6,-1,-1,-1,6,1,6
2018200268455,1,9,0,18,0,0,0,0,0,0,1,1,6,1,42,7,1598,2,1,1,1,1
2018200268455,2,9,0,3,0,0,0,0,0,0,2,1,6,1,29,6,998,1,1,7,3,7
2018200268455,3,9,0,3,0,0,0,0,0,0,2,1,6,2,74,10,1598,2,3,7,3,7
2018200268455,4,9,0,3,0,0,0,0,0,0,2,1,6,2,37,7,998,1,8,2,1,2
2018200268457,1,9,0,18,0,0,0,0,0,0,1,1,6,1,36,7,1910,2,10,5,1,5
2018200268457,2,9,0,18,0,0,0,0,0,0,3,1,6,1,37,7,1299,1,15,1,1,1
2018200268459,1,9,0,5,0,6,0,0,0,0,1,1,1,1,33,6,1796,1,8,1,1,1
2018200268459,2,3,0,18,0,8,0,0,0,0,3,1,2,1,37,7,125,1,1,1,1,1
2018200268470,1,9,0,18,0,2,0,0,0,0,1,1,6,3,-1,-1,-1,-1,-1,-1,-1,-1
2018200268498,1,9,0,18,0,1,0,0,0,0,1,1,6,1,-1,-1,-1,-1,-1,-1,-1,-1
2018200268509,1,9,0,7,0,3,0,0,0,0,4,1,6,1,-1,-1,1968,2,11,-1,-1,-1
2018200268509,2,9,0,7,0,3,0,0,0,0,3,1,6,2,59,9,1560,2,5,2,1,2
2018200268511,1,9,0,11,0,1,0,0,0,0,1,1,6,1,52,8,1360,1,9,8,1,8
2018200268511,2,9,0,18,0,1,0,0,0,0,2,1,6,2,30,6,2359,7,7,8,1,8
2018200268512,1,9,0,18,0,0,0,4,1,11,3,1,6,3,-1,-1,-1,-1,-1,-1,-1,-1
2018200268512,2,9,0,2,0,0,0,0,0,0,0,1,6,3,-1,-1,-1,-1,-1,-1,-1,-1
2018200268512,3,9,0,2,0,0,0,0,0,0,3,1,6,3,-1,-1,-1,-1,-1,-1,-1,-1
2018200268522,1,9,0,3,0,4,0,0,0,0,2,1,6,2,34,6,1461,2,11,1,1,1
2018200268522,2,9,0,18,0,1,0,0,0,0,1,1,6,1,-1,-1,1798,1,10,1,1,1
2018200268533,1,9,0,18,0,8,0,0,0,0,3,1,2,2,43,7,1560,2,8,1,1,1
2018200268533,2,9,0,18,0,6,0,0,0,0,1,1,6,1,21,5,1422,2,11,1,1,1
2018200268534,1,1,0,14,0,0,0,0,0,0,4,1,2,1,37,7,-1,-1,-1,4,1,4
2018200268534,2,9,0,5,0,0,0,0,0,0,1,1,6,1,37,7,1497,8,13,1,1,1
2018200268545,1,9,0,18,0,8,0,0,0,0,1,1,6,1,-1,-1,1598,1,12,4,1,4
2018200268545,2,9,0,7,0,5,0,0,0,0,4,1,6,1,23,5,1200,1,1,6,1,6
2018200268547,1,9,0,18,0,1,0,0,0,0,1,1,6,3,-1,-1,-1,-1,-1,-1,-1,-1
2018200268547,2,1,0,18,0,1,0,0,0,0,1,1,6,1,20,4,-1,-1,-1,1,1,1
2018200268554,1,9,0,6,0,1,0,0,0,0,1,1,6,3,-1,-1,-1,-1,-1,-1,-1,-1
2018200268554,2,9,0,10,0,1,0,0,0,0,2,1,6,1,35,6,1248,1,3,3,1,3
2018200268557,1,9,0,18,0,0,0,0,0,0,4,1,6,1,25,5,-1,-1,-1,-1,-1,-1
2018200268605,1,3,0,9,0,8,0,0,0,0,1,1,6,2,17,4,124,1,4,2,1,2
2018200268605,2,19,0,18,0,8,0,0,0,0,1,1,6,1,24,5,1995,2,1,5,1,5
2018200268665,1,9,0,3,0,1,0,0,0,0,2,1,6,1,-1,-1,-1,-1,-1,-1,-1,-1
2018200268665,2,9,0,18,0,1,0,0,0,0,1,1,6,3,-1,-1,-1,-1,-1,-1,-1,-1
2018200268666,1,9,0,3,0,0,0,0,0,0,1,1,1,2,24,5,998,1,8,1,1,1
2018200268666,2,9,0,14,0,0,0,0,0,0,1,1,6,1,-1,-1,1968,2,2,-1,-1,-1
2018200268688,1,90,0,18,0,0,0,0,0,0,0,1,6,1,-1,-1,-1,-1,-1,-1,-1,-1
2018200268688,2,9,0,13,0,0,0,0,0,0,1,1,6,2,53,8,1587,1,14,6,1,6
2018200268705,1,9,0,9,0,5,0,0,0,0,1,1,6,1,19,4,-1,-1,-1,3,1,3
2018200268705,2,9,0,18,0,8,0,0,0,0,1,1,6,1,63,9,1997,2,14,1,1,1
2018200268710,1,19,0,18,0,6,0,0,0,0,1,1,6,1,-1,-1,1968,2,8,6,1,6
2018200268710,2,9,0,18,0,8,0,0,0,0,1,1,6,2,27,6,2204,2,12,1,1,1
2018200268727,1,9,0,18,0,1,0,0,0,0,1,1,6,3,-1,-1,-1,-1,-1,-1,-1,-1
2018200268752,1,9,0,9,0,5,0,0,0,0,1,1,6,2,-1,-1,1986,2,11,9,1,9
2018200268779,1,9,0,6,0,1,0,0,0,0,3,1,6,1,39,7,1896,2,11,2,1,2
2018200268779,2,3,0,14,0,1,0,0,0,0,1,1,6,1,-1,-1,124,1,3,2,1,2
2018200268834,1,9,0,1,0,5,0,0,0,0,4,1,6,1,42,7,-1,-1,-1,-1,-1,-1
2018200268834,2,9,0,18,0,8,0,0,0,0,3,1,1,1,61,9,-1,-1,-1,1,1,1
2018200268837,1,9,0,4,0,1,0,0,0,0,1,1,6,1,36,7,1398,1,2,10,1,10
2018200268837,2,9,0,18,0,1,0,0,0,0,2,1,1,1,-1,-1,1596,1,13,-1,-1,-1
2018200268873,1,9,0,4,0,0,0,0,0,0,4,1,1,1,58,9,1995,2,5,6,3,6
2018200268903,1,9,0,1,0,2,0,0,0,0,3,1,6,1,-1,-1,1769,1,16,1,1,1
2018200268903,2,9,0,8,0,1,0,0,0,0,4,1,6,2,45,7,1600,2,8,5,1,5
2018200268923,1,9,0,18,0,8,0,0,0,0,1,1,6,2,37,7,1598,1,9,1,1,1
2018200268923,2,9,0,12,0,8,0,0,0,0,3,1,6,1,20,4,1596,1,13,2,1,2
2018200268923,3,9,0,18,0,8,0,0,0,0,1,1,6,1,34,6,-1,-1,-1,3,1,3
2018200268942,1,21,1,11,0,0,1,0,0,0,1,1,6,1,29,6,12900,2,6,5,1,5
2018200268942,2,21,1,4,0,0,0,0,0,0,2,1,6,1,63,9,12419,2,5,7,3,7
2018200269276,1,9,0,18,0,2,0,0,0,0,1,1,6,1,36,7,1896,2,16,6,1,6
2018200269284,1,9,0,18,0,0,0,8,0,0,4,1,6,3,-1,-1,-1,-1,-1,-1,-1,-1
2018200269284,2,9,0,2,0,0,0,0,0,0,3,1,6,2,39,7,1299,1,13,1,1,1
2018200269295,1,9,0,9,0,8,0,0,0,0,4,1,6,2,47,8,-1,-1,-1,1,1,1
2018200269295,2,1,0,7,0,3,0,0,0,0,3,1,6,1,29,6,-1,-1,-1,9,1,9
2018200269316,1,19,0,3,0,1,0,0,0,0,3,1,1,1,41,7,1870,2,12,4,1,4
2018200269316,2,9,0,7,0,3,0,0,0,0,3,1,6,2,-1,-1,1396,1,18,-1,-1,-1
2018200269330,1,9,0,9,0,5,0,0,0,0,1,1,6,1,32,6,1200,1,2,1,1,1
2018200269330,2,9,0,18,0,8,0,0,0,0,1,1,6,1,23,5,1396,1,17,1,1,1
2018200269367,1,19,0,9,0,5,0,0,0,0,1,1,1,1,22,5,2198,2,2,9,1,9
2018200269367,2,9,0,18,0,8,0,0,0,0,3,1,1,1,34,6,1995,2,6,2,1,2
2018200269373,1,19,0,18,0,6,0,0,0,0,1,1,1,1,28,6,2143,2,9,7,1,7
2018200269373,2,9,0,18,0,8,0,0,0,0,4,1,3,1,49,8,1364,1,6,3,1,3
2018200269396,1,9,0,18,0,4,0,0,0,0,3,1,1,1,30,6,1995,2,11,2,1,2
2018200269396,2,1,0,9,0,3,0,0,0,0,1,1,6,2,47,8,-1,-1,-1,3,1,3
2018200269416,1,9,0,12,0,3,0,0,0,0,2,1,6,1,51,8,-1,-1,-1,1,1,1
2018200269416,2,9,0,18,0,3,0,0,0,0,1,1,6,1,31,6,1968,2,6,1,1,1
2018200269462,1,9,0,18,0,0,0,0,0,0,3,1,6,1,52,8,1968,2,8,3,1,3
2018200269469,1,9,0,18,0,1,0,0,0,0,1,1,6,2,-1,-1,1997,2,3,-1,-1,-1
2018200269469,2,9,0,3,0,1,0,0,0,0,2,1,1,1,34,6,-1,-1,-1,1,1,1
2018200269530,1,9,0,3,0,0,0,0,0,0,0,1,1,1,55,8,1968,2,5,8,3,8
2018200269530,2,9,0,18,0,0,1,0,0,0,1,1,6,1,25,5,1968,2,5,-1,-1,-1
2018200269535,1,9,0,18,0,2,0,0,0,0,4,1,2,1,47,8,-1,-1,-1,3,1,3
2018200269535,2,9,0,2,0,2,0,0,0,0,3,1,6,3,-1,-1,-1,-1,-1,-1,-1,-1
2018200269551,1,9,0,1,0,0,0,4,0,0,2,1,6,3,-1,-1,-1,-1,-1,-1,-1,-1
2018200269551,2,9,0,18,0,0,0,4,0,0,3,1,6,1,55,8,1598,1,11,1,1,1
2018200269551,3,9,0,2,0,0,0,0,0,0,2,1,6,3,-1,-1,-1,-1,-1,-1,-1,-1
2018200269551,4,9,0,2,0,0,0,0,0,0,1,1,6,3,-1,-1,-1,-1,-1,-1,-1,-1
2018200269561,1,9,0,5,0,5,0,0,0,0,1,1,6,3,-1,-1,-1,-1,-1,-1,-1,-1
2018200269563,1,9,0,14,0,0,0,0,0,0,1,1,1,1,40,7,1968,2,4,2,1,2
2018200269563,2,9,0,18,0,0,0,0,0,0,1,1,1,2,37,7,1461,2,3,9,1,9
2018200269583,1,9,0,18,0,0,0,0,0,0,4,1,6,3,-1,-1,1242,1,3,-1,-1,-1
2018200269583,2,9,0,2,0,0,0,0,0,0,0,1,6,3,-1,-1,-1,-1,-1,-1,-1,-1
2018200269594,1,9,0,15,0,0,0,0,0,0,4,1,1,1,-1,-1,-1,-1,-1,-1,-1,-1
2018200269594,2,21,0,2,0,0,0,0,0,0,0,1,1,1,45,7,6692,2,7,5,1,5
2018200269669,1,11,0,18,0,8,0,0,0,0,4,1,1,1,29,6,9000,2,10,1,1,1
2018200269671,1,3,0,6,0,0,5,0,0,0,4,1,6,1,35,6,125,1,2,1,1,1
2018200269671,2,9,0,18,0,0,0,0,0,0,1,1,6,1,44,7,1896,2,10,1,1,1
2018200269678,1,9,0,18,0,4,0,0,0,0,1,1,6,3,-1,-1,-1,-1,-1,-1,-1,-1
2018200269678,2,9,0,18,0,8,0,0,0,0,4,1,6,1,22,5,-1,-1,-1,1,1,1
2018200269683,1,9,0,3,0,1,0,0,0,0,1,1,6,1,41,7,1896,2,13,2,1,2
2018200269683,2,9,0,18,0,1,0,0,0,0,2,1,6,3,-1,-1,-1,-1,-1,-1,-1,-1
2018200269683,3,9,0,18,0,1,0,0,0,0,2,1,6,2,33,6,2993,2,13,3,1,3
2018200269686,1,9,0,16,0,0,1,0,1,0,1,1,6,1,31,6,1598,1,12,5,1,5
2018200269706,1,9,0,13,0,0,0,0,0,0,1,1,6,1,32,6,1595,1,17,2,1,2
2018200269706,2,9,0,18,0,0,0,0,0,0,1,1,6,2,46,8,-1,-1,-1,9,1,9
2018200269706,3,9,0,18,0,0,0,0,0,0,1,1,6,1,20,4,1124,1,17,1,1,1
2018200269729,1,9,0,18,0,0,0,0,0,0,1,1,6,1,22,5,1229,1,11,5,1,5
2018200269729,2,9,0,18,0,0,0,0,0,0,1,1,6,1,24,5,-1,-1,-1,8,1,8
2018200269735,1,9,0,18,0,8,0,0,0,0,1,1,2,2,46,8,1995,2,2,5,1,5
2018200269735,2,9,0,18,0,6,0,0,0,0,3,1,1,1,-1,-1,1968,2,5,7,1,7
2018200269736,1,9,0,9,0,6,0,0,0,0,4,1,6,1,49,8,1968,2,10,4,1,4
2018200269736,2,9,0,18,0,8,0,10,1,11,4,1,6,2,37,7,1400,1,14,2,1,2
2018200269787,1,9,0,18,0,0,0,0,0,0,1,1,5,2,-1,-1,1490,1,13,1,1,1
2018200269795,1,19,0,18,0,0,0,0,0,0,4,1,6,1,-1,-1,2298,2,1,-1,-1,-1
2018200269809,1,9,0,9,0,6,0,0,0,0,3,1,3,1,30,6,2979,1,17,1,1,1
2018200269809,2,9,0,18,0,8,0,0,0,0,4,1,1,2,51,8,1956,2,3,3,1,3
2018200269812,1,9,0,18,0,4,0,0,0,0,1,1,6,3,-1,-1,-1,-1,-1,-1,-1,-1
2018200269812,2,9,0,18,0,8,0,0,0,0,4,1,6,2,40,7,1591,1,1,3,1,3
2018200269814,1,9,0,18,0,1,0,0,0,0,1,1,6,3,-1,-1,1149,1,12,-1,-1,-1
2018200269814,2,9,0,18,0,1,0,0,0,0,2,1,1,1,35,6,1896,2,9,1,1,1
2018200269821,1,9,0,18,0,0,0,0,0,0,4,1,6,2,32,6,-1,-1,-1,3,1,3
2018200269843,1,9,0,5,0,6,0,0,0,0,1,1,6,2,24,5,1461,2,7,1,1,1
2018200269843,2,9,0,18,0,8,0,0,0,0,4,1,6,2,38,7,1229,1,13,4,1,4
2018200269850,1,1,0,18,3,0,0,0,0,0,1,1,6,1,53,8,-1,-1,-1,1,1,1
2018200269850,2,11,0,18,3,0,0,0,0,0,1,1,2,1,44,7,8268,2,14,2,1,2
2018200269860,1,9,0,9,0,6,0,0,0,0,1,1,3,2,30,6,1598,1,11,-1,-1,-1
2018200269860,2,9,0,18,0,8,1,0,0,0,1,1,6,1,18,4,-1,-1,-1,2,1,2
2018200269881,1,9,0,2,0,0,0,0,0,0,1,1,6,2,30,6,1598,7,14,6,1,6
2018200269881,2,9,0,2,0,0,0,0,0,0,2,1,6,2,32,6,998,1,6,5,1,5
2018200269888,1,9,0,18,0,0,0,0,0,0,1,1,6,1,-1,-1,2148,2,10,-1,-1,-1
2018200269888,2,9,0,4,0,0,0,0,0,0,3,1,3,1,-1,-1,-1,-1,-1,1,1,1
2018200269899,1,9,0,18,0,1,0,0,0,0,1,1,6,1,29,6,1968,2,1,1,1,1