Accident_Index,Vehicle_Reference,Vehicle_Type,Towing_and_Articulation,Vehicle_Manoeuvre,Vehicle_Location-Restricted_Lane,Junction_Location,Skidding_and_Overturning,Hit_Object_in_Carriageway,Vehicle_Leaving_Carriageway,Hit_Object_off_Carriageway,1st_Point_of_Impact,Was_Vehicle_Left_Hand_Drive?,Journey_Purpose_of_Driver,Sex_of_Driver,Age_of_Driver,Age_Band_of_Driver,Engine_Capacity_(CC),Propulsion_Code,Age_of_Vehicle,Driver_IMD_Decile,Driver_Home_Area_Type,Vehicle_IMD_Decile
2018200273213,1,9,0,18,0,0,0,0,0,0,1,1,6,3,-1,-1,-1,-1,-1,-1,-1,-1
2018200273339,1,9,0,12,0,8,0,0,0,0,3,1,6,2,-1,-1,1560,2,6,1,1,1
2018200273339,2,9,0,18,0,8,0,0,0,0,4,1,2,2,49,8,1781,1,14,1,1,1
2018200273371,1,9,0,18,0,0,0,0,0,0,0,1,6,3,-1,-1,-1,-1,-1,-1,-1,-1
2018200273371,2,8,0,6,0,0,0,0,0,0,0,1,1,3,-1,-1,-1,-1,-1,-1,-1,-1
2018200273457,1,1,0,18,0,8,0,0,0,0,1,1,1,1,55,8,-1,-1,-1,2,1,2
2018200273457,2,9,0,9,0,6,0,0,0,0,3,1,6,1,23,5,1968,2,5,2,1,2
2018200273464,1,9,0,18,0,0,0,0,0,0,1,1,6,2,-1,-1,998,1,1,-1,-1,-1
2018200273464,2,9,0,18,0,0,0,0,0,0,3,1,6,2,36,7,-1,-1,-1,1,1,1
2018200273468,1,9,0,18,0,1,0,0,0,0,1,1,6,2,64,9,998,1,2,3,1,3
2018200273468,2,90,0,18,0,6,0,0,0,0,1,1,6,3,-1,-1,270,1,9,-1,-1,-1
2018200273477,1,9,0,18,0,8,0,0,0,0,4,1,6,2,20,4,1461,2,2,1,1,1
2018200273477,2,9,0,18,0,3,0,0,0,0,3,1,2,1,32,6,1388,1,15,8,1,8
2018200273490,1,5,0,18,0,2,0,0,0,0,3,1,1,1,36,7,1157,1,17,1,1,1
2018200273490,2,19,0,13,0,1,0,0,0,0,0,1,6,1,-1,-1,2198,2,3,8,1,8
2018200273500,1,9,0,2,0,0,0,8,0,0,3,1,6,1,-1,-1,-1,-1,-1,-1,-1,-1
2018200273500,2,1,0,18,0,0,0,0,0,0,1,1,2,2,23,5,-1,-1,-1,3,1,3
2018200273525,1,9,0,18,0,8,0,0,0,0,1,1,6,2,30,6,1328,1,9,5,1,5
2018200273525,2,9,0,7,0,6,0,0,0,0,4,1,6,1,61,9,1997,2,3,8,1,8
2018200273569,1,9,0,4,0,0,0,0,0,0,2,1,6,1,26,6,1956,2,7,1,1,1
2018200273569,2,9,0,18,0,0,0,0,0,0,1,1,6,3,-1,-1,1390,1,8,-1,-1,-1
2018200273578,1,9,0,18,0,1,0,0,0,0,1,1,6,1,24,5,-1,-1,-1,8,1,8
2018200273578,2,9,0,3,0,1,0,0,0,0,2,1,1,1,30,6,2143,2,1,1,1,1
2018200273581,1,9,0,18,0,8,0,0,0,0,4,1,6,2,20,4,1200,1,6,6,1,6
2018200273581,2,9,0,9,0,5,0,0,0,0,1,1,6,3,-1,-1,1560,2,8,-1,-1,-1
2018200273593,1,9,0,2,0,0,0,0,0,0,2,2,6,1,63,9,1596,1,12,6,2,6
2018200273593,2,9,0,18,0,0,0,0,0,0,1,1,6,2,18,4,1598,1,13,6,2,6
2018200273602,1,9,0,9,0,5,0,0,0,0,1,1,6,3,-1,-1,-1,-1,-1,-1,-1,-1
2018200273602,2,1,0,18,0,8,0,0,0,0,3,1,6,1,30,6,-1,-1,-1,2,1,2
2018200273615,1,21,0,18,0,6,1,10,7,10,4,1,2,1,26,6,-1,-1,-1,2,1,2
2018200273615,2,9,0,18,0,8,0,0,0,0,1,1,6,2,49,8,1398,2,5,6,1,6
2018200273655,1,8,0,18,0,0,0,0,0,0,1,1,1,3,-1,-1,-1,-1,-1,-1,-1,-1
2018200273690,1,9,0,18,0,0,0,0,0,0,1,1,6,1,55,8,1499,1,2,7,1,7
2018200273699,1,9,0,18,0,0,0,0,0,0,1,1,6,2,-1,-1,-1,-1,-1,-1,-1,-1
2018200273715,1,9,0,5,0,0,0,0,0,0,4,1,6,1,71,10,1798,8,1,8,2,8
2018200273721,1,9,0,18,0,1,0,0,0,0,1,1,6,1,71,10,2496,1,17,1,1,1
2018200273726,1,98,0,18,0,1,0,0,0,0,1,1,6,1,-1,-1,-1,-1,-1,4,1,4
2018200273726,2,9,0,18,0,1,0,0,0,0,2,1,6,2,41,7,1997,2,10,2,1,2
2018200273774,1,9,0,6,0,0,0,0,0,0,1,1,6,2,61,9,1598,2,7,2,1,2
2018200273774,2,1,0,18,0,0,0,0,0,0,3,1,1,1,37,7,-1,-1,-1,8,1,8
2018200273776,1,9,0,18,0,0,5,4,0,0,1,1,6,1,24,5,1395,1,3,2,1,2
2018200273776,2,9,0,2,0,0,0,0,0,0,2,1,6,3,-1,-1,-1,-1,-1,-1,-1,-1
2018200273813,1,9,0,5,0,6,0,0,0,0,1,1,6,2,36,7,1329,1,7,1,1,1
2018200273813,2,9,0,18,0,8,0,0,0,0,4,1,6,2,29,6,1590,1,15,1,1,1
2018200273814,1,98,0,5,0,0,0,0,0,0,0,1,6,1,-1,-1,-1,-1,-1,-1,-1,-1
2018200273827,1,9,0,18,0,5,0,0,0,0,0,1,6,2,71,10,1968,2,8,6,1,6
2018200273916,1,5,0,18,0,8,0,0,0,0,1,1,1,1,53,8,644,1,21,8,1,8
2018200273916,2,1,0,18,0,8,0,0,0,0,3,1,6,1,-1,-1,-1,-1,-1,1,1,1
2018200273950,1,9,0,18,0,0,0,0,0,0,1,1,6,2,40,7,1968,2,7,1,1,1
2018200273962,1,9,0,5,0,6,0,0,0,0,1,1,6,1,-1,-1,1596,1,17,-1,-1,-1
2018200273962,2,9,0,18,0,8,0,0,0,0,4,1,6,1,44,7,-1,-1,-1,1,1,1
2018200273978,1,9,0,18,0,0,2,10,1,2,1,1,6,3,-1,-1,1798,1,14,-1,-1,-1
2018200273991,1,9,0,18,0,0,0,0,0,0,2,1,6,3,-1,-1,1596,1,12,-1,-1,-1
2018200273991,2,9,0,18,0,0,0,0,0,0,1,1,6,1,53,8,1686,2,7,2,1,2
2018200274002,1,9,0,3,0,0,0,0,0,0,2,1,6,1,36,7,1248,1,5,10,1,10
2018200274002,2,9,0,5,0,0,0,0,0,0,1,1,6,1,-1,-1,2902,2,13,-1,-1,-1
2018200274044,1,9,0,18,4,0,0,0,0,0,1,1,6,3,-1,-1,-1,-1,-1,-1,-1,-1
2018200274044,2,1,0,18,4,0,0,0,0,0,1,1,6,1,48,8,-1,-1,-1,1,1,1
2018200274058,1,9,0,9,0,5,0,0,0,0,1,1,6,1,75,10,1499,1,1,10,1,10
2018200274061,1,8,0,1,0,0,0,0,0,0,1,1,6,3,-1,-1,1997,2,11,-1,-1,-1
2018200274061,2,9,0,3,0,0,0,0,0,0,1,1,6,1,28,6,2204,2,11,5,1,5
2018200274073,1,9,0,18,0,2,2,10,7,0,1,1,6,1,31,6,1596,1,12,5,1,5
2018200274073,2,9,0,2,9,2,0,0,0,0,2,1,6,1,30,6,1598,2,7,1,1,1
2018200274073,3,9,0,2,9,2,0,0,0,0,2,1,6,3,-1,-1,1969,2,1,9,1,9
2018200274092,1,9,0,9,0,8,0,0,0,0,4,1,6,2,-1,-1,-1,-1,-1,-1,-1,-1
2018200274092,2,9,0,3,0,8,0,0,0,0,1,1,6,1,37,7,1596,1,5,8,1,8
2018200274138,1,9,0,18,0,0,0,0,0,0,1,1,6,1,20,4,1596,1,13,7,1,7
2018200274144,1,9,0,18,0,0,0,0,0,0,1,1,6,2,33,6,1796,1,10,1,1,1
2018200274145,1,8,0,7,0,2,0,0,0,0,1,1,6,1,25,5,2143,2,3,2,1,2
2018200274152,1,9,0,18,0,2,0,0,0,0,1,1,6,1,33,6,1242,1,12,2,1,2
2018200274166,1,9,0,18,0,0,0,0,0,0,1,1,6,1,30,6,1796,1,11,2,1,2
2018200274166,2,9,0,18,0,0,0,0,0,0,2,1,6,1,-1,-1,1596,1,10,-1,-1,-1
2018200274166,3,9,0,18,0,0,0,0,0,0,2,1,6,1,29,6,1497,8,6,10,1,10
2018200274170,1,3,0,18,0,8,0,0,0,0,1,1,6,1,20,4,124,1,8,9,1,9
2018200274170,2,98,0,9,0,5,0,0,0,0,2,1,6,3,-1,-1,-1,-1,-1,-1,-1,-1
2018200274242,1,9,0,9,0,6,0,0,0,0,2,1,6,1,49,8,1995,1,12,1,1,1
2018200274242,2,9,0,18,0,8,0,0,0,0,1,1,6,1,31,6,2979,1,4,3,1,3
2018200274255,1,9,0,9,0,5,0,0,0,0,1,1,6,1,20,4,1242,1,6,3,1,3
2018200274255,2,1,0,18,0,8,0,0,0,0,3,1,6,1,59,9,-1,-1,-1,1,1,1
2018200274258,1,9,0,18,0,1,0,0,0,0,1,1,6,3,-1,-1,-1,-1,-1,-1,-1,-1
2018200274288,1,9,0,18,0,8,0,0,0,0,4,1,6,2,44,7,1598,1,2,5,1,5
2018200274288,2,9,0,5,0,6,0,0,0,0,1,1,6,2,-1,-1,998,1,18,4,1,4
2018200274296,1,9,0,4,0,1,0,0,0,0,1,1,2,1,53,8,1796,1,10,1,1,1
2018200274299,1,9,0,18,0,0,0,0,0,0,1,1,2,1,27,6,1984,1,9,3,1,3
2018200274301,1,9,0,9,0,6,0,0,0,0,1,1,6,1,29,6,1596,1,13,1,1,1
2018200274319,1,9,0,7,0,5,0,0,0,0,4,1,6,2,47,8,1396,1,15,1,1,1
2018200274319,2,1,0,18,0,8,0,0,0,0,3,1,1,1,32,6,-1,-1,-1,8,1,8
2018200274339,1,98,0,4,0,0,0,0,0,0,1,1,6,1,-1,-1,-1,-1,-1,-1,-1,-1
2018200274339,2,1,0,18,0,0,0,0,0,0,4,1,6,1,13,3,-1,-1,-1,1,1,1
2018200274353,1,9,0,17,0,8,0,0,0,0,4,1,6,2,39,7,1398,1,1,1,1,1
2018200274353,2,9,0,18,0,4,0,0,0,0,1,1,6,3,-1,-1,1686,2,10,-1,-1,-1
2018200274360,1,9,0,18,0,1,0,0,0,0,1,1,6,3,-1,-1,1149,1,12,-1,-1,-1
2018200274360,2,9,0,10,0,1,0,0,0,0,2,1,6,2,21,5,1086,1,12,4,1,4
2018200274371,1,9,0,7,0,5,0,0,0,0,1,1,6,1,43,7,1197,1,-1,3,1,3
2018200274371,2,3,0,15,0,8,1,0,0,0,1,1,6,1,18,4,125,2,2,5,1,5
2018200274374,1,9,0,18,0,8,0,0,0,0,1,1,6,1,19,4,1998,1,13,4,1,4
2018200274374,2,9,0,9,0,6,0,0,0,0,3,1,6,2,38,7,1242,1,11,1,1,1
2018200274374,3,9,0,3,0,1,0,0,0,0,3,1,6,1,87,11,1582,2,8,5,1,5
2018200274397,1,9,0,17,0,0,0,4,0,0,4,1,6,1,-1,-1,-1,-1,-1,-1,-1,-1
2018200274397,2,9,0,2,0,0,0,0,0,0,3,1,1,1,34,6,2231,2,10,1,1,1
2018200274432,1,9,0,18,0,0,0,0,0,0,1,1,6,1,28,6,1399,2,11,1,1,1
2018200274432,2,9,0,18,0,0,0,0,0,0,2,1,6,1,54,8,2143,2,1,5,1,5
2018200274438,1,21,0,3,0,0,0,0,0,0,2,1,6,1,31,6,9290,2,1,1,1,1
2018200274438,2,19,0,18,0,0,0,0,0,0,1,1,6,1,46,8,1998,2,14,3,1,3
2018200274444,1,9,0,4,0,1,1,0,0,0,1,1,6,1,25,5,1995,2,1,-1,-1,-1
2018200274444,2,9,0,18,0,8,0,0,0,0,4,1,6,1,28,6,-1,-1,-1,2,1,2
2018200274518,1,9,0,18,0,2,0,0,0,0,1,1,1,1,32,6,4394,1,12,1,1,1
2018200274518,2,9,0,18,0,1,0,0,0,0,1,1,6,1,56,9,1997,2,6,4,1,4
2018200274529,1,9,0,18,0,0,0,0,0,0,1,1,2,1,36,7,1598,1,16,1,1,1
2018200274529,2,19,0,3,0,0,0,0,0,0,2,1,1,1,60,9,2298,2,1,10,1,10
2018200274529,3,9,0,18,0,0,0,0,0,0,1,1,6,1,73,10,1587,1,13,2,3,2
2018200274539,1,9,0,1,0,0,0,4,0,0,2,1,6,1,34,6,1242,1,16,1,1,1
2018200274539,2,9,0,2,0,0,0,0,0,0,1,1,1,1,43,7,1997,2,3,2,1,2
2018200274557,1,9,0,1,0,0,0,0,0,0,2,1,6,1,27,6,-1,-1,-1,-1,-1,-1
2018200274560,1,9,0,18,0,8,0,0,0,0,1,1,6,2,47,8,1398,1,1,2,1,2
2018200274560,2,9,0,18,0,8,0,0,0,0,3,1,6,1,32,6,1590,1,8,3,-1,3
2018200274576,1,9,0,18,0,4,0,0,0,0,1,1,5,1,25,5,1390,1,14,3,1,3
2018200274576,2,9,0,18,0,4,0,0,0,0,4,1,2,1,49,8,898,1,1,2,1,2
2018200274654,1,9,0,18,0,1,0,0,0,0,1,1,6,2,39,7,2967,2,3,10,1,10
2018200274654,2,9,0,3,0,1,0,0,0,0,2,1,6,1,20,4,998,1,2,3,1,3
2018200274687,1,98,0,5,0,1,0,0,0,0,4,1,6,3,-1,-1,-1,-1,-1,-1,-1,-1
2018200274687,2,9,0,5,0,1,0,0,0,0,0,1,6,1,22,5,-1,-1,-1,9,2,9
2018200274690,1,9,0,9,0,6,0,0,0,0,3,1,6,1,20,4,1199,1,14,3,1,3
2018200274690,2,9,0,18,0,8,0,0,0,0,1,1,1,1,-1,-1,1598,2,1,1,1,1
2018200274751,1,9,0,18,0,0,0,0,0,0,1,1,6,3,-1,-1,2979,1,3,-1,-1,-1
2018200274751,2,9,0,18,0,0,0,0,0,0,2,1,6,2,26,6,1248,1,2,5,1,5
2018200274759,1,9,0,7,0,5,0,0,0,0,1,1,6,1,22,5,1896,2,9,1,1,1
2018200274785,1,9,0,5,0,0,0,0,0,0,3,1,6,2,-1,-1,1968,2,4,2,1,2
2018200274785,2,9,0,18,0,0,0,0,0,0,4,1,6,1,25,5,1995,2,10,2,1,2
2018200274818,1,9,0,9,0,6,0,0,0,0,1,1,6,2,-1,-1,1590,1,14,-1,-1,-1
2018200274818,2,9,0,18,0,8,0,0,0,0,3,1,6,2,50,8,1794,1,11,5,1,5
2018200274819,1,1,0,18,0,4,0,0,0,0,2,1,6,1,37,7,-1,-1,-1,5,1,5
2018200274819,2,9,0,5,0,4,0,0,0,0,1,1,6,2,42,7,1595,1,11,9,1,9
2018200274851,1,19,0,18,0,0,0,0,0,0,3,1,6,1,-1,-1,2143,2,3,-1,-1,-1
2018200274851,2,9,0,4,0,0,0,0,0,0,3,1,6,1,45,7,2179,2,4,1,1,1
2018200274863,1,1,0,18,0,2,0,0,0,0,3,1,1,1,30,6,-1,-1,-1,1,1,1
2018200274863,2,9,0,18,0,2,0,0,0,0,3,1,6,1,-1,-1,-1,-1,-1,-1,-1,-1
2018200274887,1,21,0,11,0,0,0,0,0,0,4,1,6,1,-1,-1,12902,2,5,-1,-1,-1
2018200274887,2,9,0,18,0,0,0,0,0,0,3,1,6,1,75,10,1368,1,12,3,1,3
2018200274896,1,1,0,18,0,0,0,0,0,0,1,1,6,1,36,7,-1,-1,-1,1,1,1
2018200275068,1,9,0,18,0,0,0,0,0,0,1,1,6,1,43,7,-1,-1,-1,6,1,6
2018200275068,2,3,0,18,0,0,0,0,0,0,1,1,6,1,42,7,124,1,4,1,1,1
2018200275086,1,9,0,1,0,0,0,0,0,0,2,1,6,1,-1,-1,-1,-1,-1,-1,-1,-1
2018200275126,1,9,0,18,0,0,0,0,0,0,1,1,1,2,39,7,998,1,3,4,1,4
2018200275126,2,9,0,18,0,0,0,10,7,0,2,1,6,2,51,8,2143,2,2,1,1,1
2018200275126,3,9,0,18,0,0,0,0,0,0,2,1,6,1,49,8,1596,1,13,2,1,2
2018200275126,4,9,0,18,0,0,0,0,0,0,2,1,6,2,41,7,1499,2,2,5,1,5
2018200275183,1,8,0,18,0,8,0,0,0,0,3,1,1,1,50,8,1794,7,12,6,1,6
2018200275183,2,19,0,5,0,6,0,0,0,0,1,1,6,1,30,6,2143,2,6,-1,-1,-1
2018200275206,1,9,0,18,0,1,0,0,0,0,1,1,6,1,49,8,1995,2,2,5,1,5
2018200275240,1,9,0,18,0,0,0,0,0,0,1,1,2,1,44,7,1995,2,15,2,1,2
2018200275240,2,9,0,18,0,0,0,0,0,0,2,1,1,1,33,6,-1,-1,-1,1,1,1
2018200275262,1,9,0,9,0,6,0,0,0,0,1,1,6,1,32,6,1398,1,16,4,1,4
2018200275262,2,9,0,5,0,8,0,0,0,0,1,1,6,1,24,5,1124,1,17,5,1,5
2018200275273,1,9,0,18,0,0,1,0,0,0,1,1,6,1,-1,-1,1997,2,1,-1,-1,-1
2018200275273,2,9,0,18,0,0,0,0,0,0,2,1,6,1,26,6,1242,1,13,9,1,9
2018200275289,1,9,0,18,0,1,0,0,0,0,1,1,6,2,-1,-1,1149,1,13,2,1,2
2018200275289,2,9,0,3,0,1,0,0,0,0,2,1,6,1,36,7,1580,1,31,10,1,10
2018200275292,1,9,0,9,0,8,0,0,0,0,3,1,6,2,53,8,1596,1,13,6,1,6
2018200275292,2,9,0,18,0,8,0,0,0,0,1,1,6,1,25,5,1390,1,13,2,1,2
2018200275326,1,19,0,17,0,2,0,0,0,0,1,1,1,1,30,6,2198,2,3,3,1,3
2018200275326,2,9,0,16,0,1,0,0,0,0,1,1,1,2,50,8,1968,2,1,5,2,5
2018200275332,1,9,0,4,0,0,0,0,0,0,0,1,6,2,49,8,998,1,12,1,1,1
2018200275332,2,9,0,18,0,0,0,0,0,0,1,1,6,2,25,5,1248,2,9,2,1,2
2018200275375,1,21,1,4,0,0,0,0,0,0,1,1,1,1,52,8,12740,2,4,2,1,2
2018200275375,2,19,0,4,0,0,0,0,0,0,2,1,1,1,56,9,1968,2,-1,-1,-1,-1
2018200275383,1,9,0,18,2,0,0,0,0,0,1,1,6,1,-1,-1,1461,2,4,-1,-1,-1
2018200275424,1,9,0,18,0,8,0,10,1,4,1,1,1,2,55,8,1968,2,1,5,1,5
2018200275424,2,9,0,7,0,6,0,10,1,0,1,1,6,1,34,6,1999,2,2,3,1,3
2018200275446,1,9,0,9,0,6,0,0,0,0,3,1,6,2,77,11,-1,-1,-1,6,1,6
2018200275446,2,9,0,18,0,8,0,0,0,0,1,1,6,1,24,5,1598,1,12,5,1,5
2018200275501,1,9,0,18,0,8,0,0,0,0,1,1,6,3,-1,-1,1984,1,11,-1,-1,-1
2018200275501,2,9,0,7,0,6,0,0,0,0,1,1,6,3,-1,-1,1198,1,6,-1,-1,-1
2018200275501,3,9,0,7,0,6,0,0,0,0,2,1,6,1,30,6,-1,-1,-1,1,1,1
2018200275512,1,9,0,5,0,8,0,0,0,0,1,1,6,3,-1,-1,-1,-1,-1,-1,-1,-1
2018200275512,2,1,0,18,0,8,0,0,0,0,1,1,6,1,48,8,-1,-1,-1,2,1,2
2018200275546,1,9,0,18,0,0,0,7,0,0,3,1,6,2,26,6,1598,2,1,2,1,2
2018200275546,2,21,0,11,0,0,0,0,0,0,4,1,6,1,28,6,9290,2,1,9,2,9
2018200275546,3,9,0,18,0,0,0,0,0,0,1,1,6,1,44,7,-1,-1,-1,4,1,4
2018200275546,4,19,0,18,0,0,0,0,0,0,3,1,6,1,56,9,1995,2,1,2,1,2
2018200275546,5,9,0,18,0,0,0,7,0,0,2,1,6,1,45,7,-1,-1,-1,-1,-1,-1
2018200275548,1,9,0,18,0,8,0,0,0,0,1,1,6,1,23,5,1242,1,8,1,1,1
2018200275548,2,98,0,9,0,8,0,0,0,0,1,1,6,3,-1,-1,-1,-1,-1,-1,-1,-1
2018200275572,1,9,0,16,0,0,0,4,0,0,1,1,6,1,29,6,2793,1,20,2,1,2
2018200275572,2,9,0,2,0,0,0,0,0,0,3,1,6,1,71,10,1597,2,1,10,1,10
2018200275572,3,9,0,17,0,0,0,0,0,0,1,1,6,1,56,9,-1,-1,-1,2,1,2
2018200275582,1,9,0,5,0,4,0,0,0,0,3,1,6,1,76,11,999,1,14,3,1,3
2018200275582,2,9,0,18,0,8,0,0,0,0,1,1,1,1,38,7,1997,2,10,1,1,1
2018200275605,1,8,0,18,0,8,0,7,1,7,2,1,1,1,34,6,1753,2,10,2,1,2
2018200275605,2,9,0,7,0,6,0,0,0,0,1,1,6,3,-1,-1,-1,-1,-1,-1,-1,-1
2018200275632,1,9,0,9,0,5,0,0,0,0,1,1,1,1,56,9,1597,2,1,2,1,2
2018200275646,1,9,0,12,0,8,0,0,0,0,3,1,6,1,42,7,3498,1,12,8,3,8
2018200275646,2,9,0,18,0,8,0,0,0,0,1,1,6,1,31,6,1685,2,5,2,1,2
2018200275669,1,9,0,1,0,0,0,4,0,0,2,1,6,3,-1,-1,-1,-1,-1,-1,-1,-1
2018200275669,2,9,0,2,0,0,0,0,0,0,1,1,6,1,73,10,1199,1,4,1,1,1
2018200275693,1,9,0,18,0,0,0,0,0,0,1,1,6,1,29,6,1968,2,4,4,1,4
2018200275724,1,9,0,9,0,8,0,0,0,0,1,1,2,2,27,6,1200,1,6,2,1,2
2018200275724,2,9,0,18,0,8,0,0,0,0,1,1,2,1,32,6,1596,1,9,4,1,4
2018200275726,1,9,0,18,0,8,0,0,0,0,3,1,6,1,55,8,1398,2,14,4,1,4
2018200275726,2,9,0,5,0,6,0,0,0,0,1,1,6,1,33,6,1086,1,14,2,1,2
2018200275731,1,9,0,18,0,0,0,0,0,0,1,1,6,3,-1,-1,-1,-1,-1,-1,-1,-1
2018200275740,1,9,0,3,0,0,0,0,0,0,2,1,6,1,35,6,1968,2,1,10,1,10
2018200275740,2,19,0,18,0,0,0,0,0,0,1,1,6,1,-1,-1,1995,2,1,-1,-1,-1
2018200275752,1,9,0,9,0,5,1,0,0,0,1,1,2,1,30,6,-1,-1,-1,3,1,3
2018200275752,2,1,0,5,0,6,0,0,0,0,4,1,2,2,62,9,-1,-1,-1,2,1,2
2018200275807,1,98,0,18,0,0,0,0,0,0,1,1,1,1,18,4,-1,-1,-1,3,1,3
2018200275807,2,9,0,18,0,0,0,10,1,0,1,1,1,2,44,7,1598,2,1,5,1,5
2018200275844,1,9,0,11,0,1,0,0,0,0,0,1,6,3,-1,-1,-1,-1,-1,-1,-1,-1
2018200275844,2,9,0,18,0,1,0,0,0,0,2,1,6,2,27,6,1390,1,6,1,1,1
2018200275844,3,9,0,18,0,1,0,0,0,0,2,1,6,1,31,6,1499,2,2,2,1,2
2018200275844,4,9,0,18,0,1,0,0,0,0,1,1,6,2,25,5,1596,1,13,1,1,1
2018200275852,1,9,0,9,0,6,0,0,0,0,1,1,6,1,36,7,1461,2,4,2,1,2
2018200275852,2,9,0,18,0,8,0,0,0,0,2,1,6,2,58,9,1461,2,4,8,1,8
2018200275852,3,9,0,18,0,1,0,0,0,0,3,1,6,1,64,9,1896,2,14,2,1,2
2018200275927,1,9,0,5,0,0,0,0,0,0,1,1,6,1,26,6,1798,8,1,-1,-1,-1
2018200275927,2,9,0,18,0,0,0,0,0,0,1,1,6,1,37,7,1984,1,3,5,1,5
2018200275929,1,9,0,18,0,0,0,10,1,3,1,1,6,1,39,7,1560,2,11,2,1,2
2018200275929,2,9,0,2,9,0,0,4,0,0,2,1,6,1,23,5,-1,-1,-1,10,1,10
2018200275929,3,9,0,2,9,0,0,0,0,0,2,1,6,1,56,9,1197,1,3,2,1,2
2018200275936,1,9,0,18,0,1,0,0,0,0,1,1,3,1,26,6,2143,2,3,2,1,2
2018200275940,1,9,0,18,0,2,0,0,0,0,1,1,6,3,-1,-1,-1,-1,-1,-1,-1,-1
2018200275955,1,9,0,9,0,2,0,0,0,0,1,1,6,2,61,9,1998,2,6,9,1,9
2018200275955,2,3,0,13,0,1,0,0,0,0,4,1,6,1,24,5,125,1,12,3,1,3
2018200275963,1,9,0,18,0,0,0,0,0,0,1,1,6,1,49,8,1560,2,1,3,1,3
2018200275998,1,9,0,18,0,2,0,4,0,0,1,1,6,1,71,10,1398,1,8,1,1,1
2018200275998,2,9,0,2,0,2,0,0,0,0,3,1,6,1,52,8,-1,-1,-1,7,1,7
2018200276000,1,9,0,9,0,6,0,0,0,0,4,1,6,2,71,10,1399,2,14,6,1,6
2018200276000,2,9,0,18,0,8,0,0,0,0,3,1,6,2,38,7,1560,2,3,7,1,7
2018200276012,1,9,0,3,0,8,0,0,0,0,3,1,6,1,19,4,1968,2,3,4,1,4
2018200276012,2,98,0,18,0,8,0,0,0,0,1,1,6,3,-1,-1,-1,-1,-1,-1,-1,-1
2018200276024,1,9,0,18,0,0,0,7,0,0,1,1,1,2,60,9,1461,2,11,2,1,2
2018200276024,2,9,0,2,0,0,0,4,0,0,3,1,6,1,59,9,1998,2,10,1,1,1
2018200276024,3,9,0,2,0,0,0,0,0,0,2,1,6,1,-1,-1,1598,2,3,-1,-1,-1
2018200276044,1,9,0,2,0,0,0,0,0,0,1,1,6,2,42,7,1397,1,17,-1,-1,-1
2018200276044,2,98,0,18,0,0,0,0,0,0,4,1,6,3,-1,-1,-1,-1,-1,-1,-1,-1
2018200276054,1,9,0,9,0,5,0,0,0,0,1,1,6,2,74,10,1318,1,1,2,1,2
2018200276054,2,9,0,18,0,8,0,0,0,0,1,1,2,2,20,4,1229,1,9,1,1,1
2018200276054,3,9,0,8,0,1,0,0,0,0,1,1,6,2,41,7,1360,1,13,10,1,10
2018200276076,1,9,0,18,0,8,0,0,0,0,1,1,6,1,-1,-1,1998,2,13,-1,-1,-1
2018200276076,2,9,0,9,0,5,5,0,0,0,1,1,6,2,30,6,1587,1,13,2,1,2
2018200276181,1,9,0,2,0,0,0,4,0,0,1,1,6,1,30,6,2993,2,4,2,1,2
2018200276181,2,9,0,18,0,0,0,4,0,0,1,1,6,1,39,7,1968,2,7,1,1,1
2018200276181,3,9,0,2,0,0,0,0,0,0,3,1,6,1,25,5,2000,2,14,5,1,5
2018200276182,1,9,0,16,0,0,1,7,7,2,1,1,6,1,27,6,1896,2,14,7,1,7
2018200276182,2,9,0,16,0,0,0,0,0,0,0,1,1,1,45,7,1598,2,1,-1,-1,-1
2018200276187,1,11,0,5,0,0,0,0,0,0,4,1,1,1,65,9,7300,2,7,2,1,2
2018200276194,1,9,0,9,0,8,0,0,0,0,4,1,6,2,38,7,1968,2,2,1,-1,1
2018200276194,2,9,0,18,0,8,0,0,0,0,1,1,6,1,44,7,1598,2,7,7,1,7
2018200276211,1,9,0,1,0,0,0,4,0,0,2,1,6,2,55,8,1598,2,1,6,1,6
2018200276211,2,19,0,18,0,0,0,0,0,0,1,1,1,1,67,10,2299,2,2,1,1,1
2018200276211,3,9,0,2,0,0,0,4,0,0,2,1,6,2,54,8,1000,1,5,7,1,7
2018200276306,1,9,0,18,0,1,0,0,0,0,4,1,6,1,74,10,1248,2,12,4,1,4
2018200276324,1,9,0,18,0,0,0,0,0,0,1,1,6,1,26,6,2967,2,6,1,1,1
2018200276324,2,9,0,3,0,0,0,0,0,0,2,1,2,1,32,6,1197,1,7,8,1,8
2018200276331,1,9,0,9,0,5,0,0,0,0,1,1,2,2,51,8,1390,1,6,9,1,9
2018200276331,2,9,0,4,0,8,0,10,1,1,1,1,2,1,57,9,1975,1,12,1,1,1
2018200276343,1,11,0,5,2,0,0,0,0,0,0,1,1,2,32,6,4500,2,3,2,1,2
2018200276356,1,9,0,18,0,8,0,10,7,11,3,1,6,2,73,10,1240,1,10,3,1,3
2018200276356,2,9,0,18,0,8,0,10,7,11,1,1,6,2,20,4,-1,-1,-1,4,1,4
2018200276371,1,9,0,5,9,6,0,0,0,0,1,1,6,2,-1,-1,1596,1,14,-1,-1,-1
2018200276393,1,9,0,18,0,8,0,0,0,0,1,1,6,1,40,7,-1,-1,-1,2,1,2