Accident_Index,Vehicle_Reference,Vehicle_Type,Towing_and_Articulation,Vehicle_Manoeuvre,Vehicle_Location-Restricted_Lane,Junction_Location,Skidding_and_Overturning,Hit_Object_in_Carriageway,Vehicle_Leaving_Carriageway,Hit_Object_off_Carriageway,1st_Point_of_Impact,Was_Vehicle_Left_Hand_Drive?,Journey_Purpose_of_Driver,Sex_of_Driver,Age_of_Driver,Age_Band_of_Driver,Engine_Capacity_(CC),Propulsion_Code,Age_of_Vehicle,Driver_IMD_Decile,Driver_Home_Area_Type,Vehicle_IMD_Decile
2018200276393,2,1,0,5,0,6,0,0,0,0,3,1,6,1,28,6,-1,-1,-1,1,1,1
2018200276411,1,9,0,2,0,1,0,0,0,0,2,1,6,1,42,7,1598,1,15,2,1,2
2018200276411,2,11,0,4,0,1,1,0,0,0,1,1,1,1,50,8,9000,2,8,1,1,1
2018200276415,1,9,0,18,0,6,0,0,0,0,1,1,6,2,35,6,1461,2,11,5,1,5
2018200276415,2,9,0,17,0,8,0,0,0,0,1,1,1,1,33,6,2143,2,6,3,1,3
2018200276443,1,9,0,18,0,0,0,7,1,0,1,1,6,1,38,7,1910,2,11,2,1,2
2018200276448,1,9,0,12,0,0,0,0,0,0,3,1,6,1,61,9,1598,2,2,1,1,1
2018200276448,2,9,0,18,0,0,0,0,0,0,4,1,6,1,25,5,1598,2,4,5,1,5
2018200276448,3,9,0,18,0,0,0,0,0,0,2,1,6,1,34,6,2143,2,7,2,1,2
2018200276462,1,9,0,18,0,2,0,0,0,0,1,1,6,2,46,8,1951,2,13,10,1,10
2018200276462,2,9,0,3,0,1,0,0,0,0,1,1,2,1,55,8,1968,2,1,2,1,2
2018200276501,1,1,0,18,0,8,0,0,0,0,4,1,6,1,20,4,-1,-1,-1,1,1,1
2018200276501,2,9,0,5,0,8,0,0,0,0,3,1,6,1,-1,-1,1598,1,13,1,1,1
2018200276527,1,9,0,4,0,8,0,0,0,0,1,1,2,1,23,5,1950,2,2,1,1,1
2018200276527,2,9,0,18,0,8,0,0,0,0,1,1,2,2,52,8,1461,2,3,9,1,9
2018200276527,3,9,0,18,0,1,0,0,0,0,1,1,2,2,24,5,1599,1,15,4,1,4
2018200276539,1,9,0,5,0,6,0,0,0,0,1,1,6,1,33,6,1399,1,11,-1,-1,-1
2018200276539,2,9,0,18,0,8,0,0,0,0,4,1,6,2,45,7,1395,1,3,3,1,3
2018200276551,1,9,0,18,0,1,0,0,0,0,1,1,6,3,-1,-1,-1,-1,-1,-1,-1,-1
2018200276630,1,9,0,17,0,8,0,0,0,0,4,1,6,2,21,5,-1,-1,-1,2,1,2
2018200276630,2,9,0,5,0,6,0,0,0,0,1,1,6,3,-1,-1,-1,-1,-1,-1,-1,-1
2018200276645,1,9,0,18,0,0,0,0,0,0,1,1,6,3,-1,-1,-1,-1,-1,-1,-1,-1
2018200276685,1,9,0,14,0,0,0,0,0,0,1,1,1,1,47,8,1995,2,7,9,1,9
2018200276685,2,9,0,18,0,0,0,10,1,0,3,1,6,1,78,11,1364,1,11,4,1,4
2018200276745,1,9,0,9,0,6,0,0,0,0,4,1,1,1,36,7,1968,2,8,3,1,3
2018200276745,2,9,0,18,0,8,0,0,0,0,1,1,6,1,37,7,2143,2,1,3,1,3
2018200276762,1,9,0,18,0,0,0,0,0,0,3,1,6,1,37,7,1299,1,12,-1,-1,-1
2018200276762,2,9,0,18,0,0,0,0,0,0,3,1,6,2,51,8,1248,2,9,5,1,5
2018200276762,3,9,0,18,0,0,0,0,0,0,3,1,1,1,53,8,2231,2,6,2,1,2
2018200276762,4,9,0,18,0,0,0,0,0,0,0,1,1,1,-1,-1,2993,2,5,-1,-1,-1
2018200276762,5,9,0,18,0,0,0,0,0,0,3,1,6,2,46,8,1598,1,10,2,1,2
2018200276790,1,9,0,18,0,4,0,0,0,0,1,1,6,1,42,7,2793,1,20,4,1,4
2018200276790,2,9,0,18,0,8,0,0,0,0,4,1,6,2,31,6,1910,2,10,1,1,1
2018200276804,1,9,0,10,0,8,0,0,0,0,1,1,6,1,33,6,1398,1,7,1,1,1
2018200276804,2,9,0,18,0,8,0,0,0,0,1,1,6,1,18,4,973,1,16,3,1,3
2018200276815,1,9,0,18,0,1,0,0,0,0,2,1,6,1,54,8,1997,2,6,3,1,3
2018200276815,2,9,0,3,0,1,0,0,0,0,2,1,6,1,27,6,1248,1,4,8,1,8
2018200276815,3,9,0,3,0,1,0,0,0,0,2,1,6,1,40,7,1596,1,16,6,1,6
2018200276815,4,9,0,3,0,1,0,0,0,0,2,1,6,3,-1,-1,-1,-1,-1,2,1,2
2018200276869,1,9,0,18,0,3,0,0,0,0,4,1,6,1,33,6,1896,2,16,2,1,2
2018200276869,2,1,0,18,0,2,0,0,0,0,1,1,6,1,14,3,-1,-1,-1,1,1,1
2018200276870,1,9,0,18,0,8,1,0,0,0,1,1,6,1,-1,-1,-1,-1,-1,-1,-1,-1
2018200276870,2,9,0,18,0,8,0,0,0,0,3,1,6,1,26,6,1998,1,1,1,1,1
2018200276881,1,3,0,18,0,8,0,0,0,0,1,1,1,1,21,5,124,1,2,1,1,1
2018200276881,2,9,0,9,0,5,0,0,0,0,3,1,6,3,-1,-1,1248,2,6,-1,-1,-1
2018200276895,1,9,0,4,0,0,1,4,0,0,1,1,6,1,45,7,1364,1,1,2,1,2
2018200276895,2,9,0,2,0,0,0,4,0,0,2,1,6,3,-1,-1,1560,2,4,-1,-1,-1
2018200276895,3,9,0,2,0,0,0,0,0,0,2,1,6,3,-1,-1,1398,1,6,-1,-1,-1
2018200276908,1,9,0,9,0,5,0,0,0,0,4,1,6,1,58,9,1396,1,18,2,1,2
2018200276908,2,5,0,18,0,8,1,0,0,0,1,1,6,1,19,4,599,1,18,2,1,2
2018200277122,1,9,0,18,0,3,0,0,0,0,3,1,6,3,-1,-1,1896,2,10,-1,-1,-1
2018200277122,2,9,0,18,0,3,0,0,0,0,4,1,2,2,27,6,1461,2,2,1,1,1
2018200277151,1,9,0,7,0,6,0,0,0,0,1,1,6,1,37,7,1968,2,12,5,1,5
2018200277215,1,9,0,18,0,1,0,0,0,0,1,1,6,1,-1,-1,-1,-1,-1,-1,-1,-1
2018200277215,2,9,0,8,0,1,0,0,0,0,2,1,2,2,44,7,1997,1,10,1,1,1
2018200277220,1,9,0,9,0,5,0,0,0,0,0,1,6,1,61,9,1499,2,3,1,1,1
2018200277220,2,9,0,13,0,8,0,0,0,0,1,1,6,1,-1,-1,1986,2,13,-1,-1,-1
2018200277230,1,9,0,7,0,5,0,0,0,0,4,1,6,1,41,7,1968,2,7,-1,1,-1
2018200277230,2,3,0,15,2,8,0,0,0,0,1,1,1,1,17,4,115,1,2,1,1,1
2018200277232,1,9,0,18,0,2,0,0,0,0,1,1,6,2,-1,-1,-1,-1,-1,-1,-1,-1
2018200277242,1,9,0,3,0,1,0,0,0,0,2,1,1,2,44,7,1386,1,10,8,1,8
2018200277242,2,9,0,18,0,1,0,0,0,0,1,1,6,1,26,6,-1,-1,-1,-1,-1,-1
2018200277273,1,9,0,15,9,0,0,0,0,0,3,1,6,3,-1,-1,-1,-1,-1,-1,-1,-1
2018200277273,2,9,0,3,0,0,0,0,0,0,4,1,6,2,37,7,998,1,5,2,1,2
2018200277277,1,9,0,18,0,0,0,0,0,0,2,1,1,2,31,6,1975,1,14,7,1,7
2018200277277,2,9,0,18,0,0,0,0,0,0,2,1,1,2,39,7,1360,1,11,1,1,1
2018200277277,3,9,0,18,0,0,0,0,0,0,1,1,1,2,49,8,1499,1,2,6,1,6
2018200277282,1,97,0,18,0,0,0,0,0,0,1,1,6,1,-1,-1,-1,-1,-1,-1,-1,-1
2018200277314,1,9,0,18,0,0,0,0,0,0,1,1,2,1,48,8,1984,1,3,10,1,10
2018200277331,1,3,0,18,0,1,1,10,1,0,1,1,6,1,25,5,124,1,4,7,1,7
2018200277331,2,9,0,5,0,6,1,0,0,0,3,1,6,1,34,6,-1,-1,-1,5,1,5
2018200277357,1,9,0,1,9,6,0,0,0,0,2,1,6,3,-1,-1,1598,1,4,-1,-1,-1
2018200277366,1,21,0,18,0,0,0,0,0,0,4,1,1,3,-1,-1,4764,2,8,-1,-1,-1
2018200277366,2,9,0,2,0,0,0,0,0,0,3,1,6,1,-1,-1,1968,2,11,-1,-1,-1
2018200277398,1,9,0,10,0,8,0,0,0,0,3,1,6,2,55,8,1598,1,9,1,1,1
2018200277398,2,9,0,14,0,8,0,0,0,0,4,1,6,1,37,7,1896,2,13,3,1,3
2018200277430,1,9,0,3,0,1,0,0,0,0,2,1,1,1,40,7,-1,-1,-1,9,1,9
2018200277430,2,98,0,4,0,1,0,0,0,0,1,1,6,1,-1,-1,-1,-1,-1,3,-1,3
2018200277450,1,9,0,18,0,0,0,0,0,0,1,1,2,1,-1,-1,2179,2,4,5,1,5
2018200277450,2,9,0,18,0,0,0,0,0,0,1,1,2,1,28,6,999,1,-1,2,1,2
2018200277516,1,9,0,18,2,0,0,0,0,0,3,1,6,3,29,6,1796,1,10,-1,-1,-1
2018200277516,2,9,0,6,0,0,0,0,0,0,4,1,6,2,25,5,1242,1,6,8,1,8
2018200277579,1,9,0,5,0,0,0,0,0,0,3,1,3,2,24,5,1596,1,5,1,1,1
2018200277581,1,9,0,18,0,8,0,0,0,0,1,1,6,3,-1,-1,1206,1,9,-1,-1,-1
2018200277581,2,9,0,1,0,6,0,0,0,0,2,1,6,1,29,6,1968,2,1,1,1,1
2018200277586,1,9,0,18,0,0,0,10,2,1,1,1,6,1,15,3,1596,1,18,1,1,1
2018200277613,1,9,0,7,0,2,0,0,0,0,1,1,6,1,-1,-1,-1,-1,-1,-1,-1,-1
2018200277613,2,9,0,3,0,1,0,0,0,0,2,1,6,2,30,6,1388,1,9,3,1,3
2018200277634,1,9,0,9,0,6,0,0,0,0,3,1,2,2,58,9,1596,1,13,1,1,1
2018200277634,2,9,0,18,0,8,0,0,0,0,1,1,6,1,25,5,1242,1,10,4,1,4
2018200277656,1,9,0,14,0,0,0,10,7,11,4,1,1,1,31,6,-1,-1,-1,1,1,1
2018200277656,2,9,0,5,0,0,0,4,0,0,3,1,6,1,82,11,-1,-1,-1,1,1,1
2018200277656,3,9,0,2,0,0,1,4,0,0,2,1,5,3,-1,-1,1794,1,14,-1,-1,-1
2018200277656,4,9,0,2,0,0,0,0,0,0,1,1,5,3,-1,-1,2926,2,15,-1,-1,-1
2018200277683,1,9,0,5,0,5,0,0,0,0,1,1,6,2,45,7,1995,2,14,5,1,5
2018200277683,2,1,0,18,0,8,0,0,0,0,1,1,6,1,26,6,-1,-1,-1,4,1,4
2018200277697,1,9,0,9,0,6,0,0,0,0,1,1,6,1,-1,-1,1240,1,15,-1,-1,-1
2018200277697,2,9,0,9,0,8,0,0,0,0,2,1,1,2,29,6,1968,2,3,1,1,1
2018200277726,1,9,0,18,0,0,0,0,0,0,1,1,6,1,38,7,1364,1,9,9,1,9
2018200277726,2,9,0,3,0,0,0,0,0,0,2,1,6,2,52,8,1968,2,6,9,1,9
2018200277728,1,9,0,18,0,1,0,0,0,0,1,1,6,1,-1,-1,1995,2,10,-1,-1,-1
2018200277728,2,9,0,4,0,1,0,0,0,0,2,1,1,2,40,7,1490,1,10,6,1,6
2018200277732,1,9,0,18,0,1,0,0,0,0,4,1,6,2,28,6,1360,1,12,4,1,4
2018200277765,1,9,0,9,0,5,0,0,0,0,1,1,6,1,19,4,998,1,12,1,1,1
2018200277765,2,9,0,18,0,8,0,0,0,0,1,1,6,1,24,5,2497,1,14,2,1,2
2018200277772,1,9,0,1,0,6,0,4,0,0,2,1,6,1,58,9,1973,1,17,-1,-1,-1
2018200277772,2,9,0,2,0,1,0,0,0,0,1,1,6,2,44,7,1560,2,7,7,1,7
2018200277786,1,9,0,3,0,1,0,0,0,0,3,1,6,1,50,8,-1,-1,-1,1,1,1
2018200277786,2,9,0,7,0,1,0,0,0,0,1,1,1,1,49,8,1598,2,5,10,2,10
2018200277815,1,9,0,18,0,0,0,0,0,0,3,1,5,2,27,6,1968,2,4,2,1,2
2018200277916,1,9,0,18,0,8,0,0,0,0,1,1,6,1,-1,-1,1998,1,10,-1,-1,-1
2018200277916,2,9,0,9,0,8,0,0,0,0,2,1,6,2,34,6,1364,1,12,2,1,2
2018200277917,1,9,0,9,0,6,0,0,0,0,1,1,1,1,50,8,2143,2,4,4,1,4
2018200277917,2,9,0,9,0,8,0,0,0,0,4,1,3,2,33,6,1799,1,12,7,1,7
2018200277944,1,9,0,18,0,2,0,4,0,0,4,1,6,1,22,5,1229,1,10,8,1,8
2018200277944,2,9,0,2,0,1,0,0,0,0,4,1,6,1,37,7,3222,2,15,2,1,2
2018200277977,1,9,0,9,0,6,0,0,0,0,1,1,6,3,-1,-1,1900,2,13,-1,-1,-1
2018200277977,2,9,0,18,0,8,0,10,7,10,4,1,6,2,33,6,998,1,11,8,1,8
2018200277981,1,9,0,14,0,0,0,0,0,0,1,1,2,2,45,7,1995,2,4,3,1,3
2018200277981,2,11,0,2,0,0,0,0,0,0,0,1,1,1,38,7,9000,2,11,2,1,2
2018200278013,1,9,0,5,0,0,0,0,0,0,0,1,6,1,39,7,1986,2,13,1,1,1
2018200278013,2,5,0,18,0,0,2,0,0,0,0,1,1,1,54,8,599,1,18,10,2,10
2018200278054,1,9,0,7,0,0,0,0,0,0,4,1,6,3,-1,-1,1590,1,15,-1,-1,-1
2018200278090,1,9,0,18,0,0,0,10,1,4,1,1,6,1,34,6,1364,1,12,6,1,6
2018200278126,1,9,0,10,0,0,0,0,0,0,1,1,6,2,44,7,1396,1,5,10,1,10
2018200278126,2,3,0,18,0,0,0,0,0,0,1,1,6,1,55,8,125,1,10,3,1,3
2018200278164,1,9,0,9,0,5,0,0,0,0,1,1,1,2,53,8,1461,2,2,1,1,1
2018200278164,2,9,0,18,0,8,0,0,0,0,3,1,1,1,49,8,1560,2,9,3,1,3
2018200278165,1,9,0,9,0,5,0,0,0,0,0,1,6,2,59,9,998,1,9,2,1,2
2018200278165,2,5,0,18,0,8,0,0,0,0,4,1,2,1,48,8,1783,1,11,6,1,6
2018200278166,1,9,0,18,0,8,0,10,7,0,1,1,6,1,56,9,2521,1,8,7,1,7
2018200278166,2,9,0,18,0,8,0,0,0,0,1,1,6,2,28,6,1200,1,1,3,1,3
2018200278195,1,8,0,3,2,1,0,0,0,0,4,1,6,1,-1,-1,-1,-1,-1,-1,-1,-1
2018200278195,2,1,0,18,4,1,0,8,0,0,1,1,6,1,46,8,-1,-1,-1,5,1,5
2018200278264,1,9,0,5,0,6,1,0,0,0,4,1,6,1,-1,-1,1910,2,9,-1,-1,-1
2018200278264,2,9,0,18,0,8,1,0,0,0,1,1,6,2,46,8,1900,2,13,4,1,4
2018200278266,1,9,0,18,0,8,1,0,0,0,1,1,6,1,32,6,-1,-1,-1,4,1,4
2018200278266,2,98,0,10,0,8,1,0,0,0,2,1,6,1,61,9,-1,-1,-1,3,1,3
2018200278266,3,9,0,18,0,1,0,0,0,0,0,1,6,1,-1,-1,1598,2,5,1,1,1
2018200278280,1,9,0,18,0,1,0,0,0,0,1,1,6,1,58,9,1995,2,1,9,1,9
2018200278280,2,19,0,9,0,6,0,0,0,0,4,1,2,1,45,7,2402,2,8,9,1,9
2018200278280,3,9,0,4,0,1,0,0,0,0,2,1,6,1,25,5,1995,2,6,10,1,10
2018200278286,1,9,0,9,0,2,0,0,0,0,1,1,6,1,-1,-1,-1,-1,-1,-1,-1,-1
2018200278313,1,9,0,18,0,0,0,0,0,0,4,1,1,1,20,4,1461,2,13,6,2,6
2018200278313,2,9,0,15,0,0,0,0,0,0,3,1,6,1,-1,-1,1596,1,2,-1,-1,-1
2018200278320,1,9,0,18,0,1,0,0,0,0,0,1,6,1,-1,-1,-1,-1,-1,-1,-1,-1
2018200278320,2,9,0,10,0,1,0,0,0,0,4,1,2,2,34,6,2191,2,3,5,1,5
2018200278330,1,9,0,7,0,1,0,0,0,0,3,1,6,3,-1,-1,998,1,11,-1,-1,-1
2018200278330,2,1,0,18,0,1,0,0,0,0,4,1,2,1,36,7,-1,-1,-1,2,1,2
2018200278351,1,9,0,1,0,1,0,0,0,0,2,1,6,1,-1,-1,-1,-1,-1,-1,-1,-1
2018200278356,1,11,0,5,0,0,0,0,0,0,0,1,1,3,-1,-1,-1,-1,-1,-1,-1,-1
2018200278359,1,9,0,8,0,5,0,0,0,0,1,1,6,3,-1,-1,1896,2,14,-1,-1,-1
2018200278359,2,9,0,18,0,1,0,0,0,0,1,1,6,1,58,9,1794,1,10,1,1,1
2018200278375,1,9,0,1,0,2,0,0,0,0,4,1,6,2,40,7,2982,2,4,2,1,2
2018200278375,2,19,0,8,0,1,0,0,0,0,3,1,6,1,45,7,2287,2,10,8,3,8
2018200278408,1,9,0,18,0,0,0,0,0,0,4,1,6,2,29,6,1598,1,10,2,1,2
2018200278410,1,9,0,18,0,0,0,0,5,0,1,1,6,1,24,5,1997,2,14,1,1,1
2018200278410,2,9,0,18,0,0,5,0,5,0,2,1,1,1,50,8,1956,2,8,1,1,1
2018200278410,3,19,0,18,0,0,0,0,0,0,3,1,1,1,32,6,2143,2,1,1,1,1
2018200278472,1,9,0,17,0,3,1,10,1,2,1,1,6,1,-1,-1,1796,1,12,-1,-1,-1
2018200278472,2,9,0,17,0,8,0,0,0,0,0,1,6,1,-1,-1,999,1,2,-1,-1,-1
2018200278508,1,9,0,18,0,1,0,0,0,0,1,1,6,1,37,7,1296,1,11,1,1,1
2018200278508,2,9,0,3,0,1,0,0,0,0,2,1,6,2,43,7,1598,1,10,1,1,1
2018200278510,1,9,0,18,0,8,0,9,0,0,1,1,6,1,55,8,1896,2,9,2,1,2
2018200278510,2,9,0,5,0,8,0,9,0,0,1,1,6,1,25,5,2967,2,1,1,1,1
2018200278523,1,9,0,18,0,0,0,0,0,0,1,1,6,3,-1,-1,-1,-1,-1,-1,-1,-1
2018200278523,2,9,0,3,0,0,0,0,0,0,2,1,6,1,38,7,1598,1,12,1,1,1
2018200278534,1,9,0,13,0,8,0,0,0,0,3,1,6,1,32,6,1341,1,14,1,1,1
2018200278534,2,9,0,9,0,5,0,0,0,0,4,1,6,2,32,6,999,1,-1,3,1,3
2018200278602,1,9,0,18,0,8,1,0,0,0,1,1,6,3,-1,-1,-1,-1,-1,-1,-1,-1
2018200278602,2,9,0,3,0,8,1,0,0,0,1,1,3,2,48,8,1596,1,3,10,1,10
2018200278602,3,98,0,3,0,8,1,0,0,0,1,1,6,1,-1,-1,-1,-1,-1,-1,-1,-1
2018200278603,1,19,0,13,0,0,0,0,0,0,4,1,6,3,-1,-1,2198,2,11,-1,-1,-1
2018200278603,2,9,0,18,0,0,0,0,0,0,3,1,6,1,47,8,1560,2,6,5,1,5
2018200278605,1,97,0,18,0,8,0,0,0,0,1,1,6,1,-1,-1,-1,-1,-1,-1,-1,-1
2018200278605,2,9,0,1,0,6,0,0,0,0,3,1,6,1,44,7,1995,2,15,1,1,1
2018200278611,1,9,0,9,0,6,0,0,0,0,4,1,3,1,37,7,2204,2,12,2,1,2
2018200278611,2,9,0,18,0,8,0,0,0,0,3,1,3,2,28,6,1598,1,12,1,1,1
2018200278627,1,9,0,2,0,0,0,10,0,0,3,1,6,1,78,11,-1,-1,-1,6,1,6
2018200278627,2,1,0,14,0,0,0,8,0,0,1,1,6,1,16,4,-1,-1,-1,2,1,2
2018200278638,1,9,0,5,0,5,0,0,0,0,1,1,6,1,35,6,1461,2,4,2,1,2
2018200278649,1,9,0,18,0,0,5,4,0,0,1,1,6,1,71,10,999,1,1,2,1,2
2018200278649,2,9,0,2,0,0,0,0,0,0,2,1,6,2,35,6,1398,2,5,1,1,1
2018200278649,3,9,0,2,0,0,0,0,0,0,1,1,6,3,-1,-1,1560,2,2,-1,-1,-1
2018200278683,1,9,0,18,0,2,0,8,0,0,3,1,6,3,-1,-1,-1,-1,-1,-1,-1,-1
2018200278683,2,9,0,2,0,2,0,0,0,0,4,1,6,1,-1,-1,1497,1,14,-1,-1,-1
2018200278728,1,21,1,18,0,6,0,0,0,0,1,1,1,1,69,10,12809,2,5,8,2,8
2018200278728,2,9,0,18,0,8,0,0,0,0,3,1,6,1,60,9,2143,2,2,9,1,9
2018200278750,1,21,1,18,0,0,0,7,0,0,4,1,1,1,56,9,12419,2,4,10,2,10
2018200278750,2,9,0,18,0,0,0,7,7,0,0,1,6,1,26,6,1995,1,10,1,1,1
2018200278785,1,9,0,18,0,0,0,10,2,5,1,1,6,1,20,4,1364,1,10,1,1,1
2018200278794,1,8,0,2,0,0,0,0,0,0,1,1,6,1,57,9,1794,7,11,1,1,1
2018200278807,1,9,0,18,0,1,1,10,1,4,1,1,6,1,26,6,4163,1,7,1,1,1
2018200278807,2,9,0,18,0,1,5,10,1,4,1,1,6,1,31,6,4999,1,3,6,3,6
2018200278867,1,9,0,4,0,0,1,0,0,0,1,1,6,1,27,6,1995,2,6,3,1,3
2018200278867,2,9,0,3,0,0,0,0,0,0,2,1,6,1,44,7,1997,2,14,2,1,2
2018200278867,3,9,0,3,0,0,0,0,0,0,2,1,6,1,54,8,1997,2,8,-1,-1,-1
2018200279128,1,8,0,18,0,8,1,0,0,0,1,1,1,1,41,7,1910,2,10,3,1,3
2018200279128,2,9,0,5,0,6,0,0,0,0,3,1,6,2,65,9,2231,2,3,1,1,1
2018200279161,1,9,0,4,0,1,0,0,0,0,1,1,6,1,-1,-1,1956,2,9,-1,-1,-1
2018200279161,2,9,0,4,0,1,0,0,0,0,2,1,6,1,42,7,2198,1,12,2,1,2
2018200279177,1,11,0,18,0,0,0,0,0,0,1,1,1,1,58,9,-1,-1,-1,1,1,1
2018200279177,2,1,0,18,0,0,0,0,0,0,4,1,6,1,-1,-1,-1,-1,-1,-1,-1,-1
2018200279250,1,8,0,4,0,0,0,0,0,0,3,1,1,1,34,6,1794,1,10,1,1,1
2018200279264,1,9,0,18,0,0,0,0,0,0,1,1,6,1,64,9,1598,1,4,5,1,5
2018200279264,2,9,0,18,0,0,0,0,7,0,1,1,6,1,69,10,1199,1,5,1,1,1
2018200279311,1,9,0,3,0,2,0,0,0,0,2,1,6,2,29,6,996,1,9,1,1,1
2018200279311,2,9,0,4,0,2,0,0,0,0,1,1,6,2,30,6,1598,1,11,1,1,1
2018200279317,1,9,0,18,0,0,1,10,4,0,1,1,6,2,25,5,1390,1,9,1,1,1
2018200279317,2,9,0,12,0,0,0,0,0,0,2,1,6,2,42,7,1796,1,12,4,1,4
2018200279317,3,9,0,18,0,0,0,0,0,0,2,1,6,1,46,8,1998,1,3,7,1,7
2018200279341,1,9,0,18,0,0,0,0,0,0,1,1,6,1,48,8,1968,2,5,6,1,6
2018200279349,1,9,0,18,0,8,5,0,0,0,4,1,6,2,21,5,1398,1,4,10,3,10
2018200279349,2,9,0,9,0,8,0,0,0,0,3,1,6,1,54,8,1598,1,12,3,1,3
2018200279371,1,9,0,9,0,6,0,0,0,0,1,1,2,2,19,4,998,1,2,5,1,5
2018200279371,2,3,0,18,0,8,0,0,0,0,1,1,2,1,18,4,124,1,2,3,1,3
2018200279442,1,9,0,5,9,0,1,4,1,10,1,1,6,1,38,7,1781,1,14,2,1,2
2018200279442,2,9,0,2,0,0,0,0,0,0,4,1,1,1,-1,-1,1248,2,8,2,1,2
2018200279442,3,9,0,2,0,0,0,0,0,0,1,1,1,1,34,6,1248,2,4,2,1,2
2018200279444,1,9,0,9,0,1,0,0,0,0,2,1,6,1,34,6,1197,1,6,1,1,1
2018200279444,2,19,0,18,0,1,0,0,0,0,1,1,1,1,26,6,2143,2,8,2,1,2
2018200279518,1,9,0,9,0,6,0,0,0,0,3,1,6,1,36,7,998,1,16,1,1,1
2018200279518,2,3,0,18,0,8,0,0,0,0,1,1,1,1,25,5,108,1,3,2,1,2
2018200279595,1,3,0,17,0,1,2,10,1,1,1,1,6,1,50,8,125,1,2,2,1,2
2018200279620,1,9,0,18,0,1,0,0,0,0,1,1,6,1,33,6,1396,1,16,1,1,1
2018200279620,2,9,0,3,0,1,0,0,0,0,2,1,2,2,27,6,1229,1,6,6,1,6
2018200279623,1,9,0,18,0,0,0,0,0,0,1,1,6,1,-1,-1,1560,2,2,-1,-1,-1
2018200279623,2,9,0,3,0,0,0,0,0,0,1,1,6,1,54,8,1598,1,16,2,1,2
2018200279637,1,9,0,5,0,0,0,0,0,0,1,1,6,2,24,5,1388,1,7,1,1,1
2018200279637,2,9,0,18,0,0,0,0,0,0,3,1,6,2,20,4,1242,1,5,6,1,6
2018200279670,1,9,0,3,0,1,0,0,0,0,2,1,6,1,-1,-1,4293,1,16,2,1,2
2018200279670,2,9,0,18,0,1,0,0,0,0,1,1,6,1,-1,-1,-1,-1,-1,-1,-1,-1
2018200279716,1,9,0,18,0,2,0,0,0,0,1,1,6,1,56,9,2688,2,15,2,1,2
2018200279720,1,9,0,18,0,1,0,0,0,0,1,1,6,2,-1,-1,1198,1,13,-1,-1,-1
2018200279720,2,9,0,3,0,1,0,0,0,0,2,1,6,2,48,8,3222,2,15,7,1,7
2018200279746,1,9,0,13,0,0,0,0,0,0,1,1,6,1,-1,-1,1896,2,14,-1,-1,-1
2018200279746,2,9,0,18,0,0,0,0,0,0,1,1,6,2,40,7,1248,2,11,1,1,1
2018200279750,1,1,0,18,0,0,0,0,0,0,3,1,6,1,37,7,-1,-1,-1,3,1,3
2018200279750,2,9,0,13,0,0,0,0,0,0,4,1,6,1,-1,-1,-1,-1,-1,-1,-1,-1
2018200279778,1,9,0,18,0,0,0,0,0,0,1,1,6,1,-1,-1,1390,1,6,1,1,1
2018200279778,2,9,0,18,0,0,0,0,0,0,0,1,6,3,-1,-1,-1,-1,-1,-1,-1,-1
2018200279790,1,9,0,14,0,0,0,0,0,0,1,1,6,2,-1,-1,-1,-1,-1,-1,-1,-1
2018200279795,1,9,0,1,0,0,0,0,0,0,2,1,6,1,42,7,1299,1,16,1,1,1
2018200279822,1,9,0,18,0,0,0,0,0,0,1,1,6,2,21,5,1498,1,10,8,1,8
2018200279830,1,9,0,9,0,8,0,0,0,0,1,1,2,1,46,8,1497,8,2,7,1,7
2018200279830,2,9,0,18,0,8,0,0,0,0,1,1,6,1,33,6,2143,2,-1,5,1,5
2018200279865,1,9,0,18,0,0,0,0,0,0,1,1,6,2,29,6,1229,1,7,4,1,4
2018200279875,1,9,0,3,0,0,0,0,0,0,2,1,6,1,39,7,1498,1,2,5,1,5
2018200279875,2,9,0,18,0,0,0,0,0,0,1,1,6,2,-1,-1,2199,2,6,-1,-1,-1
2018200279917,1,9,0,3,0,0,0,0,0,0,3,1,2,2,59,9,1395,1,3,6,1,6
2018200279917,2,9,0,18,0,0,0,0,0,0,4,1,6,1,-1,-1,1598,1,5,1,1,1
2018200280039,1,9,0,18,0,1,0,0,0,0,1,1,6,1,-1,-1,1596,1,8,8,1,8
2018200280039,2,3,0,3,0,1,0,0,0,0,2,1,6,1,18,4,125,1,1,7,1,7
2018200280042,1,9,0,10,0,1,0,0,0,0,2,1,6,2,49,8,1388,1,14,6,1,6
2018200280042,2,9,0,4,0,1,0,0,0,0,1,1,6,3,-1,-1,-1,-1,-1,-1,-1,-1
2018200280053,1,9,0,18,0,1,0,0,0,0,1,1,6,1,-1,-1,1493,2,12,-1,-1,-1
2018200280053,2,9,0,3,0,1,0,0,0,0,2,1,6,2,47,8,-1,3,1,1,1,1
2018200280057,1,9,0,9,0,6,0,0,0,0,3,1,6,1,30,6,1560,2,6,1,1,1
2018200280057,2,1,0,18,0,8,0,0,0,0,1,1,6,2,29,6,-1,-1,-1,5,1,5
2018200280064,1,9,0,17,0,1,0,0,0,0,1,1,6,1,-1,-1,1390,1,13,8,1,8