Accident_Index,Vehicle_Reference,Vehicle_Type,Towing_and_Articulation,Vehicle_Manoeuvre,Vehicle_Location-Restricted_Lane,Junction_Location,Skidding_and_Overturning,Hit_Object_in_Carriageway,Vehicle_Leaving_Carriageway,Hit_Object_off_Carriageway,1st_Point_of_Impact,Was_Vehicle_Left_Hand_Drive?,Journey_Purpose_of_Driver,Sex_of_Driver,Age_of_Driver,Age_Band_of_Driver,Engine_Capacity_(CC),Propulsion_Code,Age_of_Vehicle,Driver_IMD_Decile,Driver_Home_Area_Type,Vehicle_IMD_Decile
2018200283595,2,9,0,9,0,6,0,0,0,0,1,1,6,1,19,4,1995,2,13,1,1,1
2018200283606,1,9,0,18,0,1,0,0,0,0,1,1,6,1,-1,-1,-1,-1,-1,-1,-1,-1
2018200283606,2,9,0,3,0,1,0,0,0,0,2,1,6,2,34,6,1598,2,7,3,1,3
2018200283644,1,9,0,18,0,8,0,0,0,0,4,1,6,2,27,6,1329,1,8,4,1,4
2018200283644,2,90,0,1,0,6,0,0,0,0,2,1,6,2,-1,-1,-1,-1,-1,2,1,2
2018200283651,1,9,0,9,0,8,0,0,0,0,1,1,6,1,36,7,1596,1,4,5,1,5
2018200283651,2,9,0,18,0,8,0,0,0,0,1,1,6,1,29,6,-1,-1,-1,6,1,6
2018200283762,1,11,0,18,2,1,0,0,0,0,1,1,1,1,59,9,7300,2,9,1,1,1
2018200283765,1,9,0,14,0,1,0,0,0,0,1,1,6,1,-1,-1,1229,1,11,-1,-1,-1
2018200283765,2,9,0,3,0,1,0,0,0,0,2,1,6,1,38,7,1794,1,10,1,1,1
2018200283770,1,9,0,18,0,1,1,0,0,0,4,1,1,1,35,6,1598,1,10,1,1,1
2018200283770,2,9,0,18,0,2,2,0,0,0,3,1,1,1,44,7,1598,2,8,1,1,1
2018200283770,3,9,0,18,0,2,1,4,0,0,4,1,2,1,54,8,1999,2,-1,3,1,3
2018200283770,4,9,0,2,0,1,2,0,0,0,4,1,6,3,-1,-1,-1,-1,-1,-1,-1,-1
2018200283770,5,9,0,18,0,1,0,0,0,0,3,1,1,1,46,8,1968,2,3,1,1,1
2018200283770,6,9,0,18,0,2,1,10,7,11,3,1,1,2,53,8,1896,2,9,1,1,1
2018200283775,1,9,0,18,0,8,0,0,0,0,3,1,6,1,39,7,1686,2,6,1,1,1
2018200283775,2,9,0,18,0,8,0,0,0,0,1,1,6,1,27,6,1596,1,10,4,1,4
2018200283802,1,9,0,18,0,8,0,0,0,0,1,1,6,1,27,6,1596,1,12,1,1,1
2018200283802,2,9,0,18,0,8,0,7,1,10,3,1,6,2,28,6,1242,1,4,5,1,5
2018200283819,1,9,0,9,0,5,0,0,0,0,3,1,6,2,25,5,1229,1,13,2,1,2
2018200283828,1,9,0,1,0,0,0,0,0,0,2,1,6,2,62,9,998,1,6,3,1,3
2018200283840,1,8,0,18,0,0,0,0,0,0,1,1,6,3,-1,-1,-1,-1,-1,-1,-1,-1
2018200283852,1,11,0,9,0,1,0,0,0,0,1,1,1,1,63,9,4250,2,18,7,3,7
2018200283852,2,9,0,4,0,1,0,0,0,0,2,1,6,1,52,8,1598,1,7,1,1,1
2018200283855,1,9,0,18,0,0,0,0,0,0,1,1,6,1,23,5,-1,-1,-1,7,1,7
2018200283855,2,9,0,18,0,0,0,0,0,0,1,1,6,2,31,6,1596,1,13,3,1,3
2018200283875,1,5,0,18,0,0,0,0,0,0,0,1,6,1,55,8,1470,1,30,5,1,5
2018200283875,2,9,0,6,0,0,0,0,0,0,0,1,6,1,-1,-1,-1,-1,-1,-1,-1,-1
2018200283888,1,9,0,18,0,6,0,0,0,0,3,1,6,1,19,4,1995,2,9,3,1,3
2018200283888,2,9,0,18,0,8,0,0,0,0,1,1,6,1,42,7,1998,2,6,1,1,1
2018200283898,1,21,0,18,0,0,0,0,0,0,1,1,6,1,-1,-1,12900,2,10,-1,-1,-1
2018200283898,2,9,0,3,0,0,0,0,0,0,2,1,6,2,26,6,1587,1,11,4,1,4
2018200283898,3,9,0,3,0,0,0,0,0,0,2,1,6,3,-1,-1,-1,-1,-1,-1,-1,-1
2018200283935,1,9,0,18,0,0,1,0,0,0,1,1,2,1,43,7,1598,1,11,1,1,1
2018200283935,2,9,0,18,0,0,0,0,0,0,2,1,6,2,26,6,1200,1,3,4,1,4
2018200283936,1,9,0,18,0,0,0,0,0,0,1,1,6,1,-1,-1,1686,2,12,1,1,1
2018200283936,2,9,0,3,0,0,0,0,0,0,2,1,6,2,21,5,1242,1,14,10,1,10
2018200283936,3,8,0,3,0,0,0,0,0,0,2,1,6,3,-1,-1,-1,-1,-1,-1,-1,-1
2018200283938,1,9,0,18,0,1,0,0,0,0,1,1,6,3,-1,-1,1968,2,6,-1,-1,-1
2018200283938,2,9,0,3,0,1,0,0,0,0,2,1,6,1,47,8,1596,1,2,1,1,1
2018200283948,1,19,0,5,0,0,0,0,0,0,1,1,6,3,-1,-1,1753,2,14,-1,-1,-1
2018200283948,2,9,0,18,0,0,0,0,0,0,3,1,2,1,23,5,1986,2,11,2,1,2
2018200283954,1,9,0,14,0,1,0,0,0,0,1,1,6,2,-1,-1,-1,-1,-1,-1,-1,-1
2018200283954,2,9,0,7,0,6,0,0,0,0,3,1,6,2,22,5,1198,1,5,2,1,2
2018200283983,1,9,0,9,0,5,0,0,0,0,4,1,6,1,-1,-1,1968,2,13,-1,-1,-1
2018200283983,2,8,0,18,0,8,0,0,0,0,4,1,1,1,27,6,2499,2,6,1,1,1
2018200284036,1,9,0,18,0,0,0,4,1,0,2,1,6,3,-1,-1,1596,1,15,-1,-1,-1
2018200284036,2,9,0,2,0,0,0,0,0,0,0,1,6,1,24,5,1461,2,5,2,1,2
2018200284043,1,9,0,6,0,0,0,0,0,0,3,1,6,1,25,5,1598,1,16,4,1,4
2018200284043,2,9,0,18,0,0,0,0,0,0,1,1,6,1,29,6,1995,2,5,4,1,4
2018200284045,1,1,0,18,0,8,0,0,0,0,1,1,6,1,28,6,-1,-1,-1,1,1,1
2018200284045,2,9,0,18,0,6,0,0,0,0,1,1,6,1,-1,-1,1995,2,12,2,1,2
2018200284076,1,9,0,18,0,0,1,10,0,0,1,1,6,3,-1,-1,998,1,12,-1,-1,-1
2018200284076,2,9,0,3,0,0,0,0,0,0,2,1,6,1,47,8,1999,2,1,1,1,1
2018200284086,1,9,0,9,0,5,0,0,0,0,1,1,6,1,49,8,1242,1,4,4,1,4
2018200284086,2,9,0,18,0,8,0,0,0,0,1,1,6,1,19,4,1149,1,14,5,1,5
2018200284123,1,21,0,11,0,1,0,0,0,0,4,1,1,1,38,7,6692,2,6,3,-1,3
2018200284123,2,9,0,4,0,1,0,0,0,0,3,1,1,2,42,7,1390,1,11,1,1,1
2018200284164,1,9,0,13,0,1,0,0,0,0,1,1,1,2,33,6,1598,2,3,-1,-1,-1
2018200284164,2,9,0,9,0,5,0,0,0,0,4,1,6,1,25,5,1388,1,13,2,1,2
2018200284165,1,9,0,1,9,8,0,0,0,0,1,1,6,2,23,5,1242,1,15,1,-1,1
2018200284166,1,9,0,18,0,0,0,4,0,0,1,1,6,1,18,4,1896,2,10,1,1,1
2018200284166,2,9,0,1,0,0,0,0,0,0,3,1,6,1,57,9,2231,2,10,1,1,1
2018200284166,3,9,0,2,0,0,0,0,0,0,4,1,5,1,-1,-1,2495,2,21,1,1,1
2018200284189,1,9,0,18,0,1,2,10,1,11,4,1,6,1,39,7,1598,2,8,6,2,6
2018200284195,1,9,0,5,0,4,0,0,0,0,4,1,6,2,31,6,1398,1,2,5,1,5
2018200284195,2,9,0,18,0,8,0,0,0,0,1,1,6,1,38,7,1798,8,4,3,1,3
2018200284219,1,9,0,9,0,5,0,10,7,2,1,1,6,2,29,6,1229,1,8,2,1,2
2018200284219,2,9,0,18,0,8,0,10,1,0,1,1,6,1,46,8,2720,2,13,6,1,6
2018200284241,1,9,0,9,0,4,0,0,0,0,1,1,6,2,27,6,2143,2,3,2,1,2
2018200284241,2,9,0,9,0,4,0,0,0,0,2,1,6,1,55,8,1910,2,14,2,1,2
2018200284241,3,9,0,9,0,8,0,0,0,0,0,1,1,1,28,6,1598,2,1,-1,-1,-1
2018200284253,1,9,0,9,0,5,0,7,7,0,4,1,6,2,36,7,1560,2,6,-1,1,-1
2018200284253,2,9,0,18,0,8,0,0,0,0,1,1,2,1,44,7,-1,-1,-1,6,1,6
2018200284296,1,9,0,4,0,1,0,0,0,0,1,1,1,2,44,7,1685,2,1,1,1,1
2018200284296,2,9,0,18,0,1,0,0,0,0,4,1,6,1,40,7,-1,-1,-1,1,1,1
2018200284307,1,9,0,5,0,8,0,0,0,0,1,1,6,3,-1,-1,1995,2,5,-1,-1,-1
2018200284307,2,9,0,5,0,8,0,0,0,0,4,1,6,1,33,6,1995,2,11,1,1,1
2018200284315,1,9,0,9,0,6,0,0,0,0,1,1,6,1,44,7,1798,1,10,1,1,1
2018200284315,2,9,0,18,0,8,0,0,0,0,4,1,6,1,35,6,1999,2,10,1,1,1
2018200284319,1,9,0,18,0,0,0,4,0,0,1,1,6,1,30,6,1200,1,2,2,1,2
2018200284319,2,98,0,2,0,0,0,0,0,0,1,1,6,3,-1,-1,-1,-1,-1,-1,-1,-1
2018200284319,3,9,0,2,0,0,0,0,0,0,1,1,6,1,44,7,1997,2,2,2,1,2
2018200284320,1,21,4,3,0,0,0,0,0,0,4,1,6,1,55,8,10308,2,7,1,1,1
2018200284320,2,9,0,18,0,0,0,0,0,0,3,1,6,1,54,8,-1,-1,-1,7,1,7
2018200284320,3,9,0,18,0,0,0,0,0,0,1,1,6,1,48,8,1497,8,10,3,1,3
2018200284366,1,9,0,9,0,5,0,0,0,0,4,1,6,2,51,8,-1,-1,-1,10,1,10
2018200284366,2,9,0,18,0,8,0,0,0,0,1,1,6,1,82,11,1498,1,6,1,1,1
2018200284369,1,21,0,7,0,2,0,0,0,0,4,1,6,1,27,6,-1,-1,-1,1,1,1
2018200284379,1,9,0,13,0,2,0,10,7,0,0,1,1,1,21,5,1598,1,9,1,1,1
2018200284379,2,9,0,4,0,1,0,10,7,0,0,1,6,1,74,10,1149,1,9,10,1,10
2018200284403,1,9,0,18,0,8,0,0,0,0,1,1,1,1,57,9,1896,2,9,4,1,4
2018200284403,2,9,0,9,0,8,0,0,0,0,4,1,1,2,26,6,1198,1,8,1,1,1
2018200284565,1,9,0,18,0,1,0,4,0,0,1,1,6,1,69,10,1341,1,16,1,1,1
2018200284565,2,9,0,2,0,1,0,0,0,0,3,1,6,2,39,7,1598,1,4,4,1,4
2018200284565,3,9,0,2,0,1,0,0,0,0,3,1,6,3,-1,-1,1900,2,12,-1,-1,-1
2018200284565,4,9,0,2,0,1,0,0,0,0,1,1,6,2,47,8,-1,-1,-1,2,1,2
2018200284572,1,8,0,2,0,0,0,0,0,0,2,1,1,1,42,7,2143,2,4,2,1,2
2018200284572,2,9,0,1,0,0,0,4,0,0,2,1,6,3,-1,-1,1360,1,12,-1,-1,-1
2018200284581,1,9,0,9,0,5,0,0,0,0,4,1,6,1,38,7,1995,2,5,1,1,1
2018200284581,2,5,0,18,0,8,0,0,0,0,1,1,6,1,20,4,650,1,19,1,1,1
2018200284612,1,9,0,9,0,1,0,0,0,0,1,1,6,1,-1,-1,2143,2,1,-1,-1,-1
2018200284612,2,9,0,10,0,1,0,0,0,0,2,1,6,1,32,6,1598,2,3,1,1,1
2018200284619,1,9,0,18,0,8,0,0,0,0,4,1,6,2,29,6,1968,2,10,2,1,2
2018200284619,2,11,0,9,0,6,0,0,0,0,1,1,1,1,51,8,4461,2,4,2,1,2
2018200284668,1,9,0,18,0,3,0,0,0,0,1,1,6,2,22,5,1461,2,3,7,1,7
2018200284668,2,9,0,18,0,4,0,0,0,0,3,1,6,1,60,9,998,1,4,1,1,1
2018200284673,1,9,0,9,0,6,1,10,1,11,1,1,6,1,-1,-1,1598,2,2,1,1,1
2018200284674,1,19,0,12,0,2,0,0,0,0,2,1,6,1,43,7,2198,2,4,7,1,7
2018200284674,2,9,0,18,0,2,0,0,0,0,1,1,2,2,23,5,1197,1,1,9,1,9
2018200284717,1,9,0,18,0,2,0,0,0,0,1,1,6,1,-1,-1,-1,-1,-1,-1,-1,-1
2018200284717,2,9,0,18,0,2,0,0,0,0,2,1,6,1,37,7,1598,2,4,1,1,1
2018200284729,1,9,0,18,0,0,0,0,0,0,1,1,6,1,38,7,1595,1,1,9,1,9
2018200284729,2,9,0,18,0,0,0,0,0,0,2,1,2,1,35,6,1956,2,5,1,1,1
2018200284729,3,9,0,18,0,0,0,0,0,0,2,1,6,1,48,8,1686,2,13,5,1,5
2018200284745,1,9,0,18,0,8,0,0,0,0,1,1,6,1,38,7,1988,1,18,-1,-1,-1
2018200284745,2,8,0,18,0,6,0,0,0,0,3,1,1,1,38,7,1997,2,9,2,1,2
2018200284778,1,9,0,4,0,8,2,10,7,0,3,1,6,2,61,9,1753,2,15,5,1,5
2018200284778,2,9,0,18,0,8,0,0,0,0,1,1,6,1,30,6,1995,2,7,1,1,1
2018200284784,1,9,0,18,0,0,0,0,0,0,1,1,5,3,-1,-1,998,1,15,-1,-1,-1
2018200284784,2,9,0,3,0,0,0,0,0,0,2,1,5,2,46,8,1598,1,11,2,1,2
2018200284805,1,9,0,18,0,8,0,0,0,0,1,1,6,1,28,6,-1,-1,-1,8,1,8
2018200284805,2,9,0,18,0,8,0,0,0,0,2,1,6,1,19,4,1229,1,13,7,1,7
2018200284819,1,9,0,4,0,0,0,0,0,0,1,1,1,1,64,9,1329,1,6,3,1,3
2018200284907,1,9,0,18,0,2,0,0,0,0,1,1,3,2,59,9,1590,1,17,3,1,3
2018200284922,1,9,0,18,0,0,0,0,0,0,4,1,6,1,22,5,1968,2,8,5,1,5
2018200284923,1,9,0,3,0,1,0,0,0,0,2,1,6,1,27,6,1560,2,2,6,1,6
2018200284923,2,19,0,4,0,1,0,0,0,0,1,1,6,1,-1,-1,1753,2,15,-1,-1,-1
2018200284978,1,9,0,7,0,5,0,0,0,0,1,1,6,1,-1,-1,1781,1,17,-1,-1,-1
2018200284978,2,9,0,3,0,1,0,0,0,0,3,1,6,1,46,8,-1,-1,-1,2,1,2
2018200284990,1,9,0,9,0,5,0,0,0,0,1,1,6,1,87,11,1598,1,13,3,1,3
2018200284993,1,9,0,5,0,4,0,0,0,0,1,1,1,1,44,7,1968,2,-1,-1,-1,-1
2018200284993,2,9,0,18,0,8,0,0,0,0,4,1,6,1,52,8,2143,2,4,6,1,6
2018200284993,3,9,0,5,0,4,0,0,0,0,0,1,1,1,-1,-1,1598,2,1,-1,-1,-1
2018200285067,1,9,0,9,0,5,0,0,0,0,1,1,2,1,83,11,2597,1,15,4,1,4
2018200285067,2,9,0,18,0,8,0,0,0,0,1,1,6,1,46,8,-1,-1,-1,2,1,2
2018200285082,1,21,1,12,0,0,0,0,0,0,3,1,6,1,35,6,-1,-1,-1,-1,-1,-1
2018200285082,2,9,0,18,0,0,1,0,0,0,4,1,6,2,34,6,1598,1,4,2,1,2
2018200285088,1,9,0,17,0,0,0,10,7,0,1,1,6,1,73,10,1499,1,2,9,1,9
2018200285088,2,9,0,16,0,0,0,10,1,0,1,1,6,1,44,7,-1,-1,-1,4,1,4
2018200285088,3,9,0,16,0,0,0,10,1,0,1,1,6,1,53,8,2993,2,-1,4,3,4
2018200285196,1,9,0,9,0,6,0,0,0,0,3,1,1,1,29,6,1461,2,10,2,1,2
2018200285196,2,9,0,18,0,8,0,0,0,0,1,1,6,1,-1,-1,2993,2,1,7,1,7
2018200285246,1,9,0,18,0,3,1,0,0,0,1,1,6,1,22,5,1329,1,5,5,1,5
2018200285246,2,9,0,3,0,8,0,0,0,0,2,1,2,1,30,6,-1,-1,-1,9,1,9
2018200285267,1,98,0,18,0,0,0,0,0,0,1,1,6,3,-1,-1,-1,-1,-1,-1,-1,-1
2018200285267,2,9,0,18,0,0,0,0,0,0,1,1,3,2,44,7,1991,2,13,3,1,3
2018200285279,1,9,0,18,0,0,1,0,0,0,3,1,2,1,45,7,1896,2,14,2,1,2
2018200285279,2,9,0,18,0,0,0,0,0,0,3,1,2,1,63,9,2993,2,3,10,1,10
2018200285320,1,9,0,5,0,0,0,0,0,0,3,1,6,1,38,7,1598,1,5,1,1,1
2018200285335,1,9,0,5,0,4,0,0,0,0,1,1,6,1,30,6,1997,2,9,4,1,4
2018200285338,1,98,0,1,0,0,0,0,0,0,2,1,6,3,-1,-1,-1,-1,-1,-1,-1,-1
2018200285338,2,9,0,4,0,0,0,0,0,0,1,1,3,1,35,6,1560,2,8,3,1,3
2018200285350,1,9,0,1,9,6,0,0,0,0,0,1,5,1,81,11,1796,1,8,10,1,10
2018200285418,1,9,0,9,0,6,0,0,0,0,1,1,6,1,47,8,1598,2,2,1,1,1
2018200285418,2,5,0,13,0,8,0,0,0,0,1,1,6,1,31,6,599,1,11,4,1,4
2018200285459,1,9,0,18,0,3,0,0,0,0,1,1,6,2,28,6,1995,2,4,8,1,8
2018200285500,1,9,0,18,0,0,0,0,0,0,4,1,6,3,-1,-1,-1,-1,-1,-1,-1,-1
2018200285535,1,9,0,18,0,1,0,0,0,0,1,1,2,1,40,7,2191,2,1,2,1,2
2018200285540,1,9,0,5,0,1,0,0,0,0,1,1,6,1,47,8,1685,2,-1,1,1,1
2018200285540,2,9,0,5,0,1,0,0,0,0,2,1,6,2,47,8,2295,1,17,1,1,1
2018200285540,3,9,0,18,0,1,1,0,0,0,0,1,1,1,51,8,1598,2,1,3,1,3
2018200285587,1,9,0,18,0,0,0,0,0,0,1,1,6,2,35,6,1329,1,6,10,1,10
2018200285597,1,9,0,14,0,8,0,4,0,0,3,1,2,1,21,5,1798,8,6,7,1,7
2018200285597,2,9,0,5,0,6,0,0,0,0,1,1,3,1,25,5,1998,1,1,4,1,4
2018200285597,3,98,0,2,0,1,0,0,0,0,1,1,6,3,-1,-1,-1,-1,-1,-1,-1,-1
2018200285597,4,9,0,2,0,1,0,0,0,0,1,1,6,3,-1,-1,1762,1,18,-1,-1,-1
2018200285602,1,19,0,9,0,5,0,0,0,0,3,1,6,1,55,8,2151,2,14,2,1,2
2018200285602,2,3,0,13,0,8,1,0,0,0,4,1,6,1,25,5,124,1,6,3,1,3
2018200285630,1,9,0,18,0,0,1,0,0,0,4,1,6,1,-1,-1,1596,1,17,6,1,6
2018200285630,2,9,0,18,0,0,1,0,0,0,3,1,6,1,33,6,1968,2,10,5,1,5
2018200285632,1,9,0,9,0,6,0,0,0,0,1,1,6,1,17,4,-1,-1,-1,1,1,1
2018200285632,2,9,0,18,0,8,0,0,0,0,1,1,6,1,22,5,1198,1,9,1,1,1
2018200285632,3,9,0,18,0,1,0,0,0,0,0,1,5,1,-1,-1,1248,2,4,2,1,2
2018200285637,1,9,0,17,0,8,0,0,0,0,1,1,6,2,34,6,1948,1,18,-1,-1,-1
2018200285637,2,9,0,9,0,6,0,0,0,0,3,1,6,3,-1,-1,-1,-1,-1,-1,-1,-1
2018200285651,1,9,0,18,0,1,0,0,0,0,1,1,6,3,-1,-1,-1,-1,-1,-1,-1,-1
2018200285651,2,1,0,18,0,1,0,0,0,0,4,1,6,1,15,3,-1,-1,-1,1,1,1
2018200285700,1,19,0,7,0,5,0,0,0,0,0,1,1,1,47,8,1896,2,9,10,1,10
2018200285700,2,1,0,18,0,2,0,0,0,0,4,1,4,1,11,3,-1,-1,-1,3,1,3
2018200285764,1,9,0,1,0,1,0,0,0,0,2,1,6,1,-1,-1,1910,2,12,-1,-1,-1
2018200285781,1,9,0,6,0,0,0,0,0,0,4,1,6,1,35,6,2143,2,8,1,1,1
2018200285781,2,9,0,18,0,0,0,0,0,0,1,1,6,2,18,4,1296,1,10,1,1,1
2018200285821,1,9,0,18,0,1,0,0,0,0,1,1,6,3,-1,-1,1968,2,7,-1,-1,-1
2018200285821,2,9,0,4,0,1,0,0,0,0,2,1,6,1,30,6,-1,-1,-1,2,1,2
2018200285821,3,9,0,18,0,1,0,0,0,0,3,1,6,2,56,9,1598,1,8,1,1,1
2018200285821,4,9,0,18,0,1,0,0,0,0,0,1,1,1,-1,-1,2993,2,1,-1,-1,-1
2018200285860,1,9,0,18,0,1,0,0,0,0,1,1,6,1,26,6,1988,1,17,4,1,4
2018200285860,2,21,0,3,0,1,0,0,0,0,2,1,1,1,50,8,8710,2,3,1,1,1
2018200285945,1,9,0,7,0,5,0,0,0,0,1,1,6,1,18,4,1995,2,4,2,1,2
2018200285945,2,9,0,5,0,6,0,0,0,0,4,1,6,1,20,4,1560,2,5,2,1,2
2018200286027,1,9,0,18,0,1,0,0,0,0,1,1,6,1,-1,-1,-1,-1,-1,-1,-1,-1
2018200286027,2,22,0,5,0,1,0,0,0,0,1,1,6,1,45,7,-1,-1,-1,4,1,4
2018200286030,1,9,0,18,0,0,0,0,0,0,2,1,6,2,-1,-1,1896,2,13,-1,-1,-1
2018200286030,2,9,0,18,0,0,0,0,0,0,1,1,6,1,37,7,1995,2,6,7,1,7
2018200286031,1,9,0,18,0,6,0,0,0,0,1,1,6,1,19,4,1596,1,9,5,1,5
2018200286031,2,9,0,18,0,8,0,10,1,11,1,1,6,2,43,7,1997,1,5,3,1,3
2018200286045,1,11,0,18,0,8,0,0,0,0,1,1,1,1,59,9,4461,2,3,1,1,1
2018200286045,2,1,0,9,0,6,0,0,0,0,3,1,6,1,14,3,-1,-1,-1,3,1,3
2018200286050,1,9,0,5,0,6,0,0,0,0,1,1,3,1,67,10,1461,2,15,1,1,1
2018200286050,2,1,0,18,0,8,0,0,0,0,4,1,6,2,27,6,-1,-1,-1,2,1,2
2018200286060,1,9,0,18,0,1,0,0,0,0,1,1,6,1,27,6,1796,1,16,3,2,3
2018200286060,2,9,0,10,0,1,0,0,0,0,0,1,6,2,43,7,1360,1,11,6,3,6
2018200286060,3,9,0,10,0,1,0,0,0,0,2,1,6,1,63,9,1368,1,3,4,1,4
2018200286060,4,9,0,10,0,1,0,0,0,0,1,1,6,2,51,8,1997,2,4,5,2,5
2018200286065,1,9,0,18,0,0,0,0,0,0,4,1,3,2,28,6,-1,-1,-1,1,1,1
2018200286081,1,3,0,14,0,8,0,0,0,0,1,1,1,1,18,4,124,1,22,3,1,3
2018200286081,2,9,0,9,0,6,0,0,0,0,3,1,6,2,45,7,1242,1,3,2,1,2
2018200286135,1,9,0,18,0,8,0,0,0,0,4,1,1,1,-1,-1,1598,2,1,-1,-1,-1
2018200286135,2,9,0,18,0,8,0,0,0,0,3,1,6,1,25,5,1598,1,8,8,1,8
2018200286179,1,9,0,17,0,0,0,0,0,0,1,1,6,2,56,9,1956,2,3,2,1,2
2018200286179,2,9,0,16,0,0,0,0,0,0,1,1,1,1,60,9,1995,2,14,1,1,1
2018200286181,1,9,0,5,0,0,0,10,1,0,3,1,6,2,19,4,1242,1,6,2,1,2
2018200286181,2,9,0,18,0,0,0,0,0,0,1,1,6,1,24,5,1364,1,13,2,1,2
2018200286181,3,19,0,2,0,0,0,0,0,0,2,1,6,1,-1,-1,1248,2,7,3,1,3
2018200286238,1,9,0,18,0,4,0,0,0,0,1,1,2,1,37,7,1364,1,4,6,1,6
2018200286238,2,9,0,18,0,8,0,0,0,0,4,1,2,2,59,9,993,1,16,8,2,8
2018200286255,1,9,0,5,0,1,0,0,0,0,1,1,6,1,57,9,1799,1,12,6,1,6
2018200286255,2,9,0,18,0,1,0,0,0,0,1,1,6,1,-1,-1,1461,2,2,-1,-1,-1
2018200286290,1,21,1,11,0,0,0,0,0,0,4,1,6,1,31,6,12902,2,2,-1,-1,-1
2018200286290,2,9,0,18,0,0,0,0,0,0,3,1,6,1,50,8,2179,2,5,1,1,1
2018200286450,1,19,0,18,0,0,1,0,0,0,1,1,1,1,53,8,1560,2,3,8,1,8
2018200286450,2,9,0,18,0,0,0,0,0,0,1,1,6,2,33,6,4367,2,3,10,1,10
2018200286455,1,8,0,5,0,1,0,0,0,0,0,1,1,1,47,8,1798,1,8,1,1,1
2018200286455,2,22,0,18,0,1,0,0,0,0,1,1,6,2,29,6,-1,-1,-1,2,1,2
2018200286476,1,9,0,3,0,2,0,0,0,0,2,1,6,2,48,8,998,1,12,6,1,6
2018200286476,2,19,0,7,0,5,0,0,0,0,1,1,6,3,-1,-1,1998,2,16,-1,-1,-1
2018200286492,1,1,0,3,0,0,0,0,0,0,1,1,6,1,28,6,-1,-1,-1,1,1,1
2018200286492,2,9,0,17,0,0,0,0,0,0,3,1,6,1,36,7,1590,1,15,2,1,2
2018200286501,1,9,0,18,0,6,0,0,0,0,3,1,1,1,23,5,2993,2,10,1,1,1
2018200286501,2,9,0,18,0,8,0,0,0,0,1,1,6,1,44,7,1389,1,14,1,1,1
2018200286503,1,9,0,18,0,1,0,0,0,0,1,1,6,1,-1,-1,1560,2,10,-1,-1,-1
2018200286503,2,9,0,3,0,1,0,0,0,0,2,1,6,1,23,5,1968,2,5,5,1,5
2018200286503,3,9,0,3,0,1,0,0,0,0,1,1,6,1,-1,-1,-1,-1,-1,-1,-1,-1
2018200286508,1,9,0,18,0,0,0,0,0,0,1,1,6,1,39,7,2324,1,19,1,1,1
2018200286538,1,9,0,11,0,2,0,10,1,0,3,1,6,1,36,7,1995,2,1,5,1,5
2018200286538,2,9,0,18,0,2,0,0,0,0,1,1,6,1,37,7,1598,2,1,2,1,2
2018200286538,3,9,0,2,9,2,0,0,0,0,2,1,6,3,-1,-1,-1,-1,-1,-1,-1,-1
2018200286572,1,9,0,18,0,6,0,10,7,11,1,1,1,1,30,6,-1,-1,-1,1,1,1
2018200286572,2,9,0,18,0,8,0,0,0,0,3,1,6,2,44,7,1590,1,13,2,1,2
2018200286584,1,9,0,7,0,6,0,0,0,0,1,1,6,3,-1,-1,-1,-1,-1,-1,-1,-1
2018200286584,2,1,0,18,0,8,0,0,0,0,3,1,6,1,37,7,-1,-1,-1,3,1,3
2018200286636,1,9,0,18,0,0,0,10,1,1,1,1,6,3,-1,-1,1998,2,11,-1,-1,-1
2018200286676,1,9,0,5,0,6,0,0,0,0,1,1,2,1,28,6,-1,-1,-1,1,1,1
2018200286676,2,9,0,13,0,8,0,0,0,0,4,1,6,1,42,7,1598,1,15,4,1,4
2018200286682,1,9,0,18,0,4,0,0,0,0,4,1,3,1,41,7,2204,2,10,1,1,1
2018200286682,2,9,0,9,0,4,0,0,0,0,1,1,6,2,34,6,1360,1,12,1,1,1
2018200286684,1,9,0,18,0,8,1,0,0,0,4,1,1,1,47,8,1798,8,5,1,1,1
2018200286684,2,9,0,18,0,8,0,0,0,0,4,1,5,1,30,6,1984,2,9,1,1,1
2018200286690,1,9,0,14,0,0,0,0,0,0,0,1,1,1,48,8,1998,1,11,1,1,1
2018200286690,2,11,0,2,0,0,0,0,0,0,0,1,1,1,-1,-1,7300,2,14,2,1,2
2018200286692,1,3,0,18,0,0,0,0,0,0,3,1,6,1,17,4,124,1,3,7,1,7
2018200286692,2,9,0,1,0,0,0,0,0,0,4,1,6,2,32,6,1968,2,7,-1,-1,-1
2018200286694,1,9,0,18,0,0,0,0,0,0,1,1,6,1,34,6,1798,1,12,1,1,1
2018200286696,1,9,0,18,0,0,0,0,0,0,1,1,6,1,-1,-1,1986,2,11,-1,-1,-1
2018200286699,1,9,0,18,0,0,0,0,0,0,1,1,6,1,-1,-1,-1,-1,-1,-1,-1,-1
2018200286699,2,1,0,18,0,0,0,0,0,0,3,1,1,1,47,8,-1,-1,-1,1,1,1
2018200286704,1,9,0,5,0,0,0,0,0,0,3,1,6,1,42,7,1595,1,13,3,1,3
2018200286704,2,9,0,18,0,0,5,0,0,0,4,1,6,1,29,6,1461,2,12,2,1,2