Accident_Index,Vehicle_Reference,Vehicle_Type,Towing_and_Articulation,Vehicle_Manoeuvre,Vehicle_Location-Restricted_Lane,Junction_Location,Skidding_and_Overturning,Hit_Object_in_Carriageway,Vehicle_Leaving_Carriageway,Hit_Object_off_Carriageway,1st_Point_of_Impact,Was_Vehicle_Left_Hand_Drive?,Journey_Purpose_of_Driver,Sex_of_Driver,Age_of_Driver,Age_Band_of_Driver,Engine_Capacity_(CC),Propulsion_Code,Age_of_Vehicle,Driver_IMD_Decile,Driver_Home_Area_Type,Vehicle_IMD_Decile
2018200286704,3,9,0,18,0,0,0,0,0,0,4,1,6,1,31,6,1242,1,12,3,1,3
2018200286724,1,9,0,17,0,0,0,10,1,4,3,1,6,1,20,4,3200,1,13,8,1,8
2018200286730,1,9,0,9,0,6,0,4,0,0,3,1,6,2,30,6,-1,-1,-1,1,1,1
2018200286730,2,9,0,18,0,1,0,0,0,0,1,1,6,1,34,6,1990,1,19,2,1,2
2018200286730,3,9,0,2,0,8,0,0,0,0,2,1,6,1,43,7,1364,1,11,8,1,8
2018200286795,1,9,0,9,0,3,0,0,0,0,3,1,2,1,65,9,1560,2,5,3,1,3
2018200286799,1,9,0,18,0,1,0,0,0,0,1,1,6,1,-1,-1,-1,-1,-1,-1,-1,-1
2018200286799,2,9,0,3,0,1,0,0,0,0,2,1,6,2,77,11,1248,1,7,2,1,2
2018200286804,1,9,0,18,0,0,0,0,0,0,1,1,6,3,-1,-1,-1,-1,-1,-1,-1,-1
2018200286807,1,9,0,18,0,2,0,4,0,0,1,1,2,1,23,5,1995,2,9,1,1,1
2018200286807,2,9,0,2,0,2,0,4,0,0,2,1,6,3,-1,-1,-1,-1,-1,-1,-1,-1
2018200286807,3,9,0,2,0,2,0,0,0,0,2,1,6,3,-1,-1,-1,-1,-1,-1,-1,-1
2018200286823,1,98,0,18,0,0,0,0,0,0,1,1,1,1,-1,-1,-1,-1,-1,-1,-1,-1
2018200286823,2,9,0,18,0,0,0,0,0,0,2,1,6,2,35,6,1242,1,6,6,1,6
2018200286823,3,9,0,18,0,0,0,0,0,0,4,1,6,2,50,8,1395,1,1,3,1,3
2018200286856,1,9,0,4,0,1,0,0,0,0,1,1,1,2,51,8,1388,1,10,1,1,1
2018200286856,2,19,0,3,0,1,0,0,0,0,2,1,1,1,55,8,2299,2,5,6,1,6
2018200286891,1,9,0,16,0,0,0,0,0,0,1,1,6,1,-1,-1,1396,1,14,-1,-1,-1
2018200286891,2,9,0,17,0,0,0,0,0,0,3,1,6,2,47,8,1598,2,3,4,1,4
2018200286901,1,9,0,18,0,0,0,0,0,0,4,1,6,3,-1,-1,-1,-1,-1,-1,-1,-1
2018200286947,1,9,0,18,0,0,0,0,0,0,1,1,2,2,29,6,-1,-1,-1,2,1,2
2018200286978,1,9,0,18,0,8,0,0,0,0,1,1,6,2,26,6,1390,1,5,1,1,1
2018200286978,2,9,0,3,0,8,0,0,0,0,2,1,6,1,34,6,1560,2,10,3,1,3
2018200287009,1,9,0,18,0,0,0,10,7,0,1,1,6,3,-1,-1,1598,2,3,-1,-1,-1
2018200287022,1,9,0,18,0,1,0,0,0,0,1,1,6,3,-1,-1,1560,2,4,-1,-1,-1
2018200287022,2,9,0,8,0,1,0,0,0,0,2,1,6,2,23,5,1364,1,9,9,1,9
2018200287060,1,9,0,9,0,6,0,0,0,0,1,1,6,1,18,4,1498,1,3,1,1,1
2018200287060,2,9,0,18,0,8,0,10,1,1,3,1,6,1,30,6,2143,2,2,6,1,6
2018200287088,1,19,0,9,0,5,0,0,0,0,1,1,6,1,49,8,1868,2,17,2,1,2
2018200287089,1,9,0,18,0,1,0,0,0,0,2,1,6,1,42,7,2967,2,6,1,1,1
2018200287089,2,9,0,18,0,1,0,0,0,0,1,1,6,3,-1,-1,1390,1,10,-1,-1,-1
2018200287090,1,9,0,18,0,4,1,10,3,0,3,1,6,1,39,7,1598,1,16,1,1,1
2018200287090,2,9,0,18,0,1,0,0,0,0,0,1,1,1,-1,-1,2993,2,2,-1,-1,-1
2018200287090,3,9,0,2,9,2,0,0,0,0,4,1,6,3,-1,-1,1956,2,5,-1,-1,-1
2018200287090,4,9,0,2,9,2,0,0,0,0,4,1,6,3,-1,-1,1590,1,26,-1,-1,-1
2018200287094,1,9,0,18,0,0,0,10,1,4,1,1,6,1,22,5,1997,2,6,2,1,2
2018200287094,2,9,0,18,0,0,0,0,0,0,3,1,6,1,31,6,1910,2,9,1,1,1
2018200287110,1,9,0,5,0,0,0,0,0,0,1,1,6,1,-1,-1,1796,1,14,-1,-1,-1
2018200287110,2,9,0,3,0,0,0,0,0,0,2,1,6,2,33,6,1390,1,13,1,1,1
2018200287125,1,19,0,1,0,0,0,4,0,0,1,1,6,1,55,8,2143,2,5,1,1,1
2018200287125,2,9,0,2,0,0,0,0,0,0,1,1,6,3,-1,-1,998,1,13,-1,-1,-1
2018200287125,3,9,0,2,0,0,0,0,0,0,4,1,6,3,-1,-1,1956,2,7,-1,-1,-1
2018200287155,1,90,0,5,0,6,0,0,0,0,1,1,6,2,-1,-1,-1,-1,-1,-1,-1,-1
2018200287155,2,3,0,18,0,8,0,0,0,0,1,1,6,1,25,5,124,1,6,9,1,9
2018200287186,1,9,0,2,0,0,0,0,0,0,1,1,6,1,-1,-1,1598,1,12,-1,-1,-1
2018200287186,2,23,0,18,0,0,0,8,0,0,1,1,6,1,27,6,-1,-1,-1,1,1,1
2018200287278,1,9,0,11,0,8,0,0,0,0,4,1,1,3,-1,-1,1360,1,15,-1,-1,-1
2018200287278,2,3,0,18,0,8,0,0,0,0,3,1,1,1,33,6,-1,-1,-1,2,1,2
2018200287284,1,9,0,9,0,5,0,0,0,0,1,1,6,1,19,4,1242,1,10,1,1,1
2018200287284,2,9,0,18,0,8,0,0,0,0,1,1,6,1,67,10,1896,2,11,1,1,1
2018200287349,1,9,0,17,0,0,0,0,0,0,3,1,6,1,-1,-1,1968,2,10,-1,-1,-1
2018200287349,2,9,0,16,0,0,0,0,0,0,1,1,6,1,50,8,1968,2,11,2,1,2
2018200287398,1,9,0,18,0,0,0,0,0,0,4,1,6,1,-1,-1,1582,2,3,-1,-1,-1
2018200287398,2,1,0,18,0,0,0,0,0,0,3,1,2,2,35,6,-1,-1,-1,5,1,5
2018200287431,1,9,0,18,0,2,0,0,0,0,3,1,1,1,39,7,1598,2,2,4,1,4
2018200287431,2,9,0,1,0,1,0,7,1,0,4,1,6,1,-1,-1,1396,1,5,-1,-1,-1
2018200287431,3,9,0,1,0,1,0,0,0,0,0,1,6,3,-1,-1,1984,1,16,-1,-1,-1
2018200287448,1,9,0,10,0,8,0,0,0,0,2,1,6,1,38,7,1995,2,13,1,1,1
2018200287448,2,9,0,18,0,8,0,0,0,0,1,1,6,2,-1,-1,1242,1,12,-1,-1,-1
2018200287463,1,9,0,18,0,1,0,0,0,0,1,1,6,2,89,11,1242,1,17,1,1,1
2018200287499,1,9,0,5,0,6,0,0,0,0,1,1,2,1,26,6,1396,1,8,1,1,1
2018200287499,2,9,0,18,0,8,0,10,7,10,1,1,6,1,53,8,-1,-1,-1,2,3,2
2018200287535,1,9,0,9,0,2,0,0,0,0,4,1,6,2,20,4,1560,2,-1,1,1,1
2018200287535,2,9,0,18,0,1,1,0,0,0,1,1,6,1,32,6,998,1,-1,7,1,7
2018200287562,1,9,0,7,0,2,0,0,0,0,1,1,6,3,-1,-1,2198,1,12,-1,-1,-1
2018200287574,1,9,0,18,0,1,0,0,0,0,1,1,6,2,46,8,1598,1,10,1,1,1
2018200287574,2,9,0,9,0,6,0,0,0,0,1,1,6,2,54,8,1896,2,15,4,1,4
2018200287586,1,9,0,7,0,6,0,0,0,0,1,1,6,2,-1,-1,-1,-1,-1,-1,-1,-1
2018200287586,2,5,0,18,0,2,0,0,0,0,4,1,6,1,24,5,-1,-1,-1,2,1,2
2018200287591,1,9,0,18,0,1,0,0,0,0,1,1,6,2,-1,-1,1968,2,12,-1,-1,-1
2018200287591,2,9,0,3,0,1,0,0,0,0,2,1,1,1,51,8,1995,2,6,9,1,9
2018200287591,3,9,0,3,0,1,0,0,0,0,2,1,6,1,45,7,1598,1,9,2,1,2
2018200287593,1,9,0,18,0,1,0,0,0,0,0,1,6,1,-1,-1,1149,1,15,4,1,4
2018200287623,1,9,0,18,0,1,0,0,0,0,1,1,6,3,-1,-1,1797,8,9,-1,-1,-1
2018200287623,2,9,0,3,0,1,0,0,0,0,2,1,6,2,52,8,1390,1,7,1,1,1
2018200287657,1,9,0,18,0,1,0,0,0,0,1,1,6,1,29,6,1794,1,14,5,1,5
2018200287657,2,9,0,3,0,1,0,0,0,0,2,1,6,2,33,6,1497,8,5,2,1,2
2018200287690,1,19,0,5,0,6,0,0,0,0,3,1,6,1,-1,-1,2148,2,9,-1,-1,-1
2018200287690,2,19,0,18,0,1,0,0,0,0,1,1,6,1,32,6,1598,2,4,3,1,3
2018200287720,1,9,0,7,0,6,0,0,0,0,3,1,2,1,55,8,1598,1,2,5,1,5
2018200287720,2,1,0,18,0,8,0,0,0,0,1,1,2,1,42,7,-1,-1,-1,4,1,4
2018200287771,1,9,0,18,0,1,0,0,0,0,1,1,6,2,25,5,1998,1,8,-1,-1,-1
2018200287771,2,9,0,7,0,1,0,0,0,0,2,1,6,2,51,8,1389,1,23,1,1,1
2018200287821,1,9,0,18,0,0,0,0,0,0,1,1,6,1,-1,-1,3311,8,13,10,1,10
2018200287832,1,9,0,10,0,1,0,0,0,0,2,1,6,1,26,6,796,1,8,2,1,2
2018200287876,1,9,0,16,0,0,1,0,7,11,1,1,6,1,23,5,1199,1,17,5,1,5
2018200287882,1,19,0,9,0,5,0,0,0,0,3,1,6,3,-1,-1,1968,2,1,-1,-1,-1
2018200287882,2,1,0,13,0,8,0,0,0,0,1,1,6,1,40,7,-1,-1,-1,1,1,1
2018200287912,1,9,0,3,0,0,0,0,0,0,2,1,6,1,56,9,2993,2,2,10,1,10
2018200287912,2,9,0,3,0,0,0,0,0,0,2,1,6,1,54,8,1364,1,2,2,1,2
2018200287912,3,9,0,4,0,0,0,0,0,0,1,1,6,2,23,5,1349,1,9,2,1,2
2018200287942,1,90,0,18,0,1,0,0,0,0,0,1,6,3,-1,-1,-1,-1,-1,-1,-1,-1
2018200288005,1,9,0,18,0,2,0,10,1,2,1,1,6,1,31,6,-1,-1,-1,1,1,1
2018200288211,1,9,0,18,0,0,0,0,0,0,3,1,6,3,-1,-1,-1,-1,-1,-1,-1,-1
2018200288211,2,9,0,18,0,0,0,0,0,0,3,1,6,1,34,6,1781,1,16,4,1,4
2018200288244,1,9,0,7,0,3,0,0,0,0,1,1,6,1,-1,-1,-1,-1,-1,-1,-1,-1
2018200288271,1,8,0,18,0,0,0,0,0,0,0,1,6,1,59,9,1997,2,10,-1,-1,-1
2018200288336,1,19,0,18,0,0,0,0,0,0,1,1,6,1,35,6,1995,2,1,4,1,4
2018200288336,2,21,1,18,0,0,0,0,0,0,2,1,6,1,42,7,12809,2,4,3,1,3
2018200288365,1,18,1,16,1,2,0,0,0,0,1,1,1,1,33,6,-1,-1,-1,4,1,4
2018200288391,1,9,0,18,0,6,0,0,0,0,1,1,6,3,-1,-1,1242,1,13,-1,-1,-1
2018200288391,2,9,0,18,0,8,0,0,0,0,4,1,6,1,29,6,1497,8,5,1,1,1
2018200288589,1,9,0,18,0,2,0,10,7,1,1,1,6,3,-1,-1,998,1,3,-1,-1,-1
2018200288603,1,9,0,18,0,1,0,0,0,0,1,1,6,1,-1,-1,1560,2,10,-1,-1,-1
2018200288603,2,9,0,3,0,1,0,0,0,0,2,1,6,1,44,7,1596,1,13,3,1,3
2018200288640,1,9,0,15,0,1,0,0,0,0,1,1,6,1,20,4,1240,1,14,-1,-1,-1
2018200288640,2,9,0,7,0,1,0,0,0,0,4,1,6,1,-1,-1,1339,1,12,1,1,1
2018200288651,1,9,0,4,0,0,0,0,0,0,3,1,6,2,55,8,1560,2,2,1,1,1
2018200288651,2,19,0,16,0,0,0,0,0,0,3,1,6,3,-1,-1,2143,2,5,-1,-1,-1
2018200288842,1,9,0,18,0,0,0,0,0,0,1,1,6,1,71,10,1364,1,1,9,2,9
2018200288870,1,9,0,4,0,2,0,0,0,0,1,1,6,1,-1,-1,1598,1,8,10,1,10
2018200289074,1,9,0,18,0,3,1,0,0,0,4,1,6,2,24,5,998,1,6,1,1,1
2018200289074,2,9,0,18,0,4,0,0,0,0,1,1,6,1,-1,-1,1560,2,8,4,1,4
2018200289122,1,9,0,13,0,3,0,0,0,0,1,1,6,1,-1,-1,4395,1,7,-1,-1,-1
2018200289122,2,9,0,18,0,8,0,0,0,0,3,1,6,2,40,7,998,1,5,9,1,9
2018200289135,1,19,0,10,0,8,0,0,0,0,2,1,1,2,40,7,1560,2,-1,5,1,5
2018200289135,2,19,0,18,0,8,1,0,0,0,1,1,6,3,-1,-1,1998,2,15,-1,-1,-1
2018200289162,1,9,0,13,0,1,0,4,7,11,1,1,1,1,44,7,1998,1,11,1,1,1
2018200289162,2,9,0,9,0,1,0,0,0,0,0,1,6,1,29,6,-1,-1,-1,3,1,3
2018200289162,3,9,0,2,9,2,0,0,0,0,2,1,6,1,-1,-1,2148,2,9,4,1,4
2018200289162,4,9,0,2,9,2,0,0,0,0,4,1,6,2,-1,-1,1360,1,9,3,1,3
2018200289162,5,9,0,2,0,2,0,0,0,0,3,1,6,2,-1,-1,1398,1,2,5,1,5
2018200289299,1,9,0,4,0,2,0,0,0,0,1,1,6,1,32,6,1364,1,1,2,1,2
2018200289299,2,19,0,4,0,1,0,0,0,0,2,1,6,1,59,9,1995,2,11,2,1,2
2018200289342,1,9,0,18,0,0,0,0,0,0,1,1,6,1,37,7,1968,2,11,1,1,1
2018200289364,1,1,0,18,0,8,2,0,0,0,4,1,6,1,56,9,-1,-1,-1,2,1,2
2018200289364,2,9,0,18,0,4,0,0,0,0,3,1,6,1,55,8,1995,2,4,7,3,7
2018200289420,1,9,0,18,0,0,0,0,0,0,1,1,6,3,29,6,1560,2,12,3,1,3
2018200289420,2,9,0,4,0,0,0,0,0,0,2,1,6,1,56,9,1984,1,14,5,1,5
2018200289465,1,9,0,9,0,5,0,0,0,0,4,1,6,1,36,7,1399,2,10,1,1,1
2018200289465,2,3,0,15,0,8,0,0,0,0,1,1,6,1,19,4,124,1,1,1,1,1
2018200289471,1,9,0,18,0,1,0,0,0,0,1,1,6,3,-1,-1,4395,1,6,-1,-1,-1
2018200289471,2,9,0,3,0,1,0,0,0,0,2,1,6,2,26,6,998,1,4,10,1,10
2018200289522,1,9,0,18,0,8,0,0,0,0,1,1,3,2,29,6,1598,1,7,4,1,4
2018200289522,2,9,0,10,0,8,0,0,0,0,2,1,6,1,34,6,1968,2,10,2,1,2
2018200289538,1,9,0,3,0,1,0,0,0,0,2,1,6,2,28,6,1339,1,5,3,1,3
2018200289538,2,9,0,18,0,1,0,0,0,0,1,1,6,1,-1,-1,1399,2,15,-1,-1,-1
2018200289544,1,9,0,9,0,6,0,0,0,0,1,1,6,2,27,6,1560,2,6,3,1,3
2018200289544,2,9,0,18,0,8,0,0,0,0,4,1,6,1,63,9,-1,-1,-1,5,1,5
2018200289681,1,9,0,5,0,8,0,0,0,0,1,1,1,1,47,8,1997,2,5,2,1,2
2018200289681,2,5,0,9,0,8,0,0,0,0,1,1,2,1,28,6,749,1,9,3,1,3
2018200289789,1,9,0,18,0,2,0,0,0,0,3,1,6,2,37,7,-1,-1,-1,1,1,1
2018200289842,1,9,0,18,0,8,0,0,0,0,1,1,1,1,44,7,1560,2,13,1,1,1
2018200289845,1,9,0,11,0,1,0,0,0,0,1,1,6,3,-1,-1,1995,2,9,-1,-1,-1
2018200289845,2,9,0,11,0,1,0,0,0,0,2,1,6,1,35,6,1968,2,6,2,1,2
2018200289853,1,9,0,18,0,0,2,0,1,6,1,1,6,2,37,7,1781,1,16,2,1,2
2018200289879,1,9,0,18,0,2,0,0,0,0,3,1,6,1,28,6,1896,2,13,1,1,1
2018200289879,2,9,0,18,0,2,0,0,0,0,4,1,6,1,-1,-1,2993,2,5,-1,-1,-1
2018200289879,3,9,0,18,0,2,0,0,0,0,1,1,6,1,-1,-1,1968,2,2,-1,-1,-1
2018200289972,1,9,0,18,0,2,0,0,0,0,3,1,6,3,-1,-1,-1,-1,-1,-1,-1,-1
2018200289972,2,9,0,18,0,1,0,0,0,0,3,1,6,1,22,5,2143,2,4,9,1,9
2018200290068,1,9,0,18,0,1,1,0,7,10,1,1,6,2,22,5,1968,2,8,-1,-1,-1
2018200290068,2,9,0,18,0,2,1,0,7,10,2,1,6,1,42,7,2687,1,13,6,3,6
2018200290095,1,9,0,4,0,1,0,0,0,0,1,1,6,2,36,7,2987,2,5,1,1,1
2018200290095,2,9,0,3,0,1,0,0,0,0,2,1,6,2,24,5,1598,1,12,7,1,7
2018200290095,3,9,0,4,0,1,0,0,0,0,2,1,6,2,58,9,1769,1,13,8,1,8
2018200290160,1,9,0,13,0,2,5,0,0,0,4,1,6,2,20,4,1799,1,12,3,1,3
2018200290160,2,9,0,18,0,2,0,0,0,0,3,1,6,1,39,7,1461,2,2,9,1,9
2018200290219,1,9,0,18,0,0,0,0,0,0,4,1,6,2,46,8,1598,1,9,1,1,1
2018200290257,1,9,0,15,0,2,0,0,0,0,1,1,6,3,-1,-1,1598,2,2,-1,-1,-1
2018200290257,2,9,0,18,0,1,0,0,0,0,4,1,2,1,23,5,1198,1,11,1,1,1
2018200290257,3,9,0,18,0,1,0,0,0,0,0,1,1,1,-1,-1,2993,2,1,-1,-1,-1
2018200290267,1,9,0,5,0,3,0,0,0,0,0,1,6,2,-1,-1,-1,-1,-1,-1,-1,-1
2018200290267,2,9,0,4,0,4,0,0,0,0,0,1,6,1,-1,-1,1968,2,6,-1,-1,-1
2018200290281,1,9,0,18,0,0,0,0,5,0,1,1,6,1,23,5,-1,-1,-1,4,1,4
2018200290281,2,9,0,2,6,0,0,0,2,0,3,1,6,1,34,6,3200,2,4,2,1,2
2018200290332,1,9,0,18,0,8,1,4,7,11,1,1,6,1,29,6,1896,2,14,-1,-1,-1
2018200290332,2,20,0,18,0,8,0,0,0,0,3,1,1,1,47,8,2998,2,2,7,1,7
2018200290332,3,9,0,2,9,2,0,0,0,0,2,1,5,3,-1,-1,1799,1,11,-1,-1,-1
2018200290352,1,9,0,17,0,8,5,10,1,4,4,1,6,1,33,6,1582,2,4,1,1,1
2018200290373,1,9,0,18,0,0,0,4,0,0,1,1,6,2,53,8,1582,2,6,10,1,10
2018200290373,2,9,0,18,0,0,0,0,0,0,2,1,1,1,45,7,1560,2,9,3,1,3
2018200290378,1,9,0,9,0,5,0,0,0,0,1,1,2,2,40,7,2400,2,2,1,1,1
2018200290378,2,1,0,18,0,8,0,0,0,0,3,1,6,1,36,7,-1,-1,-1,1,1,1
2018200290631,1,9,0,3,0,8,0,0,0,0,1,1,3,1,-1,-1,-1,-1,-1,-1,-1,-1
2018200290654,1,97,0,18,0,8,0,0,0,0,1,1,6,1,-1,-1,-1,-1,-1,-1,-1,-1
2018200290725,1,9,0,18,0,1,0,0,0,0,1,1,6,1,28,6,2099,2,13,2,1,2
2018200290725,2,9,0,9,0,8,0,0,0,0,1,1,6,1,29,6,1398,1,13,1,1,1
2018200290735,1,9,0,18,0,3,0,0,0,0,1,1,6,1,-1,-1,-1,-1,-1,-1,-1,-1
2018200290765,1,9,0,18,0,0,0,4,0,0,1,1,6,1,23,5,1686,2,16,2,1,2
2018200290765,2,9,0,2,0,0,0,10,1,0,2,1,5,2,46,8,1339,1,14,1,1,1
2018200290765,3,9,0,2,0,0,0,0,0,0,2,1,5,1,37,7,1910,2,11,1,1,1
2018200290765,4,9,0,2,0,0,0,0,0,0,2,1,5,1,37,7,1900,2,12,1,1,1
2018200290781,1,9,0,1,0,2,0,4,0,0,2,1,6,1,-1,-1,1896,2,18,-1,-1,-1
2018200290781,2,9,0,2,0,8,0,0,0,0,2,1,6,1,30,6,2364,1,10,3,1,3
2018200290797,1,9,0,9,0,5,0,0,0,0,4,1,6,3,-1,-1,-1,-1,-1,-1,-1,-1
2018200290797,2,9,0,9,0,8,0,0,0,0,3,1,6,1,21,5,1686,2,11,2,1,2
2018200290808,1,9,0,9,0,6,0,0,7,10,0,1,6,1,-1,-1,1895,1,18,-1,-1,-1
2018200290808,2,9,0,18,0,8,0,0,0,0,2,1,6,2,30,6,1497,1,14,1,1,1
2018200290819,1,9,0,18,0,8,1,10,1,10,1,1,6,1,21,5,1998,2,11,2,1,2
2018200290819,2,9,0,9,0,5,1,0,0,0,1,1,6,1,67,10,1598,1,6,10,1,10
2018200290819,3,9,0,18,0,8,0,0,0,0,0,1,6,1,20,4,1399,1,1,2,1,2
2018200290887,1,9,0,9,0,8,0,0,0,0,4,1,6,1,45,7,1597,2,4,7,1,7
2018200290887,2,9,0,18,0,8,0,0,0,0,1,1,6,2,40,7,1598,1,17,2,1,2
2018200290919,1,9,0,18,0,0,0,4,0,0,1,1,6,1,20,4,1796,1,8,1,1,1
2018200290919,2,9,0,18,0,0,0,0,0,0,1,1,6,2,52,8,1598,1,11,7,2,7
2018200290919,3,90,0,2,0,0,0,0,0,0,4,1,6,1,61,9,-1,-1,-1,1,1,1
2018200290928,1,9,0,18,0,6,0,7,1,0,3,1,6,3,-1,-1,1600,1,13,-1,-1,-1
2018200290928,2,9,0,18,0,8,0,0,0,0,1,1,6,1,40,7,1461,2,12,5,1,5
2018200291002,1,9,0,18,0,8,0,0,0,0,0,1,6,2,28,6,1968,2,11,1,1,1
2018200291002,2,9,0,9,0,6,0,0,0,0,4,1,6,1,48,8,999,1,3,7,1,7
2018200291040,1,9,0,7,0,6,0,0,0,0,1,1,6,3,-1,-1,2497,2,20,-1,-1,-1
2018200291040,2,9,0,18,0,8,0,0,0,0,2,1,6,1,42,7,2231,2,13,5,1,5
2018200291047,1,9,0,18,0,1,2,10,5,0,1,1,6,1,-1,-1,2000,2,13,-1,-1,-1
2018200291047,2,9,0,12,0,1,0,0,1,5,2,1,6,2,74,10,1590,1,15,2,1,2
2018200291113,1,9,0,18,0,1,0,0,0,0,1,1,6,1,60,9,-1,-1,-1,-1,-1,-1
2018200291138,1,9,0,12,0,2,0,0,0,0,3,1,6,1,-1,-1,698,1,15,-1,-1,-1
2018200291138,2,9,0,18,0,2,0,0,0,0,4,1,6,1,29,6,1560,2,10,5,2,5
2018200291166,1,9,0,3,0,0,0,0,0,0,2,1,6,2,53,8,2143,2,5,8,2,8
2018200291166,2,9,0,3,0,0,0,0,0,0,1,1,1,1,55,8,1560,2,1,3,1,3
2018200291166,3,9,0,3,0,0,0,0,0,0,1,1,6,2,35,6,998,1,2,2,1,2
2018200291166,4,19,0,18,0,0,0,0,0,0,1,1,1,1,34,6,2198,2,3,7,2,7
2018200291226,1,9,0,18,0,8,0,0,0,0,1,1,6,2,19,4,998,1,-1,3,1,3
2018200291226,2,9,0,9,0,6,0,0,0,0,3,1,6,1,-1,-1,2967,2,6,2,1,2
2018200291401,1,9,0,9,0,6,0,0,0,0,1,1,6,1,-1,-1,1598,1,10,-1,-1,-1
2018200291401,2,1,0,18,9,8,0,0,0,0,3,1,6,2,44,7,-1,-1,-1,4,1,4
2018200291421,1,9,0,18,0,8,0,0,0,0,1,1,6,3,-1,-1,-1,-1,-1,-1,-1,-1
2018200291479,1,9,0,7,0,6,1,10,7,4,3,1,6,1,35,6,2261,1,11,1,1,1
2018200291479,2,9,0,18,0,1,0,0,0,0,0,1,1,1,29,6,1598,2,1,2,1,2
2018200291489,1,9,0,13,0,1,0,0,1,3,4,1,6,1,-1,-1,1995,2,10,-1,-1,-1
2018200291489,2,9,0,18,0,1,0,0,0,0,3,1,6,1,23,5,999,1,3,1,-1,1
2018200291635,1,1,0,18,0,5,0,0,0,0,4,1,6,1,18,4,-1,-1,-1,1,1,1
2018200291635,2,5,0,18,0,2,0,0,0,0,1,1,6,1,58,9,800,1,7,10,2,10
2018200291664,1,9,0,9,0,6,0,0,0,0,1,1,1,2,42,7,1969,2,1,4,1,4
2018200291664,2,3,0,18,0,8,0,0,0,0,1,1,1,1,44,7,125,1,3,1,1,1
2018200291710,1,9,0,18,0,0,1,0,0,0,3,1,6,1,38,7,1896,2,13,3,1,3
2018200291710,2,9,0,5,0,0,0,0,0,0,3,1,6,2,21,5,998,1,-1,1,1,1
2018200291740,1,9,0,18,0,2,0,0,0,0,4,1,6,1,19,4,1560,2,12,4,1,4
2018200291797,1,9,0,9,0,6,0,0,0,0,3,1,6,3,-1,-1,-1,-1,-1,-1,-1,-1
2018200291797,2,9,0,18,0,8,0,0,0,0,1,1,6,1,30,6,1896,2,12,1,1,1
2018200291800,1,9,0,18,0,8,0,0,0,0,1,1,6,1,-1,-1,1248,2,10,-1,-1,-1
2018200291800,2,9,0,5,0,4,0,0,0,0,2,1,6,1,32,6,2993,2,1,1,1,1
2018200291852,1,9,0,18,0,8,0,0,0,0,1,1,6,1,-1,-1,-1,-1,-1,-1,-1,-1
2018200291852,2,9,0,10,0,8,0,0,0,0,2,1,6,1,27,6,1242,1,12,2,1,2
2018200291858,1,9,0,4,0,0,1,0,0,0,2,1,3,2,41,7,898,1,4,1,1,1
2018200291858,2,19,0,18,0,0,0,0,0,0,1,1,6,3,-1,-1,1997,2,3,-1,-1,-1
2018200291863,1,9,0,1,0,0,0,0,0,0,2,1,6,2,37,7,1999,2,2,7,1,7
2018200291863,2,9,0,2,0,0,0,0,0,0,1,1,6,1,31,6,1590,1,13,6,1,6
2018200291874,1,9,0,18,0,8,0,0,0,0,1,1,6,1,-1,-1,1995,1,7,-1,-1,-1
2018200291874,2,9,0,18,0,8,0,0,0,0,3,1,6,1,21,5,1968,2,2,8,3,8
2018200291896,1,19,0,18,0,8,0,0,0,0,1,1,6,1,31,6,1598,2,2,2,1,2
2018200291896,2,9,0,18,0,8,0,0,0,0,4,1,6,1,21,5,2435,1,16,1,1,1
2018200291904,1,9,0,7,0,5,0,0,0,0,4,1,6,2,35,6,999,1,1,1,1,1
2018200291904,2,9,0,18,0,8,0,0,0,0,1,1,6,2,-1,-1,-1,-1,-1,-1,-1,-1
2018200291956,1,9,0,4,0,0,0,0,0,0,1,1,6,1,35,6,1968,2,13,4,1,4
2018200291956,2,9,0,4,0,0,0,0,0,0,2,1,6,1,40,7,1794,7,13,1,1,1
2018200291971,1,9,0,18,0,0,0,0,0,0,1,1,5,1,35,6,2993,2,1,3,-1,3
2018200291971,2,19,0,18,0,0,0,0,0,0,3,1,1,1,49,8,2198,2,3,1,1,1
2018200291973,1,9,0,9,0,2,0,7,0,0,4,1,6,1,85,11,2295,1,19,6,1,6
2018200291990,1,9,0,8,0,4,0,0,0,0,2,1,6,1,55,8,2148,2,13,8,1,8
2018200291990,2,9,0,16,0,1,0,10,0,0,1,1,6,2,58,9,1398,2,12,7,1,7
2018200292043,1,9,0,3,0,1,0,0,0,0,2,1,6,2,38,7,998,1,2,5,1,5
2018200292043,2,9,0,18,0,1,0,0,0,0,1,1,6,3,-1,-1,1149,1,10,-1,-1,-1
2018200292255,1,21,0,18,0,8,0,0,0,0,1,1,1,1,45,7,12740,2,5,8,1,8
2018200292255,2,9,0,10,0,8,0,0,0,0,2,1,6,2,82,11,1199,1,16,6,1,6
2018200292256,1,97,0,18,0,0,0,0,0,0,1,1,6,3,-1,-1,-1,-1,-1,-1,-1,-1
2018200292280,1,19,0,7,0,3,0,0,0,0,1,1,1,3,-1,-1,1248,2,5,-1,-1,-1
2018200292280,2,1,0,7,0,3,1,0,0,0,2,1,2,2,24,5,-1,-1,-1,8,1,8
2018200292294,1,9,0,18,0,0,0,0,0,0,1,1,6,1,73,10,1968,2,1,4,1,4