Accident_Index,Vehicle_Reference,Vehicle_Type,Towing_and_Articulation,Vehicle_Manoeuvre,Vehicle_Location-Restricted_Lane,Junction_Location,Skidding_and_Overturning,Hit_Object_in_Carriageway,Vehicle_Leaving_Carriageway,Hit_Object_off_Carriageway,1st_Point_of_Impact,Was_Vehicle_Left_Hand_Drive?,Journey_Purpose_of_Driver,Sex_of_Driver,Age_of_Driver,Age_Band_of_Driver,Engine_Capacity_(CC),Propulsion_Code,Age_of_Vehicle,Driver_IMD_Decile,Driver_Home_Area_Type,Vehicle_IMD_Decile
2018200292332,1,9,0,18,0,8,0,0,0,0,1,1,2,1,40,7,1461,2,12,1,1,1
2018200292332,2,9,0,9,0,8,5,0,0,0,4,1,2,1,31,6,1998,1,13,5,1,5
2018200292336,1,5,0,18,0,0,0,0,0,0,1,1,6,1,57,9,955,1,16,2,1,2
2018200292350,1,9,0,18,0,8,0,0,0,0,4,1,2,2,23,5,1598,2,4,3,1,3
2018200292350,2,9,0,18,0,4,0,0,0,0,1,1,1,1,36,7,-1,-1,-1,6,2,6
2018200292357,1,9,0,18,0,0,0,4,2,4,1,1,6,2,34,6,1598,1,14,1,1,1
2018200292357,2,9,0,2,9,0,0,0,0,0,3,1,5,2,34,6,-1,-1,-1,6,1,6
2018200292357,3,9,0,2,0,0,0,0,0,0,2,1,5,2,21,5,998,1,11,1,1,1
2018200292357,4,9,0,2,0,0,0,0,0,0,4,1,5,3,-1,-1,973,1,15,-1,-1,-1
2018200292364,1,9,0,18,0,0,0,0,0,0,2,1,6,3,-1,-1,-1,-1,-1,-1,-1,-1
2018200292364,2,9,0,10,0,0,0,0,0,0,1,1,6,1,53,8,1598,1,10,1,1,1
2018200292383,1,9,0,18,0,0,0,0,0,0,1,1,6,1,-1,-1,1390,1,7,4,1,4
2018200292383,2,9,0,18,0,0,0,0,0,0,2,1,6,2,20,4,1248,2,3,8,1,8
2018200292472,1,9,0,12,0,6,0,0,0,0,4,1,6,3,-1,-1,1796,1,17,-1,-1,-1
2018200292472,2,9,0,18,0,8,1,10,4,10,3,1,2,2,24,5,1149,1,10,4,1,4
2018200292498,1,9,0,9,0,6,0,10,7,10,1,1,6,2,78,11,1199,1,16,2,1,2
2018200292498,2,9,0,18,0,8,0,0,0,0,3,1,6,1,55,8,1298,1,17,1,1,1
2018200292522,1,9,0,18,0,4,0,0,0,0,1,1,6,3,-1,-1,6208,1,10,-1,-1,-1
2018200292522,2,1,0,18,0,8,0,0,0,0,4,1,6,1,26,6,-1,-1,-1,1,1,1
2018200292527,1,9,0,9,0,5,0,0,0,0,2,1,6,2,32,6,1896,2,11,2,1,2
2018200292527,2,9,0,10,0,1,0,0,0,0,1,1,6,2,52,8,1229,1,5,1,1,1
2018200292527,3,9,0,18,0,1,0,0,0,0,1,1,1,1,-1,-1,1598,2,1,-1,-1,-1
2018200292614,1,9,0,5,9,0,0,0,0,0,4,1,6,3,-1,-1,-1,-1,-1,-1,-1,-1
2018200292652,1,5,0,18,0,2,1,4,0,0,4,1,6,1,28,6,599,1,14,1,1,1
2018200292652,2,9,0,2,0,1,0,0,0,0,4,1,6,2,39,7,1398,1,6,-1,-1,-1
2018200292682,1,9,0,1,0,0,0,0,0,0,2,1,6,1,69,10,2446,2,18,6,1,6
2018200292686,1,9,0,11,0,0,0,0,0,0,1,1,6,3,-1,-1,-1,-1,-1,-1,-1,-1
2018200292686,2,3,0,18,0,0,0,0,0,0,4,1,6,1,23,5,125,1,7,1,1,1
2018200292715,1,9,0,16,0,1,1,4,1,10,1,1,2,1,62,9,1995,2,10,2,1,2
2018200292715,2,9,0,2,0,1,0,0,0,0,4,1,2,1,61,9,1598,1,14,1,1,1
2018200292735,1,9,0,18,0,0,0,0,0,0,1,1,6,3,-1,-1,-1,-1,-1,-1,-1,-1
2018200292735,2,1,0,18,0,0,0,0,0,0,2,1,6,1,59,9,-1,-1,-1,3,1,3
2018200292750,1,9,0,18,0,8,0,0,0,0,1,1,6,1,96,11,1598,1,14,5,1,5
2018200292750,2,9,0,18,0,8,0,0,0,0,1,1,6,1,54,8,1242,1,4,7,1,7
2018200292751,1,9,0,9,0,6,0,0,0,0,1,1,6,3,-1,-1,1229,1,8,-1,-1,-1
2018200292751,2,9,0,18,0,8,0,0,0,0,3,1,6,3,-1,-1,1794,1,11,-1,-1,-1
2018200292793,1,9,0,18,0,0,0,4,0,0,1,1,6,1,36,7,1560,2,4,8,2,8
2018200292793,2,9,0,18,0,0,0,0,0,0,1,1,1,1,27,6,1591,1,-1,2,1,2
2018200292793,3,9,0,2,0,0,0,0,0,0,2,1,6,1,23,5,1461,2,1,1,1,1
2018200292798,1,9,0,4,0,0,0,10,7,0,1,1,6,1,81,11,1997,2,7,9,1,9
2018200292804,1,9,0,18,0,5,0,0,0,0,4,1,6,1,54,8,2776,2,12,1,1,1
2018200292804,2,9,0,14,0,8,0,0,0,0,1,1,6,1,-1,-1,1560,2,7,-1,-1,-1
2018200292815,1,21,1,18,0,0,0,0,0,0,4,1,6,1,57,9,12419,2,5,3,1,3
2018200292815,2,98,1,4,0,0,0,0,0,0,3,1,6,1,51,8,-1,-1,-1,1,1,1
2018200292845,1,9,0,18,0,0,0,0,0,0,1,1,6,1,25,5,1595,1,13,-1,-1,-1
2018200292845,2,9,0,3,0,0,0,0,0,0,3,1,2,2,57,9,998,1,5,1,1,1
2018200292856,1,9,0,18,0,6,0,0,0,0,1,1,6,1,20,4,1998,2,14,7,1,7
2018200292856,2,9,0,18,0,8,0,0,0,0,1,1,6,1,28,6,1360,1,11,2,1,2
2018200292866,1,8,0,5,0,8,0,0,0,0,3,1,6,1,56,9,1997,2,5,3,1,3
2018200292867,1,9,0,1,9,8,0,0,0,0,2,1,3,2,35,6,1598,1,8,10,1,10
2018200292870,1,9,0,16,0,0,0,0,0,0,1,1,6,2,37,7,1686,2,10,3,1,3
2018200292870,2,9,0,17,0,0,0,0,0,0,1,1,3,1,39,7,1995,2,6,3,1,3
2018200292877,1,9,0,14,0,8,0,10,1,10,4,1,6,1,-1,-1,1910,2,10,-1,-1,-1
2018200292877,2,9,0,9,0,8,0,0,0,0,3,1,6,1,54,8,1910,2,11,1,1,1
2018200292895,1,4,0,18,0,8,0,0,0,0,4,1,6,1,18,4,-1,-1,-1,5,1,5
2018200292895,2,9,0,9,0,5,0,0,0,0,3,1,6,1,29,6,1248,2,11,1,1,1
2018200292900,1,9,0,8,0,1,0,0,0,0,3,1,2,1,35,6,1742,1,9,9,1,9
2018200292900,2,9,0,9,0,8,0,0,0,0,4,1,6,1,-1,-1,1461,2,5,9,1,9
2018200292900,3,9,0,18,0,1,0,0,0,0,3,1,6,2,-1,-1,1399,2,7,4,1,4
2018200292900,4,9,0,8,0,1,0,0,0,0,1,1,6,3,-1,-1,1968,2,4,-1,-1,-1
2018200292906,1,9,0,18,0,8,0,0,0,0,1,1,6,1,65,9,1600,1,17,4,1,4
2018200292906,2,9,0,5,0,6,0,0,0,0,1,1,6,2,33,6,1598,1,13,6,1,6
2018200292932,1,9,0,6,0,1,0,0,0,0,4,1,3,2,29,6,1360,1,15,1,1,1
2018200292932,2,9,0,18,0,1,0,0,0,0,1,1,6,1,28,6,2987,2,3,4,1,4
2018200292962,1,9,0,18,0,0,0,4,0,0,1,1,6,1,48,8,1997,2,10,6,1,6
2018200292962,2,9,0,2,0,0,0,0,0,0,2,1,6,3,-1,-1,1598,2,1,3,1,3
2018200292980,1,9,0,18,0,8,0,10,1,11,1,1,6,1,-1,-1,1995,2,15,-1,-1,-1
2018200293010,1,9,0,5,0,0,0,0,0,0,1,1,6,1,50,8,2496,2,15,9,1,9
2018200293010,2,9,0,4,0,0,0,0,0,0,2,1,6,1,48,8,2143,2,3,3,1,3
2018200293010,3,9,0,4,0,0,0,0,0,0,2,1,6,1,-1,-1,1968,2,5,-1,-1,-1
2018200293010,4,9,0,4,0,0,0,0,0,0,2,1,6,2,32,6,1398,1,5,1,1,1
2018200293076,1,1,0,18,9,0,0,0,0,0,1,1,6,3,-1,-1,-1,-1,-1,-1,-1,-1
2018200293076,2,1,0,18,9,0,0,0,0,0,1,1,6,3,-1,-1,-1,-1,-1,-1,-1,-1
2018200293083,1,9,0,16,0,0,0,10,7,11,2,1,6,2,66,10,1390,1,8,6,1,6
2018200293083,2,9,0,16,0,0,0,0,0,0,1,1,6,1,27,6,1229,1,5,8,1,8
2018200293086,1,9,0,18,0,8,0,10,2,0,1,1,1,1,49,8,2143,2,3,5,1,5
2018200293086,2,1,0,7,0,8,0,10,1,0,1,1,1,1,-1,-1,-1,-1,-1,7,1,7
2018200293113,1,19,0,14,0,1,0,4,0,0,4,1,6,1,33,6,1968,2,1,2,1,2
2018200293113,2,19,0,2,0,1,0,0,0,0,3,1,6,1,68,10,2198,2,5,2,1,2
2018200293113,3,9,0,2,0,1,0,0,0,0,3,1,6,2,26,6,1198,1,7,7,2,7
2018200293152,1,9,0,9,0,5,0,0,0,0,1,1,6,2,26,6,999,1,2,2,1,2
2018200293164,1,9,0,18,0,6,0,0,0,0,1,1,6,2,44,7,1590,1,14,4,1,4
2018200293164,2,9,0,18,0,8,0,0,0,0,0,1,6,2,30,6,1598,1,10,3,1,3
2018200293170,1,9,0,14,0,8,0,0,0,0,1,1,6,3,-1,-1,1668,7,16,-1,-1,-1
2018200293170,2,9,0,10,0,8,0,0,0,0,3,1,1,2,24,5,1598,1,11,7,1,7
2018200293186,1,9,0,18,0,6,0,10,3,0,1,1,6,1,91,11,2148,2,16,5,1,5
2018200293186,2,9,0,18,0,1,0,0,0,0,3,1,6,3,-1,-1,1598,1,14,-1,-1,-1
2018200293186,3,9,0,3,0,1,0,0,0,0,1,1,6,1,36,7,1896,2,14,1,1,1
2018200293186,4,9,0,3,0,1,0,0,0,0,1,1,6,1,56,9,1242,1,2,6,1,6
2018200293186,5,9,0,3,0,1,0,0,0,0,3,1,6,1,50,8,1364,1,5,2,1,2
2018200293186,6,9,0,3,0,1,0,0,0,0,3,1,6,2,41,7,1997,2,8,9,3,9
2018200293202,1,9,0,18,0,1,0,0,0,0,1,1,6,1,21,5,1598,1,8,1,1,1
2018200293202,2,9,0,18,0,3,0,0,0,0,1,1,6,2,32,6,1596,1,4,4,1,4
2018200293223,1,9,0,9,0,8,0,0,0,0,4,1,6,2,32,6,2495,2,14,5,1,5
2018200293223,2,9,0,18,0,8,0,0,0,0,1,1,6,2,22,5,1199,1,15,2,1,2
2018200293253,1,8,0,18,0,1,0,0,0,0,1,1,6,1,-1,-1,1968,2,9,-1,-1,-1
2018200293253,2,9,0,5,0,1,0,0,0,0,2,1,6,1,44,7,1995,1,6,8,3,8
2018200293282,1,9,0,18,0,2,0,0,0,0,1,1,6,1,-1,-1,1598,1,11,-1,-1,-1
2018200293282,2,9,0,7,0,5,0,0,0,0,2,1,6,1,29,6,1499,1,-1,4,1,4
2018200293288,1,11,0,4,0,3,0,10,1,5,1,1,5,1,-1,-1,-1,-1,-1,-1,-1,-1
2018200293298,1,9,0,18,0,0,0,0,0,0,1,1,6,2,28,6,999,1,4,10,1,10
2018200293298,2,9,0,4,0,0,0,0,0,0,2,1,6,2,54,8,1998,1,17,9,1,9
2018200293298,3,9,0,4,0,0,0,0,0,0,2,1,6,2,36,7,1461,2,5,10,1,10
2018200293298,4,9,0,4,0,0,0,0,0,0,2,1,6,2,37,7,1395,1,3,10,1,10
2018200293345,1,9,0,18,0,0,0,0,0,0,1,1,2,1,38,7,1600,1,13,3,1,3
2018200293345,2,9,0,3,0,0,0,0,0,0,2,1,2,1,48,8,1968,2,4,5,1,5
2018200293345,3,9,0,3,0,0,0,0,0,0,2,1,2,2,35,6,1999,2,1,10,1,10
2018200293360,1,9,0,18,0,0,0,0,0,0,1,1,6,2,-1,-1,-1,-1,-1,-1,-1,-1
2018200293361,1,19,0,18,0,0,0,0,0,0,1,1,6,1,49,8,1870,2,12,5,1,5
2018200293365,1,9,0,18,0,0,0,0,0,0,1,1,6,3,-1,-1,1998,2,17,-1,-1,-1
2018200293365,2,9,0,18,0,0,0,0,0,0,1,1,6,1,62,9,1172,1,68,-1,-1,-1
2018200293408,1,1,0,18,0,3,0,0,0,0,4,1,1,1,33,6,-1,-1,-1,2,1,2
2018200293408,2,9,0,18,0,3,0,0,0,0,1,1,6,1,-1,-1,-1,-1,-1,1,1,1
2018200293419,1,9,0,9,0,6,0,0,0,0,3,1,6,1,-1,-1,1200,1,3,2,1,2
2018200293419,2,3,0,18,0,8,0,0,0,0,1,1,6,1,48,8,-1,-1,-1,8,1,8
2018200293455,1,9,0,18,0,0,0,0,0,0,3,1,6,1,-1,-1,1598,2,4,-1,-1,-1
2018200293455,2,9,0,11,0,0,0,0,0,0,4,1,6,1,24,5,1910,2,10,1,1,1
2018200293495,1,9,0,18,0,8,0,4,0,0,1,1,6,3,-1,-1,1242,1,12,-1,-1,-1
2018200293495,2,9,0,18,0,8,0,10,1,10,1,1,6,1,25,5,1198,1,8,1,1,1
2018200293495,3,9,0,2,0,1,0,0,0,0,4,1,6,2,29,6,1240,1,15,1,1,1
2018200293595,1,9,0,18,0,8,0,0,0,0,4,1,6,2,22,5,1399,1,1,3,1,3
2018200293595,2,9,0,7,0,4,0,0,0,0,1,1,6,1,-1,-1,1229,1,9,9,1,9
2018200293604,1,19,0,18,0,1,0,0,0,0,1,1,6,1,59,9,2148,2,10,2,1,2
2018200293604,2,9,0,18,0,8,0,10,0,0,1,1,6,1,56,9,1596,1,11,5,1,5
2018200293604,3,9,0,18,0,6,0,0,0,0,1,1,6,3,-1,-1,-1,-1,-1,-1,-1,-1
2018200293611,1,9,0,18,0,3,0,0,0,0,1,1,6,3,-1,-1,1364,1,8,-1,-1,-1
2018200293611,2,9,0,18,0,3,0,0,0,0,2,1,6,1,42,7,2231,2,12,1,1,1
2018200293627,1,9,0,13,0,0,0,0,0,0,4,1,6,1,35,6,1968,2,8,3,1,3
2018200293677,1,9,0,18,0,1,0,0,0,0,1,1,6,2,-1,-1,-1,-1,-1,-1,-1,-1
2018200293677,2,1,0,18,0,1,0,0,0,0,1,1,6,2,11,3,-1,-1,-1,1,1,1
2018200293687,1,9,0,9,0,6,0,0,0,0,1,1,6,2,51,8,1149,1,11,2,1,2
2018200293687,2,5,0,9,0,8,0,0,0,0,3,1,6,1,61,9,899,1,22,2,1,2
2018200293716,1,9,0,7,0,6,0,0,0,0,1,1,6,1,-1,-1,1796,2,4,-1,-1,-1
2018200293716,2,9,0,18,0,8,0,0,0,0,3,1,6,1,35,6,998,1,8,2,1,2
2018200293752,1,9,0,1,0,1,0,0,0,0,2,1,6,1,-1,-1,1560,2,3,-1,-1,-1
2018200293766,1,9,4,18,0,0,0,0,0,0,3,1,6,1,49,8,2993,2,2,7,3,7
2018200293766,2,9,0,18,0,0,0,0,0,0,1,1,6,1,-1,-1,1229,1,10,2,1,2
2018200293777,1,9,0,18,0,1,0,0,0,0,1,1,6,1,-1,-1,2979,1,2,-1,-1,-1
2018200293777,2,9,0,3,0,1,0,0,0,0,2,1,4,1,18,4,1198,1,5,3,1,3
2018200293790,1,9,0,18,0,8,0,0,0,0,1,1,6,1,-1,-1,1994,1,16,6,1,6
2018200293790,2,9,0,18,0,8,0,0,0,0,2,1,6,2,49,8,1798,8,1,1,1,1
2018200293869,1,19,0,4,0,2,0,0,0,0,2,1,1,1,44,7,2143,2,5,2,1,2
2018200293869,2,1,0,4,0,2,0,0,0,0,2,1,6,1,29,6,-1,-1,-1,4,1,4
2018200293904,1,9,0,18,0,0,0,10,7,11,2,1,6,1,41,7,2967,2,3,2,1,2
2018200293904,2,9,0,12,0,0,0,0,0,0,3,1,6,2,39,7,1969,2,1,7,3,7
2018200293915,1,98,0,18,0,0,0,8,0,0,1,1,6,3,-1,-1,-1,-1,-1,-1,-1,-1
2018200293915,2,9,0,2,0,0,0,0,0,0,4,1,6,2,-1,-1,1499,2,1,7,1,7
2018200293948,1,9,0,18,0,1,0,0,0,0,1,1,6,1,-1,-1,-1,-1,-1,-1,-1,-1
2018200293948,2,9,0,18,0,1,0,0,0,0,2,1,6,2,33,6,1389,1,16,3,1,3
2018200293951,1,9,0,3,0,1,0,0,0,0,2,1,1,1,34,6,1995,2,6,2,1,2
2018200293951,2,9,0,18,0,1,0,0,0,0,1,1,6,2,35,6,1995,2,5,-1,-1,-1
2018200293959,1,9,0,4,0,0,0,0,0,0,1,1,2,1,23,5,1240,1,14,7,1,7
2018200293988,1,9,0,18,0,0,0,0,0,0,1,1,6,3,-1,-1,-1,-1,-1,-1,-1,-1
2018200293995,1,9,0,17,0,2,0,4,0,0,3,1,6,3,-1,-1,1248,2,10,-1,-1,-1
2018200293995,2,9,0,16,0,1,0,0,0,0,3,1,6,1,-1,-1,1339,1,15,4,1,4
2018200293995,3,9,0,2,0,2,0,0,0,0,3,1,6,3,-1,-1,2477,2,14,-1,-1,-1
2018200293995,4,9,0,18,0,1,0,0,0,0,0,1,1,1,-1,-1,2993,2,2,-1,-1,-1
2018200294011,1,9,0,9,0,6,0,0,0,0,1,1,6,2,18,4,1493,2,11,3,1,3
2018200294011,2,9,0,18,0,8,0,10,7,11,1,1,6,2,48,8,1560,2,7,9,1,9
2018200294014,1,9,0,18,0,0,0,0,0,0,1,1,6,1,18,4,998,1,4,2,1,2
2018200294014,2,1,0,18,0,0,0,0,0,0,3,1,6,2,13,3,-1,-1,-1,2,1,2
2018200294037,1,19,0,1,0,0,0,0,0,0,2,1,1,1,58,9,2148,2,11,1,1,1
2018200294038,1,9,0,18,0,0,0,0,0,0,1,1,6,1,49,8,1560,2,4,10,1,10
2018200294038,2,9,0,18,0,0,0,0,0,0,2,1,6,2,37,7,1896,2,12,9,3,9
2018200294054,1,9,0,12,0,0,0,0,0,0,3,1,6,1,-1,-1,1560,2,11,1,1,1
2018200294054,2,9,0,18,0,0,0,0,0,0,4,1,1,2,33,6,1396,1,8,5,1,5
2018200294067,1,9,0,18,0,1,0,10,7,5,1,1,6,1,30,6,1586,1,11,5,1,5
2018200294108,1,9,0,18,0,1,0,0,0,0,1,1,6,1,-1,-1,-1,-1,-1,-1,-1,-1
2018200294194,1,9,0,9,0,5,0,0,0,0,1,1,6,2,45,7,1685,2,5,1,1,1
2018200294194,2,9,0,18,0,1,0,0,0,0,1,1,6,2,-1,-1,-1,-1,-1,-1,-1,-1
2018200294197,1,8,0,1,0,2,0,10,1,2,2,1,6,1,-1,-1,1997,2,11,-1,-1,-1
2018200294206,1,9,0,18,0,6,0,0,0,0,1,1,6,1,41,7,998,1,9,5,2,5
2018200294206,2,9,0,18,0,8,0,0,0,0,1,1,6,2,69,10,998,1,1,10,1,10
2018200294210,1,9,0,17,0,8,0,0,0,0,4,1,6,2,62,9,1242,1,2,7,1,7
2018200294210,2,9,0,9,0,6,0,0,0,0,1,1,6,2,59,9,1242,1,7,3,1,3
2018200294212,1,9,0,9,0,6,0,0,0,0,1,1,6,2,45,7,1389,1,16,2,1,2
2018200294212,2,5,0,9,0,5,0,0,0,0,3,1,6,1,50,8,908,1,31,3,1,3
2018200294220,1,9,0,18,0,0,0,0,0,0,1,1,6,1,-1,-1,1198,1,7,10,1,10
2018200294220,2,9,0,18,0,0,0,0,0,0,2,1,6,1,25,5,1242,1,14,2,1,2
2018200294222,1,9,0,9,0,6,0,0,0,0,2,1,6,1,48,8,1995,2,15,1,1,1
2018200294222,2,9,0,18,0,8,0,0,0,0,1,1,6,1,37,7,1299,1,14,4,1,4
2018200294228,1,9,0,5,0,0,0,0,0,0,4,1,6,2,-1,-1,1390,1,16,2,1,2
2018200294228,2,9,0,18,0,0,0,0,0,0,1,1,1,1,65,9,1956,2,3,5,1,5
2018200294241,1,9,0,11,0,0,0,0,0,0,1,1,6,3,-1,-1,1461,2,3,-1,-1,-1
2018200294241,2,9,0,18,0,0,0,0,0,0,2,1,6,1,47,8,1587,1,17,1,1,1
2018200294245,1,5,0,18,0,8,0,0,0,0,1,1,6,1,50,8,2294,1,9,5,1,5
2018200294245,2,9,0,5,0,6,0,0,0,0,2,1,6,1,-1,-1,1999,2,2,-1,-1,-1
2018200294257,1,98,0,1,9,1,0,0,0,0,2,1,1,1,30,6,-1,-1,-1,-1,-1,-1
2018200294259,1,9,0,18,0,2,0,0,0,0,1,1,1,1,64,9,1999,1,12,1,1,1
2018200294397,1,9,0,14,0,0,0,0,0,0,1,1,6,3,-1,-1,1596,1,14,-1,-1,-1
2018200294397,2,9,0,2,0,0,0,0,0,0,1,1,3,2,35,6,2143,2,5,1,1,1
2018200294406,1,9,0,18,0,4,0,0,0,0,3,1,6,2,64,9,1598,1,15,7,1,7
2018200294406,2,1,0,18,0,4,0,0,0,0,1,1,1,1,29,6,-1,-1,-1,1,1,1
2018200294416,1,9,0,9,0,6,0,0,0,0,3,1,6,2,23,5,1364,1,9,1,1,1
2018200294416,2,9,0,18,0,8,0,0,0,0,4,1,6,2,27,6,1396,1,6,7,1,7
2018200294548,1,9,0,5,9,6,0,0,0,0,1,1,6,1,-1,-1,1988,1,17,-1,-1,-1
2018200294548,2,1,0,18,9,8,0,0,0,0,3,1,2,1,32,6,-1,-1,-1,1,1,1
2018200294562,1,9,0,9,0,8,0,0,0,0,3,1,6,1,22,5,1596,1,13,8,1,8
2018200294562,2,9,0,18,0,8,0,0,0,0,3,1,6,2,23,5,1390,1,6,3,1,3
2018200294589,1,9,0,18,0,1,0,0,0,0,1,1,6,3,-1,-1,1199,1,14,-1,-1,-1
2018200294589,2,9,0,4,0,1,0,0,0,0,2,1,6,2,35,6,1242,1,12,1,1,1
2018200294610,1,9,0,1,9,6,0,0,0,0,2,1,6,1,-1,-1,1596,1,12,-1,-1,-1
2018200294665,1,9,0,18,0,0,0,0,0,0,1,1,6,3,-1,-1,-1,-1,-1,-1,-1,-1
2018200294675,1,1,0,18,0,0,0,0,0,0,1,1,6,2,11,3,-1,-1,-1,1,1,1
2018200294675,2,9,0,18,0,0,0,0,0,0,3,1,6,1,18,4,1398,1,4,3,1,3
2018200294676,1,9,0,18,0,1,0,10,1,11,1,1,6,1,31,6,1149,1,16,6,1,6
2018200294676,2,9,0,2,9,1,0,0,0,0,3,1,5,1,68,10,1360,1,15,2,1,2
2018200294700,1,9,0,7,0,2,0,0,0,0,1,1,1,2,42,7,1242,1,15,1,1,1
2018200294745,1,9,0,18,0,4,0,0,0,0,1,1,6,2,25,5,-1,-1,-1,-1,-1,-1
2018200294745,2,2,0,18,0,8,0,0,0,0,2,1,6,1,16,4,49,1,11,6,1,6
2018200294745,3,9,0,2,0,1,0,0,0,0,0,1,6,3,-1,-1,3199,1,18,-1,-1,-1
2018200294767,1,9,0,7,0,5,0,0,0,0,1,1,6,3,-1,-1,-1,-1,-1,-1,-1,-1
2018200294845,1,9,0,9,0,5,0,0,0,0,1,1,6,3,-1,-1,1598,1,13,-1,-1,-1
2018200294845,2,9,0,18,0,8,0,0,0,0,1,1,2,1,21,5,2143,2,2,6,1,6
2018200294854,1,97,0,18,0,8,0,0,0,0,1,1,6,1,21,5,-1,-1,-1,7,1,7
2018200294854,2,9,0,5,0,6,0,0,0,0,3,1,6,1,34,6,1896,2,15,3,1,3
2018200294902,1,4,0,13,0,0,0,0,0,0,1,1,6,1,27,6,-1,-1,-1,1,1,1
2018200294902,2,9,0,18,0,0,0,0,0,0,1,1,2,1,26,6,1999,2,-1,9,1,9
2018200294934,1,5,0,18,0,0,1,10,2,2,1,1,6,1,39,7,918,1,21,8,1,8
2018200294981,1,9,0,8,0,1,0,0,0,0,2,1,6,1,19,4,1968,2,7,2,1,2
2018200294981,2,9,0,18,0,1,0,0,0,0,1,1,6,1,52,8,2720,2,12,4,1,4
2018200294986,1,9,0,7,0,5,0,0,0,0,1,1,6,3,-1,-1,-1,-1,-1,-1,-1,-1
2018200295016,1,9,0,9,0,6,0,0,0,0,3,1,6,1,58,9,1364,1,8,2,1,2
2018200295016,2,9,0,18,0,8,0,0,0,0,1,1,6,1,27,6,1598,1,11,5,1,5
2018200295049,1,9,0,7,0,6,0,0,0,0,1,1,6,2,50,8,1368,1,7,6,1,6
2018200295049,2,1,0,18,0,8,0,0,0,0,4,1,6,1,62,9,-1,-1,-1,-1,1,-1
2018200295080,1,9,0,5,0,8,0,0,0,0,0,1,5,1,86,11,1339,1,12,6,1,6
2018200295083,1,9,0,18,0,1,0,10,7,4,1,1,6,1,31,6,1986,2,10,2,1,2
2018200295099,1,9,0,9,0,5,1,10,7,7,4,1,1,1,50,8,1798,1,17,-1,3,-1
2018200295099,2,9,0,18,0,8,1,0,0,0,1,1,6,1,21,5,1596,1,2,4,1,4
2018200295109,1,9,0,9,0,5,0,0,0,0,1,1,6,1,26,6,1242,1,4,4,1,4
2018200295109,2,9,0,18,0,8,0,10,1,11,1,1,6,1,24,5,2967,2,6,5,1,5
2018200295159,1,9,0,7,0,5,0,0,0,0,1,1,6,3,-1,-1,-1,-1,-1,-1,-1,-1
2018200295159,2,9,0,4,0,1,0,0,0,0,3,1,6,1,33,6,1339,1,16,3,1,3
2018200295179,1,9,0,17,0,2,0,0,0,0,1,1,6,3,-1,-1,1560,2,6,-1,-1,-1
2018200295179,2,9,0,16,0,1,0,0,0,0,1,1,1,1,42,7,1794,1,10,1,1,1
2018200295186,1,9,0,18,0,1,0,0,0,0,1,1,5,1,84,11,1560,2,4,1,1,1
2018200295186,2,9,0,3,0,1,0,0,0,0,2,1,5,1,37,7,1598,2,8,6,1,6
2018200295193,1,9,0,18,0,0,0,4,0,0,1,1,6,1,90,11,1390,1,7,5,1,5
2018200295193,2,98,0,18,0,0,0,0,0,0,1,1,6,1,-1,-1,-1,-1,-1,-1,-1,-1
2018200295193,3,9,0,2,0,0,0,0,0,0,1,1,6,1,65,9,1968,2,3,10,1,10
2018200295231,1,9,0,18,0,0,0,0,0,0,1,1,6,1,-1,-1,-1,-1,-1,-1,-1,-1
2018200295252,1,9,0,9,0,8,0,0,0,0,4,1,6,2,60,9,1397,1,7,1,1,1
2018200295252,2,9,0,18,0,8,0,0,0,0,1,1,6,2,55,8,1798,1,14,3,1,3
2018200295257,1,9,0,9,0,6,0,0,0,0,1,1,6,2,31,6,2268,2,1,2,1,2
2018200295257,2,9,0,18,0,8,0,0,0,0,1,1,6,1,20,4,-1,-1,-1,-1,-1,-1
2018200295283,1,9,0,5,0,6,0,0,0,0,1,1,6,1,26,6,1395,1,1,5,1,5
2018200295283,2,9,0,18,0,8,0,0,0,0,4,1,6,2,38,7,1200,1,15,4,1,4
2018200295365,1,9,0,4,0,6,0,0,0,0,1,1,6,2,25,5,998,1,11,2,1,2
2018200295365,2,9,0,18,0,8,0,10,7,2,4,1,1,1,30,6,1395,1,-1,3,1,3
2018200295393,1,19,0,5,0,6,1,0,0,0,1,1,2,1,23,5,2198,2,7,4,1,4
2018200295393,2,4,0,18,0,8,5,0,0,0,4,1,2,1,45,7,198,1,18,3,1,3
2018200295412,1,9,0,18,0,4,0,0,0,0,0,1,6,3,-1,-1,-1,-1,-1,-1,-1,-1
2018200295412,2,1,0,7,0,4,0,10,0,0,0,1,1,1,41,7,-1,-1,-1,4,1,4
2018200295432,1,9,0,18,0,0,0,0,0,0,1,1,6,3,-1,-1,-1,-1,-1,-1,-1,-1
2018200295442,1,19,0,18,0,1,0,0,0,0,1,1,1,1,-1,-1,1997,2,4,-1,-1,-1
2018200295442,2,9,0,18,0,6,0,0,0,0,1,1,6,1,-1,-1,1388,1,15,-1,-1,-1
2018200295442,3,9,0,18,0,8,0,0,0,0,2,1,6,1,54,8,1198,1,11,5,1,5
2018200295508,1,9,0,18,0,8,0,0,0,0,4,1,1,2,29,6,1200,1,1,3,1,3
2018200295508,2,9,0,9,0,5,0,0,0,0,0,1,1,2,23,5,1198,1,11,6,1,6