Accident_Index,Vehicle_Reference,Vehicle_Type,Towing_and_Articulation,Vehicle_Manoeuvre,Vehicle_Location-Restricted_Lane,Junction_Location,Skidding_and_Overturning,Hit_Object_in_Carriageway,Vehicle_Leaving_Carriageway,Hit_Object_off_Carriageway,1st_Point_of_Impact,Was_Vehicle_Left_Hand_Drive?,Journey_Purpose_of_Driver,Sex_of_Driver,Age_of_Driver,Age_Band_of_Driver,Engine_Capacity_(CC),Propulsion_Code,Age_of_Vehicle,Driver_IMD_Decile,Driver_Home_Area_Type,Vehicle_IMD_Decile
2018200295508,3,9,0,9,0,6,0,0,0,0,1,1,1,2,33,6,2143,2,1,6,1,6
2018200295565,1,9,0,18,0,1,0,0,0,0,1,1,6,1,53,8,1598,2,5,8,3,8
2018200295565,2,9,0,18,0,1,0,0,0,0,2,1,6,1,52,8,1998,1,16,1,1,1
2018200295626,1,9,0,9,0,5,0,0,0,0,1,1,1,1,56,9,-1,-1,-1,1,1,1
2018200295626,2,3,0,18,0,8,0,0,0,0,1,1,2,1,26,6,125,1,8,1,1,1
2018200295631,1,9,0,16,0,0,5,7,0,0,3,1,1,2,27,6,1398,2,9,7,1,7
2018200295766,1,90,0,7,0,3,0,0,0,0,4,1,1,1,38,7,6728,2,4,1,1,1
2018200295775,1,9,0,5,9,2,0,0,0,0,2,1,6,1,60,9,1995,2,8,1,1,1
2018200295786,1,9,0,18,9,5,0,0,0,0,2,1,6,2,35,6,1242,1,12,-1,-1,-1
2018200295797,1,9,0,9,0,6,0,0,0,0,1,1,2,1,54,8,1242,1,3,2,1,2
2018200295797,2,3,0,14,0,8,0,0,0,0,1,1,2,1,23,5,124,1,1,2,1,2
2018200295822,1,9,0,18,0,1,0,0,0,0,1,1,6,2,42,7,1197,1,1,2,1,2
2018200295822,2,9,0,18,0,1,0,0,0,0,2,1,6,1,45,7,1461,2,9,3,1,3
2018200295832,1,9,0,4,0,0,0,0,0,0,1,1,1,2,49,8,-1,-1,-1,-1,-1,-1
2018200295832,2,1,0,5,0,0,0,0,0,0,1,1,6,1,12,3,-1,-1,-1,3,1,3
2018200295879,1,9,0,18,0,6,0,10,3,0,1,1,1,2,43,7,2995,1,-1,7,1,7
2018200295879,2,9,0,18,0,8,0,10,7,0,4,1,1,1,34,6,1998,2,9,1,1,1
2018200295879,3,9,0,2,9,2,0,0,0,0,4,1,1,3,-1,-1,1598,2,1,8,1,8
2018200295879,4,9,0,2,9,2,0,0,0,0,3,1,1,3,-1,-1,1339,1,15,7,1,7
2018200295879,5,9,0,2,9,2,0,0,0,0,1,1,6,3,-1,-1,-1,-1,-1,2,1,2
2018200295916,1,9,0,18,0,6,0,0,0,0,1,1,6,3,-1,-1,1390,1,7,-1,-1,-1
2018200295916,2,9,0,18,0,8,0,0,0,0,4,1,6,1,29,6,1198,1,9,2,1,2
2018200295916,3,9,0,18,0,8,0,0,0,0,3,1,6,1,36,7,1397,1,10,1,1,1
2018200295916,4,9,0,18,0,6,0,0,0,0,0,1,1,1,-1,-1,1956,2,4,2,1,2
2018200295943,1,9,0,9,0,6,0,0,0,0,4,1,6,1,16,4,1896,2,13,1,1,1
2018200295943,2,9,0,9,0,5,0,0,0,0,3,1,6,2,37,7,2204,2,11,1,1,1
2018200295943,3,9,0,18,0,1,0,0,0,0,0,1,1,1,-1,-1,2993,2,1,-1,-1,-1
2018200296007,1,9,0,18,0,3,0,0,0,0,4,1,6,3,-1,-1,-1,-1,-1,-1,-1,-1
2018200296007,2,9,0,18,0,3,0,10,1,4,1,1,6,2,43,7,1197,1,3,1,1,1
2018200296021,1,9,0,18,0,4,0,0,0,0,1,1,6,2,35,6,1995,2,7,1,1,1
2018200296021,2,1,0,18,0,8,0,0,0,0,2,1,2,1,28,6,-1,-1,-1,1,1,1
2018200296027,1,9,0,18,0,0,0,0,0,0,1,1,6,3,-1,-1,-1,-1,-1,-1,-1,-1
2018200296041,1,9,0,1,0,0,0,0,0,0,2,1,6,2,49,8,2401,2,12,1,1,1
2018200296041,2,9,0,3,0,0,0,0,0,0,1,1,6,2,42,7,1242,1,10,3,3,3
2018200296110,1,9,0,5,9,6,0,0,0,0,1,1,6,2,38,7,1596,1,6,6,1,6
2018200296110,2,1,0,18,9,8,0,0,0,0,1,1,6,1,7,2,-1,-1,-1,4,1,4
2018200296125,1,9,0,16,0,0,2,10,2,10,1,1,6,1,40,7,1360,1,12,6,1,6
2018200296125,2,9,0,16,0,0,0,0,0,0,0,1,1,1,-1,-1,2993,2,1,1,1,1
2018200296125,3,9,0,16,0,0,0,0,0,0,0,1,1,2,-1,-1,2993,2,2,1,1,1
2018200296139,1,9,0,7,0,1,0,0,0,0,4,1,6,3,-1,-1,-1,-1,-1,-1,-1,-1
2018200296139,2,3,0,18,0,1,0,0,0,0,3,1,2,1,17,4,124,1,11,1,1,1
2018200296165,1,9,0,7,0,6,0,0,0,0,3,1,6,2,21,5,1197,1,1,4,1,4
2018200296165,2,9,0,18,0,8,0,0,0,0,1,1,6,1,-1,-1,1587,1,14,-1,-1,-1
2018200296179,1,9,0,18,0,1,1,0,0,0,1,1,2,1,28,6,-1,-1,-1,2,1,2
2018200296179,2,19,0,10,0,1,0,0,0,0,2,1,2,1,46,8,1870,2,13,1,1,1
2018200296207,1,9,0,6,0,0,0,0,0,0,3,1,6,1,42,7,1870,2,6,1,1,1
2018200296207,2,9,0,18,0,0,0,0,0,0,4,1,6,1,27,6,1248,2,4,-1,-1,-1
2018200296223,1,9,0,16,0,0,0,10,7,3,1,1,6,1,23,5,1368,1,9,2,1,2
2018200296223,2,9,0,16,0,0,0,0,0,0,0,1,1,1,-1,-1,2993,2,1,-1,-1,-1
2018200296223,3,9,0,2,9,0,0,0,0,0,1,1,6,2,-1,-1,1560,2,7,-1,-1,-1
2018200296223,4,9,0,2,9,0,0,0,0,0,4,1,6,1,-1,-1,1968,2,8,-1,-1,-1
2018200296274,1,19,0,4,0,0,0,0,0,0,2,1,1,1,65,9,1461,2,4,2,1,2
2018200296274,2,9,0,18,0,0,0,0,0,0,1,1,6,3,-1,-1,1910,2,9,-1,-1,-1
2018200296305,1,9,0,12,0,4,0,0,0,0,2,1,6,1,24,5,1968,2,6,1,1,1
2018200296305,2,3,0,17,0,8,0,0,0,0,2,1,6,1,17,4,125,1,2,3,1,3
2018200296316,1,9,0,18,0,0,1,0,3,0,1,1,6,1,23,5,1984,1,12,-1,-1,-1
2018200296316,2,9,0,18,0,0,1,0,7,0,4,1,6,1,27,6,-1,-1,-1,1,1,1
2018200296329,1,9,0,18,0,8,0,0,0,0,1,1,6,1,19,4,1339,1,15,1,1,1
2018200296329,2,9,0,9,0,6,0,0,0,0,3,1,6,1,49,8,1587,1,15,1,1,1
2018200296367,1,98,0,16,0,3,0,7,6,0,1,1,6,3,-1,-1,-1,-1,-1,-1,-1,-1
2018200296367,2,9,0,3,0,1,0,0,0,0,3,1,2,1,59,9,1598,1,3,8,1,8
2018200296371,1,9,0,18,0,0,0,0,0,0,1,1,6,2,52,8,1398,1,5,3,1,3
2018200296373,1,9,0,18,0,0,0,0,0,0,1,1,6,1,-1,-1,1798,8,1,7,1,7
2018200296373,2,9,0,3,0,0,0,0,0,0,2,1,6,1,58,9,2993,2,10,10,1,10
2018200296379,1,9,0,7,0,5,0,0,0,0,1,1,3,1,66,10,1398,1,13,10,1,10
2018200296379,2,1,0,18,4,8,0,0,0,0,3,1,1,1,27,6,-1,-1,-1,3,1,3
2018200296394,1,9,0,9,0,2,0,0,0,0,1,1,1,1,33,6,1595,1,10,1,1,1
2018200296405,1,9,0,9,0,8,0,0,0,0,4,1,6,2,44,7,2148,2,10,1,1,1
2018200296405,2,9,0,18,0,8,0,0,0,0,1,1,6,1,33,6,2191,2,4,1,1,1
2018200296417,1,9,0,9,0,6,0,0,0,0,4,1,6,2,30,6,1598,1,13,-1,-1,-1
2018200296548,1,9,0,17,0,0,0,0,0,0,1,1,6,2,26,6,1242,1,12,-1,-1,-1
2018200296548,2,9,0,16,0,0,0,0,0,0,1,1,6,1,16,4,1461,2,5,1,1,1
2018200296574,1,9,0,18,0,4,0,0,0,0,1,1,6,1,-1,-1,1997,2,6,-1,-1,-1
2018200296574,2,9,0,9,0,8,0,0,0,0,4,1,1,2,34,6,1560,2,8,1,1,1
2018200296614,1,9,0,8,0,1,0,0,0,0,2,1,6,2,26,6,1984,1,16,5,1,5
2018200296614,2,9,0,16,0,1,0,0,0,0,1,1,6,2,24,5,1197,1,7,1,1,1
2018200296649,1,9,0,17,0,1,0,0,0,0,3,1,6,1,-1,-1,1956,2,5,-1,-1,-1
2018200296649,2,9,0,16,0,2,0,0,0,0,3,1,6,2,41,7,1997,2,16,2,1,2
2018200296704,1,9,0,18,0,0,1,0,0,0,1,1,1,1,46,8,2497,1,10,1,1,1
2018200296704,2,9,0,3,0,0,0,0,0,0,2,1,1,2,55,8,998,1,12,2,1,2
2018200296704,3,9,0,3,0,0,0,0,0,0,2,1,1,1,41,7,1896,2,10,8,1,8
2018200296705,1,9,0,18,0,4,0,0,0,0,1,1,2,2,36,7,1248,2,6,4,1,4
2018200296705,2,1,0,18,0,8,0,0,0,0,1,1,2,1,37,7,-1,-1,-1,1,1,1
2018200296712,1,9,0,18,0,0,1,10,7,4,1,1,5,1,16,4,-1,-1,-1,2,1,2
2018200296712,2,9,0,18,0,0,0,0,0,0,0,1,1,1,37,7,2993,2,2,8,3,8
2018200296760,1,9,0,18,0,0,0,0,0,0,3,1,6,1,59,9,-1,-1,-1,3,1,3
2018200296760,2,9,0,18,0,0,0,0,0,0,3,1,2,2,31,6,2497,2,12,3,1,3
2018200296774,1,9,0,16,0,0,0,10,7,11,1,1,6,2,30,6,1461,2,4,1,1,1
2018200296774,2,9,0,2,9,0,0,0,0,0,3,1,6,1,35,6,1461,2,10,3,1,3
2018200296800,1,9,0,14,0,1,0,0,0,0,1,1,6,1,74,10,3248,1,16,3,1,3
2018200296800,2,3,0,9,0,6,0,0,0,0,1,1,6,1,27,6,124,1,3,3,1,3
2018200296827,1,9,0,9,0,8,0,0,0,0,1,1,6,2,39,7,1968,2,4,4,1,4
2018200296827,2,9,0,18,0,8,0,0,0,0,1,1,6,1,27,6,1968,2,6,8,1,8
2018200296840,1,9,0,18,0,1,0,0,0,0,1,1,6,1,21,5,2793,1,23,7,1,7
2018200296840,2,9,0,3,0,1,0,0,0,0,2,1,6,1,74,10,-1,-1,-1,7,1,7
2018200296916,1,9,0,18,0,1,0,0,0,0,4,1,6,1,35,6,1199,1,16,3,1,3
2018200296924,1,9,0,14,0,0,1,4,0,0,4,1,6,1,22,5,1984,1,-1,1,1,1
2018200296924,2,9,0,18,0,0,0,7,0,0,3,1,6,1,-1,-1,1598,2,2,-1,-1,-1
2018200296924,3,9,0,2,0,0,0,0,0,0,1,1,2,1,45,7,1686,2,7,1,1,1
2018200296924,4,9,0,2,0,0,0,0,0,0,2,1,6,1,48,8,1339,1,13,2,1,2
2018200296924,5,9,0,2,0,0,0,0,0,0,2,1,6,1,41,7,1896,2,11,2,1,2
2018200296933,1,9,0,9,0,6,0,0,0,0,1,1,6,2,30,6,1598,1,16,2,1,2
2018200296933,2,9,0,18,0,8,0,0,0,0,4,1,2,2,40,7,1995,2,2,7,1,7
2018200296964,1,9,0,6,0,0,0,0,0,0,3,1,6,1,34,6,1968,2,11,8,1,8
2018200296964,2,5,0,13,0,0,0,0,0,0,4,1,6,1,52,8,996,1,14,5,1,5
2018200296973,1,9,0,18,0,6,0,0,0,0,1,1,6,3,-1,-1,-1,-1,-1,-1,-1,-1
2018200296973,2,9,0,18,0,8,0,0,0,0,4,1,6,2,21,5,1242,1,12,3,1,3
2018200296998,1,9,0,18,0,1,0,10,1,10,1,1,6,3,-1,-1,998,1,1,-1,-1,-1
2018200296998,2,9,0,3,0,1,0,0,0,0,2,1,6,2,52,8,1242,1,6,2,1,2
2018200296998,3,9,0,3,0,1,0,0,0,0,2,1,6,1,50,8,1896,2,10,6,1,6
2018200296998,4,9,0,18,0,1,0,0,0,0,0,1,1,1,-1,-1,2993,2,1,2,1,2
2018200297020,1,19,0,18,0,0,0,0,0,0,3,1,6,3,-1,-1,2198,2,9,-1,-1,-1
2018200297020,2,9,0,3,0,0,0,0,0,0,4,1,6,1,21,5,1596,1,4,8,1,8
2018200297030,1,9,0,18,0,0,0,0,0,0,2,1,1,2,29,6,905,1,4,4,1,4
2018200297030,2,9,0,18,0,0,0,7,2,0,1,1,4,2,32,6,1461,2,13,6,1,6
2018200297059,1,9,0,18,0,8,0,10,1,0,1,1,6,1,23,5,-1,-1,-1,5,1,5
2018200297059,2,9,0,9,0,5,0,0,0,0,1,1,6,1,76,11,1991,2,7,2,1,2
2018200297061,1,9,0,13,0,0,0,0,0,0,4,1,6,3,-1,-1,-1,-1,-1,-1,-1,-1
2018200297061,2,1,0,14,0,0,0,0,0,0,3,1,6,1,40,7,-1,-1,-1,3,1,3
2018200297081,1,9,0,18,0,0,0,0,0,0,2,1,6,1,-1,-1,1598,1,13,-1,-1,-1
2018200297081,2,9,0,18,0,0,0,0,0,0,1,1,6,2,20,4,1199,1,17,1,1,1
2018200297085,1,9,0,4,0,1,0,0,0,0,1,1,6,1,29,6,2967,2,6,1,1,1
2018200297085,2,9,0,4,0,1,0,0,0,0,4,1,6,2,27,6,1560,2,4,2,1,2
2018200297085,3,9,0,4,0,1,0,0,0,0,2,1,6,1,22,5,1753,2,11,4,1,4
2018200297144,1,9,0,9,0,5,0,0,0,0,1,1,6,1,51,8,1968,2,6,3,1,3
2018200297144,2,5,0,18,0,8,0,0,0,0,1,1,6,1,39,7,636,1,15,2,1,2
2018200297175,1,98,0,18,0,2,0,0,0,0,1,1,6,1,-1,-1,-1,-1,-1,-1,-1,-1
2018200297178,1,9,0,18,0,1,0,0,0,0,1,1,6,1,-1,-1,1753,2,14,1,1,1
2018200297178,2,9,0,3,0,1,0,0,0,0,2,1,1,1,53,8,1997,7,10,3,1,3
2018200297192,1,19,0,5,0,4,0,0,0,0,4,1,6,1,-1,-1,2987,2,5,-1,-1,-1
2018200297192,2,9,0,5,0,8,0,0,0,0,3,1,1,1,25,5,998,1,15,1,1,1
2018200297214,1,9,0,18,0,4,0,0,0,0,1,1,6,1,-1,-1,1499,1,1,-1,-1,-1
2018200297214,2,9,0,9,0,3,0,0,0,0,4,1,3,2,42,7,1329,1,2,3,1,3
2018200297229,1,9,0,5,0,0,0,0,0,0,0,1,6,1,79,11,1498,1,-1,9,1,9
2018200297251,1,9,0,1,0,6,0,0,0,0,2,1,6,3,-1,-1,1339,1,3,-1,-1,-1
2018200297251,2,3,0,18,0,8,0,0,0,0,1,1,1,1,23,5,124,1,3,2,1,2
2018200297255,1,8,0,18,0,0,0,0,0,0,1,1,6,1,58,9,2664,2,19,1,1,1
2018200297292,1,9,0,10,0,8,0,0,0,0,2,1,6,1,22,5,1968,2,9,9,1,9
2018200297292,2,9,0,18,0,8,0,0,0,0,1,1,6,3,-1,-1,-1,-1,-1,-1,-1,-1
2018200297303,1,11,0,18,0,0,0,0,0,0,4,1,1,1,59,9,4461,2,6,5,1,5
2018200297315,1,9,0,9,0,6,0,0,0,0,1,1,6,3,-1,-1,1364,1,10,-1,-1,-1
2018200297315,2,9,0,18,0,8,0,0,0,0,3,1,2,2,20,4,1198,1,15,1,1,1
2018200297347,1,9,0,18,0,1,0,0,0,0,1,1,6,1,28,6,1497,1,13,-1,-1,-1
2018200297347,2,9,0,3,0,1,0,0,0,0,2,1,6,1,28,6,1596,1,12,5,1,5
2018200297355,1,9,0,9,0,5,0,0,0,0,1,1,1,2,22,5,1242,1,5,4,1,4
2018200297355,2,9,0,18,0,8,0,0,0,0,1,1,6,1,55,8,1968,2,7,1,1,1
2018200297375,1,9,0,7,0,6,0,0,0,0,3,1,6,1,25,5,1229,1,5,1,1,1
2018200297375,2,19,0,9,0,5,0,0,0,0,3,1,6,1,35,6,1248,2,11,2,1,2
2018200297375,3,9,0,13,0,8,0,0,0,0,1,1,6,1,-1,-1,2000,1,14,-1,-1,-1
2018200297376,1,9,0,18,0,0,0,0,0,0,1,1,2,1,34,6,1242,1,11,-1,-1,-1
2018200297376,2,9,0,18,0,0,0,0,0,0,1,1,6,2,47,8,1596,1,14,1,1,1
2018200297418,1,9,0,14,0,0,0,0,0,0,1,1,6,1,35,6,-1,-1,-1,-1,-1,-1
2018200297438,1,9,0,18,0,8,0,0,0,0,3,1,6,1,22,5,1984,1,2,3,1,3
2018200297438,2,9,0,9,0,8,0,0,0,0,1,1,1,1,33,6,1596,1,11,-1,-1,-1
2018200297444,1,9,0,18,0,6,0,0,0,0,1,1,6,2,52,8,1242,1,11,2,1,2
2018200297444,2,9,0,18,0,8,1,7,6,4,3,1,6,2,35,6,1396,1,8,6,1,6
2018200297444,3,9,0,2,9,1,0,0,0,0,1,1,6,3,-1,-1,1242,1,14,-1,-1,-1
2018200297481,1,9,0,9,0,6,0,0,0,0,1,1,1,1,38,7,2993,2,8,2,1,2
2018200297485,1,9,0,7,0,6,0,0,0,0,1,1,6,1,-1,-1,1332,1,20,-1,-1,-1
2018200297485,2,9,0,18,0,8,0,0,0,0,4,1,6,2,59,9,1388,1,13,7,1,7
2018200297499,1,9,0,9,0,6,0,0,0,0,3,1,6,1,-1,-1,1686,2,6,-1,-1,-1
2018200297499,2,9,0,18,0,8,0,0,0,0,1,1,6,1,-1,-1,1896,2,16,-1,-1,-1
2018200297517,1,9,0,18,0,2,0,0,0,0,1,1,1,1,66,10,999,1,-1,4,3,4
2018200297520,1,9,0,18,0,1,0,0,0,0,1,1,6,1,-1,-1,-1,-1,-1,-1,-1,-1
2018200297520,2,9,0,18,0,1,0,10,0,0,3,1,6,2,52,8,1896,2,14,1,1,1
2018200297541,1,5,0,18,0,1,0,0,0,0,1,1,6,1,58,9,1250,1,13,1,1,1
2018200297541,2,8,0,4,0,8,0,0,0,0,2,1,1,1,43,7,1995,2,14,1,1,1
2018200297622,1,9,0,18,0,8,0,0,0,0,4,1,1,1,40,7,-1,-1,-1,7,1,7
2018200297622,2,9,0,9,0,6,0,0,0,0,1,1,6,1,25,5,1598,2,8,-1,-1,-1
2018200297675,1,9,0,18,0,1,0,0,0,0,1,1,6,1,28,6,1968,2,9,6,1,6
2018200297675,2,9,0,3,0,1,0,0,0,0,2,1,6,1,29,6,1229,1,10,8,1,8
2018200297717,1,9,-1,-1,-1,0,-1,-1,-1,0,-1,1,6,1,40,7,-1,-1,-1,1,1,1
2018200297717,2,9,0,18,0,0,0,0,0,0,4,1,6,1,60,9,1598,2,6,4,1,4
2018200297717,3,21,1,18,0,0,0,0,0,0,1,1,6,1,40,7,12777,2,6,3,1,3
2018200297722,1,9,0,9,0,5,0,0,0,0,1,1,6,1,27,6,1296,1,12,3,1,3
2018200297722,2,5,0,18,0,8,1,0,0,0,1,1,6,1,45,7,1052,1,24,3,1,3
2018200297736,1,9,0,18,0,0,0,0,0,0,3,1,2,1,35,6,999,1,-1,3,1,3
2018200297803,1,5,0,18,0,8,0,0,0,0,1,1,6,1,19,4,865,1,9,1,1,1
2018200297803,2,8,0,9,0,5,0,0,0,0,2,1,1,1,28,6,1896,2,10,2,1,2
2018200297832,1,9,0,4,0,0,0,0,0,0,1,1,6,1,24,5,1390,1,15,1,1,1
2018200297832,2,9,0,4,0,0,0,0,0,0,2,1,2,1,37,7,2967,2,3,8,1,8
2018200297891,1,9,0,13,0,1,0,0,0,0,4,1,3,2,-1,-1,998,1,4,-1,-1,-1
2018200297892,1,9,0,18,0,0,0,0,0,0,1,1,1,1,25,5,1149,1,3,-1,-1,-1
2018200297894,1,9,0,18,0,0,0,0,0,0,4,1,6,2,-1,-1,1242,1,14,-1,-1,-1
2018200297896,1,9,0,9,0,5,0,0,0,0,1,1,6,1,30,6,-1,-1,-1,-1,-1,-1
2018200297896,2,1,0,18,0,8,0,0,0,0,1,1,6,1,79,11,-1,-1,-1,1,1,1
2018200297903,1,9,0,5,9,6,0,0,0,0,1,1,6,1,-1,-1,-1,-1,-1,-1,-1,-1
2018200297910,1,21,0,18,0,3,0,0,0,0,2,1,6,1,-1,-1,5861,2,16,-1,-1,-1
2018200297910,2,9,0,18,0,3,0,0,0,0,1,1,6,1,32,6,1968,2,10,2,1,2
2018200297912,1,9,0,3,0,0,0,0,0,0,2,1,6,1,61,9,1398,1,7,1,1,1
2018200297912,2,9,0,18,0,0,0,0,0,0,2,1,6,1,-1,-1,1560,2,3,6,1,6
2018200297912,3,9,0,3,0,0,0,0,0,0,2,1,6,1,-1,-1,1598,1,5,9,1,9
2018200297920,1,9,0,18,0,6,0,0,0,0,4,1,6,2,-1,-1,1686,2,13,-1,-1,-1
2018200297920,2,1,0,18,0,8,0,0,0,0,1,1,6,1,25,5,-1,-1,-1,1,1,1
2018200297925,1,9,0,18,0,6,0,0,0,0,3,1,4,1,17,4,1242,1,2,10,1,10
2018200297925,2,9,0,18,0,8,0,0,0,0,1,1,1,1,45,7,1598,2,3,9,3,9
2018200297943,1,9,0,16,0,2,0,0,0,0,3,1,6,2,29,6,1461,2,6,1,1,1
2018200297943,2,1,0,16,0,2,0,0,0,0,1,1,6,2,53,8,-1,-1,-1,3,1,3
2018200298028,1,9,0,18,0,8,1,0,0,0,3,1,6,1,-1,-1,1497,1,17,-1,-1,-1
2018200298028,2,19,0,18,0,8,0,0,0,0,1,1,1,1,57,9,2198,2,2,1,1,1
2018200298071,1,9,0,18,0,0,0,10,1,3,1,1,2,1,49,8,2231,2,11,2,1,2
2018200298085,1,9,0,5,0,1,0,0,0,0,1,1,3,2,30,6,1242,1,12,4,1,4
2018200298085,2,1,0,18,0,1,0,0,0,0,1,1,1,1,56,9,-1,-1,-1,10,1,10
2018200298086,1,9,0,18,0,1,0,0,0,0,1,1,6,3,-1,-1,1997,2,3,-1,-1,-1
2018200298086,2,9,0,7,0,1,0,0,0,0,2,1,6,1,31,6,1986,2,9,7,1,7
2018200298088,1,10,0,9,0,5,0,0,0,0,1,1,1,1,-1,-1,2464,2,8,2,1,2
2018200298088,2,1,0,18,0,2,0,0,0,0,3,1,6,1,29,6,-1,-1,-1,1,1,1
2018200298135,1,21,1,11,0,0,0,0,0,0,1,1,1,1,34,6,-1,2,3,3,1,3
2018200298135,2,9,0,18,0,0,1,0,0,0,2,1,1,2,39,7,1229,1,9,2,1,2
2018200298145,1,9,0,3,0,0,0,0,0,0,2,1,2,1,30,6,1968,2,12,4,1,4
2018200298145,2,9,0,4,0,0,0,0,0,0,1,1,6,3,-1,-1,1390,1,12,-1,-1,-1
2018200298163,1,9,0,9,0,8,0,10,4,0,1,1,6,1,91,11,1296,1,10,1,1,1
2018200298163,2,9,0,18,0,8,0,0,0,0,1,1,6,1,73,10,1968,2,3,4,1,4
2018200298198,1,9,0,5,0,6,0,0,0,0,3,1,1,2,-1,-1,1149,1,6,4,1,4
2018200298198,2,9,0,18,0,8,0,0,0,0,1,1,6,2,28,6,1461,2,8,1,1,1
2018200298201,1,9,0,18,0,0,0,0,0,0,1,1,2,1,31,6,1968,2,7,1,1,1
2018200298201,2,9,0,18,0,0,0,0,0,0,1,1,2,3,-1,-1,1968,2,5,2,1,2
2018200298201,3,9,0,18,0,0,0,0,0,0,1,1,2,1,35,6,-1,-1,-1,2,1,2
2018200298201,4,9,0,18,0,0,0,0,0,0,1,1,2,1,27,6,1753,2,12,10,1,10
2018200298285,1,9,0,6,0,2,0,0,0,0,3,1,6,3,-1,-1,1395,1,1,-1,-1,-1
2018200298285,2,9,0,3,0,2,0,0,0,0,1,1,6,1,36,7,1149,7,13,3,1,3
2018200298285,3,9,0,3,0,2,0,0,0,0,2,1,6,2,25,5,1200,1,2,3,1,3
2018200298299,1,3,0,13,0,1,5,10,7,0,1,1,6,1,37,7,125,1,10,6,1,6
2018200298299,2,9,0,9,0,5,0,0,0,0,3,1,6,2,35,6,1390,1,6,7,1,7
2018200298300,1,9,0,18,0,0,0,0,0,0,2,1,6,1,75,10,1198,1,2,-1,-1,-1
2018200298300,2,9,0,18,0,0,0,0,0,0,1,1,6,2,28,6,1499,1,-1,2,1,2
2018200298346,1,9,0,18,0,1,1,0,0,0,2,1,6,2,-1,-1,1390,1,16,10,1,10
2018200298346,2,9,0,3,0,1,0,0,0,0,2,1,6,1,56,9,1598,1,6,2,1,2
2018200298421,1,9,0,18,0,1,0,0,0,0,1,1,6,2,-1,-1,1598,2,2,-1,-1,-1
2018200298421,2,9,0,3,0,1,0,0,0,0,2,1,6,2,35,6,1199,1,17,1,1,1
2018200298430,1,19,0,4,0,0,0,0,0,0,1,1,1,1,29,6,2198,2,3,4,1,4
2018200298430,2,9,0,3,0,0,0,0,0,0,2,1,6,1,64,9,1364,1,2,1,1,1
2018200298430,3,9,0,3,0,0,0,0,0,0,2,1,2,1,38,7,1986,2,13,1,1,1
2018200298435,1,9,0,9,0,5,0,0,0,0,1,1,2,1,22,5,-1,-1,-1,2,1,2
2018200298447,1,9,0,5,0,1,0,10,1,0,3,1,1,1,43,7,1968,2,4,2,1,2
2018200298447,2,19,0,18,0,1,0,0,0,0,1,1,6,1,27,6,1248,2,13,2,1,2
2018200298448,1,9,0,18,0,6,0,0,0,0,1,1,6,1,30,6,1986,2,13,4,1,4
2018200298448,2,9,0,18,0,8,0,0,0,0,4,1,6,2,29,6,2204,2,11,2,1,2
2018200298479,1,9,0,16,0,1,0,0,0,0,1,1,6,1,20,4,1499,2,1,3,1,3
2018200298479,2,1,0,18,0,1,0,0,0,0,1,1,6,1,9,2,-1,-1,-1,4,1,4
2018200298492,1,5,0,9,0,6,0,0,0,0,1,1,6,1,56,9,-1,-1,-1,1,1,1
2018200298492,2,9,0,7,0,8,0,0,0,0,3,1,6,2,-1,-1,1339,1,8,-1,-1,-1
2018200298498,1,9,0,5,0,0,0,0,0,0,3,1,5,1,-1,-1,-1,-1,-1,2,1,2
2018200298498,2,9,0,18,0,0,0,0,0,0,3,1,6,2,22,5,998,1,4,9,1,9
2018200298500,1,9,0,18,0,0,0,0,0,0,1,1,6,2,54,8,1197,1,2,10,1,10
2018200298500,2,9,0,18,0,0,0,0,0,0,2,1,6,1,34,6,1968,2,13,4,1,4
2018200298500,3,9,0,18,0,0,0,0,0,0,2,1,6,1,56,9,1560,2,2,5,1,5
2018200298501,1,9,0,9,0,6,0,0,0,0,1,1,6,3,-1,-1,-1,-1,-1,-1,-1,-1
2018200298501,2,9,0,18,0,8,0,0,0,0,2,1,6,1,53,8,1910,2,11,1,1,1
2018200298517,1,9,0,18,0,2,2,0,0,0,1,1,6,3,-1,-1,1997,1,12,-1,-1,-1
2018200298517,2,9,0,3,0,2,0,0,0,0,3,1,6,2,41,7,995,1,7,7,3,7
2018200298517,3,9,0,10,0,1,0,0,0,0,2,1,6,1,55,8,-1,-1,-1,3,1,3
2018200298522,1,9,0,18,0,1,0,0,0,0,1,1,6,3,-1,-1,1968,2,4,-1,-1,-1
2018200298522,2,9,0,3,0,1,0,0,0,0,2,1,6,2,33,6,1896,2,12,2,1,2
2018200298523,1,9,0,18,0,0,0,0,0,0,1,1,2,2,45,7,1596,1,7,3,1,3
2018200298534,1,9,0,18,0,1,0,0,0,0,1,1,6,1,-1,-1,1560,2,1,-1,-1,-1
2018200298534,2,9,0,3,0,1,0,0,0,0,2,1,6,2,25,5,1991,1,3,5,1,5
2018200298544,1,9,0,18,0,0,0,0,0,0,4,1,6,1,-1,-1,-1,-1,-1,-1,-1,-1
2018200298561,1,19,0,1,9,8,0,0,0,0,2,1,6,1,-1,-1,1686,2,13,4,1,4
2018200298572,1,9,0,18,0,0,0,0,0,0,1,1,6,1,42,7,1999,2,2,3,1,3