Accident_Index,Vehicle_Reference,Vehicle_Type,Towing_and_Articulation,Vehicle_Manoeuvre,Vehicle_Location-Restricted_Lane,Junction_Location,Skidding_and_Overturning,Hit_Object_in_Carriageway,Vehicle_Leaving_Carriageway,Hit_Object_off_Carriageway,1st_Point_of_Impact,Was_Vehicle_Left_Hand_Drive?,Journey_Purpose_of_Driver,Sex_of_Driver,Age_of_Driver,Age_Band_of_Driver,Engine_Capacity_(CC),Propulsion_Code,Age_of_Vehicle,Driver_IMD_Decile,Driver_Home_Area_Type,Vehicle_IMD_Decile
2018200298572,2,9,0,18,0,0,0,0,0,0,2,1,6,2,26,6,1461,2,3,1,1,1
2018200298579,1,9,0,14,0,0,0,0,0,0,1,1,6,1,37,7,1229,1,6,1,1,1
2018200298599,1,9,0,18,0,1,0,0,0,0,1,1,6,1,56,9,1988,2,12,9,1,9
2018200298599,2,9,0,3,0,1,0,0,0,0,2,1,6,1,46,8,1956,2,2,2,1,2
2018200298643,1,9,0,9,0,6,5,10,3,11,1,1,6,2,60,9,1389,1,20,2,1,2
2018200298649,1,9,0,4,0,0,0,0,0,0,1,1,6,1,77,11,1364,1,3,2,1,2
2018200298649,2,9,0,4,0,0,0,0,0,0,2,1,6,2,41,7,1242,1,13,2,1,2
2018200298653,1,9,0,9,0,5,0,0,0,0,1,1,6,2,41,7,1598,1,18,1,1,1
2018200298653,2,9,0,18,0,8,0,0,0,0,1,1,6,2,38,7,1199,1,4,2,1,2
2018200298683,1,9,0,18,0,0,0,0,0,0,1,1,6,2,35,6,1984,1,11,1,1,1
2018200298683,2,9,0,3,0,0,0,0,0,0,2,1,6,1,32,6,1968,2,2,5,1,5
2018200298688,1,9,0,18,0,0,0,0,0,0,2,1,6,1,-1,-1,1399,2,11,1,1,1
2018200298688,2,9,0,3,0,0,0,0,0,0,1,1,6,2,43,7,1597,2,-1,10,3,10
2018200298696,1,9,0,9,0,3,0,0,0,0,3,1,6,2,46,8,998,1,15,1,1,1
2018200298717,1,9,0,18,0,1,0,0,0,0,3,1,6,2,-1,-1,-1,-1,-1,-1,-1,-1
2018200298725,1,9,0,1,9,0,0,10,1,10,4,1,2,2,44,7,1498,1,2,1,1,1
2018200298727,1,9,0,9,0,5,0,0,0,0,1,1,6,1,42,7,-1,-1,-1,1,1,1
2018200298727,2,9,0,18,0,8,0,0,0,0,1,1,2,1,33,6,6208,1,4,1,1,1
2018200298750,1,9,0,18,0,6,0,0,0,0,1,1,6,2,46,8,1686,2,5,6,1,6
2018200298750,2,9,0,18,0,8,1,0,0,0,3,1,6,2,47,8,1560,2,10,7,1,7
2018200298764,1,9,0,4,0,1,0,0,0,0,1,1,6,1,-1,-1,1995,2,15,-1,-1,-1
2018200298764,2,9,0,3,0,1,0,0,0,0,2,1,6,1,44,7,1590,1,16,1,1,1
2018200298785,1,9,0,18,0,0,0,0,0,0,1,1,6,1,-1,-1,-1,-1,-1,-1,-1,-1
2018200298799,1,9,0,9,0,5,0,0,0,0,1,1,6,2,55,8,1149,1,7,6,1,6
2018200298799,2,9,0,17,0,8,0,0,0,0,3,1,1,1,36,7,1398,1,6,1,1,1
2018200298843,1,9,0,13,0,0,0,0,0,0,1,1,6,1,-1,-1,1360,1,11,-1,-1,-1
2018200298843,2,9,0,3,0,0,0,0,0,0,3,1,1,1,58,9,2495,2,21,5,1,5
2018200298917,1,9,0,18,0,0,0,0,0,0,1,1,6,3,-1,-1,2179,2,4,-1,-1,-1
2018200298924,1,9,0,9,0,6,0,0,0,0,1,1,6,2,31,6,1398,1,3,3,1,3
2018200298942,1,8,0,18,0,6,0,7,1,0,4,1,1,1,-1,-1,1998,2,10,1,1,1
2018200298968,1,9,0,7,0,6,0,0,0,0,1,1,1,1,19,4,1900,2,12,2,1,2
2018200298968,2,9,0,18,0,8,0,0,0,0,1,1,1,2,42,7,2143,2,5,2,1,2
2018200298968,3,9,0,18,0,8,0,0,0,0,4,1,1,2,38,7,1598,1,11,4,1,4
2018200298979,1,9,0,18,0,0,0,0,0,0,3,1,6,3,-1,-1,-1,-1,-1,-1,-1,-1
2018200298988,1,9,0,18,0,0,0,0,0,0,0,1,6,3,-1,-1,-1,-1,-1,-1,-1,-1
2018200298988,2,9,0,12,0,0,0,0,0,0,2,1,6,2,51,8,1598,2,1,5,1,5
2018200298988,3,9,0,18,0,0,1,10,7,6,1,1,2,1,42,7,1781,1,15,3,1,3
2018200298988,4,9,0,18,0,0,1,0,0,0,1,1,2,2,22,5,1968,2,3,10,1,10
2018200299001,1,9,0,18,0,0,0,0,0,0,1,1,1,1,33,6,1997,1,14,1,1,1
2018200299025,1,9,0,18,0,2,0,0,0,0,1,1,6,1,-1,-1,-1,-1,-1,-1,-1,-1
2018200299034,1,9,0,18,0,2,0,0,0,0,1,1,3,1,47,8,1598,1,10,4,1,4
2018200299060,1,9,0,18,0,8,0,0,0,0,1,1,6,1,68,10,1399,2,11,-1,-1,-1
2018200299060,2,23,0,9,0,6,0,0,0,0,1,1,2,1,22,5,124,1,2,-1,-1,-1
2018200299062,1,9,0,4,0,2,0,0,0,0,1,1,3,3,44,7,1794,1,10,2,1,2
2018200299062,2,1,0,18,0,2,0,0,0,0,1,1,6,1,3,1,-1,-1,-1,-1,-1,-1
2018200299081,1,9,0,5,0,1,0,0,0,0,1,1,6,2,38,7,1360,1,17,5,2,5
2018200299081,2,9,0,5,0,1,0,0,0,0,2,1,6,1,47,8,1997,2,10,3,2,3
2018200299110,1,9,0,17,0,2,0,0,0,0,3,1,6,1,20,4,1461,2,4,2,1,2
2018200299110,2,9,0,16,0,1,0,10,1,0,4,1,6,1,78,11,1951,2,16,1,1,1
2018200299113,1,3,0,18,0,8,0,0,0,0,1,1,6,1,19,4,125,1,3,1,1,1
2018200299113,2,9,0,9,0,6,0,0,0,0,1,1,6,1,62,9,1499,2,1,1,1,1
2018200299113,3,9,0,2,0,1,0,0,0,0,0,1,6,3,-1,-1,1968,2,6,-1,-1,-1
2018200299122,1,8,0,5,0,6,0,0,0,0,1,1,1,1,26,6,2143,12,3,9,1,9
2018200299122,2,9,0,1,0,8,0,0,0,0,2,1,6,2,33,6,1995,2,7,-1,-1,-1
2018200299132,1,9,0,18,0,0,0,0,0,0,1,1,6,2,39,7,1229,1,3,2,1,2
2018200299134,1,9,0,5,0,0,0,0,0,0,0,1,6,1,-1,-1,-1,-1,-1,-1,-1,-1
2018200299158,1,9,0,18,0,1,0,0,0,0,2,1,6,1,-1,-1,-1,-1,-1,-1,-1,-1
2018200299158,2,1,0,18,0,1,0,0,0,0,1,1,6,1,13,3,-1,-1,-1,5,1,5
2018200299169,1,9,0,18,0,0,0,0,0,0,1,1,6,3,-1,-1,1799,1,12,-1,-1,-1
2018200299169,2,97,0,18,0,0,0,0,0,0,1,1,6,1,16,4,-1,-1,-1,4,1,4
2018200299169,3,9,0,18,0,0,0,0,0,0,1,1,6,1,43,7,875,1,6,6,1,6
2018200299169,4,19,0,2,6,0,0,0,0,0,3,1,6,1,28,6,2198,2,8,1,1,1
2018200299169,5,9,0,2,0,0,0,0,0,0,3,1,6,3,-1,-1,2143,2,7,-1,-1,-1
2018200299169,6,9,0,18,0,0,0,0,0,0,1,1,6,1,48,8,2148,2,12,2,1,2
2018200299171,1,9,0,1,0,0,0,0,0,0,2,1,6,1,33,6,1598,1,14,4,1,4
2018200299186,1,9,0,18,0,0,0,0,0,0,1,1,6,1,-1,-1,-1,-1,-1,-1,-1,-1
2018200299194,1,9,0,18,0,3,0,0,0,0,1,1,6,1,-1,-1,1595,1,15,5,1,5
2018200299227,1,9,0,9,0,6,0,0,0,0,1,1,6,2,49,8,2204,2,13,2,1,2
2018200299227,2,9,0,18,0,8,0,0,0,0,1,1,6,2,28,6,1328,1,8,2,1,2
2018200299227,3,9,0,18,0,8,0,0,0,0,4,1,6,2,-1,-1,-1,-1,-1,-1,-1,-1
2018200299233,1,9,0,9,0,6,0,0,0,0,1,1,6,1,-1,-1,2480,1,3,-1,-1,-1
2018200299233,2,9,0,18,0,8,0,0,0,0,4,1,3,2,30,6,1598,1,6,2,1,2
2018200299241,1,9,0,18,0,1,0,0,0,0,1,1,6,1,20,4,998,1,2,1,1,1
2018200299246,1,9,0,18,0,0,0,0,0,0,1,1,6,1,32,6,1986,2,12,1,1,1
2018200299251,1,9,0,18,0,0,0,0,0,0,1,1,6,2,23,5,1198,1,5,2,1,2
2018200299255,1,9,0,18,0,0,0,10,1,2,4,1,6,1,51,8,1598,1,19,1,1,1
2018200299261,1,9,0,18,0,8,0,10,3,10,1,1,6,1,47,8,1995,2,9,2,1,2
2018200299291,1,9,0,18,0,0,0,4,0,0,4,1,6,1,-1,-1,1995,2,14,-1,-1,-1
2018200299291,2,9,0,2,0,0,0,0,0,0,3,1,6,1,46,8,1956,2,8,1,1,1
2018200299322,1,9,0,18,0,4,0,0,0,0,0,1,6,3,-1,-1,-1,-1,-1,-1,-1,-1
2018200299322,2,9,0,9,0,4,5,10,3,0,0,1,6,1,20,4,1590,1,17,1,1,1
2018200299338,1,9,0,7,0,5,0,0,0,0,1,1,6,1,40,7,-1,-1,-1,-1,-1,-1
2018200299344,1,19,0,1,0,0,0,0,0,0,2,1,6,3,-1,-1,1995,2,1,-1,-1,-1
2018200299344,2,3,0,18,0,0,0,0,0,0,1,1,1,1,30,6,108,1,-1,7,1,7
2018200299359,1,19,0,18,0,1,1,0,0,0,1,1,1,2,32,6,1997,2,4,-1,-1,-1
2018200299359,2,9,0,10,0,1,0,0,0,0,2,1,6,2,41,7,998,1,4,1,1,1
2018200299384,1,9,0,4,0,0,0,0,0,0,2,1,6,1,-1,-1,2993,2,14,-1,-1,-1
2018200299384,2,9,0,3,0,0,0,0,0,0,2,1,6,2,58,9,1769,1,15,10,1,10
2018200299384,3,9,0,3,0,0,0,0,0,0,1,1,6,2,21,5,998,1,4,7,3,7
2018200299397,1,98,0,5,0,1,0,0,0,0,1,1,1,1,58,9,-1,-1,-1,4,1,4
2018200299452,1,9,0,18,0,1,0,0,0,0,1,1,6,3,55,8,-1,-1,-1,2,1,2
2018200299452,2,9,0,12,0,1,0,0,0,0,3,1,6,1,32,6,1248,2,4,1,1,1
2018200299452,3,9,0,7,0,5,0,0,0,0,0,1,6,2,33,6,998,1,4,4,1,4
2018200299456,1,9,0,18,0,0,0,10,7,2,1,1,6,1,-1,-1,1200,1,1,-1,-1,-1
2018200299456,2,9,0,18,0,0,0,0,0,0,0,1,1,1,40,7,1598,2,2,-1,-1,-1
2018200299457,1,9,0,10,0,1,0,0,0,0,1,1,6,1,-1,-1,2362,8,8,4,1,4
2018200299468,1,9,0,18,0,1,0,0,0,0,0,1,1,1,19,4,1984,1,-1,8,1,8
2018200299532,1,9,0,5,0,0,0,0,0,0,2,1,6,1,-1,-1,1339,1,11,1,1,1
2018200299548,1,9,0,18,0,0,0,7,6,4,1,1,6,1,38,7,1995,2,2,5,1,5
2018200299568,1,9,0,18,0,0,0,0,0,0,4,1,6,3,-1,-1,1364,1,11,-1,-1,-1
2018200299577,1,9,0,18,0,0,0,0,0,0,1,1,6,1,50,8,1995,2,10,2,1,2
2018200299683,1,9,0,7,0,5,0,0,0,0,3,1,6,1,-1,-1,1598,1,9,-1,-1,-1
2018200299699,1,9,0,7,0,5,0,0,0,0,4,1,6,1,48,8,1560,2,11,4,1,4
2018200299699,2,1,0,18,4,8,0,0,0,0,4,1,2,1,43,7,-1,-1,-1,9,1,9
2018200299723,1,9,0,4,0,8,0,0,0,0,1,1,6,1,28,6,1596,1,16,6,1,6
2018200299749,1,9,0,18,0,0,5,0,7,0,1,1,6,1,18,4,1600,2,9,4,1,4
2018200299763,1,8,0,18,0,8,0,0,0,0,2,1,1,1,-1,-1,1791,8,7,-1,-1,-1
2018200299763,2,9,0,18,0,8,0,0,0,0,1,1,6,1,-1,-1,1598,1,11,3,1,3
2018200299777,1,9,0,18,0,8,0,0,0,0,3,1,6,1,26,6,1598,1,3,3,1,3
2018200299777,2,9,0,9,0,4,0,0,0,0,1,1,6,1,20,4,1997,2,13,-1,-1,-1
2018200299792,1,9,0,7,0,3,0,0,0,0,3,1,2,2,29,6,1461,2,2,1,1,1
2018200299792,2,9,0,18,0,8,0,0,0,0,4,1,6,3,-1,-1,1984,1,-1,-1,-1,-1
2018200299810,1,9,0,18,0,0,0,0,0,0,4,1,6,1,40,7,1896,2,12,1,1,1
2018200299819,1,9,0,17,0,1,0,0,0,0,1,1,6,1,48,8,1248,2,7,3,1,3
2018200299819,2,9,0,7,0,3,0,0,0,0,1,1,6,1,56,9,1598,1,8,5,1,5
2018200299849,1,9,0,13,0,0,0,0,0,0,1,1,6,1,29,6,1910,2,12,1,1,1
2018200299849,2,9,0,17,0,0,0,0,0,0,1,1,6,1,24,5,1390,1,8,7,1,7
2018200299875,1,9,0,9,0,6,0,0,0,0,1,1,6,1,22,5,1995,2,8,6,1,6
2018200299892,1,9,0,18,0,1,0,0,0,0,1,1,6,1,-1,-1,1997,2,8,-1,-1,-1
2018200299892,2,9,0,3,0,1,0,0,0,0,2,1,6,2,56,9,1560,2,9,10,1,10
2018200299895,1,3,0,18,0,0,1,4,0,0,1,1,6,1,30,6,124,1,5,5,1,5
2018200299895,2,9,0,2,0,0,0,0,0,0,2,1,6,2,58,9,796,1,11,4,1,4
2018200299934,1,9,0,9,0,5,0,0,0,0,4,1,6,2,31,6,1560,2,9,2,1,2
2018200299934,2,3,0,18,0,8,0,0,0,0,1,1,6,1,27,6,124,1,2,-1,-1,-1
2018200299935,1,9,0,13,0,8,0,10,7,0,1,1,6,2,22,5,1248,2,10,5,1,5
2018200299935,2,9,0,9,0,5,0,0,0,0,3,1,6,2,26,6,1910,2,11,1,1,1
2018200299943,1,9,0,1,0,2,0,0,0,0,2,1,6,1,-1,-1,3947,1,22,-1,-1,-1
2018200299943,2,9,0,3,0,1,0,0,0,0,1,1,6,1,41,7,2268,2,5,4,1,4
2018200299945,1,9,0,17,0,0,2,0,1,10,1,1,6,1,18,4,2996,1,12,3,1,3
2018200299966,1,9,0,18,0,3,0,0,0,0,1,1,6,1,-1,-1,1248,2,10,-1,-1,-1
2018200299966,2,9,0,11,0,8,0,0,0,0,4,1,2,2,31,6,1598,1,12,2,1,2
2018200299967,1,9,0,18,0,4,0,0,0,0,1,1,6,2,20,4,1229,1,6,1,1,1
2018200299967,2,9,0,18,0,8,0,0,0,0,4,1,6,1,79,11,1200,1,1,3,1,3
2018200299973,1,9,0,1,0,0,0,0,0,0,2,1,6,1,-1,-1,1900,2,19,-1,-1,-1
2018200299973,2,9,0,3,0,0,0,0,0,0,1,1,6,1,-1,-1,2979,1,16,4,1,4
2018200299975,1,9,0,9,0,6,0,0,0,0,1,1,1,1,30,6,-1,-1,-1,1,1,1
2018200299975,2,9,0,18,0,2,0,0,0,0,3,1,6,2,50,8,1560,2,9,3,1,3
2018200299981,1,11,0,18,2,2,0,0,0,0,0,1,1,1,47,8,6700,2,2,2,1,2
2018200299981,2,98,0,18,0,6,0,0,0,0,0,1,6,3,-1,-1,-1,-1,-1,-1,-1,-1
2018200299983,1,3,0,18,0,1,0,0,0,0,1,1,6,1,20,4,-1,-1,-1,1,1,1
2018200299983,2,9,0,4,0,1,0,0,0,0,2,1,6,2,31,6,1968,2,4,1,1,1
2018200299984,1,21,4,11,0,0,0,0,0,0,4,1,1,1,55,8,12902,2,4,3,1,3
2018200299984,2,9,0,15,0,0,2,7,7,1,3,1,6,2,82,11,1389,1,20,4,1,4
2018200299986,1,9,0,18,0,0,0,0,0,0,4,1,6,2,64,9,1560,2,11,8,1,8
2018200299988,1,9,0,18,0,8,0,0,0,0,4,1,6,1,-1,-1,-1,-1,-1,-1,-1,-1
2018200299988,2,9,0,10,0,8,0,0,0,0,3,1,6,1,42,7,1339,1,15,1,1,1
2018200299990,1,9,0,18,0,1,0,0,0,0,1,1,6,1,19,4,1461,2,4,9,1,9
2018200299990,2,9,0,3,0,1,0,0,0,0,2,1,6,1,32,6,1461,2,1,3,1,3
2018200299992,1,9,0,9,0,5,0,0,0,0,1,1,1,2,20,4,1229,1,9,1,1,1
2018200299992,2,9,0,15,0,8,0,0,0,0,4,1,2,2,44,7,1685,2,1,10,1,10
2018200300000,1,9,0,18,0,0,0,0,0,0,4,1,6,3,-1,-1,-1,-1,-1,-1,-1,-1
2018200300003,1,9,0,18,0,1,0,0,0,0,1,1,6,1,28,6,1396,1,18,3,1,3
2018200300003,2,1,0,18,0,1,0,0,0,0,3,1,6,1,11,3,-1,-1,-1,3,1,3
2018200300005,1,9,0,8,9,8,0,0,0,0,4,1,1,1,41,7,1461,2,13,2,1,2
2018200300005,2,1,0,18,9,8,0,0,0,0,1,1,1,1,24,5,-1,-1,-1,2,1,2
2018200300007,1,9,0,18,0,0,5,10,1,4,1,1,6,2,31,6,1900,2,12,1,1,1
2018200300010,1,9,0,7,0,5,0,0,0,0,4,1,6,2,41,7,999,1,6,10,1,10
2018200300010,2,1,0,18,0,8,0,0,0,0,1,1,6,1,35,6,-1,-1,-1,9,1,9
2018200300013,1,9,0,11,0,0,0,0,0,0,1,1,6,3,-1,-1,2995,1,7,-1,-1,-1
2018200300013,2,9,0,18,0,0,0,10,1,0,2,1,2,1,37,7,1229,1,3,6,2,6
2018200300013,3,8,0,18,0,0,0,0,0,0,1,1,2,1,34,6,1910,2,11,3,1,3
2018200300019,1,9,0,13,0,1,0,0,0,0,1,1,6,3,-1,-1,1956,2,8,-1,-1,-1
2018200300019,2,9,0,18,0,1,0,0,0,0,1,1,6,2,-1,-1,-1,-1,-1,-1,-1,-1
2018200300019,3,9,0,18,0,2,0,0,0,0,4,1,6,2,42,7,1995,2,4,8,1,8
2018200300019,4,9,0,18,0,2,0,0,0,0,4,1,6,1,32,6,1896,2,13,1,1,1
2018200300022,1,9,0,18,0,0,0,0,0,0,1,1,6,2,-1,-1,-1,-1,-1,-1,-1,-1
2018200300022,2,1,0,18,0,0,0,0,0,0,3,1,6,1,19,4,-1,-1,-1,1,1,1
2018200300104,1,9,0,18,0,1,0,0,0,0,1,1,6,1,-1,-1,1984,1,17,-1,-1,-1
2018200300104,2,8,0,3,0,1,0,0,0,0,2,1,1,1,58,9,2402,2,13,3,1,3
2018200300114,1,9,0,18,0,1,0,4,0,0,1,1,6,1,31,6,1598,1,15,1,1,1
2018200300114,2,9,0,7,0,1,0,0,0,0,1,1,6,1,24,5,1198,1,6,4,1,4
2018200300114,3,9,0,2,0,1,0,0,0,0,3,1,5,1,32,6,1896,2,15,-1,-1,-1
2018200300114,4,9,0,2,0,1,0,0,0,0,3,1,5,3,-1,-1,1398,1,8,-1,-1,-1
2018200300142,1,9,0,4,0,1,0,0,0,0,1,1,6,1,21,5,2996,1,12,1,1,1
2018200300142,2,9,0,3,0,1,0,0,0,0,2,1,6,1,50,8,1390,1,10,1,1,1
2018200300142,3,9,0,5,0,1,0,0,0,0,2,1,6,1,36,7,998,1,15,1,1,1
2018200300170,1,19,0,7,0,6,1,10,0,0,1,1,6,1,26,6,2198,2,11,6,1,6
2018200300170,2,9,0,18,0,8,1,7,0,0,1,1,6,1,18,4,1596,1,9,8,1,8
2018200300181,1,9,0,9,0,1,0,0,0,0,2,1,6,1,64,9,1242,1,8,3,1,3
2018200300181,2,98,0,18,0,1,0,0,0,0,1,1,6,1,-1,-1,-1,-1,-1,-1,-1,-1
2018200300184,1,11,0,3,0,0,0,0,0,0,0,1,1,3,-1,-1,-1,-1,-1,-1,-1,-1
2018200300191,1,98,0,18,0,0,0,0,0,0,0,1,1,3,-1,-1,-1,-1,-1,-1,-1,-1
2018200300191,2,9,0,18,0,0,0,0,0,0,1,1,6,2,27,6,-1,-1,-1,1,1,1
2018200300192,1,9,0,18,0,0,0,0,0,0,1,1,1,1,63,9,-1,-1,-1,5,1,5
2018200300200,1,9,0,18,0,1,0,0,0,0,0,1,6,2,51,8,1685,2,1,2,1,2
2018200300218,1,9,0,16,0,8,0,4,7,11,1,1,6,1,34,6,1968,2,9,1,1,1
2018200300218,2,9,0,2,0,8,0,0,0,0,1,1,5,1,29,6,973,1,20,3,1,3
2018200300219,1,8,0,9,0,6,0,0,0,0,1,1,1,1,-1,-1,1798,8,2,1,1,1
2018200300219,2,1,0,18,0,2,0,0,0,0,1,1,4,1,14,3,-1,-1,-1,1,1,1
2018200300238,1,19,0,12,0,0,0,0,0,0,3,1,6,3,27,6,1248,2,10,3,1,3
2018200300238,2,5,0,18,0,0,0,0,0,0,4,1,2,1,59,9,689,1,3,3,1,3
2018200300243,1,9,0,1,0,0,0,0,0,0,4,1,6,1,31,6,2998,2,35,7,3,7
2018200300243,2,9,0,18,0,0,0,7,1,10,1,1,6,3,-1,-1,1596,1,13,-1,-1,-1
2018200300282,1,9,0,11,0,3,0,0,0,0,3,1,5,2,-1,-1,1896,2,13,5,1,5
2018200300282,2,9,0,18,0,3,0,0,0,0,3,1,6,2,30,6,1896,2,13,1,1,1
2018200300293,1,9,0,9,0,6,0,0,0,0,4,1,1,1,32,6,1910,2,10,10,2,10
2018200300293,2,9,0,17,0,8,0,0,0,0,1,1,6,1,-1,-1,1968,2,10,-1,-1,-1
2018200300296,1,9,0,18,0,0,0,0,0,0,1,1,6,1,-1,-1,1395,1,3,-1,-1,-1
2018200300296,2,9,0,3,0,0,0,0,0,0,2,1,6,1,35,6,1618,1,3,1,1,1
2018200300304,1,9,0,18,0,4,0,0,0,0,3,1,1,1,49,8,-1,-1,-1,4,1,4
2018200300304,2,1,0,18,0,4,0,0,0,0,4,1,1,1,25,5,-1,-1,-1,1,1,1
2018200300309,1,9,0,18,0,0,0,0,0,0,1,1,6,1,-1,-1,1598,1,12,-1,-1,-1
2018200300314,1,9,0,7,0,6,0,0,0,0,1,1,6,1,43,7,1995,2,13,2,1,2
2018200300314,2,9,0,18,0,1,1,0,0,0,1,1,6,3,-1,-1,1396,1,16,-1,-1,-1
2018200300329,1,11,0,18,0,0,0,0,0,0,1,1,1,1,66,10,6700,2,2,3,1,3
2018200300332,1,9,0,18,0,8,0,0,0,0,4,1,6,2,53,8,1968,2,8,1,1,1
2018200300332,2,9,0,7,0,6,0,0,0,0,1,1,6,2,51,8,1598,2,1,1,1,1
2018200300345,1,9,0,7,0,5,0,0,0,0,1,1,6,2,51,8,1388,1,15,7,1,7
2018200300352,1,9,0,9,0,2,0,0,0,0,1,1,6,2,21,5,998,1,12,4,1,4
2018200300359,1,9,0,5,0,6,0,0,0,0,1,1,6,3,-1,-1,2993,2,15,-1,-1,-1
2018200300359,2,9,0,18,0,8,0,0,0,0,4,1,6,2,27,6,998,1,10,1,1,1
2018200300363,1,9,0,18,0,1,0,0,0,0,1,1,6,1,-1,-1,1598,2,2,-1,-1,-1
2018200300447,1,9,0,5,0,0,0,0,0,0,2,1,6,3,-1,-1,-1,-1,-1,-1,-1,-1
2018200300447,2,1,0,18,0,0,0,0,0,0,1,1,6,1,53,8,-1,-1,-1,6,1,6
2018200300472,1,9,0,18,0,1,0,0,0,0,1,1,6,3,-1,-1,2993,2,1,-1,-1,-1
2018200300472,2,9,0,10,0,1,0,0,0,0,2,1,6,1,26,6,1329,1,6,2,1,2
2018200300472,3,9,0,3,0,1,0,0,0,0,2,1,6,1,-1,-1,1910,2,12,-1,-1,-1
2018200300518,1,8,0,18,0,8,0,0,0,0,1,1,1,1,-1,-1,2402,2,11,-1,-1,-1
2018200300518,2,9,0,5,0,6,0,0,0,0,1,1,6,2,-1,-1,-1,-1,-1,-1,-1,-1
2018200300548,1,9,0,18,0,2,0,0,0,0,1,1,6,1,-1,-1,1587,1,13,-1,-1,-1
2018200300548,2,8,0,18,0,2,0,0,0,0,2,1,6,1,29,6,1995,2,6,2,1,2
2018200300548,3,9,0,3,0,1,0,0,0,0,3,1,6,2,43,7,1997,2,6,6,1,6
2018200300553,1,9,0,18,0,0,1,0,0,0,4,1,6,1,52,8,1398,2,15,3,1,3
2018200300563,1,9,0,5,0,0,0,0,0,0,1,1,6,3,-1,-1,1598,2,5,-1,-1,-1
2018200300563,2,1,0,18,0,0,0,0,0,0,2,1,6,1,29,6,-1,-1,-1,5,1,5
2018200300610,1,9,0,18,0,8,0,10,1,0,1,1,6,1,-1,-1,2000,2,14,-1,-1,-1
2018200300610,2,9,0,9,0,5,0,10,7,0,1,1,6,1,84,11,2435,1,14,5,1,5
2018200300619,1,9,0,5,0,4,0,0,0,0,3,1,6,2,52,8,1499,8,1,10,1,10
2018200300619,2,3,0,18,0,3,0,10,2,0,4,1,6,1,34,6,124,1,10,1,1,1
2018200300640,1,9,0,9,0,6,0,0,0,0,1,1,6,1,-1,-1,1598,2,1,-1,-1,-1
2018200300640,2,22,0,18,0,2,0,0,0,0,3,1,6,2,53,8,-1,-1,-1,1,1,1
2018200300653,1,9,0,18,0,0,0,0,0,0,1,1,6,1,-1,-1,-1,-1,-1,-1,-1,-1
2018200300663,1,19,0,18,0,1,1,0,0,0,1,1,6,1,59,9,2384,2,23,2,1,2
2018200300663,2,9,0,4,0,1,0,0,0,0,3,1,6,2,47,8,1120,2,5,7,1,7
2018200300669,1,9,0,18,0,2,0,4,0,0,1,1,6,2,-1,-1,2967,2,-1,-1,-1,-1
2018200300669,2,8,0,2,0,2,0,0,0,0,2,1,6,1,48,8,2499,2,9,2,1,2
2018200300687,1,9,0,18,0,1,0,0,0,0,1,1,6,1,-1,-1,2143,2,1,-1,-1,-1
2018200300687,2,9,0,8,0,1,0,0,0,0,2,1,6,1,57,9,1399,2,6,9,1,9
2018200300687,3,9,0,8,0,1,0,0,0,0,2,1,6,1,75,10,1598,1,10,3,1,3
2018200300688,1,9,0,1,0,2,0,0,0,0,2,1,6,2,19,4,1124,1,10,10,1,10
2018200300707,1,9,0,4,0,1,0,0,0,0,1,1,6,1,38,7,2993,2,11,6,1,6
2018200300724,1,9,0,18,0,2,0,0,0,0,1,1,6,2,-1,-1,1248,1,-1,2,1,2
2018200300743,1,9,0,18,0,0,0,10,0,0,1,1,2,1,61,9,1997,1,4,2,1,2
2018200300743,2,9,0,18,0,0,0,0,0,0,1,1,6,3,-1,-1,-1,-1,-1,-1,-1,-1
2018200300750,1,9,0,18,0,0,0,0,0,0,3,1,6,2,-1,-1,1968,2,11,2,1,2
2018200300750,2,9,0,5,0,0,0,0,0,0,3,1,6,2,17,4,1461,2,1,1,1,1
2018200300751,1,9,0,18,0,4,0,0,0,0,3,1,6,3,-1,-1,-1,-1,-1,-1,-1,-1
2018200300751,2,9,0,18,0,8,0,0,0,0,1,1,6,1,25,5,1900,2,13,5,1,5
2018200300753,1,9,0,7,0,6,0,0,0,0,1,1,6,1,53,8,1598,1,16,7,1,7
2018200300753,2,1,0,18,0,8,0,0,0,0,2,1,6,1,16,4,-1,-1,-1,5,1,5
2018200300755,1,8,0,5,0,0,0,0,0,0,0,1,1,1,30,6,-1,-1,-1,-1,-1,-1
2018200300756,1,9,0,13,1,0,0,0,0,0,1,1,1,1,38,7,2143,2,3,2,1,2
2018200300756,2,9,0,18,1,0,0,0,0,0,3,1,6,1,27,6,898,1,2,1,1,1
2018200300756,3,9,0,18,1,0,0,0,0,0,1,1,6,2,37,7,1248,1,-1,5,1,5
2018200300813,1,9,0,18,0,0,0,0,0,0,1,1,6,1,30,6,1991,1,4,-1,-1,-1
2018200300813,2,9,0,18,0,0,1,7,4,0,2,1,6,1,39,7,998,1,8,1,1,1
2018200300837,1,9,0,1,0,0,0,0,0,0,2,1,6,1,-1,-1,1998,2,11,-1,-1,-1
2018200300837,2,9,0,3,0,0,0,0,0,0,3,1,6,1,67,10,1598,1,14,2,1,2
2018200300870,1,9,0,18,0,1,0,0,0,0,1,1,6,1,25,5,1900,2,11,-1,-1,-1
2018200300870,2,9,0,3,0,1,0,0,0,0,2,1,6,2,32,6,1461,2,5,2,1,2