Accident_Index,Vehicle_Reference,Vehicle_Type,Towing_and_Articulation,Vehicle_Manoeuvre,Vehicle_Location-Restricted_Lane,Junction_Location,Skidding_and_Overturning,Hit_Object_in_Carriageway,Vehicle_Leaving_Carriageway,Hit_Object_off_Carriageway,1st_Point_of_Impact,Was_Vehicle_Left_Hand_Drive?,Journey_Purpose_of_Driver,Sex_of_Driver,Age_of_Driver,Age_Band_of_Driver,Engine_Capacity_(CC),Propulsion_Code,Age_of_Vehicle,Driver_IMD_Decile,Driver_Home_Area_Type,Vehicle_IMD_Decile
2018200304628,1,9,0,9,0,5,0,0,0,0,1,1,6,1,25,5,2198,1,17,2,1,2
2018200304657,1,9,0,18,0,4,0,0,0,0,1,1,6,1,20,4,1896,2,13,-1,-1,-1
2018200304657,2,9,0,9,0,8,0,0,0,0,4,1,6,2,25,5,1242,1,7,7,1,7
2018200304673,1,11,0,18,0,1,0,0,0,0,1,1,1,1,22,5,6700,2,6,2,1,2
2018200304673,2,9,0,7,0,1,0,0,0,0,2,1,6,1,-1,-1,1596,1,17,5,1,5
2018200304694,1,9,0,18,0,4,0,0,0,0,3,1,6,1,26,6,2979,1,2,-1,1,-1
2018200304694,2,9,0,18,0,8,0,9,7,0,1,1,6,1,46,8,1968,2,1,1,1,1
2018200304764,1,9,0,17,0,0,0,0,0,0,1,1,6,2,-1,-1,1461,2,5,-1,-1,-1
2018200304764,2,9,0,17,0,0,0,0,0,0,2,1,5,1,35,6,1323,1,16,5,1,5
2018200304781,1,9,0,14,0,0,0,0,0,0,4,1,6,1,28,6,1997,2,5,8,1,8
2018200304781,2,1,0,18,0,0,0,0,0,0,3,1,6,1,42,7,-1,-1,-1,4,1,4
2018200304787,1,9,0,5,9,6,0,0,0,0,4,1,6,2,62,9,1995,2,8,5,1,5
2018200304813,1,98,1,18,0,0,0,0,0,0,3,1,1,1,51,8,-1,-1,-1,-1,-1,-1
2018200304813,2,9,0,18,0,0,1,0,0,0,4,1,2,1,26,6,1461,2,2,5,2,5
2018200304879,1,9,0,18,0,0,0,0,0,0,1,1,6,1,35,6,-1,-1,-1,-1,-1,-1
2018200304912,1,98,0,1,0,2,0,0,0,0,2,1,1,1,-1,-1,-1,-1,-1,-1,-1,-1
2018200304912,2,9,0,3,0,1,0,0,0,0,1,1,5,1,60,9,1242,1,8,1,1,1
2018200304922,1,97,0,18,0,0,0,0,0,0,4,1,6,1,34,6,-1,-1,-1,1,1,1
2018200304922,2,9,0,18,0,0,0,0,0,0,1,1,6,1,63,9,1896,2,11,1,1,1
2018200304923,1,9,0,18,0,1,0,0,0,0,1,1,6,3,-1,-1,-1,-1,-1,-1,-1,-1
2018200304946,1,9,0,9,0,5,0,0,0,0,1,1,6,3,-1,-1,1197,1,1,-1,-1,-1
2018200304959,1,9,0,11,0,3,0,0,0,0,4,1,6,2,23,5,1395,1,3,8,2,8
2018200304959,2,9,0,18,0,3,1,7,2,0,3,1,6,2,34,6,1248,2,6,3,1,3
2018200304975,1,9,0,18,0,0,0,0,0,0,1,1,6,3,-1,-1,1124,1,18,-1,-1,-1
2018200304988,1,9,0,9,0,6,0,10,0,0,3,1,6,1,-1,-1,1900,2,19,-1,-1,-1
2018200304988,2,9,0,18,0,8,0,0,0,0,1,1,6,2,41,7,1496,1,1,2,1,2
2018200305010,1,19,0,1,0,2,0,0,0,0,3,1,6,1,-1,-1,2198,2,4,-1,-1,-1
2018200305010,2,19,0,3,0,1,0,0,0,0,3,1,6,1,42,7,1868,2,16,2,1,2
2018200305010,3,9,0,3,0,1,0,0,0,0,1,1,6,1,44,7,1396,1,18,-1,-1,-1
2018200305021,1,9,0,2,0,0,0,0,0,0,4,1,6,1,58,9,1364,2,8,2,1,2
2018200305021,2,1,0,18,0,0,0,8,0,0,1,1,6,1,48,8,-1,-1,-1,1,1,1
2018200305038,1,9,0,9,0,6,0,0,0,0,0,1,6,2,37,7,1798,8,5,10,1,10
2018200305038,2,1,0,18,0,8,0,0,0,0,3,1,1,1,36,7,-1,-1,-1,1,1,1
2018200305050,1,9,0,7,0,6,0,0,0,0,1,1,6,1,24,5,2143,2,2,1,1,1
2018200305050,2,9,0,18,0,8,0,0,0,0,4,1,2,2,26,6,1149,1,9,1,1,1
2018200305050,3,9,0,18,0,8,0,0,0,0,3,1,6,1,-1,-1,-1,-1,-1,-1,-1,-1
2018200305109,1,9,0,18,0,0,0,0,0,0,4,1,6,3,-1,-1,-1,-1,-1,-1,-1,-1
2018200305114,1,9,0,18,0,0,0,7,2,7,1,1,2,2,35,6,1686,2,14,2,1,2
2018200305114,2,21,0,18,0,0,0,0,0,0,1,1,1,1,45,7,10837,2,3,2,1,2
2018200305129,1,9,0,18,0,0,0,0,0,0,1,1,6,3,-1,-1,-1,-1,-1,-1,-1,-1
2018200305164,1,9,0,2,0,0,0,0,0,0,3,1,1,2,45,7,1242,1,8,2,1,2
2018200305164,2,9,0,18,0,0,0,0,0,0,1,1,1,1,57,9,1956,2,9,3,1,3
2018200305164,3,9,0,18,0,0,0,8,0,0,4,1,1,1,30,6,1149,1,12,2,1,2
2018200305164,4,9,0,18,0,0,0,0,0,0,4,1,6,1,41,7,1149,1,13,2,1,2
2018200305170,1,19,0,9,0,5,0,0,0,0,3,1,6,1,-1,-1,1995,2,10,-1,3,-1
2018200305170,2,3,0,13,0,8,0,0,0,0,1,1,6,1,19,4,124,1,2,7,1,7
2018200305252,1,9,0,14,0,0,2,10,7,10,1,1,6,3,-1,-1,-1,-1,-1,-1,-1,-1
2018200305252,2,1,0,18,0,0,0,10,1,0,1,1,6,2,48,8,-1,-1,-1,-1,3,-1
2018200305252,3,1,0,18,0,0,0,10,1,0,1,1,6,1,50,8,-1,-1,-1,3,1,3
2018200305324,1,9,0,3,0,1,0,0,0,0,2,1,6,2,40,7,1896,2,11,1,1,1
2018200305324,2,9,0,18,0,1,0,0,0,0,1,1,6,3,-1,-1,1329,1,5,-1,-1,-1
2018200305358,1,9,0,18,0,2,0,10,2,5,1,1,5,1,59,9,1598,1,14,1,1,1
2018200305391,1,9,0,4,0,1,0,0,0,0,4,1,6,2,-1,-1,996,1,4,-1,-1,-1
2018200305391,2,9,0,10,0,1,0,0,0,0,2,1,3,2,28,6,1198,1,12,1,1,1
2018200305428,1,9,0,12,0,2,0,0,0,0,1,1,6,1,29,6,1968,2,12,2,1,2
2018200305432,1,9,0,18,0,0,0,0,0,0,1,1,6,1,33,6,1968,2,4,2,1,2
2018200305432,2,9,0,2,0,0,0,0,0,0,3,1,6,2,38,7,1364,1,10,-1,-1,-1
2018200305445,1,9,0,18,0,0,0,0,0,0,1,1,6,3,-1,-1,-1,-1,-1,-1,-1,-1
2018200305469,1,9,0,17,0,0,0,0,0,0,4,1,6,1,52,8,1242,1,3,6,1,6
2018200305499,1,9,0,18,0,1,0,0,0,0,1,1,6,1,56,9,1461,2,3,2,1,2
2018200305499,2,1,0,18,0,8,0,0,0,0,1,1,6,1,24,5,-1,-1,-1,1,1,1
2018200305516,1,9,0,3,0,1,0,0,0,0,4,1,6,2,60,9,998,1,6,1,1,1
2018200305516,2,97,0,18,0,1,0,0,0,0,1,1,6,3,-1,-1,-1,-1,-1,-1,-1,-1
2018200305516,3,9,0,18,0,1,0,0,0,0,0,1,1,3,-1,-1,-1,-1,-1,-1,-1,-1
2018200305541,1,23,0,18,0,8,1,0,0,0,1,1,6,3,-1,-1,-1,-1,-1,-1,-1,-1
2018200305541,2,1,0,7,0,8,1,0,0,0,4,1,6,1,8,2,-1,-1,-1,2,1,2
2018200305552,1,9,0,18,0,0,1,0,0,0,1,1,6,2,-1,-1,2979,1,1,1,1,1
2018200305552,2,9,0,18,0,0,0,0,0,0,2,1,6,1,68,10,2987,2,11,5,1,5
2018200305552,3,21,1,18,0,0,0,0,0,0,3,1,1,1,59,9,-1,2,3,3,2,3
2018200305599,1,9,0,18,0,2,0,10,7,0,1,1,6,1,40,7,1598,1,11,-1,-1,-1
2018200305599,2,9,0,2,0,1,0,0,0,0,1,1,6,2,46,8,1395,1,2,1,1,1
2018200305639,1,9,0,18,0,8,0,0,0,0,1,1,6,1,-1,-1,-1,-1,-1,-1,-1,-1
2018200305653,1,9,0,18,0,0,0,0,0,0,2,1,6,1,-1,-1,-1,-1,-1,-1,-1,-1
2018200305653,2,1,0,18,0,0,0,0,0,0,2,1,6,1,15,3,-1,-1,-1,1,1,1
2018200305665,1,9,0,18,0,0,0,4,0,0,1,1,6,3,-1,-1,-1,-1,-1,-1,-1,-1
2018200305665,2,9,0,2,0,0,0,0,0,0,3,1,6,1,-1,-1,1149,7,10,3,1,3
2018200305666,1,9,0,7,0,5,0,0,0,0,4,1,6,2,24,5,1390,1,9,2,1,2
2018200305689,1,9,0,18,0,8,0,0,0,0,3,1,1,1,52,8,1956,2,9,-1,1,-1
2018200305689,2,9,0,5,0,6,0,0,0,0,3,1,2,2,45,7,1398,1,2,10,1,10
2018200305728,1,9,0,9,0,6,0,0,0,0,3,1,6,1,61,9,1686,2,5,5,1,5
2018200305728,2,9,0,18,0,8,0,0,0,0,4,1,6,2,34,6,1200,1,4,7,1,7
2018200305741,1,9,0,4,0,8,0,0,0,0,4,1,6,2,50,8,1598,1,16,3,1,3
2018200305741,2,9,0,18,0,8,0,0,0,0,1,1,6,2,32,6,1368,1,8,2,1,2
2018200305755,1,9,0,7,0,6,0,0,0,0,1,1,6,1,38,7,1781,1,14,-1,-1,-1
2018200305755,2,5,0,18,0,1,0,0,0,0,1,1,6,1,30,6,599,1,10,2,1,2
2018200305801,1,9,0,3,0,1,0,0,0,0,2,1,6,2,47,8,1398,1,7,1,1,1
2018200305801,2,9,0,18,0,1,0,0,0,0,1,1,6,3,-1,-1,1968,2,3,-1,-1,-1
2018200305855,1,9,0,18,0,2,1,0,0,0,1,1,6,1,23,5,1596,1,16,2,1,2
2018200305855,2,19,0,18,0,1,0,0,0,0,1,1,6,1,29,6,1868,2,15,2,1,2
2018200305855,3,9,0,9,0,5,0,0,0,0,0,1,6,1,35,6,1461,2,8,7,1,7
2018200305857,1,9,0,7,9,6,0,0,0,0,2,1,6,1,40,7,-1,-1,-1,-1,-1,-1
2018200305875,1,9,0,18,0,0,0,0,0,0,1,1,6,2,-1,-1,-1,-1,-1,-1,-1,-1
2018200305897,1,9,0,9,0,6,0,0,0,0,1,1,6,2,-1,-1,1596,1,7,9,1,9
2018200305897,2,1,0,14,0,8,0,0,0,0,1,1,6,1,32,6,-1,-1,-1,8,1,8
2018200305951,1,9,0,18,0,1,0,0,0,0,1,1,6,1,-1,-1,1995,2,11,-1,-1,-1
2018200305951,2,9,0,3,0,1,0,0,0,0,2,1,6,2,44,7,1598,1,8,1,1,1
2018200305951,3,9,0,3,0,1,0,0,0,0,2,1,6,1,-1,-1,998,1,17,1,1,1
2018200305999,1,9,0,18,0,4,0,0,0,0,1,1,6,1,79,11,2435,1,17,2,1,2
2018200305999,2,1,0,18,0,8,0,0,0,0,4,1,6,1,17,4,-1,-1,-1,2,1,2
2018200306063,1,9,0,7,0,5,0,0,0,0,4,1,6,1,34,6,1984,2,8,6,1,6
2018200306063,2,1,0,18,0,8,0,0,0,0,3,1,2,1,35,6,-1,-1,-1,10,1,10
2018200306075,1,9,0,18,0,1,0,4,0,0,3,1,6,1,53,8,-1,-1,-1,2,1,2
2018200306075,2,9,0,2,0,1,0,0,0,0,3,1,6,3,-1,-1,-1,-1,-1,-1,-1,-1
2018200306075,3,9,0,2,0,1,0,0,0,0,4,1,6,3,-1,-1,-1,-1,-1,-1,-1,-1
2018200306157,1,9,0,18,0,2,0,0,0,0,1,1,6,1,50,8,2987,2,2,5,1,5
2018200306157,2,9,0,3,0,2,0,0,0,0,2,1,6,2,56,9,1388,1,16,3,1,3
2018200306287,1,9,0,5,0,0,0,0,0,0,3,1,6,1,-1,-1,1149,1,11,-1,-1,-1
2018200306287,2,9,0,18,0,0,0,0,0,0,1,1,6,2,43,7,1598,2,2,1,1,1
2018200306300,1,9,0,3,0,1,0,0,0,0,2,1,6,2,26,6,998,1,12,5,1,5
2018200306300,2,9,0,18,0,1,0,0,0,0,1,1,6,1,46,8,1995,1,7,9,1,9
2018200306305,1,9,0,6,0,0,0,0,0,0,0,1,1,2,22,5,998,1,2,2,1,2
2018200306305,2,5,0,18,0,0,0,0,0,0,3,1,6,1,41,7,1690,1,3,1,1,1
2018200306320,1,9,0,9,0,4,0,0,0,0,4,1,6,2,50,8,1685,2,6,8,3,8
2018200306320,2,1,0,18,0,8,0,0,0,0,1,1,6,1,66,10,-1,-1,-1,5,1,5
2018200306336,1,9,0,18,0,0,0,0,0,0,3,1,6,1,41,7,1896,2,16,1,1,1
2018200306339,1,9,0,18,0,0,0,0,0,0,4,1,6,3,-1,-1,2993,2,4,-1,-1,-1
2018200306349,1,9,0,5,0,0,0,0,0,0,4,1,6,2,23,5,1368,1,8,1,1,1
2018200306349,2,98,0,18,0,0,0,0,0,0,4,1,6,3,-1,-1,-1,-1,-1,-1,-1,-1
2018200306355,1,9,0,18,0,0,0,0,0,0,4,1,6,1,31,6,1910,2,9,1,1,1
2018200306367,1,9,0,5,0,4,0,0,0,0,1,1,6,2,66,10,1318,1,2,5,1,5
2018200306367,2,1,0,18,0,3,0,0,0,0,4,1,6,1,45,7,-1,-1,-1,2,1,2
2018200306368,1,9,0,18,0,6,0,10,1,2,1,1,6,1,36,7,1390,1,15,2,1,2
2018200306368,2,9,0,18,0,8,0,0,0,0,1,1,6,2,39,7,1686,2,3,10,1,10
2018200306375,1,1,0,15,0,8,0,0,0,0,3,1,6,1,33,6,-1,-1,-1,3,1,3
2018200306375,2,9,0,9,0,5,0,0,0,0,1,1,6,2,31,6,998,1,3,4,1,4
2018200306427,1,9,0,13,0,0,0,0,0,0,4,1,6,1,-1,-1,1685,2,7,-1,-1,-1
2018200306427,2,1,0,18,0,0,0,0,0,0,3,1,6,1,14,3,-1,-1,-1,4,1,4
2018200306445,1,9,0,18,0,8,0,0,0,0,1,1,6,1,-1,-1,1388,1,12,-1,-1,-1
2018200306445,2,9,0,18,0,8,0,0,0,0,4,1,6,1,30,6,2231,2,11,2,1,2
2018200306482,1,9,0,18,0,0,0,0,0,0,1,1,6,2,28,6,1149,1,8,8,1,8
2018200306482,2,9,0,13,0,0,0,0,0,0,2,1,6,1,-1,-1,1368,1,14,-1,-1,-1
2018200306491,1,3,0,10,0,5,0,0,0,0,4,1,6,1,19,4,124,1,-1,3,1,3
2018200306491,2,9,0,18,0,8,0,0,0,0,1,1,6,1,-1,-1,-1,-1,-1,-1,-1,-1
2018200306529,1,11,0,14,0,0,0,4,0,0,4,1,1,1,-1,-1,6700,2,6,-1,-1,-1
2018200306529,2,9,0,2,0,0,0,0,0,0,3,1,2,1,41,7,1582,2,7,1,1,1
2018200306565,1,11,0,18,0,0,0,0,0,0,4,1,1,1,54,8,7300,2,6,3,1,3
2018200306573,1,9,0,18,0,0,0,0,0,0,1,1,6,3,-1,-1,1498,1,1,-1,-1,-1
2018200306596,1,19,0,18,0,0,0,0,0,0,1,1,6,3,-1,-1,2402,2,15,-1,-1,-1
2018200306596,2,9,0,3,0,0,0,0,0,0,2,1,6,1,29,6,1364,1,10,1,1,1
2018200306597,1,9,0,18,0,2,0,0,0,0,4,1,3,2,30,6,1870,2,11,4,1,4
2018200306610,1,9,0,12,0,0,-1,0,0,0,3,1,6,1,-1,-1,-1,-1,-1,-1,-1,-1
2018200306610,2,8,0,18,0,0,-1,0,0,0,4,1,1,1,29,6,2231,2,10,5,1,5
2018200306632,1,9,0,18,0,0,0,0,0,0,1,1,6,1,-1,-1,-1,-1,-1,-1,-1,-1
2018200306633,1,98,0,18,0,0,0,0,0,0,1,1,6,1,30,6,-1,-1,-1,-1,-1,-1
2018200306633,2,9,0,18,0,0,0,0,0,0,2,1,6,2,31,6,999,1,2,6,1,6
2018200306648,1,9,0,18,0,1,1,10,1,0,1,1,6,3,-1,-1,1968,2,1,10,1,10
2018200306648,2,9,0,4,0,1,1,7,4,0,2,1,6,1,72,10,-1,-1,-1,7,1,7
2018200306675,1,9,0,18,0,0,1,0,4,0,1,1,6,1,20,4,1242,1,6,8,3,8
2018200306704,1,9,0,18,0,0,0,10,1,0,1,1,1,1,63,9,-1,-1,-1,9,1,9
2018200306708,1,9,0,18,0,0,0,0,0,0,1,1,6,2,54,8,1956,2,4,7,1,7
2018200306708,2,9,0,18,0,0,0,0,0,0,2,1,6,1,53,8,1598,1,16,1,1,1
2018200306711,1,9,0,18,0,0,0,0,0,0,4,1,6,1,66,10,1229,1,3,1,1,1
2018200306724,1,9,0,18,0,0,0,0,0,0,1,1,6,1,-1,-1,-1,-1,-1,-1,-1,-1
2018200306724,2,1,0,18,0,0,0,0,0,0,1,1,6,1,16,4,-1,-1,-1,2,1,2
2018200306787,1,9,0,18,0,0,0,4,0,0,4,1,6,3,30,6,-1,-1,-1,-1,-1,-1
2018200306787,2,9,0,2,0,0,0,0,0,0,3,1,6,1,33,6,1796,1,15,2,1,2
2018200306795,1,9,0,9,0,6,0,0,0,0,1,1,2,1,38,7,1364,1,10,7,1,7
2018200306795,2,9,0,18,0,8,0,0,0,0,3,1,2,1,57,9,1686,2,4,5,1,5
2018200306819,1,1,0,18,0,0,0,0,0,0,1,1,6,1,10,2,-1,-1,-1,2,1,2
2018200306819,2,9,0,18,0,0,0,0,0,0,3,1,6,1,-1,-1,1968,2,3,3,1,3
2018200306855,1,9,0,18,0,0,0,0,0,0,1,1,6,1,33,6,1388,1,8,2,1,2
2018200306855,2,9,0,18,0,0,0,0,0,0,1,1,6,1,58,9,-1,-1,-1,10,3,10
2018200306860,1,9,0,18,0,0,0,0,0,0,1,1,6,2,26,6,1242,1,10,2,1,2
2018200306860,2,9,0,4,0,0,0,0,0,0,2,1,6,1,23,5,1496,2,1,10,1,10
2018200306860,3,9,0,18,0,0,0,0,0,0,1,1,6,3,-1,-1,-1,-1,-1,-1,-1,-1
2018200306907,1,9,0,18,0,1,0,0,0,0,1,1,6,3,-1,-1,-1,-1,-1,-1,-1,-1
2018200306907,2,9,0,3,0,1,0,0,0,0,2,1,1,2,23,5,1242,1,7,4,1,4
2018200306945,1,9,0,9,0,6,0,0,0,0,1,1,6,3,30,6,-1,-1,-1,-1,-1,-1
2018200306952,1,9,0,7,0,8,0,0,0,0,4,1,6,1,56,9,1896,2,11,5,1,5
2018200306952,2,2,0,18,0,8,1,0,0,0,1,1,6,1,16,4,49,1,18,4,1,4
2018200306960,1,9,0,18,0,8,0,0,0,0,3,1,6,1,43,7,1998,1,13,2,1,2
2018200306960,2,9,0,9,0,8,0,0,0,0,3,1,1,1,56,9,1329,1,3,3,1,3
2018200306964,1,9,0,18,0,0,0,0,0,0,0,1,6,1,65,9,-1,-1,-1,-1,-1,-1
2018200306964,2,9,0,18,0,0,0,0,0,0,1,1,6,1,33,6,1198,1,13,7,1,7
2018200307061,1,9,0,18,0,0,0,0,0,0,1,1,6,1,25,5,1242,1,11,6,1,6
2018200307061,2,9,0,18,0,0,0,0,0,0,1,1,6,1,34,6,1242,1,1,3,1,3
2018200307106,1,9,0,18,0,0,0,0,0,0,3,1,1,1,21,5,1149,1,17,8,1,8
2018200307114,1,9,0,18,0,6,0,0,0,0,3,1,6,1,-1,-1,1598,1,11,1,1,1
2018200307114,2,9,0,18,0,8,0,0,0,0,1,1,6,2,39,7,1999,2,2,6,1,6
2018200307144,1,9,0,18,0,1,0,0,0,0,1,1,6,1,-1,-1,1596,1,18,2,1,2
2018200307144,2,9,0,3,0,1,0,0,0,0,2,1,6,1,23,5,1587,1,14,10,2,10
2018200307156,1,9,0,18,0,1,0,0,0,0,1,1,6,1,-1,-1,1896,2,16,-1,-1,-1
2018200307156,2,9,0,4,0,1,0,0,0,0,2,1,6,2,38,7,-1,-1,-1,4,1,4
2018200307211,1,9,0,16,0,0,1,10,7,4,1,1,6,1,27,6,1896,2,13,1,1,1
2018200307261,1,9,0,9,0,5,0,0,0,0,1,1,6,1,27,6,1984,1,11,3,1,3
2018200307261,2,3,0,18,0,8,0,0,0,0,3,1,6,1,30,6,125,1,11,1,1,1
2018200307315,1,9,0,5,0,6,0,0,0,0,3,1,6,1,26,6,2143,2,-1,1,1,1
2018200307315,2,3,0,18,0,8,0,0,0,0,1,1,6,1,26,6,125,1,12,4,1,4
2018200307357,1,3,0,14,0,0,0,0,0,0,3,1,6,3,-1,-1,124,1,6,-1,-1,-1
2018200307357,2,9,0,18,0,0,0,0,0,0,4,1,6,1,74,10,1896,2,10,2,1,2
2018200307391,1,9,0,18,0,1,0,0,0,0,1,1,6,1,20,4,1995,2,6,2,1,2
2018200307391,2,9,0,3,0,1,0,0,0,0,2,1,6,2,56,9,1242,1,10,4,1,4
2018200307391,3,19,0,4,0,1,0,0,0,0,1,1,1,1,60,9,1995,2,2,1,1,1
2018200307411,1,9,0,9,0,6,0,0,0,0,2,1,2,2,38,7,1997,1,9,4,1,4
2018200307411,2,5,0,18,0,2,1,0,0,0,1,1,6,2,29,6,689,1,4,4,1,4
2018200307465,1,9,0,7,0,2,0,0,0,0,3,1,6,1,42,7,1794,7,10,2,1,2
2018200307465,2,9,0,9,0,1,0,0,0,0,1,1,6,2,-1,-1,1397,1,8,-1,-1,-1
2018200307652,1,9,0,18,0,1,0,0,0,0,1,1,6,1,61,9,999,1,1,8,1,8
2018200307808,1,9,0,1,0,0,0,0,0,0,2,1,6,2,-1,-1,1995,2,14,-1,-1,-1
2018200307918,1,9,0,18,0,2,0,0,0,0,1,1,1,1,-1,-1,1364,1,14,-1,-1,-1
2018200307918,2,9,0,4,0,2,0,0,0,0,1,1,1,1,-1,-1,2967,2,1,1,1,1
2018200307918,3,9,0,3,0,2,0,0,0,0,3,1,1,1,47,8,1995,2,5,10,1,10
2018200307918,4,11,0,3,0,8,0,0,0,0,3,1,2,1,49,8,4250,2,18,1,1,1
2018200307929,1,9,0,15,0,1,0,0,0,0,1,1,6,1,-1,-1,1388,1,15,2,1,2
2018200307929,2,9,0,7,0,5,0,0,0,0,4,1,5,2,23,5,999,1,1,1,1,1
2018200307945,1,9,0,13,0,0,0,0,0,0,2,1,6,1,-1,-1,2143,2,1,-1,-1,-1
2018200307945,2,11,0,5,0,0,0,0,0,0,1,1,1,1,35,6,-1,-1,-1,1,1,1
2018200307965,1,9,0,18,0,1,0,0,0,0,1,1,6,1,24,5,998,1,4,7,1,7
2018200307965,2,9,0,3,0,1,0,0,0,0,2,1,6,1,72,10,998,1,5,4,1,4
2018200308048,1,9,0,18,6,0,0,0,0,0,3,1,6,3,-1,-1,-1,-1,-1,-1,-1,-1
2018200308048,2,9,0,18,0,0,0,0,0,0,4,1,6,1,29,6,1398,1,5,3,1,3
2018200308091,1,-1,0,12,0,0,0,0,-1,0,-1,1,6,1,61,9,-1,-1,-1,-1,-1,-1
2018200308091,2,9,0,18,0,0,0,0,-1,0,4,1,6,2,46,8,1496,2,3,6,1,6
2018200308101,1,9,0,9,0,1,2,10,0,0,2,1,6,1,32,6,1968,2,1,7,1,7
2018200308101,2,9,0,18,0,1,0,0,0,0,1,1,6,3,-1,-1,1397,1,9,-1,-1,-1
2018200308154,1,9,0,-1,0,0,-1,-1,-1,0,4,1,6,1,33,6,1968,2,10,6,-1,6
2018200308154,2,98,0,-1,-1,0,-1,-1,-1,0,-1,1,6,3,-1,-1,-1,-1,-1,-1,-1,-1
2018200308159,1,9,0,16,0,1,0,0,0,0,1,1,6,1,23,5,1968,2,10,-1,-1,-1
2018200308159,2,9,0,8,0,1,0,0,0,0,2,1,6,2,45,7,1497,8,3,2,1,2
2018200308220,1,9,0,9,0,5,0,10,4,0,3,1,6,1,42,7,1560,2,12,2,1,2
2018200308220,2,9,0,18,0,8,0,0,0,0,1,1,6,1,24,5,1968,2,9,3,1,3
2018200308232,1,9,0,18,0,8,0,0,0,0,1,1,6,2,37,7,1997,2,12,1,1,1
2018200308232,2,9,0,18,0,8,0,0,0,0,1,1,6,1,22,5,1798,1,2,2,1,2
2018200308283,1,9,0,5,0,0,0,0,0,0,1,1,6,1,-1,-1,-1,-1,-1,-1,-1,-1
2018200308283,2,1,0,18,0,0,0,0,0,0,3,1,6,1,14,3,-1,-1,-1,-1,-1,-1
2018200308286,1,9,0,18,0,0,0,0,0,0,1,1,6,1,-1,-1,2497,2,28,-1,-1,-1
2018200308286,2,1,0,18,0,0,5,0,0,0,1,1,6,2,12,3,-1,-1,-1,1,1,1
2018200308287,1,9,0,18,0,4,0,0,0,0,3,1,6,1,-1,-1,1560,2,13,2,1,2
2018200308287,2,9,0,18,0,3,0,0,0,0,4,1,6,2,41,7,1900,2,12,4,1,4
2018200308287,3,9,0,18,0,8,0,0,0,0,0,1,1,3,-1,-1,-1,-1,-1,-1,-1,-1
2018200308290,1,9,0,5,0,6,0,0,0,0,1,1,6,3,-1,-1,-1,-1,-1,-1,-1,-1
2018200308290,2,9,0,18,0,8,0,0,0,0,3,1,6,2,51,8,1598,2,3,6,1,6
2018200308298,1,9,0,9,0,2,0,0,0,0,1,1,6,2,34,6,1598,1,12,1,1,1
2018200308298,2,9,0,18,0,2,0,0,0,0,1,1,6,1,-1,-1,2926,2,16,-1,-1,-1
2018200308300,1,9,0,5,0,6,0,10,3,0,3,1,6,2,42,7,1596,1,16,5,1,5
2018200308300,2,9,0,18,0,8,0,0,0,0,1,1,6,3,-1,-1,2993,2,13,-1,-1,-1
2018200308301,1,9,0,18,0,2,0,0,0,0,1,1,1,1,35,6,2143,2,2,1,1,1
2018200308307,1,1,0,18,0,5,0,0,0,0,2,1,6,1,-1,-1,-1,-1,-1,-1,-1,-1
2018200308315,1,9,0,18,0,2,0,0,0,0,1,1,3,2,42,7,-1,-1,-1,-1,-1,-1
2018200308322,1,9,0,17,0,0,0,0,0,0,1,1,6,3,-1,-1,-1,-1,-1,-1,-1,-1
2018200308324,1,9,0,18,0,0,0,0,0,0,4,1,6,1,-1,-1,-1,-1,-1,-1,-1,-1
2018200308324,2,1,0,4,0,0,0,0,0,0,2,1,4,1,14,3,-1,-1,-1,4,1,4
2018200308327,1,9,0,18,0,0,0,0,0,0,1,1,6,1,35,6,1598,1,9,-1,-1,-1
2018200308337,1,9,0,18,0,2,0,0,0,0,1,1,6,2,46,8,1590,1,12,1,1,1
2018200308337,2,9,0,5,0,2,0,0,0,0,2,1,6,1,41,7,1910,2,11,1,1,1
2018200308337,3,9,0,18,0,2,0,0,0,0,0,1,6,3,-1,-1,1598,1,13,-1,-1,-1
2018200308338,1,9,0,9,0,6,0,0,0,0,1,1,1,1,26,6,1388,1,14,6,1,6
2018200308338,2,5,0,18,0,8,0,0,0,0,4,1,6,1,60,9,1063,1,13,3,1,3
2018200308484,1,9,0,18,0,6,0,0,0,0,3,1,6,1,71,10,1997,2,13,5,1,5
2018200308484,2,5,0,18,0,8,0,0,0,0,1,1,6,1,42,7,636,1,12,3,1,3
2018200308493,1,9,0,9,0,5,0,0,0,0,1,1,6,2,24,5,2290,1,20,-1,-1,-1
2018200308493,2,1,0,18,0,8,0,0,0,0,1,1,6,1,47,8,-1,-1,-1,5,3,5
2018200308508,1,9,0,13,0,1,0,0,0,0,1,1,6,1,27,6,998,1,3,2,1,2
2018200308508,2,9,0,9,0,5,0,7,8,10,3,1,6,2,28,6,1686,2,8,4,1,4
2018200308513,1,9,0,14,0,0,0,0,0,0,1,1,6,2,-1,-1,1596,1,13,2,1,2
2018200308513,2,1,0,14,0,0,1,0,0,0,1,1,2,1,22,5,-1,-1,-1,2,1,2
2018200308535,1,9,0,2,0,0,0,0,0,0,3,1,6,2,-1,-1,-1,-1,-1,-1,-1,-1
2018200308555,1,9,0,9,0,6,0,0,0,0,3,1,6,1,25,5,1398,1,3,9,1,9
2018200308555,2,9,0,17,0,8,0,0,0,0,1,1,6,1,72,10,1197,1,2,7,1,7