Accident_Index,Vehicle_Reference,Vehicle_Type,Towing_and_Articulation,Vehicle_Manoeuvre,Vehicle_Location-Restricted_Lane,Junction_Location,Skidding_and_Overturning,Hit_Object_in_Carriageway,Vehicle_Leaving_Carriageway,Hit_Object_off_Carriageway,1st_Point_of_Impact,Was_Vehicle_Left_Hand_Drive?,Journey_Purpose_of_Driver,Sex_of_Driver,Age_of_Driver,Age_Band_of_Driver,Engine_Capacity_(CC),Propulsion_Code,Age_of_Vehicle,Driver_IMD_Decile,Driver_Home_Area_Type,Vehicle_IMD_Decile
2018200312198,2,9,0,9,0,5,0,0,0,0,1,1,6,3,-1,-1,998,1,9,-1,-1,-1
2018200312201,1,9,0,9,0,5,0,0,0,0,2,1,1,1,64,9,998,1,4,5,1,5
2018200312201,2,9,0,18,0,8,0,0,0,0,3,1,1,1,-1,-1,1968,2,9,6,1,6
2018200312213,1,9,0,9,0,6,0,0,0,0,1,1,6,1,-1,-1,2987,2,12,7,1,7
2018200312213,2,9,0,18,0,8,0,0,0,0,3,1,6,2,43,7,1499,1,1,1,1,1
2018200312229,1,9,0,9,0,5,0,0,0,0,3,1,6,1,-1,-1,2000,2,13,-1,-1,-1
2018200312229,2,9,0,18,0,8,0,10,1,2,1,1,6,2,18,4,1496,2,1,3,2,3
2018200312236,1,9,0,3,0,0,0,0,0,0,2,1,1,1,33,6,1229,1,6,5,1,5
2018200312236,2,9,0,18,0,0,0,0,0,0,1,1,6,1,-1,-1,1461,2,6,-1,-1,-1
2018200312238,1,9,0,18,0,0,0,0,0,0,2,1,6,2,23,5,1995,1,9,9,1,9
2018200312238,2,9,0,18,0,0,0,0,0,0,1,1,6,1,-1,-1,2231,2,5,-1,-1,-1
2018200312276,1,9,0,17,0,0,1,10,8,11,1,1,6,1,20,4,1560,2,10,3,1,3
2018200312306,1,9,0,7,0,2,0,0,0,0,4,1,2,1,41,7,1988,1,19,1,1,1
2018200312306,2,19,0,1,0,2,0,0,0,0,2,1,1,1,-1,-1,2198,2,9,-1,-1,-1
2018200312332,1,9,0,18,0,6,0,10,1,0,1,1,6,3,-1,-1,1149,1,15,-1,-1,-1
2018200312332,2,9,0,18,0,8,0,10,7,11,4,1,6,2,35,6,1199,2,7,1,1,1
2018200312333,1,9,0,9,0,5,0,0,0,0,3,1,6,1,-1,-1,998,1,12,-1,-1,-1
2018200312333,2,1,0,18,0,8,5,0,0,0,1,1,6,1,51,8,-1,-1,-1,7,1,7
2018200312362,1,9,0,3,0,1,0,0,0,0,2,1,6,1,70,10,1229,1,11,2,1,2
2018200312362,2,2,0,3,0,1,0,0,0,0,2,1,6,1,21,5,49,1,4,5,1,5
2018200312362,3,9,0,18,0,1,0,0,1,0,1,1,6,1,58,9,1598,2,2,9,1,9
2018200312393,1,9,0,5,0,1,0,0,0,0,1,1,6,2,37,7,1951,2,16,5,1,5
2018200312393,2,3,0,4,0,1,0,0,0,0,2,1,6,1,27,6,124,1,3,3,1,3
2018200312424,1,9,0,4,0,1,0,0,0,0,1,1,6,1,-1,-1,1199,1,16,-1,-1,-1
2018200312424,2,9,0,3,0,1,0,0,0,0,2,1,6,1,-1,-1,1996,1,2,5,1,5
2018200312430,1,21,0,18,0,0,0,0,0,0,1,1,6,3,-1,-1,10837,2,4,-1,-1,-1
2018200312430,2,9,0,18,0,0,0,7,4,0,2,1,6,1,46,8,1896,2,16,2,1,2
2018200312462,1,9,0,18,0,0,1,0,0,0,1,1,6,1,20,4,1398,1,1,-1,-1,-1
2018200312462,2,1,0,18,0,0,0,0,0,0,4,1,6,1,26,6,-1,-1,-1,-1,-1,-1
2018200312471,1,9,0,18,0,0,0,0,0,0,1,1,5,1,82,11,1591,1,-1,8,1,8
2018200312471,2,9,0,4,0,0,0,0,0,0,2,1,5,1,38,7,-1,-1,-1,-1,-1,-1
2018200312474,1,9,0,7,0,5,0,0,0,0,3,1,6,2,19,4,1197,1,1,10,3,10
2018200312474,2,1,0,18,0,8,0,0,0,0,1,1,6,1,57,9,-1,-1,-1,3,1,3
2018200312476,1,21,0,11,0,0,0,0,0,0,1,1,1,1,37,7,-1,2,15,7,1,7
2018200312476,2,9,0,16,0,0,0,0,0,0,3,1,6,2,59,9,-1,-1,-1,7,1,7
2018200312478,1,19,0,18,0,0,0,0,0,0,1,1,5,1,36,7,1598,2,2,-1,-1,-1
2018200312478,2,9,0,18,0,0,0,0,0,0,4,1,5,1,40,7,1798,1,11,7,2,7
2018200312478,3,9,0,18,0,0,0,0,1,0,4,1,5,1,26,6,1199,1,16,2,1,2
2018200312502,1,23,0,18,0,2,0,0,0,0,1,1,2,1,52,8,-1,-1,-1,9,1,9
2018200312511,1,9,0,13,0,0,0,0,0,0,1,1,6,1,-1,-1,-1,-1,-1,-1,-1,-1
2018200312511,2,9,0,18,0,0,0,0,0,0,3,1,2,1,58,9,1388,1,14,1,1,1
2018200312511,3,9,0,18,0,0,0,0,0,0,3,1,5,1,33,6,2198,1,13,1,1,1
2018200312511,4,9,0,18,0,0,0,0,0,0,1,1,6,3,-1,-1,-1,-1,-1,-1,-1,-1
2018200312535,1,9,0,9,0,5,0,0,0,0,1,1,6,1,-1,-1,1910,2,10,-1,-1,-1
2018200312535,2,9,0,18,0,8,0,0,0,0,1,1,1,1,-1,-1,1396,1,6,5,1,5
2018200312554,1,9,0,5,0,1,0,0,0,0,0,1,6,2,20,4,1242,1,6,4,1,4
2018200312607,1,11,0,18,0,0,0,4,0,0,1,1,1,1,58,9,4461,2,4,10,1,10
2018200312607,2,9,0,2,0,0,0,0,0,0,3,1,6,2,-1,-1,-1,-1,-1,5,1,5
2018200312608,1,9,0,13,0,0,0,0,0,0,2,1,6,1,-1,-1,-1,-1,-1,-1,-1,-1
2018200312608,2,9,0,18,0,0,0,0,0,0,1,1,6,1,-1,-1,-1,-1,-1,5,1,5
2018200312621,1,9,0,7,0,6,0,0,0,0,4,1,6,1,48,8,1968,2,1,2,1,2
2018200312621,2,1,0,18,0,8,0,0,0,0,1,1,6,1,44,7,-1,-1,-1,1,1,1
2018200312650,1,9,0,5,0,6,0,0,0,0,1,1,6,1,36,7,2143,2,4,3,1,3
2018200312650,2,19,0,18,0,8,5,0,0,0,1,1,6,1,30,6,1360,1,11,4,1,4
2018200312663,1,3,0,13,0,0,0,10,1,0,1,1,6,1,19,4,125,1,5,8,1,8
2018200312663,2,19,0,18,0,0,0,0,0,0,1,1,6,1,38,7,1995,2,9,2,1,2
2018200312666,1,9,0,18,0,0,0,0,0,0,3,1,6,2,-1,-1,-1,-1,-1,6,1,6
2018200312694,1,9,0,18,0,0,0,0,0,0,2,1,6,3,-1,-1,1968,2,5,-1,-1,-1
2018200312694,2,9,0,18,0,0,0,0,0,0,2,1,6,1,-1,-1,1798,8,1,-1,-1,-1
2018200312714,1,9,0,9,0,6,0,0,0,0,1,1,6,1,51,8,1910,2,11,1,1,1
2018200312714,2,1,0,18,0,8,0,0,0,0,1,1,6,1,59,9,-1,-1,-1,1,1,1
2018200312715,1,9,0,18,0,0,0,0,0,0,1,1,6,3,23,5,1388,1,13,1,1,1
2018200312733,1,9,0,18,0,4,0,0,0,0,1,1,6,1,36,7,1910,2,10,1,1,1
2018200312733,2,9,0,18,0,3,0,7,0,0,4,1,6,1,20,4,2143,2,5,2,1,2
2018200312735,1,9,0,18,0,4,0,0,0,0,3,1,2,1,32,6,1598,1,12,2,1,2
2018200312735,2,9,0,18,0,4,0,0,0,0,1,1,2,2,22,5,1229,1,2,10,1,10
2018200312762,1,9,0,12,0,0,0,0,0,0,3,1,6,3,-1,-1,1461,2,2,-1,-1,-1
2018200312762,2,9,0,3,0,0,0,0,0,0,3,1,6,2,33,6,1200,1,1,9,1,9
2018200312778,1,9,0,18,0,1,0,0,0,0,1,1,6,1,-1,-1,-1,-1,-1,-1,-1,-1
2018200312778,2,9,0,8,0,1,0,0,0,0,2,1,6,2,-1,-1,1248,2,8,1,1,1
2018200312780,1,19,0,18,0,1,0,0,0,0,1,1,6,1,-1,-1,1997,2,13,-1,-1,-1
2018200312780,2,9,0,8,0,1,0,0,0,0,2,1,6,2,62,9,999,1,-1,4,1,4
2018200312789,1,9,0,18,0,8,0,0,0,0,1,1,6,1,-1,-1,1587,1,12,-1,-1,-1
2018200312789,2,9,0,6,0,8,0,0,0,0,2,1,1,2,26,6,1198,1,8,5,1,5
2018200312791,1,9,0,3,0,0,0,0,0,0,2,1,6,2,50,8,998,1,11,3,1,3
2018200312791,2,9,0,18,0,0,0,0,0,0,1,1,6,2,-1,-1,1499,2,4,3,1,3
2018200312808,1,9,0,13,0,8,0,0,0,0,4,1,6,3,-1,-1,1598,1,10,-1,-1,-1
2018200312808,2,9,0,18,0,8,1,7,4,0,1,1,6,1,28,6,1994,1,15,1,1,1
2018200312808,3,9,0,18,0,1,0,0,0,0,1,1,6,2,53,8,1560,2,7,8,1,8
2018200312808,4,9,0,18,0,1,0,0,0,0,1,1,6,1,58,9,1796,1,5,7,3,7
2018200312812,1,4,0,14,0,0,1,0,0,0,1,1,6,1,29,6,200,1,6,1,1,1
2018200312812,2,9,0,18,0,0,0,0,0,0,1,1,2,2,20,4,1197,1,3,2,1,2
2018200312820,1,9,0,18,0,6,5,0,0,0,3,1,6,1,41,7,1364,1,-1,3,1,3
2018200312820,2,9,0,18,0,8,0,0,0,0,1,1,6,1,51,8,1299,1,21,5,1,5
2018200312827,1,9,0,18,0,4,0,0,0,0,1,1,6,1,23,5,1360,1,14,2,1,2
2018200312827,2,1,0,18,0,8,0,0,0,0,4,1,2,1,44,7,-1,-1,-1,8,1,8
2018200312869,1,9,0,18,0,0,0,0,0,0,3,1,5,1,38,7,1198,1,12,5,1,5
2018200312869,2,21,1,13,0,0,0,0,0,0,4,1,1,1,-1,-1,6700,2,3,8,1,8
2018200312977,1,9,0,18,0,2,0,0,0,0,1,1,6,2,-1,-1,1332,1,19,-1,-1,-1
2018200312977,2,98,0,3,0,2,0,0,0,0,2,1,6,1,42,7,-1,-1,-1,2,1,2
2018200313067,1,9,0,1,0,0,0,0,0,0,2,1,6,2,35,6,1248,2,9,1,1,1
2018200313198,1,9,0,18,0,0,0,0,0,0,1,1,6,2,-1,-1,2179,2,10,10,1,10
2018200313298,1,9,0,18,0,2,0,0,0,0,4,1,2,1,40,7,1580,8,1,3,1,3
2018200313300,1,9,0,18,0,2,0,0,0,0,1,1,6,1,60,9,-1,-1,-1,-1,-1,-1
2018200313312,1,9,0,9,0,8,0,0,0,0,4,1,6,2,19,4,1598,2,1,8,1,8
2018200313312,2,9,0,18,0,8,0,0,0,0,1,1,6,2,58,9,1991,2,9,2,1,2
2018200313346,1,9,0,18,0,8,0,0,0,0,3,1,6,1,54,8,1968,2,4,1,1,1
2018200313346,2,9,0,5,0,6,0,0,0,0,3,1,1,1,21,5,1968,2,7,5,1,5
2018200313359,1,9,0,18,0,1,0,0,0,0,1,1,6,1,-1,-1,1995,2,8,-1,-1,-1
2018200313359,2,9,0,10,0,1,0,0,0,0,2,1,6,2,18,4,1242,1,11,8,1,8
2018200313381,1,9,0,18,0,2,0,0,0,0,1,1,6,1,30,6,1995,2,12,1,1,1
2018200313381,2,9,0,18,0,1,0,0,0,0,1,1,1,1,-1,-1,2993,2,2,5,1,5
2018200313381,3,9,0,18,0,1,0,0,0,0,1,1,1,1,-1,-1,2993,2,2,1,1,1
2018200313399,1,9,0,9,0,6,0,0,0,0,1,1,6,1,18,4,1199,1,15,1,1,1
2018200313399,2,9,0,18,0,8,0,4,0,0,4,1,6,1,39,7,1796,1,3,2,1,2
2018200313399,3,9,0,9,0,8,0,8,0,0,4,1,1,1,36,7,2993,2,1,-1,-1,-1
2018200313399,4,9,0,2,0,2,0,0,0,0,3,1,1,1,-1,-1,1386,1,11,-1,-1,-1
2018200313410,1,9,0,2,0,0,0,0,0,0,2,1,6,1,22,5,2143,2,2,2,1,2
2018200313410,2,9,0,18,0,0,0,4,0,0,1,1,6,2,24,5,1598,1,5,1,1,1
2018200313429,1,9,0,18,0,4,0,0,0,0,2,1,6,1,29,6,1968,2,8,-1,-1,-1
2018200313429,2,9,0,18,0,4,0,0,0,0,1,1,6,1,67,10,1242,1,6,1,1,1
2018200313447,1,9,0,18,0,0,2,4,0,0,1,1,6,1,-1,-1,1248,2,10,2,1,2
2018200313447,2,9,0,18,0,0,0,0,0,0,0,1,1,1,-1,-1,2993,2,1,-1,-1,-1
2018200313447,3,9,0,2,0,0,0,0,0,0,4,1,6,2,-1,-1,973,1,15,2,1,2
2018200313447,4,9,0,2,0,0,0,0,0,0,2,1,6,2,48,8,1496,2,2,2,1,2
2018200313469,1,21,0,18,0,1,0,0,0,0,1,1,6,1,26,6,8710,2,4,7,1,7
2018200313469,2,9,0,5,0,1,0,0,0,0,2,1,6,1,34,6,1998,1,13,1,1,1
2018200313475,1,9,0,18,2,2,0,10,1,0,1,1,6,1,29,6,1968,2,7,3,1,3
2018200313475,2,9,0,9,0,5,0,0,0,0,4,1,6,1,31,6,998,1,-1,6,1,6
2018200313475,3,19,0,18,0,2,0,0,0,0,2,1,1,1,40,7,1753,2,14,4,1,4
2018200313501,1,9,0,9,0,8,0,0,0,0,4,1,6,2,20,4,1229,1,13,3,1,3
2018200313501,2,9,0,9,0,8,0,0,0,0,3,1,6,1,-1,-1,-1,-1,-1,-1,-1,-1
2018200313523,1,9,0,7,0,6,0,0,0,0,1,1,6,1,37,7,1968,2,10,1,1,1
2018200313523,2,9,0,18,0,1,0,0,0,0,1,1,6,2,21,5,1197,1,2,8,1,8
2018200313523,3,97,0,18,0,1,0,0,0,0,0,1,1,1,-1,-1,-1,-1,-1,-1,-1,-1
2018200313524,1,9,0,18,0,0,0,0,0,0,1,1,6,3,-1,-1,-1,-1,-1,-1,-1,-1
2018200313524,2,9,0,3,0,0,0,0,0,0,2,1,6,1,39,7,1995,1,12,2,1,2
2018200313534,1,9,0,5,0,4,0,0,0,0,1,1,6,2,52,8,1598,1,5,8,1,8
2018200313534,2,9,0,5,0,4,0,0,0,0,1,1,6,1,26,6,1968,2,6,3,1,3
2018200313537,1,9,0,18,0,0,0,0,0,0,1,1,6,1,-1,-1,1598,1,13,-1,-1,-1
2018200313537,2,9,0,3,0,0,0,0,0,0,2,1,2,1,30,6,1461,2,3,6,1,6
2018200313537,3,9,0,18,0,0,0,0,0,0,2,1,6,3,-1,-1,-1,-1,-1,-1,-1,-1
2018200313537,4,9,0,18,0,0,0,0,0,0,1,1,6,3,-1,-1,-1,-1,-1,-1,-1,-1
2018200313554,1,9,0,18,0,4,0,0,0,0,1,1,1,1,38,7,1596,1,6,1,1,1
2018200313554,2,9,0,18,0,4,0,0,0,0,1,1,6,1,24,5,998,1,3,1,1,1
2018200313749,1,9,0,16,0,1,0,0,0,0,1,1,6,1,26,6,1242,1,4,3,1,3
2018200313755,1,9,0,18,0,8,0,0,0,0,1,1,6,2,32,6,1896,2,11,3,1,3
2018200313755,2,1,0,18,0,6,0,0,0,0,1,1,6,1,-1,-1,-1,-1,-1,3,1,3
2018200313756,1,9,0,4,0,1,0,0,0,0,1,1,2,2,50,8,1560,2,12,1,1,1
2018200313756,2,8,0,3,0,1,0,0,0,0,2,1,1,1,35,6,1995,2,10,5,1,5
2018200313756,3,9,0,3,0,1,0,0,0,0,2,1,2,1,31,6,1399,1,1,-1,-1,-1
2018200313782,1,98,0,18,0,8,0,0,0,0,4,1,6,3,-1,-1,-1,-1,-1,-1,-1,-1
2018200313790,1,9,0,6,0,8,0,0,0,0,3,1,6,1,49,8,1242,1,10,5,1,5
2018200313790,2,3,0,18,0,4,0,0,0,0,1,1,6,1,25,5,125,1,-1,1,1,1
2018200313792,1,9,0,6,0,1,0,0,0,0,3,1,6,1,22,5,1997,2,2,1,1,1
2018200313792,2,9,0,18,0,1,0,0,0,0,0,1,1,1,-1,-1,2993,2,2,-1,-1,-1
2018200313792,3,9,0,18,0,1,0,0,0,0,0,1,1,1,-1,-1,2993,2,1,-1,-1,-1
2018200313792,4,9,0,18,0,1,0,0,0,0,0,1,1,1,-1,-1,2993,2,2,-1,-1,-1
2018200313825,1,9,0,18,0,0,0,0,0,0,4,1,6,3,-1,-1,-1,-1,-1,-1,-1,-1
2018200313845,1,9,0,18,0,0,0,0,0,0,1,1,6,1,53,8,1560,2,2,2,1,2
2018200313845,2,1,0,18,0,0,0,0,0,0,1,1,6,2,9,2,-1,-1,-1,1,1,1
2018200313873,1,9,0,3,0,0,0,0,0,0,1,1,6,1,23,5,1390,1,7,7,1,7
2018200313873,2,9,0,1,0,0,0,0,0,0,2,1,6,1,-1,-1,2143,2,1,-1,-1,-1
2018200313890,1,9,0,18,0,0,5,4,0,0,4,1,6,2,74,10,1149,1,9,3,1,3
2018200313890,2,9,0,2,0,0,0,10,1,0,3,1,6,3,-1,-1,1390,1,15,-1,-1,-1
2018200313891,1,9,0,11,0,1,0,0,0,0,4,1,6,1,57,9,1798,8,1,2,1,2
2018200313891,2,9,0,18,0,1,0,0,0,0,4,1,6,2,23,5,1197,1,7,1,1,1
2018200313915,1,9,0,18,0,6,0,0,0,0,1,1,6,3,-1,-1,1984,1,1,-1,-1,-1
2018200313915,2,9,0,18,0,8,0,0,0,0,4,1,6,1,40,7,1968,2,2,4,1,4
2018200313915,3,9,0,2,0,1,0,0,0,0,4,1,1,1,-1,-1,2993,2,1,-1,-1,-1
2018200313924,1,9,0,18,0,0,0,0,0,0,1,1,6,2,76,11,1198,1,6,7,1,7
2018200313928,1,9,0,18,0,1,0,0,0,0,3,1,1,2,28,6,1242,1,7,10,1,10
2018200313932,1,19,0,9,0,6,0,0,0,0,1,1,1,1,29,6,2143,2,-1,2,1,2
2018200313932,2,1,0,14,0,8,0,0,0,0,1,1,2,1,32,6,-1,-1,-1,2,1,2
2018200313935,1,9,0,7,0,6,0,0,0,0,1,1,6,1,27,6,-1,-1,-1,2,1,2
2018200313935,2,9,0,18,0,8,0,0,0,0,4,1,6,2,51,8,1560,2,-1,1,1,1
2018200313941,1,9,0,18,0,1,0,0,0,0,1,1,6,1,-1,-1,1598,2,5,-1,-1,-1
2018200313941,2,9,0,3,0,1,0,0,0,0,2,1,6,1,18,4,1364,2,14,6,1,6
2018200313953,1,9,0,7,0,2,0,0,0,0,1,1,6,1,55,8,1798,8,-1,10,1,10
2018200313953,2,1,0,18,0,2,0,0,0,0,3,1,6,2,24,5,-1,-1,-1,3,1,3
2018200313956,1,9,0,4,0,1,0,0,0,0,1,1,6,2,39,7,1390,1,6,8,1,8
2018200313956,2,9,0,3,0,1,0,0,0,0,2,1,6,2,69,10,1339,1,4,2,1,2
2018200313956,3,9,0,3,0,1,0,0,0,0,2,1,6,1,24,5,1149,1,14,2,1,2
2018200313965,1,9,0,18,0,1,0,0,0,0,1,1,3,2,41,7,1794,1,15,3,1,3
2018200313965,2,19,4,9,0,1,0,0,0,0,2,1,1,1,36,7,2143,2,1,4,1,4
2018200313968,1,9,0,18,0,0,5,4,2,0,1,1,6,1,79,11,1368,1,11,10,1,10
2018200313968,2,19,0,2,9,0,0,4,0,0,4,1,6,1,-1,-1,1868,2,12,-1,-1,-1
2018200313968,3,9,0,2,9,0,0,0,0,0,2,1,6,3,-1,-1,-1,-1,-1,-1,-1,-1
2018200313971,1,9,0,5,0,1,0,0,0,0,1,1,6,2,59,9,1995,2,1,4,2,4
2018200314057,1,9,0,12,0,1,0,0,0,0,2,1,6,1,31,6,1753,2,18,4,1,4
2018200314057,2,9,0,18,0,1,0,0,0,0,1,1,6,1,-1,-1,1560,2,2,-1,-1,-1
2018200314075,1,9,0,18,0,2,0,0,0,0,1,1,6,3,-1,-1,-1,-1,-1,-1,-1,-1
2018200314082,1,9,0,18,0,6,0,0,0,0,1,1,6,1,38,7,1598,2,7,8,1,8
2018200314082,2,9,0,18,0,8,0,0,0,0,3,1,6,1,54,8,1896,2,8,6,1,6
2018200314105,1,9,0,9,0,6,0,0,0,0,1,1,6,3,-1,-1,-1,-1,-1,-1,-1,-1
2018200314105,2,1,0,18,0,1,0,0,0,0,3,1,6,1,27,6,-1,-1,-1,2,1,2
2018200314110,1,9,0,5,0,6,0,4,1,0,1,1,1,2,61,9,2143,2,1,1,1,1
2018200314110,2,11,0,18,0,8,0,0,0,0,1,1,1,1,53,8,8268,2,15,1,1,1
2018200314110,3,9,0,2,0,2,0,0,0,0,2,1,6,3,-1,-1,-1,-1,-1,-1,-1,-1
2018200314160,1,9,0,18,0,0,0,0,0,0,1,1,6,1,78,11,1198,1,8,5,1,5
2018200314164,1,9,0,4,0,0,0,0,0,0,1,1,6,1,-1,-1,-1,-1,-1,4,1,4
2018200314164,2,9,0,4,0,0,0,0,0,0,2,1,6,1,63,9,1242,1,6,6,1,6
2018200314234,1,9,0,5,0,1,0,0,0,0,1,1,6,1,39,7,1597,2,5,3,1,3
2018200314236,1,9,0,18,0,0,0,0,0,0,1,1,6,1,-1,-1,-1,-1,-1,-1,-1,-1
2018200314245,1,9,0,18,0,0,0,0,0,0,1,1,6,3,-1,-1,1753,2,10,-1,-1,-1
2018200314245,2,9,0,18,0,0,0,0,0,0,1,1,6,1,34,6,1991,2,12,4,1,4
2018200314270,1,9,0,18,0,2,0,0,0,0,1,1,6,2,51,8,1997,2,8,9,1,9
2018200314270,2,1,0,18,0,2,1,0,0,0,1,1,3,1,12,3,-1,-1,-1,8,1,8
2018200314271,1,9,0,9,0,8,0,0,0,0,1,1,6,1,-1,-1,1950,2,-1,-1,-1,-1
2018200314271,2,9,0,18,0,8,0,0,0,0,1,1,1,1,24,5,1991,1,3,1,1,1
2018200314296,1,9,0,1,0,0,0,4,0,0,2,1,6,1,-1,-1,1318,1,-1,-1,-1,-1
2018200314296,2,9,0,2,0,0,0,0,0,0,4,1,1,1,30,6,1896,2,10,1,1,1
2018200314301,1,9,0,18,0,1,0,0,0,0,1,1,6,1,21,5,1686,2,13,3,2,3
2018200314301,2,9,0,3,0,1,0,0,0,0,2,1,6,2,56,9,1242,1,6,7,3,7
2018200314319,1,9,0,4,0,0,0,0,0,0,1,1,1,1,43,7,-1,-1,-1,1,1,1
2018200314319,2,9,0,4,0,0,0,0,0,0,2,1,6,1,40,7,2993,2,7,1,1,1
2018200314321,1,9,0,18,0,0,0,0,0,0,1,1,3,2,51,8,1242,1,14,7,1,7
2018200314322,1,9,0,18,0,1,0,0,0,0,4,1,6,1,60,9,1198,1,7,6,1,6
2018200314345,1,9,0,5,0,0,0,0,0,0,1,1,6,1,18,4,1600,2,9,6,1,6
2018200314345,2,8,0,4,0,0,0,0,0,0,2,1,1,1,47,8,2143,2,5,1,1,1
2018200314350,1,9,0,9,0,6,0,0,0,0,4,1,6,1,37,7,2188,2,13,5,1,5
2018200314350,2,9,0,18,0,8,0,10,1,11,4,1,6,2,68,10,1360,1,15,1,1,1
2018200314386,1,19,0,18,0,0,0,0,0,0,2,1,1,1,36,7,2148,2,10,1,1,1
2018200314386,2,98,0,18,0,0,0,0,0,0,1,1,1,1,68,10,-1,-1,-1,9,1,9
2018200314389,1,98,0,18,0,1,0,0,0,0,2,1,6,1,-1,-1,-1,-1,-1,-1,-1,-1
2018200314389,2,9,0,4,0,1,0,0,0,0,2,1,6,2,29,6,995,1,6,1,1,1
2018200314433,1,9,0,9,0,1,0,0,0,0,3,1,2,2,31,6,1461,2,1,1,1,1
2018200314433,2,9,0,7,0,2,0,0,0,0,3,1,6,2,28,6,1598,2,5,1,1,1
2018200314473,1,9,0,18,0,0,0,0,0,0,1,1,6,1,50,8,1686,2,6,1,1,1
2018200314489,1,9,0,9,0,6,0,0,0,0,3,1,6,2,19,4,1299,1,11,6,1,6
2018200314489,2,9,0,18,0,8,0,0,0,0,1,1,6,1,43,7,1386,1,14,5,1,5
2018200314494,1,9,0,18,0,0,0,4,0,0,1,1,6,1,-1,-1,998,1,7,-1,-1,-1
2018200314494,2,9,0,2,0,0,0,4,0,0,1,1,6,1,40,7,1339,1,16,1,1,1
2018200314494,3,9,0,2,0,0,0,0,0,0,2,1,6,1,53,8,1598,1,9,1,1,1
2018200314494,4,9,0,2,0,0,0,0,0,0,2,1,6,2,51,8,1794,1,12,1,1,1
2018200314496,1,9,0,6,0,0,0,0,0,0,3,1,6,1,65,9,1794,1,15,1,1,1
2018200314496,2,1,0,13,0,0,0,0,0,0,1,1,1,1,47,8,-1,-1,-1,1,1,1
2018200314513,1,9,0,7,0,6,0,0,0,0,1,1,6,3,-1,-1,1390,1,15,1,1,1
2018200314513,2,9,0,18,0,8,0,0,0,0,3,1,6,2,41,7,1398,1,12,1,1,1
2018200314529,1,9,0,18,0,0,0,0,0,0,1,1,6,2,-1,-1,1497,8,3,4,1,4
2018200314553,1,9,0,7,0,6,0,0,0,0,1,1,6,1,20,4,1200,1,4,1,1,1
2018200314553,2,1,0,18,0,6,0,0,0,0,1,1,6,1,11,3,-1,-1,-1,-1,-1,-1
2018200314558,1,9,0,18,0,2,0,0,0,0,1,1,6,1,56,9,1798,1,11,1,1,1
2018200314599,1,9,0,5,0,1,0,0,0,0,1,1,6,2,41,7,1299,1,17,3,1,3
2018200314611,1,9,0,11,0,4,0,0,0,0,4,1,6,1,-1,-1,1598,1,5,7,1,7
2018200314611,2,9,0,5,0,4,0,0,0,0,3,1,6,1,22,5,1596,1,11,1,1,1
2018200314651,1,9,0,18,0,0,1,10,2,11,1,1,6,1,25,5,2231,2,9,7,1,7
2018200314674,1,9,0,9,0,6,0,0,0,0,3,1,6,2,34,6,2000,2,13,4,1,4
2018200314674,2,9,0,18,0,8,0,0,0,0,1,1,6,2,31,6,998,1,9,1,1,1
2018200314689,1,9,0,18,0,4,0,0,0,0,1,1,6,1,62,9,998,1,4,6,1,6
2018200314715,1,9,0,18,0,4,0,0,0,0,1,1,6,2,-1,-1,1995,2,3,3,2,3
2018200314715,2,9,0,7,0,8,0,0,0,0,4,1,6,2,22,5,1598,2,-1,10,-1,10
2018200314751,1,5,0,18,0,0,1,0,7,11,1,1,2,1,44,7,839,1,10,2,1,2
2018200314793,1,9,0,18,0,0,0,0,0,0,1,1,6,2,27,6,1686,2,4,1,1,1
2018200314793,2,9,0,3,0,0,0,0,0,0,2,1,1,2,35,6,1598,1,8,2,1,2
2018200314823,1,9,0,18,0,6,0,0,0,0,3,1,6,1,65,9,1364,2,12,1,1,1
2018200314823,2,9,0,18,0,8,0,0,0,0,1,1,1,1,-1,-1,2362,1,9,3,1,3
2018200314856,1,9,0,14,0,0,0,0,0,0,4,1,6,2,65,9,1582,2,2,7,1,7
2018200314861,1,9,0,18,0,2,0,0,0,0,1,1,1,1,-1,-1,1242,1,8,1,1,1
2018200314861,2,9,0,3,0,2,0,0,0,0,2,1,2,1,35,6,1968,2,4,1,1,1
2018200314888,1,5,0,13,0,8,1,0,0,0,3,1,6,1,44,7,600,1,12,9,1,9
2018200314888,2,9,0,9,0,5,0,0,0,0,1,1,6,2,-1,-1,1242,1,14,2,1,2
2018200314916,1,9,0,18,0,4,0,9,3,1,1,1,6,2,61,9,1796,1,12,5,1,5
2018200314918,1,9,0,18,0,8,1,0,0,0,1,1,6,1,21,5,1984,1,5,3,1,3
2018200314918,2,9,0,9,0,6,1,0,0,0,3,1,6,1,30,6,1968,2,7,10,1,10
2018200314925,1,9,5,11,0,0,0,0,0,0,4,1,6,3,-1,-1,2495,1,14,-1,-1,-1
2018200314925,2,98,1,18,0,0,0,0,0,0,3,1,1,1,40,7,-1,-1,-1,3,1,3
2018200314933,1,9,0,9,0,5,0,0,0,0,4,1,2,1,21,5,1590,1,13,1,1,1
2018200314933,2,8,0,9,0,5,0,0,0,0,3,1,1,1,30,6,1997,2,11,4,1,4
2018200314933,3,9,0,3,0,1,0,0,0,0,3,1,2,2,52,8,1598,1,11,10,1,10