Accident_Index,Vehicle_Reference,Vehicle_Type,Towing_and_Articulation,Vehicle_Manoeuvre,Vehicle_Location-Restricted_Lane,Junction_Location,Skidding_and_Overturning,Hit_Object_in_Carriageway,Vehicle_Leaving_Carriageway,Hit_Object_off_Carriageway,1st_Point_of_Impact,Was_Vehicle_Left_Hand_Drive?,Journey_Purpose_of_Driver,Sex_of_Driver,Age_of_Driver,Age_Band_of_Driver,Engine_Capacity_(CC),Propulsion_Code,Age_of_Vehicle,Driver_IMD_Decile,Driver_Home_Area_Type,Vehicle_IMD_Decile
2018200314962,1,9,0,18,0,4,0,0,0,0,1,1,6,2,63,9,1299,1,16,1,1,1
2018200314962,2,9,0,18,0,4,0,0,0,0,2,1,6,2,56,9,1328,1,14,5,1,5
2018200314965,1,9,0,18,0,3,0,0,0,0,3,1,2,2,33,6,1360,1,12,1,1,1
2018200314965,2,1,0,18,0,8,0,0,0,0,4,1,6,2,32,6,-1,-1,-1,1,1,1
2018200314982,1,1,0,18,0,8,0,0,0,0,1,1,6,1,65,9,-1,-1,-1,1,1,1
2018200314982,2,9,0,1,0,6,0,0,0,0,2,1,6,1,72,10,1242,1,11,5,1,5
2018200314998,1,9,0,14,0,1,0,0,0,0,0,1,3,1,50,8,2000,2,9,6,1,6
2018200314998,2,9,0,18,0,2,0,0,0,0,0,1,3,2,40,7,1991,2,9,2,1,2
2018200315012,1,9,0,9,0,6,0,0,0,0,3,1,6,1,86,11,1998,1,13,7,1,7
2018200315012,2,1,0,18,0,8,0,0,0,0,1,1,6,1,21,5,-1,-1,-1,2,1,2
2018200315058,1,9,0,9,0,8,0,0,0,0,1,1,6,2,23,5,1242,1,1,7,1,7
2018200315058,2,9,0,18,0,8,0,0,0,0,1,1,6,1,24,5,1598,2,4,4,1,4
2018200315121,1,9,0,18,0,0,1,4,0,0,1,1,6,3,-1,-1,1995,2,9,-1,-1,-1
2018200315121,2,9,0,2,0,0,0,0,0,0,1,1,6,1,24,5,1296,1,11,1,1,1
2018200315121,3,9,0,2,0,0,0,0,0,0,1,1,6,1,21,5,1968,2,5,1,1,1
2018200315190,1,9,0,9,0,1,0,0,0,0,1,1,6,2,33,6,1582,2,8,1,1,1
2018200315206,1,19,0,18,0,0,0,4,0,0,4,1,6,3,-1,-1,2148,2,12,-1,-1,-1
2018200315206,2,9,0,2,0,0,0,0,0,0,3,1,6,1,-1,-1,2387,2,12,-1,-1,-1
2018200315234,1,8,0,14,0,0,0,0,0,0,1,1,1,1,40,7,1248,2,10,2,1,2
2018200315234,2,9,0,14,0,0,0,0,0,0,1,1,6,1,28,6,1984,1,4,1,1,1
2018200315244,1,9,0,9,0,6,0,0,0,0,3,1,6,1,66,10,799,2,9,1,1,1
2018200315244,2,9,0,18,0,8,0,0,0,0,3,1,6,1,28,6,1229,1,6,4,1,4
2018200315293,1,9,0,18,0,6,0,0,0,0,4,1,6,1,25,5,1461,2,4,3,1,3
2018200315293,2,9,0,18,0,8,0,0,0,0,1,1,6,1,-1,-1,-1,-1,-1,-1,-1,-1
2018200315310,1,9,0,4,0,8,0,0,0,0,1,1,6,1,33,6,1968,2,11,-1,-1,-1
2018200315310,2,9,0,3,0,8,0,0,0,0,2,1,6,1,39,7,2143,2,3,4,1,4
2018200315317,1,9,0,18,0,0,0,0,0,0,1,1,6,1,26,6,1984,1,7,6,1,6
2018200315317,2,9,0,18,0,0,0,0,0,0,1,1,1,1,38,7,-1,-1,-1,1,1,1
2018200315317,3,9,0,18,0,0,0,0,0,0,1,1,1,1,28,6,1968,2,2,2,1,2
2018200315317,4,9,0,18,0,0,0,0,0,0,0,1,1,1,-1,-1,2993,2,1,2,1,2
2018200315319,1,9,0,18,0,0,0,0,0,0,2,1,1,1,72,10,1587,1,15,1,1,1
2018200315319,2,3,0,18,0,0,0,0,0,0,1,1,6,1,29,6,124,1,16,2,1,2
2018200315332,1,9,0,10,0,8,0,0,0,0,2,1,6,2,52,8,1388,1,14,4,1,4
2018200315332,2,9,0,18,0,8,0,0,0,0,1,1,6,2,-1,-1,1229,1,11,-1,-1,-1
2018200315345,1,9,0,18,0,1,0,0,0,0,1,1,6,2,32,6,1248,2,10,1,1,1
2018200315345,2,8,0,3,0,1,0,0,0,0,2,1,1,1,33,6,1968,2,12,1,1,1
2018200315365,1,9,0,6,0,2,0,0,0,0,2,1,6,1,52,8,1995,2,10,7,1,7
2018200315365,2,9,0,18,0,2,0,0,0,0,1,1,6,1,20,4,-1,-1,-1,-1,-1,-1
2018200315383,1,9,0,18,0,4,0,0,0,0,1,1,6,1,81,11,999,1,1,1,1,1
2018200315383,2,9,0,18,0,8,0,10,1,0,4,1,2,2,44,7,1997,2,9,5,1,5
2018200315401,1,9,0,13,0,0,0,0,0,0,1,1,6,1,-1,-1,1390,1,16,-1,-1,-1
2018200315401,2,9,0,18,0,0,0,0,0,0,3,1,6,1,50,8,1598,2,5,5,1,5
2018200315401,3,9,0,18,0,0,0,0,0,0,0,1,1,1,-1,-1,2993,2,1,-1,-1,-1
2018200315455,1,9,0,7,0,1,0,0,0,0,1,1,6,1,-1,-1,-1,-1,-1,-1,-1,-1
2018200315464,1,1,0,18,0,0,0,0,0,0,1,1,1,1,-1,-1,-1,-1,-1,7,1,7
2018200315464,2,9,0,18,0,0,0,0,0,0,1,1,6,3,-1,-1,-1,-1,-1,-1,-1,-1
2018200315466,1,9,0,5,0,1,0,0,0,0,1,1,6,1,21,5,1598,1,11,4,1,4
2018200315466,2,4,0,18,0,1,0,0,0,0,3,1,1,1,55,8,395,1,8,1,1,1
2018200315494,1,9,0,18,0,2,0,0,0,0,1,1,6,1,30,6,1870,2,17,2,1,2
2018200315586,1,9,0,18,0,2,0,0,0,0,1,1,1,1,-1,-1,1248,2,5,-1,-1,-1
2018200315586,2,1,0,18,0,2,0,0,0,0,4,1,6,1,35,6,-1,-1,-1,1,1,1
2018200315607,1,98,1,11,0,0,0,0,0,0,4,1,1,3,-1,-1,-1,-1,-1,-1,-1,-1
2018200315607,2,9,0,18,0,0,0,0,0,0,3,1,2,1,52,8,-1,-1,-1,2,1,2
2018200315669,1,21,1,10,0,0,1,0,0,0,1,1,6,2,50,8,12780,2,12,-1,-1,-1
2018200315669,2,9,0,18,0,0,0,0,0,0,2,1,6,1,22,5,1242,1,3,-1,-1,-1
2018200315686,1,8,0,2,0,1,0,0,0,0,2,1,6,1,29,6,1997,2,5,3,1,3
2018200315686,2,9,0,7,0,2,0,0,0,0,2,1,6,1,58,9,1950,2,2,8,3,8
2018200315694,1,9,0,18,0,0,0,0,0,0,1,1,6,2,29,6,1396,1,9,5,1,5
2018200315694,2,9,0,18,0,0,0,0,0,0,1,1,2,2,30,6,1242,1,3,-1,-1,-1
2018200315694,3,9,0,18,0,0,0,0,0,0,2,1,2,1,52,8,1999,2,2,10,1,10
2018200315694,4,9,0,18,0,0,0,0,0,0,2,1,2,1,51,8,1998,8,-1,10,1,10
2018200315726,1,9,0,7,0,6,0,0,0,0,3,1,6,2,22,5,998,1,1,5,1,5
2018200315726,2,3,0,11,0,8,0,0,0,0,2,1,6,1,30,6,108,1,4,1,1,1
2018200315732,1,2,0,18,0,0,0,4,0,0,1,1,6,1,20,4,49,1,13,1,1,1
2018200315732,2,9,0,2,0,0,0,0,0,0,0,1,6,2,49,8,1461,2,1,1,1,1
2018200315752,1,9,0,18,0,0,5,4,0,0,1,1,6,1,66,10,2987,2,10,4,1,4
2018200315752,2,9,0,2,0,0,0,0,0,0,2,1,6,2,54,8,1998,1,11,6,1,6
2018200315767,1,11,0,18,0,0,0,0,0,0,0,1,1,1,45,7,-1,-1,-1,-1,-1,-1
2018200315771,1,1,0,9,0,8,0,0,0,0,2,1,6,1,46,8,-1,-1,-1,8,1,8
2018200315771,2,9,0,18,0,8,0,0,0,0,0,1,6,3,-1,-1,-1,-1,-1,-1,-1,-1
2018200315778,1,9,0,18,0,8,0,0,0,0,4,1,6,1,18,4,1560,2,10,4,1,4
2018200315778,2,9,0,18,0,4,0,0,0,0,1,1,1,1,40,7,1896,2,12,1,1,1
2018200315779,1,9,0,9,0,0,0,0,0,0,4,1,6,1,28,6,1998,2,13,2,1,2
2018200315779,2,5,0,18,0,0,0,0,0,0,1,1,2,1,54,8,942,1,5,6,1,6
2018200315785,1,9,0,13,0,1,1,0,0,0,1,1,6,1,25,5,1896,2,16,-1,-1,-1
2018200315785,2,9,0,10,0,1,0,0,0,0,1,1,6,2,50,8,1598,1,14,5,1,5
2018200315821,1,9,0,18,0,8,0,0,0,0,1,1,6,2,29,6,1499,1,2,3,1,3
2018200315821,2,9,0,9,0,6,0,0,0,0,1,1,6,2,33,6,1598,1,7,9,1,9
2018200315821,3,9,0,18,0,1,0,0,0,0,0,1,1,1,-1,-1,-1,-1,-1,-1,-1,-1
2018200315821,4,9,0,2,0,2,0,0,0,0,2,1,5,3,-1,-1,1598,1,10,-1,-1,-1
2018200315821,5,9,0,2,0,2,0,0,0,0,2,1,5,3,-1,-1,1242,1,12,-1,-1,-1
2018200315834,1,9,0,5,0,0,0,0,0,0,3,1,6,1,21,5,1229,1,5,1,1,1
2018200315843,1,9,0,18,0,0,0,0,0,0,1,1,6,2,-1,-1,1197,1,5,-1,-1,-1
2018200315848,1,9,0,18,0,2,0,0,0,0,1,1,6,1,-1,-1,1796,1,17,-1,-1,-1
2018200315848,2,1,0,18,0,2,0,0,0,0,4,1,6,1,36,7,-1,-1,-1,7,1,7
2018200315851,1,9,0,5,0,4,0,0,0,0,1,1,2,1,44,7,1598,1,11,3,1,3
2018200315851,2,1,0,11,0,8,0,0,0,0,4,1,6,1,34,6,-1,-1,-1,2,1,2
2018200315921,1,9,0,18,0,8,0,0,0,0,1,1,6,1,-1,-1,1998,1,16,-1,-1,-1
2018200315921,2,19,0,18,0,8,0,10,7,0,2,1,1,1,73,10,2198,2,6,1,1,1
2018200316060,1,9,0,9,0,5,0,0,0,0,1,1,1,2,42,7,2987,2,12,7,3,7
2018200316060,2,1,0,18,0,8,0,0,0,0,1,1,2,1,50,8,-1,-1,-1,4,1,4
2018200316066,1,9,0,18,0,1,0,0,0,0,1,1,6,2,19,4,1296,1,12,2,1,2
2018200316066,2,9,0,3,0,1,0,0,0,0,2,1,1,2,36,7,999,1,16,2,1,2
2018200316144,1,9,0,4,0,1,0,0,0,0,2,1,6,1,40,7,1995,2,7,5,1,5
2018200316144,2,9,0,18,0,1,0,0,0,0,1,1,6,2,28,6,1084,1,-1,5,1,5
2018200316181,1,8,0,11,0,0,0,0,0,0,1,1,1,1,46,8,2499,2,10,4,1,4
2018200316202,1,9,0,1,0,0,0,0,0,0,2,1,6,2,-1,-1,-1,-1,-1,-1,-1,-1
2018200316217,1,9,0,7,0,6,0,0,0,0,1,1,6,1,-1,-1,-1,-1,-1,-1,-1,-1
2018200316217,2,1,0,18,0,8,0,0,0,0,1,1,6,2,28,6,-1,-1,-1,1,1,1
2018200316227,1,9,0,9,0,6,0,0,0,0,3,1,6,2,26,6,998,1,11,3,2,3
2018200316227,2,9,0,18,0,8,0,0,0,0,1,1,6,2,32,6,1364,1,9,1,1,1
2018200316228,1,9,0,5,0,4,0,0,0,0,3,1,6,2,-1,-1,1598,1,11,-1,-1,-1
2018200316228,2,10,0,18,0,8,0,0,0,0,4,1,6,1,42,7,2198,2,8,1,1,1
2018200316233,1,9,0,18,0,0,0,10,1,2,3,1,6,1,35,6,1870,2,13,1,1,1
2018200316233,2,9,0,13,0,0,0,0,0,0,1,1,6,3,-1,-1,-1,-1,-1,-1,-1,-1
2018200316269,1,98,1,18,0,8,0,0,0,0,1,1,1,1,43,7,-1,-1,-1,2,1,2
2018200316269,2,1,0,18,0,6,0,0,0,0,1,1,6,1,12,3,-1,-1,-1,9,1,9
2018200316282,1,19,0,18,0,0,0,0,0,0,1,1,6,1,30,6,2402,2,12,1,1,1
2018200316286,1,9,0,18,0,6,0,0,0,0,3,1,6,1,58,9,1969,2,1,4,1,4
2018200316286,2,9,0,18,0,8,0,0,0,0,1,1,6,2,33,6,1799,1,12,2,1,2
2018200316299,1,9,0,3,0,0,0,0,0,0,2,1,2,1,37,7,1968,2,5,10,1,10
2018200316299,2,9,0,4,0,0,0,0,0,0,1,1,2,2,50,8,1968,2,4,9,1,9
2018200316308,1,9,0,9,0,1,0,0,0,0,4,1,6,1,19,4,-1,-1,-1,7,3,7
2018200316320,1,9,0,18,0,2,0,0,0,0,1,1,6,1,48,8,2993,2,10,10,1,10
2018200316320,2,9,0,18,0,2,0,0,0,0,2,1,6,2,37,7,1995,2,6,10,3,10
2018200316320,3,9,0,18,0,2,0,0,0,0,2,1,6,1,33,6,1390,1,14,1,1,1
2018200316320,4,8,0,18,0,2,0,0,0,0,2,1,6,1,31,6,1794,1,10,1,1,1
2018200316348,1,5,0,18,0,8,0,0,0,0,1,1,6,1,46,8,1202,1,4,4,1,4
2018200316348,2,9,0,9,0,5,0,0,0,0,4,1,6,2,48,8,1086,1,10,10,1,10
2018200316391,1,9,0,18,0,1,0,0,0,0,1,1,6,1,44,7,1998,2,12,1,1,1
2018200316411,1,9,0,4,0,1,0,0,0,0,1,1,6,1,20,4,999,1,18,10,1,10
2018200316411,2,9,0,3,0,1,0,0,0,0,2,1,6,1,45,7,2143,2,2,3,1,3
2018200316441,1,97,0,18,0,1,2,0,0,0,1,1,6,2,25,5,-1,-1,-1,-1,-1,-1
2018200316483,1,9,0,7,0,5,0,0,0,0,3,1,6,2,59,9,998,1,16,7,1,7
2018200316483,2,1,0,18,9,8,0,0,0,0,1,1,5,1,16,4,-1,-1,-1,2,1,2
2018200316509,1,9,0,18,0,4,0,10,3,11,1,1,6,1,17,4,998,1,5,10,1,10
2018200316526,1,9,0,18,0,8,5,0,0,0,0,1,6,1,28,6,1299,1,15,2,1,2
2018200316526,2,9,0,18,0,8,0,0,0,0,3,1,6,3,-1,-1,899,1,3,-1,-1,-1
2018200316528,1,9,0,18,0,0,0,0,0,0,1,1,6,1,25,5,1595,1,12,-1,-1,-1
2018200316528,2,9,0,3,0,0,0,0,0,0,2,1,6,2,24,5,1197,1,1,5,1,5
2018200316528,3,9,0,3,0,0,0,0,0,0,1,1,6,1,66,10,1240,1,8,9,1,9
2018200316537,1,9,0,18,0,0,0,0,0,0,1,1,6,1,-1,-1,-1,-1,-1,-1,-1,-1
2018200316537,2,9,0,18,0,0,0,0,0,0,2,1,6,1,46,8,1598,1,16,1,1,1
2018200316557,1,9,0,18,0,8,1,7,7,11,1,1,6,1,18,4,4163,1,6,4,1,4
2018200316557,2,9,0,2,9,2,0,0,0,0,1,1,6,3,-1,-1,1388,1,11,-1,-1,-1
2018200316557,3,9,0,18,0,1,0,0,0,0,0,1,1,1,-1,-1,2993,2,1,5,1,5
2018200316557,4,9,0,18,0,1,0,0,0,0,0,1,1,1,-1,-1,2993,2,2,5,1,5
2018200316559,1,9,0,18,0,0,0,0,0,0,1,1,6,2,22,5,1242,1,2,7,1,7
2018200316559,2,9,0,3,0,0,0,0,0,0,2,1,1,1,29,6,1896,2,9,1,1,1
2018200316559,3,9,0,3,0,0,0,0,0,0,1,1,6,2,21,5,1149,1,12,3,1,3
2018200316592,1,9,0,18,0,0,0,0,0,0,1,1,6,1,48,8,2143,2,3,5,1,5
2018200316593,1,9,0,9,0,1,0,0,0,0,1,1,6,1,-1,-1,1390,1,15,-1,-1,-1
2018200316593,2,1,0,10,0,1,0,0,0,0,1,1,6,1,46,8,-1,-1,-1,7,1,7
2018200316624,1,9,0,18,0,0,0,0,0,0,1,1,6,1,25,5,999,1,3,1,1,1
2018200316624,2,9,0,3,0,0,0,0,0,0,2,1,6,1,41,7,1797,8,3,5,1,5
2018200316632,1,9,0,18,0,4,0,0,0,0,4,1,6,1,33,6,1560,2,9,5,1,5
2018200316632,2,1,0,18,0,8,0,0,0,0,1,1,2,1,38,7,-1,-1,-1,10,1,10
2018200316634,1,9,0,17,0,0,1,10,1,11,1,1,6,1,19,4,2148,2,9,2,1,2
2018200316634,2,9,0,2,9,0,0,0,0,0,4,1,6,3,43,7,1596,1,14,3,1,3
2018200316634,3,9,0,2,9,0,0,0,0,0,4,1,6,1,47,8,1988,2,13,2,1,2
2018200316685,1,9,0,9,0,6,1,0,0,0,3,1,6,2,53,8,1896,2,12,6,1,6
2018200316685,2,9,0,18,0,8,0,0,0,0,1,1,6,1,33,6,2979,1,17,6,1,6
2018200316687,1,9,0,7,0,3,0,0,0,0,3,1,6,2,-1,-1,1395,1,1,1,1,1
2018200316687,2,9,0,11,0,3,0,0,0,0,4,1,6,1,-1,-1,1396,1,21,1,1,1
2018200316729,1,10,0,18,0,0,0,0,0,0,3,1,1,3,-1,-1,-1,-1,-1,-1,-1,-1
2018200316729,2,9,0,18,0,0,0,0,0,0,4,1,6,2,25,5,1598,2,2,1,1,1
2018200316762,1,9,0,18,0,1,0,0,0,0,1,1,6,2,-1,-1,1248,2,8,-1,-1,-1
2018200316762,2,1,0,5,0,1,0,0,0,0,1,1,6,1,56,9,-1,-1,-1,1,1,1
2018200316778,1,9,0,9,0,6,0,0,0,0,2,1,1,2,55,8,1339,1,13,7,1,7
2018200316778,2,5,0,18,0,8,0,0,0,0,1,1,6,1,30,6,1250,1,16,5,1,5
2018200316800,1,9,0,9,0,8,0,0,0,0,1,1,2,2,37,7,1997,2,4,5,1,5
2018200316800,2,9,0,18,0,8,0,0,0,0,1,1,2,2,51,8,1242,1,7,5,1,5
2018200316824,1,9,0,9,0,6,0,0,0,0,1,1,1,2,-1,-1,1388,1,8,-1,-1,-1
2018200316824,2,1,0,18,0,8,0,0,0,0,4,1,1,1,38,7,-1,-1,-1,1,1,1
2018200316829,1,9,0,9,0,8,0,0,0,0,3,1,6,1,40,7,1461,2,12,1,1,1
2018200316829,2,9,0,18,0,8,0,0,0,0,3,1,6,2,28,6,1386,1,11,2,1,2
2018200316862,1,9,0,9,0,1,0,0,0,0,2,1,6,2,24,5,1968,2,5,1,1,1
2018200316862,2,3,0,18,0,1,1,0,0,0,3,1,1,1,23,5,124,1,35,1,1,1
2018200316887,1,1,0,18,0,2,0,0,0,0,2,1,5,1,8,2,-1,-1,-1,1,1,1
2018200316887,2,9,0,18,0,2,0,0,0,0,1,1,6,2,-1,-1,-1,-1,-1,1,1,1
2018200316918,1,9,0,1,0,0,0,0,0,0,2,1,6,1,17,4,1086,1,14,8,1,8
2018200316918,2,9,0,4,0,0,0,0,0,0,1,1,1,1,-1,-1,1248,2,4,2,1,2
2018200316918,3,9,0,3,0,0,0,0,0,0,0,1,1,1,-1,-1,1248,2,4,2,1,2
2018200316926,1,9,0,18,0,1,0,4,0,0,1,1,6,1,81,11,1197,1,5,8,1,8
2018200316926,2,19,0,2,0,1,1,0,0,0,2,1,6,1,68,10,1968,2,2,2,1,2
2018200316969,1,9,0,18,0,1,0,0,0,0,3,1,6,1,35,6,1995,2,2,6,3,6
2018200316970,1,8,0,9,0,5,0,0,0,0,4,1,6,1,-1,-1,-1,-1,-1,-1,-1,-1
2018200316970,2,9,0,18,0,8,0,0,0,0,1,1,6,1,-1,-1,-1,-1,-1,-1,-1,-1
2018200316983,1,9,0,18,0,0,0,0,0,0,1,1,2,1,40,7,1398,1,-1,5,1,5
2018200316998,1,9,0,18,0,0,0,0,0,0,3,1,6,3,-1,-1,-1,-1,-1,-1,-1,-1
2018200317008,1,9,0,18,0,0,0,0,0,0,1,1,6,3,-1,-1,-1,-1,-1,-1,-1,-1
2018200317047,1,9,0,18,0,0,0,0,0,0,1,1,1,2,40,7,1242,1,3,1,1,1
2018200317061,1,98,0,18,0,3,0,0,0,0,4,1,6,3,-1,-1,-1,-1,-1,-1,-1,-1
2018200317061,2,9,0,14,0,1,0,0,0,0,3,1,1,2,26,6,998,1,5,7,1,7
2018200317061,3,11,0,3,0,1,0,0,0,0,3,1,1,1,-1,-1,-1,-1,-1,-1,-1,-1
2018200317067,1,9,0,3,0,0,0,0,0,0,2,1,6,1,57,9,1339,1,6,1,1,1
2018200317067,2,9,0,18,0,0,0,0,0,0,2,1,6,3,-1,-1,1598,2,8,-1,-1,-1
2018200317070,1,19,0,9,0,6,0,0,0,0,1,1,6,1,-1,-1,2402,2,17,-1,-1,-1
2018200317070,2,9,0,7,0,6,0,0,0,0,1,1,6,1,42,7,1598,2,6,1,1,1
2018200317071,1,9,0,18,0,5,0,10,1,10,4,1,6,1,19,4,2993,2,8,3,1,3
2018200317071,2,9,0,18,0,8,0,10,1,0,1,1,6,1,45,7,1984,1,12,2,1,2
2018200317071,3,9,0,2,9,2,0,0,0,0,2,1,5,3,-1,-1,1998,1,15,-1,-1,-1
2018200317071,4,9,0,2,9,2,0,0,0,0,2,1,6,3,-1,-1,1149,1,14,-1,-1,-1
2018200317083,1,9,0,18,0,1,0,0,0,0,1,1,6,2,-1,-1,1995,2,10,-1,-1,-1
2018200317083,2,9,0,9,0,6,0,0,0,0,1,1,3,2,27,6,899,1,5,2,1,2
2018200317096,1,11,0,18,0,0,0,0,0,0,4,1,1,1,26,6,6700,2,10,4,1,4
2018200317098,1,5,0,18,0,0,0,0,0,0,3,1,6,1,50,8,1690,1,5,8,1,8
2018200317098,2,9,0,18,0,0,0,0,0,0,1,1,6,1,80,11,4367,2,-1,7,3,7
2018200317110,1,9,0,18,0,6,0,0,0,0,1,1,6,2,-1,-1,2987,2,10,-1,-1,-1
2018200317110,2,9,0,18,0,8,0,0,0,0,3,1,6,1,37,7,1798,1,8,1,1,1
2018200317115,1,9,0,15,0,8,0,0,0,0,3,1,6,1,-1,-1,2148,2,10,-1,-1,-1
2018200317115,2,9,0,12,0,3,0,0,0,0,4,1,6,2,21,5,1390,1,7,9,2,9
2018200317156,1,9,0,9,0,6,0,0,0,0,1,1,6,2,22,5,1364,1,11,10,1,10
2018200317156,2,9,0,18,0,8,0,0,0,0,3,1,6,1,31,6,1598,2,7,1,1,1
2018200317199,1,9,0,9,0,6,0,0,0,0,2,1,1,1,27,6,-1,-1,-1,9,2,9
2018200317199,2,9,0,16,0,1,0,0,0,0,1,1,2,1,40,7,1598,1,11,10,3,10
2018200317334,1,9,0,5,0,2,0,4,0,0,1,1,6,1,23,5,1242,1,7,10,1,10
2018200317334,2,9,0,2,0,2,0,0,0,0,2,1,6,1,38,7,1596,1,14,-1,-1,-1
2018200317350,1,9,0,18,0,0,0,0,0,0,1,1,6,2,62,9,1248,1,8,8,3,8
2018200317350,2,9,0,18,0,0,0,0,0,0,2,1,6,2,26,6,-1,-1,-1,1,1,1
2018200317373,1,9,0,18,0,0,5,10,1,10,3,1,6,1,24,5,2497,1,-1,3,1,3
2018200317403,1,1,0,18,0,0,0,0,0,0,3,1,6,1,50,8,-1,-1,-1,2,1,2
2018200317403,2,19,0,14,0,0,0,0,0,0,1,1,6,1,36,7,2998,2,13,2,1,2
2018200317408,1,9,0,9,0,5,0,0,0,0,1,1,6,1,22,5,1390,1,15,1,1,1
2018200317408,2,9,0,18,0,8,0,0,0,0,1,1,6,2,43,7,1329,1,8,1,1,1
2018200317408,3,9,0,10,0,1,0,0,0,0,1,1,6,2,24,5,1242,1,14,7,1,7
2018200317408,4,9,0,13,0,8,0,10,1,10,1,1,6,3,-1,-1,1461,2,3,-1,-1,-1
2018200317421,1,9,0,18,0,2,0,0,0,0,3,1,2,1,36,7,2993,2,2,7,1,7
2018200317464,1,9,0,18,0,0,0,0,0,0,1,1,6,1,36,7,1796,1,12,2,1,2
2018200317464,2,19,0,18,0,0,0,0,0,0,2,1,1,1,40,7,2198,2,3,7,1,7
2018200317467,1,9,0,9,0,5,0,0,0,0,2,1,6,1,-1,-1,1995,2,4,3,1,3
2018200317467,2,9,0,18,0,8,0,0,0,0,1,1,6,2,49,8,2143,2,4,5,1,5
2018200317586,1,9,0,18,0,0,0,0,0,0,1,1,2,2,22,5,1560,2,4,1,1,1
2018200317586,2,9,0,18,0,0,0,0,0,0,2,1,6,3,-1,-1,-1,-1,-1,-1,-1,-1
2018200317586,3,9,0,18,0,0,0,0,0,0,2,1,6,3,-1,-1,-1,-1,-1,-1,-1,-1
2018200317628,1,9,0,18,0,8,0,0,0,0,4,1,2,1,29,6,1956,2,9,6,1,6
2018200317628,2,1,0,18,0,6,0,0,0,0,1,1,6,1,18,4,-1,-1,-1,2,1,2
2018200317629,1,9,0,3,0,1,0,0,0,0,2,1,1,1,-1,-1,1910,2,10,1,1,1
2018200317629,2,21,0,18,0,1,0,0,0,0,1,1,1,1,-1,-1,12809,2,3,-1,-1,-1
2018200317671,1,9,0,18,0,0,0,0,0,0,1,1,6,3,-1,-1,-1,-1,-1,-1,-1,-1
2018200317673,1,9,0,9,0,6,0,0,0,0,1,1,6,1,42,7,1995,2,6,3,1,3
2018200317673,2,9,0,18,0,8,0,0,0,0,1,1,6,1,46,8,2204,2,12,7,1,7
2018200317684,1,11,0,18,0,8,0,0,0,0,3,1,1,1,20,4,4500,2,3,7,1,7
2018200317684,2,9,0,9,0,5,0,0,0,0,4,1,6,1,19,4,1368,1,10,1,1,1
2018200317687,1,9,0,18,0,1,0,0,0,0,1,1,6,1,39,7,1390,1,4,5,1,5
2018200317687,2,9,0,8,0,1,0,0,0,0,2,1,3,2,36,7,1197,1,3,1,1,1
2018200317689,1,21,1,9,0,8,0,0,0,0,3,1,1,1,41,7,12777,2,7,1,1,1
2018200317689,2,9,0,7,0,3,0,0,0,0,1,1,6,1,28,6,1596,1,11,5,1,5
2018200317705,1,9,0,4,0,1,0,0,0,0,4,1,1,1,45,7,1896,2,9,1,1,1
2018200317713,1,1,0,18,9,8,0,0,0,0,1,1,2,1,52,8,-1,-1,-1,6,1,6
2018200317713,2,9,0,9,9,5,0,0,0,0,4,1,2,1,52,8,2987,2,1,8,1,8
2018200317732,1,1,0,5,0,2,0,0,0,0,1,1,6,1,9,2,-1,-1,-1,3,1,3
2018200317732,2,9,0,7,0,2,0,0,0,0,3,1,6,2,26,6,1360,1,11,2,1,2
2018200317734,1,9,0,5,0,1,0,0,0,0,1,1,6,2,21,5,1200,1,-1,10,1,10
2018200317779,1,8,0,9,0,2,0,0,0,0,1,1,1,1,49,8,1997,2,10,8,1,8
2018200317779,2,9,0,6,0,8,0,0,0,0,1,1,6,1,-1,-1,1598,2,8,-1,-1,-1
2018200317785,1,9,0,5,9,6,0,0,0,0,1,1,6,3,-1,-1,-1,-1,-1,-1,-1,-1
2018200317785,2,1,0,18,9,8,0,0,0,0,1,1,6,1,12,3,-1,-1,-1,3,1,3
2018200317824,1,9,0,18,0,2,0,0,0,0,1,1,6,2,40,7,1598,1,15,1,1,1
2018200318048,1,9,0,17,0,8,0,0,0,0,1,1,6,2,50,8,1686,2,6,10,1,10
2018200318048,2,9,0,16,0,8,0,0,0,0,1,1,6,2,71,10,1499,2,5,10,1,10
2018200318060,1,19,0,18,0,8,0,0,0,0,1,1,1,1,40,7,2148,2,9,1,1,1
2018200318060,2,9,0,18,0,8,0,10,1,10,4,1,1,2,44,7,1461,2,1,7,1,7
2018200318112,1,22,0,1,0,0,0,0,0,0,2,1,6,2,54,8,-1,-1,-1,1,1,1
2018200318112,2,9,0,18,0,0,0,0,0,0,2,1,6,1,25,5,998,1,2,1,1,1
2018200318116,1,9,0,7,0,5,0,0,0,0,4,1,2,1,43,7,2987,2,7,10,1,10
2018200318116,2,1,0,18,0,8,0,0,0,0,3,1,6,1,14,3,-1,-1,-1,1,1,1
2018200318134,1,9,0,18,0,0,0,0,0,0,1,1,6,3,-1,-1,-1,-1,-1,-1,-1,-1
2018200318153,1,9,0,7,0,5,0,0,0,0,0,1,6,2,32,6,1598,1,13,3,1,3
2018200318153,2,1,0,4,0,1,1,0,0,0,3,1,1,1,47,8,-1,-1,-1,2,1,2