Accident_Index,Vehicle_Reference,Vehicle_Type,Towing_and_Articulation,Vehicle_Manoeuvre,Vehicle_Location-Restricted_Lane,Junction_Location,Skidding_and_Overturning,Hit_Object_in_Carriageway,Vehicle_Leaving_Carriageway,Hit_Object_off_Carriageway,1st_Point_of_Impact,Was_Vehicle_Left_Hand_Drive?,Journey_Purpose_of_Driver,Sex_of_Driver,Age_of_Driver,Age_Band_of_Driver,Engine_Capacity_(CC),Propulsion_Code,Age_of_Vehicle,Driver_IMD_Decile,Driver_Home_Area_Type,Vehicle_IMD_Decile
2018200318158,1,3,0,18,0,0,0,0,0,0,1,1,2,1,27,6,124,1,-1,1,1,1
2018200318181,1,9,0,18,0,8,0,0,0,0,1,1,6,1,76,11,1242,1,13,5,1,5
2018200318216,1,9,0,18,0,0,1,0,0,0,3,1,6,1,23,5,998,1,16,4,1,4
2018200318216,2,9,0,18,0,0,1,10,0,0,1,1,1,1,32,6,1956,2,3,2,1,2
2018200318248,1,9,0,18,0,8,0,4,0,0,3,1,6,1,53,8,2148,2,13,1,1,1
2018200318248,2,9,0,2,0,8,0,0,0,0,3,1,6,2,56,9,1422,2,2,3,1,3
2018200318251,1,9,0,9,0,5,0,0,0,0,1,1,6,2,-1,-1,996,1,8,3,1,3
2018200318251,2,5,0,4,0,8,0,0,0,0,1,1,6,1,56,9,-1,-1,-1,1,1,1
2018200318260,1,98,0,18,0,0,0,0,0,0,1,1,6,1,29,6,-1,-1,-1,3,1,3
2018200318260,2,21,1,18,0,0,0,0,0,0,2,1,6,1,33,6,10837,2,3,5,1,5
2018200318260,3,9,0,18,0,0,0,0,0,0,2,1,6,1,66,10,-1,-1,-1,1,1,1
2018200318293,1,3,0,13,0,1,0,0,0,0,1,1,2,1,18,4,124,1,1,1,1,1
2018200318293,2,9,0,9,0,5,0,0,0,0,3,1,2,2,23,5,1198,1,6,2,1,2
2018200318405,1,1,0,18,0,1,0,0,0,0,1,1,1,1,11,3,-1,-1,-1,2,1,2
2018200318405,2,9,0,5,0,1,0,0,0,0,3,1,2,1,58,9,1997,2,9,8,1,8
2018200318407,1,9,0,18,0,2,0,0,0,0,1,1,6,3,-1,-1,1560,2,4,-1,-1,-1
2018200318407,2,9,0,3,0,2,0,0,0,0,2,1,6,2,35,6,2993,2,14,2,1,2
2018200318414,1,9,0,18,0,0,0,0,0,0,4,1,6,1,-1,-1,-1,-1,-1,-1,-1,-1
2018200318414,2,1,0,18,0,0,0,0,0,0,1,1,1,1,52,8,-1,-1,-1,3,1,3
2018200318456,1,9,0,18,0,0,0,0,0,0,1,1,6,1,-1,-1,1997,2,3,-1,-1,-1
2018200318468,1,9,0,14,0,0,0,0,0,0,1,1,6,3,-1,-1,-1,-1,-1,-1,-1,-1
2018200318503,1,9,0,2,0,2,0,0,0,0,3,1,6,1,36,7,1560,2,6,6,1,6
2018200318503,2,1,0,18,0,2,2,8,0,0,1,1,2,1,43,7,-1,-1,-1,6,1,6
2018200318542,1,9,0,18,9,0,0,10,0,0,1,1,6,3,-1,-1,1995,2,2,-1,-1,-1
2018200318542,2,1,0,18,9,0,0,0,0,0,2,1,6,1,35,6,-1,-1,-1,1,1,1
2018200318542,3,9,0,18,0,0,0,0,0,0,2,1,6,1,37,7,1910,2,11,1,1,1
2018200318550,1,9,0,18,0,8,0,0,0,0,3,1,6,1,25,5,1360,1,12,5,1,5
2018200318550,2,98,0,9,0,6,0,0,0,0,1,1,6,3,-1,-1,-1,-1,-1,-1,-1,-1
2018200318556,1,19,0,5,0,1,0,0,0,0,1,1,6,1,54,8,1248,2,4,2,1,2
2018200318556,2,5,0,3,0,1,0,0,0,0,2,1,6,1,63,9,998,1,17,3,1,3
2018200318558,1,9,0,14,0,0,0,0,0,0,1,1,1,3,-1,-1,-1,-1,-1,-1,-1,-1
2018200318558,2,9,0,14,0,0,0,0,0,0,3,1,1,2,42,7,1995,2,3,1,1,1
2018200318558,3,11,0,2,0,0,0,0,0,0,2,1,1,1,-1,-1,9000,2,11,1,1,1
2018200318559,1,19,0,18,0,1,0,0,0,0,4,1,1,1,22,5,2143,2,5,1,1,1
2018200318587,1,9,0,16,0,0,0,0,0,0,1,1,6,1,51,8,1997,2,15,3,1,3
2018200318597,1,9,0,18,0,0,0,0,0,0,1,1,6,1,64,9,1997,2,6,5,1,5
2018200318604,1,9,0,18,0,0,0,0,0,0,2,1,6,1,32,6,1364,2,5,-1,-1,-1
2018200318604,2,9,0,4,0,0,0,0,0,0,4,1,1,1,47,8,1968,2,4,-1,-1,-1
2018200318613,1,9,0,17,0,0,0,10,1,4,1,1,6,1,41,7,1598,2,1,3,1,3
2018200318613,2,9,0,2,0,0,0,0,0,0,2,1,6,3,-1,-1,1364,1,10,-1,-1,-1
2018200318620,1,9,0,2,0,0,0,10,1,4,2,1,5,1,32,6,1206,1,5,2,1,2
2018200318620,2,9,0,18,0,0,0,0,0,0,2,1,6,1,-1,-1,1598,1,12,2,1,2
2018200318632,1,9,0,18,0,0,0,0,0,0,4,1,6,1,21,5,1995,2,1,7,1,7
2018200318639,1,9,0,18,0,0,0,0,0,0,4,1,6,1,-1,-1,-1,-1,-1,-1,-1,-1
2018200318639,2,5,0,18,2,0,0,0,0,0,3,1,1,1,51,8,1085,1,20,7,1,7
2018200318679,1,9,0,6,0,8,0,0,0,0,1,1,1,1,68,10,1560,2,7,2,1,2
2018200318679,2,1,0,18,0,8,0,0,0,0,1,1,6,1,11,3,-1,-1,-1,1,1,1
2018200318761,1,9,0,11,0,1,0,0,0,0,4,1,6,1,34,6,2143,2,-1,-1,-1,-1
2018200318761,2,9,0,18,0,1,0,0,0,0,0,1,1,1,43,7,2993,2,-1,8,3,8
2018200318761,3,9,0,4,0,1,0,0,0,0,3,1,5,1,33,6,1997,2,3,5,1,5
2018200318761,4,9,0,18,0,1,0,0,0,0,3,1,6,2,65,9,1149,1,16,1,1,1
2018200318789,1,9,0,18,0,0,0,0,0,0,4,1,6,1,29,6,-1,-1,-1,3,1,3
2018200318789,2,9,0,2,0,0,0,0,0,0,4,1,6,1,41,7,1896,2,13,2,1,2
2018200318790,1,9,0,18,0,0,0,0,0,0,3,1,1,2,59,9,1461,2,2,7,1,7
2018200318806,1,9,0,18,0,0,1,7,4,4,4,1,6,3,-1,-1,1995,2,4,2,1,2
2018200318878,1,1,0,18,9,0,5,0,0,0,3,1,6,1,33,6,-1,-1,-1,2,1,2
2018200318878,2,9,0,18,9,0,0,10,1,10,4,1,6,1,-1,-1,-1,-1,-1,-1,-1,-1
2018200318966,1,1,0,18,0,8,0,0,0,0,1,1,1,1,29,6,-1,-1,-1,2,1,2
2018200318966,2,9,0,18,0,8,0,0,0,0,1,1,1,3,-1,-1,1461,2,3,-1,-1,-1
2018200318982,1,9,0,7,0,6,0,0,0,0,0,1,6,3,-1,-1,1242,1,9,-1,-1,-1
2018200318982,2,1,0,18,0,8,2,0,0,0,0,1,6,1,33,6,-1,-1,-1,8,3,8
2018200318996,1,97,0,9,0,5,0,0,0,0,1,1,6,1,16,4,-1,-1,-1,3,1,3
2018200318996,2,9,0,18,0,8,0,0,0,0,1,1,6,1,67,10,999,1,3,2,1,2
2018200319009,1,9,0,18,0,4,0,0,0,0,1,1,6,3,-1,-1,-1,-1,-1,-1,-1,-1
2018200319009,2,5,0,18,0,3,0,7,7,2,4,1,6,1,42,7,645,1,11,1,1,1
2018200319062,1,19,0,18,0,0,0,0,0,0,1,1,1,1,50,8,1995,2,-1,1,1,1
2018200319062,2,9,0,18,0,0,0,0,0,0,2,1,1,2,36,7,1499,2,2,5,-1,5
2018200319062,3,9,0,18,0,0,0,0,0,0,2,1,1,1,52,8,1598,2,-1,8,1,8
2018200319062,4,9,0,18,0,0,0,0,0,0,2,1,1,1,53,8,2179,2,5,6,3,6
2018200319201,1,9,0,18,0,0,0,0,0,0,1,1,6,1,-1,-1,1598,1,9,3,1,3
2018200319216,1,9,0,1,0,0,0,0,0,0,2,1,6,1,-1,-1,1968,2,13,-1,-1,-1
2018200319226,1,9,0,18,0,8,0,10,1,10,4,1,6,3,-1,-1,1598,2,1,-1,-1,-1
2018200319226,2,9,0,18,0,8,0,0,0,0,1,1,6,1,25,5,1968,2,5,1,1,1
2018200319250,1,9,0,9,0,5,0,0,0,0,1,1,6,1,33,6,-1,-1,-1,7,1,7
2018200319250,2,5,0,14,0,8,0,0,0,0,4,1,6,1,47,8,942,1,10,10,1,10
2018200319253,1,9,0,18,0,0,0,0,0,0,1,1,6,1,-1,-1,1560,2,12,1,1,1
2018200319253,2,9,0,3,0,0,0,0,0,0,2,1,6,1,57,9,1587,1,14,1,1,1
2018200319301,1,9,0,18,0,0,0,0,0,0,1,1,6,3,-1,-1,-1,-1,-1,-1,-1,-1
2018200319311,1,9,0,18,0,1,0,0,0,0,1,1,6,1,45,7,1591,1,2,8,1,8
2018200319311,2,9,0,18,0,1,0,0,0,0,2,1,6,2,53,8,1995,2,19,1,1,1
2018200319311,3,9,0,3,0,1,0,0,0,0,0,1,1,1,-1,-1,1598,2,2,2,1,2
2018200319323,1,3,0,5,0,6,0,0,0,0,1,1,1,1,38,7,125,1,6,1,1,1
2018200319323,2,9,0,18,0,8,0,0,0,0,3,1,2,1,44,7,1598,1,10,1,1,1
2018200319327,1,9,0,16,0,8,0,0,0,0,1,1,6,1,57,9,1396,1,6,1,1,1
2018200319327,2,1,0,18,0,3,0,0,0,0,4,1,6,1,52,8,-1,-1,-1,3,1,3
2018200319346,1,9,0,17,0,0,0,0,0,0,3,1,6,1,45,7,1560,2,6,1,1,1
2018200319354,1,1,0,18,0,2,0,0,0,0,1,1,6,1,27,6,-1,-1,-1,2,1,2
2018200319354,2,9,0,5,0,1,0,0,0,0,3,1,6,3,22,5,1200,1,3,2,1,2
2018200319419,1,9,0,18,0,2,1,0,0,0,1,1,5,1,24,5,1781,1,13,1,1,1
2018200319455,1,9,0,18,0,8,0,0,0,0,1,1,6,1,19,4,1296,1,12,2,1,2
2018200319455,2,9,0,9,0,6,0,0,0,0,2,1,6,1,34,6,1560,2,2,1,1,1
2018200319469,1,9,0,18,0,8,0,0,0,0,1,1,5,1,20,4,1598,1,6,4,1,4
2018200319469,2,9,0,7,0,6,0,0,0,0,3,1,1,1,50,8,1560,2,6,3,1,3
2018200319479,1,9,0,18,0,0,0,0,0,0,1,1,6,1,-1,-1,1461,2,12,4,1,4
2018200319479,2,9,0,3,0,0,0,0,0,0,2,1,6,2,32,6,1587,1,13,1,1,1
2018200319482,1,9,0,18,0,1,0,0,0,0,1,1,6,3,-1,-1,1364,1,1,-1,-1,-1
2018200319482,2,9,0,9,0,6,0,0,0,0,2,1,6,2,36,7,2199,2,7,7,1,7
2018200319489,1,9,0,1,0,0,0,10,1,11,2,1,6,2,36,7,1587,1,10,3,1,3
2018200319511,1,9,0,18,0,0,0,0,0,0,1,1,6,2,40,7,1984,1,-1,7,1,7
2018200319522,1,9,0,18,0,0,0,0,0,0,4,1,6,2,29,6,3248,1,20,1,1,1
2018200319530,1,9,0,16,0,2,0,0,0,0,4,1,6,2,23,5,1995,2,4,2,1,2
2018200319533,1,9,0,16,0,0,0,10,1,1,1,1,6,1,31,6,2993,2,11,10,1,10
2018200319535,1,9,0,9,9,5,0,0,0,0,1,1,6,2,40,7,1240,1,15,3,1,3
2018200319535,2,1,0,18,9,8,0,0,0,0,1,1,6,1,12,3,-1,-1,-1,5,1,5
2018200319548,1,5,0,18,0,1,5,10,7,0,4,1,6,1,48,8,1700,1,3,8,1,8
2018200319548,2,9,0,9,0,5,0,0,0,0,3,1,6,1,48,8,1796,1,9,6,3,6
2018200319550,1,9,0,5,0,6,0,0,0,0,1,1,6,2,-1,-1,-1,-1,-1,-1,-1,-1
2018200319552,1,9,0,18,0,0,0,0,0,0,1,1,6,2,37,7,1499,1,-1,7,1,7
2018200319597,1,3,0,13,0,8,1,10,7,0,1,1,6,1,29,6,125,1,-1,1,1,1
2018200319597,2,9,0,9,0,5,0,0,0,0,3,1,6,1,51,8,1596,1,14,5,1,5
2018200319615,1,9,0,9,0,5,0,0,0,0,1,1,6,1,-1,-1,-1,-1,-1,-1,-1,-1
2018200319615,2,1,0,18,0,8,0,0,0,0,3,1,6,1,16,4,-1,-1,-1,2,1,2
2018200319623,1,9,0,18,0,0,0,0,0,0,3,1,6,1,35,6,1968,2,4,1,1,1
2018200319623,2,9,0,18,0,0,0,0,1,0,1,1,6,1,21,5,-1,-1,-1,4,1,4
2018200319632,1,9,0,7,0,5,0,0,0,0,1,1,6,1,-1,-1,1595,1,14,2,1,2
2018200319632,2,9,0,8,0,1,0,0,0,0,1,1,6,1,48,8,2204,2,12,5,1,5
2018200319662,1,9,0,18,0,0,0,0,0,0,1,1,6,1,27,6,1242,1,8,3,1,3
2018200319718,1,9,0,18,0,1,0,0,0,0,1,1,6,3,-1,-1,1242,1,11,-1,-1,-1
2018200319728,1,9,0,9,0,5,0,0,0,0,1,1,6,2,23,5,-1,-1,-1,2,1,2
2018200319728,2,5,0,18,0,8,1,0,0,0,1,1,2,1,33,6,599,1,18,3,1,3
2018200319733,1,9,0,5,0,0,0,0,0,0,1,1,6,2,-1,-1,1198,1,14,-1,-1,-1
2018200319733,2,9,0,3,0,0,0,4,0,0,2,1,6,2,20,4,998,1,13,1,1,1
2018200319733,3,19,0,2,0,0,0,0,0,0,2,1,6,3,-1,-1,2151,2,16,-1,-1,-1
2018200319740,1,9,0,18,0,1,1,10,1,5,1,1,6,1,29,6,1968,2,11,1,1,1
2018200319759,1,9,0,18,0,1,0,0,0,0,1,1,6,1,33,6,4172,1,15,8,1,8
2018200319770,1,9,0,5,0,6,0,0,0,0,1,1,1,1,58,9,2143,2,-1,9,1,9
2018200319770,2,5,0,14,0,8,0,0,0,0,1,1,6,1,31,6,1340,1,23,7,1,7
2018200319784,1,9,0,18,0,0,1,7,4,2,1,1,2,2,54,8,1248,1,5,3,1,3
2018200319798,1,9,0,5,0,0,0,0,0,0,3,1,6,1,47,8,1870,2,15,2,1,2
2018200319798,2,5,0,14,0,0,1,0,0,0,4,1,6,1,29,6,996,1,21,1,1,1
2018200319815,1,9,0,18,0,0,0,0,0,0,1,1,2,2,57,9,1198,1,5,-1,-1,-1
2018200319815,2,19,0,18,0,0,0,0,0,0,1,1,6,1,64,9,2151,2,19,5,1,5
2018200319827,1,19,0,18,0,0,1,4,0,0,1,1,1,1,59,9,2402,2,14,2,1,2
2018200319827,2,9,0,2,0,0,0,0,0,0,1,1,6,3,-1,-1,1399,2,6,-1,-1,-1
2018200319827,3,9,0,2,0,0,0,0,0,0,1,1,6,3,-1,-1,1799,1,11,-1,-1,-1
2018200319827,4,9,0,2,0,0,0,0,0,0,1,1,6,3,-1,-1,1598,2,3,-1,-1,-1
2018200319827,5,9,0,2,0,0,0,0,0,0,1,1,6,3,-1,-1,1595,2,8,-1,-1,-1
2018200319836,1,9,0,18,0,0,0,0,0,0,1,1,6,3,-1,-1,1497,1,15,-1,-1,-1
2018200319836,2,1,0,18,0,0,0,0,0,0,1,1,6,1,15,3,-1,-1,-1,1,1,1
2018200319839,1,9,0,7,0,6,0,0,0,0,1,1,6,3,-1,-1,-1,-1,-1,-1,-1,-1
2018200319842,1,9,0,18,0,8,0,0,0,0,1,1,6,3,-1,-1,1598,1,-1,-1,-1,-1
2018200319842,2,9,0,7,0,5,0,10,1,11,2,1,6,2,56,9,1461,2,7,1,1,1
2018200319927,1,9,0,1,0,0,0,4,0,0,2,1,6,2,-1,-1,1587,1,12,-1,-1,-1
2018200319927,2,9,0,2,0,0,0,0,0,0,2,1,6,2,20,4,1242,1,5,8,1,8
2018200319951,1,9,0,3,0,0,0,4,0,0,1,1,6,1,30,6,2996,1,-1,9,1,9
2018200319951,2,9,0,2,0,0,0,0,0,0,1,1,1,1,29,6,2993,2,-1,5,1,5
2018200320024,1,9,0,7,0,6,0,0,0,0,1,1,2,1,67,10,1598,1,14,3,1,3
2018200320031,1,9,0,16,0,1,0,2,7,1,1,1,6,3,-1,-1,1595,1,-1,-1,-1,-1
2018200320031,2,9,0,17,0,1,0,0,0,0,3,1,1,1,73,10,2179,2,3,8,3,8
2018200320031,3,21,1,16,0,4,0,0,0,0,3,1,1,1,53,8,12740,2,6,3,1,3
2018200320031,4,11,0,18,0,4,0,0,0,0,4,1,6,1,61,9,7300,2,15,1,1,1
2018200320043,1,97,0,18,9,0,0,0,0,0,1,1,6,3,-1,-1,-1,-1,-1,-1,-1,-1
2018200320044,1,19,0,18,0,1,1,0,0,0,4,1,6,1,-1,-1,1998,2,13,-1,-1,-1
2018200320044,2,19,0,3,0,1,0,0,0,0,3,1,1,1,51,8,2198,2,4,5,1,5
2018200320048,1,9,0,9,0,5,0,0,0,0,1,1,6,3,-1,-1,1229,1,11,-1,-1,-1
2018200320048,2,1,0,18,0,8,0,0,0,0,1,1,6,1,26,6,-1,-1,-1,1,1,1
2018200320059,1,9,0,18,0,0,0,0,0,0,1,1,6,3,-1,-1,-1,-1,-1,-1,-1,-1
2018200320073,1,9,0,18,0,0,0,4,0,0,1,1,6,3,-1,-1,1390,1,9,-1,-1,-1
2018200320073,2,9,0,2,0,0,0,0,0,0,2,1,5,1,-1,-1,1496,2,1,3,1,3
2018200320081,1,9,0,12,0,0,0,0,0,0,1,1,6,3,-1,-1,-1,-1,-1,-1,-1,-1
2018200320081,2,9,0,18,0,0,1,0,0,0,4,1,6,2,-1,-1,1299,1,13,-1,-1,-1
2018200320112,1,1,0,3,9,1,0,0,0,0,1,1,6,1,11,3,-1,-1,-1,4,1,4
2018200320112,2,9,0,7,0,1,0,10,1,0,4,1,6,3,-1,-1,1600,2,9,-1,-1,-1
2018200320119,1,9,0,1,0,0,0,0,0,0,2,1,6,1,23,5,1896,2,16,1,1,1
2018200320137,1,21,0,18,0,2,0,0,0,0,1,1,1,1,48,8,12600,2,16,1,1,1
2018200320137,2,9,0,12,0,2,0,0,0,0,2,1,1,2,48,8,2993,2,14,7,3,7
2018200320143,1,9,0,18,0,2,0,0,0,0,1,1,6,1,-1,-1,1197,1,2,3,1,3
2018200320157,1,19,0,15,0,0,0,0,0,0,3,1,6,1,28,6,2402,2,16,3,1,3
2018200320157,2,9,0,18,0,0,0,0,0,0,2,1,6,1,40,7,2993,2,-1,5,1,5
2018200320157,3,9,0,18,0,0,0,0,0,0,1,1,6,1,-1,-1,2993,2,-1,5,1,5
2018200320157,4,9,4,18,0,0,0,0,0,0,4,1,6,3,-1,-1,-1,-1,-1,-1,-1,-1
2018200320157,5,9,0,18,0,0,0,0,0,0,1,1,6,1,48,8,3628,2,8,9,3,9
2018200320157,6,21,0,18,0,0,0,0,0,0,2,1,6,1,43,7,10837,2,-1,7,3,7
2018200320157,7,9,0,18,0,0,0,0,0,0,1,1,6,2,74,10,998,1,16,1,1,1
2018200320172,1,9,0,9,0,6,0,0,0,0,1,1,6,1,-1,-1,1686,2,8,2,1,2
2018200320172,2,9,0,18,0,8,0,0,0,0,4,1,1,1,58,9,1995,2,5,3,1,3
2018200320194,1,9,0,18,0,8,0,0,0,0,4,1,6,1,71,10,1997,2,14,1,1,1
2018200320194,2,9,0,5,0,6,0,0,0,0,1,1,6,1,-1,-1,1598,1,10,7,1,7
2018200320285,1,9,0,5,0,6,0,0,0,0,1,1,6,1,19,4,1299,1,24,1,1,1
2018200320285,2,9,0,18,0,8,0,0,0,0,4,1,6,2,46,8,1596,1,16,1,1,1
2018200320292,1,9,0,18,0,0,0,0,0,0,1,1,6,1,-1,-1,998,1,9,-1,-1,-1
2018200320292,2,9,0,18,0,0,0,0,0,0,3,1,6,1,60,9,1560,2,3,4,1,4
2018200320301,1,9,0,18,0,0,0,0,0,0,3,1,6,1,-1,-1,1242,1,11,2,1,2
2018200320301,2,9,0,18,0,0,0,0,0,0,4,1,6,2,28,6,1388,1,6,7,1,7
2018200320310,1,9,0,9,0,5,0,0,0,0,1,1,6,2,-1,-1,998,1,6,6,1,6
2018200320317,1,9,0,1,0,0,0,0,0,0,2,1,6,1,-1,-1,-1,-1,-1,-1,-1,-1
2018200320319,1,9,0,18,0,6,0,10,1,0,1,1,6,1,-1,-1,1968,2,8,-1,-1,-1
2018200320319,2,9,0,18,0,1,0,0,0,0,0,1,6,1,-1,-1,2993,2,-1,-1,-1,-1
2018200320319,3,9,0,18,0,8,0,10,1,0,4,1,6,1,22,5,1598,2,5,2,1,2
2018200320338,1,9,0,18,0,0,0,0,0,0,3,1,6,1,23,5,1968,2,2,7,1,7
2018200320348,1,9,0,18,0,0,0,0,0,0,4,1,6,1,32,6,1560,2,6,3,1,3
2018200320348,2,9,0,2,9,0,0,0,0,0,3,1,6,2,48,8,1998,2,10,1,1,1
2018200320367,1,9,0,9,0,5,0,0,3,0,3,1,6,2,26,6,1598,2,3,9,1,9
2018200320367,2,9,0,5,0,8,0,0,3,0,1,1,1,1,33,6,1560,2,8,1,1,1
2018200320379,1,9,0,18,0,8,0,0,0,0,1,1,6,2,40,7,1598,1,11,2,1,2
2018200320379,2,1,0,9,0,6,0,0,0,0,4,1,6,1,8,2,-1,-1,-1,2,1,2
2018200320381,1,9,0,18,0,0,0,0,0,0,0,1,6,1,25,5,998,1,3,5,1,5
2018200320381,2,98,0,18,7,0,0,0,1,0,1,1,6,3,-1,-1,-1,-1,-1,-1,-1,-1
2018200320383,1,21,1,11,0,0,0,0,0,0,4,1,1,1,32,6,12777,2,3,-1,-1,-1
2018200320383,2,9,0,18,0,0,1,0,0,0,3,1,1,2,52,8,1499,1,2,10,1,10
2018200320387,1,9,0,9,0,1,0,0,0,0,1,1,6,3,-1,-1,-1,-1,-1,-1,-1,-1
2018200320391,1,9,0,18,0,8,0,0,0,0,4,1,6,3,-1,-1,998,1,16,-1,-1,-1
2018200320391,2,5,0,5,0,4,1,0,0,0,1,1,6,1,26,6,599,1,13,2,1,2
2018200320395,1,9,0,5,0,6,0,0,0,0,3,1,6,2,23,5,1299,1,13,4,1,4
2018200320395,2,1,0,18,0,8,1,0,0,0,1,1,6,1,31,6,-1,-1,-1,6,1,6
2018200320401,1,9,0,4,0,0,0,0,0,0,4,1,6,1,23,5,1242,1,13,4,1,4
2018200320401,2,3,0,15,0,0,0,4,0,0,1,1,6,1,22,5,125,1,4,3,1,3
2018200320401,3,9,0,2,0,0,0,0,0,0,2,1,6,2,30,6,1997,2,4,1,1,1
2018200320411,1,9,0,18,0,1,0,0,0,0,1,1,2,2,51,8,1198,1,6,2,1,2
2018200320414,1,9,0,9,0,5,0,0,0,0,1,1,6,3,30,6,-1,-1,-1,-1,-1,-1
2018200320414,2,1,0,18,0,8,0,0,0,0,1,1,1,2,58,9,-1,-1,-1,4,1,4
2018200320433,1,9,0,4,0,0,0,0,0,0,1,1,6,1,-1,-1,1596,1,18,2,1,2
2018200320433,2,9,0,3,0,0,0,0,0,0,2,1,6,2,48,8,1386,1,12,1,1,1
2018200320447,1,97,0,18,9,0,0,0,0,0,0,1,6,3,-1,-1,-1,-1,-1,-1,-1,-1
2018200320447,2,97,0,18,9,0,0,0,0,0,0,1,6,3,-1,-1,-1,-1,-1,-1,-1,-1
2018200320454,1,9,0,8,0,4,0,0,0,0,2,1,5,2,52,8,1461,2,12,3,1,3
2018200320454,2,9,0,8,0,1,0,0,0,0,1,1,6,3,30,6,-1,-1,-1,-1,-1,-1
2018200320460,1,9,0,16,0,0,1,0,0,0,3,1,6,1,21,5,1598,1,9,3,1,3
2018200320460,2,9,0,17,0,0,0,0,0,0,3,1,6,1,54,8,-1,-1,-1,1,1,1
2018200320461,1,9,0,1,9,6,0,0,0,0,2,1,6,3,30,6,-1,-1,-1,-1,-1,-1
2018200320463,1,9,0,18,0,1,0,0,0,0,1,1,2,1,35,6,1968,2,4,4,1,4
2018200320463,2,9,0,6,0,2,0,0,0,0,1,1,5,1,44,7,1995,2,8,1,1,1
2018200320464,1,19,0,18,0,0,0,4,0,0,1,1,6,1,-1,-1,1598,2,1,-1,-1,-1
2018200320464,2,9,0,2,0,0,0,0,0,0,2,1,3,2,40,7,1461,2,6,2,1,2
2018200320468,1,9,0,4,0,0,1,0,0,0,1,1,6,1,42,7,2979,1,9,10,1,10
2018200320468,2,9,0,4,0,0,1,0,0,0,2,1,2,1,63,9,-1,-1,-1,6,3,6
2018200320469,1,19,0,10,0,8,0,0,0,0,4,1,1,1,44,7,2143,2,4,5,3,5
2018200320469,2,9,0,18,0,8,0,0,0,0,1,1,5,1,31,6,1598,2,7,5,1,5
2018200320472,1,9,0,18,0,0,0,10,0,0,1,1,6,3,-1,-1,-1,-1,-1,-1,-1,-1
2018200320474,1,9,0,18,0,0,0,0,0,0,1,1,6,3,30,6,-1,-1,-1,-1,-1,-1
2018200320474,2,9,0,18,0,0,0,0,0,0,2,1,5,1,22,5,1599,1,13,6,1,6
2018200320480,1,9,0,13,0,1,0,0,0,0,1,1,6,1,57,9,2148,2,9,3,1,3
2018200320480,2,9,0,16,0,1,0,0,0,0,1,1,6,1,33,6,1986,2,12,2,1,2
2018200320488,1,9,0,18,0,1,0,0,0,0,1,1,6,3,-1,-1,1229,1,9,-1,-1,-1
2018200320488,2,9,0,3,0,1,0,0,0,0,2,1,6,1,76,11,2494,8,2,5,1,5
2018200320503,1,23,0,13,0,8,0,0,0,0,1,1,6,1,-1,-1,49,1,10,-1,-1,-1
2018200320503,2,19,0,9,0,5,0,0,0,0,3,1,6,1,40,7,2198,2,2,6,1,6
2018200320514,1,9,0,18,0,0,0,0,0,0,1,1,6,2,-1,-1,1598,1,13,4,1,4
2018200320514,2,9,0,18,0,0,0,0,0,0,0,1,6,1,-1,-1,1149,1,15,-1,-1,-1
2018200320521,1,9,0,4,0,0,0,0,0,0,1,1,5,1,47,8,1783,1,17,6,1,6
2018200320533,1,9,0,18,0,8,0,0,0,0,1,1,6,1,23,5,1560,2,4,1,1,1
2018200320533,2,9,0,18,0,8,0,0,0,0,4,1,6,1,32,6,2204,2,10,2,1,2
2018200320540,1,9,0,5,0,4,0,0,0,0,1,1,6,3,-1,-1,1198,1,11,-1,-1,-1
2018200320540,2,9,0,18,0,8,0,0,0,0,2,1,6,1,45,7,1390,1,8,-1,-1,-1
2018200320565,1,9,0,2,0,0,0,0,0,0,3,1,5,2,29,6,2143,2,5,-1,-1,-1
2018200320565,2,9,0,18,0,0,0,4,0,0,4,1,6,1,30,6,2231,2,11,4,1,4
2018200320573,1,9,0,9,0,6,0,0,0,0,1,1,6,1,34,6,1199,1,14,1,1,1
2018200320573,2,4,0,18,0,8,0,0,0,0,1,1,6,1,-1,-1,471,1,1,5,1,5
2018200320581,1,9,0,4,0,0,1,10,4,4,1,1,1,1,56,9,2204,2,11,1,1,1
2018200320586,1,1,0,17,0,8,0,0,0,0,3,1,1,1,36,7,-1,-1,-1,4,1,4
2018200320586,2,9,0,5,0,8,0,0,0,0,3,1,6,1,89,11,973,1,15,3,1,3
2018200320587,1,9,0,9,0,6,0,0,0,0,4,1,6,3,30,6,-1,-1,-1,-1,-1,-1
2018200320587,2,1,0,18,0,8,5,0,0,0,1,1,6,1,59,9,-1,-1,-1,8,1,8
2018200320599,1,9,0,2,0,0,0,0,0,0,3,1,6,2,45,7,998,1,17,5,1,5
2018200320599,2,9,0,18,0,0,0,8,0,0,4,1,6,2,49,8,1798,1,6,1,1,1
2018200320601,1,90,0,18,0,1,0,0,0,0,1,1,6,3,-1,-1,-1,-1,-1,-1,-1,-1
2018200320601,2,9,0,3,0,1,0,0,0,0,2,1,6,2,33,6,1461,2,2,1,1,1
2018200320602,1,9,0,18,0,4,0,0,0,0,0,1,6,3,-1,-1,1968,2,8,-1,-1,-1
2018200320602,2,9,0,18,0,4,0,0,0,0,0,1,2,2,36,7,1598,1,12,1,1,1
2018200320603,1,9,0,18,0,0,0,0,0,0,3,1,6,2,-1,-1,-1,-1,-1,-1,-1,-1