Accident_Index,Vehicle_Reference,Vehicle_Type,Towing_and_Articulation,Vehicle_Manoeuvre,Vehicle_Location-Restricted_Lane,Junction_Location,Skidding_and_Overturning,Hit_Object_in_Carriageway,Vehicle_Leaving_Carriageway,Hit_Object_off_Carriageway,1st_Point_of_Impact,Was_Vehicle_Left_Hand_Drive?,Journey_Purpose_of_Driver,Sex_of_Driver,Age_of_Driver,Age_Band_of_Driver,Engine_Capacity_(CC),Propulsion_Code,Age_of_Vehicle,Driver_IMD_Decile,Driver_Home_Area_Type,Vehicle_IMD_Decile
2018200320617,1,9,0,16,0,4,0,0,0,0,1,1,6,1,37,7,1242,1,13,-1,-1,-1
2018200320621,1,8,0,18,0,8,0,0,0,0,2,1,6,3,-1,-1,-1,-1,-1,-1,-1,-1
2018200320621,2,9,0,7,0,3,0,0,0,0,1,1,6,2,24,5,1229,1,10,2,1,2
2018200320641,1,9,0,18,0,1,0,0,0,0,1,1,6,1,-1,-1,1997,2,15,-1,-1,-1
2018200320641,2,9,0,18,0,1,0,0,0,0,2,1,6,2,20,4,-1,-1,-1,3,1,3
2018200320657,1,19,0,1,0,0,0,0,0,0,2,1,6,3,-1,-1,2402,2,8,-1,-1,-1
2018200320657,2,9,0,4,0,0,0,0,0,0,1,1,1,1,33,6,1598,2,3,-1,-1,-1
2018200320672,1,9,0,18,0,8,0,0,0,0,1,1,2,2,23,5,1328,1,8,1,1,1
2018200320686,1,9,0,5,0,6,0,0,0,0,3,1,6,2,26,6,1995,2,1,-1,-1,-1
2018200320686,2,1,0,13,0,8,0,0,0,0,1,1,2,1,57,9,-1,-1,-1,2,1,2
2018200320691,1,9,0,18,0,0,0,0,0,0,1,1,6,1,30,6,1991,1,1,7,1,7
2018200320691,2,9,0,18,0,0,0,0,0,0,2,1,6,2,49,8,1910,2,7,4,1,4
2018200320709,1,3,0,3,0,1,0,0,0,0,2,1,2,1,35,6,125,1,2,2,1,2
2018200320709,2,9,0,18,0,1,0,0,0,0,1,1,6,1,24,5,1061,1,14,2,1,2
2018200320718,1,9,0,9,0,6,0,0,0,0,1,1,6,2,45,7,996,1,4,1,1,1
2018200320718,2,9,0,18,0,8,0,0,0,0,4,1,6,1,38,7,1995,2,8,1,1,1
2018200320731,1,9,0,18,0,0,1,0,0,0,1,1,1,1,24,5,999,1,3,8,1,8
2018200320731,2,9,0,4,0,0,0,0,0,0,2,1,2,1,34,6,2995,1,13,4,1,4
2018200320731,3,9,0,3,0,0,0,0,0,0,2,1,2,2,32,6,1598,1,16,4,1,4
2018200320735,1,9,0,18,0,1,0,0,0,0,1,1,6,1,39,7,1200,1,5,2,1,2
2018200320735,2,9,0,9,0,8,0,0,0,0,2,1,6,2,54,8,2495,2,18,1,1,1
2018200320740,1,9,0,9,0,5,0,0,0,0,0,1,6,3,-1,-1,-1,-1,-1,-1,-1,-1
2018200320740,2,3,0,18,0,8,0,0,0,0,0,1,6,1,17,4,125,1,5,5,1,5
2018200320761,1,9,0,18,0,8,0,0,0,0,1,1,6,3,-1,-1,-1,-1,-1,-1,-1,-1
2018200320761,2,11,0,5,0,6,0,0,0,0,1,1,1,1,-1,-1,4461,2,4,4,1,4
2018200320764,1,9,0,2,0,0,0,0,0,0,0,1,6,1,47,8,-1,-1,-1,9,1,9
2018200320764,2,9,0,18,0,0,0,0,0,0,2,1,6,1,33,6,1997,2,1,4,1,4
2018200320767,1,9,0,4,0,1,0,0,0,0,1,1,6,3,30,6,-1,-1,-1,-1,-1,-1
2018200320767,2,9,0,4,0,1,0,0,0,0,2,1,5,1,20,4,-1,-1,-1,3,1,3
2018200320767,3,9,0,4,0,1,0,0,0,0,2,1,5,2,60,9,1896,2,11,1,1,1
2018200320770,1,9,0,5,0,6,0,0,0,0,3,1,6,3,-1,-1,1368,1,9,-1,-1,-1
2018200320770,2,9,0,18,0,8,0,0,0,0,4,1,6,2,25,5,1229,1,3,1,1,1
2018200320780,1,9,0,18,0,0,0,10,7,4,1,1,6,1,32,6,1560,2,7,1,1,1
2018200320791,1,9,0,18,0,1,0,0,0,0,1,1,6,1,51,8,1598,1,12,1,1,1
2018200320794,1,9,0,18,0,8,0,0,0,0,1,1,6,3,-1,-1,-1,-1,-1,-1,-1,-1
2018200320794,2,9,0,18,0,5,0,0,0,0,4,1,6,1,18,4,1248,2,9,2,1,2
2018200320809,1,98,0,18,0,8,0,0,0,0,1,1,6,3,-1,-1,-1,-1,-1,-1,-1,-1
2018200320809,2,9,0,18,0,8,0,0,0,0,2,1,6,1,57,9,1396,1,13,1,1,1
2018200320812,1,9,0,18,0,0,0,0,0,0,2,1,6,1,23,5,1198,1,8,2,1,2
2018200320812,2,9,0,18,0,0,0,0,0,0,1,1,6,1,-1,-1,1995,2,-1,-1,-1,-1
2018200320842,1,9,0,4,0,1,0,0,0,0,1,1,6,1,36,7,2000,2,7,5,1,5
2018200320849,1,9,0,5,0,2,0,0,0,0,3,1,6,1,46,8,2231,2,11,4,1,4
2018200320873,1,9,0,18,0,8,0,0,0,0,4,1,6,2,26,6,-1,-1,-1,4,1,4
2018200320873,2,9,0,5,0,6,0,0,0,0,1,1,6,1,28,6,1198,1,4,2,1,2
2018200320875,1,90,0,18,0,8,0,0,0,0,1,1,6,1,-1,-1,12130,2,15,-1,-1,-1
2018200320875,2,9,0,10,0,5,0,0,0,0,2,1,6,2,54,8,1598,1,3,9,1,9
2018200320880,1,9,0,3,0,1,0,0,0,0,2,1,5,1,30,6,1399,1,10,3,1,3
2018200320880,2,9,0,18,0,1,0,0,0,0,1,1,6,3,30,6,-1,-1,-1,-1,-1,-1
2018200320890,1,9,0,9,0,5,0,0,0,0,1,1,6,1,54,8,2148,2,10,2,1,2
2018200320890,2,1,0,18,0,8,0,0,0,0,1,1,6,1,31,6,-1,-1,-1,6,1,6
2018200320943,1,9,0,18,0,8,0,10,1,11,1,1,5,1,20,4,1242,1,3,4,1,4
2018200320943,2,9,0,9,0,5,0,0,0,0,1,1,5,1,88,11,1994,2,14,7,1,7
2018200320963,1,19,0,18,0,1,0,0,0,0,1,1,6,1,-1,-1,1560,2,7,-1,-1,-1
2018200320963,2,9,0,3,0,1,0,0,0,0,2,1,6,1,23,5,1198,1,8,3,1,3
2018200320963,3,9,0,3,0,1,0,0,0,0,2,1,6,3,-1,-1,-1,-1,-1,-1,-1,-1
2018200320967,1,9,0,9,0,5,0,0,0,0,1,1,6,1,21,5,1596,1,5,9,2,9
2018200320967,2,9,0,18,0,8,0,0,0,0,2,1,6,1,38,7,1339,1,11,2,1,2
2018200321015,1,9,0,18,9,6,0,0,0,0,1,1,6,1,41,7,2362,7,12,1,1,1
2018200321015,2,9,0,3,0,8,0,0,0,0,4,1,6,2,31,6,1596,1,16,8,1,8
2018200321034,1,9,0,10,0,8,0,0,0,0,2,1,6,1,35,6,1798,8,5,3,1,3
2018200321034,2,9,0,3,0,1,0,0,0,0,2,1,2,2,43,7,1395,1,2,7,1,7
2018200321034,3,9,0,3,0,1,0,0,0,0,1,1,6,2,38,7,1396,1,6,10,1,10
2018200321077,1,9,0,18,0,0,0,0,0,0,3,1,6,2,27,6,1390,1,6,4,1,4
2018200321093,1,9,0,18,0,1,0,0,0,0,1,1,6,3,-1,-1,1242,1,15,-1,-1,-1
2018200321093,2,9,0,3,0,1,0,0,0,0,2,1,6,1,-1,-1,1998,2,8,1,1,1
2018200321106,1,9,0,18,0,8,0,0,0,0,1,1,1,1,30,6,1598,2,4,1,1,1
2018200321106,2,9,0,9,0,8,0,0,0,0,1,1,6,1,19,4,1200,1,6,8,1,8
2018200321121,1,9,0,13,0,0,0,0,0,0,4,1,6,1,-1,-1,1582,2,7,2,1,2
2018200321121,2,9,0,18,0,0,0,0,0,0,3,1,6,2,54,8,1596,1,12,1,1,1
2018200321139,1,11,0,18,0,0,0,0,0,0,1,1,6,3,-1,-1,-1,-1,-1,-1,-1,-1
2018200321156,1,9,0,9,0,5,0,0,0,0,4,1,1,1,-1,-1,1318,1,2,-1,-1,-1
2018200321156,2,2,0,18,0,8,0,0,0,0,1,1,6,1,49,8,49,1,9,1,1,1
2018200321160,1,9,0,18,0,1,0,0,0,0,1,1,6,3,-1,-1,-1,-1,-1,-1,-1,-1
2018200321160,2,9,0,18,0,1,0,0,0,0,2,1,6,2,30,6,1598,1,8,9,1,9
2018200321179,1,9,0,18,0,8,0,10,1,11,1,1,6,1,22,5,1997,2,12,2,1,2
2018200321179,2,9,0,9,0,8,0,0,0,0,1,1,6,1,20,4,1149,1,13,1,1,1
2018200321197,1,9,0,18,0,0,0,0,0,0,2,1,6,1,-1,-1,1991,8,-1,-1,-1,-1
2018200321197,2,9,0,18,0,0,0,0,0,0,2,1,6,1,45,7,1999,1,1,6,1,6
2018200321197,3,9,0,18,0,0,0,0,0,0,1,1,6,1,-1,-1,1596,1,15,3,1,3
2018200321197,4,9,0,18,0,0,0,0,0,0,1,1,6,1,37,7,2792,1,16,1,1,1
2018200321208,1,9,0,17,0,0,0,0,0,0,1,1,6,3,-1,-1,-1,-1,-1,-1,-1,-1
2018200321224,1,9,0,18,0,8,0,0,0,0,1,1,2,1,23,5,1329,1,6,4,1,4
2018200321224,2,9,0,18,0,8,0,0,0,0,1,1,6,1,30,6,1199,1,14,1,1,1
2018200321231,1,9,0,18,0,1,0,0,0,0,1,1,6,3,-1,-1,-1,-1,-1,-1,-1,-1
2018200321231,2,1,0,18,0,1,0,0,0,0,1,1,6,1,15,3,-1,-1,-1,1,1,1
2018200321244,1,9,0,18,0,0,0,0,0,0,1,1,6,1,20,4,1124,1,13,6,1,6
2018200321244,2,9,0,4,0,0,0,0,0,0,2,1,6,2,46,8,1197,1,2,10,1,10
2018200321258,1,90,0,18,0,1,0,0,0,0,1,1,6,1,28,6,686,1,3,1,1,1
2018200321258,2,9,0,2,0,1,0,0,0,0,4,1,1,1,-1,-1,1248,2,2,3,1,3
2018200321259,1,9,0,15,0,0,0,10,1,0,1,1,6,3,-1,-1,-1,-1,-1,-1,-1,-1
2018200321259,2,9,0,17,0,0,0,0,0,0,4,1,6,1,66,10,2496,1,14,4,1,4
2018200321277,1,9,0,18,0,8,0,0,0,0,1,1,6,1,24,5,1956,2,8,1,1,1
2018200321277,2,9,0,9,0,8,0,0,0,0,1,1,6,1,53,8,1798,8,6,5,1,5
2018200321297,1,9,0,18,0,8,0,0,0,0,1,1,6,3,-1,-1,2143,2,1,-1,-1,-1
2018200321297,2,9,0,14,0,8,0,0,0,0,3,1,1,1,21,5,1197,1,1,3,1,3
2018200321339,1,9,0,1,0,0,0,0,0,0,2,1,6,1,-1,-1,1798,7,9,-1,-1,-1
2018200321346,1,9,0,7,0,5,0,0,0,0,4,1,6,1,33,6,1995,2,10,1,1,1
2018200321346,2,1,0,18,0,8,0,0,0,0,1,1,1,1,37,7,-1,-1,-1,1,1,1
2018200321400,1,3,0,13,0,0,0,4,0,0,1,1,2,1,21,5,125,1,2,7,1,7
2018200321400,2,9,0,4,0,0,0,0,0,0,1,1,2,1,28,6,1956,2,4,2,1,2
2018200321400,3,9,0,2,0,0,0,0,0,0,1,1,6,3,-1,-1,2685,2,15,-1,-1,-1
2018200321409,1,9,0,5,0,1,0,0,0,0,1,1,6,1,40,7,2231,2,5,1,1,1
2018200321409,2,9,0,5,0,6,0,0,0,0,2,1,6,2,48,8,1229,1,13,1,1,1
2018200321463,1,9,0,9,0,6,1,0,0,0,1,1,6,1,20,4,1995,2,3,1,1,1
2018200321463,2,9,0,18,0,8,0,0,0,0,1,1,2,2,28,6,1997,2,13,1,1,1
2018200321494,1,9,0,18,0,0,0,0,0,0,1,1,6,1,27,6,1984,1,1,1,1,1
2018200321531,1,19,0,18,0,2,0,0,0,0,1,1,2,1,62,9,2287,2,7,3,2,3
2018200321563,1,9,0,18,0,0,0,0,0,0,1,1,6,1,-1,-1,1598,1,12,-1,-1,-1
2018200321563,2,9,0,18,0,0,0,0,0,0,1,1,6,2,68,10,1997,2,13,3,1,3
2018200321578,1,1,0,5,0,2,0,0,0,0,1,1,3,1,24,5,-1,-1,-1,1,1,1
2018200321578,2,9,0,18,0,1,0,0,0,0,1,1,6,2,70,10,1998,2,11,7,3,7
2018200321610,1,9,0,18,0,1,0,0,0,0,1,1,2,1,28,6,1598,1,7,10,1,10
2018200321610,2,9,0,4,0,1,0,0,0,0,2,1,6,1,-1,-1,-1,-1,-1,-1,-1,-1
2018200321612,1,9,0,18,0,3,0,10,1,2,1,1,6,1,19,4,1598,1,12,2,1,2
2018200321640,1,9,0,5,0,6,0,0,0,0,2,1,6,3,-1,-1,1968,2,2,6,1,6
2018200321640,2,1,0,18,0,8,0,0,0,0,4,1,6,1,36,7,-1,-1,-1,4,1,4
2018200321715,1,9,0,18,0,8,1,0,0,0,1,1,6,1,24,5,1896,2,17,10,1,10
2018200321715,2,9,0,9,0,6,0,7,1,7,3,1,6,1,77,11,1329,1,1,5,1,5
2018200321717,1,9,0,18,0,0,0,0,0,0,1,1,1,1,28,6,1248,2,3,-1,-1,-1
2018200321717,2,9,0,18,0,0,0,0,0,0,2,1,2,1,40,7,1995,2,13,-1,1,-1
2018200321725,1,9,0,18,0,8,0,0,0,0,1,1,6,1,23,5,2979,1,15,-1,-1,-1
2018200321725,2,9,0,18,0,8,0,0,0,0,4,1,6,1,19,4,1998,1,15,8,1,8
2018200321731,1,9,0,18,0,1,0,0,0,0,1,1,2,1,51,8,1496,2,3,9,1,9
2018200321731,2,9,0,17,0,1,0,0,0,0,1,1,6,2,27,6,-1,-1,-1,1,1,1
2018200321732,1,9,0,18,0,0,5,4,0,0,1,1,6,1,84,11,1461,2,16,5,1,5
2018200321732,2,9,0,2,0,0,0,0,0,0,2,1,6,2,57,9,1560,2,8,1,1,1
2018200321737,1,9,0,18,0,8,1,0,0,0,1,1,6,1,-1,-1,1796,1,12,-1,-1,-1
2018200321737,2,9,0,9,0,6,0,0,0,0,1,1,1,1,61,9,998,1,2,1,1,1
2018200321752,1,1,0,11,0,0,0,0,0,0,4,1,6,1,46,8,-1,-1,-1,1,1,1
2018200321752,2,9,0,11,0,0,0,0,0,0,3,1,6,1,29,6,1968,2,6,4,1,4
2018200321877,1,9,0,18,0,0,1,10,7,11,2,1,6,1,16,4,1242,1,14,8,1,8
2018200321877,2,9,0,18,0,0,0,0,0,0,1,1,1,1,37,7,2967,2,6,-1,-1,-1
2018200321896,1,9,0,18,0,2,1,10,1,2,1,1,1,1,-1,-1,2993,2,-1,5,1,5
2018200321896,2,97,0,18,0,2,0,0,0,0,0,1,6,3,-1,-1,-1,-1,-1,-1,-1,-1
2018200321897,1,9,0,9,0,6,5,10,7,0,1,1,6,1,27,6,1390,1,16,1,1,1
2018200321897,2,9,0,18,0,1,0,0,0,0,1,1,6,2,44,7,1968,2,3,10,1,10
2018200321897,3,9,0,9,0,1,0,0,0,0,0,1,1,1,41,7,1956,2,3,2,1,2
2018200321988,1,9,0,18,0,0,0,0,0,0,1,1,6,2,37,7,1587,1,15,1,1,1
2018200321992,1,21,0,18,0,1,0,0,0,0,4,1,6,1,61,9,4500,2,2,5,1,5
2018200322022,1,5,0,18,0,2,0,0,0,0,0,1,6,1,21,5,-1,-1,-1,5,1,5
2018200322047,1,19,0,5,0,1,0,0,0,0,1,1,6,1,-1,-1,2143,2,-1,-1,-1,-1
2018200322047,2,9,0,7,0,2,0,0,0,0,4,1,6,2,29,6,1124,1,14,9,1,9
2018200322055,1,9,0,18,0,0,0,0,0,0,4,1,1,1,37,7,-1,-1,-1,7,1,7
2018200322095,1,9,0,18,0,0,0,0,0,0,4,1,6,3,-1,-1,1596,7,14,-1,-1,-1
2018200322095,2,9,0,18,0,0,0,0,0,0,3,1,2,2,46,8,1086,1,9,2,1,2
2018200322157,1,9,0,1,0,0,0,0,0,0,2,1,2,1,39,7,1968,2,10,9,1,9
2018200322233,1,9,0,18,0,1,0,0,0,0,1,1,6,1,-1,-1,1598,2,6,-1,-1,-1
2018200322233,2,9,0,3,0,1,0,0,0,0,2,1,6,1,32,6,1596,1,3,3,1,3
2018200322263,1,9,0,18,0,1,0,0,0,0,1,1,6,2,42,7,989,1,15,2,1,2
2018200322268,1,9,0,18,0,8,0,0,0,0,1,1,6,1,82,11,1364,1,13,1,1,1
2018200322268,2,1,0,18,0,8,0,0,0,0,3,1,6,1,50,8,-1,-1,-1,4,1,4
2018200322341,1,3,0,14,0,0,1,10,0,0,3,1,6,1,18,4,125,1,-1,2,1,2
2018200322341,2,19,0,18,0,0,0,0,0,0,2,1,6,1,42,7,1598,2,4,2,1,2
2018200322359,1,21,1,18,0,0,0,0,0,0,3,1,6,3,40,7,10837,2,6,-1,-1,-1
2018200322359,2,98,0,18,0,0,0,0,0,0,4,1,1,1,30,6,-1,-1,-1,7,2,7
2018200322410,1,9,0,18,0,0,0,0,0,0,1,1,6,3,-1,-1,1360,1,9,-1,-1,-1
2018200322410,2,9,0,4,0,0,0,0,0,0,2,1,6,1,48,8,1896,2,15,6,1,6
2018200322434,1,9,0,8,0,1,0,0,0,0,2,1,6,1,38,7,1591,1,10,3,1,3
2018200322434,2,9,0,18,0,1,1,0,0,0,1,1,6,2,18,4,1242,1,8,3,1,3
2018200322438,1,9,0,7,0,6,0,0,0,0,1,1,2,2,27,6,1999,1,13,2,1,2
2018200322438,2,1,0,18,0,8,0,0,0,0,0,1,3,1,42,7,-1,-1,-1,7,2,7
2018200322616,1,9,0,18,0,0,0,0,0,0,1,1,2,1,24,5,1997,2,16,1,1,1
2018200322616,2,9,0,18,0,0,0,0,0,0,1,1,2,1,33,6,-1,-1,-1,-1,-1,-1
2018200322616,3,9,0,18,0,0,0,0,0,0,0,1,6,3,-1,-1,-1,-1,-1,-1,-1,-1
2018200322685,1,9,0,18,0,8,0,0,0,0,4,1,5,1,40,7,1560,2,11,1,1,1
2018200322685,2,9,0,9,0,6,0,0,0,0,1,1,5,3,36,7,1339,1,15,5,1,5
2018200322745,1,9,0,9,0,5,0,0,0,0,1,1,6,1,20,4,1596,1,9,7,1,7
2018200322745,2,9,0,3,0,1,0,0,0,0,1,1,6,1,44,7,1598,2,7,5,1,5
2018200322752,1,9,0,18,0,0,0,0,0,0,0,1,6,2,-1,-1,998,1,1,-1,-1,-1
2018200322752,2,9,0,18,0,0,0,0,0,0,1,1,6,1,-1,-1,998,1,4,-1,-1,-1
2018200322753,1,9,0,18,0,4,0,0,0,0,3,1,6,3,-1,-1,1360,1,17,-1,-1,-1
2018200322753,2,9,0,18,0,3,0,0,0,0,1,1,1,1,55,8,1560,2,4,1,1,1
2018200322757,1,9,0,18,0,2,0,0,0,0,1,1,6,1,-1,-1,2143,2,1,-1,-1,-1
2018200322757,2,9,0,3,0,2,0,0,0,0,2,1,6,2,-1,-1,1969,2,2,4,1,4
2018200322765,1,9,0,12,0,0,0,10,0,0,1,1,6,1,63,9,1360,1,11,3,1,3
2018200322765,2,9,0,18,0,0,0,7,4,0,1,1,2,1,26,6,1968,2,6,1,1,1
2018200322794,1,9,0,18,0,1,0,0,0,0,1,1,6,1,-1,-1,2231,2,11,-1,-1,-1
2018200322794,2,9,0,3,0,1,0,0,0,0,2,1,6,1,32,6,2967,2,3,2,1,2
2018200322800,1,9,0,7,0,6,0,0,0,0,1,1,6,2,51,8,1597,2,1,2,1,2
2018200322800,2,3,0,18,0,8,0,0,0,0,4,1,1,2,36,7,125,1,1,1,1,1
2018200322804,1,9,0,18,0,8,1,0,0,0,1,1,1,1,37,7,1598,2,1,-1,-1,-1
2018200322804,2,9,0,18,0,8,1,0,0,0,1,1,6,1,81,11,2496,1,16,7,3,7
2018200322812,1,21,0,7,0,6,0,0,0,0,1,1,1,1,49,8,2998,2,2,2,1,2
2018200322812,2,1,0,18,0,8,0,0,0,0,3,1,6,1,44,7,-1,-1,-1,1,1,1
2018200322966,1,19,0,18,0,1,0,0,0,0,2,1,6,3,-1,-1,1560,2,5,1,1,1
2018200322966,2,9,0,5,0,3,0,0,0,0,2,1,6,1,44,7,1968,2,1,10,1,10
2018200323012,1,9,0,9,0,5,0,0,0,0,1,1,1,1,43,7,1398,2,14,1,1,1
2018200323012,2,1,0,18,0,8,0,0,0,0,3,1,6,1,67,10,-1,-1,-1,2,1,2
2018200323035,1,19,0,9,0,5,0,0,0,0,1,1,6,1,-1,-1,1753,2,10,-1,-1,-1
2018200323053,1,9,0,9,0,0,0,0,0,0,1,1,6,1,60,9,1490,1,13,2,1,2
2018200323053,2,9,0,18,0,0,0,0,0,0,1,1,6,1,44,7,1896,2,9,1,1,1
2018200323082,1,9,0,18,0,0,0,10,1,0,3,1,1,2,32,6,1686,2,8,3,1,3
2018200323082,2,9,0,14,0,0,0,0,0,0,4,1,6,3,30,6,3189,1,13,-1,-1,-1
2018200323085,1,9,0,18,0,2,0,0,0,0,1,1,6,1,18,4,1968,2,9,1,1,1
2018200323085,2,9,0,10,0,1,0,0,0,0,1,1,6,1,20,4,1995,2,12,1,1,1
2018200323128,1,9,0,18,0,1,0,0,0,0,1,1,6,2,55,8,1200,1,3,1,-1,1
2018200323165,1,19,0,18,0,1,0,0,0,0,1,1,6,1,-1,-1,1998,2,16,1,1,1
2018200323165,2,9,0,4,0,1,0,0,0,0,2,1,6,2,38,7,1598,1,13,4,1,4
2018200323167,1,9,0,18,0,3,0,10,1,2,1,1,6,2,-1,-1,1995,2,11,-1,-1,-1
2018200323178,1,9,0,18,0,1,0,0,0,0,2,1,1,1,39,7,998,1,1,3,1,3
2018200323178,2,9,0,18,0,1,0,0,0,0,1,1,6,3,-1,-1,4164,2,19,-1,-1,-1
2018200323215,1,9,0,9,0,2,0,0,0,0,1,1,1,1,52,8,1997,2,11,1,1,1
2018200323226,1,8,0,18,9,0,0,10,0,0,4,1,3,1,-1,-1,1986,2,9,-1,-1,-1
2018200323277,1,9,0,9,0,5,0,0,0,0,1,1,6,2,28,6,1197,1,1,1,1,1
2018200323277,2,9,0,18,0,8,0,0,0,0,1,1,6,2,49,8,796,1,11,6,1,6
2018200323308,1,9,0,7,0,6,0,0,0,0,3,1,6,3,-1,-1,1400,1,15,-1,-1,-1
2018200323308,2,9,0,10,0,8,0,0,0,0,3,1,6,2,60,9,1587,1,13,2,1,2
2018200323313,1,9,0,9,0,5,0,0,0,0,4,1,5,1,27,6,1240,1,12,1,1,1
2018200323313,2,9,0,18,0,8,0,0,0,0,1,1,5,2,59,9,1796,1,16,10,1,10
2018200323320,1,9,0,7,0,1,0,0,0,0,3,1,6,3,30,6,-1,-1,-1,-1,-1,-1
2018200323324,1,9,0,18,0,2,0,0,0,0,1,1,5,2,50,8,1686,2,6,2,1,2
2018200323324,2,1,0,18,0,2,0,0,0,0,2,1,5,1,32,6,-1,-1,-1,5,1,5
2018200323325,1,9,0,18,0,6,0,0,0,0,1,1,2,2,21,5,1364,1,10,1,1,1
2018200323325,2,98,0,18,0,8,0,10,7,4,3,1,3,1,63,9,-1,-1,-1,3,1,3
2018200323325,3,9,0,2,9,2,0,0,0,0,1,1,6,3,-1,-1,-1,-1,-1,-1,-1,-1
2018200323333,1,9,0,7,0,2,0,10,1,4,1,1,6,1,36,7,1896,2,14,2,1,2
2018200323333,2,9,0,7,0,2,0,0,0,0,0,1,1,1,30,6,1598,2,3,1,1,1
2018200323343,1,9,0,7,0,6,0,0,0,0,1,1,5,1,30,6,1598,2,3,1,1,1
2018200323343,2,9,0,18,0,8,0,4,0,0,4,1,5,2,23,5,1198,1,7,2,1,2
2018200323344,1,9,0,9,0,5,0,0,7,0,1,1,6,1,44,7,998,1,16,7,1,7
2018200323344,2,1,0,7,0,5,0,0,2,0,1,1,6,1,49,8,-1,-1,-1,10,1,10
2018200323351,1,9,0,18,0,8,0,10,1,11,3,1,6,1,18,4,1596,1,10,8,1,8
2018200323353,1,11,0,18,0,2,0,7,4,10,1,1,1,1,53,8,7300,2,8,1,1,1
2018200323354,1,9,0,9,0,4,0,0,0,0,3,1,6,2,39,7,1461,2,11,1,1,1
2018200323354,2,1,0,9,0,8,0,0,0,0,3,1,6,1,21,5,-1,-1,-1,5,1,5
2018200323359,1,9,0,18,0,0,0,0,0,0,4,1,6,2,35,6,1598,2,7,5,1,5
2018200323359,2,1,0,18,0,0,0,0,0,0,3,1,6,1,-1,-1,-1,-1,-1,-1,-1,-1
2018200323360,1,9,0,6,0,0,0,0,0,0,1,1,6,1,64,9,2000,2,14,1,1,1
2018200323360,2,5,0,18,0,0,0,0,0,0,2,1,6,1,28,6,599,1,22,1,1,1
2018200323370,1,9,0,4,0,1,0,0,0,0,1,1,6,1,-1,-1,1229,1,5,-1,-1,-1
2018200323487,1,9,0,9,0,6,0,0,0,0,1,1,6,3,-1,-1,-1,-1,-1,-1,-1,-1
2018200323487,2,9,0,18,0,8,0,4,0,0,2,1,6,2,54,8,1399,2,10,5,1,5
2018200323487,3,9,0,2,0,2,0,0,0,0,3,1,6,3,-1,-1,1796,1,16,-1,-1,-1
2018200323493,1,9,0,18,0,8,0,0,0,0,1,1,6,1,33,6,1896,2,13,1,1,1
2018200323493,2,9,0,18,0,8,0,0,0,0,1,1,6,1,50,8,1910,2,12,1,1,1
2018200323504,1,9,0,18,0,4,0,0,0,0,1,1,1,1,-1,-1,-1,-1,-1,2,1,2
2018200323504,2,1,0,18,0,8,0,0,0,0,1,1,6,1,67,10,-1,-1,-1,9,1,9
2018200323529,1,9,0,1,0,6,0,0,0,0,0,1,6,3,-1,-1,-1,-1,-1,-1,-1,-1
2018200323529,2,1,0,18,0,8,0,0,0,0,0,1,1,2,38,7,-1,-1,-1,8,1,8
2018200323543,1,9,0,18,0,0,0,4,0,0,1,1,6,1,24,5,1998,2,15,-1,-1,-1
2018200323543,2,9,0,18,0,0,0,0,0,0,2,1,6,1,28,6,999,1,1,2,1,2
2018200323543,3,9,0,2,0,0,0,0,0,0,3,1,6,2,-1,-1,1242,1,4,-1,-1,-1
2018200323562,1,9,0,7,0,6,0,0,0,0,0,1,6,3,-1,-1,1968,2,8,-1,-1,-1
2018200323562,2,3,0,18,0,8,1,0,0,0,0,1,1,1,-1,-1,100,1,11,2,1,2
2018200323565,1,97,0,18,5,0,0,0,0,0,1,1,6,3,-1,-1,-1,-1,-1,-1,-1,-1
2018200323572,1,9,0,18,0,1,0,0,0,0,1,1,6,1,24,5,1242,1,6,5,1,5
2018200323583,1,3,0,18,0,0,0,0,0,0,1,1,6,1,-1,-1,125,1,7,2,1,2
2018200323583,2,9,0,18,0,0,0,0,0,0,4,1,6,2,25,5,1560,2,6,3,1,3
2018200323585,1,9,0,9,0,5,0,0,0,0,4,1,6,2,59,9,1390,1,12,2,1,2
2018200323585,2,5,0,18,0,8,1,0,0,0,1,1,6,1,29,6,598,1,17,1,1,1
2018200323596,1,9,0,13,0,8,0,0,0,0,1,1,6,3,-1,-1,2254,1,17,-1,-1,-1
2018200323596,2,9,0,18,0,8,0,0,0,0,2,1,6,2,22,5,1199,2,7,4,1,4
2018200323603,1,9,0,3,0,0,0,0,0,0,1,1,6,1,-1,-1,1968,2,12,2,1,2
2018200323603,2,9,0,18,0,0,0,0,0,0,2,1,6,2,30,6,1299,1,16,1,1,1
2018200323607,1,9,0,17,0,2,2,0,0,0,1,1,6,1,27,6,1598,1,10,1,1,1
2018200323607,2,9,0,16,0,1,0,0,0,0,1,1,6,1,33,6,1995,1,13,4,1,4
2018200323613,1,9,0,9,0,6,0,0,0,0,1,1,6,1,-1,-1,1900,2,13,-1,-1,-1
2018200323613,2,9,0,18,0,8,0,0,0,0,4,1,6,2,29,6,1086,1,12,1,-1,1
2018200323613,3,9,0,3,0,2,0,0,0,0,3,1,6,1,46,8,1995,2,10,1,1,1