Accident_Index,Vehicle_Reference,Vehicle_Type,Towing_and_Articulation,Vehicle_Manoeuvre,Vehicle_Location-Restricted_Lane,Junction_Location,Skidding_and_Overturning,Hit_Object_in_Carriageway,Vehicle_Leaving_Carriageway,Hit_Object_off_Carriageway,1st_Point_of_Impact,Was_Vehicle_Left_Hand_Drive?,Journey_Purpose_of_Driver,Sex_of_Driver,Age_of_Driver,Age_Band_of_Driver,Engine_Capacity_(CC),Propulsion_Code,Age_of_Vehicle,Driver_IMD_Decile,Driver_Home_Area_Type,Vehicle_IMD_Decile
2018200323626,1,5,0,13,0,8,0,0,0,0,1,1,6,1,43,7,998,1,13,1,1,1
2018200323626,2,9,0,9,0,5,0,0,0,0,3,1,6,2,38,7,1598,1,13,1,1,1
2018200323634,1,9,0,18,0,0,0,0,0,0,1,1,6,1,37,7,1968,2,1,7,-1,7
2018200323634,2,9,0,18,0,0,0,0,0,0,1,1,6,1,70,10,1988,1,-1,10,1,10
2018200323634,3,9,0,18,0,0,0,0,0,0,1,1,6,1,22,5,1242,1,2,1,1,1
2018200323640,1,11,0,18,0,1,0,0,0,0,2,1,1,1,36,7,8268,2,15,5,1,5
2018200323640,2,1,0,18,0,8,5,0,0,0,1,1,6,1,29,6,-1,-1,-1,3,1,3
2018200323667,1,9,0,18,0,8,0,0,0,0,1,1,6,1,20,4,998,1,4,1,1,1
2018200323667,2,1,0,18,0,8,0,0,0,0,4,1,6,1,18,4,-1,-1,-1,1,1,1
2018200323691,1,9,0,18,0,4,0,0,0,0,1,1,6,3,-1,-1,-1,-1,-1,-1,-1,-1
2018200323691,2,1,0,18,0,3,0,0,0,0,4,1,1,2,26,6,-1,-1,-1,1,1,1
2018200323694,1,9,0,18,0,2,0,0,0,0,4,1,6,1,55,8,1360,1,8,1,1,1
2018200323697,1,98,0,9,0,3,0,0,0,0,1,1,6,1,-1,-1,-1,-1,-1,-1,-1,-1
2018200323697,2,5,0,18,0,8,0,0,0,0,3,1,1,1,48,8,805,1,23,1,1,1
2018200323698,1,9,0,9,0,5,0,0,0,0,3,1,6,1,52,8,1796,1,17,2,1,2
2018200323698,2,5,0,18,0,8,0,0,1,0,3,1,6,1,30,6,599,1,11,4,1,4
2018200323704,1,9,0,9,0,8,0,0,0,0,1,1,1,1,37,7,1968,2,8,1,1,1
2018200323704,2,1,0,18,0,8,0,0,0,0,3,1,6,1,76,11,-1,-1,-1,9,1,9
2018200323709,1,9,0,9,0,8,0,0,0,0,4,1,6,1,47,8,1998,2,11,1,1,1
2018200323709,2,3,0,5,0,8,0,0,0,0,1,1,6,2,62,9,124,1,5,1,1,1
2018200323713,1,9,0,9,0,8,0,0,0,0,4,1,1,1,22,5,1229,1,7,6,1,6
2018200323728,1,9,0,9,0,2,0,0,0,0,1,1,6,1,40,7,2179,2,3,2,1,2
2018200323728,2,22,0,18,0,2,0,0,0,0,1,1,6,1,66,10,-1,-1,-1,4,1,4
2018200323735,1,19,0,18,0,0,0,0,0,0,1,1,1,1,31,6,2143,2,7,1,1,1
2018200323735,2,9,0,18,0,0,0,4,0,0,1,1,6,1,68,10,1991,1,1,2,1,2
2018200323735,3,9,0,2,0,0,0,0,0,0,1,1,6,1,48,8,998,1,1,3,1,3
2018200323739,1,3,0,13,0,8,0,0,0,0,1,1,6,1,20,4,124,1,3,2,1,2
2018200323739,2,9,0,9,0,5,0,0,0,0,3,1,6,1,43,7,1598,2,2,2,1,2
2018200323759,1,9,0,13,0,0,0,7,0,0,1,1,6,1,28,6,-1,-1,-1,5,1,5
2018200323759,2,9,0,18,0,0,0,0,0,0,1,1,6,2,-1,-1,2993,2,4,3,1,3
2018200323773,1,9,0,18,0,1,0,0,0,0,1,1,6,1,66,10,1493,1,23,2,1,2
2018200323773,2,9,0,3,0,1,0,0,0,0,2,1,6,2,58,9,1686,2,12,2,1,2
2018200323813,1,9,0,18,0,0,1,0,1,10,4,1,6,3,-1,-1,1390,1,14,-1,-1,-1
2018200323813,2,9,0,18,0,0,2,0,1,10,3,1,6,1,66,10,1242,1,5,5,1,5
2018200323815,1,9,0,18,0,2,0,0,0,0,1,1,5,1,26,6,-1,-1,-1,1,1,1
2018200323829,1,9,0,18,0,1,0,0,0,0,1,1,6,3,30,6,998,1,5,-1,-1,-1
2018200323829,2,9,0,3,0,1,0,0,0,0,2,1,5,1,47,8,1992,2,10,1,1,1
2018200323845,1,9,0,18,0,1,0,0,0,0,4,1,6,2,-1,-1,1368,1,10,8,3,8
2018200323845,2,9,0,18,0,1,0,10,2,11,3,1,6,1,23,5,1398,1,5,4,1,4
2018200323854,1,1,0,18,0,0,0,0,0,0,1,1,6,1,48,8,-1,-1,-1,2,1,2
2018200323854,2,9,0,18,0,0,0,0,0,0,1,1,6,3,-1,-1,-1,-1,-1,-1,-1,-1
2018200323863,1,9,0,18,0,6,1,0,0,0,1,1,6,3,-1,-1,-1,-1,-1,-1,-1,-1
2018200323863,2,9,0,18,0,8,2,0,0,0,4,1,1,1,44,7,-1,-1,-1,1,1,1
2018200323932,1,9,0,18,0,1,0,0,0,0,2,1,6,1,40,7,2967,2,6,7,1,7
2018200323932,2,9,0,18,0,1,0,0,0,0,1,1,6,1,22,5,1596,1,5,8,1,8
2018200323945,1,3,0,13,0,1,0,10,7,0,1,1,6,1,18,4,125,1,5,2,1,2
2018200323945,2,9,0,9,0,6,0,0,0,0,3,1,6,2,48,8,2204,2,9,5,1,5
2018200323960,1,9,0,7,0,4,0,0,0,0,2,1,6,3,-1,-1,2143,2,2,-1,-1,-1
2018200323960,2,9,0,18,0,1,0,0,0,0,1,1,6,1,37,7,1598,2,6,1,1,1
2018200323989,1,1,0,18,0,8,1,0,0,0,1,1,6,1,22,5,-1,-1,-1,3,1,3
2018200323989,2,8,0,5,0,6,0,0,0,0,4,1,1,1,48,8,1598,1,10,1,1,1
2018200323996,1,9,0,18,0,0,0,0,0,0,1,1,6,1,28,6,1496,2,3,1,1,1
2018200324013,1,9,0,11,0,8,0,0,0,0,4,1,6,2,35,6,1598,1,14,3,1,3
2018200324013,2,9,0,18,0,8,0,0,0,0,1,1,6,2,31,6,1329,1,3,4,1,4
2018200324013,3,9,0,18,0,8,0,0,0,0,3,1,6,1,46,8,1686,2,7,3,1,3
2018200324024,1,9,0,18,0,0,5,7,6,0,1,1,6,1,18,4,999,1,2,4,1,4
2018200324024,2,9,0,18,0,0,0,7,2,0,4,1,6,1,20,4,-1,-1,-1,8,1,8
2018200324030,1,9,0,9,0,6,0,0,0,0,1,1,6,3,-1,-1,1582,2,11,-1,-1,-1
2018200324030,2,9,0,18,0,8,5,10,8,4,4,1,6,2,45,7,1560,2,8,2,1,2
2018200324031,1,9,0,18,0,0,0,0,0,0,3,1,6,1,38,7,2204,2,12,1,1,1
2018200324034,1,1,0,18,0,3,0,0,0,0,1,1,2,2,22,5,-1,-1,-1,4,1,4
2018200324034,2,9,0,18,0,4,0,0,0,0,1,1,2,1,36,7,1998,2,9,1,1,1
2018200324038,1,9,0,18,0,0,0,0,0,0,-1,1,6,1,21,5,1364,1,14,3,1,3
2018200324038,2,9,0,18,0,0,0,0,0,0,-1,1,6,3,-1,-1,2993,2,11,-1,-1,-1
2018200324045,1,9,0,9,0,6,0,0,0,0,3,1,6,2,31,6,1950,2,2,3,1,3
2018200324045,2,3,0,18,0,8,0,0,0,0,1,1,6,1,17,4,125,1,5,1,1,1
2018200324052,1,9,0,18,0,3,0,0,0,0,1,1,6,1,-1,-1,1248,2,8,1,1,1
2018200324052,2,9,0,18,0,3,0,0,0,0,4,1,6,2,29,6,998,1,-1,8,1,8
2018200324093,1,8,0,5,0,1,0,0,0,0,0,1,6,1,-1,-1,2664,2,18,2,1,2
2018200324110,1,9,0,18,0,0,0,0,0,0,1,1,6,3,-1,-1,-1,-1,-1,-1,-1,-1
2018200324110,2,9,0,3,0,0,0,10,0,0,2,1,6,2,34,6,1242,1,5,4,1,4
2018200324114,1,9,0,18,0,0,5,4,7,0,1,1,1,1,20,4,1296,1,28,2,1,2
2018200324114,2,9,0,2,0,0,0,0,0,0,1,1,6,1,23,5,2143,2,3,1,1,1
2018200324152,1,9,0,18,0,0,0,0,0,0,1,1,6,1,33,6,2149,2,11,-1,-1,-1
2018200324152,2,19,0,18,0,0,0,0,0,0,2,1,6,1,58,9,2402,2,12,2,1,2
2018200324211,1,9,0,18,0,8,0,0,0,0,4,1,6,1,21,5,1798,8,2,10,1,10
2018200324211,2,9,0,7,0,6,0,0,0,0,1,1,6,1,-1,-1,999,1,-1,6,1,6
2018200324254,1,9,0,11,0,0,0,0,0,0,4,1,6,1,-1,-1,1360,1,11,1,1,1
2018200324254,2,4,0,18,0,0,0,0,0,0,3,1,6,2,37,7,499,1,22,6,1,6
2018200324286,1,9,0,18,0,1,0,0,0,0,1,1,6,3,-1,-1,1896,2,17,-1,-1,-1
2018200324286,2,9,0,3,0,1,0,0,0,0,2,1,6,2,41,7,1390,1,12,1,1,1
2018200324293,1,9,0,9,0,6,0,0,0,0,3,1,2,1,31,6,1997,2,9,8,1,8
2018200324293,2,9,0,18,0,8,0,0,0,0,3,1,6,2,32,6,1995,2,13,1,1,1
2018200324325,1,9,0,7,0,5,0,0,0,0,1,1,6,1,-1,-1,1149,1,6,-1,-1,-1
2018200324325,2,1,0,18,0,8,0,0,0,0,1,1,6,1,64,9,-1,-1,-1,3,1,3
2018200324336,1,9,0,18,0,8,1,10,1,0,1,1,6,1,74,10,1590,1,16,1,1,1
2018200324336,2,9,0,2,9,8,0,0,0,0,3,1,6,3,-1,-1,-1,-1,-1,-1,-1,-1
2018200324336,3,9,0,2,9,2,0,4,0,0,3,1,6,3,-1,-1,-1,-1,-1,-1,-1,-1
2018200324336,4,9,0,2,9,2,0,0,0,0,1,1,6,3,-1,-1,-1,-1,-1,-1,-1,-1
2018200324390,1,19,0,18,0,8,0,0,0,0,1,1,6,1,-1,-1,1499,2,-1,10,1,10
2018200324390,2,9,0,9,0,6,0,0,0,0,3,1,2,1,19,4,1198,1,4,6,1,6
2018200324404,1,9,0,18,0,0,0,0,0,0,1,1,6,1,72,10,1997,2,2,1,1,1
2018200324404,2,9,0,18,0,0,0,0,0,0,1,1,5,1,45,7,1753,2,11,1,1,1
2018200324404,3,9,0,18,0,0,0,0,0,0,4,1,6,2,30,6,1896,2,10,1,1,1
2018200324425,1,9,0,7,0,6,0,0,0,0,4,1,6,1,41,7,1798,8,1,2,1,2
2018200324434,1,9,0,5,0,6,0,10,3,11,3,1,6,1,-1,-1,1596,1,10,-1,-1,-1
2018200324434,2,9,0,9,0,8,0,0,0,0,1,1,6,1,48,8,1896,2,17,2,1,2
2018200324447,1,9,0,18,0,8,5,0,0,0,1,1,6,1,20,4,1242,1,5,7,3,7
2018200324447,2,9,0,9,0,6,0,0,0,0,1,1,6,1,28,6,1598,1,16,3,1,3
2018200324447,3,9,0,2,9,1,0,0,0,0,2,1,6,2,48,8,1388,1,17,1,1,1
2018200324469,1,3,0,18,0,1,0,0,0,0,1,1,6,1,23,5,124,1,3,2,1,2
2018200324469,2,8,0,9,0,5,0,0,0,0,2,1,1,1,-1,-1,1910,2,11,-1,-1,-1
2018200324499,1,9,0,9,0,8,0,0,0,0,1,1,6,2,56,9,1498,1,10,1,1,1
2018200324499,2,9,0,18,0,8,0,0,0,0,3,1,1,1,-1,-1,1896,2,9,2,1,2
2018200324505,1,9,0,1,0,0,0,0,0,0,2,1,6,1,27,6,1968,2,12,2,1,2
2018200324518,1,9,0,18,0,0,0,0,0,0,2,1,6,1,48,8,1598,1,11,10,1,10
2018200324518,2,9,0,18,0,0,0,0,0,0,2,1,6,1,38,7,2143,2,2,1,1,1
2018200324527,1,19,0,18,0,0,0,0,0,0,1,1,6,1,53,8,1995,2,10,7,1,7
2018200324527,2,9,0,4,0,0,0,0,0,0,2,1,6,1,30,6,1364,1,9,1,1,1
2018200324527,3,9,0,4,0,0,0,0,0,0,2,1,6,1,72,10,1461,2,10,1,1,1
2018200324532,1,9,0,1,0,2,0,0,0,0,3,1,6,1,30,6,1198,1,15,3,1,3
2018200324540,1,9,0,18,0,0,0,0,0,0,1,1,6,1,34,6,1796,1,11,1,1,1
2018200324540,2,9,0,15,0,0,0,0,0,0,4,1,6,2,35,6,1389,1,15,1,1,1
2018200324566,1,9,0,9,0,5,0,0,0,0,1,1,2,1,21,5,1229,1,9,6,1,6
2018200324566,2,9,0,13,0,8,0,0,0,0,1,1,6,3,-1,-1,1951,2,13,-1,-1,-1
2018200324586,1,9,0,18,0,0,0,0,1,0,1,1,6,1,48,8,2171,1,15,1,1,1
2018200324586,2,9,0,18,0,0,0,0,0,0,2,1,6,1,39,7,1910,2,15,-1,-1,-1
2018200324594,1,9,0,4,0,0,0,0,0,0,1,1,6,1,-1,-1,1386,1,12,2,1,2
2018200324594,2,9,0,3,0,0,0,0,0,0,2,1,6,1,57,9,4172,1,23,-1,-1,-1
2018200324610,1,9,0,18,0,8,0,10,1,11,1,1,6,1,18,4,1598,2,8,6,1,6
2018200324610,2,9,0,7,0,5,0,0,0,0,4,1,6,1,31,6,2497,1,11,1,1,1
2018200324663,1,9,0,17,0,0,0,0,0,0,1,1,1,1,30,6,1229,1,12,2,1,2
2018200324663,2,9,0,18,0,0,0,0,0,0,1,1,6,1,33,6,1461,2,9,1,1,1
2018200324678,1,9,0,4,0,1,0,0,0,0,1,1,6,1,27,6,1364,2,10,1,1,1
2018200324691,1,9,0,18,0,1,0,0,0,0,4,1,6,1,80,11,1797,8,4,2,1,2
2018200324717,1,9,0,18,0,8,0,0,0,0,1,1,6,1,35,6,1984,1,21,3,1,3
2018200324717,2,8,0,3,0,1,0,0,0,0,1,1,1,1,52,8,2664,2,17,1,1,1
2018200324717,3,21,0,3,0,8,0,0,0,0,2,1,1,1,51,8,12777,2,2,4,1,4
2018200324727,1,9,0,3,0,0,0,0,0,0,2,1,2,1,52,8,1499,2,4,9,1,9
2018200324727,2,9,0,18,0,0,0,0,0,0,1,1,6,2,34,6,1598,2,6,3,1,3
2018200324778,1,9,0,18,0,1,0,0,0,0,1,1,6,1,26,6,1596,1,14,1,1,1
2018200324789,1,9,0,18,0,8,0,0,0,0,1,1,6,1,20,4,1598,2,5,6,1,6
2018200324789,2,9,0,18,0,8,0,0,0,0,1,1,6,3,-1,-1,1796,1,12,-1,-1,-1
2018200324823,1,9,0,9,0,6,0,0,0,0,1,1,6,3,29,6,1560,2,13,1,1,1
2018200324823,2,3,0,18,0,8,0,0,0,0,1,1,6,1,25,5,124,1,3,5,1,5
2018200324827,1,9,0,18,0,8,0,10,0,0,1,1,6,3,-1,-1,1896,2,10,-1,-1,-1
2018200324827,2,9,0,7,0,4,0,0,0,0,3,1,1,1,36,7,1968,2,4,1,1,1
2018200324831,1,9,0,18,0,2,5,4,0,0,1,1,6,2,55,8,1248,2,5,1,1,1
2018200324831,2,9,0,18,0,1,0,0,0,0,1,1,1,1,40,7,-1,-1,-1,6,1,6
2018200324831,3,9,0,2,0,1,0,0,0,0,3,1,6,2,36,7,1968,2,13,2,1,2
2018200324833,1,9,0,18,0,1,0,0,0,0,0,1,6,2,-1,-1,2776,2,11,-1,-1,-1
2018200324833,2,9,0,18,0,1,0,0,0,0,0,1,6,1,26,6,999,1,15,4,1,4
2018200324838,1,9,0,11,0,0,1,0,0,0,1,1,6,2,44,7,1329,1,8,1,1,1
2018200324838,2,9,0,11,0,0,0,10,1,10,2,1,1,1,59,9,1968,2,10,5,1,5
2018200324865,1,9,0,18,0,2,0,0,0,0,1,1,1,1,23,5,1984,1,-1,-1,3,-1
2018200324873,1,9,0,18,0,8,0,0,0,0,0,1,6,1,54,8,2987,2,2,1,1,1
2018200324873,2,9,0,5,0,8,0,0,0,0,0,1,6,2,33,6,1197,1,2,4,1,4
2018200324873,3,9,0,5,0,8,0,0,0,0,0,1,6,1,63,9,1364,1,1,4,1,4
2018200324896,1,9,0,18,0,8,0,0,0,0,4,1,6,3,-1,-1,-1,-1,-1,-1,-1,-1
2018200324896,2,1,0,5,0,8,0,0,0,0,1,1,6,1,25,5,-1,-1,-1,1,1,1
2018200324961,1,9,0,13,0,2,0,0,0,0,0,1,6,3,-1,-1,1798,8,6,-1,-1,-1
2018200324961,2,9,0,18,0,2,0,10,1,11,1,1,6,1,33,6,1968,2,11,3,1,3
2018200324966,1,9,0,18,0,8,0,0,0,0,4,1,2,1,49,8,1968,2,6,2,1,2
2018200324966,2,9,0,18,0,8,0,0,0,0,3,1,6,2,-1,-1,1995,2,2,-1,-1,-1
2018200324972,1,9,0,18,0,3,0,0,0,0,1,1,6,2,-1,-1,1229,1,8,3,1,3
2018200324972,2,9,0,18,0,3,0,0,0,0,2,1,6,1,52,8,2148,2,10,3,1,3
2018200325010,1,9,0,6,0,8,0,0,0,0,1,1,6,1,-1,-1,1598,1,14,4,1,4
2018200325010,2,9,0,18,0,8,0,0,0,0,4,1,6,1,44,7,1796,1,10,2,1,2
2018200325069,1,9,0,18,0,0,0,0,0,0,1,1,1,1,-1,-1,1910,2,10,2,1,2
2018200325069,2,9,0,18,0,0,0,0,0,0,1,1,6,3,-1,-1,-1,-1,-1,-1,-1,-1
2018200325097,1,9,0,9,0,5,0,0,0,0,1,1,6,3,-1,-1,-1,-1,-1,-1,-1,-1
2018200325097,2,9,0,9,0,8,0,0,0,0,2,1,6,2,32,6,1399,1,1,1,1,1
2018200325137,1,9,0,1,0,6,0,0,0,0,4,1,6,1,63,9,1995,2,12,6,1,6
2018200325137,2,1,0,18,0,8,5,0,0,0,2,1,1,1,38,7,-1,-1,-1,10,3,10
2018200325141,1,9,0,18,0,0,0,0,0,0,4,1,2,1,52,8,1590,1,13,1,1,1
2018200325152,1,9,0,14,0,0,0,0,0,0,1,1,6,2,42,7,1248,2,9,2,1,2
2018200325152,2,9,0,3,0,0,0,0,0,0,0,1,3,1,44,7,1998,2,11,1,1,1
2018200325197,1,9,0,18,0,0,0,0,0,0,2,1,6,2,56,9,1598,1,11,9,1,9
2018200325197,2,9,0,18,0,0,0,0,0,0,1,1,6,3,-1,-1,1999,1,1,-1,-1,-1
2018200325213,1,9,0,18,0,3,0,0,0,0,1,1,6,1,-1,-1,1598,1,14,-1,-1,-1
2018200325213,2,9,0,18,0,3,0,0,0,0,2,1,6,2,30,6,1242,1,-1,6,1,6
2018200325267,1,9,0,1,0,6,0,0,0,0,2,1,6,2,47,8,1364,1,2,5,1,5
2018200325285,1,9,0,18,0,1,0,0,0,0,1,1,1,1,29,6,1560,2,12,1,1,1
2018200325285,2,9,0,18,0,1,0,0,0,0,1,1,1,1,26,6,1461,2,1,1,1,1
2018200325285,3,9,0,18,0,2,0,0,0,0,1,1,1,2,61,9,1560,2,7,5,1,5
2018200325303,1,9,0,4,0,1,0,0,0,0,1,1,6,1,-1,-1,2184,2,9,-1,-1,-1
2018200325303,2,98,0,18,0,1,0,0,0,0,2,1,6,1,44,7,-1,-1,-1,7,1,7
2018200325308,1,9,0,13,0,0,0,10,7,0,1,1,6,1,28,6,1360,1,11,1,1,1
2018200325308,2,9,0,18,0,0,0,0,0,0,1,1,6,1,33,6,1968,2,11,5,1,5
2018200325309,1,9,0,11,0,0,0,0,0,0,2,1,6,2,38,7,1995,2,6,7,2,7
2018200325309,2,9,0,18,0,0,0,0,0,0,1,1,6,3,-1,-1,1968,2,12,-1,-1,-1
2018200325333,1,9,0,18,0,8,0,0,0,0,3,1,6,3,-1,-1,1998,2,13,-1,-1,-1
2018200325333,2,9,0,18,0,8,0,7,4,0,1,1,2,1,52,8,1461,2,1,6,1,6
2018200325364,1,9,0,18,0,0,0,0,0,0,4,1,6,3,38,7,1597,2,3,5,1,5
2018200325384,1,5,0,11,0,4,0,0,0,0,1,1,6,1,42,7,636,1,16,2,1,2
2018200325384,2,9,0,12,0,4,0,0,0,0,3,1,6,2,23,5,1995,2,3,1,1,1
2018200325386,1,9,0,9,9,5,0,10,1,4,1,1,6,1,20,4,1596,1,1,4,1,4
2018200325390,1,9,0,13,0,0,1,10,1,11,1,1,6,1,30,6,2324,1,16,1,1,1
2018200325396,1,9,0,18,0,0,0,0,0,0,4,1,6,1,44,7,1497,1,12,4,1,4
2018200325444,1,9,0,18,0,2,0,0,0,0,1,1,6,1,77,11,1769,1,15,-1,-1,-1
2018200325444,2,9,0,18,0,1,0,0,0,0,1,1,6,1,41,7,1248,1,3,3,1,3
2018200325463,1,19,0,18,0,0,0,4,0,0,1,1,6,1,35,6,2143,2,5,1,1,1
2018200325463,2,9,0,2,0,0,0,0,0,0,2,1,6,1,40,7,2993,2,8,2,1,2
2018200325471,1,9,0,12,0,0,0,0,0,0,3,1,6,2,50,8,999,1,5,-1,-1,-1
2018200325471,2,9,0,18,0,0,0,7,0,0,0,1,6,2,30,6,1968,2,10,2,1,2
2018200325475,1,9,0,15,0,1,2,10,1,4,1,1,6,1,20,4,1590,1,14,5,1,5
2018200325475,2,9,0,18,0,1,0,0,0,0,4,1,6,1,23,5,3000,2,10,4,1,4
2018200325475,3,9,0,10,0,1,0,0,0,0,4,1,6,2,55,8,1329,1,8,1,1,1
2018200325481,1,9,0,7,0,3,0,0,0,0,1,1,1,1,42,7,1968,2,-1,6,1,6
2018200325481,2,1,0,18,0,2,0,0,0,0,1,1,5,1,39,7,-1,-1,-1,1,1,1
2018200325499,1,9,0,18,0,8,0,0,0,0,1,1,6,1,41,7,1796,1,15,1,1,1
2018200325499,2,9,0,18,0,8,5,7,0,0,4,1,6,1,43,7,1598,2,7,1,1,1
2018200325524,1,9,0,9,0,6,0,0,0,0,0,1,6,2,33,6,1598,1,15,1,1,1
2018200325524,2,9,0,18,0,8,0,7,1,7,1,1,6,1,40,7,1587,1,11,7,1,7
2018200325529,1,9,0,9,0,5,0,0,0,0,4,1,1,2,33,6,1753,2,11,8,1,8
2018200325529,2,9,0,18,0,8,0,0,0,0,1,1,2,1,35,6,1783,1,15,1,1,1
2018200325536,1,9,0,13,0,8,0,0,0,0,4,1,6,3,-1,-1,1895,1,18,-1,-1,-1
2018200325536,2,1,0,18,0,8,0,0,0,0,3,1,6,1,40,7,-1,-1,-1,7,1,7
2018200325539,1,9,0,9,0,5,0,0,0,0,1,1,6,1,-1,-1,1995,2,13,-1,-1,-1
2018200325539,2,9,0,18,0,8,0,0,0,0,1,1,6,2,23,5,1560,2,6,3,1,3
2018200325542,1,9,0,18,0,8,0,0,0,0,2,1,6,3,-1,-1,-1,-1,-1,-1,-1,-1
2018200325542,2,3,0,12,0,8,1,0,0,0,1,1,6,1,31,6,125,1,5,2,1,2
2018200325551,1,19,0,7,0,5,0,10,1,2,1,1,1,1,33,6,2151,2,17,3,1,3
2018200325563,1,9,0,18,0,8,0,0,0,0,4,1,6,1,43,7,1598,1,14,1,1,1
2018200325563,2,9,0,5,0,6,0,0,0,0,1,1,6,1,-1,-1,1796,1,17,4,1,4
2018200325576,1,9,0,8,0,1,0,0,0,0,2,1,6,1,51,8,1598,1,10,2,1,2
2018200325576,2,9,0,18,0,1,0,0,0,0,1,1,1,1,22,5,2199,2,9,2,1,2
2018200325605,1,19,0,3,0,0,0,0,0,0,1,1,1,1,51,8,2198,2,12,1,1,1
2018200325605,2,1,0,18,0,0,0,0,0,0,1,1,6,1,37,7,-1,-1,-1,6,1,6
2018200325607,1,9,0,5,0,1,0,0,0,0,1,1,6,2,58,9,1598,1,4,5,1,5
2018200325607,2,3,0,10,0,1,0,0,0,0,2,1,6,1,49,8,125,1,3,1,1,1
2018200325618,1,9,0,18,0,0,0,0,0,0,1,1,6,1,22,5,1598,2,-1,1,1,1
2018200325618,2,1,0,18,0,0,0,0,0,0,1,1,6,2,10,2,-1,-1,-1,1,1,1
2018200325619,1,9,0,14,0,0,0,0,0,0,3,1,6,1,59,9,2179,2,4,8,3,8
2018200325619,2,9,0,18,0,0,0,0,0,0,3,1,6,1,65,9,1299,1,21,5,1,5
2018200325627,1,8,0,1,0,0,0,0,0,0,2,1,6,3,-1,-1,-1,-1,-1,-1,-1,-1
2018200325627,2,1,0,2,0,0,0,0,0,0,1,1,6,1,25,5,-1,-1,-1,1,1,1
2018200325677,1,9,0,9,0,5,0,0,0,0,4,1,6,1,33,6,1360,1,11,2,1,2
2018200325677,2,9,0,18,0,8,0,0,0,0,1,1,6,2,26,6,999,1,6,5,1,5
2018200325695,1,9,0,18,0,1,0,0,0,0,1,1,6,2,-1,-1,-1,-1,-1,-1,-1,-1
2018200325695,2,9,0,3,0,1,0,0,0,0,2,1,6,1,40,7,1598,1,8,1,1,1
2018200325708,1,9,0,4,0,0,0,0,0,0,2,1,6,1,30,6,1686,2,12,1,1,1
2018200325708,2,9,0,18,0,0,0,0,0,0,1,1,6,2,34,6,1587,1,12,-1,-1,-1
2018200325715,1,9,0,5,0,0,0,0,0,0,1,1,6,1,-1,-1,2336,1,15,1,1,1
2018200325715,2,9,0,3,0,0,0,0,0,0,2,1,6,1,51,8,-1,-1,-1,7,1,7
2018200325724,1,9,0,4,0,1,0,0,0,0,1,1,6,1,45,7,1124,1,15,1,1,1
2018200325724,2,9,0,3,0,1,0,0,0,0,2,1,6,1,64,9,1198,1,3,6,1,6
2018200325724,3,9,0,3,0,1,0,0,0,0,1,1,6,2,24,5,1388,1,6,8,1,8
2018200325724,4,9,0,10,0,1,0,0,0,0,2,1,6,2,31,6,1984,1,3,8,1,8
2018200325749,1,3,0,18,0,8,0,0,0,0,1,1,6,1,-1,-1,124,1,17,-1,-1,-1
2018200325749,2,19,0,9,0,6,0,0,0,0,3,1,6,2,59,9,-1,-1,-1,1,1,1
2018200325761,1,9,0,18,0,0,5,0,8,0,3,1,6,1,68,10,1995,2,3,7,1,7
2018200325772,1,11,0,7,0,0,0,0,0,0,4,1,6,1,57,9,6700,2,2,1,1,1
2018200325844,1,9,0,18,0,4,0,0,0,0,1,1,6,1,49,8,2143,2,4,1,1,1
2018200325844,2,9,0,9,0,3,0,0,0,0,4,1,6,2,59,9,1596,1,12,1,1,1
2018200325845,1,9,0,5,0,0,0,0,0,0,1,1,1,2,50,8,1968,2,5,5,1,5
2018200325845,2,9,0,3,0,0,0,0,0,0,2,1,1,1,49,8,1995,2,3,10,1,10
2018200325848,1,9,0,18,0,1,0,0,0,0,1,1,6,2,30,6,1360,1,13,-1,-1,-1
2018200325848,2,9,0,10,0,1,0,0,0,0,2,1,6,2,27,6,1149,1,11,2,1,2
2018200325850,1,9,0,3,0,1,0,0,0,0,2,1,6,1,21,5,1329,1,7,5,1,5
2018200325850,2,9,0,18,0,1,0,0,0,0,1,1,6,1,23,5,1368,1,9,8,1,8
2018200325850,3,9,0,3,0,1,0,0,0,0,2,1,6,2,-1,-1,998,1,10,2,1,2
2018200325883,1,9,0,13,0,0,0,0,0,0,1,1,6,1,-1,-1,-1,-1,-1,-1,-1,-1
2018200325883,2,1,0,18,0,0,0,0,0,0,2,1,6,1,42,7,-1,-1,-1,2,1,2
2018200325884,1,9,0,18,0,1,0,0,0,0,2,1,6,1,-1,-1,1587,1,16,1,1,1
2018200325884,2,9,0,4,0,1,0,0,0,0,2,1,6,2,17,4,1240,1,14,5,1,5
2018200325884,3,9,0,10,0,1,0,0,0,0,2,1,6,1,29,6,1968,2,4,4,1,4
2018200325902,1,9,0,18,0,1,0,0,0,0,1,1,6,1,-1,-1,-1,-1,-1,-1,-1,-1
2018200325938,1,9,0,18,0,6,0,0,0,0,1,1,6,2,36,7,1595,1,16,4,1,4
2018200325938,2,19,0,18,0,8,0,0,0,0,3,1,1,1,49,8,1248,2,2,9,1,9
2018200325946,1,9,0,18,0,0,1,7,1,0,3,1,6,2,36,7,1798,1,14,7,1,7