Accident_Index,Vehicle_Reference,Vehicle_Type,Towing_and_Articulation,Vehicle_Manoeuvre,Vehicle_Location-Restricted_Lane,Junction_Location,Skidding_and_Overturning,Hit_Object_in_Carriageway,Vehicle_Leaving_Carriageway,Hit_Object_off_Carriageway,1st_Point_of_Impact,Was_Vehicle_Left_Hand_Drive?,Journey_Purpose_of_Driver,Sex_of_Driver,Age_of_Driver,Age_Band_of_Driver,Engine_Capacity_(CC),Propulsion_Code,Age_of_Vehicle,Driver_IMD_Decile,Driver_Home_Area_Type,Vehicle_IMD_Decile
2018200325949,1,9,0,18,0,3,0,0,0,0,3,1,6,1,30,6,-1,-1,-1,-1,-1,-1
2018200325949,2,9,0,9,0,3,0,0,0,0,4,1,6,1,28,6,1968,2,1,4,1,4
2018200325962,1,21,0,4,0,8,0,0,0,0,1,1,1,1,72,10,6692,2,10,6,3,6
2018200325962,2,9,0,4,0,5,0,0,0,0,2,1,2,2,43,7,1968,2,5,5,1,5
2018200325971,1,9,0,5,0,6,0,0,0,0,1,1,6,1,85,11,1596,1,7,10,1,10
2018200325971,2,9,0,18,0,8,0,0,0,0,4,1,6,1,17,4,1124,1,14,6,1,6
2018200325971,3,9,0,2,0,8,0,0,0,0,4,1,6,2,-1,-1,1997,1,15,8,1,8
2018200325971,4,9,0,2,0,8,0,0,0,0,1,1,6,2,60,9,1388,1,7,7,1,7
2018200325974,1,9,0,18,0,8,0,0,0,0,4,1,6,2,67,10,1388,1,11,9,3,9
2018200325974,2,9,0,9,0,5,0,0,0,0,3,1,6,2,36,7,1995,2,2,10,1,10
2018200326005,1,9,0,5,0,0,0,0,0,0,1,1,6,1,73,10,-1,-1,-1,-1,-1,-1
2018200326012,1,9,0,18,0,1,1,0,0,0,1,1,1,1,74,10,1498,1,11,3,1,3
2018200326012,2,9,0,3,0,1,0,0,0,0,0,1,1,2,44,7,1968,2,6,3,1,3
2018200326012,3,19,0,18,0,1,5,0,0,0,1,1,1,1,33,6,2198,2,4,5,1,5
2018200326016,1,9,0,5,0,4,0,0,0,0,1,1,1,1,42,7,1461,2,2,2,1,2
2018200326016,2,1,0,18,0,8,0,0,0,0,1,1,1,1,43,7,-1,-1,-1,2,1,2
2018200326041,1,9,0,18,0,0,0,0,0,0,1,1,6,2,35,6,1360,1,11,4,1,4
2018200326046,1,9,0,9,0,5,0,0,0,0,1,1,6,1,-1,-1,-1,-1,-1,-1,-1,-1
2018200326046,2,1,0,18,0,8,0,0,0,0,3,1,6,1,47,8,-1,-1,-1,4,1,4
2018200326074,1,9,0,18,0,8,0,0,0,0,1,1,6,2,23,5,1968,2,6,3,1,3
2018200326074,2,9,0,18,0,8,5,0,0,0,3,1,6,2,40,7,1149,1,13,6,1,6
2018200326104,1,9,0,18,0,6,0,0,0,0,1,1,6,2,18,4,1000,1,5,4,1,4
2018200326104,2,9,0,18,0,8,0,0,0,0,1,1,6,1,56,9,1998,2,15,3,1,3
2018200326106,1,9,0,18,0,1,0,10,1,0,2,1,6,2,64,9,1598,1,11,6,1,6
2018200326106,2,9,0,5,0,1,0,7,2,0,1,1,6,3,-1,-1,-1,-1,-1,-1,-1,-1
2018200326129,1,9,0,9,0,6,0,0,0,0,1,1,6,2,40,7,2143,2,3,6,1,6
2018200326129,2,9,0,18,0,8,0,0,0,0,4,1,1,1,42,7,1791,8,6,1,1,1
2018200326150,1,9,0,13,0,8,1,0,0,0,4,1,6,1,31,6,1896,2,13,2,1,2
2018200326150,2,9,0,9,0,5,1,0,0,0,3,1,6,1,31,6,999,1,3,5,1,5
2018200326180,1,9,0,7,0,6,2,10,1,0,1,1,6,1,19,4,1229,1,5,8,1,8
2018200326180,2,9,0,18,0,2,0,0,0,0,2,1,2,1,29,6,998,1,5,10,1,10
2018200326224,1,9,0,18,0,0,0,0,0,0,0,1,6,2,-1,-1,1598,1,2,-1,-1,-1
2018200326262,1,9,0,18,0,1,0,0,0,0,4,1,3,1,76,11,1197,1,3,7,1,7
2018200326266,1,9,0,18,0,1,0,0,0,0,1,1,6,1,-1,-1,-1,-1,-1,-1,-1,-1
2018200326266,2,9,0,10,0,1,0,0,0,0,2,1,6,2,37,7,1596,1,8,5,1,5
2018200326306,1,9,0,5,0,1,0,0,0,0,1,1,6,1,-1,-1,1590,1,14,-1,-1,-1
2018200326306,2,9,0,3,0,1,0,0,0,0,2,1,6,2,50,8,1499,2,1,1,1,1
2018200326308,1,8,0,5,0,0,0,0,0,0,3,1,1,1,-1,-1,1598,2,8,-1,-1,-1
2018200326309,1,19,0,18,0,6,0,0,0,0,2,1,6,1,-1,-1,2148,2,12,5,1,5
2018200326309,2,9,0,18,0,8,0,0,0,0,1,1,6,1,21,5,1390,1,9,2,1,2
2018200326329,1,9,0,18,9,0,0,0,0,0,1,1,6,3,-1,-1,-1,-1,-1,-1,-1,-1
2018200326341,1,9,0,18,0,6,0,10,7,1,3,1,6,1,24,5,1329,1,1,5,1,5
2018200326341,2,9,0,18,0,8,0,0,0,0,1,1,6,1,24,5,1956,2,8,3,1,3
2018200326345,1,9,0,8,0,1,0,0,0,0,2,1,6,2,29,6,2143,2,3,1,1,1
2018200326345,2,9,0,18,0,1,0,0,0,0,1,1,6,1,-1,-1,1395,1,3,2,1,2
2018200326351,1,9,0,18,0,8,0,0,0,0,3,1,6,2,27,6,-1,-1,-1,1,1,1
2018200326351,2,9,0,9,0,8,0,0,0,0,1,1,1,1,42,7,1686,2,11,1,1,1
2018200326365,1,5,0,5,0,8,0,0,0,0,1,1,6,2,32,6,-1,-1,-1,2,1,2
2018200326365,2,9,0,5,0,8,0,0,0,0,1,1,6,2,48,8,1197,1,7,4,1,4
2018200326366,1,9,0,9,0,6,0,0,0,0,3,1,6,1,-1,-1,3222,2,13,-1,-1,-1
2018200326366,2,9,0,18,0,8,0,0,0,0,3,1,6,2,46,8,2967,2,2,9,3,9
2018200326369,1,9,0,1,0,0,0,4,0,0,3,1,6,1,22,5,1399,2,14,1,1,1
2018200326369,2,9,0,2,0,0,0,0,0,0,3,1,6,3,-1,-1,-1,-1,-1,-1,-1,-1
2018200326375,1,9,0,18,0,2,0,0,0,0,1,1,1,2,42,7,1984,1,7,7,1,7
2018200326376,1,8,0,5,0,6,0,0,0,0,1,1,1,1,41,7,2143,2,7,1,1,1
2018200326376,2,9,0,18,0,8,0,0,0,0,4,1,6,1,23,5,1242,1,6,2,1,2
2018200326391,1,9,0,18,0,1,0,0,0,0,1,1,6,1,-1,-1,-1,-1,-1,-1,-1,-1
2018200326391,2,9,0,3,0,1,0,0,0,0,2,1,6,2,17,4,1198,1,5,8,1,8
2018200326400,1,9,0,18,0,0,0,0,0,0,1,1,6,2,-1,-1,1600,2,9,-1,-1,-1
2018200326400,2,9,0,4,0,0,0,0,0,0,1,1,6,2,31,6,1968,2,12,1,1,1
2018200326401,1,9,0,5,0,0,0,0,0,0,1,1,6,3,-1,-1,1598,1,14,-1,-1,-1
2018200326401,2,9,0,3,0,0,0,0,0,0,2,1,6,1,57,9,1461,2,4,2,1,2
2018200326413,1,9,0,18,0,0,0,0,0,0,1,1,6,3,28,6,1461,2,-1,1,1,1
2018200326457,1,9,0,18,0,1,0,0,0,0,1,1,6,2,37,7,1199,2,5,4,1,4
2018200326457,2,9,0,5,0,1,0,0,0,0,2,1,6,2,30,6,1560,2,5,8,1,8
2018200326470,1,9,0,18,0,8,0,0,0,0,1,1,6,1,-1,-1,-1,-1,-1,-1,-1,-1
2018200326470,2,9,0,18,0,8,0,10,7,1,4,1,2,2,57,9,1388,1,10,3,1,3
2018200326479,1,9,0,13,0,2,1,10,2,2,1,1,6,1,37,7,1968,2,8,7,3,7
2018200326516,1,9,0,18,0,0,0,0,0,0,1,1,6,3,-1,-1,-1,-1,-1,-1,-1,-1
2018200326516,2,9,0,3,0,0,0,0,0,0,2,1,6,1,72,10,1560,2,8,8,1,8
2018200326525,1,5,0,18,0,1,0,0,0,0,1,1,6,1,53,8,998,1,8,10,2,10
2018200326525,2,9,0,4,0,1,0,0,0,0,2,1,6,1,34,6,1398,2,7,2,1,2
2018200326539,1,11,0,2,2,0,0,0,0,0,3,1,1,1,59,9,6696,2,5,5,1,5
2018200326539,2,9,0,14,0,0,0,0,0,0,3,1,2,2,22,5,1242,1,4,3,1,3
2018200326539,3,9,0,14,0,0,0,4,0,0,4,1,2,2,20,4,1229,1,5,1,1,1
2018200326539,4,9,0,2,0,0,0,0,0,0,3,1,1,1,66,10,1242,1,5,1,1,1
2018200326581,1,9,0,7,0,6,0,0,0,0,3,1,6,2,-1,-1,-1,-1,-1,-1,-1,-1
2018200326613,1,9,0,16,0,0,0,8,0,0,3,1,5,2,33,6,1360,1,15,3,1,3
2018200326613,2,9,0,2,0,0,0,0,0,0,0,1,5,1,47,8,999,1,4,2,1,2
2018200326619,1,1,0,18,0,0,0,0,0,0,3,1,6,3,-1,-1,-1,-1,-1,-1,-1,-1
2018200326619,2,9,0,13,0,0,0,0,0,0,4,1,1,2,49,8,-1,-1,-1,5,1,5
2018200326624,1,9,0,5,0,1,0,0,0,0,1,1,6,1,41,7,-1,-1,-1,2,1,2
2018200326624,2,9,0,5,0,1,0,0,0,0,2,1,6,2,55,8,2967,2,9,6,3,6
2018200326625,1,98,0,18,0,1,0,0,0,0,3,1,6,3,-1,-1,-1,-1,-1,-1,-1,-1
2018200326625,2,1,0,18,0,1,0,0,0,0,2,1,2,2,46,8,-1,-1,-1,1,1,1
2018200326630,1,1,0,18,0,1,0,0,0,0,3,1,6,1,25,5,-1,-1,-1,1,1,1
2018200326630,2,9,0,7,0,2,0,0,0,0,1,1,6,3,-1,-1,-1,-1,-1,-1,-1,-1
2018200326636,1,9,0,7,0,5,0,0,0,0,1,1,6,3,30,6,-1,-1,-1,-1,-1,-1
2018200326640,1,9,0,5,0,7,0,0,0,0,4,1,6,2,63,9,1086,1,12,3,1,3
2018200326640,2,9,0,11,0,8,0,0,0,0,1,1,6,1,25,5,-1,-1,-1,1,1,1
2018200326650,1,9,0,18,0,0,0,10,1,1,1,1,3,1,62,9,1364,1,1,2,1,2
2018200326661,1,8,0,3,0,0,0,0,0,0,2,1,1,1,-1,-1,-1,-1,-1,-1,-1,-1
2018200326661,2,9,0,18,0,0,0,0,0,0,1,1,6,3,-1,-1,1400,1,13,-1,-1,-1
2018200326665,1,9,0,17,0,3,0,0,0,0,0,1,1,1,63,9,1329,1,2,10,1,10
2018200326665,2,23,0,7,0,3,0,0,0,0,3,1,2,1,39,7,-1,-1,-1,4,1,4
2018200326672,1,9,0,9,0,2,0,0,0,0,1,1,6,1,-1,-1,-1,-1,-1,-1,-1,-1
2018200326672,2,9,0,3,0,2,0,0,0,0,2,1,6,1,68,10,1896,2,21,3,1,3
2018200326677,1,9,0,18,0,0,0,0,0,0,1,1,6,1,-1,-1,-1,-1,-1,-1,-1,-1
2018200326677,2,9,0,6,0,0,0,0,0,0,2,1,6,2,23,5,1390,1,9,9,2,9
2018200326679,1,9,0,9,0,8,0,0,0,0,1,1,6,1,58,9,1360,1,18,3,1,3
2018200326679,2,9,0,18,0,8,0,0,0,0,3,1,6,1,35,6,1499,7,12,3,1,3
2018200326681,1,9,0,18,0,0,0,0,0,0,1,1,6,1,33,6,1781,2,15,2,1,2
2018200326695,1,9,0,18,0,1,0,0,0,0,1,1,6,2,-1,-1,-1,-1,-1,-1,-1,-1
2018200326695,2,9,0,3,0,1,0,0,0,0,2,1,6,1,50,8,1794,1,10,2,1,2
2018200326706,1,21,0,18,0,0,0,0,0,0,1,1,1,1,51,8,12900,2,8,8,-1,8
2018200326706,2,9,0,4,0,0,0,0,0,0,2,1,1,1,58,9,2149,2,11,4,1,4
2018200326718,1,9,0,7,0,6,0,0,0,0,4,1,6,1,29,6,1995,2,13,1,1,1
2018200326718,2,9,0,9,0,5,0,0,0,0,1,1,6,1,23,5,1398,1,1,5,1,5
2018200326718,3,9,0,18,0,8,0,0,0,0,1,1,6,1,19,4,1997,2,8,1,1,1
2018200326746,1,9,0,18,0,2,0,0,0,0,1,1,2,1,31,6,1390,1,7,3,1,3
2018200326752,1,9,0,18,0,2,0,0,0,0,2,1,6,3,-1,-1,-1,-1,-1,-1,-1,-1
2018200326762,1,9,0,17,0,0,1,0,1,10,1,1,6,3,-1,-1,1781,1,13,-1,-1,-1
2018200326762,2,98,0,16,0,0,0,0,0,0,1,1,6,3,-1,-1,-1,-1,-1,-1,-1,-1
2018200326768,1,19,0,10,0,8,0,0,0,0,2,1,6,2,39,7,2461,2,15,8,1,8
2018200326768,2,9,0,18,0,8,0,0,0,0,1,1,6,1,-1,-1,5998,1,7,-1,-1,-1
2018200326785,1,9,0,18,0,2,0,0,0,0,1,1,6,1,27,6,1598,2,7,5,1,5
2018200326785,2,9,0,7,0,6,0,0,0,0,2,1,6,1,21,5,1598,2,4,2,1,2
2018200326793,1,9,0,18,0,1,0,0,0,0,1,1,6,1,-1,-1,1596,1,14,2,1,2
2018200326793,2,9,0,3,0,1,0,0,0,0,2,1,6,1,38,7,1796,1,4,8,1,8
2018200326800,1,9,0,7,0,6,0,0,0,0,3,1,6,1,-1,-1,1995,2,12,-1,-1,-1
2018200326800,2,9,0,18,0,1,0,0,0,0,3,1,6,1,-1,-1,1390,1,9,5,1,5
2018200326804,1,9,0,7,0,5,0,4,0,0,1,1,6,3,-1,-1,-1,-1,-1,-1,-1,-1
2018200326804,2,9,0,2,0,2,0,0,0,0,2,1,1,1,44,7,2720,2,10,1,-1,1
2018200326828,1,9,0,5,0,6,0,0,0,0,1,1,6,2,32,6,-1,-1,-1,1,1,1
2018200326828,2,9,0,5,0,8,0,0,0,0,3,1,6,1,32,6,1968,2,11,4,1,4
2018200326843,1,9,0,17,0,0,0,4,0,0,1,1,6,1,-1,-1,1197,1,4,-1,-1,-1
2018200326843,2,9,0,2,0,0,0,0,0,0,1,1,6,3,-1,-1,1997,1,8,-1,-1,-1
2018200326847,1,9,0,16,0,0,0,0,0,0,1,1,6,1,-1,-1,1596,1,2,-1,-1,-1
2018200326847,2,9,0,14,0,0,0,0,0,0,1,1,6,2,30,6,1200,1,5,2,1,2
2018200326865,1,98,0,5,0,1,0,0,0,0,3,1,1,1,48,8,-1,-1,-1,-1,-1,-1
2018200326865,2,9,0,11,0,1,0,0,0,0,4,2,6,1,64,9,1798,1,12,8,1,8
2018200326888,1,9,0,9,0,8,0,0,0,0,1,1,6,1,57,9,1560,2,8,1,1,1
2018200326888,2,9,0,18,0,8,0,0,0,0,1,1,6,1,34,6,1956,2,7,2,1,2
2018200326898,1,9,0,18,0,1,0,0,0,0,1,1,6,1,-1,-1,-1,-1,-1,-1,-1,-1
2018200326898,2,9,0,9,0,1,0,0,0,0,2,1,2,2,23,5,1229,1,11,2,1,2
2018200326942,1,9,0,18,0,1,0,0,0,0,4,1,6,3,-1,-1,-1,-1,-1,-1,-1,-1
2018200326948,1,9,0,18,0,6,0,0,0,0,1,1,6,1,18,4,1360,1,12,-1,-1,-1
2018200326948,2,9,0,18,0,8,0,0,0,0,4,1,6,2,29,6,1598,1,10,1,1,1
2018200326949,1,9,0,18,0,8,0,0,0,0,1,1,1,1,58,9,-1,-1,-1,1,1,1
2018200326949,2,9,0,7,0,5,0,10,1,0,4,1,5,2,24,5,1598,1,6,7,3,7
2018200326972,1,9,0,3,0,0,0,0,0,0,2,1,1,1,34,6,1598,1,13,4,1,4
2018200326972,2,9,0,3,0,0,0,0,0,0,0,1,2,2,37,7,1086,1,9,6,1,6
2018200326977,1,9,0,10,0,1,0,0,0,0,3,1,2,2,-1,-1,2231,2,5,3,1,3
2018200326977,2,9,0,18,0,1,0,0,0,0,1,1,6,2,-1,-1,2362,1,15,-1,-1,-1
2018200326979,1,9,0,18,0,8,0,10,1,0,1,1,1,1,60,9,1598,2,4,4,1,4
2018200326979,2,9,0,9,0,8,0,0,0,0,1,1,6,2,29,6,1398,1,6,1,1,1
2018200326987,1,9,0,9,0,8,0,0,0,0,1,1,6,1,32,6,1796,1,6,1,1,1
2018200326987,2,9,0,18,0,8,0,10,1,11,3,1,2,2,28,6,1242,1,16,3,1,3
2018200326988,1,9,0,18,0,1,0,0,0,0,1,1,1,1,29,6,1995,1,10,1,1,1
2018200326988,2,9,0,9,0,5,0,0,0,0,1,1,6,2,39,7,1490,1,9,2,1,2
2018200326990,1,1,0,18,0,8,2,0,0,0,1,1,6,1,-1,-1,-1,-1,-1,-1,-1,-1
2018200326990,2,9,0,7,0,6,2,0,0,0,1,1,2,2,33,6,1461,2,6,2,1,2
2018200327001,1,9,0,18,0,1,0,10,1,4,1,1,6,1,18,4,1390,1,12,6,1,6
2018200327017,1,9,0,9,0,5,0,0,0,0,4,1,1,1,36,7,-1,-1,-1,7,1,7
2018200327017,2,9,0,18,0,8,0,0,0,0,1,1,1,2,51,8,998,1,3,4,1,4
2018200327033,1,9,0,13,0,0,0,0,0,0,1,1,6,1,54,8,1799,1,12,7,1,7
2018200327033,2,9,0,18,0,0,0,10,1,0,1,1,6,2,52,8,1598,2,8,6,1,6
2018200327033,3,9,0,18,0,0,0,0,0,0,1,1,2,2,36,7,1995,2,5,2,1,2
2018200327033,4,9,0,18,0,0,0,0,0,0,3,1,3,2,36,7,1598,1,12,1,1,1
2018200327039,1,9,0,9,0,6,0,0,0,0,3,1,6,1,19,4,1598,2,3,1,1,1
2018200327039,2,9,0,18,0,8,0,0,0,0,1,1,2,1,22,5,1796,1,15,2,1,2
2018200327044,1,9,0,18,0,1,0,4,0,0,1,1,6,1,18,4,998,1,7,2,1,2
2018200327044,2,9,0,2,9,1,0,0,0,0,2,1,5,2,34,6,1395,1,1,8,1,8
2018200327044,3,9,0,2,9,1,0,0,0,0,1,1,5,2,46,8,1991,8,2,8,1,8
2018200327082,1,19,0,18,0,1,0,0,0,0,2,1,1,1,20,4,1598,2,1,1,1,1
2018200327082,2,9,0,3,0,1,0,0,0,0,2,1,6,1,25,5,1296,1,10,1,1,1
2018200327091,1,9,0,18,0,0,5,4,0,0,4,1,6,1,33,6,1360,1,11,6,1,6
2018200327091,2,9,0,2,0,0,0,0,0,0,4,1,6,3,-1,-1,1198,1,4,-1,-1,-1
2018200327091,3,9,0,2,0,0,0,0,0,0,4,1,6,3,-1,-1,1229,1,10,-1,-1,-1
2018200327091,4,9,0,2,0,0,0,0,0,0,3,1,6,3,-1,-1,1242,1,8,-1,-1,-1
2018200327103,1,9,0,2,0,0,0,0,0,0,3,1,1,1,56,9,-1,-1,-1,2,1,2
2018200327103,2,1,0,14,0,0,0,8,0,0,1,1,6,1,40,7,-1,-1,-1,5,1,5
2018200327105,1,9,0,9,0,1,0,4,0,0,1,1,6,1,23,5,1197,1,1,4,1,4
2018200327105,2,9,0,2,0,1,0,0,0,0,3,1,6,1,67,10,1332,1,-1,5,1,5
2018200327105,3,9,0,2,0,1,0,0,0,0,3,1,2,2,32,6,1360,1,8,5,1,5
2018200327105,4,9,0,18,0,1,0,0,0,0,0,1,1,1,-1,-1,1598,2,-1,-1,-1,-1
2018200327116,1,9,0,7,0,4,0,0,0,0,4,1,6,2,64,9,1149,1,9,6,1,6
2018200327116,2,1,0,18,0,4,0,0,0,0,1,1,6,1,48,8,-1,-1,-1,1,1,1
2018200327123,1,9,0,18,0,1,0,8,0,0,3,1,6,1,-1,-1,-1,-1,-1,-1,-1,-1
2018200327123,2,9,0,2,0,1,0,0,0,0,0,1,1,1,21,5,2776,2,11,2,1,2
2018200327124,1,9,0,18,0,1,0,0,0,0,1,1,6,1,38,7,-1,-1,-1,2,1,2
2018200327124,2,9,0,3,0,1,0,0,0,0,2,1,6,1,75,10,1794,1,13,5,1,5
2018200327136,1,9,0,18,0,8,0,0,0,0,1,1,6,2,25,5,1395,1,1,7,1,7
2018200327136,2,9,0,7,0,6,0,0,0,0,1,1,6,1,19,4,1199,1,15,1,1,1
2018200327174,1,9,0,4,0,0,0,0,0,0,1,1,6,1,23,5,1968,2,4,4,1,4
2018200327174,2,22,0,18,0,0,0,0,0,0,1,1,6,1,64,9,-1,-1,-1,2,1,2
2018200327180,1,19,0,14,0,0,0,4,0,0,1,1,1,1,19,4,1598,2,3,10,1,10
2018200327180,2,98,0,2,0,0,0,0,0,0,4,1,6,3,-1,-1,-1,-1,-1,-1,-1,-1
2018200327190,1,19,0,18,0,0,0,0,0,0,1,1,6,1,33,6,2198,2,10,8,1,8
2018200327190,2,1,0,18,0,0,0,0,0,0,1,1,6,1,74,10,-1,-1,-1,-1,-1,-1
2018200327194,1,9,0,5,0,6,0,0,0,0,1,1,3,1,49,8,1896,2,12,3,1,3
2018200327194,2,1,0,18,4,8,0,0,0,0,3,1,6,1,32,6,-1,-1,-1,2,1,2
2018200327196,1,9,0,5,0,6,0,0,0,0,1,1,6,1,-1,-1,1390,1,15,-1,-1,-1
2018200327196,2,9,0,10,0,8,0,0,0,0,3,1,6,2,42,7,1968,2,11,2,1,2
2018200327203,1,9,0,5,0,1,0,0,0,0,3,1,6,2,28,6,1598,2,1,3,1,3
2018200327232,1,9,0,12,0,3,0,0,0,0,0,1,1,1,41,7,1968,2,8,1,-1,1
2018200327232,2,5,0,18,0,3,1,10,4,10,1,1,6,1,42,7,599,1,23,3,1,3
2018200327237,1,9,0,9,0,5,0,0,0,0,3,1,6,2,37,7,1900,2,12,2,1,2
2018200327237,2,9,0,18,0,8,0,0,0,0,1,1,6,1,18,4,-1,-1,-1,3,1,3
2018200327244,1,9,0,16,0,2,0,0,0,0,1,1,2,2,58,9,1242,1,4,8,1,8
2018200327263,1,9,0,18,0,1,0,0,0,0,1,1,6,2,22,5,1364,1,3,1,1,1
2018200327285,1,9,0,18,0,0,0,0,0,0,1,1,6,3,-1,-1,-1,-1,-1,-1,-1,-1
2018200327301,1,97,0,18,0,8,0,0,0,0,1,1,6,1,34,6,-1,-1,-1,7,1,7
2018200327301,2,9,0,9,0,8,0,0,0,0,1,1,6,1,39,7,-1,-1,-1,9,1,9
2018200327370,1,9,0,16,0,0,0,0,7,0,1,1,6,1,19,4,1999,1,12,2,1,2
2018200327384,1,9,0,17,0,0,0,0,0,0,0,1,6,3,-1,-1,-1,-1,-1,-1,-1,-1
2018200327384,2,9,0,16,0,0,0,4,0,0,1,1,6,2,19,4,998,1,10,1,1,1
2018200327384,3,9,0,2,0,0,0,0,0,0,4,1,6,2,43,7,1199,1,4,2,1,2
2018200327485,1,9,0,18,0,0,0,0,0,0,1,1,6,1,41,7,1686,2,10,1,1,1
2018200327485,2,1,0,18,0,0,0,0,0,0,1,1,6,1,25,5,-1,-1,-1,2,1,2
2018200327488,1,9,0,7,0,5,0,0,0,0,1,1,1,1,45,7,1794,1,13,1,1,1
2018200327488,2,9,0,18,0,1,0,0,0,0,1,1,6,2,29,6,1398,1,7,1,1,1
2018200327502,1,9,0,18,0,0,0,0,0,0,4,1,1,2,-1,-1,1422,2,4,-1,-1,-1
2018200327502,2,1,0,18,0,0,0,0,0,0,1,1,1,1,40,7,-1,-1,-1,7,1,7
2018200327503,1,9,0,5,0,1,0,0,0,0,1,1,1,1,50,8,1499,2,4,1,1,1
2018200327503,2,9,0,3,0,1,0,0,0,0,2,1,1,1,-1,-1,1248,2,1,-1,-1,-1
2018200327505,1,9,0,1,0,0,0,0,0,0,2,1,6,1,-1,-1,-1,-1,-1,-1,-1,-1
2018200327522,1,19,0,9,0,5,0,0,0,0,4,1,6,1,-1,-1,2287,2,2,5,1,5
2018200327522,2,1,0,18,9,8,0,0,0,0,1,1,6,1,37,7,-1,-1,-1,3,1,3
2018200327550,1,9,0,18,0,0,0,0,0,0,3,1,6,1,-1,-1,-1,-1,-1,-1,-1,-1
2018200327550,2,9,0,18,0,0,0,0,0,0,3,1,6,1,69,10,1598,1,6,3,1,3
2018200327569,1,9,0,10,0,8,0,0,0,0,2,1,6,1,41,7,2979,1,16,4,1,4
2018200327569,2,3,0,18,0,8,0,0,0,0,1,1,6,1,20,4,125,1,3,2,1,2
2018200327578,1,9,0,18,0,0,0,0,0,0,1,1,6,3,-1,-1,-1,-1,-1,-1,-1,-1
2018200327578,2,1,0,18,0,0,0,0,0,0,2,1,2,1,40,7,-1,-1,-1,8,1,8
2018200327585,1,1,0,18,0,0,0,0,0,0,1,1,6,1,-1,-1,-1,-1,-1,-1,-1,-1
2018200327596,1,9,0,18,0,8,1,10,7,0,1,1,6,1,20,4,1994,2,15,2,1,2
2018200327596,2,9,0,18,0,8,0,0,0,0,4,1,6,2,27,6,1995,2,7,2,1,2
2018200327596,3,9,0,5,0,8,1,10,2,0,3,1,6,1,47,8,1198,1,16,2,1,2
2018200327600,1,9,0,6,0,2,0,0,0,0,4,1,6,1,88,11,2993,2,9,5,1,5
2018200327600,2,5,0,18,0,2,0,0,0,0,1,1,6,1,52,8,651,1,31,2,1,2
2018200327604,1,1,0,18,0,2,0,0,0,0,2,1,6,1,16,4,-1,-1,-1,9,1,9
2018200327604,2,9,0,18,0,2,0,0,0,0,3,1,2,2,47,8,1242,1,-1,8,1,8
2018200327614,1,9,0,11,0,0,0,0,0,0,1,1,6,1,-1,-1,2231,2,12,-1,-1,-1
2018200327614,2,9,0,18,0,0,0,0,0,0,3,1,6,2,41,7,1398,1,8,6,1,6
2018200327669,1,9,0,1,0,1,0,0,0,0,2,1,6,1,45,7,1968,2,8,1,1,1
2018200327680,1,9,0,18,0,2,0,0,0,0,3,1,6,1,73,10,1997,2,11,9,1,9
2018200327702,1,9,0,18,0,0,0,0,0,0,3,1,6,3,-1,-1,-1,-1,-1,-1,-1,-1
2018200327702,2,9,0,18,0,0,0,0,0,0,4,1,6,1,61,9,1246,1,12,1,1,1
2018200327733,1,9,0,18,0,8,0,0,0,0,1,1,6,1,-1,-1,2720,2,13,4,1,4
2018200327733,2,9,0,18,0,8,1,9,0,0,3,1,6,1,40,7,1600,1,13,8,1,8
2018200327736,1,9,0,5,0,4,0,0,1,0,2,1,6,1,-1,-1,-1,-1,-1,-1,-1,-1
2018200327736,2,9,0,18,0,8,0,0,0,0,4,1,6,2,28,6,1499,1,3,8,1,8
2018200327756,1,98,0,18,0,0,0,0,0,0,1,1,6,3,-1,-1,-1,-1,-1,-1,-1,-1
2018200327756,2,9,0,18,0,0,0,0,0,0,2,1,2,1,36,7,1229,1,9,1,1,1
2018200327761,1,9,0,1,0,6,0,0,0,0,2,1,6,2,-1,-1,998,1,1,7,1,7
2018200327761,2,9,0,18,0,8,0,0,0,0,3,1,1,1,20,4,999,1,9,4,1,4
2018200327763,1,11,0,7,0,3,0,0,0,0,0,1,1,1,48,8,-1,-1,-1,3,1,3
2018200327764,1,9,0,4,0,0,0,0,0,0,3,1,6,1,49,8,1968,2,9,5,1,5
2018200327793,1,9,0,14,0,8,0,0,0,0,1,1,2,1,26,6,1968,2,11,-1,-1,-1
2018200327793,2,9,0,5,0,8,0,0,0,0,3,1,1,1,-1,-1,1598,2,3,-1,-1,-1
2018200327798,1,9,0,18,0,0,1,0,0,0,1,1,6,3,-1,-1,2521,1,12,-1,-1,-1
2018200327798,2,17,0,18,0,0,5,0,0,0,2,1,1,1,29,6,2440,2,6,7,1,7
2018200327798,3,9,0,18,0,0,0,0,0,0,2,1,6,1,72,10,1398,1,17,1,1,1
2018200327798,4,9,0,18,0,0,0,0,0,0,1,1,6,1,74,10,1360,1,11,4,1,4
2018200327800,1,9,0,18,0,1,0,0,0,0,1,1,6,3,-1,-1,-1,-1,-1,-1,-1,-1
2018200327803,1,9,0,18,0,4,0,0,0,0,1,1,6,3,-1,-1,-1,-1,-1,-1,-1,-1
2018200327803,2,9,0,18,0,8,0,0,0,0,4,1,6,1,40,7,796,1,16,1,1,1
2018200327815,1,9,0,18,0,0,0,0,0,0,1,1,1,1,39,7,1598,2,8,1,1,1
2018200327817,1,9,0,9,0,6,0,0,0,0,1,1,6,2,18,4,998,1,9,7,1,7
2018200327817,2,9,0,18,0,8,0,0,0,0,4,1,6,1,38,7,998,1,11,5,1,5