Accident_Index,Vehicle_Reference,Vehicle_Type,Towing_and_Articulation,Vehicle_Manoeuvre,Vehicle_Location-Restricted_Lane,Junction_Location,Skidding_and_Overturning,Hit_Object_in_Carriageway,Vehicle_Leaving_Carriageway,Hit_Object_off_Carriageway,1st_Point_of_Impact,Was_Vehicle_Left_Hand_Drive?,Journey_Purpose_of_Driver,Sex_of_Driver,Age_of_Driver,Age_Band_of_Driver,Engine_Capacity_(CC),Propulsion_Code,Age_of_Vehicle,Driver_IMD_Decile,Driver_Home_Area_Type,Vehicle_IMD_Decile
2018200330867,2,9,0,17,0,1,0,0,0,0,2,1,6,1,64,9,1591,1,-1,1,1,1
2018200330885,1,8,0,5,0,8,0,0,0,0,1,1,6,1,-1,-1,-1,-1,-1,-1,-1,-1
2018200330982,1,9,0,18,0,0,0,4,0,0,1,1,5,1,32,6,1781,1,11,5,1,5
2018200330982,2,9,0,2,0,0,0,0,0,0,1,1,6,2,66,10,1984,1,2,4,3,4
2018200331067,1,9,0,18,0,1,0,0,0,0,1,1,6,2,48,8,1242,1,4,1,1,1
2018200331067,2,9,0,3,0,1,0,0,0,0,2,1,6,2,50,8,998,1,8,1,1,1
2018200331072,1,9,0,18,0,1,0,0,0,0,2,1,6,1,26,6,1999,1,10,9,1,9
2018200331072,2,9,0,3,0,1,0,0,0,0,1,1,6,2,34,6,1229,1,3,2,1,2
2018200331078,1,9,0,13,0,0,0,10,0,0,1,1,6,1,20,4,1398,2,15,3,1,3
2018200331078,2,8,0,18,0,0,0,10,0,0,1,1,6,1,58,9,1598,2,8,1,1,1
2018200331122,1,9,0,14,0,0,0,0,0,0,4,1,6,3,-1,-1,-1,-1,-1,-1,-1,-1
2018200331122,2,9,0,2,0,0,0,0,0,0,0,1,6,1,35,6,2204,2,14,3,1,3
2018200331163,1,9,0,18,0,4,1,9,3,0,1,1,2,1,34,6,1984,1,9,2,1,2
2018200331176,1,9,0,3,0,1,0,0,0,0,2,1,6,1,40,7,1248,2,9,9,1,9
2018200331176,2,9,0,14,0,1,0,0,0,0,1,1,6,3,-1,-1,1999,1,1,-1,-1,-1
2018200331227,1,9,0,7,0,6,0,0,0,0,1,1,6,3,-1,-1,2000,2,14,-1,-1,-1
2018200331227,2,9,0,18,0,8,0,0,0,0,4,1,6,1,24,5,1753,2,14,2,1,2
2018200331230,1,9,0,5,0,0,0,0,0,0,1,1,6,1,30,6,1968,2,7,2,1,2
2018200331234,1,9,0,18,0,8,0,0,0,0,1,1,6,2,54,8,1995,1,10,2,1,2
2018200331234,2,9,0,4,0,8,1,4,0,0,3,1,6,3,-1,-1,1390,1,17,-1,-1,-1
2018200331234,3,9,0,2,0,1,0,0,0,0,3,1,6,3,-1,-1,1197,1,-1,-1,-1,-1
2018200331237,1,9,0,18,0,1,0,0,0,0,1,1,6,3,-1,-1,2496,2,15,-1,-1,-1
2018200331237,2,9,0,11,0,1,0,0,0,0,2,1,6,2,48,8,1461,2,6,1,1,1
2018200331247,1,9,0,18,0,4,0,0,0,0,3,1,6,2,-1,-1,1984,1,18,-1,-1,-1
2018200331247,2,9,0,9,0,8,0,0,0,0,1,1,6,2,33,6,1968,2,7,1,1,1
2018200331266,1,9,0,7,0,1,0,0,0,0,1,1,6,1,50,8,2400,2,8,1,1,1
2018200331278,1,9,0,14,0,0,0,0,0,0,1,1,6,2,-1,-1,-1,-1,-1,-1,-1,-1
2018200331390,1,9,0,18,0,8,0,0,0,0,3,1,6,1,-1,-1,1956,2,4,-1,-1,-1
2018200331390,2,9,0,1,0,6,0,0,0,0,1,1,6,2,30,6,1598,1,12,1,1,1
2018200331391,1,19,0,18,0,8,0,0,0,0,1,1,6,1,36,7,2496,2,24,1,1,1
2018200331391,2,9,0,3,0,8,0,0,0,0,2,1,6,2,35,6,1797,8,7,6,1,6
2018200331391,3,9,0,7,0,5,0,0,0,0,2,1,6,2,35,6,2429,1,11,1,1,1
2018200331408,1,11,0,18,0,8,0,0,0,0,1,1,1,1,29,6,7300,2,6,3,1,3
2018200331408,2,9,0,18,0,8,1,10,7,0,4,1,6,1,29,6,998,1,4,1,1,1
2018200331411,1,11,0,4,0,0,0,0,0,0,4,1,1,1,42,7,6696,2,5,1,1,1
2018200331411,2,1,0,18,0,0,0,0,0,0,0,1,6,1,13,3,-1,-1,-1,5,1,5
2018200331411,3,1,0,18,0,0,0,0,0,0,1,1,6,1,13,3,-1,-1,-1,7,1,7
2018200331428,1,9,0,18,0,1,0,0,0,0,1,1,6,2,41,7,1598,2,2,1,1,1
2018200331464,1,9,0,16,0,2,1,10,7,2,1,1,6,1,21,5,1299,1,13,2,1,2
2018200331465,1,9,0,18,0,0,0,0,0,0,1,1,6,1,18,4,1364,2,11,2,1,2
2018200331471,1,19,0,7,0,6,0,0,0,0,1,1,6,3,34,6,1248,2,11,6,1,6
2018200331471,2,9,0,18,0,8,0,0,0,0,3,1,6,2,-1,-1,1390,1,7,8,3,8
2018200331495,1,9,0,1,0,0,0,0,0,0,0,1,6,3,-1,-1,1296,1,12,-1,-1,-1
2018200331495,2,9,0,3,0,0,0,0,0,0,0,1,6,2,38,7,1968,2,8,2,1,2
2018200331496,1,9,0,18,0,0,0,0,0,0,1,1,6,1,-1,-1,1598,1,15,-1,-1,-1
2018200331496,2,1,0,18,0,0,0,0,0,0,1,1,6,1,49,8,-1,-1,-1,6,1,6
2018200331506,1,1,0,18,0,1,0,0,0,0,0,1,6,1,12,3,-1,-1,-1,5,1,5
2018200331506,2,9,0,5,0,1,0,0,0,0,1,1,6,2,51,8,1388,1,12,1,1,1
2018200331513,1,9,0,9,0,6,0,0,0,0,1,1,6,2,21,5,1198,1,1,10,1,10
2018200331513,2,9,0,18,0,1,0,0,0,0,4,1,6,1,-1,-1,1598,1,17,1,1,1
2018200331524,1,9,0,18,0,2,0,0,0,0,1,1,6,1,23,5,1600,2,9,4,1,4
2018200331546,1,9,0,7,0,6,5,4,0,0,1,1,6,1,23,5,1595,2,8,1,1,1
2018200331546,2,9,0,2,0,2,0,0,0,0,3,1,6,1,-1,-1,1560,2,14,3,1,3
2018200331546,3,9,0,18,0,1,0,0,0,0,3,1,6,1,-1,-1,2143,2,4,-1,-1,-1
2018200331546,4,9,0,18,0,1,0,0,0,0,3,1,6,1,-1,-1,1248,2,10,-1,-1,-1
2018200331546,5,9,0,18,0,1,0,0,0,0,3,1,6,3,-1,-1,1997,2,14,-1,-1,-1
2018200331546,6,9,0,18,0,1,0,0,0,0,1,1,6,3,-1,-1,-1,-1,-1,-1,-1,-1
2018200331556,1,9,0,18,0,8,0,0,0,0,1,1,2,1,21,5,1995,2,14,5,1,5
2018200331556,2,1,0,18,0,8,0,0,0,0,3,1,6,1,24,5,-1,-1,-1,2,1,2
2018200331595,1,9,0,18,0,8,0,0,0,0,1,1,6,2,51,8,1586,1,14,1,1,1
2018200331627,1,9,0,7,0,1,0,10,1,2,1,1,1,1,37,7,1598,2,4,2,1,2
2018200331666,1,19,0,17,0,1,0,0,0,0,1,1,6,1,36,7,1598,2,6,6,1,6
2018200331694,1,9,0,18,0,0,1,10,7,11,1,1,6,1,-1,-1,1598,1,12,-1,-1,-1
2018200331696,1,9,0,18,0,1,0,0,0,0,1,1,6,2,39,7,1461,2,1,3,1,3
2018200331706,1,9,0,18,0,2,0,0,0,0,2,1,6,3,-1,-1,-1,-1,-1,-1,-1,-1
2018200331727,1,9,0,18,0,6,0,0,0,0,1,1,6,1,41,7,1298,1,15,1,1,1
2018200331727,2,3,0,18,0,8,0,0,0,0,4,1,6,1,18,4,125,1,-1,2,1,2
2018200331794,1,1,0,18,9,8,0,0,0,0,1,1,6,1,39,7,-1,-1,-1,5,1,5
2018200331794,2,9,0,8,9,8,0,0,0,0,1,1,1,1,80,11,1896,2,13,1,1,1
2018200331807,1,3,0,18,0,2,0,0,0,0,3,1,1,1,28,6,125,1,-1,1,1,1
2018200331807,2,9,0,18,0,2,0,0,0,0,4,1,1,1,42,7,1968,2,14,3,1,3
2018200331836,1,9,0,4,0,1,0,0,0,0,1,1,6,1,-1,-1,1229,1,10,-1,-1,-1
2018200331836,2,9,0,9,0,1,0,0,0,0,1,1,6,1,61,9,1796,1,16,3,1,3
2018200331860,1,9,0,7,0,6,0,7,4,10,1,1,6,1,20,4,1598,2,4,8,1,8
2018200331860,2,9,0,7,0,6,0,0,0,0,0,1,1,1,-1,-1,2993,2,2,5,1,5
2018200331888,1,11,0,18,0,0,0,0,0,0,4,1,1,3,-1,-1,5883,2,14,-1,-1,-1
2018200331920,1,1,0,18,0,8,0,0,0,0,3,1,6,1,7,2,-1,-1,-1,2,1,2
2018200331920,2,9,0,18,0,8,0,0,0,0,3,1,6,2,31,6,1461,2,2,3,1,3
2018200331935,1,9,0,18,0,8,0,0,0,0,1,1,6,2,23,5,1591,1,1,2,1,2
2018200331935,2,9,0,4,0,8,0,0,0,0,2,1,5,2,28,6,1461,2,8,1,1,1
2018200331998,1,9,0,18,0,1,0,0,0,0,4,1,6,2,26,6,1349,1,4,7,2,7
2018200331998,2,9,0,5,0,6,0,0,0,0,1,1,6,1,19,4,1198,1,8,10,1,10
2018200332030,1,9,0,9,0,6,0,0,0,0,1,1,2,2,28,6,1242,1,11,2,1,2
2018200332035,1,21,1,18,0,0,0,0,0,0,4,1,6,1,49,8,10837,2,2,5,1,5
2018200332035,2,9,0,16,0,0,1,0,0,0,3,1,6,1,59,9,1995,2,4,8,1,8
2018200332047,1,9,0,18,0,1,0,0,0,0,1,1,6,1,86,11,1197,1,3,6,1,6
2018200332047,2,9,0,18,0,1,0,0,0,0,2,1,6,1,52,8,1968,2,2,6,1,6
2018200332130,1,9,0,5,0,6,0,0,0,0,1,1,6,1,84,11,1242,1,4,10,1,10
2018200332130,2,9,0,18,0,8,0,4,0,0,4,1,6,2,42,7,1461,2,4,9,1,9
2018200332130,3,9,0,2,0,2,0,0,0,0,2,1,6,1,55,8,-1,-1,-1,10,1,10
2018200332140,1,9,0,9,0,8,0,0,0,0,4,1,1,2,22,5,1398,1,3,1,1,1
2018200332140,2,8,0,18,0,8,0,0,0,0,1,1,2,1,45,7,1997,2,15,3,1,3
2018200332192,1,9,0,13,0,1,1,0,0,0,1,1,6,2,20,4,1461,2,3,5,1,5
2018200332192,2,9,0,18,0,2,0,0,0,0,1,1,1,2,27,6,1968,2,1,-1,-1,-1
2018200332216,1,9,0,4,0,1,0,0,0,0,1,1,6,1,-1,-1,1396,1,11,-1,-1,-1
2018200332225,1,19,0,18,0,1,0,4,0,0,1,1,6,1,-1,-1,2402,2,18,-1,-1,-1
2018200332225,2,9,0,3,0,1,0,0,0,0,2,1,6,1,56,9,1560,2,-1,1,1,1
2018200332225,3,19,0,10,0,1,0,0,0,0,2,1,6,1,-1,-1,1753,2,6,2,1,2
2018200332225,4,9,0,2,0,1,0,0,0,0,3,1,6,3,-1,-1,1560,2,11,-1,-1,-1
2018200332225,5,9,0,18,0,1,0,0,0,0,1,1,6,1,51,8,1199,1,17,1,1,1
2018200332269,1,9,0,17,0,0,0,0,0,0,1,1,6,2,23,5,1598,2,5,9,1,9
2018200332269,2,9,0,16,0,0,1,10,8,0,1,1,6,3,-1,-1,1995,2,11,-1,-1,-1
2018200332309,1,9,0,18,0,8,0,0,0,0,3,1,6,3,-1,-1,-1,-1,-1,-1,-1,-1
2018200332309,2,9,0,17,0,8,0,0,0,0,1,1,6,1,46,8,1896,2,17,8,1,8
2018200332317,1,9,0,18,0,0,0,0,0,0,1,1,1,2,48,8,1364,1,13,3,1,3
2018200332317,2,19,0,2,0,0,0,0,0,0,3,1,6,3,-1,-1,1998,2,13,-1,-1,-1
2018200332347,1,19,0,1,0,0,0,0,0,0,2,1,6,1,-1,-1,1998,2,14,-1,-1,-1
2018200332373,1,9,0,18,0,4,0,0,0,0,1,1,6,1,-1,-1,1299,1,16,-1,-1,-1
2018200332373,2,9,0,9,0,8,0,0,0,0,3,1,6,2,35,6,1198,1,1,4,1,4
2018200332435,1,9,0,8,0,1,0,0,0,0,2,1,6,1,34,6,1968,2,4,1,1,1
2018200332435,2,9,0,18,0,1,0,0,0,0,1,1,6,1,26,6,1339,1,13,-1,-1,-1
2018200332495,1,9,0,1,0,0,0,0,0,0,2,1,6,3,-1,-1,2497,2,14,-1,-1,-1
2018200332539,1,98,0,1,0,0,0,0,0,0,2,1,6,1,-1,-1,-1,-1,-1,-1,-1,-1
2018200332547,1,9,0,8,0,1,0,0,0,0,3,1,6,1,49,8,1995,2,1,1,1,1
2018200332547,2,9,0,9,0,5,0,0,0,0,1,1,6,2,-1,-1,-1,-1,-1,-1,-1,-1
2018200332548,1,9,0,18,0,8,0,0,0,0,1,1,6,1,-1,-1,2198,2,12,-1,-1,-1
2018200332548,2,8,0,10,0,8,0,0,0,0,2,1,1,1,41,7,1798,1,6,2,1,2
2018200332549,1,9,0,18,0,0,0,0,0,0,1,1,6,1,-1,-1,-1,-1,-1,-1,-1,-1
2018200332549,2,9,0,3,0,0,0,0,0,0,2,1,6,2,21,5,998,1,8,1,1,1
2018200332549,3,9,0,3,0,0,0,0,0,0,2,1,6,1,-1,-1,-1,-1,-1,-1,-1,-1
2018200332552,1,9,0,18,0,7,0,0,0,0,1,1,6,2,25,5,1398,1,4,8,2,8
2018200332552,2,9,0,18,0,8,0,0,0,0,4,1,6,2,48,8,2998,1,2,3,1,3
2018200332552,3,9,0,18,0,8,0,0,0,0,3,1,6,2,49,8,998,1,-1,4,1,4
2018200332563,1,9,0,18,0,0,0,0,0,0,1,1,6,1,34,6,1968,2,9,3,1,3
2018200332563,2,19,0,4,0,0,0,0,0,0,2,1,1,1,26,6,1248,2,5,5,1,5
2018200332570,1,98,0,18,0,0,0,0,0,0,4,1,6,1,32,6,-1,-1,-1,1,1,1
2018200332570,2,9,0,18,0,0,0,0,0,0,3,1,6,1,-1,-1,1686,2,6,1,1,1
2018200332593,1,9,0,8,0,1,0,0,0,0,2,1,1,1,19,4,1398,2,3,1,1,1
2018200332593,2,9,0,18,0,1,0,0,0,0,1,1,6,1,45,7,1242,1,12,1,1,1
2018200332617,1,1,0,18,0,0,0,0,0,0,1,1,6,1,51,8,-1,-1,-1,9,1,9
2018200332617,2,9,0,3,0,0,0,0,0,0,1,1,6,3,-1,-1,-1,-1,-1,-1,-1,-1
2018200332632,1,9,0,18,0,4,0,0,0,0,1,1,1,1,17,4,1124,1,10,3,1,3
2018200332632,2,9,0,9,0,8,0,0,0,0,4,1,1,2,44,7,1493,2,12,2,1,2
2018200332640,1,9,0,5,0,6,0,0,0,0,3,1,6,1,26,6,2720,2,13,5,1,5
2018200332640,2,9,0,18,0,8,1,0,0,0,1,1,2,2,30,6,1968,2,12,5,1,5
2018200332708,1,9,0,18,0,2,1,10,1,1,1,1,6,1,50,8,1242,1,11,1,1,1
2018200332748,1,9,0,7,0,6,0,0,0,0,1,1,6,2,-1,-1,1598,1,13,1,1,1
2018200332748,2,9,0,18,0,8,0,0,0,0,4,1,6,1,20,4,1242,1,3,7,1,7
2018200332748,3,9,0,18,0,8,0,0,0,0,4,1,6,2,40,7,1364,1,11,3,1,3
2018200332799,1,9,0,18,0,1,0,4,0,0,1,1,6,1,84,11,1396,1,20,3,1,3
2018200332799,2,9,0,2,0,1,0,0,0,0,2,1,6,1,40,7,-1,-1,-1,3,1,3
2018200332875,1,9,0,5,0,6,0,0,0,0,3,1,6,2,-1,-1,1598,1,6,8,1,8
2018200332875,2,9,0,18,0,8,0,0,0,0,4,1,5,1,49,8,2987,2,8,3,1,3
2018200332928,1,9,0,12,0,7,0,0,0,0,0,1,6,3,-1,-1,-1,-1,-1,-1,-1,-1
2018200332928,2,5,0,18,0,8,2,7,0,0,3,1,6,1,34,6,599,1,9,-1,-1,-1
2018200332941,1,5,0,13,0,0,1,0,0,0,1,1,6,1,22,5,645,1,12,7,1,7
2018200332941,2,9,0,17,0,0,0,0,0,0,1,1,6,1,41,7,1598,1,9,1,1,1
2018200332977,1,9,0,18,0,8,0,10,0,0,1,1,6,1,53,8,1796,1,11,7,1,7
2018200332977,2,9,0,3,0,4,0,0,0,0,3,1,6,1,24,5,1199,1,15,5,1,5
2018200332987,1,9,0,18,0,2,0,10,7,4,3,1,6,1,53,8,2494,1,20,6,1,6
2018200333097,1,9,0,18,0,0,0,0,0,0,3,1,2,1,48,8,1896,2,12,7,1,7
2018200333097,2,9,0,11,0,0,0,0,0,0,4,1,6,1,-1,-1,1390,1,12,-1,-1,-1
2018200333118,1,11,0,18,0,1,0,0,0,0,0,1,1,3,-1,-1,-1,-1,-1,-1,-1,-1
2018200333152,1,9,0,18,0,0,0,4,0,0,1,1,6,1,49,8,1956,2,9,7,1,7
2018200333152,2,9,0,2,0,0,0,0,0,0,2,1,6,3,-1,-1,-1,-1,-1,-1,-1,-1
2018200333152,3,9,0,2,0,0,0,0,0,0,2,1,6,1,44,7,-1,-1,-1,1,1,1
2018200333152,4,9,0,2,0,0,0,0,0,0,1,1,5,2,32,6,1998,1,19,1,1,1
2018200333152,5,9,0,2,0,0,0,0,0,0,2,1,6,3,-1,-1,-1,-1,-1,-1,-1,-1
2018200333173,1,9,0,4,0,1,0,7,0,0,3,1,6,1,77,11,1461,2,3,2,1,2
2018200333178,1,9,0,18,0,0,0,0,0,0,1,1,6,3,-1,-1,-1,-1,-1,-1,-1,-1
2018200333178,2,9,0,18,0,0,0,0,0,0,2,1,6,2,51,8,1242,1,2,3,1,3
2018200333274,1,2,0,5,0,8,1,0,0,0,0,1,6,2,42,7,49,1,14,8,1,8
2018200333278,1,9,0,18,0,0,0,0,0,0,1,1,6,3,-1,-1,-1,-1,-1,-1,-1,-1
2018200333348,1,9,0,5,0,6,0,0,0,0,4,1,6,1,72,10,2494,8,2,7,3,7
2018200333348,2,9,0,18,0,8,0,0,0,0,1,1,6,1,74,10,1997,1,5,9,1,9
2018200333382,1,9,0,18,0,4,0,0,0,0,1,1,2,2,52,8,1995,2,3,7,1,7
2018200333382,2,9,0,18,0,8,0,0,0,0,1,1,2,2,21,5,1229,1,12,7,1,7
2018200333398,1,9,0,7,0,8,0,0,0,0,4,1,6,2,-1,-1,-1,-1,-1,-1,-1,-1
2018200333398,2,1,0,18,0,8,0,0,0,0,3,1,6,1,34,6,-1,-1,-1,1,1,1
2018200333409,1,9,0,1,0,0,0,0,0,0,2,1,6,2,64,9,1560,2,10,1,1,1
2018200333410,1,9,0,9,0,8,0,0,0,0,4,1,6,1,28,6,1390,1,14,4,2,4
2018200333410,2,9,0,18,0,8,0,0,0,0,1,1,6,2,32,6,1399,2,8,2,1,2
2018200333410,3,9,0,18,0,8,0,0,0,0,1,1,6,2,26,6,1598,1,3,3,1,3
2018200333457,1,9,0,5,0,6,0,0,0,0,4,1,6,2,66,10,1329,1,9,1,1,1
2018200333457,2,9,0,18,0,8,0,0,0,0,0,1,6,1,30,6,-1,-1,-1,-1,-1,-1
2018200333494,1,9,0,11,0,0,0,0,0,0,2,1,6,2,-1,-1,-1,-1,-1,-1,-1,-1
2018200333494,2,9,0,18,0,0,0,0,0,0,1,1,6,2,30,6,998,1,14,3,1,3
2018200333557,1,9,0,18,0,0,0,7,4,0,4,1,6,1,40,7,2199,2,9,1,1,1
2018200333557,2,98,0,18,0,0,0,0,0,0,1,1,6,3,-1,-1,-1,-1,-1,-1,-1,-1
2018200333559,1,9,0,18,0,1,0,0,0,0,0,1,6,1,-1,-1,1400,1,12,-1,-1,-1
2018200333572,1,19,0,9,0,8,0,0,0,0,0,1,1,1,-1,-1,2198,2,7,2,1,2
2018200333572,2,11,0,18,2,8,0,0,0,0,0,1,1,1,42,7,8268,2,16,1,1,1
2018200333577,1,8,0,18,0,0,0,7,0,0,4,1,1,1,37,7,1910,2,7,2,1,2
2018200333593,1,9,0,18,0,2,0,0,0,0,1,1,6,3,-1,-1,1598,1,13,-1,-1,-1
2018200333593,2,19,0,7,0,2,0,0,0,0,2,1,6,1,27,6,1686,2,14,5,1,5
2018200333603,1,11,0,18,0,0,0,0,0,0,1,1,6,3,-1,-1,-1,-1,-1,-1,-1,-1
2018200333605,1,9,0,18,0,8,1,10,1,2,4,1,3,2,24,5,1398,2,16,3,1,3
2018200333605,2,9,0,9,0,6,0,0,0,0,1,1,5,3,-1,-1,-1,-1,-1,-1,-1,-1
2018200333608,1,9,0,18,9,0,0,0,0,0,3,1,6,1,33,6,1995,2,8,3,1,3
2018200333610,1,9,0,18,0,8,0,0,0,0,1,1,6,1,36,7,1956,2,5,6,1,6
2018200333610,2,9,0,18,0,8,0,0,0,0,2,1,6,2,21,5,1390,1,13,4,1,4
2018200333620,1,9,0,18,0,2,1,10,2,0,4,1,6,1,32,6,2979,1,4,7,1,7
2018200333620,2,9,0,7,0,2,0,10,2,0,3,1,1,1,45,7,1870,2,15,4,1,4
2018200333632,1,9,0,2,0,1,0,0,0,0,2,1,6,1,40,7,1598,2,5,2,1,2
2018200333632,2,9,0,18,0,1,0,0,0,0,1,1,6,3,-1,-1,1240,1,10,-1,-1,-1
2018200333670,1,9,0,15,0,8,0,0,0,0,3,1,6,1,-1,-1,1328,1,10,-1,-1,-1
2018200333670,2,9,0,18,0,8,0,0,0,0,4,1,2,2,20,4,1296,1,12,1,1,1
2018200333676,1,11,0,18,0,0,0,4,0,0,4,1,1,3,-1,-1,-1,-1,-1,-1,-1,-1
2018200333676,2,19,0,2,0,0,0,0,0,0,3,1,6,1,27,6,2402,2,8,2,1,2
2018200333704,1,9,0,16,0,0,0,0,0,0,3,1,6,3,-1,-1,2143,2,8,-1,-1,-1
2018200333704,2,19,0,17,0,0,0,0,0,0,3,1,6,1,-1,-1,2143,2,4,5,1,5
2018200333715,1,9,0,3,0,0,0,10,7,0,1,1,6,1,52,8,1998,1,1,7,2,7
2018200333737,1,9,0,12,0,0,0,0,0,0,1,1,6,1,21,5,1870,2,14,1,1,1
2018200333737,2,9,0,18,0,0,5,0,0,0,4,1,6,1,57,9,1968,2,-1,10,1,10
2018200333740,1,9,0,18,0,4,0,0,0,0,1,1,6,1,38,7,1968,2,10,2,1,2
2018200333740,2,9,0,18,0,8,0,0,3,1,4,1,6,2,54,8,1388,1,9,1,1,1
2018200333742,1,8,0,5,0,0,0,0,0,0,0,1,6,1,38,7,1685,2,4,1,1,1
2018200333743,1,9,0,5,0,4,0,0,0,0,1,1,1,2,-1,-1,1598,1,9,-1,-1,-1
2018200333743,2,9,0,3,0,4,0,0,0,0,2,1,1,1,26,6,1242,1,10,9,1,9
2018200333813,1,9,0,18,0,1,0,0,0,0,1,1,6,1,-1,-1,1596,1,4,-1,-1,-1
2018200333813,2,9,0,8,0,1,0,0,0,0,2,1,1,2,39,7,1339,1,10,3,1,3
2018200333819,1,9,0,18,0,8,0,0,0,0,1,1,6,3,-1,-1,-1,-1,-1,-1,-1,-1
2018200333819,2,9,0,8,0,8,0,0,0,0,1,1,6,2,-1,-1,1364,1,11,1,1,1
2018200333821,1,9,0,18,0,7,0,10,1,2,1,1,6,1,53,8,2967,2,11,2,1,2
2018200333837,1,5,0,18,0,1,0,0,0,0,0,1,6,1,20,4,599,1,19,-1,-1,-1
2018200333839,1,9,0,18,0,1,0,0,0,0,1,1,6,1,26,6,1968,2,12,4,1,4
2018200333839,2,9,0,5,0,1,0,0,0,0,2,1,5,1,-1,-1,998,1,-1,-1,-1,-1
2018200333845,1,9,0,9,0,6,0,0,0,0,1,1,6,1,27,6,1588,1,15,3,1,3
2018200333845,2,8,0,18,0,8,0,0,0,0,1,1,1,1,62,9,1995,2,13,1,1,1
2018200333848,1,1,0,17,0,8,0,0,0,0,1,1,6,1,-1,-1,-1,-1,-1,-1,-1,-1
2018200333848,2,9,0,7,0,8,0,0,0,0,3,1,6,2,56,9,1968,2,1,10,1,10
2018200333850,1,9,0,5,0,0,0,0,0,0,1,1,6,2,54,8,1598,2,8,2,1,2
2018200333857,1,9,0,18,0,1,0,0,0,0,2,1,6,1,-1,-1,1956,2,3,2,1,2
2018200333857,2,1,0,18,0,1,0,0,0,0,1,1,6,1,19,4,-1,-1,-1,4,1,4
2018200333905,1,9,0,18,0,1,0,0,0,0,1,1,6,1,-1,-1,2996,1,11,4,1,4
2018200333905,2,9,0,3,0,1,0,0,0,0,2,1,6,2,23,5,1198,1,9,6,1,6
2018200333941,1,9,0,18,0,1,0,0,0,0,1,1,6,3,-1,-1,-1,-1,-1,-1,-1,-1
2018200333941,2,9,0,3,0,1,0,0,0,0,2,1,6,2,26,6,1389,1,14,3,1,3
2018200333956,1,9,0,18,0,6,0,0,0,0,1,1,2,1,27,6,1124,1,14,10,3,10
2018200333956,2,9,0,18,0,8,0,10,1,2,3,1,6,1,24,5,1910,2,10,5,1,5
2018200333972,1,5,0,18,0,8,1,0,7,0,1,1,6,1,31,6,999,1,1,1,1,1
2018200333972,2,5,0,18,0,1,1,1,0,0,1,1,6,1,44,7,1137,1,20,2,1,2
2018200333972,3,9,0,9,0,6,0,0,0,0,3,1,6,2,48,8,1242,1,7,9,1,9
2018200333992,1,9,0,18,0,1,0,0,0,0,1,1,6,3,-1,-1,-1,-1,-1,-1,-1,-1
2018200333992,2,9,0,18,0,1,0,0,0,0,2,1,6,2,37,7,1248,1,3,10,1,10
2018200334005,1,9,0,18,9,0,0,0,0,0,1,1,6,3,-1,-1,-1,-1,-1,-1,-1,-1
2018200334007,1,9,0,9,0,6,0,0,0,0,1,1,6,1,30,6,1498,1,10,1,1,1
2018200334007,2,3,0,14,0,1,1,0,0,0,1,1,1,1,19,4,125,1,11,1,1,1
2018200334023,1,9,0,18,0,8,0,0,0,0,3,1,6,1,28,6,1198,1,13,3,1,3
2018200334023,2,9,0,9,0,6,0,0,0,0,1,1,6,1,83,11,1461,2,12,5,1,5
2018200334032,1,9,0,18,0,0,0,0,0,0,1,1,1,2,32,6,1997,2,2,8,1,8
2018200334037,1,8,0,9,0,6,0,0,0,0,3,1,1,1,-1,-1,2700,2,16,1,1,1
2018200334037,2,9,0,18,0,8,0,0,0,0,1,1,6,2,24,5,-1,-1,-1,4,1,4
2018200334050,1,9,0,18,0,1,0,0,0,0,0,1,6,2,-1,-1,-1,-1,-1,-1,-1,-1
2018200334054,1,9,0,7,0,6,0,0,0,0,3,1,6,1,34,6,998,1,17,7,1,7
2018200334054,2,9,0,12,0,2,0,0,0,0,4,1,2,1,57,9,1596,1,9,1,1,1
2018200334099,1,9,0,9,0,2,0,0,0,0,1,1,6,1,-1,-1,1686,2,7,1,1,1
2018200334099,2,9,0,18,0,2,0,0,0,0,3,1,6,1,41,7,1248,2,7,1,1,1
2018200334101,1,9,0,7,0,3,0,0,0,0,1,1,6,3,-1,-1,999,1,3,-1,-1,-1
2018200334101,2,1,0,18,0,8,0,0,0,0,1,1,6,1,-1,-1,-1,-1,-1,1,1,1
2018200334142,1,9,0,18,0,0,0,0,0,0,1,1,6,1,46,8,1995,2,10,5,1,5
2018200334150,1,9,0,18,0,0,1,0,0,0,1,1,6,1,-1,-1,-1,-1,-1,-1,-1,-1
2018200334150,2,9,0,18,0,0,0,0,0,0,2,1,6,2,56,9,899,1,5,1,1,1
2018200334151,1,9,0,18,0,0,0,10,0,0,4,1,6,1,29,6,1995,2,2,5,1,5
2018200334151,2,9,0,11,0,0,0,0,0,0,3,1,6,2,55,8,1339,1,12,2,1,2
2018200334151,3,9,0,18,0,0,0,0,0,0,1,1,6,2,43,7,1242,1,6,3,1,3
2018200334164,1,19,0,4,0,1,0,0,0,0,4,1,1,1,54,8,1995,2,-1,1,1,1
2018200334164,2,1,0,18,5,1,0,0,0,0,1,1,6,1,16,4,-1,-1,-1,1,1,1
2018200334205,1,9,0,5,0,4,0,0,0,0,1,1,6,1,44,7,-1,-1,-1,2,1,2