Accident_Index,Vehicle_Reference,Vehicle_Type,Towing_and_Articulation,Vehicle_Manoeuvre,Vehicle_Location-Restricted_Lane,Junction_Location,Skidding_and_Overturning,Hit_Object_in_Carriageway,Vehicle_Leaving_Carriageway,Hit_Object_off_Carriageway,1st_Point_of_Impact,Was_Vehicle_Left_Hand_Drive?,Journey_Purpose_of_Driver,Sex_of_Driver,Age_of_Driver,Age_Band_of_Driver,Engine_Capacity_(CC),Propulsion_Code,Age_of_Vehicle,Driver_IMD_Decile,Driver_Home_Area_Type,Vehicle_IMD_Decile
2018200337139,1,9,0,15,0,0,1,0,0,0,1,1,5,1,20,4,-1,-1,-1,4,1,4
2018200337139,2,9,0,18,0,0,0,0,0,0,1,1,6,1,26,6,1990,1,24,1,1,1
2018200337143,1,9,0,5,0,0,0,0,0,0,3,1,6,1,42,7,1598,1,13,3,1,3
2018200337143,2,3,0,18,0,0,0,4,0,0,3,1,6,1,46,8,125,1,3,3,1,3
2018200337143,3,9,0,2,0,0,0,0,0,0,1,1,5,2,-1,-1,1399,1,2,-1,-1,-1
2018200337145,1,10,0,18,0,0,0,0,0,0,0,1,6,3,-1,-1,-1,-1,-1,-1,-1,-1
2018200337184,1,9,0,7,0,3,0,0,0,0,1,1,6,1,-1,-1,-1,-1,-1,-1,-1,-1
2018200337200,1,9,0,18,0,0,0,0,0,0,1,1,6,1,-1,-1,1995,2,3,-1,-1,-1
2018200337200,2,1,0,18,0,0,2,0,0,0,4,1,6,1,52,8,-1,-1,-1,4,1,4
2018200337204,2,9,0,4,0,0,0,0,0,0,2,1,6,1,27,6,1596,1,9,1,1,1
2018200337204,3,19,0,18,0,0,0,0,0,0,1,1,6,1,57,9,2402,2,10,1,1,1
2018200337212,1,5,0,16,0,4,0,9,3,0,1,1,6,1,40,7,599,1,20,2,1,2
2018200337247,1,9,0,18,0,0,0,10,7,0,4,1,6,1,-1,-1,999,1,-1,-1,-1,-1
2018200337247,2,9,0,18,0,0,0,0,0,0,4,1,6,2,34,6,1799,1,11,2,1,2
2018200337247,3,9,0,18,0,0,0,0,0,0,0,1,1,1,-1,-1,2993,2,1,-1,-1,-1
2018200337247,4,9,0,18,0,0,0,0,0,0,0,1,1,1,-1,-1,2993,2,2,-1,-1,-1
2018200337288,1,9,0,18,0,0,2,0,0,0,1,1,6,1,34,6,-1,-1,-1,2,1,2
2018200337288,2,9,0,18,0,0,0,0,0,0,3,1,6,1,68,10,1399,2,8,2,1,2
2018200337288,3,9,0,18,0,0,0,0,0,0,4,1,6,1,-1,-1,2993,2,-1,-1,-1,-1
2018200337295,1,19,0,18,0,1,0,0,0,0,4,1,6,1,54,8,1598,2,2,6,1,6
2018200337303,1,9,0,18,0,4,0,0,0,0,3,1,1,1,37,7,2143,2,7,7,1,7
2018200337303,2,1,0,18,0,4,0,0,0,0,1,1,1,1,24,5,-1,-1,-1,1,1,1
2018200337418,1,9,0,2,9,1,0,0,0,0,3,1,6,1,64,9,2987,2,4,-1,-1,-1
2018200337418,2,1,0,18,9,1,0,4,0,0,1,1,1,1,39,7,-1,-1,-1,2,1,2
2018200337418,3,9,0,2,9,1,0,0,0,0,2,1,6,3,-1,-1,-1,-1,-1,-1,-1,-1
2018200337422,1,9,0,18,0,0,0,0,0,0,1,1,1,1,30,6,-1,-1,-1,6,1,6
2018200337425,1,97,0,18,0,8,0,0,0,0,1,1,6,1,18,4,-1,-1,-1,1,1,1
2018200337425,2,9,0,9,0,5,0,0,0,0,4,1,6,2,74,10,1796,1,12,8,1,8
2018200337442,1,19,0,9,0,6,0,0,0,0,1,1,6,1,54,8,1248,2,7,4,1,4
2018200337442,2,3,0,18,0,8,0,0,0,0,1,1,6,1,19,4,125,1,-1,7,1,7
2018200337460,1,9,0,18,0,1,0,0,0,0,1,1,3,2,46,8,1363,2,14,1,1,1
2018200337460,2,1,0,18,0,1,0,0,0,0,2,1,4,1,13,3,-1,-1,-1,1,1,1
2018200337471,1,1,0,9,0,6,0,0,0,0,0,1,4,1,13,3,-1,-1,-1,2,1,2
2018200337471,2,9,0,18,0,1,0,0,0,0,0,1,3,2,48,8,1596,1,13,3,1,3
2018200337478,1,9,0,18,0,2,0,0,0,0,3,1,2,1,57,9,1796,1,11,3,1,3
2018200337523,1,9,0,18,0,2,0,0,0,0,1,1,6,2,25,5,1896,2,9,2,1,2
2018200337523,2,1,0,18,0,2,0,0,0,0,4,1,4,1,14,3,-1,-1,-1,2,1,2
2018200337525,1,9,0,13,0,8,0,0,0,0,1,1,6,1,-1,-1,999,1,1,-1,-1,-1
2018200337525,2,1,0,9,0,5,0,0,0,0,1,1,4,1,18,4,-1,-1,-1,2,1,2
2018200337528,1,9,0,18,0,3,0,0,0,0,1,1,6,1,48,8,1968,2,5,10,1,10
2018200337528,2,9,0,18,0,2,0,0,0,0,2,1,6,1,45,7,1991,1,5,9,1,9
2018200337529,1,9,0,18,0,0,5,10,7,0,3,1,6,1,31,6,1783,1,17,2,1,2
2018200337529,2,1,0,2,9,0,0,0,0,0,0,1,6,1,21,5,-1,-1,-1,1,1,1
2018200337529,3,19,0,6,0,0,0,0,0,0,0,1,6,1,22,5,2198,2,4,1,1,1
2018200337555,1,9,0,18,0,1,0,0,0,0,1,1,6,2,23,5,1995,2,1,8,1,8
2018200337555,2,9,0,3,0,1,0,4,0,0,2,1,6,2,61,9,1198,1,11,6,1,6
2018200337555,3,21,1,2,0,1,0,0,0,0,3,1,6,3,-1,-1,7698,2,1,-1,-1,-1
2018200337560,1,1,0,18,0,8,0,0,0,0,1,1,2,1,23,5,-1,-1,-1,1,1,1
2018200337560,2,9,0,7,0,5,0,0,0,0,4,1,2,1,-1,-1,-1,-1,-1,-1,-1,-1
2018200337578,1,9,0,9,0,2,0,0,0,0,4,1,6,1,36,7,1560,2,11,5,1,5
2018200337582,1,9,0,18,0,0,0,10,0,0,1,1,6,3,-1,-1,-1,-1,-1,-1,-1,-1
2018200337582,2,1,0,18,9,0,0,0,0,0,2,1,6,2,26,6,-1,-1,-1,2,1,2
2018200337587,1,9,0,5,0,1,0,0,0,0,3,1,6,2,-1,-1,998,1,1,9,1,9
2018200337618,1,9,0,18,0,0,0,0,0,0,1,1,6,1,28,6,998,1,17,4,1,4
2018200337618,2,9,0,18,0,0,0,0,0,0,2,1,2,1,26,6,998,1,15,8,1,8
2018200337620,1,9,0,18,0,0,0,0,0,0,1,1,6,1,26,6,999,1,2,2,1,2
2018200337631,1,9,0,1,0,1,0,0,0,0,2,1,1,1,47,8,1794,1,13,1,1,1
2018200337636,1,9,0,18,0,0,0,0,0,0,4,1,6,1,27,6,1968,2,5,1,1,1
2018200337660,1,9,0,9,0,6,0,0,0,0,4,1,6,2,55,8,1968,2,5,2,1,2
2018200337660,2,9,0,18,0,8,0,0,0,0,1,1,6,3,-1,-1,-1,-1,-1,-1,-1,-1
2018200337677,1,9,0,5,0,6,0,0,0,0,3,1,6,1,18,4,998,1,16,2,1,2
2018200337677,2,9,0,18,0,8,0,0,0,0,1,1,6,2,39,7,999,1,-1,2,1,2
2018200337684,1,9,0,18,0,0,0,0,0,0,1,1,6,2,33,6,1229,1,5,2,1,2
2018200337699,1,21,0,4,0,1,0,0,0,0,2,1,6,1,-1,-1,-1,2,17,4,1,4
2018200337699,2,9,0,4,0,1,0,0,0,0,0,1,1,2,51,8,-1,-1,-1,5,1,5
2018200337700,1,9,0,18,0,1,0,0,0,0,1,1,6,1,29,6,1461,2,2,2,1,2
2018200337700,2,9,0,18,0,1,0,0,0,0,2,1,6,2,-1,-1,1598,1,5,4,1,4
2018200337744,1,11,0,3,0,0,0,0,0,0,3,1,1,1,40,7,-1,-1,-1,2,1,2
2018200337755,1,9,0,9,0,2,0,0,0,0,4,1,6,1,57,9,1386,1,11,1,1,1
2018200337759,1,5,0,18,0,8,1,0,0,0,1,1,6,1,28,6,599,1,21,4,1,4
2018200337759,2,9,0,9,0,6,0,0,0,0,3,1,6,2,56,9,2993,2,5,6,3,6
2018200337764,1,9,0,13,0,0,0,0,0,0,4,1,6,3,-1,-1,-1,-1,-1,-1,-1,-1
2018200337764,2,1,0,18,0,0,0,0,0,0,0,1,6,2,30,6,-1,-1,-1,7,1,7
2018200337787,1,9,0,9,0,5,0,0,0,0,1,1,6,1,-1,-1,2480,1,7,-1,-1,-1
2018200337787,2,1,0,10,0,1,0,0,0,0,3,1,2,1,22,5,-1,-1,-1,2,1,2
2018200337807,1,9,0,18,0,0,0,4,1,0,1,1,6,1,32,6,2993,2,9,1,1,1
2018200337807,2,9,0,2,0,0,0,0,0,0,2,1,6,1,68,10,1753,2,14,1,1,1
2018200337819,1,9,0,9,0,5,0,0,0,0,1,1,6,1,-1,-1,1598,1,14,6,2,6
2018200337819,2,9,0,16,0,2,0,0,0,0,3,1,6,2,49,8,1498,1,13,1,1,1
2018200337831,1,8,0,5,0,1,0,0,0,0,1,1,6,1,-1,-1,-1,-1,-1,-1,-1,-1
2018200337831,2,9,0,9,0,1,0,0,0,0,2,1,6,2,22,5,1499,1,-1,4,1,4
2018200337855,1,9,0,18,0,0,1,7,0,0,1,1,6,1,33,6,2497,1,13,4,1,4
2018200337855,2,9,0,18,0,0,1,0,0,0,1,1,6,1,35,6,1991,2,14,1,1,1
2018200337881,1,9,0,7,0,6,0,0,0,0,0,1,2,2,48,8,1999,1,1,2,1,2
2018200337881,2,4,0,18,0,2,0,0,0,0,3,1,2,1,23,5,-1,-1,-1,1,1,1
2018200337881,3,9,0,10,0,1,0,0,0,0,3,1,2,2,54,8,1229,1,10,7,1,7
2018200337919,1,11,0,18,0,0,0,0,0,0,1,1,1,1,56,9,6700,2,-1,6,1,6
2018200337951,1,9,0,7,0,4,0,0,0,0,2,1,6,3,30,6,-1,-1,-1,-1,-1,-1
2018200337951,2,9,0,18,0,4,0,9,3,0,2,1,1,2,31,6,1968,2,10,3,1,3
2018200337977,1,9,0,18,0,1,0,0,0,0,1,1,6,3,-1,-1,-1,-1,-1,-1,-1,-1
2018200337977,2,9,0,3,0,1,0,0,0,0,2,1,6,2,22,5,1398,1,8,1,1,1
2018200337980,1,9,0,18,0,8,0,0,0,0,1,1,6,2,22,5,1686,2,4,5,1,5
2018200337996,1,9,0,12,0,0,0,4,1,10,3,1,6,1,19,4,999,1,-1,10,3,10
2018200337996,2,21,0,18,0,0,0,0,0,0,4,1,1,1,54,8,10837,2,2,5,1,5
2018200337996,3,9,0,2,0,0,0,0,0,0,3,1,6,3,-1,-1,-1,-1,-1,-1,-1,-1
2018200338001,1,9,0,9,0,5,0,0,0,0,4,1,6,1,-1,-1,1598,2,7,2,1,2
2018200338001,2,9,0,18,0,8,0,0,0,0,1,1,6,1,23,5,1596,1,11,7,1,7
2018200338014,1,9,0,8,0,1,0,0,0,0,2,1,6,1,34,6,1956,2,3,2,1,2
2018200338014,2,9,0,18,0,1,0,0,0,0,2,1,6,3,-1,-1,1461,2,4,-1,-1,-1
2018200338014,3,19,0,3,0,1,0,0,0,0,1,1,6,1,38,7,2148,2,11,9,1,9
2018200338024,1,98,0,1,0,6,0,10,3,11,2,1,6,1,79,11,-1,-1,-1,1,1,1
2018200338031,1,9,0,17,0,8,0,0,0,0,1,1,6,2,35,6,1399,1,1,1,-1,1
2018200338031,2,1,0,7,0,5,0,0,0,0,4,1,4,1,10,2,-1,-1,-1,3,1,3
2018200338033,1,9,0,18,0,8,0,0,0,0,3,1,6,2,21,5,1398,1,4,3,1,3
2018200338033,2,9,0,5,0,6,0,0,0,0,1,1,6,3,-1,-1,1229,1,8,-1,-1,-1
2018200338040,1,1,0,18,0,0,0,0,0,0,1,1,6,1,49,8,-1,-1,-1,1,1,1
2018200338040,2,9,0,16,0,0,0,0,0,0,1,1,6,3,-1,-1,1796,1,15,-1,-1,-1
2018200338045,1,9,0,18,0,0,1,10,1,2,2,1,6,1,31,6,2891,1,1,7,1,7
2018200338045,2,9,0,2,9,0,0,0,0,0,2,1,5,3,-1,-1,1360,1,11,-1,-1,-1
2018200338045,3,9,0,2,9,0,0,0,0,0,4,1,5,3,-1,-1,1598,1,7,-1,-1,-1
2018200338059,1,9,0,11,0,8,0,0,0,0,4,1,6,1,-1,-1,1242,1,3,-1,-1,-1
2018200338059,2,9,0,18,0,8,0,0,0,0,3,1,2,2,22,5,1390,1,4,3,1,3
2018200338105,1,9,0,1,9,8,0,0,0,0,2,1,6,1,-1,-1,-1,-1,-1,-1,-1,-1
2018200338107,1,9,0,1,9,0,0,0,0,0,2,1,3,2,41,7,1596,1,11,6,1,6
2018200338120,1,9,0,4,0,0,0,0,0,0,1,1,6,1,17,4,1600,2,8,3,1,3
2018200338120,2,9,0,4,0,0,0,0,0,0,3,1,6,1,-1,-1,1398,1,2,4,1,4
2018200338128,1,9,0,3,0,1,0,0,0,0,2,1,6,1,-1,-1,1399,2,16,3,1,3
2018200338128,2,9,0,18,0,1,0,0,0,0,1,1,6,2,-1,-1,1242,1,3,2,1,2
2018200338169,1,9,0,2,0,0,0,0,0,0,1,1,6,1,22,5,1991,1,3,3,1,3
2018200338169,2,9,0,2,0,0,0,0,0,0,2,1,6,1,62,9,1968,2,3,7,1,7
2018200338169,3,1,0,18,0,0,0,0,0,0,1,1,6,1,37,7,-1,-1,-1,1,1,1
2018200338175,1,9,0,18,0,8,0,0,0,0,3,1,6,2,23,5,2143,2,3,7,1,7
2018200338175,2,9,0,9,0,6,0,0,0,0,1,1,6,1,25,5,2204,2,12,-1,-1,-1
2018200338187,1,8,0,18,0,0,0,0,0,0,1,1,6,3,-1,-1,-1,-1,-1,-1,-1,-1
2018200338216,1,9,0,9,9,5,0,0,0,0,1,1,6,2,39,7,1499,2,3,2,1,2
2018200338221,1,9,0,18,0,1,0,0,0,0,4,1,6,1,40,7,1598,1,9,2,1,2
2018200338231,1,9,0,5,0,0,0,0,0,0,1,1,6,3,-1,-1,-1,-1,-1,-1,-1,-1
2018200338246,1,9,0,18,0,1,0,0,0,0,1,1,6,2,-1,-1,1349,1,10,1,1,1
2018200338247,1,9,0,9,0,6,0,0,0,0,1,1,6,1,45,7,1896,2,15,3,1,3
2018200338247,2,3,0,14,0,8,0,0,0,0,1,1,6,1,41,7,124,1,3,1,1,1
2018200338253,1,9,0,7,0,6,0,0,0,0,1,1,6,3,-1,-1,-1,-1,-1,-1,-1,-1
2018200338253,2,9,0,18,0,8,0,0,0,0,4,1,6,2,29,6,-1,-1,-1,1,1,1
2018200338260,1,9,0,4,0,0,0,0,0,0,1,1,1,2,22,5,1398,1,3,2,1,2
2018200338260,2,9,0,4,0,0,1,0,0,0,1,1,1,2,27,6,1968,2,1,6,1,6
2018200338260,3,9,0,4,0,0,0,0,0,0,2,1,2,1,28,6,1598,2,1,2,1,2
2018200338272,1,8,0,18,0,0,0,0,0,0,4,1,6,1,19,4,1229,1,13,1,1,1
2018200338272,2,3,0,18,0,0,0,0,0,0,3,1,6,1,55,8,124,1,1,2,1,2
2018200338288,1,1,0,18,0,8,0,0,0,0,1,1,5,1,55,8,-1,-1,-1,10,1,10
2018200338288,2,9,0,9,0,6,0,10,0,0,3,1,5,2,26,6,2967,2,9,2,1,2
2018200338295,1,9,0,9,0,6,0,0,0,0,1,1,6,1,27,6,1242,1,14,1,1,1
2018200338295,2,19,0,16,0,8,0,0,0,0,1,1,6,1,18,4,1686,2,12,5,1,5
2018200338314,1,9,0,18,0,1,0,0,0,0,1,1,6,3,-1,-1,998,1,11,-1,-1,-1
2018200338326,1,9,0,18,0,1,0,0,0,0,4,1,6,1,40,7,1999,8,1,-1,-1,-1
2018200338326,2,5,0,18,0,1,0,0,0,0,3,1,6,2,49,8,883,1,6,8,3,8
2018200338332,1,11,0,18,0,0,0,0,0,0,0,1,1,3,-1,-1,-1,-1,-1,-1,-1,-1
2018200338344,1,9,0,10,0,1,0,0,0,0,2,1,6,1,31,6,998,1,4,9,1,9
2018200338344,2,9,0,9,0,1,0,0,0,0,1,1,6,1,-1,-1,-1,-1,-1,-1,-1,-1
2018200338361,1,9,0,6,0,1,0,0,0,0,1,1,6,3,-1,-1,-1,-1,-1,-1,-1,-1
2018200338384,1,9,0,18,0,6,0,7,0,0,3,1,2,2,51,8,1395,1,1,4,1,4
2018200338384,2,9,0,18,0,8,0,0,0,0,1,1,2,1,26,6,1598,2,2,5,1,5
2018200338396,1,9,0,17,0,8,0,0,0,0,1,1,6,2,-1,-1,1598,1,10,1,1,1
2018200338396,2,9,0,17,0,5,0,0,0,0,3,1,6,1,22,5,1149,1,7,3,1,3
2018200338409,1,19,5,18,0,0,1,0,0,0,1,1,1,1,21,5,2461,2,8,5,1,5
2018200338409,2,9,5,3,0,0,0,0,0,0,2,1,1,1,43,7,1995,2,8,-1,-1,-1
2018200338409,3,9,5,3,0,0,0,0,0,0,2,1,1,2,28,6,1598,2,5,8,1,8
2018200338469,1,9,0,13,0,1,0,0,0,0,4,1,6,3,-1,-1,-1,-1,-1,-1,-1,-1
2018200338469,2,9,0,18,0,1,0,0,0,0,3,1,5,2,29,6,1497,1,17,1,1,1
2018200338480,1,9,0,18,0,1,0,0,0,0,1,1,6,3,-1,-1,1598,2,5,-1,-1,-1
2018200338480,2,9,0,3,0,1,0,0,0,0,2,1,6,2,25,5,1598,2,7,1,1,1
2018200338534,1,9,0,4,0,1,0,0,0,0,2,1,1,1,38,7,2183,2,8,1,1,1
2018200338534,2,9,0,5,0,1,0,0,0,0,1,1,6,2,25,5,998,1,12,7,1,7
2018200338543,1,9,0,13,0,0,5,11,1,0,1,1,6,1,21,5,1390,1,12,2,1,2
2018200338543,2,9,0,18,0,0,0,0,0,0,1,1,6,1,35,6,1968,2,3,1,1,1
2018200338547,1,11,0,17,2,1,0,0,0,0,3,1,1,1,56,9,5883,2,17,7,1,7
2018200338547,2,22,0,18,0,1,0,0,0,0,1,1,6,1,59,9,-1,-1,-1,1,1,1
2018200338562,1,9,0,18,0,0,0,0,0,0,1,1,6,1,51,8,1560,2,6,4,1,4
2018200338562,2,9,0,3,0,0,0,0,0,0,1,1,6,1,62,9,1242,1,10,10,1,10
2018200338562,3,9,0,3,0,0,0,0,0,0,2,1,6,1,50,8,1798,1,6,6,1,6
2018200338574,1,9,0,18,0,0,0,4,0,0,1,1,1,2,31,6,1995,2,4,2,1,2
2018200338574,2,9,0,2,0,0,0,0,0,0,1,1,5,3,-1,-1,1796,1,9,-1,-1,-1
2018200338574,3,9,0,2,0,0,0,0,0,0,2,1,5,3,-1,-1,4196,1,11,-1,-1,-1
2018200338574,4,9,0,2,0,0,0,0,0,0,2,1,5,3,-1,-1,1242,1,7,-1,-1,-1
2018200338599,1,9,0,9,0,5,0,0,0,0,3,1,6,1,37,7,1600,2,9,1,1,1
2018200338599,2,9,0,18,0,8,0,4,0,0,1,1,6,2,42,7,1390,1,8,4,1,4
2018200338599,3,9,0,2,0,1,0,4,0,0,1,1,2,2,52,8,1997,2,11,1,1,1
2018200338599,4,9,0,2,0,1,0,4,0,0,1,1,1,1,37,7,1998,2,9,3,1,3
2018200338639,1,21,4,11,0,0,0,0,0,0,4,1,1,1,54,8,12902,2,4,1,1,1
2018200338639,2,9,0,18,0,0,0,0,0,0,3,1,6,1,24,5,999,1,6,5,1,5
2018200338642,1,9,0,18,0,2,0,0,0,0,1,1,6,1,44,7,2792,7,9,3,1,3
2018200338681,1,9,0,5,0,4,0,0,0,0,1,1,6,1,24,5,-1,-1,-1,3,1,3
2018200338681,2,1,0,18,0,8,0,0,0,0,4,1,6,1,28,6,-1,-1,-1,2,1,2
2018200338736,1,9,0,18,0,0,0,0,0,0,1,1,6,2,57,9,1968,2,2,1,1,1
2018200338749,1,9,0,13,0,0,0,4,0,0,4,1,6,1,29,6,1364,1,10,3,1,3
2018200338749,2,9,0,18,0,0,0,0,0,0,3,1,6,1,25,5,2000,2,12,1,1,1
2018200338749,3,9,0,2,0,0,0,0,0,0,4,1,6,2,34,6,1995,2,13,3,1,3
2018200338749,4,9,0,2,0,0,0,0,0,0,4,1,6,2,34,6,1991,2,10,3,1,3
2018200338755,1,9,0,18,0,0,0,0,0,0,3,1,6,1,32,6,2720,2,11,2,1,2
2018200338755,2,1,0,13,0,0,0,0,0,0,4,1,6,1,28,6,-1,-1,-1,-1,-1,-1
2018200338762,1,9,0,9,0,8,0,0,0,0,1,1,6,1,59,9,1399,2,9,5,1,5
2018200338762,2,9,0,18,0,8,0,0,0,0,1,1,6,1,26,6,1388,1,15,2,1,2
2018200338779,1,9,0,9,0,2,0,0,0,0,1,1,6,3,-1,-1,-1,-1,-1,-1,-1,-1
2018200338788,1,9,0,9,0,6,0,0,0,0,1,1,6,2,49,8,998,1,5,3,1,3
2018200338788,2,5,0,13,0,8,0,0,0,0,3,1,6,1,28,6,1000,1,3,3,1,3
2018200338802,1,9,0,18,0,0,0,0,0,0,1,1,6,3,-1,-1,1461,2,1,8,1,8
2018200338802,2,9,0,3,0,0,0,0,0,0,2,1,6,1,36,7,1896,2,15,3,1,3
2018200338822,1,8,0,18,0,0,0,0,0,0,1,1,1,1,57,9,1997,2,14,2,1,2
2018200338822,2,9,0,3,0,0,0,0,0,0,2,1,1,1,60,9,1794,1,11,1,1,1
2018200338822,3,9,0,3,0,0,0,0,0,0,2,1,1,1,47,8,2993,2,11,8,1,8
2018200338822,4,9,0,18,0,0,0,0,0,0,1,1,1,2,52,8,-1,-1,-1,10,2,10
2018200338853,1,9,0,1,9,6,0,0,0,0,2,1,6,1,-1,-1,1910,2,10,-1,-1,-1
2018200338901,1,9,0,8,0,1,0,0,0,0,1,1,6,2,-1,-1,1333,1,-1,2,1,2
2018200338901,2,1,0,18,0,1,0,0,0,0,2,1,6,1,18,4,-1,-1,-1,1,1,1
2018200338940,1,9,0,13,0,0,0,10,8,2,1,1,6,1,22,5,1560,2,6,1,1,1
2018200338940,2,98,0,6,0,0,0,0,0,0,3,1,6,2,68,10,-1,-1,-1,4,1,4
2018200338942,1,9,0,18,0,8,0,0,0,0,1,1,6,1,-1,-1,-1,-1,-1,-1,-1,-1
2018200338942,2,9,0,7,0,5,0,0,0,0,2,1,6,2,27,6,1461,2,1,8,1,8
2018200338953,1,9,0,18,0,1,0,0,0,0,2,1,6,2,52,8,-1,-1,-1,3,1,3
2018200338953,2,9,0,18,0,1,0,0,0,0,1,1,6,1,-1,-1,1796,1,2,-1,-1,-1
2018200338980,1,9,0,9,0,6,0,0,0,0,3,1,6,1,-1,-1,-1,-1,-1,-1,-1,-1
2018200338980,2,9,0,18,0,8,0,0,0,0,1,1,6,1,36,7,1968,2,12,3,1,3
2018200338990,1,9,0,7,0,4,0,0,0,0,3,1,6,1,-1,-1,1390,1,9,-1,-1,-1
2018200338990,2,9,0,18,0,8,0,0,0,0,4,1,6,2,25,5,1968,2,8,1,1,1
2018200338996,1,9,0,1,0,0,0,4,0,0,2,1,6,2,-1,-1,1598,1,11,-1,-1,-1
2018200338996,2,9,0,2,0,0,0,0,0,0,3,1,6,2,44,7,1560,2,3,2,1,2
2018200338997,1,9,0,18,0,0,0,0,0,0,1,1,1,1,-1,-1,-1,-1,-1,-1,-1,-1
2018200338997,2,9,0,18,0,0,0,0,0,0,2,1,6,1,40,7,1461,2,-1,2,1,2
2018200339027,1,19,0,18,0,1,1,10,7,0,1,1,6,3,-1,-1,2402,2,8,-1,-1,-1
2018200339027,2,9,0,3,0,1,0,0,0,0,2,1,1,2,28,6,1598,1,5,2,1,2
2018200339080,1,9,0,18,0,1,0,0,0,0,2,1,6,1,-1,-1,-1,-1,-1,-1,-1,-1
2018200339080,2,9,0,3,0,1,0,0,0,0,2,1,6,1,35,6,-1,-1,-1,1,1,1
2018200339093,1,9,0,13,0,1,5,0,0,0,1,1,6,1,20,4,1390,1,6,2,1,2
2018200339093,2,9,0,9,0,1,0,0,0,0,3,1,6,1,49,8,1328,1,14,1,1,1
2018200339107,1,9,0,18,0,1,0,0,0,0,1,1,6,1,30,6,1560,2,5,1,1,1
2018200339107,2,9,0,18,0,2,0,10,1,0,1,1,6,2,46,8,1198,1,8,7,1,7
2018200339114,1,9,0,18,0,2,0,0,0,0,1,1,6,1,-1,-1,1587,1,18,-1,-1,-1
2018200339114,2,9,0,3,0,1,0,0,0,0,2,1,6,2,43,7,1198,1,7,1,1,1
2018200339129,1,9,0,9,0,1,0,0,0,0,0,1,6,2,24,5,1968,2,6,4,1,4
2018200339160,1,9,0,5,0,0,0,0,0,0,4,1,6,1,-1,-1,1968,2,11,1,1,1
2018200339160,2,9,0,18,0,0,0,0,0,0,1,1,6,1,43,7,1332,1,19,1,1,1
2018200339197,1,9,0,18,0,0,0,0,0,0,4,1,6,2,-1,-1,-1,-1,-1,-1,-1,-1
2018200339220,1,9,0,7,0,6,0,0,0,0,1,1,6,1,25,5,1299,1,13,2,1,2
2018200339222,1,11,0,5,0,0,0,0,0,0,1,1,1,1,33,6,9000,2,9,2,1,2
2018200339222,2,9,0,11,0,0,0,0,0,0,3,1,6,1,44,7,-1,-1,-1,6,1,6
2018200339257,1,9,0,18,0,6,0,0,0,0,1,1,1,1,30,6,1798,8,3,5,1,5
2018200339257,2,9,0,18,0,8,0,0,0,0,3,1,6,1,49,8,2902,2,12,1,1,1
2018200339294,1,9,0,18,0,0,0,10,0,0,1,1,6,2,-1,-1,-1,-1,-1,-1,-1,-1
2018200339298,1,9,0,18,0,6,0,0,0,0,1,1,6,1,-1,-1,1968,2,9,-1,-1,-1
2018200339298,2,9,0,18,0,8,0,0,0,0,3,1,6,1,27,6,1995,2,5,1,1,1
2018200339306,1,9,0,3,0,8,0,0,0,0,3,1,6,1,-1,-1,1390,1,6,-1,-1,-1
2018200339306,2,9,0,7,0,6,0,0,0,0,4,1,6,2,52,8,998,1,10,6,1,6
2018200339310,1,9,0,5,0,8,0,0,0,0,3,1,6,1,22,5,1398,1,8,3,1,3
2018200339313,1,9,0,18,0,0,0,0,0,0,1,1,6,2,60,9,998,1,15,1,1,1
2018200339313,2,22,0,18,0,0,0,0,0,0,1,1,6,1,78,11,-1,-1,-1,1,1,1
2018200339317,1,9,0,18,0,0,0,0,0,0,1,1,6,1,-1,-1,-1,-1,-1,-1,-1,-1
2018200339317,2,22,0,18,0,0,0,0,0,0,1,1,6,2,64,9,-1,-1,-1,2,1,2
2018200339394,1,9,0,18,0,0,0,0,0,0,1,1,6,3,-1,-1,-1,-1,-1,-1,-1,-1
2018200339404,1,9,0,5,0,6,0,0,0,0,1,1,6,1,50,8,2143,2,7,1,1,1
2018200339404,2,3,0,18,0,8,0,0,0,0,4,1,6,2,19,4,125,1,1,2,1,2
2018200339414,1,9,0,1,0,0,0,0,0,0,2,1,6,3,-1,-1,-1,-1,-1,-1,-1,-1
2018200339414,2,9,0,4,0,0,0,0,0,0,1,1,6,1,-1,-1,1598,2,1,2,1,2
2018200339428,1,9,0,11,0,0,0,0,0,0,4,1,6,1,-1,-1,1968,2,11,1,1,1
2018200339428,2,9,0,18,0,0,0,0,0,0,3,1,6,2,38,7,1598,2,1,6,1,6
2018200339440,1,9,0,17,0,8,0,0,0,0,1,1,6,2,45,7,-1,-1,-1,4,1,4
2018200339440,2,9,0,16,0,8,0,0,0,0,1,1,6,1,19,4,-1,-1,-1,2,1,2
2018200339453,1,21,1,4,0,1,0,0,0,0,2,1,6,3,-1,-1,-1,-1,-1,-1,-1,-1
2018200339453,2,3,0,3,0,1,0,0,0,0,0,1,1,1,38,7,124,1,1,3,1,3
2018200339488,1,9,0,18,0,8,0,0,0,0,4,1,6,3,27,6,1461,2,6,1,1,1
2018200339488,2,9,0,18,0,8,0,0,0,0,1,1,6,1,26,6,1362,1,5,1,1,1
2018200339501,1,9,0,5,0,1,0,0,0,0,1,1,6,1,-1,-1,1390,1,7,-1,-1,-1
2018200339501,2,9,0,8,0,1,0,0,0,0,2,1,6,1,26,6,998,1,12,3,1,3
2018200339509,1,9,0,18,0,0,0,0,0,0,1,1,6,2,33,6,1248,2,9,1,1,1