Accident_Index,Vehicle_Reference,Vehicle_Type,Towing_and_Articulation,Vehicle_Manoeuvre,Vehicle_Location-Restricted_Lane,Junction_Location,Skidding_and_Overturning,Hit_Object_in_Carriageway,Vehicle_Leaving_Carriageway,Hit_Object_off_Carriageway,1st_Point_of_Impact,Was_Vehicle_Left_Hand_Drive?,Journey_Purpose_of_Driver,Sex_of_Driver,Age_of_Driver,Age_Band_of_Driver,Engine_Capacity_(CC),Propulsion_Code,Age_of_Vehicle,Driver_IMD_Decile,Driver_Home_Area_Type,Vehicle_IMD_Decile
2018200339509,2,9,0,18,0,0,0,0,0,0,2,1,6,2,22,5,1598,2,4,1,1,1
2018200339512,1,9,0,18,0,6,1,0,0,0,1,1,6,1,25,5,1753,2,17,-1,-1,-1
2018200339512,2,9,0,18,0,8,0,0,0,0,4,1,6,1,33,6,1796,1,11,4,1,4
2018200339512,3,9,0,18,0,1,0,0,0,0,0,1,1,1,-1,-1,-1,-1,-1,-1,-1,-1
2018200339512,4,9,0,18,0,1,0,0,0,0,3,1,6,1,74,10,1199,1,15,1,1,1
2018200339519,1,9,0,4,0,1,0,0,0,0,2,1,6,1,-1,-1,1968,2,7,-1,-1,-1
2018200339519,2,9,0,10,0,1,0,0,0,0,2,1,6,2,33,6,1499,2,3,1,1,1
2018200339522,1,9,0,18,0,8,0,0,0,0,1,1,6,1,-1,-1,2993,2,10,-1,-1,-1
2018200339522,2,9,0,7,0,6,0,4,0,0,3,1,6,1,19,4,1368,1,3,7,2,7
2018200339522,3,9,0,2,0,2,0,0,0,0,2,1,6,3,-1,-1,-1,-1,-1,-1,-1,-1
2018200339522,4,9,0,2,0,2,0,0,0,0,3,1,6,3,-1,-1,-1,-1,-1,-1,-1,-1
2018200339541,1,9,0,18,0,2,0,0,0,0,0,1,1,1,-1,-1,1395,1,5,-1,-1,-1
2018200339541,2,98,0,18,0,1,0,10,1,4,1,1,6,1,27,6,-1,-1,-1,2,1,2
2018200339541,3,9,0,18,0,2,0,0,0,0,0,1,6,1,-1,-1,2993,2,-1,-1,-1,-1
2018200339549,1,9,0,3,0,0,0,0,0,0,1,1,5,1,38,7,1968,2,10,1,1,1
2018200339549,2,9,0,18,0,0,0,0,0,0,1,1,6,1,-1,-1,1461,2,10,1,1,1
2018200339550,1,1,0,18,0,1,5,0,0,0,3,1,6,1,22,5,-1,-1,-1,1,1,1
2018200339550,2,9,0,7,0,5,0,0,0,0,1,1,6,1,25,5,-1,-1,-1,-1,-1,-1
2018200339553,1,9,0,18,0,2,0,0,0,0,1,1,6,1,-1,-1,1896,2,15,-1,-1,-1
2018200339553,2,9,0,18,0,2,0,0,0,0,2,1,6,2,36,7,1242,1,14,1,1,1
2018200339553,3,9,0,18,0,2,0,0,0,0,2,1,6,1,-1,-1,1984,1,1,-1,-1,-1
2018200339566,1,9,0,18,0,0,0,0,0,0,4,1,6,1,51,8,2967,2,1,5,1,5
2018200339566,2,9,0,3,0,0,0,0,0,0,3,1,6,2,30,6,1229,1,13,1,1,1
2018200339595,1,9,0,18,0,0,0,0,0,0,1,1,6,1,63,9,2199,1,23,6,1,6
2018200339637,1,-1,0,18,0,0,0,0,0,0,4,1,6,3,-1,-1,-1,-1,-1,-1,-1,-1
2018200339637,2,9,0,2,9,0,0,0,0,0,3,1,6,3,-1,-1,-1,-1,-1,-1,-1,-1
2018200339641,1,9,0,9,0,6,0,0,0,0,1,1,6,1,25,5,1596,1,11,1,1,1
2018200339641,2,9,0,18,0,8,1,0,0,0,3,1,6,1,37,7,1998,1,3,1,1,1
2018200339649,1,9,0,18,0,1,0,0,0,0,1,1,6,2,-1,-1,1199,1,15,-1,-1,-1
2018200339649,2,9,0,3,0,1,0,0,0,0,2,1,6,2,23,5,1496,2,3,8,1,8
2018200339666,1,9,0,5,0,0,0,0,0,0,3,1,1,1,37,7,-1,-1,-1,5,1,5
2018200339666,2,3,0,14,0,0,0,0,0,0,1,1,6,1,34,6,124,1,8,2,1,2
2018200339688,1,4,0,18,0,0,0,10,1,10,1,1,6,1,37,7,471,1,1,1,1,1
2018200339721,1,9,0,9,0,5,0,0,0,0,1,1,6,1,50,8,1798,1,8,1,1,1
2018200339721,2,4,0,18,0,8,0,0,0,0,3,1,6,1,20,4,471,1,3,7,1,7
2018200339744,1,9,0,18,0,0,0,0,0,0,2,1,6,2,28,6,1229,1,10,2,1,2
2018200339744,2,9,0,2,0,0,0,0,0,0,1,1,6,2,-1,-1,1318,1,1,-1,-1,-1
2018200339746,1,3,0,18,0,8,0,0,0,0,1,1,6,1,32,6,125,1,2,6,1,6
2018200339746,2,9,0,9,0,8,0,0,0,0,4,1,6,1,-1,-1,1968,2,9,-1,-1,-1
2018200339753,1,9,0,18,0,8,0,0,0,0,1,1,6,1,20,4,2179,2,6,2,1,2
2018200339753,2,9,0,18,0,5,0,0,0,0,4,1,6,1,40,7,1598,1,5,-1,-1,-1
2018200339759,1,9,0,18,0,4,0,0,0,0,1,1,6,1,-1,-1,1896,2,9,-1,-1,-1
2018200339759,2,9,0,16,0,4,0,0,0,0,1,1,6,1,42,7,1753,2,14,2,1,2
2018200339759,3,9,0,18,0,1,0,0,0,0,0,1,1,1,-1,-1,-1,-1,-1,7,1,7
2018200339767,1,9,0,18,0,0,0,0,0,0,4,1,6,2,-1,-1,-1,-1,-1,-1,-1,-1
2018200339773,1,9,0,18,0,8,0,0,0,0,1,1,6,1,32,6,1984,1,10,10,1,10
2018200339773,2,9,0,18,0,8,0,0,0,0,4,1,1,1,42,7,1598,2,7,1,1,1
2018200339790,1,9,0,9,0,5,0,0,0,0,1,1,6,2,-1,-1,1339,1,9,2,1,2
2018200339790,2,1,0,18,0,8,0,0,0,0,3,1,6,1,24,5,-1,-1,-1,1,1,1
2018200339802,1,9,0,16,0,0,1,10,2,4,3,1,6,1,21,5,1149,1,12,2,1,2
2018200339804,1,9,0,18,0,1,0,0,0,0,1,1,6,1,33,6,1998,1,-1,6,1,6
2018200339804,2,9,0,3,0,1,1,0,0,0,2,1,6,1,40,7,1995,2,4,2,1,2
2018200339804,3,9,0,5,0,4,1,0,0,0,2,1,6,2,-1,-1,1360,1,12,-1,-1,-1
2018200339807,1,9,0,1,0,2,0,0,0,0,2,1,6,1,36,7,3498,1,10,2,1,2
2018200339807,2,9,0,9,0,1,0,0,0,0,3,1,6,1,34,6,1242,1,-1,8,1,8
2018200339809,1,9,0,18,0,8,0,0,0,0,4,1,5,2,-1,-1,1596,1,12,2,1,2
2018200339809,2,9,0,5,0,6,0,10,0,0,1,1,1,1,-1,-1,1753,2,8,-1,-1,-1
2018200339813,1,3,0,13,0,0,0,4,0,0,4,1,1,1,17,4,124,1,3,1,1,1
2018200339813,2,9,0,18,0,0,0,0,0,0,3,1,6,1,41,7,1685,2,6,5,1,5
2018200339813,3,9,0,2,0,0,0,0,0,0,4,1,1,2,80,11,1061,1,14,5,1,5
2018200339822,1,9,0,18,0,1,0,0,0,0,1,1,6,2,62,9,998,1,2,6,1,6
2018200339822,2,9,0,18,0,1,0,0,0,0,2,1,6,1,51,8,1560,2,4,1,1,1
2018200339823,1,9,0,18,0,0,0,0,0,0,3,1,6,1,-1,-1,-1,-1,-1,-1,-1,-1
2018200339823,2,9,0,18,0,0,0,0,0,0,3,1,6,2,24,5,998,1,5,5,1,5
2018200339826,1,9,0,5,9,0,0,0,0,0,1,1,1,3,-1,-1,1956,2,3,-1,-1,-1
2018200339826,2,1,0,18,9,0,0,0,0,0,4,1,6,1,13,3,-1,-1,-1,1,1,1
2018200339837,1,9,0,18,0,8,0,0,0,0,4,1,1,1,41,7,1968,2,10,5,1,5
2018200339837,2,9,0,9,0,5,0,0,0,0,2,1,5,3,-1,-1,-1,-1,-1,-1,-1,-1
2018200339848,1,9,0,18,0,1,0,0,0,0,1,1,6,3,35,6,1685,2,1,2,1,2
2018200339848,2,9,0,18,0,8,0,0,0,0,1,1,6,1,33,6,1753,2,10,1,1,1
2018200339853,1,9,0,10,0,1,0,0,0,0,2,1,6,1,24,5,1149,1,12,1,1,1
2018200339853,2,9,0,18,0,1,0,0,0,0,1,1,6,3,-1,-1,1984,1,2,-1,-1,-1
2018200339868,1,9,0,9,0,5,0,0,0,0,3,1,6,2,58,9,1560,2,7,5,1,5
2018200339868,2,3,0,18,0,6,0,0,0,0,1,1,6,1,32,6,125,1,8,-1,-1,-1
2018200339870,1,9,0,1,0,0,0,0,0,0,2,1,1,3,-1,-1,-1,-1,-1,-1,-1,-1
2018200339871,1,9,0,7,0,5,0,0,0,0,1,1,6,1,49,8,1339,1,8,1,1,1
2018200339871,2,1,0,18,0,2,0,0,0,0,1,1,6,1,42,7,-1,-1,-1,1,1,1
2018200339872,1,9,0,1,0,0,0,0,0,0,2,1,6,2,-1,-1,-1,-1,-1,-1,-1,-1
2018200339873,1,9,0,18,0,0,0,0,0,0,1,1,6,1,-1,-1,2000,1,13,-1,-1,-1
2018200339873,2,9,0,3,0,0,0,0,0,0,2,1,1,2,25,5,1598,2,3,1,1,1
2018200339874,1,9,0,18,0,0,0,0,2,0,1,1,6,1,18,4,1598,2,3,2,1,2
2018200339875,1,9,0,16,0,0,1,10,1,11,4,1,2,1,26,6,1396,1,16,2,1,2
2018200339878,1,9,0,4,0,0,0,0,0,0,1,1,6,2,58,9,1461,2,3,5,3,5
2018200339878,2,9,0,18,0,0,0,0,0,0,2,1,6,2,-1,-1,-1,-1,-1,-1,-1,-1
2018200339878,3,9,0,18,0,0,0,0,0,0,2,1,6,3,-1,-1,-1,-1,-1,-1,-1,-1
2018200339887,1,9,0,18,0,1,0,9,3,0,1,1,6,2,25,5,1798,8,-1,1,1,1
2018200339904,1,98,0,18,0,8,0,0,0,0,4,1,6,3,-1,-1,-1,-1,-1,-1,-1,-1
2018200339904,2,9,0,18,0,8,0,0,0,0,2,1,6,1,43,7,1995,2,5,3,1,3
2018200339908,1,9,0,18,0,1,0,0,0,0,2,1,6,3,-1,-1,1686,2,8,-1,-1,-1
2018200339908,2,9,0,18,0,1,0,0,0,0,4,1,6,1,46,8,1794,1,14,2,1,2
2018200339913,1,9,0,13,0,0,0,10,2,0,4,1,6,3,-1,-1,1560,2,12,-1,-1,-1
2018200339913,2,9,0,3,0,0,0,10,0,0,3,1,6,1,59,9,1596,1,13,1,1,1
2018200339919,1,9,0,18,0,2,0,0,0,0,1,1,6,2,22,5,998,1,5,2,1,2
2018200339924,1,9,0,9,0,5,0,0,0,0,1,1,6,1,59,9,3449,1,14,3,1,3
2018200339924,2,9,0,18,0,8,0,0,0,0,1,1,6,1,28,6,998,1,16,1,1,1
2018200339931,1,9,0,9,0,6,0,0,0,0,3,1,6,1,18,4,1197,1,6,8,1,8
2018200339931,2,1,0,18,0,8,0,0,0,0,1,1,6,1,30,6,-1,-1,-1,7,1,7
2018200339934,1,9,0,7,0,6,0,0,0,0,1,1,6,2,56,9,1587,1,16,8,1,8
2018200339937,1,9,0,18,0,0,5,4,0,0,1,1,6,2,60,9,1598,1,4,2,-1,2
2018200339937,2,9,0,2,0,0,0,0,0,0,1,1,5,2,38,7,998,1,5,1,1,1
2018200339950,1,9,0,4,0,0,0,0,0,0,2,1,6,1,27,6,1461,2,-1,3,1,3
2018200339950,2,9,0,4,0,0,0,0,0,0,2,1,6,2,23,5,1199,1,4,5,1,5
2018200339950,3,9,0,3,0,0,0,0,0,0,1,1,6,3,-1,-1,-1,-1,-1,-1,-1,-1
2018200339998,1,90,0,18,9,2,0,0,0,0,1,1,6,1,-1,-1,-1,-1,-1,-1,-1,-1
2018200340003,1,21,0,18,0,0,0,4,0,0,1,1,5,1,76,11,10308,2,9,1,1,1
2018200340003,2,9,0,2,0,0,0,0,0,0,3,1,6,2,32,6,1598,2,7,1,1,1
2018200340011,1,9,0,9,0,6,0,0,0,0,1,1,6,2,62,9,1685,2,3,7,1,7
2018200340011,2,97,0,9,0,5,0,0,0,0,1,1,6,1,63,9,-1,-1,-1,5,1,5
2018200340012,1,9,0,3,0,2,0,0,0,0,2,1,6,1,39,7,1791,8,6,2,1,2
2018200340012,2,9,0,7,0,2,0,0,0,0,1,1,6,1,-1,-1,1968,2,14,1,1,1
2018200340034,1,9,0,4,0,1,0,0,0,0,1,1,6,1,-1,-1,1595,1,4,-1,-1,-1
2018200340036,1,9,0,18,0,0,0,0,0,0,1,1,1,1,51,8,1968,2,7,7,1,7
2018200340041,1,9,0,9,0,2,0,0,0,0,3,1,6,1,25,5,1598,1,11,1,1,1
2018200340046,1,9,0,18,0,8,0,0,0,0,1,1,6,1,-1,-1,-1,-1,-1,-1,-1,-1
2018200340046,2,9,0,10,0,8,0,0,0,0,2,1,1,2,25,5,1896,2,12,8,1,8
2018200340056,1,9,0,18,0,4,0,0,0,0,1,1,1,2,57,9,1997,2,9,8,2,8
2018200340056,2,1,0,3,0,4,0,0,0,0,2,1,1,1,-1,-1,-1,-1,-1,10,1,10
2018200340073,1,9,0,18,0,6,0,0,0,0,4,1,6,2,-1,-1,-1,-1,-1,-1,-1,-1
2018200340073,2,1,0,18,0,8,0,0,0,0,1,1,6,1,50,8,-1,-1,-1,9,1,9
2018200340074,1,9,0,18,0,6,0,0,0,0,3,1,6,1,-1,-1,1798,1,11,-1,-1,-1
2018200340074,2,9,0,18,0,8,0,0,0,0,1,1,6,1,34,6,1598,2,7,2,1,2
2018200340089,1,9,0,9,0,5,0,0,0,0,1,1,1,1,71,10,1598,2,1,8,1,8
2018200340089,2,9,0,18,0,8,0,0,0,0,3,1,1,1,56,9,1956,2,4,-1,-1,-1
2018200340089,3,-1,0,7,0,6,0,0,0,0,3,1,6,3,-1,-1,-1,-1,-1,-1,-1,-1
2018200340142,1,9,0,18,0,1,0,0,0,0,1,1,1,1,18,4,-1,-1,-1,6,1,6
2018200340142,2,9,0,7,0,1,0,0,0,0,2,1,1,1,64,9,1910,2,10,2,1,2
2018200340174,1,9,0,12,0,1,0,0,0,0,4,1,6,2,34,6,799,2,6,3,1,3
2018200340195,1,9,0,13,0,8,0,0,0,0,4,1,6,2,41,7,1364,1,10,1,1,1
2018200340195,2,9,0,9,0,5,0,0,0,0,3,1,6,2,28,6,1399,1,12,1,1,1
2018200340207,1,9,0,6,0,0,0,0,0,0,1,1,6,1,-1,-1,1461,2,4,-1,-1,-1
2018200340207,2,1,0,18,0,0,0,0,0,0,3,1,2,1,60,9,-1,-1,-1,1,1,1
2018200340219,1,9,0,18,0,2,0,0,0,0,1,1,6,1,-1,-1,-1,-1,-1,-1,-1,-1
2018200340271,1,9,0,1,9,6,0,0,0,0,2,1,6,1,81,11,1339,1,10,10,1,10
2018200340282,1,9,0,18,0,0,0,0,0,0,4,1,6,1,-1,-1,-1,-1,-1,-1,-1,-1
2018200340282,2,9,0,6,0,0,0,0,0,0,4,1,6,2,-1,-1,1598,2,3,1,1,1
2018200340284,1,9,0,18,0,0,0,0,0,0,1,1,6,1,-1,-1,1398,1,3,-1,-1,-1
2018200340291,1,1,0,18,0,3,0,0,0,0,4,1,1,1,-1,-1,-1,-1,-1,2,1,2
2018200340291,2,19,0,18,0,4,0,0,0,0,3,1,6,1,-1,-1,2143,2,4,-1,-1,-1
2018200340309,1,9,0,9,0,6,0,0,0,0,4,1,6,2,32,6,1797,1,25,8,1,8
2018200340309,2,11,0,3,0,8,0,0,0,0,3,1,1,1,35,6,7300,2,15,-1,-1,-1
2018200340407,1,9,0,9,0,5,0,0,0,0,2,1,6,2,41,7,1364,1,12,2,1,2
2018200340407,2,9,0,9,0,6,0,0,0,0,1,1,6,1,-1,-1,1598,1,1,-1,-1,-1
2018200340420,1,9,0,18,0,0,0,0,0,0,1,1,6,1,-1,-1,1910,2,14,-1,-1,-1
2018200340420,2,9,0,3,0,0,0,0,0,0,2,1,6,1,34,6,1798,8,6,5,1,5
2018200340439,1,9,0,18,0,0,0,0,0,0,2,1,1,1,49,8,1956,2,5,3,1,3
2018200340439,2,1,0,18,0,0,0,0,0,0,1,1,6,2,42,7,-1,-1,-1,6,1,6
2018200340514,1,9,0,18,0,8,0,0,0,0,3,1,6,2,25,5,1242,1,6,7,1,7
2018200340514,2,9,0,5,0,6,0,0,0,0,1,1,6,1,-1,-1,1560,2,11,1,1,1
2018200340580,1,9,0,5,0,0,0,0,0,0,3,1,2,2,63,9,998,1,5,7,1,7
2018200340592,1,3,0,18,0,8,0,0,0,0,1,1,6,1,17,4,124,1,5,3,1,3
2018200340592,2,9,0,10,0,5,0,0,0,0,1,1,6,1,39,7,1995,2,2,10,1,10
2018200340609,1,9,0,18,0,0,0,0,0,0,1,1,6,3,-1,-1,-1,-1,-1,-1,-1,-1
2018200340609,2,1,0,18,0,0,0,0,0,0,2,1,6,1,35,6,-1,-1,-1,1,1,1
2018200340620,1,19,0,4,0,1,0,0,0,0,1,1,6,1,24,5,1870,2,15,-1,-1,-1
2018200340620,2,9,0,3,0,1,0,0,0,0,2,1,6,2,32,6,1598,2,5,2,1,2
2018200340620,3,9,0,3,0,1,0,0,0,0,2,1,6,2,35,6,2143,2,2,2,1,2
2018200340636,1,9,0,7,4,1,0,0,0,0,2,1,6,2,-1,-1,1596,1,13,-1,-1,-1
2018200340636,2,1,0,18,4,1,1,0,0,0,1,1,6,1,46,8,-1,-1,-1,3,1,3
2018200340648,1,9,0,18,0,1,0,0,0,0,1,1,6,1,-1,-1,-1,-1,-1,-1,-1,-1
2018200340648,2,9,0,3,0,1,0,0,0,0,2,1,6,2,36,7,-1,-1,-1,1,1,1
2018200340672,1,9,0,9,0,2,0,0,0,0,0,1,6,2,27,6,1242,1,13,2,1,2
2018200340695,1,9,0,9,0,6,0,0,0,0,3,1,6,2,31,6,1229,1,11,4,1,4
2018200340695,2,19,0,18,0,8,0,0,0,0,1,1,1,1,55,8,1560,2,1,6,1,6
2018200340698,1,19,0,18,0,6,5,4,0,0,4,1,1,1,33,6,2198,2,2,1,1,1
2018200340698,2,19,0,18,0,8,0,0,0,0,1,1,6,1,65,9,2496,2,21,2,1,2
2018200340710,1,9,0,18,0,1,0,0,0,0,1,1,6,2,-1,-1,1197,1,4,-1,-1,-1
2018200340710,2,9,0,3,0,1,0,0,0,0,2,1,2,1,20,4,1598,2,1,6,2,6
2018200340730,1,9,0,5,0,1,0,0,0,0,1,1,6,1,-1,-1,999,1,1,-1,-1,-1
2018200340730,2,9,0,5,0,1,0,0,0,0,1,1,6,1,19,4,1242,1,8,1,1,1
2018200340731,1,9,0,16,0,8,0,0,0,0,3,1,6,1,30,6,3100,2,25,2,1,2
2018200340731,2,9,0,18,0,6,0,0,0,0,1,1,6,1,45,7,1995,2,12,4,1,4
2018200340744,1,9,0,18,0,0,0,0,0,0,3,1,6,3,-1,-1,1198,1,7,-1,-1,-1
2018200340768,1,9,0,4,0,0,0,0,0,0,1,1,6,1,43,7,1242,1,11,1,1,1
2018200340768,2,9,0,4,0,0,0,0,0,0,2,1,6,1,29,6,2143,2,1,3,1,3
2018200340768,3,5,0,4,0,0,0,0,0,0,1,1,6,1,55,8,1450,1,15,1,1,1
2018200340768,4,9,0,2,0,0,0,0,0,0,0,1,6,3,-1,-1,1360,1,12,-1,-1,-1
2018200340769,1,9,0,4,0,1,0,0,0,0,1,1,3,1,42,7,1896,2,11,2,-1,2
2018200340783,1,9,0,18,0,0,0,0,7,0,3,1,6,1,33,6,1496,2,2,3,1,3
2018200340783,2,90,0,18,0,0,0,0,0,0,2,1,6,2,46,8,-1,-1,-1,4,3,4
2018200340852,1,9,0,5,0,1,0,0,0,0,2,1,6,1,56,9,1461,2,7,10,1,10
2018200340852,2,9,0,18,0,1,0,0,0,0,1,1,6,1,-1,-1,2179,2,5,4,1,4
2018200340856,1,21,0,4,0,1,0,0,0,0,4,1,1,1,36,7,-1,-1,-1,2,1,2
2018200340907,1,9,0,6,0,8,0,0,0,0,4,1,6,1,39,7,1560,2,6,3,1,3
2018200340907,2,9,0,18,0,8,0,0,0,0,1,1,6,1,27,6,1598,1,9,5,1,5
2018200340927,1,3,0,5,0,4,0,0,0,0,1,1,6,1,18,4,124,1,3,2,1,2
2018200340927,2,9,0,5,0,8,0,0,0,0,1,1,6,2,43,7,1896,2,14,1,1,1
2018200340950,1,9,0,18,0,6,0,0,0,0,4,1,6,2,-1,-1,1339,1,6,10,1,10
2018200340950,2,9,0,18,0,8,0,0,0,0,4,1,6,2,30,6,1997,2,3,4,1,4
2018200340952,1,9,0,9,0,6,0,0,0,0,3,1,2,1,36,7,1968,2,7,3,1,3
2018200340952,2,9,0,18,0,8,0,0,0,0,1,1,2,1,18,4,1398,1,3,9,1,9
2018200340960,1,9,0,16,0,2,0,0,0,0,1,1,6,1,-1,-1,1900,2,12,-1,-1,-1
2018200340960,2,9,0,3,0,2,0,0,0,0,2,1,6,1,52,8,-1,-1,-1,1,1,1
2018200340971,1,9,0,18,0,0,0,0,0,0,1,1,6,3,-1,-1,1995,2,11,-1,-1,-1
2018200340971,2,9,0,3,0,0,0,0,0,0,2,1,6,1,56,9,1461,2,5,9,3,9
2018200340998,1,9,0,18,0,0,0,0,0,0,1,1,6,3,-1,-1,-1,-1,-1,-1,-1,-1
2018200340998,2,1,0,18,0,0,2,0,0,0,2,1,6,1,56,9,-1,-1,-1,4,1,4
2018200341037,1,9,0,7,0,1,0,0,0,0,2,1,6,2,73,10,1229,1,10,1,1,1
2018200341037,2,9,0,18,0,1,0,0,0,0,1,1,6,3,-1,-1,-1,-1,-1,-1,-1,-1
2018200341038,1,9,0,18,0,0,0,0,0,0,1,1,6,1,32,6,1798,1,2,9,3,9
2018200341038,2,9,0,18,0,0,0,0,0,0,1,1,6,1,32,6,1388,1,9,8,3,8
2018200341038,3,9,0,18,0,0,0,0,0,0,2,1,6,2,53,8,1956,2,3,3,1,3
2018200341045,1,19,0,18,0,0,0,0,0,0,4,1,6,1,40,7,1560,2,2,3,1,3
2018200341045,2,1,0,18,0,0,0,0,0,0,3,1,6,1,16,4,-1,-1,-1,1,1,1
2018200341048,1,5,0,18,0,6,0,0,0,0,1,1,6,1,34,6,698,1,33,6,1,6
2018200341048,2,9,0,9,0,8,0,0,0,0,1,1,6,2,19,4,1390,1,6,3,1,3
2018200341054,1,9,0,9,0,5,0,0,0,0,4,1,6,1,21,5,1229,1,10,-1,-1,-1
2018200341054,2,9,0,18,0,8,0,0,0,0,1,1,6,3,-1,-1,-1,-1,-1,-1,-1,-1
2018200341058,1,9,0,18,0,1,0,9,7,1,3,1,6,1,61,9,1560,2,4,5,1,5
2018200341063,1,9,0,12,0,0,0,0,0,0,3,1,6,1,-1,-1,-1,-1,-1,-1,-1,-1
2018200341063,2,9,0,18,0,0,1,0,0,0,4,1,6,1,26,6,-1,-1,-1,1,1,1
2018200341130,1,9,0,18,0,2,0,0,0,0,1,1,6,3,-1,-1,-1,-1,-1,1,1,1
2018200341137,1,98,0,18,0,3,0,0,0,0,4,1,6,3,-1,-1,-1,-1,-1,-1,-1,-1
2018200341137,2,9,0,18,0,3,0,0,0,0,3,1,6,1,41,7,1956,2,7,3,1,3
2018200341193,1,9,0,18,0,0,0,0,0,0,1,1,6,2,55,8,1587,1,16,7,1,7
2018200341193,2,9,0,18,0,0,0,0,0,0,2,1,6,3,-1,-1,-1,-1,-1,-1,-1,-1
2018200341210,1,9,0,9,0,5,0,0,0,0,4,1,6,1,68,10,2987,2,10,2,1,2
2018200341210,2,8,0,18,0,8,0,0,0,0,1,1,1,1,36,7,2402,2,15,1,1,1
2018200341219,1,9,0,18,0,8,0,0,0,0,1,1,6,1,92,11,1596,1,10,8,1,8
2018200341219,2,9,0,10,0,8,0,0,0,0,2,1,6,1,50,8,2494,8,1,6,1,6
2018200341225,1,9,0,6,0,2,0,10,7,0,1,1,6,1,-1,-1,-1,-1,-1,-1,-1,-1
2018200341227,1,98,0,18,0,0,0,0,0,0,3,1,6,1,35,6,-1,-1,-1,-1,-1,-1
2018200341227,2,19,0,18,0,0,0,0,0,0,3,1,6,1,44,7,2488,2,7,7,1,7
2018200341237,1,9,0,18,0,0,0,0,0,0,2,1,6,1,46,8,-1,-1,-1,5,1,5
2018200341237,2,9,0,18,0,0,0,0,0,0,1,1,6,1,38,7,1364,1,3,-1,-1,-1
2018200341239,1,9,0,18,0,0,0,0,0,0,1,1,6,2,28,6,1598,1,17,-1,-1,-1
2018200341239,2,9,0,18,0,0,0,0,0,0,2,1,6,2,31,6,1388,1,9,3,1,3
2018200341242,1,9,0,16,0,0,1,10,7,0,1,1,6,3,-1,-1,1598,1,15,-1,-1,-1
2018200341242,2,9,0,17,0,0,0,0,0,0,1,1,6,1,43,7,-1,-1,-1,1,1,1
2018200341244,1,9,0,18,0,0,0,0,0,0,4,1,6,3,-1,-1,-1,-1,-1,-1,-1,-1
2018200341266,1,9,0,18,0,0,0,0,0,0,1,1,6,1,-1,-1,1896,2,11,2,1,2
2018200341266,2,9,0,3,0,0,0,0,0,0,2,1,6,2,34,6,1399,2,7,9,1,9
2018200341282,1,9,0,6,0,0,0,0,0,0,3,1,6,1,25,5,1560,2,11,3,1,3
2018200341282,2,8,0,18,0,0,0,0,0,0,1,1,1,1,36,7,2499,2,11,2,1,2
2018200341290,1,9,0,18,0,2,2,0,2,4,1,1,6,1,31,6,1796,2,5,5,1,5
2018200341295,1,9,0,18,0,1,0,0,0,0,1,1,6,3,-1,-1,-1,-1,-1,-1,-1,-1
2018200341295,2,1,0,7,0,5,0,0,0,0,1,1,6,1,36,7,-1,-1,-1,6,1,6
2018200341315,1,19,0,5,0,1,0,0,0,0,2,1,6,1,-1,-1,1560,2,1,6,1,6
2018200341315,2,9,0,3,0,1,0,0,0,0,1,1,6,1,19,4,1896,2,15,8,1,8
2018200341320,1,9,0,18,0,3,1,0,1,7,1,1,6,1,31,6,1995,2,7,4,1,4
2018200341347,1,19,0,18,0,8,0,0,0,0,1,1,1,1,29,6,2402,2,13,2,1,2
2018200341353,1,23,0,9,0,8,0,0,0,0,1,1,6,1,21,5,-1,-1,-1,5,1,5
2018200341353,2,9,0,18,0,8,0,0,0,0,1,1,6,3,-1,-1,-1,-1,-1,-1,-1,-1
2018200341357,1,9,0,18,0,0,0,4,0,0,1,1,6,2,33,6,1968,2,12,1,1,1
2018200341357,2,9,0,2,0,0,0,0,0,0,2,1,6,1,56,9,3200,6,19,1,1,1
2018200341362,1,9,0,18,0,1,0,0,0,0,1,1,6,2,41,7,-1,-1,-1,6,1,6
2018200341362,2,19,0,3,0,1,0,0,0,0,2,1,1,1,21,5,1995,2,4,4,1,4
2018200341395,1,9,0,9,0,5,0,0,0,0,1,1,6,1,26,6,1995,2,5,1,1,1
2018200341395,2,1,0,18,0,8,0,0,0,0,2,1,6,1,35,6,-1,-1,-1,1,1,1
2018200341397,1,9,0,7,0,6,0,10,3,10,1,1,6,1,85,11,898,1,1,4,1,4
2018200341406,1,9,0,18,0,0,0,0,0,0,1,1,6,2,32,6,1560,2,4,8,1,8
2018200341406,2,9,0,3,0,0,0,0,0,0,2,1,6,2,-1,-1,1388,1,9,2,1,2
2018200341420,1,9,0,18,0,1,0,0,0,0,4,1,6,1,22,5,1769,1,14,3,1,3
2018200341425,1,90,0,11,0,1,0,0,0,0,0,1,6,1,-1,-1,-1,-1,-1,-1,-1,-1
2018200341425,2,9,0,18,0,1,0,10,0,0,1,1,6,1,28,6,2521,1,9,6,-1,6
2018200341436,1,9,0,18,0,0,0,0,0,0,1,1,6,1,30,6,2993,2,8,7,1,7
2018200341436,2,9,0,18,0,0,1,4,0,0,3,1,6,2,28,6,1995,2,6,1,1,1
2018200341436,3,9,0,2,0,0,0,0,0,0,2,1,5,1,-1,-1,1390,1,7,-1,-1,-1
2018200341444,1,9,0,2,0,0,0,0,0,0,1,1,5,2,30,6,-1,-1,-1,1,1,1
2018200341444,2,9,0,1,0,0,0,4,0,0,2,1,6,2,-1,-1,1461,2,1,-1,-1,-1
2018200341454,1,9,0,18,0,8,0,0,0,0,1,1,6,1,36,7,-1,-1,-1,3,1,3