Accident_Index,Vehicle_Reference,Vehicle_Type,Towing_and_Articulation,Vehicle_Manoeuvre,Vehicle_Location-Restricted_Lane,Junction_Location,Skidding_and_Overturning,Hit_Object_in_Carriageway,Vehicle_Leaving_Carriageway,Hit_Object_off_Carriageway,1st_Point_of_Impact,Was_Vehicle_Left_Hand_Drive?,Journey_Purpose_of_Driver,Sex_of_Driver,Age_of_Driver,Age_Band_of_Driver,Engine_Capacity_(CC),Propulsion_Code,Age_of_Vehicle,Driver_IMD_Decile,Driver_Home_Area_Type,Vehicle_IMD_Decile
2018200341454,2,9,0,9,0,5,0,0,0,0,2,1,6,2,58,9,1388,1,8,8,1,8
2018200341457,1,9,0,18,0,0,0,0,0,0,1,1,6,1,27,6,2143,2,5,1,1,1
2018200341470,1,9,0,18,0,0,0,10,0,0,1,1,6,1,56,9,1598,1,11,2,1,2
2018200341471,1,9,0,14,0,0,0,0,0,0,4,1,6,2,-1,-1,-1,-1,-1,-1,-1,-1
2018200341482,1,4,0,13,0,8,0,0,0,0,3,1,6,1,-1,-1,373,1,-1,-1,-1,-1
2018200341482,2,9,0,9,0,8,0,0,0,0,0,1,6,1,30,6,1598,2,-1,4,1,4
2018200341485,1,9,0,10,0,1,0,0,0,0,2,1,6,2,69,10,1299,1,23,1,1,1
2018200341485,2,9,0,10,0,1,0,0,0,0,1,1,6,2,-1,-1,-1,-1,-1,-1,-1,-1
2018200341491,1,9,0,18,0,0,0,0,0,0,1,1,6,2,64,9,1798,1,7,1,1,1
2018200341510,1,9,0,9,0,2,0,0,0,0,3,1,6,1,75,10,998,1,11,1,1,1
2018200341511,1,9,0,18,0,8,0,10,7,0,1,1,1,1,49,8,1896,2,16,3,1,3
2018200341511,2,9,0,9,0,8,0,0,0,0,1,1,1,1,49,8,1598,1,8,1,1,1
2018200341513,1,9,0,18,0,0,0,0,0,0,1,1,6,1,30,6,1598,2,5,1,1,1
2018200341527,1,9,0,18,0,0,0,0,0,0,3,1,5,2,26,6,1582,2,6,3,1,3
2018200341527,2,1,0,5,0,0,0,0,0,0,3,1,6,1,24,5,-1,-1,-1,1,1,1
2018200341542,1,1,0,18,0,6,1,0,0,0,3,1,6,1,53,8,-1,-1,-1,2,1,2
2018200341542,2,9,0,18,0,8,1,0,0,0,1,1,2,1,22,5,998,1,2,3,1,3
2018200341548,1,9,0,18,0,1,0,0,0,0,1,1,6,3,-1,-1,2497,2,14,-1,-1,-1
2018200341548,2,9,0,3,0,1,0,0,0,0,2,1,6,2,30,6,1197,1,5,1,1,1
2018200341554,1,9,0,18,0,0,0,0,0,0,1,1,5,1,55,8,1995,2,16,4,1,4
2018200341556,1,9,0,9,0,6,0,0,0,0,3,1,3,1,46,8,1560,2,4,1,1,1
2018200341556,2,9,0,9,0,5,0,0,0,0,3,1,3,2,28,6,1968,2,10,2,1,2
2018200341557,1,9,0,18,0,5,0,0,0,0,1,1,6,1,22,5,-1,-1,-1,3,1,3
2018200341557,2,9,0,18,0,8,0,0,0,0,1,1,6,2,38,7,1149,1,12,3,1,3
2018200341557,3,9,0,18,0,1,0,0,0,0,1,1,6,1,24,5,1149,1,11,4,1,4
2018200341559,1,9,0,17,0,0,0,10,1,11,1,1,6,2,34,6,1598,1,16,4,1,4
2018200341560,1,9,0,18,0,2,0,0,0,0,1,1,6,1,19,4,1598,2,8,4,1,4
2018200341560,2,3,0,7,0,6,0,0,0,0,2,1,6,1,17,4,125,1,-1,4,1,4
2018200341594,1,9,0,5,0,6,0,0,0,0,1,1,6,1,-1,-1,-1,-1,-1,-1,-1,-1
2018200341594,2,9,0,18,0,8,0,0,0,0,1,1,6,2,50,8,1396,1,17,7,1,7
2018200341595,1,9,0,13,0,0,0,0,0,0,3,1,2,1,37,7,1685,2,7,1,1,1
2018200341595,2,1,0,18,0,0,0,0,0,0,4,1,2,1,52,8,-1,-1,-1,2,1,2
2018200341596,1,9,0,6,0,0,0,0,0,0,3,1,6,1,-1,-1,-1,-1,-1,-1,-1,-1
2018200341596,2,5,0,3,0,0,0,0,0,0,4,1,6,1,44,7,2294,1,-1,9,-1,9
2018200341597,1,19,0,7,0,6,0,0,0,0,3,1,1,1,35,6,1968,2,2,1,1,1
2018200341597,2,5,0,18,0,8,0,0,0,0,4,1,6,1,57,9,745,1,1,2,1,2
2018200341625,1,9,0,15,0,1,0,0,0,0,3,1,2,2,40,7,-1,3,4,6,1,6
2018200341626,1,9,0,1,9,8,0,0,0,0,2,1,1,1,25,5,-1,-1,-1,6,1,6
2018200341626,2,9,0,2,9,8,0,0,0,0,3,1,6,2,32,6,1364,1,1,1,1,1
2018200341627,1,9,0,18,0,1,0,0,0,0,1,1,6,3,-1,-1,1968,2,10,-1,-1,-1
2018200341627,2,9,0,3,0,1,0,0,0,0,2,1,1,1,38,7,1896,2,13,1,1,1
2018200341628,1,9,0,18,0,6,0,0,0,0,1,1,6,3,-1,-1,-1,-1,-1,-1,-1,-1
2018200341628,2,9,0,18,0,8,0,0,0,0,1,1,6,1,21,5,998,1,6,1,1,1
2018200341629,1,9,0,9,0,6,0,0,0,0,1,1,6,1,48,8,2993,2,13,3,1,3
2018200341629,2,9,0,14,0,8,0,0,0,0,1,1,6,1,23,5,-1,-1,-1,2,1,2
2018200341630,1,9,0,18,0,8,5,0,0,0,1,1,6,1,36,7,2191,2,-1,6,1,6
2018200341630,2,9,0,18,0,8,1,0,0,0,3,1,6,1,29,6,1364,1,13,3,1,3
2018200341634,1,9,0,13,0,1,0,0,0,0,3,1,6,2,27,6,1200,1,-1,1,1,1
2018200341634,2,5,0,9,0,1,0,0,0,0,4,1,6,1,24,5,599,1,22,2,1,2
2018200341646,1,9,0,18,0,1,0,0,0,0,1,1,6,3,-1,-1,-1,-1,-1,-1,-1,-1
2018200341682,1,9,0,18,0,3,0,0,0,0,4,1,6,2,19,4,1397,1,7,3,1,3
2018200341682,2,19,0,18,0,3,1,10,1,0,3,1,6,1,32,6,1998,2,15,6,1,6
2018200341697,1,9,0,9,0,6,0,0,0,0,3,1,5,1,57,9,1390,1,9,6,1,6
2018200341697,2,3,0,18,0,8,0,0,0,0,1,1,5,1,52,8,125,1,6,9,1,9
2018200341717,1,5,0,14,0,8,0,0,0,0,1,1,3,1,46,8,1002,1,21,1,1,1
2018200341717,2,9,0,9,0,6,0,0,0,0,3,1,6,1,44,7,1956,2,2,1,1,1
2018200341739,1,9,0,18,0,0,0,0,0,0,1,1,6,1,25,5,1997,2,15,9,1,9
2018200341755,1,8,0,5,0,1,0,0,0,0,4,1,6,3,-1,-1,-1,-1,-1,-1,-1,-1
2018200341755,2,1,0,5,0,1,0,0,0,0,1,1,1,1,45,7,-1,-1,-1,1,1,1
2018200341762,1,9,0,18,0,2,0,4,0,0,1,1,6,2,35,6,1796,1,14,8,1,8
2018200341762,2,9,0,2,0,2,0,0,1,0,2,1,6,1,19,4,1242,1,10,5,1,5
2018200341782,1,9,0,18,0,0,0,0,0,0,1,1,6,1,-1,-1,2000,2,7,2,1,2
2018200341796,1,9,0,18,0,0,0,0,0,0,1,1,6,2,29,6,2359,1,13,1,1,1
2018200341796,2,9,0,18,0,0,0,0,0,0,2,1,6,2,-1,-1,998,1,-1,3,1,3
2018200341796,3,9,0,18,0,0,0,0,0,0,2,1,6,2,34,6,1498,1,1,8,1,8
2018200341815,1,9,0,14,0,8,0,10,7,2,1,1,6,1,31,6,2204,2,11,1,1,1
2018200341815,2,9,0,18,0,8,0,0,0,0,3,1,6,1,66,10,1560,2,-1,5,1,5
2018200341816,1,9,0,3,0,0,0,0,0,0,2,1,6,2,25,5,1248,2,4,1,1,1
2018200341816,2,9,0,18,0,0,0,0,0,0,1,1,6,3,-1,-1,2143,2,6,-1,-1,-1
2018200341880,1,9,0,18,0,1,0,0,0,0,1,1,6,1,-1,-1,1686,2,13,-1,-1,-1
2018200341880,2,9,0,8,0,1,0,0,0,0,2,1,6,1,28,6,998,1,14,5,1,5
2018200341942,1,9,0,18,0,8,0,0,0,0,1,1,6,2,83,11,1299,1,24,10,1,10
2018200341942,2,9,0,9,0,6,0,0,0,0,3,1,6,2,22,5,1149,1,15,2,1,2
2018200341966,1,9,0,14,0,2,0,0,0,0,3,1,6,1,24,5,1396,1,14,7,1,7
2018200342017,1,9,0,18,0,8,0,0,0,0,1,1,6,1,34,6,1896,2,10,-1,-1,-1
2018200342017,2,19,0,9,0,8,0,0,0,0,4,1,6,1,41,7,1968,2,1,-1,-1,-1
2018200342064,1,9,0,17,0,0,5,10,2,11,4,1,6,1,43,7,1910,2,10,3,1,3
2018200342072,1,9,0,18,0,0,0,0,0,0,1,1,6,1,-1,-1,-1,-1,-1,-1,-1,-1
2018200342092,1,9,0,1,0,1,0,0,0,0,3,1,6,1,22,5,2000,2,8,2,1,2
2018200342092,2,9,0,18,0,1,0,0,0,0,3,1,6,2,25,5,1397,1,10,1,1,1
2018200342105,1,9,0,9,0,2,0,0,0,0,3,1,6,1,64,9,998,1,3,7,1,7
2018200342120,1,9,0,18,0,6,0,0,0,0,4,1,6,1,-1,-1,1689,2,15,-1,-1,-1
2018200342120,2,9,0,18,0,8,0,10,7,0,0,1,1,1,33,6,1995,2,4,1,1,1
2018200342203,1,1,0,18,0,6,0,0,0,0,0,1,6,2,35,6,-1,-1,-1,5,1,5
2018200342203,2,9,0,18,0,8,0,0,0,0,2,1,6,2,27,6,1108,1,8,1,1,1
2018200342224,1,9,0,3,0,0,0,0,0,0,2,1,6,1,30,6,-1,-1,-1,2,1,2
2018200342224,2,9,0,18,0,0,0,0,0,0,1,1,6,1,27,6,1242,1,11,1,1,1
2018200342226,1,19,0,18,0,0,0,0,0,0,1,1,1,1,26,6,1598,2,1,6,1,6
2018200342226,2,9,0,18,0,0,0,0,0,0,2,1,1,2,46,8,1200,1,-1,6,1,6
2018200342226,3,19,0,18,0,0,0,0,0,0,2,1,1,1,60,9,1560,2,3,-1,-1,-1
2018200342226,4,9,0,18,0,0,0,0,0,0,2,1,2,1,53,8,1968,2,7,6,1,6
2018200342287,1,9,0,7,3,0,0,0,0,0,3,1,6,1,28,6,1582,2,2,1,1,1
2018200342287,2,9,0,18,3,0,0,0,0,0,1,1,6,3,-1,-1,1998,1,11,-1,-1,-1
2018200342301,1,9,0,18,0,1,0,0,0,0,1,1,6,2,-1,-1,1388,1,7,9,1,9
2018200342301,2,9,0,3,0,1,0,0,0,0,2,1,6,2,25,5,1242,1,5,9,1,9
2018200342304,1,9,0,18,0,0,0,0,0,0,1,1,2,2,47,8,1461,2,2,10,1,10
2018200342304,2,9,0,13,0,0,1,0,0,0,1,1,6,1,25,5,2183,2,6,5,1,5
2018200342304,3,9,0,18,0,0,0,0,0,0,1,1,2,1,30,6,1496,2,1,9,1,9
2018200342304,4,9,0,14,0,0,1,0,0,0,0,1,6,3,-1,-1,-1,-1,-1,-1,-1,-1
2018200342308,1,9,0,5,0,6,0,0,0,0,1,1,2,1,-1,-1,1984,1,17,2,1,2
2018200342308,2,1,0,18,0,8,0,0,0,0,3,1,6,2,27,6,-1,-1,-1,2,1,2
2018200342326,1,9,0,9,0,0,0,0,0,0,1,1,6,3,-1,-1,1560,2,9,-1,-1,-1
2018200342326,2,9,0,7,0,0,0,0,0,0,3,1,6,2,53,8,1360,1,16,2,1,2
2018200342338,1,9,0,18,0,0,0,10,1,4,1,1,6,2,25,5,1229,1,4,9,1,9
2018200342342,1,9,0,18,0,2,0,0,0,0,3,1,6,1,35,6,1686,2,14,1,1,1
2018200342376,1,9,0,18,0,0,0,0,0,0,1,1,6,1,46,8,1998,1,13,2,1,2
2018200342405,1,9,0,18,0,2,0,0,0,0,1,1,6,1,25,5,2993,2,10,4,1,4
2018200342431,1,9,0,18,0,1,0,0,0,0,1,1,6,1,-1,-1,-1,-1,-1,-1,-1,-1
2018200342432,1,9,0,18,0,8,0,0,0,0,1,1,6,2,30,6,1598,1,7,2,1,2
2018200342432,2,9,0,9,0,5,0,0,0,0,4,1,6,2,35,6,1248,2,10,3,1,3
2018200342454,1,1,0,18,0,8,0,0,0,0,3,1,6,1,28,6,-1,-1,-1,1,1,1
2018200342454,2,9,0,7,0,4,0,0,0,0,4,1,6,1,-1,-1,-1,-1,-1,6,1,6
2018200342473,1,9,0,16,0,0,0,4,1,0,1,1,6,1,36,7,1991,1,4,1,1,1
2018200342473,2,9,0,2,0,0,0,0,0,0,1,1,6,1,-1,-1,2000,2,12,2,1,2
2018200342489,1,1,0,7,0,1,0,0,0,0,3,1,6,1,58,9,-1,-1,-1,2,1,2
2018200342489,2,9,0,7,0,1,0,0,0,0,4,1,6,2,-1,-1,3456,8,4,-1,-1,-1
2018200342497,1,9,0,5,0,0,0,0,0,0,4,1,6,1,22,5,1398,1,2,1,1,1
2018200342497,2,9,0,18,0,0,0,0,0,0,4,1,6,3,-1,-1,-1,-1,-1,-1,-1,-1
2018200342521,1,9,0,18,0,0,0,0,0,0,1,1,6,2,-1,-1,1968,2,8,-1,-1,-1
2018200342521,2,9,0,18,0,0,0,0,0,0,2,1,6,1,67,10,1242,1,4,5,1,5
2018200342568,1,9,0,9,0,6,0,0,0,0,3,1,6,2,31,6,1499,2,2,5,1,5
2018200342568,2,9,0,18,0,1,0,0,0,0,1,1,6,1,36,7,1995,2,13,3,1,3
2018200342572,1,9,0,4,0,8,0,0,0,0,1,1,6,1,-1,-1,-1,-1,-1,-1,-1,-1
2018200342572,2,9,0,3,0,8,0,0,0,0,2,1,6,2,34,6,1910,2,15,9,1,9
2018200342649,1,9,0,5,0,0,0,0,0,0,3,1,6,1,17,4,1289,1,18,1,1,1
2018200342649,2,9,5,18,0,0,0,0,0,0,1,1,6,1,33,6,1968,2,7,1,1,1
2018200342658,1,9,0,3,0,1,0,0,0,0,2,1,6,1,35,6,2995,1,9,9,3,9
2018200342658,2,9,0,18,0,1,0,0,0,0,1,1,6,1,-1,-1,1498,1,-1,-1,-1,-1
2018200342678,1,9,0,18,0,8,0,4,0,0,4,1,6,1,-1,-1,1984,1,10,-1,-1,-1
2018200342678,2,9,0,9,0,6,0,0,0,0,4,1,6,1,61,9,998,1,3,1,1,1
2018200342678,3,9,0,2,0,2,0,0,0,0,2,1,6,2,22,5,1149,1,10,6,1,6
2018200342678,4,9,0,2,0,1,0,0,0,0,2,1,6,1,-1,-1,1360,1,16,1,1,1
2018200342678,5,9,0,2,0,1,0,0,0,0,2,1,6,1,43,7,1596,1,15,1,1,1
2018200342683,1,9,0,18,0,8,0,0,0,0,1,1,6,3,-1,-1,998,1,13,-1,-1,-1
2018200342683,2,9,0,9,0,8,0,0,0,0,3,1,1,2,25,5,998,1,10,3,1,3
2018200342692,1,9,0,7,0,5,0,0,0,0,1,1,6,1,32,6,1994,1,20,-1,-1,-1
2018200342692,2,9,0,18,0,8,0,0,0,0,1,1,6,1,32,6,1968,2,9,4,1,4
2018200342711,1,9,0,9,0,6,0,0,0,0,1,1,6,2,24,5,-1,-1,-1,1,1,1
2018200342711,2,9,0,18,0,8,0,0,0,0,1,1,6,1,26,6,1753,2,11,1,1,1
2018200342742,1,19,0,18,0,4,0,0,0,0,1,1,6,1,29,6,1560,2,2,1,1,1
2018200342742,2,9,0,18,0,3,0,0,0,0,2,1,6,1,-1,-1,-1,-1,-1,-1,-1,-1
2018200342761,1,9,0,18,0,1,0,0,0,0,1,1,6,1,20,4,1229,1,5,10,1,10
2018200342761,2,9,0,18,0,1,0,0,0,0,2,1,6,1,21,5,1349,1,4,4,1,4
2018200342768,1,3,0,18,0,8,0,0,0,0,1,1,6,1,25,5,125,1,1,5,1,5
2018200342768,2,9,0,18,0,4,0,0,0,0,3,1,6,1,51,8,1598,2,4,3,1,3
2018200342774,1,5,0,16,0,1,0,0,0,0,1,1,6,1,65,9,599,1,6,2,1,2
2018200342783,1,9,0,16,0,4,0,0,0,0,1,1,6,1,18,4,1598,1,4,5,1,5
2018200342783,2,9,0,18,0,3,0,0,0,0,4,1,6,2,31,6,1461,2,4,8,3,8
2018200342785,1,9,0,5,0,6,0,0,0,0,1,1,1,1,43,7,1783,1,16,4,1,4
2018200342785,2,9,0,18,0,8,0,0,0,0,4,1,6,1,68,10,2143,2,4,5,1,5
2018200342804,1,8,0,1,0,2,0,0,0,0,2,1,6,1,-1,-1,1598,1,8,-1,-1,-1
2018200342806,1,9,0,4,0,1,1,0,0,0,1,1,6,1,30,6,-1,-1,-1,2,1,2
2018200342806,2,9,0,4,0,1,0,0,0,0,2,1,6,1,38,7,1968,2,4,1,1,1
2018200342818,1,1,0,18,0,0,0,0,0,0,1,1,6,1,-1,-1,-1,-1,-1,-1,-1,-1
2018200342820,1,19,0,9,0,8,0,0,0,0,1,1,6,1,64,9,2500,2,17,1,1,1
2018200342820,2,3,0,18,0,8,0,0,0,0,1,1,6,1,30,6,124,1,3,3,1,3
2018200342826,1,1,0,18,0,0,0,0,0,0,3,1,2,1,48,8,-1,-1,-1,2,1,2
2018200342826,2,9,0,6,0,0,0,0,0,0,4,1,6,1,-1,-1,1753,2,15,1,1,1
2018200342838,1,1,0,9,0,5,0,0,0,0,1,1,6,1,31,6,-1,-1,-1,5,1,5
2018200342838,2,19,0,9,0,5,0,0,0,0,1,1,6,1,-1,-1,2198,2,5,2,1,2
2018200342852,1,9,0,18,0,6,0,0,0,0,1,1,6,3,-1,-1,1968,2,14,-1,-1,-1
2018200342852,2,9,0,18,0,8,0,0,0,0,3,1,6,1,40,7,1461,2,9,1,1,1
2018200342855,1,9,0,18,0,0,0,7,4,0,1,1,6,1,62,9,5998,1,8,10,1,10
2018200342891,1,9,0,12,0,3,0,0,0,0,3,1,6,1,-1,-1,-1,-1,-1,-1,-1,-1
2018200342891,2,9,0,18,0,3,0,0,0,0,4,1,6,1,20,4,1997,2,9,1,1,1
2018200342897,1,9,0,18,0,0,0,0,0,0,1,1,6,3,-1,-1,-1,-1,-1,-1,-1,-1
2018200342899,1,9,0,18,0,1,0,0,0,0,1,1,6,1,45,7,1968,2,13,1,1,1
2018200342899,2,9,0,3,0,1,0,0,0,0,2,1,6,1,43,7,999,1,-1,6,1,6
2018200342902,1,9,0,5,0,0,0,0,0,0,1,1,6,1,37,7,2685,2,15,2,1,2
2018200342902,2,9,0,18,0,0,0,0,0,0,1,1,6,1,37,7,1798,7,9,1,1,1
2018200342905,1,9,0,9,0,8,0,0,0,0,3,1,6,1,50,8,1199,1,-1,3,1,3
2018200342905,2,9,0,18,0,8,0,0,0,0,4,1,6,1,28,6,1900,2,14,2,1,2
2018200342906,1,9,0,1,0,0,0,4,0,0,2,1,6,3,-1,-1,1896,2,17,-1,-1,-1
2018200342906,2,9,0,2,0,0,0,0,0,0,2,1,6,2,53,8,1298,1,12,1,1,1
2018200342914,1,9,0,14,0,8,0,0,7,0,1,1,6,1,51,8,799,2,8,4,1,4
2018200342914,2,9,0,9,0,6,0,0,0,0,3,1,6,1,39,7,2198,2,12,3,1,3
2018200342927,1,9,0,9,0,5,0,0,0,0,2,1,6,2,32,6,1995,2,3,9,1,9
2018200342927,2,9,0,18,0,8,0,0,0,0,1,1,6,2,26,6,1390,1,11,3,1,3
2018200343065,1,9,0,9,0,2,0,0,0,0,1,1,6,1,53,8,1968,2,12,1,1,1
2018200343085,1,9,0,18,0,8,1,7,7,6,4,1,6,2,54,8,1399,2,9,5,1,5
2018200343085,2,9,0,9,0,8,0,0,0,0,3,1,6,1,73,10,3984,1,8,3,1,3
2018200343104,1,19,0,13,0,2,0,0,0,0,4,1,6,1,20,4,2198,2,5,3,1,3
2018200343104,2,9,0,18,0,3,0,0,0,0,3,1,6,2,27,6,1598,2,1,2,1,2
2018200343104,3,9,0,18,0,3,0,0,0,0,0,1,1,1,-1,-1,2993,2,-1,1,1,1
2018200343124,1,9,0,18,0,0,0,4,0,0,1,1,6,1,69,10,1299,1,16,2,1,2
2018200343124,2,9,0,2,0,0,0,0,0,0,2,1,1,2,46,8,1248,2,1,2,1,2
2018200343141,1,9,0,18,0,0,0,0,0,0,1,1,6,2,-1,-1,1388,1,12,9,2,9
2018200343141,2,9,0,18,0,0,0,0,0,0,2,1,6,1,49,8,999,1,-1,10,1,10
2018200343159,1,9,0,18,0,0,0,0,0,0,1,1,6,1,56,9,999,1,4,1,1,1
2018200343190,1,9,0,18,0,6,0,0,0,0,1,1,6,1,16,4,1248,2,11,1,1,1
2018200343190,2,9,0,18,0,1,0,0,0,0,0,1,1,1,-1,-1,2993,2,2,5,1,5
2018200343190,3,9,0,18,0,8,0,0,0,0,4,1,6,1,43,7,1198,1,11,4,1,4
2018200343191,1,9,0,4,0,4,0,0,0,0,1,1,6,2,47,8,1560,2,2,3,1,3
2018200343191,2,9,0,4,0,8,0,0,0,0,1,1,6,1,84,11,1461,2,2,8,1,8
2018200343208,1,9,0,18,0,0,0,4,0,0,1,1,6,2,24,5,1600,1,13,1,1,1
2018200343208,2,9,0,2,0,0,0,0,0,0,2,1,6,1,55,8,1796,1,14,4,1,4
2018200343221,1,9,0,4,0,8,0,0,0,0,1,1,6,1,24,5,-1,-1,-1,9,1,9
2018200343221,2,9,0,3,0,8,0,0,0,0,2,1,6,1,39,7,1896,2,11,1,1,1
2018200343229,1,9,0,18,0,1,0,0,0,0,1,1,6,1,-1,-1,1599,1,14,-1,-1,-1
2018200343234,1,9,0,18,0,8,0,0,0,0,1,1,6,1,28,6,1368,1,8,1,1,1
2018200343234,2,9,0,9,0,5,0,0,0,0,4,1,6,1,30,6,1560,2,8,7,1,7
2018200343244,1,9,0,18,0,0,0,0,0,0,1,1,6,3,-1,-1,-1,-1,-1,-1,-1,-1
2018200343253,1,9,0,9,0,6,0,0,0,0,1,1,6,1,26,6,1229,1,14,2,1,2
2018200343253,2,1,0,18,0,8,0,0,0,0,1,1,6,1,64,9,-1,-1,-1,5,1,5
2018200343266,1,9,0,8,0,8,0,0,0,0,3,1,6,1,51,8,-1,-1,-1,2,1,2
2018200343266,2,9,0,7,0,8,0,0,0,0,0,1,1,1,-1,-1,-1,-1,-1,-1,-1,-1
2018200343271,1,5,0,12,0,1,0,0,0,0,3,1,6,1,36,7,998,1,8,6,2,6
2018200343271,2,5,0,18,0,1,2,0,0,0,4,1,6,1,20,4,803,1,8,4,1,4
2018200343301,1,9,0,18,0,0,0,0,0,0,1,1,6,3,-1,-1,1560,2,10,-1,-1,-1
2018200343313,1,8,0,5,6,0,0,4,0,0,1,1,1,1,52,8,2499,2,6,1,1,1
2018200343313,2,8,0,2,6,0,0,0,0,0,1,1,1,1,48,8,1598,2,7,1,1,1
2018200343328,1,9,0,18,0,1,0,0,0,0,1,1,6,2,34,6,1596,1,14,3,1,3
2018200343332,1,3,0,18,0,1,0,10,7,2,1,1,6,1,16,4,124,1,9,2,1,2
2018200343351,1,1,0,18,0,0,0,0,0,0,2,1,6,1,30,6,-1,-1,-1,1,1,1
2018200343351,2,9,0,18,0,0,0,0,0,0,1,1,6,1,-1,-1,-1,-1,-1,-1,-1,-1
2018200343359,1,9,0,18,9,2,0,0,0,0,1,1,6,1,32,6,1998,1,14,1,1,1
2018200343361,1,9,0,18,0,0,0,0,0,0,4,1,6,2,60,9,1781,1,14,1,1,1
2018200343361,2,22,0,5,0,0,0,0,0,0,1,1,6,2,58,9,-1,-1,-1,2,1,2
2018200343365,1,9,0,18,0,0,0,0,0,0,1,1,6,2,24,5,1968,2,6,9,2,9
2018200343382,1,9,0,9,0,2,0,0,0,0,1,1,6,2,44,7,1596,1,16,4,1,4
2018200343382,2,22,0,5,0,6,0,0,0,0,4,1,6,1,76,11,-1,-1,-1,2,1,2
2018200343383,1,9,0,15,0,0,0,0,0,0,1,1,6,1,22,5,2987,2,7,4,1,4
2018200343383,2,9,0,18,0,0,0,4,0,0,1,1,6,1,33,6,1995,2,2,1,1,1
2018200343383,3,9,0,2,0,0,0,0,1,0,1,1,6,1,68,10,1229,1,3,1,1,1
2018200343384,1,9,0,18,0,0,0,0,0,0,4,1,6,1,-1,-1,-1,-1,-1,-1,-1,-1
2018200343384,2,1,0,18,0,0,0,0,0,0,1,1,6,1,32,6,-1,-1,-1,2,1,2
2018200343399,1,9,0,18,0,0,0,0,0,0,1,1,6,2,70,10,1242,1,4,1,1,1
2018200343402,1,9,0,18,0,0,1,0,0,0,4,1,6,1,82,11,1584,1,11,10,1,10
2018200343402,2,21,1,18,0,0,0,0,0,0,1,1,2,1,54,8,-1,-1,-1,-1,-1,-1
2018200343409,1,21,1,18,0,0,0,0,0,0,1,1,1,1,45,7,10518,2,8,6,1,6
2018200343409,2,9,0,12,0,0,0,0,0,0,2,1,6,2,29,6,1461,2,1,-1,-1,-1
2018200343454,1,1,0,18,0,0,0,0,0,0,1,1,4,1,15,3,-1,-1,-1,4,1,4
2018200343454,2,98,0,18,0,0,0,0,0,0,1,1,6,1,-1,-1,-1,-1,-1,-1,-1,-1
2018200343467,1,9,0,18,0,8,0,0,0,0,1,1,6,1,31,6,4608,1,11,1,1,1
2018200343467,2,9,0,9,0,8,0,10,1,11,1,1,6,2,55,8,1560,2,8,7,1,7
2018200343482,1,19,0,18,0,8,0,0,0,0,1,1,6,1,21,5,1461,2,4,4,1,4
2018200343482,2,9,0,9,0,8,1,0,0,0,3,1,6,1,67,10,1468,1,11,9,1,9
2018200343482,3,9,0,9,0,1,0,0,0,0,1,1,6,2,40,7,1896,2,11,5,1,5
2018200343486,1,3,0,18,0,8,0,0,0,0,4,1,6,1,26,6,124,1,9,5,1,5
2018200343486,2,9,0,5,0,6,0,0,0,0,1,1,6,3,-1,-1,1395,1,3,-1,-1,-1
2018200343515,1,9,0,18,0,2,0,0,0,0,1,1,6,3,-1,-1,-1,-1,-1,-1,-1,-1
2018200343518,1,9,0,1,0,0,0,0,0,0,2,1,6,1,-1,-1,1797,8,4,-1,-1,-1
2018200343521,1,9,0,18,0,0,0,0,0,0,1,1,6,3,-1,-1,1997,2,11,-1,-1,-1
2018200343549,1,9,0,18,0,2,0,0,0,0,1,1,6,2,33,6,1686,2,6,2,1,2
2018200343562,1,9,0,11,0,0,0,0,0,0,4,1,6,1,-1,-1,1991,2,10,-1,-1,-1
2018200343562,2,9,0,18,0,0,0,0,0,0,1,1,6,2,31,6,1229,1,7,1,1,1
2018200343565,1,9,0,9,0,2,0,0,0,0,1,1,6,1,22,5,1598,2,2,1,1,1
2018200343568,1,9,0,18,0,0,0,0,0,0,1,1,6,1,47,8,1560,2,9,1,1,1
2018200343568,2,9,0,18,0,0,0,0,0,0,2,1,6,1,52,8,1796,1,9,5,1,5
2018200343579,1,9,0,5,0,1,0,0,0,0,4,1,6,1,66,10,-1,-1,-1,5,1,5
2018200343579,2,9,0,7,0,4,0,0,0,0,3,1,6,2,35,6,1995,2,11,3,1,3
2018200343583,1,11,0,18,0,0,0,0,0,0,0,1,1,1,53,8,-1,-1,-1,5,1,5
2018200343609,1,9,0,9,0,6,0,0,0,0,1,1,2,1,45,7,1560,2,4,3,1,3
2018200343609,2,4,0,18,0,8,0,0,0,0,4,1,2,1,41,7,498,1,25,4,1,4
2018200343614,1,9,0,18,0,2,0,10,7,3,1,1,6,1,30,6,1896,2,16,1,1,1
2018200343659,1,19,0,18,0,0,0,0,0,0,4,1,6,1,31,6,1461,2,4,1,1,1
2018200343659,2,9,0,12,0,0,0,0,0,0,3,1,6,3,-1,-1,2184,2,15,-1,-1,-1
2018200343672,1,11,0,16,0,0,0,10,7,10,1,1,1,1,60,9,3900,2,12,3,1,3
2018200343676,1,9,0,18,0,0,0,0,0,0,1,1,2,2,46,8,1598,2,7,7,2,7
2018200343680,1,9,0,18,0,6,0,0,0,0,1,1,6,1,-1,-1,1499,1,1,-1,-1,-1
2018200343680,2,9,0,18,0,8,0,0,0,0,3,1,6,1,65,9,1386,1,10,7,1,7