Accident_Index,Vehicle_Reference,Vehicle_Type,Towing_and_Articulation,Vehicle_Manoeuvre,Vehicle_Location-Restricted_Lane,Junction_Location,Skidding_and_Overturning,Hit_Object_in_Carriageway,Vehicle_Leaving_Carriageway,Hit_Object_off_Carriageway,1st_Point_of_Impact,Was_Vehicle_Left_Hand_Drive?,Journey_Purpose_of_Driver,Sex_of_Driver,Age_of_Driver,Age_Band_of_Driver,Engine_Capacity_(CC),Propulsion_Code,Age_of_Vehicle,Driver_IMD_Decile,Driver_Home_Area_Type,Vehicle_IMD_Decile
2018200343681,1,9,0,18,0,1,0,0,0,0,1,1,6,1,-1,-1,1910,2,10,1,1,1
2018200343681,2,9,0,18,0,1,0,0,0,0,2,1,6,1,50,8,1796,1,4,5,1,5
2018200343681,3,9,0,18,0,1,0,0,0,0,1,1,6,1,-1,-1,-1,-1,-1,-1,-1,-1
2018200343682,1,9,0,18,0,2,0,0,0,0,1,1,6,1,48,8,1997,2,14,4,1,4
2018200343695,1,9,0,18,0,0,0,0,0,0,4,1,6,1,21,5,1968,2,2,-1,-1,-1
2018200343704,1,1,0,3,0,1,0,0,0,0,2,1,6,1,51,8,-1,-1,-1,6,1,6
2018200343704,2,9,0,18,0,1,0,0,0,0,1,1,6,1,35,6,1422,2,16,1,1,1
2018200343708,1,9,0,10,0,1,0,10,0,0,2,1,6,2,40,7,999,1,5,9,1,9
2018200343708,2,9,0,18,0,1,0,0,0,0,1,1,6,1,34,6,4554,1,16,9,1,9
2018200343713,1,9,0,18,0,1,0,0,0,0,1,1,6,1,71,10,2400,2,4,5,1,5
2018200343716,1,9,0,18,0,8,0,0,0,0,1,1,3,1,-1,-1,-1,-1,-1,-1,-1,-1
2018200343716,2,1,0,9,0,6,0,0,0,0,4,1,3,1,12,3,-1,-1,-1,3,1,3
2018200343719,1,21,1,18,0,0,0,7,6,4,1,1,1,1,58,9,11120,2,2,-1,-1,-1
2018200343723,1,9,0,18,0,1,0,10,1,10,1,1,6,2,39,7,998,1,4,6,1,6
2018200343727,1,98,0,18,0,0,0,0,0,0,1,1,6,1,32,6,-1,-1,-1,3,1,3
2018200343751,1,9,0,5,0,0,0,0,0,0,1,1,6,1,59,9,1587,1,11,1,1,1
2018200343751,2,9,0,18,0,0,0,0,0,0,4,1,1,1,54,8,-1,-1,-1,6,1,6
2018200343787,1,19,0,4,0,1,0,0,0,0,1,1,1,1,24,5,1995,2,-1,6,3,6
2018200343802,1,9,0,18,0,1,0,0,0,0,4,1,6,3,-1,-1,1390,1,14,-1,-1,-1
2018200343802,2,1,0,5,0,1,0,0,0,0,3,1,1,1,36,7,-1,-1,-1,6,1,6
2018200343836,1,11,0,18,0,1,0,0,0,0,3,1,1,1,32,6,6696,2,4,1,1,1
2018200343861,1,9,0,7,0,5,0,0,0,0,1,1,1,1,24,5,-1,-1,-1,1,1,1
2018200343861,2,9,0,8,0,1,0,0,0,0,3,1,6,1,50,8,-1,-1,-1,5,1,5
2018200343875,1,9,0,18,0,0,0,0,0,0,1,1,6,3,-1,-1,-1,-1,-1,-1,-1,-1
2018200343875,2,9,0,3,0,0,0,0,0,0,3,1,6,1,47,8,2360,7,9,1,1,1
2018200343897,1,9,0,18,0,6,0,0,0,0,4,1,1,1,36,7,1598,1,13,3,1,3
2018200343897,2,9,0,18,0,8,0,0,0,0,1,1,6,1,68,10,1395,1,2,10,1,10
2018200343917,1,11,0,18,0,0,0,0,0,0,1,1,1,1,57,9,8268,2,17,1,1,1
2018200343955,1,9,0,18,0,1,0,0,0,0,1,1,6,1,-1,-1,2993,2,13,-1,-1,-1
2018200343955,2,9,0,8,0,1,0,0,0,0,2,1,6,2,45,7,1399,1,-1,1,1,1
2018200344002,1,9,0,18,0,1,0,0,0,0,1,1,6,2,18,4,954,1,21,4,1,4
2018200344017,1,9,0,18,0,4,0,0,0,0,1,1,6,3,-1,-1,-1,-1,-1,-1,-1,-1
2018200344017,2,9,0,18,0,4,0,10,1,10,4,1,6,1,62,9,1560,2,10,1,1,1
2018200344052,1,9,0,12,0,7,0,0,0,0,1,1,2,2,59,9,1598,2,4,7,3,7
2018200344052,2,9,0,3,0,8,0,0,0,0,2,1,2,1,34,6,1598,2,7,1,1,1
2018200344052,3,9,0,3,0,8,0,0,0,0,1,1,2,1,32,6,2143,2,3,3,1,3
2018200344056,1,9,0,3,0,1,0,0,0,0,2,1,6,1,33,6,1968,2,7,1,1,1
2018200344056,2,9,0,18,0,1,0,0,0,0,1,1,6,3,-1,-1,-1,-1,-1,-1,-1,-1
2018200344083,1,9,0,18,0,0,0,0,0,0,1,1,6,1,-1,-1,-1,-1,-1,-1,-1,-1
2018200344083,2,9,0,4,0,0,0,0,0,0,2,1,6,1,34,6,1390,1,13,4,1,4
2018200344100,1,98,0,7,0,5,0,0,0,0,3,1,6,3,-1,-1,-1,-1,-1,-1,-1,-1
2018200344100,2,1,0,18,0,1,0,0,0,0,0,1,6,1,53,8,-1,-1,-1,2,2,2
2018200344153,1,9,0,18,0,4,0,0,0,0,1,1,6,1,79,11,1341,1,13,2,1,2
2018200344153,2,9,0,9,0,8,0,0,0,0,1,1,6,2,33,6,1781,1,17,2,1,2
2018200344168,1,9,0,18,0,8,0,0,0,0,1,1,6,3,-1,-1,1995,2,10,-1,-1,-1
2018200344168,2,9,0,18,0,8,0,0,0,0,3,1,6,1,26,6,1229,1,12,3,1,3
2018200344168,3,9,0,18,0,1,0,0,0,0,0,1,1,2,-1,-1,2993,2,1,-1,-1,-1
2018200344178,1,9,0,9,9,5,0,0,0,0,3,1,6,1,-1,-1,-1,-1,-1,-1,-1,-1
2018200344178,2,1,0,18,9,8,0,0,0,0,1,1,4,1,12,3,-1,-1,-1,3,1,3
2018200344184,1,9,0,18,0,0,0,0,0,0,1,1,6,1,22,5,998,1,1,-1,-1,-1
2018200344184,2,9,0,3,0,0,0,0,0,0,2,1,6,1,69,10,2793,1,18,-1,-1,-1
2018200344184,3,9,0,3,0,0,0,0,0,0,2,1,6,1,-1,-1,1200,1,4,-1,-1,-1
2018200344212,1,9,0,3,0,1,0,0,0,0,1,1,6,2,33,6,-1,-1,-1,2,1,2
2018200344212,2,9,0,1,0,2,0,0,0,0,2,1,6,3,-1,-1,-1,-1,-1,-1,-1,-1
2018200344238,1,9,0,14,0,2,0,0,0,0,1,1,6,3,-1,-1,-1,-1,-1,-1,-1,-1
2018200344238,2,9,0,3,0,2,0,0,0,0,2,1,6,1,62,9,1618,1,3,1,1,1
2018200344245,1,9,0,7,0,6,0,0,0,0,1,1,6,2,-1,-1,1299,1,15,1,1,1
2018200344245,2,9,0,18,0,8,0,0,0,0,4,1,1,1,29,6,1956,2,8,1,1,1
2018200344282,1,9,0,7,0,4,0,0,0,0,1,1,6,3,-1,-1,1560,2,11,-1,-1,-1
2018200344282,2,1,0,18,0,8,0,0,0,0,1,1,6,2,14,3,-1,-1,-1,8,1,8
2018200344328,1,9,0,9,0,6,0,0,0,0,1,1,6,3,-1,-1,-1,-1,-1,-1,-1,-1
2018200344328,2,3,0,10,0,8,0,0,0,0,0,1,6,2,17,4,124,1,13,3,1,3
2018200344343,1,9,0,18,0,0,0,0,0,0,3,1,6,2,35,6,1896,2,15,2,1,2
2018200344343,2,9,0,18,0,0,0,0,0,0,4,1,6,1,33,6,-1,-1,-1,-1,-1,-1
2018200344349,1,9,0,7,0,5,0,0,0,0,1,1,1,2,60,9,1598,2,4,8,3,8
2018200344350,1,9,0,18,0,0,0,0,0,0,4,1,6,3,-1,-1,1998,1,9,-1,-1,-1
2018200344381,1,9,0,5,0,6,0,0,0,0,3,1,6,2,36,7,1461,2,2,2,1,2
2018200344381,2,3,0,12,0,8,0,0,0,0,1,1,6,1,20,4,124,1,2,3,1,3
2018200344389,1,9,0,18,0,0,0,0,0,0,1,1,1,1,55,8,3200,2,1,7,3,7
2018200344389,2,9,0,18,0,0,0,0,0,0,2,1,1,2,39,7,1781,1,10,8,1,8
2018200344389,3,19,0,18,0,0,0,12,0,0,2,1,1,1,41,7,1686,2,6,5,3,5
2018200344398,1,9,0,3,0,1,0,10,1,0,2,1,6,1,41,7,1341,1,14,2,1,2
2018200344398,2,9,5,18,0,1,0,0,0,0,1,1,6,3,-1,-1,998,1,10,-1,-1,-1
2018200344410,1,9,0,9,0,6,0,0,0,0,1,1,6,2,47,8,-1,-1,-1,3,1,3
2018200344410,2,9,0,18,0,8,0,0,0,0,4,1,1,1,34,6,1956,2,4,2,1,2
2018200344412,1,9,0,18,0,4,0,0,0,0,2,1,6,3,-1,-1,-1,-1,-1,-1,-1,-1
2018200344412,2,9,0,18,0,4,0,0,0,0,1,1,6,1,38,7,1969,2,3,1,1,1
2018200344429,1,9,0,18,0,1,0,0,0,0,3,1,6,1,-1,-1,1995,2,12,10,3,10
2018200344429,2,9,0,18,0,1,0,0,0,0,3,1,6,1,38,7,1598,1,10,4,1,4
2018200344430,1,9,0,12,0,1,0,0,0,0,0,1,6,2,18,4,998,1,6,1,1,1
2018200344430,2,90,0,18,0,1,0,0,0,0,2,1,1,2,48,8,2999,2,3,6,1,6
2018200344432,1,9,0,9,0,5,0,0,0,0,1,1,2,1,18,4,-1,-1,-1,3,1,3
2018200344432,2,3,0,18,0,8,0,0,0,0,1,1,2,2,20,4,124,1,11,4,1,4
2018200344473,1,9,0,7,0,1,0,0,0,0,4,1,6,1,27,6,-1,-1,-1,1,1,1
2018200344473,2,9,0,8,0,1,0,0,0,0,3,1,6,1,-1,-1,-1,-1,-1,3,1,3
2018200344504,1,9,0,18,0,1,0,4,0,0,1,1,6,3,-1,-1,-1,-1,-1,-1,-1,-1
2018200344504,2,9,0,2,0,1,0,0,0,0,2,1,1,1,29,6,1598,2,5,8,1,8
2018200344532,1,9,0,18,0,0,0,0,0,0,1,1,6,3,-1,-1,1198,1,2,-1,-1,-1
2018200344539,1,9,0,9,0,8,0,0,0,0,3,1,6,2,29,6,1910,2,10,1,1,1
2018200344539,2,9,0,4,0,8,1,0,0,0,1,1,6,2,36,7,1461,2,5,5,1,5
2018200344560,1,9,0,5,0,0,0,0,0,0,1,1,6,1,23,5,1390,1,6,1,1,1
2018200344563,1,9,0,18,0,0,0,0,0,0,3,1,2,2,42,7,1997,2,9,1,1,1
2018200344563,2,1,0,11,0,0,0,0,0,0,4,1,2,1,41,7,-1,-1,-1,3,1,3
2018200344578,1,3,0,14,0,8,0,10,7,0,3,1,6,1,21,5,124,1,2,-1,-1,-1
2018200344578,2,9,0,5,0,5,0,0,0,0,3,1,6,1,52,8,2149,2,11,-1,-1,-1
2018200344584,1,9,0,18,0,2,0,0,0,0,1,1,6,2,68,10,1229,1,5,2,1,2
2018200344584,2,9,0,2,9,2,0,0,0,0,4,1,6,3,-1,-1,-1,-1,-1,-1,-1,-1
2018200344597,1,9,0,13,0,8,1,10,7,11,1,1,6,1,-1,-1,1968,2,8,-1,-1,-1
2018200344597,2,9,0,10,0,8,0,0,0,0,1,1,6,1,55,8,1995,2,1,2,1,2
2018200344599,1,9,0,18,0,0,0,0,0,0,1,1,6,2,32,6,1597,2,5,2,1,2
2018200344622,1,9,0,2,0,0,0,0,0,0,1,1,6,3,-1,-1,-1,-1,-1,-1,-1,-1
2018200344622,2,9,0,1,0,0,0,4,0,0,2,1,6,3,-1,-1,999,1,1,-1,-1,-1
2018200344650,1,98,5,18,0,0,0,0,0,0,0,1,1,2,34,6,-1,-1,-1,7,1,7
2018200344650,2,19,5,18,0,0,0,0,0,0,1,1,1,3,-1,-1,2148,2,10,-1,-1,-1
2018200344650,3,9,0,18,0,0,0,0,0,0,1,1,6,2,33,6,1598,1,18,3,1,3
2018200344654,1,9,0,9,0,8,1,0,0,0,1,1,6,3,-1,-1,-1,-1,-1,-1,-1,-1
2018200344654,2,1,0,18,0,8,0,0,0,0,3,1,6,1,18,4,-1,-1,-1,1,1,1
2018200344656,1,19,0,18,0,0,0,0,0,0,1,1,1,1,32,6,2198,2,3,8,1,8
2018200344656,2,1,0,12,0,0,0,0,0,0,3,1,1,1,50,8,-1,-1,-1,1,1,1
2018200344692,1,9,0,9,0,5,0,0,0,0,1,1,6,1,-1,-1,1598,1,11,2,1,2
2018200344692,22,1,0,18,0,8,0,0,0,0,1,1,6,1,28,6,-1,-1,-1,2,1,2
2018200344822,1,9,0,5,0,6,0,0,0,0,1,1,6,1,-1,-1,1794,1,13,-1,-1,-1
2018200344822,2,9,0,18,0,8,0,0,0,0,1,1,6,1,-1,-1,1968,2,2,9,1,9
2018200344830,1,9,0,13,0,0,0,0,0,0,4,1,6,1,27,6,2993,2,9,5,1,5
2018200344830,2,21,0,12,0,0,0,0,0,0,3,1,1,1,46,8,9290,2,9,3,1,3
2018200344831,1,1,0,18,9,1,0,0,0,0,1,1,6,1,-1,-1,-1,-1,-1,1,1,1
2018200344836,1,9,0,18,0,8,0,0,0,0,1,1,2,1,26,6,1395,1,-1,10,1,10
2018200344836,2,9,0,18,0,8,0,0,0,0,4,1,2,2,26,6,1198,1,6,1,1,1
2018200344836,3,9,0,10,0,1,0,0,0,0,1,1,2,1,34,6,-1,-1,-1,2,1,2
2018200344842,1,11,0,18,0,8,0,0,0,0,1,1,1,1,56,9,6700,2,11,3,1,3
2018200344842,2,9,0,7,0,8,0,0,0,0,2,1,6,2,35,6,1968,2,8,3,-1,3
2018200344843,1,19,0,5,0,1,0,0,0,0,3,1,1,1,49,8,2198,2,3,6,1,6
2018200344843,2,3,0,13,0,1,0,0,0,0,1,1,6,1,47,8,124,1,14,2,1,2
2018200344850,1,97,0,18,0,1,0,0,0,0,1,1,6,3,-1,-1,-1,-1,-1,-1,-1,-1
2018200344853,1,9,0,18,0,0,0,0,0,0,4,1,1,1,42,7,1968,2,7,1,1,1
2018200344853,2,9,0,12,0,0,0,0,0,0,3,1,6,2,-1,-1,1198,1,12,-1,-1,-1
2018200344871,1,9,0,5,0,1,0,0,0,0,1,1,6,1,21,5,2000,2,12,2,1,2
2018200344873,1,9,0,9,0,6,0,0,0,0,3,1,6,1,-1,-1,1988,1,-1,-1,-1,-1
2018200344873,2,9,0,18,0,8,0,0,0,0,4,1,6,1,54,8,2199,2,9,9,1,9
2018200344876,1,9,0,18,9,0,0,0,0,0,0,1,6,1,32,6,1968,2,4,1,1,1
2018200344894,1,9,0,18,0,3,0,0,0,0,1,1,1,3,-1,-1,1998,2,10,-1,-1,-1
2018200344894,2,9,0,3,0,2,0,0,0,0,2,1,6,1,39,7,1598,1,14,1,1,1
2018200344904,1,9,0,9,0,6,0,0,0,0,1,1,6,2,27,6,998,1,11,3,1,3
2018200344907,1,9,0,18,0,0,0,0,0,0,2,1,6,2,36,7,1498,1,3,8,1,8
2018200344907,2,9,0,18,0,0,0,0,0,0,1,1,6,1,-1,-1,-1,-1,-1,-1,-1,-1
2018200344910,1,9,0,18,0,0,0,0,0,0,1,1,6,2,-1,-1,998,1,9,2,1,2
2018200344923,1,11,0,17,2,0,0,0,0,0,1,1,1,1,46,8,5132,2,2,3,1,3
2018200344924,1,9,0,18,0,8,0,0,0,0,1,1,1,1,25,5,1242,1,11,1,1,1
2018200344924,2,9,0,9,0,8,0,0,0,0,1,1,1,1,27,6,2521,1,12,2,1,2
2018200344934,1,19,0,4,0,0,0,0,0,0,1,1,6,1,-1,-1,2148,2,10,-1,-1,-1
2018200344934,2,9,0,4,0,0,0,0,0,0,2,1,6,2,43,7,1198,1,8,2,1,2
2018200344939,1,9,0,7,0,6,0,0,0,0,1,1,6,1,44,7,2143,2,3,5,1,5
2018200344939,2,1,0,18,0,8,0,0,0,0,3,1,6,1,70,10,-1,-1,-1,3,1,3
2018200344953,1,9,0,15,0,0,1,0,0,0,3,1,1,2,42,7,1299,1,15,1,1,1
2018200344953,2,21,1,11,0,0,0,0,0,0,1,1,1,1,26,6,12740,2,3,3,1,3
2018200344955,1,9,0,18,0,0,0,0,0,0,4,1,6,1,-1,-1,-1,-1,-1,-1,-1,-1
2018200344968,1,9,0,18,0,1,0,0,0,0,1,1,6,3,-1,-1,2494,8,4,-1,-1,-1
2018200344985,1,9,0,18,0,1,5,0,0,0,1,1,5,1,33,6,2497,2,11,2,1,2
2018200344985,2,11,0,18,0,2,0,0,0,0,3,1,1,1,30,6,-1,-1,-1,2,1,2
2018200344985,3,9,0,18,0,2,0,0,0,0,3,1,6,3,-1,-1,-1,-1,-1,-1,-1,-1
2018200344985,4,9,0,18,0,1,0,0,0,0,3,1,1,1,-1,-1,-1,-1,-1,-1,-1,-1
2018200344985,5,9,0,18,0,2,0,0,0,0,2,1,6,1,-1,-1,2143,2,8,-1,-1,-1
2018200344987,1,9,0,4,0,6,0,0,0,0,1,1,6,2,56,9,1248,2,10,4,1,4
2018200344987,2,9,0,18,0,8,0,0,0,0,3,1,6,1,46,8,999,1,1,6,1,6
2018200345001,1,9,0,18,0,1,0,0,0,0,1,1,6,3,-1,-1,1968,2,11,-1,-1,-1
2018200345001,2,9,0,3,0,1,0,0,0,0,2,1,6,1,51,8,2143,2,3,6,1,6
2018200345007,1,9,0,9,0,5,0,0,0,0,1,1,6,1,22,5,1598,1,10,4,1,4
2018200345007,2,9,0,18,0,8,0,4,0,0,1,1,2,1,18,4,1229,1,5,7,1,7
2018200345007,3,9,0,2,0,1,0,0,0,0,2,1,6,1,61,9,4500,1,44,2,1,2
2018200345027,1,9,0,18,0,0,0,0,0,0,1,1,1,1,49,8,1968,2,-1,5,1,5
2018200345039,1,9,0,18,0,0,0,0,0,0,1,1,6,1,-1,-1,998,1,18,1,1,1
2018200345049,1,9,0,18,0,0,0,0,0,0,1,1,6,3,-1,-1,1998,1,11,-1,-1,-1
2018200345053,1,9,0,9,0,6,0,0,0,0,1,1,6,1,45,7,-1,-1,-1,-1,-1,-1
2018200345053,2,9,0,9,0,8,1,0,0,0,3,1,1,1,54,8,1499,2,3,8,1,8
2018200345056,1,19,0,18,0,1,0,0,0,0,1,1,6,3,-1,-1,1753,2,10,-1,-1,-1
2018200345056,2,9,0,3,0,1,0,0,0,0,2,1,6,2,32,6,1388,1,12,7,1,7
2018200345079,2,9,0,9,0,6,0,0,0,0,1,1,6,2,37,7,1368,1,8,7,2,7
2018200345081,1,9,0,18,0,1,0,0,0,0,1,1,6,2,35,6,1598,2,4,1,1,1
2018200345081,2,9,0,4,0,1,0,0,0,0,2,1,6,3,-1,-1,-1,-1,-1,-1,-1,-1
2018200345091,1,9,0,7,0,4,0,0,0,0,3,1,6,1,58,9,1461,2,4,8,1,8
2018200345091,2,90,0,18,0,8,0,0,0,0,3,1,6,1,-1,-1,12777,2,11,-1,-1,-1
2018200345120,1,9,0,1,0,0,0,0,0,0,2,1,6,2,-1,-1,-1,-1,-1,-1,-1,-1
2018200345123,1,9,0,7,0,5,0,0,0,0,1,1,6,3,-1,-1,-1,-1,-1,-1,-1,-1
2018200345123,2,9,0,10,0,1,0,0,0,0,3,1,6,1,44,7,1240,1,12,10,1,10
2018200345123,3,9,0,8,0,1,0,0,0,0,2,1,6,1,69,10,1999,2,2,2,1,2
2018200345126,1,9,0,18,0,0,0,7,0,0,1,1,6,1,31,6,1299,1,14,6,3,6
2018200345158,1,1,0,18,0,0,0,0,0,0,1,1,6,1,52,8,-1,-1,-1,2,1,2
2018200345158,2,9,0,3,0,0,0,0,0,0,2,1,6,1,55,8,1560,2,5,1,1,1
2018200345161,1,9,0,5,0,6,0,0,0,0,4,1,6,1,25,5,1975,1,14,4,1,4
2018200345161,2,8,0,18,0,8,0,0,0,0,1,1,1,1,58,9,2148,2,10,1,1,1
2018200345161,3,9,0,10,0,1,0,0,0,0,1,1,6,2,35,6,1968,2,7,1,1,1
2018200345167,1,9,0,18,0,0,0,0,0,0,1,1,6,3,-1,-1,1871,2,16,-1,-1,-1
2018200345174,1,19,0,12,0,0,0,0,0,0,2,1,6,1,55,8,1997,2,2,8,1,8
2018200345174,2,5,0,18,0,0,0,0,0,0,1,1,6,1,38,7,645,1,13,5,1,5
2018200345187,1,9,0,18,0,0,0,0,0,0,1,1,6,3,-1,-1,998,1,10,-1,-1,-1
2018200345195,1,9,0,14,0,1,0,0,0,0,4,1,2,1,25,5,998,1,5,1,1,1
2018200345199,1,9,0,18,0,1,0,0,0,0,1,1,6,3,-1,-1,2993,2,1,-1,-1,-1
2018200345199,2,9,0,3,0,1,0,0,0,0,2,1,6,1,42,7,1598,2,4,6,1,6
2018200345199,3,9,0,3,0,1,0,0,0,0,2,1,6,1,19,4,1248,2,11,6,1,6
2018200345211,1,9,0,9,0,4,0,0,0,0,1,1,6,1,56,9,1362,1,5,7,1,7
2018200345211,2,5,0,18,0,8,0,0,0,0,4,1,6,1,64,9,-1,-1,-1,3,1,3
2018200345216,1,1,0,18,9,8,0,0,0,0,1,1,6,1,15,3,-1,-1,-1,2,1,2
2018200345216,2,9,0,7,9,5,0,0,0,0,1,1,5,2,36,7,1198,1,15,1,1,1
2018200345243,1,9,0,18,0,0,0,0,0,0,4,1,1,2,30,6,1596,1,8,5,1,5
2018200345254,1,9,0,5,0,0,0,0,0,0,3,1,6,1,44,7,1461,2,11,1,1,1
2018200345254,2,3,0,18,0,0,0,0,0,0,1,1,6,1,56,9,125,1,2,5,1,5
2018200345286,1,9,0,18,0,1,0,0,0,0,4,1,6,1,21,5,1995,2,10,2,1,2
2018200345299,1,9,0,1,0,2,0,4,0,0,3,1,6,3,-1,-1,1968,2,11,-1,-1,-1
2018200345299,2,9,0,4,0,1,0,0,0,0,4,1,1,1,-1,-1,1598,2,1,2,1,2
2018200345299,3,9,0,2,0,1,0,0,0,0,2,1,6,3,-1,-1,1910,2,8,-1,-1,-1
2018200345299,4,9,0,2,0,1,0,0,0,0,1,1,6,3,-1,-1,2993,2,8,-1,-1,-1
2018200345319,1,5,0,9,0,3,0,0,0,0,4,1,6,1,29,6,600,1,17,10,1,10
2018200345319,2,9,0,12,0,3,0,0,0,0,3,1,6,1,26,6,1364,1,9,2,1,2
2018200345329,1,9,0,18,0,0,0,10,1,0,1,1,6,2,-1,-1,-1,-1,-1,-1,-1,-1
2018200345329,2,1,0,18,0,0,0,0,0,0,2,1,6,1,11,3,-1,-1,-1,2,1,2
2018200345334,1,9,0,18,0,8,0,7,3,0,1,1,6,2,39,7,1461,2,7,4,1,4
2018200345339,1,21,0,4,0,0,0,0,0,0,1,1,6,1,59,9,12742,2,-1,-1,3,-1
2018200345339,2,9,0,3,0,0,0,0,0,0,2,1,6,2,33,6,1997,2,8,5,1,5
2018200345339,3,9,0,3,0,0,0,0,0,0,2,1,6,1,27,6,2495,2,21,5,1,5
2018200345339,4,9,0,3,0,0,0,0,0,0,2,1,6,1,54,8,-1,-1,-1,7,1,7
2018200345479,1,9,0,18,0,0,0,0,0,0,1,1,6,1,-1,-1,1299,1,16,3,1,3
2018200345479,2,9,0,3,0,0,0,0,0,0,2,1,6,1,-1,-1,1248,2,2,-1,-1,-1
2018200345509,1,1,0,18,0,0,0,0,0,0,3,1,6,1,-1,-1,-1,-1,-1,1,1,1
2018200345509,2,19,0,18,0,0,0,0,0,0,4,1,6,1,67,10,1598,2,3,3,1,3
2018200345571,1,9,0,14,0,8,0,4,0,0,1,1,6,1,39,7,1968,2,2,8,1,8
2018200345571,2,9,0,9,0,6,0,0,0,0,1,1,6,2,21,5,998,1,6,6,1,6
2018200345571,3,9,0,2,0,8,0,0,0,0,3,1,6,3,-1,-1,-1,-1,-1,-1,-1,-1
2018200345571,4,9,0,2,0,8,0,0,0,0,3,1,6,3,-1,-1,-1,-1,-1,-1,-1,-1
2018200345571,5,9,0,2,0,8,0,0,0,0,1,1,6,3,-1,-1,-1,-1,-1,-1,-1,-1
2018200345618,1,9,0,18,0,0,0,0,0,0,4,1,3,2,41,7,-1,-1,-1,1,1,1
2018200345699,1,98,1,12,0,0,0,0,0,0,3,1,1,1,36,7,-1,-1,-1,-1,-1,-1
2018200345699,2,9,0,18,0,0,0,0,0,0,4,1,6,1,27,6,1496,2,-1,1,1,1
2018200345765,1,9,0,18,0,2,0,0,0,0,1,1,2,2,26,6,998,1,3,7,1,7
2018200345765,2,9,0,10,0,1,0,0,0,0,3,1,1,1,31,6,1798,8,6,1,1,1
2018200345769,1,9,0,18,0,0,0,0,0,0,3,1,6,1,38,7,-1,-1,-1,3,3,3
2018200345810,1,8,0,18,0,1,0,0,0,0,1,1,6,1,-1,-1,1597,1,7,-1,-1,-1
2018200345820,1,9,0,18,0,1,0,0,0,0,1,1,6,3,-1,-1,-1,-1,-1,-1,-1,-1
2018200345820,2,1,0,18,0,1,0,0,0,0,2,1,6,1,17,4,-1,-1,-1,1,1,1
2018200345850,1,9,0,18,0,0,0,0,0,0,1,1,6,3,-1,-1,1995,2,5,-1,-1,-1
2018200345862,1,9,0,18,0,0,0,0,0,0,1,1,6,2,31,6,999,1,1,6,1,6
2018200345862,2,9,0,18,0,0,0,0,0,0,3,1,6,2,59,9,1598,2,1,2,1,2
2018200345862,3,9,0,18,0,0,0,0,0,0,1,1,6,2,43,7,1229,1,10,4,1,4
2018200345867,1,9,0,18,0,8,0,0,0,0,4,1,6,3,-1,-1,-1,-1,-1,-1,-1,-1
2018200345867,2,3,0,9,0,5,1,0,0,0,1,1,5,1,43,7,124,1,5,3,1,3
2018200345902,1,1,0,18,9,0,0,0,0,0,3,1,6,1,17,4,-1,-1,-1,2,1,2
2018200345902,2,98,0,18,0,0,0,0,0,0,4,1,6,3,-1,-1,-1,-1,-1,-1,-1,-1
2018200345959,1,9,0,13,0,0,0,0,0,0,1,1,6,3,-1,-1,-1,-1,-1,-1,-1,-1
2018200345959,2,1,0,18,0,0,0,0,0,0,3,1,6,1,36,7,-1,-1,-1,5,1,5
2018200345978,1,19,0,18,0,0,0,0,0,0,1,1,6,1,53,8,2148,2,10,-1,-1,-1
2018200345978,2,9,0,4,0,0,0,0,0,0,2,1,6,1,20,4,1242,1,12,9,1,9
2018200345983,1,9,0,13,0,0,1,7,1,0,1,1,6,1,25,5,998,1,4,2,1,2
2018200346001,1,9,0,18,0,8,0,0,0,0,1,1,6,1,-1,-1,1149,1,15,1,1,1
2018200346001,2,9,0,7,0,5,0,0,0,0,3,1,6,1,33,6,1968,2,7,-1,1,-1
2018200346011,1,8,0,18,0,0,0,0,0,0,1,1,6,1,30,6,1995,2,4,3,1,3
2018200346019,1,19,0,7,0,6,0,0,0,0,0,1,1,1,-1,-1,1996,2,7,6,1,6
2018200346019,2,4,0,18,0,8,0,0,0,0,0,1,6,1,64,9,499,1,14,7,3,7
2018200346050,1,9,0,18,0,6,0,0,0,0,1,1,6,1,35,6,1997,2,11,-1,-1,-1
2018200346050,2,9,0,18,0,8,0,0,0,0,3,1,6,1,34,6,1686,2,5,2,1,2
2018200346057,1,9,0,16,0,2,0,0,0,0,1,1,6,1,-1,-1,1149,1,8,-1,-1,-1
2018200346090,1,9,0,7,0,6,0,4,0,0,1,1,6,3,-1,-1,2967,2,1,-1,-1,-1
2018200346090,2,9,0,2,0,8,0,0,0,0,3,1,6,3,-1,-1,1461,2,4,-1,-1,-1
2018200346097,1,9,0,4,0,8,0,0,0,0,1,1,1,2,25,5,1461,2,2,6,1,6
2018200346097,2,8,0,17,0,8,0,0,0,0,2,1,6,1,32,6,1995,2,10,1,1,1
2018200346103,1,9,0,18,0,0,0,0,0,0,4,1,6,2,34,6,1995,1,12,3,1,3
2018200346107,1,9,0,18,0,0,0,0,0,0,1,1,6,1,46,8,1753,2,10,1,1,1
2018200346107,2,9,0,4,0,0,0,0,0,0,2,1,6,2,32,6,1229,1,10,1,1,1
2018200346107,3,9,0,4,0,0,0,0,0,0,2,1,6,3,-1,-1,-1,-1,-1,-1,-1,-1
2018200346117,1,9,0,13,0,8,0,10,1,2,1,1,6,1,35,6,1798,1,9,4,1,4
2018200346117,2,9,0,2,9,2,0,0,0,0,4,1,6,1,36,7,1598,1,7,2,1,2