Accident_Index,Vehicle_Reference,Vehicle_Type,Towing_and_Articulation,Vehicle_Manoeuvre,Vehicle_Location-Restricted_Lane,Junction_Location,Skidding_and_Overturning,Hit_Object_in_Carriageway,Vehicle_Leaving_Carriageway,Hit_Object_off_Carriageway,1st_Point_of_Impact,Was_Vehicle_Left_Hand_Drive?,Journey_Purpose_of_Driver,Sex_of_Driver,Age_of_Driver,Age_Band_of_Driver,Engine_Capacity_(CC),Propulsion_Code,Age_of_Vehicle,Driver_IMD_Decile,Driver_Home_Area_Type,Vehicle_IMD_Decile
2018200346117,3,9,0,2,9,2,0,0,0,0,2,1,6,2,30,6,1395,1,5,2,1,2
2018200346117,4,9,0,9,0,8,0,0,0,0,0,1,6,3,-1,-1,-1,-1,-1,-1,-1,-1
2018200346148,1,1,0,18,0,1,0,0,0,0,2,1,4,1,15,3,-1,-1,-1,1,1,1
2018200346148,2,9,0,13,0,1,0,0,0,0,1,1,6,1,18,4,999,1,5,1,1,1
2018200346170,1,9,0,5,0,4,0,0,0,0,3,1,6,3,-1,-1,-1,-1,-1,-1,-1,-1
2018200346170,2,5,0,18,0,8,2,0,0,0,1,1,2,1,29,6,996,1,14,3,1,3
2018200346193,1,21,1,18,0,0,0,0,0,0,1,1,6,1,36,7,-1,2,12,-1,-1,-1
2018200346193,2,9,0,3,0,0,0,0,0,0,2,1,6,2,26,6,1397,1,16,1,1,1
2018200346193,3,9,0,3,0,0,0,0,0,0,2,1,6,1,53,8,2698,2,10,-1,-1,-1
2018200346228,1,8,0,18,0,1,0,0,0,0,1,1,1,3,-1,-1,1896,2,9,-1,-1,-1
2018200346242,1,90,0,18,6,0,0,4,0,0,1,1,6,3,-1,-1,-1,-1,-1,-1,-1,-1
2018200346242,2,9,0,2,6,0,0,0,0,0,2,1,6,2,46,8,1686,2,6,1,1,1
2018200346242,3,9,0,2,6,0,0,2,0,0,1,1,6,2,62,9,1461,2,3,2,1,2
2018200346531,1,9,0,18,0,0,0,0,7,10,3,1,6,1,25,5,4999,1,-1,1,1,1
2018200346531,2,9,0,18,0,0,0,0,1,0,3,1,6,1,44,7,1497,1,17,1,1,1
2018200346556,1,9,0,4,0,2,0,0,0,0,4,1,6,1,43,7,1598,2,7,5,1,5
2018200346572,1,9,0,14,0,2,0,7,0,0,4,1,6,3,-1,-1,-1,-1,-1,-1,-1,-1
2018200346586,1,9,0,18,0,0,0,0,0,0,1,1,6,1,-1,-1,-1,-1,-1,-1,-1,-1
2018200346586,2,9,0,3,0,0,0,0,0,0,2,1,6,2,34,6,1997,2,4,1,1,1
2018200346596,1,9,0,5,0,6,0,0,0,0,4,1,6,1,-1,-1,1197,1,-1,1,1,1
2018200346596,2,1,0,18,0,8,0,0,0,0,1,1,1,1,20,4,-1,-1,-1,2,1,2
2018200346603,1,9,0,9,0,6,0,0,0,0,1,1,6,2,74,10,1560,2,4,5,1,5
2018200346651,1,21,0,7,0,1,0,4,0,0,2,1,1,1,27,6,8710,2,1,2,1,2
2018200346651,2,9,0,2,0,1,0,0,0,0,2,1,6,1,-1,-1,1686,2,6,1,1,1
2018200346661,1,9,0,18,0,4,0,0,0,0,4,1,6,3,-1,-1,1461,2,11,-1,-1,-1
2018200346661,2,9,0,18,0,4,0,0,0,0,3,1,6,2,59,9,1997,1,10,1,1,1
2018200346708,1,9,0,18,0,0,0,0,0,0,1,1,6,3,-1,-1,-1,-1,-1,-1,-1,-1
2018200346724,1,9,0,16,0,1,0,10,3,0,2,1,6,1,56,9,1598,2,5,2,1,2
2018200346724,2,9,0,3,0,1,0,0,0,0,1,1,1,1,-1,-1,1299,1,16,2,1,2
2018200346724,3,19,0,3,0,1,0,0,0,0,2,1,2,1,43,7,1499,2,-1,9,1,9
2018200346724,4,9,0,18,0,8,0,0,0,0,4,1,6,1,26,6,1968,2,14,2,1,2
2018200346801,1,9,0,16,0,2,0,0,0,0,1,1,6,2,28,6,1149,1,14,5,1,5
2018200346810,1,9,0,18,0,4,0,0,0,0,3,1,6,3,-1,-1,1968,2,4,-1,-1,-1
2018200346810,2,3,0,9,0,8,0,0,0,0,1,1,6,1,31,6,-1,-1,-1,3,1,3
2018200346866,1,9,0,18,0,8,0,0,0,0,1,1,2,2,58,9,1398,1,3,6,1,6
2018200346866,2,9,0,18,0,8,0,0,0,0,3,1,2,1,36,7,1399,2,15,1,1,1
2018200346887,1,9,0,3,0,1,0,0,0,0,0,1,6,2,40,7,1299,1,15,1,1,1
2018200346887,2,11,0,18,0,1,0,0,0,0,2,1,1,2,36,7,6696,2,5,1,1,1
2018200346935,1,9,0,9,0,8,0,0,0,0,1,1,6,2,-1,-1,1397,1,8,2,1,2
2018200346935,2,1,0,5,0,8,0,0,0,0,3,1,1,1,60,9,-1,-1,-1,7,1,7
2018200346937,1,98,4,18,0,0,0,0,0,0,0,1,1,1,59,9,-1,-1,-1,9,1,9
2018200346937,2,98,0,18,0,0,0,0,0,0,1,1,1,1,57,9,-1,-1,-1,5,1,5
2018200346978,1,9,0,18,0,0,0,0,0,0,3,1,6,1,18,4,1398,1,5,-1,-1,-1
2018200346978,2,9,0,18,0,0,0,0,0,0,4,1,6,2,46,8,1968,2,11,9,1,9
2018200346978,3,98,0,18,0,0,0,0,0,0,3,1,6,1,67,10,-1,-1,-1,-1,-1,-1
2018200346978,4,9,0,18,0,0,0,0,0,0,2,1,6,1,44,7,-1,-1,-1,-1,-1,-1
2018200346978,5,98,0,18,0,0,0,0,0,0,1,1,6,1,51,8,-1,-1,-1,3,1,3
2018200346989,1,9,0,9,0,1,0,0,0,0,1,1,1,1,49,8,-1,-1,-1,-1,-1,-1
2018200347037,1,9,0,9,0,5,0,0,0,0,3,1,6,1,63,9,1349,1,8,2,1,2
2018200347037,2,5,0,18,0,8,0,0,0,0,1,1,6,1,35,6,998,1,8,7,2,7
2018200347038,1,9,0,18,0,0,0,0,0,0,1,1,6,2,54,8,1498,1,1,1,1,1
2018200347047,1,9,0,18,0,3,0,0,0,0,3,1,6,1,30,6,1560,2,8,7,1,7
2018200347047,2,9,0,18,0,1,0,0,0,0,1,1,6,2,46,8,1591,1,2,5,1,5
2018200347111,1,21,1,11,0,8,0,0,0,0,4,1,1,1,44,7,12740,2,5,2,1,2
2018200347111,2,9,0,18,0,8,1,0,1,0,3,1,6,2,25,5,1360,1,15,8,1,8
2018200347157,1,9,0,18,0,1,0,0,0,0,1,1,1,1,32,6,1995,1,13,9,1,9
2018200347175,1,9,0,18,9,0,0,10,1,11,1,1,6,1,78,11,1398,1,4,2,1,2
2018200347183,1,9,0,18,0,8,0,0,0,0,1,1,6,2,24,5,1461,2,3,1,1,1
2018200347183,2,9,0,12,6,7,0,0,0,0,3,1,6,1,53,8,1997,1,14,1,1,1
2018200347210,1,9,0,9,0,0,0,0,0,0,4,1,6,1,27,6,1360,1,11,1,1,1
2018200347210,2,1,0,18,0,0,0,0,0,0,1,1,6,2,44,7,-1,-1,-1,2,1,2
2018200347220,1,9,0,18,0,8,0,0,0,0,1,1,6,1,49,8,1598,1,4,5,1,5
2018200347220,2,11,0,18,0,8,0,0,0,0,1,1,1,1,62,9,5883,2,16,1,1,1
2018200347230,1,9,0,16,0,2,0,0,0,0,1,1,6,1,-1,-1,4257,1,-1,-1,-1,-1
2018200347230,2,9,0,4,0,2,0,0,0,0,2,1,6,2,49,8,1686,2,15,1,1,1
2018200347267,1,9,0,16,0,0,1,10,1,2,3,1,6,1,55,8,1798,1,14,2,1,2
2018200347287,1,1,0,18,0,1,0,0,0,0,1,1,6,3,-1,-1,-1,-1,-1,-1,-1,-1
2018200347318,1,9,0,18,0,1,0,0,0,0,1,1,6,1,-1,-1,-1,-1,-1,-1,-1,-1
2018200347325,1,9,0,9,0,5,0,0,0,0,3,1,2,1,54,8,1598,2,4,8,3,8
2018200347325,2,3,0,14,0,8,0,0,0,0,1,1,2,1,35,6,125,1,3,6,1,6
2018200347337,1,9,0,18,0,0,0,0,0,0,1,1,6,3,-1,-1,1596,1,13,-1,-1,-1
2018200347337,2,9,0,3,0,0,0,0,0,0,2,1,6,1,-1,-1,1910,2,10,2,1,2
2018200347342,1,98,0,9,0,5,0,0,0,0,1,1,6,1,76,11,-1,-1,-1,8,1,8
2018200347342,2,1,0,18,0,8,0,0,0,0,1,1,2,1,28,6,-1,-1,-1,1,1,1
2018200347349,1,9,0,18,0,0,0,0,0,0,1,1,6,1,-1,-1,-1,-1,-1,-1,-1,-1
2018200347382,1,3,0,13,0,8,0,0,0,0,1,1,6,1,24,5,124,1,14,1,1,1
2018200347382,2,9,0,5,0,5,0,0,0,0,3,1,6,1,26,6,1968,2,11,5,1,5
2018200347386,1,9,0,18,0,0,0,0,0,0,4,1,6,3,-1,-1,-1,-1,-1,-1,-1,-1
2018200347408,1,9,0,18,0,0,0,0,0,0,1,1,6,1,45,7,1988,1,15,4,1,4
2018200347408,2,9,0,18,0,0,0,0,0,0,2,1,6,1,34,6,1997,2,7,2,1,2
2018200347457,1,8,0,18,0,4,0,0,0,0,1,1,1,1,36,7,2402,2,12,2,1,2
2018200347457,2,9,0,18,0,8,0,0,0,0,4,1,6,1,79,11,996,1,8,7,1,7
2018200347485,1,3,0,18,0,8,0,0,0,0,1,1,2,1,37,7,125,1,2,6,1,6
2018200347485,2,9,0,6,0,8,0,0,0,0,3,1,6,2,30,6,1461,2,1,1,1,1
2018200347503,1,9,0,18,0,4,0,0,0,0,1,1,6,2,31,6,1999,1,13,7,1,7
2018200347503,2,1,0,18,0,8,0,0,0,0,4,1,6,2,31,6,-1,-1,-1,7,3,7
2018200347513,1,9,0,18,0,0,0,0,0,0,1,1,6,1,-1,-1,1896,2,14,-1,-1,-1
2018200347524,1,9,0,5,0,6,0,0,0,0,1,1,3,1,53,8,1598,2,4,5,1,5
2018200347557,1,9,0,5,0,1,0,0,0,0,4,1,6,1,24,5,-1,-1,-1,1,1,1
2018200347578,1,9,0,5,0,6,0,0,0,0,1,1,6,1,-1,-1,-1,-1,-1,-1,-1,-1
2018200347588,1,9,0,18,0,8,0,10,7,1,4,1,6,2,30,6,998,1,11,3,1,3
2018200347588,2,9,0,18,0,8,0,0,0,0,1,1,6,1,40,7,1794,1,10,1,1,1
2018200347597,1,11,0,18,0,1,0,0,0,0,4,1,6,1,24,5,6696,2,4,6,1,6
2018200347725,1,9,0,18,0,0,0,0,0,0,1,1,6,1,-1,-1,1998,1,13,-1,-1,-1
2018200347725,2,9,0,3,0,0,0,0,0,0,2,1,6,1,-1,-1,-1,-1,-1,-1,-1,-1
2018200347725,3,9,0,18,0,0,0,0,0,0,2,1,3,2,40,7,999,1,3,2,1,2
2018200347725,4,9,0,18,0,0,0,0,0,0,1,1,6,3,-1,-1,1896,2,12,-1,-1,-1
2018200347778,1,9,0,18,0,2,0,0,0,0,1,1,6,3,-1,-1,-1,-1,-1,-1,-1,-1
2018200347819,1,9,0,18,0,0,0,0,0,0,1,1,6,3,-1,-1,-1,-1,-1,-1,-1,-1
2018200347820,1,9,0,9,0,5,0,0,0,0,0,1,6,2,31,6,1461,2,12,1,1,1
2018200347820,2,1,0,18,0,8,0,0,0,0,1,1,6,1,50,8,-1,-1,-1,7,3,7
2018200347835,1,9,0,18,0,0,0,0,0,0,1,1,6,1,44,7,2497,2,11,1,1,1
2018200347835,2,1,0,18,0,0,0,0,0,0,2,1,6,1,-1,-1,-1,-1,-1,7,1,7
2018200348045,1,9,0,18,0,0,0,4,0,0,1,1,6,3,-1,-1,2926,2,17,-1,-1,-1
2018200348045,2,9,0,2,0,0,0,0,0,0,2,1,6,1,42,7,2967,2,7,2,1,2
2018200348045,3,9,0,2,0,0,0,0,0,0,2,1,6,2,28,6,1995,2,9,1,1,1
2018200348054,1,9,0,18,0,1,0,0,0,0,1,1,6,1,-1,-1,1596,7,8,1,1,1
2018200348070,1,9,0,18,0,0,0,0,0,0,1,1,6,3,-1,-1,2143,2,-1,-1,-1,-1
2018200348070,2,9,0,18,0,0,0,0,0,0,2,1,6,1,53,8,2995,1,-1,8,2,8
2018200348079,1,9,0,18,0,8,0,0,0,0,1,1,6,1,29,6,1997,2,3,5,1,5
2018200348079,2,9,0,18,0,8,0,10,7,1,4,1,6,2,40,7,1339,1,9,1,1,1
2018200348090,1,9,0,18,0,8,0,0,0,0,1,1,6,1,-1,-1,1364,2,11,-1,-1,-1
2018200348090,2,9,0,5,0,8,0,10,7,3,4,1,6,1,28,6,1248,2,9,4,1,4
2018200348106,1,9,0,13,0,0,0,0,0,0,1,1,6,1,-1,-1,2521,1,10,-1,-1,-1
2018200348106,2,9,0,18,0,0,0,0,1,0,1,1,6,1,61,9,1598,1,9,5,1,5
2018200348106,3,9,0,18,0,0,0,0,1,0,3,1,6,1,58,9,1242,1,2,3,1,3
2018200348110,1,9,0,7,0,6,0,0,0,0,1,1,6,1,25,5,2926,2,15,3,1,3
2018200348110,2,9,0,18,0,1,0,0,0,0,1,1,6,2,48,8,1248,1,5,1,1,1
2018200348110,3,9,0,18,0,1,0,0,0,0,1,1,6,1,33,6,1242,1,13,2,1,2
2018200348110,4,9,0,7,0,6,0,0,0,0,0,1,1,1,-1,-1,-1,-1,-1,5,1,5
2018200348127,1,9,0,5,0,0,0,0,0,0,0,1,6,3,-1,-1,1499,2,2,-1,-1,-1
2018200348172,1,19,0,6,0,6,0,0,0,0,1,1,6,1,-1,-1,2402,2,14,2,1,2
2018200348172,2,9,0,18,0,8,0,10,1,11,4,1,6,2,34,6,1560,2,13,4,1,4
2018200348176,1,9,0,18,0,2,0,10,2,11,1,1,6,2,32,6,1248,2,11,2,1,2
2018200348177,1,9,0,18,0,2,0,0,0,0,1,1,6,1,25,5,2926,2,15,3,1,3
2018200348177,2,9,0,9,0,2,0,0,0,0,3,1,6,2,66,10,1299,1,19,2,1,2
2018200348177,3,9,0,18,0,1,0,0,0,0,3,1,6,2,47,8,1596,1,12,1,1,1
2018200348177,4,9,0,18,0,2,0,0,0,0,0,1,1,1,-1,-1,2993,2,-1,5,1,5
2018200348187,1,9,0,3,0,1,0,0,0,0,2,1,6,1,36,7,999,1,1,6,1,6
2018200348187,2,9,0,4,0,1,0,0,0,0,1,1,6,2,43,7,1598,1,8,1,1,1
2018200348191,1,9,0,3,0,0,0,0,0,0,2,1,6,1,25,5,1197,1,3,-1,-1,-1
2018200348191,2,9,0,18,0,0,0,0,0,0,1,1,6,1,48,8,-1,-1,-1,2,1,2
2018200348191,3,9,0,18,0,0,0,0,0,0,1,1,6,3,-1,-1,-1,-1,-1,-1,-1,-1
2018200348218,1,9,0,18,0,0,0,0,0,0,1,1,6,2,56,9,998,1,12,3,1,3
2018200348223,1,9,0,18,0,0,0,4,7,2,1,1,6,1,25,5,2993,2,-1,3,1,3
2018200348223,2,9,0,2,0,0,0,0,0,0,4,1,6,3,-1,-1,-1,-1,-1,-1,-1,-1
2018200348233,1,9,0,18,0,0,0,0,0,0,2,1,6,2,-1,-1,1968,2,6,1,1,1
2018200348233,2,9,0,18,0,0,0,0,0,0,1,1,6,1,28,6,2204,2,10,1,1,1
2018200348284,1,9,0,9,0,5,0,0,0,0,1,1,5,1,47,8,1598,2,5,1,1,1
2018200348284,2,3,0,18,0,8,0,0,0,0,1,1,1,1,28,6,125,1,1,3,1,3
2018200348287,1,9,0,18,0,0,0,0,0,0,1,1,6,1,-1,-1,2979,1,15,-1,-1,-1
2018200348287,2,9,0,3,0,0,0,0,0,0,2,1,6,1,23,5,1995,2,8,2,1,2
2018200348292,1,9,0,18,0,1,0,0,0,0,1,1,6,1,-1,-1,998,1,3,-1,-1,-1
2018200348292,2,19,0,10,0,1,0,0,0,0,2,1,6,1,28,6,1461,2,13,5,1,5
2018200348293,1,9,0,18,0,1,0,0,0,0,1,1,6,3,-1,-1,1598,1,9,-1,-1,-1
2018200348293,2,9,0,18,0,1,0,0,0,0,3,1,6,1,38,7,1591,1,1,3,1,3
2018200348296,1,9,0,5,0,1,0,0,0,0,1,1,6,2,72,10,1461,2,6,5,1,5
2018200348296,2,9,0,3,0,1,0,0,0,0,2,1,6,2,34,6,4163,1,11,7,1,7
2018200348297,1,9,0,12,0,0,0,4,0,0,1,1,6,1,90,11,796,1,10,3,1,3
2018200348297,2,19,0,2,0,0,0,0,0,0,3,1,6,1,39,7,1995,2,11,6,1,6
2018200348302,1,9,0,18,0,0,0,0,0,0,1,1,6,1,30,6,1198,1,7,7,1,7
2018200348303,1,9,0,5,0,2,0,0,0,0,4,1,5,1,66,10,1499,1,1,8,2,8
2018200348303,2,23,0,18,0,1,1,0,0,0,1,1,5,1,27,6,600,1,18,2,1,2
2018200348304,1,9,0,5,0,8,0,0,0,0,1,1,1,1,69,10,1794,1,11,3,1,3
2018200348304,2,9,0,9,0,8,0,0,0,0,4,1,6,2,34,6,1753,2,15,2,1,2
2018200348306,1,9,0,4,0,1,1,0,0,0,1,1,2,1,30,6,-1,-1,-1,8,1,8
2018200348306,2,9,0,3,0,1,0,0,0,0,0,1,2,2,56,9,1596,1,14,-1,3,-1
2018200348309,1,9,0,18,0,1,0,0,0,0,1,1,1,1,55,8,1242,1,3,1,1,1
2018200348311,1,98,1,18,0,1,0,0,0,0,2,1,6,3,-1,-1,-1,-1,-1,-1,-1,-1
2018200348314,1,9,0,3,0,0,0,0,0,0,4,1,6,2,33,6,1968,2,-1,5,1,5
2018200348314,2,1,0,15,0,0,0,8,0,0,1,1,6,1,32,6,-1,-1,-1,4,1,4
2018200348315,1,9,0,3,0,1,0,0,0,0,2,1,6,1,30,6,1984,1,9,1,1,1
2018200348315,2,9,0,18,0,1,0,0,0,0,1,1,6,1,60,9,1910,2,11,-1,-1,-1
2018200348316,1,9,0,18,0,1,0,0,0,0,1,1,6,2,56,9,1248,2,8,3,1,3
2018200348316,2,9,0,3,0,1,0,0,0,0,2,1,6,2,38,7,1497,8,13,1,1,1
2018200348316,3,9,0,3,0,1,0,0,0,0,2,1,6,1,28,6,1796,1,10,1,1,1
2018200348316,4,9,0,3,0,1,0,0,0,0,2,1,6,2,44,7,1598,2,8,2,1,2
2018200348323,1,9,0,7,0,5,0,0,0,0,1,1,1,3,-1,-1,1496,2,-1,-1,-1,-1
2018200348323,2,9,0,18,0,1,0,0,0,0,1,1,1,2,20,4,-1,-1,-1,3,1,3
2018200348326,1,21,4,11,0,0,0,0,0,0,1,1,6,1,26,6,12777,2,1,2,1,2
2018200348326,2,9,0,18,0,0,0,7,6,6,2,1,6,2,53,8,1242,1,1,2,1,2
2018200348326,3,9,0,18,0,0,0,0,0,0,2,1,6,1,71,10,1124,1,15,7,1,7
2018200348326,4,9,0,18,0,0,0,0,0,0,3,1,6,1,22,5,1986,2,10,6,1,6
2018200348329,1,9,0,18,0,0,0,0,0,0,1,1,6,3,-1,-1,-1,-1,-1,-1,-1,-1
2018200348329,2,9,0,3,0,0,0,4,0,0,2,1,6,1,-1,-1,1997,2,10,7,1,7
2018200348329,3,9,0,2,0,0,0,0,0,0,2,1,6,1,38,7,2776,2,13,5,1,5
2018200348330,1,9,0,18,0,0,0,0,0,0,1,1,6,3,-1,-1,1560,2,7,-1,-1,-1
2018200348330,2,9,0,18,0,0,0,4,0,0,1,1,6,1,21,5,1596,1,13,4,1,4
2018200348330,3,9,0,2,0,0,0,0,0,0,2,1,6,3,-1,-1,1975,1,11,-1,-1,-1
2018200348332,1,9,0,18,0,1,0,0,0,0,4,1,6,1,64,9,2199,2,4,3,1,3
2018200348333,1,21,1,5,0,1,0,0,0,0,4,1,6,1,-1,-1,12777,2,2,-1,-1,-1
2018200348333,2,19,0,3,0,1,0,0,0,0,3,1,6,1,31,6,1598,2,3,1,1,1
2018200348338,1,9,0,3,0,0,0,0,0,0,0,1,5,2,49,8,1598,1,12,1,1,1
2018200348338,2,1,0,18,0,0,0,0,0,0,1,1,6,1,35,6,-1,-1,-1,1,1,1
2018200348344,1,9,0,18,0,4,0,0,0,0,4,1,6,3,-1,-1,-1,-1,-1,-1,-1,-1
2018200348344,2,3,0,9,0,3,0,0,0,0,1,1,1,1,41,7,124,1,11,1,1,1
2018200348346,1,9,0,17,0,0,0,0,0,0,1,1,6,1,59,9,1248,1,1,4,1,4
2018200348346,2,9,0,4,0,0,0,0,0,0,1,1,6,2,18,4,1390,1,8,4,1,4
2018200348348,1,8,0,5,0,1,0,0,0,0,1,1,1,1,-1,-1,-1,-1,-1,-1,-1,-1
2018200348350,1,9,0,17,0,0,0,0,0,0,1,1,6,2,37,7,1364,1,10,4,1,4
2018200348355,1,9,0,16,0,1,0,0,0,0,1,1,6,2,39,7,1598,1,1,2,1,2
2018200348355,2,1,0,7,0,6,0,0,0,0,1,1,6,1,40,7,-1,-1,-1,4,1,4
2018200348372,1,9,0,1,0,0,0,0,0,0,2,1,6,1,38,7,1150,1,13,1,1,1
2018200348372,2,9,0,18,0,0,0,0,0,0,4,1,6,2,21,5,999,1,4,3,1,3
2018200348373,1,9,0,4,0,1,1,0,0,0,1,1,6,1,30,6,1364,1,13,-1,-1,-1
2018200348373,2,9,0,3,0,1,0,0,0,0,2,1,6,1,42,7,1499,1,2,2,1,2
2018200348373,3,9,0,3,0,1,0,0,0,0,2,1,6,1,33,6,-1,-1,-1,4,1,4
2018200348374,1,9,0,7,0,4,0,0,0,0,2,1,6,1,45,7,1995,2,13,1,1,1
2018200348374,2,9,0,18,0,8,0,0,0,0,1,1,6,2,47,8,1398,1,8,1,1,1
2018200348375,1,9,0,4,0,1,0,0,0,0,1,1,1,1,27,6,1796,1,13,4,1,4
2018200348375,2,19,0,3,0,1,0,0,0,0,2,1,1,2,45,7,1598,2,1,6,1,6
2018200348376,1,9,0,18,0,6,0,0,0,0,1,1,6,2,28,6,1598,1,6,1,1,1
2018200348376,2,9,0,18,0,8,0,0,0,0,4,1,6,1,63,9,1497,1,14,1,1,1
2018200348378,1,9,0,7,0,6,0,0,0,0,3,1,6,1,28,6,2204,2,11,4,1,4
2018200348378,2,9,0,18,0,8,1,0,0,0,4,1,6,1,26,6,1995,2,8,5,1,5
2018200348379,1,19,0,18,0,1,0,0,0,0,1,1,6,1,67,10,1997,2,11,5,1,5
2018200348379,2,9,0,3,0,1,0,0,0,0,2,1,6,1,57,9,1999,1,4,10,1,10
2018200348379,3,19,0,10,0,1,0,0,0,0,2,1,6,1,-1,-1,1868,2,16,-1,-1,-1
2018200348383,1,9,0,9,0,8,0,0,0,0,4,1,6,2,30,6,1242,1,7,6,1,6
2018200348383,2,9,0,18,0,8,0,0,0,0,1,1,6,1,59,9,1598,1,7,1,1,1
2018200348387,1,9,0,5,0,6,0,10,7,10,3,1,1,2,51,8,1998,1,11,2,2,2
2018200348387,2,9,0,18,0,8,0,0,0,0,1,1,2,2,29,6,1596,1,8,5,1,5
2018200348389,1,98,0,18,0,2,0,0,0,0,4,1,6,3,-1,-1,-1,-1,-1,-1,-1,-1
2018200348392,1,9,0,13,0,0,0,0,0,0,4,1,6,1,-1,-1,-1,-1,-1,-1,-1,-1
2018200348392,2,1,0,14,0,0,0,0,0,0,3,1,6,2,34,6,-1,-1,-1,1,1,1
2018200348400,1,9,0,18,0,1,0,0,0,0,1,1,6,2,63,9,1951,2,16,7,1,7
2018200348400,2,9,0,10,0,1,0,0,0,0,2,1,6,2,37,7,1596,1,15,4,1,4
2018200348401,1,9,0,18,0,0,0,4,0,0,1,1,6,1,-1,-1,-1,-1,-1,-1,-1,-1
2018200348401,2,9,0,5,0,0,0,0,0,0,3,1,6,2,37,7,998,1,10,1,1,1
2018200348401,3,9,0,2,0,0,0,0,0,0,1,1,6,2,87,11,998,1,5,1,1,1
2018200348401,4,9,0,2,0,0,0,0,0,0,1,1,6,2,75,10,1299,1,17,1,1,1
2018200348407,1,9,0,9,0,6,0,0,0,0,3,1,6,2,61,9,999,1,-1,2,1,2
2018200348407,2,1,0,18,0,1,0,0,0,0,1,1,6,1,26,6,-1,-1,-1,1,1,1
2018200348410,1,21,1,9,0,6,0,0,0,0,1,1,1,1,56,9,12809,2,3,5,1,5
2018200348410,2,9,0,16,0,8,0,0,0,0,3,1,6,1,37,7,1560,2,10,7,1,7
2018200348416,1,20,1,9,0,6,0,0,0,0,1,1,1,1,29,6,-1,-1,-1,3,1,3
2018200348416,2,9,0,18,0,8,0,0,0,0,1,1,5,1,23,5,1598,1,10,8,1,8
2018200348417,1,9,0,5,0,0,0,4,0,0,3,1,6,1,-1,-1,2400,2,6,-1,-1,-1
2018200348417,2,9,0,2,0,0,0,0,0,0,4,1,2,1,42,7,1791,8,6,1,1,1
2018200348427,1,9,0,18,0,1,0,0,0,0,1,1,6,1,-1,-1,-1,-1,-1,-1,-1,-1
2018200348427,2,9,0,10,0,1,0,0,0,0,2,1,6,2,38,7,1598,1,12,2,1,2
2018200348428,1,9,0,18,0,0,0,0,0,0,1,1,6,1,-1,-1,1560,2,4,-1,-1,-1
2018200348428,2,1,0,18,0,0,0,0,0,0,1,1,6,1,14,3,-1,-1,-1,-1,-1,-1
2018200348431,1,9,0,18,0,3,0,0,0,0,4,1,1,1,59,9,-1,-1,-1,7,3,7
2018200348431,2,98,0,18,0,3,0,0,0,0,3,1,6,2,60,9,-1,-1,-1,3,1,3
2018200348432,1,9,0,14,0,8,0,10,7,10,1,1,1,1,37,7,-1,-1,-1,2,1,2
2018200348432,2,9,0,9,0,8,0,0,0,0,3,1,6,1,45,7,1200,1,1,10,2,10
2018200348434,1,97,0,18,0,3,5,7,7,2,3,1,6,1,22,5,-1,-1,-1,2,1,2
2018200348442,1,9,0,18,0,0,0,10,1,0,1,1,6,1,-1,-1,1968,2,1,-1,-1,-1
2018200348462,1,9,0,18,0,0,0,10,1,1,1,1,1,2,40,7,1968,2,2,8,1,8
2018200348464,1,9,0,18,0,0,0,4,0,0,1,1,6,2,79,11,1248,1,9,3,1,3
2018200348464,2,9,0,2,0,0,0,4,0,0,2,1,6,1,-1,-1,1995,2,3,-1,-1,-1
2018200348464,3,19,0,2,0,0,0,0,0,0,2,1,6,3,-1,-1,2143,2,8,-1,-1,-1
2018200348465,1,1,0,18,0,8,0,0,0,0,1,1,1,1,29,6,-1,-1,-1,3,1,3
2018200348465,2,9,0,9,0,5,0,0,0,0,3,1,6,3,30,6,1896,2,14,-1,-1,-1
2018200348466,1,9,0,18,0,1,0,0,0,0,1,1,6,2,27,6,1339,1,12,6,1,6
2018200348466,2,9,0,18,0,1,0,0,0,0,2,1,6,1,23,5,998,1,2,1,1,1
2018200348466,3,9,0,18,0,1,0,0,0,0,2,1,6,1,26,6,1499,1,1,8,1,8
2018200348466,4,9,0,18,0,1,0,0,0,0,2,1,6,1,37,7,2893,1,6,5,1,5
2018200348466,5,9,0,18,0,1,0,0,0,0,2,1,6,1,19,4,1299,1,14,3,1,3
2018200348467,1,9,0,17,0,0,0,0,0,0,1,1,6,1,53,8,-1,-1,-1,5,1,5
2018200348469,1,9,0,18,0,1,0,0,0,0,1,1,6,1,30,6,-1,-1,-1,-1,-1,-1
2018200348469,2,9,0,10,0,1,0,0,0,0,0,1,6,1,41,7,1796,1,13,8,3,8
2018200348470,1,9,0,5,0,2,0,0,0,0,3,1,6,1,-1,-1,-1,-1,-1,-1,-1,-1
2018200348470,2,9,0,18,0,1,0,0,0,0,1,1,6,1,51,8,1896,2,13,1,1,1
2018200348477,1,9,0,18,0,8,0,0,0,0,1,1,6,2,27,6,1968,2,14,3,1,3
2018200348477,2,9,0,9,0,5,0,0,0,0,4,1,6,2,24,5,1388,1,7,4,1,4
2018200348478,1,9,0,7,0,2,0,0,0,0,1,1,6,1,-1,-1,1995,1,11,-1,-1,-1
2018200348492,1,9,0,16,0,4,1,10,3,1,1,1,1,1,19,4,1242,1,9,1,1,1
2018200348511,1,9,0,18,0,0,0,0,0,0,4,1,6,2,53,8,1360,1,8,2,1,2