Accident_Index,Vehicle_Reference,Vehicle_Type,Towing_and_Articulation,Vehicle_Manoeuvre,Vehicle_Location-Restricted_Lane,Junction_Location,Skidding_and_Overturning,Hit_Object_in_Carriageway,Vehicle_Leaving_Carriageway,Hit_Object_off_Carriageway,1st_Point_of_Impact,Was_Vehicle_Left_Hand_Drive?,Journey_Purpose_of_Driver,Sex_of_Driver,Age_of_Driver,Age_Band_of_Driver,Engine_Capacity_(CC),Propulsion_Code,Age_of_Vehicle,Driver_IMD_Decile,Driver_Home_Area_Type,Vehicle_IMD_Decile
2018200348517,1,9,0,18,0,8,0,8,0,0,1,1,6,3,-1,-1,-1,-1,-1,-1,-1,-1
2018200348517,2,9,0,2,0,8,0,0,0,0,4,1,1,1,39,7,1598,2,6,-1,-1,-1
2018200348521,1,97,0,18,0,0,0,0,0,0,1,1,6,1,-1,-1,-1,-1,-1,-1,-1,-1
2018200348523,1,9,0,6,0,8,0,0,0,0,4,1,6,1,24,5,1390,1,9,-1,1,-1
2018200348523,2,9,0,4,0,4,0,0,0,0,3,1,6,1,49,8,1798,8,-1,-1,-1,-1
2018200348527,1,9,0,3,0,0,0,0,0,0,0,1,5,2,58,9,1246,1,10,2,1,2
2018200348527,2,9,0,18,0,0,0,0,0,0,0,1,6,3,30,6,1910,2,12,-1,-1,-1
2018200348531,1,9,0,16,0,0,1,10,0,0,1,1,6,1,21,5,2993,2,8,1,1,1
2018200348531,2,9,0,16,0,0,0,0,0,0,1,1,1,1,-1,-1,2993,2,1,-1,-1,-1
2018200348532,1,9,0,18,0,6,0,0,0,0,1,1,6,2,47,8,1339,1,14,2,1,2
2018200348532,2,9,0,18,0,8,0,0,0,0,3,1,6,1,30,6,-1,-1,-1,3,1,3
2018200348535,1,9,0,18,0,0,0,0,0,0,2,1,6,1,36,7,-1,-1,-1,-1,-1,-1
2018200348535,2,21,0,18,0,0,0,0,0,0,1,1,6,1,25,5,6871,2,10,5,3,5
2018200348540,1,9,0,5,0,0,0,0,0,0,1,1,6,2,-1,-1,1229,1,6,-1,-1,-1
2018200348540,2,9,0,18,0,0,0,0,0,0,2,1,6,2,37,7,998,1,11,1,1,1
2018200348547,1,9,0,9,0,8,0,0,0,0,1,1,6,2,-1,-1,-1,-1,-1,-1,-1,-1
2018200348547,2,9,0,18,0,8,0,0,0,0,3,1,6,1,54,8,1461,2,6,2,1,2
2018200348548,1,9,0,18,0,8,0,0,0,0,1,1,1,2,69,10,1796,1,15,5,1,5
2018200348548,2,9,0,9,0,5,0,0,0,0,1,1,1,1,20,4,-1,-1,-1,5,1,5
2018200348551,1,9,0,5,0,2,0,0,0,0,1,1,3,1,68,10,1229,1,13,7,1,7
2018200348552,1,9,0,18,0,1,0,0,0,0,1,1,6,2,34,6,998,1,-1,3,1,3
2018200348552,2,98,0,4,0,1,0,0,0,0,2,1,1,1,61,9,-1,-1,-1,10,1,10
2018200348567,1,9,0,4,0,2,0,0,0,0,1,1,6,2,34,6,1149,1,13,1,1,1
2018200348569,1,97,0,18,0,2,0,0,0,0,0,1,6,3,30,6,-1,-1,-1,-1,-1,-1
2018200348571,1,9,0,18,0,0,0,0,0,0,1,1,6,2,23,5,1587,1,13,2,1,2
2018200348571,2,9,0,18,0,0,0,0,0,0,2,1,6,2,45,7,2172,2,14,3,1,3
2018200348571,3,9,0,18,0,0,0,0,0,0,2,1,6,2,43,7,1995,2,11,1,1,1
2018200348574,1,9,0,13,0,8,0,0,0,0,4,1,6,1,34,6,-1,-1,-1,1,1,1
2018200348574,2,9,0,9,0,5,0,0,0,0,3,1,6,1,28,6,1998,1,-1,1,1,1
2018200348579,1,9,0,4,0,1,0,0,0,0,1,1,6,1,38,7,1598,1,17,-1,-1,-1
2018200348579,2,9,0,10,0,1,0,0,0,0,2,1,6,2,32,6,1997,2,9,1,1,1
2018200348579,3,9,0,10,0,1,0,0,0,0,2,1,6,1,52,8,1229,1,12,1,1,1
2018200348579,4,9,0,10,0,1,0,0,0,0,2,1,6,1,-1,-1,1399,2,12,-1,-1,-1
2018200348584,1,9,0,18,0,8,0,0,0,0,3,1,6,1,50,8,1560,2,8,2,1,2
2018200348584,2,9,0,18,0,6,0,0,0,0,1,1,6,1,-1,-1,-1,-1,-1,-1,-1,-1
2018200348585,1,9,0,18,0,8,0,10,0,0,1,1,6,3,-1,-1,1199,1,17,-1,-1,-1
2018200348585,2,9,0,3,0,8,0,0,0,0,3,1,6,2,-1,-1,1364,1,9,4,1,4
2018200348585,3,9,0,18,0,8,0,0,0,0,1,1,6,1,19,4,1200,1,-1,2,1,2
2018200348585,4,9,0,3,0,8,0,0,0,0,4,1,6,1,38,7,2143,2,1,1,1,1
2018200348599,1,9,0,5,0,0,0,0,0,0,3,1,6,1,-1,-1,-1,-1,-1,-1,-1,-1
2018200348601,1,9,0,9,0,8,0,0,0,0,4,1,6,2,45,7,1984,1,6,3,1,3
2018200348601,2,9,0,5,0,8,0,0,0,0,1,1,6,1,26,6,1598,1,14,3,1,3
2018200348604,1,97,0,13,0,1,0,0,0,0,1,1,6,3,-1,-1,-1,-1,-1,-1,-1,-1
2018200348604,2,9,0,9,0,5,0,0,0,0,3,1,6,2,62,9,1240,1,12,4,2,4
2018200348605,1,9,0,15,0,1,0,0,0,0,3,1,6,1,30,6,1339,1,5,2,1,2
2018200348605,2,9,0,3,0,1,0,0,0,0,4,1,5,1,54,8,1560,2,8,1,1,1
2018200348614,1,9,0,18,0,1,0,4,1,0,1,1,6,2,50,8,1796,1,12,2,1,2
2018200348614,2,5,0,18,0,2,0,0,0,0,1,1,6,1,52,8,1170,1,6,7,3,7
2018200348614,3,9,0,2,0,1,0,0,0,0,2,1,6,3,-1,-1,1598,1,5,-1,-1,-1
2018200348614,4,9,0,2,0,1,0,0,0,0,2,1,6,3,-1,-1,1968,2,7,-1,-1,-1
2018200348617,1,9,0,18,0,0,0,0,0,0,3,1,1,2,28,6,1598,2,4,-1,-1,-1
2018200348617,2,9,0,14,0,0,0,0,0,0,3,1,6,1,21,5,1396,1,17,2,1,2
2018200348619,1,9,0,16,0,2,1,10,1,3,3,1,5,2,37,7,1994,2,18,2,1,2
2018200348620,1,9,0,9,0,8,0,0,0,0,3,1,6,1,-1,-1,1199,1,16,8,1,8
2018200348620,2,9,0,18,0,3,0,0,0,0,4,1,6,1,34,6,1956,2,4,1,1,1
2018200348622,1,9,0,18,0,1,0,0,0,0,1,1,6,1,-1,-1,1498,1,-1,-1,-1,-1
2018200348622,2,9,0,3,0,1,0,0,0,0,2,1,6,2,27,6,1229,1,7,1,1,1
2018200348625,1,19,0,18,0,1,0,0,0,0,1,1,1,1,26,6,2148,2,10,1,1,1
2018200348625,2,9,0,7,0,5,0,0,0,0,2,1,6,2,41,7,1360,1,7,-1,-1,-1
2018200348627,1,9,0,18,0,0,0,0,0,0,1,1,6,1,-1,-1,2179,2,7,-1,-1,-1
2018200348627,2,9,0,6,0,0,0,0,0,0,4,1,6,2,35,6,1896,2,11,5,1,5
2018200348627,3,9,0,2,0,0,0,0,0,0,2,1,6,3,-1,-1,-1,-1,-1,-1,-1,-1
2018200348636,1,9,0,8,0,8,0,0,0,0,3,1,6,2,49,8,1686,2,11,1,1,1
2018200348636,2,98,0,1,0,6,0,0,0,0,2,1,6,1,-1,-1,-1,-1,-1,-1,-1,-1
2018200348638,1,9,0,7,0,4,0,0,0,0,1,1,6,3,-1,-1,1968,2,5,-1,-1,-1
2018200348638,2,9,0,18,0,8,0,0,0,0,4,1,6,1,37,7,1598,1,15,3,1,3
2018200348639,1,9,0,9,0,8,0,0,0,0,3,1,5,1,74,10,1242,1,-1,3,1,3
2018200348639,2,9,0,18,0,8,0,0,0,0,1,1,5,2,58,9,1496,1,3,7,1,7
2018200348640,1,9,0,17,0,0,0,10,1,1,1,1,6,1,19,4,2000,1,9,7,1,7
2018200348640,2,9,0,2,0,0,0,0,0,0,0,1,6,1,21,5,1896,2,13,2,1,2
2018200348641,1,23,0,5,0,0,0,0,0,0,1,1,6,1,11,3,-1,-1,-1,1,1,1
2018200348641,2,9,0,18,0,0,0,0,0,0,4,1,6,1,28,6,1995,2,8,5,1,5
2018200348648,1,9,0,18,0,0,0,10,1,10,3,1,6,1,-1,-1,1995,2,6,-1,-1,-1
2018200348653,1,9,0,18,0,8,0,0,0,0,1,1,6,1,-1,-1,-1,-1,-1,-1,-1,-1
2018200348653,2,9,0,9,0,5,0,0,0,0,4,1,6,1,27,6,998,1,-1,8,1,8
2018200348655,1,9,0,3,0,8,0,0,0,0,2,1,6,2,42,7,1197,1,1,3,1,3
2018200348655,2,9,0,18,0,6,0,0,0,0,1,1,6,1,-1,-1,1968,2,4,-1,-1,-1
2018200348658,1,11,0,5,0,1,0,0,0,0,1,1,1,1,46,8,6700,2,3,9,1,9
2018200348658,2,9,0,3,0,1,0,0,0,0,2,1,2,2,22,5,1461,2,6,4,1,4
2018200348659,1,98,0,9,0,6,0,0,0,0,3,1,6,3,-1,-1,-1,-1,-1,-1,-1,-1
2018200348659,2,9,0,9,0,8,0,0,0,0,1,1,6,1,24,5,1995,2,14,1,1,1
2018200348660,1,9,0,4,0,0,0,0,0,0,2,1,6,2,73,10,1298,1,15,2,1,2
2018200348660,2,9,0,18,0,0,0,0,0,0,1,1,6,3,-1,-1,1120,1,20,-1,-1,-1
2018200348677,1,90,0,18,0,4,0,0,0,0,0,1,6,1,66,10,2200,2,10,8,1,8
2018200348678,1,11,0,4,2,0,0,0,0,0,0,1,1,1,55,8,-1,-1,-1,2,1,2
2018200348680,1,9,0,18,0,1,0,0,0,0,1,1,6,2,68,10,1248,1,4,7,1,7
2018200348680,2,9,0,3,0,1,0,0,0,0,2,1,6,2,27,6,1397,1,9,1,1,1
2018200348684,1,9,0,9,0,6,0,0,0,0,3,1,2,2,26,6,1242,1,6,3,1,3
2018200348684,2,9,0,18,0,8,0,0,0,0,1,1,6,1,22,5,1242,1,11,2,1,2
2018200348684,3,9,0,10,0,8,0,0,0,0,1,1,6,1,50,8,1399,1,1,1,1,1
2018200348688,1,9,0,7,0,6,0,0,0,0,3,1,6,2,28,6,1685,2,6,9,1,9
2018200348688,2,1,0,18,0,8,0,0,0,0,1,1,6,1,81,11,-1,-1,-1,9,1,9
2018200348691,1,9,0,18,0,1,0,0,0,0,1,1,6,1,37,7,2204,2,11,5,2,5
2018200348691,2,9,0,3,0,1,0,0,0,0,2,1,6,1,51,8,1956,2,6,3,1,3
2018200348692,1,9,0,4,0,0,0,0,0,0,1,1,6,1,63,9,1339,1,14,1,1,1
2018200348695,1,9,0,13,0,1,1,10,1,4,1,1,6,1,15,3,2996,1,11,1,1,1
2018200348695,2,9,0,2,9,8,0,0,0,0,2,1,6,3,-1,-1,1995,2,10,-1,-1,-1
2018200348695,3,9,0,2,9,8,0,0,0,0,3,1,6,1,-1,-1,1994,1,18,-1,-1,-1
2018200348695,4,9,0,2,9,8,0,0,0,0,2,1,6,2,-1,-1,1390,1,8,-1,-1,-1
2018200348695,5,9,0,2,9,8,0,0,0,0,3,1,6,1,-1,-1,1399,2,10,-1,-1,-1
2018200348702,1,1,0,18,0,0,0,0,0,0,1,1,1,1,32,6,-1,-1,-1,6,1,6
2018200348702,2,9,0,18,0,0,0,0,0,0,4,1,1,1,22,5,-1,-1,-1,6,3,6
2018200348714,1,9,0,9,0,5,0,0,0,0,4,1,6,1,19,4,2685,2,15,1,1,1
2018200348714,2,9,0,18,0,8,0,0,0,0,1,1,6,2,41,7,1896,2,11,1,1,1
2018200348714,3,9,0,9,0,2,0,0,0,0,0,1,6,1,24,5,-1,-1,-1,1,1,1
2018200348724,1,9,0,18,0,0,0,0,0,0,1,1,6,3,-1,-1,-1,-1,-1,-1,-1,-1
2018200348725,1,9,0,18,0,4,0,0,0,0,3,1,6,1,26,6,1995,2,4,3,1,3
2018200348725,2,9,0,18,0,8,0,0,0,0,1,1,6,1,-1,-1,2143,2,3,9,1,9
2018200348726,1,9,0,7,0,1,0,0,0,0,1,1,6,3,-1,-1,-1,-1,-1,-1,-1,-1
2018200348726,2,1,0,18,0,1,0,0,0,0,3,1,1,1,-1,-1,-1,-1,-1,-1,-1,-1
2018200348736,1,9,0,4,0,1,0,0,0,0,1,1,6,2,51,8,1149,1,5,3,1,3
2018200348736,2,23,0,17,0,2,0,0,0,0,1,1,6,1,20,4,125,1,4,2,1,2
2018200348750,1,98,0,18,0,0,0,10,1,0,1,1,6,1,30,6,-1,-1,-1,-1,-1,-1
2018200348752,1,9,0,18,0,2,0,0,0,0,1,1,6,3,-1,-1,-1,-1,-1,-1,-1,-1
2018200348754,1,9,0,18,0,4,0,0,0,0,1,1,6,2,-1,-1,-1,-1,-1,-1,-1,-1
2018200348754,2,9,0,18,0,8,0,0,0,0,4,1,6,1,29,6,1995,2,12,1,1,1
2018200348756,1,1,0,18,0,1,0,0,0,0,4,1,3,1,11,3,-1,-1,-1,2,1,2
2018200348756,2,9,0,18,0,1,0,0,0,0,3,1,6,2,-1,-1,-1,-1,-1,5,1,5
2018200348769,1,9,0,12,0,0,0,0,0,0,1,1,6,1,21,5,1598,1,9,5,1,5
2018200348769,2,9,0,18,0,0,0,0,0,0,2,1,1,1,44,7,-1,-1,-1,4,1,4
2018200348783,1,9,0,18,0,0,0,0,0,0,1,1,6,2,-1,-1,1388,1,9,-1,-1,-1
2018200348783,2,1,0,18,0,0,0,0,0,0,4,1,6,1,36,7,-1,-1,-1,1,1,1
2018200348786,1,9,0,7,0,2,0,0,0,0,1,1,6,2,-1,-1,-1,-1,-1,-1,-1,-1
2018200348786,2,1,0,18,0,2,0,0,0,0,4,1,2,1,21,5,-1,-1,-1,1,1,1
2018200348787,1,9,0,9,0,8,0,0,0,0,1,1,6,1,39,7,2184,2,14,7,1,7
2018200348787,2,9,0,17,0,8,0,0,0,0,3,1,6,1,19,4,1598,2,5,5,1,5
2018200348788,1,9,0,5,0,6,0,0,0,0,0,1,6,3,-1,-1,-1,-1,-1,-1,-1,-1
2018200348788,2,9,0,18,0,8,0,0,0,0,4,1,6,2,21,5,1329,7,8,4,1,4
2018200348788,3,98,1,18,0,1,0,0,0,0,3,1,6,1,52,8,-1,-1,-1,5,1,5
2018200348797,1,9,0,12,0,1,0,0,0,0,3,1,6,1,-1,-1,1368,1,8,-1,-1,-1
2018200348797,2,9,0,18,0,1,0,0,0,0,4,1,6,2,26,6,1461,2,5,2,1,2
2018200348800,1,9,0,4,0,6,0,0,0,0,1,1,1,3,24,5,-1,-1,-1,3,1,3
2018200348800,2,9,0,18,0,8,5,0,0,0,4,1,1,1,34,6,-1,-1,-1,6,1,6
2018200348810,1,9,0,9,0,5,5,0,0,0,4,1,6,1,32,6,1461,2,8,8,1,8
2018200348810,2,9,0,18,0,8,0,0,0,0,1,1,6,1,35,6,1598,1,12,-1,-1,-1
2018200348816,1,9,0,7,0,5,0,0,0,0,1,1,6,2,-1,-1,1242,1,12,-1,-1,-1
2018200348816,2,1,0,18,0,8,0,0,0,0,1,1,6,1,18,4,-1,-1,-1,4,1,4
2018200348826,1,9,0,18,0,1,0,0,0,0,4,1,6,3,-1,-1,1248,1,-1,-1,-1,-1
2018200348826,2,3,0,18,0,1,0,0,0,0,4,1,2,1,22,5,124,1,4,1,1,1
2018200348840,1,9,0,18,0,0,0,0,0,0,1,1,6,1,67,10,1950,2,2,10,1,10
2018200348840,2,9,0,18,0,0,0,0,0,0,1,1,6,1,44,7,1968,2,1,6,1,6
2018200348840,3,9,0,18,0,0,0,0,0,0,1,1,6,3,40,7,1598,2,7,1,1,1
2018200348840,4,9,0,18,0,0,0,0,0,0,1,1,6,3,27,6,-1,-1,-1,-1,-1,-1
2018200348847,1,9,0,18,0,2,0,0,0,0,3,1,6,3,-1,-1,1198,1,8,-1,-1,-1
2018200348862,1,9,0,18,0,8,0,10,1,0,3,1,6,2,56,9,-1,-1,-1,2,1,2
2018200348862,2,9,0,5,0,6,0,0,0,0,1,1,6,3,-1,-1,-1,-1,-1,-1,-1,-1
2018200348892,1,9,0,4,0,1,0,0,0,0,1,1,1,1,55,8,-1,-1,-1,6,1,6
2018200348892,2,9,0,3,0,1,0,0,0,0,2,1,6,1,37,7,1995,2,-1,2,1,2
2018200348896,1,98,0,5,0,8,0,0,0,0,1,1,1,1,38,7,-1,-1,-1,2,1,2
2018200348896,2,9,0,5,0,3,0,7,7,10,2,1,6,2,21,5,1149,1,10,5,1,5
2018200348897,1,9,0,5,0,6,0,0,0,0,4,1,6,1,20,4,1229,1,7,2,1,2
2018200348897,2,9,0,18,0,8,0,0,0,0,1,1,6,2,59,9,1560,2,8,1,1,1
2018200348899,1,9,0,9,0,5,0,0,0,0,4,1,6,1,21,5,-1,-1,-1,10,1,10
2018200348899,2,9,0,18,0,8,0,0,0,0,1,1,6,1,31,6,1598,1,16,9,1,9
2018200348904,1,9,0,18,0,1,0,0,7,0,1,1,6,2,37,7,1796,1,11,8,2,8
2018200348904,2,9,0,18,0,1,5,0,1,11,1,1,6,2,41,7,2993,2,4,6,3,6
2018200348905,1,9,0,10,0,1,0,0,0,0,2,1,3,1,50,8,1968,2,8,1,1,1
2018200348905,2,9,0,18,0,1,0,0,0,0,1,1,6,1,30,6,1598,1,6,-1,-1,-1
2018200348913,1,9,0,18,0,2,0,0,0,0,1,1,6,1,-1,-1,1560,2,5,-1,-1,-1
2018200348913,2,9,0,3,0,2,0,0,0,0,2,1,6,2,29,6,898,1,5,10,1,10
2018200348914,1,9,0,18,0,0,5,4,0,0,3,1,1,2,22,5,998,1,-1,9,1,9
2018200348914,2,9,0,2,0,0,0,0,0,0,3,1,6,2,-1,-1,1364,1,1,-1,-1,-1
2018200348917,1,9,0,2,0,2,0,0,0,0,3,1,6,1,31,6,1997,2,4,6,1,6
2018200348917,2,1,0,18,9,2,0,8,0,0,1,1,6,2,46,8,-1,-1,-1,-1,-1,-1
2018200348918,1,9,0,9,0,5,0,0,0,0,1,1,2,1,57,9,1596,1,8,1,1,1
2018200348918,2,9,0,13,0,8,0,10,7,4,3,1,2,1,61,9,1242,1,10,3,1,3
2018200348924,1,9,0,18,0,0,1,0,0,0,1,1,6,1,41,7,2204,2,14,2,1,2
2018200348924,2,9,0,3,0,0,0,0,0,0,2,1,6,1,20,4,998,1,1,2,1,2
2018200348924,3,9,0,3,0,0,0,0,0,0,2,1,6,2,32,6,1999,2,1,5,1,5
2018200348927,1,9,0,5,0,6,0,0,0,0,1,1,6,3,-1,-1,-1,-1,-1,-1,-1,-1
2018200348927,2,9,0,17,0,8,1,0,0,0,4,1,6,1,37,7,1328,1,10,2,1,2
2018200348933,1,9,0,9,0,8,0,0,7,0,4,1,6,3,-1,-1,1998,2,11,-1,-1,-1
2018200348933,2,9,0,7,0,8,0,0,1,0,1,1,6,2,54,8,1360,1,10,2,1,2
2018200348936,1,1,0,18,0,0,0,0,0,0,1,1,6,1,12,3,-1,-1,-1,6,1,6
2018200348936,2,9,0,18,0,0,0,0,0,0,1,1,6,3,-1,-1,-1,-1,-1,-1,-1,-1
2018200348942,1,9,0,18,0,0,0,10,1,10,1,1,6,1,26,6,-1,-1,-1,4,1,4
2018200348949,1,9,0,18,0,8,0,0,0,0,1,1,6,1,20,4,1598,2,6,-1,-1,-1
2018200348949,2,9,0,9,0,8,0,0,0,0,4,1,6,3,-1,-1,1968,2,8,-1,-1,-1
2018200348950,1,9,0,7,0,3,0,0,0,0,4,1,6,1,52,8,-1,-1,-1,1,1,1
2018200348950,2,9,0,18,0,8,0,0,0,0,3,1,6,2,21,5,1598,2,4,1,1,1
2018200348951,1,9,0,18,0,0,0,0,0,0,1,1,6,1,-1,-1,-1,-1,-1,-1,-1,-1
2018200348957,1,9,0,9,0,1,0,0,0,0,1,1,6,1,-1,-1,-1,-1,-1,-1,-1,-1
2018200348957,2,1,0,18,0,2,0,0,0,0,1,1,6,2,20,4,-1,-1,-1,1,1,1
2018200348958,1,9,0,18,0,0,0,0,0,0,1,1,6,1,-1,-1,2987,2,8,-1,-1,-1
2018200348958,2,9,0,3,0,0,0,0,0,0,2,1,6,1,51,8,2993,2,4,2,1,2
2018200348968,1,9,0,7,0,6,0,4,0,0,1,1,6,1,-1,-1,1968,2,3,-1,-1,-1
2018200348968,2,9,0,2,0,2,0,0,0,0,3,1,5,1,-1,-1,-1,-1,-1,1,1,1
2018200348968,3,9,0,5,0,1,0,0,0,0,1,1,6,2,70,10,998,1,6,3,1,3
2018200348968,4,9,0,2,0,1,0,0,0,0,3,1,5,1,57,9,898,1,-1,1,1,1
2018200348974,1,9,0,18,0,0,0,0,0,0,1,1,6,3,-1,-1,-1,-1,-1,-1,-1,-1
2018200348975,1,5,0,18,0,1,0,0,0,0,1,1,2,1,40,7,600,1,15,-1,-1,-1
2018200348975,2,9,0,3,0,1,0,0,0,0,2,1,6,2,42,7,1386,1,13,4,2,4
2018200348983,1,9,0,18,0,1,0,0,0,0,1,1,6,2,-1,-1,-1,-1,-1,-1,-1,-1
2018200349003,1,9,0,18,0,0,0,0,0,0,1,1,6,3,-1,-1,-1,-1,-1,-1,-1,-1
2018200349004,1,9,0,18,0,0,0,0,0,0,1,1,6,1,-1,-1,1598,1,13,-1,-1,-1
2018200349004,2,9,0,18,0,0,0,10,0,0,1,1,6,1,21,5,1364,2,8,2,1,2
2018200349007,1,9,0,3,0,1,0,0,0,0,2,1,3,2,28,6,1461,2,2,2,1,2
2018200349007,2,9,0,8,0,1,0,0,0,0,1,1,3,2,50,8,1299,1,15,2,1,2
2018200349012,1,9,0,18,0,8,0,10,6,10,3,1,6,1,35,6,1896,2,14,2,1,2
2018200349012,2,9,0,9,0,8,0,0,0,0,4,1,6,1,54,8,1597,2,-1,7,1,7
2018200349028,1,9,0,3,0,1,0,0,0,0,2,1,6,2,43,7,998,1,1,8,3,8
2018200349028,2,9,0,18,0,1,0,0,0,0,1,1,6,1,-1,-1,1995,2,10,10,1,10
2018200349032,1,8,0,18,0,8,0,0,0,0,1,1,1,1,43,7,1497,8,10,4,1,4
2018200349032,2,1,0,9,0,6,0,0,0,0,1,1,6,1,12,3,-1,-1,-1,2,1,2
2018200349050,1,19,0,7,0,6,0,0,0,0,3,1,6,1,44,7,2198,2,8,6,2,6
2018200349050,2,9,0,18,0,8,0,0,0,0,4,1,6,1,45,7,1200,1,-1,2,1,2
2018200349051,1,9,0,5,0,0,1,0,1,0,4,1,6,1,19,4,1399,1,2,1,1,1
2018200349051,2,9,0,18,0,0,0,0,0,0,-1,1,1,1,43,7,2993,2,-1,-1,-1,-1
2018200349057,1,9,0,18,0,1,0,0,0,0,1,1,6,3,-1,-1,1984,1,14,-1,-1,-1
2018200349057,2,9,0,18,0,1,0,0,0,0,2,1,6,1,-1,-1,2902,2,10,5,1,5
2018200349084,1,9,0,9,0,6,0,0,0,0,1,1,6,1,21,5,1995,2,11,1,1,1
2018200349084,2,1,0,18,0,8,0,0,0,0,4,1,6,1,32,6,-1,-1,-1,3,1,3
2018200349089,1,9,0,17,0,8,0,0,0,0,1,1,6,3,-1,-1,1398,1,16,-1,-1,-1
2018200349092,1,9,0,9,0,6,0,0,0,0,0,1,1,1,51,8,-1,-1,-1,8,1,8
2018200349092,2,1,0,18,0,8,0,0,0,0,1,1,2,1,-1,-1,-1,-1,-1,3,1,3
2018200349093,1,9,0,18,0,0,0,10,1,2,1,1,6,1,30,6,1984,1,14,2,1,2
2018200349101,1,9,0,9,0,4,0,0,0,0,1,1,2,1,32,6,1598,1,11,1,1,1
2018200349101,2,1,0,18,0,8,0,0,0,0,3,1,2,1,55,8,-1,-1,-1,5,1,5
2018200349148,1,9,0,9,0,5,0,0,0,0,1,1,6,1,68,10,1329,1,6,1,1,1
2018200349148,2,1,0,18,0,8,0,0,0,0,1,1,6,2,36,7,-1,-1,-1,1,1,1
2018200349166,1,9,0,9,0,6,0,10,1,10,3,1,6,1,50,8,1397,1,14,2,1,2
2018200349166,2,9,0,18,0,1,0,0,0,0,1,1,6,1,25,5,998,1,16,4,1,4
2018200349167,1,9,0,7,0,5,1,0,0,0,1,1,6,1,27,6,1997,2,2,1,1,1
2018200349167,2,9,0,18,0,1,1,10,7,10,1,1,6,2,22,5,1197,1,6,5,1,5
2018200349168,1,9,0,7,0,6,0,4,0,0,4,1,6,2,-1,-1,1686,2,8,-1,-1,-1
2018200349168,2,9,0,2,0,2,0,0,0,0,3,1,6,2,30,6,-1,-1,-1,1,1,1
2018200349173,1,9,0,18,0,0,0,0,0,0,1,1,6,3,30,6,-1,-1,-1,-1,-1,-1
2018200349174,1,9,0,18,0,6,0,0,0,0,1,1,6,1,44,7,-1,-1,-1,4,1,4
2018200349174,2,9,0,18,0,8,0,0,0,0,1,1,6,1,64,9,1995,2,13,3,1,3
2018200349186,1,9,0,18,0,4,0,0,0,0,1,1,6,3,-1,-1,-1,-1,-1,-1,-1,-1
2018200349186,2,9,0,18,0,8,0,0,0,0,2,1,6,1,-1,-1,2295,1,15,4,1,4
2018200349191,1,9,0,9,0,6,0,0,0,0,1,1,5,2,30,6,2199,2,4,2,1,2
2018200349191,2,5,0,18,0,8,0,0,0,0,2,1,1,1,38,7,645,1,3,2,1,2
2018200349192,1,9,0,3,0,0,0,0,0,0,2,1,6,1,35,6,1968,2,1,3,1,3
2018200349192,2,9,0,18,0,0,0,0,0,0,1,1,6,1,-1,-1,2496,2,15,-1,-1,-1
2018200349193,1,9,0,7,0,6,0,0,0,0,1,1,6,2,-1,-1,1598,2,5,-1,-1,-1
2018200349193,2,8,0,4,0,8,0,0,0,0,4,1,1,1,-1,-1,2664,2,18,5,1,5
2018200349203,1,9,0,9,0,6,0,0,0,0,3,1,6,2,33,6,1560,2,5,10,1,10
2018200349203,2,98,0,18,0,8,0,0,0,0,1,1,6,1,-1,-1,-1,-1,-1,-1,-1,-1
2018200349207,1,9,0,18,0,0,0,0,0,0,4,1,6,2,63,9,2143,2,5,6,1,6
2018200349213,1,9,0,18,0,8,1,0,0,0,1,1,2,1,35,6,2993,2,11,1,1,1
2018200349213,2,9,0,18,0,8,1,0,0,0,1,1,1,2,44,7,1598,1,11,3,1,3
2018200349222,1,9,0,18,0,8,0,0,0,0,1,1,1,1,38,7,1896,2,13,1,1,1
2018200349222,2,9,0,18,0,6,0,0,0,0,1,1,6,3,30,6,1399,2,7,-1,-1,-1
2018200349227,1,9,0,18,0,8,0,0,0,0,1,1,1,1,63,9,-1,-1,-1,2,1,2
2018200349227,2,9,0,9,0,8,0,0,0,0,4,1,6,1,22,5,998,1,18,1,1,1
2018200349235,1,9,0,6,0,2,0,0,0,0,1,1,6,1,-1,-1,-1,-1,-1,-1,-1,-1
2018200349235,2,9,0,4,0,2,0,0,0,0,3,1,6,1,46,8,-1,-1,-1,5,1,5
2018200349243,1,9,0,18,0,8,0,0,0,0,1,1,6,3,-1,-1,1968,2,9,-1,-1,-1
2018200349243,2,9,0,9,0,6,0,0,0,0,3,1,6,1,29,6,1275,1,24,1,1,1
2018200349244,1,9,0,7,0,5,0,0,0,0,1,1,6,1,25,5,-1,-1,-1,-1,-1,-1
2018200349245,1,9,0,18,0,0,0,0,0,0,1,1,6,3,30,6,-1,-1,-1,-1,-1,-1
2018200349256,1,9,0,11,0,0,0,0,0,0,0,1,6,2,-1,-1,1598,1,11,1,1,1
2018200349256,2,5,0,16,0,0,0,0,0,0,0,1,1,1,-1,-1,600,1,12,1,1,1
2018200349261,1,9,0,4,0,1,0,0,0,0,2,1,6,1,34,6,1896,2,13,3,1,3
2018200349261,2,9,0,18,0,1,0,0,0,0,1,1,6,1,29,6,-1,-1,-1,1,1,1
2018200349274,1,1,0,18,9,8,0,0,0,0,1,1,6,1,39,7,-1,-1,-1,3,1,3
2018200349274,2,9,0,7,9,8,0,0,0,0,1,1,6,1,41,7,1997,2,11,1,1,1
2018200349279,1,9,0,18,0,2,0,4,0,0,1,1,6,1,28,6,1968,2,4,5,1,5
2018200349279,2,9,0,2,0,2,0,0,0,0,3,1,5,2,57,9,1248,1,-1,6,1,6