Accident_Index,Vehicle_Reference,Vehicle_Type,Towing_and_Articulation,Vehicle_Manoeuvre,Vehicle_Location-Restricted_Lane,Junction_Location,Skidding_and_Overturning,Hit_Object_in_Carriageway,Vehicle_Leaving_Carriageway,Hit_Object_off_Carriageway,1st_Point_of_Impact,Was_Vehicle_Left_Hand_Drive?,Journey_Purpose_of_Driver,Sex_of_Driver,Age_of_Driver,Age_Band_of_Driver,Engine_Capacity_(CC),Propulsion_Code,Age_of_Vehicle,Driver_IMD_Decile,Driver_Home_Area_Type,Vehicle_IMD_Decile
2018200350160,2,98,0,18,0,8,0,0,0,0,3,1,6,1,41,7,-1,-1,-1,1,1,1
2018200350161,1,9,0,5,0,0,0,0,0,0,1,1,1,2,24,5,1598,1,5,6,-1,6
2018200350162,1,9,0,9,0,6,0,0,0,0,1,1,3,2,29,6,1997,2,10,4,1,4
2018200350162,2,9,0,18,0,8,0,10,1,0,3,1,3,2,32,6,1061,1,15,5,1,5
2018200350163,1,9,0,7,0,5,0,0,0,0,3,1,6,2,39,7,1598,1,11,1,1,1
2018200350164,1,9,0,18,0,8,1,4,0,0,4,1,6,2,24,5,1399,2,6,5,1,5
2018200350164,2,19,0,9,0,6,0,0,0,0,1,1,6,1,38,7,1560,2,3,6,1,6
2018200350164,3,9,0,2,0,2,0,4,0,0,3,1,6,3,-1,-1,1398,2,14,-1,-1,-1
2018200350164,4,9,0,2,0,2,0,0,0,0,3,1,6,3,-1,-1,1560,2,11,-1,-1,-1
2018200350167,1,9,0,3,0,8,0,0,0,0,1,1,6,2,22,5,1242,1,5,5,1,5
2018200350167,2,19,0,9,0,8,0,0,0,0,4,1,6,1,-1,-1,2198,2,4,4,1,4
2018200350169,1,9,0,18,0,3,0,0,0,0,1,1,6,1,33,6,2000,1,13,1,1,1
2018200350169,2,9,0,7,0,1,0,0,0,0,1,1,6,1,45,7,998,1,6,6,3,6
2018200350169,3,9,0,18,0,8,0,0,0,0,2,1,6,2,48,8,999,1,-1,3,1,3
2018200350171,1,9,0,7,0,4,0,0,0,0,1,1,6,2,19,4,1299,1,15,4,1,4
2018200350171,2,9,0,9,0,3,0,0,0,0,4,1,6,1,47,8,1461,2,3,2,1,2
2018200350172,1,9,0,18,0,8,0,0,0,0,1,1,5,2,29,6,1598,2,6,1,1,1
2018200350172,2,9,0,9,0,8,0,0,0,0,1,1,5,1,25,5,998,1,17,2,1,2
2018200350174,1,9,0,18,0,4,0,0,0,0,1,1,6,2,-1,-1,-1,-1,-1,3,1,3
2018200350174,2,1,0,18,0,8,0,0,0,0,2,1,6,1,54,8,-1,-1,-1,-1,-1,-1
2018200350178,1,9,0,4,0,2,1,0,0,0,1,1,1,1,39,7,1968,2,6,1,1,1
2018200350180,1,9,0,9,0,6,0,0,0,0,1,1,3,2,34,6,998,1,-1,2,1,2
2018200350180,2,3,0,18,0,8,1,0,0,0,1,1,2,1,39,7,660,1,10,2,1,2
2018200350182,1,9,0,15,0,0,0,4,0,0,1,1,6,3,-1,-1,1995,1,11,-1,-1,-1
2018200350182,2,9,0,2,0,0,0,0,0,0,0,1,6,1,61,9,1596,1,14,5,1,5
2018200350184,1,9,0,18,0,0,0,0,0,0,1,1,6,1,-1,-1,1956,2,7,-1,-1,-1
2018200350184,2,9,0,4,0,0,0,0,0,0,1,1,2,2,36,7,1461,2,2,-1,-1,-1
2018200350186,1,9,0,5,0,0,0,0,0,0,4,1,1,1,44,7,-1,-1,-1,4,1,4
2018200350187,1,9,0,18,0,0,0,0,0,0,1,1,3,1,37,7,1998,1,13,1,1,1
2018200350189,1,9,0,5,0,6,0,0,0,0,1,1,5,1,47,8,1598,1,9,3,1,3
2018200350189,2,9,0,18,0,8,0,0,0,0,1,1,2,2,55,8,998,1,4,5,1,5
2018200350190,1,9,0,18,0,4,0,0,0,0,1,1,6,1,29,6,1560,2,10,8,1,8
2018200350190,2,9,0,5,0,4,0,0,0,0,2,1,6,1,31,6,-1,-1,-1,1,1,1
2018200350190,3,9,0,5,0,4,0,0,0,0,3,1,6,1,30,6,998,1,15,2,1,2
2018200350194,1,9,0,9,0,5,0,0,0,0,1,1,6,1,62,9,1973,1,20,6,1,6
2018200350194,2,9,0,18,0,8,0,0,0,0,1,1,6,2,31,6,998,1,10,2,1,2
2018200350196,1,9,0,4,0,8,0,0,0,0,1,1,2,2,30,6,1900,2,12,1,1,1
2018200350196,2,9,0,9,0,6,0,0,0,0,3,1,2,1,31,6,1794,1,14,1,1,1
2018200350198,1,9,0,18,0,8,1,10,3,11,1,1,6,1,46,8,1991,1,1,1,1,1
2018200350198,2,9,0,18,0,1,0,0,0,0,1,1,1,3,-1,-1,1598,2,1,-1,-1,-1
2018200350198,3,9,0,18,0,1,0,0,0,0,1,1,1,3,-1,-1,1598,2,1,-1,-1,-1
2018200350199,1,9,0,18,0,8,0,0,0,0,1,1,6,1,19,4,1399,2,9,2,1,2
2018200350199,2,1,0,18,0,8,5,0,0,0,4,1,6,1,13,3,-1,-1,-1,2,1,2
2018200350202,1,9,0,9,0,5,0,0,0,0,1,1,6,2,80,11,1240,1,12,5,1,5
2018200350202,2,9,0,18,0,8,0,0,0,0,3,1,6,2,40,7,2199,2,6,7,1,7
2018200350204,1,19,0,18,0,1,0,0,0,0,1,1,2,1,33,6,2198,2,3,4,1,4
2018200350207,1,9,0,9,0,5,0,0,0,0,1,1,6,2,-1,-1,-1,-1,-1,-1,-1,-1
2018200350208,1,9,0,4,0,0,0,0,0,0,0,1,2,2,46,8,1598,2,5,8,2,8
2018200350208,2,9,0,4,0,0,0,0,0,0,1,1,6,1,56,9,-1,-1,-1,10,1,10
2018200350209,1,9,0,5,0,6,0,0,0,0,1,1,6,1,-1,-1,-1,-1,-1,-1,-1,-1
2018200350209,2,9,0,18,0,8,0,0,0,0,4,1,6,2,25,5,1299,1,13,8,1,8
2018200350211,1,97,0,5,0,0,0,0,0,0,1,1,6,1,-1,-1,-1,-1,-1,-1,-1,-1
2018200350216,1,23,0,18,0,0,0,0,0,0,2,1,6,1,33,6,-1,-1,-1,1,1,1
2018200350216,2,9,0,18,0,0,0,0,0,0,1,1,6,1,-1,-1,-1,-1,-1,-1,-1,-1
2018200350218,1,9,0,9,0,5,0,0,0,0,1,1,1,1,34,6,1242,1,7,3,1,3
2018200350218,2,2,0,13,0,8,0,0,0,0,1,1,6,1,16,4,49,1,2,-1,-1,-1
2018200350219,1,9,0,18,0,8,0,0,0,0,1,1,2,1,42,7,1587,1,15,2,1,2
2018200350219,2,9,0,9,0,6,0,0,0,0,4,1,2,2,32,6,1796,1,19,2,1,2
2018200350223,1,9,0,9,0,8,0,0,0,0,4,1,6,2,23,5,998,1,5,2,1,2
2018200350223,2,9,0,18,0,8,0,0,0,0,1,1,1,1,36,7,-1,-1,-1,3,1,3
2018200350234,1,9,0,18,0,4,0,0,0,0,3,1,1,2,56,9,1229,1,6,4,1,4
2018200350234,2,1,0,18,0,8,5,0,0,0,1,1,1,1,37,7,-1,-1,-1,7,1,7
2018200350236,1,9,0,18,0,0,1,4,0,0,1,1,6,1,-1,-1,3604,1,1,-1,-1,-1
2018200350236,2,9,0,18,0,0,1,4,0,0,1,1,6,1,-1,-1,1498,1,1,-1,-1,-1
2018200350236,3,9,0,2,0,0,0,4,0,0,1,1,6,1,-1,-1,1956,2,3,-1,-1,-1
2018200350236,4,9,0,2,0,0,0,4,0,0,1,1,6,1,-1,-1,1988,1,14,-1,-1,-1
2018200350236,5,9,0,2,0,0,0,0,0,0,2,1,6,1,-1,-1,1999,1,15,-1,-1,-1
2018200350236,6,9,0,2,0,0,0,0,0,0,1,1,6,1,-1,-1,1590,1,17,-1,-1,-1
2018200350236,7,9,0,2,0,0,0,0,0,0,2,1,6,1,-1,-1,1951,2,14,-1,-1,-1
2018200350245,1,9,0,10,0,1,0,0,0,0,2,1,1,1,26,6,-1,-1,-1,2,1,2
2018200350245,2,9,0,3,0,1,0,0,0,0,2,1,6,1,36,7,1560,2,9,2,1,2
2018200350245,3,9,0,18,0,1,0,0,0,0,1,1,1,1,-1,-1,1798,8,2,5,1,5
2018200350245,4,9,0,18,0,1,0,0,0,0,1,1,1,1,-1,-1,2143,2,2,2,1,2
2018200350246,1,90,0,18,0,0,0,0,0,0,4,1,1,1,51,8,-1,-1,-1,2,1,2
2018200350251,1,9,0,3,0,1,0,0,0,0,1,1,2,2,37,7,1368,1,2,3,1,3
2018200350251,2,19,0,18,0,1,0,0,0,0,2,1,1,1,29,6,2198,2,5,8,1,8
2018200350255,1,9,0,18,0,0,0,0,0,0,1,1,6,1,57,9,1995,2,13,1,1,1
2018200350255,2,9,0,3,0,0,0,0,0,0,3,1,6,2,52,8,1299,1,18,2,1,2
2018200350259,1,9,0,18,0,0,0,0,0,0,1,1,6,1,82,11,2494,1,23,5,1,5
2018200350261,1,9,0,11,0,3,0,0,0,0,4,1,6,3,-1,-1,-1,-1,-1,-1,-1,-1
2018200350261,2,9,0,7,0,8,0,0,0,0,3,1,1,2,36,7,1398,1,6,2,1,2
2018200350264,1,98,0,11,0,0,0,0,0,0,4,1,6,1,58,9,-1,-1,-1,2,1,2
2018200350264,2,9,0,11,0,0,0,0,0,0,2,1,6,2,44,7,1248,1,8,9,2,9
2018200350265,1,9,0,5,0,0,0,0,0,0,3,1,6,1,-1,-1,-1,-1,-1,-1,-1,-1
2018200350265,2,1,0,18,0,0,0,0,0,0,1,1,1,1,-1,-1,-1,-1,-1,4,1,4
2018200350268,1,9,0,1,0,6,0,0,0,0,4,1,6,1,24,5,1248,1,7,2,1,2
2018200350268,2,9,0,18,0,8,0,0,0,0,1,1,6,1,43,7,1984,2,4,1,1,1
2018200350269,1,9,0,5,0,4,0,0,0,0,4,1,6,1,-1,-1,-1,-1,-1,-1,-1,-1
2018200350269,2,3,0,9,0,3,0,0,0,0,0,1,6,1,34,6,124,1,4,-1,-1,-1
2018200350271,1,1,0,18,0,2,0,0,0,0,1,1,5,1,31,6,-1,-1,-1,1,1,1
2018200350271,2,9,0,18,0,2,0,0,0,0,1,1,5,1,25,5,1800,1,18,2,1,2
2018200350272,1,9,0,18,0,8,0,0,0,0,1,1,6,1,31,6,1999,2,-1,10,1,10
2018200350272,2,9,0,4,0,8,0,0,0,0,1,1,6,1,41,7,1999,2,-1,10,1,10
2018200350272,3,8,0,10,0,8,0,0,0,0,2,1,6,1,32,6,1580,8,-1,3,1,3
2018200350274,1,9,0,18,0,1,0,0,0,0,4,1,1,2,39,7,1598,2,4,3,1,3
2018200350278,1,9,0,9,0,3,1,0,0,0,2,1,2,1,35,6,1595,1,1,1,1,1
2018200350278,2,9,0,7,0,4,0,0,0,0,3,1,2,2,33,6,1995,2,12,1,1,1
2018200350280,1,9,0,16,0,0,1,10,7,11,1,1,6,2,26,6,1995,2,10,9,3,9
2018200350284,1,9,0,9,0,8,0,0,0,0,4,1,6,1,23,5,1956,2,4,2,1,2
2018200350284,2,9,0,5,0,8,0,0,0,0,1,1,6,2,35,6,1956,2,6,2,1,2
2018200350288,1,9,0,9,0,5,0,0,0,0,1,1,6,1,25,5,1598,1,11,2,1,2
2018200350288,2,9,0,18,0,8,0,0,0,0,1,1,6,1,43,7,2401,2,15,1,1,1
2018200350288,3,8,0,18,0,8,0,0,0,0,3,1,1,1,51,8,2402,2,13,4,1,4
2018200350292,1,9,0,5,0,8,0,0,0,0,3,1,6,2,59,9,1364,1,-1,1,1,1
2018200350292,2,9,0,5,0,8,0,0,0,0,3,1,6,1,27,6,1968,2,5,-1,-1,-1
2018200350293,1,9,0,18,0,8,0,0,0,0,1,1,6,1,19,4,1896,2,12,1,1,1
2018200350293,2,9,0,18,0,8,0,0,0,0,4,1,6,1,36,7,1870,2,13,2,1,2
2018200350302,1,9,0,7,0,8,0,0,0,0,1,1,2,1,58,9,1796,1,10,10,1,10
2018200350302,2,9,0,3,0,1,0,10,1,0,3,1,2,1,54,8,1999,2,-1,9,1,9
2018200350304,1,9,0,7,0,2,0,0,0,0,1,1,6,1,-1,-1,-1,-1,-1,-1,-1,-1
2018200350304,2,22,0,18,0,2,0,0,0,0,3,1,6,2,34,6,-1,-1,-1,4,1,4
2018200350307,1,9,0,5,0,6,0,0,0,0,1,1,6,1,-1,-1,1997,1,11,-1,-1,-1
2018200350307,2,9,0,16,0,8,0,0,0,0,4,1,6,1,44,7,1240,1,14,1,1,1
2018200350311,1,9,0,15,0,1,0,4,0,0,4,1,6,1,-1,-1,1364,1,11,-1,-1,-1
2018200350311,2,9,0,18,0,8,0,0,0,0,3,1,6,1,31,6,995,1,9,1,1,1
2018200350311,3,9,0,2,0,1,0,0,0,0,0,1,6,1,-1,-1,-1,-1,-1,-1,-1,-1
2018200350312,1,9,0,9,0,6,0,0,0,0,1,1,6,1,35,6,1390,1,7,3,1,3
2018200350312,2,9,0,18,0,8,0,0,0,0,4,1,6,2,20,4,1997,1,16,3,1,3
2018200350317,1,9,0,17,0,0,0,4,0,0,1,1,6,3,-1,-1,-1,-1,-1,-1,-1,-1
2018200350317,2,97,0,2,0,0,0,0,0,0,2,1,6,3,-1,-1,-1,-1,-1,-1,-1,-1
2018200350319,1,9,0,18,0,1,0,0,0,0,1,1,6,1,63,9,-1,-1,-1,1,1,1
2018200350319,2,9,0,10,0,1,0,0,0,0,2,1,6,2,58,9,999,1,3,-1,-1,-1
2018200350322,1,9,0,12,0,0,0,0,0,0,3,1,5,3,30,6,1400,1,13,-1,-1,-1
2018200350322,2,9,0,18,0,0,0,0,0,0,4,1,5,2,34,6,1995,2,2,10,1,10
2018200350327,1,9,0,18,0,8,0,0,0,0,4,1,6,1,47,8,1598,1,5,1,1,1
2018200350327,2,1,0,9,0,6,0,0,0,0,1,1,6,1,12,3,-1,-1,-1,1,1,1
2018200350328,1,9,0,9,0,5,0,0,0,0,1,1,6,2,57,9,1796,1,10,1,1,1
2018200350328,2,9,0,18,0,7,0,0,0,0,1,1,6,2,39,7,1968,2,13,3,1,3
2018200350328,3,9,0,10,0,1,0,0,0,0,1,1,6,2,55,8,2143,2,8,6,1,6
2018200350332,1,9,0,18,9,8,0,0,0,0,1,1,6,1,-1,-1,-1,-1,-1,-1,-1,-1
2018200350338,1,9,0,3,0,0,0,0,0,0,2,1,6,1,21,5,1968,2,2,2,1,2
2018200350339,1,19,0,12,0,1,0,0,0,0,1,1,6,1,45,7,1998,2,12,4,1,4
2018200350339,2,9,0,3,0,8,0,0,0,0,2,1,2,2,38,7,1686,2,6,8,2,8
2018200350339,3,9,0,18,0,2,0,0,0,0,0,1,2,1,23,5,1364,1,10,10,-1,10
2018200350345,1,9,0,18,0,8,0,0,0,0,1,1,6,1,27,6,1995,2,13,1,1,1
2018200350345,2,9,0,9,0,5,0,0,0,0,4,1,6,2,26,6,1149,1,10,3,1,3
2018200350352,1,9,0,9,0,6,0,10,3,0,4,1,2,2,19,4,1360,1,9,-1,-1,-1
2018200350352,2,9,0,7,0,5,0,0,0,0,1,1,2,2,50,8,2496,2,15,-1,-1,-1
2018200350355,1,9,0,18,0,6,0,4,0,0,4,1,6,1,19,4,1229,1,9,1,1,1
2018200350355,2,9,0,18,0,8,0,10,1,0,4,1,1,1,48,8,-1,-1,-1,5,1,5
2018200350355,3,9,0,2,0,1,0,0,0,0,2,1,5,1,59,9,1598,1,9,3,1,3
2018200350356,1,9,0,1,9,6,0,10,0,0,1,1,5,1,77,11,1968,2,2,6,1,6
2018200350357,1,9,0,18,0,1,0,0,0,0,2,1,6,2,46,8,1242,1,3,9,1,9
2018200350357,2,9,0,18,0,1,0,0,0,0,2,1,6,1,36,7,-1,-1,-1,8,1,8
2018200350357,3,9,0,18,0,1,0,0,0,0,1,1,6,3,-1,-1,-1,-1,-1,-1,-1,-1
2018200350359,1,9,0,12,0,1,0,0,0,0,0,1,6,1,47,8,2996,1,1,1,1,1
2018200350359,2,9,0,18,0,1,0,10,1,4,3,1,6,1,27,6,1997,2,6,1,1,1
2018200350360,1,9,0,14,0,2,0,0,0,0,3,1,6,2,29,6,1968,2,9,3,1,3
2018200350360,2,9,0,18,0,1,0,0,0,0,3,1,6,1,66,10,-1,-1,-1,3,1,3
2018200350363,1,3,0,18,0,2,0,0,0,0,1,1,1,1,23,5,124,1,7,1,1,1
2018200350363,2,9,0,3,0,2,0,0,0,0,2,1,6,1,37,7,1998,1,-1,6,1,6
2018200350364,1,9,0,18,0,6,0,0,0,0,3,1,6,2,53,8,1753,2,14,5,1,5
2018200350364,2,9,0,18,0,8,0,0,0,0,4,1,6,1,50,8,1197,1,1,1,1,1
2018200350369,1,9,0,9,0,8,0,0,0,0,1,1,6,1,28,6,1753,2,13,4,1,4
2018200350369,2,9,0,18,0,8,0,0,0,0,1,1,6,2,40,7,1396,1,15,6,1,6
2018200350370,1,9,0,5,0,4,0,0,0,0,1,1,6,2,-1,-1,1596,1,11,-1,-1,-1
2018200350370,2,9,0,18,0,8,0,0,0,0,1,1,6,1,-1,-1,1108,1,9,1,1,1
2018200350373,1,11,0,18,0,0,0,0,0,0,0,1,6,3,-1,-1,6700,2,1,-1,-1,-1
2018200350374,1,9,0,18,0,1,0,0,0,0,1,1,6,2,-1,-1,-1,-1,-1,-1,-1,-1
2018200350375,1,9,0,5,0,0,0,0,0,0,4,1,6,2,33,6,1242,1,2,7,1,7
2018200350375,2,9,0,18,0,0,0,0,0,0,3,1,6,1,59,9,1199,1,-1,10,1,10
2018200350376,1,8,0,12,0,1,0,0,0,0,3,1,1,1,-1,-1,-1,-1,-1,-1,-1,-1
2018200350376,2,9,0,18,0,1,0,0,0,0,1,1,6,3,-1,-1,-1,-1,-1,-1,-1,-1
2018200350379,1,21,0,11,0,8,0,0,0,0,1,1,1,1,58,9,12740,2,3,9,1,9
2018200350379,2,9,0,18,0,8,1,7,2,0,1,1,6,1,18,4,1364,1,9,-1,-1,-1
2018200350382,1,9,0,18,0,0,0,0,0,0,1,1,6,2,34,6,1968,2,12,5,3,5
2018200350382,2,9,0,18,0,0,0,0,0,0,1,1,6,2,22,5,1797,8,8,1,1,1
2018200350385,1,9,0,18,0,8,0,0,0,0,3,1,1,1,51,8,1598,2,-1,3,1,3
2018200350385,2,9,0,18,0,8,0,0,0,0,4,1,6,3,30,6,-1,-1,-1,-1,-1,-1
2018200350393,1,9,0,4,0,0,0,0,0,0,3,1,6,2,-1,-1,2143,2,-1,5,1,5
2018200350393,2,9,0,18,0,0,0,0,0,0,4,1,6,2,41,7,1598,1,9,10,2,10
2018200350397,1,5,0,4,0,4,0,9,0,0,1,1,6,1,19,4,847,1,2,1,1,1
2018200350397,2,9,0,4,0,4,0,0,0,0,0,1,1,1,-1,-1,2993,2,1,5,1,5
2018200350399,1,9,0,18,0,2,0,0,0,0,1,1,6,1,24,5,1390,1,4,2,1,2
2018200350404,1,9,0,9,0,2,0,0,0,0,3,1,6,1,36,7,1598,1,13,2,1,2
2018200350404,2,9,0,18,0,1,0,0,0,0,4,1,6,1,-1,-1,-1,-1,-1,-1,-1,-1
2018200350405,1,9,0,18,0,6,0,0,0,0,3,1,6,1,-1,-1,2000,1,13,-1,-1,-1
2018200350405,2,9,0,18,0,8,0,0,0,0,1,1,3,1,49,8,1910,2,10,2,1,2
2018200350409,1,9,0,18,0,0,0,0,0,0,1,1,6,1,47,8,2777,2,9,1,1,1
2018200350410,1,9,0,1,0,6,0,0,0,0,2,1,6,3,-1,-1,-1,-1,-1,-1,-1,-1
2018200350410,2,9,0,9,0,8,0,0,0,0,4,1,6,2,29,6,1499,2,2,5,1,5
2018200350412,1,9,0,18,0,2,0,0,0,0,1,1,6,1,47,8,1598,2,2,-1,-1,-1
2018200350412,2,9,0,18,0,1,0,0,0,0,1,1,6,2,31,6,4991,1,9,3,1,3
2018200350415,1,11,0,18,0,8,0,0,0,0,0,1,6,1,-1,-1,-1,-1,-1,-1,-1,-1
2018200350415,2,9,0,7,0,8,0,0,0,0,0,1,6,3,-1,-1,-1,-1,-1,-1,-1,-1
2018200350417,1,9,0,3,0,1,0,0,0,0,1,1,6,1,-1,-1,1248,2,10,-1,-1,-1
2018200350417,2,9,0,3,0,1,0,0,0,0,2,1,6,1,45,7,1968,2,6,3,1,3
2018200350418,1,9,0,7,0,5,0,0,0,0,1,1,6,1,23,5,1998,1,15,3,1,3
2018200350418,2,9,0,7,0,5,0,0,0,0,2,1,6,1,60,9,1794,7,13,1,1,1
2018200350432,1,9,0,9,0,6,0,0,0,0,1,1,6,1,25,5,1360,1,12,2,1,2
2018200350432,2,9,0,17,0,8,0,0,0,0,4,1,6,2,26,6,1364,1,5,5,1,5
2018200350436,1,9,0,18,0,1,0,0,0,0,1,1,6,1,29,6,1596,1,7,3,1,3
2018200350436,2,9,0,3,0,1,0,0,0,0,2,1,6,2,29,6,998,1,2,2,1,2
2018200350445,1,9,0,18,0,4,1,0,0,0,1,1,6,1,-1,-1,-1,-1,-1,-1,-1,-1
2018200350445,2,9,0,4,0,4,0,10,3,1,2,1,1,1,27,6,1995,2,10,2,1,2
2018200350454,1,3,0,18,0,8,0,0,0,0,1,1,6,1,-1,-1,125,1,5,-1,-1,-1
2018200350454,2,9,0,9,0,6,0,0,0,0,3,1,6,2,22,5,1242,1,3,5,1,5
2018200350461,1,9,0,7,0,6,0,0,0,0,1,1,6,1,-1,-1,1968,2,8,-1,-1,-1
2018200350461,2,9,0,18,0,8,0,0,0,0,4,1,6,1,54,8,1396,1,18,1,1,1
2018200350464,1,9,0,18,0,0,1,0,0,0,2,1,6,3,-1,-1,3222,2,15,-1,-1,-1
2018200350464,2,98,0,18,0,0,2,0,0,0,1,1,1,1,58,9,-1,-1,-1,7,1,7
2018200350487,1,9,0,18,0,8,0,0,0,0,1,1,6,1,19,4,1598,1,14,8,1,8
2018200350487,2,9,0,18,0,8,0,0,0,0,2,1,6,2,33,6,1197,1,2,5,1,5
2018200350489,1,9,0,18,9,6,0,0,0,0,1,1,6,1,-1,-1,-1,-1,-1,-1,-1,-1
2018200350493,1,9,0,18,0,0,0,0,0,0,1,1,1,1,52,8,1200,1,1,6,1,6
2018200350496,1,9,0,5,0,2,0,0,0,0,1,1,6,1,38,7,2179,2,10,1,1,1
2018200350497,1,9,0,9,0,5,0,0,0,0,1,1,6,1,-1,-1,1995,2,15,-1,-1,-1
2018200350497,2,9,0,10,0,1,0,0,0,0,1,1,6,1,32,6,-1,-1,-1,2,1,2
2018200350499,1,9,0,9,0,6,0,0,0,0,3,1,3,1,31,6,1242,1,10,6,1,6
2018200350499,2,9,0,18,0,8,0,0,0,0,1,1,5,3,30,6,1968,2,3,-1,-1,-1
2018200350500,1,9,0,18,0,1,0,0,0,0,1,1,6,1,-1,-1,-1,-1,-1,-1,-1,-1
2018200350501,1,9,0,3,0,0,0,0,0,0,0,1,1,2,32,6,1910,2,9,3,1,3
2018200350501,2,9,0,18,0,0,0,0,0,0,1,1,6,1,-1,-1,995,1,7,1,1,1
2018200350502,1,9,0,18,0,0,0,0,0,0,4,1,1,1,64,9,1598,2,2,1,1,1
2018200350503,1,90,0,18,0,8,0,0,0,0,1,1,1,1,21,5,-1,-1,-1,2,1,2
2018200350503,2,9,0,10,0,8,0,0,0,0,2,1,6,1,43,7,1995,2,7,-1,-1,-1
2018200350507,1,9,0,9,0,6,0,0,0,0,1,1,1,1,25,5,1686,2,5,4,1,4
2018200350508,1,3,0,18,0,8,1,0,0,0,1,1,6,1,-1,-1,124,1,2,1,1,1
2018200350508,2,9,0,9,0,5,0,0,0,0,1,1,6,1,45,7,1968,2,3,10,2,10
2018200350509,1,9,0,18,0,0,0,0,0,0,1,1,5,1,20,4,1598,2,1,1,1,1
2018200350513,1,9,0,18,0,0,0,0,0,0,4,1,6,3,-1,-1,-1,-1,-1,-1,-1,-1
2018200350515,1,1,0,18,0,0,0,0,0,0,4,1,6,1,52,8,-1,-1,-1,7,1,7
2018200350515,2,19,0,18,0,0,0,0,0,0,4,1,6,1,34,6,2198,2,4,5,1,5
2018200350519,1,9,0,7,0,5,0,0,0,0,4,1,6,2,42,7,1598,1,9,2,1,2
2018200350519,2,1,0,18,0,8,0,0,0,0,1,1,1,2,40,7,-1,-1,-1,1,1,1
2018200350524,1,9,0,9,0,6,0,0,0,0,1,1,2,2,60,9,1598,1,6,4,1,4
2018200350524,2,9,0,18,0,8,0,0,0,0,1,1,6,2,47,8,1560,2,6,7,1,7
2018200350529,1,9,0,18,0,0,0,0,0,0,1,1,6,1,-1,-1,-1,-1,-1,-1,-1,-1
2018200350529,2,9,0,18,0,0,0,0,0,0,2,1,6,1,-1,-1,1794,1,10,-1,-1,-1
2018200350530,1,9,0,18,0,1,0,0,0,0,1,1,6,2,-1,-1,1753,2,11,-1,-1,-1
2018200350530,2,9,0,3,0,1,0,0,0,0,2,1,6,1,73,10,1360,1,7,7,1,7
2018200350530,3,9,0,3,0,1,0,0,0,0,2,1,6,1,-1,-1,1399,1,1,-1,-1,-1
2018200350532,1,9,0,18,0,0,0,0,0,0,1,1,6,1,80,11,1794,1,12,2,1,2
2018200350532,2,9,0,3,0,0,0,0,0,0,2,1,6,2,20,4,1197,1,4,5,1,5
2018200350532,3,9,0,3,0,0,0,0,0,0,2,1,6,2,35,6,1596,1,9,9,1,9
2018200350532,4,9,0,3,0,0,0,0,0,0,2,1,6,2,30,6,1799,1,10,5,1,5
2018200350533,1,98,0,18,0,2,0,10,1,0,4,1,6,3,-1,-1,-1,-1,-1,-1,-1,-1
2018200350533,2,9,0,9,0,6,0,0,0,0,0,1,1,1,53,8,-1,-1,-1,1,1,1
2018200350534,1,9,0,18,0,2,0,4,0,0,1,1,6,1,32,6,-1,-1,-1,1,1,1
2018200350534,2,9,0,2,0,2,0,0,0,0,2,1,5,1,61,9,-1,-1,-1,5,2,5
2018200350535,1,9,0,18,0,4,0,0,0,0,1,1,6,2,-1,-1,-1,-1,-1,-1,-1,-1
2018200350535,2,1,0,18,0,4,0,0,0,0,3,1,6,1,28,6,-1,-1,-1,1,1,1
2018200350537,1,9,0,18,0,0,0,4,1,0,4,1,3,1,38,7,2000,2,14,-1,-1,-1
2018200350537,2,9,0,18,0,0,0,0,0,0,3,1,6,1,45,7,2987,2,6,2,1,2
2018200350537,3,9,0,2,9,0,0,0,0,0,1,1,6,3,-1,-1,1998,1,16,-1,-1,-1
2018200350540,1,9,0,18,0,0,0,0,0,0,1,1,1,1,39,7,1997,2,7,1,1,1
2018200350541,1,9,0,9,0,5,0,0,0,0,4,1,6,2,32,6,1997,2,12,2,1,2
2018200350541,2,9,0,18,0,8,1,0,0,0,1,1,6,1,21,5,1896,2,11,3,1,3
2018200350543,1,11,0,18,0,0,0,0,0,0,0,1,1,1,54,8,6700,2,3,6,1,6
2018200350543,2,9,0,18,0,0,0,0,0,0,0,1,6,1,-1,-1,-1,-1,-1,-1,-1,-1
2018200350547,1,9,0,18,0,4,0,0,0,0,1,1,6,1,35,6,-1,-1,-1,3,1,3
2018200350547,2,9,0,9,0,8,0,0,0,0,2,1,6,1,28,6,1598,2,2,10,1,10
2018200350557,1,9,0,18,0,0,0,0,0,0,1,1,6,1,24,5,1560,2,11,-1,-1,-1
2018200350557,2,9,0,18,0,0,0,0,0,0,2,1,1,1,30,6,2993,2,2,4,1,4
2018200350562,1,19,0,18,0,0,0,0,0,0,1,1,1,1,25,5,2143,2,-1,1,1,1
2018200350562,2,8,0,4,0,0,0,0,0,0,2,1,1,1,44,7,1797,8,7,2,1,2
2018200350562,3,9,0,4,0,0,0,0,0,0,2,1,2,1,58,9,1798,1,5,7,1,7
2018200350563,1,9,0,18,0,1,0,0,0,0,1,1,6,1,-1,-1,1560,2,7,3,1,3
2018200350563,2,9,0,3,0,1,0,0,0,0,2,1,6,1,35,6,1968,2,11,2,1,2
2018200350572,1,8,0,18,0,0,0,0,0,0,4,1,6,2,-1,-1,-1,-1,-1,-1,-1,-1