Accident_Index,Vehicle_Reference,Vehicle_Type,Towing_and_Articulation,Vehicle_Manoeuvre,Vehicle_Location-Restricted_Lane,Junction_Location,Skidding_and_Overturning,Hit_Object_in_Carriageway,Vehicle_Leaving_Carriageway,Hit_Object_off_Carriageway,1st_Point_of_Impact,Was_Vehicle_Left_Hand_Drive?,Journey_Purpose_of_Driver,Sex_of_Driver,Age_of_Driver,Age_Band_of_Driver,Engine_Capacity_(CC),Propulsion_Code,Age_of_Vehicle,Driver_IMD_Decile,Driver_Home_Area_Type,Vehicle_IMD_Decile
2018200350574,1,9,0,9,0,8,0,0,0,0,3,1,6,1,-1,-1,-1,-1,-1,-1,-1,-1
2018200350574,2,1,0,18,0,8,0,0,0,0,3,1,2,1,39,7,-1,-1,-1,3,1,3
2018200350583,1,9,0,18,0,0,0,0,0,0,2,1,6,1,-1,-1,1399,2,11,1,1,1
2018200350583,2,9,0,18,0,0,0,0,0,0,1,1,6,3,-1,-1,-1,-1,-1,-1,-1,-1
2018200350586,1,9,0,6,0,0,0,0,0,0,4,1,6,2,-1,-1,1398,1,2,-1,-1,-1
2018200350586,2,1,0,18,0,0,0,0,0,0,3,1,6,1,21,5,-1,-1,-1,1,1,1
2018200350592,1,9,0,18,0,1,0,0,0,0,1,1,6,2,30,6,1796,2,5,1,1,1
2018200350593,1,19,0,5,0,1,0,0,0,0,1,1,6,1,-1,-1,2488,2,13,-1,-1,-1
2018200350593,2,9,0,3,0,1,0,0,0,0,2,1,6,1,44,7,1995,2,10,9,1,9
2018200350594,1,1,0,18,0,0,0,0,0,0,1,1,6,1,52,8,-1,-1,-1,-1,-1,-1
2018200350594,2,9,0,3,0,0,0,0,0,0,2,1,6,2,24,5,1390,1,10,-1,-1,-1
2018200350601,1,1,0,18,0,8,0,0,0,0,1,1,6,1,45,7,-1,-1,-1,1,1,1
2018200350601,2,9,0,4,0,8,0,0,0,0,1,1,6,1,-1,-1,1598,2,4,1,1,1
2018200350608,1,9,0,9,0,6,0,0,0,0,1,1,6,1,68,10,-1,-1,-1,5,1,5
2018200350608,2,19,0,17,0,8,1,10,7,0,4,1,6,1,45,7,1598,2,3,9,1,9
2018200350611,1,9,0,18,0,1,0,0,0,0,1,1,6,1,31,6,1461,2,8,8,1,8
2018200350611,2,9,0,3,0,1,0,0,0,0,2,1,6,1,59,9,1995,2,5,8,1,8
2018200350612,1,9,0,10,0,1,0,0,0,0,2,1,6,1,23,5,1560,2,2,3,1,3
2018200350612,2,9,0,18,0,1,0,0,0,0,1,1,6,2,30,6,-1,-1,-1,-1,-1,-1
2018200350619,1,9,0,18,0,6,1,10,8,0,4,1,6,1,23,5,1248,2,9,1,1,1
2018200350619,2,9,0,18,0,8,1,0,0,0,1,1,6,1,22,5,1596,1,2,3,1,3
2018200350648,1,9,0,9,0,8,0,0,0,0,1,1,1,2,27,6,1595,1,-1,4,1,4
2018200350648,2,1,0,18,0,8,5,0,0,0,3,1,1,1,49,8,-1,-1,-1,2,1,2
2018200350649,1,11,0,5,0,2,0,0,0,0,0,1,6,3,28,6,-1,-1,-1,3,1,3
2018200350658,1,9,0,9,0,1,0,0,0,0,3,1,6,1,59,9,1197,1,4,6,1,6
2018200350658,2,9,0,18,0,2,0,0,0,0,1,1,6,1,20,4,-1,-1,-1,1,1,1
2018200350667,1,9,0,18,0,0,0,0,0,0,4,1,6,1,44,7,1995,2,8,5,1,5
2018200350669,1,9,0,18,0,8,1,0,0,0,1,1,6,1,47,8,1598,2,3,5,1,5
2018200350669,2,9,0,9,0,5,0,0,0,0,1,1,1,2,23,5,1799,1,12,10,3,10
2018200350682,1,9,0,5,0,0,0,0,0,0,3,1,6,2,-1,-1,-1,-1,-1,-1,-1,-1
2018200350682,2,9,0,18,0,0,0,0,0,0,4,1,6,1,31,6,1396,1,16,2,1,2
2018200350685,1,9,0,9,0,8,0,0,0,0,1,1,6,1,26,6,1339,1,11,5,1,5
2018200350685,2,3,0,18,0,8,0,0,0,0,1,1,6,1,22,5,125,1,6,1,1,1
2018200350688,1,9,0,18,0,0,0,4,0,0,2,1,6,1,27,6,1560,2,6,3,1,3
2018200350688,2,19,0,2,0,0,0,0,0,0,1,1,6,1,27,6,2198,2,2,6,1,6
2018200350704,1,9,0,3,0,0,0,0,0,0,2,1,5,2,26,6,1248,2,11,4,1,4
2018200350704,2,9,0,18,0,0,0,0,0,0,1,1,6,1,-1,-1,-1,-1,-1,-1,-1,-1
2018200350705,1,9,0,18,0,1,0,0,0,0,1,1,6,1,-1,-1,1956,2,4,-1,-1,-1
2018200350705,2,9,0,10,0,1,0,0,0,0,2,1,6,2,49,8,1997,2,4,4,1,4
2018200350706,1,9,0,5,0,6,0,0,0,0,4,1,6,1,55,8,2967,1,16,1,1,1
2018200350706,2,11,0,18,0,8,0,0,0,0,1,1,1,1,41,7,7300,2,5,5,1,5
2018200350708,1,9,0,18,0,0,0,0,0,0,1,1,5,1,33,6,-1,-1,-1,2,1,2
2018200350708,2,9,0,18,0,0,0,0,0,0,1,1,5,1,36,7,1596,1,5,5,1,5
2018200350709,1,9,0,5,0,6,0,7,4,6,3,1,6,1,28,6,1388,1,15,5,1,5
2018200350709,2,9,0,18,0,8,0,0,0,0,1,1,6,1,26,6,2993,2,12,7,1,7
2018200350709,3,9,0,2,0,2,0,0,0,0,2,1,6,3,-1,-1,1686,2,16,-1,-1,-1
2018200350722,1,19,0,18,0,0,0,4,0,0,1,1,6,1,48,8,1560,2,2,3,1,3
2018200350722,2,19,0,2,0,0,0,0,0,0,2,1,5,1,-1,-1,1560,2,3,-1,-1,-1
2018200350722,3,9,0,2,0,0,0,0,0,0,2,1,5,1,36,7,1995,2,8,3,1,3
2018200350723,1,9,0,18,0,4,0,0,0,0,1,1,6,2,-1,-1,1398,1,3,2,1,2
2018200350723,2,9,0,18,0,8,0,7,0,0,4,1,6,1,40,7,1995,2,10,5,1,5
2018200350725,1,9,0,3,0,0,0,0,0,0,0,1,1,1,45,7,1968,2,8,2,1,2
2018200350725,2,9,0,4,0,0,0,0,0,0,1,1,6,2,33,6,1956,2,4,1,1,1
2018200350728,1,9,0,18,0,1,0,10,8,10,1,1,5,1,70,10,1386,1,15,2,1,2
2018200350734,1,9,0,7,0,4,0,0,0,0,2,1,6,2,52,8,2295,1,20,-1,-1,-1
2018200350734,2,9,0,7,0,4,0,0,0,0,1,1,6,3,-1,-1,1461,2,1,-1,-1,-1
2018200350736,1,9,0,5,0,8,0,0,0,0,3,1,6,2,39,7,1984,1,10,8,1,8
2018200350736,2,2,0,18,0,8,0,0,0,0,1,1,6,1,-1,-1,50,1,1,9,1,9
2018200350746,1,9,0,1,9,6,0,0,0,0,2,1,5,3,30,6,898,1,-1,-1,-1,-1
2018200350749,1,9,0,3,0,0,0,0,0,0,2,1,6,1,42,7,1895,1,19,2,1,2
2018200350749,2,-1,0,18,0,0,0,0,0,0,1,1,6,3,-1,-1,-1,-1,-1,-1,-1,-1
2018200350752,1,9,0,18,0,0,0,0,0,0,3,1,2,1,19,4,1390,1,4,5,1,5
2018200350752,2,1,0,18,0,0,0,0,0,0,1,1,2,1,46,8,-1,-1,-1,2,1,2
2018200350757,1,9,0,9,0,5,0,0,0,0,1,1,6,1,-1,-1,1461,2,13,-1,-1,-1
2018200350757,2,9,0,7,0,5,0,0,0,0,4,1,6,1,-1,-1,1984,1,14,1,1,1
2018200350764,1,3,0,18,0,0,0,10,0,0,2,1,6,1,33,6,125,1,2,1,1,1
2018200350765,1,9,0,9,0,6,0,0,0,0,1,1,1,2,27,6,1995,2,3,5,1,5
2018200350765,2,9,0,18,0,8,0,0,0,0,4,1,5,1,-1,-1,1229,1,5,-1,-1,-1
2018200350769,1,9,0,9,0,8,0,0,0,0,3,1,6,1,-1,-1,1368,1,11,-1,-1,-1
2018200350769,2,9,0,18,0,3,0,0,0,0,4,1,3,2,27,6,1360,1,15,10,1,10
2018200350771,1,9,0,18,0,6,0,0,0,0,1,1,1,1,21,5,1995,2,1,1,1,1
2018200350771,2,8,0,18,0,8,0,0,0,0,1,1,6,1,64,9,1997,2,14,4,1,4
2018200350780,1,9,0,1,0,0,0,4,0,0,2,1,6,3,-1,-1,1598,2,5,-1,-1,-1
2018200350780,2,9,0,2,0,0,0,0,0,0,2,1,6,1,48,8,1995,2,7,6,1,6
2018200350781,1,9,0,15,0,8,0,0,0,0,4,1,6,2,35,6,1395,1,1,5,1,5
2018200350781,2,9,0,17,0,8,0,0,0,0,1,1,6,2,29,6,1968,2,3,10,1,10
2018200350782,1,9,0,18,0,2,0,0,0,0,1,1,6,3,-1,-1,-1,-1,-1,-1,-1,-1
2018200350789,1,9,0,17,0,0,0,4,0,0,1,1,6,1,21,5,1598,1,10,1,1,1
2018200350789,2,9,0,2,0,0,0,0,0,0,2,1,6,1,-1,-1,-1,-1,-1,-1,-1,-1
2018200350790,1,9,0,18,0,8,0,0,0,0,1,1,6,3,-1,-1,-1,-1,-1,-1,-1,-1
2018200350796,1,9,0,18,0,2,0,4,0,0,1,1,6,1,65,9,1796,1,15,2,1,2
2018200350796,2,21,0,2,0,2,0,4,0,0,2,1,6,1,38,7,6693,2,5,4,1,4
2018200350801,1,9,0,18,0,1,0,0,0,0,1,1,6,3,-1,-1,-1,-1,-1,-1,-1,-1
2018200350802,1,9,0,9,0,5,0,0,0,0,1,1,6,1,66,10,1910,2,8,1,1,1
2018200350802,2,9,0,18,0,8,0,0,0,0,1,1,6,2,50,8,1560,2,3,1,1,1
2018200350819,1,9,0,5,0,2,0,0,0,0,2,1,6,2,79,11,996,1,6,8,1,8
2018200350819,2,11,0,9,0,6,0,0,0,0,3,1,1,1,27,6,4461,2,4,3,1,3
2018200350836,1,9,0,18,0,0,0,0,0,0,0,1,6,3,-1,-1,-1,-1,-1,-1,-1,-1
2018200350836,2,9,0,18,0,0,2,10,1,10,1,1,6,1,18,4,1149,1,11,6,1,6
2018200350849,1,9,0,9,0,6,0,0,0,0,1,1,6,1,51,8,2170,2,15,1,1,1
2018200350849,2,9,0,9,0,8,0,0,0,0,3,1,6,2,-1,-1,1582,2,6,-1,-1,-1
2018200350850,1,9,0,18,0,8,1,10,1,0,1,1,6,1,35,6,2198,2,3,7,1,7
2018200350850,2,9,0,9,0,8,1,10,7,0,4,1,6,1,27,6,2979,1,4,2,1,2
2018200350856,1,9,0,8,0,1,0,0,0,0,3,1,6,1,36,7,1598,1,10,7,1,7
2018200350856,2,9,0,18,0,1,0,0,0,0,1,1,6,1,-1,-1,1968,2,12,-1,-1,-1
2018200350858,1,9,0,13,0,8,0,4,0,0,3,1,6,1,-1,-1,1998,1,14,1,1,1
2018200350858,2,19,0,2,9,8,0,0,0,0,2,1,5,1,56,9,2402,2,11,1,1,1
2018200350858,3,9,0,18,0,8,0,0,0,0,2,1,6,2,42,7,1360,1,17,1,1,1
2018200350884,1,19,0,18,0,1,0,0,0,0,1,1,6,1,66,10,1997,2,1,7,1,7
2018200350884,2,9,0,18,0,1,0,0,0,0,2,1,6,1,45,7,1997,2,16,3,1,3
2018200350894,1,9,0,18,0,8,0,0,0,0,1,1,6,2,21,5,-1,-1,-1,4,1,4
2018200350894,2,9,0,18,0,8,0,0,0,0,3,1,6,2,23,5,999,1,4,3,1,3
2018200350898,1,9,0,11,0,3,0,0,0,0,4,1,6,2,61,9,1461,2,-1,6,1,6
2018200350898,2,9,0,12,0,8,0,0,0,0,3,1,6,2,37,7,1398,1,4,1,1,1
2018200350916,1,98,0,18,0,0,0,10,0,0,1,1,6,1,-1,-1,-1,-1,-1,-1,-1,-1
2018200350916,2,9,0,18,0,0,0,0,0,0,3,1,6,1,25,5,1896,2,10,1,1,1
2018200350917,1,98,0,18,0,0,0,0,0,0,1,1,6,3,-1,-1,-1,-1,-1,-1,-1,-1
2018200350917,2,9,0,3,0,0,0,0,0,0,2,1,6,2,-1,-1,1598,1,10,1,1,1
2018200350920,1,9,0,3,0,1,0,0,0,0,2,1,6,2,-1,-1,1598,2,2,-1,-1,-1
2018200350920,2,9,0,10,0,1,0,0,0,0,1,1,6,2,28,6,1242,1,4,2,1,2
2018200350929,1,9,0,9,0,6,0,0,0,0,1,1,6,2,31,6,-1,-1,-1,8,1,8
2018200350934,1,9,0,18,0,1,0,0,0,0,1,1,6,1,40,7,1986,2,13,1,1,1
2018200350934,2,9,0,18,0,1,0,0,0,0,1,1,6,1,-1,-1,1956,2,9,-1,-1,-1
2018200350936,1,9,0,1,0,0,0,0,0,0,2,1,6,1,55,8,1339,1,12,7,1,7
2018200351037,1,9,0,18,0,0,0,0,0,0,1,1,6,1,64,9,1198,1,2,6,1,6
2018200351041,1,9,0,4,0,0,0,0,0,0,4,1,2,2,30,6,1870,2,10,2,1,2
2018200351048,1,9,0,18,0,1,5,10,0,0,1,1,6,1,26,6,1598,1,11,1,1,1
2018200351049,1,9,0,5,0,4,0,0,0,0,4,1,6,3,-1,-1,-1,-1,-1,-1,-1,-1
2018200351049,2,1,0,5,0,8,0,0,0,0,1,1,2,1,35,6,-1,-1,-1,-1,-1,-1
2018200351052,1,9,0,18,0,8,0,0,0,0,1,1,6,1,28,6,1995,1,10,2,1,2
2018200351052,2,1,0,18,0,6,0,0,0,0,3,1,6,1,17,4,-1,-1,-1,4,1,4
2018200351053,1,9,0,5,0,6,0,0,0,0,3,1,6,2,61,9,1498,1,11,5,1,5
2018200351053,2,9,0,18,0,8,0,0,0,0,1,1,6,1,40,7,1798,1,8,7,1,7
2018200351055,1,9,0,3,0,1,0,0,0,0,2,1,6,2,60,9,1598,1,11,4,1,4
2018200351055,2,9,0,18,0,1,0,0,0,0,1,1,1,1,-1,-1,1997,2,8,-1,-1,-1
2018200351058,1,9,0,18,0,0,0,8,0,0,4,1,6,3,-1,-1,1242,1,4,-1,-1,-1
2018200351058,2,9,0,2,0,0,0,0,0,0,3,1,6,2,33,6,1598,1,10,6,1,6
2018200351059,1,9,0,18,0,8,0,0,0,0,1,1,1,1,24,5,2204,2,12,3,1,3
2018200351059,2,3,0,9,0,5,0,0,0,0,3,1,1,1,24,5,124,1,14,1,1,1
2018200351060,1,9,0,18,0,0,0,0,0,0,1,1,6,1,-1,-1,-1,-1,-1,-1,-1,-1
2018200351060,2,9,0,3,0,0,0,0,0,0,2,1,6,2,41,7,1598,1,5,6,1,6
2018200351068,1,9,0,18,0,0,0,8,0,0,4,1,5,1,30,6,1997,2,2,1,1,1
2018200351068,2,9,0,2,0,0,0,0,0,0,4,1,6,1,-1,-1,1461,2,4,-1,-1,-1
2018200351070,1,9,0,18,0,0,0,0,0,0,1,1,6,3,-1,-1,-1,-1,-1,-1,-1,-1
2018200351076,1,90,0,18,0,0,0,10,1,5,1,1,1,1,41,7,-1,-1,-1,6,1,6
2018200351086,1,9,0,9,0,1,0,0,0,0,3,1,6,2,33,6,1390,1,10,6,1,6
2018200351086,2,9,0,7,0,6,0,0,0,0,1,1,6,1,-1,-1,999,1,2,-1,-1,-1
2018200351089,1,9,0,18,0,2,0,0,0,0,3,1,6,1,-1,-1,-1,-1,-1,-1,-1,-1
2018200351092,1,19,0,4,0,1,0,0,0,0,1,1,6,1,-1,-1,1598,2,3,2,1,2
2018200351094,1,9,0,3,0,1,0,0,0,0,2,1,6,1,42,7,1560,2,4,1,1,1
2018200351094,2,9,0,18,0,1,0,0,0,0,1,1,6,1,50,8,1248,1,8,2,1,2
2018200351095,1,98,1,18,0,8,0,0,0,0,1,1,6,3,-1,-1,-1,-1,-1,-1,-1,-1
2018200351095,2,9,0,18,0,8,1,0,0,0,3,1,1,2,24,5,1598,2,2,3,1,3
2018200351097,1,9,0,7,0,6,0,0,0,0,3,1,6,1,48,8,1560,2,8,9,1,9
2018200351097,2,19,0,17,0,8,0,0,0,0,4,1,6,1,72,10,2198,2,7,2,1,2
2018200351100,1,9,0,18,0,4,0,0,0,0,0,1,5,1,31,6,2494,1,19,4,1,4
2018200351100,2,3,0,18,0,8,0,0,0,0,0,1,5,1,40,7,125,1,2,2,1,2
2018200351101,1,9,0,9,0,2,0,0,0,0,1,1,2,1,26,6,998,1,12,9,1,9
2018200351106,1,9,0,16,0,8,0,0,0,0,1,1,6,2,-1,-1,1198,1,7,-1,-1,-1
2018200351106,2,1,0,9,0,6,0,0,0,0,1,1,6,2,28,6,-1,-1,-1,1,-1,1
2018200351107,1,9,0,18,0,6,0,0,0,0,4,1,6,3,-1,-1,-1,-1,-1,-1,-1,-1
2018200351107,2,1,0,18,0,8,0,0,0,0,1,1,6,2,29,6,-1,-1,-1,3,1,3
2018200351108,1,9,0,5,0,6,0,0,0,0,3,1,6,3,-1,-1,-1,-1,-1,-1,-1,-1
2018200351108,2,1,0,18,0,8,0,0,0,0,1,1,1,1,65,9,-1,-1,-1,8,1,8
2018200351115,1,9,0,13,0,1,0,0,0,0,1,1,6,3,-1,-1,-1,-1,-1,-1,-1,-1
2018200351115,2,9,0,18,0,1,0,0,0,0,1,1,6,1,27,6,1896,2,16,7,1,7
2018200351115,3,97,0,18,0,1,0,0,0,0,2,1,6,1,27,6,-1,-1,-1,1,1,1
2018200351116,1,9,0,5,0,4,0,0,0,0,1,1,1,2,30,6,1796,1,12,1,1,1
2018200351116,2,9,0,18,0,8,0,0,0,0,2,1,1,2,48,8,1591,1,3,3,1,3
2018200351119,1,9,0,13,0,0,0,0,0,0,1,1,6,1,24,5,2979,1,-1,7,1,7
2018200351119,2,9,0,18,0,0,0,0,0,0,1,1,6,1,34,6,1229,1,7,2,1,2
2018200351119,3,9,0,18,0,0,0,0,0,0,1,1,6,2,-1,-1,1685,2,2,6,1,6
2018200351122,1,9,0,18,0,2,0,0,0,0,1,1,6,1,24,5,1995,2,4,1,1,1
2018200351122,2,9,0,18,0,2,0,0,0,0,2,1,6,2,32,6,1747,1,15,1,1,1
2018200351123,1,9,0,5,0,4,0,0,0,0,1,1,1,1,43,7,-1,-1,-1,1,1,1
2018200351123,2,9,0,18,0,8,0,10,1,10,4,1,1,1,37,7,-1,-1,-1,3,1,3
2018200351124,1,9,0,18,0,0,0,0,0,0,1,1,6,1,24,5,2435,1,17,3,1,3
2018200351124,2,9,0,3,0,0,0,0,0,0,2,1,1,1,49,8,1998,1,12,9,1,9
2018200351124,3,9,0,3,0,0,0,0,0,0,2,1,6,2,21,5,1395,1,-1,3,1,3
2018200351125,1,9,0,18,0,4,0,0,0,0,1,1,6,1,52,8,1364,1,4,3,1,3
2018200351125,2,9,0,9,0,3,0,0,0,0,4,1,6,2,56,9,998,1,-1,-1,-1,-1
2018200351128,1,9,0,18,0,0,0,0,0,0,1,1,6,1,-1,-1,1451,2,14,-1,-1,-1
2018200351128,2,9,0,18,0,0,0,10,0,0,1,1,6,1,28,6,2143,2,-1,1,1,1
2018200351128,3,9,0,18,0,0,0,0,0,0,1,1,6,1,47,8,2299,1,35,3,1,3
2018200351129,1,9,0,18,0,1,0,0,0,0,1,1,6,1,24,5,1968,2,8,6,1,6
2018200351138,1,8,0,18,0,8,0,10,1,10,4,1,1,1,56,9,2231,2,8,3,1,3
2018200351138,2,9,0,18,0,8,0,0,0,0,1,1,1,1,34,6,1968,2,8,1,1,1
2018200351143,1,9,0,18,0,2,0,0,0,0,1,1,6,3,-1,-1,-1,-1,-1,-1,-1,-1
2018200351151,1,9,0,16,0,2,0,0,0,0,1,1,6,1,30,6,1197,1,4,1,1,1
2018200351153,1,9,0,3,0,0,0,0,0,0,4,1,1,2,45,7,999,1,8,3,1,3
2018200351154,1,9,0,18,0,1,0,0,0,0,3,1,6,1,45,7,1396,2,6,3,1,3
2018200351154,2,1,0,18,0,1,0,0,0,0,1,1,4,1,11,3,-1,-1,-1,2,1,2
2018200351161,1,9,0,5,0,6,0,0,0,0,1,1,6,2,73,10,1596,1,8,2,1,2
2018200351161,2,9,0,3,0,8,0,0,0,0,4,1,1,2,45,7,-1,-1,-1,9,1,9
2018200351164,1,9,0,1,0,1,0,0,0,0,1,1,6,2,29,6,1299,1,15,1,1,1
2018200351164,2,9,0,1,0,2,0,0,0,0,2,1,6,1,20,4,-1,-1,-1,-1,-1,-1
2018200351173,1,9,0,18,0,1,1,0,0,0,1,1,6,1,26,6,1998,1,14,1,1,1
2018200351173,2,9,0,10,0,1,0,0,0,0,3,1,6,1,41,7,-1,-1,-1,6,1,6
2018200351183,1,9,0,18,0,8,0,0,0,0,3,1,6,2,63,9,1584,1,13,7,1,7
2018200351183,2,9,0,5,0,6,0,0,0,0,1,1,6,1,24,5,973,1,17,3,1,3
2018200351193,1,9,0,18,0,0,0,0,0,0,1,1,6,2,-1,-1,1618,1,8,1,1,1
2018200351194,1,11,0,18,0,0,0,0,0,0,0,1,1,1,-1,-1,7300,2,13,1,1,1
2018200351194,2,9,0,18,0,0,0,0,0,0,0,1,6,3,-1,-1,2967,2,2,-1,-1,-1
2018200351209,1,9,0,18,0,0,0,0,0,0,1,1,6,3,-1,-1,-1,-1,-1,-1,-1,-1
2018200351237,1,9,0,9,0,6,0,0,0,0,3,1,1,1,-1,-1,1248,2,7,-1,-1,-1
2018200351237,2,9,0,18,0,8,0,0,0,0,1,1,6,1,27,6,2198,1,18,8,1,8
2018200351242,1,9,0,16,0,0,1,0,0,0,1,1,6,2,21,5,998,1,12,3,1,3
2018200351242,2,9,0,18,0,0,0,0,0,0,1,1,6,1,23,5,2143,2,3,4,1,4
2018200351249,1,9,0,18,0,4,0,0,0,0,1,1,6,2,90,11,1229,1,12,7,1,7
2018200351249,2,3,0,18,0,8,0,0,0,0,1,1,6,1,26,6,125,1,5,4,1,4
2018200351252,1,9,0,1,0,5,0,0,0,0,2,1,6,2,73,10,1299,1,15,1,1,1
2018200351262,1,9,0,18,0,0,0,0,0,0,1,1,6,3,-1,-1,-1,-1,-1,-1,-1,-1
2018200351262,2,19,0,2,0,0,0,0,0,0,2,1,6,1,-1,-1,2198,2,10,-1,-1,-1
2018200351277,1,9,0,18,0,6,1,10,1,2,1,1,6,1,33,6,3800,1,6,10,1,10
2018200351277,2,9,0,18,0,8,0,0,0,0,3,1,6,1,30,6,1968,2,8,4,1,4
2018200351280,1,9,0,18,0,0,0,0,0,0,2,1,6,2,35,6,1461,2,4,10,1,10
2018200351280,2,9,0,18,0,0,0,0,0,0,1,1,6,2,-1,-1,1242,1,5,8,1,8
2018200351307,1,9,0,1,9,8,0,0,0,0,0,1,5,2,31,6,1598,1,12,6,1,6
2018200351312,1,9,0,18,0,1,0,0,0,0,1,1,6,1,-1,-1,1798,1,17,1,1,1
2018200351312,2,9,0,3,0,1,0,0,0,0,2,1,6,1,30,6,1461,2,7,2,1,2
2018200351313,1,9,0,9,0,6,0,0,0,0,3,1,6,3,-1,-1,1598,1,15,-1,-1,-1
2018200351313,2,9,0,16,0,8,0,0,0,0,1,1,1,1,52,8,1596,1,1,6,1,6
2018200351316,1,9,0,18,0,0,0,0,0,0,1,1,1,2,36,7,1388,1,12,-1,-1,-1
2018200351317,1,19,0,9,0,6,0,0,0,0,1,1,1,1,28,6,2198,2,5,2,1,2
2018200351317,2,5,0,18,0,8,1,0,0,0,1,1,2,1,37,7,996,1,15,1,1,1
2018200351321,1,9,0,2,0,8,0,0,0,0,4,1,3,2,28,6,1798,1,10,1,1,1
2018200351321,2,9,0,18,0,6,0,0,0,0,1,1,6,3,30,6,-1,-1,-1,-1,-1,-1
2018200351323,1,3,0,18,0,0,0,10,1,0,4,1,6,1,18,4,124,1,-1,1,1,1
2018200351323,2,9,0,18,0,0,0,0,0,0,1,1,6,1,-1,-1,-1,-1,-1,-1,-1,-1
2018200351325,1,9,0,9,0,5,0,0,0,0,3,1,6,1,60,9,1398,2,12,1,1,1
2018200351325,2,9,0,18,0,8,0,0,0,0,3,1,6,1,24,5,1956,2,5,5,1,5
2018200351327,1,9,0,18,0,0,0,10,0,0,3,1,3,2,38,7,1968,2,5,2,1,2
2018200351328,1,9,0,18,0,0,0,0,0,0,1,1,6,3,-1,-1,-1,-1,-1,-1,-1,-1
2018200351330,1,9,0,18,0,6,0,10,0,0,3,1,6,2,22,5,1396,1,7,2,-1,2
2018200351330,2,9,0,18,0,8,0,0,0,0,1,1,6,2,43,7,2143,2,3,3,1,3
2018200351332,1,9,0,5,0,8,0,0,0,0,1,1,6,2,49,8,1299,1,13,1,1,1
2018200351332,2,9,0,9,0,6,0,0,0,0,3,1,6,2,24,5,1499,1,1,6,1,6
2018200351333,1,9,0,18,0,2,0,0,0,0,1,1,3,2,42,7,1398,1,16,10,1,10
2018200351336,1,9,0,5,0,0,0,0,0,0,1,1,6,1,27,6,2993,2,10,4,1,4
2018200351336,2,9,0,5,0,0,0,0,0,0,2,1,2,2,30,6,1364,1,10,9,1,9
2018200351336,3,9,0,5,0,0,0,0,0,0,2,1,6,2,38,7,1242,1,2,5,1,5
2018200351340,1,9,0,1,9,6,0,0,0,0,4,1,6,2,37,7,1360,1,7,7,1,7
2018200351340,2,1,0,18,9,8,0,0,0,0,1,1,4,2,-1,-1,-1,-1,-1,-1,-1,-1
2018200351344,1,9,0,14,0,0,0,0,0,0,1,1,6,1,25,5,-1,-1,-1,9,1,9
2018200351358,1,19,0,18,0,0,0,0,0,0,1,1,6,3,-1,-1,2198,2,10,-1,-1,-1
2018200351358,2,9,0,18,0,0,0,0,0,0,2,1,6,1,43,7,1399,2,15,1,1,1
2018200351366,1,9,0,18,0,2,0,4,0,0,1,1,6,1,-1,-1,-1,-1,-1,-1,-1,-1
2018200351366,2,9,0,2,0,2,0,0,0,0,4,1,6,1,49,8,1997,2,4,1,1,1
2018200351368,1,9,0,9,0,8,0,0,0,0,1,1,6,1,34,6,1956,2,5,3,1,3
2018200351368,2,9,0,9,0,8,0,0,0,0,2,1,6,1,45,7,1896,2,17,-1,-1,-1
2018200351373,1,9,0,18,0,0,0,0,0,0,1,1,2,2,51,8,1999,1,3,4,1,4
2018200351386,1,9,0,18,0,0,0,0,0,0,1,1,2,1,41,7,1995,2,9,3,1,3
2018200351388,1,3,0,18,0,0,0,0,0,0,4,1,6,1,18,4,124,1,5,7,1,7
2018200351388,2,9,0,18,0,0,0,0,0,0,1,1,6,1,27,6,999,1,2,1,1,1
2018200351389,1,90,0,9,0,5,0,0,0,0,4,1,1,1,59,9,-1,-1,-1,5,1,5
2018200351389,2,9,0,18,0,8,0,0,0,0,1,1,6,2,63,9,1398,2,15,4,1,4
2018200351393,1,9,0,11,0,8,0,0,0,0,1,1,6,1,-1,-1,-1,-1,-1,-1,-1,-1
2018200351393,2,9,0,7,0,8,0,10,1,1,1,1,6,1,24,5,2993,2,5,2,1,2
2018200351397,1,9,0,18,0,6,0,0,0,0,4,1,6,1,30,6,2231,2,12,1,1,1
2018200351397,2,9,0,18,0,8,0,0,0,0,1,1,6,1,41,7,1398,1,13,1,1,1
2018200351399,1,9,0,1,0,0,0,0,0,0,2,1,6,3,-1,-1,-1,-1,-1,-1,-1,-1
2018200351400,1,9,0,9,0,6,0,0,0,0,1,1,6,1,39,7,1910,2,11,-1,-1,-1
2018200351400,2,9,0,18,0,8,0,0,0,0,3,1,6,1,39,7,1598,2,8,1,1,1
2018200351404,1,9,0,7,0,6,0,0,0,0,1,1,6,2,18,4,1560,2,4,3,1,3
2018200351404,2,9,0,18,0,8,0,0,0,0,1,1,6,1,34,6,1598,2,-1,1,1,1
2018200351406,1,8,0,5,0,0,0,0,0,0,0,1,1,1,43,7,-1,-1,-1,5,1,5
2018200351408,1,9,0,18,0,4,0,0,0,0,1,1,6,1,29,6,1120,2,6,2,1,2
2018200351408,2,9,0,18,0,4,0,0,0,0,3,1,6,2,23,5,1796,2,5,7,1,7
2018200351421,1,9,0,9,0,5,1,0,0,0,4,1,6,2,26,6,1242,1,5,5,1,5
2018200351421,2,1,0,18,0,8,0,0,0,0,1,1,2,1,34,6,-1,-1,-1,3,1,3
2018200351429,1,9,0,6,0,0,0,0,0,0,3,1,6,1,46,8,2993,2,-1,4,1,4