Accident_Index,Vehicle_Reference,Vehicle_Type,Towing_and_Articulation,Vehicle_Manoeuvre,Vehicle_Location-Restricted_Lane,Junction_Location,Skidding_and_Overturning,Hit_Object_in_Carriageway,Vehicle_Leaving_Carriageway,Hit_Object_off_Carriageway,1st_Point_of_Impact,Was_Vehicle_Left_Hand_Drive?,Journey_Purpose_of_Driver,Sex_of_Driver,Age_of_Driver,Age_Band_of_Driver,Engine_Capacity_(CC),Propulsion_Code,Age_of_Vehicle,Driver_IMD_Decile,Driver_Home_Area_Type,Vehicle_IMD_Decile
2018200351429,2,9,0,18,0,0,0,10,7,4,1,1,6,1,55,8,1582,2,7,4,1,4
2018200351430,1,9,0,18,0,3,0,0,0,0,3,1,6,3,-1,-1,1124,1,19,-1,-1,-1
2018200351430,2,9,0,18,0,4,0,0,0,0,3,1,1,1,30,6,1997,2,7,5,1,5
2018200351435,1,9,0,18,0,8,0,0,0,0,3,1,6,1,57,9,1798,8,-1,8,1,8
2018200351435,2,9,0,7,0,6,0,0,0,0,1,1,6,1,62,9,1199,2,7,5,1,5
2018200351446,1,21,0,18,0,0,0,0,0,0,1,1,1,1,40,7,12809,2,2,1,1,1
2018200351446,2,9,0,12,0,0,0,0,0,0,3,1,2,2,50,8,998,1,1,1,1,1
2018200351459,1,19,0,18,0,0,0,0,0,0,1,1,6,1,50,8,1968,2,5,3,1,3
2018200351459,2,9,0,18,0,0,0,0,0,0,2,1,6,1,39,7,647,8,2,9,1,9
2018200351459,3,9,0,18,0,0,0,0,0,0,1,1,6,1,25,5,1197,1,1,8,2,8
2018200351459,4,9,0,18,0,0,0,0,0,0,1,1,6,2,24,5,998,1,12,4,1,4
2018200351459,5,9,0,18,0,0,0,0,0,0,2,1,6,2,-1,-1,1248,2,5,9,-1,9
2018200351460,1,9,0,18,0,1,0,0,0,0,1,1,2,2,61,9,1995,2,9,4,1,4
2018200351460,2,9,0,3,0,1,0,0,0,0,2,1,2,2,23,5,1560,2,4,8,1,8
2018200351460,3,9,0,3,0,1,0,0,0,0,2,1,2,2,39,7,1396,1,17,7,1,7
2018200351467,1,9,0,7,0,1,0,0,0,0,1,1,6,2,38,7,1598,1,7,6,1,6
2018200351474,1,9,0,18,0,2,0,10,2,4,1,1,6,1,-1,-1,2171,2,14,-1,-1,-1
2018200351487,1,9,0,14,0,0,0,0,0,0,1,1,6,3,-1,-1,-1,-1,-1,-1,-1,-1
2018200351498,1,3,0,18,0,0,0,4,0,0,1,1,4,1,24,5,125,1,3,1,1,1
2018200351498,2,9,0,18,0,0,0,0,0,0,0,1,6,1,34,6,1198,1,15,1,1,1
2018200351498,3,19,0,2,0,0,0,0,0,0,2,1,6,1,49,8,1560,2,7,1,1,1
2018200351500,1,9,0,18,0,1,0,0,0,0,1,1,6,2,64,9,999,1,4,8,1,8
2018200351500,2,9,0,3,0,1,0,0,0,0,1,1,1,1,24,5,1995,2,6,1,1,1
2018200351515,1,9,0,18,0,1,0,0,0,0,1,1,6,1,-1,-1,-1,-1,-1,-1,-1,-1
2018200351515,2,9,0,10,0,1,0,0,0,0,2,1,6,2,25,5,1061,1,13,1,1,1
2018200351523,1,9,0,18,0,8,0,0,0,0,1,1,6,1,65,9,1999,2,1,5,1,5
2018200351523,2,9,0,18,0,8,0,0,0,0,1,1,6,1,29,6,1590,1,14,5,1,5
2018200351552,1,9,0,9,0,5,0,0,0,0,1,1,2,2,27,6,1599,1,10,1,1,1
2018200351552,2,1,0,7,0,8,0,0,0,0,1,1,6,1,38,7,-1,-1,-1,7,1,7
2018200351558,1,9,0,18,0,8,0,0,0,0,1,1,6,1,34,6,1995,2,7,4,1,4
2018200351558,2,1,0,9,0,6,0,0,0,0,3,1,6,1,43,7,-1,-1,-1,2,1,2
2018200351560,1,9,0,3,0,1,0,0,0,0,2,1,2,2,34,6,1998,1,4,7,1,7
2018200351560,2,9,0,18,0,1,0,0,0,0,1,1,6,3,-1,-1,1596,1,17,-1,-1,-1
2018200351563,1,9,0,9,0,5,0,0,0,0,4,1,6,2,40,7,-1,-1,-1,-1,-1,-1
2018200351567,1,9,0,18,0,0,0,0,0,0,2,1,6,2,27,6,1242,1,2,7,1,7
2018200351567,2,9,0,13,0,0,0,0,0,0,1,1,6,2,-1,-1,1591,1,5,1,1,1
2018200351571,1,9,0,18,0,1,0,0,0,0,1,1,6,3,-1,-1,-1,-1,-1,-1,-1,-1
2018200351589,1,9,0,18,0,0,0,0,0,0,1,1,6,1,33,6,2401,2,13,2,1,2
2018200351589,2,9,0,18,0,0,0,0,0,0,2,1,6,2,25,5,1086,1,12,2,1,2
2018200351602,1,9,0,9,0,5,0,0,0,0,1,1,1,2,18,4,1124,1,13,5,1,5
2018200351602,2,9,0,18,0,8,0,0,0,0,1,1,5,1,51,8,1396,1,21,1,1,1
2018200351607,1,8,0,18,0,1,0,0,0,0,1,1,6,1,-1,-1,-1,-1,-1,-1,-1,-1
2018200351619,1,9,0,18,0,0,0,0,0,0,1,1,6,3,-1,-1,1598,2,2,-1,-1,-1
2018200351619,2,9,0,18,0,0,1,0,0,0,3,1,2,1,49,8,-1,-1,-1,2,1,2
2018200351621,1,19,0,9,0,4,0,0,0,0,3,1,6,2,54,8,1753,2,5,2,1,2
2018200351621,2,5,0,18,0,8,0,0,0,0,1,1,6,1,44,7,999,1,12,8,1,8
2018200351628,1,9,0,18,0,1,0,0,0,0,1,1,6,3,-1,-1,-1,-1,-1,-1,-1,-1
2018200351636,1,9,0,18,0,0,0,4,1,3,1,1,6,3,-1,-1,973,1,18,-1,-1,-1
2018200351636,2,9,0,2,0,0,0,0,0,0,2,1,6,1,-1,-1,1560,2,4,6,1,6
2018200351648,1,11,0,2,0,1,0,0,0,0,0,1,1,1,45,7,4760,2,5,1,1,1
2018200351649,1,9,0,18,0,4,0,0,0,0,1,1,6,1,36,7,1995,2,3,6,1,6
2018200351649,2,1,0,18,0,8,0,0,0,0,4,1,1,1,37,7,-1,-1,-1,8,1,8
2018200351670,1,9,0,18,0,0,0,0,0,0,1,1,6,3,-1,-1,1582,2,1,-1,-1,-1
2018200351675,1,9,0,18,0,0,0,0,0,0,1,1,6,2,85,11,1598,1,7,8,1,8
2018200351677,1,9,0,18,0,8,0,0,0,0,1,1,5,1,19,4,1328,1,10,2,1,2
2018200351677,2,9,0,9,0,8,5,7,0,0,4,1,5,1,20,4,1598,1,14,9,1,9
2018200351690,1,9,0,18,0,1,0,0,0,0,1,1,6,1,-1,-1,-1,-1,-1,-1,-1,-1
2018200351691,1,9,0,9,0,6,0,0,0,0,1,1,6,1,64,9,1896,2,9,2,1,2
2018200351699,1,9,0,18,0,0,0,0,0,0,1,1,6,3,-1,-1,1984,1,-1,-1,-1,-1
2018200351699,2,9,0,18,0,0,0,0,0,0,2,1,6,1,43,7,2720,2,10,1,1,1
2018200351702,1,1,0,18,0,2,0,0,0,0,2,1,6,1,16,4,-1,-1,-1,4,1,4
2018200351702,2,9,0,5,0,2,0,0,0,0,1,1,6,1,54,8,2143,2,2,8,1,8
2018200351743,1,1,0,13,0,3,0,0,0,0,2,1,6,1,36,7,-1,-1,-1,1,1,1
2018200351743,2,9,0,14,0,2,0,0,0,0,1,1,6,1,-1,-1,1798,8,4,1,1,1
2018200351750,1,9,0,18,0,8,0,0,0,0,1,1,6,1,-1,-1,1298,1,12,1,1,1
2018200351750,2,1,0,18,0,8,0,0,0,0,2,1,1,1,28,6,-1,-1,-1,1,1,1
2018200351751,1,9,0,14,0,2,0,0,0,0,1,1,6,1,-1,-1,1299,1,14,-1,-1,-1
2018200351751,2,9,0,13,0,2,0,0,0,0,2,1,6,1,27,6,1995,2,-1,1,1,1
2018200351756,1,19,0,9,0,1,0,0,0,0,2,1,6,1,62,9,1997,2,9,8,1,8
2018200351756,2,9,0,9,0,1,0,0,0,0,1,1,1,2,22,5,1397,1,10,3,1,3
2018200351759,1,9,0,18,0,0,0,0,0,0,1,1,6,1,-1,-1,-1,-1,-1,-1,-1,-1
2018200351767,1,1,0,18,0,4,0,0,0,0,0,1,6,1,53,8,-1,-1,-1,1,1,1
2018200351767,2,9,0,18,0,8,0,0,0,0,0,1,6,2,55,8,1360,1,16,1,1,1
2018200351770,1,9,0,9,0,5,1,0,0,0,1,1,6,1,29,6,1396,1,17,2,1,2
2018200351778,1,9,0,13,0,0,0,0,0,0,1,1,6,2,18,4,-1,-1,-1,6,3,6
2018200351778,2,9,0,18,0,0,0,0,0,0,1,1,6,1,31,6,1896,2,10,2,1,2
2018200351801,1,9,0,18,0,0,0,0,0,0,1,1,6,2,35,6,1598,1,-1,-1,1,-1
2018200351801,2,9,0,4,0,0,0,0,0,0,2,1,1,1,45,7,1997,2,11,3,1,3
2018200351801,3,9,0,4,0,0,0,0,0,0,2,1,2,1,58,9,1560,2,3,4,1,4
2018200351801,4,9,0,4,0,0,0,0,0,0,2,1,2,1,52,8,1398,1,5,1,1,1
2018200351828,1,9,0,18,0,8,0,0,0,0,1,1,6,1,-1,-1,1950,2,1,-1,-1,-1
2018200351828,2,9,0,7,0,3,0,0,0,0,3,1,6,1,29,6,1398,1,4,6,1,6
2018200351833,1,9,0,5,0,6,0,0,0,0,0,1,6,3,-1,-1,-1,-1,-1,-1,-1,-1
2018200351833,2,9,0,18,0,2,0,7,1,10,1,1,6,1,28,6,1242,1,11,3,1,3
2018200351842,1,9,0,18,0,0,0,0,0,0,1,1,1,1,33,6,1984,1,2,1,1,1
2018200351843,1,9,0,18,0,6,0,0,0,0,1,1,6,2,-1,-1,-1,-1,-1,-1,-1,-1
2018200351843,2,9,0,18,0,8,0,0,0,0,4,1,2,2,43,7,2143,2,5,1,1,1
2018200351846,1,9,0,18,0,8,0,0,0,0,2,1,2,1,-1,-1,1395,1,-1,8,1,8
2018200351846,2,9,0,9,0,6,0,0,0,0,1,1,2,1,26,6,-1,-1,-1,3,1,3
2018200351858,1,9,0,18,0,0,0,0,0,0,2,1,6,1,33,6,1797,8,4,4,1,4
2018200351858,2,9,0,18,0,0,0,0,0,0,1,1,6,1,-1,-1,1595,2,8,-1,-1,-1
2018200351867,1,9,0,5,0,2,0,0,0,0,3,1,1,1,-1,-1,-1,-1,-1,-1,-1,-1
2018200351880,1,9,0,18,0,1,0,0,0,0,1,1,6,2,24,5,998,1,1,1,1,1
2018200351880,2,9,0,13,0,1,0,0,0,0,1,1,6,1,29,6,1596,1,1,4,1,4
2018200351881,1,9,0,18,0,2,0,0,0,0,1,1,2,1,42,7,1995,2,12,4,1,4
2018200351881,2,9,0,18,0,1,0,0,0,0,1,1,2,1,46,8,1968,2,4,6,1,6
2018200351882,1,9,0,9,0,5,0,0,0,0,3,1,2,1,68,10,2495,2,26,10,1,10
2018200351893,1,9,0,18,2,8,0,0,0,0,1,1,6,2,26,6,1595,1,9,1,1,1
2018200351893,2,9,0,9,0,5,0,0,0,0,1,1,6,1,38,7,1968,2,2,5,1,5
2018200351896,1,9,0,18,0,2,0,0,0,0,1,1,6,1,-1,-1,-1,-1,-1,-1,-1,-1
2018200351897,1,9,0,9,0,5,0,0,0,0,4,1,6,2,57,9,1398,1,2,7,1,7
2018200351897,2,1,0,18,0,8,0,0,0,0,1,1,2,1,37,7,-1,-1,-1,7,1,7
2018200351913,1,9,0,14,0,1,0,0,0,0,1,1,6,1,31,6,1984,1,10,2,1,2
2018200351915,1,98,0,7,0,4,0,0,0,0,1,1,6,2,-1,-1,-1,-1,-1,-1,-1,-1
2018200351915,2,9,0,18,0,8,0,0,0,0,2,1,2,2,57,9,1242,1,9,8,1,8
2018200351919,1,21,1,11,0,0,0,0,0,0,1,1,1,1,40,7,10837,2,5,4,1,4
2018200351919,2,9,0,18,0,0,0,0,0,0,2,1,1,1,36,7,1998,2,8,2,1,2
2018200351921,1,9,0,9,0,5,0,0,0,0,3,1,6,1,33,6,1341,1,14,5,1,5
2018200351921,2,9,0,18,0,1,0,0,0,0,1,1,6,2,23,5,1390,1,16,1,1,1
2018200351933,1,9,0,18,0,8,0,0,0,0,1,1,6,1,24,5,1995,2,13,1,1,1
2018200351933,2,9,0,9,0,6,0,0,0,0,1,1,6,1,24,5,1896,2,14,1,1,1
2018200351953,1,9,0,18,0,8,0,0,0,0,2,1,6,3,-1,-1,1796,1,15,-1,-1,-1
2018200351953,2,1,0,9,0,8,0,0,0,0,1,1,6,1,19,4,-1,-1,-1,2,1,2
2018200351956,1,9,0,18,0,0,0,0,0,0,1,1,6,1,37,7,2148,2,12,5,1,5
2018200351960,1,1,0,18,0,2,0,0,0,0,3,1,6,1,70,10,-1,-1,-1,3,1,3
2018200351960,2,9,0,7,0,6,0,0,0,0,4,1,6,1,40,7,1984,1,2,7,1,7
2018200351971,1,9,0,3,0,0,0,0,0,0,1,1,2,1,46,8,1910,2,12,3,1,3
2018200351971,2,9,0,3,0,0,0,0,0,0,2,1,2,1,37,7,1968,2,-1,10,1,10
2018200351971,3,9,0,3,0,0,0,0,0,0,2,1,1,1,29,6,-1,-1,-1,1,1,1
2018200351995,1,9,0,1,0,6,0,0,0,0,2,1,6,1,19,4,1595,1,2,8,1,8
2018200351995,2,9,0,4,0,8,0,0,0,0,4,1,6,2,49,8,1598,1,15,2,1,2
2018200352006,1,9,0,3,0,0,0,0,0,0,4,1,2,2,26,6,1997,2,14,1,1,1
2018200352006,2,98,1,12,0,0,0,0,0,0,4,1,1,1,-1,-1,-1,-1,-1,-1,-1,-1
2018200352008,1,9,0,18,0,0,0,0,0,0,1,1,6,3,-1,-1,1198,1,6,-1,-1,-1
2018200352008,2,9,0,4,0,0,0,0,0,0,2,1,6,2,28,6,1968,2,3,7,3,7
2018200352026,1,9,0,3,0,1,0,0,0,0,3,1,6,1,26,6,998,1,8,3,1,3
2018200352026,2,9,0,18,0,1,0,0,0,0,1,1,6,1,20,4,1968,2,9,-1,-1,-1
2018200352028,1,9,0,9,0,2,0,0,0,0,1,1,2,2,60,9,1797,8,8,1,1,1
2018200352035,1,8,0,18,0,0,0,0,0,0,4,1,6,1,35,6,2336,1,7,1,1,1
2018200352038,1,11,0,1,0,0,0,0,0,0,2,1,3,3,-1,-1,-1,-1,-1,-1,-1,-1
2018200352049,1,9,0,7,0,6,0,0,0,0,1,1,6,1,-1,-1,1461,2,12,-1,-1,-1
2018200352049,2,9,0,9,0,6,0,0,0,0,4,1,6,2,44,7,1200,1,3,5,1,5
2018200352054,1,9,0,5,0,1,0,0,0,0,1,1,6,1,73,10,1242,1,11,3,1,3
2018200352067,1,8,0,18,0,4,0,0,0,0,3,1,1,1,43,7,1997,2,11,3,1,3
2018200352067,2,3,0,18,0,8,0,0,0,0,0,1,2,1,19,4,124,1,9,1,1,1
2018200352072,1,9,0,18,0,2,0,0,0,0,1,1,6,3,-1,-1,1997,2,16,-1,-1,-1
2018200352072,2,9,0,4,0,1,0,0,0,0,1,1,6,1,64,9,1910,2,11,2,1,2
2018200352084,1,9,0,9,0,2,0,0,0,0,1,1,6,2,-1,-1,-1,-1,-1,-1,-1,-1
2018200352084,2,1,0,18,0,2,0,0,0,0,1,1,6,1,16,4,-1,-1,-1,2,1,2
2018200352088,1,11,0,18,0,0,0,0,0,0,4,1,2,3,-1,-1,12000,2,13,-1,-1,-1
2018200352088,2,9,0,18,0,0,0,0,0,0,3,1,1,1,55,8,1598,1,9,6,1,6
2018200352089,1,9,0,18,0,0,0,0,0,0,1,1,6,1,-1,-1,1598,2,4,2,1,2
2018200352089,2,9,0,4,0,0,0,0,0,0,2,1,6,1,50,8,1560,2,10,8,1,8
2018200352090,1,9,0,1,0,6,0,10,1,11,2,1,1,1,-1,-1,1968,2,13,-1,-1,-1
2018200352090,2,20,0,2,0,8,0,0,0,0,0,1,1,1,-1,-1,2998,2,9,-1,-1,-1
2018200352099,1,9,0,18,0,6,0,0,0,0,3,1,6,1,42,7,2143,2,3,3,1,3
2018200352099,2,9,0,18,0,8,0,0,0,0,1,1,6,1,17,4,-1,-1,-1,6,1,6
2018200352102,1,9,0,1,0,6,0,0,0,0,1,1,6,1,-1,-1,1598,2,4,7,1,7
2018200352102,2,1,0,18,0,8,0,0,0,0,4,1,6,1,39,7,-1,-1,-1,6,1,6
2018200352103,1,9,0,4,0,0,0,0,0,0,2,1,6,1,19,4,1299,1,10,1,1,1
2018200352103,2,98,0,3,0,0,0,0,0,0,0,1,6,1,36,7,-1,-1,-1,3,1,3
2018200352112,1,9,0,5,0,1,0,0,0,0,1,1,6,1,25,5,1461,2,5,8,1,8
2018200352112,2,9,0,5,0,1,0,0,0,0,2,1,6,2,45,7,2199,2,6,2,1,2
2018200352140,1,9,0,9,0,5,0,0,0,0,1,1,6,3,-1,-1,1968,2,3,-1,-1,-1
2018200352140,2,9,0,18,0,8,0,0,0,0,1,1,6,1,36,7,2967,2,2,8,1,8
2018200352150,1,9,0,7,0,5,0,10,1,0,4,1,6,3,-1,-1,-1,-1,-1,-1,-1,-1
2018200352150,2,23,0,18,0,8,0,0,0,0,1,1,6,1,18,4,125,1,9,5,1,5
2018200352159,1,9,0,18,0,8,0,0,0,0,1,1,6,1,87,11,1596,1,12,7,2,7
2018200352159,2,9,0,18,0,8,0,0,0,0,1,1,6,1,51,8,1598,2,6,-1,-1,-1
2018200352294,1,9,0,5,0,6,0,0,0,0,1,1,6,3,-1,-1,-1,-1,-1,-1,-1,-1
2018200352294,2,9,0,17,0,8,0,0,0,0,4,1,6,1,49,8,1896,2,16,1,1,1
2018200352296,1,9,0,18,0,1,0,0,0,0,1,1,6,1,42,7,1798,1,-1,2,1,2
2018200352296,2,9,0,3,0,1,0,0,0,0,2,1,6,1,34,6,1997,2,4,3,1,3
2018200352302,1,9,0,4,0,8,1,4,0,0,1,1,2,2,31,6,1360,1,9,3,1,3
2018200352302,2,9,0,18,0,8,0,4,0,0,4,1,6,1,22,5,1368,1,11,2,1,2
2018200352302,3,9,0,2,0,8,0,0,0,0,0,1,5,1,-1,-1,1998,1,16,-1,-1,-1
2018200352309,1,8,0,4,0,1,0,0,0,0,0,1,1,1,52,8,2664,2,18,4,1,4
2018200352334,1,9,0,5,0,8,0,0,0,0,1,1,6,1,76,11,4367,2,1,2,1,2
2018200352334,2,20,0,3,0,8,0,7,7,0,4,1,1,1,54,8,2998,2,11,5,1,5
2018200352339,1,9,0,11,0,0,0,0,0,0,2,1,6,2,49,8,1499,2,5,5,1,5
2018200352339,2,9,0,12,0,0,0,0,0,0,1,1,6,2,22,5,1395,1,1,9,1,9
2018200352351,1,9,0,18,0,0,0,0,0,0,1,1,6,1,56,9,1396,1,4,10,1,10
2018200352351,2,9,0,18,0,0,0,0,0,0,2,1,6,1,54,8,998,1,4,6,1,6
2018200352353,1,9,0,18,0,6,0,0,0,0,3,1,2,1,48,8,1395,1,5,4,1,4
2018200352353,2,1,0,7,0,6,0,0,0,0,2,1,2,1,43,7,-1,-1,-1,8,2,8
2018200352366,1,9,0,18,0,1,0,0,0,0,1,1,6,2,67,10,1240,1,8,8,1,8
2018200352366,2,9,0,3,0,1,0,0,0,0,2,1,1,1,50,8,1499,1,-1,2,1,2
2018200352366,3,9,0,10,0,8,0,0,0,0,2,1,5,2,26,6,1360,1,12,2,1,2
2018200352438,1,9,0,18,0,0,0,0,0,0,4,1,6,2,-1,-1,-1,-1,-1,-1,-1,-1
2018200352444,1,9,0,18,0,1,0,0,0,0,4,1,6,3,-1,-1,-1,-1,-1,-1,-1,-1
2018200352444,2,9,0,18,0,2,0,4,0,0,3,1,6,2,22,5,1461,2,4,1,1,1
2018200352444,3,9,0,2,0,2,0,0,0,0,0,1,6,1,45,7,2179,2,6,2,1,2
2018200352449,1,9,0,7,0,1,0,0,0,0,1,1,6,1,18,4,1364,1,2,2,1,2
2018200352449,2,1,0,18,4,1,0,0,0,0,1,1,6,1,49,8,-1,-1,-1,2,1,2
2018200352452,1,9,0,18,0,1,0,0,0,0,1,1,6,1,23,5,1968,2,1,8,2,8
2018200352452,2,9,0,7,0,6,0,10,1,0,3,1,2,1,54,8,1995,2,6,9,2,9
2018200352452,3,9,0,18,0,2,0,0,0,0,1,1,2,1,30,6,1986,2,12,7,1,7
2018200352456,1,9,0,18,0,8,1,10,1,11,1,1,6,1,26,6,1991,1,2,2,1,2
2018200352456,2,9,0,4,0,1,0,0,0,0,0,1,6,3,-1,-1,-1,-1,-1,-1,-1,-1
2018200352464,1,9,0,3,0,1,0,0,0,0,2,1,6,2,32,6,1200,1,1,5,1,5
2018200352464,2,9,0,18,0,1,0,0,0,0,1,1,6,2,51,8,1499,2,4,3,1,3
2018200352468,1,9,0,9,0,5,0,0,0,0,1,1,1,2,36,7,1598,2,5,2,1,2
2018200352480,1,9,0,18,0,0,0,0,0,0,3,1,6,3,-1,-1,-1,-1,-1,-1,-1,-1
2018200352488,1,9,0,9,0,8,0,7,1,6,4,1,2,1,48,8,1242,1,10,7,1,7
2018200352488,2,9,0,18,0,8,0,0,0,0,1,1,2,1,41,7,2000,2,7,3,1,3
2018200352501,1,90,0,9,0,6,0,0,0,0,3,1,2,1,52,8,-1,-1,-1,3,1,3
2018200352501,2,9,0,14,0,8,0,0,0,0,1,1,6,1,61,9,1360,1,14,7,1,7
2018200352506,1,9,0,5,0,6,0,0,0,0,4,1,6,2,40,7,1364,1,4,1,1,1
2018200352521,1,9,0,9,0,6,0,0,0,0,1,1,2,1,51,8,-1,3,-1,10,1,10
2018200352522,1,9,0,18,0,6,0,0,0,0,1,1,6,1,23,5,-1,-1,-1,1,1,1
2018200352522,2,9,0,18,0,8,0,4,0,0,1,1,6,1,39,7,1560,2,9,1,1,1
2018200352522,3,9,0,2,0,2,0,0,0,0,2,1,1,1,37,7,-1,-1,-1,2,1,2
2018200352536,1,9,0,18,0,6,0,0,0,0,3,1,6,2,23,5,1399,1,11,1,1,1
2018200352536,2,9,0,18,0,8,0,0,0,0,1,1,6,1,20,4,1700,2,19,9,3,9
2018200352598,1,9,0,18,0,1,0,0,0,0,1,1,6,3,-1,-1,-1,-1,-1,-1,-1,-1
2018200352598,2,9,0,3,0,1,0,0,0,0,2,1,1,1,24,5,1968,2,12,1,1,1
2018200352605,1,9,0,9,0,5,0,0,0,0,1,1,6,1,29,6,1598,2,4,1,1,1
2018200352619,1,9,0,9,0,6,0,0,0,0,1,1,6,3,-1,-1,2000,2,10,-1,-1,-1
2018200352619,2,9,0,7,0,5,0,0,0,0,1,1,2,1,44,7,1363,2,14,5,1,5
2018200352625,1,1,0,18,9,0,0,0,0,0,1,1,6,1,35,6,-1,-1,-1,-1,-1,-1
2018200352628,1,9,0,9,0,0,0,0,0,0,1,1,1,1,35,6,1560,2,7,5,1,5
2018200352855,1,9,0,9,0,5,0,0,0,0,1,1,6,2,41,7,1598,1,8,2,1,2
2018200352855,2,9,0,18,0,8,0,0,0,0,1,1,6,1,20,4,1390,1,14,2,1,2
2018200352855,3,9,0,10,0,1,0,0,0,0,1,1,6,1,24,5,1896,2,12,2,1,2
2018200352861,1,9,0,9,0,8,0,0,0,0,1,1,2,1,29,6,1796,1,13,3,1,3
2018200352861,2,5,0,18,0,8,0,0,0,0,1,1,2,1,47,8,599,1,22,2,1,2
2018200352873,1,9,0,18,0,4,0,0,0,0,1,1,2,1,23,5,1461,2,4,3,1,3
2018200352873,2,9,0,9,0,8,0,0,0,0,1,1,2,2,54,8,1799,1,7,6,3,6
2018200352876,1,9,0,18,0,2,0,0,0,0,1,1,6,3,-1,-1,1398,1,18,-1,-1,-1
2018200352876,2,9,0,3,0,2,0,0,0,0,2,1,6,2,29,6,2967,2,4,2,1,2
2018200352877,1,9,0,9,0,5,0,0,0,0,1,1,2,1,24,5,1968,2,13,2,1,2
2018200352877,2,9,0,18,0,8,0,0,0,0,1,1,2,1,54,8,1390,1,11,-1,-1,-1
2018200352880,1,9,0,18,0,0,0,0,0,0,4,1,6,3,-1,-1,-1,-1,-1,-1,-1,-1
2018200352886,1,9,0,18,0,0,1,0,0,0,1,1,6,1,-1,-1,1991,1,19,-1,-1,-1
2018200352886,2,9,0,3,0,0,0,0,0,0,2,1,6,2,32,6,1968,2,4,4,1,4
2018200352893,1,9,0,18,0,0,0,0,0,0,1,1,6,3,-1,-1,1248,2,8,-1,-1,-1
2018200352894,1,9,0,18,0,1,0,0,0,0,1,1,6,3,-1,-1,-1,-1,-1,-1,-1,-1
2018200352894,2,9,0,3,0,1,0,0,0,0,2,1,2,2,46,8,1339,1,11,5,2,5
2018200352906,1,9,0,18,0,8,0,0,0,0,1,1,6,1,39,7,1997,2,10,1,1,1
2018200352906,2,9,0,5,0,6,0,0,0,0,3,1,6,1,20,4,1390,1,3,1,-1,1
2018200352909,1,9,0,9,0,5,0,0,0,0,4,1,6,3,-1,-1,-1,-1,-1,-1,-1,-1
2018200352909,2,1,0,18,0,8,5,0,0,0,1,1,2,1,25,5,-1,-1,-1,1,1,1
2018200352915,1,9,0,18,0,2,0,0,0,0,1,1,6,3,-1,-1,-1,-1,-1,-1,-1,-1
2018200352929,1,9,0,7,0,1,0,0,0,0,4,1,6,3,-1,-1,-1,-1,-1,-1,-1,-1
2018200352929,2,5,0,18,2,1,0,0,0,0,1,1,6,1,66,10,649,1,8,1,1,1
2018200352930,1,9,0,18,0,0,0,0,0,0,1,1,6,1,65,9,2231,2,9,5,1,5
2018200352998,1,9,0,18,0,1,0,0,0,0,1,1,6,1,71,10,1396,1,17,10,1,10
2018200352998,2,1,0,7,0,1,0,0,0,0,2,1,6,1,18,4,-1,-1,-1,1,1,1
2018200353000,1,9,0,18,0,0,0,0,0,0,0,1,3,2,37,7,998,1,7,6,1,6
2018200353001,1,9,0,1,9,6,0,0,0,0,2,1,6,1,69,10,1388,1,8,10,2,10
2018200353002,1,9,0,18,0,0,0,0,0,0,1,1,6,1,-1,-1,998,1,10,1,1,1
2018200353008,1,3,0,18,0,0,0,0,0,0,3,1,1,1,24,5,-1,-1,-1,1,1,1
2018200353008,2,9,0,18,0,0,0,0,0,0,3,1,1,1,-1,-1,1797,8,8,1,1,1
2018200353014,1,9,0,18,0,8,0,0,0,0,3,1,6,1,40,7,1995,2,6,2,1,2
2018200353014,2,9,0,9,0,5,0,0,0,0,3,1,6,2,33,6,1796,1,17,4,1,4
2018200353030,1,9,0,6,0,8,0,0,0,0,2,1,6,1,35,6,1896,2,10,1,1,1
2018200353030,2,9,0,18,0,8,0,0,0,0,1,1,6,1,34,6,1794,1,17,1,1,1
2018200353041,1,9,0,9,0,6,0,0,0,0,1,1,6,3,-1,-1,-1,-1,-1,-1,-1,-1
2018200353041,2,9,0,18,0,8,0,0,0,0,3,1,6,1,29,6,1242,1,13,6,1,6
2018200353042,1,9,0,18,0,1,0,0,0,0,1,1,6,1,39,7,1364,1,11,1,1,1
2018200353045,1,9,0,9,0,5,5,10,1,2,1,1,6,1,-1,-1,1461,2,5,-1,-1,-1
2018200353045,2,4,0,18,0,8,0,0,0,0,3,1,6,1,31,6,398,1,27,3,1,3
2018200353048,1,9,0,18,0,8,0,0,0,0,4,1,6,2,32,6,2143,2,1,1,1,1
2018200353048,2,2,0,12,0,8,0,0,0,0,3,1,6,1,16,4,49,1,9,2,1,2
2018200353059,1,9,0,18,0,0,0,4,0,0,1,1,6,3,-1,-1,2494,1,16,-1,-1,-1
2018200353059,2,9,0,5,0,0,0,0,0,0,1,1,6,2,64,9,1799,1,9,5,1,5
2018200353059,3,9,0,2,0,0,0,0,0,0,1,1,6,2,62,9,1968,2,9,2,1,2
2018200353061,1,9,0,16,0,1,1,0,0,0,1,1,6,1,41,7,-1,-1,-1,2,1,2
2018200353061,2,9,0,10,0,1,0,0,0,0,2,1,6,2,36,7,1197,1,4,5,1,5
2018200353066,1,9,0,18,0,0,0,0,0,0,1,1,2,1,27,6,1598,1,14,1,1,1