Accident_Index,Vehicle_Reference,Vehicle_Type,Towing_and_Articulation,Vehicle_Manoeuvre,Vehicle_Location-Restricted_Lane,Junction_Location,Skidding_and_Overturning,Hit_Object_in_Carriageway,Vehicle_Leaving_Carriageway,Hit_Object_off_Carriageway,1st_Point_of_Impact,Was_Vehicle_Left_Hand_Drive?,Journey_Purpose_of_Driver,Sex_of_Driver,Age_of_Driver,Age_Band_of_Driver,Engine_Capacity_(CC),Propulsion_Code,Age_of_Vehicle,Driver_IMD_Decile,Driver_Home_Area_Type,Vehicle_IMD_Decile
2018200353082,1,98,0,5,0,2,0,0,0,0,4,1,1,1,57,9,-1,-1,-1,6,1,6
2018200353089,1,9,0,16,0,0,2,10,1,11,4,1,6,1,20,4,1390,1,3,1,1,1
2018200353089,2,9,0,2,0,0,0,0,0,0,2,1,5,2,-1,-1,1968,2,5,-1,-1,-1
2018200353089,3,9,0,2,0,0,0,0,0,0,2,1,5,2,-1,-1,1968,2,1,-1,-1,-1
2018200353089,4,9,0,2,0,0,0,0,0,0,2,1,5,1,-1,-1,1461,2,1,-1,-1,-1
2018200353089,5,9,0,2,0,0,0,0,0,0,2,1,5,1,-1,-1,1390,1,6,-1,-1,-1
2018200353089,6,9,0,2,0,0,0,0,0,0,2,1,5,2,-1,-1,1769,1,13,-1,-1,-1
2018200353091,1,5,0,3,0,8,0,0,0,0,0,1,6,1,27,6,599,1,14,1,1,1
2018200353091,2,9,0,18,0,8,0,0,0,0,0,1,6,2,36,7,1598,2,2,1,1,1
2018200353138,1,5,0,18,0,8,0,0,0,0,1,1,6,1,55,8,749,1,-1,6,1,6
2018200353138,2,9,0,9,0,6,0,0,0,0,1,1,6,2,-1,-1,1798,1,10,1,1,1
2018200353140,1,5,0,18,0,3,0,0,0,0,4,1,6,1,52,8,1298,1,17,1,1,1
2018200353140,2,9,0,18,0,8,0,0,0,0,3,1,6,1,-1,-1,1364,1,11,8,1,8
2018200353146,1,19,0,5,0,1,0,0,0,0,1,1,1,1,24,5,1560,2,-1,3,1,3
2018200353146,2,1,0,18,0,1,0,0,0,0,2,1,4,1,11,3,-1,-1,-1,1,1,1
2018200353148,1,9,0,18,0,1,0,0,0,0,3,1,6,1,48,8,2143,2,1,7,3,7
2018200353151,1,9,0,18,0,1,0,0,0,0,1,1,6,1,47,8,998,1,7,3,1,3
2018200353160,1,9,0,5,0,6,0,0,0,0,4,1,6,1,34,6,2993,2,13,1,1,1
2018200353160,2,1,0,18,0,8,2,0,0,0,3,1,1,1,31,6,-1,-1,-1,2,1,2
2018200353162,1,8,0,1,0,8,0,0,0,0,2,1,6,3,-1,-1,-1,-1,-1,-1,-1,-1
2018200353174,1,9,0,18,0,1,1,4,8,0,3,1,6,1,27,6,1968,2,7,2,1,2
2018200353174,2,9,0,2,0,1,0,0,0,0,2,1,6,3,-1,-1,-1,-1,-1,-1,-1,-1
2018200353181,1,9,0,9,0,6,0,0,0,0,1,1,6,1,48,8,1124,1,18,5,2,5
2018200353181,2,1,0,5,0,6,0,0,0,0,2,1,6,1,38,7,-1,-1,-1,6,1,6
2018200353195,1,9,0,18,0,3,0,7,4,4,1,1,6,1,26,6,1587,1,15,2,1,2
2018200353216,1,9,0,18,0,1,0,0,0,0,1,1,6,1,-1,-1,-1,-1,-1,-1,-1,-1
2018200353216,2,9,0,3,0,1,0,0,0,0,2,1,6,2,32,6,1198,1,12,4,1,4
2018200353227,1,9,0,9,0,8,0,0,0,0,1,1,6,2,23,5,998,1,9,2,1,2
2018200353227,2,9,0,18,0,8,0,0,0,0,1,1,6,2,41,7,2720,2,13,4,1,4
2018200353233,1,9,0,6,0,0,0,0,0,0,3,1,2,2,19,4,1199,1,14,1,1,1
2018200353233,2,23,0,18,0,0,0,0,0,0,1,1,1,2,30,6,108,1,1,3,1,3
2018200353238,1,9,0,18,0,0,0,0,0,0,1,1,6,1,53,8,1997,2,8,2,1,2
2018200353242,1,9,0,18,0,0,0,0,0,0,3,1,6,1,27,6,2231,2,11,2,1,2
2018200353242,2,9,0,18,0,0,0,0,0,0,1,1,6,1,37,7,-1,-1,-1,2,1,2
2018200353282,1,9,0,18,0,6,1,10,0,0,1,1,6,1,-1,-1,1968,2,14,-1,-1,-1
2018200353282,2,9,0,18,0,8,1,0,0,0,4,1,6,2,25,5,1398,1,13,2,1,2
2018200353295,1,9,0,18,0,6,0,0,0,0,0,1,6,2,24,5,1240,1,13,1,1,1
2018200353295,2,9,0,18,0,8,0,0,0,0,0,1,6,2,36,7,1242,1,2,2,1,2
2018200353296,1,9,0,4,0,1,0,0,0,0,1,1,6,2,29,6,1398,1,7,2,1,2
2018200353296,2,9,0,4,0,1,0,0,0,0,2,1,6,1,-1,-1,-1,-1,-1,-1,-1,-1
2018200353307,1,9,0,6,0,2,5,7,6,0,2,1,6,2,35,6,1798,8,-1,2,1,2
2018200353307,2,9,0,18,0,2,1,10,0,0,1,1,6,1,31,6,2993,2,8,1,1,1
2018200353321,1,3,0,18,0,2,0,0,0,0,1,1,6,1,17,4,125,1,1,5,1,5
2018200353335,1,9,0,18,0,0,0,0,0,0,2,1,1,1,45,7,-1,-1,-1,3,1,3
2018200353336,1,9,0,18,0,1,0,0,0,0,1,1,6,1,-1,-1,1598,1,9,-1,-1,-1
2018200353336,2,9,0,10,0,1,0,0,0,0,4,1,6,1,46,8,1896,2,9,1,1,1
2018200353338,1,9,0,5,0,1,0,0,0,0,1,1,6,1,-1,-1,1149,1,8,-1,-1,-1
2018200353338,2,9,0,4,0,1,0,0,0,0,2,1,6,1,41,7,998,1,12,1,1,1
2018200353357,1,9,0,18,0,2,0,0,0,0,1,1,6,1,24,5,1398,1,2,1,1,1
2018200353362,1,9,0,18,0,0,0,4,0,0,1,1,6,1,16,4,1896,2,14,-1,-1,-1
2018200353362,2,9,0,2,0,0,0,0,0,0,2,1,6,1,-1,-1,1991,2,13,-1,-1,-1
2018200353362,3,9,0,2,0,0,0,0,0,0,2,1,6,1,-1,-1,1956,2,9,-1,-1,-1
2018200353374,1,9,0,18,0,0,0,0,0,0,3,1,6,3,-1,-1,-1,-1,-1,-1,-1,-1
2018200353378,1,9,0,18,0,0,0,0,0,0,1,1,6,1,-1,-1,1995,2,13,-1,-1,-1
2018200353378,2,9,0,18,0,0,0,0,0,0,2,1,6,2,-1,-1,1197,1,5,2,1,2
2018200353388,1,9,0,2,0,0,0,0,0,0,3,1,6,3,-1,-1,-1,-1,-1,-1,-1,-1
2018200353388,2,9,0,18,0,0,0,8,1,0,1,1,6,3,-1,-1,-1,-1,-1,-1,-1,-1
2018200353394,1,3,0,18,0,1,0,0,0,0,4,1,6,1,18,4,124,1,6,3,1,3
2018200353394,2,9,0,10,0,1,0,0,0,0,4,1,6,1,32,6,1794,1,15,2,1,2
2018200353400,1,9,0,5,0,0,0,0,0,0,1,1,6,1,52,8,-1,-1,-1,10,1,10
2018200353400,2,3,0,18,0,0,0,0,0,0,1,1,6,1,29,6,124,1,30,1,1,1
2018200353408,1,9,0,18,0,0,0,0,0,0,2,1,6,2,31,6,1595,1,2,-1,-1,-1
2018200353408,2,9,0,4,0,0,0,0,0,0,1,1,6,1,61,9,1242,1,10,-1,-1,-1
2018200353416,1,9,0,18,0,0,1,0,0,0,1,1,2,1,35,6,1596,1,17,3,1,3
2018200353430,1,9,0,18,0,0,0,0,0,0,1,1,6,1,57,9,1991,1,-1,8,1,8
2018200353590,1,9,0,18,0,0,0,0,0,0,1,1,6,2,76,11,1389,1,18,5,1,5
2018200353596,1,9,0,18,0,0,0,0,0,0,1,1,1,3,-1,-1,3956,2,-1,-1,-1,-1
2018200353596,2,9,0,3,0,0,0,0,0,0,2,1,1,2,35,6,1896,2,11,1,1,1
2018200353596,3,9,0,3,0,0,0,0,0,0,3,1,6,1,32,6,1896,2,15,2,1,2
2018200353601,1,9,0,18,0,8,0,0,0,0,3,1,6,2,43,7,1896,2,15,1,1,1
2018200353601,2,9,0,9,0,6,0,0,0,0,3,1,6,1,54,8,1598,2,1,4,1,4
2018200353602,1,9,0,5,0,6,0,0,0,0,1,1,6,3,-1,-1,1753,2,13,-1,-1,-1
2018200353602,2,9,0,18,0,8,0,0,0,0,3,1,6,1,45,7,1896,2,10,1,1,1
2018200353615,1,9,0,9,0,8,0,0,0,0,1,1,2,1,38,7,1364,1,11,1,1,1
2018200353615,2,9,0,18,0,8,0,0,0,0,1,1,1,1,37,7,1968,2,10,1,1,1
2018200353616,1,9,0,9,0,6,0,0,0,0,1,1,6,3,-1,-1,-1,-1,-1,-1,-1,-1
2018200353616,2,9,0,18,0,8,0,0,0,0,4,1,1,2,48,8,1997,2,8,9,1,9
2018200353619,1,9,0,18,0,0,0,0,0,0,4,1,6,1,-1,-1,1794,1,13,-1,-1,-1
2018200353619,2,9,0,18,0,0,0,0,0,0,3,1,6,2,25,5,1388,1,6,4,1,4
2018200353620,1,9,0,14,0,1,0,0,0,0,4,1,6,1,57,9,1248,1,9,3,1,3
2018200353643,1,9,0,7,0,1,0,0,0,0,4,1,6,1,26,6,1798,1,13,2,1,2
2018200353643,2,9,0,7,0,1,0,0,0,0,3,1,6,1,-1,-1,-1,-1,-1,-1,-1,-1
2018200353653,1,8,0,18,0,8,0,7,0,0,1,1,6,1,41,7,1896,2,11,1,1,1
2018200353653,2,9,0,5,0,6,0,0,0,0,1,1,6,1,-1,-1,1968,2,8,1,1,1
2018200353661,1,9,0,18,0,0,0,0,0,0,1,1,6,1,36,7,3799,1,1,9,1,9
2018200353661,2,1,0,18,9,0,0,0,0,0,4,1,6,1,22,5,-1,-1,-1,-1,-1,-1
2018200353669,1,21,1,18,0,0,0,0,0,0,1,1,6,1,43,7,10837,2,-1,2,1,2
2018200353678,1,5,0,13,0,8,0,10,7,1,1,1,6,1,19,4,645,1,15,2,1,2
2018200353678,2,9,0,9,0,5,0,0,0,0,1,1,6,1,54,8,1910,2,12,4,1,4
2018200353688,1,9,0,18,0,0,0,0,0,0,4,1,3,1,17,4,1229,1,9,8,1,8
2018200353695,1,9,0,18,0,0,0,0,0,0,0,1,6,2,30,6,1248,2,5,6,1,6
2018200353700,1,9,0,18,0,0,0,0,0,0,1,1,6,1,29,6,1956,2,-1,2,1,2
2018200353711,1,9,0,4,0,0,0,0,0,0,1,1,1,2,38,7,1598,1,6,8,1,8
2018200353712,1,9,0,18,0,0,0,0,0,0,1,1,6,2,25,5,1084,1,-1,7,1,7
2018200353713,1,9,0,18,0,0,0,0,0,0,1,1,6,3,-1,-1,1968,2,14,-1,-1,-1
2018200353714,1,9,0,9,0,6,0,0,0,0,1,1,6,1,75,10,1388,1,9,3,1,3
2018200353714,2,9,0,18,0,8,0,0,0,0,3,1,6,2,51,8,1560,2,12,8,1,8
2018200353714,3,9,0,18,0,1,0,0,0,0,1,1,6,2,35,6,1598,1,5,4,1,4
2018200353716,1,9,0,5,0,6,0,0,0,0,1,1,6,3,-1,-1,1968,2,12,-1,-1,-1
2018200353716,2,3,0,18,0,8,0,0,0,0,3,1,1,1,17,4,124,1,5,5,1,5
2018200353721,1,9,4,18,0,0,0,0,0,0,1,1,6,1,66,10,2495,2,17,-1,1,-1
2018200353727,1,9,0,18,0,0,0,0,0,0,3,1,6,2,31,6,1900,2,11,-1,-1,-1
2018200353727,2,21,1,18,0,0,0,0,0,0,4,1,1,1,60,9,12809,2,1,-1,3,-1
2018200353729,1,19,0,18,0,0,0,0,0,0,1,1,6,1,38,7,2299,2,3,1,1,1
2018200353729,2,98,0,18,0,0,0,0,0,0,2,1,1,1,28,6,-1,-1,-1,2,1,2
2018200353744,1,9,0,18,0,2,0,0,0,0,1,1,1,1,38,7,-1,-1,-1,2,1,2
2018200353745,1,9,0,18,0,1,0,0,0,0,4,1,2,2,20,4,1242,1,7,2,1,2
2018200353747,1,9,0,14,0,8,1,0,0,0,1,1,6,1,49,8,1498,1,1,3,1,3
2018200353747,2,9,0,9,0,6,0,0,0,0,1,1,6,2,23,5,1149,1,15,2,1,2
2018200353750,1,9,0,18,0,3,0,0,0,0,1,1,6,2,47,8,1598,1,10,1,1,1
2018200353750,2,9,0,3,0,2,0,0,0,0,2,1,1,1,53,8,1560,2,6,-1,-1,-1
2018200353753,1,9,0,13,0,0,0,0,0,0,3,1,6,1,70,10,898,1,2,7,1,7
2018200353753,2,1,0,12,0,0,0,0,0,0,4,1,6,1,33,6,-1,-1,-1,2,1,2
2018200353754,1,9,0,1,0,0,0,0,0,0,2,1,6,3,-1,-1,1398,1,4,-1,-1,-1
2018200353758,1,9,0,9,0,5,0,0,0,0,1,1,6,3,-1,-1,-1,-1,-1,-1,-1,-1
2018200353768,1,9,0,18,0,0,0,0,0,0,1,1,5,1,70,10,1242,1,2,4,1,4
2018200353768,2,9,0,13,0,0,0,10,8,11,1,1,6,3,30,6,-1,-1,-1,-1,-1,-1
2018200353771,1,11,0,4,0,0,0,0,0,0,4,1,1,1,62,9,7300,2,17,4,1,4
2018200353775,1,90,0,18,0,1,0,0,0,0,1,1,6,1,54,8,-1,-1,-1,3,1,3
2018200353775,2,9,0,10,0,1,0,0,0,0,2,1,6,1,38,7,1910,2,8,1,1,1
2018200353782,1,9,0,18,0,0,0,0,0,0,1,1,6,3,-1,-1,998,7,16,-1,-1,-1
2018200353787,1,9,0,18,0,0,0,0,0,0,1,1,6,1,33,6,2993,2,5,2,1,2
2018200353797,1,9,0,18,0,0,0,10,2,2,1,1,6,1,34,6,1596,1,11,1,1,1
2018200353801,1,9,0,9,0,5,0,0,0,0,1,1,6,1,-1,-1,-1,-1,-1,-1,-1,-1
2018200353801,2,1,0,18,0,8,0,0,0,0,2,1,6,1,54,8,-1,-1,-1,1,1,1
2018200353824,1,9,0,18,0,3,1,7,7,2,4,1,6,2,50,8,1299,1,15,6,1,6
2018200353825,1,1,0,18,0,8,0,0,0,0,1,1,6,1,12,3,-1,-1,-1,9,1,9
2018200353825,2,9,0,18,0,8,0,0,0,0,4,1,6,2,48,8,1968,2,1,3,1,3
2018200353828,1,21,0,7,0,6,0,0,0,0,1,1,6,1,29,6,12740,2,1,-1,-1,-1
2018200353828,2,1,0,18,0,8,0,0,0,0,2,1,6,1,50,8,-1,-1,-1,2,1,2
2018200353848,1,9,0,18,0,0,0,0,0,0,1,1,6,3,-1,-1,1968,2,12,-1,-1,-1
2018200353850,1,9,0,18,0,0,0,0,0,0,1,1,6,2,47,8,1995,2,-1,5,1,5
2018200353860,1,9,0,3,0,0,0,0,0,0,3,1,6,2,57,9,1598,2,3,2,1,2
2018200353860,2,9,0,3,0,0,0,0,0,0,2,1,6,3,-1,-1,1199,1,-1,3,1,3
2018200353865,1,9,0,18,0,8,0,0,0,0,4,1,6,3,-1,-1,-1,-1,-1,-1,-1,-1
2018200353866,1,9,0,18,0,2,0,0,0,0,2,1,6,1,50,8,1984,1,14,7,1,7
2018200353875,1,9,0,3,0,1,0,0,0,0,2,1,6,1,-1,-1,1997,2,-1,2,1,2
2018200353875,2,9,0,18,0,1,0,0,0,0,1,1,6,3,-1,-1,1149,1,13,-1,-1,-1
2018200353879,1,9,0,18,0,8,0,0,0,0,1,1,6,2,58,9,1497,1,16,7,1,7
2018200353915,1,3,0,18,0,0,1,10,1,2,1,1,6,1,21,5,125,1,-1,2,1,2
2018200353916,1,9,0,5,0,1,0,0,0,0,1,1,6,2,59,9,1461,2,6,10,2,10
2018200353916,2,9,0,5,0,1,0,0,0,0,2,1,6,1,32,6,1968,2,8,7,1,7
2018200353939,1,8,0,18,0,0,0,0,0,0,1,1,6,1,36,7,1968,2,9,1,1,1
2018200353948,1,9,0,11,0,0,0,4,0,0,1,1,1,1,51,8,1200,1,1,3,1,3
2018200353948,2,9,0,2,0,0,0,0,0,0,2,1,5,1,26,6,1197,1,7,1,1,1
2018200353948,3,9,0,2,0,0,0,0,0,0,2,1,5,2,-1,-1,1995,2,12,1,1,1
2018200353948,4,9,0,2,0,0,0,0,0,0,2,1,5,2,46,8,998,1,3,1,1,1
2018200353965,1,9,0,18,0,0,0,4,0,0,1,1,6,2,52,8,1461,2,-1,10,2,10
2018200353965,2,9,0,2,0,0,0,0,0,0,3,1,6,1,71,10,1395,1,-1,4,1,4
2018200353969,1,19,0,18,0,1,1,0,0,0,1,1,6,1,36,7,2999,2,11,1,1,1
2018200354005,1,9,0,18,0,0,1,4,0,0,1,1,6,1,-1,-1,999,1,3,-1,-1,-1
2018200354005,2,9,0,2,0,0,0,0,0,0,2,1,6,1,-1,-1,1731,1,16,-1,-1,-1
2018200354005,3,19,0,2,0,0,0,0,0,0,2,1,6,1,-1,-1,2198,2,2,-1,-1,-1
2018200354008,1,9,0,18,0,0,0,0,0,0,1,1,6,1,23,5,1968,2,6,6,1,6
2018200354008,2,9,0,18,0,0,0,0,0,0,1,1,6,2,28,6,1998,1,2,9,1,9
2018200354009,1,9,0,18,0,0,0,0,0,0,0,1,6,2,22,5,1229,1,12,1,1,1
2018200354009,2,1,0,18,0,0,0,4,0,0,1,1,6,1,31,6,-1,-1,-1,1,1,1
2018200354016,1,9,0,3,0,0,0,0,1,0,2,1,5,2,32,6,1399,1,2,1,1,1
2018200354016,2,9,0,12,0,0,0,0,0,0,1,1,5,1,30,6,2685,2,15,1,1,1
2018200354019,1,9,0,18,0,6,0,10,7,0,2,1,6,1,36,7,2231,2,11,7,1,7
2018200354019,2,9,0,18,0,8,0,0,0,0,1,1,6,1,21,5,1900,2,12,1,1,1
2018200354027,1,9,0,18,0,0,0,0,0,0,4,1,1,1,35,6,1896,2,14,1,1,1
2018200354036,1,9,0,18,0,4,0,0,0,0,1,1,1,2,51,8,1395,1,-1,10,1,10
2018200354036,2,9,0,18,0,8,0,0,0,0,4,1,1,2,48,8,1339,1,7,1,1,1
2018200354039,1,9,0,18,0,2,0,4,0,0,1,1,2,1,18,4,1198,1,9,3,1,3
2018200354039,2,19,0,2,0,8,0,0,0,0,0,1,1,1,60,9,2198,2,6,3,1,3
2018200354052,1,9,0,18,0,6,0,0,0,0,1,1,6,3,30,6,-1,-1,-1,-1,-1,-1
2018200354052,2,9,0,18,0,8,0,0,0,0,3,1,5,1,30,6,1598,2,3,1,1,1
2018200354055,1,9,0,13,0,8,0,0,0,0,4,1,6,3,-1,-1,-1,-1,-1,-1,-1,-1
2018200354055,2,1,0,18,0,8,0,0,0,0,3,1,6,1,18,4,-1,-1,-1,7,1,7
2018200354059,1,9,0,9,0,5,0,0,0,0,4,1,6,1,85,11,1796,1,15,3,1,3
2018200354059,2,1,0,17,0,8,0,0,0,0,1,1,1,1,20,4,-1,-1,-1,2,1,2
2018200354065,1,9,0,18,0,0,0,7,4,0,1,1,6,1,26,6,2000,1,26,7,1,7
2018200354065,2,9,0,18,0,0,0,0,0,0,3,1,6,2,45,7,2401,2,9,7,1,7
2018200354075,1,9,0,3,0,1,0,0,0,0,2,1,6,2,59,9,1598,1,4,4,1,4
2018200354075,2,9,0,18,0,1,0,0,0,0,1,1,6,1,58,9,2967,2,2,-1,-1,-1
2018200354082,1,5,0,18,0,2,0,4,0,0,1,1,6,1,20,4,598,1,21,3,1,3
2018200354082,2,9,0,9,0,6,0,0,0,0,0,1,6,2,46,8,1200,1,2,3,1,3
2018200354082,3,9,0,2,0,2,0,0,0,0,1,1,6,3,-1,-1,1298,1,17,-1,-1,-1
2018200354100,1,9,0,9,0,6,0,0,0,0,1,1,6,1,62,9,1999,2,2,10,1,10
2018200354100,2,3,0,18,0,8,0,0,0,0,1,1,6,1,27,6,124,1,8,2,1,2
2018200354102,1,9,0,18,0,1,0,0,0,0,1,1,6,1,33,6,1995,2,5,1,1,1
2018200354102,2,9,0,3,0,1,0,0,0,0,2,1,6,2,25,5,1461,2,1,3,1,3
2018200354102,3,9,0,3,0,1,0,0,0,0,2,1,6,1,47,8,1968,2,11,1,1,1
2018200354107,1,9,0,18,0,0,0,0,0,0,1,1,6,1,57,9,1560,2,11,1,1,1
2018200354113,1,9,0,18,0,0,1,0,0,0,1,1,6,3,49,8,1764,1,24,-1,-1,-1
2018200354115,1,9,0,5,0,4,0,0,0,0,3,1,6,2,-1,-1,1496,1,1,9,1,9
2018200354115,2,1,0,5,0,4,0,0,0,0,2,1,2,1,36,7,-1,-1,-1,6,1,6
2018200354134,1,19,0,18,0,0,0,0,0,0,1,1,6,1,46,8,2198,2,8,4,3,4
2018200354136,1,19,0,18,0,0,0,0,0,0,1,1,6,1,-1,-1,2198,2,3,-1,-1,-1
2018200354136,2,9,0,18,0,0,1,7,6,10,2,1,6,1,25,5,998,1,6,1,1,1
2018200354148,1,9,0,16,0,0,1,0,7,0,1,1,1,1,52,8,3200,6,18,10,1,10
2018200354148,2,1,0,17,0,0,0,0,0,0,1,1,1,1,51,8,-1,-1,-1,7,1,7
2018200354155,1,9,0,18,0,0,0,4,0,0,1,1,6,2,43,7,1596,1,3,1,1,1
2018200354155,2,9,0,2,0,0,0,0,0,0,4,1,6,1,27,6,1461,2,1,2,-1,2
2018200354167,1,9,0,4,0,0,0,0,0,0,1,1,3,1,33,6,2143,2,3,2,1,2
2018200354184,1,9,0,9,0,6,0,0,0,0,1,1,2,2,58,9,1598,2,1,4,1,4
2018200354184,2,5,0,18,0,1,0,0,0,0,1,1,2,1,23,5,654,1,10,3,1,3
2018200354191,1,9,0,2,0,0,0,0,0,0,2,1,6,1,-1,-1,1560,2,14,-1,-1,-1
2018200354191,2,9,0,2,0,0,0,0,0,0,4,1,6,1,-1,-1,2143,2,3,-1,1,-1
2018200354202,1,9,0,18,0,0,0,0,0,0,3,1,6,1,23,5,1598,1,11,1,1,1
2018200354202,2,9,0,18,0,0,0,0,0,0,1,1,6,3,-1,-1,-1,-1,-1,-1,-1,-1
2018200354202,3,9,0,18,0,0,0,0,0,0,4,1,6,2,26,6,1598,2,1,5,1,5
2018200354208,1,98,1,18,0,0,0,0,0,0,1,1,6,1,-1,-1,-1,-1,-1,-1,-1,-1
2018200354208,2,9,0,18,0,0,0,0,0,0,2,1,6,1,26,6,1984,1,14,4,1,4
2018200354228,1,9,0,18,0,8,0,0,0,0,1,1,6,1,28,6,1596,1,9,9,1,9
2018200354240,1,9,0,18,0,8,0,0,0,0,3,1,1,1,47,8,1339,8,7,2,1,2
2018200354240,2,9,0,9,0,5,0,0,0,0,1,1,6,1,20,4,1197,1,3,3,1,3
2018200354241,1,9,0,12,0,0,0,0,0,0,3,1,6,2,47,8,1329,1,2,7,1,7
2018200354241,2,3,0,18,0,0,0,0,0,0,4,1,6,1,35,6,125,1,7,1,1,1
2018200354256,1,9,0,18,0,1,0,0,0,0,1,1,6,1,69,10,1997,2,14,2,1,2
2018200354260,1,9,0,6,0,0,0,0,0,0,2,1,6,1,34,6,1896,2,14,1,1,1
2018200354260,2,2,0,18,0,0,0,0,0,0,1,1,6,1,25,5,-1,-1,-1,1,1,1
2018200354266,1,9,0,18,0,0,0,0,0,0,1,1,6,2,58,9,-1,-1,-1,-1,-1,-1
2018200354270,1,9,0,9,0,5,0,0,0,0,1,1,6,1,39,7,1598,2,3,2,1,2
2018200354270,2,2,0,18,0,8,0,0,0,0,1,1,6,1,19,4,49,1,4,5,1,5
2018200354279,1,9,0,5,0,6,0,7,7,11,1,1,6,1,28,6,1364,1,13,1,1,1
2018200354283,1,9,0,5,0,0,0,4,0,0,1,1,6,2,29,6,1598,1,11,4,1,4
2018200354283,2,9,0,2,0,0,0,0,0,0,2,1,6,1,26,6,1197,1,-1,1,1,1
2018200354283,3,9,0,2,0,0,0,0,0,0,2,1,6,1,-1,-1,1560,2,3,5,1,5
2018200354299,1,9,0,18,0,8,0,0,0,0,4,1,6,2,32,6,1997,2,2,2,1,2
2018200354299,2,9,0,5,0,6,0,0,0,0,1,1,6,1,88,11,1461,2,-1,2,1,2
2018200354309,1,8,0,3,0,0,0,0,0,0,2,1,6,3,-1,-1,2499,2,12,-1,-1,-1
2018200354309,2,8,0,2,0,0,0,0,0,0,1,1,6,3,-1,-1,-1,-1,-1,-1,-1,-1
2018200354311,1,9,0,18,0,8,0,0,0,0,4,1,6,1,42,7,1197,1,-1,4,1,4
2018200354311,2,9,0,18,0,8,0,0,0,0,4,1,6,1,49,8,1995,2,5,9,1,9
2018200354314,1,9,0,18,0,4,0,0,0,0,1,1,6,1,-1,-1,2198,1,14,-1,-1,-1
2018200354314,2,9,0,6,0,8,0,0,0,0,1,1,1,2,35,6,1197,1,7,1,1,1
2018200354330,1,9,0,18,0,0,0,0,0,0,1,1,6,1,-1,-1,1198,1,14,1,1,1
2018200354330,2,9,0,3,0,0,0,0,0,0,2,1,6,1,45,7,1984,1,3,4,1,4
2018200354347,1,9,0,17,0,0,0,0,0,0,1,1,6,1,81,11,1997,2,6,6,3,6
2018200354387,1,9,0,18,0,0,0,0,0,0,3,1,6,2,40,7,1995,2,5,-1,-1,-1
2018200354395,1,9,0,17,0,0,0,4,0,0,1,1,6,1,-1,-1,1995,1,9,4,1,4
2018200354395,2,8,0,2,2,0,0,0,0,0,1,1,1,1,32,6,2402,2,14,-1,-1,-1
2018200354398,1,8,0,5,0,2,0,0,0,0,4,1,1,1,31,6,1968,2,4,2,1,2
2018200354425,1,9,0,7,0,5,0,0,0,0,1,1,6,1,51,8,1196,1,22,5,1,5
2018200354425,2,9,0,8,0,1,0,0,0,0,3,1,6,1,30,6,999,1,8,3,1,3
2018200354430,1,9,0,18,0,0,0,0,0,0,1,1,6,3,-1,-1,-1,-1,-1,-1,-1,-1
2018200354436,1,98,0,18,0,2,0,0,0,0,1,1,6,3,-1,-1,-1,-1,-1,-1,-1,-1
2018200354443,1,9,0,9,0,6,0,0,0,0,1,1,6,1,30,6,998,1,19,2,1,2
2018200354443,2,90,0,14,0,8,0,0,0,0,1,1,6,1,48,8,-1,-1,-1,2,1,2
2018200354456,1,9,0,18,0,4,0,0,0,0,1,1,6,2,47,8,1995,2,2,10,1,10
2018200354456,2,9,0,18,0,3,0,0,0,0,4,1,6,1,61,9,1242,1,6,3,1,3
2018200354497,1,9,0,18,0,0,0,0,0,0,1,1,6,1,62,9,1596,1,7,5,1,5
2018200354497,2,9,0,18,0,0,0,0,0,0,2,1,6,2,30,6,1950,2,-1,4,1,4
2018200354515,1,9,0,18,0,6,0,0,0,0,1,1,6,1,-1,-1,1591,1,-1,-1,-1,-1
2018200354515,2,9,0,18,0,8,0,0,0,0,3,1,6,1,40,7,1968,2,5,4,1,4
2018200354526,1,19,0,4,0,0,0,0,0,0,1,1,6,1,44,7,2402,2,10,8,3,8
2018200354526,2,9,0,4,0,0,0,0,0,0,2,1,6,1,38,7,1390,1,6,3,1,3
2018200354526,3,9,0,4,0,0,0,0,0,0,2,1,6,2,34,6,2143,2,5,2,1,2
2018200354531,1,21,1,18,0,0,0,0,0,0,1,1,6,1,37,7,12809,2,4,1,1,1
2018200354531,2,9,0,18,0,0,0,0,0,0,2,1,6,1,28,6,1390,1,7,1,1,1
2018200354568,1,3,0,18,0,0,0,0,0,0,3,1,6,1,21,5,124,1,4,9,1,9
2018200354568,2,9,0,5,0,0,0,0,0,0,1,1,6,1,55,8,1596,1,16,2,1,2
2018200354578,1,9,0,9,9,1,1,0,3,0,1,1,6,1,23,5,1560,2,10,6,1,6
2018200354580,1,9,0,18,0,0,0,0,0,0,3,1,6,1,-1,-1,1998,2,14,1,1,1
2018200354580,2,9,0,18,0,0,0,0,0,0,4,1,6,1,19,4,1198,1,4,2,1,2
2018200354581,1,9,0,4,0,0,0,0,0,0,1,1,6,1,19,4,1598,1,8,1,1,1
2018200354581,2,8,0,2,0,0,0,0,0,0,2,1,1,1,35,6,1998,1,13,1,1,1
2018200354584,1,9,0,2,0,1,0,0,0,0,1,1,6,1,45,7,1598,2,5,2,1,2
2018200354584,2,9,0,1,0,2,0,0,0,0,2,1,6,1,-1,-1,1149,1,12,-1,-1,-1