Accident_Index,Vehicle_Reference,Vehicle_Type,Towing_and_Articulation,Vehicle_Manoeuvre,Vehicle_Location-Restricted_Lane,Junction_Location,Skidding_and_Overturning,Hit_Object_in_Carriageway,Vehicle_Leaving_Carriageway,Hit_Object_off_Carriageway,1st_Point_of_Impact,Was_Vehicle_Left_Hand_Drive?,Journey_Purpose_of_Driver,Sex_of_Driver,Age_of_Driver,Age_Band_of_Driver,Engine_Capacity_(CC),Propulsion_Code,Age_of_Vehicle,Driver_IMD_Decile,Driver_Home_Area_Type,Vehicle_IMD_Decile
2018200808326,1,9,0,18,0,2,5,4,0,0,1,1,6,1,39,7,1390,1,14,4,1,4
2018200808326,2,9,0,1,0,2,0,0,0,0,1,1,6,1,-1,-1,2099,1,14,4,1,4
2018200808326,3,90,0,1,0,2,0,0,0,0,1,1,6,3,-1,-1,-1,-1,-1,-1,-1,-1
2018200808327,1,11,0,7,0,2,0,0,0,0,1,1,1,1,59,9,7300,2,6,3,1,3
2018200808338,1,9,0,12,0,0,0,0,0,0,1,1,6,2,53,8,1753,2,15,3,1,3
2018200808338,2,9,0,18,0,0,0,0,0,0,3,1,6,2,23,5,998,1,13,2,1,2
2018200808354,1,9,0,18,0,4,0,0,0,0,1,1,6,1,-1,-1,1995,2,7,-1,-1,-1
2018200808354,2,9,0,3,0,4,0,0,0,0,2,1,6,1,31,6,998,1,-1,3,1,3
2018200808369,1,9,0,12,0,2,0,0,0,0,2,1,6,2,35,6,1248,2,10,-1,-1,-1
2018200808369,2,9,0,18,0,2,0,0,0,0,1,1,2,2,36,7,1461,2,4,1,1,1
2018200808408,1,9,0,5,0,8,0,0,0,0,1,1,6,2,72,10,1242,1,3,2,1,2
2018200808408,2,9,0,5,0,8,0,0,0,0,4,1,6,1,-1,-1,1198,1,4,5,1,5
2018200808412,1,9,0,18,0,1,0,0,0,0,1,1,5,1,35,6,2143,2,9,1,1,1
2018200808421,1,9,0,1,0,0,0,4,0,0,2,1,6,1,-1,-1,1364,1,11,-1,-1,-1
2018200808421,2,9,0,2,0,0,0,0,0,0,1,1,1,1,40,7,1794,1,10,2,1,2
2018200808421,3,9,0,2,0,0,0,4,0,0,1,1,6,1,-1,-1,1999,1,13,2,1,2
2018200808433,1,9,0,9,0,1,0,0,0,0,1,1,1,2,52,8,998,1,-1,5,1,5
2018200808433,2,5,0,7,0,1,0,0,0,0,1,1,1,1,57,9,1298,1,17,6,1,6
2018200808446,1,9,0,9,0,8,0,0,0,0,1,1,5,2,58,9,1560,2,5,2,1,2
2018200808446,2,9,0,18,0,8,0,0,0,0,1,1,5,1,42,7,1499,2,1,1,1,1
2018200808459,1,9,0,9,0,8,0,0,0,0,1,1,6,1,19,4,1242,1,10,4,1,4
2018200808459,2,1,0,18,0,8,0,0,0,0,1,1,6,1,21,5,-1,-1,-1,9,1,9
2018200808469,1,3,0,18,0,8,0,0,0,0,3,1,6,1,41,7,124,1,7,5,1,5
2018200808469,2,9,0,9,0,8,0,0,0,0,1,1,6,1,-1,-1,1598,2,2,1,1,1
2018200808475,1,9,0,18,0,8,0,0,0,0,3,1,6,3,-1,-1,698,1,14,-1,-1,-1
2018200808475,2,9,0,18,0,8,0,0,0,0,1,1,6,2,23,5,1995,2,7,5,1,5
2018200808478,1,9,0,18,0,0,0,4,0,0,1,1,6,1,59,9,1461,2,1,7,1,7
2018200808478,2,9,0,2,0,0,0,0,0,0,3,1,6,2,-1,-1,1398,1,1,-1,-1,-1
2018200808486,1,9,0,18,0,4,0,0,0,0,1,1,6,1,71,10,1398,1,-1,2,1,2
2018200808486,2,1,0,18,0,8,0,0,0,0,2,1,6,1,-1,-1,-1,-1,-1,1,1,1
2018200808488,1,9,0,7,0,5,0,0,0,0,2,1,6,3,30,6,2000,2,14,1,1,1
2018200808488,2,9,0,18,0,1,0,0,0,0,1,1,5,2,30,6,3199,1,18,4,1,4
2018200808495,1,9,0,18,0,8,0,0,0,0,4,1,6,2,39,7,2295,1,14,2,1,2
2018200808495,2,9,0,18,0,6,0,0,0,0,1,1,6,3,-1,-1,1995,2,5,-1,-1,-1
2018200808500,1,9,0,18,0,6,0,0,0,0,3,1,6,3,-1,-1,1560,2,9,-1,-1,-1
2018200808500,2,9,0,18,0,8,1,0,0,0,1,1,6,1,23,5,1399,2,8,1,1,1
2018200808507,1,9,0,18,0,1,0,0,0,0,1,1,6,1,-1,-1,1398,2,10,-1,-1,-1
2018200808507,2,9,0,8,0,1,0,0,0,0,2,1,6,1,38,7,1968,2,3,5,1,5
2018200808513,1,9,0,18,0,8,1,0,0,0,1,1,6,2,45,7,2199,2,8,2,1,2
2018200808513,2,9,0,8,0,2,0,0,0,0,3,1,1,1,-1,-1,1968,2,12,3,1,3
2018200808516,1,9,0,18,0,2,0,0,0,0,4,1,6,3,-1,-1,1968,2,11,-1,-1,-1
2018200808516,2,9,0,6,0,1,0,0,0,0,3,1,2,1,43,7,1984,2,10,3,1,3
2018200808522,1,9,0,17,0,0,5,10,1,2,1,1,6,3,-1,-1,1461,2,5,-1,-1,-1
2018200808525,1,9,0,18,0,0,0,0,0,0,1,1,6,1,22,5,1896,2,11,1,1,1
2018200808525,2,9,0,18,0,0,0,0,0,0,1,1,6,2,43,7,1595,1,1,1,1,1
2018200808526,1,9,0,18,0,3,0,9,1,0,1,1,6,1,27,6,1200,1,2,1,1,1
2018200808527,1,9,0,11,0,0,0,0,0,0,1,1,6,2,-1,-1,2199,2,7,4,1,4
2018200808527,2,1,0,18,0,0,0,0,0,0,1,1,6,1,46,8,-1,-1,-1,5,1,5
2018200808529,1,9,0,18,0,2,0,0,0,0,1,1,6,1,-1,-1,2143,2,1,-1,-1,-1
2018200808529,2,9,0,18,0,1,0,0,0,0,1,1,6,1,34,6,1984,1,9,3,1,3
2018200808542,1,19,0,5,0,0,0,0,0,0,1,1,6,1,-1,-1,1248,2,6,9,1,9
2018200808542,2,9,0,18,0,0,0,0,0,0,3,1,6,2,17,4,998,1,5,4,1,4
2018200808543,1,9,0,18,0,1,0,0,0,0,1,1,6,3,-1,-1,2143,2,4,-1,-1,-1
2018200808543,2,9,0,3,0,1,0,0,0,0,2,1,1,1,31,6,1685,2,5,2,1,2
2018200808553,1,9,0,5,9,1,0,0,0,0,4,1,1,2,34,6,-1,-1,-1,5,-1,5
2018200808553,2,3,0,18,0,1,0,0,0,0,1,1,1,1,32,6,125,1,3,4,1,4
2018200808557,1,9,0,2,0,0,0,0,0,0,2,1,1,3,30,6,-1,-1,-1,-1,-1,-1
2018200808560,1,9,0,5,0,6,0,10,1,11,1,1,6,1,87,11,1896,2,20,7,1,7
2018200808560,2,9,0,18,0,8,0,0,0,0,1,1,6,1,-1,-1,1995,2,6,7,1,7
2018200808560,3,9,0,2,0,1,0,0,0,0,1,1,6,2,38,7,1242,1,7,1,1,1
2018200808561,1,9,0,3,0,0,0,0,0,0,2,1,6,1,35,6,1399,2,10,10,3,10
2018200808561,2,9,0,18,0,0,0,0,0,0,1,1,6,3,-1,-1,1591,1,6,-1,-1,-1
2018200808575,1,3,0,5,0,0,0,0,0,0,2,1,1,1,31,6,108,1,1,2,1,2
2018200808575,2,9,0,18,0,0,0,0,0,0,1,1,6,1,-1,-1,1386,1,11,1,1,1
2018200808578,1,9,0,18,0,0,0,0,0,0,1,1,6,3,-1,-1,-1,-1,-1,-1,-1,-1
2018200808583,1,9,0,18,0,0,0,0,0,0,1,1,6,3,-1,-1,1968,2,9,-1,-1,-1
2018200808583,2,9,0,18,0,0,0,0,0,0,2,1,1,1,-1,-1,1956,2,3,1,1,1
2018200808587,1,9,0,18,0,1,0,0,0,0,2,1,6,1,-1,-1,1896,2,10,-1,-1,-1
2018200808587,2,9,0,3,0,1,0,0,0,0,1,1,6,2,29,6,1598,2,10,1,1,1
2018200808593,1,1,0,17,0,1,0,0,0,0,3,1,6,1,48,8,-1,-1,-1,1,1,1
2018200808593,2,90,0,17,0,1,0,0,0,0,3,1,6,3,-1,-1,-1,-1,-1,-1,-1,-1
2018200808595,1,9,0,3,0,1,0,0,0,0,2,1,6,1,29,6,1560,2,9,4,1,4
2018200808595,2,9,0,18,0,1,0,0,0,0,1,1,6,1,-1,-1,1364,1,1,-1,-1,-1
2018200808598,1,9,0,9,0,6,0,0,0,0,1,1,6,2,71,10,1388,1,11,3,1,3
2018200808598,2,9,0,18,0,8,0,0,0,0,4,1,6,2,24,5,1598,1,6,1,1,1
2018200808598,3,9,0,9,0,1,0,0,0,0,3,1,6,2,-1,-1,998,1,2,1,1,1
2018200808602,1,9,0,14,0,1,0,4,0,0,1,1,6,1,-1,-1,1997,2,14,-1,-1,-1
2018200808602,2,9,0,9,0,6,0,0,0,0,1,1,6,2,24,5,1242,1,5,9,1,9
2018200808602,3,9,0,2,0,1,0,0,0,0,1,1,6,1,38,7,1364,1,1,1,1,1
2018200808620,1,9,0,18,0,8,0,10,1,0,3,1,6,1,21,5,1390,1,7,1,1,1
2018200808620,2,9,0,18,0,8,0,0,0,0,1,1,6,1,61,9,1968,2,5,1,1,1
2018200808635,1,9,0,18,0,8,0,0,0,0,1,1,6,1,32,6,1149,1,10,1,1,1
2018200808635,2,9,0,9,0,8,0,0,0,0,1,1,6,2,28,6,1896,2,11,4,3,4
2018200808643,1,19,0,1,0,2,0,0,0,0,2,1,6,1,-1,-1,2402,2,14,-1,-1,-1
2018200808643,2,2,0,18,0,1,1,10,1,0,1,1,6,2,30,6,123,1,2,10,1,10
2018200808650,1,9,0,18,0,8,0,0,0,0,4,1,1,1,54,8,1598,1,5,2,1,2
2018200808650,2,1,0,18,0,3,0,0,0,0,3,1,1,1,54,8,-1,-1,-1,10,3,10
2018200808658,1,8,0,18,0,0,0,0,0,0,1,1,1,1,-1,-1,1798,8,6,-1,-1,-1
2018200808658,2,9,0,3,0,0,0,0,0,0,2,1,6,2,38,7,2143,2,3,6,1,6
2018200808660,1,9,0,3,0,0,0,0,0,0,2,1,1,1,41,7,-1,-1,-1,2,1,2
2018200808660,2,9,0,5,0,0,0,0,0,0,1,1,6,3,30,6,998,1,4,-1,-1,-1
2018200808671,1,9,0,18,0,0,0,0,0,0,1,1,6,3,-1,-1,1599,1,13,-1,-1,-1
2018200808671,2,9,0,18,0,0,0,0,0,0,1,1,6,1,-1,-1,1395,1,2,-1,-1,-1
2018200808685,1,9,0,6,0,2,0,0,0,0,1,1,6,1,39,7,999,1,3,3,1,3
2018200808689,1,9,0,9,0,6,0,0,0,0,1,1,6,3,-1,-1,1598,1,11,-1,-1,-1
2018200808689,2,9,0,10,0,8,0,0,0,0,2,1,6,1,56,9,2987,2,11,2,1,2
2018200808694,1,9,0,5,0,1,0,0,0,0,1,1,6,2,39,7,1198,1,2,1,1,1
2018200808694,2,9,0,5,0,1,0,0,0,0,2,1,6,1,-1,-1,2979,1,16,-1,-1,-1
2018200808707,1,9,0,18,0,0,0,0,0,0,4,1,6,1,65,9,1596,1,11,7,1,7
2018200808708,1,9,0,7,0,6,0,0,0,0,1,1,6,1,-1,-1,-1,-1,-1,2,1,2
2018200808708,2,9,0,18,0,1,0,0,0,0,3,1,6,1,30,6,1968,2,4,3,1,3
2018200808806,1,9,0,9,0,6,0,0,0,0,1,1,1,2,24,5,998,1,11,1,1,1
2018200808806,2,1,0,18,0,8,0,0,0,0,4,1,1,1,46,8,-1,-1,-1,2,1,2
2018200808821,1,9,0,18,0,0,0,10,1,11,1,1,6,1,38,7,2993,2,11,1,1,1
2018200808842,1,9,0,5,0,6,0,0,0,0,3,1,1,1,50,8,2148,2,12,1,1,1
2018200808842,2,9,0,18,0,8,5,0,0,0,1,1,2,1,37,7,-1,-1,-1,1,1,1
2018200808848,1,9,0,9,0,5,0,0,0,0,2,1,6,1,85,11,2295,1,22,3,1,3
2018200808848,2,9,0,18,0,8,0,0,0,0,4,1,6,2,23,5,1242,1,5,7,1,7
2018200808861,1,9,0,3,0,1,0,0,0,0,2,1,6,2,48,8,995,1,12,4,1,4
2018200808861,2,9,0,18,0,1,0,0,0,0,1,1,6,1,34,6,-1,-1,-1,2,1,2
2018200808867,1,9,0,9,0,6,0,0,0,0,1,1,2,1,40,7,1896,2,10,8,1,8
2018200808867,2,9,0,18,0,8,2,10,1,11,4,1,1,2,63,9,1197,1,3,4,1,4
2018200808871,1,9,0,18,0,0,0,0,0,0,1,1,5,1,35,6,1560,2,7,2,1,2
2018200808871,2,9,0,3,0,0,0,0,0,0,3,1,5,1,49,8,1360,1,9,3,1,3
2018200808877,1,9,0,18,0,8,0,0,0,0,3,1,6,1,28,6,1229,1,9,7,1,7
2018200808880,1,9,0,2,0,0,0,0,0,0,4,1,6,2,47,8,1124,1,15,6,1,6
2018200808880,2,9,0,1,0,0,0,0,0,0,1,1,6,2,-1,-1,1229,1,13,1,1,1
2018200808892,1,9,0,4,0,0,0,0,0,0,1,1,6,1,-1,-1,1598,2,7,1,1,1
2018200808892,2,9,0,3,0,0,0,0,0,0,2,1,6,2,21,5,1968,2,1,10,1,10
2018200808901,1,9,0,9,0,8,0,0,0,0,1,1,6,2,-1,-1,1229,1,5,7,1,7
2018200808901,2,9,0,18,0,8,0,0,0,0,3,1,6,2,22,5,1332,1,9,2,1,2
2018200808902,1,9,0,9,0,6,0,0,0,0,3,1,6,2,38,7,1956,2,5,8,1,8
2018200808902,2,3,0,18,0,8,0,0,0,0,1,1,6,1,23,5,125,1,-1,2,1,2
2018200808907,1,9,0,5,0,0,0,0,0,0,1,1,6,2,-1,-1,2148,2,13,-1,-1,-1
2018200808907,2,9,0,18,0,0,0,0,0,0,4,1,6,2,47,8,1299,1,16,8,2,8
2018200808915,1,9,0,18,0,8,0,10,1,0,0,1,2,2,34,6,1598,2,3,1,1,1
2018200808915,2,9,0,9,0,5,0,0,0,0,3,1,6,1,-1,-1,1998,2,10,5,2,5
2018200808918,1,9,0,18,0,0,0,10,1,5,1,1,6,1,79,11,1248,1,6,7,1,7
2018200808923,1,9,0,18,0,8,0,0,0,0,1,1,6,1,-1,-1,1560,2,13,-1,-1,-1
2018200808923,2,9,0,18,0,8,0,0,0,0,4,1,6,1,33,6,1995,2,2,1,1,1
2018200808927,1,9,0,7,0,8,0,0,0,0,1,1,1,2,39,7,1395,1,1,5,1,5
2018200808927,2,9,0,17,0,8,0,0,0,0,1,1,1,2,40,7,1395,1,1,4,1,4
2018200808931,1,9,0,18,0,3,0,0,0,0,1,1,6,1,-1,-1,1598,1,17,2,1,2
2018200808931,2,9,0,18,0,3,0,0,0,0,3,1,6,2,-1,-1,1598,1,15,3,1,3
2018200808936,1,8,0,18,0,0,0,0,0,0,1,1,1,1,-1,-1,2664,2,17,7,1,7
2018200808953,1,9,0,18,0,0,0,0,0,0,1,1,6,3,-1,-1,1149,1,16,-1,-1,-1
2018200808953,2,9,0,18,0,0,0,0,0,0,2,1,6,1,27,6,1422,2,9,-1,2,-1
2018200808960,1,9,0,18,0,0,0,7,0,0,1,1,6,2,64,9,1197,1,3,7,1,7
2018200808960,2,9,0,18,0,0,0,7,3,0,2,1,6,2,58,9,996,1,9,7,1,7
2018200809001,1,9,0,9,0,6,0,10,7,11,1,1,6,3,-1,-1,1781,1,17,-1,-1,-1
2018200809010,1,9,0,9,0,5,0,0,0,0,1,1,6,1,-1,-1,1560,2,10,2,1,2
2018200809032,1,8,0,18,0,1,0,0,0,0,4,1,6,1,67,10,2664,2,17,1,1,1
2018200809136,1,9,0,18,0,1,0,0,0,0,1,1,6,1,56,9,1956,2,7,1,1,1
2018200809136,2,9,0,4,0,1,0,0,0,0,2,1,6,2,38,7,1248,2,13,3,1,3
2018200809154,1,9,0,9,0,6,0,0,0,0,1,1,6,2,50,8,1796,1,12,2,1,2
2018200809154,2,9,0,18,0,8,0,0,0,0,4,1,6,2,46,8,1956,2,5,4,1,4
2018200809190,1,9,0,4,0,0,0,0,0,0,1,1,6,1,20,4,1596,1,15,3,1,3
2018200809190,2,9,0,4,0,0,0,4,0,0,1,1,6,1,24,5,1984,1,5,2,1,2
2018200809190,3,9,0,2,0,0,0,0,0,0,0,1,6,1,26,6,1229,1,12,2,1,2
2018200809207,1,9,0,14,0,0,0,4,0,0,1,1,6,2,-1,-1,1796,1,10,-1,-1,-1
2018200809207,2,9,0,2,0,0,0,0,0,0,2,1,6,1,22,5,1998,2,10,2,1,2
2018200809218,1,9,0,13,0,8,0,0,0,0,1,1,6,1,-1,-1,1587,1,12,-1,-1,-1
2018200809218,2,9,0,9,0,8,0,0,0,0,3,1,6,1,27,6,1956,2,7,2,1,2
2018200809227,1,9,0,7,0,5,0,0,0,0,1,1,6,1,-1,-1,-1,-1,-1,-1,-1,-1
2018200809234,1,8,0,18,0,0,0,0,0,0,0,1,6,1,-1,-1,1995,2,6,1,1,1
2018200809236,1,9,0,18,0,4,0,0,0,0,1,1,6,2,49,8,1339,1,14,3,1,3
2018200809236,2,9,0,18,0,8,0,0,0,0,4,1,6,1,62,9,1499,2,1,1,1,1
2018200809261,1,9,0,18,0,2,0,0,0,0,0,1,6,3,-1,-1,1199,1,15,-1,-1,-1
2018200809261,2,9,0,5,0,1,0,0,0,0,0,1,6,3,-1,-1,-1,-1,-1,-1,-1,-1
2018200809261,3,9,0,5,0,1,0,0,0,0,0,1,3,1,45,7,1995,2,4,7,1,7
2018200809275,1,9,0,9,0,6,0,0,0,0,1,1,2,1,33,6,1686,2,9,3,1,3
2018200809275,2,9,0,18,0,8,1,10,4,0,2,1,1,1,40,7,-1,-1,-1,1,1,1
2018200809289,1,9,0,7,0,6,2,0,0,0,1,1,6,2,37,7,1396,1,9,2,1,2
2018200809289,2,8,0,18,0,8,0,0,0,0,1,1,1,1,44,7,2362,1,12,4,1,4
2018200809305,1,9,0,7,0,6,0,0,0,0,1,1,6,3,-1,-1,-1,-1,-1,-1,-1,-1
2018200809305,2,9,0,18,0,8,0,0,0,0,1,1,6,1,28,6,1390,1,12,1,1,1
2018200809316,1,9,0,18,0,8,0,0,0,0,4,1,6,2,35,6,1229,1,5,4,1,4
2018200809316,2,9,0,7,0,6,0,0,0,0,3,1,6,1,-1,-1,1587,1,13,-1,-1,-1
2018200809317,1,9,0,18,0,0,0,0,0,0,1,1,6,1,41,7,1596,1,14,1,1,1
2018200809357,1,9,0,18,0,0,0,0,0,0,1,1,6,2,63,9,1769,1,13,2,1,2
2018200809367,1,9,0,18,0,0,1,0,0,0,3,1,6,2,27,6,1995,2,11,3,1,3
2018200809367,2,9,0,18,0,0,0,0,0,0,4,1,6,1,57,9,2148,2,10,8,1,8
2018200809442,1,9,0,18,0,1,0,0,0,0,1,1,1,2,43,7,1296,1,11,1,1,1
2018200809442,2,9,0,3,0,1,0,0,0,0,2,1,1,2,29,6,1560,2,5,4,1,4
2018200809454,1,3,0,13,0,8,0,0,0,0,1,1,6,1,30,6,125,1,6,2,1,2
2018200809454,2,11,0,9,0,5,0,0,0,0,2,1,1,1,63,9,6700,2,2,1,1,1
2018200809484,1,9,0,18,0,0,0,0,0,0,4,1,6,1,24,5,1995,2,7,5,1,5
2018200809533,1,9,0,18,0,1,0,0,0,0,1,1,6,1,34,6,1598,2,2,6,1,6
2018200809568,1,9,0,18,0,6,0,0,0,0,3,1,2,1,58,9,1995,2,11,1,1,1
2018200809568,2,90,0,18,0,8,0,0,0,0,4,1,1,2,55,8,-1,-1,-1,9,1,9
2018200809579,1,9,0,18,0,1,0,7,4,1,2,1,6,1,25,5,1591,1,1,5,1,5
2018200809579,2,9,0,18,0,1,0,7,4,10,1,1,6,1,48,8,1084,1,-1,6,1,6
2018200809579,3,9,0,18,0,1,0,0,0,0,0,1,1,1,-1,-1,2993,2,-1,-1,-1,-1
2018200809584,1,9,0,18,0,0,1,4,1,10,3,1,6,1,-1,-1,1598,2,4,-1,-1,-1
2018200809584,2,9,0,2,0,0,0,0,0,0,2,1,6,3,-1,-1,1364,1,13,-1,-1,-1
2018200809584,3,9,0,2,0,0,0,0,0,0,4,1,6,3,-1,-1,1596,1,7,-1,-1,-1
2018200809584,4,9,0,2,0,0,0,0,0,0,1,1,6,3,-1,-1,1997,2,1,-1,-1,-1
2018200809584,5,9,0,18,0,0,0,0,0,0,0,1,1,1,-1,-1,1598,2,-1,-1,-1,-1
2018200809623,1,9,0,5,0,4,0,0,0,0,1,1,1,1,54,8,1968,2,1,8,1,8
2018200809623,2,9,0,9,0,3,0,0,0,0,4,1,6,1,53,8,1396,1,7,2,1,2
2018200809639,1,9,0,16,0,0,1,10,8,4,1,1,1,2,42,7,1968,2,-1,1,1,1
2018200809667,1,9,0,18,0,8,0,0,0,0,1,1,6,1,31,6,1968,2,6,6,1,6
2018200809667,2,9,0,10,0,8,0,0,0,0,2,1,6,2,53,8,1598,1,12,3,1,3
2018200809675,1,97,0,9,0,0,1,0,0,0,1,1,6,1,19,4,-1,-1,-1,5,1,5
2018200809675,2,9,0,18,0,0,0,0,0,0,1,1,6,1,34,6,1390,1,15,3,1,3
2018200809748,1,9,0,18,0,8,0,0,0,0,1,1,1,1,30,6,1364,2,13,3,1,3
2018200809748,2,9,0,11,0,8,0,0,0,0,2,1,1,2,41,7,1248,2,2,-1,-1,-1
2018200809753,1,9,0,7,0,6,0,0,0,0,3,1,6,3,-1,-1,-1,-1,-1,-1,-1,-1
2018200809753,2,2,0,18,0,1,0,0,0,0,1,1,6,1,33,6,125,1,1,1,1,1
2018200809851,1,9,0,18,0,0,0,0,0,0,3,1,6,2,25,5,1388,1,9,1,1,1
2018200809851,2,9,0,5,0,0,0,0,0,0,1,1,6,1,24,5,1598,2,1,2,1,2
2018200809874,1,9,0,5,0,1,0,0,0,0,1,1,2,1,53,8,-1,-1,-1,2,1,2
2018200809874,2,9,0,4,0,1,0,0,0,0,2,1,6,1,30,6,1496,2,-1,1,1,1
2018200809874,3,9,0,9,0,1,0,0,0,0,0,1,1,1,36,7,-1,-1,-1,-1,-1,-1
2018200809908,1,9,0,3,0,1,0,0,0,0,2,1,1,1,38,7,1497,8,11,1,1,1
2018200809908,2,9,0,18,0,2,0,0,0,0,3,1,1,1,30,6,1499,2,3,6,1,6
2018200809908,3,9,0,18,0,1,0,0,0,0,1,1,6,1,-1,-1,1242,1,6,-1,-1,-1
2018200810003,1,9,0,4,0,1,0,0,0,0,1,1,6,1,-1,-1,1242,1,15,-1,-1,-1
2018200810003,2,19,0,3,0,1,0,0,0,0,2,1,6,1,41,7,2148,2,11,3,1,3
2018200810003,3,9,0,4,0,1,0,0,0,0,0,1,1,1,44,7,2993,2,-1,5,1,5
2018200810020,1,9,0,11,0,0,1,0,8,0,1,1,2,1,71,10,1796,1,9,-1,-1,-1
2018200810020,2,21,1,18,0,0,0,0,0,0,1,1,1,3,46,8,-1,-1,-1,-1,-1,-1
2018200810139,1,11,0,18,0,0,0,0,0,0,0,1,1,1,-1,-1,7300,2,14,-1,-1,-1
2018200810143,1,5,0,18,0,8,0,0,0,0,1,1,6,1,26,6,599,1,19,1,1,1
2018200810143,2,9,0,9,0,8,0,0,0,0,4,1,6,1,22,5,1598,2,1,4,1,4
2018200810145,1,9,0,18,0,1,0,0,0,0,1,1,6,1,-1,-1,1995,1,15,-1,-1,-1
2018200810145,2,9,0,5,0,1,0,0,0,0,2,1,6,1,31,6,1229,1,4,2,1,2
2018200810158,1,9,0,18,0,1,0,0,3,0,4,1,6,1,-1,-1,-1,-1,-1,-1,-1,-1
2018200810158,2,9,0,3,0,1,0,10,1,0,1,1,6,1,45,7,1598,2,8,1,1,1
2018200810165,1,1,0,18,0,8,0,0,0,0,4,1,6,1,47,8,-1,-1,-1,3,1,3
2018200810165,2,9,0,7,0,6,0,0,0,0,1,1,6,2,-1,-1,998,1,-1,-1,-1,-1
2018200810195,1,9,0,18,0,8,0,7,0,0,1,1,1,2,31,6,1397,1,5,2,1,2
2018200810195,2,9,0,18,0,8,0,7,0,0,1,1,1,1,21,5,1198,1,9,1,1,1
2018200810196,1,9,0,13,0,0,0,0,0,0,4,1,6,3,-1,-1,-1,-1,-1,-1,-1,-1
2018200810196,2,1,0,12,0,0,0,0,0,0,3,1,2,2,27,6,-1,-1,-1,1,1,1
2018200810234,1,9,0,9,0,6,0,0,0,0,4,1,6,3,-1,-1,-1,-1,-1,-1,-1,-1
2018200810234,2,9,0,18,0,8,0,0,0,0,1,1,6,2,50,8,1596,1,13,2,1,2
2018200810245,1,9,0,15,0,0,0,0,0,0,1,1,6,1,-1,-1,1968,2,4,-1,-1,-1
2018200810245,2,9,0,18,0,0,0,0,0,0,2,1,2,1,37,7,1991,8,2,3,1,3
2018200810268,1,9,0,18,0,0,0,4,0,0,1,1,6,3,-1,-1,1229,1,12,-1,-1,-1
2018200810268,2,19,0,2,0,0,0,0,0,0,2,1,6,1,51,8,2198,2,12,5,1,5
2018200810404,1,9,0,18,0,2,1,0,0,0,1,1,6,1,24,5,1968,2,11,7,1,7
2018200810404,2,9,0,7,0,6,0,0,0,0,2,1,6,2,33,6,1997,2,1,10,1,10
2018200810464,1,9,0,1,0,0,0,4,0,0,4,1,6,1,76,11,1560,2,-1,5,1,5
2018200810464,2,9,0,2,0,0,0,0,0,0,3,1,6,2,-1,-1,1560,2,6,4,1,4
2018200810464,3,9,0,2,0,0,0,0,0,0,3,1,6,3,-1,-1,-1,-1,-1,-1,-1,-1
2018200810481,1,9,0,18,0,1,0,0,0,0,1,1,6,1,48,8,-1,-1,-1,6,1,6
2018200810481,2,9,0,3,0,1,0,0,0,0,2,1,6,2,28,6,1968,2,4,1,1,1
2018200810788,1,9,0,17,0,0,0,10,1,0,3,1,2,2,20,4,1390,1,13,8,1,8
2018200810788,2,9,0,17,0,0,0,0,0,0,4,1,6,3,-1,-1,1199,1,14,-1,-1,-1
2018200810833,1,9,0,9,0,8,0,0,0,0,4,1,6,1,17,4,1229,1,8,10,1,10
2018200810833,2,9,0,18,0,8,0,0,0,0,1,1,6,1,19,4,-1,-1,-1,1,1,1
2018200810851,1,9,0,13,0,0,1,7,7,1,1,1,6,1,18,4,-1,-1,-1,1,1,1
2018200810851,2,9,0,18,0,0,0,0,0,0,1,1,2,2,50,8,1598,1,4,7,1,7
2018200810851,3,9,0,18,0,0,0,0,0,0,3,1,6,1,52,8,1950,2,-1,10,1,10
2018200810851,4,9,0,18,0,0,0,0,0,0,3,1,5,2,42,7,1685,2,3,6,1,6
2018200810851,5,9,0,18,0,0,0,0,0,0,0,1,1,1,-1,-1,2993,2,2,-1,-1,-1
2018200810863,1,9,0,9,0,6,0,0,0,0,1,1,3,2,43,7,1386,1,14,1,1,1
2018200810863,2,9,0,18,0,1,0,0,0,0,1,1,2,2,26,6,1229,1,11,2,1,2
2018200810901,1,9,0,18,0,2,0,0,0,0,1,1,6,1,40,7,1995,2,15,-1,-1,-1
2018200810938,1,9,0,9,0,8,0,0,0,0,4,1,1,3,53,8,998,1,2,1,1,1
2018200810938,2,9,0,18,0,8,0,0,0,0,1,1,2,1,25,5,1896,2,11,4,1,4
2018200810970,1,9,0,9,0,6,0,0,0,0,1,1,6,2,26,6,1199,1,17,4,1,4
2018200810970,2,9,0,18,0,8,0,0,0,0,1,1,6,2,51,8,1598,1,9,1,1,1
2018200810976,1,9,0,18,0,4,0,0,0,0,1,1,6,3,-1,-1,5998,1,13,-1,-1,-1
2018200810976,2,9,0,7,0,3,0,0,0,0,4,1,6,1,38,7,1598,1,11,1,1,1
2018200810991,1,90,0,9,0,2,0,0,0,0,2,1,2,1,63,9,7146,2,2,2,1,2
2018200811075,1,9,0,5,0,6,0,0,0,0,1,1,2,1,52,8,1997,2,4,6,1,6
2018200811075,2,1,0,18,0,8,0,0,0,0,1,1,2,1,27,6,-1,-1,-1,4,1,4
2018200811086,1,19,0,9,0,5,0,0,0,0,1,1,1,1,53,8,1968,2,-1,7,3,7