Accident_Index,Vehicle_Reference,Vehicle_Type,Towing_and_Articulation,Vehicle_Manoeuvre,Vehicle_Location-Restricted_Lane,Junction_Location,Skidding_and_Overturning,Hit_Object_in_Carriageway,Vehicle_Leaving_Carriageway,Hit_Object_off_Carriageway,1st_Point_of_Impact,Was_Vehicle_Left_Hand_Drive?,Journey_Purpose_of_Driver,Sex_of_Driver,Age_of_Driver,Age_Band_of_Driver,Engine_Capacity_(CC),Propulsion_Code,Age_of_Vehicle,Driver_IMD_Decile,Driver_Home_Area_Type,Vehicle_IMD_Decile
2018200811086,2,9,0,4,0,8,0,0,0,0,3,1,3,1,30,6,1364,1,-1,3,1,3
2018200811086,3,21,1,18,0,8,0,0,0,0,0,1,6,1,51,8,12130,2,13,2,1,2
2018200811091,1,9,0,3,0,1,0,0,0,0,2,1,5,1,40,7,-1,-1,-1,1,1,1
2018200811091,2,9,0,18,0,1,0,0,0,0,1,1,5,1,-1,-1,1596,1,15,-1,-1,-1
2018200811098,1,9,0,3,0,0,0,0,0,0,1,1,6,1,23,5,2179,2,3,4,1,4
2018200811098,2,9,0,18,0,0,0,0,0,0,2,1,6,1,20,4,1364,1,8,6,1,6
2018200811125,1,9,0,5,0,1,0,0,0,0,1,1,2,2,50,8,1398,1,-1,5,1,5
2018200811126,1,9,0,5,0,5,0,0,0,0,1,1,6,2,59,9,1997,2,5,4,1,4
2018200811126,2,19,0,18,0,8,0,0,0,0,1,1,6,1,27,6,1560,2,5,5,1,5
2018200811137,1,9,0,18,0,8,0,4,0,0,1,1,6,3,-1,-1,-1,-1,-1,-1,-1,-1
2018200811137,2,19,0,2,0,8,0,0,0,0,4,1,6,1,34,6,-1,-1,-1,-1,-1,-1
2018200811174,1,9,0,1,9,8,0,0,0,0,2,1,6,3,-1,-1,1229,1,11,-1,-1,-1
2018200811184,1,9,0,12,0,0,0,0,0,0,0,1,6,1,-1,-1,1590,1,13,10,1,10
2018200811184,2,9,0,18,0,0,0,0,0,0,4,1,2,1,48,8,1995,2,1,10,1,10
2018200811193,1,9,0,9,0,6,0,0,0,0,1,1,1,1,29,6,1968,2,6,1,1,1
2018200811193,2,9,0,18,0,8,0,0,0,0,1,1,6,2,35,6,1240,1,13,2,1,2
2018200811208,1,9,0,18,0,0,0,0,0,0,1,1,6,1,-1,-1,1600,2,8,-1,-1,-1
2018200811208,2,9,0,18,0,0,0,0,0,0,2,1,1,2,42,7,1399,2,13,1,1,1
2018200811215,1,9,0,18,0,6,0,0,0,0,1,1,6,1,-1,-1,1850,1,16,-1,-1,-1
2018200811215,2,9,0,18,0,8,0,0,0,0,3,1,6,2,37,7,1995,2,8,1,1,1
2018200811215,3,9,0,18,0,1,0,0,0,0,0,1,1,1,-1,-1,2993,2,1,-1,-1,-1
2018200811231,1,9,0,18,0,1,0,0,0,0,1,1,6,1,-1,-1,1997,2,10,-1,-1,-1
2018200811231,2,9,0,8,0,1,0,0,0,0,2,1,6,1,45,7,1686,2,7,4,1,4
2018200811243,1,9,0,18,0,8,1,0,0,0,3,1,1,1,-1,-1,2993,2,1,-1,-1,-1
2018200811243,2,9,0,18,0,8,0,0,0,0,1,1,6,1,43,7,1246,1,12,2,1,2
2018200811255,1,9,0,18,0,8,0,0,0,0,1,1,6,3,-1,-1,999,1,1,-1,-1,-1
2018200811255,2,9,0,10,0,1,0,0,0,0,2,1,2,2,22,5,1193,1,3,6,1,6
2018200811282,1,9,0,18,0,0,0,0,0,0,1,1,2,3,-1,-1,-1,-1,-1,-1,-1,-1
2018200811312,1,9,0,18,0,4,0,0,0,0,1,1,6,1,-1,-1,1997,2,16,10,1,10
2018200811312,2,9,0,18,0,4,0,0,0,0,1,1,1,2,51,8,1242,1,11,2,1,2
2018200811314,1,19,0,18,0,0,0,0,0,0,0,1,6,1,46,8,1598,2,4,1,1,1
2018200811314,2,1,0,18,0,0,0,0,0,0,0,1,6,1,-1,-1,-1,-1,-1,2,1,2
2018200811314,3,9,0,18,0,0,0,0,0,0,1,1,6,1,-1,-1,-1,-1,-1,1,1,1
2018200811333,1,9,0,18,0,1,0,0,0,0,1,1,6,1,48,8,1497,1,15,3,1,3
2018200811333,2,9,0,4,0,1,0,0,0,0,4,1,6,1,19,4,1248,1,7,10,2,10
2018200811341,1,9,0,18,0,2,0,0,0,0,1,1,6,1,-1,-1,-1,-1,-1,-1,-1,-1
2018200811341,2,9,0,6,0,2,0,0,0,0,1,1,6,1,30,6,1968,2,6,6,1,6
2018200811358,1,9,0,3,0,8,0,0,0,0,1,1,6,1,39,7,1796,1,6,3,1,3
2018200811358,2,9,0,18,0,8,0,0,0,0,1,1,6,3,-1,-1,-1,-1,-1,-1,-1,-1
2018200811432,1,9,0,18,0,4,0,9,3,6,1,1,1,1,-1,-1,2993,2,2,-1,-1,-1
2018200811434,1,9,0,18,0,0,0,0,0,0,1,1,6,3,-1,-1,-1,-1,-1,-1,-1,-1
2018200811440,1,9,0,6,0,0,0,0,0,0,0,1,6,1,-1,-1,1984,1,8,3,1,3
2018200811442,1,9,0,14,0,1,0,0,0,0,1,1,6,1,-1,-1,-1,-1,-1,-1,-1,-1
2018200811443,1,9,0,16,0,0,0,10,4,1,2,1,6,1,26,6,1910,2,10,3,1,3
2018200811443,2,9,0,4,0,0,0,0,0,0,0,1,6,1,-1,-1,2993,2,2,-1,-1,-1
2018200811443,3,9,0,18,0,0,0,0,0,0,3,1,1,1,31,6,2199,2,7,1,1,1
2018200811448,1,19,0,18,0,1,0,0,0,0,1,1,6,3,38,7,-1,-1,-1,-1,-1,-1
2018200811448,2,9,0,3,0,1,0,0,0,0,2,1,6,1,23,5,1398,1,11,1,1,1
2018200811455,1,19,0,18,0,0,0,0,0,0,2,1,6,1,-1,-1,1995,2,4,-1,-1,-1
2018200811455,2,9,0,3,0,0,0,0,0,0,0,1,6,1,30,6,1598,1,15,2,1,2
2018200811457,1,9,0,18,0,0,0,4,0,0,1,1,6,1,63,9,2616,1,12,1,1,1
2018200811457,2,9,0,2,9,0,0,0,0,0,2,1,6,1,25,5,1498,1,-1,4,1,4
2018200811458,1,9,0,18,0,8,0,0,0,0,1,1,6,1,54,8,898,1,1,8,1,8
2018200811458,2,1,0,5,0,6,0,0,0,0,1,1,6,1,15,3,-1,-1,-1,4,1,4
2018200811460,1,9,0,16,0,0,0,4,0,0,1,1,6,3,-1,-1,2616,1,14,-1,-1,-1
2018200811460,2,9,0,16,0,0,0,0,0,0,2,1,6,1,-1,-1,2967,2,3,-1,-1,-1
2018200811460,3,9,0,2,0,0,0,0,0,0,0,1,6,3,-1,-1,1968,2,3,-1,-1,-1
2018200811468,1,9,0,3,0,1,0,0,0,0,4,1,6,2,26,6,1368,1,9,3,-1,3
2018200811468,2,9,0,18,0,1,0,0,0,0,3,1,6,1,31,6,2987,2,1,5,1,5
2018200811470,1,9,0,18,0,1,0,0,0,0,1,1,3,2,32,6,1560,2,6,4,1,4
2018200811481,1,9,0,18,0,2,0,10,1,10,1,1,6,2,32,6,1199,1,19,3,1,3
2018200811481,2,9,0,18,0,2,0,0,0,0,0,1,1,1,-1,-1,1598,2,-1,-1,-1,-1
2018200811491,1,9,0,9,0,6,1,0,0,0,3,1,6,2,19,4,1197,1,2,9,1,9
2018200811491,2,9,0,18,0,8,1,0,0,0,1,1,6,2,58,9,998,1,3,9,1,9
2018200811492,1,3,0,5,0,6,0,0,0,0,1,1,6,1,18,4,125,1,-1,6,1,6
2018200811492,2,9,0,18,0,8,0,0,0,0,4,1,6,1,38,7,1995,2,13,3,1,3
2018200811492,3,9,0,18,0,1,0,0,0,0,3,1,6,2,29,6,1364,1,11,1,1,1
2018200811498,1,9,0,12,0,2,1,6,7,11,1,1,6,1,29,6,1598,1,13,3,1,3
2018200811509,1,9,0,5,0,0,0,0,0,0,1,1,2,1,20,4,1364,1,12,2,1,2
2018200811514,1,9,0,9,0,8,0,0,0,0,1,1,6,2,20,4,999,1,5,5,3,5
2018200811514,2,9,0,18,0,8,0,0,0,0,3,1,6,2,50,8,1686,2,4,3,1,3
2018200811515,1,9,0,14,0,0,0,0,0,0,4,1,1,2,54,8,1299,1,13,5,1,5
2018200811519,1,9,0,7,0,6,1,7,4,2,1,1,6,1,23,5,-1,-1,-1,2,1,2
2018200811519,2,9,0,18,0,1,0,0,0,0,0,1,1,1,-1,-1,2993,2,-1,-1,-1,-1
2018200811523,1,9,0,1,0,2,0,0,0,0,2,1,6,1,21,5,1399,1,-1,1,1,1
2018200811523,2,9,0,4,0,1,0,0,0,0,1,1,1,1,-1,-1,2967,2,4,-1,-1,-1
2018200811534,1,9,0,6,0,0,0,0,0,0,4,1,6,2,-1,-1,-1,-1,-1,-1,-1,-1
2018200811539,1,9,0,18,0,1,0,4,0,0,1,1,6,1,26,6,1997,2,4,6,3,6
2018200811539,2,9,0,2,0,1,0,0,0,0,1,1,1,1,-1,-1,1956,2,3,2,1,2
2018200811539,3,9,0,7,0,6,0,0,0,0,1,1,6,1,27,6,1997,2,4,-1,-1,-1
2018200811539,4,9,0,7,0,1,0,0,0,0,0,1,1,1,-1,-1,1598,2,-1,2,1,2
2018200811539,5,9,0,18,0,1,0,0,0,0,1,1,6,2,34,6,2143,2,2,3,1,3
2018200811548,1,9,0,18,2,8,0,0,0,0,3,1,6,2,23,5,1598,2,5,1,1,1
2018200811548,2,9,0,10,0,8,0,0,0,0,1,1,6,1,21,5,1198,1,14,1,1,1
2018200811557,1,9,0,18,0,1,0,0,0,0,1,1,6,1,-1,-1,1598,1,8,-1,-1,-1
2018200811557,2,1,0,18,0,1,0,0,0,0,1,1,1,1,50,8,-1,-1,-1,3,1,3
2018200811560,1,9,0,8,0,1,0,0,0,0,2,1,6,1,38,7,1461,2,9,1,1,1
2018200811560,2,9,0,18,0,1,0,0,0,0,1,1,1,1,45,7,1560,2,8,2,1,2
2018200811561,1,9,0,4,0,0,0,0,0,0,1,1,6,1,31,6,1995,1,8,5,1,5
2018200811561,2,9,0,3,0,0,0,0,0,0,1,1,6,1,64,9,998,1,12,8,1,8
2018200811563,1,9,0,18,0,1,1,0,0,0,1,1,6,3,-1,-1,1595,1,19,-1,-1,-1
2018200811563,2,9,0,10,0,1,0,0,0,0,2,1,6,1,30,6,1910,2,11,3,1,3
2018200811569,1,9,0,18,0,1,0,0,0,0,4,1,1,1,34,6,998,1,12,9,1,9
2018200811575,1,9,0,18,0,0,1,0,0,0,1,1,6,1,-1,-1,1998,1,10,-1,-1,-1
2018200811575,2,11,0,18,0,0,0,0,1,0,1,1,1,1,53,8,6700,2,1,1,1,1
2018200811583,1,9,0,18,0,8,0,10,1,2,4,1,6,2,53,8,1598,2,10,5,1,5
2018200811589,1,9,0,13,0,0,0,10,7,0,4,1,6,1,-1,-1,1390,1,8,-1,-1,-1
2018200811589,2,9,0,17,0,0,0,0,0,0,3,1,6,2,39,7,1995,2,14,1,1,1
2018200811589,3,9,0,18,0,0,0,0,0,0,0,1,1,1,-1,-1,2993,2,-1,5,1,5
2018200811599,1,9,0,18,0,1,0,0,0,0,1,1,6,1,28,6,1399,1,2,1,1,1
2018200811599,2,9,0,3,0,1,0,0,0,0,2,1,1,1,44,7,2993,2,2,5,1,5
2018200811614,1,9,0,18,0,0,5,10,1,4,1,1,6,1,49,8,1461,2,10,5,1,5
2018200811614,2,9,0,3,0,0,0,0,0,0,3,1,6,2,73,10,1598,2,6,2,1,2
2018200811614,3,9,0,18,0,0,0,0,0,0,4,1,6,2,38,7,1598,1,-1,2,1,2
2018200811624,1,9,0,11,0,0,0,0,0,0,3,1,6,1,55,8,1997,1,14,1,1,1
2018200811624,2,9,0,18,0,0,0,0,0,0,4,1,6,2,41,7,1198,1,1,1,1,1
2018200811624,3,9,0,18,0,0,0,0,0,0,2,1,6,1,47,8,1989,1,15,1,1,1
2018200811629,1,9,0,1,0,0,0,0,0,0,2,1,6,3,-1,-1,1360,1,12,-1,-1,-1
2018200811629,2,9,0,4,0,0,0,0,0,0,1,1,1,1,-1,-1,2993,2,1,-1,-1,-1
2018200811646,1,9,0,18,0,0,2,7,2,2,1,1,6,2,32,6,1242,1,-1,3,1,3
2018200811646,2,20,0,2,9,0,0,0,0,0,1,1,6,1,44,7,2998,2,2,2,1,2
2018200811654,1,19,0,18,0,2,0,7,0,0,1,1,6,3,-1,-1,-1,-1,-1,-1,-1,-1
2018200811654,2,9,0,18,0,1,0,0,0,0,1,1,6,2,58,9,2497,2,6,9,1,9
2018200811656,1,9,0,5,0,2,0,0,0,0,1,1,6,2,57,9,1124,1,14,2,1,2
2018200811668,1,9,0,5,0,6,0,0,0,0,1,1,1,2,46,8,1390,1,14,1,1,1
2018200811668,2,9,0,18,0,8,0,0,0,0,1,1,6,1,45,7,1598,1,-1,4,1,4
2018200811674,1,9,0,4,0,1,0,0,0,0,1,1,2,1,58,9,1461,2,16,5,1,5
2018200811674,2,2,0,4,0,1,0,0,0,0,2,1,2,1,39,7,124,1,2,4,1,4
2018200811674,3,9,0,18,0,1,0,0,0,0,0,1,1,1,-1,-1,2967,2,1,8,1,8
2018200811674,4,9,0,18,0,1,0,0,0,0,0,1,1,1,-1,-1,2993,2,-1,-1,-1,-1
2018200811681,1,9,0,9,0,6,0,0,0,0,3,1,6,1,25,5,1956,2,5,1,1,1
2018200811681,2,9,0,18,0,8,0,0,0,0,1,1,6,1,55,8,999,1,1,1,1,1
2018200811699,1,9,0,18,0,0,0,0,0,0,1,1,1,3,-1,-1,1995,2,6,-1,-1,-1
2018200811703,1,9,0,11,0,0,0,0,0,0,3,1,6,1,36,7,1598,1,16,2,1,2
2018200811703,2,9,0,18,0,0,0,0,0,0,0,1,6,1,50,8,2401,2,13,8,3,8
2018200811714,1,9,0,18,0,0,0,0,0,0,1,1,6,3,-1,-1,-1,-1,-1,-1,-1,-1
2018200811727,1,9,0,4,0,1,0,0,0,0,2,1,6,2,64,9,1364,1,4,6,1,6
2018200811727,2,19,0,3,0,1,0,0,0,0,1,1,1,1,-1,-1,1598,2,2,-1,-1,-1
2018200811728,1,9,0,5,0,0,0,0,0,0,1,1,6,1,54,8,1598,2,3,4,1,4
2018200811748,1,9,0,5,0,6,0,0,0,0,1,1,6,1,74,10,1590,1,13,1,1,1
2018200811748,2,19,0,9,0,5,0,0,0,0,1,1,6,2,24,5,1248,2,1,7,1,7
2018200811752,1,9,0,18,0,0,0,0,0,0,1,1,2,2,56,9,1956,2,4,7,1,7
2018200811752,2,1,0,14,0,0,0,0,0,0,1,1,1,1,15,3,-1,-1,-1,7,1,7
2018200811756,1,9,0,18,0,8,0,0,0,0,1,1,6,1,40,7,1240,1,13,2,1,2
2018200811756,2,9,0,9,0,5,0,0,0,0,4,1,6,1,35,6,1299,1,17,1,1,1
2018200811795,1,9,0,18,0,0,0,4,0,0,4,1,6,2,20,4,998,1,3,2,1,2
2018200811795,2,9,0,2,0,0,0,0,0,0,3,1,6,2,34,6,999,1,16,1,1,1
2018200811799,1,9,0,9,0,1,0,0,0,0,1,1,6,3,-1,-1,-1,-1,-1,-1,-1,-1
2018200811800,1,9,0,18,0,2,0,0,0,0,1,1,6,1,27,6,3189,1,13,1,1,1
2018200811800,2,9,0,3,0,1,0,0,0,0,3,1,6,1,32,6,1995,2,7,1,1,1
2018200811800,3,9,0,18,0,1,0,0,0,0,0,1,1,1,-1,-1,2993,2,-1,-1,-1,-1
2018200811802,1,2,0,18,0,2,0,0,0,0,1,1,1,1,24,5,125,1,-1,1,1,1
2018200811802,2,9,0,3,0,2,0,0,0,0,2,1,2,1,58,9,1461,2,4,6,3,6
2018200811805,1,9,0,9,0,6,0,0,0,0,4,1,1,1,21,5,1242,1,2,3,1,3
2018200811805,2,9,0,18,0,8,0,0,0,0,3,1,3,2,38,7,999,1,1,10,1,10
2018200811812,1,19,0,9,0,5,0,0,0,0,1,1,6,1,26,6,2198,2,5,4,1,4
2018200811812,2,9,0,18,0,8,0,0,0,0,1,1,6,2,32,6,1999,1,4,1,1,1
2018200811813,1,9,0,18,0,6,1,0,0,0,1,1,6,1,-1,-1,2521,1,13,-1,-1,-1
2018200811813,2,9,0,18,0,8,0,10,1,4,3,1,2,2,49,8,1997,2,11,1,1,1
2018200811819,1,9,0,9,0,6,0,0,0,0,1,1,6,3,-1,-1,-1,-1,-1,-1,-1,-1
2018200811819,2,9,0,18,0,8,0,0,0,0,4,1,6,1,30,6,1242,1,14,1,1,1
2018200811821,1,9,0,18,0,0,1,10,2,5,1,1,6,1,27,6,1781,1,15,4,1,4
2018200811825,1,9,0,10,0,8,0,0,0,0,0,1,6,2,-1,-1,-1,-1,-1,-1,-1,-1
2018200811825,2,9,0,9,0,8,0,0,0,0,1,1,2,1,35,6,1896,2,13,1,1,1
2018200811825,3,4,0,18,0,8,0,0,0,0,1,1,2,1,53,8,278,1,1,3,1,3
2018200811826,1,9,0,18,0,0,1,0,0,0,1,1,6,1,50,8,1956,2,4,2,1,2
2018200811826,2,20,1,3,0,0,0,0,0,0,2,1,1,1,38,7,6700,2,1,5,1,5
2018200811837,1,9,0,5,0,6,0,0,0,0,4,1,6,1,69,10,1995,2,13,1,1,1
2018200811837,2,9,0,18,0,8,0,0,0,0,1,1,6,1,51,8,2494,8,3,2,1,2
2018200811840,1,9,0,7,0,6,0,0,0,0,3,1,1,2,27,6,1242,1,6,5,2,5
2018200811840,2,9,0,18,0,8,0,0,0,0,1,1,1,2,42,7,2179,2,5,6,1,6
2018200811847,1,9,0,7,0,5,0,0,0,0,3,1,3,2,33,6,998,1,4,1,1,1
2018200811847,2,1,0,18,0,2,0,0,0,0,1,1,6,1,10,2,-1,-1,-1,2,1,2
2018200811855,1,9,0,18,0,1,0,0,0,0,1,1,6,1,-1,-1,-1,-1,-1,-1,-1,-1
2018200811855,2,9,0,8,0,1,0,0,0,0,2,1,6,2,41,7,1596,1,13,9,1,9
2018200811876,1,9,0,9,0,6,0,0,0,0,1,1,6,2,28,6,1496,1,-1,3,1,3
2018200811876,2,9,0,18,0,8,5,0,0,0,4,1,6,1,40,7,796,1,12,1,1,1
2018200811878,1,1,0,18,0,6,1,0,0,0,1,1,6,1,14,3,-1,-1,-1,1,1,1
2018200811878,2,9,0,18,0,8,0,0,0,0,4,1,6,2,44,7,1200,1,4,4,1,4
2018200811879,1,9,0,18,0,8,0,10,3,2,1,1,6,2,29,6,1398,1,3,3,1,3
2018200811879,2,9,0,2,9,2,0,0,0,0,3,1,6,3,-1,-1,2720,2,13,-1,-1,-1
2018200811882,1,9,0,18,0,1,0,0,0,0,1,1,6,1,84,11,1332,1,9,2,1,2
2018200811882,2,9,0,3,0,1,0,0,0,0,2,1,2,2,29,6,1995,2,6,5,1,5
2018200811889,1,9,0,8,0,1,1,0,0,0,1,1,6,1,35,6,1998,2,12,1,1,1
2018200811889,2,9,0,8,0,1,0,0,0,0,2,1,6,1,62,9,1200,1,1,1,1,1
2018200811916,1,9,0,1,9,6,0,10,7,0,2,1,6,1,28,6,2204,2,12,1,1,1
2018200811916,2,9,0,2,9,8,0,0,0,0,1,1,1,1,40,7,1598,2,3,2,1,2
2018200811916,3,9,0,18,0,2,0,0,0,0,1,1,6,1,61,9,1395,1,1,6,1,6
2018200811921,1,9,0,2,0,0,0,0,0,0,3,1,6,1,36,7,-1,-1,-1,1,1,1
2018200811921,2,9,0,18,0,0,0,0,0,0,4,1,6,3,-1,-1,1995,2,14,-1,-1,-1
2018200811942,1,9,0,9,0,6,0,0,0,0,3,1,6,1,27,6,1248,2,11,4,1,4
2018200811942,2,9,0,18,0,8,0,0,0,0,4,1,6,1,56,9,1596,1,14,2,1,2
2018200811950,1,90,0,12,0,8,0,0,0,0,3,1,1,1,43,7,-1,-1,-1,-1,-1,-1
2018200811950,2,9,0,3,0,8,0,0,0,0,4,1,2,2,56,9,1968,2,11,10,1,10
2018200811977,1,9,0,9,0,6,0,0,0,0,1,1,6,1,-1,-1,1686,2,11,8,1,8
2018200811977,2,9,0,18,0,2,0,0,0,0,3,1,6,1,50,8,1595,1,9,5,1,5
2018200811985,1,9,0,3,0,0,0,0,0,0,3,1,6,1,60,9,1995,2,14,8,1,8
2018200811995,1,9,0,18,0,8,0,0,0,0,1,1,6,1,57,9,1699,1,9,8,1,8
2018200811995,2,9,0,9,0,5,0,0,0,0,4,1,6,2,40,7,1596,1,5,1,1,1
2018200812003,1,9,0,18,0,1,0,0,0,0,1,1,6,1,40,7,-1,-1,-1,6,1,6
2018200812019,1,9,0,18,0,1,0,0,0,0,2,1,2,2,48,8,1598,2,8,5,1,5
2018200812019,2,9,0,18,0,1,0,0,0,0,1,1,6,1,-1,-1,1896,2,15,-1,-1,-1
2018200812038,1,9,0,18,0,1,0,0,0,0,4,1,6,1,26,6,1598,2,4,8,1,8
2018200812055,1,9,0,18,0,8,0,0,0,0,3,1,6,2,21,5,998,1,5,9,1,9
2018200812055,2,9,0,18,0,8,0,0,0,0,1,1,6,2,30,6,1086,1,9,2,1,2
2018200812074,1,9,0,3,0,8,0,0,0,0,4,1,6,1,31,6,1390,1,8,5,1,5
2018200812074,2,9,0,3,0,8,0,0,3,0,1,1,6,1,30,6,1560,2,14,2,1,2
2018200812092,1,9,0,18,0,2,0,10,1,5,1,1,6,1,32,6,4000,1,24,5,1,5
2018200812142,1,9,0,18,0,0,0,0,0,0,0,1,6,2,39,7,998,1,16,3,1,3
2018200812142,2,9,0,18,0,0,0,0,0,0,2,1,6,1,-1,-1,1200,1,3,7,3,7
2018200812152,1,9,0,18,0,8,0,0,0,0,1,1,6,1,29,6,1781,1,18,8,2,8
2018200812152,2,9,0,18,0,6,0,7,8,10,4,1,6,1,20,4,1598,2,7,3,1,3
2018200812176,1,9,0,1,0,6,0,0,0,0,2,1,6,2,49,8,1598,2,6,8,2,8
2018200812186,1,9,0,18,0,8,0,0,0,0,1,1,1,1,58,9,999,1,-1,9,1,9
2018200812186,2,9,0,9,0,8,0,0,0,0,2,1,1,2,21,5,1560,2,6,1,1,1
2018200812196,1,9,0,18,0,1,0,0,0,0,1,1,1,2,49,8,-1,-1,-1,5,1,5
2018200812196,2,9,0,10,0,1,0,0,0,0,2,1,3,2,39,7,1896,2,9,2,1,2
2018200812217,1,9,0,18,0,1,0,0,0,0,2,1,6,2,-1,-1,1461,2,5,-1,-1,-1
2018200812217,2,9,0,3,0,1,0,0,0,0,1,1,6,1,25,5,1796,1,10,8,1,8
2018200812223,1,9,0,18,0,4,0,0,0,0,1,1,6,2,79,11,1398,1,-1,4,1,4
2018200812223,2,19,0,9,0,8,0,0,0,0,4,1,1,1,61,9,2143,2,1,1,1,1
2018200812227,1,9,0,9,0,5,0,0,0,0,4,1,1,1,39,7,1364,2,12,2,1,2
2018200812227,2,9,0,18,0,8,0,0,0,0,1,1,6,1,64,9,1794,1,13,10,1,10
2018200812231,1,9,0,4,0,0,0,0,0,0,2,1,6,2,-1,-1,1339,1,13,-1,-1,-1
2018200812231,2,9,0,18,0,0,0,0,0,0,1,1,6,2,-1,-1,1968,2,10,1,1,1
2018200812243,1,9,0,9,0,2,0,0,0,0,1,1,2,2,29,6,1198,1,6,1,1,1
2018200812339,1,3,0,9,0,6,0,0,0,0,1,1,6,1,33,6,124,1,3,7,1,7
2018200812339,2,9,0,18,0,8,0,0,0,0,1,1,2,1,69,10,1598,2,5,7,3,7
2018200812355,1,9,0,6,0,0,0,0,0,0,1,1,6,1,-1,-1,-1,-1,-1,-1,-1,-1
2018200812355,2,1,0,18,0,0,0,0,0,0,1,1,6,1,41,7,-1,-1,-1,3,1,3
2018200812580,1,9,0,18,0,8,0,0,0,0,1,1,1,1,33,6,-1,-1,-1,-1,-1,-1
2018200812580,2,9,0,18,0,8,0,0,0,0,2,1,1,1,46,8,1968,2,2,1,1,1
2018200812591,1,9,0,17,0,0,0,4,0,0,1,1,6,1,49,8,1388,1,13,3,1,3
2018200812591,2,9,0,2,0,0,0,0,0,0,3,1,6,3,-1,-1,-1,-1,-1,-1,-1,-1
2018200812591,3,9,0,2,0,0,0,4,0,0,2,1,6,3,-1,-1,-1,-1,-1,-1,-1,-1
2018200812591,4,9,0,2,0,0,0,0,0,0,2,1,6,3,-1,-1,-1,-1,-1,-1,-1,-1
2018200812595,1,9,0,7,0,6,0,10,1,11,3,1,6,1,75,10,-1,-1,-1,5,1,5
2018200812595,2,9,0,18,0,2,1,0,0,0,1,1,6,1,33,6,1995,2,16,2,1,2
2018200812597,1,9,0,18,0,1,0,0,0,0,3,1,6,2,26,6,1339,1,9,3,1,3
2018200812597,2,9,0,13,0,1,0,0,0,0,4,1,6,1,-1,-1,1498,1,12,1,1,1
2018200812600,1,9,0,18,0,8,0,0,0,0,1,1,6,3,30,6,-1,-1,-1,-1,-1,-1
2018200812600,2,1,0,10,0,8,0,0,0,0,2,1,5,1,58,9,-1,-1,-1,8,3,8
2018200812605,1,9,0,18,0,8,0,0,0,0,1,1,6,3,-1,-1,-1,-1,-1,-1,-1,-1
2018200812605,2,1,0,18,0,1,0,0,0,0,1,1,6,1,51,8,-1,-1,-1,5,1,5
2018200812615,1,9,0,18,0,1,0,0,0,0,4,1,6,1,32,6,2143,2,1,2,1,2
2018200812637,1,11,0,4,2,0,0,0,0,0,0,1,1,1,61,9,-1,-1,-1,2,1,2
2018200812649,1,9,0,18,0,1,0,0,0,0,1,1,6,1,45,7,1395,1,-1,8,1,8
2018200812649,2,9,0,3,0,1,0,0,0,0,2,1,6,1,44,7,2987,2,4,8,2,8
2018200812654,1,9,0,18,0,8,0,0,0,0,1,1,6,3,30,6,-1,-1,-1,-1,-1,-1
2018200812654,2,9,0,5,0,8,0,0,0,0,2,1,5,1,47,8,-1,-1,-1,1,1,1
2018200812663,1,9,0,9,0,8,0,0,0,0,1,1,6,2,26,6,1997,2,17,3,1,3
2018200812663,2,9,0,18,0,8,0,0,0,0,1,1,6,1,57,9,1999,2,1,9,1,9
2018200812668,1,9,0,3,0,0,0,0,0,0,2,1,6,1,46,8,1797,8,8,2,1,2
2018200812668,2,9,0,3,0,0,0,0,0,0,2,1,2,1,42,7,1597,1,20,5,1,5
2018200812668,3,9,0,18,0,0,0,0,0,0,1,1,6,1,-1,-1,1395,1,2,5,1,5
2018200812677,1,9,0,18,0,0,0,0,1,2,1,1,6,1,32,6,-1,-1,-1,1,1,1
2018200812677,2,9,0,2,9,0,0,0,0,0,1,1,5,2,65,9,1598,1,3,3,1,3
2018200812677,3,9,0,2,9,0,0,0,0,0,2,1,6,1,54,8,-1,-1,-1,3,1,3
2018200812687,1,9,0,1,0,0,0,0,0,0,2,1,5,1,49,8,1797,8,9,1,1,1
2018200812689,1,9,0,7,0,6,0,0,0,0,1,1,6,1,59,9,1364,1,-1,2,1,2
2018200812689,2,9,0,18,0,8,0,0,0,0,4,1,6,2,22,5,1242,1,9,1,1,1
2018200812692,1,9,0,5,0,0,0,0,0,0,3,1,6,3,-1,-1,-1,-1,-1,-1,-1,-1
2018200812699,1,9,0,1,0,6,0,0,0,0,2,1,2,1,18,4,1229,1,9,8,1,8
2018200812699,2,9,0,18,0,8,0,0,0,0,1,1,2,2,38,7,1582,2,5,8,1,8
2018200812704,1,9,0,9,0,5,0,0,0,0,4,1,6,1,31,6,1896,2,16,1,1,1
2018200812704,2,9,0,13,0,8,0,0,0,0,1,1,6,3,-1,-1,-1,-1,-1,-1,-1,-1
2018200812706,1,9,0,17,0,0,0,10,1,2,1,1,6,1,21,5,-1,-1,-1,1,1,1
2018200812726,1,9,0,3,0,1,0,0,0,0,2,1,6,1,-1,-1,-1,-1,-1,-1,-1,-1
2018200812726,2,9,0,18,0,1,0,0,0,0,1,1,6,1,-1,-1,1242,1,14,-1,-1,-1
2018200812733,1,9,0,18,0,6,0,0,0,0,4,1,6,1,27,6,2495,2,16,4,1,4
2018200812733,2,9,0,18,0,8,0,0,0,0,1,1,1,1,33,6,-1,-1,-1,1,1,1