Accident_Index,Vehicle_Reference,Vehicle_Type,Towing_and_Articulation,Vehicle_Manoeuvre,Vehicle_Location-Restricted_Lane,Junction_Location,Skidding_and_Overturning,Hit_Object_in_Carriageway,Vehicle_Leaving_Carriageway,Hit_Object_off_Carriageway,1st_Point_of_Impact,Was_Vehicle_Left_Hand_Drive?,Journey_Purpose_of_Driver,Sex_of_Driver,Age_of_Driver,Age_Band_of_Driver,Engine_Capacity_(CC),Propulsion_Code,Age_of_Vehicle,Driver_IMD_Decile,Driver_Home_Area_Type,Vehicle_IMD_Decile
2018210282275,2,5,0,13,0,1,0,0,0,0,4,1,5,1,37,7,1130,1,15,6,1,6
2018210282288,1,9,0,18,0,4,0,0,0,0,2,1,2,1,74,10,1798,1,10,8,3,8
2018210282288,2,9,0,9,0,4,0,0,0,0,4,1,5,1,25,5,1390,1,4,6,1,6
2018210282454,1,9,-1,-1,-1,-1,-1,-1,-1,0,-1,1,6,1,18,4,1498,1,1,3,1,3
2018210282454,2,9,-1,-1,-1,-1,-1,-1,-1,0,-1,1,6,2,27,6,1364,1,8,7,1,7
2018210282626,1,17,4,17,0,0,0,0,0,0,3,1,1,1,36,7,-1,2,14,6,3,6
2018210282626,2,5,0,16,0,0,5,0,0,0,3,1,5,1,68,10,1441,1,2,9,1,9
2018210282772,1,1,0,18,0,1,0,0,0,0,1,1,4,1,13,3,-1,-1,-1,2,1,2
2018210282772,2,9,0,18,0,1,0,0,0,0,1,1,3,2,49,8,2148,2,9,6,2,6
2018210283274,1,9,0,18,0,0,0,0,0,0,1,1,6,1,27,6,2993,2,2,8,3,8
2018210283274,2,9,0,18,0,0,0,0,0,0,2,1,6,1,29,6,2290,1,15,9,1,9
2018210283274,3,9,0,18,0,0,0,0,0,0,2,1,1,1,28,6,1968,2,5,2,1,2
2018210283274,4,9,0,4,0,0,0,0,0,0,2,1,2,1,29,6,1995,2,6,3,1,3
2018210283550,1,9,0,18,0,0,0,0,0,0,1,1,6,1,33,6,-1,-1,-1,7,1,7
2018210283550,2,1,0,18,0,0,0,0,0,0,1,1,6,1,54,8,-1,-1,-1,8,2,8
2018210283591,1,9,0,18,0,0,2,0,4,0,1,1,6,1,41,7,1598,1,12,6,1,6
2018210283670,1,9,0,18,0,0,0,0,0,0,1,1,6,1,49,8,2993,2,14,1,1,1
2018210283670,2,9,0,18,0,0,0,0,0,0,1,1,6,1,68,10,999,1,5,10,1,10
2018210283731,1,9,0,5,0,1,0,0,0,0,4,1,6,2,42,7,1229,1,6,9,2,9
2018210283731,2,9,0,18,0,1,0,0,0,0,1,1,6,1,69,10,1248,1,7,5,3,5
2018210283738,1,9,0,18,0,0,0,0,0,0,3,1,1,2,24,5,999,1,2,10,1,10
2018210283738,2,1,0,18,0,0,0,0,0,0,1,1,6,1,50,8,-1,-1,-1,10,1,10
2018210283744,1,9,0,18,0,0,0,0,0,0,1,1,6,2,41,7,1229,1,4,1,1,1
2018210283744,2,9,0,18,0,0,0,0,0,0,2,1,6,1,31,6,1968,2,10,4,1,4
2018210283744,3,9,0,18,0,0,0,0,0,0,2,1,6,1,31,6,1193,1,5,4,1,4
2018210283744,4,9,0,18,0,0,0,0,0,0,2,1,2,1,22,5,-1,-1,-1,2,1,2
2018210283812,1,9,0,9,0,0,0,0,0,0,1,1,5,1,39,7,1995,2,2,8,2,8
2018210283835,1,9,0,17,0,1,5,0,1,0,1,1,6,2,35,6,1587,1,19,2,1,2
2018210283835,2,9,0,18,0,1,0,0,0,0,0,1,1,2,-1,-1,1956,2,1,8,1,8
2018210283895,1,9,0,18,0,0,0,0,0,0,4,1,5,1,52,8,2143,2,4,5,1,5
2018210283895,2,9,0,18,0,0,0,0,0,0,3,1,5,1,49,8,2494,8,2,6,3,6
2018210283911,1,9,0,16,0,0,2,0,7,0,3,1,6,1,30,6,1587,1,15,4,1,4
2018210283914,1,9,0,8,0,7,0,0,0,0,2,1,6,1,22,5,1390,1,5,7,1,7
2018210283914,2,9,0,5,0,7,0,0,0,0,1,1,2,1,34,6,1896,2,16,6,1,6
2018210283967,1,9,0,5,0,8,0,0,0,0,1,1,5,1,18,4,1229,1,12,5,1,5
2018210283967,2,9,0,18,0,8,0,0,0,0,4,1,1,1,61,9,1598,1,8,9,1,9
2018210284054,1,9,0,9,0,0,0,0,0,0,1,1,6,1,67,10,2143,2,3,3,1,3
2018210284054,2,9,0,18,0,0,0,0,0,0,1,1,6,2,69,10,1200,1,2,8,2,8
2018210284094,1,9,0,18,0,8,0,0,0,0,1,1,6,1,30,6,1999,1,17,2,1,2
2018210284094,2,9,0,18,0,8,0,0,0,0,1,1,6,1,32,6,1956,2,4,5,1,5
2018210284217,1,9,0,18,0,5,0,0,0,0,4,1,6,1,26,6,2179,2,6,2,1,2
2018210284294,1,9,0,7,0,0,0,0,0,0,1,1,6,2,70,10,998,1,2,3,1,3
2018210284294,2,9,0,9,0,0,0,0,0,0,3,1,6,2,38,7,1598,1,9,8,1,8
2018210284542,1,9,0,18,0,0,1,0,0,0,4,1,5,1,19,4,998,1,1,8,1,8
2018210284542,2,9,0,18,0,0,0,0,0,0,4,1,6,1,38,7,1956,2,6,6,1,6
2018210284542,3,9,0,18,0,0,0,0,0,0,1,1,6,2,35,6,1799,1,12,2,1,2
2018210284542,4,9,0,2,0,0,0,0,0,0,3,1,1,1,40,7,2993,2,-1,-1,-1,-1
2018210284630,1,9,0,4,0,0,0,0,0,0,1,1,6,1,49,8,2987,2,10,9,1,9
2018210284630,2,9,0,4,0,0,0,0,0,0,2,1,6,1,77,11,1998,1,13,9,1,9
2018210284658,1,9,0,7,0,1,0,0,0,0,1,1,6,1,22,5,1781,1,18,1,1,1
2018210284658,2,9,0,8,0,1,0,0,0,0,2,1,6,3,-1,-1,-1,-1,-1,2,1,2
2018210284695,1,9,0,18,0,0,0,0,0,0,4,1,1,1,31,6,1995,2,7,1,1,1
2018210284695,2,98,0,2,0,0,0,0,0,0,3,1,6,3,-1,-1,-1,-1,-1,-1,-1,-1
2018210284725,1,9,0,18,0,0,0,0,0,0,1,1,6,1,48,8,1968,2,9,1,1,1
2018210284725,2,9,0,18,0,0,0,0,0,0,2,1,6,2,25,5,1364,1,1,2,2,2
2018210284725,3,9,0,18,0,0,0,0,0,0,2,1,6,1,54,8,2231,2,3,1,1,1
2018210284823,1,5,0,16,0,0,1,0,0,0,1,1,6,1,27,6,599,1,10,3,1,3
2018210284823,2,9,0,17,0,0,0,0,0,0,1,1,6,2,38,7,1339,1,8,6,3,6
2018210284977,1,9,0,3,0,0,0,0,0,0,2,1,6,1,53,8,1461,2,4,1,1,1
2018210284977,2,3,0,3,0,0,0,0,0,0,1,1,6,1,22,5,124,1,21,3,1,3
2018210284977,3,9,0,2,0,0,0,0,0,0,2,1,5,1,50,8,-1,-1,-1,1,1,1
2018210284977,4,9,0,2,0,0,0,0,0,0,2,1,5,1,28,6,1997,2,11,1,1,1
2018210285061,1,19,0,18,0,0,0,0,0,0,1,1,1,1,27,6,1598,2,1,1,1,1
2018210285061,2,9,0,4,0,0,0,0,0,0,1,1,2,2,62,9,1910,2,16,2,1,2
2018210285115,1,3,0,13,0,1,0,0,0,0,1,1,2,1,27,6,124,1,3,1,1,1
2018210285115,2,9,0,9,0,1,0,0,0,0,2,1,6,1,82,11,1798,8,2,2,1,2
2018210285118,1,9,0,16,0,0,0,0,0,0,3,1,6,1,30,6,998,1,3,8,2,8
2018210285118,2,9,0,17,0,0,0,0,0,0,-1,1,6,1,21,5,1197,1,6,9,1,9
2018210285213,1,9,0,9,0,1,0,0,0,0,3,1,6,1,94,11,996,1,8,10,3,10
2018210285213,2,9,0,18,0,1,0,0,0,0,1,1,6,1,62,9,1242,1,4,3,1,3
2018210285250,1,17,0,18,0,0,0,0,0,0,1,1,1,1,46,8,-1,2,14,10,2,10
2018210285522,1,9,0,3,0,1,0,0,0,0,1,1,6,1,25,5,1198,1,9,1,1,1
2018210285522,2,9,0,18,0,8,0,0,0,0,1,1,6,1,39,7,1986,2,13,1,1,1
2018210285522,3,9,0,3,0,1,0,0,0,0,0,1,2,1,66,10,2993,2,7,2,1,2
2018210285542,1,19,-1,9,0,8,0,0,0,0,3,1,6,3,-1,-1,2198,2,10,-1,-1,-1
2018210285542,2,5,-1,13,0,8,0,0,0,0,-1,1,6,2,54,8,649,1,1,5,1,5
2018210285625,1,9,0,18,0,0,0,0,0,0,3,1,1,1,39,7,1368,1,8,6,1,6
2018210285625,2,90,0,18,0,0,0,4,1,0,2,1,1,2,48,8,-1,-1,-1,4,1,4
2018210285960,1,9,0,18,0,0,0,0,0,0,1,1,6,1,49,8,1797,8,8,1,1,1
2018210285971,1,9,0,5,0,8,0,0,0,0,1,1,6,1,33,6,1796,1,14,1,1,1
2018210285971,2,9,0,18,0,1,0,0,0,0,1,1,6,2,25,5,1968,2,6,2,1,2
2018210285982,1,9,0,18,0,0,0,11,0,0,4,1,6,3,-1,-1,-1,-1,-1,-1,-1,-1
2018210286005,1,8,0,18,0,1,0,0,0,0,1,1,6,1,45,7,1998,2,5,7,1,7
2018210286005,2,1,0,18,4,1,0,0,0,0,2,1,1,1,22,5,-1,-1,-1,1,1,1
2018210286010,1,9,0,9,0,1,0,0,0,0,4,1,6,2,23,5,998,1,8,7,1,7
2018210286010,2,9,0,18,0,1,0,0,0,0,1,1,6,1,50,8,1988,2,13,6,1,6
2018210286125,1,9,0,18,0,0,0,0,0,0,1,1,6,1,24,5,1796,1,16,-1,-1,-1
2018210286125,2,9,0,18,0,0,0,0,0,0,2,1,6,1,29,6,1998,1,16,2,1,2
2018210286279,1,9,-1,18,-1,0,-1,-1,-1,0,-1,1,6,1,22,5,2993,2,4,5,1,5
2018210286477,1,9,0,18,0,0,1,0,1,0,1,1,5,1,22,5,3189,1,12,6,3,6
2018210286477,2,9,0,18,0,0,0,0,0,0,1,1,5,1,44,7,1598,1,17,8,2,8
2018210286762,1,19,0,9,0,3,0,0,0,0,3,1,1,1,40,7,-1,-1,-1,-1,-1,-1
2018210286762,2,9,0,18,0,3,0,0,0,0,1,1,5,2,41,7,2204,2,9,7,3,7
2018210286806,1,9,0,18,0,0,0,0,0,0,1,1,6,3,-1,-1,1422,2,16,-1,-1,-1
2018210286806,2,21,0,3,0,0,0,0,0,0,2,1,1,1,38,7,2287,2,1,1,1,1
2018210286818,1,9,0,18,0,0,0,0,0,0,1,1,6,1,46,8,1197,1,1,8,1,8
2018210286818,2,21,0,18,0,0,0,0,0,0,2,1,6,1,52,8,5861,2,22,7,3,7
2018210286844,1,9,0,18,0,1,0,0,0,0,1,1,6,2,66,10,-1,-1,-1,8,1,8
2018210286844,2,9,0,3,0,1,0,0,0,0,2,1,6,2,41,7,1560,2,6,4,1,4
2018210286844,3,9,0,10,0,1,0,0,0,0,2,1,6,1,46,8,1399,1,1,8,3,8
2018210286855,1,9,0,1,0,1,0,0,0,0,2,1,6,3,-1,-1,-1,-1,-1,-1,-1,-1
2018210286855,2,9,0,10,0,1,0,0,0,0,1,1,1,1,-1,-1,1598,2,1,2,1,2
2018210286865,1,9,0,18,0,0,0,0,0,0,4,1,5,1,95,11,1598,1,16,7,1,7
2018210286865,2,11,0,18,0,0,0,0,0,0,1,1,1,1,44,7,6700,2,10,6,1,6
2018210286887,1,98,0,18,0,0,0,0,0,0,1,1,2,1,-1,-1,-1,-1,-1,-1,-1,-1
2018210286887,2,9,0,2,0,0,0,0,0,0,2,1,6,1,32,6,1196,1,21,6,1,6
2018210286992,1,9,0,9,0,8,0,0,0,0,3,1,6,2,55,8,1995,2,7,6,1,6
2018210286992,2,9,0,18,0,8,0,0,0,0,1,1,6,2,31,6,2993,2,10,8,1,8
2018210287005,1,9,0,18,0,1,0,0,0,0,1,1,5,2,33,6,1598,2,6,7,1,7
2018210287005,2,9,0,18,0,8,0,0,0,0,1,1,5,1,51,8,1968,2,6,3,1,3
2018210287201,1,9,0,18,9,0,1,0,1,0,1,1,6,1,18,4,1299,1,15,8,2,8
2018210287590,1,9,0,18,0,1,0,0,0,0,1,1,6,1,38,7,1991,8,1,3,1,3
2018210287740,1,9,0,9,0,5,0,0,0,0,2,1,6,2,49,8,998,1,18,3,3,3
2018210287740,2,9,0,9,0,5,0,0,0,0,2,1,6,1,33,6,998,1,10,2,1,2
2018210287855,1,-1,-1,18,0,1,0,0,0,0,-1,1,6,3,56,9,-1,-1,-1,-1,-1,-1
2018210287855,2,19,0,18,0,1,1,0,0,0,3,1,6,1,45,7,1560,2,11,5,3,5
2018210287962,1,9,0,18,0,0,0,0,0,0,1,1,6,1,-1,-1,1896,2,15,-1,-1,-1
2018210287962,2,9,0,10,0,0,0,0,0,0,2,1,3,1,48,8,-1,-1,-1,1,1,1
2018210287975,1,9,0,18,0,0,0,0,0,0,4,1,6,1,79,11,1242,1,6,9,1,9
2018210288004,1,20,1,2,6,0,0,0,0,0,2,1,6,1,56,9,4250,2,8,2,1,2
2018210288004,2,21,-1,11,0,0,0,0,0,0,1,1,6,1,46,8,10518,2,7,9,1,9
2018210288004,3,21,-1,18,0,0,0,0,0,0,2,1,6,1,50,8,12740,2,6,1,1,1
2018210288004,4,9,-1,18,0,0,0,0,0,0,1,1,6,1,19,4,1598,1,12,-1,1,-1
2018210288051,1,9,0,18,0,0,5,0,2,0,4,1,6,1,21,5,1242,1,6,2,1,2
2018210288090,1,9,0,8,0,0,0,0,0,0,1,1,6,1,54,8,998,1,9,7,1,7
2018210288090,2,9,0,18,0,0,0,0,0,0,1,1,6,2,34,6,1598,1,12,3,3,3
2018210288103,1,9,0,18,0,0,0,0,0,0,1,1,6,1,24,5,-1,-1,-1,1,1,1
2018210288103,2,9,0,18,0,0,0,0,0,0,1,1,6,1,34,6,-1,-1,-1,8,1,8
2018210288110,1,9,0,18,0,0,0,0,0,0,1,1,6,1,20,4,1686,2,13,8,1,8
2018210288110,2,9,0,18,0,0,0,0,0,0,1,1,1,1,40,7,998,1,20,1,1,1
2018210288120,1,9,0,18,0,1,0,0,0,0,1,1,6,1,30,6,-1,-1,-1,3,2,3
2018210288120,2,19,0,18,0,1,0,0,0,0,2,1,6,1,55,8,2198,2,3,1,1,1
2018210288121,1,19,0,18,0,0,0,0,0,0,1,1,1,1,56,9,2143,2,2,7,1,7
2018210288121,2,19,0,18,0,0,0,0,0,0,1,1,1,1,44,7,1248,2,6,9,3,9
2018210288124,1,9,0,16,0,0,1,0,0,0,1,1,6,2,39,7,1560,2,5,5,3,5
2018210288124,2,9,0,17,0,0,1,0,0,0,1,1,6,1,49,8,1390,1,17,3,1,3
2018210288125,1,9,0,18,0,1,0,0,0,0,2,1,6,2,23,5,1242,1,7,6,1,6
2018210288125,2,9,0,18,0,1,0,0,0,0,1,1,6,1,43,7,1686,2,8,1,1,1
2018210288126,1,9,0,18,0,0,0,0,0,0,1,1,6,1,29,6,1461,2,5,2,1,2
2018210288126,2,9,0,10,0,0,0,0,0,0,2,1,6,2,42,7,1598,1,12,3,1,3
2018210288276,1,9,0,3,0,0,0,0,0,0,1,1,6,1,62,9,1896,2,15,4,3,4
2018210288276,2,1,0,18,0,0,0,0,0,0,4,1,6,1,51,8,-1,-1,-1,5,1,5
2018210288345,1,98,0,4,0,1,0,0,0,0,0,1,6,3,-1,-1,-1,-1,-1,-1,-1,-1
2018210288345,2,19,0,4,0,1,0,0,0,0,2,1,2,1,24,5,2198,2,4,7,2,7
2018210288345,3,9,0,4,0,1,0,0,0,0,1,1,6,2,28,6,1998,1,13,2,1,2
2018210288361,1,9,0,16,0,8,0,0,0,0,1,1,6,2,78,11,1499,2,2,7,3,7
2018210288361,2,9,0,18,0,2,0,0,0,0,2,1,6,1,55,8,1496,1,3,10,1,10
2018210288389,1,9,0,18,0,2,0,0,0,0,1,1,6,1,53,8,2231,2,10,6,3,6
2018210288389,2,1,0,9,0,2,0,0,0,0,1,1,6,1,11,3,-1,-1,-1,7,1,7
2018210288407,1,9,0,18,0,0,0,0,7,0,1,1,6,2,19,4,998,1,9,5,1,5
2018210288451,1,9,0,18,0,0,0,0,0,0,3,1,6,1,31,6,1753,2,10,9,2,9
2018210288451,2,9,0,18,0,0,0,0,0,0,2,1,6,1,27,6,-1,-1,-1,9,2,9
2018210288451,3,9,0,18,0,0,0,0,0,0,2,1,1,1,37,7,-1,-1,-1,5,2,5
2018210288454,1,9,0,13,0,8,0,0,0,0,3,1,6,1,21,5,1598,1,5,9,1,9
2018210288454,2,1,0,12,0,8,0,0,0,0,1,1,6,1,51,8,-1,-1,-1,8,1,8
2018210288454,3,1,0,18,0,2,0,0,0,0,1,1,6,2,56,9,-1,-1,-1,2,1,2
2018210288552,1,9,0,18,0,0,0,0,0,0,1,1,6,3,-1,-1,-1,-1,-1,-1,-1,-1
2018210288708,1,9,0,9,0,1,0,0,0,0,3,1,6,1,36,7,1686,2,5,3,1,3
2018210288708,2,9,0,18,0,1,0,0,0,0,4,1,6,2,66,10,1198,1,4,5,1,5
2018210289057,1,9,0,18,0,8,0,0,0,0,3,1,6,1,19,4,1149,1,11,2,1,2
2018210289057,2,9,0,18,0,1,0,0,0,0,3,1,6,1,51,8,1997,2,3,9,1,9
2018210289103,1,9,0,17,0,0,5,0,1,0,4,1,5,1,21,5,1398,1,5,9,1,9
2018210289108,1,9,0,18,0,0,0,0,0,0,1,1,6,2,20,4,-1,-1,-1,-1,-1,-1
2018210289108,2,9,0,18,0,0,0,0,0,0,2,1,6,1,19,4,-1,-1,-1,7,2,7
2018210289109,1,9,-1,18,0,1,0,0,0,0,-1,1,6,1,-1,-1,1896,2,17,3,1,3
2018210289109,2,10,0,3,0,1,0,0,0,0,2,1,1,1,-1,-1,1968,2,6,1,1,1
2018210289109,3,9,0,3,0,1,0,0,0,0,2,1,1,1,30,6,1560,2,11,-1,-1,-1
2018210289109,4,9,0,3,0,1,0,0,0,0,2,1,6,1,29,6,1995,2,5,6,-1,6
2018210289128,1,9,0,18,0,0,0,0,0,0,1,1,6,1,32,6,2143,2,9,2,1,2
2018210289128,2,19,0,18,0,0,0,0,0,0,1,1,6,1,56,9,1910,2,15,1,1,1
2018210289154,1,9,0,18,0,0,5,0,1,0,1,1,6,1,24,5,-1,-1,-1,1,1,1
2018210289163,1,9,0,18,0,0,0,0,0,0,1,1,1,1,23,5,1198,1,8,2,1,2
2018210289163,2,8,0,18,0,0,0,0,0,0,1,1,6,1,54,8,-1,-1,-1,1,1,1
2018210289212,1,9,0,9,0,1,0,0,0,0,1,1,6,1,18,4,1995,1,13,1,1,1
2018210289212,2,9,0,2,0,2,0,0,0,0,2,1,6,1,58,9,2231,2,12,1,1,1
2018210289243,1,1,0,4,0,0,5,0,0,0,1,1,6,1,39,7,-1,-1,-1,1,1,1
2018210289243,2,9,0,4,0,0,0,0,0,0,2,1,6,1,-1,-1,-1,-1,-1,-1,-1,-1
2018210289345,1,9,0,9,0,0,0,0,0,0,3,1,1,1,61,9,1968,2,5,3,2,3
2018210289345,2,3,0,18,0,0,0,0,0,0,1,1,6,1,21,5,125,1,2,6,1,6
2018210289424,1,9,0,18,0,0,0,0,0,0,1,1,6,2,19,4,998,1,7,7,3,7
2018210289424,2,9,0,3,0,0,0,0,0,0,2,1,6,1,64,9,1998,2,11,10,3,10
2018210289454,1,9,0,12,0,0,0,0,0,0,2,1,2,1,35,6,1560,2,3,5,1,5
2018210289454,2,10,0,18,0,0,0,0,0,0,2,1,1,2,26,6,2148,2,12,2,1,2
2018210289454,3,90,0,18,0,0,0,0,0,0,1,1,1,1,33,6,-1,-1,-1,5,1,5
2018210289454,4,9,0,4,0,0,0,0,0,0,2,1,1,1,34,6,1149,1,11,1,1,1
2018210289454,5,9,0,18,0,0,0,0,0,0,1,1,1,1,39,7,-1,-1,-1,6,1,6
2018210289467,1,9,0,7,0,1,0,0,0,0,1,1,6,1,70,10,1797,1,26,5,1,5
2018210289516,1,9,0,9,0,8,0,0,0,0,1,1,5,1,38,7,1685,2,1,1,1,1
2018210289516,2,9,0,18,0,8,0,0,0,0,1,1,5,1,39,7,998,1,8,1,1,1
2018210289583,1,9,0,18,0,4,0,0,0,0,1,1,6,2,39,7,1496,2,2,5,1,5
2018210289583,2,9,0,18,0,4,0,0,0,0,1,1,6,1,53,8,1968,2,1,5,1,5
2018210289601,1,11,0,9,0,1,0,0,0,0,1,1,1,1,64,9,2402,2,11,1,1,1
2018210289601,2,9,0,18,0,8,0,0,0,0,3,1,6,2,37,7,1598,1,15,1,1,1
2018210289606,1,9,0,18,0,1,0,0,0,0,1,1,6,2,26,6,1197,1,2,10,1,10
2018210289647,1,9,0,17,0,0,1,0,1,11,4,1,6,1,63,9,1461,2,10,2,1,2
2018210289692,1,9,0,9,0,8,0,0,0,0,1,1,6,1,29,6,998,1,15,8,1,8
2018210289692,2,9,0,18,0,8,0,0,0,0,1,1,1,2,51,8,1400,1,8,4,1,4
2018210289798,1,9,0,13,0,0,1,0,0,0,1,1,6,1,33,6,1360,1,11,2,1,2
2018210289798,2,9,0,18,0,0,0,0,0,0,3,1,5,2,17,4,1086,1,12,9,1,9
2018210289798,3,3,0,18,0,0,0,0,1,0,2,1,6,1,65,9,123,1,2,2,1,2
2018210289825,1,9,0,18,0,2,0,0,0,0,1,1,6,1,24,5,1896,2,14,6,1,6
2018210289825,2,9,0,18,0,1,0,0,0,0,2,1,6,1,70,10,-1,-1,-1,3,1,3
2018210289832,1,9,0,18,0,0,0,0,0,0,3,1,6,1,73,10,1598,1,9,8,1,8
2018210289832,2,9,0,2,6,0,0,0,0,0,2,1,6,1,27,6,1999,8,2,2,1,2
2018210289858,1,9,0,16,0,0,0,0,7,0,3,1,6,2,23,5,1595,1,1,9,1,9
2018210290035,1,9,0,18,0,1,0,0,0,0,1,1,6,1,31,6,2179,2,5,3,1,3
2018210290035,2,19,0,3,0,2,0,0,0,0,2,1,2,2,53,8,1868,2,16,9,1,9
2018210290142,1,9,0,18,0,0,0,0,0,0,1,1,6,3,-1,-1,1108,1,14,-1,-1,-1
2018210290142,2,9,0,3,0,0,0,0,0,0,2,1,6,1,32,6,1560,2,8,1,1,1
2018210290299,1,9,0,18,0,0,5,0,0,0,1,1,5,2,33,6,1560,2,10,2,1,2
2018210290299,2,9,0,18,0,0,1,0,1,0,1,1,5,1,75,10,2753,1,40,6,3,6
2018210290353,1,3,0,18,0,0,0,0,-1,0,1,1,1,1,18,4,124,1,11,5,1,5
2018210290353,2,9,0,9,0,0,0,0,-1,0,2,1,1,1,24,5,1198,1,5,7,3,7
2018210290358,1,9,0,14,0,0,0,4,0,0,4,1,5,1,72,10,1597,1,9,4,1,4
2018210290358,2,9,0,18,0,0,0,11,0,0,3,1,1,1,44,7,1598,2,6,8,3,8
2018210290358,3,9,0,2,0,0,0,0,0,0,1,1,6,3,-1,-1,1598,2,2,-1,-1,-1
2018210290392,1,9,0,18,0,0,0,0,0,0,1,1,6,2,29,6,1461,2,8,7,1,7
2018210290399,1,9,0,18,0,4,0,0,0,0,-1,1,5,1,77,11,1598,2,6,8,3,8
2018210290399,2,9,0,18,0,4,0,0,0,0,-1,1,1,1,52,8,1461,2,3,4,1,4
2018210290663,1,9,0,3,0,1,0,0,0,0,1,1,6,2,27,6,1339,1,9,10,1,10
2018210290663,2,9,0,3,0,1,0,0,0,0,2,1,6,1,26,6,-1,-1,-1,4,3,4
2018210290692,1,9,0,5,0,4,0,0,0,0,1,1,6,1,53,8,1560,2,14,2,1,2
2018210290692,2,9,0,4,0,4,0,0,0,0,2,1,6,1,35,6,1968,2,7,-1,-1,-1
2018210290743,1,9,0,9,0,6,1,0,2,11,1,1,5,1,33,6,1798,1,11,5,1,5
2018210290743,2,9,0,18,0,8,1,0,2,11,1,1,5,1,48,8,1364,1,3,3,1,3
2018210290920,1,9,0,18,0,0,0,0,0,0,1,1,6,2,33,6,1399,1,10,5,1,5
2018210290920,2,5,0,18,0,0,0,0,0,0,4,1,6,1,45,7,1690,1,2,5,1,5
2018210290937,1,9,0,18,0,0,0,0,0,0,1,1,6,2,-1,-1,1618,1,6,8,3,8
2018210290937,2,9,0,3,0,0,0,0,0,0,2,1,6,2,48,8,1796,1,14,6,2,6
2018210290937,3,9,0,3,0,0,0,0,0,0,2,1,6,1,70,10,1998,2,6,10,3,10
2018210290959,1,9,0,18,0,0,0,0,0,0,3,1,6,1,59,9,1685,2,2,10,2,10
2018210290959,2,9,0,18,0,0,0,0,0,0,3,1,6,1,85,11,1560,2,7,9,2,9
2018210291079,1,9,0,9,0,5,0,0,0,0,1,1,1,1,37,7,-1,-1,-1,1,1,1
2018210291079,2,9,0,9,0,5,0,0,0,0,2,1,1,2,44,7,1910,2,13,1,1,1
2018210291250,1,9,0,5,0,0,0,0,0,0,4,1,6,1,36,7,1329,1,7,1,1,1
2018210291250,2,3,0,18,0,0,0,0,0,0,1,1,6,1,22,5,124,1,10,1,1,1
2018210291271,1,9,0,18,0,0,0,0,0,0,0,1,6,2,32,6,1364,1,2,10,3,10
2018210291271,2,21,0,18,0,0,0,0,0,0,3,1,1,1,40,7,12902,2,2,1,1,1
2018210291325,1,19,0,1,0,0,0,0,0,0,2,1,6,1,33,6,2402,2,16,2,1,2
2018210291325,2,9,0,18,0,0,0,0,0,0,4,1,6,2,26,6,1560,2,5,1,1,1
2018210291559,1,9,0,1,0,0,0,0,0,0,2,1,6,2,27,6,1597,1,10,7,3,7
2018210291575,1,9,0,7,0,8,0,0,0,0,1,1,6,1,44,7,1975,1,13,3,1,3
2018210291575,2,9,0,18,0,8,0,0,0,0,1,1,6,1,54,8,1956,2,6,5,1,5
2018210291657,1,9,0,9,0,6,0,0,0,0,1,1,5,2,29,6,-1,-1,-1,5,1,5
2018210291657,2,8,0,18,0,1,0,0,0,0,4,1,6,1,49,8,1896,2,9,7,1,7
2018210291872,1,9,0,18,0,4,0,11,0,0,1,1,6,1,68,10,2148,2,10,9,2,9
2018210291941,1,9,-1,9,-1,1,-1,-1,-1,0,-1,1,6,1,34,6,-1,-1,-1,2,1,2
2018210291959,1,9,-1,9,0,1,0,0,0,0,1,1,5,1,34,6,1998,2,9,1,1,1
2018210291959,2,9,0,18,0,1,1,0,0,0,-1,1,5,1,35,6,998,1,6,-1,-1,-1
2018210291959,3,9,-1,18,0,1,0,0,0,0,-1,1,5,1,61,9,1296,1,-1,7,1,7
2018210291985,1,9,0,5,0,0,0,0,0,0,0,1,6,3,20,4,-1,-1,-1,-1,-1,-1
2018210292000,1,9,0,18,0,0,0,0,0,0,0,1,6,1,49,8,1956,2,4,3,1,3
2018210292316,1,9,0,9,0,5,0,0,0,0,1,1,2,1,26,6,-1,-1,-1,2,1,2
2018210292400,1,9,0,3,0,0,0,0,0,0,1,1,6,1,-1,-1,1998,1,14,-1,-1,-1
2018210292400,2,9,0,4,0,0,0,0,0,0,2,1,6,2,29,6,1995,2,12,3,1,3
2018210292453,1,9,0,18,0,0,0,0,0,0,1,1,6,1,26,6,1461,2,8,5,1,5
2018210292545,1,9,0,9,0,0,0,0,0,0,1,1,6,2,28,6,2148,2,10,4,1,4
2018210292545,2,9,0,18,0,0,0,0,0,0,1,1,6,2,25,5,1590,1,3,2,1,2
2018210292774,1,9,0,18,0,0,1,0,0,0,1,1,5,1,23,5,1242,1,15,-1,1,-1
2018210292774,2,9,0,18,0,0,1,0,0,0,2,1,6,2,40,7,1461,2,4,5,-1,5
2018210292774,3,9,0,4,0,0,0,0,0,0,-1,1,6,1,40,7,1968,2,7,2,1,2
2018210292774,4,9,0,18,0,0,1,0,0,0,-1,1,6,1,39,7,1364,1,11,3,1,3