Accident_Index,Vehicle_Reference,Vehicle_Type,Towing_and_Articulation,Vehicle_Manoeuvre,Vehicle_Location-Restricted_Lane,Junction_Location,Skidding_and_Overturning,Hit_Object_in_Carriageway,Vehicle_Leaving_Carriageway,Hit_Object_off_Carriageway,1st_Point_of_Impact,Was_Vehicle_Left_Hand_Drive?,Journey_Purpose_of_Driver,Sex_of_Driver,Age_of_Driver,Age_Band_of_Driver,Engine_Capacity_(CC),Propulsion_Code,Age_of_Vehicle,Driver_IMD_Decile,Driver_Home_Area_Type,Vehicle_IMD_Decile
2018210292950,1,9,0,18,0,2,0,0,0,0,4,1,6,2,67,10,1686,2,5,7,1,7
2018210292990,1,5,0,18,0,0,0,0,0,0,1,1,6,1,52,8,599,1,15,2,1,2
2018210292990,2,19,0,18,0,0,0,0,0,0,1,1,6,1,78,11,1753,2,13,5,3,5
2018210292990,3,19,0,18,0,0,0,0,1,0,1,1,6,1,51,8,2143,2,6,6,3,6
2018210293009,1,9,0,17,0,0,0,10,1,0,1,1,5,1,52,8,1296,1,11,2,1,2
2018210293009,2,19,0,18,0,0,0,0,0,0,3,1,5,1,54,8,1870,2,13,3,1,3
2018210293028,1,9,0,18,0,1,0,0,0,0,1,1,6,2,75,10,1396,1,7,7,3,7
2018210293028,2,9,0,9,0,1,0,0,0,0,4,1,6,1,79,11,1598,1,9,7,3,7
2018210293208,1,9,0,1,0,0,0,0,0,0,2,1,6,2,72,10,1596,1,6,10,2,10
2018210293215,1,19,0,3,0,0,0,0,0,0,3,1,1,1,50,8,2287,2,7,3,1,3
2018210293230,1,9,0,7,0,1,0,0,0,0,1,1,6,2,63,9,1582,2,10,2,1,2
2018210293230,2,9,0,18,-1,-1,-1,-1,-1,0,-1,1,6,1,48,8,-1,-1,-1,7,2,7
2018210293250,1,9,0,18,0,0,0,0,0,0,1,1,6,2,39,7,1598,1,8,6,1,6
2018210293250,2,9,0,18,0,0,0,0,0,0,1,1,6,2,71,10,1596,1,8,6,1,6
2018210293293,1,9,0,5,0,8,0,0,0,0,4,1,2,1,29,6,1997,1,11,9,1,9
2018210293293,2,21,0,18,0,1,0,0,0,0,1,1,1,1,40,7,-1,-1,-1,9,1,9
2018210293293,3,9,0,18,0,1,0,0,0,0,1,1,6,1,27,6,1229,1,4,3,1,3
2018210293293,4,9,0,18,0,1,0,0,0,0,3,1,6,2,42,7,-1,-1,-1,9,1,9
2018210293299,1,19,0,9,0,2,0,0,0,0,1,1,6,1,58,9,1686,2,14,8,1,8
2018210293299,2,9,-1,10,-1,-1,-1,-1,-1,0,-1,1,6,2,48,8,1998,1,13,8,1,8
2018210293341,1,9,0,9,0,6,0,0,0,0,1,1,6,1,35,6,1499,2,-1,2,1,2
2018210293341,2,9,0,7,0,8,0,0,0,0,3,1,6,1,71,10,1598,1,14,2,1,2
2018210293370,1,8,0,4,0,0,1,0,0,0,1,1,1,1,40,7,1995,2,2,1,1,1
2018210293396,1,9,0,18,0,4,1,0,0,0,-1,1,6,2,44,7,1108,1,15,1,1,1
2018210293396,2,9,0,18,0,1,1,0,0,0,-1,1,1,1,24,5,1968,2,4,1,1,1
2018210293398,1,9,-1,-1,-1,0,-1,-1,-1,0,-1,1,1,1,30,6,1229,1,12,3,1,3
2018210293403,1,5,0,11,0,0,1,0,0,0,1,1,5,1,52,8,1000,1,9,7,1,7
2018210293403,2,9,0,17,0,0,0,0,0,0,2,1,5,1,48,8,998,1,4,4,1,4
2018210293426,1,9,0,9,0,6,0,0,0,0,1,1,5,2,66,10,1598,1,8,6,1,6
2018210293426,2,9,0,18,0,2,0,0,0,0,1,1,5,1,47,8,1461,2,4,6,2,6
2018210293428,1,9,0,18,0,1,0,0,0,0,3,1,5,1,23,5,1598,1,3,7,1,7
2018210293467,1,9,0,18,0,0,0,0,0,0,1,1,6,3,30,6,1390,1,15,-1,-1,-1
2018210293467,2,9,0,18,0,0,0,0,0,0,2,1,2,2,26,6,998,1,2,1,1,1
2018210293467,3,9,0,2,0,0,0,0,0,0,0,1,6,1,69,10,2199,2,8,1,1,1
2018210293540,1,9,0,5,0,4,0,0,0,0,1,1,6,1,23,5,1995,2,4,2,1,2
2018210293540,2,9,0,4,0,4,0,0,0,0,2,1,6,1,60,9,1968,2,10,10,1,10
2018210293619,1,9,-1,18,0,0,0,0,0,0,-1,1,6,1,-1,-1,1368,1,11,3,1,3
2018210293619,2,9,-1,3,-1,0,-1,-1,-1,0,-1,1,2,2,17,4,1124,1,14,1,1,1
2018210293624,1,9,0,7,-1,0,0,0,0,0,4,1,1,2,23,5,1229,1,13,3,1,3
2018210293624,2,9,0,18,-1,0,0,0,0,0,1,1,6,2,19,4,1560,2,7,8,3,8
2018210293636,1,9,-1,-1,-1,0,-1,-1,-1,0,-1,1,6,3,-1,-1,1956,2,9,-1,-1,-1
2018210293636,2,9,0,18,0,0,0,0,0,0,1,1,5,1,20,4,1588,1,14,4,1,4
2018210293657,1,1,0,18,0,0,0,0,0,0,1,1,5,1,11,3,-1,-1,-1,1,1,1
2018210293657,2,9,0,18,0,0,0,0,0,0,1,1,5,1,22,5,1995,2,6,2,1,2
2018210293665,1,9,0,18,0,0,0,0,0,0,1,1,5,1,32,6,-1,-1,-1,6,1,6
2018210293681,1,9,0,13,0,0,2,0,2,0,1,1,6,2,69,10,796,1,9,9,3,9
2018210293681,2,9,1,18,0,0,0,0,0,0,4,1,1,1,41,7,-1,-1,-1,-1,-1,-1
2018210293699,1,9,0,18,0,0,0,0,0,0,1,1,1,1,57,9,1798,1,2,6,1,6
2018210293699,2,21,0,18,0,0,0,0,0,0,3,1,1,1,61,9,10837,2,2,4,1,4
2018210293710,1,9,0,3,0,1,0,0,0,0,4,1,6,1,32,6,1364,2,11,1,1,1
2018210293710,2,1,0,18,9,1,0,0,0,0,1,1,6,1,43,7,-1,-1,-1,2,1,2
2018210293713,1,9,0,3,0,0,0,2,0,0,2,1,6,2,41,7,1968,2,10,-1,-1,-1
2018210293713,2,9,0,3,0,0,0,2,0,0,1,1,6,2,51,8,1368,1,9,3,1,3
2018210293717,1,9,0,10,0,7,0,0,0,0,-1,1,1,2,51,8,1598,1,5,9,1,9
2018210293717,2,1,0,3,9,5,0,0,0,0,-1,1,1,1,20,4,-1,-1,-1,4,1,4
2018210293719,1,9,0,18,0,0,0,0,0,0,1,1,6,2,29,6,1200,1,1,8,1,8
2018210293719,2,90,0,18,0,0,0,0,0,0,1,1,6,1,49,8,-1,-1,-1,-1,-1,-1
2018210293719,3,9,0,18,0,0,0,0,0,0,1,1,6,1,45,7,2401,2,13,-1,-1,-1
2018210293719,4,9,0,18,0,0,0,0,0,0,1,1,6,2,44,7,1799,1,10,-1,-1,-1
2018210293719,5,9,0,18,0,0,0,0,0,0,1,1,6,1,57,9,-1,-1,-1,-1,-1,-1
2018210293722,1,9,0,18,0,8,0,0,0,0,1,1,6,2,38,7,1995,2,5,1,1,1
2018210293722,2,9,0,18,0,8,0,0,0,0,4,1,2,1,44,7,2993,2,4,2,1,2
2018210293725,1,8,0,18,0,5,0,0,0,0,1,1,1,1,50,8,1598,2,5,-1,-1,-1
2018210293725,2,8,0,18,0,1,0,11,0,0,4,1,1,1,32,6,1968,2,3,1,1,1
2018210293725,3,9,0,10,0,1,0,0,0,0,1,1,5,2,33,6,999,1,12,7,1,7
2018210293729,1,5,0,13,0,0,0,0,0,0,1,1,6,1,35,6,750,1,2,2,1,2
2018210293729,2,9,0,3,0,0,0,0,0,0,1,1,6,2,48,8,1560,2,3,2,1,2
2018210293762,1,9,0,18,0,3,0,0,0,0,2,1,6,1,25,5,1796,1,12,9,1,9
2018210293762,2,9,0,16,0,4,0,0,0,0,1,1,6,2,35,6,1997,2,10,4,1,4
2018210293772,1,98,0,9,0,8,0,0,0,0,3,1,1,1,39,7,-1,-1,-1,1,1,1
2018210293772,2,10,0,18,0,8,0,0,0,0,1,1,1,1,54,8,-1,-1,-1,2,1,2
2018210293780,1,9,0,1,9,0,0,0,0,0,2,1,6,2,24,5,1242,1,9,3,1,3
2018210293780,2,8,0,18,0,0,0,0,0,0,-1,1,1,1,33,6,1995,2,5,1,1,1
2018210293933,1,5,0,18,0,0,0,0,0,0,1,1,6,1,65,9,745,1,2,9,1,9
2018210293933,2,19,0,3,0,0,0,0,0,0,1,1,6,1,51,8,1753,2,10,7,3,7
2018210293933,3,9,0,15,0,0,0,0,1,0,0,1,6,1,64,9,2495,2,17,7,1,7
2018210293991,1,9,0,8,0,0,0,0,0,0,1,1,6,2,41,7,1388,1,7,1,1,1
2018210293991,2,9,0,4,0,0,0,0,0,0,2,1,6,1,42,7,1956,2,4,-1,-1,-1
2018210294034,1,9,0,9,0,1,0,0,0,0,4,1,6,2,36,7,1364,1,-1,6,1,6
2018210294034,2,9,0,18,0,1,0,0,0,0,1,1,6,2,28,6,1124,1,13,6,1,6
2018210294048,1,9,0,-1,-1,-1,-1,-1,-1,0,-1,1,6,3,-1,-1,1783,1,14,-1,-1,-1
2018210294048,2,9,0,9,0,1,0,0,0,0,2,1,6,1,30,6,1332,1,20,1,1,1
2018210294101,1,9,0,7,0,1,0,0,0,0,0,1,6,2,38,7,1198,1,1,5,1,5
2018210294130,1,9,0,9,0,1,0,0,0,0,3,1,6,1,64,9,2143,2,4,8,3,8
2018210294130,2,97,0,18,0,1,0,0,0,0,1,1,2,1,18,4,-1,-1,-1,9,1,9
2018210294149,1,9,0,18,0,1,0,0,1,0,1,1,6,1,47,8,2979,1,1,8,1,8
2018210294160,1,9,0,18,0,0,0,0,0,0,1,1,6,1,52,8,1968,2,4,7,3,7
2018210294160,2,9,0,3,0,0,0,0,0,0,2,1,6,1,47,8,2179,2,3,6,1,6
2018210294457,1,9,0,7,0,6,0,0,0,0,3,1,6,2,40,7,2231,2,6,6,1,6
2018210294457,2,9,0,18,0,1,0,0,0,0,4,1,6,1,74,10,1339,1,12,10,1,10
2018210294469,1,11,0,16,0,0,0,0,0,0,1,1,6,1,37,7,7300,2,13,1,1,1
2018210294469,2,9,0,13,0,0,0,0,0,0,2,1,6,3,16,4,-1,-1,-1,-1,-1,-1
2018210294474,1,9,0,9,0,8,0,0,0,0,4,1,6,2,70,10,1242,1,3,6,1,6
2018210294507,1,9,0,9,0,6,0,0,0,0,1,1,6,2,19,4,1149,1,14,1,1,1
2018210294507,2,5,0,14,0,1,0,0,0,0,4,1,6,1,39,7,953,1,14,4,1,4
2018210294512,1,5,0,18,0,1,0,0,7,0,1,1,6,1,42,7,998,1,13,1,1,1
2018210294515,1,9,0,18,0,0,0,0,0,0,1,1,6,1,49,8,973,1,18,1,1,1
2018210294525,1,9,0,18,0,0,0,0,0,0,3,1,6,2,76,11,1368,1,1,1,1,1
2018210294659,1,9,0,18,0,7,0,0,0,0,1,1,6,2,43,7,1598,1,14,5,1,5
2018210294659,2,9,0,18,0,7,0,0,0,0,2,1,6,1,25,5,1968,2,6,1,1,1
2018210294709,1,9,0,18,0,0,0,0,0,0,1,1,6,2,86,11,1397,1,18,10,1,10
2018210294709,2,3,0,18,0,0,0,0,0,0,1,1,6,1,21,5,124,1,2,7,1,7
2018210294715,1,9,0,18,0,0,0,0,0,0,1,1,6,1,53,8,-1,-1,-1,10,3,10
2018210294715,2,9,0,2,0,0,0,0,0,0,2,1,6,1,74,10,1995,2,15,6,3,6
2018210294760,1,9,0,1,9,0,0,0,0,0,0,1,6,2,55,8,2143,2,-1,7,1,7
2018210294838,1,9,0,18,0,0,0,0,0,0,1,1,6,2,31,6,1360,1,12,8,1,8
2018210294838,2,9,0,18,0,0,0,0,0,0,1,1,6,1,18,4,1242,1,14,3,1,3
2018210294838,3,9,0,18,0,0,0,0,0,0,1,1,6,2,39,7,1753,2,12,3,1,3
2018210294838,4,9,0,4,0,0,0,0,0,0,2,1,6,2,37,7,1968,2,3,7,3,7
2018210294932,1,9,0,7,0,0,0,0,0,0,4,1,6,1,56,9,1896,2,9,1,1,1
2018210294932,2,9,0,12,0,0,0,0,0,0,3,1,6,1,28,6,2000,2,9,1,1,1
2018210295050,1,9,0,18,0,0,0,0,0,0,1,1,6,2,18,4,1360,1,12,6,1,6
2018210295168,1,9,0,18,0,0,0,4,0,0,1,1,2,2,57,9,1956,2,3,-1,-1,-1
2018210295168,2,9,0,4,0,0,0,0,0,0,2,1,6,2,29,6,1600,2,9,6,3,6
2018210295168,3,9,0,4,0,0,0,0,0,0,2,1,6,2,30,6,1560,2,4,-1,-1,-1
2018210295354,1,9,0,18,0,0,1,0,1,0,1,1,6,2,27,6,1390,1,12,4,1,4
2018210295400,1,9,0,18,0,0,1,0,7,0,1,1,6,1,32,6,2261,1,2,4,1,4
2018210295460,1,9,0,1,0,0,0,0,0,0,0,1,6,3,-1,-1,-1,-1,-1,-1,-1,-1
2018210295460,2,9,0,1,0,0,0,0,0,0,0,1,6,3,-1,-1,-1,-1,-1,-1,-1,-1
2018210295460,3,9,0,18,0,0,0,0,0,0,1,1,6,2,28,6,1197,1,2,7,-1,7
2018210295505,1,9,0,18,0,2,0,0,0,0,0,1,2,1,22,5,1686,2,11,9,1,9
2018210295505,2,9,0,18,0,8,0,0,7,1,1,1,2,1,38,7,1598,1,11,1,1,1
2018210295549,1,9,0,18,0,4,0,0,0,0,0,1,6,3,-1,-1,-1,-1,-1,-1,-1,-1
2018210295601,1,19,0,7,0,0,0,0,0,0,4,1,6,1,28,6,1248,2,2,7,1,7
2018210295601,2,3,0,18,0,0,0,0,0,0,1,1,6,1,32,6,124,1,7,2,1,2
2018210295611,1,9,-1,18,-1,0,0,0,0,0,-1,1,6,2,45,7,1149,1,5,5,1,5
2018210295611,2,9,-1,18,-1,0,-1,-1,-1,0,-1,1,6,1,50,8,-1,-1,-1,1,1,1
2018210295614,1,9,0,18,0,0,0,0,0,0,1,1,6,1,34,6,1747,1,10,10,1,10
2018210295614,2,9,0,10,0,0,0,0,0,0,2,1,6,2,38,7,998,1,2,2,1,2
2018210295660,1,9,0,18,0,1,0,0,-1,0,4,1,6,2,53,8,1798,1,8,3,1,3
2018210295667,1,9,0,18,0,1,0,0,0,0,1,1,1,2,53,8,1499,2,3,4,1,4
2018210295667,2,9,0,9,0,1,0,0,0,0,2,1,1,1,28,6,1968,2,2,8,1,8
2018210295903,1,21,-1,11,0,-1,0,0,-1,0,-1,1,6,1,58,9,12900,2,4,1,1,1
2018210295903,2,9,-1,18,0,7,1,7,0,0,3,1,6,1,33,6,1995,2,8,1,1,1
2018210295955,1,9,0,18,0,0,0,0,0,0,0,1,6,1,48,8,1998,1,11,3,1,3
2018210296023,1,9,0,4,0,0,0,0,0,0,2,1,6,1,30,6,1999,1,13,2,1,2
2018210296023,2,9,0,18,0,0,0,0,0,0,1,1,6,1,27,6,998,1,6,6,3,6
2018210296023,3,9,0,18,0,0,0,0,0,0,1,1,6,1,49,8,4806,1,4,-1,-1,-1
2018210296073,1,9,0,18,0,0,0,0,0,0,3,1,6,2,74,10,998,1,6,-1,-1,-1
2018210296073,2,9,0,18,0,0,0,0,0,0,3,1,6,1,22,5,1461,2,3,-1,-1,-1
2018210296078,1,9,0,9,0,1,0,0,0,0,1,1,6,1,35,6,2996,1,12,7,3,7
2018210296078,2,3,0,18,0,1,0,0,0,0,1,1,6,1,27,6,124,1,9,3,1,3
2018210296093,1,9,4,18,0,0,0,0,0,0,0,1,1,2,19,4,2495,2,13,7,3,7
2018210296093,2,5,0,13,0,0,0,0,0,0,0,1,6,1,47,8,847,1,3,-1,-1,-1
2018210296093,3,5,0,14,0,0,1,0,1,1,0,1,6,1,45,7,1050,1,12,8,3,8
2018210296180,1,9,0,18,0,1,0,0,0,0,1,1,6,2,47,8,-1,-1,-1,7,1,7
2018210296193,1,9,0,7,0,1,0,0,0,0,1,1,6,2,45,7,1597,2,4,7,2,7
2018210296193,2,9,0,18,0,1,0,0,0,0,1,1,6,2,26,6,1598,1,15,3,1,3
2018210296199,1,9,0,18,0,1,0,0,0,0,1,1,6,2,56,9,1997,2,8,6,3,6
2018210296199,2,9,0,8,0,5,0,0,1,0,1,1,6,2,52,8,1496,2,2,10,2,10
2018210296251,1,19,0,18,0,1,0,0,0,0,1,1,6,1,23,5,1995,2,4,9,1,9
2018210296251,2,9,0,3,0,1,0,0,0,0,2,1,6,2,42,7,1598,2,2,9,1,9
2018210296259,1,9,0,18,0,0,0,0,0,0,1,1,6,1,53,8,1910,2,15,1,1,1
2018210296292,1,3,0,18,0,1,0,0,0,0,4,1,6,1,20,4,125,1,6,2,1,2
2018210296292,2,8,0,9,0,2,0,0,0,0,4,1,1,1,32,6,1797,8,8,1,1,1
2018210296554,1,9,0,18,0,0,0,0,0,0,1,1,3,2,39,7,1206,1,8,10,1,10
2018210296622,1,9,0,9,0,1,0,0,0,0,0,1,3,1,26,6,1360,1,11,4,1,4
2018210296622,2,9,0,9,0,1,0,0,0,0,0,1,2,1,53,8,1461,2,6,4,1,4
2018210296642,1,9,0,1,9,0,0,0,0,0,2,1,6,2,73,10,1229,1,11,7,1,7
2018210296648,1,9,-1,18,0,1,0,0,0,0,1,1,6,2,44,7,1360,1,14,1,1,1
2018210296648,2,9,-1,18,0,1,0,0,0,0,1,1,6,1,54,8,1229,1,13,2,1,2
2018210296693,1,9,0,18,0,8,0,0,0,0,1,1,6,2,43,7,1598,1,10,7,1,7
2018210296693,2,9,0,18,0,8,0,0,0,0,2,1,6,2,23,5,1368,1,9,5,1,5
2018210296694,1,9,0,18,0,4,0,0,0,0,3,1,6,1,59,9,1968,2,3,9,2,9
2018210296694,2,1,0,7,0,3,0,0,0,0,2,1,6,2,39,7,-1,-1,-1,-1,-1,-1
2018210296841,1,9,0,18,0,1,0,0,0,0,1,1,6,1,57,9,973,1,20,2,1,2
2018210296954,1,9,0,18,0,1,0,0,0,0,1,1,6,2,44,7,1598,2,4,7,3,7
2018210296954,2,9,0,3,0,1,0,0,0,0,2,1,6,2,51,8,1560,2,5,1,1,1
2018210297024,1,9,0,9,0,1,0,0,0,0,1,1,6,1,74,10,1998,1,12,4,1,4
2018210297024,2,9,0,10,0,1,0,0,0,0,2,1,6,1,64,9,2184,2,9,8,1,8
2018210297762,1,9,0,5,0,0,0,0,0,0,4,1,5,1,35,6,1968,2,3,8,1,8
2018210298102,1,9,0,18,0,0,0,0,0,0,1,1,6,1,-1,-1,-1,-1,-1,-1,-1,-1
2018210298102,2,1,0,18,0,0,0,0,0,0,1,1,6,1,19,4,-1,-1,-1,1,1,1
2018210298142,1,9,0,18,0,4,0,10,1,2,4,1,1,1,30,6,2993,2,2,4,1,4
2018210298175,1,9,0,18,0,1,0,0,0,0,1,1,6,2,34,6,1598,1,16,2,1,2
2018210298175,2,21,0,18,0,1,0,0,0,0,2,1,1,1,55,8,-1,-1,-1,6,3,6
2018210298244,1,9,0,17,0,0,0,0,0,0,1,1,3,2,51,8,1596,1,3,7,2,7
2018210298244,2,9,0,10,0,0,1,0,0,0,1,1,5,2,36,7,1461,2,4,-1,-1,-1
2018210298259,1,-1,0,13,0,7,0,7,0,0,4,1,6,2,25,5,-1,-1,-1,-1,-1,-1
2018210298259,2,9,0,18,0,7,0,0,0,0,3,1,6,2,21,5,1149,1,16,5,1,5
2018210298426,1,21,0,11,0,0,0,0,0,0,1,1,1,1,53,8,12900,2,7,9,3,9
2018210298426,2,9,0,18,0,0,1,0,0,0,3,1,6,2,21,5,1461,2,8,3,1,3
2018210298459,1,3,0,13,0,0,0,0,0,0,1,1,2,1,26,6,125,1,3,7,1,7
2018210298459,2,21,1,9,0,0,0,0,0,0,3,1,1,1,46,8,12777,2,4,-1,3,-1
2018210298480,1,9,0,18,0,1,0,0,0,0,1,1,6,1,42,7,1596,1,9,2,1,2
2018210298480,2,19,0,2,0,1,0,0,0,0,4,1,6,3,-1,-1,1598,2,2,-1,-1,-1
2018210298496,1,9,0,18,0,8,0,0,0,0,4,1,6,1,32,6,2400,12,4,9,1,9
2018210298496,2,8,0,9,0,8,0,0,0,0,3,1,1,1,47,8,1598,2,7,4,1,4
2018210298515,1,9,0,18,0,8,0,0,0,0,1,1,5,1,26,6,1596,1,9,5,1,5
2018210298515,2,9,0,18,0,8,1,0,7,0,3,1,5,1,72,10,1461,2,2,7,1,7
2018210298515,3,19,0,3,0,1,0,0,0,0,1,1,1,1,30,6,2198,2,5,1,1,1
2018210298560,1,9,0,5,0,0,0,0,0,0,2,1,6,1,-1,-1,-1,-1,-1,-1,-1,-1
2018210298560,2,9,0,5,0,0,0,0,0,0,1,1,6,2,49,8,1796,2,5,5,1,5
2018210298568,1,9,0,7,0,6,0,0,0,0,1,1,6,3,-1,-1,2231,2,10,-1,-1,-1
2018210298568,2,9,0,18,0,1,0,0,0,0,4,1,6,1,52,8,1995,2,16,2,1,2
2018210298587,1,9,0,3,0,0,0,0,0,0,3,1,6,1,21,5,1390,1,6,10,1,10
2018210298602,1,97,0,13,0,0,0,0,0,0,1,1,6,1,20,4,-1,-1,-1,3,1,3
2018210298602,2,9,0,9,0,0,0,0,0,0,3,1,6,1,54,8,1586,1,16,4,1,4
2018210298620,1,9,0,18,0,4,0,0,0,0,1,1,6,1,32,6,1910,2,13,8,1,8
2018210298620,2,9,0,18,0,3,0,0,0,0,4,1,6,1,38,7,998,1,4,10,1,10
2018210298622,1,9,0,18,0,1,0,0,0,0,1,1,6,2,40,7,1591,1,2,6,1,6
2018210298622,2,9,0,18,0,1,0,0,0,0,1,1,6,2,39,7,1497,8,5,1,1,1
2018210298622,3,9,0,8,0,1,0,0,0,0,3,1,6,2,38,7,1968,2,11,1,1,1
2018210298635,1,9,0,18,0,0,0,0,0,0,3,1,6,1,19,4,-1,-1,-1,6,3,6
2018210298637,1,9,0,4,0,1,0,0,0,0,1,1,6,1,27,6,1796,1,14,2,1,2
2018210298637,2,9,0,3,0,1,0,0,0,0,2,1,6,2,26,6,1598,1,13,1,1,1
2018210298638,1,9,0,7,0,6,0,0,0,0,1,1,1,1,37,7,1197,1,3,7,1,7
2018210298638,2,9,0,18,0,1,0,0,0,0,4,1,1,1,27,6,-1,-1,-1,1,1,1
2018210298678,1,8,0,18,0,1,0,0,0,0,3,1,6,1,50,8,1598,2,5,1,1,1
2018210298684,1,9,0,18,0,2,0,0,0,0,0,1,6,2,46,8,2231,2,5,3,1,3
2018210298697,1,9,0,7,0,0,0,0,0,0,0,1,6,3,-1,-1,-1,-1,-1,-1,-1,-1
2018210298697,2,9,0,18,0,0,0,0,0,0,4,1,6,2,39,7,1560,2,7,4,1,4
2018210298697,3,9,0,18,0,0,5,0,0,0,4,1,6,1,40,7,1796,1,12,2,1,2
2018210298697,4,3,0,18,0,0,0,0,0,0,1,1,6,1,22,5,124,1,17,3,1,3
2018210298715,1,9,0,9,0,0,0,0,0,0,2,1,6,1,35,6,998,1,5,6,1,6
2018210298715,2,9,0,18,0,0,0,0,0,0,2,1,6,2,42,7,-1,-1,-1,4,3,4
2018210298715,3,9,0,18,0,0,0,0,0,0,1,1,6,2,21,5,1242,1,5,5,2,5
2018210298744,1,9,0,11,0,3,0,0,0,0,1,1,6,2,28,6,1499,1,2,9,1,9
2018210298744,2,9,0,11,0,3,0,0,0,0,4,1,6,2,23,5,2902,2,12,1,1,1
2018210298745,1,9,0,9,0,4,0,0,0,0,3,1,6,2,28,6,1598,1,8,3,1,3
2018210298745,2,9,0,18,0,4,0,0,0,0,4,1,6,1,50,8,1596,1,13,2,1,2
2018210298753,1,9,0,18,0,0,0,0,0,0,1,1,5,1,19,4,1998,1,4,8,2,8
2018210298753,2,1,0,18,0,0,2,0,0,0,1,1,5,1,11,3,-1,-1,-1,-1,-1,-1
2018210298760,1,9,3,9,0,0,0,0,0,0,1,1,6,1,74,10,-1,-1,-1,8,3,8
2018210298760,2,98,0,18,0,0,0,0,0,0,1,1,6,2,26,6,-1,-1,-1,4,1,4
2018210298779,1,9,0,18,0,8,0,0,0,0,1,1,6,2,51,8,1995,2,14,6,1,6
2018210298797,1,9,0,18,0,1,5,0,1,0,1,1,5,1,31,6,1995,2,6,3,2,3
2018210298934,1,9,0,9,0,8,0,0,0,0,4,1,6,2,38,7,1560,2,5,4,1,4
2018210298934,2,5,0,18,0,1,0,0,0,0,1,1,6,1,53,8,1450,1,14,9,3,9
2018210298947,1,9,0,18,0,2,0,0,0,0,1,1,1,2,46,8,1582,2,5,9,1,9
2018210298947,2,9,0,18,0,2,0,0,0,0,1,1,1,1,31,6,-1,-1,-1,6,3,6
2018210299041,1,8,0,18,0,0,0,0,0,0,0,1,1,1,35,6,1896,2,9,1,1,1
2018210299140,1,9,5,16,0,0,0,0,0,0,1,1,1,1,65,9,2487,2,18,6,3,6
2018210299140,2,9,0,17,0,0,0,0,0,0,1,1,1,1,42,7,2494,8,1,7,3,7
2018210299205,1,9,0,18,0,0,0,0,0,0,1,1,6,2,31,6,1200,1,4,2,1,2
2018210299205,2,9,0,2,0,0,0,0,0,0,2,1,6,2,29,6,1461,2,1,3,1,3
2018210299447,1,9,0,18,0,0,1,7,0,0,1,1,6,1,18,4,1149,1,10,10,1,10
2018210299500,1,9,0,18,0,0,0,0,0,0,1,1,5,1,70,10,1200,1,1,1,1,1
2018210299500,2,21,1,18,0,0,0,0,0,0,3,1,5,1,58,9,10518,2,5,1,1,1
2018210299510,1,9,0,5,0,1,0,0,0,0,1,1,6,2,55,8,1997,2,14,4,2,4
2018210299510,2,9,0,3,0,1,0,0,0,0,2,1,6,1,33,6,1910,2,11,6,1,6
2018210299556,1,19,0,7,0,1,0,0,0,0,1,1,1,1,24,5,1995,2,7,9,1,9
2018210299556,2,1,0,18,0,1,0,0,0,0,2,1,1,2,65,9,-1,-1,-1,5,1,5
2018210299758,1,20,0,18,0,0,0,0,0,0,1,1,1,1,65,9,4250,2,13,2,1,2
2018210299758,2,21,1,18,0,0,0,0,0,0,1,1,1,1,23,5,12740,2,1,4,1,4
2018210299800,1,9,0,2,0,0,0,0,0,0,1,1,6,1,78,11,1497,8,5,7,1,7
2018210299800,2,9,0,2,0,0,0,0,0,0,1,1,6,2,24,5,1598,1,13,1,1,1
2018210299800,3,9,0,2,0,0,0,0,0,0,1,1,6,1,57,9,1984,1,17,-1,3,-1
2018210299800,4,9,0,2,0,0,0,0,0,0,1,1,5,1,57,9,1995,2,7,2,1,2
2018210299813,1,9,0,5,0,1,0,0,0,0,1,1,6,1,33,6,1197,1,2,3,1,3
2018210299813,2,1,0,18,0,1,0,0,0,0,2,1,6,1,49,8,-1,-1,-1,1,1,1
2018210299835,1,9,0,9,0,1,0,0,0,0,4,1,6,2,69,10,1339,1,14,7,1,7
2018210299835,2,9,0,9,0,1,0,0,0,0,3,1,6,1,48,8,1596,1,15,-1,-1,-1
2018210299846,1,17,4,18,0,0,0,0,0,0,1,1,1,1,58,9,5883,2,15,5,1,5
2018210299846,2,17,0,10,0,0,0,0,0,0,2,1,1,1,46,8,1028,2,3,9,3,9
2018210299880,1,9,0,18,0,6,0,0,0,0,1,1,6,2,51,8,2143,2,2,8,1,8
2018210299880,2,9,0,18,0,7,0,0,0,0,1,1,6,1,43,7,2143,2,4,5,1,5
2018210299880,3,19,0,18,0,7,0,0,0,0,1,1,1,1,36,7,1753,2,14,1,1,1
2018210299885,1,9,0,18,0,0,0,0,0,0,1,1,6,1,56,9,1999,1,11,7,1,7
2018210299885,2,9,0,18,0,0,0,0,0,0,1,1,6,1,41,7,1998,8,3,8,3,8
2018210299901,1,9,0,18,0,0,0,0,0,0,1,1,1,1,23,5,1395,1,3,7,2,7