Accident_Index,Vehicle_Reference,Vehicle_Type,Towing_and_Articulation,Vehicle_Manoeuvre,Vehicle_Location-Restricted_Lane,Junction_Location,Skidding_and_Overturning,Hit_Object_in_Carriageway,Vehicle_Leaving_Carriageway,Hit_Object_off_Carriageway,1st_Point_of_Impact,Was_Vehicle_Left_Hand_Drive?,Journey_Purpose_of_Driver,Sex_of_Driver,Age_of_Driver,Age_Band_of_Driver,Engine_Capacity_(CC),Propulsion_Code,Age_of_Vehicle,Driver_IMD_Decile,Driver_Home_Area_Type,Vehicle_IMD_Decile
2018210321521,2,9,0,18,0,1,-1,0,0,0,1,1,2,1,20,4,1560,2,9,-1,-1,-1
2018210321521,3,9,0,18,0,1,-1,0,0,0,1,1,6,2,28,6,996,1,5,8,1,8
2018210321581,1,9,-1,2,-1,0,-1,-1,-1,0,-1,1,5,2,51,8,2993,2,2,6,3,6
2018210321581,2,19,-1,-1,-1,0,-1,-1,-1,0,-1,1,1,1,29,6,2287,2,1,1,1,1
2018210321658,1,9,0,17,0,0,0,0,0,0,4,1,6,1,72,10,1560,2,3,2,1,2
2018210322160,1,9,0,12,0,1,0,0,0,0,3,1,6,2,18,4,1388,1,10,4,1,4
2018210322160,2,9,0,18,0,1,0,0,0,0,1,1,6,2,22,5,1242,1,11,-1,-1,-1
2018210322326,1,9,0,18,0,1,0,0,0,0,2,1,1,1,37,7,2143,2,2,8,1,8
2018210322326,2,3,0,10,0,1,0,0,0,0,2,1,1,1,33,6,-1,-1,-1,6,1,6
2018210322357,1,9,0,4,0,1,0,0,0,0,1,1,6,1,49,8,1390,1,9,2,1,2
2018210322357,2,9,0,18,0,1,0,0,0,0,2,1,6,2,18,4,-1,-1,-1,10,1,10
2018210322364,1,9,0,18,0,0,1,0,0,0,1,1,6,1,-1,-1,-1,-1,-1,-1,-1,-1
2018210322364,2,9,0,18,0,0,0,0,0,0,1,1,6,1,51,8,-1,-1,-1,6,3,6
2018210322394,1,9,0,9,0,8,0,0,0,0,3,1,6,1,29,6,2987,2,10,7,1,7
2018210322394,2,9,0,18,0,1,0,0,0,0,3,1,6,1,39,7,-1,-1,-1,9,1,9
2018210322422,1,9,0,5,0,0,0,0,0,0,4,1,6,2,29,6,1997,1,16,2,1,2
2018210322422,2,4,0,14,0,0,0,0,0,0,4,1,6,2,26,6,649,1,8,-1,-1,-1
2018210322432,1,21,1,12,0,0,0,0,0,0,1,1,6,1,37,7,-1,-1,-1,-1,-1,-1
2018210322432,2,9,0,11,0,0,1,0,1,0,1,1,6,2,55,8,2191,2,3,-1,3,-1
2018210322469,1,9,0,17,0,1,0,0,1,0,1,1,2,2,24,5,-1,-1,-1,1,1,1
2018210322469,2,1,0,7,0,4,0,0,0,0,1,1,2,2,23,5,-1,-1,-1,-1,-1,-1
2018210322483,1,9,0,13,0,4,0,0,0,0,0,1,6,3,-1,-1,-1,-1,-1,-1,-1,-1
2018210322483,2,1,0,4,0,4,0,0,0,0,0,1,2,1,39,7,-1,-1,-1,9,1,9
2018210322491,1,9,0,12,0,0,0,0,0,0,4,1,6,1,37,7,1969,2,-1,6,3,6
2018210322491,2,9,0,5,0,0,0,0,0,0,4,1,6,1,19,4,1598,2,8,2,1,2
2018210322515,1,9,0,18,0,0,0,0,0,0,2,1,6,1,23,5,1399,2,11,3,1,3
2018210322515,2,9,0,18,0,0,0,0,0,0,2,1,6,1,26,6,1390,1,13,2,1,2
2018210322848,1,5,0,15,0,0,1,0,0,0,3,1,6,1,49,8,599,1,18,9,1,9
2018210322848,2,21,0,18,0,0,0,0,0,0,4,1,6,1,57,9,12902,2,3,1,1,1
2018210322884,1,9,0,18,0,8,0,0,0,0,3,1,6,1,27,6,1896,2,10,1,1,1
2018210322884,2,9,0,18,0,8,0,0,0,0,1,1,6,2,59,9,1499,2,2,1,1,1
2018210323067,1,9,0,17,0,0,0,0,0,0,1,1,6,1,33,6,999,1,1,9,1,9
2018210323123,1,-1,0,4,0,0,0,0,0,0,1,1,6,1,-1,-1,-1,-1,-1,-1,-1,-1
2018210323150,1,9,0,3,0,0,0,0,0,0,1,1,6,2,18,4,1398,1,3,8,1,8
2018210323662,1,8,0,1,0,0,0,11,0,0,2,1,1,1,-1,-1,1997,2,10,2,1,2
2018210324006,1,19,0,9,0,1,0,0,0,0,3,1,1,1,30,6,1598,2,1,1,1,1
2018210324006,2,9,0,18,0,1,0,0,0,0,1,1,3,1,39,7,1997,2,8,4,1,4
2018210324037,1,9,0,18,0,4,0,0,0,0,1,1,1,2,29,6,1497,1,12,2,1,2
2018210324037,2,1,0,18,0,3,0,0,0,0,2,1,1,1,68,10,-1,-1,-1,7,1,7
2018210324053,1,9,0,18,0,1,0,0,0,0,1,1,2,1,36,7,1799,1,11,1,1,1
2018210324053,2,9,0,18,0,1,0,0,7,0,1,1,6,2,52,8,1984,1,3,8,1,8
2018210324054,1,9,0,9,0,0,0,0,0,0,1,1,6,1,25,5,1968,2,11,5,1,5
2018210324054,2,9,0,18,0,0,0,0,0,0,1,1,6,2,46,8,1242,1,9,6,1,6
2018210324258,1,9,0,7,0,8,0,0,0,0,1,1,5,1,47,8,1461,2,9,7,1,7
2018210324258,2,19,0,18,0,1,0,0,0,0,3,1,6,1,19,4,-1,-1,-1,8,1,8
2018210324294,1,9,0,18,0,0,0,0,0,0,1,1,1,1,19,4,1999,2,1,10,1,10
2018210324294,2,9,0,18,0,0,0,0,0,0,2,1,1,2,50,8,1798,8,2,8,3,8
2018210324335,1,9,0,9,0,1,0,0,0,0,1,1,6,2,32,6,1499,2,2,10,1,10
2018210324335,2,9,0,18,0,1,0,0,0,0,4,1,6,1,27,6,1796,1,13,4,2,4
2018210324545,1,2,0,7,0,0,1,0,0,0,4,1,6,1,16,4,-1,-1,-1,7,1,7
2018210324545,2,9,0,9,0,0,0,0,0,0,4,1,6,2,66,10,-1,-1,-1,9,1,9
2018210324568,1,9,0,18,0,0,5,0,0,0,1,1,6,1,24,5,1990,1,21,2,1,2
2018210324587,1,9,0,17,0,0,0,0,0,0,1,1,6,1,26,6,1796,1,9,2,1,2
2018210324587,2,9,0,16,0,0,0,0,0,0,1,1,6,2,27,6,1242,1,7,4,1,4
2018210324642,1,9,0,14,0,0,0,0,0,0,1,1,6,1,62,9,1108,1,10,4,1,4
2018210324709,1,9,0,18,0,0,0,0,0,0,1,1,6,1,47,8,1596,1,15,8,1,8
2018210324709,2,11,0,3,0,0,0,0,0,0,2,1,6,2,34,6,3900,2,13,2,1,2
2018210324786,1,3,0,-1,-1,0,-1,-1,-1,0,-1,1,6,1,-1,-1,-1,-1,-1,-1,-1,-1
2018210324786,2,9,-1,-1,-1,0,-1,-1,-1,0,-1,1,6,1,54,8,1984,2,5,5,1,5
2018210325129,1,9,0,17,0,0,0,0,1,0,1,1,6,2,35,6,1248,2,11,6,1,6
2018210325131,1,9,0,12,0,0,0,0,0,0,0,1,6,2,21,5,1995,2,4,6,1,6
2018210325131,2,9,0,18,0,0,0,0,4,0,1,1,6,2,21,5,1242,1,6,7,1,7
2018210325180,1,21,0,18,0,0,0,0,0,0,3,1,6,1,50,8,4500,2,2,5,1,5
2018210325600,1,9,0,18,0,2,0,0,0,0,1,1,6,1,54,8,1598,1,3,4,1,4
2018210325633,1,9,0,13,0,0,0,0,0,0,3,1,2,1,55,8,1956,2,3,8,1,8
2018210325633,2,9,0,18,0,0,0,0,0,0,3,1,6,1,39,7,2985,2,12,5,1,5
2018210325633,3,20,0,18,0,0,0,0,0,0,3,1,1,1,43,7,-1,-1,-1,1,1,1
2018210325651,1,9,0,13,0,0,0,0,1,0,1,1,6,2,39,7,1598,2,3,10,1,10
2018210325651,2,9,0,18,0,0,0,0,1,0,1,1,1,2,45,7,1968,2,3,8,3,8
2018210325651,3,21,0,18,0,0,0,0,0,0,0,1,1,1,42,7,12902,2,2,10,1,10
2018210325669,1,19,0,9,0,1,0,0,0,0,1,1,1,2,24,5,1753,2,6,7,1,7
2018210325669,2,9,0,18,0,1,0,0,0,0,1,1,6,1,33,6,1598,1,5,3,1,3
2018210325703,1,1,0,18,0,0,1,0,0,0,1,1,6,1,10,2,-1,-1,-1,4,1,4
2018210325703,2,9,0,18,0,0,0,0,0,0,1,1,6,2,77,11,1242,1,8,8,3,8
2018210325745,1,9,0,18,0,0,0,0,0,0,1,1,6,1,22,5,2171,2,14,1,1,1
2018210325745,2,11,0,18,0,0,0,0,0,0,3,1,1,1,53,8,6370,2,6,9,1,9
2018210325745,3,9,0,18,0,0,0,0,0,0,1,1,6,1,46,8,1997,2,15,5,1,5
2018210325745,4,3,0,10,0,0,0,0,0,0,2,1,6,1,21,5,124,1,7,10,1,10
2018210325754,1,9,0,18,0,8,0,0,0,0,1,1,6,1,41,7,2993,2,2,10,2,10
2018210325754,2,9,0,18,0,8,5,0,0,0,1,1,6,2,39,7,1951,2,17,6,3,6
2018210325911,1,9,0,18,0,5,0,0,0,0,2,1,6,1,42,7,1995,2,2,9,1,9
2018210325911,2,9,0,9,0,6,0,0,0,0,1,1,6,1,39,7,1753,2,14,4,1,4
2018210325919,1,9,0,9,0,1,0,0,0,0,0,1,5,2,84,11,1149,1,14,10,3,10
2018210325919,2,11,0,4,0,1,0,0,0,0,0,1,1,1,26,6,9000,2,14,9,1,9
2018210325982,1,9,0,18,0,0,0,0,0,0,1,1,1,1,50,8,1984,1,15,6,1,6
2018210325982,2,19,0,10,0,0,0,0,0,0,2,1,1,1,46,8,2298,2,-1,10,1,10
2018210326003,1,9,0,9,0,8,0,0,0,0,1,1,6,2,25,5,998,1,4,3,1,3
2018210326003,2,1,0,18,0,8,0,0,0,0,3,1,6,1,30,6,-1,-1,-1,10,1,10
2018210326066,1,9,0,18,0,0,0,0,0,0,1,1,6,2,73,10,1200,1,2,3,1,3
2018210326066,2,9,0,3,0,0,0,0,0,0,2,1,2,1,49,8,1969,2,3,8,1,8
2018210326092,1,9,0,7,0,0,1,0,7,0,0,1,6,2,-1,-1,1197,1,7,-1,-1,-1
2018210326092,2,9,0,2,0,0,0,0,0,0,1,1,6,1,66,10,1985,1,20,9,1,9
2018210326092,3,19,0,18,0,0,0,0,0,0,1,1,6,1,35,6,2198,2,12,-1,-1,-1
2018210326113,1,5,0,2,0,0,0,0,0,0,1,1,6,1,48,8,998,1,13,4,1,4
2018210326113,2,9,0,2,0,0,0,0,0,0,1,1,6,3,-1,-1,-1,-1,-1,-1,-1,-1
2018210326189,1,9,0,9,0,1,0,0,0,0,0,1,6,1,20,4,1229,1,7,9,3,9
2018210326192,1,9,0,18,0,0,0,0,0,0,1,1,5,2,23,5,1398,1,7,9,1,9
2018210326192,2,9,0,18,0,0,0,0,0,0,2,1,6,2,21,5,1968,2,8,4,1,4
2018210326324,1,9,0,18,0,2,0,0,0,0,4,1,6,2,62,9,1124,1,17,2,1,2
2018210326324,2,9,0,18,0,1,0,0,0,0,1,1,6,2,72,10,1364,1,11,6,3,6
2018210326417,1,9,0,3,0,1,0,0,0,0,1,1,6,1,37,7,-1,-1,-1,1,1,1
2018210326417,2,9,0,3,0,1,0,0,0,0,2,1,6,2,29,6,1598,2,7,1,1,1
2018210326417,3,9,0,3,0,1,0,0,0,0,2,1,6,2,27,6,1240,1,12,4,1,4
2018210326431,1,9,0,5,0,6,0,0,0,0,1,1,6,1,20,4,998,1,2,-1,-1,-1
2018210326433,1,5,0,7,0,1,0,0,0,0,3,1,6,1,24,5,645,1,6,4,1,4
2018210326433,2,9,0,18,0,6,0,0,0,0,1,1,6,1,45,7,1896,2,10,1,1,1
2018210326442,1,9,0,6,0,0,0,0,0,0,1,1,6,2,27,6,1461,2,5,3,1,3
2018210326442,2,1,0,18,0,0,0,0,0,0,1,1,6,1,-1,-1,-1,-1,-1,9,1,9
2018210326490,1,9,0,18,0,3,0,0,0,0,1,1,1,2,31,6,1598,2,1,8,1,8
2018210326490,2,9,0,18,0,3,0,0,0,0,2,1,6,1,44,7,-1,-1,-1,3,1,3
2018210326577,1,9,0,4,0,0,0,0,0,0,2,1,2,2,43,7,-1,-1,-1,1,1,1
2018210326577,2,9,0,18,0,0,0,0,0,0,1,1,6,1,17,4,1149,1,12,7,1,7
2018210326577,3,9,0,18,0,0,0,0,0,0,2,1,2,1,46,8,1910,2,13,8,3,8
2018210326577,4,9,0,18,0,0,0,0,0,0,4,1,6,2,31,6,1364,1,12,4,1,4
2018210326579,1,9,0,5,0,1,0,0,0,0,1,1,6,1,36,7,1399,2,8,6,1,6
2018210326579,2,9,0,8,0,1,0,0,0,0,2,1,2,2,64,9,1199,1,15,6,-1,6
2018210326583,1,19,0,9,0,2,0,0,0,0,0,1,1,1,52,8,2143,2,-1,8,2,8
2018210326725,1,9,0,18,0,0,0,0,0,0,1,1,6,2,28,6,1398,1,1,-1,1,-1
2018210326725,2,9,0,4,0,0,0,0,0,0,2,1,6,2,33,6,4999,1,1,8,2,8
2018210326866,1,9,0,18,8,0,0,0,0,0,3,1,6,1,58,9,-1,-1,-1,9,1,9
2018210326866,2,9,0,18,0,0,0,0,0,0,1,1,6,2,37,7,2191,2,1,2,1,2
2018210327149,1,9,0,5,0,1,0,0,0,0,1,1,6,2,17,4,1149,1,-1,8,1,8
2018210327149,2,21,1,18,0,1,0,0,7,0,1,1,1,1,47,8,12900,2,8,5,1,5
2018210327154,1,9,0,2,0,0,0,0,0,0,2,1,6,2,47,8,1197,1,1,10,1,10
2018210327154,2,9,0,16,0,0,0,0,0,0,2,1,6,2,44,7,1995,1,12,5,1,5
2018210327173,1,19,0,18,0,0,1,0,0,0,1,1,6,1,28,6,1686,2,15,2,1,2
2018210327173,2,9,0,18,0,0,0,0,0,0,1,1,6,2,48,8,1229,1,8,4,2,4
2018210327583,1,9,0,4,0,1,0,0,0,0,0,1,6,1,-1,-1,1560,2,12,2,1,2
2018210327583,2,5,0,18,0,1,1,0,0,0,0,1,6,1,63,9,649,1,8,1,1,1
2018210328203,1,9,0,13,0,0,0,0,0,0,0,1,1,1,51,8,-1,-1,-1,5,1,5
2018210328203,2,1,0,18,0,0,0,0,0,0,3,1,6,1,55,8,-1,-1,-1,9,1,9
2018210328360,1,5,0,18,0,0,0,0,0,0,4,1,6,1,65,9,1084,1,20,1,1,1
2018210328360,2,9,0,18,0,0,0,0,0,0,1,1,6,1,26,6,-1,-1,-1,1,1,1
2018210328360,3,9,0,18,0,0,0,0,0,0,4,1,6,2,35,6,-1,-1,-1,8,1,8
2018210328503,1,19,0,5,0,0,0,0,0,0,3,1,2,1,58,9,2402,2,7,5,1,5
2018210328503,2,1,0,18,0,0,0,0,0,0,-1,1,5,1,-1,-1,-1,-1,-1,8,1,8
2018210328553,1,9,0,18,0,1,0,0,0,0,3,1,1,1,32,6,1796,1,11,7,1,7
2018210328553,2,3,0,18,0,1,0,0,0,0,4,1,1,1,24,5,124,1,2,4,1,4
2018210329201,1,9,0,16,0,0,0,0,0,0,1,1,6,1,30,6,998,1,5,6,1,6
2018210329201,2,9,0,17,0,0,0,0,0,0,1,1,5,1,59,9,2179,2,11,8,3,8
2018210329535,1,9,0,5,9,1,0,0,0,0,4,1,6,2,24,5,1360,1,11,6,1,6
2018210329535,2,1,0,18,9,1,0,0,0,0,1,1,4,1,13,3,-1,-1,-1,6,1,6
2018210329763,1,-1,-1,11,0,3,0,0,0,0,4,1,6,3,-1,-1,-1,-1,-1,-1,-1,-1
2018210329763,2,9,0,18,0,3,0,0,1,0,1,1,6,2,45,7,1499,1,1,9,1,9
2018210329763,3,9,0,18,0,8,0,0,0,0,3,1,6,2,62,9,1197,1,1,7,1,7
2018210329763,4,9,0,18,0,8,0,0,0,0,3,1,6,2,25,5,1360,1,11,2,1,2
2018210329914,1,9,0,18,0,8,0,0,0,0,4,1,1,1,39,7,1896,2,15,10,1,10
2018210329914,2,3,0,18,0,1,0,0,0,0,1,1,1,1,69,10,124,1,3,3,1,3
2018210330050,1,16,0,7,0,2,5,0,0,0,3,1,5,1,55,8,-1,-1,-1,10,1,10
2018210330090,1,21,1,18,0,8,0,0,0,0,0,1,1,1,36,7,12809,2,4,3,2,3
2018210330128,1,9,0,9,0,6,0,0,0,0,1,1,6,1,42,7,998,1,-1,3,1,3
2018210330128,2,9,0,18,0,1,0,0,0,0,1,1,6,2,20,4,-1,-1,-1,4,1,4
2018210330197,1,9,0,5,9,1,0,0,0,0,0,1,6,1,66,10,1950,2,1,-1,-1,-1
2018210330206,1,9,0,9,0,1,0,0,0,0,1,1,6,2,25,5,1242,1,3,4,1,4
2018210330206,2,9,0,17,0,1,0,0,0,0,1,1,6,1,82,11,1998,1,19,-1,-1,-1
2018210330209,1,9,0,18,0,0,0,0,0,0,4,1,6,1,28,6,1896,2,16,4,1,4
2018210330209,2,9,0,18,0,0,0,0,0,0,3,1,2,1,38,7,1150,1,12,1,1,1
2018210330234,1,9,0,9,0,0,0,0,0,0,1,1,1,2,24,5,1229,1,3,4,1,4
2018210330234,2,1,0,18,0,0,0,0,0,0,3,1,6,1,63,9,-1,-1,-1,1,1,1
2018210330244,1,9,0,9,0,6,0,0,0,0,2,1,1,1,24,5,-1,-1,-1,6,1,6
2018210330244,2,9,0,18,0,1,0,0,0,0,1,1,1,2,43,7,1364,1,13,2,1,2
2018210330271,1,9,0,18,0,0,0,0,0,0,4,1,6,1,23,5,1275,1,20,6,1,6
2018210330323,1,9,0,11,0,1,0,0,0,0,4,1,6,1,21,5,999,1,-1,2,1,2
2018210330323,2,9,0,18,0,8,0,0,0,0,1,1,1,1,38,7,1997,2,6,3,1,3
2018210330327,1,9,0,18,0,0,0,0,0,0,2,1,6,2,23,5,1248,2,5,5,1,5
2018210330327,2,9,0,3,0,0,0,0,0,0,1,1,6,2,36,7,2143,2,9,10,2,10
2018210330344,1,9,0,9,0,1,0,0,0,0,1,1,6,1,28,6,1360,1,10,8,1,8
2018210330344,2,4,0,18,0,1,0,0,0,0,1,1,6,1,51,8,200,1,-1,5,3,5
2018210330400,1,9,0,18,0,4,0,0,0,0,1,1,6,2,56,9,1598,1,8,9,1,9
2018210330400,2,1,0,18,0,4,0,0,0,0,1,1,6,1,42,7,-1,-1,-1,6,1,6
2018210330414,1,9,0,7,0,1,0,0,0,0,1,1,6,1,58,9,1984,1,1,9,2,9
2018210330414,2,9,0,18,0,1,0,0,0,0,4,1,6,2,53,8,1956,2,3,7,1,7
2018210330693,1,9,0,9,0,8,0,0,0,0,1,1,1,1,51,8,-1,-1,-1,1,1,1
2018210330693,2,3,0,18,0,8,0,0,0,0,3,1,1,1,29,6,124,1,8,1,1,1
2018210330778,1,5,0,13,0,0,5,0,0,0,1,1,6,1,58,9,750,1,4,2,1,2
2018210330778,2,19,0,18,0,0,0,0,0,0,2,1,6,1,28,6,1995,2,1,7,1,7
2018210330801,1,97,0,5,0,1,5,0,0,0,2,1,6,1,18,4,-1,-1,-1,1,1,1
2018210330801,2,9,0,18,0,1,0,0,1,0,4,1,6,2,61,9,1149,1,15,1,1,1
2018210331118,1,20,1,18,0,0,0,4,0,0,1,1,1,1,29,6,-1,-1,-1,2,1,2
2018210331118,2,9,0,2,6,0,0,0,0,0,3,1,1,1,41,7,1995,2,-1,8,1,8
2018210331156,1,9,0,18,0,0,0,0,0,0,-1,1,6,1,23,5,1598,2,5,4,1,4
2018210331156,2,9,-1,18,-1,0,-1,-1,-1,0,-1,1,6,2,62,9,2499,2,13,10,3,10
2018210331569,1,21,0,12,0,0,0,0,0,0,1,1,1,1,40,7,-1,-1,-1,-1,-1,-1
2018210331569,2,9,0,13,0,0,0,0,0,0,3,1,6,2,66,10,1598,1,18,4,1,4
2018210331599,1,9,0,5,0,0,0,0,0,0,3,1,6,1,59,9,1242,1,14,7,1,7
2018210331599,2,2,0,13,0,0,0,0,0,0,1,1,2,1,23,5,49,1,17,4,1,4
2018210331601,1,21,0,12,0,0,0,0,0,0,1,1,1,1,39,7,-1,-1,-1,-1,-1,-1
2018210331601,2,9,0,18,0,0,1,7,0,0,3,1,6,1,54,8,1997,1,15,5,1,5
2018210331611,1,9,0,18,0,0,0,0,0,0,1,1,5,2,24,5,999,1,1,3,1,3
2018210331611,2,9,0,4,0,0,0,0,0,0,2,1,1,1,55,8,1999,1,10,7,1,7
2018210331746,1,21,0,11,0,0,0,0,0,0,0,1,1,1,56,9,-1,-1,-1,8,1,8
2018210331746,2,9,0,18,0,0,1,0,0,0,4,1,6,1,35,6,1299,1,15,9,1,9
2018210331868,1,9,0,16,0,0,0,0,0,0,1,1,1,1,50,8,998,1,-1,9,1,9
2018210331868,2,90,0,17,0,0,0,0,0,0,1,1,1,1,36,7,-1,-1,-1,10,2,10
2018210332048,1,8,0,18,0,1,0,0,0,0,1,1,1,1,35,6,-1,-1,-1,1,1,1
2018210332048,2,3,0,17,0,1,0,0,0,0,1,1,6,1,21,5,125,1,2,4,1,4
2018210332171,1,9,0,9,0,1,0,0,0,0,3,1,1,1,47,8,1587,1,19,1,1,1
2018210332171,2,9,0,18,0,1,0,0,0,0,3,1,1,1,28,6,1995,2,7,7,3,7
2018210332258,1,9,0,17,0,0,1,7,0,0,1,1,6,2,30,6,1390,1,12,1,1,1
2018210332258,2,9,0,16,0,0,0,7,0,0,1,1,6,1,67,10,2179,2,3,8,2,8
2018210332324,1,3,0,18,0,4,0,0,0,0,1,1,2,1,26,6,-1,-1,-1,1,1,1
2018210332324,2,9,0,18,0,4,0,0,0,0,4,1,6,1,36,7,1995,2,11,2,1,2
2018210332382,1,90,0,16,0,0,0,0,0,0,1,1,1,1,23,5,-1,-1,-1,8,-1,8
2018210332382,2,9,0,3,0,0,0,0,0,0,2,1,6,1,31,6,1242,1,14,6,2,6
2018210332382,3,9,0,4,0,0,0,0,0,0,1,1,6,2,21,5,1229,1,5,8,3,8
2018210332486,1,9,0,7,7,0,0,0,1,0,1,1,5,2,23,5,1229,1,9,9,3,9
2018210332504,1,10,0,18,0,0,0,0,0,0,1,1,1,1,35,6,-1,-1,-1,3,1,3
2018210332504,2,9,0,10,0,0,0,0,0,0,1,1,3,2,50,8,1998,2,1,6,3,6
2018210332637,1,19,0,18,0,0,0,0,0,0,2,1,1,1,45,7,1598,2,-1,5,1,5
2018210332637,2,9,0,18,0,0,0,0,0,0,2,1,1,2,21,5,1242,1,9,2,1,2
2018210332637,3,9,0,18,0,0,0,0,0,0,2,1,1,2,21,5,-1,-1,-1,5,1,5
2018210332637,4,8,0,18,0,0,0,0,0,0,2,1,1,1,30,6,1995,2,8,1,1,1
2018210332650,1,9,0,18,0,6,0,0,0,0,1,1,6,1,38,7,1596,1,18,7,1,7
2018210332650,2,9,0,7,0,1,0,0,0,0,1,1,6,1,78,11,1398,1,-1,9,1,9
2018210332750,1,5,0,13,0,8,0,0,1,0,4,1,6,1,48,8,1050,1,7,8,1,8
2018210332750,2,9,0,10,0,8,0,0,0,0,1,1,2,1,55,8,1998,2,8,4,1,4
2018210332810,1,9,0,18,0,0,0,0,0,0,1,1,6,2,28,6,2435,1,16,8,1,8
2018210332810,2,9,0,4,0,0,0,0,0,0,2,1,6,2,64,9,999,1,2,5,1,5
2018210332831,1,9,0,4,0,0,0,0,0,0,1,1,1,1,36,7,1797,8,4,9,2,9
2018210332964,1,9,0,-1,-1,0,-1,-1,-1,0,1,1,5,1,36,7,1896,2,17,7,3,7
2018210332964,2,9,0,-1,-1,0,-1,-1,-1,0,2,1,5,1,33,6,1242,1,13,3,1,3
2018210332967,1,9,0,18,0,0,0,0,0,0,1,1,6,2,53,8,1968,2,1,9,1,9
2018210332967,2,9,0,18,0,0,0,0,0,0,1,1,6,2,46,8,1198,1,6,8,2,8
2018210332967,3,9,0,18,0,0,0,0,0,0,2,1,6,1,49,8,1396,1,16,7,1,7
2018210332982,1,98,0,18,9,0,0,0,0,0,3,1,6,3,-1,-1,-1,-1,-1,-1,-1,-1
2018210333006,1,9,0,17,0,0,5,10,1,2,1,1,6,2,30,6,1998,1,-1,10,1,10
2018210333085,1,9,0,12,0,0,5,10,1,0,2,1,5,1,19,4,1796,1,12,1,1,1
2018210333085,2,9,1,18,0,0,0,0,0,0,1,1,1,1,40,7,-1,-1,-1,2,1,2
2018210333134,1,9,0,18,9,0,0,0,0,0,4,1,6,2,31,6,1560,2,12,3,1,3
2018210333134,2,1,0,18,9,0,0,0,0,0,4,1,5,1,29,6,-1,-1,-1,3,1,3
2018210333220,1,9,-1,-1,-1,0,-1,-1,-1,0,-1,1,6,2,32,6,-1,-1,-1,1,1,1
2018210333406,1,9,0,4,0,0,0,0,0,0,2,1,6,2,34,6,1498,1,2,10,1,10
2018210333406,2,9,0,4,0,0,0,0,0,0,1,1,6,1,51,8,1799,1,8,2,1,2
2018210333406,3,9,0,4,0,0,0,0,0,0,2,1,6,1,49,8,2000,1,13,8,1,8
2018210333412,1,9,0,18,0,0,0,0,0,0,1,1,6,1,20,4,1598,1,12,-1,-1,-1
2018210333412,2,9,0,3,0,0,0,0,0,0,2,1,6,2,29,6,1398,1,10,2,1,2
2018210333412,3,8,0,3,0,0,0,0,0,0,2,1,1,1,36,7,-1,-1,-1,1,1,1
2018210333446,1,21,-1,-1,0,8,0,0,0,0,3,1,1,1,29,6,2143,2,4,4,1,4
2018210333446,2,9,0,16,0,8,0,0,0,0,3,1,6,2,22,5,1368,1,6,7,1,7
2018210333483,1,9,0,9,0,1,0,0,0,0,2,1,6,2,26,6,1248,2,5,7,1,7
2018210333483,2,9,0,18,0,8,0,0,0,0,3,1,6,2,32,6,-1,-1,-1,2,1,2
2018210333516,1,9,0,9,0,1,0,0,0,0,0,1,6,1,42,7,-1,-1,-1,8,1,8
2018210333516,2,1,0,18,0,1,0,0,0,0,3,1,6,1,74,10,-1,-1,-1,9,1,9
2018210333558,1,1,0,9,0,1,0,0,0,0,1,1,6,1,21,5,-1,-1,-1,10,1,10
2018210333558,2,9,0,18,0,1,0,0,0,0,1,1,6,2,39,7,1598,2,8,10,3,10
2018210333592,1,9,0,9,0,0,0,0,0,0,1,1,6,1,35,6,1796,1,17,8,2,8
2018210333592,2,1,0,18,0,0,0,0,0,0,1,1,6,1,56,9,-1,-1,-1,7,3,7
2018210333613,1,19,0,4,0,0,0,0,0,0,2,1,6,1,35,6,2198,2,2,6,-1,6
2018210333613,2,20,0,18,0,0,0,0,0,0,1,1,6,1,31,6,5132,2,1,4,1,4
2018210333661,1,9,0,9,0,6,0,0,0,0,1,1,6,1,74,10,1582,2,3,9,1,9
2018210333661,2,9,0,18,0,1,0,0,0,0,1,1,6,1,51,8,1390,1,14,7,2,7
2018210333730,1,9,0,9,0,5,0,0,3,0,3,1,6,2,27,6,1368,1,10,1,1,1
2018210333730,2,3,0,18,0,1,0,0,0,0,1,1,6,1,18,4,125,1,4,3,1,3
2018210333917,1,9,0,18,0,8,0,0,2,11,1,1,6,2,55,8,996,1,4,2,1,2
2018210333917,2,9,0,18,0,8,0,0,0,0,2,1,6,1,46,8,1984,1,11,5,1,5
2018210333942,1,9,0,18,0,0,0,0,0,0,1,1,6,3,-1,-1,1596,1,12,-1,-1,-1
2018210333942,2,9,0,8,0,0,0,0,0,0,2,1,6,1,32,6,1496,2,2,10,1,10
2018210333965,1,9,0,18,0,0,1,7,0,0,1,1,6,1,44,7,998,1,10,4,1,4
2018210333965,2,21,0,18,0,0,0,0,0,0,3,1,1,1,45,7,12902,2,1,-1,1,-1
2018210333965,3,9,0,2,6,0,0,0,0,0,0,1,6,2,52,8,1598,1,4,2,1,2
2018210333973,1,9,0,9,0,8,0,0,0,0,4,1,6,1,71,10,1997,1,27,5,1,5