Accident_Index,Vehicle_Reference,Vehicle_Type,Towing_and_Articulation,Vehicle_Manoeuvre,Vehicle_Location-Restricted_Lane,Junction_Location,Skidding_and_Overturning,Hit_Object_in_Carriageway,Vehicle_Leaving_Carriageway,Hit_Object_off_Carriageway,1st_Point_of_Impact,Was_Vehicle_Left_Hand_Drive?,Journey_Purpose_of_Driver,Sex_of_Driver,Age_of_Driver,Age_Band_of_Driver,Engine_Capacity_(CC),Propulsion_Code,Age_of_Vehicle,Driver_IMD_Decile,Driver_Home_Area_Type,Vehicle_IMD_Decile
2018210333973,2,90,0,18,0,8,0,0,0,0,0,1,6,2,48,8,-1,-1,-1,2,1,2
2018210333973,3,9,0,18,0,8,0,0,0,0,1,1,6,1,60,9,2184,2,8,2,1,2
2018210334002,1,8,0,9,0,0,0,0,0,0,1,1,1,1,30,6,1995,2,3,2,1,2
2018210334002,2,5,0,18,0,0,0,0,0,0,1,1,6,1,31,6,125,1,7,7,1,7
2018210334021,1,9,0,5,0,0,0,0,0,0,3,1,6,2,40,7,1598,2,8,10,2,10
2018210334041,1,9,0,9,0,1,0,0,0,0,4,1,1,2,34,6,1395,1,4,7,1,7
2018210334041,2,9,0,17,0,1,0,0,0,0,1,1,1,2,44,7,1969,2,3,8,3,8
2018210334055,1,9,0,18,0,3,0,0,0,0,1,1,5,1,69,10,1968,2,1,6,1,6
2018210334055,2,9,-1,-1,-1,-1,-1,-1,-1,0,-1,1,6,1,64,9,1685,2,2,2,1,2
2018210334055,3,98,0,18,0,2,0,0,0,0,-1,1,1,1,26,6,-1,-1,-1,1,1,1
2018210334063,1,19,0,6,0,0,0,0,0,0,1,1,6,1,55,8,2198,2,10,5,1,5
2018210334063,2,9,0,18,0,0,0,0,0,0,1,1,6,2,23,5,1598,2,5,6,1,6
2018210334077,1,9,0,18,0,0,0,7,0,0,1,1,4,1,47,8,1910,2,13,2,1,2
2018210334077,2,9,0,3,0,0,0,0,0,0,2,1,1,1,44,7,1686,2,8,2,1,2
2018210334077,3,19,0,3,0,0,0,0,0,0,2,1,1,1,46,8,2298,2,5,4,1,4
2018210334078,1,9,0,17,8,5,2,0,7,0,1,1,2,1,31,6,1984,1,1,7,1,7
2018210334084,1,9,0,18,0,0,0,0,0,0,1,1,6,3,-1,-1,-1,-1,-1,-1,-1,-1
2018210334084,2,9,0,18,0,0,0,0,0,0,2,1,6,1,46,8,-1,-1,-1,5,1,5
2018210334084,3,9,0,18,0,0,0,0,0,0,2,1,6,1,58,9,-1,-1,-1,9,1,9
2018210334084,4,9,0,18,0,0,0,0,0,0,0,1,6,1,-1,-1,2967,2,2,-1,-1,-1
2018210334090,1,9,0,18,0,4,0,0,0,0,1,1,6,1,37,7,1686,2,11,1,1,1
2018210334090,2,1,0,18,0,4,0,0,0,0,2,1,6,1,53,8,-1,-1,-1,10,2,10
2018210334187,1,9,0,6,0,0,0,0,0,0,1,1,6,2,56,9,-1,-1,-1,7,3,7
2018210334187,2,11,0,9,0,0,0,0,0,0,1,1,1,1,54,8,9000,2,8,4,1,4
2018210334426,1,9,0,16,0,0,0,0,0,0,1,1,6,3,-1,-1,-1,-1,-1,-1,-1,-1
2018210334426,2,9,0,18,0,0,0,0,0,0,1,1,6,1,74,10,998,1,5,8,3,8
2018210334457,1,3,0,18,0,0,0,0,1,0,1,1,6,1,19,4,124,1,10,7,1,7
2018210334505,1,9,0,18,0,8,0,0,0,0,3,1,6,1,46,8,1956,2,4,6,1,6
2018210334505,2,8,0,10,0,6,0,7,0,0,1,1,1,1,42,7,1998,2,8,1,1,1
2018210334513,1,9,0,17,0,0,1,0,1,0,4,1,2,1,27,6,1499,2,2,10,2,10
2018210334625,1,11,0,18,0,0,0,0,0,0,0,1,1,1,52,8,3900,2,15,4,1,4
2018210334656,1,9,0,9,0,8,0,0,0,0,3,1,6,2,84,11,1086,1,10,2,1,2
2018210334656,2,1,0,18,0,8,0,0,0,0,4,1,6,1,-1,-1,-1,-1,-1,2,1,2
2018210334681,1,9,0,16,0,0,5,11,0,0,1,1,2,1,19,4,-1,-1,-1,6,3,6
2018210334715,1,9,0,18,0,1,0,0,0,0,0,1,6,1,73,10,1591,1,1,2,1,2
2018210334715,2,9,0,18,0,1,0,0,0,0,0,1,6,1,41,7,-1,-1,-1,1,1,1
2018210334748,1,9,0,18,0,0,1,0,0,0,1,1,6,1,17,4,1910,2,10,2,1,2
2018210334748,2,9,0,18,0,0,0,0,0,0,2,1,6,1,65,9,1388,1,13,1,1,1
2018210334748,3,9,0,2,0,0,0,0,0,0,1,1,6,2,-1,-1,1229,1,5,3,1,3
2018210334748,4,9,0,2,0,0,0,0,0,0,1,1,6,1,-1,-1,1910,2,11,-1,-1,-1
2018210334828,1,9,0,9,9,0,0,0,0,0,1,1,6,2,48,8,1969,2,2,2,1,2
2018210334841,1,9,0,18,0,0,0,0,0,0,1,1,6,2,31,6,1496,2,2,2,1,2
2018210334841,2,9,0,18,0,0,0,0,0,0,1,1,6,2,71,10,1591,1,5,4,2,4
2018210334876,1,21,0,2,0,0,0,0,0,0,2,1,1,1,33,6,-1,-1,-1,-1,-1,-1
2018210334876,2,9,0,2,0,0,0,0,0,0,4,1,6,2,45,7,1685,2,2,6,1,6
2018210334876,3,9,0,18,0,0,0,0,0,0,1,1,6,1,41,7,1461,2,6,3,1,3
2018210334904,1,9,0,1,0,-1,0,0,0,0,2,1,6,1,-1,-1,1339,1,9,2,1,2
2018210334904,2,9,0,2,0,-1,0,0,0,0,2,1,6,1,-1,-1,-1,-1,-1,1,1,1
2018210334919,1,9,0,18,0,1,0,0,0,0,1,1,6,1,17,4,998,1,10,8,2,8
2018210334919,2,9,0,10,0,1,0,0,0,0,3,1,6,2,41,7,1497,8,1,7,1,7
2018210334927,1,9,0,3,0,1,0,0,0,0,1,1,2,2,48,8,1149,1,6,4,2,4
2018210334927,2,9,0,3,0,1,0,0,0,0,2,1,2,1,22,5,1998,2,12,9,3,9
2018210335169,1,9,-1,18,0,1,0,0,0,0,-1,1,6,1,21,5,1399,2,16,-1,-1,-1
2018210335169,2,9,0,18,0,1,0,0,0,0,1,1,6,2,38,7,1296,1,12,1,1,1
2018210335170,1,5,0,13,0,1,0,0,0,0,4,1,6,1,50,8,1340,1,4,9,1,9
2018210335170,2,9,0,9,0,1,0,0,0,0,2,1,6,1,40,7,1968,2,6,1,1,1
2018210335200,1,9,0,18,0,1,0,0,0,0,1,1,6,2,43,7,1998,2,11,3,1,3
2018210335200,2,1,0,18,9,8,0,0,0,0,3,1,6,1,29,6,-1,-1,-1,-1,-1,-1
2018210335233,1,9,0,18,0,1,0,0,0,0,1,1,6,1,36,7,1240,1,14,-1,-1,-1
2018210335276,1,5,0,16,0,0,0,0,0,0,1,1,6,1,38,7,781,1,20,1,1,1
2018210335276,2,9,0,17,0,0,0,0,0,0,1,1,6,2,21,5,998,1,2,2,1,2
2018210335279,1,9,0,16,0,1,0,0,1,0,1,1,6,1,55,8,1781,1,16,7,1,7
2018210335279,2,9,0,9,0,1,0,0,7,0,1,1,6,1,54,8,1995,1,10,10,1,10
2018210335379,1,9,0,18,0,1,0,0,0,0,1,1,6,1,65,9,1975,1,12,7,1,7
2018210335532,1,9,0,18,0,3,0,0,0,0,1,1,6,3,30,6,-1,-1,-1,-1,-1,-1
2018210335556,1,9,0,18,0,0,0,0,0,0,1,1,6,1,20,4,1229,1,6,9,1,9
2018210335556,2,9,0,3,0,0,0,0,0,0,2,1,6,1,67,10,1461,2,1,8,1,8
2018210335578,1,9,-1,-1,-1,-1,-1,-1,-1,0,-1,1,5,1,17,4,998,1,11,6,1,6
2018210335578,2,9,-1,-1,-1,-1,-1,-1,-1,0,-1,1,5,2,49,8,1686,2,6,1,1,1
2018210335716,1,9,0,1,0,0,0,0,0,0,2,1,6,1,24,5,1997,2,14,2,1,2
2018210335716,2,9,0,3,0,0,0,0,0,0,1,1,6,1,22,5,998,1,3,2,1,2
2018210335761,1,9,0,18,0,1,0,0,0,0,4,1,1,2,42,7,2143,2,3,6,1,6
2018210335761,2,2,0,18,0,5,0,0,0,0,3,1,1,1,16,4,49,1,7,6,1,6
2018210335761,3,9,0,2,0,1,0,0,0,0,3,1,5,1,-1,-1,1398,1,14,1,1,1
2018210335873,1,9,0,2,6,0,0,0,0,0,3,1,6,1,30,6,1582,2,7,5,3,5
2018210335873,2,98,1,18,0,0,0,0,0,0,4,1,1,1,25,5,-1,-1,-1,2,1,2
2018210335878,1,9,0,18,0,1,0,0,0,0,1,1,6,1,21,5,1399,2,9,7,1,7
2018210335878,2,9,0,4,0,1,0,0,0,0,2,1,6,1,23,5,1598,2,3,6,1,6
2018210335931,1,9,0,5,0,8,0,0,0,0,1,1,6,2,26,6,1896,2,15,2,1,2
2018210335931,2,9,0,18,0,1,0,0,0,0,4,1,6,2,30,6,1997,2,8,5,1,5
2018210336015,1,9,0,18,0,0,0,0,0,0,2,1,6,2,39,7,998,1,1,2,1,2
2018210336015,2,9,0,18,0,0,0,0,0,0,1,1,6,2,19,4,1240,1,9,2,1,2
2018210336015,3,9,0,18,0,0,0,0,0,0,1,1,6,2,35,6,1799,1,10,4,1,4
2018210336015,4,9,0,18,0,0,0,0,0,0,1,1,6,2,24,5,1995,2,2,4,1,4
2018210336015,5,9,0,18,0,0,0,0,0,0,1,1,6,2,19,4,1242,1,11,1,1,1
2018210336015,6,9,0,18,0,0,0,0,0,0,1,1,6,2,31,6,1598,2,4,1,1,1
2018210336038,1,19,0,1,0,0,0,0,0,0,2,1,6,1,-1,-1,1995,2,4,10,1,10
2018210336038,2,9,0,2,-1,0,0,0,0,0,1,1,6,1,30,6,1364,1,9,6,1,6
2018210336094,1,8,0,18,0,8,0,10,0,0,0,1,1,1,42,7,1997,2,9,2,1,2
2018210336101,1,9,0,14,0,0,0,0,0,0,1,1,6,1,23,5,2494,1,29,9,1,9
2018210336101,2,9,0,18,0,0,0,0,0,0,1,1,6,2,55,8,1968,2,3,9,1,9
2018210336122,1,9,0,18,0,0,0,11,0,0,1,1,6,2,79,11,1364,1,10,1,1,1
2018210336123,1,9,0,9,0,8,0,0,0,0,4,1,6,1,18,4,1242,1,13,8,2,8
2018210336123,2,9,0,18,0,8,0,0,0,0,3,1,6,2,18,4,1598,2,8,1,1,1
2018210336222,1,9,0,16,0,1,0,0,0,0,1,1,6,1,24,5,1399,2,12,7,1,7
2018210336222,2,1,0,18,-1,-1,0,0,0,0,-1,1,6,1,11,3,-1,-1,-1,6,1,6
2018210336342,1,19,0,16,0,0,0,0,0,0,0,1,6,3,30,6,-1,-1,-1,-1,-1,-1
2018210336342,2,9,0,16,0,0,0,0,7,0,1,1,6,2,34,6,1686,2,12,8,3,8
2018210336368,1,9,0,5,0,8,0,0,0,0,3,1,5,2,59,9,1598,2,2,9,1,9
2018210336368,2,1,0,18,0,1,0,0,0,0,1,1,5,2,55,8,-1,-1,-1,-1,-1,-1
2018210336378,1,9,0,1,0,0,0,11,0,0,2,1,1,1,-1,-1,1998,2,9,1,1,1
2018210336402,1,9,0,18,0,1,0,0,0,0,1,1,6,1,40,7,1598,1,11,-1,-1,-1
2018210336402,2,9,0,18,0,1,0,0,0,0,1,1,6,1,27,6,1206,1,10,-1,-1,-1
2018210336424,1,9,0,18,0,0,0,0,0,0,4,1,1,1,20,4,2191,2,3,8,1,8
2018210336426,1,9,0,18,0,1,0,0,0,0,3,1,6,1,84,11,1796,1,11,7,1,7
2018210336439,1,9,-1,-1,-1,-1,-1,-1,-1,0,-1,1,1,1,21,5,1598,2,1,1,1,1
2018210336439,2,9,-1,-1,-1,-1,-1,-1,-1,0,-1,1,1,1,28,6,1598,1,3,6,1,6
2018210336439,3,9,-1,-1,-1,-1,-1,-1,-1,0,-1,1,1,2,59,9,-1,-1,-1,2,1,2
2018210336443,1,9,0,18,0,8,0,0,0,0,3,1,6,1,53,8,1498,1,-1,2,1,2
2018210336457,1,9,0,18,0,0,1,0,1,0,1,1,6,1,33,6,1199,1,19,4,1,4
2018210336467,1,9,0,18,0,0,0,0,0,0,1,1,5,2,31,6,1388,1,9,8,1,8
2018210336467,2,9,0,10,0,0,0,0,0,0,2,1,5,1,28,6,1229,1,5,4,1,4
2018210336468,1,3,0,3,0,1,1,0,0,0,3,1,2,1,43,7,125,1,3,2,1,2
2018210336491,1,9,0,18,0,8,1,0,0,0,1,1,6,2,18,4,998,1,13,5,1,5
2018210336491,2,19,0,18,0,1,0,0,0,0,1,1,6,1,60,9,2198,2,12,4,1,4
2018210336496,1,9,0,12,0,1,0,0,0,0,4,1,1,1,38,7,1995,2,2,9,1,9
2018210336496,2,3,0,15,0,1,2,0,0,0,1,1,1,1,30,6,124,1,-1,1,1,1
2018210336499,1,9,0,18,0,8,0,0,0,0,1,1,6,1,48,8,1984,1,13,2,1,2
2018210336499,2,9,0,9,0,8,0,0,0,0,1,1,6,2,23,5,1229,1,3,3,1,3
2018210336500,1,9,0,18,0,0,0,0,0,0,3,1,6,1,17,4,998,1,5,7,1,7
2018210336500,2,9,0,2,0,0,0,0,0,0,4,1,6,1,33,6,1598,2,4,5,1,5
2018210336516,1,9,0,5,0,0,0,0,0,0,0,1,6,1,44,7,2494,8,-1,1,1,1
2018210336516,2,3,0,18,0,0,1,0,0,0,0,1,6,1,20,4,125,1,-1,8,1,8
2018210336518,1,2,0,4,0,1,5,0,0,0,3,1,6,1,17,4,125,1,12,10,1,10
2018210336518,2,9,0,18,0,1,0,0,0,0,1,1,6,1,60,9,-1,-1,-1,10,1,10
2018210336518,3,9,0,18,0,1,0,0,0,0,1,1,6,2,54,8,1995,2,5,10,1,10
2018210336545,1,9,-1,-1,-1,0,-1,-1,-1,0,-1,1,6,3,35,6,-1,-1,-1,-1,-1,-1
2018210336545,2,1,0,18,0,0,0,0,0,0,1,1,6,2,66,10,-1,-1,-1,2,1,2
2018210336551,1,9,0,16,0,0,5,0,2,0,4,1,2,1,25,5,1362,1,4,1,1,1
2018210336556,1,9,0,9,0,0,0,0,0,0,3,1,1,1,31,6,3960,1,27,10,1,10
2018210336556,2,9,0,18,0,0,0,0,0,0,4,1,6,1,22,5,1781,1,16,4,1,4
2018210336584,1,19,0,9,0,1,0,0,0,0,1,1,6,3,20,4,1560,2,2,-1,-1,-1
2018210336584,2,9,0,18,0,1,0,0,0,0,1,1,6,2,38,7,-1,-1,-1,-1,-1,-1
2018210336596,1,9,0,18,0,0,0,0,0,0,1,1,6,2,60,9,998,1,10,-1,-1,-1
2018210336606,1,9,0,9,0,1,1,0,0,0,1,1,3,2,59,9,1198,1,7,6,1,6
2018210336606,2,1,0,18,0,1,1,0,0,0,1,1,2,1,28,6,-1,-1,-1,2,1,2
2018210336714,1,9,0,18,0,0,0,11,7,0,3,1,6,2,61,9,1685,2,1,4,3,4
2018210336739,1,5,0,18,0,1,5,0,0,0,1,1,6,1,56,9,998,1,12,8,1,8
2018210336739,2,9,0,10,0,6,0,0,0,0,4,1,6,1,59,9,1995,2,2,8,1,8
2018210336749,1,9,0,18,0,5,0,0,0,0,4,1,6,2,75,10,1598,1,5,10,1,10
2018210336749,2,1,0,18,0,1,0,0,0,0,1,1,6,1,16,4,-1,-1,-1,4,1,4
2018210336752,1,9,0,18,0,0,0,0,0,0,4,1,6,3,-1,-1,-1,-1,-1,-1,-1,-1
2018210336752,2,9,0,18,0,0,0,0,0,0,4,1,6,2,40,7,1386,1,10,5,1,5
2018210336770,1,9,0,18,0,0,0,0,0,0,1,1,6,1,61,9,999,1,1,7,1,7
2018210336770,2,9,0,2,0,0,0,0,0,0,2,1,6,1,18,4,1229,1,9,5,1,5
2018210336770,3,9,0,2,0,0,0,0,0,0,2,1,6,1,45,7,998,1,6,5,1,5
2018210336789,1,9,0,1,0,1,0,0,0,0,2,1,1,2,30,6,-1,-1,-1,2,1,2
2018210336792,1,9,0,18,0,3,0,0,0,0,1,1,6,1,81,11,1496,1,-1,7,1,7
2018210336797,1,9,0,18,0,0,0,0,2,0,4,1,6,2,25,5,1240,1,15,3,1,3
2018210336797,2,9,0,18,0,0,0,0,0,0,4,1,2,1,39,7,1398,1,6,10,1,10
2018210336804,1,9,0,13,0,1,0,0,0,0,4,1,6,1,47,8,1685,2,3,7,1,7
2018210336804,2,9,0,18,0,1,0,0,0,0,3,1,6,2,22,5,999,1,2,2,1,2
2018210336808,1,9,0,18,0,6,0,0,0,0,1,1,6,2,35,6,-1,-1,-1,1,1,1
2018210336813,1,9,0,14,0,0,0,0,0,0,1,1,6,1,-1,-1,-1,-1,-1,-1,-1,-1
2018210336824,1,19,0,3,0,1,0,0,0,0,1,1,1,1,-1,-1,2198,2,5,2,1,2
2018210336824,2,9,0,3,0,1,0,0,0,0,2,1,6,2,32,6,988,1,-1,2,1,2
2018210336854,1,9,-1,-1,-1,-1,-1,-1,-1,0,-1,1,6,2,-1,-1,1242,1,7,2,1,2
2018210336854,2,9,-1,-1,-1,-1,-1,-1,-1,0,-1,1,6,1,-1,-1,998,1,3,1,1,1
2018210336855,1,9,0,18,0,0,0,0,0,0,4,1,6,1,19,4,998,1,1,3,1,3
2018210336970,1,9,0,16,0,0,5,-1,0,0,1,1,1,2,19,4,1896,2,10,5,1,5
2018210336991,1,9,0,18,0,0,0,0,0,0,1,1,6,2,72,10,2179,2,4,8,3,8
2018210336991,2,21,1,18,0,0,0,0,0,0,3,1,1,1,52,8,12900,2,4,7,3,7
2018210336994,1,9,0,16,0,0,1,0,7,0,1,1,6,1,79,11,2902,2,13,3,1,3
2018210336994,2,11,0,17,0,0,0,0,0,0,3,1,6,1,73,10,14600,2,30,6,3,6
2018210337046,1,9,0,1,0,0,0,0,0,0,2,1,6,1,22,5,2521,1,10,4,1,4
2018210337050,1,19,4,16,0,0,0,0,0,0,0,1,1,1,62,9,2143,2,3,6,3,6
2018210337050,2,8,0,17,0,0,0,0,0,0,1,1,1,1,68,10,1560,2,5,10,2,10
2018210337064,1,9,0,8,0,4,0,0,0,0,1,1,1,2,34,6,-1,-1,-1,5,1,5
2018210337064,2,19,0,8,0,4,0,0,0,0,2,1,6,1,37,7,1995,2,1,4,1,4
2018210337078,1,9,0,18,0,4,0,0,0,0,1,1,6,1,23,5,1400,2,12,7,1,7
2018210337078,2,9,0,3,0,4,0,0,0,0,2,1,6,1,56,9,1580,8,-1,7,1,7
2018210337084,1,9,0,18,0,0,0,0,0,0,1,1,6,1,37,7,1686,2,7,1,1,1
2018210337084,2,9,0,18,0,0,0,0,0,0,1,1,6,1,26,6,1598,1,5,8,1,8
2018210337088,1,9,0,18,0,1,0,0,0,0,1,1,6,2,36,7,1995,2,8,4,1,4
2018210337088,2,9,0,10,0,1,0,0,1,0,2,1,6,1,40,7,1598,1,10,7,1,7
2018210337088,3,9,0,18,0,1,0,0,1,0,1,1,6,1,29,6,-1,-1,-1,2,1,2
2018210337089,1,9,0,18,0,0,0,0,0,0,1,1,6,1,72,10,1910,2,9,6,1,6
2018210337089,2,90,0,18,0,0,0,0,0,0,0,1,6,1,-1,-1,-1,-1,-1,-1,-1,-1
2018210337122,1,9,0,18,0,0,0,0,1,0,1,1,2,2,21,5,1499,2,1,9,1,9
2018210337131,1,9,0,18,0,0,0,0,0,0,1,1,6,1,30,6,1598,1,4,5,1,5
2018210337131,2,9,0,18,0,0,0,0,0,0,3,1,6,1,25,5,1560,2,7,5,3,5
2018210337132,1,9,0,18,0,4,0,9,0,0,1,1,6,1,19,4,1598,1,12,1,1,1
2018210337132,2,9,0,18,0,3,0,0,0,0,0,1,1,1,31,6,2993,2,2,7,1,7
2018210337148,1,17,0,9,0,0,5,0,0,0,1,1,6,1,68,10,-1,2,24,4,3,4
2018210337148,2,21,1,18,0,0,0,0,0,0,4,1,6,1,54,8,11967,2,8,1,1,1
2018210337149,1,1,0,18,4,1,0,0,0,0,1,1,6,1,31,6,-1,-1,-1,1,1,1
2018210337149,2,9,0,7,0,1,0,0,0,0,2,1,6,2,33,6,1242,1,4,5,1,5
2018210337155,1,9,0,18,0,1,0,0,0,0,4,1,5,1,21,5,-1,-1,-1,2,1,2
2018210337157,1,1,0,18,0,0,1,0,0,0,0,1,5,2,43,7,-1,-1,-1,4,1,4
2018210337161,1,9,0,18,0,0,0,0,0,0,3,1,2,1,57,9,1956,2,5,5,1,5
2018210337161,2,21,1,18,0,0,0,0,0,0,4,1,1,1,47,8,12777,2,3,5,1,5
2018210337175,1,19,0,3,0,0,0,0,0,0,3,1,2,1,22,5,1598,2,3,5,1,5
2018210337175,2,3,0,18,0,0,0,0,0,0,1,1,2,1,23,5,125,1,1,7,1,7
2018210337545,1,9,0,18,0,0,0,0,0,0,2,1,6,1,24,5,-1,-1,-1,-1,3,-1
2018210337545,2,9,0,18,0,0,0,0,0,0,1,1,6,1,58,9,1686,2,7,-1,3,-1
2018210337698,1,9,0,18,0,1,0,0,0,0,1,1,2,1,21,5,1360,1,12,4,1,4
2018210337698,2,9,0,18,0,1,0,0,0,0,1,1,2,1,45,7,1598,2,10,2,1,2
2018210337765,1,9,0,18,0,0,0,0,0,0,1,1,6,2,58,9,2179,2,11,6,3,6
2018210337765,2,9,0,18,0,0,0,0,0,0,3,1,6,2,21,5,1399,2,12,9,1,9
2018210337817,1,9,0,7,0,1,0,0,0,0,1,1,6,1,24,5,1995,1,15,5,1,5
2018210337817,2,19,0,3,0,1,0,0,0,0,3,1,1,2,37,7,1968,2,2,10,1,10
2018210338017,1,8,0,18,0,0,0,0,0,0,1,1,1,1,26,6,1995,2,7,1,1,1
2018210338106,1,9,0,18,0,2,0,0,0,0,1,1,6,2,36,7,1390,1,9,1,1,1
2018210338112,1,9,0,9,0,0,0,0,0,0,4,1,6,2,37,7,2993,2,3,8,3,8
2018210338173,1,9,0,5,9,0,0,10,0,0,1,1,6,2,35,6,1685,2,5,8,2,8
2018210338174,1,9,0,3,0,0,0,0,0,0,1,1,2,2,32,6,1242,1,6,8,1,8
2018210338174,2,9,0,3,0,0,0,0,0,0,2,1,2,2,42,7,1388,1,14,6,1,6
2018210338174,3,9,0,3,0,0,0,0,0,0,1,1,6,1,22,5,1968,2,5,7,1,7
2018210338179,1,22,0,18,0,5,0,0,0,0,4,1,6,1,79,11,-1,-1,-1,2,1,2
2018210338179,2,9,0,18,0,1,0,0,0,0,3,1,6,2,68,10,1396,1,18,4,1,4
2018210338179,3,9,0,18,0,1,0,0,0,0,0,1,6,1,79,11,1560,2,6,8,3,8
2018210338201,1,9,0,18,0,0,0,0,0,0,0,1,6,1,39,7,1956,2,8,4,1,4
2018210338201,2,9,0,18,0,0,0,0,0,0,2,1,6,2,21,5,-1,-1,-1,1,1,1
2018210338201,3,9,0,18,0,0,0,0,0,0,1,1,6,1,48,8,1995,2,8,6,3,6
2018210338226,1,9,0,18,0,0,0,0,1,0,1,1,6,2,24,5,1596,1,11,3,1,3
2018210338245,1,21,1,18,0,0,0,0,0,0,3,1,1,1,32,6,11967,2,10,1,1,1
2018210338245,2,9,0,11,0,0,0,0,0,0,2,1,6,1,32,6,1598,1,10,9,1,9
2018210338333,1,9,0,18,0,0,0,0,0,0,1,1,2,2,49,8,1248,2,7,7,1,7
2018210338333,2,9,0,18,0,0,0,0,0,0,2,1,6,2,77,11,1596,1,16,6,1,6
2018210338388,1,9,0,9,0,0,0,0,0,0,1,1,6,2,33,6,1910,2,10,3,1,3
2018210338464,1,3,0,18,0,0,0,0,0,0,1,1,6,1,29,6,124,1,2,3,1,3
2018210338464,2,9,0,18,0,0,0,0,0,0,2,1,6,1,56,9,1686,2,4,2,1,2
2018210338552,1,9,0,18,0,0,0,0,0,0,4,1,6,1,20,4,1596,1,3,4,1,4
2018210338552,2,9,0,18,0,0,0,0,0,0,3,1,3,2,31,6,1598,1,9,2,1,2
2018210338552,3,9,0,18,0,0,0,0,0,0,0,1,1,1,-1,-1,2993,2,1,-1,-1,-1
2018210338552,4,9,0,18,0,0,0,0,0,0,0,1,1,1,-1,-1,1984,1,3,-1,-1,-1
2018210338552,5,9,0,18,0,0,0,0,0,0,0,1,1,1,-1,-1,1984,1,3,-1,-1,-1
2018210338552,6,9,0,18,0,0,0,0,0,0,0,1,1,1,-1,-1,-1,-1,-1,-1,-1,-1
2018210338561,1,9,0,16,0,0,0,0,0,0,1,1,5,1,26,6,2204,2,12,-1,-1,-1
2018210338561,2,9,0,17,0,0,0,0,0,0,1,1,5,1,49,8,1998,1,15,8,1,8
2018210338612,1,9,0,18,0,0,0,0,7,0,1,1,2,1,64,9,1398,1,1,6,1,6
2018210338612,2,9,0,18,0,0,0,0,0,0,2,1,2,1,42,7,1199,1,4,9,3,9
2018210338615,1,9,0,9,0,1,0,0,0,0,1,1,6,1,-1,-1,1198,1,3,-1,-1,-1
2018210338615,2,9,0,4,0,1,0,0,0,0,2,1,6,2,24,5,998,1,6,7,1,7
2018210338638,1,9,0,18,0,0,0,0,0,0,1,1,6,3,-1,-1,1398,2,5,-1,-1,-1
2018210338638,2,9,0,3,0,0,0,0,0,0,2,1,1,1,22,5,1995,1,8,10,1,10
2018210338774,1,9,0,10,0,2,0,0,0,0,1,1,6,2,43,7,1242,1,8,2,1,2
2018210338797,1,9,0,18,0,1,0,0,0,0,4,1,6,2,41,7,1582,2,7,5,1,5
2018210338797,2,1,0,18,0,1,0,0,0,0,1,1,6,1,12,3,-1,-1,-1,3,1,3
2018210338799,1,9,0,18,0,0,0,0,0,0,4,1,2,1,22,5,1108,1,12,8,1,8
2018210338827,1,9,0,7,0,8,0,0,0,0,1,1,6,2,43,7,1329,1,1,2,1,2
2018210338827,2,1,0,18,0,8,0,0,0,0,1,1,6,1,14,3,-1,-1,-1,3,1,3
2018210338846,1,9,0,18,0,0,0,0,0,0,4,1,6,1,72,10,2157,2,2,8,3,8
2018210338904,1,9,0,18,0,1,0,0,0,0,1,1,6,1,22,5,1686,2,6,7,2,7
2018210338904,2,9,0,8,0,1,0,0,0,0,2,1,6,2,51,8,1968,2,2,10,1,10
2018210338952,1,9,0,18,0,0,0,0,0,0,1,1,6,2,39,7,1598,1,3,3,1,3
2018210338952,2,9,0,18,0,0,0,0,0,0,2,1,6,2,56,9,1956,2,3,3,2,3
2018210339486,1,9,0,16,0,1,0,0,0,0,1,1,6,1,74,10,-1,-1,-1,8,2,8
2018210339486,2,9,0,3,0,1,0,0,0,0,1,1,6,2,58,9,1685,2,4,3,1,3
2018210339486,3,19,0,10,0,8,0,0,0,0,2,1,6,1,75,10,1753,2,9,8,3,8
2018210339574,1,9,0,18,0,0,0,0,0,0,4,1,2,2,37,7,1598,1,13,6,1,6
2018210339696,1,9,0,7,0,0,0,0,0,0,1,1,1,1,24,5,1364,2,5,10,2,10
2018210339696,2,1,0,18,0,0,0,0,0,0,2,1,2,2,58,9,-1,-1,-1,9,1,9
2018210340330,1,9,0,7,0,8,1,0,0,0,1,1,6,1,-1,-1,1596,1,12,2,1,2
2018210340330,2,9,0,18,0,1,0,0,0,0,1,1,6,2,-1,-1,1598,1,5,7,1,7
2018210340375,1,9,0,18,0,0,0,0,0,0,1,1,6,1,19,4,1388,1,8,9,3,9
2018210340375,2,9,0,18,0,0,0,0,0,0,1,1,6,1,30,6,-1,-1,-1,-1,-1,-1
2018210340583,1,9,0,18,0,0,0,0,0,0,1,1,6,1,-1,-1,1149,1,14,2,1,2
2018210340619,1,98,1,18,0,0,1,0,0,0,1,1,1,1,36,7,-1,-1,-1,-1,-1,-1
2018210340619,2,9,0,13,0,0,2,0,6,0,1,1,5,1,48,8,1229,1,12,-1,-1,-1
2018210340625,1,9,0,7,0,4,0,0,0,0,1,1,5,2,22,5,1390,1,4,3,1,3