Accident_Index,Vehicle_Reference,Vehicle_Type,Towing_and_Articulation,Vehicle_Manoeuvre,Vehicle_Location-Restricted_Lane,Junction_Location,Skidding_and_Overturning,Hit_Object_in_Carriageway,Vehicle_Leaving_Carriageway,Hit_Object_off_Carriageway,1st_Point_of_Impact,Was_Vehicle_Left_Hand_Drive?,Journey_Purpose_of_Driver,Sex_of_Driver,Age_of_Driver,Age_Band_of_Driver,Engine_Capacity_(CC),Propulsion_Code,Age_of_Vehicle,Driver_IMD_Decile,Driver_Home_Area_Type,Vehicle_IMD_Decile
2018210340625,2,9,0,18,0,4,0,0,1,0,1,1,5,2,18,4,1984,1,6,10,3,10
2018210340630,1,19,0,5,0,0,0,0,0,0,1,1,6,1,-1,-1,1560,2,5,-1,-1,-1
2018210340649,1,3,0,1,9,0,0,0,0,0,2,1,6,1,21,5,125,1,3,1,1,1
2018210340649,2,1,0,18,9,0,0,0,0,0,4,1,6,1,14,3,-1,-1,-1,3,1,3
2018210340660,1,9,0,18,0,1,0,0,0,0,1,1,5,1,31,6,1560,2,10,2,1,2
2018210340660,2,1,0,18,0,1,5,0,0,0,2,1,6,1,11,3,-1,-1,-1,1,1,1
2018210340661,1,9,0,18,0,0,0,0,0,0,1,1,6,2,45,7,1595,1,13,9,1,9
2018210340661,2,9,0,2,0,0,0,0,0,0,2,1,5,2,39,7,1896,2,16,4,1,4
2018210340661,3,9,0,2,0,0,0,0,0,0,2,1,5,2,70,10,1242,1,7,4,1,4
2018210340664,1,21,0,18,0,1,0,0,0,0,1,1,1,1,37,7,6692,2,8,3,1,3
2018210340664,2,9,0,3,0,1,0,0,0,0,2,1,5,2,28,6,1598,1,7,6,1,6
2018210340682,1,9,0,16,0,0,0,0,0,0,1,1,1,1,28,6,1598,1,6,5,1,5
2018210340682,2,90,1,3,0,0,0,0,0,0,2,1,1,1,-1,-1,-1,-1,-1,-1,-1,-1
2018210340685,1,9,0,18,0,1,0,0,7,0,3,1,6,1,62,9,1396,1,5,8,3,8
2018210340685,2,9,0,18,0,1,0,0,7,0,1,1,6,1,47,8,1242,1,10,2,1,2
2018210340748,1,90,0,7,0,8,0,0,0,0,2,1,6,1,27,6,-1,-1,-1,1,1,1
2018210340748,2,1,0,18,0,8,5,0,0,0,1,1,6,1,21,5,-1,-1,-1,1,1,1
2018210340765,1,8,0,14,0,0,0,0,0,0,0,1,6,1,35,6,1686,2,9,2,1,2
2018210340765,2,3,0,18,0,0,0,0,1,0,2,1,6,1,25,5,125,1,4,1,1,1
2018210340782,1,19,0,18,0,0,0,0,0,0,1,1,2,1,44,7,1598,2,2,3,1,3
2018210340782,2,9,0,2,6,0,0,0,0,0,2,1,6,1,46,8,2967,2,10,10,1,10
2018210340841,1,9,0,18,0,0,0,0,0,0,1,1,6,1,25,5,1362,1,6,5,1,5
2018210340841,2,9,0,3,0,0,0,0,0,0,2,1,6,2,57,9,1968,2,6,9,1,9
2018210340841,3,9,0,3,0,0,0,0,0,0,2,1,6,1,37,7,1956,2,4,2,1,2
2018210340863,1,9,0,18,0,0,0,0,0,0,2,1,6,1,67,10,998,1,1,1,1,1
2018210340863,2,9,0,18,0,0,0,0,0,0,0,1,6,1,43,7,2688,2,15,1,1,1
2018210340915,1,9,0,5,0,7,1,0,0,0,1,1,1,1,46,8,1991,8,1,5,1,5
2018210340915,2,19,0,18,0,1,2,0,0,0,3,1,1,1,48,8,2198,2,2,3,1,3
2018210340948,1,9,0,3,0,1,0,0,0,0,1,1,6,1,38,7,2494,2,11,6,3,6
2018210340948,2,9,0,3,0,1,0,0,0,0,2,1,6,2,46,8,1686,2,6,7,1,7
2018210341018,1,19,0,18,0,0,0,0,0,0,4,1,1,1,26,6,2143,2,-1,2,1,2
2018210341018,2,9,0,18,0,0,0,0,0,0,1,1,1,1,33,6,1968,2,6,4,1,4
2018210341049,1,9,0,18,0,0,0,0,0,0,1,1,6,2,20,4,1248,2,4,-1,-1,-1
2018210341070,1,9,0,18,0,0,5,0,1,0,1,1,5,1,37,7,-1,-1,-1,1,1,1
2018210341160,1,9,0,17,0,1,5,0,1,1,1,1,6,1,30,6,1390,1,8,8,3,8
2018210341235,1,9,0,5,0,0,0,0,0,0,0,1,6,1,41,7,998,1,17,2,1,2
2018210341235,2,1,0,18,0,0,0,0,0,0,0,1,6,1,44,7,-1,-1,-1,7,1,7
2018210341247,1,21,1,4,0,0,1,0,0,0,4,1,1,1,30,6,10800,2,4,9,1,9
2018210341262,1,21,0,5,0,4,0,0,0,0,4,1,1,1,52,8,12809,2,-1,1,1,1
2018210341262,2,9,0,5,0,4,0,0,0,0,3,1,6,1,72,10,1395,1,4,9,2,9
2018210341342,1,9,0,18,0,1,0,0,0,0,1,1,5,2,22,5,1229,1,13,2,1,2
2018210341342,2,9,0,9,0,1,0,0,0,0,4,1,5,1,49,8,1596,1,12,1,1,1
2018210341355,1,19,0,18,0,0,0,0,0,0,3,1,6,1,49,8,1248,2,13,6,3,6
2018210341355,2,9,0,18,0,0,0,0,0,0,3,1,6,1,21,5,1242,1,6,6,1,6
2018210341468,1,9,0,18,0,0,0,0,1,0,1,1,1,1,26,6,1995,2,5,2,1,2
2018210341616,1,9,0,4,0,0,0,0,0,0,1,1,2,1,20,4,1198,1,8,5,-1,5
2018210341616,2,9,0,4,0,0,0,0,0,0,2,1,2,1,26,6,2000,2,13,5,3,5
2018210341616,3,9,0,2,0,0,0,0,0,0,0,1,2,2,58,9,1242,1,4,8,3,8
2018210341657,1,19,0,16,0,0,0,0,0,0,3,1,1,1,35,6,2143,2,5,2,1,2
2018210341657,2,21,1,17,0,0,0,0,0,0,1,1,1,1,32,6,16400,2,2,-1,3,-1
2018210341677,1,9,0,18,0,0,0,6,0,0,4,1,6,1,54,8,1149,1,8,4,1,4
2018210341867,1,9,0,18,0,0,0,0,0,0,1,1,6,2,27,6,1229,1,7,3,1,3
2018210341867,2,9,0,2,0,0,0,0,0,0,1,1,5,1,39,7,1360,1,13,3,1,3
2018210341922,1,9,0,18,0,0,0,0,0,0,1,1,6,1,45,7,1956,2,5,1,1,1
2018210341922,2,9,0,18,0,0,0,0,0,0,2,1,6,2,47,8,1248,1,8,2,1,2
2018210342256,1,9,0,18,0,1,0,0,0,0,1,1,6,2,61,9,998,1,-1,7,1,7
2018210342256,2,2,0,18,0,6,0,0,0,0,4,1,6,2,26,6,125,1,-1,1,1,1
2018210342265,1,9,0,9,0,1,0,0,0,0,4,1,6,1,53,8,1200,1,3,2,1,2
2018210342265,2,5,0,18,0,1,0,0,0,0,1,1,6,1,33,6,599,1,14,3,1,3
2018210342309,1,9,0,18,0,0,0,0,0,0,1,1,6,2,50,8,1995,2,5,3,1,3
2018210342309,2,9,0,18,0,0,0,5,0,0,1,1,6,1,35,6,998,1,10,8,1,8
2018210342356,1,9,0,18,0,1,0,0,0,0,1,1,6,2,51,8,1598,1,9,2,1,2
2018210342356,2,9,0,3,0,1,0,0,0,0,2,1,6,2,27,6,1598,1,14,2,1,2
2018210342400,1,9,0,4,0,0,0,0,0,0,2,1,6,1,-1,-1,1596,1,4,9,1,9
2018210342400,2,9,0,18,0,0,0,0,0,0,2,1,6,1,26,6,1796,1,9,9,1,9
2018210342400,3,9,0,18,0,0,0,0,0,0,1,1,6,1,-1,-1,1988,2,14,1,1,1
2018210342420,1,9,0,7,0,1,0,0,0,0,4,1,6,3,-1,-1,-1,-1,-1,-1,-1,-1
2018210342420,2,1,0,18,0,1,0,0,0,0,1,1,6,2,59,9,-1,-1,-1,8,1,8
2018210342456,1,5,0,7,0,1,0,0,0,0,0,1,6,1,-1,-1,649,1,4,10,1,10
2018210342456,2,9,0,14,0,5,0,0,0,0,3,1,6,2,67,10,1598,2,6,10,1,10
2018210342456,3,19,0,2,0,1,0,0,0,0,0,1,5,1,-1,-1,1995,2,6,8,3,8
2018210342523,1,9,0,18,0,0,0,0,0,0,2,1,1,1,45,7,1598,2,7,1,1,1
2018210342523,2,9,0,18,0,0,0,0,0,0,1,1,1,1,23,5,1598,2,6,2,1,2
2018210342549,1,9,0,7,0,1,0,0,0,0,1,1,1,1,-1,-1,1896,2,11,2,1,2
2018210342577,1,9,0,12,0,0,0,0,0,0,1,1,6,2,25,5,1968,2,11,1,1,1
2018210342577,2,11,0,18,0,0,0,0,0,0,3,1,1,1,56,9,3900,2,15,-1,-1,-1
2018210342643,1,9,0,18,0,0,0,0,0,0,1,1,6,3,-1,-1,-1,-1,-1,-1,-1,-1
2018210342643,2,9,0,18,0,0,0,0,0,0,0,1,6,1,33,6,1896,2,15,4,1,4
2018210342662,1,9,0,17,0,1,0,0,0,0,1,1,6,1,23,5,1956,2,8,4,2,4
2018210342700,1,9,0,18,0,0,0,0,0,0,1,1,6,1,18,4,1198,1,8,1,1,1
2018210342700,2,9,0,18,0,0,0,0,0,0,1,1,6,1,42,7,1968,2,2,-1,-1,-1
2018210342700,3,9,0,18,0,0,0,0,0,0,1,1,1,2,40,7,1364,1,3,2,1,2
2018210342700,4,19,0,18,0,0,0,0,0,0,1,1,6,1,50,8,2143,2,2,-1,-1,-1
2018210342700,5,9,0,18,0,0,0,0,0,0,1,1,1,1,32,6,1560,2,7,-1,-1,-1
2018210342700,6,9,0,18,0,0,0,0,0,0,2,1,6,2,60,9,1956,2,4,-1,-1,-1
2018210342727,1,9,0,5,0,3,0,0,0,0,1,1,6,1,74,10,1198,1,3,10,2,10
2018210342727,2,1,0,9,0,3,2,0,0,0,2,1,2,1,33,6,-1,-1,-1,2,1,2
2018210342778,1,8,0,14,0,0,0,0,0,0,1,1,3,1,47,8,1598,2,2,8,1,8
2018210342778,2,19,0,2,0,0,0,0,0,0,1,1,6,1,34,6,2198,2,5,1,1,1
2018210342800,1,9,0,9,0,0,0,0,0,0,1,1,6,2,43,7,1198,1,9,2,1,2
2018210342800,2,9,0,18,0,0,0,0,0,0,1,1,6,1,42,7,2987,2,10,2,1,2
2018210342821,1,4,0,5,0,2,0,0,0,0,1,1,6,1,61,9,499,1,7,2,1,2
2018210342821,2,9,0,18,0,1,0,0,0,0,4,1,6,3,-1,-1,-1,-1,-1,-1,-1,-1
2018210342833,1,9,0,18,0,8,0,0,0,0,1,1,2,1,27,6,1596,1,7,7,1,7
2018210342961,1,9,0,18,0,0,0,0,7,11,1,1,6,1,44,7,1997,2,11,6,1,6
2018210343018,1,9,0,18,0,0,0,0,0,0,0,1,5,1,64,9,1198,1,4,6,2,6
2018210343018,2,9,0,15,0,0,0,0,7,0,1,1,6,2,61,9,1997,2,15,1,1,1
2018210343018,3,9,0,18,0,0,0,0,1,0,1,1,6,1,67,10,1242,1,-1,5,1,5
2018210343502,1,9,0,5,0,1,0,0,0,0,1,1,5,1,40,7,1968,2,9,5,1,5
2018210343502,2,9,0,18,0,1,0,0,0,0,1,1,1,1,80,11,1997,2,9,9,3,9
2018210343580,1,9,0,4,0,1,0,0,0,0,3,1,3,2,36,7,1364,2,11,2,1,2
2018210343605,1,9,0,7,0,1,0,0,0,0,4,1,2,2,41,7,1991,2,9,7,1,7
2018210343605,2,1,0,18,0,1,0,0,0,0,4,1,6,1,13,3,-1,-1,-1,3,1,3
2018210343634,1,9,0,7,0,0,0,0,0,0,3,1,6,1,30,6,1910,2,9,4,1,4
2018210343671,1,-1,-1,-1,-1,-1,-1,-1,-1,0,-1,1,6,3,-1,-1,-1,-1,-1,-1,-1,-1
2018210343671,2,8,-1,7,0,1,0,0,0,0,0,1,1,1,44,7,1995,2,6,5,1,5
2018210343677,1,21,1,11,0,0,0,0,0,0,0,1,6,1,43,7,12740,2,-1,5,1,5
2018210343677,2,9,0,18,0,0,1,0,1,0,0,1,6,2,28,6,1229,1,5,8,1,8
2018210343710,1,9,0,10,0,1,0,0,0,0,1,1,6,2,22,5,1242,1,9,1,1,1
2018210343831,1,5,0,14,0,1,0,0,0,0,3,1,2,1,19,4,645,1,1,5,1,5
2018210343831,2,9,0,9,0,7,0,0,0,0,1,1,6,3,-1,-1,-1,-1,-1,2,1,2
2018210343845,1,9,0,18,0,0,0,10,7,11,1,1,1,1,54,8,1396,1,14,3,1,3
2018210343845,2,9,0,2,9,0,0,0,0,0,2,1,6,3,-1,-1,-1,-1,-1,-1,-1,-1
2018210343845,3,90,0,2,9,0,0,0,0,0,2,1,6,3,-1,-1,-1,-1,-1,-1,-1,-1
2018210343877,1,9,0,9,0,8,0,0,0,0,1,1,6,2,30,6,1596,1,14,7,1,7
2018210343877,2,9,0,18,0,1,0,0,0,0,1,1,6,2,31,6,1124,1,14,1,1,1
2018210343898,1,9,0,13,0,0,0,0,0,0,2,1,1,1,35,6,2987,2,13,2,1,2
2018210343898,2,9,0,12,0,0,0,0,0,0,2,1,1,2,24,5,1242,1,3,10,1,10
2018210343898,3,9,0,13,0,0,0,0,0,0,1,1,6,1,23,5,1781,1,13,8,2,8
2018210343898,4,9,0,18,0,0,5,0,0,0,2,1,6,1,63,9,1248,1,9,4,1,4
2018210343959,1,9,0,18,0,0,1,0,1,0,1,1,6,2,20,4,1395,1,1,7,3,7
2018210343992,1,9,0,18,0,0,0,0,0,0,1,1,2,1,37,7,1956,2,6,9,3,9
2018210344016,1,9,0,9,0,0,0,0,0,0,1,1,6,1,46,8,1997,2,10,5,1,5
2018210344016,2,9,0,18,0,0,0,0,0,0,1,1,6,2,34,6,1598,2,1,7,1,7
2018210344031,1,9,0,9,0,1,0,0,0,0,3,1,6,2,69,10,898,1,-1,2,2,2
2018210344031,2,5,0,18,0,1,0,0,0,0,1,1,6,1,46,8,599,1,7,3,1,3
2018210344070,1,9,0,1,5,0,0,0,0,0,2,1,6,2,39,7,-1,-1,-1,2,1,2
2018210344172,1,9,-1,18,0,1,0,0,0,0,1,1,6,3,-1,-1,-1,-1,-1,-1,-1,-1
2018210344172,2,8,0,18,0,1,0,0,0,0,4,1,1,1,37,7,1956,2,7,2,1,2
2018210344188,1,9,0,4,0,0,0,0,0,0,4,1,6,2,49,8,1364,1,3,7,1,7
2018210344188,2,9,0,18,0,0,0,0,0,0,1,1,6,1,33,6,-1,-1,-1,-1,-1,-1
2018210344195,1,3,0,16,0,0,1,0,0,0,1,1,6,1,18,4,-1,-1,-1,7,1,7
2018210344195,2,9,0,18,0,0,0,0,0,0,1,1,6,2,42,7,-1,-1,-1,9,1,9
2018210344251,1,9,0,18,0,2,0,0,0,0,1,1,6,1,35,6,2616,1,12,1,1,1
2018210344251,2,9,0,18,0,2,0,0,0,0,1,1,6,2,24,5,1598,2,2,4,1,4
2018210344251,3,9,0,18,0,1,0,0,0,0,0,1,1,1,44,7,1956,2,-1,-1,-1,-1
2018210344267,1,9,0,18,0,1,0,0,0,0,4,1,6,1,27,6,998,1,-1,9,3,9
2018210344267,2,9,0,4,0,1,0,0,0,0,3,1,6,2,22,5,1560,2,3,5,2,5
2018210344268,1,9,0,4,0,7,0,0,0,0,1,1,1,1,51,8,1598,2,2,-1,-1,-1
2018210344268,2,9,0,4,0,7,0,0,0,0,2,1,6,1,18,4,1398,1,2,9,3,9
2018210344268,3,9,0,4,0,7,0,0,0,0,2,1,6,2,48,8,1997,2,2,9,1,9
2018210344368,1,9,-1,-1,-1,0,-1,-1,-1,0,-1,1,5,1,40,7,1995,2,7,-1,1,-1
2018210344377,1,9,0,18,0,0,0,0,0,0,1,1,6,2,18,4,1198,1,8,5,3,5
2018210344377,2,9,0,18,0,0,0,0,0,0,1,1,6,2,28,6,998,1,11,1,1,1
2018210344383,1,9,0,5,0,6,0,0,0,0,4,1,6,2,45,7,1968,2,1,5,3,5
2018210344383,2,9,0,18,0,1,0,0,0,0,4,1,6,1,53,8,2500,2,-1,5,3,5
2018210344427,1,9,0,9,0,8,0,0,0,0,3,1,6,2,44,7,1968,2,12,1,1,1
2018210344427,2,9,0,18,0,1,0,0,0,0,1,1,6,2,28,6,1390,1,8,9,1,9
2018210344438,1,9,0,18,0,1,0,0,0,0,1,1,5,1,40,7,2143,2,7,10,1,10
2018210344438,2,9,0,4,0,1,0,0,0,0,2,1,5,1,54,8,1595,1,1,3,2,3
2018210344482,1,9,0,18,0,1,0,0,0,0,1,1,6,2,27,6,1229,1,3,5,1,5
2018210344482,2,9,0,18,0,1,0,0,0,0,3,1,6,2,35,6,1995,2,1,2,1,2
2018210344493,1,9,0,18,0,0,0,0,0,0,1,1,1,1,24,5,1686,2,7,4,1,4
2018210344493,2,9,0,2,0,0,0,0,0,0,1,1,6,3,-1,-1,-1,-1,-1,-1,-1,-1
2018210344493,3,9,0,2,0,0,0,0,0,0,1,1,6,3,-1,-1,-1,-1,-1,-1,-1,-1
2018210344495,1,9,0,13,0,0,0,0,0,0,1,1,6,3,-1,-1,-1,-1,-1,-1,-1,-1
2018210344495,2,9,0,18,0,0,0,0,0,0,2,1,6,2,21,5,998,1,1,7,3,7
2018210344509,1,9,0,18,0,0,0,0,0,0,1,1,6,1,40,7,-1,-1,-1,6,1,6
2018210344509,2,9,0,4,0,0,0,0,0,0,2,1,2,2,20,4,1598,1,6,6,1,6
2018210344522,1,9,0,4,0,1,0,0,0,0,0,1,6,1,28,6,-1,-1,-1,4,1,4
2018210344522,2,9,0,4,0,1,0,0,0,0,0,1,6,2,26,6,1618,1,2,4,1,4
2018210344526,1,19,0,3,0,0,0,0,0,0,1,1,6,1,52,8,1995,2,1,6,3,6
2018210344526,2,9,0,3,0,0,0,0,0,0,2,1,6,2,37,7,1398,1,6,1,1,1
2018210344564,1,9,0,18,0,0,0,0,0,0,1,1,6,1,90,11,1364,1,11,-1,-1,-1
2018210344564,2,21,0,18,0,0,0,0,0,0,2,1,1,1,51,8,12777,2,7,-1,-1,-1
2018210344589,1,9,0,8,0,1,0,0,0,0,2,1,6,2,53,8,2231,2,10,3,1,3
2018210344589,2,9,0,18,0,1,0,0,0,0,1,1,6,2,31,6,1229,1,3,3,1,3
2018210344617,1,5,0,3,0,1,0,0,0,0,1,1,5,1,-1,-1,798,1,-1,8,-1,8
2018210344617,2,9,0,14,0,1,0,0,0,0,4,1,5,1,24,5,999,1,1,-1,-1,-1
2018210344689,1,9,0,12,0,6,0,0,0,0,2,1,1,1,20,4,998,1,1,6,1,6
2018210344689,2,9,0,12,0,2,0,0,0,0,1,1,1,1,46,8,2429,1,13,8,1,8
2018210344864,1,9,0,18,0,1,0,0,0,0,1,1,6,1,22,5,1596,1,12,9,1,9
2018210344864,2,9,0,18,0,1,0,0,0,0,4,1,6,2,62,9,1995,2,16,6,3,6
2018210344865,1,9,0,5,0,8,0,0,0,0,1,1,6,2,18,4,1596,1,12,1,1,1
2018210344865,2,9,0,18,0,1,0,0,0,0,1,1,6,1,58,9,1560,2,9,7,1,7
2018210344933,1,9,0,18,0,0,0,0,0,0,4,1,6,2,64,9,1582,2,4,10,1,10
2018210344938,1,9,0,9,0,1,0,0,0,0,1,1,6,1,71,10,1560,2,9,-1,-1,-1
2018210344938,2,9,0,18,0,1,0,0,0,0,1,1,6,2,47,8,1248,1,1,6,1,6
2018210345013,1,9,0,18,0,0,0,0,0,0,4,1,6,2,33,6,998,1,11,9,1,9
2018210345034,1,9,0,18,0,1,0,0,0,0,1,1,6,1,20,4,1686,2,9,2,1,2
2018210345034,2,9,0,3,0,4,0,0,0,0,2,1,6,1,45,7,1798,1,12,6,1,6
2018210345205,1,9,0,18,0,0,0,0,0,0,1,1,5,2,59,9,1242,1,16,4,2,4
2018210345219,1,9,0,18,0,2,0,0,0,0,0,1,6,2,32,6,1997,2,9,3,1,3
2018210345241,1,9,0,18,0,0,0,0,0,0,1,1,1,1,36,7,1910,2,10,3,-1,3
2018210345241,2,19,0,2,0,0,0,0,0,0,1,1,6,1,30,6,2299,2,3,5,1,5
2018210345353,1,9,0,18,0,1,0,0,0,0,3,1,5,2,-1,-1,1598,1,12,1,1,1
2018210345353,2,9,0,18,0,1,0,0,0,0,1,1,5,2,21,5,998,1,12,3,1,3
2018210345388,1,9,0,10,0,1,0,0,1,0,1,1,6,2,18,4,1200,1,6,5,1,5
2018210345388,2,9,0,18,0,1,0,0,1,0,1,1,6,1,20,4,1968,2,9,5,1,5
2018210345583,1,21,0,18,0,0,0,0,0,0,2,1,1,1,41,7,10837,2,2,1,1,1
2018210345583,2,9,0,18,0,0,0,0,0,0,1,1,6,1,37,7,1956,2,8,1,1,1
2018210345622,1,9,0,18,0,0,0,0,0,0,1,1,5,1,74,10,998,1,-1,-1,-1,-1
2018210345622,2,1,0,18,0,0,0,0,1,0,2,1,5,1,65,9,-1,-1,-1,9,2,9
2018210345638,1,9,0,18,0,0,0,0,1,0,1,1,6,1,23,5,2720,2,13,9,3,9
2018210345638,2,9,0,18,0,0,0,0,0,0,0,1,1,1,35,6,2993,2,4,-1,-1,-1
2018210345669,1,9,0,15,0,0,0,0,0,0,4,1,6,3,-1,-1,1598,1,8,-1,-1,-1
2018210345669,2,1,0,18,0,0,0,0,0,0,0,1,6,1,40,7,-1,-1,-1,4,1,4
2018210345669,3,9,0,18,0,0,0,0,0,0,0,1,1,1,-1,-1,2967,2,2,-1,-1,-1
2018210345870,1,9,0,18,0,0,0,0,0,0,0,1,6,2,49,8,1398,1,9,3,1,3
2018210345870,2,9,0,7,0,0,0,0,0,0,2,1,6,2,46,8,1368,1,11,5,1,5
2018210345911,1,98,0,18,0,4,0,0,0,0,1,1,6,1,43,7,-1,-1,-1,1,1,1
2018210345911,2,1,0,18,0,4,0,0,0,0,1,1,6,1,45,7,-1,-1,-1,-1,-1,-1
2018210345968,1,9,0,5,0,1,0,4,0,0,2,1,5,2,48,8,1398,1,3,1,1,1
2018210345968,2,9,0,2,0,-1,0,0,0,0,1,1,5,2,-1,-1,1560,2,7,4,1,4
2018210345968,3,20,0,2,0,1,0,0,0,0,1,1,5,1,63,9,2402,2,11,3,1,3
2018210345968,4,9,0,2,0,-1,0,0,0,0,1,1,5,1,-1,-1,1598,2,2,1,1,1
2018210346151,1,9,0,3,0,1,0,0,0,0,3,1,6,1,-1,-1,1560,2,9,-1,-1,-1
2018210346151,2,3,0,3,0,1,0,0,0,0,4,1,5,1,22,5,124,1,4,3,1,3
2018210346155,1,9,0,18,0,2,0,0,0,0,0,1,6,2,70,10,998,1,3,6,3,6
2018210346155,2,1,0,18,0,2,0,0,0,0,1,1,6,1,61,9,-1,-1,-1,9,2,9
2018210346192,1,9,0,18,0,0,0,0,0,0,3,1,6,1,73,10,1598,1,15,8,1,8
2018210346192,2,1,0,15,0,0,0,0,0,0,2,1,6,1,54,8,-1,-1,-1,7,3,7
2018210346196,1,19,0,18,0,0,0,0,0,0,4,1,6,1,27,6,1499,2,1,2,1,2
2018210346550,1,9,0,18,0,0,0,0,0,0,1,1,6,2,26,6,898,1,-1,6,2,6
2018210346574,1,9,0,18,0,0,0,0,0,0,3,1,6,2,40,7,1997,2,1,2,1,2
2018210346574,2,9,0,13,0,0,0,0,0,0,3,1,6,1,35,6,2987,2,10,3,1,3
2018210346676,1,9,0,18,0,0,0,0,0,0,1,1,6,1,28,6,1560,2,11,6,1,6
2018210346676,2,9,0,4,0,0,0,0,0,0,2,1,6,1,54,8,1461,2,9,8,1,8
2018210346680,1,9,0,11,0,0,0,0,0,0,4,1,6,1,38,7,2179,2,8,7,3,7
2018210346680,2,5,0,11,0,0,0,0,0,0,3,1,6,1,56,9,999,1,1,2,1,2
2018210346819,1,9,0,18,0,0,5,0,0,0,1,1,6,1,29,6,1584,1,10,6,1,6
2018210346869,1,9,0,9,0,8,0,0,0,0,3,1,3,2,20,4,1397,1,9,6,3,6
2018210346869,2,9,0,18,0,1,0,0,0,0,1,1,3,2,17,4,1198,1,6,8,1,8
2018210346992,1,3,0,18,0,0,0,0,0,0,1,1,6,1,27,6,124,1,-1,10,1,10
2018210347000,1,9,0,5,0,0,0,0,0,0,1,1,6,1,35,6,4806,1,6,-1,-1,-1
2018210347000,2,9,0,5,0,0,0,0,0,0,1,1,6,1,21,5,1149,1,4,7,1,7
2018210347007,1,9,0,4,0,0,0,0,0,0,1,1,6,1,35,6,-1,-1,-1,1,1,1
2018210347007,2,9,0,4,0,0,0,0,0,0,1,1,6,1,45,7,1995,2,2,-1,-1,-1
2018210347007,3,9,0,4,0,0,0,0,0,0,1,1,6,1,66,10,2184,2,12,7,2,7
2018210347022,1,9,0,9,0,0,0,0,0,0,1,1,6,2,55,8,1198,1,3,6,1,6
2018210347022,2,2,0,3,0,0,0,0,0,0,1,1,6,1,16,4,49,1,15,4,1,4
2018210347027,1,9,0,11,0,2,0,0,0,0,1,1,6,3,-1,-1,-1,-1,-1,-1,-1,-1
2018210347040,1,9,0,5,0,0,0,0,0,0,3,1,6,2,74,10,1200,1,-1,4,1,4
2018210347040,2,3,0,5,0,0,0,0,0,0,1,1,6,1,68,10,125,1,-1,1,1,1
2018210347052,1,9,0,5,0,6,0,0,0,0,1,1,6,2,51,8,999,1,-1,3,1,3
2018210347052,2,9,0,18,0,1,0,0,0,0,1,1,6,1,58,9,-1,-1,-1,2,1,2
2018210347064,1,19,0,18,0,1,0,0,0,0,1,1,6,1,36,7,-1,-1,-1,2,1,2
2018210347064,2,9,0,4,0,1,0,0,0,0,1,1,6,2,48,8,1968,2,10,7,1,7
2018210347069,1,9,0,1,9,0,0,0,0,0,2,1,6,3,-1,-1,-1,-1,-1,-1,-1,-1
2018210347095,1,9,0,9,0,8,0,0,0,0,1,1,6,2,25,5,1753,2,15,2,1,2
2018210347095,2,9,0,18,0,1,0,0,0,0,0,1,6,1,40,7,-1,-1,-1,10,1,10
2018210347218,1,9,0,9,0,1,0,0,0,0,3,1,6,1,52,8,1769,1,15,2,1,2
2018210347218,2,3,0,15,0,1,0,0,0,0,4,1,6,1,17,4,124,1,12,-1,-1,-1
2018210347218,3,98,0,5,0,1,0,0,0,0,-1,1,6,3,-1,-1,-1,-1,-1,-1,-1,-1
2018210347278,1,90,0,18,0,0,5,0,0,0,2,1,1,1,54,8,-1,-1,-1,1,1,1
2018210347278,2,9,0,18,0,0,1,0,0,0,1,1,1,2,54,8,998,1,-1,8,1,8
2018210347334,1,9,0,18,0,0,0,0,0,0,-1,1,6,3,-1,-1,-1,-1,-1,-1,-1,-1
2018210347334,2,1,0,18,0,0,0,0,0,0,1,1,6,1,14,3,-1,-1,-1,-1,-1,-1
2018210347445,1,9,0,18,0,1,0,0,0,0,1,1,1,2,53,8,1995,2,4,9,1,9
2018210347445,2,9,0,18,0,1,0,0,0,0,2,1,6,1,34,6,1997,2,1,1,1,1
2018210347479,1,9,0,18,0,1,0,0,0,0,1,1,6,1,37,7,1596,1,17,6,1,6
2018210347479,2,9,0,18,0,1,0,0,0,0,2,1,6,1,37,7,1968,2,6,4,1,4
2018210347553,1,9,0,17,0,0,0,10,1,0,1,1,6,2,17,4,1242,1,5,10,2,10
2018210347571,1,9,0,9,0,0,0,0,0,0,1,1,6,1,80,11,1332,1,21,4,1,4
2018210347571,2,98,1,18,0,0,0,0,0,0,1,1,1,1,43,7,-1,-1,-1,3,1,3
2018210347587,1,9,0,18,0,0,0,0,1,0,1,1,6,1,42,7,1389,1,23,7,1,7
2018210347587,2,9,0,18,0,0,0,0,0,0,1,1,6,2,79,11,-1,-1,-1,6,1,6
2018210347611,1,19,0,18,0,0,0,0,0,0,1,1,1,1,28,6,1461,2,3,1,1,1
2018210347611,2,9,0,18,0,0,0,0,0,0,2,1,6,1,47,8,1999,2,-1,9,1,9
2018210347611,3,9,0,18,0,0,0,0,0,0,0,1,1,2,42,7,1590,1,14,2,1,2
2018210347641,1,21,0,18,0,0,0,0,0,0,1,1,1,1,32,6,12809,2,3,1,1,1
2018210347641,2,9,0,9,0,0,0,0,0,0,3,1,6,2,40,7,1388,1,11,5,1,5