Accident_Index,Vehicle_Reference,Vehicle_Type,Towing_and_Articulation,Vehicle_Manoeuvre,Vehicle_Location-Restricted_Lane,Junction_Location,Skidding_and_Overturning,Hit_Object_in_Carriageway,Vehicle_Leaving_Carriageway,Hit_Object_off_Carriageway,1st_Point_of_Impact,Was_Vehicle_Left_Hand_Drive?,Journey_Purpose_of_Driver,Sex_of_Driver,Age_of_Driver,Age_Band_of_Driver,Engine_Capacity_(CC),Propulsion_Code,Age_of_Vehicle,Driver_IMD_Decile,Driver_Home_Area_Type,Vehicle_IMD_Decile
2018210347687,1,9,0,18,0,0,0,0,0,0,1,1,6,1,29,6,998,1,10,6,1,6
2018210347687,2,1,0,18,0,0,0,0,0,0,1,1,6,1,16,4,-1,-1,-1,-1,-1,-1
2018210347691,1,9,0,7,0,5,0,0,0,0,2,1,6,1,34,6,1984,2,6,1,1,1
2018210347691,2,9,0,18,0,1,0,0,0,0,1,1,6,1,20,4,-1,-1,-1,2,1,2
2018210347708,1,9,0,18,0,0,0,0,0,0,1,1,6,2,61,9,998,1,10,9,1,9
2018210347708,2,9,0,18,0,0,0,0,0,0,1,1,6,2,57,9,1582,2,6,3,1,3
2018210347710,1,3,0,18,0,8,0,10,0,0,1,1,1,1,22,5,125,1,1,3,1,3
2018210347710,2,9,0,18,0,8,0,0,0,0,3,1,6,1,22,5,1984,1,8,9,1,9
2018210347715,1,9,0,18,0,0,5,0,0,0,1,1,6,1,19,4,1200,1,13,7,1,7
2018210347728,1,1,0,18,0,1,0,0,0,0,4,1,2,1,24,5,-1,-1,-1,2,1,2
2018210347728,2,9,0,18,0,1,0,0,0,0,1,1,6,1,43,7,1995,2,2,6,1,6
2018210347744,1,9,0,18,0,0,5,0,0,0,2,1,6,2,23,5,1390,1,4,2,1,2
2018210347744,2,98,-1,-1,-1,0,-1,-1,-1,0,-1,1,6,3,-1,-1,-1,-1,-1,-1,-1,-1
2018210347745,1,9,0,3,0,0,0,0,0,0,1,1,6,3,30,6,-1,-1,-1,-1,-1,-1
2018210347745,2,9,0,3,0,0,0,0,1,0,1,1,2,1,30,6,1364,1,13,6,1,6
2018210347751,1,9,0,18,0,0,1,0,0,0,1,1,6,1,50,8,2496,1,16,2,1,2
2018210347751,2,22,0,18,0,0,0,0,0,0,3,1,6,1,35,6,-1,-1,-1,1,1,1
2018210347767,1,9,0,18,0,0,0,0,0,0,1,1,6,1,75,10,-1,-1,-1,10,1,10
2018210347779,1,3,0,18,0,0,1,0,0,0,1,1,6,1,18,4,124,1,1,2,1,2
2018210347779,2,9,0,10,0,0,0,0,0,0,2,1,6,1,19,4,1968,2,4,10,1,10
2018210347779,3,9,0,18,0,0,0,0,0,0,1,1,6,2,80,11,998,1,11,4,1,4
2018210347802,1,9,0,17,0,0,0,0,0,0,1,1,6,2,31,6,-1,-1,-1,8,3,8
2018210347802,2,17,0,16,0,0,0,0,0,0,1,1,1,1,25,5,-1,-1,-1,5,3,5
2018210347831,1,9,0,5,0,6,0,0,0,0,1,1,2,1,24,5,2000,2,14,8,3,8
2018210347831,2,9,0,18,0,8,0,0,0,0,1,1,2,2,28,6,1198,1,5,4,1,4
2018210347839,1,9,0,18,0,0,0,0,0,0,1,1,1,1,27,6,999,1,2,9,1,9
2018210347839,2,19,0,7,0,0,0,0,0,0,1,1,1,1,23,5,-1,-1,-1,8,2,8
2018210347953,1,21,1,18,0,0,0,0,0,0,1,1,1,1,40,7,10800,2,12,6,2,6
2018210347953,2,21,1,4,0,0,0,0,0,0,2,1,1,1,34,6,12777,2,3,8,1,8
2018210347956,1,9,0,18,0,0,0,0,0,0,1,1,5,2,44,7,1595,1,-1,10,1,10
2018210348064,1,9,0,2,0,0,0,0,0,0,1,1,6,1,35,6,-1,-1,-1,6,1,6
2018210348064,2,9,0,2,0,0,0,0,0,0,2,1,6,2,34,6,1598,1,11,1,1,1
2018210348105,1,9,0,17,0,1,0,0,0,0,0,1,6,1,30,6,1968,2,9,7,1,7
2018210348138,1,8,0,1,0,0,0,0,0,0,2,1,6,1,37,7,-1,-1,-1,1,1,1
2018210348339,1,9,0,18,0,0,0,0,0,0,1,1,6,1,26,6,1968,2,2,3,-1,3
2018210348339,2,9,0,9,0,0,0,0,0,0,1,1,6,2,21,5,1229,1,5,6,3,6
2018210348356,1,9,0,13,0,0,0,5,0,0,1,1,6,1,31,6,1390,1,15,2,1,2
2018210348356,2,9,0,18,0,0,0,0,0,0,1,1,6,1,35,6,2967,2,4,3,1,3
2018210348356,3,9,0,18,0,0,0,0,0,0,1,1,5,1,19,4,999,1,-1,3,1,3
2018210348356,4,9,0,18,0,0,0,0,0,0,1,1,6,1,30,6,1598,2,6,2,1,2
2018210348480,1,97,0,7,0,8,0,0,0,0,1,1,6,1,20,4,-1,-1,-1,3,1,3
2018210348480,2,9,0,9,0,8,0,0,0,0,2,1,1,1,30,6,-1,-1,-1,-1,-1,-1
2018210348709,1,9,0,9,0,8,0,0,0,0,4,1,1,1,64,9,1461,2,2,4,1,4
2018210348709,2,9,0,18,0,1,0,0,0,0,1,1,6,1,63,9,1968,2,8,8,2,8
2018210348723,1,3,0,18,0,4,0,0,0,0,1,1,6,1,28,6,125,1,3,3,2,3
2018210348723,2,9,0,5,0,4,0,0,0,0,3,1,6,1,38,7,-1,3,-1,7,1,7
2018210348758,1,9,0,1,0,1,0,0,0,0,2,1,6,2,39,7,2902,2,10,7,1,7
2018210348763,1,9,0,18,0,0,5,10,1,0,4,1,6,2,83,11,1398,1,5,9,2,9
2018210348795,1,9,-1,-1,-1,0,-1,-1,-1,0,-1,1,6,2,59,9,1998,1,9,1,1,1
2018210348795,2,9,0,18,0,0,0,0,0,0,3,1,6,1,20,4,1242,1,12,2,1,2
2018210348795,3,9,-1,-1,-1,0,-1,-1,-1,0,-1,1,5,1,-1,-1,-1,-1,-1,2,1,2
2018210348796,1,9,0,18,0,0,0,0,0,0,4,1,6,1,56,9,1248,2,2,7,1,7
2018210348796,2,1,0,18,0,0,0,0,0,0,1,1,4,1,11,3,-1,-1,-1,5,-1,5
2018210348805,1,19,0,18,0,0,0,0,0,0,1,1,1,1,32,6,2299,2,1,1,1,1
2018210348805,2,9,0,18,0,0,0,0,0,0,2,1,6,1,54,8,2261,1,-1,8,1,8
2018210348805,3,9,0,18,0,0,0,0,0,0,2,1,6,1,26,6,1968,2,6,3,1,3
2018210348805,4,9,0,18,0,0,0,0,0,0,2,1,6,1,20,4,1598,2,2,9,2,9
2018210348805,5,9,0,18,0,0,0,0,0,0,0,1,6,1,23,5,1388,1,16,2,1,2
2018210348817,1,9,0,9,0,1,0,0,0,0,0,1,2,2,58,9,2148,2,11,9,1,9
2018210348821,1,21,1,18,0,0,0,0,0,0,1,1,6,1,57,9,12777,2,6,10,1,10
2018210348821,2,9,0,4,0,0,0,0,0,0,2,1,6,2,41,7,1200,1,2,6,1,6
2018210348870,1,9,0,9,0,1,0,0,0,0,1,1,5,2,31,6,1587,1,11,9,1,9
2018210348870,2,9,0,16,0,1,0,0,0,0,1,1,2,2,46,8,1242,1,1,6,3,6
2018210348879,1,8,0,16,0,0,0,0,0,0,1,1,1,1,51,8,1798,8,-1,1,1,1
2018210348967,1,9,0,5,0,0,0,0,0,0,1,1,6,2,42,7,1360,1,14,9,3,9
2018210348967,2,8,0,3,0,0,0,0,0,0,2,1,6,1,51,8,-1,-1,-1,1,1,1
2018210349068,1,9,0,9,0,1,0,0,0,0,1,1,3,1,47,8,1299,1,17,3,1,3
2018210349068,2,3,0,18,0,1,0,0,0,0,1,1,6,1,20,4,124,1,16,2,1,2
2018210349118,1,98,0,7,0,1,0,0,0,0,4,1,1,1,37,7,-1,-1,-1,4,1,4
2018210349118,2,9,0,18,0,8,0,0,0,0,1,1,6,1,32,6,-1,-1,-1,1,1,1
2018210349126,1,9,0,10,0,6,0,0,0,0,3,1,6,1,60,9,1296,1,10,4,1,4
2018210349126,2,3,0,18,0,1,0,0,0,0,1,1,6,1,27,6,124,1,-1,4,1,4
2018210349177,1,9,0,18,0,0,0,0,0,0,1,1,1,2,34,6,1199,1,1,3,1,3
2018210349212,1,9,0,9,0,6,0,0,0,0,1,1,6,2,18,4,1390,1,7,5,2,5
2018210349212,2,9,0,18,0,1,0,0,0,0,1,1,1,1,32,6,1598,2,1,3,1,3
2018210349216,1,9,0,5,0,8,0,11,0,0,1,1,6,2,40,7,1598,1,13,2,1,2
2018210349216,2,2,0,18,0,1,0,0,0,0,1,1,6,2,20,4,49,1,5,6,1,6
2018210349252,1,9,0,5,0,6,0,0,0,0,1,1,6,1,40,7,998,1,16,2,1,2
2018210349252,2,5,0,5,0,2,0,0,0,0,1,1,6,1,30,6,998,1,12,1,1,1
2018210349276,1,3,0,9,0,8,0,0,0,0,1,1,6,1,28,6,124,1,9,8,1,8
2018210349281,1,9,0,4,0,0,0,0,0,0,3,1,6,1,26,6,1560,2,7,8,1,8
2018210349288,1,9,0,18,0,0,0,0,7,0,1,1,6,1,30,6,1968,2,1,3,1,3
2018210349300,1,9,0,18,0,0,0,0,0,0,1,1,6,2,44,7,998,1,6,7,1,7
2018210349336,1,9,0,18,0,0,0,0,0,0,1,1,6,3,-1,-1,1956,2,4,-1,-1,-1
2018210349336,2,9,0,4,0,0,0,0,0,0,2,1,6,2,68,10,1339,1,8,4,1,4
2018210349336,3,9,0,4,0,0,0,0,0,0,2,1,6,1,40,7,2171,2,16,4,1,4
2018210349352,1,9,0,5,0,0,0,0,0,0,1,1,6,2,31,6,1598,2,3,8,1,8
2018210349352,2,9,0,18,0,0,0,0,0,0,2,1,2,1,35,6,-1,-1,-1,10,1,10
2018210349352,3,9,0,18,0,0,0,0,0,0,2,1,6,1,31,6,1968,2,5,8,1,8
2018210349374,1,9,0,18,0,0,0,0,0,0,4,1,6,1,18,4,1199,1,14,9,1,9
2018210349374,2,9,0,18,0,0,0,0,0,0,1,1,6,2,53,8,1560,2,8,3,1,3
2018210349376,1,97,-1,18,0,0,0,0,0,0,-1,1,6,1,16,4,-1,-1,-1,1,1,1
2018210349376,2,-1,-1,-1,-1,0,-1,-1,-1,0,-1,1,6,3,-1,-1,-1,-1,-1,-1,-1,-1
2018210349376,3,9,-1,-1,-1,0,-1,-1,-1,0,-1,1,6,1,43,7,1769,1,13,1,1,1
2018210349390,1,9,0,18,0,0,0,0,3,0,1,1,6,1,79,11,1596,1,4,9,1,9
2018210349463,1,21,1,18,0,0,0,11,0,0,4,1,1,1,58,9,10837,2,6,3,1,3
2018210349463,2,9,0,2,6,0,0,0,0,0,0,1,6,1,61,9,1997,2,2,9,1,9
2018210349463,3,21,4,18,0,0,0,0,0,0,4,1,1,1,50,8,10837,2,1,8,2,8
2018210349732,1,9,0,3,0,2,0,0,0,0,1,1,6,1,49,8,1242,1,1,7,1,7
2018210349732,2,9,0,3,0,1,0,0,0,0,2,1,6,2,34,6,1998,1,15,2,1,2
2018210349753,1,9,0,18,0,0,0,0,0,0,1,1,2,1,29,6,2969,2,14,10,1,10
2018210349753,2,1,0,18,0,0,5,0,0,0,2,1,2,1,22,5,-1,-1,-1,2,1,2
2018210349759,1,9,0,16,0,1,0,0,0,0,1,1,2,1,23,5,1390,1,12,2,1,2
2018210349779,1,8,0,18,0,0,0,0,0,0,1,1,1,1,42,7,1598,2,4,3,1,3
2018210349779,2,3,0,13,0,0,0,0,0,0,3,1,2,1,-1,-1,124,1,16,4,1,4
2018210349785,1,9,0,5,0,1,0,0,0,0,3,1,2,1,31,6,1598,1,7,9,2,9
2018210349785,2,5,0,5,0,2,0,0,0,0,3,1,6,1,64,9,1700,1,3,8,3,8
2018210349793,1,9,0,18,0,0,0,0,0,0,-1,1,6,1,-1,-1,-1,-1,-1,2,1,2
2018210349793,2,9,-1,-1,-1,0,-1,-1,-1,0,-1,1,6,2,25,5,1461,2,10,1,1,1
2018210349922,1,19,0,12,0,1,0,0,0,0,1,1,1,2,24,5,1560,2,4,8,3,8
2018210349922,2,9,0,18,0,1,0,0,0,0,1,1,6,2,51,8,1995,2,11,7,1,7
2018210349926,1,9,0,9,0,8,0,0,0,0,1,1,6,1,42,7,-1,-1,-1,8,2,8
2018210349926,2,9,0,18,0,8,0,0,0,0,1,1,6,2,51,8,1598,2,4,10,1,10
2018210349969,1,9,0,5,0,0,0,0,0,0,1,1,6,3,-1,-1,1390,1,18,-1,-1,-1
2018210349969,2,9,0,18,0,0,0,0,0,0,1,1,6,2,49,8,5439,1,14,6,1,6
2018210349976,1,9,0,18,0,0,0,0,1,0,3,1,6,2,20,4,1242,1,14,4,1,4
2018210349987,1,9,0,18,0,1,0,0,0,0,1,1,5,1,28,6,1968,2,8,1,1,1
2018210349987,2,9,0,18,0,1,0,0,0,0,1,1,6,1,75,10,2998,1,-1,-1,-1,-1
2018210349994,1,8,0,18,0,8,0,0,0,0,1,1,1,1,40,7,1968,2,4,1,1,1
2018210349994,2,9,0,9,0,7,0,0,0,0,3,1,5,1,26,6,1968,2,8,3,1,3
2018210350009,1,9,0,18,0,0,0,0,7,0,3,1,1,1,17,4,1242,1,16,7,2,7
2018210350026,1,9,0,18,0,0,0,0,0,0,3,1,6,2,73,10,-1,-1,-1,4,1,4
2018210350026,2,9,0,2,0,0,0,0,0,0,2,1,6,2,32,6,-1,-1,-1,5,1,5
2018210350084,1,8,0,4,0,0,0,0,0,0,1,1,1,1,38,7,2199,2,10,1,1,1
2018210350084,2,21,1,4,0,0,0,0,0,0,2,1,1,1,52,8,12902,2,5,1,1,1
2018210350091,1,9,0,7,0,6,0,0,0,0,1,1,6,1,47,8,2488,2,10,3,1,3
2018210350091,2,8,0,18,0,8,0,0,0,0,4,1,1,1,40,7,1461,2,-1,9,1,9
2018210350103,1,9,0,10,0,0,1,0,0,0,1,1,6,1,19,4,-1,-1,-1,7,3,7
2018210350103,2,4,0,18,0,0,0,0,0,0,0,1,6,1,61,9,243,1,26,10,3,10
2018210350133,1,9,-1,18,-1,0,0,0,0,0,4,1,5,2,44,7,2143,2,6,3,1,3
2018210350133,2,1,-1,18,9,0,0,0,0,0,4,1,6,1,34,6,-1,-1,-1,2,1,2
2018210350233,1,9,0,18,0,1,0,0,0,0,1,1,6,1,32,6,1686,2,12,4,1,4
2018210350233,2,9,0,18,0,8,0,0,0,0,1,1,6,1,63,9,-1,-1,-1,-1,-1,-1
2018210350325,1,9,0,-1,-1,-1,-1,-1,-1,0,-1,1,6,3,-1,-1,-1,-1,-1,-1,-1,-1
2018210350325,2,23,-1,-1,-1,-1,-1,-1,-1,0,-1,1,2,1,36,7,125,1,4,4,1,4
2018210350372,1,9,0,9,0,0,0,0,0,0,3,1,2,1,41,7,1390,1,10,2,1,2
2018210350372,2,1,0,18,0,0,0,0,0,0,1,1,2,2,28,6,-1,-1,-1,2,1,2
2018210350403,1,9,0,-1,-1,0,-1,-1,-1,0,-1,1,2,2,24,5,1598,2,4,6,1,6
2018210350403,2,1,-1,-1,-1,0,-1,-1,-1,0,-1,1,2,1,53,8,-1,-1,-1,6,1,6
2018210350427,1,19,0,9,0,8,0,0,0,0,4,1,1,2,50,8,1598,2,6,9,1,9
2018210350427,2,9,0,18,0,1,0,0,0,0,3,1,1,2,28,6,998,1,10,8,2,8
2018210350430,1,9,0,18,0,0,0,0,0,0,1,1,6,1,17,4,1398,1,-1,6,3,6
2018210350430,2,9,0,18,0,0,0,0,0,0,1,1,6,2,56,9,999,1,2,8,3,8
2018210350448,1,19,0,18,0,0,0,0,0,0,1,1,1,1,29,6,2287,2,4,1,1,1
2018210350448,2,9,0,4,0,0,0,0,0,0,2,1,6,2,46,8,-1,-1,-1,7,2,7
2018210350466,1,8,0,17,0,0,0,0,0,0,4,1,1,1,44,7,1998,2,6,1,1,1
2018210350469,1,9,0,18,0,0,0,0,0,0,1,1,1,1,59,9,1995,2,7,4,1,4
2018210350522,1,9,0,16,0,1,0,0,0,0,1,1,6,1,30,6,-1,-1,-1,4,1,4
2018210350522,2,9,0,9,0,1,0,0,0,0,2,1,6,1,68,10,1395,1,3,9,1,9
2018210350522,3,9,0,17,0,1,0,0,0,0,1,1,6,1,55,8,998,1,3,6,1,6
2018210350581,1,9,0,18,0,0,0,0,0,0,1,1,6,1,44,7,-1,-1,-1,2,1,2
2018210350581,2,9,-1,18,0,0,0,0,0,0,2,1,6,1,34,6,-1,-1,-1,5,1,5
2018210350581,3,9,-1,18,0,0,1,0,1,0,-1,1,6,1,25,5,-1,-1,-1,6,1,6
2018210350582,1,5,0,18,0,0,0,0,0,0,1,1,6,1,34,6,649,1,9,3,1,3
2018210350585,1,9,0,9,0,0,0,0,0,0,1,1,6,2,47,8,1461,2,4,5,1,5
2018210350585,2,1,0,9,0,0,0,0,0,0,3,1,2,1,42,7,-1,-1,-1,1,1,1
2018210350599,1,9,0,5,0,0,0,0,0,0,1,1,6,1,30,6,-1,-1,-1,1,1,1
2018210350599,2,9,0,18,0,0,0,0,0,0,4,1,6,2,20,4,1388,1,13,6,1,6
2018210350647,1,9,0,18,0,4,0,0,0,0,1,1,6,1,43,7,1998,1,-1,10,1,10
2018210350647,2,9,0,18,0,8,0,0,0,0,2,1,5,2,22,5,1299,1,13,8,1,8
2018210350827,1,9,0,18,0,1,0,0,0,0,1,1,6,1,-1,-1,998,1,2,10,1,10
2018210350827,2,9,0,10,0,1,0,0,0,0,2,1,6,1,25,5,1796,1,15,8,1,8
2018210350861,1,9,0,18,0,1,0,0,0,0,3,1,2,2,33,6,1349,1,10,4,1,4
2018210350861,2,9,0,9,0,6,0,0,0,0,1,1,6,1,56,9,2987,2,3,3,1,3
2018210350910,1,9,0,18,0,0,0,0,0,0,1,1,5,2,-1,-1,1360,1,16,2,1,2
2018210350910,2,9,0,18,0,0,0,0,0,0,4,1,5,1,26,6,1398,1,-1,5,1,5
2018210350932,1,-1,-1,18,0,4,0,0,0,0,1,1,6,3,-1,-1,-1,-1,-1,-1,-1,-1
2018210350932,2,9,0,18,0,6,0,0,0,0,2,1,6,2,-1,-1,998,1,4,7,1,7
2018210350939,1,9,0,17,0,1,0,0,0,0,4,1,5,1,32,6,1461,2,2,1,1,1
2018210350939,2,1,0,9,0,6,0,0,0,0,1,1,5,1,34,6,-1,-1,-1,8,1,8
2018210351136,1,9,0,18,0,0,0,0,0,0,1,1,6,2,76,11,1560,2,10,4,1,4
2018210351196,1,9,0,17,0,0,0,10,0,0,1,1,6,2,57,9,1997,2,2,3,1,3
2018210351216,1,9,0,14,-1,0,0,0,0,0,1,1,6,2,59,9,-1,3,-1,7,3,7
2018210351227,1,21,1,18,0,0,1,0,0,0,1,1,6,1,31,6,12740,2,2,4,1,4
2018210351227,2,9,0,4,0,0,0,0,0,0,2,1,6,1,47,8,-1,-1,-1,3,1,3
2018210351227,3,9,0,4,0,0,0,0,0,0,2,1,6,2,27,6,1995,1,11,2,1,2
2018210351266,1,21,0,12,0,0,0,0,0,0,4,1,6,3,-1,-1,12902,2,5,-1,-1,-1
2018210351266,2,9,0,18,0,0,0,0,0,0,3,1,6,2,49,8,998,1,1,7,1,7
2018210351274,1,9,0,7,0,0,0,0,1,0,0,1,6,1,-1,-1,-1,-1,-1,-1,-1,-1
2018210351447,1,9,0,1,0,0,0,0,0,0,2,1,6,2,45,7,1242,1,13,4,1,4
2018210351477,1,9,0,4,0,0,0,0,0,0,1,1,6,3,-1,-1,-1,-1,-1,-1,-1,-1
2018210351477,2,9,0,4,0,0,0,0,0,0,2,1,2,2,46,8,1461,2,4,5,1,5
2018210351505,1,9,0,18,0,1,5,0,0,0,3,1,6,1,58,9,1582,2,4,2,1,2
2018210351505,2,1,0,7,0,1,0,0,0,0,1,1,6,1,15,3,-1,-1,-1,2,1,2
2018210351536,1,9,-1,-1,-1,0,-1,-1,-1,0,-1,1,6,1,46,8,-1,-1,-1,2,1,2
2018210351536,2,9,0,18,0,0,0,0,0,0,3,1,6,1,60,9,-1,-1,-1,5,1,5
2018210351590,1,9,0,18,0,0,0,0,0,0,4,1,6,2,28,6,1997,2,8,2,-1,2
2018210351667,1,9,0,18,0,1,0,0,0,0,1,1,6,1,31,6,1910,2,9,3,2,3
2018210351667,2,9,0,18,0,1,0,0,0,0,1,1,6,1,18,4,1496,1,-1,4,1,4
2018210351667,3,9,0,18,0,1,0,0,0,0,1,1,6,1,56,9,2148,2,14,5,1,5
2018210351676,1,9,0,18,0,0,0,0,0,0,2,1,6,1,56,9,999,1,15,8,2,8
2018210351676,2,9,0,18,0,0,0,0,0,0,1,1,2,1,31,6,1398,2,7,2,1,2
2018210351696,1,9,-1,-1,-1,0,-1,-1,-1,0,-1,1,6,3,-1,-1,1388,1,10,-1,-1,-1
2018210351696,2,9,-1,-1,-1,0,-1,-1,-1,0,-1,1,1,1,-1,-1,2967,2,2,7,1,7
2018210351724,1,9,0,18,0,1,0,0,0,0,1,1,6,1,65,9,2199,2,6,5,1,5
2018210351724,2,9,0,3,0,1,0,0,0,0,2,1,6,1,39,7,1396,1,13,3,1,3
2018210351724,3,9,0,18,0,1,0,0,0,0,0,1,1,1,-1,-1,1968,2,1,7,1,7
2018210351809,1,5,0,17,0,0,0,0,0,0,1,1,6,1,32,6,600,1,17,1,1,1
2018210351987,1,9,0,18,0,0,1,0,0,0,1,1,6,1,21,5,1910,2,12,8,1,8
2018210352017,1,19,0,1,0,1,0,0,0,0,2,1,6,1,47,8,1968,2,4,2,1,2
2018210352083,1,9,-1,-1,-1,-1,-1,-1,-1,0,-1,1,6,2,54,8,1598,2,6,8,2,8
2018210352083,2,9,-1,-1,-1,-1,-1,-1,-1,0,-1,1,6,1,-1,-1,-1,-1,-1,2,1,2
2018210352086,1,3,0,18,0,4,1,0,0,0,1,1,6,1,19,4,-1,-1,-1,1,1,1
2018210352086,2,9,0,3,0,4,0,0,0,0,1,1,6,2,21,5,998,1,10,1,1,1
2018210352106,1,9,0,4,0,0,5,0,0,0,1,1,6,1,19,4,1149,1,13,1,1,1
2018210352106,2,9,0,18,0,0,5,0,0,0,2,1,6,1,42,7,-1,-1,-1,5,3,5
2018210352134,1,9,0,18,0,0,0,0,0,0,3,1,6,1,22,5,1248,2,10,4,1,4
2018210352134,2,8,0,2,0,0,0,0,0,0,3,1,1,1,31,6,1968,2,5,1,1,1
2018210352142,1,9,0,18,0,4,0,0,0,0,1,1,6,2,30,6,1149,1,16,4,1,4
2018210352142,2,9,0,18,0,8,0,0,0,0,2,1,2,1,48,8,1560,2,10,1,1,1
2018210352262,1,9,0,17,0,0,0,0,0,0,1,1,6,1,30,6,1910,2,12,1,1,1
2018210352262,2,9,0,16,0,0,0,0,0,0,0,1,6,1,30,6,1398,2,7,8,1,8
2018210352284,1,9,0,16,0,0,0,0,0,0,1,1,6,2,25,5,1995,2,9,7,2,7
2018210352284,2,9,0,17,0,0,0,0,1,0,1,1,6,2,42,7,1398,2,7,7,1,7
2018210352510,1,1,-1,14,0,0,0,0,0,0,-1,1,6,1,15,3,-1,-1,-1,5,1,5
2018210352525,1,9,0,18,0,0,0,0,0,0,1,1,2,1,73,10,1685,2,4,-1,-1,-1
2018210352525,2,9,0,3,0,0,0,0,0,0,2,1,2,2,53,8,-1,-1,-1,8,1,8
2018210352525,3,9,0,2,0,0,0,0,0,0,2,1,2,2,53,8,1197,1,4,9,1,9
2018210352533,1,9,0,17,0,0,0,0,0,0,1,1,6,1,-1,-1,-1,-1,-1,7,1,7
2018210352533,2,9,0,18,0,0,0,0,0,0,4,1,6,1,73,10,2143,2,8,7,1,7
2018210352761,1,-1,-1,-1,-1,0,-1,-1,-1,0,-1,1,6,1,33,6,-1,-1,-1,1,1,1
2018210352761,2,-1,-1,-1,-1,0,-1,-1,-1,0,-1,1,6,2,-1,-1,-1,-1,-1,-1,-1,-1
2018210352900,1,9,0,18,0,2,0,0,0,0,1,1,6,1,26,6,1587,1,16,2,1,2
2018210352900,2,9,0,18,0,2,0,0,0,0,2,1,3,2,42,7,1798,1,4,1,1,1
2018210352911,1,9,0,18,0,0,0,0,0,0,1,1,6,1,30,6,1990,1,12,8,3,8
2018210352911,2,1,0,18,0,0,0,0,0,0,2,1,6,2,37,7,-1,-1,-1,2,1,2
2018210352925,1,9,0,18,0,1,0,0,0,0,1,1,6,1,39,7,-1,-1,-1,2,1,2
2018210352925,2,9,0,10,0,1,0,0,0,0,2,1,6,1,21,5,1229,1,4,4,1,4
2018210352935,1,9,-1,7,-1,0,0,0,-1,0,-1,1,6,1,49,8,1598,1,11,8,1,8
2018210352935,2,1,-1,5,4,0,0,0,0,0,-1,1,6,1,-1,-1,-1,-1,-1,-1,-1,-1
2018210352956,1,9,0,18,0,0,0,0,1,0,1,1,6,1,28,6,1229,1,4,-1,-1,-1
2018210352964,1,9,0,1,0,0,0,0,0,0,2,1,6,1,62,9,2993,2,8,3,1,3
2018210352964,2,9,0,2,0,0,0,0,0,0,2,1,6,1,25,5,1995,2,13,9,-1,9
2018210353017,1,9,0,18,0,0,0,0,0,0,3,1,6,1,57,9,2982,2,14,7,1,7
2018210353017,2,1,0,18,9,0,0,0,0,0,1,1,6,1,20,4,-1,-1,-1,6,1,6
2018210353038,1,9,0,18,0,0,0,11,0,0,1,1,6,1,70,10,2400,2,3,7,1,7
2018210353083,1,9,0,15,0,1,0,0,0,0,3,1,6,1,22,5,1390,1,4,9,1,9
2018210353083,2,8,0,18,0,2,0,0,0,0,1,1,1,1,-1,-1,1997,2,7,2,1,2
2018210353083,3,9,0,2,0,1,0,0,0,0,2,1,6,3,-1,-1,1461,2,3,-1,-1,-1
2018210353096,1,9,0,18,0,0,0,0,0,0,1,1,6,2,59,9,1299,1,16,5,1,5
2018210353096,2,9,0,18,0,0,0,0,0,0,1,1,6,1,54,8,2143,2,2,10,3,10
2018210353111,1,9,0,18,0,0,0,0,0,0,1,1,6,2,39,7,1997,1,6,8,1,8
2018210353121,1,9,0,18,0,0,0,0,0,0,1,1,6,2,18,4,1242,1,3,4,1,4
2018210353121,2,9,0,18,0,0,0,0,0,0,2,1,6,1,26,6,1598,1,18,2,1,2
2018210353208,1,9,0,18,0,4,0,0,0,0,3,1,6,1,70,10,1598,2,2,8,3,8
2018210353208,2,1,0,18,0,4,0,0,0,0,2,1,6,1,63,9,-1,-1,-1,9,1,9
2018210353225,1,9,0,4,0,4,0,0,0,0,1,1,6,2,35,6,1598,1,3,7,1,7
2018210353225,2,9,0,4,0,4,0,0,0,0,2,1,6,2,58,9,1796,1,13,6,1,6
2018210353310,1,9,0,5,0,0,0,0,0,0,1,1,6,2,55,8,1591,1,-1,2,1,2
2018210353354,1,9,0,9,0,6,0,0,0,0,3,1,6,1,20,4,1198,1,6,5,3,5
2018210353354,2,9,0,13,0,1,0,0,0,0,4,1,6,2,20,4,1299,1,10,8,1,8
2018210353354,3,21,1,3,0,1,0,0,0,0,1,1,1,1,30,6,9290,2,5,2,1,2
2018210353356,1,20,0,18,0,8,0,0,0,0,1,1,1,1,21,5,-1,-1,-1,4,1,4
2018210353356,2,8,0,6,0,8,0,0,0,0,3,1,1,2,53,8,1598,2,4,3,1,3
2018210353360,1,9,0,18,0,0,0,0,0,0,1,1,6,2,44,7,875,1,7,7,1,7
2018210353360,2,9,0,18,0,0,0,0,0,0,2,1,6,1,58,9,1398,1,2,7,1,7
2018210353360,3,9,0,18,0,0,0,0,0,0,2,1,6,1,-1,-1,1950,2,2,-1,-1,-1
2018210353367,1,9,0,1,0,0,0,0,0,0,2,1,6,1,35,6,1781,1,17,5,1,5
2018210353367,2,9,0,5,0,0,0,0,0,0,4,1,1,1,45,7,1956,2,2,1,1,1
2018210353391,1,9,0,18,0,0,2,0,0,0,1,1,6,1,34,6,1595,1,14,9,1,9
2018210353391,2,9,0,2,0,0,0,0,0,0,2,1,6,1,55,8,1596,1,7,4,1,4