Accident_Index,Vehicle_Reference,Vehicle_Type,Towing_and_Articulation,Vehicle_Manoeuvre,Vehicle_Location-Restricted_Lane,Junction_Location,Skidding_and_Overturning,Hit_Object_in_Carriageway,Vehicle_Leaving_Carriageway,Hit_Object_off_Carriageway,1st_Point_of_Impact,Was_Vehicle_Left_Hand_Drive?,Journey_Purpose_of_Driver,Sex_of_Driver,Age_of_Driver,Age_Band_of_Driver,Engine_Capacity_(CC),Propulsion_Code,Age_of_Vehicle,Driver_IMD_Decile,Driver_Home_Area_Type,Vehicle_IMD_Decile
2018210353392,1,9,0,1,0,7,0,0,0,0,2,1,6,2,52,8,1968,2,5,8,1,8
2018210353393,1,9,0,17,0,0,0,0,0,0,1,1,1,2,22,5,1242,1,6,7,3,7
2018210353393,2,9,0,16,0,0,0,0,0,0,1,1,6,1,55,8,998,1,4,9,1,9
2018210353393,3,9,0,16,0,0,0,0,0,0,-1,1,6,1,59,9,2987,2,4,10,1,10
2018210353398,1,19,0,9,0,5,0,0,0,0,2,1,5,1,41,7,2198,2,3,5,1,5
2018210353398,2,9,0,18,0,1,0,0,0,0,1,1,5,2,53,8,1560,2,8,3,1,3
2018210353398,3,9,0,18,0,1,0,0,0,0,1,1,5,1,61,9,1896,2,9,9,1,9
2018210353402,1,9,0,18,0,0,0,0,0,0,-1,1,5,2,50,8,998,1,13,2,1,2
2018210353402,2,8,0,18,-1,0,-1,-1,-1,0,-1,1,1,1,31,6,1995,2,5,1,1,1
2018210353414,1,8,0,1,0,0,0,0,0,0,2,1,1,1,-1,-1,1598,2,6,4,1,4
2018210353415,1,8,0,18,0,-1,0,0,0,0,1,1,6,3,-1,-1,-1,-1,-1,-1,-1,-1
2018210353415,2,1,0,18,0,1,0,0,0,0,-1,1,6,1,43,7,-1,-1,-1,1,1,1
2018210353423,1,9,0,18,0,0,0,0,0,0,1,1,6,2,30,6,1461,2,5,8,1,8
2018210353427,1,9,0,18,0,1,0,0,0,0,1,1,6,1,20,4,1396,1,15,-1,-1,-1
2018210353427,2,9,0,18,0,2,0,0,0,0,1,1,5,2,36,7,1197,1,1,-1,-1,-1
2018210353605,1,8,0,18,0,0,0,0,0,0,1,1,1,3,-1,-1,-1,-1,-1,-1,-1,-1
2018210353645,1,9,0,18,0,4,0,0,0,0,1,1,4,2,-1,-1,-1,-1,-1,7,2,7
2018210353645,2,9,0,3,0,4,0,0,0,0,2,1,6,2,50,8,1242,1,5,6,1,6
2018210353655,1,9,0,18,0,0,0,0,0,0,1,1,6,2,51,8,999,1,2,6,1,6
2018210353662,1,9,0,9,0,0,0,0,0,0,0,1,6,1,-1,-1,2993,2,9,6,2,6
2018210353663,1,9,0,18,0,0,0,0,0,0,3,1,6,1,59,9,1598,1,7,10,1,10
2018210353670,1,9,0,18,0,0,0,4,0,0,1,1,6,2,-1,-1,1598,1,8,6,2,6
2018210353670,2,21,0,2,0,0,0,0,0,0,2,1,6,1,-1,-1,-1,-1,-1,10,2,10
2018210353686,1,9,0,18,0,0,0,0,0,0,1,1,6,1,27,6,1995,2,2,2,1,2
2018210353686,2,9,0,2,0,0,0,0,0,0,2,1,6,2,60,9,1560,2,5,5,1,5
2018210353692,1,9,0,12,0,0,0,0,0,0,2,1,1,1,38,7,-1,-1,-1,2,1,2
2018210353692,2,9,0,18,0,0,0,0,0,0,1,1,6,2,60,9,-1,-1,-1,9,1,9
2018210353694,1,9,0,18,0,1,0,0,0,0,1,1,6,2,60,9,998,1,-1,2,1,2
2018210353694,2,9,0,4,0,1,0,0,0,0,2,1,1,1,52,8,2143,2,5,6,3,6
2018210353697,1,9,0,18,0,1,0,0,0,0,1,1,6,1,56,9,1598,1,15,2,1,2
2018210353697,2,9,0,18,0,1,0,0,0,0,2,1,6,1,34,6,-1,-1,-1,1,1,1
2018210353701,1,9,0,18,0,0,0,0,0,0,4,1,6,3,-1,-1,-1,-1,-1,-1,-1,-1
2018210353702,1,9,0,1,0,0,0,0,0,0,2,1,1,1,64,9,-1,-1,-1,10,1,10
2018210353707,1,9,-1,18,0,1,0,0,0,0,1,1,6,1,-1,-1,-1,-1,-1,-1,-1,-1
2018210353707,2,9,0,10,0,1,0,0,0,0,3,1,6,1,27,6,2143,2,2,10,3,10
2018210353723,1,9,0,18,0,0,0,0,0,0,2,1,6,1,88,11,1905,2,21,7,3,7
2018210353723,2,19,0,4,0,0,0,0,0,0,1,1,6,1,22,5,1598,2,1,6,1,6
2018210353784,1,9,0,7,0,1,0,0,0,0,3,1,6,1,72,10,1461,2,1,-1,-1,-1
2018210353784,2,9,0,18,0,1,0,0,0,0,1,1,6,2,57,9,1242,1,7,5,3,5
2018210353835,1,19,0,18,0,0,0,0,0,0,1,1,6,1,35,6,1560,2,4,8,1,8
2018210353835,2,9,0,4,0,0,0,0,0,0,2,1,6,2,76,11,1587,1,15,8,3,8
2018210353835,3,19,0,4,0,0,0,0,0,0,2,1,6,1,51,8,1968,2,9,2,1,2
2018210353888,1,9,0,18,0,1,0,0,3,11,1,1,6,1,56,9,-1,-1,-1,7,1,7
2018210353888,2,9,0,18,0,1,0,0,1,0,1,1,6,2,31,6,1499,2,3,6,1,6
2018210354068,1,3,0,13,0,0,1,0,0,0,0,1,6,1,17,4,125,1,13,4,1,4
2018210354072,1,9,0,1,0,0,0,0,0,0,2,1,6,3,-1,-1,-1,-1,-1,-1,-1,-1
2018210354072,2,9,0,18,0,0,0,0,0,0,1,1,6,2,22,5,1242,1,15,8,1,8
2018210354120,1,9,0,9,0,6,0,0,0,0,1,1,6,1,25,5,-1,-1,-1,1,1,1
2018210354169,1,9,0,18,0,1,0,0,0,0,1,1,6,1,55,8,2993,2,9,2,1,2
2018210354169,2,9,0,4,0,1,0,0,0,0,2,1,6,2,57,9,1242,1,10,1,1,1
2018210354304,1,9,0,18,0,0,1,0,7,0,1,1,6,1,19,4,1896,2,17,9,1,9
2018210354438,1,9,0,18,0,1,0,0,0,0,1,1,6,2,-1,-1,1229,1,6,6,1,6
2018210354438,2,3,0,18,0,1,0,0,0,0,2,1,6,1,21,5,102,1,3,4,1,4
2018210354459,1,9,0,18,0,8,0,0,0,0,3,1,6,1,39,7,1999,2,2,10,1,10
2018210354459,2,9,0,18,0,8,0,0,0,0,3,1,6,2,22,5,998,1,5,5,1,5
2018210354476,1,9,0,7,0,8,0,0,0,0,1,1,6,2,82,11,1199,1,14,3,1,3
2018210354482,1,9,0,4,0,0,0,0,0,0,2,1,6,1,34,6,1969,2,2,7,1,7
2018210354482,2,9,0,4,0,0,0,0,0,0,2,1,6,1,29,6,1999,2,1,10,1,10
2018210354482,3,9,3,4,0,0,0,0,0,0,1,1,6,2,33,6,1995,2,9,1,1,1
2018210354672,1,21,1,17,0,3,2,0,0,0,3,1,1,1,45,7,12740,2,6,2,1,2
2018210354691,1,9,0,18,0,8,0,0,0,0,1,1,1,1,-1,-1,1956,2,1,-1,-1,-1
2018210354691,2,9,0,18,0,8,0,0,0,0,1,1,2,1,52,8,1968,2,11,1,1,1
2018210354775,1,19,0,18,0,0,0,0,0,0,1,1,6,1,30,6,2287,2,7,2,1,2
2018210354775,2,9,0,4,0,0,0,0,0,0,2,1,6,1,48,8,-1,-1,-1,10,1,10
2018210354775,3,9,0,18,0,0,0,0,0,0,1,1,6,1,89,11,1390,1,20,8,1,8
2018210354982,1,9,0,18,0,0,0,0,0,0,1,1,2,2,37,7,1242,1,17,5,1,5
2018210354986,1,9,0,4,0,1,0,0,0,0,1,1,6,1,17,4,1396,1,21,-1,-1,-1
2018210354986,2,98,0,4,0,1,0,0,0,0,2,1,6,1,41,7,-1,-1,-1,9,1,9
2018210354998,1,9,0,18,0,0,0,0,0,0,1,1,6,3,-1,-1,1997,1,12,-1,-1,-1
2018210354998,2,9,0,18,0,0,0,0,0,0,2,1,5,1,-1,-1,1242,1,6,2,1,2
2018210355001,1,9,0,18,0,8,0,0,0,0,1,1,6,1,22,5,1798,1,8,2,-1,2
2018210355004,1,9,0,9,0,1,0,0,0,0,1,1,6,1,46,8,1560,2,13,7,2,7
2018210355017,1,9,0,18,0,0,0,0,0,0,1,1,6,2,18,4,1587,1,16,5,1,5
2018210355017,2,9,0,18,0,0,0,0,0,0,2,1,2,1,47,8,2979,1,2,9,1,9
2018210355021,1,5,0,18,0,1,0,0,0,0,3,1,6,1,72,10,1200,1,1,9,1,9
2018210355021,2,21,1,18,0,1,0,0,0,0,4,1,1,1,38,7,12902,2,5,-1,1,-1
2018210355022,1,9,0,9,0,2,0,0,0,0,1,1,6,1,72,10,1242,1,13,2,3,2
2018210355022,2,9,0,18,0,1,0,0,0,0,1,1,6,2,28,6,1896,2,9,8,1,8
2018210355022,3,9,0,3,0,1,0,0,0,0,2,1,6,1,32,6,1339,1,10,6,2,6
2018210355024,1,9,0,10,0,1,0,0,0,0,4,1,6,1,36,7,1124,1,14,1,1,1
2018210355024,2,8,0,18,0,1,0,0,0,0,1,1,1,1,-1,-1,1995,2,8,2,1,2
2018210355039,1,3,0,18,0,0,0,0,0,0,1,1,6,1,51,8,125,1,-1,-1,-1,-1
2018210355039,2,19,0,18,0,0,0,0,0,0,3,1,6,1,36,7,1560,2,4,8,3,8
2018210355046,1,9,0,18,0,1,0,0,0,0,1,1,6,1,36,7,998,1,12,1,1,1
2018210355046,2,9,0,18,0,1,0,0,0,0,1,1,6,1,73,10,1896,2,13,6,1,6
2018210355047,1,19,0,4,0,0,0,0,0,0,1,1,2,1,46,8,1560,2,-1,5,1,5
2018210355047,2,9,0,3,0,0,0,0,0,0,2,1,2,2,56,9,1248,2,9,9,1,9
2018210355049,1,9,0,7,0,3,0,0,0,0,3,1,6,2,58,9,1596,1,3,4,1,4
2018210355049,2,5,0,3,0,3,0,0,1,0,4,1,6,1,74,10,599,1,22,5,1,5
2018210355050,1,9,0,18,0,8,0,0,0,0,2,1,2,1,31,6,4999,1,2,10,1,10
2018210355050,2,9,0,18,0,8,0,0,0,0,1,1,6,2,55,8,2777,2,10,9,1,9
2018210355059,1,9,0,18,0,0,0,0,0,0,1,1,6,1,24,5,1124,1,17,3,1,3
2018210355059,2,9,0,4,0,0,0,0,0,0,2,1,6,1,47,8,1339,1,11,9,2,9
2018210355064,1,9,0,18,0,1,0,0,0,0,1,1,6,1,44,7,1968,2,8,2,1,2
2018210355064,2,1,0,18,0,1,0,0,0,0,4,1,6,1,40,7,-1,-1,-1,10,2,10
2018210355080,1,9,0,18,0,0,0,0,0,0,1,1,1,1,34,6,1999,2,1,9,1,9
2018210355082,1,19,0,18,0,8,0,0,0,0,1,1,6,1,50,8,1560,2,5,9,1,9
2018210355082,2,1,0,18,0,8,0,0,0,0,2,1,6,1,68,10,-1,-1,-1,4,1,4
2018210355083,1,9,0,18,0,0,0,7,0,0,1,1,6,2,50,8,1596,1,12,4,1,4
2018210355086,1,9,0,18,0,0,0,0,0,0,1,1,6,1,39,7,998,1,12,4,1,4
2018210355087,1,9,0,18,0,0,0,0,0,0,1,1,6,1,20,4,-1,-1,-1,-1,-1,-1
2018210355123,1,20,0,18,0,0,0,0,0,0,1,1,1,1,49,8,-1,-1,-1,6,1,6
2018210355197,1,9,0,18,0,0,0,0,0,0,1,1,6,2,44,7,1461,2,3,6,3,6
2018210355197,2,9,0,18,0,0,0,0,0,0,2,1,6,1,-1,-1,1997,2,-1,7,1,7
2018210355212,1,9,-1,18,0,0,0,0,0,0,1,1,6,2,60,9,1086,1,11,5,3,5
2018210355256,1,21,0,18,0,0,0,0,0,0,1,1,6,1,38,7,12777,2,1,-1,-1,-1
2018210355275,1,9,-1,18,0,0,0,0,0,0,1,1,6,1,32,6,1995,2,12,2,1,2
2018210355275,2,9,0,18,0,0,0,0,0,0,1,1,6,1,75,10,2143,2,4,9,1,9
2018210355280,1,9,0,3,0,8,0,0,0,0,1,1,6,1,62,9,1685,2,1,1,1,1
2018210355460,1,9,0,18,0,0,0,0,0,0,1,1,2,1,24,5,1560,2,7,3,1,3
2018210355460,2,9,0,18,0,0,0,0,1,0,3,1,6,2,41,7,1242,1,1,9,1,9
2018210355496,1,-1,-1,-1,-1,0,-1,-1,-1,0,-1,1,6,3,-1,-1,-1,-1,-1,-1,-1,-1
2018210355496,2,9,0,4,0,0,0,0,0,0,2,1,6,2,31,6,1598,1,14,2,-1,2
2018210355497,1,9,0,18,0,0,0,0,0,0,1,1,6,1,-1,-1,5439,1,14,6,2,6
2018210355497,2,9,0,18,0,0,0,0,0,0,1,1,6,1,34,6,1199,1,15,1,1,1
2018210355497,3,9,0,18,0,0,0,0,0,0,1,1,6,1,58,9,1200,1,-1,7,1,7
2018210355497,4,9,0,18,0,0,0,0,0,0,1,1,6,2,24,5,-1,-1,-1,10,1,10
2018210355517,1,9,0,9,0,6,0,0,0,0,1,1,1,2,46,8,1329,1,2,8,2,8
2018210355517,2,9,0,18,0,1,0,0,0,0,4,1,6,2,44,7,2179,2,5,4,1,4
2018210355521,1,9,0,18,0,0,0,0,0,0,3,1,2,1,68,10,-1,-1,-1,10,1,10
2018210355538,1,21,1,18,0,1,0,0,0,0,1,1,1,1,61,9,12809,2,5,1,1,1
2018210355538,2,9,0,18,0,1,0,0,0,0,2,1,2,2,53,8,1582,2,7,6,1,6
2018210355661,1,9,0,18,0,0,0,0,0,0,1,1,6,1,20,4,1896,2,16,9,2,9
2018210355661,2,9,0,18,0,0,0,0,0,0,2,1,6,1,72,10,1149,1,3,-1,-1,-1
2018210355724,1,9,0,18,0,1,0,0,0,0,1,1,6,2,65,9,1598,1,8,6,1,6
2018210355761,1,21,0,4,0,1,0,0,0,0,1,1,1,1,27,6,11946,2,7,-1,-1,-1
2018210355761,2,9,0,3,0,1,0,0,0,0,2,1,2,1,57,9,1612,1,7,8,2,8
2018210355787,1,9,0,7,0,1,0,0,0,0,1,1,6,1,21,5,1596,1,4,10,-1,10
2018210355787,2,9,0,18,0,1,0,0,0,0,2,1,6,1,48,8,1398,2,10,7,1,7
2018210355826,1,9,0,18,0,0,0,0,7,0,1,1,6,1,18,4,1560,2,6,3,2,3
2018210355861,1,9,0,5,0,0,0,0,0,0,1,1,6,2,40,7,999,1,2,10,3,10
2018210355861,2,1,0,18,0,0,0,0,0,0,4,1,6,1,30,6,-1,-1,-1,9,1,9
2018210355886,1,9,0,18,0,8,0,0,0,0,1,1,6,1,54,8,1499,2,3,10,1,10
2018210355886,2,9,0,18,0,8,0,0,0,0,3,1,1,1,26,6,-1,-1,-1,7,1,7
2018210356096,1,9,0,18,0,0,0,0,0,0,1,1,1,1,41,7,1199,1,-1,2,1,2
2018210356130,1,3,0,14,0,0,0,0,0,0,4,1,2,2,26,6,124,1,4,9,1,9
2018210356130,2,9,-1,-1,-1,0,-1,-1,-1,0,-1,1,6,1,-1,-1,1896,2,13,-1,-1,-1
2018210356146,1,9,0,18,0,4,0,0,0,0,1,1,1,1,45,7,-1,-1,-1,-1,-1,-1
2018210356146,2,1,0,18,0,4,0,0,0,0,2,1,2,1,38,7,-1,-1,-1,2,1,2
2018210356175,1,9,0,18,0,1,0,0,0,0,3,1,6,1,48,8,1587,1,12,10,2,10
2018210356214,1,9,0,18,0,0,0,0,7,0,1,1,6,1,26,6,2200,1,17,3,1,3
2018210356225,1,9,0,18,0,1,0,0,0,0,4,1,2,2,47,8,1200,1,3,6,1,6
2018210356255,1,9,0,7,0,0,0,0,0,0,3,1,6,1,37,7,2143,2,3,5,1,5
2018210356255,2,3,0,18,0,0,0,0,0,0,1,1,6,1,24,5,124,1,8,3,1,3
2018210356276,1,9,0,18,0,0,0,0,0,0,0,1,6,1,75,10,1398,1,2,4,1,4
2018210356310,1,9,0,7,0,0,0,0,0,0,1,1,6,1,27,6,1781,1,13,6,1,6
2018210356320,1,9,0,18,0,0,2,0,7,0,1,1,6,1,64,9,1242,1,15,5,1,5
2018210356320,2,21,1,18,0,0,0,0,0,0,1,1,1,1,39,7,11967,2,7,3,1,3
2018210356328,1,9,0,5,0,4,0,0,0,0,1,1,6,1,30,6,998,1,1,2,1,2
2018210356400,1,9,0,18,0,0,0,0,0,0,4,1,6,3,-1,-1,-1,-1,-1,-1,-1,-1
2018210356410,1,3,0,17,0,1,0,0,0,0,4,1,6,1,29,6,125,1,1,4,1,4
2018210356410,2,9,0,9,0,6,0,0,0,0,1,1,6,2,25,5,1149,1,15,4,1,4
2018210356420,1,9,5,15,0,4,2,10,0,0,4,1,6,1,21,5,1896,2,12,5,1,5
2018210356420,2,9,0,9,0,4,0,0,0,0,4,1,6,2,45,7,1498,1,2,3,1,3
2018210356450,1,9,0,18,0,0,0,0,0,0,1,1,6,1,39,7,1781,1,18,8,3,8
2018210356566,1,9,0,18,0,0,-1,0,0,0,-1,1,6,2,31,6,1149,1,9,5,1,5
2018210356566,2,1,0,18,0,0,-1,0,0,0,-1,1,6,1,35,6,-1,-1,-1,5,1,5
2018210356567,1,9,0,18,0,0,0,0,0,0,4,1,6,2,-1,-1,-1,-1,-1,-1,-1,-1
2018210356571,1,19,0,18,0,0,0,0,0,0,4,1,1,1,40,7,2143,2,7,2,1,2
2018210356571,2,1,0,18,0,0,0,0,1,0,3,1,6,1,35,6,-1,-1,-1,8,3,8
2018210356575,1,9,0,9,0,1,0,0,0,0,1,1,6,1,88,11,1329,1,8,3,1,3
2018210356575,2,9,0,18,0,1,0,0,0,0,1,1,6,2,86,11,1248,1,6,10,3,10
2018210356577,1,9,0,9,0,0,0,0,0,0,3,1,3,2,35,6,2179,2,7,6,-1,6
2018210356578,1,9,0,5,0,0,0,0,0,0,1,1,6,2,47,8,1598,2,6,7,2,7
2018210356584,1,9,0,9,0,0,0,0,0,0,1,1,6,2,87,11,973,1,15,4,1,4
2018210356584,2,1,0,18,0,0,0,0,0,0,3,1,6,1,32,6,-1,-1,-1,9,1,9
2018210356589,1,21,1,18,0,0,0,0,0,0,0,1,6,1,34,6,12809,2,2,2,1,2
2018210356589,2,9,0,18,0,0,1,-1,0,0,1,1,6,1,20,4,1595,1,-1,10,1,10
2018210400002,1,9,0,18,0,1,2,0,0,0,1,1,6,2,27,6,1229,1,2,8,2,8
2018210400002,2,9,0,18,0,1,0,0,1,0,1,1,6,2,52,8,1598,1,12,9,2,9
2018210400068,1,9,0,18,0,3,0,0,0,0,4,1,6,1,30,6,1968,2,7,1,1,1
2018210400068,2,9,0,18,0,3,0,0,0,0,1,1,6,2,27,6,1242,1,-1,5,1,5
2018210811697,1,4,0,13,0,0,2,0,0,0,1,1,2,1,33,6,125,1,13,3,1,3
2018210811697,2,9,0,10,0,0,0,0,0,0,3,1,2,1,47,8,1598,2,7,-1,-1,-1
2018210811700,1,9,0,18,0,0,0,0,0,0,1,1,6,1,39,7,-1,-1,-1,2,1,2
2018210811700,2,9,0,18,0,0,0,0,0,0,1,1,6,2,24,5,1499,2,4,6,1,6
2018210811763,1,19,-1,18,0,0,0,0,1,0,1,1,5,1,41,7,2143,2,1,5,1,5
2018210811866,1,19,0,7,0,1,0,0,0,0,0,1,6,1,48,8,1868,2,17,1,1,1
2018210812040,1,9,0,18,0,0,0,0,0,0,3,1,6,1,50,8,-1,-1,-1,6,3,6
2018210812040,2,9,0,18,0,0,0,0,0,0,3,1,1,1,45,7,-1,-1,-1,9,1,9
2018210815181,1,19,-1,18,0,5,0,0,0,0,0,1,1,3,-1,-1,-1,-1,-1,-1,-1,-1
2018210815181,2,9,0,18,0,1,0,0,0,0,1,1,6,2,18,4,1595,1,-1,6,3,6
2018210815198,1,2,0,14,0,0,0,0,0,0,1,1,6,1,22,5,649,1,11,5,1,5
2018210815198,2,9,0,3,0,0,0,0,0,0,2,1,6,2,29,6,1598,2,5,9,1,9
2018210815263,1,9,0,16,0,8,0,0,0,0,1,1,6,2,23,5,1598,2,6,1,1,1
2018210815263,2,9,0,18,0,1,0,0,0,0,1,1,6,1,34,6,-1,-1,-1,9,1,9
2018210815361,1,9,0,9,0,6,0,0,0,0,3,1,1,2,46,8,1598,1,3,9,1,9
2018210815361,2,5,0,18,0,1,0,0,0,0,1,1,6,1,55,8,640,1,16,7,3,7
2018210815438,1,9,0,18,0,0,0,0,0,0,1,1,6,1,23,5,2479,1,30,9,1,9
2018210815438,2,9,0,18,0,0,0,0,0,0,1,1,6,1,31,6,2993,2,2,6,3,6
2018210815514,1,9,-1,-1,-1,-1,-1,-1,-1,0,-1,1,6,1,37,7,998,1,4,5,-1,5
2018210815514,2,1,-1,-1,-1,-1,-1,-1,-1,0,-1,1,6,1,35,6,-1,-1,-1,-1,-1,-1
2018210815588,1,9,0,1,0,0,0,0,0,0,0,1,6,1,24,5,1995,2,6,2,1,2
2018210816101,1,9,0,18,0,0,5,10,0,0,0,1,6,1,41,7,1794,1,17,9,3,9
2018210816158,1,5,0,13,0,8,1,0,7,5,1,1,6,1,38,7,-1,-1,-1,7,1,7
2018210816158,2,9,0,9,0,5,0,0,0,0,3,1,6,1,21,5,1995,2,5,2,1,2
2018210816213,1,9,0,10,0,0,0,0,-1,0,1,1,1,1,63,9,1598,2,6,9,1,9
2018210816213,2,9,0,18,0,0,0,0,-1,0,4,1,6,1,52,8,2497,2,10,4,1,4
2018210816486,1,9,-1,-1,-1,-1,-1,-1,-1,0,-1,1,6,2,57,9,-1,-1,-1,6,1,6
2018210816486,2,8,-1,-1,-1,-1,-1,-1,-1,0,-1,1,1,1,23,5,1597,2,4,1,1,1
2018210819057,1,9,0,7,0,6,0,0,0,0,0,1,6,1,25,5,1997,2,14,9,1,9
2018210819057,2,9,0,18,0,1,0,0,0,0,0,1,6,2,63,9,1968,2,10,1,1,1
2018210819093,1,8,0,5,0,0,0,0,0,0,0,1,1,1,38,7,1995,2,6,1,1,1
2018210819201,1,9,0,18,0,6,0,0,0,0,1,1,6,2,39,7,1598,2,6,4,1,4
2018210819201,2,9,0,18,0,8,5,0,0,0,4,1,6,3,-1,-1,998,1,-1,-1,-1,-1
2018210819201,3,9,0,2,0,2,0,0,0,0,2,1,6,1,21,5,999,1,4,8,1,8
2018210819437,1,4,0,14,0,0,0,0,0,0,4,1,6,1,23,5,487,1,15,5,1,5
2018210819437,2,19,0,9,0,0,0,0,0,0,3,1,6,1,64,9,1867,2,18,6,3,6
2018210819437,3,9,0,3,0,0,0,0,0,0,3,1,6,1,52,8,1995,2,5,4,1,4
2018210819442,1,9,0,18,0,1,0,0,0,0,1,1,6,1,25,5,1248,2,6,10,1,10
2018210819442,2,9,0,18,0,1,0,0,0,0,1,1,6,1,31,6,1242,1,7,7,2,7
2018210819604,1,1,0,9,9,6,0,0,0,0,2,1,6,1,32,6,-1,-1,-1,1,1,1
2018210819604,2,9,0,18,0,1,0,0,0,0,1,1,6,1,40,7,1461,2,1,1,1,1
2018210819634,1,19,0,4,0,1,0,0,0,0,1,1,6,3,-1,-1,-1,-1,-1,1,1,1
2018210819634,2,9,0,3,0,1,0,0,0,0,2,1,1,2,30,6,1595,1,1,8,3,8
2018210819654,1,8,0,18,0,1,0,0,0,0,0,1,1,1,50,8,1998,2,8,1,1,1
2018210820417,1,21,0,4,-1,0,-1,-1,-1,0,2,1,6,1,31,6,12777,2,2,7,1,7
2018210820417,2,9,0,-1,-1,0,-1,-1,-1,0,1,1,6,2,48,8,998,1,4,10,1,10
2018210820454,1,9,0,18,0,0,0,0,0,0,1,1,6,2,23,5,2993,2,3,1,1,1
2018210820454,2,9,0,18,0,0,0,0,0,0,1,1,6,2,23,5,1598,1,8,7,3,7
2018210820454,3,19,0,18,0,0,0,0,0,0,1,1,6,1,50,8,1995,2,-1,10,1,10
2018210820967,1,9,0,9,0,1,0,0,0,0,1,1,6,2,62,9,1956,2,5,9,1,9
2018210821573,1,9,0,6,0,8,0,0,0,0,3,1,1,1,46,8,1560,2,7,7,1,7
2018210821573,2,3,0,18,0,1,0,0,0,0,1,1,6,1,28,6,689,1,4,3,1,3
2018210823673,1,9,0,16,0,0,0,0,0,0,1,1,6,1,-1,-1,1596,1,14,-1,-1,-1
2018210823673,2,3,0,17,0,0,0,0,0,0,1,1,6,1,19,4,-1,-1,-1,7,1,7
2018210823692,1,3,-1,-1,-1,0,-1,-1,-1,0,-1,1,6,1,30,6,125,1,10,1,1,1
2018210823692,2,9,-1,-1,-1,0,-1,-1,-1,0,-1,1,6,2,-1,-1,1242,1,4,5,1,5
2018210824849,1,9,0,9,0,1,0,0,0,0,3,1,6,1,47,8,1910,2,11,1,1,1
2018210824849,2,9,0,18,0,1,0,0,0,0,3,1,6,1,22,5,1598,1,9,9,1,9
2018210825200,1,9,0,18,0,1,0,0,0,0,1,1,6,1,18,4,1198,1,7,1,1,1
2018210825200,2,9,0,9,0,1,2,0,0,0,1,1,6,2,37,7,1598,1,9,-1,-1,-1
2018210825401,1,9,0,5,0,2,0,0,0,0,1,1,6,2,32,6,998,1,5,1,1,1
2018210825401,2,9,0,18,0,1,0,0,0,0,1,1,6,2,49,8,1560,2,2,6,1,6
2018210825559,1,9,0,7,0,0,0,0,0,0,3,1,6,1,85,11,1339,1,15,9,1,9
2018210825559,2,1,0,18,0,0,0,0,0,0,1,1,6,1,77,11,-1,-1,-1,9,1,9
2018210826735,1,9,0,4,0,1,0,0,0,0,1,1,6,1,28,6,1997,2,5,3,1,3
2018210826735,2,9,0,4,0,1,0,0,0,0,1,1,6,1,52,8,1598,1,3,5,2,5
2018210826735,3,9,0,4,0,1,0,0,0,0,2,1,6,1,-1,-1,1597,2,2,4,1,4
2018210826840,1,19,0,4,0,0,0,0,0,0,1,1,6,1,26,6,1560,2,3,8,1,8
2018210826840,2,9,0,4,0,0,0,0,0,0,2,1,6,1,49,8,1798,1,9,1,1,1
2018210827330,1,8,0,18,0,1,1,0,0,0,1,1,1,1,39,7,1997,2,15,2,1,2
2018210827330,2,9,0,9,0,8,0,0,0,0,1,1,6,1,47,8,1997,2,10,3,1,3
2018210828433,1,9,0,18,0,0,0,0,0,0,1,1,6,1,57,9,1591,1,-1,4,1,4
2018210828433,2,9,0,2,0,0,0,0,0,0,3,1,6,2,35,6,1997,2,2,10,1,10
2018210828471,1,9,0,18,0,0,0,0,0,0,1,1,6,1,-1,-1,898,1,-1,6,1,6
2018210828471,2,9,0,10,0,0,0,0,0,0,2,1,6,2,30,6,1997,2,3,4,1,4
2018210828494,1,9,0,18,0,0,0,0,0,0,1,1,6,2,18,4,-1,-1,-1,5,1,5
2018210828654,1,19,0,18,0,0,0,0,0,0,1,1,1,1,23,5,2143,2,2,1,1,1
2018210828654,2,9,0,18,0,0,0,0,0,0,2,1,6,1,49,8,1598,2,8,7,1,7
2018210828654,3,9,0,18,0,0,0,0,0,0,2,1,6,1,39,7,1998,1,16,5,1,5
2018210828654,4,9,0,18,0,0,0,0,0,0,2,1,6,2,22,5,1229,1,1,8,3,8
2018210829122,1,9,-1,18,0,6,0,0,0,0,3,1,6,1,-1,-1,-1,-1,-1,-1,-1,-1
2018210829122,2,9,-1,18,0,4,0,0,0,0,3,1,1,1,72,10,-1,-1,-1,7,1,7
2018210829161,1,9,0,18,0,1,0,0,0,0,1,1,6,2,53,8,1995,2,4,6,1,6
2018210829161,2,5,0,18,0,1,0,0,0,0,3,1,6,1,54,8,745,1,2,2,1,2
2018210829333,1,9,0,18,0,4,0,0,0,0,1,1,1,1,30,6,-1,-1,-1,6,1,6
2018210829333,2,1,-1,18,0,4,0,0,0,0,1,1,6,2,46,8,-1,-1,-1,-1,-1,-1
2018210829378,1,9,0,18,0,1,0,0,0,0,3,1,1,1,62,9,1968,2,3,2,1,2
2018210829378,2,9,0,7,0,8,0,0,0,0,1,1,6,2,65,9,1399,2,7,4,1,4