Accident_Index,Vehicle_Reference,Vehicle_Type,Towing_and_Articulation,Vehicle_Manoeuvre,Vehicle_Location-Restricted_Lane,Junction_Location,Skidding_and_Overturning,Hit_Object_in_Carriageway,Vehicle_Leaving_Carriageway,Hit_Object_off_Carriageway,1st_Point_of_Impact,Was_Vehicle_Left_Hand_Drive?,Journey_Purpose_of_Driver,Sex_of_Driver,Age_of_Driver,Age_Band_of_Driver,Engine_Capacity_(CC),Propulsion_Code,Age_of_Vehicle,Driver_IMD_Decile,Driver_Home_Area_Type,Vehicle_IMD_Decile
2018210830355,1,9,-1,9,0,8,0,0,0,0,1,1,6,2,24,5,1388,1,9,1,1,1
2018210830355,2,9,-1,-1,-1,-1,-1,-1,-1,0,-1,1,5,2,21,5,1200,1,1,1,1,1
2018210831066,1,9,0,18,0,8,0,0,0,0,1,1,6,2,28,6,1968,2,9,9,1,9
2018210831066,2,9,0,9,0,8,0,0,0,0,4,1,6,1,18,4,-1,-1,-1,8,1,8
2018210831634,1,9,0,5,0,0,0,0,0,0,1,1,6,3,-1,-1,3498,1,21,-1,-1,-1
2018210831634,2,9,0,18,0,0,0,0,0,0,3,1,6,1,64,9,1968,2,7,3,1,3
2018210831682,1,9,-1,15,0,0,0,0,0,0,1,1,6,2,25,5,1995,2,9,7,2,7
2018210831682,2,9,-1,18,0,0,0,0,0,0,1,1,6,2,42,7,1398,2,7,7,1,7
2018210833480,1,9,0,18,0,0,0,11,0,0,1,1,2,1,21,5,1398,1,6,9,1,9
2018210833480,2,9,0,18,0,0,0,0,0,0,1,1,2,1,68,10,2401,2,12,9,1,9
2018210833480,3,9,0,18,0,0,0,0,0,0,1,1,6,2,31,6,1994,2,8,9,1,9
2018210838645,1,9,0,18,0,8,0,0,0,0,1,1,6,1,30,6,1593,1,35,6,1,6
2018210838645,2,9,0,9,0,8,0,0,0,0,4,1,6,1,47,8,1498,1,10,9,1,9
2018210840648,1,9,0,18,0,0,0,0,0,0,3,1,6,1,45,7,-1,-1,-1,7,1,7
2018210840660,1,98,1,11,0,0,0,0,0,0,4,1,6,3,-1,-1,-1,-1,-1,-1,-1,-1
2018210840660,2,9,0,18,0,0,0,0,8,0,3,1,6,1,25,5,1797,1,18,1,1,1
2018210840740,1,9,4,12,0,0,0,0,0,0,1,1,6,1,55,8,-1,-1,-1,-1,-1,-1
2018210840740,2,9,0,18,0,0,0,0,1,0,4,1,6,1,33,6,1998,2,13,1,1,1
2018210842319,1,9,0,3,0,0,0,0,0,0,1,1,6,1,50,8,998,1,18,1,1,1
2018210842319,2,9,0,18,0,0,0,0,0,0,1,1,6,2,58,9,998,1,5,10,1,10
2018210842741,1,-1,-1,9,0,1,0,0,0,0,4,1,6,3,-1,-1,-1,-1,-1,-1,-1,-1
2018210842741,2,9,0,4,0,1,0,0,0,0,3,1,2,2,37,7,1598,1,6,4,1,4
2018210843916,1,9,0,18,0,3,5,0,0,0,3,1,6,1,-1,-1,1796,1,15,5,2,5
2018210843916,2,9,0,18,0,4,0,0,0,0,1,1,6,1,24,5,1968,2,7,2,1,2
2018210843916,3,9,0,18,0,1,0,0,0,0,3,1,6,1,52,8,1995,2,5,10,1,10
2018220253793,1,9,0,9,0,6,0,0,0,0,1,1,5,2,71,10,1997,2,9,6,3,6
2018220254354,1,9,0,18,0,0,5,0,1,4,1,1,5,1,78,11,1499,1,2,2,1,2
2018220254664,1,9,0,2,0,0,0,0,1,7,2,1,2,1,37,7,1999,2,3,2,1,2
2018220254664,2,21,1,18,0,0,2,0,0,0,1,1,1,1,32,6,12740,2,3,5,2,5
2018220255124,1,9,0,5,0,0,0,0,0,0,1,1,5,1,54,8,-1,-1,-1,5,3,5
2018220255349,1,9,0,18,0,1,0,0,0,0,4,1,2,1,30,6,1986,2,9,7,1,7
2018220255349,2,22,0,18,0,1,0,0,0,0,1,1,5,2,91,11,-1,-1,-1,4,1,4
2018220255362,1,9,0,18,0,0,5,10,1,11,4,1,5,1,86,11,-1,-1,-1,6,2,6
2018220255493,1,98,0,13,0,1,0,0,0,0,1,1,6,2,17,4,-1,-1,-1,4,3,4
2018220255493,2,9,0,9,0,8,0,0,1,0,3,1,6,1,18,4,1587,1,19,5,1,5
2018220255620,1,19,0,18,0,2,0,0,0,0,1,1,1,1,34,6,2299,2,3,2,1,2
2018220255929,1,9,0,18,0,0,0,4,0,0,1,1,5,1,35,6,1595,1,4,7,1,7
2018220255929,2,9,0,2,0,0,0,0,0,0,2,1,5,1,62,9,-1,-1,-1,6,3,6
2018220256137,1,98,0,13,0,0,0,0,0,0,4,1,1,3,34,6,-1,-1,-1,-1,-1,-1
2018220256137,2,1,0,18,0,0,0,0,0,0,3,1,5,1,41,7,-1,-1,-1,6,3,6
2018220256488,1,9,0,13,0,8,0,0,0,0,4,1,2,2,19,4,1086,1,13,4,1,4
2018220256488,2,9,0,9,0,5,0,0,0,0,1,1,2,2,60,9,1968,2,4,7,3,7
2018220256500,1,9,0,13,0,8,0,0,0,0,4,1,6,2,32,6,-1,-1,-1,-1,-1,-1
2018220256500,2,1,0,18,0,8,0,0,0,0,3,1,5,2,24,5,-1,-1,-1,3,1,3
2018220256552,1,9,0,4,0,1,0,0,0,0,1,1,6,1,24,5,1598,2,7,9,1,9
2018220256552,2,9,0,3,0,1,0,0,0,0,2,1,5,1,21,5,1461,2,14,8,1,8
2018220256636,1,9,0,18,0,8,0,0,0,0,1,1,5,1,47,8,2143,12,1,9,1,9
2018220256752,1,9,0,9,0,6,0,0,0,0,3,1,2,1,55,8,1461,2,3,4,1,4
2018220256752,2,1,0,18,0,8,0,0,0,0,1,1,2,1,53,8,-1,-1,-1,5,1,5
2018220256980,1,9,0,17,0,0,1,0,1,1,1,1,6,1,25,5,1968,2,-1,5,3,5
2018220257043,1,5,0,4,0,0,0,0,0,0,1,1,2,1,23,5,806,1,4,8,1,8
2018220257043,2,9,0,4,0,0,0,0,0,0,2,1,2,2,32,6,998,1,4,6,3,6
2018220257761,1,19,0,18,0,8,0,0,0,0,1,1,1,1,57,9,2198,2,7,7,1,7
2018220257761,2,9,0,10,0,8,0,0,0,0,2,1,5,2,44,7,1910,2,10,1,1,1
2018220257815,1,9,0,18,0,0,0,0,0,0,1,1,5,1,61,9,1560,2,4,6,3,6
2018220257815,2,9,0,18,0,0,1,0,0,0,1,1,5,1,40,7,1798,1,16,8,1,8
2018220257815,3,9,0,18,0,0,1,0,0,0,1,1,5,1,57,9,2179,2,7,9,1,9
2018220257884,1,9,0,18,0,0,1,0,2,11,4,1,2,1,57,9,-1,-1,-1,6,3,6
2018220257895,1,9,0,18,0,0,5,0,7,0,1,1,5,1,35,6,1910,2,13,4,1,4
2018220257906,1,9,0,17,0,0,0,0,1,10,1,1,5,2,79,11,999,1,3,6,3,6
2018220258056,1,3,0,16,0,0,0,0,0,0,1,1,5,1,17,4,125,1,2,2,1,2
2018220258056,2,9,0,17,0,0,0,0,0,0,1,1,5,2,60,9,-1,-1,-1,5,2,5
2018220258139,1,3,0,18,0,6,0,0,0,0,3,1,5,1,57,9,124,1,24,5,3,5
2018220258139,2,19,0,18,0,8,0,0,0,0,1,1,5,1,41,7,1968,2,-1,5,3,5
2018220258140,1,9,0,18,0,8,0,0,0,0,3,1,5,2,22,5,1910,2,10,5,1,5
2018220258140,2,9,0,9,0,6,0,0,0,0,1,1,5,1,56,9,1995,2,2,9,1,9
2018220258154,1,9,0,18,0,0,0,0,0,0,4,1,5,1,87,11,1399,2,10,8,1,8
2018220258161,1,9,0,18,0,0,1,0,7,9,1,1,5,1,61,9,2171,2,14,4,3,4
2018220258161,2,9,0,3,0,0,0,0,0,0,2,1,5,1,61,9,1896,2,10,5,2,5
2018220258161,3,9,0,18,0,0,0,0,0,0,3,1,5,1,68,10,1399,2,12,-1,2,-1
2018220258161,4,9,0,10,0,0,0,0,0,0,0,1,5,1,47,8,1197,1,1,-1,2,-1
2018220258297,1,9,0,17,0,0,2,0,1,11,3,1,5,2,26,6,1242,1,6,6,3,6
2018220258567,1,11,0,18,0,0,0,0,0,0,1,1,1,1,42,7,5900,2,13,7,3,7
2018220258640,1,9,0,18,0,6,1,0,0,0,1,1,1,1,41,7,998,1,14,3,1,3
2018220258640,2,9,0,18,0,8,0,0,0,0,3,1,5,1,63,9,1840,1,16,7,1,7
2018220258751,1,1,0,18,9,8,0,0,0,0,1,1,6,1,17,4,-1,-1,-1,-1,-1,-1
2018220258893,1,9,0,18,0,0,0,4,1,0,1,1,5,2,31,6,899,1,5,2,1,2
2018220258893,2,9,0,2,0,0,0,0,1,11,2,1,5,2,71,10,2597,1,15,6,2,6
2018220258939,1,9,0,18,0,0,0,0,2,11,1,1,5,2,34,6,1796,1,11,-1,2,-1
2018220258992,1,1,0,9,0,5,0,0,0,0,2,1,5,2,35,6,-1,-1,-1,7,-1,7
2018220258992,2,8,0,13,0,8,0,0,0,0,1,1,1,1,55,8,1686,2,8,2,1,2
2018220259110,1,21,1,1,0,5,0,0,0,0,2,1,1,1,55,8,15607,2,5,3,3,3
2018220259110,2,9,0,17,0,8,0,0,1,11,1,1,5,1,30,6,-1,-1,-1,7,3,7
2018220259134,1,5,0,18,0,0,1,10,7,0,1,1,1,1,41,7,-1,-1,-1,-1,-1,-1
2018220259139,1,9,0,9,0,5,0,0,0,0,4,1,5,1,81,11,1590,1,16,7,2,7
2018220259139,2,8,0,18,0,8,0,0,0,0,1,1,1,1,25,5,998,1,18,8,1,8
2018220259155,1,9,0,18,0,0,0,0,1,10,1,1,5,1,26,6,1598,1,16,5,1,5
2018220259357,1,9,0,9,0,5,0,0,0,0,1,1,5,1,18,4,1149,1,8,4,3,4
2018220259357,2,1,0,18,0,8,0,0,0,0,1,1,5,1,25,5,-1,-1,-1,7,1,7
2018220259872,1,19,0,9,0,6,0,0,0,0,3,1,2,1,52,8,1248,2,8,5,1,5
2018220259872,2,9,0,17,0,8,0,0,0,0,1,1,5,1,24,5,1598,1,15,10,2,10
2018220259931,1,9,0,17,0,0,5,0,0,0,1,1,5,2,42,7,-1,-1,-1,7,2,7
2018220260040,1,9,0,18,0,4,0,0,0,0,1,1,5,1,19,4,-1,-1,-1,7,1,7
2018220260040,2,9,0,7,0,4,0,0,0,0,1,1,1,2,50,8,1968,2,8,8,1,8
2018220260262,1,17,0,4,0,0,0,0,0,0,1,1,1,1,24,5,-1,2,17,6,3,6
2018220260262,2,17,0,16,0,0,1,0,0,0,1,1,1,1,72,10,-1,-1,-1,5,3,5
2018220260270,1,9,0,18,0,0,1,0,5,6,1,1,5,1,48,8,1995,2,2,7,3,7
2018220260310,1,9,0,16,0,5,5,0,1,9,1,1,5,1,20,4,998,1,5,3,1,3
2018220260338,1,9,0,17,0,0,5,0,0,0,1,1,2,2,23,5,1598,1,13,4,2,4
2018220260382,1,9,0,9,0,6,0,0,0,0,3,1,6,1,66,10,1798,1,12,8,3,8
2018220260382,2,3,0,18,0,1,0,0,0,0,1,1,6,1,18,4,124,1,1,6,2,6
2018220260403,1,19,0,5,0,6,0,0,0,0,3,1,1,1,43,7,2198,2,2,1,1,1
2018220260403,2,9,0,18,0,1,0,0,7,0,1,1,6,2,49,8,1998,1,11,5,3,5
2018220260491,1,9,0,9,0,6,0,0,0,0,1,1,5,1,53,8,1124,1,16,3,2,3
2018220260491,2,1,0,18,0,8,0,0,0,0,1,1,5,2,29,6,-1,-1,-1,5,2,5
2018220260567,1,9,0,18,0,2,0,0,0,0,1,1,5,1,79,11,1598,2,4,7,3,7
2018220260575,1,9,0,18,0,0,0,8,0,0,4,1,6,2,70,10,996,1,9,5,1,5
2018220260575,2,9,0,2,0,0,0,0,0,0,3,1,6,2,28,6,1598,2,7,5,1,5
2018220260679,1,9,0,4,0,1,0,0,0,0,2,1,5,2,58,9,1086,1,9,9,1,9
2018220260679,2,9,0,18,0,4,0,0,0,0,1,1,5,1,47,8,999,1,5,10,1,10
2018220260694,1,9,0,18,0,0,0,0,0,0,1,1,2,1,21,5,-1,-1,-1,5,3,5
2018220260694,2,9,0,18,0,0,0,0,0,0,1,1,2,1,59,9,2191,2,3,6,2,6
2018220260694,3,9,0,18,0,0,0,0,0,0,3,1,5,2,19,4,1242,1,2,9,2,9
2018220260694,4,9,0,18,0,0,0,0,0,0,3,1,2,1,25,5,2199,2,5,5,1,5
2018220260694,5,9,0,18,0,0,0,0,7,1,3,1,2,1,56,9,1783,1,17,8,1,8
2018220260975,1,3,0,18,0,8,1,0,0,0,1,1,5,1,20,4,125,1,4,8,1,8
2018220260975,2,9,0,18,0,4,0,0,0,0,3,1,5,1,73,10,-1,-1,-1,8,1,8
2018220261010,1,9,0,18,0,1,0,0,0,0,1,1,2,2,43,7,1398,1,3,9,1,9
2018220261159,1,9,0,14,0,0,1,4,1,11,1,1,2,1,20,4,-1,-1,-1,6,3,6
2018220261159,2,9,0,18,0,0,1,0,0,0,1,1,5,2,53,8,1998,1,26,10,2,10
2018220261159,3,9,0,2,0,0,0,0,1,10,3,1,5,2,63,9,1998,1,2,5,1,5
2018220261165,1,9,0,9,0,6,0,0,0,0,3,1,5,1,21,5,-1,-1,-1,8,1,8
2018220261165,2,9,0,17,0,8,0,0,0,0,1,1,5,2,31,6,1396,1,7,4,1,4
2018220261217,1,9,0,9,0,5,0,0,0,0,3,1,5,2,76,11,1389,1,16,5,3,5
2018220261229,1,19,0,16,0,0,0,0,0,0,1,1,6,1,31,6,1598,2,2,6,1,6
2018220261229,2,9,0,4,0,0,0,0,0,0,2,1,5,2,27,6,1242,1,5,-1,3,-1
2018220261269,1,19,0,18,0,0,0,0,0,0,1,1,1,1,53,8,2198,2,2,7,3,7
2018220261269,2,1,0,18,0,0,0,0,0,0,2,1,2,2,28,6,-1,-1,-1,7,1,7
2018220261269,3,1,0,18,0,0,0,0,0,0,2,1,2,1,42,7,-1,-1,-1,7,3,7
2018220261271,1,9,0,5,0,6,0,0,0,0,1,1,5,1,46,8,3960,1,20,-1,3,-1
2018220261271,2,3,0,18,0,8,0,0,0,0,1,1,5,1,19,4,125,1,2,7,1,7
2018220261293,1,9,0,7,0,4,0,0,0,0,1,1,5,1,35,6,1598,2,4,4,3,4
2018220261293,2,9,0,4,0,1,0,0,0,0,2,1,5,2,60,9,2143,2,3,5,2,5
2018220261332,1,9,0,17,0,8,0,0,0,0,1,1,1,1,33,6,-1,-1,-1,4,1,4
2018220262022,1,9,0,18,0,0,0,0,0,0,1,1,5,2,65,9,-1,-1,-1,-1,2,-1
2018220262062,1,21,0,12,0,1,0,0,0,0,1,1,1,1,53,8,12740,2,4,1,1,1
2018220262062,2,9,0,18,0,1,0,0,0,0,2,1,1,1,55,8,2494,8,2,8,1,8
2018220262089,1,9,0,16,0,1,0,0,0,0,1,1,6,1,38,7,1598,1,12,7,1,7
2018220262089,2,9,0,3,0,1,0,0,0,0,2,1,1,1,39,7,2967,1,14,3,1,3
2018220262144,1,9,0,5,0,4,0,0,0,0,3,1,2,1,22,5,1798,1,1,4,1,4
2018220262144,2,1,0,18,0,8,0,0,0,0,1,1,5,2,59,9,-1,-1,-1,7,2,7
2018220262346,1,9,0,18,0,0,0,0,0,0,1,1,3,2,46,8,1900,2,11,6,1,6
2018220262375,1,9,0,9,0,6,0,0,0,0,1,1,1,2,74,10,1968,2,1,4,1,4
2018220262438,1,9,0,17,0,0,0,0,2,6,4,1,6,1,37,7,1395,1,2,5,2,5
2018220262474,1,9,0,16,0,0,0,0,7,9,1,1,5,1,18,4,1398,1,16,5,1,5
2018220262501,1,9,0,9,0,5,0,0,0,0,4,1,6,2,64,9,1499,1,1,6,1,6
2018220262501,2,9,0,18,0,1,0,0,0,0,1,1,6,2,42,7,1298,1,16,2,1,2
2018220262501,3,9,0,10,0,1,0,0,0,0,1,1,6,2,42,7,1968,2,3,7,3,7
2018220262558,1,9,0,5,0,6,0,0,7,0,1,1,5,2,56,9,1797,8,4,9,1,9
2018220262558,2,9,0,18,0,1,0,0,1,0,4,1,5,1,34,6,-1,-1,-1,8,1,8
2018220262558,3,9,0,18,0,1,0,0,0,0,1,1,5,2,53,8,1461,2,4,6,1,6
2018220262604,1,9,0,18,0,0,0,0,0,0,3,1,6,2,34,6,1591,1,4,7,1,7
2018220262604,2,21,1,18,0,0,0,0,0,0,3,1,1,1,38,7,12902,2,3,5,1,5
2018220262656,1,9,0,3,0,0,0,0,0,0,4,1,5,2,17,4,1422,2,16,7,2,7
2018220262656,2,1,0,15,0,0,0,8,0,0,1,1,5,1,17,4,-1,-1,-1,8,1,8
2018220262790,1,19,0,7,0,5,0,0,0,0,4,1,5,1,48,8,2646,2,11,5,1,5
2018220262822,1,21,0,5,0,6,0,0,0,0,1,1,1,1,30,6,10837,2,6,8,1,8
2018220262822,2,19,0,18,0,8,0,0,0,0,1,1,2,1,31,6,1598,2,5,2,1,2
2018220262839,1,9,0,9,0,5,0,0,0,0,1,1,2,1,69,10,2401,2,14,5,3,5
2018220262839,2,1,0,18,0,8,0,0,0,0,1,1,2,1,52,8,-1,-1,-1,3,1,3
2018220262882,1,9,0,13,0,0,0,0,0,0,1,1,6,2,61,9,1198,1,7,8,3,8
2018220262882,2,9,0,18,0,0,0,0,0,0,2,1,6,2,34,6,998,1,5,8,3,8
2018220262882,3,9,0,18,0,0,0,0,1,4,1,1,1,1,59,9,-1,-1,-1,10,2,10
2018220262882,4,9,0,18,0,0,0,0,1,9,2,1,6,1,36,7,-1,-1,-1,3,1,3
2018220262908,1,21,1,18,0,8,0,0,0,0,1,1,1,1,60,9,12740,2,6,8,1,8
2018220262908,2,9,0,7,0,5,0,0,0,0,2,1,5,1,70,10,1197,1,1,7,1,7
2018220262908,3,9,0,9,0,6,0,0,0,0,3,1,5,2,36,7,2143,2,2,9,1,9
2018220262930,1,9,0,9,0,6,0,0,0,0,3,1,6,1,31,6,2993,2,6,3,1,3
2018220262930,2,9,0,18,0,1,0,0,0,0,1,1,6,1,34,6,-1,-1,-1,-1,-1,-1
2018220263010,1,9,0,13,0,0,0,0,0,0,1,1,5,1,38,7,2698,2,10,3,1,3
2018220263010,2,9,0,18,0,0,0,0,0,0,1,1,5,2,32,6,1997,2,6,7,1,7
2018220263030,1,9,0,18,0,0,0,0,0,0,4,1,1,1,49,8,2993,2,1,7,-1,7
2018220263053,1,9,0,4,0,1,0,0,0,0,1,1,6,1,33,6,1896,2,16,8,1,8
2018220263053,2,9,0,3,0,1,0,0,0,0,2,1,5,2,42,7,1000,1,3,6,1,6
2018220263060,1,9,0,5,0,0,0,0,0,0,1,1,6,1,34,6,2494,1,15,9,3,9
2018220263060,2,1,0,18,0,0,0,0,0,0,1,1,5,1,39,7,-1,-1,-1,8,1,8
2018220263083,1,9,0,7,0,3,0,10,1,2,1,1,1,1,29,6,1597,1,26,4,1,4
2018220263241,1,9,0,5,0,6,0,0,0,0,1,1,2,2,90,11,996,1,9,4,1,4
2018220263241,2,3,0,18,0,1,0,0,0,0,4,1,2,1,63,9,124,1,12,4,1,4
2018220263262,1,9,0,18,0,0,0,4,0,0,1,1,5,2,73,10,1242,1,6,8,1,8
2018220263262,2,9,0,2,0,0,0,0,0,0,2,1,6,1,72,10,1296,1,11,2,1,2
2018220263594,1,9,0,9,0,6,0,0,0,0,1,1,2,2,58,9,1124,1,12,6,3,6
2018220263594,2,9,0,18,0,8,0,0,0,0,1,1,2,2,57,9,1399,1,8,8,1,8
2018220263630,1,9,0,18,0,4,0,0,0,0,1,1,5,2,44,7,1968,2,3,5,3,5
2018220263630,2,1,0,18,0,8,0,0,0,0,4,1,5,2,19,4,-1,-1,-1,8,2,8
2018220263723,1,9,0,7,0,6,2,0,0,0,1,1,5,2,18,4,1242,1,2,10,1,10
2018220263723,2,9,0,18,0,8,2,0,0,0,1,1,2,1,58,9,3724,1,14,8,1,8
2018220263738,1,9,0,5,0,4,0,0,0,0,1,1,5,2,52,8,1461,2,5,9,1,9
2018220263738,2,9,0,18,0,8,0,0,0,0,4,1,5,1,84,11,-1,-1,-1,6,1,6
2018220263741,1,9,0,9,0,5,0,0,0,0,1,1,2,1,25,5,1364,1,11,5,3,5
2018220263741,2,5,0,18,0,8,0,0,0,0,1,1,2,1,54,8,599,1,22,3,2,3
2018220263787,1,19,0,18,0,1,0,0,0,0,1,1,2,1,34,6,1560,2,1,1,1,1
2018220263874,1,19,0,18,0,2,1,0,0,0,1,1,5,1,70,10,1248,2,7,6,3,6
2018220263874,2,9,0,18,0,1,0,0,0,0,1,1,5,1,60,9,2268,2,3,4,3,4
2018220263914,1,19,0,5,0,6,0,0,0,0,1,1,1,1,24,5,1995,2,8,5,1,5
2018220263914,2,1,0,18,0,8,0,0,0,0,4,1,2,1,42,7,-1,-1,-1,2,1,2
2018220263966,1,97,0,15,0,8,0,4,0,0,1,1,5,1,29,6,-1,-1,-1,2,1,2
2018220263966,2,9,0,7,0,5,0,0,0,0,4,1,5,2,32,6,1390,1,12,3,1,3
2018220263966,3,9,0,2,0,8,0,0,0,0,2,1,5,1,42,7,1582,2,8,-1,-1,-1
2018220264042,1,9,0,3,0,0,0,0,0,0,2,1,2,2,47,8,1149,1,5,1,1,1
2018220264042,2,9,0,4,0,0,0,0,0,0,1,1,2,2,50,8,1997,2,1,9,1,9
2018220264112,1,9,0,17,0,0,0,0,0,0,1,1,5,1,50,8,2495,2,26,10,2,10
2018220264112,2,19,0,16,0,0,0,0,0,0,1,1,1,1,32,6,1560,2,1,-1,2,-1
2018220264266,1,3,0,18,0,8,0,10,0,0,4,1,5,1,18,4,124,1,2,4,3,4
2018220264266,2,9,0,11,0,8,0,0,0,0,0,1,6,1,40,7,1995,1,11,8,1,8
2018220264351,1,9,0,13,0,0,0,0,0,0,4,1,6,1,87,11,1598,2,6,6,3,6
2018220264351,2,1,0,18,0,0,0,0,0,0,3,1,2,1,57,9,-1,-1,-1,9,3,9
2018220264365,1,1,0,9,0,5,0,0,0,0,3,1,5,1,73,10,-1,-1,-1,5,1,5
2018220264365,2,9,0,9,0,6,0,0,0,0,1,1,1,1,32,6,1998,1,13,2,1,2
2018220264581,1,9,0,18,0,0,0,0,0,0,1,1,5,2,25,5,1242,1,3,7,1,7
2018220264581,2,9,0,18,0,0,0,0,0,0,2,1,5,1,20,4,1390,1,16,7,1,7
2018220264615,1,9,0,18,0,0,0,10,1,4,1,1,5,2,34,6,1995,2,13,1,1,1
2018220264664,1,9,0,18,0,0,0,0,0,0,1,1,5,2,71,10,1910,2,12,5,3,5
2018220264664,2,19,0,4,0,0,0,0,0,0,2,1,5,1,21,5,1560,2,6,6,3,6
2018220264761,1,9,0,18,0,0,0,0,2,7,1,1,5,2,23,5,1490,1,11,-1,1,-1
2018220264785,1,5,0,18,0,8,1,0,0,0,1,1,5,1,37,7,750,1,2,5,1,5
2018220264785,2,9,0,5,0,4,0,0,0,0,3,1,5,1,47,8,1968,2,12,3,1,3
2018220264792,1,9,0,5,0,4,0,0,0,0,1,1,5,1,50,8,1998,1,21,7,1,7
2018220264792,2,9,0,4,0,1,0,0,0,0,2,1,5,1,42,7,2993,2,13,1,1,1
2018220264796,1,9,0,9,0,6,0,0,0,0,1,1,5,2,78,11,1248,1,6,10,1,10
2018220264796,2,9,0,3,0,1,0,0,0,0,1,1,5,2,22,5,2993,2,8,2,1,2
2018220264797,1,9,0,18,0,0,1,0,7,10,1,1,5,1,19,4,-1,-1,-1,8,1,8
2018220264806,1,9,0,18,0,8,0,0,0,0,1,1,1,2,23,5,1560,2,2,-1,-1,-1
2018220264806,2,9,0,4,0,8,0,0,0,0,2,1,5,2,51,8,1390,1,11,9,2,9
2018220264806,3,9,0,10,0,8,0,0,0,0,2,1,1,1,44,7,1997,2,6,8,1,8
2018220264858,1,9,0,4,0,8,0,0,0,0,2,1,5,2,57,9,1461,2,3,8,1,8
2018220264858,2,8,0,18,0,8,0,0,0,0,1,1,1,1,50,8,1560,2,4,5,1,5
2018220264879,1,21,1,18,0,8,0,0,0,0,1,1,1,1,40,7,12777,2,1,4,2,4
2018220264879,2,9,0,18,0,8,0,0,7,0,4,1,5,2,46,8,-1,-1,-1,8,2,8
2018220264880,1,9,0,9,0,5,0,0,0,0,1,1,5,1,81,11,1596,1,2,8,2,8
2018220264880,2,9,0,5,0,8,0,0,0,0,1,1,1,2,46,8,1598,1,6,3,1,3
2018220264981,1,9,0,16,0,2,1,0,0,0,1,1,5,1,43,7,1299,1,12,5,3,5
2018220264981,2,9,0,17,0,1,0,0,0,0,1,1,5,2,51,8,1600,2,9,7,2,7
2018220265117,1,1,0,16,9,0,0,0,0,0,3,1,4,1,15,3,-1,-1,-1,4,1,4
2018220265117,2,9,0,16,9,0,0,10,0,0,4,1,6,1,34,6,-1,-1,-1,-1,-1,-1
2018220265327,1,9,0,18,0,1,0,0,0,0,1,1,5,1,17,4,1364,2,15,3,1,3
2018220265327,2,9,0,3,0,1,0,0,0,0,2,1,5,2,38,7,1686,2,13,1,1,1
2018220265327,3,9,0,3,0,1,0,0,0,0,2,1,5,2,48,8,1997,2,11,6,3,6
2018220265327,4,9,0,3,0,1,0,0,0,0,2,1,5,2,28,6,1956,2,6,5,1,5
2018220265357,1,9,0,7,0,6,0,0,0,0,1,1,5,2,25,5,1364,1,11,5,1,5
2018220265393,1,9,0,18,0,0,0,0,0,0,1,1,5,1,39,7,1896,2,19,5,1,5
2018220265393,2,9,0,18,0,0,0,0,0,0,1,1,5,1,37,7,1363,2,16,5,3,5
2018220265501,1,19,0,18,0,0,0,11,1,2,1,1,1,1,32,6,1968,2,2,1,1,1
2018220265544,1,98,0,9,0,5,0,0,0,0,4,1,6,3,34,6,-1,-1,-1,-1,-1,-1
2018220265610,1,5,0,16,0,0,0,0,0,0,1,1,5,1,24,5,599,1,13,1,1,1
2018220265610,2,9,0,17,0,0,1,0,0,0,1,1,5,1,77,11,1896,2,14,8,2,8
2018220265636,1,9,0,9,0,5,0,0,0,0,4,1,2,1,46,8,1461,2,5,8,1,8
2018220265636,2,1,0,18,0,8,0,0,0,0,1,1,2,1,57,9,-1,-1,-1,9,1,9
2018220265652,1,9,0,18,0,0,0,0,0,0,4,1,5,2,25,5,1399,1,2,4,1,4
2018220265679,1,9,0,17,0,0,2,10,1,3,4,1,5,2,24,5,1753,2,14,6,3,6
2018220265692,1,9,0,18,0,1,0,0,0,0,1,1,6,1,25,5,1995,2,5,-1,-1,-1
2018220265692,2,9,0,3,0,1,0,0,0,0,2,1,5,2,65,9,1984,1,17,8,1,8
2018220265712,1,9,0,18,0,6,0,0,0,0,1,1,1,1,45,7,1798,8,4,9,1,9
2018220265712,2,9,0,18,0,8,0,0,0,0,3,1,5,1,52,8,847,1,18,7,3,7
2018220265995,1,9,0,18,0,0,0,0,0,0,1,1,5,1,53,8,1598,2,1,5,3,5
2018220265995,2,2,0,18,0,0,0,0,0,0,2,1,5,1,61,9,49,1,7,5,3,5
2018220266013,1,3,0,18,0,8,0,0,0,0,2,1,5,1,32,6,125,1,5,9,1,9
2018220266013,2,9,0,9,0,6,0,0,0,0,1,1,5,1,20,4,999,1,2,1,1,1
2018220266036,1,9,0,17,0,0,2,0,8,9,1,1,2,2,20,4,1968,2,3,4,2,4
2018220266133,1,9,0,9,0,6,0,0,0,0,1,1,1,1,40,7,2495,2,17,5,1,5
2018220266133,2,9,0,18,0,8,0,0,0,0,1,1,2,2,56,9,1397,1,9,5,1,5
2018220266162,1,9,0,16,0,0,1,0,0,0,3,1,5,1,36,7,1390,1,6,2,1,2
2018220266162,2,19,0,17,0,0,1,0,1,3,1,1,1,1,31,6,2143,2,1,8,1,8