Accident_Index,Vehicle_Reference,Vehicle_Type,Towing_and_Articulation,Vehicle_Manoeuvre,Vehicle_Location-Restricted_Lane,Junction_Location,Skidding_and_Overturning,Hit_Object_in_Carriageway,Vehicle_Leaving_Carriageway,Hit_Object_off_Carriageway,1st_Point_of_Impact,Was_Vehicle_Left_Hand_Drive?,Journey_Purpose_of_Driver,Sex_of_Driver,Age_of_Driver,Age_Band_of_Driver,Engine_Capacity_(CC),Propulsion_Code,Age_of_Vehicle,Driver_IMD_Decile,Driver_Home_Area_Type,Vehicle_IMD_Decile
2018220287285,1,9,0,10,0,0,0,0,0,0,2,1,6,2,44,7,1598,1,12,7,2,7
2018220287285,2,9,0,18,0,0,0,0,0,0,1,1,6,2,18,4,998,1,10,7,2,7
2018220287305,1,9,0,7,0,4,0,0,0,0,1,1,5,1,25,5,1422,2,10,5,1,5
2018220287305,2,1,0,18,0,8,0,0,0,0,2,1,2,1,34,6,-1,-1,-1,3,1,3
2018220287348,1,9,0,18,0,1,5,0,7,9,1,1,5,1,30,6,1349,1,10,7,3,7
2018220287397,1,9,0,4,0,8,0,0,0,0,2,1,5,1,68,10,1364,1,3,10,1,10
2018220287397,2,9,0,4,0,8,0,0,0,0,2,1,5,2,57,9,1560,2,8,7,1,7
2018220287397,3,9,0,18,0,8,0,0,0,0,1,1,5,2,37,7,1560,2,4,6,1,6
2018220287400,1,9,0,10,0,8,0,0,0,0,2,1,1,2,51,8,1339,1,15,5,3,5
2018220287400,2,9,0,3,0,8,0,0,0,0,2,1,5,2,18,4,1242,1,9,4,3,4
2018220287400,3,9,0,4,0,8,0,0,0,0,1,1,5,2,51,8,1986,2,13,5,3,5
2018220287406,1,98,0,18,0,0,0,0,7,0,1,1,1,1,25,5,-1,-1,-1,-1,-1,-1
2018220287406,2,9,0,18,0,0,0,0,0,0,1,1,2,1,42,7,1968,2,12,4,1,4
2018220287676,1,9,0,18,0,8,1,0,1,10,1,1,1,2,25,5,1798,1,2,4,1,4
2018220287676,2,9,0,10,0,8,0,0,0,0,2,1,5,2,38,7,1582,2,3,5,1,5
2018220287705,1,9,0,5,0,4,0,0,0,0,3,1,1,2,56,9,1868,2,16,5,1,5
2018220287705,2,9,0,18,0,8,2,0,0,0,4,1,1,1,37,7,1149,1,16,7,1,7
2018220287923,1,9,0,7,0,4,0,0,0,0,3,1,5,2,75,10,1197,1,2,5,3,5
2018220287923,2,3,0,18,0,8,0,0,0,0,1,1,5,1,21,5,124,1,2,5,1,5
2018220287949,1,20,0,7,0,6,0,10,0,0,4,1,1,1,47,8,2143,2,7,9,3,9
2018220287969,1,9,0,5,0,4,0,0,0,0,3,1,5,1,55,8,-1,-1,-1,5,3,5
2018220287969,2,9,0,18,0,8,0,0,0,0,4,1,5,1,23,5,1582,2,11,8,1,8
2018220288223,1,9,0,18,0,0,0,0,0,0,1,1,5,2,70,10,998,1,2,2,1,2
2018220288223,2,9,0,18,0,0,0,0,0,0,1,1,5,1,21,5,1995,2,8,10,1,10
2018220288242,1,9,0,18,0,4,0,0,0,0,1,1,2,1,22,5,1598,1,7,8,1,8
2018220288242,2,1,0,18,0,8,0,0,0,0,4,1,5,2,31,6,-1,-1,-1,5,2,5
2018220288254,1,9,0,18,0,8,0,0,0,0,1,1,5,2,18,4,1388,1,14,7,3,7
2018220288254,2,9,0,18,0,8,0,0,1,9,1,1,5,2,25,5,1995,2,5,8,1,8
2018220288254,3,9,0,18,0,8,0,0,1,9,1,1,3,2,48,8,2967,2,3,6,3,6
2018220288257,1,9,0,18,0,0,0,0,0,0,1,1,5,1,37,7,1560,2,4,7,3,7
2018220288257,2,9,0,18,0,0,0,0,0,0,4,1,5,2,58,9,1598,1,11,4,1,4
2018220288257,3,9,0,18,0,0,0,0,0,0,4,1,5,1,46,8,1997,2,12,1,1,1
2018220288257,4,9,0,18,0,0,0,0,0,0,2,1,5,1,73,10,1995,2,5,5,3,5
2018220288274,1,9,0,13,0,0,0,0,0,0,1,1,2,2,19,4,1999,2,1,8,3,8
2018220288274,2,9,0,18,0,0,0,0,0,0,0,1,2,1,58,9,1951,2,13,8,3,8
2018220288274,3,9,0,18,0,0,0,0,0,0,1,1,2,2,20,4,1368,1,7,7,1,7
2018220288313,1,9,0,17,0,0,5,0,1,0,1,1,5,1,52,8,998,1,-1,4,3,4
2018220288313,2,9,0,16,0,0,1,0,0,0,1,1,5,2,51,8,1598,2,5,5,1,5
2018220288359,1,9,0,9,0,6,0,0,0,0,3,1,5,1,56,9,1753,2,11,1,1,1
2018220288359,2,9,0,18,0,8,0,0,0,0,1,1,5,2,54,8,1796,1,11,10,3,10
2018220288432,1,9,0,18,0,1,0,0,0,0,1,1,6,2,61,9,1396,1,9,4,1,4
2018220288497,1,9,0,18,0,0,0,0,0,0,1,1,6,3,28,6,1798,1,9,-1,-1,-1
2018220288499,1,9,0,9,0,2,0,0,1,0,4,1,6,3,30,6,-1,-1,-1,-1,-1,-1
2018220288524,1,9,0,13,0,0,1,0,1,0,1,1,5,1,21,5,1398,2,13,6,3,6
2018220288524,2,9,0,17,0,0,0,0,1,0,1,1,5,2,36,7,-1,-1,-1,7,3,7
2018220288524,3,19,0,16,0,0,0,0,0,0,0,1,5,1,72,10,2402,2,13,-1,-1,-1
2018220288638,1,9,0,9,0,6,0,0,0,0,1,1,5,1,21,5,-1,-1,-1,4,1,4
2018220288638,2,3,0,18,0,8,0,0,0,0,1,1,5,1,20,4,124,1,6,4,1,4
2018220288673,1,9,0,18,0,2,0,0,7,0,1,1,2,1,53,8,1896,2,14,4,2,4
2018220288673,2,9,0,18,0,1,0,0,0,0,1,1,2,1,26,6,1997,2,8,5,3,5
2018220288694,1,11,0,1,0,0,0,0,0,0,2,1,1,1,63,9,9186,2,5,9,1,9
2018220288694,2,9,0,3,0,0,0,0,0,0,1,1,5,2,66,10,1461,2,7,4,2,4
2018220288966,1,9,0,18,0,6,0,0,0,0,4,1,6,1,28,6,1968,2,13,4,1,4
2018220288966,2,9,0,18,0,8,0,0,0,0,1,1,2,1,44,7,1395,8,2,3,1,3
2018220288994,1,9,0,5,0,4,0,0,0,0,1,1,6,1,63,9,1896,2,17,4,1,4
2018220288994,2,3,0,8,0,1,0,0,0,0,2,1,5,1,40,7,124,1,3,1,1,1
2018220289150,1,9,0,18,0,0,0,0,7,10,1,1,5,1,25,5,1149,1,16,6,3,6
2018220289336,1,9,0,16,0,0,0,0,0,0,1,1,6,1,82,11,1399,1,2,4,1,4
2018220289336,2,21,1,17,0,0,1,0,0,0,1,1,1,1,60,9,12740,2,3,4,1,4
2018220289646,1,9,0,18,0,0,0,0,0,0,1,1,6,1,20,4,1598,1,17,9,2,9
2018220289646,2,9,0,4,0,0,0,0,0,0,2,1,6,2,22,5,1248,2,5,6,1,6
2018220289667,1,9,0,18,0,0,5,0,0,0,1,1,5,1,18,4,1149,1,13,1,1,1
2018220289671,1,19,0,18,0,0,0,0,0,0,4,1,1,1,58,9,2500,2,11,5,1,5
2018220289684,1,9,0,18,0,0,0,0,1,11,1,1,5,2,22,5,1242,1,8,7,1,7
2018220289685,1,8,0,9,0,6,0,0,0,0,1,1,6,3,40,7,-1,-1,-1,-1,-1,-1
2018220289851,1,8,0,9,0,4,0,0,0,0,3,1,1,1,38,7,1598,2,8,9,1,9
2018220289851,2,9,0,18,0,8,0,0,0,0,1,1,5,2,53,8,1596,1,17,3,1,3
2018220289889,1,9,0,9,0,6,0,0,0,0,3,1,2,1,56,9,2148,2,8,9,3,9
2018220289889,2,9,0,18,0,1,0,0,0,0,1,1,2,2,42,7,1988,2,11,5,3,5
2018220289962,1,9,0,18,0,0,0,0,0,0,3,1,6,1,57,9,1242,1,5,8,1,8
2018220289962,2,1,0,14,0,0,0,0,0,0,1,1,6,1,46,8,-1,-1,-1,8,1,8
2018220289980,1,21,1,18,0,0,1,0,0,0,1,1,1,1,27,6,12900,2,10,5,3,5
2018220290076,1,9,0,18,0,0,0,0,0,0,3,1,3,2,52,8,1398,2,4,4,1,4
2018220290146,1,9,0,9,0,6,0,0,0,0,1,1,5,2,45,7,2143,2,6,3,1,3
2018220290146,2,9,0,18,0,8,0,0,0,0,4,1,2,1,58,9,1798,1,16,4,2,4
2018220290156,1,9,0,18,0,0,0,0,1,4,1,1,5,1,34,6,1997,2,10,4,1,4
2018220290261,1,9,0,9,0,6,0,0,0,0,3,1,5,1,32,6,1968,2,1,7,1,7
2018220290261,2,9,0,18,0,8,0,0,0,0,1,1,5,1,79,11,998,1,4,6,2,6
2018220290277,1,9,0,18,0,2,0,0,0,0,4,1,6,1,22,5,-1,-1,-1,-1,-1,-1
2018220290279,1,19,0,4,0,8,0,0,0,0,2,1,2,1,36,7,1560,2,5,4,1,4
2018220290279,2,9,0,18,0,8,0,0,0,0,1,1,2,2,25,5,1299,1,14,7,3,7
2018220290279,3,9,0,18,0,8,0,0,0,0,1,1,2,1,59,9,1596,1,13,8,1,8
2018220290292,1,9,0,18,0,8,0,0,0,0,1,1,1,1,65,9,1900,2,12,9,1,9
2018220290292,2,9,0,10,0,8,0,0,0,0,2,1,1,1,56,9,-1,-1,-1,-1,2,-1
2018220290298,1,19,0,9,0,6,0,0,0,0,1,1,1,1,26,6,2143,2,5,1,1,1
2018220290298,2,9,0,18,0,1,0,0,1,0,4,1,5,1,46,8,2400,2,6,10,1,10
2018220290298,3,9,0,18,0,1,0,0,1,0,1,1,5,1,79,11,2902,2,15,5,3,5
2018220290311,1,9,0,9,0,6,0,0,0,0,3,1,5,2,20,4,1124,1,12,5,2,5
2018220290335,1,5,0,18,0,3,1,0,0,0,3,1,2,1,55,8,1157,1,12,5,1,5
2018220290356,1,3,0,18,0,0,0,0,0,0,1,1,5,1,21,5,124,1,4,4,3,4
2018220290356,2,9,0,4,0,0,0,0,0,0,2,1,5,1,47,8,2720,2,12,6,3,6
2018220290374,1,5,0,13,0,0,1,0,1,10,1,1,5,1,27,6,999,1,13,3,1,3
2018220290374,2,9,0,18,0,0,0,0,0,0,3,1,6,3,34,6,-1,-1,-1,-1,-1,-1
2018220290385,1,9,0,5,0,0,0,0,0,0,0,1,6,2,47,8,1668,1,17,4,3,4
2018220290385,2,5,0,18,0,0,0,10,0,0,3,1,5,1,36,7,582,1,17,9,1,9
2018220290430,1,9,0,9,0,6,0,0,0,0,1,1,5,1,63,9,1950,2,-1,-1,-1,-1
2018220290430,2,9,0,18,0,8,0,0,0,0,1,1,5,1,70,10,1499,2,3,5,1,5
2018220290450,1,9,0,18,0,0,0,0,0,0,3,1,6,3,34,6,-1,-1,-1,-1,-1,-1
2018220290450,2,1,0,18,0,0,0,0,0,0,3,1,5,1,30,6,-1,-1,-1,2,1,2
2018220290681,1,5,0,14,0,8,0,0,0,0,1,1,2,1,49,8,1215,1,5,1,1,1
2018220290681,2,9,0,9,0,6,0,0,0,0,3,1,2,2,24,5,1149,1,4,1,1,1
2018220290711,1,9,0,9,0,5,0,0,0,0,1,1,5,2,24,5,998,1,10,5,1,5
2018220290741,1,9,0,18,0,0,0,0,5,6,1,1,2,2,28,6,1753,2,10,1,1,1
2018220290741,2,9,0,18,0,0,0,0,0,0,3,1,2,1,50,8,1999,2,1,8,3,8
2018220290764,1,9,0,7,0,5,5,7,1,1,1,1,2,2,20,4,1997,2,5,-1,-1,-1
2018220290771,1,9,0,10,0,8,0,0,0,0,2,1,2,2,30,6,1388,1,9,5,1,5
2018220290771,2,9,0,18,0,8,0,0,0,0,1,1,2,2,35,6,1398,1,3,4,1,4
2018220290771,3,3,0,3,0,8,0,0,0,0,2,1,1,2,20,4,108,1,1,2,1,2
2018220290802,1,9,0,5,0,8,0,0,0,0,1,1,6,2,55,8,-1,-1,-1,-1,-1,-1
2018220290802,2,1,0,9,0,5,0,0,0,0,3,1,5,1,14,3,-1,-1,-1,6,1,6
2018220290873,1,9,0,3,0,1,0,0,0,0,2,1,1,1,21,5,1395,1,-1,2,1,2
2018220290873,2,9,0,18,0,1,0,0,0,0,1,1,6,1,28,6,1798,1,16,5,1,5
2018220290881,1,9,0,7,0,4,0,0,0,0,1,1,6,2,37,7,1560,2,5,10,1,10
2018220290881,2,9,0,4,0,1,0,0,0,0,2,1,2,1,19,4,998,1,18,6,3,6
2018220290900,1,9,0,17,0,0,0,0,1,2,1,1,5,1,26,6,1686,2,13,-1,-1,-1
2018220290924,1,9,0,18,0,0,0,0,0,0,1,1,5,1,28,6,2987,2,12,2,1,2
2018220290924,2,9,0,4,0,0,0,0,0,0,2,1,5,2,37,7,1422,2,15,1,1,1
2018220290924,3,9,0,4,0,0,0,0,0,0,2,1,5,2,44,7,1242,1,8,3,1,3
2018220290936,1,9,0,18,0,2,0,0,0,0,4,1,6,1,34,6,-1,-1,-1,-1,-1,-1
2018220290939,1,9,0,1,0,6,0,0,0,0,2,1,5,1,75,10,898,1,1,4,2,4
2018220290997,1,3,0,16,0,0,0,0,0,0,1,1,5,2,20,4,125,1,7,-1,-1,-1
2018220290997,2,90,0,17,0,0,0,0,0,0,0,1,1,1,37,7,-1,-1,-1,10,1,10
2018220290997,3,9,0,4,0,0,0,0,0,0,2,1,5,2,61,9,1390,1,8,10,1,10
2018220291029,1,9,0,18,0,0,5,0,0,0,3,1,5,1,23,5,1248,1,8,10,3,10
2018220291029,2,9,0,18,0,0,0,0,0,0,1,1,5,1,61,9,2261,1,12,9,1,9
2018220291029,3,9,0,18,0,0,0,0,0,0,1,1,5,2,29,6,1560,2,6,3,1,3
2018220291029,4,9,0,18,0,0,0,0,0,0,1,1,5,1,31,6,1560,2,6,2,1,2
2018220291100,1,19,0,13,0,8,0,0,7,0,1,1,1,1,40,7,2143,2,2,2,1,2
2018220291100,2,8,0,7,0,6,0,0,0,0,1,1,5,1,19,4,1753,2,11,2,1,2
2018220291240,1,9,0,11,0,0,0,0,0,0,2,1,5,1,72,10,1999,2,2,5,3,5
2018220291240,2,4,0,13,0,0,0,0,0,0,1,1,5,1,56,9,745,1,12,5,1,5
2018220291262,1,9,0,17,0,0,1,0,2,0,4,1,5,1,33,6,1910,2,11,4,2,4
2018220291265,1,9,0,7,0,6,0,0,0,0,3,1,5,1,54,8,1870,2,17,9,1,9
2018220291270,1,9,0,18,0,4,0,0,0,0,1,1,6,3,34,6,-1,-1,-1,-1,-1,-1
2018220291270,2,5,0,7,0,8,0,0,0,0,2,1,5,1,52,8,847,1,3,8,1,8
2018220291278,1,9,0,17,0,2,1,0,2,0,4,1,5,1,18,4,1896,2,13,-1,3,-1
2018220291278,2,9,0,16,0,1,0,0,0,0,3,1,5,2,44,7,1461,2,6,5,3,5
2018220291300,1,1,0,4,0,0,0,0,0,0,2,1,5,1,13,3,-1,-1,-1,2,1,2
2018220291300,2,9,0,18,0,0,0,0,0,0,1,1,6,3,34,6,-1,-1,-1,-1,-1,-1
2018220291311,1,9,0,18,0,2,0,0,0,0,1,1,5,2,31,6,1968,2,11,7,1,7
2018220291311,2,1,0,18,0,2,0,0,0,0,3,1,6,1,13,3,-1,-1,-1,6,1,6
2018220291525,1,9,0,6,8,0,0,0,0,0,3,1,5,1,53,8,1997,2,6,9,1,9
2018220291525,2,5,0,18,0,0,1,0,0,0,1,1,5,1,58,9,781,1,20,5,1,5
2018220291589,1,1,0,13,0,0,0,0,0,0,3,1,5,1,58,9,-1,-1,-1,9,1,9
2018220291589,2,9,0,13,0,0,0,0,0,0,4,1,5,1,55,8,1798,1,13,2,1,2
2018220291596,1,9,0,9,0,6,0,0,0,0,3,1,6,2,43,7,1360,1,12,6,1,6
2018220291596,2,9,0,18,0,1,0,0,7,11,1,1,6,2,62,9,1995,2,14,7,3,7
2018220291650,1,1,0,13,0,8,0,0,0,0,1,1,5,2,24,5,-1,-1,-1,3,1,3
2018220291650,2,9,0,9,0,5,0,0,0,0,3,1,5,1,72,10,1995,2,2,6,3,6
2018220291666,1,9,0,16,0,5,0,0,7,0,1,1,5,2,19,4,1086,1,9,-1,1,-1
2018220291666,2,9,0,16,0,1,0,0,0,0,1,1,5,2,53,8,1968,2,11,6,1,6
2018220291667,1,19,0,18,0,8,0,0,0,0,1,1,1,1,25,5,1995,2,12,6,1,6
2018220291667,2,9,0,18,0,8,0,0,0,0,2,1,5,2,54,8,1360,1,15,4,2,4
2018220291667,3,19,0,7,0,5,0,0,1,0,2,1,5,2,33,6,2477,2,12,5,3,5
2018220291679,1,9,0,17,0,0,0,0,0,0,1,1,5,1,32,6,-1,-1,-1,-1,-1,-1
2018220291679,2,9,0,16,0,0,0,0,0,0,1,1,5,1,72,10,2495,2,13,4,3,4
2018220291704,1,9,0,13,0,0,5,0,2,9,4,1,5,2,30,6,1461,2,3,-1,3,-1
2018220291704,2,9,0,13,0,0,1,0,0,0,3,1,1,1,52,8,-1,-1,-1,-1,1,-1
2018220291799,1,19,0,18,0,0,1,4,0,0,1,1,2,1,61,9,2874,2,20,4,1,4
2018220291799,2,19,0,2,0,0,0,0,1,9,2,1,2,1,60,9,2370,2,20,6,1,6
2018220291853,1,9,0,16,0,1,5,0,0,0,1,1,5,1,42,7,-1,-1,-1,5,3,5
2018220291853,2,9,0,17,0,2,0,0,0,0,1,1,5,1,44,7,1868,2,16,7,1,7
2018220291864,1,9,0,18,0,8,0,0,0,0,1,1,3,2,38,7,1364,1,12,3,1,3
2018220291864,2,9,0,7,0,6,0,0,0,0,1,1,3,2,36,7,1968,2,5,8,1,8
2018220291879,1,9,0,9,0,5,0,0,0,0,4,1,5,2,42,7,1910,2,10,2,1,2
2018220291913,1,5,0,18,0,8,0,0,0,0,1,1,2,1,25,5,649,1,9,1,1,1
2018220291913,2,9,0,9,0,6,0,0,0,0,1,1,5,2,73,10,1398,1,5,7,1,7
2018220292030,1,9,0,9,0,5,0,0,0,0,1,1,5,1,23,5,1328,1,11,9,1,9
2018220292030,2,9,0,9,0,6,0,0,0,0,4,1,5,2,54,8,1598,1,13,8,1,8
2018220292333,1,9,0,18,0,0,0,0,0,0,1,1,5,2,48,8,2231,2,5,4,2,4
2018220292333,2,9,0,18,0,0,0,0,0,0,1,1,5,2,33,6,1995,2,5,5,3,5
2018220292363,1,21,0,9,0,5,0,0,0,0,1,1,1,1,26,6,10837,2,2,8,1,8
2018220292363,2,9,0,18,0,8,0,0,0,0,1,1,5,2,60,9,1951,2,16,7,3,7
2018220292392,1,9,0,5,0,4,0,0,0,0,3,1,2,1,59,9,1991,2,11,4,2,4
2018220292392,2,1,0,18,0,8,0,0,0,0,1,1,5,1,86,11,-1,-1,-1,5,3,5
2018220292399,1,9,0,17,0,0,2,12,2,0,1,1,5,2,20,4,1349,1,8,5,3,5
2018220292407,1,4,0,18,0,8,1,0,0,0,3,1,5,1,48,8,498,1,12,6,1,6
2018220292407,2,9,0,5,0,6,0,0,0,0,0,1,2,1,58,9,1998,1,1,6,1,6
2018220292429,1,9,0,9,0,6,0,0,0,0,1,1,6,1,23,5,1390,1,7,3,1,3
2018220292429,2,9,0,5,0,8,0,0,0,0,4,1,3,1,39,7,1753,2,10,3,1,3
2018220292447,1,19,0,5,0,0,0,0,0,0,1,1,5,1,28,6,2198,2,10,1,1,1
2018220292452,1,9,0,11,0,0,0,0,0,0,4,1,6,2,26,6,1796,1,16,1,1,1
2018220292452,2,9,0,18,0,0,0,0,0,0,3,1,5,1,23,5,1997,2,3,9,1,9
2018220292456,1,9,0,9,0,6,0,0,0,0,1,1,5,2,79,11,1598,1,6,10,1,10
2018220292456,2,9,0,17,0,8,0,0,0,0,1,1,5,2,45,7,1299,1,12,10,1,10
2018220292460,1,9,0,2,6,0,0,0,0,0,3,1,5,1,46,8,1582,2,1,6,3,6
2018220292460,2,9,0,18,7,0,0,0,0,0,1,1,2,1,17,4,1360,1,18,5,3,5
2018220292467,1,9,0,13,0,0,1,0,0,0,1,1,5,1,24,5,2998,1,1,5,3,5
2018220292467,2,9,0,17,0,0,1,0,1,10,1,1,5,2,66,10,1598,2,1,7,1,7
2018220292467,3,9,0,16,0,0,0,0,0,0,3,1,5,2,52,8,1560,2,2,-1,-1,-1
2018220292481,1,19,0,18,0,0,0,0,0,0,4,1,2,1,25,5,1248,2,9,5,2,5
2018220292481,2,1,0,18,0,0,0,0,1,11,3,1,2,1,41,7,-1,-1,-1,7,2,7
2018220292506,1,9,0,1,0,0,0,0,0,0,2,1,6,1,34,6,2987,2,8,5,1,5
2018220292506,2,1,0,3,0,0,0,0,0,0,1,1,5,1,65,9,-1,-1,-1,5,1,5
2018220292540,1,9,0,9,0,3,1,9,0,0,3,1,2,1,57,9,998,1,2,4,1,4
2018220292540,2,9,0,18,0,3,0,0,0,0,4,1,5,1,43,7,1997,2,2,9,2,9
2018220292625,1,9,0,14,0,1,0,0,0,0,1,1,5,1,75,10,2993,2,5,10,1,10
2018220292637,1,9,0,18,0,0,0,0,2,7,1,1,5,2,47,8,1560,2,7,-1,2,-1
2018220292697,1,9,0,18,0,8,0,0,0,0,1,1,5,2,47,8,-1,-1,-1,4,1,4
2018220292697,2,9,0,18,0,8,0,0,0,0,1,1,5,2,50,8,1951,2,15,1,1,1
2018220292697,3,9,0,18,0,8,0,0,0,0,0,1,1,3,34,6,-1,-1,-1,-1,-1,-1
2018220292720,1,9,0,9,0,6,0,0,0,0,3,1,3,2,31,6,1398,1,3,3,1,3
2018220292720,2,9,0,18,0,8,0,0,7,10,1,1,2,2,26,6,1968,2,7,8,1,8
2018220292799,1,9,0,18,0,0,0,0,0,0,1,1,5,1,24,5,999,1,2,-1,1,-1
2018220292799,2,9,0,18,0,0,0,0,1,0,1,1,5,1,45,7,1997,2,8,3,1,3
2018220292938,1,9,0,3,0,1,0,0,0,0,2,1,3,2,38,7,1560,2,6,4,1,4
2018220292938,2,9,0,18,0,4,0,0,0,0,1,1,5,2,37,7,1685,2,2,7,1,7
2018220292955,1,9,0,9,0,6,0,0,0,0,4,1,5,1,45,7,2993,2,8,-1,1,-1
2018220292955,2,9,0,18,0,8,0,0,0,0,1,1,5,2,61,9,1598,2,5,7,1,7
2018220293325,1,9,0,18,0,0,0,0,0,0,1,1,5,1,43,7,1560,2,4,7,1,7
2018220293406,1,19,0,18,0,0,0,0,0,0,4,1,6,1,46,8,1968,2,2,-1,-1,-1
2018220293553,1,9,0,16,0,0,0,0,0,0,4,1,5,2,55,8,1560,2,4,6,3,6
2018220293612,1,9,0,9,0,5,0,0,0,0,1,1,5,2,23,5,1242,1,12,5,1,5
2018220293612,2,9,0,18,0,8,0,0,0,0,1,1,5,1,58,9,1896,2,12,1,1,1
2018220293616,1,9,0,9,0,6,0,0,0,0,3,1,5,2,36,7,1596,1,13,5,1,5
2018220293616,2,9,0,18,0,8,0,0,0,0,1,1,5,2,23,5,1149,1,13,7,3,7
2018220293666,1,9,0,9,0,6,0,0,0,0,3,1,5,2,31,6,1560,2,8,1,1,1
2018220293666,2,9,0,18,0,8,0,0,0,0,1,1,5,2,22,5,1198,1,11,1,1,1
2018220293738,1,9,0,9,0,6,0,0,0,0,1,1,5,1,48,8,1086,1,12,8,3,8
2018220293738,2,5,0,18,0,8,0,0,0,0,4,1,5,1,40,7,599,1,15,4,2,4
2018220293742,1,9,0,5,0,0,0,0,0,0,3,1,2,2,30,6,1590,1,15,6,2,6
2018220293894,1,17,5,9,0,6,0,0,0,0,1,1,1,1,24,5,-1,-1,-1,-1,-1,-1
2018220293894,2,9,0,16,0,8,0,0,0,0,4,1,5,2,24,5,2497,2,11,3,2,3
2018220293981,1,9,0,18,0,0,2,0,1,0,1,1,2,1,24,5,1995,1,15,2,1,2
2018220294005,1,5,0,16,0,0,1,0,7,10,3,1,5,1,54,8,675,1,7,5,1,5
2018220294085,1,9,0,9,0,6,0,0,0,0,4,1,5,2,36,7,1968,2,4,7,1,7
2018220294085,2,5,0,18,0,8,0,0,0,0,3,1,5,1,58,9,1255,1,6,6,1,6
2018220294086,1,9,0,17,0,0,0,0,0,0,1,1,5,1,64,9,1998,8,2,-1,3,-1
2018220294086,2,9,0,16,0,0,0,0,0,0,1,1,5,2,26,6,2488,2,12,4,3,4
2018220294122,1,9,0,5,0,4,0,0,0,0,3,1,5,1,21,5,1390,1,6,2,1,2
2018220294122,2,3,0,18,0,3,0,0,0,0,1,1,5,2,30,6,125,1,3,10,1,10
2018220294133,1,9,0,18,0,0,0,0,0,0,4,1,6,2,74,10,1242,1,10,5,3,5
2018220294133,2,1,0,2,9,0,0,0,0,0,1,1,5,1,15,3,-1,-1,-1,5,3,5
2018220294153,1,9,0,7,0,4,0,0,0,0,3,1,6,3,34,6,-1,-1,-1,-1,-1,-1
2018220294153,2,90,0,17,0,8,5,0,0,0,1,1,5,1,39,7,686,1,11,8,1,8
2018220294372,1,19,0,18,0,1,0,0,0,0,1,1,6,1,33,6,2148,2,10,9,1,9
2018220294372,2,9,0,3,0,1,0,0,0,0,2,1,6,1,34,6,1799,1,10,2,1,2
2018220294372,3,9,0,3,0,1,0,0,0,0,2,1,6,1,67,10,3200,2,5,4,3,4
2018220294524,1,9,0,18,0,0,0,0,0,0,1,1,5,3,28,6,-1,-1,-1,-1,-1,-1
2018220294524,2,2,0,18,0,0,0,0,0,0,-1,1,5,1,18,4,49,1,7,2,1,2
2018220294558,1,9,0,9,0,0,0,0,0,0,3,1,5,1,53,8,1560,2,10,7,1,7
2018220294558,2,1,0,18,0,0,1,0,0,0,1,1,5,1,60,9,-1,-1,-1,9,1,9
2018220294626,1,9,0,9,0,6,0,0,0,0,1,1,6,1,34,6,-1,-1,-1,-1,-1,-1
2018220294626,2,9,0,18,0,8,0,0,0,0,4,1,5,1,37,7,2191,2,1,6,1,6
2018220294684,1,9,0,12,0,0,0,0,0,0,3,1,1,1,65,9,1685,2,-1,7,1,7
2018220294684,2,9,0,17,0,0,0,0,0,0,4,1,6,1,33,6,1998,1,-1,1,1,1
2018220294711,1,9,0,18,0,2,0,0,0,0,1,1,5,2,51,8,1984,2,5,-1,1,-1
2018220294711,2,9,0,4,0,2,0,0,0,0,2,1,5,2,55,8,1591,1,8,5,1,5
2018220294751,1,9,0,16,0,0,2,0,2,9,4,1,2,2,25,5,1248,1,8,2,1,2
2018220294978,1,9,0,5,0,4,0,0,0,0,1,1,2,1,55,8,1124,1,12,5,1,5
2018220294978,2,1,0,18,0,8,0,0,0,0,4,1,2,1,48,8,-1,-1,-1,8,1,8
2018220294983,1,9,0,18,0,8,1,0,7,10,1,1,5,1,36,7,1560,2,7,9,1,9
2018220294983,2,9,0,18,0,6,0,0,0,0,3,1,5,2,78,11,1398,2,14,2,1,2
2018220295008,1,9,0,17,0,2,0,0,1,4,1,1,5,1,75,10,-1,-1,-1,8,1,8
2018220295008,2,9,0,2,0,2,0,4,0,0,3,1,5,2,45,7,1995,2,13,-1,-1,-1
2018220295031,1,9,0,18,0,8,1,0,0,0,1,1,5,2,75,10,1200,1,3,8,1,8
2018220295055,1,9,0,17,0,8,0,0,0,0,3,1,5,2,24,5,1388,1,11,4,1,4
2018220295055,2,1,0,14,0,8,0,0,0,0,1,1,2,1,40,7,-1,-1,-1,2,1,2
2018220295059,1,19,0,13,0,0,0,0,0,0,3,1,6,1,52,8,1560,2,1,4,1,4
2018220295059,2,4,0,13,0,0,0,0,0,0,4,1,5,2,54,8,286,1,3,6,3,6
2018220295067,1,9,0,9,0,5,0,0,0,0,4,1,1,1,37,7,1598,2,5,1,1,1
2018220295067,2,1,0,18,0,8,0,0,0,0,1,1,5,1,65,9,-1,-1,-1,10,2,10