Accident_Index,Vehicle_Reference,Vehicle_Type,Towing_and_Articulation,Vehicle_Manoeuvre,Vehicle_Location-Restricted_Lane,Junction_Location,Skidding_and_Overturning,Hit_Object_in_Carriageway,Vehicle_Leaving_Carriageway,Hit_Object_off_Carriageway,1st_Point_of_Impact,Was_Vehicle_Left_Hand_Drive?,Journey_Purpose_of_Driver,Sex_of_Driver,Age_of_Driver,Age_Band_of_Driver,Engine_Capacity_(CC),Propulsion_Code,Age_of_Vehicle,Driver_IMD_Decile,Driver_Home_Area_Type,Vehicle_IMD_Decile
2018220295100,1,1,0,18,0,6,0,0,0,0,4,1,5,1,8,2,-1,-1,-1,3,1,3
2018220295100,2,9,0,18,0,1,0,0,0,0,3,1,5,1,17,4,1798,1,2,8,1,8
2018220295143,1,8,0,1,0,0,0,0,0,0,2,1,6,1,-1,-1,1997,2,10,3,1,3
2018220295180,1,9,0,18,0,8,0,0,0,0,1,1,2,1,60,9,2204,2,11,6,1,6
2018220295180,2,9,0,9,0,5,0,0,0,0,1,1,5,1,51,8,1499,2,4,6,3,6
2018220295328,1,9,0,18,0,0,0,0,0,0,1,1,5,1,48,8,1596,1,14,5,3,5
2018220295328,2,9,0,4,0,0,0,0,0,0,2,1,5,2,41,7,1997,2,4,8,1,8
2018220295328,3,9,0,4,0,0,0,0,0,0,2,1,6,1,-1,-1,1900,2,13,2,1,2
2018220295351,1,1,0,18,0,0,0,0,0,0,3,1,4,1,13,3,-1,-1,-1,3,1,3
2018220295351,2,9,0,13,0,0,0,0,0,0,4,1,3,1,18,4,998,1,11,4,1,4
2018220295628,1,9,0,3,0,1,0,0,0,0,2,1,5,2,33,6,1896,2,13,2,2,2
2018220295628,2,9,0,3,0,1,0,0,0,0,2,1,5,2,45,7,1597,2,5,5,3,5
2018220295628,3,9,0,18,0,1,0,0,0,0,1,1,5,2,39,7,1871,2,13,5,3,5
2018220295639,1,9,0,11,0,0,0,0,0,0,4,1,6,1,55,8,1499,2,2,9,1,9
2018220295639,2,9,0,5,0,0,0,0,0,0,3,1,1,2,22,5,1242,1,8,3,1,3
2018220295654,1,9,0,7,0,6,0,0,0,0,1,1,2,2,29,6,1242,1,4,8,1,8
2018220295654,2,9,0,13,0,8,0,0,0,0,1,1,5,2,68,10,-1,3,3,7,2,7
2018220295676,1,9,0,18,0,4,0,0,0,0,1,1,5,1,68,10,1598,2,1,7,1,7
2018220295676,2,9,0,3,0,1,0,0,0,0,2,1,5,1,72,10,1798,1,8,7,1,7
2018220295834,1,9,0,18,0,2,0,0,0,0,1,1,5,1,25,5,996,1,9,10,1,10
2018220295834,2,9,0,18,0,1,1,0,0,0,4,1,5,1,31,6,1998,1,10,6,1,6
2018220295899,1,9,0,9,0,5,0,0,0,0,1,1,5,1,17,4,1968,2,6,5,3,5
2018220295899,2,1,0,18,0,1,0,0,0,0,1,1,6,1,60,9,-1,-1,-1,5,1,5
2018220295987,1,9,0,4,0,1,0,0,0,0,1,1,5,2,38,7,1968,2,1,9,2,9
2018220295987,2,9,0,3,0,1,0,0,0,0,2,1,5,1,81,11,998,1,1,4,1,4
2018220296153,1,3,0,17,0,0,1,10,0,0,4,1,5,1,87,11,125,1,6,6,1,6
2018220296184,1,3,0,16,0,0,0,0,0,0,1,1,5,2,25,5,124,1,17,-1,3,-1
2018220296184,2,9,0,17,0,0,0,0,0,0,1,1,5,2,49,8,1998,1,15,4,1,4
2018220296184,3,3,0,16,0,0,0,0,0,0,0,1,5,1,27,6,124,1,13,5,3,5
2018220296184,4,5,0,16,0,0,0,0,0,0,0,1,5,1,48,8,1237,1,3,5,2,5
2018220296210,1,9,0,14,0,0,0,4,0,0,1,1,5,1,24,5,999,1,5,6,1,6
2018220296210,2,21,1,2,0,0,0,0,0,0,2,1,1,1,68,10,12809,2,4,1,1,1
2018220296253,1,9,0,9,0,6,0,0,0,0,1,1,5,1,63,9,2172,2,15,9,1,9
2018220296253,2,1,0,18,0,8,0,0,0,0,1,1,5,1,23,5,-1,-1,-1,6,2,6
2018220296265,1,9,0,18,0,0,0,0,0,0,2,1,1,2,29,6,1560,2,10,5,3,5
2018220296265,2,9,0,18,0,0,0,0,0,0,1,1,6,3,34,6,-1,-1,-1,-1,-1,-1
2018220296286,1,97,0,13,0,8,0,0,0,0,1,1,6,1,34,6,-1,-1,-1,-1,-1,-1
2018220296286,2,9,0,9,0,5,0,0,0,0,2,1,1,2,35,6,1686,2,8,4,3,4
2018220296312,1,98,1,18,0,0,0,0,0,0,3,1,1,1,36,7,-1,-1,-1,-1,-1,-1
2018220296312,2,9,0,18,0,0,0,0,0,0,3,1,5,1,43,7,-1,-1,-1,3,1,3
2018220296314,1,9,0,4,0,1,0,0,0,0,2,1,5,1,53,8,1951,2,12,4,3,4
2018220296314,2,9,0,18,0,1,0,0,0,0,1,1,1,1,57,9,-1,-1,-1,5,3,5
2018220296340,1,9,0,18,0,1,0,0,0,0,4,1,5,1,26,6,1596,1,14,8,-1,8
2018220296509,1,9,0,13,0,0,0,0,0,0,1,1,1,1,-1,-1,2993,2,3,-1,-1,-1
2018220296509,2,9,0,12,0,0,2,10,6,10,2,1,6,1,53,8,1242,1,8,5,3,5
2018220296583,1,9,0,18,0,8,5,0,0,0,1,1,2,2,62,9,1108,1,9,2,1,2
2018220296583,2,9,0,5,0,6,0,0,0,0,3,1,2,1,47,8,1968,2,4,8,3,8
2018220296651,1,9,0,7,0,6,0,0,0,0,1,1,5,1,38,7,1497,1,15,6,3,6
2018220296651,2,1,0,18,0,8,0,0,0,0,2,1,1,2,61,9,-1,-1,-1,4,1,4
2018220296675,1,9,0,9,0,6,0,0,0,0,1,1,2,1,20,4,1596,1,7,7,2,7
2018220296675,2,9,0,18,0,8,0,0,0,0,1,1,2,2,58,9,2499,1,7,7,2,7
2018220296683,1,9,0,3,0,1,0,0,0,0,2,1,5,2,31,6,1461,2,5,2,1,2
2018220296683,2,9,0,18,0,4,0,0,0,0,1,1,5,1,23,5,1999,1,2,1,1,1
2018220296695,1,9,0,18,0,0,0,0,0,0,1,1,5,2,41,7,1598,2,2,8,3,8
2018220296695,2,9,0,5,8,0,0,0,0,0,1,1,5,2,42,7,1896,2,11,4,1,4
2018220296728,1,9,0,18,0,0,0,0,2,4,1,1,6,1,21,5,-1,-1,-1,-1,3,-1
2018220296756,1,9,0,4,0,1,0,0,0,0,1,1,6,1,42,7,1388,1,12,4,2,4
2018220296756,2,9,0,3,0,1,0,0,0,0,2,1,5,2,51,8,1753,2,10,4,1,4
2018220296773,1,8,0,18,0,8,0,0,0,0,1,1,1,1,38,7,1686,2,5,2,1,2
2018220296773,2,9,0,4,0,8,0,0,0,0,2,1,5,2,45,7,1395,1,3,6,2,6
2018220296773,3,11,0,18,0,8,0,0,0,0,1,1,1,1,68,10,3900,2,14,1,1,1
2018220296836,1,1,0,15,0,4,0,0,0,0,1,1,4,1,14,3,-1,-1,-1,6,1,6
2018220296836,2,9,0,5,0,4,0,0,0,0,4,1,2,2,27,6,1997,2,1,6,3,6
2018220296864,1,9,0,16,0,0,0,0,8,4,1,1,5,2,74,10,1686,2,5,5,3,5
2018220296918,1,9,0,7,9,5,0,0,0,0,1,1,5,1,85,11,1560,2,6,8,3,8
2018220297031,1,9,0,18,0,0,0,0,0,0,1,1,5,1,19,4,1598,1,15,8,3,8
2018220297031,2,1,0,18,0,0,0,0,0,0,1,1,5,1,34,6,-1,-1,-1,5,3,5
2018220297040,1,1,0,18,0,0,0,4,0,0,1,1,5,1,69,10,-1,-1,-1,2,1,2
2018220297040,2,19,0,2,0,0,0,0,0,0,2,1,1,1,35,6,1997,2,12,3,1,3
2018220297080,1,9,0,17,0,0,5,10,8,4,1,1,5,1,18,4,1499,1,1,10,2,10
2018220297122,1,9,0,9,0,5,0,0,0,0,4,1,5,1,73,10,1397,1,7,4,1,4
2018220297122,2,5,0,18,0,8,0,0,0,0,1,1,2,1,29,6,1043,1,5,1,1,1
2018220297207,1,5,0,10,0,8,0,0,0,0,2,1,5,1,59,9,1170,1,6,6,1,6
2018220297207,2,9,0,16,0,8,0,0,0,0,1,1,5,2,44,7,-1,-1,-1,6,3,6
2018220297237,1,3,0,18,0,3,0,10,0,0,1,1,1,1,19,4,108,1,1,5,3,5
2018220297304,1,5,0,18,0,0,1,12,1,0,1,1,5,1,46,8,1198,1,5,7,1,7
2018220297410,1,11,0,18,0,8,0,0,0,0,4,1,1,1,20,4,4250,2,13,5,2,5
2018220297410,2,9,0,9,0,6,0,0,0,0,1,1,5,1,78,11,2993,2,3,9,3,9
2018220297425,1,9,0,18,0,0,1,0,0,0,1,1,2,2,51,8,1242,1,7,7,3,7
2018220297425,2,9,0,18,0,0,1,0,0,0,1,1,5,2,75,10,1339,1,9,5,3,5
2018220297459,1,9,0,2,0,8,0,0,0,0,2,1,5,2,45,7,1398,1,4,7,2,7
2018220297459,2,9,0,18,0,8,0,0,0,0,1,1,6,1,33,6,1896,2,13,5,2,5
2018220297494,1,9,0,9,0,5,0,0,0,0,1,1,6,1,48,8,2993,2,-1,10,1,10
2018220297518,1,9,0,18,0,8,0,0,1,0,3,1,5,2,36,7,1598,1,6,8,1,8
2018220297518,2,9,0,9,0,6,0,0,0,0,4,1,6,2,71,10,1598,2,2,7,3,7
2018220297524,1,9,0,16,0,0,0,11,0,0,3,1,5,1,45,7,2143,12,2,7,2,7
2018220297524,2,9,0,16,0,0,0,0,0,0,0,1,5,1,44,7,-1,-1,-1,5,3,5
2018220297535,1,9,0,13,0,0,0,0,7,3,2,1,5,1,61,9,1956,2,7,10,1,10
2018220297535,2,9,0,13,0,0,0,0,0,0,1,1,5,1,47,8,1598,1,12,4,1,4
2018220297619,1,9,0,16,0,0,1,0,7,0,3,1,6,1,45,7,1248,2,9,1,1,1
2018220297619,2,9,0,18,0,0,0,0,0,0,1,1,2,1,43,7,2497,2,13,5,3,5
2018220297653,1,9,0,9,0,0,0,0,0,0,1,1,5,1,51,8,1248,2,6,6,1,6
2018220297653,2,19,0,18,0,0,0,0,0,0,1,1,1,1,40,7,1560,2,11,7,1,7
2018220297778,1,9,0,18,0,4,0,0,0,0,1,1,5,2,64,9,1368,1,1,9,1,9
2018220297778,2,9,0,4,0,1,0,0,0,0,2,1,6,2,38,7,1246,1,12,8,1,8
2018220297836,1,8,0,18,0,0,0,0,0,0,1,1,1,1,29,6,1753,2,9,2,1,2
2018220297836,2,1,0,18,0,0,0,0,0,0,1,1,5,1,11,3,-1,-1,-1,7,1,7
2018220298065,1,9,0,5,0,4,0,0,0,0,1,1,6,1,22,5,-1,-1,-1,-1,-1,-1
2018220298074,1,9,0,18,0,0,1,0,0,0,1,1,5,2,40,7,1242,1,8,7,1,7
2018220298074,2,9,0,4,0,0,0,0,0,0,2,1,5,1,20,4,1299,1,17,5,1,5
2018220298074,3,9,0,4,0,0,0,0,0,0,2,1,5,2,62,9,1598,1,8,6,1,6
2018220298128,1,98,0,1,9,0,0,10,0,0,2,1,1,3,34,6,-1,-1,-1,-1,-1,-1
2018220298128,2,1,0,2,0,0,0,0,0,0,3,1,5,2,21,5,-1,-1,-1,-1,-1,-1
2018220298130,1,19,0,9,0,5,0,0,0,0,1,1,5,2,36,7,1995,2,1,8,1,8
2018220298130,2,5,0,18,0,8,0,0,0,0,1,1,5,1,27,6,675,1,6,2,1,2
2018220298154,1,9,0,17,0,0,0,4,0,0,1,1,5,2,37,7,973,1,16,2,1,2
2018220298154,2,9,0,2,0,0,0,0,0,0,2,1,6,2,34,6,1398,1,2,7,1,7
2018220298154,3,9,0,16,0,0,0,0,0,0,1,1,5,1,69,10,1753,2,10,4,1,4
2018220298170,1,9,0,10,0,8,0,0,0,0,2,1,1,1,31,6,1956,2,3,8,1,8
2018220298170,2,9,0,18,0,8,1,0,0,0,1,1,5,1,21,5,1598,2,7,5,3,5
2018220298192,1,9,0,13,0,0,0,0,0,0,4,1,6,3,34,6,-1,-1,-1,-1,-1,-1
2018220298192,2,1,0,18,0,0,0,0,0,0,2,1,5,1,34,6,-1,-1,-1,4,1,4
2018220298212,1,9,0,16,0,0,1,0,1,0,2,1,5,1,22,5,1398,1,12,10,1,10
2018220298212,2,9,0,17,0,0,0,0,0,0,1,1,5,1,64,9,1997,2,13,3,1,3
2018220298288,1,9,0,9,0,6,0,0,0,0,3,1,5,1,69,10,1997,2,10,10,1,10
2018220298288,2,5,0,18,0,8,1,0,0,0,1,1,5,1,49,8,1000,1,2,1,1,1
2018220298327,1,9,0,18,0,0,1,0,2,0,1,1,5,1,37,7,1995,2,15,3,1,3
2018220298327,2,9,0,18,0,0,0,0,0,0,1,1,1,2,28,6,1560,2,5,6,1,6
2018220298462,1,9,0,18,0,8,0,0,0,0,1,1,5,2,21,5,1198,1,8,-1,3,-1
2018220298462,2,9,0,9,0,5,0,0,0,0,2,1,5,2,43,7,1988,2,13,4,3,4
2018220298531,1,98,0,18,0,8,0,0,0,0,4,1,5,1,89,11,-1,-1,-1,6,2,6
2018220298531,2,17,0,9,0,6,0,0,0,0,1,1,1,1,66,10,6788,2,1,5,3,5
2018220298552,1,9,0,17,0,0,0,0,1,10,1,1,5,1,26,6,1968,2,7,9,1,9
2018220298557,1,9,0,18,0,8,0,0,0,0,1,1,6,3,34,6,-1,-1,-1,-1,-1,-1
2018220298586,1,9,0,18,0,1,0,0,0,0,1,1,1,2,29,6,1229,1,11,5,2,5
2018220298718,1,9,0,5,0,0,0,0,0,0,4,1,5,2,54,8,1598,1,13,2,1,2
2018220298718,2,5,0,18,0,0,0,0,0,0,3,1,5,1,46,8,899,1,19,9,1,9
2018220298752,1,1,0,18,0,8,0,0,0,0,1,1,5,1,18,4,-1,-1,-1,1,1,1
2018220298752,2,9,0,7,0,5,0,0,0,0,4,1,5,2,21,5,998,1,15,2,1,2
2018220298787,1,9,0,18,0,0,0,0,0,0,1,1,5,2,36,7,1896,2,13,5,3,5
2018220298787,2,9,0,4,0,0,0,0,0,0,2,1,2,1,50,8,1995,2,2,5,3,5
2018220298787,3,9,0,3,0,0,0,0,0,0,2,1,5,2,32,6,1997,2,9,6,3,6
2018220298787,4,9,0,3,0,0,0,0,0,0,2,1,5,2,32,6,1560,2,10,-1,2,-1
2018220298955,1,9,0,18,0,0,0,10,7,11,1,1,5,1,30,6,1991,2,13,6,3,6
2018220298955,2,9,0,3,0,0,0,0,0,0,1,1,5,1,65,9,1399,1,1,6,1,6
2018220298955,3,9,0,2,0,0,0,0,0,0,3,1,6,3,34,6,1242,1,4,-1,-1,-1
2018220299160,1,19,0,18,0,0,0,0,0,0,1,1,1,1,31,6,1499,2,2,5,1,5
2018220299164,1,9,0,9,0,6,0,0,0,0,1,1,6,1,62,9,2720,2,10,-1,-1,-1
2018220299164,2,9,0,18,0,8,0,0,0,0,4,1,5,1,50,8,2179,2,4,5,3,5
2018220299203,1,19,0,1,9,0,0,0,0,0,2,1,1,1,49,8,1248,2,10,8,1,8
2018220299207,1,9,0,9,0,5,0,0,0,0,1,1,5,1,75,10,1968,2,6,8,1,8
2018220299207,2,5,0,18,0,8,0,0,0,0,1,1,5,1,48,8,1199,1,15,5,1,5
2018220299399,1,9,0,18,0,1,1,0,0,0,0,1,5,1,22,5,1598,1,13,10,1,10
2018220299399,2,16,0,18,0,1,0,0,0,0,0,1,5,2,40,7,-1,-1,-1,8,2,8
2018220299399,3,16,0,18,0,1,0,0,0,0,0,1,5,2,44,7,-1,-1,-1,2,3,2
2018220299626,1,90,0,9,0,3,2,10,0,0,4,1,5,1,21,5,291,1,10,3,1,3
2018220299855,1,9,0,5,0,1,0,0,0,0,1,1,5,1,72,10,1248,1,3,4,1,4
2018220299855,2,9,0,3,0,1,0,0,0,0,2,1,5,1,41,7,998,1,6,7,1,7
2018220299865,1,9,0,14,0,8,0,0,0,0,3,1,1,2,21,5,1200,1,4,4,1,4
2018220299865,2,5,0,17,0,8,0,0,0,0,3,1,5,2,27,6,1203,1,13,4,1,4
2018220299888,1,1,0,9,0,1,0,0,0,0,1,1,5,1,58,9,-1,-1,-1,6,1,6
2018220299888,2,11,0,3,0,2,0,0,0,0,1,1,1,2,55,8,4250,2,9,7,2,7
2018220299924,1,9,0,17,0,0,5,0,2,11,1,1,5,1,27,6,1399,2,11,4,3,4
2018220299933,1,9,0,18,0,0,0,0,0,0,4,1,6,2,64,9,1390,1,8,4,3,4
2018220299936,1,9,0,16,0,2,0,0,0,0,1,1,5,1,57,9,1591,1,2,7,1,7
2018220299936,2,9,0,4,0,1,0,0,0,0,3,1,5,2,56,9,1686,2,5,7,1,7
2018220300105,1,9,0,18,0,0,0,0,5,6,1,1,6,1,31,6,1560,2,8,2,1,2
2018220300105,2,9,0,18,0,0,0,0,0,0,3,1,5,2,43,7,1498,1,1,8,1,8
2018220300185,1,11,0,17,0,0,0,0,0,0,3,1,1,1,37,7,9600,2,20,4,1,4
2018220300185,2,9,0,3,0,0,0,0,0,0,3,1,5,2,24,5,1398,1,3,4,1,4
2018220300256,1,9,0,9,0,4,0,0,0,0,1,1,2,1,34,6,1598,1,11,1,1,1
2018220300256,2,5,0,9,0,8,0,0,0,0,4,1,2,1,52,8,750,1,13,8,1,8
2018220300289,1,9,0,5,0,4,0,0,0,0,0,1,6,1,55,8,1360,1,14,1,1,1
2018220300289,2,3,0,18,0,8,0,0,0,0,4,1,5,1,17,4,125,1,6,6,1,6
2018220300290,1,5,0,18,0,8,0,0,0,0,1,1,5,1,51,8,1000,1,17,9,2,9
2018220300290,2,9,0,6,0,8,0,0,0,0,1,1,5,1,77,11,1910,2,10,1,1,1
2018220300328,1,9,0,18,0,0,0,0,0,0,1,1,5,2,33,6,1600,2,9,6,1,6
2018220300328,2,9,0,4,0,0,0,0,0,0,2,1,5,1,45,7,998,1,1,6,2,6
2018220300343,1,4,0,18,0,8,0,0,0,0,1,1,5,1,24,5,498,1,23,5,3,5
2018220300343,2,9,0,9,0,6,0,0,0,0,3,1,5,2,36,7,2179,2,9,6,3,6
2018220300353,1,5,0,17,0,2,0,0,0,0,3,1,5,1,52,8,-1,-1,-1,4,1,4
2018220300353,2,9,0,4,0,1,0,0,0,0,3,1,5,2,21,5,998,1,15,8,1,8
2018220300353,3,9,0,16,0,1,0,0,0,0,1,1,1,1,27,6,2494,2,6,3,1,3
2018220300649,1,9,0,13,0,0,0,0,0,0,2,1,5,1,-1,-1,2494,2,30,8,1,8
2018220300649,2,5,0,13,0,0,0,10,7,0,1,1,5,1,41,7,599,1,13,9,1,9
2018220300649,3,9,0,4,0,0,0,0,0,0,0,1,5,1,59,9,-1,-1,-1,3,1,3
2018220300678,1,1,0,18,0,0,0,0,0,0,1,1,6,1,34,6,-1,-1,-1,1,1,1
2018220300678,2,9,0,4,0,0,0,0,0,0,4,1,1,2,36,7,1248,2,2,6,3,6
2018220300681,1,9,0,5,0,6,0,0,0,0,3,1,6,2,20,4,1242,1,6,8,1,8
2018220300681,2,9,0,18,0,1,0,0,0,0,1,1,3,2,47,8,1560,2,6,2,1,2
2018220300686,1,9,0,5,0,8,0,0,0,0,0,1,5,1,46,8,1560,2,3,10,1,10
2018220300686,2,9,0,3,0,1,0,0,0,0,3,1,5,1,27,6,1995,2,14,10,1,10
2018220300686,3,9,0,18,0,8,0,0,0,0,1,1,5,1,63,9,4556,1,18,-1,3,-1
2018220300686,4,9,0,10,0,1,0,0,0,0,3,1,5,2,20,4,1229,1,3,4,3,4
2018220300711,1,9,0,1,0,8,0,0,0,0,2,1,5,1,65,9,1590,1,15,8,1,8
2018220300711,2,5,0,18,0,8,0,0,0,0,1,1,5,1,55,8,645,1,6,9,3,9
2018220300712,1,9,0,9,0,8,0,0,0,0,1,1,5,2,76,11,1397,1,8,10,1,10
2018220300712,2,5,0,18,0,3,0,9,0,0,4,1,5,2,43,7,1250,1,18,2,1,2
2018220300720,1,9,0,9,0,6,0,0,0,0,3,1,5,1,45,7,-1,-1,-1,7,3,7
2018220300720,2,5,0,18,0,8,0,0,0,0,1,1,5,1,45,7,650,1,18,6,3,6
2018220300723,1,9,0,10,0,8,0,0,0,0,4,1,5,1,33,6,1398,1,4,3,1,3
2018220300723,2,19,0,18,0,8,1,0,1,9,1,1,5,1,23,5,3198,2,4,10,3,10
2018220300726,1,1,0,18,0,8,0,0,0,0,4,1,2,2,56,9,-1,-1,-1,4,1,4
2018220300726,2,9,0,5,0,6,0,0,0,0,1,1,6,3,34,6,-1,-1,-1,-1,-1,-1
2018220300728,1,11,0,9,0,6,0,0,0,0,0,1,1,1,45,7,4250,2,15,2,1,2
2018220300799,1,9,0,4,0,0,0,0,0,0,1,1,5,2,32,6,-1,-1,-1,5,2,5
2018220300799,2,19,0,16,0,0,1,0,0,0,1,1,1,1,31,6,1868,2,14,6,3,6
2018220300828,1,9,0,9,0,6,0,0,0,0,1,1,1,2,18,4,998,1,-1,2,1,2
2018220300828,2,11,0,18,0,8,0,0,0,0,1,1,1,1,57,9,7300,2,9,5,1,5
2018220300851,1,9,0,18,0,6,1,0,7,0,3,1,5,2,74,10,1339,1,10,8,1,8
2018220300851,2,9,0,18,0,8,1,0,7,0,1,1,5,2,19,4,1124,1,21,6,3,6
2018220300986,1,19,0,10,0,8,0,0,0,0,3,1,1,1,52,8,2287,2,3,3,1,3
2018220300986,2,9,0,18,0,1,1,0,0,0,1,1,2,1,52,8,1686,2,16,8,3,8
2018220301233,1,9,0,5,0,0,0,0,0,0,1,1,5,1,63,9,1598,2,4,10,1,10
2018220301233,2,9,0,18,0,0,1,4,0,0,1,1,5,1,23,5,1900,2,12,1,1,1
2018220301233,3,9,0,2,6,0,0,0,0,0,1,1,5,1,73,10,1997,2,6,4,1,4
2018220301233,4,9,0,2,0,0,0,0,0,0,3,1,5,2,60,9,1968,2,6,8,3,8
2018220301271,1,9,0,18,0,8,5,0,1,1,1,1,5,2,69,10,1149,1,4,6,3,6
2018220301271,2,9,0,7,0,5,0,0,0,0,0,1,5,2,50,8,1499,2,-1,10,1,10
2018220301298,1,9,0,18,0,8,0,0,0,0,1,1,5,1,57,9,1973,1,17,3,1,3
2018220301298,2,9,0,18,0,8,0,0,0,0,1,1,5,2,23,5,1598,1,6,3,1,3
2018220301321,1,21,1,18,0,8,1,0,0,0,1,1,1,1,32,6,6692,2,9,7,1,7
2018220301321,2,9,0,3,0,8,0,10,1,0,2,1,2,2,26,6,1968,2,8,3,2,3
2018220301441,1,19,0,18,0,0,0,0,0,0,1,1,1,1,45,7,2298,2,7,8,1,8
2018220301552,1,9,0,17,0,0,0,0,0,0,1,1,6,3,34,6,2000,1,18,-1,-1,-1
2018220301552,2,9,0,17,0,0,0,0,0,0,3,1,5,1,43,7,1396,1,14,8,1,8
2018220301679,1,9,0,9,0,1,0,0,0,0,0,1,1,1,41,7,1995,2,1,4,1,4
2018220301679,2,9,0,18,0,1,2,0,1,10,1,1,2,1,52,8,1339,1,8,10,1,10
2018220301771,1,2,0,18,0,8,0,0,0,0,1,1,5,1,16,4,49,1,9,6,1,6
2018220301771,2,9,0,5,0,6,0,0,0,0,4,1,5,2,44,7,1591,1,2,5,3,5
2018220301785,1,9,0,17,0,8,0,0,0,0,3,1,5,1,62,9,1598,1,15,1,1,1
2018220301785,2,1,0,16,0,8,0,0,0,0,1,1,5,1,9,2,-1,-1,-1,4,1,4
2018220301797,1,9,0,7,0,6,0,0,0,0,1,1,5,1,66,10,1461,2,13,6,3,6
2018220301797,2,9,0,17,0,8,0,0,0,0,1,1,5,2,32,6,999,1,9,6,3,6
2018220301858,1,9,0,18,0,0,1,0,0,0,1,1,5,2,56,9,1461,2,7,6,3,6
2018220301858,2,9,0,4,0,0,0,0,0,0,1,1,5,1,47,8,-1,-1,-1,6,3,6
2018220302229,1,9,0,9,0,1,0,0,0,0,3,1,5,2,20,4,1229,1,4,5,1,5
2018220302229,2,9,0,18,0,1,0,0,0,0,1,1,5,1,21,5,1598,1,11,8,1,8
2018220302238,1,9,0,5,0,6,0,0,0,0,1,1,5,2,67,10,1398,2,6,2,1,2
2018220302238,2,1,0,17,0,1,0,0,0,0,4,1,6,2,73,10,-1,-1,-1,2,1,2
2018220302277,1,19,0,16,0,0,1,0,0,0,3,1,1,1,35,6,1870,2,15,1,1,1
2018220302277,2,9,0,17,0,0,0,0,0,0,3,1,5,1,62,9,1596,1,7,5,3,5
2018220302292,1,9,0,9,0,5,0,0,0,0,1,1,3,2,51,8,1395,8,1,8,1,8
2018220302292,2,1,0,18,0,1,0,0,1,0,2,1,6,1,35,6,-1,-1,-1,7,1,7
2018220302297,1,9,0,18,0,2,0,0,0,0,4,1,3,2,38,7,1910,2,11,2,1,2
2018220302299,1,9,0,13,0,8,0,0,7,10,1,1,5,1,52,8,1124,1,14,10,2,10
2018220302299,2,21,1,18,0,8,0,0,0,0,3,1,1,1,68,10,12902,2,6,6,2,6
2018220302299,3,9,0,18,0,8,1,0,1,10,1,1,5,1,32,6,2993,2,5,6,3,6
2018220302302,1,19,0,4,0,0,1,0,0,0,1,1,1,1,53,8,2464,2,11,-1,3,-1
2018220302302,2,9,0,3,0,0,0,0,0,0,2,1,5,1,59,9,1995,2,2,10,1,10
2018220302302,3,98,0,3,0,0,0,0,0,0,2,1,5,1,54,8,-1,-1,-1,7,3,7
2018220302312,1,9,0,18,0,0,0,0,0,0,3,1,6,1,53,8,1896,2,15,5,1,5
2018220302312,2,1,0,18,0,0,0,0,0,0,1,1,6,1,10,2,-1,-1,-1,2,1,2
2018220302315,1,9,0,18,0,1,0,0,0,0,1,1,1,1,29,6,1968,2,8,7,1,7
2018220302315,2,9,0,9,0,8,1,0,0,0,4,1,3,2,40,7,998,1,11,7,1,7
2018220302349,1,9,0,9,0,6,0,0,0,0,3,1,5,2,47,8,999,1,3,2,1,2
2018220302349,2,5,0,13,0,8,0,0,0,0,1,1,5,1,52,8,929,1,18,5,1,5
2018220302380,1,9,0,5,0,2,0,0,0,0,1,1,5,2,25,5,-1,-1,-1,-1,-1,-1
2018220302392,1,5,0,18,0,1,1,0,1,9,1,1,5,1,55,8,1450,1,16,10,1,10
2018220302403,1,3,0,18,0,1,0,0,0,0,1,1,5,1,20,4,124,1,4,-1,-1,-1
2018220302403,2,9,0,18,0,1,0,0,0,0,1,1,5,2,44,7,1686,2,7,4,1,4
2018220302403,3,9,0,7,0,6,0,0,0,0,3,1,5,2,78,11,1997,1,2,5,3,5
2018220302500,1,5,0,17,0,0,1,10,0,0,4,1,2,1,31,6,656,1,13,3,1,3
2018220302500,2,98,1,16,0,0,0,0,0,0,0,1,1,3,34,6,-1,-1,-1,-1,-1,-1
2018220302570,1,9,0,16,0,0,1,0,1,0,1,1,5,1,59,9,998,1,3,-1,-1,-1
2018220302570,2,21,1,17,0,0,1,0,0,0,1,1,1,1,35,6,12902,2,1,-1,-1,-1
2018220302584,1,9,0,18,0,8,0,0,0,0,1,1,6,1,34,6,1975,1,8,-1,-1,-1
2018220302584,2,9,0,3,0,8,0,0,0,0,2,1,5,2,29,6,1997,2,6,4,1,4
2018220302584,3,9,0,10,0,8,0,0,0,0,2,1,5,1,24,5,1598,1,12,5,1,5
2018220302624,1,1,0,18,0,0,0,0,1,0,4,1,5,1,31,6,-1,-1,-1,7,1,7
2018220302631,1,9,0,18,0,0,2,0,1,7,1,1,5,1,40,7,1248,2,4,3,2,3
2018220302648,1,9,0,1,0,6,0,0,0,0,2,1,5,1,71,10,1339,1,3,7,1,7
2018220302837,1,5,0,16,0,0,1,0,0,0,1,1,5,1,48,8,998,1,14,3,1,3