Accident_Index,Vehicle_Reference,Vehicle_Type,Towing_and_Articulation,Vehicle_Manoeuvre,Vehicle_Location-Restricted_Lane,Junction_Location,Skidding_and_Overturning,Hit_Object_in_Carriageway,Vehicle_Leaving_Carriageway,Hit_Object_off_Carriageway,1st_Point_of_Impact,Was_Vehicle_Left_Hand_Drive?,Journey_Purpose_of_Driver,Sex_of_Driver,Age_of_Driver,Age_Band_of_Driver,Engine_Capacity_(CC),Propulsion_Code,Age_of_Vehicle,Driver_IMD_Decile,Driver_Home_Area_Type,Vehicle_IMD_Decile
2018220302837,2,9,0,17,0,0,0,0,0,0,3,1,5,1,50,8,1248,1,5,5,3,5
2018220303090,1,98,1,9,0,5,0,0,0,0,1,1,1,1,45,7,-1,-1,-1,-1,-1,-1
2018220303090,2,9,0,18,0,8,0,0,0,0,1,1,1,1,57,9,-1,-1,-1,4,3,4
2018220303090,3,9,0,10,0,1,0,0,0,0,1,1,2,2,48,8,1598,1,12,3,1,3
2018220303171,1,9,0,18,0,0,0,0,0,0,1,1,5,1,18,4,1242,1,3,2,1,2
2018220303204,1,9,0,9,0,6,0,0,0,0,1,1,5,1,70,10,2184,2,16,6,3,6
2018220303204,2,9,0,16,0,8,0,0,0,0,1,1,1,2,20,4,1124,1,16,5,3,5
2018220303212,1,9,0,17,0,0,0,0,0,0,1,1,5,1,39,7,1199,1,18,1,1,1
2018220303212,2,11,0,16,0,0,0,0,0,0,1,1,1,1,72,10,11967,2,9,9,2,9
2018220303265,1,19,0,17,0,0,1,6,2,7,4,1,1,1,32,6,2143,2,2,5,1,5
2018220303265,2,9,0,16,0,0,0,0,0,0,0,1,6,3,34,6,-1,-1,-1,-1,-1,-1
2018220303284,1,9,0,18,0,0,0,4,0,0,1,1,5,1,44,7,1997,12,5,5,1,5
2018220303284,2,9,0,2,0,0,0,0,0,0,4,1,5,2,56,9,1461,2,3,7,1,7
2018220303284,3,9,0,2,0,0,0,0,0,0,2,1,5,2,22,5,1200,1,1,10,2,10
2018220303284,4,9,0,2,0,0,0,0,0,0,2,1,5,1,55,8,1598,1,19,2,1,2
2018220303284,5,9,0,2,0,0,0,0,0,0,3,1,5,2,55,8,1968,2,12,2,1,2
2018220303305,1,9,0,18,0,0,0,0,0,0,3,1,5,1,90,11,1998,2,10,7,1,7
2018220303305,2,90,0,18,0,0,0,0,0,0,3,1,5,2,38,7,1929,2,22,-1,3,-1
2018220303305,3,9,0,18,0,0,0,0,0,0,1,1,5,2,58,9,1598,1,4,4,3,4
2018220303312,1,9,0,16,0,0,0,0,7,10,1,1,5,2,65,9,1388,1,8,-1,3,-1
2018220303316,1,19,4,18,0,8,0,0,0,0,1,1,1,1,33,6,2143,2,2,8,1,8
2018220303316,2,9,0,4,0,1,0,0,3,10,3,1,5,1,84,11,5998,1,5,10,1,10
2018220303526,1,9,0,18,0,0,0,0,0,0,1,1,5,1,58,9,1285,1,-1,10,1,10
2018220303526,2,9,0,3,0,0,0,0,0,0,2,1,5,1,45,7,1999,2,-1,4,3,4
2018220303572,1,9,0,1,0,0,0,0,0,0,2,1,5,1,18,4,1242,1,10,5,3,5
2018220303655,1,9,0,3,0,1,0,0,0,0,2,1,5,1,41,7,1398,2,9,9,2,9
2018220303655,2,9,0,18,0,1,0,0,0,0,1,1,5,1,18,4,1896,2,11,6,3,6
2018220303672,1,9,0,18,0,8,0,0,0,0,1,1,5,2,69,10,1395,1,2,8,1,8
2018220303672,2,9,0,18,0,8,0,0,0,0,1,1,5,1,60,9,1591,1,7,4,2,4
2018220303686,1,9,0,9,0,5,0,0,0,0,3,1,2,2,51,8,1422,2,9,8,3,8
2018220303691,1,9,0,13,0,1,0,0,0,0,1,1,5,3,30,6,-1,-1,-1,-1,-1,-1
2018220303691,2,9,0,9,0,5,0,0,0,0,3,1,5,1,39,7,1061,1,13,1,1,1
2018220303696,1,9,0,13,0,0,5,0,7,10,1,1,2,1,44,7,1461,2,8,-1,2,-1
2018220303696,2,9,0,18,0,0,0,0,0,0,0,1,2,2,61,9,1242,1,4,-1,3,-1
2018220303715,1,9,0,5,0,6,0,0,0,0,1,1,5,1,28,6,1995,2,8,6,1,6
2018220303715,2,9,0,18,0,1,0,0,0,0,4,1,6,1,33,6,1598,2,1,2,1,2
2018220303843,1,9,0,10,0,8,0,0,0,0,2,1,2,2,31,6,1398,1,5,2,1,2
2018220303843,2,9,0,3,0,1,0,0,0,0,2,1,2,1,30,6,1796,1,15,3,1,3
2018220303843,3,9,0,18,0,1,0,0,0,0,1,1,2,1,22,5,1197,1,3,6,1,6
2018220303891,1,9,0,18,0,0,0,0,0,0,3,1,5,1,67,10,998,1,7,-1,1,-1
2018220303891,2,9,0,18,0,0,0,0,2,0,3,1,5,1,71,10,1910,2,13,4,2,4
2018220303918,1,21,1,17,0,0,0,0,0,0,1,1,1,1,37,7,10677,2,3,7,1,7
2018220303918,2,9,0,16,0,0,1,0,0,0,2,1,5,1,70,10,1364,1,2,5,1,5
2018220303918,3,19,0,16,0,0,1,0,0,0,1,1,1,1,41,7,1995,2,1,4,1,4
2018220303918,4,20,0,16,0,0,1,0,0,0,1,1,1,1,50,8,5132,2,3,4,1,4
2018220303940,1,9,0,18,0,8,0,0,0,0,3,1,5,1,75,10,1560,2,4,8,1,8
2018220303940,2,1,0,9,0,4,0,0,0,0,1,1,6,1,24,5,-1,-1,-1,5,1,5
2018220303964,1,11,0,18,0,0,0,0,0,0,0,1,1,1,-1,-1,6690,2,2,4,1,4
2018220303970,1,19,0,18,0,0,2,10,2,11,4,1,2,1,62,9,2402,2,10,6,1,6
2018220303999,1,9,0,18,0,0,1,0,4,6,1,1,5,2,18,4,1198,1,11,10,1,10
2018220304007,1,9,0,6,0,0,0,0,0,0,3,1,5,1,52,8,1910,2,12,-1,3,-1
2018220304007,2,5,0,14,0,0,0,0,0,0,1,1,5,1,65,9,599,1,9,1,1,1
2018220304021,1,5,0,18,0,0,0,0,0,0,4,1,5,1,29,6,599,1,19,2,1,2
2018220304463,1,9,0,7,0,5,0,0,0,0,0,1,6,1,34,6,1595,1,13,-1,-1,-1
2018220304463,2,1,0,18,0,8,0,0,0,0,4,1,5,1,72,10,-1,-1,-1,7,1,7
2018220304492,1,9,0,18,0,8,0,0,0,0,3,1,6,1,27,6,998,1,15,2,1,2
2018220304492,2,9,0,18,0,8,0,0,0,0,4,1,6,1,44,7,1968,2,5,7,1,7
2018220304553,1,9,0,18,0,0,1,0,0,0,1,1,5,2,50,8,1968,2,3,10,1,10
2018220304553,2,9,0,18,0,0,1,0,0,0,1,1,5,1,70,10,-1,-1,-1,9,1,9
2018220304553,3,9,0,18,0,0,1,0,0,0,1,1,5,1,28,6,1686,2,13,1,1,1
2018220304553,4,9,0,4,0,0,1,0,0,0,2,1,5,2,64,9,1598,2,6,4,1,4
2018220304553,5,9,0,4,0,0,0,0,0,0,2,1,5,1,61,9,1997,2,15,4,3,4
2018220304723,1,9,0,9,0,5,0,0,0,0,1,1,6,2,48,8,-1,-1,-1,5,3,5
2018220304723,2,1,0,18,0,8,1,0,0,0,2,1,5,1,54,8,-1,-1,-1,8,2,8
2018220304740,1,9,0,18,0,0,0,0,0,0,1,1,2,2,41,7,1999,2,-1,1,1,1
2018220304740,2,9,0,3,0,0,0,0,0,0,2,1,1,2,32,6,1598,1,5,2,1,2
2018220304740,3,9,0,3,0,0,0,0,0,0,2,1,1,1,59,9,2993,2,2,10,1,10
2018220304763,1,9,0,18,0,0,0,0,0,0,1,1,6,2,18,4,1229,1,5,5,1,5
2018220304763,2,9,0,3,0,0,0,0,0,0,2,1,6,2,49,8,1560,2,4,5,1,5
2018220304792,1,9,0,9,0,5,0,0,0,0,4,1,5,1,81,11,998,1,3,8,3,8
2018220304792,2,9,0,18,0,8,0,4,1,11,1,1,1,1,51,8,2993,2,1,3,1,3
2018220304792,3,9,0,18,0,8,0,0,0,0,1,1,5,1,75,10,2231,2,9,4,1,4
2018220304792,4,9,0,2,0,2,0,0,0,0,3,1,5,1,39,7,1560,2,4,6,-1,6
2018220305052,1,9,0,13,0,0,0,0,0,0,1,1,5,1,51,8,2179,2,17,4,2,4
2018220305052,2,5,0,18,0,0,1,0,1,7,1,1,6,1,63,9,647,1,22,-1,3,-1
2018220305052,3,17,4,18,0,0,0,0,0,0,3,1,1,1,19,4,-1,2,5,8,3,8
2018220305272,1,9,0,18,0,0,0,0,0,0,1,1,6,3,34,6,-1,-1,-1,-1,-1,-1
2018220305293,1,9,0,18,0,0,0,0,0,0,1,1,2,1,39,7,1968,2,8,7,1,7
2018220305293,2,21,1,18,0,0,0,0,0,0,2,1,1,1,63,9,10837,2,1,8,1,8
2018220305309,1,9,0,18,0,2,0,0,0,0,1,1,6,2,25,5,1997,1,14,5,1,5
2018220305309,2,9,0,4,0,2,0,0,0,0,2,1,5,1,54,8,1796,1,13,5,1,5
2018220305346,1,9,0,18,0,0,0,0,0,0,4,1,5,2,36,7,1364,1,11,1,1,1
2018220305392,1,9,0,18,0,0,0,0,0,0,1,1,6,1,83,11,1398,1,6,5,3,5
2018220305392,2,90,0,3,0,0,0,0,0,0,2,1,1,1,32,6,-1,-1,-1,-1,3,-1
2018220305406,1,9,0,3,0,1,0,0,0,0,2,1,6,2,21,5,1242,1,9,5,1,5
2018220305406,2,9,0,18,0,1,0,0,0,0,1,1,6,1,25,5,1685,2,1,3,1,3
2018220305408,1,9,0,13,0,0,1,0,1,0,1,1,5,1,30,6,1968,2,9,2,1,2
2018220305408,2,9,0,18,0,0,1,0,1,0,1,1,5,1,33,6,1299,1,15,5,3,5
2018220305408,3,9,0,18,0,0,0,0,1,0,0,1,5,1,20,4,2179,2,3,5,3,5
2018220305429,1,9,0,18,0,1,0,0,0,0,1,1,5,2,56,9,1229,1,6,3,1,3
2018220305429,2,1,0,18,0,1,0,0,0,0,3,1,5,1,14,3,-1,-1,-1,6,1,6
2018220305490,1,9,0,5,0,6,0,0,0,0,1,1,6,1,21,5,1896,2,11,5,3,5
2018220305514,1,9,0,18,0,0,0,0,0,0,1,1,5,1,22,5,1596,1,13,9,2,9
2018220305514,2,9,0,18,0,0,0,0,0,0,1,1,5,1,75,10,1587,1,11,5,1,5
2018220305561,1,1,0,9,0,6,0,0,0,0,2,1,5,1,41,7,-1,-1,-1,5,3,5
2018220305561,2,4,0,18,0,8,0,0,0,0,1,1,5,1,53,8,278,1,1,6,1,6
2018220305616,1,3,0,18,0,0,1,0,7,11,3,1,5,1,18,4,124,1,7,7,3,7
2018220305774,1,9,0,18,0,0,0,4,1,11,1,1,2,1,38,7,1388,1,11,2,1,2
2018220305774,2,9,0,2,0,0,0,0,0,0,2,1,6,3,34,6,1686,2,8,-1,-1,-1
2018220305800,1,5,0,16,0,0,0,0,1,0,4,1,5,1,23,5,1130,1,18,4,3,4
2018220305817,1,9,0,14,0,0,0,0,0,0,1,1,6,1,57,9,1364,1,7,-1,2,-1
2018220305827,1,9,0,17,0,0,0,11,0,0,1,1,5,1,21,5,-1,-1,-1,6,3,6
2018220305827,2,9,0,16,0,0,0,0,0,0,0,1,5,1,55,8,2393,2,2,5,3,5
2018220306038,1,5,0,18,0,8,1,0,0,0,1,1,5,1,44,7,998,2,14,4,1,4
2018220306038,2,9,0,9,0,5,0,0,0,0,4,1,5,2,47,8,1197,1,1,9,1,9
2018220306086,1,9,0,4,0,1,0,0,0,0,2,1,5,1,47,8,1984,1,1,6,1,6
2018220306086,2,9,0,4,0,1,0,0,0,0,1,1,5,2,56,9,1997,2,8,7,2,7
2018220306086,3,8,0,4,0,1,0,0,0,0,1,1,1,1,48,8,2499,2,8,7,1,7
2018220306089,1,9,0,6,0,0,0,0,0,0,3,1,5,1,61,9,2495,2,18,6,3,6
2018220306089,2,5,0,18,0,0,0,0,0,0,1,1,5,1,45,7,998,1,19,6,3,6
2018220306099,1,8,0,2,0,0,0,0,0,0,2,1,1,1,65,9,1582,2,3,6,1,6
2018220306099,2,9,0,18,0,0,0,4,0,0,1,1,5,1,81,11,1298,1,18,8,1,8
2018220306105,1,19,0,9,0,6,0,0,0,0,3,1,6,1,21,5,1560,2,4,1,1,1
2018220306105,2,8,0,18,0,8,0,0,0,0,1,1,1,1,25,5,1149,1,9,8,1,8
2018220306130,1,9,0,18,0,8,0,0,0,0,4,1,5,1,37,7,796,1,9,-1,2,-1
2018220306130,2,9,0,9,0,6,0,0,0,0,1,1,5,1,89,11,1360,1,15,-1,1,-1
2018220306142,1,9,0,12,0,7,0,0,0,0,2,1,5,2,70,10,1598,1,4,2,1,2
2018220306142,2,5,0,18,0,8,0,0,0,0,1,1,2,1,42,7,798,1,8,7,1,7
2018220306151,1,9,0,18,0,0,0,0,0,0,3,1,2,2,22,5,1242,1,5,6,1,6
2018220306186,1,9,0,5,0,6,0,0,0,0,3,1,5,1,35,6,1598,1,12,8,3,8
2018220306186,2,3,0,14,0,8,0,0,0,0,1,1,5,2,28,6,689,1,1,6,1,6
2018220306215,1,9,0,13,0,1,0,0,7,11,1,1,2,1,30,6,1896,2,12,1,1,1
2018220306215,2,9,0,9,0,5,0,0,7,0,3,1,2,1,36,7,1363,2,14,9,2,9
2018220306553,1,9,0,16,0,0,1,0,0,0,3,1,6,1,31,6,-1,-1,-1,4,2,4
2018220306553,2,9,0,17,0,0,0,0,0,0,1,1,1,1,56,9,-1,-1,-1,4,1,4
2018220306586,1,1,0,18,0,6,0,0,0,0,1,1,4,2,11,3,-1,-1,-1,8,3,8
2018220306586,2,19,0,18,0,8,1,0,0,0,4,1,1,1,24,5,2402,2,6,-1,-1,-1
2018220306590,1,9,0,7,0,7,5,0,5,6,1,1,5,1,29,6,2143,2,2,-1,1,-1
2018220306590,2,98,1,18,0,8,0,0,0,0,1,1,1,1,60,9,-1,-1,-1,-1,-1,-1
2018220306601,1,9,0,5,0,6,0,0,0,0,4,1,2,1,53,8,3226,2,17,7,3,7
2018220306601,2,9,0,18,0,8,0,0,0,0,1,1,3,2,43,7,1229,1,10,8,1,8
2018220306638,1,9,0,9,0,6,0,0,0,0,1,1,5,1,63,9,3596,1,11,4,3,4
2018220306638,2,5,0,9,0,5,0,0,0,0,3,1,5,1,52,8,798,1,-1,9,3,9
2018220306646,1,9,0,4,0,8,0,0,0,0,1,1,1,2,49,8,1991,2,13,1,1,1
2018220306646,2,9,0,4,0,8,1,0,0,0,1,1,1,1,24,5,1400,1,13,6,3,6
2018220306646,3,9,0,3,0,8,0,0,0,0,2,1,1,1,38,7,1590,1,16,1,1,1
2018220306646,4,9,0,10,0,8,0,0,0,0,2,1,1,2,54,8,1388,1,6,7,3,7
2018220306683,1,9,0,18,0,0,5,4,0,0,1,1,5,1,35,6,1229,1,3,5,3,5
2018220306683,2,9,0,2,0,0,0,0,0,0,1,1,5,2,35,6,-1,-1,-1,9,2,9
2018220306683,3,9,0,2,0,0,0,0,0,0,1,1,5,2,39,7,1986,2,13,3,1,3
2018220306694,1,9,0,17,0,0,0,0,0,0,1,1,5,1,21,5,1395,1,2,-1,1,-1
2018220306694,2,9,0,16,0,0,0,0,0,0,1,1,1,1,52,8,1686,2,8,3,1,3
2018220306695,1,3,0,18,0,8,0,0,7,0,4,1,5,1,25,5,125,1,1,8,1,8
2018220306695,2,9,0,9,0,6,0,0,0,0,1,1,5,2,28,6,1360,1,7,10,1,10
2018220306717,1,9,0,16,0,0,2,0,1,3,4,1,5,1,28,6,1998,1,13,-1,-1,-1
2018220306729,1,9,0,9,0,6,0,0,0,0,3,1,5,1,85,11,1497,8,2,-1,3,-1
2018220306729,2,9,0,18,0,8,0,0,0,0,1,1,5,2,23,5,-1,-1,-1,-1,3,-1
2018220306859,1,9,0,18,0,6,0,0,1,10,1,1,5,2,76,11,-1,-1,-1,5,3,5
2018220306859,2,9,0,18,0,8,0,0,0,0,1,1,2,2,48,8,1461,2,7,5,3,5
2018220306859,3,9,0,18,0,8,0,0,0,0,3,1,2,2,53,8,999,1,4,5,3,5
2018220306879,1,9,0,18,0,8,0,0,2,0,1,1,2,1,30,6,1461,2,11,7,2,7
2018220306879,2,9,0,9,0,5,0,0,2,10,4,1,2,2,53,8,1461,2,6,2,1,2
2018220306959,1,9,0,18,0,0,2,0,0,0,3,1,5,1,25,5,1598,2,7,5,2,5
2018220306959,2,9,0,18,0,0,0,0,0,0,3,1,5,1,66,10,1968,2,12,5,3,5
2018220306968,1,9,0,7,0,3,5,0,0,0,4,1,1,1,29,6,-1,-1,-1,8,1,8
2018220306968,2,98,1,18,0,8,0,0,0,0,1,1,1,1,50,8,-1,-1,-1,-1,-1,-1
2018220306998,1,9,0,13,0,0,1,0,0,0,1,1,5,2,52,8,1968,2,8,6,3,6
2018220306998,2,9,0,18,0,0,2,0,1,0,1,1,5,1,75,10,1339,1,12,6,3,6
2018220306998,3,21,1,18,0,0,0,0,0,0,3,1,1,1,38,7,6692,2,8,7,3,7
2018220307026,1,9,0,7,0,6,0,0,0,0,1,1,5,2,82,11,1490,1,9,4,1,4
2018220307026,2,9,0,18,0,8,0,0,0,0,4,1,5,1,39,7,1796,1,12,5,1,5
2018220307056,1,9,0,16,0,0,0,6,0,0,4,1,2,2,19,4,1242,1,9,5,3,5
2018220307056,2,19,0,17,0,0,0,0,0,0,1,1,5,1,46,8,1868,2,12,5,1,5
2018220307073,1,9,0,9,0,5,0,0,0,0,1,1,5,2,20,4,1598,1,13,3,2,3
2018220307073,2,9,0,18,0,8,0,0,0,0,1,1,5,2,45,7,1796,1,14,7,2,7
2018220307080,1,9,0,18,0,0,0,7,0,0,1,1,5,1,86,11,1360,1,17,4,3,4
2018220307086,1,9,0,6,0,1,0,0,7,11,2,1,5,1,86,11,1560,2,7,6,3,6
2018220307105,1,9,0,17,0,0,0,0,1,10,1,1,5,1,34,6,-1,-1,-1,5,1,5
2018220307195,1,4,0,17,0,0,0,0,0,0,1,1,5,1,87,11,243,1,38,9,1,9
2018220307324,1,9,0,9,0,5,0,4,0,0,1,1,5,1,24,5,1396,1,8,9,1,9
2018220307324,2,9,0,2,0,2,0,0,0,0,3,1,5,1,38,7,1197,1,4,7,1,7
2018220307324,3,9,0,2,0,2,0,0,0,0,3,1,5,2,75,10,1560,2,9,7,1,7
2018220307342,1,9,0,17,0,8,0,10,1,10,1,1,5,2,18,4,1242,1,8,9,1,9
2018220307392,1,9,0,17,0,0,0,0,0,0,1,1,5,1,23,5,1229,1,4,6,3,6
2018220307392,2,9,0,16,0,0,0,0,0,0,1,1,5,2,61,9,1422,2,3,4,3,4
2018220307587,1,9,0,18,0,0,1,0,1,10,1,1,5,1,17,4,998,1,3,7,3,7
2018220307608,1,9,0,18,0,8,0,0,0,0,4,1,2,1,33,6,1956,2,3,4,1,4
2018220307608,2,9,0,9,0,6,0,0,0,0,1,1,5,2,30,6,1591,1,8,6,3,6
2018220307704,1,9,0,16,0,0,0,0,0,0,3,1,2,1,41,7,2143,2,4,7,3,7
2018220307704,2,9,0,17,0,0,0,0,0,0,3,1,2,1,50,8,1560,2,4,5,3,5
2018220307704,3,9,0,16,0,0,0,0,0,0,1,1,2,2,25,5,1248,2,10,7,1,7
2018220307704,4,9,0,16,0,0,0,0,0,0,1,1,2,1,21,5,1995,2,9,7,3,7
2018220307764,1,9,0,5,0,4,0,0,0,0,1,1,5,2,35,6,1587,1,12,5,2,5
2018220307764,2,9,0,9,0,8,0,0,0,0,1,1,6,1,45,7,2496,2,14,-1,-1,-1
2018220307815,1,9,0,4,0,0,0,0,0,0,1,1,6,2,35,6,1968,2,5,9,1,9
2018220307815,2,9,0,4,0,0,0,0,0,0,2,1,5,2,35,6,1956,2,5,4,1,4
2018220307815,3,19,0,4,0,0,0,0,4,6,1,1,1,1,29,6,2143,2,5,6,2,6
2018220307825,1,5,0,13,0,0,0,0,7,0,4,1,5,1,52,8,1000,1,2,2,1,2
2018220307825,2,9,0,18,0,0,0,0,0,0,3,1,5,1,45,7,1461,2,9,8,1,8
2018220307920,1,9,0,9,0,5,0,0,0,0,1,1,2,1,30,6,1199,1,14,8,1,8
2018220307920,2,1,0,4,0,1,0,0,0,0,1,1,2,1,29,6,-1,-1,-1,5,1,5
2018220307961,1,9,0,18,0,0,0,0,0,0,1,1,2,2,49,8,1596,1,14,6,1,6
2018220307969,1,3,0,18,0,0,1,0,0,0,3,1,5,1,22,5,125,1,3,5,1,5
2018220308099,1,19,0,12,0,0,2,0,6,6,1,1,1,1,42,7,1995,2,7,6,1,6
2018220308099,2,9,0,18,0,0,0,0,0,0,4,1,2,1,39,7,1999,1,9,8,1,8
2018220308099,3,9,0,18,0,0,0,0,0,0,1,1,5,1,66,10,1598,2,4,7,1,7
2018220308121,1,9,0,13,0,0,0,0,0,0,0,1,6,3,36,7,2494,1,15,3,1,3
2018220308121,2,16,0,18,0,0,0,0,1,0,4,1,5,2,19,4,-1,-1,-1,9,1,9
2018220308121,3,16,0,18,0,0,0,0,0,0,0,1,5,1,21,5,-1,-1,-1,6,3,6
2018220308137,1,9,0,5,0,6,0,0,0,0,1,1,2,1,63,9,1685,2,5,8,2,8
2018220308137,2,9,0,18,0,8,0,0,7,2,1,1,2,1,46,8,2495,1,15,3,1,3
2018220308172,1,9,0,13,0,0,1,0,0,0,1,1,6,1,22,5,1956,2,6,6,1,6
2018220308172,2,9,0,13,0,0,1,0,0,0,2,1,6,1,51,8,2979,1,1,8,3,8
2018220308172,3,9,0,18,0,0,1,0,0,0,2,1,6,2,81,11,1596,1,12,6,1,6
2018220308179,1,9,0,7,0,3,0,0,0,0,3,1,5,2,47,8,1388,1,15,10,1,10
2018220308179,2,9,0,11,0,8,0,0,0,0,4,1,6,3,34,6,-1,-1,-1,-1,-1,-1
2018220308225,1,9,0,16,0,0,0,0,7,4,1,1,5,1,17,4,1398,1,4,1,1,1
2018220308244,1,9,0,18,0,0,1,0,0,0,4,1,5,2,66,10,1830,1,25,6,2,6
2018220308244,2,19,0,18,0,0,0,0,0,0,3,1,1,1,37,7,2967,2,-1,7,3,7
2018220308244,3,9,0,18,0,0,1,0,0,0,3,1,5,1,75,10,-1,-1,-1,8,1,8
2018220308244,4,11,0,18,0,0,0,0,0,0,3,1,1,1,49,8,-1,-1,-1,8,1,8
2018220308250,1,9,0,17,0,0,0,4,0,0,1,1,2,2,19,4,-1,-1,-1,8,3,8
2018220308250,2,9,0,2,0,0,0,0,0,0,3,1,5,2,54,8,1968,2,7,6,3,6
2018220308590,1,9,0,18,0,0,0,4,1,1,1,1,5,1,38,7,2143,2,7,1,1,1
2018220308590,2,9,0,2,0,0,0,0,1,0,3,1,6,3,34,6,1198,1,3,-1,-1,-1
2018220308616,1,19,0,18,0,4,0,0,0,0,1,1,5,1,48,8,1995,2,5,4,1,4
2018220308616,2,9,0,3,0,1,0,0,0,0,2,1,6,2,28,6,1596,1,14,4,1,4
2018220308672,1,9,0,5,0,6,0,0,0,0,1,1,5,1,22,5,1149,1,7,10,1,10
2018220308672,2,9,0,18,0,8,0,0,0,0,1,1,5,2,68,10,1997,2,17,2,1,2
2018220308674,1,9,0,9,0,6,0,0,0,0,1,1,5,2,24,5,1242,1,2,9,1,9
2018220308674,2,9,0,18,0,8,0,0,0,0,4,1,6,1,43,7,1796,1,11,8,1,8
2018220308696,1,98,0,9,0,5,0,0,0,0,4,1,2,1,55,8,-1,-1,-1,8,1,8
2018220308696,2,5,0,17,0,8,0,0,8,10,1,1,2,1,27,6,898,1,3,7,1,7
2018220308709,1,9,0,5,0,0,0,0,0,0,3,1,5,1,43,7,-1,-1,-1,4,2,4
2018220308744,1,9,0,18,0,0,0,0,0,0,1,1,5,1,36,7,1896,2,17,9,2,9
2018220308744,2,9,0,13,0,0,0,0,0,0,2,1,5,1,24,5,2995,1,1,5,1,5
2018220308763,1,5,0,13,0,8,1,0,0,0,1,1,5,1,58,9,1084,1,25,2,1,2
2018220308763,2,9,0,9,0,5,0,0,1,0,3,1,5,2,82,11,-1,-1,-1,7,3,7
2018220308825,1,9,0,4,7,0,0,4,0,0,1,1,6,2,46,8,1998,1,10,5,2,5
2018220308825,2,9,0,2,6,0,0,0,0,0,2,1,3,2,44,7,-1,-1,-1,7,3,7
2018220308920,1,17,0,17,0,0,0,0,0,0,3,1,1,1,51,8,-1,-1,-1,-1,3,-1
2018220308920,2,9,0,16,0,0,0,10,0,0,3,1,1,2,20,4,1598,2,6,6,3,6
2018220308920,3,9,0,16,0,0,0,10,0,0,3,1,1,2,33,6,1560,2,6,10,1,10
2018220309005,1,9,0,1,0,1,0,0,0,0,2,1,5,2,24,5,1598,2,1,5,1,5
2018220309019,1,9,0,9,0,6,0,0,0,0,1,1,2,2,19,4,998,1,6,5,-1,5
2018220309019,2,9,0,18,0,8,0,0,0,0,4,1,6,2,70,10,2998,1,-1,3,1,3
2018220309021,1,9,0,18,0,1,0,0,0,0,4,1,5,2,23,5,998,1,3,8,1,8
2018220309034,1,9,0,18,0,8,0,0,0,0,1,1,5,2,77,11,1995,2,2,10,1,10
2018220309034,2,1,0,18,0,6,0,0,0,0,1,1,4,1,12,3,-1,-1,-1,4,1,4
2018220309064,1,9,0,4,0,6,1,0,3,10,1,1,5,1,86,11,1584,1,13,6,3,6
2018220309065,1,17,0,1,0,5,0,0,0,0,0,1,1,1,17,4,-1,-1,-1,5,3,5
2018220309065,2,1,0,4,0,8,0,0,0,0,1,1,5,1,60,9,-1,-1,-1,-1,-1,-1
2018220309065,3,1,0,4,0,8,0,0,0,0,2,1,5,1,65,9,-1,-1,-1,5,3,5
2018220309066,1,9,0,5,0,6,0,10,3,10,1,1,5,2,23,5,1360,1,14,-1,-1,-1
2018220309084,1,9,0,14,0,8,0,0,0,0,4,1,6,1,34,6,-1,-1,-1,-1,-1,-1
2018220309084,2,1,0,10,0,8,0,0,0,0,3,1,5,1,51,8,-1,-1,-1,2,1,2
2018220309093,1,9,0,13,0,0,0,0,0,0,1,1,5,2,55,8,1197,1,4,4,1,4
2018220309093,2,9,0,4,0,0,0,0,0,0,2,1,5,2,62,9,1499,8,1,6,3,6
2018220309095,1,9,0,18,0,1,0,0,0,0,1,1,5,2,31,6,1598,2,1,6,1,6
2018220309095,2,9,0,3,0,1,0,0,0,0,2,1,5,1,21,5,1991,1,-1,9,1,9
2018220309104,1,19,0,16,0,0,0,0,0,0,1,1,1,1,28,6,1997,2,-1,2,1,2
2018220309104,2,9,0,17,0,0,0,0,0,0,1,1,5,2,39,7,1997,2,10,8,1,8
2018220309104,3,9,0,16,0,0,0,0,0,0,1,1,5,2,38,7,1870,2,7,3,1,3
2018220309107,1,3,0,14,0,0,0,0,0,0,1,1,5,1,17,4,125,1,8,4,1,4
2018220309107,2,9,0,5,0,0,0,0,0,0,1,1,5,1,36,7,1997,2,13,5,1,5
2018220309117,1,19,0,1,9,1,0,0,0,0,2,1,1,1,43,7,2143,2,4,5,1,5
2018220309117,2,22,0,18,9,2,0,0,0,0,3,1,5,1,50,8,-1,-1,-1,8,1,8
2018220309139,1,9,0,9,0,6,0,0,1,11,1,1,5,1,51,8,-1,-1,-1,2,1,2
2018220309139,2,9,0,18,0,8,2,0,0,0,1,1,6,1,59,9,1968,2,9,4,1,4
2018220309192,1,3,0,9,0,6,0,0,0,0,1,1,5,1,35,6,125,1,14,6,1,6
2018220309192,2,9,0,5,0,6,0,0,0,0,1,1,5,1,57,9,1799,1,10,3,1,3
2018220309268,1,9,0,18,0,8,0,0,0,0,1,1,5,2,51,8,1242,1,4,6,1,6
2018220309268,2,9,0,9,0,6,0,0,0,0,3,1,6,2,27,6,1396,1,16,8,1,8