Accident_Index,Vehicle_Reference,Vehicle_Type,Towing_and_Articulation,Vehicle_Manoeuvre,Vehicle_Location-Restricted_Lane,Junction_Location,Skidding_and_Overturning,Hit_Object_in_Carriageway,Vehicle_Leaving_Carriageway,Hit_Object_off_Carriageway,1st_Point_of_Impact,Was_Vehicle_Left_Hand_Drive?,Journey_Purpose_of_Driver,Sex_of_Driver,Age_of_Driver,Age_Band_of_Driver,Engine_Capacity_(CC),Propulsion_Code,Age_of_Vehicle,Driver_IMD_Decile,Driver_Home_Area_Type,Vehicle_IMD_Decile
2018220309327,1,9,0,9,0,6,0,0,0,0,1,1,5,1,61,9,-1,-1,-1,3,1,3
2018220309327,2,9,0,17,0,8,0,0,0,0,4,1,6,2,34,6,1968,2,11,2,1,2
2018220309387,1,9,0,17,0,8,1,4,0,0,1,1,1,1,35,6,-1,-1,-1,4,1,4
2018220309387,2,9,0,2,0,8,0,0,0,0,2,1,5,2,46,8,1242,1,13,7,3,7
2018220309387,3,9,0,2,0,8,0,0,0,0,2,1,1,1,58,9,-1,-1,-1,4,1,4
2018220309472,1,5,0,4,0,1,1,0,1,2,3,1,5,1,41,7,1198,1,5,4,1,4
2018220309675,1,9,0,18,0,2,0,0,0,0,1,1,5,2,79,11,1390,1,7,7,2,7
2018220309675,2,9,0,13,0,1,0,0,0,0,3,1,5,1,30,6,1994,1,15,5,1,5
2018220309675,3,9,0,12,0,1,0,0,0,0,1,1,5,1,62,9,1991,2,10,7,3,7
2018220309703,1,3,0,17,0,0,0,0,1,11,1,1,5,1,17,4,124,1,9,4,3,4
2018220309739,1,9,0,4,0,0,0,0,0,0,2,1,2,2,51,8,998,1,5,8,3,8
2018220309739,2,9,0,18,0,0,0,0,0,0,1,1,2,1,29,6,1598,1,3,9,1,9
2018220309739,3,9,0,18,0,0,0,0,0,0,1,1,2,1,43,7,1896,2,16,6,1,6
2018220309758,1,9,0,16,0,0,0,0,7,10,1,1,6,1,81,11,1199,1,15,5,1,5
2018220309758,2,9,0,17,0,0,0,0,1,10,1,1,5,1,37,7,-1,-1,-1,10,2,10
2018220309763,1,9,0,9,0,6,0,0,0,0,4,1,5,1,56,9,2993,2,2,9,1,9
2018220309763,2,9,0,18,0,8,0,0,0,0,3,1,5,2,72,10,2793,1,21,7,1,7
2018220309959,1,9,0,16,0,0,1,0,7,4,1,1,1,2,38,7,1498,1,9,3,1,3
2018220309987,1,9,0,6,0,0,0,0,0,0,3,1,5,1,50,8,1997,2,15,-1,3,-1
2018220309987,2,5,0,13,0,0,0,0,0,0,1,1,5,1,56,9,800,1,1,7,3,7
2018220310000,1,1,0,18,0,0,0,10,1,0,2,1,5,2,18,4,-1,-1,-1,10,1,10
2018220310000,2,9,0,13,0,0,0,0,0,0,1,1,6,3,34,6,-1,-1,-1,-1,-1,-1
2018220310005,1,9,0,9,0,5,0,0,0,0,4,1,5,1,20,4,1364,1,2,10,2,10
2018220310005,2,5,0,18,0,8,0,0,0,0,1,1,5,1,37,7,599,1,15,5,1,5
2018220310012,1,1,0,18,0,1,0,10,0,0,1,1,5,1,70,10,-1,-1,-1,3,1,3
2018220310012,2,90,1,9,0,6,0,0,0,0,0,1,1,1,61,9,-1,-1,-1,5,1,5
2018220310013,1,9,0,14,0,1,0,0,0,0,1,1,5,2,19,4,1242,1,12,5,3,5
2018220310023,1,9,0,3,0,1,0,0,0,0,2,1,1,2,37,7,1396,1,9,2,1,2
2018220310023,2,9,0,4,0,1,0,0,0,0,2,1,6,1,78,11,1598,1,12,2,1,2
2018220310028,1,17,4,2,0,8,0,0,0,0,4,1,1,1,53,8,-1,2,9,8,2,8
2018220310028,2,9,0,18,0,8,0,4,1,11,1,1,5,1,89,11,1590,1,17,5,3,5
2018220310039,1,9,0,4,0,1,0,0,0,0,4,1,5,1,90,11,1991,1,24,3,1,3
2018220310236,1,9,0,12,0,8,0,0,0,0,3,1,5,1,29,6,2183,2,9,1,1,1
2018220310236,2,9,0,18,0,8,0,0,0,0,1,1,5,1,24,5,1896,2,16,5,1,5
2018220310308,1,9,0,9,0,5,0,0,0,0,4,1,2,1,57,9,2231,2,4,4,1,4
2018220310308,2,9,0,18,0,8,0,0,0,0,1,1,5,1,78,11,1339,1,4,6,1,6
2018220310308,3,9,0,8,0,1,0,0,0,0,3,1,5,2,33,6,1968,2,10,9,1,9
2018220310309,1,9,0,18,0,0,0,0,7,11,1,1,5,1,63,9,1582,2,7,-1,3,-1
2018220310317,1,9,0,2,0,0,0,0,0,0,3,1,5,1,84,11,-1,-1,-1,6,1,6
2018220310317,2,21,1,14,0,0,0,4,0,0,4,1,1,1,60,9,10677,2,2,7,2,7
2018220310318,1,9,0,13,0,0,2,0,7,10,1,1,5,1,30,6,1990,1,25,1,1,1
2018220310329,1,9,0,18,0,8,0,0,0,0,2,1,2,2,48,8,1598,1,14,4,1,4
2018220310329,2,9,0,18,0,8,0,0,0,0,1,1,6,1,34,6,-1,-1,-1,-1,-1,-1
2018220310352,1,9,0,9,0,5,0,0,0,0,4,1,5,2,25,5,1229,1,7,6,3,6
2018220310352,2,3,0,18,0,8,1,0,0,0,1,1,5,1,17,4,124,1,2,4,2,4
2018220310357,1,9,0,18,0,1,0,10,0,0,4,1,5,1,19,4,1364,1,10,2,1,2
2018220310361,1,9,0,9,0,5,0,0,0,0,4,1,5,2,74,10,1399,1,-1,8,1,8
2018220310361,2,1,0,18,0,8,0,0,0,0,1,1,5,1,38,7,-1,-1,-1,8,3,8
2018220310364,1,4,0,3,0,0,0,0,0,0,2,1,5,1,53,8,186,1,55,7,3,7
2018220310364,2,9,0,4,0,0,0,0,0,0,1,1,6,3,34,6,-1,-1,-1,-1,-1,-1
2018220310385,1,9,0,17,0,8,0,0,0,0,1,1,5,1,81,11,1197,1,3,10,1,10
2018220310385,2,9,0,9,0,6,0,0,0,0,1,1,5,1,41,7,1197,1,4,5,1,5
2018220310434,1,9,0,4,9,0,0,0,0,0,4,1,6,3,34,6,-1,-1,-1,-1,-1,-1
2018220310434,2,1,0,18,9,0,0,0,1,10,3,1,4,1,10,2,-1,-1,-1,10,1,10
2018220310435,1,19,0,18,0,0,0,0,0,0,1,1,6,1,30,6,1686,2,15,1,1,1
2018220310435,2,10,0,18,0,0,0,0,0,0,1,1,1,1,67,10,2998,2,10,6,1,6
2018220310435,3,5,0,18,0,0,1,0,0,0,2,1,5,1,47,8,1151,1,7,5,3,5
2018220310487,1,9,0,1,0,6,0,0,0,0,2,1,5,1,56,9,1839,1,14,5,3,5
2018220310487,2,9,0,18,0,8,0,0,0,0,4,1,5,2,28,6,2926,2,15,4,3,4
2018220310494,1,9,0,17,0,0,0,0,0,0,1,1,5,1,50,8,-1,-1,-1,8,3,8
2018220310494,2,9,0,16,0,0,0,0,1,11,1,1,5,2,39,7,1198,1,7,8,2,8
2018220310507,1,9,0,9,0,6,0,0,0,0,1,1,5,2,58,9,999,1,3,7,1,7
2018220310507,2,1,0,18,0,8,0,0,0,0,1,1,5,1,40,7,-1,-1,-1,4,1,4
2018220310525,1,3,0,18,0,8,0,0,7,9,1,1,5,1,31,6,124,1,15,5,-1,5
2018220310525,2,9,0,9,0,5,0,0,0,0,3,1,5,2,63,9,2967,2,5,5,3,5
2018220310538,1,5,0,18,0,8,1,0,0,0,1,1,5,1,73,10,1050,1,10,7,2,7
2018220310538,2,9,0,10,0,8,0,0,0,0,2,1,5,1,49,8,1598,1,7,4,2,4
2018220310647,1,3,0,18,0,3,0,10,0,0,4,1,5,1,18,4,125,1,1,2,1,2
2018220310738,1,9,0,18,0,6,0,0,0,0,1,1,5,1,18,4,998,1,6,1,1,1
2018220310738,2,9,0,18,0,8,0,0,0,0,1,1,5,1,78,11,1339,8,8,7,1,7
2018220310786,1,19,0,18,0,0,1,0,0,0,1,1,5,1,40,7,-1,-1,-1,3,1,3
2018220310786,2,19,0,18,0,0,1,0,7,4,1,1,1,1,25,5,-1,2,15,4,1,4
2018220310801,1,9,0,4,0,0,0,0,0,0,1,1,5,1,37,7,1242,1,7,4,1,4
2018220310801,2,9,0,4,0,0,0,0,0,0,2,1,2,2,56,9,1984,1,11,9,1,9
2018220310866,1,11,0,4,0,0,1,0,0,0,1,1,1,1,70,10,11630,2,18,3,1,3
2018220310866,2,9,0,3,0,0,0,0,0,0,2,1,5,1,63,9,1995,2,7,6,3,6
2018220310866,3,9,0,3,0,0,0,0,0,0,2,1,5,1,50,8,-1,-1,-1,-1,2,-1
2018220310878,1,8,0,17,0,8,0,0,0,0,3,1,1,1,57,9,1896,2,12,1,1,1
2018220311035,1,9,0,9,0,5,0,0,0,0,4,1,5,1,75,10,1396,1,13,4,1,4
2018220311035,2,9,0,18,0,8,0,0,0,0,1,1,5,1,67,10,1596,1,8,10,1,10
2018220311049,1,9,0,10,0,8,0,0,0,0,2,1,5,2,60,9,1368,1,8,9,1,9
2018220311049,2,9,0,18,0,1,0,0,0,0,1,1,5,2,21,5,1390,1,14,4,1,4
2018220311057,1,9,0,18,0,1,0,0,0,0,1,1,1,2,49,8,998,1,3,6,2,6
2018220311057,2,90,0,7,0,6,0,0,0,0,3,2,1,1,79,11,898,2,1,6,3,6
2018220311126,1,3,0,18,7,0,0,0,1,1,1,1,2,1,38,7,124,1,17,3,1,3
2018220311231,1,9,0,18,0,1,0,0,0,0,1,1,6,1,42,7,999,1,1,1,1,1
2018220311231,2,1,0,18,0,1,0,0,0,0,3,1,5,1,13,3,-1,-1,-1,9,1,9
2018220311233,1,9,0,18,0,8,0,0,0,0,1,1,2,1,61,9,1998,8,2,8,1,8
2018220311233,2,1,0,18,0,8,0,0,0,0,3,1,5,1,52,8,-1,-1,-1,9,1,9
2018220311248,1,9,0,9,9,6,0,0,0,0,4,1,1,2,48,8,1685,2,5,7,1,7
2018220311248,2,1,0,18,9,8,0,0,0,0,1,1,2,2,33,6,-1,-1,-1,2,1,2
2018220311251,1,9,0,16,0,0,5,0,1,9,3,1,2,1,68,10,-1,-1,-1,10,1,10
2018220311251,2,19,0,17,0,0,0,0,0,0,3,1,2,1,60,9,2143,2,5,10,1,10
2018220311579,1,9,0,16,0,1,0,0,0,0,1,1,5,2,43,7,999,1,-1,3,1,3
2018220311790,1,9,0,17,0,0,0,0,0,0,4,1,6,2,79,11,1598,1,14,1,1,1
2018220311792,1,9,0,18,0,1,0,0,0,0,0,1,6,3,34,6,-1,-1,-1,-1,-1,-1
2018220311792,2,1,0,14,0,2,0,10,1,10,1,1,5,1,15,3,-1,-1,-1,3,-1,3
2018220311797,1,9,0,18,0,0,0,4,0,0,1,1,5,1,31,6,-1,-1,-1,7,1,7
2018220311797,2,9,0,2,0,0,0,0,0,0,2,1,5,2,48,8,1197,1,7,5,3,5
2018220311800,1,21,1,18,0,0,0,0,0,0,1,1,1,1,53,8,12419,2,4,2,1,2
2018220311827,1,9,0,18,0,0,2,0,1,7,3,1,5,2,32,6,1399,2,14,-1,1,-1
2018220311861,1,11,0,5,0,0,0,0,0,0,0,1,1,1,37,7,7300,2,11,7,1,7
2018220311874,1,9,0,17,0,0,0,0,2,11,1,1,5,2,57,9,1197,1,7,3,2,3
2018220311892,1,9,0,18,0,0,0,0,0,0,1,1,3,1,73,10,1685,2,1,7,1,7
2018220311892,2,9,0,18,0,0,0,0,0,0,1,1,3,1,19,4,1229,1,3,9,1,9
2018220311937,1,9,0,4,0,1,1,0,0,0,2,1,5,2,23,5,1461,2,4,4,2,4
2018220311937,2,19,0,18,0,1,1,0,0,0,1,1,5,1,29,6,1598,2,2,4,2,4
2018220311941,1,3,0,18,0,4,0,9,3,10,1,1,5,1,21,5,124,1,2,1,1,1
2018220311956,1,9,0,18,0,1,0,0,1,0,1,1,3,2,70,10,1395,1,2,8,3,8
2018220311956,2,9,0,5,0,6,0,0,1,0,3,1,5,2,52,8,1896,2,19,9,1,9
2018220312230,1,9,0,18,0,3,1,0,1,2,1,1,5,1,21,5,1396,1,19,3,1,3
2018220312308,1,19,0,16,0,0,0,0,0,0,1,1,1,1,32,6,2198,2,4,9,1,9
2018220312308,2,21,0,17,0,0,0,4,0,0,3,1,1,1,34,6,8970,2,15,8,1,8
2018220312308,3,19,0,2,0,0,0,0,0,0,2,1,6,1,49,8,1753,2,7,10,1,10
2018220312308,4,9,0,17,0,0,1,0,0,0,1,1,5,2,19,4,1596,1,13,4,1,4
2018220312370,1,9,0,17,0,0,1,0,1,4,1,1,5,1,20,4,1197,1,3,1,1,1
2018220312389,1,9,0,18,0,1,0,0,7,0,1,1,5,1,62,9,2993,2,7,6,1,6
2018220312389,2,9,0,5,0,6,0,0,7,0,3,1,5,2,18,4,1587,1,13,6,2,6
2018220312449,1,9,0,5,0,0,0,0,0,0,1,1,1,1,45,7,1296,1,12,-1,-1,-1
2018220312449,2,1,0,18,0,0,0,0,0,0,1,1,5,1,13,3,-1,-1,-1,2,1,2
2018220312627,1,9,0,4,0,0,0,0,0,0,1,1,5,2,53,8,1339,1,8,9,3,9
2018220312627,2,9,0,3,0,0,0,0,0,0,2,1,5,1,45,7,1598,1,7,7,1,7
2018220312627,3,9,0,3,0,0,0,0,0,0,2,1,5,1,69,10,1596,1,9,8,2,8
2018220312643,1,9,0,18,0,0,0,0,5,6,1,1,2,1,22,5,1368,1,-1,2,1,2
2018220312659,1,9,0,7,0,5,0,0,0,0,2,1,2,1,20,4,1086,1,15,7,3,7
2018220312659,2,9,0,18,0,1,0,0,0,0,1,1,6,1,28,6,-1,-1,-1,7,3,7
2018220312807,1,19,0,7,0,1,0,0,0,0,4,1,1,1,67,10,1248,2,4,8,1,8
2018220312807,2,1,0,18,0,1,0,0,0,0,1,1,6,1,39,7,-1,-1,-1,6,1,6
2018220312809,1,9,0,13,0,0,0,0,0,0,1,1,2,1,37,7,1900,2,19,5,1,5
2018220312809,2,1,0,18,0,0,0,0,0,0,2,1,2,2,52,8,-1,-1,-1,4,1,4
2018220312832,1,9,0,9,0,5,0,0,0,0,4,1,5,2,21,5,1490,1,12,8,1,8
2018220312832,2,1,0,18,0,1,0,0,0,0,1,1,5,1,29,6,-1,-1,-1,4,3,4
2018220312843,1,9,0,16,0,0,0,0,0,0,1,1,2,1,45,7,1596,1,12,5,3,5
2018220312843,2,9,0,17,0,0,0,0,0,0,1,1,2,1,58,9,1598,2,2,10,3,10
2018220312853,1,9,0,10,0,1,0,0,0,0,2,1,6,2,55,8,1598,2,7,2,3,2
2018220312853,2,9,0,3,0,1,0,0,0,0,2,1,6,1,46,8,898,1,-1,7,1,7
2018220312853,3,9,0,18,0,1,0,0,0,0,1,1,6,2,27,6,1560,2,-1,4,2,4
2018220313052,1,9,0,16,0,1,2,7,0,0,3,1,6,1,27,6,1360,1,18,4,1,4
2018220313091,1,9,0,4,0,1,0,0,0,0,2,1,1,1,51,8,-1,-1,-1,8,3,8
2018220313091,2,8,0,4,0,1,1,0,0,0,1,1,1,1,27,6,-1,-1,-1,9,-1,9
2018220313235,1,9,0,18,0,0,1,0,5,6,3,1,5,1,26,6,1124,1,11,10,1,10
2018220313235,2,21,0,11,0,0,0,0,0,0,4,1,1,1,31,6,10308,2,4,9,3,9
2018220313315,1,9,0,18,0,0,0,0,5,6,3,1,1,1,30,6,1997,2,13,5,3,5
2018220313382,1,2,0,18,0,0,0,0,0,0,1,1,2,1,19,4,125,1,6,5,3,5
2018220313382,2,9,0,4,0,0,0,0,0,0,2,1,5,1,86,11,998,1,4,-1,3,-1
2018220313388,1,9,0,5,0,8,0,0,0,0,1,1,6,1,47,8,1586,1,11,10,1,10
2018220313388,2,9,0,7,0,6,0,0,0,0,2,1,5,2,42,7,1248,2,13,4,1,4
2018220313421,1,9,0,16,0,0,0,0,0,0,2,1,5,1,25,5,-1,-1,-1,6,1,6
2018220313421,2,9,0,18,0,0,1,0,0,0,1,1,2,2,56,9,2143,2,2,7,3,7
2018220313422,1,8,0,2,0,0,0,0,0,0,2,1,1,1,31,6,-1,-1,-1,7,1,7
2018220313422,2,9,0,18,0,0,0,4,0,0,1,1,6,1,24,5,1796,1,11,6,1,6
2018220313481,1,90,0,18,0,6,0,0,0,0,1,1,1,1,17,4,-1,-1,-1,5,2,5
2018220313481,2,9,0,18,0,1,0,0,0,0,4,1,2,2,60,9,1896,2,11,4,3,4
2018220313490,1,5,0,13,0,1,0,0,0,0,1,1,2,1,27,6,999,1,3,2,1,2
2018220313490,2,19,0,9,0,5,0,0,0,0,3,1,1,1,38,7,1598,2,1,5,1,5
2018220313503,1,9,0,18,0,0,5,0,0,0,1,1,6,2,18,4,999,1,3,6,3,6
2018220313503,2,9,0,4,0,0,0,0,0,0,2,1,6,1,69,10,1395,1,1,9,2,9
2018220313531,1,9,0,1,0,0,0,0,0,0,2,1,5,1,53,8,999,1,2,6,3,6
2018220313544,1,9,0,4,0,2,0,0,0,0,3,1,3,2,40,7,1598,1,8,6,1,6
2018220313566,1,9,0,5,0,0,0,0,0,0,0,1,6,1,70,10,-1,-1,-1,-1,-1,-1
2018220313566,2,1,0,18,0,0,0,0,0,0,0,1,6,1,25,5,-1,-1,-1,5,1,5
2018220313598,1,9,0,16,0,0,5,10,1,0,4,1,5,2,19,4,1364,2,15,5,1,5
2018220313744,1,9,0,4,0,0,0,0,0,0,2,1,5,1,59,9,998,1,4,10,1,10
2018220313744,2,5,0,18,0,0,0,0,0,0,1,1,5,1,45,7,-1,-1,-1,5,1,5
2018220313753,1,9,0,18,0,1,0,0,0,0,4,1,6,2,24,5,1198,1,5,5,3,5
2018220313753,2,9,0,7,0,6,0,0,0,0,3,1,6,2,34,6,-1,-1,-1,5,1,5
2018220313884,1,5,5,13,0,0,1,0,7,10,1,1,5,1,21,5,998,1,2,5,3,5
2018220314159,1,8,0,1,9,6,0,0,0,0,2,1,1,1,52,8,1560,2,3,8,1,8
2018220314163,1,9,0,5,0,4,0,0,0,0,1,1,5,1,39,7,-1,-1,-1,5,2,5
2018220314163,2,1,0,18,0,8,0,0,0,0,2,1,5,1,30,6,-1,-1,-1,6,3,6
2018220314189,1,9,0,18,0,0,0,0,0,0,4,1,6,2,54,8,2179,2,3,6,1,6
2018220314208,1,9,0,18,0,0,1,0,8,0,3,1,5,1,26,6,-1,-1,-1,5,3,5
2018220314208,2,17,4,18,0,0,0,0,0,0,3,1,1,1,27,6,6788,2,5,6,3,6
2018220314208,3,9,0,18,0,0,0,0,0,0,2,1,5,2,45,7,1685,2,5,4,2,4
2018220314208,4,98,0,18,0,0,1,0,0,0,1,1,1,1,39,7,-1,-1,-1,5,1,5
2018220314340,1,4,0,14,0,8,0,0,0,0,1,1,2,1,47,8,738,1,16,7,2,7
2018220314340,2,9,0,5,0,6,0,0,0,0,4,1,6,1,48,8,1598,1,10,3,2,3
2018220314344,1,19,0,13,0,8,0,10,1,0,1,1,5,1,26,6,1499,2,1,2,1,2
2018220314344,2,11,0,18,0,8,0,4,1,11,1,1,1,1,59,9,-1,-1,-1,5,3,5
2018220314344,3,19,0,7,0,5,0,0,0,0,0,1,6,3,34,6,1753,2,13,-1,-1,-1
2018220314344,4,9,0,2,0,8,0,0,0,0,3,1,6,3,24,5,998,1,12,-1,-1,-1
2018220314344,5,9,0,2,0,8,0,0,0,0,3,1,6,3,48,8,998,1,11,-1,-1,-1
2018220314349,1,9,0,18,0,4,0,0,0,0,1,1,6,2,24,5,998,1,3,7,1,7
2018220314349,2,9,0,4,0,1,0,0,0,0,2,1,6,2,36,7,998,1,10,6,1,6
2018220314387,1,9,0,13,0,0,0,0,0,0,4,1,5,2,54,8,1799,1,9,5,3,5
2018220314387,2,98,0,18,0,0,0,0,0,0,3,2,1,1,35,6,-1,-1,-1,-1,-1,-1
2018220314490,1,9,0,9,0,6,0,0,0,0,1,1,5,1,79,11,1997,2,2,9,3,9
2018220314490,2,9,0,18,0,8,0,6,1,10,4,1,2,2,55,8,999,1,2,9,3,9
2018220314543,1,9,0,18,0,0,0,0,0,0,4,1,6,3,34,6,1986,2,12,-1,-1,-1
2018220314560,1,9,0,18,0,4,0,0,0,0,3,1,5,2,49,8,1896,2,14,5,3,5
2018220314560,2,9,0,11,0,4,0,0,0,0,4,1,5,1,45,7,2696,2,11,-1,-1,-1
2018220314625,1,9,0,18,9,0,0,0,0,0,4,1,6,3,34,6,-1,-1,-1,-1,-1,-1
2018220314694,1,9,0,16,0,7,1,0,7,6,1,1,5,1,18,4,1242,1,8,8,1,8
2018220314710,1,9,0,14,0,0,0,0,0,0,2,1,5,1,17,4,1198,1,13,5,3,5
2018220314710,2,9,0,18,0,0,0,0,0,0,1,1,5,2,80,11,1198,1,4,7,2,7
2018220314729,1,9,0,18,0,0,0,0,0,0,4,1,5,1,83,11,1798,8,-1,9,1,9
2018220314876,1,21,1,4,0,0,0,0,0,0,1,1,1,1,60,9,10677,2,3,2,1,2
2018220314876,2,19,0,3,0,0,0,0,0,0,2,1,1,1,52,8,2198,2,3,4,1,4
2018220314876,3,21,1,3,0,0,0,0,0,0,2,1,1,1,57,9,16123,2,1,2,1,2
2018220314895,1,9,0,3,0,1,0,0,0,0,4,1,2,1,21,5,1198,1,13,3,1,3
2018220314895,2,1,0,9,0,5,0,0,0,0,1,1,5,1,13,3,-1,-1,-1,3,1,3
2018220314900,1,3,0,13,0,0,0,4,0,0,4,1,2,1,19,4,124,1,22,5,3,5
2018220314900,2,9,0,18,0,0,0,0,0,0,3,1,2,1,37,7,1587,1,15,6,1,6
2018220314900,3,9,0,2,0,0,0,0,0,0,1,1,5,2,50,8,1390,1,10,5,1,5
2018220314944,1,9,0,17,7,0,0,0,0,0,1,1,2,1,34,6,1560,2,11,4,1,4
2018220314944,2,9,0,16,0,0,0,0,0,0,0,1,6,3,30,6,998,1,5,-1,-1,-1
2018220314946,1,9,0,13,0,1,1,0,7,0,1,1,6,1,59,9,4554,1,17,-1,3,-1
2018220314946,2,9,0,7,0,2,0,0,0,0,1,1,6,1,47,8,2499,2,14,5,3,5
2018220315047,1,9,0,18,0,0,0,0,0,0,1,1,5,1,68,10,1997,2,14,7,3,7
2018220315047,2,9,0,18,0,0,0,0,1,11,1,1,5,1,55,8,996,1,6,-1,2,-1
2018220315233,1,9,0,18,0,0,0,0,0,0,0,1,6,2,45,7,1984,1,8,7,3,7
2018220315233,2,1,0,18,0,0,0,0,1,10,4,1,5,1,64,9,-1,-1,-1,10,1,10
2018220315326,1,9,0,17,0,0,5,10,0,0,1,1,5,2,74,10,1396,1,5,6,3,6
2018220315329,1,9,0,18,9,0,0,10,7,11,1,1,5,1,72,10,1895,1,17,6,3,6
2018220315329,2,9,0,18,0,0,0,0,0,0,3,1,5,1,44,7,1968,2,2,7,3,7
2018220315343,1,9,0,18,0,0,0,0,0,0,1,1,2,1,44,7,1968,2,5,2,1,2
2018220315343,2,9,0,18,0,0,0,0,0,0,1,1,2,1,64,9,1198,1,5,9,1,9
2018220315397,1,9,0,18,0,8,0,0,0,0,3,1,5,1,81,11,1598,2,7,10,1,10
2018220315397,2,9,0,18,0,8,0,0,0,0,3,1,5,1,73,10,1968,2,2,5,1,5
2018220315432,1,9,0,18,0,0,1,0,7,3,4,1,5,2,39,7,1997,2,13,5,3,5
2018220315439,1,9,0,18,0,3,1,10,1,2,1,1,6,1,28,6,1598,1,9,2,1,2
2018220315447,1,9,0,18,0,0,0,0,0,0,1,1,1,1,29,6,-1,-1,-1,5,1,5
2018220315447,2,9,0,3,0,0,0,0,0,0,2,1,5,1,49,8,1995,2,-1,5,3,5
2018220315526,1,1,0,18,9,6,0,0,0,0,1,1,6,1,18,4,-1,-1,-1,5,1,5
2018220315537,1,9,0,11,0,1,0,0,0,0,0,1,6,2,34,6,1560,2,5,-1,-1,-1
2018220315537,2,9,0,18,0,1,0,0,0,0,2,1,5,2,59,9,1248,1,6,5,1,5
2018220315537,3,9,0,18,0,1,0,0,0,0,1,1,6,2,48,8,1998,1,2,-1,-1,-1
2018220315579,1,9,0,9,0,6,0,0,0,0,1,1,5,1,87,11,1968,2,-1,7,3,7
2018220315579,2,9,0,18,0,8,0,0,0,0,1,1,5,2,23,5,973,1,14,2,1,2
2018220315671,1,3,0,18,0,0,1,0,0,0,3,1,5,2,28,6,125,1,1,5,1,5
2018220315741,1,9,0,18,0,0,0,0,7,2,1,1,5,1,66,10,-1,-1,-1,8,1,8
2018220315769,1,5,0,18,0,0,0,0,1,0,4,1,5,1,64,9,1450,1,17,7,1,7
2018220315782,1,9,0,3,0,8,0,0,0,0,2,1,2,2,63,9,1587,1,16,7,1,7
2018220315782,2,19,0,16,0,7,1,0,0,0,1,1,2,2,36,7,1560,2,4,4,1,4
2018220316126,1,9,0,18,0,0,0,0,0,0,3,1,1,1,49,8,-1,-1,-1,-1,-1,-1
2018220316126,2,19,0,18,0,0,0,0,0,0,3,1,5,1,32,6,1560,2,2,4,1,4
2018220316211,1,17,4,14,0,0,3,0,1,3,1,1,1,1,49,8,-1,2,10,5,3,5
2018220316211,2,9,0,2,0,0,0,0,0,0,0,1,5,2,38,7,1997,2,11,6,1,6
2018220316221,1,9,0,7,0,4,0,0,0,0,3,1,6,3,34,6,1998,1,-1,-1,-1,-1
2018220316221,2,9,0,18,0,8,0,0,0,0,4,1,5,2,27,6,1242,1,3,1,1,1
2018220316249,1,9,0,5,0,0,0,0,0,0,3,1,5,1,20,4,1149,1,5,3,1,3
2018220316249,2,5,0,18,0,0,0,0,0,0,1,1,5,1,57,9,749,1,13,8,1,8
2018220316271,1,9,0,18,0,1,0,0,0,0,1,1,6,3,25,5,-1,-1,-1,-1,-1,-1
2018220316271,2,9,0,9,0,1,0,0,0,0,2,1,6,1,29,6,1496,2,3,8,3,8
2018220316272,1,8,0,5,0,0,0,0,0,0,0,1,1,1,56,9,1686,2,7,3,1,3
2018220316278,1,9,0,17,0,0,0,10,1,10,1,1,5,2,59,9,996,1,9,5,3,5
2018220316291,1,9,0,13,0,0,0,0,0,0,1,1,6,3,34,6,-1,-1,-1,-1,-1,-1
2018220316291,2,5,0,18,0,0,0,0,0,0,3,1,5,1,40,7,600,1,20,1,1,1
2018220316293,1,9,0,18,0,8,0,0,0,0,4,1,5,1,62,9,1968,2,9,4,1,4
2018220316293,2,1,0,18,0,6,0,0,0,0,1,1,5,1,19,4,-1,-1,-1,1,1,1
2018220316305,1,8,0,18,2,6,0,0,0,0,1,1,1,3,34,6,-1,-1,-1,-1,-1,-1
2018220316305,2,1,0,18,2,8,0,0,0,0,2,1,5,1,12,3,-1,-1,-1,5,1,5
2018220316322,1,9,0,1,0,0,0,4,0,0,2,1,6,2,36,7,1798,1,12,1,1,1
2018220316322,2,9,0,2,0,0,0,0,0,0,1,1,5,1,29,6,1997,1,11,1,1,1
2018220316352,1,9,0,12,0,0,0,0,0,0,1,1,5,2,20,4,1995,2,6,3,1,3
2018220316352,2,9,0,3,0,0,0,0,0,0,2,1,2,2,64,9,-1,-1,-1,4,1,4
2018220316369,1,19,0,18,0,0,1,0,0,0,1,1,1,1,24,5,1248,2,4,1,1,1
2018220316369,2,9,0,18,0,0,1,0,1,0,1,1,5,2,35,6,1198,1,6,2,1,2
2018220316373,1,9,0,18,0,0,5,0,0,0,1,1,5,2,23,5,1995,1,12,6,1,6
2018220316373,2,19,0,18,0,0,2,0,0,0,3,1,1,1,34,6,1968,2,3,-1,-1,-1
2018220316374,1,9,0,18,0,0,0,0,0,0,1,1,5,1,19,4,1995,1,11,4,3,4
2018220316374,2,9,0,18,0,0,0,0,0,0,3,1,5,2,67,10,1461,2,8,-1,3,-1