Accident_Index,Vehicle_Reference,Vehicle_Type,Towing_and_Articulation,Vehicle_Manoeuvre,Vehicle_Location-Restricted_Lane,Junction_Location,Skidding_and_Overturning,Hit_Object_in_Carriageway,Vehicle_Leaving_Carriageway,Hit_Object_off_Carriageway,1st_Point_of_Impact,Was_Vehicle_Left_Hand_Drive?,Journey_Purpose_of_Driver,Sex_of_Driver,Age_of_Driver,Age_Band_of_Driver,Engine_Capacity_(CC),Propulsion_Code,Age_of_Vehicle,Driver_IMD_Decile,Driver_Home_Area_Type,Vehicle_IMD_Decile
2018220323756,1,9,0,18,0,0,0,0,0,0,2,1,5,2,23,5,1360,1,12,7,2,7
2018220323756,2,9,0,18,0,0,0,0,0,0,1,1,5,1,27,6,1229,1,9,2,1,2
2018220323756,3,9,0,13,0,0,0,0,0,0,0,1,6,1,23,5,1997,1,14,8,3,8
2018220323869,1,9,0,18,0,1,0,0,0,0,4,1,6,2,30,6,1598,1,11,10,1,10
2018220323869,2,9,0,5,0,6,0,0,0,0,1,1,6,1,65,9,1329,1,5,9,2,9
2018220324051,1,21,0,9,0,6,0,0,0,0,1,1,1,1,25,5,6700,2,3,2,1,2
2018220324051,2,9,0,18,0,8,0,0,0,0,3,1,5,1,93,11,1598,1,17,5,1,5
2018220324076,1,9,0,18,0,0,1,0,0,0,3,1,2,2,23,5,1242,1,11,-1,1,-1
2018220324076,2,21,1,11,0,0,0,0,0,0,1,1,1,1,58,9,12580,2,15,4,3,4
2018220324104,1,9,0,4,0,4,0,0,0,0,2,1,2,1,39,7,999,1,3,6,1,6
2018220324104,2,9,0,5,0,4,0,0,0,0,1,1,3,1,28,6,3600,1,16,7,1,7
2018220324107,1,5,0,16,0,0,1,0,0,0,1,1,5,1,34,6,599,1,16,8,3,8
2018220324107,2,9,0,17,0,0,0,0,0,0,1,1,1,1,53,8,1968,2,5,5,1,5
2018220324144,1,9,0,9,0,5,0,0,7,0,1,1,5,1,21,5,1242,1,4,1,1,1
2018220324144,2,9,0,18,0,1,0,0,1,0,1,1,5,1,35,6,1598,1,12,8,1,8
2018220324151,1,3,0,17,0,8,1,0,0,0,3,1,5,1,18,4,124,1,6,9,1,9
2018220324154,1,9,0,18,0,0,5,4,7,10,1,1,5,1,23,5,1461,2,16,6,3,6
2018220324154,2,9,0,2,0,0,0,10,1,10,3,1,5,1,61,9,1598,2,3,6,3,6
2018220324165,1,9,0,18,0,6,0,0,0,0,3,1,5,1,46,8,1997,2,4,5,1,5
2018220324165,2,9,0,18,0,8,0,0,0,0,1,1,5,1,28,6,1598,1,11,9,1,9
2018220324172,1,9,0,16,0,0,1,0,7,11,1,1,5,1,17,4,1388,1,10,6,-1,6
2018220324180,1,9,0,5,0,0,0,0,0,0,3,1,3,2,31,6,1997,1,-1,7,1,7
2018220324180,2,9,0,13,0,0,0,0,0,0,4,1,5,2,89,11,1242,1,14,3,1,3
2018220324282,1,19,0,18,0,0,0,0,0,0,1,1,1,1,28,6,2143,2,6,2,1,2
2018220324282,2,1,0,18,0,0,0,0,0,0,1,1,5,1,32,6,-1,-1,-1,4,1,4
2018220324459,1,98,0,9,0,6,0,0,0,0,1,1,5,2,58,9,-1,-1,-1,6,3,6
2018220324459,2,9,0,18,0,1,0,0,0,0,4,1,5,1,52,8,1868,2,17,8,1,8
2018220324483,1,9,0,5,0,4,0,0,0,0,3,1,1,2,43,7,1299,1,12,2,1,2
2018220324483,2,9,0,9,0,8,0,0,0,0,1,1,1,1,32,6,1388,1,16,2,1,2
2018220324560,1,9,0,4,0,8,0,0,0,0,2,1,5,1,49,8,2946,1,10,2,1,2
2018220324560,2,9,0,18,0,8,0,0,0,0,1,1,6,3,34,6,-1,-1,-1,-1,-1,-1
2018220324763,1,8,0,9,0,6,0,0,0,0,3,1,1,1,45,7,1686,2,7,2,1,2
2018220324872,1,9,0,13,0,0,0,0,0,0,3,1,5,1,54,8,-1,-1,-1,10,1,10
2018220324872,2,5,0,13,0,0,1,0,7,4,4,1,5,1,51,8,999,1,2,8,1,8
2018220324949,1,5,0,17,0,0,0,0,0,0,1,1,5,2,24,5,649,1,11,-1,3,-1
2018220324949,2,5,0,17,0,0,0,0,0,0,1,1,1,1,59,9,1037,1,1,8,2,8
2018220324979,1,9,0,9,0,5,0,0,0,0,1,1,5,1,32,6,1360,1,11,5,1,5
2018220324979,2,9,0,18,0,1,0,0,0,0,1,1,5,1,73,10,1598,1,11,10,2,10
2018220325015,1,9,0,18,0,0,0,0,0,0,1,1,5,2,34,6,1242,1,7,3,1,3
2018220325015,2,1,0,5,0,0,0,0,0,0,3,1,5,1,11,3,-1,-1,-1,8,1,8
2018220325042,1,9,0,17,0,8,0,0,0,0,4,1,5,2,58,9,1598,1,8,8,1,8
2018220325042,2,9,0,5,0,4,0,0,0,0,1,1,5,1,38,7,1598,2,2,8,-1,8
2018220325092,1,19,0,16,0,0,0,0,0,0,1,1,2,1,49,8,1598,2,3,4,1,4
2018220325092,2,9,0,17,0,0,0,0,0,0,1,1,2,1,20,4,1229,1,9,9,1,9
2018220325161,1,9,0,18,0,8,0,0,0,0,4,1,5,1,73,10,-1,-1,-1,2,2,2
2018220325161,2,9,0,9,0,6,0,0,0,0,1,1,6,3,34,6,1596,1,16,-1,-1,-1
2018220325187,1,9,0,9,0,6,0,0,0,0,1,1,2,2,58,9,1598,1,16,3,2,3
2018220325187,2,9,0,18,0,8,0,0,0,0,1,1,2,2,19,4,1242,1,12,-1,3,-1
2018220325198,1,9,0,18,0,4,0,0,0,0,1,1,6,3,34,6,1968,2,8,-1,-1,-1
2018220325198,2,1,0,18,0,4,0,0,0,0,2,1,5,1,27,6,-1,-1,-1,4,1,4
2018220325214,1,9,0,1,9,0,0,0,0,0,3,1,6,1,11,3,2461,2,12,7,1,7
2018220325218,1,9,0,5,9,6,0,0,0,0,1,1,2,1,36,7,1598,2,6,-1,1,-1
2018220325218,2,1,0,18,9,8,0,0,0,0,1,1,5,1,35,6,-1,-1,-1,7,1,7
2018220325223,1,9,0,16,0,2,1,0,1,1,3,1,5,1,23,5,1397,1,11,10,1,10
2018220325223,2,9,0,17,0,1,0,0,0,0,3,1,5,1,43,7,998,1,6,6,1,6
2018220325239,1,9,0,16,0,0,0,0,0,0,1,1,1,1,61,9,2148,2,10,6,1,6
2018220325239,2,21,1,17,0,0,0,0,0,0,1,1,1,1,48,8,12742,2,-1,10,1,10
2018220325240,1,5,0,18,0,0,1,11,1,10,1,1,5,1,54,8,599,1,16,7,1,7
2018220325243,1,9,0,1,0,0,0,0,1,11,2,1,5,1,24,5,2143,2,7,7,1,7
2018220325478,1,19,0,9,0,5,0,0,0,0,4,1,1,1,52,8,2300,2,13,4,1,4
2018220325478,2,2,0,18,0,1,0,0,0,0,0,1,6,1,17,4,49,1,6,9,3,9
2018220325482,1,1,0,7,0,3,0,0,0,0,4,1,2,2,52,8,-1,-1,-1,10,1,10
2018220325482,2,9,0,5,0,4,0,0,0,0,1,1,6,2,33,6,2143,2,2,6,1,6
2018220325567,1,19,0,17,0,0,2,0,7,0,1,1,1,1,46,8,2198,2,2,7,1,7
2018220325567,2,98,0,16,0,0,0,0,0,0,0,1,6,3,30,6,-1,-1,-1,-1,-1,-1
2018220325628,1,9,0,17,0,2,0,4,0,0,1,1,1,1,39,7,1968,2,3,4,1,4
2018220325628,2,9,0,2,0,2,0,0,0,0,2,1,5,1,41,7,1798,1,10,4,1,4
2018220325636,1,2,0,18,0,1,1,0,0,0,4,1,5,1,16,4,49,1,14,4,1,4
2018220325636,2,9,0,9,0,6,0,0,0,0,0,1,5,2,23,5,-1,-1,-1,8,1,8
2018220325801,1,9,0,16,0,0,1,0,7,11,1,1,5,2,25,5,1461,2,10,5,1,5
2018220325913,1,9,0,5,0,0,0,0,0,0,3,1,1,1,38,7,1597,2,3,5,3,5
2018220325913,2,9,0,18,0,0,0,0,0,0,1,1,5,2,59,9,1399,2,12,7,1,7
2018220325972,1,9,0,18,0,0,0,0,0,0,1,1,5,1,24,5,1686,2,6,8,3,8
2018220326036,1,9,0,18,0,1,0,0,0,0,1,1,5,1,50,8,-1,-1,-1,5,3,5
2018220326036,2,9,0,4,0,1,0,0,0,0,2,1,5,1,27,6,1600,2,8,3,1,3
2018220326105,1,5,0,13,0,8,0,4,7,0,1,1,5,1,34,6,998,1,8,7,1,7
2018220326105,2,9,0,9,0,5,0,0,0,0,3,1,5,1,60,9,1598,1,14,1,1,1
2018220326105,3,9,3,2,0,2,0,0,0,0,4,1,5,1,52,8,1997,2,2,3,1,3
2018220326151,1,21,1,5,0,6,0,0,0,0,1,1,1,1,44,7,12419,2,5,5,1,5
2018220326151,2,9,0,18,0,1,0,0,0,0,4,1,5,1,26,6,-1,-1,-1,5,3,5
2018220326166,1,9,0,10,0,1,0,0,0,0,4,1,6,1,33,6,1598,2,2,1,1,1
2018220326166,2,9,0,7,0,6,0,0,0,0,3,1,6,1,52,8,1998,2,18,8,1,8
2018220326170,1,10,0,13,0,0,0,0,0,0,4,1,1,1,18,4,-1,-1,-1,2,1,2
2018220326170,2,9,0,18,0,0,0,0,0,0,3,1,5,2,56,9,1988,2,14,5,2,5
2018220326176,1,9,0,7,0,5,0,0,0,0,4,1,5,1,68,10,1999,2,1,6,1,6
2018220326176,2,1,0,18,4,1,0,0,0,0,1,1,2,2,35,6,-1,-1,-1,2,1,2
2018220326274,1,9,0,18,0,8,0,0,0,0,1,1,5,2,24,5,1229,1,13,6,1,6
2018220326274,2,9,0,9,0,6,0,0,0,0,3,1,5,1,45,7,1969,2,1,4,3,4
2018220326318,1,9,0,16,0,0,2,0,2,10,1,1,5,2,31,6,1390,1,12,3,2,3
2018220326332,1,9,0,4,0,0,5,0,2,0,4,1,5,1,77,11,1910,2,13,7,1,7
2018220326404,1,9,0,9,0,6,0,0,0,0,1,1,5,2,24,5,1598,2,3,5,1,5
2018220326404,2,5,0,13,0,8,0,0,0,0,1,1,5,1,35,6,599,1,6,5,2,5
2018220326410,1,90,0,18,0,0,0,0,0,0,4,1,5,1,74,10,2300,2,11,10,1,10
2018220326455,1,9,0,4,0,1,0,0,0,0,2,1,2,2,27,6,1390,1,10,3,1,3
2018220326455,2,9,0,5,0,4,0,0,0,0,1,1,1,1,43,7,1598,2,1,-1,-1,-1
2018220326506,1,9,0,13,0,1,1,0,0,0,1,1,5,1,22,5,1364,1,13,5,1,5
2018220326506,2,5,0,18,0,2,1,0,1,0,1,1,5,1,54,8,1340,1,7,8,2,8
2018220326506,3,9,3,18,0,1,0,0,0,0,0,1,5,1,38,7,2298,2,1,4,1,4
2018220326537,1,19,0,18,0,0,0,0,0,0,2,1,5,1,42,7,1560,2,5,-1,2,-1
2018220326537,2,9,0,18,0,0,0,0,0,0,2,1,5,1,37,7,-1,-1,-1,-1,3,-1
2018220326562,1,9,0,7,0,5,1,0,0,0,1,1,6,1,40,7,1753,2,14,2,1,2
2018220326663,1,9,0,16,0,0,1,0,0,0,1,1,5,2,36,7,1389,1,23,3,2,3
2018220326663,2,17,0,17,0,0,0,0,0,0,1,1,1,1,22,5,4500,2,20,5,3,5
2018220326663,3,17,0,4,0,0,0,0,0,0,0,1,1,1,73,10,6728,2,7,-1,3,-1
2018220326696,1,9,0,18,0,8,0,0,0,0,1,1,5,1,43,7,1499,2,3,7,1,7
2018220326696,2,9,0,4,0,1,0,0,0,0,2,1,5,2,49,8,2487,2,18,6,3,6
2018220326729,1,3,0,12,0,0,1,0,2,0,4,1,5,1,20,4,125,1,2,-1,3,-1
2018220326729,2,9,0,13,0,0,0,0,0,0,0,1,6,3,34,6,-1,-1,-1,-1,-1,-1
2018220326736,1,3,0,18,0,0,1,0,0,0,3,1,5,1,20,4,-1,-1,-1,7,3,7
2018220326778,1,9,0,7,0,5,0,0,1,4,2,1,5,2,86,11,1560,2,9,5,3,5
2018220326778,2,21,0,18,0,8,0,0,0,0,1,1,1,1,64,9,4500,2,2,4,1,4
2018220326797,1,9,0,18,0,0,0,0,0,0,1,1,5,1,63,9,1499,2,-1,4,3,4
2018220326797,2,9,0,4,0,0,0,0,0,0,2,1,5,1,71,10,1598,1,-1,9,1,9
2018220326797,3,9,0,4,0,0,0,0,0,0,2,1,5,1,71,10,1995,2,5,1,1,1
2018220326797,4,17,0,18,0,0,0,0,0,0,0,1,1,3,34,6,-1,-1,-1,-1,-1,-1
2018220326807,1,9,0,18,0,4,0,0,0,0,1,1,5,1,65,9,998,1,4,10,1,10
2018220326807,2,1,0,18,0,8,0,7,0,0,2,1,5,1,55,8,-1,-1,-1,10,1,10
2018220326816,1,9,0,16,0,0,1,0,0,0,1,1,5,1,34,6,1968,2,10,8,1,8
2018220326816,2,21,0,17,0,0,0,0,0,0,1,1,1,1,66,10,-1,-1,-1,9,3,9
2018220326881,1,9,0,18,0,1,0,0,0,0,3,1,6,2,-1,-1,-1,-1,-1,-1,-1,-1
2018220327000,1,19,0,18,0,8,1,0,0,0,1,1,1,1,23,5,2400,2,16,3,1,3
2018220327000,2,9,0,18,0,4,2,0,0,0,3,1,2,2,18,4,1242,1,1,6,1,6
2018220327101,1,9,0,14,0,4,0,0,0,0,4,1,6,3,34,6,-1,-1,-1,-1,-1,-1
2018220327101,2,4,0,8,0,1,0,0,0,0,2,1,5,2,50,8,638,1,3,6,1,6
2018220327185,1,9,0,4,0,1,0,0,0,0,1,1,1,1,50,8,2720,2,10,10,3,10
2018220327185,2,9,0,4,0,1,0,0,0,0,2,1,1,2,25,5,998,1,16,2,1,2
2018220327186,1,19,0,18,0,8,0,0,0,0,3,1,1,1,35,6,2198,2,2,5,1,5
2018220327188,1,9,0,7,0,6,5,10,7,0,1,1,5,2,20,4,1229,1,10,2,1,2
2018220327188,2,9,0,10,0,8,0,0,0,0,1,1,5,1,22,5,1598,2,5,9,1,9
2018220327188,3,9,0,7,0,6,0,0,0,0,0,1,5,1,34,6,-1,-1,-1,-1,-1,-1
2018220327201,1,9,0,17,0,0,2,0,8,10,3,1,5,1,23,5,1124,1,18,5,3,5
2018220327209,1,9,0,17,0,8,0,0,0,0,1,1,5,2,39,7,1198,1,4,7,1,7
2018220327477,1,9,0,5,0,6,0,0,0,0,1,1,1,1,32,6,1973,1,17,-1,-1,-1
2018220327477,2,9,0,17,0,8,5,0,7,0,4,1,5,2,55,8,1248,1,4,5,3,5
2018220327540,1,11,0,18,0,0,0,0,0,0,1,1,1,1,31,6,5900,2,11,7,1,7
2018220327571,1,9,0,16,0,0,0,0,0,0,1,1,6,1,24,5,1798,1,9,-1,-1,-1
2018220327571,2,9,0,17,0,0,0,0,0,0,1,1,5,2,36,7,1598,1,11,4,1,4
2018220327579,1,9,0,18,0,8,0,0,0,0,3,1,6,3,34,6,2378,1,14,-1,-1,-1
2018220327608,1,1,0,18,0,8,0,0,0,0,2,1,2,1,23,5,-1,-1,-1,3,1,3
2018220327608,2,98,0,18,0,8,0,0,0,0,1,1,6,1,34,6,-1,-1,-1,-1,-1,-1
2018220327636,1,9,0,18,0,0,0,0,0,0,1,1,5,2,48,8,1995,2,7,5,3,5
2018220327636,2,22,0,18,0,0,2,0,0,0,2,1,6,1,62,9,-1,-1,-1,2,1,2
2018220327714,1,9,0,5,0,4,0,0,0,0,3,1,5,2,29,6,998,1,-1,4,1,4
2018220327714,2,1,0,18,0,8,0,0,0,0,1,1,5,1,33,6,-1,-1,-1,5,1,5
2018220327730,1,1,0,18,0,8,0,0,0,0,1,1,2,1,34,6,-1,-1,-1,9,1,9
2018220327730,2,9,0,7,0,6,0,0,0,0,1,1,5,1,47,8,3996,1,19,5,3,5
2018220327838,1,1,0,18,0,0,0,0,0,0,3,1,5,1,52,8,-1,-1,-1,10,1,10
2018220327838,2,9,0,4,0,0,0,0,0,0,4,1,6,1,55,8,-1,-1,-1,10,1,10
2018220327945,1,9,0,18,0,0,0,0,1,7,1,1,5,1,51,8,1796,1,12,2,1,2
2018220327952,1,5,0,18,0,8,1,0,0,0,4,1,1,1,42,7,1462,1,7,6,3,6
2018220327952,2,9,0,7,0,6,0,0,0,0,0,1,5,1,81,11,1590,1,14,5,3,5
2018220327987,1,9,0,13,0,0,0,0,0,0,4,1,6,1,56,9,2400,2,7,-1,-1,-1
2018220327987,2,9,0,18,0,0,0,0,1,10,3,1,5,2,36,7,1984,1,17,4,2,4
2018220328056,1,9,0,9,7,0,0,0,0,0,3,1,5,2,46,8,1560,2,3,10,1,10
2018220328056,2,9,0,13,0,0,0,0,0,0,1,1,5,1,44,7,1995,2,3,-1,-1,-1
2018220328269,1,5,0,13,0,8,0,0,0,0,1,1,5,1,72,10,645,1,3,10,1,10
2018220328269,2,17,5,9,0,5,0,0,0,0,3,1,1,1,29,6,-1,2,12,2,1,2
2018220328334,1,9,0,18,0,0,0,0,0,0,1,1,5,2,56,9,998,1,-1,9,1,9
2018220328334,2,19,0,4,0,0,0,0,0,0,2,1,5,1,38,7,2298,2,2,6,2,6
2018220328441,1,9,0,12,0,4,0,0,0,0,3,1,5,1,18,4,1998,1,2,2,1,2
2018220328441,2,9,0,18,0,4,0,0,0,0,4,1,5,2,49,8,999,1,3,7,1,7
2018220328560,1,19,0,18,0,1,1,0,0,0,1,1,1,1,35,6,1753,2,11,-1,-1,-1
2018220328560,2,20,0,4,0,1,0,0,0,0,2,1,1,1,65,9,4250,2,7,-1,1,-1
2018220328775,1,9,0,9,0,5,0,0,0,0,3,1,5,2,60,9,1598,2,6,7,1,7
2018220328775,2,1,0,13,0,8,0,0,0,0,4,1,5,1,60,9,-1,-1,-1,6,1,6
2018220328827,1,9,0,16,0,0,1,0,8,4,1,1,5,2,22,5,1360,1,12,5,1,5
2018220328836,1,9,0,16,0,0,0,0,0,0,3,1,2,2,56,9,1587,1,15,-1,3,-1
2018220328836,2,9,0,17,0,0,0,0,1,0,3,1,2,2,35,6,1560,2,9,8,3,8
2018220328909,1,9,0,9,0,8,0,0,0,0,3,1,5,1,56,9,1399,1,1,-1,-1,-1
2018220328909,2,4,0,9,0,8,0,0,0,0,4,1,5,1,53,8,-1,-1,-1,2,1,2
2018220328912,1,9,0,18,0,4,5,9,5,1,1,1,5,1,24,5,1956,2,4,3,1,3
2018220328948,1,1,0,18,0,6,0,0,0,0,3,1,5,1,12,3,-1,-1,-1,3,1,3
2018220328948,2,9,0,17,0,8,0,0,0,0,1,1,5,1,27,6,1686,2,6,5,1,5
2018220328970,1,9,0,18,0,0,0,0,0,0,1,1,1,2,47,8,1390,1,12,3,1,3
2018220328970,2,22,0,18,0,0,0,0,0,0,4,1,5,1,68,10,-1,-1,-1,2,1,2
2018220329019,1,21,4,16,0,0,2,0,0,0,2,1,1,1,64,9,6370,2,11,-1,2,-1
2018220329019,2,9,0,17,0,0,0,0,0,0,2,1,5,1,22,5,1461,2,11,9,2,9
2018220329019,3,9,0,17,0,0,2,0,0,0,3,1,5,1,72,10,1686,2,5,4,2,4
2018220329019,4,19,0,17,0,0,1,0,2,0,1,1,1,1,47,8,1968,2,6,7,3,7
2018220329052,1,9,0,7,0,6,0,0,0,0,3,1,5,1,29,6,1995,2,8,1,1,1
2018220329052,2,9,0,18,0,8,0,0,0,0,1,1,5,2,44,7,1968,2,4,9,1,9
2018220329059,1,9,0,18,0,0,5,0,7,0,3,1,5,2,19,4,999,1,4,-1,-1,-1
2018220329065,1,9,0,18,0,8,0,10,0,0,1,1,5,2,21,5,1995,2,4,6,3,6
2018220329065,2,9,0,18,0,8,0,0,0,0,3,1,6,1,40,7,1229,1,4,5,1,5
2018220329483,1,19,0,11,0,0,0,0,0,0,1,2,1,1,33,6,-1,-1,-1,-1,-1,-1
2018220329483,2,9,0,18,0,0,0,0,0,0,3,1,6,2,27,6,1242,1,11,4,1,4
2018220329591,1,9,0,18,0,0,0,0,5,6,1,1,5,1,47,8,1242,1,9,3,1,3
2018220329591,2,98,1,18,0,0,0,0,0,0,2,1,1,1,57,9,-1,-1,-1,9,1,9
2018220329603,1,9,0,9,0,6,0,0,0,0,1,1,1,2,49,8,1329,1,2,2,1,2
2018220329775,1,9,0,16,0,8,0,0,0,0,4,1,6,3,34,6,-1,-1,-1,-1,-1,-1
2018220329958,1,9,0,13,0,0,1,0,0,0,4,1,2,2,24,5,1390,1,5,8,1,8
2018220329958,2,21,1,18,0,0,0,0,0,0,3,1,1,1,43,7,12902,2,5,6,3,6
2018220329958,3,21,1,18,0,0,0,0,0,0,3,1,1,2,45,7,12419,2,3,9,3,9
2018220329976,1,9,0,18,0,0,0,0,0,0,3,1,6,2,38,7,1796,1,7,1,1,1
2018220329976,2,9,0,18,0,0,0,0,0,0,3,1,6,1,24,5,2143,2,-1,-1,-1,-1
2018220329998,1,9,0,18,0,0,5,4,0,0,4,1,5,1,54,8,1318,1,-1,6,1,6
2018220329998,2,9,0,2,0,0,0,0,0,0,3,1,5,1,55,8,2199,2,4,5,3,5
2018220329998,3,9,0,2,0,0,0,0,0,0,3,1,6,3,34,6,1598,1,11,-1,-1,-1
2018220330006,1,9,0,18,0,3,0,0,0,0,1,1,6,1,34,6,-1,-1,-1,-1,-1,-1
2018220330006,2,1,0,18,0,2,0,0,0,0,2,1,2,1,22,5,-1,-1,-1,9,2,9
2018220330018,1,9,0,17,0,0,0,0,0,0,1,1,5,1,42,7,1968,2,3,6,3,6
2018220330018,2,9,0,16,0,0,0,0,0,0,1,1,5,2,52,8,1198,1,9,6,3,6
2018220330018,3,9,0,16,0,0,0,0,0,0,1,1,5,1,37,7,1998,2,7,5,1,5
2018220330070,1,9,0,18,0,0,0,0,0,0,3,1,3,2,23,5,998,1,5,4,1,4
2018220330153,1,1,0,7,0,4,0,0,0,0,3,1,5,1,58,9,-1,-1,-1,2,1,2
2018220330153,2,9,0,7,0,3,0,0,0,0,3,1,6,1,82,11,1590,1,17,-1,-1,-1
2018220330261,1,9,0,16,0,0,1,0,1,2,4,1,1,2,37,7,1124,1,12,2,1,2
2018220330299,1,19,0,17,0,0,0,0,0,0,4,1,6,1,43,7,2298,2,5,3,1,3
2018220330345,1,9,0,16,0,0,1,10,1,2,1,1,5,1,25,5,1840,1,18,3,1,3
2018220330379,1,3,0,13,0,8,0,0,7,0,4,1,5,1,22,5,125,1,1,8,1,8
2018220330379,2,9,0,9,0,5,0,0,0,0,3,1,1,2,31,6,1598,1,2,8,3,8
2018220330397,1,8,0,9,0,5,0,0,0,0,3,1,1,1,46,8,1598,1,5,2,1,2
2018220330397,2,3,0,13,0,8,0,0,0,0,4,1,5,1,18,4,125,1,1,3,1,3
2018220330415,1,9,0,11,0,0,0,0,0,0,2,1,6,1,53,8,2720,2,13,5,1,5
2018220330415,2,9,0,18,0,0,0,0,0,0,1,1,5,2,29,6,1242,1,8,8,1,8
2018220330430,1,9,0,17,0,8,1,0,0,0,1,1,5,1,29,6,2993,2,12,7,3,7
2018220330430,2,9,0,7,0,5,0,0,0,0,2,1,5,2,25,5,1242,1,1,5,-1,5
2018220330455,1,9,0,3,0,0,0,0,0,0,2,1,5,2,52,8,875,1,6,8,1,8
2018220330455,2,9,0,18,0,0,0,0,0,0,1,1,5,2,25,5,1200,1,2,7,1,7
2018220330455,3,9,0,3,0,0,0,0,0,0,2,1,5,2,70,10,999,1,4,10,1,10
2018220330673,1,9,0,16,0,0,0,0,0,0,1,1,5,2,28,6,2500,2,18,4,3,4
2018220330673,2,9,0,17,0,0,0,0,0,0,1,1,6,1,65,9,1998,1,1,5,1,5
2018220330681,1,9,0,18,0,0,0,0,0,0,1,1,5,1,82,11,1598,1,15,8,1,8
2018220330705,1,9,0,18,0,8,0,0,0,0,1,1,5,2,41,7,1598,1,8,9,1,9
2018220330705,2,9,0,18,0,6,0,0,0,0,4,1,5,2,22,5,1197,1,2,10,1,10
2018220330720,1,9,0,2,9,0,0,0,0,0,4,2,6,1,34,6,-1,-1,-1,-1,-1,-1
2018220330720,2,1,0,18,9,0,0,0,0,0,1,1,4,2,12,3,-1,-1,-1,8,1,8
2018220330815,1,9,0,18,0,8,0,4,3,10,1,1,5,1,86,11,1991,2,12,6,3,6
2018220330815,2,9,0,2,0,1,0,0,0,0,1,1,6,3,34,6,1200,1,2,-1,-1,-1
2018220330815,3,9,0,2,0,1,0,0,0,0,3,1,6,3,44,7,-1,-1,-1,-1,-1,-1
2018220330825,1,21,0,8,0,8,0,0,0,0,3,1,1,1,56,9,7146,2,8,6,1,6
2018220330825,2,9,0,18,0,8,0,0,0,0,3,1,5,1,81,11,1390,1,6,4,1,4
2018220330825,3,9,0,18,0,8,1,0,0,0,2,1,5,1,21,5,1390,1,6,6,1,6
2018220330825,4,9,0,18,0,8,1,0,0,0,1,1,5,1,22,5,-1,-1,-1,1,1,1
2018220331105,1,9,0,18,0,0,0,0,5,6,1,1,5,1,44,7,1891,2,16,3,1,3
2018220331152,1,9,0,1,0,1,0,0,0,0,2,1,6,1,34,6,1951,2,17,-1,-1,-1
2018220331152,2,9,0,3,0,1,0,0,0,0,3,1,2,1,49,8,1595,1,4,8,1,8
2018220331159,1,9,0,9,0,6,0,0,0,0,3,1,6,2,45,7,1997,2,-1,7,3,7
2018220331159,2,9,0,18,0,8,0,0,0,0,1,1,5,2,83,11,1242,1,9,5,1,5
2018220331191,1,9,0,18,0,0,2,10,7,0,1,1,5,1,18,4,1560,2,9,5,3,5
2018220331398,1,9,0,9,0,6,0,0,0,0,1,1,6,2,24,5,1461,2,1,1,1,1
2018220331398,2,9,0,18,0,8,0,0,0,0,4,1,5,1,21,5,1995,2,15,6,1,6
2018220331425,1,9,0,18,0,0,0,0,1,10,1,1,5,1,72,10,1388,1,14,4,3,4
2018220331425,2,9,0,18,0,0,0,0,0,0,1,1,5,1,47,8,1968,2,3,4,3,4
2018220331433,1,2,0,9,0,8,0,0,0,0,4,1,2,1,17,4,49,1,6,1,1,1
2018220331433,2,9,0,5,0,4,0,0,0,0,1,1,6,1,21,5,1598,1,11,-1,-1,-1
2018220331466,1,9,0,18,0,2,0,0,0,0,4,1,5,2,76,11,1242,1,2,4,3,4
2018220331468,1,9,0,7,0,3,0,0,0,0,1,1,6,1,34,6,1798,1,10,-1,-1,-1
2018220331468,2,1,0,18,0,2,0,0,0,0,1,1,5,1,42,7,-1,-1,-1,3,1,3
2018220331504,1,9,0,18,0,7,0,0,0,0,3,1,1,1,39,7,2993,2,1,4,1,4
2018220331504,2,21,1,18,0,8,0,0,0,0,1,1,1,1,46,8,12900,2,8,4,1,4
2018220331504,3,19,0,18,0,8,0,0,0,0,1,1,1,1,42,7,2463,2,12,2,1,2
2018220331551,1,9,0,5,9,0,0,0,0,0,4,1,6,2,44,7,998,1,4,9,1,9
2018220331618,1,9,0,9,0,5,0,0,0,0,1,1,5,1,30,6,1995,2,7,4,1,4
2018220331618,2,9,0,18,0,8,0,0,0,0,1,1,5,1,43,7,1995,2,1,8,3,8
2018220331630,1,9,0,17,0,0,0,0,1,9,4,1,2,1,38,7,2171,2,18,2,2,2
2018220331724,1,9,0,17,0,0,0,0,2,4,1,1,5,1,25,5,1043,1,25,7,3,7
2018220331853,1,98,0,18,0,0,0,0,0,0,1,1,5,1,60,9,-1,-1,-1,4,1,4
2018220331853,2,9,0,18,0,0,0,0,1,0,1,1,5,1,25,5,1598,2,7,6,1,6
2018220331865,1,9,0,18,0,0,0,10,2,0,1,1,5,2,27,6,1364,1,8,5,1,5
2018220331865,2,9,0,18,0,0,0,0,0,0,1,1,5,1,65,9,1896,2,10,5,3,5