Accident_Index,Vehicle_Reference,Vehicle_Type,Towing_and_Articulation,Vehicle_Manoeuvre,Vehicle_Location-Restricted_Lane,Junction_Location,Skidding_and_Overturning,Hit_Object_in_Carriageway,Vehicle_Leaving_Carriageway,Hit_Object_off_Carriageway,1st_Point_of_Impact,Was_Vehicle_Left_Hand_Drive?,Journey_Purpose_of_Driver,Sex_of_Driver,Age_of_Driver,Age_Band_of_Driver,Engine_Capacity_(CC),Propulsion_Code,Age_of_Vehicle,Driver_IMD_Decile,Driver_Home_Area_Type,Vehicle_IMD_Decile
2018220331873,1,9,0,9,0,6,0,0,0,0,4,1,1,2,56,9,-1,-1,-1,5,1,5
2018220331873,2,9,0,18,0,8,0,0,0,0,1,1,1,2,49,8,1995,2,4,6,3,6
2018220332005,1,9,0,9,0,5,0,0,0,0,1,1,5,2,45,7,1598,1,16,4,3,4
2018220332005,2,17,5,18,0,8,0,0,0,0,1,1,1,1,21,5,4525,2,8,4,3,4
2018220332024,1,9,0,18,0,1,0,0,0,0,1,1,6,1,87,11,1796,1,9,3,1,3
2018220332024,2,1,0,18,0,8,0,0,0,0,2,1,5,1,14,3,-1,-1,-1,5,1,5
2018220332044,1,9,0,10,0,1,0,0,0,0,2,1,6,2,23,5,1242,1,3,10,2,10
2018220332044,2,9,0,3,0,1,1,0,0,0,1,1,6,1,72,10,2188,2,10,5,1,5
2018220332044,3,9,0,3,0,1,0,0,0,0,1,1,6,2,73,10,1329,1,8,10,1,10
2018220332069,1,9,0,4,0,0,1,0,0,0,0,1,1,2,21,5,998,1,3,-1,2,-1
2018220332069,2,9,0,4,0,0,0,0,0,0,2,1,5,1,67,10,-1,-1,-1,4,1,4
2018220332069,3,9,0,18,0,0,0,0,0,0,1,1,1,1,30,6,-1,-1,-1,6,1,6
2018220332074,1,9,0,13,0,8,0,0,0,0,1,1,2,1,21,5,-1,-1,-1,3,2,3
2018220332074,2,17,0,9,0,5,0,0,0,0,3,1,1,1,21,5,6788,2,2,5,3,5
2018220332121,1,9,0,17,0,0,1,10,2,11,4,1,5,1,18,4,1360,1,17,9,1,9
2018220332227,1,9,0,18,0,8,1,0,0,0,1,1,5,1,46,8,-1,-1,-1,5,1,5
2018220332227,2,9,0,10,0,8,0,0,0,0,2,1,5,2,24,5,-1,-1,-1,8,1,8
2018220332281,1,9,0,13,0,1,0,0,0,0,1,1,5,1,77,11,1399,2,12,5,3,5
2018220332281,2,19,0,17,0,2,0,0,0,0,3,1,1,1,49,8,2143,2,3,1,1,1
2018220332281,3,9,0,10,0,1,0,0,0,0,3,1,2,2,50,8,1998,1,-1,10,1,10
2018220332295,1,21,0,16,0,8,0,0,0,0,3,1,1,1,28,6,12777,2,3,4,1,4
2018220332295,2,3,0,17,0,8,0,0,1,0,3,1,5,1,21,5,125,1,7,8,1,8
2018220332306,1,9,0,9,8,0,0,0,0,0,3,1,5,1,75,10,-1,-1,-1,7,1,7
2018220332306,2,9,0,18,0,0,0,0,0,0,1,1,1,1,24,5,2494,2,14,5,3,5
2018220332321,1,9,0,18,0,0,0,0,0,0,1,1,5,1,36,7,1968,2,5,6,1,6
2018220332330,1,4,0,5,5,6,0,0,0,0,1,1,2,2,52,8,-1,-1,-1,9,1,9
2018220332330,2,1,0,18,5,8,1,0,0,0,4,1,6,1,62,9,-1,-1,-1,6,2,6
2018220332342,1,9,0,16,0,0,1,0,1,0,3,1,5,2,18,4,1199,1,15,4,1,4
2018220332342,2,9,0,17,0,0,0,0,0,0,3,1,5,2,43,7,1956,2,9,4,1,4
2018220332374,1,9,0,17,0,0,0,0,0,0,3,1,1,1,29,6,1598,1,11,7,1,7
2018220332378,1,9,0,18,0,1,0,0,1,4,1,1,6,1,78,11,998,1,3,5,1,5
2018220332402,1,9,0,18,0,0,0,0,0,0,3,1,6,1,49,8,1598,2,6,6,1,6
2018220332402,2,1,0,18,0,0,0,0,0,0,3,1,5,1,58,9,-1,-1,-1,7,2,7
2018220332461,1,9,0,1,0,8,0,0,0,0,2,1,1,1,28,6,-1,-1,-1,2,1,2
2018220332461,2,9,0,7,0,6,0,0,0,0,1,1,5,2,56,9,1461,2,8,5,3,5
2018220332489,1,9,0,9,0,6,0,0,0,0,2,1,5,1,29,6,1968,2,1,6,3,6
2018220332489,2,5,0,18,0,8,0,0,0,0,1,1,5,1,24,5,650,1,4,7,1,7
2018220332491,1,17,0,16,0,0,0,0,0,0,3,1,1,2,25,5,6788,2,-1,7,3,7
2018220332491,2,1,0,17,0,0,0,0,0,0,3,1,5,2,41,7,-1,-1,-1,8,1,8
2018220332614,1,9,0,18,0,0,0,0,1,11,3,1,2,1,71,10,2998,1,-1,7,1,7
2018220332614,2,9,0,18,0,0,0,0,0,0,1,1,6,1,20,4,1910,2,11,2,1,2
2018220332652,1,9,0,9,0,5,0,0,0,0,4,1,5,2,49,8,1560,2,10,10,2,10
2018220332652,2,1,0,18,0,8,0,0,0,0,1,1,5,1,66,10,-1,-1,-1,9,2,9
2018220332717,1,9,0,9,0,6,0,0,0,0,3,1,5,2,22,5,998,1,6,8,2,8
2018220332717,2,9,0,18,0,8,0,0,0,0,1,1,5,2,58,9,1997,2,18,6,1,6
2018220332744,1,9,0,18,0,0,0,0,0,0,1,1,5,1,43,7,2993,2,-1,5,1,5
2018220332744,2,1,0,18,0,0,0,0,0,0,1,1,6,1,30,6,-1,-1,-1,5,1,5
2018220332820,1,9,0,5,0,4,0,0,0,0,1,1,5,1,18,4,1598,2,5,8,1,8
2018220332820,2,1,0,9,0,8,0,0,0,0,4,1,5,1,19,4,-1,-1,-1,6,1,6
2018220332852,1,98,0,18,0,0,0,0,0,0,4,1,6,3,34,6,-1,-1,-1,-1,-1,-1
2018220332856,1,9,0,18,0,2,0,0,0,0,1,1,5,1,20,4,1598,1,21,6,3,6
2018220332883,1,9,0,3,0,1,0,0,0,0,2,1,5,2,52,8,1390,2,14,5,1,5
2018220332883,2,21,1,4,0,1,1,0,0,0,1,1,1,1,42,7,10837,2,2,3,1,3
2018220332901,1,5,0,18,0,0,0,0,0,0,1,1,6,1,29,6,598,1,20,5,3,5
2018220333122,1,9,0,18,0,0,5,0,8,10,1,1,5,1,43,7,2720,2,8,4,3,4
2018220333138,1,9,0,18,0,8,0,0,7,11,4,1,5,2,62,9,2987,2,7,6,3,6
2018220333138,2,19,0,18,0,6,0,0,0,0,1,1,1,1,22,5,1868,2,13,7,3,7
2018220333186,1,9,0,9,0,6,0,0,0,0,3,1,5,1,32,6,1984,1,11,6,1,6
2018220333186,2,9,0,18,0,8,0,0,0,0,1,1,5,1,24,5,1598,2,3,5,3,5
2018220333210,1,9,0,5,0,6,0,0,0,0,1,1,5,2,38,7,1997,2,15,8,1,8
2018220333210,2,9,0,17,0,8,0,0,0,0,4,1,5,1,25,5,-1,-1,-1,6,1,6
2018220333213,1,9,0,9,0,6,0,0,0,0,3,1,5,1,30,6,1968,2,9,6,2,6
2018220333213,2,9,0,18,0,8,0,0,0,0,1,1,5,1,85,11,1995,2,6,5,3,5
2018220333218,1,1,0,14,0,0,0,8,0,0,1,1,4,2,13,3,-1,-1,-1,-1,-1,-1
2018220333218,2,9,0,2,0,0,0,0,0,0,3,1,3,2,31,6,1248,1,-1,10,-1,10
2018220333437,1,9,0,16,0,0,5,0,1,0,1,1,5,1,34,6,2495,2,17,2,1,2
2018220333606,1,9,0,9,0,5,0,0,0,0,1,1,6,3,34,6,1587,1,12,-1,-1,-1
2018220333606,2,9,0,9,0,6,0,0,0,0,3,1,5,1,20,4,1968,2,3,4,3,4
2018220333696,1,9,0,5,0,6,0,0,0,0,1,1,5,2,33,6,1992,2,10,5,3,5
2018220333713,1,5,0,16,0,0,1,4,0,0,1,1,6,1,31,6,899,1,19,2,1,2
2018220333713,2,9,0,2,0,0,0,0,0,0,4,1,6,2,34,6,999,1,1,-1,-1,-1
2018220333713,3,9,0,2,0,0,0,0,0,0,3,1,6,2,27,6,1242,1,12,6,3,6
2018220333727,1,9,0,4,0,1,0,0,0,0,1,1,5,2,19,4,1995,2,9,7,1,7
2018220333727,2,1,0,18,0,8,0,0,0,0,1,1,5,2,13,3,-1,-1,-1,7,1,7
2018220333734,1,19,0,9,0,7,0,0,0,0,1,1,1,1,31,6,1560,2,2,5,1,5
2018220333734,2,9,0,18,0,8,0,6,0,0,3,1,5,2,36,7,1364,1,10,2,1,2
2018220333738,1,9,0,18,0,6,0,0,7,0,3,1,5,2,56,9,1298,1,13,-1,3,-1
2018220333738,2,9,0,18,0,8,0,0,7,1,4,1,1,1,62,9,1598,2,2,-1,1,-1
2018220333746,1,9,0,18,0,0,0,0,0,0,1,1,3,1,38,7,1242,1,7,2,1,2
2018220333760,1,9,0,16,0,0,0,0,1,11,3,1,2,1,18,4,1390,1,11,7,3,7
2018220333760,2,19,0,17,0,0,0,0,0,0,3,1,1,1,25,5,1995,2,-1,-1,2,-1
2018220333762,1,9,0,16,0,2,1,0,0,0,4,1,3,1,51,8,1686,2,16,8,1,8
2018220333762,2,9,0,17,0,1,0,0,0,0,1,1,3,2,42,7,1248,1,5,2,1,2
2018220333981,1,9,0,5,0,8,0,0,0,0,1,1,6,1,34,6,1497,8,2,-1,-1,-1
2018220333993,1,9,0,18,0,8,0,0,0,0,1,1,5,1,43,7,3200,1,10,2,1,2
2018220333993,2,9,0,9,0,5,5,0,0,0,2,1,5,2,29,6,1397,1,11,6,3,6
2018220334074,1,9,0,18,0,8,0,0,0,0,3,1,5,2,27,6,1399,2,9,4,3,4
2018220334074,2,9,0,18,0,3,0,0,0,0,1,1,6,1,35,6,-1,-1,-1,6,3,6
2018220334083,1,9,0,16,0,0,0,0,0,0,1,1,5,1,31,6,2000,1,9,5,3,5
2018220334083,2,9,0,3,0,0,0,0,0,0,2,1,5,1,20,4,-1,-1,-1,6,1,6
2018220334083,3,9,0,3,0,0,0,0,0,0,2,1,5,1,64,9,1198,1,3,6,1,6
2018220334083,4,21,0,17,0,0,0,0,0,0,3,1,1,1,33,6,2977,2,11,-1,1,-1
2018220334109,1,9,0,16,0,0,0,0,1,10,3,1,5,1,84,11,1398,1,3,8,1,8
2018220334109,2,9,0,17,0,0,0,0,0,0,3,1,5,2,50,8,996,1,5,5,3,5
2018220334175,1,5,0,14,0,8,0,0,0,0,1,1,5,1,51,8,1462,1,8,9,1,9
2018220334175,2,9,0,9,0,6,0,0,0,0,1,1,5,2,25,5,1200,1,2,9,1,9
2018220334259,1,8,0,18,0,0,0,0,0,0,1,1,1,1,31,6,1995,2,4,8,1,8
2018220334259,2,1,0,18,0,0,0,0,0,0,3,1,4,1,12,3,-1,-1,-1,8,1,8
2018220334317,1,9,0,7,0,6,0,0,0,0,3,1,5,1,66,10,1499,2,1,8,1,8
2018220334317,2,4,0,17,0,8,1,0,0,0,1,1,5,1,65,9,1170,1,8,-1,1,-1
2018220334413,1,9,0,17,0,2,0,10,2,11,1,1,1,1,52,8,1149,1,11,7,1,7
2018220334620,1,9,0,3,0,1,0,0,0,0,2,1,5,1,33,6,1598,2,1,5,-1,5
2018220334620,2,9,0,18,0,4,0,0,0,0,1,1,5,1,79,11,1197,1,3,8,1,8
2018220334632,1,9,0,6,0,0,0,0,0,0,3,1,6,3,34,6,-1,-1,-1,-1,-1,-1
2018220334632,2,3,0,13,0,0,0,0,0,0,1,1,2,1,28,6,124,1,12,1,1,1
2018220334698,1,1,0,12,0,0,0,0,0,0,3,1,5,1,70,10,-1,-1,-1,5,3,5
2018220334698,2,17,0,13,0,0,0,0,0,0,4,1,1,1,29,6,6788,2,-1,5,3,5
2018220334704,1,9,0,18,0,6,0,0,7,11,1,1,2,1,17,4,1499,1,-1,4,3,4
2018220334704,2,9,0,18,0,8,0,0,1,11,3,1,2,2,28,6,998,1,-1,7,1,7
2018220334730,1,9,0,9,0,5,0,0,0,0,1,1,1,2,44,7,1598,2,1,4,1,4
2018220334730,2,5,0,17,0,8,0,0,0,0,1,1,5,1,42,7,998,1,14,6,1,6
2018220334759,1,9,0,1,0,0,0,0,0,0,2,1,1,1,52,8,898,1,2,5,1,5
2018220334759,2,9,0,2,0,0,0,0,0,0,0,1,5,2,47,8,-1,-1,-1,6,3,6
2018220334771,1,9,0,4,0,0,0,0,0,0,1,1,5,1,60,9,998,1,24,5,1,5
2018220334771,2,9,0,3,0,0,0,0,0,0,2,1,5,2,22,5,1229,1,8,2,1,2
2018220334771,3,9,0,18,0,0,0,0,0,0,0,1,1,1,42,7,2993,2,1,4,1,4
2018220334771,4,9,0,18,0,0,0,0,0,0,0,1,1,1,41,7,-1,-1,-1,4,1,4
2018220334771,5,9,0,18,0,0,0,0,0,0,0,1,1,1,38,7,2993,2,-1,4,1,4
2018220334837,1,9,0,18,9,0,0,10,1,0,4,1,5,2,60,9,1994,1,15,3,1,3
2018220335138,1,98,0,18,0,8,0,0,7,11,1,1,1,2,23,5,-1,-1,-1,4,1,4
2018220335138,2,9,0,10,0,1,0,0,7,11,4,1,2,1,42,7,2993,2,-1,4,3,4
2018220335144,1,9,0,17,0,0,0,0,0,0,3,1,6,2,44,7,1997,2,19,5,3,5
2018220335144,2,9,0,16,0,0,0,0,0,0,3,1,5,2,46,8,1461,2,1,5,3,5
2018220335171,1,9,0,18,9,0,0,10,0,0,4,1,6,3,34,6,-1,-1,-1,-1,-1,-1
2018220335176,1,9,0,18,0,8,0,0,0,0,1,1,1,2,36,7,1969,2,3,9,1,9
2018220335176,2,9,0,10,0,8,0,0,0,0,2,1,1,2,41,7,-1,-1,-1,9,-1,9
2018220335177,1,9,0,18,0,0,0,0,0,0,3,1,5,1,91,11,1461,2,-1,-1,3,-1
2018220335177,2,17,4,18,0,0,0,0,0,0,3,1,1,1,51,8,-1,2,13,5,3,5
2018220335242,1,9,0,18,0,6,1,0,0,0,1,1,5,1,26,6,1560,2,6,2,1,2
2018220335242,2,9,0,18,0,8,1,0,0,0,3,1,5,2,29,6,1598,2,2,4,3,4
2018220335262,1,9,0,16,0,0,1,0,0,0,3,1,6,1,20,4,-1,-1,-1,7,1,7
2018220335262,2,9,0,17,0,0,0,0,0,0,3,1,5,2,52,8,1999,2,1,5,3,5
2018220335267,1,9,0,18,0,0,0,0,0,0,1,1,1,1,18,4,999,1,-1,6,3,6
2018220335288,1,9,0,9,0,6,0,0,0,0,1,1,5,1,75,10,1997,2,3,7,3,7
2018220335288,2,5,0,9,0,5,0,0,0,0,3,1,5,1,64,9,1170,1,4,8,1,8
2018220335311,1,9,0,16,0,0,0,0,0,0,1,1,5,1,18,4,1242,1,10,5,1,5
2018220335311,2,1,0,16,0,0,0,0,0,0,2,1,2,2,56,9,-1,-1,-1,-1,-1,-1
2018220335507,1,9,0,9,0,6,0,0,0,0,1,1,5,2,30,6,1997,2,3,5,3,5
2018220335507,2,5,0,17,0,8,0,0,0,0,1,1,5,1,66,10,865,1,10,4,1,4
2018220335549,1,9,0,1,0,0,0,0,0,0,2,1,5,1,65,9,1246,1,10,2,1,2
2018220335565,1,9,0,8,0,1,0,0,0,0,2,1,5,2,37,7,1598,2,2,4,1,4
2018220335565,2,19,0,5,0,1,0,0,0,0,1,1,1,1,24,5,1461,2,1,3,1,3
2018220335585,1,9,0,3,0,1,0,0,0,0,2,1,5,2,21,5,875,1,6,3,1,3
2018220335585,2,9,0,4,0,1,0,0,0,0,1,1,6,1,40,7,1598,1,17,4,1,4
2018220335610,1,9,0,18,0,0,0,0,1,4,1,1,5,1,21,5,1360,1,13,2,1,2
2018220335621,1,9,0,9,0,6,0,0,0,0,1,1,5,2,69,10,1998,1,1,7,3,7
2018220335621,2,9,0,18,0,8,0,0,0,0,4,1,5,2,61,9,1248,2,8,5,2,5
2018220335633,1,9,0,9,0,5,0,0,0,0,1,1,5,1,53,8,2993,2,3,9,3,9
2018220335633,2,9,0,18,0,8,5,0,1,0,1,1,5,1,26,6,2402,2,7,6,1,6
2018220335643,1,9,0,17,0,2,0,0,0,0,1,1,5,1,68,10,1560,2,8,7,3,7
2018220335643,2,9,0,16,0,1,0,0,0,0,1,1,5,1,37,7,1995,2,4,-1,-1,-1
2018220335647,1,98,0,4,0,1,0,0,0,0,1,1,6,1,34,6,-1,-1,-1,-1,-1,-1
2018220335647,2,9,0,10,0,1,0,0,0,0,2,1,5,2,41,7,1248,2,9,6,1,6
2018220335653,1,9,0,18,0,4,0,9,0,0,1,1,5,1,21,5,1956,2,4,6,3,6
2018220335663,1,9,0,9,0,2,0,0,0,0,3,1,5,1,70,10,1248,1,5,10,2,10
2018220335664,1,9,0,13,0,8,0,0,7,10,1,1,1,1,34,6,1995,2,-1,4,1,4
2018220335664,2,9,0,9,0,5,0,0,0,0,3,1,2,2,34,6,1197,1,1,10,1,10
2018220335707,1,9,0,4,0,1,0,0,0,0,1,1,6,2,-1,-1,1388,1,9,5,1,5
2018220335707,2,9,0,3,0,1,0,0,0,0,2,1,5,1,39,7,1986,2,9,9,1,9
2018220335726,1,9,0,18,0,0,0,4,0,0,1,1,5,1,69,10,1229,1,7,5,1,5
2018220335726,2,9,0,2,0,0,0,10,1,11,2,1,5,2,53,8,1581,1,27,8,1,8
2018220335726,3,9,0,18,0,0,0,0,0,0,3,1,5,2,40,7,1997,2,8,4,2,4
2018220335740,1,19,0,9,0,6,0,0,0,0,3,1,5,1,45,7,1997,2,-1,1,1,1
2018220335740,2,19,0,18,0,8,0,0,0,0,1,1,5,2,53,8,2494,2,15,4,2,4
2018220335859,1,9,0,18,0,8,0,0,0,0,4,1,5,2,22,5,1399,2,11,1,1,1
2018220335859,2,9,0,18,0,6,0,0,0,0,1,1,6,2,25,5,1339,1,13,5,1,5
2018220335995,1,9,0,16,0,0,0,0,0,0,1,1,5,2,19,4,1390,1,12,1,1,1
2018220335995,2,9,0,17,0,0,0,0,0,0,1,1,5,1,47,8,1781,1,16,2,1,2
2018220336074,1,9,0,5,0,4,0,0,0,0,1,1,2,2,37,7,2179,2,6,6,1,6
2018220336074,2,1,0,18,0,8,0,0,0,0,1,1,5,1,78,11,-1,-1,-1,8,1,8
2018220336075,1,9,0,9,0,6,0,0,0,0,3,1,5,2,45,7,1390,1,6,6,1,6
2018220336075,2,2,0,16,0,8,1,0,0,0,1,1,5,1,16,4,49,1,9,10,1,10
2018220336103,1,21,0,1,0,0,0,0,0,0,2,1,1,1,37,7,6692,2,6,9,2,9
2018220336110,1,9,0,17,0,0,1,0,7,10,3,1,1,2,51,8,1360,1,16,8,1,8
2018220336128,1,9,0,5,0,0,0,0,0,0,1,1,6,1,67,10,-1,-1,-1,-1,-1,-1
2018220336128,2,9,0,2,0,0,0,0,0,0,1,1,5,1,39,7,-1,-1,-1,5,3,5
2018220336135,1,9,0,18,0,0,0,0,0,0,1,1,6,3,34,6,4293,1,17,-1,-1,-1
2018220336135,2,19,0,3,0,0,0,0,0,0,2,1,5,2,31,6,1968,2,5,8,1,8
2018220336135,3,9,0,3,0,0,0,0,0,0,2,1,6,1,38,7,1386,1,11,5,1,5
2018220336139,1,9,0,18,0,0,0,0,0,0,1,1,6,3,34,6,2494,2,14,-1,-1,-1
2018220336139,2,9,0,18,0,0,0,0,0,0,2,1,5,2,62,9,1896,2,13,4,3,4
2018220336185,1,21,1,18,0,0,0,0,0,0,1,1,1,1,51,8,11120,2,4,4,3,4
2018220336185,2,9,0,3,0,0,0,0,0,0,2,1,2,1,45,7,1968,2,3,4,1,4
2018220336185,3,9,0,3,0,0,0,0,1,4,2,1,2,1,40,7,1242,1,4,8,1,8
2018220336287,1,9,0,4,0,1,0,0,0,0,1,1,6,2,34,6,1984,1,-1,-1,-1,-1
2018220336287,2,9,0,3,0,1,0,0,0,0,2,1,2,1,40,7,2143,2,2,8,1,8
2018220336525,1,9,0,17,0,1,0,0,7,10,1,1,1,1,35,6,3947,6,20,6,3,6
2018220336527,1,19,0,9,0,5,0,0,0,0,1,1,5,1,39,7,2402,2,8,5,1,5
2018220336527,2,1,0,18,0,8,0,0,0,0,1,1,5,1,35,6,-1,-1,-1,5,1,5
2018220336614,1,9,0,13,0,1,0,0,0,0,0,1,6,1,23,5,2696,2,14,9,2,9
2018220336614,2,11,0,4,0,1,0,0,0,0,0,1,1,2,57,9,3900,2,14,1,1,1
2018220336627,1,1,0,18,0,1,0,0,0,0,4,1,5,2,34,6,-1,-1,-1,3,1,3
2018220336627,2,9,0,5,0,1,0,0,0,0,1,1,6,2,34,6,1560,2,4,4,1,4
2018220336765,1,5,0,4,0,0,0,0,0,0,2,1,1,1,56,9,1170,1,5,7,3,7
2018220336765,2,4,0,18,0,0,0,0,0,0,1,1,1,1,27,6,-1,-1,-1,10,1,10
2018220336775,1,9,0,18,0,1,0,0,0,0,1,1,5,2,28,6,1598,1,11,3,1,3
2018220336775,2,1,0,10,0,8,0,0,0,0,2,1,5,1,33,6,-1,-1,-1,1,1,1
2018220336814,1,19,0,18,0,0,1,0,0,0,0,1,5,1,25,5,1868,2,18,2,1,2
2018220336814,2,9,0,13,0,0,1,4,8,0,1,1,6,1,47,8,2891,1,-1,5,1,5
2018220336814,3,11,0,2,0,0,0,0,0,0,2,1,1,3,34,6,9000,2,5,-1,-1,-1
2018220336814,4,11,0,2,0,0,0,0,0,0,3,1,1,3,42,7,9000,2,5,-1,-1,-1
2018220336821,1,9,0,5,0,6,0,0,0,0,1,1,5,1,80,11,998,1,-1,8,1,8
2018220336821,2,3,0,18,0,8,0,0,7,11,4,1,5,1,28,6,-1,-1,-1,4,1,4
2018220336830,1,9,0,18,0,8,0,0,0,0,1,1,5,1,42,7,1580,8,-1,4,3,4
2018220336830,2,9,0,18,0,8,0,0,0,0,1,1,5,2,59,9,1997,2,-1,5,3,5
2018220336850,1,98,0,7,0,5,0,0,0,0,4,1,1,1,25,5,-1,-1,-1,8,1,8
2018220336850,2,3,0,18,0,8,1,0,1,0,1,1,5,1,17,4,-1,-1,-1,2,1,2
2018220336860,1,9,0,9,0,6,0,0,0,0,3,1,5,1,30,6,2993,2,5,7,1,7
2018220336860,2,5,0,14,0,8,0,0,0,0,1,1,5,1,46,8,599,1,19,-1,1,-1
2018220336874,1,9,0,7,0,6,1,0,0,0,3,1,3,1,70,10,2179,2,5,6,3,6
2018220336874,2,9,0,18,0,8,2,0,8,10,1,1,2,1,25,5,1242,1,8,4,3,4
2018220336916,1,9,0,4,0,1,0,0,0,0,2,1,5,2,64,9,1498,1,1,6,3,6
2018220336916,2,9,0,18,0,4,0,0,0,0,1,1,5,1,17,4,1388,1,11,4,3,4
2018220337007,1,11,0,5,0,8,0,0,0,0,4,1,1,1,58,9,-1,-1,-1,6,1,6
2018220337012,1,9,0,18,0,8,0,0,0,0,1,1,5,1,28,6,-1,-1,-1,9,1,9
2018220337012,2,9,0,9,0,6,0,0,0,0,3,1,5,2,17,4,-1,-1,-1,6,2,6
2018220337015,1,98,0,18,9,0,0,10,0,0,3,1,6,3,34,6,-1,-1,-1,-1,-1,-1
2018220337060,1,3,0,13,0,8,0,0,0,0,1,1,5,1,24,5,125,1,-1,9,1,9
2018220337060,2,9,0,9,0,5,0,0,0,0,1,1,3,1,62,9,1799,1,10,5,3,5
2018220337060,3,19,0,3,0,8,0,0,1,0,1,1,2,1,31,6,1968,2,4,-1,-1,-1
2018220337067,1,9,0,7,0,5,0,0,0,0,1,1,5,1,45,7,1796,1,12,5,1,5
2018220337100,1,9,0,7,0,6,0,0,0,0,1,1,5,1,26,6,1399,1,2,9,1,9
2018220337100,2,9,0,18,0,8,0,0,0,0,3,1,5,2,21,5,1328,1,8,9,3,9
2018220337106,1,9,0,16,0,0,1,0,1,0,1,1,6,1,25,5,1988,1,19,-1,-1,-1
2018220337106,2,9,0,17,0,0,0,0,0,0,1,1,2,2,65,9,1598,2,1,7,3,7
2018220337152,1,9,0,17,0,0,1,0,8,10,1,1,5,1,30,6,1998,2,15,5,3,5
2018220337191,1,9,0,18,0,0,0,0,0,0,1,1,6,1,34,6,1995,2,-1,3,1,3
2018220337199,1,9,0,9,0,5,0,0,0,0,1,1,5,2,72,10,1390,1,6,5,1,5
2018220337434,1,9,0,18,0,0,5,0,2,4,4,1,5,2,27,6,1968,2,10,3,2,3
2018220337475,1,9,0,18,0,1,0,0,0,0,1,1,5,2,39,7,1686,2,5,-1,1,-1
2018220337562,1,9,0,18,0,0,0,11,0,0,1,1,5,1,35,6,1956,2,5,6,1,6
2018220337590,1,19,0,18,0,4,0,0,0,0,1,1,1,1,28,6,2198,2,3,6,1,6
2018220337590,2,9,0,3,0,1,0,0,0,0,2,1,2,2,46,8,1242,1,5,10,1,10
2018220337626,1,1,0,18,0,0,0,4,0,0,4,1,2,1,45,7,-1,-1,-1,10,1,10
2018220337626,2,9,0,2,0,0,0,0,0,0,3,1,6,2,24,5,1598,2,-1,-1,-1,-1
2018220337628,1,19,0,18,0,8,0,0,0,0,4,1,1,1,49,8,2148,2,11,8,1,8
2018220337628,2,9,0,5,0,6,0,0,0,0,3,1,5,2,28,6,1242,1,3,2,1,2
2018220337641,1,5,0,17,0,0,0,0,0,0,4,1,5,1,39,7,929,1,17,1,1,1
2018220337664,1,9,0,9,0,6,0,0,0,0,3,1,5,2,78,11,998,1,-1,10,1,10
2018220337664,2,1,0,18,0,8,0,0,0,0,1,1,5,2,28,6,-1,-1,-1,3,1,3
2018220337728,1,9,0,18,0,0,5,4,1,0,1,1,5,1,39,7,1997,2,16,-1,3,-1
2018220337728,2,19,0,2,0,0,0,0,0,0,2,1,1,1,34,6,1995,2,2,10,1,10
2018220337830,1,3,0,17,0,0,0,10,1,0,1,1,5,1,46,8,125,1,52,10,1,10
2018220337912,1,9,0,16,0,0,1,0,0,0,1,1,6,2,29,6,1396,1,16,2,2,2
2018220337912,2,9,0,17,0,0,0,0,0,0,1,1,5,2,23,5,1299,1,13,7,3,7
2018220337927,1,9,0,17,0,0,1,0,7,4,1,1,5,1,46,8,1988,1,14,5,3,5
2018220337940,1,21,1,15,0,0,0,0,0,0,1,1,1,1,48,8,10837,2,6,5,1,5
2018220337940,2,1,0,18,0,0,0,0,0,0,2,1,5,1,66,10,-1,-1,-1,1,1,1
2018220337940,3,1,0,18,0,0,0,0,0,0,2,1,5,1,75,10,-1,-1,-1,10,1,10
2018220337950,1,9,0,18,0,0,0,0,0,0,0,1,6,3,34,6,-1,-1,-1,-1,-1,-1
2018220337950,2,9,0,18,0,0,0,0,1,1,1,1,2,2,18,4,1199,1,14,5,3,5
2018220338232,1,9,0,5,0,6,0,0,0,0,4,1,5,1,21,5,1197,1,5,5,3,5
2018220338232,2,5,0,18,0,8,1,0,0,0,1,1,5,1,53,8,1000,1,1,9,1,9
2018220338317,1,19,0,9,0,5,0,0,0,0,1,1,2,2,31,6,1560,2,2,2,1,2
2018220338473,1,98,0,1,0,6,0,4,0,0,2,1,6,3,34,6,-1,-1,-1,-1,-1,-1
2018220338473,2,9,0,2,0,8,0,0,0,0,2,1,5,2,63,9,1598,1,10,1,1,1
2018220338605,1,9,0,18,0,0,0,0,7,11,3,1,5,1,17,4,1997,2,15,-1,2,-1
2018220338605,2,9,0,18,0,0,0,0,1,11,3,1,5,2,58,9,1995,2,8,-1,3,-1
2018220338610,1,9,0,9,0,5,0,0,0,0,4,1,5,2,24,5,1587,1,14,4,3,4
2018220338610,2,5,0,17,0,1,1,0,0,0,1,1,5,1,38,7,998,1,15,8,1,8
2018220338629,1,9,0,5,0,0,0,0,0,0,3,1,1,1,39,7,2143,2,6,5,1,5
2018220338629,2,9,0,18,0,0,0,0,0,0,1,1,1,1,36,7,-1,-1,-1,5,2,5