Accident_Index,Vehicle_Reference,Vehicle_Type,Towing_and_Articulation,Vehicle_Manoeuvre,Vehicle_Location-Restricted_Lane,Junction_Location,Skidding_and_Overturning,Hit_Object_in_Carriageway,Vehicle_Leaving_Carriageway,Hit_Object_off_Carriageway,1st_Point_of_Impact,Was_Vehicle_Left_Hand_Drive?,Journey_Purpose_of_Driver,Sex_of_Driver,Age_of_Driver,Age_Band_of_Driver,Engine_Capacity_(CC),Propulsion_Code,Age_of_Vehicle,Driver_IMD_Decile,Driver_Home_Area_Type,Vehicle_IMD_Decile
2018220338641,1,9,0,7,0,6,0,0,0,0,1,1,6,3,34,6,-1,-1,-1,-1,-1,-1
2018220338675,1,9,0,9,0,2,0,0,0,0,1,1,6,1,49,8,1951,2,16,8,2,8
2018220338683,1,19,0,18,0,0,0,0,0,0,3,1,1,1,51,8,1995,2,7,4,1,4
2018220338683,2,9,0,18,0,0,0,0,0,0,3,1,6,2,49,8,-1,-1,-1,9,1,9
2018220338844,1,9,0,9,0,6,0,0,0,0,1,1,5,1,53,8,1995,2,1,9,1,9
2018220338844,2,9,0,18,0,1,0,0,0,0,1,1,5,1,40,7,1398,2,11,5,1,5
2018220338851,1,98,0,5,0,4,0,0,0,0,3,1,5,1,36,7,-1,-1,-1,6,1,6
2018220338851,2,1,0,18,0,8,0,0,0,0,1,1,5,1,33,6,-1,-1,-1,7,1,7
2018220338898,1,19,0,4,0,0,0,0,0,0,1,1,1,1,48,8,1968,2,3,-1,3,-1
2018220338898,2,9,0,4,0,0,0,0,0,0,2,1,6,1,57,9,1995,2,6,5,3,5
2018220338898,3,9,0,4,0,0,0,0,0,0,2,1,6,2,47,8,2993,2,12,5,3,5
2018220338898,4,9,0,4,0,0,0,0,0,0,2,1,6,2,57,9,1997,2,4,5,3,5
2018220338898,5,19,0,4,0,0,0,0,0,0,2,1,1,2,35,6,1598,2,2,9,3,9
2018220338981,1,9,0,18,0,1,1,0,0,0,1,1,2,1,64,9,1598,1,8,2,1,2
2018220339137,1,9,0,16,0,0,2,0,2,11,4,1,5,1,24,5,1998,1,11,4,3,4
2018220339175,1,9,0,5,0,4,0,0,0,0,1,1,5,1,81,11,1398,2,13,5,3,5
2018220339175,2,1,0,9,0,8,0,0,0,0,4,1,5,1,39,7,-1,-1,-1,7,3,7
2018220339186,1,9,0,18,0,8,0,0,0,0,1,1,5,2,35,6,1390,1,7,4,2,4
2018220339186,2,19,0,9,0,5,0,0,0,0,1,1,5,1,35,6,2198,2,3,5,1,5
2018220339223,1,9,0,18,0,0,0,0,0,0,4,1,6,1,21,5,-1,-1,-1,-1,-1,-1
2018220339253,1,1,0,16,0,0,0,0,0,0,3,1,5,1,24,5,-1,-1,-1,8,1,8
2018220339253,2,9,0,17,0,0,0,0,0,0,3,1,5,1,63,9,-1,-1,-1,6,2,6
2018220339418,1,9,0,6,0,0,0,0,0,0,3,1,6,3,34,6,-1,-1,-1,-1,-1,-1
2018220339418,2,9,0,13,0,0,0,0,0,0,1,1,5,2,26,6,2179,2,5,9,3,9
2018220339481,1,9,0,18,0,1,0,0,0,0,1,1,5,1,51,8,1998,2,10,-1,3,-1
2018220339481,2,9,0,18,0,2,0,0,0,0,1,1,5,2,52,8,1197,1,8,5,3,5
2018220339483,1,21,0,17,0,8,0,0,0,0,1,1,1,1,29,6,6700,2,1,5,1,5
2018220339483,2,9,0,4,0,8,0,0,0,0,3,1,5,2,43,7,1997,2,16,4,3,4
2018220339526,1,9,0,13,0,8,5,0,7,11,1,1,6,1,41,7,1598,1,10,5,3,5
2018220339526,2,19,0,9,0,8,0,0,0,0,3,1,5,1,50,8,2461,2,17,6,3,6
2018220339640,1,9,0,16,0,0,2,0,2,11,4,1,5,1,19,4,998,1,8,7,2,7
2018220339652,1,9,0,13,0,0,0,0,0,0,0,1,6,3,34,6,-1,-1,-1,-1,-1,-1
2018220339652,2,9,0,18,0,0,0,0,1,0,0,1,5,2,34,6,998,1,12,3,2,3
2018220339698,1,9,0,18,0,0,0,0,0,0,4,1,5,1,64,9,1388,1,8,1,1,1
2018220339698,2,9,0,12,0,0,0,0,5,6,3,1,6,3,34,6,-1,-1,-1,-1,-1,-1
2018220339725,1,9,0,18,0,8,0,0,0,0,1,1,5,2,23,5,1994,2,14,3,1,3
2018220339725,2,9,0,9,0,5,0,0,0,0,1,1,5,1,24,5,1590,1,19,7,2,7
2018220340143,1,98,1,10,0,8,0,0,0,0,2,1,1,1,52,8,-1,-1,-1,-1,3,-1
2018220340143,2,9,0,18,0,8,0,0,0,0,1,1,5,1,87,11,-1,-1,-1,-1,3,-1
2018220340176,1,3,0,13,0,8,0,0,0,0,4,1,5,1,62,9,471,1,4,8,3,8
2018220340176,2,9,0,9,0,5,0,0,0,0,3,1,5,1,51,8,1248,1,7,8,3,8
2018220340180,1,19,0,17,0,0,0,0,0,0,3,1,1,2,31,6,2461,2,18,2,1,2
2018220340180,2,1,0,16,0,0,0,0,0,0,3,1,5,2,42,7,-1,-1,-1,5,2,5
2018220340183,1,9,0,4,0,0,0,0,0,0,2,1,5,1,48,8,2179,2,5,9,1,9
2018220340183,2,3,0,4,0,0,0,0,0,0,1,1,5,1,18,4,124,1,-1,5,3,5
2018220340218,1,9,0,18,0,0,0,0,0,0,1,1,5,1,31,6,2993,2,14,5,1,5
2018220340240,1,9,0,5,0,4,0,0,0,0,1,1,5,1,76,11,1398,1,2,4,3,4
2018220340240,2,1,0,9,0,8,0,0,0,0,2,1,5,1,62,9,-1,-1,-1,1,1,1
2018220340247,1,9,0,4,0,2,0,0,0,0,2,1,6,1,32,6,2143,2,9,5,1,5
2018220340247,2,9,0,4,0,2,0,0,0,0,2,1,5,2,39,7,1200,1,3,9,2,9
2018220340247,3,9,0,4,0,2,0,0,0,0,1,1,6,2,19,4,1598,2,7,9,2,9
2018220340256,1,9,0,16,0,0,0,10,7,11,1,1,2,1,36,7,1598,1,6,8,1,8
2018220340256,2,19,0,17,0,0,0,10,1,11,1,1,1,1,19,4,1995,2,-1,7,1,7
2018220340287,1,5,0,17,0,2,1,10,7,10,1,1,5,1,57,9,-1,-1,-1,4,3,4
2018220340341,1,9,0,12,0,8,0,0,0,0,3,1,5,1,35,6,1998,8,-1,7,2,7
2018220340341,2,5,0,18,0,8,0,0,0,0,4,1,5,1,47,8,948,1,1,6,1,6
2018220340393,1,17,4,9,0,6,0,0,0,0,3,1,1,1,20,4,6788,2,1,-1,-1,-1
2018220340393,2,9,0,18,0,8,0,0,0,0,4,1,5,2,46,8,1598,1,17,5,3,5
2018220340400,1,9,0,18,0,4,0,0,0,0,1,1,6,3,34,6,-1,-1,-1,-1,-1,-1
2018220340400,2,1,0,9,0,8,0,0,1,0,4,1,2,1,43,7,-1,-1,-1,3,2,3
2018220340427,1,19,0,18,0,0,0,0,0,0,1,1,6,1,41,7,2198,2,4,7,1,7
2018220340429,1,9,0,17,0,0,0,0,1,3,1,1,5,1,36,7,1086,1,14,5,3,5
2018220340440,1,9,0,16,0,0,1,0,0,0,3,1,5,1,46,8,1896,2,14,-1,1,-1
2018220340440,2,9,0,17,0,0,2,0,1,10,3,1,5,2,43,7,1197,1,3,4,3,4
2018220340496,1,9,0,5,0,4,0,0,0,0,1,1,6,3,34,6,1956,2,4,-1,-1,-1
2018220340496,2,9,0,18,0,8,0,0,0,0,4,1,5,2,59,9,1796,1,8,9,1,9
2018220340694,1,9,0,16,0,0,1,0,0,0,1,1,1,2,28,6,1242,1,4,6,3,6
2018220340694,2,9,0,17,0,0,0,0,0,0,1,1,1,1,70,10,1598,2,-1,10,1,10
2018220340694,3,9,0,17,0,0,0,0,0,0,1,1,5,2,27,6,1685,2,2,8,1,8
2018220340755,1,19,0,18,0,8,0,0,0,0,1,1,1,1,33,6,2198,2,3,10,1,10
2018220340755,2,19,0,3,0,8,0,0,0,0,2,1,1,1,29,6,1995,2,1,8,1,8
2018220340755,3,9,0,3,0,8,0,0,0,0,2,1,1,1,20,4,1229,1,7,2,1,2
2018220340755,4,9,0,10,0,8,0,0,0,0,2,1,1,2,54,8,1395,1,4,7,2,7
2018220340770,1,9,0,7,0,6,5,0,0,0,2,1,5,2,69,10,999,1,3,5,2,5
2018220340770,2,9,0,18,0,8,1,0,1,4,1,1,5,1,34,6,1896,2,16,8,1,8
2018220340770,3,9,0,18,0,8,0,0,0,0,4,1,5,1,21,5,1984,1,15,5,1,5
2018220340839,1,9,0,13,0,1,2,0,7,10,1,1,5,2,79,11,1596,1,9,8,2,8
2018220340839,2,9,0,9,0,1,0,0,1,11,3,1,5,2,64,9,1329,1,9,9,1,9
2018220340845,1,9,0,6,0,2,0,0,0,0,3,1,5,1,68,10,1598,1,4,2,1,2
2018220340845,2,9,0,13,0,2,0,0,0,0,1,1,5,1,46,8,1596,1,11,6,2,6
2018220340893,1,9,0,7,0,5,0,10,7,11,1,1,5,2,86,11,1197,1,1,5,3,5
2018220340896,1,9,0,9,0,5,0,0,0,0,1,1,5,2,73,10,1150,1,13,4,3,4
2018220340896,2,1,0,18,0,8,0,0,0,0,1,1,5,1,53,8,-1,-1,-1,10,1,10
2018220340926,1,9,0,13,0,1,0,0,7,10,1,1,1,2,30,6,1997,2,-1,-1,-1,-1
2018220340926,2,9,0,9,0,5,0,0,7,10,3,1,5,2,83,11,998,1,4,7,2,7
2018220340969,1,9,0,9,0,6,0,0,0,0,3,1,6,2,21,5,1461,2,4,6,2,6
2018220340969,2,9,0,17,0,1,0,0,0,0,1,1,6,2,58,9,1560,2,3,2,1,2
2018220340989,1,9,0,12,0,0,2,0,1,0,2,1,5,2,39,7,1329,1,3,4,1,4
2018220340989,2,9,0,18,0,0,1,0,1,0,2,1,5,2,67,10,1198,1,2,6,3,6
2018220340989,3,9,0,18,0,0,0,0,0,0,1,1,5,1,56,9,1995,2,7,8,1,8
2018220341032,1,9,0,18,0,0,0,0,0,0,1,1,5,1,40,7,898,1,-1,7,1,7
2018220341032,2,1,0,18,0,0,0,0,0,0,1,1,4,1,11,3,-1,-1,-1,2,1,2
2018220341035,1,9,0,18,0,0,1,0,2,4,4,1,1,2,19,4,1242,1,14,6,3,6
2018220341035,2,9,0,18,0,0,0,0,0,0,0,1,5,2,29,6,1360,1,6,7,1,7
2018220341051,1,9,0,3,0,0,0,0,0,0,2,1,5,1,43,7,1560,2,3,8,3,8
2018220341051,2,19,0,16,0,0,0,0,0,0,1,1,6,1,34,6,1560,2,2,-1,-1,-1
2018220341224,1,9,0,3,0,1,0,0,0,0,4,1,6,3,34,6,-1,-1,-1,-1,-1,-1
2018220341224,2,1,0,15,0,1,0,8,0,0,1,1,5,1,49,8,-1,-1,-1,5,3,5
2018220341259,1,9,0,9,0,6,0,0,0,0,3,1,2,2,55,8,1242,1,5,9,1,9
2018220341259,2,9,0,18,0,8,0,0,0,0,1,1,2,2,48,8,1242,1,5,5,1,5
2018220341272,1,9,0,17,0,0,0,0,2,10,1,1,5,2,24,5,1242,1,11,4,2,4
2018220341276,1,9,0,18,0,8,1,0,0,0,1,1,5,1,24,5,1968,2,9,4,1,4
2018220341276,2,21,1,18,0,8,0,0,0,0,1,1,1,1,38,7,12809,2,2,1,1,1
2018220341277,1,9,0,17,0,2,0,0,0,0,1,1,5,1,42,7,1596,1,2,1,1,1
2018220341277,2,9,0,17,0,1,0,0,0,0,0,1,1,1,45,7,1598,2,1,-1,-1,-1
2018220341313,1,9,0,7,0,3,0,0,0,0,2,1,5,2,38,7,1200,1,2,7,3,7
2018220341313,2,1,0,18,0,8,0,0,0,0,1,1,5,1,74,10,-1,-1,-1,2,1,2
2018220341359,1,9,0,18,0,8,0,0,0,0,1,1,5,2,31,6,1998,1,13,6,3,6
2018220341359,2,9,0,10,0,8,0,0,0,0,2,1,5,1,59,9,1242,1,3,8,3,8
2018220341374,1,9,0,18,0,2,0,0,0,0,1,1,6,2,25,5,1330,1,20,-1,-1,-1
2018220341374,2,9,0,18,0,2,0,0,0,0,2,1,6,2,37,7,1586,1,2,8,1,8
2018220341393,1,9,0,9,0,6,0,0,0,0,3,1,5,1,29,6,1956,2,4,6,3,6
2018220341393,2,5,0,18,0,8,0,0,0,0,1,1,5,1,25,5,998,1,23,-1,1,-1
2018220341427,1,9,0,9,0,6,0,0,0,0,1,1,5,2,38,7,2400,2,11,2,1,2
2018220341427,2,3,0,18,0,8,0,0,0,0,1,1,2,1,23,5,125,1,12,5,3,5
2018220341442,1,9,0,18,0,0,0,0,0,0,1,1,5,1,59,9,1999,1,11,10,1,10
2018220341518,1,19,0,9,0,5,0,0,0,0,1,1,1,1,30,6,1499,2,1,1,1,1
2018220341518,2,9,0,18,0,8,0,0,0,0,1,1,5,1,70,10,1999,1,9,7,2,7
2018220341539,1,9,0,18,0,0,0,4,0,0,1,1,5,2,42,7,1995,2,14,9,1,9
2018220341539,2,9,0,2,0,0,0,0,0,0,2,1,5,2,71,10,1997,2,14,6,3,6
2018220341647,1,9,0,16,0,0,1,0,2,4,4,1,1,1,24,5,1995,1,16,4,3,4
2018220341690,1,9,0,4,0,1,0,0,0,0,2,1,2,2,48,8,1360,1,9,5,1,5
2018220341690,2,9,0,18,0,1,0,0,0,0,1,1,2,2,36,7,-1,-1,-1,4,1,4
2018220341793,1,9,0,18,0,0,0,0,0,0,1,1,5,1,76,11,1124,1,16,3,1,3
2018220341968,1,9,0,16,0,8,1,0,0,0,1,1,2,2,49,8,1560,2,8,5,3,5
2018220341968,2,9,0,9,0,6,0,0,0,0,3,1,5,1,21,5,1086,1,14,6,3,6
2018220342011,1,3,0,18,0,1,0,0,0,0,1,1,5,1,23,5,124,1,10,6,1,6
2018220342011,2,9,0,9,0,5,0,0,0,0,1,1,6,1,49,8,1586,1,4,8,1,8
2018220342031,1,9,0,13,0,0,0,0,0,0,4,1,6,1,85,11,1248,2,3,10,2,10
2018220342031,2,1,0,18,0,0,0,0,7,11,3,1,6,1,30,6,-1,-1,-1,7,3,7
2018220342074,1,9,0,18,0,0,5,10,1,1,3,1,6,1,33,6,2987,2,8,-1,1,-1
2018220342094,1,19,0,1,0,0,0,0,0,0,2,1,1,1,22,5,1753,2,13,4,2,4
2018220342182,1,19,0,18,0,6,0,0,0,0,3,1,6,2,75,10,1248,2,12,7,3,7
2018220342182,2,9,0,18,0,8,0,0,7,0,1,1,6,1,29,6,1395,1,2,7,1,7
2018220342216,1,21,0,9,0,5,1,0,0,0,4,1,1,1,41,7,4485,2,1,2,1,2
2018220342382,1,9,0,18,0,0,0,12,0,0,1,1,5,2,31,6,1248,2,5,-1,2,-1
2018220342407,1,5,0,9,0,8,0,0,0,0,1,1,5,1,54,8,-1,-1,-1,9,1,9
2018220342407,2,9,0,9,0,4,0,0,0,0,3,1,5,2,35,6,1246,1,10,9,1,9
2018220342519,1,5,0,18,0,1,1,10,1,2,4,1,5,1,38,7,998,1,11,2,1,2
2018220342677,1,9,0,18,0,0,0,0,0,0,1,1,2,1,31,6,1968,2,-1,2,1,2
2018220342677,2,9,0,4,0,0,0,0,4,6,2,1,2,2,24,5,1396,1,4,8,1,8
2018220342753,1,9,0,3,0,1,0,0,0,0,2,1,2,1,38,7,1499,1,2,10,1,10
2018220342753,2,9,0,18,0,1,0,0,0,0,1,1,2,2,59,9,1229,1,6,6,-1,6
2018220342795,1,8,0,6,0,8,0,0,0,0,3,1,1,1,46,8,1997,2,7,10,1,10
2018220342795,2,3,0,13,0,8,0,0,0,0,1,1,5,1,19,4,125,1,9,3,1,3
2018220342812,1,9,0,18,0,0,0,0,0,0,1,1,6,3,34,6,-1,-1,-1,-1,-1,-1
2018220342851,1,9,0,6,0,8,0,0,0,0,3,1,5,2,19,4,998,1,5,9,1,9
2018220342851,2,9,0,18,0,8,0,0,0,0,1,1,5,1,21,5,1149,1,18,9,3,9
2018220343080,1,9,0,5,0,4,0,0,0,0,1,1,5,1,29,6,1200,1,-1,-1,-1,-1
2018220343080,2,11,0,17,0,8,0,0,0,0,1,1,1,1,49,8,4250,2,15,8,1,8
2018220343148,1,1,0,18,0,0,0,0,1,10,3,1,5,1,68,10,-1,-1,-1,10,1,10
2018220343148,2,9,0,13,0,0,0,0,0,0,4,1,6,1,34,6,-1,-1,-1,-1,-1,-1
2018220343164,1,9,0,5,0,4,0,0,0,0,0,1,5,2,76,11,1242,1,3,4,3,4
2018220343165,1,9,0,5,0,4,0,0,0,0,1,1,6,1,57,9,-1,-1,-1,-1,-1,-1
2018220343165,2,9,0,18,0,8,0,0,0,0,4,1,5,2,32,6,998,1,7,9,-1,9
2018220343170,1,9,0,9,0,6,0,0,0,0,1,1,5,1,52,8,1796,1,17,2,1,2
2018220343170,2,3,0,18,0,8,0,0,0,0,4,1,5,1,21,5,125,1,1,8,1,8
2018220343184,1,9,0,4,0,1,0,0,0,0,2,1,2,2,44,7,2993,2,4,8,1,8
2018220343184,2,9,0,4,0,1,0,0,0,0,2,1,2,2,29,6,999,1,2,6,-1,6
2018220343184,3,9,0,4,0,1,0,0,0,0,1,1,2,2,24,5,1398,1,3,7,3,7
2018220343214,1,98,0,17,0,1,0,0,0,0,1,1,5,3,40,7,-1,-1,-1,-1,-1,-1
2018220343243,1,9,0,18,0,0,0,0,0,0,1,1,5,1,44,7,-1,-1,-1,2,1,2
2018220343243,2,9,0,4,0,0,0,0,0,0,2,1,5,2,23,5,1995,2,12,3,2,3
2018220343243,3,9,0,4,0,0,0,0,0,0,2,1,5,2,37,7,1798,1,11,6,1,6
2018220343246,1,9,0,18,0,0,0,4,0,0,1,1,5,1,53,8,1598,1,10,1,1,1
2018220343246,2,9,0,2,0,0,0,0,0,0,2,1,5,2,38,7,1395,1,2,9,3,9
2018220343258,1,9,0,7,0,6,0,0,0,0,3,1,6,2,26,6,1461,2,6,8,1,8
2018220343258,2,1,0,18,0,1,0,0,0,0,1,1,2,2,22,5,-1,-1,-1,9,3,9
2018220343325,1,3,0,4,0,8,1,0,0,0,4,1,5,1,74,10,124,1,7,8,1,8
2018220343340,1,9,0,18,0,8,0,0,0,0,1,1,5,1,53,8,1598,1,16,10,3,10
2018220343349,1,9,0,18,0,6,0,0,3,0,1,1,6,1,20,4,2179,2,4,8,2,8
2018220343349,2,9,0,18,0,1,0,0,0,0,0,1,1,1,-1,-1,1686,2,4,8,1,8
2018220343367,1,9,0,18,0,2,0,4,1,0,1,1,5,1,86,11,1992,2,11,8,1,8
2018220343367,2,9,0,2,0,1,0,0,0,0,1,1,5,2,60,9,1397,1,7,3,1,3
2018220343380,1,9,0,18,0,0,0,0,0,0,3,1,5,1,18,4,1368,1,9,6,2,6
2018220343381,1,3,0,18,0,1,0,0,0,0,1,1,6,1,23,5,499,1,17,9,2,9
2018220343381,2,9,0,9,0,6,0,0,0,0,1,1,5,1,38,7,2494,1,17,5,1,5
2018220343390,1,9,0,17,0,0,0,10,0,0,1,1,3,2,42,7,1328,1,14,5,3,5
2018220343390,2,9,0,18,0,0,0,0,0,0,1,1,2,1,27,6,1596,1,13,8,3,8
2018220343407,1,9,0,18,0,0,0,0,0,0,1,1,6,3,30,6,-1,-1,-1,-1,-1,-1
2018220343466,1,9,0,4,0,0,0,0,0,0,1,1,5,2,26,6,1598,2,2,6,2,6
2018220343466,2,9,0,3,0,0,0,0,0,0,2,1,5,2,47,8,998,1,5,-1,1,-1
2018220343466,3,9,0,3,0,0,0,0,0,0,2,1,5,1,75,10,998,1,2,8,1,8
2018220343466,4,9,0,3,0,0,0,0,0,0,2,1,5,1,59,9,2993,2,8,-1,2,-1
2018220343509,1,9,0,16,0,0,0,0,0,0,1,1,5,2,35,6,1360,1,11,1,1,1
2018220343509,2,9,0,17,0,0,0,0,0,0,1,1,5,1,-1,-1,1598,2,-1,5,2,5
2018220343523,1,9,0,17,0,0,2,0,0,0,1,1,5,1,18,4,1397,1,11,9,1,9
2018220343553,1,5,0,18,0,0,1,0,1,0,1,1,5,1,25,5,798,1,2,7,2,7
2018220343555,1,9,0,7,0,6,0,0,0,0,1,1,5,1,22,5,1390,1,8,6,1,6
2018220343555,2,1,0,18,0,8,0,0,0,0,4,1,5,1,36,7,-1,-1,-1,9,1,9
2018220343589,1,9,0,18,0,6,0,0,0,0,1,1,5,2,67,10,1229,1,5,7,1,7
2018220343589,2,9,0,18,0,8,0,0,0,0,3,1,5,1,79,11,1299,1,19,2,1,2
2018220343595,1,9,0,13,0,0,0,0,0,0,4,1,5,3,34,6,-1,-1,-1,-1,-1,-1
2018220343595,2,1,0,18,0,0,0,0,0,0,3,1,5,1,16,4,-1,-1,-1,8,3,8
2018220343663,1,9,0,18,0,0,0,10,2,2,1,1,1,2,26,6,5038,1,-1,2,1,2
2018220343664,1,9,0,18,0,8,0,0,0,0,1,1,2,1,60,9,1598,2,4,9,1,9
2018220343664,2,21,1,9,0,6,0,0,0,0,3,1,1,1,62,9,11705,2,15,5,3,5
2018220343686,1,9,0,9,0,6,0,0,0,0,3,1,5,2,36,7,1560,2,6,3,1,3
2018220343686,2,3,0,18,0,8,0,0,0,0,1,1,5,1,53,8,-1,-1,-1,5,1,5
2018220343690,1,1,0,16,0,0,0,0,1,0,1,1,5,2,50,8,-1,-1,-1,5,3,5
2018220343702,1,9,0,18,0,0,0,0,8,4,1,1,5,1,23,5,1398,2,16,7,3,7
2018220343721,1,9,0,8,0,5,0,0,0,0,1,1,6,1,84,11,1399,2,9,6,3,6
2018220343721,2,9,0,18,0,1,1,0,0,0,1,1,6,1,57,9,1560,2,2,4,3,4
2018220343940,1,9,0,18,0,0,0,0,0,0,3,1,5,1,80,11,2401,2,15,8,3,8
2018220343943,1,9,0,18,0,0,0,0,0,0,1,1,6,3,38,7,1242,1,5,-1,-1,-1
2018220343943,2,9,0,18,0,0,0,0,0,0,2,1,6,1,27,6,1596,1,12,4,1,4
2018220344064,1,9,0,18,0,0,0,0,1,4,1,1,5,1,24,5,1991,2,13,2,2,2
2018220344095,1,9,0,7,0,5,5,0,1,10,4,1,5,2,80,11,1197,1,4,5,2,5
2018220344206,1,9,0,18,0,0,1,0,0,0,1,1,5,1,16,4,2993,2,1,4,3,4
2018220344206,2,9,0,18,0,0,0,0,7,0,2,1,5,1,67,10,1499,8,1,6,2,6
2018220344206,3,9,0,18,0,0,0,0,7,0,1,1,1,1,45,7,2993,2,-1,-1,-1,-1
2018220344223,1,19,0,17,0,0,1,0,0,0,1,1,1,1,68,10,2499,2,16,5,3,5
2018220344223,2,9,0,16,0,0,1,0,0,0,1,1,1,1,39,7,1896,2,13,-1,-1,-1
2018220344250,1,9,0,18,0,6,0,0,0,0,1,1,5,1,-1,-1,1329,1,4,9,1,9
2018220344250,2,9,0,18,0,1,0,0,7,0,1,1,5,1,-1,-1,1390,1,6,5,3,5
2018220344260,1,9,0,18,0,0,1,6,1,3,1,1,5,1,19,4,1896,2,13,7,3,7
2018220344263,1,5,0,13,0,0,0,0,8,10,3,1,5,1,54,8,-1,-1,-1,8,1,8
2018220344275,1,9,0,18,0,1,0,0,0,0,1,1,2,2,31,6,1242,1,10,9,2,9
2018220344275,2,9,0,9,0,6,0,0,0,0,3,1,2,2,29,6,2231,2,4,6,3,6
2018220344355,1,9,0,17,0,0,1,0,1,4,1,1,5,2,88,11,1198,1,6,10,3,10
2018220344409,1,9,0,5,0,6,1,0,7,0,3,1,5,2,50,8,1242,1,9,5,1,5
2018220344409,2,9,0,18,0,8,1,0,0,0,1,1,5,1,63,9,1242,1,5,10,1,10
2018220344422,1,9,0,5,0,6,0,0,0,0,1,1,6,2,26,6,1242,1,11,10,2,10
2018220344422,2,1,0,18,0,8,0,0,0,0,4,1,6,2,62,9,-1,-1,-1,7,1,7
2018220344551,1,21,1,18,0,0,3,0,0,0,3,1,1,1,42,7,12902,2,1,2,1,2
2018220344551,2,21,0,18,0,0,0,0,1,0,3,1,1,1,54,8,6700,2,4,5,2,5
2018220344551,3,9,0,18,0,0,0,0,1,0,3,1,5,1,51,8,2198,2,11,7,3,7
2018220344552,1,9,0,10,0,2,0,0,0,0,2,1,1,2,43,7,1896,2,17,7,1,7
2018220344552,2,9,0,3,0,2,0,0,0,0,2,1,1,1,23,5,999,1,1,5,3,5
2018220344552,3,19,0,18,0,2,0,0,0,0,1,1,1,1,40,7,2198,2,6,5,3,5
2018220344604,1,19,0,5,0,1,0,0,0,0,1,1,6,1,27,6,2402,2,14,2,1,2
2018220344604,2,3,0,3,0,1,0,0,0,0,2,1,6,2,18,4,124,1,8,3,1,3
2018220344643,1,3,0,9,0,6,0,0,0,0,3,1,1,1,22,5,125,1,5,9,1,9
2018220344643,2,9,0,17,0,8,0,0,0,0,1,1,5,2,33,6,1560,2,10,9,1,9
2018220344672,1,2,0,4,0,1,1,0,0,0,4,1,5,1,33,6,50,1,2,2,1,2
2018220344672,2,9,0,10,0,8,0,0,0,0,2,1,5,2,33,6,-1,-1,-1,7,1,7
2018220344834,1,2,0,4,0,0,1,0,0,0,3,1,5,2,17,4,49000,1,3,5,3,5
2018220344869,1,9,0,4,0,1,0,0,0,0,1,1,5,1,35,6,4398,1,17,4,1,4
2018220344869,2,9,0,17,0,8,0,0,0,0,1,1,5,1,61,9,1560,2,6,10,1,10
2018220344869,3,9,0,10,0,8,0,0,0,0,1,1,5,1,50,8,2143,2,2,8,1,8
2018220344932,1,19,0,18,0,0,0,0,0,0,1,1,1,1,36,7,2463,2,15,2,1,2
2018220344932,2,9,0,18,0,0,0,0,0,0,2,1,1,2,63,9,1339,1,7,4,3,4
2018220344952,1,9,0,17,0,8,0,0,0,0,4,1,5,2,25,5,1598,1,10,2,1,2
2018220344952,2,1,0,18,0,6,0,0,0,0,1,1,5,1,12,3,-1,-1,-1,2,1,2
2018220345042,1,98,0,4,0,1,0,0,0,0,0,1,6,3,50,8,-1,-1,-1,-1,-1,-1
2018220345042,2,9,0,18,0,2,0,0,0,0,2,1,2,2,27,6,1499,1,-1,4,3,4
2018220345042,3,9,0,18,0,2,0,0,0,0,1,1,6,2,27,6,1496,2,2,8,3,8
2018220345042,4,9,0,18,0,2,1,0,0,0,1,1,2,1,55,8,1999,2,1,-1,3,-1
2018220345111,1,9,0,13,0,8,0,0,0,0,1,1,5,1,18,4,1390,1,8,9,1,9
2018220345111,2,9,0,9,0,5,0,0,0,0,3,1,5,1,25,5,-1,-1,-1,3,1,3
2018220345166,1,9,0,13,0,0,0,0,0,0,4,1,5,2,40,7,3000,1,17,9,1,9
2018220345166,2,9,0,17,0,0,1,0,1,4,3,1,5,2,70,10,1240,1,11,4,3,4
2018220345189,1,9,0,9,0,6,0,0,0,0,1,1,5,1,72,10,1580,8,1,-1,-1,-1
2018220345285,1,9,0,17,0,0,1,0,1,10,1,1,5,1,38,7,-1,-1,-1,5,-1,5
2018220345447,1,9,0,18,0,0,0,0,0,0,1,1,2,1,48,8,1910,2,11,7,1,7
2018220345447,2,9,0,18,0,0,0,0,0,0,1,1,2,1,53,8,1298,1,14,4,2,4
2018220345447,3,9,0,18,0,0,0,0,0,0,1,1,2,1,42,7,-1,-1,-1,-1,2,-1
2018220345616,1,9,0,16,0,0,1,0,1,3,4,1,2,1,17,4,1149,1,8,10,1,10
2018220345677,1,9,0,18,0,8,0,0,0,0,3,1,5,1,78,11,1998,1,11,6,3,6
2018220345677,2,9,0,18,0,6,0,0,0,0,1,1,5,1,81,11,2143,2,2,8,3,8
2018220345716,1,9,0,9,0,6,0,0,0,0,1,1,5,1,76,11,1248,1,7,6,3,6
2018220345716,2,9,0,18,0,8,0,0,0,0,4,1,5,1,28,6,2183,2,9,5,1,5