Accident_Index,Vehicle_Reference,Vehicle_Type,Towing_and_Articulation,Vehicle_Manoeuvre,Vehicle_Location-Restricted_Lane,Junction_Location,Skidding_and_Overturning,Hit_Object_in_Carriageway,Vehicle_Leaving_Carriageway,Hit_Object_off_Carriageway,1st_Point_of_Impact,Was_Vehicle_Left_Hand_Drive?,Journey_Purpose_of_Driver,Sex_of_Driver,Age_of_Driver,Age_Band_of_Driver,Engine_Capacity_(CC),Propulsion_Code,Age_of_Vehicle,Driver_IMD_Decile,Driver_Home_Area_Type,Vehicle_IMD_Decile
2018220345732,1,9,0,7,9,6,0,0,0,0,4,1,6,3,34,6,-1,-1,-1,-1,-1,-1
2018220346018,1,9,0,18,0,3,0,0,0,0,4,1,5,1,47,8,-1,-1,-1,8,1,8
2018220346018,2,1,0,18,0,3,0,0,0,0,2,1,5,1,55,8,-1,-1,-1,10,1,10
2018220346061,1,9,0,18,0,8,0,0,0,0,1,1,5,1,66,10,1798,1,7,6,1,6
2018220346061,2,19,0,9,0,5,0,0,0,0,4,1,5,1,39,7,2198,2,6,10,3,10
2018220346062,1,9,0,18,0,8,0,0,0,0,1,1,5,2,29,6,1329,1,8,4,1,4
2018220346062,2,9,0,9,0,6,0,0,0,0,1,1,5,1,23,5,-1,-1,-1,4,3,4
2018220346110,1,9,0,9,0,6,0,0,0,0,3,1,2,1,34,6,1364,1,1,2,1,2
2018220346110,2,9,0,18,0,8,0,0,0,0,1,1,2,2,53,8,1560,2,8,8,1,8
2018220346161,1,9,0,5,0,6,0,0,0,0,1,1,2,2,18,4,1199,1,18,5,3,5
2018220346161,2,23,0,18,0,8,0,0,0,0,2,1,5,1,66,10,-1,-1,-1,5,1,5
2018220346173,1,9,0,14,0,0,0,4,0,0,1,1,5,1,81,11,1769,1,14,1,1,1
2018220346173,2,9,0,18,0,0,0,0,0,0,1,1,5,2,38,7,1685,2,5,3,1,3
2018220346173,3,9,0,2,0,0,0,0,0,0,3,1,6,2,54,8,1968,2,5,3,1,3
2018220346235,1,9,0,9,0,5,0,0,0,0,4,1,5,1,74,10,1591,1,5,7,1,7
2018220346235,2,5,0,18,0,8,0,0,0,0,1,1,5,1,50,8,599,1,14,1,1,1
2018220346527,1,9,0,18,0,1,0,0,0,0,1,1,5,2,72,10,1198,1,5,7,1,7
2018220346559,1,9,0,17,0,0,1,0,8,3,4,1,5,1,18,4,998,1,12,6,3,6
2018220346560,1,8,0,18,0,1,0,0,0,0,1,1,1,1,47,8,1497,8,9,7,1,7
2018220346579,1,9,0,18,0,0,0,0,0,0,1,1,2,2,55,8,1198,1,1,6,3,6
2018220346579,2,9,0,6,0,0,0,0,0,0,4,1,5,1,68,10,2993,2,7,6,2,6
2018220346600,1,8,0,17,0,0,0,0,2,7,1,1,1,1,36,7,-1,-1,-1,1,1,1
2018220346641,1,9,0,5,0,4,0,0,0,0,1,1,6,1,31,6,1998,1,10,2,1,2
2018220346641,2,9,0,4,0,4,0,0,0,0,2,1,5,2,24,5,1598,2,6,4,1,4
2018220346685,1,19,0,4,0,0,0,0,0,0,1,1,6,1,33,6,2298,2,3,1,1,1
2018220346685,2,9,0,3,0,0,0,0,0,0,2,1,5,1,26,6,1461,2,3,8,1,8
2018220346732,1,9,0,7,0,6,0,0,0,0,3,1,5,2,66,10,1986,1,3,4,2,4
2018220346732,2,9,0,18,0,8,0,0,0,0,1,1,5,1,53,8,2495,2,23,7,2,7
2018220346736,1,9,0,9,0,5,0,0,0,0,1,1,6,2,34,6,-1,-1,-1,-1,-1,-1
2018220346736,2,1,0,18,0,8,0,0,0,0,1,1,5,2,28,6,-1,-1,-1,4,1,4
2018220346967,1,9,0,18,0,0,0,0,0,0,1,1,5,1,49,8,1984,1,10,1,1,1
2018220346996,1,9,0,18,0,0,0,4,0,0,1,1,6,1,23,5,1388,1,13,8,2,8
2018220346996,2,9,0,2,0,0,0,0,0,0,2,1,6,1,74,10,1686,2,11,4,3,4
2018220346997,1,9,0,5,0,4,0,0,0,0,3,1,5,2,66,10,2179,2,5,7,1,7
2018220346997,2,1,0,16,0,8,0,0,0,0,1,1,5,1,76,11,-1,-1,-1,5,3,5
2018220347014,1,9,0,4,0,0,0,4,1,10,1,1,5,2,46,8,-1,-1,-1,8,2,8
2018220347014,2,9,0,2,0,0,0,0,0,0,1,1,5,2,80,11,1796,1,12,4,2,4
2018220347014,3,9,0,2,0,0,0,0,0,0,2,1,5,2,42,7,-1,-1,-1,8,3,8
2018220347033,1,9,0,9,0,5,0,0,0,0,3,1,5,2,51,8,1242,1,7,5,1,5
2018220347033,3,19,-1,-1,-1,2,-1,-1,-1,0,-1,1,6,1,36,7,2148,2,8,8,1,8
2018220347045,1,9,0,16,0,0,1,0,8,11,1,1,5,1,20,4,1368,1,6,3,3,3
2018220347067,1,2,0,4,0,0,1,0,0,0,4,1,2,2,52,8,49,1,2,2,1,2
2018220347070,1,9,0,4,0,0,0,0,0,0,2,1,6,3,-1,-1,-1,-1,-1,-1,-1,-1
2018220347070,2,1,0,18,0,0,0,4,0,0,1,1,4,1,11,3,-1,-1,-1,8,1,8
2018220347070,3,9,0,2,0,0,0,0,0,0,3,1,6,2,-1,-1,-1,-1,-1,5,1,5
2018220347074,1,3,0,18,0,0,0,0,0,0,3,1,5,1,36,7,125,1,14,5,1,5
2018220347090,1,9,0,5,0,0,0,0,0,0,3,1,6,1,34,6,-1,-1,-1,-1,-1,-1
2018220347137,1,9,0,9,0,6,0,0,0,0,1,1,5,1,69,10,4367,2,3,-1,3,-1
2018220347137,2,19,0,18,0,8,5,0,0,0,1,1,1,1,39,7,1995,2,1,8,1,8
2018220347141,1,9,0,18,0,0,0,8,0,0,4,1,6,3,34,6,-1,-1,-1,-1,-1,-1
2018220347141,2,9,0,2,0,0,0,0,0,0,4,1,5,2,30,6,1995,2,5,8,3,8
2018220347148,1,9,0,7,0,6,0,0,0,0,3,1,5,1,73,10,1896,2,10,8,2,8
2018220347148,2,9,0,17,0,8,0,0,0,0,4,1,5,1,69,10,1896,2,18,5,3,5
2018220347152,1,19,0,18,0,0,0,0,0,0,1,1,1,1,60,9,2287,2,3,7,1,7
2018220347152,2,21,1,3,0,0,0,0,0,0,2,1,1,1,40,7,10837,2,4,9,1,9
2018220347377,1,9,0,18,0,4,0,0,0,0,0,1,2,2,36,7,1229,1,7,9,1,9
2018220347377,2,4,0,18,0,8,0,0,0,0,3,1,2,1,32,6,499,1,21,4,1,4
2018220347389,1,9,0,9,0,6,0,0,0,0,3,1,2,2,17,4,1229,1,13,8,1,8
2018220347389,2,9,0,18,0,8,0,0,0,0,1,1,3,1,51,8,1997,1,15,7,3,7
2018220347399,1,9,0,2,0,0,0,0,0,0,2,1,5,2,56,9,1796,1,15,6,1,6
2018220347399,2,9,0,18,0,0,0,4,0,0,1,1,3,1,30,6,1560,2,12,4,1,4
2018220347498,1,9,0,18,9,0,0,0,0,0,1,1,6,1,34,6,-1,-1,-1,-1,-1,-1
2018220347498,2,1,0,18,9,0,0,0,0,0,2,1,5,1,14,3,-1,-1,-1,7,1,7
2018220347504,1,9,0,9,0,5,0,0,7,0,1,1,5,2,45,7,1461,2,4,7,3,7
2018220347504,2,9,0,18,0,8,0,0,7,0,1,1,5,2,41,7,1461,2,4,4,2,4
2018220347555,1,9,0,18,0,1,0,0,0,0,1,1,5,2,42,7,1200,1,4,4,1,4
2018220347612,1,9,0,5,0,0,0,0,0,0,1,1,1,1,33,6,-1,-1,-1,8,3,8
2018220347612,2,9,0,18,0,0,0,0,0,0,0,1,6,3,30,6,1995,1,11,-1,-1,-1
2018220347637,1,9,0,18,0,0,0,0,1,2,4,1,5,1,23,5,1997,1,15,5,1,5
2018220347650,1,19,0,5,0,0,0,10,7,11,4,1,1,1,32,6,2143,2,3,-1,-1,-1
2018220347794,1,21,1,18,0,8,5,10,1,2,4,1,1,1,57,9,12902,2,2,4,1,4
2018220347857,1,9,0,16,0,4,0,0,0,0,0,1,6,3,34,6,-1,-1,-1,-1,-1,-1
2018220347857,2,3,0,17,0,1,1,10,0,0,4,1,5,1,21,5,125,1,7,2,-1,2
2018220348023,1,9,0,18,0,0,0,0,1,4,3,1,5,2,36,7,4398,1,17,8,3,8
2018220348066,1,9,0,18,0,4,0,9,3,0,1,1,2,1,18,4,1242,1,14,6,2,6
2018220348092,1,9,0,18,0,0,2,0,0,0,1,1,1,1,33,6,-1,-1,-1,2,1,2
2018220348092,2,21,1,18,0,0,0,0,0,0,2,1,1,1,34,6,12809,2,-1,-1,1,-1
2018220348107,1,9,0,9,0,6,0,0,0,0,4,1,5,1,32,6,2231,2,11,9,1,9
2018220348107,2,9,0,18,0,8,0,0,1,1,3,1,5,2,61,9,1248,2,7,9,1,9
2018220348125,1,9,0,1,9,0,0,10,0,0,2,1,5,1,47,8,1995,2,15,2,1,2
2018220348139,1,9,0,16,0,0,1,0,1,3,1,1,3,2,31,6,1229,1,12,2,1,2
2018220348166,1,9,0,9,0,6,0,0,0,0,1,1,6,1,28,6,1984,1,1,7,3,7
2018220348166,2,9,0,18,0,8,0,0,0,0,3,1,5,2,58,9,1364,1,11,10,1,10
2018220348183,1,19,0,7,0,5,1,10,1,11,1,1,5,1,22,5,2198,2,7,5,1,5
2018220348183,2,9,0,4,0,1,0,0,0,0,1,1,1,1,39,7,2993,2,1,4,1,4
2018220348197,1,9,0,9,0,6,0,0,0,0,1,1,5,1,46,8,2987,2,4,6,1,6
2018220348197,2,9,0,18,0,8,0,0,0,0,4,1,5,2,29,6,1997,2,16,7,1,7
2018220348201,1,9,0,18,0,0,0,0,0,0,3,1,5,1,68,10,998,1,-1,8,1,8
2018220348232,1,9,0,18,0,4,0,0,0,0,1,1,5,2,17,4,1560,2,6,9,1,9
2018220348232,2,1,0,18,0,8,0,0,0,0,4,1,5,1,17,4,-1,-1,-1,8,1,8
2018220348245,1,9,0,3,0,0,0,0,0,0,2,1,5,1,67,10,1198,1,5,10,2,10
2018220348245,2,9,0,3,0,0,0,0,0,0,2,1,5,2,56,9,1229,1,10,7,1,7
2018220348245,3,9,0,4,0,0,0,0,0,0,1,1,6,1,34,6,-1,-1,-1,-1,-1,-1
2018220348257,1,9,0,5,0,0,0,0,0,0,1,1,5,1,33,6,1686,2,12,3,1,3
2018220348257,2,9,0,3,0,0,0,0,0,0,4,1,1,1,29,6,-1,-1,-1,9,-1,9
2018220348308,1,5,0,8,0,1,0,0,0,0,2,1,5,1,47,8,883,1,12,8,1,8
2018220348308,2,9,0,5,0,4,0,0,0,0,1,1,5,2,23,5,1997,2,3,7,3,7
2018220348439,1,19,0,13,0,4,0,0,0,0,4,1,1,1,34,6,1870,2,13,-1,-1,-1
2018220348439,2,9,0,18,0,4,0,0,0,0,3,1,2,1,40,7,1997,2,2,8,1,8
2018220348486,1,11,0,18,2,0,0,0,0,0,4,1,1,1,24,5,4461,2,4,8,1,8
2018220348504,1,9,0,9,0,6,0,0,0,0,4,1,5,2,42,7,1461,2,10,9,1,9
2018220348504,2,9,0,18,0,1,0,0,0,0,1,1,5,2,43,7,1997,2,15,2,1,2
2018220348558,1,9,0,10,0,5,0,0,0,0,4,1,5,2,59,9,1197,1,5,5,3,5
2018220348558,2,1,0,18,0,1,0,0,0,0,1,1,5,1,16,4,-1,-1,-1,1,1,1
2018220348671,1,21,1,18,0,0,0,0,4,6,1,1,1,1,66,10,12902,2,4,2,1,2
2018220348671,2,19,0,3,0,0,0,0,0,0,2,1,1,1,31,6,2198,2,5,-1,1,-1
2018220348671,3,9,0,3,0,0,0,0,0,0,2,1,2,2,25,5,1229,1,4,6,3,6
2018220348671,4,9,0,3,0,0,0,0,0,0,2,1,2,1,57,9,1968,2,1,7,1,7
2018220348671,5,9,0,3,0,0,0,0,0,0,2,1,5,1,56,9,1242,1,12,10,1,10
2018220348671,6,9,0,3,0,0,0,0,0,0,3,1,5,2,42,7,-1,-1,-1,7,3,7
2018220348671,7,9,0,3,0,0,0,0,0,0,2,1,5,1,30,6,1850,1,18,8,1,8
2018220348799,1,9,0,18,0,1,0,0,0,0,1,1,6,1,17,4,1149,1,11,5,1,5
2018220348799,2,9,0,3,0,1,0,0,0,0,2,1,5,1,38,7,1598,1,11,2,1,2
2018220348812,1,9,0,18,0,6,0,0,0,0,4,1,6,3,34,6,-1,-1,-1,-1,-1,-1
2018220348812,2,9,0,16,0,8,0,0,0,0,3,1,5,2,55,8,1598,2,6,1,1,1
2018220348900,1,9,0,18,0,1,1,0,0,0,1,1,2,1,22,5,998,1,10,6,3,6
2018220348900,2,9,0,3,0,1,0,0,0,0,2,1,2,2,31,6,1896,2,16,1,1,1
2018220348900,3,9,0,3,0,1,0,0,0,0,2,1,2,1,25,5,-1,-1,-1,8,3,8
2018220348900,4,9,0,10,0,8,0,0,0,0,2,1,2,1,30,6,1461,2,4,1,1,1
2018220348903,1,21,0,13,0,0,0,0,0,0,4,1,6,1,61,9,10677,2,1,8,2,8
2018220348903,2,9,0,18,0,0,0,0,0,0,3,1,2,1,36,7,998,1,4,10,1,10
2018220348923,1,9,0,17,0,0,0,0,0,0,3,1,1,2,76,11,2179,2,7,9,1,9
2018220348923,2,9,0,16,0,0,0,0,0,0,3,1,5,1,38,7,1995,2,13,3,1,3
2018220348939,1,9,0,18,0,0,0,0,0,0,1,1,6,1,30,6,1587,1,13,4,3,4
2018220348939,2,22,0,18,0,0,0,0,0,0,1,1,5,2,50,8,-1,-1,-1,4,3,4
2018220348944,1,9,0,17,0,0,1,0,5,7,1,1,5,1,22,5,1461,2,12,9,-1,9
2018220348988,1,9,0,4,0,8,0,0,0,0,2,1,5,2,23,5,1242,1,1,8,1,8
2018220348988,2,9,0,4,0,8,0,0,0,0,2,1,5,1,25,5,2495,1,14,2,1,2
2018220348988,3,9,0,18,0,8,0,0,0,0,1,1,5,1,25,5,1598,1,15,7,1,7
2018220348988,4,9,0,18,0,8,0,0,0,0,1,1,5,2,53,8,1398,1,2,4,1,4
2018220348988,5,9,0,13,0,8,0,0,0,0,3,1,5,2,32,6,998,1,1,6,2,6
2018220349088,1,9,0,18,0,0,1,0,2,4,4,1,5,1,82,11,1386,1,8,-1,3,-1
2018220349132,1,9,0,18,0,0,0,4,0,0,1,1,2,2,54,8,1598,2,4,5,1,5
2018220349132,2,9,0,2,0,0,0,0,0,0,2,1,6,1,43,7,1395,8,-1,3,1,3
2018220349132,3,9,0,2,0,0,0,0,0,0,2,1,6,1,27,6,1364,1,1,6,1,6
2018220349260,1,9,0,18,0,6,0,0,1,0,3,1,5,2,54,8,1124,1,15,5,1,5
2018220349260,2,9,0,18,0,1,0,0,0,0,1,1,5,1,19,4,2204,2,10,8,3,8
2018220349275,1,9,0,18,0,0,0,0,1,0,4,1,1,1,45,7,-1,-1,-1,9,2,9
2018220349285,1,5,0,13,0,0,0,7,1,0,1,1,2,2,39,7,599,1,18,3,1,3
2018220349344,1,9,0,18,0,8,5,0,1,0,4,1,2,1,58,9,1461,2,4,7,1,7
2018220349344,2,9,0,5,0,6,0,0,0,0,1,1,2,1,44,7,2993,2,3,4,3,4
2018220349375,1,9,0,18,0,0,5,0,8,11,1,1,2,1,22,5,1461,2,11,3,1,3
2018220349382,1,9,0,9,0,5,0,0,0,0,2,1,1,1,21,5,1498,1,1,2,1,2
2018220349382,2,5,0,18,0,8,1,0,0,0,4,1,5,1,52,8,-1,-1,-1,9,1,9
2018220349395,1,9,0,1,0,0,0,0,7,10,2,1,5,2,64,9,1598,2,2,5,3,5
2018220349397,1,9,0,18,0,0,1,0,1,9,3,1,5,2,60,9,1560,2,5,3,1,3
2018220349397,2,9,0,18,0,0,1,0,0,0,1,1,5,1,77,11,2393,1,7,5,3,5
2018220349397,3,9,0,18,0,0,0,0,0,0,3,1,6,3,34,6,-1,-1,-1,-1,-1,-1
2018220349539,1,9,0,13,0,3,0,0,0,0,0,1,6,1,91,11,1999,1,14,9,1,9
2018220349539,2,9,0,18,0,3,0,10,0,0,4,1,5,2,19,4,1199,1,14,10,1,10
2018220349555,1,9,4,18,0,8,5,0,7,11,3,1,1,1,50,8,2198,2,6,2,1,2
2018220349555,2,19,0,5,0,6,0,0,0,0,0,1,1,1,39,7,2287,2,2,4,1,4
2018220349571,1,9,0,9,0,6,0,0,0,0,3,1,2,2,34,6,1398,1,-1,8,1,8
2018220349571,2,9,0,18,0,8,0,0,0,0,1,1,2,1,54,8,1995,2,4,4,3,4
2018220349597,1,9,0,18,0,0,0,0,0,0,1,1,6,1,37,7,1497,1,13,2,3,2
2018220349597,2,17,1,18,0,0,0,0,0,0,1,1,1,1,25,5,-1,-1,-1,8,2,8
2018220349601,1,9,0,4,0,4,0,0,0,0,2,1,5,2,51,8,999,1,15,1,1,1
2018220349601,2,9,0,5,0,4,0,0,0,0,1,1,5,1,74,10,1598,1,8,2,1,2
2018220349606,1,9,0,9,0,5,0,0,7,11,1,1,5,2,75,10,1242,1,4,2,1,2
2018220349624,1,9,0,13,0,0,0,0,0,0,1,1,2,1,30,6,1598,2,2,5,3,5
2018220349624,2,9,0,18,0,0,0,0,1,0,2,1,5,2,42,7,1248,2,7,6,1,6
2018220349651,1,19,0,8,0,8,0,0,0,0,2,1,1,1,34,6,1995,2,1,6,3,6
2018220349651,2,9,0,7,0,3,0,0,0,0,1,1,6,1,25,5,1598,1,14,2,1,2
2018220349719,1,9,0,18,0,0,0,0,0,0,1,1,5,2,25,5,1242,1,1,7,1,7
2018220349719,2,9,0,4,0,0,0,0,0,0,2,1,3,1,21,5,1200,1,2,8,1,8
2018220349719,3,9,0,18,0,0,0,0,0,0,0,1,1,3,34,6,-1,-1,-1,-1,-1,-1
2018220349726,1,9,0,4,0,1,0,0,0,0,1,1,2,2,47,8,1349,1,9,8,1,8
2018220349726,2,9,0,4,0,1,0,0,0,0,2,1,2,1,45,7,999,1,-1,1,1,1
2018220349742,1,9,0,9,0,8,0,0,0,0,4,1,5,2,20,4,1198,1,9,5,3,5
2018220349742,2,9,0,5,0,4,0,0,0,0,1,1,5,2,32,6,2184,2,13,5,-1,5
2018220349755,1,8,0,18,0,0,0,0,0,0,1,1,1,1,44,7,2143,2,6,1,1,1
2018220349761,1,9,0,5,0,4,0,0,0,0,1,1,5,2,67,10,1461,2,7,5,3,5
2018220349761,2,9,0,9,0,4,0,0,0,0,1,1,5,1,14,3,-1,-1,-1,7,1,7
2018220349769,1,9,0,18,0,2,0,4,0,0,1,1,5,1,85,11,1086,1,10,2,1,2
2018220349769,2,9,0,2,0,2,0,0,0,0,2,1,5,1,26,6,2993,2,12,7,1,7
2018220350060,1,9,0,18,0,0,0,0,0,0,1,1,6,3,34,6,-1,-1,-1,-1,-1,-1
2018220350060,2,9,0,18,0,0,0,0,0,0,3,1,2,1,48,8,1596,1,9,8,1,8
2018220350099,1,9,0,18,0,8,0,0,0,0,1,1,5,2,20,4,1248,1,6,5,1,5
2018220350099,2,9,0,9,0,5,0,0,0,0,1,1,2,1,55,8,1398,2,15,8,1,8
2018220350112,1,19,0,4,9,0,0,10,0,0,4,1,5,1,24,5,1686,2,14,-1,-1,-1
2018220350112,2,9,0,4,9,0,0,10,0,0,1,1,1,1,35,6,2993,2,1,-1,-1,-1
2018220350124,1,9,0,7,0,6,0,0,0,0,1,1,5,1,62,9,1108,1,8,8,1,8
2018220350124,2,1,0,18,0,8,0,0,0,0,1,1,2,1,40,7,-1,-1,-1,2,1,2
2018220350201,1,9,0,9,0,5,0,0,0,0,1,1,1,1,65,9,1590,1,17,8,1,8
2018220350205,1,9,0,18,0,0,0,0,0,0,1,1,5,2,76,11,1339,1,5,8,1,8
2018220350205,2,21,1,18,0,0,0,0,0,0,1,1,1,1,25,5,12419,2,7,6,3,6
2018220350230,1,19,0,9,0,6,0,0,0,0,1,1,5,1,36,7,1995,2,1,8,1,8
2018220350230,2,1,0,18,0,8,0,0,0,0,3,1,5,1,74,10,-1,-1,-1,5,1,5
2018220350330,1,9,0,18,0,8,0,4,0,0,1,1,3,2,26,6,1598,1,11,1,1,1
2018220350330,2,9,0,2,0,8,0,0,0,0,1,1,5,2,22,5,1596,1,15,1,1,1
2018220350341,1,9,0,9,0,8,0,0,0,0,3,1,1,2,39,7,1995,2,3,7,1,7
2018220350341,2,9,0,18,0,3,0,0,0,0,4,1,1,2,45,7,1197,1,5,10,2,10
2018220350400,1,9,0,5,0,6,0,0,0,0,1,1,2,2,54,8,1762,2,19,6,1,6
2018220350400,2,9,0,9,0,6,0,0,0,0,1,1,5,2,57,9,2464,1,18,1,1,1
2018220350413,1,9,0,13,0,0,0,0,0,0,1,1,6,3,30,6,-1,-1,-1,-1,-1,-1
2018220350413,2,9,0,18,0,0,5,0,1,11,2,1,6,1,21,5,1587,1,18,7,2,7
2018220350414,1,9,0,18,0,0,0,0,0,0,1,1,2,2,21,5,1499,1,2,9,1,9
2018220350431,1,9,0,9,0,3,1,0,0,0,3,1,5,2,22,5,1560,2,5,-1,3,-1
2018220350431,2,11,0,9,0,3,0,0,0,0,4,1,1,1,63,9,2998,2,13,7,1,7
2018220350486,1,9,0,18,0,8,0,0,0,0,1,1,5,2,21,5,1984,1,10,5,1,5
2018220350486,2,9,0,9,0,5,0,0,0,0,3,1,6,1,-1,-1,1360,1,19,2,1,2
2018220350646,1,9,0,18,0,3,1,0,0,0,1,1,5,1,49,8,1956,2,7,9,1,9
2018220350675,1,9,0,18,0,0,0,0,0,0,3,1,5,2,71,10,1590,1,14,2,1,2
2018220350675,2,9,0,18,0,0,0,0,0,0,3,1,5,2,40,7,1360,1,11,6,3,6
2018220350717,1,9,0,16,0,0,1,0,1,9,1,1,1,1,32,6,-1,-1,-1,3,1,3
2018220350717,2,9,0,18,0,0,1,0,0,0,1,1,1,1,65,9,-1,-1,-1,1,1,1
2018220350833,1,9,0,9,0,6,0,0,0,0,3,1,5,2,37,7,1582,2,6,5,1,5
2018220350877,1,9,0,14,0,0,0,0,0,0,4,1,6,1,53,8,-1,-1,-1,8,1,8
2018220350877,2,19,0,2,0,0,0,0,0,0,0,1,2,1,42,7,2402,2,7,9,2,9
2018220351204,1,9,0,13,0,0,0,0,0,0,3,1,5,1,51,8,1951,2,15,10,1,10
2018220351204,2,3,0,18,0,0,0,0,0,0,3,1,5,1,29,6,124,1,2,4,3,4
2018220351229,1,9,0,11,0,0,0,0,0,0,4,1,5,2,20,4,1598,1,13,10,1,10
2018220351229,2,9,0,3,0,0,0,0,0,0,2,1,2,1,49,8,1598,2,3,8,1,8
2018220351229,3,19,0,3,0,0,0,0,0,0,2,1,1,1,34,6,1598,2,3,6,3,6
2018220351229,4,9,0,4,0,0,0,0,0,0,0,1,5,2,25,5,1242,1,13,4,2,4
2018220351238,1,9,0,17,0,0,0,0,0,0,1,1,5,1,49,8,2179,2,4,9,1,9
2018220351238,2,98,0,16,0,0,0,0,0,0,3,1,1,1,37,7,-1,-1,-1,1,1,1
2018220351238,3,9,0,16,0,0,0,0,1,10,1,1,5,2,68,10,999,1,-1,9,1,9
2018220351246,1,19,4,4,0,0,0,0,0,0,2,1,5,1,48,8,1968,2,8,6,3,6
2018220351246,2,9,0,18,0,0,0,0,0,0,1,1,6,1,34,6,1796,1,18,-1,-1,-1
2018220351271,1,9,0,18,0,0,0,0,0,0,4,1,6,1,49,8,1198,1,6,5,1,5
2018220351279,1,9,0,13,0,0,1,0,2,6,1,1,5,1,28,6,1595,1,6,3,1,3
2018220351293,1,9,0,7,0,6,0,0,0,0,2,1,5,1,61,9,998,1,16,4,1,4
2018220351293,2,1,0,18,0,8,0,0,0,0,1,1,5,1,37,7,-1,-1,-1,6,1,6
2018220351295,1,21,0,5,0,0,0,0,0,0,2,1,1,1,62,9,6700,2,1,-1,3,-1
2018220351338,1,9,0,18,0,0,0,0,0,0,1,1,2,2,29,6,-1,-1,-1,5,1,5
2018220351338,2,9,0,18,0,0,0,0,0,0,3,1,2,1,27,6,-1,-1,-1,2,1,2
2018220351352,1,9,0,18,0,0,0,0,0,0,4,1,6,3,34,6,-1,-1,-1,-1,-1,-1
2018220351425,1,9,0,18,0,0,0,0,0,0,1,1,6,3,57,9,1598,2,6,-1,-1,-1
2018220351425,2,9,0,4,0,0,0,0,0,0,2,1,5,1,17,4,1229,1,9,9,2,9
2018220351425,3,9,0,4,0,0,0,0,0,0,2,1,6,3,34,6,1598,2,3,-1,-1,-1
2018220351436,1,9,0,18,0,0,5,0,0,0,3,1,2,1,21,5,1968,2,4,4,1,4
2018220351436,2,21,0,13,0,0,0,0,0,0,1,1,1,2,33,6,10837,2,4,9,3,9
2018220351464,1,8,0,9,0,4,0,0,0,0,1,1,2,1,36,7,1686,2,6,4,1,4
2018220351464,2,3,0,7,0,4,1,0,0,0,3,1,1,1,20,4,124,1,7,1,1,1
2018220351482,1,9,0,18,0,0,0,4,0,0,1,1,1,1,62,9,1199,1,-1,2,1,2
2018220351482,2,9,0,18,0,0,0,0,0,0,1,1,1,2,25,5,1398,1,3,8,1,8
2018220351482,3,9,0,2,0,0,0,0,0,0,2,1,2,1,22,5,1590,1,16,5,3,5
2018220351491,1,9,0,18,0,1,0,0,0,0,1,1,6,1,45,7,4196,1,14,2,1,2
2018220351491,2,9,0,3,0,1,0,0,0,0,2,1,5,2,54,8,1390,1,12,6,1,6
2018220351492,1,9,0,4,0,1,0,0,0,0,1,1,6,1,29,6,1560,2,5,1,1,1
2018220351492,2,9,0,3,0,1,0,0,0,0,2,1,6,2,44,7,1199,2,6,9,-1,9
2018220351493,1,9,0,5,0,4,0,0,0,0,3,1,6,2,54,8,1364,1,2,5,1,5
2018220351493,2,1,0,18,0,8,1,0,0,0,1,1,2,1,56,9,-1,-1,-1,5,1,5
2018220351504,1,9,0,16,0,0,5,0,1,0,4,1,5,2,25,5,1360,1,12,4,1,4
2018220351513,1,9,0,18,0,6,0,0,0,0,1,1,5,1,47,8,2149,2,11,5,1,5
2018220351513,2,2,0,18,0,8,0,0,0,0,3,1,5,1,16,4,49,1,-1,6,1,6
2018220351533,1,9,0,14,0,0,0,0,0,0,4,1,5,2,21,5,1560,2,4,3,1,3
2018220351541,1,9,0,18,0,4,0,0,0,0,3,1,5,1,89,11,1586,1,4,5,3,5
2018220351541,2,5,0,18,0,8,0,0,0,0,1,1,5,1,57,9,535,1,28,2,1,2
2018220351542,1,9,0,13,0,0,0,0,0,0,0,1,5,2,53,8,1598,1,18,4,3,4
2018220351542,2,9,0,18,0,0,2,0,1,4,4,1,5,1,80,11,1560,2,8,4,2,4
2018220351654,1,9,0,18,0,6,0,0,3,10,1,1,5,1,19,4,1999,2,-1,9,1,9
2018220351668,1,9,0,18,0,1,0,0,0,0,1,1,6,1,34,6,2495,2,17,-1,-1,-1
2018220351668,2,9,0,10,0,1,0,0,0,0,2,1,5,1,34,6,1968,2,7,1,1,1
2018220351707,1,9,0,18,0,1,0,0,0,0,1,1,5,2,42,7,-1,-1,-1,8,1,8
2018220351707,2,9,0,4,0,1,0,0,0,0,2,1,5,2,61,9,1560,2,10,5,3,5
2018220351711,1,9,0,18,0,1,0,0,0,0,1,1,6,1,69,10,1996,1,21,10,1,10
2018220351711,2,9,0,9,0,5,0,0,0,0,1,1,6,2,31,6,1242,1,5,9,2,9
2018220351855,1,9,0,18,0,0,0,0,0,0,4,1,5,2,34,6,1998,2,15,4,1,4
2018220351898,1,9,0,18,0,0,0,0,0,0,3,1,5,1,42,7,1896,2,16,3,1,3
2018220351902,1,9,0,4,0,1,0,0,0,0,1,1,5,1,62,9,1598,1,3,-1,3,-1