Accident_Index,Vehicle_Reference,Vehicle_Type,Towing_and_Articulation,Vehicle_Manoeuvre,Vehicle_Location-Restricted_Lane,Junction_Location,Skidding_and_Overturning,Hit_Object_in_Carriageway,Vehicle_Leaving_Carriageway,Hit_Object_off_Carriageway,1st_Point_of_Impact,Was_Vehicle_Left_Hand_Drive?,Journey_Purpose_of_Driver,Sex_of_Driver,Age_of_Driver,Age_Band_of_Driver,Engine_Capacity_(CC),Propulsion_Code,Age_of_Vehicle,Driver_IMD_Decile,Driver_Home_Area_Type,Vehicle_IMD_Decile
2018230274626,1,19,0,1,0,0,0,0,0,0,2,1,1,1,32,6,1560,2,3,7,1,7
2018230274629,1,9,0,9,9,6,0,0,0,0,1,1,6,1,34,6,1968,2,7,10,1,10
2018230274733,1,9,0,5,0,6,0,0,0,0,4,1,2,1,65,9,1798,1,3,9,1,9
2018230274733,2,9,0,18,0,8,0,0,0,0,1,1,2,2,55,8,1368,1,1,3,1,3
2018230274798,1,9,0,5,0,4,0,0,0,0,1,1,2,2,36,7,1242,1,4,10,1,10
2018230274798,2,1,0,5,0,4,0,0,0,0,2,1,5,1,63,9,-1,-1,-1,9,1,9
2018230274826,1,9,0,18,0,0,1,0,5,6,1,1,1,2,27,6,1496,2,1,7,1,7
2018230274826,2,9,0,18,0,0,0,0,0,0,2,1,1,1,51,8,1598,2,2,10,2,10
2018230274826,3,21,0,18,0,0,0,0,0,0,3,1,1,1,57,9,6370,2,8,2,1,2
2018230274831,1,9,0,18,0,0,0,0,0,0,1,1,5,2,62,9,1796,1,5,5,1,5
2018230274831,2,9,0,18,0,0,0,0,0,0,1,1,5,2,71,10,998,1,2,6,1,6
2018230274847,1,21,1,18,0,0,0,0,0,0,0,1,1,1,64,9,11946,2,7,8,3,8
2018230274847,2,9,0,18,0,0,0,0,0,0,4,1,5,1,56,9,1968,2,5,7,1,7
2018230274892,1,9,0,18,0,0,0,0,0,0,4,1,5,2,37,7,1299,1,12,7,1,7
2018230274926,1,9,0,3,0,0,0,0,0,0,4,1,3,1,53,8,2143,2,6,8,1,8
2018230274926,2,1,0,15,0,0,0,8,0,0,1,1,4,1,15,3,-1,-1,-1,1,1,1
2018230274978,1,9,0,17,0,0,1,0,0,0,3,1,2,1,36,7,2996,1,10,7,1,7
2018230274978,2,9,0,17,0,0,1,0,0,0,1,1,2,1,41,7,1582,2,5,10,1,10
2018230275179,1,19,0,5,0,0,0,0,0,0,4,1,6,1,41,7,1996,2,7,2,1,2
2018230275179,2,9,0,18,0,0,0,0,0,0,3,1,2,1,31,6,1390,1,14,5,1,5
2018230275221,1,1,0,18,0,0,0,0,0,0,1,1,2,1,43,7,-1,-1,-1,-1,-1,-1
2018230275329,1,9,0,18,0,0,1,0,2,7,1,1,2,2,35,6,2000,2,14,3,1,3
2018230275336,1,9,0,4,0,0,0,0,0,0,2,1,1,1,64,9,-1,-1,-1,3,1,3
2018230275336,2,9,0,18,0,0,1,0,0,0,1,1,2,2,52,8,1598,2,3,9,1,9
2018230275487,1,98,0,18,0,8,0,0,0,0,1,1,6,3,34,6,-1,-1,-1,-1,-1,-1
2018230275507,1,21,0,13,0,4,0,0,0,0,4,1,1,1,42,7,10518,2,2,5,1,5
2018230275507,2,1,0,18,0,4,0,10,0,0,3,1,5,1,45,7,-1,-1,-1,7,1,7
2018230275575,1,9,0,16,0,0,1,0,0,0,1,1,5,1,26,6,-1,-1,-1,6,3,6
2018230275575,2,9,0,17,0,0,0,0,0,0,1,1,5,1,44,7,-1,-1,-1,9,1,9
2018230275628,1,9,0,18,0,8,0,0,0,0,1,1,3,1,67,10,2494,1,19,7,1,7
2018230275628,2,9,0,4,0,8,0,0,0,0,2,1,5,1,33,6,1998,1,17,8,1,8
2018230275700,1,9,0,5,0,0,0,0,0,0,3,1,5,2,38,7,1242,1,3,4,1,4
2018230275700,2,9,0,18,0,0,0,0,0,0,4,1,5,2,37,7,2191,2,5,4,1,4
2018230275710,1,9,0,7,5,6,0,0,0,0,4,1,6,1,34,6,1598,1,14,5,1,5
2018230275710,2,1,0,16,5,8,0,0,0,0,1,1,5,1,58,9,-1,-1,-1,9,1,9
2018230276110,1,9,0,18,0,0,1,0,5,6,1,1,5,2,24,5,1360,1,7,6,1,6
2018230276130,1,9,0,18,0,0,1,0,5,6,3,1,5,1,20,4,1598,1,11,4,1,4
2018230276130,2,19,0,18,0,0,0,0,0,0,1,1,1,1,34,6,2143,2,2,7,1,7
2018230276158,1,9,0,9,0,5,0,0,0,0,1,1,6,2,62,9,1499,1,-1,9,1,9
2018230276158,2,1,0,18,0,8,0,0,0,0,1,1,2,1,36,7,-1,-1,-1,7,1,7
2018230276163,1,9,0,18,0,0,1,0,0,0,3,1,5,1,37,7,1995,2,14,7,1,7
2018230276163,2,21,1,18,0,0,1,0,0,0,1,1,1,1,25,5,12419,2,2,4,1,4
2018230276163,3,9,0,18,0,0,1,0,0,0,1,1,5,1,26,6,1596,1,3,1,1,1
2018230276163,4,9,0,18,0,0,1,0,0,0,1,1,2,1,43,7,1461,2,3,1,1,1
2018230276228,1,9,0,18,0,0,0,0,0,0,1,1,5,1,38,7,1560,2,10,-1,1,-1
2018230276228,2,9,0,4,0,0,0,0,0,0,2,1,5,2,46,8,1598,2,5,2,1,2
2018230276240,1,9,0,18,0,0,0,0,0,0,1,1,5,1,26,6,1995,2,5,3,1,3
2018230276240,2,9,0,4,0,0,0,0,0,0,2,1,5,1,23,5,2000,1,13,9,1,9
2018230276240,3,9,0,3,0,0,0,0,4,6,2,1,5,1,21,5,1600,1,14,6,1,6
2018230276290,1,9,0,18,0,4,0,0,0,0,1,1,1,2,56,9,1599,1,11,6,3,6
2018230276290,2,1,0,18,0,8,0,0,0,0,1,1,5,1,49,8,-1,-1,-1,10,1,10
2018230276325,1,21,0,18,0,2,0,4,0,0,1,1,1,1,58,9,10837,2,4,5,2,5
2018230276325,2,9,0,2,0,2,0,0,0,0,2,1,6,1,23,5,1398,2,15,6,1,6
2018230276399,1,11,0,17,0,0,0,0,0,0,0,1,3,3,34,6,-1,-1,-1,-1,-1,-1
2018230276399,2,9,0,16,0,0,0,0,1,9,1,1,1,1,53,8,1560,2,3,6,1,6
2018230276417,1,9,0,5,0,8,1,0,0,0,1,1,6,3,34,6,-1,-1,-1,-1,-1,-1
2018230276417,2,9,0,9,0,6,0,0,0,0,2,1,2,2,42,7,1896,2,13,6,1,6
2018230276457,1,9,0,7,0,6,0,0,0,0,1,1,5,2,50,8,1781,1,12,4,1,4
2018230276457,2,1,0,18,0,8,0,0,0,0,2,1,5,1,67,10,-1,-1,-1,7,1,7
2018230276470,1,9,0,13,0,0,0,0,0,0,1,1,6,3,25,5,1984,1,8,-1,-1,-1
2018230276470,2,9,0,18,0,0,0,0,0,0,3,1,5,1,73,10,-1,-1,-1,8,1,8
2018230276470,3,9,0,18,0,0,1,0,1,11,3,1,5,2,63,9,1998,1,14,10,1,10
2018230276528,1,9,0,9,0,6,0,0,0,0,4,1,6,1,34,6,-1,-1,-1,-1,-1,-1
2018230276585,1,9,0,18,0,4,0,0,0,0,3,1,5,1,22,5,1198,1,11,1,1,1
2018230276585,2,1,0,18,0,8,0,0,0,0,1,1,5,1,18,4,-1,-1,-1,1,1,1
2018230276750,1,11,0,5,0,0,0,0,0,0,0,1,1,1,56,9,6700,2,-1,5,1,5
2018230276809,1,9,0,9,0,6,0,0,0,0,1,1,5,1,35,6,1995,1,10,4,2,4
2018230276809,2,1,0,9,0,6,0,0,0,0,2,1,5,1,18,4,-1,-1,-1,9,1,9
2018230276859,1,9,0,18,0,0,0,0,0,0,4,1,5,1,59,9,2143,2,4,10,1,10
2018230276905,1,19,0,18,0,0,0,0,0,0,1,1,5,1,34,6,1560,2,3,10,1,10
2018230276905,2,1,0,18,0,0,0,0,0,0,2,1,2,1,36,7,-1,-1,-1,3,1,3
2018230276911,1,3,0,18,0,8,1,0,0,0,1,1,1,1,20,4,125,1,1,1,1,1
2018230276911,2,9,0,3,0,8,0,0,0,0,2,1,2,1,29,6,1685,2,6,5,3,5
2018230277048,1,9,0,18,0,4,0,0,0,0,1,1,1,1,27,6,-1,-1,-1,-1,-1,-1
2018230277048,2,9,0,9,0,8,0,0,0,0,4,1,5,1,45,7,1995,2,9,10,1,10
2018230277414,1,9,0,18,0,4,1,0,0,0,1,1,6,2,27,6,1398,1,4,7,1,7
2018230277414,2,9,0,9,0,8,0,0,0,0,4,1,5,2,33,6,796,1,10,1,1,1
2018230277502,1,9,0,4,0,1,1,0,0,0,1,1,5,2,37,7,1598,2,4,7,1,7
2018230277502,2,9,0,4,0,1,0,0,0,0,2,1,5,1,33,6,-1,-1,-1,9,1,9
2018230277526,1,9,0,18,0,0,0,0,1,4,1,1,2,2,32,6,1968,2,4,1,1,1
2018230277587,1,9,0,18,0,0,1,0,1,7,3,1,5,1,24,5,1995,2,10,3,1,3
2018230277595,1,9,0,9,0,6,0,0,3,11,1,1,5,2,82,11,1318,1,2,5,2,5
2018230277595,2,9,0,18,0,8,0,0,7,2,1,1,5,1,72,10,3387,1,11,9,2,9
2018230277619,1,21,0,11,0,0,0,0,0,0,1,1,1,1,39,7,12777,2,1,6,1,6
2018230277619,2,9,0,18,0,0,0,0,5,6,2,1,5,2,60,9,1590,1,15,6,3,6
2018230277619,3,9,0,18,0,0,0,0,0,0,3,1,5,1,49,8,2143,2,2,10,3,10
2018230277760,1,9,0,18,0,0,0,4,0,0,1,1,5,2,31,6,1587,1,13,7,1,7
2018230277760,2,21,0,2,0,0,0,0,0,0,2,1,1,1,37,7,6370,2,9,1,1,1
2018230277784,1,19,0,18,0,0,0,0,0,0,1,1,5,1,25,5,2198,2,5,6,1,6
2018230277784,2,9,0,4,0,0,0,0,0,0,2,1,5,1,53,8,1499,1,2,-1,1,-1
2018230277800,1,19,0,18,0,1,1,0,1,0,1,1,5,1,61,9,1686,2,16,5,2,5
2018230277800,2,9,0,4,0,1,0,0,0,0,0,1,6,3,34,6,1598,2,1,-1,-1,-1
2018230277800,3,9,0,18,0,2,0,0,0,0,0,1,6,3,34,6,-1,-1,-1,-1,-1,-1
2018230277826,1,9,0,9,0,6,0,0,0,0,3,1,6,1,30,6,1991,1,1,4,3,4
2018230277826,2,3,0,18,0,1,0,0,0,0,1,1,6,1,19,4,124,1,1,4,1,4
2018230278014,1,21,1,9,0,6,0,4,0,0,4,1,1,1,61,9,12740,2,5,2,3,2
2018230278014,2,90,4,2,0,1,0,0,0,0,3,1,1,2,36,7,-1,-1,-1,1,1,1
2018230278070,1,9,0,5,0,6,0,0,0,0,1,1,5,1,20,4,1598,1,9,8,2,8
2018230278070,2,3,0,18,0,8,0,0,0,0,4,1,5,1,21,5,124,1,16,7,3,7
2018230278110,1,8,0,1,0,6,0,0,0,0,2,1,1,1,41,7,1560,2,4,7,1,7
2018230278110,2,9,0,18,0,8,0,0,1,4,1,1,5,1,85,11,1596,1,12,8,3,8
2018230278311,1,8,0,5,0,0,0,0,0,0,4,1,1,1,-1,-1,1560,2,8,-1,-1,-1
2018230278504,1,9,0,1,9,6,0,0,0,0,2,1,6,3,34,6,-1,-1,-1,-1,-1,-1
2018230278504,2,1,0,18,9,8,0,0,0,0,3,1,5,1,12,3,-1,-1,-1,3,1,3
2018230278537,1,9,0,16,0,1,0,0,0,0,1,1,6,1,24,5,1910,2,13,10,3,10
2018230278537,2,9,0,16,0,1,0,0,0,0,2,1,5,2,20,4,-1,-1,-1,10,1,10
2018230278580,1,9,0,1,0,1,0,0,0,0,2,1,6,1,28,6,-1,-1,-1,-1,-1,-1
2018230278580,2,9,0,8,0,1,0,0,0,0,1,1,5,1,34,6,1956,2,4,3,1,3
2018230278828,1,9,0,18,0,0,2,0,1,7,1,1,5,1,42,7,1997,2,17,-1,3,-1
2018230279198,1,9,0,18,0,0,0,0,1,7,1,1,5,1,18,4,1968,2,4,1,1,1
2018230279453,1,19,0,18,0,0,0,0,0,0,1,2,1,1,34,6,2198,2,1,1,1,1
2018230279453,2,21,0,3,0,0,0,0,0,0,2,1,1,1,56,9,10837,2,4,3,1,3
2018230279559,1,9,0,7,0,5,0,0,0,0,1,1,5,1,16,4,1339,1,14,2,1,2
2018230279559,2,9,0,18,0,8,0,0,0,0,1,1,5,2,69,10,1560,2,7,8,1,8
2018230279559,3,9,0,7,0,1,0,0,0,0,0,1,1,1,47,8,2993,2,1,-1,-1,-1
2018230279559,4,9,0,7,0,1,0,0,0,0,0,1,1,1,41,7,1969,2,1,-1,-1,-1
2018230279758,1,9,0,17,0,0,5,0,1,10,1,1,6,1,64,9,1798,1,17,9,3,9
2018230279845,1,9,0,1,0,0,0,0,0,0,2,1,5,1,71,10,1984,1,16,8,3,8
2018230279883,1,9,0,16,0,8,0,0,0,0,1,1,5,2,38,7,996,1,9,1,1,1
2018230279883,2,9,0,17,0,8,0,0,0,0,1,1,5,1,37,7,2400,2,1,7,1,7
2018230279952,1,9,0,18,0,0,0,0,2,7,1,1,6,3,34,6,-1,-1,-1,-1,-1,-1
2018230279952,2,9,0,18,0,0,0,0,5,6,2,1,5,1,44,7,-1,-1,-1,8,2,8
2018230280343,1,9,0,18,0,0,0,0,0,0,1,1,1,2,23,5,1399,2,8,7,3,7
2018230280343,2,9,0,4,0,0,0,0,0,0,2,1,3,2,48,8,1984,2,4,10,1,10
2018230280400,1,3,0,18,0,0,0,0,0,0,1,1,5,1,23,5,125,1,1,3,1,3
2018230280400,2,9,0,3,0,0,0,0,0,0,2,1,5,1,64,9,1598,1,13,6,1,6
2018230280704,1,8,0,9,0,6,0,0,0,0,1,1,1,1,40,7,1560,2,7,10,1,10
2018230280704,2,1,0,18,0,8,0,0,0,0,4,1,6,2,31,6,-1,-1,-1,5,1,5
2018230281270,1,9,0,18,0,3,0,0,0,0,3,1,6,2,28,6,-1,-1,-1,4,2,4
2018230281270,2,9,0,5,0,1,0,0,0,0,4,1,3,2,39,7,1398,2,5,4,2,4
2018230281335,1,9,0,18,0,1,0,0,0,0,1,1,6,3,40,7,-1,-1,-1,-1,-1,-1
2018230281335,2,3,0,3,0,1,0,0,0,0,2,1,6,1,43,7,125,1,2,2,1,2
2018230281409,1,9,0,18,0,0,1,0,1,4,3,1,6,1,38,7,2987,2,1,10,1,10
2018230281422,1,19,0,18,0,1,0,0,1,0,1,1,6,1,54,8,1560,2,8,10,1,10
2018230281422,2,9,0,10,0,1,0,0,1,0,3,1,6,1,30,6,1984,1,1,8,1,8
2018230281425,1,9,0,3,0,0,0,0,0,0,4,1,5,1,60,9,1395,1,2,10,2,10
2018230281425,2,1,0,18,0,0,1,0,0,0,2,1,5,1,17,4,-1,-1,-1,8,1,8
2018230281486,1,9,0,18,0,0,0,0,1,7,1,1,5,2,26,6,1598,2,5,2,1,2
2018230281486,2,9,0,18,0,0,0,0,0,0,2,1,5,1,55,8,-1,-1,-1,2,2,2
2018230281486,3,9,0,18,0,0,0,0,0,0,3,1,6,2,34,6,1299,1,15,3,1,3
2018230281553,1,19,0,9,0,6,0,0,0,0,3,1,5,1,49,8,2499,2,19,6,1,6
2018230281553,2,9,0,18,0,8,0,0,0,0,1,1,5,2,26,6,1318,1,1,8,1,8
2018230281613,1,8,0,17,0,0,0,0,1,11,1,1,1,2,33,6,2143,2,2,1,1,1
2018230281644,1,9,0,17,0,0,0,0,0,0,1,1,5,1,62,9,1997,2,13,2,1,2
2018230281644,2,9,0,16,0,0,0,0,0,0,1,1,5,1,41,7,3387,1,13,10,3,10
2018230281714,1,9,0,5,0,8,0,0,0,0,1,1,5,1,66,10,3993,1,3,6,2,6
2018230281714,2,9,0,9,0,5,0,0,0,0,1,1,5,1,60,9,1497,8,2,4,1,4
2018230281719,1,9,0,17,0,0,0,10,2,9,1,1,5,1,34,6,1997,1,16,1,1,1
2018230281740,1,9,0,18,0,4,0,0,0,0,1,1,5,1,55,8,1956,2,6,6,3,6
2018230281740,2,9,0,9,0,4,0,0,0,0,3,1,3,2,43,7,1560,2,4,5,1,5
2018230281754,1,9,0,18,0,3,0,0,0,0,3,1,5,1,25,5,998,1,2,5,1,5
2018230281754,2,9,0,18,0,3,0,0,4,7,4,1,5,1,50,8,2184,2,9,3,1,3
2018230281758,1,9,0,18,0,2,0,0,0,0,1,1,6,3,34,6,1597,1,8,5,1,5
2018230281758,2,9,0,4,0,2,0,0,0,0,2,1,5,1,43,7,1560,2,2,5,1,5
2018230281789,1,9,0,9,0,6,0,0,0,0,3,1,5,2,73,10,1598,1,5,10,1,10
2018230281789,2,9,0,18,0,8,0,0,0,0,1,1,5,1,68,10,2953,2,15,9,1,9
2018230281813,1,4,0,15,0,4,0,0,0,0,3,1,2,1,37,7,798,1,10,6,1,6
2018230281813,2,9,0,18,0,4,0,0,0,0,4,1,5,1,36,7,1956,2,4,8,3,8
2018230281925,1,9,0,18,0,0,0,0,2,7,1,1,5,1,28,6,2497,2,15,4,1,4
2018230281925,2,21,1,18,0,0,0,0,0,0,1,1,1,1,64,9,11967,2,5,9,2,9
2018230281953,1,9,0,18,0,1,0,0,0,0,1,1,5,1,23,5,2982,2,11,6,3,6
2018230281994,1,9,0,16,0,0,1,0,7,0,1,1,5,2,23,5,1229,1,9,1,1,1
2018230282049,1,9,0,1,9,5,0,0,0,0,2,1,6,1,53,8,1796,1,11,-1,-1,-1
2018230282088,1,98,0,18,0,4,0,0,0,0,1,1,1,1,64,9,-1,-1,-1,2,1,2
2018230282088,2,1,0,18,0,4,0,0,0,0,2,1,5,1,47,8,-1,-1,-1,2,1,2
2018230282139,1,9,0,7,0,3,0,0,0,0,1,1,2,1,37,7,1870,2,9,4,1,4
2018230282139,2,9,0,4,0,3,0,0,0,0,2,1,2,1,19,4,999,1,1,10,-1,10
2018230282139,3,9,0,4,0,3,0,0,0,0,2,1,2,2,58,9,1598,2,2,6,2,6
2018230282174,1,1,0,16,5,8,0,0,0,0,1,1,4,1,13,3,-1,-1,-1,3,1,3
2018230282174,2,1,0,17,5,8,0,0,0,0,1,1,6,1,34,6,-1,-1,-1,-1,-1,-1
2018230282263,1,5,0,9,0,8,1,0,0,0,1,1,1,2,58,9,1050,1,-1,8,1,8
2018230282263,2,9,0,4,0,8,0,0,0,0,2,1,1,1,38,7,1969,2,3,6,3,6
2018230282331,1,9,0,4,0,1,0,0,0,0,1,1,5,1,83,11,1799,1,23,7,1,7
2018230282331,2,9,0,17,0,8,0,4,0,0,4,1,5,1,57,9,1995,2,4,7,1,7
2018230282331,3,9,0,2,0,2,0,0,0,0,3,1,5,2,36,7,998,1,2,7,1,7
2018230282361,1,9,0,13,0,0,0,0,7,9,1,1,5,1,26,6,-1,-1,-1,9,1,9
2018230282361,2,9,0,17,0,0,0,0,0,0,1,1,5,1,43,7,1582,2,1,10,1,10
2018230282416,1,5,0,17,0,0,1,0,0,0,3,1,5,1,65,9,1037,1,3,5,1,5
2018230282416,2,9,0,16,0,0,0,0,0,0,1,1,5,1,18,4,1242,1,12,2,1,2
2018230282425,1,9,0,9,0,6,0,0,0,0,3,1,1,1,52,8,-1,-1,-1,2,1,2
2018230282425,2,9,0,18,0,8,0,0,0,0,1,1,5,1,64,9,1242,1,7,7,1,7
2018230282463,1,9,0,9,0,6,0,0,0,0,1,1,5,2,35,6,1399,2,14,4,1,4
2018230282463,2,9,0,18,0,8,0,0,0,0,1,1,5,2,24,5,1598,1,15,6,1,6
2018230282484,1,9,0,12,0,1,0,0,0,0,3,1,5,1,43,7,1988,1,14,3,1,3
2018230282484,2,9,0,18,0,1,2,0,4,6,4,1,5,1,38,7,3192,1,11,7,1,7
2018230282484,3,9,0,3,0,1,0,0,0,0,3,1,5,2,38,7,1248,1,4,3,1,3
2018230282503,1,1,0,18,0,8,0,0,0,0,1,1,2,1,54,8,-1,-1,-1,7,2,7
2018230282503,2,9,0,5,0,6,0,0,0,0,3,1,5,1,17,4,999,1,3,7,1,7
2018230282761,1,1,0,18,0,8,0,0,0,0,1,1,5,1,26,6,-1,-1,-1,4,1,4
2018230282761,2,9,0,10,0,1,0,0,0,0,1,1,5,2,23,5,1242,1,9,3,1,3
2018230282824,1,19,0,18,0,0,0,0,0,0,1,1,1,1,30,6,2198,2,6,2,1,2
2018230282824,2,21,0,18,0,0,0,0,0,0,2,1,1,1,34,6,-1,-1,-1,1,1,1
2018230282961,1,9,0,18,0,0,0,0,0,0,1,1,2,1,47,8,1997,2,3,2,1,2
2018230282961,2,9,0,18,0,0,0,0,0,0,1,1,2,2,55,8,1598,2,6,6,2,6
2018230283068,1,4,0,13,0,0,0,0,0,0,1,1,5,1,24,5,249,1,8,-1,2,-1
2018230283068,2,9,0,12,0,0,0,0,0,0,3,1,2,1,39,7,-1,-1,-1,4,3,4
2018230283068,3,9,0,4,0,0,0,0,0,0,4,1,2,1,49,8,1794,1,14,6,3,6
2018230283129,1,2,0,18,0,4,0,0,0,0,1,1,5,1,32,6,-1,-1,-1,3,1,3
2018230283129,2,9,0,4,0,3,0,0,0,0,1,1,1,1,52,8,2993,2,2,-1,-1,-1
2018230283240,1,9,0,18,0,8,0,0,0,0,1,1,5,1,29,6,1198,1,14,3,1,3
2018230283240,2,1,0,9,0,5,0,0,0,0,1,1,5,1,54,8,-1,-1,-1,-1,-1,-1
2018230283565,1,9,0,18,0,0,0,0,0,0,1,1,1,1,24,5,1685,2,1,9,1,9
2018230283565,2,19,0,4,0,0,0,0,0,0,2,1,1,1,26,6,2198,2,3,2,1,2
2018230283645,1,9,0,13,0,4,0,0,0,0,1,1,6,1,50,8,1995,2,8,9,-1,9
2018230283645,2,9,0,18,0,4,1,0,0,0,3,1,5,1,39,7,1984,1,3,7,1,7
2018230283690,1,9,0,18,0,1,0,0,0,0,1,1,6,3,34,6,-1,-1,-1,-1,-1,-1
2018230283690,2,1,0,18,0,1,0,0,0,0,2,1,5,1,24,5,-1,-1,-1,10,2,10
2018230283695,1,9,0,6,0,0,0,0,0,0,3,1,6,1,51,8,1753,2,17,1,1,1
2018230283695,2,3,0,18,0,0,1,0,0,0,1,1,5,1,31,6,124,1,2,3,1,3
2018230283992,1,9,0,1,0,0,0,0,0,0,2,1,5,1,76,11,1498,1,1,1,1,1
2018230284052,1,9,0,18,0,0,0,0,0,0,4,1,5,1,70,10,2198,1,16,2,1,2
2018230284077,1,1,0,18,0,8,0,0,0,0,1,1,5,1,17,4,-1,-1,-1,7,3,7
2018230284077,2,9,0,9,0,5,0,0,0,0,4,1,6,3,34,6,-1,-1,-1,-1,-1,-1
2018230284084,1,19,0,18,0,1,0,0,0,0,1,1,1,1,19,4,1598,2,1,7,1,7
2018230284084,2,9,0,4,0,1,0,0,0,0,2,1,5,1,45,7,2179,2,4,6,3,6
2018230284084,3,9,0,4,0,1,0,0,0,0,2,1,5,1,55,8,2993,2,2,7,1,7
2018230284113,1,9,0,16,0,0,2,0,2,10,1,1,5,1,36,7,-1,-1,-1,7,3,7
2018230284225,1,9,0,9,0,6,0,0,0,0,1,1,5,1,24,5,1390,1,17,-1,-1,-1
2018230284225,2,9,0,17,0,8,5,0,0,0,4,1,5,1,63,9,1198,1,11,2,1,2
2018230284225,3,9,0,4,0,1,0,0,0,0,0,1,1,1,34,6,2993,2,2,-1,-1,-1
2018230284361,1,9,0,18,0,0,0,0,0,0,1,1,5,1,68,10,1399,1,10,1,1,1
2018230284361,2,9,0,18,0,0,0,0,0,0,1,1,5,1,42,7,1999,2,2,10,2,10
2018230284361,3,9,0,18,0,0,0,0,0,0,1,1,5,1,24,5,1798,8,2,4,1,4
2018230284361,4,9,0,18,0,0,0,0,0,0,1,1,5,1,40,7,2521,1,8,10,1,10
2018230284711,1,9,0,5,0,0,0,0,0,0,1,1,5,2,19,4,1242,1,9,6,1,6
2018230284711,2,9,0,18,0,0,0,0,0,0,1,1,5,1,33,6,2967,2,10,1,1,1
2018230284746,1,9,0,18,0,0,0,0,0,0,1,1,5,1,62,9,1560,2,4,10,2,10
2018230284746,2,9,0,4,0,0,0,0,0,0,2,1,5,2,46,8,1591,1,1,10,1,10
2018230284765,1,9,0,2,9,0,0,0,0,0,4,1,6,3,34,6,-1,-1,-1,-1,-1,-1
2018230284788,1,9,0,11,0,0,1,0,0,0,1,1,5,1,35,6,1998,2,13,2,1,2
2018230284788,2,9,0,18,0,0,1,0,1,7,2,1,5,2,36,7,1200,1,5,9,1,9
2018230284789,1,19,0,16,0,0,1,0,0,0,1,1,5,1,29,6,1598,2,7,4,2,4
2018230284789,2,9,0,17,0,0,1,0,1,0,3,1,5,2,32,6,2967,2,3,6,1,6
2018230284854,1,9,0,18,0,6,0,0,0,0,3,1,5,1,86,11,1398,1,5,4,1,4
2018230284854,2,98,0,18,0,8,0,0,0,0,1,1,1,1,59,9,-1,-1,-1,8,1,8
2018230284935,1,9,0,13,0,1,0,0,0,0,4,1,6,3,34,6,-1,-1,-1,-1,-1,-1
2018230284935,2,1,0,18,0,1,0,0,0,0,3,1,5,1,36,7,-1,-1,-1,2,1,2
2018230284997,1,9,0,18,0,1,0,0,0,0,1,1,5,2,27,6,1499,2,3,5,1,5
2018230284997,2,9,0,4,0,1,0,0,0,0,2,1,5,2,31,6,1242,1,11,8,1,8
2018230284997,3,9,0,4,0,1,0,0,0,0,2,1,5,2,30,6,998,1,2,9,1,9
2018230284997,4,9,0,4,0,1,0,0,0,0,2,1,5,1,45,7,1560,2,4,4,1,4
2018230285027,1,9,0,12,0,0,2,0,2,7,1,1,5,1,21,5,-1,-1,-1,4,1,4
2018230285027,2,9,0,18,0,0,0,0,0,0,2,1,1,1,22,5,1198,1,12,3,1,3
2018230285027,3,98,0,18,0,0,0,0,0,0,1,1,1,1,43,7,-1,-1,-1,10,1,10
2018230285214,1,9,0,18,0,4,0,0,0,0,1,1,6,1,39,7,1679,1,19,3,1,3
2018230285214,2,2,0,18,0,4,0,0,0,0,1,1,5,1,17,4,125,1,3,6,1,6
2018230285282,1,9,0,17,0,0,0,0,0,0,1,1,5,2,24,5,1968,2,10,6,3,6
2018230285282,2,9,0,16,0,0,0,0,0,0,1,1,5,2,23,5,2495,2,13,7,3,7
2018230285293,1,9,0,16,0,0,1,0,1,9,2,1,5,1,45,7,1461,2,10,3,1,3
2018230285465,1,9,0,1,0,0,0,0,0,0,2,1,5,2,40,7,2000,1,13,7,1,7
2018230285465,2,1,0,18,9,0,0,0,0,0,1,1,2,1,21,5,-1,-1,-1,3,1,3
2018230285479,1,1,0,18,0,6,0,0,0,0,1,1,6,1,17,4,-1,-1,-1,-1,-1,-1
2018230285479,2,9,0,18,0,8,0,0,0,0,4,1,5,2,67,10,2993,2,1,10,2,10
2018230285575,1,9,0,5,0,6,0,0,0,0,1,1,5,1,56,9,2143,2,1,5,1,5
2018230285575,2,9,0,18,0,8,0,0,0,0,4,1,5,1,30,6,1995,2,11,5,1,5
2018230285682,1,3,0,17,0,0,0,0,1,1,4,1,5,1,39,7,125,1,3,1,1,1
2018230285695,1,9,0,9,0,5,0,0,0,0,1,1,5,1,54,8,-1,-1,-1,2,1,2
2018230285695,2,1,0,17,0,8,0,0,0,0,3,1,5,1,43,7,-1,-1,-1,3,1,3
2018230285837,1,9,0,18,0,8,0,0,0,0,1,1,1,2,30,6,-1,-1,-1,9,3,9
2018230285837,2,9,0,10,0,8,0,0,0,0,2,1,5,1,83,11,1242,1,9,8,2,8
2018230285850,1,9,0,9,0,6,0,0,0,0,3,1,1,1,37,7,1598,2,5,1,1,1
2018230285850,2,9,0,18,0,8,0,0,0,0,1,1,5,1,71,10,1332,1,18,6,3,6