Accident_Index,Vehicle_Reference,Vehicle_Type,Towing_and_Articulation,Vehicle_Manoeuvre,Vehicle_Location-Restricted_Lane,Junction_Location,Skidding_and_Overturning,Hit_Object_in_Carriageway,Vehicle_Leaving_Carriageway,Hit_Object_off_Carriageway,1st_Point_of_Impact,Was_Vehicle_Left_Hand_Drive?,Journey_Purpose_of_Driver,Sex_of_Driver,Age_of_Driver,Age_Band_of_Driver,Engine_Capacity_(CC),Propulsion_Code,Age_of_Vehicle,Driver_IMD_Decile,Driver_Home_Area_Type,Vehicle_IMD_Decile
2018230285946,1,9,0,13,0,0,0,0,0,0,1,1,6,1,-1,-1,1364,1,10,-1,-1,-1
2018230285946,2,9,0,18,0,0,0,0,2,4,3,1,5,2,19,4,1399,1,9,5,3,5
2018230285946,3,9,0,18,0,0,0,0,0,0,3,1,5,2,48,8,1968,2,2,9,-1,9
2018230286131,1,9,0,18,0,1,0,0,0,0,1,1,6,2,35,6,1560,2,11,1,1,1
2018230286131,2,4,0,4,0,1,0,0,0,0,2,1,5,1,49,8,1261,1,15,-1,-1,-1
2018230286264,1,4,0,13,0,0,0,0,0,0,1,1,5,1,45,7,599,1,19,6,3,6
2018230286264,2,9,0,18,0,0,0,0,0,0,1,1,5,1,80,11,1299,1,10,8,3,8
2018230286292,1,19,0,7,0,2,0,0,0,0,1,1,6,1,39,7,2143,2,-1,5,1,5
2018230286292,2,9,0,3,0,2,0,0,0,0,2,1,5,1,33,6,1998,1,9,6,1,6
2018230286468,1,9,0,6,0,0,0,0,0,0,2,1,5,1,31,6,1560,2,6,3,1,3
2018230286468,2,1,0,17,0,0,0,0,0,0,1,1,2,1,46,8,-1,-1,-1,7,3,7
2018230286488,1,9,0,5,0,4,0,0,0,0,1,1,2,2,29,6,1197,1,1,5,1,5
2018230286488,2,1,0,4,0,4,0,0,0,0,2,1,2,1,53,8,-1,-1,-1,10,2,10
2018230286502,1,9,0,18,0,0,0,0,1,7,1,1,5,1,29,6,-1,-1,-1,3,1,3
2018230286504,1,9,0,6,0,0,0,0,0,0,4,1,2,1,54,8,-1,-1,-1,8,3,8
2018230286504,2,5,0,18,0,0,0,0,1,0,1,1,2,1,52,8,644,1,21,9,2,9
2018230286523,1,9,0,18,0,8,5,0,0,0,1,1,5,1,59,9,-1,-1,-1,6,1,6
2018230286523,2,9,0,3,0,8,0,0,1,11,2,1,5,1,33,6,1598,1,8,10,1,10
2018230286523,3,9,0,10,0,8,0,0,0,0,2,1,5,2,47,8,1997,2,5,10,1,10
2018230286527,1,9,0,18,0,4,0,0,0,0,1,1,5,1,23,5,1198,1,16,1,1,1
2018230286527,2,9,0,4,0,1,0,0,0,0,1,1,5,2,24,5,1598,2,2,6,-1,6
2018230286534,1,9,0,6,0,2,0,0,0,0,3,1,5,1,28,6,1796,1,13,9,2,9
2018230286534,2,5,0,14,0,2,1,0,0,0,1,1,5,1,55,8,998,1,10,1,1,1
2018230286555,1,9,0,2,4,0,0,0,0,0,3,1,5,1,48,8,1242,1,8,10,1,10
2018230286555,2,1,0,14,4,0,0,8,0,0,1,1,5,2,28,6,-1,-1,-1,7,1,7
2018230286593,1,9,0,7,0,6,0,0,0,0,1,1,6,2,33,6,1587,1,15,-1,-1,-1
2018230286593,2,9,0,18,0,1,0,0,0,0,3,1,6,1,33,6,1248,2,7,1,1,1
2018230286602,1,19,0,4,0,0,0,0,0,0,1,1,1,1,23,5,2143,2,5,7,1,7
2018230286602,2,9,0,4,0,0,0,0,0,0,2,1,6,2,55,8,1995,2,3,8,3,8
2018230286602,3,9,0,10,0,0,0,0,0,0,2,1,2,1,52,8,1598,2,4,5,1,5
2018230286623,1,9,0,9,0,8,0,0,0,0,4,1,5,2,67,10,1339,1,12,5,2,5
2018230286623,2,1,0,9,0,8,0,0,0,0,3,1,5,1,53,8,-1,-1,-1,-1,-1,-1
2018230286780,1,8,0,9,0,2,0,0,0,0,1,1,2,1,38,7,1560,2,9,3,1,3
2018230286822,1,9,0,7,0,4,0,0,0,0,3,1,5,2,35,6,-1,-1,-1,10,1,10
2018230286822,2,1,0,9,0,8,0,0,0,0,1,1,5,2,43,7,-1,-1,-1,4,2,4
2018230286831,1,19,0,18,0,0,0,0,0,0,1,1,1,1,33,6,2143,2,4,10,-1,10
2018230286831,2,9,0,4,0,0,1,0,0,0,2,1,2,2,22,5,1364,2,12,1,1,1
2018230286831,3,21,1,4,0,0,0,0,0,0,3,1,1,1,52,8,12809,2,5,-1,1,-1
2018230286835,1,9,0,13,0,0,0,0,2,4,3,1,5,1,64,9,1560,2,3,3,1,3
2018230286835,2,9,0,13,0,0,0,0,7,4,4,1,5,1,70,10,1986,2,11,2,1,2
2018230286835,3,9,0,18,0,0,0,0,0,0,0,1,5,1,63,9,1840,1,16,3,1,3
2018230286976,1,9,0,9,0,5,0,0,0,0,4,1,2,2,32,6,3179,1,13,7,1,7
2018230286976,2,9,0,18,0,8,0,0,0,0,1,1,2,1,57,9,-1,-1,-1,3,1,3
2018230287030,1,9,0,18,0,0,5,0,1,7,1,1,5,1,20,4,988,1,28,4,1,4
2018230287040,1,9,0,11,0,0,0,0,0,0,2,1,5,1,58,9,1398,2,16,4,1,4
2018230287040,2,21,1,18,0,0,0,0,0,0,1,1,1,1,47,8,12902,2,3,-1,3,-1
2018230287041,1,9,0,18,0,0,0,0,0,0,0,1,6,3,20,4,-1,-1,-1,-1,-1,-1
2018230287048,1,9,0,18,0,0,2,0,5,6,3,1,5,2,29,6,2993,2,12,8,1,8
2018230287048,2,9,0,18,0,0,0,0,0,0,1,1,5,1,27,6,1598,1,16,5,3,5
2018230287380,1,9,0,18,0,0,0,0,0,0,1,1,6,1,34,6,1596,1,12,6,1,6
2018230287380,2,9,0,3,0,0,0,0,0,0,2,1,5,2,67,10,1242,1,8,9,1,9
2018230287392,1,9,0,18,0,8,1,0,0,0,1,1,5,2,65,9,1968,2,10,9,3,9
2018230287392,2,9,0,10,0,8,0,0,1,0,2,1,5,1,39,7,2755,2,-1,7,3,7
2018230287392,3,9,0,18,0,8,5,0,1,9,4,1,5,1,40,7,1349,1,5,10,2,10
2018230287501,1,19,0,9,0,6,0,0,0,0,1,1,6,1,34,6,1560,2,3,7,1,7
2018230287501,2,9,0,18,0,8,0,0,7,0,4,1,2,2,58,9,1598,2,6,7,1,7
2018230287531,1,9,0,18,0,6,0,0,0,0,0,1,2,1,22,5,1149,1,19,6,2,6
2018230287531,2,9,0,18,0,8,0,0,0,0,1,1,2,1,32,6,-1,-1,-1,9,1,9
2018230287531,3,9,0,3,0,1,0,0,0,0,3,1,2,1,31,6,1200,1,2,10,1,10
2018230287937,1,9,0,18,0,0,0,10,7,2,1,1,5,1,53,8,999,1,3,6,3,6
2018230287980,1,9,0,18,0,0,1,0,8,4,1,1,2,1,53,8,-1,-1,-1,7,-1,7
2018230288323,1,98,0,18,0,8,0,0,0,0,1,1,1,1,25,5,-1,-1,-1,7,1,7
2018230288323,2,9,0,4,0,8,0,0,0,0,2,1,5,1,72,10,1753,2,18,7,3,7
2018230288350,1,8,0,18,0,0,0,0,0,0,1,1,1,1,48,8,1968,2,4,5,1,5
2018230288395,1,98,0,18,0,2,0,0,0,0,4,1,1,2,45,7,-1,-1,-1,4,1,4
2018230288471,1,9,0,18,0,0,1,0,7,9,1,1,5,1,46,8,2000,1,16,8,3,8
2018230288480,1,9,0,18,0,1,1,0,5,6,1,1,6,2,32,6,1390,1,14,7,1,7
2018230288684,1,9,0,18,0,0,0,0,0,0,3,1,5,1,27,6,1991,1,4,4,1,4
2018230288684,2,9,0,18,0,0,0,0,0,0,3,1,5,1,56,9,2993,2,4,7,1,7
2018230289071,1,9,0,17,0,0,0,0,1,0,1,1,5,1,22,5,1299,1,16,9,1,9
2018230289071,2,9,0,16,0,0,0,0,7,0,1,1,5,1,60,9,2967,2,1,7,3,7
2018230289082,1,9,0,7,0,2,0,10,0,0,1,1,6,3,34,6,2993,2,3,-1,-1,-1
2018230289082,2,9,0,18,0,2,0,0,0,0,4,1,5,1,53,8,1988,1,14,4,1,4
2018230289120,1,9,0,7,0,6,0,0,3,10,1,1,5,1,22,5,1975,1,16,4,1,4
2018230289136,1,9,0,9,0,8,0,0,7,0,1,1,2,1,52,8,1248,2,14,1,1,1
2018230289136,2,9,0,18,0,8,0,0,0,0,1,1,5,1,38,7,2199,2,5,1,1,1
2018230289146,1,9,0,18,0,1,0,0,0,0,1,1,6,1,26,6,1461,2,5,6,1,6
2018230289146,2,9,0,4,0,1,0,0,0,0,2,1,6,1,59,9,1997,2,1,10,1,10
2018230289190,1,9,0,5,0,6,0,0,0,0,1,1,2,1,20,4,998,1,4,9,-1,9
2018230289190,2,8,0,18,0,8,1,0,0,0,3,1,1,1,63,9,1968,2,6,1,1,1
2018230289190,3,19,0,18,0,8,0,0,0,0,1,1,1,1,33,6,2143,2,2,1,1,1
2018230289190,4,9,0,18,0,1,0,0,0,0,3,1,5,1,45,7,2000,2,9,4,1,4
2018230289190,5,9,0,18,0,1,0,0,0,0,1,1,5,1,46,8,-1,-1,-1,5,1,5
2018230289397,1,9,0,18,0,0,0,0,0,0,3,1,1,2,52,8,1796,1,19,6,1,6
2018230289441,1,9,0,18,0,8,0,0,0,0,1,1,5,1,75,10,1999,1,3,10,1,10
2018230289441,2,9,0,18,0,1,0,0,0,0,3,1,5,2,50,8,1753,2,12,10,2,10
2018230289450,1,9,0,9,0,6,0,0,0,0,3,1,5,1,20,4,-1,-1,-1,8,1,8
2018230289450,2,9,0,18,0,1,1,0,0,0,1,1,5,2,53,8,-1,-1,-1,2,1,2
2018230289604,1,9,0,11,0,0,1,0,4,6,3,1,5,2,29,6,1061,1,13,2,1,2
2018230289604,2,9,0,12,0,0,0,0,0,0,0,1,6,3,34,6,-1,-1,-1,-1,-1,-1
2018230289664,1,9,0,5,0,4,0,0,0,0,3,1,5,1,24,5,1995,2,8,4,1,4
2018230289664,2,98,0,18,0,8,0,0,0,0,1,1,1,1,40,7,-1,-1,-1,4,2,4
2018230289694,1,9,0,9,0,6,0,0,0,0,3,1,5,1,79,11,1997,2,3,10,1,10
2018230289694,2,9,0,18,0,1,0,0,0,0,1,1,5,2,57,9,1968,2,6,5,3,5
2018230290177,1,9,0,18,0,0,0,4,0,0,1,1,5,1,31,6,-1,-1,-1,3,1,3
2018230290177,2,9,0,2,0,0,0,0,0,0,2,1,6,3,34,6,1796,1,12,-1,-1,-1
2018230290296,1,9,0,16,0,8,0,4,0,0,1,1,5,2,45,7,999,1,1,4,1,4
2018230290296,2,9,0,17,0,8,0,0,0,0,1,1,5,1,24,5,1968,2,9,4,1,4
2018230290296,3,9,0,2,0,8,0,0,0,0,3,1,6,3,34,6,1596,1,16,-1,-1,-1
2018230290713,1,9,0,18,0,1,1,0,0,0,2,1,5,2,30,6,1598,1,10,3,1,3
2018230290713,2,9,0,18,0,1,0,0,0,0,1,1,5,1,69,10,1910,2,12,2,1,2
2018230290798,1,9,0,18,0,0,0,0,0,0,3,1,6,1,20,4,1364,1,12,4,1,4
2018230290798,2,9,0,18,0,0,0,0,0,0,4,1,5,2,31,6,1199,2,5,2,1,2
2018230291173,1,9,0,13,0,0,0,0,0,0,4,1,5,1,54,8,1461,2,7,4,1,4
2018230291173,2,3,0,18,0,0,0,0,0,0,3,1,5,1,19,4,125,1,3,9,1,9
2018230291213,1,9,0,5,0,6,0,0,0,0,4,1,1,1,46,8,1995,2,2,7,1,7
2018230291213,2,9,0,18,0,8,5,0,1,0,3,1,2,2,42,7,1149,1,11,1,1,1
2018230291254,1,9,0,9,0,6,0,0,0,0,1,1,5,1,73,10,1951,2,14,5,1,5
2018230291254,2,5,0,18,0,8,1,0,0,0,1,1,2,1,43,7,650,1,24,7,1,7
2018230291312,1,9,0,18,0,0,1,10,1,10,1,1,2,1,39,7,1560,2,5,4,1,4
2018230291312,2,9,0,3,0,0,0,0,0,0,2,1,5,2,35,6,1461,2,6,7,3,7
2018230291341,1,9,0,18,0,0,1,0,1,4,1,1,5,2,82,11,1592,1,-1,7,2,7
2018230291562,1,9,0,9,0,5,0,0,0,0,1,1,5,1,74,10,1200,1,2,10,1,10
2018230291709,1,9,0,13,0,8,5,0,0,0,4,1,2,1,53,8,1968,2,1,7,1,7
2018230291709,2,9,0,9,0,6,0,0,0,0,1,1,2,1,50,8,3600,1,11,7,3,7
2018230291709,3,98,1,4,0,8,0,0,0,0,0,1,1,1,34,6,-1,-1,-1,-1,-1,-1
2018230291806,1,1,0,18,0,0,0,0,0,0,1,1,5,1,6,2,-1,-1,-1,8,1,8
2018230291806,2,9,0,4,0,0,0,0,0,0,1,1,5,2,46,8,1587,1,14,3,1,3
2018230291830,1,1,0,7,0,5,0,0,0,0,4,1,6,1,20,4,-1,-1,-1,6,1,6
2018230291878,1,1,0,18,0,6,0,0,0,0,3,1,5,2,21,5,-1,-1,-1,3,1,3
2018230291878,2,9,0,18,0,8,0,0,0,0,1,1,2,1,51,8,1197,1,2,4,1,4
2018230291951,1,9,0,9,0,6,0,0,0,0,1,1,5,1,23,5,1596,1,6,7,3,7
2018230291951,2,1,0,18,0,8,0,0,0,0,1,1,5,1,43,7,-1,-1,-1,6,1,6
2018230291951,3,1,0,18,0,8,0,0,0,0,1,1,5,1,51,8,-1,-1,-1,9,1,9
2018230292056,1,19,0,18,0,0,0,0,0,0,1,1,5,1,29,6,1995,2,2,1,1,1
2018230292056,2,9,0,4,0,0,0,0,0,0,2,1,5,1,39,7,2143,2,5,5,1,5
2018230292062,1,9,0,5,0,6,0,0,0,0,3,1,2,2,19,4,1398,1,2,9,2,9
2018230292062,2,9,0,18,0,8,0,0,0,0,1,1,2,1,49,8,1984,1,8,9,3,9
2018230292267,1,9,0,16,0,0,5,10,7,4,1,1,5,2,28,6,1396,1,23,2,1,2
2018230292310,1,11,0,4,0,0,0,0,0,0,4,1,1,1,59,9,-1,-1,-1,-1,-1,-1
2018230292471,1,5,0,18,0,1,0,0,0,0,4,1,5,1,29,6,1157,1,21,1,1,1
2018230292471,2,9,0,12,0,1,0,0,0,0,3,1,5,2,27,6,998,1,14,1,1,1
2018230292491,1,9,0,18,0,0,0,0,0,0,1,1,6,3,34,6,-1,-1,-1,-1,-1,-1
2018230292524,1,9,0,18,0,8,0,0,0,0,1,1,2,1,23,5,1242,1,9,10,1,10
2018230292524,2,9,0,10,0,8,0,0,0,0,2,1,2,1,18,4,1390,1,8,10,1,10
2018230292524,3,9,0,18,0,8,0,0,0,0,1,1,2,1,48,8,2979,1,3,10,1,10
2018230292531,1,9,0,18,0,0,0,0,1,4,1,1,5,1,19,4,1242,1,13,6,3,6
2018230292541,1,9,0,16,0,0,0,0,0,0,1,1,5,2,88,11,1388,1,6,7,3,7
2018230292541,2,9,0,17,0,0,0,0,1,0,1,1,5,1,25,5,1968,2,7,4,2,4
2018230292573,1,9,0,9,0,5,0,0,0,0,1,1,5,1,19,4,1399,1,1,9,3,9
2018230292573,2,9,0,16,0,8,0,0,0,0,1,1,5,2,38,7,1598,2,1,9,1,9
2018230292689,1,9,0,18,0,7,0,0,0,0,0,1,1,1,29,6,1596,1,7,7,3,7
2018230292689,2,9,0,18,0,8,0,0,0,0,2,1,1,1,21,5,1422,2,8,5,1,5
2018230292689,3,9,0,18,0,8,0,0,0,0,1,1,1,1,53,8,-1,-1,-1,3,3,3
2018230292765,1,9,0,18,0,0,0,0,7,4,1,1,5,1,29,6,1956,2,8,10,3,10
2018230292828,1,9,0,18,0,8,0,0,0,0,1,1,5,2,19,4,1360,1,10,5,1,5
2018230292828,2,9,0,9,0,6,0,0,0,0,1,1,5,1,22,5,999,1,-1,1,1,1
2018230292887,1,9,0,18,0,6,0,0,1,0,4,1,5,1,54,8,1198,1,4,9,1,9
2018230292887,2,9,0,18,0,8,0,0,0,0,1,1,5,1,53,8,1997,2,3,10,2,10
2018230292887,3,90,0,3,0,1,0,0,0,0,4,1,5,1,48,8,-1,-1,-1,8,3,8
2018230292933,1,9,0,13,0,8,0,0,7,11,1,1,2,1,65,9,2143,2,3,8,1,8
2018230292933,2,9,0,9,0,5,0,0,0,0,1,1,2,2,48,8,2926,2,15,3,1,3
2018230292947,1,9,0,9,0,6,0,0,0,0,1,1,2,1,29,6,1798,1,9,8,1,8
2018230292947,2,5,5,18,0,8,1,0,0,0,1,1,2,1,30,6,599,1,19,2,1,2
2018230292947,3,5,0,18,0,8,1,0,0,0,1,1,2,1,58,9,1043,1,4,6,1,6
2018230292972,1,9,0,14,0,1,0,0,0,0,1,1,5,1,19,4,2179,2,3,5,1,5
2018230292972,2,1,0,18,0,1,0,0,0,0,3,1,5,1,12,3,-1,-1,-1,-1,-1,-1
2018230292995,1,9,0,14,0,0,0,0,0,0,1,1,5,1,42,7,1598,1,15,-1,-1,-1
2018230292995,2,9,0,18,0,0,1,0,0,0,0,1,1,1,41,7,2993,2,2,5,1,5
2018230292995,3,9,0,18,0,0,0,0,0,0,3,1,5,1,50,8,2000,2,9,9,1,9
2018230292995,4,9,0,18,0,0,0,0,0,0,3,1,5,1,71,10,2967,1,15,10,2,10
2018230292995,5,9,0,3,0,0,0,0,0,0,3,1,5,1,83,11,1596,1,9,5,1,5
2018230292995,6,9,0,3,0,0,0,0,0,0,2,1,5,1,32,6,1299,1,14,5,1,5
2018230292995,7,9,0,3,0,0,0,0,0,0,3,1,5,2,37,7,1339,1,11,5,1,5
2018230293382,1,9,0,18,0,8,0,0,0,0,1,1,5,2,25,5,1560,2,8,4,1,4
2018230293382,2,9,0,10,0,8,0,0,0,0,2,1,5,2,49,8,1582,2,3,4,3,4
2018230293414,1,9,0,18,0,0,1,0,0,0,1,1,6,1,77,11,-1,-1,-1,10,3,10
2018230293414,2,16,0,18,0,0,0,0,0,0,2,1,5,2,27,6,-1,-1,-1,2,1,2
2018230293430,1,9,0,18,0,6,0,0,0,0,1,1,1,1,22,5,-1,-1,-1,8,3,8
2018230293430,2,9,0,18,0,8,0,0,0,0,1,1,1,1,59,9,898,1,1,8,1,8
2018230293430,3,9,0,2,0,8,0,0,0,0,1,1,5,1,29,6,1995,2,4,5,1,5
2018230293442,1,9,0,7,0,6,0,0,0,0,1,1,5,1,76,11,1595,1,-1,6,3,6
2018230293442,2,19,0,18,0,8,0,0,0,0,4,1,1,1,59,9,1997,2,8,2,1,2
2018230293442,3,21,0,18,0,8,0,0,0,0,1,1,2,1,45,7,12740,2,1,7,2,7
2018230293507,1,19,0,4,0,1,0,0,0,0,4,1,5,1,45,7,1995,2,1,7,3,7
2018230293507,2,9,0,15,0,4,0,0,0,0,3,1,6,1,27,6,1587,1,14,10,1,10
2018230293635,1,9,0,18,0,0,0,0,0,0,4,1,6,2,32,6,1598,2,2,10,2,10
2018230293746,1,9,0,18,0,1,0,0,0,0,4,1,6,3,34,6,1242,1,8,-1,-1,-1
2018230293746,2,1,0,18,0,1,0,0,0,0,3,1,5,1,15,3,-1,-1,-1,3,1,3
2018230293821,1,21,0,18,0,4,0,0,0,0,3,1,1,1,32,6,-1,-1,-1,5,1,5
2018230293821,2,2,0,7,0,3,0,0,0,0,1,1,2,1,32,6,49,1,15,1,-1,1
2018230293880,1,3,0,17,0,0,2,10,1,2,1,1,5,2,27,6,125,1,-1,5,1,5
2018230293927,1,9,0,9,0,5,0,0,0,0,1,1,5,1,29,6,1686,2,5,1,1,1
2018230293927,2,1,0,18,0,8,0,0,0,0,1,1,5,1,49,8,-1,-1,-1,1,1,1
2018230294044,1,9,0,6,0,8,0,0,0,0,2,1,5,1,40,7,1560,2,4,2,1,2
2018230294044,2,9,0,18,0,8,0,0,0,0,1,1,5,1,75,10,1560,2,7,6,1,6
2018230294081,1,3,0,18,0,0,1,0,0,0,3,1,2,1,30,6,148,1,15,10,1,10
2018230294151,1,9,0,2,0,0,0,0,0,0,2,1,5,1,25,5,1560,2,10,6,1,6
2018230294151,2,9,0,18,0,0,0,4,0,0,1,1,5,1,59,9,1995,2,6,9,2,9
2018230294156,1,9,0,9,0,0,0,0,7,0,2,1,6,2,19,4,999,1,2,7,3,7
2018230294156,2,9,0,18,0,0,0,0,0,0,1,1,6,2,27,6,1200,1,4,7,3,7
2018230294163,1,9,0,18,0,0,0,0,0,0,1,1,5,2,18,4,1149,1,11,6,1,6
2018230294545,1,1,0,15,0,0,0,0,0,0,1,1,5,1,18,4,-1,-1,-1,6,1,6
2018230294580,1,9,0,9,0,5,0,0,0,0,1,1,2,2,55,8,-1,-1,-1,-1,-1,-1
2018230294580,2,9,0,18,0,8,0,0,0,0,1,1,2,1,38,7,1560,2,6,-1,-1,-1
2018230294582,1,19,0,18,0,0,5,0,4,6,1,1,5,1,44,7,1461,2,14,6,1,6
2018230294582,2,19,0,18,0,0,5,0,1,4,2,1,5,1,33,6,2461,2,9,4,1,4
2018230294594,1,9,0,17,0,0,1,0,7,4,4,1,5,1,35,6,1590,1,14,6,3,6
2018230294594,2,9,0,16,0,0,0,0,0,0,1,1,1,1,56,9,1461,2,12,8,2,8
2018230294692,1,9,0,18,0,0,0,0,0,0,1,1,5,2,23,5,998,1,7,10,3,10
2018230294692,2,9,0,4,0,0,0,0,0,0,2,1,1,2,42,7,999,1,1,5,1,5
2018230294692,3,9,0,18,0,0,0,0,0,0,0,1,1,1,48,8,2400,2,6,5,1,5
2018230294758,1,9,0,18,0,0,0,0,0,0,1,1,5,1,26,6,1390,1,14,5,1,5
2018230294758,2,9,0,4,0,0,0,0,0,0,2,1,5,1,26,6,1968,2,1,6,1,6
2018230294758,3,9,0,4,0,0,0,0,0,0,2,1,5,1,28,6,1995,2,6,8,1,8
2018230294919,1,9,0,5,0,4,0,0,0,0,1,1,5,2,22,5,1499,1,-1,9,3,9
2018230294919,2,1,0,18,0,8,0,0,0,0,4,1,5,2,44,7,-1,-1,-1,9,2,9
2018230295056,1,19,0,9,0,5,0,0,0,0,1,1,6,1,47,8,1560,2,4,7,1,7
2018230295056,2,3,0,9,0,5,0,0,0,0,2,1,2,1,30,6,124,1,2,7,1,7
2018230295086,1,9,0,4,0,1,0,0,0,0,1,1,6,1,25,5,1149,1,16,4,1,4
2018230295086,2,9,0,4,0,1,0,0,0,0,2,1,2,2,24,5,1390,1,7,8,2,8
2018230295130,1,9,0,13,0,8,0,0,7,10,1,1,2,1,53,8,1360,1,21,3,1,3
2018230295130,2,9,0,9,0,5,0,0,0,0,3,1,2,1,64,9,1997,1,-1,10,1,10
2018230295130,3,9,0,18,0,8,0,10,0,0,4,1,1,1,47,8,1685,2,4,5,2,5
2018230295172,1,9,0,18,0,6,0,0,0,0,1,1,5,1,45,7,1198,1,15,2,1,2
2018230295172,2,9,0,18,0,8,0,0,0,0,1,1,1,1,30,6,1896,2,13,6,2,6
2018230295174,1,19,0,18,0,0,0,0,0,0,1,1,1,1,48,8,1499,2,1,6,1,6
2018230295174,2,19,0,4,0,0,0,0,0,0,2,1,1,1,44,7,2143,2,5,2,1,2
2018230295195,1,9,0,17,0,2,0,0,0,0,1,1,6,3,34,6,-1,-1,-1,-1,-1,-1
2018230295195,2,1,0,16,0,1,0,0,0,0,3,1,5,1,51,8,-1,-1,-1,8,1,8
2018230295227,1,9,0,18,0,0,0,0,2,11,1,1,5,2,75,10,1200,1,-1,7,1,7
2018230295227,2,9,0,2,0,0,0,0,0,0,3,1,5,2,63,9,2393,1,13,5,1,5
2018230295558,1,9,0,13,0,5,0,0,0,0,4,1,5,1,60,9,1242,1,7,10,2,10
2018230295558,2,1,0,7,0,5,0,0,0,0,3,1,5,1,54,8,-1,-1,-1,5,1,5
2018230295604,1,9,0,18,0,8,0,0,0,0,1,1,3,2,31,6,1242,1,1,10,1,10
2018230295604,2,9,0,4,0,8,0,0,0,0,2,1,3,2,32,6,1587,1,12,4,1,4
2018230295656,1,9,0,5,0,6,0,0,0,0,4,1,2,2,33,6,1390,1,7,5,-1,5
2018230295656,2,9,0,18,0,8,0,0,0,0,1,1,2,2,23,5,1390,1,6,6,3,6
2018230295656,3,9,0,3,0,1,0,0,0,0,1,1,2,1,52,8,998,1,19,2,1,2
2018230295658,1,9,0,9,0,5,0,0,0,0,1,1,5,1,19,4,1896,2,14,10,1,10
2018230295658,2,9,0,18,0,8,1,0,0,0,1,1,5,2,57,9,3189,1,12,10,3,10
2018230295658,3,9,0,18,0,8,1,0,0,0,1,1,5,1,24,5,1997,2,1,8,1,8
2018230295675,1,9,0,18,0,8,0,0,0,0,1,1,5,2,42,7,1560,2,4,9,1,9
2018230295675,2,9,0,4,0,8,0,0,0,0,2,1,5,1,65,9,1198,1,9,-1,-1,-1
2018230295682,1,5,0,17,0,8,0,0,0,0,3,1,5,1,44,7,1137,1,13,5,1,5
2018230295853,1,9,0,5,0,6,0,0,0,0,1,1,5,2,44,7,1956,2,7,4,1,4
2018230295853,2,9,0,18,0,8,0,0,0,0,1,1,5,2,46,8,-1,-1,-1,9,1,9
2018230295937,1,9,0,18,0,0,0,0,0,0,1,1,5,2,58,9,1598,1,9,10,1,10
2018230295937,2,9,0,18,0,0,0,0,0,0,1,1,5,1,64,9,1368,1,9,6,1,6
2018230295937,3,9,0,18,0,0,0,0,0,0,1,1,5,2,71,10,1390,1,4,5,1,5
2018230295965,1,9,0,9,0,5,0,0,0,0,0,1,5,1,87,11,1248,1,2,9,1,9
2018230295965,2,9,0,18,0,8,1,10,1,2,1,1,5,2,89,11,2793,1,20,7,1,7
2018230295994,1,9,0,18,0,6,0,0,0,0,1,1,2,1,38,7,1560,2,5,3,1,3
2018230295994,2,9,0,18,0,8,0,0,0,0,3,1,2,1,36,7,1560,2,1,1,1,1
2018230296034,1,9,0,11,0,8,0,0,0,0,4,1,5,2,53,8,1598,1,3,4,1,4
2018230296034,2,9,0,5,0,8,0,0,0,0,3,1,2,1,20,4,1242,1,5,5,1,5
2018230296058,1,9,0,9,0,5,0,0,0,0,1,1,2,1,71,10,1388,1,13,3,1,3
2018230296058,2,1,0,15,0,8,0,0,0,0,1,1,2,1,37,7,-1,-1,-1,8,1,8
2018230296069,1,9,0,9,0,6,0,0,0,0,3,1,5,2,27,6,1390,1,16,3,1,3
2018230296069,2,9,0,17,0,8,0,0,0,0,1,1,5,2,86,11,1388,1,7,5,1,5
2018230296082,1,9,0,18,0,6,0,0,0,0,3,1,5,2,66,10,1598,1,16,4,1,4
2018230296082,2,3,0,18,0,8,0,0,0,0,1,1,5,1,18,4,124,1,1,8,1,8
2018230296086,1,19,0,5,0,6,0,0,0,0,1,1,1,1,35,6,2402,2,8,1,1,1
2018230296086,2,9,0,18,0,8,0,0,0,0,3,1,2,1,52,8,1242,1,12,6,1,6
2018230296088,1,9,0,5,0,6,0,0,0,0,1,1,1,1,35,6,1968,2,8,1,1,1
2018230296088,2,9,0,18,0,8,0,0,0,0,3,1,2,2,37,7,1560,2,8,10,1,10
2018230296090,1,9,0,6,0,1,0,0,0,0,3,1,5,1,36,7,1968,2,3,8,2,8
2018230296090,2,9,0,18,0,3,0,0,0,0,1,1,5,1,34,6,1582,2,10,5,1,5
2018230296090,3,9,0,4,0,1,0,0,0,0,2,1,5,1,21,5,1598,2,1,6,1,6
2018230296090,4,9,0,18,0,1,0,0,0,0,1,1,5,1,28,6,1598,2,1,6,1,6
2018230296299,1,5,0,18,0,8,0,0,0,0,1,1,5,1,47,8,948,1,1,3,1,3
2018230296299,2,9,0,4,0,8,0,0,0,0,2,1,5,1,20,4,2000,1,10,5,1,5