Accident_Index,Vehicle_Reference,Vehicle_Type,Towing_and_Articulation,Vehicle_Manoeuvre,Vehicle_Location-Restricted_Lane,Junction_Location,Skidding_and_Overturning,Hit_Object_in_Carriageway,Vehicle_Leaving_Carriageway,Hit_Object_off_Carriageway,1st_Point_of_Impact,Was_Vehicle_Left_Hand_Drive?,Journey_Purpose_of_Driver,Sex_of_Driver,Age_of_Driver,Age_Band_of_Driver,Engine_Capacity_(CC),Propulsion_Code,Age_of_Vehicle,Driver_IMD_Decile,Driver_Home_Area_Type,Vehicle_IMD_Decile
2018230319563,1,19,0,18,0,0,2,0,1,7,1,1,1,1,54,8,1560,2,11,4,1,4
2018230319563,2,9,0,18,0,0,0,0,0,0,1,1,2,1,47,8,2993,2,1,9,3,9
2018230319587,1,21,1,18,0,2,0,0,0,0,4,1,1,1,24,5,10837,2,1,4,1,4
2018230319654,1,9,0,18,0,5,2,0,1,7,4,1,5,1,20,4,1149,1,13,9,1,9
2018230319675,1,9,0,11,0,2,0,0,0,0,1,1,5,1,20,4,1796,1,14,-1,-1,-1
2018230319675,2,9,0,16,0,2,0,0,0,0,2,1,1,1,41,7,2993,2,-1,-1,-1,-1
2018230319675,3,9,0,16,0,2,0,0,0,0,1,1,1,1,51,8,2993,2,1,-1,-1,-1
2018230319675,4,9,0,4,0,2,0,0,0,0,3,1,1,1,33,6,-1,-1,-1,-1,-1,-1
2018230319675,5,9,0,4,0,1,0,0,0,0,1,1,1,2,33,6,-1,-1,-1,-1,-1,-1
2018230319970,1,9,0,11,0,0,1,0,2,7,4,1,6,1,36,7,1461,2,8,3,1,3
2018230319970,2,21,1,18,0,0,0,0,0,0,4,1,1,1,43,7,12777,2,6,8,3,8
2018230319973,1,9,0,13,0,0,0,0,1,0,1,1,2,1,23,5,1398,1,15,2,1,2
2018230319973,2,9,0,17,0,0,0,0,0,0,1,1,5,2,31,6,1796,1,13,5,3,5
2018230319979,1,9,0,18,0,0,5,0,0,0,1,1,5,1,35,6,1968,2,8,6,1,6
2018230319979,2,9,0,18,0,0,0,0,1,7,3,1,5,1,77,11,1318,1,3,10,1,10
2018230319996,1,1,0,18,0,0,0,0,0,0,1,1,6,1,21,5,-1,-1,-1,-1,-1,-1
2018230319996,2,9,0,18,0,0,0,0,0,0,1,1,1,1,64,9,1242,1,2,9,2,9
2018230320038,1,21,1,18,0,0,0,0,0,0,1,1,1,1,51,8,12419,2,2,8,1,8
2018230320038,2,21,1,3,0,0,0,0,0,0,2,1,1,1,57,9,12902,2,3,7,1,7
2018230320038,3,9,0,3,0,0,0,0,0,0,2,1,6,2,45,7,2982,2,12,6,3,6
2018230320047,1,19,0,5,0,0,0,0,0,0,3,1,5,1,43,7,1995,2,1,2,1,2
2018230320047,2,5,0,16,0,0,1,0,0,0,4,1,5,1,26,6,781,1,20,5,1,5
2018230320085,1,19,0,12,8,0,0,0,0,0,3,1,1,1,39,7,2299,2,3,6,1,6
2018230320085,2,21,1,18,0,0,0,0,0,0,4,1,1,1,36,7,10677,2,2,4,1,4
2018230320096,1,19,0,18,0,0,0,0,0,0,1,1,6,1,49,8,1995,2,11,6,1,6
2018230320096,2,19,0,18,0,0,0,0,0,0,2,1,6,1,52,8,1995,2,-1,9,2,9
2018230320107,1,21,1,18,0,0,0,0,0,0,1,1,1,1,49,8,12902,2,4,2,1,2
2018230320107,2,9,0,18,0,0,0,0,0,0,2,1,5,1,41,7,1998,2,12,2,1,2
2018230320162,1,17,4,9,0,6,0,0,0,0,1,1,1,1,18,4,6788,2,7,9,3,9
2018230320162,2,9,0,18,0,8,0,0,0,0,1,1,5,2,86,11,1364,1,12,9,2,9
2018230320179,1,9,0,18,0,6,0,0,0,0,4,1,5,2,87,11,1399,1,11,6,2,6
2018230320179,2,21,0,18,0,8,1,0,0,0,1,1,5,2,53,8,4580,2,19,8,3,8
2018230320204,1,9,0,7,0,5,0,0,0,0,0,1,6,3,34,6,1242,1,12,-1,-1,-1
2018230320204,2,9,0,18,0,8,1,0,0,0,0,1,5,2,49,8,1598,1,11,8,-1,8
2018230320207,1,9,0,5,0,0,0,0,0,0,3,1,5,1,28,6,1968,2,12,7,1,7
2018230320209,1,9,0,18,0,1,1,0,0,0,1,1,6,2,28,6,1968,2,12,7,1,7
2018230320209,2,9,0,7,0,5,0,0,0,0,2,1,6,2,57,9,1490,1,11,10,3,10
2018230320362,1,9,0,9,0,6,0,0,0,0,1,1,5,2,56,9,998,1,17,3,1,3
2018230320362,2,1,0,18,0,8,0,0,0,0,1,1,5,1,27,6,-1,-1,-1,5,1,5
2018230320413,1,9,0,4,0,0,0,0,0,0,2,1,5,2,40,7,1999,1,9,7,2,7
2018230320413,2,1,0,18,0,0,0,0,0,0,1,1,5,1,33,6,-1,-1,-1,9,1,9
2018230320501,1,9,0,17,0,0,1,0,2,1,1,1,5,2,72,10,1198,1,5,8,2,8
2018230320774,1,9,0,18,0,8,0,0,0,0,1,1,6,3,28,6,-1,-1,-1,-1,-1,-1
2018230320774,2,9,0,10,0,8,0,0,0,0,1,1,6,1,53,8,1997,2,6,3,1,3
2018230320958,1,9,0,5,0,1,0,4,0,0,3,1,5,1,23,5,-1,-1,-1,2,1,2
2018230320958,2,9,0,2,0,2,0,0,0,0,3,1,1,1,32,6,1598,2,1,3,1,3
2018230321042,1,9,0,18,0,0,0,0,0,0,3,1,6,3,28,6,-1,-1,-1,-1,-1,-1
2018230321042,2,9,0,18,0,0,0,0,0,0,3,1,6,1,40,7,1242,1,12,10,1,10
2018230321375,1,9,0,18,0,6,0,0,0,0,1,1,2,1,36,7,1398,2,13,5,1,5
2018230321375,2,9,0,18,0,8,0,0,0,0,4,1,2,1,35,6,1968,2,14,4,1,4
2018230321442,1,9,0,16,0,0,0,0,0,0,0,1,6,3,34,6,-1,-1,-1,-1,-1,-1
2018230321442,2,3,0,17,0,0,0,10,0,0,1,1,5,1,60,9,125,1,1,3,2,3
2018230321488,1,5,0,17,0,8,0,0,0,0,4,1,5,1,39,7,1197,1,2,2,1,2
2018230321654,1,19,0,18,0,8,0,0,0,0,1,1,1,1,28,6,2198,2,2,8,1,8
2018230321654,2,9,0,10,0,8,0,0,0,0,2,1,5,2,52,8,1242,1,6,2,1,2
2018230321654,3,9,0,18,0,8,0,0,0,0,1,1,1,1,56,9,1560,2,2,2,1,2
2018230321677,1,4,0,15,0,0,0,0,0,0,3,1,5,1,34,6,998,1,1,2,1,2
2018230321677,2,9,0,16,0,0,0,0,0,0,4,1,5,1,26,6,1896,2,16,4,1,4
2018230321689,1,9,0,7,0,3,0,0,0,0,4,1,2,1,41,7,1685,2,3,1,1,1
2018230321689,2,9,0,18,0,6,0,0,0,0,1,1,2,1,49,8,1598,1,6,4,1,4
2018230321804,1,9,0,9,0,6,0,0,0,0,3,1,6,1,20,4,1364,1,9,4,1,4
2018230321804,2,4,0,18,0,1,0,0,0,0,1,1,6,1,22,5,471,1,-1,7,1,7
2018230321920,1,9,0,5,0,6,0,0,0,0,3,1,2,1,40,7,1598,2,5,8,1,8
2018230321920,2,5,0,18,0,1,0,0,0,0,1,1,6,1,62,9,600,1,12,1,1,1
2018230321976,1,9,0,16,0,0,0,0,0,0,1,1,5,2,38,7,1493,2,8,3,1,3
2018230321976,2,9,0,17,0,0,0,0,0,0,1,1,1,2,64,9,1497,8,1,6,2,6
2018230321983,1,19,0,18,0,0,0,0,1,9,1,1,6,1,25,5,1248,2,13,8,1,8
2018230321983,2,9,0,18,0,0,0,0,1,9,2,1,6,1,19,4,1242,1,9,4,1,4
2018230322158,1,9,0,18,0,8,0,0,0,0,4,1,1,1,37,7,2979,1,3,10,1,10
2018230322158,2,9,0,18,0,8,0,0,0,0,1,1,5,2,67,10,1998,1,-1,9,3,9
2018230322196,1,9,0,16,0,0,1,0,1,11,1,1,5,1,42,7,1896,2,16,9,1,9
2018230322279,1,9,0,18,0,0,0,0,2,11,1,1,5,2,51,8,1240,1,13,3,1,3
2018230322322,1,9,0,5,0,0,0,0,0,0,1,1,6,1,40,7,1598,2,2,-1,-1,-1
2018230322459,1,9,0,18,0,0,0,0,0,0,1,1,6,1,80,11,1497,8,9,8,3,8
2018230322498,1,9,0,14,0,1,0,0,7,0,1,1,6,1,22,5,1600,2,8,5,3,5
2018230322498,2,9,0,9,0,6,0,0,0,0,1,1,1,2,23,5,1499,2,1,2,1,2
2018230322523,1,9,0,1,0,0,0,0,0,0,2,1,5,2,56,9,2967,2,3,9,1,9
2018230322529,1,9,0,5,0,6,0,0,0,0,1,1,6,2,42,7,2993,2,-1,9,1,9
2018230322529,2,9,0,18,0,1,0,0,1,10,4,1,2,2,55,8,1398,1,16,9,1,9
2018230322546,1,5,0,18,0,0,0,0,0,0,0,1,6,1,58,9,919,1,14,8,1,8
2018230322546,2,9,0,7,0,0,0,0,0,0,4,1,6,2,53,8,1388,1,9,4,1,4
2018230322575,1,9,0,18,0,4,0,0,0,0,1,1,6,3,19,4,1124,1,14,-1,-1,-1
2018230322575,2,9,0,18,0,8,0,0,0,0,4,1,6,1,18,4,1242,1,4,10,1,10
2018230322586,1,9,0,9,0,5,0,0,0,0,1,1,5,1,87,11,1197,1,7,10,1,10
2018230322586,2,9,0,18,0,1,0,0,0,0,1,1,5,1,63,9,2143,2,4,9,1,9
2018230322592,1,9,0,18,0,0,1,0,5,6,1,1,5,2,40,7,1149,1,13,2,1,2
2018230322592,2,21,1,18,0,0,0,0,0,0,0,1,1,1,46,8,12740,2,2,2,1,2
2018230322644,1,19,0,9,0,6,0,0,0,0,3,1,1,1,39,7,1997,2,2,3,1,3
2018230322644,2,3,0,18,0,1,0,0,0,0,1,1,2,1,28,6,124,1,5,4,1,4
2018230322647,1,9,0,7,0,6,0,0,0,0,4,1,6,1,60,9,-1,-1,-1,-1,-1,-1
2018230322647,2,1,0,18,9,1,0,0,0,0,1,1,6,1,37,7,-1,-1,-1,5,1,5
2018230322688,1,9,0,1,0,6,0,0,0,0,2,1,6,2,49,8,1461,2,4,8,1,8
2018230322729,1,9,0,13,0,1,0,0,0,0,1,1,5,2,32,6,1870,2,12,6,1,6
2018230322729,2,21,0,7,0,5,0,0,0,0,2,1,1,1,24,5,10837,2,8,1,1,1
2018230322741,1,9,0,18,0,2,1,0,5,6,1,1,6,1,25,5,1149,1,8,8,1,8
2018230322748,1,9,0,4,0,1,0,0,0,0,1,1,5,1,67,10,1753,2,11,5,1,5
2018230322748,2,5,0,3,0,1,0,0,0,0,2,1,6,1,45,7,656,1,12,9,1,9
2018230322916,1,9,0,18,0,0,0,0,1,4,1,1,5,1,48,8,4999,1,1,5,3,5
2018230322971,1,9,0,5,9,0,0,0,0,0,3,1,6,1,65,9,4806,1,4,8,1,8
2018230322971,2,1,0,18,9,0,0,0,0,0,1,1,6,1,16,4,-1,-1,-1,10,1,10
2018230322985,1,9,0,5,0,8,0,0,0,0,4,1,5,1,17,4,1422,2,8,5,1,5
2018230322985,2,9,0,18,0,1,0,0,1,2,1,1,5,1,22,5,1986,2,13,9,2,9
2018230323113,1,1,0,9,0,5,0,0,0,0,3,1,6,1,45,7,-1,-1,-1,7,3,7
2018230323113,2,21,0,9,0,5,0,0,0,0,4,1,1,1,47,8,-1,-1,-1,9,1,9
2018230323124,1,5,0,7,0,2,0,0,0,0,1,1,6,2,47,8,535,1,23,2,1,2
2018230323124,2,21,0,18,0,1,0,0,0,0,1,1,1,1,47,8,7698,2,3,4,1,4
2018230323158,1,9,0,18,0,6,0,0,0,0,1,1,2,1,55,8,-1,-1,-1,8,1,8
2018230323158,2,9,0,18,0,8,0,0,7,4,1,1,1,2,47,8,-1,-1,-1,8,2,8
2018230323286,1,9,0,15,0,8,0,0,0,0,3,1,5,1,29,6,1499,2,1,9,1,9
2018230323625,1,9,0,4,0,1,0,0,0,0,1,1,5,1,54,8,1390,1,9,-1,-1,-1
2018230323625,2,9,0,18,0,8,0,0,0,0,1,1,5,2,69,10,1395,1,-1,7,3,7
2018230323702,1,9,0,7,0,6,0,0,0,0,1,1,5,1,22,5,2000,1,13,3,1,3
2018230323702,2,9,0,18,0,8,0,0,0,0,4,1,5,1,36,7,1999,2,-1,10,1,10
2018230323746,1,9,0,5,0,4,0,0,0,0,1,1,5,2,32,6,1248,2,8,10,2,10
2018230323746,2,9,0,4,0,4,0,0,0,0,2,1,5,1,60,9,1997,2,10,5,1,5
2018230323746,3,90,0,18,0,8,0,0,0,0,0,1,1,1,38,7,2999,2,2,-1,-1,-1
2018230323879,1,9,0,18,0,8,0,0,0,0,1,1,5,2,62,9,2179,2,10,2,1,2
2018230323879,2,9,0,18,0,4,0,0,0,0,3,1,5,1,24,5,1248,2,10,3,1,3
2018230324169,1,19,0,9,0,6,0,0,0,0,1,1,1,1,45,7,2148,2,15,3,1,3
2018230324169,2,9,0,18,0,8,0,0,0,0,1,1,5,2,43,7,1685,2,1,9,3,9
2018230324169,3,21,0,10,0,8,0,0,0,0,1,1,1,1,37,7,12902,2,2,5,1,5
2018230324188,1,9,0,4,0,0,5,10,1,10,1,1,5,1,36,7,-1,-1,-1,9,3,9
2018230324359,1,9,0,6,0,0,0,0,0,0,0,1,6,3,34,6,1968,2,5,-1,-1,-1
2018230324359,2,9,0,18,0,0,0,10,2,0,4,1,2,2,24,5,1242,1,8,7,2,7
2018230324435,1,98,0,4,0,0,0,0,0,0,2,1,1,1,39,7,-1,-1,-1,-1,-1,-1
2018230324435,2,19,0,18,0,0,0,0,0,0,1,1,1,1,28,6,2287,2,6,1,1,1
2018230324468,1,9,0,11,0,0,1,0,4,6,1,1,5,2,61,9,2179,2,3,6,3,6
2018230324468,2,9,0,18,0,0,0,0,0,0,3,1,5,1,48,8,2993,2,6,7,2,7
2018230324468,3,9,0,11,0,0,2,0,5,6,2,1,5,1,45,7,2179,2,8,6,3,6
2018230324582,1,9,0,5,0,6,0,0,0,0,1,1,5,1,81,11,1596,1,10,5,1,5
2018230324582,2,1,0,18,0,8,0,0,0,0,3,1,5,1,10,2,-1,-1,-1,3,1,3
2018230324582,3,1,0,18,0,8,0,0,0,0,3,1,5,1,13,3,-1,-1,-1,7,1,7
2018230324583,1,9,0,18,0,0,0,0,1,11,1,1,2,2,26,6,1242,1,4,8,3,8
2018230324713,1,9,0,18,0,0,0,0,0,0,1,1,5,1,91,11,1591,1,11,8,3,8
2018230324733,1,19,0,1,0,6,0,0,0,0,0,1,1,1,40,7,1968,2,-1,2,1,2
2018230324733,2,1,0,18,0,8,1,0,0,0,4,1,5,1,56,9,-1,-1,-1,6,1,6
2018230324804,1,9,0,18,0,0,0,0,0,0,1,1,5,1,28,6,998,1,12,-1,-1,-1
2018230324804,2,21,1,18,0,0,0,0,0,0,2,1,1,1,55,8,12809,2,-1,8,1,8
2018230324917,1,9,0,18,0,0,0,0,0,0,1,1,5,2,66,10,1591,1,1,6,3,6
2018230324917,2,9,0,18,0,0,0,0,0,0,1,1,5,2,24,5,1490,1,10,3,1,3
2018230325076,1,9,0,5,0,4,0,0,0,0,1,1,1,2,30,6,1242,1,8,3,1,3
2018230325076,2,4,0,3,0,1,0,0,0,0,2,1,1,1,47,8,124,1,7,3,1,3
2018230325078,1,21,0,4,0,1,0,0,0,0,1,1,1,1,31,6,4485,2,4,3,1,3
2018230325078,2,9,0,4,0,1,0,0,0,0,2,1,5,1,27,6,1398,1,3,10,1,10
2018230325096,1,9,0,18,0,6,0,0,0,0,3,1,5,2,30,6,1598,1,11,1,1,1
2018230325096,2,9,0,18,0,8,0,0,0,0,1,1,2,1,35,6,1984,1,9,2,1,2
2018230325132,1,9,0,13,0,8,1,0,0,0,1,1,5,1,29,6,3956,2,-1,-1,-1,-1
2018230325132,2,9,0,5,0,6,0,0,0,0,3,1,1,1,42,7,1995,2,4,5,1,5
2018230325132,3,9,0,18,0,2,0,0,0,0,1,1,5,2,51,8,1600,2,6,8,1,8
2018230325158,1,9,0,9,0,6,0,0,0,0,1,1,6,1,50,8,2179,2,11,1,1,1
2018230325158,2,1,0,18,0,1,0,0,0,0,1,1,6,1,42,7,-1,-1,-1,7,1,7
2018230325162,1,9,0,17,0,0,1,0,7,9,1,1,6,1,36,7,1587,1,15,1,1,1
2018230325470,1,5,0,16,0,0,0,0,0,0,1,1,2,1,35,6,903,1,1,1,1,1
2018230325470,2,9,0,17,0,0,0,0,0,0,1,1,2,2,32,6,1332,1,8,4,3,4
2018230325571,1,9,0,16,0,0,1,0,1,4,1,1,1,1,55,8,1995,1,12,7,1,7
2018230325802,1,9,0,18,0,0,0,0,0,0,1,1,6,3,60,9,1339,1,7,-1,-1,-1
2018230325915,1,9,0,18,0,1,0,0,0,0,1,1,5,1,24,5,1991,2,9,2,1,2
2018230325915,2,9,0,9,0,8,0,0,0,0,3,1,5,2,36,7,1498,1,-1,2,1,2
2018230326077,1,1,0,18,0,1,0,0,0,0,1,1,5,2,26,6,-1,-1,-1,5,1,5
2018230326077,2,9,4,3,0,1,0,0,0,0,2,1,6,2,61,9,1997,2,11,7,3,7
2018230326091,1,9,0,5,0,6,0,0,0,0,0,1,5,1,50,8,-1,-1,-1,7,3,7
2018230326091,2,1,0,18,0,1,1,0,0,0,1,1,5,2,44,7,-1,-1,-1,8,2,8
2018230326160,1,1,0,18,9,8,0,0,0,0,3,1,5,1,12,3,-1,-1,-1,5,1,5
2018230326160,2,9,0,5,9,6,0,0,0,0,1,1,5,1,22,5,1595,2,8,5,1,5
2018230326179,1,9,0,18,0,1,0,0,0,0,1,1,5,1,32,6,1389,1,14,9,1,9
2018230326179,2,9,0,3,0,1,0,0,0,0,2,1,5,1,43,7,1799,1,11,2,1,2
2018230326247,1,9,0,18,0,8,0,0,0,0,0,1,6,1,74,10,2958,2,11,4,1,4
2018230326247,2,9,0,7,0,6,0,0,0,0,1,1,5,1,51,8,1997,2,1,8,1,8
2018230326247,3,9,0,4,0,1,0,0,0,0,2,1,5,1,54,8,2179,2,10,4,1,4
2018230326291,1,9,0,18,0,0,1,0,0,0,1,1,5,1,43,7,2967,2,8,9,1,9
2018230326291,2,9,0,4,0,0,0,0,0,0,2,1,5,2,42,7,2401,2,13,3,1,3
2018230326326,1,98,0,12,0,0,0,0,0,0,3,1,1,1,32,6,-1,-1,-1,1,1,1
2018230326326,2,9,0,18,0,0,0,0,0,0,4,1,2,1,29,6,1597,2,5,6,1,6
2018230326328,1,9,0,18,6,0,0,4,0,0,1,1,5,2,28,6,1896,2,15,10,3,10
2018230326328,2,9,0,2,6,0,0,0,0,0,3,1,5,1,76,11,1461,2,2,8,3,8
2018230326328,3,9,0,2,6,0,0,0,0,0,2,1,5,1,46,8,1499,2,1,9,1,9
2018230326408,1,9,0,16,0,3,0,0,0,0,0,1,6,2,34,6,1598,1,14,7,1,7
2018230326408,2,9,0,12,0,3,0,0,7,7,3,1,5,2,28,6,1229,1,6,5,1,5
2018230326409,1,9,0,18,0,0,0,0,7,10,1,1,5,1,26,6,1968,2,2,2,-1,2
2018230326499,1,1,0,18,0,6,0,0,0,0,4,1,6,2,16,4,-1,-1,-1,7,1,7
2018230326499,2,9,0,9,0,5,0,0,0,0,1,1,6,1,50,8,-1,-1,-1,7,1,7
2018230326532,1,5,0,18,0,1,0,0,0,0,3,1,5,1,59,9,-1,-1,-1,7,1,7
2018230326532,2,9,4,7,0,1,0,0,0,0,3,1,5,2,38,7,2393,2,-1,6,3,6
2018230326532,3,9,0,7,0,1,0,0,0,0,1,1,5,2,41,7,2261,1,10,-1,3,-1
2018230326544,1,19,0,5,0,6,0,0,0,0,4,1,6,1,29,6,2198,2,7,8,1,8
2018230326544,2,1,0,18,0,1,0,0,0,0,1,1,5,1,56,9,-1,-1,-1,10,1,10
2018230326564,1,9,0,6,0,1,0,0,0,0,3,1,5,2,64,9,1329,1,8,10,1,10
2018230326564,2,1,0,18,0,1,0,0,0,0,1,1,6,1,23,5,-1,-1,-1,5,1,5
2018230326588,1,1,0,18,0,0,0,0,0,0,1,1,6,1,34,6,-1,-1,-1,-1,-1,-1
2018230326714,1,9,0,14,0,0,0,0,0,0,1,1,5,1,65,9,2477,2,14,5,1,5
2018230326714,2,9,0,14,0,0,0,4,0,0,1,1,5,1,60,9,2993,2,4,9,1,9
2018230326714,3,9,0,2,0,0,0,0,0,0,4,1,5,1,63,9,1498,1,-1,-1,1,-1
2018230326773,1,1,0,18,0,0,0,0,0,0,1,1,5,1,50,8,-1,-1,-1,10,2,10
2018230326833,1,9,0,18,0,0,1,0,0,0,1,1,1,1,37,7,-1,-1,-1,4,1,4
2018230326833,2,9,0,3,0,0,0,0,0,0,2,1,5,2,38,7,1498,1,10,9,2,9
2018230326833,3,9,0,3,0,0,0,0,0,0,2,1,5,1,46,8,1968,2,2,10,1,10
2018230327011,1,21,1,13,0,2,0,0,0,0,4,1,1,1,34,6,10518,2,3,8,2,8
2018230327011,2,1,0,17,0,2,0,0,0,0,3,1,5,1,61,9,-1,-1,-1,10,1,10
2018230327113,1,9,0,18,0,8,0,0,7,4,1,1,5,2,45,7,1242,1,10,5,1,5
2018230327126,1,19,0,13,0,0,0,0,0,0,1,1,1,1,74,10,1968,2,6,10,1,10
2018230327126,2,16,0,18,0,0,0,0,0,0,2,1,5,2,59,9,-1,-1,-1,8,2,8
2018230327171,1,19,0,18,0,1,0,0,4,6,1,1,1,1,25,5,1968,2,3,3,1,3
2018230327171,2,19,0,4,0,1,0,0,1,0,2,1,2,1,56,9,1997,2,13,6,1,6
2018230327553,1,9,0,18,0,8,0,0,0,0,0,1,6,3,-1,-1,1598,2,2,-1,-1,-1
2018230327553,2,9,0,18,0,8,0,0,0,0,0,1,1,1,24,5,998,1,3,4,1,4
2018230327576,1,9,0,18,0,0,1,0,0,0,1,1,5,2,27,6,1229,1,11,4,1,4
2018230327576,2,9,0,4,0,0,0,0,0,0,2,1,5,1,43,7,1968,2,2,6,3,6
2018230327576,3,9,0,4,0,0,0,0,0,0,0,1,6,3,34,6,-1,-1,-1,-1,-1,-1
2018230327612,1,9,0,17,0,0,0,0,0,0,1,1,5,1,22,5,2198,2,2,8,1,8
2018230327612,2,9,0,16,0,0,0,0,0,0,1,1,5,1,24,5,1781,1,18,8,2,8
2018230327660,1,98,1,18,0,0,0,0,0,0,3,1,1,1,25,5,-1,-1,-1,-1,-1,-1
2018230327660,2,9,0,18,0,0,0,0,0,0,1,1,2,2,28,6,1360,1,14,8,1,8
2018230327701,1,9,0,17,0,0,1,10,1,10,1,1,5,1,19,4,998,1,-1,10,2,10
2018230327852,1,1,0,7,0,7,1,0,7,11,1,1,5,1,42,7,-1,-1,-1,7,1,7
2018230327862,1,9,0,18,0,0,2,0,4,6,1,1,5,1,28,6,1984,1,8,7,1,7
2018230327862,2,9,0,18,0,0,0,0,4,6,2,1,5,2,53,8,1591,1,2,6,1,6
2018230327896,1,5,0,18,0,0,1,0,0,0,1,1,2,1,35,6,599,1,16,1,1,1
2018230327896,2,9,0,4,0,0,0,0,0,0,4,1,2,1,57,9,1995,2,1,5,1,5
2018230327896,3,9,0,4,0,0,0,0,0,0,4,1,5,1,77,11,2198,1,10,4,1,4
2018230327943,1,98,0,5,0,0,0,0,0,0,1,1,6,1,34,6,-1,-1,-1,-1,-1,-1
2018230327943,2,1,0,18,0,0,0,0,0,0,3,1,4,2,15,3,-1,-1,-1,3,1,3
2018230328043,1,9,0,4,0,0,0,0,0,0,1,1,2,1,37,7,1229,1,6,8,3,8
2018230328043,2,9,0,4,0,0,0,0,0,0,2,1,2,1,45,7,1598,1,11,6,1,6
2018230328153,1,9,0,5,0,4,0,0,0,0,1,1,5,2,45,7,1560,2,7,8,1,8
2018230328153,2,9,0,4,0,1,0,0,0,0,2,1,6,1,34,6,-1,-1,-1,-1,-1,-1
2018230328243,1,5,0,4,0,0,0,0,0,0,1,1,2,1,42,7,1170,1,9,6,3,6
2018230328243,2,9,0,4,0,0,0,0,0,0,2,1,2,1,29,6,998,1,4,6,-1,6
2018230328243,3,9,0,4,0,0,0,0,0,0,0,1,2,1,36,7,1499,2,1,8,1,8
2018230328254,1,19,0,16,0,2,1,0,0,0,1,1,1,1,25,5,2198,2,3,1,1,1
2018230328254,2,9,0,17,0,1,0,0,1,10,1,1,2,1,20,4,1997,2,9,5,1,5
2018230328292,1,1,0,9,0,6,0,0,0,0,1,1,5,1,14,3,-1,-1,-1,3,1,3
2018230328292,2,9,0,18,0,8,0,0,0,0,4,1,5,2,21,5,1229,1,13,10,1,10
2018230328309,1,9,0,16,0,0,5,0,1,0,4,1,5,1,38,7,1781,1,28,-1,-1,-1
2018230328345,1,9,0,18,0,2,0,8,0,0,4,1,6,3,34,6,-1,-1,-1,-1,-1,-1
2018230328345,2,9,0,2,0,1,0,0,0,0,4,1,5,1,39,7,2993,2,8,8,1,8
2018230328399,1,9,0,18,0,0,2,0,1,7,4,1,6,1,22,5,1968,2,4,4,1,4
2018230328538,1,9,0,14,0,1,0,0,0,0,1,1,2,1,50,8,998,1,2,6,1,6
2018230328538,2,11,0,2,0,1,0,0,0,0,0,1,1,1,63,9,-1,-1,-1,3,1,3
2018230328546,1,1,0,18,9,8,0,0,0,0,3,1,6,1,22,5,-1,-1,-1,-1,-1,-1
2018230328546,2,9,0,5,9,6,0,0,0,0,4,1,5,2,34,6,1796,1,13,9,1,9
2018230328700,1,9,0,18,0,0,0,0,0,0,1,1,2,2,20,4,1398,2,15,5,1,5
2018230328700,2,9,0,4,0,0,0,0,0,0,2,1,6,1,33,6,1986,2,13,5,1,5
2018230328743,1,9,0,18,0,0,0,0,1,10,4,1,6,1,33,6,-1,-1,-1,4,1,4
2018230328743,2,9,0,18,0,0,0,0,0,0,3,1,1,1,40,7,2993,2,2,5,1,5
2018230328992,1,9,0,18,0,0,0,0,1,4,3,1,5,1,33,6,3246,1,15,9,3,9
2018230329077,1,9,0,18,0,0,1,0,1,9,4,1,5,1,43,7,1685,2,1,6,2,6
2018230329077,2,9,0,18,0,0,0,0,0,0,3,1,1,1,43,7,-1,-1,-1,3,1,3
2018230329122,1,5,0,11,0,8,0,9,7,0,1,1,1,1,23,5,1215,1,6,4,1,4
2018230329122,2,9,0,16,0,8,0,0,0,0,1,1,1,2,53,8,4163,1,4,4,2,4
2018230329466,1,9,0,18,0,0,0,0,1,0,1,1,5,1,18,4,998,1,18,8,3,8
2018230329466,2,9,0,18,0,0,0,0,1,0,1,1,5,1,51,8,1349,1,6,7,2,7
2018230329512,1,9,0,16,0,0,0,0,1,9,1,1,5,1,53,8,1998,1,6,5,1,5
2018230329577,1,9,0,14,0,1,0,2,1,1,1,1,5,1,41,7,2179,2,15,2,1,2
2018230329615,1,9,0,16,0,6,0,0,3,11,1,1,5,2,32,6,1598,1,9,9,1,9
2018230329650,1,9,0,18,0,1,0,0,0,0,3,1,5,1,78,11,1797,8,4,9,1,9
2018230329650,2,22,0,18,0,6,0,0,0,0,1,1,5,2,65,9,-1,-1,-1,1,1,1
2018230329793,1,3,0,14,0,0,1,0,0,0,1,1,5,1,19,4,124,1,4,5,1,5
2018230329793,2,9,0,4,0,0,0,0,0,0,2,1,5,2,34,6,1499,2,5,6,1,6
2018230329793,3,98,0,2,0,0,0,0,0,0,0,1,5,1,34,6,-1,-1,-1,5,3,5
2018230329827,1,9,0,18,0,0,1,0,0,0,1,1,2,1,24,5,1997,1,14,4,1,4
2018230329877,1,9,0,13,0,0,0,0,0,0,4,1,5,1,78,11,1398,1,4,9,1,9
2018230329877,2,1,0,18,0,0,0,0,0,0,3,1,5,1,48,8,-1,-1,-1,6,1,6