Accident_Index,Vehicle_Reference,Vehicle_Type,Towing_and_Articulation,Vehicle_Manoeuvre,Vehicle_Location-Restricted_Lane,Junction_Location,Skidding_and_Overturning,Hit_Object_in_Carriageway,Vehicle_Leaving_Carriageway,Hit_Object_off_Carriageway,1st_Point_of_Impact,Was_Vehicle_Left_Hand_Drive?,Journey_Purpose_of_Driver,Sex_of_Driver,Age_of_Driver,Age_Band_of_Driver,Engine_Capacity_(CC),Propulsion_Code,Age_of_Vehicle,Driver_IMD_Decile,Driver_Home_Area_Type,Vehicle_IMD_Decile
2018230329940,1,3,0,16,0,1,1,0,0,0,1,1,6,2,26,6,125,1,9,4,1,4
2018230329954,1,9,0,18,0,0,0,0,0,0,1,1,5,1,23,5,1896,2,16,1,1,1
2018230329954,2,9,0,18,0,0,0,0,0,0,2,1,1,1,34,6,1968,2,9,2,1,2
2018230330001,1,9,0,18,0,4,1,9,1,4,1,1,5,1,22,5,1995,2,8,-1,-1,-1
2018230330020,1,9,0,18,0,0,0,4,0,0,1,1,5,1,48,8,2926,2,17,3,2,3
2018230330020,2,9,0,2,0,0,0,0,0,0,3,1,1,1,39,7,1598,2,1,8,3,8
2018230330155,1,1,0,18,0,0,0,4,0,0,3,1,5,1,52,8,-1,-1,-1,5,1,5
2018230330155,2,9,0,2,0,0,0,0,0,0,4,1,5,2,41,7,2184,2,15,5,1,5
2018230330390,1,9,0,18,0,0,0,0,0,0,1,1,5,2,26,6,1686,2,7,6,1,6
2018230330390,2,9,0,4,0,0,0,0,0,0,2,1,5,2,33,6,2400,2,8,8,3,8
2018230330390,3,9,0,4,0,0,0,0,0,0,2,1,2,1,64,9,2993,2,-1,6,3,6
2018230330437,1,9,0,12,0,3,0,0,0,0,3,1,5,1,35,6,998,1,13,2,1,2
2018230330437,2,9,0,18,0,3,5,0,0,0,4,1,5,1,38,7,1242,1,2,4,1,4
2018230330453,1,9,0,18,0,0,0,0,5,6,1,1,5,2,24,5,1368,1,9,9,-1,9
2018230330453,2,98,1,18,0,0,0,0,0,0,1,1,1,1,49,8,-1,-1,-1,3,1,3
2018230330454,1,9,0,7,0,2,1,4,0,0,1,1,5,2,38,7,-1,-1,-1,2,1,2
2018230330454,2,9,0,18,0,1,0,0,0,0,3,1,5,1,45,7,2663,2,23,3,1,3
2018230330454,3,9,0,2,0,2,0,0,0,0,2,1,5,2,29,6,998,1,8,9,1,9
2018230330606,1,9,0,18,0,0,0,0,0,0,1,1,5,2,72,10,1198,1,12,4,1,4
2018230330606,2,9,0,4,0,0,0,0,0,0,2,1,5,1,56,9,1461,2,2,10,1,10
2018230330654,1,9,0,14,0,0,0,0,0,0,4,1,6,3,34,6,-1,-1,-1,-1,-1,-1
2018230330654,2,8,0,3,0,0,0,0,0,0,3,1,1,2,35,6,2402,2,12,2,1,2
2018230330678,1,9,0,18,0,3,0,0,0,0,1,1,6,3,34,6,-1,-1,-1,-1,-1,-1
2018230330684,1,9,0,18,0,0,0,0,1,10,1,1,2,1,37,7,2495,2,14,7,2,7
2018230330772,1,9,0,18,0,0,5,10,1,11,1,1,5,1,31,6,1796,1,11,6,1,6
2018230330787,1,9,0,18,0,0,0,0,0,0,1,1,2,2,23,5,1560,2,2,7,1,7
2018230330787,2,1,0,18,0,0,0,0,0,0,3,1,2,1,49,8,-1,-1,-1,5,1,5
2018230330975,1,98,1,12,0,0,0,0,0,0,1,1,1,1,44,7,-1,-1,-1,8,1,8
2018230330975,2,9,0,3,0,0,0,0,0,0,2,1,2,1,54,8,1798,8,-1,4,1,4
2018230330975,3,9,0,3,0,0,0,0,0,0,2,1,5,2,23,5,1242,1,4,9,3,9
2018230330989,1,9,0,9,0,5,0,0,0,0,1,1,1,2,41,7,2143,2,8,10,1,10
2018230330999,1,9,0,18,0,0,0,0,7,10,1,1,5,1,22,5,1199,1,14,4,2,4
2018230331033,1,20,0,18,0,0,0,0,0,0,1,1,1,1,46,8,9290,2,2,4,1,4
2018230331033,2,21,1,3,0,0,0,0,0,0,2,1,1,1,60,9,9200,2,7,3,1,3
2018230331033,3,21,1,3,0,0,0,0,0,0,2,1,1,1,33,6,12777,2,3,-1,-1,-1
2018230331073,1,19,0,18,0,8,0,0,0,0,1,1,1,1,24,5,1499,2,2,3,2,3
2018230331073,2,9,0,7,0,5,0,0,0,0,2,1,5,2,50,8,1598,2,6,7,3,7
2018230331539,1,9,0,18,0,6,0,0,0,0,1,1,6,2,54,8,1596,1,15,5,1,5
2018230331539,2,1,0,18,0,8,0,0,0,0,3,1,2,1,36,7,-1,-1,-1,6,1,6
2018230331605,1,98,0,9,4,5,0,0,0,0,4,1,6,3,34,6,-1,-1,-1,-1,-1,-1
2018230331605,2,23,0,18,4,8,0,0,0,0,1,1,2,1,24,5,-1,-1,-1,5,1,5
2018230332051,1,9,0,16,0,8,0,0,1,0,1,1,2,2,38,7,2993,2,-1,9,3,9
2018230332051,2,9,0,4,0,8,0,0,0,0,2,1,5,2,63,9,999,1,-1,8,3,8
2018230332051,3,9,0,17,0,8,0,0,1,0,1,1,5,1,52,8,1596,1,14,7,1,7
2018230332065,1,5,0,13,0,8,0,0,7,11,4,1,6,1,42,7,954,1,14,6,3,6
2018230332065,2,19,0,9,0,5,0,0,0,0,3,1,1,1,22,5,1560,2,6,3,1,3
2018230332090,1,19,0,17,0,0,1,10,2,0,4,1,5,1,45,7,1686,2,8,7,3,7
2018230332090,2,9,0,18,0,0,0,0,0,0,1,1,6,2,31,6,1598,2,4,9,3,9
2018230332092,1,9,0,5,9,6,0,0,0,0,1,1,1,1,27,6,-1,-1,-1,7,3,7
2018230332228,1,9,0,18,0,0,0,0,0,0,1,1,6,1,32,6,1400,2,13,2,1,2
2018230332228,2,9,0,18,0,0,0,0,1,7,2,1,6,1,39,7,1997,2,1,8,1,8
2018230332246,1,9,0,13,0,0,0,0,0,0,1,1,6,1,39,7,1999,2,1,8,-1,8
2018230332246,2,8,0,18,0,0,1,0,1,0,2,1,1,1,45,7,2499,2,10,1,1,1
2018230332349,1,21,0,18,0,0,2,0,1,0,1,1,1,1,43,7,-1,-1,-1,1,1,1
2018230332375,1,9,0,18,0,0,0,0,0,0,1,1,5,1,31,6,1242,1,11,9,1,9
2018230332625,1,9,0,5,0,1,0,0,0,0,1,1,2,1,40,7,1598,1,12,8,1,8
2018230332625,2,1,0,14,0,2,0,0,0,0,1,1,5,1,60,9,-1,-1,-1,10,2,10
2018230332654,1,9,0,9,0,6,0,0,0,0,1,1,5,2,66,10,1229,1,7,7,1,7
2018230332654,2,1,0,9,0,5,0,0,0,0,1,1,5,1,35,6,-1,-1,-1,9,1,9
2018230332689,1,19,0,7,0,4,0,0,0,0,1,1,1,1,27,6,1753,2,7,10,2,10
2018230332689,2,9,0,18,0,3,0,10,1,2,4,1,2,2,40,7,1242,1,8,10,1,10
2018230332713,1,9,0,7,0,3,0,0,0,0,1,1,5,2,49,8,1796,1,18,5,1,5
2018230332713,2,9,0,16,0,1,0,0,0,0,3,1,5,2,41,7,1395,1,1,3,1,3
2018230332723,1,11,0,18,0,0,0,0,0,0,3,1,1,3,34,6,-1,-1,-1,-1,-1,-1
2018230332723,2,9,0,18,0,0,0,0,0,0,3,1,5,1,44,7,1796,1,4,10,1,10
2018230332731,1,9,0,16,0,1,0,0,0,0,1,1,6,3,34,6,-1,-1,-1,-1,-1,-1
2018230332731,2,9,0,16,0,1,0,0,1,4,1,1,2,1,49,8,1984,1,10,2,1,2
2018230332737,1,9,0,18,0,0,0,0,0,0,1,1,6,1,26,6,1956,2,4,5,1,5
2018230332737,2,9,0,18,0,0,0,0,0,0,1,1,6,1,18,4,998,1,10,2,1,2
2018230332758,1,98,1,12,0,0,0,0,0,0,1,1,1,1,54,8,-1,-1,-1,-1,-1,-1
2018230332758,2,9,0,18,0,0,0,0,4,6,2,1,5,1,41,7,1598,1,14,2,1,2
2018230332758,3,19,0,18,0,0,0,0,4,6,1,1,1,1,27,6,1997,2,9,1,1,1
2018230332792,1,9,0,18,0,2,0,10,1,11,1,1,5,1,32,6,1242,1,5,5,1,5
2018230333211,1,5,0,18,0,0,0,0,0,0,1,1,5,1,27,6,656,1,9,9,1,9
2018230333465,1,9,0,18,0,6,0,0,0,0,1,1,5,1,33,6,1598,2,3,7,1,7
2018230333465,2,9,0,18,0,8,0,0,0,0,3,1,5,1,54,8,1596,1,16,1,1,1
2018230333600,1,9,0,16,0,6,0,4,0,0,1,1,5,1,32,6,1229,1,11,-1,-1,-1
2018230333600,2,9,0,16,0,1,0,0,0,0,0,1,1,1,44,7,2993,2,2,5,1,5
2018230333600,3,9,0,17,0,1,0,0,0,0,0,1,1,1,32,6,1997,2,2,5,1,5
2018230333600,4,9,0,2,0,8,0,0,0,0,3,1,6,3,34,6,998,1,15,-1,-1,-1
2018230333600,5,9,0,2,0,8,0,4,0,0,1,1,6,3,42,7,1598,1,10,-1,-1,-1
2018230333600,6,9,0,2,0,8,0,0,0,0,2,1,6,3,58,9,1368,1,7,-1,-1,-1
2018230333662,1,9,0,18,0,0,0,0,0,0,1,1,5,1,27,6,-1,-1,-1,-1,-1,-1
2018230333662,2,9,0,18,0,0,0,0,0,0,2,1,5,1,30,6,2400,2,2,-1,-1,-1
2018230333662,3,9,0,18,0,0,0,0,0,0,1,1,1,1,57,9,-1,-1,-1,3,1,3
2018230333694,1,9,0,18,0,4,0,0,0,0,1,1,6,1,19,4,1398,1,3,9,3,9
2018230333694,2,9,0,18,0,8,0,0,0,0,2,1,5,1,61,9,998,1,4,6,1,6
2018230333710,1,9,0,18,0,2,0,0,0,0,1,1,6,3,34,6,1242,1,4,10,1,10
2018230333710,2,9,0,4,0,2,0,0,0,0,2,1,5,2,19,4,999,1,7,7,1,7
2018230333714,1,1,0,18,0,0,0,0,0,0,3,1,5,1,24,5,-1,-1,-1,-1,-1,-1
2018230333714,2,11,0,18,0,0,0,0,0,0,1,1,1,1,34,6,6700,2,6,6,1,6
2018230334046,1,9,0,18,0,0,0,0,0,0,1,1,6,3,34,6,-1,-1,-1,-1,-1,-1
2018230334046,2,9,0,18,0,0,0,0,0,0,2,1,5,1,46,8,2143,2,3,2,1,2
2018230334232,1,9,0,9,0,4,0,0,0,0,1,1,2,2,25,5,1753,2,10,7,3,7
2018230334232,2,3,0,4,0,1,0,0,0,0,2,1,2,1,19,4,124,1,1,8,1,8
2018230334338,1,21,1,18,0,0,0,0,0,0,4,1,1,1,47,8,11946,2,8,3,1,3
2018230334338,2,9,0,18,0,0,0,0,0,0,3,1,5,1,30,6,998,1,6,7,1,7
2018230334545,1,9,0,9,0,5,0,0,0,0,1,1,6,2,24,5,1598,1,8,8,1,8
2018230334545,2,1,0,9,0,6,0,0,0,0,4,1,4,1,13,3,-1,-1,-1,10,3,10
2018230334566,1,9,0,17,0,0,0,0,0,0,1,1,5,1,27,6,1968,2,6,8,3,8
2018230334566,2,9,0,16,0,0,0,0,0,0,1,1,3,2,51,8,1999,2,1,6,3,6
2018230334695,1,9,0,4,0,0,0,0,0,0,1,1,1,2,26,6,1560,2,14,8,1,8
2018230334695,2,9,0,4,0,0,0,0,0,0,2,1,5,2,23,5,1598,1,5,6,1,6
2018230334718,1,9,0,17,0,8,1,0,0,0,1,1,2,1,56,9,2902,2,11,2,3,2
2018230334718,2,9,0,17,0,8,0,0,0,0,2,1,2,1,50,8,1968,2,-1,6,3,6
2018230334750,1,9,0,7,0,6,0,0,0,0,3,1,1,2,51,8,1200,1,1,2,1,2
2018230334750,2,21,0,18,0,8,0,0,7,11,1,1,1,1,37,7,4500,2,1,7,3,7
2018230334768,1,9,0,17,0,0,1,0,2,7,4,1,5,1,62,9,1997,1,19,3,1,3
2018230334812,1,9,0,17,0,8,0,0,3,11,1,1,5,1,76,11,1242,1,2,4,1,4
2018230334824,1,9,0,18,0,4,0,0,0,0,1,1,1,1,51,8,1395,1,1,10,1,10
2018230334824,2,9,0,9,0,8,0,0,0,0,4,1,1,1,50,8,-1,-1,-1,10,1,10
2018230334914,1,5,0,16,0,0,0,0,0,0,1,1,6,1,50,8,599,1,20,1,1,1
2018230334914,2,9,0,17,0,0,0,0,0,0,1,1,6,2,38,7,1984,1,13,1,1,1
2018230335022,1,9,0,1,0,2,0,0,0,0,2,1,6,2,19,4,1242,1,13,7,3,7
2018230335022,2,9,0,3,0,1,0,0,0,0,1,1,5,2,62,9,1299,1,15,8,1,8
2018230335088,1,98,1,18,0,0,0,0,0,0,3,1,1,1,43,7,-1,-1,-1,-1,-1,-1
2018230335088,2,9,0,18,0,0,0,0,0,0,4,1,1,2,45,7,1364,1,-1,7,1,7
2018230335303,1,9,0,9,0,6,0,0,0,0,3,1,2,2,40,7,1229,1,3,7,3,7
2018230335303,2,9,0,18,0,8,0,0,0,0,1,1,2,1,54,8,1997,2,2,6,3,6
2018230335303,3,21,0,8,0,1,0,0,0,0,0,1,1,1,26,6,15607,2,5,8,2,8
2018230335308,1,98,0,4,0,1,0,0,0,0,1,1,6,3,34,6,-1,-1,-1,-1,-1,-1
2018230335308,2,2,0,4,0,1,0,0,0,0,2,1,5,2,20,4,49,1,2,5,1,5
2018230335554,1,9,0,16,0,8,0,0,0,0,4,1,6,3,34,6,-1,-1,-1,-1,-1,-1
2018230335692,1,9,0,16,0,0,0,0,0,0,1,1,5,1,46,8,1399,1,12,2,1,2
2018230335692,2,9,0,17,0,0,0,0,0,0,3,1,5,2,24,5,1560,2,4,9,1,9
2018230335692,3,9,0,17,0,0,0,0,0,0,1,1,5,1,51,8,2494,1,16,8,1,8
2018230335743,1,9,0,9,0,5,0,0,0,0,1,1,5,2,48,8,2143,2,2,10,1,10
2018230335743,2,9,0,18,0,8,0,0,0,0,1,1,5,1,64,9,2776,2,12,9,1,9
2018230335757,1,9,0,18,0,0,1,0,1,4,1,1,5,1,34,6,1968,2,14,-1,-1,-1
2018230335777,1,9,0,18,0,4,0,0,0,0,1,1,1,2,24,5,1399,2,10,4,1,4
2018230335777,2,9,0,4,0,1,0,0,0,0,2,1,5,2,22,5,998,1,10,8,1,8
2018230335822,1,9,0,18,0,6,1,0,3,4,1,1,5,1,44,7,2148,2,10,7,1,7
2018230335884,1,9,0,18,0,4,0,10,0,0,4,1,5,1,19,4,1396,1,13,8,1,8
2018230335887,1,9,0,7,0,4,0,0,0,0,1,1,5,2,51,8,1596,1,9,5,1,5
2018230335887,2,9,0,4,0,1,0,0,0,0,2,1,5,2,31,6,1600,2,9,6,1,6
2018230335929,1,9,0,18,0,6,0,0,0,0,1,1,1,1,46,8,1328,1,15,9,1,9
2018230335929,2,9,0,10,0,8,0,0,0,0,1,1,5,1,47,8,1598,1,15,6,1,6
2018230335960,1,9,0,18,0,4,0,0,0,0,1,1,1,1,44,7,1995,2,5,5,1,5
2018230335960,2,9,0,4,0,1,0,0,0,0,1,1,1,1,34,6,2993,2,15,5,1,5
2018230335961,1,9,0,6,0,6,0,0,0,0,1,1,5,1,24,5,1388,1,18,7,2,7
2018230335961,2,9,0,18,0,8,0,0,0,0,1,1,5,2,37,7,2987,2,12,7,3,7
2018230335989,1,19,0,14,0,0,0,0,0,0,4,1,1,1,28,6,2198,2,2,6,1,6
2018230335989,2,11,0,2,0,0,0,0,0,0,0,1,1,1,36,7,12000,2,11,8,2,8
2018230336007,1,21,0,18,0,0,0,0,0,0,1,1,1,1,53,8,10677,2,3,4,1,4
2018230336007,2,9,0,4,0,0,0,0,0,0,2,1,1,2,27,6,1596,1,12,9,2,9
2018230336007,3,19,0,10,0,0,0,0,0,0,2,1,1,2,21,5,1995,2,-1,8,1,8
2018230336049,1,9,0,17,0,0,1,0,1,10,1,1,5,1,49,8,1149,1,15,9,3,9
2018230336058,1,9,0,16,0,0,1,0,0,0,3,1,5,1,50,8,1975,1,18,5,1,5
2018230336058,2,9,0,17,0,0,0,0,1,0,3,1,5,1,49,8,1995,2,-1,7,1,7
2018230336095,1,9,0,18,0,1,2,10,1,2,1,1,5,1,21,5,1997,2,14,3,1,3
2018230336095,2,9,0,18,0,1,0,0,0,0,0,1,1,1,36,7,1686,2,4,5,1,5
2018230336109,1,19,0,18,0,6,0,0,0,0,4,1,1,1,41,7,1995,2,2,2,1,2
2018230336109,2,9,0,18,0,8,0,0,0,0,1,1,1,1,47,8,1598,2,2,1,1,1
2018230336131,1,19,0,16,0,0,2,0,1,9,3,1,1,2,60,9,2488,2,14,8,3,8
2018230336131,2,98,0,17,0,0,0,0,0,0,3,1,1,1,34,6,-1,-1,-1,-1,-1,-1
2018230336227,1,9,0,18,0,8,0,0,0,0,1,1,5,1,63,9,1364,1,1,7,1,7
2018230336227,2,19,0,3,0,8,0,0,0,0,2,1,1,1,33,6,1995,2,-1,3,1,3
2018230336227,3,9,0,3,0,8,0,0,0,0,2,1,1,1,39,7,-1,-1,-1,1,1,1
2018230336274,1,9,0,18,0,6,0,0,0,0,1,1,6,1,71,10,1364,1,1,5,1,5
2018230336274,2,4,0,10,0,8,0,0,0,0,3,1,2,1,24,5,471,1,4,5,1,5
2018230336428,1,9,0,16,0,1,0,0,0,0,0,1,5,2,64,9,1242,1,5,4,1,4
2018230336473,1,9,0,5,0,0,0,0,0,0,1,1,5,2,41,7,1995,2,1,2,1,2
2018230336473,2,9,0,18,0,0,0,4,0,0,3,1,5,1,32,6,1461,2,8,1,1,1
2018230336473,3,9,0,2,0,0,0,0,0,0,3,1,6,3,34,6,998,1,4,-1,-1,-1
2018230336503,1,9,0,18,0,0,2,0,1,0,1,1,2,1,23,5,1229,1,13,1,1,1
2018230336532,1,9,0,18,0,8,1,0,0,0,1,1,5,1,18,4,1498,1,1,4,1,4
2018230336532,2,9,0,9,0,5,0,0,7,9,2,1,5,1,31,6,1995,1,15,2,1,2
2018230336540,1,9,0,18,0,1,0,0,0,0,1,1,5,1,77,11,998,1,4,9,-1,9
2018230336540,2,9,4,3,0,1,0,0,0,0,2,1,5,1,-1,-1,1896,2,14,8,1,8
2018230336562,1,98,0,13,0,0,0,0,0,0,0,1,1,1,34,6,-1,-1,-1,-1,-1,-1
2018230336562,2,9,0,4,0,0,1,0,0,0,2,1,5,1,51,8,1995,2,7,9,2,9
2018230336562,3,9,0,18,0,0,1,0,0,0,1,1,2,1,26,6,1229,1,6,1,1,1
2018230336641,1,9,0,16,0,0,1,0,1,0,1,1,5,2,64,9,1299,1,16,-1,-1,-1
2018230336641,2,9,0,17,0,0,0,0,0,0,1,1,5,1,53,8,1999,1,12,7,3,7
2018230336741,1,9,0,3,0,1,0,0,0,0,2,1,2,2,29,6,1398,2,16,8,1,8
2018230336741,2,9,0,4,0,1,0,0,0,0,1,1,6,3,34,6,-1,-1,-1,-1,-1,-1
2018230336783,1,9,0,12,0,8,0,0,0,0,0,1,6,3,34,6,-1,-1,-1,-1,-1,-1
2018230336783,2,21,1,18,0,8,0,0,0,0,4,1,1,1,53,8,12740,2,4,7,1,7
2018230336783,3,9,0,13,0,8,0,0,5,6,3,1,2,2,24,5,1461,2,-1,3,1,3
2018230336818,1,9,0,18,0,6,1,0,3,3,1,1,5,1,35,6,3000,1,7,8,1,8
2018230337034,1,9,0,17,0,0,1,4,0,0,1,1,5,2,28,6,1896,2,16,7,2,7
2018230337034,2,19,0,2,0,0,0,0,0,0,1,1,1,1,62,9,1997,2,1,8,1,8
2018230337110,1,19,0,4,7,0,1,4,0,0,1,1,5,1,49,8,1598,2,-1,8,3,8
2018230337110,2,9,0,2,6,0,0,0,0,0,2,1,5,1,69,10,1798,1,11,7,3,7
2018230337177,1,9,0,18,0,5,5,0,1,11,4,1,1,1,19,4,1149,1,8,6,1,6
2018230337186,1,3,0,16,0,0,1,0,0,0,4,1,5,1,32,6,125,1,2,3,1,3
2018230337197,1,19,0,13,0,8,0,0,0,0,4,1,6,1,-1,-1,2143,2,1,3,1,3
2018230337197,2,1,0,17,0,8,0,0,1,0,3,1,5,1,22,5,-1,-1,-1,10,3,10
2018230337546,1,9,0,18,0,0,0,0,0,0,1,1,1,1,46,8,1984,1,9,4,1,4
2018230337546,2,9,0,4,0,0,0,0,0,0,2,1,5,2,32,6,1796,1,10,2,1,2
2018230337565,1,9,0,18,0,0,0,0,1,10,1,1,5,2,50,8,1598,1,1,2,1,2
2018230337568,1,9,0,18,0,1,0,0,0,0,1,1,5,1,28,6,998,1,-1,3,1,3
2018230337633,1,9,0,18,0,6,0,0,1,0,1,1,5,1,35,6,1986,2,12,8,3,8
2018230337633,2,9,0,18,0,1,0,0,0,0,0,1,1,1,39,7,2993,2,1,5,1,5
2018230337633,3,9,0,18,0,1,0,0,0,0,0,1,1,1,38,7,1598,2,2,8,1,8
2018230337679,1,9,0,15,0,6,0,0,0,0,1,1,6,1,22,5,1560,2,10,-1,-1,-1
2018230337679,2,9,0,7,0,6,0,0,0,0,4,1,5,1,27,6,2995,1,-1,8,2,8
2018230337779,1,9,0,18,0,3,0,0,0,0,1,1,5,1,23,5,1595,1,15,1,1,1
2018230337779,2,9,0,18,0,3,0,0,0,0,1,1,1,1,42,7,2993,2,1,5,1,5
2018230337779,3,9,0,18,0,3,0,0,0,0,0,1,1,1,51,8,2993,2,2,5,1,5
2018230337779,4,9,0,18,0,3,0,0,0,0,0,1,1,1,47,8,2993,2,-1,5,1,5
2018230337779,5,9,0,18,0,3,0,0,0,0,3,1,5,1,26,6,1242,1,6,8,1,8
2018230337779,6,9,0,18,0,8,0,0,0,0,1,1,5,2,25,5,998,1,1,10,1,10
2018230337779,7,9,0,18,0,8,0,0,0,0,1,1,5,1,33,6,-1,-1,-1,4,1,4
2018230337931,1,9,0,4,0,1,0,0,0,0,1,1,6,1,24,5,1595,1,11,1,1,1
2018230337931,2,9,0,10,0,1,0,0,0,0,2,1,5,2,20,4,998,1,11,1,1,1
2018230337961,1,9,0,16,0,0,1,0,1,4,1,1,5,1,25,5,998,1,8,7,1,7
2018230338162,1,9,0,16,0,0,0,0,0,0,1,1,6,2,69,10,1197,1,2,9,-1,9
2018230338162,2,9,0,17,0,0,0,0,1,4,1,1,5,2,50,8,1598,2,3,6,3,6
2018230338228,1,9,0,18,0,0,0,0,1,4,3,1,6,1,28,6,1596,1,17,6,2,6
2018230338300,1,9,0,7,0,3,0,0,0,0,3,1,5,2,59,9,998,1,4,9,1,9
2018230338300,2,1,0,9,0,8,0,0,0,0,1,1,5,1,17,4,-1,-1,-1,-1,-1,-1
2018230338315,1,9,0,18,0,0,1,0,5,6,1,1,5,2,37,7,2996,1,9,6,1,6
2018230338338,1,19,0,15,0,0,0,0,0,0,1,1,6,1,28,6,2143,2,3,3,1,3
2018230338338,2,9,0,18,0,0,0,0,0,0,2,1,5,1,33,6,1995,2,-1,4,1,4
2018230338343,1,9,0,12,0,8,0,0,0,0,3,1,6,1,34,6,-1,-1,-1,-1,-1,-1
2018230338343,2,5,0,18,0,3,0,0,0,0,4,1,2,2,64,9,883,1,18,3,1,3
2018230338389,1,9,0,9,0,5,0,0,0,0,4,1,1,1,22,5,2198,2,12,5,3,5
2018230338389,2,5,0,18,0,8,0,0,0,0,1,1,5,1,21,5,998,1,8,1,1,1
2018230338456,1,9,0,13,0,1,0,0,0,0,0,1,2,1,44,7,1242,1,12,1,1,1
2018230338456,2,9,0,9,0,5,0,0,0,0,3,1,2,1,31,6,1149,1,2,7,1,7
2018230338595,1,19,0,18,0,0,0,0,0,0,1,1,1,1,48,8,2198,2,3,4,1,4
2018230338595,2,9,0,18,0,0,0,0,0,0,2,1,6,1,79,11,2400,2,2,8,2,8
2018230338752,1,9,0,5,0,1,0,0,0,0,1,1,1,1,25,5,-1,-1,-1,7,3,7
2018230338789,1,9,0,18,0,1,0,0,0,0,1,1,6,1,30,6,1596,1,9,9,1,9
2018230338789,2,9,0,3,0,1,0,0,0,0,2,1,1,1,28,6,1968,2,6,5,1,5
2018230338800,1,9,0,17,0,0,2,0,0,0,1,1,2,2,19,4,998,1,16,10,1,10
2018230338956,1,9,0,18,0,0,0,0,5,0,1,1,6,1,19,4,2143,2,-1,7,3,7
2018230338956,2,9,0,18,0,0,0,0,0,0,4,1,6,1,28,6,1390,1,8,3,1,3
2018230338978,1,9,0,18,0,0,0,0,0,0,1,1,5,1,28,6,1197,1,1,6,-1,6
2018230338978,2,1,0,18,0,0,0,0,0,0,1,1,5,2,25,5,-1,-1,-1,3,1,3
2018230339082,1,9,0,18,0,2,0,0,0,0,1,1,5,2,57,9,1995,1,3,6,3,6
2018230339243,1,9,0,18,0,2,0,0,0,0,1,1,5,2,30,6,1461,2,15,5,1,5
2018230339243,2,9,0,3,0,2,0,0,0,0,2,1,5,2,26,6,899,1,5,10,1,10
2018230339396,1,9,0,4,0,1,0,0,0,0,1,1,5,1,34,6,1596,1,8,8,3,8
2018230339396,2,9,0,3,0,1,0,0,0,0,2,1,5,2,52,8,1798,1,13,2,1,2
2018230339439,1,21,1,11,0,0,0,0,0,0,4,1,1,1,63,9,12902,2,5,6,2,6
2018230339439,2,9,0,18,0,0,0,0,0,0,1,1,1,2,42,7,1598,2,1,6,1,6
2018230339493,1,1,0,18,9,8,0,0,0,0,3,1,5,1,17,4,-1,-1,-1,8,2,8
2018230339493,2,9,0,7,9,5,0,0,0,0,4,1,5,2,56,9,1200,1,2,7,3,7
2018230339536,1,9,0,18,0,0,1,11,2,11,1,1,5,1,32,6,1398,1,-1,4,1,4
2018230339624,1,9,0,18,0,0,0,0,0,0,1,1,5,1,46,8,2967,2,11,4,1,4
2018230339689,1,9,0,18,0,0,0,0,0,0,4,1,2,1,56,9,1560,2,11,8,1,8
2018230339734,1,9,0,9,0,5,0,0,0,0,3,1,5,2,40,7,1998,1,12,10,1,10
2018230339734,2,5,0,18,0,8,0,0,0,0,3,1,5,1,22,5,-1,-1,-1,10,1,10
2018230339840,1,3,0,18,0,8,1,0,0,0,1,1,5,1,26,6,-1,-1,-1,1,1,1
2018230339840,2,9,0,1,0,6,0,0,0,0,2,2,5,1,37,7,1986,2,8,7,1,7
2018230339876,1,9,0,7,0,6,0,0,0,0,4,1,6,3,34,6,-1,-1,-1,-1,-1,-1
2018230339876,2,1,0,18,0,8,0,0,0,0,1,1,2,1,32,6,-1,-1,-1,-1,-1,-1
2018230339877,1,3,0,17,0,0,1,0,1,3,1,1,2,1,17,4,125,1,2,4,1,4
2018230339921,1,9,0,4,0,1,0,0,0,0,1,1,6,1,30,6,1997,2,9,9,1,9
2018230339921,2,9,0,4,0,1,0,0,0,0,2,1,5,1,20,4,1598,2,5,4,1,4
2018230339926,1,9,0,18,0,8,0,0,0,0,1,1,5,1,53,8,1598,1,16,9,2,9
2018230339926,2,9,0,4,0,8,0,0,0,0,2,1,5,2,37,7,998,1,5,3,3,3
2018230339935,1,9,0,4,0,1,0,0,0,0,1,1,6,2,61,9,1242,1,12,8,1,8
2018230339935,2,9,0,8,0,1,0,0,0,0,2,1,3,2,40,7,1956,2,7,7,2,7
2018230340042,1,9,0,9,0,5,0,0,0,0,1,1,1,2,32,6,1995,2,4,10,3,10
2018230340042,2,9,0,18,0,6,0,0,0,0,1,1,2,1,24,5,1390,1,4,10,1,10
2018230340095,1,1,0,18,0,0,0,0,0,0,3,1,5,1,41,7,-1,-1,-1,-1,-1,-1
2018230340095,2,9,0,18,0,0,0,0,0,0,3,1,6,1,48,8,1229,1,6,-1,-1,-1
2018230340171,1,5,0,9,0,6,0,0,0,0,1,1,5,1,45,7,999,1,12,5,1,5
2018230340202,1,8,0,2,0,0,0,0,0,0,2,1,1,1,46,8,-1,-1,-1,8,1,8