Accident_Index,Vehicle_Reference,Vehicle_Type,Towing_and_Articulation,Vehicle_Manoeuvre,Vehicle_Location-Restricted_Lane,Junction_Location,Skidding_and_Overturning,Hit_Object_in_Carriageway,Vehicle_Leaving_Carriageway,Hit_Object_off_Carriageway,1st_Point_of_Impact,Was_Vehicle_Left_Hand_Drive?,Journey_Purpose_of_Driver,Sex_of_Driver,Age_of_Driver,Age_Band_of_Driver,Engine_Capacity_(CC),Propulsion_Code,Age_of_Vehicle,Driver_IMD_Decile,Driver_Home_Area_Type,Vehicle_IMD_Decile
2018230340202,2,9,0,18,0,0,0,0,0,0,1,1,2,1,52,8,-1,-1,-1,1,1,1
2018230340241,1,9,0,9,0,4,5,10,1,1,1,1,5,1,27,6,1991,1,3,7,1,7
2018230340418,1,19,0,4,0,1,0,0,0,0,1,1,6,1,53,8,1997,2,1,1,1,1
2018230340418,2,9,0,3,0,1,0,0,0,0,2,1,5,2,23,5,1596,1,14,6,3,6
2018230340425,1,9,0,16,0,1,0,0,0,0,1,1,5,2,58,9,1598,1,9,9,1,9
2018230340425,2,1,0,18,0,1,0,0,0,0,2,1,4,1,10,2,-1,-1,-1,4,1,4
2018230340454,1,9,0,16,0,0,1,0,0,0,1,1,2,1,42,7,1248,1,6,5,1,5
2018230340454,2,9,0,17,0,0,0,10,0,0,3,1,2,2,50,8,1198,1,8,9,3,9
2018230340525,1,9,0,18,0,4,0,0,0,0,1,1,6,1,23,5,1968,2,10,1,1,1
2018230340525,2,9,0,3,0,1,0,0,0,0,2,1,5,1,48,8,1560,2,4,2,1,2
2018230340579,1,9,0,18,0,0,0,0,0,0,1,1,2,1,44,7,2148,2,12,5,1,5
2018230340579,2,9,0,4,0,0,0,0,0,0,2,1,2,1,24,5,1968,2,6,2,1,2
2018230340579,3,9,0,4,0,0,0,0,0,0,2,1,2,2,51,8,1461,2,-1,9,1,9
2018230340579,4,9,0,4,0,0,0,0,0,0,2,1,5,1,74,10,1685,2,2,5,1,5
2018230340579,5,9,0,18,0,0,0,0,4,6,1,1,5,1,46,8,1910,2,11,2,1,2
2018230340686,1,9,0,18,0,0,0,0,0,0,1,1,5,2,75,10,1197,1,6,10,2,10
2018230340739,1,19,0,1,0,0,0,0,0,0,2,1,5,1,40,7,2148,2,11,8,2,8
2018230340955,1,21,0,18,0,0,0,0,0,0,4,1,1,1,39,7,5193,2,6,3,1,3
2018230340955,2,98,0,18,0,0,0,0,0,0,0,1,6,3,40,7,-1,-1,-1,-1,-1,-1
2018230341019,1,9,0,18,0,0,0,0,0,0,3,1,2,1,22,5,998,1,4,3,1,3
2018230341034,1,9,0,17,0,1,0,0,1,2,1,1,1,2,42,7,1086,1,12,6,1,6
2018230341042,1,9,0,18,0,8,0,4,0,0,1,1,5,2,44,7,1242,1,2,5,1,5
2018230341042,2,9,0,2,0,8,0,0,0,0,3,1,6,3,34,6,1950,2,-1,-1,-1,-1
2018230341042,3,9,0,18,0,8,0,0,0,0,1,1,5,2,52,8,998,1,3,7,1,7
2018230341042,4,9,0,2,0,8,0,0,0,0,2,1,6,1,38,7,1999,2,1,7,1,7
2018230341331,1,9,0,18,0,1,0,0,0,0,1,1,6,1,50,8,2995,1,12,9,2,9
2018230341331,2,9,0,10,0,8,0,0,0,0,2,1,1,1,41,7,1598,1,13,4,1,4
2018230341331,3,9,0,18,0,1,0,0,0,0,1,1,6,2,54,8,2995,1,-1,9,1,9
2018230341379,1,9,0,18,0,0,0,0,0,0,1,1,1,1,60,9,-1,-1,-1,8,2,8
2018230341379,2,9,0,10,0,0,0,0,0,0,2,1,5,2,31,6,1496,2,1,8,1,8
2018230341486,1,9,0,18,0,0,0,0,0,0,1,1,1,1,54,8,1240,1,11,4,1,4
2018230341486,2,9,0,4,0,0,0,0,0,0,2,1,1,2,51,8,2400,2,1,-1,-1,-1
2018230341486,3,9,0,4,0,0,0,0,0,0,2,1,1,2,29,6,2179,2,5,7,1,7
2018230341535,1,9,0,18,0,2,0,0,0,0,2,1,5,1,67,10,1998,1,14,1,3,1
2018230341699,1,9,0,18,0,0,0,0,0,0,1,1,1,2,60,9,1496,2,1,3,1,3
2018230341699,2,9,0,18,0,0,0,0,0,0,1,1,2,1,55,8,1956,2,3,4,3,4
2018230341933,1,9,0,14,0,0,0,0,0,0,1,1,6,1,30,6,1197,1,3,3,1,3
2018230341933,2,9,0,14,0,0,0,0,0,0,1,1,6,2,23,5,1149,1,11,3,1,3
2018230341953,1,9,0,9,0,5,0,0,0,0,1,1,5,1,18,4,1497,1,15,6,2,6
2018230341953,2,9,0,18,0,1,0,0,0,0,1,1,5,1,60,9,2179,2,6,7,3,7
2018230342042,1,9,0,14,0,0,0,0,0,0,4,1,2,1,36,7,1984,1,8,2,1,2
2018230342042,2,9,0,18,0,0,0,0,0,0,3,1,2,2,33,6,2993,2,-1,5,1,5
2018230342042,3,9,0,18,0,0,0,0,0,0,1,1,2,2,50,8,1198,1,16,4,1,4
2018230342042,4,9,0,18,0,0,0,0,0,0,1,1,2,1,30,6,-1,-1,-1,8,1,8
2018230342139,1,9,0,16,0,8,0,0,0,0,1,1,5,2,76,11,1999,1,12,3,1,3
2018230342139,2,9,0,9,0,6,0,0,0,0,1,1,5,2,23,5,1598,1,14,5,1,5
2018230342177,1,9,0,4,0,1,0,0,0,0,1,1,1,1,26,6,1229,1,4,3,1,3
2018230342177,2,9,0,3,0,1,0,0,0,0,2,1,1,1,65,9,-1,-1,-1,10,2,10
2018230342177,3,9,0,3,0,1,0,0,0,0,2,1,1,1,56,9,1364,1,1,9,1,9
2018230342463,1,9,0,7,0,6,0,0,0,0,1,1,5,1,59,9,1968,2,1,9,1,9
2018230342463,2,1,0,17,0,8,0,0,0,0,4,1,5,1,65,9,-1,-1,-1,10,1,10
2018230342481,1,21,1,4,0,1,0,0,0,0,1,1,1,1,38,7,12740,2,3,10,1,10
2018230342481,2,9,0,8,0,1,0,0,0,0,2,1,5,1,69,10,1598,1,15,3,1,3
2018230342499,1,9,0,17,0,4,0,0,0,0,1,1,3,2,35,6,1968,2,9,6,1,6
2018230342499,2,9,0,9,0,8,0,0,0,0,1,1,5,1,52,8,1598,1,5,8,1,8
2018230342525,1,98,0,12,0,0,0,0,0,0,3,1,6,3,34,6,-1,-1,-1,-1,-1,-1
2018230342525,2,9,0,18,0,0,0,0,6,6,4,1,5,1,25,5,1995,2,-1,5,1,5
2018230342535,1,9,0,18,0,0,0,0,0,0,1,1,6,1,27,6,1396,2,4,9,1,9
2018230342535,2,9,0,18,0,0,0,0,5,6,2,1,1,2,28,6,1995,2,7,10,1,10
2018230342535,3,9,-1,-1,-1,0,-1,-1,-1,0,-1,1,5,1,50,8,1560,2,10,4,1,4
2018230342546,1,9,0,18,0,0,0,0,1,7,1,1,6,3,34,6,2996,1,7,-1,-1,-1
2018230342546,2,9,0,18,0,0,0,0,5,6,2,1,5,2,30,6,1582,2,-1,8,1,8
2018230342573,1,1,0,18,0,6,0,0,0,0,1,1,1,1,18,4,-1,-1,-1,1,1,1
2018230342573,2,9,0,18,0,8,0,0,0,0,4,1,5,2,74,10,1951,2,12,7,3,7
2018230342690,1,9,0,17,0,0,5,0,1,9,1,1,2,2,35,6,1896,2,19,8,3,8
2018230342744,1,9,0,17,0,0,0,0,1,11,1,1,5,1,72,10,-1,3,2,8,1,8
2018230342797,1,9,0,9,0,5,0,0,0,0,1,1,5,1,32,6,2204,2,13,5,1,5
2018230342797,2,1,0,18,0,8,0,0,0,0,1,1,5,1,23,5,-1,-1,-1,5,1,5
2018230342831,1,9,0,9,0,6,1,0,7,10,3,1,2,1,53,8,1395,8,-1,9,3,9
2018230342831,2,11,0,17,0,8,1,0,7,10,1,1,1,1,48,8,4500,2,8,7,1,7
2018230343504,1,9,0,18,0,8,0,0,0,0,1,1,5,2,31,6,1598,2,4,5,1,5
2018230343504,2,1,0,18,0,6,0,0,0,0,4,1,5,1,25,5,-1,-1,-1,10,1,10
2018230343577,1,3,0,18,0,1,0,0,0,0,1,1,6,1,22,5,125,1,1,3,1,3
2018230343577,2,9,0,5,0,6,0,0,0,0,1,1,1,1,64,9,1598,2,8,6,1,6
2018230343577,3,9,0,9,0,8,0,0,0,0,1,1,6,1,52,8,2204,2,9,1,1,1
2018230343666,1,9,0,18,0,8,0,0,0,0,1,1,6,3,34,6,-1,-1,-1,-1,-1,-1
2018230343666,2,9,0,7,0,6,0,0,0,0,3,1,5,1,53,8,1398,1,3,6,1,6
2018230343666,3,8,0,10,0,8,0,0,0,0,3,1,1,1,33,6,1598,2,1,3,1,3
2018230343696,1,9,0,5,0,4,0,0,0,0,0,1,6,1,21,5,1598,2,4,7,1,7
2018230343696,2,3,0,18,0,1,0,0,0,0,3,1,2,1,20,4,125,1,3,3,1,3
2018230343709,1,9,0,13,0,1,0,0,0,0,4,1,6,1,37,7,1968,2,6,2,1,2
2018230343709,2,9,0,4,0,1,0,0,0,0,3,1,5,2,31,6,1242,1,4,4,1,4
2018230343725,1,98,0,18,0,4,0,0,0,0,0,1,6,3,30,6,-1,-1,-1,-1,-1,-1
2018230343725,2,1,0,9,0,8,0,0,0,0,0,1,2,2,25,5,-1,-1,-1,8,1,8
2018230343728,1,9,0,9,0,5,0,0,0,0,1,1,6,1,26,6,1587,1,10,10,1,10
2018230343728,2,9,0,18,0,1,1,0,0,0,1,1,6,1,71,10,1318,1,-1,9,2,9
2018230343734,1,9,0,4,0,0,0,0,0,0,2,1,1,2,46,8,-1,-1,-1,-1,-1,-1
2018230343734,2,21,1,4,0,0,0,0,0,0,1,1,1,1,50,8,-1,-1,-1,-1,-1,-1
2018230343826,1,9,0,18,0,0,0,8,0,0,1,1,6,1,55,8,1198,1,3,10,2,10
2018230343826,2,9,0,2,0,0,0,0,0,0,4,1,6,1,38,7,2993,2,1,-1,-1,-1
2018230343828,1,9,0,18,0,1,0,0,7,1,1,1,2,1,23,5,1198,1,6,4,1,4
2018230343883,1,21,4,18,0,0,0,0,0,0,3,1,1,1,30,6,12809,2,2,1,1,1
2018230343883,2,9,0,18,0,0,0,0,0,0,1,1,5,1,17,4,1242,1,11,5,1,5
2018230343883,3,9,0,18,0,0,0,0,0,0,1,1,5,2,32,6,-1,-1,-1,9,1,9
2018230344032,1,9,0,18,0,8,0,0,0,0,1,1,5,2,18,4,998,1,3,10,1,10
2018230344049,1,9,0,9,0,6,0,0,0,0,3,1,2,2,57,9,1398,1,1,10,1,10
2018230344049,2,3,0,18,0,8,0,0,0,0,1,1,2,1,31,6,125,1,3,1,1,1
2018230344073,1,9,0,9,0,5,0,0,0,0,4,1,5,1,39,7,1986,2,12,4,1,4
2018230344073,2,9,0,18,0,8,0,0,0,0,1,1,5,2,33,6,1396,1,14,4,1,4
2018230344177,1,9,0,9,0,8,0,0,0,0,3,1,5,2,63,9,-1,-1,-1,10,1,10
2018230344177,2,5,0,18,0,3,1,0,0,0,1,1,5,2,23,5,124,1,1,8,2,8
2018230344209,1,9,0,9,0,5,0,0,0,0,1,1,5,1,63,9,1461,2,3,10,1,10
2018230344209,2,9,0,18,0,8,0,0,0,0,1,1,5,2,60,9,1995,2,2,10,1,10
2018230344209,3,9,0,10,0,1,0,0,0,0,1,1,2,2,33,6,1997,2,1,-1,-1,-1
2018230344237,1,9,0,18,0,0,0,0,0,0,4,1,5,2,60,9,1798,8,2,5,1,5
2018230344259,1,9,0,4,0,1,0,0,0,0,1,1,6,1,-1,-1,1968,2,12,-1,-1,-1
2018230344259,2,9,0,10,0,1,0,0,0,0,2,1,5,1,25,5,1499,2,5,6,1,6
2018230344283,1,9,0,18,0,0,1,0,7,0,3,1,5,1,62,9,-1,-1,-1,5,2,5
2018230344283,2,9,0,18,0,0,1,0,1,0,3,1,5,1,74,10,-1,-1,-1,5,1,5
2018230344341,1,9,0,18,0,8,0,0,0,0,0,1,5,1,26,6,1364,1,4,5,2,5
2018230344341,2,9,0,18,0,8,0,0,1,4,1,1,5,1,41,7,1598,2,6,9,2,9
2018230344341,3,19,0,10,0,8,0,0,0,0,0,1,5,1,44,7,1753,2,12,5,2,5
2018230344365,1,9,0,18,0,1,0,0,0,0,1,1,6,2,50,8,1968,2,9,-1,-1,-1
2018230344365,2,19,0,3,0,1,0,0,0,0,2,1,6,1,47,8,1868,2,16,7,1,7
2018230344403,1,19,0,18,0,3,0,0,0,0,1,1,1,1,51,8,1598,2,4,9,1,9
2018230344403,2,9,0,18,0,3,0,0,0,0,4,1,5,2,50,8,1968,2,-1,9,1,9
2018230344492,1,9,0,18,0,0,0,0,0,0,1,1,2,2,42,7,1995,2,3,9,1,9
2018230344698,1,9,0,11,0,0,0,0,0,0,1,1,5,2,44,7,-1,-1,-1,8,1,8
2018230344698,2,9,0,18,0,0,5,0,1,0,2,1,5,1,34,6,2231,2,10,9,1,9
2018230345087,1,9,0,16,0,0,0,0,0,0,1,1,2,1,27,6,1388,1,15,1,1,1
2018230345087,2,98,0,17,0,0,0,0,0,0,1,1,5,1,66,10,-1,-1,-1,6,1,6
2018230345093,1,9,0,1,0,0,0,0,0,0,2,1,5,1,24,5,-1,-1,-1,8,3,8
2018230345093,2,9,0,18,0,0,0,0,0,0,1,1,5,1,82,11,1560,2,2,8,3,8
2018230345095,1,9,0,5,0,2,0,0,0,0,1,1,5,1,20,4,1388,1,10,7,1,7
2018230345162,1,19,0,16,0,0,0,10,7,4,1,1,1,1,21,5,2143,2,-1,8,1,8
2018230345162,2,9,0,17,0,0,0,0,0,0,2,1,5,2,40,7,1242,1,3,7,3,7
2018230345222,1,9,0,8,0,1,0,0,0,0,4,1,5,2,38,7,1349,1,10,5,1,5
2018230345222,2,1,0,18,0,8,0,0,0,0,1,1,2,1,41,7,-1,-1,-1,5,1,5
2018230345223,1,9,0,5,0,6,0,0,0,0,1,1,5,1,22,5,1198,1,11,5,1,5
2018230345223,2,9,0,18,0,8,0,0,0,0,3,1,5,2,20,4,1199,1,17,5,1,5
2018230345259,1,9,0,18,0,8,0,0,0,0,1,1,6,1,42,7,1598,1,7,9,1,9
2018230345259,2,9,0,4,0,8,0,0,0,0,2,1,2,2,26,6,-1,-1,-1,6,1,6
2018230345261,1,9,0,16,0,0,0,0,0,0,4,1,6,3,34,6,-1,-1,-1,-1,-1,-1
2018230345296,1,9,0,13,0,0,0,0,0,0,0,1,6,3,34,6,-1,-1,-1,-1,-1,-1
2018230345296,2,9,0,18,0,0,0,0,1,4,1,1,5,2,20,4,998,1,12,5,1,5
2018230345398,1,9,0,18,0,0,0,0,0,0,4,1,5,1,71,10,1398,1,2,-1,-1,-1
2018230345398,2,1,0,18,0,0,0,0,0,0,3,1,5,1,52,8,-1,-1,-1,10,3,10
2018230345459,1,9,0,9,0,2,0,0,0,0,1,1,5,2,39,7,1560,2,8,4,2,4
2018230345459,2,1,0,18,0,1,0,0,0,0,3,1,5,1,19,4,-1,-1,-1,5,3,5
2018230345506,1,5,0,18,0,4,0,0,0,0,1,1,5,1,68,10,955,1,15,5,1,5
2018230345506,2,9,0,3,0,1,0,0,0,0,2,1,5,2,54,8,1969,2,3,6,3,6
2018230345601,1,1,0,18,0,1,0,0,0,0,1,1,5,1,18,4,-1,-1,-1,9,2,9
2018230345601,2,19,0,10,0,1,0,0,0,0,4,1,1,1,41,7,1248,2,4,4,1,4
2018230345619,1,9,0,18,0,0,0,0,0,0,1,1,6,2,38,7,1587,1,13,3,1,3
2018230345619,2,9,0,4,0,0,0,0,0,0,2,1,6,1,45,7,1997,2,14,2,1,2
2018230345665,1,23,0,18,0,8,0,0,0,0,3,1,5,1,61,9,-1,-1,-1,7,1,7
2018230345665,2,9,0,4,0,1,0,0,0,0,1,1,5,2,36,7,1798,8,5,5,1,5
2018230345670,1,9,0,5,0,6,0,0,0,0,4,1,6,1,56,9,1396,1,18,9,1,9
2018230345670,2,9,0,18,0,8,0,0,0,0,1,1,2,1,35,6,2993,2,-1,9,3,9
2018230345682,1,5,0,18,0,0,0,0,0,0,1,1,5,1,46,8,999,1,8,4,1,4
2018230345747,1,9,0,5,0,3,0,0,0,0,1,1,1,1,58,9,2993,2,8,9,3,9
2018230345747,2,9,0,5,0,3,0,0,0,0,2,1,5,2,33,6,1598,2,1,8,1,8
2018230345752,1,9,0,18,0,8,0,0,0,0,1,1,5,1,70,10,1968,2,4,9,3,9
2018230345752,2,9,0,9,0,6,0,0,0,0,3,1,5,2,18,4,998,1,12,9,1,9
2018230345804,1,9,0,16,0,0,0,0,0,0,3,1,3,2,26,6,1360,1,13,2,1,2
2018230345804,2,1,0,18,0,0,0,0,0,0,1,1,4,1,15,3,-1,-1,-1,2,1,2
2018230345964,1,9,0,18,0,1,0,0,0,0,1,1,6,1,26,6,-1,-1,-1,-1,-1,-1
2018230345964,2,9,0,3,0,1,0,0,0,0,2,1,5,2,27,6,1596,1,9,10,1,10
2018230346032,1,9,0,18,0,0,0,0,1,7,1,1,5,1,30,6,1248,2,6,7,-1,7
2018230346059,1,9,0,18,0,0,0,0,0,0,4,1,6,1,82,11,1086,1,10,9,3,9
2018230346059,2,1,0,18,0,0,0,0,0,0,3,1,5,1,69,10,-1,-1,-1,8,3,8
2018230346085,1,9,0,9,0,5,0,0,0,0,1,1,5,1,75,10,-1,3,4,8,3,8
2018230346085,2,9,0,18,0,8,0,0,0,0,1,1,5,1,75,10,-1,-1,-1,7,3,7
2018230346085,3,9,0,10,0,1,0,0,1,0,1,1,5,2,69,10,1248,1,2,6,3,6
2018230346130,1,9,0,18,0,2,0,0,0,0,1,1,5,1,27,6,3189,1,15,4,1,4
2018230346202,1,9,0,18,0,8,0,0,0,0,1,1,5,1,21,5,2171,1,13,10,1,10
2018230346202,2,9,0,18,0,6,0,0,0,0,4,1,5,1,74,10,1329,1,2,10,1,10
2018230346208,1,9,0,17,0,0,1,0,1,10,1,1,5,1,20,4,1991,1,5,9,1,9
2018230346238,1,9,0,16,0,0,0,4,0,0,1,1,5,1,26,6,1598,1,7,7,3,7
2018230346238,2,9,0,2,0,0,0,0,0,0,2,1,5,2,31,6,998,1,-1,7,2,7
2018230346238,3,9,0,2,0,0,0,0,0,0,2,1,5,2,47,8,1242,1,-1,7,2,7
2018230346553,1,19,0,17,0,1,0,4,2,0,1,1,1,1,64,9,1968,2,1,3,2,3
2018230346553,2,9,0,2,0,1,0,0,0,0,1,1,6,3,34,6,1598,1,15,-1,-1,-1
2018230346710,1,9,0,9,0,4,0,0,0,0,1,1,5,1,37,7,1200,1,-1,-1,-1,-1
2018230346710,2,1,0,18,0,8,0,0,0,0,4,1,5,1,65,9,-1,-1,-1,8,1,8
2018230346730,1,98,0,1,0,6,0,0,0,0,4,1,5,1,65,9,-1,-1,-1,10,1,10
2018230346730,2,2,0,18,0,8,0,0,0,0,1,1,5,1,16,4,49,1,2,7,1,7
2018230346781,1,9,0,18,0,1,0,0,0,0,1,1,1,1,52,8,1995,2,11,7,1,7
2018230346781,2,9,0,18,0,6,0,0,0,0,4,1,2,2,44,7,1998,2,13,10,1,10
2018230346835,1,9,0,18,0,0,1,0,0,0,1,1,5,2,35,6,2143,2,8,4,3,4
2018230346835,2,9,0,18,0,0,0,0,0,0,1,1,1,1,58,9,1598,1,16,9,1,9
2018230346867,1,9,0,18,0,0,0,0,0,0,1,1,2,1,38,7,1798,1,12,5,1,5
2018230346867,2,9,0,18,0,0,0,0,5,6,4,1,5,1,26,6,2143,2,9,3,1,3
2018230346867,3,98,0,18,0,0,0,0,0,0,4,1,1,1,41,7,-1,-1,-1,2,-1,2
2018230346892,1,9,0,13,0,0,0,0,0,0,1,1,5,1,33,6,2000,1,9,9,2,9
2018230346892,2,8,0,18,0,0,0,0,0,0,1,1,1,1,33,6,1560,2,6,9,1,9
2018230346913,1,9,0,9,0,6,0,0,0,0,3,1,5,2,38,7,2993,2,4,6,3,6
2018230346913,2,9,0,18,0,1,0,0,0,0,1,1,5,1,43,7,998,1,14,5,1,5
2018230346977,1,21,1,12,0,0,1,0,0,0,1,1,1,1,63,9,12902,2,5,5,2,5
2018230346977,2,21,1,12,0,0,3,0,0,0,2,1,1,1,51,8,12809,2,5,4,1,4
2018230346977,3,21,1,12,0,0,0,0,0,0,2,1,1,1,50,8,12419,2,5,5,1,5
2018230347076,1,9,0,7,0,6,0,0,0,0,1,1,6,1,18,4,1598,2,5,-1,-1,-1
2018230347076,2,9,0,3,0,1,0,0,0,0,1,1,5,1,76,11,1199,1,-1,3,1,3
2018230347215,1,9,0,18,0,0,0,0,0,0,3,1,5,1,49,8,1995,2,9,3,1,3
2018230347215,2,98,0,18,0,0,0,4,0,0,3,1,5,1,41,7,-1,-1,-1,5,1,5
2018230347215,3,9,0,2,0,0,0,0,0,0,3,1,5,1,64,9,1398,2,7,2,1,2
2018230347248,1,9,0,16,0,8,0,0,7,1,1,1,5,2,82,11,1360,1,16,-1,-1,-1
2018230347341,1,9,0,5,0,4,0,0,0,0,1,1,5,1,84,11,1560,2,3,10,1,10
2018230347341,2,1,0,18,0,8,1,0,0,0,1,1,2,1,48,8,-1,-1,-1,5,1,5
2018230347398,1,9,0,18,0,4,0,0,0,0,1,1,6,3,34,6,-1,-1,-1,-1,-1,-1
2018230347398,2,1,0,9,0,8,0,0,0,0,1,1,2,2,56,9,-1,-1,-1,9,1,9
2018230347400,1,19,0,5,0,0,0,0,0,0,1,1,6,2,35,6,1560,2,3,5,1,5
2018230347400,2,9,0,18,0,0,0,0,0,0,3,1,2,2,61,9,989,1,15,10,1,10
2018230347413,1,9,0,18,0,0,0,0,0,0,1,1,1,1,36,7,-1,-1,-1,4,1,4
2018230347413,2,9,0,4,0,0,0,0,0,0,2,1,5,2,31,6,1968,2,2,8,2,8
2018230347413,3,9,0,4,0,0,0,0,0,0,2,1,1,1,25,5,2497,2,-1,-1,-1,-1
2018230347484,1,19,0,4,0,8,0,0,0,0,3,1,1,1,45,7,1248,2,10,5,1,5
2018230347484,2,9,0,13,0,8,0,0,0,0,4,1,1,1,37,7,1598,1,16,9,2,9
2018230347619,1,9,0,18,0,0,0,0,0,0,3,1,5,1,33,6,1242,1,4,9,2,9
2018230347762,1,9,0,18,0,0,0,0,0,0,1,1,1,2,51,8,996,1,5,3,1,3
2018230347780,1,9,0,16,0,0,2,0,1,2,3,1,5,1,26,6,3490,1,15,8,1,8
2018230347803,1,9,0,18,0,0,0,0,0,0,4,1,6,3,34,6,-1,-1,-1,-1,-1,-1
2018230347815,1,9,0,18,0,2,0,0,0,0,1,1,2,1,31,6,1968,2,4,2,1,2
2018230347815,2,9,0,18,0,1,0,0,0,0,1,1,5,2,54,8,1200,1,-1,5,1,5
2018230347843,1,9,0,18,0,0,1,4,0,0,1,1,2,2,39,7,1598,2,1,10,1,10
2018230347843,2,9,0,2,0,0,0,0,1,0,2,1,5,2,74,10,1499,1,2,10,1,10
2018230347848,1,9,0,18,0,8,0,0,0,0,1,1,6,1,34,6,-1,-1,-1,-1,-1,-1
2018230347854,1,19,0,9,0,6,0,0,0,0,3,1,1,1,18,4,1499,2,-1,3,1,3
2018230347854,2,9,0,16,0,8,0,0,0,0,1,1,5,1,26,6,1995,2,6,7,2,7
2018230348075,1,9,0,9,0,5,0,0,0,0,1,1,1,1,70,10,1596,1,14,5,1,5
2018230348085,1,1,0,18,0,1,0,0,0,0,1,1,5,2,53,8,-1,-1,-1,3,1,3
2018230348085,2,9,0,5,0,4,0,0,0,0,4,1,5,1,43,7,1997,2,13,6,1,6
2018230348164,1,9,0,9,0,5,0,0,0,0,1,1,5,1,49,8,1968,2,4,10,1,10
2018230348164,2,9,0,18,0,8,0,0,1,0,1,1,5,1,60,9,2000,1,13,8,1,8
2018230348164,3,9,0,8,0,1,0,0,1,1,3,1,5,1,34,6,1968,2,4,9,1,9
2018230348249,1,9,0,9,0,8,0,0,0,0,3,1,6,2,25,5,1395,1,1,5,1,5
2018230348368,1,9,0,18,0,6,0,0,0,0,1,1,5,2,27,6,1995,2,5,4,1,4
2018230348368,2,9,0,18,0,8,0,0,1,11,1,1,5,2,39,7,1999,2,2,7,2,7
2018230348491,1,5,0,4,0,0,1,0,0,0,1,1,5,1,49,8,645,1,14,8,1,8
2018230348491,2,9,0,4,0,0,0,0,0,0,2,1,5,2,45,7,1995,2,4,7,1,7
2018230348509,1,98,0,16,0,2,1,0,7,4,1,1,1,1,32,6,-1,-1,-1,4,1,4
2018230348524,1,9,0,16,0,0,1,0,0,0,1,1,2,1,22,5,1839,1,15,10,1,10
2018230348524,2,19,0,17,0,0,0,0,0,0,1,1,1,2,22,5,1248,2,4,3,1,3
2018230348718,1,9,0,13,0,0,0,0,0,0,1,1,5,1,36,7,1968,2,11,4,1,4
2018230348718,2,9,0,18,0,0,0,0,1,4,1,1,5,1,71,10,996,1,6,10,3,10
2018230349040,1,9,0,18,0,8,5,0,1,0,3,1,5,1,19,4,2495,2,22,9,3,9
2018230349040,2,9,0,18,0,8,0,0,0,0,3,1,5,2,48,8,1499,1,-1,9,1,9
2018230349103,1,9,0,9,0,5,0,0,0,0,1,1,2,1,29,6,1397,1,8,7,1,7
2018230349116,1,9,0,7,0,3,1,0,0,0,4,1,5,1,57,9,2400,2,7,4,1,4
2018230349116,2,9,0,15,0,3,0,0,0,0,3,1,5,1,29,6,1399,1,2,7,1,7
2018230349282,1,9,0,5,0,0,0,0,0,0,1,1,2,2,48,8,2204,2,9,7,1,7
2018230349282,2,1,0,18,0,0,0,0,0,0,1,1,6,1,18,4,-1,-1,-1,10,1,10
2018230349293,1,9,0,13,0,0,0,0,0,0,0,1,5,1,25,5,1339,1,11,8,1,8
2018230349293,2,19,0,18,0,0,0,0,0,0,1,1,1,1,57,9,1499,2,2,6,2,6
2018230349293,3,9,0,18,0,0,0,0,0,0,2,1,5,2,24,5,1242,1,8,6,2,6
2018230349293,4,17,0,18,0,0,0,0,0,0,0,1,1,3,34,6,-1,-1,-1,-1,-1,-1
2018230349308,1,9,0,18,0,0,0,0,0,0,1,1,6,1,28,6,1896,2,15,10,1,10
2018230349308,2,9,0,3,0,0,0,0,0,0,2,1,1,1,54,8,1598,2,2,6,1,6
2018230349310,1,9,0,12,0,8,0,0,0,0,3,1,5,2,42,7,1248,2,9,6,2,6
2018230349310,2,9,0,18,0,8,0,0,0,0,4,1,5,1,47,8,1781,1,16,7,1,7
2018230349327,1,9,0,18,0,6,0,0,0,0,1,1,5,2,57,9,1461,2,7,10,1,10
2018230349327,2,9,0,18,0,8,0,0,0,0,4,1,5,1,75,10,1798,1,13,3,1,3
2018230349327,3,9,0,18,0,8,0,0,0,0,1,1,5,1,66,10,1991,2,8,7,1,7
2018230349362,1,9,0,14,0,0,0,4,0,0,1,1,5,1,26,6,1598,1,6,3,1,3
2018230349362,2,9,0,3,0,0,0,0,0,0,3,1,5,1,38,7,1950,2,1,6,1,6
2018230349362,3,9,0,2,0,0,0,0,0,0,3,1,5,2,26,6,1995,2,8,6,1,6
2018230349534,1,9,0,9,0,6,0,0,0,0,3,1,2,1,25,5,1149,1,13,4,1,4
2018230349534,2,19,0,18,0,8,0,0,0,0,1,1,2,1,36,7,2198,2,2,6,1,6
2018230349534,3,9,0,10,0,8,0,0,0,0,3,1,5,1,27,6,1362,1,4,9,1,9
2018230349560,1,9,0,4,0,1,0,0,0,0,1,1,6,2,63,9,1360,1,12,9,2,9
2018230349560,2,9,0,3,0,1,0,0,0,0,2,1,5,2,47,8,1968,2,3,3,1,3
2018230349603,1,9,0,9,0,5,0,0,0,0,1,1,1,1,49,8,1399,2,15,6,1,6