Accident_Index,Vehicle_Reference,Vehicle_Type,Towing_and_Articulation,Vehicle_Manoeuvre,Vehicle_Location-Restricted_Lane,Junction_Location,Skidding_and_Overturning,Hit_Object_in_Carriageway,Vehicle_Leaving_Carriageway,Hit_Object_off_Carriageway,1st_Point_of_Impact,Was_Vehicle_Left_Hand_Drive?,Journey_Purpose_of_Driver,Sex_of_Driver,Age_of_Driver,Age_Band_of_Driver,Engine_Capacity_(CC),Propulsion_Code,Age_of_Vehicle,Driver_IMD_Decile,Driver_Home_Area_Type,Vehicle_IMD_Decile
2018230349603,2,1,0,18,0,8,0,0,0,0,1,1,2,1,41,7,-1,-1,-1,9,1,9
2018230349616,1,9,0,18,0,1,0,4,0,0,1,1,5,2,24,5,1499,2,5,7,3,7
2018230349616,2,9,0,2,0,8,0,0,0,0,2,1,5,1,40,7,2401,2,14,7,3,7
2018230349622,1,9,0,12,0,0,0,0,0,0,2,1,1,2,29,6,1461,2,4,4,1,4
2018230349622,2,9,0,18,0,0,0,0,0,0,1,1,6,1,42,7,1968,2,1,4,1,4
2018230349700,1,9,0,16,0,0,0,0,0,0,1,1,5,2,60,9,1995,2,9,9,1,9
2018230349700,2,22,0,18,0,0,5,0,0,0,4,1,5,1,79,11,-1,-1,-1,6,2,6
2018230349714,1,9,0,18,0,0,0,10,0,0,3,1,5,1,39,7,1598,1,12,6,1,6
2018230349714,2,9,0,18,0,0,0,0,0,0,3,1,5,2,72,10,1242,1,2,7,3,7
2018230350087,1,9,0,16,0,0,2,0,7,10,1,1,5,1,74,10,5462,1,11,8,3,8
2018230350119,1,9,0,18,0,0,0,0,0,0,1,1,5,1,45,7,1398,1,1,8,1,8
2018230350119,2,1,0,18,0,0,0,0,0,0,4,1,5,2,42,7,-1,-1,-1,10,1,10
2018230350120,1,9,0,9,0,0,0,0,0,0,4,1,6,1,34,6,1998,2,8,-1,-1,-1
2018230350120,2,1,0,18,0,0,0,0,0,0,1,1,2,1,39,7,-1,-1,-1,9,1,9
2018230350140,1,9,0,18,0,0,0,0,0,0,1,1,6,3,34,6,-1,-1,-1,-1,-1,-1
2018230350539,1,9,0,4,0,0,0,0,0,0,0,1,1,1,39,7,2993,2,1,3,1,3
2018230350539,2,9,0,16,0,0,1,4,0,0,1,1,6,1,24,5,1995,2,4,2,1,2
2018230350539,3,9,0,2,0,0,0,0,0,0,2,1,6,2,35,6,1997,2,17,3,1,3
2018230350650,1,1,0,18,0,2,0,0,0,0,1,1,2,1,26,6,-1,-1,-1,9,3,9
2018230350650,2,9,0,9,0,2,0,0,0,0,4,1,5,2,37,7,1499,2,1,7,3,7
2018230350664,1,9,0,18,0,0,1,10,0,0,1,1,5,1,37,7,-1,-1,-1,8,3,8
2018230350664,2,9,0,18,0,0,0,0,1,11,1,1,5,1,67,10,1560,2,2,6,2,6
2018230350673,1,9,0,16,0,0,1,0,8,11,1,1,5,1,22,5,1199,1,15,2,1,2
2018230350683,1,9,0,9,0,5,0,0,0,0,4,1,5,1,74,10,1984,1,12,8,1,8
2018230350683,2,3,0,18,0,1,0,0,0,0,1,1,5,1,58,9,124,1,7,4,1,4
2018230350787,1,9,0,18,0,0,0,0,0,0,1,1,6,3,33,6,1149,1,11,-1,-1,-1
2018230350787,2,9,0,18,0,0,0,0,0,0,2,1,6,1,31,6,2495,2,16,2,1,2
2018230351057,1,9,0,7,0,6,0,0,0,0,3,1,2,2,26,6,1197,1,-1,7,1,7
2018230351057,2,9,0,17,0,8,0,0,0,0,4,1,2,1,36,7,1560,2,3,1,1,1
2018230351083,1,9,0,9,0,5,0,0,0,0,1,1,2,2,42,7,1598,1,8,9,1,9
2018230351083,2,9,0,18,0,8,0,0,0,0,1,1,5,2,52,8,1560,2,5,6,3,6
2018230351083,3,19,0,4,0,8,0,0,0,0,1,1,5,1,28,6,1753,2,12,10,2,10
2018230351141,1,9,0,1,0,0,0,0,1,9,1,1,5,2,30,6,1229,1,12,3,1,3
2018230351375,1,9,0,17,0,0,0,0,0,0,1,1,5,1,86,11,1598,1,16,10,1,10
2018230351375,2,98,0,2,0,0,0,0,0,0,2,1,5,1,39,7,-1,-1,-1,5,1,5
2018230351486,1,9,0,18,0,8,0,0,0,0,1,1,1,1,55,8,1242,1,3,5,1,5
2018230351486,2,9,0,18,0,8,0,10,2,2,4,1,2,1,48,8,1560,2,3,7,1,7
2018230351495,1,21,0,18,0,0,0,0,2,7,1,1,5,1,34,6,12777,2,10,5,1,5
2018230351495,2,9,0,11,0,0,0,0,5,6,4,1,5,2,26,6,1390,1,11,6,1,6
2018230351638,1,3,0,18,0,0,1,0,0,0,4,1,2,1,33,6,125,1,-1,1,1,1
2018230351663,1,9,0,18,0,6,0,0,3,10,1,1,5,1,34,6,1799,1,11,3,1,3
2018230351664,1,9,0,9,0,6,0,0,0,0,3,1,5,2,18,4,1086,1,14,6,1,6
2018230351664,2,9,0,18,0,8,0,0,0,0,1,1,5,1,40,7,2597,1,14,6,1,6
2018230351683,1,9,0,4,0,1,0,0,0,0,0,1,5,2,47,8,2993,2,1,9,3,9
2018230351683,2,1,0,4,0,1,0,0,0,0,1,1,5,1,25,5,-1,-1,-1,10,1,10
2018230351765,1,9,0,18,0,0,1,11,0,0,1,1,1,2,28,6,1596,1,13,8,1,8
2018230351787,1,9,0,18,0,0,0,0,0,0,1,1,1,2,34,6,1968,2,4,8,1,8
2018230351787,2,9,0,4,0,0,0,0,0,0,2,1,1,1,60,9,2268,2,2,10,1,10
2018230351787,3,9,0,4,0,0,0,0,0,0,1,1,1,1,28,6,1396,1,14,5,1,5
2018230351787,4,9,0,18,0,0,0,0,0,0,2,1,1,1,62,9,1596,1,3,5,3,5
2018230351908,1,9,0,17,0,0,5,0,1,11,1,1,1,1,49,8,1896,2,9,2,1,2
2018230351940,1,9,0,18,0,6,0,0,1,10,1,1,5,2,33,6,1995,1,8,6,1,6
2018230351940,2,9,0,18,0,8,0,0,0,0,1,1,5,1,30,6,1968,2,4,6,1,6
2018230351952,1,9,0,9,0,6,0,0,0,0,1,1,3,2,50,8,1999,2,-1,5,3,5
2018230351952,2,9,0,16,0,8,0,0,0,0,4,1,6,1,34,6,1499,1,-1,8,3,8
2018230352039,1,1,0,18,0,8,0,0,0,0,4,1,5,1,15,3,-1,-1,-1,10,1,10
2018230352039,2,9,0,7,0,5,0,0,0,0,1,1,6,1,49,8,1995,2,1,6,2,6
2018230352051,1,9,0,17,0,0,0,10,7,10,1,1,5,2,47,8,-1,-1,-1,3,1,3
2018230352051,2,9,0,16,0,0,0,0,0,0,1,1,5,2,34,6,1197,1,2,8,2,8
2018230352147,1,19,0,9,0,6,0,0,0,0,3,1,1,1,38,7,-1,-1,-1,-1,-1,-1
2018230352147,2,9,0,18,0,8,0,0,0,0,1,1,2,2,29,6,998,1,7,7,1,7
2018230352154,1,19,0,18,0,0,0,0,0,0,1,1,1,1,24,5,1968,2,2,1,1,1
2018230352154,2,9,0,3,0,0,0,0,0,0,2,1,2,1,53,8,1248,2,11,5,1,5
2018230352154,3,9,0,3,0,0,0,0,0,0,2,1,2,1,45,7,1598,1,7,10,1,10
2018230352154,4,9,0,3,0,0,0,0,0,0,2,1,2,1,43,7,1968,2,4,3,1,3
2018230352154,5,9,0,3,0,0,0,0,0,0,2,1,2,1,59,9,1997,2,8,10,2,10
2018230352154,6,21,1,18,0,0,0,0,0,0,1,1,1,1,55,8,15607,2,16,6,3,6
2018230352154,7,9,0,3,0,0,0,0,0,0,3,1,5,1,58,9,2191,2,3,10,2,10
2018230352356,1,20,0,9,0,6,0,0,0,0,1,1,1,1,57,9,-1,2,16,8,1,8
2018230352356,2,9,0,18,0,8,0,0,0,0,4,1,5,1,60,9,2148,2,16,7,3,7
2018230352364,1,19,0,1,0,0,0,0,7,4,2,1,5,1,46,8,2178,2,12,3,1,3
2018230352364,2,9,0,4,0,0,0,0,0,0,1,1,1,1,34,6,2993,2,1,5,1,5
2018230352572,1,9,0,16,0,0,0,0,0,0,1,1,5,2,39,7,999,1,8,2,1,2
2018230352572,2,9,0,17,0,0,0,0,0,0,1,1,5,1,51,8,1597,2,5,7,1,7
2018230352577,1,9,0,18,0,0,0,0,0,0,1,1,6,3,50,8,-1,-1,-1,-1,-1,-1
2018230352647,1,9,0,18,0,2,0,0,0,0,1,1,3,2,33,6,998,1,3,3,1,3
2018230352657,1,9,0,18,0,0,1,0,7,11,1,1,6,1,78,11,1910,2,11,6,3,6
2018230352672,1,9,0,18,0,0,1,0,1,10,1,1,5,1,44,7,2171,1,16,7,1,7
2018230352676,1,9,0,18,0,0,0,0,0,0,1,1,6,1,38,7,-1,-1,-1,7,1,7
2018230352676,2,9,0,18,0,0,0,0,0,0,2,1,6,1,50,8,1596,1,13,6,1,6
2018230352682,1,9,0,18,0,0,0,0,0,0,1,1,6,1,40,7,1364,1,10,4,1,4
2018230352682,2,9,0,3,0,0,0,0,0,0,2,1,4,2,43,7,1598,1,14,6,1,6
2018230352700,1,9,0,7,0,6,0,0,0,0,1,1,6,3,25,5,-1,-1,-1,-1,-1,-1
2018230352700,2,1,0,18,0,1,0,0,0,0,4,1,5,1,23,5,-1,-1,-1,6,1,6
2018230352702,1,98,0,18,0,0,0,0,0,0,4,1,6,3,40,7,-1,-1,-1,-1,-1,-1
2018230352702,2,1,0,18,0,0,0,10,1,0,3,1,6,1,31,6,-1,-1,-1,7,1,7
2018230352715,1,9,0,17,0,0,0,0,0,0,1,1,5,1,64,9,1973,1,18,10,1,10
2018230352715,2,1,0,17,0,0,0,0,0,0,2,1,5,1,80,11,-1,-1,-1,6,1,6
2018230352733,1,1,0,18,0,1,0,0,0,0,3,1,2,1,30,6,-1,-1,-1,3,1,3
2018230352733,2,9,0,7,0,6,0,0,0,0,1,1,2,2,21,5,1242,1,2,8,1,8
2018230352753,1,98,0,18,0,0,5,0,2,9,4,1,6,1,54,8,-1,-1,-1,6,3,6
2018230352765,1,9,0,16,0,0,1,0,1,4,1,1,5,1,23,5,1242,1,11,10,2,10
2018230352857,1,9,0,13,0,0,0,0,0,0,4,1,6,1,34,6,3982,1,3,3,1,3
2018230352857,2,9,0,18,0,0,0,0,0,0,4,1,1,1,30,6,1796,1,13,1,1,1
2018230352857,3,19,0,18,0,0,0,0,0,0,3,1,1,1,54,8,2143,2,2,2,1,2
2018230352857,4,21,1,2,6,0,0,0,0,0,3,1,5,1,55,8,12809,2,5,6,2,6
2018230352859,1,9,0,18,0,0,0,0,0,0,1,1,1,1,38,7,1995,2,3,7,1,7
2018230352859,2,9,0,18,0,0,1,0,0,0,1,1,1,1,45,7,1968,2,-1,10,1,10
2018230352859,3,9,0,18,0,0,1,0,0,0,1,1,1,2,42,7,1956,2,-1,4,1,4
2018230352859,4,9,0,18,0,0,1,0,0,0,2,1,1,2,28,6,-1,-1,-1,8,2,8
2018230352902,1,9,0,17,0,0,0,0,0,0,1,1,6,2,21,5,1242,1,8,7,3,7
2018230352902,2,9,0,18,0,0,0,0,0,0,1,1,6,2,68,10,998,1,8,4,1,4
2018230352910,1,9,0,9,0,5,0,0,0,0,3,1,1,1,57,9,999,1,3,10,1,10
2018230352914,1,9,0,17,0,0,1,0,8,4,1,1,5,1,33,6,1598,1,1,8,3,8
2018230352926,1,9,0,16,0,0,1,0,0,0,1,1,2,2,45,7,1197,1,5,10,2,10
2018230352926,2,8,0,16,0,0,0,0,1,4,1,1,1,1,27,6,1796,1,10,2,1,2
2018230353118,1,9,0,17,0,1,0,0,0,0,1,1,2,1,22,5,1796,2,5,3,1,3
2018230353124,1,9,0,13,0,0,0,0,0,0,3,1,6,3,34,6,-1,-1,-1,-1,-1,-1
2018230353124,2,9,0,17,0,0,0,0,0,0,3,1,5,1,53,8,1339,1,14,9,2,9
2018230353167,1,9,0,1,0,2,0,0,0,0,2,1,6,1,34,6,1596,1,16,-1,-1,-1
2018230353232,1,1,0,9,0,6,0,0,0,0,1,1,5,1,57,9,-1,-1,-1,10,3,10
2018230353232,2,19,0,4,0,8,0,0,0,0,2,1,1,2,28,6,1248,2,5,9,2,9
2018230353254,1,9,0,7,0,6,0,0,7,11,1,1,5,1,65,9,-1,-1,-1,10,1,10
2018230353254,2,9,0,18,0,8,0,0,0,0,1,1,5,1,48,8,1968,2,-1,6,2,6
2018230353311,1,9,0,18,0,0,1,0,7,9,1,1,5,1,20,4,1149,1,13,8,3,8
2018230353339,1,9,0,18,0,0,2,0,7,0,1,1,2,1,40,7,1595,1,7,8,3,8
2018230353352,1,9,0,4,0,0,0,0,0,0,0,1,6,3,34,6,-1,-1,-1,-1,-1,-1
2018230353352,2,9,0,18,0,0,0,0,1,11,4,1,5,1,53,8,1398,1,3,1,1,1
2018230353359,1,9,0,9,0,5,0,0,0,0,4,1,5,1,69,10,999,1,-1,5,1,5
2018230353359,2,9,0,18,0,8,0,0,0,0,1,1,5,2,65,9,1796,1,21,6,1,6
2018230353372,1,9,0,18,0,0,0,11,0,0,1,1,5,1,30,6,1598,2,8,8,1,8
2018230353420,1,9,0,18,0,0,0,0,0,0,1,1,6,3,34,6,-1,-1,-1,-1,-1,-1
2018230353594,1,21,1,12,0,0,0,0,0,0,3,1,1,1,37,7,-1,-1,-1,-1,-1,-1
2018230353594,2,9,0,18,0,0,1,2,0,0,4,1,5,1,62,9,1761,1,18,9,2,9
2018230353703,1,9,0,18,0,0,0,0,2,4,4,1,5,1,45,7,1968,2,4,6,3,6
2018230353811,1,9,0,18,0,0,1,0,0,0,1,1,5,1,22,5,1716,2,14,10,1,10
2018230353811,2,9,0,18,0,0,0,0,0,0,2,1,5,2,29,6,1560,2,7,7,1,7
2018230353811,3,9,0,18,0,0,0,0,4,6,2,1,5,1,38,7,1560,2,4,2,1,2
2018230353844,1,9,0,6,0,0,0,0,0,0,3,1,1,1,23,5,1461,2,-1,4,1,4
2018230353844,2,3,0,17,0,0,0,0,0,0,1,1,2,1,25,5,125,1,2,3,1,3
2018230353858,1,9,0,18,0,6,0,0,1,11,3,1,5,2,20,4,1390,1,11,9,1,9
2018230353858,2,9,0,18,0,8,0,0,0,0,1,1,1,1,21,5,1995,2,12,1,1,1
2018230353918,1,9,0,18,0,0,1,0,5,6,3,1,5,2,54,8,1360,1,9,3,1,3
2018230353920,1,8,0,18,0,0,0,4,0,0,1,1,1,1,42,7,1900,2,13,-1,-1,-1
2018230353920,2,9,0,2,0,0,0,0,1,0,2,1,5,1,24,5,998,1,3,1,1,1
2018230353920,3,9,0,18,0,0,0,0,0,0,1,1,5,1,29,6,1995,2,7,2,1,2
2018230353946,1,9,0,18,0,0,1,0,2,1,1,2,5,1,31,6,6997,1,53,10,2,10
2018230353946,2,9,0,18,0,0,0,0,0,0,3,1,5,1,46,8,3628,2,11,8,3,8
2018230353996,1,9,0,17,0,0,0,0,1,4,1,1,5,1,22,5,1598,2,6,7,1,7
2018230354042,1,9,0,17,0,8,1,0,1,4,1,1,5,1,18,4,1399,2,13,9,1,9
2018230354097,1,9,0,5,0,5,0,0,0,0,4,1,1,1,37,7,1798,8,4,10,1,10
2018230354126,1,9,0,17,0,0,0,0,7,11,1,1,5,1,19,4,1364,1,12,4,2,4
2018230354193,1,9,0,18,0,0,1,0,0,0,1,1,5,1,35,6,-1,-1,-1,6,1,6
2018230354193,2,9,0,4,0,0,0,0,0,0,2,1,5,2,58,9,1997,2,3,9,3,9
2018230354193,3,9,0,4,0,0,0,0,0,0,2,1,5,1,29,6,2967,2,2,2,1,2
2018230354193,4,9,0,18,0,0,1,0,0,0,1,1,5,1,29,6,1389,1,15,4,1,4
2018230354758,1,9,0,9,0,6,0,0,0,0,1,1,5,1,54,8,1950,2,1,8,1,8
2018230354758,2,9,0,18,0,1,0,0,1,7,4,1,5,2,31,6,1560,2,10,10,2,10
2018230354770,1,9,0,18,0,0,0,0,1,10,1,1,5,1,88,11,1197,1,4,7,1,7
2018230354795,1,9,0,17,0,0,0,0,1,0,1,1,1,2,22,5,1124,1,10,7,1,7
2018230354804,1,9,0,16,0,8,1,0,0,0,1,1,5,1,23,5,-1,-1,-1,6,1,6
2018230354804,2,9,0,17,0,8,0,0,0,0,1,1,5,2,30,6,1796,1,8,1,1,1
2018230354863,1,9,0,12,0,1,0,0,0,0,3,1,6,1,32,6,-1,-1,-1,-1,-1,-1
2018230354863,2,9,0,4,0,1,0,0,0,0,4,1,5,1,44,7,1968,2,5,8,1,8
2018230354864,1,9,0,9,0,8,0,0,0,0,1,1,5,1,31,6,1582,2,5,5,2,5
2018230354888,1,9,0,9,0,8,0,0,0,0,1,1,1,2,24,5,1242,1,4,10,1,10
2018230355173,1,9,0,14,0,1,0,0,0,0,1,1,5,1,62,9,1461,2,4,9,-1,9
2018230355512,1,98,0,18,0,0,0,0,0,0,4,1,6,3,35,6,-1,-1,-1,-1,-1,-1
2018230355541,1,9,0,4,0,0,0,0,0,0,1,1,6,1,24,5,2494,1,16,10,1,10
2018230355541,2,9,0,1,0,0,0,0,0,0,2,1,5,2,50,8,1318,1,3,2,1,2
2018230355619,1,5,0,9,0,6,0,0,0,0,3,1,5,1,41,7,883,1,-1,7,2,7
2018230355619,2,90,0,18,0,8,0,0,0,0,1,1,1,1,34,6,10518,2,3,3,1,3
2018230355734,1,19,0,11,0,0,0,0,0,0,4,1,6,1,51,8,-1,-1,-1,9,2,9
2018230355734,2,9,0,18,0,0,0,0,0,0,3,1,5,1,45,7,998,1,4,7,1,7
2018230355830,1,9,0,2,0,0,0,0,0,0,2,1,5,1,51,8,1997,1,11,1,1,1
2018230355830,2,21,1,18,0,0,0,4,0,0,1,1,1,1,33,6,12419,2,2,3,1,3
2018230355830,3,8,0,3,0,0,0,0,0,0,2,1,1,1,61,9,2402,2,13,2,1,2
2018230355830,4,9,0,3,0,0,0,0,0,0,2,1,5,1,35,6,999,1,-1,10,1,10
2018230817256,1,19,0,5,0,0,0,0,0,0,4,1,1,1,29,6,6700,2,1,6,1,6
2018230817375,1,9,0,9,0,3,0,0,0,0,3,1,5,2,69,10,1398,1,2,4,1,4
2018230817375,2,9,0,16,0,3,0,0,0,0,4,1,5,1,39,7,1995,2,5,8,1,8
2018230817440,1,9,0,16,0,1,0,0,0,0,1,1,5,1,30,6,1461,2,-1,8,1,8
2018230819081,1,9,0,18,0,0,1,0,1,4,3,1,5,1,25,5,1587,1,18,7,3,7
2018230819593,1,9,0,13,0,0,0,0,0,0,1,1,5,1,19,4,1995,1,7,-1,-1,-1
2018230819593,2,9,0,17,0,0,0,0,1,4,1,1,5,2,43,7,1360,1,13,5,2,5
2018230819599,1,9,0,18,0,5,0,0,7,10,1,1,5,2,23,5,1968,2,13,5,1,5
2018230820790,1,9,0,9,0,6,0,0,0,0,1,1,5,1,49,8,2494,8,-1,-1,-1,-1
2018230820790,2,97,0,18,0,8,1,0,0,0,3,1,5,2,58,9,-1,-1,-1,8,2,8
2018230820790,3,9,0,18,0,8,0,0,0,0,1,1,5,2,58,9,1399,1,1,9,3,9
2018230822203,1,9,0,16,0,0,0,0,0,0,1,1,6,1,26,6,2521,1,12,1,1,1
2018230822203,2,9,0,18,0,0,0,0,1,9,3,1,6,2,30,6,1799,1,9,6,3,6
2018230824825,1,2,0,4,0,1,1,0,0,0,3,1,5,1,16,4,48,1,1,10,2,10
2018230838135,1,9,0,17,0,8,1,10,1,9,1,1,5,1,19,4,1994,1,14,5,2,5
2018300309230,1,9,0,18,0,0,0,0,0,0,1,1,6,2,35,6,1582,2,5,6,2,6
2018300309230,2,21,0,18,0,0,0,0,0,0,2,1,1,1,55,8,12777,2,6,4,1,4
2018301800001,1,9,0,12,0,1,0,0,0,0,1,1,6,2,58,9,1598,1,10,8,1,8
2018301800001,2,9,0,4,0,1,0,0,0,0,2,1,6,2,27,6,2143,2,5,9,1,9
2018301800002,1,9,0,18,0,0,0,0,0,0,1,1,2,2,50,8,1597,1,14,3,1,3
2018301800016,1,9,0,5,0,6,0,0,3,11,1,1,6,2,50,8,1328,1,10,8,2,8
2018301800020,1,9,0,18,0,0,0,0,0,0,1,1,2,1,35,6,1995,2,6,6,1,6
2018301800020,2,9,0,3,0,0,0,0,0,0,2,1,1,1,31,6,1995,2,5,8,1,8
2018301800020,3,9,0,3,0,0,0,0,0,0,2,1,6,1,45,7,1596,1,8,10,2,10
2018301800021,1,9,0,9,0,6,0,0,0,0,1,1,6,3,-1,-1,1951,2,15,-1,-1,-1
2018301800021,2,1,0,18,0,8,0,0,0,0,1,1,6,1,36,7,-1,-1,-1,8,3,8
2018301800022,1,19,0,5,0,1,0,0,0,0,3,1,1,1,30,6,2497,2,2,8,1,8
2018301800022,2,1,0,18,0,1,0,0,0,0,1,1,6,1,11,3,-1,-1,-1,1,1,1
2018301800023,1,3,0,4,0,1,1,0,0,0,1,1,6,1,34,6,124,1,5,1,1,1
2018301800023,2,9,0,3,0,1,0,0,0,0,2,1,6,2,-1,-1,1240,1,12,8,1,8
2018301800024,1,9,0,13,0,0,0,0,0,0,1,1,6,2,34,6,1830,1,23,4,1,4
2018301800024,2,9,0,18,0,0,0,0,0,0,1,1,6,1,46,8,1198,1,14,1,1,1
2018301800025,1,9,0,18,0,0,1,0,1,10,1,1,6,1,21,5,1796,1,16,3,1,3
2018301800026,1,9,0,18,9,0,0,0,1,11,4,1,6,1,24,5,1995,2,10,1,1,1
2018301800026,2,9,0,18,0,0,0,0,0,0,1,1,6,1,25,5,1364,1,11,4,1,4
2018301800028,1,9,0,18,0,0,0,0,0,0,1,1,6,2,62,9,1497,8,1,10,1,10
2018301800028,2,9,0,18,0,0,0,0,0,0,3,1,6,1,34,6,1496,2,2,8,1,8
2018301800028,3,9,0,18,0,0,0,0,0,0,1,1,6,3,56,9,1799,1,11,10,1,10
2018301800030,1,9,0,9,0,2,0,0,0,0,1,1,2,2,31,6,1968,2,10,9,2,9
2018301800032,1,9,0,9,0,5,0,0,0,0,1,1,6,2,20,4,1242,1,13,1,1,1
2018301800032,2,8,0,18,0,8,0,0,0,0,1,1,6,1,44,7,1896,2,14,1,1,1
2018301800033,1,9,0,7,0,5,0,0,0,0,0,1,6,3,-1,-1,2993,2,3,-1,-1,-1
2018301800033,2,1,0,18,0,1,0,0,0,0,0,1,6,1,32,6,-1,-1,-1,2,1,2
2018301800034,1,9,0,1,0,6,1,0,0,0,1,1,6,1,23,5,1995,2,12,2,1,2
2018301800035,1,9,0,16,0,0,0,0,0,0,1,1,6,3,-1,-1,-1,-1,-1,-1,-1,-1
2018301800035,2,1,0,16,0,0,0,0,1,0,2,1,6,1,31,6,-1,-1,-1,7,-1,7
2018301800036,1,9,0,15,0,0,0,0,0,0,4,1,6,1,77,11,1998,1,14,7,1,7
2018301800036,2,90,0,2,0,0,0,0,0,0,0,1,1,3,-1,-1,-1,-1,-1,-1,-1,-1
2018301800037,1,2,0,18,0,1,0,0,0,0,1,1,6,1,19,4,108,1,1,8,1,8
2018301800037,2,9,0,9,0,6,0,0,0,0,0,1,6,3,-1,-1,-1,-1,-1,-1,-1,-1
2018301800038,1,19,0,13,0,1,0,0,0,0,1,1,6,1,60,9,-1,-1,-1,2,1,2
2018301800038,2,9,0,9,0,8,0,0,0,0,3,1,6,2,18,4,1198,1,4,4,1,4
2018301800039,1,9,0,1,0,2,0,0,0,0,2,1,6,3,-1,-1,-1,-1,-1,-1,-1,-1
2018301800040,1,9,0,9,0,8,0,0,0,0,1,1,6,1,42,7,-1,-1,-1,4,1,4
2018301800040,2,9,0,18,0,8,0,0,0,0,1,1,6,2,46,8,-1,-1,-1,9,1,9
2018301800041,1,9,0,4,0,1,1,0,0,0,1,1,2,2,53,8,1799,1,11,8,1,8
2018301800041,2,9,0,18,0,1,0,0,0,0,1,1,3,2,27,6,998,1,9,7,1,7
2018301800042,1,11,0,18,0,8,0,0,0,0,1,1,1,1,37,7,7300,2,9,5,1,5
2018301800042,2,9,0,9,0,5,0,0,7,0,1,1,6,2,55,8,2231,2,8,7,3,7
2018301800042,3,9,0,18,0,1,0,0,0,0,1,1,2,2,24,5,1198,1,10,4,3,4
2018301800043,1,9,0,4,0,0,0,0,1,7,2,1,6,1,18,4,1999,2,1,9,2,9
2018301800043,2,9,0,18,0,0,0,0,0,0,1,1,6,1,21,5,2967,2,10,2,1,2
2018301800044,1,5,0,18,0,8,0,0,0,0,1,1,6,1,48,8,1084,1,25,4,1,4
2018301800044,2,9,0,18,0,6,0,0,0,0,1,1,6,2,71,10,1968,2,11,8,2,8
2018301800045,1,9,0,13,0,0,0,0,0,0,4,1,6,1,41,7,1598,1,16,9,1,9
2018301800045,2,1,0,18,0,0,0,0,0,0,3,1,6,1,-1,-1,-1,-1,-1,7,1,7
2018301800046,1,9,0,18,0,6,1,0,3,11,1,1,6,1,27,6,2000,2,12,6,-1,6
2018301800047,1,9,0,4,0,0,0,0,0,0,2,1,6,1,46,8,1910,2,7,4,1,4
2018301800047,2,9,0,18,0,0,0,0,0,0,1,1,6,2,38,7,1969,2,3,2,1,2
2018301800048,1,9,0,18,0,2,0,0,0,0,1,1,6,2,25,5,1598,1,4,5,1,5
2018301800048,2,11,0,2,0,1,0,0,0,0,0,1,1,3,-1,-1,-1,-1,-1,-1,-1,-1
2018301800049,1,9,0,18,0,0,0,0,0,0,1,1,6,1,23,5,1149,1,16,9,1,9
2018301800049,2,9,0,2,0,0,0,0,0,0,2,1,6,3,-1,-1,999,1,6,-1,-1,-1
2018301800049,3,9,0,2,0,0,0,0,0,0,2,1,6,3,-1,-1,1968,2,1,-1,-1,-1
2018301800050,1,9,0,18,6,0,1,10,2,7,4,1,2,1,32,6,1796,1,16,3,1,3
2018301800050,2,21,0,2,6,0,0,0,0,0,3,1,1,1,33,6,-1,-1,-1,2,1,2
2018301800050,3,20,0,2,6,0,0,0,0,0,2,1,1,1,46,8,10837,2,2,7,1,7
2018301800050,4,9,0,18,0,0,5,0,0,0,1,1,6,1,43,7,1997,2,2,8,2,8
2018301800052,1,19,0,6,0,0,0,0,0,0,3,1,2,1,45,7,1560,2,2,1,1,1
2018301800052,2,1,0,14,0,0,0,0,0,0,1,1,6,1,29,6,-1,-1,-1,6,1,6
2018301800054,1,1,0,18,0,3,0,11,0,0,1,1,2,1,50,8,-1,-1,-1,4,1,4
2018301800055,1,9,0,9,0,6,0,0,0,0,1,1,6,2,89,11,1339,1,6,4,1,4
2018301800055,2,9,0,18,0,8,0,0,0,0,1,1,6,1,62,9,1198,1,13,3,2,3
2018301800056,1,9,0,18,0,0,0,0,0,0,1,1,2,1,27,6,1461,2,2,4,1,4
2018301800056,2,9,0,18,0,0,0,0,0,0,2,1,2,2,36,7,1596,1,15,1,1,1
2018301800057,1,9,0,17,0,0,1,0,1,10,1,1,2,1,55,8,1686,2,13,3,1,3
2018301800058,1,3,0,17,0,8,0,0,0,0,4,1,2,1,28,6,85,1,20,6,1,6
2018301800058,2,9,0,18,0,4,0,0,0,0,3,1,2,1,42,7,1956,2,3,7,3,7
2018301800059,1,9,0,9,0,4,0,0,0,0,3,1,2,1,61,9,1798,8,2,10,1,10
2018301800059,2,3,0,18,0,8,0,0,0,0,1,1,6,1,19,4,125,1,4,3,1,3
2018301800060,1,9,0,18,0,2,0,0,0,0,4,1,2,2,47,8,1560,2,3,2,1,2
2018301800061,1,9,0,18,0,7,0,0,0,0,2,1,1,1,37,7,1997,2,8,2,1,2
2018301800061,2,9,0,18,0,7,0,0,0,0,1,1,6,2,51,8,1598,1,18,1,1,1
2018301800061,3,9,0,18,0,7,0,0,0,0,1,1,2,1,18,4,1896,2,17,10,1,10