Accident_Index,Vehicle_Reference,Vehicle_Type,Towing_and_Articulation,Vehicle_Manoeuvre,Vehicle_Location-Restricted_Lane,Junction_Location,Skidding_and_Overturning,Hit_Object_in_Carriageway,Vehicle_Leaving_Carriageway,Hit_Object_off_Carriageway,1st_Point_of_Impact,Was_Vehicle_Left_Hand_Drive?,Journey_Purpose_of_Driver,Sex_of_Driver,Age_of_Driver,Age_Band_of_Driver,Engine_Capacity_(CC),Propulsion_Code,Age_of_Vehicle,Driver_IMD_Decile,Driver_Home_Area_Type,Vehicle_IMD_Decile
2018301800063,1,9,0,4,0,1,0,0,0,0,2,1,6,1,30,6,1499,2,1,6,1,6
2018301800063,2,9,0,18,0,1,0,0,0,0,1,1,6,2,28,6,1968,2,6,10,2,10
2018301800066,1,9,0,18,0,0,0,0,0,0,3,1,1,1,47,8,1956,2,2,2,2,2
2018301800067,1,9,0,4,0,0,5,0,2,11,1,1,1,1,62,9,1998,8,1,7,2,7
2018301800067,2,19,0,4,0,0,0,0,0,0,3,1,1,1,54,8,2287,2,1,3,1,3
2018301800068,1,9,0,18,0,0,0,0,0,0,2,1,6,2,58,9,2987,2,9,6,1,6
2018301800068,2,1,0,4,0,0,0,0,0,0,1,1,6,1,12,3,-1,-1,-1,5,1,5
2018301800069,1,19,0,9,0,5,0,0,0,0,1,1,1,1,60,9,2198,2,6,8,1,8
2018301800069,2,9,0,17,0,8,0,0,0,0,1,1,6,2,54,8,998,1,2,3,1,3
2018301800070,1,9,0,18,0,0,0,0,0,0,1,2,6,2,51,8,898,1,2,9,1,9
2018301800070,2,9,0,18,0,0,0,0,0,0,2,2,6,1,33,6,1596,1,13,1,1,1
2018301800071,1,9,0,18,0,4,0,0,0,0,3,1,6,1,32,6,1796,1,7,7,1,7
2018301800071,2,1,0,17,0,8,0,0,0,0,3,1,1,1,38,7,-1,-1,-1,9,1,9
2018301800072,1,9,0,9,0,8,0,0,0,0,1,1,1,2,37,7,1968,2,1,1,1,1
2018301800072,2,1,0,18,0,8,0,0,0,0,1,1,6,1,36,7,-1,-1,-1,3,1,3
2018301800073,1,3,0,18,0,0,0,0,0,0,1,1,2,1,24,5,125,1,4,5,1,5
2018301800073,2,9,0,18,0,0,0,0,0,0,1,1,2,1,47,8,1968,2,7,3,2,3
2018301800073,3,9,0,18,0,0,0,0,0,0,1,1,2,2,50,8,1364,1,10,6,1,6
2018301800074,1,9,0,18,0,0,0,0,7,11,1,1,6,1,67,10,1598,2,3,3,1,3
2018301800075,1,9,0,18,0,0,0,0,0,0,1,1,6,3,-1,-1,-1,-1,-1,-1,-1,-1
2018301800076,1,9,0,9,0,6,0,0,0,0,1,1,6,3,-1,-1,-1,-1,-1,-1,-1,-1
2018301800077,1,9,0,2,0,0,0,0,0,0,4,1,6,2,41,7,1461,2,4,2,1,2
2018301800077,2,19,0,14,0,0,0,0,0,0,4,1,6,3,-1,-1,-1,-1,-1,-1,-1,-1
2018301800078,1,9,0,16,0,5,0,0,0,0,1,1,6,2,50,8,1582,2,7,4,2,4
2018301800078,2,1,0,18,0,8,0,0,0,0,2,1,6,1,42,7,-1,-1,-1,9,2,9
2018301800079,1,9,0,9,0,8,0,0,0,0,1,1,6,2,-1,-1,1388,1,14,3,1,3
2018301800079,2,4,0,18,0,1,0,0,0,0,1,1,6,1,21,5,373,1,3,9,1,9
2018301800081,1,9,0,9,0,5,0,0,0,0,1,1,2,1,41,7,1248,1,4,4,1,4
2018301800082,1,9,0,10,0,8,0,0,1,11,2,1,6,2,51,8,1399,2,7,5,3,5
2018301800082,2,21,1,18,0,8,0,0,0,0,1,2,1,1,21,5,-1,-1,-1,-1,-1,-1
2018301800084,1,9,0,18,0,1,0,0,0,0,1,1,6,2,41,7,1986,2,13,4,1,4
2018301800084,2,9,0,3,0,1,0,0,0,0,2,1,6,2,41,7,1986,2,13,4,1,4
2018301800085,1,9,0,17,0,2,1,10,2,2,4,1,6,1,25,5,1991,1,2,2,1,2
2018301800086,1,9,0,7,0,6,0,0,0,0,1,1,6,2,29,6,1364,2,12,1,1,1
2018301800087,1,9,0,17,0,0,2,10,0,0,1,1,6,2,50,8,-1,-1,-1,10,1,10
2018301800088,1,9,0,9,0,4,0,0,0,0,3,1,2,1,25,5,1900,2,14,1,1,1
2018301800088,2,1,0,18,0,8,0,0,0,0,1,1,6,1,47,8,-1,-1,-1,7,3,7
2018301800089,1,9,0,17,0,0,1,0,7,4,1,1,6,1,21,5,1991,1,20,4,2,4
2018301800092,1,9,0,18,0,1,0,0,0,0,1,1,6,3,-1,-1,1968,2,7,-1,-1,-1
2018301800092,2,9,0,3,0,1,0,0,0,0,2,1,6,2,44,7,2143,2,4,7,1,7
2018301800093,1,9,0,18,0,4,0,0,0,0,1,1,2,1,39,7,1388,1,14,3,1,3
2018301800093,2,1,0,18,0,6,0,0,0,0,3,1,6,1,-1,-1,-1,-1,-1,5,1,5
2018301800094,1,9,0,18,0,8,0,0,0,0,4,1,2,1,23,5,1390,1,7,7,1,7
2018301800094,2,9,0,7,0,6,0,0,0,0,1,1,6,1,23,5,1390,1,7,7,1,7
2018301800096,1,9,0,18,0,1,1,0,0,0,1,1,6,1,41,7,2179,2,10,5,1,5
2018301800096,2,9,0,3,0,1,0,0,0,0,2,1,6,1,33,6,1461,2,4,5,1,5
2018301800097,1,3,0,16,0,0,1,0,0,0,1,1,2,1,54,8,124,1,7,4,1,4
2018301800097,2,19,0,17,0,0,0,0,0,0,1,1,6,1,54,8,1753,2,7,8,2,8
2018301800098,1,19,0,18,0,2,0,0,0,0,1,1,1,1,51,8,1399,2,10,7,1,7
2018301800099,1,9,0,9,0,5,0,0,0,0,1,1,2,2,63,9,1198,1,3,2,1,2
2018301800099,2,1,0,18,0,8,0,0,0,0,1,1,6,1,31,6,-1,-1,-1,4,1,4
2018301800100,1,9,0,18,0,0,0,0,0,0,1,1,6,2,23,5,875,1,4,4,1,4
2018301800100,2,9,0,18,0,0,0,0,0,0,3,1,6,2,53,8,1390,1,13,5,1,5
2018301800101,1,9,0,9,0,6,0,0,0,0,1,1,6,1,30,6,1461,2,4,9,-1,9
2018301800101,2,9,0,18,0,8,0,0,0,0,3,1,6,1,50,8,1560,2,14,1,1,1
2018301800101,3,9,0,18,0,1,0,0,0,0,1,1,6,2,50,8,1198,1,8,8,3,8
2018301800102,1,9,0,17,0,0,1,0,6,0,2,1,6,1,19,4,1149,1,11,7,1,7
2018301800103,1,9,0,15,0,0,0,10,0,0,3,1,6,1,18,4,1124,1,15,2,1,2
2018301800103,2,9,0,16,0,0,1,0,1,2,4,1,6,1,19,4,1390,1,12,3,1,3
2018301800104,1,9,0,9,0,6,0,0,3,0,3,1,6,1,23,5,1242,1,10,5,1,5
2018301800104,2,9,0,18,0,8,0,0,0,0,1,1,6,1,49,8,2231,2,11,5,1,5
2018301800105,1,9,0,16,0,0,5,0,1,9,1,1,6,1,26,6,1995,2,14,6,3,6
2018301800108,1,9,0,9,0,3,1,10,3,2,4,1,6,2,29,6,1198,1,14,9,2,9
2018301800109,1,5,0,13,0,0,1,0,1,0,1,1,6,1,62,9,1157,1,12,7,1,7
2018301800109,2,9,0,18,0,0,0,0,0,0,1,1,6,1,71,10,1395,1,-1,10,1,10
2018301800109,3,9,0,18,0,0,0,0,0,0,0,1,6,3,-1,-1,-1,-1,-1,-1,-1,-1
2018301800110,1,9,0,9,0,6,0,0,0,0,1,1,6,1,-1,-1,1390,1,17,5,1,5
2018301800110,2,3,0,14,0,8,0,0,0,0,1,1,6,1,18,4,125,1,-1,8,1,8
2018301800110,3,9,0,3,0,1,0,0,0,0,0,1,6,3,-1,-1,-1,-1,-1,-1,-1,-1
2018301800111,1,9,0,9,0,5,0,0,0,0,4,1,6,1,37,7,1596,1,16,6,1,6
2018301800111,2,5,0,15,0,8,0,0,0,0,3,1,2,1,45,7,600,1,14,3,1,3
2018301800112,1,21,0,2,6,0,0,0,0,0,2,1,2,1,-1,-1,12900,2,6,7,1,7
2018301800112,2,9,0,4,7,0,0,0,1,0,1,1,6,1,78,11,1969,2,2,4,1,4
2018301800113,1,9,0,18,0,0,0,0,1,1,1,1,6,2,24,5,999,1,1,4,1,4
2018301800114,1,9,0,14,0,0,0,0,0,0,4,1,2,1,18,4,1490,1,11,4,1,4
2018301800114,2,9,0,2,0,0,0,0,0,0,2,1,6,1,29,6,1399,2,9,4,1,4
2018301800114,3,9,0,18,0,0,0,10,1,0,3,1,1,1,27,6,1998,1,15,6,1,6
2018301800115,1,9,0,18,0,0,5,0,1,11,1,1,6,2,54,8,1997,1,15,9,1,9
2018301800116,1,9,0,18,0,8,0,0,0,0,0,1,6,3,-1,-1,-1,-1,-1,-1,-1,-1
2018301800116,2,9,0,13,0,8,1,10,7,1,4,1,6,3,-1,-1,-1,-1,-1,-1,-1,-1
2018301800116,3,8,0,17,0,8,0,0,0,0,3,1,1,1,31,6,1986,2,9,9,1,9
2018301800117,1,10,0,3,0,1,0,0,0,0,2,1,6,1,66,10,-1,-1,-1,4,1,4
2018301800117,2,90,0,5,0,1,0,0,0,0,1,1,6,1,-1,-1,1461,2,2,4,1,4
2018301800119,1,9,0,5,0,1,0,0,0,0,4,1,6,3,-1,-1,-1,-1,-1,-1,-1,-1
2018301800123,1,11,0,4,0,0,0,0,0,0,0,1,1,2,50,8,6871,2,10,5,1,5
2018301800124,1,1,0,18,0,0,0,0,0,0,1,1,6,3,-1,-1,-1,-1,-1,-1,-1,-1
2018301800126,1,9,0,7,0,0,0,0,1,4,1,1,6,2,24,5,1200,1,1,6,-1,6
2018301800128,1,9,0,17,0,0,1,0,7,1,1,1,6,2,29,6,1124,1,17,3,3,3
2018301800133,1,19,0,18,0,8,0,0,0,0,1,1,6,1,41,7,2198,2,6,1,1,1
2018301800133,2,9,0,9,0,6,0,0,0,0,4,1,6,2,26,6,1390,1,8,1,1,1
2018301800134,1,9,0,18,0,8,0,0,0,0,1,1,6,1,86,11,995,1,11,6,1,6
2018301800134,2,9,0,10,1,6,0,0,0,0,3,1,6,1,48,8,2993,2,12,1,1,1
2018301800136,1,9,0,1,0,0,0,0,0,0,2,1,6,3,-1,-1,-1,-1,-1,-1,-1,-1
2018301800136,2,5,0,3,0,0,0,0,0,0,1,1,6,1,54,8,1050,1,11,2,1,2
2018301800137,1,9,0,18,0,8,0,0,0,0,4,1,6,2,30,6,1997,1,15,1,1,1
2018301800137,2,21,1,18,0,8,0,0,0,0,1,2,1,1,47,8,-1,-1,-1,-1,-1,-1
2018301800138,1,9,0,18,0,0,0,0,0,0,1,1,6,1,19,4,1598,1,4,2,2,2
2018301800138,2,9,0,3,0,0,0,0,0,0,2,1,6,1,22,5,1896,2,13,3,1,3
2018301800139,1,9,0,3,0,1,0,0,0,0,2,1,6,2,19,4,1229,1,12,3,1,3
2018301800139,2,9,0,18,0,1,0,0,0,0,1,1,6,3,-1,-1,-1,-1,-1,-1,-1,-1
2018301800140,1,9,0,18,0,1,0,0,0,0,1,1,6,2,35,6,1390,1,17,5,1,5
2018301800140,2,1,0,18,0,6,0,0,0,0,3,1,4,1,13,3,-1,-1,-1,4,1,4
2018301800141,1,8,0,9,0,8,0,0,0,0,1,1,6,3,-1,-1,-1,-1,-1,-1,-1,-1
2018301800141,2,9,0,18,0,8,0,0,0,0,3,1,6,2,31,6,1995,2,1,3,1,3
2018301800142,1,9,0,6,0,8,0,0,0,0,0,1,6,1,58,9,1968,2,1,1,1,1
2018301800143,1,9,0,18,0,0,0,0,0,0,1,1,6,3,-1,-1,-1,-1,-1,-1,-1,-1
2018301800144,1,9,0,5,0,4,0,0,1,7,3,1,6,1,27,6,1364,1,10,4,1,4
2018301800144,2,9,0,17,0,8,0,0,0,0,1,1,6,1,40,7,1968,2,4,-1,-1,-1
2018301800145,1,9,0,18,0,1,0,4,0,0,1,1,6,2,75,10,1560,2,2,10,2,10
2018301800145,2,19,0,2,0,1,0,0,1,11,1,1,6,3,-1,-1,1870,2,13,-1,-1,-1
2018301800148,1,9,0,18,0,1,0,0,0,0,1,1,6,2,56,9,1461,2,1,8,1,8
2018301800148,2,9,0,3,0,1,0,0,0,0,2,1,6,2,19,4,1242,1,7,10,2,10
2018301800149,1,9,0,6,0,2,0,0,0,0,3,1,6,2,30,6,1360,1,12,6,1,6
2018301800149,2,9,0,18,0,8,0,0,0,0,1,1,6,1,56,9,1493,2,12,7,1,7
2018301800152,1,9,0,5,0,6,0,0,0,0,3,1,6,3,-1,-1,1339,1,11,-1,-1,-1
2018301800152,2,9,0,18,0,1,0,0,0,0,3,1,6,1,58,9,1998,2,9,4,1,4
2018301800153,1,9,0,9,0,6,0,0,0,0,1,1,6,1,-1,-1,1999,2,1,8,2,8
2018301800153,2,4,0,18,0,1,0,0,0,0,4,1,6,1,51,8,865,1,6,9,1,9
2018301800154,1,9,0,9,0,6,0,0,0,0,1,1,6,1,-1,-1,3498,8,2,9,1,9
2018301800154,2,1,0,18,0,8,0,0,0,0,1,1,6,1,54,8,-1,-1,-1,8,1,8
2018301800155,1,9,0,13,0,0,1,0,1,9,1,1,2,1,32,6,4398,1,14,2,1,2
2018301800155,2,9,0,18,0,0,1,0,0,0,1,1,2,1,45,7,2198,1,13,1,1,1
2018301800155,3,3,0,18,0,0,1,0,1,9,1,1,2,1,17,4,125,1,3,4,1,4
2018301800155,4,9,0,18,0,0,1,0,0,0,1,1,2,1,61,9,2143,2,2,10,2,10
2018301800156,1,19,0,14,0,0,0,0,0,0,4,1,6,1,-1,-1,-1,-1,-1,7,1,7
2018301800156,2,11,0,2,0,0,0,0,0,0,0,1,1,3,-1,-1,-1,-1,-1,-1,-1,-1
2018301800157,1,21,0,18,0,0,0,0,0,0,3,1,1,3,61,9,12900,2,10,-1,-1,-1
2018301800157,2,21,0,11,7,0,0,0,0,0,4,1,1,1,22,5,9290,2,6,4,1,4
2018301800158,1,9,0,13,0,0,0,0,0,0,0,1,6,3,-1,-1,1587,1,19,-1,-1,-1
2018301800158,2,1,0,18,0,0,0,10,0,0,4,1,6,2,28,6,-1,-1,-1,1,1,1
2018301800160,1,9,0,3,0,1,0,0,0,0,2,1,6,2,74,10,1368,1,-1,8,1,8
2018301800160,2,9,0,3,0,1,0,0,0,0,2,1,6,1,24,5,1560,2,5,4,1,4
2018301800160,3,9,0,4,0,1,0,0,0,0,1,1,6,2,57,9,1910,2,10,2,1,2
2018301800162,1,9,0,18,0,0,2,0,2,3,4,1,2,1,18,4,1527,2,24,9,2,9
2018301800164,1,9,0,18,0,8,0,0,0,0,1,1,6,2,56,9,998,1,8,7,3,7
2018301800164,2,9,0,18,0,8,0,0,0,0,0,1,6,1,60,9,1560,2,2,-1,-1,-1
2018301800166,1,9,0,18,0,0,0,0,0,0,1,1,6,1,53,8,1598,2,2,8,2,8
2018301800166,2,9,0,18,0,0,0,0,0,0,1,1,6,1,73,10,1299,1,18,3,1,3
2018301800166,3,9,0,18,0,0,0,0,0,0,1,1,6,1,33,6,2198,2,13,9,2,9
2018301800167,1,9,0,17,0,0,0,0,0,0,1,1,6,1,24,5,1595,1,12,6,1,6
2018301800167,2,9,0,16,0,0,0,0,0,0,1,1,6,1,31,6,3936,2,15,6,1,6
2018301800168,1,9,0,16,0,0,0,0,0,0,1,1,6,1,44,7,1997,2,8,2,3,2
2018301800168,2,9,0,17,0,0,0,0,0,0,1,1,6,2,52,8,1995,1,15,4,1,4
2018301800169,1,9,0,14,0,0,0,0,0,0,3,1,6,1,34,6,-1,-1,-1,1,1,1
2018301800169,2,9,0,18,0,0,0,0,0,0,1,1,6,1,19,4,1595,1,10,6,1,6
2018301800169,3,8,0,2,0,0,0,0,0,0,0,1,6,3,-1,-1,-1,-1,-1,-1,-1,-1
2018301800170,1,9,0,18,0,0,0,4,0,0,1,1,6,2,-1,-1,1242,1,6,7,3,7
2018301800170,2,9,0,2,0,0,0,0,0,0,3,1,6,2,53,8,1995,2,3,8,2,8
2018301800170,3,9,0,2,0,0,0,0,0,0,2,1,6,2,75,10,1968,2,4,10,3,10
2018301800171,1,9,0,18,0,1,0,0,0,0,1,1,6,1,24,5,1896,1,19,2,1,2
2018301800171,2,1,0,18,0,1,0,0,0,0,4,1,6,1,12,3,-1,-1,-1,7,1,7
2018301800172,1,8,0,6,0,0,0,0,0,0,1,1,6,1,43,7,1968,2,7,5,1,5
2018301800172,2,2,0,18,0,0,1,0,0,0,1,1,6,1,16,4,49,1,8,4,3,4
2018301800173,1,3,0,14,0,8,1,0,0,0,1,1,6,1,20,4,125,1,9,1,1,1
2018301800173,2,9,0,9,0,2,0,0,0,0,1,1,6,2,53,8,2268,2,-1,6,1,6
2018301800173,3,9,0,3,0,1,0,0,0,0,0,1,6,3,-1,-1,-1,-1,-1,-1,-1,-1
2018301800174,1,9,0,16,0,0,0,0,7,10,1,1,6,1,38,7,1242,1,11,9,1,9
2018301800175,1,9,0,18,0,1,0,0,0,0,1,1,2,1,23,5,1956,2,7,7,1,7
2018301800175,2,11,0,2,0,1,0,0,0,0,0,1,1,3,-1,-1,-1,-1,-1,-1,-1,-1
2018301800176,1,9,0,14,0,0,0,0,0,0,1,1,6,1,51,8,1598,2,3,5,1,5
2018301800176,2,11,0,2,0,0,0,0,0,0,0,1,6,3,-1,-1,-1,-1,-1,-1,-1,-1
2018301800177,1,9,0,17,0,0,0,0,0,0,2,1,6,2,54,8,1199,1,14,7,1,7
2018301800177,2,19,0,17,0,0,0,0,0,0,1,1,1,1,32,6,1753,2,12,9,1,9
2018301800177,3,9,0,17,0,0,0,0,0,0,2,1,1,1,42,7,1956,2,6,7,2,7
2018301800178,1,9,0,9,0,6,0,0,0,0,1,1,6,1,45,7,1999,1,4,2,1,2
2018301800178,2,9,0,18,0,8,0,0,0,0,4,1,6,1,69,10,1999,2,2,9,1,9
2018301800178,3,9,0,2,0,2,0,0,0,0,0,1,6,3,-1,-1,-1,-1,-1,-1,-1,-1
2018301800180,1,5,0,4,0,8,0,0,0,0,2,1,6,1,75,10,1352,1,8,8,1,8
2018301800180,2,5,0,18,0,1,0,0,0,0,1,1,6,1,65,9,670,1,6,10,1,10
2018301800181,1,9,0,17,0,2,1,0,1,11,3,1,2,1,18,4,1896,2,14,9,3,9
2018301800182,1,9,0,5,0,1,0,0,0,0,2,1,6,2,36,7,1560,2,7,-1,-1,-1
2018301800182,2,9,0,4,0,1,0,0,0,0,1,1,1,1,41,7,1998,8,1,9,2,9
2018301800183,1,3,0,14,0,0,0,0,0,0,1,1,2,1,21,5,125,1,3,10,2,10
2018301800183,2,9,0,5,6,0,0,0,0,0,3,1,2,1,48,8,1995,2,4,7,1,7
2018301800184,1,9,0,18,0,8,0,0,0,0,1,1,1,1,57,9,1124,1,16,1,1,1
2018301800184,2,19,0,18,0,1,0,0,0,0,1,1,1,1,39,7,2198,2,10,9,1,9
2018301800185,1,9,0,18,0,1,0,0,0,0,1,1,6,1,42,7,1998,1,13,6,1,6
2018301800185,2,9,0,9,0,8,0,0,0,0,1,1,6,2,-1,-1,1461,2,5,7,1,7
2018301800186,1,19,0,9,0,6,0,0,0,0,1,1,6,1,34,6,1996,2,8,2,1,2
2018301800186,2,9,0,18,0,8,0,0,0,0,4,1,6,2,40,7,2993,2,6,7,3,7
2018301800188,1,9,0,9,0,8,0,0,0,0,3,1,2,2,28,6,1598,2,6,8,1,8
2018301800188,2,9,0,18,0,1,0,0,0,0,1,1,2,1,24,5,1968,2,3,1,1,1
2018301800189,1,9,0,5,0,8,0,0,0,0,3,1,2,1,50,8,1560,2,6,1,1,1
2018301800189,2,19,0,18,0,8,0,0,0,0,1,1,6,3,-1,-1,2148,2,10,-1,-1,-1
2018301800190,1,9,0,18,0,1,1,10,0,0,1,1,6,2,21,5,1368,1,5,3,1,3
2018301800191,1,9,0,18,0,8,0,0,0,0,4,1,6,1,57,9,2191,2,2,6,1,6
2018301800191,2,9,0,9,0,6,0,0,0,0,1,1,6,2,24,5,1397,1,11,4,1,4
2018301800191,3,9,0,18,0,1,0,0,0,0,1,1,6,2,39,7,2143,2,2,4,1,4
2018301800192,1,9,0,9,0,4,0,0,0,0,3,1,6,2,54,8,998,1,6,2,1,2
2018301800192,2,1,0,17,0,3,0,0,0,0,4,1,1,1,56,9,-1,-1,-1,2,1,2
2018301800193,1,9,0,2,0,0,0,0,0,0,2,1,6,1,89,11,1198,1,10,10,2,10
2018301800193,2,19,0,18,0,0,0,0,0,0,3,1,6,1,25,5,2148,2,10,2,1,2
2018301800193,3,9,0,18,0,0,0,0,0,0,4,1,6,2,20,4,1461,2,2,9,2,9
2018301800194,1,9,0,1,9,6,0,0,0,0,2,1,6,1,44,7,1242,1,4,2,1,2
2018301800195,1,9,0,17,0,2,1,0,1,11,1,1,6,1,18,4,1499,1,1,8,2,8
2018301800197,1,9,0,14,0,0,0,0,0,0,1,1,2,1,-1,-1,1968,2,4,10,1,10
2018301800197,2,9,0,2,0,0,0,0,0,0,0,1,6,3,-1,-1,-1,-1,-1,-1,-1,-1
2018301800198,1,9,0,5,0,6,0,0,7,0,0,1,6,2,58,9,1598,2,2,8,1,8
2018301800198,2,9,0,18,0,8,0,0,0,0,3,1,6,2,23,5,1968,2,13,6,1,6
2018301800199,1,9,0,7,4,6,0,0,0,0,1,1,1,1,58,9,1997,8,2,8,3,8
2018301800200,1,9,0,9,0,6,0,0,0,0,1,1,6,1,78,11,1329,1,5,8,1,8
2018301800200,2,1,0,18,0,8,0,0,0,0,1,1,6,1,49,8,-1,-1,-1,1,1,1
2018301800202,1,9,0,5,0,4,0,0,0,0,1,1,6,1,36,7,1598,1,8,10,2,10
2018301800202,2,1,0,9,0,3,0,0,0,0,3,1,6,2,68,10,-1,-1,-1,6,2,6
2018301800203,1,9,0,18,0,0,0,0,0,0,1,1,6,2,50,8,1998,1,13,3,1,3
2018301800203,2,9,0,18,0,0,0,0,0,0,1,1,6,2,17,4,1587,1,13,2,2,2
2018301800204,1,9,0,16,0,3,0,0,0,0,1,1,6,2,21,5,1796,1,13,5,1,5
2018301800204,2,8,0,18,0,4,0,0,0,0,1,1,1,1,38,7,1896,2,14,1,1,1
2018301800205,1,3,0,18,0,8,0,0,0,0,1,1,6,1,26,6,125,1,6,1,1,1
2018301800205,2,9,0,9,0,8,0,0,0,0,1,1,6,1,34,6,1198,1,3,1,1,1
2018301800206,1,9,0,18,0,2,0,0,0,0,4,1,6,3,-1,-1,-1,-1,-1,-1,-1,-1
2018301800207,1,9,0,18,0,0,0,0,1,4,1,1,2,1,60,9,2401,2,11,9,1,9
2018301800209,1,9,0,18,0,3,2,10,1,9,4,1,6,1,79,11,1388,1,12,2,1,2
2018301800210,1,9,0,4,0,0,0,0,0,0,2,1,6,2,49,8,1968,2,8,9,1,9
2018301800210,2,9,0,18,0,0,0,0,0,0,1,1,6,1,32,6,1400,1,18,4,1,4
2018301800211,1,3,0,18,0,8,1,0,0,0,0,1,6,1,24,5,125,1,3,1,1,1
2018301800211,2,9,0,9,0,5,0,0,0,0,0,1,6,1,22,5,998,1,12,7,1,7
2018301800212,1,1,0,18,0,1,0,0,0,0,3,1,6,1,13,3,-1,-1,-1,3,1,3
2018301800212,2,21,0,7,0,1,0,0,0,0,1,1,1,1,27,6,12777,2,12,4,1,4
2018301800214,1,9,0,9,0,8,0,0,0,0,1,1,6,1,21,5,2995,1,1,1,1,1
2018301800214,2,9,0,3,0,8,0,0,0,0,1,1,6,1,31,6,998,1,17,1,1,1
2018301800215,1,9,0,18,0,0,0,0,0,0,3,1,6,2,47,8,1753,2,16,4,1,4
2018301800216,1,9,0,18,0,0,1,0,0,0,1,1,6,1,46,8,1398,1,8,4,1,4
2018301800217,1,9,0,18,0,1,0,0,0,0,4,1,6,2,-1,-1,1388,1,9,7,1,7
2018301800217,2,1,0,18,0,1,0,0,0,0,1,1,6,1,46,8,-1,-1,-1,4,1,4
2018301800219,1,9,0,9,0,5,0,0,0,0,3,1,6,1,25,5,2400,2,9,10,1,10
2018301800220,1,9,0,13,0,0,2,0,7,11,1,1,1,1,21,5,1229,1,5,2,1,2
2018301800220,2,9,0,17,0,0,0,0,0,0,0,1,6,3,-1,-1,-1,-1,-1,-1,-1,-1
2018301800221,1,9,0,18,0,0,0,0,0,0,1,1,6,2,40,7,1364,1,8,6,3,6
2018301800221,2,9,0,18,0,0,0,0,0,0,1,1,6,1,67,10,1598,1,11,8,3,8
2018301800222,1,9,0,16,0,0,0,0,1,4,1,1,6,1,29,6,1781,1,19,4,1,4
2018301800223,1,9,0,9,0,6,0,0,0,0,1,1,6,1,68,10,2720,2,9,4,1,4
2018301800223,2,9,0,18,0,8,0,0,0,0,1,1,6,2,-1,-1,1149,1,16,2,1,2
2018301800224,1,9,0,18,0,8,0,0,0,0,1,2,6,2,40,7,1799,1,11,2,2,2
2018301800224,2,9,0,9,0,1,0,0,0,0,1,1,6,1,34,6,1490,1,1,1,1,1
2018301800225,1,9,0,18,0,0,0,0,1,11,1,1,6,2,29,6,1364,1,11,10,3,10
2018301800225,2,9,0,18,0,0,0,0,0,0,0,1,6,3,-1,-1,-1,-1,-1,-1,-1,-1
2018301800226,1,9,0,16,0,0,0,0,0,0,1,1,2,1,-1,-1,1598,1,7,6,1,6
2018301800226,2,9,0,17,0,0,0,0,0,0,3,1,6,2,48,8,1499,2,3,-1,-1,-1
2018301800226,3,9,0,17,0,0,0,0,0,0,3,1,6,1,78,11,1198,1,4,4,1,4
2018301800226,4,9,0,17,0,0,0,0,0,0,1,1,6,2,59,9,1296,1,10,8,2,8
2018301800227,1,9,0,3,0,1,0,0,0,0,2,1,6,1,56,9,1596,1,11,9,1,9
2018301800227,2,9,0,4,0,1,0,0,0,0,1,1,6,1,40,7,1997,2,7,7,1,7
2018301800229,1,9,0,5,0,0,0,0,0,0,1,1,2,2,-1,-1,1753,2,11,5,1,5
2018301800229,2,9,0,3,0,0,0,0,0,0,2,1,2,1,40,7,1870,2,11,3,1,3
2018301800230,1,9,0,9,0,6,0,0,0,0,1,1,6,2,33,6,1332,1,21,1,1,1
2018301800230,2,9,0,18,0,1,1,10,1,11,4,1,6,2,50,8,1229,1,13,7,1,7
2018301800231,1,2,0,4,0,0,1,0,0,0,1,1,4,1,16,4,49,1,3,9,2,9
2018301800231,2,9,0,4,0,0,0,0,0,0,2,1,2,1,67,10,1398,1,7,8,1,8
2018301800233,1,9,0,18,0,0,0,0,4,6,1,1,2,1,25,5,1799,1,9,9,1,9
2018301800233,2,19,0,18,0,0,0,0,0,0,2,1,1,1,49,8,1686,2,6,9,1,9
2018301800233,3,9,0,18,0,0,0,0,0,0,1,1,1,1,47,8,-1,-1,-1,4,1,4
2018301800233,4,9,0,18,0,0,0,0,0,0,1,1,2,2,51,8,1242,1,2,10,2,10
2018301800236,1,9,0,16,0,1,1,0,0,0,1,1,6,1,73,10,1968,2,4,8,3,8
2018301800236,2,9,0,17,0,1,0,0,0,0,3,1,6,2,61,9,1781,1,15,7,2,7
2018301800237,1,9,0,18,0,0,0,0,0,0,1,1,6,3,-1,-1,-1,-1,-1,-1,-1,-1
2018301800237,2,9,0,3,0,0,0,0,0,0,2,1,6,1,34,6,1395,8,-1,8,2,8
2018301800238,1,9,0,2,0,0,0,0,0,0,2,1,6,1,67,10,1242,1,19,9,2,9
2018301800238,2,9,0,18,0,0,0,0,0,0,1,1,6,1,41,7,1997,2,9,5,2,5
2018301800239,1,9,0,18,0,0,0,0,0,0,1,1,6,1,44,7,-1,-1,-1,1,1,1
2018301800239,2,9,0,18,0,0,0,0,0,0,2,1,6,1,19,4,1598,2,2,1,1,1