Accident_Index,Vehicle_Reference,Vehicle_Type,Towing_and_Articulation,Vehicle_Manoeuvre,Vehicle_Location-Restricted_Lane,Junction_Location,Skidding_and_Overturning,Hit_Object_in_Carriageway,Vehicle_Leaving_Carriageway,Hit_Object_off_Carriageway,1st_Point_of_Impact,Was_Vehicle_Left_Hand_Drive?,Journey_Purpose_of_Driver,Sex_of_Driver,Age_of_Driver,Age_Band_of_Driver,Engine_Capacity_(CC),Propulsion_Code,Age_of_Vehicle,Driver_IMD_Decile,Driver_Home_Area_Type,Vehicle_IMD_Decile
2018301800240,1,9,0,5,0,1,0,0,0,0,1,1,6,1,29,6,1998,1,11,7,1,7
2018301800241,1,9,0,3,0,1,0,0,0,0,2,1,6,1,41,7,1598,2,4,-1,-1,-1
2018301800241,2,9,0,18,0,1,0,0,0,0,1,1,6,1,49,8,1560,2,5,10,2,10
2018301800242,1,9,0,18,0,1,2,0,7,10,1,1,2,1,33,6,-1,-1,-1,3,1,3
2018301800243,1,9,0,13,0,0,0,0,0,0,4,1,6,1,73,10,1242,1,3,8,1,8
2018301800243,2,1,0,18,0,0,0,0,0,0,3,1,6,1,53,8,-1,-1,-1,2,1,2
2018301800245,1,9,0,7,0,5,0,0,0,0,4,1,6,3,-1,-1,-1,-1,-1,-1,-1,-1
2018301800246,1,9,0,18,0,0,0,0,0,0,4,1,6,3,-1,-1,1598,1,12,-1,-1,-1
2018301800248,1,9,0,18,0,0,0,0,0,0,1,1,2,1,42,7,-1,-1,-1,-1,-1,-1
2018301800248,2,9,0,18,0,0,0,0,0,0,1,1,6,2,27,6,998,1,13,3,2,3
2018301800249,1,9,0,18,0,0,0,0,0,0,4,1,6,3,-1,-1,-1,-1,-1,-1,-1,-1
2018301800249,2,9,0,2,0,0,0,0,0,0,3,1,3,2,33,6,1461,2,3,7,3,7
2018301800250,1,1,0,5,0,8,0,0,0,0,1,1,2,2,57,9,-1,-1,-1,5,1,5
2018301800250,2,9,0,5,0,4,0,0,0,0,1,1,2,1,46,8,1560,2,4,10,1,10
2018301800251,1,9,0,18,0,0,0,4,0,0,1,1,6,3,-1,-1,1995,2,3,-1,-1,-1
2018301800251,2,9,0,2,0,0,0,0,0,0,2,1,6,1,54,8,1598,1,10,4,1,4
2018301800252,1,21,0,9,0,8,0,0,0,0,3,1,6,1,34,6,10837,2,3,-1,-1,-1
2018301800253,1,9,0,18,0,0,0,0,0,0,4,1,6,3,-1,-1,-1,-1,-1,-1,-1,-1
2018301800254,1,9,0,7,0,2,0,0,7,1,1,1,6,1,37,7,1997,1,13,8,1,8
2018301800255,1,9,0,18,0,0,0,0,0,0,1,1,6,3,-1,-1,-1,-1,-1,-1,-1,-1
2018301800256,1,9,0,18,0,6,0,0,0,0,1,1,6,2,62,9,1968,2,4,10,1,10
2018301800256,2,19,0,18,0,8,5,0,7,9,4,1,6,1,62,9,2488,2,5,7,3,7
2018301800257,1,9,0,18,0,2,0,10,1,10,4,1,6,2,66,10,1587,1,12,2,1,2
2018301800258,1,9,0,16,0,0,0,0,0,0,1,1,6,2,19,4,1242,1,8,8,1,8
2018301800258,2,9,0,17,0,0,0,0,0,0,1,1,6,1,46,8,999,1,3,9,1,9
2018301800259,1,9,0,18,0,8,0,0,0,0,4,1,6,2,44,7,1598,1,11,3,1,3
2018301800259,2,9,0,7,0,6,0,0,0,0,1,1,6,2,34,6,1995,2,13,9,1,9
2018301800259,3,9,0,3,0,1,0,0,0,0,0,1,6,3,-1,-1,-1,-1,-1,-1,-1,-1
2018301800260,1,3,0,18,0,0,0,4,0,0,1,1,6,1,18,4,124,1,2,1,1,1
2018301800260,2,9,0,2,0,0,0,0,0,0,2,1,6,2,32,6,998,1,15,7,3,7
2018301800261,1,9,0,18,0,0,0,0,0,0,1,1,6,1,25,5,1956,2,7,8,2,8
2018301800262,1,9,0,18,0,0,2,0,1,4,1,1,6,1,59,9,1999,2,2,1,1,1
2018301800263,1,9,0,7,0,2,0,0,0,0,1,1,6,1,58,9,2171,2,14,3,2,3
2018301800266,1,9,0,18,0,0,0,0,7,0,1,1,6,1,52,8,1596,1,14,8,2,8
2018301800267,1,9,0,4,0,0,1,4,0,0,1,1,6,1,20,4,1197,1,5,5,1,5
2018301800267,2,9,0,2,0,0,0,0,0,0,2,1,6,3,-1,-1,1598,1,9,-1,-1,-1
2018301800268,1,9,0,18,0,1,0,0,0,0,1,1,6,3,-1,-1,1595,2,8,-1,-1,-1
2018301800269,1,90,0,17,0,8,2,10,1,11,1,1,6,1,30,6,-1,-1,-1,3,-1,3
2018301800269,2,9,0,9,0,5,1,0,0,0,4,1,6,2,21,5,1197,1,4,3,1,3
2018301800270,1,9,0,6,0,8,0,0,0,0,1,1,6,2,37,7,1390,1,6,3,1,3
2018301800270,2,8,0,18,0,1,0,0,0,0,4,1,1,1,59,9,1968,2,9,1,1,1
2018301800271,1,19,0,2,0,1,0,0,0,0,3,1,6,3,-1,-1,2198,2,11,-1,-1,-1
2018301800271,2,9,0,2,0,1,0,0,0,0,3,1,6,3,-1,-1,1999,2,2,-1,-1,-1
2018301800271,3,9,0,2,0,1,0,0,0,0,2,1,6,3,-1,-1,1368,1,2,-1,-1,-1
2018301800271,4,9,0,18,0,1,0,0,0,0,1,1,6,1,79,11,1590,1,19,2,1,2
2018301800273,1,9,0,11,0,5,0,0,1,1,1,1,6,1,39,7,2993,2,13,9,2,9
2018301800274,1,9,0,4,0,0,0,0,0,0,4,1,6,1,59,9,2204,2,12,9,1,9
2018301800275,1,9,0,6,0,1,0,0,0,0,3,1,6,2,52,8,1229,1,3,3,1,3
2018301800275,2,5,0,13,0,1,0,0,0,0,1,1,6,1,59,9,600,1,16,4,1,4
2018301800276,1,9,0,13,0,0,0,0,0,0,1,1,6,2,19,4,1598,1,15,7,2,7
2018301800276,2,9,0,18,0,0,0,0,0,0,1,1,6,2,47,8,1242,1,3,10,1,10
2018301800276,3,9,0,18,0,0,0,0,0,0,0,1,6,3,-1,-1,-1,-1,-1,-1,-1,-1
2018301800277,1,9,0,18,0,8,0,7,0,0,4,1,3,2,36,7,1598,1,12,3,1,3
2018301800277,2,9,0,18,0,8,0,0,0,0,3,1,6,2,78,11,1461,2,2,7,3,7
2018301800278,1,9,0,18,0,8,0,0,0,0,1,1,6,1,24,5,1596,1,10,4,1,4
2018301800278,2,9,0,18,0,8,0,0,1,10,1,1,6,1,27,6,1968,2,7,10,2,10
2018301800279,1,9,0,18,0,0,0,0,0,0,3,1,6,2,48,8,1560,2,6,6,1,6
2018301800279,2,1,0,18,0,0,0,0,0,0,1,1,6,1,-1,-1,-1,-1,-1,-1,-1,-1
2018301800282,1,9,0,16,0,0,2,0,8,11,3,1,6,1,41,7,999,1,1,7,3,7
2018301800282,2,9,0,18,0,0,0,0,0,0,1,1,6,1,21,5,998,1,1,2,3,2
2018301800285,1,9,0,8,0,1,0,0,0,0,3,1,3,2,31,6,1968,2,4,1,1,1
2018301800285,2,9,0,18,0,1,0,0,0,0,1,1,6,2,19,4,1390,1,11,3,1,3
2018301800286,1,9,0,17,0,0,0,0,1,10,1,1,6,1,89,11,1397,1,18,5,1,5
2018301800286,2,9,0,17,0,0,0,0,0,0,0,1,6,3,-1,-1,-1,-1,-1,-1,-1,-1
2018301800287,1,9,0,18,0,0,0,0,2,7,1,1,6,1,29,6,2967,2,11,8,1,8
2018301800287,2,9,0,18,0,0,0,0,5,6,2,1,6,2,21,5,998,1,2,3,1,3
2018301800287,3,9,0,18,0,0,0,0,0,0,0,1,6,1,35,6,1598,2,2,5,1,5
2018301800287,4,9,0,18,0,0,0,0,0,0,0,1,6,1,69,10,1364,1,9,10,2,10
2018301800288,1,9,0,17,0,0,5,0,0,0,1,1,6,1,17,4,1199,1,16,3,1,3
2018301800289,1,9,0,18,0,0,0,0,0,0,1,1,6,2,54,8,1997,2,2,10,1,10
2018301800290,1,5,0,5,0,3,0,0,7,10,3,1,6,1,28,6,689,1,1,9,1,9
2018301800291,1,9,0,12,0,6,1,7,4,6,1,1,6,2,36,7,1296,1,11,1,1,1
2018301800291,2,9,0,18,0,8,1,0,0,0,1,1,6,1,51,8,2993,2,4,6,3,6
2018301800292,1,3,0,4,0,1,0,0,0,0,1,1,6,1,18,4,-1,-1,-1,2,3,2
2018301800292,2,9,0,4,0,1,0,0,0,0,2,1,2,2,49,8,1499,2,4,4,3,4
2018301800294,1,9,0,2,0,0,1,0,7,11,2,1,1,1,59,9,1997,2,3,3,1,3
2018301800294,2,9,0,3,0,0,0,0,0,0,3,1,6,2,34,6,1999,2,1,10,3,10
2018301800294,3,9,0,3,0,0,0,0,0,0,1,1,6,1,33,6,2393,2,1,-1,2,-1
2018301800295,1,9,0,17,0,0,2,0,1,4,3,1,6,1,36,7,1400,1,12,3,1,3
2018301800296,1,9,0,14,0,1,0,0,0,0,4,1,6,3,-1,-1,1497,1,14,-1,-1,-1
2018301800297,1,9,0,18,0,0,2,0,7,9,1,1,6,1,35,6,1360,1,13,10,1,10
2018301800298,1,9,0,18,0,8,0,0,0,0,4,1,1,1,51,8,1560,2,12,3,3,3
2018301800298,2,9,0,6,0,8,0,0,0,0,1,1,6,1,26,6,-1,-1,-1,9,1,9
2018301800299,1,19,0,18,9,0,0,0,1,0,4,1,2,3,-1,-1,2402,2,9,-1,-1,-1
2018301800300,1,9,0,18,0,0,0,0,0,0,1,1,6,2,76,11,1956,2,3,3,2,3
2018301800300,2,9,0,2,0,0,0,0,0,0,1,1,6,3,-1,-1,970,1,30,-1,-1,-1
2018301800301,1,2,0,18,0,0,0,0,0,0,3,1,6,1,32,6,125,1,2,7,1,7
2018301800302,1,19,0,18,0,1,0,0,0,0,1,1,1,1,55,8,2999,2,2,1,1,1
2018301800303,1,9,0,18,0,0,0,0,0,0,4,1,6,3,52,8,1910,2,10,2,1,2
2018301800304,1,9,0,18,0,2,0,0,0,0,1,1,6,3,-1,-1,-1,-1,-1,-1,-1,-1
2018301800304,2,3,0,18,0,2,0,0,0,0,2,1,6,1,17,4,120,1,5,2,1,2
2018301800305,1,9,0,7,0,8,0,0,0,0,2,1,6,1,18,4,1124,1,13,1,1,1
2018301800305,2,9,0,17,0,1,0,0,0,0,1,1,6,1,29,6,1398,2,9,2,1,2
2018301800306,1,11,0,4,0,0,0,0,0,0,0,1,6,3,-1,-1,-1,-1,-1,-1,-1,-1
2018301800307,1,9,0,18,0,0,0,0,0,0,1,1,2,2,20,4,1242,1,7,4,1,4
2018301800307,2,9,0,18,0,0,0,0,5,6,2,1,2,1,25,5,1395,1,3,6,1,6
2018301800307,3,9,0,18,0,0,0,0,0,0,2,1,2,1,53,8,1798,1,4,8,1,8
2018301800307,4,9,0,18,0,0,0,0,0,0,1,1,2,1,23,5,1242,1,11,5,1,5
2018301800308,1,1,0,18,9,8,0,0,0,0,1,1,6,1,9,2,-1,-1,-1,1,1,1
2018301800308,2,9,0,9,0,5,0,0,0,0,4,1,6,2,24,5,1242,1,11,-1,-1,-1
2018301800309,1,9,0,18,0,8,0,0,0,0,1,1,6,1,53,8,1586,1,3,3,1,3
2018301800309,2,9,0,4,0,8,0,0,0,0,2,1,2,1,49,8,2993,2,4,9,1,9
2018301800309,3,9,0,4,0,8,0,0,0,0,2,1,2,2,45,7,2179,2,6,4,2,4
2018301800310,1,9,0,9,0,1,0,0,0,0,1,1,6,1,61,9,2204,2,9,3,1,3
2018301800310,2,1,0,18,0,1,0,0,0,0,1,1,6,1,48,8,-1,-1,-1,2,1,2
2018301800311,1,9,0,18,0,8,0,0,0,0,4,1,6,1,72,10,1997,2,3,6,1,6
2018301800311,2,9,0,9,0,8,0,0,0,0,1,1,6,1,32,6,1796,1,10,2,1,2
2018301800312,1,9,0,5,0,8,0,0,0,0,1,1,6,1,25,5,1997,2,17,1,1,1
2018301800312,2,9,0,9,0,8,0,0,0,0,3,1,6,1,32,6,1998,2,9,1,1,1
2018301800313,1,9,0,17,0,0,1,0,7,11,1,1,6,1,18,4,1896,2,11,9,2,9
2018301800313,2,9,0,16,0,0,0,0,0,0,1,1,6,1,68,10,1560,2,10,7,2,7
2018301800313,3,9,0,17,0,0,0,0,0,0,0,1,6,1,18,4,1596,1,9,8,3,8
2018301800314,1,9,0,5,0,8,0,0,0,0,4,1,2,2,26,6,1198,1,7,5,2,5
2018301800314,2,9,0,18,0,1,0,4,2,2,1,1,1,2,43,7,1461,2,7,5,2,5
2018301800314,3,9,0,2,0,1,0,0,0,0,1,1,6,3,-1,-1,1598,2,4,-1,-1,-1
2018301800314,4,19,0,2,9,2,0,0,0,0,2,1,6,3,-1,-1,2198,2,7,-1,-1,-1
2018301800317,1,9,0,9,0,5,0,0,0,0,3,1,2,1,18,4,-1,-1,-1,10,1,10
2018301800317,2,3,0,14,0,1,0,0,0,0,1,1,2,1,24,5,124,1,9,10,1,10
2018301800319,1,9,0,16,0,0,1,0,8,10,1,1,6,1,23,5,1995,2,7,2,1,2
2018301800320,1,5,0,18,0,1,1,0,0,0,1,1,6,1,58,9,1000,1,14,5,1,5
2018301800320,2,9,0,9,0,6,0,0,0,0,3,1,6,1,22,5,-1,-1,-1,6,3,6
2018301800321,1,9,0,9,0,6,0,0,0,0,1,1,6,1,53,8,1248,1,7,10,1,10
2018301800321,2,1,0,18,0,1,0,0,0,0,1,1,2,1,39,7,-1,-1,-1,3,1,3
2018301800322,1,9,0,17,0,0,1,0,1,11,1,1,6,1,19,4,1149,1,15,2,1,2
2018301800323,1,9,0,9,0,6,0,0,0,0,3,1,6,2,43,7,1398,1,2,6,1,6
2018301800323,2,9,0,18,0,1,0,0,0,0,1,1,6,1,44,7,1997,2,15,6,3,6
2018301800324,1,21,1,11,0,0,0,0,0,0,1,1,1,1,55,8,12419,2,1,5,1,5
2018301800324,2,9,0,18,0,0,1,0,0,0,3,1,2,2,48,8,1794,1,14,9,1,9
2018301800325,1,19,0,18,0,0,0,0,0,0,1,1,6,3,-1,-1,1995,2,5,-1,-1,-1
2018301800325,2,8,0,18,0,0,0,0,0,0,2,1,6,1,35,6,1896,2,14,1,1,1
2018301800326,1,9,0,5,0,8,0,0,0,0,3,1,6,2,41,7,2179,2,4,9,2,9
2018301800326,2,9,0,18,0,8,0,0,0,0,1,1,6,1,53,8,2387,2,17,2,1,2
2018301800328,1,9,0,17,0,8,0,0,0,0,1,1,6,1,-1,-1,1198,1,8,4,1,4
2018301800329,1,9,0,4,0,0,0,0,0,0,1,1,2,1,24,5,1560,2,4,2,1,2
2018301800329,2,9,0,4,0,0,0,0,0,0,2,1,2,1,50,8,1598,1,12,4,1,4
2018301800330,1,9,0,9,0,6,0,0,0,0,4,1,6,2,-1,-1,1200,1,1,5,2,5
2018301800330,2,9,0,18,0,1,0,0,0,0,1,1,6,2,37,7,2967,2,9,6,1,6
2018301800332,1,9,0,2,0,0,0,0,0,0,2,1,6,3,-1,-1,1586,1,4,-1,-1,-1
2018301800332,2,5,0,14,0,0,1,0,0,0,1,1,6,1,27,6,1074,1,24,6,1,6
2018301800333,1,9,0,18,0,2,0,0,0,0,1,1,6,1,24,5,1229,1,4,2,1,2
2018301800334,1,3,0,18,0,1,0,0,0,0,1,1,2,1,-1,-1,125,1,3,8,1,8
2018301800334,2,9,0,1,0,6,0,0,0,0,2,1,6,1,68,10,1390,1,19,8,3,8
2018301800335,1,9,0,18,0,1,0,0,0,0,4,1,3,1,36,7,1499,2,1,4,1,4
2018301800336,1,9,0,18,0,0,0,0,0,0,1,1,6,2,75,10,999,1,7,8,2,8
2018301800336,2,9,0,2,0,0,0,0,0,0,1,1,6,3,-1,-1,1968,2,-1,-1,-1,-1
2018301800338,1,9,0,5,0,0,0,0,0,0,3,1,6,3,-1,-1,-1,-1,-1,-1,-1,-1
2018301800338,2,3,0,18,0,0,0,0,0,0,4,1,6,2,39,7,125,1,2,4,1,4
2018301800340,1,9,0,18,0,0,0,0,0,0,1,1,6,2,47,8,1200,1,1,7,1,7
2018301800340,2,9,0,18,0,0,0,0,0,0,1,1,6,1,18,4,1248,2,4,4,1,4
2018301800340,3,9,0,2,0,0,0,0,0,0,1,1,6,3,-1,-1,1368,1,14,-1,-1,-1
2018301800341,1,9,0,9,0,8,0,0,0,0,1,1,6,2,-1,-1,1000,1,-1,5,2,5
2018301800341,2,3,0,18,0,8,0,0,0,0,1,1,6,1,17,4,125,1,2,8,2,8
2018301800342,1,9,0,18,0,3,0,0,0,0,1,1,6,1,32,6,1598,1,13,10,1,10
2018301800343,1,9,0,16,0,2,0,0,7,0,3,1,6,1,53,8,-1,-1,-1,6,1,6
2018301800343,2,19,0,3,0,1,0,0,0,0,3,1,6,2,44,7,2198,2,3,10,1,10
2018301800343,3,9,0,4,0,1,0,0,0,0,3,1,6,2,26,6,999,1,4,6,1,6
2018301800343,4,9,0,4,0,1,0,0,0,0,3,1,6,3,29,6,1598,1,11,6,1,6
2018301800344,1,19,0,14,0,4,0,0,0,0,4,1,6,1,45,7,2198,2,2,4,1,4
2018301800344,2,9,0,3,0,4,0,0,0,0,3,1,6,2,80,11,1328,1,11,2,1,2
2018301800345,1,5,0,16,0,0,1,0,0,0,4,1,6,1,26,6,738,1,19,1,1,1
2018301800345,2,9,0,17,0,0,1,0,0,0,1,1,6,1,34,6,1396,1,9,6,1,6
2018301800346,1,9,0,9,0,1,0,0,0,0,3,1,6,2,52,8,1461,2,2,8,3,8
2018301800346,2,5,0,13,0,1,1,0,7,0,4,1,6,1,65,9,847,1,3,3,1,3
2018301800347,1,3,0,13,0,8,0,0,7,10,1,1,6,1,20,4,125,1,2,3,2,3
2018301800347,2,9,0,9,0,5,0,0,0,0,3,1,6,2,58,9,1968,2,6,6,2,6
2018301800348,1,9,0,18,0,0,0,0,0,6,1,1,6,1,29,6,796,1,17,1,1,1
2018301800349,1,9,0,17,0,0,0,0,0,0,1,1,6,2,42,7,1461,2,3,10,1,10
2018301800350,1,9,0,18,0,0,1,0,0,0,4,1,6,1,25,5,1798,1,11,9,2,9
2018301800350,2,9,0,18,0,0,0,0,0,0,1,1,6,2,-1,-1,1596,1,4,9,2,9
2018301800351,1,9,0,5,0,1,0,0,0,0,1,1,6,1,37,7,4414,1,11,4,1,4
2018301800351,2,9,0,3,0,1,0,0,0,0,2,1,6,1,44,7,1996,2,11,5,1,5
2018301800352,1,19,0,9,0,8,0,0,0,0,1,1,1,1,26,6,1997,2,15,1,1,1
2018301800352,2,9,0,18,0,1,1,0,0,0,1,1,6,1,73,10,1198,1,2,5,2,5
2018301800353,1,9,0,18,0,0,0,0,0,0,2,1,6,1,61,9,-1,-1,-1,6,1,6
2018301800353,2,9,0,18,0,0,2,0,1,0,1,1,6,1,42,7,-1,-1,-1,9,1,9
2018301800356,1,21,1,17,0,8,5,0,0,0,4,1,1,1,57,9,12809,2,3,2,1,2
2018301800356,2,9,0,17,0,8,0,0,0,0,3,1,6,2,65,9,1995,2,4,2,1,2
2018301800358,1,9,0,16,0,0,2,0,2,4,1,1,6,1,39,7,1796,1,14,-1,1,-1
2018301800359,1,19,0,17,0,0,2,0,8,11,1,2,1,1,51,8,-1,-1,-1,7,3,7
2018301800361,1,9,0,5,0,6,0,0,0,0,1,1,2,2,26,6,1598,1,5,8,1,8
2018301800361,2,19,0,18,0,8,0,0,0,0,1,1,1,1,30,6,2143,2,7,7,1,7
2018301800362,1,9,0,9,0,8,1,0,3,2,1,1,6,1,27,6,-1,-1,-1,4,1,4
2018301800363,1,9,0,18,0,3,5,0,2,10,1,1,6,1,24,5,1968,2,7,4,1,4
2018301800363,2,9,0,18,0,4,0,0,0,0,1,1,6,1,33,6,2231,2,13,1,1,1
2018301800364,1,9,0,18,0,0,1,0,1,10,1,1,6,1,27,6,-1,-1,-1,3,1,3
2018301800364,2,9,0,18,0,0,0,0,1,10,1,1,6,1,45,7,1984,1,4,2,1,2
2018301800365,1,1,0,18,0,0,0,0,7,11,1,1,6,1,54,8,-1,-1,-1,8,3,8
2018301800367,1,9,0,18,0,0,0,0,0,0,1,1,6,1,75,10,898,1,-1,5,1,5
2018301800368,1,9,0,17,0,0,0,0,0,0,1,1,6,1,47,8,-1,-1,-1,1,1,1
2018301800368,2,5,0,16,0,0,0,0,0,0,1,1,6,1,40,7,599,1,14,4,1,4
2018301800369,1,8,0,18,0,8,0,0,0,0,1,1,1,1,34,6,1968,2,9,1,1,1
2018301800369,2,9,0,9,0,6,0,0,0,0,3,1,6,1,50,8,998,1,16,4,1,4
2018301800370,1,2,0,18,0,6,0,0,0,0,1,1,2,1,-1,-1,124,1,2,9,2,9
2018301800370,2,9,0,18,0,8,0,0,0,0,3,1,2,1,30,6,1896,2,13,6,3,6
2018301800371,1,3,0,18,0,6,0,0,0,0,3,1,6,1,17,4,124,1,27,4,1,4
2018301800371,2,9,0,18,0,8,0,0,0,0,1,1,6,1,34,6,1560,2,5,2,1,2
2018301800372,1,9,0,10,0,1,0,0,0,0,2,1,6,1,48,8,1349,1,9,10,2,10
2018301800372,2,9,0,18,0,1,0,0,0,0,1,1,6,2,18,4,1242,1,11,3,1,3
2018301800373,1,9,0,9,0,6,0,0,0,0,3,1,6,1,69,10,1560,2,4,2,1,2
2018301800373,2,4,0,18,0,8,0,0,0,0,1,1,6,1,26,6,749,1,13,5,1,5
2018301800374,1,9,0,18,0,0,2,0,1,10,1,1,6,1,58,9,1598,1,11,10,1,10
2018301800375,1,9,0,11,0,0,0,0,0,0,2,1,2,2,37,7,998,1,5,7,3,7
2018301800375,2,9,0,5,0,0,0,0,0,0,1,1,6,1,84,11,1242,1,15,1,1,1
2018301800376,1,9,0,1,0,6,0,0,0,0,2,1,6,1,51,8,1999,1,10,-1,-1,-1
2018301800376,2,11,0,18,0,8,0,0,0,0,1,1,1,1,55,8,4250,2,16,6,1,6
2018301800377,1,2,0,18,0,0,0,0,0,0,3,1,6,1,16,4,50,1,7,1,1,1
2018301800377,2,19,0,18,0,0,0,0,0,0,4,1,1,1,-1,-1,1560,2,3,4,1,4
2018301800378,1,9,0,18,0,6,0,0,0,0,1,1,6,3,-1,-1,-1,-1,-1,-1,-1,-1
2018301800378,2,2,0,18,0,8,1,0,0,0,1,1,6,1,16,4,49,1,1,3,1,3
2018301800379,1,9,0,18,0,1,0,0,0,0,1,1,6,1,53,8,1956,2,9,3,1,3
2018301800382,1,9,0,17,0,8,1,0,1,9,1,1,6,1,19,4,1242,1,11,3,1,3
2018301800383,1,9,0,11,0,3,1,0,0,0,4,1,6,3,-1,-1,1995,2,10,-1,-1,-1
2018301800383,2,9,0,17,0,8,0,0,0,0,3,1,6,1,42,7,1560,2,4,3,1,3
2018301800384,1,9,0,14,0,0,0,0,0,0,1,1,6,1,17,4,1360,1,13,4,1,4
2018301800384,2,9,0,17,0,0,0,0,0,0,1,1,6,2,32,6,1997,2,15,2,1,2
2018301800384,3,9,0,2,0,0,0,0,0,0,0,1,6,3,-1,-1,-1,-1,-1,-1,-1,-1
2018301800385,1,9,0,2,0,0,0,0,1,0,2,1,6,1,30,6,1896,2,13,8,1,8
2018301800385,2,19,0,18,0,0,0,4,0,0,1,1,1,1,48,8,-1,-1,-1,2,1,2
2018301800386,1,9,0,3,0,1,0,0,0,0,2,1,6,1,31,6,1905,2,24,7,1,7
2018301800386,2,19,0,18,0,1,0,0,0,0,1,1,6,1,33,6,2287,2,11,9,3,9
2018301800386,3,9,0,7,0,6,0,0,0,0,0,1,6,3,-1,-1,-1,-1,-1,-1,-1,-1
2018301800387,1,9,0,18,0,1,0,0,0,0,1,1,6,3,-1,-1,-1,-1,-1,-1,-1,-1
2018301800387,2,90,0,18,0,1,0,0,0,0,1,1,1,2,43,7,2999,2,2,5,1,5
2018301800389,1,9,0,18,0,0,1,0,0,0,1,1,2,2,19,4,1560,2,7,3,1,3
2018301800389,2,9,0,11,0,0,1,0,0,0,1,1,6,1,-1,-1,1984,1,16,3,1,3
2018301800390,1,9,0,6,0,0,0,0,0,0,3,1,3,1,50,8,1995,2,16,4,1,4
2018301800390,2,1,0,14,0,0,0,0,0,0,1,1,1,1,47,8,-1,-1,-1,-1,1,-1
2018301800391,1,9,0,18,0,0,0,0,4,4,3,1,6,1,55,8,1299,1,13,2,1,2
2018301800392,1,9,0,9,0,2,0,0,0,0,1,1,6,1,18,4,1596,1,11,7,2,7
2018301800392,2,9,0,7,0,1,0,0,0,0,3,1,6,2,48,8,1086,1,14,3,1,3
2018301800393,1,9,0,18,0,0,0,0,0,0,1,1,2,1,27,6,1364,1,2,2,1,2
2018301800393,2,9,0,18,0,0,0,0,0,0,1,1,2,2,-1,-1,1598,2,3,6,1,6
2018301800394,1,9,0,15,0,0,0,0,0,0,3,1,6,1,34,6,2429,1,11,2,1,2
2018301800394,2,9,0,2,0,0,0,0,0,0,0,1,1,2,33,6,1248,2,3,6,1,6
2018301800395,1,9,0,3,0,0,0,0,0,0,2,1,2,2,52,8,1598,1,6,10,1,10
2018301800395,2,9,0,18,0,0,0,0,0,0,1,1,6,2,37,7,1498,1,9,10,1,10
2018301800396,1,9,0,14,0,0,0,0,0,0,4,1,2,1,37,7,1896,2,15,3,1,3
2018301800397,1,9,0,18,0,4,0,0,0,0,1,1,2,2,33,6,1197,1,2,6,1,6
2018301800397,2,3,0,4,0,4,0,0,0,0,2,1,6,1,16,4,-1,-1,-1,4,1,4
2018301800398,1,9,0,11,0,8,0,0,0,0,4,1,6,1,22,5,1995,2,4,3,1,3
2018301800398,2,5,0,18,0,4,0,0,0,0,4,1,6,1,53,8,125,1,3,8,3,8
2018301800399,1,9,0,18,0,0,0,0,1,4,1,1,6,2,48,8,2231,2,5,3,1,3
2018301800399,2,9,0,18,0,0,0,0,0,0,0,1,6,3,-1,-1,-1,-1,-1,-1,-1,-1
2018301800401,1,9,0,9,0,5,0,0,0,0,3,1,6,1,23,5,1499,2,2,6,3,6
2018301800401,2,4,0,13,0,8,0,0,0,0,4,1,6,1,51,8,885,1,19,2,1,2
2018301800402,1,9,0,4,0,0,0,0,0,0,2,1,6,1,70,10,998,1,2,6,1,6
2018301800402,2,9,0,4,0,0,1,0,0,0,1,1,6,1,51,8,2204,2,13,1,1,1
2018301800404,1,9,0,9,0,1,0,0,0,0,3,1,2,1,33,6,1461,2,9,6,1,6
2018301800404,2,3,0,13,0,1,0,0,0,0,1,1,6,1,18,4,124,1,8,4,1,4
2018301800405,1,5,0,16,0,0,0,0,0,0,3,1,6,1,26,6,847,1,3,10,1,10
2018301800405,2,9,3,17,0,0,0,0,0,0,3,1,6,1,48,8,2967,2,4,6,3,6
2018301800406,1,9,0,18,0,2,0,0,0,0,1,1,1,1,35,6,1596,1,13,7,1,7
2018301800406,2,3,0,18,0,1,0,0,0,0,3,1,1,1,18,4,124,1,1,10,1,10
2018301800406,3,9,0,2,0,1,0,0,0,0,1,1,6,3,-1,-1,1197,1,2,-1,-1,-1
2018301800408,1,19,0,1,0,8,0,0,0,0,2,1,1,1,-1,-1,2143,2,4,1,1,1
2018301800408,2,9,0,18,0,8,0,0,0,0,4,1,6,2,71,10,1560,2,5,5,1,5
2018301800409,1,9,0,14,0,1,0,0,0,0,1,1,6,1,-1,-1,1896,2,13,-1,-1,-1
2018301800409,2,9,0,5,0,8,0,0,0,0,1,1,6,2,46,8,1360,1,13,3,3,3
2018301800410,1,8,0,18,0,2,0,0,1,7,1,1,1,1,40,7,1997,2,11,1,1,1
2018301800411,1,11,0,18,0,0,0,0,0,0,1,1,1,1,62,9,9000,2,15,4,1,4
2018301800412,1,9,0,12,0,0,0,0,0,0,3,1,2,2,53,8,1560,2,5,6,2,6