Accident_Index,Vehicle_Reference,Vehicle_Type,Towing_and_Articulation,Vehicle_Manoeuvre,Vehicle_Location-Restricted_Lane,Junction_Location,Skidding_and_Overturning,Hit_Object_in_Carriageway,Vehicle_Leaving_Carriageway,Hit_Object_off_Carriageway,1st_Point_of_Impact,Was_Vehicle_Left_Hand_Drive?,Journey_Purpose_of_Driver,Sex_of_Driver,Age_of_Driver,Age_Band_of_Driver,Engine_Capacity_(CC),Propulsion_Code,Age_of_Vehicle,Driver_IMD_Decile,Driver_Home_Area_Type,Vehicle_IMD_Decile
2018301800720,2,4,0,4,0,0,0,0,0,0,1,1,1,1,25,5,600,1,18,2,1,2
2018301800721,1,9,0,18,0,0,0,10,0,0,4,1,6,1,20,4,1349,1,8,1,1,1
2018301800722,1,9,0,18,0,8,1,0,7,10,4,1,6,1,26,6,1600,1,7,4,-1,4
2018301800722,2,9,0,9,0,6,0,0,0,0,1,1,6,1,83,11,1339,1,6,9,2,9
2018301800723,1,9,0,14,0,0,0,0,0,0,1,1,1,2,40,7,1490,1,11,2,1,2
2018301800723,2,11,0,2,0,0,0,0,0,0,0,1,1,3,-1,-1,-1,-1,-1,-1,-1,-1
2018301800724,1,9,0,17,0,8,0,0,0,0,2,1,6,1,31,6,1598,1,10,7,1,7
2018301800724,2,9,0,17,0,8,0,0,0,0,1,1,6,2,24,5,1995,2,10,5,2,5
2018301800725,1,9,0,18,0,0,0,0,0,0,1,1,6,1,71,10,999,1,1,6,1,6
2018301800726,1,9,0,18,0,1,0,0,0,0,1,1,6,1,-1,-1,1360,1,13,9,1,9
2018301800726,2,9,0,3,0,1,0,0,0,0,2,1,6,1,40,7,1461,2,13,5,1,5
2018301800726,3,9,0,3,0,1,0,0,0,0,2,1,6,3,-1,-1,-1,-1,-1,-1,-1,-1
2018301800727,1,20,4,13,0,0,0,0,0,0,3,1,6,3,-1,-1,-1,-1,-1,-1,-1,-1
2018301800727,2,5,0,18,0,0,0,10,0,0,4,1,6,1,62,9,885,1,19,4,1,4
2018301800727,3,1,0,18,0,0,0,0,0,0,0,1,6,3,-1,-1,-1,-1,-1,-1,-1,-1
2018301800728,1,9,0,18,0,0,0,0,0,0,4,1,6,3,-1,-1,-1,-1,-1,-1,-1,-1
2018301800728,2,1,0,18,0,0,0,0,0,0,2,1,6,1,19,4,-1,-1,-1,8,1,8
2018301800729,1,5,0,14,0,1,0,0,0,0,1,1,6,1,30,6,599,1,22,1,1,1
2018301800729,2,9,0,9,0,6,0,0,0,0,3,1,6,2,25,5,1598,1,4,4,1,4
2018301800730,1,9,0,17,0,0,2,0,1,4,1,1,6,1,19,4,1364,1,13,8,3,8
2018301800731,1,9,0,5,0,4,0,0,0,0,1,1,2,2,-1,-1,998,1,9,3,1,3
2018301800731,2,3,0,9,0,8,0,0,0,0,2,1,2,2,26,6,125,1,1,4,1,4
2018301800732,1,9,0,18,0,2,0,0,0,0,1,1,6,2,35,6,1242,1,13,9,1,9
2018301800732,2,9,0,4,0,2,0,0,0,0,2,1,6,1,48,8,1995,2,8,2,1,2
2018301800736,1,5,0,17,0,8,0,10,0,0,1,1,2,1,46,8,1043,1,8,2,1,2
2018301800736,2,9,0,5,0,4,0,0,0,0,0,1,6,3,-1,-1,-1,-1,-1,-1,-1,-1
2018301800737,1,19,0,1,9,2,0,0,0,0,2,1,1,1,52,8,2143,2,4,4,1,4
2018301800738,1,9,0,18,0,8,0,0,0,0,1,1,6,1,26,6,1422,2,1,1,1,1
2018301800739,1,9,0,6,0,0,0,0,7,10,1,1,6,2,46,8,1995,2,12,6,3,6
2018301800740,1,9,0,17,0,0,0,0,0,0,1,1,6,2,40,7,1900,2,13,7,1,7
2018301800741,1,5,0,18,0,0,1,4,0,0,1,1,6,1,47,8,998,1,18,2,1,2
2018301800741,2,9,0,2,0,0,0,0,0,0,2,2,6,3,-1,-1,1560,2,7,-1,-1,-1
2018301800742,1,9,0,18,0,0,0,0,4,6,4,1,2,1,42,7,1197,1,3,10,2,10
2018301800742,2,9,0,12,0,0,0,0,0,0,3,1,6,1,62,9,1560,2,7,4,1,4
2018301800743,1,21,1,18,0,0,0,0,0,0,1,1,1,1,54,8,12902,2,4,4,1,4
2018301800743,2,9,0,3,0,0,0,0,1,4,2,1,6,1,-1,-1,3150,2,20,2,1,2
2018301800743,3,9,0,3,0,0,0,0,0,0,2,1,6,1,53,8,1798,1,11,4,1,4
2018301800743,4,9,0,3,0,0,0,0,0,0,4,1,6,1,57,9,1596,1,6,9,2,9
2018301800744,1,9,0,16,0,1,0,0,0,0,2,1,6,1,46,8,1796,1,12,9,1,9
2018301800744,2,9,0,3,0,1,0,0,0,0,0,1,6,1,21,5,2148,2,9,1,1,1
2018301800745,1,9,0,18,0,0,0,0,0,0,1,1,6,1,38,7,1968,2,9,6,1,6
2018301800745,2,90,0,2,0,0,0,0,0,0,0,1,1,3,-1,-1,-1,-1,-1,-1,-1,-1
2018301800746,1,5,0,9,0,6,0,0,0,0,1,1,6,1,45,7,1170,1,-1,8,2,8
2018301800746,2,19,0,9,0,5,0,0,0,0,1,1,6,1,48,8,1560,2,5,8,3,8
2018301800747,1,9,0,18,0,8,0,0,0,0,1,1,6,1,59,9,1896,2,15,2,1,2
2018301800747,2,9,0,9,0,8,0,0,7,0,2,1,6,1,82,11,1242,1,3,7,1,7
2018301800749,1,1,0,18,0,0,0,0,0,0,0,1,6,2,67,10,-1,-1,-1,7,3,7
2018301800750,1,9,0,18,0,0,0,0,0,0,3,1,6,1,44,7,2495,2,16,4,1,4
2018301800750,2,98,0,14,0,0,0,0,0,0,3,1,1,3,-1,-1,-1,-1,-1,-1,-1,-1
2018301800750,3,9,0,2,0,0,0,0,0,0,0,1,6,3,-1,-1,-1,-1,-1,-1,-1,-1
2018301800751,1,9,0,5,8,1,0,0,0,0,3,1,6,1,57,9,2143,2,6,3,1,3
2018301800751,2,9,0,13,0,1,0,0,0,0,1,1,6,2,49,8,1086,1,13,6,2,6
2018301800752,1,9,0,9,0,6,0,0,0,0,3,1,6,2,33,6,1422,2,15,6,1,6
2018301800752,2,9,0,18,0,1,0,0,0,0,4,1,6,2,81,11,998,1,5,10,2,10
2018301800753,1,9,0,12,0,0,0,0,0,0,3,1,6,1,75,10,2400,2,7,8,2,8
2018301800753,2,9,0,18,0,0,0,0,0,0,4,1,6,1,46,8,1598,2,2,4,1,4
2018301800754,1,9,0,15,0,3,0,0,0,0,1,1,6,3,-1,-1,-1,-1,-1,-1,-1,-1
2018301800754,2,1,0,18,0,8,0,0,0,0,2,1,6,1,24,5,-1,-1,-1,8,1,8
2018301800756,1,11,0,5,0,0,0,0,0,0,0,1,6,3,-1,-1,7300,2,10,5,1,5
2018301800757,1,9,0,18,0,0,0,0,0,0,1,1,6,1,18,4,1229,1,12,6,3,6
2018301800757,2,9,0,18,0,0,0,0,0,0,1,1,6,2,68,10,1896,2,16,6,3,6
2018301800758,1,9,0,5,0,4,0,0,0,0,2,1,6,2,19,4,1398,2,9,6,1,6
2018301800758,2,1,0,18,0,1,0,0,0,0,1,1,2,1,36,7,-1,-1,-1,10,1,10
2018301800760,1,9,0,18,0,0,0,0,0,0,4,1,6,1,31,6,1968,2,8,2,1,2
2018301800760,2,9,0,12,0,0,0,0,0,0,3,1,6,3,-1,-1,-1,-1,-1,-1,-1,-1
2018301800762,1,3,0,7,0,2,0,0,0,0,4,1,2,2,22,5,125,1,1,9,1,9
2018301800762,2,9,0,17,0,4,0,0,0,0,1,1,6,1,21,5,1461,2,3,7,3,7
2018301800763,1,9,0,7,0,2,0,0,0,0,1,2,6,1,-1,-1,1598,2,3,8,1,8
2018301800763,2,9,0,3,0,2,0,0,0,0,2,2,6,1,18,4,1242,1,17,10,1,10
2018301800763,3,3,0,3,0,2,0,0,0,0,2,1,1,1,50,8,124,1,7,-1,-1,-1
2018301800764,1,3,0,16,0,0,0,0,0,0,1,1,6,2,35,6,124,1,6,3,1,3
2018301800764,2,9,0,17,0,0,0,0,0,0,1,1,2,2,-1,-1,999,1,1,10,1,10
2018301800765,1,19,0,18,0,0,1,0,0,0,1,1,1,1,28,6,2143,2,6,7,1,7
2018301800765,2,9,0,4,0,0,0,0,0,0,2,1,1,2,42,7,1364,1,11,7,3,7
2018301800765,3,9,0,18,0,0,0,0,0,0,2,1,1,2,59,9,2179,2,8,2,1,2
2018301800765,4,9,0,18,0,0,0,0,0,0,2,1,1,2,38,7,1686,2,4,6,3,6
2018301800767,1,1,0,18,0,0,0,0,0,0,3,1,6,1,18,4,-1,-1,-1,9,1,9
2018301800767,2,9,0,13,0,0,0,0,0,0,4,1,2,1,35,6,1997,2,7,9,1,9
2018301800768,1,19,0,18,0,1,0,0,0,0,1,1,6,3,-1,-1,1968,2,1,-1,-1,-1
2018301800768,2,9,0,3,0,1,0,0,0,0,2,1,2,2,26,6,1396,1,5,9,1,9
2018301800769,1,9,0,9,0,1,0,0,0,0,2,1,3,1,47,8,1794,1,13,5,1,5
2018301800769,2,19,0,18,0,1,0,0,0,0,1,1,6,1,28,6,2198,2,3,7,2,7
2018301800770,1,9,0,18,0,0,5,4,0,0,1,1,6,1,19,4,1149,1,10,6,1,6
2018301800770,2,9,0,2,0,0,0,0,0,0,2,1,6,3,-1,-1,1598,1,17,-1,-1,-1
2018301800771,1,9,0,18,0,0,0,10,2,10,1,1,6,1,37,7,998,1,4,8,1,8
2018301800772,1,9,0,2,0,0,0,0,0,0,2,1,6,1,22,5,1595,1,12,9,1,9
2018301800772,2,21,1,18,0,0,0,0,0,0,1,1,1,1,51,8,12809,2,3,4,1,4
2018301800773,1,9,0,7,9,6,0,0,0,0,1,1,6,3,-1,-1,-1,-1,-1,-1,-1,-1
2018301800773,2,1,0,18,9,8,0,0,0,0,4,1,6,1,13,3,-1,-1,-1,1,1,1
2018301800774,1,9,0,9,0,6,0,0,0,0,4,1,6,2,50,8,1248,1,2,3,1,3
2018301800774,2,3,0,14,0,8,0,0,0,0,1,1,6,1,23,5,125,1,4,1,1,1
2018301800774,3,9,0,3,0,1,0,0,0,0,0,1,6,3,-1,-1,-1,-1,-1,-1,-1,-1
2018301800776,1,9,0,7,0,2,0,0,0,0,4,1,6,3,-1,-1,-1,-1,-1,-1,-1,-1
2018301800777,1,9,0,14,0,0,0,0,0,0,3,1,2,2,58,9,1598,1,2,7,1,7
2018301800777,2,1,0,18,0,0,0,0,0,0,1,1,6,1,33,6,-1,-1,-1,1,1,1
2018301800777,3,19,0,2,0,0,0,0,0,0,0,1,1,3,-1,-1,-1,-1,-1,-1,-1,-1
2018301800778,1,9,0,18,0,0,1,0,5,6,1,1,6,2,43,7,1388,1,11,9,1,9
2018301800779,1,9,0,16,0,4,1,9,3,4,1,1,6,1,49,8,1984,1,10,-1,-1,-1
2018301800780,1,9,0,17,0,0,0,0,1,4,1,1,6,1,21,5,1198,1,7,1,1,1
2018301800781,1,9,0,4,0,1,0,0,0,0,1,1,6,2,36,7,1910,2,10,9,2,9
2018301800782,1,1,0,18,0,0,0,0,0,0,1,1,6,1,22,5,-1,-1,-1,2,1,2
2018301800784,1,8,0,5,0,0,0,0,0,0,4,1,1,3,-1,-1,1686,2,5,-1,-1,-1
2018301800785,1,9,0,1,0,2,0,0,0,0,2,1,6,3,-1,-1,1956,2,3,-1,-1,-1
2018301800789,1,5,0,16,0,0,1,11,0,0,0,1,6,1,51,8,599,1,21,7,1,7
2018301800790,1,9,0,17,0,0,0,0,0,0,1,1,6,1,29,6,1388,1,15,8,3,8
2018301800790,2,9,0,16,0,0,0,0,0,0,1,1,6,2,54,8,1984,1,8,5,3,5
2018301800791,1,9,0,18,0,1,0,0,0,0,1,1,6,1,37,7,2000,1,9,9,1,9
2018301800791,2,9,0,3,0,1,0,0,0,0,2,1,6,2,31,6,1197,1,8,1,1,1
2018301800792,1,1,0,18,0,0,0,0,0,0,0,1,6,2,68,10,-1,-1,-1,-1,-1,-1
2018301800793,1,9,0,9,0,6,0,0,0,0,1,1,6,1,20,4,1198,1,7,5,1,5
2018301800793,2,1,0,9,0,5,0,0,0,0,3,1,6,1,29,6,-1,-1,-1,9,1,9
2018301800794,1,9,0,6,0,0,0,0,0,0,4,1,2,2,50,8,1995,2,3,3,1,3
2018301800794,2,1,0,18,0,0,1,0,0,0,1,1,1,1,-1,-1,-1,-1,-1,9,1,9
2018301800795,1,9,0,18,0,8,0,0,0,0,1,1,6,1,51,8,1799,1,10,1,1,1
2018301800795,2,9,0,18,0,8,0,0,0,0,1,1,6,1,36,7,1497,1,15,3,1,3
2018301800796,1,9,0,12,0,0,0,0,0,0,3,1,6,2,41,7,1598,2,2,4,1,4
2018301800796,2,9,0,18,0,0,0,0,0,0,2,1,6,1,35,6,1560,2,5,6,1,6
2018301800796,3,9,0,18,0,0,5,0,0,0,1,1,6,2,78,11,1388,1,9,7,1,7
2018301800797,1,9,0,5,0,0,0,0,0,0,4,1,6,3,-1,-1,-1,-1,-1,-1,-1,-1
2018301800798,1,9,0,14,0,0,0,0,0,0,1,1,6,2,30,6,1896,2,10,9,1,9
2018301800798,2,9,0,2,0,0,0,0,0,0,0,1,6,3,-1,-1,-1,-1,-1,-1,-1,-1
2018301800799,1,8,0,5,0,0,0,0,0,0,0,1,6,3,-1,-1,1598,2,5,-1,-1,-1
2018301800800,1,19,0,9,0,5,0,0,0,0,1,1,1,1,62,9,2998,2,2,2,1,2
2018301800800,2,9,0,18,0,8,0,0,0,0,1,1,6,2,59,9,1461,2,5,9,1,9
2018301800801,1,9,0,18,0,6,0,0,0,0,1,1,1,2,28,6,1398,1,3,2,1,2
2018301800801,2,1,0,18,0,8,0,0,0,0,1,1,6,2,39,7,-1,-1,-1,10,1,10
2018301800802,1,9,0,13,0,0,0,0,0,0,4,1,6,3,-1,-1,-1,-1,-1,-1,-1,-1
2018301800802,2,1,0,18,0,0,0,0,0,0,3,1,6,1,57,9,-1,-1,-1,3,1,3
2018301800803,1,9,0,18,0,0,0,0,0,0,1,1,6,1,36,7,1499,2,2,4,1,4
2018301800804,1,9,0,9,0,6,0,0,0,0,1,1,6,1,30,6,1242,1,15,3,1,3
2018301800804,2,9,0,18,0,8,0,0,0,0,1,1,6,1,27,6,1995,2,11,7,1,7
2018301800805,1,9,0,17,0,4,0,0,0,0,4,1,6,2,48,8,2685,2,14,4,1,4
2018301800805,2,1,0,17,0,4,0,0,0,0,3,1,6,1,56,9,-1,-1,-1,7,1,7
2018301800806,1,9,0,7,0,3,0,0,0,0,4,1,6,2,31,6,1984,1,12,3,1,3
2018301800806,2,1,0,18,0,8,0,0,0,0,3,1,6,1,66,10,-1,-1,-1,3,1,3
2018301800807,1,9,0,4,0,0,0,0,0,0,0,1,6,3,-1,-1,-1,-1,-1,-1,-1,-1
2018301800807,2,11,0,4,0,0,0,0,0,0,0,1,1,1,59,9,7300,2,9,2,1,2
2018301800808,1,9,0,18,0,1,0,0,0,0,1,1,6,3,-1,-1,-1,-1,-1,-1,-1,-1
2018301800808,2,9,0,3,0,1,0,0,0,0,2,1,6,1,43,7,999,1,2,9,1,9
2018301800809,1,9,0,17,0,3,0,0,7,1,4,1,6,2,42,7,1339,1,15,5,1,5
2018301800809,2,9,0,17,0,3,0,0,0,0,4,1,6,1,24,5,1390,1,6,6,1,6
2018301800810,1,9,0,4,0,0,0,0,0,0,1,1,6,1,64,9,1968,2,10,4,1,4
2018301800810,2,9,0,4,0,0,0,0,0,0,2,1,6,1,31,6,4395,1,3,4,1,4
2018301800811,1,9,0,16,0,0,0,0,0,0,1,1,6,1,58,9,1796,1,15,3,1,3
2018301800811,2,9,0,17,0,0,0,0,0,0,1,1,6,1,55,8,2204,2,11,5,1,5
2018301800811,3,9,0,17,0,0,0,0,0,0,1,1,6,3,39,7,1799,1,12,7,1,7
2018301800812,1,9,0,4,0,0,0,0,0,0,1,1,6,1,28,6,1998,1,8,2,1,2
2018301800812,2,9,0,4,0,0,0,0,0,0,2,1,6,1,24,5,1395,1,2,2,1,2
2018301800812,3,9,0,4,0,0,0,0,0,0,2,1,6,1,57,9,4196,1,13,5,1,5
2018301800812,4,9,0,2,0,0,0,0,0,0,0,1,6,3,-1,-1,-1,-1,-1,-1,-1,-1
2018301800813,1,9,0,18,0,8,0,0,0,0,1,1,1,3,-1,-1,1197,1,1,-1,-1,-1
2018301800813,2,8,0,10,0,8,0,0,0,0,3,1,1,1,27,6,1497,8,11,1,1,1
2018301800814,1,11,0,5,2,8,0,0,0,0,0,1,1,1,37,7,6700,2,2,10,2,10
2018301800815,1,9,0,2,0,0,0,0,0,0,3,1,6,3,-1,-1,-1,-1,-1,-1,-1,-1
2018301800815,2,1,0,14,0,0,0,8,0,0,4,1,6,2,30,6,-1,-1,-1,-1,-1,-1
2018301800816,1,9,0,9,0,6,0,0,0,0,1,1,6,2,19,4,1149,1,10,2,1,2
2018301800816,2,9,0,18,0,8,0,0,0,0,3,1,6,1,30,6,1084,1,-1,1,1,1
2018301800817,1,9,0,18,0,2,0,0,0,0,4,1,6,3,-1,-1,-1,-1,-1,-1,-1,-1
2018301800818,1,9,0,9,0,5,0,0,0,0,1,1,6,1,64,9,3996,1,19,1,1,1
2018301800818,2,11,0,18,2,8,0,0,0,0,3,1,1,2,49,8,6370,2,6,1,1,1
2018301800818,3,9,0,4,0,1,0,0,0,0,0,1,6,3,-1,-1,-1,-1,-1,-1,-1,-1
2018301800819,1,9,0,18,0,0,0,0,0,0,3,1,3,2,53,8,1596,1,12,10,2,10
2018301800820,1,9,0,18,0,0,0,0,1,11,1,1,6,2,-1,-1,1229,1,4,7,1,7
2018301800820,2,9,0,18,0,0,0,0,7,4,1,1,6,2,50,8,1591,1,3,1,1,1
2018301800821,1,9,0,5,0,0,0,0,0,0,4,1,1,3,-1,-1,1586,1,5,-1,-1,-1
2018301800822,1,9,0,9,0,5,0,0,0,0,3,1,6,2,-1,-1,-1,-1,-1,8,3,8
2018301800822,2,5,0,13,0,8,0,0,0,0,4,1,6,1,41,7,599,1,22,4,1,4
2018301800823,1,20,0,18,0,0,0,0,0,0,1,1,1,1,51,8,6374,2,5,1,1,1
2018301800824,1,9,0,8,0,1,0,0,0,0,2,1,6,2,48,8,1968,2,9,8,1,8
2018301800824,2,9,0,5,0,1,0,0,0,0,1,1,6,3,-1,-1,-1,-1,-1,-1,-1,-1
2018301800825,1,9,0,9,0,5,0,0,0,0,1,1,6,1,79,11,1598,1,3,2,1,2
2018301800825,2,1,0,18,0,8,0,0,0,0,1,1,6,1,49,8,-1,-1,-1,4,1,4
2018301800826,1,9,0,14,0,1,0,0,0,0,1,1,6,1,30,6,1582,2,1,9,1,9
2018301800826,2,9,0,2,0,1,0,0,0,0,0,1,6,3,-1,-1,-1,-1,-1,-1,-1,-1
2018301800827,1,9,0,18,0,0,0,0,0,0,1,1,6,1,39,7,998,1,7,2,1,2
2018301800827,2,9,0,18,0,0,0,0,0,0,1,1,6,1,41,7,1390,1,7,2,1,2
2018301800828,1,9,0,18,0,0,5,4,0,0,4,1,6,2,97,11,1341,1,13,8,3,8
2018301800828,2,19,0,2,0,0,0,0,0,0,2,1,6,1,53,8,2461,2,8,8,1,8
2018301800829,1,9,0,18,0,8,0,0,0,0,1,1,6,1,81,11,1400,1,13,9,1,9
2018301800829,2,9,0,5,0,6,0,0,0,0,1,1,6,1,26,6,2198,2,13,1,1,1
2018301800830,1,9,0,18,0,1,0,0,0,0,1,1,6,1,38,7,1587,1,12,3,1,3
2018301800830,2,1,0,18,0,1,0,0,0,0,1,1,6,1,14,3,-1,-1,-1,8,1,8
2018301800830,3,11,0,10,0,1,0,0,0,0,0,1,1,3,-1,-1,-1,-1,-1,-1,-1,-1
2018301800831,1,9,0,18,0,8,0,0,0,0,3,1,6,1,21,5,1595,1,13,6,-1,6
2018301800831,2,1,0,9,0,6,0,0,0,0,1,1,6,1,33,6,-1,-1,-1,1,1,1
2018301800832,1,9,0,18,0,0,0,0,0,0,1,1,6,1,34,6,1149,1,6,6,1,6
2018301800832,2,9,0,18,0,0,0,0,0,0,1,1,6,1,56,9,1560,2,10,4,1,4
2018301800833,1,9,0,14,0,0,0,0,0,0,3,1,6,2,22,5,1598,1,4,1,1,1
2018301800833,2,9,0,2,0,0,0,0,0,0,3,1,6,1,-1,-1,1797,8,9,6,1,6
2018301800833,3,9,0,2,0,0,0,0,0,0,0,1,6,3,-1,-1,-1,-1,-1,-1,-1,-1
2018301800834,1,9,0,17,0,0,0,0,0,0,3,1,6,3,-1,-1,-1,-1,-1,-1,-1,-1
2018301800834,2,3,0,13,0,0,1,0,0,0,4,1,6,1,46,8,108,1,8,1,1,1
2018301800835,1,9,0,18,0,0,1,0,5,6,3,1,6,2,31,6,1360,1,12,9,1,9
2018301800836,1,9,0,12,0,1,0,0,0,0,3,1,6,1,-1,-1,1124,1,16,7,1,7
2018301800836,2,9,0,7,0,1,0,0,0,0,4,1,6,1,78,11,1364,1,11,2,1,2
2018301800837,1,11,0,4,0,0,0,0,0,0,0,1,1,3,-1,-1,-1,-1,-1,-1,-1,-1
2018301800838,1,9,0,4,0,1,0,0,0,0,1,1,2,2,39,7,1686,2,14,3,1,3
2018301800839,1,9,0,16,0,0,1,10,7,11,1,1,6,1,-1,-1,1999,1,11,7,3,7
2018301800840,1,9,0,18,0,1,0,0,0,0,1,1,6,3,-1,-1,1956,2,4,-1,-1,-1
2018301800840,2,9,0,10,0,1,0,0,0,0,2,1,6,1,43,7,1896,2,14,6,1,6
2018301800841,1,9,0,18,0,1,0,0,0,0,1,1,6,3,-1,-1,-1,-1,-1,-1,-1,-1
2018301800841,2,9,0,5,0,1,0,0,0,0,2,1,6,1,28,6,1461,2,5,10,1,10
2018301800842,1,9,0,2,0,0,0,0,0,0,3,1,6,1,79,11,1598,2,10,3,1,3
2018301800842,2,1,0,18,9,0,0,8,0,0,4,1,6,1,48,8,-1,-1,-1,-1,-1,-1
2018301800843,1,9,0,18,0,0,0,0,0,0,3,1,6,1,66,10,1896,2,10,5,2,5
2018301800844,1,9,0,3,0,2,0,0,0,0,2,1,6,1,39,7,1597,2,1,6,1,6
2018301800844,2,9,0,18,0,2,0,0,0,0,1,1,6,2,48,8,1490,1,11,1,1,1
2018301800845,1,11,0,4,0,2,0,0,0,0,4,1,1,1,54,8,6700,2,2,9,1,9
2018301800847,1,9,0,9,0,6,0,0,0,0,3,1,6,1,43,7,1968,2,4,5,2,5
2018301800847,2,9,0,14,0,8,0,0,0,0,1,1,6,3,-1,-1,1997,2,8,-1,-1,-1
2018301800847,3,9,0,3,0,1,0,0,0,0,0,1,6,3,-1,-1,-1,-1,-1,-1,-1,-1
2018301800848,1,5,0,18,0,8,0,0,0,0,1,1,6,1,79,11,647,1,15,7,1,7
2018301800848,2,9,0,9,0,5,0,0,0,0,3,1,6,1,48,8,-1,-1,-1,4,1,4
2018301800849,1,9,0,18,0,0,0,0,0,0,1,1,6,1,33,6,1398,2,16,1,1,1
2018301800849,2,9,0,4,0,0,0,0,0,0,2,1,6,1,45,7,1798,1,10,9,-1,9
2018301800850,1,9,0,4,0,1,0,0,0,0,2,1,6,3,-1,-1,998,1,-1,-1,-1,-1
2018301800850,2,1,0,18,0,1,0,0,0,0,1,1,6,1,29,6,-1,-1,-1,3,1,3
2018301800851,1,5,0,16,0,0,0,0,0,0,1,1,6,1,52,8,247,1,37,9,2,9
2018301800851,2,9,0,12,0,0,0,0,0,0,3,1,6,1,33,6,1596,1,11,5,1,5
2018301800852,1,9,0,11,0,8,0,0,0,0,4,1,6,1,60,9,1988,1,17,4,1,4
2018301800852,2,20,0,7,0,8,0,0,0,0,3,1,1,1,54,8,-1,-1,-1,8,1,8
2018301800853,1,5,0,3,0,1,0,0,0,0,2,1,6,1,45,7,800,1,1,6,1,6
2018301800853,2,19,0,18,0,1,0,0,0,0,1,1,1,1,45,7,-1,-1,-1,9,1,9
2018301800854,1,4,0,9,0,5,0,4,0,0,1,1,6,1,21,5,471,1,-1,10,1,10
2018301800854,2,9,0,2,0,1,0,0,0,0,2,1,6,1,39,7,2143,2,2,10,1,10
2018301800855,1,9,0,18,0,8,0,0,0,0,1,1,6,1,46,8,-1,-1,-1,2,1,2
2018301800855,2,97,0,18,0,6,0,0,0,0,1,1,6,1,22,5,-1,-1,-1,3,1,3
2018301800856,1,9,0,10,0,8,0,0,0,0,2,1,6,2,52,8,1968,2,6,8,1,8
2018301800856,2,5,0,18,0,8,0,0,0,0,1,1,6,1,51,8,800,1,4,7,1,7
2018301800857,1,5,0,18,0,8,0,0,0,0,1,1,6,1,74,10,373,1,-1,7,1,7
2018301800857,2,9,0,6,0,8,0,0,0,0,2,1,6,1,21,5,1956,2,6,2,1,2
2018301800858,1,9,0,17,0,0,2,0,0,0,1,1,6,1,23,5,1498,1,3,10,1,10
2018301800858,2,9,0,17,0,0,0,0,0,0,3,1,6,2,64,9,1242,1,5,9,1,9
2018301800859,1,9,0,18,0,0,0,0,2,7,4,1,6,1,31,6,1956,2,5,7,1,7
2018301800860,1,9,0,4,0,2,0,0,0,0,1,1,6,1,85,11,1242,1,18,2,1,2
2018301800860,2,1,0,18,0,2,0,0,0,0,2,1,6,2,43,7,-1,-1,-1,1,1,1
2018301800861,1,9,0,13,0,0,0,0,0,0,4,1,6,3,-1,-1,-1,-1,-1,-1,-1,-1
2018301800861,2,1,0,18,0,0,0,0,1,0,3,1,6,1,46,8,-1,-1,-1,9,2,9
2018301800862,1,9,0,18,0,0,0,0,0,0,4,1,6,1,31,6,1991,1,3,-1,-1,-1
2018301800862,2,9,0,18,0,0,0,0,0,0,3,1,6,1,74,10,1248,1,-1,5,1,5
2018301800862,3,9,0,18,0,0,0,0,0,0,3,1,6,1,-1,-1,1685,2,-1,5,1,5
2018301800863,1,9,0,9,0,5,0,0,0,0,1,1,6,2,46,8,1332,1,8,-1,-1,-1
2018301800863,2,1,0,17,0,8,0,0,0,0,3,1,6,1,35,6,-1,-1,-1,-1,-1,-1
2018301800864,1,9,0,18,0,0,0,0,0,0,1,1,6,3,-1,-1,1389,1,15,-1,-1,-1
2018301800864,2,9,0,4,0,0,0,0,0,0,2,1,6,2,19,4,1242,1,2,9,1,9
2018301800865,1,9,0,4,0,1,0,0,0,0,1,1,6,1,48,8,1560,2,8,10,1,10
2018301800865,2,2,5,7,0,1,0,0,0,0,2,1,6,1,56,9,124,1,7,2,1,2
2018301800866,1,9,0,18,0,0,0,0,0,0,1,1,6,1,83,11,-1,3,2,4,1,4
2018301800866,2,9,0,18,0,0,0,0,0,0,2,1,6,2,83,11,1299,1,10,3,1,3
2018301800866,3,9,0,18,0,0,0,0,0,0,1,1,6,2,26,6,1781,1,17,5,1,5
2018301800867,1,9,0,3,0,0,0,0,0,0,3,1,1,1,28,6,1560,2,1,1,1,1
2018301800867,2,2,0,16,0,0,0,0,0,0,1,1,6,1,21,5,-1,-1,-1,2,1,2
2018301800868,1,9,0,18,0,8,0,0,0,0,3,1,2,2,49,8,1753,2,8,3,1,3
2018301800868,2,9,0,9,0,6,0,0,0,0,1,1,2,1,23,5,1591,1,4,4,1,4
2018301800869,1,9,0,18,0,1,0,0,0,0,1,1,6,2,27,6,1242,1,4,8,1,8
2018301800869,2,9,0,18,0,1,0,0,0,0,2,1,6,2,27,6,1995,2,6,9,2,9
2018301800869,3,9,0,3,0,1,0,0,0,0,2,1,6,1,67,10,1086,1,12,6,1,6
2018301800870,1,9,0,7,0,2,1,7,0,0,1,1,6,1,55,8,2521,1,13,1,1,1
2018301800870,2,9,0,3,0,1,0,0,0,0,3,1,6,1,61,9,1986,2,11,8,1,8
2018301800871,1,8,0,5,0,4,0,0,0,0,3,2,1,1,44,7,1998,2,8,1,1,1
2018301800871,2,1,0,18,0,8,0,0,0,0,1,1,2,1,32,6,-1,-1,-1,3,1,3