Accident_Index,Vehicle_Reference,Vehicle_Type,Towing_and_Articulation,Vehicle_Manoeuvre,Vehicle_Location-Restricted_Lane,Junction_Location,Skidding_and_Overturning,Hit_Object_in_Carriageway,Vehicle_Leaving_Carriageway,Hit_Object_off_Carriageway,1st_Point_of_Impact,Was_Vehicle_Left_Hand_Drive?,Journey_Purpose_of_Driver,Sex_of_Driver,Age_of_Driver,Age_Band_of_Driver,Engine_Capacity_(CC),Propulsion_Code,Age_of_Vehicle,Driver_IMD_Decile,Driver_Home_Area_Type,Vehicle_IMD_Decile
2018301800872,1,9,0,3,0,1,0,0,0,0,2,1,2,1,33,6,2231,2,9,2,1,2
2018301800872,2,19,0,18,0,1,0,0,0,0,1,1,2,1,60,9,1598,2,4,5,1,5
2018301800873,1,9,0,9,0,5,0,0,0,0,4,1,1,2,36,7,999,1,1,4,1,4
2018301800873,2,5,0,18,0,8,0,0,0,0,1,1,6,1,23,5,599,1,11,6,1,6
2018301800874,1,19,0,17,0,0,0,0,7,9,1,1,6,1,34,6,1753,2,10,6,2,6
2018301800875,1,9,0,9,0,3,0,0,0,0,1,1,6,2,61,9,1598,1,8,10,1,10
2018301800876,1,9,0,9,0,5,0,0,0,0,1,1,6,2,-1,-1,1349,1,11,8,1,8
2018301800876,2,1,0,18,0,8,0,0,0,0,1,1,6,1,-1,-1,-1,-1,-1,9,1,9
2018301800877,1,9,0,18,0,0,0,0,0,0,1,1,6,3,-1,-1,-1,-1,-1,-1,-1,-1
2018301800877,2,1,0,18,0,0,0,0,0,0,2,1,6,1,19,4,-1,-1,-1,5,1,5
2018301800878,1,5,0,18,0,0,0,0,0,0,2,1,6,1,65,9,638,1,11,3,1,3
2018301800878,2,9,0,6,0,0,0,0,0,0,1,1,6,1,18,4,1363,2,14,2,1,2
2018301800879,1,9,0,9,0,5,0,0,7,2,1,1,6,1,18,4,1686,2,11,1,1,1
2018301800879,2,9,0,18,0,8,0,0,1,0,1,1,6,1,29,6,1984,1,13,8,-1,8
2018301800880,1,19,0,5,0,6,0,0,0,0,1,1,6,2,78,11,1753,2,8,10,1,10
2018301800880,2,1,0,18,0,8,0,0,0,0,1,1,6,1,57,9,-1,-1,-1,6,1,6
2018301800881,1,9,0,9,0,6,0,0,0,0,3,1,6,1,55,8,2231,2,12,1,1,1
2018301800881,2,9,0,18,0,8,0,0,0,0,1,1,6,2,29,6,1398,1,2,4,1,4
2018301800882,1,19,0,1,0,2,0,0,0,0,2,1,6,1,55,8,1997,2,1,3,1,3
2018301800883,1,19,0,18,0,0,1,0,1,0,1,1,2,1,57,9,1753,2,15,1,1,1
2018301800883,2,9,0,3,0,0,0,0,0,0,2,1,2,2,34,6,1995,2,1,8,1,8
2018301800883,3,9,0,3,0,0,0,0,0,0,2,1,2,1,29,6,1364,1,2,10,1,10
2018301800885,1,9,0,13,0,0,0,0,0,0,1,1,6,1,26,6,1368,1,6,3,3,3
2018301800885,2,9,0,18,0,0,0,0,0,0,1,1,6,1,18,4,998,1,7,5,1,5
2018301800885,3,9,0,18,0,0,0,0,0,0,0,1,6,3,-1,-1,-1,-1,-1,-1,-1,-1
2018301800886,1,11,0,16,0,0,0,0,0,0,1,1,6,1,21,5,12000,2,-1,9,1,9
2018301800886,2,5,0,17,0,0,1,0,1,9,3,1,6,1,41,7,806,1,5,8,1,8
2018301800887,1,9,0,5,0,6,0,0,0,0,1,1,6,1,72,10,1368,1,3,3,1,3
2018301800887,2,5,0,18,0,8,0,0,0,0,2,1,1,1,33,6,1043,1,-1,4,2,4
2018301800888,1,9,0,18,0,0,0,0,0,0,2,1,6,1,46,8,1995,2,13,1,1,1
2018301800888,2,9,0,18,0,0,0,0,0,0,1,1,6,3,-1,-1,-1,-1,-1,-1,-1,-1
2018301800889,1,9,0,18,0,8,5,0,0,0,4,1,6,1,63,9,1686,2,4,2,1,2
2018301800889,2,19,0,16,0,6,0,0,0,0,1,1,6,1,34,6,1499,2,2,7,1,7
2018301800890,1,11,0,17,0,0,0,0,0,0,1,1,1,2,49,8,4250,2,6,8,1,8
2018301800890,2,9,0,3,0,0,0,0,0,0,2,1,6,1,30,6,1398,2,8,9,1,9
2018301800891,1,9,0,9,0,6,0,0,0,0,1,1,6,1,63,9,1997,2,19,10,1,10
2018301800891,2,1,0,18,0,8,0,0,0,0,3,1,6,1,43,7,-1,-1,-1,4,1,4
2018301800893,1,9,0,9,0,3,0,0,0,0,4,1,6,2,67,10,1598,2,7,4,3,4
2018301800893,2,9,0,7,0,3,0,0,0,0,3,1,6,2,32,6,1686,2,4,-1,-1,-1
2018301800894,1,9,0,9,0,3,0,0,0,0,1,1,3,2,29,6,1388,1,10,4,1,4
2018301800894,2,9,0,18,0,4,0,0,0,0,1,1,1,2,46,8,1364,1,3,7,3,7
2018301800894,3,9,0,8,0,1,0,0,0,0,3,1,6,2,47,8,998,1,1,7,1,7
2018301800895,1,9,0,5,0,1,0,0,0,0,1,1,6,1,45,7,2231,2,12,3,1,3
2018301800895,2,9,0,3,0,2,0,0,0,0,0,1,6,3,-1,-1,-1,-1,-1,-1,-1,-1
2018301800896,1,9,0,18,0,0,2,0,7,9,1,1,6,1,34,6,1149,1,14,8,3,8
2018301800896,2,9,0,18,0,0,0,0,0,0,0,1,6,3,-1,-1,-1,-1,-1,-1,-1,-1
2018301800897,1,21,0,18,0,0,0,0,0,0,4,1,1,1,51,8,11946,2,10,2,1,2
2018301800897,2,1,0,18,0,0,0,0,0,0,3,1,6,1,43,7,-1,-1,-1,8,2,8
2018301800898,1,9,0,1,0,0,0,0,0,0,2,1,6,1,38,7,1896,2,14,1,1,1
2018301800898,2,9,0,4,0,0,0,0,0,0,1,1,3,2,37,7,1968,2,6,1,1,1
2018301800899,1,9,0,13,0,0,0,10,1,2,1,1,6,2,21,5,1896,2,13,2,1,2
2018301800899,2,9,0,16,0,0,0,0,0,0,0,1,6,1,20,4,1598,1,17,4,1,4
2018301800900,1,5,0,16,0,0,0,0,7,9,1,1,6,1,53,8,1000,1,-1,10,1,10
2018301800901,1,9,0,9,0,5,0,0,0,0,1,1,6,2,20,4,1248,1,-1,9,2,9
2018301800901,2,3,0,18,0,8,1,0,0,0,1,1,6,1,28,6,124,1,14,4,1,4
2018301800902,1,9,0,18,0,0,1,0,1,4,1,1,6,1,44,7,1910,2,10,1,1,1
2018301800903,1,9,0,14,0,0,0,0,0,0,1,1,6,2,29,6,1685,2,1,6,1,6
2018301800903,2,90,0,2,0,0,0,0,0,0,0,1,1,3,-1,-1,-1,-1,-1,-1,-1,-1
2018301800904,1,9,0,18,0,2,0,0,0,0,1,1,6,1,54,8,2993,2,8,2,1,2
2018301800904,2,22,0,18,0,6,5,0,0,0,3,1,6,2,70,10,-1,-1,-1,1,1,1
2018301800905,1,9,0,9,0,5,0,0,0,0,1,1,6,1,83,11,1997,1,3,3,1,3
2018301800905,2,5,0,18,0,8,0,0,0,0,1,1,6,1,33,6,636,1,16,3,1,3
2018301800906,1,9,0,16,0,1,0,0,0,0,1,1,6,1,48,8,1998,2,14,2,1,2
2018301800906,2,9,0,18,0,1,0,0,0,0,2,1,6,1,79,11,1197,1,5,3,1,3
2018301800906,3,19,0,4,0,1,0,0,0,0,2,1,6,1,33,6,2143,2,3,8,2,8
2018301800907,1,22,0,18,9,6,5,0,0,0,0,1,6,2,73,10,-1,-1,-1,1,1,1
2018301800908,1,9,0,17,0,0,2,0,2,11,3,1,6,2,28,6,1388,1,14,7,3,7
2018301800909,1,1,0,18,0,0,0,0,0,0,0,1,6,2,52,8,-1,-1,-1,7,3,7
2018301800910,1,9,0,3,0,1,0,0,0,0,2,1,6,2,33,6,1598,1,10,4,1,4
2018301800910,2,9,0,18,0,1,0,0,0,0,1,1,6,1,68,10,2000,2,7,5,1,5
2018301800911,1,8,0,17,0,8,0,0,0,0,1,1,2,1,36,7,1997,2,7,1,1,1
2018301800911,2,1,0,12,0,8,0,0,0,0,3,1,6,1,44,7,-1,-1,-1,2,1,2
2018301800912,1,9,0,13,0,0,0,0,0,0,4,1,6,1,87,11,1493,2,10,6,3,6
2018301800912,2,1,0,18,0,0,0,0,0,0,3,1,6,1,62,9,-1,-1,-1,6,1,6
2018301800913,1,3,0,18,0,8,0,0,0,0,1,1,6,1,52,8,124,1,2,2,2,2
2018301800913,2,9,0,18,0,4,0,0,0,0,3,1,6,1,37,7,1587,1,10,2,1,2
2018301800914,1,9,0,5,0,1,0,0,0,0,1,1,6,1,26,6,1995,2,6,8,1,8
2018301800914,2,8,0,8,0,1,0,0,0,0,2,1,6,1,29,6,1997,2,9,5,3,5
2018301800915,1,2,0,14,0,0,0,0,0,0,1,1,6,1,17,4,49,1,2,5,2,5
2018301800915,2,9,0,17,0,0,0,0,0,0,1,1,6,1,22,5,1598,2,2,9,2,9
2018301800915,3,9,0,2,0,0,0,0,0,0,3,1,6,3,-1,-1,1598,1,11,-1,-1,-1
2018301800916,1,9,0,18,0,0,0,0,0,0,1,1,6,2,35,6,2204,2,12,9,-1,9
2018301800916,2,9,0,3,0,0,0,0,0,0,2,1,6,2,42,7,1198,1,8,4,1,4
2018301800917,1,9,0,13,0,0,0,0,1,2,4,1,6,1,32,6,1388,1,11,2,1,2
2018301800917,2,9,0,18,0,0,0,0,0,0,0,1,6,3,-1,-1,-1,-1,-1,-1,-1,-1
2018301800918,1,9,0,9,0,6,0,0,0,0,1,1,6,1,69,10,1497,8,1,8,1,8
2018301800918,2,9,0,18,0,8,0,0,0,0,4,1,6,1,66,10,1560,2,10,4,1,4
2018301800920,1,11,0,18,0,0,0,0,0,0,1,1,1,1,49,8,4249,2,1,1,1,1
2018301800921,1,5,0,14,0,1,0,0,0,0,4,1,6,1,59,9,1550,1,17,6,1,6
2018301800921,2,21,1,18,0,1,0,0,0,0,3,1,6,3,-1,-1,-1,-1,-1,-1,-1,-1
2018301800922,1,9,0,9,0,6,0,0,0,0,1,1,6,2,32,6,3200,2,14,8,1,8
2018301800922,2,3,0,18,0,8,0,0,0,0,1,1,6,1,28,6,124,1,10,3,1,3
2018301800923,1,19,0,4,0,0,0,0,0,0,2,1,2,1,28,6,1997,2,11,5,1,5
2018301800923,2,9,0,18,0,0,1,0,0,0,1,1,6,1,41,7,1995,2,12,6,1,6
2018301800924,1,9,0,2,0,0,0,0,0,0,3,1,6,3,-1,-1,1149,1,16,-1,-1,-1
2018301800924,2,9,0,14,0,0,0,4,0,0,1,1,6,2,18,4,1199,1,14,4,1,4
2018301800926,1,9,0,13,0,0,0,0,0,0,3,1,6,3,-1,-1,-1,-1,-1,-1,-1,-1
2018301800926,2,1,0,18,0,0,0,0,0,0,3,1,6,1,53,8,-1,-1,-1,9,1,9
2018301800926,3,9,0,18,0,0,0,0,0,0,0,1,6,3,-1,-1,-1,-1,-1,-1,-1,-1
2018301800929,1,9,0,18,0,8,0,0,1,11,1,1,1,1,47,8,-1,-1,-1,6,3,6
2018301800929,2,9,0,18,0,6,0,0,7,9,1,1,6,1,20,4,1598,2,7,5,3,5
2018301800930,1,9,0,16,0,0,0,6,0,0,4,1,6,1,80,11,1399,2,10,5,3,5
2018301800930,2,9,0,17,0,0,0,0,0,0,1,1,6,1,32,6,999,1,1,9,3,9
2018301800931,1,9,0,4,0,1,0,0,0,0,2,1,6,1,48,8,1363,2,15,1,1,1
2018301800931,2,5,0,18,0,1,0,0,0,0,1,1,6,1,43,7,599,1,17,4,1,4
2018301800932,1,9,0,18,0,0,0,0,0,0,1,1,6,1,25,5,1968,2,9,1,1,1
2018301800932,2,9,0,2,0,0,0,0,0,0,0,1,6,3,-1,-1,-1,-1,-1,-1,-1,-1
2018301800933,1,9,0,14,0,0,0,4,0,0,1,1,6,1,86,11,1499,2,5,7,1,7
2018301800933,2,21,0,2,0,0,0,0,0,0,2,1,1,3,-1,-1,6700,2,2,-1,-1,-1
2018301800934,1,9,0,9,0,5,0,0,0,0,1,1,2,1,52,8,1956,2,3,3,1,3
2018301800934,2,9,0,18,0,8,0,0,0,0,1,1,2,1,38,7,1995,2,10,8,1,8
2018301800935,1,9,0,9,0,2,0,0,0,0,1,1,6,1,45,7,1973,1,20,1,1,1
2018301800935,2,9,0,18,0,1,0,0,0,0,1,1,6,2,35,6,1124,1,15,2,2,2
2018301800936,1,9,0,12,0,0,0,0,0,0,3,1,6,1,80,11,-1,-1,-1,8,2,8
2018301800936,2,9,0,18,0,0,0,0,1,4,4,1,6,1,23,5,1995,1,9,6,1,6
2018301800936,3,17,0,18,0,0,0,0,0,0,0,1,6,3,-1,-1,-1,-1,-1,-1,-1,-1
2018301800937,1,9,0,18,0,0,0,7,0,0,1,1,6,2,27,6,1598,2,2,2,1,2
2018301800938,1,9,0,17,0,0,0,4,0,0,3,1,6,2,72,10,1997,1,9,3,1,3
2018301800938,2,9,0,2,0,0,0,0,0,0,1,1,6,3,-1,-1,1968,2,10,-1,-1,-1
2018301800939,1,9,0,18,0,1,0,0,0,0,1,1,6,3,-1,-1,1896,2,8,-1,-1,-1
2018301800939,2,9,0,9,0,4,0,0,0,0,2,1,1,3,-1,-1,1896,2,10,-1,-1,-1
2018301800940,1,19,0,9,0,5,0,0,0,0,1,1,6,1,29,6,2198,2,4,6,2,6
2018301800940,2,1,0,18,1,8,0,0,0,0,1,1,6,1,60,9,-1,-1,-1,4,1,4
2018301800941,1,20,0,3,0,0,0,0,0,0,2,1,6,1,55,8,-1,-1,-1,-1,-1,-1
2018301800941,2,9,0,3,0,0,0,0,0,0,2,1,6,1,32,6,998,1,3,8,1,8
2018301800941,3,9,0,3,0,0,0,0,0,0,2,1,6,1,37,7,1596,1,3,8,-1,8
2018301800941,4,19,0,18,0,0,0,0,0,0,1,1,6,1,62,9,1995,2,10,6,3,6
2018301800942,1,9,0,18,0,0,0,0,0,0,4,1,6,1,59,9,1798,1,11,7,2,7
2018301800943,1,90,0,18,0,0,0,0,0,0,1,1,6,1,16,4,-1,-1,-1,1,1,1
2018301800943,2,19,0,18,0,0,0,0,0,0,1,1,6,1,52,8,2402,2,11,3,1,3
2018301800945,1,9,0,1,0,2,0,4,0,0,2,1,6,3,-1,-1,-1,-1,-1,-1,-1,-1
2018301800945,2,9,0,2,0,2,0,0,0,0,1,1,3,2,31,6,1389,1,16,1,1,1
2018301800946,1,9,0,4,0,1,0,0,0,0,1,1,6,1,23,5,1199,1,14,4,1,4
2018301800946,2,9,0,3,0,1,0,0,0,0,2,1,6,1,24,5,1364,1,13,7,1,7
2018301800947,1,9,0,10,0,1,0,0,0,0,2,1,6,2,25,5,1997,2,5,5,1,5
2018301800947,2,9,0,4,0,1,0,0,0,0,1,1,6,2,42,7,1229,1,10,2,1,2
2018301800949,1,11,0,2,0,2,0,0,0,0,0,1,1,1,36,7,6700,2,-1,2,1,2
2018301800950,1,9,0,13,0,0,0,0,0,0,1,1,6,2,73,10,998,1,6,10,1,10
2018301800950,2,1,0,18,0,0,0,0,1,0,2,1,6,1,71,10,-1,-1,-1,-1,-1,-1
2018301800951,1,9,0,18,0,0,0,0,0,0,3,1,6,1,20,4,1796,2,4,4,1,4
2018301800952,1,9,0,18,0,0,5,0,2,4,1,1,2,2,24,5,1905,2,20,3,1,3
2018301800953,1,9,0,18,0,1,0,0,0,0,1,1,6,3,-1,-1,-1,-1,-1,-1,-1,-1
2018301800953,2,1,0,18,0,6,0,0,0,0,1,1,1,1,30,6,-1,-1,-1,2,1,2
2018301800954,1,11,0,18,0,0,0,0,0,0,1,1,1,1,-1,-1,4250,2,4,6,1,6
2018301800954,2,9,0,18,0,0,0,0,0,0,1,1,6,1,35,6,1229,1,11,3,1,3
2018301800954,3,19,0,2,0,0,0,0,0,0,2,1,6,3,-1,-1,1995,2,-1,-1,-1,-1
2018301800954,4,19,0,2,0,0,0,0,0,0,2,1,6,3,-1,-1,1598,2,3,-1,-1,-1
2018301800955,1,1,0,18,9,0,0,0,0,0,0,1,6,1,24,5,-1,-1,-1,1,1,1
2018301800956,1,9,0,9,0,6,0,0,0,0,1,1,6,1,43,7,1998,1,10,2,2,2
2018301800956,2,9,0,18,0,8,0,0,0,0,4,1,6,2,32,6,1598,1,11,4,2,4
2018301800957,1,9,0,10,0,1,0,0,0,0,2,1,6,1,50,8,-1,-1,-1,4,1,4
2018301800957,2,9,0,18,0,1,0,0,0,0,1,1,6,1,39,7,1956,2,4,3,1,3
2018301800958,1,9,0,9,0,6,0,0,0,0,1,1,6,1,88,11,1360,1,10,9,1,9
2018301800958,2,19,0,18,0,8,0,0,0,0,4,1,2,1,67,10,2148,2,12,5,1,5
2018301800960,1,1,0,18,4,8,0,0,0,0,3,1,6,3,-1,-1,-1,-1,-1,-1,-1,-1
2018301800960,2,3,0,9,0,6,0,0,0,0,1,1,6,1,29,6,125,1,4,6,1,6
2018301800961,1,9,0,18,0,0,0,0,0,0,1,1,2,2,-1,-1,996,1,6,5,1,5
2018301800961,2,9,0,3,0,0,0,0,0,0,2,1,2,1,41,7,1998,2,8,1,1,1
2018301800962,1,9,0,9,0,5,0,0,0,0,3,1,6,1,65,9,1386,1,15,7,2,7
2018301800962,2,4,0,13,0,8,0,0,0,0,4,1,6,1,18,4,125,1,-1,5,2,5
2018301800963,1,3,0,18,0,0,0,0,0,0,1,1,6,1,21,5,-1,-1,-1,4,1,4
2018301800963,2,9,0,18,0,0,0,0,0,0,1,1,6,1,71,10,2494,1,19,10,1,10
2018301800964,1,9,0,18,0,2,0,0,0,0,1,1,6,1,25,5,1124,1,13,4,1,4
2018301800965,1,9,0,13,0,0,0,0,0,0,4,1,6,1,51,8,1968,2,5,5,1,5
2018301800965,2,1,0,18,0,0,0,0,0,0,1,1,6,1,50,8,-1,-1,-1,6,3,6
2018301800966,1,9,0,18,0,8,0,0,0,0,4,1,6,2,33,6,1329,1,9,4,2,4
2018301800966,2,1,0,18,0,6,0,0,0,0,1,1,6,1,13,3,-1,-1,-1,4,2,4
2018301800967,1,1,0,18,0,0,0,0,0,0,2,1,6,1,14,3,-1,-1,-1,2,1,2
2018301800967,2,19,0,18,0,0,0,0,0,0,1,1,2,1,21,5,1248,2,10,4,1,4
2018301800968,1,9,3,13,0,0,0,0,0,0,1,1,6,1,72,10,2985,2,11,5,1,5
2018301800968,2,1,0,18,0,0,0,0,0,0,3,1,6,1,53,8,-1,-1,-1,4,1,4
2018301800969,1,9,0,18,0,0,0,10,0,0,4,1,6,3,-1,-1,-1,-1,-1,-1,-1,-1
2018301800970,1,8,0,18,0,0,0,0,0,0,1,1,6,3,-1,-1,-1,-1,-1,-1,-1,-1
2018301800971,1,9,0,18,0,0,0,0,0,0,1,1,6,1,78,11,2354,1,15,-1,-1,-1
2018301800971,2,11,0,18,0,0,0,0,0,0,1,1,1,1,63,9,6700,2,2,2,1,2
2018301800972,1,9,0,9,0,6,0,0,0,0,1,1,6,1,22,5,999,1,2,9,1,9
2018301800972,2,9,0,17,0,8,0,0,0,0,1,1,6,2,51,8,1598,2,3,7,3,7
2018301800973,1,9,0,7,0,2,0,0,0,0,4,1,6,3,-1,-1,1984,1,11,-1,-1,-1
2018301800974,1,9,0,18,0,0,0,0,0,0,1,1,6,2,84,11,1798,8,-1,10,1,10
2018301800974,2,9,0,4,0,0,0,0,0,0,2,1,6,1,74,10,1120,2,2,-1,-1,-1
2018301800975,1,5,0,18,0,1,0,0,0,0,1,1,6,1,45,7,1188,1,28,9,2,9
2018301800975,2,1,0,18,0,1,0,0,0,0,4,1,6,1,35,6,-1,-1,-1,3,1,3
2018301800976,1,97,0,16,0,0,0,0,0,0,1,1,6,3,-1,-1,-1,-1,-1,-1,-1,-1
2018301800976,2,9,0,17,0,0,0,0,0,0,1,1,6,2,68,10,1498,1,10,3,1,3
2018301800977,1,9,0,18,0,0,0,0,4,6,3,1,6,2,19,4,1124,1,16,9,1,9
2018301800977,2,9,0,12,0,0,0,0,0,0,0,1,6,3,-1,-1,-1,-1,-1,-1,-1,-1
2018301800978,1,9,0,14,0,0,0,0,0,0,4,1,6,1,47,8,1596,1,11,-1,-1,-1
2018301800978,2,9,0,2,0,0,0,0,0,0,0,1,6,3,-1,-1,-1,-1,-1,-1,-1,-1
2018301800979,1,9,0,18,0,2,0,4,1,10,4,1,6,1,32,6,2993,2,10,1,1,1
2018301800979,2,9,0,2,0,2,0,0,0,0,1,1,6,3,-1,-1,1200,1,4,-1,-1,-1
2018301800979,3,9,0,2,0,2,0,0,0,0,2,1,6,3,-1,-1,1598,1,14,-1,-1,-1
2018301800980,1,9,0,18,0,2,0,0,0,0,1,1,6,2,50,8,1242,1,12,5,1,5
2018301800980,2,9,0,3,0,1,0,0,0,0,3,1,2,1,31,6,1461,2,3,9,2,9
2018301800980,3,9,0,18,0,1,0,0,0,0,1,1,6,3,-1,-1,-1,-1,-1,-1,-1,-1
2018301800981,1,8,0,18,0,1,0,0,0,0,4,1,1,1,45,7,2499,2,8,6,1,6
2018301800982,1,9,0,14,0,0,0,0,0,0,1,1,6,1,28,6,1598,1,11,7,1,7
2018301800982,2,9,0,2,0,0,0,0,0,0,0,1,6,3,-1,-1,-1,-1,-1,-1,-1,-1
2018301800983,1,1,0,18,0,2,0,0,0,0,3,1,4,1,15,3,-1,-1,-1,5,1,5
2018301800983,2,9,0,7,0,2,0,0,0,0,1,1,6,3,-1,-1,-1,-1,-1,-1,-1,-1
2018301800984,1,9,0,1,5,6,0,0,0,0,3,1,2,1,29,6,1199,1,15,1,1,1
2018301800984,2,1,0,18,5,8,0,0,0,0,1,1,2,1,34,6,-1,-1,-1,6,1,6
2018301800985,1,9,0,18,0,4,0,0,0,0,1,1,6,1,20,4,1199,1,14,2,1,2
2018301800985,2,9,0,18,0,8,0,0,0,0,2,1,6,2,71,10,1988,1,16,4,1,4
2018301800986,1,9,0,16,0,0,2,0,0,0,1,1,6,1,24,5,-1,-1,-1,1,1,1
2018301800987,1,9,0,14,0,0,0,0,0,0,1,1,6,2,52,8,1798,8,2,6,1,6
2018301800987,2,9,0,2,0,0,0,0,0,0,0,1,6,3,-1,-1,-1,-1,-1,-1,-1,-1
2018301800988,1,9,0,18,0,0,0,0,0,0,1,1,6,1,24,5,1997,2,3,8,2,8
2018301800988,2,9,0,3,0,0,0,0,0,0,2,1,6,2,45,7,1386,1,11,7,3,7
2018301800988,3,9,0,3,0,0,0,0,0,0,2,1,6,2,34,6,1560,2,6,6,3,6
2018301800988,4,9,0,3,0,0,0,0,0,0,2,1,6,2,30,6,999,1,3,7,1,7
2018301800989,1,9,0,14,0,0,0,0,0,0,1,1,6,1,18,4,2143,2,1,1,1,1
2018301800989,2,9,0,2,0,0,0,0,0,0,0,1,6,3,-1,-1,-1,-1,-1,-1,-1,-1
2018301800990,1,9,0,18,0,0,5,4,0,0,4,1,6,2,74,10,1398,1,4,7,1,7
2018301800990,2,9,0,2,0,0,0,0,0,0,3,1,6,3,-1,-1,1596,1,12,-1,-1,-1
2018301800990,3,9,0,2,0,0,0,0,0,0,3,1,6,3,-1,-1,1753,2,17,-1,-1,-1
2018301800991,1,5,0,16,0,0,0,0,0,0,1,1,6,1,-1,-1,998,1,19,6,1,6
2018301800991,2,1,0,6,0,0,0,0,0,0,4,1,6,1,55,8,-1,-1,-1,10,1,10
2018301800992,1,9,0,4,0,0,0,0,0,0,2,1,6,3,-1,-1,-1,-1,-1,-1,-1,-1
2018301800992,2,1,0,18,0,0,0,0,0,0,1,1,6,1,19,4,-1,-1,-1,3,1,3
2018301800993,1,11,0,2,0,0,0,0,0,0,0,1,1,1,58,9,9000,2,6,3,2,3
2018301800994,1,9,0,7,0,5,0,0,0,0,4,1,6,2,48,8,1398,1,14,1,1,1
2018301800994,2,1,0,15,0,1,0,0,0,0,1,1,6,2,57,9,-1,-1,-1,2,1,2
2018301800995,1,5,0,18,0,0,0,0,0,0,1,1,6,1,36,7,999,1,11,3,1,3
2018301800995,2,9,0,18,0,0,0,0,0,0,1,1,6,1,31,6,1598,1,16,3,1,3
2018301800996,1,11,0,5,0,1,0,0,0,0,0,1,1,3,-1,-1,-1,-1,-1,-1,-1,-1
2018301800997,1,9,0,18,0,8,0,0,0,0,1,1,6,1,30,6,1968,2,11,2,1,2
2018301800998,1,9,0,17,0,0,2,0,0,0,3,1,6,1,21,5,1200,1,16,8,1,8
2018301800999,1,9,0,3,0,0,0,0,0,0,1,1,6,2,50,8,1596,1,6,3,1,3
2018301800999,2,9,0,1,0,0,0,0,0,0,2,1,6,1,26,6,1995,2,6,1,1,1
2018301801000,1,9,0,6,0,8,0,0,0,0,2,1,1,2,29,6,1242,1,2,5,1,5
2018301801000,2,9,0,16,0,8,0,0,0,0,1,1,6,1,53,8,1395,1,1,8,1,8
2018301801001,1,20,0,18,0,0,0,4,0,0,1,1,1,1,48,8,10837,2,5,-1,-1,-1
2018301801001,2,19,0,2,0,0,0,0,0,0,2,1,1,1,57,9,2299,2,3,4,1,4
2018301801002,1,9,0,18,0,1,0,0,0,0,1,1,6,1,26,6,1896,2,16,3,1,3
2018301801002,2,9,0,3,0,1,0,0,0,0,2,1,6,1,27,6,1753,2,17,9,1,9
2018301801003,1,5,0,16,0,0,0,0,0,0,1,1,6,1,20,4,600,1,23,1,1,1
2018301801003,2,9,0,17,0,0,0,0,0,0,1,1,6,1,20,4,-1,-1,-1,1,1,1
2018301801003,3,4,0,16,0,0,0,0,0,0,1,1,6,1,28,6,600,1,12,1,1,1
2018301801004,1,9,0,17,0,0,2,0,7,11,1,1,2,1,17,4,1298,1,19,4,3,4
2018301801005,1,9,0,16,0,0,0,0,0,0,3,1,6,1,72,10,1997,2,9,7,1,7
2018301801005,2,17,0,17,0,0,0,0,0,0,3,1,6,1,45,7,-1,2,16,8,3,8
2018301801006,1,9,0,18,0,0,0,0,0,0,4,1,6,1,20,4,1198,1,7,5,1,5
2018301801007,1,9,0,9,0,5,0,0,0,0,1,1,6,2,76,11,996,1,7,8,3,8
2018301801007,2,1,0,17,0,8,0,0,0,0,1,1,6,1,50,8,-1,-1,-1,7,3,7
2018301801008,1,9,0,7,0,3,0,0,0,0,1,1,6,1,18,4,1229,1,13,5,1,5
2018301801008,2,5,0,7,0,3,0,0,0,0,1,1,6,1,-1,-1,1043,1,2,6,1,6
2018301801009,1,9,0,18,0,0,0,0,0,0,3,1,6,1,57,9,1388,1,8,7,1,7
2018301801009,2,9,0,18,0,0,0,0,0,0,3,1,6,3,-1,-1,1968,2,8,-1,-1,-1
2018301801010,1,9,0,7,0,6,0,0,0,0,3,1,6,1,18,4,1086,1,8,4,1,4
2018301801010,2,1,0,18,0,8,0,0,0,0,1,1,6,2,45,7,-1,-1,-1,4,1,4
2018301801011,1,5,0,18,0,0,0,0,0,0,1,1,6,1,22,5,649,1,11,6,2,6
2018301801011,2,9,0,12,0,0,0,0,0,0,2,1,6,3,-1,-1,1195,1,20,-1,-1,-1
2018301801012,1,9,0,17,0,0,0,10,0,0,1,1,6,2,52,8,1349,1,7,3,1,3
2018301801012,2,3,0,2,0,0,0,0,0,0,3,1,6,1,21,5,125,1,10,4,1,4
2018301801012,3,9,0,2,0,0,0,0,0,0,3,1,6,1,28,6,998,1,3,4,1,4
2018301801013,1,11,0,9,0,5,0,0,0,0,3,1,1,1,45,7,4461,2,3,1,1,1
2018301801013,2,2,0,13,0,8,0,0,0,0,4,1,6,1,16,4,49,1,14,6,2,6
2018301801014,1,9,0,18,0,8,0,0,0,0,1,1,6,1,49,8,1364,1,-1,3,1,3
2018301801014,2,9,0,9,0,5,0,0,0,0,2,1,6,1,70,10,1798,8,3,3,1,3
2018301801015,1,9,0,18,0,4,0,0,0,0,1,1,6,3,-1,-1,-1,-1,-1,-1,-1,-1
2018301801015,2,1,0,17,0,8,0,0,0,0,4,1,6,1,28,6,-1,-1,-1,9,1,9