Accident_Index,Vehicle_Reference,Vehicle_Type,Towing_and_Articulation,Vehicle_Manoeuvre,Vehicle_Location-Restricted_Lane,Junction_Location,Skidding_and_Overturning,Hit_Object_in_Carriageway,Vehicle_Leaving_Carriageway,Hit_Object_off_Carriageway,1st_Point_of_Impact,Was_Vehicle_Left_Hand_Drive?,Journey_Purpose_of_Driver,Sex_of_Driver,Age_of_Driver,Age_Band_of_Driver,Engine_Capacity_(CC),Propulsion_Code,Age_of_Vehicle,Driver_IMD_Decile,Driver_Home_Area_Type,Vehicle_IMD_Decile
2018301801017,1,19,0,18,0,0,0,0,0,0,1,1,1,3,-1,-1,-1,-1,-1,-1,-1,-1
2018301801017,2,1,0,18,0,0,0,0,0,0,1,1,6,2,7,2,-1,-1,-1,9,3,9
2018301801018,1,9,0,13,0,0,0,0,0,0,1,1,6,1,71,10,1197,1,1,8,1,8
2018301801018,2,17,5,18,0,0,0,0,0,0,0,1,6,3,-1,-1,-1,-1,-1,-1,-1,-1
2018301801018,3,1,0,18,0,0,0,0,0,0,1,1,6,1,61,9,-1,-1,-1,9,3,9
2018301801019,1,9,0,16,0,0,0,0,7,2,3,1,6,2,69,10,1197,1,2,9,1,9
2018301801020,1,9,0,17,0,0,0,0,0,0,1,1,6,1,23,5,1598,2,6,7,2,7
2018301801020,2,19,0,12,0,0,0,0,0,0,1,1,6,3,-1,-1,1753,2,6,-1,-1,-1
2018301801021,1,19,0,18,0,0,0,0,0,0,4,1,6,1,23,5,-1,-1,-1,-1,-1,-1
2018301801021,2,1,0,18,0,0,0,11,0,0,3,1,6,1,64,9,-1,-1,-1,8,3,8
2018301801022,1,9,0,9,0,6,0,0,0,0,3,1,2,1,20,4,1242,1,1,9,1,9
2018301801022,2,9,0,18,0,8,0,0,0,0,1,1,6,2,45,7,1956,2,4,6,1,6
2018301801022,3,9,0,7,0,2,0,0,0,0,0,1,6,3,-1,-1,-1,-1,-1,-1,-1,-1
2018301801023,1,9,0,18,0,0,0,0,0,0,3,1,6,2,42,7,1299,1,18,1,1,1
2018301801023,2,21,1,1,0,0,0,0,0,0,3,1,1,1,62,9,10677,2,1,5,1,5
2018301801025,1,9,0,18,0,0,0,0,0,0,1,1,6,2,22,5,1398,1,3,2,1,2
2018301801025,2,9,0,18,0,0,0,0,0,0,1,1,6,1,59,9,1956,2,3,9,1,9
2018301801026,1,9,0,18,0,0,0,0,0,0,4,1,6,3,-1,-1,-1,-1,-1,-1,-1,-1
2018301801027,1,9,0,18,0,0,0,0,0,0,1,1,6,3,-1,-1,-1,-1,-1,-1,-1,-1
2018301801027,2,1,0,18,0,0,0,0,0,0,2,1,6,1,15,3,-1,-1,-1,1,1,1
2018301801028,1,9,0,18,0,8,0,0,0,0,2,1,6,1,21,5,1995,2,4,6,1,6
2018301801028,2,3,0,18,0,8,0,0,0,0,1,1,6,1,-1,-1,125,1,4,3,1,3
2018301801028,3,1,0,18,0,6,0,0,0,0,1,1,6,1,36,7,-1,-1,-1,1,1,1
2018301801029,1,9,0,14,0,0,0,0,0,0,4,1,6,3,-1,-1,-1,-1,-1,-1,-1,-1
2018301801029,2,19,0,2,0,0,0,0,0,0,0,1,6,3,-1,-1,-1,-1,-1,-1,-1,-1
2018301801030,1,9,0,3,0,8,0,0,0,0,2,1,6,1,27,6,1200,1,3,4,1,4
2018301801030,2,19,0,18,0,8,0,0,0,0,1,1,6,3,-1,-1,1870,2,15,-1,-1,-1
2018301801031,1,9,0,18,0,2,0,0,0,0,1,1,6,1,52,8,1896,2,12,3,1,3
2018301801032,1,9,0,6,0,0,0,0,0,0,3,1,6,1,85,11,1197,1,5,4,1,4
2018301801032,2,9,0,18,0,0,0,0,0,0,1,1,6,2,38,7,1496,2,1,10,3,10
2018301801033,1,1,0,18,4,8,0,0,0,0,1,1,6,1,28,6,-1,-1,-1,1,1,1
2018301801033,2,9,0,9,0,5,0,0,0,0,3,1,6,1,56,9,1597,2,-1,5,1,5
2018301801034,1,9,0,9,0,6,0,0,0,0,1,1,6,1,78,11,1390,1,20,3,1,3
2018301801034,2,5,0,18,0,8,0,0,0,0,1,1,6,1,37,7,1304,1,4,2,1,2
2018301801035,1,19,0,18,0,0,0,0,0,0,1,1,6,3,-1,-1,1461,2,4,-1,-1,-1
2018301801035,2,1,0,18,0,0,0,0,0,0,2,1,6,2,48,8,-1,-1,-1,6,2,6
2018301801036,1,9,0,9,0,2,0,0,0,0,3,1,6,1,25,5,1975,1,14,9,2,9
2018301801036,2,19,0,3,0,1,0,0,0,0,0,1,6,3,-1,-1,-1,-1,-1,-1,-1,-1
2018301801037,1,11,0,18,0,0,0,0,0,0,0,1,1,1,31,6,9000,2,8,2,1,2
2018301801037,2,9,0,12,0,0,0,0,0,0,0,1,6,3,-1,-1,-1,-1,-1,-1,-1,-1
2018301801038,1,9,0,4,0,4,0,0,0,0,2,1,6,2,24,5,1390,1,6,6,1,6
2018301801038,2,9,0,18,0,4,0,0,0,0,1,1,6,1,65,9,1598,1,8,3,1,3
2018301801039,1,9,0,17,0,0,0,0,0,0,3,1,6,2,19,4,998,1,11,4,1,4
2018301801039,2,9,0,4,0,0,0,0,0,0,2,1,6,2,45,7,1598,1,5,6,2,6
2018301801039,3,4,0,16,0,0,0,0,0,0,1,1,6,1,24,5,400,1,23,4,2,4
2018301801039,4,9,0,13,0,0,0,0,0,0,4,1,6,3,-1,-1,-1,-1,-1,-1,-1,-1
2018301801040,1,19,0,13,0,0,0,0,0,0,4,1,6,1,22,5,-1,-1,-1,-1,-1,-1
2018301801040,2,1,0,16,0,0,0,0,0,0,3,1,6,1,38,7,-1,-1,-1,10,1,10
2018301801041,1,9,0,18,0,0,0,0,1,4,4,1,6,1,81,11,1598,1,11,7,3,7
2018301801042,1,9,0,18,0,1,0,0,0,0,1,1,6,2,50,8,998,1,1,7,3,7
2018301801042,2,2,0,10,0,8,0,0,0,0,2,1,6,1,17,4,50,1,1,10,2,10
2018301801043,1,9,0,13,0,0,0,0,0,0,4,1,6,3,-1,-1,1995,2,-1,-1,-1,-1
2018301801043,2,1,0,17,0,0,0,0,0,0,3,1,6,1,49,8,-1,-1,-1,7,3,7
2018301801044,1,8,0,4,0,0,0,0,0,0,2,1,6,3,-1,-1,2446,2,17,-1,-1,-1
2018301801044,2,1,0,18,0,0,0,0,0,0,1,1,6,1,49,8,-1,-1,-1,6,1,6
2018301801045,1,9,0,5,0,1,0,0,0,0,1,1,2,1,54,8,1332,1,9,4,1,4
2018301801045,2,22,0,18,0,6,0,0,0,0,3,1,6,2,81,11,-1,-1,-1,2,1,2
2018301801046,1,9,0,4,0,1,0,0,0,0,1,1,6,2,63,9,1364,2,13,6,1,6
2018301801046,2,1,0,3,0,1,0,0,0,0,2,1,6,1,34,6,-1,-1,-1,3,1,3
2018301801047,1,9,0,9,0,6,0,0,0,0,1,1,6,2,18,4,1595,1,17,4,3,4
2018301801047,2,1,0,9,0,5,0,0,0,0,3,1,6,1,48,8,-1,-1,-1,3,2,3
2018301801049,1,9,0,18,0,0,1,0,4,6,3,1,6,1,47,8,2993,2,3,3,1,3
2018301801050,1,9,0,17,0,0,0,0,0,0,3,1,6,1,52,8,999,1,-1,1,1,1
2018301801050,2,9,0,16,0,0,1,0,0,0,1,1,6,2,27,6,1390,1,11,9,1,9
2018301801051,1,9,0,17,0,0,1,0,2,11,4,1,6,1,19,4,1390,1,7,8,1,8
2018301801052,1,11,0,9,0,6,0,0,0,0,3,1,1,1,55,8,4250,2,9,5,1,5
2018301801052,2,9,0,18,0,8,1,0,0,0,1,1,6,1,49,8,2987,2,8,3,1,3
2018301801053,1,9,0,16,0,2,2,0,0,0,3,1,6,1,17,4,1150,1,14,4,1,4
2018301801054,1,97,0,18,0,1,1,0,0,0,4,1,6,1,18,4,-1,-1,-1,7,2,7
2018301801056,1,9,0,18,0,0,1,0,0,0,3,1,6,1,84,11,1596,1,4,10,1,10
2018301801056,2,9,0,18,0,0,0,0,1,0,1,1,2,1,50,8,-1,-1,-1,7,2,7
2018301801056,3,9,0,18,0,0,0,0,0,0,3,1,6,1,35,6,2360,1,15,2,1,2
2018301801058,1,5,0,4,0,0,1,0,0,0,0,1,6,1,26,6,649,1,8,1,2,1
2018301801059,1,9,0,18,0,0,0,0,0,0,0,1,6,3,-1,-1,-1,-1,-1,-1,-1,-1
2018301801059,2,9,0,2,0,0,0,0,0,0,1,1,6,2,68,10,1229,1,13,4,1,4
2018301801059,3,1,0,18,0,0,0,4,0,0,1,1,6,1,11,3,-1,-1,-1,4,1,4
2018301801060,1,9,0,18,0,0,0,0,0,0,2,1,2,2,37,7,1598,1,3,5,1,5
2018301801060,2,9,0,18,0,0,0,0,0,0,1,1,6,3,-1,-1,-1,-1,-1,-1,-1,-1
2018301801061,1,11,0,18,0,1,0,0,0,0,3,1,1,1,39,7,6700,2,-1,9,1,9
2018301801061,2,9,0,13,0,1,0,0,0,0,4,1,6,1,49,8,1999,1,1,7,1,7
2018301801061,3,9,0,7,0,6,0,0,0,0,4,1,6,1,23,5,2521,1,11,2,1,2
2018301801062,1,19,0,17,0,0,0,0,0,0,1,1,6,1,61,9,1968,2,4,10,2,10
2018301801062,2,9,0,16,0,0,0,0,0,0,1,1,6,2,37,7,1796,1,18,1,1,1
2018301801063,1,9,0,9,0,6,0,0,0,0,1,1,6,1,39,7,1596,1,17,9,1,9
2018301801063,2,9,0,17,0,8,0,0,0,0,1,1,6,2,24,5,998,1,2,6,1,6
2018301801064,1,9,3,7,0,3,0,0,0,0,1,1,1,1,47,8,2402,2,7,4,1,4
2018301801065,1,19,0,18,0,0,0,0,0,0,1,1,6,1,30,6,1995,2,-1,5,3,5
2018301801065,2,19,0,2,9,0,0,0,0,0,2,1,6,3,-1,-1,2148,2,14,-1,-1,-1
2018301801065,3,9,0,2,9,0,0,0,0,0,2,1,6,3,-1,-1,1229,1,12,-1,-1,-1
2018301801066,1,9,0,18,0,4,0,0,7,2,1,1,6,1,82,11,-1,-1,-1,2,2,2
2018301801066,2,9,0,9,0,3,0,0,0,0,3,1,6,1,45,7,1791,8,7,-1,-1,-1
2018301801068,1,97,0,18,0,0,0,4,0,0,1,1,6,1,16,4,-1,-1,-1,4,1,4
2018301801068,2,9,0,2,0,0,0,0,0,0,2,1,6,3,-1,-1,-1,-1,-1,-1,-1,-1
2018301801068,3,9,0,2,0,0,0,0,0,0,0,1,1,3,-1,-1,-1,-1,-1,-1,-1,-1
2018301801069,1,9,0,9,0,6,0,0,0,0,1,1,6,2,56,9,1108,1,16,3,2,3
2018301801069,2,3,0,18,0,8,0,0,0,0,3,1,6,1,19,4,-1,-1,-1,3,2,3
2018301801069,3,9,0,2,0,2,0,0,0,0,3,1,6,3,-1,-1,1598,1,16,-1,-1,-1
2018301801069,4,9,0,2,0,2,0,0,0,0,2,1,6,3,-1,-1,1995,2,14,-1,-1,-1
2018301801070,1,9,0,16,0,0,1,0,1,0,1,1,6,1,20,4,1560,2,11,6,2,6
2018301801072,1,9,0,18,0,0,0,0,0,0,3,1,6,3,-1,-1,-1,-1,-1,-1,-1,-1
2018301801073,1,9,0,18,0,8,0,0,0,0,3,1,6,2,47,8,1497,8,2,7,3,7
2018301801073,2,9,0,9,0,6,0,0,0,0,1,1,6,1,17,4,998,1,9,10,1,10
2018301801073,3,9,0,18,0,6,0,0,0,0,3,1,6,1,17,4,1386,1,9,10,1,10
2018301801074,1,9,0,9,0,5,0,0,0,0,3,1,6,1,33,6,2996,1,2,5,1,5
2018301801074,2,9,0,10,0,1,0,0,0,0,3,1,6,2,-1,-1,1390,1,9,2,1,2
2018301801075,1,9,0,1,0,6,0,0,0,0,2,1,3,2,39,7,1968,2,12,3,1,3
2018301801075,2,9,0,18,0,8,0,0,0,0,1,1,2,1,42,7,1995,2,13,1,1,1
2018301801076,1,19,0,9,0,6,0,0,0,0,4,1,1,1,44,7,1870,2,15,3,1,3
2018301801076,2,2,0,18,0,8,0,0,0,0,1,1,1,1,18,4,49,1,8,3,1,3
2018301801077,1,9,0,5,0,6,0,0,0,0,2,1,6,1,40,7,2969,2,12,2,1,2
2018301801077,2,9,0,4,0,8,0,0,0,0,1,1,6,1,69,10,1598,1,12,1,1,1
2018301801078,1,9,0,18,0,0,1,0,0,0,1,1,6,1,64,9,1395,1,1,5,2,5
2018301801078,2,19,0,2,0,0,0,0,0,0,0,1,6,3,-1,-1,-1,-1,-1,-1,-1,-1
2018301801079,1,9,0,7,0,6,0,0,0,0,1,1,6,1,34,6,1595,1,9,3,3,3
2018301801079,2,9,0,18,0,8,0,0,0,0,1,1,6,2,50,8,1398,1,4,5,2,5
2018301801080,1,9,0,18,0,1,0,0,0,0,1,1,6,1,31,6,1995,2,4,6,3,6
2018301801080,2,9,0,3,0,1,0,0,0,0,2,1,6,2,27,6,1461,2,2,1,1,1
2018301801080,3,9,0,3,0,1,0,0,0,0,2,1,6,2,53,8,1360,1,12,2,1,2
2018301801081,1,9,0,16,0,1,0,0,0,0,1,1,6,2,62,9,1984,1,15,6,1,6
2018301801081,2,9,0,3,0,1,0,0,0,0,2,1,6,1,34,6,1398,1,5,1,1,1
2018301801081,3,9,0,3,0,1,0,0,0,0,2,1,6,2,48,8,1598,2,3,9,2,9
2018301801082,1,9,0,7,0,6,0,0,0,0,1,1,6,2,19,4,-1,-1,-1,1,1,1
2018301801082,2,1,0,18,0,2,0,0,0,0,3,1,6,2,19,4,-1,-1,-1,5,1,5
2018301801083,1,9,0,7,0,6,0,0,1,0,1,1,6,1,75,10,1999,2,3,7,2,7
2018301801084,1,19,0,14,0,0,0,0,0,0,4,1,6,3,-1,-1,-1,-1,-1,-1,-1,-1
2018301801084,2,1,0,4,0,0,0,0,0,0,3,1,6,1,48,8,-1,-1,-1,2,1,2
2018301801085,1,3,0,18,0,1,0,0,0,0,1,1,6,1,29,6,125,1,2,7,3,7
2018301801085,2,19,0,3,0,1,0,0,0,0,2,1,6,1,60,9,1461,2,4,9,1,9
2018301801086,1,9,3,2,0,0,0,0,0,0,2,1,6,1,62,9,2497,2,12,2,1,2
2018301801086,2,9,0,18,0,0,1,4,0,0,1,1,6,2,19,4,1368,1,9,7,1,7
2018301801088,1,5,0,18,0,0,0,0,1,0,1,1,6,1,46,8,998,1,6,4,1,4
2018301801088,2,19,0,18,0,0,0,0,7,11,1,1,6,1,69,10,-1,-1,-1,4,1,4
2018301801089,1,9,0,9,0,5,0,0,0,0,4,1,2,2,21,5,1399,2,14,3,1,3
2018301801089,2,9,0,17,0,4,0,0,0,0,1,1,6,1,51,8,-1,-1,-1,8,1,8
2018301801090,1,19,0,1,0,0,0,0,0,0,2,1,6,3,-1,-1,2299,2,2,-1,-1,-1
2018301801090,2,5,0,3,0,0,1,0,0,0,1,1,6,1,52,8,599,1,16,9,3,9
2018301801092,1,3,0,18,0,0,0,0,1,1,1,1,6,1,28,6,124,1,5,5,3,5
2018301801093,1,9,0,9,0,6,0,0,0,0,1,1,6,1,70,10,4367,2,8,6,1,6
2018301801093,2,21,1,18,0,8,0,0,0,0,1,1,1,1,66,10,12777,2,1,7,1,7
2018301801094,1,9,0,18,0,2,0,0,0,0,1,1,6,1,53,8,1396,1,16,6,1,6
2018301801094,2,9,0,2,0,2,0,0,0,0,2,1,6,3,-1,-1,1398,2,8,-1,-1,-1
2018301801095,1,9,0,17,0,0,2,0,1,0,1,1,6,2,45,7,2495,2,19,8,1,8
2018301801096,1,11,0,2,0,0,0,0,0,0,0,1,1,2,36,7,-1,-1,-1,4,1,4
2018301801097,1,11,0,18,2,0,0,0,0,0,3,1,1,1,37,7,6370,2,6,2,1,2
2018301801097,2,8,0,11,0,0,0,0,0,0,4,1,1,1,42,7,1598,2,3,1,1,1
2018301801098,1,9,0,18,0,0,0,0,0,0,1,1,6,1,30,6,1781,1,13,2,1,2
2018301801098,2,9,0,3,0,0,0,0,0,0,2,1,6,2,42,7,1598,1,7,-1,-1,-1
2018301801099,1,9,0,16,0,0,0,0,0,0,1,1,6,2,38,7,1296,1,10,1,1,1
2018301801099,2,98,4,4,0,0,0,0,0,0,2,1,1,1,50,8,-1,-1,-1,1,1,1
2018301801101,1,9,0,18,0,0,1,0,0,0,1,1,2,1,18,4,1388,1,15,7,3,7
2018301801101,2,19,0,4,0,0,0,0,0,0,2,1,2,1,30,6,2198,2,2,4,2,4
2018301801102,1,9,0,18,0,2,0,0,0,0,1,1,6,1,62,9,1390,1,12,8,1,8
2018301801102,2,9,0,18,0,1,0,0,0,0,1,1,6,2,51,8,1997,2,3,8,2,8
2018301801104,1,19,0,11,0,3,0,0,0,0,1,1,2,1,45,7,2143,2,2,5,1,5
2018301801104,2,9,0,7,0,3,0,0,0,0,3,1,6,2,40,7,1968,2,9,10,1,10
2018301801105,1,19,0,16,0,0,0,0,0,0,1,1,6,1,56,9,1686,2,13,4,2,4
2018301801107,1,9,0,14,0,0,1,0,0,0,1,1,6,1,73,10,1598,1,15,4,1,4
2018301801107,2,9,0,2,0,0,0,0,0,0,0,1,6,3,-1,-1,-1,-1,-1,-1,-1,-1
2018301801108,1,9,0,18,0,8,0,0,0,0,4,1,6,2,28,6,1998,2,13,8,1,8
2018301801108,2,19,0,18,0,8,0,0,0,0,3,1,6,3,-1,-1,-1,-1,-1,-1,-1,-1
2018301801110,1,9,0,9,0,1,0,0,0,0,1,1,6,1,45,7,1997,2,-1,7,3,7
2018301801110,2,9,0,18,0,8,0,0,0,0,1,1,6,2,44,7,1896,2,13,7,3,7
2018301801111,1,9,0,10,0,8,0,0,0,0,2,1,6,2,46,8,1298,1,18,5,2,5
2018301801111,2,9,0,18,0,8,0,0,0,0,1,1,6,1,-1,-1,1199,1,16,8,2,8
2018301801112,1,9,0,18,0,8,0,0,0,0,1,1,6,1,33,6,1364,1,12,3,1,3
2018301801112,2,9,0,9,0,5,0,0,0,0,4,1,6,1,43,7,1995,2,15,2,2,2
2018301801113,1,5,0,18,0,0,0,0,0,0,1,1,6,1,57,9,1157,1,15,6,2,6
2018301801113,2,19,0,4,0,0,0,0,0,0,2,1,6,1,25,5,-1,-1,-1,5,1,5
2018301801114,1,9,0,18,0,0,0,4,0,0,1,1,6,1,59,9,1598,1,8,8,1,8
2018301801114,2,19,0,2,0,0,0,0,0,0,2,1,6,1,47,8,2198,2,2,7,3,7
2018301801115,1,9,0,14,0,0,5,4,0,0,4,1,6,1,51,8,1364,2,7,8,3,8
2018301801115,2,9,0,2,0,0,0,0,0,0,3,1,6,3,-1,-1,1499,2,2,-1,-1,-1
2018301801116,1,9,0,12,0,8,0,0,0,0,3,1,6,1,30,6,1598,1,19,9,3,9
2018301801116,2,19,0,17,0,8,0,0,0,0,4,1,6,3,-1,-1,10800,2,1,-1,-1,-1
2018301801117,1,9,0,16,0,8,0,0,0,0,4,1,6,2,21,5,1242,1,2,10,1,10
2018301801117,2,1,0,18,0,6,0,0,0,0,1,1,6,1,10,2,-1,-1,-1,4,1,4
2018301801118,1,9,0,7,0,6,0,0,0,0,1,1,6,1,87,11,2435,1,17,6,3,6
2018301801118,2,1,0,16,0,8,0,0,0,0,1,1,6,1,67,10,-1,-1,-1,9,2,9
2018301801118,3,1,0,16,0,8,0,0,0,0,1,1,6,2,59,9,-1,-1,-1,9,2,9
2018301801119,1,97,0,18,0,0,0,0,0,0,1,1,6,1,69,10,-1,-1,-1,8,1,8
2018301801119,2,9,0,12,0,0,0,0,0,0,1,1,6,2,29,6,1590,1,14,7,1,7
2018301801120,1,9,0,17,0,0,0,0,0,0,1,1,6,2,-1,-1,1991,2,9,10,3,10
2018301801120,2,9,0,16,0,0,0,0,0,0,1,1,6,1,71,10,1560,2,6,9,1,9
2018301801121,1,19,0,17,0,0,2,0,1,11,4,1,6,1,32,6,1598,2,4,8,1,8
2018301801122,1,9,0,5,0,1,0,0,0,0,4,1,6,2,34,6,2199,2,2,2,1,2
2018301801122,2,9,0,5,0,1,0,0,0,0,3,1,6,2,51,8,1499,2,2,7,1,7
2018301801123,1,9,0,18,0,0,0,0,0,0,4,1,6,3,-1,-1,-1,-1,-1,-1,-1,-1
2018301801124,1,9,0,16,0,0,0,0,0,0,3,1,6,3,-1,-1,-1,-1,-1,-1,-1,-1
2018301801124,2,9,0,17,0,0,0,0,0,0,3,1,6,1,40,7,1995,2,3,8,1,8
2018301801125,1,9,0,18,0,6,0,0,0,0,1,1,6,2,21,5,998,1,12,5,3,5
2018301801125,2,1,0,17,0,8,0,0,0,0,4,1,6,2,55,8,-1,-1,-1,5,3,5
2018301801126,1,9,0,18,0,0,0,0,0,0,1,1,6,3,-1,-1,1896,2,15,-1,-1,-1
2018301801126,2,9,0,4,0,0,0,0,0,0,2,1,6,2,29,6,1995,1,12,2,1,2
2018301801127,1,11,0,10,0,1,0,0,0,0,3,1,1,1,61,9,7698,2,3,1,1,1
2018301801127,2,1,0,18,0,1,0,0,0,0,1,1,6,1,21,5,-1,-1,-1,1,1,1
2018301801128,1,9,0,18,0,0,0,0,0,0,1,1,2,1,24,5,998,1,3,9,2,9
2018301801128,2,9,0,4,0,0,0,0,0,0,2,1,2,1,22,5,1200,1,1,2,1,2
2018301801128,3,9,0,4,0,0,0,0,0,0,2,1,2,2,43,7,1229,1,4,5,1,5
2018301801129,1,9,0,18,0,0,0,0,0,0,4,1,6,3,-1,-1,1242,1,4,-1,-1,-1
2018301801130,1,9,0,4,0,0,0,0,0,0,2,1,6,1,45,7,1992,2,12,6,1,6
2018301801130,2,1,0,18,0,0,0,0,0,0,1,1,6,1,15,3,-1,-1,-1,1,1,1
2018301801131,1,9,0,9,0,5,0,0,0,0,3,1,6,2,30,6,1598,1,6,5,1,5
2018301801131,2,4,0,13,0,8,0,0,0,0,4,1,6,1,51,8,385,1,17,8,1,8
2018301801132,1,2,0,9,0,6,1,0,0,0,0,1,6,2,24,5,102,1,5,3,3,3
2018301801133,1,19,0,9,0,6,0,0,0,0,4,1,1,1,-1,-1,2287,2,2,3,1,3
2018301801133,2,1,0,18,0,8,0,0,0,0,1,1,6,1,13,3,-1,-1,-1,4,2,4
2018301801134,1,19,0,7,0,3,0,0,0,0,4,1,6,1,58,9,1997,2,6,3,1,3
2018301801134,2,9,0,17,0,8,0,0,0,0,3,1,6,1,42,7,2494,1,20,1,1,1
2018301801135,1,9,0,17,0,0,0,4,0,0,4,1,6,1,24,5,1896,2,15,9,1,9
2018301801135,2,9,0,2,0,0,0,0,0,0,3,1,6,3,-1,-1,1796,1,21,-1,-1,-1
2018301801135,3,9,0,16,0,0,0,0,0,0,0,1,6,3,-1,-1,-1,-1,-1,-1,-1,-1
2018301801136,1,8,0,5,0,0,0,0,0,0,4,1,1,3,-1,-1,1968,2,11,-1,-1,-1
2018301801137,1,9,0,14,0,0,0,0,0,0,4,1,6,2,24,5,1200,1,2,8,1,8
2018301801137,2,9,0,2,0,0,0,0,0,0,3,1,6,1,74,10,2143,2,-1,4,2,4
2018301801138,1,9,0,4,0,0,0,0,0,0,1,1,1,1,45,7,1998,1,15,2,1,2
2018301801138,2,9,0,4,0,0,0,0,0,0,0,1,6,3,-1,-1,-1,-1,-1,-1,-1,-1
2018301801139,1,9,0,18,0,0,0,0,0,0,4,1,6,1,76,11,1591,1,6,4,1,4
2018301801140,1,9,0,9,0,5,0,10,7,0,1,1,6,1,70,10,1600,2,7,7,1,7
2018301801140,2,9,0,18,0,8,0,0,0,0,1,1,6,1,69,10,2143,2,4,7,1,7
2018301801141,1,9,0,1,0,0,0,0,0,0,2,1,6,3,-1,-1,1968,2,10,-1,-1,-1
2018301801142,1,9,0,18,0,0,0,0,0,0,3,1,6,1,45,7,-1,-1,-1,2,1,2
2018301801142,2,9,0,13,0,0,5,0,1,10,4,1,6,1,53,8,-1,-1,-1,9,3,9
2018301801143,1,21,1,7,0,6,0,0,0,0,4,1,6,1,55,8,12740,2,3,2,3,2
2018301801144,1,9,0,5,0,0,0,0,0,0,3,1,6,2,24,5,1199,1,14,6,1,6
2018301801144,2,9,0,18,0,0,0,0,0,0,4,1,6,1,-1,-1,4951,1,2,8,1,8
2018301801145,1,9,0,11,0,8,0,0,0,0,1,1,2,1,22,5,2497,2,14,8,1,8
2018301801145,2,9,0,9,0,5,0,0,0,0,4,1,6,1,25,5,1598,1,16,4,1,4
2018301801146,1,9,0,18,0,0,0,0,0,0,1,1,6,1,51,8,1396,1,16,4,1,4
2018301801146,2,1,0,11,0,0,0,0,0,0,1,1,6,1,16,4,-1,-1,-1,-1,-1,-1
2018301801147,1,19,0,8,9,1,0,0,0,0,3,1,6,1,27,6,1995,2,1,3,2,3
2018301801147,2,1,0,18,9,8,0,0,0,0,1,1,6,1,14,3,-1,-1,-1,4,1,4
2018301801148,1,9,0,17,0,0,5,10,7,9,3,1,6,1,33,6,2496,1,13,7,3,7
2018301801149,1,9,0,3,0,0,0,0,0,0,2,1,1,1,27,6,-1,-1,-1,1,1,1
2018301801149,2,9,0,18,0,0,0,0,0,0,1,1,6,1,20,4,-1,-1,-1,9,1,9
2018301801150,1,1,0,18,0,0,0,0,0,0,0,1,6,1,-1,-1,-1,-1,-1,-1,-1,-1
2018301801151,1,19,0,17,0,0,0,0,0,0,3,1,6,1,39,7,2198,2,3,7,1,7
2018301801151,2,21,1,16,0,0,0,0,0,0,3,1,1,1,26,6,10837,2,6,3,1,3
2018301801152,1,9,0,9,0,6,0,0,0,0,3,1,6,1,63,9,3947,1,22,8,2,8
2018301801152,2,9,0,18,0,8,1,0,0,0,1,1,6,1,57,9,505,1,3,5,1,5
2018301801153,1,9,0,14,0,0,0,0,0,0,1,1,6,2,70,10,1242,1,6,8,1,8
2018301801153,2,9,0,5,0,0,0,0,0,0,1,1,6,2,21,5,1390,1,18,8,3,8
2018301801153,3,19,0,2,0,0,0,0,0,0,0,1,6,3,-1,-1,-1,-1,-1,-1,-1,-1
2018301801154,1,4,0,18,0,8,0,0,0,0,4,1,6,1,62,9,249,1,23,5,1,5
2018301801154,2,9,0,7,0,6,0,0,0,0,3,1,6,1,26,6,1591,1,-1,6,1,6
2018301801155,1,9,0,18,0,0,0,0,1,4,4,1,6,1,26,6,1587,1,-1,1,1,1
2018301801156,1,9,0,11,7,0,0,4,0,0,1,1,1,1,17,4,1242,1,11,4,1,4
2018301801156,2,98,0,2,6,0,0,0,0,0,2,1,1,1,44,7,-1,-1,-1,-1,-1,-1
2018301801156,3,19,0,17,0,0,0,0,0,0,4,1,1,1,32,6,1598,2,3,4,1,4
2018301801157,1,9,0,18,0,0,1,10,2,2,1,1,6,1,23,5,1229,1,13,2,1,2
2018301801158,1,9,0,2,0,0,0,0,0,0,1,1,6,1,25,5,-1,-1,-1,3,1,3
2018301801158,2,9,0,16,0,0,0,4,0,0,1,1,6,1,85,11,1499,2,3,4,1,4
2018301801159,1,9,0,10,0,8,0,0,0,0,2,1,6,2,51,8,1560,2,7,7,3,7
2018301801159,2,9,0,18,0,8,0,0,0,0,1,1,6,1,80,11,2401,2,11,10,1,10
2018301801160,1,9,0,7,0,5,0,0,0,0,2,1,6,2,72,10,1197,1,3,8,2,8
2018301801160,2,9,0,17,0,1,0,0,0,0,1,1,6,1,26,6,2000,2,13,5,2,5
2018301801161,1,9,0,10,0,1,0,0,0,0,2,1,6,1,57,9,1229,1,3,7,2,7
2018301801161,2,9,0,18,0,1,0,0,0,0,1,1,6,2,41,7,1389,1,14,3,1,3
2018301801162,1,9,0,9,0,3,0,0,0,0,1,1,6,1,19,4,1242,1,6,-1,-1,-1
2018301801162,2,9,0,17,0,8,0,0,0,0,2,1,6,1,21,5,1248,2,10,-1,-1,-1
2018301801163,1,9,0,9,0,6,0,0,0,0,1,1,6,2,80,11,1242,1,6,8,1,8
2018301801163,2,9,0,18,0,8,0,10,0,0,1,1,6,2,47,8,-1,-1,-1,3,2,3