Accident_Index,Vehicle_Reference,Vehicle_Type,Towing_and_Articulation,Vehicle_Manoeuvre,Vehicle_Location-Restricted_Lane,Junction_Location,Skidding_and_Overturning,Hit_Object_in_Carriageway,Vehicle_Leaving_Carriageway,Hit_Object_off_Carriageway,1st_Point_of_Impact,Was_Vehicle_Left_Hand_Drive?,Journey_Purpose_of_Driver,Sex_of_Driver,Age_of_Driver,Age_Band_of_Driver,Engine_Capacity_(CC),Propulsion_Code,Age_of_Vehicle,Driver_IMD_Decile,Driver_Home_Area_Type,Vehicle_IMD_Decile
2018301801301,2,9,0,18,0,0,0,4,0,0,1,1,6,1,45,7,1560,2,-1,8,1,8
2018301801301,3,9,0,2,0,0,0,0,0,0,3,1,6,3,-1,-1,1149,1,-1,-1,-1,-1
2018301801302,1,9,0,18,0,1,0,0,0,0,1,1,1,2,47,8,1388,1,-1,6,1,6
2018301801302,2,9,0,18,0,2,1,0,0,0,1,1,6,2,18,4,1229,1,-1,9,2,9
2018301801303,1,9,0,18,0,6,0,0,0,0,1,1,6,1,87,11,2494,2,14,6,3,6
2018301801303,2,1,0,18,0,8,0,0,0,0,1,1,6,1,45,7,-1,-1,-1,7,1,7
2018301801304,1,9,0,18,0,0,0,0,0,0,1,1,6,1,23,5,1595,2,-1,4,1,4
2018301801304,2,9,0,3,0,0,0,0,0,0,2,1,6,1,26,6,1242,1,-1,7,1,7
2018301801305,1,9,0,18,0,2,0,0,0,0,1,1,6,3,-1,-1,1399,2,-1,-1,-1,-1
2018301801305,2,8,0,7,0,6,0,0,0,0,3,1,1,1,45,7,1997,2,-1,3,1,3
2018301801305,3,9,0,18,0,1,0,0,0,0,1,1,6,2,56,9,1242,1,-1,6,1,6
2018301801306,1,9,0,18,0,8,0,0,0,0,1,1,6,2,74,10,1896,2,-1,2,1,2
2018301801306,2,9,0,4,0,5,0,0,0,0,2,1,6,1,74,10,1461,2,-1,6,1,6
2018301801307,1,9,0,18,0,8,1,0,0,0,1,1,6,1,29,6,1999,2,-1,9,1,9
2018301801307,2,9,0,10,0,8,0,0,0,0,2,1,6,2,74,10,1398,1,-1,9,2,9
2018301801307,3,9,0,18,0,8,0,0,0,0,1,1,6,1,58,9,1999,1,-1,1,1,1
2018301801308,1,9,0,13,0,8,0,0,0,0,1,1,6,1,19,4,1198,1,-1,9,1,9
2018301801308,2,9,0,7,0,6,0,0,0,0,3,1,6,1,49,8,2494,2,-1,6,3,6
2018301801308,3,11,0,18,0,1,0,0,0,0,3,1,6,1,39,7,10667,2,-1,3,2,3
2018301801309,1,9,0,1,0,6,0,0,0,0,2,1,6,3,-1,-1,-1,-1,-1,-1,-1,-1
2018301801310,1,9,0,1,0,0,0,0,0,0,2,1,6,1,54,8,-1,-1,-1,5,1,5
2018301801310,2,3,0,16,0,0,0,0,0,0,1,1,6,1,26,6,125,1,-1,9,1,9
2018301801310,3,17,0,3,0,0,0,0,0,0,0,1,6,3,-1,-1,-1,-1,-1,-1,-1,-1
2018301801311,1,9,0,14,0,0,0,0,0,0,4,1,6,1,35,6,-1,-1,-1,8,3,8
2018301801311,2,9,0,2,0,0,0,0,0,0,0,1,6,3,-1,-1,-1,-1,-1,-1,-1,-1
2018301801312,1,9,0,9,0,5,0,0,0,0,1,1,6,2,64,9,1598,1,10,8,1,8
2018301801312,2,1,0,17,0,8,0,0,0,0,1,1,6,1,56,9,-1,-1,-1,3,1,3
2018301801313,1,9,0,9,0,6,0,0,0,0,3,1,6,2,17,4,1242,1,-1,8,1,8
2018301801313,2,9,0,18,0,8,0,0,0,0,1,1,6,1,21,5,1800,1,-1,10,2,10
2018301801314,1,9,0,14,0,0,0,0,0,0,1,1,6,1,56,9,-1,3,-1,6,1,6
2018301801314,2,21,0,2,0,0,0,0,0,0,0,1,6,3,-1,-1,-1,-1,-1,-1,-1,-1
2018301801315,1,19,0,9,0,6,0,0,0,0,1,2,1,1,53,8,2143,2,-1,2,1,2
2018301801315,2,21,1,16,0,8,0,0,0,0,1,2,1,1,47,8,12740,2,-1,-1,-1,-1
2018301801316,1,11,0,2,0,0,0,0,0,0,0,1,1,1,59,9,3900,2,14,10,1,10
2018301801317,1,9,0,18,0,5,0,0,0,0,1,1,6,1,81,11,999,1,-1,7,1,7
2018301801317,2,22,0,18,0,2,0,0,0,0,2,1,6,1,90,11,-1,-1,-1,2,1,2
2018301801318,1,9,0,18,0,8,0,0,0,0,1,1,6,1,-1,-1,1388,1,-1,6,2,6
2018301801318,2,9,0,5,0,6,0,0,0,0,1,1,6,1,-1,-1,1560,2,-1,7,2,7
2018301801319,1,9,0,7,0,5,0,0,0,0,1,1,6,2,65,9,1598,1,-1,3,1,3
2018301801319,2,9,0,18,0,8,0,0,0,0,4,1,6,2,45,7,1398,1,-1,2,1,2
2018301801319,3,9,0,3,0,1,0,0,0,0,3,1,6,1,56,9,1499,1,-1,7,1,7
2018301801319,4,9,0,3,0,1,0,0,0,0,1,1,6,2,50,8,2993,2,-1,7,3,7
2018301801319,5,9,0,3,0,1,0,0,0,0,1,1,6,1,25,5,1998,1,-1,10,2,10
2018301801320,1,9,0,16,0,1,0,0,0,0,1,1,6,1,42,7,1598,1,-1,9,1,9
2018301801320,2,9,0,8,0,1,0,0,0,0,2,1,2,2,25,5,1997,2,-1,10,1,10
2018301801320,3,9,0,8,0,1,0,0,0,0,2,1,6,1,36,7,1984,1,-1,9,1,9
2018301801321,1,9,0,17,0,0,0,10,1,10,1,1,6,1,78,11,1598,1,-1,2,1,2
2018301801322,1,9,0,17,0,0,1,0,1,2,4,1,6,2,36,7,2143,2,-1,10,2,10
2018301801323,1,9,0,18,0,8,0,0,0,0,4,1,6,1,53,8,1598,2,-1,10,2,10
2018301801323,2,1,0,18,0,5,0,0,0,0,1,1,6,1,22,5,-1,-1,-1,3,1,3
2018301801324,1,9,0,9,0,6,0,0,0,0,1,1,6,2,67,10,1968,2,-1,8,1,8
2018301801324,2,9,0,17,0,8,0,0,0,0,4,1,6,1,48,8,-1,-1,-1,7,1,7
2018301801326,1,5,0,14,0,8,0,0,0,0,1,1,6,1,43,7,599,1,-1,2,1,2
2018301801326,2,9,0,7,0,6,0,0,0,0,1,1,6,2,43,7,1997,2,-1,2,1,2
2018301801326,3,9,0,3,0,1,0,0,0,0,0,1,6,3,-1,-1,-1,-1,-1,-1,-1,-1
2018301801327,1,19,0,1,0,5,0,0,0,0,2,1,1,1,46,8,2198,2,-1,1,1,1
2018301801328,1,9,0,9,0,5,0,0,0,0,4,1,6,2,25,5,1560,2,-1,7,1,7
2018301801328,2,5,0,18,0,8,0,0,0,0,1,1,6,1,55,8,1340,1,-1,7,1,7
2018301801329,1,9,0,18,0,0,0,0,0,0,1,1,6,1,45,7,1997,2,-1,1,1,1
2018301801329,2,9,0,4,0,0,0,0,0,0,2,1,6,1,52,8,1997,2,-1,4,1,4
2018301801330,1,9,0,18,0,0,0,0,0,0,1,1,6,2,49,8,1596,1,-1,3,1,3
2018301801330,2,9,0,4,0,0,0,0,0,0,2,1,6,1,26,6,2993,2,-1,3,2,3
2018301801331,1,19,0,7,0,5,0,0,0,0,4,1,6,1,54,8,1598,2,1,4,1,4
2018301801332,1,3,0,18,0,0,1,0,0,0,1,1,6,1,64,9,124,1,-1,9,1,9
2018301801334,1,9,0,18,0,0,0,0,0,0,1,1,2,1,26,6,1596,1,-1,6,1,6
2018301801336,1,9,0,18,0,1,1,7,1,2,1,1,6,2,28,6,1200,1,-1,4,1,4
2018301801339,1,9,0,2,0,0,0,10,1,10,2,1,6,2,58,9,1991,2,14,7,2,7
2018301801340,1,9,0,16,0,4,0,0,0,0,1,1,6,3,-1,-1,1242,1,-1,-1,-1,-1
2018301801340,2,1,0,9,0,8,0,0,0,0,4,1,6,1,32,6,-1,-1,-1,5,1,5
2018301801341,1,20,0,18,0,0,0,0,0,0,4,1,6,3,-1,-1,-1,-1,-1,-1,-1,-1
2018301801342,1,9,0,18,0,2,0,0,0,0,4,1,6,1,33,6,1497,8,11,4,1,4
2018301801343,1,9,0,18,0,0,5,0,1,11,1,1,6,1,18,4,998,1,11,9,2,9
2018301801344,1,9,0,7,0,6,0,0,0,0,1,1,6,2,47,8,1399,1,2,9,1,9
2018301801344,2,9,0,18,0,8,0,0,0,0,4,1,6,1,23,5,1984,1,7,1,1,1
2018301801345,1,9,0,1,0,0,0,0,0,0,2,1,6,3,-1,-1,-1,-1,-1,-1,-1,-1
2018301801346,1,9,0,6,0,0,0,0,0,0,3,1,6,1,33,6,1395,1,-1,5,1,5
2018301801346,2,5,0,13,0,0,0,0,0,0,1,1,6,1,56,9,999,1,-1,10,1,10
2018301801347,1,5,0,16,0,0,0,0,0,0,1,1,6,1,19,4,689,1,3,10,1,10
2018301801347,2,9,0,14,0,0,0,0,0,0,1,1,6,1,55,8,1968,2,2,6,1,6
2018301801347,3,21,0,2,0,0,0,0,0,0,0,1,1,3,-1,-1,5958,2,24,-1,-1,-1
2018301801347,4,19,0,2,0,0,0,0,0,0,0,1,1,3,-1,-1,1995,2,2,-1,-1,-1
2018301801349,1,9,0,18,0,0,0,4,0,0,3,1,6,1,68,10,1329,1,4,4,1,4
2018301801349,2,9,0,2,0,0,0,0,0,0,3,1,6,3,-1,-1,1388,1,14,-1,-1,-1
2018301801349,3,9,0,2,0,0,0,0,0,0,3,1,6,3,-1,-1,1997,2,13,-1,-1,-1
2018301801350,1,9,0,18,0,0,0,0,0,0,1,1,6,1,62,9,2171,2,15,1,1,1
2018301801351,1,21,1,18,0,8,0,0,0,0,4,1,1,1,60,9,12419,2,-1,3,2,3
2018301801351,2,9,0,9,0,6,0,0,1,0,3,1,6,2,82,11,1591,1,4,9,3,9
2018301801352,1,9,0,18,0,0,0,0,0,0,4,1,6,1,59,9,1968,2,12,2,1,2
2018301801353,1,9,0,18,0,0,0,0,5,6,3,1,1,1,51,8,1560,2,5,8,1,8
2018301801354,1,5,0,18,0,8,0,0,0,0,3,1,6,1,70,10,798,1,5,6,2,6
2018301801354,2,5,0,18,0,8,0,0,0,0,3,1,6,1,54,8,748,1,28,8,3,8
2018301801355,1,9,0,18,0,1,0,0,0,0,2,1,6,3,-1,-1,1461,2,4,-1,-1,-1
2018301801355,2,9,0,8,0,1,0,0,0,0,2,1,6,1,26,6,1229,1,9,1,1,1
2018301801356,1,9,0,1,0,6,0,0,0,0,2,1,6,2,52,8,1390,1,15,7,1,7
2018301801356,2,9,0,17,0,8,0,0,0,0,1,1,6,1,33,6,1998,1,15,7,1,7
2018301801356,3,9,0,2,0,1,0,0,0,0,0,1,6,3,-1,-1,-1,-1,-1,-1,-1,-1
2018301801357,1,9,0,18,0,8,0,0,0,0,3,1,2,1,-1,-1,1956,2,7,1,1,1
2018301801357,2,1,0,18,0,8,0,0,0,0,4,1,6,1,32,6,-1,-1,-1,4,1,4
2018301801358,1,9,0,18,0,1,0,0,0,0,1,1,6,1,26,6,2496,1,14,3,1,3
2018301801359,1,9,0,14,0,0,0,4,0,0,1,1,6,1,85,11,1596,1,17,9,1,9
2018301801359,2,9,0,2,0,0,0,0,0,0,2,1,6,2,32,6,1461,2,5,7,1,7
2018301801360,1,9,0,5,0,1,0,0,0,0,1,1,2,2,52,8,1598,1,16,3,1,3
2018301801361,1,9,0,18,0,6,0,0,0,0,4,1,6,3,-1,-1,1590,1,14,-1,-1,-1
2018301801361,2,1,0,18,0,8,0,0,0,0,1,1,6,1,33,6,-1,-1,-1,2,1,2
2018301801363,1,9,0,9,0,6,0,0,0,0,1,1,6,2,41,7,1794,1,13,6,1,6
2018301801364,1,9,0,17,0,0,1,0,0,0,1,1,6,2,21,5,1398,2,9,8,1,8
2018301801364,2,9,0,17,0,0,0,0,0,0,3,1,1,1,38,7,1598,2,1,6,1,6
2018301801365,1,19,0,16,0,0,0,0,0,0,1,1,6,1,37,7,2402,2,10,-1,-1,-1
2018301801365,2,9,0,17,0,0,0,0,0,0,1,1,6,2,52,8,1500,1,4,4,3,4
2018301801366,1,9,0,18,0,0,0,0,0,0,1,1,6,1,58,9,1329,1,6,4,1,4
2018301801367,1,9,0,18,0,0,0,0,1,4,1,1,6,1,23,5,1984,1,15,10,1,10
2018301801368,1,5,0,16,0,3,0,0,0,0,1,1,2,1,56,9,999,1,3,9,1,9
2018301801368,2,9,0,16,0,3,0,0,0,0,2,1,2,1,31,6,999,1,-1,2,1,2
2018301801369,1,9,0,18,0,1,0,0,0,0,1,1,6,1,60,9,1299,1,14,9,3,9
2018301801370,1,9,0,5,0,0,0,0,0,0,4,1,6,1,46,8,1560,2,12,4,1,4
2018301801371,1,9,0,5,0,8,0,0,0,0,1,1,6,1,26,6,1560,2,7,2,1,2
2018301801371,2,5,0,5,0,8,0,0,1,0,1,1,6,1,45,7,998,1,-1,3,1,3
2018301801372,1,9,0,9,0,2,0,0,0,0,3,1,6,1,61,9,1598,2,5,1,1,1
2018301801372,2,1,0,18,0,1,0,0,0,0,1,1,6,1,21,5,-1,-1,-1,2,1,2
2018301801372,3,9,0,3,0,1,0,0,0,0,0,1,6,3,-1,-1,-1,-1,-1,-1,-1,-1
2018301801373,1,9,0,18,0,0,0,0,0,0,1,1,2,1,52,8,1956,2,6,4,1,4
2018301801373,2,11,0,18,0,0,0,0,0,0,1,1,3,1,59,9,6696,2,3,1,1,1
2018301801374,1,9,0,3,0,1,0,0,0,0,2,1,6,1,27,6,1798,8,1,1,1,1
2018301801374,2,9,0,18,0,1,0,0,0,0,1,1,6,3,-1,-1,-1,-1,-1,-1,-1,-1
2018301801375,1,9,0,9,0,6,0,0,0,0,1,1,6,1,31,6,1299,1,17,3,1,3
2018301801375,2,9,0,18,0,8,0,0,0,0,1,1,6,2,31,6,1389,1,16,1,1,1
2018301801375,3,8,0,2,0,2,0,0,0,0,2,1,6,3,-1,-1,2664,2,12,-1,-1,-1
2018301801376,1,11,0,8,0,1,0,0,0,0,0,1,1,3,-1,-1,-1,-1,-1,-1,-1,-1
2018301801377,1,9,0,18,0,0,0,0,0,0,1,1,6,2,80,11,1349,1,10,7,1,7
2018301801377,2,9,0,4,0,0,0,0,0,0,2,1,6,1,22,5,1199,2,7,10,1,10
2018301801377,3,9,0,4,0,0,0,0,0,0,2,1,6,1,36,7,1598,2,3,3,1,3
2018301801378,1,9,0,17,0,0,2,0,1,1,4,1,6,1,27,6,1560,2,10,-1,-1,-1
2018301801379,1,9,0,14,0,1,0,0,0,0,1,1,6,1,24,5,1242,1,4,1,1,1
2018301801379,2,9,0,2,0,1,0,0,0,0,0,1,6,3,-1,-1,-1,-1,-1,-1,-1,-1
2018301801380,1,5,0,18,0,0,0,0,0,0,1,1,6,1,22,5,999,1,7,5,1,5
2018301801380,2,20,1,12,0,0,0,0,0,0,2,1,6,1,43,7,10837,2,2,7,1,7
2018301801381,1,9,0,17,0,0,0,0,0,0,1,1,6,2,21,5,998,1,12,2,1,2
2018301801381,2,9,0,16,0,0,0,0,0,0,1,1,6,1,68,10,1560,2,5,3,1,3
2018301801382,1,5,0,18,0,0,1,0,1,0,1,1,6,1,47,8,1340,1,8,5,2,5
2018301801382,2,5,0,18,0,0,1,0,1,0,2,1,6,2,43,7,-1,-1,-1,10,1,10
2018301801383,1,17,4,18,0,0,0,0,1,9,1,1,1,1,41,7,760,1,2,4,3,4
2018301801383,2,9,0,18,0,0,1,0,0,0,1,1,6,2,36,7,999,1,-1,-1,-1,-1
2018301801384,1,9,0,9,0,6,0,0,0,0,1,1,6,3,-1,-1,-1,-1,-1,-1,-1,-1
2018301801384,2,1,0,18,0,8,0,0,0,0,4,1,6,1,32,6,-1,-1,-1,6,1,6
2018301801385,1,19,0,18,0,0,0,0,0,0,1,1,1,1,39,7,1499,2,1,4,1,4
2018301801386,1,5,0,14,0,0,0,0,0,0,4,1,6,1,20,4,471,1,1,3,1,3
2018301801386,2,19,0,6,0,0,0,0,0,0,3,1,6,1,30,6,1995,2,5,1,1,1
2018301801386,3,9,0,3,0,0,0,0,0,0,0,1,6,3,-1,-1,-1,-1,-1,-1,-1,-1
2018301801388,1,9,0,18,0,8,0,0,0,0,1,1,1,1,-1,-1,2993,2,3,5,1,5
2018301801388,2,9,0,9,0,6,0,0,0,0,4,1,6,2,55,8,2755,2,-1,5,3,5
2018301801389,1,9,0,16,0,0,1,0,7,0,1,1,1,1,30,6,2000,2,8,10,1,10
2018301801391,1,20,0,2,0,0,0,0,0,0,3,2,6,1,40,7,-1,2,29,5,1,5
2018301801391,2,21,1,12,0,0,0,0,0,0,4,1,1,1,40,7,16120,2,3,4,1,4
2018301801392,1,8,0,4,0,0,0,0,0,0,1,1,6,1,36,7,1998,2,12,8,1,8
2018301801392,2,9,0,2,0,0,0,0,0,0,2,1,6,1,49,8,1995,2,-1,7,1,7
2018301801393,1,20,0,18,0,8,0,0,0,0,4,1,1,1,46,8,12419,2,3,4,1,4
2018301801393,2,9,0,12,0,7,1,0,0,0,3,1,6,2,18,4,1149,1,5,8,1,8
2018301801393,3,9,0,18,0,8,1,0,0,0,1,2,6,3,-1,-1,1995,2,1,-1,-1,-1
2018301801394,1,9,0,18,0,8,0,0,4,6,3,1,6,1,52,8,1870,2,17,3,1,3
2018301801394,2,21,1,11,0,8,0,0,0,0,4,1,1,1,53,8,11967,2,7,2,1,2
2018301801395,1,3,0,18,0,0,0,4,0,0,1,1,6,1,29,6,124,1,19,1,1,1
2018301801395,2,9,0,2,0,0,0,0,0,0,2,1,6,3,-1,-1,1499,2,2,-1,-1,-1
2018301801396,1,9,0,16,0,0,0,0,0,0,1,1,6,1,53,8,1796,1,16,4,1,4
2018301801397,1,19,0,18,0,0,0,0,0,0,1,1,6,1,57,9,1560,2,-1,2,1,2
2018301801397,2,9,0,18,0,0,0,0,0,0,2,1,6,1,55,8,-1,-1,-1,4,1,4
2018301801398,1,9,0,18,0,0,0,0,0,0,1,1,6,2,60,9,2261,1,10,4,1,4
2018301801398,2,21,5,4,0,0,0,0,0,0,2,1,6,1,55,8,-1,-1,-1,9,1,9
2018301801399,1,9,0,18,0,0,0,0,0,0,1,1,6,1,31,6,2993,2,7,10,1,10
2018301801400,1,9,0,18,0,6,0,0,3,1,1,1,6,2,26,6,1598,2,4,10,-1,10
2018301801400,2,9,0,9,0,5,0,0,0,0,3,1,6,1,60,9,1998,2,-1,7,1,7
2018301801401,1,9,0,9,0,5,0,0,0,0,3,1,2,2,41,7,1984,1,16,5,3,5
2018301801401,2,9,0,18,0,8,0,0,0,0,1,1,2,1,26,6,1796,1,13,6,1,6
2018301801402,1,5,0,17,0,0,0,0,1,4,1,1,6,1,39,7,999,1,8,8,2,8
2018301801403,1,19,0,18,0,0,0,0,0,0,1,1,6,1,75,10,1248,2,10,2,2,2
2018301801403,2,9,0,4,0,0,0,0,0,0,2,2,6,2,30,6,1242,1,5,6,2,6
2018301801403,3,9,0,4,0,0,0,0,0,0,2,1,6,1,38,7,1796,1,15,6,1,6
2018301801403,4,8,0,4,0,0,0,0,0,0,2,1,6,1,30,6,1997,2,9,1,1,1
2018301801404,1,9,0,4,0,2,0,0,0,0,2,1,2,2,34,6,1582,2,1,-1,-1,-1
2018301801404,2,10,0,7,0,2,0,0,0,0,1,1,2,2,32,6,-1,-1,-1,-1,-1,-1
2018301801405,1,9,0,18,0,2,0,0,5,6,4,1,6,1,18,4,1197,1,6,4,2,4
2018301801406,1,9,0,9,0,6,0,0,0,0,1,1,6,2,32,6,1968,2,-1,2,1,2
2018301801406,2,9,0,5,0,8,0,0,0,0,1,1,6,2,37,7,1598,1,-1,8,1,8
2018301801407,1,19,0,15,0,8,0,0,0,0,3,1,6,3,-1,-1,5193,2,7,-1,-1,-1
2018301801407,2,9,0,9,0,5,0,0,0,0,4,1,6,1,51,8,1582,2,4,9,1,9
2018301801408,1,9,0,5,0,0,0,0,0,0,1,1,6,2,32,6,1968,2,-1,7,1,7
2018301801409,1,19,0,9,0,8,0,0,0,0,4,1,6,1,49,8,1753,2,11,10,1,10
2018301801409,2,3,0,18,0,1,0,0,0,0,1,1,6,1,28,6,124,1,23,1,1,1
2018301801410,1,9,0,1,0,6,0,0,0,0,2,1,6,3,-1,-1,-1,-1,-1,-1,-1,-1
2018301801410,2,1,0,18,0,8,1,0,0,0,3,1,6,1,20,4,-1,-1,-1,4,-1,4
2018301801411,1,3,0,13,0,8,0,0,0,0,4,1,6,1,30,6,124,1,3,6,1,6
2018301801411,2,9,0,9,0,5,0,0,0,0,3,1,6,1,51,8,2184,2,13,7,1,7
2018301801412,1,5,0,18,0,1,0,0,0,0,1,1,6,1,28,6,599,1,18,2,1,2
2018301801412,2,22,0,18,0,6,0,0,0,0,4,1,6,2,90,11,-1,-1,-1,1,1,1
2018301801413,1,9,0,4,0,1,0,0,0,0,2,1,6,2,72,10,1248,1,-1,5,1,5
2018301801413,2,21,1,18,0,1,0,0,0,0,1,1,1,1,58,9,12809,2,4,10,1,10
2018301801413,3,21,1,18,0,7,0,0,0,0,3,1,1,1,38,7,10837,2,4,3,1,3
2018301801414,1,9,0,7,5,2,0,0,0,0,1,1,6,3,-1,-1,-1,-1,-1,-1,-1,-1
2018301801414,2,1,0,18,5,2,0,0,0,0,1,1,6,1,35,6,-1,-1,-1,2,1,2
2018301801416,1,9,0,17,0,0,5,4,1,0,4,1,6,2,77,11,1197,1,2,9,1,9
2018301801416,2,9,0,2,9,0,0,0,0,0,3,1,6,3,-1,-1,1796,1,3,-1,-1,-1
2018301801417,1,9,0,14,0,0,1,4,0,0,4,1,2,1,28,6,1198,1,14,9,3,9
2018301801417,2,9,0,2,0,0,0,0,0,0,3,1,1,3,-1,-1,1686,2,5,-1,-1,-1
2018301801417,3,9,0,18,0,0,1,0,0,0,1,1,6,1,31,6,1229,1,11,3,2,3
2018301801418,1,9,0,13,0,0,0,0,0,0,4,1,6,2,36,7,998,1,14,1,1,1
2018301801418,2,1,0,18,0,0,0,0,0,0,3,1,6,2,28,6,-1,-1,-1,2,1,2
2018301801419,1,9,0,18,0,8,0,0,1,10,1,1,6,1,82,11,998,1,1,7,1,7
2018301801419,2,9,0,18,0,8,0,0,8,1,4,1,6,1,49,8,1390,1,9,1,1,1
2018301801420,1,9,0,18,0,8,0,0,0,0,3,1,6,2,53,8,1598,2,5,7,1,7
2018301801420,2,9,0,9,0,5,0,0,0,0,3,1,6,2,38,7,-1,3,-1,4,1,4
2018301801421,1,16,0,18,0,0,0,0,0,0,0,1,6,2,57,9,-1,-1,-1,4,1,4
2018301801421,2,21,0,18,0,0,0,0,0,0,0,1,1,1,45,7,9290,2,3,-1,-1,-1
2018301801422,1,9,0,9,0,6,1,0,0,0,4,1,6,1,24,5,1198,1,7,7,3,7
2018301801422,2,9,0,18,0,8,5,0,1,9,1,1,6,1,61,9,1753,2,10,10,2,10
2018301801423,1,9,0,9,0,5,0,0,0,0,4,1,6,1,73,10,1582,2,4,5,1,5
2018301801423,2,3,0,18,0,8,0,0,0,0,1,1,6,1,22,5,124,1,13,2,1,2
2018301801424,1,20,0,9,7,5,0,0,0,0,0,1,6,3,-1,-1,7698,2,2,-1,-1,-1
2018301801424,2,1,0,18,0,8,1,10,0,0,0,1,6,1,49,8,-1,-1,-1,10,1,10
2018301801425,1,9,0,18,0,0,0,0,0,0,1,1,6,1,28,6,1995,2,12,5,2,5
2018301801425,2,9,0,18,0,0,0,0,0,0,1,1,6,1,57,9,1596,1,15,9,1,9
2018301801425,3,9,0,18,0,0,0,0,0,0,1,1,6,1,43,7,1956,2,7,4,1,4
2018301801426,1,2,0,11,0,0,0,10,5,6,3,1,6,2,18,4,124,1,-1,7,1,7
2018301801427,1,5,0,13,0,8,0,0,0,0,1,1,6,1,66,10,1170,1,5,9,2,9
2018301801427,2,9,0,9,0,5,0,0,0,0,3,1,6,2,61,9,1798,1,8,9,2,9
2018301801428,1,9,0,1,9,1,0,0,0,0,2,1,6,1,82,11,1461,2,2,9,1,9
2018301801429,1,9,0,9,0,6,0,0,0,0,3,1,6,2,23,5,1199,1,14,2,1,2
2018301801429,2,9,0,18,0,8,0,0,0,0,1,1,6,1,41,7,2720,2,10,3,1,3
2018301801430,1,9,0,13,0,0,5,0,1,11,1,1,6,1,25,5,1598,1,10,7,1,7
2018301801430,2,9,0,18,0,0,0,0,0,0,0,1,6,1,48,8,1499,1,3,10,1,10
2018301801430,3,9,0,18,0,0,0,0,0,0,0,1,6,3,-1,-1,998,1,4,-1,-1,-1
2018301801431,1,9,0,18,0,0,0,0,0,0,1,1,6,1,36,7,1397,1,9,5,1,5
2018301801431,2,1,0,18,0,0,0,0,0,0,4,1,6,1,14,3,-1,-1,-1,2,1,2
2018301801432,1,9,0,18,0,1,0,4,0,0,1,1,6,1,27,6,1896,2,11,3,1,3
2018301801432,2,8,0,2,0,2,0,0,0,0,2,1,1,1,58,9,1686,2,7,3,1,3
2018301801433,1,9,0,18,0,6,0,0,0,0,1,1,6,3,-1,-1,-1,-1,-1,-1,-1,-1
2018301801433,2,1,0,18,0,8,0,0,0,0,3,1,6,1,57,9,-1,-1,-1,3,1,3
2018301801434,1,11,0,18,0,1,0,0,0,0,1,1,1,1,63,9,9000,2,15,4,1,4
2018301801434,2,1,0,12,0,1,0,0,0,0,3,1,6,1,23,5,-1,-1,-1,4,1,4
2018301801435,1,9,0,3,0,1,0,0,0,0,2,1,6,2,41,7,1870,2,10,2,1,2
2018301801435,2,9,0,18,0,1,0,0,0,0,1,1,6,1,74,10,1598,1,5,5,2,5
2018301801436,1,3,0,18,0,8,0,0,0,0,0,1,6,1,48,8,124,1,11,3,2,3
2018301801436,2,10,0,7,0,4,0,0,0,0,0,1,6,3,-1,-1,-1,-1,-1,-1,-1,-1
2018301801437,1,9,0,7,0,6,0,0,0,0,1,1,6,3,-1,-1,-1,-1,-1,-1,-1,-1
2018301801437,2,1,0,18,4,8,0,0,0,0,4,1,6,1,34,6,-1,-1,-1,5,1,5
2018301801438,1,9,0,7,0,6,0,0,0,0,4,1,6,3,-1,-1,1998,1,14,-1,-1,-1
2018301801439,1,9,0,4,0,1,0,0,0,0,1,1,6,2,37,7,1596,1,6,10,2,10
2018301801440,1,9,0,18,0,1,0,0,0,0,1,1,6,3,-1,-1,-1,-1,-1,-1,-1,-1
2018301801440,2,9,0,4,0,1,0,0,0,0,2,1,6,2,27,6,1229,1,8,1,1,1
2018301801441,1,9,0,2,0,0,0,0,0,0,1,1,6,3,-1,-1,-1,-1,-1,-1,-1,-1
2018301801441,2,1,0,14,0,0,0,8,0,0,1,1,6,1,32,6,-1,-1,-1,1,1,1
2018301801442,1,9,0,15,9,0,0,0,0,0,3,1,6,1,58,9,2179,2,8,3,1,3
2018301801442,2,9,0,3,0,0,0,0,0,0,4,1,6,2,44,7,1591,1,-1,3,2,3
2018301801443,1,9,0,18,0,0,0,0,0,0,1,1,6,3,-1,-1,1360,1,11,-1,-1,-1
2018301801443,2,9,0,18,0,0,0,0,0,0,2,1,6,1,31,6,1461,2,5,4,1,4
2018301801444,1,9,0,9,0,6,0,0,0,0,3,1,6,1,59,9,1998,2,12,3,1,3
2018301801444,2,11,0,18,0,8,0,0,0,0,1,1,1,1,50,8,9360,2,9,2,1,2
2018301801445,1,19,0,16,0,0,5,0,2,4,4,1,6,1,26,6,2464,2,10,5,3,5
2018301801446,1,9,0,17,0,0,1,0,1,2,4,1,6,1,34,6,1797,8,8,4,1,4
2018301801446,2,9,0,16,0,0,0,0,0,0,4,1,6,3,-1,-1,2157,1,17,-1,-1,-1
2018301801447,1,9,0,3,0,1,0,0,0,0,2,1,6,1,48,8,999,1,1,3,1,3
2018301801447,2,9,0,18,0,1,0,0,0,0,1,1,6,1,18,4,1198,1,15,7,2,7