Accident_Index,Vehicle_Reference,Vehicle_Type,Towing_and_Articulation,Vehicle_Manoeuvre,Vehicle_Location-Restricted_Lane,Junction_Location,Skidding_and_Overturning,Hit_Object_in_Carriageway,Vehicle_Leaving_Carriageway,Hit_Object_off_Carriageway,1st_Point_of_Impact,Was_Vehicle_Left_Hand_Drive?,Journey_Purpose_of_Driver,Sex_of_Driver,Age_of_Driver,Age_Band_of_Driver,Engine_Capacity_(CC),Propulsion_Code,Age_of_Vehicle,Driver_IMD_Decile,Driver_Home_Area_Type,Vehicle_IMD_Decile
2018301801598,2,9,0,2,0,0,0,0,0,0,1,1,6,3,-1,-1,899,1,18,-1,-1,-1
2018301801598,3,9,0,2,0,0,0,0,0,0,1,1,6,3,-1,-1,1560,2,2,-1,-1,-1
2018301801599,1,3,0,18,0,0,0,0,0,0,1,1,6,1,26,6,124,1,2,1,1,1
2018301801599,2,9,0,4,0,0,0,0,0,0,2,1,6,1,54,8,1798,1,10,7,1,7
2018301801599,3,9,0,18,0,0,0,0,0,0,0,1,6,3,-1,-1,-1,-1,-1,-1,-1,-1
2018301801600,1,9,0,13,0,8,0,0,0,0,4,1,6,1,19,4,1242,1,11,2,1,2
2018301801600,2,1,0,9,0,5,0,0,0,0,3,1,6,1,53,8,-1,-1,-1,3,1,3
2018301801601,1,9,0,11,0,8,0,0,0,0,0,1,6,3,-1,-1,-1,-1,-1,-1,-1,-1
2018301801601,2,11,0,18,0,8,0,0,0,0,0,1,1,1,-1,-1,4250,2,9,1,1,1
2018301801602,1,9,0,4,0,1,0,0,0,0,1,1,6,2,71,10,1596,1,5,6,1,6
2018301801603,1,9,0,18,0,4,0,0,0,0,0,1,6,3,-1,-1,-1,-1,-1,-1,-1,-1
2018301801603,2,9,0,18,0,4,0,9,0,0,3,1,6,1,28,6,1956,2,4,3,3,3
2018301801604,1,9,0,18,0,8,0,0,0,0,1,1,6,1,67,10,2179,2,6,9,3,9
2018301801604,2,9,0,3,0,8,0,0,0,0,2,1,6,2,42,7,1339,1,12,7,1,7
2018301801604,3,9,0,3,0,8,0,0,0,0,2,1,6,2,57,9,1388,1,14,7,1,7
2018301801605,1,19,0,9,0,5,0,0,0,0,4,1,2,1,35,6,1598,2,3,2,1,2
2018301801605,2,2,0,15,0,8,0,0,0,0,1,1,6,2,21,5,125,1,5,8,1,8
2018301801605,3,19,0,3,0,1,0,0,0,0,0,1,6,3,-1,-1,-1,-1,-1,-1,-1,-1
2018301801606,1,9,0,16,0,1,0,0,0,0,4,1,2,1,45,7,1997,2,9,9,3,9
2018301801607,1,9,0,18,0,8,0,0,0,0,1,1,2,2,42,7,1685,2,2,7,3,7
2018301801607,2,19,0,9,0,6,0,0,0,0,1,1,2,1,47,8,2198,2,2,7,1,7
2018301801608,1,9,0,4,0,1,0,0,0,0,2,1,2,2,38,7,1598,1,5,5,1,5
2018301801608,2,9,0,18,0,1,0,0,0,0,1,1,6,1,-1,-1,1596,1,16,4,1,4
2018301801608,3,9,0,9,0,5,0,0,0,0,0,1,6,3,-1,-1,-1,-1,-1,-1,-1,-1
2018301801609,1,9,0,17,0,0,0,0,0,0,1,1,6,2,32,6,1686,2,6,5,3,5
2018301801609,2,9,0,16,0,0,0,0,0,0,1,1,6,1,50,8,1496,2,3,5,1,5
2018301801610,1,9,0,18,0,6,0,0,0,0,1,1,6,1,29,6,1598,1,5,2,1,2
2018301801610,2,19,0,18,0,8,0,0,0,0,3,1,6,1,24,5,2198,2,6,6,-1,6
2018301801611,1,9,0,9,0,6,0,0,0,0,1,1,6,1,43,7,1968,2,13,3,1,3
2018301801611,2,9,0,18,0,8,0,0,0,0,4,1,6,1,80,11,1197,1,6,4,1,4
2018301801612,1,9,0,18,0,6,0,6,3,11,1,1,6,1,57,9,1998,2,16,4,1,4
2018301801613,1,9,0,17,0,2,0,4,0,0,2,1,6,2,35,6,1998,1,14,1,1,1
2018301801613,2,9,0,2,0,2,0,0,1,11,2,1,6,3,-1,-1,2497,1,11,-1,-1,-1
2018301801613,3,9,0,2,0,2,0,0,0,0,2,1,6,3,-1,-1,1499,2,3,-1,-1,-1
2018301801614,1,9,0,17,0,0,1,10,4,2,1,1,6,1,25,5,1598,1,16,6,1,6
2018301801615,1,9,0,16,0,0,2,0,0,0,0,1,6,2,26,6,1299,1,15,10,1,10
2018301801616,1,9,0,9,0,5,0,0,0,0,1,1,2,1,51,8,1597,2,2,7,1,7
2018301801616,2,1,0,9,0,6,0,0,0,0,1,1,6,1,45,7,-1,-1,-1,9,1,9
2018301801617,1,9,0,3,0,0,0,0,0,0,1,1,3,2,37,7,2993,2,1,9,1,9
2018301801618,1,9,0,13,0,0,0,0,0,0,0,1,6,3,-1,-1,-1,-1,-1,-1,-1,-1
2018301801618,2,1,0,18,0,0,0,0,0,0,0,1,1,1,-1,-1,-1,-1,-1,4,1,4
2018301801619,1,19,0,18,0,6,0,4,0,0,1,1,6,1,28,6,2143,2,4,2,1,2
2018301801619,2,19,0,18,0,8,0,0,0,0,3,1,6,1,34,6,1896,2,12,6,1,6
2018301801619,3,9,0,2,0,1,0,0,0,0,3,1,6,3,-1,-1,1968,2,5,-1,-1,-1
2018301801620,1,8,0,18,0,0,2,0,1,7,4,1,6,1,41,7,2499,2,10,2,1,2
2018301801621,1,8,0,18,0,0,0,0,0,0,3,1,6,1,70,10,1248,2,5,5,1,5
2018301801621,2,9,0,18,0,0,0,0,0,0,3,1,6,1,30,6,1598,1,13,8,1,8
2018301801622,1,9,0,7,0,1,0,0,0,0,4,1,2,1,50,8,1998,2,15,1,1,1
2018301801623,1,9,0,16,0,0,0,0,0,0,3,1,6,1,50,8,-1,-1,-1,7,3,7
2018301801623,2,9,0,17,0,0,0,0,0,0,3,1,6,2,44,7,1398,2,10,-1,-1,-1
2018301801624,1,9,0,17,0,8,0,0,0,0,1,1,6,3,-1,-1,1968,2,6,-1,-1,-1
2018301801624,2,9,0,9,0,3,0,0,0,0,4,1,6,2,28,6,1368,1,2,2,1,2
2018301801625,1,9,0,9,0,6,0,0,0,0,1,1,6,2,41,7,1229,1,10,4,1,4
2018301801625,2,5,0,18,0,8,0,0,0,0,4,1,6,1,39,7,749,1,23,6,1,6
2018301801626,1,9,0,18,0,0,0,10,0,0,4,1,6,1,60,9,1956,2,4,8,1,8
2018301801627,1,20,0,17,0,0,5,0,0,0,3,1,6,1,51,8,12130,2,18,5,3,5
2018301801628,1,11,0,9,0,6,0,0,0,0,1,1,3,2,52,8,9600,2,16,7,2,7
2018301801628,2,9,0,16,0,8,0,0,0,0,1,1,2,2,18,4,1242,1,8,6,3,6
2018301801629,1,9,0,18,0,0,2,4,0,0,1,1,6,2,37,7,1685,2,3,-1,-1,-1
2018301801629,2,9,0,2,0,0,0,4,1,11,2,1,6,3,-1,-1,1388,1,11,-1,-1,-1
2018301801629,3,9,0,2,0,0,0,0,0,0,2,1,6,3,-1,-1,1086,1,10,-1,-1,-1
2018301801630,1,9,0,18,0,0,2,0,1,0,4,1,6,1,24,5,1598,2,3,6,1,6
2018301801631,1,9,0,18,0,0,5,4,0,0,1,1,6,2,-1,-1,1086,1,9,9,1,9
2018301801631,2,9,0,2,0,0,0,0,0,0,2,1,6,2,47,8,1386,1,11,6,1,6
2018301801632,1,8,0,4,0,0,0,0,0,0,0,1,1,1,46,8,1995,2,6,-1,-1,-1
2018301801633,1,9,0,17,0,8,0,0,0,0,1,1,6,2,67,10,1998,1,13,1,1,1
2018301801633,2,9,0,9,0,6,0,0,0,0,1,1,1,2,29,6,1086,1,14,2,1,2
2018301801635,1,9,0,18,0,3,0,0,0,0,4,1,6,1,57,9,1998,2,8,9,1,9
2018301801635,2,9,0,17,0,8,0,0,0,0,3,1,6,1,31,6,1798,1,15,4,1,4
2018301801636,1,19,0,6,0,2,0,0,0,0,3,1,2,1,49,8,1753,2,5,8,1,8
2018301801636,2,3,0,18,0,1,0,0,0,0,1,1,2,1,27,6,124,1,17,1,1,1
2018301801637,1,9,0,18,0,1,0,0,0,0,1,1,6,3,-1,-1,-1,-1,-1,-1,-1,-1
2018301801638,1,9,0,16,0,0,1,0,0,0,3,1,2,2,24,5,1229,1,11,4,1,4
2018301801638,2,9,0,17,0,0,0,0,0,0,1,1,1,1,53,8,1599,1,15,10,2,10
2018301801639,1,5,0,3,0,8,0,0,0,0,3,1,6,1,63,9,1170,1,-1,7,1,7
2018301801639,2,19,0,9,0,5,0,0,0,0,3,1,6,3,-1,-1,2143,2,1,-1,-1,-1
2018301801640,1,8,0,16,0,8,0,0,0,0,1,1,6,1,28,6,1896,2,13,1,1,1
2018301801640,2,9,0,9,0,8,0,0,1,10,2,1,6,2,22,5,1910,2,11,6,1,6
2018301801641,1,11,0,4,0,0,0,0,0,0,0,1,1,1,58,9,9000,2,15,5,1,5
2018301801642,1,9,0,4,0,0,0,0,0,0,1,1,6,3,-1,-1,-1,-1,-1,-1,-1,-1
2018301801643,1,9,0,18,0,0,0,0,0,0,4,1,6,3,-1,-1,-1,-1,-1,-1,-1,-1
2018301801644,1,9,0,12,0,8,0,0,0,0,3,1,6,3,-1,-1,-1,-1,-1,-1,-1,-1
2018301801644,2,11,0,3,0,8,0,0,0,0,4,1,1,1,25,5,3900,2,14,5,1,5
2018301801645,1,9,0,18,0,8,0,0,0,0,1,1,6,3,-1,-1,-1,-1,-1,-1,-1,-1
2018301801645,2,9,0,3,0,8,0,0,0,0,2,1,6,2,27,6,1395,1,-1,5,1,5
2018301801646,1,9,0,18,0,0,0,4,0,0,1,1,6,2,23,5,1242,1,10,3,1,3
2018301801646,2,9,0,2,0,0,0,0,0,0,4,1,6,2,41,7,1149,1,16,7,1,7
2018301801647,1,9,0,17,0,1,0,0,0,0,1,1,6,1,43,7,1596,1,5,8,1,8
2018301801648,1,9,0,9,0,2,0,0,0,0,1,1,6,1,37,7,1686,2,4,2,1,2
2018301801649,1,9,0,9,0,2,0,0,0,0,1,1,6,2,56,9,2179,2,5,8,2,8
2018301801650,1,9,0,18,0,8,0,0,0,0,4,1,6,1,41,7,1364,1,9,9,1,9
2018301801650,2,9,0,18,0,6,5,0,3,10,1,1,6,1,18,4,1686,2,5,9,1,9
2018301801651,1,8,0,18,0,8,1,0,0,0,0,1,1,1,34,6,2664,2,15,2,1,2
2018301801651,2,8,0,9,0,6,0,0,0,0,0,1,1,1,35,6,1968,2,9,1,1,1
2018301801652,1,8,0,18,0,0,0,0,0,0,4,1,1,1,49,8,-1,-1,-1,4,1,4
2018301801653,1,9,0,18,0,3,0,0,0,0,4,1,6,1,35,6,-1,-1,-1,10,3,10
2018301801653,2,9,0,18,0,8,0,0,0,0,1,1,6,1,38,7,1197,1,1,4,1,4
2018301801654,1,8,0,18,0,6,0,0,0,0,0,1,6,3,-1,-1,1997,2,8,-1,-1,-1
2018301801654,2,9,0,18,0,1,0,0,0,0,0,1,6,3,-1,-1,-1,-1,-1,-1,-1,-1
2018301801655,1,19,0,12,0,1,0,0,0,0,3,1,6,1,36,7,2461,2,10,6,1,6
2018301801655,2,11,0,18,0,1,0,0,0,0,4,1,1,1,36,7,6696,2,4,8,1,8
2018301801656,1,9,0,4,0,1,0,0,0,0,2,1,6,2,57,9,2597,1,15,8,1,8
2018301801656,2,9,0,18,0,1,0,0,0,0,1,1,6,1,60,9,1591,1,8,1,1,1
2018301801656,3,9,0,18,0,8,0,0,0,0,0,1,1,3,-1,-1,-1,-1,-1,-1,-1,-1
2018301801658,1,20,0,9,0,5,0,0,0,0,4,1,1,1,48,8,-1,-1,-1,3,1,3
2018301801659,1,11,0,18,0,0,0,0,0,0,1,1,6,2,46,8,4250,2,17,-1,-1,-1
2018301801659,2,9,0,4,0,0,0,0,0,0,2,1,6,2,70,10,1329,1,5,8,1,8
2018301801659,3,9,0,4,0,0,0,0,0,0,2,1,6,1,58,9,1499,2,-1,3,1,3
2018301801660,1,9,0,18,0,2,0,0,0,0,3,1,6,2,55,8,1798,1,2,10,1,10
2018301801661,1,5,0,17,0,0,1,0,1,9,3,1,6,1,36,7,1261,1,16,4,1,4
2018301801662,1,9,0,18,0,1,0,0,0,0,1,1,6,2,27,6,998,1,5,3,1,3
2018301801663,1,9,0,4,0,2,0,0,0,0,1,1,1,2,23,5,1200,1,1,7,1,7
2018301801663,2,9,0,4,0,2,1,0,0,0,2,1,6,1,64,9,1461,2,-1,9,1,9
2018301801664,1,9,0,18,0,0,1,0,0,0,0,1,6,1,87,11,1248,1,5,10,2,10
2018301801665,1,9,0,18,0,0,0,0,0,0,2,1,6,2,-1,-1,1598,1,-1,6,1,6
2018301801665,2,19,0,18,0,0,0,0,0,0,1,1,6,1,56,9,1968,2,1,7,1,7
2018301801666,1,9,0,9,0,5,0,0,0,0,4,1,6,1,23,5,1995,2,14,10,1,10
2018301801666,2,1,0,18,0,8,0,0,0,0,1,1,6,1,26,6,-1,-1,-1,1,1,1
2018301801667,1,9,0,9,0,5,0,0,0,0,1,1,6,2,38,7,1598,1,13,-1,-1,-1
2018301801668,1,9,0,17,0,8,0,0,0,0,3,1,6,3,-1,-1,-1,-1,-1,-1,-1,-1
2018301801668,2,9,0,7,0,3,0,0,0,0,4,1,6,2,86,11,1242,1,5,3,1,3
2018301801669,1,19,0,13,0,0,0,0,0,0,4,1,6,3,-1,-1,-1,-1,-1,-1,-1,-1
2018301801669,2,1,0,18,0,0,0,0,0,0,2,1,6,1,59,9,-1,-1,-1,2,1,2
2018301801670,1,9,0,16,0,0,1,0,0,0,3,1,6,1,18,4,1461,2,10,4,1,4
2018301801670,2,9,0,17,0,0,1,0,0,0,3,1,6,1,38,7,2993,2,10,9,1,9
2018301801671,1,19,0,13,0,0,0,0,0,0,4,1,6,3,-1,-1,1995,2,-1,-1,-1,-1
2018301801671,2,1,0,17,4,0,0,0,0,0,3,1,6,1,49,8,-1,-1,-1,6,1,6
2018301801672,1,9,0,9,0,2,0,0,0,0,1,1,6,1,51,8,1794,1,14,1,1,1
2018301801673,1,9,0,17,0,8,0,0,0,0,4,1,6,1,73,10,1360,1,12,5,1,5
2018301801674,1,11,0,5,0,1,0,0,0,0,0,1,1,2,26,6,9000,2,6,2,1,2
2018301801675,1,8,0,18,0,0,0,0,0,0,4,1,6,3,-1,-1,-1,-1,-1,-1,-1,-1
2018301801676,1,9,0,18,0,0,0,0,0,0,1,1,6,2,56,9,999,1,4,8,3,8
2018301801677,1,9,0,14,0,0,0,0,7,0,1,1,6,2,24,5,1968,2,11,3,1,3
2018301801677,2,9,0,6,0,0,0,0,7,11,3,1,6,1,23,5,1995,2,2,2,1,2
2018301801678,1,9,0,7,0,5,0,0,0,0,4,1,6,1,20,4,1596,1,8,9,1,9
2018301801678,2,1,0,15,0,8,0,0,0,0,3,1,2,2,54,8,-1,-1,-1,6,1,6
2018301801679,1,9,0,9,0,6,0,0,0,0,1,1,6,2,20,4,1242,1,4,8,1,8
2018301801679,2,9,0,18,0,8,0,0,7,0,4,1,6,2,50,8,2204,2,9,6,2,6
2018301801680,1,9,0,18,0,8,0,0,0,0,1,1,6,2,83,11,1400,1,13,7,1,7
2018301801680,2,9,0,10,0,8,0,0,0,0,2,1,6,2,32,6,1328,1,13,4,1,4
2018301801681,1,9,0,18,0,8,0,0,0,0,1,1,6,1,33,6,1968,2,8,9,1,9
2018301801682,1,4,0,14,0,0,1,0,0,0,1,1,6,1,-1,-1,124,1,2,-1,-1,-1
2018301801682,2,9,0,3,0,0,0,0,0,0,0,1,6,3,-1,-1,-1,-1,-1,-1,-1,-1
2018301801683,1,8,0,7,0,5,0,0,0,0,4,1,6,3,-1,-1,-1,-1,-1,-1,-1,-1
2018301801684,1,9,0,6,0,8,0,0,0,0,1,1,6,1,39,7,-1,-1,-1,5,1,5
2018301801685,1,9,0,4,0,0,0,0,0,0,1,1,6,2,25,5,1560,2,10,9,3,9
2018301801685,2,9,0,4,0,0,0,0,0,0,2,1,6,2,57,9,2996,1,10,9,2,9
2018301801686,1,9,0,16,0,8,0,0,0,0,1,1,1,1,44,7,2495,2,25,4,3,4
2018301801686,2,9,0,17,0,8,0,0,0,0,1,1,1,1,44,7,2495,2,25,4,3,4
2018301801687,1,9,0,18,0,0,1,0,0,0,4,1,6,1,21,5,1461,2,15,5,1,5
2018301801687,2,9,0,18,0,0,0,0,0,0,1,1,2,2,63,9,1242,1,14,7,1,7
2018301801688,1,9,0,16,0,8,0,0,0,0,1,1,6,1,47,8,1998,2,7,10,2,10
2018301801690,1,9,0,16,0,0,1,0,7,9,1,1,6,1,20,4,1229,1,10,5,1,5
2018301801691,1,9,0,18,0,0,0,0,0,0,1,1,6,2,20,4,998,1,6,3,1,3
2018301801691,2,9,0,3,0,0,0,0,0,0,2,1,6,2,22,5,1242,1,8,3,1,3
2018301801692,1,2,0,4,0,1,0,0,0,0,2,1,2,1,60,9,49,1,10,5,1,5
2018301801692,2,9,0,16,0,1,0,0,0,0,1,1,2,1,19,4,999,1,6,9,1,9
2018301801693,1,9,0,18,0,0,0,0,0,0,4,1,6,3,-1,-1,-1,-1,-1,-1,-1,-1
2018301801694,1,19,0,5,0,0,0,0,0,0,1,1,1,1,43,7,1598,2,1,6,1,6
2018301801695,1,9,0,13,0,0,0,0,1,11,1,1,6,1,25,5,1995,2,7,3,1,3
2018301801695,2,9,0,18,0,0,0,0,0,0,1,1,1,2,24,5,998,1,-1,1,1,1
2018301801695,3,9,0,18,0,0,0,0,0,0,0,1,6,1,29,6,999,1,1,6,1,6
2018301801696,1,9,0,18,0,0,0,11,1,8,1,1,6,2,29,6,2204,2,10,10,2,10
2018301801697,1,9,0,18,0,0,0,0,0,0,1,1,6,2,50,8,1560,2,6,4,1,4
2018301801697,2,9,0,4,0,0,0,0,0,0,2,1,6,1,59,9,1560,2,8,4,1,4
2018301801697,3,9,0,4,0,0,0,0,0,0,2,1,6,2,32,6,1956,2,6,3,-1,3
2018301801698,1,3,0,13,0,8,0,0,0,0,1,1,6,1,19,4,125,1,-1,8,1,8
2018301801698,2,9,0,9,0,5,0,0,0,0,4,1,6,2,26,6,1149,1,7,2,1,2
2018301801698,3,9,0,18,0,1,0,0,0,0,0,1,6,3,-1,-1,-1,-1,-1,-1,-1,-1
2018301801700,1,9,0,7,0,6,0,0,0,0,1,1,6,2,39,7,2400,2,2,6,1,6
2018301801700,2,9,0,18,0,8,1,0,1,5,1,1,6,2,48,8,1560,2,11,7,3,7
2018301801701,1,21,0,7,0,4,0,0,0,0,0,1,1,1,28,6,6374,2,5,1,1,1
2018301801701,2,1,0,18,0,8,0,0,0,0,4,1,6,1,39,7,-1,-1,-1,10,1,10
2018301801702,1,9,0,10,0,8,0,0,0,0,2,1,2,1,17,4,998,1,5,9,3,9
2018301801702,2,9,0,18,0,8,0,0,0,0,1,1,6,1,33,6,1497,8,-1,10,3,10
2018301801703,1,9,0,18,0,0,0,0,0,0,1,1,6,3,-1,-1,-1,-1,-1,-1,-1,-1
2018301801704,1,3,0,18,0,0,0,0,0,0,1,1,2,1,18,4,125,1,1,10,1,10
2018301801704,2,9,0,4,0,0,0,0,0,0,2,1,6,2,26,6,1197,1,3,7,1,7
2018301801705,1,9,0,9,0,5,0,0,0,0,4,1,6,1,38,7,1796,1,8,8,1,8
2018301801705,2,1,0,18,0,8,0,0,0,0,1,1,6,1,37,7,-1,-1,-1,4,1,4
2018301801706,1,9,0,18,0,0,1,4,0,0,1,1,6,2,28,6,1598,1,-1,4,1,4
2018301801706,2,9,0,2,0,0,0,0,0,0,2,1,6,3,-1,-1,1998,1,13,-1,-1,-1
2018301801707,1,9,0,18,0,1,0,0,0,0,1,1,6,3,-1,-1,1461,2,4,-1,-1,-1
2018301801707,2,9,0,8,0,1,0,0,0,0,2,1,2,1,21,5,999,1,1,6,3,6
2018301801708,1,9,0,14,0,0,0,0,0,0,1,1,6,2,49,8,1900,2,12,7,3,7
2018301801708,2,9,0,2,0,0,0,0,0,0,0,1,6,3,-1,-1,-1,-1,-1,-1,-1,-1
2018301801709,1,9,0,16,0,0,2,0,1,10,4,1,6,1,20,4,998,1,4,8,2,8
2018301801710,1,9,0,16,0,0,0,6,7,4,1,1,6,2,21,5,1149,1,11,6,3,6
2018301801711,1,9,0,9,0,6,0,0,0,0,3,1,2,1,30,6,1199,1,16,2,2,2
2018301801711,2,5,0,4,0,8,1,0,0,0,1,1,2,1,22,5,645,1,9,7,1,7
2018301801712,1,2,0,18,0,0,0,0,0,0,0,1,2,1,47,8,49,1,3,5,1,5
2018301801712,2,9,0,18,0,0,1,0,0,0,1,1,2,1,66,10,3628,2,9,7,1,7
2018301801713,1,9,0,5,0,0,0,0,0,0,1,1,6,3,-1,-1,-1,-1,-1,-1,-1,-1
2018301801714,1,19,0,18,0,2,0,0,0,0,1,1,2,1,61,9,1560,2,3,-1,-1,-1
2018301801715,1,19,0,7,0,2,0,0,0,0,4,1,6,1,23,5,970,1,30,6,3,6
2018301801715,2,9,0,2,0,2,0,0,0,0,2,1,6,2,53,8,1984,1,3,6,1,6
2018301801716,1,8,0,18,0,0,0,0,0,0,4,1,1,1,40,7,2148,2,11,3,1,3
2018301801717,1,9,0,18,0,0,0,0,0,0,1,1,6,1,57,9,1332,1,13,2,1,2
2018301801718,1,9,0,18,0,0,0,0,0,0,1,1,6,1,52,8,2143,2,3,8,1,8
2018301801718,2,9,0,18,0,0,0,0,0,0,1,1,6,2,35,6,1560,2,8,5,1,5
2018301801719,1,9,0,18,0,4,0,0,0,0,1,1,6,3,-1,-1,-1,-1,-1,-1,-1,-1
2018301801719,2,1,0,18,0,8,0,0,0,0,2,1,2,1,50,8,-1,-1,-1,6,1,6
2018301801720,1,9,0,18,0,8,0,0,0,0,4,1,6,3,-1,-1,-1,-1,-1,-1,-1,-1
2018301801721,1,9,0,3,0,0,0,0,0,0,2,1,6,1,24,5,1299,1,16,2,2,2
2018301801721,2,9,0,18,0,0,0,0,0,0,1,1,6,3,-1,-1,1422,2,8,-1,-1,-1
2018301801722,1,9,0,18,0,0,0,0,0,0,1,1,6,1,68,10,1769,1,14,9,1,9
2018301801722,2,9,0,18,0,0,0,0,0,0,1,1,6,1,65,9,999,1,4,5,1,5
2018301801723,1,9,0,9,0,2,0,0,0,0,3,1,6,1,34,6,993,1,16,8,1,8
2018301801724,1,11,0,18,0,1,0,0,0,0,1,1,6,1,58,9,9000,2,6,7,1,7
2018301801724,2,9,0,11,0,1,0,0,0,0,2,1,6,1,40,7,2521,1,9,4,3,4
2018301801725,1,9,0,3,0,0,0,0,0,0,2,1,6,2,49,8,1198,1,11,5,1,5
2018301801725,2,9,0,3,0,0,0,0,0,0,2,1,6,2,46,8,1360,1,11,9,1,9
2018301801725,3,9,0,18,0,0,0,0,0,0,1,1,6,1,52,8,1296,1,12,9,2,9
2018301801727,1,19,0,1,0,0,0,0,0,0,2,1,1,1,39,7,2198,2,4,3,1,3
2018301801728,1,9,0,4,0,1,0,0,0,0,1,1,6,2,48,8,1199,1,14,1,1,1
2018301801729,1,22,0,18,0,2,0,0,0,0,3,1,6,1,56,9,-1,3,1,1,1,1
2018301801729,2,9,0,18,0,2,0,0,0,0,1,1,6,3,-1,-1,-1,-1,-1,-1,-1,-1
2018301801730,1,9,0,5,9,6,0,0,0,0,1,1,6,1,20,4,1595,1,6,4,1,4
2018301801731,1,19,0,9,1,2,0,0,0,0,1,1,6,3,-1,-1,2461,2,9,-1,-1,-1
2018301801731,2,1,0,18,0,2,0,0,0,0,2,1,6,1,10,2,-1,-1,-1,10,1,10
2018301801732,1,9,0,9,0,6,0,0,0,0,1,1,6,3,-1,-1,1198,1,15,-1,-1,-1
2018301801732,2,1,0,17,4,8,0,0,0,0,4,1,6,1,36,7,-1,-1,-1,6,1,6
2018301801733,1,9,0,16,0,2,0,0,7,4,1,1,6,2,28,6,1461,2,5,5,1,5
2018301801734,1,9,0,3,0,1,0,0,0,0,2,1,6,1,22,5,2987,2,12,3,1,3
2018301801734,2,9,0,17,0,1,0,0,0,0,1,1,6,3,-1,-1,1968,2,7,-1,-1,-1
2018301801735,1,9,0,18,0,0,0,0,0,0,1,1,6,1,19,4,1390,1,14,5,2,5
2018301801736,1,9,0,2,0,0,0,0,0,0,1,1,6,3,-1,-1,1461,2,3,-1,-1,-1
2018301801736,2,9,0,18,0,0,0,4,0,0,1,1,6,2,77,11,1242,1,14,4,2,4
2018301801737,1,9,0,9,0,6,1,0,0,0,1,1,6,3,-1,-1,-1,-1,-1,-1,-1,-1
2018301801737,2,9,0,16,0,8,0,0,0,0,1,1,6,1,29,6,1364,1,11,4,1,4
2018301801738,1,9,0,18,0,8,0,0,0,0,1,1,6,2,-1,-1,1896,2,15,7,3,7
2018301801738,2,19,0,9,0,5,0,0,0,0,4,1,1,1,-1,-1,1598,2,3,6,2,6
2018301801739,1,9,0,16,0,3,0,0,1,2,1,1,6,1,70,10,1390,1,8,3,1,3
2018301801740,1,9,0,16,0,0,0,0,0,0,3,1,6,2,51,8,1968,2,8,7,2,7
2018301801740,2,4,0,17,0,0,0,0,0,0,1,1,6,1,22,5,124,1,4,2,1,2
2018301801741,1,9,0,18,0,0,0,0,0,0,1,1,6,2,53,8,2993,2,4,7,3,7
2018301801742,1,9,0,18,0,0,0,0,5,6,3,1,6,1,-1,-1,1796,1,13,1,1,1
2018301801743,1,9,0,17,0,0,0,0,1,0,4,1,6,1,56,9,2179,2,11,3,1,3
2018301801744,1,9,0,18,0,0,0,0,0,0,1,1,6,3,-1,-1,-1,-1,-1,-1,-1,-1
2018301801744,2,9,0,3,0,0,0,0,0,0,2,1,6,2,78,11,1299,1,17,4,1,4
2018301801745,1,9,0,9,0,5,0,0,0,0,3,1,6,1,45,7,3628,2,9,6,1,6
2018301801745,2,9,0,9,0,6,0,0,0,0,1,1,6,3,-1,-1,-1,-1,-1,-1,-1,-1
2018301801746,1,3,0,18,0,0,0,0,0,0,1,1,6,1,19,4,124,1,10,4,1,4
2018301801747,1,9,0,18,0,0,0,0,0,0,1,1,6,1,52,8,1798,1,10,10,1,10
2018301801748,1,9,0,9,0,6,0,0,0,0,3,1,6,2,78,11,1769,1,12,7,1,7
2018301801748,2,9,0,18,0,8,0,0,0,0,4,1,6,1,69,10,-1,-1,-1,10,2,10
2018301801749,1,9,0,18,0,1,0,0,0,0,3,1,6,1,36,7,1753,2,11,2,1,2
2018301801749,2,9,0,11,0,1,0,0,0,0,4,1,6,3,-1,-1,1999,2,1,-1,-1,-1
2018301801750,1,9,0,2,0,0,0,0,0,0,3,1,6,2,30,6,1229,1,9,3,1,3
2018301801750,2,1,0,14,0,0,0,8,0,0,1,1,6,1,34,6,-1,-1,-1,5,1,5
2018301801751,1,2,0,18,0,0,0,0,0,0,4,1,6,1,40,7,49,1,14,2,1,2
2018301801752,1,9,0,18,0,1,0,0,0,0,2,1,6,2,69,10,1968,2,2,8,1,8
2018301801752,2,9,0,9,0,1,0,0,0,0,2,1,6,1,52,8,1339,1,11,5,2,5
2018301801752,3,9,0,18,0,1,0,0,0,0,1,1,6,1,28,6,1598,2,6,6,2,6
2018301801753,1,9,0,16,0,8,0,0,0,0,1,1,6,2,75,10,998,1,10,4,1,4
2018301801753,2,9,0,10,0,8,0,0,0,0,2,1,6,2,33,6,998,1,3,2,1,2
2018301801754,1,9,0,7,0,6,0,0,0,0,1,1,6,2,27,6,1242,1,11,9,1,9
2018301801754,2,1,0,18,0,1,0,0,0,0,3,1,6,1,17,4,-1,-1,-1,4,1,4
2018301801755,1,9,0,18,0,0,0,0,0,0,3,1,6,2,37,7,1997,2,13,7,1,7
2018301801755,2,9,0,18,0,0,0,0,0,0,4,1,6,2,-1,-1,1242,1,5,-1,-1,-1