Accident_Index,Vehicle_Reference,Vehicle_Type,Towing_and_Articulation,Vehicle_Manoeuvre,Vehicle_Location-Restricted_Lane,Junction_Location,Skidding_and_Overturning,Hit_Object_in_Carriageway,Vehicle_Leaving_Carriageway,Hit_Object_off_Carriageway,1st_Point_of_Impact,Was_Vehicle_Left_Hand_Drive?,Journey_Purpose_of_Driver,Sex_of_Driver,Age_of_Driver,Age_Band_of_Driver,Engine_Capacity_(CC),Propulsion_Code,Age_of_Vehicle,Driver_IMD_Decile,Driver_Home_Area_Type,Vehicle_IMD_Decile
2018301801756,1,9,0,18,0,0,5,10,0,0,4,1,6,2,43,7,1781,1,15,3,1,3
2018301801757,1,5,0,18,0,0,1,0,0,0,0,1,6,1,31,6,599,1,20,3,3,3
2018301801757,2,21,0,11,0,0,0,0,0,0,0,1,6,3,-1,-1,-1,-1,-1,-1,-1,-1
2018301801758,1,9,0,18,0,8,0,0,0,0,1,1,6,2,38,7,1461,2,9,3,1,3
2018301801758,2,9,0,9,0,6,0,0,0,0,2,1,6,1,25,5,1968,2,4,3,3,3
2018301801759,1,3,0,15,0,8,0,0,0,0,3,1,6,1,-1,-1,125,1,15,5,1,5
2018301801759,2,9,0,9,0,5,0,0,0,0,4,1,6,2,-1,-1,1999,2,2,5,1,5
2018301801760,1,9,0,18,0,0,0,0,0,0,1,1,6,2,27,6,1397,1,11,2,1,2
2018301801760,2,9,0,18,0,0,0,0,0,0,2,1,6,1,41,7,1968,2,8,9,1,9
2018301801760,3,9,0,18,0,0,0,0,0,0,2,1,6,1,63,9,-1,-1,-1,4,1,4
2018301801761,1,9,0,18,0,8,0,0,0,0,1,1,2,1,27,6,1364,1,11,3,1,3
2018301801761,2,9,0,7,0,6,0,0,0,0,1,1,2,1,-1,-1,-1,-1,-1,3,1,3
2018301801763,1,9,0,18,0,0,0,0,0,0,1,1,6,1,66,10,1493,2,10,6,1,6
2018301801763,2,9,0,2,0,0,0,0,0,0,0,1,6,3,-1,-1,-1,-1,-1,-1,-1,-1
2018301801764,1,9,0,12,0,0,0,0,0,0,3,1,6,1,21,5,1198,1,12,3,1,3
2018301801764,2,1,0,14,0,0,0,0,0,0,4,1,2,1,24,5,-1,-1,-1,7,1,7
2018301801764,3,21,0,2,0,0,0,0,0,0,0,1,6,3,-1,-1,-1,-1,-1,-1,-1,-1
2018301801765,1,9,0,4,0,0,0,0,0,0,1,1,6,2,23,5,1598,1,15,3,1,3
2018301801765,2,9,0,3,0,0,0,0,0,0,2,1,6,2,26,6,1368,1,8,3,1,3
2018301801765,3,9,0,3,0,0,0,0,0,0,2,1,6,2,-1,-1,-1,-1,-1,10,1,10
2018301801766,1,3,0,18,0,8,0,0,0,0,1,1,1,1,29,6,125,1,4,2,1,2
2018301801766,2,9,0,9,0,5,0,0,0,0,4,1,1,1,21,5,1560,2,9,9,3,9
2018301801767,1,9,0,18,0,0,0,0,0,0,3,1,6,2,27,6,1596,1,13,9,2,9
2018301801767,2,19,0,12,0,0,0,0,0,0,3,1,6,1,66,10,2402,2,15,2,1,2
2018301801768,1,9,0,18,0,0,0,0,0,0,1,1,6,3,-1,-1,1339,1,12,-1,-1,-1
2018301801768,2,9,0,18,0,0,0,0,0,0,2,1,6,1,55,8,2597,1,15,7,1,7
2018301801769,1,8,0,5,0,0,0,0,0,0,0,1,1,3,-1,-1,2231,2,10,-1,-1,-1
2018301801770,1,19,0,18,0,8,0,0,0,0,1,1,2,1,46,8,1560,2,9,1,1,1
2018301801770,2,1,0,5,0,4,0,0,0,0,1,1,6,1,37,7,-1,-1,-1,1,1,1
2018301801771,1,9,0,9,0,5,0,0,0,0,1,1,6,1,82,11,1086,1,9,3,1,3
2018301801771,2,3,0,18,0,8,0,0,0,0,1,1,6,1,-1,-1,124,1,18,6,1,6
2018301801772,1,8,0,18,0,0,0,0,0,0,4,1,6,3,-1,-1,-1,-1,-1,-1,-1,-1
2018301801773,1,11,0,18,0,0,0,0,0,0,0,1,1,1,-1,-1,6700,2,2,-1,-1,-1
2018301801773,2,9,0,12,0,0,0,0,0,0,0,1,6,3,-1,-1,-1,-1,-1,-1,-1,-1
2018301801774,1,9,0,9,0,5,0,0,0,0,4,1,6,1,70,10,998,1,21,4,1,4
2018301801774,2,1,0,15,0,8,0,0,0,0,1,1,6,1,55,8,-1,-1,-1,4,1,4
2018301801774,3,9,0,3,0,1,0,0,0,0,0,1,6,3,-1,-1,-1,-1,-1,-1,-1,-1
2018301801775,1,19,0,12,8,1,0,0,4,0,1,1,2,1,59,9,-1,-1,-1,4,2,4
2018301801775,2,9,0,18,0,1,0,0,4,0,1,1,2,1,27,6,2967,2,4,6,2,6
2018301801776,1,9,0,13,0,8,0,0,0,0,3,1,6,1,19,4,998,1,4,6,2,6
2018301801776,2,9,0,7,0,6,0,0,0,0,1,1,6,1,25,5,1398,1,5,4,1,4
2018301801776,3,9,0,18,0,8,0,0,0,0,3,1,6,2,27,6,-1,-1,-1,2,1,2
2018301801777,1,9,0,18,0,8,0,0,0,0,1,1,6,1,44,7,2967,2,3,6,1,6
2018301801777,2,9,0,7,0,6,0,0,0,0,2,1,6,1,-1,-1,1560,2,7,2,1,2
2018301801777,3,9,0,18,0,8,0,0,0,0,3,1,6,1,67,10,1590,1,18,2,1,2
2018301801778,1,9,0,18,0,0,1,0,0,0,4,1,6,3,-1,-1,-1,-1,-1,-1,-1,-1
2018301801780,1,11,0,18,0,0,0,0,0,0,4,1,1,1,50,8,6700,2,2,7,3,7
2018301801781,1,9,0,1,0,0,0,0,0,0,2,1,6,1,82,11,1968,2,6,10,3,10
2018301801781,2,9,0,2,0,0,0,0,0,0,1,1,6,3,-1,-1,999,1,16,-1,-1,-1
2018301801781,3,9,0,2,0,0,0,0,0,0,1,1,6,3,-1,-1,1968,2,3,-1,-1,-1
2018301801782,1,9,0,9,0,6,0,0,0,0,1,1,6,1,46,8,2354,1,15,1,1,1
2018301801782,2,1,0,18,0,8,0,0,0,0,1,1,6,1,41,7,-1,-1,-1,-1,-1,-1
2018301801783,1,8,0,1,1,6,0,0,0,0,0,1,6,1,35,6,1968,2,9,1,1,1
2018301801783,2,5,0,18,0,8,0,0,0,0,0,1,6,1,22,5,645,1,12,10,-1,10
2018301801784,1,9,0,18,0,0,0,0,0,0,4,1,6,3,-1,-1,-1,-1,-1,-1,-1,-1
2018301801785,1,9,0,18,0,0,0,0,0,0,1,1,6,1,56,9,1199,2,5,-1,-1,-1
2018301801785,2,9,0,18,0,0,0,0,0,0,1,1,6,2,29,6,1461,2,5,2,1,2
2018301801786,1,9,0,7,0,5,0,0,0,0,1,1,1,2,36,7,1461,2,4,10,1,10
2018301801787,1,9,0,8,0,2,0,0,0,0,0,1,6,2,23,5,1796,1,12,4,1,4
2018301801787,2,9,0,4,0,8,0,0,0,0,2,1,6,1,37,7,1149,1,12,3,1,3
2018301801787,3,19,0,18,0,8,0,0,0,0,1,1,6,1,22,5,2198,2,6,6,1,6
2018301801788,1,9,0,18,0,0,0,0,0,0,1,1,6,3,-1,-1,-1,-1,-1,-1,-1,-1
2018301801789,1,9,0,9,0,6,0,0,0,0,1,1,6,3,-1,-1,998,1,18,-1,-1,-1
2018301801790,1,9,0,18,0,6,0,0,0,0,1,1,6,1,34,6,1398,1,4,4,1,4
2018301801790,2,9,0,18,0,8,0,0,0,0,4,1,6,2,25,5,1198,1,10,4,1,4
2018301801791,1,9,0,9,0,6,0,0,0,0,1,1,6,2,43,7,2179,2,4,9,1,9
2018301801792,1,9,0,5,0,6,0,0,0,0,1,1,6,2,51,8,1984,1,11,5,1,5
2018301801792,2,9,0,2,0,8,0,0,0,0,4,1,6,2,25,5,1998,1,7,2,1,2
2018301801793,1,19,0,9,0,5,0,0,0,0,3,1,6,1,43,7,1399,2,8,7,1,7
2018301801793,2,1,0,18,0,8,0,0,0,0,1,1,6,1,51,8,-1,-1,-1,2,1,2
2018301801794,1,9,0,9,0,6,0,0,0,0,3,1,6,1,78,11,1197,1,2,3,1,3
2018301801794,2,19,0,18,0,8,0,0,0,0,1,1,2,1,27,6,2198,2,4,5,1,5
2018301801795,1,9,0,18,0,0,0,0,0,0,1,1,6,3,-1,-1,-1,-1,-1,-1,-1,-1
2018301801796,1,9,0,18,0,1,0,0,0,0,1,1,6,2,38,7,1364,1,-1,7,3,7
2018301801796,2,4,0,8,0,1,0,0,0,0,2,1,6,1,25,5,125,1,2,10,1,10
2018301801797,1,9,0,18,0,0,1,0,2,4,4,1,6,1,27,6,2993,2,8,4,1,4
2018301801798,1,9,0,9,0,5,0,0,0,0,1,1,6,1,22,5,1999,1,13,3,1,3
2018301801798,2,9,0,18,0,8,0,0,0,0,1,1,6,2,74,10,1988,2,10,9,1,9
2018301801799,1,9,0,16,0,0,0,0,0,0,1,1,6,2,29,6,1242,1,10,6,1,6
2018301801799,2,9,0,17,0,0,0,0,0,0,1,1,6,1,48,8,1998,1,-1,7,3,7
2018301801800,1,9,0,7,0,6,0,0,0,0,1,1,6,2,54,8,2231,2,4,9,3,9
2018301801800,2,9,0,14,0,8,0,4,0,0,3,1,6,1,21,5,2000,2,14,2,3,2
2018301801800,3,19,0,2,0,8,0,0,0,0,3,1,6,3,-1,-1,1248,2,-1,-1,-1,-1
2018301801801,1,3,0,3,0,8,0,0,0,0,1,1,6,1,57,9,124,1,8,9,1,9
2018301801801,2,8,0,7,0,6,0,0,0,0,1,1,6,1,53,8,1995,2,7,1,1,1
2018301801802,1,9,0,18,0,1,0,0,0,0,1,1,6,3,-1,-1,-1,-1,-1,-1,-1,-1
2018301801802,2,9,0,3,0,1,0,0,0,0,2,1,6,1,28,6,2199,2,1,9,1,9
2018301801803,1,9,0,4,0,0,0,0,0,0,2,1,6,2,26,6,1896,2,11,1,1,1
2018301801803,2,9,0,18,0,0,0,0,0,0,1,1,6,1,43,7,2720,2,11,3,1,3
2018301801804,1,9,0,11,0,0,0,0,0,0,4,1,6,1,20,4,1896,2,10,1,1,1
2018301801804,2,9,0,18,0,0,0,0,0,0,3,1,6,1,46,8,1229,1,11,1,1,1
2018301801805,1,9,0,18,0,0,1,0,1,11,3,1,6,2,57,9,1349,1,9,9,2,9
2018301801805,2,9,0,18,0,0,0,0,0,0,3,1,6,2,49,8,1582,2,4,6,3,6
2018301801806,1,9,0,16,0,0,0,0,0,0,4,1,6,3,-1,-1,-1,-1,-1,-1,-1,-1
2018301801807,1,9,0,18,0,6,0,0,0,0,4,1,6,2,57,9,1998,1,1,10,2,10
2018301801807,2,9,0,18,0,8,0,0,0,0,1,1,6,1,22,5,1595,1,9,6,3,6
2018301801808,1,9,0,9,0,5,0,0,0,0,1,1,6,2,48,8,998,1,6,5,1,5
2018301801808,2,1,0,18,0,8,0,0,0,0,1,1,6,1,46,8,-1,-1,-1,3,1,3
2018301801809,1,3,0,18,0,0,0,0,0,0,1,1,6,1,19,4,124,1,2,3,1,3
2018301801809,2,9,0,4,0,0,0,0,0,0,2,1,6,1,-1,-1,1498,1,1,6,1,6
2018301801810,1,9,0,8,0,1,0,0,0,0,2,1,6,1,47,8,1753,2,11,6,1,6
2018301801810,2,9,0,18,0,1,0,0,0,0,1,1,6,3,-1,-1,-1,-1,-1,-1,-1,-1
2018301801811,1,9,0,18,0,0,0,0,0,0,1,1,6,3,-1,-1,-1,-1,-1,-1,-1,-1
2018301801812,1,19,0,9,0,5,0,0,0,0,1,1,6,1,51,8,1598,2,3,7,2,7
2018301801812,2,9,0,9,0,5,0,0,0,0,2,1,6,1,23,5,1124,1,13,-1,-1,-1
2018301801813,1,9,0,13,0,0,0,0,0,0,4,1,6,3,-1,-1,-1,-1,-1,-1,-1,-1
2018301801813,2,1,0,18,0,0,0,0,0,0,3,1,6,1,46,8,-1,-1,-1,2,1,2
2018301801814,1,19,0,9,0,6,0,0,0,0,1,1,6,1,41,7,1560,2,2,9,1,9
2018301801814,2,9,0,18,0,8,0,0,0,0,4,1,6,1,31,6,2179,2,5,8,1,8
2018301801815,1,9,0,4,0,6,0,0,0,0,1,1,6,2,40,7,1686,2,6,10,1,10
2018301801815,2,9,0,18,0,8,1,0,7,9,4,1,6,2,61,9,1248,2,5,10,2,10
2018301801816,1,9,0,9,0,5,0,0,0,0,3,1,6,3,-1,-1,-1,-1,-1,-1,-1,-1
2018301801816,2,8,0,18,0,8,0,0,0,0,4,1,1,1,37,7,2143,2,9,4,1,4
2018301801818,1,9,0,18,0,8,0,0,0,0,3,1,6,2,21,5,1390,1,9,9,2,9
2018301801818,2,19,0,1,0,6,0,0,0,0,2,1,6,3,-1,-1,-1,-1,-1,-1,-1,-1
2018301801819,1,11,0,5,9,0,0,0,0,0,4,1,1,3,-1,-1,9000,2,12,-1,-1,-1
2018301900001,1,9,0,18,0,0,0,0,0,0,1,1,6,1,18,4,1968,2,13,1,1,1
2018301900001,2,9,0,18,0,0,0,0,0,0,1,1,6,2,51,8,1197,1,2,7,1,7
2018301900002,1,9,0,8,0,1,0,0,0,0,2,1,6,1,69,10,1399,2,11,1,1,1
2018301900002,2,9,0,4,0,1,0,0,0,0,1,1,6,2,-1,-1,1360,1,9,7,1,7
2018301900003,1,9,0,1,0,0,0,0,0,0,2,1,6,3,-1,-1,1499,1,-1,-1,-1,-1
2018301900003,2,9,0,18,0,0,0,0,0,0,1,1,6,1,26,6,1968,2,10,1,1,1
2018301900004,1,9,0,18,0,8,0,0,4,6,3,1,6,2,22,5,1149,1,13,1,1,1
2018301900004,2,19,0,11,0,8,0,0,0,0,4,1,6,1,35,6,8970,2,14,-1,2,-1
2018301900006,1,9,0,9,0,5,0,0,0,0,1,1,6,1,60,9,1999,2,2,7,1,7
2018301900025,1,9,0,17,0,0,0,0,0,0,0,1,6,3,-1,-1,-1,-1,-1,-1,-1,-1
2018301900025,2,1,0,16,0,0,0,0,7,11,3,1,6,2,41,7,-1,-1,-1,8,3,8
2018301900040,1,9,0,18,0,1,0,0,0,0,1,1,6,1,47,8,2148,2,13,5,1,5
2018301900040,2,9,0,10,0,8,0,0,0,0,2,1,6,1,47,8,1461,2,16,6,2,6
2018301900041,1,11,0,9,0,1,0,0,0,0,4,1,1,1,42,7,9000,2,15,-1,-1,-1
2018301900042,1,9,0,9,0,5,0,0,0,0,1,1,6,2,45,7,1560,2,4,7,3,7
2018301900042,2,5,0,18,0,8,1,0,7,0,1,1,6,1,32,6,1157,1,21,7,1,7
2018301900042,3,20,0,18,0,2,0,0,0,0,0,1,6,3,-1,-1,-1,-1,-1,-1,-1,-1
2018301900105,1,9,0,9,0,8,0,0,0,0,3,1,6,2,-1,-1,1598,1,11,4,1,4
2018301900105,2,9,0,9,0,8,0,0,0,0,4,1,6,2,20,4,1390,1,9,2,1,2
2018301900127,1,1,0,18,0,0,0,0,0,0,3,1,6,1,20,4,-1,-1,-1,3,1,3
2018301900127,2,9,0,13,0,0,0,0,0,0,4,1,6,3,-1,-1,-1,-1,-1,-1,-1,-1
2018301900137,1,90,0,16,0,0,2,0,0,0,0,1,1,1,31,6,11705,2,8,8,1,8
2018301900146,1,9,0,17,0,2,0,0,7,11,1,1,6,1,32,6,1896,2,10,10,2,10
2018301900146,2,9,0,16,0,1,0,0,0,0,1,1,6,1,21,5,1995,2,11,10,3,10
2018301900354,1,1,0,17,0,0,0,0,0,0,1,1,6,1,68,10,-1,-1,-1,8,3,8
2018301900404,1,9,0,4,0,0,0,0,0,0,1,1,6,2,32,6,1984,1,11,8,1,8
2018301900404,2,9,0,4,0,0,0,0,0,0,2,1,6,2,26,6,1242,1,4,4,1,4
2018301900404,3,9,0,4,0,0,0,0,0,0,2,1,6,2,64,9,1198,1,11,8,1,8
2018301900405,1,9,0,18,0,1,0,0,0,0,1,1,6,3,-1,-1,1598,1,12,-1,-1,-1
2018301900408,1,9,0,10,0,8,0,0,0,0,2,1,6,2,25,5,1200,1,1,8,1,8
2018301900408,2,9,0,18,0,8,0,0,0,0,1,1,6,1,18,4,999,1,3,1,1,1
2018301900408,3,9,0,18,0,8,0,0,0,0,1,1,6,3,-1,-1,1124,1,16,-1,-1,-1
2018301900409,1,9,0,16,0,0,0,0,0,0,1,1,6,1,66,10,1995,2,8,8,1,8
2018301900409,2,9,0,17,0,0,0,0,0,0,1,1,6,2,71,10,1242,1,3,4,1,4
2018301900410,1,1,0,18,9,0,0,0,0,0,1,1,6,3,-1,-1,-1,-1,-1,-1,-1,-1
2018301900414,1,9,0,18,0,2,0,0,0,0,4,1,6,3,-1,-1,-1,-1,-1,-1,-1,-1
2018301900415,1,9,0,9,0,5,0,0,0,0,1,1,6,2,21,5,1086,1,11,9,1,9
2018301900416,1,9,0,4,0,8,0,0,0,0,0,1,6,1,24,5,1598,2,4,2,1,2
2018301900416,2,5,0,18,0,8,1,0,0,0,0,1,6,1,75,10,865,1,2,7,2,7
2018301900417,1,9,0,18,0,4,0,0,0,0,1,1,6,2,37,7,1896,2,11,1,1,1
2018301900417,2,3,0,17,0,8,0,0,0,0,4,1,6,1,43,7,125,1,2,1,1,1
2018301900418,1,9,0,9,0,6,0,0,0,0,1,1,6,2,66,10,1329,1,6,9,1,9
2018301900418,2,9,0,18,0,8,0,0,0,0,3,1,6,2,25,5,1995,2,7,3,1,3
2018301900419,1,9,0,2,0,0,0,0,0,0,3,1,6,1,33,6,2495,1,16,8,1,8
2018301900419,2,9,0,14,0,0,0,8,0,0,4,1,6,1,77,11,1388,1,2,9,1,9
2018301900419,3,9,0,18,0,0,0,0,0,0,1,1,6,2,46,8,1497,1,-1,7,1,7
2018301900420,1,9,0,17,0,0,0,0,1,0,1,1,2,1,19,4,1242,1,1,9,1,9
2018301900421,1,9,0,18,0,0,0,0,0,0,4,1,6,2,57,9,1798,1,10,9,3,9
2018301900422,1,9,0,16,0,0,0,0,0,0,3,1,6,1,25,5,1968,2,-1,1,1,1
2018301900422,2,9,0,17,0,0,0,0,0,0,3,1,6,2,42,7,998,1,-1,5,1,5
2018301900423,1,9,0,16,0,0,0,0,0,0,2,1,6,2,44,7,1995,2,3,10,1,10
2018301900423,2,9,0,17,0,0,0,6,0,0,2,1,6,2,53,8,1999,2,-1,5,1,5
2018301900424,1,9,0,4,0,1,0,0,0,0,2,1,6,2,72,10,1339,1,11,8,1,8
2018301900424,2,9,0,18,0,1,0,0,0,0,1,1,6,3,-1,-1,-1,-1,-1,-1,-1,-1
2018301900425,1,1,0,13,0,8,0,0,0,0,1,1,6,1,-1,-1,-1,-1,-1,9,1,9
2018301900425,2,9,0,9,0,5,0,0,0,0,3,1,6,1,50,8,1560,2,7,4,1,4
2018301900426,1,9,0,14,0,0,0,8,0,0,4,1,6,3,-1,-1,-1,-1,-1,-1,-1,-1
2018301900426,2,9,0,2,0,0,0,0,0,0,3,1,6,3,-1,-1,1998,1,-1,-1,-1,-1
2018301900427,1,9,0,9,0,5,0,0,0,0,4,1,6,2,55,8,1997,2,3,9,1,9
2018301900428,1,9,0,4,0,1,0,0,0,0,1,1,6,1,19,4,1229,1,12,9,1,9
2018301900428,2,9,0,3,0,1,0,0,0,0,2,1,6,1,59,9,1968,2,7,8,1,8
2018301900429,1,9,0,7,0,6,0,0,0,0,3,1,6,2,26,6,1390,1,7,8,1,8
2018301900429,2,9,0,16,0,8,0,0,0,0,1,1,6,1,88,11,1124,1,17,9,2,9
2018301900430,1,9,0,18,0,2,0,10,0,0,4,1,6,3,-1,-1,-1,-1,-1,-1,-1,-1
2018301900431,1,9,0,18,0,0,0,0,0,0,1,1,6,1,25,5,1956,2,8,2,1,2
2018301900432,1,9,0,18,0,0,0,0,0,0,1,1,6,3,-1,-1,1910,2,12,-1,-1,-1
2018301900432,2,97,0,18,0,0,0,0,0,0,2,1,6,1,28,6,-1,-1,-1,5,1,5
2018301900433,1,19,0,18,0,0,0,0,0,0,1,1,6,3,-1,-1,-1,-1,-1,-1,-1,-1
2018301900434,1,9,0,18,0,0,2,0,0,0,4,1,6,2,26,6,1560,2,7,5,3,5
2018301900435,1,9,0,18,0,0,0,0,0,0,4,1,6,1,26,6,1400,2,11,1,1,1
2018301900436,1,9,0,18,0,0,1,0,1,0,4,1,6,1,24,5,1994,1,15,3,1,3
2018301900437,1,9,0,5,0,0,0,8,0,0,1,1,6,1,40,7,1398,1,2,4,1,4
2018301900437,2,9,0,2,0,0,0,0,0,0,3,1,6,3,-1,-1,1396,1,18,-1,-1,-1
2018301900439,1,9,0,5,0,0,0,0,0,0,1,1,6,1,33,6,2967,2,7,3,1,3
201831A000118,1,9,0,18,0,0,5,4,0,0,1,1,6,2,81,11,1900,2,12,2,1,2
201831A000118,2,9,0,2,0,0,0,0,1,11,1,1,6,3,-1,-1,1242,1,6,-1,-1,-1
201831A000618,1,9,0,18,0,0,1,0,7,11,2,1,6,1,35,6,1995,2,10,3,2,3
201831A000918,1,9,0,18,0,8,0,0,0,0,1,1,1,2,29,6,-1,-1,-1,4,2,4
201831A000918,2,9,0,18,0,8,0,0,0,0,3,1,1,1,26,6,999,1,4,5,1,5
201831A001318,1,9,0,18,0,2,0,0,0,0,1,1,6,1,27,6,1753,2,16,1,1,1
201831A001418,1,9,0,16,0,0,2,10,1,0,3,1,6,1,17,4,-1,-1,-1,1,1,1
201831A001818,1,9,0,9,0,6,0,0,0,0,3,1,6,1,58,9,1339,1,8,2,1,2
201831A001818,2,5,0,18,0,8,0,0,0,0,1,1,6,1,56,9,600,1,17,4,1,4
201831A002218,1,9,0,18,0,0,0,0,0,0,1,1,6,1,18,4,999,1,6,7,1,7
201831A002218,2,9,0,3,0,0,0,0,0,0,2,1,2,2,49,8,1560,2,5,6,2,6
201831A002618,1,9,0,17,0,1,0,0,0,0,1,1,6,3,-1,-1,-1,-1,-1,-1,-1,-1
201831A002618,2,9,0,10,0,1,0,0,0,0,2,1,6,2,23,5,1582,2,1,1,1,1
201831A002818,1,20,0,9,0,6,0,0,0,0,4,1,1,3,-1,-1,4580,2,2,-1,-1,-1
201831A002818,2,9,0,7,0,6,0,0,0,0,3,1,6,1,43,7,1769,1,13,1,1,1
201831A003718,1,3,0,18,0,0,0,0,0,0,4,1,6,1,30,6,124,1,6,3,1,3
201831A003918,1,9,0,18,0,2,0,0,1,11,1,1,1,2,61,9,1242,1,3,4,1,4
201831A004318,1,9,0,18,0,6,1,0,0,0,1,1,6,2,57,9,1997,2,9,9,1,9
201831A004318,2,9,0,18,0,8,0,0,0,0,1,1,1,1,59,9,-1,-1,-1,3,1,3
201831A005218,1,8,0,9,0,5,0,0,0,0,1,1,1,1,36,7,-1,-1,-1,1,1,1
201831A006118,1,9,0,7,0,6,0,0,0,0,1,1,1,2,27,6,1896,2,9,3,1,3
201831A006118,2,9,0,18,0,8,0,0,0,0,1,1,1,2,26,6,1686,2,12,6,1,6
201831A006318,1,9,0,18,0,0,0,0,0,0,1,1,2,2,35,6,1242,1,11,2,1,2
201831A006418,1,9,0,14,0,1,0,0,0,0,4,1,6,1,42,7,1984,1,1,3,1,3
201831A006618,1,9,0,7,0,6,0,0,0,0,3,1,2,2,34,6,1596,1,8,6,1,6
201831A006618,2,1,0,18,0,8,0,0,0,0,1,1,6,1,63,9,-1,-1,-1,-1,-1,-1
201831A006718,1,9,0,7,0,6,0,0,0,0,3,1,6,2,40,7,1560,2,7,5,1,5
201831A006718,2,9,0,18,0,8,0,0,0,0,1,1,6,1,36,7,2179,2,6,6,1,6
201831A006818,1,9,0,18,0,0,0,4,0,0,1,1,6,1,23,5,1242,1,6,8,1,8
201831A006818,2,9,0,2,0,0,0,4,0,0,2,1,6,3,-1,-1,1598,1,12,-1,-1,-1
201831A006818,3,9,0,2,0,0,0,0,0,0,2,1,6,3,-1,-1,1360,1,13,-1,-1,-1
201831A007018,1,9,0,16,0,2,1,0,7,1,1,1,6,1,42,7,1742,1,3,6,1,6
201831A007618,1,19,0,18,0,1,0,0,0,0,1,1,1,1,36,7,1995,2,1,5,1,5
201831A007618,2,9,0,3,0,1,0,0,0,0,2,1,6,2,41,7,1242,1,9,7,2,7
201831A007618,3,19,0,3,0,1,0,0,0,0,2,1,1,1,27,6,1995,2,7,6,1,6
201831A008218,1,9,0,5,0,0,0,0,0,0,0,1,6,1,-1,-1,-1,-1,-1,-1,-1,-1
201831A008218,2,11,0,14,0,0,0,0,0,0,0,1,1,1,52,8,8268,2,15,2,1,2
201831A011318,1,9,0,18,0,1,0,0,0,0,2,1,6,2,58,9,-1,-1,-1,4,1,4
201831A011318,2,9,0,18,0,1,0,0,0,0,1,1,6,1,-1,-1,-1,-1,-1,-1,-1,-1
201831A011518,1,9,0,18,0,0,0,0,0,0,1,1,6,3,-1,-1,-1,-1,-1,-1,-1,-1
201831A012018,1,11,0,18,0,0,0,0,0,0,1,1,1,2,37,7,10000,2,33,6,1,6
201831A012018,2,9,0,11,0,0,0,0,0,0,2,2,6,2,37,7,-1,-1,-1,6,1,6
201831A012418,1,9,0,18,0,0,0,0,0,0,3,1,6,1,24,5,1198,1,8,8,1,8
201831A012518,1,9,0,18,0,0,0,0,0,0,0,1,6,1,22,5,1360,1,9,6,1,6
201831A013218,1,9,0,6,0,0,0,0,0,0,1,1,6,2,78,11,1560,2,5,9,1,9
201831A013218,2,2,0,14,0,0,0,0,0,0,2,1,6,1,63,9,49,1,1,7,1,7
201831A014118,1,9,0,7,0,4,0,0,0,0,1,1,6,1,76,11,1197,1,2,8,1,8
201831A014118,2,5,0,18,0,8,0,0,0,0,4,1,6,1,24,5,649,1,7,8,1,8
201831A014618,1,19,0,18,0,3,0,0,0,0,3,1,1,1,40,7,1995,2,1,2,1,2
201831A014618,2,9,0,18,0,3,0,0,0,0,4,1,6,1,53,8,-1,-1,-1,6,2,6
201831A014918,1,9,0,5,0,1,0,0,0,0,1,1,6,2,38,7,1560,2,5,9,2,9
201831A014918,2,9,0,4,0,4,0,0,0,0,2,1,6,1,22,5,998,1,3,4,1,4
201831A015318,1,9,0,18,0,0,1,0,0,0,1,1,6,1,23,5,1368,1,8,6,1,6
201831A015318,2,9,0,2,0,0,0,0,0,0,1,1,6,1,25,5,1968,2,3,7,1,7
201831A015718,1,9,0,18,0,4,0,0,0,0,1,1,6,3,-1,-1,-1,-1,-1,-1,-1,-1
201831A015718,2,9,0,9,0,8,0,0,0,0,3,1,6,2,25,5,1360,1,15,4,1,4
201831A016818,1,2,0,18,0,0,1,0,0,0,3,1,6,2,20,4,50,1,5,2,1,2
201831A016818,2,9,0,11,0,0,0,0,0,0,0,1,6,3,-1,-1,-1,-1,-1,-1,-1,-1
201831A017918,1,9,0,5,0,1,0,0,0,0,0,1,6,1,32,6,1686,2,17,-1,-1,-1
201831A018318,1,9,0,18,0,1,0,7,8,1,1,1,6,2,86,11,1341,1,16,4,1,4
201831A018418,1,9,0,18,0,0,0,0,0,0,1,1,6,1,35,6,2477,2,12,5,1,5
201831A018418,2,9,0,4,0,0,0,0,0,0,2,1,6,1,53,8,1596,1,18,2,1,2
201831A018418,3,9,0,3,0,0,0,0,0,0,2,1,6,1,46,8,1598,2,9,4,1,4
201831A018418,4,9,0,3,0,0,0,0,0,0,2,1,6,1,44,7,1968,2,6,5,2,5
201831A018518,1,8,0,1,0,2,0,0,0,0,2,1,6,3,-1,-1,-1,-1,-1,-1,-1,-1
201831A019218,1,9,0,9,0,2,0,0,0,0,1,1,2,1,25,5,1200,1,5,6,1,6
201831A019818,1,9,0,18,0,0,2,10,0,0,1,1,6,1,20,4,1149,1,19,5,1,5
201831A020318,1,19,0,18,0,0,2,0,7,11,2,1,1,1,37,7,2464,2,8,3,2,3
201831A020818,1,3,0,4,0,1,1,10,0,0,3,1,2,1,20,4,123,1,2,1,1,1
201831A021418,1,9,0,9,0,6,0,0,0,0,1,1,1,2,22,5,1197,1,4,4,1,4
201831A021418,2,3,0,14,0,1,0,0,0,0,1,1,1,1,20,4,124,1,8,-1,-1,-1