Accident_Index,Vehicle_Reference,Vehicle_Type,Towing_and_Articulation,Vehicle_Manoeuvre,Vehicle_Location-Restricted_Lane,Junction_Location,Skidding_and_Overturning,Hit_Object_in_Carriageway,Vehicle_Leaving_Carriageway,Hit_Object_off_Carriageway,1st_Point_of_Impact,Was_Vehicle_Left_Hand_Drive?,Journey_Purpose_of_Driver,Sex_of_Driver,Age_of_Driver,Age_Band_of_Driver,Engine_Capacity_(CC),Propulsion_Code,Age_of_Vehicle,Driver_IMD_Decile,Driver_Home_Area_Type,Vehicle_IMD_Decile
201831B089018,2,3,0,18,0,8,0,0,0,0,4,1,2,1,21,5,125,1,1,7,1,7
201831B089318,1,9,0,18,0,0,0,0,0,0,4,1,6,1,40,7,1560,2,5,7,1,7
201831B089618,1,19,0,18,0,0,0,0,0,0,4,1,1,1,21,5,2143,2,-1,7,1,7
201831B090418,1,9,0,18,0,0,1,0,5,6,1,1,6,2,23,5,2987,2,8,1,1,1
201831B090418,2,9,0,18,0,0,0,0,0,0,3,1,6,1,22,5,1984,1,3,10,1,10
201831B090718,1,9,0,17,0,0,0,0,1,4,1,1,6,1,21,5,1956,2,5,8,1,8
201831B090818,1,9,0,18,0,0,0,0,1,9,1,1,1,2,48,8,1560,2,8,5,2,5
201831B091118,1,19,0,18,0,1,1,0,1,0,1,1,1,1,40,7,1996,2,6,8,1,8
201831B091118,2,20,0,8,0,1,0,0,0,0,4,1,1,1,43,7,-1,-1,-1,6,1,6
201831B091118,3,9,0,9,0,5,0,0,0,0,0,1,1,2,36,7,1968,2,3,10,1,10
201831B091218,1,9,0,13,0,0,0,0,0,0,4,1,6,2,34,6,1360,1,11,9,1,9
201831B091218,2,1,0,18,0,0,0,0,0,0,3,1,6,1,54,8,-1,-1,-1,4,1,4
201831B091518,1,9,0,18,0,0,0,0,0,0,1,1,2,1,41,7,1496,2,3,5,1,5
201831B091518,2,19,0,18,0,0,0,0,0,0,2,1,1,1,26,6,-1,-1,-1,10,3,10
201831B091518,3,9,0,18,0,0,0,0,0,0,2,1,6,1,43,7,1956,2,9,1,1,1
201831B091918,1,9,0,5,0,1,0,0,0,0,1,1,6,1,53,8,3222,2,14,2,1,2
201831B091918,2,9,0,5,0,1,0,0,0,0,2,1,6,1,41,7,1398,2,15,3,2,3
201831B092218,1,9,0,18,0,0,0,0,0,0,1,1,6,1,21,5,1229,1,5,7,2,7
201831B092218,2,9,0,4,0,0,0,0,0,0,2,1,6,2,27,6,1197,1,4,2,1,2
201831B092618,1,19,0,18,9,0,0,0,7,0,1,1,6,1,26,6,1998,2,12,3,2,3
201831B093618,1,9,0,18,0,1,0,2,1,1,1,1,6,3,-1,-1,-1,-1,-1,-1,-1,-1
201831B094018,1,9,0,18,0,0,2,0,1,9,4,1,6,1,31,6,2979,1,15,1,1,1
201831B094318,1,90,0,9,0,8,0,0,0,0,1,2,6,1,65,9,-1,-1,-1,-1,-1,-1
201831B094318,2,9,0,18,0,8,0,0,0,0,4,1,2,1,36,7,1968,2,1,5,1,5
201831B094918,1,9,0,18,0,0,0,4,0,0,1,1,2,1,45,7,2496,1,11,7,3,7
201831B094918,2,9,0,2,0,0,0,0,0,0,0,1,6,1,55,8,-1,-1,-1,6,1,6
201831B094918,3,19,0,2,0,0,0,0,0,0,2,1,1,1,33,6,1968,2,1,4,2,4
201831B095018,1,11,0,18,0,1,0,0,0,0,1,1,4,1,56,9,10518,2,11,4,1,4
201831B095418,1,9,0,11,0,0,0,0,0,0,1,1,6,1,49,8,1598,1,13,1,1,1
201831B095418,2,19,0,18,0,0,0,0,0,0,2,1,1,1,27,6,1968,2,1,3,3,3
201831B095518,1,9,0,18,0,4,0,0,0,0,1,1,1,1,24,5,1956,2,4,7,2,7
201831B095518,2,9,0,18,0,8,2,0,0,0,4,1,6,1,24,5,-1,-1,-1,5,1,5
201831B095618,1,9,0,14,0,0,0,0,0,0,4,1,3,2,40,7,1999,2,1,5,3,5
201831B095818,1,9,0,18,0,4,0,0,0,0,1,1,6,1,66,10,-1,-1,-1,7,3,7
201831B095818,2,9,0,18,0,8,1,10,1,2,2,1,6,1,23,5,1999,1,10,2,1,2
201831B095918,1,9,0,13,0,0,0,0,0,0,0,1,6,3,-1,-1,-1,-1,-1,-1,-1,-1
201831B095918,2,1,0,18,0,0,0,0,0,0,0,1,6,1,14,3,-1,-1,-1,1,2,1
201831B096418,1,9,0,14,0,0,0,0,0,0,4,1,6,3,-1,-1,2495,1,17,-1,-1,-1
201831B096518,1,9,0,9,0,5,0,0,0,0,3,1,2,1,39,7,1997,2,5,1,1,1
201831B096518,2,9,0,18,0,8,0,0,1,0,1,1,6,1,54,8,2191,2,2,5,1,5
201831B097018,1,9,0,18,0,8,0,0,0,0,4,1,6,1,57,9,1560,2,6,9,1,9
201831B097018,2,19,0,7,0,6,0,0,0,0,1,1,1,1,28,6,2143,2,6,2,1,2
201831B097518,1,9,0,6,0,0,0,0,0,0,2,1,2,1,19,4,1560,2,9,10,2,10
201831B097518,2,21,0,18,0,0,0,0,0,0,1,1,1,1,50,8,12777,2,3,8,2,8
201831B097818,1,5,0,18,0,8,0,0,0,0,3,1,6,1,28,6,1293,1,6,2,1,2
201831B097818,2,9,0,9,0,5,0,0,0,0,1,1,6,1,19,4,2435,1,17,5,2,5
201831B097918,1,9,0,9,0,5,0,0,0,0,1,1,6,1,95,11,1900,2,12,10,2,10
201831B098418,1,9,0,16,0,0,0,6,0,0,1,1,2,1,33,6,1399,2,9,1,1,1
201831B098518,1,9,0,5,9,6,0,0,0,0,3,1,6,1,18,4,1229,1,7,9,1,9
201831B098518,2,1,0,18,9,8,0,0,0,0,1,1,2,1,46,8,-1,-1,-1,2,2,2
201831B098718,1,9,0,18,0,0,0,0,0,0,1,1,6,2,68,10,998,1,1,9,1,9
201831B098718,2,9,0,3,0,0,0,0,0,0,2,1,6,1,63,9,2987,2,3,9,1,9
201831B098818,1,9,0,7,0,5,0,0,0,0,1,1,6,1,17,4,1229,1,12,6,2,6
201831B098818,2,9,0,10,0,1,0,0,0,0,3,1,6,1,71,10,1461,2,3,5,1,5
201831B099318,1,9,0,10,0,8,0,0,0,0,2,1,6,2,24,5,1124,1,15,2,1,2
201831B099318,2,9,0,18,0,1,0,0,0,0,1,1,6,1,22,5,1598,1,5,9,1,9
201831B099418,1,9,0,18,0,1,0,0,0,0,1,1,6,1,19,4,1149,1,10,5,1,5
201831B100218,1,19,0,18,0,4,0,0,0,0,1,1,6,1,44,7,1896,2,16,1,1,1
201831B100218,2,9,0,8,0,1,0,0,0,0,2,1,6,2,19,4,1400,2,12,2,2,2
201831B101718,1,5,0,18,0,0,0,0,0,0,1,1,6,1,56,9,1170,1,1,4,1,4
201831B101718,2,9,0,18,0,0,0,0,0,0,2,1,6,2,41,7,1499,1,3,9,3,9
201831B102318,1,1,0,16,0,0,0,4,0,0,1,1,6,1,35,6,-1,-1,-1,10,-1,10
201831B102318,2,9,0,2,0,0,0,0,0,0,2,1,6,2,50,8,1984,1,1,-1,-1,-1
201831B102918,1,9,0,2,0,0,0,0,0,0,0,1,6,3,-1,-1,-1,-1,-1,-1,-1,-1
201831B102918,2,1,0,14,0,0,0,0,0,0,0,1,6,2,56,9,-1,-1,-1,5,1,5
201831B103318,1,5,0,18,0,8,0,0,0,0,1,1,6,1,46,8,998,1,1,4,1,4
201831B103318,2,8,0,9,0,6,0,0,0,0,3,1,6,1,57,9,1598,2,4,1,1,1
201831B104718,1,9,0,18,0,0,0,0,0,0,1,1,6,1,33,6,1685,2,2,9,3,9
201831B104718,2,9,0,3,0,0,0,0,0,0,2,1,6,1,27,6,2993,2,11,3,1,3
201831B104718,3,9,0,3,0,0,0,0,0,0,2,1,6,2,28,6,998,1,13,5,1,5
201831B105118,1,9,0,9,0,5,0,0,1,7,1,1,6,1,68,10,1796,1,18,2,1,2
201831B105218,1,5,0,18,0,0,0,0,0,0,2,1,6,1,39,7,600,1,6,8,1,8
201831B105218,2,9,0,18,0,0,0,0,0,0,1,1,6,1,17,4,1399,2,6,6,1,6
201831B105418,1,9,0,14,0,0,0,0,0,0,1,1,6,2,51,8,1560,2,9,6,3,6
201831B107218,1,5,0,18,0,3,1,0,1,0,4,1,6,1,66,10,1584,1,12,4,1,4
201831B108018,1,1,0,18,0,0,0,0,0,0,1,1,6,2,51,8,-1,-1,-1,8,3,8
201831B108018,2,1,0,18,0,0,0,0,0,0,2,1,6,1,54,8,-1,-1,-1,9,1,9
201831B108518,1,9,4,9,0,5,0,0,0,0,4,1,1,1,33,6,-1,-1,-1,5,3,5
201831B108518,2,1,0,18,0,8,0,0,0,0,1,1,6,1,54,8,-1,-1,-1,5,3,5
201831B108718,1,19,0,18,0,0,0,0,0,0,1,1,2,1,36,7,1598,2,2,-1,-1,-1
201831B108718,2,9,0,18,0,0,0,0,0,0,1,1,2,1,57,9,1997,2,14,5,3,5
201831B108718,3,9,0,18,0,0,0,0,0,0,2,1,2,1,25,5,1968,2,3,6,2,6
201831B109618,1,9,0,3,0,1,0,0,0,0,1,1,6,2,22,5,998,1,7,2,1,2
201831B109618,2,9,0,18,0,1,0,0,0,0,2,1,6,1,45,7,1339,8,6,10,1,10
201831B109718,1,9,0,7,0,6,0,0,0,0,3,1,6,1,84,11,1598,1,14,4,1,4
201831B109718,2,19,0,18,0,8,0,0,0,0,1,1,1,1,30,6,2148,2,10,6,3,6
201831B109818,1,9,0,5,0,5,0,0,0,0,0,1,6,1,58,9,2685,2,14,3,1,3
201831B110018,1,9,0,16,0,0,0,0,0,0,1,1,2,1,61,9,1796,1,9,5,2,5
201831B110018,2,9,0,16,0,0,0,0,0,0,2,1,6,1,29,6,1896,2,11,4,1,4
201831B110118,1,9,0,9,0,5,0,0,0,0,1,1,6,2,52,8,1084,1,-1,-1,1,-1
201831B110118,2,9,0,18,0,8,0,0,1,1,1,1,2,2,43,7,1997,2,6,3,2,3
201831B110318,1,9,0,16,0,0,2,0,7,11,1,1,6,1,24,5,1398,1,2,7,1,7
201831B110818,1,9,0,13,0,2,0,0,0,0,1,1,3,2,36,7,1956,2,6,5,1,5
201831B110818,2,9,0,18,0,1,0,0,0,0,1,1,2,2,48,8,1242,1,6,6,1,6
201831B113318,1,9,0,18,0,0,0,0,0,0,0,1,6,1,-1,-1,-1,-1,-1,-1,-1,-1
201831B113318,2,90,0,18,0,0,0,0,0,0,0,1,1,2,45,7,1598,2,1,3,1,3
201831B113518,1,21,1,18,0,0,0,0,0,0,1,1,1,1,57,9,12902,2,3,6,3,6
201831B113518,2,21,1,18,0,0,0,0,0,0,2,1,1,1,33,6,12740,2,6,5,-1,5
201831B113818,1,9,0,17,0,0,0,0,7,4,1,1,1,1,24,5,-1,-1,-1,3,1,3
201831B114318,1,9,0,18,0,8,0,0,0,0,1,1,6,2,70,10,1364,1,10,10,2,10
201831B114318,2,1,0,18,0,8,0,0,0,0,3,1,6,1,34,6,-1,-1,-1,5,1,5
201831B115718,1,9,0,17,0,8,0,0,1,11,1,1,6,1,62,9,1956,2,7,3,2,3
201831B115818,1,21,1,18,0,0,1,0,0,0,1,1,1,1,64,9,12740,2,1,8,2,8
201831B115818,2,9,0,3,0,0,0,0,1,11,2,1,6,2,23,5,1149,1,9,9,2,9
201831B115818,3,9,0,3,0,0,0,0,1,0,2,1,6,2,56,9,1395,1,-1,10,1,10
201831B115818,4,21,1,3,0,0,0,0,0,0,2,1,1,1,45,7,12777,2,5,-1,-1,-1
201831B115818,5,21,1,3,0,0,0,0,0,0,2,1,1,1,38,7,12777,2,1,1,1,1
201831B116418,1,5,0,13,0,0,0,0,0,0,3,1,6,1,58,9,996,1,18,1,1,1
201831B116418,2,9,0,18,0,0,0,0,0,0,1,1,6,1,91,11,1968,2,2,3,3,3
201831B116918,1,19,0,5,0,0,0,0,0,0,3,1,6,3,-1,-1,-1,-1,-1,-1,-1,-1
201831B117518,1,90,0,7,0,5,0,0,0,0,4,1,6,3,-1,-1,-1,-1,-1,-1,-1,-1
201831B117518,2,1,0,18,0,8,0,0,0,0,3,1,2,1,38,7,-1,-1,-1,1,1,1
201831B117618,1,19,0,9,0,6,0,0,0,0,1,1,1,1,28,6,1598,2,1,1,1,1
201831B117618,2,1,0,3,0,2,0,0,0,0,2,1,6,2,82,11,-1,-1,-1,8,1,8
201831B118318,1,9,0,18,0,0,0,0,0,0,1,1,6,1,58,9,2295,1,14,4,1,4
201831B118318,2,1,0,18,0,0,0,0,0,0,2,1,6,1,46,8,-1,-1,-1,6,1,6
201831B118618,1,9,0,13,0,0,0,0,0,0,4,1,1,1,62,9,1498,1,3,6,1,6
201831B118618,2,1,0,18,0,0,0,0,1,0,3,1,1,1,56,9,-1,-1,-1,1,1,1
201831B118718,1,9,0,9,0,6,0,0,0,0,3,1,2,1,21,5,1769,1,17,9,1,9
201831B118718,2,9,0,18,0,8,0,0,0,0,1,1,2,1,32,6,1360,1,14,8,3,8
201831B119318,1,5,0,16,0,0,1,0,7,0,1,1,6,1,58,9,-1,-1,-1,5,1,5
201831B119918,1,9,0,18,0,0,0,0,0,0,1,1,6,1,26,6,1910,2,10,3,3,3
201831B119918,2,21,1,18,0,0,0,0,0,0,2,1,1,1,55,8,12740,2,3,-1,-1,-1
201831B120218,1,9,0,18,0,0,0,0,0,0,3,1,6,3,-1,-1,-1,-1,-1,-1,-1,-1
201831B120218,2,9,0,18,0,0,0,0,0,0,3,1,6,1,74,10,1796,1,13,6,1,6
201831B120318,1,9,0,6,0,0,0,0,0,0,3,1,6,1,26,6,1390,1,7,9,3,9
201831B120318,2,5,0,13,0,0,0,0,0,0,4,1,6,1,52,8,1690,1,6,7,1,7
201831B120618,1,9,0,9,0,6,0,0,0,0,3,1,2,1,30,6,1363,2,14,1,1,1
201831B120618,2,9,0,18,0,1,0,0,0,0,1,1,6,1,18,4,1364,2,13,3,3,3
201831B123218,1,9,0,3,0,1,0,0,0,0,2,1,2,1,32,6,1364,2,14,4,1,4
201831B123218,2,5,0,18,0,1,0,0,0,0,1,1,6,2,36,7,675,1,6,2,1,2
201831B123418,1,9,0,18,0,0,0,0,1,0,4,1,6,2,-1,-1,-1,-1,-1,-1,-1,-1
201831B123518,1,9,0,3,0,1,0,0,0,0,1,1,6,2,19,4,1242,1,2,7,1,7
201831B123518,2,9,0,18,0,1,0,0,0,0,2,1,6,1,20,4,1339,1,14,6,1,6
201831B123618,1,5,0,16,0,0,0,0,0,0,1,1,6,1,30,6,675,1,10,5,1,5
201831B123618,2,9,0,17,0,0,0,0,0,0,4,1,6,2,31,6,1200,1,4,10,2,10
201831B124318,1,9,0,18,0,1,0,0,0,0,1,1,6,3,-1,-1,1997,2,13,-1,-1,-1
201831B124318,2,9,0,3,0,1,0,0,0,0,2,1,6,1,38,7,4600,1,16,5,1,5
201831B124418,1,9,0,18,0,0,1,10,7,4,1,1,6,1,29,6,2179,2,10,6,1,6
201831B124918,1,10,0,14,0,0,0,4,0,0,1,1,2,1,50,8,2198,2,10,3,2,3
201831B124918,2,21,1,2,0,0,0,0,0,0,2,1,1,1,38,7,11120,2,3,8,1,8
201831B125318,1,3,0,7,0,6,2,0,0,0,4,1,1,1,29,6,102,1,5,8,1,8
201831B125418,1,9,0,9,0,5,0,0,0,0,4,1,6,1,17,4,1229,1,8,8,1,8
201831B125418,2,9,0,18,0,8,0,0,0,0,1,1,6,1,46,8,2400,2,7,7,1,7
201831B125918,1,9,0,18,0,0,0,0,0,0,1,1,6,1,35,6,3200,2,13,2,3,2
201831B125918,2,9,0,3,0,0,0,0,0,0,2,1,6,1,25,5,1995,2,5,5,1,5
201831B125918,3,9,0,3,0,0,0,0,0,0,2,1,2,2,19,4,1200,1,4,7,3,7
201831B126418,1,9,0,18,0,8,0,0,0,0,1,1,6,2,26,6,1995,2,7,8,1,8
201831B126418,2,9,0,6,0,8,0,0,7,0,3,1,6,2,19,4,-1,-1,-1,4,2,4
201831B126618,1,9,0,9,0,8,0,0,0,0,1,1,6,3,-1,-1,-1,-1,-1,-1,-1,-1
201831B126618,2,9,0,7,0,4,0,0,0,0,1,1,6,1,69,10,1596,1,7,-1,-1,-1
201831B126718,1,9,0,9,0,6,0,0,0,0,1,1,2,2,38,7,1995,2,5,7,3,7
201831B126718,2,3,0,18,0,8,0,0,0,0,4,1,6,1,18,4,125,1,3,9,3,9
201831B126918,1,3,0,18,0,0,1,10,7,11,1,1,6,1,33,6,-1,-1,-1,2,2,2
201831B127518,1,9,0,18,0,0,0,0,0,0,0,1,6,3,-1,-1,-1,-1,-1,-1,-1,-1
201831B127518,2,1,0,18,0,0,0,0,1,9,4,1,6,2,40,7,-1,-1,-1,7,3,7
201831B127818,1,9,0,9,0,6,0,0,0,0,3,1,6,1,51,8,1598,2,4,6,1,6
201831B127818,2,1,0,18,0,8,0,0,0,0,1,1,6,1,43,7,-1,-1,-1,7,3,7
201831B127918,1,1,0,17,0,0,0,0,0,0,2,1,6,1,13,3,-1,-1,-1,6,1,6
201831B127918,2,9,0,13,0,0,0,0,0,0,1,1,6,1,90,11,1598,1,4,6,2,6
201831B129518,1,9,0,17,0,0,1,0,5,4,1,1,2,2,52,8,2700,1,16,4,1,4
201831B129718,1,3,0,17,0,0,0,0,1,11,4,1,2,1,26,6,125,1,3,7,2,7
201831B130018,1,9,0,12,0,1,0,0,0,0,1,1,6,1,-1,-1,2198,2,11,8,1,8
201831B130018,2,3,0,18,0,1,0,0,0,0,1,1,6,1,21,5,125,1,1,2,1,2
201831B130718,1,1,0,18,0,0,0,10,0,0,3,1,6,1,45,7,-1,-1,-1,6,3,6
201831B130718,2,9,0,13,0,0,0,0,0,0,4,1,6,3,-1,-1,-1,-1,-1,-1,-1,-1
201831B131118,1,9,0,5,0,0,0,0,0,0,1,1,6,2,32,6,1798,8,-1,6,2,6
201831B131118,2,9,0,18,0,0,5,0,0,0,4,1,6,1,49,8,1388,1,9,4,2,4
201831B131118,3,9,0,2,0,0,0,0,0,0,3,1,6,3,-1,-1,-1,-1,-1,-1,-1,-1
201831B132018,1,9,0,18,0,1,0,0,0,0,1,1,6,1,39,7,2521,1,12,4,1,4
201831B132218,1,9,0,16,0,0,2,0,7,11,1,1,6,1,18,4,1598,1,10,8,1,8
201831B132518,1,9,0,18,0,0,0,0,0,0,1,1,6,1,18,4,1596,1,15,9,2,9
201831B132518,2,9,0,3,0,0,0,0,0,0,2,1,6,1,66,10,1598,2,-1,7,1,7
201831B132518,3,9,0,3,0,0,0,0,0,0,2,1,6,1,50,8,1968,2,4,8,1,8
201831B132518,4,9,0,3,0,0,0,0,0,0,2,1,6,2,68,10,1598,1,8,8,1,8
201831B132818,1,9,0,18,0,6,0,0,0,0,1,1,2,1,50,8,1329,1,7,2,2,2
201831B132818,2,9,0,17,0,8,0,0,0,0,4,1,2,1,33,6,-1,-1,-1,4,2,4
201831B133118,1,9,0,18,0,0,0,0,0,0,1,1,2,2,62,9,1388,1,12,3,1,3
201831B133118,2,9,0,18,0,0,0,0,0,0,2,1,2,1,60,9,-1,-1,-1,4,1,4
201831B133418,1,9,0,18,0,0,0,0,0,0,1,1,6,1,84,11,1323,1,16,5,1,5
201831B133618,1,9,0,2,0,0,0,0,0,0,2,1,6,3,-1,-1,1598,1,13,-1,-1,-1
201831B133618,2,1,0,18,0,0,0,4,0,0,1,1,6,1,26,6,-1,-1,-1,6,3,6
201831B133718,1,9,0,7,0,3,0,0,7,10,4,1,2,2,31,6,1995,2,2,6,1,6
201831B133718,2,21,1,12,0,3,0,0,0,0,1,1,1,1,36,7,10837,2,8,4,1,4
201831B133818,1,9,0,18,0,8,0,10,7,11,4,1,6,1,28,6,2993,2,10,7,1,7
201831B134018,1,19,0,13,0,0,0,0,0,0,0,1,6,3,-1,-1,1499,2,-1,-1,-1,-1
201831B134018,2,9,0,18,0,0,0,0,0,0,2,1,1,1,53,8,1197,1,2,8,2,8
201831B134018,3,19,0,18,0,0,0,0,0,0,1,1,6,1,37,7,1499,2,2,3,2,3
201831B135018,1,9,0,7,0,6,0,0,0,0,4,1,2,2,34,6,1598,1,8,9,3,9
201831B135018,2,1,0,18,0,6,0,0,0,0,1,1,2,1,33,6,-1,-1,-1,6,1,6
201831B135318,1,9,0,9,0,5,0,0,0,0,1,1,6,2,20,4,1998,8,1,-1,-1,-1
201831B135318,2,22,0,3,0,8,0,0,0,0,4,1,6,2,67,10,-1,-1,-1,8,3,8
201831B138018,1,9,0,9,0,5,0,0,0,0,1,1,2,2,29,6,1242,1,5,3,2,3
201831B138018,2,1,0,18,0,8,0,0,0,0,1,1,2,1,45,7,-1,-1,-1,10,2,10
201831B139318,1,2,0,18,0,1,0,0,0,0,1,1,6,1,16,4,49,1,8,8,2,8
201831B139318,2,19,0,5,0,1,0,0,0,0,4,1,6,1,-1,-1,1560,2,3,1,1,1
201831B139718,1,19,0,12,0,4,0,0,0,0,1,1,6,1,29,6,2148,2,10,5,2,5
201831B139718,2,9,0,18,0,4,0,0,0,0,4,1,6,2,53,8,999,1,1,1,1,1
201831B140018,1,9,0,18,0,0,0,0,0,0,3,1,6,2,18,4,1686,2,6,3,1,3
201831B140018,2,1,0,11,0,0,0,0,0,0,1,1,6,1,56,9,-1,-1,-1,7,1,7
201831B141118,1,9,0,18,0,0,0,0,0,0,1,1,6,1,48,8,1896,2,12,1,1,1
201831B141118,2,9,0,3,0,0,0,0,0,0,2,1,6,2,42,7,1461,2,6,10,2,10
201831B141118,3,9,0,3,0,0,0,0,0,0,2,1,6,2,49,8,2179,2,6,5,3,5
201831B141418,1,9,0,18,0,0,5,0,1,9,1,1,6,1,18,4,1560,2,5,2,1,2
201831B141518,1,3,0,17,0,2,1,0,1,0,4,1,6,2,58,9,124,1,2,4,1,4
201831B141618,1,21,1,13,0,2,0,0,0,0,1,1,1,1,52,8,-1,-1,-1,-1,-1,-1
201831B141618,2,9,0,18,0,2,1,0,1,4,2,1,6,2,61,9,1596,1,10,9,1,9
201831B142718,1,9,0,18,0,0,0,0,0,0,3,1,2,1,57,9,2179,2,8,1,1,1
201831B142718,2,21,0,18,0,0,0,0,0,0,3,1,1,1,54,8,9290,2,4,3,1,3
201831B145718,1,9,0,18,0,8,0,0,0,0,4,1,6,3,-1,-1,-1,-1,-1,-1,-1,-1
201831B146318,1,9,0,18,0,0,2,0,1,3,1,1,6,1,44,7,2495,2,21,9,1,9
201831B146518,1,9,0,18,0,0,0,0,7,9,1,1,6,1,18,4,1124,1,17,9,2,9
201831B146918,1,9,0,9,0,4,0,0,0,0,1,1,2,2,55,8,1461,2,5,8,2,8
201831B146918,2,1,0,18,0,8,0,0,0,0,4,1,2,1,51,8,-1,-1,-1,4,1,4
201831B147018,1,19,0,18,0,0,0,0,0,0,0,1,1,1,29,6,1461,2,2,8,1,8
201831B147018,2,9,0,18,0,0,0,0,1,9,1,1,6,2,37,7,1461,2,8,3,2,3
201831B147218,1,9,0,18,0,0,5,7,0,0,1,1,6,2,74,10,1318,1,2,4,1,4
201831B147318,1,9,0,18,0,0,1,10,0,0,3,1,6,1,21,5,1200,1,2,2,2,2
201831B147318,2,9,0,18,0,0,0,0,0,0,3,1,2,2,26,6,1399,1,2,5,3,5
201831B147618,1,1,0,18,0,8,0,0,0,0,3,1,6,2,18,4,-1,-1,-1,2,1,2
201831B147618,2,19,0,18,0,8,0,0,0,0,1,1,6,1,19,4,1598,2,2,-1,-1,-1
201831B148018,1,1,0,18,9,1,0,0,7,11,1,1,6,1,16,4,-1,-1,-1,1,1,1
201831B148318,1,1,0,18,0,0,0,4,0,0,1,1,6,1,51,8,-1,-1,-1,9,2,9
201831B148318,2,9,0,2,0,0,0,0,0,0,3,1,6,1,-1,-1,1339,1,4,-1,-1,-1
201831B148518,1,9,0,18,6,0,0,0,1,0,1,1,1,2,34,6,1596,1,16,3,2,3
201831B148518,2,9,4,2,6,0,0,0,0,0,2,1,1,3,-1,-1,1991,2,15,-1,-1,-1
201831B149518,1,9,0,9,0,5,0,0,0,0,1,1,6,1,20,4,1390,1,8,5,1,5
201831B149518,2,2,0,3,0,1,0,0,0,0,1,1,6,1,16,4,49,1,1,5,1,5
201831B150318,1,21,4,7,0,1,0,0,0,0,3,1,1,1,56,9,10837,2,1,8,2,8
201831B150318,2,9,0,9,0,1,0,0,0,0,3,1,2,2,26,6,1240,1,8,3,2,3
201831B151318,1,9,0,18,0,0,0,0,0,0,1,1,6,1,18,4,1390,1,19,3,1,3
201831B151418,1,90,0,18,0,8,0,0,1,10,1,1,6,1,20,4,-1,-1,-1,-1,-1,-1
201831B151418,2,9,0,9,0,5,0,0,0,0,1,1,6,2,26,6,998,1,3,7,2,7
201831B152218,1,9,0,18,0,0,0,0,0,0,1,1,6,1,39,7,1397,1,6,3,1,3
201831B152218,2,9,0,4,0,0,0,0,0,0,2,1,6,1,48,8,1995,2,2,8,1,8
201831B152818,1,9,0,16,0,0,2,0,1,10,1,1,6,1,23,5,1149,1,17,5,3,5
201831B152918,1,9,0,18,0,0,0,0,0,0,1,1,2,1,53,8,1956,2,3,6,3,6
201831B152918,2,21,1,3,0,0,0,0,0,0,2,1,1,1,37,7,12742,2,-1,1,1,1
201831B153018,1,19,0,18,0,0,0,0,0,0,1,1,6,1,61,9,1995,2,5,8,3,8
201831B153018,2,19,0,18,0,0,0,0,0,0,3,1,6,1,26,6,2198,2,11,3,2,3
201831B153118,1,9,0,9,0,6,0,0,0,0,1,1,6,2,27,6,-1,-1,-1,2,1,2
201831B153118,2,9,0,18,0,8,0,0,0,0,1,1,6,1,36,7,1598,2,1,9,2,9
201831B153618,1,9,0,18,0,1,0,0,0,0,1,1,6,1,32,6,1461,2,3,5,1,5
201831B153618,2,9,0,3,0,7,0,0,0,0,2,1,6,2,60,9,-1,-1,-1,2,1,2
201831B153818,1,4,0,18,0,1,0,7,0,0,1,1,6,1,82,11,-1,-1,-1,9,1,9
201831B154418,1,19,0,16,0,0,0,0,0,0,1,1,2,1,59,9,2198,2,4,8,3,8
201831B154418,2,9,0,17,0,0,0,0,0,0,1,1,6,1,80,11,1461,2,10,9,3,9
201831B154518,1,19,0,16,0,0,0,0,7,9,1,1,1,1,22,5,2198,2,2,6,2,6
201831B154518,2,9,0,17,0,0,0,0,0,0,3,1,2,2,23,5,1360,1,13,3,1,3
201831B154718,1,9,0,13,0,0,0,0,0,0,4,1,6,3,-1,-1,-1,-1,-1,-1,-1,-1
201831B154718,2,1,0,18,0,0,0,0,0,0,3,1,6,1,25,5,-1,-1,-1,4,1,4
201831B157518,1,21,1,18,0,0,0,0,0,0,1,1,1,1,55,8,12777,2,5,5,2,5
201831B157518,2,19,0,3,0,0,0,0,0,0,4,1,1,1,49,8,1461,2,14,8,1,8
201831B157518,3,9,0,3,0,0,0,0,0,0,2,1,6,1,42,7,1995,2,8,10,3,10
201831B157518,4,9,0,3,0,0,0,0,0,0,2,1,6,1,53,8,1995,2,3,10,2,10
201831B157518,5,9,0,3,0,0,0,0,0,0,2,1,6,1,51,8,2400,2,2,10,2,10
201831B157618,1,9,0,17,0,0,0,0,1,4,1,1,6,1,39,7,1798,1,16,1,1,1
201831B158218,1,19,0,18,0,8,0,0,0,0,1,1,6,1,-1,-1,1968,2,2,-1,-1,-1
201831B158218,2,1,0,18,0,3,0,0,0,0,2,1,6,1,75,10,-1,-1,-1,7,2,7
201831B158518,1,9,0,11,0,0,0,0,0,0,4,1,2,1,21,5,1598,2,6,3,3,3
201831B158518,2,5,0,13,0,0,1,0,0,0,4,1,6,1,58,9,1298,1,12,3,1,3