Accident_Index,Vehicle_Reference,Vehicle_Type,Towing_and_Articulation,Vehicle_Manoeuvre,Vehicle_Location-Restricted_Lane,Junction_Location,Skidding_and_Overturning,Hit_Object_in_Carriageway,Vehicle_Leaving_Carriageway,Hit_Object_off_Carriageway,1st_Point_of_Impact,Was_Vehicle_Left_Hand_Drive?,Journey_Purpose_of_Driver,Sex_of_Driver,Age_of_Driver,Age_Band_of_Driver,Engine_Capacity_(CC),Propulsion_Code,Age_of_Vehicle,Driver_IMD_Decile,Driver_Home_Area_Type,Vehicle_IMD_Decile
201831B227118,1,9,0,13,0,0,0,0,0,0,0,1,6,3,-1,-1,-1,-1,-1,-1,-1,-1
201831B227118,2,11,0,18,0,0,0,0,0,0,0,1,1,1,28,6,8268,2,15,2,1,2
201831B227418,1,9,0,17,0,0,1,0,0,0,1,1,6,1,42,7,1598,1,12,3,3,3
201831B227418,2,9,0,16,0,0,0,0,0,0,1,1,6,1,75,10,1995,2,9,7,3,7
201831B227618,1,9,0,18,0,0,5,0,7,0,1,1,2,2,20,4,1149,1,13,2,1,2
201831B228518,1,19,0,18,0,6,0,7,7,1,4,1,6,1,33,6,1968,2,1,6,1,6
201831B228518,2,9,0,18,0,8,0,0,0,0,1,1,6,2,33,6,1968,2,11,7,3,7
201831B229918,1,5,0,16,0,0,0,12,0,0,1,1,6,1,21,5,803,1,1,9,2,9
201831B230018,1,9,0,18,0,0,0,0,0,0,1,1,6,1,79,11,999,1,2,9,1,9
201831B230018,2,9,0,3,0,0,0,0,2,0,2,1,6,2,22,5,998,1,5,3,1,3
201831B230018,3,9,0,3,0,0,0,0,0,0,2,1,6,1,41,7,-1,-1,-1,10,3,10
201831B230318,1,22,0,18,0,0,0,10,0,0,1,1,6,2,85,11,-1,-1,-1,-1,-1,-1
201831B231118,1,9,0,18,0,0,1,1,0,0,1,1,1,2,23,5,1796,1,13,6,3,6
201831B231118,2,9,0,4,0,0,0,1,0,0,2,1,6,1,21,5,1598,1,13,6,1,6
201831B231118,3,9,0,18,0,0,0,1,0,0,2,1,6,1,33,6,1200,1,-1,5,1,5
201831B231418,1,9,0,17,0,0,1,0,1,4,1,1,6,1,22,5,1368,1,9,5,1,5
201831B231618,1,9,0,18,0,4,0,0,0,0,1,1,6,2,67,10,1598,2,4,6,3,6
201831B231618,2,9,0,18,0,8,0,0,0,0,4,1,6,2,61,9,1560,2,2,5,3,5
201831B231918,1,1,0,18,0,8,0,0,0,0,3,1,2,1,30,6,-1,-1,-1,1,2,1
201831B231918,2,9,0,7,0,5,0,0,0,0,1,1,2,2,35,6,-1,-1,-1,5,1,5
201831B233818,1,9,0,16,0,0,1,0,7,9,3,1,2,1,62,9,1398,2,5,1,1,1
201831B234418,1,1,0,18,0,1,0,0,0,0,3,1,6,2,52,8,-1,-1,-1,7,1,7
201831B234418,2,9,0,18,0,1,0,0,0,0,1,1,6,2,52,8,1968,2,3,1,1,1
201831B234618,1,1,0,18,9,1,0,0,0,0,1,1,6,1,30,6,-1,-1,-1,-1,-1,-1
201831B234618,2,9,0,8,9,1,0,0,0,0,4,1,6,2,63,9,1685,2,6,9,1,9
201831B234818,1,9,0,17,0,0,2,0,1,4,1,1,2,2,19,4,1364,2,10,10,2,10
201831B236018,1,9,0,2,0,0,0,0,0,0,1,1,6,3,-1,-1,1995,1,9,-1,-1,-1
201831B236018,2,9,0,2,0,0,0,0,0,0,4,1,6,3,-1,-1,-1,-1,-1,-1,-1,-1
201831B236018,3,9,0,2,0,0,0,0,0,0,4,1,6,3,-1,-1,-1,-1,-1,-1,-1,-1
201831B238218,1,9,0,14,0,0,0,4,0,0,1,1,6,1,74,10,1242,1,10,7,3,7
201831B238218,2,9,0,2,0,0,0,0,0,0,2,1,6,1,46,8,1197,1,3,7,3,7
201831B238618,1,9,0,9,0,5,0,0,0,0,1,1,1,1,57,9,1997,2,14,3,1,3
201831B238618,2,19,0,14,0,8,0,0,0,0,1,1,1,1,51,8,2143,2,3,2,1,2
201831B239818,1,3,0,18,0,8,1,0,0,0,0,1,2,2,25,5,125,1,2,6,1,6
201831B240718,1,9,0,18,0,0,0,4,0,0,1,1,6,3,-1,-1,-1,-1,-1,-1,-1,-1
201831B240718,2,9,0,2,0,0,0,0,0,0,2,1,6,2,36,7,1868,2,14,8,1,8
201831B241618,1,19,0,16,0,5,0,10,1,4,1,1,6,1,46,8,2198,2,2,4,2,4
201831B241718,1,19,0,18,0,0,0,0,0,0,1,1,2,1,42,7,1995,2,-1,8,3,8
201831B241718,2,9,0,3,0,0,0,0,0,0,2,1,2,1,22,5,1198,1,6,3,1,3
201831B241718,3,9,0,3,0,0,0,0,0,0,2,1,2,1,20,4,1596,1,11,7,1,7
201831B241818,1,9,0,10,0,1,0,0,0,0,2,1,6,2,44,7,1149,1,10,4,2,4
201831B241818,2,9,0,18,0,1,1,0,0,0,1,1,6,2,26,6,1299,1,14,6,1,6
201831B242218,1,9,0,18,0,8,0,0,0,0,1,1,6,2,36,7,1560,2,4,9,3,9
201831B242218,2,9,0,7,0,5,0,0,0,0,2,1,6,1,71,10,1968,2,6,7,1,7
201831B242818,1,9,0,9,0,5,0,0,1,10,3,1,6,2,75,10,1198,1,9,2,1,2
201831B242818,2,9,0,13,0,8,0,0,7,9,4,1,6,1,75,10,1995,2,5,3,3,3
201831B243318,1,5,0,18,0,4,0,0,0,0,3,1,6,1,54,8,1298,1,13,7,3,7
201831B243318,2,9,0,18,0,3,0,0,0,0,1,1,2,1,41,7,1968,2,-1,6,1,6
201831B243418,1,19,0,18,0,4,0,9,3,1,1,1,1,2,45,7,2143,2,1,3,1,3
201831B243518,1,9,0,18,0,0,0,4,0,0,1,1,6,2,76,11,2149,2,11,6,1,6
201831B243518,2,9,0,2,0,0,0,0,0,0,3,1,6,3,-1,-1,1582,2,3,-1,-1,-1
201831B243518,3,9,0,2,0,0,0,0,0,0,3,1,6,3,-1,-1,-1,-1,-1,-1,-1,-1
201831B243718,1,9,0,9,0,6,0,0,0,0,2,1,6,2,72,10,1560,2,7,9,1,9
201831B243718,2,5,0,18,0,8,0,0,0,0,1,1,2,2,25,5,599,1,14,6,1,6
201831B244118,1,19,0,18,0,0,0,0,0,0,1,1,6,1,39,7,1870,2,15,2,1,2
201831B244118,2,9,0,3,0,0,0,0,0,0,2,1,6,1,33,6,1198,1,7,5,1,5
201831B244618,1,9,0,18,0,6,0,0,3,9,1,1,6,1,19,4,1596,1,3,10,1,10
201831B245618,1,9,0,16,0,0,0,0,7,2,1,1,6,2,54,8,1796,1,15,9,2,9
201831B245918,1,11,0,5,0,0,0,0,0,0,0,1,6,1,38,7,6871,2,10,-1,-1,-1
201831B246718,1,9,0,18,0,0,0,0,0,0,1,1,6,1,30,6,1762,1,22,6,1,6
201831B246718,2,9,0,18,0,0,0,0,0,0,3,1,1,1,32,6,1598,2,-1,-1,-1,-1
201831B247018,1,9,0,9,0,6,0,0,0,0,3,1,6,1,42,7,2521,1,11,3,1,3
201831B247018,2,1,0,18,0,8,0,0,0,0,1,1,6,2,53,8,-1,-1,-1,-1,-1,-1
201831B248018,1,9,0,18,0,0,0,0,0,0,1,1,6,1,56,9,1086,1,13,1,1,1
201831B248818,1,9,0,9,0,6,0,0,0,0,1,1,6,2,25,5,1753,2,11,1,1,1
201831B248818,2,9,0,18,0,8,0,0,0,0,3,1,6,2,38,7,1598,2,4,1,1,1
201831B249418,1,9,0,18,0,0,1,0,0,0,3,1,6,2,23,5,1999,1,11,6,2,6
201831B249418,2,9,0,18,0,0,0,0,0,0,1,1,6,2,26,6,998,1,5,9,1,9
201831B249718,1,9,0,18,0,6,0,0,0,0,3,1,6,1,56,9,2497,1,11,6,1,6
201831B249718,2,19,0,18,0,8,0,0,0,0,1,1,1,1,-1,-1,1753,2,16,8,3,8
201831B250218,1,9,0,18,0,0,2,0,7,9,1,1,2,2,21,5,1198,1,9,5,1,5
201831B250818,1,9,0,17,0,0,0,0,1,11,1,1,1,1,43,7,1199,1,16,1,1,1
201831B251018,1,9,0,18,0,0,0,0,1,4,1,1,6,1,49,8,1896,2,11,8,3,8
201831B251018,2,21,1,18,0,0,0,0,0,0,2,1,1,1,53,8,12902,2,-1,2,1,2
201831B251018,3,21,1,18,0,0,0,0,0,0,2,1,1,1,45,7,12900,2,6,3,1,3
201831B251118,1,9,0,16,0,1,0,0,0,0,1,1,6,2,82,11,999,1,1,8,3,8
201831B251118,2,9,0,18,0,1,0,0,0,0,1,1,6,1,33,6,1598,2,3,6,1,6
201831B251818,1,9,0,9,0,5,0,0,0,0,1,1,6,2,35,6,1197,1,1,7,1,7
201831B251818,2,1,0,4,0,1,0,0,0,0,3,1,6,1,64,9,-1,-1,-1,7,1,7
201831B252518,1,9,0,9,0,5,0,0,0,0,2,1,3,2,32,6,1242,1,12,2,2,2
201831B252518,2,9,0,15,0,8,0,0,0,0,1,1,2,1,24,5,1398,2,12,2,1,2
201831B252518,3,9,0,10,0,1,0,0,0,0,1,1,6,2,49,8,1591,1,10,5,1,5
201831B252518,4,9,0,10,0,1,0,0,0,0,0,1,2,1,37,7,-1,-1,-1,1,1,1
201831B252618,1,9,0,9,0,5,0,0,0,0,1,1,6,1,69,10,1329,1,8,5,1,5
201831B252618,2,9,0,18,0,8,0,0,1,10,1,1,6,1,33,6,1984,1,11,7,1,7
201831B252818,1,9,0,18,0,0,1,0,0,0,1,1,6,3,-1,-1,1997,2,8,6,2,6
201831B252818,2,9,0,18,0,0,1,0,0,0,3,1,6,1,69,10,1968,2,1,8,2,8
201831B252918,1,9,0,18,0,0,2,10,1,9,1,1,6,1,29,6,1242,1,14,2,1,2
201831B254018,1,9,0,18,0,1,0,0,0,0,1,1,6,1,36,7,2231,2,8,5,1,5
201831B254018,2,9,0,18,0,6,0,0,0,0,3,1,6,1,37,7,2295,1,17,4,-1,4
201831B254218,1,9,0,9,0,5,0,0,0,0,1,1,6,1,63,9,2199,2,5,9,1,9
201831B254418,1,9,0,14,0,2,0,0,0,0,3,2,2,1,31,6,973,1,15,1,1,1
201831B254418,2,9,0,13,0,2,0,0,0,0,4,1,6,1,-1,-1,-1,-1,-1,-1,-1,-1
201831B254618,1,19,0,9,0,6,0,0,0,0,1,1,6,1,30,6,2198,2,9,6,1,6
201831B254618,2,19,0,18,0,8,1,0,0,0,1,1,6,1,-1,-1,1998,2,16,2,1,2
201831B255218,1,9,0,18,0,1,0,0,0,0,1,1,6,1,66,10,-1,-1,-1,5,3,5
201831B255218,2,19,0,18,0,1,0,0,0,0,2,1,6,2,50,8,-1,-1,-1,7,1,7
201831B255218,3,9,0,18,0,1,0,0,0,0,2,1,6,1,33,6,2000,2,14,8,1,8
201831B255218,4,9,0,18,0,1,0,0,0,0,2,1,6,2,50,8,1364,1,4,9,1,9
201831B256318,1,9,0,7,9,3,0,0,1,0,4,1,6,3,-1,-1,-1,-1,-1,-1,-1,-1
201831B256918,1,9,0,7,0,6,0,0,0,0,1,1,6,1,86,11,1339,1,10,10,2,10
201831B256918,2,1,0,18,0,8,0,0,0,0,3,1,6,1,49,8,-1,-1,-1,10,3,10
201831B257418,1,10,0,17,0,0,0,0,1,2,1,1,1,1,34,6,-1,-1,-1,1,1,1
201831B257518,1,9,0,18,0,8,0,0,0,0,2,1,6,2,28,6,998,1,7,6,1,6
201831B257518,2,9,0,7,0,3,0,0,0,0,1,1,6,2,60,9,999,1,-1,9,1,9
201831B258418,1,9,0,18,0,1,0,0,0,0,1,1,6,1,33,6,998,1,5,3,2,3
201831B258418,2,9,0,3,0,4,0,0,0,0,2,1,6,1,25,5,1686,2,4,7,1,7
201831B258918,1,9,0,7,0,5,0,0,0,0,4,1,6,3,-1,-1,-1,-1,-1,-1,-1,-1
201831B258918,2,1,0,18,0,1,0,0,0,0,4,1,2,2,59,9,-1,-1,-1,8,1,8
201831B259018,1,9,0,14,0,1,0,0,0,0,1,1,3,1,41,7,2497,2,13,6,3,6
201831B259018,2,9,0,7,0,6,0,0,0,0,3,1,1,1,23,5,1796,1,8,7,1,7
201831B260318,1,3,0,18,0,8,1,0,0,0,1,1,6,1,18,4,125,1,10,3,1,3
201831B260318,2,9,0,9,0,6,0,0,0,0,4,1,6,1,28,6,899,1,3,4,1,4
201831B261118,1,9,0,18,0,0,1,10,1,10,1,1,2,1,19,4,1900,2,12,7,2,7
201831B262118,1,9,0,18,0,1,0,0,0,0,1,1,6,2,34,6,1598,2,5,4,1,4
201831B262118,2,9,0,3,0,1,0,0,0,0,2,1,6,2,28,6,1248,1,6,5,1,5
201831B262118,3,9,0,3,0,1,0,0,0,0,2,1,6,2,40,7,1595,1,6,2,1,2
201831B262418,1,9,0,16,0,2,1,0,1,4,1,1,6,2,56,9,1587,1,13,6,3,6
201831B262818,1,9,0,18,0,0,1,0,7,4,1,1,6,1,25,5,1600,1,19,-1,-1,-1
201831B262918,1,9,0,18,0,4,1,0,0,0,1,1,6,2,26,6,1798,1,9,2,2,2
201831B262918,2,9,0,3,0,8,0,0,0,0,2,1,6,1,51,8,1560,2,8,2,1,2
201831B262918,3,9,0,3,0,8,0,0,0,0,2,1,6,2,57,9,1598,1,6,9,1,9
201831B263018,1,19,0,18,0,0,0,0,1,0,1,1,6,1,42,7,1995,2,6,8,3,8
201831B264418,1,9,0,16,0,8,0,0,0,0,1,1,6,2,51,8,2993,2,2,3,3,3
201831B264418,2,1,0,10,0,8,0,0,0,0,2,1,6,2,49,8,-1,-1,-1,7,3,7
201831B265318,1,5,0,18,0,8,0,0,1,0,1,1,6,1,27,6,649,1,8,2,1,2
201831B265318,2,9,0,9,0,6,0,0,0,0,3,1,6,1,39,7,1598,2,4,4,1,4
201831B265918,1,9,0,18,0,4,0,0,0,0,1,1,1,1,22,5,999,1,2,10,2,10
201831B265918,2,9,0,3,0,1,0,0,0,0,2,1,1,2,29,6,-1,-1,-1,1,1,1
201831C000718,1,9,0,18,0,4,0,0,0,0,1,1,6,1,55,8,-1,-1,-1,-1,-1,-1
201831C000718,2,1,0,9,0,8,0,0,0,0,4,1,6,2,36,7,-1,-1,-1,3,1,3
201831C001618,1,9,0,9,0,6,0,0,0,0,3,1,1,1,53,8,-1,-1,-1,6,1,6
201831C001618,2,1,0,18,0,8,0,0,0,0,1,1,6,2,29,6,-1,-1,-1,7,1,7
201831C002018,1,9,0,18,0,1,1,0,0,0,1,1,6,2,19,4,1598,1,12,10,1,10
201831C002018,2,9,0,4,0,1,0,0,0,0,2,1,1,2,24,5,1199,1,15,8,1,8
201831C002018,3,9,0,4,0,1,0,0,0,0,2,1,6,1,45,7,-1,-1,-1,8,1,8
201831C003318,1,9,0,9,0,5,0,0,0,0,1,1,2,2,49,8,1968,2,11,1,1,1
201831C003318,2,1,0,18,0,8,0,0,0,0,1,1,2,1,28,6,-1,-1,-1,7,1,7
201831C003518,1,19,0,12,0,2,0,0,0,0,3,1,1,1,34,6,-1,-1,-1,10,1,10
201831C003518,2,9,0,18,0,2,0,0,0,0,4,1,2,2,19,4,998,1,12,9,1,9
201831C003818,1,9,0,18,0,0,0,0,0,0,4,1,3,2,26,6,1596,1,12,1,1,1
201831C004118,1,9,0,4,0,1,0,0,0,0,1,1,6,1,53,8,1499,2,1,1,1,1
201831C004118,2,22,0,18,0,1,0,0,0,0,1,1,6,2,41,7,-1,-1,-1,1,1,1
201831C004418,1,9,0,18,0,1,0,0,0,0,1,1,6,1,40,7,1598,1,11,4,1,4
201831C004418,2,9,0,4,0,1,0,0,0,0,2,1,6,2,32,6,1976,1,8,4,1,4
201831C004418,3,9,0,12,0,1,0,0,0,0,0,1,6,3,-1,-1,-1,-1,-1,-1,-1,-1
201831C004618,1,9,0,9,0,6,0,0,0,0,1,1,1,1,36,7,1791,8,7,2,1,2
201831C004718,1,11,0,4,0,2,0,0,0,0,0,1,1,1,47,8,9000,2,7,1,1,1
201831C005018,1,9,0,7,0,6,0,0,0,0,0,1,6,1,35,6,2996,1,9,3,1,3
201831C005018,2,3,0,18,0,1,1,7,0,0,1,1,6,1,52,8,125,1,7,-1,-1,-1
201831C005118,1,9,0,18,0,1,0,0,0,0,1,1,6,1,-1,-1,-1,-1,-1,-1,-1,-1
201831C005118,2,9,0,3,0,1,0,0,0,0,2,1,6,2,54,8,999,1,2,10,1,10
201831C005518,1,9,0,18,0,0,0,0,7,11,1,1,6,1,44,7,4134,2,3,9,1,9
201831C005518,2,9,0,18,0,0,0,0,0,0,1,1,6,1,33,6,1596,1,7,4,1,4
201831C005718,1,9,0,7,0,5,0,0,0,0,3,1,6,1,30,6,2231,2,11,3,1,3
201831C005718,2,1,0,18,0,2,0,0,0,0,1,1,6,1,48,8,-1,-1,-1,1,1,1
201831C005818,1,9,0,18,0,0,0,0,0,0,1,1,6,2,29,6,1242,1,4,3,1,3
201831C005818,2,3,0,4,0,0,0,0,0,0,2,1,6,1,37,7,125,1,13,5,1,5
201831C006018,1,9,0,18,0,8,0,0,0,0,4,1,2,2,30,6,2143,2,1,2,1,2
201831C006018,2,9,0,9,0,6,0,0,0,0,1,1,6,1,37,7,1998,1,10,5,2,5
201831C006218,1,1,0,18,0,8,0,0,0,0,4,1,6,1,33,6,-1,-1,-1,2,1,2
201831C006218,2,19,0,18,0,8,0,0,0,0,1,1,6,1,58,9,2198,2,8,3,1,3
201831C007118,1,11,0,18,2,1,0,0,0,0,0,1,1,1,50,8,4250,2,10,9,2,9
201831C007218,1,9,0,7,0,5,0,0,0,0,4,1,6,1,33,6,1995,2,3,6,1,6
201831C007218,2,1,0,18,0,8,0,0,0,0,1,1,2,1,36,7,-1,-1,-1,3,1,3
201831C007318,1,9,0,1,0,1,0,0,0,0,2,1,6,1,-1,-1,2993,2,5,-1,-1,-1
201831C007318,2,9,0,3,0,1,0,0,0,0,1,1,3,2,26,6,1998,1,15,1,1,1
201831C007418,1,9,0,18,0,0,0,0,0,0,1,1,6,1,21,5,1896,2,13,-1,-1,-1
201831C007418,2,9,0,18,0,0,0,0,0,0,2,1,6,1,46,8,1995,2,16,6,1,6
201831C007518,1,9,0,18,0,4,0,0,0,0,1,1,2,2,50,8,1497,8,5,-1,-1,-1
201831C007518,2,9,0,9,0,8,0,0,0,0,1,1,2,2,31,6,1364,1,10,5,1,5
201831C007918,1,9,0,17,0,0,2,4,0,0,1,1,6,1,19,4,1242,1,14,1,1,1
201831C007918,2,9,0,2,0,0,0,4,0,0,1,1,6,3,-1,-1,1197,1,3,-1,-1,-1
201831C007918,3,9,0,2,0,0,0,4,0,0,1,1,6,3,-1,-1,1242,1,7,-1,-1,-1
201831C007918,4,9,0,2,0,0,0,0,0,0,1,1,6,3,-1,-1,1600,2,6,-1,-1,-1
201831C008518,1,3,0,18,0,2,2,0,0,0,1,1,2,1,23,5,-1,-1,-1,3,1,3
201831C008618,1,11,0,18,0,0,0,0,0,0,0,1,1,2,26,6,-1,3,4,4,2,4
201831C008718,1,19,0,18,0,0,0,0,0,0,1,1,6,1,24,5,1753,2,12,4,1,4
201831C008718,2,9,0,18,0,0,0,0,0,0,1,1,6,1,32,6,1598,2,5,6,1,6
201831C009318,1,9,0,9,0,8,0,0,0,0,3,1,6,3,-1,-1,-1,-1,-1,-1,-1,-1
201831C009318,2,9,0,18,0,3,0,0,0,0,4,1,2,2,23,5,998,1,3,9,1,9
201831C009518,1,3,0,18,0,0,1,0,0,0,1,1,2,1,18,4,1255,1,4,2,1,2
201831C009718,1,1,0,18,0,0,0,0,0,0,1,1,6,1,19,4,-1,-1,-1,2,1,2
201831C009718,2,9,0,18,0,0,0,0,0,0,1,1,6,1,22,5,1242,1,15,1,1,1
201831C009718,3,9,0,18,0,0,0,0,0,0,1,1,6,3,-1,-1,-1,-1,-1,-1,-1,-1
201831C009918,1,9,0,5,0,4,0,0,0,0,3,1,6,3,-1,-1,1299,1,12,-1,-1,-1
201831C009918,2,1,0,18,0,8,0,0,0,0,1,1,6,1,41,7,-1,-1,-1,10,1,10
201831C010018,1,9,0,18,0,8,1,0,1,1,3,1,6,1,23,5,1229,1,7,5,1,5
201831C010118,1,9,0,18,0,0,0,0,0,0,1,1,1,2,45,7,1910,2,11,5,1,5
201831C010118,2,9,0,18,0,0,0,0,0,0,2,1,1,1,29,6,1399,1,9,4,1,4
201831C010118,3,9,0,18,0,0,0,0,0,0,2,1,1,2,52,8,1364,1,11,3,1,3
201831C010218,1,9,0,2,0,1,0,0,0,0,2,1,6,2,29,6,1598,1,6,3,1,3
201831C010218,2,9,0,2,0,1,0,0,0,0,2,1,6,3,-1,-1,-1,3,2,-1,-1,-1
201831C010418,1,9,0,9,0,6,0,0,0,0,1,1,6,1,36,7,1461,2,6,2,1,2
201831C010418,2,1,0,9,0,5,0,0,0,0,3,1,6,1,40,7,-1,-1,-1,5,1,5
201831C010818,1,9,0,18,0,6,0,0,0,0,1,1,6,1,19,4,998,1,8,9,1,9
201831C010918,1,9,0,11,0,0,0,0,0,0,4,1,6,1,51,8,2179,2,7,10,3,10
201831C010918,2,11,0,12,0,0,0,0,0,0,3,1,1,1,49,8,-1,-1,-1,5,2,5
201831C011018,1,9,0,18,0,2,0,0,0,0,3,1,6,2,35,6,1497,8,10,1,1,1
201831C011218,1,9,0,13,0,0,0,0,0,0,1,1,6,1,-1,-1,2993,2,10,-1,-1,-1
201831C011218,2,9,0,3,0,0,0,0,0,0,2,1,2,2,59,9,1968,2,3,8,1,8
201831C011218,3,9,0,3,0,0,0,0,0,0,2,1,6,2,-1,-1,1560,2,5,-1,-1,-1
201831C011718,1,11,0,5,2,0,0,0,0,0,0,1,1,1,39,7,9000,2,7,2,1,2
201831C011818,1,9,0,5,0,1,0,0,0,0,1,1,2,2,24,5,1242,1,10,4,1,4
201831C011918,1,9,0,7,0,6,0,0,0,0,1,1,6,1,-1,-1,1598,2,2,8,1,8
201831C012318,1,9,0,18,0,2,0,0,0,0,3,1,6,1,68,10,2148,2,9,8,3,8
201831C012718,1,9,0,5,0,1,0,0,0,0,1,1,2,2,48,8,1968,2,7,1,1,1
201831C012718,2,1,0,18,0,6,0,0,0,0,1,1,6,1,14,3,-1,-1,-1,2,1,2
201831C013118,1,9,0,18,0,6,0,0,0,0,1,1,6,2,39,7,1396,1,19,2,1,2
201831C013118,2,9,0,18,0,8,1,4,1,0,1,1,1,1,53,8,1956,2,3,9,1,9
201831C013118,3,9,0,2,9,2,0,4,0,0,2,1,6,3,-1,-1,-1,-1,-1,-1,-1,-1
201831C013118,4,19,0,2,9,2,0,0,0,0,1,1,6,3,-1,-1,2402,2,10,-1,-1,-1
201831C013518,1,9,0,18,0,8,0,0,0,0,1,1,6,1,-1,-1,1995,2,11,-1,-1,-1
201831C013518,2,9,0,10,0,1,0,0,0,0,2,1,6,2,31,6,1995,1,9,6,1,6
201831C013718,1,9,0,5,4,0,0,0,0,0,1,1,1,1,33,6,1598,1,12,9,1,9
201831C013718,2,1,0,18,4,0,0,0,0,0,1,1,4,1,14,3,-1,-1,-1,1,1,1
201831C014218,1,9,0,18,0,2,0,0,0,0,1,1,6,1,-1,-1,1398,1,5,-1,-1,-1
201831C014218,2,8,0,3,0,2,0,0,0,0,2,1,1,1,46,8,2446,2,15,5,1,5
201831C014418,1,9,0,18,0,2,0,0,0,0,1,1,6,1,41,7,1956,2,7,4,1,4
201831C015018,1,9,0,9,0,5,0,0,0,0,4,1,2,1,52,8,1598,1,13,2,1,2
201831C015018,2,1,0,18,0,8,0,0,0,0,1,1,2,1,21,5,-1,-1,-1,-1,-1,-1
201831C015118,1,9,0,9,0,5,0,0,0,0,1,1,6,1,25,5,1199,2,7,10,1,10
201831C015118,2,3,0,18,0,8,0,0,0,0,1,1,6,1,19,4,124,1,10,2,1,2
201831C015218,1,3,0,18,0,8,1,0,0,0,0,1,1,1,27,6,124,1,6,1,1,1
201831C015218,2,9,0,7,0,6,0,0,0,0,0,1,6,1,-1,-1,-1,-1,-1,-1,-1,-1
201831C015518,1,19,0,18,0,0,0,0,0,0,1,1,6,1,43,7,1968,2,1,7,1,7
201831C015518,2,9,0,18,0,0,0,0,0,0,2,1,6,2,43,7,1968,2,7,9,1,9
201831C015618,1,9,0,18,0,0,0,0,0,0,1,1,6,1,-1,-1,1598,1,9,-1,-1,-1
201831C015618,2,9,0,4,0,0,0,0,0,0,2,1,2,1,53,8,1956,2,6,10,2,10
201831C015818,1,9,0,9,0,6,0,0,0,0,1,1,6,3,-1,-1,998,1,11,-1,-1,-1
201831C015818,2,9,0,18,0,8,0,0,0,0,3,1,6,1,57,9,2720,2,12,1,1,1
201831C015918,1,9,0,18,0,1,0,0,0,0,1,1,6,1,-1,-1,1796,1,9,-1,-1,-1
201831C015918,2,8,0,3,0,1,0,0,0,0,2,1,1,1,45,7,1997,2,9,2,1,2
201831C016118,1,8,0,11,0,2,0,0,0,0,0,1,6,1,-1,-1,-1,-1,-1,-1,-1,-1
201831C016118,2,11,0,18,0,2,0,0,0,0,0,1,1,1,52,8,9000,2,4,3,1,3
201831C016318,1,9,0,9,0,2,0,0,0,0,1,1,6,2,22,5,1598,2,5,4,1,4
201831C016318,2,9,0,4,0,2,0,0,0,0,2,1,6,2,65,9,1560,2,3,10,3,10
201831C016618,1,9,0,18,0,0,0,0,0,0,1,1,6,2,77,11,998,1,14,7,1,7
201831C017118,1,9,0,18,0,6,0,0,0,0,1,1,1,1,38,7,1798,8,6,2,1,2
201831C017118,2,9,0,18,0,8,1,0,0,0,4,1,3,2,34,6,1598,1,14,2,1,2
201831C018118,1,9,0,18,0,0,0,0,0,0,1,1,6,1,38,7,1956,2,8,5,1,5
201831C018118,2,9,0,3,0,0,0,0,0,0,2,1,2,2,37,7,1991,2,8,1,1,1
201831C018218,1,9,0,7,4,6,0,0,0,0,1,1,6,1,29,6,1995,2,4,5,1,5
201831C018218,2,1,0,18,4,8,0,0,0,0,1,1,2,1,36,7,-1,-1,-1,-1,-1,-1
201831C018718,1,9,0,18,0,8,1,4,7,0,1,1,6,1,28,6,2993,2,10,6,1,6
201831C018718,2,9,0,2,0,2,0,0,0,0,1,1,6,3,-1,-1,1995,2,15,-1,-1,-1
201831C018818,1,9,0,3,0,1,0,0,0,0,2,1,6,1,44,7,1598,2,2,3,1,3
201831C018818,2,2,0,3,0,1,0,0,0,0,3,1,6,1,35,6,49,1,15,2,1,2
201831C019018,1,9,0,16,0,0,1,0,8,7,3,1,6,2,20,4,1586,1,10,2,1,2
201831C019118,1,9,0,18,0,0,0,0,0,0,1,1,6,2,41,7,1798,1,8,10,2,10
201831C019118,2,9,0,4,0,0,0,0,0,0,2,1,6,1,44,7,1997,2,2,2,1,2
201831C019118,3,9,0,4,0,0,0,0,0,0,2,1,6,2,40,7,-1,-1,-1,2,1,2
201831C019418,1,9,0,18,0,8,0,0,0,0,1,1,6,3,-1,-1,1198,1,13,-1,-1,-1
201831C019418,2,9,0,3,0,8,0,0,0,0,2,1,6,2,76,11,999,1,4,10,2,10
201831C019618,1,19,0,18,0,1,0,0,0,0,1,1,6,1,35,6,1998,2,14,2,1,2
201831C019618,2,9,0,10,0,8,0,0,0,0,2,1,6,1,37,7,2993,2,11,3,1,3
201831C019918,1,9,0,3,0,0,0,0,0,0,2,1,6,3,-1,-1,-1,-1,-1,-1,-1,-1
201831C019918,2,19,0,18,0,0,0,0,0,0,1,1,1,2,23,5,2198,2,3,4,1,4
201831C019918,3,9,0,18,0,0,0,0,0,0,1,1,6,1,28,6,1364,1,12,1,1,1
201831C020018,1,9,0,9,0,5,0,0,0,0,1,1,6,3,-1,-1,-1,-1,-1,-1,-1,-1
201831C020218,1,9,0,3,0,1,0,0,0,0,2,1,6,2,54,8,1598,2,3,1,1,1