Accident_Index,Vehicle_Reference,Vehicle_Type,Towing_and_Articulation,Vehicle_Manoeuvre,Vehicle_Location-Restricted_Lane,Junction_Location,Skidding_and_Overturning,Hit_Object_in_Carriageway,Vehicle_Leaving_Carriageway,Hit_Object_off_Carriageway,1st_Point_of_Impact,Was_Vehicle_Left_Hand_Drive?,Journey_Purpose_of_Driver,Sex_of_Driver,Age_of_Driver,Age_Band_of_Driver,Engine_Capacity_(CC),Propulsion_Code,Age_of_Vehicle,Driver_IMD_Decile,Driver_Home_Area_Type,Vehicle_IMD_Decile
201831C020218,2,9,0,3,0,1,0,0,0,0,1,1,6,1,72,10,1498,1,3,1,1,1
201831C020718,1,9,0,6,0,8,0,0,0,0,1,1,6,2,36,7,1598,1,12,1,1,1
201831C020718,2,9,0,5,0,8,0,0,0,0,3,1,1,1,37,7,1798,8,2,1,1,1
201831C020918,1,1,0,18,0,1,0,0,0,0,4,1,6,1,27,6,-1,-1,-1,4,1,4
201831C020918,2,9,0,18,0,1,0,0,0,0,1,1,6,2,32,6,1396,2,5,7,1,7
201831C021018,1,1,0,18,0,8,0,0,0,0,1,1,6,3,-1,-1,-1,-1,-1,-1,-1,-1
201831C021218,1,9,0,18,0,1,0,0,0,0,1,1,6,2,43,7,2143,2,2,2,1,2
201831C021218,2,9,0,4,0,1,0,0,0,0,2,1,2,1,22,5,1248,2,5,5,1,5
201831C021918,1,3,0,18,0,8,0,0,0,0,1,1,6,1,22,5,-1,-1,-1,2,1,2
201831C021918,2,9,0,9,0,5,0,0,0,0,4,1,6,1,28,6,1999,2,2,5,1,5
201831C022018,1,9,0,18,0,8,0,0,0,0,4,1,6,2,52,8,1398,1,1,7,1,7
201831C022018,2,9,0,9,0,6,0,0,0,0,1,1,3,1,41,7,996,1,9,1,1,1
201831C022418,1,8,0,9,0,5,0,0,0,0,3,1,1,1,38,7,1598,2,3,-1,-1,-1
201831C022418,2,9,0,18,0,1,0,0,0,0,1,1,6,3,-1,-1,1968,2,13,-1,-1,-1
201831C022618,1,11,0,3,0,1,0,0,0,0,0,1,1,1,64,9,9000,2,4,-1,-1,-1
201831C022818,1,9,0,18,0,8,0,0,0,0,1,1,6,2,20,4,998,1,4,10,1,10
201831C022818,2,9,0,18,0,8,0,0,0,0,2,1,6,1,64,9,2143,2,7,6,1,6
201831C023218,1,3,0,6,1,1,1,0,0,0,3,1,6,1,20,4,125,1,1,3,1,3
201831C023418,1,9,0,13,0,0,0,0,0,0,4,1,6,3,-1,-1,1364,1,11,-1,-1,-1
201831C023418,2,1,0,18,0,0,0,0,0,0,3,1,1,1,44,7,-1,-1,-1,3,1,3
201831C024518,1,9,0,9,0,6,0,10,0,0,4,1,6,2,47,8,1399,2,11,2,1,2
201831C024518,2,9,0,18,0,8,0,0,0,0,1,1,2,2,30,6,1299,1,11,1,1,1
201831C024718,1,11,0,18,0,1,0,0,0,0,0,1,1,2,40,7,9000,2,14,2,1,2
201831C024918,1,11,0,4,0,0,0,0,0,0,0,1,1,1,55,8,4250,2,6,-1,-1,-1
201831C025018,1,9,0,18,0,0,0,0,0,0,1,1,6,1,18,4,1496,2,2,2,1,2
201831C025018,2,9,0,4,0,0,0,0,0,0,2,1,1,1,40,7,1248,2,5,-1,-1,-1
201831C025218,1,9,0,9,0,5,0,0,0,0,1,1,1,1,51,8,1598,1,8,1,1,1
201831C025518,1,9,0,15,0,0,0,0,2,0,1,1,2,1,41,7,1798,8,1,4,2,4
201831C025518,2,9,0,18,0,0,0,0,0,0,2,1,2,2,52,8,1598,1,3,8,1,8
201831C025518,3,1,0,18,0,0,0,0,0,0,2,1,2,2,35,6,-1,-1,-1,3,1,3
201831C025518,4,9,0,18,0,0,0,0,0,0,2,1,2,1,53,8,2184,2,14,2,1,2
201831C026018,1,9,0,18,0,0,0,4,1,0,1,1,6,2,81,11,1206,1,7,6,1,6
201831C026018,2,9,0,2,0,0,0,4,0,0,2,1,6,3,-1,-1,999,1,2,-1,-1,-1
201831C026018,3,9,0,2,0,0,0,0,0,0,2,1,6,3,-1,-1,2199,2,8,-1,-1,-1
201831C026018,4,9,0,13,0,0,0,0,0,0,4,1,6,1,63,9,1499,1,-1,5,1,5
201831C026118,1,11,0,18,0,0,0,0,0,0,0,1,1,1,26,6,9000,2,10,1,1,1
201831C026218,1,9,0,9,0,5,0,0,0,0,1,1,6,3,-1,-1,-1,-1,-1,-1,-1,-1
201831C026218,2,9,0,18,0,8,0,0,0,0,1,1,6,2,49,8,-1,-1,-1,1,1,1
201831C026418,1,9,0,3,0,0,0,0,0,0,2,1,6,1,32,6,1595,1,15,-1,-1,-1
201831C026418,2,19,0,3,0,0,0,0,0,0,2,1,6,1,31,6,1995,2,1,2,1,2
201831C026418,3,9,0,18,0,0,0,0,0,0,1,1,6,1,-1,-1,2400,2,1,5,3,5
201831C026518,1,9,0,3,0,1,0,0,0,0,2,1,6,1,23,5,1995,2,12,6,1,6
201831C026518,2,9,0,5,0,1,0,0,0,0,1,1,6,1,64,9,1242,1,3,1,1,1
201831C026618,1,9,0,18,0,8,5,0,7,11,1,1,6,1,56,9,1896,2,17,2,1,2
201831C026718,1,9,0,18,0,4,0,0,0,0,3,1,6,1,80,11,1124,1,13,1,1,1
201831C026718,2,3,0,18,0,8,1,0,0,0,1,1,6,1,37,7,125,1,4,1,1,1
201831C026918,1,9,0,18,0,0,0,0,0,0,1,1,1,1,37,7,1968,2,9,2,1,2
201831C027218,1,9,0,18,0,8,0,0,0,0,1,1,6,3,-1,-1,1229,1,11,-1,-1,-1
201831C027218,2,9,0,3,0,8,0,0,0,0,2,1,6,1,26,6,1995,2,11,5,1,5
201831C027418,1,90,0,18,0,7,0,0,0,0,0,1,6,3,-1,-1,-1,-1,-1,-1,-1,-1
201831C027418,2,11,0,18,0,8,0,0,0,0,0,1,1,1,60,9,9000,2,8,1,1,1
201831C027618,1,9,0,9,0,8,0,0,0,0,3,1,6,2,27,6,1242,1,11,8,1,8
201831C027618,2,1,0,18,0,8,0,0,0,0,1,1,6,1,38,7,-1,-1,-1,9,1,9
201831C027718,1,1,0,18,0,0,0,0,0,0,1,1,3,1,15,3,-1,-1,-1,1,1,1
201831C027718,2,9,0,18,0,0,0,0,0,0,1,1,6,1,47,8,2993,2,10,7,1,7
201831C028018,1,1,0,18,0,6,0,0,0,0,3,1,6,1,25,5,-1,-1,-1,6,1,6
201831C028018,2,8,0,3,0,1,0,0,0,0,1,1,6,1,37,7,2231,2,8,1,1,1
201831C028318,1,9,0,18,0,8,0,0,0,0,1,1,6,1,-1,-1,-1,-1,-1,8,1,8
201831C028318,2,9,0,9,0,6,0,0,0,0,3,1,6,2,30,6,2179,2,6,4,1,4
201831C028618,1,9,0,18,0,8,0,0,0,0,1,1,6,2,23,5,1781,1,14,4,1,4
201831C028618,2,9,0,3,0,1,0,0,0,0,2,1,6,1,26,6,1197,1,3,5,1,5
201831C028618,3,9,0,3,0,1,0,0,0,0,2,1,6,2,35,6,1499,1,3,10,1,10
201831C028618,4,9,0,3,0,1,0,0,0,0,2,1,6,1,43,7,1497,8,3,2,1,2
201831C029218,1,9,0,5,0,0,0,0,0,0,3,1,6,3,-1,-1,-1,-1,-1,-1,-1,-1
201831C029218,2,9,0,13,0,0,0,0,0,0,3,1,6,2,28,6,1242,1,9,5,1,5
201831C029418,1,11,0,18,0,2,0,0,0,0,0,1,1,3,-1,-1,9000,5,1,-1,-1,-1
201831C029718,1,19,0,18,0,1,0,0,0,0,1,1,1,1,53,8,1995,2,2,4,2,4
201831C030718,1,9,0,9,0,5,0,0,0,0,1,1,6,1,42,7,2902,2,15,1,1,1
201831C030718,2,3,0,18,0,8,0,0,0,0,1,1,2,1,29,6,125,1,4,1,1,1
201831C030918,1,9,0,13,0,0,0,0,0,0,0,1,6,3,-1,-1,1686,2,13,-1,-1,-1
201831C030918,2,11,0,3,0,0,0,0,0,0,0,1,1,1,49,8,9000,2,4,1,1,1
201831C031018,1,11,0,9,0,4,0,0,0,0,1,1,1,2,41,7,6700,2,6,8,1,8
201831C031018,2,9,0,18,0,8,0,0,0,0,4,1,6,2,54,8,1364,1,2,1,1,1
201831C031118,1,1,0,18,0,0,0,0,0,0,1,1,6,2,52,8,-1,-1,-1,9,1,9
201831C031118,2,4,0,13,0,0,0,0,0,0,1,1,6,1,-1,-1,-1,-1,-1,-1,-1,-1
201831C031218,1,9,0,18,0,0,0,4,0,0,1,1,2,1,18,4,999,1,15,4,1,4
201831C031218,2,19,0,2,0,0,0,0,0,0,2,1,1,1,46,8,2198,2,5,1,1,1
201831C031618,1,8,0,18,0,1,0,0,0,0,1,1,6,3,-1,-1,1995,2,7,-1,-1,-1
201831C031618,2,9,0,3,0,1,0,0,0,0,2,1,1,1,33,6,1590,1,20,3,1,3
201831C031818,1,9,0,14,0,0,0,0,0,0,1,1,6,3,-1,-1,1896,2,19,-1,-1,-1
201831C031818,2,9,0,3,0,0,0,0,0,0,2,1,6,2,30,6,1596,1,13,2,1,2
201831C032718,1,3,0,18,0,8,0,0,1,11,1,1,6,1,66,10,125,1,13,1,1,1
201831C032718,2,9,0,9,0,6,0,0,0,0,1,1,6,1,63,9,1390,1,12,5,1,5
201831C033118,1,2,0,18,0,8,0,0,0,0,1,1,6,1,33,6,124,1,10,1,1,1
201831C033118,2,9,0,9,0,5,0,0,0,0,1,1,6,3,-1,-1,-1,-1,-1,-1,-1,-1
201831C033218,1,11,0,18,0,2,0,0,0,0,1,1,1,1,63,9,5130,2,1,8,3,8
201831C033318,1,9,0,9,0,5,0,0,0,0,1,1,6,1,32,6,1984,1,-1,1,1,1
201831C033318,2,3,0,18,0,8,0,0,0,0,1,1,6,1,48,8,124,1,2,2,1,2
201831C033418,1,4,0,14,0,2,0,0,0,0,0,1,6,3,-1,-1,-1,-1,-1,-1,-1,-1
201831C033618,1,9,0,18,0,0,1,0,1,11,3,1,2,2,27,6,1390,1,17,2,1,2
201831C034218,1,9,0,12,0,0,0,0,0,0,1,1,6,1,35,6,1796,1,12,3,1,3
201831C034218,2,9,0,18,0,0,0,0,0,0,3,2,6,2,31,6,1956,2,8,1,1,1
201831C034318,1,9,0,18,0,1,0,0,0,0,1,1,1,1,47,8,1998,2,9,3,1,3
201831C034418,1,9,0,18,0,1,0,0,0,0,1,1,6,2,50,8,1499,2,3,-1,-1,-1
201831C034418,2,9,0,3,0,1,0,0,0,0,2,1,6,1,19,4,1229,1,7,6,1,6
201831C034718,1,1,0,15,0,1,0,0,0,0,3,1,2,1,37,7,-1,-1,-1,7,1,7
201831C034718,2,9,0,18,0,1,0,0,0,0,4,1,2,1,37,7,1968,2,4,6,1,6
201831C034818,1,9,0,18,0,0,0,0,0,0,1,1,6,3,-1,-1,-1,-1,-1,-1,-1,-1
201831C035118,1,9,0,1,0,2,0,0,0,0,2,1,6,3,-1,-1,1796,1,13,-1,-1,-1
201831C035518,1,9,0,7,0,5,0,0,0,0,4,1,6,1,47,8,1242,1,1,-1,-1,-1
201831C035518,2,11,0,18,0,1,0,0,0,0,1,1,1,1,63,9,4250,2,6,2,1,2
201831C035718,1,9,0,9,0,6,0,0,0,0,1,1,6,2,24,5,1598,1,7,2,1,2
201831C035718,2,9,0,18,0,8,0,0,0,0,3,1,6,2,35,6,1229,1,13,2,1,2
201831C035818,1,11,0,18,0,2,0,0,0,0,3,1,1,1,-1,-1,9000,2,13,-1,-1,-1
201831C035918,1,9,0,13,0,0,0,0,0,0,0,1,6,3,-1,-1,1360,1,11,-1,-1,-1
201831C035918,2,11,0,18,0,0,0,0,0,0,0,1,1,1,20,4,7300,2,10,4,1,4
201831C036118,1,9,0,18,0,8,0,0,0,0,1,1,6,2,35,6,1598,1,13,2,1,2
201831C036118,2,9,0,3,0,8,0,0,0,0,2,1,2,2,30,6,1560,2,11,2,1,2
201831C036318,1,9,0,9,0,6,0,0,0,0,0,1,6,1,-1,-1,-1,-1,-1,-1,-1,-1
201831C036318,2,11,0,18,0,8,0,0,0,0,0,1,1,1,64,9,9000,2,14,3,2,3
201831C036518,1,9,0,9,0,6,0,0,0,0,1,1,6,1,56,9,1595,1,14,6,1,6
201831C036518,2,9,0,18,0,8,0,0,0,0,3,1,6,2,29,6,1299,1,15,4,1,4
201831C036918,1,8,0,9,0,5,0,0,0,0,0,1,6,1,-1,-1,-1,-1,-1,-1,-1,-1
201831C036918,2,1,0,18,0,8,0,0,0,0,0,1,2,1,46,8,-1,-1,-1,1,1,1
201831C037418,1,11,0,7,0,6,0,0,0,0,1,1,1,2,-1,-1,-1,3,5,-1,-1,-1
201831C037418,2,9,0,18,0,8,0,0,0,0,4,1,6,2,48,8,1998,1,13,4,1,4
201831C038118,1,5,0,13,0,8,0,0,0,0,1,1,1,1,39,7,1352,1,12,2,1,2
201831C038118,2,9,0,9,0,5,0,0,0,0,3,1,2,2,27,6,1368,1,8,2,1,2
201831C038318,1,9,0,18,0,2,0,0,0,0,1,1,6,3,-1,-1,-1,-1,-1,-1,-1,-1
201831C038418,1,9,0,18,0,0,0,0,0,0,1,1,2,1,42,7,1797,8,9,2,1,2
201831C038418,2,9,0,2,0,0,0,0,0,0,2,1,6,2,29,6,1398,1,3,5,1,5
201831C038418,3,9,0,2,0,0,0,0,0,0,2,1,6,3,-1,-1,-1,-1,-1,-1,-1,-1
201831C038518,1,9,0,1,0,0,0,0,0,0,2,1,6,2,50,8,2494,8,3,10,2,10
201831C038718,1,9,0,9,0,8,0,0,0,0,3,1,1,2,42,7,1997,2,1,1,1,1
201831C038718,2,19,0,18,0,3,0,0,0,0,4,1,6,1,-1,-1,1968,2,2,3,1,3
201831C038818,1,19,0,18,0,8,0,0,0,0,1,1,1,1,44,7,2143,2,3,4,1,4
201831C038818,2,9,0,9,0,8,0,0,0,0,4,1,6,2,32,6,1968,2,7,7,1,7
201831C038918,1,9,0,3,1,1,0,0,0,0,1,1,6,1,18,4,1198,1,10,3,1,3
201831C038918,2,9,0,4,1,1,0,0,0,0,2,1,6,2,-1,-1,1149,1,9,6,1,6
201831C039018,1,9,0,18,0,1,1,0,0,0,1,1,6,2,-1,-1,1360,1,8,4,1,4
201831C039018,2,9,0,10,0,8,1,0,0,0,2,1,6,2,33,6,1560,2,7,1,1,1
201831C039518,1,9,0,18,0,8,0,0,0,0,1,1,6,2,54,8,1329,1,9,10,1,10
201831C039518,2,9,0,7,0,6,0,0,0,0,3,1,6,1,19,4,1499,2,1,1,1,1
201831C039618,1,9,0,18,0,4,0,0,0,0,1,1,1,1,48,8,1598,1,11,4,1,4
201831C039618,2,1,0,18,0,8,0,0,0,0,4,1,1,1,44,7,-1,-1,-1,5,1,5
201831C040118,1,9,0,5,0,5,0,0,0,0,3,1,6,1,-1,-1,1910,2,11,-1,-1,-1
201831C040118,2,9,0,13,0,6,0,0,0,0,4,2,6,1,36,7,1240,1,15,5,1,5
201831C040218,1,9,0,7,0,6,0,4,0,0,1,1,1,1,38,7,1798,8,6,1,1,1
201831C040218,2,9,0,2,0,2,0,0,0,0,2,1,1,1,39,7,-1,-1,-1,5,1,5
201831C040518,1,9,0,18,0,1,0,0,0,0,1,1,6,3,-1,-1,-1,-1,-1,-1,-1,-1
201831C040518,2,9,0,3,0,1,0,0,0,0,2,1,6,2,20,4,1200,1,3,10,2,10
201831C041118,1,9,0,4,0,2,0,0,0,0,2,1,6,1,-1,-1,-1,-1,-1,-1,-1,-1
201831C041118,2,9,0,18,0,2,0,0,0,0,1,1,3,2,38,7,1596,1,11,1,1,1
201831C041218,1,8,0,9,0,5,0,0,0,0,4,1,1,1,-1,-1,1968,2,7,2,1,2
201831C041218,2,9,0,18,0,8,0,0,0,0,4,1,6,2,26,6,1598,1,10,10,1,10
201831C041918,1,3,0,7,9,6,0,4,0,0,1,1,6,1,15,3,125,1,7,1,1,1
201831C041918,2,9,0,2,0,8,0,0,0,0,2,1,6,2,55,8,1998,2,13,1,1,1
201831C042018,1,9,0,18,0,8,0,0,0,0,1,1,6,1,-1,-1,-1,-1,-1,-1,-1,-1
201831C042718,1,19,0,18,0,0,0,0,0,0,4,1,6,1,46,8,2198,2,7,7,1,7
201831C042718,2,9,0,12,0,0,0,0,0,0,3,1,6,1,48,8,2987,2,12,6,1,6
201831C043018,1,9,0,3,0,0,0,0,0,0,2,1,2,2,28,6,1560,2,8,3,2,3
201831C043018,2,9,0,18,0,0,0,0,0,0,1,1,6,1,-1,-1,1968,2,13,3,1,3
201831C043118,1,1,0,18,0,8,0,0,0,0,3,1,6,1,50,8,-1,-1,-1,4,1,4
201831C043118,2,9,0,18,0,8,0,0,0,0,1,1,6,1,57,9,1591,1,1,5,3,5
201831C043318,1,9,0,4,0,0,1,0,0,0,1,1,1,2,18,4,998,1,1,8,1,8
201831C043318,2,9,0,3,0,0,0,0,0,0,2,1,6,1,43,7,2179,2,11,4,1,4
201831C043418,1,9,0,9,0,5,0,0,0,0,1,1,6,2,33,6,1798,8,5,6,1,6
201831C043418,2,9,0,18,0,8,0,0,0,0,1,1,6,1,60,9,-1,-1,-1,1,1,1
201831C044018,1,9,0,18,0,8,0,0,0,0,4,1,6,2,31,6,999,1,-1,2,1,2
201831C044018,2,8,0,18,0,8,0,0,0,0,1,1,1,1,47,8,2402,2,14,2,1,2
201831C044218,1,9,0,18,0,1,0,0,0,0,1,1,6,3,-1,-1,1598,1,14,-1,-1,-1
201831C044218,2,10,0,3,0,1,0,0,0,0,2,1,6,2,20,4,-1,-1,-1,3,1,3
201831C045018,1,9,0,18,0,8,0,0,0,0,1,1,2,2,63,9,1896,2,17,3,1,3
201831C045018,2,9,0,9,0,6,0,0,0,0,3,1,2,2,33,6,1984,1,8,3,1,3
201831C045518,1,9,0,13,0,2,0,0,0,0,0,1,6,1,39,7,1999,1,13,1,1,1
201831C045518,2,9,0,18,0,2,0,7,0,0,1,1,6,2,27,6,1560,2,4,2,1,2
201831C045618,1,9,0,18,0,6,0,0,0,0,1,1,6,2,27,6,1390,1,9,5,1,5
201831C045618,2,1,0,18,9,8,0,0,0,0,1,1,6,1,45,7,-1,-1,-1,2,1,2
201831C045918,1,9,0,18,0,0,0,4,0,0,4,1,6,1,-1,-1,1596,1,13,-1,-1,-1
201831C045918,2,9,0,2,9,0,0,0,0,0,3,1,6,1,46,8,1560,2,5,3,1,3
201831C046318,1,9,0,9,0,8,0,0,0,0,4,1,1,2,50,8,2171,2,14,8,1,8
201831C046318,2,9,0,18,0,5,0,0,0,0,1,1,6,1,22,5,1598,2,7,4,1,4
201831C046518,1,8,0,18,0,0,0,0,0,0,2,1,1,1,40,7,1598,2,7,1,1,1
201831C046518,2,9,0,18,0,0,0,0,0,0,1,1,6,3,-1,-1,1910,2,10,-1,-1,-1
201831C046718,1,9,0,9,0,6,0,0,0,0,1,1,6,2,49,8,1086,1,14,1,1,1
201831C046718,2,9,0,18,0,8,0,0,0,0,1,1,6,1,27,6,1998,1,1,5,1,5
201831C046918,1,9,0,18,0,1,0,0,0,0,1,1,6,3,-1,-1,-1,-1,-1,-1,-1,-1
201831C046918,2,8,0,3,0,1,0,0,0,0,2,1,6,1,29,6,1339,8,9,1,1,1
201831C047018,1,9,0,18,0,8,0,0,0,0,3,1,6,3,-1,-1,999,1,5,-1,-1,-1
201831C047218,1,9,0,18,0,8,1,0,0,0,1,1,6,3,-1,-1,1997,2,15,-1,-1,-1
201831C047218,2,9,0,3,0,1,0,0,0,0,1,1,6,2,44,7,1995,2,2,7,1,7
201831C047318,1,9,0,18,0,0,0,0,0,0,3,1,1,2,32,6,-1,-1,-1,1,1,1
201831C047318,2,9,0,18,0,0,0,0,0,0,3,1,6,2,33,6,1560,2,5,1,1,1
201831C047518,1,9,0,18,0,0,0,0,0,0,1,1,6,1,-1,-1,-1,-1,-1,-1,-1,-1
201831C047818,1,9,0,18,0,0,0,0,0,0,1,1,1,1,46,8,1796,2,5,9,1,9
201831C047818,2,1,0,18,0,0,0,0,0,0,1,1,2,1,22,5,-1,-1,-1,6,1,6
201831C047918,1,9,0,11,0,3,0,0,0,0,4,1,6,3,-1,-1,-1,-1,-1,-1,-1,-1
201831C047918,2,9,0,18,0,3,0,0,0,0,3,1,1,2,21,5,1229,1,11,2,1,2
201831C048218,1,19,0,3,0,0,0,0,0,0,0,1,1,1,-1,-1,1968,2,4,-1,-1,-1
201831C048418,1,9,0,7,0,8,0,0,0,0,1,1,6,3,-1,-1,-1,-1,-1,-1,-1,-1
201831C048418,2,9,0,18,0,8,0,0,0,0,3,1,6,1,71,10,996,1,5,1,1,1
201831C048518,1,9,0,18,0,4,0,0,0,0,1,1,6,3,-1,-1,-1,-1,-1,-1,-1,-1
201831C048518,2,9,0,18,0,8,0,0,0,0,4,1,1,1,40,7,1910,2,13,1,1,1
201831C048618,1,9,0,18,0,0,0,0,0,0,1,1,6,3,-1,-1,1995,2,13,-1,-1,-1
201831C048618,2,8,0,3,0,0,0,0,0,0,2,1,1,1,39,7,2402,2,12,-1,-1,-1
201831C048718,1,9,0,18,0,8,0,0,0,0,3,1,6,1,37,7,1968,2,5,2,1,2
201831C048818,1,18,0,18,1,1,0,0,0,0,1,1,1,1,57,9,-1,-1,-1,-1,-1,-1
201831C050018,1,9,0,6,4,0,0,0,0,0,3,1,6,1,-1,-1,-1,-1,-1,-1,-1,-1
201831C050018,2,1,0,18,4,0,0,0,0,0,1,1,2,1,54,8,-1,-1,-1,1,1,1
201831C050518,1,9,0,13,0,0,0,0,0,0,4,1,6,1,-1,-1,-1,-1,-1,-1,-1,-1
201831C050518,2,1,0,18,0,0,0,0,0,0,3,1,6,1,20,4,-1,-1,-1,-1,-1,-1
201831C050818,1,9,0,4,0,0,0,0,0,0,2,1,6,1,-1,-1,996,1,3,1,1,1
201831C050818,2,9,0,18,0,0,0,0,0,0,1,1,6,2,25,5,1582,2,1,1,1,1
201831C051418,1,9,0,9,0,6,0,0,0,0,1,1,6,2,67,10,1294,1,34,7,1,7
201831C051418,2,9,0,3,0,1,0,0,0,0,3,1,6,2,20,4,999,1,1,1,1,1
201831C051418,3,9,0,18,0,8,0,0,0,0,1,1,2,2,19,4,1910,2,12,1,1,1
201831C051818,1,9,0,18,0,8,0,0,0,0,1,1,6,3,-1,-1,-1,-1,-1,-1,-1,-1
201831C051818,2,1,0,18,0,8,0,0,0,0,1,1,1,1,30,6,-1,-1,-1,1,1,1
201831C052218,1,9,0,18,0,0,0,0,0,0,1,1,2,1,37,7,1598,2,1,8,1,8
201831C052218,2,9,0,18,0,0,0,0,0,0,1,2,6,2,34,6,-1,-1,-1,3,1,3
201831C052218,3,9,0,18,0,0,0,0,0,0,1,1,6,1,21,5,1796,1,16,-1,-1,-1
201831C052318,1,9,0,1,0,5,0,0,0,0,3,1,6,3,-1,-1,-1,-1,-1,-1,-1,-1
201831C052818,1,9,0,18,0,8,0,0,0,0,1,1,1,1,55,8,1598,1,15,9,1,9
201831C052818,2,9,0,5,0,6,0,0,0,0,4,1,1,1,46,8,2494,1,12,2,1,2
201831C052918,1,11,0,18,0,4,0,0,0,0,0,1,1,1,-1,-1,6374,2,6,5,1,5
201831C053418,1,9,0,18,0,0,0,0,0,0,1,1,6,2,55,8,998,1,2,10,1,10
201831C053418,2,9,0,3,0,0,0,0,0,0,2,1,6,1,66,10,1984,1,15,4,1,4
201831C053518,1,11,0,18,2,8,0,0,0,0,1,1,1,1,47,8,7700,2,1,2,1,2
201831C053618,1,9,0,9,0,8,0,0,0,0,1,1,6,1,50,8,1598,1,14,3,1,3
201831C053618,2,9,0,18,0,8,0,0,0,0,3,1,6,1,20,4,1900,2,12,2,1,2
201831C055018,1,8,0,11,3,0,0,0,0,0,4,1,1,1,68,10,2446,2,15,5,1,5
201831C055818,1,9,0,4,0,1,0,0,0,0,2,1,6,2,49,8,1783,1,14,4,1,4
201831C055818,2,9,0,18,0,1,1,0,0,0,1,1,6,1,20,4,998,1,5,7,1,7
201831C056018,1,9,0,11,0,8,0,0,0,0,1,1,2,1,43,7,2497,1,12,1,1,1
201831C056018,2,9,0,9,0,5,0,0,0,0,4,1,6,1,23,5,1596,1,11,2,1,2
201831C056418,1,8,0,9,0,5,0,0,0,0,4,1,1,1,36,7,2143,2,3,1,1,1
201831C056618,1,4,0,18,0,1,0,0,0,0,4,1,6,1,-1,-1,200,1,4,-1,-1,-1
201831C056618,2,9,0,9,0,6,0,0,0,0,1,1,6,2,77,11,1968,2,8,3,1,3
201831C056918,1,9,0,18,0,8,0,0,1,10,3,1,6,1,20,4,1995,2,7,2,1,2
201831C056918,2,9,0,9,0,8,0,0,0,0,3,1,6,1,35,6,1560,2,12,1,1,1
201831C056918,3,9,0,3,0,1,0,0,0,0,3,1,6,1,34,6,1896,2,14,2,1,2
201831C057618,1,11,0,18,0,0,0,0,0,0,4,1,1,1,43,7,9000,5,1,3,1,3
201831C058018,1,9,0,18,0,1,0,0,0,0,1,1,2,1,49,8,3200,2,3,7,1,7
201831C058018,2,9,0,4,0,4,0,0,0,0,2,1,6,1,44,7,1796,1,15,2,1,2
201831C058118,1,9,0,18,0,8,2,10,0,0,1,1,6,3,-1,-1,1968,2,7,-1,-1,-1
201831C058118,2,9,0,2,0,2,0,0,0,0,2,1,6,1,-1,-1,1398,1,11,3,1,3
201831C058118,3,9,0,2,0,8,0,0,0,0,2,1,6,3,-1,-1,1329,1,6,4,1,4
201831C058118,4,9,0,2,0,2,0,0,0,0,2,1,6,3,-1,-1,1198,1,9,1,1,1
201831C058218,1,9,0,18,0,2,0,0,0,0,1,1,6,3,-1,-1,-1,-1,-1,-1,-1,-1
201831C058318,1,9,0,9,0,8,0,0,0,0,3,1,6,2,56,9,998,1,4,2,1,2
201831C058318,2,9,0,13,0,8,0,0,0,0,1,1,6,3,-1,-1,1796,1,13,-1,-1,-1
201831C058418,1,9,0,9,0,5,0,0,0,0,1,1,6,2,71,10,1997,2,2,3,1,3
201831C058418,2,9,0,18,0,8,0,4,0,0,4,1,1,1,25,5,1560,2,4,5,3,5
201831C058418,3,9,0,2,0,2,0,0,0,0,4,1,6,1,55,8,1398,1,5,3,1,3
201831C058518,1,9,0,18,0,1,0,0,0,0,1,1,6,1,24,5,1598,2,4,3,1,3
201831C058718,1,9,0,9,0,6,0,0,0,0,3,1,6,2,26,6,1229,1,4,-1,-1,-1
201831C058718,2,9,0,18,0,1,0,0,0,0,1,1,1,1,50,8,2401,2,9,4,1,4
201831C059218,1,2,0,14,0,0,0,0,0,0,1,1,6,3,-1,-1,-1,-1,-1,-1,-1,-1
201831C059418,1,9,0,7,0,1,0,0,0,0,4,1,6,2,48,8,1598,1,5,9,1,9
201831C059518,1,11,0,3,2,8,0,0,0,0,0,1,1,1,57,9,9000,5,1,3,1,3
201831C059818,1,9,0,9,0,6,0,0,0,0,1,1,2,1,29,6,-1,-1,-1,1,1,1
201831C059818,2,9,0,15,0,8,0,4,0,0,1,1,2,2,57,9,998,1,15,9,1,9
201831C059818,3,9,0,2,0,2,0,0,0,0,1,1,6,1,-1,-1,-1,-1,-1,9,1,9
201831C059918,1,9,0,18,0,0,0,0,0,0,1,1,6,2,43,7,1399,1,11,1,1,1
201831C060318,1,20,0,12,0,4,0,0,0,0,1,1,6,1,41,7,12740,2,3,4,1,4
201831C060318,2,9,0,3,0,4,0,0,0,0,2,1,6,2,61,9,1496,2,2,10,1,10
201831C060418,1,9,0,9,0,6,0,0,0,0,1,1,6,3,-1,-1,-1,-1,-1,-1,-1,-1
201831C060418,2,9,0,18,0,8,0,0,0,0,4,1,6,2,20,4,1229,1,5,5,1,5
201831C060518,1,9,0,5,0,4,0,0,0,0,3,1,6,2,-1,-1,-1,-1,-1,-1,-1,-1
201831C060518,2,1,0,18,0,3,0,0,0,0,1,1,6,1,29,6,-1,-1,-1,3,1,3
201831C060818,1,9,0,18,0,3,0,0,0,0,1,1,6,1,29,6,1910,2,10,6,1,6