Accident_Index,Vehicle_Reference,Vehicle_Type,Towing_and_Articulation,Vehicle_Manoeuvre,Vehicle_Location-Restricted_Lane,Junction_Location,Skidding_and_Overturning,Hit_Object_in_Carriageway,Vehicle_Leaving_Carriageway,Hit_Object_off_Carriageway,1st_Point_of_Impact,Was_Vehicle_Left_Hand_Drive?,Journey_Purpose_of_Driver,Sex_of_Driver,Age_of_Driver,Age_Band_of_Driver,Engine_Capacity_(CC),Propulsion_Code,Age_of_Vehicle,Driver_IMD_Decile,Driver_Home_Area_Type,Vehicle_IMD_Decile
201831C060918,1,19,0,18,0,0,0,0,1,0,2,1,6,1,-1,-1,1998,2,14,-1,-1,-1
201831C060918,2,9,0,18,0,0,0,0,0,0,1,1,6,2,38,7,1498,1,13,2,1,2
201831C061418,1,11,0,5,0,6,0,0,0,0,0,1,6,1,30,6,-1,3,4,1,1,1
201831C062818,1,9,0,18,0,2,0,0,0,0,1,1,6,3,-1,-1,-1,-1,-1,-1,-1,-1
201831C062818,2,22,0,18,0,2,0,0,0,0,4,1,6,2,45,7,-1,-1,-1,1,1,1
201831C063118,1,9,0,12,0,1,1,0,0,0,1,1,1,1,32,6,1598,1,15,5,1,5
201831C063118,2,1,0,12,0,1,0,0,0,0,2,1,6,1,36,7,-1,-1,-1,1,1,1
201831C063418,1,9,0,1,0,0,0,0,0,0,2,1,6,3,-1,-1,-1,-1,-1,-1,-1,-1
201831C064118,1,9,0,9,0,8,0,0,0,0,1,1,6,3,-1,-1,1199,1,17,-1,-1,-1
201831C064118,2,9,0,18,0,8,0,0,0,0,1,1,6,2,23,5,1397,1,9,1,1,1
201831C064418,1,9,0,7,0,5,2,7,0,0,3,1,6,1,22,5,-1,-1,-1,9,1,9
201831C064618,1,9,0,18,0,0,0,0,0,0,1,1,6,1,-1,-1,1395,1,1,6,1,6
201831C064618,2,9,0,18,0,0,0,0,0,0,2,1,2,1,52,8,1498,1,2,2,1,2
201831C064918,1,9,0,4,0,1,0,0,0,0,2,1,2,2,49,8,1956,2,5,10,1,10
201831C064918,2,21,1,18,0,1,0,0,0,0,1,1,1,1,45,7,4462,2,5,6,1,6
201831C065418,1,9,0,9,0,1,0,0,0,0,4,1,6,1,18,4,1900,2,12,3,1,3
201831C065418,2,2,0,18,0,1,0,0,0,0,4,1,6,1,34,6,49,1,7,2,1,2
201831C065618,1,3,0,9,0,5,0,0,0,0,0,1,6,3,-1,-1,-1,-1,-1,-1,-1,-1
201831C065618,2,11,0,18,0,1,0,0,0,0,0,1,1,1,54,8,9000,2,4,-1,-1,-1
201831C066118,1,1,0,18,2,8,0,0,0,0,1,1,6,1,22,5,-1,-1,-1,4,1,4
201831C066118,2,9,0,18,2,8,0,0,0,0,4,1,6,1,44,7,1956,2,8,5,1,5
201831C066618,1,9,0,1,0,2,0,0,0,0,2,1,6,1,-1,-1,1398,2,6,-1,-1,-1
201831C066618,2,9,0,3,0,2,0,0,0,0,2,1,6,2,36,7,1339,1,9,1,1,1
201831C066818,1,9,0,9,0,5,0,0,0,0,1,1,6,1,58,9,1753,2,12,2,1,2
201831C066818,2,4,0,18,0,8,0,0,0,0,1,1,6,1,30,6,-1,-1,-1,-1,-1,-1
201831C066918,1,8,0,5,0,1,0,0,0,0,1,1,1,1,40,7,1797,8,8,2,1,2
201831C067318,1,9,0,9,0,6,0,0,0,0,1,1,6,1,-1,-1,-1,-1,-1,-1,-1,-1
201831C067318,2,1,0,18,0,8,0,0,0,0,2,1,6,1,15,3,-1,-1,-1,2,1,2
201831C067818,1,9,0,18,0,0,0,0,0,0,1,1,6,3,-1,-1,1364,1,8,-1,-1,-1
201831C067818,2,9,0,3,0,0,0,0,0,0,2,1,6,1,23,5,1968,2,11,2,1,2
201831C068118,1,9,0,9,0,5,0,0,0,0,1,1,6,1,29,6,1598,1,12,2,1,2
201831C068618,1,9,0,18,0,0,0,0,0,0,1,1,6,3,-1,-1,1248,2,11,-1,-1,-1
201831C068718,1,11,0,2,2,0,0,0,0,0,0,1,1,1,53,8,9000,2,7,1,1,1
201831C068818,1,9,0,9,0,6,0,0,0,0,3,1,6,1,51,8,1598,1,10,5,1,5
201831C068818,2,9,0,18,0,8,0,0,0,0,4,1,6,2,39,7,1796,1,13,2,1,2
201831C068918,1,1,0,18,0,8,0,0,0,0,0,1,6,1,40,7,-1,-1,-1,2,1,2
201831C068918,2,9,0,18,0,8,0,0,0,0,0,1,6,3,-1,-1,-1,-1,-1,-1,-1,-1
201831C069018,1,9,0,18,0,2,0,0,0,0,1,1,6,1,44,7,1360,1,15,-1,-1,-1
201831C069018,2,1,0,18,0,2,0,0,0,0,3,1,6,2,5,1,-1,-1,-1,-1,-1,-1
201831C069518,1,9,0,18,0,0,0,0,0,0,1,1,6,1,28,6,1950,2,2,7,1,7
201831C069518,2,9,0,3,0,0,0,0,0,0,2,1,2,2,33,6,1124,1,12,3,1,3
201831C070118,1,9,0,18,0,1,0,0,0,0,1,1,1,2,39,7,1248,1,2,1,1,1
201831C070118,2,9,0,3,0,4,0,0,0,0,2,1,1,2,56,9,1995,2,6,3,1,3
201831C070218,1,9,0,18,0,3,0,0,0,0,4,1,6,1,-1,-1,1968,2,3,3,1,3
201831C070218,2,9,0,18,0,3,0,0,0,0,3,1,6,1,37,7,1781,1,15,2,1,2
201831C070518,1,3,0,18,0,0,0,0,0,0,1,1,6,1,16,4,125,1,6,2,1,2
201831C070518,2,9,0,18,0,0,0,0,0,0,1,1,6,1,20,4,1999,1,14,2,1,2
201831C070518,3,19,0,2,0,0,0,4,0,0,1,1,6,1,-1,-1,1598,2,2,-1,-1,-1
201831C070518,4,9,0,2,0,0,0,0,0,0,1,1,6,1,-1,-1,1388,1,15,-1,-1,-1
201831C070818,1,9,0,18,0,8,0,0,0,0,1,1,6,1,23,5,1997,2,10,2,1,2
201831C070818,2,9,0,10,0,5,0,0,0,0,2,1,4,1,34,6,1753,2,12,1,1,1
201831C070918,1,19,0,18,0,0,0,0,0,0,4,1,1,1,50,8,2143,2,1,-1,-1,-1
201831C071018,1,9,0,18,0,8,0,0,0,0,1,1,6,1,41,7,998,1,15,2,1,2
201831C071018,2,9,0,2,0,8,0,0,0,0,4,1,6,2,23,5,1200,1,5,4,1,4
201831C071018,3,3,0,18,0,8,0,0,0,0,1,1,6,1,18,4,124,1,11,8,1,8
201831C071118,1,9,0,9,0,1,0,0,0,0,4,1,6,1,18,4,1364,1,9,9,1,9
201831C071118,2,9,0,18,0,1,0,0,0,0,1,1,6,2,74,10,-1,-1,-1,5,1,5
201831C071118,3,9,0,18,0,1,0,0,0,0,1,1,6,2,30,6,2720,2,11,1,1,1
201831C071318,1,9,0,7,0,1,0,0,0,0,3,1,6,2,-1,-1,1600,2,8,9,1,9
201831C071318,2,9,0,4,0,1,0,0,0,0,3,1,6,1,25,5,1242,1,11,1,1,1
201831C071618,1,19,0,18,0,0,1,0,0,0,1,1,1,1,24,5,2461,2,11,2,1,2
201831C071618,2,9,0,3,0,0,0,0,0,0,2,1,6,2,28,6,1368,1,11,3,1,3
201831C071618,3,9,0,3,0,0,0,0,0,0,2,1,6,1,23,5,1598,1,12,10,1,10
201831C071618,4,19,0,3,0,0,0,0,0,0,2,1,1,1,36,7,2143,2,2,1,1,1
201831C071718,1,9,0,18,0,8,0,0,0,0,1,1,6,1,-1,-1,-1,-1,-1,-1,-1,-1
201831C071718,2,9,0,18,0,8,1,0,7,2,4,1,1,1,24,5,3999,1,5,1,1,1
201831C071818,1,19,0,5,0,0,0,0,7,0,3,1,6,1,-1,-1,1753,2,11,-1,-1,-1
201831C071818,2,9,0,18,0,0,0,0,0,0,4,1,6,2,32,6,998,1,11,2,1,2
201831C072118,1,9,0,3,0,1,0,0,0,0,2,1,6,3,-1,-1,1560,2,5,-1,-1,-1
201831C072118,2,9,0,3,0,1,0,0,0,0,2,1,6,2,29,6,1368,1,12,2,1,2
201831C072818,1,1,0,18,0,2,0,0,8,0,3,1,1,1,20,4,-1,-1,-1,1,1,1
201831C072818,2,8,0,15,0,2,0,0,0,0,4,1,6,1,-1,-1,1997,2,6,-1,-1,-1
201831C073218,1,21,1,11,0,0,0,0,0,0,1,1,1,1,53,8,9290,2,2,2,1,2
201831C073218,2,9,0,18,0,0,0,0,0,0,3,1,6,2,51,8,999,1,1,6,2,6
201831C073318,1,9,0,18,0,0,0,10,1,10,1,1,6,1,20,4,1198,1,4,9,1,9
201831C073718,1,9,0,9,0,6,0,0,0,0,3,1,2,1,54,8,1596,1,16,5,1,5
201831C073718,2,4,0,13,0,8,0,0,0,0,4,1,2,1,58,9,249,1,7,4,1,4
201831C073918,1,9,0,9,0,6,0,0,0,0,2,1,1,1,39,7,1919,2,10,2,1,2
201831C073918,2,9,0,18,0,8,0,0,0,0,1,1,6,2,72,10,1390,1,15,10,2,10
201831C074018,1,9,0,9,0,5,0,0,0,0,4,1,6,2,79,11,1399,1,1,1,1,1
201831C074018,2,1,0,15,0,8,0,0,0,0,1,1,6,1,26,6,-1,-1,-1,4,1,4
201831C074118,1,8,0,9,0,6,0,0,0,0,1,1,1,1,38,7,1797,8,8,3,1,3
201831C074118,2,8,0,18,0,8,0,0,0,0,1,1,1,1,60,9,1598,2,4,3,1,3
201831C074918,1,9,0,18,0,4,0,0,0,0,3,1,6,2,-1,-1,-1,-1,-1,-1,-1,-1
201831C074918,2,5,0,18,0,8,0,0,0,0,4,1,6,1,25,5,689,1,4,1,1,1
201831C075018,1,5,0,13,0,3,0,0,7,1,4,1,2,1,26,6,1170,1,-1,4,1,4
201831C075018,2,9,0,18,0,8,0,0,0,0,1,1,2,1,53,8,2143,2,2,10,2,10
201831C075518,1,9,0,18,0,0,0,0,0,0,3,1,6,2,-1,-1,1229,1,5,2,1,2
201831C075518,2,9,0,18,0,0,0,0,0,0,3,1,6,2,25,5,-1,-1,-1,1,1,1
201831C076118,1,8,0,18,0,0,0,0,0,0,4,1,6,1,-1,-1,-1,-1,-1,-1,-1,-1
201831C076218,1,9,0,9,0,6,0,0,0,0,1,1,6,2,47,8,1461,2,1,-1,-1,-1
201831C076218,2,3,0,14,0,8,0,0,0,0,1,1,6,1,19,4,125,1,4,5,1,5
201831C076518,1,9,0,18,0,0,0,0,0,0,1,1,6,2,53,8,998,1,7,3,1,3
201831C076518,2,9,0,3,0,0,0,0,0,0,2,1,6,1,46,8,1499,2,3,4,1,4
201831C076518,3,21,0,3,0,0,0,0,0,0,2,1,1,1,38,7,10837,2,7,4,1,4
201831C076618,1,9,0,9,0,5,0,0,0,0,3,1,6,1,71,10,1461,2,-1,4,1,4
201831C076618,2,9,0,18,0,8,0,0,0,0,1,1,6,1,20,4,1598,2,7,10,1,10
201831C076718,1,9,0,17,0,8,0,4,0,0,1,1,6,1,23,5,1896,2,16,2,1,2
201831C076718,2,9,0,2,0,2,0,0,0,0,3,1,6,3,-1,-1,1798,1,10,-1,-1,-1
201831C076818,1,9,0,14,0,0,0,4,0,0,1,1,6,3,-1,-1,-1,-1,-1,-1,-1,-1
201831C076818,2,8,0,2,0,0,0,0,0,0,2,1,1,1,42,7,-1,-1,-1,5,1,5
201831C077018,1,11,0,18,0,6,0,0,0,0,0,1,6,1,35,6,9000,2,4,2,1,2
201831C077618,1,9,0,9,0,6,0,0,0,0,3,1,6,2,57,9,1496,1,1,10,1,10
201831C077618,2,9,0,18,0,8,0,0,0,0,1,1,2,1,47,8,1598,2,2,10,1,10
201831C078718,1,9,0,18,0,8,0,0,0,0,1,1,6,2,49,8,1198,1,4,1,1,1
201831C079418,1,9,0,7,4,6,0,0,0,0,1,1,6,2,-1,-1,1997,2,15,-1,-1,-1
201831C079418,2,1,0,18,4,8,0,0,0,0,3,1,6,1,51,8,-1,-1,-1,6,1,6
201831C080118,1,9,0,18,0,1,0,0,0,0,3,1,6,3,-1,-1,-1,-1,-1,-1,-1,-1
201831C080818,1,9,0,7,0,6,0,0,0,0,1,1,6,2,49,8,1587,1,11,2,1,2
201831C080818,2,1,0,18,0,8,0,0,0,0,1,1,6,1,22,5,-1,-1,-1,-1,-1,-1
201831C081218,1,9,0,18,0,0,0,4,0,0,1,1,6,2,80,11,1388,1,8,3,1,3
201831C081218,2,9,0,2,0,0,0,0,0,0,2,1,6,1,-1,-1,1598,1,13,-1,-1,-1
201831C081718,1,9,0,18,0,1,0,0,0,0,1,1,6,3,-1,-1,1395,1,1,-1,-1,-1
201831C081718,2,8,0,3,0,1,0,0,0,0,2,1,1,1,27,6,1598,2,4,1,1,1
201831C082118,1,9,0,3,0,1,0,4,1,0,1,1,6,1,88,11,-1,-1,-1,5,1,5
201831C082118,2,9,0,2,6,2,0,0,0,0,1,1,6,3,-1,-1,1242,1,2,-1,-1,-1
201831C082318,1,11,0,5,0,1,0,0,0,0,0,1,1,1,53,8,-1,-1,-1,-1,-1,-1
201831C082518,1,3,0,14,0,2,0,0,0,0,1,1,6,3,-1,-1,-1,-1,-1,-1,-1,-1
201831C082818,1,9,0,13,0,8,0,0,0,0,4,1,6,1,86,11,1296,1,11,9,1,9
201831C082818,2,1,0,14,0,8,0,0,0,0,3,1,1,1,50,8,-1,-1,-1,5,1,5
201831C083418,1,2,0,16,0,8,0,0,0,0,0,1,6,1,30,6,-1,-1,-1,-1,-1,-1
201831C083418,2,9,0,18,0,6,0,0,0,0,0,1,6,2,39,7,1587,1,14,3,1,3
201831C083618,1,8,0,18,9,0,0,0,7,0,0,1,6,2,-1,-1,-1,-1,-1,-1,-1,-1
201831C083618,2,1,0,18,9,0,0,0,0,0,0,1,1,1,14,3,-1,-1,-1,4,1,4
201831C084118,1,1,0,18,9,0,0,0,0,0,1,1,6,3,-1,-1,-1,-1,-1,-1,-1,-1
201831C084518,1,9,0,5,0,6,0,0,0,0,1,1,6,3,-1,-1,-1,-1,-1,-1,-1,-1
201831C084518,2,9,0,18,0,8,0,0,0,0,4,1,1,2,48,8,1968,2,9,9,1,9
201831C084618,1,19,0,7,0,1,0,0,0,0,1,1,1,1,-1,-1,-1,-1,-1,-1,-1,-1
201831C084618,2,1,0,18,0,8,0,0,0,0,3,1,1,1,30,6,-1,-1,-1,3,1,3
201831C085018,1,1,0,18,0,8,0,0,0,0,3,1,6,1,23,5,-1,-1,-1,4,1,4
201831C085018,2,9,0,9,0,5,0,0,0,0,1,1,6,1,-1,-1,1198,1,8,3,1,3
201831C085418,1,8,0,18,0,0,0,0,0,0,4,1,6,1,-1,-1,-1,-1,-1,-1,-1,-1
201831C085418,2,1,0,18,4,0,0,0,0,0,4,1,4,1,13,3,-1,-1,-1,1,1,1
201831C085618,1,11,0,5,0,1,0,0,0,0,1,1,1,1,22,5,9000,5,1,1,1,1
201831C085918,1,19,0,3,0,1,0,0,0,0,2,1,6,1,55,8,1560,2,5,1,1,1
201831C085918,2,9,0,18,0,1,0,0,1,0,1,1,6,1,-1,-1,-1,-1,-1,-1,-1,-1
201831C086018,1,8,0,7,0,5,0,0,0,0,1,1,1,1,30,6,1797,8,8,1,1,1
201831C086018,2,1,0,18,0,8,0,0,0,0,1,1,2,2,25,5,-1,-1,-1,5,1,5
201831C086118,1,9,0,16,0,0,0,0,0,0,1,1,6,1,27,6,1199,1,18,2,1,2
201831C086118,2,9,0,17,0,0,0,0,0,0,1,1,2,1,34,6,1364,1,11,2,1,2
201831C086618,1,9,0,7,0,2,0,0,0,0,1,1,6,1,18,4,1896,2,9,4,1,4
201831C086618,2,9,0,18,0,1,0,0,0,0,1,1,6,1,29,6,1395,1,3,1,1,1
201831C086718,1,9,0,18,0,0,0,0,0,0,1,1,6,1,-1,-1,-1,-1,-1,-1,-1,-1
201831C087218,1,9,0,9,0,5,0,0,0,0,3,1,6,1,68,10,1999,1,16,1,1,1
201831C087218,2,9,0,18,0,8,0,0,0,0,4,1,6,1,40,7,1595,1,5,2,1,2
201831C087318,1,9,0,18,0,0,0,0,0,0,4,1,2,1,48,8,1598,1,10,4,1,4
201831C087518,1,20,0,18,0,8,0,0,0,0,1,1,1,1,28,6,5880,2,6,4,3,4
201831C087518,2,9,0,9,0,6,0,0,0,0,3,1,6,1,21,5,1598,1,9,2,1,2
201831C087718,1,9,0,1,0,0,0,0,0,0,2,1,6,1,26,6,2495,2,19,1,1,1
201831C087718,2,9,0,16,0,0,0,0,0,0,1,1,6,1,35,6,1296,1,11,5,1,5
201831C088618,1,9,0,18,0,0,0,0,0,0,1,1,6,1,30,6,1598,1,12,1,1,1
201831C088718,1,3,0,11,0,2,0,0,0,0,0,1,6,1,17,4,125,1,2,8,1,8
201831C089818,1,9,0,2,0,0,0,0,0,0,3,1,6,1,44,7,1596,1,12,7,1,7
201831C089818,2,1,0,18,0,0,0,4,0,0,1,1,6,1,26,6,-1,-1,-1,-1,-1,-1
201831C089918,1,9,0,15,0,8,0,0,0,0,4,1,6,1,-1,-1,1991,2,13,-1,-1,-1
201831C089918,2,9,0,2,0,8,0,0,0,0,0,1,6,2,43,7,1968,2,11,2,1,2
201831C090518,1,9,0,13,0,0,1,0,7,0,1,1,6,1,24,5,1598,1,3,3,1,3
201831C090518,2,8,0,18,0,0,0,0,0,0,2,1,1,1,60,9,1797,8,9,5,1,5
201831C090518,3,8,0,18,0,0,1,0,1,11,1,1,1,1,41,7,2402,2,13,5,1,5
201831C091418,1,19,0,18,9,0,0,0,7,0,3,1,1,1,36,7,1995,2,-1,4,1,4
201831C092018,1,9,0,7,0,4,0,0,0,0,3,1,2,1,24,5,1686,2,11,6,1,6
201831C092018,2,1,0,18,0,8,0,0,0,0,1,1,2,2,50,8,-1,-1,-1,4,1,4
201831C092418,1,10,0,18,0,1,0,0,0,0,0,1,1,1,21,5,-1,-1,-1,1,1,1
201831C092418,2,1,0,18,0,1,0,0,0,0,0,1,2,2,56,9,-1,-1,-1,9,1,9
201831C092518,1,9,0,1,0,8,0,0,0,0,3,1,6,3,-1,-1,1461,2,7,-1,-1,-1
201831C092818,1,9,0,18,0,4,0,0,0,0,0,1,6,3,-1,-1,-1,-1,-1,-1,-1,-1
201831C092818,2,10,0,18,0,6,0,0,0,0,0,1,6,1,26,6,-1,-1,-1,2,1,2
201831C093218,1,1,0,18,9,1,0,0,0,0,1,1,6,1,24,5,-1,-1,-1,2,1,2
201831C093418,1,9,0,18,0,0,0,0,0,0,3,1,6,3,-1,-1,1995,2,13,-1,-1,-1
201831C094118,1,9,0,18,0,1,0,0,0,0,3,1,6,1,25,5,1968,2,10,3,1,3
201831C094118,2,9,0,18,0,2,0,0,0,0,3,1,6,2,20,4,1398,1,2,2,1,2
201831C094218,1,9,0,7,0,3,0,0,0,0,1,1,6,1,37,7,1299,1,13,1,1,1
201831C094218,2,8,0,18,0,1,0,0,0,0,1,1,1,1,51,8,1995,2,8,1,1,1
201831C095718,1,22,0,18,0,2,0,0,0,0,3,1,6,1,68,10,-1,-1,-1,1,1,1
201831C095718,2,9,0,18,0,1,0,0,0,0,1,1,6,2,65,9,1598,1,3,8,1,8
201831C096118,1,10,0,18,0,3,0,0,0,0,1,1,2,1,29,6,-1,-1,-1,2,1,2
201831C096118,2,8,0,18,0,3,0,0,0,0,2,1,1,1,41,7,1753,2,8,2,1,2
201831C096318,1,9,0,7,0,6,0,0,0,0,1,1,6,2,42,7,1200,1,2,2,1,2
201831C096318,2,1,0,18,0,8,0,0,0,0,4,1,6,1,43,7,-1,-1,-1,-1,-1,-1
201831C096718,1,9,0,18,0,6,0,0,0,0,1,1,6,2,34,6,1598,2,1,2,1,2
201831C096718,2,9,0,18,0,8,0,0,0,0,1,1,6,1,24,5,1388,1,9,2,1,2
201831C097118,1,19,0,18,0,0,0,0,0,0,4,1,1,1,44,7,2143,2,4,5,3,5
201831C097318,1,9,0,18,0,8,0,0,0,0,1,1,6,1,20,4,1968,2,9,2,1,2
201831C097418,1,9,0,18,0,8,0,0,0,0,1,1,2,1,24,5,1199,1,17,1,1,1
201831C097418,2,9,0,9,0,5,0,0,0,0,4,1,2,2,44,7,1461,2,4,6,1,6
201831C098018,1,9,0,9,0,3,0,0,0,0,0,1,6,3,-1,-1,-1,-1,-1,-1,-1,-1
201831C098018,2,1,0,9,0,3,0,10,0,0,1,1,2,2,43,7,-1,-1,-1,1,1,1
201831C098118,1,9,0,18,0,1,0,0,0,0,1,1,6,1,53,8,1956,2,5,8,1,8
201831C098118,2,9,0,3,0,1,0,0,0,0,2,1,6,2,18,4,1242,1,9,3,1,3
201831C098918,1,9,0,18,0,8,0,0,0,0,1,1,2,2,55,8,1997,1,4,4,1,4
201831C098918,2,1,0,18,0,8,0,0,0,0,3,1,1,1,35,6,-1,-1,-1,7,1,7
201831C099118,1,9,0,18,0,0,5,10,0,0,4,1,6,2,25,5,1598,1,6,-1,-1,-1
201831C099118,2,9,0,2,0,0,0,0,0,0,3,1,6,3,-1,-1,1596,1,11,-1,-1,-1
201831C099218,1,9,0,18,0,0,0,0,0,0,1,1,6,3,-1,-1,-1,-1,-1,-1,-1,-1
201831C099618,1,9,0,16,0,0,0,4,1,0,1,1,6,1,28,6,1598,1,13,2,1,2
201831C099618,2,9,0,17,0,0,0,0,0,0,1,1,6,1,62,9,1596,1,6,1,1,1
201831C099618,3,19,0,2,9,0,0,0,0,0,4,1,6,3,-1,-1,1995,2,5,-1,-1,-1
201831C099718,1,9,0,18,0,8,0,0,0,0,1,1,6,2,38,7,-1,-1,-1,6,1,6
201831C099718,2,9,0,9,0,6,0,0,0,0,1,1,1,1,24,5,1560,2,5,5,1,5
201831C099818,1,9,0,18,0,1,0,0,0,0,1,1,6,3,-1,-1,-1,-1,-1,-1,-1,-1
201831C099818,2,9,0,3,0,1,0,0,0,0,2,1,6,2,41,7,1595,1,11,2,1,2
201831C100018,1,9,0,7,0,6,0,7,0,0,3,1,6,1,68,10,1560,2,6,5,1,5
201831C100118,1,1,0,18,0,6,0,0,0,0,3,1,6,1,16,4,-1,-1,-1,2,1,2
201831C100118,2,5,0,18,0,8,0,0,0,0,1,1,2,1,41,7,1237,1,8,1,1,1
201831C100618,1,1,0,18,0,0,0,0,0,0,1,1,6,1,18,4,-1,-1,-1,-1,-1,-1
201831C100718,1,22,0,18,9,0,0,0,0,0,1,1,6,3,-1,-1,-1,-1,-1,-1,-1,-1
201831C100918,1,9,0,18,0,8,0,0,0,0,1,1,6,1,29,6,2494,1,31,2,1,2
201831C100918,2,9,0,7,0,5,0,0,0,0,2,1,6,2,43,7,1560,2,6,2,1,2
201831C101818,1,21,1,18,0,0,0,0,0,0,1,1,1,1,42,7,12900,2,7,3,1,3
201831C101818,2,9,0,3,0,0,0,0,0,0,2,1,3,2,37,7,1968,2,2,2,1,2
201831C102018,1,9,0,9,0,6,0,0,0,0,1,1,6,1,62,9,1686,2,5,1,1,1
201831C102018,2,9,0,9,0,6,0,0,0,0,3,1,6,2,28,6,1796,1,11,1,1,1
201831C102118,1,9,0,9,0,5,0,0,0,0,1,1,6,1,36,7,1596,1,13,3,1,3
201831C102118,2,9,0,18,0,8,0,0,0,0,1,1,6,2,27,6,1360,1,11,5,1,5
201831C102218,1,19,0,11,0,0,0,0,0,0,1,1,6,1,31,6,1560,2,5,1,1,1
201831C102218,2,9,0,18,0,0,0,0,0,0,2,1,2,1,51,8,1796,1,24,10,1,10
201831C102818,1,9,0,9,0,5,0,0,0,0,1,1,6,1,41,7,1395,1,3,2,1,2
201831C102818,2,11,0,18,0,8,0,0,0,0,1,1,1,1,42,7,7300,2,9,1,1,1
201831C103118,1,9,0,12,0,2,0,0,0,0,1,2,1,1,59,9,1461,2,3,6,1,6
201831C103118,2,3,0,18,0,2,0,0,0,0,4,1,1,1,59,9,-1,-1,-1,2,1,2
201831C103218,1,9,0,18,0,0,0,0,0,0,2,1,6,1,43,7,1560,2,4,1,1,1
201831C103218,2,90,0,18,0,0,0,0,0,0,1,1,1,2,35,6,-1,-1,-1,3,1,3
201831C103218,3,9,0,18,0,0,0,0,0,0,1,1,6,1,25,5,1999,1,12,3,1,3
201831C103418,1,9,0,18,0,8,0,0,0,0,4,1,6,1,33,6,1199,1,14,-1,-1,-1
201831C103418,2,9,0,9,0,6,0,0,0,0,1,1,6,2,21,5,1242,1,4,2,1,2
201831C103618,1,9,0,18,0,1,0,0,0,0,1,1,6,1,21,5,1968,2,12,2,1,2
201831C103618,2,9,0,4,0,1,0,0,0,0,2,1,6,1,72,10,-1,-1,-1,3,1,3
201831C103918,1,9,0,4,0,0,0,0,0,0,1,1,6,1,68,10,1199,1,16,2,1,2
201831C103918,2,9,0,4,0,0,0,0,0,0,2,1,1,1,62,9,3456,8,-1,10,1,10
201831C104018,1,11,0,18,2,0,0,0,0,0,4,1,1,1,64,9,4461,2,5,3,1,3
201831C104118,1,9,0,4,0,0,0,4,1,10,1,1,6,2,71,10,1560,2,1,7,3,7
201831C104118,2,9,0,2,0,0,0,0,0,0,2,1,6,3,-1,-1,1956,2,4,-1,-1,-1
201831C104218,1,9,0,11,2,0,0,0,0,0,4,1,6,1,-1,-1,-1,-1,-1,7,1,7
201831C104218,2,11,0,18,2,0,0,0,0,0,3,1,1,1,33,6,9000,2,4,4,1,4
201831C104318,1,9,0,7,0,6,0,0,0,0,3,1,2,1,31,6,1498,1,1,3,1,3
201831C104318,2,1,0,18,0,1,0,0,1,0,1,1,2,2,56,9,-1,-1,-1,6,1,6
201831C104418,1,9,0,9,0,2,0,0,0,0,3,1,2,1,48,8,1598,1,4,3,1,3
201831C104418,2,5,0,13,0,8,0,0,0,0,1,1,2,1,28,6,-1,-1,-1,1,1,1
201831C105518,1,9,0,18,0,8,0,0,0,0,1,1,1,1,32,6,1968,2,4,2,1,2
201831C105518,2,9,0,7,0,6,0,0,0,0,1,1,1,1,26,6,1364,1,12,2,1,2
201831C105618,1,8,0,4,0,1,0,0,0,0,2,1,1,1,45,7,-1,-1,-1,1,1,1
201831C105618,2,1,0,3,0,5,0,0,0,0,1,1,2,1,28,6,-1,-1,-1,1,1,1
201831C105918,1,1,0,7,0,6,0,0,0,0,1,1,6,1,-1,-1,-1,-1,-1,-1,-1,-1
201831C105918,2,9,0,18,0,8,0,0,0,0,4,1,6,1,43,7,1797,8,3,3,1,3
201831C106018,1,9,0,9,0,5,0,0,0,0,1,1,6,1,67,10,1461,2,9,2,1,2
201831C106018,2,1,0,18,0,8,0,0,0,0,1,1,2,1,38,7,-1,-1,-1,2,1,2
201831C106418,1,5,0,13,0,8,2,0,0,0,1,1,2,1,29,6,599,1,15,6,1,6
201831C106418,2,9,0,9,0,6,0,0,0,0,3,1,2,1,21,5,999,1,1,1,1,1
201831C107618,1,9,0,3,0,1,0,0,0,0,2,1,6,1,34,6,1560,2,4,2,1,2
201831C107618,2,9,0,18,0,1,0,0,0,0,1,1,6,3,-1,-1,-1,-1,-1,-1,-1,-1
201831C107718,1,9,0,7,0,6,0,0,0,0,1,1,6,3,-1,-1,-1,-1,-1,-1,-1,-1
201831C107718,2,1,0,18,5,8,0,0,0,0,4,1,6,2,41,7,-1,-1,-1,1,1,1
201831C107818,1,9,0,18,0,1,0,0,0,0,1,1,6,1,-1,-1,1229,1,12,-1,-1,-1
201831C107818,2,9,0,3,0,1,0,0,0,0,2,1,6,1,53,8,1360,1,9,3,1,3
201831C108618,1,9,0,18,0,8,0,0,0,0,1,1,6,1,-1,-1,-1,-1,-1,-1,-1,-1
201831C108618,2,1,0,18,0,8,0,0,0,0,3,1,6,1,34,6,-1,-1,-1,3,1,3
201831C108818,1,9,0,13,0,0,0,0,0,0,4,1,6,1,19,4,1598,1,4,8,1,8
201831C108818,2,1,0,18,0,0,0,0,0,0,3,1,6,1,8,2,-1,-1,-1,-1,-1,-1
201831C108918,1,9,0,18,0,8,0,0,0,0,1,1,6,2,23,5,1686,2,7,-1,-1,-1
201831C108918,2,9,0,18,0,8,0,0,0,0,4,1,6,1,23,5,1398,1,-1,2,1,2