Accident_Index,Vehicle_Reference,Vehicle_Type,Towing_and_Articulation,Vehicle_Manoeuvre,Vehicle_Location-Restricted_Lane,Junction_Location,Skidding_and_Overturning,Hit_Object_in_Carriageway,Vehicle_Leaving_Carriageway,Hit_Object_off_Carriageway,1st_Point_of_Impact,Was_Vehicle_Left_Hand_Drive?,Journey_Purpose_of_Driver,Sex_of_Driver,Age_of_Driver,Age_Band_of_Driver,Engine_Capacity_(CC),Propulsion_Code,Age_of_Vehicle,Driver_IMD_Decile,Driver_Home_Area_Type,Vehicle_IMD_Decile
201831C109018,1,8,0,9,0,5,0,0,0,0,4,1,1,1,44,7,1560,2,4,3,1,3
201831C109018,2,9,0,18,0,8,0,0,0,0,1,1,6,1,30,6,2987,2,9,2,1,2
201831C109118,1,11,0,18,0,1,1,0,0,0,1,1,3,2,50,8,7300,2,17,1,1,1
201831C109118,2,9,0,7,0,5,0,4,1,0,2,1,1,2,35,6,1598,1,9,3,1,3
201831C109118,3,9,0,2,0,1,0,0,0,0,2,1,6,2,50,8,1794,1,14,2,1,2
201831C109918,1,8,0,18,0,8,0,0,0,0,3,1,1,1,39,7,1798,8,6,2,1,2
201831C111018,1,8,0,9,0,6,0,0,0,0,1,1,1,1,53,8,2700,2,16,5,1,5
201831C111018,2,1,0,18,4,8,0,0,0,0,4,1,1,1,26,6,-1,-1,-1,-1,-1,-1
201831C111618,1,9,0,18,0,8,0,0,0,0,1,1,6,1,44,7,1984,2,9,5,1,5
201831C111618,2,9,0,10,0,5,0,0,0,0,2,1,6,1,43,7,1560,2,9,1,1,1
201831C111818,1,11,0,18,0,0,0,0,0,0,0,1,1,1,36,7,9000,5,1,1,1,1
201831C111818,2,9,0,11,0,0,0,0,0,0,0,1,6,3,-1,-1,-1,-1,-1,-1,-1,-1
201831C112218,1,9,0,12,0,1,0,0,0,0,3,1,6,2,36,7,1995,2,4,8,1,8
201831C112218,2,9,0,18,0,1,0,0,0,0,4,1,1,1,33,6,1797,8,4,1,1,1
201831C112418,1,9,0,9,0,5,0,0,0,0,1,1,6,1,-1,-1,-1,-1,-1,1,1,1
201831C112418,2,1,0,18,0,8,0,0,0,0,1,1,6,1,16,4,-1,-1,-1,9,1,9
201831C112518,1,9,0,18,0,0,0,0,0,0,3,1,6,1,60,9,1798,1,14,1,1,1
201831C112518,2,1,0,18,0,0,0,0,0,0,3,1,6,1,13,3,-1,-1,-1,1,1,1
201831C112718,1,9,0,18,0,1,0,0,0,0,1,1,6,3,-1,-1,-1,-1,-1,-1,-1,-1
201831C112718,2,9,0,3,0,1,0,0,0,0,2,1,6,1,77,11,1995,2,-1,6,1,6
201831C112718,3,9,0,3,0,1,0,0,0,0,2,1,6,1,18,4,1950,2,2,9,1,9
201831C112818,1,9,0,12,0,8,0,0,0,0,3,1,6,2,44,7,1490,1,10,3,1,3
201831C112818,2,5,0,9,0,8,0,0,0,0,4,1,2,1,44,7,649,1,1,7,1,7
201831C112918,1,9,0,9,1,6,0,0,0,0,3,1,1,1,31,6,1997,2,15,2,1,2
201831C112918,2,18,0,18,1,8,0,0,0,0,1,1,1,1,58,9,-1,-1,-1,-1,-1,-1
201831C113018,1,19,0,18,0,8,0,0,0,0,1,1,1,1,47,8,1997,2,1,4,1,4
201831C113018,2,9,0,4,0,8,0,0,0,0,2,1,6,1,19,4,1149,1,14,2,1,2
201831C113218,1,9,0,9,0,6,0,0,0,0,3,1,6,2,25,5,1399,2,13,10,2,10
201831C113218,2,3,0,18,0,8,0,0,0,0,1,1,6,1,19,4,124,1,-1,1,1,1
201831C114118,1,11,0,4,0,1,0,0,0,0,0,1,6,1,56,9,9000,2,9,6,1,6
201831C114518,1,1,0,18,9,0,0,0,0,0,1,1,6,1,24,5,-1,-1,-1,1,1,1
201831C114818,1,9,0,18,0,0,0,0,0,0,1,1,6,1,-1,-1,-1,-1,-1,-1,-1,-1
201831C115218,1,9,0,18,0,1,0,0,0,0,1,1,1,1,28,6,1686,2,16,5,1,5
201831C115218,2,1,0,18,0,6,0,0,0,0,3,1,6,1,7,2,-1,-1,-1,5,1,5
201831C115918,1,9,0,18,0,0,0,0,0,0,1,1,6,1,-1,-1,-1,-1,-1,-1,-1,-1
201831C115918,2,3,0,18,0,0,0,0,0,0,2,1,6,2,25,5,125,1,-1,6,1,6
201831C116018,1,2,0,18,0,1,0,0,0,0,1,1,2,2,16,4,49,1,3,6,1,6
201831C116018,2,9,0,4,0,1,0,0,0,0,2,1,6,2,52,8,1598,1,2,-1,-1,-1
201831C116118,1,9,0,18,0,0,0,0,0,0,1,1,6,3,-1,-1,-1,-1,-1,-1,-1,-1
201831C116318,1,9,0,18,0,0,0,0,0,0,3,1,1,1,-1,-1,1598,2,-1,3,1,3
201831C116518,1,11,0,17,0,8,0,0,0,0,4,1,1,1,39,7,12419,2,6,4,1,4
201831C116518,2,1,0,17,0,8,0,0,0,0,3,1,6,1,37,7,-1,-1,-1,4,1,4
201831C117118,1,19,0,18,0,0,0,0,0,0,1,1,6,2,62,9,1896,2,10,10,2,10
201831C117118,2,9,0,18,0,0,0,0,0,0,1,1,2,1,42,7,1598,1,11,2,1,2
201831C117118,3,9,0,18,0,0,0,0,0,0,2,1,6,2,46,8,1000,1,5,4,1,4
201831C117218,1,20,0,9,0,6,0,0,0,0,3,1,1,1,64,9,4580,2,5,7,1,7
201831C117218,2,1,0,18,0,8,0,0,0,0,1,1,2,1,30,6,-1,-1,-1,1,1,1
201831C117318,1,21,1,18,0,0,0,0,0,0,1,1,1,1,47,8,10837,2,4,7,1,7
201831C117418,1,9,0,18,0,4,0,9,3,1,1,1,6,1,53,8,1997,2,8,1,1,1
201831C117718,1,9,0,18,0,0,0,0,0,0,1,1,6,3,-1,-1,-1,-1,-1,-1,-1,-1
201831C117718,2,9,0,18,0,0,0,0,0,0,2,1,6,1,-1,-1,1598,1,13,1,1,1
201831C117918,1,9,0,18,0,8,0,0,1,1,1,1,2,1,18,4,1388,1,9,1,1,1
201831C118018,1,9,0,7,0,5,0,0,0,0,1,1,6,2,26,6,1598,1,2,1,1,1
201831C118018,2,1,0,18,0,8,0,0,0,0,1,1,4,1,11,3,-1,-1,-1,1,1,1
201831C118118,1,11,0,4,2,0,0,0,0,0,4,1,1,1,50,8,6374,2,6,2,1,2
201831C118218,1,11,0,4,0,2,0,0,0,0,0,1,1,1,40,7,9000,2,3,1,1,1
201831C118518,1,9,0,18,0,0,0,0,0,0,4,1,6,1,55,8,2993,2,3,9,1,9
201831C118818,1,11,0,3,2,0,0,0,0,0,0,1,1,1,67,10,-1,3,4,3,1,3
201831C118918,1,11,0,5,0,2,0,0,0,0,0,1,6,2,53,8,-1,-1,-1,1,1,1
201831C119018,1,1,0,18,5,8,0,0,0,0,1,1,2,1,37,7,-1,-1,-1,2,1,2
201831C119018,2,19,0,7,0,8,0,0,0,0,4,1,2,1,40,7,1896,2,11,9,1,9
201831C119118,1,9,0,18,0,0,0,0,7,1,1,1,6,1,28,6,1781,1,18,4,1,4
201831C119218,1,9,0,18,0,0,0,0,0,0,1,1,6,3,-1,-1,-1,-1,-1,-1,-1,-1
201831C119418,1,9,0,18,0,0,0,0,0,0,1,1,6,3,-1,-1,-1,-1,-1,-1,-1,-1
201831C119418,2,1,0,5,0,0,0,0,0,0,1,1,6,1,20,4,-1,-1,-1,-1,-1,-1
201831C119518,1,1,0,18,0,0,1,0,0,0,1,1,6,1,61,9,-1,-1,-1,4,1,4
201831C119618,1,11,0,18,0,1,0,0,0,0,1,1,1,1,33,6,4250,2,17,2,1,2
201831C119818,1,9,0,18,0,1,0,0,0,0,4,1,2,1,26,6,1799,1,7,5,1,5
201831C120518,1,9,0,18,0,1,0,0,0,0,1,1,6,3,-1,-1,-1,-1,-1,-1,-1,-1
201831C120518,2,9,0,18,0,1,0,0,0,0,1,1,6,2,53,8,1242,1,4,3,1,3
201831C120518,3,9,0,4,0,1,0,0,0,0,2,1,6,2,30,6,1242,1,10,4,1,4
201831C120918,1,9,0,18,0,0,0,0,0,0,1,1,2,1,23,5,1390,1,9,1,1,1
201831C120918,2,9,0,4,0,0,0,0,0,0,2,1,2,1,19,4,1199,1,15,2,1,2
201831C121218,1,11,0,18,0,0,0,0,0,0,4,1,1,1,53,8,6696,2,5,2,1,2
201831C121318,1,9,0,18,0,0,1,0,0,0,3,1,6,1,47,8,1679,1,18,4,1,4
201831C121318,2,9,0,18,0,0,0,0,0,0,4,1,6,1,22,5,2143,2,2,8,1,8
201831C121418,1,9,0,9,0,6,0,0,0,0,0,1,6,2,20,4,1242,1,9,6,1,6
201831C121418,2,5,0,3,0,8,0,0,0,0,4,1,6,1,32,6,929,1,17,10,1,10
201831C121518,1,3,0,18,0,0,0,4,0,0,1,1,6,1,20,4,125,1,1,-1,-1,-1
201831C121518,2,19,0,2,0,0,0,0,0,0,2,1,6,3,-1,-1,2198,2,4,-1,-1,-1
201831C121718,1,11,0,9,0,5,0,0,0,0,1,1,6,1,25,5,9000,2,7,6,1,6
201831C122018,1,11,0,18,0,1,0,0,0,0,1,1,1,1,19,4,9000,2,10,6,1,6
201831C122418,1,9,0,13,0,2,0,0,0,0,4,1,6,2,27,6,1086,1,10,4,1,4
201831C122418,2,1,0,18,0,2,0,0,0,0,3,1,6,1,29,6,-1,-1,-1,1,1,1
201831C122518,1,9,0,7,0,6,0,0,0,0,3,1,6,2,44,7,1560,2,10,8,1,8
201831C122518,2,9,0,18,0,8,0,0,0,0,1,1,6,1,31,6,1388,1,12,2,1,2
201831C122618,1,9,0,7,0,5,0,0,0,0,4,1,3,1,45,7,1910,2,10,1,1,1
201831C122618,2,1,0,18,2,8,1,10,0,0,1,1,1,2,45,7,-1,-1,-1,3,2,3
201831C122818,1,8,0,4,0,1,0,0,0,0,2,1,1,1,40,7,1598,2,2,1,1,1
201831C122818,2,19,0,18,0,1,0,0,0,0,1,1,1,1,-1,-1,2143,2,4,3,1,3
201831C123118,1,9,0,13,0,0,1,0,0,0,1,1,6,1,38,7,1598,2,1,2,1,2
201831C123118,2,9,0,18,0,0,0,0,0,0,2,1,6,1,35,6,1950,2,2,7,1,7
201831C123118,3,9,0,18,0,0,0,0,0,0,1,1,6,1,36,7,998,1,14,1,1,1
201831C123118,4,9,0,18,0,0,0,0,0,0,3,1,6,1,19,4,1998,2,9,9,1,9
201831C123118,5,9,0,18,0,0,0,0,0,0,3,1,6,1,25,5,1995,2,12,-1,-1,-1
201831C123118,6,9,0,18,0,0,0,0,0,0,3,1,6,1,-1,-1,1598,2,2,-1,-1,-1
201831C123118,7,20,0,2,0,0,0,0,0,0,2,1,6,3,-1,-1,-1,-1,-1,-1,-1,-1
201831C123718,1,9,0,9,0,5,0,0,0,0,4,1,6,3,-1,-1,1896,2,10,-1,-1,-1
201831C123718,2,9,0,18,0,8,0,0,0,0,1,1,6,1,26,6,1248,2,10,7,2,7
201831C123818,1,8,0,18,0,8,0,0,0,0,3,1,1,1,55,8,1968,2,6,3,1,3
201831C123818,2,9,0,18,0,1,0,0,0,0,1,1,6,1,24,5,1781,1,16,-1,-1,-1
201831C123918,1,9,0,18,0,1,0,0,0,0,3,1,6,3,-1,-1,-1,-1,-1,-1,-1,-1
201831C124118,1,9,0,12,0,0,0,10,1,1,1,1,6,1,26,6,1242,1,9,-1,1,-1
201831C125118,1,9,0,18,0,1,0,0,0,0,1,1,6,3,-1,-1,-1,-1,-1,-1,-1,-1
201831C125118,2,9,0,4,0,1,0,0,0,0,2,1,6,2,27,6,998,1,16,2,1,2
201831C125218,1,9,0,12,0,1,0,0,0,0,3,1,2,2,33,6,1461,2,1,-1,-1,-1
201831C125218,2,9,0,18,0,1,0,0,0,0,4,1,2,2,60,9,2143,2,6,10,3,10
201831C125718,1,90,0,18,0,1,0,0,0,0,1,1,6,3,-1,-1,-1,-1,-1,-1,-1,-1
201831C125718,2,9,0,3,0,4,0,0,0,0,2,1,6,1,29,6,1240,1,13,7,1,7
201831C126018,1,9,0,3,0,0,0,0,0,0,2,1,6,1,27,6,1199,1,16,1,1,1
201831C126018,2,9,0,18,0,0,0,0,0,0,1,1,6,1,37,7,1968,2,10,2,1,2
201831C126118,1,3,0,18,0,0,1,0,0,0,3,1,2,1,18,4,124,1,9,8,1,8
201831C126818,1,9,0,9,0,5,0,0,0,0,3,1,1,1,37,7,1598,2,7,1,1,1
201831C126818,2,3,0,13,0,8,0,0,0,0,1,1,6,1,29,6,124,1,5,1,1,1
201831C127218,1,9,0,18,0,0,0,0,0,0,1,1,6,1,37,7,1995,2,16,1,1,1
201831C127718,1,9,0,18,0,6,0,0,0,0,1,1,2,2,33,6,1199,2,7,6,1,6
201831C127718,2,9,0,18,0,8,0,0,1,2,1,1,3,2,25,5,1390,1,12,3,1,3
201831C128018,1,11,0,18,0,1,0,0,0,0,1,1,1,1,47,8,12742,2,1,2,1,2
201831C128018,2,9,0,5,0,1,0,0,0,0,2,1,6,1,48,8,-1,-1,-1,9,1,9
201831C128118,1,9,0,6,0,0,0,7,2,2,1,1,6,2,37,7,1364,2,9,2,1,2
201831C128218,1,9,0,9,0,6,0,0,0,0,1,1,6,2,80,11,-1,-1,-1,-1,-1,-1
201831C128218,2,1,0,18,2,8,0,0,0,0,4,1,6,2,59,9,-1,-1,-1,1,1,1
201831C128418,1,9,0,9,0,5,0,0,0,0,1,1,1,2,25,5,1248,2,1,5,3,5
201831C128418,2,9,0,18,0,8,0,0,0,0,1,1,6,2,56,9,1986,2,12,3,1,3
201831C128618,1,19,0,18,0,0,0,0,0,0,1,1,2,1,24,5,1753,2,11,8,1,8
201831C128618,2,9,0,18,0,0,0,0,0,0,1,1,2,2,51,8,998,1,7,-1,-1,-1
201831C128618,3,9,0,18,0,0,0,0,0,0,3,1,2,2,33,6,-1,-1,-1,7,1,7
201831C128618,4,8,0,18,0,0,0,0,0,0,2,1,6,1,49,8,-1,-1,-1,3,1,3
201831C128618,5,9,0,18,0,0,0,0,0,0,2,1,2,2,25,5,1598,1,12,9,1,9
201831C128718,1,9,0,18,0,1,0,0,0,0,1,1,6,1,-1,-1,998,1,6,1,1,1
201831C128718,2,9,0,4,0,1,0,0,0,0,2,1,6,1,28,6,1598,2,4,9,1,9
201831C128818,1,11,0,4,0,2,0,0,0,0,0,1,1,1,45,7,9000,2,4,1,1,1
201831C129018,1,9,0,7,0,4,0,0,0,0,1,1,6,1,54,8,1596,1,13,8,1,8
201831C129018,2,1,0,18,0,8,0,0,0,0,4,1,6,1,24,5,-1,-1,-1,6,1,6
201831C129218,1,9,0,7,0,3,0,0,0,0,1,1,6,2,68,10,1461,2,2,9,1,9
201831C129618,1,9,0,18,0,1,0,0,0,0,1,1,3,2,32,6,2993,2,6,5,1,5
201831C129618,2,9,0,3,0,1,0,0,0,0,2,1,6,2,29,6,1398,1,7,5,1,5
201831C129918,1,9,0,18,0,1,0,0,0,0,1,1,6,3,-1,-1,-1,-1,-1,-1,-1,-1
201831C130218,1,9,0,12,0,0,0,0,0,0,1,1,6,1,24,5,1242,1,13,1,1,1
201831C130418,1,9,0,12,0,0,0,0,0,0,1,1,1,1,35,6,1598,2,-1,2,1,2
201831C130418,2,5,0,13,0,0,0,0,0,0,4,1,6,1,66,10,1202,1,4,10,1,10
201831C130918,1,9,0,18,0,1,0,0,0,0,1,1,6,1,28,6,1560,2,9,1,1,1
201831C130918,2,19,0,3,0,1,0,0,0,0,2,1,1,2,23,5,-1,3,1,2,1,2
201831C131018,1,9,0,18,0,6,0,0,0,0,3,1,6,2,30,6,1596,1,11,9,2,9
201831C131018,2,1,0,18,0,6,0,0,0,0,1,1,6,1,22,5,-1,-1,-1,4,1,4
201831C131318,1,11,0,11,2,5,0,0,0,0,1,1,6,1,45,7,7300,2,9,8,2,8
201831C131418,1,9,0,18,0,4,0,0,0,0,1,1,6,2,44,7,1200,1,2,-1,-1,-1
201831C131418,2,9,0,4,0,4,0,0,0,0,2,1,6,2,39,7,1968,2,6,5,1,5
201831C131618,1,9,0,18,0,8,0,0,0,0,1,1,6,1,26,6,999,1,-1,4,1,4
201831C131618,2,9,0,18,0,8,0,0,0,0,3,1,1,1,41,7,1360,1,12,5,1,5
201831C131818,1,9,0,18,0,2,0,0,0,0,1,1,6,1,45,7,1242,1,12,1,1,1
201831C132318,1,3,0,17,0,1,1,0,1,2,1,1,6,1,44,7,124,1,7,2,1,2
201831C133318,1,9,0,18,0,0,0,0,1,4,1,1,6,2,65,9,999,1,3,2,1,2
201831C133318,2,9,0,18,0,0,0,0,0,0,2,1,6,1,58,9,1496,1,1,6,1,6
201831C133518,1,2,0,18,0,3,1,0,0,0,1,1,6,2,23,5,49,1,6,1,1,1
201831C133518,2,9,0,18,0,1,0,0,0,0,1,1,6,1,44,7,1968,2,9,10,1,10
201831C134218,1,21,0,18,0,0,0,0,0,0,1,1,1,1,-1,-1,5880,2,13,1,1,1
201831C134218,2,9,0,3,0,0,0,0,0,0,2,1,6,1,55,8,1998,2,11,1,1,1
201831C134318,1,8,0,1,0,0,0,0,0,0,2,1,6,3,-1,-1,-1,-1,-1,-1,-1,-1
201831C134418,1,11,0,4,0,0,0,0,0,0,0,1,1,1,61,9,9000,2,4,2,1,2
201831C134618,1,9,0,12,0,8,0,0,0,0,3,1,2,2,55,8,1984,1,3,10,3,10
201831C134618,2,9,0,9,0,8,0,0,0,0,4,1,2,2,28,6,1398,1,3,1,1,1
201831C134818,1,9,0,18,0,0,0,0,0,0,1,1,6,2,-1,-1,1242,1,8,1,1,1
201831C134818,2,9,0,3,0,0,0,0,0,0,2,1,6,2,26,6,999,1,4,6,1,6
201831C134818,3,9,0,3,0,0,0,0,0,0,2,1,6,2,-1,-1,2231,2,8,-1,-1,-1
201831C135418,1,11,0,3,0,2,0,0,0,0,0,1,1,1,51,8,9000,2,15,8,1,8
201831C135518,1,9,0,9,0,6,0,0,0,0,1,1,6,3,-1,-1,-1,-1,-1,-1,-1,-1
201831C135518,2,9,0,18,0,8,0,0,0,0,3,1,2,1,20,4,1598,1,14,4,1,4
201831C135618,1,11,0,4,0,0,0,0,0,0,4,1,1,1,45,7,-1,-1,-1,1,1,1
201831C135818,1,1,0,18,1,0,0,0,0,0,1,1,6,1,57,9,-1,-1,-1,-1,-1,-1
201831C136118,1,9,0,7,0,8,0,0,0,0,1,1,6,2,33,6,1242,1,4,1,1,1
201831C136118,2,1,0,18,0,8,0,0,0,0,4,1,6,1,30,6,-1,-1,-1,-1,-1,-1
201831C136218,1,9,0,13,2,2,0,0,0,0,2,1,2,1,23,5,1998,1,1,7,3,7
201831C136218,2,1,0,18,2,2,0,0,0,0,1,1,6,1,42,7,-1,-1,-1,8,1,8
201831C136318,1,1,0,18,0,0,0,0,0,0,3,1,6,1,11,3,-1,-1,-1,1,1,1
201831C136318,2,9,0,18,0,0,0,0,0,0,1,1,6,1,55,8,1587,1,10,10,3,10
201831C136518,1,9,0,18,0,0,0,7,0,0,1,1,2,2,59,9,1685,2,8,4,1,4
201831C136818,1,1,0,13,0,1,0,0,0,0,4,1,6,3,-1,-1,-1,-1,-1,-1,-1,-1
201831C136818,2,1,0,18,0,1,0,0,0,0,3,1,6,1,57,9,-1,-1,-1,3,1,3
201831C136918,1,9,0,9,0,5,0,0,0,0,1,1,6,1,63,9,2143,2,6,3,1,3
201831C136918,2,9,0,18,0,8,0,0,0,0,3,1,6,1,24,5,2148,2,10,6,1,6
201831C137018,1,9,0,18,0,1,0,0,0,0,1,1,6,1,54,8,1956,2,6,2,1,2
201831C137018,2,9,0,3,0,1,0,0,0,0,2,1,6,1,48,8,998,1,5,2,1,2
201831C137018,3,9,0,8,0,1,0,0,0,0,2,1,6,1,30,6,1560,2,9,5,1,5
201831C137118,1,9,0,18,0,5,0,0,1,11,1,1,6,2,25,5,1390,1,10,1,1,1
201831C137218,1,9,0,2,0,1,0,0,0,0,3,1,1,1,46,8,1896,2,17,3,1,3
201831C137218,2,1,0,14,0,1,0,0,0,0,1,1,1,1,25,5,-1,-1,-1,-1,-1,-1
201831C137318,1,1,0,18,0,0,0,0,0,0,1,1,6,1,9,2,-1,-1,-1,1,1,1
201831C137318,2,9,0,18,0,0,0,0,0,0,3,1,6,1,33,6,1390,1,7,1,1,1
201831C137518,1,9,0,9,0,8,1,0,0,0,4,1,6,1,53,8,1560,2,8,2,1,2
201831C137518,2,9,0,18,0,8,1,0,0,0,1,1,6,1,24,5,2979,1,4,5,1,5
201831C137618,1,8,0,9,0,1,0,0,0,0,1,1,1,1,65,9,2499,2,10,3,1,3
201831C137618,2,3,0,10,0,1,0,0,0,0,2,1,6,1,48,8,125,1,-1,7,1,7
201831C138118,1,9,0,9,0,8,0,0,0,0,1,1,6,1,48,8,1364,1,4,1,1,1
201831C138118,2,1,0,18,0,8,0,0,0,0,3,1,6,1,51,8,-1,-1,-1,4,1,4
201831C138218,1,5,0,18,0,1,0,0,0,0,1,1,6,1,24,5,645,1,8,2,1,2
201831C138218,2,9,0,9,0,5,0,0,0,0,2,1,6,1,38,7,1995,2,11,5,1,5
201831C138618,1,9,0,9,0,5,0,0,0,0,4,1,2,2,65,9,1198,1,6,2,1,2
201831C138618,2,2,0,18,0,8,0,0,0,0,1,1,6,1,27,6,-1,-1,-1,1,1,1
201831C139118,1,9,0,18,0,1,0,0,0,0,1,1,6,1,23,5,1200,1,-1,5,1,5
201831C139118,2,9,0,4,0,1,0,0,0,0,2,1,6,1,36,7,1229,1,6,2,1,2
201831C139518,1,9,0,18,0,0,0,0,0,0,1,1,2,2,34,6,1296,1,10,5,1,5
201831C139518,2,9,0,3,0,0,0,0,0,0,2,1,6,2,36,7,1796,1,14,2,1,2
201831C139518,3,9,0,3,0,0,0,0,0,0,2,1,6,1,83,11,1969,2,2,5,1,5
201831C139618,1,9,0,18,0,3,0,0,0,0,2,1,6,3,-1,-1,1388,1,9,-1,-1,-1
201831C139618,2,90,0,18,0,3,0,0,0,0,1,1,6,1,19,4,-1,-1,-1,5,1,5
201831C139918,1,19,0,9,0,5,0,0,0,0,4,1,2,1,44,7,1995,2,-1,-1,-1,-1
201831C139918,2,1,0,18,0,1,0,0,0,0,1,1,6,1,61,9,-1,-1,-1,8,1,8
201831C140118,1,21,0,9,1,5,0,0,0,0,4,1,1,1,62,9,9290,2,-1,6,1,6
201831C140118,2,18,0,17,1,8,0,0,0,0,1,1,1,1,32,6,-1,-1,-1,5,1,5
201831C140318,1,9,0,9,0,8,0,0,0,0,4,1,6,2,29,6,1398,1,2,2,1,2
201831C140318,2,9,0,18,0,4,0,0,0,0,1,1,6,2,47,8,1364,1,4,1,1,1
201831C140618,1,8,0,9,0,5,0,0,0,0,1,1,6,1,-1,-1,2000,2,7,5,1,5
201831C140618,2,1,0,18,0,8,0,0,0,0,2,1,6,1,11,3,-1,-1,-1,1,1,1
201831C140718,1,11,0,4,0,4,0,0,0,0,0,1,1,1,-1,-1,-1,-1,-1,-1,-1,-1
201831C141218,1,11,0,2,3,0,0,0,0,0,0,1,1,1,58,9,9000,2,4,1,1,1
201831C141818,1,9,0,18,0,8,0,0,0,0,1,1,6,1,37,7,1229,1,10,2,1,2
201831C141918,1,9,0,9,0,5,0,0,0,0,1,1,6,2,64,9,1229,1,12,-1,-1,-1
201831C141918,2,2,0,18,0,8,5,4,0,0,1,1,6,1,24,5,124,1,17,2,1,2
201831C141918,3,9,0,2,0,2,0,0,0,0,2,1,6,2,40,7,1461,2,3,7,1,7
201831C142418,1,9,0,18,5,0,0,0,1,2,1,1,1,1,66,10,1240,1,9,10,2,10
201831C142518,1,9,0,9,0,4,0,0,0,0,1,1,6,1,-1,-1,1248,2,10,2,1,2
201831C142518,2,9,0,7,0,4,0,0,0,0,4,1,6,2,36,7,1329,1,8,3,1,3
201831C142818,1,9,0,18,9,2,0,0,1,3,1,1,6,1,51,8,1591,1,1,1,1,1
201831C142818,2,90,0,2,0,2,0,0,0,0,2,1,6,3,-1,-1,-1,-1,-1,-1,-1,-1
201831C143018,1,9,0,5,0,1,0,0,0,0,1,1,6,2,28,6,1956,2,7,1,1,1
201831C143018,2,9,0,3,0,1,0,0,0,0,2,1,6,2,32,6,998,1,15,3,1,3
201831C143818,1,9,0,9,0,6,0,0,0,0,1,1,6,3,-1,-1,-1,-1,-1,-1,-1,-1
201831C143818,2,1,0,18,0,8,0,0,0,0,4,1,6,2,30,6,-1,-1,-1,2,1,2
201831C144018,1,9,0,7,0,4,0,0,0,0,3,1,6,1,78,11,-1,-1,-1,2,1,2
201831C144018,2,3,0,18,0,8,0,0,0,0,1,1,6,1,32,6,124,1,19,6,1,6
201831C144218,1,19,0,18,0,3,0,0,0,0,1,1,6,1,-1,-1,-1,-1,-1,-1,-1,-1
201831C144218,2,9,0,3,0,2,0,0,0,0,2,1,6,2,40,7,1199,1,16,9,1,9
201831C144718,1,9,0,14,0,8,0,0,0,0,1,1,6,1,22,5,1461,2,13,2,1,2
201831C144718,2,8,0,18,0,8,0,0,0,0,4,1,1,1,35,6,1968,2,4,2,1,2
201831C144918,1,9,0,18,0,7,0,0,0,0,1,1,6,1,75,10,1997,2,1,10,1,10
201831C144918,2,21,1,18,0,7,0,0,0,0,2,1,1,1,61,9,12777,2,7,7,3,7
201831C145318,1,11,0,18,0,3,0,0,0,0,0,1,1,1,61,9,-1,-1,-1,2,1,2
201831C145618,1,9,0,18,0,0,0,0,0,0,1,1,6,1,-1,-1,1968,2,11,6,1,6
201831C145618,2,9,0,18,0,0,0,0,0,0,2,1,6,1,20,4,999,1,5,5,2,5
201831C145618,3,9,0,18,0,0,0,0,0,0,2,1,6,1,-1,-1,1998,2,4,1,1,1
201831C146418,1,9,0,1,0,0,0,4,7,2,2,1,6,2,85,11,-1,-1,-1,4,1,4
201831C146418,2,9,0,2,0,0,0,0,0,0,1,1,6,3,-1,-1,1596,1,10,-1,-1,-1
201831C146418,3,9,0,2,0,0,0,0,0,0,1,1,6,3,-1,-1,1242,1,12,-1,-1,-1
201831C146618,1,21,0,18,0,2,0,0,0,0,0,1,6,1,-1,-1,-1,-1,-1,-1,-1,-1
201831C146618,2,11,0,18,0,2,0,0,0,0,0,1,1,1,53,8,-1,-1,-1,4,1,4
201831C148118,1,9,0,18,0,6,0,0,0,0,3,1,6,2,-1,-1,1598,2,-1,-1,-1,-1
201831C148118,2,1,0,17,0,8,0,0,0,0,4,1,2,1,30,6,-1,-1,-1,8,1,8
201831C148218,1,9,0,18,0,0,0,0,0,0,4,1,6,1,22,5,1248,2,10,2,1,2
201831C148218,2,9,0,18,0,0,0,0,1,6,3,1,6,2,25,5,998,1,-1,9,1,9
201831C148418,1,9,0,18,0,8,0,0,0,0,1,1,6,1,49,8,-1,-1,-1,10,1,10
201831C148418,2,9,0,9,0,5,0,0,0,0,1,1,6,1,26,6,-1,-1,-1,10,1,10
201831C148718,1,11,0,18,0,2,0,0,0,0,1,1,1,1,27,6,9000,2,14,10,1,10
201831C148718,2,9,0,4,0,2,0,0,0,0,2,1,6,1,-1,-1,2179,2,6,2,1,2
201831C149018,1,9,0,1,0,0,0,0,0,0,2,1,6,1,-1,-1,1998,1,12,-1,-1,-1
201831C149018,2,9,0,3,0,0,0,0,0,0,1,1,6,2,27,6,1242,1,14,1,1,1
201831C149018,3,9,0,3,0,0,0,0,0,0,1,1,6,2,57,9,1149,1,10,1,1,1
201831C149318,1,9,0,17,0,1,0,0,0,0,1,1,2,1,19,4,1984,1,-1,6,1,6
201831C149318,2,1,0,16,0,2,0,0,0,0,1,1,2,1,35,6,-1,-1,-1,6,1,6
201831C149718,1,9,0,9,0,6,0,0,0,0,1,1,6,1,27,6,1598,2,5,2,1,2
201831C149718,2,9,0,18,0,8,0,0,0,0,4,1,2,2,26,6,998,1,15,1,1,1
201831C149818,1,9,0,9,0,5,1,7,4,0,1,1,6,1,51,8,-1,-1,-1,10,3,10