Accident_Index,Vehicle_Reference,Vehicle_Type,Towing_and_Articulation,Vehicle_Manoeuvre,Vehicle_Location-Restricted_Lane,Junction_Location,Skidding_and_Overturning,Hit_Object_in_Carriageway,Vehicle_Leaving_Carriageway,Hit_Object_off_Carriageway,1st_Point_of_Impact,Was_Vehicle_Left_Hand_Drive?,Journey_Purpose_of_Driver,Sex_of_Driver,Age_of_Driver,Age_Band_of_Driver,Engine_Capacity_(CC),Propulsion_Code,Age_of_Vehicle,Driver_IMD_Decile,Driver_Home_Area_Type,Vehicle_IMD_Decile
201831C149818,2,19,0,18,0,8,0,0,0,0,3,1,1,1,40,7,2299,2,6,3,1,3
201831C149918,1,9,0,18,0,0,5,7,0,0,1,1,6,1,24,5,1968,2,13,1,1,1
201831C151018,1,9,0,7,0,6,0,0,0,0,3,1,6,2,61,9,999,1,1,-1,-1,-1
201831C151018,2,19,0,18,0,8,0,0,0,0,1,1,6,1,66,10,1753,2,12,3,1,3
201831C151518,1,9,0,18,0,1,0,0,0,0,1,1,6,2,29,6,1124,1,18,2,1,2
201831C151618,1,11,0,18,0,1,0,0,0,0,1,1,1,2,38,7,9000,5,-1,1,1,1
201831C152018,1,9,0,18,0,1,0,0,0,0,1,1,6,1,-1,-1,-1,-1,-1,-1,-1,-1
201831C152018,2,1,0,11,0,1,0,0,0,0,2,1,6,1,25,5,-1,-1,-1,3,1,3
201831C152118,1,9,0,18,0,8,0,0,0,0,1,1,2,1,33,6,1896,2,11,3,1,3
201831C152318,1,9,0,3,0,1,0,0,0,0,4,1,1,2,31,6,1598,1,15,-1,-1,-1
201831C152318,2,1,0,18,9,1,0,0,0,0,1,1,6,1,49,8,-1,-1,-1,2,1,2
201831C152418,1,9,0,7,0,6,0,0,5,6,1,1,6,2,19,4,-1,-1,-1,2,1,2
201831C152618,1,19,0,7,0,6,0,0,0,0,1,1,1,3,-1,-1,-1,-1,-1,-1,-1,-1
201831C152618,2,1,0,18,0,8,0,0,0,0,4,1,6,2,28,6,-1,-1,-1,7,1,7
201831C153718,1,20,4,9,0,6,0,0,0,0,1,1,1,1,53,8,4500,2,2,5,1,5
201831C153718,2,5,0,18,0,8,0,0,0,0,4,1,6,1,49,8,1298,1,15,8,1,8
201831C154218,1,9,0,9,0,5,0,0,0,0,4,1,6,1,32,6,1461,2,7,2,1,2
201831C154218,2,9,0,18,0,8,0,0,0,0,1,1,6,2,62,9,1560,2,3,9,1,9
201831C154618,1,9,0,16,0,2,0,0,0,0,1,1,6,1,-1,-1,-1,-1,-1,-1,-1,-1
201831C154818,1,9,0,7,0,6,0,0,0,0,1,1,6,2,33,6,998,1,6,1,1,1
201831C154818,2,8,0,18,0,8,0,0,0,0,1,1,1,1,-1,-1,2402,2,15,3,1,3
201831C155218,1,9,0,18,0,8,0,0,0,0,1,1,1,1,20,4,998,1,3,1,1,1
201831C155218,2,9,0,3,0,8,0,0,0,0,2,1,1,2,42,7,1560,2,5,-1,-1,-1
201831C155218,3,9,0,3,0,8,0,0,0,0,2,1,1,2,41,7,-1,-1,-1,-1,-1,-1
201831C155618,1,9,0,9,0,8,0,0,0,0,1,1,6,1,69,10,1984,1,2,10,1,10
201831C155618,2,9,0,9,0,8,0,0,0,0,1,1,6,1,28,6,1910,2,13,6,2,6
201831C155818,1,11,0,4,0,2,0,0,0,0,0,1,1,2,20,4,-1,-1,-1,5,1,5
201831C155918,1,11,0,5,0,1,0,0,0,0,0,1,1,1,57,9,9000,2,3,1,1,1
201831C156318,1,11,0,18,0,0,0,0,0,0,0,1,1,3,-1,-1,4249,2,3,3,1,3
201831C156418,1,9,0,18,0,1,0,0,0,0,1,1,6,2,35,6,2996,1,10,7,1,7
201831C156418,2,9,0,10,0,1,0,0,0,0,2,1,6,2,38,7,1995,2,2,5,1,5
201831C156618,1,9,0,14,0,2,0,0,0,0,4,1,6,1,18,4,1995,2,4,1,1,1
201831C156618,2,11,0,2,0,2,0,0,0,0,0,1,1,1,48,8,-1,-1,-1,1,1,1
201831C156818,1,9,0,18,0,4,0,0,0,0,3,1,6,2,26,6,1975,1,13,1,1,1
201831C156818,2,19,0,11,0,4,0,0,0,0,4,1,6,1,30,6,1753,2,12,7,1,7
201831C157218,1,3,0,18,0,1,0,0,0,0,1,1,2,1,49,8,125,1,1,1,1,1
201831C157218,2,9,0,4,0,4,0,0,0,0,2,1,6,2,62,9,1299,1,11,7,1,7
201831C157418,1,9,0,18,0,1,0,0,0,0,1,1,6,2,41,7,1986,2,11,3,1,3
201831C157418,2,9,0,3,0,1,0,0,0,0,2,1,6,2,35,6,1364,1,-1,5,1,5
201831C157818,1,9,0,9,0,5,0,0,1,11,1,1,3,2,34,6,2993,2,3,3,1,3
201831C157818,2,4,0,18,0,8,0,0,0,0,1,1,6,1,30,6,-1,-1,-1,7,1,7
201831C157918,1,9,0,18,0,0,0,0,0,0,1,1,3,2,35,6,1339,8,10,3,1,3
201831C158018,1,9,0,18,0,0,0,0,7,11,1,1,2,1,35,6,1364,2,13,2,1,2
201831C158118,1,9,0,9,0,8,0,0,0,0,3,1,6,1,44,7,1956,2,8,2,1,2
201831C158118,2,9,0,14,0,8,0,0,0,0,1,1,6,2,18,4,1240,1,14,5,2,5
201831C158318,1,9,0,18,0,8,0,0,0,0,1,1,6,3,-1,-1,1998,1,14,-1,-1,-1
201831C158318,2,9,0,3,0,8,0,0,0,0,3,1,6,1,54,8,1598,1,8,2,1,2
201831C158418,1,19,0,15,0,0,0,0,0,0,3,1,6,1,58,9,2143,2,8,2,2,2
201831C158418,2,9,0,14,0,0,0,0,0,0,4,1,6,1,43,7,2198,2,5,1,1,1
201831C158918,1,9,0,18,0,0,0,0,0,0,1,1,6,1,28,6,2143,2,1,9,1,9
201831C159218,1,8,0,18,0,1,0,0,0,0,0,1,6,3,-1,-1,-1,-1,-1,-1,-1,-1
201831C159218,2,1,0,18,0,1,0,0,0,0,1,1,6,1,30,6,-1,-1,-1,3,1,3
201831C159518,1,9,0,18,0,1,0,0,0,0,1,1,6,1,40,7,-1,-1,-1,1,1,1
201831C159518,2,9,0,4,0,1,0,0,0,0,2,1,2,1,53,8,1910,2,11,1,1,1
201831C159718,1,9,0,4,0,0,0,0,0,0,2,1,6,2,31,6,1560,2,9,1,1,1
201831C159718,2,19,0,18,0,0,0,0,0,0,1,1,1,2,59,9,-1,-1,-1,1,1,1
201831C159718,3,9,0,18,0,0,0,0,0,0,1,1,6,2,29,6,1398,2,6,6,1,6
201831C160118,1,9,0,18,0,3,0,0,0,0,1,1,6,3,-1,-1,-1,-1,-1,-1,-1,-1
201831C160118,2,9,0,3,0,2,0,0,0,0,2,1,6,2,35,6,1560,2,11,1,1,1
201831C160118,3,19,0,3,0,2,0,0,0,0,2,1,6,1,44,7,1998,2,17,1,1,1
201831C160918,1,1,0,18,0,1,0,0,0,0,1,1,6,1,50,8,-1,-1,-1,7,1,7
201831C160918,2,9,0,4,0,1,0,0,0,0,2,1,6,1,67,10,1398,1,5,9,1,9
201831C161218,1,9,0,18,2,8,0,0,1,11,1,1,1,1,34,6,1990,1,25,2,1,2
201831C161218,2,9,0,9,0,5,0,0,0,0,4,1,1,2,39,7,1600,1,13,8,1,8
201831C162718,1,5,0,18,0,1,0,0,0,0,1,1,2,1,46,8,750,1,19,8,1,8
201831C162718,2,9,0,4,0,1,0,0,0,0,2,1,2,1,63,9,1299,1,15,2,1,2
201831C163118,1,9,0,18,0,0,5,0,7,11,1,1,6,1,26,6,2656,1,15,2,1,2
201831C163618,1,9,0,18,0,2,0,0,0,0,1,1,6,1,67,10,1560,2,6,1,1,1
201831C163618,2,1,0,18,0,2,5,0,0,0,3,1,6,1,8,2,-1,-1,-1,-1,-1,-1
201831C163718,1,9,0,18,0,1,0,0,0,0,1,1,6,3,-1,-1,1598,2,1,-1,-1,-1
201831C163718,2,9,0,3,0,4,0,0,0,0,2,1,2,2,58,9,2000,2,13,5,1,5
201831C163918,1,9,0,18,0,6,0,0,0,0,1,1,6,3,-1,-1,-1,-1,-1,-1,-1,-1
201831C163918,2,9,0,9,0,5,0,0,0,0,3,1,6,2,22,5,1497,8,1,1,1,1
201831C164018,1,9,0,18,0,0,0,0,0,0,1,1,6,3,-1,-1,1968,2,12,-1,-1,-1
201831C164018,2,9,0,12,0,0,0,10,1,0,2,1,6,2,40,7,1395,1,-1,9,1,9
201831C164018,3,9,0,18,0,0,0,0,0,0,2,1,6,1,71,10,1896,2,15,-1,-1,-1
201831C164218,1,21,0,18,0,1,0,0,0,0,1,1,1,1,52,8,10677,2,1,7,1,7
201831C164218,2,8,0,4,0,1,0,0,0,0,2,1,1,1,46,8,1797,8,9,2,1,2
201831C164318,1,9,0,18,9,0,0,0,0,0,1,1,6,3,-1,-1,-1,-1,-1,-1,-1,-1
201831C164918,1,19,0,18,0,0,0,0,0,0,4,1,1,1,48,8,1560,2,4,5,2,5
201831C164918,2,1,0,18,0,0,0,0,0,0,1,1,6,1,12,3,-1,-1,-1,3,1,3
201831C165118,1,11,0,5,0,1,0,0,0,0,1,1,1,1,35,6,-1,-1,-1,3,2,3
201831C165218,1,3,0,18,0,0,0,0,0,0,1,1,1,1,19,4,124,1,9,2,1,2
201831C165218,2,9,0,5,0,0,0,0,0,0,2,1,6,2,36,7,973,1,16,9,1,9
201831C165318,1,9,0,3,0,1,0,0,0,0,2,1,6,2,55,8,999,1,1,4,1,4
201831C165318,2,9,0,3,0,1,0,0,0,0,2,1,6,2,32,6,1197,1,1,3,1,3
201831C165318,3,9,0,18,0,1,0,0,0,0,1,1,6,1,26,6,1995,2,6,3,1,3
201831C165518,1,18,0,3,1,0,0,0,0,0,0,1,1,3,-1,-1,-1,-1,-1,-1,-1,-1
201831C165518,2,22,0,18,0,0,0,0,0,0,0,1,6,3,-1,-1,-1,-1,-1,-1,-1,-1
201831C166018,1,3,0,14,0,1,0,0,0,0,4,1,6,1,19,4,124,1,2,4,1,4
201831C166018,2,19,0,5,0,1,0,0,0,0,3,1,1,1,56,9,2402,2,6,7,2,7
201831C166118,1,9,0,5,0,6,0,0,0,0,4,1,6,1,73,10,1242,1,12,1,1,1
201831C166118,2,9,0,18,0,8,0,0,0,0,1,1,6,2,38,7,1560,2,6,5,1,5
201831C166618,1,9,0,4,0,0,0,0,0,0,2,1,6,2,31,6,1968,2,9,3,1,3
201831C166618,2,9,0,18,0,0,0,0,0,0,1,1,6,1,24,5,1390,1,15,9,1,9
201831C166718,1,9,0,18,0,0,0,0,0,0,3,1,6,1,50,8,1796,1,9,1,1,1
201831C166918,1,9,0,18,0,1,0,0,0,0,4,1,6,1,-1,-1,999,1,-1,-1,-1,-1
201831C166918,2,1,0,3,0,1,0,0,0,0,3,1,6,1,29,6,-1,-1,-1,1,1,1
201831C167218,1,9,0,1,0,0,0,0,0,0,2,1,6,2,21,5,1896,2,11,4,1,4
201831C167218,2,9,0,3,0,0,0,0,0,0,1,1,2,1,48,8,998,1,16,2,1,2
201831C167318,1,1,0,18,0,1,0,0,0,0,1,1,6,1,34,6,-1,-1,-1,4,1,4
201831C167318,2,9,0,4,0,1,0,0,0,0,4,1,6,2,41,7,899,1,5,3,1,3
201831C167418,1,9,0,7,0,6,0,0,0,0,3,1,6,2,24,5,1398,1,-1,1,1,1
201831C167418,2,9,0,18,0,8,0,0,0,0,1,1,6,2,59,9,1368,1,2,8,2,8
201831C167718,1,9,0,11,0,8,0,0,0,0,4,1,6,1,26,6,1363,2,13,-1,-1,-1
201831C167718,2,8,0,18,0,8,0,0,0,0,2,1,1,1,51,8,1998,1,8,-1,-1,-1
201831C167918,1,9,0,18,0,8,0,0,0,0,1,1,6,3,-1,-1,1999,1,14,-1,-1,-1
201831C167918,2,9,0,9,0,6,1,0,0,0,4,1,6,1,41,7,1587,1,18,1,1,1
201831C168018,1,3,0,13,0,8,0,0,0,0,4,1,2,1,20,4,125,1,2,6,1,6
201831C168018,2,9,0,9,0,5,0,0,0,0,3,1,6,1,29,6,1596,1,4,2,1,2
201831C168818,1,9,0,9,0,5,0,0,0,0,4,1,6,1,28,6,1229,1,14,9,3,9
201831C168818,2,1,0,18,0,8,0,0,0,0,1,1,2,1,33,6,-1,-1,-1,10,1,10
201831C169018,1,9,0,9,0,5,0,0,0,0,0,1,6,2,-1,-1,998,1,5,1,1,1
201831C169018,2,11,0,18,0,1,0,0,0,0,0,1,1,1,54,8,4461,2,5,1,1,1
201831C169118,1,8,0,18,0,2,0,0,0,0,4,1,1,1,61,9,1995,2,5,4,1,4
201831C169418,1,9,0,18,0,0,0,0,0,0,1,1,6,1,65,9,1586,1,1,2,1,2
201831C169418,2,9,0,3,0,0,0,0,0,0,2,1,6,1,60,9,1689,2,18,6,1,6
201831C169418,3,9,0,3,0,0,0,0,0,0,2,1,6,1,81,11,1398,1,12,9,1,9
201831C169518,1,9,0,6,0,0,0,0,0,0,3,1,6,1,53,8,1753,2,17,5,1,5
201831C169518,2,5,0,18,0,0,0,0,0,0,1,1,6,1,60,9,1157,1,13,2,1,2
201831C169718,1,9,0,4,0,1,0,0,0,0,0,1,6,3,-1,-1,-1,-1,-1,-1,-1,-1
201831C169718,2,11,0,4,0,1,0,0,0,0,0,1,1,2,50,8,9000,2,4,2,1,2
201831C169818,1,9,0,18,0,1,0,0,0,0,1,1,6,3,-1,-1,-1,-1,-1,-1,-1,-1
201831C169818,2,9,0,10,0,1,0,0,0,0,2,1,6,2,39,7,1998,8,-1,9,1,9
201831C169918,1,9,0,18,0,0,0,0,1,4,1,1,6,1,40,7,1995,2,10,2,1,2
201831C170018,1,9,0,18,0,0,0,0,0,0,1,1,6,3,-1,-1,-1,-1,-1,-1,-1,-1
201831C170018,2,8,0,18,0,0,0,0,0,0,2,1,1,1,51,8,1797,8,5,2,1,2
201831C170218,1,9,0,6,0,0,0,4,1,10,1,1,6,1,71,10,1399,1,1,3,1,3
201831C170218,2,9,0,2,0,0,0,0,0,0,3,1,6,3,-1,-1,1398,1,1,-1,-1,-1
201831C171218,1,9,0,9,0,6,0,0,0,0,1,1,6,2,34,6,1587,1,12,3,1,3
201831C171418,1,9,0,11,0,0,0,0,0,0,1,1,6,2,48,8,1360,1,16,1,1,1
201831C171418,2,9,0,18,0,0,0,0,0,0,2,1,6,2,24,5,1598,1,12,3,1,3
201831C171618,1,9,0,1,0,1,0,0,0,0,2,1,6,3,-1,-1,-1,-1,-1,-1,-1,-1
201831C171618,2,9,0,3,0,1,0,0,0,0,1,1,6,1,31,6,1796,1,12,1,1,1
201831C172318,1,11,0,7,0,8,0,0,0,0,0,1,1,1,61,9,4250,2,6,2,1,2
201831C172618,1,9,0,18,0,0,5,7,0,0,1,1,6,2,22,5,998,1,4,3,1,3
201831C172818,1,9,0,14,0,8,0,0,0,0,4,1,6,2,50,8,1896,2,12,3,1,3
201831C172818,2,19,0,9,0,6,0,0,0,0,1,1,6,1,37,7,1587,1,7,4,1,4
201831C173018,1,9,0,5,0,6,0,0,0,0,1,1,6,1,18,4,1398,2,7,1,1,1
201831C173018,2,9,0,18,0,8,0,0,0,0,3,1,6,2,28,6,1242,1,14,2,1,2
201831C173218,1,9,0,11,0,0,0,0,0,0,1,1,2,2,28,6,1200,1,3,7,2,7
201831C174118,1,9,0,18,0,8,0,0,0,0,1,1,1,1,30,6,1560,2,3,2,1,2
201831C174118,2,9,0,18,0,8,0,0,1,10,4,1,6,2,19,4,1199,1,13,2,1,2
201831C174418,1,19,0,3,0,1,0,0,0,0,2,1,6,1,50,8,1997,2,7,1,1,1
201831C174418,2,1,0,18,0,1,0,0,0,0,1,1,6,1,34,6,-1,-1,-1,3,1,3
201831C174618,1,9,0,18,0,0,0,0,0,0,1,1,6,1,49,8,1998,2,12,2,1,2
201831C174618,2,9,0,18,0,0,0,0,0,0,2,1,6,2,46,8,1997,2,11,3,1,3
201831C174618,3,8,0,18,0,0,0,0,0,0,2,1,1,1,38,7,2499,2,11,2,1,2
201831C174918,1,9,0,1,0,6,0,0,0,0,4,1,6,2,-1,-1,-1,-1,-1,-1,-1,-1
201831C174918,2,2,0,18,0,8,0,0,0,0,1,1,6,2,47,8,-1,-1,-1,2,1,2
201831C175018,1,19,0,9,0,6,0,0,0,0,3,1,6,3,-1,-1,-1,-1,-1,-1,-1,-1
201831C175218,1,19,0,1,0,0,0,0,0,0,2,1,6,1,31,6,2198,2,3,4,1,4
201831C176518,1,8,0,1,0,0,0,0,0,0,2,1,1,1,23,5,1998,2,10,5,1,5
201831C176718,1,11,0,4,0,0,0,0,0,0,0,1,1,1,59,9,6374,2,6,2,1,2
201831C176818,1,9,0,9,0,1,0,0,0,0,3,1,6,1,70,10,-1,-1,-1,-1,-1,-1
201831C176818,2,9,0,18,0,1,0,0,7,4,1,1,6,2,31,6,1396,1,5,1,1,1
201831C176918,1,11,0,7,0,6,0,0,0,0,0,1,1,1,34,6,-1,2,10,4,1,4
201831C177018,1,9,0,18,0,0,0,0,0,0,1,1,6,1,31,6,4395,1,3,-1,-1,-1
201831C177118,1,9,0,18,0,2,0,0,0,0,1,1,6,2,32,6,1799,1,9,5,1,5
201831C177518,1,9,0,7,0,5,0,0,0,0,1,1,1,2,35,6,999,1,10,5,1,5
201831C177818,1,9,0,9,0,6,0,0,0,0,1,1,6,3,-1,-1,1598,1,10,-1,-1,-1
201831C177818,2,9,0,2,0,5,0,0,0,0,3,1,6,2,21,5,1995,2,8,2,1,2
201831C178818,1,9,0,18,0,1,0,0,0,0,1,1,6,2,-1,-1,2143,2,1,3,1,3
201831C178818,2,9,0,3,0,1,0,0,0,0,2,1,2,2,46,8,-1,-1,-1,10,1,10
201831C178918,1,9,0,10,0,8,0,0,0,0,2,1,6,2,49,8,1870,2,12,2,1,2
201831C178918,2,9,0,18,0,1,0,0,0,0,1,1,6,1,22,5,1590,1,13,8,1,8
201831C180018,1,11,0,18,0,1,0,0,0,0,0,1,6,1,36,7,9000,2,3,9,3,9
201831C180018,2,21,1,4,0,1,0,0,0,0,0,1,1,1,58,9,4500,2,1,3,1,3
201831C180218,1,9,0,7,0,6,0,0,0,0,0,1,6,3,-1,-1,-1,-1,-1,-1,-1,-1
201831C180218,2,1,0,18,0,1,0,0,0,0,1,1,6,2,46,8,-1,-1,-1,6,1,6
201831C180318,1,1,0,18,0,1,0,0,1,1,1,1,6,1,48,8,-1,-1,-1,-1,-1,-1
201831C180518,1,9,0,3,0,1,0,0,0,0,1,1,6,1,49,8,1968,2,4,8,1,8
201831C180518,2,9,0,4,0,1,0,0,0,0,2,1,6,1,45,7,2231,2,12,3,1,3
201831C180718,1,9,0,18,0,2,0,0,0,0,1,1,6,1,40,7,1197,1,5,3,1,3
201831C181118,1,9,0,18,0,2,0,0,0,0,1,1,1,1,32,6,1368,1,8,5,1,5
201831C181318,1,9,0,18,0,8,0,0,0,0,3,1,2,1,28,6,4395,1,-1,7,1,7
201831C181318,2,9,0,9,0,8,0,0,0,0,1,1,2,2,26,6,1349,1,5,2,1,2
201831C181518,1,9,0,7,0,6,0,0,0,0,4,1,6,2,-1,-1,-1,-1,-1,-1,-1,-1
201831C181518,2,1,0,18,0,8,0,0,0,0,1,1,4,1,12,3,-1,-1,-1,3,1,3
201831C181618,1,9,0,5,0,0,0,0,0,0,1,1,1,3,-1,-1,1998,1,16,-1,-1,-1
201831C181618,2,9,0,2,0,0,0,0,0,0,2,1,1,1,56,9,1794,1,18,1,1,1
201831C181718,1,20,0,11,0,0,0,0,0,0,4,1,6,1,-1,-1,6692,2,9,-1,-1,-1
201831C181718,2,9,0,12,0,0,0,0,0,0,3,1,6,2,29,6,1798,1,1,4,1,4
201831C182018,1,9,0,18,0,1,0,0,0,0,1,1,6,1,-1,-1,1299,1,14,7,1,7
201831C182018,2,9,0,3,0,1,0,0,0,0,2,1,6,2,58,9,998,1,18,4,1,4
201831C182318,1,9,0,17,0,0,0,0,0,0,1,1,6,1,67,10,1149,1,3,5,1,5
201831C182418,1,8,0,18,0,8,0,0,0,0,1,1,1,1,27,6,1995,2,5,1,1,1
201831C182418,2,9,0,9,0,6,0,0,0,0,1,1,6,1,24,5,1995,2,2,6,3,6
201831C182518,1,9,0,18,0,0,0,0,0,0,1,1,6,3,-1,-1,-1,-1,-1,-1,-1,-1
201831C182518,2,10,0,18,0,0,0,0,0,0,2,1,6,1,43,7,2198,2,3,7,1,7
201831C182618,1,9,0,9,0,6,0,0,0,0,1,1,2,1,49,8,-1,-1,-1,1,1,1
201831C182618,2,9,0,18,0,8,0,0,0,0,4,1,2,1,56,9,1590,1,14,2,1,2
201831C182818,1,9,0,18,0,1,0,0,0,0,1,1,6,3,-1,-1,-1,-1,-1,-1,-1,-1
201831C183118,1,9,0,6,0,2,0,0,0,0,3,1,6,2,22,5,1198,1,8,8,1,8
201831C183118,2,1,0,18,0,2,0,0,0,0,1,1,6,1,30,6,-1,-1,-1,4,1,4
201831C183418,1,19,0,12,0,0,0,0,0,0,1,1,2,1,-1,-1,9290,2,-1,-1,-1,-1
201831C183418,2,9,0,18,0,0,0,0,0,0,4,1,6,2,29,6,1600,1,7,2,1,2
201831C184218,1,3,0,9,0,6,0,0,0,0,3,1,6,1,18,4,125,1,1,1,1,1
201831C184218,2,8,0,18,0,8,0,0,0,0,1,1,1,1,26,6,1797,8,8,1,1,1
201831C184618,1,3,0,18,0,1,1,0,0,0,1,1,2,1,24,5,125,1,1,1,1,1
201831C184618,2,19,0,4,0,1,0,0,0,0,2,1,6,3,-1,-1,1998,2,12,-1,-1,-1
201831C185118,1,9,0,4,0,1,0,0,0,0,1,1,6,2,20,4,1229,1,7,9,1,9
201831C185118,2,9,0,5,0,1,0,0,0,0,2,1,2,2,50,8,1596,1,9,7,1,7
201831C185318,1,9,0,18,0,8,0,0,0,0,1,1,6,2,19,4,1598,1,5,10,2,10
201831C185518,1,9,0,6,0,0,0,0,0,0,1,1,6,1,47,8,1587,1,18,1,1,1
201831C185518,2,9,0,18,0,0,0,0,1,0,3,1,6,1,20,4,-1,-1,-1,1,1,1
201831C185618,1,21,1,18,0,0,0,0,0,0,3,1,1,1,62,9,11967,2,6,6,2,6
201831C185618,2,9,0,11,0,0,0,0,0,0,4,1,2,2,30,6,1229,1,11,5,1,5
201831C185718,1,9,0,14,0,2,0,4,0,0,4,1,6,2,36,7,1086,1,10,2,1,2
201831C185718,2,19,0,2,0,2,0,0,0,0,3,1,6,1,47,8,1998,2,17,-1,-1,-1
201831C185918,1,11,0,5,0,1,0,0,0,0,1,1,1,1,34,6,4461,2,5,2,1,2
201831C186218,1,11,0,18,0,0,0,0,0,0,0,1,1,1,19,4,-1,-1,-1,1,1,1
201831C186418,1,9,0,18,0,4,0,0,0,0,0,1,6,3,-1,-1,-1,-1,-1,-1,-1,-1
201831C186418,2,11,0,18,0,8,0,0,0,0,0,1,6,1,33,6,-1,-1,-1,1,1,1
201831C186618,1,9,0,9,0,6,0,0,0,0,4,1,6,3,-1,-1,-1,-1,-1,-1,-1,-1
201831C186718,1,8,0,18,0,2,0,0,0,0,1,1,1,1,33,6,1995,2,7,3,1,3
201831C187518,1,9,0,2,6,0,0,0,0,0,2,1,6,1,33,6,2987,2,7,8,1,8
201831C187518,2,19,0,5,6,0,0,4,0,0,2,1,6,3,-1,-1,-1,-1,-1,-1,-1,-1
201831C187618,1,9,0,11,0,1,0,0,0,0,4,1,6,1,-1,-1,1149,1,10,-1,-1,-1
201831C187618,2,9,0,18,0,1,0,0,0,0,3,1,6,2,28,6,998,1,7,2,1,2
201831C187918,1,1,0,18,0,0,0,0,0,0,4,1,6,1,14,3,-1,-1,-1,1,1,1
201831C188218,1,9,0,18,0,8,0,0,0,0,1,1,6,3,-1,-1,-1,-1,-1,-1,-1,-1
201831C188518,1,19,0,9,0,5,0,0,0,0,3,1,6,1,33,6,2198,2,3,-1,-1,-1
201831C188518,2,9,0,13,0,8,0,0,0,0,4,1,6,1,21,5,1461,2,2,10,1,10
201831C188618,1,9,0,18,0,8,0,0,0,0,1,1,6,1,24,5,-1,-1,-1,-1,-1,-1
201831C188618,2,5,0,10,0,6,0,0,0,0,1,1,6,1,26,6,599,1,19,2,1,2
201831C189618,1,9,0,13,0,1,0,0,0,0,1,1,6,1,41,7,2143,2,3,1,1,1
201831C189618,2,9,0,7,0,6,0,0,0,0,1,1,6,2,39,7,1998,8,3,1,1,1
201831C189618,3,9,0,18,0,1,0,0,0,0,3,1,6,1,41,7,1498,1,2,1,1,1
201831C189718,1,9,0,9,0,4,0,0,0,0,1,1,6,1,51,8,1586,1,3,8,1,8
201831C189718,2,1,0,18,0,8,0,0,0,0,1,1,2,1,54,8,-1,-1,-1,4,1,4
201831C189818,1,9,0,4,0,1,1,0,0,0,1,2,6,1,28,6,5300,1,18,2,1,2
201831C189818,2,3,0,3,0,1,0,0,0,0,2,1,1,1,47,8,125,1,3,2,1,2
201831C190518,1,9,0,18,0,8,0,0,0,0,1,1,6,2,-1,-1,-1,-1,-1,-1,-1,-1
201831C190718,1,11,0,3,0,2,0,0,0,0,2,1,1,3,-1,-1,6370,2,6,-1,-1,-1
201831C190718,2,11,0,18,0,2,0,0,0,0,1,1,1,1,-1,-1,9000,2,4,1,1,1
201831C191018,1,9,0,18,0,8,0,0,0,0,1,1,6,1,35,6,1108,1,17,3,1,3
201831C191018,2,8,0,18,0,8,0,0,0,0,1,1,1,1,-1,-1,1797,8,5,3,1,3
201831C191218,1,9,0,9,0,6,0,0,0,0,1,1,6,2,24,5,1368,1,-1,10,1,10
201831C191218,2,9,0,18,0,8,0,0,0,0,4,1,1,1,67,10,2488,1,-1,5,1,5
201831C191318,1,9,0,18,0,1,0,0,0,0,1,1,6,2,47,8,2099,1,13,1,1,1
201831C191318,2,9,0,3,0,1,0,0,0,0,2,1,6,2,33,6,998,1,15,1,1,1
201831C192318,1,11,0,18,0,1,0,0,0,0,1,1,1,1,41,7,9000,2,14,1,1,1
201831C192418,1,9,0,18,0,6,0,0,0,0,1,1,6,3,-1,-1,1896,2,10,-1,-1,-1
201831C192418,2,8,0,18,0,8,0,0,1,11,3,1,1,1,42,7,1598,2,5,1,1,1
201831C193118,1,9,0,18,0,0,1,0,0,0,1,1,6,1,38,7,1799,1,10,5,1,5
201831C193118,2,8,0,18,0,0,0,0,0,0,2,1,1,1,49,8,2402,2,13,5,1,5
201831C193118,3,8,0,18,0,0,0,0,0,0,3,1,1,1,24,5,2402,2,16,1,1,1
201831C193618,1,9,0,18,0,0,0,0,1,0,4,1,6,3,-1,-1,-1,-1,-1,-1,-1,-1
201831C193618,2,1,0,18,0,0,0,0,0,0,4,1,6,1,47,8,-1,-1,-1,3,1,3
201831C193918,1,21,1,7,1,8,0,0,0,0,4,1,1,1,56,9,12902,2,2,9,3,9
201831C193918,2,18,0,18,1,8,0,0,0,0,1,1,1,1,46,8,-1,-1,-1,1,1,1
201831C194418,1,9,0,18,0,6,0,0,0,0,1,1,6,1,-1,-1,1198,1,13,-1,-1,-1
201831C194418,2,9,0,18,0,8,0,0,0,0,4,1,6,1,23,5,1248,1,-1,7,3,7
201831C194518,1,9,0,18,0,8,0,0,1,10,1,1,6,2,34,6,1229,1,11,1,1,1
201831C195218,1,19,0,13,0,0,0,0,0,0,4,1,1,1,43,7,1995,2,10,4,1,4
201831C195218,2,11,0,5,0,0,0,0,0,0,3,1,1,1,51,8,9000,5,1,8,1,8
201831C195518,1,8,0,18,0,8,0,0,0,0,1,1,6,1,-1,-1,1995,2,6,-1,-1,-1
201831C195518,2,1,0,7,0,6,0,0,0,0,1,1,6,2,19,4,-1,-1,-1,3,1,3
201831C195618,1,9,0,12,0,8,0,0,0,0,3,1,6,3,-1,-1,-1,-1,-1,-1,-1,-1