Accident_Index,Vehicle_Reference,Vehicle_Type,Towing_and_Articulation,Vehicle_Manoeuvre,Vehicle_Location-Restricted_Lane,Junction_Location,Skidding_and_Overturning,Hit_Object_in_Carriageway,Vehicle_Leaving_Carriageway,Hit_Object_off_Carriageway,1st_Point_of_Impact,Was_Vehicle_Left_Hand_Drive?,Journey_Purpose_of_Driver,Sex_of_Driver,Age_of_Driver,Age_Band_of_Driver,Engine_Capacity_(CC),Propulsion_Code,Age_of_Vehicle,Driver_IMD_Decile,Driver_Home_Area_Type,Vehicle_IMD_Decile
201831C195618,2,9,0,18,0,8,0,0,0,0,4,1,6,1,25,5,1997,2,16,5,1,5
201831C195718,1,11,0,18,0,1,0,0,0,0,0,1,1,1,41,7,9000,2,4,4,1,4
201831C196418,1,9,0,18,0,1,0,0,0,0,1,1,6,3,-1,-1,1598,1,13,-1,-1,-1
201831C196418,2,9,0,12,0,1,0,0,0,0,4,1,6,1,49,8,1598,1,12,6,1,6
201831C197018,1,1,0,18,0,8,0,0,0,0,1,1,6,3,-1,-1,-1,-1,-1,-1,-1,-1
201831C197318,1,9,0,7,0,4,0,0,0,0,1,1,1,1,33,6,1595,1,8,1,1,1
201831C197318,2,9,0,18,0,8,0,0,0,0,4,1,1,2,30,6,-1,-1,-1,5,1,5
201831C197418,1,9,0,9,0,5,0,0,0,0,4,1,6,2,27,6,1560,2,5,9,3,9
201831C197418,2,9,0,18,0,8,0,0,0,0,1,1,6,2,34,6,-1,-1,-1,9,1,9
201831C197618,1,8,0,18,0,0,0,0,0,0,1,1,1,1,39,7,1497,8,10,2,1,2
201831C197718,1,9,0,18,0,6,0,0,0,0,1,1,2,2,32,6,1968,2,8,2,1,2
201831C197718,2,9,0,18,0,8,0,0,0,0,3,1,2,2,43,7,1200,1,6,7,1,7
201831C197818,1,1,0,18,0,0,0,0,0,0,1,1,1,1,41,7,-1,-1,-1,1,1,1
201831C198118,1,9,0,18,0,2,0,0,0,0,1,1,6,2,21,5,1598,1,12,4,1,4
201831C198118,2,3,0,18,0,1,0,0,0,0,1,1,6,1,37,7,124,1,7,4,1,4
201831C198318,1,9,0,11,0,1,0,0,0,0,1,1,6,1,32,6,1968,2,5,4,1,4
201831C198318,2,9,0,7,0,5,0,0,0,0,4,1,6,1,20,4,998,1,3,10,1,10
201831C198418,1,9,0,18,0,1,0,0,0,0,1,1,6,3,-1,-1,-1,-1,-1,-1,-1,-1
201831C198418,2,9,0,4,0,1,0,0,0,0,2,1,6,2,46,8,1956,2,3,2,1,2
201831C198518,1,9,0,17,0,0,0,0,1,10,1,1,6,1,23,5,1560,2,13,2,1,2
201831C198818,1,9,0,7,0,6,0,0,0,0,1,1,6,1,80,11,2148,2,13,1,1,1
201831C198818,2,1,0,18,0,1,0,0,0,0,4,1,6,1,48,8,-1,-1,-1,2,1,2
201831C199118,1,9,0,18,0,8,0,0,0,0,3,1,6,3,-1,-1,1781,1,17,-1,-1,-1
201831C199118,2,9,0,18,0,6,0,0,0,0,1,1,6,2,46,8,1590,1,14,2,1,2
201831C199518,1,9,0,9,0,6,0,0,0,0,1,1,6,2,29,6,3189,1,12,5,1,5
201831C199518,2,9,0,18,0,8,0,0,0,0,4,1,1,1,55,8,1598,2,5,5,1,5
201831C199718,1,9,0,18,0,2,0,4,0,0,1,1,6,1,59,9,1995,2,13,3,1,3
201831C199718,2,9,0,2,0,2,0,0,0,0,2,1,6,1,44,7,-1,-1,-1,8,1,8
201831C199718,3,19,0,2,0,2,0,0,0,0,2,1,6,3,-1,-1,2198,2,5,-1,-1,-1
201831C199918,1,9,0,18,0,0,0,0,1,11,1,1,6,1,21,5,1995,2,7,2,2,2
201831C200218,1,9,0,7,0,6,0,0,0,0,1,1,1,1,-1,-1,-1,-1,-1,1,1,1
201831C200218,2,2,0,18,0,8,0,0,0,0,4,1,6,1,37,7,124,1,2,2,1,2
201831C200518,1,9,0,18,0,1,1,4,0,0,1,1,6,1,22,5,2171,2,16,-1,-1,-1
201831C200518,2,9,0,2,0,2,0,0,0,0,3,1,6,3,-1,-1,1398,1,3,-1,-1,-1
201831C200518,3,9,0,18,0,1,0,0,0,0,1,1,6,1,57,9,2720,2,10,1,1,1
201831C200518,4,9,0,2,0,2,0,0,0,0,3,1,6,1,-1,-1,1364,1,-1,-1,-1,-1
201831C200518,5,9,0,2,0,2,0,0,0,0,3,1,6,3,-1,-1,1998,2,12,-1,-1,-1
201831C200518,6,9,0,18,0,2,0,0,0,0,0,1,6,1,-1,-1,2400,2,2,-1,-1,-1
201831C200618,1,9,0,18,0,6,0,0,0,0,1,1,6,1,22,5,-1,-1,-1,3,1,3
201831C200618,2,3,0,18,0,8,1,0,0,0,4,1,1,1,24,5,125,1,1,2,1,2
201831C200718,1,9,0,18,0,0,0,0,0,0,1,1,1,1,38,7,1198,1,2,4,1,4
201831C200718,2,9,0,18,0,0,0,0,0,0,2,1,1,1,23,5,998,1,5,2,1,2
201831C201118,1,9,0,18,0,1,0,0,0,0,1,1,2,2,35,6,1198,1,5,6,1,6
201831C201118,2,9,0,10,0,5,0,0,0,0,2,1,6,1,49,8,999,1,1,2,1,2
201831C201318,1,9,0,5,0,2,0,0,0,0,1,1,3,2,19,4,1388,1,14,1,1,1
201831C201518,1,9,0,1,0,0,0,0,0,0,2,1,6,1,27,6,1896,2,16,2,1,2
201831C201518,2,9,0,3,0,0,0,0,0,0,1,1,6,2,59,9,1591,1,2,1,1,1
201831C201618,1,9,0,1,9,6,0,0,0,0,2,1,6,1,-1,-1,1794,1,14,-1,-1,-1
201831C201918,1,9,0,18,0,0,0,0,0,0,1,1,1,2,47,8,1968,2,4,10,1,10
201831C201918,2,9,0,4,0,0,0,0,0,0,2,1,6,1,53,8,2148,2,11,5,1,5
201831C201918,3,9,0,4,0,0,0,0,0,0,2,1,6,1,54,8,1798,8,1,9,1,9
201831C202018,1,9,0,9,0,5,0,0,0,0,1,1,6,2,42,7,1329,1,9,10,1,10
201831C202018,2,4,0,15,0,1,0,0,0,0,3,1,6,1,20,4,471,1,1,5,1,5
201831C202618,1,19,0,18,0,8,0,0,0,0,1,1,1,1,49,8,1248,2,4,5,1,5
201831C202618,2,1,0,18,0,8,0,0,0,0,4,1,1,1,39,7,-1,-1,-1,6,1,6
201831C203318,1,8,0,18,0,0,0,0,0,0,3,1,1,1,60,9,1791,8,7,3,1,3
201831C203918,1,11,0,3,0,0,0,0,0,0,4,1,1,1,50,8,9000,2,4,1,1,1
201831C204318,1,9,0,13,0,0,0,0,0,0,1,1,6,1,20,4,1199,1,15,2,1,2
201831C204318,2,1,0,18,0,0,0,0,0,0,3,1,6,1,44,7,-1,-1,-1,1,1,1
201831C204418,1,9,0,3,0,2,0,0,0,0,2,1,2,2,24,5,1364,1,8,1,1,1
201831C204418,2,9,0,18,0,2,0,0,0,0,1,1,6,1,-1,-1,1124,1,11,-1,-1,-1
201831C204618,1,9,0,2,0,1,0,0,0,0,3,1,6,1,82,11,1560,2,9,6,1,6
201831C204618,2,1,0,14,0,1,0,4,0,0,1,1,6,2,71,10,-1,-1,-1,3,1,3
201831C205118,1,9,0,18,0,4,0,0,0,0,1,1,6,3,-1,-1,-1,-1,-1,-1,-1,-1
201831C205118,2,1,0,18,0,8,0,0,0,0,2,1,1,2,35,6,-1,-1,-1,8,1,8
201831C205618,1,9,0,18,0,0,0,0,0,0,1,1,6,1,-1,-1,1968,2,1,10,1,10
201831C205618,2,9,0,3,0,0,0,0,0,0,2,1,2,2,19,4,1086,1,8,10,1,10
201831C206118,1,9,0,18,0,1,0,0,0,0,1,1,6,2,30,6,1198,1,6,2,1,2
201831C206118,2,9,0,18,0,1,0,0,0,0,2,1,6,1,34,6,-1,-1,-1,4,1,4
201831C206218,1,9,0,14,0,0,0,0,0,0,0,1,6,2,35,6,-1,-1,-1,1,1,1
201831C206218,2,9,0,2,0,0,0,0,1,0,0,1,6,3,-1,-1,1910,2,11,-1,-1,-1
201831C206318,1,1,0,18,0,6,0,0,0,0,1,1,1,1,27,6,-1,-1,-1,1,1,1
201831C206318,2,9,0,7,0,5,0,0,0,0,1,1,6,2,20,4,998,1,10,3,1,3
201831C206418,1,2,0,9,0,6,0,0,0,0,1,1,6,1,16,4,49,1,5,8,1,8
201831C206418,2,9,0,18,0,8,0,0,0,0,1,1,6,1,53,8,1998,2,11,1,1,1
201831C206518,1,11,0,4,0,8,0,0,0,0,0,1,1,1,30,6,9000,2,4,1,1,1
201831C206618,1,19,0,1,0,5,0,0,0,0,2,1,1,1,22,5,2402,2,7,3,1,3
201831C206818,1,19,0,18,0,0,0,0,0,0,2,1,6,1,47,8,2198,2,9,4,1,4
201831C206818,2,11,0,18,0,0,0,0,0,0,1,1,1,1,-1,-1,6700,2,-1,-1,-1,-1
201831C207518,1,8,0,9,0,5,0,0,0,0,1,1,1,1,48,8,1596,1,8,3,1,3
201831C208118,1,9,0,1,0,1,0,0,0,0,2,1,6,1,59,9,1896,2,11,8,1,8
201831C208918,1,8,0,18,0,0,0,0,0,0,1,1,1,1,40,7,1995,2,5,1,1,1
201831C209418,1,9,0,9,0,6,0,0,0,0,1,1,6,1,20,4,1364,1,4,5,2,5
201831C209518,1,19,0,18,0,8,0,0,0,0,3,1,1,1,39,7,-1,-1,-1,6,1,6
201831C209518,2,9,0,18,0,8,0,0,0,0,1,1,6,1,45,7,1968,2,3,5,1,5
201831C210018,1,11,0,4,0,0,0,0,0,0,0,1,1,1,32,6,6700,2,7,2,1,2
201831C210118,1,90,0,4,0,8,0,0,0,0,2,1,6,3,-1,-1,-1,-1,-1,-1,-1,-1
201831C210118,2,3,0,18,0,8,0,0,0,0,1,1,6,1,35,6,124,1,5,10,1,10
201831C210718,1,9,0,18,0,1,0,0,0,0,1,1,6,1,-1,-1,1229,1,9,-1,-1,-1
201831C210718,2,9,0,18,0,1,0,0,0,0,2,1,6,2,61,9,1461,2,1,4,1,4
201831C210818,1,9,0,4,0,0,0,0,0,0,2,1,6,1,28,6,1360,1,15,7,1,7
201831C210818,2,9,0,18,0,0,0,0,0,0,1,1,6,2,30,6,1248,2,10,3,1,3
201831C211218,1,11,0,4,0,2,0,0,0,0,0,1,1,1,51,8,7300,2,9,1,1,1
201831C211318,1,9,0,16,0,1,0,0,0,0,4,1,6,3,-1,-1,1968,2,5,-1,-1,-1
201831C211318,2,9,0,16,0,1,0,0,0,0,3,1,6,1,56,9,1200,1,2,2,1,2
201831C211618,1,9,0,18,0,1,0,0,0,0,1,1,6,1,23,5,1995,2,6,1,1,1
201831C211718,1,9,0,17,0,8,0,0,0,0,4,1,6,1,34,6,1598,2,4,1,1,1
201831C211818,1,9,0,18,0,1,0,0,0,0,1,1,6,3,-1,-1,1998,1,10,-1,-1,-1
201831C211818,2,9,0,3,0,1,0,0,0,0,2,1,6,1,31,6,1461,2,5,6,1,6
201831C212318,1,9,0,6,0,0,0,0,0,0,3,1,6,2,29,6,1588,1,15,7,3,7
201831C212318,2,9,0,18,0,0,0,0,0,0,4,1,6,2,30,6,1596,1,9,-1,-1,-1
201831C212518,1,9,0,7,0,5,0,0,0,0,4,1,6,3,-1,-1,-1,-1,-1,-1,-1,-1
201831C212618,1,9,0,18,0,1,0,0,0,0,2,1,6,2,20,4,1086,1,10,1,1,1
201831C212618,2,9,0,18,0,1,0,0,0,0,1,1,6,2,44,7,1596,1,6,1,1,1
201831C213018,1,9,0,2,0,0,0,0,0,0,3,1,6,2,35,6,1896,2,11,5,1,5
201831C213018,2,22,0,18,9,0,0,0,0,0,4,1,6,1,81,11,-1,-1,-1,-1,-1,-1
201831C213118,1,1,0,18,0,8,0,0,0,0,2,1,6,1,52,8,-1,-1,-1,2,1,2
201831C213118,2,9,0,18,0,8,0,0,0,0,1,1,6,1,-1,-1,1388,1,12,-1,-1,-1
201831C213218,1,9,0,8,0,1,0,0,0,0,2,1,1,1,30,6,1242,1,12,1,1,1
201831C213218,2,9,0,18,0,1,0,0,0,0,1,1,6,2,-1,-1,998,1,2,-1,-1,-1
201831C213418,1,9,0,9,0,6,0,0,0,0,3,1,6,1,55,8,2179,2,5,1,1,1
201831C213418,2,9,0,13,0,8,0,0,0,0,1,1,6,1,53,8,1986,2,10,3,1,3
201831C213518,1,19,0,14,0,0,0,0,0,0,4,1,1,1,48,8,1997,2,7,8,1,8
201831C213918,1,19,0,11,0,2,0,0,0,0,4,1,6,1,55,8,1598,2,2,10,1,10
201831C213918,2,11,0,18,0,2,0,0,0,0,3,1,1,1,31,6,9000,2,15,8,2,8
201831C214718,1,8,0,18,2,2,1,0,0,0,1,1,1,1,77,11,1998,2,18,10,1,10
201831C215018,1,9,0,18,0,8,0,0,0,0,3,1,1,1,43,7,2993,2,3,10,1,10
201831C215018,2,18,0,18,1,8,0,0,0,0,1,1,1,2,26,6,-1,-1,-1,8,1,8
201831C215318,1,9,0,18,0,0,0,4,0,0,1,1,6,1,26,6,1368,1,1,-1,-1,-1
201831C215318,2,19,0,2,0,0,0,0,0,0,1,1,6,1,-1,-1,2464,2,13,-1,-1,-1
201831C216318,1,21,0,15,0,0,0,0,0,0,1,1,1,3,-1,-1,12809,2,-1,-1,-1,-1
201831C216318,2,19,0,18,0,0,0,0,0,0,4,1,1,1,34,6,2402,2,11,2,1,2
201831C216418,1,9,0,7,0,6,0,0,0,0,1,1,6,1,-1,-1,1984,1,15,-1,-1,-1
201831C216718,1,9,0,9,0,6,0,0,0,0,3,1,6,1,61,9,1560,2,6,2,1,2
201831C216718,2,5,0,5,0,8,0,0,0,0,1,1,6,1,30,6,1137,1,15,2,1,2
201831C216918,1,9,0,11,2,0,0,0,0,0,0,1,6,3,-1,-1,-1,-1,-1,-1,-1,-1
201831C216918,2,11,0,18,2,0,0,0,0,0,0,1,1,1,22,5,1080,2,3,2,1,2
201831C217218,1,9,0,18,0,0,0,0,0,0,1,1,6,3,-1,-1,-1,-1,-1,-1,-1,-1
201831C217218,2,1,0,3,0,0,0,0,0,0,2,1,6,1,57,9,-1,-1,-1,9,1,9
201831C217618,1,9,0,18,0,1,0,0,0,0,1,1,6,1,35,6,1598,2,11,3,1,3
201831C218018,1,11,0,7,0,5,0,0,0,0,1,1,1,1,45,7,7300,2,9,8,2,8
201831C218218,1,9,0,18,0,0,0,0,0,0,1,1,6,1,-1,-1,-1,3,-1,-1,-1,-1
201831C218418,1,9,0,18,0,0,0,0,0,0,1,1,2,2,31,6,1395,1,4,2,1,2
201831C218418,2,9,0,3,0,0,0,0,0,0,2,1,2,1,31,6,1364,1,9,-1,-1,-1
201831C218418,3,9,0,3,0,0,0,0,0,0,2,1,2,2,56,9,1598,1,13,2,1,2
201831C218618,1,9,0,18,0,1,0,0,0,0,3,1,6,2,34,6,1910,2,10,2,1,2
201831C218718,1,9,0,11,0,0,0,0,0,0,4,1,6,2,41,7,1242,1,3,3,1,3
201831C218718,2,3,0,18,0,0,0,0,0,0,3,1,6,1,31,6,124,1,3,2,1,2
201831C219718,1,9,0,1,9,6,0,0,0,0,2,1,6,2,82,11,1398,1,16,4,1,4
201831C220518,1,90,0,18,0,0,0,10,7,0,3,1,1,1,29,6,-1,-1,-1,2,1,2
201831C220718,1,9,0,18,0,1,5,10,1,4,1,1,6,1,30,6,1560,2,4,-1,-1,-1
201831C221218,1,9,0,18,0,1,0,0,0,0,1,1,6,1,30,6,1988,1,14,2,1,2
201831C221618,1,9,0,18,0,1,0,0,0,0,1,1,6,3,-1,-1,-1,-1,-1,-1,-1,-1
201831C221618,2,9,0,3,0,1,0,0,0,0,2,1,6,2,23,5,1560,2,12,3,1,3
201831C221818,1,1,0,14,0,1,0,0,0,0,0,1,6,1,50,8,-1,-1,-1,6,1,6
201831C221818,2,9,0,2,0,1,0,0,0,0,0,1,6,1,35,6,1753,2,11,2,1,2
201831C222118,1,9,0,16,0,1,0,0,0,0,1,1,6,2,78,11,1390,1,7,7,1,7
201831C222118,2,9,0,18,0,1,0,0,0,0,2,1,6,2,52,8,1242,1,7,6,1,6
201831C222318,1,9,0,4,0,1,0,0,0,0,2,1,6,1,33,6,1968,2,9,1,1,1
201831C222318,2,9,0,18,0,1,0,0,0,0,1,1,6,1,19,4,1389,1,15,2,1,2
201831C222518,1,9,0,17,0,0,0,0,0,0,1,1,6,2,56,9,2179,2,4,1,1,1
201831C222518,2,9,0,16,0,0,0,0,0,0,1,1,6,2,58,9,1124,1,14,5,1,5
201831C222818,1,90,0,18,9,1,0,0,0,0,1,1,6,3,-1,-1,-1,-1,-1,-1,-1,-1
201831C222918,1,9,0,9,0,6,0,0,0,0,1,1,2,1,49,8,1995,2,4,8,1,8
201831C222918,2,1,0,18,0,8,0,0,0,0,4,1,1,1,41,7,-1,-1,-1,1,1,1
201831C223018,1,9,0,18,0,1,0,0,0,0,1,1,2,1,-1,-1,1989,1,19,8,1,8
201831C223018,2,19,0,4,0,1,0,0,0,0,2,1,2,1,35,6,1968,2,2,8,1,8
201831C223018,3,9,0,4,0,1,0,0,0,0,2,1,2,2,45,7,1968,2,11,3,2,3
201831C223118,1,9,0,9,0,6,0,0,0,0,3,1,2,2,25,5,1248,2,7,3,1,3
201831C223118,2,3,0,18,0,8,0,0,0,0,1,1,6,1,70,10,-1,-1,-1,7,1,7
201831C223818,1,11,0,9,0,8,0,0,0,0,4,1,1,1,41,7,9000,5,1,2,1,2
201831C224018,1,9,0,18,0,8,0,0,0,0,1,1,6,2,35,6,1390,1,13,3,1,3
201831C224018,2,9,0,9,0,6,0,0,0,0,3,1,6,1,28,6,1248,1,5,-1,-1,-1
201831C224318,1,9,0,18,0,8,0,0,0,0,3,1,6,1,59,9,1956,2,9,2,1,2
201831C224318,2,9,0,9,0,6,0,0,0,0,1,1,6,2,-1,-1,1496,2,-1,-1,-1,-1
201831C225018,1,19,0,9,0,5,0,0,0,0,1,1,1,1,35,6,2198,2,5,2,-1,2
201831C225618,1,9,0,18,0,3,0,0,3,0,2,1,6,2,30,6,1798,1,12,4,1,4
201831C225618,2,9,0,18,0,4,0,0,3,0,1,1,6,2,19,4,998,1,10,2,1,2
201831C225818,1,9,0,18,0,8,0,0,0,0,1,1,6,1,38,7,1248,2,11,1,1,1
201831C225818,2,1,0,18,0,8,0,0,0,0,1,1,6,1,39,7,-1,-1,-1,2,1,2
201831C226018,1,9,0,18,0,1,0,0,0,0,1,1,6,1,43,7,1968,2,5,1,1,1
201831C226418,1,22,0,18,1,0,0,0,0,0,0,1,6,2,60,9,-1,-1,-1,-1,-1,-1
201831C226618,1,9,0,18,0,1,0,0,0,0,1,1,6,2,30,6,1364,1,9,1,1,1
201831C226618,2,8,0,18,0,1,0,0,0,0,2,1,1,1,53,8,2402,2,13,7,1,7
201831C226818,1,9,0,2,0,0,0,0,0,0,3,1,6,1,65,9,1997,2,16,1,1,1
201831C226818,2,1,0,14,0,0,0,0,0,0,1,1,6,2,42,7,-1,-1,-1,4,1,4
201831C226918,1,11,0,17,0,8,0,0,0,0,0,1,1,1,56,9,9000,5,1,2,1,2
201831C227318,1,9,0,18,9,6,0,0,0,0,1,1,2,1,-1,-1,1197,1,3,-1,-1,-1
201831C227318,2,1,0,18,9,1,0,0,0,0,4,1,4,1,14,3,-1,-1,-1,-1,-1,-1
201831C227518,1,19,0,18,0,1,1,0,0,0,1,1,6,1,-1,-1,1560,2,-1,-1,-1,-1
201831C227518,2,9,0,3,0,1,1,0,0,0,2,1,3,2,29,6,1248,2,5,2,1,2
201831C228218,1,9,0,18,0,8,0,0,3,1,1,1,6,2,21,5,1598,2,7,7,1,7
201831C228718,1,9,0,18,0,0,0,0,0,0,1,1,6,2,-1,-1,-1,-1,-1,-1,-1,-1
201831C228818,1,1,0,18,0,0,0,0,0,0,3,1,6,1,38,7,-1,-1,-1,3,1,3
201831C228818,2,9,0,13,0,0,0,0,0,0,4,1,6,3,-1,-1,-1,-1,-1,-1,-1,-1
201831C228918,1,3,0,18,0,2,0,0,0,0,3,1,6,2,26,6,124,1,12,6,1,6
201831C228918,2,9,0,13,0,2,0,0,0,0,1,1,6,3,-1,-1,-1,-1,-1,-1,-1,-1
201831C229018,1,11,0,4,2,0,0,0,0,0,0,1,1,1,52,8,4250,2,16,6,1,6
201831C229118,1,9,0,18,0,4,0,0,0,0,1,1,6,3,-1,-1,-1,-1,-1,-1,-1,-1
201831C229118,2,1,0,18,0,8,0,0,0,0,2,1,1,1,30,6,-1,-1,-1,3,1,3
201831C229218,1,9,0,9,0,5,0,0,0,0,4,1,6,3,-1,-1,-1,-1,-1,-1,-1,-1
201831C229218,2,9,0,7,0,6,0,0,0,0,3,1,1,1,57,9,1598,2,2,4,1,4
201831C229418,1,3,0,18,0,3,1,0,0,0,4,1,2,1,24,5,124,1,4,8,1,8
201831C229518,1,19,0,18,0,1,0,0,0,0,1,1,1,1,37,7,2143,2,4,1,1,1
201831C229518,2,9,0,3,0,2,0,0,0,0,2,1,1,2,26,6,-1,-1,-1,5,1,5
201831C229518,3,9,0,3,0,1,0,0,0,0,2,1,6,2,20,4,1242,1,9,2,1,2
201831C230118,1,9,0,12,0,1,0,2,0,0,3,1,6,1,65,9,1988,2,14,1,1,1
201831C230118,2,9,0,12,0,1,0,0,0,0,4,1,6,3,-1,-1,-1,-1,-1,-1,-1,-1
201831C230218,1,11,0,3,0,1,0,0,0,0,0,1,1,1,49,8,4461,2,5,2,1,2
201831C230518,1,8,0,5,0,1,0,0,0,0,0,1,1,1,-1,-1,1798,8,5,-1,-1,-1
201831C230718,1,11,0,5,0,0,0,0,0,0,0,1,1,1,56,9,-1,-1,-1,2,1,2
201831C230818,1,9,0,8,0,1,0,0,0,0,2,1,1,2,26,6,1598,1,15,2,1,2
201831C230818,2,9,0,18,0,1,0,0,0,0,1,1,6,3,-1,-1,-1,-1,-1,-1,-1,-1
201831C230918,1,22,0,18,0,1,0,0,0,0,1,1,6,2,-1,-1,-1,-1,-1,-1,-1,-1
201831C231018,1,9,0,9,0,5,0,0,0,0,2,1,6,1,36,7,1499,1,1,8,1,8
201831C231018,2,9,0,18,0,1,0,0,0,0,1,1,6,1,27,6,1686,2,4,5,2,5
201831C232018,1,9,0,18,0,8,0,0,0,0,3,1,2,2,30,6,1596,1,3,1,1,1
201831C232018,2,9,0,18,0,8,0,0,0,0,4,1,6,3,-1,-1,-1,-1,-1,-1,-1,-1
201831C232118,1,1,0,18,9,1,0,0,0,0,1,1,6,1,25,5,-1,-1,-1,7,1,7
201831C232218,1,9,0,1,0,0,0,0,0,0,2,1,6,1,50,8,998,1,17,1,1,1
201831C232218,2,9,0,3,0,0,0,0,0,0,1,1,6,2,34,6,1560,2,7,1,1,1
201831C232518,1,9,0,18,0,6,0,0,0,0,0,1,6,3,-1,-1,-1,-1,-1,-1,-1,-1
201831C232518,2,11,0,5,0,1,0,0,0,0,0,1,1,1,23,5,4250,2,6,6,1,6
201831C232618,1,8,0,2,0,2,0,0,0,0,4,1,1,1,40,7,1968,2,5,1,1,1
201831C232618,2,1,0,3,9,1,0,0,0,0,3,1,6,1,10,2,-1,-1,-1,1,1,1
201831C233018,1,1,0,18,0,2,0,0,0,0,1,1,4,1,15,3,-1,-1,-1,2,1,2
201831C233218,1,9,0,14,0,0,0,0,0,0,1,1,6,1,37,7,1686,2,8,7,1,7
201831C233318,1,9,0,18,0,0,0,0,0,0,1,1,2,2,32,6,1685,2,2,3,1,3
201831C233318,2,9,0,3,0,0,0,0,0,0,2,1,2,1,38,7,1242,1,12,4,1,4
201831C233318,3,9,0,3,0,0,0,0,0,0,2,1,1,2,40,7,1753,2,11,6,1,6
201831C233418,1,9,0,11,0,3,0,0,0,0,1,1,6,1,20,4,1995,2,4,10,1,10
201831C233418,2,3,0,12,0,3,0,0,0,0,2,1,6,1,27,6,124,1,7,1,1,1
201831C234018,1,9,0,13,0,2,0,0,0,0,0,1,6,1,-1,-1,-1,-1,-1,-1,-1,-1
201831C234018,2,11,0,18,0,2,0,0,0,0,0,1,1,1,52,8,9000,2,12,9,1,9
201831C234218,1,8,0,5,0,8,0,0,0,0,3,1,1,1,42,7,1998,2,9,4,1,4
201831C234518,1,9,0,18,0,1,1,0,0,0,1,1,6,1,24,5,1984,1,11,1,1,1
201831C234518,2,9,0,18,0,1,0,0,0,0,0,1,6,1,35,6,2400,2,1,5,3,5
201831C234518,3,9,0,9,0,8,0,4,0,0,1,1,6,2,53,8,1248,2,11,1,1,1
201831C234518,4,9,0,2,0,2,0,0,0,0,3,1,6,2,63,9,1999,1,13,1,1,1
201831C234718,1,9,0,18,0,2,0,0,0,0,1,1,6,1,44,7,2776,2,12,1,1,1
201831C234718,2,9,0,4,0,2,0,0,0,0,2,1,6,1,52,8,1461,2,5,3,1,3
201831C234918,1,9,0,9,0,5,0,0,0,0,1,1,6,1,42,7,1368,1,8,4,1,4
201831C234918,2,1,0,15,4,8,0,0,0,0,3,1,6,1,35,6,-1,-1,-1,-1,-1,-1
201831C235418,1,9,0,9,0,6,0,0,0,0,3,1,6,1,33,6,1339,1,10,1,1,1
201831C235418,2,9,0,18,0,8,0,0,0,0,1,1,6,1,20,4,1497,1,16,2,1,2
201831C235618,1,9,0,5,0,0,0,0,0,0,1,1,6,1,83,11,998,1,4,1,1,1
201831C235718,1,9,0,13,0,8,0,0,0,0,4,1,6,1,24,5,1984,1,11,1,1,1
201831C235718,2,9,0,3,0,8,0,0,0,0,3,1,2,2,44,7,1248,1,4,1,1,1
201831C235818,1,9,0,9,0,5,0,0,0,0,4,1,2,2,54,8,1598,1,3,3,1,3
201831C235818,2,1,0,18,4,8,0,0,0,0,1,1,6,1,44,7,-1,-1,-1,8,1,8
201831C235918,1,9,0,18,0,0,0,0,1,11,1,1,6,1,38,7,1461,2,6,4,1,4
201831C236118,1,9,0,13,0,3,0,0,0,0,4,1,6,1,31,6,2143,2,1,4,1,4
201831C236118,2,9,0,17,0,8,0,0,0,0,3,1,6,1,29,6,1598,2,4,3,1,3
201831C236218,1,9,0,9,0,6,0,0,0,0,1,1,1,1,-1,-1,1798,8,5,1,1,1
201831C236218,2,9,0,18,0,8,0,0,0,0,3,1,1,1,36,7,1582,2,3,1,1,1
201831C236418,1,11,0,18,0,2,0,0,0,0,0,1,1,1,41,7,9000,2,9,1,1,1
201831C236518,1,9,0,18,0,0,0,0,0,0,1,1,6,2,32,6,1339,1,9,-1,-1,-1
201831C236518,2,9,0,4,0,0,0,0,0,0,2,1,2,1,46,8,1596,1,3,-1,-1,-1
201831C236618,1,9,0,18,0,8,0,0,0,0,1,1,6,1,-1,-1,-1,-1,-1,-1,-1,-1
201831C236818,1,9,0,9,0,5,0,0,0,0,4,1,3,1,47,8,1461,2,3,3,1,3
201831C236818,2,9,0,18,0,8,0,0,0,0,1,1,2,2,57,9,1388,1,16,1,1,1
201831C237118,1,9,0,14,0,1,0,0,0,0,1,1,6,1,36,7,-1,-1,-1,3,1,3
201831C237218,1,19,0,18,0,1,0,0,0,0,1,1,6,3,-1,-1,-1,-1,-1,-1,-1,-1
201831C237218,2,9,0,3,0,1,0,0,0,0,2,1,6,2,29,6,1364,2,7,2,1,2
201831C237318,1,9,0,18,0,0,0,0,0,0,1,1,6,1,34,6,1149,1,20,3,1,3
201831C237318,2,9,0,3,0,0,0,0,0,0,2,1,6,1,56,9,1997,2,9,4,1,4
201831C237718,1,19,0,9,0,5,0,0,0,0,4,1,2,1,57,9,1560,2,4,6,1,6
201831C237718,2,1,0,18,0,8,0,0,0,0,1,1,2,1,23,5,-1,-1,-1,4,1,4
201831C237918,1,9,0,9,0,8,0,0,0,0,0,1,6,3,-1,-1,-1,-1,-1,-1,-1,-1
201831C237918,2,11,0,18,0,8,0,0,0,0,0,1,1,1,44,7,9000,2,9,2,1,2
201831C238418,1,9,0,9,0,6,0,0,0,0,1,1,6,2,33,6,1229,1,4,5,1,5