Accident_Index,Vehicle_Reference,Vehicle_Type,Towing_and_Articulation,Vehicle_Manoeuvre,Vehicle_Location-Restricted_Lane,Junction_Location,Skidding_and_Overturning,Hit_Object_in_Carriageway,Vehicle_Leaving_Carriageway,Hit_Object_off_Carriageway,1st_Point_of_Impact,Was_Vehicle_Left_Hand_Drive?,Journey_Purpose_of_Driver,Sex_of_Driver,Age_of_Driver,Age_Band_of_Driver,Engine_Capacity_(CC),Propulsion_Code,Age_of_Vehicle,Driver_IMD_Decile,Driver_Home_Area_Type,Vehicle_IMD_Decile
201831C238418,2,3,0,13,0,1,0,0,0,0,3,1,6,1,20,4,124,1,7,1,1,1
201831C238518,1,9,0,17,0,0,0,0,0,0,1,1,1,1,35,6,998,1,17,-1,-1,-1
201831C238518,2,9,0,3,0,0,0,0,0,0,2,1,6,1,42,7,1499,1,-1,6,1,6
201831C238818,1,9,0,18,0,2,0,0,0,0,1,1,6,2,24,5,1560,2,3,5,1,5
201831C239918,1,9,0,18,0,4,0,0,0,0,1,1,6,1,-1,-1,-1,-1,-1,8,1,8
201831C239918,2,9,0,4,0,1,0,0,0,0,2,1,6,2,38,7,1968,2,11,7,1,7
201831C240018,1,9,0,9,0,5,0,0,0,0,4,1,6,1,25,5,1995,1,8,1,1,1
201831C240018,2,3,0,18,0,8,0,0,0,0,1,1,2,1,19,4,125,1,3,2,1,2
201831C240118,1,8,0,3,0,0,0,0,0,0,3,1,1,1,-1,-1,-1,-1,-1,-1,-1,-1
201831C240118,2,1,0,14,0,0,0,0,0,0,1,1,2,1,32,6,-1,-1,-1,3,1,3
201831C240318,1,21,1,5,0,0,0,0,0,0,1,1,1,1,45,7,-1,-1,-1,5,1,5
201831C240318,2,9,0,3,0,0,0,0,0,0,2,1,6,2,53,8,1398,1,3,4,1,4
201831C240518,1,3,0,18,1,1,0,0,0,0,1,1,6,1,-1,-1,-1,-1,-1,-1,-1,-1
201831C240618,1,9,0,18,0,0,0,0,0,0,1,1,6,1,-1,-1,1391,1,16,-1,-1,-1
201831C240818,1,11,0,5,0,2,0,0,0,0,1,1,1,1,48,8,9000,2,3,1,1,1
201831C240918,1,9,0,4,0,1,0,0,0,0,1,1,6,1,55,8,-1,-1,-1,10,1,10
201831C240918,2,9,0,3,0,1,0,0,0,0,2,1,6,1,30,6,1390,1,13,2,1,2
201831C241218,1,11,0,3,0,0,0,0,0,0,0,1,1,2,34,6,-1,3,2,2,1,2
201831C241318,1,9,0,9,0,5,0,0,0,0,1,1,6,3,-1,-1,-1,-1,-1,-1,-1,-1
201831C241518,1,9,0,9,0,4,0,0,0,0,3,1,4,1,59,9,1399,1,2,7,3,7
201831C241518,2,9,0,18,0,4,0,0,0,0,1,1,3,1,50,8,1797,8,5,1,1,1
201831C241918,1,9,0,12,0,0,0,0,0,0,1,1,6,1,26,6,1560,2,10,3,1,3
201831C242018,1,9,0,18,0,6,0,0,0,0,3,1,6,1,45,7,1995,2,13,4,1,4
201831C242018,2,9,0,17,0,8,0,0,0,0,1,1,6,1,30,6,1969,1,3,10,2,10
201831C242318,1,9,0,7,0,6,0,0,0,0,1,1,6,1,57,9,1968,2,4,4,1,4
201831C242318,2,19,0,18,0,8,0,0,0,0,4,1,1,1,27,6,2299,2,3,9,1,9
201831C242518,1,1,0,18,0,6,0,0,0,0,3,1,6,2,24,5,-1,-1,-1,6,1,6
201831C242518,2,11,0,18,0,2,0,0,0,0,1,1,1,1,53,8,9000,2,4,-1,-1,-1
201831C242618,1,9,0,18,0,8,0,0,0,0,4,1,6,1,47,8,2295,1,14,6,1,6
201831C243118,1,9,0,2,0,2,0,0,0,0,3,1,6,1,65,9,1398,2,15,2,1,2
201831C243118,2,22,0,18,9,2,0,8,0,0,1,1,6,2,66,10,-1,-1,-1,1,1,1
201831C243218,1,9,0,18,0,0,0,0,0,0,1,1,6,1,51,8,3628,2,10,9,3,9
201831C243618,1,11,0,18,0,1,0,0,0,0,0,1,6,1,51,8,-1,-1,-1,6,1,6
201831C243818,1,19,0,4,0,1,0,0,0,0,2,1,1,1,68,10,2143,2,4,10,1,10
201831C243818,2,9,0,3,0,1,0,0,0,0,2,1,6,1,53,8,1685,2,3,3,1,3
201831C243918,1,9,0,18,0,4,0,0,0,0,1,1,6,1,43,7,2000,1,9,10,1,10
201831C243918,2,3,0,5,0,1,0,0,0,0,2,1,6,1,36,7,125,1,3,1,1,1
201831C244218,1,9,0,4,0,1,0,0,0,0,3,1,1,1,46,8,1461,2,5,1,1,1
201831C244218,2,9,0,1,0,1,0,0,0,0,1,1,6,3,-1,-1,1910,2,11,-1,-1,-1
201831C244418,1,9,0,1,0,1,0,0,0,0,2,1,6,3,-1,-1,-1,-1,-1,-1,-1,-1
201831C244418,2,9,0,18,0,1,0,0,0,0,1,1,6,2,32,6,1596,1,11,1,1,1
201831C244518,1,9,0,18,0,8,0,0,0,0,3,1,6,2,28,6,1388,1,16,4,1,4
201831C244518,2,9,0,18,0,8,0,0,0,0,3,1,6,3,-1,-1,-1,-1,-1,-1,-1,-1
201831C244718,1,9,0,11,0,0,0,0,0,0,1,1,2,1,50,8,1968,2,11,9,2,9
201831C244718,2,9,0,3,0,0,0,0,0,0,2,1,6,2,63,9,998,1,5,4,1,4
201831C244718,3,9,0,3,0,0,0,0,0,0,2,1,6,1,37,7,1560,2,1,10,2,10
201831C244918,1,9,0,9,0,5,0,0,0,0,4,1,2,1,60,9,1796,1,13,7,1,7
201831C244918,2,5,0,18,0,8,0,0,0,0,1,1,2,1,25,5,675,1,9,7,1,7
201831C245718,1,9,0,15,0,3,0,10,0,0,4,1,2,1,26,6,1598,2,3,5,1,5
201831C245718,2,21,0,16,0,3,0,0,0,0,3,1,1,1,51,8,12740,2,4,7,1,7
201831C245818,1,19,0,18,9,0,0,0,0,0,1,1,6,1,41,7,1870,2,13,2,1,2
201831C246018,1,9,0,18,0,2,0,0,0,0,1,1,6,3,-1,-1,-1,-1,-1,-1,-1,-1
201831C246618,1,18,0,5,1,2,0,0,0,0,1,1,1,1,49,8,-1,-1,-1,2,1,2
201831C246818,1,9,0,18,0,6,0,0,0,0,1,1,6,1,-1,-1,998,1,12,-1,-1,-1
201831C246818,2,9,0,18,0,1,0,0,0,0,4,1,1,2,58,9,1242,1,5,8,1,8
201831C246918,1,19,0,7,0,6,0,0,0,0,1,1,1,1,26,6,2287,2,5,7,3,7
201831C246918,2,9,0,18,0,8,0,0,0,0,4,1,2,1,49,8,1598,1,4,3,1,3
201831C247618,1,9,0,18,0,8,0,0,0,0,3,1,1,2,49,8,1399,2,9,3,1,3
201831C247618,2,19,0,18,0,6,0,0,0,0,1,1,6,3,-1,-1,-1,-1,-1,-1,-1,-1
201831C247718,1,9,0,11,0,0,0,0,0,0,4,1,6,2,52,8,1598,1,2,10,1,10
201831C247718,2,9,0,18,0,0,0,0,0,0,3,1,6,1,22,5,1984,1,5,8,-1,8
201831C247918,1,9,0,11,0,2,0,0,0,0,4,1,6,2,48,8,1597,1,10,6,1,6
201831C247918,2,9,0,18,0,2,0,0,0,0,3,1,6,1,22,5,2143,2,5,6,1,6
201831C249218,1,19,0,14,0,2,0,0,0,0,1,1,6,1,-1,-1,-1,-1,-1,-1,-1,-1
201831C249318,1,9,0,18,0,1,0,0,0,0,1,1,6,2,26,6,1968,2,10,1,1,1
201831C249318,2,9,0,3,0,1,0,0,0,0,2,1,6,1,34,6,1242,1,11,-1,-1,-1
201831C249818,1,9,0,18,0,8,0,0,0,0,1,1,6,3,-1,-1,-1,-1,-1,-1,-1,-1
201831C249818,2,9,0,18,0,8,0,0,8,2,4,1,1,1,60,9,1995,2,4,2,1,2
201831C249918,1,9,0,18,0,2,0,0,0,0,1,1,6,1,-1,-1,-1,-1,-1,-1,-1,-1
201831C249918,2,9,0,4,0,2,0,0,0,0,2,1,3,2,53,8,1242,1,1,8,1,8
201831C250118,1,9,0,18,0,1,0,4,0,0,1,1,6,1,50,8,999,1,-1,1,1,1
201831C250118,2,9,0,2,0,1,0,0,0,0,4,1,6,3,-1,-1,1796,1,11,-1,-1,-1
201831C250118,3,9,0,2,0,1,0,0,0,0,4,1,6,3,-1,-1,1900,2,11,-1,-1,-1
201831C250318,1,9,0,18,0,8,0,0,0,0,3,1,6,2,41,7,1995,2,14,2,1,2
201831C250318,2,9,0,9,0,6,0,0,0,0,1,1,6,3,-1,-1,-1,-1,-1,-1,-1,-1
201831C250518,1,9,0,9,0,6,0,0,0,0,1,1,6,2,31,6,1364,1,12,6,1,6
201831C250518,2,9,0,18,0,8,0,0,0,0,1,1,6,2,35,6,1598,1,14,2,1,2
201831C250918,1,9,0,9,0,5,0,0,0,0,1,1,6,2,58,9,1240,1,11,1,1,1
201831C250918,2,9,0,18,0,8,0,0,0,0,3,1,6,1,27,6,1229,1,5,2,1,2
201831C251618,1,9,0,18,0,1,0,0,0,0,1,1,6,3,-1,-1,-1,-1,-1,-1,-1,-1
201831C252018,1,9,0,18,0,0,0,0,1,0,1,1,6,2,17,4,1496,2,-1,5,1,5
201831C252118,1,8,0,6,0,0,0,0,0,0,3,1,6,1,43,7,1997,2,16,6,1,6
201831C252118,2,1,0,18,0,0,0,0,0,0,1,1,1,1,21,5,-1,-1,-1,2,1,2
201831C252418,1,9,0,9,0,6,0,0,0,0,0,1,6,3,-1,-1,-1,-1,-1,-1,-1,-1
201831C252418,2,5,0,18,0,8,1,0,0,0,0,1,2,1,37,7,599,1,22,8,1,8
201831C252718,1,9,0,9,0,6,0,0,0,0,1,1,6,1,43,7,1461,2,2,3,1,3
201831C252718,2,9,0,18,0,8,0,0,0,0,4,1,6,1,50,8,1995,1,10,5,1,5
201831C253018,1,9,0,9,0,5,0,0,0,0,4,1,6,1,33,6,999,1,2,2,1,2
201831C253018,2,9,0,18,0,8,0,0,0,0,1,1,6,2,39,7,1598,1,10,6,1,6
201831C253118,1,11,0,18,0,2,0,0,0,0,1,1,1,1,70,10,9000,2,7,4,1,4
201831C253218,1,8,0,4,0,0,0,0,0,0,0,1,1,1,51,8,2402,2,15,5,1,5
201831C253818,1,9,0,7,0,5,0,0,0,0,1,1,6,1,38,7,-1,-1,-1,7,1,7
201831C254818,1,9,0,9,0,6,0,0,0,0,3,1,6,1,43,7,-1,-1,-1,1,1,1
201831C254818,2,9,0,18,0,8,0,0,0,0,1,1,6,1,26,6,1598,1,11,2,1,2
201831C255018,1,3,0,18,0,1,0,0,0,0,1,1,6,3,-1,-1,124,1,1,-1,-1,-1
201831C255018,2,1,0,3,0,1,0,0,0,0,2,1,2,1,31,6,-1,-1,-1,2,1,2
201831C255518,1,11,0,9,0,5,0,0,0,0,3,1,1,1,32,6,9000,2,8,10,1,10
201831C255518,2,9,0,18,0,8,0,0,0,0,1,1,6,1,-1,-1,1364,1,-1,2,1,2
201831C255818,1,9,0,18,0,4,0,0,0,0,1,1,6,2,-1,-1,1296,1,11,7,1,7
201831C255818,2,9,0,18,0,8,0,0,0,0,4,1,6,1,66,10,1248,1,5,3,1,3
201831C256218,1,19,0,15,0,0,0,0,0,0,3,1,6,1,52,8,1686,2,14,2,1,2
201831C256218,2,9,0,11,0,0,0,0,0,0,4,1,2,2,63,9,999,1,1,10,2,10
201831C256418,1,11,0,18,0,0,0,0,0,0,4,1,1,1,21,5,7698,2,3,4,1,4
201831C256518,1,9,0,18,0,1,0,0,0,0,1,1,6,3,-1,-1,1598,1,14,-1,-1,-1
201831C256518,2,10,0,9,0,6,0,0,0,0,3,1,6,1,28,6,-1,-1,-1,5,1,5
201831C256618,1,4,0,13,0,8,0,10,0,0,1,1,6,1,55,8,471,1,1,1,1,1
201831C256618,2,21,0,7,0,5,0,0,0,0,2,1,1,1,45,7,-1,-1,-1,8,1,8
201831C257018,1,9,0,18,0,8,0,0,0,0,1,1,6,1,47,8,-1,-1,-1,1,1,1
201831C257018,2,1,0,18,0,8,0,0,0,0,2,1,6,1,50,8,-1,-1,-1,6,1,6
201831C257318,1,9,0,3,0,0,0,0,0,0,2,1,6,1,36,7,1999,2,1,9,3,9
201831C257318,2,9,0,18,0,0,0,0,0,0,1,1,6,1,55,8,1968,2,6,3,1,3
201831C257318,3,9,0,18,0,0,0,0,0,0,1,1,6,2,-1,-1,1894,2,10,2,1,2
201831C257818,1,8,0,17,0,2,0,0,0,0,1,1,1,1,43,7,1797,8,3,1,1,1
201831C258018,1,9,0,18,0,0,0,0,0,0,1,1,6,1,-1,-1,1364,1,11,5,1,5
201831C258018,2,9,0,18,0,0,0,0,0,0,2,1,2,2,42,7,1197,1,6,10,2,10
201831C258118,1,9,0,9,0,5,0,0,0,0,3,1,6,2,37,7,1781,1,13,9,1,9
201831C258118,2,9,0,18,0,8,0,0,0,0,3,1,6,2,21,5,1364,2,13,8,3,8
201831C258618,1,9,0,18,0,6,0,0,0,0,1,1,6,3,-1,-1,3227,2,16,-1,-1,-1
201831C258618,2,9,0,18,0,8,0,0,0,0,3,1,6,1,46,8,1794,1,13,4,1,4
201831C259618,1,9,0,7,0,5,0,0,0,0,4,1,6,1,-1,-1,-1,-1,-1,5,1,5
201831C259618,2,1,0,18,5,8,0,0,0,0,3,1,6,1,26,6,-1,-1,-1,5,1,5
201831C259918,1,9,0,9,0,6,0,0,0,0,4,1,6,2,33,6,1598,1,7,1,1,1
201831C259918,2,9,0,18,0,1,0,0,0,0,1,1,6,1,58,9,2401,2,13,8,1,8
201831C260618,1,9,0,6,0,0,0,0,0,0,3,1,6,2,42,7,1199,1,15,1,1,1
201831C260618,2,9,0,18,0,0,0,0,0,0,1,1,6,1,77,11,1149,1,6,3,1,3
201831C260718,1,9,0,9,0,1,0,0,7,0,1,1,6,2,24,5,1399,2,6,8,1,8
201831C260818,1,19,0,9,0,6,0,0,0,0,1,1,6,3,-1,-1,-1,-1,-1,-1,-1,-1
201831C260818,2,9,0,18,0,8,0,0,0,0,4,2,4,1,19,4,1368,1,7,8,1,8
201831C260918,1,9,0,18,0,2,0,0,0,0,1,1,2,1,31,6,1968,2,9,3,1,3
201831C261018,1,3,0,9,1,1,1,0,0,0,0,1,6,1,58,9,125,1,-1,1,1,1
201831C261618,1,21,0,13,0,1,0,0,0,0,1,1,1,1,62,9,6374,2,5,8,2,8
201831C261618,2,9,0,9,0,5,0,0,0,0,3,1,6,2,38,7,-1,-1,-1,1,1,1
201831C261718,1,11,0,18,0,0,0,0,0,0,0,1,1,1,30,6,9000,2,4,1,1,1
201831C261818,1,9,0,13,0,5,0,0,7,11,1,1,6,1,21,5,1686,2,10,1,1,1
201831C261818,2,9,0,9,0,5,0,0,0,0,3,1,6,1,23,5,1968,2,8,1,1,1
201831C262018,1,19,0,9,0,8,0,0,0,0,4,1,6,1,60,9,1868,2,12,1,1,1
201831C262018,2,9,0,18,0,4,0,0,0,0,3,1,6,1,44,7,1398,1,16,1,1,1
201831C262318,1,9,0,7,0,5,0,0,0,0,4,1,6,1,25,5,998,1,2,8,1,8
201831C262318,2,3,0,15,0,8,0,0,0,0,1,1,6,3,-1,-1,124,1,9,-1,-1,-1
201831C263118,1,9,0,18,0,0,0,0,0,0,1,1,6,1,22,5,1364,1,11,-1,-1,-1
201831C263118,2,9,0,6,0,0,0,0,0,0,3,1,6,2,52,8,999,1,1,1,1,1
201831C263418,1,9,0,18,0,4,0,0,0,0,4,1,6,2,47,8,1998,1,-1,4,1,4
201831C263418,2,9,0,12,0,4,0,0,0,0,1,1,6,1,26,6,1896,2,10,4,1,4
201831C263518,1,1,0,18,0,0,0,0,0,0,3,1,6,1,48,8,-1,-1,-1,5,1,5
201831C263518,2,9,0,13,0,0,0,0,0,0,1,1,6,1,35,6,1598,2,8,1,1,1
201831C263818,1,9,0,3,0,1,0,0,0,0,2,1,6,1,79,11,1242,1,7,5,3,5
201831C263818,2,9,0,18,0,1,0,0,0,0,1,1,2,2,28,6,1598,1,7,3,1,3
201831C264218,1,9,0,6,0,0,0,0,0,0,3,1,2,1,22,5,1362,1,5,2,1,2
201831C264218,2,5,0,13,0,0,0,0,0,0,1,1,6,1,56,9,798,1,36,1,1,1
201831C264318,1,9,0,18,0,0,0,0,0,0,1,1,6,3,-1,-1,-1,-1,-1,-1,-1,-1
201831C264518,1,19,0,18,0,0,0,0,5,6,1,1,1,1,47,8,2198,2,5,2,1,2
201831C264618,1,9,0,18,0,0,0,0,0,0,1,1,6,3,-1,-1,1364,2,5,-1,-1,-1
201831C264718,1,9,0,18,0,0,0,0,0,0,1,1,1,1,53,8,1591,1,-1,-1,-1,-1
201831C264718,2,9,0,18,0,0,0,0,0,0,1,1,1,1,50,8,1591,1,-1,9,1,9
201831C264718,3,21,1,18,0,0,0,0,0,0,4,1,1,1,54,8,10837,2,-1,3,1,3
201831C264918,1,8,0,9,0,5,0,0,0,0,3,1,1,1,48,8,2402,2,14,2,1,2
201831C264918,2,3,0,13,0,8,0,0,0,0,4,1,1,1,47,8,125,1,-1,2,1,2
201831C265618,1,9,0,11,0,0,0,0,0,0,4,1,2,2,24,5,1598,1,12,2,1,2
201831C265618,2,9,0,4,0,0,0,0,0,0,3,1,6,1,44,7,1398,1,3,1,1,1
201831C265818,1,9,0,9,0,6,0,0,0,0,1,1,6,1,-1,-1,1995,2,7,-1,-1,-1
201831C265818,2,1,0,18,0,8,0,0,0,0,4,1,6,1,54,8,-1,-1,-1,2,1,2
201831C266018,1,9,0,1,0,1,0,0,0,0,2,1,6,1,26,6,1596,1,13,1,1,1
201831C266018,2,9,0,3,0,1,0,0,0,0,1,1,6,1,49,8,-1,-1,-1,1,1,1
201831C266018,3,9,0,3,0,1,0,0,0,0,1,1,6,2,29,6,1582,2,5,1,1,1
201831D000418,1,20,0,18,0,1,0,0,0,0,1,1,6,1,18,4,-1,2,15,3,1,3
201831D000418,2,9,0,1,0,1,0,0,0,0,3,1,1,1,30,6,2400,2,1,5,3,5
201831D001018,1,9,0,18,0,0,0,0,1,11,1,1,6,1,67,10,2902,2,11,7,1,7
201831D001018,2,9,0,1,9,0,0,0,0,0,3,1,6,2,30,6,1598,1,14,9,1,9
201831D001118,1,9,0,9,0,8,0,0,1,1,1,1,2,1,24,5,1984,1,3,10,2,10
201831D001218,1,9,0,18,0,0,0,0,0,0,1,1,6,1,24,5,1596,1,4,2,1,2
201831D001218,2,9,0,18,0,0,1,0,0,0,2,1,6,1,25,5,1998,1,9,2,1,2
201831D001518,1,9,0,18,0,0,1,0,1,9,1,1,6,1,27,6,1596,1,13,10,2,10
201831D001718,1,9,0,18,0,0,1,0,1,0,3,1,1,2,23,5,-1,-1,-1,7,1,7
201831D001718,2,9,0,18,0,0,0,0,0,0,4,1,1,2,45,7,1598,2,5,5,1,5
201831D002418,1,11,0,18,0,0,0,0,0,0,1,1,1,1,65,9,6700,2,6,6,1,6
201831D002418,2,9,0,18,0,0,0,10,1,4,3,1,6,2,61,9,999,1,4,6,1,6
201831D002718,1,9,0,9,0,8,1,0,7,2,1,1,6,1,83,11,1242,1,3,10,2,10
201831D002718,2,9,0,18,0,8,1,0,0,0,1,1,6,1,36,7,1198,1,11,10,1,10
201831D004218,1,9,0,18,0,0,0,4,0,0,1,1,6,1,43,7,1997,2,8,2,1,2
201831D004218,2,9,0,2,0,0,0,0,0,0,3,1,6,3,-1,-1,1582,2,-1,-1,-1,-1
201831D004918,1,9,0,17,0,0,2,0,2,0,1,1,2,1,32,6,-1,-1,-1,9,1,9
201831D005418,1,9,0,18,0,1,0,0,0,0,1,1,2,2,21,5,1598,1,9,1,1,1
201831D005418,2,9,0,3,0,1,0,0,0,0,2,1,2,1,53,8,1968,2,9,5,1,5
201831D005418,3,9,0,3,0,1,0,0,0,0,2,1,2,1,47,8,1349,1,11,1,1,1
201831D006918,1,9,0,9,0,5,0,0,0,0,1,1,6,1,23,5,1969,2,2,9,3,9
201831D006918,2,9,0,18,0,8,0,0,0,0,1,1,6,1,31,6,1360,1,18,9,1,9
201831D007718,1,9,0,16,0,0,0,0,0,0,1,1,2,1,41,7,1299,1,13,-1,-1,-1
201831D007818,1,19,0,18,0,0,0,0,0,0,4,1,1,1,35,6,2198,2,7,8,1,8
201831D008018,1,9,0,18,0,8,0,0,7,1,4,1,1,1,21,5,1364,1,13,9,1,9
201831D008018,2,19,0,18,0,8,0,0,1,1,1,1,1,1,57,9,-1,-1,-1,7,1,7
201831D008018,3,9,0,3,0,1,0,0,0,0,1,1,1,2,-1,-1,1364,2,2,8,1,8
201831D008118,1,9,0,9,0,8,0,0,0,0,1,1,1,1,54,8,1999,1,15,1,1,1
201831D008118,2,1,0,18,4,1,0,0,0,0,1,1,1,1,27,6,-1,-1,-1,8,1,8
201831D008318,1,9,0,9,0,6,0,0,0,0,1,1,2,2,60,9,1339,1,4,10,2,10
201831D008318,2,1,0,18,0,8,0,0,0,0,1,1,2,1,35,6,-1,-1,-1,10,2,10
201831D009018,1,9,0,9,0,5,0,0,0,0,1,1,1,1,52,8,1984,1,5,10,1,10
201831D009018,2,19,0,18,0,8,0,0,0,0,1,1,2,1,24,5,2143,2,8,6,3,6
201831D009218,1,9,0,17,0,0,5,0,1,0,0,1,6,1,56,9,-1,-1,-1,1,1,1
201831D009418,1,9,0,9,0,6,0,0,0,0,1,1,3,2,32,6,1598,1,16,4,1,4
201831D010718,1,9,0,7,0,6,0,0,0,0,1,1,6,1,20,4,1390,1,9,7,1,7
201831D010718,2,9,0,18,0,8,0,0,0,0,4,2,6,1,29,6,4163,1,11,3,1,3
201831D011418,1,9,0,18,0,0,0,0,0,0,1,1,6,1,-1,-1,-1,-1,-1,-1,-1,-1
201831D011418,2,90,0,14,0,0,0,0,0,0,1,1,6,1,12,3,-1,-1,-1,6,1,6
201831D012118,1,9,0,18,0,4,0,0,0,0,1,1,6,1,33,6,1995,2,6,10,3,10
201831D012118,2,9,0,18,0,4,0,0,0,0,2,1,1,2,34,6,999,1,2,4,1,4
201831D012618,1,9,0,18,0,1,0,0,0,0,1,1,6,1,-1,-1,1968,2,4,-1,-1,-1
201831D012618,2,9,0,4,0,1,0,0,0,0,2,1,6,1,35,6,1896,2,14,3,1,3
201831D012818,1,9,0,18,0,0,1,0,1,11,1,1,6,2,25,5,1398,1,7,7,3,7
201831D013318,1,5,0,18,0,0,1,10,1,0,1,1,6,1,28,6,599,1,19,7,1,7
201831D013618,1,9,0,1,0,0,0,0,1,11,2,1,6,1,85,11,1598,1,15,9,1,9
201831D014318,1,9,0,9,0,6,0,0,0,0,1,1,6,2,55,8,1360,1,12,7,1,7
201831D014318,2,1,0,14,0,8,0,0,0,0,1,1,6,2,54,8,-1,-1,-1,10,1,10
201831D014518,1,20,0,3,0,6,1,0,0,0,0,1,6,3,-1,-1,-1,-1,-1,-1,-1,-1
201831D014518,2,9,0,9,0,5,0,0,0,0,1,1,2,2,25,5,1598,1,11,-1,-1,-1
201831D014518,3,9,0,3,0,1,0,0,0,0,1,1,2,1,50,8,998,1,1,1,1,1
201831D014518,4,9,0,3,0,1,0,0,0,0,1,1,2,1,62,9,2143,2,3,-1,-1,-1
201831D014718,1,19,0,17,0,0,0,0,0,0,4,1,6,1,-1,-1,3920,2,12,-1,-1,-1
201831D014718,2,11,0,16,0,0,0,0,0,0,3,1,1,1,58,9,4250,2,4,2,1,2
201831D015418,1,9,0,18,0,0,0,0,0,0,1,1,2,2,32,6,1995,2,6,7,1,7
201831D016218,1,9,0,18,0,1,1,0,0,0,1,1,6,2,26,6,1229,1,12,3,2,3
201831D016218,2,9,0,3,0,1,0,0,0,0,2,1,6,2,44,7,1364,1,1,5,2,5
201831D016518,1,9,0,18,0,0,0,0,0,0,1,1,6,2,38,7,1560,2,3,4,1,4
201831D016918,1,9,0,18,0,1,5,4,0,0,1,1,6,2,86,11,1386,1,8,8,1,8
201831D016918,2,9,0,2,0,1,0,4,0,0,2,1,6,3,-1,-1,1560,2,2,-1,-1,-1
201831D016918,3,19,0,2,0,1,0,0,0,0,1,1,6,3,-1,-1,2488,2,4,-1,-1,-1
201831D017018,1,9,0,18,9,5,0,0,1,10,1,1,6,1,38,7,1595,1,5,10,3,10
201831D017218,1,9,0,18,0,4,0,0,1,0,1,1,2,2,-1,-1,1598,1,13,8,1,8
201831D017218,2,9,0,9,0,4,0,0,0,0,1,1,6,2,-1,-1,1197,1,8,5,1,5
201831D017618,1,17,4,18,0,1,1,0,0,0,1,1,1,1,28,6,6596,2,1,7,3,7
201831D017618,2,9,0,10,0,1,0,0,1,1,2,1,6,2,38,7,1398,1,6,7,2,7
201831D017818,1,9,0,9,0,5,0,0,0,0,1,1,6,1,90,11,1229,1,9,4,1,4
201831D019318,1,11,0,4,0,0,0,0,0,0,0,1,1,1,31,6,-1,-1,-1,1,1,1
201831D019518,1,11,0,18,0,7,0,0,0,0,0,1,1,1,53,8,7300,2,10,4,1,4
201831D020118,1,9,0,4,0,0,0,0,0,0,0,1,6,1,-1,-1,-1,-1,-1,-1,-1,-1
201831D020118,2,11,0,18,0,0,0,0,0,0,0,1,1,1,26,6,9000,2,3,1,1,1
201831D020618,1,9,0,18,0,0,0,4,0,0,1,1,6,1,36,7,-1,-1,-1,10,2,10
201831D020618,2,9,0,2,0,0,0,0,0,0,2,1,4,1,81,11,1984,1,24,-1,-1,-1
201831D021118,1,19,0,9,0,6,0,0,0,0,1,1,1,1,31,6,2143,2,2,2,1,2
201831D021118,2,9,0,18,0,8,0,0,1,0,4,1,2,1,49,8,1986,2,11,10,1,10
201831D021318,1,9,0,9,0,8,0,0,0,0,1,1,1,1,29,6,1198,1,6,6,1,6
201831D021318,2,9,0,13,0,8,0,0,1,0,2,1,1,2,47,8,1598,1,4,10,3,10
201831D021318,3,11,0,2,0,2,0,0,0,0,2,1,1,1,26,6,6700,2,7,6,1,6
201831D022518,1,9,0,12,0,0,0,0,0,0,1,1,6,3,-1,-1,-1,-1,-1,-1,-1,-1
201831D022518,2,9,0,18,0,0,0,0,0,0,2,1,2,1,30,6,1995,2,7,9,2,9
201831D023018,1,9,0,18,0,8,0,0,0,0,1,1,6,1,74,10,1997,2,5,3,1,3
201831D023018,2,9,0,9,0,6,0,0,0,0,1,1,6,1,68,10,1598,2,1,5,1,5
201831D024618,1,9,0,17,0,0,2,0,1,4,1,1,6,1,83,11,-1,-1,-1,10,2,10
201831D025118,1,9,0,18,0,0,0,0,0,0,1,1,2,2,28,6,1360,1,12,8,1,8
201831D025118,2,9,0,4,0,0,0,0,0,0,2,1,2,1,60,9,2198,2,12,1,1,1
201831D025318,1,9,0,17,0,0,0,0,0,0,0,1,6,1,20,4,1149,1,14,1,1,1
201831D025618,1,21,1,9,0,6,0,0,0,0,3,1,1,1,40,7,-1,-1,-1,3,1,3
201831D025618,2,1,0,18,0,8,0,0,0,0,3,1,2,1,48,8,-1,-1,-1,8,1,8
201831D026818,1,9,0,3,0,7,0,0,0,0,2,1,6,2,29,6,1461,2,11,8,1,8
201831D026818,2,9,0,18,0,7,0,0,0,0,1,1,6,1,68,10,1598,1,5,9,1,9
201831D026818,3,9,0,18,0,7,0,0,0,0,1,1,6,2,23,5,1242,1,6,2,1,2
201831D026818,4,9,0,18,0,7,0,0,0,0,1,1,6,1,43,7,1596,1,11,1,1,1
201831D026818,5,9,0,18,0,7,0,0,0,0,1,1,6,1,41,7,1229,1,7,6,2,6
201831D027118,1,9,0,18,0,0,5,10,0,0,4,1,2,1,25,5,1598,2,5,4,1,4
201831D027518,1,9,0,9,0,8,0,0,0,0,2,1,6,1,49,8,1969,2,2,2,1,2
201831D027518,2,9,0,18,0,8,0,0,0,0,1,1,6,1,38,7,1596,1,11,2,1,2
201831D027818,1,5,0,13,0,8,1,0,0,0,1,1,6,1,35,6,748,1,11,5,1,5