Accident_Index,Vehicle_Reference,Vehicle_Type,Towing_and_Articulation,Vehicle_Manoeuvre,Vehicle_Location-Restricted_Lane,Junction_Location,Skidding_and_Overturning,Hit_Object_in_Carriageway,Vehicle_Leaving_Carriageway,Hit_Object_off_Carriageway,1st_Point_of_Impact,Was_Vehicle_Left_Hand_Drive?,Journey_Purpose_of_Driver,Sex_of_Driver,Age_of_Driver,Age_Band_of_Driver,Engine_Capacity_(CC),Propulsion_Code,Age_of_Vehicle,Driver_IMD_Decile,Driver_Home_Area_Type,Vehicle_IMD_Decile
201831D027818,2,19,0,9,0,6,0,0,0,0,3,1,6,1,36,7,1686,2,13,1,1,1
201831D028518,1,11,0,17,0,6,0,7,0,0,1,1,1,3,-1,-1,9000,2,4,-1,-1,-1
201831D028518,2,11,0,17,0,6,0,0,0,0,0,1,1,1,32,6,7300,2,10,1,1,1
201831D028718,1,9,0,9,0,6,0,0,0,0,3,1,6,2,20,4,698,1,12,7,1,7
201831D028718,2,9,0,18,0,6,0,0,0,0,1,1,6,2,40,7,1598,1,6,5,1,5
201831D029018,1,9,0,18,0,0,0,0,1,11,1,1,6,2,23,5,998,1,5,6,1,6
201831D029518,1,9,0,7,0,5,0,0,0,0,1,1,6,1,48,8,998,1,3,8,1,8
201831D030418,1,9,0,18,0,0,0,10,7,0,1,1,6,1,36,7,1896,2,16,3,1,3
201831D030818,1,9,0,1,9,1,0,0,0,0,2,1,6,2,43,7,1198,1,6,9,3,9
201831D033518,1,9,0,9,0,6,0,0,0,0,1,1,6,1,35,6,1499,1,2,4,1,4
201831D033718,1,9,0,9,0,6,0,0,0,0,1,1,6,2,50,8,2967,1,10,9,3,9
201831D033718,2,9,0,18,0,8,0,0,1,0,2,1,6,1,25,5,1390,1,16,7,1,7
201831D033918,1,1,0,18,0,0,0,0,0,0,1,1,6,1,44,7,-1,-1,-1,2,1,2
201831D033918,2,19,0,13,0,0,0,0,0,0,2,1,2,1,64,9,2798,2,12,8,1,8
201831D034518,1,21,1,9,0,4,0,0,0,0,1,1,6,1,-1,-1,12902,2,2,-1,-1,-1
201831D034518,2,9,0,18,0,8,0,0,0,0,4,1,6,2,45,7,1591,1,6,7,3,7
201831D034618,1,9,0,4,0,4,0,0,0,0,1,1,6,1,44,7,2191,2,6,9,1,9
201831D034618,2,9,0,4,0,4,0,0,0,0,1,1,6,2,35,6,1598,2,5,3,1,3
201831D035218,1,9,0,9,0,5,0,0,0,0,3,1,6,1,73,10,-1,-1,-1,10,1,10
201831D035218,2,5,0,18,0,8,0,0,0,0,1,1,6,1,32,6,1074,1,36,3,1,3
201831D035318,1,9,0,7,0,6,0,0,0,0,1,1,6,1,-1,-1,1998,2,9,-1,-1,-1
201831D035318,2,9,0,18,0,8,0,0,1,4,4,1,6,1,58,9,1368,1,14,6,3,6
201831D035418,1,19,0,13,0,0,0,0,0,0,4,1,1,1,44,7,1499,2,2,5,1,5
201831D035418,2,1,0,18,0,0,0,0,0,0,3,1,6,1,55,8,-1,-1,-1,7,1,7
201831D036718,1,9,0,16,0,1,1,0,0,0,3,1,1,2,18,4,999,1,1,8,1,8
201831D036718,2,9,0,18,0,1,0,0,0,0,1,1,3,2,36,7,1910,2,12,5,1,5
201831D036818,1,9,0,17,0,8,0,0,2,0,4,1,6,1,56,9,-1,-1,-1,-1,-1,-1
201831D037018,1,9,0,17,0,0,0,0,0,0,1,1,2,1,28,6,1686,2,16,6,1,6
201831D037018,2,9,0,16,0,0,0,0,0,0,1,1,6,1,54,8,1984,1,1,6,3,6
201831D037518,1,9,0,18,0,5,0,0,0,0,3,1,6,1,58,9,1364,1,8,10,1,10
201831D037518,2,3,0,18,0,8,0,0,0,0,1,1,6,1,45,7,125,1,6,9,1,9
201831D037718,1,9,0,18,0,0,0,0,1,0,0,1,2,1,36,7,1399,1,8,5,1,5
201831D037818,1,9,0,13,0,0,5,0,5,6,4,1,6,1,22,5,1248,1,5,5,1,5
201831D037818,2,17,0,18,0,0,0,0,0,0,3,1,6,1,31,6,-1,2,34,9,2,9
201831D037918,1,9,0,18,0,0,0,0,7,4,1,1,6,2,20,4,1229,1,11,5,1,5
201831D039218,1,19,0,13,0,0,0,0,0,0,4,1,6,1,-1,-1,1248,2,2,-1,-1,-1
201831D039218,2,1,0,18,0,0,0,0,0,0,3,1,1,1,27,6,-1,-1,-1,10,2,10
201831D039418,1,9,0,18,0,8,0,0,0,0,1,1,3,2,36,7,1229,1,3,4,1,4
201831D039418,2,9,0,9,0,5,0,0,0,0,1,1,6,2,33,6,1956,2,6,9,1,9
201831D039718,1,19,0,18,0,0,0,0,0,0,1,1,1,1,58,9,2143,2,6,10,3,10
201831D039718,2,9,0,3,0,0,0,0,0,0,2,1,2,1,31,6,1968,2,2,8,1,8
201831D039718,3,9,0,3,0,0,0,0,0,0,2,1,2,1,45,7,-1,-1,-1,7,3,7
201831D039718,4,9,0,3,0,0,0,0,0,0,2,1,2,2,48,8,1200,1,3,1,1,1
201831D040018,1,9,0,18,0,0,0,0,0,0,1,1,2,2,24,5,1598,1,14,6,1,6
201831D040018,2,9,0,18,0,0,0,0,0,0,2,1,2,2,19,4,1995,2,12,3,1,3
201831D040318,1,9,0,9,0,8,2,0,1,11,1,1,1,1,58,9,1396,1,16,-1,-1,-1
201831D040418,1,9,0,18,0,0,0,0,0,0,1,1,6,2,34,6,1596,1,5,10,2,10
201831D040618,1,9,0,9,0,6,0,0,0,0,3,1,6,1,58,9,1364,1,11,-1,-1,-1
201831D040618,2,3,0,18,0,8,0,0,0,0,1,1,1,1,57,9,599,1,13,4,1,4
201831D040718,1,9,0,9,0,5,0,0,0,0,1,1,6,3,-1,-1,1984,1,15,-1,-1,-1
201831D040718,2,1,0,18,9,8,0,0,0,0,3,1,6,1,12,3,-1,-1,-1,4,1,4
201831D040818,1,9,0,18,0,0,0,0,0,0,4,1,6,1,54,8,1799,1,8,2,1,2
201831D041018,1,9,0,6,0,8,0,0,0,0,3,1,6,1,-1,-1,-1,-1,-1,-1,-1,-1
201831D041018,2,1,0,18,0,8,0,0,0,0,1,1,6,1,18,4,-1,-1,-1,6,1,6
201831D041718,1,9,0,18,0,1,0,0,2,11,1,1,6,1,90,11,1198,1,3,6,1,6
201831D041718,2,9,0,18,0,2,0,0,0,0,1,1,6,1,69,10,2987,2,6,10,1,10
201831D041818,1,9,0,16,0,0,1,0,0,0,1,1,6,1,45,7,2993,2,14,4,1,4
201831D041818,2,9,0,17,0,0,0,0,0,0,1,1,6,1,44,7,2967,2,4,10,2,10
201831D042118,1,11,0,4,0,1,0,0,0,0,0,1,1,1,55,8,4250,2,6,4,1,4
201831D042218,1,9,0,18,0,2,0,0,0,0,1,1,6,1,25,5,1910,2,12,5,1,5
201831D042218,2,9,0,18,0,8,0,0,0,0,3,1,6,1,34,6,1968,2,8,6,1,6
201831D042318,1,9,0,16,0,3,0,0,0,0,0,2,6,1,30,6,1995,2,9,4,1,4
201831D042818,1,9,0,18,0,1,0,0,0,0,1,1,2,1,45,7,1997,2,7,3,1,3
201831D043218,1,9,0,18,0,8,0,0,0,0,1,1,1,1,39,7,1390,1,16,1,1,1
201831D043218,2,10,0,18,0,8,0,0,0,0,2,1,6,1,43,7,-1,-1,-1,8,1,8
201831D043518,1,19,0,18,0,8,0,0,0,0,3,1,6,1,41,7,1753,2,11,6,1,6
201831D043518,2,9,0,9,0,6,0,0,0,0,1,1,6,1,-1,-1,1999,1,11,10,2,10
201831D043718,1,9,0,18,0,0,0,0,0,0,3,1,6,2,79,11,1339,1,10,9,1,9
201831D043718,2,21,0,11,0,0,0,0,0,0,4,1,1,1,31,6,10837,2,3,2,1,2
201831D044518,1,9,0,13,0,0,1,0,0,0,1,1,6,1,39,7,1988,1,16,3,1,3
201831D044518,2,9,0,18,0,0,0,0,0,0,2,1,6,1,44,7,1395,1,2,10,1,10
201831D044918,1,9,0,7,0,6,0,0,0,0,1,1,6,2,52,8,1600,2,7,9,1,9
201831D045818,1,9,0,16,0,0,0,0,7,10,1,1,6,1,44,7,1997,2,7,9,2,9
201831D046018,1,9,0,18,0,7,0,0,0,0,1,1,6,2,47,8,1798,1,6,6,1,6
201831D046018,2,9,0,3,0,7,0,0,0,0,2,1,6,2,42,7,1598,1,11,10,2,10
201831D046618,1,9,0,18,0,0,0,0,0,0,1,1,6,1,41,7,2967,2,12,10,3,10
201831D046818,1,9,0,12,0,1,5,0,4,6,1,1,6,1,51,8,2457,1,13,6,1,6
201831D046818,2,9,0,18,0,1,1,0,0,0,1,1,6,2,29,6,1995,2,2,9,1,9
201831D047118,1,9,0,9,0,6,0,0,0,0,1,1,6,2,18,4,1198,1,5,9,3,9
201831D047118,2,9,0,18,0,1,0,0,0,0,1,1,6,2,18,4,1598,2,5,10,3,10
201831D049318,1,3,0,14,0,8,1,0,0,0,1,1,6,1,14,3,-1,-1,-1,4,1,4
201831D049318,2,9,0,9,0,6,0,0,0,0,4,1,6,1,49,8,1896,2,10,6,2,6
201831D049618,1,19,0,7,0,5,0,0,0,0,3,1,6,1,-1,-1,-1,-1,-1,-1,-1,-1
201831D049618,2,1,0,10,0,6,0,0,0,0,3,1,6,1,14,3,-1,-1,-1,8,3,8
201831D050218,1,9,0,18,0,1,0,4,0,0,1,1,6,2,52,8,-1,-1,-1,8,1,8
201831D050218,2,9,0,2,0,2,0,0,1,0,2,1,6,1,30,6,800,1,-1,6,1,6
201831D050918,1,9,0,9,0,5,0,0,0,0,1,1,2,2,35,6,1686,2,7,-1,-1,-1
201831D051318,1,9,0,18,0,1,0,0,0,0,1,1,6,1,-1,-1,1799,1,10,7,1,7
201831D052418,1,9,0,12,0,0,0,0,0,0,1,1,6,1,17,4,1398,1,1,10,2,10
201831D052418,2,19,0,18,0,0,0,0,0,0,1,1,6,1,47,8,1870,2,15,5,1,5
201831D052618,1,9,0,13,0,5,0,0,0,0,1,1,6,1,19,4,1461,2,2,6,1,6
201831D052618,2,9,0,9,0,5,0,0,0,0,3,1,1,2,57,9,1580,8,1,8,1,8
201831D052718,1,9,0,12,0,1,0,0,0,0,3,1,1,1,41,7,1968,2,10,10,-1,10
201831D052718,2,9,0,18,0,1,0,0,0,0,2,1,6,1,31,6,1896,2,13,1,1,1
201831D052718,3,21,1,3,0,1,0,0,0,0,2,1,1,1,52,8,10837,2,6,-1,-1,-1
201831D053018,1,9,0,18,0,8,0,0,0,0,1,1,6,1,31,6,3200,1,18,3,1,3
201831D053018,2,8,0,18,0,8,0,0,0,0,2,1,1,1,63,9,1797,8,8,3,1,3
201831D054018,1,9,0,18,0,1,0,0,0,0,1,1,6,1,25,5,1198,1,14,3,1,3
201831D054018,2,9,0,3,0,8,0,0,0,0,2,1,6,1,41,7,998,1,5,8,1,8
201831D054018,3,9,0,10,0,8,0,0,0,0,2,1,1,1,24,5,1248,2,5,3,1,3
201831D054318,1,9,0,7,0,3,0,0,0,0,3,1,6,1,26,6,1461,2,8,10,3,10
201831D054318,2,9,0,18,0,8,0,0,0,0,3,1,6,2,22,5,1242,1,2,8,1,8
201831D054418,1,9,0,5,8,0,0,0,0,0,2,1,6,1,72,10,1995,2,1,10,3,10
201831D054418,2,9,0,18,0,0,0,0,0,0,4,1,6,2,45,7,1968,2,9,5,1,5
201831D054718,1,22,0,18,0,6,0,0,0,0,4,1,6,1,97,11,-1,-1,-1,9,1,9
201831D054718,2,9,0,18,0,8,0,0,0,0,1,1,6,2,27,6,1242,1,6,10,1,10
201831D054918,1,9,0,17,0,0,2,0,1,11,1,1,6,1,45,7,1896,2,15,6,1,6
201831D055618,1,9,0,13,0,0,0,7,0,0,1,1,6,2,31,6,1991,2,9,2,1,2
201831D055618,2,9,0,18,0,0,0,0,0,0,0,1,6,2,22,5,1198,1,-1,10,1,10
201831D055718,1,9,0,18,0,8,0,0,0,0,1,1,6,1,25,5,1200,1,4,1,1,1
201831D055718,2,9,0,9,0,5,0,0,0,0,1,1,1,1,51,8,2499,2,19,2,1,2
201831D056118,1,9,0,9,0,5,0,0,0,0,1,1,6,1,25,5,1229,1,12,7,3,7
201831D056118,2,9,0,18,0,8,0,0,0,0,1,1,6,1,40,7,1499,1,2,-1,-1,-1
201831D056518,1,9,0,18,0,1,0,0,6,10,1,1,2,1,56,9,5461,1,10,1,1,1
201831D056518,2,9,0,18,0,1,0,0,0,0,3,1,1,1,34,6,2143,2,5,3,1,3
201831D056518,3,9,0,18,0,1,0,0,0,0,1,1,2,1,23,5,1796,2,5,10,1,10
201831D056518,4,9,0,18,0,1,0,0,0,0,1,1,6,1,62,9,1999,2,2,8,3,8
201831D056718,1,9,0,18,0,0,0,0,1,4,1,1,6,2,50,8,998,1,1,10,1,10
201831D056818,1,9,0,14,0,2,0,0,0,0,4,1,6,1,27,6,1390,1,11,2,1,2
201831D057218,1,11,0,9,0,6,0,0,0,0,0,1,1,1,26,6,-1,-1,-1,2,1,2
201831D057418,1,9,0,7,1,5,0,0,0,0,0,1,6,1,-1,-1,3456,8,5,-1,-1,-1
201831D057418,2,3,0,18,0,1,1,0,0,0,4,1,6,1,30,6,124,1,6,6,1,6
201831D058618,1,9,0,18,0,8,0,0,0,0,3,1,6,1,84,11,1560,2,4,4,1,4
201831D058618,2,9,0,18,0,6,0,0,0,0,1,1,6,1,38,7,1560,2,14,9,1,9
201831D058918,1,9,0,16,0,0,0,0,0,0,1,1,2,1,28,6,2143,2,6,9,3,9
201831D058918,2,9,0,16,0,0,0,0,0,0,2,1,2,2,29,6,1995,2,8,7,1,7
201831D059118,1,9,0,18,0,0,0,4,0,0,4,1,1,2,20,4,1598,1,6,9,3,9
201831D059118,2,9,0,2,0,0,0,0,0,0,4,1,6,3,-1,-1,1229,1,11,-1,-1,-1
201831D059318,1,9,0,18,0,8,0,4,0,0,3,1,1,1,28,6,1398,1,7,2,1,2
201831D059318,2,19,0,5,0,6,0,0,0,0,1,1,1,1,28,6,1598,2,1,2,1,2
201831D059318,3,9,0,2,0,2,0,0,0,0,4,1,6,3,-1,-1,1995,2,2,-1,-1,-1
201831D059618,1,9,0,18,0,0,0,0,0,0,1,1,6,1,45,7,1910,2,12,-1,-1,-1
201831D059618,2,9,0,3,0,0,0,0,0,0,2,1,6,2,43,7,-1,-1,-1,5,1,5
201831D061218,1,9,0,18,0,4,0,0,0,0,1,1,6,1,20,4,1197,1,1,8,1,8
201831D061218,2,1,0,18,0,8,0,0,0,0,4,1,6,1,18,4,-1,-1,-1,1,1,1
201831D062018,1,9,0,13,0,0,0,0,1,3,4,1,6,3,-1,-1,1995,2,12,-1,-1,-1
201831D062018,2,9,0,18,0,0,0,0,0,0,3,1,6,1,56,9,1329,1,4,8,1,8
201831D062018,3,9,0,2,9,0,0,0,0,0,4,1,6,1,30,6,998,1,1,-1,-1,-1
201831D062718,1,9,0,13,0,8,0,0,7,4,1,1,6,2,24,5,1242,1,9,1,1,1
201831D062718,2,17,0,9,0,8,0,0,1,0,3,2,1,1,54,8,3620,2,4,-1,-1,-1
201831D063018,1,21,1,18,0,1,0,0,0,0,1,1,1,1,44,7,12809,2,5,4,2,4
201831D063018,2,9,0,3,0,1,0,0,0,0,2,1,6,1,25,5,1995,2,5,4,2,4
201831D063618,1,9,0,14,0,0,0,0,0,0,4,1,6,3,-1,-1,-1,-1,-1,-1,-1,-1
201831D063618,2,90,0,2,0,0,0,0,0,0,3,1,1,3,-1,-1,-1,-1,-1,-1,-1,-1
201831D063718,1,9,0,18,0,4,0,0,0,0,1,1,6,3,-1,-1,-1,-1,-1,-1,-1,-1
201831D063718,2,1,0,18,0,8,0,0,0,0,4,1,6,1,17,4,-1,-1,-1,10,1,10
201831D063918,1,9,0,3,0,1,0,0,0,0,2,1,6,1,48,8,1797,8,7,1,1,1
201831D063918,2,9,0,18,0,1,0,0,0,0,1,1,6,3,-1,-1,-1,-1,-1,-1,-1,-1
201831D064218,1,10,0,18,0,0,0,0,0,0,1,1,2,1,47,8,-1,-1,-1,1,1,1
201831D064218,2,9,0,6,0,0,0,0,0,0,4,1,2,1,68,10,973,1,16,8,2,8
201831D064318,1,9,0,18,0,1,0,7,0,0,1,1,6,2,18,4,1298,1,15,9,1,9
201831D065218,1,19,0,18,0,1,0,0,0,0,1,1,1,1,23,5,2299,2,7,3,1,3
201831D065218,2,9,0,18,0,3,0,0,0,0,1,1,6,3,-1,-1,-1,-1,-1,-1,-1,-1
201831D065318,1,9,0,11,7,0,0,4,1,0,1,1,6,1,25,5,1598,2,5,4,1,4
201831D065318,2,21,1,2,6,0,0,0,0,0,2,1,6,1,63,9,12740,2,1,1,1,1
201831D065918,1,11,0,18,0,0,0,0,0,0,0,1,1,1,41,7,4461,2,5,8,1,8
201831D066518,1,8,0,9,0,8,0,0,0,0,1,1,2,1,40,7,2402,2,16,2,1,2
201831D066518,2,3,0,18,0,4,0,0,0,0,4,1,2,1,39,7,124,1,8,2,1,2
201831D067218,1,1,0,9,0,5,1,0,0,0,0,1,6,1,54,8,-1,-1,-1,9,1,9
201831D067518,1,19,0,11,0,0,0,0,0,0,0,1,6,1,-1,-1,1968,2,5,-1,-1,-1
201831D067518,2,1,0,18,0,0,0,0,0,0,0,1,1,1,34,6,-1,-1,-1,3,1,3
201831D067618,1,9,0,18,0,1,0,0,0,0,1,1,6,3,-1,-1,1388,1,7,-1,-1,-1
201831D067618,2,9,0,3,0,1,0,0,0,0,2,1,6,2,50,8,-1,-1,-1,10,1,10
201831D067718,1,90,0,18,9,8,0,0,0,0,1,1,6,1,14,3,-1,-1,-1,4,1,4
201831D067918,1,9,0,4,0,0,0,0,0,0,2,1,6,1,-1,-1,-1,-1,-1,-1,-1,-1
201831D067918,2,9,0,18,0,0,0,0,0,0,2,1,6,1,30,6,1596,1,13,6,1,6
201831D067918,3,9,0,18,0,0,0,0,0,0,1,1,6,2,30,6,1596,1,11,1,1,1
201831D068218,1,19,0,1,0,0,0,0,0,0,2,1,6,1,-1,-1,1560,2,10,-1,-1,-1
201831D068218,2,9,0,18,0,0,0,0,0,0,1,1,6,1,30,6,2967,2,5,9,3,9
201831D069218,1,9,0,14,0,0,0,0,1,0,1,1,6,1,23,5,1395,1,1,8,1,8
201831D069218,2,9,0,2,0,0,0,0,0,0,2,1,6,3,-1,-1,2497,2,13,-1,-1,-1
201831D069918,1,9,0,18,0,8,0,0,0,0,3,1,6,1,64,9,1596,1,16,8,3,8
201831D069918,2,4,0,18,0,3,0,0,0,0,3,1,6,1,69,10,250,1,1,5,1,5
201831D070018,1,9,0,9,0,4,0,0,0,0,1,1,6,2,40,7,1995,2,1,7,-1,7
201831D070018,2,1,0,18,0,3,0,0,0,0,4,1,6,1,53,8,-1,-1,-1,10,1,10
201831D071518,1,9,0,18,0,8,5,9,0,0,1,1,6,1,33,6,1598,1,17,6,1,6
201831D072018,1,9,0,18,1,0,5,0,0,0,1,1,6,1,23,5,1149,1,15,-1,-1,-1
201831D072018,2,9,0,18,0,0,0,0,0,0,2,1,6,1,61,9,2993,2,8,4,1,4
201831D072518,1,9,0,17,0,8,0,4,0,0,1,1,6,1,23,5,1364,1,3,-1,-1,-1
201831D072518,2,11,0,18,0,2,0,0,0,0,3,1,1,1,27,6,9000,2,4,4,1,4
201831D072518,3,9,0,2,0,2,0,0,0,0,2,1,6,1,-1,-1,1598,1,6,-1,-1,-1
201831D073618,1,9,0,18,0,3,0,0,0,0,3,1,6,3,-1,-1,1596,1,14,-1,-1,-1
201831D073618,2,3,0,11,0,3,0,0,0,0,4,1,1,1,17,4,124,1,4,1,1,1
201831D074318,1,3,0,13,0,8,0,0,0,0,4,1,6,1,16,4,125,1,1,1,1,1
201831D074318,2,9,0,9,0,5,0,0,0,0,3,1,6,2,24,5,1149,1,12,1,1,1
201831D075218,1,9,0,2,0,2,0,0,0,0,3,1,6,2,56,9,1998,1,11,7,1,7
201831D075218,2,9,0,18,0,2,0,4,0,0,1,1,6,2,68,10,1198,1,6,9,1,9
201831D075418,1,9,0,18,0,0,0,0,0,0,1,1,6,1,-1,-1,1984,1,11,-1,-1,-1
201831D075418,2,9,0,4,0,0,0,0,0,0,2,1,6,1,44,7,1986,2,11,2,1,2
201831D075818,1,9,0,16,0,1,0,0,0,0,3,1,6,2,28,6,1149,1,8,2,1,2
201831D075818,2,9,0,17,0,2,0,0,0,0,3,1,6,1,28,6,1598,1,12,3,1,3
201831D075918,1,1,0,18,0,0,0,0,0,0,4,1,6,1,46,8,-1,-1,-1,8,2,8
201831D076018,1,9,0,18,0,0,0,0,0,0,1,1,6,2,47,8,1999,1,25,-1,-1,-1
201831D076018,2,19,0,18,0,0,0,0,0,0,1,1,6,1,55,8,1598,2,3,10,3,10
201831D076018,3,9,0,18,0,0,0,0,0,0,2,1,6,1,71,10,2993,2,6,10,2,10
201831D076418,1,9,0,7,0,6,0,0,0,0,3,1,6,2,27,6,1398,2,10,10,1,10
201831D076418,2,9,0,18,0,8,0,0,0,0,1,1,6,1,60,9,1796,1,13,8,1,8
201831D077518,1,9,0,18,0,0,0,10,1,9,4,1,6,1,38,7,1461,2,2,4,1,4
201831D077718,1,9,0,18,0,2,0,0,0,0,1,1,6,1,28,6,-1,-1,-1,4,1,4
201831D077818,1,9,0,18,0,6,0,0,0,0,3,1,6,1,87,11,998,1,9,9,3,9
201831D077818,2,9,0,18,0,8,0,0,0,0,1,1,6,2,50,8,1598,1,12,10,1,10
201831D078118,1,9,0,9,0,1,0,0,0,0,3,1,6,3,-1,-1,1496,2,-1,-1,-1,-1
201831D078118,2,5,0,13,0,1,0,0,0,0,4,1,6,1,52,8,689,1,4,2,1,2
201831D078318,1,9,0,9,0,1,0,0,0,0,0,1,6,3,-1,-1,-1,-1,-1,-1,-1,-1
201831D078318,2,10,0,18,0,2,0,0,0,0,2,1,1,1,-1,-1,2143,2,2,7,1,7
201831D078318,3,9,0,18,0,2,0,0,0,0,1,1,6,3,-1,-1,-1,-1,-1,-1,-1,-1
201831D078518,1,9,0,8,0,1,0,0,0,0,4,1,6,1,35,6,1493,1,16,9,1,9
201831D078518,2,1,0,15,0,1,0,8,0,0,1,1,6,1,44,7,-1,-1,-1,10,1,10
201831D078818,1,8,0,9,0,5,0,0,0,0,3,1,1,1,40,7,1896,2,8,1,1,1
201831D078818,2,9,0,13,0,8,0,0,7,10,1,1,6,2,32,6,1560,2,4,9,1,9
201831D078918,1,1,0,18,0,1,0,0,0,0,3,1,6,1,14,3,-1,-1,-1,3,1,3
201831D078918,2,9,0,18,0,1,0,0,0,0,1,1,6,1,39,7,1586,1,3,6,1,6
201831D079018,1,9,0,1,9,6,0,0,0,0,2,1,1,1,56,9,-1,-1,-1,8,1,8
201831D079318,1,9,0,9,0,6,0,0,0,0,4,1,1,1,46,8,2400,2,1,5,3,5
201831D079318,2,9,0,18,0,8,0,0,0,0,1,1,6,1,67,10,1968,2,10,5,1,5
201831D079918,1,9,0,18,0,4,0,0,0,0,1,1,6,2,25,5,1390,1,12,9,2,9
201831D079918,2,9,0,4,0,4,0,0,0,0,2,1,6,2,37,7,1968,2,5,10,3,10
201831D080018,1,19,0,6,0,0,0,0,0,0,3,1,6,1,43,7,1968,2,4,9,1,9
201831D080018,2,3,0,14,0,0,0,0,0,0,1,1,6,1,24,5,124,1,-1,5,2,5
201831D080318,1,9,0,18,0,0,0,0,0,0,1,1,6,1,42,7,1360,1,9,4,1,4
201831D080318,2,9,0,18,0,0,0,0,0,0,2,1,6,2,55,8,1598,2,7,7,1,7
201831D080418,1,19,0,14,0,0,0,0,0,0,1,1,6,3,-1,-1,-1,-1,-1,-1,-1,-1
201831D081118,1,9,0,14,0,0,5,4,0,0,1,1,2,2,20,4,1364,1,3,2,1,2
201831D081118,2,9,0,2,0,0,0,0,0,0,2,1,6,3,-1,-1,1896,2,14,-1,-1,-1
201831D081118,3,9,0,2,0,0,0,0,0,0,2,1,6,3,-1,-1,1595,1,1,-1,-1,-1
201831D081118,4,9,0,3,0,0,0,0,0,0,1,1,6,2,42,7,1360,1,15,7,1,7
201831D081318,1,9,0,16,0,0,0,0,1,11,1,1,6,1,58,9,1598,1,12,9,3,9
201831D081618,1,9,0,1,9,6,0,0,0,0,2,1,6,1,51,8,1390,1,10,3,1,3
201831D081618,2,22,0,18,9,1,0,0,0,0,4,1,6,1,75,10,-1,-1,-1,-1,-1,-1
201831D082718,1,9,0,14,0,2,0,0,0,0,1,1,6,2,34,6,2179,2,5,9,1,9
201831D082718,2,1,0,18,0,1,0,0,0,0,1,1,6,1,57,9,-1,-1,-1,4,1,4
201831D082718,3,9,0,2,0,1,0,0,0,0,2,1,6,3,-1,-1,1595,1,-1,-1,-1,-1
201831D082718,4,9,0,2,0,1,0,0,0,0,2,1,6,3,-1,-1,1910,2,10,-1,-1,-1
201831D082718,5,9,0,2,0,1,0,0,0,0,2,1,6,3,-1,-1,1560,2,10,-1,-1,-1
201831D082918,1,5,0,5,0,3,1,0,0,0,0,1,6,1,54,8,2294,1,13,10,1,10
201831D083118,1,9,0,18,0,0,0,0,0,0,1,1,6,2,22,5,1149,1,10,5,1,5
201831D083118,2,9,0,18,0,0,0,0,1,2,2,1,6,2,24,5,998,1,6,2,1,2
201831D083118,3,9,0,18,0,0,0,0,0,0,1,1,6,1,65,9,1998,1,15,6,2,6
201831D083318,1,9,0,9,0,6,0,0,1,0,0,1,6,3,-1,-1,-1,-1,-1,-1,-1,-1
201831D083318,2,9,0,17,0,1,0,0,0,0,0,1,6,1,43,7,1360,1,11,3,1,3
201831D083518,1,9,0,18,0,1,0,0,0,0,1,1,2,1,27,6,2993,2,3,10,1,10
201831D083518,2,9,0,10,0,6,0,0,0,0,2,1,6,1,17,4,1242,1,8,9,1,9
201831D084218,1,11,0,18,0,0,0,0,0,0,0,1,1,1,51,8,7300,2,9,6,1,6
201831D085718,1,9,0,9,0,6,0,0,0,0,1,1,3,1,42,7,1796,1,11,3,1,3
201831D086318,1,9,0,18,0,1,0,0,0,0,1,1,6,1,63,9,1600,1,28,10,1,10
201831D086818,1,9,0,9,0,6,0,0,0,0,1,1,6,1,34,6,1995,1,10,6,1,6
201831D086818,2,9,0,18,0,8,0,0,0,0,1,1,6,2,31,6,1560,2,6,5,1,5
201831D086818,3,20,0,2,0,8,0,0,0,0,4,1,6,1,-1,-1,-1,-1,-1,-1,-1,-1
201831D086918,1,19,0,13,0,1,0,0,0,0,3,1,6,3,-1,-1,2198,2,5,-1,-1,-1
201831D086918,2,9,0,18,0,2,0,0,1,11,3,1,2,2,50,8,1461,2,8,9,3,9
201831D087918,1,22,0,7,9,6,5,0,0,0,3,1,6,2,48,8,-1,-1,-1,10,1,10
201831D088518,1,9,0,13,0,8,1,0,0,0,1,1,6,3,-1,-1,1998,1,9,-1,-1,-1
201831D088518,2,9,0,18,0,8,1,0,1,0,2,1,6,1,38,7,2993,2,6,2,1,2
201831D089218,1,8,0,2,0,0,0,0,0,0,0,1,1,1,29,6,1598,2,5,1,1,1
201831D089418,1,9,0,18,0,1,1,0,0,0,1,1,6,2,31,6,1493,2,10,6,1,6
201831D089418,2,9,0,3,0,1,0,0,0,0,2,1,6,1,45,7,2993,2,5,9,3,9
201831D089518,1,11,0,4,0,4,0,0,0,0,0,1,1,1,57,9,7300,2,9,-1,-1,-1
201831D090018,1,9,0,13,0,0,0,0,0,0,3,1,6,1,-1,-1,1997,2,11,9,3,9
201831D090018,2,9,0,18,0,0,0,0,0,0,3,1,6,1,17,4,999,1,1,9,3,9
201831D090118,1,3,0,18,0,1,0,0,7,0,1,1,6,1,21,5,125,1,8,4,1,4