Accident_Index,Vehicle_Reference,Vehicle_Type,Towing_and_Articulation,Vehicle_Manoeuvre,Vehicle_Location-Restricted_Lane,Junction_Location,Skidding_and_Overturning,Hit_Object_in_Carriageway,Vehicle_Leaving_Carriageway,Hit_Object_off_Carriageway,1st_Point_of_Impact,Was_Vehicle_Left_Hand_Drive?,Journey_Purpose_of_Driver,Sex_of_Driver,Age_of_Driver,Age_Band_of_Driver,Engine_Capacity_(CC),Propulsion_Code,Age_of_Vehicle,Driver_IMD_Decile,Driver_Home_Area_Type,Vehicle_IMD_Decile
201831D238018,1,9,0,17,0,0,0,0,5,6,1,1,6,2,42,7,1349,1,5,8,1,8
201831D238318,1,9,0,18,0,2,0,0,0,0,1,1,6,2,21,5,1598,1,12,10,1,10
201831D239018,1,19,0,1,9,1,0,0,0,0,2,1,1,1,-1,-1,1995,2,-1,-1,-1,-1
201831D239318,1,9,0,18,0,0,1,0,1,4,1,1,6,1,26,6,1998,1,7,5,1,5
201831D239518,1,9,0,7,0,6,0,0,0,0,3,1,6,2,18,4,1229,1,4,10,2,10
201831D239518,2,9,0,18,0,8,0,0,7,2,1,1,2,1,46,8,1364,1,15,3,1,3
201831D239718,1,9,0,7,0,6,0,0,0,0,1,1,6,3,-1,-1,-1,-1,-1,-1,-1,-1
201831D239718,2,1,0,7,0,6,0,0,0,0,2,1,4,1,12,3,-1,-1,-1,3,1,3
201831D241018,1,9,0,18,0,8,0,0,0,0,3,1,6,2,50,8,1968,2,9,8,1,8
201831D241018,2,8,0,18,0,8,0,0,0,0,1,1,1,1,-1,-1,-1,-1,-1,2,1,2
201831D242718,1,9,0,18,0,3,0,10,0,0,2,1,1,1,27,6,1398,1,1,6,1,6
201831D243018,1,9,0,18,0,4,0,0,0,0,1,1,2,2,21,5,1200,1,1,4,2,4
201831D243018,2,9,0,6,0,8,0,0,0,0,4,1,2,1,33,6,1461,2,-1,4,1,4
201831D244318,1,9,0,9,0,6,0,0,2,0,1,1,6,2,26,6,1598,1,9,4,1,4
201831D244318,2,9,0,18,0,8,0,0,0,0,1,1,6,2,31,6,1951,2,12,5,1,5
201831D244818,1,9,0,18,0,3,0,0,0,0,1,1,6,1,35,6,1584,1,12,1,1,1
201831D244818,2,9,0,18,0,4,0,0,0,0,1,1,6,2,32,6,-1,-1,-1,1,1,1
201831D245518,1,9,0,9,0,6,0,0,0,0,1,1,6,2,35,6,2204,2,10,2,1,2
201831D246118,1,9,0,7,0,5,0,0,0,0,0,1,6,3,-1,-1,-1,-1,-1,-1,-1,-1
201831D246118,2,11,0,18,0,1,0,0,0,0,0,1,1,1,55,8,9000,2,15,9,1,9
201831D246418,1,9,0,17,0,0,0,0,1,0,1,1,6,1,19,4,1900,2,12,8,3,8
201831D247118,1,9,0,7,0,6,0,0,0,0,1,1,6,2,66,10,1796,1,11,7,1,7
201831D247118,2,1,0,18,0,8,0,0,0,0,2,1,2,1,41,7,-1,-1,-1,10,1,10
201831D247318,1,4,0,12,0,8,0,0,0,0,1,1,2,1,70,10,373,1,-1,2,1,2
201831D247318,2,9,0,18,0,8,0,0,0,0,2,1,2,1,42,7,1956,2,9,8,1,8
201831D247318,3,9,0,18,0,8,0,0,0,0,4,1,1,1,36,7,2354,1,9,2,1,2
201831D247418,1,9,0,4,0,0,0,0,0,0,0,1,6,3,-1,-1,-1,-1,-1,-1,-1,-1
201831D247418,2,11,0,4,0,0,0,0,0,0,0,1,1,1,-1,-1,6700,2,-1,-1,-1,-1
201831D247818,1,9,0,14,0,8,1,4,1,11,1,1,6,1,19,4,1781,1,16,7,1,7
201831D247818,2,9,0,10,0,5,0,0,0,0,3,1,6,1,38,7,1368,1,4,8,1,8
201831D247818,3,9,0,2,0,2,0,0,0,0,3,1,6,3,-1,-1,998,1,-1,-1,-1,-1
201831D247818,4,9,0,2,0,2,0,0,0,0,3,1,6,1,55,8,1061,1,14,8,1,8
201831D247818,5,9,0,2,0,2,0,0,0,0,2,1,6,3,-1,-1,1910,2,12,-1,-1,-1
201831D248218,1,9,0,18,0,8,0,0,0,0,1,1,6,3,-1,-1,-1,-1,-1,-1,-1,-1
201831D248218,2,9,0,10,0,8,0,0,0,0,2,1,6,1,51,8,1388,1,16,7,1,7
201831D248418,1,9,0,9,0,6,0,0,0,0,1,1,6,1,20,4,1390,1,11,8,1,8
201831D248418,2,19,0,18,0,8,0,0,0,0,3,1,6,1,59,9,2464,2,10,2,1,2
201831D248518,1,3,0,18,0,2,0,4,0,0,1,1,6,1,20,4,125,1,-1,9,3,9
201831D248518,2,9,0,2,0,2,0,0,0,0,2,1,6,3,-1,-1,1598,2,1,-1,-1,-1
201831D249018,1,9,0,18,0,8,0,0,0,0,1,1,1,1,-1,-1,1598,2,2,-1,-1,-1
201831D249018,2,9,0,9,0,6,0,0,0,0,3,1,1,1,35,6,998,1,5,10,2,10
201831D249518,1,2,0,18,0,0,1,0,0,0,1,1,6,1,17,4,-1,-1,-1,7,1,7
201831D249518,2,9,0,18,0,0,0,0,0,0,2,1,6,1,42,7,1197,1,2,4,1,4
201831D249618,1,9,0,18,0,0,0,0,0,0,1,1,6,1,-1,-1,-1,-1,-1,-1,-1,-1
201831D250018,1,9,0,6,0,0,0,0,0,0,2,1,6,3,-1,-1,1995,2,15,-1,-1,-1
201831D250018,2,5,0,18,0,0,1,0,0,0,1,1,6,1,48,8,1261,1,15,3,1,3
201831D250418,1,9,0,16,0,0,0,0,0,0,3,1,6,1,23,5,-1,-1,-1,3,1,3
201831D250418,2,9,0,18,0,0,0,0,0,0,3,1,6,1,44,7,1560,2,12,6,1,6
201831D250718,1,9,0,18,0,1,0,0,0,0,1,1,2,2,30,6,1229,1,8,2,1,2
201831D250718,2,9,0,3,0,1,0,0,0,0,2,1,2,2,38,7,2967,2,2,3,1,3
201831D251318,1,19,0,4,0,1,0,0,0,0,1,1,1,1,-1,-1,2143,2,-1,3,1,3
201831D251318,2,9,0,4,0,1,0,0,0,0,2,1,6,1,50,8,998,1,1,1,1,1
201831D251418,1,9,0,9,0,5,0,0,0,0,1,1,6,2,52,8,1242,1,7,2,1,2
201831D251718,1,9,0,9,0,5,0,0,0,0,1,1,6,1,39,7,1389,1,13,2,1,2
201831D251718,2,9,0,18,0,8,0,0,0,0,1,1,6,1,78,11,1242,1,2,7,1,7
201831D252318,1,9,0,18,0,2,0,0,0,0,1,1,6,1,17,4,1968,2,10,3,1,3
201831D252318,2,9,0,3,0,2,0,0,0,0,2,1,6,2,50,8,1242,1,4,5,1,5
201831D253518,1,1,0,18,0,0,0,0,0,0,2,1,2,1,38,7,-1,-1,-1,2,1,2
201831D253518,2,3,0,18,0,0,0,0,0,0,1,1,6,3,-1,-1,-1,-1,-1,-1,-1,-1
201831D253618,1,9,0,10,0,6,0,0,0,0,0,1,6,2,40,7,1969,2,2,10,1,10
201831D253618,2,3,0,18,0,8,1,0,0,0,0,1,6,1,19,4,124,1,10,2,1,2
201831D253718,1,9,0,18,0,0,0,0,0,0,1,1,6,1,67,10,1560,2,5,10,3,10
201831D254518,1,11,0,18,0,1,0,0,0,0,1,1,1,1,-1,-1,-1,-1,-1,1,1,1
201831D254518,2,9,0,3,0,1,0,0,0,0,2,1,6,1,63,9,1242,1,2,10,1,10
201831D255118,1,9,0,9,0,6,0,0,0,0,3,1,6,2,28,6,1395,1,1,10,1,10
201831D255118,2,1,0,18,0,8,0,0,0,0,1,1,2,1,50,8,-1,-1,-1,10,1,10
201831D255418,1,8,0,5,0,0,0,0,0,0,0,1,1,1,42,7,1797,8,3,8,1,8
201831D255618,1,8,0,3,0,1,0,0,0,0,2,1,6,2,65,9,1339,1,14,1,1,1
201831D255618,2,9,0,18,0,1,0,0,0,0,1,1,6,3,-1,-1,-1,-1,-1,-1,-1,-1
201831D255718,1,9,0,9,0,5,0,0,0,0,1,1,6,2,28,6,1796,1,13,1,1,1
201831D255718,2,9,0,18,0,8,0,0,0,0,1,1,6,1,38,7,1360,1,11,8,1,8
201831D256018,1,1,0,18,0,1,0,0,0,0,1,1,6,2,22,5,-1,-1,-1,1,1,1
201831D256018,2,9,0,7,0,6,0,0,0,0,3,1,6,2,37,7,1580,8,1,8,1,8
201831D257118,1,9,0,16,0,0,0,0,7,4,1,1,6,1,21,5,1198,1,1,1,1,1
201831D257218,1,21,0,3,0,4,0,0,0,0,1,1,1,1,40,7,4580,2,10,1,1,1
201831D257218,2,19,0,2,0,4,0,0,0,0,4,1,1,3,-1,-1,1995,2,-1,-1,-1,-1
201831D258318,1,9,0,18,0,4,0,0,0,0,1,1,6,1,25,5,2149,2,11,4,1,4
201831D258318,2,9,0,3,0,1,0,0,0,0,2,1,6,2,33,6,998,1,3,10,1,10
201831D258518,1,90,0,18,0,6,0,0,0,0,1,1,6,1,53,8,1968,2,5,9,2,9
201831D258518,2,9,0,18,0,8,0,0,0,0,4,1,1,1,56,9,2148,2,13,10,1,10
201831D258718,1,9,0,18,0,0,0,10,7,1,1,1,6,1,91,11,1598,1,6,9,2,9
201831D258818,1,11,0,9,0,5,0,0,0,0,0,1,1,1,41,7,9000,2,4,1,1,1
201831D259318,1,11,0,5,0,1,0,0,0,0,0,1,1,1,-1,-1,9000,5,1,4,1,4
201831D259418,1,22,0,18,9,1,0,0,0,0,1,1,6,2,56,9,-1,-1,-1,4,1,4
201831D259518,1,19,0,6,0,8,0,0,0,0,0,1,6,3,-1,-1,-1,-1,-1,-1,-1,-1
201831D259518,2,11,0,18,0,8,0,0,0,0,0,1,1,1,44,7,9000,2,7,1,1,1
201831D259818,1,9,0,17,0,0,0,0,0,0,3,1,6,1,40,7,1995,2,8,4,1,4
201831D259818,2,9,0,16,0,0,0,0,1,11,3,1,6,3,-1,-1,1560,2,10,-1,-1,-1
201831D260118,1,9,0,18,0,0,0,0,0,0,0,1,6,1,-1,-1,-1,-1,-1,-1,-1,-1
201831D260418,1,9,0,15,0,1,0,0,0,0,1,1,6,1,44,7,1956,2,6,-1,-1,-1
201831D260418,2,1,0,7,0,1,0,0,0,0,2,1,6,1,27,6,-1,-1,-1,10,2,10
201831D260518,1,9,0,9,0,6,0,0,0,0,3,1,6,1,28,6,1598,1,15,6,1,6
201831D260518,2,9,0,18,0,8,0,0,0,0,1,1,2,2,43,7,1499,1,-1,2,1,2
201831D262218,1,9,0,18,0,1,0,0,0,0,1,1,6,2,44,7,1968,2,5,5,1,5
201831D262518,1,9,0,18,0,0,0,0,1,3,1,1,3,1,33,6,1998,2,12,1,1,1
201831D262718,1,9,0,13,0,0,2,0,0,0,1,1,6,1,26,6,1248,2,7,-1,-1,-1
201831D262718,2,9,0,17,0,0,1,0,0,0,1,1,6,1,46,8,2967,2,3,3,3,3
201831D262718,3,9,0,16,0,0,1,0,0,0,0,1,6,1,43,7,1995,2,6,9,3,9
201831D263218,1,11,0,4,1,2,0,0,0,0,0,1,1,1,60,9,9000,5,1,3,1,3
201831D263218,2,9,0,13,1,2,0,0,0,0,0,1,6,3,-1,-1,-1,-1,-1,-1,-1,-1
201831D263618,1,9,0,4,0,1,0,0,0,0,1,1,6,1,42,7,2179,2,8,7,1,7
201831D263618,2,9,0,3,0,1,0,0,0,0,2,1,6,2,35,6,1596,1,2,2,1,2
201831D263718,1,9,0,18,0,4,0,0,0,0,1,1,2,1,42,7,1600,1,14,5,1,5
201831D263718,2,1,0,9,0,3,0,0,0,0,2,1,6,2,21,5,-1,-1,-1,5,1,5
201831D263918,1,9,0,16,0,0,0,0,1,9,1,1,1,2,55,8,1149,1,15,2,1,2
201831D264018,1,9,0,5,0,2,0,0,7,11,1,1,6,1,85,11,1956,2,5,10,1,10
201831D264818,1,9,0,18,0,0,0,8,0,0,4,1,6,1,47,8,1248,1,8,4,1,4
201831D264818,2,9,0,2,0,0,0,0,0,0,3,1,6,1,23,5,1796,1,8,8,1,8
201831D265018,1,9,0,9,0,5,0,0,0,0,1,1,6,1,26,6,1242,1,8,7,1,7
201831D265418,1,9,0,1,0,0,0,0,0,0,2,1,6,1,-1,-1,-1,-1,-1,-1,-1,-1
201831D265718,1,9,0,4,0,4,0,0,0,0,1,1,6,1,47,8,998,1,11,2,1,2
201831D265718,2,9,0,3,0,4,0,0,0,0,2,1,6,2,52,8,1399,1,12,9,2,9
201831P011618,1,9,0,12,0,1,0,0,0,0,1,1,6,1,82,11,1560,2,4,1,1,1
201831P011618,2,9,0,3,0,1,0,0,0,0,2,1,6,1,56,9,1910,2,12,1,1,1
201831P032618,1,9,0,3,0,0,0,0,0,0,2,1,1,1,42,7,1598,2,2,2,2,2
201831P032618,2,9,0,4,0,0,0,0,0,0,1,1,6,2,48,8,2179,2,8,-1,1,-1
201831P044818,1,9,0,4,0,0,1,0,0,0,2,1,6,1,27,6,1686,2,10,1,1,1
201831P044818,2,19,0,18,0,0,0,0,0,0,1,1,6,1,40,7,1870,2,13,2,1,2
201831P044818,3,21,0,18,0,0,0,0,0,0,3,1,1,1,46,8,12777,2,1,1,1,1
201831P066418,1,9,0,18,0,7,0,0,0,0,1,1,1,2,33,6,1582,2,5,5,1,5
201831P066418,2,9,0,3,0,8,0,0,0,0,2,1,1,2,41,7,1995,2,6,3,1,3
201831P066418,3,19,0,3,0,8,0,0,0,0,2,1,2,1,34,6,2198,2,5,5,1,5
201831P075118,1,21,1,18,0,0,0,0,0,0,2,1,6,1,48,8,-1,-1,-1,9,1,9
201831P075118,2,9,0,18,0,0,0,0,0,0,1,1,6,2,58,9,2993,2,6,8,1,8
201831P120818,1,9,0,12,0,0,2,0,5,6,2,1,6,1,59,9,1318,1,1,9,1,9
201831P120818,2,9,0,12,0,0,2,0,5,6,1,1,6,1,53,8,988,1,1,9,1,9
201831P130818,1,21,1,11,0,0,0,0,0,0,4,2,1,1,50,8,-1,-1,-1,-1,-1,-1
201831P130818,2,9,0,18,0,0,0,0,5,6,4,1,6,2,39,7,1598,2,4,-1,1,-1
201831P173618,1,21,1,12,0,0,0,0,0,0,3,2,1,3,-1,-1,-1,-1,-1,-1,-1,-1
201831P173618,2,9,0,18,0,0,0,0,0,0,4,1,6,2,25,5,998,1,4,3,3,3
201831P204018,1,9,0,18,0,0,1,0,4,6,1,1,1,1,26,6,1360,1,15,2,1,2
201831P212918,1,9,0,18,0,0,0,0,0,0,1,1,6,2,36,7,2987,2,13,9,3,9
201831P212918,2,9,0,4,0,0,0,0,0,0,2,1,2,2,21,5,998,1,-1,7,3,7
201831P214418,1,9,0,18,0,0,0,0,0,0,1,1,6,3,-1,-1,1395,1,-1,-1,-1,-1
201831P214418,2,5,0,12,0,0,0,0,0,0,2,1,6,1,50,8,1298,1,19,3,1,3
201831P233918,1,9,0,18,0,0,0,0,1,7,1,1,6,2,21,5,998,1,12,4,1,4
201831P233918,2,9,0,12,0,0,0,0,0,0,0,1,6,1,-1,-1,-1,-1,-1,-1,-1,-1
201831P248118,1,9,0,18,0,0,0,0,4,6,1,1,6,2,22,5,1149,1,10,1,1,1
2018320000497,1,9,0,16,0,0,1,7,0,0,1,1,6,1,46,8,1995,2,7,7,3,7
2018320000727,1,8,0,18,0,0,0,0,0,0,3,1,6,3,-1,-1,-1,-1,-1,-1,-1,-1
2018320000729,1,9,0,18,0,0,1,0,7,2,1,1,6,1,36,7,-1,-1,-1,7,1,7
2018320000991,1,9,0,9,0,1,0,0,7,4,1,1,6,1,19,4,1364,1,11,6,2,6
2018320000991,2,4,0,13,0,1,0,0,1,4,3,1,6,1,23,5,471,1,2,4,1,4
2018320001121,1,9,0,18,0,1,0,0,0,0,1,1,6,1,28,6,1598,2,7,5,3,5
2018320001121,2,9,0,18,0,1,0,0,0,0,3,1,6,1,29,6,1598,2,8,9,3,9
2018320001622,1,9,0,13,0,0,0,0,0,0,4,1,1,1,51,8,1796,1,6,4,2,4
2018320001622,2,21,0,18,0,0,5,0,1,9,3,1,1,1,53,8,10677,2,3,9,1,9
2018320001622,3,9,0,18,0,0,0,0,0,0,0,1,1,1,56,9,-1,-1,-1,5,3,5
2018320002430,1,9,0,16,0,0,1,0,7,9,0,1,6,2,29,6,998,1,10,5,3,5
2018320003815,1,9,0,9,0,1,0,0,0,0,1,1,6,3,-1,-1,1598,1,16,-1,-1,-1
2018320003815,2,9,0,18,0,1,0,0,0,0,1,1,1,1,63,9,1339,1,11,5,1,5
2018320004213,1,9,0,18,0,0,1,0,8,9,1,1,6,2,29,6,1349,1,5,6,2,6
2018320005267,1,21,0,18,0,2,5,0,1,9,4,1,1,1,24,5,6374,2,5,4,1,4
2018320006142,1,9,0,18,0,1,0,0,0,0,1,1,6,1,23,5,-1,-1,-1,5,3,5
2018320006142,2,9,0,18,0,1,0,0,0,0,2,1,6,1,22,5,-1,-1,-1,1,1,1
2018320006142,3,19,0,18,0,1,0,0,0,0,2,1,6,1,26,6,2198,2,4,-1,-1,-1
2018320006964,1,98,0,18,0,0,0,0,7,0,1,1,6,1,59,9,-1,-1,-1,5,2,5
2018320006964,2,9,0,18,0,0,0,0,1,0,1,1,6,1,70,10,-1,-1,-1,3,1,3
2018320007879,1,9,0,5,0,6,0,0,0,0,1,1,6,2,25,5,1598,2,8,9,1,9
2018320007879,2,9,0,18,0,3,0,0,0,0,4,1,6,2,27,6,1956,2,3,10,1,10
2018320007927,1,9,0,18,0,1,0,0,0,0,1,1,6,2,19,4,1242,1,13,5,2,5
2018320007927,2,9,0,3,0,1,0,0,0,0,2,1,6,2,27,6,1685,2,4,6,3,6
2018320007927,3,9,0,18,0,5,0,0,0,0,2,1,6,1,43,7,2499,1,5,8,1,8
2018320007941,1,9,0,18,0,1,0,0,0,0,3,1,2,2,26,6,1560,2,5,6,1,6
2018320007941,2,9,0,18,0,4,0,0,0,0,2,1,2,1,46,8,2143,2,4,3,3,3
2018320008070,1,9,0,7,0,1,1,0,0,0,3,1,6,1,23,5,1598,2,5,8,2,8
2018320008070,2,9,0,18,0,1,0,0,7,0,1,1,2,2,44,7,1598,1,14,6,3,6
2018320008368,1,9,0,18,0,0,1,4,7,11,1,1,6,1,25,5,2993,2,15,-1,-1,-1
2018320008368,2,9,0,2,0,0,0,0,0,0,0,1,6,3,-1,-1,-1,-1,-1,-1,-1,-1
2018320008453,1,9,0,18,0,1,0,0,7,11,1,1,6,1,56,9,1968,2,1,4,3,4
2018320008862,1,9,0,10,0,6,0,0,0,0,1,1,6,2,42,7,1399,2,11,-1,-1,-1
2018320008862,2,19,0,18,0,1,0,0,7,4,1,1,1,1,23,5,1598,2,2,-1,-1,-1
2018320008864,1,9,0,18,0,1,0,0,0,0,1,1,6,1,22,5,1999,1,13,8,1,8
2018320008864,2,9,0,18,0,1,0,0,0,0,2,1,6,1,39,7,2179,2,4,5,3,5
2018320009797,1,9,0,17,0,0,0,0,0,0,1,1,2,1,30,6,1910,2,10,3,1,3
2018320009797,2,11,0,2,0,0,0,0,0,0,1,1,1,1,58,9,-1,-1,-1,9,2,9
2018320009857,1,9,0,16,0,0,1,0,7,9,3,1,6,1,74,10,3248,1,17,7,1,7
2018320009964,1,9,0,18,0,0,1,0,1,9,1,1,6,2,74,10,1197,1,2,9,3,9
2018320009994,1,9,0,5,0,8,0,0,0,0,4,1,6,1,42,7,1595,1,1,6,3,6
2018320009994,2,19,0,18,0,1,0,0,0,0,1,1,6,1,50,8,1998,2,16,9,2,9
2018320010061,1,9,0,18,0,1,0,0,7,11,1,1,6,1,24,5,1248,2,5,2,1,2
2018320010168,1,8,0,2,0,0,0,0,0,0,3,1,1,2,29,6,2143,2,7,2,1,2
2018320010168,2,1,0,18,0,0,0,0,0,0,4,1,6,2,32,6,-1,-1,-1,-1,-1,-1
2018320010538,1,9,0,18,0,0,2,0,7,0,4,1,6,1,39,7,1896,2,16,1,1,1
2018320010576,1,9,0,18,0,8,0,0,0,0,1,1,6,1,44,7,2497,2,14,5,1,5
2018320010576,2,9,0,18,0,1,0,0,0,0,3,1,6,1,54,8,2400,2,2,9,1,9
2018320010971,1,9,0,7,0,6,0,0,0,0,1,1,2,1,33,6,1388,1,7,7,1,7
2018320010971,2,9,0,7,0,1,0,0,0,0,2,1,2,1,31,6,1956,2,8,4,1,4
2018320012572,1,9,0,18,0,0,0,0,0,0,1,1,1,1,25,5,-1,-1,-1,7,1,7
2018320012572,2,9,0,18,0,0,0,0,0,0,1,1,1,1,62,9,1956,2,7,8,1,8
2018320012572,3,9,0,18,0,0,0,0,0,0,2,1,2,1,48,8,1795,1,20,1,1,1
2018320013552,1,9,0,18,0,2,1,0,7,9,3,1,6,2,65,9,1364,1,8,-1,-1,-1
2018320013842,1,9,0,18,0,0,0,0,0,0,2,1,6,3,-1,-1,-1,-1,-1,-1,-1,-1
2018320013842,2,1,0,18,0,0,0,0,0,0,1,1,6,1,15,3,-1,-1,-1,7,1,7
2018320015194,1,9,0,13,0,0,0,0,0,0,2,1,6,3,-1,-1,-1,-1,-1,-1,-1,-1
2018320015194,2,11,0,18,0,0,0,0,0,0,1,1,6,3,-1,-1,6870,2,17,-1,-1,-1
2018320015498,1,9,0,7,0,8,0,0,0,0,1,1,6,2,26,6,1242,1,12,-1,-1,-1
2018320015498,2,9,0,18,0,8,0,0,0,0,3,1,6,2,58,9,3189,1,13,10,2,10
2018320016143,1,9,0,16,0,1,0,0,0,0,1,1,6,1,49,8,1329,1,2,10,1,10
2018320016143,2,9,0,18,0,1,0,0,0,0,2,1,6,2,42,7,1598,2,4,-1,-1,-1
2018320016407,1,9,0,5,0,2,0,0,0,1,0,1,6,1,17,4,-1,-1,-1,-1,-1,-1
2018320016407,2,3,0,18,0,1,1,0,0,0,0,1,2,1,30,6,125,1,12,8,1,8
2018320016433,1,9,0,18,0,0,0,0,0,0,0,1,6,3,-1,-1,-1,-1,-1,-1,-1,-1
2018320016436,1,9,0,5,0,1,0,0,0,0,1,1,3,1,41,7,3301,1,16,-1,-1,-1
2018320017262,1,9,0,16,0,0,5,0,1,0,1,2,6,1,29,6,-1,-1,-1,7,1,7
2018320017269,1,1,0,18,4,0,0,0,0,0,0,1,6,1,51,8,-1,-1,-1,-1,-1,-1
2018320017412,1,9,0,18,0,1,0,0,0,0,1,1,6,1,18,4,1299,1,14,5,2,5
2018320017412,2,9,0,18,0,1,0,0,0,0,2,1,6,2,21,5,1360,1,15,9,1,9
2018320018676,1,3,0,18,0,0,1,0,0,0,1,1,1,1,26,6,108,1,1,4,1,4
2018320018886,1,9,0,18,0,2,5,0,0,0,1,1,6,2,79,11,995,1,9,8,1,8
2018320019066,1,9,0,18,0,1,0,0,0,0,1,1,6,3,-1,-1,-1,-1,-1,-1,-1,-1
2018320019066,2,1,0,18,0,1,0,0,0,0,1,1,6,2,75,10,-1,-1,-1,5,2,5
2018320019294,1,9,0,16,0,0,0,0,0,0,1,1,6,1,45,7,1998,2,14,5,3,5
2018320019294,2,9,0,17,0,0,0,0,0,0,1,1,6,1,24,5,1124,1,22,3,1,3
2018320019987,1,9,0,1,0,1,0,0,0,0,2,1,6,3,-1,-1,-1,-1,-1,-1,-1,-1
2018320020023,1,9,0,9,0,8,0,0,0,0,3,1,6,1,74,10,1199,1,15,5,1,5
2018320020023,2,1,0,10,0,1,0,0,0,0,1,1,6,1,48,8,-1,-1,-1,1,1,1
2018320020092,1,9,0,18,0,0,5,11,1,3,1,1,6,1,24,5,1400,1,18,10,2,10
2018320020492,1,9,0,18,0,8,0,0,0,0,1,1,6,1,64,9,1997,1,12,2,1,2
2018320020492,2,9,0,18,0,8,0,0,0,0,3,1,2,2,32,6,998,1,18,3,1,3
2018320020752,1,9,0,17,0,1,5,0,1,10,1,1,6,1,38,7,1969,2,2,7,1,7
2018320020828,1,9,0,3,0,1,0,0,0,0,1,1,6,2,35,6,1598,1,15,3,1,3
2018320020828,2,9,0,18,0,1,0,0,0,0,2,1,6,1,56,9,1998,2,11,3,2,3
2018320021896,1,9,0,16,0,0,0,0,7,9,3,1,6,1,30,6,1496,2,3,5,3,5
2018320022429,1,9,0,18,0,0,0,0,0,0,1,1,6,1,67,10,1598,1,9,6,2,6
2018320022972,1,19,0,7,0,1,0,0,0,0,1,1,1,2,60,9,2494,2,14,10,2,10
2018320022972,2,9,0,7,0,6,0,0,0,0,2,1,4,2,38,7,1461,2,8,9,3,9
2018320024413,1,3,0,18,0,0,0,0,0,0,1,1,6,1,24,5,125,1,11,10,3,10
2018320024413,2,9,0,18,0,0,0,0,0,0,1,1,2,2,58,9,1397,1,9,-1,-1,-1
2018320024413,3,9,0,18,0,0,0,0,0,0,3,1,6,1,58,9,1399,2,10,10,2,10
2018320025226,1,9,0,10,0,1,0,0,0,0,4,1,6,1,45,7,-1,-1,-1,4,3,4
2018320025226,2,9,0,18,0,1,0,0,0,0,1,1,6,1,60,9,1461,2,2,3,3,3
2018320025226,3,9,0,10,0,1,0,0,0,0,4,1,6,1,73,10,-1,-1,-1,-1,-1,-1
2018320025710,1,9,0,17,0,0,0,0,1,11,3,1,3,2,36,7,-1,-1,-1,7,3,7
2018320025865,1,9,0,18,0,0,0,0,0,0,1,1,6,2,26,6,1587,1,11,4,2,4
2018320025865,2,9,0,18,0,0,0,0,0,0,2,1,2,2,50,8,-1,-1,-1,6,1,6
2018320026242,1,9,0,5,0,6,0,0,3,0,1,1,6,1,76,11,1587,1,10,4,2,4
2018320026242,2,9,0,18,0,8,0,0,0,0,1,1,2,2,34,6,1198,1,3,5,3,5
2018320026918,1,9,0,9,0,8,0,0,0,0,4,1,6,1,53,8,2997,1,19,6,2,6
2018320026918,2,9,0,18,0,1,0,0,0,0,1,1,6,2,47,8,1997,1,16,8,1,8
2018320026953,1,9,0,18,0,0,0,0,0,0,4,1,6,2,26,6,1560,2,5,4,3,4
2018320027049,1,9,0,18,0,0,0,0,0,0,3,1,6,1,50,8,1560,2,7,7,1,7
2018320027049,2,9,0,18,0,0,0,0,0,0,4,1,2,1,39,7,1997,2,3,8,1,8
2018320027049,3,1,0,18,0,0,0,0,0,0,4,1,6,1,31,6,-1,-1,-1,3,1,3
2018320027082,1,9,0,16,0,0,5,0,0,0,4,1,6,1,59,9,1200,1,3,-1,-1,-1
2018320027238,1,9,0,18,0,0,0,11,0,0,1,1,6,2,22,5,-1,-1,-1,7,3,7
2018320027609,1,9,0,18,0,0,0,11,0,0,1,1,2,1,22,5,1956,2,6,4,3,4
2018320028115,1,9,0,16,0,0,0,0,1,9,1,1,6,1,21,5,1596,1,6,7,2,7
2018320028194,1,9,0,9,0,2,0,0,0,0,1,1,6,2,18,4,1000,1,4,4,3,4
2018320028194,2,9,0,18,0,1,0,0,7,9,4,1,6,1,75,10,1360,1,12,4,3,4
2018320028633,1,9,0,18,0,0,0,0,7,4,1,1,6,2,56,9,-1,-1,-1,5,3,5
2018320028672,1,9,0,2,0,2,0,0,0,0,3,1,6,3,-1,-1,1242,1,15,-1,-1,-1
2018320028672,2,1,0,18,0,1,0,0,0,0,1,1,6,2,73,10,-1,-1,-1,8,1,8
2018320028759,1,9,0,18,0,1,0,0,0,2,1,1,6,2,53,8,998,1,4,8,1,8
2018320029013,1,9,0,18,0,0,2,0,1,9,1,1,2,2,52,8,2184,2,13,9,2,9
2018320029166,1,9,0,5,0,6,1,0,0,0,2,1,2,1,33,6,-1,-1,-1,10,2,10
2018320029166,2,9,0,18,0,1,1,0,0,0,1,1,2,1,23,5,1997,2,11,8,1,8
2018320029190,1,9,0,18,0,0,1,0,0,4,1,1,1,2,60,9,1997,2,13,10,2,10
2018320029199,1,9,0,18,0,2,0,0,0,0,1,1,2,2,23,5,998,1,2,3,1,3
2018320029199,2,19,0,18,0,2,0,0,0,0,2,1,2,1,55,8,2402,2,10,5,1,5