Accident_Index,Vehicle_Reference,Vehicle_Type,Towing_and_Articulation,Vehicle_Manoeuvre,Vehicle_Location-Restricted_Lane,Junction_Location,Skidding_and_Overturning,Hit_Object_in_Carriageway,Vehicle_Leaving_Carriageway,Hit_Object_off_Carriageway,1st_Point_of_Impact,Was_Vehicle_Left_Hand_Drive?,Journey_Purpose_of_Driver,Sex_of_Driver,Age_of_Driver,Age_Band_of_Driver,Engine_Capacity_(CC),Propulsion_Code,Age_of_Vehicle,Driver_IMD_Decile,Driver_Home_Area_Type,Vehicle_IMD_Decile
2018320029364,1,9,0,18,0,1,5,0,1,1,3,1,1,2,59,9,1149,1,7,7,1,7
2018320029369,1,9,0,13,0,0,0,0,1,0,3,1,6,2,20,4,1339,1,12,3,2,3
2018320029369,2,9,0,18,0,0,0,0,0,0,4,1,6,1,59,9,2967,1,13,1,1,1
2018320029433,1,19,0,18,0,4,0,9,0,0,1,1,1,1,60,9,1598,2,1,3,1,3
2018320030099,1,9,0,18,0,0,0,0,0,0,1,1,6,2,49,8,1587,1,14,8,1,8
2018320030099,2,9,0,18,0,0,0,0,0,0,2,1,6,2,56,9,2191,2,3,2,1,2
2018320030159,1,9,0,18,0,0,0,0,0,0,1,1,6,1,47,8,1968,2,5,8,1,8
2018320030159,2,9,0,18,0,0,0,0,1,0,1,1,6,2,32,6,-1,-1,-1,-1,-1,-1
2018320030187,1,9,0,18,0,0,0,0,0,0,1,1,6,2,27,6,998,1,14,2,1,2
2018320030187,2,9,0,18,0,0,0,0,0,0,2,1,6,1,47,8,1328,1,16,2,1,2
2018320030187,3,9,0,18,0,0,0,0,0,0,2,1,6,1,52,8,998,1,4,3,1,3
2018320030187,4,9,0,18,0,0,0,0,0,0,2,1,1,1,57,9,1796,1,15,5,1,5
2018320030203,1,9,0,2,5,0,0,0,0,0,4,1,2,1,27,6,1995,2,11,-1,-1,-1
2018320030203,2,1,0,18,4,0,0,0,0,0,1,1,6,1,36,7,-1,-1,-1,7,1,7
2018320030323,1,19,0,18,0,0,0,0,0,0,1,1,6,3,-1,-1,2402,2,9,-1,-1,-1
2018320030323,2,9,0,18,0,0,0,0,0,0,2,1,6,1,35,6,-1,-1,-1,6,1,6
2018320031297,1,19,0,18,0,0,5,4,0,0,1,1,6,1,51,8,1868,2,15,1,1,1
2018320031297,2,9,0,2,0,0,0,0,0,0,1,1,6,2,53,8,1198,1,7,1,1,1
2018320031539,1,9,0,5,0,2,0,0,0,0,1,1,6,1,20,4,998,1,4,3,3,3
2018320031539,2,9,0,18,0,2,0,0,0,0,3,1,6,2,29,6,1586,1,6,3,3,3
2018320032051,1,9,0,16,0,0,2,0,7,0,3,1,6,2,18,4,1242,1,5,10,1,10
2018320032126,1,9,0,17,0,0,1,0,7,4,3,1,6,2,24,5,1360,1,6,9,1,9
2018320032355,1,21,0,2,0,1,0,0,0,0,4,1,1,1,28,6,-1,-1,-1,8,1,8
2018320032355,2,98,0,18,0,1,0,0,0,0,3,1,1,1,31,6,-1,-1,-1,8,1,8
2018320032694,1,9,0,16,0,0,1,0,1,0,1,1,2,2,27,6,1995,1,15,5,3,5
2018320032694,2,9,0,18,0,0,5,0,1,10,1,1,6,1,49,8,1686,2,5,6,3,6
2018320032794,1,9,0,18,0,0,0,0,1,4,1,1,6,1,20,4,1995,2,7,9,1,9
2018320032794,2,9,0,18,0,0,0,0,0,0,1,1,6,3,-1,-1,-1,-1,-1,-1,-1,-1
2018320032829,1,9,0,18,0,0,1,0,1,11,1,1,6,1,32,6,1390,1,6,9,1,9
2018320033181,1,9,0,18,9,0,0,0,0,0,1,1,2,2,24,5,1248,2,11,2,1,2
2018320033237,1,9,0,9,0,4,5,0,7,10,3,1,6,1,33,6,1590,1,18,1,1,1
2018320033331,1,9,0,17,0,0,0,0,1,4,1,1,2,1,56,9,1910,2,9,3,1,3
2018320034075,1,9,0,18,0,0,0,0,7,4,1,1,6,2,68,10,1197,1,3,-1,-1,-1
2018320034094,1,98,0,18,0,0,0,0,0,0,1,1,1,1,35,6,-1,-1,-1,5,1,5
2018320034094,2,9,0,4,0,0,0,0,7,0,2,1,1,1,54,8,1200,1,3,5,2,5
2018320034094,3,21,0,18,0,0,0,0,0,0,1,1,1,1,53,8,12777,2,7,-1,-1,-1
2018320034094,4,9,0,2,0,0,0,0,0,0,0,1,6,3,-1,-1,-1,-1,-1,-1,-1,-1
2018320034661,1,9,0,18,0,0,0,0,0,0,1,1,6,2,71,10,1349,1,3,7,1,7
2018320034661,2,9,0,9,0,0,0,0,0,0,2,1,1,1,46,8,-1,-1,-1,5,1,5
2018320035036,1,9,0,18,0,0,0,4,0,0,1,1,6,1,37,7,1968,2,14,5,3,5
2018320035036,2,9,0,2,0,0,0,0,0,0,1,1,6,3,-1,-1,1798,1,12,-1,-1,-1
2018320035036,3,19,0,2,0,0,0,0,0,0,2,1,6,1,20,4,2148,2,9,2,2,2
2018320037857,1,9,0,9,0,1,0,0,0,0,2,1,6,1,57,9,1587,1,16,-1,1,-1
2018320037857,2,9,0,14,0,1,0,0,0,0,1,1,6,2,46,8,1999,2,2,2,1,2
2018320037857,3,9,0,18,0,1,0,0,0,0,1,1,1,1,52,8,-1,-1,-1,-1,1,-1
2018320038230,1,9,0,17,0,0,0,7,1,1,1,1,6,1,73,10,1968,2,5,7,1,7
2018320038276,1,21,0,18,0,0,1,0,0,0,1,1,1,1,52,8,12777,2,7,5,3,5
2018320038276,2,21,0,4,0,0,0,0,0,0,2,1,1,1,45,7,10837,2,8,4,3,4
2018320038438,1,9,0,18,0,0,0,0,0,0,1,1,6,1,49,8,1995,2,5,4,3,4
2018320038644,1,98,0,9,0,0,5,0,1,0,3,1,1,1,45,7,-1,-1,-1,5,1,5
2018320039063,1,9,0,9,0,1,0,0,0,0,4,1,3,2,38,7,1248,1,5,5,3,5
2018320039063,2,3,0,18,0,1,1,0,0,0,1,1,1,1,21,5,125,1,9,3,1,3
2018320039126,1,9,0,18,0,0,0,0,0,0,4,1,6,2,51,8,505,1,17,5,3,5
2018320039126,2,1,0,18,0,0,0,0,0,0,1,1,6,1,71,10,-1,-1,-1,9,2,9
2018320039469,1,9,0,18,0,2,0,0,0,0,3,1,6,1,80,11,2496,1,15,2,2,2
2018320039725,1,98,0,1,0,0,0,0,0,0,2,1,1,1,-1,-1,-1,-1,-1,3,3,3
2018320039725,2,9,0,4,0,0,0,0,0,0,1,1,1,2,34,6,-1,-1,-1,4,1,4
2018320039858,1,9,0,18,0,0,1,0,0,0,1,1,6,1,21,5,1597,1,11,6,3,6
2018320039858,2,9,0,4,0,0,0,0,0,0,2,1,6,1,24,5,999,1,6,9,3,9
2018320039858,3,21,0,4,0,0,0,0,0,0,2,1,1,1,30,6,12902,2,4,-1,2,-1
2018320040229,1,9,0,18,0,1,0,0,0,0,1,1,6,1,22,5,-1,-1,-1,2,1,2
2018320040229,2,98,0,18,0,2,0,0,8,3,4,1,1,1,61,9,-1,-1,-1,3,1,3
2018320040248,1,9,0,11,0,0,0,0,0,0,4,1,6,2,24,5,1497,8,3,2,1,2
2018320040248,2,9,0,18,0,0,0,0,0,0,3,1,6,2,48,8,2324,1,17,1,1,1
2018320040248,3,21,0,2,0,0,0,0,0,0,0,1,6,1,41,7,4751,2,15,5,3,5
2018320040446,1,9,0,18,0,0,1,0,7,1,3,1,6,2,29,6,1910,2,11,7,3,7
2018320040710,1,9,0,17,0,0,1,0,1,10,2,1,2,2,48,8,1229,1,6,4,2,4
2018320040740,1,9,0,15,0,0,2,0,7,0,1,1,2,2,25,5,1840,1,18,8,3,8
2018320041203,1,9,0,17,0,0,0,0,7,9,3,1,6,1,63,9,2495,2,23,4,3,4
2018320041325,1,9,0,5,0,1,0,0,0,0,1,1,6,1,68,10,1597,2,-1,5,3,5
2018320041325,2,19,0,18,0,1,2,0,0,1,4,1,1,1,32,6,2148,2,9,4,3,4
2018320041462,1,9,0,18,0,0,1,0,1,9,1,1,1,2,43,7,1399,2,9,5,1,5
2018320041646,1,9,0,18,0,1,0,0,0,0,0,1,2,2,48,8,1997,1,2,5,3,5
2018320041646,2,2,0,18,0,1,0,0,0,0,0,1,6,1,17,4,49,1,13,1,1,1
2018320042970,1,9,0,18,0,1,0,4,0,0,1,1,1,2,38,7,2402,2,9,7,3,7
2018320042970,2,9,0,18,0,2,0,0,0,0,2,1,6,1,61,9,1499,2,3,4,2,4
2018320043276,1,9,0,17,0,0,1,0,1,0,0,1,6,1,23,5,1796,1,14,5,3,5
2018320043629,1,9,0,9,0,5,0,0,0,0,1,1,1,1,21,5,1587,1,9,4,1,4
2018320043629,2,4,0,18,0,1,0,0,0,0,1,1,6,1,21,5,398,1,28,5,3,5
2018320044096,1,9,0,11,0,0,0,0,0,0,4,1,6,1,-1,-1,-1,-1,-1,-1,-1,-1
2018320044096,2,9,0,18,0,0,0,0,0,0,3,1,6,1,39,7,1910,2,11,7,3,7
2018320044227,1,9,0,18,0,0,0,0,0,1,1,1,6,3,-1,-1,1598,1,15,-1,-1,-1
2018320044227,2,9,0,18,0,0,0,0,0,0,2,1,6,1,68,10,2198,1,17,5,3,5
2018320045053,1,19,0,17,0,0,0,0,0,0,4,1,6,1,39,7,1995,2,7,1,1,1
2018320046302,1,9,0,18,0,0,0,0,0,0,4,1,6,2,61,9,1364,2,9,3,3,3
2018320046565,1,9,0,18,0,0,0,0,0,0,1,1,6,1,19,4,2143,2,2,3,3,3
2018320046565,2,9,0,18,0,0,0,0,0,0,2,1,6,2,28,6,1598,2,2,9,3,9
2018320046565,3,19,0,4,0,0,0,0,0,0,2,1,2,1,50,8,1995,2,1,9,2,9
2018320046624,1,19,0,9,0,0,0,0,0,0,4,1,1,1,29,6,1560,2,1,1,1,1
2018320046624,2,9,0,18,0,0,0,0,0,0,1,1,6,2,42,7,1560,2,6,8,3,8
2018320046816,1,9,0,7,0,8,0,0,0,0,4,1,6,1,55,8,599,2,8,-1,-1,-1
2018320046816,2,1,0,10,0,8,0,0,0,0,1,1,6,2,51,8,-1,-1,-1,-1,-1,-1
2018320047962,1,9,0,18,0,0,0,0,0,0,1,1,6,2,32,6,1364,1,11,3,1,3
2018320047962,2,9,0,18,0,0,0,0,0,0,0,1,6,2,64,9,1999,2,2,3,1,3
2018320047962,3,9,0,18,0,0,0,0,0,0,0,1,6,2,52,8,1461,2,5,1,1,1
2018320047962,4,1,0,18,0,0,0,0,0,0,1,1,6,1,51,8,-1,-1,-1,1,1,1
2018320048290,1,9,0,5,0,8,0,0,0,0,1,1,6,2,28,6,1391,1,18,4,2,4
2018320048290,2,9,0,18,0,1,0,0,0,0,4,1,2,1,49,8,1685,2,4,2,1,2
2018320049410,1,9,0,18,0,0,0,0,7,0,1,1,6,1,19,4,1242,1,8,3,2,3
2018320049556,1,9,0,18,0,8,0,0,0,0,1,1,2,1,45,7,1200,1,-1,4,1,4
2018320049556,2,9,0,18,0,3,0,0,0,0,2,1,2,2,50,8,1796,1,13,8,1,8
2018320049917,1,9,0,5,0,1,0,0,0,0,1,1,2,2,37,7,1598,1,12,7,1,7
2018320049917,2,1,0,18,0,1,0,0,0,0,1,1,6,2,-1,-1,-1,-1,-1,-1,-1,-1
2018320051176,1,9,0,18,0,0,0,4,0,0,1,1,6,2,24,5,1968,2,4,5,2,5
2018320051176,2,9,0,2,0,0,0,0,0,11,2,1,6,1,43,7,-1,-1,-1,-1,-1,-1
2018320051256,1,9,0,1,0,0,0,0,0,0,4,1,6,2,75,10,998,1,2,8,1,8
2018320051256,2,9,0,5,0,0,0,0,0,0,1,1,6,1,30,6,1199,1,16,8,1,8
2018320051655,1,9,0,17,0,0,0,0,0,0,3,1,6,1,72,10,1951,2,13,2,3,2
2018320051655,2,9,0,16,0,0,0,0,0,0,1,1,6,1,41,7,1560,2,10,3,2,3
2018320051755,1,9,0,18,0,0,0,0,0,0,1,1,6,1,30,6,-1,-1,-1,3,1,3
2018320051755,2,19,0,18,0,0,0,0,0,0,1,1,6,1,30,6,1868,2,16,7,1,7
2018320053068,1,9,0,18,0,0,0,0,7,0,1,1,6,2,90,11,2148,2,12,6,2,6
2018320053068,2,9,0,2,0,0,0,0,0,0,3,1,6,2,28,6,1598,1,12,-1,-1,-1
2018320053112,1,19,0,18,0,0,1,0,1,0,1,1,1,1,29,6,1997,2,4,2,1,2
2018320053112,2,9,0,18,0,0,0,0,1,0,2,1,2,1,22,5,1390,1,7,3,1,3
2018320053159,1,9,0,16,0,8,0,0,1,2,1,1,6,1,69,10,998,1,5,-1,-1,-1
2018320053229,1,9,0,16,9,1,0,0,0,0,1,1,6,3,-1,-1,1587,1,16,-1,-1,-1
2018320053273,1,9,0,18,0,0,0,0,0,0,1,1,6,1,54,8,996,1,6,4,1,4
2018320053273,2,9,0,18,0,0,5,0,1,0,2,1,2,1,33,6,1360,1,12,2,1,2
2018320053854,1,9,0,18,0,4,0,0,0,0,4,1,6,1,-1,-1,1596,1,3,-1,-1,-1
2018320053854,2,9,0,9,0,8,0,0,1,0,3,1,6,1,18,4,1560,2,2,2,1,2
2018320054001,1,9,0,18,0,0,0,4,0,0,1,1,6,1,44,7,1398,1,7,9,1,9
2018320054001,2,9,0,2,0,0,0,4,0,0,2,1,6,3,-1,-1,1461,2,2,-1,-1,-1
2018320054001,3,9,0,2,0,0,0,0,0,0,2,1,6,3,-1,-1,1998,1,11,-1,-1,-1
2018320054706,1,9,0,18,0,6,5,0,3,1,3,1,6,2,24,5,1329,1,1,10,1,10
2018320054706,2,9,0,18,0,8,0,0,7,0,1,1,6,1,53,8,1598,1,3,5,3,5
2018320054935,1,9,0,18,0,0,0,0,0,0,0,1,6,3,-1,-1,-1,-1,-1,-1,-1,-1
2018320054935,2,9,0,18,0,0,0,0,1,0,4,1,6,2,58,9,1296,1,11,1,1,1
2018320055071,1,9,0,10,0,1,0,0,0,0,1,1,6,2,45,7,1598,1,4,-1,-1,-1
2018320055071,2,97,0,9,0,1,0,0,0,0,2,1,1,2,26,6,-1,-1,-1,3,1,3
2018320055708,1,9,0,18,0,0,0,0,7,0,1,1,2,2,68,10,2148,2,16,5,2,5
2018320056276,1,9,0,18,0,0,0,0,1,0,1,1,6,1,36,7,1997,2,13,5,3,5
2018320056401,1,9,0,18,0,0,0,0,0,0,1,1,6,2,19,4,1360,1,12,5,3,5
2018320056550,1,9,0,17,0,0,0,0,8,4,4,1,6,1,44,7,1199,1,15,3,3,3
2018320056764,1,9,0,18,0,0,1,0,1,4,3,1,6,1,19,4,-1,-1,-1,-1,-1,-1
2018320056880,1,9,0,18,0,1,0,0,0,0,0,1,6,2,-1,-1,-1,-1,-1,-1,-1,-1
2018320056880,2,9,0,2,0,1,0,0,0,0,0,1,3,2,26,6,973,1,16,7,1,7
2018320057557,1,9,0,5,0,8,0,0,0,0,0,1,6,3,-1,-1,-1,-1,-1,-1,-1,-1
2018320057557,2,9,0,18,0,1,0,0,1,11,1,1,2,1,31,6,1995,2,4,6,3,6
2018320057573,1,4,0,18,0,3,0,0,0,0,4,1,6,1,33,6,398,1,19,-1,-1,-1
2018320057573,2,9,0,18,0,3,0,0,0,0,3,1,6,1,56,9,2183,2,7,2,1,2
2018320057817,1,9,0,18,0,0,0,0,0,0,4,1,3,1,37,7,1796,1,12,-1,-1,-1
2018320058002,1,9,0,18,0,1,0,0,0,0,1,1,6,3,-1,-1,-1,-1,-1,-1,-1,-1
2018320058647,1,21,0,18,0,0,0,0,0,0,1,1,1,1,60,9,12900,2,12,4,3,4
2018320058647,2,19,0,18,0,0,0,0,0,0,2,1,6,1,60,9,2463,2,16,4,1,4
2018320058647,3,9,0,18,0,0,0,0,0,0,2,1,6,1,42,7,-1,-1,-1,-1,-1,-1
2018320058681,1,9,0,9,0,6,0,0,0,0,1,1,1,2,53,8,1198,1,5,10,1,10
2018320058681,2,9,0,18,0,1,0,0,0,0,1,1,1,2,47,8,2199,2,3,9,1,9
2018320058693,1,9,0,16,0,3,0,0,0,0,1,1,6,3,-1,-1,-1,-1,-1,-1,-1,-1
2018320058693,2,1,0,18,0,3,0,0,0,0,0,1,6,2,77,11,-1,-1,-1,6,1,6
2018320059782,1,9,0,17,0,1,1,0,7,4,1,1,6,1,43,7,1999,2,1,6,1,6
2018320060488,1,9,0,18,0,0,0,0,7,4,1,1,6,1,83,11,2400,2,6,5,3,5
2018320061297,1,9,0,1,9,6,0,0,0,0,2,1,3,2,34,6,1998,1,11,9,1,9
2018320061297,2,9,0,18,0,1,0,0,0,0,4,1,3,2,17,4,1199,1,17,8,1,8
2018320062740,1,9,0,18,0,0,5,0,8,1,1,1,6,1,26,6,1388,1,11,4,3,4
2018320063040,1,9,0,17,0,2,1,0,1,9,1,1,6,2,67,10,1298,1,16,5,3,5
2018320063267,1,9,0,18,0,0,0,0,0,0,4,1,6,3,-1,-1,1242,1,4,-1,-1,-1
2018320063446,1,9,0,18,0,2,0,0,0,0,4,1,6,1,61,9,1753,2,9,8,1,8
2018320063446,2,8,0,2,0,2,0,0,0,0,0,1,1,1,52,8,1798,8,1,3,1,3
2018320063981,1,9,0,16,0,0,1,0,1,0,1,1,6,2,20,4,1364,1,10,6,2,6
2018320064708,1,8,0,18,0,0,1,0,8,6,3,1,6,1,37,7,1956,2,2,-1,1,-1
2018320064708,2,8,0,18,0,0,0,1,0,0,1,1,1,1,61,9,-1,-1,-1,3,1,3
2018320064936,1,9,0,18,0,1,0,0,0,0,1,1,2,2,23,5,1339,1,13,1,1,1
2018320064936,2,9,0,4,0,1,0,0,0,0,2,1,2,2,19,4,998,1,2,9,2,9
2018320064936,3,9,0,9,0,1,0,0,0,0,2,1,2,2,24,5,1598,2,5,7,1,7
2018320065026,1,9,0,4,0,1,0,0,0,0,1,1,6,1,64,9,2979,1,10,6,2,6
2018320065026,2,9,0,4,0,1,0,0,0,0,2,1,2,1,32,6,2191,2,5,3,1,3
2018320065252,1,9,0,17,0,0,5,0,7,0,1,1,6,2,18,4,998,1,15,9,2,9
2018320065352,1,9,0,18,0,1,0,0,0,0,1,1,2,1,32,6,1796,1,14,4,1,4
2018320065352,2,9,0,18,0,1,0,0,0,0,2,1,2,2,22,5,-1,-1,-1,2,1,2
2018320066006,1,9,0,18,0,8,0,0,0,0,1,1,6,1,-1,-1,1997,2,1,7,2,7
2018320066006,2,9,0,9,0,1,0,0,0,0,1,1,1,2,50,8,-1,-1,-1,9,2,9
2018320066324,1,9,0,18,0,1,0,0,7,3,1,1,6,1,22,5,-1,-1,-1,6,3,6
2018320066390,1,9,0,18,0,0,0,0,0,0,4,1,6,1,81,11,1596,1,10,6,1,6
2018320066390,2,9,0,2,0,0,0,0,0,0,4,1,6,1,31,6,1910,2,11,-1,-1,-1
2018320066912,1,9,0,18,0,1,0,0,0,0,1,1,6,3,-1,-1,-1,-1,-1,-1,-1,-1
2018320067702,1,9,0,4,0,1,0,0,0,0,1,1,6,2,33,6,1390,1,15,-1,-1,-1
2018320067702,2,1,0,18,0,6,0,0,0,0,1,1,6,1,13,3,-1,-1,-1,5,1,5
2018320067716,1,9,0,18,0,2,0,0,0,0,1,1,6,1,48,8,1598,1,17,-1,-1,-1
2018320067716,2,9,0,18,0,2,0,0,0,0,2,1,6,1,51,8,1796,1,14,7,2,7
2018320067939,1,98,0,18,0,0,0,0,1,3,1,1,2,2,63,9,-1,-1,-1,1,1,1
2018320068031,1,9,0,9,0,1,0,0,0,0,1,1,6,1,21,5,998,1,8,1,1,1
2018320068063,1,5,0,18,0,0,0,0,0,0,1,1,6,1,21,5,645,1,4,9,1,9
2018320068063,2,9,0,18,0,0,0,0,0,0,2,1,6,1,46,8,1956,2,6,7,2,7
2018320068128,1,9,0,18,0,0,2,0,1,9,1,1,2,2,30,6,1364,1,11,4,3,4
2018320068463,1,9,0,18,0,0,2,0,1,0,1,1,6,2,18,4,1328,1,12,5,3,5
2018320068812,1,9,0,13,0,2,0,0,0,0,0,1,6,1,34,6,1998,1,12,-1,-1,-1
2018320068812,2,9,0,4,0,1,0,0,1,0,1,1,2,1,42,7,1799,1,8,7,2,7
2018320068886,1,21,0,18,0,1,1,0,0,0,1,1,1,1,26,6,12900,2,7,4,1,4
2018320068886,2,9,0,12,0,5,0,0,0,0,2,1,6,1,61,9,-1,-1,-1,5,2,5
2018320069422,1,9,0,18,0,0,0,0,0,0,1,1,6,2,66,10,999,1,1,3,2,3
2018320069422,2,11,0,18,0,0,0,0,0,0,1,1,1,1,63,9,7300,2,12,2,1,2
2018320069919,1,9,0,18,0,0,2,0,0,0,4,1,6,1,23,5,1229,1,12,7,1,7
2018320071357,1,9,0,17,0,0,1,0,1,0,1,1,6,2,19,4,1149,1,17,10,1,10
2018320071451,1,9,0,16,2,0,0,0,1,0,1,1,6,1,43,7,1984,1,3,-1,-1,-1
2018320071803,1,9,0,14,0,0,0,0,0,0,1,1,6,1,63,9,999,1,2,1,1,1
2018320071872,1,9,0,18,0,1,0,0,0,0,1,1,6,3,-1,-1,-1,-1,-1,-1,-1,-1
2018320071872,2,1,0,18,0,1,0,0,0,0,1,1,6,1,16,4,-1,-1,-1,7,1,7
2018320072662,1,9,0,18,0,0,0,0,0,0,1,1,6,2,81,11,999,1,4,6,3,6
2018320072662,2,9,0,1,0,0,0,0,0,0,3,1,6,2,67,10,1598,2,7,-1,-1,-1
2018320072731,1,9,0,18,0,1,1,4,7,1,1,1,6,2,44,7,1595,1,1,8,3,8
2018320072731,2,9,0,9,0,5,0,0,0,0,2,1,1,1,50,8,1598,1,6,9,1,9
2018320072925,1,9,0,1,0,0,0,0,7,11,2,1,6,1,78,11,2967,1,13,7,3,7
2018320072925,2,9,0,2,0,0,0,0,0,0,2,1,6,2,30,6,1997,1,15,6,2,6
2018320073172,1,9,0,5,0,0,0,0,0,0,1,1,6,2,59,9,1598,1,11,6,3,6
2018320073172,2,9,0,13,0,0,0,0,0,0,1,1,6,2,22,5,1400,1,13,5,3,5
2018320073298,1,9,0,17,0,0,0,0,1,4,1,1,6,1,59,9,-1,-1,-1,3,1,3
2018320074344,1,9,0,7,0,0,0,0,0,0,1,1,6,2,51,8,1461,2,2,-1,-1,-1
2018320074392,1,19,0,13,0,0,0,0,0,0,0,1,1,1,52,8,1499,2,1,2,1,2
2018320074392,2,9,0,13,0,0,1,0,7,1,1,1,6,1,81,11,1968,2,4,4,3,4
2018320074591,1,9,0,16,0,0,1,0,7,4,1,1,2,2,53,8,1349,1,9,7,-1,7
2018320074909,1,9,0,5,0,6,0,0,0,0,1,1,6,2,65,9,1499,2,1,8,3,8
2018320074909,2,9,0,18,0,1,0,0,0,0,1,1,6,2,25,5,1598,2,6,5,3,5
2018320074967,1,9,0,16,0,0,0,0,0,0,1,1,2,1,31,6,1997,2,12,2,1,2
2018320075086,1,9,0,18,0,0,0,0,7,10,1,1,6,2,23,5,1242,1,2,-1,-1,-1
2018320075123,1,9,0,18,0,0,0,0,0,0,1,1,2,1,52,8,1910,2,12,9,2,9
2018320076013,1,9,0,18,0,0,0,0,0,0,1,1,6,1,71,10,1560,2,3,2,1,2
2018320076432,1,8,0,9,0,0,0,0,0,0,1,1,1,1,35,6,1896,2,10,9,1,9
2018320076432,2,9,0,18,0,0,0,0,0,0,4,1,2,2,23,5,1360,1,13,10,1,10
2018320076583,1,9,0,9,0,1,0,0,0,0,1,1,6,2,26,6,1753,2,11,5,2,5
2018320076614,1,9,0,9,0,6,0,0,0,0,1,1,6,1,47,8,1995,1,9,4,1,4
2018320076614,2,3,0,18,0,1,0,0,0,0,1,1,2,1,20,4,125,1,-1,3,3,3
2018320077033,1,9,0,18,0,1,0,0,0,0,4,1,1,1,52,8,1560,2,5,7,1,7
2018320077033,2,9,0,18,0,1,0,0,0,0,1,1,6,2,57,9,1796,1,18,-1,-1,-1
2018320077132,1,19,0,6,0,0,0,0,7,0,1,1,6,1,36,7,1560,2,8,2,2,2
2018320077132,2,9,0,18,0,0,0,0,7,0,1,1,1,2,26,6,1968,2,9,1,1,1
2018320077910,1,9,0,18,0,0,0,0,0,0,1,1,6,1,18,4,2000,2,13,8,1,8
2018320077910,2,1,0,18,0,0,0,0,0,0,2,1,6,1,48,8,-1,-1,-1,3,3,3
2018320078173,1,9,0,18,0,0,0,0,0,0,4,1,6,1,81,11,1560,2,3,2,1,2
2018320078188,1,3,0,18,0,0,5,0,0,0,4,1,6,1,64,9,124,1,32,-1,-1,-1
2018320078291,1,9,0,17,0,0,2,6,1,1,1,1,6,1,38,7,1799,1,12,-1,-1,-1
2018320078642,1,9,0,17,0,0,1,0,1,4,2,1,6,1,20,4,1997,2,13,5,2,5
2018320078833,1,9,0,18,0,0,0,0,0,0,3,1,6,1,-1,-1,-1,-1,-1,-1,-1,-1
2018320078833,2,9,0,18,0,0,0,0,0,0,4,1,6,1,33,6,1582,2,7,5,2,5
2018320079120,1,19,0,1,0,1,0,0,0,0,2,1,2,1,23,5,1560,2,1,6,1,6
2018320079120,2,9,0,7,0,8,0,0,0,0,1,1,6,1,50,8,1910,2,10,-1,-1,-1
2018320079184,1,5,0,17,0,0,0,0,0,0,3,1,6,1,50,8,1157,1,16,6,1,6
2018320079190,1,9,0,9,0,8,0,0,0,0,1,1,6,2,48,8,1461,2,4,8,1,8
2018320079190,2,9,0,18,0,8,0,0,0,0,4,1,6,2,78,11,999,1,4,9,3,9
2018320079349,1,9,0,18,0,8,0,0,0,0,1,1,6,1,53,8,1796,1,11,8,1,8
2018320079349,2,9,0,18,0,8,0,0,0,0,3,1,6,1,36,7,1896,2,11,8,1,8
2018320079555,1,9,0,15,4,2,0,0,0,0,3,1,1,1,28,6,1796,1,12,1,1,1
2018320079555,2,1,0,18,0,2,0,0,0,0,1,1,6,1,44,7,-1,-1,-1,3,1,3
2018320079781,1,3,0,17,0,0,1,0,1,0,4,1,6,1,26,6,125,1,4,8,1,8
2018320080522,1,9,0,16,0,0,0,0,0,0,1,1,2,2,27,6,-1,-1,-1,2,1,2
2018320080522,2,9,0,17,0,0,0,0,0,0,1,1,6,1,28,6,2993,2,3,5,2,5
2018320080859,1,19,0,17,0,0,0,0,1,0,1,1,6,1,42,7,1686,2,17,6,3,6
2018320080898,1,9,0,16,0,0,0,0,1,0,4,1,6,3,-1,-1,-1,-1,-1,-1,-1,-1
2018320080966,1,9,0,18,0,1,0,0,1,9,1,1,2,1,32,6,1686,2,15,7,2,7
2018320081012,1,19,0,10,0,6,0,0,0,0,1,1,1,1,45,7,2198,2,7,4,1,4
2018320081012,2,9,0,9,0,1,0,0,0,0,3,1,6,1,24,5,4163,1,4,5,3,5
2018320081176,1,9,0,18,0,0,0,0,0,0,2,1,6,2,48,8,1242,1,12,4,1,4
2018320081176,2,9,0,18,0,0,0,0,0,0,1,1,6,1,32,6,1598,1,13,8,1,8
2018320081248,1,9,0,18,0,2,0,0,0,0,4,1,6,2,47,8,1597,2,3,9,1,9
2018320082400,1,9,0,16,0,2,0,0,0,0,4,1,3,1,64,9,1598,1,11,1,1,1
2018320083345,1,21,1,18,0,0,1,0,0,0,0,1,1,1,23,5,-1,-1,-1,6,3,6
2018320083345,2,21,1,18,0,0,0,0,0,0,0,1,1,1,50,8,-1,-1,-1,6,3,6
2018320083345,3,21,4,18,0,0,0,0,0,0,0,1,1,1,33,6,-1,-1,-1,1,1,1
2018320083345,4,19,0,18,0,0,1,0,0,0,0,1,1,1,53,8,1968,2,2,1,1,1
2018320084469,1,5,0,18,0,1,1,0,0,0,1,1,2,1,25,5,649,1,3,2,1,2
2018320084469,2,1,0,18,0,1,0,0,0,0,2,1,6,1,53,8,-1,-1,-1,9,1,9