Accident_Index,Vehicle_Reference,Vehicle_Type,Towing_and_Articulation,Vehicle_Manoeuvre,Vehicle_Location-Restricted_Lane,Junction_Location,Skidding_and_Overturning,Hit_Object_in_Carriageway,Vehicle_Leaving_Carriageway,Hit_Object_off_Carriageway,1st_Point_of_Impact,Was_Vehicle_Left_Hand_Drive?,Journey_Purpose_of_Driver,Sex_of_Driver,Age_of_Driver,Age_Band_of_Driver,Engine_Capacity_(CC),Propulsion_Code,Age_of_Vehicle,Driver_IMD_Decile,Driver_Home_Area_Type,Vehicle_IMD_Decile
2018320084512,1,9,0,18,0,1,0,0,0,0,1,1,6,3,-1,-1,-1,-1,-1,-1,-1,-1
2018320084517,1,9,0,18,0,0,0,0,0,0,4,1,6,2,18,4,1598,1,13,4,2,4
2018320084517,2,1,0,18,0,0,0,0,1,0,0,1,6,1,86,11,-1,-1,-1,8,3,8
2018320085288,1,19,0,18,0,0,0,0,0,0,3,1,1,1,42,7,-1,-1,-1,1,1,1
2018320085288,2,19,0,18,0,0,0,0,0,0,3,1,1,1,34,6,2198,2,6,-1,-1,-1
2018320085630,1,9,0,12,0,0,0,0,0,0,1,1,6,1,77,11,1560,2,6,9,2,9
2018320085630,2,21,0,18,0,0,0,0,0,0,3,1,1,1,46,8,7698,2,4,7,1,7
2018320085718,1,9,0,18,0,0,1,0,1,9,4,1,6,1,57,9,-1,-1,-1,5,2,5
2018320085972,1,9,0,16,0,8,0,0,7,1,1,1,2,2,51,8,1248,2,9,7,1,7
2018320086342,1,9,0,10,0,2,0,0,0,0,1,1,6,3,-1,-1,1242,1,17,3,3,3
2018320086342,2,1,0,18,0,1,0,0,0,0,1,1,6,1,22,5,-1,-1,-1,5,3,5
2018320086447,1,9,0,5,0,4,0,0,0,0,1,1,6,2,28,6,1200,1,4,-1,-1,-1
2018320086447,2,9,0,18,0,3,0,0,0,0,4,2,1,2,19,4,999,1,2,9,1,9
2018320086502,1,21,0,18,0,0,0,0,1,0,0,1,1,1,39,7,12740,2,6,1,1,1
2018320086721,1,1,0,18,0,1,0,0,0,0,1,1,2,1,50,8,-1,-1,-1,8,1,8
2018320086721,2,9,0,9,0,2,0,0,0,0,1,1,2,2,48,8,1343,1,15,7,1,7
2018320086788,1,9,0,18,0,0,0,0,1,4,4,1,2,2,26,6,1598,1,3,5,3,5
2018320087247,1,9,0,18,0,1,0,0,0,0,1,1,6,2,34,6,1686,2,14,4,3,4
2018320087247,2,9,0,9,0,6,0,0,0,0,3,1,6,2,66,10,1329,1,6,3,3,3
2018320087514,1,9,0,18,0,0,1,0,1,10,1,1,2,2,50,8,1242,1,6,6,3,6
2018320087832,1,9,0,5,0,6,0,0,0,0,3,1,6,2,19,4,1198,1,13,4,3,4
2018320087832,2,20,0,18,0,8,0,0,0,0,1,1,1,1,44,7,-1,-1,-1,10,3,10
2018320087858,1,9,0,18,0,2,0,0,0,0,1,1,1,2,29,6,1997,2,13,1,1,1
2018320088016,1,9,0,18,0,1,0,0,0,0,1,1,6,1,43,7,1560,2,2,8,1,8
2018320088139,1,9,0,9,0,0,0,0,1,4,2,1,1,2,51,8,1587,1,14,1,1,1
2018320088139,2,9,0,18,0,0,1,0,0,0,1,1,6,2,22,5,1498,1,1,8,3,8
2018320088144,1,9,0,18,0,0,0,0,0,0,1,1,6,1,21,5,1998,2,13,3,1,3
2018320088144,2,8,0,18,0,0,0,0,0,0,1,1,1,1,43,7,1997,2,9,9,1,9
2018320088233,1,9,0,15,0,0,0,0,0,0,1,1,6,2,73,10,1598,2,5,8,1,8
2018320088233,2,8,0,2,0,0,0,0,0,0,0,1,2,1,37,7,1248,2,8,6,1,6
2018320088369,1,9,0,18,0,0,0,0,0,0,2,1,6,1,19,4,1390,1,16,5,2,5
2018320088369,2,9,0,2,0,0,0,0,0,0,1,1,6,2,27,6,2793,1,20,8,1,8
2018320088369,3,9,0,2,0,0,0,0,0,0,0,1,6,3,-1,-1,1991,2,10,-1,-1,-1
2018320088369,4,19,0,2,0,0,0,0,0,0,1,1,6,1,58,9,1995,2,-1,8,1,8
2018320088369,5,9,0,2,0,0,0,0,0,0,2,1,6,2,40,7,1999,1,11,8,1,8
2018320088369,6,9,0,2,0,0,0,0,0,0,4,1,6,3,-1,-1,1390,1,6,8,1,8
2018320088369,7,9,0,2,0,0,0,0,0,0,4,2,6,3,-1,-1,-1,-1,-1,8,1,8
2018320088744,1,9,0,18,0,1,1,0,3,1,1,1,6,1,65,9,1598,2,3,10,2,10
2018320088744,2,9,0,18,0,1,0,0,0,0,2,1,1,1,38,7,1598,2,1,3,1,3
2018320088744,3,9,0,10,0,1,0,0,0,0,1,1,6,1,73,10,1798,1,13,1,1,1
2018320088744,4,9,0,18,0,2,0,0,0,0,3,1,6,1,63,9,1318,1,1,7,3,7
2018320089310,1,9,0,18,0,1,0,0,0,0,1,1,6,1,82,11,1997,2,15,4,1,4
2018320089310,2,9,0,18,0,1,0,0,0,0,1,1,6,1,66,10,-1,-1,-1,6,1,6
2018320089541,1,9,0,4,0,1,0,0,0,0,2,1,6,1,39,7,1422,2,2,9,2,9
2018320089541,2,9,0,4,0,1,1,0,0,0,1,1,6,1,35,6,2959,2,14,9,3,9
2018320089626,1,9,0,7,0,8,0,0,0,0,1,1,6,2,27,6,1390,1,6,3,1,3
2018320089626,2,9,0,18,0,8,0,0,1,9,4,1,6,2,49,8,1998,2,13,7,1,7
2018320089926,1,9,0,18,6,0,0,0,7,0,3,1,6,1,28,6,1951,2,12,3,1,3
2018320090184,1,9,0,7,0,1,5,10,7,0,3,1,6,2,28,6,1499,2,1,4,1,4
2018320090902,1,97,0,5,0,2,0,0,0,0,0,1,6,1,23,5,-1,-1,-1,2,1,2
2018320091028,1,9,0,18,0,1,1,0,1,10,1,1,6,1,26,6,1598,1,14,2,1,2
2018320091515,1,9,0,9,0,8,1,0,1,9,4,1,1,1,45,7,2993,2,8,6,1,6
2018320091595,1,9,0,18,0,8,0,0,0,0,1,1,6,2,56,9,2987,2,12,8,3,8
2018320091595,2,9,0,9,0,8,0,0,0,0,1,1,6,2,21,5,-1,-1,-1,8,1,8
2018320091693,1,9,0,9,0,1,1,0,3,4,1,1,6,1,77,11,1560,2,8,6,1,6
2018320091756,1,9,0,18,0,0,0,0,0,0,0,1,6,3,-1,-1,-1,-1,-1,-1,-1,-1
2018320091756,2,9,0,13,0,0,5,0,7,9,1,1,6,1,29,6,1969,2,4,8,1,8
2018320092973,1,9,0,16,0,1,1,0,7,0,3,1,1,2,21,5,1388,1,13,1,1,1
2018320093011,1,9,0,18,0,0,0,0,1,0,2,1,2,2,41,7,1461,2,12,4,1,4
2018320093011,2,21,1,18,0,0,0,0,0,0,1,1,1,1,61,9,-1,-1,-1,-1,-1,-1
2018320093147,1,9,0,17,0,0,1,0,7,2,3,1,2,2,18,4,1496,2,1,5,3,5
2018320093197,1,9,0,17,0,1,0,0,0,0,1,1,2,1,41,7,1997,2,17,8,1,8
2018320093197,2,9,0,17,0,2,0,0,0,0,1,1,1,1,35,6,1995,2,3,1,1,1
2018320093259,1,9,0,18,0,0,0,0,0,0,1,1,6,3,-1,-1,-1,-1,-1,-1,-1,-1
2018320093301,1,9,0,18,0,0,1,0,7,0,1,1,1,1,53,8,2993,2,14,5,3,5
2018320093405,1,9,0,18,0,0,0,0,0,0,1,1,6,1,64,9,1998,2,11,9,3,9
2018320093405,2,21,0,3,0,0,0,0,0,0,2,1,1,1,46,8,12902,2,5,8,1,8
2018320093405,3,9,0,3,0,0,0,0,0,0,1,1,1,2,26,6,1248,1,7,7,3,7
2018320093517,1,9,0,9,0,8,1,0,0,0,1,1,6,1,75,10,1590,1,16,6,3,6
2018320093517,2,9,0,18,0,8,1,0,0,0,1,1,6,2,26,6,1398,1,14,5,3,5
2018320093517,3,9,0,10,0,1,0,0,0,0,1,1,1,1,27,6,1995,2,5,2,1,2
2018320093547,1,9,0,18,9,0,1,0,1,0,1,1,6,2,38,7,1560,2,6,3,1,3
2018320093562,1,21,0,18,0,0,0,0,0,0,3,1,1,1,23,5,12742,2,1,2,1,2
2018320093562,2,9,0,18,0,0,0,0,3,0,3,1,6,2,28,6,1461,2,9,5,3,5
2018320093643,1,11,0,16,0,2,0,0,7,9,1,1,1,1,60,9,-1,2,21,3,3,3
2018320093643,2,9,0,18,0,2,0,0,0,0,3,1,2,2,41,7,1368,1,8,7,2,7
2018320094303,1,9,0,14,0,0,0,0,0,0,3,1,2,2,30,6,1796,1,18,6,1,6
2018320094472,1,8,0,18,0,1,0,0,0,0,4,1,3,2,62,9,-1,-1,-1,3,1,3
2018320094542,1,9,0,4,0,1,1,0,3,10,1,1,6,2,43,7,1493,2,11,7,2,7
2018320094553,1,9,0,18,0,0,5,0,1,9,4,1,6,2,22,5,1461,2,17,-1,-1,-1
2018320094609,1,9,0,17,0,0,0,0,7,10,3,1,2,1,31,6,1360,1,16,3,3,3
2018320094800,1,9,0,18,0,0,1,0,7,9,1,1,6,2,63,9,1596,1,15,3,1,3
2018320095231,1,9,0,18,0,0,5,0,7,0,1,1,2,1,66,10,-1,-1,-1,7,1,7
2018320095572,1,9,0,18,0,0,1,0,0,0,1,1,2,1,28,6,1499,2,4,7,2,7
2018320095572,2,19,0,18,0,0,1,0,1,0,2,1,6,1,41,7,2188,2,16,1,1,1
2018320095816,1,9,0,18,0,0,0,0,0,0,1,1,1,1,21,5,1686,2,4,4,1,4
2018320095816,2,9,0,18,0,0,0,0,0,0,2,1,6,2,48,8,1390,1,10,8,1,8
2018320095936,1,9,0,5,0,0,1,0,0,0,1,1,6,1,61,9,2457,1,17,5,3,5
2018320095936,2,9,0,18,0,0,0,0,0,0,3,1,2,2,49,8,1968,2,5,9,1,9
2018320095968,1,9,0,18,0,0,1,0,0,0,1,1,1,1,40,7,-1,-1,-1,-1,-1,-1
2018320095968,2,21,0,2,6,0,0,0,0,0,2,1,1,1,52,8,10837,2,5,3,3,3
2018320096760,1,21,1,18,0,0,0,0,1,9,4,1,6,1,54,8,11967,2,5,-1,-1,-1
2018320097240,1,98,0,18,0,0,0,0,0,0,4,1,6,1,-1,-1,-1,-1,-1,-1,-1,-1
2018320097240,2,9,0,18,0,0,1,0,0,0,3,1,2,1,30,6,1984,1,1,7,3,7
2018320097240,3,9,0,18,0,0,1,0,0,0,1,1,6,2,25,5,1956,2,8,6,1,6
2018320097533,1,9,0,7,0,0,1,0,0,0,1,1,1,1,51,8,1991,1,17,6,3,6
2018320097533,2,9,0,18,0,0,0,0,0,0,1,1,6,1,82,11,1360,1,19,9,2,9
2018320097612,1,90,1,11,0,0,4,0,1,0,0,1,1,1,70,10,-1,-1,-1,3,1,3
2018320100039,1,9,0,12,0,0,5,10,4,7,1,1,6,1,21,5,1870,2,13,6,3,6
2018320100809,1,9,0,18,0,0,0,11,7,4,4,1,1,2,24,5,998,1,8,-1,-1,-1
2018320100956,1,9,0,18,0,0,0,0,0,0,1,1,6,1,30,6,1798,1,16,5,2,5
2018320100956,2,9,0,4,0,0,0,0,0,0,2,1,6,1,54,8,2967,2,11,4,2,4
2018320100961,1,9,0,18,0,2,0,0,0,0,4,1,6,3,-1,-1,-1,-1,-1,-1,-1,-1
2018320100961,2,9,0,18,0,1,0,0,0,0,1,1,6,2,30,6,1968,2,10,6,3,6
2018320100961,3,9,0,18,0,1,0,0,0,0,0,1,6,2,55,8,1498,1,1,9,2,9
2018320101596,1,3,0,18,0,1,0,0,1,0,1,1,2,1,28,6,125,1,3,4,1,4
2018320101596,2,19,0,3,0,1,0,0,0,0,2,1,1,1,55,8,1598,2,3,5,1,5
2018320102072,1,9,0,18,0,0,1,0,7,9,1,1,6,1,26,6,1998,2,16,1,1,1
2018320102740,1,9,0,18,0,0,0,0,0,0,1,1,6,1,48,8,-1,-1,-1,7,1,7
2018320102740,2,9,0,18,0,0,0,0,0,0,1,1,6,1,56,9,-1,-1,-1,7,1,7
2018320103323,1,20,0,11,0,0,0,0,0,0,2,1,6,1,30,6,1968,2,2,-1,-1,-1
2018320103323,2,9,0,18,0,0,0,0,0,0,1,1,1,2,42,7,1995,2,5,10,3,10
2018320103373,1,9,0,18,0,0,0,0,0,0,0,1,2,1,22,5,2495,2,19,4,3,4
2018320103747,1,9,0,17,0,0,0,0,1,0,3,1,1,1,47,8,1686,2,4,4,1,4
2018320103747,2,17,0,16,0,0,0,0,0,0,0,1,1,1,20,4,-1,2,12,3,3,3
2018320104377,1,3,0,16,0,0,1,0,0,0,4,1,2,1,24,5,125,1,5,7,1,7
2018320104560,1,17,0,18,0,0,5,0,7,0,1,1,1,1,42,7,-1,-1,-1,4,2,4
2018320105691,1,9,0,18,0,0,0,0,0,0,1,1,2,2,50,8,1986,2,12,7,3,7
2018320105691,2,9,0,18,0,0,0,0,0,0,2,1,1,2,46,8,2199,2,3,4,2,4
2018320105691,3,9,0,18,0,0,0,0,0,0,0,2,2,2,46,8,2494,8,1,8,3,8
2018320105691,4,98,0,18,0,0,0,0,0,0,2,1,2,1,49,8,-1,-1,-1,3,1,3
2018320105774,1,9,0,18,0,0,0,0,0,0,1,1,1,1,38,7,1461,2,-1,9,3,9
2018320105774,2,9,0,18,0,0,0,0,0,0,2,1,6,2,30,6,1798,8,1,6,1,6
2018320105774,3,19,0,18,0,0,0,0,0,0,2,1,6,1,72,10,2198,2,2,-1,-1,-1
2018320106356,1,19,0,18,0,0,0,0,0,0,1,1,6,1,30,6,2499,2,18,1,1,1
2018320107008,1,97,0,16,0,0,0,0,0,0,3,1,1,1,41,7,-1,-1,-1,8,1,8
2018320107008,2,9,0,17,0,0,0,0,0,0,1,1,6,1,72,10,1591,1,2,9,1,9
2018320108207,1,9,0,18,0,0,5,0,1,9,1,1,6,2,18,4,1086,1,12,7,1,7
2018320108711,1,9,0,18,0,1,0,0,0,0,2,1,6,3,-1,-1,1395,1,4,-1,-1,-1
2018320108711,2,9,0,18,0,1,0,0,0,0,2,1,6,1,28,6,2996,2,8,3,1,3
2018320109077,1,9,0,18,0,0,0,0,0,0,1,1,6,1,48,8,1596,1,12,8,1,8
2018320109077,2,9,0,3,0,0,0,0,0,0,2,1,6,2,66,10,999,1,1,6,1,6
2018320109462,1,9,0,1,0,0,0,0,0,0,0,2,6,1,84,11,999,1,9,10,1,10
2018320109468,1,9,0,18,0,1,0,0,0,0,1,1,6,2,34,6,1398,2,6,1,2,1
2018320109468,2,9,0,18,0,1,0,0,0,0,3,1,6,1,28,6,1896,2,12,2,1,2
2018320109501,1,9,0,18,0,2,0,0,0,0,1,1,6,1,18,4,1398,2,14,10,1,10
2018320109501,2,1,0,18,0,8,0,0,0,0,4,1,6,1,12,3,-1,-1,-1,3,1,3
2018320109521,1,21,0,12,8,4,0,0,0,0,4,1,6,3,-1,-1,5193,2,12,-1,-1,-1
2018320109521,2,9,0,18,0,4,0,0,0,0,4,1,6,1,28,6,1998,1,13,7,1,7
2018320110125,1,9,0,18,0,1,1,0,1,2,3,1,6,1,17,4,1229,1,10,6,1,6
2018320110143,1,9,0,18,0,8,0,0,0,0,1,1,6,2,19,4,998,1,10,5,3,5
2018320110143,2,9,0,17,0,8,0,0,0,0,1,1,6,1,30,6,1124,1,16,7,2,7
2018320110559,1,9,0,18,0,2,0,0,1,4,1,1,6,1,30,6,1984,2,5,1,1,1
2018320111232,1,9,0,12,0,1,0,0,0,0,1,1,6,2,47,8,1560,2,6,8,3,8
2018320111232,2,9,0,9,0,1,0,0,0,0,2,1,6,1,72,10,1395,1,3,8,3,8
2018320111317,1,98,0,18,0,0,0,0,0,0,3,1,1,1,57,9,-1,-1,-1,-1,-1,-1
2018320111317,2,9,0,18,0,0,1,0,0,0,1,1,6,2,27,6,1198,1,6,3,1,3
2018320111317,3,21,0,18,0,0,0,0,0,0,3,1,1,1,32,6,10837,2,5,4,1,4
2018320111317,4,19,0,18,0,0,0,0,0,0,0,1,1,1,48,8,1995,2,1,3,2,3
2018320111317,5,19,0,18,0,0,0,0,0,0,0,1,1,1,54,8,2198,2,3,4,1,4
2018320111916,1,9,0,18,0,0,2,0,0,0,1,1,6,1,24,5,2993,2,8,-1,-1,-1
2018320112063,1,98,0,18,0,1,0,0,0,0,1,1,6,3,-1,-1,-1,-1,-1,-1,-1,-1
2018320112063,2,1,0,18,0,1,0,0,0,0,3,1,6,1,11,3,-1,-1,-1,7,1,7
2018320112159,1,9,0,18,0,0,0,0,3,1,4,1,6,1,35,6,2720,2,12,1,1,1
2018320112328,1,9,0,18,0,1,0,0,0,0,1,1,2,1,46,8,1332,1,10,9,2,9
2018320112328,2,9,0,9,0,1,0,0,0,0,2,1,6,2,36,7,1753,2,10,4,1,4
2018320112331,1,9,0,18,0,6,0,0,0,0,1,1,2,2,70,10,1596,1,4,6,1,6
2018320112331,2,9,0,18,0,1,0,0,0,0,1,1,2,1,76,11,1499,2,1,1,1,1
2018320112582,1,9,0,14,0,1,1,0,0,0,1,1,6,2,43,7,998,1,16,8,3,8
2018320112582,2,9,0,18,0,1,0,0,0,0,1,1,6,1,64,9,-1,-1,-1,7,3,7
2018320112582,3,90,0,2,0,1,0,0,0,0,3,1,1,1,50,8,-1,-1,-1,3,3,3
2018320112623,1,9,0,18,0,0,0,0,0,0,1,1,6,3,-1,-1,1422,2,10,-1,-1,-1
2018320112623,2,9,0,18,0,0,0,0,0,0,2,1,1,1,52,8,-1,-1,-1,6,1,6
2018320112869,1,9,0,18,0,0,1,0,7,9,1,1,6,2,20,4,998,1,12,10,3,10
2018320113901,1,9,0,4,0,2,0,0,0,0,3,1,6,2,78,11,-1,-1,-1,8,2,8
2018320113922,1,19,0,18,0,0,1,0,0,0,4,1,1,1,61,9,2143,2,1,-1,-1,-1
2018320114025,1,9,0,17,0,0,0,0,1,0,1,1,6,1,23,5,1086,1,12,8,3,8
2018320114122,1,90,0,18,0,0,0,0,0,0,2,1,6,3,-1,-1,-1,-1,-1,-1,-1,-1
2018320114619,1,9,0,7,0,3,0,0,0,0,1,1,6,1,27,6,1242,1,10,3,3,3
2018320114619,2,9,0,7,0,3,0,0,0,0,2,1,1,1,32,6,1591,1,3,2,1,2
2018320114668,1,9,0,18,0,0,0,0,0,0,1,1,6,3,-1,-1,-1,-1,-1,-1,-1,-1
2018320114668,2,1,0,18,0,0,0,0,0,0,2,1,6,1,29,6,-1,-1,-1,8,1,8
2018320115707,1,9,0,1,0,0,0,0,0,0,1,1,1,1,49,8,2143,2,4,2,1,2
2018320116019,1,19,0,18,0,0,2,0,1,0,4,1,1,1,41,7,2143,2,4,5,1,5
2018320116153,1,8,0,18,0,6,5,0,0,0,4,1,6,2,66,10,1598,2,6,-1,-1,-1
2018320116153,2,9,0,18,0,1,0,0,0,0,1,1,6,1,62,9,1596,1,10,-1,-1,-1
2018320116195,1,9,0,18,0,0,0,0,1,0,1,1,6,1,74,10,1197,1,4,3,1,3
2018320116195,2,9,0,3,0,0,0,0,0,0,2,1,6,1,72,10,1999,1,13,9,3,9
2018320116316,1,9,0,5,0,6,0,0,0,0,0,1,6,1,32,6,2993,2,13,3,1,3
2018320116316,2,9,0,18,0,2,0,0,0,0,1,1,6,1,50,8,1197,1,3,6,1,6
2018320116765,1,9,0,7,0,4,0,0,0,0,1,1,6,2,46,8,2967,2,8,6,3,6
2018320116765,2,1,0,18,0,4,0,0,0,0,1,1,6,2,52,8,-1,-1,-1,1,1,1
2018320116766,1,9,0,7,0,1,0,0,0,0,1,1,1,2,18,4,1360,1,14,3,1,3
2018320116766,2,9,0,18,0,1,0,0,7,0,3,1,2,2,60,9,1560,2,6,8,3,8
2018320117461,1,9,0,9,0,8,0,0,0,1,1,1,6,1,60,9,2967,2,7,2,1,2
2018320117461,2,9,0,9,0,8,0,0,0,0,1,1,6,1,64,9,1591,1,2,6,1,6
2018320117623,1,9,0,18,0,0,0,0,0,0,3,1,6,1,87,11,1246,1,10,-1,-1,-1
2018320117623,2,9,0,2,0,0,0,0,0,0,3,1,6,2,73,10,1997,2,1,-1,-1,-1
2018320117979,1,8,0,5,6,6,0,0,0,0,1,2,6,3,-1,-1,-1,-1,-1,-1,-1,-1
2018320117979,2,1,0,18,0,1,0,0,0,0,1,1,6,1,24,5,-1,-1,-1,8,1,8
2018320118213,1,9,0,18,0,0,0,0,0,0,1,1,6,3,-1,-1,-1,-1,-1,-1,-1,-1
2018320118213,2,1,0,18,0,0,0,0,0,0,1,1,6,1,39,7,-1,-1,-1,2,1,2
2018320118347,1,9,0,16,0,0,5,0,3,0,1,1,6,1,34,6,2993,2,5,6,3,6
2018320119073,1,9,0,7,0,4,0,0,0,0,3,1,6,1,71,10,1998,1,12,8,3,8
2018320119073,2,9,0,18,0,4,0,0,0,0,1,1,6,1,78,11,-1,-1,-1,4,1,4
2018320119110,1,9,0,14,0,1,0,0,0,0,1,1,6,1,43,7,1968,2,6,8,1,8
2018320119110,2,19,0,3,0,1,0,0,0,0,3,1,6,1,59,9,2143,2,5,3,1,3
2018320119219,1,9,0,18,0,0,0,0,0,0,1,1,6,2,33,6,998,1,16,6,1,6
2018320119219,2,9,0,3,0,0,0,0,0,0,2,1,6,2,35,6,1590,1,14,3,1,3
2018320119237,1,9,0,16,0,2,0,10,1,4,1,1,2,1,18,4,1900,2,13,2,1,2
2018320119479,1,9,0,18,0,1,0,0,0,0,1,1,6,2,53,8,1461,2,-1,5,2,5
2018320119479,2,9,0,18,0,1,0,0,0,0,2,1,2,1,60,9,2993,2,2,6,3,6
2018320119479,3,9,0,3,0,1,0,0,0,0,1,1,6,1,56,9,1389,1,17,10,1,10
2018320119479,4,9,0,3,0,1,0,0,0,0,2,1,6,2,60,9,1597,2,5,8,2,8
2018320119988,1,9,0,18,0,0,0,0,0,0,1,1,6,3,-1,-1,-1,-1,-1,-1,-1,-1
2018320120160,1,21,0,18,0,0,1,0,1,0,4,1,1,1,52,8,-1,-1,-1,2,2,2
2018320120600,1,3,0,18,0,0,1,0,1,0,3,1,2,2,31,6,108,1,3,1,1,1
2018320121094,1,9,0,5,0,4,0,0,0,0,2,1,6,1,48,8,1199,1,16,3,1,3
2018320121094,2,9,0,18,0,1,0,0,0,0,1,1,6,3,-1,-1,-1,-1,-1,-1,-1,-1
2018320121377,1,9,0,18,0,0,1,0,1,1,1,1,1,1,23,5,-1,-1,-1,4,1,4
2018320121377,2,9,0,11,0,0,0,0,0,0,1,1,2,1,43,7,1896,2,10,8,3,8
2018320121707,1,9,0,18,0,1,0,0,0,0,1,1,6,2,81,11,1246,1,10,7,3,7
2018320121707,2,1,0,18,0,1,0,0,0,0,0,1,6,1,39,7,-1,-1,-1,4,1,4
2018320121716,1,9,0,9,0,6,0,0,0,0,1,1,6,1,-1,-1,1396,1,7,4,2,4
2018320121716,2,9,0,18,0,1,0,0,0,0,4,1,3,2,34,6,995,1,8,5,3,5
2018320122743,1,9,0,18,0,0,0,0,1,0,1,1,6,1,31,6,1598,1,14,-1,-1,-1
2018320122743,2,9,0,18,0,0,0,0,0,0,1,1,6,1,24,5,1598,1,8,-1,-1,-1
2018320122765,1,9,0,18,0,0,0,0,1,4,1,1,6,2,35,6,1799,1,12,7,1,7
2018320122984,1,9,0,14,0,0,1,0,1,0,1,1,6,1,68,10,1199,1,5,-1,-1,-1
2018320122986,1,9,0,18,0,0,0,0,1,0,1,1,6,1,43,7,2926,2,17,2,1,2
2018320123110,1,9,0,18,0,2,0,0,0,0,3,1,6,2,-1,-1,1969,2,3,10,2,10
2018320123119,1,9,0,18,0,0,1,0,7,0,1,1,6,1,67,10,1398,1,17,3,1,3
2018320123119,2,9,0,18,0,0,0,0,1,0,3,1,6,1,21,5,1598,2,4,7,3,7
2018320123129,1,9,0,18,0,0,0,11,0,0,1,1,6,1,86,11,-1,-1,-1,4,3,4
2018320123492,1,98,0,17,0,0,2,0,1,0,3,1,1,2,46,8,-1,-1,-1,4,3,4
2018320123678,1,9,0,18,0,2,1,0,1,1,3,1,6,1,23,5,1560,2,4,8,3,8
2018320123712,1,9,0,7,0,1,0,0,0,0,1,1,2,2,20,4,1149,1,8,5,1,5
2018320123712,2,1,0,18,0,1,0,0,0,0,2,1,6,2,40,7,-1,-1,-1,5,1,5
2018320123957,1,9,0,18,0,1,0,0,0,0,4,1,6,3,-1,-1,-1,-1,-1,-1,-1,-1
2018320124198,1,19,0,18,0,0,0,0,1,9,1,1,6,1,-1,-1,1598,2,2,6,1,6
2018320124395,1,9,0,18,0,0,0,0,0,0,4,1,6,2,40,7,-1,-1,-1,-1,-1,-1
2018320124860,1,9,0,18,0,0,0,0,0,0,1,1,2,1,27,6,2184,2,15,3,1,3
2018320124860,2,9,0,18,0,0,0,0,0,0,2,1,1,1,48,8,2191,2,1,7,1,7
2018320124860,3,9,0,16,0,0,0,0,0,0,3,1,2,1,57,9,1685,2,3,9,1,9
2018320125091,1,9,0,18,0,0,0,0,0,0,0,1,6,3,-1,-1,-1,-1,-1,-1,-1,-1
2018320125091,2,5,0,18,0,0,1,0,0,0,0,1,6,1,46,8,-1,-1,-1,6,2,6
2018320125091,3,9,0,18,0,0,0,0,0,0,0,1,1,1,33,6,-1,-1,-1,-1,-1,-1
2018320125313,1,8,0,18,0,1,0,0,0,0,1,1,1,1,39,7,1995,2,6,1,1,1
2018320125313,2,9,0,4,0,1,0,0,0,0,2,1,6,2,40,7,1753,2,11,9,3,9
2018320125593,1,9,0,18,0,8,0,0,0,0,1,1,6,1,54,8,1461,2,8,2,1,2
2018320125593,2,9,0,5,0,1,1,0,0,0,1,1,6,1,43,7,1149,1,15,4,3,4
2018320126295,1,9,0,18,0,0,0,0,0,0,1,1,6,1,27,6,1388,1,10,9,1,9
2018320126295,2,1,0,18,0,0,0,0,0,0,2,1,6,1,22,5,-1,-1,-1,3,1,3
2018320126591,1,9,0,18,0,0,0,0,0,0,1,1,6,1,22,5,1499,2,4,-1,-1,-1
2018320126591,2,98,0,18,0,0,0,0,0,0,1,1,2,1,50,8,-1,-1,-1,8,1,8
2018320127451,1,9,0,18,0,2,0,0,0,0,0,1,6,2,69,10,2993,2,6,5,3,5
2018320127826,1,9,0,18,0,2,0,0,0,0,1,1,6,1,27,6,1390,1,21,4,2,4
2018320127826,2,9,0,18,0,1,0,0,0,0,1,1,6,1,75,10,1498,1,2,4,3,4
2018320128253,1,9,0,9,0,1,0,0,0,0,4,1,6,2,86,11,1248,1,7,9,1,9
2018320128253,2,9,0,18,0,1,0,0,3,0,1,1,6,1,20,4,1398,1,1,-1,-1,-1
2018320128253,3,9,0,18,0,1,0,0,0,0,1,1,6,1,45,7,1598,2,-1,-1,-1,-1
2018320128690,1,9,0,18,0,0,0,0,0,0,1,1,6,2,33,6,1398,2,10,7,1,7
2018320128690,2,9,0,18,0,0,0,0,0,0,2,1,6,2,63,9,1596,1,4,3,3,3
2018320128714,1,9,0,18,0,0,0,0,1,3,1,1,6,2,19,4,1084,1,1,2,2,2
2018320129332,1,9,0,18,0,1,1,10,1,2,1,1,1,1,24,5,1390,1,9,-1,-1,-1
2018320131014,1,9,0,18,0,2,0,0,0,0,4,1,6,2,31,6,1461,2,11,-1,-1,-1
2018320131014,2,1,0,18,0,1,0,0,0,0,3,1,6,1,17,4,-1,-1,-1,-1,-1,-1
2018320131402,1,9,0,18,0,1,0,0,0,0,1,1,6,2,65,9,-1,-1,-1,-1,-1,-1
2018320131402,2,9,0,9,0,6,0,0,0,0,1,1,6,2,55,8,4966,1,15,4,3,4
2018320132026,1,9,0,18,0,1,0,0,0,0,1,1,1,1,57,9,-1,-1,-1,9,2,9