Accident_Index,Vehicle_Reference,Vehicle_Type,Towing_and_Articulation,Vehicle_Manoeuvre,Vehicle_Location-Restricted_Lane,Junction_Location,Skidding_and_Overturning,Hit_Object_in_Carriageway,Vehicle_Leaving_Carriageway,Hit_Object_off_Carriageway,1st_Point_of_Impact,Was_Vehicle_Left_Hand_Drive?,Journey_Purpose_of_Driver,Sex_of_Driver,Age_of_Driver,Age_Band_of_Driver,Engine_Capacity_(CC),Propulsion_Code,Age_of_Vehicle,Driver_IMD_Decile,Driver_Home_Area_Type,Vehicle_IMD_Decile
2018320132026,2,9,0,18,0,1,0,0,0,0,2,1,6,1,50,8,1995,2,5,4,1,4
2018320132026,3,19,0,16,0,1,0,0,0,0,2,1,6,1,53,8,2295,7,13,2,1,2
2018320132436,1,19,0,15,0,0,0,0,0,0,3,1,1,1,27,6,1248,2,11,-1,-1,-1
2018320132436,2,9,0,15,0,0,0,0,1,0,4,2,6,2,41,7,2179,2,3,4,3,4
2018320132773,1,9,0,18,0,0,0,0,0,0,1,1,6,2,33,6,998,1,1,-1,-1,-1
2018320132773,2,9,0,4,0,0,0,0,0,0,2,1,2,1,50,8,-1,-1,-1,10,1,10
2018320132928,1,9,0,10,0,1,0,0,0,0,2,1,6,1,37,7,1968,2,9,4,3,4
2018320132928,2,3,0,18,0,1,0,0,0,0,1,1,6,1,20,4,125,1,1,6,1,6
2018320133310,1,9,0,17,0,0,0,0,0,0,1,1,6,1,23,5,1910,2,14,2,1,2
2018320133310,2,9,0,16,0,0,0,0,0,0,1,1,6,1,23,5,1198,1,4,6,1,6
2018320133435,1,9,0,18,0,0,0,0,7,10,1,1,6,1,24,5,1598,1,12,5,3,5
2018320135081,1,98,0,18,0,0,0,0,0,0,1,1,6,1,18,4,-1,-1,-1,-1,-1,-1
2018320135266,1,9,0,18,0,0,0,0,0,0,1,1,6,3,-1,-1,-1,-1,-1,-1,-1,-1
2018320135266,2,1,0,18,0,0,0,0,0,0,1,1,6,1,18,4,-1,-1,-1,8,1,8
2018320135503,1,1,0,18,0,0,5,0,0,0,1,1,6,1,68,10,-1,-1,-1,-1,-1,-1
2018320135605,1,19,0,18,0,0,0,0,0,0,2,1,6,1,47,8,1686,2,14,5,2,5
2018320135605,2,3,0,18,0,0,1,0,0,0,1,1,6,1,29,6,124,1,2,5,2,5
2018320135640,1,5,0,17,0,0,0,0,7,9,1,1,6,1,42,7,-1,-1,-1,3,1,3
2018320138034,1,9,0,18,0,2,0,0,0,0,1,1,2,1,28,6,1496,1,1,4,1,4
2018320138034,2,9,0,18,0,1,0,0,0,0,1,1,6,1,22,5,1275,1,18,4,1,4
2018320138034,3,9,0,2,0,1,0,0,0,0,3,1,6,3,-1,-1,1242,1,10,-1,-1,-1
2018320139653,1,3,0,17,0,0,0,0,0,0,1,1,6,1,18,4,124,1,8,2,1,2
2018320139662,1,9,0,13,0,0,5,10,0,7,4,1,2,1,35,6,1598,1,12,1,1,1
2018320140899,1,9,0,8,9,6,0,0,0,0,1,1,1,1,53,8,2495,2,12,4,3,4
2018320140899,2,1,0,18,0,8,0,0,0,0,1,1,6,1,71,10,-1,-1,-1,8,1,8
2018320141242,1,19,0,18,0,0,0,0,0,0,1,1,1,1,26,6,-1,-1,-1,2,1,2
2018320141242,2,90,0,18,0,0,0,0,0,0,0,1,6,1,8,2,-1,-1,-1,-1,-1,-1
2018320141250,1,9,0,5,0,0,0,0,0,0,3,1,1,2,85,11,1360,1,16,7,3,7
2018320141250,2,9,0,18,0,0,0,0,0,0,4,1,6,1,47,8,2494,2,6,5,3,5
2018320141366,1,9,0,18,0,0,0,0,1,4,1,1,6,1,20,4,-1,-1,-1,7,3,7
2018320141721,1,19,0,18,0,1,0,0,0,0,1,1,1,1,51,8,2198,2,2,4,3,4
2018320141721,2,19,0,18,0,1,0,0,0,0,1,1,1,1,38,7,1598,2,1,3,1,3
2018320141721,3,1,0,18,0,8,0,0,0,0,0,1,6,3,-1,-1,-1,-1,-1,-1,-1,-1
2018320141857,1,9,0,9,0,0,0,0,0,0,4,1,2,1,24,5,-1,-1,-1,7,1,7
2018320141857,2,5,0,18,0,0,0,0,0,0,1,1,2,1,35,6,645,1,7,5,3,5
2018320141908,1,9,0,18,0,8,0,0,0,0,3,1,6,2,60,9,1596,1,11,1,1,1
2018320141908,2,9,0,18,0,8,0,0,0,0,4,1,2,1,24,5,1910,2,12,4,3,4
2018320141969,1,98,0,18,0,0,0,0,0,0,4,1,6,3,-1,-1,-1,-1,-1,-1,-1,-1
2018320142612,1,9,0,9,0,8,0,0,0,0,4,1,6,1,-1,-1,1968,2,2,9,2,9
2018320142612,2,9,0,18,0,8,0,0,0,0,1,1,6,1,69,10,1560,2,6,6,3,6
2018320142632,1,9,0,18,0,4,0,0,0,0,1,1,6,1,68,10,2987,2,2,4,2,4
2018320142632,2,1,0,18,0,4,0,0,0,0,1,1,6,1,72,10,-1,-1,-1,1,1,1
2018320143082,1,9,0,14,0,0,0,4,0,0,1,1,2,2,23,5,1395,1,-1,7,3,7
2018320143082,2,9,0,2,0,0,0,0,0,0,1,1,6,3,-1,-1,1969,2,2,-1,-1,-1
2018320143105,1,9,0,18,0,0,0,0,1,0,1,1,2,2,35,6,1360,1,14,5,1,5
2018320143523,1,5,0,13,0,0,0,0,0,0,3,1,6,1,22,5,649,1,3,4,-1,4
2018320143523,2,9,0,13,0,0,0,0,0,0,4,1,6,1,51,8,2143,2,2,9,1,9
2018320143941,1,9,0,7,0,8,1,0,7,4,1,1,6,2,32,6,1596,1,8,3,1,3
2018320143999,1,9,0,17,0,0,0,0,0,0,1,1,6,2,29,6,1360,1,11,3,3,3
2018320143999,2,17,0,17,0,0,0,0,0,0,2,1,6,2,-1,-1,-1,2,20,-1,-1,-1
2018320144145,1,9,0,9,0,8,0,0,0,0,1,1,6,2,40,7,1984,1,13,6,3,6
2018320144145,2,5,0,18,0,8,5,0,0,0,1,1,6,1,58,9,1050,1,13,9,3,9
2018320144359,1,9,0,5,0,0,0,0,0,0,3,1,6,1,30,6,1896,2,16,2,1,2
2018320144359,2,1,0,18,0,0,0,0,0,0,1,1,6,1,24,5,-1,-1,-1,3,1,3
2018320145058,1,9,0,7,0,8,0,0,0,0,1,1,6,2,29,6,1360,1,14,6,1,6
2018320145498,1,9,0,16,0,0,0,0,0,0,1,1,6,1,69,10,1598,1,14,5,3,5
2018320145498,2,9,0,17,0,0,0,0,0,0,1,1,6,2,25,5,1598,1,9,1,1,1
2018320145522,1,9,0,18,0,1,1,0,0,0,1,1,6,1,26,6,1799,1,20,2,1,2
2018320145522,2,9,0,7,0,8,1,0,0,0,3,1,6,2,52,8,1598,1,2,5,1,5
2018320145522,3,1,0,18,0,1,0,0,0,0,0,1,6,2,21,5,-1,-1,-1,5,3,5
2018320145522,4,9,0,18,0,1,0,0,0,0,0,1,6,2,45,7,2231,2,7,5,3,5
2018320146046,1,9,0,18,0,0,0,0,1,9,1,1,6,1,43,7,2143,2,7,2,1,2
2018320146412,1,9,0,18,0,1,0,0,0,0,3,1,6,1,43,7,1596,1,11,2,1,2
2018320146412,2,9,0,18,0,1,0,0,0,0,3,1,6,1,61,9,1560,2,11,5,1,5
2018320146864,1,9,0,16,0,0,0,0,7,4,1,1,6,1,43,7,1910,2,11,1,1,1
2018320147869,1,21,1,18,0,3,0,0,0,0,1,2,1,1,-1,-1,-1,-1,-1,-1,-1,-1
2018320147869,2,19,0,4,0,3,0,0,0,0,2,1,6,1,-1,-1,-1,-1,-1,-1,-1,-1
2018320147869,3,9,0,4,0,3,0,0,0,0,2,1,6,1,-1,-1,1799,1,23,-1,-1,-1
2018320150080,1,9,0,17,0,8,0,0,0,10,1,1,6,2,33,6,1999,1,13,8,1,8
2018320150206,1,9,0,18,0,4,0,9,0,1,1,1,6,1,28,6,-1,-1,-1,6,1,6
2018320150588,1,9,0,11,0,0,0,0,1,1,1,1,6,1,69,10,1590,1,2,7,1,7
2018320150740,1,9,0,18,0,0,0,0,2,4,1,1,6,1,44,7,1794,1,17,-1,-1,-1
2018320150913,1,9,0,18,0,0,2,0,8,0,1,1,6,2,51,8,1988,1,14,-1,-1,-1
2018320151180,1,9,0,9,0,6,0,0,0,0,3,1,6,1,38,7,1995,2,6,6,1,6
2018320151180,2,5,0,18,0,1,0,0,0,0,1,1,6,1,48,8,998,1,-1,5,1,5
2018320151229,1,3,0,18,0,0,2,0,0,0,4,1,6,1,21,5,124,1,5,4,3,4
2018320152670,1,9,0,9,0,8,0,0,0,0,3,1,6,1,48,8,1595,1,18,4,1,4
2018320152670,2,1,0,9,0,8,0,0,0,0,1,1,6,1,68,10,-1,-1,-1,4,1,4
2018320152695,1,5,0,18,0,1,0,0,0,0,2,1,6,1,66,10,535,1,25,3,1,3
2018320152695,2,9,0,18,0,1,0,0,0,0,1,1,6,2,61,9,1398,1,3,6,3,6
2018320152783,1,9,0,5,0,0,0,0,0,0,1,1,6,1,93,11,998,1,13,7,2,7
2018320152783,2,9,0,18,0,0,0,0,0,0,4,1,6,1,56,9,1969,2,3,3,3,3
2018320153314,1,98,0,10,0,5,0,0,0,0,2,1,2,1,55,8,-1,-1,-1,6,2,6
2018320153314,2,4,0,18,0,1,1,0,0,0,1,1,2,1,47,8,487,1,19,5,3,5
2018320155088,1,9,0,18,0,2,0,0,0,0,4,1,6,1,45,7,1598,1,8,2,1,2
2018320156284,1,9,0,17,0,0,2,0,1,9,1,1,6,1,19,4,1753,2,11,2,1,2
2018320156293,1,9,0,8,0,0,0,0,0,0,1,1,2,2,38,7,1995,2,13,7,2,7
2018320156293,2,1,0,18,0,0,0,0,0,0,1,1,6,1,28,6,-1,-1,-1,4,1,4
2018320156312,1,9,0,5,0,8,0,0,0,0,1,1,6,2,21,5,1229,1,4,4,3,4
2018320156312,2,4,0,17,0,1,1,0,0,0,1,1,6,1,29,6,498,1,20,3,2,3
2018320156335,1,19,4,18,0,0,0,0,1,0,4,1,1,1,43,7,1968,2,1,6,1,6
2018320156950,1,9,0,9,0,8,0,0,0,0,1,1,6,2,34,6,1896,2,13,3,3,3
2018320156950,2,3,0,18,0,1,1,0,0,0,1,1,6,1,20,4,124,1,5,3,3,3
2018320157314,1,9,0,18,0,1,0,0,0,0,4,1,6,2,42,7,998,1,16,4,1,4
2018320157314,2,1,0,18,0,8,0,0,0,0,1,1,6,1,9,2,-1,-1,-1,4,1,4
2018320157394,1,9,0,18,0,0,0,0,0,0,0,1,6,3,-1,-1,-1,-1,-1,-1,-1,-1
2018320157394,2,1,0,18,0,0,0,0,0,0,0,1,6,1,10,2,-1,-1,-1,7,3,7
2018320157695,1,9,0,12,0,8,0,0,0,0,3,1,6,2,72,10,1598,1,2,2,1,2
2018320157695,2,5,0,18,0,3,0,0,0,0,4,1,6,1,58,9,689,1,1,5,1,5
2018320158761,1,19,0,18,0,0,0,0,0,0,4,1,1,1,49,8,1868,2,15,3,1,3
2018320158761,2,1,0,18,0,0,0,0,0,0,0,1,6,1,10,2,-1,-1,-1,-1,-1,-1
2018320158867,1,9,0,18,0,1,0,0,0,0,1,1,2,1,21,5,1598,2,3,8,3,8
2018320158867,2,9,0,10,0,1,0,0,0,0,2,1,6,2,32,6,2143,2,2,10,2,10
2018320159082,1,9,0,18,0,4,0,0,0,0,1,1,4,1,22,5,1596,1,10,1,1,1
2018320159082,2,9,0,18,0,4,0,0,0,0,2,1,6,1,50,8,1598,2,7,8,3,8
2018320159715,1,9,0,13,0,0,0,0,1,0,1,1,6,1,35,6,1988,1,18,1,1,1
2018320159715,2,9,0,13,0,0,0,0,0,0,3,1,2,2,42,7,1598,1,7,4,1,4
2018320160630,1,9,0,13,0,0,1,0,1,2,1,1,6,1,22,5,1598,1,4,9,3,9
2018320160630,2,9,0,18,0,0,0,0,1,2,3,1,2,1,35,6,1997,2,7,9,3,9
2018320160677,1,3,0,18,0,0,1,11,0,0,1,1,1,1,34,6,125,1,1,2,1,2
2018320160677,2,9,0,18,0,0,1,0,0,0,2,1,1,1,34,6,1582,2,3,10,1,10
2018320160986,1,9,0,18,0,0,0,0,0,0,0,1,6,1,-1,-1,-1,-1,-1,-1,-1,-1
2018320160986,2,9,0,18,0,0,0,0,1,0,4,1,6,1,68,10,2143,2,8,-1,-1,-1
2018320161287,1,9,0,18,9,8,0,0,0,0,1,1,6,1,-1,-1,-1,-1,-1,-1,-1,-1
2018320161287,2,90,0,3,9,8,0,0,0,0,1,1,6,1,10,2,-1,-1,-1,2,1,2
2018320161324,1,9,0,5,0,0,0,0,0,0,1,1,6,1,36,7,4163,1,8,5,3,5
2018320161379,1,9,0,18,0,1,0,0,0,0,1,1,6,1,28,6,-1,-1,-1,1,1,1
2018320161379,2,9,0,18,0,1,0,0,0,0,2,1,6,2,20,4,-1,-1,-1,1,1,1
2018320161379,3,9,0,18,0,1,0,0,0,0,2,1,6,1,25,5,1796,2,5,3,1,3
2018320161379,4,9,0,18,0,1,0,0,0,0,2,1,6,1,35,6,2231,2,11,1,1,1
2018320161448,1,9,0,9,0,1,0,0,0,0,1,1,6,1,90,11,1498,1,12,9,2,9
2018320161448,2,9,0,18,0,1,0,0,0,0,1,2,6,2,33,6,1956,2,4,1,1,1
2018320162301,1,9,0,18,0,0,0,0,0,0,1,1,1,1,32,6,-1,-1,-1,9,1,9
2018320162301,2,9,0,4,0,0,0,0,0,0,2,1,6,2,51,8,998,1,8,8,2,8
2018320162621,1,9,0,18,0,0,0,11,1,4,1,1,2,2,18,4,1242,1,5,9,1,9
2018320163404,1,9,0,18,0,0,2,0,2,0,1,1,6,1,20,4,1398,2,14,1,1,1
2018320165074,1,9,0,9,0,8,0,0,7,0,1,1,2,1,49,8,1560,2,8,3,3,3
2018320165074,2,9,0,17,0,8,0,0,1,0,1,1,2,1,21,5,1998,2,11,6,1,6
2018320165598,1,21,0,9,0,8,0,0,0,0,4,1,1,1,48,8,4462,2,4,-1,-1,-1
2018320165598,2,9,0,18,0,1,0,0,0,0,3,1,6,2,38,7,1461,2,2,4,3,4
2018320166003,1,9,0,17,0,0,5,0,7,0,1,1,6,1,25,5,1598,1,13,4,1,4
2018320166744,1,9,0,18,0,0,5,0,1,2,1,1,6,1,18,4,1242,1,10,9,3,9
2018320166751,1,9,0,18,0,1,0,0,0,0,1,1,6,2,25,5,1870,2,15,9,3,9
2018320166751,2,19,0,18,0,1,0,0,0,0,2,1,6,1,27,6,2402,2,8,9,2,9
2018320166845,1,97,0,18,0,1,0,0,0,0,1,1,6,3,-1,-1,-1,-1,-1,-1,-1,-1
2018320167039,1,9,0,18,0,0,0,0,0,0,1,1,6,3,30,6,-1,-1,-1,-1,-1,-1
2018320168046,1,9,0,18,0,0,0,0,0,0,1,1,6,1,-1,-1,1591,1,5,-1,-1,-1
2018320168046,2,9,0,18,0,0,0,0,0,0,2,1,6,2,69,10,1598,1,3,6,1,6
2018320168046,3,9,0,18,0,0,0,0,0,0,2,1,6,1,-1,-1,1341,1,13,-1,-1,-1
2018320168103,1,19,0,18,0,0,0,0,1,0,1,1,6,1,24,5,1560,2,-1,7,3,7
2018320168103,2,9,0,9,0,0,0,0,0,0,2,1,6,1,57,9,3952,1,21,-1,-1,-1
2018320168103,3,9,0,18,0,0,0,0,1,0,1,1,6,2,52,8,1968,2,5,10,2,10
2018320168715,1,8,0,18,0,0,0,0,0,0,1,1,1,1,28,6,1995,2,4,3,1,3
2018320168746,1,9,0,9,0,1,0,0,0,0,4,1,6,2,66,10,1598,1,2,3,3,3
2018320168746,2,9,0,18,0,1,0,0,0,0,1,1,6,1,35,6,1997,2,7,2,1,2
2018320168889,1,9,0,18,0,0,0,0,1,0,1,1,6,1,21,5,1395,1,2,7,3,7
2018320168904,1,9,0,9,0,1,0,0,2,1,1,1,6,1,19,4,1584,1,15,8,2,8
2018320168904,2,9,0,18,0,1,1,0,1,0,1,1,6,1,44,7,1995,2,5,9,2,9
2018320169392,1,9,0,18,0,0,0,4,0,0,1,1,6,2,74,10,1997,1,1,9,2,9
2018320169392,2,9,0,2,0,0,0,0,0,0,3,1,6,3,-1,-1,1598,1,8,-1,-1,-1
2018320169485,1,9,0,1,9,2,0,0,0,0,3,1,6,1,57,9,1896,2,15,1,1,1
2018320169529,1,9,0,9,0,6,0,0,0,0,0,1,6,2,62,9,1968,2,8,8,3,8
2018320169529,2,9,0,18,0,8,0,10,7,1,1,1,6,1,37,7,1364,1,8,4,1,4
2018320170101,1,19,0,18,0,2,0,0,0,0,4,1,1,1,28,6,1598,2,1,1,1,1
2018320170151,1,5,0,4,0,0,0,0,0,0,1,1,2,1,36,7,1137,1,18,3,3,3
2018320170151,2,9,0,4,0,0,0,0,0,0,2,1,2,1,24,5,1527,2,18,6,3,6
2018320170203,1,19,0,18,0,0,1,0,7,4,4,1,2,1,28,6,1686,2,14,4,3,4
2018320170467,1,9,0,18,0,1,0,0,0,0,4,1,6,2,67,10,1999,2,3,9,1,9
2018320171284,1,9,0,18,0,1,0,0,0,0,1,1,6,1,76,11,1149,1,15,5,1,5
2018320171284,2,9,0,3,0,1,0,0,0,0,2,1,6,2,49,8,1598,2,4,6,-1,6
2018320171291,1,21,0,18,0,0,1,0,1,0,1,1,1,1,28,6,12740,2,4,4,1,4
2018320171291,2,9,0,18,0,0,0,0,1,10,1,1,6,1,26,6,1390,1,7,2,1,2
2018320171453,1,98,0,18,0,1,0,0,0,0,1,1,6,1,18,4,-1,-1,-1,-1,-1,-1
2018320171453,2,9,0,5,0,2,1,0,0,0,1,1,1,2,57,9,1995,2,4,7,2,7
2018320171662,1,9,0,17,0,0,0,0,0,0,4,1,2,1,58,9,1769,1,15,7,1,7
2018320171662,2,9,0,16,0,0,0,0,0,0,1,1,6,2,45,7,-1,-1,-1,8,1,8
2018320171746,1,9,0,9,0,5,0,0,1,0,1,1,6,1,49,8,1248,2,11,7,2,7
2018320171746,2,9,0,18,0,1,0,0,0,0,1,1,6,2,47,8,1798,8,1,7,1,7
2018320172962,1,9,0,7,0,8,0,0,0,0,1,1,6,1,76,11,1582,2,5,8,3,8
2018320172962,2,9,0,8,0,8,0,0,0,0,2,1,6,1,63,9,1968,2,1,8,1,8
2018320173559,1,9,0,18,0,0,0,0,0,0,2,1,6,1,59,9,1984,2,7,4,3,4
2018320173559,2,1,0,18,0,0,0,0,0,0,0,1,6,2,18,4,-1,-1,-1,5,3,5
2018320173688,1,9,0,18,0,2,5,0,0,0,4,1,6,2,30,6,1781,1,16,1,1,1
2018320173688,2,9,0,2,0,2,0,0,0,0,1,1,6,2,58,9,1997,2,7,2,1,2
2018320173853,1,9,0,18,0,0,0,0,0,0,4,1,2,1,20,4,1596,1,13,4,1,4
2018320173853,2,1,0,18,0,0,0,0,0,0,2,1,6,1,32,6,-1,-1,-1,8,1,8
2018320174191,1,9,0,18,0,0,0,0,0,0,1,1,6,1,40,7,1343,1,14,5,2,5
2018320174191,2,9,0,18,0,0,0,0,0,0,2,1,6,2,21,5,1198,1,5,4,3,4
2018320174191,3,8,0,9,0,0,0,0,0,0,2,1,1,1,76,11,1560,2,7,7,1,7
2018320174203,1,9,0,18,0,0,0,0,0,0,1,1,6,1,17,4,999,1,1,5,2,5
2018320174203,2,9,0,18,0,0,0,0,0,0,2,1,3,2,42,7,1582,2,8,3,3,3
2018320174203,3,9,0,18,0,0,0,0,0,0,2,1,3,1,46,8,1685,2,5,7,1,7
2018320174580,1,9,0,18,0,0,0,0,0,0,1,1,6,2,34,6,1461,2,1,7,1,7
2018320174580,2,9,0,18,0,0,0,0,0,0,1,1,6,1,74,10,1368,1,8,6,1,6
2018320174900,1,9,0,16,0,2,0,0,0,0,1,1,6,2,37,7,1686,2,8,9,2,9
2018320174900,2,9,0,17,0,1,0,0,0,0,1,1,6,2,23,5,1197,1,7,10,3,10
2018320175032,1,9,0,18,0,0,5,0,7,0,3,1,2,1,31,6,1596,1,11,6,3,6
2018320175112,1,9,0,18,0,1,5,0,1,11,1,1,6,1,25,5,1783,1,18,-1,-1,-1
2018320175112,2,9,0,18,0,1,0,0,0,0,0,1,1,1,51,8,1686,2,4,1,1,1
2018320175112,3,9,0,18,0,1,0,0,0,0,0,1,1,1,42,7,1598,2,2,2,1,2
2018320175451,1,9,0,18,0,0,2,0,2,10,1,1,6,1,20,4,1390,1,4,6,2,6
2018320175479,1,9,0,9,0,8,0,0,0,0,3,1,6,2,44,7,1242,1,4,4,3,4
2018320175479,2,9,0,18,0,1,0,0,7,11,1,1,6,3,-1,-1,-1,-1,-1,-1,-1,-1
2018320175596,1,9,0,18,0,0,0,0,0,0,1,1,6,3,-1,-1,1896,2,9,-1,-1,-1
2018320175596,2,9,0,2,0,0,0,0,0,0,2,1,6,1,44,7,1956,2,4,3,1,3
2018320175596,3,9,0,2,0,0,0,0,0,0,1,1,6,3,-1,-1,-1,-1,-1,-1,-1,-1
2018320176798,1,19,0,1,0,0,0,0,0,0,0,1,6,1,27,6,2402,2,10,3,1,3
2018320176798,2,9,0,18,0,0,0,0,1,10,1,1,6,1,84,11,1968,2,12,3,1,3
2018320176924,1,9,0,18,0,0,1,0,7,0,1,1,6,1,21,5,1560,2,-1,3,1,3
2018320176924,2,19,0,18,0,0,1,0,1,0,1,1,2,1,26,6,1968,2,14,5,2,5
2018320176947,1,19,0,11,0,8,0,11,1,1,2,1,1,1,52,8,1598,2,3,3,1,3
2018320176947,2,21,1,18,0,8,0,0,0,0,1,2,1,1,31,6,12419,2,3,8,1,8
2018320176987,1,9,0,18,0,0,0,0,0,0,1,1,6,3,-1,-1,-1,-1,-1,-1,-1,-1
2018320176987,2,98,0,18,0,0,0,0,1,4,1,1,1,1,39,7,-1,-1,-1,2,1,2
2018320177248,1,9,0,18,0,1,0,0,1,4,1,1,6,2,32,6,-1,-1,-1,9,1,9
2018320177280,1,9,0,18,0,0,0,0,0,0,3,1,6,1,21,5,1395,1,5,5,3,5
2018320177280,2,9,0,18,0,0,0,0,7,10,4,1,6,1,22,5,-1,-1,-1,5,2,5
2018320177379,1,9,0,18,0,0,0,0,0,0,1,1,6,2,20,4,1496,2,3,2,1,2
2018320177379,2,21,0,18,0,0,0,0,0,0,2,1,1,1,60,9,10308,2,5,5,2,5
2018320178031,1,9,0,13,0,0,5,0,7,0,4,1,6,1,22,5,1968,2,10,4,3,4
2018320178031,2,9,0,13,0,0,2,0,1,0,3,1,6,1,81,11,1997,2,2,4,3,4
2018320178031,3,9,0,18,0,0,0,0,0,0,2,1,6,2,56,9,1229,1,5,10,1,10
2018320178372,1,9,0,10,0,8,0,0,0,0,1,1,6,2,51,8,2231,2,4,9,3,9
2018320178372,2,9,0,18,0,1,0,0,0,0,1,1,2,1,44,7,1799,1,11,2,1,2
2018320178609,1,21,0,5,0,4,0,0,0,0,1,1,1,1,44,7,10518,2,7,2,1,2
2018320178609,2,9,0,3,0,4,0,0,0,0,2,1,6,2,19,4,1242,1,5,5,1,5
2018320178641,1,9,0,17,0,0,1,0,2,3,1,1,6,2,20,4,1248,2,14,4,1,4
2018320178776,1,3,0,4,0,0,0,0,0,0,0,1,1,1,38,7,124,1,9,5,3,5
2018320178823,1,9,0,18,0,0,0,0,0,0,1,1,6,1,47,8,1242,1,2,4,1,4
2018320178838,1,9,0,4,0,0,0,0,0,0,1,1,2,1,42,7,1296,1,10,5,1,5
2018320178838,2,9,0,4,0,0,0,0,0,0,2,1,2,2,61,9,-1,-1,-1,5,3,5
2018320179106,1,9,0,18,0,0,0,0,0,0,1,1,6,1,47,8,-1,-1,-1,6,3,6
2018320179106,2,9,0,11,0,0,0,0,0,0,2,1,6,2,48,8,1388,1,13,1,1,1
2018320179106,3,9,0,18,0,0,0,0,0,0,1,1,6,1,26,6,1990,1,13,-1,1,-1
2018320179276,1,4,0,18,0,0,1,0,0,0,0,1,6,2,43,7,398,1,19,7,1,7
2018320179734,1,11,0,18,0,1,0,0,0,0,1,1,6,3,-1,-1,-1,-1,-1,-1,-1,-1
2018320179734,2,9,0,8,0,8,0,0,0,0,2,1,6,2,48,8,1396,1,2,10,2,10
2018320180565,1,9,0,18,0,0,5,0,7,4,1,1,6,1,24,5,1796,1,16,3,1,3
2018320180642,1,9,0,13,0,8,0,0,0,0,4,1,6,2,55,8,1229,1,5,3,1,3
2018320180642,2,9,0,9,0,8,0,0,0,0,3,1,6,2,39,7,1598,1,14,5,1,5
2018320180914,1,9,0,18,0,0,0,0,0,0,4,1,6,1,27,6,973,1,15,7,3,7
2018320180914,2,19,0,2,0,0,0,0,0,0,3,1,6,1,51,8,1995,2,-1,4,2,4
2018320181409,1,9,0,16,0,0,0,0,7,0,0,1,6,1,17,4,-1,-1,-1,5,3,5
2018320181647,1,19,0,18,0,2,0,0,0,0,1,1,6,1,34,6,2198,2,10,3,1,3
2018320181647,2,19,0,18,0,1,0,0,0,0,1,1,6,1,36,7,1997,2,3,3,1,3
2018320181680,1,9,0,18,0,1,0,0,0,0,1,1,6,3,-1,-1,-1,-1,-1,-1,-1,-1
2018320182094,1,9,0,18,0,0,0,0,0,0,0,1,6,3,-1,-1,-1,-1,-1,-1,-1,-1
2018320182094,2,9,0,18,0,0,0,0,0,0,4,1,6,1,58,9,1997,2,2,7,1,7
2018320182161,1,9,0,18,0,8,0,0,0,0,4,1,6,1,37,7,4163,1,4,7,1,7
2018320182161,2,9,0,5,0,8,0,0,0,0,1,1,6,2,33,6,1956,2,6,4,1,4
2018320182161,3,9,0,2,0,1,0,0,0,0,1,1,6,1,18,4,1870,2,13,1,1,1
2018320182161,4,9,0,2,0,1,0,0,0,0,1,1,6,2,41,7,1396,1,2,3,1,3
2018320183007,1,9,0,13,0,1,0,0,0,0,1,1,6,1,52,8,2148,2,16,3,1,3
2018320183007,2,9,0,9,0,8,0,0,0,0,3,1,6,2,29,6,1799,1,11,2,1,2
2018320183490,1,2,0,18,0,8,0,0,0,0,1,1,6,1,16,4,49,1,6,10,1,10
2018320183490,2,21,0,18,0,1,0,0,0,0,4,1,1,1,23,5,10837,2,2,6,1,6
2018320183557,1,19,0,18,0,0,0,0,0,0,3,1,6,1,58,9,1870,2,13,4,3,4
2018320183557,2,17,0,18,0,0,0,0,0,0,3,1,1,1,23,5,6800,2,4,5,3,5
2018320183979,1,9,0,18,0,0,0,0,0,0,4,1,6,2,45,7,1598,1,11,1,1,1
2018320183979,2,9,0,18,0,0,0,0,0,0,1,1,6,1,27,6,1560,2,12,1,1,1
2018320185294,1,9,0,9,0,1,0,0,0,0,3,1,6,1,55,8,1596,1,12,7,1,7
2018320185294,2,9,0,18,0,1,0,0,0,0,1,1,6,1,81,11,1339,1,5,9,2,9
2018320185425,1,9,0,18,0,1,0,0,7,0,1,1,6,1,30,6,1560,2,8,-1,-1,-1
2018320185425,2,9,0,18,0,1,0,0,0,0,2,1,6,1,64,9,1796,1,10,-1,-1,-1
2018320185538,1,9,0,3,0,8,0,0,0,0,2,1,6,2,29,6,1590,1,15,3,3,3
2018320185538,2,9,0,3,0,1,0,0,0,0,1,1,6,2,28,6,1753,2,11,3,3,3
2018320185648,1,9,0,18,0,0,0,0,0,0,0,1,6,3,-1,-1,-1,-1,-1,-1,-1,-1
2018320185648,2,9,0,18,0,0,0,0,0,0,1,1,6,2,33,6,2401,2,14,4,2,4
2018320185723,1,9,0,18,0,6,0,0,0,0,4,1,2,2,54,8,1197,1,-1,5,3,5
2018320185723,2,9,0,18,0,1,0,0,0,0,1,1,6,1,56,9,1560,2,3,6,3,6
2018320185897,1,9,0,5,0,1,0,0,0,0,3,1,6,2,51,8,2400,2,5,10,3,10