Accident_Index,Vehicle_Reference,Vehicle_Type,Towing_and_Articulation,Vehicle_Manoeuvre,Vehicle_Location-Restricted_Lane,Junction_Location,Skidding_and_Overturning,Hit_Object_in_Carriageway,Vehicle_Leaving_Carriageway,Hit_Object_off_Carriageway,1st_Point_of_Impact,Was_Vehicle_Left_Hand_Drive?,Journey_Purpose_of_Driver,Sex_of_Driver,Age_of_Driver,Age_Band_of_Driver,Engine_Capacity_(CC),Propulsion_Code,Age_of_Vehicle,Driver_IMD_Decile,Driver_Home_Area_Type,Vehicle_IMD_Decile
2018320292680,2,9,0,18,0,1,0,0,0,0,1,1,6,1,49,8,1560,2,14,4,3,4
2018320292692,1,19,0,9,0,1,0,0,0,0,1,1,6,1,62,9,2198,2,9,1,1,1
2018320292692,2,9,0,18,0,1,0,0,0,0,1,1,6,2,37,7,1984,1,18,1,2,1
2018320292744,1,9,0,18,0,8,0,0,0,0,1,1,6,1,37,7,1868,2,14,2,1,2
2018320292744,2,9,0,9,0,8,0,0,0,0,4,1,6,2,39,7,1896,2,11,10,2,10
2018320293134,1,9,0,5,0,2,0,0,0,0,1,1,6,2,42,7,1997,2,15,3,1,3
2018320293307,1,9,0,18,0,1,0,0,0,0,1,1,6,1,37,7,1969,2,1,2,1,2
2018320293307,2,9,0,18,0,2,5,0,0,0,3,1,1,1,47,8,3059,2,24,8,3,8
2018320294163,1,9,0,12,0,0,1,0,7,4,3,1,2,2,26,6,1360,1,9,3,3,3
2018320294903,1,9,0,7,0,8,0,0,0,0,1,1,6,3,-1,-1,1896,2,14,-1,-1,-1
2018320294903,2,9,0,18,0,8,0,0,7,0,4,1,2,1,34,6,2171,2,16,4,1,4
2018320294919,1,9,0,18,0,2,0,0,0,0,1,1,2,2,69,10,998,1,6,5,3,5
2018320294919,2,9,0,18,0,2,0,0,0,0,1,1,2,2,25,5,2000,1,17,10,2,10
2018320295000,1,9,0,9,0,8,0,0,0,0,2,1,6,1,-1,-1,1242,1,14,-1,-1,-1
2018320295000,2,9,0,18,0,8,0,0,0,0,2,1,6,2,-1,-1,999,1,-1,3,1,3
2018320295460,1,9,0,18,9,0,0,0,0,0,1,1,6,1,88,11,1796,1,10,7,3,7
2018320295489,1,19,0,18,0,1,0,0,0,0,4,1,1,1,31,6,2298,2,4,4,3,4
2018320295489,2,9,0,18,0,1,0,0,0,0,2,1,2,1,37,7,1499,2,2,10,3,10
2018320295773,1,9,0,18,0,1,0,0,0,0,4,1,6,1,76,11,1968,2,5,9,3,9
2018320296269,1,9,0,18,0,1,0,0,0,0,1,1,2,2,51,8,1398,1,6,3,3,3
2018320296269,2,8,0,9,0,8,0,0,0,0,2,1,1,1,55,8,1995,2,5,7,1,7
2018320296269,3,9,0,3,0,8,0,0,0,0,2,1,1,2,22,5,-1,-1,-1,3,3,3
2018320296377,1,9,0,16,0,8,0,0,0,0,1,1,6,1,35,6,1360,1,13,7,3,7
2018320296377,2,9,0,17,0,8,0,0,1,0,1,1,6,2,30,6,1248,2,7,4,3,4
2018320296454,1,19,0,17,0,0,5,0,7,0,3,1,1,1,46,8,1248,2,6,6,3,6
2018320296454,2,9,0,16,0,0,0,0,1,0,1,1,1,2,34,6,998,1,9,1,1,1
2018320296454,3,9,0,16,0,0,0,0,0,0,3,1,6,2,-1,-1,1998,2,14,2,1,2
2018320296535,1,9,0,9,0,8,0,0,0,0,4,1,6,1,52,8,1364,1,-1,-1,-1,-1
2018320296535,2,9,0,18,0,8,0,0,0,0,1,1,6,2,57,9,1398,1,13,9,3,9
2018320296755,1,9,0,18,0,0,0,0,0,0,1,1,6,2,56,9,1197,1,1,4,1,4
2018320296755,2,21,0,18,0,0,0,0,0,0,3,1,1,1,44,7,12777,2,-1,3,2,3
2018320296803,1,9,0,18,0,0,0,0,0,0,1,1,2,1,30,6,2967,2,2,4,3,4
2018320296803,2,9,0,5,0,0,0,0,0,0,3,1,6,1,20,4,-1,-1,-1,2,1,2
2018320296832,1,9,0,18,0,0,5,4,0,0,1,1,6,2,26,6,1753,2,12,3,1,3
2018320296832,2,9,0,2,0,0,0,0,0,0,1,1,6,1,28,6,1998,1,12,4,1,4
2018320296832,3,9,0,2,0,0,0,0,0,0,1,1,6,1,50,8,1242,1,2,2,1,2
2018320296832,4,9,0,2,0,0,0,0,0,0,1,1,6,1,28,6,1149,1,11,2,1,2
2018320297854,1,21,1,18,0,0,1,0,0,0,1,1,1,1,60,9,12742,2,-1,2,3,2
2018320297854,2,19,0,5,0,0,1,0,7,1,2,1,1,1,43,7,1598,2,1,5,3,5
2018320298788,1,5,0,16,0,0,1,0,1,0,1,1,6,1,50,8,689,1,2,4,3,4
2018320298788,2,9,0,18,0,0,0,0,0,0,1,1,2,1,41,7,1781,1,16,6,3,6
2018320299865,1,9,0,6,0,0,0,0,0,0,1,1,1,1,28,6,1685,2,-1,2,1,2
2018320299865,2,9,0,18,0,0,0,0,0,0,1,1,6,2,19,4,1199,1,14,-1,-1,-1
2018320300313,1,9,0,18,0,0,0,0,0,0,1,1,6,1,23,5,1388,1,15,9,1,9
2018320300313,2,9,0,4,0,0,0,0,0,0,2,1,2,2,29,6,1598,1,11,5,3,5
2018320300444,1,9,0,18,0,1,0,0,0,0,1,1,6,3,-1,-1,-1,-1,-1,-1,-1,-1
2018320300444,2,5,0,18,0,8,0,0,0,0,0,1,2,1,45,7,599,1,19,2,1,2
2018320300583,1,9,0,18,0,0,1,0,1,0,1,1,1,1,32,6,1995,2,13,9,2,9
2018320300583,2,21,0,17,0,0,0,0,0,0,3,1,1,1,52,8,12902,2,3,1,1,1
2018320300583,3,1,0,18,0,0,0,0,0,0,2,1,6,1,30,6,-1,-1,-1,8,1,8
2018320300744,1,9,0,18,0,0,0,0,0,0,1,1,6,3,-1,-1,-1,-1,-1,-1,-1,-1
2018320302168,1,9,0,18,0,0,0,0,0,0,1,1,2,1,25,5,1968,2,6,2,1,2
2018320302168,2,9,0,18,0,0,0,0,0,0,2,1,6,2,71,10,999,1,-1,2,1,2
2018320302394,1,19,0,5,0,0,0,0,0,0,1,1,6,1,41,7,1560,2,1,3,1,3
2018320302394,2,9,0,18,0,0,0,0,0,0,2,1,6,2,30,6,1124,1,14,1,1,1
2018320302394,3,9,0,18,0,0,0,0,0,0,2,1,6,1,42,7,1595,1,2,8,1,8
2018320302625,1,5,0,16,0,0,2,0,7,9,1,1,6,1,46,8,1050,1,12,9,1,9
2018320302782,1,9,0,18,0,0,0,0,0,0,1,1,6,1,33,6,2496,2,15,3,2,3
2018320302782,2,9,0,18,0,0,0,0,1,0,3,1,6,2,17,4,1242,1,6,2,1,2
2018320303651,1,9,0,6,0,8,0,0,7,3,1,1,6,2,40,7,1997,1,13,1,1,1
2018320303802,1,9,0,18,0,2,0,0,0,0,1,1,6,2,61,9,-1,-1,-1,5,1,5
2018320303802,2,9,0,2,0,2,0,0,0,0,2,1,6,1,-1,-1,1461,2,14,5,1,5
2018320303876,1,9,0,9,0,8,0,0,0,0,1,1,2,2,17,4,1360,1,11,3,1,3
2018320303876,2,9,0,18,0,1,0,0,0,0,4,1,6,2,75,10,1999,2,2,5,3,5
2018320304101,1,9,0,18,0,1,5,0,0,0,4,1,6,1,30,6,1242,1,5,2,1,2
2018320304101,2,9,0,18,0,1,0,0,0,0,1,1,6,2,71,10,1598,1,13,2,2,2
2018320304188,1,9,0,18,0,0,0,0,1,0,1,1,6,1,80,11,1329,1,2,2,1,2
2018320304851,1,98,0,9,0,8,0,0,0,0,4,1,1,1,63,9,-1,-1,-1,5,3,5
2018320304851,2,9,0,18,0,8,0,0,0,0,1,1,6,1,84,11,1997,2,8,9,1,9
2018320305095,1,9,0,18,0,2,0,0,0,0,1,1,2,2,53,8,1995,2,8,9,1,9
2018320305095,2,9,0,18,0,2,0,0,0,0,2,1,6,1,45,7,1796,1,10,9,3,9
2018320305502,1,9,0,18,0,1,0,0,0,0,1,1,6,1,47,8,1598,1,12,4,1,4
2018320305502,2,1,0,18,0,1,0,0,0,0,3,1,6,1,29,6,-1,-1,-1,7,1,7
2018320306047,1,9,0,18,0,0,0,0,1,11,1,1,6,1,23,5,1685,2,2,4,2,4
2018320307390,1,9,0,9,0,2,0,0,0,0,1,1,6,1,38,7,1560,2,6,-1,1,-1
2018320307390,2,9,0,18,0,1,0,0,0,0,1,1,6,2,29,6,1461,2,6,3,3,3
2018320307459,1,11,0,12,0,0,0,0,0,0,3,1,1,1,66,10,-1,-1,-1,1,1,1
2018320307459,2,9,0,18,0,0,5,0,0,0,1,1,6,1,35,6,1968,2,1,9,1,9
2018320307586,1,9,0,16,0,3,5,7,1,9,1,1,6,2,59,9,1198,1,3,5,2,5
2018320307586,2,9,0,11,0,3,0,0,0,0,2,1,1,1,61,9,1984,2,3,4,2,4
2018320307765,1,5,0,16,0,0,1,0,7,7,1,1,6,1,36,7,675,1,9,-1,-1,-1
2018320308037,1,21,0,18,0,0,0,0,1,1,1,1,1,1,57,9,6700,2,3,9,2,9
2018320308037,2,21,0,18,0,0,0,0,0,0,2,1,2,1,63,9,12900,2,7,9,1,9
2018320308037,3,21,0,18,0,0,0,0,0,0,2,1,1,1,28,6,12777,2,7,2,1,2
2018320308487,1,19,0,9,0,1,0,0,0,0,4,1,1,1,23,5,1560,2,5,9,3,9
2018320308487,2,9,0,18,0,1,0,0,0,0,1,1,1,2,22,5,1598,1,13,4,1,4
2018320308545,1,9,0,18,0,1,0,0,0,0,1,1,6,1,28,6,1995,2,12,-1,-1,-1
2018320308545,2,19,0,18,0,1,0,0,0,0,4,1,1,1,27,6,1995,2,6,8,1,8
2018320309453,1,9,0,18,0,2,0,0,0,0,1,1,6,1,22,5,1364,1,10,3,1,3
2018320309453,2,3,0,4,0,2,0,0,0,0,2,1,6,2,33,6,125,1,3,7,2,7
2018320309562,1,1,0,18,0,1,0,0,0,0,3,1,6,1,13,3,-1,-1,-1,7,1,7
2018320309562,2,9,0,18,0,1,0,0,0,0,3,1,6,2,78,11,1798,8,2,10,1,10
2018320309579,1,9,0,12,0,3,0,0,0,0,3,1,6,1,67,10,1598,2,1,5,3,5
2018320309579,2,9,0,7,0,3,0,0,0,0,4,1,6,1,28,6,1973,1,18,-1,-1,-1
2018320309895,1,9,0,9,0,1,0,0,0,0,1,1,6,2,36,7,1956,2,5,4,1,4
2018320309895,2,2,0,18,0,1,0,0,0,0,1,1,6,1,16,4,49,1,5,6,3,6
2018320309910,1,9,0,18,0,1,0,0,0,0,1,1,6,1,25,5,2198,2,11,3,1,3
2018320309910,2,9,0,3,0,8,0,0,0,0,2,1,6,1,21,5,-1,-1,-1,4,3,4
2018320311371,1,3,0,18,0,0,5,0,1,0,0,1,6,1,25,5,124,1,3,7,1,7
2018320311447,1,9,0,17,0,0,1,0,1,9,1,1,6,2,42,7,1997,2,12,6,3,6
2018320311720,1,9,0,18,0,1,0,0,0,0,1,1,6,1,29,6,998,1,5,3,1,3
2018320311720,2,9,0,9,0,8,0,0,0,0,2,1,6,1,69,10,1229,1,5,8,1,8
2018320311865,1,9,0,18,0,1,0,0,0,0,3,1,6,1,45,7,-1,-1,-1,7,1,7
2018320311920,1,9,0,18,0,3,0,0,1,1,1,1,6,3,-1,-1,-1,-1,-1,-1,-1,-1
2018320311920,2,9,0,18,0,4,0,0,0,0,4,1,6,1,29,6,1998,2,17,1,1,1
2018320312566,1,9,0,9,0,8,1,0,0,0,3,1,6,2,36,7,1299,1,17,7,1,7
2018320312566,2,9,0,18,0,8,0,0,0,0,1,1,6,2,62,9,998,1,1,5,3,5
2018320312637,1,9,0,18,0,0,0,0,0,0,3,1,6,2,26,6,1560,2,7,3,1,3
2018320312637,2,9,0,9,0,0,0,0,0,0,1,1,6,2,25,5,1199,1,17,7,2,7
2018320313294,1,9,0,18,0,0,0,0,0,0,1,1,6,1,73,10,2000,2,7,3,3,3
2018320313294,2,9,0,3,0,0,0,0,0,0,2,1,6,1,63,9,1598,1,4,5,3,5
2018320313295,1,9,0,1,0,0,0,0,0,0,2,1,6,1,32,6,-1,-1,-1,3,3,3
2018320313704,1,9,0,1,0,0,0,0,0,0,2,1,6,2,23,5,1910,2,14,3,3,3
2018320313826,1,9,0,13,0,1,0,0,0,0,4,1,6,1,56,9,1364,1,11,1,3,1
2018320313826,2,9,0,18,0,1,0,0,0,0,3,2,6,1,56,9,-1,-1,-1,1,3,1
2018320313826,3,9,0,18,0,1,0,0,0,0,2,1,6,2,35,6,-1,-1,-1,2,1,2
2018320313826,4,9,0,18,0,1,0,0,0,0,2,1,6,1,62,9,1598,1,9,1,1,1
2018320313826,5,9,0,18,0,1,0,0,0,0,1,1,6,1,55,8,1995,2,2,-1,-1,-1
2018320313912,1,3,0,18,0,3,1,0,0,0,3,1,6,2,39,7,599,1,19,5,1,5
2018320314020,1,5,0,16,0,0,1,0,7,4,1,1,6,1,33,6,1002,1,21,5,2,5
2018320314425,1,9,0,1,0,0,0,0,0,0,3,1,1,1,39,7,-1,-1,-1,1,1,1
2018320314425,2,5,0,18,0,0,0,0,0,0,1,1,1,2,54,8,903,1,5,3,3,3
2018320314534,1,3,0,18,0,0,1,0,1,1,1,1,6,1,45,7,124,1,1,9,2,9
2018320314817,1,5,0,18,0,0,1,0,1,4,1,1,6,1,53,8,1043,1,3,-1,-1,-1
2018320314817,2,9,0,18,0,0,1,0,7,0,1,1,6,1,-1,-1,1910,2,10,9,2,9
2018320315307,1,9,0,18,0,0,0,0,1,3,1,1,6,2,75,10,1598,1,8,5,3,5
2018320315447,1,9,0,18,0,1,0,0,0,0,1,1,6,3,-1,-1,-1,-1,-1,-1,-1,-1
2018320315447,2,1,0,18,0,1,0,0,0,0,1,1,6,1,49,8,-1,-1,-1,7,3,7
2018320315660,1,9,0,3,9,0,0,0,0,0,1,1,2,2,21,5,1242,1,11,4,1,4
2018320315660,2,9,0,18,0,0,0,0,0,0,4,1,6,1,27,6,1390,1,11,3,1,3
2018320315750,1,19,0,18,0,0,0,0,0,0,1,1,1,1,41,7,1997,2,15,4,1,4
2018320315750,2,9,0,18,0,0,0,0,0,0,2,1,2,1,51,8,-1,-1,-1,9,2,9
2018320315750,3,9,0,18,0,0,0,0,0,0,2,1,1,1,33,6,1598,1,14,5,1,5
2018320316012,1,5,0,18,0,1,0,0,0,0,3,1,6,1,40,7,782,1,15,3,1,3
2018320316121,1,9,0,17,0,0,5,10,1,11,1,1,6,1,34,6,1997,2,9,4,1,4
2018320316205,1,9,0,18,0,0,0,0,0,0,1,1,6,2,57,9,1499,2,3,3,3,3
2018320316436,1,9,0,5,0,1,0,0,0,0,1,1,1,2,24,5,1598,2,6,6,3,6
2018320316601,1,9,0,9,0,6,0,0,0,0,1,1,6,2,73,10,998,1,11,2,1,2
2018320316601,2,5,0,18,0,1,0,0,0,0,1,1,2,1,33,6,599,1,18,2,1,2
2018320316799,1,1,0,9,0,1,0,0,0,0,1,1,6,1,49,8,-1,-1,-1,4,1,4
2018320316830,1,9,0,18,0,0,0,0,7,11,1,1,6,1,42,7,1598,1,15,8,2,8
2018320316838,1,9,0,18,0,1,0,0,0,0,1,1,6,2,33,6,1997,2,1,6,1,6
2018320316838,2,9,0,18,0,2,0,0,0,0,2,1,6,1,48,8,1997,2,-1,-1,-1,-1
2018320317096,1,9,0,18,0,0,0,0,0,0,1,1,6,1,78,11,1206,1,7,2,1,2
2018320317096,2,19,0,18,0,0,0,0,0,0,1,1,1,1,56,9,2143,2,4,4,2,4
2018320317221,1,9,0,18,0,0,0,0,0,1,1,1,6,1,27,6,1560,2,8,1,1,1
2018320317221,2,9,0,18,0,0,0,0,0,0,1,1,6,1,48,8,1596,1,1,6,1,6
2018320317535,1,9,0,18,0,1,0,0,0,0,1,1,6,3,-1,-1,-1,-1,-1,-1,-1,-1
2018320317746,1,9,0,18,0,0,5,0,0,11,4,1,6,1,28,6,-1,-1,-1,1,1,1
2018320317852,1,9,0,18,0,1,0,0,0,0,1,1,6,1,63,9,1598,2,2,6,3,6
2018320317852,2,9,0,18,0,1,0,0,0,0,2,1,6,1,48,8,1896,2,10,2,1,2
2018320318249,1,9,0,1,0,0,0,0,0,0,4,1,2,1,44,7,2143,2,4,9,1,9
2018320318249,2,5,0,18,0,0,5,0,7,4,1,1,6,1,55,8,1237,1,-1,9,1,9
2018320318489,1,9,0,18,0,1,0,0,7,9,1,1,6,1,57,9,1798,1,11,2,1,2
2018320318489,2,9,0,18,0,2,0,0,0,0,1,1,6,2,58,9,1598,1,18,9,3,9
2018320318606,1,5,0,16,0,0,1,11,0,7,1,1,6,1,54,8,645,1,18,9,1,9
2018320318606,2,9,0,18,0,0,0,0,0,0,1,1,6,1,52,8,-1,-1,-1,8,1,8
2018320318682,1,9,0,18,0,1,0,0,1,1,1,1,6,2,63,9,1586,1,12,1,1,1
2018320318708,1,9,0,18,0,0,0,0,0,0,0,1,6,1,36,7,1368,1,-1,10,2,10
2018320318708,2,1,0,18,0,0,0,0,0,0,0,1,6,1,59,9,-1,-1,-1,10,3,10
2018320318916,1,9,0,17,0,0,0,0,1,4,3,1,2,1,19,4,1242,1,13,4,2,4
2018320318916,2,9,0,16,0,0,0,0,0,0,0,1,6,3,-1,-1,-1,-1,-1,-1,-1,-1
2018320319305,1,5,0,18,0,2,0,0,0,0,1,1,2,1,37,7,600,1,20,8,1,8
2018320319305,2,17,0,18,0,1,0,0,0,0,1,2,1,1,25,5,3621,2,1,6,2,6
2018320319305,3,9,0,18,0,1,5,0,0,0,0,1,6,3,-1,-1,1590,1,14,3,1,3
2018320319750,1,9,0,18,0,4,0,0,0,0,1,1,6,1,18,4,-1,-1,-1,-1,-1,-1
2018320319750,2,1,0,18,0,4,0,0,0,0,2,1,6,1,15,3,-1,-1,-1,7,1,7
2018320320125,1,9,0,18,0,0,0,0,0,0,1,1,6,1,71,10,1794,1,10,6,1,6
2018320320125,2,1,0,18,0,0,0,0,0,0,3,1,6,1,45,7,-1,-1,-1,2,1,2
2018320320238,1,9,0,18,0,0,0,0,0,0,3,1,6,2,25,5,1995,2,12,7,3,7
2018320320238,2,9,0,18,0,0,1,0,0,0,3,1,2,1,58,9,1997,2,5,10,2,10
2018320320298,1,21,1,18,0,0,4,0,0,7,4,1,1,2,52,8,10837,2,7,6,1,6
2018320321616,1,9,0,1,0,2,0,0,0,0,2,1,6,1,69,10,1998,2,4,8,1,8
2018320321851,1,5,0,18,0,0,0,12,0,0,1,1,6,1,46,8,1050,1,8,10,2,10
2018320321851,2,9,0,18,0,0,0,0,0,0,1,1,6,1,70,10,1364,1,3,-1,-1,-1
2018320322756,1,9,0,18,0,0,0,0,0,0,1,1,2,1,18,4,-1,-1,-1,5,3,5
2018320322756,2,9,0,18,0,0,0,0,0,0,2,1,6,1,20,4,1995,2,5,2,1,2
2018320323171,1,9,0,15,0,1,1,0,0,0,1,1,2,2,55,8,1910,2,11,4,3,4
2018320323171,2,1,0,18,0,1,0,0,0,0,3,1,6,1,46,8,-1,-1,-1,9,1,9
2018320323270,1,9,0,18,0,8,0,0,2,2,4,1,6,1,83,11,995,1,12,1,1,1
2018320323274,1,9,0,18,0,0,0,0,0,0,1,1,6,1,79,11,4196,1,12,3,3,3
2018320323762,1,9,0,5,9,0,0,0,0,0,4,1,6,1,63,9,1364,1,2,2,1,2
2018320325008,1,9,0,18,0,0,1,0,7,0,1,1,6,2,48,8,-1,-1,-1,7,2,7
2018320325008,2,9,0,18,0,0,5,0,7,0,1,1,1,1,63,9,-1,-1,-1,5,1,5
2018320325056,1,9,0,18,0,0,0,0,0,0,1,1,6,2,53,8,1997,2,9,7,3,7
2018320325056,2,9,0,3,0,0,0,0,0,0,2,1,6,2,39,7,1597,2,2,4,2,4
2018320325125,1,9,0,18,0,2,0,0,0,0,1,1,6,1,58,9,2495,1,16,4,3,4
2018320325127,1,19,0,5,0,8,1,0,7,0,4,1,1,1,27,6,2143,2,2,6,2,6
2018320325127,2,9,0,18,0,8,1,0,0,0,1,1,2,2,24,5,1560,2,8,-1,-1,-1
2018320325229,1,21,0,18,0,1,0,0,0,0,1,1,1,1,27,6,12740,2,6,5,1,5
2018320325229,2,19,0,18,0,1,0,0,0,0,1,1,1,1,73,10,2143,2,5,9,1,9
2018320325229,3,9,0,18,0,1,0,0,0,0,2,1,6,1,32,6,1199,1,18,1,1,1
2018320325229,4,9,0,18,0,1,0,0,0,0,2,1,6,2,20,4,1390,1,7,3,3,3
2018320325664,1,9,0,13,0,1,0,0,0,0,3,1,6,2,25,5,1229,1,6,2,-1,2
2018320325664,2,5,0,13,0,1,0,0,0,0,4,1,6,1,54,8,996,1,5,3,1,3
2018320326799,1,9,0,6,0,0,5,0,1,0,3,1,6,1,73,10,1197,1,3,6,1,6
2018320326799,2,9,0,16,0,0,1,0,0,0,1,1,2,2,20,4,1598,2,5,3,1,3
2018320327083,1,19,0,18,0,0,1,0,1,3,1,1,1,1,42,7,2298,2,3,6,3,6
2018320327201,1,3,0,18,0,0,0,0,0,0,1,1,6,1,29,6,125,1,4,1,1,1
2018320327201,2,8,0,18,0,0,0,0,0,0,1,1,6,1,64,9,1197,1,1,9,2,9
2018320328066,1,9,0,5,0,0,0,0,0,0,1,1,6,1,33,6,-1,-1,-1,10,2,10
2018320328066,2,1,0,18,0,0,0,0,0,0,1,1,6,1,8,2,-1,-1,-1,3,1,3
2018320328706,1,1,0,18,0,0,0,0,0,0,0,1,6,2,69,10,-1,-1,-1,8,1,8
2018320328706,2,1,0,18,0,0,0,0,0,0,0,1,6,1,72,10,-1,-1,-1,8,1,8
2018320329006,1,9,0,18,0,1,0,0,0,0,1,1,2,1,46,8,1753,2,12,2,1,2
2018320329006,2,9,0,9,0,1,0,0,0,0,2,1,2,2,27,6,1242,1,12,1,1,1
2018320329371,1,9,0,18,0,1,0,0,0,0,1,1,6,1,22,5,1781,1,16,3,2,3
2018320329371,2,9,0,3,0,1,0,0,0,0,2,1,6,1,45,7,1490,1,1,5,1,5
2018320329699,1,9,0,16,0,0,5,0,7,0,3,1,2,1,20,4,1398,2,7,3,1,3
2018320329997,1,9,0,6,1,0,0,0,1,0,3,1,6,1,39,7,1560,2,13,8,2,8
2018320329997,2,9,0,18,0,0,0,0,7,0,1,1,2,2,38,7,1396,1,7,3,2,3
2018320330258,1,9,0,9,0,0,0,0,0,0,1,1,6,1,67,10,1997,2,17,9,1,9
2018320330258,2,9,0,18,0,0,0,0,0,0,1,1,6,2,81,11,1200,1,3,3,1,3
2018320330575,1,9,0,9,0,8,0,0,0,0,1,1,6,1,71,10,2148,2,12,6,1,6
2018320330575,2,9,0,18,0,1,0,0,7,9,3,1,6,1,52,8,1968,2,6,8,3,8
2018320330647,1,5,0,5,0,0,0,0,1,0,0,1,6,1,45,7,1340,1,-1,6,3,6
2018320331206,1,9,0,17,0,0,5,0,1,0,1,1,6,1,40,7,2199,2,8,4,3,4
2018320331229,1,98,0,18,0,0,0,0,0,0,4,1,6,3,-1,-1,-1,-1,-1,-1,-1,-1
2018320331404,1,9,0,18,0,1,0,0,0,0,1,1,6,2,63,9,1242,1,15,1,1,1
2018320331404,2,9,0,18,0,1,0,0,0,0,1,1,6,3,-1,-1,-1,-1,-1,-1,-1,-1
2018320331606,1,9,0,18,0,1,0,0,0,0,1,1,6,3,-1,-1,-1,-1,-1,-1,-1,-1
2018320332058,1,98,0,18,0,0,0,0,0,0,1,1,6,3,-1,-1,-1,-1,-1,-1,-1,-1
2018320332058,2,1,0,18,0,0,0,0,0,0,1,1,6,1,24,5,-1,-1,-1,5,2,5
2018320332078,1,5,0,9,0,1,0,0,0,0,4,1,6,1,51,8,1299,1,15,7,2,7
2018320332078,2,9,0,18,0,1,0,0,0,0,4,1,6,1,33,6,1560,2,9,1,1,1
2018320332502,1,9,0,18,0,0,0,0,0,9,1,1,6,2,19,4,1198,1,8,3,3,3
2018320334611,1,5,0,18,0,0,1,0,0,0,4,1,1,1,53,8,1237,1,5,5,1,5
2018320334611,2,9,0,18,0,0,0,0,0,0,2,1,1,1,46,8,1998,8,2,10,1,10
2018320334732,1,3,0,18,0,1,0,0,0,0,1,1,6,1,23,5,125,1,-1,1,1,1
2018320334732,2,5,0,2,0,1,0,0,0,0,2,1,6,1,69,10,865,1,12,1,1,1
2018320335651,1,9,0,9,0,8,0,0,0,0,1,1,1,1,18,4,1360,1,14,6,1,6
2018320335651,2,1,0,18,0,1,0,0,0,0,1,1,6,2,51,8,-1,-1,-1,2,1,2
2018320335813,1,9,0,18,0,0,0,0,0,0,1,1,6,2,64,9,1991,2,6,9,1,9
2018320335813,2,9,0,18,0,0,0,0,0,0,2,1,6,2,38,7,1791,8,6,2,1,2
2018320335975,1,9,0,18,0,0,0,0,0,0,1,1,6,3,-1,-1,-1,-1,-1,-1,-1,-1
2018320336018,1,11,0,7,0,1,0,0,0,0,4,1,1,1,47,8,6700,2,11,7,2,7
2018320336022,1,9,0,18,0,0,1,0,0,0,1,1,2,2,27,6,1242,1,11,7,1,7
2018320336022,2,9,0,2,0,0,0,0,0,0,2,1,6,1,46,8,2316,1,29,5,3,5
2018320336110,1,9,0,4,0,0,0,0,0,0,2,1,6,1,39,7,1781,1,14,9,1,9
2018320336264,1,19,0,9,0,8,0,0,0,0,1,1,6,1,44,7,1968,2,2,5,3,5
2018320336264,2,1,0,18,0,1,0,0,0,0,1,1,6,2,36,7,-1,-1,-1,5,3,5
2018320336285,1,9,0,2,0,2,0,0,0,0,1,1,6,1,31,6,1390,1,11,1,1,1
2018320336285,2,9,0,2,0,2,0,0,0,0,2,1,6,2,45,7,1796,1,12,3,3,3
2018320336336,1,19,0,3,0,1,0,0,0,0,1,1,1,1,38,7,1995,2,7,1,1,1
2018320336336,2,19,0,3,0,1,0,0,0,0,2,1,1,1,32,6,1598,2,3,4,1,4
2018320336336,3,19,0,3,0,1,0,0,0,0,2,1,1,1,50,8,1753,2,9,5,2,5
2018320336336,4,9,0,5,0,1,0,0,0,0,2,1,6,2,42,7,1968,2,8,7,3,7
2018320337396,1,5,0,16,0,0,0,0,1,0,1,1,6,1,35,6,782,1,10,4,1,4
2018320337396,2,9,0,17,0,0,0,0,0,0,4,1,6,1,71,10,1560,2,1,4,3,4
2018320337695,1,9,0,18,0,0,0,0,0,0,1,1,6,2,21,5,1390,1,8,10,2,10
2018320337695,2,9,0,3,0,0,0,0,0,0,2,1,6,2,28,6,1986,2,13,5,3,5
2018320337695,3,9,0,3,0,0,0,0,0,0,2,1,6,2,50,8,1229,1,12,2,1,2
2018320337695,4,9,0,9,0,0,0,0,0,0,2,1,6,2,69,10,1560,2,3,6,3,6
2018320337740,1,9,0,18,0,0,0,0,0,0,1,1,2,1,21,5,1229,1,7,5,1,5
2018320337857,1,9,0,2,0,0,0,0,0,0,2,1,6,2,43,7,1248,2,4,3,1,3
2018320337857,2,1,0,18,0,0,0,0,0,0,1,1,6,1,17,4,-1,-1,-1,5,1,5
2018320337970,1,9,0,9,0,5,5,0,7,0,4,2,1,1,30,6,1396,2,4,10,1,10
2018320337970,2,9,0,18,0,8,0,0,0,0,1,1,6,2,24,5,1598,2,3,8,1,8
2018320337970,3,19,0,3,0,6,0,0,0,0,1,1,2,1,44,7,1598,2,4,4,3,4
2018320337978,1,9,0,18,0,0,0,0,0,0,1,1,6,3,-1,-1,-1,-1,-1,-1,-1,-1
2018320337978,2,1,0,18,0,0,0,0,0,0,3,1,6,1,61,9,-1,-1,-1,4,3,4
2018320338106,1,9,0,9,0,1,0,0,0,0,1,1,6,1,21,5,1229,1,4,4,1,4