Accident_Index,Vehicle_Reference,Vehicle_Type,Towing_and_Articulation,Vehicle_Manoeuvre,Vehicle_Location-Restricted_Lane,Junction_Location,Skidding_and_Overturning,Hit_Object_in_Carriageway,Vehicle_Leaving_Carriageway,Hit_Object_off_Carriageway,1st_Point_of_Impact,Was_Vehicle_Left_Hand_Drive?,Journey_Purpose_of_Driver,Sex_of_Driver,Age_of_Driver,Age_Band_of_Driver,Engine_Capacity_(CC),Propulsion_Code,Age_of_Vehicle,Driver_IMD_Decile,Driver_Home_Area_Type,Vehicle_IMD_Decile
2018320380073,1,9,0,18,0,0,0,0,0,0,3,1,6,1,38,7,-1,-1,-1,9,3,9
2018320380073,2,9,0,16,0,0,5,0,7,9,1,1,6,1,30,6,1997,2,16,-1,1,-1
2018320380241,1,9,0,18,0,2,0,0,0,0,1,1,6,1,29,6,1796,1,16,5,2,5
2018320380241,2,9,0,18,0,1,0,0,0,0,1,1,6,1,64,9,1560,2,6,6,2,6
2018320380241,3,9,0,18,0,2,0,0,0,0,3,1,6,1,58,9,1398,1,18,1,1,1
2018320380254,1,9,0,9,0,1,0,0,0,0,1,1,2,1,55,8,1198,1,12,4,1,4
2018320380254,2,9,0,18,0,1,0,0,0,0,1,1,2,2,28,6,-1,-1,-1,5,1,5
2018320380530,1,9,0,13,0,0,2,0,7,4,1,1,6,1,32,6,1910,2,13,3,1,3
2018320380530,2,9,0,18,0,0,0,0,0,0,2,1,6,1,24,5,-1,-1,-1,3,1,3
2018320380632,1,9,0,1,0,0,0,0,0,0,2,1,6,1,27,6,1796,1,12,9,3,9
2018320380775,1,9,0,6,0,2,0,0,0,0,3,1,6,2,29,6,2204,2,10,7,2,7
2018320380775,2,9,0,18,0,2,0,0,0,0,1,1,6,1,42,7,2993,2,2,5,3,5
2018320381342,1,5,0,18,0,4,0,0,0,0,4,1,6,1,25,5,748,1,13,3,1,3
2018320381342,2,9,0,18,0,4,1,0,0,0,3,1,6,1,65,9,1997,2,4,1,1,1
2018320381408,1,9,0,18,0,3,0,0,0,0,1,1,6,1,18,4,1598,1,10,5,1,5
2018320381408,2,9,0,4,0,3,0,0,0,0,2,1,6,1,27,6,1995,2,12,10,1,10
2018320381409,1,9,0,7,0,1,0,0,0,0,4,1,6,1,45,7,1399,2,10,2,1,2
2018320381409,2,9,0,18,0,1,0,0,0,0,1,1,6,1,39,7,1686,2,13,6,3,6
2018320381616,1,9,0,18,0,0,1,0,1,9,4,1,6,1,45,7,898,1,3,9,3,9
2018320381735,1,9,0,16,0,1,1,0,3,1,1,1,1,1,40,7,1198,1,9,7,1,7
2018320381861,1,5,0,18,0,2,1,0,0,0,4,1,2,1,56,9,1634,1,9,6,1,6
2018320381861,2,19,0,18,0,2,0,0,0,0,2,1,6,1,52,8,2198,2,4,7,2,7
2018320381861,3,9,0,18,0,1,0,0,0,0,3,1,6,1,72,10,1560,2,3,5,3,5
2018320382149,1,98,0,18,0,1,5,0,7,9,1,1,6,1,-1,-1,-1,-1,-1,-1,-1,-1
2018320382308,1,9,0,5,0,4,0,0,0,0,1,1,6,1,53,8,1598,1,6,3,1,3
2018320382308,2,1,0,18,0,4,0,0,0,0,4,1,6,1,54,8,-1,-1,-1,5,3,5
2018320382391,1,9,0,16,0,1,0,0,0,0,1,1,6,1,63,9,-1,-1,-1,7,1,7
2018320382391,2,1,0,18,0,1,0,0,0,0,4,1,6,1,32,6,-1,-1,-1,1,1,1
2018320382493,1,9,0,3,0,0,0,0,0,0,2,1,6,2,17,4,1598,2,7,6,3,6
2018320382493,2,9,0,16,0,0,0,0,0,0,1,1,6,1,25,5,1910,2,11,1,1,1
2018320382494,1,9,0,9,0,8,0,0,0,0,4,1,6,1,18,4,1598,1,9,3,3,3
2018320382494,2,9,0,18,0,8,0,0,0,0,1,1,6,1,38,7,2976,1,15,6,3,6
2018320382534,1,9,0,17,0,2,1,0,7,4,2,2,6,1,27,6,1560,2,2,5,3,5
2018320384185,1,9,0,1,0,2,0,0,0,0,2,1,6,2,73,10,-1,-1,-1,8,1,8
2018320384197,1,9,0,16,0,0,1,0,7,0,1,1,6,1,18,4,1242,1,11,10,2,10
2018320384279,1,9,0,18,0,0,0,0,0,0,1,1,6,3,-1,-1,1991,2,15,-1,-1,-1
2018320384279,2,1,0,18,0,0,0,0,0,1,1,1,6,1,24,5,-1,-1,-1,2,1,2
2018320384580,1,9,0,18,0,1,0,0,0,0,1,1,6,2,42,7,-1,-1,-1,2,1,2
2018320384580,2,9,0,18,0,2,0,0,0,0,1,1,6,2,39,7,1598,1,16,2,1,2
2018320384581,1,9,0,18,0,1,0,0,0,0,1,1,6,1,24,5,1461,2,13,-1,-1,-1
2018320384581,2,9,0,18,0,1,0,0,0,0,1,1,6,1,55,8,1364,1,1,-1,-1,-1
2018320384720,1,9,0,18,0,8,0,0,0,0,1,1,6,3,-1,-1,-1,-1,-1,-1,-1,-1
2018320384720,2,1,0,18,0,4,0,0,0,0,2,1,6,2,45,7,-1,-1,-1,4,1,4
2018320384966,1,9,0,1,0,0,0,0,0,0,0,1,6,1,39,7,-1,-1,-1,-1,-1,-1
2018320384966,2,3,0,18,0,0,1,0,2,0,0,1,6,1,17,4,125,1,3,8,1,8
2018320385676,1,9,0,18,0,0,0,0,0,0,2,1,6,3,-1,-1,1895,1,18,-1,-1,-1
2018320385676,2,9,0,18,0,0,0,0,0,0,1,1,1,1,54,8,-1,-1,-1,1,1,1
2018320387837,1,1,0,18,0,0,0,0,0,0,1,1,6,1,-1,-1,-1,-1,-1,-1,-1,-1
2018320387882,1,11,0,18,0,2,0,0,0,0,1,1,2,1,46,8,7300,2,14,6,1,6
2018320388048,1,9,0,18,0,0,0,0,0,0,1,1,6,1,29,6,1968,2,12,2,1,2
2018320388187,1,2,0,18,0,1,0,0,0,0,1,1,6,1,16,4,49,1,4,5,2,5
2018320388195,1,5,0,15,0,0,2,0,0,0,1,1,6,1,44,7,1450,1,16,5,3,5
2018320388195,2,9,0,18,0,0,0,0,0,0,1,1,6,1,58,9,1461,2,1,8,1,8
2018320388195,3,9,0,18,0,0,2,0,1,0,1,1,6,2,17,4,1388,1,13,4,1,4
2018320388202,1,9,0,16,0,0,0,0,0,0,0,1,6,1,36,7,1360,1,17,5,1,5
2018320388202,2,9,0,16,0,0,0,0,0,0,0,1,6,1,21,5,2497,1,13,8,3,8
2018320388202,3,5,0,16,0,0,1,0,0,0,1,1,6,1,30,6,892,1,20,6,2,6
2018320388326,1,9,0,7,0,3,1,0,0,0,1,1,6,1,26,6,1984,1,-1,9,1,9
2018320388326,2,9,0,9,0,4,1,0,0,0,3,1,2,2,23,5,1200,1,2,3,1,3
2018320388718,1,9,0,9,0,6,0,0,0,0,1,1,2,1,41,7,2393,2,2,6,3,6
2018320388718,2,4,0,18,0,1,0,0,0,0,1,1,2,1,42,7,125,1,1,4,3,4
2018320388794,1,9,0,18,0,0,0,0,2,0,1,1,2,1,18,4,1149,1,15,10,2,10
2018320389099,1,1,0,18,0,0,1,0,0,0,1,1,6,1,46,8,-1,-1,-1,1,1,1
2018320389521,1,9,0,18,0,0,0,0,0,0,3,1,6,2,76,11,2499,2,15,6,3,6
2018320389922,1,9,0,9,0,6,0,0,0,0,1,1,6,2,53,8,-1,-1,-1,5,3,5
2018320389922,2,19,0,18,0,1,0,0,0,0,1,1,2,1,40,7,2402,2,7,3,1,3
2018320390222,1,9,0,6,0,1,0,0,0,0,3,1,6,2,17,4,1364,1,12,9,2,9
2018320390222,2,9,0,18,0,1,0,0,0,0,4,1,2,1,29,6,1686,2,11,7,1,7
2018320391697,1,9,0,5,0,8,0,0,0,0,1,1,6,2,19,4,1248,2,7,6,3,6
2018320391697,2,9,0,18,0,1,0,0,0,0,3,1,6,1,43,7,1560,2,8,4,1,4
2018320391697,3,8,0,8,0,1,0,0,0,0,1,1,1,1,36,7,1956,2,8,3,3,3
2018320391972,1,9,0,13,0,0,0,0,0,0,1,1,6,2,51,8,1586,1,1,10,2,10
2018320391972,2,9,0,18,0,0,0,0,0,2,1,1,6,1,56,9,1598,2,8,3,3,3
2018320392234,1,3,0,18,0,8,0,0,0,0,0,1,6,1,23,5,125,1,10,8,1,8
2018320392694,1,9,0,17,0,0,0,0,0,0,1,1,6,1,64,9,1956,2,3,3,2,3
2018320392694,2,9,0,18,0,0,0,0,0,0,3,1,6,1,30,6,1968,2,8,1,1,1
2018320392710,1,19,0,1,0,1,0,0,0,0,2,1,6,1,36,7,1995,2,-1,1,1,1
2018320392835,1,19,0,18,0,0,0,0,0,0,1,1,6,1,72,10,1248,2,8,10,1,10
2018320392835,2,9,0,18,0,0,0,0,0,0,2,1,6,1,55,8,1998,1,14,9,1,9
2018320393936,1,9,0,18,0,2,0,0,0,0,3,1,6,2,29,6,1600,2,8,7,1,7
2018320394315,1,97,0,13,0,0,0,0,0,0,1,1,6,1,61,9,-1,-1,-1,3,2,3
2018320394315,2,9,0,18,0,0,0,0,0,0,2,1,6,1,-1,-1,-1,-1,-1,3,3,3
2018320394315,3,9,0,18,0,0,0,0,0,0,0,1,6,1,48,8,1560,2,3,3,1,3
2018320394344,1,5,0,18,0,0,1,0,1,0,1,1,6,2,30,6,773,1,1,3,1,3
2018320394547,1,9,0,17,0,0,2,0,7,9,1,1,6,1,19,4,1229,1,8,4,2,4
2018320394566,1,9,0,18,0,8,0,0,0,0,1,1,6,1,18,4,998,1,3,2,1,2
2018320394566,2,9,0,9,0,8,0,0,0,0,2,1,6,1,24,5,1984,1,11,9,2,9
2018320394892,1,5,0,16,7,0,0,0,7,0,1,1,6,1,54,8,649,1,1,3,2,3
2018320395163,1,5,0,18,0,1,5,0,3,10,1,1,6,1,37,7,748,1,28,4,1,4
2018320396694,1,9,0,18,0,0,0,0,0,0,2,1,6,1,56,9,1461,2,-1,8,1,8
2018320396694,2,9,0,18,0,0,0,0,0,0,1,1,6,1,66,10,1968,2,3,9,1,9
2018320396694,3,9,0,18,0,0,0,0,0,0,2,1,2,1,44,7,1560,2,-1,5,2,5
2018320396694,4,9,0,18,0,0,0,0,0,0,1,1,6,1,67,10,1399,1,-1,1,1,1
2018320396694,5,9,0,18,0,0,0,0,0,0,2,1,6,1,54,8,1560,2,-1,7,1,7
2018320396694,6,9,0,18,0,0,0,0,0,0,1,1,6,2,50,8,1596,1,10,-1,-1,-1
2018320396824,1,9,0,5,0,8,0,0,0,0,1,1,2,2,20,4,-1,-1,-1,5,3,5
2018320396824,2,9,0,18,0,1,0,0,0,0,1,1,6,1,26,6,-1,-1,-1,9,2,9
2018320398100,1,9,0,18,0,8,0,0,0,0,1,1,6,1,63,9,1560,2,4,7,3,7
2018320398100,2,9,0,18,0,8,0,0,0,0,1,1,6,2,47,8,898,1,5,3,1,3
2018320398275,1,1,0,18,0,0,0,0,0,0,4,1,6,2,11,3,-1,-1,-1,1,1,1
2018320398275,2,1,0,18,0,0,0,0,0,0,1,1,6,1,59,9,-1,-1,-1,6,3,6
2018320398477,1,9,0,9,0,1,0,0,0,0,2,1,6,2,53,8,1499,2,1,5,3,5
2018320398477,2,19,0,18,0,1,0,0,0,0,2,1,1,1,25,5,2500,2,10,9,1,9
2018320398477,3,9,0,4,0,1,0,0,1,0,2,1,6,1,45,7,998,1,9,5,3,5
2018320398477,4,19,0,18,0,1,0,0,0,0,1,1,1,1,27,6,2148,2,13,5,1,5
2018320399599,1,9,0,16,0,0,0,0,0,0,1,1,1,1,21,5,1390,1,14,1,1,1
2018320399599,2,9,0,17,0,0,0,0,0,0,3,1,1,1,55,8,2204,2,13,2,1,2
2018320400547,1,9,0,18,0,1,0,0,0,0,1,1,6,1,60,9,2993,2,2,5,3,5
2018320400547,2,1,0,18,0,1,0,0,0,0,1,1,6,1,9,2,-1,-1,-1,5,3,5
2018320400678,1,9,0,12,0,1,0,0,0,0,1,1,6,2,20,4,1968,2,2,5,3,5
2018320400678,2,9,0,18,0,1,0,0,0,0,1,1,6,1,66,10,-1,-1,-1,7,2,7
2018320400686,1,4,0,17,0,0,0,0,7,0,1,1,2,1,24,5,250,1,9,9,3,9
2018320400763,1,98,0,18,0,0,0,0,0,0,1,1,6,3,-1,-1,-1,-1,-1,-1,-1,-1
2018320400763,2,9,0,18,0,0,1,0,1,0,1,1,1,1,52,8,1794,1,17,1,1,1
2018320401709,1,9,0,7,0,8,0,0,0,0,1,1,6,2,66,10,999,1,6,8,1,8
2018320401709,2,9,0,4,0,1,0,0,0,0,1,1,6,1,72,10,1390,1,6,8,1,8
2018320402067,1,9,0,18,0,0,0,0,0,0,3,1,1,2,50,8,1360,1,11,-1,-1,-1
2018320402067,2,9,0,18,0,0,0,0,0,0,3,1,6,1,45,7,1587,1,12,3,1,3
2018320402165,1,5,0,18,0,0,1,0,0,0,3,1,6,1,53,8,1340,1,4,10,3,10
2018320402388,1,9,0,18,0,2,0,0,0,0,1,1,6,2,45,7,799,2,6,10,2,10
2018320402388,2,19,0,4,0,2,0,0,0,0,2,1,2,1,48,8,2299,2,1,5,2,5
2018320402388,3,9,0,3,0,2,0,0,0,0,2,1,2,1,36,7,2993,2,13,3,1,3
2018320403646,1,4,0,16,0,0,0,10,7,0,1,1,6,1,31,6,499,1,21,1,1,1
2018320403765,1,9,0,18,0,4,0,0,0,0,3,1,6,1,41,7,1598,1,14,-1,-1,-1
2018320403765,2,9,0,18,0,3,0,0,0,0,4,1,2,2,51,8,1598,1,3,4,1,4
2018320403824,1,3,0,18,0,8,0,0,0,0,1,1,6,1,49,8,1085,1,23,4,1,4
2018320403824,2,9,0,10,0,8,0,0,0,0,3,1,6,1,17,4,1364,1,12,9,1,9
2018320403951,1,3,0,13,0,0,0,0,0,0,1,1,6,1,23,5,125,1,9,5,3,5
2018320403951,2,9,0,13,0,0,0,0,0,0,2,1,2,1,48,8,1398,1,4,6,1,6
2018320404150,1,9,0,18,0,8,0,0,0,0,3,1,6,2,74,10,1560,2,8,9,1,9
2018320404150,2,9,0,18,0,1,0,0,0,0,1,1,2,2,56,9,2268,2,7,10,3,10
2018320404150,3,9,0,18,0,1,0,0,0,0,1,1,6,2,25,5,1998,1,14,4,1,4
2018320404150,4,9,0,18,0,1,0,0,0,0,1,1,6,1,65,9,1086,1,12,2,1,2
2018320404312,1,9,0,18,0,4,0,0,0,0,0,1,6,3,-1,-1,-1,-1,-1,-1,-1,-1
2018320404312,2,9,0,3,0,8,0,0,0,0,2,1,6,2,21,5,1198,1,14,6,3,6
2018320405133,1,9,0,13,0,0,0,0,0,0,1,1,6,1,45,7,1984,1,16,1,1,1
2018320405133,2,9,0,17,0,0,0,0,0,0,3,1,6,2,52,8,1598,1,11,8,3,8
2018320405133,3,9,0,18,0,0,0,0,0,0,1,1,6,1,44,7,1997,2,9,8,1,8
2018320405914,1,9,0,17,0,0,0,0,0,0,1,1,6,1,41,7,1753,2,12,3,3,3
2018320405914,2,9,0,16,0,0,0,0,7,0,1,1,6,2,78,11,1298,1,17,3,3,3
2018320406130,1,9,0,13,0,0,2,0,1,11,2,1,2,1,29,6,1895,1,18,2,1,2
2018320406130,2,9,0,18,0,0,0,0,1,4,1,1,6,1,70,10,1364,1,1,1,1,1
2018320406288,1,9,0,18,0,0,2,0,1,9,3,1,6,1,19,4,1794,1,18,3,3,3
2018320406578,1,8,0,18,0,0,0,0,0,0,4,1,1,1,61,9,1956,2,8,2,1,2
2018320406905,1,9,0,18,0,0,1,0,7,0,1,1,2,1,23,5,1598,1,12,2,1,2
2018320407062,1,9,0,18,0,1,5,7,7,10,1,1,6,2,34,6,1796,1,11,6,1,6
2018320407062,2,9,0,2,9,2,0,0,7,0,2,1,6,1,88,11,1998,2,9,8,1,8
2018320407787,1,9,0,18,0,8,0,0,2,1,4,1,6,2,28,6,1582,2,5,6,1,6
2018320407787,2,21,0,18,0,8,0,0,0,0,1,1,1,1,73,10,10518,2,4,3,3,3
2018320407905,1,9,0,18,0,0,0,0,0,0,1,1,6,2,47,8,1798,1,11,5,3,5
2018320407905,2,9,0,18,0,0,0,0,0,0,1,1,1,2,17,4,1242,1,3,5,3,5
2018320408066,1,1,0,18,0,0,0,0,0,0,2,1,6,1,65,9,-1,-1,-1,3,1,3
2018320408105,1,98,0,18,0,0,0,0,0,0,0,1,6,3,-1,-1,-1,-1,-1,-1,-1,-1
2018320408105,2,9,0,18,0,0,0,0,1,0,1,1,6,1,64,9,1598,2,7,1,1,1
2018320408133,1,5,0,18,0,1,1,0,0,0,1,1,6,1,41,7,748,1,13,7,2,7
2018320408133,2,9,0,18,0,2,1,0,0,0,2,1,6,1,70,10,1951,2,12,7,2,7
2018320408332,1,9,0,13,0,0,0,0,0,0,1,1,2,1,24,5,1910,2,12,4,1,4
2018320408332,2,9,0,18,0,0,0,0,0,0,1,1,6,1,27,6,1998,1,13,2,1,2
2018320408434,1,9,0,18,0,0,1,0,7,0,1,1,6,1,25,5,998,1,18,2,1,2
2018320409065,1,9,0,7,0,8,0,0,0,0,1,1,6,1,58,9,-1,-1,-1,7,1,7
2018320409065,2,1,0,18,0,1,0,0,0,0,1,1,6,1,22,5,-1,-1,-1,5,1,5
2018320409751,1,9,0,18,0,0,0,0,0,0,1,1,6,1,19,4,1229,1,11,5,3,5
2018320409751,2,9,0,18,0,0,0,0,1,0,2,1,6,1,20,4,1896,2,14,8,3,8
2018320409784,1,9,0,1,0,0,0,0,0,0,2,1,6,2,41,7,2497,1,12,1,1,1
2018320410427,1,3,0,18,0,0,0,7,0,0,1,1,6,1,17,4,124,1,2,9,2,9
2018320411588,1,21,0,18,0,1,0,0,0,0,1,1,1,1,50,8,6370,2,13,5,2,5
2018320411588,2,9,0,18,0,1,1,0,0,0,2,1,6,1,89,11,1587,1,16,7,1,7
2018320412154,1,9,0,18,0,0,0,0,0,0,3,1,2,1,22,5,1364,1,13,6,1,6
2018320412154,2,9,0,18,0,0,0,0,0,0,4,1,2,1,49,8,1198,1,7,8,3,8
2018320412154,3,9,0,18,0,0,0,1,0,0,1,1,2,2,56,9,1598,1,9,7,2,7
2018320412818,1,9,0,18,0,8,0,0,0,0,1,1,6,1,48,8,1560,2,10,8,1,8
2018320412818,2,9,0,7,0,8,0,0,0,0,2,1,1,2,51,8,1598,2,6,7,1,7
2018320413177,1,9,0,18,0,0,0,0,0,0,1,1,1,1,18,4,-1,-1,-1,5,1,5
2018320413274,1,9,0,13,0,0,1,0,7,9,1,1,2,1,21,5,1998,1,13,5,2,5
2018320413731,1,9,0,13,0,0,0,0,0,0,1,1,6,2,46,8,1956,2,4,1,1,1
2018320413731,2,9,0,4,0,0,0,0,0,0,2,1,6,1,18,4,1398,1,5,4,1,4
2018320413907,1,9,0,18,0,0,0,0,0,0,1,1,6,2,79,11,1998,1,-1,9,1,9
2018320413907,2,9,0,2,0,0,0,0,1,0,3,1,6,2,79,11,1398,1,8,8,1,8
2018320414329,1,9,0,18,0,4,0,0,3,1,1,1,6,1,22,5,1910,2,12,2,1,2
2018320414680,1,9,0,18,0,5,0,0,0,0,1,1,2,1,61,9,999,1,2,4,1,4
2018320414680,2,9,0,18,0,1,0,0,0,0,0,1,2,1,54,8,-1,-1,-1,10,2,10
2018320415638,1,5,0,16,0,0,0,0,2,0,4,1,6,1,39,7,599,1,17,6,1,6
2018320415660,1,9,0,16,0,0,0,0,0,0,1,1,6,1,73,10,998,1,8,3,1,3
2018320415721,1,9,0,18,0,1,0,0,0,0,1,1,6,3,-1,-1,-1,-1,-1,-1,-1,-1
2018320415721,2,9,0,3,0,1,0,0,0,0,2,1,2,2,19,4,998,1,15,3,1,3
2018320415789,1,9,0,2,0,1,0,0,0,0,0,1,6,1,69,10,1587,1,14,2,1,2
2018320415789,2,9,0,14,0,1,0,0,0,0,1,1,6,3,-1,-1,1968,2,5,-1,-1,-1
2018320415866,1,9,0,18,0,0,0,0,0,0,1,1,6,1,43,7,1896,2,13,4,1,4
2018320415866,2,9,0,18,0,0,0,0,0,0,2,1,6,2,37,7,-1,-1,-1,7,1,7
2018320415866,3,9,0,18,0,0,0,0,0,0,2,1,6,2,66,10,1798,1,4,5,3,5
2018320415995,1,9,0,18,0,0,0,0,0,0,1,1,6,1,51,8,1985,1,16,6,3,6
2018320415995,2,9,0,18,0,0,0,0,0,0,2,1,6,1,50,8,1560,2,2,1,1,1
2018320415995,3,9,0,18,0,0,0,0,0,0,1,1,6,2,20,4,1242,1,16,4,1,4
2018320416175,1,1,0,18,0,0,0,0,0,0,1,1,6,1,30,6,-1,-1,-1,6,1,6
2018320416223,1,9,0,9,0,1,0,0,0,0,2,1,2,2,59,9,-1,-1,-1,7,3,7
2018320416223,2,9,0,18,0,1,0,0,0,0,1,1,2,2,29,6,1995,2,13,2,1,2
2018320416223,3,9,0,18,0,1,0,0,0,0,1,1,6,2,33,6,1900,2,12,9,1,9
2018320416652,1,9,0,18,0,0,0,0,0,0,1,1,6,3,-1,-1,-1,-1,-1,-1,-1,-1
2018320416652,2,1,0,18,0,0,0,0,1,0,2,1,6,1,13,3,-1,-1,-1,2,1,2
2018320416862,1,9,0,17,0,0,5,0,7,0,1,1,2,1,24,5,1910,2,13,1,1,1
2018320416918,1,9,0,5,0,0,0,0,0,0,1,1,6,1,29,6,2993,2,5,4,3,4
2018320416918,2,9,0,18,0,0,0,0,0,0,1,1,6,1,53,8,1398,1,2,8,1,8
2018320417110,1,9,0,18,0,0,0,0,0,0,1,1,6,3,-1,-1,-1,-1,-1,-1,-1,-1
2018320417110,2,16,0,18,0,0,0,0,0,0,1,1,6,2,11,3,-1,-1,-1,4,3,4
2018320417151,1,9,0,1,0,0,0,0,0,0,0,1,6,1,48,8,1124,1,13,8,1,8
2018320417306,1,19,0,18,0,1,0,0,0,0,3,1,6,1,47,8,2460,2,10,5,1,5
2018320417306,2,9,0,10,0,1,1,0,0,0,2,1,6,2,55,8,1587,1,14,6,1,6
2018320417441,1,5,0,17,0,1,0,0,0,0,1,1,6,1,49,8,955,1,1,8,1,8
2018320417441,2,19,0,10,0,8,0,0,0,0,2,1,1,1,43,7,2198,2,6,3,3,3
2018320417481,1,5,0,16,0,1,1,0,7,11,1,1,6,1,36,7,675,1,9,6,3,6
2018320417601,1,9,0,18,0,0,2,0,7,0,1,1,6,1,25,5,1600,2,8,5,3,5
2018320417601,2,9,0,18,0,0,1,0,0,0,1,1,6,1,70,10,2720,2,11,2,1,2
2018320418142,1,9,0,18,0,0,0,0,0,0,1,1,6,1,30,6,1968,2,5,1,1,1
2018320418142,2,9,0,11,0,0,0,0,0,0,2,1,6,1,66,10,1198,1,6,7,2,7
2018320418447,1,1,0,9,0,1,0,0,0,0,3,1,6,1,71,10,-1,-1,-1,10,1,10
2018320418447,2,9,0,15,0,1,0,0,0,0,4,1,1,2,55,8,1198,1,7,5,1,5
2018320418473,1,9,0,5,0,0,0,0,0,0,1,1,2,2,21,5,998,1,1,4,3,4
2018320418473,2,9,0,17,0,0,0,0,0,0,3,1,6,1,28,6,1598,1,12,3,1,3
2018320418828,1,9,0,5,0,6,0,0,0,0,1,1,6,3,-1,-1,-1,-1,-1,-1,-1,-1
2018320418828,2,9,0,18,0,1,0,0,0,0,2,1,6,2,35,6,1560,2,4,4,3,4
2018320418828,3,9,0,18,0,1,0,0,0,0,1,1,6,1,28,6,1598,2,8,4,3,4
2018320419170,1,9,0,18,0,1,0,0,0,0,1,1,6,3,-1,-1,-1,-1,-1,-1,-1,-1
2018320419170,2,9,0,18,0,1,1,0,7,2,1,1,6,2,63,9,996,1,9,6,3,6
2018320419392,1,9,0,11,0,3,0,0,0,0,1,1,6,1,21,5,1360,1,16,4,1,4
2018320419392,2,9,0,18,0,3,0,0,0,0,3,1,6,1,85,11,1798,8,2,8,1,8
2018320419392,3,9,0,18,0,1,0,0,0,0,1,1,6,1,28,6,1598,1,13,4,1,4
2018320419608,1,98,0,5,0,3,0,0,7,0,1,1,1,1,23,5,-1,-1,-1,-1,-1,-1
2018320419608,2,9,0,18,0,8,0,0,0,0,1,1,1,1,44,7,1248,2,10,5,2,5
2018320419965,1,9,0,18,0,1,0,0,0,0,1,1,6,1,23,5,998,1,-1,8,3,8
2018320419965,2,1,0,18,0,1,0,0,0,0,2,1,6,1,17,4,-1,-1,-1,10,2,10
2018320420097,1,9,0,18,0,0,0,0,0,0,1,1,6,3,-1,-1,1560,2,13,-1,-1,-1
2018320420097,2,9,0,3,0,0,0,0,0,0,2,1,6,1,74,10,1395,1,1,9,2,9
2018320420220,1,4,0,18,0,8,0,0,0,0,1,1,6,1,58,9,-1,-1,-1,6,2,6
2018320420220,2,9,0,9,0,8,0,0,0,0,2,1,6,2,38,7,1596,1,4,3,1,3
2018320420655,1,9,0,18,0,6,0,0,0,0,3,1,6,1,37,7,1598,1,10,7,2,7
2018320420655,2,9,0,18,0,1,0,0,0,0,1,1,6,2,28,6,-1,-1,-1,7,3,7
2018320420716,1,9,0,18,9,5,0,0,0,0,2,1,6,1,65,9,1598,2,3,3,1,3
2018320421028,1,98,0,16,0,0,0,0,0,0,1,1,1,1,51,8,-1,-1,-1,5,3,5
2018320421028,2,9,0,18,0,0,1,0,1,0,2,1,2,1,33,6,998,1,2,7,2,7
2018320421087,1,9,0,5,0,8,0,0,1,10,1,1,6,2,69,10,1388,1,13,5,3,5
2018320421087,2,19,0,18,0,1,0,0,7,0,1,1,6,1,55,8,1995,2,11,7,1,7
2018320421798,1,9,0,18,0,0,0,0,0,1,1,1,2,1,27,6,2204,2,13,3,1,3
2018320421945,1,9,0,18,0,1,0,0,0,0,1,1,6,1,22,5,1910,2,10,9,1,9
2018320421945,2,9,0,3,0,1,0,0,0,0,2,1,6,1,29,6,1598,1,12,1,1,1
2018320422299,1,9,0,12,0,3,0,0,0,0,3,1,6,1,72,10,1997,2,6,-1,-1,-1
2018320422299,2,5,0,18,0,1,0,0,0,0,4,1,6,1,37,7,599,1,3,8,3,8
2018320422697,1,9,0,18,0,0,0,0,0,0,4,1,6,1,79,11,1596,1,6,9,2,9
2018320422697,2,9,0,2,9,0,0,0,0,0,4,1,3,2,34,6,2179,2,6,8,-1,8
2018320423087,1,9,0,9,0,6,0,0,0,0,3,1,6,1,21,5,1199,1,15,3,1,3
2018320423087,2,9,0,18,0,1,0,0,0,0,1,1,6,1,17,4,-1,-1,-1,5,2,5
2018320423198,1,3,0,18,0,0,0,0,7,0,0,1,6,1,60,9,125,1,1,8,3,8
2018320423277,1,9,0,9,0,8,0,0,0,0,1,1,6,1,32,6,1896,2,16,5,2,5
2018320423277,2,9,0,18,0,8,0,0,1,10,4,1,6,2,43,7,1198,1,10,3,1,3
2018320423277,3,9,0,18,0,1,0,0,0,0,0,1,6,2,24,5,1969,2,4,7,3,7
2018320424453,1,21,1,18,0,1,2,0,0,0,0,1,1,1,71,10,12130,2,20,-1,-1,-1
2018320424678,1,9,0,9,0,1,0,0,0,0,4,1,6,1,62,9,-1,-1,-1,3,1,3
2018320424678,2,9,0,18,0,1,0,0,0,0,1,1,6,2,43,7,998,1,3,9,3,9
2018320425720,1,5,0,18,0,6,0,0,0,0,3,1,6,1,48,8,1301,1,1,6,3,6
2018320425720,2,21,0,18,0,1,1,0,0,0,1,1,2,1,54,8,10837,2,2,9,1,9
2018320425720,3,19,0,10,0,6,0,0,0,0,0,1,2,1,26,6,1995,2,10,5,2,5
2018320425720,4,9,0,18,0,1,0,0,0,0,0,1,2,1,47,8,1598,2,2,9,1,9