Accident_Index,Vehicle_Reference,Vehicle_Type,Towing_and_Articulation,Vehicle_Manoeuvre,Vehicle_Location-Restricted_Lane,Junction_Location,Skidding_and_Overturning,Hit_Object_in_Carriageway,Vehicle_Leaving_Carriageway,Hit_Object_off_Carriageway,1st_Point_of_Impact,Was_Vehicle_Left_Hand_Drive?,Journey_Purpose_of_Driver,Sex_of_Driver,Age_of_Driver,Age_Band_of_Driver,Engine_Capacity_(CC),Propulsion_Code,Age_of_Vehicle,Driver_IMD_Decile,Driver_Home_Area_Type,Vehicle_IMD_Decile
2018320425720,5,8,0,18,0,1,0,0,0,0,0,1,2,1,33,6,-1,-1,-1,4,3,4
2018320425720,6,9,0,4,0,1,0,0,0,0,0,1,2,2,39,7,2500,1,20,6,3,6
2018320425720,7,9,0,18,0,1,0,0,0,0,0,1,2,2,32,6,1399,2,9,6,2,6
2018320425720,8,9,0,18,0,1,0,0,0,0,0,1,2,2,24,5,1242,1,5,6,2,6
2018320426340,1,98,0,13,0,1,0,0,0,0,4,1,6,1,24,5,-1,-1,-1,4,3,4
2018320426340,2,17,5,9,0,5,0,0,0,0,3,1,1,1,26,6,6788,2,4,5,3,5
2018320426503,1,9,0,18,0,8,0,0,0,0,1,1,6,1,45,7,1248,2,14,4,2,4
2018320426503,2,9,0,9,0,8,0,0,0,0,3,1,6,1,20,4,1896,2,12,5,3,5
2018320426503,3,9,0,2,0,8,0,0,0,0,1,1,6,3,-1,-1,1199,1,14,-1,-1,-1
2018320426545,1,19,0,18,0,0,2,0,1,9,2,1,2,1,34,6,1995,2,4,4,2,4
2018320426610,1,21,0,18,0,0,0,0,0,0,4,1,1,1,30,6,12740,2,6,1,1,1
2018320426610,2,11,0,18,0,0,0,0,0,0,4,1,1,2,47,8,4250,2,13,6,1,6
2018320426612,1,9,0,18,0,0,0,0,0,0,1,1,6,1,71,10,1318,1,-1,5,3,5
2018320426612,2,9,0,18,0,0,0,0,0,0,3,1,1,1,50,8,2184,2,8,3,2,3
2018320426882,1,9,0,16,0,0,1,0,7,0,2,1,6,1,50,8,1422,2,10,4,2,4
2018320426882,2,9,0,18,0,0,0,0,0,0,1,1,6,2,66,10,1679,1,16,4,1,4
2018320426882,3,90,0,2,0,0,0,0,0,0,0,1,6,1,49,8,-1,-1,-1,9,1,9
2018320427295,1,9,0,4,0,1,0,0,0,0,4,1,6,1,-1,-1,1997,2,11,-1,-1,-1
2018320427295,2,1,0,18,0,1,0,0,0,0,1,1,6,2,38,7,-1,-1,-1,7,1,7
2018320427921,1,9,0,9,0,0,0,0,8,0,2,1,6,2,51,8,2231,2,5,5,2,5
2018320427921,2,9,0,13,0,0,0,0,0,0,1,1,6,1,71,10,3721,1,3,6,3,6
2018320427924,1,98,0,18,0,1,0,0,0,0,1,1,1,1,63,9,-1,-1,-1,7,1,7
2018320427924,2,9,0,3,0,1,0,0,0,0,2,1,1,1,41,7,2143,2,-1,8,3,8
2018320428175,1,2,0,17,0,0,0,0,1,0,3,1,2,1,27,6,125,1,4,4,1,4
2018320428228,1,9,0,18,0,0,0,0,0,0,1,1,6,1,78,11,2143,2,3,5,1,5
2018320428228,2,9,0,18,0,0,0,0,0,0,2,1,6,1,66,10,1399,1,-1,-1,-1,-1
2018320428228,3,9,0,18,0,0,0,0,0,0,2,1,6,1,20,4,1149,1,9,-1,-1,-1
2018320428864,1,9,0,18,0,8,0,0,2,0,1,1,6,2,77,11,998,1,6,-1,-1,-1
2018320428864,2,9,0,9,0,8,0,0,0,0,2,1,6,1,24,5,1595,1,5,6,1,6
2018320429284,1,9,0,18,0,1,1,0,2,0,1,1,6,1,26,6,2204,2,11,3,3,3
2018320429284,2,9,0,9,0,8,1,0,2,9,2,1,6,2,29,6,1242,1,3,3,1,3
2018320429721,1,9,0,18,0,0,0,0,0,0,4,1,6,1,69,10,1560,2,3,7,3,7
2018320429721,2,1,0,18,0,0,0,0,0,0,0,1,6,2,49,8,-1,-1,-1,9,2,9
2018320429721,3,1,0,18,0,0,0,0,0,0,0,1,6,2,44,7,-1,-1,-1,-1,-1,-1
2018320429794,1,21,0,18,0,0,0,0,0,0,3,1,1,1,44,7,-1,-1,-1,2,1,2
2018320429794,2,9,0,18,0,0,0,0,1,0,3,1,2,1,33,6,-1,-1,-1,8,2,8
2018320429794,3,9,0,18,0,0,0,0,0,0,3,1,2,1,23,5,998,1,5,4,3,4
2018320429957,1,9,0,16,0,0,5,0,2,4,1,1,6,1,19,4,-1,-1,-1,4,2,4
2018320430084,1,1,0,18,0,0,0,0,0,0,0,1,6,2,59,9,-1,-1,-1,4,3,4
2018320430084,2,1,0,18,0,0,0,0,0,0,4,1,6,2,43,7,-1,-1,-1,10,2,10
2018320431173,1,9,0,9,0,8,0,0,0,0,3,1,6,2,40,7,1910,2,12,3,1,3
2018320431173,2,2,0,18,0,1,0,0,0,0,1,1,6,1,64,9,-1,-1,-1,4,3,4
2018320431176,1,9,0,18,0,7,0,0,0,0,4,1,6,2,78,11,1298,1,10,10,3,10
2018320431176,2,9,0,2,0,8,0,0,0,0,3,2,6,1,77,11,1396,1,8,1,1,1
2018320432160,1,9,0,18,0,0,0,0,0,0,1,1,6,1,34,6,1600,1,11,3,1,3
2018320432160,2,9,0,4,0,0,0,0,0,0,2,1,2,2,21,5,1596,1,3,1,1,1
2018320432919,1,9,0,18,0,0,0,0,0,0,1,1,6,1,39,7,-1,-1,-1,1,1,1
2018320432919,2,9,0,17,0,0,0,0,0,0,2,1,2,1,41,7,1753,2,10,3,1,3
2018320433024,1,9,0,18,0,0,1,0,0,0,3,1,6,1,20,4,1197,1,3,6,2,6
2018320433024,2,9,0,18,0,0,0,0,0,0,3,2,6,1,50,8,1997,2,7,2,1,2
2018320433024,3,9,0,18,0,0,0,0,1,9,3,2,6,1,57,9,1560,2,7,1,1,1
2018320433109,1,1,0,18,9,1,0,0,0,0,3,1,6,2,5,1,-1,-1,-1,9,1,9
2018320433109,2,9,0,18,0,1,0,0,0,0,4,1,6,1,22,5,1499,2,2,9,1,9
2018320433311,1,2,0,18,0,0,0,0,0,0,3,1,4,1,16,4,49,1,14,7,1,7
2018320433311,2,9,0,18,0,0,0,0,0,0,1,1,6,3,-1,-1,-1,-1,-1,-1,-1,-1
2018320434139,1,9,0,17,0,0,2,0,1,0,1,1,1,2,36,7,1598,1,13,2,1,2
2018320435132,1,9,0,18,0,1,0,0,0,0,1,1,6,2,-1,-1,1896,2,9,9,2,9
2018320435132,2,9,0,3,0,4,0,0,0,0,2,1,6,1,30,6,1598,2,6,6,3,6
2018320435185,1,9,0,18,0,0,0,0,1,6,1,1,6,2,60,9,1349,1,9,9,1,9
2018320435185,2,9,0,18,0,0,0,0,0,0,1,1,6,1,47,8,1598,2,3,6,1,6
2018320435591,1,17,0,7,0,5,0,0,0,0,2,1,1,1,24,5,7365,2,-1,8,3,8
2018320435591,2,9,0,18,0,1,0,0,1,9,1,1,1,1,42,7,-1,-1,-1,1,1,1
2018320435591,3,9,0,18,0,1,0,0,0,0,2,1,1,1,49,8,1598,1,15,8,1,8
2018320435815,1,9,0,18,0,0,0,0,0,0,1,1,2,2,18,4,1149,1,6,9,1,9
2018320435815,2,9,0,18,0,0,0,0,0,0,2,1,6,2,32,6,1396,2,4,5,3,5
2018320435816,1,9,0,18,0,8,0,0,0,0,1,1,2,2,56,9,999,1,1,9,1,9
2018320436011,1,8,0,5,0,8,0,0,0,0,1,1,1,1,56,9,-1,-1,-1,6,1,6
2018320436011,2,9,0,18,0,1,0,0,7,0,4,1,3,2,35,6,2987,2,-1,4,3,4
2018320436334,1,9,0,18,0,0,0,0,2,9,1,1,6,2,30,6,1242,1,12,4,3,4
2018320437872,1,20,0,18,0,0,2,0,7,4,0,1,1,1,49,8,-1,-1,-1,2,1,2
2018320438009,1,19,0,18,0,1,0,0,0,0,0,1,6,1,51,8,2463,2,12,7,2,7
2018320438009,2,19,0,18,0,1,1,0,0,0,2,1,1,1,47,8,-1,-1,-1,5,1,5
2018320439167,1,9,0,16,0,0,5,0,7,4,3,1,6,2,34,6,1199,1,15,5,2,5
2018320439255,1,9,0,18,0,0,0,0,0,0,0,1,2,1,52,8,1598,2,1,3,1,3
2018320439255,2,9,0,18,0,0,0,0,1,9,1,1,6,1,57,9,-1,-1,-1,-1,-1,-1
2018320439877,1,9,0,18,0,1,0,0,0,0,1,1,6,1,80,11,1388,1,10,2,1,2
2018320439877,2,9,0,3,0,1,0,0,0,0,2,1,6,1,38,7,1560,2,7,1,1,1
2018320440587,1,9,0,5,0,0,0,0,0,0,1,1,6,1,63,9,1796,1,18,5,1,5
2018320440587,2,2,0,18,0,0,0,0,0,0,1,1,6,1,16,4,49,1,6,1,1,1
2018320440592,1,9,0,18,0,0,0,0,0,0,1,1,6,1,48,8,1995,2,2,9,1,9
2018320440592,2,9,0,18,0,0,0,0,0,0,2,1,6,2,21,5,-1,-1,-1,1,1,1
2018320440592,3,9,0,18,0,0,0,0,0,0,2,1,6,1,50,8,1968,2,6,7,1,7
2018320440592,4,9,0,18,0,0,0,0,0,0,2,1,6,2,20,4,998,1,4,7,1,7
2018320440644,1,9,0,5,0,6,0,0,0,0,3,1,6,1,30,6,1998,1,10,2,1,2
2018320440836,1,1,0,18,9,0,0,0,0,0,1,1,2,1,16,4,-1,-1,-1,9,1,9
2018320440845,1,9,0,18,0,1,0,4,0,0,1,1,6,2,55,8,1242,1,11,2,1,2
2018320440845,2,9,0,2,0,1,0,0,0,0,1,1,6,2,47,8,1390,1,14,1,1,1
2018320440854,1,9,0,2,9,0,0,0,0,0,2,1,1,1,52,8,1560,2,5,-1,-1,-1
2018320440854,2,9,0,18,0,0,0,0,0,0,4,1,6,2,36,7,1360,1,12,-1,-1,-1
2018320441142,1,9,0,16,0,0,0,0,0,4,1,1,6,1,71,10,2143,2,5,9,1,9
2018320441362,1,17,0,18,0,0,0,0,0,0,2,1,1,1,41,7,6788,2,3,2,3,2
2018320441362,2,3,0,18,0,0,0,0,0,0,1,1,1,1,30,6,600,1,19,3,1,3
2018320441698,1,9,0,18,0,1,0,0,0,0,1,1,6,1,80,11,1086,1,12,4,3,4
2018320441698,2,9,0,2,0,1,0,0,0,0,2,1,1,2,71,10,1588,1,16,5,1,5
2018320441861,1,9,0,18,0,0,0,0,0,0,1,2,6,2,90,11,-1,-1,-1,6,2,6
2018320443763,1,9,0,4,0,0,0,0,0,0,1,1,6,2,27,6,1240,1,13,5,1,5
2018320443763,2,9,0,3,0,0,0,0,0,0,2,1,2,2,29,6,1598,2,2,5,1,5
2018320443879,1,9,0,18,0,3,0,0,0,0,0,1,6,3,-1,-1,-1,-1,-1,-1,-1,-1
2018320444373,1,9,0,4,0,0,0,0,0,0,1,1,2,2,40,7,-1,-1,-1,2,1,2
2018320444373,2,9,0,4,0,0,0,0,0,0,2,1,6,1,22,5,2393,2,-1,4,3,4
2018320444677,1,9,0,9,0,8,0,0,0,0,1,1,6,1,49,8,-1,-1,-1,5,1,5
2018320444677,2,9,0,9,0,1,0,0,0,0,3,1,1,2,50,8,1242,1,4,7,3,7
2018320444697,1,9,0,10,0,8,0,0,0,0,1,1,2,2,20,4,1598,2,5,7,1,7
2018320444697,2,9,0,18,0,1,0,0,0,0,4,1,2,2,53,8,1560,2,4,6,2,6
2018320444969,1,9,0,12,0,5,0,0,0,0,1,1,6,1,82,11,1598,1,11,3,1,3
2018320444969,2,1,0,16,0,1,0,0,0,0,1,1,6,1,65,9,-1,-1,-1,7,1,7
2018320445221,1,9,0,18,0,0,0,0,1,0,1,2,6,1,70,10,5735,1,45,3,3,3
2018320445221,2,9,0,18,0,0,0,0,1,0,1,1,3,2,31,6,1461,2,11,2,1,2
2018320445279,1,9,0,18,0,0,0,0,1,9,1,1,6,1,93,11,1339,1,6,8,2,8
2018320445445,1,9,0,18,0,1,0,0,0,0,4,1,6,2,54,8,1995,2,1,1,1,1
2018320445670,1,9,0,7,0,8,0,0,0,0,1,1,6,1,18,4,1390,1,3,6,1,6
2018320445670,2,9,0,18,0,1,0,0,0,0,4,1,6,1,63,9,1591,1,3,5,1,5
2018320445855,1,9,0,18,0,4,0,0,0,0,1,1,6,1,58,9,1493,1,20,4,3,4
2018320445855,2,9,0,18,0,4,0,0,0,0,2,1,6,2,67,10,1199,2,6,4,3,4
2018320446434,1,9,0,4,0,1,0,0,0,0,2,1,2,2,71,10,1368,1,3,3,2,3
2018320446434,2,9,0,4,0,1,0,0,0,0,2,1,2,1,52,8,1997,2,13,-1,-1,-1
2018320446777,1,9,0,7,0,0,0,0,0,0,4,1,6,1,32,6,1995,2,9,2,1,2
2018320446777,2,1,0,18,0,0,0,0,0,0,1,1,2,2,22,5,-1,-1,-1,10,1,10
2018320446893,1,9,0,1,9,0,0,0,1,0,2,1,6,2,30,6,1956,2,5,4,1,4
2018320446893,2,9,0,2,9,0,0,0,0,0,2,1,6,2,56,9,998,1,4,4,1,4
2018320447605,1,9,0,9,0,1,0,0,0,0,1,1,6,1,22,5,-1,-1,-1,6,1,6
2018320447605,2,9,0,18,0,1,0,0,0,0,1,1,6,2,19,4,-1,-1,-1,3,3,3
2018320447985,1,9,0,18,0,1,5,4,0,0,1,1,1,1,71,10,1499,1,-1,5,1,5
2018320447985,2,9,0,2,0,1,0,0,0,0,2,1,6,3,-1,-1,1968,2,2,-1,-1,-1
2018320447985,3,9,0,2,0,1,0,0,0,0,1,1,6,3,-1,-1,-1,-1,-1,-1,-1,-1
2018320448355,1,9,0,18,0,0,0,0,2,0,1,1,6,1,50,8,989,1,15,3,3,3
2018320448355,2,9,0,18,0,0,0,0,1,0,1,1,6,2,52,8,1596,1,7,3,3,3
2018320448692,1,9,0,18,0,0,0,0,0,0,1,1,6,2,30,6,2000,2,14,4,1,4
2018320448692,2,9,0,3,0,0,0,0,0,0,2,1,1,2,30,6,-1,-1,-1,2,1,2
2018320449244,1,9,0,18,0,1,0,0,0,0,1,1,6,1,46,8,1398,1,10,2,1,2
2018320449284,1,9,0,18,0,0,1,0,1,0,1,1,6,2,43,7,1360,1,17,8,1,8
2018320449547,1,9,0,18,0,0,0,0,0,0,4,1,6,1,60,9,-1,-1,-1,5,2,5
2018320449617,1,9,0,18,0,1,0,0,7,0,3,1,6,1,80,11,1493,2,8,5,3,5
2018320449617,2,9,0,18,0,1,0,0,0,0,1,1,1,1,56,9,-1,-1,-1,4,1,4
2018320449617,3,9,0,18,0,1,0,0,0,0,0,1,6,2,44,7,1997,2,1,8,1,8
2018320449617,4,9,0,18,0,1,0,0,0,0,0,1,1,1,69,10,-1,-1,-1,8,2,8
2018320449617,5,9,0,18,0,1,0,0,0,0,0,1,6,2,59,9,1499,2,3,6,2,6
2018320450049,1,9,0,18,0,0,0,0,1,0,1,1,2,1,21,5,-1,-1,-1,7,1,7
2018320450899,1,9,0,7,0,8,0,0,0,0,1,1,6,1,70,10,1997,1,7,6,3,6
2018320450919,1,9,0,18,0,0,0,0,0,0,1,1,3,2,27,6,1798,1,11,3,1,3
2018320451217,1,9,0,5,0,0,0,0,0,0,1,1,1,1,31,6,2987,2,11,1,1,1
2018320451217,2,9,0,18,0,0,0,0,0,0,3,1,1,1,31,6,998,1,6,1,1,1
2018320451452,1,9,0,5,0,0,0,0,0,0,1,1,1,1,48,8,1598,1,16,2,1,2
2018320451452,2,3,0,18,0,0,0,0,0,0,1,1,1,1,23,5,125,1,2,2,1,2
2018320451735,1,9,0,9,0,1,0,0,0,0,1,1,6,2,44,7,2497,2,11,4,3,4
2018320451735,2,9,0,18,0,1,0,0,0,0,1,1,6,2,53,8,-1,-1,-1,6,1,6
2018320452110,1,9,0,18,0,1,0,0,0,0,1,1,6,1,18,4,999,1,17,4,3,4
2018320452110,2,9,0,9,0,1,0,0,0,0,2,1,6,1,30,6,1560,2,11,2,2,2
2018320452162,1,9,0,10,0,6,0,0,0,0,3,1,6,1,78,11,1364,1,13,3,3,3
2018320452162,2,9,0,18,0,1,0,0,0,0,1,1,1,1,65,9,1753,2,12,3,1,3
2018320452678,1,9,0,18,1,0,0,0,0,0,1,1,6,2,78,11,-1,-1,-1,9,1,9
2018320453073,1,9,0,11,0,0,0,0,0,0,1,1,6,2,60,9,1598,2,6,-1,-1,-1
2018320453073,2,9,0,18,0,0,0,0,0,0,3,1,6,1,64,9,1560,2,7,-1,-1,-1
2018320453073,3,9,0,13,0,0,0,0,0,0,4,1,6,1,25,5,1242,1,12,8,3,8
2018320453279,1,9,0,17,0,0,1,0,1,11,1,1,2,1,27,6,1598,1,7,10,3,10
2018320453279,2,20,0,17,0,0,0,0,1,0,1,1,1,1,27,6,-1,-1,-1,6,2,6
2018320453471,1,8,0,18,0,5,0,0,0,0,1,1,1,2,53,8,1968,2,7,2,1,2
2018320454427,1,9,0,18,0,2,5,0,0,0,3,1,6,1,48,8,1368,1,3,9,2,9
2018320454427,2,9,0,18,0,1,0,0,2,0,1,1,6,1,66,10,1390,1,4,4,3,4
2018320454564,1,4,0,18,0,0,1,0,0,0,0,1,6,1,17,4,125,1,-1,8,-1,8
2018320454575,1,9,0,18,0,0,0,0,0,0,1,1,6,3,-1,-1,1360,1,15,-1,-1,-1
2018320454575,2,9,0,18,0,0,0,0,0,0,2,1,6,1,32,6,1397,1,8,10,2,10
2018320454657,1,9,0,18,0,8,0,0,0,0,3,1,6,2,83,11,1798,1,12,8,3,8
2018320454657,2,9,0,18,0,8,0,0,0,0,1,1,6,1,18,4,1229,1,12,9,2,9
2018320455900,1,3,0,13,0,8,2,0,7,0,1,1,6,1,48,8,645,1,14,1,1,1
2018320455900,2,9,0,9,0,5,1,0,7,0,2,1,6,2,45,7,1598,2,6,6,3,6
2018320455914,1,9,0,9,0,5,0,0,0,0,1,1,6,2,37,7,1796,1,11,7,1,7
2018320455914,2,3,0,4,0,1,0,0,0,0,1,1,6,1,28,6,124,1,2,3,1,3
2018320455981,1,9,0,18,0,1,0,0,0,0,3,1,6,1,18,4,1242,1,10,6,2,6
2018320455981,2,4,0,18,0,1,0,0,0,0,1,1,6,1,34,6,1170,1,9,7,1,7
2018320456112,1,9,0,18,0,1,0,0,0,0,1,1,6,1,59,9,-1,-1,-1,-1,-1,-1
2018320456112,2,9,0,18,0,1,0,0,0,0,1,1,6,2,60,9,-1,-1,-1,-1,-1,-1
2018320456433,1,9,0,9,0,6,0,0,0,0,3,1,6,1,27,6,1896,2,16,3,1,3
2018320456433,2,9,0,18,0,8,5,0,0,0,1,1,6,1,27,6,2993,2,13,8,1,8
2018320456445,1,22,0,18,9,1,5,0,0,0,4,1,6,1,54,8,-1,-1,-1,3,1,3
2018320456493,1,9,0,9,0,7,0,0,0,0,1,1,6,1,56,9,1896,2,15,2,1,2
2018320456493,2,9,0,18,0,1,0,0,0,0,3,1,6,2,55,8,1329,1,6,7,1,7
2018320457551,1,11,0,18,0,0,0,0,0,0,0,1,3,1,50,8,-1,-1,-1,-1,-1,-1
2018320457572,1,2,0,9,9,1,0,0,0,0,1,1,1,1,36,7,48,1,28,10,-1,10
2018320458168,1,8,0,9,0,1,0,0,0,0,2,1,2,1,41,7,1560,2,6,8,1,8
2018320458168,2,9,0,18,0,5,1,0,0,0,1,1,2,1,48,8,1995,2,7,8,1,8
2018320458745,1,3,0,18,0,0,0,11,0,0,1,1,2,1,21,5,124,1,2,7,2,7
2018320459176,1,21,0,4,0,0,1,0,0,0,1,1,6,1,36,7,-1,-1,-1,3,1,3
2018320459176,2,9,0,18,0,0,0,0,0,0,1,1,6,1,84,11,1200,1,3,8,3,8
2018320459587,1,1,0,18,0,0,0,0,0,0,1,1,6,1,31,6,-1,-1,-1,7,1,7
2018320459829,1,9,0,5,0,2,0,0,0,0,1,1,6,2,37,7,1997,2,12,9,2,9
2018320459832,1,9,0,18,0,0,0,0,0,0,1,1,6,1,33,6,2993,2,7,10,1,10
2018320459832,2,19,0,18,9,0,0,0,1,0,2,1,2,1,18,4,2198,2,4,9,1,9
2018320461601,1,20,0,18,0,0,0,0,0,0,1,1,1,1,50,8,-1,-1,-1,1,1,1
2018320461932,1,4,0,18,0,0,0,0,0,0,1,1,6,1,37,7,125,1,3,1,1,1
2018320462845,1,9,0,18,0,0,0,0,0,0,1,1,6,2,42,7,-1,-1,-1,1,1,1
2018320462845,2,9,0,18,0,0,0,0,0,0,2,1,6,1,31,6,1598,1,4,6,1,6
2018320463076,1,9,0,9,0,1,0,0,0,0,0,1,1,1,34,6,-1,-1,-1,5,3,5
2018320463076,2,9,0,13,0,1,0,0,0,0,4,1,6,1,56,9,-1,-1,-1,-1,-1,-1
2018320463995,1,9,0,18,0,1,0,0,0,0,1,1,1,2,25,5,1496,2,3,8,1,8
2018320463995,2,9,0,9,0,1,0,0,0,0,2,1,2,2,39,7,1995,2,1,7,1,7
2018320464134,1,9,0,18,0,1,0,0,0,0,1,1,1,1,27,6,1598,1,3,4,1,4
2018320464134,2,9,0,18,0,2,0,0,0,0,1,1,6,2,56,9,1560,2,5,8,1,8
2018320464178,1,8,0,18,0,0,0,0,0,0,4,1,6,3,-1,-1,1956,2,6,-1,-1,-1
2018320464178,2,20,0,2,0,0,0,0,0,0,0,1,1,1,29,6,-1,-1,-1,4,3,4
2018320464241,1,20,0,7,0,1,0,0,0,0,1,1,2,1,20,4,-1,-1,-1,4,3,4
2018320464241,2,9,0,9,0,5,0,0,7,0,4,1,6,2,39,7,1995,2,9,9,3,9
2018320464336,1,9,0,18,0,1,0,0,0,0,1,1,6,1,24,5,1598,1,15,2,1,2
2018320464336,2,20,0,18,0,2,0,0,7,0,3,1,1,1,32,6,-1,-1,-1,1,1,1
2018320465240,1,9,0,18,0,1,0,0,0,0,1,1,6,3,-1,-1,1895,1,19,-1,-1,-1
2018320465240,2,9,0,5,0,4,0,0,0,0,2,1,6,2,22,5,1968,2,2,7,3,7
2018320465446,1,9,0,18,0,2,0,0,0,0,1,1,2,1,22,5,1956,2,6,4,1,4
2018320465492,1,20,0,18,0,3,0,0,0,0,1,1,1,1,50,8,-1,-1,-1,4,3,4
2018320465492,2,1,0,18,0,8,5,0,1,0,4,1,1,2,33,6,-1,-1,-1,4,1,4
2018320465929,1,9,0,18,0,0,2,0,1,0,1,1,6,1,26,6,1197,1,5,4,1,4
2018320466243,1,9,0,18,0,0,0,0,7,4,1,1,6,2,23,5,998,1,1,3,3,3
2018320466244,1,9,0,9,0,0,5,0,7,0,1,1,6,1,24,5,1588,1,15,6,3,6
2018320466410,1,20,0,18,0,8,0,0,0,0,4,1,6,1,38,7,-1,-1,-1,1,1,1
2018320466410,2,9,0,18,0,8,0,0,0,0,1,1,2,1,26,6,1598,1,16,8,3,8
2018320467087,1,4,0,10,0,6,1,0,0,0,2,1,6,1,47,8,-1,-1,-1,2,1,2
2018320467087,2,9,0,18,0,1,0,0,0,0,1,1,6,2,44,7,1968,2,8,8,2,8
2018320467136,1,9,0,5,0,8,0,0,0,0,1,1,6,2,20,4,1598,2,8,7,1,7
2018320467147,1,9,0,9,0,5,0,0,0,0,1,1,6,1,79,11,999,1,3,5,1,5
2018320467147,2,9,0,18,0,1,0,0,0,0,1,1,6,2,42,7,1560,2,5,1,1,1
2018320467351,1,4,0,18,0,0,0,0,0,0,1,1,6,1,34,6,998,1,12,3,1,3
2018320467351,2,9,0,10,0,0,0,0,0,0,2,1,6,1,33,6,1339,1,7,10,3,10
2018320467560,1,9,0,18,0,2,0,0,0,0,1,1,6,3,-1,-1,2495,2,19,-1,-1,-1
2018320467560,2,9,0,18,0,2,0,0,0,0,3,1,6,2,38,7,1999,2,2,4,3,4
2018320467622,1,9,0,18,0,8,1,0,0,11,1,1,6,1,22,5,1984,1,2,-1,-1,-1
2018320467622,2,9,0,5,0,8,1,0,0,11,1,1,6,1,44,7,1999,2,2,3,1,3
2018320467631,1,9,0,17,0,1,1,0,0,0,1,1,6,1,43,7,1968,2,9,10,2,10
2018320468020,1,4,0,18,0,1,0,0,0,0,3,1,6,1,38,7,-1,-1,-1,2,1,2
2018320468082,1,9,0,18,0,1,0,0,0,0,0,1,6,3,-1,-1,-1,-1,-1,-1,-1,-1
2018320468082,2,9,0,18,0,1,0,0,0,0,1,1,6,2,40,7,1910,2,10,4,3,4
2018320468793,1,9,0,18,0,0,0,0,0,0,1,1,6,1,68,10,2979,1,15,4,3,4
2018320470172,1,9,0,15,0,0,0,0,0,0,4,1,6,2,45,7,1968,2,9,4,3,4
2018320470172,2,11,0,18,0,0,0,0,0,0,3,1,1,1,54,8,9000,2,12,1,1,1
2018320470628,1,9,0,18,0,1,0,0,0,0,3,1,6,3,-1,-1,-1,-1,-1,-1,-1,-1
2018320470628,2,9,0,18,0,2,0,0,0,0,2,1,2,2,30,6,1896,2,13,9,2,9
2018320470926,1,9,0,18,0,0,0,4,0,0,1,1,2,1,24,5,1364,1,12,2,1,2
2018320470926,2,9,0,2,0,0,0,0,0,0,1,1,6,1,20,4,1995,2,8,10,2,10
2018320471051,1,9,0,9,0,8,0,0,0,0,4,1,6,1,30,6,1328,1,17,2,1,2
2018320471051,2,9,0,18,0,8,0,0,0,0,1,1,6,1,46,8,1798,1,8,7,3,7
2018320471054,1,9,0,18,0,0,0,0,0,0,1,1,6,1,38,7,1968,2,3,2,1,2
2018320472301,1,9,0,17,0,0,2,0,1,0,4,1,6,2,28,6,1242,1,10,5,1,5
2018320472378,1,9,0,18,0,0,0,0,0,0,1,1,6,1,78,11,1994,1,12,2,2,2
2018320472378,2,9,0,3,0,0,0,0,0,0,2,1,6,2,28,6,1388,1,16,4,3,4
2018320472378,3,9,0,3,0,0,0,0,0,0,2,1,6,1,68,10,3200,2,1,3,3,3
2018320472378,4,9,0,10,0,0,0,0,0,0,0,1,1,2,39,7,-1,-1,-1,4,3,4
2018320472386,1,4,0,18,0,0,1,0,0,0,0,1,2,1,38,7,108,1,2,-1,-1,-1
2018320472658,1,9,0,18,0,1,0,0,0,0,1,1,6,3,-1,-1,1896,2,15,6,1,6
2018320472658,2,9,0,2,0,1,0,0,0,0,0,1,6,1,18,4,1149,1,16,9,1,9
2018320472819,1,9,0,18,0,0,1,0,0,0,1,1,6,2,50,8,1388,1,14,3,1,3
2018320472819,2,90,0,18,0,0,0,0,0,0,1,1,6,1,8,2,-1,-1,-1,3,1,3
2018320473028,1,9,0,18,0,0,1,0,7,0,1,1,6,1,21,5,-1,-1,-1,4,3,4
2018320473456,1,9,0,18,0,0,0,0,0,0,4,1,6,3,-1,-1,-1,-1,-1,-1,-1,-1
2018320475123,1,9,0,17,9,1,1,10,7,11,1,1,6,1,36,7,1896,2,8,4,2,4
2018320475717,1,9,0,18,9,0,0,0,0,0,0,1,6,1,76,11,-1,-1,-1,3,3,3
2018320475717,2,4,0,18,9,0,0,0,0,0,1,1,6,1,31,6,125,1,-1,9,1,9
2018320476851,1,9,0,9,0,2,0,0,0,0,1,1,6,2,35,6,2967,2,7,8,1,8
2018320476851,2,3,0,18,0,1,0,0,0,0,1,1,2,1,30,6,599,1,19,9,1,9
2018320476977,1,9,0,16,0,0,5,0,7,0,1,1,6,1,17,4,-1,-1,-1,7,3,7
2018320477099,1,9,0,17,0,0,0,0,1,11,1,1,6,1,77,11,1198,1,2,2,1,2
2018320477633,1,9,0,18,0,1,0,0,0,0,1,1,6,1,31,6,1910,2,13,3,1,3
2018320477633,2,9,0,9,0,5,0,0,0,0,2,1,6,1,77,11,1591,1,-1,6,1,6
2018320477987,1,8,0,18,0,5,5,0,3,0,1,1,1,1,44,7,1560,2,3,2,1,2
2018320477987,2,9,0,18,0,8,0,0,7,9,1,1,2,2,43,7,1395,1,2,9,2,9
2018320478045,1,9,0,17,0,0,0,0,0,0,1,1,3,2,31,6,-1,-1,-1,6,3,6