Accident_Index,Vehicle_Reference,Vehicle_Type,Towing_and_Articulation,Vehicle_Manoeuvre,Vehicle_Location-Restricted_Lane,Junction_Location,Skidding_and_Overturning,Hit_Object_in_Carriageway,Vehicle_Leaving_Carriageway,Hit_Object_off_Carriageway,1st_Point_of_Impact,Was_Vehicle_Left_Hand_Drive?,Journey_Purpose_of_Driver,Sex_of_Driver,Age_of_Driver,Age_Band_of_Driver,Engine_Capacity_(CC),Propulsion_Code,Age_of_Vehicle,Driver_IMD_Decile,Driver_Home_Area_Type,Vehicle_IMD_Decile
2018320478045,2,20,0,17,0,0,0,0,0,0,1,1,1,1,35,6,2143,2,1,3,1,3
2018320478551,1,9,0,10,0,6,0,0,0,0,1,1,2,1,34,6,-1,-1,-1,6,1,6
2018320478687,1,9,0,18,0,4,0,0,0,0,3,1,6,1,63,9,1796,2,5,1,1,1
2018320478714,1,9,0,18,0,1,0,0,0,0,1,1,6,3,-1,-1,-1,-1,-1,-1,-1,-1
2018320478714,2,1,0,18,0,8,0,0,0,0,4,1,1,1,17,4,-1,-1,-1,4,2,4
2018320479646,1,9,0,7,0,1,0,0,0,0,1,1,6,1,50,8,1997,2,15,6,1,6
2018320479646,2,4,0,7,0,1,0,0,0,0,2,1,2,1,49,8,124,1,9,9,3,9
2018320479891,1,3,0,7,0,1,1,0,0,0,3,1,2,2,21,5,113,1,2,5,2,5
2018320480032,1,9,0,18,0,0,1,0,1,10,1,1,6,1,41,7,1984,1,-1,7,3,7
2018320480032,2,9,0,18,0,0,0,0,1,11,1,1,6,2,46,8,1999,2,1,7,1,7
2018320480126,1,9,0,7,0,8,0,0,0,0,1,1,6,1,17,4,1388,1,15,10,3,10
2018320480126,2,8,0,18,0,1,0,0,0,0,1,1,1,1,46,8,1896,2,9,10,1,10
2018320480221,1,4,0,18,0,0,0,0,0,0,3,1,6,1,25,5,124,1,3,5,2,5
2018320480393,1,9,0,5,0,0,0,0,0,0,3,1,6,1,70,10,1248,1,4,9,1,9
2018320480393,2,4,0,18,0,0,0,0,0,0,1,1,6,1,24,5,123,1,1,4,2,4
2018320480447,1,20,0,18,0,1,0,0,0,0,1,1,6,1,28,6,-1,-1,-1,6,3,6
2018320480447,2,9,0,18,0,1,0,0,0,0,2,1,6,1,24,5,1596,1,16,3,1,3
2018320480977,1,9,0,18,6,0,1,0,0,0,1,1,6,3,-1,-1,1997,2,3,-1,-1,-1
2018320480977,2,9,0,18,0,0,1,0,1,0,4,1,6,2,52,8,1984,1,-1,5,-1,5
2018320481164,1,9,0,18,0,0,0,0,0,0,0,1,6,3,-1,-1,-1,-1,-1,-1,-1,-1
2018320481164,2,9,0,18,0,0,0,0,0,0,1,1,6,1,83,11,1360,1,15,5,2,5
2018320481164,3,9,0,2,0,0,0,0,0,0,2,1,6,1,42,7,1951,2,17,4,2,4
2018320481548,1,9,0,18,0,0,0,0,0,0,1,1,2,1,38,7,1783,1,17,1,1,1
2018320482078,1,5,0,18,0,0,0,0,0,0,4,1,6,1,47,8,-1,-1,-1,5,1,5
2018320482078,2,9,0,18,0,0,0,0,0,0,3,1,6,1,56,9,1598,1,9,-1,-1,-1
2018320483113,1,20,0,18,0,0,0,0,0,0,0,2,6,3,-1,-1,-1,-1,-1,-1,-1,-1
2018320483113,2,9,0,18,0,0,0,0,0,0,3,1,1,1,32,6,-1,-1,-1,3,1,3
2018320483113,3,20,0,18,0,0,0,0,1,0,4,1,6,2,49,8,-1,-1,-1,7,3,7
2018320483113,4,9,0,18,0,0,0,0,0,0,1,1,6,2,27,6,1461,2,4,8,1,8
2018320483638,1,20,0,5,0,3,0,0,0,0,3,1,2,1,41,7,-1,-1,-1,4,3,4
2018320483638,2,9,0,18,0,8,0,0,0,0,1,1,1,1,17,4,1149,1,12,9,1,9
2018320483703,1,21,0,9,0,0,0,0,0,0,3,1,1,1,50,8,12902,2,5,5,3,5
2018320483703,2,9,0,18,0,0,1,0,1,9,1,1,2,2,46,8,1587,1,12,1,1,1
2018320483780,1,9,0,18,0,1,0,0,0,0,1,1,6,3,-1,-1,998,1,16,-1,-1,-1
2018320484291,1,9,0,18,0,1,0,0,0,0,1,1,6,1,32,6,1197,1,7,8,1,8
2018320484291,2,9,0,8,0,1,0,0,0,0,2,1,6,1,34,6,1360,1,7,6,1,6
2018320484655,1,9,0,18,0,0,1,0,0,0,1,1,6,2,18,4,998,1,4,5,3,5
2018320484655,2,20,0,4,0,0,1,0,0,0,2,1,1,1,37,7,-1,-1,-1,1,1,1
2018320485199,1,9,0,4,0,1,0,0,0,0,4,1,6,2,47,8,1586,1,3,8,2,8
2018320485531,1,20,0,18,0,1,0,0,0,0,1,1,1,1,35,6,-1,-1,-1,9,3,9
2018320485531,2,20,0,18,0,1,0,0,0,0,2,1,1,1,24,5,-1,-1,-1,8,1,8
2018320485573,1,9,0,18,0,0,0,0,0,0,1,1,2,2,24,5,1242,1,7,5,2,5
2018320485573,2,9,0,18,0,0,0,0,0,0,2,1,2,1,82,11,-1,-1,-1,6,2,6
2018320485627,1,9,0,18,0,0,0,0,1,4,1,1,2,1,27,6,1229,1,13,3,1,3
2018320485835,1,9,0,18,0,0,0,2,0,0,1,1,2,2,23,5,1390,1,12,5,3,5
2018320485835,2,9,0,2,0,0,0,0,0,0,1,1,1,1,56,9,-1,-1,-1,2,1,2
2018320486267,1,1,0,18,0,1,0,0,0,0,2,1,6,1,34,6,-1,-1,-1,-1,-1,-1
2018320486267,2,9,0,18,0,1,0,0,0,0,1,1,6,1,-1,-1,1995,2,17,-1,-1,-1
2018320487118,1,4,0,17,0,0,0,0,1,0,4,1,6,1,23,5,125,1,1,8,1,8
2018320487518,1,9,0,9,0,6,0,0,0,0,4,1,6,2,36,7,1242,1,9,4,2,4
2018320487518,2,4,0,18,0,8,0,0,0,0,2,1,6,1,49,8,1157,1,13,5,1,5
2018320487751,1,9,0,10,0,6,0,0,0,0,1,1,6,1,71,10,1999,1,5,7,3,7
2018320487751,2,9,0,18,0,1,0,0,0,0,4,1,6,1,34,6,2179,2,6,4,3,4
2018320487924,1,9,0,16,0,0,5,0,0,0,1,1,2,2,19,4,973,1,16,2,2,2
2018320489235,1,1,0,18,9,0,0,0,0,10,1,1,4,1,17,4,-1,-1,-1,3,1,3
2018320489235,2,9,0,18,9,0,0,0,0,0,4,1,2,1,30,6,998,1,7,8,1,8
2018320489425,1,9,0,7,0,1,0,0,0,0,1,1,6,3,-1,-1,-1,-1,-1,-1,-1,-1
2018320490472,1,9,0,18,0,1,0,0,0,0,1,1,1,2,20,4,1390,1,10,8,1,8
2018320490472,2,9,0,4,0,8,0,0,0,0,2,1,1,2,38,7,999,1,1,8,1,8
2018320491116,1,9,0,1,0,0,0,0,0,0,4,1,6,2,66,10,1397,1,9,8,2,8
2018320491311,1,9,0,7,0,6,0,0,0,0,1,1,6,2,81,11,1388,1,8,9,2,9
2018320491311,2,9,0,18,0,1,0,0,1,0,1,1,6,1,47,8,1560,2,5,8,1,8
2018320491932,1,9,0,18,0,0,5,0,1,4,1,1,2,1,25,5,1686,2,7,5,1,5
2018320492026,1,9,0,17,0,1,0,0,1,4,1,1,6,1,24,5,1984,1,11,5,1,5
2018320492055,1,9,0,18,0,0,5,0,1,0,2,1,6,1,30,6,1896,2,21,1,1,1
2018320492207,1,19,0,18,0,1,0,0,0,0,1,1,6,1,49,8,2198,2,7,5,1,5
2018320492207,2,19,0,18,0,1,0,0,0,0,1,1,6,1,35,6,2143,2,5,2,1,2
2018320492290,1,9,0,16,0,0,0,0,0,0,1,1,6,1,54,8,-1,-1,-1,6,1,6
2018320492427,1,9,0,9,0,0,0,0,0,0,3,1,6,3,-1,-1,1124,1,14,-1,-1,-1
2018320492427,2,9,0,18,0,0,0,0,0,0,1,1,1,1,52,8,1499,2,3,2,1,2
2018320492575,1,9,0,18,0,0,0,0,0,0,1,1,6,1,43,7,1598,1,17,10,1,10
2018320492658,1,9,0,18,0,0,0,0,0,0,1,1,6,2,47,8,1997,2,13,1,1,1
2018320492658,2,9,0,4,0,0,0,0,0,0,2,1,6,1,60,9,1461,2,2,4,3,4
2018320492679,1,9,0,18,0,1,0,0,0,0,1,1,6,1,22,5,1598,2,7,8,1,8
2018320492679,2,9,0,4,0,8,0,0,0,0,2,1,6,2,49,8,1969,2,3,8,1,8
2018320492737,1,9,0,18,0,0,0,0,0,0,1,1,6,2,76,11,1398,2,4,6,1,6
2018320492737,2,9,0,18,0,0,0,0,0,0,0,1,6,2,37,7,1364,1,9,7,3,7
2018320492773,1,9,0,9,0,6,0,0,0,0,1,1,2,1,26,6,1398,1,3,4,3,4
2018320493471,1,9,0,18,0,0,0,0,0,0,1,1,6,1,19,4,1598,1,13,1,3,1
2018320494231,1,8,0,18,0,1,0,0,0,0,4,1,6,3,-1,-1,-1,-1,-1,-1,-1,-1
2018320494231,2,4,0,18,0,8,0,0,0,0,0,1,6,1,23,5,98,1,15,2,1,2
2018320494427,1,9,0,17,0,0,0,0,1,4,1,1,6,2,48,8,2184,2,13,9,2,9
2018320494524,1,20,0,4,6,0,0,0,0,0,1,1,1,1,59,9,-1,-1,-1,4,1,4
2018320494524,2,9,0,2,6,0,0,0,0,0,2,1,6,1,35,6,2401,2,13,6,1,6
2018320494607,1,9,0,18,0,0,1,0,1,0,3,1,2,1,27,6,1910,2,12,2,1,2
2018320494607,2,9,0,18,0,0,0,0,0,0,1,1,6,2,78,11,1229,1,8,3,3,3
2018320494820,1,9,0,18,0,0,0,0,0,0,1,1,1,1,22,5,1991,1,3,6,3,6
2018320495005,1,9,0,18,0,1,0,0,0,11,1,1,6,1,25,5,1086,1,8,5,2,5
2018320495005,2,9,0,18,0,1,0,0,0,11,4,1,2,1,27,6,-1,-1,-1,3,1,3
2018320495443,1,9,0,9,9,8,0,0,0,0,1,1,6,3,-1,-1,-1,-1,-1,-1,-1,-1
2018320496371,1,9,0,18,0,0,0,0,1,9,1,1,6,2,72,10,1490,1,9,4,3,4
2018320496581,1,9,0,13,0,0,1,0,1,4,1,1,6,1,70,10,1997,2,15,3,3,3
2018320496581,2,17,0,18,0,0,0,0,0,0,0,1,1,1,41,7,4525,2,1,3,3,3
2018320496589,1,9,0,18,0,0,1,0,1,4,1,1,6,2,19,4,1248,2,10,9,1,9
2018320497201,1,9,0,7,0,6,0,0,0,0,1,1,6,2,37,7,1396,1,2,4,2,4
2018320497686,1,9,0,17,0,0,0,0,1,11,1,1,6,2,83,11,1339,1,15,10,2,10
2018320498083,1,9,0,17,0,0,2,0,1,0,1,1,6,1,39,7,1339,8,12,6,3,6
2018320498205,1,9,0,18,0,1,0,0,0,0,1,1,6,2,37,7,1997,1,4,9,1,9
2018320498205,2,9,0,9,0,1,0,0,0,0,3,1,6,2,36,7,-1,-1,-1,9,1,9
2018320498205,3,9,0,2,0,1,0,0,0,0,0,1,6,2,21,5,998,1,6,9,1,9
2018320498336,1,9,0,5,9,0,0,0,0,0,4,1,6,2,38,7,-1,-1,-1,1,1,1
2018320499117,1,9,0,13,0,0,0,0,0,0,3,1,2,2,64,9,1364,1,3,5,3,5
2018320499117,2,8,0,18,0,0,1,0,7,0,3,1,3,1,56,9,1598,2,-1,2,1,2
2018320499117,3,9,0,18,0,0,0,0,0,0,1,1,2,1,24,5,1598,2,2,10,2,10
2018320499981,1,9,0,9,0,0,0,0,7,0,2,1,1,1,47,8,1598,1,10,4,3,4
2018320499981,2,9,0,18,0,0,0,0,0,0,1,1,6,1,64,9,1308,1,14,4,3,4
2018320499997,1,9,0,9,0,1,5,0,8,0,4,1,2,2,62,9,1598,1,16,4,1,4
2018320499997,2,9,0,18,0,1,0,0,0,0,1,1,1,2,29,6,1395,8,1,5,1,5
2018320500066,1,9,0,9,0,8,0,0,0,0,1,1,6,1,73,10,1339,1,7,7,3,7
2018320500066,2,9,0,18,0,8,0,0,0,0,1,1,6,2,31,6,1587,1,12,4,1,4
2018320501305,1,9,0,10,0,1,0,0,0,0,1,1,6,2,73,10,2698,2,9,4,3,4
2018320501305,2,9,0,18,0,1,0,0,0,0,1,1,6,2,64,9,1560,2,10,3,3,3
2018320501411,1,9,0,18,0,8,0,0,1,11,1,1,6,2,80,11,1598,1,11,3,1,3
2018320501411,2,9,0,18,0,1,0,0,1,0,4,1,6,2,59,9,1349,1,6,5,3,5
2018320501856,1,9,0,2,0,2,0,0,0,0,2,1,2,2,49,8,2231,2,6,5,3,5
2018320501856,2,9,0,17,0,2,0,0,0,0,1,1,2,2,52,8,1248,2,2,5,3,5
2018320502072,1,9,0,16,0,0,2,0,1,0,3,1,6,2,72,10,1198,1,1,9,1,9
2018320502072,2,20,0,17,0,0,0,0,0,0,3,1,1,1,45,7,12740,2,3,8,-1,8
2018320502223,1,9,0,18,0,0,5,0,7,3,1,1,6,1,32,6,1998,2,11,4,2,4
2018320502429,1,9,0,18,0,0,0,0,0,0,1,1,6,1,32,6,2720,2,12,4,3,4
2018320502651,1,20,0,17,0,0,0,0,1,9,1,1,2,2,52,8,-1,-1,-1,6,3,6
2018320502948,1,9,0,9,0,0,0,0,0,0,3,1,6,2,48,8,1560,2,6,-1,1,-1
2018320502948,2,4,0,18,0,0,0,0,0,0,1,1,6,1,22,5,124,1,4,1,3,1
2018320503758,1,9,0,9,2,5,0,0,0,0,1,1,6,1,47,8,1598,1,13,-1,-1,-1
2018320503809,1,9,0,18,0,0,0,12,1,11,4,1,6,2,24,5,1598,2,2,5,3,5
2018320504371,1,9,0,18,0,0,5,10,1,11,1,1,1,1,20,4,998,1,15,10,3,10
2018320505215,1,4,0,18,0,0,0,0,0,0,1,1,1,1,19,4,-1,-1,-1,3,3,3
2018320505215,2,9,0,18,0,0,0,0,0,0,3,1,2,1,40,7,1951,2,16,2,1,2
2018320505629,1,9,0,16,0,0,0,0,7,0,1,1,6,2,29,6,1596,1,12,10,1,10
2018320505629,2,9,0,17,0,0,0,0,1,0,1,1,6,2,43,7,1296,1,12,9,1,9
2018320505694,1,9,0,4,0,0,0,0,0,0,1,1,6,1,54,8,2967,2,7,3,1,3
2018320505694,2,9,0,4,0,0,0,0,0,0,2,1,6,1,62,9,1399,2,11,8,2,8
2018320505694,3,9,0,4,0,0,0,0,0,0,2,1,6,1,63,9,1997,2,2,6,1,6
2018320506238,1,9,0,18,0,0,0,0,0,0,1,1,6,1,43,7,-1,-1,-1,8,1,8
2018320506238,2,9,0,18,0,0,0,0,1,0,3,1,6,1,28,6,1995,2,1,5,1,5
2018320506238,3,9,0,18,0,0,0,0,1,0,1,1,6,1,25,5,1598,2,8,1,1,1
2018320508100,1,4,0,18,0,0,1,0,7,9,0,1,6,1,59,9,998,1,12,7,1,7
2018320509020,1,4,0,17,0,0,0,0,1,0,4,1,6,1,52,8,1215,1,3,2,1,2
2018320509749,1,9,0,4,0,1,0,0,0,0,4,1,2,2,40,7,1598,1,9,5,1,5
2018320510000,1,9,0,18,0,0,0,0,0,0,1,1,6,3,-1,-1,-1,-1,-1,-1,-1,-1
2018320510000,2,90,1,18,0,0,4,0,1,11,1,1,1,1,50,8,-1,-1,-1,5,3,5
2018320510743,1,9,0,13,0,1,0,0,1,10,1,1,1,1,50,8,1796,1,15,2,3,2
2018320510743,2,9,0,9,0,2,0,0,7,0,2,1,6,1,88,11,1329,1,4,3,3,3
2018320511213,1,9,0,18,0,0,0,0,0,0,1,1,6,3,-1,-1,-1,-1,-1,-1,-1,-1
2018320511213,2,1,0,18,0,0,5,0,1,0,1,1,6,1,17,4,-1,-1,-1,6,3,6
2018320511346,1,20,0,18,0,3,0,0,0,0,0,1,1,1,49,8,-1,-1,-1,4,3,4
2018320511346,2,9,0,18,0,3,0,0,0,0,2,1,2,1,46,8,1951,2,13,7,3,7
2018320511346,3,9,0,18,0,3,0,0,0,0,1,1,6,1,75,10,998,1,-1,1,3,1
2018320511664,1,9,0,16,0,0,1,0,1,9,1,1,2,1,18,4,1398,1,4,5,3,5
2018320511792,1,9,0,18,0,2,0,0,7,3,1,1,3,2,37,7,1587,1,13,3,3,3
2018320512104,1,9,0,9,0,2,0,0,0,0,1,1,6,2,26,6,1596,1,9,4,1,4
2018320512104,2,9,0,18,0,8,0,0,0,0,1,1,6,1,39,7,2199,2,9,3,3,3
2018320512377,1,9,0,17,0,0,0,0,0,0,1,1,6,3,-1,-1,1596,1,12,-1,-1,-1
2018320512377,2,4,0,18,0,0,0,0,0,0,2,1,6,1,21,5,124,1,-1,5,3,5
2018320512524,1,9,0,9,0,8,0,0,0,0,1,1,6,2,51,8,1560,2,3,9,2,9
2018320512524,2,9,0,18,0,1,0,0,0,0,3,1,6,1,66,10,1598,2,7,10,1,10
2018320512575,1,4,0,18,0,1,0,0,0,0,1,1,6,1,42,7,998,1,-1,4,3,4
2018320512575,2,20,0,9,0,1,0,0,0,0,2,1,1,1,34,6,-1,-1,-1,6,1,6
2018320512697,1,9,0,18,0,0,0,0,0,0,1,1,6,3,-1,-1,-1,-1,-1,-1,-1,-1
2018320512697,2,9,0,18,0,0,0,0,4,0,3,1,6,1,56,9,1968,2,1,2,1,2
2018320512860,1,11,0,18,0,0,0,0,0,0,4,1,6,1,40,7,-1,-1,-1,3,1,3
2018320514478,1,20,0,18,0,0,0,0,1,0,3,1,6,1,39,7,-1,-1,-1,2,1,2
2018320514478,2,20,0,18,0,0,0,0,1,0,3,1,1,1,62,9,6692,2,9,4,3,4
2018320514646,1,4,0,7,0,8,0,0,0,0,3,1,6,1,18,4,114,1,4,3,1,3
2018320514646,2,9,0,17,0,8,0,0,0,0,1,1,6,1,24,5,1200,1,1,1,1,1
2018320514705,1,9,0,1,0,1,0,0,0,0,3,1,6,1,18,4,1149,1,12,1,1,1
2018320514810,1,9,0,16,0,0,5,0,0,0,1,1,6,2,53,8,1248,2,6,6,3,6
2018320515009,1,9,0,9,0,8,0,0,0,0,1,1,6,2,61,9,1998,1,2,5,3,5
2018320515009,2,9,0,18,0,8,0,0,0,0,1,1,6,1,65,9,1498,1,-1,10,1,10
2018320515313,1,9,0,13,0,0,1,0,7,0,1,1,1,1,23,5,1596,1,14,2,1,2
2018320515313,2,4,0,18,0,0,2,0,0,0,1,1,6,1,44,7,-1,-1,-1,5,3,5
2018320515313,3,20,0,18,0,0,0,0,0,0,0,1,1,1,51,8,-1,-1,-1,2,3,2
2018320515313,4,20,0,17,0,0,0,0,0,0,3,1,1,1,50,8,-1,-1,-1,-1,-1,-1
2018320515616,1,9,0,9,0,1,0,0,0,0,1,1,6,2,54,8,1685,2,2,10,2,10
2018320515616,2,9,0,18,0,1,0,0,0,0,1,1,6,1,48,8,2204,2,11,3,1,3
2018320515796,1,9,0,9,9,6,0,0,0,0,1,1,6,3,-1,-1,1685,2,5,-1,-1,-1
2018320515946,1,9,0,18,0,1,0,0,0,0,3,1,6,3,-1,-1,2199,2,8,-1,-1,-1
2018320516248,1,9,0,18,0,0,0,0,0,0,3,1,6,2,83,11,1198,1,13,7,1,7
2018320516248,2,9,0,18,0,0,0,0,0,0,3,1,6,2,25,5,1834,1,18,7,2,7
2018320516341,1,2,0,18,9,0,0,0,0,0,1,1,6,2,59,9,-1,-1,-1,2,1,2
2018320516589,1,9,0,18,0,1,0,0,0,0,1,1,6,1,78,11,1498,1,-1,7,1,7
2018320516589,2,9,0,17,0,1,0,0,0,0,1,1,6,1,57,9,1560,2,7,7,2,7
2018320516603,1,9,0,13,0,0,2,0,2,9,1,1,6,1,33,6,2143,2,1,-1,-1,-1
2018320517086,1,9,0,18,0,0,0,0,7,11,1,1,6,1,17,4,1149,1,10,2,1,2
2018320517493,1,9,0,18,0,0,0,0,0,0,1,1,1,2,27,6,1598,1,9,4,1,4
2018320517493,2,9,0,18,0,0,0,0,0,0,2,1,2,1,50,8,1984,1,-1,7,1,7
2018320517493,3,9,0,18,0,0,0,0,0,0,2,1,2,1,34,6,1560,2,6,9,1,9
2018320517755,1,9,0,18,0,1,1,0,0,0,1,1,6,1,56,9,2993,2,14,4,3,4
2018320517755,2,9,0,18,0,1,0,0,0,0,2,1,6,2,50,8,-1,-1,-1,7,3,7
2018320517755,3,9,0,18,0,1,0,0,0,0,2,1,6,1,26,6,999,1,4,3,2,3
2018320517755,4,9,0,9,0,1,0,0,0,0,0,1,6,2,33,6,1600,1,7,5,2,5
2018320518022,1,9,0,5,0,0,0,2,0,0,2,1,6,2,18,4,1242,1,14,1,1,1
2018320518022,2,9,0,4,0,0,0,4,0,0,1,1,6,1,17,4,1242,1,11,1,2,1
2018320518065,1,9,0,4,0,1,1,0,0,0,2,1,1,1,57,9,-1,-1,-1,4,3,4
2018320518065,2,9,0,18,0,2,0,0,0,0,3,1,6,2,28,6,1560,2,3,2,1,2
2018320518835,1,9,0,18,0,0,5,10,1,11,1,1,6,2,25,5,998,1,11,4,1,4
2018320519051,1,9,0,16,0,1,0,0,0,0,4,1,6,1,18,4,1560,2,7,6,2,6
2018320519051,2,9,0,18,0,1,0,0,0,0,3,1,6,1,74,10,1586,1,7,3,3,3
2018320519051,3,9,0,18,0,1,0,0,0,0,1,1,2,2,22,5,1499,1,2,7,1,7
2018320519818,1,9,0,18,0,2,0,0,0,0,4,1,6,1,63,9,2378,1,12,3,3,3
2018320519818,2,4,0,18,0,1,0,0,0,0,1,1,6,1,48,8,1130,1,14,6,3,6
2018320519818,3,9,0,7,0,1,0,0,0,0,0,1,6,2,72,10,1299,1,13,1,1,1
2018320519957,1,9,0,18,0,0,0,0,2,1,1,1,6,2,66,10,1596,1,1,4,3,4
2018320520120,1,9,0,18,0,0,0,0,0,0,1,1,6,3,-1,-1,-1,-1,-1,-1,-1,-1
2018320520120,2,4,0,4,0,0,0,0,0,0,2,1,6,1,35,6,645,1,-1,2,1,2
2018320520120,3,9,0,4,0,0,0,0,0,0,1,1,2,2,23,5,1242,1,4,5,3,5
2018320520396,1,9,0,14,0,0,0,0,0,0,2,1,2,2,23,5,2987,2,11,5,2,5
2018320520396,2,20,0,18,0,0,0,0,0,0,1,1,1,1,56,9,-1,-1,-1,5,1,5
2018320520983,1,9,0,12,0,0,0,0,0,0,3,1,6,2,30,6,998,1,2,10,2,10
2018320520983,2,9,0,18,0,0,0,0,0,0,4,1,6,2,21,5,1984,1,8,1,1,1
2018320520983,3,11,0,2,2,0,0,0,0,0,2,1,1,1,60,9,4250,2,12,10,2,10
2018320521113,1,1,0,9,0,1,0,0,0,0,4,1,6,1,69,10,-1,-1,-1,3,1,3
2018320521113,2,9,0,18,0,1,0,0,0,0,1,1,6,1,54,8,2204,2,12,5,3,5
2018320521125,1,20,0,18,0,0,2,0,7,0,1,1,1,1,61,9,-1,-1,-1,2,1,2
2018320521125,2,90,0,18,0,0,0,0,0,0,0,1,6,1,68,10,-1,-1,-1,10,2,10
2018320521280,1,9,0,17,0,0,2,0,1,0,0,1,2,1,52,8,1560,2,8,8,1,8
2018320521426,1,9,0,5,0,8,0,0,0,0,1,1,6,2,50,8,998,1,5,9,1,9
2018320521426,2,9,0,17,0,1,0,0,0,0,4,1,6,1,26,6,998,1,4,10,1,10
2018320522959,1,9,0,1,0,0,0,0,0,0,0,1,6,1,41,7,1498,1,11,5,1,5
2018320522959,2,4,0,18,0,0,1,0,0,0,4,1,6,1,24,5,125,1,13,5,1,5
2018320523030,1,9,0,17,0,0,1,0,1,0,1,1,6,1,25,5,1229,1,9,7,2,7
2018320523766,1,9,0,7,0,0,0,0,1,9,1,1,6,2,18,4,1149,1,10,5,3,5
2018320523791,1,9,0,5,0,4,0,0,0,0,0,1,6,2,65,9,1997,2,5,8,1,8
2018320523791,2,4,0,18,0,4,2,0,0,0,0,1,2,1,52,8,400,1,28,3,1,3
2018320524778,1,9,0,9,0,0,0,0,0,0,3,1,3,2,31,6,1686,2,4,4,3,4
2018320524795,1,9,0,16,0,1,0,0,0,0,1,1,6,1,53,8,1398,2,4,6,1,6
2018320524795,2,9,0,16,0,1,0,0,0,0,0,1,6,2,53,8,1248,1,3,2,1,2
2018320525116,1,4,0,16,0,0,1,0,0,0,4,1,6,1,17,4,125,1,2,9,3,9
2018320525210,1,9,0,6,0,0,0,0,7,0,3,1,6,1,17,4,1149,1,12,1,1,1
2018320525210,2,9,0,18,0,0,0,0,0,0,1,1,6,2,22,5,-1,-1,-1,1,1,1
2018320525282,1,9,0,17,0,0,1,4,0,0,1,1,6,1,20,4,1910,2,12,9,1,9
2018320525286,1,9,0,18,0,0,5,0,7,9,0,1,6,2,56,9,1951,2,16,5,3,5
2018320526433,1,9,0,18,0,8,0,0,0,0,2,1,1,1,39,7,1968,2,-1,6,3,6
2018320526433,2,9,0,18,0,8,0,0,0,0,1,1,6,2,36,7,1618,1,3,7,3,7
2018320526691,1,9,0,18,0,0,0,0,0,0,1,1,6,1,90,11,1242,1,4,2,1,2
2018320527052,1,9,0,9,0,8,0,0,0,0,4,1,6,2,35,6,1598,1,13,5,2,5
2018320527052,2,1,0,18,0,8,0,0,0,0,1,1,6,1,26,6,-1,-1,-1,4,1,4
2018320527096,1,19,0,18,0,1,0,0,0,0,1,1,6,1,23,5,1753,2,12,10,2,10
2018320527096,2,9,0,18,0,1,0,0,0,0,2,1,6,2,49,8,2179,2,7,5,1,5
2018320527576,1,2,0,17,0,0,0,0,0,0,4,1,6,2,46,8,125,1,3,10,2,10
2018320527654,1,9,0,18,0,8,0,0,0,0,3,1,1,1,47,8,1968,2,8,8,1,8
2018320527654,2,1,0,7,0,8,0,0,0,0,3,1,6,1,14,3,-1,-1,-1,-1,-1,-1
2018320528325,1,9,0,18,0,0,0,0,0,0,1,1,6,1,34,6,2198,1,14,2,1,2
2018320528325,2,9,0,4,0,0,0,0,0,0,1,1,2,2,24,5,989,1,12,7,1,7
2018320528325,3,9,0,4,0,0,0,0,0,0,2,1,6,1,51,8,1600,2,9,6,1,6
2018320528498,1,9,0,16,0,0,1,0,0,0,1,1,6,1,25,5,1360,1,14,2,1,2
2018320528498,2,9,0,17,0,0,0,0,0,0,1,1,6,1,61,9,3628,2,11,7,3,7
2018320529253,1,9,0,17,0,1,0,0,3,0,1,1,6,1,37,7,1198,1,9,6,1,6
2018320529588,1,9,0,7,0,2,0,0,0,0,0,1,6,3,-1,-1,-1,-1,-1,-1,-1,-1
2018320529588,2,9,0,18,0,1,2,0,7,0,1,1,1,2,40,7,1198,1,12,5,3,5
2018320529919,1,9,0,5,0,8,1,0,1,1,1,1,6,1,46,8,1998,1,14,5,3,5
2018320529919,2,9,0,18,0,1,2,0,0,0,3,1,6,1,48,8,2148,2,8,3,1,3
2018320530018,1,9,0,5,0,1,0,0,0,0,3,1,6,1,69,10,1995,2,-1,4,3,4
2018320530018,2,9,0,18,0,1,0,0,0,0,4,1,6,1,37,7,1461,2,2,8,3,8
2018320530029,1,9,0,18,0,0,0,0,0,0,1,1,6,1,84,11,1388,1,9,1,1,1
2018320530029,2,9,0,18,0,0,0,0,0,0,0,1,6,1,48,8,-1,-1,-1,1,1,1
2018320530029,3,9,0,18,0,0,0,0,0,0,1,1,6,1,37,7,1242,1,13,7,1,7
2018320530294,1,9,0,9,0,6,0,0,0,11,1,1,6,1,80,11,1599,1,10,7,1,7
2018320530540,1,9,0,9,0,8,0,0,0,0,1,1,6,1,43,7,1998,2,12,4,1,4
2018320530540,2,9,0,18,0,8,0,0,2,11,4,1,6,2,28,6,1910,2,13,2,1,2
2018320530794,1,9,0,17,0,0,5,0,1,0,3,1,6,1,26,6,1995,2,-1,7,1,7