Accident_Index,Vehicle_Reference,Vehicle_Type,Towing_and_Articulation,Vehicle_Manoeuvre,Vehicle_Location-Restricted_Lane,Junction_Location,Skidding_and_Overturning,Hit_Object_in_Carriageway,Vehicle_Leaving_Carriageway,Hit_Object_off_Carriageway,1st_Point_of_Impact,Was_Vehicle_Left_Hand_Drive?,Journey_Purpose_of_Driver,Sex_of_Driver,Age_of_Driver,Age_Band_of_Driver,Engine_Capacity_(CC),Propulsion_Code,Age_of_Vehicle,Driver_IMD_Decile,Driver_Home_Area_Type,Vehicle_IMD_Decile
2018320531226,1,9,0,16,0,0,0,11,2,9,1,1,6,2,64,9,1197,1,-1,4,1,4
2018320531226,2,9,0,16,0,0,0,0,0,0,0,1,6,3,-1,-1,-1,-1,-1,-1,-1,-1
2018320531427,1,20,0,18,0,1,0,0,0,0,1,1,6,1,27,6,6370,2,17,-1,-1,-1
2018320531427,2,9,0,9,0,1,0,0,0,0,2,1,6,2,65,9,1229,1,13,3,3,3
2018320531590,1,9,0,18,0,8,1,0,7,1,1,1,6,1,72,10,1991,2,13,2,1,2
2018320531590,2,9,0,18,0,8,1,0,7,11,1,1,6,2,30,6,1422,2,10,1,1,1
2018320531786,1,97,0,18,0,0,0,0,0,0,0,1,6,3,-1,-1,-1,-1,-1,-1,-1,-1
2018320531786,2,1,0,18,0,0,0,0,0,0,0,1,2,1,18,4,-1,-1,-1,2,1,2
2018320532289,1,9,0,9,0,5,0,0,0,0,3,1,6,2,22,5,1796,1,11,6,1,6
2018320532289,2,19,0,18,0,1,0,0,1,0,1,1,1,1,60,9,2287,2,2,5,1,5
2018320532289,3,9,0,9,0,6,0,0,2,2,1,1,2,1,51,8,1242,1,6,4,1,4
2018320532316,1,9,0,18,0,0,2,0,0,0,1,1,6,1,34,6,1198,1,4,10,3,10
2018320532841,1,3,0,18,0,1,0,0,0,0,1,1,6,1,34,6,124,1,-1,6,1,6
2018320532841,2,9,0,3,0,1,0,0,0,0,2,1,2,2,35,6,3956,2,-1,6,1,6
2018320533079,1,21,0,18,0,0,0,0,0,0,1,1,1,1,54,8,5880,2,13,7,1,7
2018320533079,2,9,0,18,0,0,1,0,0,0,1,1,2,1,25,5,998,1,5,4,1,4
2018320533079,3,21,0,18,0,0,1,0,0,0,2,1,1,1,56,9,12740,2,-1,4,1,4
2018320533620,1,9,0,1,0,0,0,0,0,0,2,1,6,1,26,6,2979,1,4,8,1,8
2018320534059,1,9,0,18,0,0,0,0,2,3,1,1,6,2,18,4,1061,1,13,5,3,5
2018320534184,1,9,0,17,0,0,2,0,7,0,2,1,6,1,35,6,1910,2,11,4,1,4
2018320534223,1,9,0,18,0,0,0,0,0,0,1,1,6,1,19,4,1968,2,4,6,3,6
2018320534336,1,9,0,18,0,0,5,0,0,0,3,1,6,1,29,6,1248,2,12,1,1,1
2018320534336,2,9,0,18,0,0,0,0,0,0,0,1,6,2,32,6,1299,1,9,3,1,3
2018320534336,3,9,0,18,0,0,0,0,0,0,0,1,6,1,20,4,1399,2,9,6,1,6
2018320534750,1,9,0,18,0,0,1,0,1,4,1,1,6,2,59,9,2495,2,14,4,3,4
2018320535428,1,9,0,16,0,0,1,10,8,0,1,1,2,1,22,5,1560,2,-1,8,3,8
2018320536061,1,2,0,18,0,1,0,0,0,0,4,1,4,2,17,4,-1,-1,-1,4,3,4
2018320536065,1,9,0,18,0,0,1,0,2,0,0,1,1,1,24,5,-1,-1,-1,3,3,3
2018320536108,1,9,0,7,0,6,0,0,1,11,1,1,6,2,29,6,1364,1,-1,4,3,4
2018320536108,2,9,0,18,0,1,0,0,0,0,1,1,6,1,69,10,1398,1,8,4,3,4
2018320536186,1,9,0,17,0,0,0,0,2,9,1,1,6,2,20,4,1328,1,10,10,1,10
2018320536463,1,19,0,17,0,0,0,0,1,9,1,1,1,1,25,5,1995,2,1,4,2,4
2018320536743,1,9,0,9,0,8,0,0,7,0,4,1,6,1,46,8,1398,1,16,3,3,3
2018320536743,2,19,0,18,0,8,0,0,0,0,1,1,6,1,51,8,-1,-1,-1,2,2,2
2018320537302,1,19,0,18,0,0,0,0,0,0,1,1,1,1,53,8,1995,2,1,6,3,6
2018320537302,2,9,0,18,0,0,0,0,0,0,2,1,2,2,50,8,2179,2,4,8,1,8
2018320537302,3,9,0,18,0,0,0,0,0,0,2,1,2,2,21,5,1388,1,13,7,1,7
2018320537302,4,9,0,18,0,0,0,0,0,0,2,1,3,1,37,7,1598,1,10,6,2,6
2018320537490,1,9,0,5,0,8,0,0,0,0,1,1,6,1,68,10,1968,2,1,7,1,7
2018320537490,2,21,0,18,0,8,0,0,0,0,3,1,1,1,52,8,12902,2,2,4,3,4
2018320537645,1,17,0,7,0,0,0,0,0,0,3,1,6,1,57,9,4400,2,9,1,2,1
2018320537645,2,9,0,18,0,0,0,0,0,0,1,1,6,1,50,8,1796,1,9,3,3,3
2018320537685,1,90,0,18,0,0,0,0,1,0,1,1,1,1,60,9,1598,2,1,9,1,9
2018320537685,2,21,0,18,0,0,0,0,0,0,1,1,6,1,53,8,12900,2,6,6,1,6
2018320538103,1,9,0,17,0,3,0,0,1,0,4,1,3,2,40,7,1600,1,14,4,2,4
2018320538103,2,9,0,5,0,4,0,0,0,0,1,1,6,2,24,5,1242,1,5,5,3,5
2018320538180,1,9,0,17,0,0,0,0,1,9,1,1,6,1,61,9,2183,2,6,9,2,9
2018320538276,1,9,0,18,0,0,0,0,0,0,1,1,6,2,45,7,1200,1,5,1,1,1
2018320538276,2,11,0,18,0,0,0,0,0,0,1,1,1,1,54,8,9000,2,12,1,1,1
2018320538306,1,9,0,18,0,1,0,0,0,0,1,1,6,1,24,5,2143,2,4,-1,-1,-1
2018320538306,2,1,0,18,0,1,0,0,0,0,1,1,6,1,34,6,-1,-1,-1,1,1,1
2018320539153,1,9,0,18,0,0,0,0,0,0,1,1,6,1,17,4,1199,1,16,5,3,5
2018320539153,2,9,0,18,0,0,0,0,0,0,2,1,6,1,47,8,-1,-1,-1,1,1,1
2018320539153,3,9,0,18,0,0,1,0,0,0,2,1,6,1,72,10,1498,1,2,4,3,4
2018320539284,1,9,0,18,0,1,0,0,0,0,2,1,6,3,-1,-1,1598,2,4,7,1,7
2018320539919,1,5,0,17,0,8,2,0,7,0,3,1,6,1,47,8,849,1,24,3,1,3
2018320539941,1,3,0,18,6,0,0,0,0,0,4,1,6,1,64,9,1172,1,16,4,3,4
2018320540254,1,9,0,18,0,0,0,0,0,0,1,1,2,1,40,7,1461,2,-1,5,-1,5
2018320541020,1,9,0,18,0,6,0,0,0,0,1,1,6,1,18,4,1368,1,7,9,1,9
2018320541020,2,9,0,18,0,8,0,0,0,0,4,1,6,1,54,8,2204,2,9,-1,-1,-1
2018320541283,1,2,0,6,0,8,1,0,0,0,3,1,4,1,16,4,49,1,4,6,3,6
2018320541686,1,9,0,17,0,0,0,0,2,0,4,1,2,1,21,5,1149,1,7,9,2,9
2018320541699,1,9,0,18,6,0,5,0,1,10,1,1,6,1,36,7,1598,1,11,5,3,5
2018320541773,1,9,0,5,0,3,0,0,0,0,1,1,6,2,39,7,1999,2,-1,9,2,9
2018320541773,2,9,0,18,0,8,0,0,0,0,1,1,6,2,56,9,1956,2,4,6,2,6
2018320541949,1,9,0,18,0,0,0,0,0,0,1,1,6,2,31,6,1997,2,3,9,2,9
2018320541949,2,1,0,18,0,0,0,0,0,0,2,1,6,1,20,4,-1,-1,-1,5,3,5
2018320542085,1,9,0,18,0,1,0,0,0,0,1,1,6,2,19,4,1242,1,4,3,1,3
2018320542085,2,9,0,18,0,1,0,0,0,0,2,1,6,1,50,8,1951,2,13,3,1,3
2018320542099,1,9,0,18,0,0,0,0,0,0,4,1,6,1,57,9,1461,2,5,5,2,5
2018320542099,2,9,0,18,0,0,0,0,0,0,4,2,6,1,35,6,-1,-1,-1,1,1,1
2018320542113,1,9,0,18,0,0,0,0,0,0,1,1,6,2,35,6,1685,2,6,1,1,1
2018320542113,2,9,0,18,0,0,0,0,0,0,2,1,6,1,33,6,1149,1,5,3,1,3
2018320542113,3,9,0,18,0,0,0,0,0,0,2,1,6,1,40,7,1339,1,1,9,2,9
2018320542235,1,1,0,9,0,8,0,0,0,0,1,1,6,1,32,6,-1,-1,-1,3,1,3
2018320542235,2,9,0,18,0,8,0,0,0,0,1,1,2,1,47,8,1783,1,15,4,1,4
2018320542261,1,9,0,13,0,8,0,0,0,0,0,1,1,1,-1,-1,-1,-1,-1,6,3,6
2018320542261,2,9,0,14,0,5,0,0,7,9,1,1,6,2,44,7,1349,1,6,7,3,7
2018320542622,1,19,0,18,0,1,0,0,0,0,1,1,1,1,42,7,1461,2,8,1,1,1
2018320542638,1,9,0,16,0,0,1,0,0,0,1,1,1,2,28,6,973,1,15,4,3,4
2018320542638,2,9,0,17,0,0,0,0,0,0,1,1,1,1,24,5,1984,1,2,10,1,10
2018320543058,1,9,0,9,0,5,0,0,7,0,2,1,6,1,54,8,-1,-1,-1,1,1,1
2018320543058,2,9,0,9,0,5,0,0,7,0,2,1,6,2,34,6,1596,1,13,4,2,4
2018320543194,1,9,0,6,0,0,0,0,0,0,3,1,6,1,23,5,1461,2,3,-1,-1,-1
2018320543194,2,5,0,18,0,0,0,0,0,0,1,1,6,1,39,7,1043,1,5,9,3,9
2018320543282,1,19,0,18,0,0,0,0,0,0,1,1,6,1,40,7,2198,2,3,3,1,3
2018320543282,2,9,0,18,0,0,0,0,0,0,2,1,6,1,30,6,1390,1,5,1,1,1
2018320543282,3,9,0,18,0,0,0,0,0,0,2,1,6,1,52,8,1591,1,5,2,1,2
2018320543417,1,9,0,18,0,1,0,0,0,0,0,1,6,1,67,10,1968,2,13,3,3,3
2018320543537,1,19,0,7,0,6,0,0,0,0,3,1,6,1,41,7,2500,2,11,3,3,3
2018320543537,2,9,0,18,0,1,0,0,0,0,1,1,6,2,38,7,2435,1,17,10,2,10
2018320543897,1,16,0,5,0,0,0,0,1,9,0,1,6,2,20,4,-1,-1,-1,5,3,5
2018320543897,2,90,0,18,0,0,0,0,0,0,0,1,6,3,-1,-1,-1,-1,-1,-1,-1,-1
2018320543989,1,9,0,18,0,0,0,0,2,0,3,1,6,1,-1,-1,1598,1,19,3,1,3
2018320544016,1,9,0,18,0,0,0,0,0,0,1,1,2,1,58,9,1598,1,11,6,3,6
2018320544562,1,9,0,12,0,0,0,0,0,0,1,1,6,1,76,11,-1,-1,-1,3,1,3
2018320544562,2,21,0,18,0,0,0,0,0,0,1,1,1,1,34,6,12742,2,1,7,1,7
2018320546042,1,9,0,18,0,0,1,0,1,0,1,2,2,1,47,8,1598,1,10,2,1,2
2018320547232,1,9,0,17,0,1,0,0,0,0,1,1,6,1,52,8,1997,2,9,5,3,5
2018320547232,2,9,0,18,0,1,0,0,0,0,1,1,6,2,60,9,1598,1,13,6,3,6
2018320547256,1,9,0,18,9,0,0,0,7,11,1,1,6,2,34,6,1229,1,13,1,1,1
2018320547299,1,9,0,4,0,0,0,4,0,0,1,1,2,1,17,4,1399,2,15,8,1,8
2018320547299,2,9,0,4,0,0,0,0,0,0,2,1,1,2,69,10,998,1,17,4,1,4
2018320547437,1,9,0,16,0,5,5,0,1,1,1,1,6,2,22,5,1600,2,8,1,1,1
2018320547726,1,9,0,9,0,6,0,0,0,0,1,1,2,1,20,4,1199,2,7,9,1,9
2018320547726,2,9,0,18,0,1,1,0,0,0,1,1,2,1,24,5,1968,2,12,9,2,9
2018320547819,1,9,0,18,0,1,0,0,0,0,1,1,6,2,56,9,1364,1,1,6,1,6
2018320547819,2,9,0,9,0,1,0,0,0,0,2,1,6,2,23,5,1197,1,2,4,2,4
2018320548016,1,97,0,18,0,8,5,0,0,0,3,1,2,1,34,6,-1,-1,-1,6,3,6
2018320548016,2,9,0,18,0,4,0,0,0,0,1,1,6,3,-1,-1,-1,-1,-1,-1,-1,-1
2018320548049,1,90,0,18,0,0,0,0,0,0,1,1,6,3,-1,-1,-1,-1,-1,-1,-1,-1
2018320548049,2,8,0,13,0,0,0,0,0,7,1,1,6,2,74,10,996,1,9,4,3,4
2018320548049,3,17,0,4,0,0,0,0,0,0,2,1,1,1,49,8,-1,2,8,2,1,2
2018320548245,1,9,0,13,0,0,0,0,0,0,1,1,2,1,39,7,1998,1,11,1,1,1
2018320548245,2,9,0,18,0,0,0,0,0,0,1,1,2,1,49,8,1587,1,11,5,1,5
2018320548421,1,9,0,18,0,1,0,0,0,0,1,1,6,1,84,11,1596,1,13,3,3,3
2018320548421,2,9,0,9,0,8,0,0,0,0,2,1,6,1,26,6,2402,2,10,3,1,3
2018320548839,1,9,0,9,0,1,0,0,0,0,1,1,3,1,26,6,1686,2,8,7,2,7
2018320548839,2,1,0,18,9,8,0,0,0,0,2,1,4,2,11,3,-1,-1,-1,5,3,5
2018320548882,1,9,0,18,0,0,5,0,1,0,1,1,6,2,31,6,1560,2,8,3,3,3
2018320549190,1,9,0,18,0,0,0,0,1,0,1,1,6,2,55,8,1149,1,8,7,2,7
2018320549190,2,90,1,18,0,0,0,0,1,0,1,1,1,1,49,8,-1,-1,-1,-1,-1,-1
2018320549274,1,9,0,13,0,0,5,0,7,0,4,1,6,1,19,4,1598,1,10,3,3,3
2018320549274,2,90,0,9,0,0,0,0,0,0,3,1,1,1,49,8,3908,2,11,2,3,2
2018320549680,1,9,0,9,0,6,0,0,0,0,1,1,1,1,47,8,1598,2,3,10,1,10
2018320549680,2,1,0,18,0,1,0,0,0,0,1,1,6,1,36,7,-1,-1,-1,2,1,2
2018320549834,1,9,0,1,0,0,0,0,0,0,2,1,6,1,25,5,1984,1,11,3,1,3
2018320549834,2,9,0,6,0,0,0,0,0,0,1,1,6,2,21,5,1124,1,12,4,1,4
2018320549925,1,9,0,9,0,8,0,0,0,0,3,1,3,2,33,6,2993,2,1,7,3,7
2018320549925,2,9,0,18,0,1,0,0,0,0,1,1,3,2,70,10,1560,2,4,4,1,4
2018320550196,1,9,0,9,0,8,0,0,0,0,4,1,3,2,48,8,1796,1,16,5,3,5
2018320550196,2,19,0,18,0,1,0,0,7,0,4,1,1,1,51,8,2198,2,6,8,1,8
2018320550772,1,9,0,17,0,0,0,0,2,0,1,1,2,2,35,6,1753,2,11,10,1,10
2018320551343,1,9,0,18,0,0,0,0,0,0,3,1,2,1,29,6,1596,1,13,-1,-1,-1
2018320551343,2,3,0,14,0,0,0,0,0,0,1,1,2,2,32,6,125,1,-1,2,1,2
2018320551343,3,9,0,18,0,0,0,0,0,0,1,1,2,1,30,6,999,1,2,-1,-1,-1
2018320551349,1,3,0,18,0,2,0,0,0,0,4,1,6,1,27,6,125,1,8,3,3,3
2018320551349,2,9,0,18,0,2,0,0,0,0,3,1,6,1,34,6,-1,-1,-1,5,3,5
2018320551542,1,9,0,16,0,0,0,0,7,9,1,1,2,1,25,5,1422,2,9,3,2,3
2018320551586,1,9,0,16,0,2,0,0,0,0,1,1,6,1,74,10,1598,1,3,1,1,1
2018320551586,2,17,0,17,0,1,0,0,0,0,1,1,2,1,62,9,4525,2,-1,2,2,2
2018320551867,1,3,0,18,0,8,0,0,0,0,4,1,6,1,25,5,749,1,27,1,1,1
2018320551887,1,9,0,13,0,0,0,0,0,0,1,1,2,2,56,9,1349,1,8,5,1,5
2018320551887,2,9,0,18,0,0,0,0,2,0,3,1,6,2,51,8,1968,2,1,7,1,7
2018320552702,1,9,0,18,0,0,0,0,0,0,1,1,6,3,-1,-1,-1,-1,-1,-1,-1,-1
2018320552702,2,1,0,18,0,0,0,0,0,0,2,1,1,2,35,6,-1,-1,-1,7,1,7
2018320552722,1,9,0,18,0,0,0,0,0,0,1,1,6,3,-1,-1,1199,1,17,-1,-1,-1
2018320552722,2,9,0,10,0,0,0,0,0,0,1,1,6,1,18,4,1198,1,13,4,1,4
2018320552948,1,9,0,18,0,0,0,0,0,0,1,1,2,1,21,5,1995,1,16,7,1,7
2018320552948,2,9,0,18,0,0,0,0,0,0,2,1,1,1,57,9,-1,-1,-1,6,1,6
2018320552959,1,9,0,9,0,8,0,0,0,0,1,1,6,2,71,10,999,1,-1,9,3,9
2018320552959,2,9,0,16,0,1,0,0,0,0,1,1,6,2,69,10,1390,1,7,8,3,8
2018320553236,1,9,0,18,0,0,0,11,2,1,1,1,2,1,20,4,998,1,4,4,3,4
2018320553252,1,9,0,9,0,8,0,0,0,0,1,1,6,2,43,7,2993,2,1,10,1,10
2018320553252,2,3,0,18,0,8,5,0,0,0,1,1,6,1,37,7,124,1,4,4,1,4
2018320553720,1,9,0,18,0,0,0,0,7,10,1,1,2,1,29,6,2148,2,16,2,-1,2
2018320553720,2,5,0,18,0,0,5,0,0,0,1,1,6,1,57,9,650,1,21,3,3,3
2018320554036,1,19,0,18,0,1,0,0,0,0,1,1,2,1,35,6,1598,2,-1,7,3,7
2018320554036,2,9,0,2,0,1,0,0,0,0,2,1,6,1,52,8,999,1,-1,8,3,8
2018320554036,3,9,0,2,0,1,0,0,0,0,2,1,2,1,30,6,998,1,3,8,2,8
2018320554127,1,19,0,4,0,1,1,0,1,0,1,1,6,1,20,4,1870,2,13,4,1,4
2018320554127,2,9,0,4,0,1,0,0,0,0,0,1,6,1,42,7,-1,-1,-1,7,2,7
2018320554127,3,9,0,7,0,5,0,0,0,0,4,1,6,1,50,8,2402,2,7,8,3,8
2018320554211,1,9,0,18,0,1,0,0,0,0,2,1,1,1,41,7,1560,2,8,5,1,5
2018320554211,2,1,0,18,0,8,0,0,0,0,1,1,1,1,51,8,-1,-1,-1,4,1,4
2018320554606,1,9,0,9,0,6,0,0,0,0,1,1,6,3,-1,-1,-1,-1,-1,-1,-1,-1
2018320554606,2,1,0,18,0,8,0,0,0,0,1,1,6,1,15,3,-1,-1,-1,9,1,9
2018320555184,1,9,0,18,0,2,0,0,0,0,1,1,3,1,54,8,1597,2,5,7,1,7
2018320555207,1,1,0,18,0,0,0,0,0,0,1,1,6,1,57,9,-1,-1,-1,9,3,9
2018320555207,2,9,0,2,0,0,0,0,0,0,2,1,6,2,25,5,1390,1,8,5,1,5
2018320555242,1,9,0,17,0,0,1,0,1,11,1,1,6,1,17,4,1242,1,13,5,2,5
2018320555256,1,9,0,5,0,2,0,0,0,0,1,1,6,1,26,6,1198,1,8,8,2,8
2018320555256,2,3,0,18,0,2,0,0,0,0,4,1,6,1,27,6,125,1,4,4,1,4
2018320555299,1,9,0,18,0,0,0,0,0,0,1,1,6,2,28,6,1686,2,14,5,2,5
2018320555299,2,9,0,18,0,0,0,0,0,0,1,1,2,2,31,6,1596,1,9,4,2,4
2018320555377,1,9,0,18,0,0,0,0,0,0,0,1,6,3,-1,-1,-1,-1,-1,-1,-1,-1
2018320555377,2,3,0,18,0,0,0,0,1,0,0,1,2,1,49,8,125,1,2,3,3,3
2018320555686,1,9,0,18,0,0,1,0,0,0,1,1,1,1,26,6,1598,2,-1,4,1,4
2018320556428,1,9,0,9,0,5,0,0,0,0,4,1,6,2,72,10,1199,1,14,9,3,9
2018320556428,2,3,0,18,0,8,0,0,0,0,1,1,6,1,25,5,124,1,-1,4,3,4
2018320556626,1,9,0,16,0,0,0,0,0,0,1,1,6,1,31,6,1390,1,16,2,1,2
2018320556626,2,9,0,17,0,0,0,0,0,0,1,1,6,2,40,7,1461,2,4,7,1,7
2018320556941,1,9,0,1,0,0,0,0,0,0,4,1,6,2,23,5,1242,1,12,3,2,3
2018320557019,1,9,0,18,0,0,0,0,0,0,1,1,6,3,-1,-1,-1,-1,-1,-1,-1,-1
2018320557019,2,1,0,18,0,0,0,0,0,0,4,1,2,1,38,7,-1,-1,-1,9,3,9
2018320557125,1,9,0,18,0,0,5,10,0,0,1,1,6,2,18,4,998,1,10,8,1,8
2018320557258,1,9,0,9,0,8,5,0,0,0,1,1,2,2,60,9,1390,1,13,9,2,9
2018320557258,2,9,0,18,0,8,5,0,0,0,1,1,6,1,29,6,1364,1,-1,-1,-1,-1
2018320557286,1,9,0,18,0,0,1,4,7,2,1,1,6,2,31,6,1422,2,10,6,3,6
2018320557286,2,9,0,2,0,0,0,0,0,0,3,1,6,2,55,8,1349,1,8,9,2,9
2018320557794,1,9,0,18,0,8,0,0,0,0,1,1,6,1,50,8,1995,2,3,7,3,7
2018320557794,2,9,0,9,0,8,0,0,0,0,4,1,6,2,34,6,1248,1,8,7,2,7
2018320559517,1,9,0,18,0,0,0,0,0,0,4,1,6,1,67,10,999,1,7,4,1,4
2018320559977,1,9,0,18,0,8,1,0,0,0,3,1,6,1,45,7,2997,1,4,10,1,10
2018320559977,2,9,0,18,0,1,1,0,1,0,3,1,2,1,45,7,1998,1,23,4,1,4
2018320560159,1,9,0,18,0,0,0,0,0,0,1,2,2,1,30,6,-1,-1,-1,7,1,7
2018320560224,1,9,0,18,0,0,0,0,0,0,1,1,6,2,50,8,1498,1,10,6,2,6
2018320560391,1,9,0,18,0,0,0,0,0,0,1,1,6,1,56,9,-1,-1,-1,-1,1,-1
2018320560391,2,9,0,18,0,0,0,0,0,0,1,1,6,1,42,7,-1,-1,-1,8,2,8
2018320560452,1,9,0,18,0,0,5,0,1,0,4,1,2,2,22,5,1598,1,15,4,2,4
2018320562070,1,9,0,18,0,0,0,0,0,0,1,1,6,1,69,10,1598,1,2,2,3,2
2018320562070,2,9,0,18,0,0,0,0,0,0,4,1,6,1,52,8,-1,-1,-1,8,1,8
2018320562171,1,9,0,9,0,8,0,0,0,0,1,1,2,2,30,6,1242,1,13,3,1,3
2018320562171,2,9,0,18,0,1,0,0,0,0,3,1,2,2,53,8,1598,1,3,-1,-1,-1
2018320562274,1,9,0,18,0,1,0,0,0,0,3,1,2,1,27,6,1951,2,14,7,3,7
2018320562274,2,9,0,18,0,1,0,0,0,0,3,1,2,2,31,6,1461,2,6,3,2,3
2018320562602,1,9,0,18,0,0,5,0,1,4,1,1,2,1,32,6,1910,2,10,2,1,2
2018320562730,1,9,0,9,0,1,0,0,0,0,1,1,6,1,88,11,1298,1,6,7,1,7
2018320562730,2,9,0,18,0,1,0,0,0,0,1,1,6,2,55,8,1995,1,11,6,1,6
2018320563218,1,9,0,17,0,2,0,0,1,9,3,1,6,2,23,5,1461,2,14,4,3,4
2018320563554,1,1,0,9,0,1,0,0,0,0,3,1,2,1,22,5,-1,-1,-1,3,3,3
2018320563554,2,9,0,18,0,1,0,0,7,11,1,1,6,1,18,4,1364,1,11,4,3,4
2018320563746,1,9,0,7,0,2,1,0,3,9,1,1,6,1,89,11,1999,1,12,3,3,3
2018320563746,2,9,0,18,0,1,1,0,1,9,1,1,6,1,66,10,1560,2,12,1,1,1
2018320563852,1,9,0,18,0,0,0,0,0,0,1,1,6,1,41,7,-1,-1,-1,3,1,3
2018320563852,2,9,0,2,0,0,0,0,0,0,2,1,6,2,40,7,1242,1,9,2,1,2
2018320564065,1,9,0,17,0,0,0,0,1,4,1,1,6,1,84,11,1994,2,11,3,3,3
2018320564113,1,9,0,7,0,8,0,0,0,0,1,1,3,2,37,7,999,1,1,9,2,9
2018320564113,2,9,0,18,0,2,0,0,7,9,1,1,6,2,54,8,1598,1,10,9,2,9
2018320564183,1,9,0,18,0,1,0,0,1,0,1,1,1,1,35,6,1997,2,3,4,1,4
2018320564183,2,9,0,18,0,1,0,0,0,0,2,1,2,2,24,5,-1,-1,-1,6,2,6
2018320564183,3,9,0,18,0,1,0,0,0,0,2,1,3,2,41,7,2982,2,3,6,3,6
2018320564183,4,8,0,3,0,1,0,0,0,0,2,1,1,1,42,7,1968,2,1,4,1,4
2018320564183,5,9,0,9,0,1,0,0,0,0,2,1,1,1,33,6,-1,-1,-1,4,2,4
2018320564183,6,9,0,18,0,1,0,0,0,0,3,1,2,1,49,8,-1,-1,-1,3,1,3
2018320564342,1,9,0,5,0,1,0,0,0,0,1,1,2,1,23,5,-1,-1,-1,3,1,3
2018320564342,2,2,0,18,0,1,1,0,0,0,1,1,2,2,28,6,49,1,14,6,3,6
2018320564384,1,9,0,12,0,0,0,0,0,0,1,1,6,1,87,11,1590,1,19,3,1,3
2018320564384,2,9,0,12,0,0,0,0,0,0,2,1,6,2,36,7,-1,-1,-1,7,1,7
2018320564384,3,9,0,12,0,0,0,0,0,0,2,1,6,1,38,7,2204,2,13,4,1,4
2018320564384,4,9,0,12,0,0,0,0,0,0,2,1,6,2,39,7,1598,1,13,3,1,3
2018320565337,1,9,0,9,0,1,0,0,0,0,4,1,6,1,33,6,1364,2,8,4,1,4
2018320565337,2,1,0,9,0,1,0,0,0,0,3,1,6,1,45,7,-1,-1,-1,6,1,6
2018320566198,1,5,0,18,0,0,5,0,7,0,1,1,6,1,28,6,599,1,18,7,2,7
2018320566198,2,19,0,18,0,0,0,0,0,0,2,1,6,1,23,5,1870,2,14,7,3,7
2018320566198,3,9,0,18,0,0,0,0,0,0,4,1,6,2,21,5,1896,2,7,7,3,7
2018320566228,1,9,0,18,0,0,0,0,2,0,1,1,6,1,24,5,1995,2,13,1,1,1
2018320566279,1,9,0,18,0,0,0,0,2,4,1,1,6,1,22,5,1390,1,12,6,1,6
2018320566317,1,9,0,7,0,0,2,0,0,0,1,1,6,1,-1,-1,-1,-1,-1,-1,-1,-1
2018320566432,1,9,0,16,0,0,2,10,7,2,1,1,6,1,23,5,1796,1,9,5,3,5
2018320567884,1,9,0,18,0,4,0,0,3,1,1,1,2,1,22,5,-1,-1,-1,9,2,9
2018320567955,1,9,0,18,0,0,1,0,2,4,4,1,2,2,25,5,1240,1,12,7,1,7
2018320567955,2,9,0,18,0,0,1,0,0,0,2,1,2,2,25,5,-1,-1,-1,4,2,4
2018320567955,3,9,0,18,0,0,1,0,0,0,1,1,1,1,31,6,1399,2,16,9,-1,9
2018320568918,1,8,0,8,0,8,0,0,0,0,1,1,1,2,21,5,-1,-1,-1,3,1,3
2018320568918,2,9,0,7,0,8,0,0,0,0,2,1,6,2,54,8,1396,1,6,9,3,9
2018320569061,1,9,0,18,0,2,0,0,0,0,2,1,6,2,31,6,1599,1,14,4,3,4
2018320569061,2,9,0,18,0,2,0,0,0,0,1,1,6,3,-1,-1,1910,2,11,-1,-1,-1
2018320569155,1,21,0,11,0,0,0,0,0,0,4,1,6,1,-1,-1,12809,2,5,10,2,10
2018320569155,2,19,0,18,0,0,0,0,0,0,3,1,6,1,72,10,1998,2,15,3,3,3
2018320569243,1,9,0,16,0,0,0,0,0,0,1,1,6,1,91,11,1992,2,13,4,3,4
2018320569243,2,9,0,17,0,0,0,0,1,0,1,1,6,1,22,5,1496,1,2,9,1,9
2018320570613,1,3,0,16,0,2,0,0,0,0,1,1,6,1,17,4,124,1,1,9,1,9
2018320570655,1,9,0,18,0,1,0,0,0,0,1,1,6,1,27,6,1753,2,14,1,1,1
2018320570655,2,9,0,18,0,1,0,0,0,0,1,1,6,1,71,10,1560,2,8,6,2,6
2018320570873,1,9,0,13,0,0,1,0,7,0,1,2,6,1,27,6,-1,-1,-1,9,1,9
2018320570873,2,9,0,18,0,0,1,0,1,9,1,1,6,1,46,8,1986,2,9,4,1,4
2018320570958,1,9,0,7,0,5,1,0,0,0,3,1,6,1,24,5,1587,1,10,5,3,5
2018320570958,2,9,0,4,0,1,0,0,0,0,1,1,6,2,38,7,1200,1,2,9,2,9
2018320571021,1,9,0,16,0,0,0,0,0,0,0,1,6,1,-1,-1,2143,2,2,-1,-1,-1
2018320571021,2,3,0,17,0,0,0,0,0,0,0,1,6,1,19,4,125,1,13,8,1,8
2018320571212,1,9,0,17,0,0,5,0,8,11,1,1,6,1,40,7,1753,2,11,7,1,7