Accident_Index,Vehicle_Reference,Vehicle_Type,Towing_and_Articulation,Vehicle_Manoeuvre,Vehicle_Location-Restricted_Lane,Junction_Location,Skidding_and_Overturning,Hit_Object_in_Carriageway,Vehicle_Leaving_Carriageway,Hit_Object_off_Carriageway,1st_Point_of_Impact,Was_Vehicle_Left_Hand_Drive?,Journey_Purpose_of_Driver,Sex_of_Driver,Age_of_Driver,Age_Band_of_Driver,Engine_Capacity_(CC),Propulsion_Code,Age_of_Vehicle,Driver_IMD_Decile,Driver_Home_Area_Type,Vehicle_IMD_Decile
2018320615110,1,9,0,9,0,1,0,0,0,0,3,1,6,1,81,11,1197,1,4,9,1,9
2018320615110,2,1,0,18,0,1,5,0,0,0,3,1,6,2,68,10,-1,-1,-1,9,1,9
2018320615423,1,9,0,18,0,0,0,4,0,0,1,1,6,1,71,10,1969,2,1,6,1,6
2018320615423,2,9,0,2,0,0,0,0,0,0,2,1,6,3,-1,-1,1197,1,6,-1,-1,-1
2018320616209,1,22,0,18,0,0,0,0,0,0,1,1,6,1,88,11,-1,-1,-1,10,2,10
2018320616209,2,9,0,18,0,0,0,0,0,0,1,1,6,1,40,7,1984,1,10,10,2,10
2018320616853,1,9,0,16,0,0,1,0,7,4,1,1,2,2,54,8,1598,1,10,6,3,6
2018320616932,1,9,0,18,0,0,0,0,0,0,1,1,1,2,23,5,1796,1,11,7,1,7
2018320616932,2,9,0,18,0,0,0,0,0,0,1,1,6,2,27,6,1124,1,13,4,2,4
2018320616932,3,9,0,18,0,0,0,0,0,0,2,1,6,2,54,8,1364,1,2,2,1,2
2018320616959,1,9,0,17,0,0,5,0,1,2,1,1,6,2,65,9,1499,1,-1,8,3,8
2018320618168,1,9,0,9,0,1,0,0,1,11,1,1,6,1,85,11,1248,1,9,7,3,7
2018320618168,2,9,0,18,0,1,0,0,2,11,1,1,2,1,51,8,1997,2,5,4,3,4
2018320618545,1,21,0,18,0,0,5,0,1,0,4,1,1,1,44,7,12419,2,-1,1,1,1
2018320618734,1,9,0,18,0,0,0,0,0,0,4,1,6,2,26,6,1686,2,7,2,1,2
2018320618983,1,9,0,18,0,0,0,0,0,0,1,1,2,2,51,8,1499,1,-1,9,2,9
2018320618983,2,9,0,18,0,0,0,0,0,0,1,1,6,2,31,6,1396,1,5,9,3,9
2018320618986,1,9,0,9,0,8,0,0,0,0,4,1,6,2,18,4,998,1,7,4,1,4
2018320618986,2,9,0,18,0,8,0,0,0,0,1,1,6,1,58,9,1910,2,10,8,3,8
2018320619099,1,9,0,18,0,1,1,0,0,0,1,1,6,1,28,6,998,1,19,5,1,5
2018320619099,2,9,0,9,0,5,0,0,0,0,2,1,6,1,25,5,1461,2,1,9,-1,9
2018320619192,1,19,0,18,0,0,0,0,0,0,4,1,2,1,40,7,1461,2,-1,6,3,6
2018320619308,1,9,0,16,0,0,1,0,0,0,1,1,6,1,34,6,1910,2,10,7,2,7
2018320619308,2,9,0,18,0,0,1,0,0,0,1,1,6,1,33,6,-1,-1,-1,5,3,5
2018320619308,3,9,0,18,0,0,0,0,0,0,1,1,1,1,33,6,-1,-1,-1,4,3,4
2018320619580,1,9,0,18,0,0,0,0,0,0,1,1,6,1,26,6,1200,1,-1,8,1,8
2018320619580,2,9,0,2,6,0,0,0,0,0,2,1,6,1,19,4,1560,2,6,4,3,4
2018320619732,1,9,0,16,9,6,0,0,1,11,1,1,6,1,-1,-1,1968,2,8,-1,-1,-1
2018320619735,1,9,0,5,0,8,0,0,0,0,3,1,6,1,35,6,1584,1,11,1,1,1
2018320619735,2,21,0,18,0,8,0,0,0,0,1,1,1,1,35,6,6370,2,7,2,1,2
2018320620123,1,9,0,9,0,8,0,0,0,0,3,1,6,2,21,5,1995,2,5,4,1,4
2018320620123,2,9,0,18,0,1,0,0,0,0,1,1,6,1,44,7,1198,1,8,7,3,7
2018320620369,1,9,0,7,0,8,0,0,1,2,1,1,6,1,78,11,1598,1,11,4,3,4
2018320620448,1,9,0,7,0,8,0,0,0,0,1,1,3,1,34,6,1399,2,10,1,1,1
2018320620448,2,9,0,18,0,1,0,0,0,0,1,1,3,1,39,7,1597,1,1,6,1,6
2018320620766,1,9,0,18,0,0,0,0,0,0,1,1,6,2,57,9,1229,1,5,5,3,5
2018320620766,2,9,0,18,0,0,0,0,0,0,3,1,6,2,33,6,2179,2,6,8,3,8
2018320620819,1,9,0,18,0,0,5,10,1,9,1,1,6,1,34,6,1999,2,1,9,1,9
2018320621037,1,9,0,18,0,0,0,0,0,0,1,1,6,1,53,8,2967,2,6,3,3,3
2018320621037,2,9,0,1,0,0,0,0,0,1,3,1,6,1,72,10,-1,-1,-1,4,3,4
2018320621204,1,9,0,18,0,0,0,0,7,4,1,1,6,2,20,4,1368,1,1,2,3,2
2018320621750,1,3,0,18,0,0,0,0,0,0,0,1,1,2,54,8,125,1,3,6,1,6
2018320621813,1,21,0,9,0,8,0,0,0,0,1,1,1,1,45,7,10677,2,-1,8,2,8
2018320621835,1,9,0,18,0,1,0,0,0,0,1,1,6,1,48,8,1389,1,14,4,3,4
2018320621835,2,9,0,9,0,8,0,0,0,0,1,1,6,1,62,9,1975,1,13,1,1,1
2018320621908,1,9,0,9,0,8,0,0,0,0,4,1,6,1,52,8,1598,1,4,8,3,8
2018320621908,2,19,0,18,0,8,1,0,0,0,1,1,6,1,29,6,1995,2,5,7,1,7
2018320621908,3,9,0,18,0,8,0,0,0,0,3,1,6,2,33,6,1598,2,4,7,1,7
2018320621997,1,9,0,18,0,0,1,0,0,0,1,1,2,1,26,6,2143,2,7,3,1,3
2018320622287,1,9,0,18,0,0,0,4,0,0,1,1,6,1,80,11,1991,2,9,8,2,8
2018320622287,2,9,0,2,0,0,0,0,1,3,2,1,6,2,30,6,1598,1,12,3,2,3
2018320622288,1,9,0,17,0,1,1,0,1,11,1,1,6,1,18,4,1596,1,8,6,1,6
2018320622985,1,9,0,18,0,0,0,0,7,0,1,1,6,2,31,6,1229,1,3,8,1,8
2018320623528,1,21,1,18,0,1,0,0,0,0,4,1,6,3,-1,-1,10677,2,2,-1,-1,-1
2018320623528,2,9,0,18,0,1,0,0,0,0,3,1,6,1,26,6,1997,2,16,3,1,3
2018320623631,1,9,0,18,0,8,0,0,0,0,1,1,6,1,28,6,1910,2,11,10,2,10
2018320623631,2,9,0,7,0,8,0,0,0,0,2,1,2,1,25,5,1150,1,11,1,1,1
2018320625577,1,9,0,18,0,1,0,0,0,0,4,1,6,1,26,6,1598,1,5,5,1,5
2018320625577,2,9,0,18,0,1,0,0,0,0,1,1,6,1,38,7,1399,2,15,1,1,1
2018320625734,1,9,0,18,0,0,0,0,7,9,1,1,6,2,35,6,2720,2,11,4,2,4
2018320626429,1,9,0,18,0,0,0,0,0,0,4,1,6,1,70,10,1560,2,3,9,2,9
2018320626429,2,16,0,18,0,0,0,0,0,0,0,1,6,2,46,8,-1,-1,-1,9,3,9
2018320626742,1,9,0,10,9,0,0,0,0,0,1,1,6,3,-1,-1,1398,1,2,-1,-1,-1
2018320627087,1,9,0,17,0,0,0,0,1,0,1,1,6,2,55,8,1198,1,10,4,3,4
2018320627261,1,9,0,1,0,1,0,0,0,0,2,1,6,2,40,7,1984,1,12,8,3,8
2018320627351,1,9,0,18,0,1,0,0,0,0,1,1,6,2,30,6,1332,1,13,10,1,10
2018320627351,2,9,0,17,0,2,0,0,0,0,1,1,2,1,55,8,1968,2,10,3,3,3
2018320627979,1,9,0,17,0,0,1,0,7,9,1,1,2,2,31,6,1796,1,10,4,3,4
2018320628646,1,9,0,4,0,0,0,0,0,0,4,1,1,1,32,6,1997,2,14,7,1,7
2018320628646,2,1,0,18,0,0,0,0,0,0,4,1,1,2,25,5,-1,-1,-1,3,1,3
2018320629114,1,9,0,18,0,0,5,4,0,0,1,1,6,1,65,9,1498,1,1,1,1,1
2018320629114,2,9,0,2,0,0,0,0,0,0,2,1,6,3,18,4,1598,2,2,-1,-1,-1
2018320629114,3,9,0,2,0,0,0,0,0,0,2,1,6,2,18,4,2143,2,1,-1,-1,-1
2018320629193,1,9,0,18,0,0,0,0,1,0,1,1,2,2,18,4,1229,1,4,9,2,9
2018320629698,1,9,0,18,0,0,0,0,0,0,1,1,2,1,-1,-1,2497,1,12,3,1,3
2018320630439,1,9,0,18,0,0,0,0,7,9,1,1,6,1,25,5,3200,1,14,1,1,1
2018320630761,1,9,0,18,0,1,0,0,0,0,2,1,6,1,22,5,1997,2,11,1,1,1
2018320630761,2,9,0,18,0,1,0,0,0,0,2,1,6,2,37,7,1499,2,2,9,1,9
2018320630761,3,9,0,18,0,1,0,0,0,0,1,1,6,1,26,6,1998,2,12,4,1,4
2018331800001,1,9,0,4,0,0,0,0,0,0,1,1,6,1,24,5,1896,2,12,1,1,1
2018331800001,2,9,0,3,0,0,0,0,0,0,2,1,6,1,58,9,1197,1,2,10,1,10
2018331800003,1,9,0,5,9,8,0,0,0,0,1,1,6,2,50,8,1991,2,9,7,1,7
2018331800004,1,9,0,14,0,0,0,0,0,0,1,1,6,1,38,7,1598,1,10,9,1,9
2018331800007,1,9,0,18,0,8,0,0,0,0,1,1,6,2,-1,-1,2143,2,4,10,1,10
2018331800007,2,1,0,18,0,4,0,0,0,0,1,1,6,1,57,9,-1,-1,-1,10,1,10
2018331800008,1,9,0,17,0,0,5,10,1,2,4,1,6,1,27,6,2148,2,13,5,1,5
2018331800009,1,9,0,9,0,6,0,0,0,0,3,1,6,2,58,9,1896,2,10,9,3,9
2018331800009,2,1,0,18,0,8,0,0,0,0,1,1,6,1,55,8,-1,-1,-1,8,3,8
2018331800010,1,9,0,18,0,4,0,9,3,2,1,1,6,1,19,4,1200,1,3,9,1,9
2018331800011,1,9,0,18,9,1,0,0,1,0,1,1,6,1,28,6,1390,1,9,7,1,7
2018331800011,2,19,0,2,9,1,0,0,0,0,2,1,6,1,-1,-1,2198,2,9,-1,-1,-1
2018331800012,1,19,0,9,0,5,0,0,0,0,1,1,2,1,59,9,1995,2,11,2,1,2
2018331800012,2,1,0,18,0,1,0,0,0,0,1,1,6,1,27,6,-1,-1,-1,8,1,8
2018331800013,1,9,0,17,0,0,5,10,7,0,1,1,6,1,50,8,-1,-1,-1,9,1,9
2018331800014,1,9,0,7,0,8,0,0,0,0,1,1,6,1,-1,-1,1364,1,3,-1,-1,-1
2018331800015,1,9,0,4,0,1,0,0,0,0,2,1,6,1,39,7,4367,2,7,6,1,6
2018331800015,2,9,0,18,0,1,0,0,0,0,1,1,6,1,28,6,1461,2,1,9,1,9
2018331800016,1,9,0,4,0,1,0,0,0,0,4,1,6,2,39,7,1896,2,15,4,1,4
2018331800016,2,1,0,4,0,1,0,0,0,0,1,1,6,1,29,6,-1,-1,-1,2,1,2
2018331800017,1,1,0,5,0,6,0,0,0,0,1,1,1,1,36,7,-1,-1,-1,4,1,4
2018331800017,2,9,0,9,0,5,0,0,0,0,1,1,6,1,30,6,-1,-1,-1,-1,-1,-1
2018331800018,1,9,0,18,0,2,0,0,0,0,4,1,6,1,25,5,1398,1,7,1,1,1
2018331800019,1,9,0,2,0,0,0,0,0,0,2,1,1,1,47,8,1968,2,11,-1,-1,-1
2018331800019,2,9,0,18,0,0,0,4,0,0,1,1,6,1,27,6,1798,1,14,-1,-1,-1
2018331800020,1,9,0,7,0,6,0,0,0,0,1,1,6,1,-1,-1,1329,1,8,-1,-1,-1
2018331800021,1,9,0,2,0,0,0,0,0,0,0,1,3,2,45,7,1956,2,8,1,1,1
2018331800021,2,9,0,18,0,0,0,0,0,0,4,1,6,2,28,6,-1,-1,-1,6,1,6
2018331800022,1,9,0,18,0,1,0,0,0,0,1,1,6,1,-1,-1,-1,-1,-1,-1,-1,-1
2018331800022,2,1,0,18,0,1,0,0,0,0,2,1,6,2,50,8,-1,-1,-1,1,1,1
2018331800023,1,2,0,4,0,0,1,4,0,0,1,1,6,1,16,4,49,1,1,9,1,9
2018331800023,2,9,0,18,0,0,0,0,0,0,0,1,6,3,-1,-1,-1,-1,-1,-1,-1,-1
2018331800023,3,9,0,2,0,0,0,0,0,0,4,1,6,1,-1,-1,998,1,2,9,1,9
2018331800024,1,9,0,17,0,0,1,0,8,11,1,1,1,1,45,7,1242,1,12,3,1,3
2018331800025,1,9,0,18,0,0,0,0,0,0,1,1,2,1,27,6,1798,1,5,6,1,6
2018331800025,2,9,0,18,0,0,0,0,0,0,1,1,6,1,45,7,1968,2,1,9,2,9
2018331800026,1,9,0,17,0,0,0,0,1,1,1,1,6,1,25,5,2457,1,10,10,2,10
2018331800027,1,9,0,3,0,8,0,0,0,0,2,1,6,1,29,6,1999,2,1,1,1,1
2018331800027,2,9,0,4,0,8,0,0,0,0,1,1,2,1,27,6,1360,1,14,4,1,4
2018331800027,3,9,0,18,0,8,0,0,1,0,1,1,6,2,37,7,1998,1,16,2,1,2
2018331800027,4,9,0,10,0,8,0,0,0,0,0,1,6,3,-1,-1,-1,-1,-1,-1,-1,-1
2018331800028,1,9,0,18,0,2,0,0,0,0,1,1,2,1,36,7,1896,2,13,3,1,3
2018331800029,1,21,1,18,0,8,3,9,3,10,1,1,1,1,64,9,12900,2,9,-1,-1,-1
2018331800029,2,9,0,18,0,8,0,11,0,0,4,1,6,2,52,8,998,1,1,9,1,9
2018331800029,3,9,0,18,0,8,0,11,0,0,4,1,6,1,33,6,973,1,15,6,1,6
2018331800030,1,9,0,4,0,0,0,0,0,0,2,1,6,2,58,9,1242,1,9,2,1,2
2018331800030,2,9,0,4,0,0,0,0,0,0,1,1,6,1,-1,-1,1587,1,14,-1,-1,-1
2018331800031,1,9,0,18,0,0,0,10,1,0,3,1,6,2,39,7,1200,1,3,7,1,7
2018331800031,2,9,0,18,0,0,0,0,0,0,3,1,6,2,30,6,1360,1,14,-1,-1,-1
2018331800032,1,9,0,18,9,0,0,0,1,0,1,1,6,3,-1,-1,-1,-1,-1,-1,-1,-1
2018331800033,1,9,0,18,0,8,0,7,0,0,1,1,6,3,-1,-1,1896,2,11,-1,-1,-1
2018331800035,1,9,0,3,0,1,0,0,0,0,2,1,6,2,58,9,1149,1,11,5,1,5
2018331800035,2,9,0,18,0,1,0,0,0,0,1,1,6,3,-1,-1,-1,-1,-1,-1,-1,-1
2018331800036,1,19,0,18,0,0,0,0,0,0,1,1,1,3,-1,-1,1998,2,13,-1,-1,-1
2018331800036,2,21,1,12,0,0,0,0,0,0,2,1,1,1,34,6,12419,2,3,3,1,3
2018331800037,1,9,0,18,0,0,0,0,0,0,1,1,6,1,-1,-1,1360,1,10,-1,-1,-1
2018331800037,2,1,0,18,0,0,0,0,0,0,1,1,1,2,-1,-1,-1,-1,-1,1,1,1
2018331800038,1,9,0,18,0,0,0,0,0,0,1,1,6,1,-1,-1,1995,2,5,-1,-1,-1
2018331800039,1,9,0,18,0,8,0,0,0,0,1,1,2,2,45,7,1339,1,4,10,2,10
2018331800039,2,9,0,9,0,6,0,0,0,0,3,1,6,1,73,10,1991,2,10,4,1,4
2018331800040,1,9,0,5,8,0,0,0,0,0,1,1,6,1,23,5,1493,2,11,-1,-1,-1
2018331800041,1,9,0,9,0,6,0,0,0,0,1,1,6,1,17,4,-1,-1,-1,-1,-1,-1
2018331800041,2,5,0,18,0,8,0,0,0,0,1,1,6,1,23,5,689,1,3,1,1,1
2018331800042,1,9,0,4,0,0,0,0,0,0,2,1,6,2,24,5,1397,1,6,2,1,2
2018331800042,2,9,0,4,0,0,0,0,0,0,2,1,6,1,40,7,1598,2,1,3,1,3
2018331800042,3,9,0,4,0,0,0,0,0,0,2,1,6,2,22,5,1995,2,3,3,1,3
2018331800042,4,9,0,4,0,0,0,0,0,0,1,1,6,1,48,8,1598,1,12,4,1,4
2018331800043,1,9,0,1,4,2,0,0,0,0,2,1,6,1,25,5,1398,1,4,7,1,7
2018331800043,2,1,0,18,4,1,0,0,0,0,1,1,6,1,22,5,-1,-1,-1,1,1,1
2018331800044,1,9,0,18,0,1,0,0,0,0,1,1,6,1,23,5,1368,1,12,5,1,5
2018331800044,2,9,0,18,0,1,0,0,0,0,1,1,6,1,53,8,1999,1,10,9,2,9
2018331800044,3,9,0,3,0,1,0,0,0,0,2,1,6,2,33,6,1995,2,5,-1,-1,-1
2018331800044,4,9,0,18,0,1,0,0,0,0,3,1,6,1,21,5,1999,1,-1,10,1,10
2018331800046,1,8,0,18,0,2,0,0,1,11,1,1,1,1,66,10,1364,2,3,6,1,6
2018331800047,1,9,0,4,0,0,0,0,0,0,2,1,6,2,51,8,1229,1,13,-1,-1,-1
2018331800047,2,9,0,4,0,0,0,0,0,0,2,1,6,1,42,7,1968,2,4,-1,-1,-1
2018331800047,3,9,0,4,0,0,0,0,0,0,1,1,6,1,23,5,1396,1,15,-1,-1,-1
2018331800048,1,19,0,2,0,0,0,0,1,0,2,1,1,1,28,6,-1,-1,-1,8,1,8
2018331800048,2,19,0,18,0,0,0,4,0,0,1,1,1,1,37,7,2198,2,2,1,1,1
2018331800049,1,11,0,18,0,8,0,0,0,0,1,1,1,1,55,8,3900,2,15,9,3,9
2018331800049,2,9,0,9,0,6,0,0,0,0,3,1,6,2,23,5,1461,2,4,8,3,8
2018331800050,1,19,0,1,9,8,0,0,0,0,2,1,2,1,-1,-1,-1,-1,-1,-1,-1,-1
2018331800051,1,9,0,10,0,8,0,0,0,0,2,1,2,1,27,6,998,1,14,3,1,3
2018331800051,2,9,0,18,0,8,0,0,0,0,1,1,6,3,-1,-1,-1,-1,-1,-1,-1,-1
2018331800052,1,9,0,18,0,8,0,0,0,0,1,1,6,2,47,8,1496,2,2,9,2,9
2018331800052,2,9,0,9,0,8,0,0,0,0,3,1,6,1,35,6,2967,2,4,5,1,5
2018331800053,1,9,0,9,0,5,0,0,0,0,1,1,6,1,54,8,1560,2,5,8,2,8
2018331800054,1,9,0,18,0,0,1,4,0,0,1,1,6,1,31,6,1910,2,14,8,1,8
2018331800054,2,9,0,2,0,0,0,4,0,0,4,1,6,1,54,8,1461,2,6,-1,-1,-1
2018331800054,3,9,0,2,0,0,0,0,0,0,1,1,6,2,46,8,1229,1,6,-1,-1,-1
2018331800055,1,9,0,16,0,0,0,0,7,4,1,1,6,1,36,7,1299,1,16,5,3,5
2018331800056,1,9,0,17,0,0,0,0,1,9,1,1,1,1,31,6,998,1,9,7,2,7
2018331800056,2,9,0,17,0,0,0,0,0,0,1,1,1,1,53,8,1968,2,3,9,2,9
2018331800056,3,9,0,16,0,0,0,0,0,0,1,1,1,2,26,6,1299,1,14,9,2,9
2018331800057,1,9,0,7,0,6,0,0,0,0,1,1,6,2,36,7,1956,2,5,4,1,4
2018331800057,2,9,0,18,0,8,2,0,1,3,4,1,6,1,60,9,1968,2,8,5,1,5
2018331800060,1,19,0,18,0,0,0,0,0,0,0,1,1,1,32,6,2148,2,11,8,2,8
2018331800060,2,19,0,18,0,0,0,0,0,0,1,1,1,1,52,8,2198,2,3,9,3,9
2018331800061,1,21,1,18,0,8,0,0,0,0,4,1,1,1,39,7,12809,2,3,8,1,8
2018331800061,2,9,0,18,0,4,0,0,1,7,1,1,6,1,37,7,1587,1,15,1,1,1
2018331800062,1,9,0,18,0,0,5,0,2,2,1,1,6,1,74,10,-1,-1,-1,6,1,6
2018331800063,1,9,0,13,0,0,1,10,1,4,3,1,2,2,54,8,1399,2,11,3,2,3
2018331800063,2,17,4,17,0,0,0,10,1,0,2,1,1,1,21,5,6788,2,3,8,2,8
2018331800063,3,9,0,13,0,0,0,0,0,0,4,1,6,3,-1,-1,-1,-1,-1,-1,-1,-1
2018331800064,1,9,0,18,0,0,0,0,0,0,1,1,6,2,41,7,1242,1,6,8,1,8
2018331800064,2,98,0,3,0,0,0,0,0,0,0,1,6,3,-1,-1,-1,-1,-1,-1,-1,-1
2018331800065,1,9,0,9,0,8,0,0,0,0,1,1,6,2,20,4,1798,8,3,5,1,5
2018331800066,1,3,0,18,0,8,0,0,0,0,4,1,2,1,28,6,124,1,4,1,1,1
2018331800066,2,9,0,5,0,6,0,0,0,0,1,1,3,1,45,7,1399,2,14,4,1,4
2018331800067,1,11,0,4,2,1,0,0,0,0,1,1,1,1,53,8,7698,2,2,6,1,6
2018331800067,2,9,0,11,2,1,0,0,0,0,2,1,6,2,41,7,1995,2,14,3,1,3
2018331800068,1,9,0,18,0,2,0,0,0,0,1,1,6,2,27,6,1595,1,14,2,1,2
2018331800069,1,9,0,18,0,1,0,0,0,0,1,1,6,3,-1,-1,-1,-1,-1,-1,-1,-1
2018331800070,1,9,0,4,0,1,0,0,0,0,1,1,6,1,20,4,1595,1,9,3,1,3
2018331800070,2,2,0,3,0,1,0,0,0,0,2,1,1,1,38,7,-1,-1,-1,3,1,3
2018331800071,1,9,0,5,0,6,0,0,0,0,1,1,6,1,67,10,1685,2,4,10,2,10
2018331800071,2,9,0,18,0,8,0,0,0,0,3,1,6,2,77,11,-1,-1,-1,-1,-1,-1
2018331800072,1,9,0,13,0,0,2,10,0,0,1,1,6,1,25,5,1781,1,16,2,1,2
2018331800072,2,9,0,4,0,0,0,0,1,0,3,1,2,2,19,4,1229,1,5,9,1,9
2018331800073,1,9,0,9,0,5,0,0,0,0,1,1,6,2,70,10,1560,2,9,10,1,10
2018331800074,1,9,0,16,0,8,0,0,0,0,1,1,1,2,30,6,1968,2,4,5,1,5
2018331800074,2,9,0,10,0,8,0,0,0,0,2,1,3,2,32,6,1200,1,2,9,-1,9
2018331800074,3,9,0,17,0,8,0,0,0,0,3,1,2,2,26,6,1390,1,3,9,3,9
2018331800075,1,9,0,13,0,1,5,0,7,9,1,1,6,3,-1,-1,1397,1,17,-1,-1,-1
2018331800075,2,9,0,18,0,2,1,0,0,0,1,1,1,1,37,7,999,1,2,7,1,7
2018331800075,3,9,0,18,0,1,1,0,0,0,1,1,1,1,50,8,1968,2,1,2,1,2
2018331800076,1,9,0,3,0,0,0,0,0,0,2,1,6,1,57,9,-1,-1,-1,6,3,6
2018331800076,2,9,0,4,0,0,0,0,0,0,1,1,6,1,25,5,1242,1,12,8,3,8
2018331800077,1,9,0,4,0,8,0,0,0,0,4,1,6,2,28,6,-1,-1,-1,2,-1,2
2018331800077,2,9,0,5,0,4,0,0,0,0,1,1,6,2,69,10,1999,1,9,5,1,5
2018331800078,1,9,0,9,0,8,0,0,0,0,2,1,6,1,71,10,1796,1,4,8,2,8
2018331800078,2,9,0,4,0,8,0,0,0,0,1,1,2,1,31,6,1560,2,4,6,1,6
2018331800079,1,9,0,7,0,6,0,0,0,0,1,1,2,1,62,9,1332,1,19,3,1,3
2018331800079,2,5,0,18,0,8,0,0,0,0,1,1,6,1,40,7,1670,1,13,-1,-1,-1
2018331800079,3,9,0,2,0,1,0,0,0,0,0,1,6,3,-1,-1,-1,-1,-1,-1,-1,-1
2018331800080,1,8,0,18,0,0,0,0,0,0,1,1,6,1,-1,-1,-1,-1,-1,-1,-1,-1
2018331800081,1,9,0,3,0,1,0,0,0,0,2,1,6,1,18,4,999,1,18,8,1,8
2018331800081,2,9,0,1,0,2,0,0,0,0,0,1,6,3,-1,-1,-1,-1,-1,-1,-1,-1
2018331800081,3,3,0,3,0,1,0,0,0,0,4,1,6,1,18,4,125,1,4,3,1,3
2018331800082,1,9,0,17,0,0,5,0,1,0,1,1,1,1,22,5,-1,-1,-1,8,2,8
2018331800083,1,9,0,13,0,0,1,0,7,0,1,1,6,1,68,10,-1,-1,-1,6,1,6
2018331800083,2,9,0,18,0,0,1,0,1,0,1,1,6,1,77,11,1200,1,1,10,2,10
2018331800083,3,98,0,18,0,0,0,0,0,0,0,1,6,3,-1,-1,-1,-1,-1,-1,-1,-1
2018331800084,1,9,0,5,0,4,0,0,0,0,1,1,3,2,30,6,2000,2,14,7,1,7
2018331800084,2,1,0,18,0,8,0,0,0,0,4,1,6,1,89,11,-1,-1,-1,8,1,8
2018331800085,1,9,0,2,0,0,0,0,0,0,2,1,6,1,36,7,-1,-1,-1,-1,-1,-1
2018331800085,2,9,0,18,0,0,0,0,0,0,1,1,6,3,-1,-1,-1,-1,-1,-1,-1,-1
2018331800086,1,9,0,1,9,0,0,0,0,0,2,1,6,2,39,7,1560,2,10,-1,-1,-1
2018331800087,1,9,0,18,0,8,0,0,0,0,3,1,6,1,24,5,1598,1,7,5,1,5
2018331800087,2,9,0,11,0,7,1,0,0,0,4,1,6,1,40,7,1248,2,13,3,1,3
2018331800088,1,21,0,13,0,0,0,0,0,0,4,1,6,1,-1,-1,-1,-1,-1,-1,-1,-1
2018331800088,2,1,0,18,0,0,0,0,0,0,3,1,6,1,28,6,-1,-1,-1,3,1,3
2018331800089,1,9,0,18,0,0,0,0,1,4,3,1,6,1,21,5,2993,2,1,1,1,1
2018331800090,1,9,0,18,0,1,0,0,0,0,2,1,6,2,56,9,1598,1,15,7,2,7
2018331800090,2,9,0,18,0,1,0,0,0,0,1,1,6,2,25,5,-1,-1,-1,-1,1,-1
2018331800091,1,19,0,18,0,0,0,0,0,0,1,1,1,1,20,4,1248,2,4,7,3,7
2018331800091,2,9,0,18,0,0,0,0,0,0,2,1,6,2,63,9,1399,2,12,6,1,6
2018331800092,1,9,0,9,0,8,0,7,0,0,1,1,6,1,70,10,999,1,2,4,1,4
2018331800093,1,9,0,18,0,0,0,0,0,0,1,1,2,1,30,6,1598,1,5,10,1,10
2018331800093,2,9,0,18,0,0,1,0,1,4,4,1,2,1,30,6,1999,1,13,9,2,9
2018331800094,1,9,0,18,0,8,0,0,0,0,2,1,6,2,23,5,1968,2,5,7,1,7
2018331800094,2,9,0,18,0,6,1,0,0,0,1,1,6,1,27,6,1686,2,6,-1,-1,-1
2018331800095,1,2,0,4,0,8,1,0,0,0,0,1,2,1,43,7,49,1,3,2,1,2
2018331800095,2,9,0,1,9,6,0,0,0,0,0,1,6,3,-1,-1,-1,-1,-1,-1,-1,-1
2018331800096,1,19,0,5,0,1,0,0,0,0,4,1,1,1,41,7,1499,2,1,4,1,4
2018331800096,2,1,0,5,0,1,0,0,1,0,3,1,1,1,26,6,-1,-1,-1,4,1,4
2018331800097,1,9,0,18,0,8,0,0,0,0,1,1,6,1,70,10,1560,2,3,4,1,4
2018331800097,2,9,0,9,0,5,0,0,0,0,4,1,6,1,-1,-1,1997,2,11,-1,-1,-1
2018331800098,1,9,0,18,0,0,0,0,0,0,1,1,6,2,20,4,1240,1,11,10,1,10
2018331800098,2,9,0,4,0,0,0,10,1,0,2,1,6,1,25,5,1598,1,10,-1,-1,-1
2018331800099,1,9,0,16,0,0,0,4,0,0,1,1,6,1,22,5,1329,1,6,3,1,3
2018331800099,2,9,0,2,9,0,0,0,0,0,1,1,6,3,-1,-1,1248,2,11,5,1,5
2018331800100,1,19,0,1,0,5,0,0,0,0,1,1,2,1,54,8,1968,2,9,-1,-1,-1
2018331800100,2,9,0,5,0,8,0,0,0,0,1,1,6,1,20,4,1398,2,10,-1,-1,-1
2018331800101,1,9,0,6,0,0,0,4,0,0,1,1,6,1,17,4,1242,1,8,4,1,4
2018331800101,2,3,0,18,0,0,0,4,0,0,1,1,6,1,29,6,125,1,1,6,1,6
2018331800101,3,19,0,2,0,0,0,0,0,0,2,1,6,3,-1,-1,1996,2,7,-1,-1,-1
2018331800102,1,8,0,4,0,0,0,0,0,0,0,1,1,1,43,7,1995,2,8,2,1,2
2018331800103,1,9,0,5,0,6,0,0,1,0,1,1,1,1,42,7,2488,2,8,7,3,7
2018331800103,2,9,0,18,0,8,0,0,1,1,1,1,1,1,47,8,2143,2,6,10,2,10
2018331800104,1,9,0,18,0,0,0,0,0,0,1,1,6,2,47,8,1598,1,8,-1,-1,-1