Accident_Index,Vehicle_Reference,Vehicle_Type,Towing_and_Articulation,Vehicle_Manoeuvre,Vehicle_Location-Restricted_Lane,Junction_Location,Skidding_and_Overturning,Hit_Object_in_Carriageway,Vehicle_Leaving_Carriageway,Hit_Object_off_Carriageway,1st_Point_of_Impact,Was_Vehicle_Left_Hand_Drive?,Journey_Purpose_of_Driver,Sex_of_Driver,Age_of_Driver,Age_Band_of_Driver,Engine_Capacity_(CC),Propulsion_Code,Age_of_Vehicle,Driver_IMD_Decile,Driver_Home_Area_Type,Vehicle_IMD_Decile
2018331800104,2,8,0,2,9,0,0,0,0,0,0,1,1,1,34,6,-1,-1,-1,1,1,1
2018331800105,1,9,0,4,0,3,0,10,0,0,1,1,6,1,38,7,2401,2,13,1,1,1
2018331800105,2,9,0,11,0,3,0,0,0,0,0,1,6,3,-1,-1,3311,8,11,-1,-1,-1
2018331800106,1,9,0,18,0,1,0,0,0,0,1,1,6,1,-1,-1,998,1,15,-1,-1,-1
2018331800106,2,9,0,3,0,1,0,0,0,0,2,1,6,2,35,6,1896,2,10,4,1,4
2018331800107,1,9,0,5,0,1,0,0,0,0,1,1,6,2,43,7,1248,1,4,10,1,10
2018331800108,1,9,0,18,0,2,0,4,0,0,1,1,3,1,72,10,1991,2,7,3,1,3
2018331800108,2,9,0,2,0,2,0,0,8,10,2,1,6,3,-1,-1,2498,2,23,-1,-1,-1
2018331800109,1,9,0,9,0,8,0,0,0,0,3,1,6,2,33,6,1968,2,7,7,1,7
2018331800109,2,5,0,13,0,8,0,0,0,0,4,1,6,1,64,9,955,1,18,7,1,7
2018331800109,3,9,0,18,0,1,0,0,0,0,0,1,6,3,-1,-1,-1,-1,-1,-1,-1,-1
2018331800110,1,9,0,18,0,8,0,0,1,0,3,1,6,1,30,6,-1,-1,-1,-1,-1,-1
2018331800110,2,1,0,18,0,8,0,0,0,0,3,1,6,1,15,3,-1,-1,-1,3,2,3
2018331800111,1,9,0,18,0,0,0,0,0,0,2,1,6,1,29,6,1968,2,2,-1,-1,-1
2018331800111,2,9,0,18,0,0,0,0,0,0,1,1,6,1,30,6,1332,1,20,-1,-1,-1
2018331800112,1,9,0,7,0,5,0,0,0,0,0,1,6,1,66,10,1200,1,3,9,1,9
2018331800112,2,9,0,4,0,1,0,0,0,0,2,1,6,2,46,8,-1,-1,-1,8,2,8
2018331800112,3,9,0,4,0,1,0,0,0,0,1,1,6,1,44,7,1799,1,10,5,1,5
2018331800114,1,19,0,13,0,0,0,0,0,0,1,1,6,1,44,7,2198,2,3,7,1,7
2018331800114,2,19,0,6,0,0,0,0,0,0,1,1,6,1,40,7,1997,2,1,-1,-1,-1
2018331800115,1,17,0,10,0,1,0,0,0,0,2,1,1,1,21,5,6788,2,1,9,3,9
2018331800115,2,9,0,18,0,1,0,0,0,0,1,1,6,1,31,6,1595,1,12,4,1,4
2018331800116,1,9,0,3,0,1,0,0,0,0,2,1,6,2,25,5,1149,1,10,6,1,6
2018331800116,2,19,0,18,0,1,0,0,0,0,1,1,6,1,30,6,1870,2,13,9,1,9
2018331800117,1,9,0,12,0,8,0,0,0,0,3,1,2,2,21,5,-1,-1,-1,2,1,2
2018331800117,2,3,0,18,0,8,0,0,0,0,4,1,2,1,23,5,124,1,3,10,1,10
2018331800118,1,9,0,3,0,2,0,0,0,0,2,1,2,1,38,7,1364,1,5,6,2,6
2018331800118,2,3,0,4,0,2,0,0,0,0,1,1,6,1,17,4,124,1,6,7,3,7
2018331800119,1,9,0,18,0,8,0,0,1,0,1,1,6,1,53,8,1987,1,2,7,1,7
2018331800119,2,9,0,18,0,8,0,0,0,0,1,1,6,1,20,4,1590,1,14,-1,-1,-1
2018331800120,1,1,0,18,0,1,0,0,0,0,2,1,6,2,72,10,-1,-1,-1,9,1,9
2018331800120,2,9,0,18,0,1,0,0,0,0,1,1,6,1,65,9,1399,1,2,-1,-1,-1
2018331800121,1,9,0,17,0,0,1,0,1,4,1,1,6,1,72,10,1596,1,9,7,3,7
2018331800121,2,9,0,13,0,0,0,0,0,0,1,1,6,1,32,6,1248,2,11,7,1,7
2018331800121,3,9,0,13,0,0,1,0,1,4,1,1,2,1,39,7,1995,2,3,6,1,6
2018331800122,1,19,0,18,0,2,0,0,0,0,1,1,6,1,47,8,2402,2,10,2,1,2
2018331800122,2,9,0,4,0,1,0,0,0,0,3,1,6,1,50,8,1995,2,5,6,3,6
2018331800122,3,9,0,2,0,1,0,0,0,0,3,1,6,1,45,7,1198,1,6,5,1,5
2018331800122,4,9,0,4,0,1,0,0,0,0,3,1,6,2,54,8,-1,-1,-1,2,1,2
2018331800124,1,9,0,18,0,8,0,0,0,0,3,1,6,2,38,7,1968,2,5,7,1,7
2018331800124,2,21,1,11,0,8,0,0,0,0,1,1,6,1,65,9,-1,-1,-1,-1,-1,-1
2018331800125,1,1,0,18,0,0,0,0,0,0,2,1,6,1,15,3,-1,-1,-1,1,1,1
2018331800125,2,9,0,18,0,0,0,0,0,0,1,1,6,1,35,6,-1,-1,-1,3,1,3
2018331800126,1,9,0,18,0,0,0,0,0,0,4,1,6,3,-1,-1,-1,-1,-1,-1,-1,-1
2018331800126,2,9,0,18,0,0,0,0,0,0,0,1,6,3,-1,-1,-1,-1,-1,-1,-1,-1
2018331800129,1,19,0,18,0,2,1,0,0,0,1,1,1,1,32,6,-1,-1,-1,1,1,1
2018331800129,2,9,0,18,0,2,0,0,0,0,2,1,1,2,47,8,2143,2,6,10,1,10
2018331800129,3,9,0,18,0,2,0,0,0,0,2,1,1,1,39,7,1598,1,5,7,1,7
2018331800129,4,9,0,18,0,2,0,0,0,0,2,1,1,1,44,7,1598,1,6,8,1,8
2018331800130,1,9,0,18,0,0,0,0,1,0,4,1,2,1,35,6,1149,1,14,9,1,9
2018331800130,2,19,0,18,0,0,0,0,0,0,0,1,6,3,-1,-1,-1,-1,-1,-1,-1,-1
2018331800131,1,9,0,18,0,8,1,0,0,0,1,1,6,2,19,4,998,1,14,10,3,10
2018331800131,2,9,0,10,0,8,0,0,0,0,2,1,6,1,55,8,-1,-1,-1,7,3,7
2018331800131,3,1,0,18,0,8,1,0,0,0,0,1,6,2,46,8,-1,-1,-1,9,1,9
2018331800132,1,9,0,17,0,0,0,0,0,0,1,1,1,2,19,4,998,1,8,10,1,10
2018331800132,2,9,0,16,0,0,0,0,0,0,1,1,1,2,54,8,1995,2,8,8,1,8
2018331800133,1,9,0,18,0,1,0,0,0,0,1,1,6,2,25,5,1389,1,14,-1,-1,-1
2018331800134,1,9,0,18,0,0,0,0,0,0,1,1,6,2,-1,-1,1461,2,9,6,1,6
2018331800134,2,9,0,18,0,0,0,0,0,0,2,1,6,2,27,6,1984,1,1,3,1,3
2018331800135,1,9,0,9,0,5,0,0,0,0,1,1,6,2,42,7,1461,2,1,8,1,8
2018331800135,2,9,0,18,0,8,0,0,0,0,3,1,6,2,25,5,1560,2,7,9,2,9
2018331800136,1,9,0,18,0,2,0,0,0,0,4,1,6,1,28,6,1968,2,5,1,1,1
2018331800136,2,1,0,18,0,2,0,0,0,0,1,1,6,1,39,7,-1,-1,-1,2,1,2
2018331800137,1,9,0,18,0,0,0,0,0,0,1,1,6,1,54,8,2143,2,1,8,1,8
2018331800137,2,1,0,18,0,0,0,0,0,0,1,1,6,1,36,7,-1,-1,-1,5,1,5
2018331800138,1,9,0,17,0,0,0,0,0,0,1,1,6,2,83,11,1596,1,10,-1,-1,-1
2018331800138,2,9,0,2,0,0,0,0,0,0,2,1,6,3,-1,-1,1753,2,9,-1,-1,-1
2018331800139,1,9,0,18,0,0,5,0,1,4,4,1,6,1,17,4,1796,1,19,-1,-1,-1
2018331800140,1,19,0,18,0,0,0,0,5,6,1,1,1,1,56,9,1995,2,10,10,2,10
2018331800141,1,9,0,18,0,0,0,0,0,0,1,1,6,1,23,5,1598,1,9,9,2,9
2018331800141,2,21,4,18,0,0,0,0,0,0,2,1,1,1,34,6,12900,2,6,-1,-1,-1
2018331800142,1,9,0,4,0,1,0,0,0,0,2,1,6,1,22,5,1390,1,12,7,1,7
2018331800142,2,19,0,11,0,1,0,0,0,0,4,1,6,1,55,8,2143,2,6,5,1,5
2018331800142,3,9,0,12,0,1,0,0,1,2,1,1,6,1,26,6,2979,1,11,3,1,3
2018331800143,1,9,0,18,0,8,0,0,0,0,1,1,6,2,25,5,1796,1,9,7,2,7
2018331800143,2,9,0,10,0,8,0,0,0,0,2,1,6,2,47,8,998,1,2,10,1,10
2018331800144,1,9,0,5,0,4,0,0,1,0,3,1,6,1,75,10,1296,1,12,3,1,3
2018331800144,2,9,0,18,0,8,0,0,0,0,1,1,6,2,-1,-1,1968,2,11,-1,-1,-1
2018331800145,1,9,0,9,0,8,0,0,0,0,1,1,6,1,96,11,1389,1,22,10,1,10
2018331800145,2,9,0,18,0,8,0,0,1,1,3,1,6,2,28,6,1596,1,9,3,1,3
2018331800146,1,9,0,16,0,0,0,0,7,7,1,1,6,3,-1,-1,-1,-1,-1,-1,-1,-1
2018331800146,2,9,0,17,0,0,0,0,1,7,1,1,6,1,57,9,1598,1,10,4,1,4
2018331800147,1,9,0,18,0,0,0,0,0,0,4,1,6,2,29,6,1229,1,8,2,1,2
2018331800147,2,9,0,12,0,0,0,0,0,0,3,1,6,3,-1,-1,-1,-1,-1,-1,-1,-1
2018331800148,1,9,0,18,0,2,0,0,0,0,1,1,2,2,73,10,1229,1,10,6,1,6
2018331800148,2,9,0,18,0,1,0,0,0,0,1,1,2,2,39,7,796,1,17,2,1,2
2018331800149,1,9,0,18,0,0,0,0,7,0,1,1,1,1,48,8,-1,-1,-1,10,1,10
2018331800149,2,9,0,18,0,0,0,0,0,0,1,1,1,1,31,6,2000,1,13,5,1,5
2018331800150,1,9,0,18,0,8,0,0,0,0,3,1,6,1,30,6,-1,-1,-1,3,1,3
2018331800150,2,1,0,9,0,8,0,0,0,0,2,1,6,1,30,6,-1,-1,-1,4,1,4
2018331800151,1,5,0,16,0,0,1,0,0,0,1,1,6,1,28,6,-1,-1,-1,-1,-1,-1
2018331800151,2,19,0,4,0,0,1,0,0,0,3,1,6,1,20,4,1598,2,2,9,3,9
2018331800151,3,9,0,17,0,0,0,0,0,0,1,1,6,2,56,9,998,1,3,10,2,10
2018331800152,1,9,0,18,0,0,0,0,1,2,1,1,6,1,24,5,1598,1,6,1,1,1
2018331800153,1,9,0,4,0,0,0,0,0,0,1,1,6,2,60,9,1332,1,21,7,2,7
2018331800153,2,9,0,4,0,0,0,0,0,0,2,1,6,1,33,6,1968,2,12,1,1,1
2018331800153,3,9,0,12,0,0,0,0,0,0,1,1,6,1,-1,-1,1598,1,14,-1,-1,-1
2018331800153,4,9,0,3,0,0,0,0,0,0,0,1,6,1,63,9,2316,1,31,8,1,8
2018331800154,1,9,0,7,0,6,0,0,0,0,1,1,6,3,-1,-1,-1,-1,-1,-1,-1,-1
2018331800154,2,9,0,9,0,5,0,0,0,0,1,1,6,2,17,4,1248,1,9,10,1,10
2018331800155,1,9,0,18,0,0,0,0,1,0,1,1,6,2,31,6,1229,1,11,1,1,1
2018331800155,2,21,1,18,0,0,0,0,0,0,1,1,1,1,53,8,10837,2,5,7,2,7
2018331800156,1,9,0,17,0,0,1,0,2,11,4,1,1,2,19,4,1124,1,17,5,3,5
2018331800157,1,9,0,9,0,2,0,0,0,0,4,1,6,1,28,6,1794,1,14,2,1,2
2018331800158,1,21,0,18,0,2,0,0,0,0,1,1,6,1,49,8,-1,2,14,8,1,8
2018331800159,1,9,0,3,0,1,0,0,0,0,2,1,6,2,20,4,998,1,13,3,1,3
2018331800159,2,9,0,3,0,1,0,0,0,0,2,1,6,1,55,8,1398,2,15,3,1,3
2018331800159,3,9,0,18,0,1,0,0,0,0,1,1,6,2,33,6,1242,1,5,8,3,8
2018331800160,1,9,0,9,2,5,0,0,0,0,4,1,6,1,19,4,1328,1,11,6,1,6
2018331800160,2,9,0,18,2,8,0,0,0,0,1,1,6,2,19,4,1598,1,12,5,1,5
2018331800161,1,9,0,4,0,0,5,0,0,0,1,1,2,2,46,8,1388,1,15,9,1,9
2018331800165,1,9,0,3,0,1,0,0,0,0,2,1,1,1,60,9,1598,1,14,5,1,5
2018331800165,2,9,0,18,0,1,0,0,0,0,1,1,6,2,30,6,1200,1,3,-1,-1,-1
2018331800166,1,9,0,10,0,8,0,0,0,0,2,1,6,2,50,8,1242,1,15,9,1,9
2018331800166,2,9,0,4,0,8,0,0,0,0,1,1,2,1,40,7,-1,-1,-1,5,3,5
2018331800167,1,9,0,18,0,0,0,0,1,3,1,1,6,1,25,5,1598,1,11,4,1,4
2018331800168,1,9,0,5,0,0,0,0,0,0,3,1,6,1,32,6,1461,2,1,7,1,7
2018331800168,2,9,0,2,0,0,0,0,0,0,1,1,6,1,57,9,1956,2,2,6,1,6
2018331800169,1,9,0,18,0,0,0,0,0,0,1,1,2,1,60,9,996,1,4,7,3,7
2018331800169,2,9,0,18,0,0,0,0,0,0,1,1,6,2,21,5,996,1,7,9,2,9
2018331800170,1,9,0,18,0,8,0,0,0,0,1,1,1,1,38,7,1299,1,15,8,3,8
2018331800170,2,9,0,5,0,6,0,0,1,1,3,1,6,1,90,11,1388,1,16,7,2,7
2018331800171,1,9,0,18,0,0,2,10,1,10,1,1,2,2,24,5,1395,1,2,10,1,10
2018331800172,1,3,0,3,0,8,0,0,0,0,2,1,1,1,38,7,125,1,1,1,-1,1
2018331800172,2,9,0,5,0,8,0,0,0,0,1,1,6,1,-1,-1,-1,-1,-1,-1,-1,-1
2018331800173,1,9,0,18,0,2,0,0,7,2,1,1,6,1,48,8,999,1,2,-1,-1,-1
2018331800174,1,9,0,18,0,8,1,0,0,0,1,1,2,2,44,7,1360,1,12,7,1,7
2018331800174,2,9,0,9,0,8,1,0,0,0,1,1,2,1,23,5,-1,-1,-1,3,1,3
2018331800175,1,9,0,18,0,8,0,0,0,0,1,1,6,1,65,9,1248,1,5,1,1,1
2018331800175,2,17,0,9,0,6,0,0,0,0,1,1,1,1,25,5,-1,2,10,8,3,8
2018331800176,1,9,0,14,0,0,0,0,0,0,1,1,6,1,26,6,-1,-1,-1,-1,-1,-1
2018331800176,2,11,0,3,0,0,0,0,0,0,0,1,1,3,-1,-1,-1,-1,-1,-1,-1,-1
2018331800177,1,9,0,16,0,5,0,10,0,0,4,1,1,1,40,7,1797,8,9,1,1,1
2018331800178,1,9,0,9,0,6,1,0,0,0,3,1,6,2,61,9,1198,1,6,7,1,7
2018331800178,2,9,0,18,0,8,1,0,0,0,4,1,6,1,44,7,1968,2,12,8,1,8
2018331800179,1,9,0,3,0,1,0,0,0,0,2,1,2,1,25,5,1368,1,1,10,1,10
2018331800179,2,9,0,18,0,1,0,0,0,0,0,1,1,3,-1,-1,-1,-1,-1,-1,-1,-1
2018331800180,1,9,0,18,0,4,0,0,0,0,3,1,6,1,52,8,1461,2,2,10,2,10
2018331800180,2,1,0,18,0,8,0,0,0,0,1,1,6,1,50,8,-1,-1,-1,9,1,9
2018331800181,1,9,0,10,0,8,0,0,0,0,2,1,6,2,40,7,998,1,18,-1,-1,-1
2018331800181,2,9,0,18,0,8,1,0,0,0,1,1,6,2,35,6,1598,2,3,5,1,5
2018331800182,1,9,0,4,0,8,0,0,3,10,1,1,6,1,22,5,1248,2,9,5,1,5
2018331800183,1,97,0,18,0,2,0,0,0,0,1,1,6,1,-1,-1,-1,-1,-1,-1,-1,-1
2018331800184,1,9,0,9,0,5,0,0,0,0,1,1,2,1,30,6,1395,1,1,8,1,8
2018331800184,2,9,0,18,0,8,0,0,0,0,3,1,6,1,28,6,1598,2,5,-1,-1,-1
2018331800185,1,5,0,18,0,2,0,0,0,0,1,1,6,2,30,6,1700,1,6,5,1,5
2018331800186,1,9,0,16,0,0,1,0,1,0,3,1,1,1,45,7,1398,1,12,4,1,4
2018331800187,1,9,0,16,0,0,0,0,2,4,1,1,6,1,29,6,1598,1,15,1,1,1
2018331800188,1,9,0,9,0,6,0,0,0,0,1,1,1,2,60,9,1242,1,5,7,1,7
2018331800188,2,9,0,18,0,8,0,0,0,0,4,1,1,2,21,5,1242,1,9,8,3,8
2018331800189,1,9,0,18,0,1,0,0,0,0,1,1,1,2,34,6,1398,1,1,4,1,4
2018331800190,1,9,0,18,0,0,0,0,0,0,1,1,6,1,26,6,-1,-1,-1,10,2,10
2018331800190,2,21,0,18,0,0,0,0,0,0,2,1,1,1,36,7,10837,2,1,1,1,1
2018331800191,1,9,0,13,0,0,0,0,0,0,1,1,2,2,36,7,1986,2,12,9,2,9
2018331800191,2,9,0,16,0,0,0,0,0,0,2,1,2,2,58,9,1700,2,19,-1,-1,-1
2018331800191,3,1,0,17,0,0,0,0,0,0,3,1,6,1,33,6,-1,-1,-1,8,1,8
2018331800192,1,19,0,18,0,0,0,0,0,0,1,1,6,3,-1,-1,-1,-1,-1,-1,-1,-1
2018331800192,2,9,0,18,0,0,0,0,0,0,0,1,6,3,-1,-1,-1,-1,-1,-1,-1,-1
2018331800193,1,9,0,16,0,0,0,0,0,0,1,1,6,2,27,6,998,1,2,3,1,3
2018331800193,2,9,0,17,0,0,0,0,0,0,1,1,6,2,75,10,1198,1,7,8,1,8
2018331800194,1,1,0,18,0,8,0,0,0,0,2,1,1,1,39,7,-1,-1,-1,7,1,7
2018331800194,2,9,0,5,0,4,0,0,0,0,1,1,1,1,42,7,1560,2,5,5,1,5
2018331800195,1,9,0,18,0,8,0,7,1,1,0,1,6,1,27,6,1850,1,16,6,1,6
2018331800195,2,9,0,9,0,5,0,7,0,0,1,1,6,1,22,5,1229,1,4,4,1,4
2018331800196,1,9,0,10,0,8,0,0,0,0,2,1,1,1,33,6,2969,2,12,2,1,2
2018331800196,2,9,0,18,0,8,0,0,0,0,1,1,6,1,35,6,1997,2,11,-1,-1,-1
2018331800197,1,9,0,18,0,6,0,0,0,0,3,1,6,1,78,11,1560,2,3,8,1,8
2018331800197,2,9,0,18,0,8,0,0,0,0,1,1,6,1,39,7,1950,2,2,-1,-1,-1
2018331800198,1,9,0,18,0,1,0,0,0,0,1,1,6,1,-1,-1,1598,1,7,-1,-1,-1
2018331800200,1,9,0,18,0,8,0,0,0,0,4,1,6,1,26,6,1388,1,15,1,1,1
2018331800200,2,9,0,18,0,8,0,0,0,0,1,1,6,1,27,6,-1,-1,-1,4,1,4
2018331800201,1,8,0,18,0,1,0,0,0,0,1,1,1,1,40,7,1560,2,5,-1,-1,-1
2018331800203,1,9,0,18,0,0,1,0,0,0,1,1,6,1,69,10,2143,2,3,9,1,9
2018331800203,2,9,0,18,0,0,1,0,7,6,2,1,6,1,36,7,1368,1,2,6,1,6
2018331800204,1,9,0,4,0,8,0,0,0,0,2,1,6,2,53,8,1242,1,10,6,3,6
2018331800204,2,9,0,18,0,8,0,0,0,0,1,1,6,1,59,9,2926,2,15,1,1,1
2018331800204,3,9,0,18,0,8,0,0,0,0,1,1,6,1,47,8,1997,1,11,5,1,5
2018331800205,1,9,0,5,0,1,0,0,0,0,1,1,2,1,38,7,-1,-1,-1,2,1,2
2018331800206,1,9,0,9,0,5,0,0,0,0,4,1,2,2,40,7,1248,1,9,9,2,9
2018331800206,2,9,0,18,0,8,0,0,0,0,1,1,2,1,77,11,1587,1,13,7,1,7
2018331800206,3,9,0,18,0,1,0,0,0,0,0,1,6,3,-1,-1,-1,-1,-1,-1,-1,-1
2018331800207,1,9,0,3,0,1,0,0,0,0,2,1,6,1,21,5,-1,-1,-1,6,1,6
2018331800207,2,9,0,4,0,1,0,0,0,0,1,1,6,2,70,10,2231,2,10,8,1,8
2018331800208,1,9,0,18,0,8,0,0,0,0,4,1,6,3,-1,-1,-1,-1,-1,-1,-1,-1
2018331800208,2,1,0,7,0,5,0,0,0,0,2,1,6,1,38,7,-1,-1,-1,9,1,9
2018331800209,1,9,0,18,0,8,0,0,0,0,2,1,6,2,72,10,1598,1,9,2,1,2
2018331800209,2,9,0,18,0,8,0,0,0,0,1,1,6,1,41,7,-1,-1,-1,-1,-1,-1
2018331800210,1,19,0,5,9,0,0,0,0,0,2,1,6,3,-1,-1,2198,2,3,-1,-1,-1
2018331800211,1,9,0,3,0,1,0,0,0,0,2,1,6,2,37,7,2198,1,13,1,1,1
2018331800211,2,9,0,18,0,1,0,0,0,0,1,1,6,1,50,8,2477,2,12,1,1,1
2018331800212,1,9,0,18,0,0,0,0,0,0,1,1,6,1,18,4,998,1,4,10,2,10
2018331800212,2,9,0,11,0,0,0,0,0,0,2,1,6,1,40,7,1598,1,12,-1,-1,-1
2018331800213,1,9,0,18,0,0,0,0,0,0,1,1,6,1,32,6,1781,1,16,7,2,7
2018331800213,2,9,0,18,0,0,0,0,0,0,1,1,6,2,30,6,1299,1,18,4,1,4
2018331800214,1,9,0,9,0,5,0,0,0,0,1,1,6,1,30,6,1299,1,16,5,1,5
2018331800215,1,9,0,18,0,0,0,11,0,0,1,1,1,2,34,6,1388,1,12,7,2,7
2018331800215,2,9,0,18,0,0,0,11,0,0,1,1,1,1,40,7,1390,1,15,6,3,6
2018331800215,3,9,0,18,0,0,0,11,0,0,1,1,1,2,26,6,998,1,12,6,3,6
2018331800216,1,9,0,5,0,0,0,0,0,0,1,1,6,2,25,5,1364,2,12,2,1,2
2018331800216,2,9,0,18,0,0,0,0,0,0,4,1,6,2,42,7,-1,-1,-1,1,1,1
2018331800216,3,9,0,2,0,0,0,0,0,0,1,1,6,1,75,10,1968,2,8,4,1,4
2018331800217,1,9,0,18,0,0,0,0,0,0,4,1,6,2,22,5,1997,1,14,-1,-1,-1
2018331800217,2,8,0,2,0,0,0,0,0,0,3,1,6,2,40,7,1997,2,8,4,1,4
2018331800218,1,19,0,12,0,8,0,0,0,0,0,1,6,3,-1,-1,-1,-1,-1,-1,-1,-1
2018331800218,2,9,0,13,0,8,1,0,1,11,1,1,6,1,19,4,-1,-1,-1,4,1,4
2018331800218,3,9,0,18,0,8,0,0,0,0,3,1,6,1,45,7,-1,-1,-1,6,1,6
2018331800219,1,9,0,18,0,0,0,0,0,0,3,1,1,2,30,6,-1,-1,-1,6,1,6
2018331800219,2,21,0,13,0,0,0,0,0,0,4,1,6,3,-1,-1,-1,-1,-1,-1,-1,-1
2018331800220,1,9,0,18,0,0,0,0,0,0,1,1,6,3,-1,-1,-1,-1,-1,-1,-1,-1
2018331800221,1,9,0,9,0,5,0,0,0,0,1,1,6,1,50,8,1798,8,3,-1,-1,-1
2018331800222,1,9,0,3,0,0,0,0,0,0,2,1,1,1,38,7,1339,1,8,2,1,2
2018331800222,2,9,0,18,0,0,0,0,0,0,1,1,6,1,-1,-1,1389,1,14,-1,-1,-1
2018331800223,1,9,0,3,0,0,0,0,0,0,2,1,6,1,34,6,1796,1,9,2,1,2
2018331800223,2,9,0,4,0,0,0,0,0,0,1,1,6,1,35,6,1968,2,11,1,1,1
2018331800224,1,9,0,18,0,6,0,0,0,0,1,1,6,1,20,4,1198,1,8,3,1,3
2018331800224,2,9,0,18,0,8,0,0,0,0,4,1,6,1,24,5,1341,1,14,10,2,10
2018331800225,1,9,0,18,0,8,0,0,0,0,1,1,6,1,35,6,-1,-1,-1,-1,-1,-1
2018331800225,2,9,0,9,0,8,0,0,0,0,1,1,2,2,23,5,-1,-1,-1,5,2,5
2018331800226,1,9,0,4,0,1,0,0,7,0,3,1,1,1,17,4,1390,1,19,8,2,8
2018331800226,2,9,0,3,0,1,0,0,0,0,1,1,1,1,28,6,2295,1,18,10,1,10
2018331800227,1,21,0,4,0,4,0,0,0,0,2,1,1,1,64,9,12740,2,2,-1,-1,-1
2018331800227,2,9,0,4,0,4,0,0,0,0,1,1,2,2,48,8,1149,1,14,7,1,7
2018331800228,1,9,0,18,0,0,5,0,1,11,1,1,1,2,50,8,1197,1,3,7,2,7
2018331800229,1,9,0,4,0,0,0,0,0,0,0,1,6,1,47,8,1332,1,19,1,1,1
2018331800229,2,9,0,18,0,0,0,0,0,0,1,1,6,1,30,6,1968,1,11,8,1,8
2018331800229,3,9,0,18,0,0,0,0,1,4,1,1,6,2,26,6,1242,1,6,1,1,1
2018331800229,4,19,0,3,0,0,0,0,0,0,0,1,6,3,-1,-1,-1,-1,-1,-1,-1,-1
2018331800230,1,9,0,9,0,6,0,0,0,0,1,1,6,1,68,10,1596,1,11,8,1,8
2018331800230,2,9,0,18,0,8,0,0,1,2,4,1,6,2,38,7,2497,1,12,-1,-1,-1
2018331800231,1,9,0,18,0,1,0,0,0,0,1,1,6,1,80,11,998,1,5,3,1,3
2018331800231,2,9,0,3,0,1,0,0,0,0,2,1,6,2,30,6,1560,2,11,1,1,1
2018331800232,1,9,0,5,0,8,0,0,0,0,1,1,6,1,45,7,-1,-1,-1,7,3,7
2018331800232,2,8,0,18,0,8,0,0,0,0,3,1,6,1,70,10,1364,1,1,9,1,9
2018331800233,1,9,0,18,0,8,0,0,0,0,1,1,6,1,26,6,1590,1,15,4,1,4
2018331800233,2,9,0,18,0,4,0,0,0,0,1,1,6,1,36,7,1796,1,12,2,1,2
2018331800234,1,9,0,9,0,6,0,0,0,0,1,1,6,1,28,6,2521,1,10,1,1,1
2018331800234,2,9,0,18,0,8,0,0,0,0,1,1,4,1,58,9,1896,2,14,-1,-1,-1
2018331800235,1,9,0,17,0,0,0,0,1,0,1,1,1,2,41,7,1984,2,6,7,3,7
2018331800235,2,9,0,16,0,0,0,0,1,7,1,1,1,2,37,7,1399,1,1,7,-1,7
2018331800236,1,9,0,7,0,6,0,0,0,0,1,1,6,3,-1,-1,1598,1,9,5,1,5
2018331800236,2,9,0,18,0,8,0,0,0,0,1,1,6,2,51,8,1339,1,11,4,1,4
2018331800237,1,9,0,9,0,5,0,0,0,0,1,1,6,2,36,7,-1,-1,-1,9,2,9
2018331800237,2,9,0,18,0,8,0,0,0,0,1,1,6,1,26,6,1339,1,14,-1,-1,-1
2018331800238,1,9,0,18,0,0,0,0,7,10,1,1,6,2,90,11,1061,1,14,9,1,9
2018331800239,1,9,0,9,0,6,0,0,0,0,3,1,2,2,54,8,1995,2,1,4,1,4
2018331800239,2,9,0,18,0,8,0,0,0,0,1,1,2,1,32,6,1995,2,9,3,1,3
2018331800240,1,21,1,18,0,0,0,0,0,0,2,1,1,1,29,6,12777,2,10,-1,-1,-1
2018331800240,2,19,0,18,0,0,0,0,0,0,2,1,1,1,31,6,1560,2,4,1,1,1
2018331800240,3,21,1,18,0,0,0,0,0,0,1,1,1,1,29,6,12780,2,12,9,1,9
2018331800240,4,9,0,2,0,0,0,0,0,0,0,1,6,1,-1,-1,1198,1,14,-1,-1,-1
2018331800241,1,9,0,18,0,0,2,10,0,0,3,1,6,2,18,4,1242,1,3,10,1,10
2018331800241,2,9,0,18,0,0,0,0,0,0,3,1,1,2,40,7,1086,1,10,-1,-1,-1
2018331800242,1,9,0,2,0,0,0,0,1,7,2,1,6,2,28,6,1198,1,6,10,-1,10
2018331800242,2,19,0,18,0,0,0,0,0,0,1,1,6,1,37,7,2198,2,5,9,1,9
2018331800243,1,9,0,18,0,8,0,0,0,0,4,1,6,2,50,8,1956,2,7,6,1,6
2018331800243,2,9,0,5,0,6,0,0,0,0,1,1,6,2,52,8,1598,1,9,-1,-1,-1
2018331800244,1,9,0,18,2,8,0,0,0,0,4,1,6,1,18,4,-1,-1,-1,2,1,2
2018331800244,2,9,0,3,0,1,0,0,0,0,4,1,2,1,51,8,1685,2,1,9,3,9
2018331800244,3,9,0,5,2,6,0,0,0,0,3,1,6,1,41,7,1598,1,15,4,1,4
2018331800244,4,9,0,3,0,1,0,0,0,0,4,1,6,1,41,7,1794,1,12,4,1,4