Accident_Index,Vehicle_Reference,Vehicle_Type,Towing_and_Articulation,Vehicle_Manoeuvre,Vehicle_Location-Restricted_Lane,Junction_Location,Skidding_and_Overturning,Hit_Object_in_Carriageway,Vehicle_Leaving_Carriageway,Hit_Object_off_Carriageway,1st_Point_of_Impact,Was_Vehicle_Left_Hand_Drive?,Journey_Purpose_of_Driver,Sex_of_Driver,Age_of_Driver,Age_Band_of_Driver,Engine_Capacity_(CC),Propulsion_Code,Age_of_Vehicle,Driver_IMD_Decile,Driver_Home_Area_Type,Vehicle_IMD_Decile
2018331800396,2,1,0,10,0,8,0,0,0,0,1,1,6,1,23,5,-1,-1,-1,9,3,9
2018331800397,1,17,4,7,0,5,0,0,0,0,0,1,1,1,45,7,6788,2,1,-1,-1,-1
2018331800397,2,5,0,13,0,8,0,0,7,0,0,1,6,1,52,8,1801,1,2,7,3,7
2018331800397,3,17,0,18,0,1,0,0,0,0,0,1,1,3,-1,-1,-1,-1,-1,-1,-1,-1
2018331800398,1,9,0,7,0,6,0,0,0,0,3,1,6,1,30,6,2967,2,1,7,2,7
2018331800398,2,4,0,13,0,8,0,0,0,0,1,1,6,1,46,8,1585,1,6,9,2,9
2018331800399,1,9,0,18,0,1,2,10,7,11,1,1,6,1,40,7,1870,2,14,4,1,4
2018331800399,2,9,0,18,0,8,0,0,0,0,1,1,6,1,29,6,1560,2,4,8,-1,8
2018331800400,1,9,0,18,0,8,0,0,0,0,1,1,6,2,52,8,1296,1,18,9,2,9
2018331800400,2,9,0,4,0,8,0,0,0,0,2,1,3,1,52,8,2497,1,14,10,2,10
2018331800401,1,9,0,16,0,1,0,0,0,0,1,1,2,2,42,7,1398,2,7,-1,-1,-1
2018331800401,2,9,0,17,0,2,0,0,1,0,1,1,2,2,35,6,1360,1,17,-1,-1,-1
2018331800402,1,5,0,13,0,0,0,0,0,0,1,1,6,1,27,6,675,1,10,5,1,5
2018331800402,2,9,0,18,0,0,0,0,0,0,1,1,1,2,-1,-1,1685,2,1,-1,-1,-1
2018331800403,1,9,0,2,0,0,0,0,0,0,3,1,6,2,40,7,-1,-1,-1,-1,-1,-1
2018331800403,2,1,0,13,0,0,0,0,0,0,1,1,6,1,55,8,-1,-1,-1,1,1,1
2018331800404,1,9,0,18,0,8,0,0,0,0,1,1,6,2,44,7,1000,1,4,7,1,7
2018331800404,2,9,0,9,0,6,0,0,0,0,1,1,6,1,59,9,1997,1,-1,-1,-1,-1
2018331800405,1,9,0,9,0,3,0,0,0,0,1,1,6,1,60,9,1397,1,16,9,1,9
2018331800406,1,9,0,18,0,8,0,10,7,1,1,1,6,1,38,7,1598,1,13,4,1,4
2018331800406,2,9,0,9,0,6,0,0,0,0,1,1,2,1,50,8,2400,2,8,8,3,8
2018331800407,1,9,0,3,0,0,0,0,0,0,2,1,6,1,63,9,1591,1,5,1,1,1
2018331800407,2,9,0,5,0,0,0,0,0,0,1,1,6,1,30,6,1597,1,16,-1,-1,-1
2018331800408,1,9,0,18,0,1,1,0,7,2,3,1,6,1,24,5,2495,1,17,-1,-1,-1
2018331800409,1,9,0,18,0,1,0,0,0,0,3,1,3,1,51,8,1991,2,10,1,1,1
2018331800409,2,1,0,18,0,2,0,0,0,0,1,1,2,1,27,6,-1,-1,-1,1,1,1
2018331800410,1,9,0,7,0,5,0,0,0,0,1,1,6,3,72,10,1596,1,15,2,1,2
2018331800411,1,9,0,18,0,8,0,0,0,0,1,1,6,2,28,6,1396,1,14,4,1,4
2018331800411,2,9,0,9,0,5,0,0,0,0,4,1,6,1,44,7,1498,1,11,1,1,1
2018331800413,1,9,0,18,0,0,0,0,0,0,1,1,6,1,20,4,1596,1,3,8,1,8
2018331800413,2,1,0,18,0,0,0,0,0,0,3,1,6,1,11,3,-1,-1,-1,7,1,7
2018331800414,1,9,0,18,0,0,2,0,7,11,3,1,6,2,26,6,1149,1,12,4,1,4
2018331800414,2,21,1,18,0,0,0,0,0,0,3,1,1,1,38,7,11967,2,5,5,2,5
2018331800415,1,9,0,18,0,0,1,0,0,0,1,1,1,2,55,8,1229,1,14,-1,-1,-1
2018331800415,2,1,0,18,0,0,0,0,0,0,3,1,4,1,13,3,-1,-1,-1,-1,-1,-1
2018331800416,1,9,0,18,0,3,0,0,0,0,1,1,6,1,35,6,1797,8,7,5,1,5
2018331800417,1,9,0,5,0,6,0,0,0,0,1,1,6,2,-1,-1,1997,2,1,7,1,7
2018331800417,2,1,0,18,0,8,0,0,0,0,2,1,6,1,43,7,-1,-1,-1,10,2,10
2018331800418,1,19,0,18,0,0,0,0,0,0,1,1,6,1,-1,-1,-1,-1,-1,-1,-1,-1
2018331800418,2,9,0,3,0,0,0,0,0,0,2,1,6,2,18,4,1499,2,3,4,1,4
2018331800419,1,9,0,18,0,4,0,0,0,0,4,1,6,3,-1,-1,1685,2,1,-1,-1,-1
2018331800419,2,9,0,18,0,4,0,0,0,0,3,1,6,2,36,7,1753,2,13,4,1,4
2018331800420,1,9,0,9,0,5,2,0,1,9,3,1,6,2,20,4,1229,1,13,3,1,3
2018331800420,2,9,0,3,0,1,0,0,0,0,3,1,6,2,58,9,1699,1,7,-1,-1,-1
2018331800421,1,9,0,18,0,6,0,0,0,0,1,1,3,1,36,7,1248,2,4,1,1,1
2018331800421,2,9,0,18,0,8,0,0,0,0,3,1,2,1,60,9,-1,-1,-1,6,3,6
2018331800422,1,9,0,18,0,8,0,0,0,0,3,1,6,3,-1,-1,-1,-1,-1,-1,-1,-1
2018331800422,2,1,0,9,0,5,0,0,0,0,2,1,6,1,40,7,-1,-1,-1,7,1,7
2018331800423,1,9,0,9,0,5,0,0,0,0,1,1,6,1,40,7,-1,-1,-1,9,1,9
2018331800423,2,1,0,17,0,8,0,0,0,0,1,1,6,1,30,6,-1,-1,-1,10,1,10
2018331800424,1,9,0,18,0,0,5,0,1,9,1,1,6,1,37,7,1388,1,14,3,1,3
2018331800425,1,1,0,18,0,8,1,0,0,0,1,1,6,2,49,8,-1,-1,-1,3,1,3
2018331800425,2,9,0,5,0,6,0,0,0,0,3,1,6,2,-1,-1,1299,1,14,3,1,3
2018331800426,1,9,0,3,0,1,0,0,0,0,2,1,6,2,44,7,1995,2,3,10,1,10
2018331800426,2,20,0,18,0,1,0,0,0,0,1,1,6,1,-1,-1,10677,2,1,-1,-1,-1
2018331800427,1,9,0,18,0,0,0,0,0,0,4,1,6,3,-1,-1,-1,-1,-1,-1,-1,-1
2018331800427,2,1,0,18,0,0,0,0,0,0,2,1,4,1,14,3,-1,-1,-1,3,1,3
2018331800428,1,9,0,18,0,0,0,0,0,0,1,1,1,1,35,6,1997,2,7,-1,-1,-1
2018331800428,2,1,0,18,0,0,0,0,0,0,2,1,6,1,15,3,-1,-1,-1,7,1,7
2018331800429,1,20,0,18,0,0,0,0,0,0,1,1,6,1,-1,-1,2143,2,7,-1,-1,-1
2018331800429,2,9,0,2,0,0,0,0,0,0,2,1,6,1,44,7,1910,2,13,7,1,7
2018331800430,1,9,0,5,0,8,0,0,0,0,1,1,6,2,74,10,-1,-1,-1,9,2,9
2018331800430,2,4,0,18,0,8,1,10,7,0,4,1,6,1,24,5,1298,1,12,6,3,6
2018331800431,1,9,0,18,0,0,0,0,4,6,1,1,2,1,38,7,1390,1,3,3,1,3
2018331800432,1,9,0,13,0,8,0,0,0,0,4,1,6,2,20,4,998,1,3,8,3,8
2018331800432,2,9,0,9,0,5,0,0,0,0,3,1,6,2,35,6,1397,1,9,1,1,1
2018331800433,1,9,0,4,0,1,0,0,0,0,1,1,6,1,-1,-1,1968,2,9,-1,-1,-1
2018331800433,2,9,0,4,0,1,0,0,0,0,2,1,6,1,27,6,1595,1,-1,7,1,7
2018331800434,1,9,0,7,0,5,0,0,0,0,1,1,6,2,-1,-1,1995,2,2,-1,-1,-1
2018331800435,1,9,0,15,0,1,0,0,0,0,1,1,6,3,-1,-1,1395,1,3,-1,-1,-1
2018331800435,2,9,0,3,0,1,0,0,0,0,2,1,6,2,53,8,4172,1,14,-1,-1,-1
2018331800436,1,9,0,18,0,0,0,0,0,0,3,1,6,1,18,4,1968,2,11,9,3,9
2018331800436,2,9,0,18,0,0,0,0,0,0,4,1,6,2,-1,-1,-1,-1,-1,-1,-1,-1
2018331800437,1,9,0,7,0,6,0,0,0,0,4,1,6,3,-1,-1,1461,2,12,-1,-1,-1
2018331800437,2,1,0,18,0,8,1,0,0,0,1,1,6,1,49,8,-1,-1,-1,6,1,6
2018331800438,1,1,0,18,0,6,0,0,0,0,1,1,6,1,15,3,-1,-1,-1,4,1,4
2018331800438,2,9,0,18,0,1,0,0,0,0,1,1,6,1,25,5,2148,2,14,-1,-1,-1
2018331800439,1,9,0,11,0,3,0,0,0,0,4,1,6,3,28,6,1364,1,7,5,1,5
2018331800439,2,1,0,18,0,8,0,0,0,0,3,1,6,1,62,9,-1,-1,-1,-1,-1,-1
2018331800440,1,90,0,18,0,8,0,0,0,0,4,1,1,2,28,6,2287,2,-1,-1,-1,-1
2018331800440,2,9,0,5,0,6,0,0,0,0,1,1,6,1,41,7,1956,2,3,-1,-1,-1
2018331800441,1,9,0,18,0,8,0,0,0,0,1,1,1,2,50,8,1198,1,7,8,1,8
2018331800441,2,9,0,18,0,8,0,0,0,0,1,1,1,1,25,5,1896,2,14,8,3,8
2018331800442,1,9,0,18,0,0,0,0,1,4,4,1,6,2,56,9,1598,1,6,7,3,7
2018331800443,1,1,0,4,0,1,0,0,0,0,1,1,1,1,56,9,-1,-1,-1,9,1,9
2018331800443,2,9,0,5,0,5,0,0,0,0,1,1,6,2,22,5,1398,1,8,1,1,1
2018331800444,1,9,0,9,0,5,0,0,0,0,1,1,6,2,32,6,1339,1,16,2,1,2
2018331800444,2,9,0,18,0,8,0,0,0,0,1,1,6,1,46,8,1995,2,10,9,1,9
2018331800444,3,9,0,8,0,1,0,0,0,0,1,1,6,2,36,7,1499,1,1,7,3,7
2018331800445,1,9,0,18,0,1,0,0,0,0,4,1,6,1,20,4,1364,1,9,-1,-1,-1
2018331800445,2,9,0,18,0,2,0,0,0,0,1,1,6,3,55,8,1587,1,16,10,1,10
2018331800445,3,9,0,2,0,1,0,0,0,0,1,1,1,2,36,7,1598,2,2,-1,-1,-1
2018331800446,1,1,0,14,0,0,0,0,0,0,4,1,6,2,56,9,-1,-1,-1,10,1,10
2018331800446,2,9,0,3,0,0,0,0,0,0,3,1,6,1,30,6,-1,-1,-1,-1,-1,-1
2018331800447,1,9,0,18,0,8,0,0,0,0,1,1,2,2,48,8,2179,2,6,4,1,4
2018331800447,2,9,0,9,0,6,0,0,0,0,1,1,6,2,-1,-1,1242,1,11,-1,-1,-1
2018331800448,1,5,0,18,0,8,0,0,0,0,1,1,6,1,55,8,998,1,13,3,1,3
2018331800448,2,19,0,9,0,5,0,0,0,0,4,1,6,1,40,7,1995,2,1,5,2,5
2018331800449,1,9,0,18,0,8,0,0,0,0,4,1,6,1,-1,-1,3189,1,14,7,1,7
2018331800449,2,9,0,9,0,6,0,0,0,0,1,1,6,1,45,7,1197,1,7,7,1,7
2018331800450,1,9,0,18,0,0,0,0,0,0,1,1,6,1,23,5,1995,2,8,8,2,8
2018331800451,1,9,0,18,0,0,0,0,0,0,1,1,1,1,46,8,1956,2,2,3,1,3
2018331800451,2,9,0,18,0,0,1,0,7,0,3,1,6,3,27,6,-1,-1,-1,8,3,8
2018331800452,1,11,0,5,0,8,0,0,0,0,4,1,1,1,56,9,6700,2,2,6,1,6
2018331800452,2,1,0,18,0,6,0,0,0,0,1,1,6,1,87,11,-1,-1,-1,8,1,8
2018331800453,1,19,0,9,0,6,0,0,0,0,1,1,1,1,32,6,2198,2,3,-1,-1,-1
2018331800453,2,2,0,14,0,8,0,0,0,0,1,1,1,1,18,4,125,1,3,-1,-1,-1
2018331800454,1,19,0,9,0,6,1,0,7,10,0,1,6,1,46,8,1995,2,1,-1,-1,-1
2018331800455,1,9,0,7,0,5,0,0,3,3,1,1,6,2,50,8,1390,1,6,9,2,9
2018331800455,2,9,0,18,0,8,0,0,7,3,1,1,6,2,65,9,1493,2,14,10,3,10
2018331800456,1,9,0,18,0,4,0,0,0,0,3,1,1,2,36,7,1597,1,10,2,1,2
2018331800456,2,19,0,9,0,8,0,0,0,0,1,1,1,1,49,8,1598,2,1,6,2,6
2018331800457,1,9,0,18,0,0,0,0,7,1,1,1,1,2,38,7,1598,1,2,3,1,3
2018331800457,2,9,0,3,0,0,0,0,0,0,2,1,6,1,18,4,-1,-1,-1,6,2,6
2018331800457,3,9,0,3,0,0,0,0,0,0,2,1,1,1,35,6,2179,2,3,-1,-1,-1
2018331800458,1,9,0,18,0,8,0,0,0,0,1,1,1,1,56,9,4164,2,18,-1,-1,-1
2018331800458,2,8,0,9,0,6,1,0,6,1,3,1,1,1,36,7,1997,2,6,10,1,10
2018331800459,1,19,0,1,9,8,0,0,0,0,2,1,1,1,40,7,1870,2,14,1,1,1
2018331800460,1,19,0,18,0,8,0,0,0,0,1,1,1,1,40,7,-1,-1,-1,6,1,6
2018331800460,2,9,0,9,0,6,0,0,0,0,1,1,1,1,40,7,1686,2,5,2,1,2
2018331800461,1,9,0,18,0,8,0,0,0,0,1,1,6,1,62,9,1199,1,19,1,1,1
2018331800461,2,9,0,9,0,6,0,0,0,0,1,1,3,3,46,8,1364,2,13,5,1,5
2018331800462,1,9,0,9,0,6,0,0,0,0,3,1,1,1,55,8,1968,2,3,-1,-1,-1
2018331800462,2,5,0,18,0,8,0,0,0,0,1,1,6,2,49,8,900,1,2,10,1,10
2018331800463,1,9,0,5,0,6,0,0,1,4,3,1,6,2,47,8,1995,2,13,6,3,6
2018331800463,2,9,0,18,0,8,0,0,7,4,1,1,6,2,43,7,1968,2,4,9,1,9
2018331800464,1,9,0,4,0,1,0,0,0,0,2,1,6,1,52,8,2993,2,2,6,1,6
2018331800464,2,11,0,4,0,1,0,0,0,0,1,1,1,1,45,7,7300,2,13,5,2,5
2018331800465,1,11,0,18,0,1,0,0,0,0,4,1,1,1,40,7,-1,-1,-1,-1,-1,-1
2018331800466,1,9,0,9,4,5,0,0,0,0,4,1,6,2,35,6,-1,-1,-1,9,1,9
2018331800466,2,1,0,18,4,8,1,0,0,0,1,1,2,2,47,8,-1,-1,-1,10,2,10
2018331800467,1,9,5,18,0,0,2,0,7,9,3,1,6,1,45,7,-1,-1,-1,5,2,5
2018331800468,1,9,0,17,0,0,2,0,1,1,1,1,6,1,46,8,-1,-1,-1,8,1,8
2018331800469,1,9,0,18,0,8,0,7,0,0,1,1,6,2,25,5,1595,2,9,1,1,1
2018331800469,2,9,0,9,0,5,0,7,0,0,1,1,6,1,30,6,1598,1,11,-1,-1,-1
2018331800470,1,9,0,17,0,0,1,0,1,0,1,1,6,2,54,8,1339,1,8,-1,-1,-1
2018331800470,2,9,0,18,0,0,0,0,0,0,1,1,6,1,23,5,1995,2,2,-1,-1,-1
2018331800471,1,5,0,14,0,8,0,0,0,0,1,1,6,1,46,8,883,1,10,8,2,8
2018331800471,2,9,0,9,0,6,0,0,0,0,1,1,6,1,38,7,1560,2,3,7,1,7
2018331800472,1,19,0,4,0,2,0,0,0,0,3,1,1,1,33,6,1968,2,1,9,1,9
2018331800472,2,1,0,18,0,2,0,0,0,0,1,1,6,1,71,10,-1,-1,-1,3,1,3
2018331800473,1,9,0,18,0,0,0,0,0,0,1,1,6,1,35,6,-1,-1,-1,-1,-1,-1
2018331800474,1,9,0,18,0,0,0,0,0,0,1,1,2,1,28,6,2993,2,11,1,1,1
2018331800475,1,9,0,5,0,4,0,0,0,0,1,1,6,1,34,6,1781,1,15,1,1,1
2018331800476,1,9,0,18,0,8,0,0,0,0,1,1,6,1,26,6,1995,2,5,4,1,4
2018331800476,2,9,0,18,0,8,1,0,1,4,2,1,6,1,18,4,1560,2,1,5,1,5
2018331800477,1,9,0,5,0,6,0,0,0,0,3,1,3,3,45,7,1968,2,13,-1,-1,-1
2018331800477,2,9,0,18,0,8,0,0,0,0,4,1,6,2,45,7,1296,1,11,1,1,1
2018331800478,1,9,0,4,0,4,0,0,0,0,1,1,1,1,-1,-1,-1,-1,-1,-1,-1,-1
2018331800478,2,9,0,5,0,4,0,0,0,0,2,1,6,1,57,9,1395,1,1,3,3,3
2018331800480,1,8,0,18,0,8,0,0,0,0,4,1,1,1,42,7,-1,-1,-1,1,1,1
2018331800480,2,8,0,18,0,8,0,0,0,0,0,1,1,1,41,7,1798,8,2,3,1,3
2018331800481,1,9,0,18,0,1,0,0,0,0,1,1,6,3,-1,-1,-1,-1,-1,-1,-1,-1
2018331800482,1,19,0,2,4,0,0,0,0,0,2,1,1,2,48,8,1560,2,3,9,1,9
2018331800482,2,1,0,18,4,0,0,4,0,0,1,1,6,1,61,9,-1,-1,-1,2,1,2
2018331800483,1,9,0,14,0,2,0,0,0,0,4,1,2,2,24,5,1461,2,1,3,1,3
2018331800484,1,9,0,18,0,6,0,0,3,2,1,1,6,1,37,7,1461,2,12,1,1,1
2018331800485,1,9,0,18,0,1,0,0,0,0,1,1,6,1,-1,-1,-1,-1,-1,-1,-1,-1
2018331800486,1,9,0,18,0,0,0,0,0,0,1,1,1,2,33,6,999,1,17,5,1,5
2018331800486,2,1,0,18,0,0,0,0,0,0,1,1,4,1,13,3,-1,-1,-1,7,1,7
2018331800487,1,9,0,18,0,1,0,0,0,0,1,1,2,1,40,7,1995,2,11,1,1,1
2018331800488,1,9,0,3,0,1,0,0,0,0,2,1,6,1,53,8,898,1,2,3,1,3
2018331800488,2,9,0,18,0,1,0,0,0,0,1,1,6,1,26,6,1595,1,9,2,1,2
2018331800489,1,9,0,13,0,8,0,0,7,10,1,1,1,1,33,6,-1,-1,-1,-1,-1,-1
2018331800489,2,9,0,9,0,5,0,0,7,10,3,1,6,2,66,10,1248,1,4,4,1,4
2018331800490,1,9,0,13,0,0,1,0,1,4,3,1,6,2,26,6,1598,1,16,10,1,10
2018331800491,1,11,0,4,0,0,0,0,0,0,4,1,6,1,25,5,6700,2,1,1,1,1
2018331800492,1,19,0,9,0,5,0,0,0,0,1,1,6,1,32,6,1998,2,13,2,1,2
2018331800492,2,3,0,18,0,8,0,0,0,0,3,1,2,1,19,4,125,1,14,6,3,6
2018331800493,1,9,0,1,0,6,0,0,0,0,1,1,6,1,82,11,-1,-1,-1,7,1,7
2018331800494,1,3,0,18,0,8,0,10,0,0,4,1,6,2,59,9,102,1,1,4,1,4
2018331800495,1,9,0,9,0,6,5,0,1,0,3,1,1,2,23,5,1461,2,-1,5,1,5
2018331800495,2,19,0,18,0,8,1,0,0,0,1,1,1,1,64,9,2198,2,8,6,2,6
2018331800496,1,9,0,9,0,5,0,0,0,0,3,1,1,1,58,9,1998,2,11,9,2,9
2018331800496,2,9,0,18,0,8,0,0,0,0,1,1,6,1,40,7,1968,2,4,7,2,7
2018331800497,1,9,0,9,0,5,0,0,7,0,2,1,2,2,37,7,1596,1,7,8,2,8
2018331800497,2,21,1,18,0,8,0,0,0,0,1,1,1,1,62,9,12742,2,-1,-1,-1,-1
2018331800498,1,1,0,18,0,0,0,0,0,0,1,1,6,1,24,5,-1,-1,-1,1,1,1
2018331800498,2,9,0,18,0,0,0,0,0,0,1,1,6,3,-1,-1,-1,-1,-1,-1,-1,-1
2018331800499,1,9,0,3,0,1,0,0,0,0,2,1,6,1,24,5,1600,1,14,5,1,5
2018331800499,2,9,0,18,0,1,0,0,0,0,1,1,6,3,-1,-1,1596,1,14,-1,-1,-1
2018331800500,1,9,0,18,0,0,0,0,0,0,1,1,6,3,-1,-1,1968,2,11,-1,-1,-1
2018331800500,2,9,0,5,0,0,0,0,2,11,2,1,6,1,85,11,1596,1,13,-1,-1,-1
2018331800501,1,9,0,18,0,1,0,0,0,0,1,1,6,2,43,7,1598,1,11,3,1,3
2018331800501,2,9,0,3,0,1,0,0,0,0,2,1,6,1,40,7,1968,2,11,5,1,5
2018331800501,3,9,0,3,0,1,0,0,0,0,2,1,1,1,50,8,1798,8,4,5,1,5
2018331800502,1,21,0,13,0,0,0,0,0,0,4,1,1,1,69,10,12740,2,5,6,1,6
2018331800502,2,1,0,18,0,0,0,0,0,0,3,1,6,1,33,6,-1,-1,-1,2,1,2
2018331800505,1,9,0,18,0,0,0,0,0,0,4,2,6,2,29,6,2204,2,12,4,1,4
2018331800505,2,1,0,18,0,0,0,0,0,0,1,1,6,1,16,4,-1,-1,-1,3,1,3
2018331800507,1,5,0,15,0,0,0,0,1,1,1,1,6,1,30,6,599,1,21,1,1,1
2018331800507,2,9,0,11,0,0,0,0,0,0,4,1,6,1,23,5,1398,1,2,10,1,10
2018331800508,1,9,0,9,0,8,0,0,0,0,1,1,1,1,67,10,-1,-1,-1,10,1,10
2018331800508,2,1,0,18,0,8,0,0,0,0,1,1,6,1,57,9,-1,-1,-1,6,3,6
2018331800509,1,9,0,9,0,2,0,0,0,0,1,1,6,1,64,9,998,1,9,6,1,6
2018331800510,1,9,0,18,0,0,0,0,7,0,1,1,6,1,36,7,-1,-1,-1,2,1,2
2018331800510,2,9,0,18,0,0,0,0,0,0,1,1,6,1,76,11,998,1,3,7,1,7
2018331800511,1,19,0,18,0,0,1,0,0,0,1,1,6,1,57,9,2198,2,2,4,1,4
2018331800511,2,9,0,4,0,0,0,0,0,0,2,1,1,2,32,6,1560,2,4,4,1,4
2018331800511,3,9,0,4,0,0,0,0,0,0,2,1,1,1,49,8,-1,-1,-1,8,1,8
2018331800511,4,9,0,4,0,0,0,0,0,0,2,1,6,1,61,9,1997,2,10,4,1,4
2018331800512,1,9,0,1,0,0,0,0,0,0,1,1,6,1,22,5,1242,1,2,6,1,6
2018331800512,2,1,0,18,0,0,0,0,0,0,1,1,6,1,13,3,-1,-1,-1,6,1,6
2018331800513,1,9,0,18,0,0,0,0,0,0,1,1,6,1,26,6,-1,-1,-1,8,1,8
2018331800514,1,1,0,18,0,0,0,0,0,0,1,1,6,1,12,3,-1,-1,-1,-1,-1,-1
2018331800514,2,9,0,18,0,0,0,0,0,0,1,1,2,2,27,6,1395,1,1,4,1,4
2018331800515,1,9,0,9,0,5,0,0,0,0,4,1,6,1,24,5,1242,1,15,-1,-1,-1
2018331800515,2,9,0,18,0,8,0,0,0,0,1,1,6,1,42,7,1968,2,3,3,1,3
2018331800515,3,9,0,18,0,8,0,0,0,0,1,1,6,2,26,6,1994,1,18,6,1,6
2018331800516,1,9,0,13,0,0,0,0,0,0,0,1,6,3,-1,-1,-1,-1,-1,-1,-1,-1
2018331800516,2,9,0,16,0,0,0,0,0,0,1,1,6,1,24,5,1988,1,15,-1,-1,-1
2018331800516,3,9,0,16,0,0,0,0,0,0,2,1,6,1,70,10,1596,1,9,4,1,4
2018331800517,1,9,0,9,0,6,0,0,0,0,3,1,2,1,53,8,1995,2,14,7,1,7
2018331800517,2,4,0,18,0,8,0,0,0,0,1,1,6,1,33,6,450,1,14,8,1,8
2018331800518,1,9,0,18,0,0,0,0,0,0,4,1,6,1,20,4,-1,-1,-1,-1,-1,-1
2018331800518,2,9,0,2,0,0,0,0,0,0,3,1,6,3,-1,-1,-1,-1,-1,-1,-1,-1
2018331800518,3,9,0,2,0,0,0,0,0,0,3,1,6,3,-1,-1,1596,1,2,-1,-1,-1
2018331800519,1,9,0,13,0,0,0,0,0,0,1,1,1,1,52,8,1995,2,1,9,3,9
2018331800519,2,1,0,18,0,0,0,0,0,0,1,1,6,1,17,4,-1,-1,-1,8,1,8
2018331800520,1,9,0,18,0,8,0,0,0,0,1,1,6,2,19,4,1149,1,10,3,1,3
2018331800520,2,9,0,9,0,6,0,0,0,0,1,1,6,2,18,4,1229,1,11,7,1,7
2018331800521,1,9,0,18,0,4,0,0,0,0,1,1,6,2,18,4,1360,1,12,9,1,9
2018331800521,2,9,0,9,0,4,0,0,2,11,3,1,6,1,40,7,1968,2,4,9,1,9
2018331800522,1,9,0,4,0,0,0,0,0,0,1,1,6,1,36,7,1598,2,7,-1,-1,-1
2018331800523,1,9,0,3,0,0,0,0,0,0,2,1,2,2,56,9,1498,1,10,5,1,5
2018331800523,2,9,0,18,0,0,0,0,0,0,1,1,6,1,26,6,1956,2,3,9,1,9
2018331800524,1,9,0,4,0,1,0,0,0,0,3,1,6,1,64,9,1798,8,1,3,1,3
2018331800524,2,9,0,5,0,2,0,0,0,0,3,1,1,1,48,8,1560,2,5,1,1,1
2018331800524,3,1,0,13,0,1,0,0,0,0,3,1,6,1,48,8,-1,-1,-1,3,1,3
2018331800525,1,9,0,1,0,0,0,0,0,0,2,1,6,1,35,6,-1,-1,-1,-1,-1,-1
2018331800526,1,9,0,9,0,5,0,0,1,11,1,1,6,2,35,6,1900,2,13,1,1,1
2018331800527,1,9,0,16,0,0,2,0,7,4,3,1,6,2,55,8,1798,1,11,1,1,1
2018331800529,1,9,0,7,0,6,0,0,0,0,3,1,6,1,22,5,1388,1,14,7,1,7
2018331800529,2,9,0,10,0,1,0,0,0,0,4,1,6,2,24,5,998,1,2,1,1,1
2018331800530,1,9,0,18,0,0,0,0,0,0,1,1,6,3,-1,-1,1197,1,2,-1,-1,-1
2018331800531,1,1,0,18,0,8,0,0,0,0,2,1,6,1,45,7,-1,-1,-1,-1,-1,-1
2018331800531,2,1,0,18,0,8,0,0,0,0,1,1,6,1,35,6,-1,-1,-1,10,2,10
2018331800532,1,19,0,18,0,0,0,0,0,0,1,1,2,1,30,6,1686,2,14,6,1,6
2018331800533,1,9,0,1,0,6,0,0,0,0,2,1,2,2,60,9,1896,2,10,10,2,10
2018331800533,2,1,0,17,0,8,0,0,0,0,1,1,2,1,17,4,-1,-1,-1,7,2,7
2018331800534,1,11,0,4,0,1,0,0,0,0,0,1,1,1,64,9,6700,2,10,3,1,3
2018331800534,2,9,0,9,0,5,0,0,0,0,0,1,6,1,-1,-1,-1,-1,-1,-1,-1,-1
2018331800535,1,9,0,18,0,6,0,0,0,0,1,1,6,1,86,11,1995,1,5,-1,-1,-1
2018331800535,2,9,0,18,0,8,0,0,0,0,4,1,6,1,55,8,-1,-1,-1,-1,-1,-1
2018331800537,1,9,0,18,0,8,0,0,0,0,1,1,6,2,27,6,1769,1,18,1,1,1
2018331800538,1,9,0,17,0,1,0,0,0,1,1,1,1,2,57,9,-1,-1,-1,7,1,7
2018331800538,2,9,0,7,0,2,0,0,0,0,1,1,6,1,38,7,1685,2,4,-1,-1,-1
2018331800540,1,9,0,5,0,8,0,0,0,0,1,1,6,1,49,8,2231,2,5,10,1,10
2018331800541,1,5,0,16,0,0,0,0,0,0,3,1,6,2,38,7,999,1,7,8,1,8
2018331800541,2,19,0,17,0,0,0,0,0,0,3,1,1,1,54,8,1560,2,3,5,1,5
2018331800542,1,9,0,9,0,6,0,0,0,0,1,1,6,2,60,9,-1,-1,-1,3,1,3
2018331800542,2,1,0,18,0,8,0,0,0,0,1,1,2,1,36,7,-1,-1,-1,1,1,1
2018331800543,1,9,0,3,0,1,0,0,4,1,2,1,6,1,27,6,995,1,10,4,1,4
2018331800543,2,9,0,4,0,1,0,0,0,0,1,1,6,1,23,5,1896,2,12,3,1,3
2018331800544,1,9,0,1,9,6,0,0,0,0,2,1,6,1,17,4,1598,2,5,5,1,5
2018331800545,1,9,0,11,0,8,1,10,1,9,1,1,6,1,22,5,1364,1,10,1,1,1
2018331800546,1,9,0,5,0,0,0,0,0,0,1,1,6,1,30,6,-1,-1,-1,-1,-1,-1
2018331800546,2,1,0,18,0,0,0,0,0,0,2,1,6,1,40,7,-1,-1,-1,7,1,7
2018331800547,1,1,0,18,0,2,0,0,0,0,1,1,6,3,20,4,-1,-1,-1,-1,-1,-1
2018331800548,1,1,0,18,4,8,0,0,0,0,1,1,2,1,52,8,-1,-1,-1,8,1,8
2018331800548,2,9,0,7,0,5,0,0,0,0,1,1,6,3,27,6,1499,2,3,-1,-1,-1