Accident_Index,Vehicle_Reference,Vehicle_Type,Towing_and_Articulation,Vehicle_Manoeuvre,Vehicle_Location-Restricted_Lane,Junction_Location,Skidding_and_Overturning,Hit_Object_in_Carriageway,Vehicle_Leaving_Carriageway,Hit_Object_off_Carriageway,1st_Point_of_Impact,Was_Vehicle_Left_Hand_Drive?,Journey_Purpose_of_Driver,Sex_of_Driver,Age_of_Driver,Age_Band_of_Driver,Engine_Capacity_(CC),Propulsion_Code,Age_of_Vehicle,Driver_IMD_Decile,Driver_Home_Area_Type,Vehicle_IMD_Decile
2018331800549,1,9,0,18,0,3,0,0,0,0,1,1,6,1,60,9,2401,2,10,2,1,2
2018331800549,2,9,0,11,0,3,0,0,0,0,4,1,6,1,35,6,1596,1,17,5,1,5
2018331800550,1,9,0,9,0,5,1,0,0,0,4,1,6,1,19,4,1781,1,21,7,1,7
2018331800550,2,9,0,18,0,8,1,0,0,0,4,1,6,2,30,6,1364,1,8,7,1,7
2018331800551,1,9,0,9,0,5,0,0,0,0,1,1,6,1,85,11,1149,1,15,8,2,8
2018331800551,2,1,0,18,0,8,0,0,0,0,1,1,6,2,56,9,-1,-1,-1,10,1,10
2018331800552,1,8,0,18,0,4,0,0,1,1,3,1,1,1,50,8,1798,8,6,-1,-1,-1
2018331800552,2,9,0,5,0,8,0,0,0,0,1,1,6,2,50,8,1461,2,3,-1,-1,-1
2018331800553,1,9,0,10,0,8,0,0,0,0,2,1,3,2,41,7,1389,1,15,1,1,1
2018331800553,2,9,0,5,0,8,0,0,0,0,1,1,6,1,46,8,1956,2,6,4,1,4
2018331800554,1,9,0,16,0,0,1,0,1,3,3,1,2,1,58,9,1360,1,12,10,1,10
2018331800555,1,21,0,18,0,0,0,0,0,0,2,1,1,1,33,6,12777,2,4,2,1,2
2018331800555,2,9,0,13,0,0,0,0,0,0,1,1,2,1,36,7,1995,2,7,10,1,10
2018331800556,1,9,0,6,0,0,0,0,0,0,1,1,6,1,40,7,1363,2,15,3,1,3
2018331800556,2,9,0,18,0,0,0,0,0,0,3,1,6,2,38,7,2148,2,14,10,1,10
2018331800557,1,9,0,18,0,0,0,0,0,0,1,1,6,3,58,9,-1,-1,-1,-1,-1,-1
2018331800557,2,9,0,18,0,0,0,0,0,0,1,1,1,3,36,7,1598,1,8,1,1,1
2018331800558,1,9,0,11,0,1,0,0,0,0,4,1,2,1,35,6,1995,2,-1,9,1,9
2018331800558,2,11,0,18,0,1,0,0,0,0,3,1,1,1,50,8,6696,2,4,1,1,1
2018331800559,1,9,0,18,0,0,0,0,0,0,2,1,2,1,49,8,-1,-1,-1,8,2,8
2018331800559,2,20,0,18,0,0,0,0,0,0,1,1,1,1,33,6,-1,-1,-1,7,1,7
2018331800560,1,9,0,18,0,4,0,0,0,0,1,1,6,3,37,7,1896,2,16,9,1,9
2018331800560,2,1,0,18,0,8,0,0,0,0,4,1,6,1,40,7,-1,-1,-1,10,2,10
2018331800561,1,9,0,18,0,8,0,0,7,11,1,1,6,1,29,6,1968,2,14,7,1,7
2018331800561,2,9,0,9,0,6,0,0,0,0,1,1,6,2,62,9,1596,1,10,2,1,2
2018331800562,1,9,0,18,0,1,0,0,0,0,1,1,6,1,48,8,1686,2,4,1,1,1
2018331800562,2,1,0,10,0,1,0,0,0,0,2,1,6,1,67,10,-1,-1,-1,4,1,4
2018331800563,1,9,0,18,0,3,0,0,0,0,1,1,6,3,-1,-1,-1,-1,-1,-1,-1,-1
2018331800564,1,21,1,18,0,0,0,0,0,0,0,1,1,1,46,8,12809,2,4,7,2,7
2018331800564,2,19,0,18,0,0,5,11,0,0,1,1,1,1,48,8,1560,2,1,7,3,7
2018331800564,3,9,0,18,0,0,0,0,0,0,2,1,6,3,68,10,1997,2,-1,9,1,9
2018331800564,4,9,0,18,0,0,0,0,0,0,2,1,1,1,49,8,1968,2,2,9,2,9
2018331800564,5,19,0,18,0,0,0,0,0,0,2,1,6,1,58,9,1560,2,4,6,3,6
2018331800565,1,5,0,17,0,0,0,0,1,9,0,1,6,1,48,8,599,1,9,8,2,8
2018331800566,1,9,0,18,0,8,0,0,0,0,1,1,6,1,40,7,1998,2,7,-1,-1,-1
2018331800566,2,9,0,18,0,8,0,0,0,0,1,1,6,1,30,6,-1,-1,-1,-1,-1,-1
2018331800567,1,5,0,16,0,8,0,0,7,11,0,1,6,1,62,9,598,1,19,7,1,7
2018331800568,1,9,0,16,0,0,0,0,0,0,1,1,6,1,24,5,1242,1,15,4,1,4
2018331800568,2,9,0,17,0,0,0,0,0,0,3,1,6,1,38,7,1360,1,7,-1,-1,-1
2018331800569,1,9,0,18,0,8,0,0,7,1,2,1,1,2,63,9,1997,2,9,5,3,5
2018331800569,2,9,0,18,0,6,0,0,1,0,1,1,6,1,23,5,-1,-1,-1,3,1,3
2018331800571,1,9,0,7,0,6,0,0,0,0,1,1,6,1,20,4,-1,-1,-1,-1,-1,-1
2018331800571,2,9,0,18,0,2,0,0,0,0,2,1,6,1,44,7,1984,1,17,2,1,2
2018331800571,3,9,0,18,0,2,0,0,0,0,2,1,6,1,36,7,1329,1,9,2,1,2
2018331800571,4,9,0,18,0,2,0,0,0,0,2,1,6,1,60,9,1598,2,6,2,1,2
2018331800571,5,9,0,18,0,2,0,0,0,0,2,1,6,1,45,7,1686,2,16,1,1,1
2018331800572,1,9,0,4,0,5,0,0,0,0,1,1,6,1,44,7,1968,2,6,5,2,5
2018331800573,1,9,0,17,0,0,0,0,0,0,1,1,2,1,65,9,1598,1,17,3,1,3
2018331800573,2,9,0,16,0,0,0,0,0,0,1,1,2,2,24,5,1242,1,11,10,1,10
2018331800574,1,9,0,18,0,0,5,0,0,0,4,1,6,1,31,6,1242,1,15,8,3,8
2018331800576,1,9,0,18,0,0,0,0,0,0,1,1,6,2,42,7,1799,1,9,8,2,8
2018331800576,2,9,0,18,0,0,0,0,0,0,1,1,6,2,57,9,1968,2,9,9,3,9
2018331800577,1,9,0,4,0,0,0,0,0,0,2,1,6,1,34,6,1796,1,13,10,1,10
2018331800577,2,9,0,4,0,0,0,0,0,0,2,1,6,1,33,6,1781,1,18,10,2,10
2018331800577,3,9,0,4,0,0,0,0,0,0,1,1,6,1,26,6,1000,1,5,2,1,2
2018331800578,1,9,0,10,0,1,0,0,0,0,2,1,2,1,39,7,1560,2,9,1,1,1
2018331800578,2,9,0,18,0,1,0,0,4,7,1,1,2,1,19,4,1590,1,17,-1,-1,-1
2018331800579,1,9,0,18,0,6,0,0,0,0,3,1,6,1,85,11,1994,2,18,-1,-1,-1
2018331800579,2,2,0,18,0,8,0,0,0,0,1,1,6,1,22,5,49,1,2,10,2,10
2018331800580,1,9,0,18,0,8,0,0,1,0,3,1,6,1,86,11,1199,1,18,8,3,8
2018331800580,2,9,0,9,0,6,0,0,0,0,1,1,1,1,51,8,-1,-1,-1,7,3,7
2018331800581,1,9,0,18,0,8,0,0,0,0,4,1,6,1,33,6,1229,1,12,3,1,3
2018331800581,2,9,0,18,0,8,0,0,0,0,3,1,6,1,60,9,1388,1,13,-1,-1,-1
2018331800582,1,9,0,9,0,5,0,0,1,1,1,1,6,1,38,7,1968,2,12,5,1,5
2018331800583,1,9,0,12,0,8,2,0,1,11,3,1,2,1,22,5,1598,1,10,2,1,2
2018331800583,2,9,0,18,0,8,0,0,0,0,4,1,6,2,75,10,1242,1,1,-1,-1,-1
2018331800584,1,21,0,1,0,0,0,0,0,0,1,1,1,1,48,8,6700,2,1,2,1,2
2018331800584,2,3,0,3,0,0,0,0,0,0,1,1,6,2,36,7,124,1,7,4,1,4
2018331800585,1,9,0,18,0,8,0,0,0,0,4,1,6,1,39,7,-1,-1,-1,-1,-1,-1
2018331800585,2,9,0,12,0,8,0,0,0,0,3,1,6,1,-1,-1,1968,2,7,-1,-1,-1
2018331800586,1,9,0,6,0,0,0,0,7,10,1,1,6,2,79,11,-1,3,3,8,1,8
2018331800587,1,9,0,12,0,0,0,0,4,6,1,1,6,1,34,6,2521,1,10,10,1,10
2018331800587,2,9,0,18,0,0,0,0,0,0,2,1,6,2,30,6,1242,1,6,9,1,9
2018331800588,1,9,0,18,0,8,0,0,0,0,1,1,6,2,29,6,1242,1,8,1,1,1
2018331800588,2,9,0,7,0,6,0,0,0,0,1,1,6,1,18,4,1595,1,8,-1,-1,-1
2018331800589,1,9,0,7,0,5,5,0,0,0,1,1,6,2,67,10,2198,2,12,10,3,10
2018331800589,2,9,0,3,0,1,0,0,0,0,1,1,6,2,22,5,1364,2,15,10,3,10
2018331800590,1,9,0,3,0,8,0,0,0,0,2,1,2,2,25,5,1242,1,18,3,1,3
2018331800590,2,9,0,18,0,8,0,0,0,0,1,1,6,3,-1,-1,-1,-1,-1,-1,-1,-1
2018331800591,1,9,0,10,0,1,0,0,0,0,2,1,6,2,56,9,1560,2,6,7,1,7
2018331800591,2,9,0,18,0,1,0,0,0,0,1,1,2,2,61,9,1995,2,2,6,1,6
2018331800592,1,9,0,18,0,0,0,0,1,0,2,1,6,1,31,6,1496,2,1,7,1,7
2018331800592,2,9,0,18,0,0,0,0,0,0,2,1,6,1,35,6,1598,2,4,1,1,1
2018331800592,3,9,0,18,0,0,0,0,1,0,1,1,6,1,24,5,-1,-1,-1,6,1,6
2018331800593,1,9,0,5,0,0,0,0,0,0,1,1,6,1,-1,-1,1390,1,16,-1,-1,-1
2018331800594,1,19,0,18,0,0,0,0,0,0,0,1,6,2,-1,-1,5861,2,20,-1,-1,-1
2018331800594,2,1,0,18,0,0,0,0,1,9,4,1,6,2,40,7,-1,-1,-1,5,2,5
2018331800595,1,9,0,9,0,6,0,0,0,0,1,1,6,1,22,5,2143,2,2,-1,-1,-1
2018331800595,2,9,0,18,0,8,0,0,0,0,4,1,6,1,23,5,1299,1,14,3,1,3
2018331800596,1,9,0,16,0,0,0,0,0,0,1,1,6,1,33,6,2521,1,12,4,1,4
2018331800596,2,9,0,17,0,0,0,0,0,0,1,1,6,2,30,6,1595,1,6,6,3,6
2018331800597,1,9,0,18,0,8,0,0,0,0,3,1,6,1,35,6,1896,2,16,8,3,8
2018331800597,2,9,0,18,0,8,0,0,0,0,1,1,2,1,54,8,1499,2,5,3,1,3
2018331800598,1,9,0,9,0,5,0,0,0,0,4,1,6,1,74,10,1198,1,8,2,1,2
2018331800598,2,1,0,9,0,5,0,0,0,0,1,1,1,1,43,7,-1,-1,-1,8,1,8
2018331800599,1,9,0,18,0,8,0,0,0,0,1,1,1,1,52,8,1497,8,11,8,1,8
2018331800599,2,1,0,9,0,6,0,0,0,0,1,1,6,1,18,4,-1,-1,-1,2,1,2
2018331800600,1,9,0,18,0,2,0,0,0,0,1,1,1,3,37,7,1686,2,7,3,1,3
2018331800601,1,9,0,18,0,0,0,6,0,0,1,1,6,1,29,6,1798,1,14,7,1,7
2018331800602,1,9,0,18,0,0,0,0,0,0,4,1,6,2,47,8,1461,2,5,3,1,3
2018331800603,1,8,0,18,0,8,5,0,0,0,1,1,1,1,40,7,1560,2,5,1,1,1
2018331800603,2,9,0,10,0,8,0,0,0,0,2,1,6,1,75,10,1242,1,10,6,1,6
2018331800603,3,9,0,18,0,8,0,0,1,0,3,1,2,1,51,8,1968,2,10,9,2,9
2018331800604,1,9,0,18,0,3,0,0,0,0,3,1,6,2,48,8,1998,1,2,8,1,8
2018331800604,2,9,0,18,0,3,0,0,0,0,4,1,6,1,24,5,998,1,8,8,1,8
2018331800605,1,9,0,9,0,6,0,0,0,0,1,1,6,3,-1,-1,-1,-1,-1,-1,-1,-1
2018331800605,2,1,0,18,0,8,0,0,0,0,1,1,6,1,30,6,-1,-1,-1,2,1,2
2018331800606,1,9,0,5,0,0,0,0,0,0,3,1,6,1,48,8,-1,-1,-1,7,1,7
2018331800606,2,1,0,18,0,0,0,0,0,0,1,1,6,1,15,3,-1,-1,-1,1,1,1
2018331800607,1,9,0,14,0,1,0,0,0,0,1,1,2,1,45,7,1124,1,13,1,1,1
2018331800608,1,11,0,18,0,2,0,0,0,0,4,1,1,1,48,8,6374,2,11,6,1,6
2018331800609,1,9,0,5,0,8,0,0,0,0,1,1,6,2,62,9,1119,1,23,6,1,6
2018331800609,2,1,0,18,0,8,0,0,0,0,1,1,1,1,13,3,-1,-1,-1,7,1,7
2018331800610,1,9,0,2,0,0,0,0,0,0,1,1,6,1,-1,-1,998,1,13,3,1,3
2018331800610,2,9,0,18,0,0,0,0,0,0,1,1,6,1,-1,-1,1598,2,5,-1,-1,-1
2018331800611,1,9,0,9,0,5,0,0,0,0,1,1,6,1,19,4,1368,1,11,10,3,10
2018331800611,2,5,0,18,0,8,0,0,0,0,1,1,6,1,36,7,-1,-1,-1,5,2,5
2018331800613,1,9,0,18,0,0,0,0,0,0,1,1,6,3,-1,-1,-1,-1,-1,-1,-1,-1
2018331800613,2,1,0,18,0,0,0,0,0,0,1,1,6,2,47,8,-1,-1,-1,10,1,10
2018331800614,1,9,0,18,0,2,0,0,7,0,3,1,1,3,-1,-1,-1,-1,-1,-1,-1,-1
2018331800615,1,9,0,16,0,0,1,0,7,4,1,1,6,1,28,6,1968,2,5,6,2,6
2018331800616,1,9,0,18,0,8,0,0,0,0,1,1,6,1,51,8,1910,2,11,3,1,3
2018331800616,2,9,0,18,0,6,0,0,0,0,4,1,6,1,19,4,1398,1,6,3,1,3
2018331800617,1,9,0,18,0,0,0,0,7,2,3,1,6,2,64,9,1995,2,12,9,1,9
2018331800618,1,9,0,9,0,5,0,0,0,0,1,1,1,1,23,5,1591,1,-1,1,1,1
2018331800618,2,9,0,18,0,8,5,0,0,0,1,1,6,2,51,8,1242,1,7,10,1,10
2018331800618,3,9,0,8,0,1,0,0,0,0,1,1,6,1,38,7,1586,1,7,6,3,6
2018331800619,1,9,0,17,0,0,2,0,6,6,0,1,6,1,25,5,1968,2,12,2,1,2
2018331800620,1,9,0,18,0,8,0,0,0,0,4,1,6,2,45,7,1598,1,12,7,1,7
2018331800621,1,11,0,18,0,0,0,0,0,0,3,1,1,1,30,6,7698,2,2,9,3,9
2018331800621,2,1,0,13,0,0,0,0,7,10,0,1,6,1,49,8,-1,-1,-1,3,1,3
2018331800622,1,9,0,18,0,0,0,0,0,0,1,1,1,2,24,5,1461,2,5,6,1,6
2018331800622,2,1,0,9,0,0,0,0,0,0,1,1,6,1,16,4,-1,-1,-1,3,1,3
2018331800623,1,9,0,18,0,0,0,0,0,0,1,1,6,1,-1,-1,-1,-1,-1,-1,-1,-1
2018331800624,1,5,0,4,0,0,0,0,0,0,1,1,6,1,48,8,998,1,1,9,2,9
2018331800624,2,19,0,4,0,0,0,0,0,0,2,1,2,1,33,6,1997,2,1,6,1,6
2018331800625,1,5,0,18,0,2,0,0,0,0,2,1,6,1,57,9,654,1,10,7,1,7
2018331800625,2,9,0,13,0,2,0,0,0,0,0,1,6,1,64,9,1560,2,7,9,1,9
2018331800626,1,9,0,10,0,8,0,0,0,0,2,1,6,2,35,6,1995,2,3,6,3,6
2018331800626,2,17,0,18,0,8,0,0,0,0,1,1,1,1,25,5,6800,2,3,7,3,7
2018331800627,1,3,0,18,0,0,0,0,1,0,1,1,6,2,23,5,125,1,4,6,2,6
2018331800627,2,9,0,18,0,0,0,0,0,0,0,1,6,3,-1,-1,-1,-1,-1,-1,-1,-1
2018331800628,1,9,0,14,0,0,0,0,0,0,1,1,6,1,51,8,2148,2,10,8,1,8
2018331800628,2,9,0,18,0,0,0,0,0,0,1,1,6,2,30,6,998,1,8,10,1,10
2018331800629,1,9,0,18,0,8,0,0,0,0,3,1,6,1,31,6,1461,2,1,4,1,4
2018331800629,2,9,0,12,0,8,0,0,0,0,1,1,6,2,40,7,1968,2,2,8,2,8
2018331800630,1,9,0,4,0,1,0,0,0,0,3,1,6,2,41,7,1329,1,7,4,1,4
2018331800630,2,9,0,11,0,1,0,0,0,0,4,1,6,1,-1,-1,1796,1,13,-1,-1,-1
2018331800631,1,9,0,17,0,8,0,0,1,11,1,1,6,1,42,7,1968,2,7,9,1,9
2018331800632,1,9,0,18,0,0,0,7,7,0,1,1,6,2,34,6,1560,2,14,3,1,3
2018331800633,1,19,0,17,0,2,1,0,1,4,1,1,6,1,27,6,1560,2,6,9,2,9
2018331800634,1,9,0,18,0,0,0,0,0,0,1,1,6,1,25,5,2148,2,13,-1,-1,-1
2018331800634,2,9,0,18,0,0,2,0,1,10,2,1,6,1,66,10,875,1,6,7,3,7
2018331800635,1,9,0,9,0,8,0,4,1,0,1,1,6,2,60,9,2777,2,6,8,2,8
2018331800635,2,9,0,18,0,8,0,0,0,0,1,1,6,1,39,7,999,1,5,9,1,9
2018331800635,3,11,0,2,6,8,0,0,0,0,1,1,6,1,25,5,-1,-1,-1,-1,-1,-1
2018331800636,1,9,0,18,0,8,1,7,0,0,1,1,6,3,-1,-1,3189,1,14,-1,-1,-1
2018331800636,2,19,0,9,0,5,0,7,0,0,1,1,6,1,27,6,2402,2,16,7,1,7
2018331800637,1,21,0,6,0,0,1,0,6,6,3,1,1,1,31,6,10837,2,6,3,1,3
2018331800637,2,21,1,18,0,0,1,0,6,0,4,1,1,1,51,8,12419,2,1,9,2,9
2018331800637,3,9,0,18,0,0,1,0,1,4,1,1,6,1,69,10,1360,1,12,8,1,8
2018331800638,1,9,0,18,0,1,0,0,0,0,1,1,6,3,-1,-1,-1,-1,-1,-1,-1,-1
2018331800639,1,19,0,18,0,2,0,0,0,0,1,1,2,1,24,5,1560,2,1,6,3,6
2018331800639,2,9,0,18,0,1,0,0,0,0,1,1,1,1,58,9,-1,-1,-1,5,1,5
2018331800640,1,9,0,14,0,2,0,0,0,0,1,1,6,1,33,6,998,1,-1,1,1,1
2018331800640,2,9,0,4,0,1,0,0,0,0,1,1,6,1,40,7,2261,1,1,1,1,1
2018331800641,1,9,0,9,0,5,0,0,0,0,1,1,2,1,30,6,1956,2,9,-1,-1,-1
2018331800641,2,1,0,18,0,8,0,0,0,0,1,1,6,1,37,7,-1,-1,-1,7,1,7
2018331800642,1,9,0,9,0,5,0,0,0,0,1,1,6,1,61,9,1598,1,15,4,1,4
2018331800642,2,9,0,18,0,8,0,0,0,0,1,1,6,1,49,8,1997,2,12,5,1,5
2018331800643,1,9,0,18,0,0,0,0,0,0,1,1,6,3,-1,-1,-1,-1,-1,-1,-1,-1
2018331800644,1,9,0,13,0,8,0,0,0,0,1,1,6,1,-1,-1,-1,-1,-1,-1,-1,-1
2018331800644,2,1,0,18,0,8,0,0,0,0,2,1,6,1,15,3,-1,-1,-1,2,1,2
2018331800645,1,9,0,18,0,2,0,0,7,11,1,1,6,1,37,7,1398,1,12,4,1,4
2018331800645,2,9,0,18,0,1,0,0,0,0,3,1,6,2,27,6,2967,2,5,3,1,3
2018331800646,1,9,0,18,0,1,0,0,0,0,1,1,6,1,20,4,1390,1,7,4,1,4
2018331800646,2,9,0,7,0,2,0,0,0,0,1,1,6,2,20,4,1995,2,3,2,1,2
2018331800647,1,9,0,18,0,0,0,0,0,0,1,1,6,1,47,8,2400,1,14,1,1,1
2018331800647,2,1,0,18,0,0,0,0,0,0,1,1,6,1,6,2,-1,-1,-1,1,1,1
2018331800648,1,9,0,18,0,1,0,0,0,0,1,1,6,1,26,6,1598,2,1,8,2,8
2018331800649,1,5,0,4,0,0,1,0,0,0,1,1,6,1,62,9,-1,-1,-1,-1,-1,-1
2018331800650,1,9,0,18,0,0,0,0,0,0,1,1,6,2,31,6,2198,1,12,-1,-1,-1
2018331800651,1,9,0,18,0,8,0,0,0,0,4,1,6,1,31,6,1248,2,11,3,1,3
2018331800652,1,11,0,18,0,2,0,0,6,2,1,1,1,1,53,8,9291,2,3,1,1,1
2018331800652,2,9,0,18,0,1,0,0,0,0,3,1,6,1,22,5,1242,1,12,5,1,5
2018331800653,1,9,0,4,0,0,0,0,0,0,2,1,6,1,46,8,1560,2,8,1,1,1
2018331800653,2,9,0,18,0,0,0,0,0,0,1,1,6,1,30,6,1598,1,4,1,1,1
2018331800654,1,9,0,5,9,6,0,0,0,0,1,1,6,2,50,8,-1,-1,-1,-1,-1,-1
2018331800654,2,1,0,18,9,8,0,0,0,0,1,1,6,1,17,4,-1,-1,-1,10,1,10
2018331800655,1,1,0,18,0,0,0,0,0,0,3,1,6,1,30,6,-1,-1,-1,1,1,1
2018331800655,2,9,0,11,0,0,0,0,0,0,4,1,6,1,62,9,-1,-1,-1,9,3,9
2018331800656,1,1,0,18,0,1,0,0,0,0,3,1,6,1,27,6,-1,-1,-1,2,1,2
2018331800656,2,19,0,4,0,1,0,0,0,0,1,1,6,1,40,7,-1,-1,-1,3,1,3
2018331800657,1,9,0,3,0,1,0,0,0,0,2,1,6,2,38,7,1364,1,9,1,1,1
2018331800657,2,9,0,3,0,1,0,0,0,0,2,1,6,2,55,8,2982,2,21,-1,-1,-1
2018331800657,3,9,0,18,0,1,0,0,0,0,1,1,6,1,-1,-1,1498,1,1,1,1,1
2018331800658,1,9,0,18,0,0,0,0,0,0,1,1,1,1,27,6,-1,-1,-1,1,1,1
2018331800659,1,9,0,14,0,0,0,0,0,0,3,1,6,1,56,9,-1,-1,-1,2,1,2
2018331800659,2,3,0,16,0,0,0,0,1,10,1,1,6,1,24,5,125,1,2,5,3,5
2018331800660,1,1,0,17,0,0,0,0,1,0,4,1,6,2,50,8,-1,-1,-1,8,3,8
2018331800660,2,9,0,17,0,0,0,0,0,0,0,1,1,3,-1,-1,-1,-1,-1,-1,-1,-1
2018331800662,1,8,0,18,0,8,0,0,0,0,1,1,6,1,30,6,-1,-1,-1,-1,-1,-1
2018331800662,2,8,0,18,0,8,0,0,0,0,1,1,6,1,46,8,-1,-1,-1,1,1,1
2018331800663,1,9,0,18,0,4,0,0,0,0,1,1,1,2,53,8,998,1,5,10,-1,10
2018331800663,2,9,0,4,0,4,0,0,0,0,2,1,1,2,-1,-1,2993,2,3,9,2,9
2018331800664,1,9,0,3,0,7,0,0,0,0,2,1,6,1,31,6,1896,2,11,10,1,10
2018331800664,2,5,0,4,0,7,0,0,0,0,1,1,6,1,71,10,1170,1,8,-1,-1,-1
2018331800665,1,9,0,7,0,5,0,0,1,11,1,1,6,2,17,4,998,1,13,9,3,9
2018331800666,1,9,0,18,0,8,1,0,3,11,1,1,6,1,17,4,1995,2,6,7,1,7
2018331800667,1,9,0,5,0,1,0,0,0,0,1,1,6,1,34,6,1910,2,13,4,2,4
2018331800667,2,9,0,7,0,2,0,0,0,0,1,1,6,1,-1,-1,1560,2,13,-1,-1,-1
2018331800668,1,21,1,18,0,0,0,0,0,0,1,1,1,1,28,6,12809,2,2,4,1,4
2018331800668,2,17,0,18,0,0,2,0,1,0,2,1,1,1,60,9,-1,2,15,7,3,7
2018331800668,3,19,0,18,0,0,0,0,0,0,0,1,1,1,30,6,1598,2,2,1,2,1
2018331800669,1,9,0,5,0,0,0,0,0,0,1,1,6,2,59,9,-1,-1,-1,9,1,9
2018331800669,2,2,0,18,0,0,0,0,0,0,1,1,6,1,17,4,-1,-1,-1,10,1,10
2018331800670,1,3,0,4,0,1,0,0,0,0,1,1,6,1,47,8,125,1,2,6,1,6
2018331800670,2,9,0,3,0,1,0,0,0,0,2,1,6,1,35,6,1388,1,15,6,1,6
2018331800670,3,9,0,4,0,1,0,0,0,0,0,1,6,2,-1,-1,-1,-1,-1,-1,-1,-1
2018331800671,1,9,0,9,0,5,0,0,0,0,4,1,6,1,22,5,1229,1,4,10,1,10
2018331800671,2,4,0,4,0,8,0,0,0,0,1,1,6,1,50,8,471,1,2,8,1,8
2018331800672,1,5,0,4,0,1,1,0,0,0,4,1,6,1,42,7,1250,1,19,2,1,2
2018331800673,1,8,0,4,0,0,0,0,0,0,1,1,1,1,48,8,1598,1,8,1,1,1
2018331800674,1,9,0,18,0,0,0,0,0,0,1,1,2,1,38,7,1799,1,11,1,1,1
2018331800674,2,1,0,18,0,0,0,0,0,0,3,1,6,2,7,2,-1,-1,-1,1,1,1
2018331800675,1,9,0,18,0,1,0,0,0,0,1,1,2,2,44,7,1560,2,3,6,3,6
2018331800675,2,1,0,18,0,2,0,0,0,0,1,1,6,1,6,2,-1,-1,-1,8,3,8
2018331800676,1,19,0,18,0,0,0,0,0,0,1,1,1,1,34,6,1968,2,-1,-1,-1,-1
2018331800676,2,21,1,4,0,0,0,0,0,0,2,1,1,1,57,9,12740,2,5,8,1,8
2018331800677,1,9,0,18,0,6,0,0,1,11,1,1,6,1,19,4,1242,1,6,9,2,9
2018331800677,2,9,0,18,0,8,0,0,0,0,1,1,6,1,46,8,1950,2,-1,9,1,9
2018331800678,1,5,0,13,0,0,0,0,4,6,1,1,6,1,36,7,599,1,7,9,1,9
2018331800678,2,21,0,18,0,0,0,0,0,0,0,1,1,1,54,8,10677,2,1,5,2,5
2018331800679,1,9,0,18,0,0,0,0,1,4,1,1,6,1,54,8,1956,2,4,10,1,10
2018331800680,1,9,0,7,0,6,0,0,0,0,1,1,6,2,35,6,1896,2,13,2,1,2
2018331800680,2,9,0,18,0,8,0,0,0,0,1,1,2,2,33,6,1995,2,5,10,1,10
2018331800681,1,9,0,9,0,5,0,0,0,0,1,1,6,1,46,8,1995,2,8,3,1,3
2018331800681,2,9,0,18,0,8,0,0,1,0,1,1,6,1,22,5,-1,-1,-1,10,1,10
2018331800682,1,9,0,3,0,1,0,0,0,0,2,1,1,2,19,4,1248,1,5,4,1,4
2018331800682,2,9,0,18,0,1,0,0,0,0,1,1,6,1,60,9,-1,-1,-1,-1,-1,-1
2018331800683,1,9,0,7,0,6,0,0,0,0,1,1,6,1,58,9,1360,1,9,-1,-1,-1
2018331800683,2,1,0,18,0,8,0,0,0,0,1,1,6,1,38,7,-1,-1,-1,1,1,1
2018331800684,1,9,0,18,0,1,0,0,8,1,1,1,6,1,55,8,-1,-1,-1,4,1,4
2018331800685,1,9,0,18,0,8,0,0,0,0,1,1,6,2,57,9,1582,2,5,8,1,8
2018331800685,2,9,0,18,0,8,0,0,0,0,1,1,1,1,58,9,-1,-1,-1,-1,-1,-1
2018331800686,1,9,0,10,0,8,0,0,7,0,2,1,2,1,33,6,1910,2,11,1,1,1
2018331800686,2,8,0,18,0,8,0,0,0,0,1,1,2,1,23,5,-1,-1,-1,6,3,6
2018331800686,3,9,0,18,0,8,0,0,0,0,1,1,2,2,45,7,1896,2,8,9,1,9
2018331800687,1,9,0,13,0,0,2,0,7,11,1,1,6,1,28,6,1686,2,8,3,1,3
2018331800687,2,9,0,18,0,0,0,0,0,0,1,1,6,2,54,8,1596,1,12,-1,-1,-1
2018331800688,1,9,0,18,0,6,0,0,1,1,1,1,6,2,26,6,1995,2,-1,2,1,2
2018331800689,1,9,0,9,0,5,0,0,0,0,3,1,6,1,52,8,1997,2,15,5,1,5
2018331800689,2,5,0,9,0,5,0,0,0,0,1,1,6,1,52,8,843,1,37,5,1,5
2018331800690,1,9,0,18,0,2,0,0,0,0,3,1,6,2,20,4,-1,-1,-1,8,1,8
2018331800690,2,4,0,13,0,2,0,0,0,0,2,1,6,1,63,9,899,1,20,6,1,6
2018331800691,1,9,0,9,0,5,0,0,0,0,1,1,1,1,47,8,-1,-1,-1,4,1,4
2018331800691,2,3,0,18,0,8,0,0,0,0,1,1,6,1,17,4,125,1,2,9,3,9
2018331800693,1,9,0,3,0,1,0,0,0,0,2,1,6,1,36,7,1560,2,8,5,1,5
2018331800693,2,9,0,18,0,1,0,0,0,0,1,1,6,1,48,8,2143,2,2,-1,-1,-1
2018331800694,1,9,0,18,0,4,0,0,0,0,1,1,6,1,71,10,-1,-1,-1,3,1,3
2018331800694,2,9,0,3,0,4,0,0,0,0,2,1,6,1,30,6,1968,2,5,7,1,7