Accident_Index,Vehicle_Reference,Vehicle_Type,Towing_and_Articulation,Vehicle_Manoeuvre,Vehicle_Location-Restricted_Lane,Junction_Location,Skidding_and_Overturning,Hit_Object_in_Carriageway,Vehicle_Leaving_Carriageway,Hit_Object_off_Carriageway,1st_Point_of_Impact,Was_Vehicle_Left_Hand_Drive?,Journey_Purpose_of_Driver,Sex_of_Driver,Age_of_Driver,Age_Band_of_Driver,Engine_Capacity_(CC),Propulsion_Code,Age_of_Vehicle,Driver_IMD_Decile,Driver_Home_Area_Type,Vehicle_IMD_Decile
2018331800842,2,9,0,18,0,8,0,0,0,0,1,1,6,2,64,9,1197,1,1,4,1,4
2018331800843,1,9,0,3,0,1,0,0,0,0,1,1,6,1,38,7,1956,2,7,10,2,10
2018331800843,2,9,0,3,0,1,0,0,0,0,2,1,6,1,76,11,1395,1,3,8,1,8
2018331800844,1,5,0,18,0,8,0,0,0,0,1,1,6,1,53,8,-1,-1,-1,-1,-1,-1
2018331800844,2,1,0,9,0,5,0,0,0,0,1,1,6,1,17,4,-1,-1,-1,-1,-1,-1
2018331800845,1,97,0,18,0,1,1,10,0,0,1,1,6,1,22,5,-1,-1,-1,4,1,4
2018331800846,1,9,0,7,0,6,0,0,0,0,0,1,6,2,35,6,-1,-1,-1,-1,-1,-1
2018331800846,2,11,0,7,0,6,0,0,0,0,0,1,1,1,46,8,6700,2,10,4,1,4
2018331800847,1,1,0,18,0,0,0,0,0,0,1,1,6,1,20,4,-1,-1,-1,9,1,9
2018331800847,2,19,0,13,0,0,0,0,0,0,4,1,6,1,31,6,2464,2,9,6,3,6
2018331800848,1,9,0,16,0,0,0,0,1,10,1,1,6,1,27,6,1984,1,6,7,3,7
2018331800849,1,9,0,10,0,1,0,0,0,0,2,1,2,1,35,6,1199,1,15,-1,-1,-1
2018331800849,2,9,0,18,0,1,0,0,0,0,1,1,6,1,49,8,1390,1,13,7,1,7
2018331800850,1,3,0,18,0,0,1,0,1,9,1,1,6,2,22,5,124,1,4,8,2,8
2018331800851,1,9,0,17,0,8,0,0,0,0,1,1,1,2,31,6,-1,-1,-1,9,1,9
2018331800851,2,1,0,18,0,8,0,0,0,0,1,1,1,1,31,6,-1,-1,-1,5,1,5
2018331800852,1,9,0,9,0,8,0,0,0,0,3,1,1,1,36,7,1598,2,1,-1,-1,-1
2018331800852,2,9,0,18,0,8,0,0,0,0,1,1,6,1,30,6,1598,1,11,3,1,3
2018331800853,1,19,0,18,0,8,0,0,7,0,1,1,1,1,58,9,2148,2,9,5,3,5
2018331800853,2,9,0,9,0,6,0,0,0,0,1,1,6,2,83,11,998,1,9,9,3,9
2018331800854,1,97,0,17,0,0,0,0,1,10,1,1,6,1,37,7,-1,-1,-1,1,1,1
2018331800854,2,9,0,18,0,0,0,0,0,0,0,1,6,3,-1,-1,-1,-1,-1,-1,-1,-1
2018331800855,1,9,0,18,0,0,0,0,0,0,1,1,6,3,-1,-1,-1,-1,-1,-1,-1,-1
2018331800855,2,1,0,18,0,0,0,0,0,0,2,1,6,1,70,10,-1,-1,-1,8,1,8
2018331800856,1,19,0,1,0,0,0,0,0,0,2,1,1,1,22,5,1995,2,1,7,1,7
2018331800857,1,19,0,18,0,0,0,0,0,0,1,1,1,1,40,7,1995,2,1,3,1,3
2018331800858,1,9,0,2,0,8,0,0,0,0,0,1,6,1,72,10,1200,1,1,10,1,10
2018331800858,2,9,0,9,0,5,0,0,0,0,1,1,6,2,21,5,1242,1,3,10,1,10
2018331800859,1,9,0,5,0,6,0,0,0,0,1,1,1,1,52,8,1686,2,5,3,1,3
2018331800859,2,9,0,18,0,8,0,0,0,0,3,1,6,2,36,7,998,1,1,8,1,8
2018331800860,1,9,0,18,0,1,0,0,0,0,1,1,6,2,46,8,2393,1,7,8,1,8
2018331800860,2,1,0,7,0,6,0,0,0,0,1,1,6,1,46,8,-1,-1,-1,8,1,8
2018331800861,1,9,0,18,0,8,0,0,0,0,4,1,6,1,45,7,1968,2,8,3,1,3
2018331800861,2,9,0,5,0,8,0,0,0,0,3,1,6,1,27,6,1242,1,14,3,1,3
2018331800862,1,9,0,18,0,1,0,0,0,0,1,1,6,1,-1,-1,1598,2,5,-1,-1,-1
2018331800862,2,9,0,3,0,1,0,0,0,0,2,1,6,1,33,6,-1,-1,-1,2,1,2
2018331800863,1,9,0,9,0,5,0,0,0,0,4,1,6,1,57,9,1796,1,24,6,1,6
2018331800863,2,4,0,18,0,8,0,0,0,0,1,1,6,1,53,8,249,1,-1,9,1,9
2018331800864,1,9,0,1,0,0,0,0,0,0,0,1,1,1,48,8,1328,1,14,10,1,10
2018331800864,2,1,0,18,0,0,0,0,0,0,0,1,6,1,13,3,-1,-1,-1,10,1,10
2018331800865,1,9,0,4,0,2,0,0,0,0,2,1,6,2,58,9,1595,1,-1,5,1,5
2018331800865,2,19,0,18,0,2,0,0,0,0,1,1,6,1,51,8,2151,2,15,1,1,1
2018331800866,1,97,0,18,0,6,0,10,3,2,1,1,6,3,-1,-1,-1,-1,-1,-1,-1,-1
2018331800867,1,9,0,14,0,8,0,0,0,0,1,1,6,3,-1,-1,-1,-1,-1,-1,-1,-1
2018331800867,2,1,0,18,0,8,0,0,0,0,1,1,6,1,29,6,-1,-1,-1,10,1,10
2018331800868,1,9,0,18,0,1,0,0,0,0,1,1,6,2,35,6,1388,1,11,8,-1,8
2018331800868,2,9,0,4,0,1,0,0,0,0,2,1,6,1,56,9,1999,1,10,1,1,1
2018331800868,3,9,0,4,0,1,0,0,0,0,2,1,6,1,48,8,1995,2,8,7,1,7
2018331800868,4,9,0,4,0,1,0,0,0,0,2,1,6,2,50,8,1598,2,4,1,1,1
2018331800868,5,9,0,4,0,1,0,0,0,0,2,1,6,1,-1,-1,1390,1,10,-1,-1,-1
2018331800869,1,9,0,10,0,8,0,0,0,0,2,1,6,2,24,5,1560,2,8,5,1,5
2018331800869,2,19,0,18,0,8,0,0,0,0,1,1,1,1,24,5,2143,2,4,6,1,6
2018331800870,1,5,0,18,0,8,0,0,0,0,4,1,6,1,64,9,885,1,19,8,3,8
2018331800870,2,9,0,9,0,6,0,0,0,0,1,1,6,3,44,7,1398,1,14,3,1,3
2018331800873,1,9,0,18,0,2,0,0,0,0,1,1,6,3,-1,-1,-1,-1,-1,-1,-1,-1
2018331800874,1,19,0,9,0,8,0,0,0,0,4,1,1,1,25,5,1499,2,3,-1,-1,-1
2018331800874,2,9,0,18,0,8,0,0,0,0,1,1,6,2,27,6,998,1,10,3,1,3
2018331800875,1,9,0,18,0,0,0,0,0,0,1,1,6,2,30,6,1360,1,15,-1,-1,-1
2018331800875,2,1,0,3,0,0,0,0,0,0,2,1,6,1,48,8,-1,-1,-1,1,1,1
2018331800876,1,9,0,3,0,1,0,0,0,0,2,1,6,2,57,9,-1,-1,-1,5,1,5
2018331800876,2,9,0,18,0,1,0,0,0,0,1,1,6,1,-1,-1,-1,-1,-1,-1,-1,-1
2018331800877,1,9,0,7,0,5,0,0,0,0,4,1,1,2,78,11,1997,1,-1,8,1,8
2018331800877,2,9,0,15,0,8,0,0,0,0,3,1,6,1,50,8,2170,2,14,-1,-1,-1
2018331800878,1,3,0,18,0,8,0,0,0,0,3,1,1,1,29,6,-1,-1,-1,2,1,2
2018331800878,2,9,0,18,0,8,0,0,0,0,1,1,6,3,-1,-1,-1,-1,-1,-1,-1,-1
2018331800880,1,9,0,18,8,0,0,0,1,4,1,1,6,1,80,11,998,1,-1,-1,-1,-1
2018331800881,1,9,0,16,0,0,1,10,2,2,2,1,6,1,29,6,1995,1,13,1,1,1
2018331800881,2,9,0,18,0,0,0,0,1,11,2,1,6,1,78,11,1560,2,7,-1,-1,-1
2018331800882,1,9,0,2,0,0,0,0,0,0,0,1,1,2,48,8,1995,2,12,5,1,5
2018331800882,2,9,0,14,0,0,0,0,0,0,4,1,6,1,-1,-1,1499,2,1,-1,-1,-1
2018331800883,1,11,0,17,0,0,0,0,0,0,0,1,6,1,-1,-1,5900,2,10,-1,-1,-1
2018331800883,2,1,0,18,0,0,0,0,0,0,0,1,6,1,3,1,-1,-1,-1,5,1,5
2018331800884,1,9,0,10,0,1,0,0,0,0,2,1,6,2,20,4,1398,1,3,8,1,8
2018331800884,2,9,0,18,0,1,0,0,0,0,1,1,6,3,-1,-1,1390,1,11,-1,-1,-1
2018331800885,1,19,0,1,0,1,0,0,0,0,2,1,1,1,68,10,1248,2,2,9,2,9
2018331800886,1,9,0,18,0,8,0,0,0,0,4,1,6,1,58,9,-1,-1,-1,10,2,10
2018331800886,2,9,0,18,0,8,0,0,0,0,1,1,6,1,37,7,2000,1,9,-1,-1,-1
2018331800887,1,11,0,4,2,0,0,0,0,0,2,1,2,1,44,7,5132,2,3,4,1,4
2018331800887,2,9,0,18,2,0,0,0,0,0,1,1,1,1,44,7,1598,1,14,3,1,3
2018331800888,1,21,0,5,0,0,0,0,0,0,2,1,1,1,45,7,10837,2,5,4,1,4
2018331800888,2,19,0,18,0,0,0,0,0,0,1,1,6,1,56,9,-1,-1,-1,9,1,9
2018331800889,1,9,0,18,0,0,0,0,1,4,1,1,6,1,25,5,1396,1,13,4,1,4
2018331800890,1,9,0,9,0,8,0,0,0,0,4,1,6,2,28,6,1598,1,9,5,1,5
2018331800890,2,5,0,18,0,8,0,0,0,0,1,1,6,1,20,4,599,1,14,1,1,1
2018331800891,1,9,0,5,0,0,0,0,0,0,1,1,6,1,48,8,-1,-1,-1,4,1,4
2018331800892,1,9,0,9,0,8,0,0,0,0,1,1,6,2,64,9,1229,1,4,6,3,6
2018331800892,2,1,0,18,0,8,0,0,0,0,1,1,6,1,-1,-1,-1,-1,-1,9,3,9
2018331800893,1,9,0,5,0,1,0,0,0,0,0,1,6,3,-1,-1,-1,-1,-1,-1,-1,-1
2018331800893,2,1,0,5,0,1,0,0,0,0,0,1,6,1,39,7,-1,-1,-1,1,1,1
2018331800894,1,9,0,18,0,8,0,7,4,10,1,1,6,2,33,6,1399,2,12,3,1,3
2018331800894,2,9,0,9,0,5,0,7,4,10,1,1,6,1,39,7,1598,7,13,2,1,2
2018331800895,1,9,0,5,0,1,0,0,0,0,2,1,6,1,-1,-1,-1,-1,-1,3,1,3
2018331800895,2,9,0,5,0,1,0,0,0,0,1,1,6,3,-1,-1,-1,-1,-1,-1,-1,-1
2018331800896,1,9,0,18,0,2,0,0,0,0,1,1,6,1,62,9,-1,-1,-1,-1,-1,-1
2018331800897,1,9,0,10,0,1,0,0,0,0,2,1,6,2,54,8,1591,1,5,8,1,8
2018331800897,2,9,0,18,0,1,0,0,0,0,1,1,6,3,-1,-1,1199,1,14,-1,-1,-1
2018331800898,1,4,0,13,0,8,0,0,0,0,4,1,2,1,52,8,-1,-1,-1,4,1,4
2018331800898,2,9,0,9,0,5,0,0,0,0,3,1,6,2,50,8,1895,1,18,-1,-1,-1
2018331800899,1,9,0,18,0,0,0,0,0,0,1,1,6,3,-1,-1,-1,-1,-1,-1,-1,-1
2018331800900,1,9,0,18,0,8,0,0,0,0,1,1,6,1,19,4,1199,2,7,9,2,9
2018331800900,2,9,0,9,0,5,0,0,0,0,2,1,6,1,40,7,1149,1,7,3,1,3
2018331800901,1,9,0,18,0,0,0,0,0,0,1,1,6,1,-1,-1,1598,2,1,-1,-1,-1
2018331800901,2,9,0,18,0,0,0,0,0,0,2,1,6,1,28,6,1968,2,8,2,1,2
2018331800902,1,9,0,18,0,8,0,0,0,0,3,1,6,2,52,8,2993,2,4,9,3,9
2018331800902,2,9,0,18,0,8,0,0,0,0,4,1,6,1,-1,-1,1796,1,12,-1,-1,-1
2018331800903,1,3,0,17,0,0,1,7,7,10,1,1,6,1,23,5,125,1,1,7,1,7
2018331800904,1,9,0,18,0,8,0,0,0,0,1,1,2,2,57,9,1956,2,7,3,1,3
2018331800904,2,9,0,10,0,8,0,0,0,0,3,1,2,2,52,8,1360,1,9,7,1,7
2018331800904,3,9,0,10,0,8,0,0,0,0,1,1,2,2,39,7,1390,1,9,4,1,4
2018331800905,1,9,0,18,0,0,0,0,0,0,1,1,6,1,80,11,1560,2,10,-1,-1,-1
2018331800905,2,11,0,3,0,0,0,0,0,0,0,1,1,3,-1,-1,-1,-1,-1,-1,-1,-1
2018331800907,1,9,0,9,0,4,0,0,0,0,1,1,6,1,37,7,1329,1,1,-1,-1,-1
2018331800907,2,9,0,18,0,8,0,0,0,0,3,1,6,1,41,7,1200,1,2,1,1,1
2018331800908,1,5,0,18,0,1,1,0,0,0,1,1,6,1,26,6,599,1,25,2,1,2
2018331800909,1,9,0,17,0,0,0,0,0,0,4,1,4,1,31,6,1896,2,16,4,1,4
2018331800910,1,9,0,14,0,1,0,0,0,0,1,1,6,2,34,6,1991,2,8,3,1,3
2018331800910,2,9,0,9,0,5,0,0,0,0,2,1,6,2,36,7,1598,1,5,9,1,9
2018331800911,1,9,0,5,0,8,0,0,0,0,1,1,6,2,48,8,1995,2,1,6,3,6
2018331800911,2,1,0,5,0,8,0,0,0,0,1,1,6,2,5,1,-1,-1,-1,2,1,2
2018331800913,1,9,0,16,0,0,1,0,4,4,1,1,6,2,54,8,1598,1,14,8,2,8
2018331800914,1,9,0,18,0,0,0,10,7,3,1,1,6,1,19,4,1198,1,11,8,1,8
2018331800915,1,9,0,18,0,1,0,0,0,0,4,1,6,2,20,4,998,1,1,10,1,10
2018331800915,2,1,0,12,0,1,0,0,0,0,1,1,6,1,33,6,-1,-1,-1,5,1,5
2018331800916,1,9,0,16,0,0,5,0,7,9,1,1,6,1,18,4,998,1,12,-1,-1,-1
2018331800917,1,9,0,4,0,1,0,0,0,0,0,1,6,1,48,8,-1,-1,-1,-1,-1,-1
2018331800917,2,4,0,18,0,1,0,0,0,0,3,1,6,1,26,6,-1,-1,-1,1,1,1
2018331800918,1,9,0,5,0,6,5,0,0,0,3,1,6,2,19,4,1229,1,9,1,1,1
2018331800918,2,9,0,18,0,8,0,0,0,0,1,1,2,1,72,10,1998,2,5,4,1,4
2018331800919,1,9,0,18,0,6,0,7,1,1,1,1,6,2,34,6,1299,1,13,5,1,5
2018331800919,2,9,0,18,0,8,0,0,0,0,0,1,6,3,-1,-1,-1,-1,-1,-1,-1,-1
2018331800920,1,9,0,5,0,8,0,0,0,0,1,1,6,1,49,8,1596,1,17,7,3,7
2018331800920,2,9,0,10,0,8,0,0,0,0,2,1,2,2,42,7,1149,1,13,7,1,7
2018331800921,1,9,0,18,0,6,0,0,0,0,1,1,1,1,58,9,-1,-1,-1,4,1,4
2018331800921,2,9,0,18,0,8,0,0,0,0,3,1,2,1,44,7,1598,1,8,5,1,5
2018331800921,3,9,0,10,0,8,0,0,0,0,1,1,2,1,25,5,1396,1,3,-1,-1,-1
2018331800922,1,9,0,18,0,0,0,0,0,0,2,1,6,1,77,11,2987,2,6,6,1,6
2018331800922,2,9,0,18,0,0,0,0,0,0,2,1,6,2,24,5,1796,1,10,10,1,10
2018331800922,3,9,0,18,0,0,0,0,0,0,1,1,6,1,40,7,1598,2,8,3,1,3
2018331800923,1,9,0,18,0,0,0,0,0,0,4,1,6,1,39,7,1997,2,3,5,3,5
2018331800923,2,9,0,18,0,0,1,0,1,4,1,1,6,1,48,8,1298,1,10,2,1,2
2018331800924,1,4,0,16,0,0,1,0,0,0,1,1,2,1,44,7,-1,-1,-1,5,1,5
2018331800924,2,9,0,17,0,0,0,0,0,0,1,1,2,1,44,7,1998,1,6,8,2,8
2018331800925,1,9,0,18,0,0,0,0,0,0,1,1,6,3,-1,-1,-1,-1,-1,-1,-1,-1
2018331800925,2,1,0,18,0,0,0,0,0,0,3,1,2,1,22,5,-1,-1,-1,2,1,2
2018331800926,1,9,0,18,0,0,0,0,0,0,1,1,6,1,53,8,1248,2,12,1,1,1
2018331800926,2,1,0,18,0,0,0,0,0,0,1,1,6,1,17,4,-1,-1,-1,1,1,1
2018331800927,1,9,0,18,0,0,1,0,0,0,1,1,6,1,17,4,1198,1,7,8,3,8
2018331800927,2,9,0,18,0,0,0,0,0,0,1,1,6,1,24,5,1686,2,7,8,3,8
2018331800927,3,9,0,18,0,0,0,0,0,0,1,1,1,1,56,9,1968,2,1,8,2,8
2018331800927,4,9,0,18,0,0,0,0,0,0,1,1,6,1,33,6,2497,2,16,5,1,5
2018331800928,1,9,0,9,0,5,0,0,0,0,3,1,6,1,61,9,-1,-1,-1,-1,-1,-1
2018331800928,2,5,0,13,0,8,1,0,0,0,1,1,6,1,20,4,600,1,23,7,1,7
2018331800929,1,9,0,12,0,0,5,10,5,6,1,1,6,2,26,6,1360,1,12,1,1,1
2018331800929,2,9,0,18,0,0,0,0,5,6,1,1,6,2,34,6,2000,2,6,7,2,7
2018331800930,1,9,0,9,0,6,0,0,0,0,1,1,1,1,61,9,2494,2,8,6,3,6
2018331800930,2,9,0,18,0,8,0,0,0,0,3,1,6,1,57,9,4565,1,19,10,2,10
2018331800930,3,21,1,10,0,8,0,0,0,0,0,1,1,1,-1,-1,12777,2,11,9,2,9
2018331800931,1,9,0,9,0,6,0,0,0,0,3,1,6,1,76,11,2496,1,11,-1,-1,-1
2018331800931,2,3,0,18,0,8,0,0,0,0,1,1,6,1,20,4,125,1,18,-1,-1,-1
2018331800932,1,9,0,3,0,1,0,0,0,0,2,1,6,1,50,8,898,1,4,5,1,5
2018331800932,2,9,0,18,0,1,0,0,0,0,1,1,6,3,-1,-1,-1,-1,-1,-1,-1,-1
2018331800933,1,9,0,4,0,1,0,0,0,0,2,1,6,2,76,11,1399,2,10,4,1,4
2018331800933,2,9,0,4,0,1,0,0,0,0,2,1,6,1,19,4,1229,1,6,9,1,9
2018331800933,3,9,0,4,0,1,1,0,0,0,1,1,6,1,40,7,1992,2,10,8,1,8
2018331800933,4,9,0,4,0,1,0,0,0,0,1,1,6,2,36,7,-1,-1,-1,9,2,9
2018331800934,1,9,0,9,0,6,1,7,0,0,1,1,6,2,43,7,-1,-1,-1,2,1,2
2018331800934,2,9,0,18,0,8,2,0,1,10,3,1,6,1,25,5,1984,1,2,8,1,8
2018331800935,1,9,0,11,0,0,2,0,8,0,4,1,1,1,36,7,1461,2,1,1,1,1
2018331800935,2,21,1,18,0,0,0,0,0,0,3,1,1,1,51,8,12777,2,5,-1,-1,-1
2018331800936,1,9,0,18,0,8,0,0,0,0,1,1,6,1,-1,-1,1968,2,1,-1,-1,-1
2018331800936,2,9,0,18,0,8,0,0,0,0,2,1,6,2,24,5,1598,2,-1,2,-1,2
2018331800937,1,9,0,8,0,1,0,0,0,0,2,1,6,1,52,8,2494,1,19,1,1,1
2018331800937,2,9,0,7,0,6,0,0,0,0,1,1,6,3,-1,-1,1984,1,4,-1,-1,-1
2018331800939,1,9,0,9,0,5,0,0,0,0,3,1,6,1,27,6,1200,1,3,9,1,9
2018331800939,2,5,0,13,0,8,0,0,0,0,1,1,6,1,32,6,599,1,15,10,1,10
2018331800940,1,9,0,18,0,0,0,0,0,0,1,1,6,1,33,6,1591,1,1,4,1,4
2018331800940,2,9,0,18,0,0,0,0,0,0,2,1,6,2,52,8,-1,-1,-1,7,2,7
2018331800941,1,9,0,18,0,0,0,0,0,0,1,1,2,2,44,7,-1,-1,-1,8,1,8
2018331800942,1,9,0,11,0,1,0,0,0,0,0,1,6,3,-1,-1,-1,-1,-1,-1,-1,-1
2018331800942,2,11,0,4,0,1,0,0,0,0,0,1,1,1,50,8,7698,2,4,6,3,6
2018331800943,1,3,0,12,0,0,0,0,0,0,2,1,6,1,20,4,125,1,2,1,1,1
2018331800943,2,9,0,18,0,0,0,0,0,0,3,1,6,1,55,8,2776,2,12,4,1,4
2018331800944,1,8,0,9,0,5,0,0,0,0,1,1,1,1,36,7,1797,8,8,3,1,3
2018331800945,1,9,0,9,0,5,0,0,0,0,1,1,6,2,17,4,1422,2,3,6,1,6
2018331800945,2,9,0,18,0,8,0,0,0,0,1,1,6,1,37,7,1968,2,12,6,1,6
2018331800946,1,17,4,18,0,0,1,0,0,0,2,1,1,1,35,6,6728,2,1,9,2,9
2018331800946,2,19,0,11,0,0,1,0,0,0,1,1,1,1,22,5,1560,2,3,-1,-1,-1
2018331800947,1,3,0,18,0,8,1,0,0,0,4,1,6,1,34,6,124,1,6,5,1,5
2018331800947,2,9,0,9,0,5,0,0,0,0,1,1,6,1,50,8,1968,2,9,6,1,6
2018331800949,1,9,0,4,0,8,0,0,7,11,2,1,6,2,54,8,998,1,12,6,1,6
2018331800949,2,9,0,18,0,8,0,0,0,0,1,1,6,1,27,6,1997,1,14,3,1,3
2018331800950,1,9,0,18,0,2,0,0,0,0,1,1,1,1,26,6,1956,2,7,4,1,4
2018331800950,2,9,0,1,0,1,0,0,0,0,2,1,6,3,-1,-1,2000,1,13,-1,-1,-1
2018331800950,3,9,0,2,0,2,0,0,0,0,4,1,6,3,-1,-1,1896,2,16,-1,-1,-1
2018331800952,1,9,0,18,0,0,0,0,0,0,2,1,1,1,47,8,2143,2,2,9,1,9
2018331800952,2,9,0,18,0,0,0,0,0,0,2,1,1,1,46,8,2401,2,12,8,3,8
2018331800952,3,9,0,18,0,0,0,0,0,0,2,1,1,1,29,6,1229,1,10,1,1,1
2018331800952,4,9,0,18,0,0,0,0,0,0,2,1,1,1,21,5,1388,1,11,8,3,8
2018331800952,5,9,0,18,0,0,0,0,0,0,1,1,6,1,17,4,1497,8,10,7,3,7
2018331800953,1,9,0,18,0,8,2,0,1,1,1,1,2,2,22,5,898,1,3,9,1,9
2018331800954,1,9,0,18,0,0,1,0,0,0,1,1,6,1,23,5,954,1,18,6,1,6
2018331800955,1,9,0,5,9,6,0,0,0,0,3,1,2,1,28,6,1896,2,13,7,1,7
2018331800955,2,1,0,18,9,8,0,0,0,0,1,1,2,1,32,6,-1,-1,-1,2,1,2
2018331800957,1,9,0,8,0,1,0,0,0,0,2,1,6,1,62,9,1399,2,7,-1,-1,-1
2018331800957,2,9,0,18,0,1,0,0,0,0,1,1,6,1,46,8,1896,2,12,1,1,1
2018331800958,1,1,0,18,9,0,0,0,1,0,1,1,1,1,17,4,-1,-1,-1,1,1,1
2018331800958,2,9,0,2,0,0,0,0,0,0,4,1,6,1,46,8,1332,1,-1,6,1,6
2018331800959,1,9,0,18,0,1,1,0,0,0,1,1,6,2,70,10,1197,1,6,7,1,7
2018331800959,2,9,0,3,0,1,0,0,0,0,2,1,6,2,75,10,-1,-1,-1,8,1,8
2018331800959,3,9,0,3,0,1,0,0,0,0,2,1,6,3,-1,-1,-1,-1,-1,-1,-1,-1
2018331800960,1,9,0,18,0,0,0,0,0,0,3,1,6,2,38,7,998,1,6,3,1,3
2018331800960,2,98,0,11,0,0,0,0,0,0,4,1,6,3,-1,-1,-1,-1,-1,-1,-1,-1
2018331800961,1,9,0,2,0,0,0,0,0,0,2,1,6,3,-1,-1,1499,2,2,-1,-1,-1
2018331800961,2,3,0,14,0,0,0,0,0,0,1,1,1,1,17,4,-1,-1,-1,5,1,5
2018331800962,1,9,0,2,0,0,0,0,1,0,2,1,6,2,71,10,1995,1,7,8,2,8
2018331800962,2,9,0,18,0,0,0,0,0,0,1,1,6,3,-1,-1,-1,-1,-1,-1,-1,-1
2018331800963,1,9,0,18,0,6,1,10,1,0,1,1,6,1,26,6,-1,-1,-1,6,1,6
2018331800963,2,9,0,18,0,8,5,10,1,1,3,1,6,2,42,7,1560,2,9,4,1,4
2018331800964,1,9,0,18,0,0,0,0,0,0,1,1,6,1,45,7,2204,2,13,4,1,4
2018331800964,2,9,0,18,0,0,0,0,0,0,1,1,6,2,60,9,2199,2,1,8,3,8
2018331800965,1,9,0,4,0,8,0,0,0,0,4,1,6,2,32,6,1598,1,9,1,1,1
2018331800965,2,1,0,18,0,6,0,0,0,0,1,1,6,1,25,5,-1,-1,-1,3,1,3
2018331800966,1,9,0,18,0,0,1,0,0,0,3,1,1,2,38,7,1461,2,4,8,3,8
2018331800966,2,9,0,6,0,0,0,0,0,0,4,1,6,3,40,7,1997,2,5,-1,-1,-1
2018331800967,1,1,0,12,0,0,0,0,0,0,1,1,1,2,24,5,-1,-1,-1,-1,-1,-1
2018331800967,2,9,0,18,0,0,0,0,0,0,1,1,1,3,38,7,1198,1,4,7,1,7
2018331800968,1,9,0,16,0,8,0,0,1,0,1,1,1,1,43,7,1398,2,9,10,1,10
2018331800968,2,9,0,17,0,8,0,0,0,0,1,1,6,1,45,7,1422,2,13,8,1,8
2018331800969,1,9,0,7,0,6,0,0,0,0,1,1,1,1,21,5,1598,1,8,4,1,4
2018331800969,2,1,0,18,0,8,0,0,0,0,4,1,6,2,30,6,-1,-1,-1,-1,-1,-1
2018331800970,1,5,0,17,0,0,1,0,1,0,4,1,6,1,61,9,1340,1,11,6,2,6
2018331800971,1,9,0,9,0,5,0,0,0,0,3,1,6,2,46,8,1991,2,10,9,3,9
2018331800971,2,9,0,13,0,8,1,0,7,11,1,1,6,1,68,10,1796,1,10,1,1,1
2018331800972,1,9,0,17,0,0,0,0,1,10,1,1,6,1,71,10,2179,2,5,6,3,6
2018331800973,1,9,0,7,0,6,0,0,0,0,3,1,6,2,78,11,1339,1,4,9,1,9
2018331800973,2,9,0,18,0,8,0,0,0,0,1,1,1,1,54,8,1598,2,2,3,1,3
2018331800974,1,9,0,18,0,2,1,0,0,0,1,1,6,1,19,4,1389,1,13,3,1,3
2018331800975,1,9,0,16,0,0,5,0,7,9,3,1,6,1,17,4,1364,1,11,8,1,8
2018331800976,1,1,0,18,0,1,0,0,0,0,2,1,6,1,68,10,-1,-1,-1,5,3,5
2018331800976,2,11,0,18,0,1,0,0,0,0,1,1,6,3,-1,-1,4461,2,5,-1,-1,-1
2018331800977,1,9,0,18,0,8,0,0,0,0,1,1,2,1,32,6,1997,2,3,4,1,4
2018331800977,2,1,0,18,0,6,0,0,0,0,1,1,6,1,14,3,-1,-1,-1,2,1,2
2018331800978,1,9,0,9,0,6,0,0,0,0,1,1,6,1,75,10,1360,1,9,5,1,5
2018331800978,2,5,0,18,0,8,0,0,0,0,3,1,6,1,37,7,-1,-1,-1,3,1,3
2018331800979,1,9,0,3,0,1,0,0,0,0,2,1,6,1,65,9,3498,1,12,-1,-1,-1
2018331800979,2,19,0,4,0,1,0,0,0,0,1,1,6,1,30,6,2143,2,4,-1,-1,-1
2018331800980,1,2,0,18,0,3,0,0,0,0,1,1,2,1,17,4,49,1,7,10,-1,10
2018331800981,1,9,0,18,0,8,1,0,0,0,1,1,6,1,26,6,1422,2,9,8,1,8
2018331800981,2,9,0,9,0,6,0,0,2,11,3,1,6,1,38,7,-1,-1,-1,2,1,2
2018331800982,1,5,0,4,0,1,0,0,0,0,1,1,6,1,59,9,645,1,18,8,1,8
2018331800982,2,9,0,3,0,1,0,0,0,0,4,1,6,2,60,9,1997,2,7,6,2,6
2018331800983,1,9,0,18,0,8,0,0,0,0,1,1,6,2,39,7,1200,1,3,10,1,10
2018331800983,2,9,0,18,0,8,0,0,0,0,1,1,6,2,55,8,2204,2,11,9,1,9
2018331800984,1,9,0,18,0,0,0,0,0,0,1,1,1,2,49,8,1197,1,3,9,-1,9
2018331800985,1,9,0,18,0,2,0,0,0,0,1,1,3,1,45,7,1598,2,7,1,1,1
2018331800985,2,1,0,18,0,2,0,0,0,0,4,1,6,1,12,3,-1,-1,-1,1,1,1
2018331800986,1,9,0,9,0,4,0,0,0,0,4,1,6,1,35,6,1598,2,7,6,1,6
2018331800986,2,1,0,18,0,4,0,0,0,0,1,1,6,1,-1,-1,-1,-1,-1,-1,-1,-1
2018331800987,1,9,0,2,0,0,0,0,0,0,3,1,6,2,40,7,1396,1,13,-1,-1,-1
2018331800987,2,1,0,18,0,0,0,0,0,0,1,1,6,1,35,6,-1,-1,-1,1,1,1