Accident_Index,Vehicle_Reference,Vehicle_Type,Towing_and_Articulation,Vehicle_Manoeuvre,Vehicle_Location-Restricted_Lane,Junction_Location,Skidding_and_Overturning,Hit_Object_in_Carriageway,Vehicle_Leaving_Carriageway,Hit_Object_off_Carriageway,1st_Point_of_Impact,Was_Vehicle_Left_Hand_Drive?,Journey_Purpose_of_Driver,Sex_of_Driver,Age_of_Driver,Age_Band_of_Driver,Engine_Capacity_(CC),Propulsion_Code,Age_of_Vehicle,Driver_IMD_Decile,Driver_Home_Area_Type,Vehicle_IMD_Decile
2018331800991,1,9,0,18,0,0,0,0,0,0,1,1,6,1,37,7,1396,1,16,3,1,3
2018331800992,1,9,0,18,0,0,0,0,0,0,1,1,6,1,69,10,1560,2,3,7,3,7
2018331800992,2,17,4,18,0,0,0,0,0,0,3,1,6,1,42,7,6788,2,3,9,3,9
2018331800993,1,9,0,7,0,5,0,0,0,0,1,1,6,2,20,4,1560,2,5,6,1,6
2018331800993,2,9,0,18,0,8,0,0,0,0,4,1,6,3,-1,-1,-1,-1,-1,-1,-1,-1
2018331800994,1,9,0,18,0,8,0,0,0,0,1,1,6,2,33,6,998,1,3,5,1,5
2018331800994,2,9,0,18,0,6,0,0,0,0,1,1,6,1,45,7,1796,1,14,2,1,2
2018331800995,1,9,0,13,0,0,0,0,1,0,1,1,6,1,23,5,1499,2,1,8,1,8
2018331800995,2,9,0,18,0,0,0,0,0,0,1,1,6,1,60,9,1968,2,-1,8,3,8
2018331800995,3,19,0,2,0,0,0,0,0,0,0,1,6,2,24,5,2198,2,4,2,1,2
2018331800995,4,19,0,1,0,0,0,0,0,0,0,1,6,1,42,7,2198,2,5,10,1,10
2018331800996,1,19,0,16,0,0,0,0,0,0,3,1,2,1,46,8,1560,2,2,9,3,9
2018331800996,2,9,0,17,0,0,0,0,0,0,3,1,2,1,38,7,1497,8,-1,9,2,9
2018331800997,1,9,0,16,0,0,5,10,8,2,1,1,6,1,43,7,1798,1,13,1,1,1
2018331800998,1,9,0,18,0,1,0,0,0,0,3,1,2,1,52,8,1994,2,21,2,1,2
2018331800999,1,9,0,9,0,5,0,0,0,0,4,1,6,2,39,7,1598,1,19,6,1,6
2018331800999,2,9,0,18,0,8,0,0,0,0,1,1,6,1,73,10,1242,1,2,5,1,5
2018331801000,1,17,4,18,0,0,0,0,0,0,3,1,1,1,60,9,4525,2,8,7,3,7
2018331801000,2,19,0,18,0,0,0,0,0,0,1,1,1,1,61,9,2198,2,10,5,3,5
2018331801001,1,9,0,18,0,1,0,0,0,0,3,1,6,1,72,10,1995,2,8,6,2,6
2018331801001,2,9,0,18,0,2,0,0,7,0,3,1,6,1,40,7,1242,1,9,-1,-1,-1
2018331801003,1,9,0,16,0,0,5,0,0,0,1,1,6,1,30,6,1587,1,14,9,1,9
2018331801004,1,9,0,5,0,6,0,0,0,0,3,1,6,2,38,7,1596,1,6,9,1,9
2018331801004,2,9,0,18,0,8,0,0,0,0,1,1,6,1,28,6,1598,1,5,10,1,10
2018331801005,1,9,0,9,0,6,0,0,0,0,3,1,6,2,27,6,1560,2,10,9,1,9
2018331801005,2,9,0,18,0,8,0,0,0,0,1,1,6,1,20,4,-1,-1,-1,8,1,8
2018331801006,1,11,0,18,2,0,0,0,0,0,1,1,6,1,24,5,7300,2,13,2,1,2
2018331801007,1,9,0,2,9,2,0,0,0,0,2,1,1,3,-1,-1,-1,-1,-1,5,1,5
2018331801007,2,9,0,18,0,8,0,0,7,0,1,1,6,1,27,6,1388,1,7,-1,-1,-1
2018331801007,3,9,0,18,0,6,0,0,0,0,0,1,1,1,56,9,-1,-1,-1,-1,-1,-1
2018331801008,1,11,0,18,0,0,0,0,0,0,1,1,1,1,-1,-1,-1,-1,-1,-1,-1,-1
2018331801009,1,21,1,13,0,0,0,0,0,0,4,1,6,1,51,8,16400,2,3,-1,-1,-1
2018331801009,2,1,0,18,0,0,0,0,0,0,3,1,6,1,26,6,-1,-1,-1,9,3,9
2018331801010,1,9,0,18,0,6,0,0,0,0,1,1,1,1,31,6,1596,1,13,6,1,6
2018331801010,2,1,0,18,0,6,0,0,0,0,1,1,6,1,58,9,-1,-1,-1,6,1,6
2018331801012,1,9,0,3,0,3,0,0,0,0,2,1,6,2,50,8,1598,2,5,2,1,2
2018331801012,2,9,0,4,0,3,0,0,0,0,1,1,6,1,30,6,-1,-1,-1,-1,-1,-1
2018331801013,1,9,0,18,0,1,5,7,7,4,1,1,6,1,62,9,1995,2,-1,10,1,10
2018331801013,2,9,0,9,0,5,0,0,0,0,0,1,1,2,57,9,-1,-1,-1,-1,-1,-1
2018331801014,1,9,0,18,0,1,0,0,0,0,1,1,6,1,23,5,1498,1,-1,8,1,8
2018331801014,2,9,0,3,0,1,0,0,0,0,2,1,6,1,42,7,-1,-1,-1,5,1,5
2018331801015,1,9,0,12,0,3,0,0,0,0,3,1,6,2,24,5,998,1,18,2,1,2
2018331801015,2,9,0,18,0,3,0,7,4,0,4,1,6,1,62,9,1496,1,2,4,1,4
2018331801017,1,9,0,18,0,4,0,0,0,0,1,1,6,1,41,7,1364,2,11,2,1,2
2018331801017,2,1,0,18,0,8,0,0,0,0,4,1,6,1,54,8,-1,-1,-1,6,1,6
2018331801018,1,9,0,5,0,0,0,0,0,0,4,1,6,2,84,11,1596,1,10,9,1,9
2018331801019,1,9,0,13,0,0,5,0,1,0,4,1,6,1,22,5,-1,-1,-1,1,1,1
2018331801019,2,9,0,18,0,0,0,0,0,0,3,1,6,2,52,8,1598,2,-1,-1,-1,-1
2018331801020,1,9,0,5,0,4,0,0,0,0,3,1,6,1,27,6,2998,1,1,5,1,5
2018331801020,2,9,0,5,0,4,1,0,1,0,3,1,6,1,-1,-1,1596,1,14,-1,-1,-1
2018331801021,1,19,0,18,0,0,0,0,0,0,1,1,1,1,38,7,2198,2,3,8,1,8
2018331801021,2,9,0,3,0,0,0,0,0,0,2,1,1,2,26,6,1242,1,4,2,1,2
2018331801021,3,19,0,3,0,0,0,0,0,0,2,1,1,1,32,6,-1,-1,-1,-1,-1,-1
2018331801021,4,9,0,3,0,0,0,0,0,0,2,1,1,1,59,9,1395,1,3,3,1,3
2018331801023,1,90,0,18,0,8,1,7,0,0,1,1,1,2,44,7,2999,2,1,4,1,4
2018331801023,2,9,0,18,0,8,1,7,0,0,1,1,6,1,44,7,1329,1,5,6,1,6
2018331801024,1,9,0,18,0,2,0,0,0,0,1,1,6,2,18,4,1242,1,4,9,1,9
2018331801024,2,1,0,18,0,2,0,0,0,0,2,1,6,1,18,4,-1,-1,-1,1,1,1
2018331801024,3,19,0,2,9,2,0,0,0,0,0,1,6,3,-1,-1,-1,-1,-1,-1,-1,-1
2018331801025,1,9,0,3,0,1,0,0,0,0,2,1,6,2,45,7,1598,2,4,3,2,3
2018331801025,2,9,0,18,0,1,0,0,0,0,1,1,6,2,20,4,1896,2,10,-1,-1,-1
2018331801026,1,9,0,9,0,1,0,0,0,0,1,1,6,1,53,8,1997,2,9,3,1,3
2018331801027,1,9,0,18,0,0,0,0,0,0,1,1,6,2,30,6,1364,2,10,-1,-1,-1
2018331801028,1,9,0,17,0,0,1,0,1,4,1,1,6,1,32,6,1781,1,17,3,1,3
2018331801029,1,19,0,18,0,0,0,0,0,0,1,1,6,1,27,6,1753,2,15,4,1,4
2018331801029,2,9,0,3,0,0,0,0,0,0,2,1,6,2,51,8,1399,1,2,6,1,6
2018331801029,3,9,0,3,0,0,0,0,0,0,2,1,2,2,48,8,1248,1,5,5,2,5
2018331801029,4,9,0,3,0,0,0,0,0,0,2,1,6,2,58,9,1973,1,21,3,1,3
2018331801029,5,9,0,3,0,0,0,0,0,0,2,1,2,2,36,7,1997,2,11,7,1,7
2018331801030,1,9,0,18,0,0,0,0,0,0,1,1,6,1,32,6,-1,-1,-1,10,2,10
2018331801030,2,8,0,17,0,0,0,0,0,0,1,1,1,1,50,8,1598,2,3,5,2,5
2018331801031,1,19,0,9,0,6,0,0,0,0,2,1,6,1,59,9,1868,2,12,7,3,7
2018331801031,2,3,0,18,0,8,1,0,0,0,1,1,6,1,18,4,125,1,17,8,3,8
2018331801033,1,9,0,18,0,1,1,0,0,0,1,1,2,1,26,6,1198,1,16,2,1,2
2018331801033,2,9,0,7,0,6,0,0,0,0,1,1,2,2,28,6,-1,-1,-1,10,1,10
2018331801034,1,9,0,4,0,1,0,0,0,0,2,1,6,2,24,5,1600,2,8,2,1,2
2018331801034,2,9,0,18,0,1,0,0,0,0,1,1,6,2,-1,-1,-1,-1,-1,-1,-1,-1
2018331801034,3,9,0,3,0,1,0,0,0,0,2,1,6,2,-1,-1,1229,1,8,-1,-1,-1
2018331801035,1,9,0,18,9,0,0,0,0,0,1,1,6,3,-1,-1,1598,1,15,-1,-1,-1
2018331801036,1,9,0,18,0,0,5,0,5,6,2,1,2,2,39,7,1398,2,13,6,1,6
2018331801036,2,9,0,18,0,0,1,0,0,0,1,1,6,1,36,7,1991,1,4,9,2,9
2018331801037,1,9,0,18,0,0,0,0,0,0,1,1,2,2,23,5,1229,1,6,7,1,7
2018331801038,1,9,0,1,0,2,0,0,0,0,2,1,6,1,-1,-1,-1,-1,-1,-1,-1,-1
2018331801038,2,9,0,18,0,1,0,0,0,0,1,1,6,2,27,6,999,1,3,8,1,8
2018331801039,1,9,0,4,0,1,0,0,0,0,1,1,6,1,28,6,-1,-1,-1,-1,-1,-1
2018331801039,2,9,0,3,0,1,0,0,0,0,2,1,6,2,70,10,1995,2,2,1,1,1
2018331801040,1,9,0,18,0,0,5,0,0,0,0,1,6,1,33,6,1896,2,11,4,2,4
2018331801040,2,9,0,18,0,0,0,0,0,0,1,1,6,2,62,9,-1,-1,-1,5,1,5
2018331801041,1,19,0,18,0,1,0,0,0,0,1,1,6,1,-1,-1,2188,2,16,-1,-1,-1
2018331801041,2,9,0,3,0,1,0,0,0,0,2,1,6,2,73,10,-1,-1,-1,8,3,8
2018331801043,1,9,0,4,0,1,0,0,0,0,2,1,6,1,31,6,3222,2,14,-1,-1,-1
2018331801043,2,9,0,18,0,1,0,0,0,0,1,1,6,1,-1,-1,1598,2,2,4,1,4
2018331801045,1,9,0,18,0,1,0,0,0,0,1,1,6,1,30,6,3996,8,1,7,1,7
2018331801046,1,9,0,7,0,2,0,0,0,0,1,1,6,2,17,4,1248,1,4,7,3,7
2018331801047,1,9,0,12,0,1,0,0,0,0,2,1,6,1,81,11,1598,1,12,4,1,4
2018331801047,2,9,0,18,0,1,0,0,0,0,1,1,6,1,20,4,998,1,4,7,1,7
2018331801048,1,9,0,4,0,1,0,0,0,0,1,1,2,2,50,8,1896,2,16,2,1,2
2018331801048,2,9,0,3,0,1,0,0,0,0,2,1,6,2,63,9,1950,2,1,6,1,6
2018331801049,1,9,0,18,0,0,1,0,1,0,1,1,6,1,31,6,-1,-1,-1,8,1,8
2018331801049,2,19,0,2,0,0,0,0,0,0,2,1,6,3,-1,-1,2299,2,4,-1,-1,-1
2018331801049,3,9,0,2,0,0,0,0,0,0,1,1,6,3,-1,-1,1560,2,7,-1,-1,-1
2018331801050,1,9,0,9,0,5,0,0,0,0,1,1,6,1,34,6,1598,1,8,3,1,3
2018331801051,1,9,0,7,0,4,0,0,0,0,1,1,6,2,23,5,1395,1,4,-1,-1,-1
2018331801051,2,9,0,18,0,8,0,0,0,0,4,1,6,1,-1,-1,1397,1,8,-1,-1,-1
2018331801052,1,10,0,18,0,0,0,0,0,0,4,1,6,3,-1,-1,2298,2,5,-1,-1,-1
2018331801053,1,9,0,18,0,0,0,0,1,4,4,1,6,2,25,5,973,1,17,8,2,8
2018331801054,1,9,0,18,0,0,0,0,0,0,1,1,6,2,28,6,998,1,11,8,2,8
2018331801054,2,97,0,18,0,0,0,0,0,0,1,1,6,1,17,4,-1,-1,-1,1,1,1
2018331801055,1,9,0,4,0,0,0,0,0,0,2,1,1,1,42,7,998,1,17,3,1,3
2018331801055,2,19,0,18,0,0,0,0,4,6,1,1,6,1,23,5,2143,2,1,3,1,3
2018331801056,1,9,0,18,0,2,1,4,7,0,1,1,6,1,28,6,2494,1,15,10,2,10
2018331801056,2,9,0,2,6,2,0,0,0,0,4,1,6,1,40,7,2099,1,16,7,1,7
2018331801056,3,9,0,2,6,2,0,0,0,0,1,1,6,1,65,9,-1,-1,-1,-1,-1,-1
2018331801057,1,3,0,15,0,1,2,0,0,0,0,1,6,1,31,6,124,1,4,4,1,4
2018331801057,2,9,0,8,0,1,0,0,0,0,0,1,6,1,-1,-1,1598,2,3,-1,-1,-1
2018331801058,1,9,0,7,0,3,0,0,7,7,1,1,3,2,17,4,1229,1,6,4,1,4
2018331801058,2,1,0,18,0,8,0,0,1,10,2,1,2,1,30,6,-1,-1,-1,8,3,8
2018331801059,1,9,0,18,0,5,0,0,0,0,1,1,6,1,43,7,1598,1,16,9,1,9
2018331801059,2,1,0,18,0,2,0,0,0,0,1,1,4,1,11,3,-1,-1,-1,3,1,3
2018331801060,1,9,0,18,0,0,0,0,0,0,1,1,6,2,22,5,1596,1,8,10,3,10
2018331801061,1,9,0,17,0,1,1,0,1,2,1,1,6,1,19,4,1388,1,14,7,3,7
2018331801062,1,3,0,17,0,0,0,0,1,11,1,1,6,1,35,6,124,1,4,10,1,10
2018331801063,1,9,0,3,0,1,0,0,0,0,2,1,6,1,36,7,1968,2,8,8,-1,8
2018331801063,2,9,0,18,0,1,0,0,0,0,1,1,6,1,-1,-1,999,1,17,-1,-1,-1
2018331801064,1,19,0,7,0,8,0,0,0,0,4,1,6,3,-1,-1,-1,-1,-1,-1,-1,-1
2018331801064,2,1,0,18,0,8,0,0,0,0,1,1,6,2,17,4,-1,-1,-1,1,1,1
2018331801065,1,9,0,16,0,0,0,0,0,0,1,1,1,1,26,6,1399,1,2,3,1,3
2018331801065,2,9,0,17,0,0,0,0,0,0,1,1,1,1,47,8,1910,2,9,10,1,10
2018331801066,1,9,0,8,0,1,0,0,0,0,2,1,1,2,24,5,998,1,5,3,1,3
2018331801066,2,19,0,7,0,1,0,0,0,0,1,1,6,1,32,6,2402,2,6,-1,-1,-1
2018331801068,1,8,0,4,0,1,0,0,0,0,2,1,6,1,35,6,-1,-1,-1,4,1,4
2018331801068,2,9,0,18,0,1,0,0,0,0,1,1,6,1,35,6,1968,2,4,-1,-1,-1
2018331801069,1,9,0,13,0,0,0,0,0,0,4,1,6,1,53,8,1998,1,6,7,1,7
2018331801069,2,5,0,18,0,0,0,0,0,0,3,1,6,1,30,6,748,1,14,4,1,4
2018331801070,1,9,0,14,0,1,5,4,0,0,1,1,6,1,78,11,1248,1,1,10,1,10
2018331801070,2,9,0,2,0,1,0,0,0,0,2,1,6,1,47,8,-1,-1,-1,4,1,4
2018331801071,1,11,0,18,0,0,0,0,0,0,1,1,1,1,58,9,6700,2,1,-1,-1,-1
2018331801072,1,9,0,1,9,0,0,0,2,5,2,1,6,3,-1,-1,2295,1,19,-1,-1,-1
2018331801074,1,9,0,16,0,0,0,0,0,0,1,1,6,2,42,7,-1,-1,-1,-1,-1,-1
2018331801074,2,8,0,17,0,0,0,0,1,0,1,1,2,1,46,8,1896,2,11,2,1,2
2018331801075,1,9,0,4,0,0,0,0,0,0,2,1,1,1,35,6,1796,1,12,6,1,6
2018331801075,2,9,0,4,0,0,0,0,0,0,1,1,6,2,46,8,-1,-1,-1,7,1,7
2018331801075,3,9,0,4,0,0,0,0,0,0,3,1,6,2,20,4,-1,-1,-1,-1,-1,-1
2018331801076,1,9,0,5,0,6,0,0,0,0,4,1,6,1,74,10,998,1,2,7,2,7
2018331801076,2,5,0,18,0,8,0,0,0,0,3,1,6,1,20,4,803,1,4,1,1,1
2018331801077,1,9,0,9,0,6,0,0,0,0,1,1,6,1,38,7,1995,2,12,5,1,5
2018331801077,2,9,0,9,0,5,0,0,0,0,1,1,6,2,-1,-1,1229,1,13,-1,-1,-1
2018331801078,1,9,0,18,0,6,1,0,3,11,1,1,6,1,26,6,3189,1,10,2,1,2
2018331801078,2,9,0,2,0,8,0,0,0,0,2,1,6,3,-1,-1,1298,1,8,-1,-1,-1
2018331801079,1,1,0,18,0,6,0,0,0,0,4,1,6,1,48,8,-1,-1,-1,3,1,3
2018331801079,2,9,0,18,0,8,0,0,0,0,1,1,6,1,39,7,1596,1,9,1,1,1
2018331801080,1,5,0,18,0,0,1,0,7,0,1,1,6,1,29,6,1078,1,8,8,2,8
2018331801081,1,9,0,18,0,0,0,0,0,0,0,1,1,1,24,5,2000,1,14,8,1,8
2018331801081,2,9,0,13,0,0,5,0,0,0,3,1,6,1,50,8,-1,-1,-1,7,2,7
2018331801081,3,9,0,18,0,0,0,0,0,0,3,1,6,2,23,5,1598,1,8,7,3,7
2018331801083,1,9,0,9,0,5,0,0,1,0,1,1,6,1,18,4,1390,1,11,6,1,6
2018331801083,2,9,0,18,0,8,0,0,1,10,2,1,6,1,34,6,-1,-1,-1,2,1,2
2018331801084,1,9,0,18,0,0,0,0,0,0,1,1,2,1,25,5,1968,2,8,3,1,3
2018331801085,1,9,0,18,0,0,0,0,0,0,3,1,6,1,21,5,999,1,-1,9,1,9
2018331801085,2,21,0,18,0,0,1,0,0,0,3,1,1,1,36,7,12419,2,6,2,1,2
2018331801085,3,9,0,18,0,0,0,0,0,0,1,1,6,1,61,9,1969,2,-1,9,1,9
2018331801086,1,8,0,18,0,1,0,0,0,0,1,1,1,1,48,8,2148,2,9,1,1,1
2018331801086,2,9,0,3,0,1,0,0,0,0,2,1,6,1,35,6,1598,2,6,3,1,3
2018331801086,3,2,0,9,0,5,0,0,0,0,2,1,1,1,37,7,125,1,2,6,1,6
2018331801087,1,9,0,18,0,0,0,0,4,4,4,1,6,2,26,6,1388,1,17,10,1,10
2018331801087,2,9,0,12,0,0,0,0,0,0,0,1,6,3,-1,-1,-1,-1,-1,-1,-1,-1
2018331801088,1,11,0,5,0,4,0,0,0,0,1,1,1,1,-1,-1,-1,-1,-1,7,1,7
2018331801088,2,9,0,3,0,4,0,0,0,0,2,1,6,1,-1,-1,1461,2,-1,-1,-1,-1
2018331801089,1,11,0,7,0,6,0,0,0,0,3,1,1,1,52,8,7300,2,12,3,1,3
2018331801089,2,1,0,18,0,8,0,0,0,0,1,1,2,1,20,4,-1,-1,-1,4,1,4
2018331801090,1,9,0,18,0,0,1,0,1,9,1,1,6,1,24,5,1242,1,8,10,2,10
2018331801091,1,9,0,18,0,6,0,0,0,0,1,1,1,2,50,8,1984,1,13,1,1,1
2018331801091,2,1,0,18,0,8,0,0,0,0,4,1,1,1,48,8,-1,-1,-1,1,1,1
2018331801092,1,20,0,4,0,0,0,0,0,0,1,1,1,1,64,9,-1,-1,-1,2,1,2
2018331801092,2,9,0,4,0,0,0,0,0,0,2,1,6,2,28,6,1390,1,10,9,1,9
2018331801092,3,9,0,4,0,0,0,0,0,0,2,1,1,1,56,9,1395,8,1,7,1,7
2018331801093,1,9,0,18,0,8,0,0,5,11,1,1,6,1,25,5,2143,2,1,6,1,6
2018331801093,2,90,0,9,0,6,0,0,0,0,3,1,1,2,57,9,-1,-1,-1,1,1,1
2018331801094,1,9,0,18,0,8,0,0,0,0,1,1,6,3,-1,-1,1991,1,2,-1,-1,-1
2018331801094,2,9,0,9,0,8,0,0,0,0,1,1,2,1,22,5,1386,1,10,6,1,6
2018331801095,1,9,0,18,0,1,0,0,0,0,2,1,6,2,60,9,1229,1,10,7,1,7
2018331801095,2,9,0,18,0,1,0,0,0,0,2,1,6,2,70,10,1242,1,2,10,2,10
2018331801095,3,9,0,18,0,1,0,0,0,0,1,1,1,1,54,8,-1,-1,-1,9,3,9
2018331801096,1,4,0,18,0,0,0,0,0,0,1,1,6,1,24,5,-1,-1,-1,1,1,1
2018331801096,2,9,0,2,0,0,0,0,0,0,2,1,1,3,-1,-1,1910,2,11,-1,-1,-1
2018331801097,1,1,0,18,0,0,0,0,0,0,1,1,1,1,38,7,-1,-1,-1,4,1,4
2018331801098,1,9,0,18,0,2,5,7,7,11,1,1,6,1,20,4,1984,1,3,-1,-1,-1
2018331801100,1,9,0,18,0,1,0,0,0,0,1,1,6,1,40,7,-1,-1,-1,-1,-1,-1
2018331801101,1,9,0,2,0,1,0,0,0,0,2,1,1,1,55,8,1598,2,1,7,3,7
2018331801101,2,9,0,5,6,1,0,0,0,0,1,1,6,1,-1,-1,1108,1,13,-1,-1,-1
2018331801102,1,8,0,5,0,0,0,0,0,0,4,1,6,1,-1,-1,-1,-1,-1,-1,-1,-1
2018331801103,1,9,0,7,0,6,0,0,0,0,3,1,6,1,23,5,1596,1,12,-1,-1,-1
2018331801103,2,1,0,18,0,8,0,0,0,0,1,1,6,1,25,5,-1,-1,-1,5,1,5
2018331801104,1,9,0,18,0,1,0,0,0,0,1,1,6,1,-1,-1,1198,1,10,-1,-1,-1
2018331801104,2,9,0,8,0,1,0,0,0,0,2,1,6,2,19,4,998,1,3,8,2,8
2018331801105,1,9,0,18,0,8,0,0,1,0,1,1,6,2,23,5,1796,1,13,2,1,2
2018331801105,2,9,0,18,0,6,0,0,0,0,1,1,6,1,54,8,1339,1,12,-1,-1,-1
2018331801106,1,9,0,5,0,6,0,0,0,0,4,1,2,2,28,6,1242,1,4,5,1,5
2018331801106,2,9,0,18,0,8,0,0,0,0,1,1,6,2,50,8,998,1,7,7,2,7
2018331801108,1,9,0,10,0,8,0,0,0,0,3,1,6,2,28,6,1364,2,4,-1,-1,-1
2018331801108,2,9,0,11,0,8,1,0,0,0,1,1,2,2,23,5,-1,-1,-1,8,1,8
2018331801109,1,9,0,5,0,0,0,0,0,0,1,1,6,1,55,8,1997,2,2,3,1,3
2018331801109,2,9,0,18,0,0,0,0,0,0,1,1,6,1,50,8,1686,2,16,-1,-1,-1
2018331801109,3,9,0,2,0,0,0,0,0,0,1,1,6,1,33,6,1968,2,7,5,2,5
2018331801109,4,9,0,2,0,0,0,0,0,0,2,1,6,1,30,6,1995,2,13,1,1,1
2018331801110,1,9,0,7,0,5,0,0,0,0,4,1,1,2,-1,-1,-1,-1,-1,-1,-1,-1
2018331801110,2,1,0,18,0,8,0,0,0,0,3,1,6,1,59,9,-1,-1,-1,5,1,5
2018331801111,1,9,0,9,0,5,0,0,7,0,2,1,6,2,32,6,1596,1,7,-1,-1,-1
2018331801111,2,9,0,18,0,8,0,0,0,0,1,1,6,1,-1,-1,1299,1,17,-1,-1,-1
2018331801112,1,9,0,18,0,1,0,0,0,0,1,1,2,1,38,7,1497,8,1,3,1,3
2018331801112,2,9,0,3,0,1,0,0,8,0,2,1,2,2,63,9,1229,1,6,2,1,2
2018331801112,3,9,0,3,0,1,0,0,0,0,3,1,2,1,51,8,-1,-1,-1,9,1,9
2018331801112,4,9,0,3,0,1,0,0,0,0,3,1,2,1,-1,-1,1242,1,11,8,1,8
2018331801113,1,9,0,18,0,0,5,0,8,4,3,1,6,2,22,5,1242,1,6,8,3,8
2018331801114,1,9,0,12,0,0,0,0,0,0,3,1,2,1,25,5,1242,1,3,4,1,4
2018331801114,2,9,0,18,0,0,0,0,0,0,4,1,6,2,44,7,2987,2,7,4,1,4
2018331801115,1,19,0,3,0,1,0,0,0,0,2,1,6,1,31,6,2198,2,9,-1,-1,-1
2018331801115,2,11,0,5,0,1,0,0,0,0,1,1,6,1,60,9,-1,-1,-1,8,1,8
2018331801116,1,9,0,7,0,5,1,0,0,0,1,1,2,1,48,8,1679,1,17,10,2,10
2018331801116,2,19,0,4,0,1,0,0,0,0,1,1,2,1,58,9,1995,2,10,8,2,8
2018331801117,1,9,0,14,0,0,0,0,0,0,4,1,6,2,41,7,-1,-1,-1,10,1,10
2018331801117,2,20,0,5,0,0,0,0,0,0,3,1,6,1,-1,-1,-1,-1,-1,-1,-1,-1
2018331801119,1,9,0,17,0,8,0,0,0,0,1,1,6,1,21,5,1797,8,4,3,1,3
2018331801120,1,9,0,9,0,5,0,0,0,0,1,1,6,1,30,6,1242,1,8,5,2,5
2018331801120,2,9,0,18,0,8,0,0,0,0,3,1,2,1,49,8,1995,2,5,4,1,4
2018331801120,3,19,0,18,0,8,0,0,0,0,3,1,1,1,32,6,1598,2,1,5,1,5
2018331801121,1,5,0,17,0,0,1,0,1,1,1,1,6,1,67,10,1352,1,10,-1,-1,-1
2018331801122,1,9,0,7,0,6,1,0,4,0,1,1,6,1,29,6,1598,1,17,3,1,3
2018331801123,1,9,0,18,0,0,0,0,0,0,1,1,6,1,22,5,2231,2,12,4,1,4
2018331801123,2,9,0,18,0,0,0,0,0,0,1,1,6,1,45,7,-1,-1,-1,9,2,9
2018331801124,1,9,0,17,0,4,0,0,0,0,1,1,2,1,63,9,1329,1,5,6,1,6
2018331801124,2,1,0,18,0,8,0,0,0,0,4,1,2,1,48,8,-1,-1,-1,9,1,9
2018331801125,1,9,0,17,0,0,0,0,0,0,1,1,6,1,65,9,2143,2,5,7,3,7
2018331801125,2,5,0,16,0,0,1,0,7,11,1,1,6,1,38,7,1043,1,-1,9,1,9
2018331801127,1,9,0,18,0,0,0,0,0,0,4,1,6,3,-1,-1,-1,-1,-1,-1,-1,-1
2018331801128,1,9,0,18,0,0,0,0,0,0,1,1,6,2,26,6,1997,2,11,10,1,10
2018331801129,1,9,0,5,0,8,0,0,0,0,1,1,6,2,30,6,1229,1,11,8,2,8
2018331801129,2,9,0,9,0,8,0,0,0,0,1,1,6,1,39,7,1598,1,10,1,1,1
2018331801130,1,9,0,9,0,6,0,0,0,0,1,1,1,1,53,8,1398,1,1,1,1,1
2018331801130,2,4,0,18,0,8,0,0,0,0,1,1,6,1,18,4,125,1,4,1,1,1
2018331801131,1,3,0,18,0,0,0,0,0,0,1,1,6,1,27,6,125,1,5,4,1,4
2018331801132,1,9,0,4,0,0,0,0,0,0,3,1,6,1,27,6,2993,2,-1,9,1,9
2018331801132,2,3,0,13,0,0,1,0,0,0,4,1,6,1,19,4,125,1,2,9,1,9
2018331801133,1,21,4,11,0,3,1,0,0,0,4,1,1,1,46,8,10837,2,1,5,3,5
2018331801133,2,9,0,18,0,3,2,0,7,9,3,1,1,1,28,6,1240,1,15,1,1,1
2018331801134,1,9,0,4,0,0,0,0,0,0,2,1,1,2,-1,-1,998,1,5,-1,-1,-1
2018331801134,2,9,0,4,0,0,0,0,0,0,2,1,1,2,29,6,1999,1,7,8,2,8
2018331801134,3,19,0,4,0,0,0,0,0,0,1,1,1,1,-1,-1,1560,2,1,-1,-1,-1
2018331801135,1,9,0,5,0,6,0,0,0,0,3,1,3,1,53,8,-1,-1,-1,6,1,6
2018331801135,2,9,0,18,0,8,0,0,0,0,1,1,6,2,72,10,1200,1,2,10,1,10
2018331801136,1,9,0,18,0,0,0,0,7,2,0,1,6,1,21,5,1590,1,14,5,1,5
2018331801137,1,9,0,18,0,0,0,0,0,0,1,1,6,1,22,5,-1,-1,-1,-1,-1,-1
2018331801138,1,9,0,18,0,7,0,0,0,0,2,1,6,1,49,8,1587,1,10,3,1,3
2018331801138,2,9,0,18,0,8,0,0,0,0,1,1,6,1,26,6,998,1,5,2,1,2
2018331801139,1,9,0,5,0,4,0,0,0,0,1,1,6,2,44,7,1349,1,8,8,1,8
2018331801139,2,1,0,18,0,8,0,0,0,0,4,1,6,1,31,6,-1,-1,-1,9,3,9
2018331801140,1,9,0,5,0,0,0,0,0,0,3,1,6,2,25,5,-1,-1,-1,7,2,7
2018331801141,1,9,0,13,0,8,0,0,0,0,4,1,2,1,57,9,2477,2,16,7,1,7
2018331801141,2,1,0,5,0,8,0,0,0,0,3,1,2,1,35,6,-1,-1,-1,3,1,3
2018331801142,1,9,0,4,0,1,0,0,0,0,2,1,6,1,37,7,1398,1,14,6,1,6
2018331801142,2,9,0,4,0,1,0,0,0,0,1,1,6,1,61,9,1598,1,16,3,1,3