Accident_Index,Vehicle_Reference,Vehicle_Type,Towing_and_Articulation,Vehicle_Manoeuvre,Vehicle_Location-Restricted_Lane,Junction_Location,Skidding_and_Overturning,Hit_Object_in_Carriageway,Vehicle_Leaving_Carriageway,Hit_Object_off_Carriageway,1st_Point_of_Impact,Was_Vehicle_Left_Hand_Drive?,Journey_Purpose_of_Driver,Sex_of_Driver,Age_of_Driver,Age_Band_of_Driver,Engine_Capacity_(CC),Propulsion_Code,Age_of_Vehicle,Driver_IMD_Decile,Driver_Home_Area_Type,Vehicle_IMD_Decile
2018331801142,3,9,0,3,0,1,0,0,0,0,2,1,6,1,63,9,1364,1,11,9,1,9
2018331801143,1,9,0,18,0,0,0,0,0,0,1,1,6,1,44,7,1399,2,8,-1,-1,-1
2018331801143,2,21,0,18,0,0,0,0,7,9,0,1,1,1,58,9,7201,2,4,8,1,8
2018331801144,1,9,0,18,0,2,0,0,0,0,1,1,1,1,66,10,1398,1,4,9,1,9
2018331801144,2,5,0,18,0,1,0,0,0,0,1,1,1,1,48,8,1170,1,3,6,1,6
2018331801144,3,9,0,3,0,1,0,0,0,0,3,1,1,1,24,5,1397,1,10,2,1,2
2018331801144,4,9,0,3,0,1,0,0,0,0,3,1,6,2,26,6,1956,2,6,-1,-1,-1
2018331801145,1,9,0,5,0,6,0,0,0,0,3,1,6,1,35,6,1560,2,10,3,1,3
2018331801145,2,9,0,18,0,8,0,0,0,0,1,1,6,1,27,6,1968,2,6,1,1,1
2018331801146,1,21,1,2,0,0,0,0,0,0,2,1,1,1,-1,-1,6871,2,4,-1,-1,-1
2018331801146,2,9,0,11,0,0,0,2,0,0,1,1,6,3,51,8,1968,2,2,-1,-1,-1
2018331801147,1,9,0,18,0,2,0,0,0,0,1,1,6,1,60,9,998,1,13,10,1,10
2018331801147,2,1,0,18,0,6,0,0,0,0,1,1,6,1,18,4,-1,-1,-1,3,1,3
2018331801148,1,9,0,18,0,8,0,0,0,0,1,1,6,3,56,9,1497,1,17,2,1,2
2018331801149,1,9,0,18,0,1,0,0,0,0,1,1,6,3,-1,-1,-1,-1,-1,-1,-1,-1
2018331801150,1,9,0,17,0,0,1,0,2,4,1,1,6,1,39,7,2685,2,13,4,1,4
2018331801151,1,9,0,18,0,0,0,0,0,0,3,1,2,2,20,4,1149,1,14,3,1,3
2018331801152,1,5,0,18,0,8,1,10,1,0,4,1,6,1,61,9,800,1,-1,10,1,10
2018331801152,2,9,0,9,0,6,0,0,0,0,0,1,1,3,-1,-1,-1,-1,-1,-1,-1,-1
2018331801153,1,9,0,4,0,1,0,0,0,0,2,1,1,2,45,7,1299,1,16,4,1,4
2018331801153,2,9,0,8,0,1,0,0,0,0,2,1,6,1,39,7,1461,2,9,2,1,2
2018331801153,3,9,0,18,0,1,0,0,0,0,1,1,6,2,23,5,-1,-1,-1,9,3,9
2018331801154,1,9,0,13,0,0,1,0,7,4,1,1,2,1,31,6,2979,1,4,7,3,7
2018331801154,2,9,0,12,0,0,0,0,0,0,4,1,2,1,20,4,3498,1,15,6,1,6
2018331801155,1,9,0,5,0,0,0,0,0,0,4,1,6,2,34,6,1299,1,14,6,1,6
2018331801156,1,19,0,2,0,1,0,0,0,0,1,1,1,1,44,7,1968,2,2,-1,-1,-1
2018331801156,2,9,0,1,0,2,0,0,0,0,2,1,6,1,31,6,2656,1,13,-1,-1,-1
2018331801156,3,9,0,2,0,1,0,0,0,0,1,1,6,1,48,8,-1,-1,-1,-1,-1,-1
2018331801156,4,9,0,18,0,1,0,0,0,0,1,1,6,1,34,6,1968,2,4,-1,-1,-1
2018331801157,1,19,0,1,0,2,0,0,0,0,2,1,6,1,41,7,2198,2,10,4,1,4
2018331801158,1,8,0,9,0,5,0,0,0,0,3,1,1,1,32,6,-1,-1,-1,3,1,3
2018331801158,2,9,0,18,0,8,0,0,0,0,1,1,6,1,17,4,3498,1,15,3,1,3
2018331801159,1,9,0,18,0,0,1,0,0,0,1,1,6,1,48,8,999,1,-1,1,1,1
2018331801159,2,9,0,18,0,0,0,0,0,0,1,1,6,2,32,6,1598,1,9,1,1,1
2018331801160,1,9,0,18,0,1,0,0,0,0,1,1,6,1,30,6,-1,-1,-1,7,3,7
2018331801161,1,9,0,4,0,0,0,0,0,0,1,1,6,1,-1,-1,999,1,11,4,1,4
2018331801162,1,9,0,13,0,0,0,0,0,0,1,1,6,1,34,6,1339,1,11,1,1,1
2018331801162,2,9,0,18,0,0,0,0,0,0,1,1,6,2,50,8,1197,1,1,4,1,4
2018331801162,3,9,0,18,0,0,0,0,0,0,1,1,1,1,57,9,1360,1,18,6,1,6
2018331801163,1,9,0,18,0,0,0,0,0,0,1,1,6,2,38,7,1360,1,17,-1,-1,-1
2018331801164,1,9,0,16,0,0,1,0,1,9,1,1,6,2,18,4,1388,1,15,9,2,9
2018331801164,2,9,0,16,0,0,0,0,0,0,2,1,6,2,18,4,1242,1,16,4,1,4
2018331801165,1,9,0,18,0,1,0,0,0,0,1,1,6,1,-1,-1,-1,-1,-1,-1,-1,-1
2018331801167,1,21,0,18,0,1,0,0,0,0,1,1,1,1,61,9,3920,2,5,7,1,7
2018331801168,1,8,0,9,0,5,0,0,0,0,4,1,6,1,31,6,-1,-1,-1,4,1,4
2018331801168,2,9,0,18,0,8,0,0,0,0,1,1,6,1,27,6,1197,1,2,3,1,3
2018331801169,1,9,0,18,0,2,0,0,0,0,1,1,6,1,61,9,-1,-1,-1,-1,-1,-1
2018331801169,2,1,0,18,0,2,0,0,0,0,1,1,6,1,22,5,-1,-1,-1,-1,-1,-1
2018331801170,1,9,0,18,0,8,2,0,5,0,1,1,6,2,38,7,1796,1,13,9,1,9
2018331801170,2,9,0,7,0,6,0,0,0,0,3,1,6,1,89,11,-1,-1,-1,9,1,9
2018331801171,1,9,0,18,0,0,0,0,0,0,1,1,1,3,33,6,-1,-1,-1,7,1,7
2018331801172,1,97,0,18,0,8,0,0,0,0,1,1,6,3,-1,-1,-1,-1,-1,-1,-1,-1
2018331801172,2,1,0,9,0,5,0,0,0,0,2,1,6,2,25,5,-1,-1,-1,7,1,7
2018331801173,1,9,0,7,0,8,0,0,0,0,0,1,6,1,-1,-1,1991,1,20,-1,-1,-1
2018331801173,2,1,0,18,0,8,1,0,0,0,4,1,1,1,20,4,-1,-1,-1,1,1,1
2018331801174,1,9,0,18,0,3,2,7,0,0,1,1,6,1,23,5,2993,2,9,-1,-1,-1
2018331801175,1,9,0,9,0,5,0,0,0,0,3,1,2,1,50,8,1560,2,1,-1,-1,-1
2018331801175,2,9,0,16,0,8,0,0,0,0,1,1,6,3,-1,-1,-1,-1,-1,-1,-1,-1
2018331801176,1,9,0,3,0,0,0,0,0,0,2,1,6,1,44,7,1598,2,3,10,1,10
2018331801176,2,9,0,16,0,0,0,0,0,0,1,1,6,2,21,5,1197,1,3,8,3,8
2018331801176,3,98,1,17,0,0,0,0,0,0,0,1,6,3,-1,-1,-1,-1,-1,-1,-1,-1
2018331801177,1,3,0,17,0,0,0,0,0,0,3,1,6,1,17,4,125,1,2,5,1,5
2018331801178,1,9,0,4,0,4,0,0,0,0,2,1,6,1,44,7,2987,2,11,1,1,1
2018331801178,2,9,0,4,0,4,0,0,0,0,1,1,6,1,45,7,1596,1,13,1,1,1
2018331801179,1,9,0,18,0,6,0,0,0,0,1,1,6,2,50,8,1242,1,6,1,1,1
2018331801179,2,9,0,18,0,8,0,0,0,0,3,1,6,2,25,5,1398,1,7,1,1,1
2018331801180,1,9,0,18,0,6,0,0,0,0,1,1,6,2,52,8,1997,1,19,2,1,2
2018331801180,2,9,0,18,0,8,0,7,1,10,3,1,6,2,53,8,1560,2,11,1,1,1
2018331801182,1,9,0,18,0,2,0,0,0,0,1,1,6,3,-1,-1,1360,1,12,-1,-1,-1
2018331801182,2,9,0,18,0,1,0,0,0,0,0,1,1,1,-1,-1,1598,2,2,-1,-1,-1
2018331801182,3,1,0,18,0,1,0,0,0,0,1,1,6,1,39,7,-1,-1,-1,1,1,1
2018331801183,1,9,0,8,0,1,0,0,0,0,2,1,3,2,41,7,1395,1,2,5,1,5
2018331801183,2,9,0,5,0,1,0,0,0,0,1,1,1,1,41,7,1991,1,19,6,1,6
2018331801184,1,9,0,18,0,0,0,0,1,11,1,1,6,1,77,11,1461,2,3,7,1,7
2018331801184,2,90,0,18,0,0,0,0,0,0,3,1,6,1,51,8,2970,2,-1,-1,-1,-1
2018331801184,3,9,0,2,0,0,0,0,0,0,2,1,6,1,58,9,1596,1,10,6,1,6
2018331801185,1,9,0,18,0,8,0,0,0,0,1,1,2,2,33,6,1242,1,6,2,1,2
2018331801185,2,9,0,9,0,6,0,0,0,0,1,1,2,2,19,4,1388,1,9,9,1,9
2018331801186,1,19,0,1,0,8,0,0,0,0,2,1,6,1,33,6,-1,-1,-1,-1,-1,-1
2018331801186,2,9,0,3,0,8,0,0,0,0,1,1,1,1,39,7,-1,-1,-1,-1,-1,-1
2018331801187,1,9,0,9,0,8,0,0,0,0,4,1,2,1,55,8,2143,2,1,1,1,1
2018331801188,1,9,0,18,0,0,0,0,0,0,1,1,6,3,-1,-1,1595,1,12,-1,-1,-1
2018331801189,1,9,0,18,0,0,0,0,0,0,1,1,6,1,40,7,1364,1,13,1,1,1
2018331801189,2,1,0,18,0,0,0,0,0,0,1,1,6,1,15,3,-1,-1,-1,6,1,6
2018331801190,1,9,0,18,0,0,0,0,0,0,1,1,6,1,28,6,1596,1,5,3,1,3
2018331801191,1,9,0,7,0,6,0,0,0,0,1,1,6,1,29,6,1390,1,13,1,1,1
2018331801191,2,9,0,18,0,8,0,0,0,0,4,1,6,2,24,5,1229,1,12,8,2,8
2018331801192,1,9,0,9,0,8,0,0,0,0,1,1,6,2,26,6,1598,1,8,5,1,5
2018331801193,1,9,0,18,0,2,0,0,0,0,1,1,6,1,63,9,1995,2,3,-1,-1,-1
2018331801194,1,9,0,9,0,6,0,0,0,0,3,1,6,1,47,8,1461,2,6,8,1,8
2018331801194,2,3,0,18,0,8,0,0,0,0,1,1,6,1,-1,-1,124,1,8,-1,-1,-1
2018331801195,1,5,0,14,0,0,0,0,0,0,4,1,6,1,48,8,249,1,25,8,1,8
2018331801195,2,9,0,5,0,0,0,0,0,0,3,1,6,1,50,8,2993,2,12,5,1,5
2018331801195,3,9,0,18,0,0,0,0,0,0,0,1,6,1,49,8,2720,2,13,6,1,6
2018331801196,1,19,4,5,9,0,0,0,0,0,4,1,1,1,36,7,3198,2,1,9,2,9
2018331801197,1,90,0,18,0,8,5,0,0,0,4,1,1,1,48,8,1968,2,-1,4,1,4
2018331801197,2,9,0,18,0,8,0,0,0,0,1,1,6,1,76,11,2231,2,10,5,1,5
2018331801198,1,9,0,9,0,6,0,0,4,11,3,1,6,1,77,11,2191,2,2,7,3,7
2018331801198,2,9,0,18,0,8,0,0,0,0,1,1,2,1,23,5,1997,2,14,7,1,7
2018331801199,1,20,0,18,0,0,0,0,0,0,1,1,1,1,51,8,4461,2,5,3,1,3
2018331801199,2,21,1,4,0,0,0,0,0,0,2,1,1,1,52,8,-1,-1,-1,8,1,8
2018331801200,1,9,0,17,0,0,0,0,0,0,1,1,6,1,23,5,1995,2,11,1,1,1
2018331801200,2,9,0,4,0,0,0,0,0,0,2,1,6,1,33,6,1686,2,13,1,1,1
2018331801200,3,9,0,4,0,0,0,0,0,0,2,1,6,1,18,4,796,1,15,1,1,1
2018331801201,1,5,0,18,0,0,0,0,0,0,1,1,6,1,41,7,598,1,20,4,1,4
2018331801202,1,9,0,9,0,6,0,0,0,0,3,1,6,2,35,6,1360,1,18,10,3,10
2018331801202,2,9,0,18,0,8,0,0,0,0,1,1,6,2,75,10,996,1,6,8,3,8
2018331801203,1,9,0,9,0,5,0,0,0,0,1,1,6,2,30,6,1242,1,1,6,3,6
2018331801203,2,9,0,18,0,8,0,0,0,0,1,1,6,2,37,7,1597,2,1,10,1,10
2018331801204,1,9,0,6,0,0,0,0,4,0,3,1,1,1,65,9,-1,-1,-1,7,1,7
2018331801204,2,9,0,13,0,0,0,0,0,0,1,1,1,2,55,8,1999,2,-1,9,3,9
2018331801205,1,10,0,4,0,0,0,0,0,0,2,1,6,1,36,7,-1,-1,-1,-1,-1,-1
2018331801205,2,21,0,18,0,0,0,0,0,0,1,1,1,1,-1,-1,-1,-1,-1,-1,-1,-1
2018331801206,1,9,0,4,0,1,0,0,0,0,2,1,6,1,63,9,1396,1,16,4,1,4
2018331801206,2,9,0,18,0,1,0,0,0,0,1,1,6,1,20,4,1596,1,8,-1,-1,-1
2018331801206,3,9,0,9,0,6,0,0,0,0,0,1,6,3,-1,-1,-1,-1,-1,-1,-1,-1
2018331801207,1,9,0,13,0,0,5,7,1,10,1,1,6,1,35,6,-1,-1,-1,1,1,1
2018331801207,2,9,0,18,0,0,0,0,0,0,3,1,6,1,25,5,1388,1,7,8,3,8
2018331801208,1,9,0,18,0,0,0,0,0,0,1,1,6,1,34,6,1197,1,1,-1,-1,-1
2018331801208,2,9,0,4,0,0,0,0,0,0,2,1,6,2,-1,-1,1968,2,-1,-1,-1,-1
2018331801209,1,9,0,3,0,0,0,0,0,0,2,1,6,2,23,5,1598,1,5,-1,-1,-1
2018331801209,2,9,0,4,0,0,0,0,0,0,1,1,6,1,-1,-1,1896,2,15,-1,-1,-1
2018331801210,1,9,0,3,0,0,0,0,1,0,2,1,1,1,55,8,999,1,7,5,2,5
2018331801210,2,9,0,4,0,0,0,0,0,0,1,1,6,1,71,10,2400,2,5,9,3,9
2018331801211,1,9,0,3,0,1,0,0,0,0,2,1,6,1,21,5,1364,1,4,8,1,8
2018331801211,2,9,0,18,0,1,1,0,0,0,1,1,6,2,39,7,1995,2,4,7,1,7
2018331801212,1,9,0,18,0,2,0,0,0,0,0,1,1,1,33,6,1686,2,6,-1,-1,-1
2018331801212,2,9,0,18,0,2,0,0,0,0,1,1,6,3,-1,-1,2967,2,-1,-1,-1,-1
2018331801212,3,9,0,18,0,2,0,0,0,0,3,1,6,1,29,6,-1,-1,-1,3,1,3
2018331801213,1,9,0,18,0,1,0,0,0,0,1,1,6,1,35,6,1242,1,14,2,1,2
2018331801213,2,9,0,3,0,1,0,0,0,0,2,1,2,2,40,7,998,1,2,2,1,2
2018331801214,1,9,0,18,0,1,0,0,0,0,1,1,6,2,38,7,-1,-1,-1,4,1,4
2018331801214,2,9,0,3,0,1,0,0,0,0,2,1,6,2,22,5,1242,1,2,1,1,1
2018331801214,3,9,0,3,0,1,0,0,0,0,2,1,6,1,50,8,1386,1,9,7,1,7
2018331801214,4,9,0,3,0,1,0,0,0,0,2,1,6,1,40,7,3982,1,-1,-1,-1,-1
2018331801215,1,9,0,18,9,2,0,0,1,0,1,1,6,3,-1,-1,-1,-1,-1,-1,-1,-1
2018331801215,2,9,0,9,0,2,0,0,0,0,0,1,6,3,-1,-1,-1,-1,-1,-1,-1,-1
2018331801216,1,9,0,4,0,8,0,0,0,0,0,1,6,2,-1,-1,1968,2,10,-1,-1,-1
2018331801216,2,21,0,4,0,8,1,0,0,0,0,1,1,1,-1,-1,10837,2,2,-1,-1,-1
2018331801216,3,9,0,4,0,8,1,0,0,0,2,1,6,1,55,8,1991,1,2,10,2,10
2018331801216,4,9,0,18,0,8,1,0,0,0,1,1,1,1,-1,-1,-1,-1,-1,-1,-1,-1
2018331801217,1,9,0,2,0,0,0,0,0,0,2,1,6,1,62,9,-1,-1,-1,4,1,4
2018331801217,2,19,0,4,0,0,0,0,0,0,2,1,6,1,50,8,1560,2,3,8,1,8
2018331801217,3,9,0,17,0,0,0,0,0,0,1,1,6,1,31,6,1797,8,4,6,1,6
2018331801218,1,9,0,9,0,2,0,0,0,0,1,1,6,1,-1,-1,1598,1,14,-1,-1,-1
2018331801218,2,1,0,18,0,8,0,0,0,0,4,1,6,1,59,9,-1,-1,-1,1,1,1
2018331801219,1,9,0,4,0,1,0,0,0,0,1,1,6,1,51,8,2987,2,7,-1,-1,-1
2018331801219,2,9,0,3,0,1,0,0,0,0,2,1,6,1,34,6,2987,2,12,1,1,1
2018331801220,1,9,0,18,0,4,0,0,0,0,1,1,2,1,53,8,1968,2,4,10,2,10
2018331801220,2,1,0,9,0,8,0,0,0,0,3,1,6,1,56,9,-1,-1,-1,10,1,10
2018331801221,1,5,0,18,0,0,0,0,0,0,1,1,2,1,22,5,600,1,19,2,1,2
2018331801221,2,9,0,6,0,0,0,0,0,0,3,1,2,1,42,7,1598,2,1,10,2,10
2018331801222,1,9,0,18,0,8,0,0,7,1,3,1,6,2,51,8,1198,1,16,6,1,6
2018331801222,2,9,0,18,0,8,0,0,0,0,1,1,6,1,36,7,1598,2,3,7,1,7
2018331801224,1,1,0,18,0,0,0,0,0,0,2,1,6,1,28,6,-1,-1,-1,2,1,2
2018331801224,2,9,0,11,0,0,0,0,0,0,4,1,6,1,-1,-1,-1,-1,-1,-1,-1,-1
2018331801225,1,9,0,7,0,4,0,0,0,0,1,1,1,1,30,6,998,1,13,1,1,1
2018331801225,2,1,0,18,0,8,0,0,0,0,1,1,6,1,42,7,-1,-1,-1,-1,-1,-1
2018331801226,1,1,0,18,0,0,0,0,0,0,1,1,6,1,40,7,-1,-1,-1,-1,-1,-1
2018331801226,2,9,4,18,0,0,0,0,0,0,4,1,6,1,29,6,2477,2,14,7,1,7
2018331801227,1,9,0,18,0,0,0,0,0,0,1,1,6,1,52,8,-1,-1,-1,6,1,6
2018331801227,2,9,0,13,0,0,0,0,0,0,1,1,6,2,20,4,2993,2,11,-1,-1,-1
2018331801227,3,1,0,18,0,0,0,0,0,0,0,1,6,3,-1,-1,-1,-1,-1,-1,-1,-1
2018331801229,1,9,0,4,0,4,0,0,0,0,2,1,6,1,-1,-1,-1,-1,-1,-1,-1,-1
2018331801229,2,9,0,18,0,4,0,0,0,0,1,1,6,2,32,6,1560,2,6,5,1,5
2018331801230,1,19,0,18,0,1,0,0,0,0,1,1,1,1,39,7,1995,2,-1,4,-1,4
2018331801230,2,19,0,3,0,1,0,0,0,0,2,2,1,1,40,7,-1,-1,-1,-1,-1,-1
2018331801230,3,9,0,3,0,1,0,0,0,0,2,1,1,1,35,6,-1,-1,-1,2,1,2
2018331801230,4,9,0,3,0,1,0,0,0,0,2,1,1,1,40,7,1995,1,8,10,2,10
2018331801230,5,9,0,9,0,5,0,0,0,0,2,1,1,1,64,9,-1,-1,-1,-1,-1,-1
2018331801231,1,9,0,18,0,0,0,0,7,0,1,1,6,2,79,11,1339,1,11,6,3,6
2018331801231,2,9,0,18,0,0,0,0,0,0,1,1,6,1,72,10,1596,1,14,1,1,1
2018331801231,3,9,0,18,0,0,0,0,0,0,2,1,6,1,65,9,1995,2,5,-1,-1,-1
2018331801231,4,9,0,18,0,0,0,0,0,0,1,1,6,1,31,6,-1,-1,-1,-1,-1,-1
2018331801232,1,9,0,18,0,8,0,0,0,0,1,1,6,3,-1,-1,1984,1,1,-1,-1,-1
2018331801232,2,9,0,18,0,8,0,0,0,0,4,1,2,1,39,7,-1,-1,-1,1,1,1
2018331801232,3,9,0,10,0,1,0,0,0,0,4,1,6,1,18,4,1399,1,9,1,1,1
2018331801232,4,19,0,18,0,1,0,0,0,0,2,1,2,1,34,6,2686,2,14,2,1,2
2018331801232,5,9,0,18,0,1,0,0,0,0,3,1,6,1,64,9,1498,1,2,1,1,1
2018331801232,6,9,0,18,0,1,0,0,0,0,3,1,6,2,40,7,1198,1,3,1,1,1
2018331801233,1,19,0,7,0,6,0,0,0,0,1,1,1,1,54,8,2188,2,15,8,1,8
2018331801233,2,1,0,18,0,8,0,0,0,0,4,1,2,1,45,7,-1,-1,-1,1,1,1
2018331801234,1,11,0,9,0,5,0,5,0,0,1,1,1,1,44,7,-1,-1,-1,3,1,3
2018331801235,1,3,0,6,0,0,0,0,0,0,1,1,6,1,16,4,-1,-1,-1,-1,-1,-1
2018331801235,2,9,0,18,0,0,0,0,0,0,1,1,1,1,45,7,1598,2,-1,-1,-1,-1
2018331801236,1,9,0,4,0,0,0,0,0,0,1,1,3,2,37,7,-1,3,5,4,1,4
2018331801236,2,11,0,3,0,0,0,0,0,0,0,1,1,3,-1,-1,-1,-1,-1,-1,-1,-1
2018331801237,1,9,0,9,0,4,0,0,0,0,1,1,6,2,-1,-1,-1,-1,-1,-1,-1,-1
2018331801237,2,1,0,18,0,8,0,0,0,0,1,1,6,1,35,6,-1,-1,-1,2,1,2
2018331801238,1,9,0,9,0,5,0,0,0,0,1,1,6,2,-1,-1,-1,-1,-1,-1,-1,-1
2018331801238,2,1,0,18,0,8,0,0,0,0,1,1,6,1,16,4,-1,-1,-1,1,1,1
2018331801239,1,3,0,18,0,0,0,0,0,0,1,1,6,1,29,6,-1,-1,-1,7,1,7
2018331801239,2,9,0,18,0,0,0,0,0,0,3,1,6,2,41,7,-1,-1,-1,8,3,8
2018331801240,1,9,0,3,0,1,0,0,0,0,2,1,6,2,33,6,998,1,9,1,1,1
2018331801240,2,9,0,4,0,1,0,0,0,0,1,1,6,1,35,6,1997,1,13,3,1,3
2018331801241,1,9,0,7,0,6,0,0,0,0,3,1,6,3,-1,-1,-1,-1,-1,-1,-1,-1
2018331801241,2,1,0,18,0,8,0,0,0,0,1,1,6,1,32,6,-1,-1,-1,-1,-1,-1
2018331801242,1,9,0,1,0,6,0,0,3,11,2,1,6,2,83,11,1360,1,15,9,3,9
2018331801242,2,9,0,2,0,2,0,0,0,0,2,1,6,2,80,11,1198,1,7,-1,-1,-1
2018331801242,3,9,0,2,0,2,0,0,0,0,1,1,6,2,61,9,1390,1,6,-1,-1,-1
2018331801243,1,9,0,18,0,8,1,0,1,2,3,1,6,1,28,6,1997,1,13,2,1,2
2018331801243,2,9,0,18,0,6,0,0,0,0,1,1,6,1,37,7,1349,1,4,7,2,7
2018331801243,3,9,0,18,0,6,0,0,0,0,1,1,6,2,62,9,1396,1,4,8,1,8
2018331801246,1,9,0,7,0,6,0,0,0,0,1,1,6,1,-1,-1,-1,-1,-1,7,1,7
2018331801246,2,1,0,18,0,8,0,0,0,0,3,1,2,1,22,5,-1,-1,-1,2,1,2
2018331801247,1,9,0,18,0,2,0,0,0,0,1,1,6,3,53,8,1199,1,16,3,1,3
2018331801248,1,9,0,18,0,0,0,0,0,0,1,1,6,2,-1,-1,-1,-1,-1,-1,-1,-1
2018331801248,2,1,0,18,0,0,0,0,0,0,1,1,6,1,8,2,-1,-1,-1,1,1,1
2018331801248,3,1,0,18,0,0,0,0,0,0,0,1,6,1,39,7,-1,-1,-1,8,2,8
2018331801249,1,9,0,9,0,8,0,0,0,0,1,1,1,1,56,9,-1,-1,-1,1,1,1
2018331801249,2,9,0,18,0,8,0,0,0,0,1,1,6,1,74,10,1461,2,2,-1,-1,-1
2018331801250,1,9,0,18,0,6,0,0,0,0,1,1,6,3,-1,-1,1389,1,16,-1,-1,-1
2018331801250,2,9,0,18,0,8,0,0,0,0,4,1,1,1,49,8,1596,1,16,6,1,6
2018331801251,1,9,0,9,0,6,0,0,1,0,1,1,6,1,82,11,2143,2,1,-1,-1,-1
2018331801251,2,9,0,18,0,8,0,0,1,0,1,1,1,1,34,6,1998,8,3,9,2,9
2018331801253,1,11,0,18,0,1,0,0,0,0,1,1,1,1,73,10,9200,2,12,5,1,5
2018331801254,1,9,0,7,0,6,0,0,0,0,1,1,6,1,46,8,1599,1,10,3,1,3
2018331801254,2,9,0,18,0,8,0,0,0,0,4,1,6,2,34,6,1339,1,11,6,1,6
2018331801255,1,9,0,18,0,0,0,0,0,0,2,1,6,1,31,6,998,1,12,2,1,2
2018331801255,2,5,0,18,0,0,0,0,0,0,1,1,6,1,36,7,599,1,13,5,1,5
2018331801256,1,9,0,7,0,2,5,10,0,0,1,1,6,1,28,6,1200,1,2,9,1,9
2018331801256,2,19,0,16,0,1,0,0,0,0,1,2,6,1,31,6,1600,1,42,6,1,6
2018331801257,1,9,0,18,0,8,0,0,1,11,1,1,1,1,70,10,2987,2,12,4,1,4
2018331801257,2,11,0,18,2,6,0,0,0,0,4,1,1,1,42,7,6696,2,4,4,1,4
2018331801258,1,9,0,18,0,0,0,0,0,0,1,1,6,1,37,7,2993,2,12,5,1,5
2018331801258,2,9,0,18,0,0,0,0,0,0,1,1,6,1,48,8,998,1,12,8,1,8
2018331801259,1,19,0,9,0,6,0,0,0,0,1,1,6,3,32,6,1998,2,13,-1,-1,-1
2018331801260,1,9,0,18,0,1,0,0,0,0,1,1,6,2,35,6,1598,1,11,8,-1,8
2018331801261,1,9,0,9,0,6,0,0,0,0,1,1,6,2,58,9,1398,1,2,-1,-1,-1
2018331801262,1,4,0,18,0,8,0,10,0,0,1,1,6,1,19,4,124,1,-1,4,1,4
2018331801262,2,9,0,10,0,8,0,0,0,0,1,1,6,1,65,9,1969,1,1,9,3,9
2018331801263,1,9,0,18,0,0,0,0,0,0,1,1,6,1,25,5,-1,-1,-1,-1,-1,-1
2018331801264,1,4,0,13,0,8,0,0,0,0,1,1,2,1,18,4,125,1,2,9,1,9
2018331801264,2,9,0,9,0,5,0,0,0,0,1,1,2,2,28,6,1968,2,2,9,1,9
2018331801265,1,9,0,18,0,8,0,0,0,0,1,1,6,1,26,6,1968,2,5,-1,-1,-1
2018331801266,1,19,0,5,0,6,0,0,3,0,1,1,2,1,47,8,-1,-1,-1,8,2,8
2018331801266,2,9,0,17,0,8,0,0,0,0,1,1,6,2,31,6,1896,2,10,6,3,6
2018331801267,1,9,0,7,9,6,0,0,0,0,1,1,2,2,50,8,1968,2,1,9,1,9
2018331801267,2,1,0,18,9,8,0,0,0,0,4,1,6,2,35,6,-1,-1,-1,4,1,4
2018331801268,1,9,0,2,0,0,0,0,0,0,3,1,6,1,40,7,-1,-1,-1,-1,-1,-1
2018331801268,2,1,0,18,0,0,0,8,0,0,1,1,6,1,37,7,-1,-1,-1,-1,-1,-1
2018331801269,1,9,0,17,0,1,0,0,0,0,3,1,6,1,30,6,1398,1,13,-1,-1,-1
2018331801271,1,9,0,1,6,6,0,0,0,0,2,1,6,1,-1,-1,2000,2,14,-1,-1,-1
2018331801272,1,19,0,18,0,6,0,0,0,0,3,1,2,1,58,9,-1,-1,-1,4,2,4
2018331801272,2,5,0,18,0,8,2,0,7,0,1,1,6,1,63,9,1063,1,25,10,2,10
2018331801273,1,9,0,18,0,0,0,0,0,0,1,1,6,3,-1,-1,-1,-1,-1,-1,-1,-1
2018331801274,1,9,0,18,0,2,0,0,1,11,1,1,1,2,63,9,1968,2,12,-1,-1,-1
2018331801275,1,3,0,13,0,8,0,0,0,0,4,1,4,1,18,4,124,1,-1,5,1,5
2018331801275,2,9,0,9,0,5,0,0,0,0,3,1,6,1,-1,-1,-1,-1,-1,-1,-1,-1
2018331801275,3,9,0,18,0,2,0,0,0,0,3,1,2,1,-1,-1,1499,1,1,10,1,10
2018331801276,1,20,0,9,0,6,0,0,0,0,3,1,1,2,54,8,-1,-1,-1,5,1,5
2018331801276,2,9,0,18,0,8,0,0,0,0,1,1,6,2,50,8,1586,1,6,9,3,9
2018331801277,1,9,0,16,0,0,0,0,1,0,1,1,1,1,44,7,1598,1,18,9,2,9
2018331801277,2,9,0,17,0,0,0,0,0,0,1,1,1,1,43,7,1248,2,14,2,1,2
2018331801278,1,9,0,18,0,8,0,0,7,2,4,1,1,2,49,8,1598,1,13,-1,-1,-1
2018331801278,2,9,0,9,0,6,0,0,1,0,0,1,1,1,36,7,1896,2,14,-1,-1,-1
2018331801279,1,9,0,9,0,8,0,0,0,0,1,1,1,2,43,7,1968,2,-1,6,1,6
2018331801279,2,1,0,10,0,6,0,0,0,0,1,1,6,1,74,10,-1,-1,-1,5,1,5
2018331801279,3,98,0,18,0,1,0,0,0,0,0,1,6,3,-1,-1,-1,-1,-1,-1,-1,-1