Accident_Index,Vehicle_Reference,Vehicle_Type,Towing_and_Articulation,Vehicle_Manoeuvre,Vehicle_Location-Restricted_Lane,Junction_Location,Skidding_and_Overturning,Hit_Object_in_Carriageway,Vehicle_Leaving_Carriageway,Hit_Object_off_Carriageway,1st_Point_of_Impact,Was_Vehicle_Left_Hand_Drive?,Journey_Purpose_of_Driver,Sex_of_Driver,Age_of_Driver,Age_Band_of_Driver,Engine_Capacity_(CC),Propulsion_Code,Age_of_Vehicle,Driver_IMD_Decile,Driver_Home_Area_Type,Vehicle_IMD_Decile
2018331801280,1,9,0,9,0,2,0,0,0,0,1,1,6,2,35,6,-1,-1,-1,-1,-1,-1
2018331801280,2,9,0,2,0,2,0,0,0,0,0,1,6,2,-1,-1,-1,-1,-1,3,1,3
2018331801282,1,9,0,2,9,0,0,0,0,0,1,1,6,1,67,10,2191,2,-1,8,1,8
2018331801283,1,9,0,18,0,0,0,0,0,0,1,1,6,1,-1,-1,-1,-1,-1,-1,-1,-1
2018331801284,1,9,0,18,0,8,0,0,0,0,4,1,6,2,31,6,1395,1,1,7,1,7
2018331801284,2,8,0,9,0,6,0,0,0,0,3,1,6,1,-1,-1,1968,2,6,-1,-1,-1
2018331801285,1,9,0,16,0,0,1,0,2,2,4,1,6,1,18,4,1368,1,11,7,1,7
2018331801287,1,9,0,18,9,0,0,10,1,0,1,1,6,1,26,6,1968,2,12,9,1,9
2018331801287,2,21,1,3,0,0,0,0,0,0,4,1,6,1,42,7,10837,2,2,-1,-1,-1
2018331801288,1,9,0,1,0,6,0,0,0,0,2,1,6,3,25,5,1000,1,5,-1,-1,-1
2018331801288,2,1,0,18,0,8,0,0,0,0,4,1,6,1,13,3,-1,-1,-1,-1,-1,-1
2018331801289,1,9,0,9,9,2,0,10,7,0,1,1,6,2,-1,-1,1995,2,8,-1,-1,-1
2018331801289,2,19,0,2,9,2,0,0,0,0,1,1,6,3,-1,-1,2446,2,19,-1,-1,-1
2018331801290,1,9,0,18,0,1,0,0,0,0,1,1,6,1,34,6,1995,2,2,3,1,3
2018331801291,1,9,0,1,0,6,0,0,0,0,2,1,6,1,40,7,-1,-1,-1,-1,-1,-1
2018331801291,2,22,0,18,0,8,0,0,0,0,4,1,6,2,60,9,-1,-1,-1,1,1,1
2018331801292,1,9,0,18,0,2,0,0,0,0,1,1,6,1,37,7,1242,1,20,8,2,8
2018331801293,1,20,0,18,0,6,0,0,0,0,1,1,1,1,57,9,9290,2,2,8,3,8
2018331801293,2,9,0,18,0,8,0,0,0,0,2,1,6,1,69,10,1461,2,1,4,1,4
2018331801293,3,19,0,18,0,6,0,0,0,0,1,1,1,1,36,7,-1,-1,-1,9,1,9
2018331801295,1,9,0,18,0,0,1,0,7,3,1,1,6,3,18,4,1497,1,16,-1,-1,-1
2018331801296,1,9,0,18,0,0,0,4,0,0,1,1,6,2,19,4,1242,1,13,10,1,10
2018331801296,2,9,0,2,0,0,0,0,1,0,2,1,6,3,-1,-1,1997,1,6,-1,-1,-1
2018331801296,3,9,0,2,9,0,0,0,0,0,2,1,6,3,-1,-1,1596,1,6,-1,-1,-1
2018331801297,1,9,0,7,0,5,0,0,0,0,1,1,6,1,48,8,-1,-1,-1,-1,-1,-1
2018331801297,2,8,0,10,0,8,0,0,0,0,1,1,1,1,37,7,-1,-1,-1,1,1,1
2018331801298,1,9,0,7,0,2,0,0,0,0,1,1,6,1,-1,-1,2362,1,17,4,1,4
2018331801299,1,9,0,18,0,8,0,0,0,0,1,1,6,2,18,4,1198,1,4,8,1,8
2018331801299,2,9,0,9,0,6,0,0,0,0,1,1,2,2,25,5,1242,1,-1,6,1,6
2018331801300,1,9,0,3,0,1,0,0,0,0,3,1,6,1,21,5,1900,2,13,5,1,5
2018331801300,2,9,0,9,0,2,1,0,0,0,1,1,2,2,39,7,1560,2,4,3,1,3
2018331801301,1,9,0,9,0,6,0,0,0,0,1,1,6,1,-1,-1,2496,2,13,-1,-1,-1
2018331801301,2,9,0,18,0,8,0,0,1,7,3,1,6,1,38,7,1461,2,3,2,1,2
2018331801302,1,19,0,6,0,0,0,0,0,0,1,1,6,1,-1,-1,-1,-1,-1,-1,-1,-1
2018331801302,2,9,0,18,0,0,0,0,0,0,1,1,6,2,37,7,1995,2,6,6,1,6
2018331801303,1,9,0,18,0,0,2,0,6,4,4,1,6,1,20,4,1390,1,11,3,1,3
2018331801304,1,9,0,18,0,0,0,0,0,0,1,1,2,1,61,9,2188,2,20,4,2,4
2018331801304,2,9,0,13,0,0,0,0,0,0,4,1,2,2,29,6,1390,1,18,3,1,3
2018331801304,3,17,0,18,0,0,0,0,0,0,2,1,2,1,54,8,-1,-1,-1,10,2,10
2018331801305,1,9,0,7,0,5,0,0,0,0,4,1,2,2,29,6,1229,1,8,3,1,3
2018331801305,2,3,0,18,0,8,0,0,0,0,1,1,2,1,25,5,125,1,4,2,1,2
2018331801306,1,9,0,3,0,1,0,0,0,0,2,1,6,1,24,5,1248,2,5,3,1,3
2018331801306,2,9,0,4,0,1,0,0,0,0,1,1,6,1,-1,-1,-1,-1,-1,-1,-1,-1
2018331801307,1,9,0,18,0,0,5,0,1,0,1,1,6,2,21,5,1598,1,13,1,1,1
2018331801308,1,9,0,9,0,6,0,0,3,9,3,1,6,2,18,4,1229,1,8,8,1,8
2018331801308,2,9,0,18,0,8,0,0,0,0,2,1,6,1,27,6,1984,1,4,3,1,3
2018331801309,1,9,0,2,0,0,0,0,0,0,1,1,3,2,30,6,2902,2,12,10,2,10
2018331801309,2,9,0,1,0,0,0,0,0,0,2,1,3,2,48,8,1398,2,4,-1,-1,-1
2018331801310,1,9,4,18,0,0,0,0,0,0,1,1,1,1,43,7,-1,-1,-1,10,1,10
2018331801311,1,9,0,18,0,0,5,0,4,6,3,1,6,1,30,6,2993,2,14,-1,-1,-1
2018331801312,1,9,0,7,0,4,0,0,0,0,1,1,6,3,-1,-1,-1,-1,-1,-1,-1,-1
2018331801312,2,9,0,18,0,8,0,0,0,0,4,1,6,1,62,9,-1,-1,-1,8,2,8
2018331801313,1,9,0,18,0,8,1,0,1,4,1,1,6,1,26,6,2967,2,1,9,2,9
2018331801313,2,9,0,9,0,5,0,0,0,0,4,1,6,2,51,8,1968,2,-1,7,3,7
2018331801314,1,9,0,18,0,8,0,0,0,0,1,1,6,1,49,8,1753,2,12,-1,-1,-1
2018331801314,2,9,0,5,0,6,0,0,1,0,4,1,6,2,17,4,998,1,1,10,2,10
2018331801315,1,9,0,16,0,2,0,0,0,0,1,1,6,2,31,6,1991,1,1,-1,-1,-1
2018331801316,1,9,0,5,0,6,0,0,0,0,1,1,6,2,21,5,2143,2,5,3,1,3
2018331801316,2,1,0,18,0,8,0,0,0,0,1,1,6,1,26,6,-1,-1,-1,-1,-1,-1
2018331801317,1,9,0,9,0,6,0,0,1,0,3,1,1,2,19,4,998,1,17,9,2,9
2018331801317,2,9,0,18,0,8,0,0,0,0,1,1,1,2,30,6,1242,1,10,-1,-1,-1
2018331801318,1,97,0,18,0,8,0,0,0,0,1,1,6,2,20,4,-1,-1,-1,6,1,6
2018331801318,2,9,0,9,0,6,0,0,0,0,1,1,6,2,-1,-1,1984,1,10,-1,-1,-1
2018331801319,1,9,0,18,0,8,0,0,0,0,1,1,2,1,51,8,-1,-1,-1,4,1,4
2018331801320,1,9,0,14,0,0,0,0,0,0,1,1,6,2,-1,-1,-1,-1,-1,-1,-1,-1
2018331801320,2,11,0,3,0,0,0,0,0,0,0,1,1,3,-1,-1,-1,-1,-1,-1,-1,-1
2018331801321,1,9,0,18,0,0,1,0,0,0,1,1,2,1,18,4,1242,1,15,3,1,3
2018331801321,2,9,0,4,0,0,0,0,0,0,2,1,2,2,47,8,-1,-1,-1,2,1,2
2018331801322,1,9,0,18,0,2,0,0,7,10,1,1,6,2,80,11,1598,2,2,8,1,8
2018331801323,1,9,0,9,0,0,0,0,1,0,4,1,6,1,30,6,1896,2,15,9,1,9
2018331801323,2,3,0,18,0,0,0,0,0,0,1,1,6,1,20,4,125,1,3,-1,-1,-1
2018331801324,1,9,0,17,0,1,0,0,0,0,3,1,6,1,62,9,1299,1,17,4,1,4
2018331801324,2,9,0,16,0,2,0,0,0,0,3,1,6,3,-1,-1,1910,2,14,-1,-1,-1
2018331801326,1,9,0,18,0,8,0,0,0,0,4,1,1,1,33,6,-1,-1,-1,1,1,1
2018331801326,2,1,0,18,0,8,0,0,0,0,4,1,6,1,-1,-1,-1,-1,-1,-1,-1,-1
2018331801327,1,19,0,18,0,0,0,0,0,0,1,1,6,1,24,5,1560,2,2,9,1,9
2018331801328,1,9,0,2,0,0,0,0,0,0,1,1,6,1,48,8,-1,-1,-1,3,1,3
2018331801328,2,9,0,1,0,0,0,0,0,0,2,1,6,1,-1,-1,1598,1,10,-1,-1,-1
2018331801329,1,21,1,7,0,7,0,0,0,0,0,1,1,3,-1,-1,-1,-1,-1,-1,-1,-1
2018331801329,2,21,0,18,0,8,0,0,0,0,2,1,1,1,39,7,9290,2,-1,-1,-1,-1
2018331801329,3,9,0,18,0,8,0,0,1,0,1,1,1,1,49,8,1248,1,1,-1,-1,-1
2018331801330,1,17,0,9,0,5,0,0,0,0,3,1,6,1,74,10,898,2,3,7,3,7
2018331801330,2,9,0,13,0,8,0,0,0,0,4,1,6,1,28,6,1997,2,1,8,3,8
2018331801331,1,9,0,7,0,8,0,0,0,0,1,1,6,2,-1,-1,1796,1,14,-1,-1,-1
2018331801332,1,9,0,18,0,1,0,0,0,0,4,1,6,2,54,8,998,1,1,8,3,8
2018331801334,1,9,0,18,0,8,0,0,0,0,1,1,6,1,60,9,2993,2,7,9,1,9
2018331801334,2,1,0,18,0,8,0,0,0,0,1,1,6,1,30,6,-1,-1,-1,2,1,2
2018331801335,1,9,0,18,0,0,0,0,0,0,3,1,6,1,42,7,1560,2,5,1,1,1
2018331801336,1,9,0,18,0,8,0,0,0,0,1,1,3,2,18,4,998,1,11,1,1,1
2018331801336,2,9,0,9,0,6,0,0,0,0,1,1,2,1,57,9,1396,1,8,3,1,3
2018331801336,3,19,0,18,0,1,0,0,0,0,1,1,2,1,65,9,2198,2,9,-1,-1,-1
2018331801337,1,9,0,18,0,2,0,0,0,0,1,1,2,2,19,4,1388,1,10,6,1,6
2018331801338,1,19,0,9,0,6,0,0,0,0,1,1,6,1,40,7,2402,2,14,-1,-1,-1
2018331801338,2,1,0,18,0,8,0,0,0,0,4,1,6,1,30,6,-1,-1,-1,1,1,1
2018331801339,1,9,0,18,0,1,0,0,0,0,1,1,6,2,25,5,1242,1,3,-1,-1,-1
2018331801339,2,9,0,3,0,2,0,0,0,0,3,1,6,2,32,6,1329,1,6,10,1,10
2018331801340,1,9,0,18,0,1,0,0,0,0,1,1,6,1,45,7,1364,1,4,-1,-1,-1
2018331801340,2,9,0,2,0,1,0,0,0,0,0,1,6,1,-1,-1,-1,-1,-1,-1,-1,-1
2018331801341,1,9,0,9,4,6,0,0,0,0,1,1,6,1,20,4,1598,1,15,2,1,2
2018331801341,2,1,0,18,4,8,0,0,0,0,1,1,6,2,22,5,-1,-1,-1,9,2,9
2018331801342,1,9,0,18,0,0,0,0,0,0,1,1,6,2,59,9,1997,2,6,-1,-1,-1
2018331801343,1,9,0,18,0,0,0,0,0,0,1,1,6,2,48,8,1598,1,12,8,2,8
2018331801344,1,3,0,3,0,1,0,0,0,0,1,1,6,1,17,4,49,1,1,3,1,3
2018331801344,2,9,0,9,0,5,0,0,0,0,1,1,6,1,-1,-1,1560,2,4,6,1,6
2018331801345,1,11,0,5,2,6,0,0,0,0,1,1,1,1,39,7,730,2,16,3,1,3
2018331801346,1,9,0,18,0,0,0,0,0,0,4,1,6,1,30,6,1596,1,13,-1,-1,-1
2018331801347,1,9,0,3,0,1,0,0,0,0,2,1,6,1,28,6,1995,2,11,7,1,7
2018331801347,2,9,0,18,0,1,0,0,0,0,1,1,6,3,-1,-1,1761,1,20,-1,-1,-1
2018331801348,1,9,0,1,0,6,0,0,3,10,2,1,6,1,83,11,1398,1,2,7,1,7
2018331801348,2,9,0,18,0,8,0,0,7,11,1,1,6,2,71,10,1461,2,10,8,1,8
2018331801348,3,9,0,2,9,2,0,0,0,0,3,1,6,3,-1,-1,1997,2,16,-1,-1,-1
2018331801348,4,9,0,2,9,2,0,0,0,0,2,1,6,3,-1,-1,1560,2,10,-1,-1,-1
2018331801348,5,9,0,2,9,2,0,0,0,0,4,1,6,3,-1,-1,-1,-1,-1,-1,-1,-1
2018331801349,1,9,0,18,0,2,0,0,0,0,1,1,6,1,33,6,1246,1,13,3,1,3
2018331801349,2,9,0,18,0,1,0,0,0,0,1,1,6,2,52,8,2179,2,5,9,1,9
2018331801349,3,9,0,2,0,2,0,0,0,0,2,1,6,3,-1,-1,1398,1,5,3,1,3
2018331801350,1,9,0,18,0,8,0,0,1,0,1,1,6,3,-1,-1,-1,-1,-1,-1,-1,-1
2018331801351,1,19,0,18,0,0,0,0,0,0,4,1,1,1,-1,-1,1686,2,12,-1,-1,-1
2018331801352,1,9,0,18,0,2,0,0,0,0,2,1,6,1,48,8,1968,2,4,3,1,3
2018331801352,2,8,0,18,0,2,0,0,0,0,1,1,1,1,26,6,-1,-1,-1,8,1,8
2018331801353,1,9,0,18,0,6,0,0,0,0,4,1,6,1,50,8,1968,2,8,2,1,2
2018331801353,2,9,0,18,0,8,0,0,0,0,3,1,6,1,42,7,-1,-1,-1,8,1,8
2018331801354,1,9,0,18,0,0,0,0,0,0,3,1,6,1,45,7,-1,-1,-1,-1,-1,-1
2018331801355,1,10,0,9,0,5,0,0,0,0,1,1,1,1,42,7,-1,-1,-1,8,1,8
2018331801355,2,1,0,18,0,8,0,0,0,0,1,1,1,1,28,6,-1,-1,-1,1,1,1
2018331801356,1,9,0,18,0,1,0,0,0,0,1,1,6,1,19,4,1364,2,4,1,1,1
2018331801357,1,9,0,18,0,0,0,0,0,0,1,1,6,1,26,6,1995,2,14,3,1,3
2018331801358,1,90,0,6,0,8,0,0,0,0,3,1,1,1,25,5,-1,-1,-1,10,1,10
2018331801358,2,9,0,9,0,8,0,0,0,0,1,1,6,2,-1,-1,1200,1,2,-1,-1,-1
2018331801359,1,9,0,3,0,0,0,0,0,0,2,1,1,2,21,5,898,1,3,10,1,10
2018331801359,2,9,0,4,0,0,1,0,0,0,1,1,6,1,30,6,1596,1,15,8,1,8
2018331801360,1,9,0,18,0,0,1,0,5,6,1,1,6,1,30,6,2184,2,13,4,1,4
2018331801360,2,9,0,18,0,0,0,0,1,7,2,1,6,1,30,6,1390,1,11,-1,-1,-1
2018331801361,1,9,0,18,0,6,0,0,0,0,1,1,2,1,47,8,1560,2,4,5,3,5
2018331801361,2,9,0,18,0,8,5,0,7,9,4,1,6,2,41,7,1598,1,5,7,1,7
2018331801362,1,11,0,18,0,1,0,0,0,0,1,1,1,1,25,5,5132,2,3,6,1,6
2018331801363,1,9,0,9,0,8,0,0,0,0,4,1,2,1,38,7,1797,8,5,3,1,3
2018331801363,2,1,0,18,0,8,0,0,0,0,1,1,6,1,24,5,-1,-1,-1,3,1,3
2018331801364,1,9,0,17,0,0,1,0,0,0,4,1,6,1,50,8,-1,-1,-1,-1,-1,-1
2018331801364,2,9,0,16,0,0,0,0,0,0,1,1,6,1,19,4,1995,2,10,8,1,8
2018331801365,1,9,0,4,0,0,0,0,0,0,2,1,1,1,32,6,1339,1,14,7,1,7
2018331801365,2,9,0,18,0,0,0,0,0,0,1,1,6,3,-1,-1,-1,-1,-1,-1,-1,-1
2018331801366,1,9,0,18,0,8,0,0,0,0,3,1,6,2,54,8,-1,-1,-1,-1,-1,-1
2018331801366,2,1,0,18,0,4,0,0,0,0,1,1,6,1,56,9,-1,-1,-1,-1,-1,-1
2018331801367,1,9,0,18,0,0,0,0,0,0,1,1,6,1,84,11,1560,2,7,10,1,10
2018331801367,2,1,0,18,0,0,0,0,0,0,1,1,6,1,12,3,-1,-1,-1,5,1,5
2018331801369,1,9,0,18,0,1,0,0,0,0,1,1,6,1,28,6,1560,2,7,4,1,4
2018331801369,2,9,0,4,0,1,0,0,0,0,2,1,6,1,49,8,1796,1,12,8,2,8
2018331801370,1,4,0,18,0,0,1,0,0,0,1,1,6,1,34,6,-1,-1,-1,5,2,5
2018331801370,2,4,0,18,0,0,1,0,0,0,1,1,6,1,44,7,-1,-1,-1,7,1,7
2018331801371,1,9,0,17,0,0,1,0,1,10,4,1,6,1,81,11,1328,1,14,7,1,7
2018331801372,1,9,0,18,0,0,0,0,0,0,4,1,6,1,28,6,1984,1,7,-1,-1,-1
2018331801373,1,9,0,18,0,8,0,0,0,0,1,1,6,3,29,6,-1,-1,-1,6,1,6
2018331801373,2,9,0,9,0,6,0,0,0,0,1,1,6,2,41,7,1396,1,5,-1,-1,-1
2018331801374,1,9,0,18,0,0,0,7,1,0,1,1,6,1,26,6,1198,1,8,3,1,3
2018331801375,1,9,0,18,0,8,0,0,7,1,4,1,6,1,64,9,1834,1,15,7,1,7
2018331801375,2,9,0,7,0,6,0,0,0,0,1,1,6,3,-1,-1,1242,1,5,-1,-1,-1
2018331801376,1,3,0,13,0,1,0,0,0,0,0,1,6,1,17,4,-1,-1,-1,-1,-1,-1
2018331801376,2,21,0,5,0,1,0,0,0,0,3,1,1,1,53,8,-1,-1,-1,-1,-1,-1
2018331801377,1,9,0,7,0,6,0,0,0,0,1,1,6,1,53,8,-1,-1,-1,-1,-1,-1
2018331801377,2,1,0,18,0,8,0,0,0,0,1,1,6,1,37,7,-1,-1,-1,3,1,3
2018331801378,1,9,0,18,0,8,0,0,0,0,1,1,6,1,39,7,1968,2,12,5,1,5
2018331801378,2,9,0,9,0,6,0,0,0,0,1,1,6,2,55,8,1596,1,13,8,1,8
2018331801379,1,8,0,18,0,8,2,0,1,0,1,1,6,1,49,8,1560,2,4,5,1,5
2018331801379,2,9,0,9,0,6,0,0,0,0,1,1,6,1,40,7,2191,2,5,7,3,7
2018331801380,1,9,0,18,0,8,0,0,0,0,1,1,2,1,71,10,1998,1,1,9,1,9
2018331801380,2,9,0,9,0,6,0,0,0,0,3,1,2,1,55,8,999,1,-1,-1,-1,-1
2018331801381,1,9,0,18,0,8,0,0,1,0,1,1,1,1,72,10,-1,-1,-1,7,3,7
2018331801381,2,9,0,9,0,6,0,0,0,0,1,1,1,1,74,10,1984,1,14,10,1,10
2018331801383,1,9,0,7,0,6,0,0,0,0,1,1,6,1,70,10,2967,2,2,10,1,10
2018331801383,2,1,0,18,0,8,0,0,0,0,1,1,6,2,53,8,-1,-1,-1,8,1,8
2018331801384,1,9,0,18,0,8,0,0,0,0,1,1,2,1,43,7,1461,2,1,7,3,7
2018331801384,2,9,0,9,0,5,0,0,0,0,1,1,6,1,61,9,1560,2,4,6,3,6
2018331801385,1,9,0,16,0,0,0,0,0,0,4,1,6,1,38,7,1497,8,8,10,1,10
2018331801386,1,9,0,18,0,8,0,0,0,0,1,1,2,1,23,5,1968,2,5,6,1,6
2018331801386,2,9,0,5,0,6,1,0,0,0,3,1,2,1,33,6,1598,2,4,7,3,7
2018331801387,1,9,0,18,0,0,0,0,0,0,4,1,6,1,67,10,1968,2,1,9,1,9
2018331801387,2,1,0,18,0,0,0,0,0,0,1,1,4,1,13,3,-1,-1,-1,9,1,9
2018331801388,1,9,0,18,0,8,0,0,1,0,3,1,6,2,24,5,898,1,2,8,2,8
2018331801388,2,9,0,18,0,6,0,0,0,0,1,1,6,3,30,6,1248,2,10,-1,-1,-1
2018331801389,1,9,0,18,0,1,1,0,1,11,1,1,6,2,32,6,1596,1,14,5,1,5
2018331801390,1,19,0,7,0,6,5,0,1,1,2,1,1,1,63,9,1248,2,4,2,1,2
2018331801390,2,9,0,18,0,8,0,0,0,0,1,1,1,3,22,5,1968,1,13,9,3,9
2018331801391,1,19,0,9,0,5,0,0,0,0,3,1,6,1,25,5,1598,2,3,3,1,3
2018331801391,2,3,0,13,0,8,0,0,0,0,1,1,6,1,30,6,124,1,-1,-1,-1,-1
2018331801392,1,9,0,5,0,1,0,0,0,0,1,1,2,2,-1,-1,1686,2,13,-1,-1,-1
2018331801393,1,9,0,18,0,2,0,0,0,0,4,1,6,1,68,10,1794,1,11,8,1,8
2018331801393,2,8,0,7,0,2,0,0,0,0,1,1,1,1,34,6,1896,2,8,2,1,2
2018331801394,1,9,0,12,0,0,0,0,0,0,0,1,6,2,-1,-1,-1,-1,-1,-1,-1,-1
2018331801394,2,9,0,18,0,0,2,0,5,6,1,1,6,2,28,6,1598,1,15,-1,-1,-1
2018331801394,3,9,0,4,0,0,1,0,0,0,2,1,6,2,60,9,-1,-1,-1,-1,-1,-1
2018331801394,4,9,0,18,0,0,1,0,0,0,1,1,6,1,24,5,-1,-1,-1,7,3,7
2018331801395,1,9,0,18,0,8,0,0,0,0,4,1,6,1,-1,-1,1798,8,1,-1,-1,-1
2018331801395,2,1,0,18,0,8,0,0,0,0,1,1,6,1,30,6,-1,-1,-1,4,1,4
2018331801397,1,9,0,9,0,5,0,0,1,0,4,1,1,1,41,7,-1,-1,-1,-1,-1,-1
2018331801397,2,9,0,18,0,8,0,0,1,0,1,1,2,1,44,7,1560,2,4,-1,-1,-1
2018331801397,3,19,0,18,0,1,0,0,0,0,0,1,6,3,-1,-1,-1,-1,-1,-1,-1,-1
2018331801398,1,9,0,7,0,5,0,0,0,0,4,1,6,3,-1,-1,1560,2,-1,-1,-1,-1
2018331801398,2,1,0,18,0,8,0,0,0,0,3,1,1,1,21,5,-1,-1,-1,2,1,2
2018331801399,1,9,0,7,0,5,1,0,1,7,1,1,1,1,25,5,1910,2,12,3,1,3
2018331801400,1,8,0,5,0,8,0,0,0,0,1,1,1,1,61,9,1968,2,5,4,1,4
2018331801400,2,9,0,18,0,8,0,0,0,0,3,1,6,1,26,6,2143,2,-1,6,1,6
2018331801401,1,9,0,18,0,0,0,0,0,0,1,1,6,1,61,9,1598,2,1,10,1,10
2018331801402,1,9,0,18,0,8,0,0,0,0,1,1,6,1,-1,-1,1796,1,8,-1,-1,-1
2018331801402,2,9,0,9,0,6,0,0,3,1,3,1,6,2,55,8,1395,1,4,7,1,7
2018331801403,1,9,0,18,0,3,5,7,0,0,1,1,6,1,20,4,1360,1,10,10,2,10
2018331801404,1,9,0,16,0,2,5,4,7,3,1,1,6,1,30,6,1596,1,11,4,1,4
2018331801404,2,9,0,2,0,2,0,0,0,0,1,1,6,3,-1,-1,1242,1,5,4,1,4
2018331801404,3,9,0,2,0,2,0,0,0,0,1,1,6,3,-1,-1,1199,1,16,2,-1,2
2018331801404,4,9,0,2,0,2,0,0,0,0,2,1,6,3,-1,-1,1422,2,10,4,1,4
2018331801405,1,9,0,18,0,8,0,0,0,0,1,1,6,2,29,6,1798,1,22,7,2,7
2018331801405,2,9,0,9,0,6,0,0,1,9,3,1,6,1,58,9,1998,1,16,10,2,10
2018331801406,1,9,0,16,0,0,0,0,0,0,1,1,6,1,19,4,1896,2,11,1,1,1
2018331801406,2,9,0,17,0,0,0,0,0,0,1,1,6,1,33,6,1388,1,15,1,1,1
2018331801407,1,9,0,1,9,1,0,0,0,0,4,1,6,1,25,5,1999,1,12,3,1,3
2018331801407,2,9,0,2,9,1,0,0,0,0,4,1,6,2,27,6,1997,2,-1,3,1,3
2018331801408,1,9,0,18,0,0,1,0,1,4,4,1,6,1,57,9,1560,2,3,10,3,10
2018331801408,2,9,0,18,0,0,0,0,0,0,1,1,6,2,63,9,2179,2,5,9,3,9
2018331801410,1,9,0,16,0,0,0,0,0,0,1,1,6,1,38,7,1560,2,6,-1,-1,-1
2018331801410,2,9,0,18,0,0,0,0,0,0,1,1,6,1,49,8,-1,3,4,5,3,5
2018331801411,1,9,0,5,0,6,0,0,0,0,4,1,6,1,59,9,-1,-1,-1,2,1,2
2018331801411,2,9,0,18,0,8,0,0,0,0,0,1,6,1,31,6,2000,1,11,5,1,5
2018331801413,1,9,0,7,0,6,0,0,0,0,0,1,6,3,-1,-1,-1,-1,-1,-1,-1,-1
2018331801413,2,1,0,18,0,8,0,0,0,0,0,1,1,1,30,6,-1,-1,-1,4,1,4
2018331801414,1,9,0,18,0,0,0,0,0,0,4,1,6,2,38,7,1349,1,16,5,1,5
2018331801414,2,9,0,6,0,0,0,0,0,0,3,1,6,1,45,7,1560,2,3,7,1,7
2018331801416,1,3,0,18,0,8,1,0,0,0,1,1,2,1,17,4,125,1,6,1,1,1
2018331801416,2,9,0,10,0,8,0,0,0,0,3,1,6,2,28,6,1198,1,6,6,1,6
2018331801417,1,9,0,4,0,1,0,0,0,0,4,1,6,1,47,8,1598,2,4,3,1,3
2018331801417,2,1,0,18,0,1,0,0,0,0,1,1,6,1,23,5,-1,-1,-1,1,1,1
2018331801418,1,9,0,3,0,0,0,0,0,0,2,1,6,2,37,7,1999,2,2,10,1,10
2018331801418,2,3,0,18,0,0,0,0,0,0,1,1,2,1,19,4,124,1,3,2,1,2
2018331801419,1,9,0,18,0,6,0,0,0,0,4,1,6,1,30,6,1339,1,12,-1,-1,-1
2018331801419,2,9,0,18,0,8,0,0,0,0,1,1,6,1,29,6,1797,8,7,4,1,4
2018331801420,1,9,0,18,0,4,0,0,0,0,4,1,6,1,63,9,-1,-1,-1,6,2,6
2018331801420,2,1,0,18,0,4,0,0,0,0,3,1,6,1,35,6,-1,-1,-1,6,1,6
2018331801422,1,21,0,18,0,8,0,0,0,0,1,1,1,1,44,7,12419,2,5,9,3,9
2018331801422,2,9,0,18,0,4,0,0,0,0,3,1,1,2,36,7,1198,1,12,5,2,5
2018331801423,1,9,0,9,0,5,0,0,0,0,3,1,6,1,53,8,1685,2,1,3,1,3
2018331801423,2,1,0,18,0,8,1,0,0,0,3,1,6,1,42,7,-1,-1,-1,10,2,10
2018331801424,1,9,0,5,0,1,0,0,0,0,1,1,2,2,56,9,2597,1,13,10,2,10
2018331801424,2,1,0,18,0,8,0,0,0,0,3,1,6,1,30,6,-1,-1,-1,10,1,10
2018331801426,1,11,0,2,0,0,0,0,0,0,2,1,1,1,51,8,-1,2,24,1,1,1
2018331801426,2,9,0,18,0,0,0,0,0,0,1,1,6,1,27,6,-1,-1,-1,10,1,10
2018331801427,1,9,0,4,0,0,0,0,0,0,2,1,2,2,40,7,2143,2,5,7,1,7
2018331801427,2,9,0,4,0,0,0,0,0,0,1,1,6,1,25,5,-1,-1,-1,8,1,8
2018331801428,1,9,0,9,0,7,0,0,1,1,1,1,1,1,44,7,-1,-1,-1,9,1,9
2018331801429,1,9,0,18,0,0,0,0,0,0,1,1,2,1,66,10,1242,1,10,6,1,6
2018331801430,1,9,0,16,0,0,0,0,1,3,1,1,2,1,22,5,1364,1,2,10,2,10
2018331801431,1,9,0,18,0,0,0,0,0,0,1,1,6,1,45,7,-1,-1,-1,4,1,4
2018331801434,1,9,0,7,0,5,0,0,0,0,4,1,6,1,62,9,1598,1,12,-1,-1,-1
2018331801434,2,3,0,15,0,8,0,0,0,0,1,1,6,1,18,4,124,1,2,-1,-1,-1
2018331801434,3,9,0,2,0,1,0,0,0,0,2,1,6,3,-1,-1,1686,2,20,-1,-1,-1
2018331801438,1,21,0,5,0,4,0,0,0,0,2,1,1,1,40,7,12902,2,1,1,1,1
2018331801438,2,9,0,4,0,4,0,0,0,0,1,1,2,1,24,5,1796,1,13,2,1,2
2018331801439,1,9,0,18,0,0,0,0,1,4,1,1,1,1,80,11,2494,2,7,-1,-1,-1
2018331801440,1,9,0,1,0,0,0,0,0,0,2,1,1,2,42,7,-1,-1,-1,10,1,10
2018331801441,1,9,0,18,0,0,0,0,0,0,1,1,6,1,37,7,1596,1,12,7,1,7
2018331801441,2,9,0,18,0,0,0,0,0,0,2,1,6,2,40,7,1497,8,11,3,1,3
2018331801442,1,9,0,18,0,1,0,0,0,0,1,1,6,2,22,5,1390,1,6,4,1,4