Accident_Index,Vehicle_Reference,Vehicle_Type,Towing_and_Articulation,Vehicle_Manoeuvre,Vehicle_Location-Restricted_Lane,Junction_Location,Skidding_and_Overturning,Hit_Object_in_Carriageway,Vehicle_Leaving_Carriageway,Hit_Object_off_Carriageway,1st_Point_of_Impact,Was_Vehicle_Left_Hand_Drive?,Journey_Purpose_of_Driver,Sex_of_Driver,Age_of_Driver,Age_Band_of_Driver,Engine_Capacity_(CC),Propulsion_Code,Age_of_Vehicle,Driver_IMD_Decile,Driver_Home_Area_Type,Vehicle_IMD_Decile
2018331801442,2,4,0,18,0,1,0,0,0,0,3,1,6,1,49,8,999,1,1,9,1,9
2018331801443,1,9,0,4,0,0,0,0,0,0,1,1,6,2,-1,-1,1598,1,17,-1,-1,-1
2018331801443,2,9,0,4,0,0,0,0,0,0,1,1,6,2,42,7,1389,1,16,4,1,4
2018331801444,1,19,0,9,0,5,0,0,0,0,3,1,2,1,58,9,1248,2,4,-1,-1,-1
2018331801444,2,19,0,13,0,8,0,0,8,0,1,1,6,1,68,10,-1,-1,-1,-1,-1,-1
2018331801444,3,9,0,3,0,8,0,0,0,0,2,1,6,1,40,7,-1,-1,-1,-1,-1,-1
2018331801445,1,5,0,18,0,8,0,0,1,0,1,1,6,1,30,6,1255,1,8,1,1,1
2018331801445,2,8,0,9,0,6,0,0,0,0,2,1,1,1,40,7,1968,2,12,2,1,2
2018331801446,1,9,0,18,0,8,0,0,0,0,1,1,6,1,26,6,1798,1,10,8,1,8
2018331801447,1,5,0,16,0,0,1,0,1,9,1,1,6,1,57,9,649,1,-1,9,3,9
2018331801447,2,9,0,17,0,0,0,0,0,0,1,1,6,1,19,4,1242,1,14,2,1,2
2018331801448,1,9,0,18,0,0,0,0,0,0,1,1,6,1,-1,-1,1998,2,13,10,1,10
2018331801449,1,5,0,18,0,8,0,0,0,0,2,1,6,1,19,4,124,1,1,7,1,7
2018331801449,2,9,0,9,0,5,0,0,0,0,1,1,6,1,-1,-1,-1,-1,-1,-1,-1,-1
2018331801450,1,9,0,18,0,0,0,0,7,4,1,1,6,1,23,5,1149,1,13,8,3,8
2018331801451,1,9,0,1,0,1,0,0,0,0,2,1,6,1,51,8,1896,2,13,4,1,4
2018331801452,1,1,0,18,9,0,0,0,0,0,1,1,6,3,-1,-1,-1,-1,-1,-1,-1,-1
2018331801453,1,9,0,18,0,0,0,0,0,0,3,1,6,1,31,6,-1,-1,-1,7,1,7
2018331801453,2,9,0,12,0,0,0,0,0,0,4,1,6,3,-1,-1,1968,2,6,-1,-1,-1
2018331801454,1,9,0,7,0,6,0,0,0,0,1,1,6,2,40,7,-1,-1,-1,6,1,6
2018331801455,1,5,0,18,0,3,0,0,0,0,1,1,6,1,32,6,1130,1,18,6,1,6
2018331801455,2,9,0,18,0,3,0,0,0,0,1,1,6,3,-1,-1,998,1,2,-1,-1,-1
2018331801457,1,21,0,18,0,4,0,0,0,0,3,1,1,1,30,6,10837,2,-1,-1,-1,-1
2018331801457,2,1,0,18,0,8,0,0,0,0,1,1,6,1,26,6,-1,-1,-1,8,1,8
2018331801458,1,9,0,1,0,0,0,0,0,0,1,1,1,2,57,9,-1,-1,-1,-1,-1,-1
2018331801458,2,9,0,1,0,0,0,0,0,0,0,1,6,1,55,8,1995,2,11,2,1,2
2018331801458,3,9,0,5,0,0,0,0,0,0,1,1,6,1,19,4,1596,1,16,-1,-1,-1
2018331801459,1,11,0,18,0,0,0,0,0,0,1,1,1,1,47,8,6700,2,2,6,1,6
2018331801460,1,9,0,18,0,6,0,0,0,0,3,1,6,2,27,6,1598,1,10,7,1,7
2018331801460,2,9,0,18,0,8,0,0,0,0,1,1,1,2,27,6,2000,2,10,8,1,8
2018331801461,1,9,0,18,0,0,0,0,7,0,1,1,6,1,43,7,1998,2,14,1,1,1
2018331801461,2,9,0,18,0,0,0,0,1,0,3,1,6,1,62,9,1590,1,18,7,1,7
2018331801462,1,9,0,3,0,0,0,0,0,0,2,1,6,1,22,5,1197,1,4,10,1,10
2018331801462,2,20,0,3,0,0,0,0,0,0,2,1,2,1,24,5,-1,-1,-1,6,3,6
2018331801462,3,9,0,18,0,0,0,0,0,0,1,1,6,1,65,9,1598,1,11,1,1,1
2018331801463,1,21,0,18,0,0,0,0,0,0,1,1,1,1,44,7,12740,2,1,1,1,1
2018331801463,2,21,0,2,0,0,0,0,0,0,2,2,1,1,36,7,-1,-1,-1,-1,-1,-1
2018331801464,1,9,0,18,0,8,1,0,1,2,0,1,2,1,28,6,-1,-1,-1,4,1,4
2018331801465,1,9,0,9,0,6,0,0,1,0,4,1,1,1,25,5,1242,1,10,9,1,9
2018331801465,2,9,0,18,0,8,0,0,0,0,3,1,6,2,21,5,1598,1,4,3,1,3
2018331801466,1,2,0,14,0,0,1,0,0,0,0,1,6,1,16,4,49,1,2,7,1,7
2018331801467,1,9,0,18,0,8,0,0,0,0,1,1,2,3,52,8,1984,1,14,5,2,5
2018331801467,2,9,0,10,0,8,0,0,0,0,2,1,1,2,48,8,1598,2,4,6,1,6
2018331801468,1,9,0,18,0,2,0,0,0,0,1,1,6,2,-1,-1,-1,-1,-1,-1,-1,-1
2018331801469,1,1,0,3,0,1,0,0,0,0,1,1,6,1,23,5,-1,-1,-1,-1,-1,-1
2018331801469,2,19,0,1,0,1,0,0,0,0,2,1,6,3,-1,-1,-1,-1,-1,-1,-1,-1
2018331801470,1,9,0,9,0,8,1,0,0,0,2,1,6,2,24,5,1149,1,11,5,1,5
2018331801470,2,9,0,18,0,8,0,0,0,0,1,1,1,1,34,6,1618,1,2,1,1,1
2018331801471,1,9,0,18,0,8,0,0,0,0,4,1,6,1,60,9,1968,2,8,-1,-1,-1
2018331801471,2,22,0,9,0,6,0,0,0,0,1,1,6,1,84,11,-1,-1,-1,6,1,6
2018331801472,1,9,0,18,0,0,5,0,1,10,1,1,6,1,38,7,1497,1,16,-1,-1,-1
2018331801473,1,9,0,18,0,8,0,0,1,2,1,1,6,2,25,5,1968,2,9,-1,-1,-1
2018331801474,1,9,0,18,0,0,0,0,0,0,3,1,2,2,41,7,1781,1,14,1,1,1
2018331801475,1,9,0,18,0,0,0,0,0,0,2,1,6,1,20,4,-1,-1,-1,6,1,6
2018331801475,2,9,0,18,0,0,0,0,0,0,1,1,6,1,59,9,2231,2,12,5,1,5
2018331801476,1,9,0,17,0,0,0,0,1,10,1,1,2,1,25,5,1598,1,10,-1,-1,-1
2018331801476,2,9,0,16,0,0,0,0,1,10,1,1,2,1,53,8,2261,1,2,10,1,10
2018331801477,1,9,0,7,0,2,0,0,0,0,1,1,6,2,40,7,1560,2,9,7,1,7
2018331801478,1,11,0,18,2,0,0,0,0,0,3,1,1,1,56,9,6700,2,8,4,1,4
2018331801478,2,9,0,11,0,0,0,0,0,0,4,1,2,2,39,7,1598,1,11,-1,-1,-1
2018331801479,1,9,0,18,0,4,0,0,0,0,1,1,3,2,54,8,1461,2,1,10,-1,10
2018331801479,2,1,0,18,0,8,0,0,0,0,1,1,6,1,55,8,-1,-1,-1,10,1,10
2018331801480,1,9,0,12,0,8,0,9,0,0,3,1,6,1,80,11,1296,1,35,6,1,6
2018331801480,2,90,0,18,0,3,0,9,0,0,4,1,1,1,50,8,2287,2,-1,-1,-1,-1
2018331801481,1,9,0,18,0,0,0,0,0,0,1,1,6,1,50,8,1796,1,12,10,1,10
2018331801481,2,9,0,18,0,0,0,0,0,0,1,1,2,2,61,9,1149,1,8,10,1,10
2018331801483,1,9,0,18,0,0,2,0,0,0,0,1,6,1,43,7,2995,1,-1,-1,-1,-1
2018331801484,1,9,0,18,0,0,0,0,0,0,1,1,6,1,21,5,1242,1,11,8,1,8
2018331801484,2,9,0,18,0,0,0,0,0,0,1,1,2,1,65,9,-1,-1,-1,3,1,3
2018331801485,1,9,0,13,0,0,0,0,0,0,1,1,6,1,-1,-1,-1,-1,-1,-1,-1,-1
2018331801485,2,3,0,18,0,0,2,0,0,0,2,1,6,2,49,8,124,1,6,8,2,8
2018331801486,1,19,0,4,0,0,0,0,0,0,1,1,1,1,63,9,1598,2,1,-1,3,-1
2018331801486,2,9,0,3,0,0,0,0,0,0,2,1,1,2,45,7,1598,1,12,5,1,5
2018331801486,3,9,0,3,0,0,0,0,0,0,2,1,1,1,27,6,1995,2,7,7,-1,7
2018331801487,1,9,0,18,0,8,0,0,0,0,3,1,6,2,79,11,1461,2,4,4,1,4
2018331801487,2,9,0,9,0,8,0,0,0,0,1,1,6,1,73,10,1498,1,-1,9,2,9
2018331801488,1,9,0,18,0,1,0,0,0,0,1,1,6,3,-1,-1,-1,-1,-1,-1,-1,-1
2018331801489,1,9,0,9,0,6,0,0,0,0,1,1,6,2,92,11,996,1,8,7,2,7
2018331801489,2,9,0,18,0,8,0,0,0,0,1,1,6,1,54,8,1398,1,1,-1,-1,-1
2018331801490,1,8,0,3,0,1,0,0,0,0,2,1,1,1,45,7,1968,2,5,1,1,1
2018331801490,2,9,0,5,0,1,0,0,0,0,1,1,2,2,32,6,1560,2,4,1,1,1
2018331801491,1,9,0,18,0,1,0,0,0,0,1,1,6,1,-1,-1,-1,-1,-1,-1,-1,-1
2018331801492,1,9,0,9,0,6,0,0,0,0,3,1,6,1,40,7,1461,2,9,1,1,1
2018331801492,2,9,0,18,0,8,0,0,0,0,1,1,6,2,38,7,1560,2,6,2,1,2
2018331801492,3,9,0,2,0,1,0,0,0,0,0,1,6,3,-1,-1,-1,-1,-1,-1,-1,-1
2018331801493,1,19,0,16,0,0,0,0,0,0,1,1,1,1,22,5,2446,2,18,6,3,6
2018331801493,2,19,0,17,0,0,0,0,0,0,1,1,1,1,40,7,-1,-1,-1,5,1,5
2018331801494,1,9,0,12,0,0,0,0,0,0,3,1,6,1,-1,-1,-1,-1,-1,-1,-1,-1
2018331801494,2,9,0,18,0,0,0,0,0,0,4,1,6,1,35,6,-1,-1,-1,-1,-1,-1
2018331801495,1,9,0,9,0,5,0,0,0,0,1,1,6,1,74,10,1149,1,14,8,1,8
2018331801495,2,9,0,13,0,8,5,10,1,11,4,1,6,1,22,5,1390,1,18,4,1,4
2018331801496,1,3,0,4,0,0,0,0,0,0,1,1,6,1,24,5,-1,-1,-1,4,1,4
2018331801497,1,9,0,9,0,8,0,0,0,0,4,1,6,1,27,6,1332,1,20,3,1,3
2018331801497,2,21,1,18,0,8,0,0,0,0,3,1,1,1,55,8,11967,2,8,7,3,7
2018331801499,1,9,0,16,0,0,0,0,0,0,1,1,6,2,29,6,1398,1,7,8,2,8
2018331801499,2,9,0,16,0,0,0,0,0,0,1,1,6,1,36,7,1149,1,14,3,1,3
2018331801500,1,9,0,2,0,0,0,0,0,0,2,1,6,1,50,8,1397,1,17,8,1,8
2018331801500,2,9,0,18,0,0,0,0,0,0,1,1,6,2,70,10,1596,1,10,3,1,3
2018331801501,1,9,0,3,0,0,0,0,0,0,2,1,6,2,34,6,1798,1,10,9,3,9
2018331801501,2,9,0,3,0,0,0,0,0,0,2,1,6,2,41,7,1598,1,15,6,2,6
2018331801501,3,9,0,18,0,0,0,0,0,0,1,1,6,1,57,9,-1,-1,-1,3,2,3
2018331801502,1,9,0,18,0,6,2,0,0,0,1,1,6,1,26,6,1229,1,5,8,2,8
2018331801502,2,9,0,18,0,8,1,0,0,0,4,1,6,1,61,9,1596,1,10,9,3,9
2018331801502,3,9,0,18,0,8,1,0,0,0,3,1,2,2,37,7,1461,2,-1,8,1,8
2018331801503,1,9,0,18,0,0,0,0,7,4,1,1,6,1,37,7,-1,-1,-1,5,1,5
2018331801504,1,9,0,18,0,0,5,0,0,0,3,1,6,2,23,5,1398,1,-1,3,1,3
2018331801505,1,9,0,18,0,1,0,0,0,0,1,1,6,1,22,5,1998,1,13,5,1,5
2018331801505,2,90,0,4,0,1,0,0,0,0,0,1,1,1,-1,-1,-1,-1,-1,-1,-1,-1
2018331801505,3,9,0,4,0,1,0,0,0,0,2,1,1,1,32,6,1956,2,6,1,1,1
2018331801506,1,9,0,18,0,0,0,0,0,0,1,1,6,1,56,9,1999,2,1,7,1,7
2018331801506,2,98,0,2,0,0,0,0,0,0,-1,1,1,3,-1,-1,-1,-1,-1,-1,-1,-1
2018331801507,1,1,0,9,0,6,0,0,0,0,1,1,6,1,41,7,-1,-1,-1,4,1,4
2018331801507,2,9,0,18,0,8,0,0,0,0,1,1,6,2,-1,-1,1798,8,1,6,1,6
2018331801509,1,9,0,5,0,4,0,0,0,0,3,1,6,2,28,6,1598,1,9,2,1,2
2018331801509,2,1,0,18,0,8,0,0,0,0,1,1,6,1,45,7,-1,-1,-1,1,1,1
2018331801510,1,19,0,7,0,6,0,0,0,0,1,1,1,1,66,10,1560,2,2,6,1,6
2018331801510,2,1,0,18,0,8,0,0,0,0,2,1,1,1,41,7,-1,-1,-1,5,1,5
2018331801511,1,9,0,9,0,5,0,0,7,1,3,1,6,1,32,6,1598,1,23,7,2,7
2018331801511,2,9,0,18,0,8,0,0,0,0,1,1,6,1,22,5,1124,1,15,8,1,8
2018331801512,1,9,0,14,0,0,0,0,0,0,1,1,6,1,32,6,1364,1,9,7,1,7
2018331801512,2,19,0,2,0,0,0,0,0,0,2,1,6,1,-1,-1,1995,2,-1,9,3,9
2018331801513,1,19,0,1,0,1,0,0,0,0,2,1,1,1,32,6,1968,2,-1,8,1,8
2018331801514,1,9,0,7,0,5,0,0,0,0,1,1,6,2,56,9,1796,1,15,9,1,9
2018331801515,1,9,0,11,0,0,0,0,0,0,1,1,6,1,48,8,999,1,-1,2,1,2
2018331801515,2,9,0,13,0,0,0,0,0,0,2,1,6,1,28,6,1984,1,10,1,1,1
2018331801516,1,9,0,9,0,2,0,0,0,0,1,1,6,1,52,8,998,1,-1,7,3,7
2018331801516,2,1,0,18,0,2,0,0,0,0,3,1,4,1,15,3,-1,-1,-1,4,1,4
2018331801517,1,9,0,18,0,8,0,0,0,0,1,1,1,2,22,5,1598,2,3,9,1,9
2018331801517,2,9,0,7,0,4,0,0,0,0,1,1,6,1,70,10,2435,1,17,3,1,3
2018331801518,1,9,0,9,0,1,0,0,0,0,3,1,2,1,30,6,1796,1,11,5,1,5
2018331801518,2,90,0,18,0,1,0,0,0,0,1,1,1,1,53,8,-1,-1,-1,7,3,7
2018331801519,1,9,0,3,0,0,0,0,0,0,2,1,6,2,55,8,1995,2,11,-1,-1,-1
2018331801519,2,9,0,18,0,0,0,0,0,0,1,1,6,3,-1,-1,-1,-1,-1,-1,-1,-1
2018331801521,1,9,0,3,0,1,0,0,0,0,2,1,6,1,48,8,1229,1,13,3,1,3
2018331801521,2,9,0,4,0,1,1,0,0,0,1,1,6,1,20,4,1968,2,4,8,1,8
2018331801522,1,9,0,10,0,8,0,0,0,0,2,1,6,2,54,8,1499,2,4,7,2,7
2018331801522,2,9,0,4,0,8,0,0,0,0,1,1,6,1,40,7,1560,2,5,6,3,6
2018331801523,1,17,0,18,0,0,0,0,0,0,3,1,6,1,26,6,5883,2,24,8,1,8
2018331801523,2,9,0,18,0,0,1,0,0,0,1,1,6,1,26,6,1596,1,14,3,1,3
2018331801525,1,9,0,18,0,2,1,0,0,0,1,1,1,1,38,7,1598,1,11,3,1,3
2018331801525,2,9,0,2,0,2,0,0,0,0,3,1,6,3,-1,-1,1560,2,1,-1,-1,-1
2018331801526,1,9,0,7,0,6,0,0,0,0,1,1,1,1,27,6,1999,2,2,4,1,4
2018331801526,2,1,0,18,0,8,0,0,0,0,1,1,6,1,18,4,-1,-1,-1,4,1,4
2018331801527,1,21,1,18,0,8,0,0,5,6,1,1,1,1,28,6,12740,2,7,5,1,5
2018331801527,2,21,1,12,0,8,0,0,0,0,2,1,1,1,49,8,10837,2,-1,6,1,6
2018331801527,3,9,0,12,0,7,0,0,0,0,0,1,6,3,-1,-1,-1,-1,-1,-1,-1,-1
2018331801528,1,9,0,16,0,0,1,0,7,4,2,1,6,3,-1,-1,1753,2,11,-1,-1,-1
2018331802000,1,9,0,18,0,0,0,0,0,0,0,1,6,2,35,6,1968,2,10,-1,-1,-1
2018331802001,1,9,0,18,0,1,0,0,0,0,0,1,1,1,20,4,1398,1,7,-1,-1,-1
2018331802002,1,9,0,18,0,0,0,0,0,0,0,1,6,2,29,6,1956,2,8,-1,-1,-1
2018331802002,2,9,0,18,0,0,0,0,0,0,0,1,6,2,45,7,1999,2,2,-1,-1,-1
2018331802003,1,9,0,18,0,0,0,0,0,0,4,1,6,3,-1,-1,-1,-1,-1,-1,-1,-1
2018331802004,1,9,0,18,0,0,0,0,0,0,0,1,1,2,-1,-1,1248,2,1,-1,-1,-1
2018331802004,2,98,0,18,0,0,0,0,0,0,0,1,6,1,45,7,-1,-1,-1,-1,-1,-1
2018331802005,1,9,0,18,0,8,0,0,0,0,0,1,6,1,-1,-1,2521,1,11,-1,-1,-1
2018331802005,2,9,0,18,0,8,0,0,0,0,0,1,6,1,64,9,1339,8,11,-1,-1,-1
2018331802006,1,9,0,18,0,0,0,0,0,0,0,1,6,2,51,8,1598,2,6,-1,-1,-1
2018331802006,2,9,0,18,0,0,0,0,0,0,0,1,6,2,27,6,1390,1,4,-1,-1,-1
2018331802007,1,21,0,18,0,0,0,0,0,0,0,1,6,1,44,7,12900,2,9,-1,-1,-1
2018331802007,2,9,0,18,0,0,0,0,0,0,0,1,6,2,49,8,1598,1,3,-1,-1,-1
2018331802008,1,9,0,18,0,8,0,0,0,0,1,1,6,1,35,6,1591,1,2,-1,-1,-1
2018331802008,2,9,0,9,0,6,0,0,0,0,4,1,1,1,40,7,2993,2,5,-1,-1,-1
2018331802009,1,9,0,18,0,0,0,0,0,0,0,1,6,1,37,7,1999,2,3,-1,-1,-1
2018331802009,2,9,0,18,0,0,0,0,0,0,0,1,6,1,46,8,2143,2,5,-1,-1,-1
2018331802010,1,9,0,18,0,0,0,0,0,0,0,1,6,1,59,9,-1,-1,-1,-1,-1,-1
2018331802010,2,9,0,18,0,0,0,0,0,0,0,1,6,2,31,6,1388,1,15,-1,-1,-1
2018331802011,1,9,0,18,0,8,0,0,0,0,0,1,6,2,38,7,1596,1,10,-1,-1,-1
2018331802011,2,9,0,18,0,8,0,0,0,0,0,1,6,1,43,7,2720,2,10,-1,-1,-1
2018331802012,1,9,0,18,0,0,0,0,0,0,0,1,6,1,44,7,1198,1,9,-1,-1,-1
2018331802012,2,19,0,18,0,0,0,0,0,0,0,1,6,1,24,5,1968,2,2,-1,-1,-1
2018331802013,1,9,0,18,0,1,0,0,0,0,0,1,1,1,56,9,1598,2,2,3,1,3
2018331802013,2,1,0,18,0,1,0,0,0,0,1,1,6,1,14,3,-1,-1,-1,-1,-1,-1
2018331802014,1,9,0,18,0,8,0,0,0,0,0,1,6,1,22,5,1973,1,18,-1,-1,-1
2018331802014,2,9,0,18,0,8,0,0,0,0,0,1,6,1,31,6,1598,1,11,-1,-1,-1
2018331802015,1,9,0,18,0,0,0,0,0,0,0,1,1,2,36,7,1685,2,4,-1,-1,-1
2018331802016,1,9,0,18,0,0,0,0,0,0,0,1,6,2,-1,-1,1896,2,12,-1,-1,-1
2018331802016,2,9,0,18,0,0,0,0,0,0,0,1,6,1,35,6,1598,1,17,-1,-1,-1
2018331802017,1,9,0,18,0,0,0,0,0,0,0,1,6,1,64,9,1896,2,13,-1,-1,-1
2018331802017,2,3,0,18,0,0,0,0,0,0,0,1,6,1,25,5,125,1,5,-1,-1,-1
2018331802018,1,9,0,18,0,8,0,0,0,0,0,1,6,1,53,8,1299,1,17,-1,-1,-1
2018331802019,1,9,0,18,0,0,0,0,0,0,0,1,6,2,44,7,-1,-1,-1,-1,-1,-1
2018331802019,2,9,0,18,0,0,0,0,0,0,0,1,6,2,55,8,1798,8,3,-1,-1,-1
2018331802021,1,9,0,7,0,5,0,0,0,0,1,1,6,3,-1,-1,-1,-1,-1,-1,-1,-1
2018331802022,1,9,0,3,0,1,0,0,0,0,2,1,6,1,50,8,1582,2,5,-1,-1,-1
2018331802022,2,9,0,18,0,1,0,0,0,0,1,1,6,2,-1,-1,1686,2,7,-1,-1,-1
2018331802023,1,9,0,18,0,0,0,0,0,0,1,1,1,1,57,9,1560,2,5,4,1,4
2018331802023,2,9,0,18,0,0,5,0,0,0,1,1,1,1,27,6,-1,-1,-1,3,1,3
2018331802024,1,9,0,9,0,6,0,0,0,0,4,1,6,2,30,6,2143,2,3,8,1,8
2018331802024,2,2,0,18,0,8,0,0,0,0,3,1,6,1,16,4,50,1,-1,7,1,7
2018331802025,1,21,0,18,0,0,1,0,0,0,1,1,1,1,29,6,10677,2,-1,2,1,2
2018331802025,2,21,0,3,0,0,0,0,0,0,2,1,1,3,69,10,12900,2,6,1,1,1
2018331802027,1,9,0,18,0,0,1,0,0,0,1,1,6,1,21,5,2000,1,9,2,1,2
2018331802027,2,9,0,6,0,0,0,0,0,0,0,1,6,3,-1,-1,-1,-1,-1,-1,-1,-1
2018331802027,3,9,0,2,0,0,0,0,0,0,2,1,6,3,-1,-1,1587,1,13,-1,-1,-1
2018331802028,1,9,0,18,0,2,0,0,0,0,1,1,6,1,27,6,1360,1,15,5,1,5
2018331802029,1,9,0,17,0,0,0,0,1,0,4,1,6,1,22,5,1598,1,16,8,1,8
2018331802030,1,9,0,18,0,8,0,0,1,0,1,1,6,2,31,6,1390,1,15,5,1,5
2018331802030,2,9,0,18,0,6,0,0,0,0,0,1,6,3,-1,-1,-1,-1,-1,-1,-1,-1
2018331802031,1,9,0,3,0,8,0,0,0,0,2,1,6,2,42,7,1390,1,7,9,1,9
2018331802031,2,4,0,18,0,8,0,0,0,0,1,1,6,1,18,4,123,1,2,5,2,5
2018331802032,1,9,0,9,0,6,0,0,0,0,3,1,2,2,26,6,1388,1,11,9,2,9
2018331802032,2,9,0,18,0,8,1,0,0,0,1,1,6,2,18,4,1229,1,8,7,1,7
2018331802033,1,8,0,18,0,0,0,0,0,0,2,1,6,1,40,7,1797,8,8,4,1,4
2018331802033,2,9,0,18,0,0,0,0,0,0,1,1,6,1,23,5,1769,1,13,8,1,8
2018331802034,1,9,0,12,0,0,0,0,0,0,1,1,6,1,30,6,1998,2,11,3,1,3
2018331802035,1,9,0,18,0,0,1,10,1,2,1,1,6,1,19,4,-1,-1,-1,-1,-1,-1
2018331802036,1,9,0,9,0,5,0,0,0,0,1,1,6,1,28,6,1995,2,13,7,1,7
2018331802036,2,9,0,18,0,8,0,0,0,0,1,1,6,2,37,7,1598,1,4,3,1,3
2018331802037,1,9,0,17,0,0,0,0,1,9,1,1,1,2,36,7,1956,2,6,10,2,10
2018331802038,1,9,0,17,0,0,0,0,0,0,0,1,6,3,-1,-1,1360,1,13,-1,-1,-1
2018331802038,2,1,0,16,0,0,0,0,0,0,0,1,6,2,-1,-1,-1,-1,-1,-1,-1,-1
2018331802039,1,9,0,2,0,0,0,0,0,0,0,1,2,2,40,7,1998,2,12,2,1,2
2018331802039,2,9,0,4,0,0,0,0,0,0,2,1,6,2,56,9,1968,2,2,7,3,7
2018331802039,3,19,0,17,0,0,1,10,0,0,1,1,2,1,26,6,1686,2,15,3,2,3
2018331802040,1,9,0,10,0,1,0,0,0,0,2,1,6,1,18,4,999,1,-1,9,1,9
2018331802040,2,9,0,18,0,1,0,0,0,0,1,1,6,2,54,8,1388,1,14,9,3,9
2018331802041,1,2,0,11,0,8,0,0,0,0,2,1,6,1,16,4,49,1,13,3,1,3
2018331802041,2,9,0,18,0,5,0,0,0,0,3,1,6,2,-1,-1,2995,1,13,9,1,9
2018331802042,1,9,0,4,0,1,0,0,0,0,1,1,6,1,44,7,998,1,17,10,1,10
2018331802042,2,1,0,18,0,8,0,0,0,0,1,1,6,2,20,4,-1,-1,-1,4,1,4
2018331802043,1,9,0,16,0,3,1,7,1,7,1,1,6,1,33,6,998,1,15,1,1,1
2018331802044,1,9,0,18,0,0,1,0,2,9,4,1,6,1,34,6,1870,2,15,3,1,3
2018331802045,1,9,0,17,0,0,0,0,0,0,1,1,1,2,47,8,1242,1,5,7,1,7
2018331802045,2,9,0,16,0,0,0,0,0,0,1,1,3,2,43,7,1368,1,12,6,2,6
2018331802046,1,9,0,6,0,8,0,0,0,0,1,1,6,2,37,7,1900,2,12,3,1,3
2018331802046,2,9,0,18,0,8,0,0,0,0,1,1,6,3,46,8,2204,2,10,5,1,5
2018331802047,1,9,0,18,0,0,0,0,0,0,1,1,6,1,38,7,1997,2,6,9,3,9
2018331802048,1,9,0,18,0,1,0,0,0,0,1,1,6,1,28,6,1995,2,11,3,1,3
2018331802048,2,1,0,18,0,6,0,0,0,0,1,1,6,1,29,6,-1,-1,-1,-1,-1,-1
2018331802049,1,9,0,18,0,1,0,0,0,0,1,1,2,1,63,9,1390,1,5,1,1,1
2018331802050,1,9,0,4,0,1,0,0,0,0,2,1,6,1,58,9,1398,1,15,2,1,2
2018331802050,2,9,0,4,0,1,0,0,0,0,2,1,6,2,60,9,1398,2,7,1,1,1
2018331802050,3,9,0,4,0,1,0,0,0,0,1,1,6,1,37,7,-1,-1,-1,1,1,1
2018331802051,1,4,0,18,0,0,0,0,0,0,1,1,6,1,57,9,-1,-1,-1,5,1,5
2018331802051,2,4,0,4,0,0,0,0,0,0,2,1,2,1,55,8,450,1,2,5,1,5
2018331802053,1,9,0,6,0,8,0,0,0,0,3,1,6,2,48,8,1598,2,4,7,1,7
2018331802054,1,9,0,11,0,0,0,0,0,0,1,1,6,2,45,7,1461,2,2,8,1,8
2018331802054,2,9,0,3,0,0,0,0,0,0,2,1,6,1,57,9,1598,2,6,4,1,4
2018331802055,1,9,0,18,0,1,0,0,0,0,1,1,6,3,-1,-1,5000,1,-1,5,1,5
2018331802056,1,9,0,17,0,0,1,0,7,1,1,1,6,1,31,6,1598,1,7,1,1,1
2018331802057,1,9,0,9,0,6,0,0,0,0,1,1,6,1,-1,-1,-1,-1,-1,-1,-1,-1
2018331802057,2,1,0,18,0,8,0,0,0,0,1,1,6,2,15,3,-1,-1,-1,-1,-1,-1
2018331802058,1,9,0,18,0,0,0,0,0,0,4,1,6,2,35,6,-1,-1,-1,5,1,5
2018331802059,1,19,0,5,0,6,1,0,1,11,1,1,1,1,44,7,1995,2,-1,3,1,3
2018331802059,2,9,0,18,0,8,1,0,1,1,1,1,1,1,54,8,1797,8,8,1,1,1
2018331802060,1,9,0,4,0,0,0,0,0,0,2,1,6,1,50,8,1596,1,13,1,1,1
2018331802060,2,9,0,18,0,0,0,0,0,0,1,1,6,2,19,4,1240,1,8,9,1,9
2018331802061,1,9,0,9,0,5,0,0,0,0,4,1,6,2,57,9,998,1,20,-1,-1,-1
2018331802061,2,97,0,18,0,8,0,0,0,0,1,1,6,1,-1,-1,-1,-1,-1,-1,-1,-1
2018331802062,1,9,0,18,0,2,0,0,0,0,1,1,6,2,70,10,-1,-1,-1,5,1,5
2018331802062,2,9,0,2,0,2,0,0,0,0,2,1,6,3,-1,-1,1956,2,4,1,1,1
2018331802063,1,9,0,18,0,0,0,0,0,0,4,1,6,3,32,6,999,1,2,5,1,5
2018331802065,1,21,1,18,0,6,0,0,0,0,1,1,6,1,-1,-1,-1,-1,-1,-1,-1,-1
2018331802065,2,9,0,18,0,8,0,0,0,0,4,1,6,1,-1,-1,-1,-1,-1,-1,-1,-1
2018331802067,1,98,1,12,0,0,0,0,0,0,3,2,1,1,-1,-1,-1,-1,-1,-1,-1,-1
2018331802067,2,9,0,18,0,0,0,0,0,0,4,1,2,2,26,6,1995,2,6,4,1,4
2018331802068,1,9,0,18,0,0,0,0,1,10,1,1,2,1,31,6,1896,2,15,7,2,7
2018331802068,2,9,0,2,0,0,0,0,0,0,1,1,6,1,37,7,1598,2,2,7,3,7
2018331802069,1,3,0,14,0,0,0,0,0,0,0,1,2,1,21,5,125,1,1,5,2,5