Accident_Index,Vehicle_Reference,Vehicle_Type,Towing_and_Articulation,Vehicle_Manoeuvre,Vehicle_Location-Restricted_Lane,Junction_Location,Skidding_and_Overturning,Hit_Object_in_Carriageway,Vehicle_Leaving_Carriageway,Hit_Object_off_Carriageway,1st_Point_of_Impact,Was_Vehicle_Left_Hand_Drive?,Journey_Purpose_of_Driver,Sex_of_Driver,Age_of_Driver,Age_Band_of_Driver,Engine_Capacity_(CC),Propulsion_Code,Age_of_Vehicle,Driver_IMD_Decile,Driver_Home_Area_Type,Vehicle_IMD_Decile
2018331802069,2,19,0,18,0,0,0,0,0,0,0,1,6,3,-1,-1,-1,-1,-1,-1,-1,-1
2018331802070,1,9,0,3,0,8,0,0,0,0,2,1,1,1,44,7,1753,2,14,6,1,6
2018331802070,2,9,0,18,0,8,1,0,0,0,1,1,2,1,63,9,1582,2,5,1,1,1
2018331802071,1,9,0,7,0,6,0,0,0,0,4,1,2,1,44,7,-1,-1,-1,3,1,3
2018331802072,1,9,0,18,0,8,0,7,0,0,1,1,6,1,28,6,1229,1,10,6,1,6
2018331802073,1,9,0,7,0,6,0,0,0,0,1,1,6,3,-1,-1,-1,-1,-1,-1,-1,-1
2018331802073,2,1,0,18,0,8,0,0,0,0,4,1,6,1,35,6,-1,-1,-1,3,1,3
2018331802074,1,9,0,6,0,0,0,0,0,0,1,1,6,1,30,6,2171,1,16,8,3,8
2018331802074,2,9,0,18,0,0,0,0,0,0,3,1,6,1,74,10,-1,-1,-1,8,3,8
2018331802075,1,9,0,9,0,6,0,0,0,0,1,1,6,2,29,6,1229,1,5,8,2,8
2018331802076,1,9,0,18,0,0,0,0,0,0,3,1,6,1,44,7,2993,2,3,7,1,7
2018331802077,1,9,0,4,0,0,0,0,0,0,1,1,6,2,29,6,1950,2,1,8,1,8
2018331802078,1,9,0,7,0,6,1,0,0,0,1,1,6,1,33,6,1596,1,13,1,1,1
2018331802078,2,9,0,2,0,2,0,0,0,0,2,1,6,3,-1,-1,1600,1,13,3,1,3
2018331802078,3,9,0,2,0,2,0,0,0,0,2,1,6,3,-1,-1,1988,1,14,3,1,3
2018331802078,4,9,0,2,0,2,0,0,0,0,2,1,6,3,-1,-1,1995,1,13,3,1,3
2018331802079,1,9,0,5,5,6,0,0,0,0,1,1,6,1,50,8,-1,-1,-1,7,1,7
2018331802079,2,22,0,18,5,8,0,0,0,0,1,1,6,1,-1,-1,-1,-1,-1,-1,-1,-1
2018331802080,1,9,0,5,0,8,0,0,0,0,1,1,6,2,35,6,1598,1,9,9,3,9
2018331802080,2,1,0,18,0,8,0,0,0,0,1,1,6,1,23,5,-1,-1,-1,3,1,3
2018331802081,1,9,0,18,0,6,0,0,0,0,1,1,6,2,48,8,1910,2,10,10,1,10
2018331802081,2,1,0,16,0,8,0,0,0,0,1,1,6,1,15,3,-1,-1,-1,8,1,8
2018331802083,1,9,0,9,0,8,0,0,0,0,1,1,6,1,33,6,1242,1,12,5,1,5
2018331802083,2,9,0,3,0,8,0,0,0,0,3,1,6,2,57,9,1582,2,7,4,1,4
2018331802084,1,9,0,4,0,0,0,0,0,0,1,1,6,1,49,8,2143,2,3,7,1,7
2018331802084,2,9,0,4,0,0,0,0,0,0,2,1,6,1,70,10,2494,8,1,9,1,9
2018331802085,1,9,0,18,0,0,0,0,0,0,2,1,6,2,51,8,1796,7,10,10,1,10
2018331802085,2,1,0,18,0,0,0,0,0,0,2,1,6,1,52,8,-1,-1,-1,8,1,8
2018331802085,3,1,0,18,0,0,0,0,0,0,2,1,6,1,52,8,-1,-1,-1,9,1,9
2018331802085,4,1,0,18,0,0,0,0,0,0,2,1,6,1,43,7,-1,-1,-1,8,2,8
2018331802086,1,9,0,18,0,1,0,0,0,0,1,1,6,1,50,8,-1,-1,-1,6,1,6
2018331802086,2,9,0,3,0,1,0,0,0,0,2,1,6,2,50,8,1598,1,5,8,1,8
2018331802088,1,9,0,18,0,0,0,0,0,0,1,1,6,1,-1,-1,2143,2,2,9,1,9
2018331802088,2,9,0,18,0,0,0,0,0,0,2,1,6,1,38,7,1560,2,6,4,1,4
2018331802091,1,9,0,18,0,6,0,0,0,0,1,1,6,1,40,7,1368,1,13,1,1,1
2018331802091,2,9,0,18,0,8,0,0,0,0,3,1,6,1,48,8,1598,1,12,4,1,4
2018331802093,1,9,0,1,0,6,0,0,0,0,2,1,6,1,24,5,-1,-1,-1,8,1,8
2018331802093,2,9,0,18,0,8,0,0,0,0,4,1,6,1,60,9,-1,-1,-1,3,1,3
2018331802094,1,9,0,9,0,6,0,0,0,0,1,1,6,3,-1,-1,2685,2,13,-1,-1,-1
2018331802094,2,9,0,18,0,6,0,0,0,0,1,1,6,1,60,9,1968,2,2,7,3,7
2018331802095,1,9,0,18,0,0,0,0,0,0,3,1,6,2,27,6,1560,2,12,5,2,5
2018331802095,2,9,0,18,0,0,0,0,0,0,3,1,6,1,57,9,1598,1,15,1,1,1
2018331802096,1,21,0,4,0,0,0,0,0,0,0,1,1,1,40,7,-1,-1,-1,7,3,7
2018331802096,2,2,0,18,0,0,1,0,0,0,0,1,6,2,17,4,49,1,17,8,2,8
2018331802099,1,9,0,7,0,5,0,0,0,0,1,1,6,1,37,7,1995,2,4,2,1,2
2018331802099,2,9,0,9,0,6,0,0,0,0,1,1,6,2,40,7,-1,-1,-1,1,1,1
2018331802100,1,9,0,13,0,0,0,0,0,0,2,1,6,1,34,6,2993,2,11,7,1,7
2018331802100,2,9,0,18,0,0,0,0,0,0,1,1,2,1,36,7,998,1,13,9,1,9
2018331802101,1,19,0,17,0,0,0,0,1,4,1,1,2,1,25,5,2143,2,5,-1,-1,-1
2018331802104,1,9,0,18,0,1,0,0,0,0,0,1,6,1,39,7,1910,2,9,-1,-1,-1
2018331802104,2,9,0,18,0,1,0,0,0,0,0,1,6,1,22,5,1149,1,12,-1,-1,-1
2018331802105,1,9,0,18,0,8,0,0,0,0,0,1,6,1,55,8,2231,2,8,-1,-1,-1
2018331802105,2,19,0,18,0,8,0,0,0,0,0,1,6,2,28,6,3198,2,-1,-1,-1,-1
2018331802106,1,9,0,18,0,0,0,0,0,0,0,1,1,2,-1,-1,1598,2,1,-1,-1,-1
2018331802106,2,9,0,18,0,0,0,0,0,0,0,1,6,2,65,9,1999,2,2,-1,-1,-1
2018331802106,3,9,0,18,0,0,0,0,0,0,0,1,6,1,55,8,1997,2,7,-1,-1,-1
2018331802106,4,9,0,18,0,0,0,0,0,0,0,1,6,1,26,6,1794,1,14,-1,-1,-1
2018331802107,1,1,0,18,0,0,0,0,0,0,0,1,6,2,-1,-1,-1,-1,-1,-1,-1,-1
2018331802108,1,9,0,18,0,0,0,0,0,0,0,1,6,3,-1,-1,1951,2,13,-1,-1,-1
2018331802108,2,9,0,18,0,0,0,0,0,0,0,1,6,2,44,7,1399,2,9,-1,-1,-1
2018331802109,1,9,0,18,0,8,0,0,0,0,0,1,6,2,55,8,1950,2,1,-1,-1,-1
2018331802109,2,9,0,18,0,8,0,0,0,0,0,1,6,1,60,9,2996,1,11,-1,-1,-1
2018331802110,1,9,0,18,0,8,0,0,0,0,0,1,6,1,23,5,1560,2,11,-1,-1,-1
2018331802110,2,9,0,18,0,8,0,0,0,0,0,1,6,1,58,9,1995,2,10,-1,-1,-1
2018331802111,1,9,0,-1,0,0,0,0,0,0,0,1,6,3,-1,-1,-1,-1,-1,-1,-1,-1
2018331802111,2,1,0,18,0,0,0,0,0,0,0,1,6,2,49,8,-1,-1,-1,-1,-1,-1
2018331802112,1,9,0,18,0,0,0,0,0,0,0,1,6,1,40,7,1396,1,17,-1,-1,-1
2018331802112,2,19,0,18,0,0,0,0,0,0,0,1,1,1,51,8,2198,2,2,-1,-1,-1
2018331802113,1,9,0,18,0,8,0,0,0,0,0,1,6,1,34,6,998,1,9,-1,-1,-1
2018331802113,2,9,0,18,0,8,0,0,0,0,0,1,6,1,25,5,1364,1,10,-1,-1,-1
2018331802114,1,9,0,18,0,1,0,0,0,0,0,1,6,2,37,7,-1,-1,-1,-1,-1,-1
2018331802114,2,9,0,18,0,1,0,0,0,0,0,1,6,1,29,6,1995,2,6,-1,-1,-1
2018331802115,1,9,0,18,0,0,0,0,0,0,0,1,6,3,-1,-1,1396,1,16,-1,-1,-1
2018331802115,2,9,0,18,0,0,0,0,0,0,0,1,6,2,58,9,1796,1,10,-1,-1,-1
2018331802116,1,9,0,18,0,0,0,0,0,0,0,1,1,1,-1,-1,-1,-1,-1,-1,-1,-1
2018331802117,1,19,0,18,0,0,0,0,0,0,0,1,1,1,-1,-1,2299,2,4,-1,-1,-1
2018331802117,2,21,0,18,0,0,0,0,0,0,0,1,1,3,44,7,12777,2,2,-1,-1,-1
2018331802118,1,9,0,18,0,0,0,0,0,0,0,1,6,3,-1,-1,-1,-1,-1,-1,-1,-1
2018331802118,2,9,0,18,0,0,0,0,0,0,0,1,6,1,42,7,-1,-1,-1,-1,-1,-1
2018331802119,1,9,0,18,0,8,0,0,0,0,0,1,6,1,52,8,1686,2,8,-1,-1,-1
2018331802119,2,9,0,18,0,8,0,0,0,0,0,1,6,1,21,5,1598,1,12,-1,-1,-1
2018331802120,1,9,0,18,0,0,0,0,0,0,0,1,6,1,22,5,1388,1,10,-1,-1,-1
2018331802120,2,9,0,18,0,0,0,0,0,0,0,1,6,3,-1,-1,-1,-1,-1,-1,-1,-1
2018331802121,1,9,0,18,0,0,0,0,0,0,0,1,6,2,38,7,1586,1,13,-1,-1,-1
2018331802121,2,1,0,18,0,0,0,0,0,0,0,1,6,1,-1,-1,-1,-1,-1,-1,-1,-1
2018331802122,1,9,0,18,0,8,0,0,0,0,0,1,6,2,49,8,2151,2,16,-1,-1,-1
2018331802122,2,1,0,18,0,8,0,0,0,0,0,1,6,1,26,6,-1,-1,-1,-1,-1,-1
2018331802123,1,9,0,18,0,8,0,0,0,0,0,1,6,2,71,10,1968,2,4,-1,-1,-1
2018331802123,2,9,0,18,0,8,0,0,0,0,0,1,6,3,-1,-1,-1,-1,-1,-1,-1,-1
2018331802124,1,9,0,18,0,0,0,0,0,0,0,1,6,2,31,6,1598,1,13,-1,-1,-1
2018331802124,2,9,0,18,0,0,0,0,0,0,0,1,6,2,26,6,1896,2,17,-1,-1,-1
2018331802125,1,9,0,18,0,0,0,0,0,0,0,1,6,1,28,6,1995,2,12,-1,-1,-1
2018331802125,2,9,0,18,0,0,0,0,0,0,0,1,6,1,34,6,1598,2,5,-1,-1,-1
2018331802125,3,9,0,18,0,0,0,0,0,0,0,1,6,1,31,6,1998,1,10,-1,-1,-1
2018331802125,4,9,0,18,0,0,0,0,0,0,0,1,6,2,32,6,1685,2,5,-1,-1,-1
2018331802127,1,11,0,18,0,8,0,0,0,0,0,1,1,1,26,6,4250,2,16,-1,-1,-1
2018331802127,2,9,0,18,0,8,0,0,0,0,0,1,6,2,59,9,2143,2,2,-1,-1,-1
2018331802129,1,19,0,18,0,0,0,0,0,0,0,1,6,1,19,4,1560,2,2,-1,-1,-1
2018331802130,1,9,0,18,0,0,0,0,0,0,0,1,6,1,55,8,1968,2,11,-1,-1,-1
2018331802130,2,9,0,18,0,0,0,0,0,0,0,1,6,1,25,5,1398,2,8,-1,-1,-1
2018331802131,1,5,0,18,0,0,0,0,0,0,0,1,6,1,36,7,599,1,17,-1,-1,-1
2018331802131,2,9,0,18,0,0,0,0,0,0,0,1,6,1,27,6,1995,2,6,-1,-1,-1
2018331802132,1,9,0,18,0,0,0,0,0,0,0,1,6,2,35,6,1360,1,12,-1,-1,-1
2018331802132,2,9,0,18,0,0,0,0,0,0,0,1,6,3,-1,-1,1596,1,15,-1,-1,-1
2018331802133,1,9,0,18,0,0,0,0,0,0,0,1,6,2,28,6,1149,1,13,-1,-1,-1
2018331802134,1,9,0,18,0,8,0,0,0,0,0,1,6,3,-1,-1,-1,-1,-1,-1,-1,-1
2018331802134,2,1,0,18,0,8,0,0,0,0,0,1,6,1,-1,-1,-1,-1,-1,-1,-1,-1
2018331802135,1,9,0,18,0,0,0,0,0,0,0,1,6,2,31,6,-1,-1,-1,-1,-1,-1
2018331802135,2,9,0,18,0,0,0,0,0,0,0,1,6,2,59,9,1991,1,18,-1,-1,-1
2018331802136,1,9,0,18,0,3,0,0,0,0,0,1,6,1,34,6,898,1,-1,-1,-1,-1
2018331802136,2,9,0,18,0,3,0,0,0,0,0,1,6,1,29,6,2143,2,9,-1,-1,-1
2018331802137,1,9,0,18,0,0,0,0,0,0,0,1,6,1,47,8,1997,2,4,-1,-1,-1
2018331802138,1,9,0,18,0,8,0,0,0,0,0,1,6,1,24,5,1595,2,8,-1,-1,-1
2018331802138,2,9,0,18,0,8,0,0,0,0,0,1,6,3,56,9,1398,1,17,-1,-1,-1
2018331802139,1,19,0,18,0,8,0,0,0,0,0,1,6,3,-1,-1,1461,2,4,-1,-1,-1
2018331802139,2,9,0,-1,0,8,0,0,0,0,0,1,6,1,44,7,1997,2,10,-1,-1,-1
2018331802139,3,9,0,18,0,8,0,0,0,0,0,1,6,3,-1,-1,1984,1,16,-1,-1,-1
2018331802140,1,5,0,18,0,0,0,0,0,0,0,1,6,1,41,7,1000,1,-1,-1,-1,-1
2018331802141,1,9,0,18,0,0,0,0,0,0,0,1,6,2,27,6,1969,2,2,-1,-1,-1
2018331802142,1,9,0,18,0,0,0,0,0,0,0,1,6,1,-1,-1,1910,2,13,-1,-1,-1
2018331802143,1,21,0,18,0,8,0,0,0,0,0,1,6,1,62,9,10837,2,4,-1,-1,-1
2018331802143,2,9,0,18,0,8,0,0,0,0,0,1,6,1,23,5,998,1,16,-1,-1,-1
2018331802144,1,9,0,18,0,0,0,0,0,0,0,1,6,1,29,6,1796,1,11,-1,-1,-1
2018331802144,2,9,0,18,0,0,0,0,0,0,0,1,6,1,32,6,1596,1,7,-1,-1,-1
2018331802145,1,9,0,18,0,8,0,0,0,0,0,1,6,1,23,5,1975,1,12,-1,-1,-1
2018331802146,1,5,0,18,0,0,0,0,0,0,0,1,6,1,38,7,1151,1,10,-1,-1,-1
2018331802147,1,5,0,18,0,0,0,0,0,0,0,1,6,1,57,9,1125,1,10,-1,-1,-1
2018331802147,2,9,0,18,0,0,0,0,0,0,0,1,6,2,35,6,-1,-1,-1,-1,-1,-1
2018331802148,1,9,0,18,0,0,0,0,0,0,0,1,6,1,30,6,2143,2,3,-1,-1,-1
2018331802148,2,9,0,18,0,0,0,0,0,0,0,1,6,1,38,7,1968,2,7,-1,-1,-1
2018331802149,1,9,0,18,0,8,0,0,0,0,0,1,6,3,-1,-1,1461,2,13,-1,-1,-1
2018331802149,2,9,0,18,0,8,0,0,0,0,0,1,6,1,53,8,2720,2,11,-1,-1,-1
2018331802150,1,9,0,18,0,8,0,0,0,0,0,1,6,1,47,8,1997,2,5,-1,-1,-1
2018331802150,2,9,0,18,0,8,0,0,0,0,0,1,6,1,85,11,2198,2,9,-1,-1,-1
2018331802151,1,9,0,18,0,8,0,0,0,0,0,1,6,2,24,5,-1,-1,-1,-1,-1,-1
2018331802151,2,19,0,18,0,8,0,0,0,0,0,1,6,3,-1,-1,1753,2,15,-1,-1,-1
2018331802152,1,9,0,18,0,0,0,0,0,0,0,1,6,3,-1,-1,1590,1,17,-1,-1,-1
2018331802152,2,8,0,18,0,0,0,0,0,0,0,1,6,1,41,7,2198,2,3,-1,-1,-1
2018331802153,1,9,0,18,0,0,0,0,0,0,0,1,6,3,-1,-1,-1,-1,-1,-1,-1,-1
2018331802154,1,9,0,18,0,0,0,0,0,0,0,1,6,2,40,7,1560,2,5,-1,-1,-1
2018331802155,1,9,0,18,0,8,0,0,0,0,0,1,6,3,-1,-1,1598,1,11,-1,-1,-1
2018331802155,2,9,0,18,0,8,0,0,0,0,0,1,6,1,29,6,1242,1,16,-1,-1,-1
2018331802156,1,9,0,18,0,0,0,0,0,0,0,1,6,1,71,10,998,1,4,-1,-1,-1
2018331802156,2,9,0,18,0,0,0,0,0,0,0,1,6,2,28,6,1149,1,15,-1,-1,-1
2018331802157,1,9,0,18,0,0,0,0,0,0,0,1,6,2,-1,-1,-1,-1,-1,-1,-1,-1
2018331802157,2,1,0,18,0,0,0,0,0,0,0,1,6,1,16,4,-1,-1,-1,-1,-1,-1
2018331802158,1,9,0,18,0,0,0,0,0,0,0,1,6,2,-1,-1,-1,-1,-1,-1,-1,-1
2018331802159,1,9,0,18,0,0,0,0,0,0,0,1,6,1,43,7,1798,8,1,-1,-1,-1
2018331802159,2,1,0,18,0,0,0,0,0,0,0,1,6,2,-1,-1,-1,-1,-1,-1,-1,-1
2018331802160,1,9,0,18,0,0,0,0,0,0,0,1,6,2,-1,-1,-1,-1,-1,-1,-1,-1
2018331802161,1,9,0,18,0,0,0,0,0,0,0,1,6,1,-1,-1,-1,-1,-1,-1,-1,-1
2018331802161,2,1,0,18,0,0,0,0,0,0,0,1,6,1,48,8,-1,-1,-1,-1,-1,-1
2018331802162,1,9,0,18,0,1,0,0,0,0,0,1,6,1,33,6,998,1,15,-1,-1,-1
2018331802163,1,5,0,18,0,0,0,0,0,0,0,1,6,1,25,5,1255,1,10,-1,-1,-1
2018331802163,2,9,0,18,0,0,0,0,0,0,0,1,6,1,26,6,1995,2,7,-1,-1,-1
2018331802164,1,9,0,18,0,8,0,0,0,0,0,1,6,1,42,7,1995,2,12,-1,-1,-1
2018331802164,2,19,0,18,0,8,0,0,0,0,0,1,6,1,24,5,-1,-1,-1,-1,-1,-1
2018331802165,1,9,0,18,0,0,0,0,0,0,0,1,6,1,40,7,1086,1,8,-1,-1,-1
2018331802165,2,9,0,18,0,0,0,0,0,0,0,1,6,2,24,5,1461,2,7,-1,-1,-1
2018331802166,1,9,0,18,0,0,0,0,0,0,0,1,6,1,40,7,2231,2,10,-1,-1,-1
2018331802166,2,9,0,18,0,0,0,0,0,0,0,1,6,1,-1,-1,1995,2,7,-1,-1,-1
2018331802167,1,1,0,18,0,0,0,0,0,0,0,1,6,3,-1,-1,-1,-1,-1,-1,-1,-1
2018331802168,1,9,0,18,0,0,0,0,0,0,0,1,6,1,37,7,1753,2,11,-1,-1,-1
2018331802168,2,98,0,18,0,0,0,0,0,0,0,1,6,1,56,9,-1,-1,-1,-1,-1,-1
2018331802168,3,9,0,18,0,0,0,0,0,0,0,1,6,1,-1,-1,1753,2,15,-1,-1,-1
2018331802169,1,9,0,18,0,0,0,0,0,0,0,1,6,2,81,11,1986,1,6,-1,-1,-1
2018331802169,2,9,0,18,0,0,0,0,0,0,0,1,6,1,28,6,1995,1,11,-1,-1,-1
2018331802170,1,9,0,18,0,0,0,0,0,0,0,1,6,2,39,7,1595,1,11,-1,-1,-1
2018331802170,2,9,0,18,0,0,0,0,0,0,0,1,6,1,27,6,1995,2,5,-1,-1,-1
2018331802171,1,9,0,18,0,0,0,0,0,0,0,1,6,1,36,7,1598,2,4,-1,-1,-1
2018331802172,1,9,0,18,0,1,0,0,0,0,0,1,1,1,56,9,2993,2,2,-1,-1,-1
2018331802172,2,19,0,18,0,1,0,0,0,0,0,1,6,1,46,8,1995,2,10,-1,-1,-1
2018331802172,3,9,0,18,0,1,0,0,0,0,0,1,6,1,60,9,1986,2,12,-1,-1,-1
2018331802173,1,9,0,18,0,8,0,0,0,0,0,1,6,1,73,10,1242,1,6,-1,-1,-1
2018331802173,2,9,0,18,0,8,0,0,0,0,0,1,6,1,70,10,998,1,2,-1,-1,-1
2018331901396,1,9,0,18,0,6,1,0,0,0,3,1,6,1,19,4,-1,-1,-1,8,2,8
2018331901396,2,9,0,18,0,8,0,0,0,0,1,1,2,1,39,7,-1,-1,-1,6,1,6
2018332018012,1,9,0,3,0,1,0,0,0,0,2,1,6,2,45,7,2143,2,5,8,1,8
2018332018012,2,9,0,18,0,1,0,0,0,0,1,1,6,1,25,5,2497,2,13,-1,-1,-1
2018340C00021,1,8,0,9,0,8,0,0,0,0,1,1,1,1,30,6,1560,2,8,1,1,1
2018340C00021,2,3,0,18,0,8,0,0,0,0,1,1,6,1,17,4,125,1,11,5,2,5
2018340C00091,1,9,0,18,0,0,0,0,0,0,3,1,3,2,35,6,1995,1,7,9,1,9
2018340C00181,1,9,0,8,0,8,0,0,0,0,1,1,2,1,-1,-1,2671,1,19,7,1,7
2018340C00181,2,8,0,18,0,8,0,0,0,0,4,1,1,2,61,9,-1,-1,-1,2,1,2
2018340C00191,1,9,0,18,0,8,0,0,0,0,1,1,6,1,18,4,1582,2,9,7,1,7
2018340C00191,2,9,0,3,0,8,0,0,0,0,2,1,2,2,46,8,1598,2,1,7,1,7
2018340C00191,3,19,0,10,0,8,0,0,0,0,2,1,1,1,43,7,2198,2,3,8,3,8
2018340C00211,1,9,0,18,0,8,0,0,0,0,1,1,6,1,-1,-1,-1,-1,-1,-1,-1,-1
2018340C00211,2,9,0,9,0,8,0,0,0,0,2,1,6,1,31,6,-1,-1,-1,2,1,2
2018340C00271,1,9,0,18,0,0,0,0,0,0,3,1,6,1,-1,-1,2972,1,18,-1,-1,-1
2018340C00641,1,9,0,18,0,0,0,0,0,0,1,1,6,3,-1,-1,-1,-1,-1,-1,-1,-1
2018340C00641,2,1,0,18,0,0,0,0,0,0,2,1,6,1,14,3,-1,-1,-1,-1,-1,-1
2018340C00741,1,9,0,14,0,0,0,0,0,0,1,1,2,3,-1,-1,-1,-1,-1,-1,-1,-1
2018340C00741,2,9,0,18,0,0,0,0,0,0,1,1,2,1,47,8,1598,1,11,1,1,1
2018340C00741,3,21,0,2,0,0,0,0,0,0,2,1,1,1,56,9,10837,2,8,1,1,1
2018340C00881,1,9,0,6,0,0,0,0,0,0,0,1,6,2,38,7,2993,2,13,3,1,3
2018340C00881,2,4,0,18,0,0,0,0,0,0,1,1,6,1,20,4,124,1,11,3,1,3
2018340C01111,1,9,0,18,0,8,0,0,0,0,0,1,6,1,-1,-1,-1,-1,-1,-1,-1,-1
2018340C01351,1,9,0,9,0,0,0,0,0,0,1,1,6,2,37,7,1368,1,8,2,1,2
2018340C01351,2,5,0,18,0,0,0,0,0,0,1,1,6,1,20,4,649,1,2,3,1,3
2018340C01351,3,9,0,18,0,0,0,0,0,0,0,1,6,3,-1,-1,-1,-1,-1,-1,-1,-1
2018340C01441,1,9,0,18,0,0,0,0,0,0,1,1,6,1,58,9,1560,2,13,2,1,2
2018340C01471,1,9,0,9,0,0,0,0,0,0,1,1,6,1,-1,-1,1149,1,16,-1,-1,-1
2018340C01471,2,9,0,18,0,0,0,0,0,0,1,1,6,2,42,7,2720,2,10,10,1,10
2018340C01541,1,9,0,15,0,0,0,0,0,0,1,1,6,1,-1,-1,-1,-1,-1,-1,-1,-1
2018340C01541,2,9,0,18,0,0,0,0,0,0,1,1,6,1,32,6,1995,2,8,-1,-1,-1
2018340C01601,1,21,0,5,0,0,0,0,0,0,0,1,6,3,-1,-1,-1,-1,-1,-1,-1,-1
2018340C01651,1,98,0,18,0,8,0,0,0,0,2,1,6,3,-1,-1,-1,-1,-1,-1,-1,-1
2018340C01651,2,1,0,18,0,8,0,0,0,0,2,1,2,1,29,6,-1,-1,-1,3,2,3
2018340C01861,1,9,0,18,0,0,0,0,0,0,1,1,6,1,29,6,1390,1,21,-1,-1,-1
2018340C01861,2,9,0,18,0,0,0,0,0,0,2,1,6,2,34,6,1587,1,15,-1,-1,-1
2018340C02021,1,1,0,18,0,3,0,0,0,0,0,1,6,1,35,6,-1,-1,-1,-1,-1,-1
2018340C02021,2,9,0,7,0,3,0,0,0,0,0,1,2,1,-1,-1,-1,-1,-1,-1,-1,-1
2018340C02181,1,9,0,18,0,0,0,0,0,0,1,1,6,2,24,5,1198,1,14,4,1,4
2018340C02181,2,3,0,2,0,0,0,0,0,0,2,1,1,2,56,9,120,1,5,3,1,3
2018340C02241,1,9,0,18,0,0,0,0,0,0,1,1,2,1,53,8,-1,-1,-1,4,2,4
2018340C02241,2,9,0,3,0,0,0,0,0,0,1,1,1,1,32,6,1560,2,2,10,1,10
2018340C02241,3,9,0,3,0,0,0,0,0,0,2,1,6,1,17,4,1984,1,9,6,1,6
2018340C02301,1,97,0,7,0,6,0,0,0,0,1,1,1,1,34,6,-1,-1,-1,-1,-1,-1
2018340C02301,2,9,0,18,0,8,0,0,0,0,3,1,6,1,50,8,2993,2,8,4,1,4
2018340C02351,1,9,0,18,0,4,0,0,0,0,1,1,6,1,33,6,-1,-1,-1,-1,-1,-1
2018340C02351,2,9,0,18,0,4,0,0,0,0,2,1,6,2,40,7,-1,3,-1,5,1,5
2018340C02471,1,9,0,18,0,0,0,0,0,0,4,1,6,1,33,6,1397,1,10,4,1,4
2018340C02591,1,8,0,7,0,8,0,0,0,0,1,1,1,1,44,7,-1,-1,-1,-1,-1,-1
2018340C02591,2,1,0,18,0,8,0,0,0,0,1,1,6,1,12,3,-1,-1,-1,-1,-1,-1
2018340C02781,1,9,0,18,0,0,0,0,0,0,2,1,1,3,-1,-1,-1,-1,-1,-1,-1,-1
2018340C02781,2,5,0,18,0,0,0,0,0,0,1,1,6,1,29,6,599,1,6,10,1,10
2018340C02881,1,9,0,8,0,8,0,0,0,0,4,1,2,2,29,6,1995,2,2,2,1,2
2018340C02881,2,1,0,18,0,8,0,0,0,0,1,1,6,1,25,5,-1,-1,-1,-1,-1,-1
2018340C02991,1,11,0,5,0,0,0,0,0,0,1,1,1,1,-1,-1,-1,-1,-1,-1,-1,-1
2018340C03121,1,9,0,18,0,0,0,0,0,0,0,1,6,1,26,6,-1,-1,-1,-1,-1,-1
2018340C03421,1,9,0,13,0,0,0,0,0,0,0,1,6,1,-1,-1,1968,2,1,-1,-1,-1
2018340C03421,2,9,0,18,0,0,0,0,7,9,0,1,6,2,30,6,1399,2,15,9,1,9
2018340C03441,1,9,0,18,0,1,0,0,0,0,2,1,6,1,-1,-1,1299,1,16,-1,-1,-1
2018340C03441,2,9,0,4,0,1,0,0,0,0,1,1,6,2,39,7,1685,2,7,8,3,8
2018340C03491,1,9,0,18,0,0,0,0,0,0,1,1,6,1,57,9,1587,1,8,-1,-1,-1
2018340C03491,2,9,0,18,0,0,0,0,0,0,1,1,1,2,18,4,1248,2,11,1,1,1
2018340C03731,1,9,0,14,0,0,0,0,0,0,1,1,6,1,31,6,1197,1,3,-1,-1,-1
2018340C03731,2,9,0,2,0,0,0,0,0,0,1,1,6,1,-1,-1,1560,2,1,-1,-1,-1
2018340C03801,1,19,0,18,0,0,0,0,0,0,1,1,6,1,-1,-1,2148,2,11,-1,-1,-1
2018340C03801,2,9,0,18,0,0,0,0,0,0,2,1,6,2,37,7,1968,2,9,8,3,8
2018340C03851,1,19,0,18,0,8,0,0,0,0,4,1,6,1,59,9,1248,2,5,-1,-1,-1
2018340C03851,2,9,0,18,0,8,0,0,0,0,1,1,6,1,71,10,-1,-1,-1,-1,-1,-1
2018340C03931,1,21,0,18,0,0,0,0,0,0,1,1,1,1,33,6,10837,2,3,-1,-1,-1
2018340C03931,2,9,0,18,0,0,0,0,0,0,2,1,6,2,24,5,1686,2,14,2,1,2
2018340C04131,1,11,0,1,6,0,0,0,0,0,0,1,1,1,-1,-1,9000,2,14,-1,-1,-1
2018340C04191,1,9,0,1,0,0,0,0,0,0,2,1,6,1,-1,-1,1896,2,15,-1,-1,-1
2018340C04191,2,9,0,2,0,0,0,0,0,0,2,1,6,2,39,7,1560,2,3,-1,-1,-1
2018340C04221,1,19,0,18,0,0,0,0,0,0,1,1,1,1,32,6,-1,-1,-1,-1,-1,-1
2018340C04221,2,9,0,4,0,0,0,0,0,0,0,1,6,2,56,9,-1,-1,-1,-1,-1,-1
2018340C04271,1,9,0,7,0,6,0,0,0,0,1,1,6,3,-1,-1,-1,-1,-1,-1,-1,-1
2018340C04271,2,1,0,18,5,8,0,0,0,0,0,1,6,1,32,6,-1,-1,-1,-1,-1,-1
2018340C04301,1,9,0,3,0,1,0,0,0,0,2,1,6,2,36,7,1390,1,5,2,1,2
2018340C04301,2,9,0,18,0,1,0,0,0,0,1,1,6,3,-1,-1,1796,1,12,-1,-1,-1