Accident_Index,Vehicle_Reference,Vehicle_Type,Towing_and_Articulation,Vehicle_Manoeuvre,Vehicle_Location-Restricted_Lane,Junction_Location,Skidding_and_Overturning,Hit_Object_in_Carriageway,Vehicle_Leaving_Carriageway,Hit_Object_off_Carriageway,1st_Point_of_Impact,Was_Vehicle_Left_Hand_Drive?,Journey_Purpose_of_Driver,Sex_of_Driver,Age_of_Driver,Age_Band_of_Driver,Engine_Capacity_(CC),Propulsion_Code,Age_of_Vehicle,Driver_IMD_Decile,Driver_Home_Area_Type,Vehicle_IMD_Decile
2018340K10101,2,9,0,18,0,7,0,0,0,0,2,1,1,1,32,6,2198,2,4,7,2,7
2018340K10101,3,19,0,18,0,7,0,0,0,0,2,1,2,1,33,6,1995,2,6,3,1,3
2018340K10111,1,9,0,12,0,0,0,0,0,0,1,1,6,2,54,8,1968,2,2,8,2,8
2018340K10111,2,9,0,18,0,0,0,0,0,6,1,1,2,2,46,8,2987,2,1,-1,-1,-1
2018340K80051,1,9,0,13,0,0,0,0,0,0,1,1,2,1,22,5,-1,-1,-1,-1,-1,-1
2018340K80051,2,9,0,18,0,0,0,0,0,0,1,1,6,1,23,5,-1,-1,-1,-1,-1,-1
2018340K80121,1,9,0,18,0,0,0,0,7,4,0,1,6,1,17,4,-1,-1,-1,-1,-1,-1
2018340K80201,1,21,0,18,0,0,0,0,0,0,1,1,1,1,44,7,12740,2,3,3,1,3
2018340K80201,2,9,0,18,0,0,0,0,0,0,1,1,2,2,27,6,1242,1,4,2,1,2
2018340N00011,1,9,0,18,0,7,0,0,0,0,1,1,6,2,33,6,1364,1,1,3,1,3
2018340N00011,2,9,0,3,0,6,0,0,0,0,2,1,2,1,38,7,1598,2,7,7,1,7
2018340N00031,1,9,0,18,0,8,0,0,0,0,1,1,2,2,33,6,-1,-1,-1,4,1,4
2018340N00031,2,19,0,18,0,8,0,0,0,0,3,1,1,1,36,7,2198,2,4,4,2,4
2018340N00051,1,9,0,18,0,0,5,0,1,5,1,1,6,1,27,6,998,1,16,3,1,3
2018340N00081,1,9,0,18,0,0,0,0,0,0,1,1,1,2,28,6,1120,2,6,2,1,2
2018340N00081,2,19,0,18,0,0,0,0,0,0,2,1,1,1,20,4,2198,2,8,6,1,6
2018340N00101,1,1,0,18,0,8,0,0,0,0,1,1,6,1,15,3,-1,-1,-1,-1,-1,-1
2018340N00101,2,9,0,18,0,8,0,0,0,0,4,1,6,2,20,4,1299,1,16,4,1,4
2018340N00111,1,19,0,18,0,8,0,0,0,0,1,1,2,1,36,7,2198,2,2,-1,-1,-1
2018340N00111,2,9,0,3,0,8,0,0,0,0,2,1,2,1,37,7,-1,-1,-1,9,1,9
2018340N00111,3,9,0,3,0,8,0,0,0,0,2,1,6,1,43,7,-1,-1,-1,7,1,7
2018340N00171,1,9,0,1,0,0,0,0,0,0,3,1,6,2,59,9,1364,1,4,10,1,10
2018340N00231,1,9,0,18,0,8,0,0,0,0,1,1,6,1,80,11,1598,1,9,7,1,7
2018340N00301,1,9,0,7,0,8,0,0,0,0,1,1,3,2,30,6,989,1,19,8,1,8
2018340N00301,2,9,0,7,0,8,0,0,0,0,2,1,3,2,33,6,1998,1,15,8,1,8
2018340N00321,1,9,0,1,0,8,0,0,0,0,2,1,6,1,-1,-1,1999,2,2,-1,-1,-1
2018340N00321,2,1,0,18,0,8,0,0,0,0,1,1,4,1,13,3,-1,-1,-1,5,1,5
2018340N00351,1,9,0,18,0,8,0,0,1,0,1,1,6,2,21,5,-1,-1,-1,-1,-1,-1
2018340N00351,2,9,0,12,0,8,0,0,0,0,0,1,6,3,-1,-1,-1,-1,-1,-1,-1,-1
2018340N00371,1,9,0,17,0,0,0,0,0,0,4,1,6,2,34,6,1998,2,5,8,1,8
2018340N00411,1,9,0,9,0,8,0,0,0,0,3,1,3,2,29,6,1686,2,10,2,1,2
2018340N00411,2,9,0,18,0,8,0,0,0,0,1,1,6,1,65,9,-1,-1,-1,3,1,3
2018340N00461,1,9,0,18,0,8,0,0,0,0,1,1,1,1,41,7,-1,-1,-1,5,1,5
2018340N00461,2,9,0,3,0,8,0,0,0,0,2,1,6,2,25,5,1461,2,10,7,1,7
2018340N00531,1,9,0,18,0,0,0,0,0,0,1,1,6,2,-1,-1,-1,-1,-1,-1,-1,-1
2018340N00531,2,9,0,3,0,0,0,0,0,0,2,1,1,2,51,8,1461,2,3,3,1,3
2018340N00561,1,9,0,18,0,8,0,0,0,0,1,1,6,1,-1,-1,1968,2,11,-1,-1,-1
2018340N00571,1,9,0,18,0,8,0,0,0,0,1,1,6,3,-1,-1,1896,2,14,-1,-1,-1
2018340N00571,2,9,0,2,0,8,0,0,0,0,2,1,6,1,28,6,1598,1,12,3,1,3
2018340N00601,1,9,0,9,0,8,0,0,0,0,1,1,6,1,43,7,-1,-1,-1,1,1,1
2018340N00601,2,9,0,17,0,8,0,0,0,0,1,1,6,1,30,6,1984,1,11,2,1,2
2018340N00681,1,9,0,9,0,8,0,0,0,0,3,1,6,1,-1,-1,998,1,16,-1,-1,-1
2018340N00721,1,9,0,18,0,7,0,0,0,0,1,1,6,2,-1,-1,1339,1,12,-1,-1,-1
2018340N00721,2,9,0,9,0,8,0,0,0,0,2,1,6,2,31,6,1596,1,12,8,1,8
2018340N00781,1,9,0,18,0,0,0,0,0,0,1,1,6,1,-1,-1,1461,2,2,-1,-1,-1
2018340N00781,2,9,0,3,0,0,0,0,0,0,2,1,6,2,30,6,-1,3,2,6,1,6
2018340N00781,3,9,0,3,0,0,0,0,0,0,2,1,6,2,-1,-1,-1,-1,-1,-1,-1,-1
2018340N00791,1,9,0,18,0,8,0,0,0,0,1,1,6,1,34,6,1968,2,5,2,1,2
2018340N00791,2,9,0,2,0,8,0,0,0,0,3,1,6,1,-1,-1,-1,-1,-1,-1,-1,-1
2018340N00811,1,9,0,18,0,7,0,0,0,0,1,1,2,1,18,4,1198,1,13,7,1,7
2018340N00811,2,9,0,3,0,7,0,0,0,0,2,1,6,1,32,6,2143,2,2,8,1,8
2018340N00831,1,19,0,9,0,8,0,0,0,0,1,1,6,1,-1,-1,1868,2,13,2,1,2
2018340N00831,2,11,0,17,0,8,0,0,0,0,1,1,1,1,31,6,4461,2,5,1,1,1
2018340N00841,1,9,0,18,0,8,0,0,0,0,1,1,1,1,23,5,-1,-1,-1,-1,-1,-1
2018340N00841,2,9,0,2,0,8,0,0,0,0,2,1,1,1,26,6,1999,1,9,6,1,6
2018340N00861,1,8,0,6,0,0,0,0,0,0,0,1,1,1,47,8,1896,2,9,1,1,1
2018340N00861,2,9,0,9,0,0,0,0,0,0,1,1,6,1,39,7,1395,1,2,-1,-1,-1
2018340N00901,1,9,0,9,0,8,0,0,0,0,0,1,6,2,-1,-1,1399,2,10,-1,-1,-1
2018340N00941,1,9,0,18,0,0,0,0,0,0,2,1,6,1,-1,-1,1896,2,12,-1,-1,-1
2018340N00941,2,9,0,18,0,0,0,0,0,0,0,1,6,1,68,10,-1,-1,-1,-1,-1,-1
2018340N00961,1,1,0,18,0,0,0,0,0,0,3,1,6,1,24,5,-1,-1,-1,-1,-1,-1
2018340N00961,2,9,0,18,0,0,0,0,0,0,3,1,6,2,-1,-1,1200,1,3,-1,-1,-1
2018340N01021,1,19,0,9,0,8,0,0,0,0,0,1,6,1,69,10,1995,2,11,-1,-1,-1
2018340N01021,2,9,0,18,0,8,0,0,0,0,4,1,6,1,46,8,2295,1,15,7,1,7
2018340N01031,1,9,0,1,6,0,0,0,0,0,2,1,6,1,-1,-1,1149,1,14,-1,-1,-1
2018340N01031,2,9,0,2,6,0,0,0,0,0,1,1,6,1,31,6,1339,1,12,7,1,7
2018340N01191,1,9,0,18,0,0,0,0,0,0,1,1,6,1,19,4,1997,2,9,3,1,3
2018340N01191,2,1,0,18,0,0,0,0,0,0,0,1,6,1,19,4,-1,-1,-1,-1,-1,-1
2018340N01201,1,9,0,18,0,1,0,0,0,0,1,1,6,2,18,4,1398,1,14,8,1,8
2018340N01201,2,9,0,18,0,1,0,0,0,0,1,1,6,2,46,8,1397,1,4,8,1,8
2018340N01211,1,9,0,7,0,8,0,0,0,0,0,1,6,1,-1,-1,-1,-1,-1,-1,-1,-1
2018340N01221,1,9,0,18,0,2,0,0,0,0,2,1,6,2,66,10,1299,1,13,10,1,10
2018340N01221,2,9,0,13,0,1,0,0,0,0,1,1,6,1,43,7,1598,2,3,8,1,8
2018340N01221,3,9,0,13,0,1,0,0,0,0,1,1,6,1,34,6,1796,1,11,-1,-1,-1
2018340N01241,1,9,0,18,0,0,0,0,0,0,2,1,6,1,89,11,1796,1,13,5,1,5
2018340N01241,2,9,0,2,0,0,0,0,0,0,1,1,6,1,69,10,1197,1,4,5,1,5
2018340N01281,1,9,0,18,0,2,0,0,0,0,1,1,1,2,44,7,2148,2,15,7,1,7
2018340N01341,1,9,0,18,0,8,0,0,0,0,1,1,6,2,35,6,-1,-1,-1,3,1,3
2018340N01341,2,9,0,18,0,8,0,0,0,0,0,1,6,1,25,5,999,1,4,-1,-1,-1
2018340N01381,1,9,0,18,0,0,0,0,0,0,1,1,1,1,46,8,1364,1,3,3,1,3
2018340N01381,2,9,0,18,0,0,0,0,0,0,1,1,6,1,67,10,1598,2,4,8,1,8
2018340N01401,1,9,0,18,0,0,0,0,0,0,1,1,6,3,-1,-1,-1,-1,-1,-1,-1,-1
2018340N01401,2,9,0,3,0,0,0,0,0,0,2,1,6,1,20,4,1390,1,10,2,1,2
2018340N01421,1,9,0,18,0,8,0,0,0,0,2,1,1,1,26,6,1798,8,6,1,1,1
2018340N01421,2,9,0,18,0,8,0,0,0,0,1,1,6,3,-1,-1,-1,-1,-1,-1,-1,-1
2018340N01531,1,8,0,18,0,8,0,0,0,0,2,1,1,1,-1,-1,-1,-1,-1,-1,-1,-1
2018340N01531,2,9,0,18,0,8,0,0,0,0,0,1,1,1,21,5,-1,-1,-1,-1,-1,-1
2018340N01531,3,9,0,18,0,8,0,0,0,0,0,1,6,2,-1,-1,-1,-1,-1,-1,-1,-1
2018340N01611,1,9,0,9,0,8,0,0,0,0,1,1,6,2,20,4,1149,1,15,1,1,1
2018340N01611,2,9,0,2,0,8,0,0,0,0,1,1,6,2,31,6,898,1,1,2,1,2
2018340N01631,1,9,0,18,0,0,0,0,0,0,1,1,6,1,-1,-1,2143,2,6,-1,-1,-1
2018340N01631,2,9,0,4,0,0,0,0,0,0,2,1,6,2,34,6,1984,1,16,7,3,7
2018340N01641,1,9,0,10,0,0,0,0,0,0,1,1,6,1,36,7,1995,2,9,1,1,1
2018340N01641,2,5,0,18,0,0,0,0,0,0,3,1,6,1,48,8,1137,1,19,-1,-1,-1
2018340N01661,1,3,0,14,0,0,0,0,0,0,1,1,6,1,25,5,125,1,9,1,1,1
2018340N01661,2,8,0,10,0,0,0,0,0,0,1,1,1,1,42,7,1798,8,4,-1,-1,-1
2018340N01671,1,9,0,18,0,0,0,0,0,0,1,1,6,1,26,6,1299,1,12,2,1,2
2018340N01671,2,9,0,18,0,0,0,0,0,0,1,1,1,2,47,8,1956,2,4,2,1,2
2018340N01691,1,9,0,18,0,1,0,0,0,0,1,1,1,2,64,9,1198,1,7,2,1,2
2018340N01691,2,21,0,18,0,1,0,0,0,0,4,1,1,1,54,8,-1,-1,-1,-1,-1,-1
2018340N01701,1,9,0,8,0,1,0,0,0,0,4,1,6,1,-1,-1,1598,1,9,-1,-1,-1
2018340N01701,2,1,0,10,0,1,0,0,0,0,1,1,6,1,48,8,-1,-1,-1,-1,-1,-1
2018340N01711,1,9,0,18,0,8,0,0,0,0,1,1,6,2,20,4,-1,-1,-1,5,1,5
2018340N01711,2,9,0,9,0,8,0,0,0,0,1,1,6,2,28,6,1598,1,12,2,1,2
2018340N01741,1,19,0,18,0,0,0,0,0,0,1,1,1,1,33,6,1461,2,3,-1,-1,-1
2018340N01781,1,9,0,9,0,8,0,0,0,0,4,1,6,1,30,6,1896,2,17,1,1,1
2018340N01781,2,19,0,18,0,8,0,0,0,0,1,1,6,1,40,7,1686,2,15,-1,-1,-1
2018340N01821,1,3,0,18,0,0,0,0,0,0,1,1,6,1,19,4,124,1,4,7,1,7
2018340N01891,1,19,0,18,0,0,0,0,0,0,1,1,1,1,28,6,2143,2,7,2,1,2
2018340N01891,2,9,0,18,0,0,0,0,0,0,2,1,1,1,40,7,1999,2,1,10,1,10
2018340N01891,3,19,0,18,0,0,0,0,0,0,2,1,1,1,-1,-1,-1,-1,-1,2,1,2
2018340N01891,4,9,0,18,0,0,0,0,0,0,2,1,6,1,47,8,2993,2,2,10,1,10
2018340N01891,5,9,0,18,0,0,0,0,0,0,2,1,1,1,20,4,998,1,5,3,1,3
2018340N01951,1,9,0,18,0,8,1,0,0,0,1,1,6,3,-1,-1,-1,-1,-1,-1,-1,-1
2018340N01951,2,8,0,18,0,8,1,0,0,0,3,1,1,1,-1,-1,1968,2,8,-1,-1,-1
2018340N01981,1,9,0,18,0,0,0,0,0,0,3,1,6,2,21,5,998,1,17,2,1,2
2018340N01981,2,1,0,18,0,0,0,0,0,0,3,1,4,1,13,3,-1,-1,-1,7,1,7
2018340N01981,3,1,0,18,0,0,0,0,0,0,3,1,4,1,13,3,-1,-1,-1,7,1,7
2018340N02001,1,9,0,9,0,8,0,0,0,0,1,1,6,1,-1,-1,1198,1,14,-1,-1,-1
2018340N02001,2,1,0,18,0,8,0,0,0,0,0,1,1,2,53,8,-1,-1,-1,-1,-1,-1
2018340N02011,1,9,0,18,0,8,0,0,0,0,1,1,2,1,56,9,2987,2,3,10,1,10
2018340N02011,2,1,0,18,0,8,0,0,0,0,0,1,2,1,43,7,-1,-1,-1,-1,-1,-1
2018340N02051,1,9,0,18,0,8,0,0,0,0,1,1,6,2,48,8,2495,2,15,9,1,9
2018340N02051,2,11,0,18,0,8,0,0,0,0,1,1,1,1,28,6,-1,-1,-1,10,2,10
2018340N02061,1,9,0,18,0,8,0,0,0,0,2,1,1,1,43,7,-1,-1,-1,-1,-1,-1
2018340N02061,2,9,0,18,0,8,0,0,0,0,0,1,1,1,23,5,-1,-1,-1,-1,-1,-1
2018340N02091,1,9,0,9,0,8,0,0,0,0,3,1,6,2,41,7,1198,1,4,-1,-1,-1
2018340N02091,2,9,0,18,0,8,0,0,0,0,1,1,6,1,42,7,2696,2,12,-1,-1,-1
2018340N02111,1,8,0,18,0,8,1,0,0,1,1,1,1,1,-1,-1,-1,-1,-1,-1,-1,-1
2018340N02131,1,9,0,18,0,0,0,0,0,0,0,1,6,1,63,9,1950,2,1,2,1,2
2018340N02201,1,9,0,18,0,0,0,0,0,0,0,1,6,1,21,5,1461,2,12,8,1,8
2018340N02201,2,9,0,18,0,0,0,0,0,0,0,1,6,1,21,5,899,1,3,1,1,1
2018340N02221,1,9,0,18,0,1,0,0,0,0,1,1,6,1,42,7,2268,2,3,5,2,5
2018340N02221,2,9,0,18,0,1,0,0,0,0,2,1,6,2,35,6,998,1,6,2,1,2
2018340N02271,1,3,0,18,0,0,0,0,0,0,1,1,3,1,17,4,125,1,6,6,1,6
2018340N02271,2,19,0,18,0,0,0,0,0,0,2,1,6,1,27,6,1998,2,16,8,1,8
2018340N02281,1,9,0,18,0,1,0,0,0,0,2,1,6,1,-1,-1,2000,2,14,-1,-1,-1
2018340N02281,2,9,0,18,0,1,0,0,0,0,1,1,6,2,36,7,1242,1,4,4,1,4
2018340N02311,1,9,0,7,0,8,0,0,0,0,1,1,6,1,-1,-1,1560,2,8,-1,-1,-1
2018340N02331,1,9,0,18,0,0,0,0,0,0,1,1,1,1,47,8,1968,2,6,6,2,6
2018340N02331,2,9,0,3,0,0,0,0,0,0,1,1,3,2,40,7,1951,2,17,8,1,8
2018340N02331,3,9,0,3,0,0,0,0,0,0,2,1,1,2,21,5,1461,2,6,7,1,7
2018340N02421,1,9,0,18,0,8,0,0,0,0,1,1,6,1,31,6,1995,1,16,8,-1,8
2018340N02421,2,9,0,18,0,8,0,0,0,0,1,1,6,1,35,6,1497,1,15,2,1,2
2018340N02431,1,9,0,18,0,0,5,0,0,0,2,1,6,3,-1,-1,1998,1,12,-1,-1,-1
2018340N02431,2,9,0,18,0,0,1,0,0,0,1,1,1,2,57,9,999,1,1,5,1,5
2018340N02431,3,21,0,2,6,0,0,0,0,0,3,1,1,1,-1,-1,-1,-1,-1,-1,-1,-1
2018340N02431,4,21,0,2,6,0,0,0,0,0,3,1,1,3,-1,-1,-1,-1,-1,-1,-1,-1
2018340N02461,1,9,0,9,0,8,0,0,0,0,1,1,6,3,-1,-1,-1,-1,-1,-1,-1,-1
2018340N02461,2,11,0,18,0,8,0,0,0,0,1,1,1,2,-1,-1,-1,-1,-1,-1,-1,-1
2018340N02481,1,9,0,9,0,8,0,0,0,0,1,1,6,3,-1,-1,1596,1,8,-1,-1,-1
2018340N02481,2,8,0,18,0,8,0,0,0,0,1,1,1,1,34,6,1997,2,6,4,1,4
2018340N02491,1,9,0,18,0,8,0,0,0,0,1,1,6,2,40,7,-1,-1,-1,4,1,4
2018340N02491,2,9,0,18,0,8,0,0,0,10,1,1,6,1,62,9,3498,1,11,2,1,2
2018340N02491,3,9,0,18,0,8,0,0,0,0,1,1,6,1,55,8,1560,2,9,3,1,3
2018340N02501,1,9,0,5,0,8,0,0,0,0,1,1,6,3,-1,-1,-1,-1,-1,-1,-1,-1
2018340N02501,2,1,0,5,0,8,0,0,0,0,0,1,6,1,54,8,-1,-1,-1,-1,-1,-1
2018340N02551,1,9,0,12,0,0,0,0,0,0,3,1,6,3,-1,-1,-1,-1,-1,-1,-1,-1
2018340N02551,2,9,0,18,0,0,0,0,0,0,0,1,3,1,-1,-1,-1,-1,-1,-1,-1,-1
2018340N02651,1,9,0,18,0,0,0,0,0,0,0,1,1,2,19,4,1399,2,8,9,1,9
2018340N02651,2,9,0,18,0,0,0,0,0,0,0,1,6,1,62,9,-1,-1,-1,5,1,5
2018340N02721,1,9,0,14,0,0,0,0,0,0,3,1,6,1,33,6,1396,1,5,-1,-1,-1
2018340N02721,2,9,0,2,0,0,0,0,0,0,3,1,6,2,-1,-1,1398,1,3,8,3,8
2018340N02821,1,9,0,18,0,4,0,0,0,0,1,1,6,1,-1,-1,1896,2,13,1,1,1
2018340N02821,2,9,0,18,0,4,0,0,0,0,1,1,6,1,44,7,1596,1,14,-1,-1,-1
2018340N02821,3,9,0,18,0,4,0,0,0,0,2,1,6,2,19,4,1496,2,1,-1,-1,-1
2018340N02831,1,9,0,18,0,8,0,0,0,0,1,1,6,2,-1,-1,1598,1,8,5,1,5
2018340N02831,2,1,0,18,0,8,0,0,0,0,1,1,6,1,48,8,-1,-1,-1,-1,-1,-1
2018340N02841,1,9,0,15,0,0,0,0,0,0,0,1,6,3,-1,-1,-1,-1,-1,-1,-1,-1
2018340N02841,2,1,0,18,0,0,0,0,0,0,0,1,2,1,39,7,-1,-1,-1,10,1,10
2018340N02861,1,9,0,11,0,7,0,0,0,0,4,1,6,1,38,7,3596,1,16,5,1,5
2018340N02861,2,5,0,11,0,7,0,0,0,0,4,1,6,1,20,4,689,1,1,9,2,9
2018340N02891,1,9,0,18,0,0,0,0,0,0,2,1,6,1,-1,-1,-1,-1,-1,-1,-1,-1
2018340N02891,2,9,0,18,0,0,0,0,0,0,2,1,6,1,50,8,1197,1,-1,-1,-1,-1
2018340N02941,1,9,0,12,0,0,0,0,0,0,4,1,6,1,-1,-1,1461,2,3,-1,-1,-1
2018340N02941,2,9,0,18,0,0,0,0,0,0,3,1,6,2,25,5,1797,8,6,7,3,7
2018340N02951,1,9,0,18,0,0,0,0,0,0,4,1,6,1,-1,-1,-1,-1,-1,-1,-1,-1
2018340N02951,2,9,0,18,0,0,0,0,0,0,3,1,6,1,33,6,1389,1,16,1,1,1
2018340N02961,1,19,0,9,0,8,0,0,0,0,1,1,1,1,-1,-1,1560,2,8,3,1,3
2018340N02961,2,9,0,18,0,8,0,0,0,0,1,1,1,1,32,6,1598,1,5,6,1,6
2018340N03061,1,9,0,5,0,8,0,0,0,0,1,1,6,2,37,7,2987,2,12,5,1,5
2018340N03061,2,9,0,18,0,8,0,0,0,0,3,1,6,2,25,5,796,1,14,2,1,2
2018340N03071,1,4,0,5,0,8,0,0,0,0,3,1,6,1,18,4,108,1,7,-1,-1,-1
2018340N03071,2,8,0,9,0,8,0,0,0,0,3,1,1,1,48,8,1497,8,11,-1,-1,-1
2018340N03101,1,20,0,7,0,6,0,0,0,0,0,1,1,1,55,8,-1,-1,-1,-1,-1,-1
2018340N03131,1,9,0,18,0,0,0,0,0,0,3,1,6,3,-1,-1,-1,-1,-1,-1,-1,-1
2018340N03131,2,9,0,2,0,0,0,0,0,0,0,1,6,1,65,9,-1,-1,-1,-1,-1,-1
2018340N03151,1,9,0,9,0,6,0,0,0,0,1,1,2,2,33,6,-1,-1,-1,-1,-1,-1
2018340N03151,2,9,0,18,0,8,0,0,0,0,3,1,6,1,24,5,-1,-1,-1,-1,-1,-1
2018340N03151,3,9,0,2,0,2,0,0,0,0,0,1,6,3,-1,-1,-1,-1,-1,-1,-1,-1
2018340N03161,1,19,0,18,0,1,0,0,0,0,0,1,1,1,42,7,-1,-1,-1,-1,-1,-1
2018340N03301,1,9,0,7,0,6,0,0,0,0,1,1,6,1,38,7,1896,2,17,4,1,4
2018340N03301,2,5,0,18,0,8,0,0,0,0,1,1,6,1,57,9,1340,1,-1,7,2,7
2018340N03351,1,9,0,18,0,1,1,7,0,0,0,1,6,2,67,10,-1,-1,-1,7,3,7
2018340N03431,1,9,0,17,0,1,0,0,0,4,0,1,6,1,18,4,1240,1,10,10,1,10
2018340N03471,1,9,0,18,0,0,0,0,0,0,1,1,3,1,40,7,1995,1,10,-1,-1,-1
2018340N03481,1,21,0,13,0,0,0,0,0,0,2,1,1,1,-1,-1,12740,2,4,-1,-1,-1
2018340N03481,2,9,0,18,0,0,0,0,0,0,4,1,6,2,20,4,1248,2,12,2,1,2
2018340N03501,1,11,0,13,0,0,0,0,0,0,3,1,1,3,-1,-1,-1,-1,-1,-1,-1,-1
2018340N03501,2,1,0,18,0,0,0,0,0,0,4,1,6,1,24,5,-1,-1,-1,7,1,7
2018340N03581,1,9,0,9,0,8,0,0,0,0,0,1,6,1,-1,-1,1360,1,13,-1,-1,-1
2018340N03591,1,5,0,18,0,8,0,0,0,0,2,1,6,1,32,6,865,1,4,10,2,10
2018340N03591,2,19,0,18,0,8,0,0,0,0,4,1,6,1,43,7,2198,2,6,1,1,1
2018340N03621,1,9,0,12,0,8,0,0,0,0,3,1,6,2,57,9,1968,2,3,-1,-1,-1
2018340N03621,2,3,0,18,0,8,0,0,0,0,4,1,2,1,32,6,125,1,9,9,2,9
2018340N03631,1,9,0,13,0,8,0,0,0,0,4,1,6,2,-1,-1,1248,1,4,-1,-1,-1
2018340N03631,2,9,0,18,0,8,0,0,0,0,3,1,6,1,23,5,1781,1,14,-1,-1,-1
2018340N03641,1,9,0,5,0,1,0,0,0,0,1,1,2,2,29,6,1200,1,2,-1,-1,-1
2018340N03641,2,3,0,5,0,1,0,0,0,0,2,1,6,1,28,6,124,1,9,-1,-1,-1
2018340N03661,1,9,0,12,0,8,0,0,0,0,3,1,6,1,68,10,1968,2,7,-1,-1,-1
2018340N03661,2,5,0,18,0,8,0,0,0,0,1,1,6,1,39,7,749,1,7,-1,-1,-1
2018340N03681,1,9,0,1,0,0,0,0,0,0,1,1,6,1,-1,-1,1086,1,11,-1,-1,-1
2018340N03681,2,1,0,18,0,0,0,0,0,0,2,1,6,1,36,7,-1,-1,-1,-1,-1,-1
2018340N03691,1,9,0,15,0,0,5,0,0,0,1,1,6,1,25,5,898,1,3,-1,-1,-1
2018340N03691,2,19,0,18,0,0,0,0,0,0,3,1,1,1,25,5,1997,2,15,-1,-1,-1
2018340N03711,1,9,0,9,0,8,0,0,0,0,1,1,6,1,30,6,1998,2,15,4,1,4
2018340N03711,2,9,0,18,0,8,0,0,0,0,1,1,6,1,39,7,1560,2,8,3,1,3
2018340N03761,1,9,0,18,0,0,0,0,0,0,1,1,6,1,28,6,1995,2,1,-1,-1,-1
2018340N03791,1,9,0,18,0,0,0,0,0,0,0,1,6,1,-1,-1,1794,1,12,-1,-1,-1
2018340N03811,1,9,0,18,0,8,0,0,0,0,2,1,6,3,-1,-1,-1,-1,-1,-1,-1,-1
2018340N03811,2,9,0,18,0,8,0,0,0,0,1,1,6,2,37,7,2148,2,12,-1,-1,-1
2018340N03871,1,9,0,9,0,8,0,0,0,0,1,1,6,1,20,4,1598,1,8,7,1,7
2018340N03871,2,1,0,18,0,8,0,0,0,0,1,1,6,2,51,8,-1,-1,-1,-1,-1,-1
2018340N03901,1,11,0,4,2,2,0,0,0,0,1,1,1,1,49,8,-1,-1,-1,4,1,4
2018340N03981,1,9,0,18,0,0,0,0,0,0,0,1,2,2,45,7,-1,-1,-1,-1,-1,-1
2018340N04031,1,9,0,18,0,8,0,0,0,0,1,1,6,1,21,5,-1,-1,-1,-1,-1,-1
2018340N04031,2,9,0,18,0,8,0,0,0,0,0,1,6,1,36,7,-1,-1,-1,-1,-1,-1
2018340N04051,1,9,0,9,0,8,0,0,0,0,1,1,6,1,47,8,-1,-1,-1,4,1,4
2018340N04051,2,9,0,18,0,8,0,0,0,0,1,1,6,1,88,11,998,1,5,9,2,9
2018340N04071,1,9,0,18,0,8,0,0,0,0,3,1,1,1,42,7,2400,2,7,-1,-1,-1
2018340N04071,2,9,0,18,0,8,0,0,0,0,1,1,6,1,22,5,998,1,6,-1,-1,-1
2018340N04081,1,9,0,18,0,0,0,0,0,0,3,1,6,3,-1,-1,1560,2,6,-1,-1,-1
2018340N04081,2,9,0,18,0,0,0,0,0,0,4,1,6,2,41,7,1197,1,3,-1,-1,-1
2018340N04211,1,19,0,9,0,8,0,0,0,0,1,1,6,1,26,6,-1,-1,-1,-1,-1,-1
2018340N04211,2,9,0,18,0,8,0,0,0,0,0,1,6,3,-1,-1,-1,-1,-1,-1,-1,-1
2018340N04241,1,9,0,18,0,0,0,0,0,0,1,1,6,1,70,10,-1,-1,-1,-1,-1,-1
2018340N04241,2,9,0,18,0,0,0,0,0,0,0,1,1,1,40,7,-1,-1,-1,-1,-1,-1
2018340N04281,1,9,0,18,0,0,0,0,0,0,1,1,6,1,-1,-1,-1,-1,-1,-1,-1,-1
2018340N04281,2,9,0,18,0,0,0,0,0,0,0,1,6,1,51,8,-1,-1,-1,-1,-1,-1
2018340N04281,3,9,0,18,0,0,0,0,0,0,0,1,6,2,31,6,-1,-1,-1,-1,-1,-1
2018340N04311,1,9,0,18,0,8,0,0,0,0,1,1,6,3,-1,-1,1896,2,14,-1,-1,-1
2018340N04311,2,9,0,18,0,8,0,0,0,0,4,1,6,2,27,6,-1,-1,-1,2,1,2
2018340N04381,1,9,0,18,0,8,0,0,0,0,1,1,6,1,76,11,1199,1,19,9,3,9
2018340N04381,2,9,0,10,0,8,0,0,0,0,2,1,3,2,40,7,1496,2,2,7,3,7
2018340N04401,1,5,0,18,0,8,0,0,0,0,1,1,6,1,73,10,749,1,1,8,1,8
2018340N04401,2,9,0,18,0,8,0,0,0,0,1,1,6,2,52,8,-1,-1,-1,-1,-1,-1
2018340N04411,1,9,0,18,0,8,0,0,0,0,1,1,3,2,-1,-1,1360,1,12,-1,-1,-1
2018340N04431,1,9,0,8,0,8,0,0,0,0,1,1,6,2,45,7,-1,-1,-1,5,1,5
2018340N04451,1,9,0,9,0,8,0,0,0,0,3,1,6,2,32,6,996,1,5,3,1,3
2018340N04451,2,9,0,18,0,8,0,0,0,0,1,1,6,2,29,6,2987,2,3,8,3,8
2018340N04461,1,9,0,18,0,1,0,0,0,0,1,1,1,2,56,9,5439,1,12,9,1,9
2018340N04461,2,9,0,18,0,1,0,0,0,0,2,1,6,2,73,10,1497,1,21,9,1,9
2018340N04461,3,9,0,18,0,1,0,0,0,0,2,1,1,3,25,5,1242,1,6,3,1,3
2018340N04471,1,19,0,5,0,8,0,0,0,0,1,1,1,1,31,6,1499,2,1,3,1,3
2018340N04511,1,9,0,18,0,7,0,0,0,0,1,1,6,2,27,6,1332,1,19,8,3,8
2018340N04511,2,9,0,18,0,7,0,0,0,0,2,1,1,1,-1,-1,1598,2,3,-1,-1,-1
2018340N04521,1,9,0,18,0,0,0,0,0,0,1,1,6,3,-1,-1,2360,1,17,-1,-1,-1
2018340N04521,2,9,0,18,0,0,0,0,0,0,3,1,6,3,-1,-1,1997,2,8,-1,-1,-1