Accident_Index,Vehicle_Reference,Vehicle_Type,Towing_and_Articulation,Vehicle_Manoeuvre,Vehicle_Location-Restricted_Lane,Junction_Location,Skidding_and_Overturning,Hit_Object_in_Carriageway,Vehicle_Leaving_Carriageway,Hit_Object_off_Carriageway,1st_Point_of_Impact,Was_Vehicle_Left_Hand_Drive?,Journey_Purpose_of_Driver,Sex_of_Driver,Age_of_Driver,Age_Band_of_Driver,Engine_Capacity_(CC),Propulsion_Code,Age_of_Vehicle,Driver_IMD_Decile,Driver_Home_Area_Type,Vehicle_IMD_Decile
2018340N08701,1,9,0,18,0,8,0,0,0,0,1,1,6,1,88,11,1242,1,11,-1,-1,-1
2018340N08701,2,9,0,18,0,8,0,0,0,0,4,1,6,2,56,9,1997,2,12,5,1,5
2018340N08721,1,9,0,18,0,0,0,0,0,0,4,1,6,1,-1,-1,1499,1,-1,4,1,4
2018340N08731,1,1,0,18,0,0,0,0,0,0,1,1,6,1,32,6,-1,-1,-1,-1,-1,-1
2018340N08731,2,9,0,18,0,0,0,0,0,0,1,1,6,2,32,6,1242,1,4,-1,-1,-1
2018340N08751,1,9,0,18,0,0,0,0,0,0,4,1,6,3,-1,-1,-1,-1,-1,-1,-1,-1
2018340N08751,2,9,0,2,0,0,0,0,0,0,3,1,6,2,40,7,1598,1,9,8,1,8
2018340N08761,1,9,0,9,0,8,0,0,0,0,1,1,6,3,-1,-1,-1,-1,-1,-1,-1,-1
2018340N08761,2,1,0,18,0,8,0,0,0,0,2,1,6,1,32,6,-1,-1,-1,3,1,3
2018340N08771,1,9,0,18,0,0,0,0,0,0,1,1,6,3,-1,-1,1461,2,2,-1,-1,-1
2018340N08771,2,9,0,18,0,0,0,0,0,0,1,1,2,1,40,7,1984,2,9,5,1,5
2018340N08781,1,9,0,13,0,0,0,0,0,0,1,1,6,1,-1,-1,-1,-1,-1,-1,-1,-1
2018340N08781,2,9,0,18,0,0,0,0,0,0,2,1,6,2,52,8,1968,2,6,7,2,7
2018340N08781,3,9,0,18,0,0,0,0,0,0,1,1,6,2,51,8,-1,-1,-1,2,1,2
2018340N08781,4,9,0,18,0,0,0,0,0,0,2,1,6,2,55,8,998,1,-1,9,1,9
2018340N08791,1,9,0,18,0,0,0,0,0,0,4,1,6,3,-1,-1,-1,-1,-1,-1,-1,-1
2018340N08791,2,9,0,2,0,0,0,0,0,0,3,1,3,2,31,6,2199,2,8,5,1,5
2018340N08821,1,9,0,18,0,1,0,0,0,0,1,1,6,1,-1,-1,1199,2,6,4,2,4
2018340N08821,2,1,0,5,0,1,0,0,0,0,1,1,6,1,32,6,-1,-1,-1,-1,-1,-1
2018340N08861,1,19,0,9,0,8,0,0,0,0,1,1,2,1,22,5,1560,2,6,-1,-1,-1
2018340N08861,2,9,0,18,0,8,0,0,0,0,1,1,1,2,37,7,1997,1,15,5,1,5
2018340N08881,1,3,0,18,0,0,0,0,0,0,1,1,1,1,37,7,125,1,6,5,1,5
2018340N08881,2,9,0,18,0,0,0,0,0,0,0,1,1,1,44,7,1995,2,1,9,1,9
2018340N08881,3,19,0,18,0,0,0,0,0,0,1,1,6,1,60,9,-1,-1,-1,9,3,9
2018340N08961,1,8,0,12,0,0,0,0,0,0,4,1,1,1,50,8,1896,2,15,3,1,3
2018340N08961,2,9,0,17,0,0,0,0,0,0,3,1,1,2,30,6,1969,8,1,-1,-1,-1
2018340N08961,3,9,0,18,0,0,0,0,5,6,4,1,2,2,30,6,-1,-1,-1,-1,-1,-1
2018340N08991,1,9,0,18,0,8,0,0,0,0,1,1,6,1,35,6,1781,1,14,7,1,7
2018340N08991,2,9,0,9,0,8,0,0,0,0,4,1,2,2,27,6,1229,1,13,2,1,2
2018340N09021,1,9,0,18,0,0,0,0,0,0,1,1,1,1,45,7,1395,1,1,-1,-1,-1
2018340N09021,2,9,0,2,0,0,0,0,0,0,2,1,6,1,-1,-1,-1,-1,-1,-1,-1,-1
2018340N09031,1,9,0,18,0,8,0,0,0,0,3,1,6,1,70,10,1997,2,4,8,1,8
2018340N09031,2,3,0,18,0,8,0,0,0,0,1,1,6,1,25,5,125,1,12,9,2,9
2018340N09131,1,9,0,9,0,8,0,0,0,0,1,1,6,1,-1,-1,998,1,-1,-1,-1,-1
2018340N09131,2,9,0,18,0,8,0,0,0,0,1,1,6,1,-1,-1,1997,2,13,-1,-1,-1
2018340N09141,1,9,0,18,0,0,0,0,0,7,1,1,6,1,48,8,2967,2,5,-1,-1,-1
2018340N09141,2,9,0,18,0,0,0,0,0,6,2,1,6,1,41,7,1896,2,12,2,1,2
2018340N09161,1,9,0,5,0,0,0,0,0,0,4,1,6,1,75,10,1798,1,2,8,1,8
2018340N09161,2,5,0,18,0,0,0,0,0,0,1,1,6,1,34,6,599,1,11,3,1,3
2018340N09201,1,9,0,18,0,1,0,0,0,0,1,1,6,2,46,8,2776,2,11,7,1,7
2018340N09201,2,9,0,2,0,1,0,0,0,0,1,1,6,1,56,9,2184,2,9,2,1,2
2018340N09211,1,9,0,18,0,0,0,0,0,0,1,1,6,1,16,4,1997,2,9,1,1,1
2018340N09211,2,9,0,18,0,0,0,0,0,0,2,1,6,2,23,5,1399,2,11,4,1,4
2018340N09211,3,9,0,18,0,0,0,0,0,0,1,1,6,2,64,9,1910,2,10,7,1,7
2018340N09211,4,9,0,2,0,0,0,0,0,0,3,1,6,3,-1,-1,1781,1,21,-1,-1,-1
2018340N09211,5,9,0,2,0,0,0,0,0,0,3,1,6,3,-1,-1,1769,1,12,-1,-1,-1
2018340N09211,6,9,0,18,0,0,0,0,0,0,0,1,1,1,-1,-1,2993,2,3,-1,-1,-1
2018340N09231,1,9,0,7,0,0,0,0,0,0,0,1,1,1,62,9,2993,2,11,9,1,9
2018340N09241,1,9,0,5,0,8,0,0,0,0,1,1,6,3,-1,-1,-1,-1,-1,-1,-1,-1
2018340N09241,2,1,0,9,0,8,0,0,0,0,1,1,6,1,20,4,-1,-1,-1,5,1,5
2018340N09261,1,9,0,5,0,0,0,0,0,0,0,1,6,1,-1,-1,-1,-1,-1,-1,-1,-1
2018340N09311,1,9,0,18,0,0,0,0,0,0,1,1,6,1,-1,-1,1497,8,11,-1,-1,-1
2018340N09351,1,19,0,1,0,8,0,0,0,0,2,1,6,1,-1,-1,1995,2,-1,-1,-1,-1
2018340N09351,2,1,0,3,0,8,0,0,0,0,1,1,1,1,51,8,-1,-1,-1,2,1,2
2018340N09361,1,9,0,5,0,1,0,0,0,0,1,1,6,2,45,7,1229,1,3,8,-1,8
2018340N09371,1,9,0,18,0,8,0,0,0,0,1,1,3,1,17,4,1198,1,12,1,1,1
2018340N09441,1,19,0,18,0,1,0,0,0,0,1,1,6,1,-1,-1,2143,2,5,-1,-1,-1
2018340N09441,2,9,0,18,0,1,0,0,0,0,2,1,6,2,40,7,1299,1,17,7,1,7
2018340N09441,3,9,0,5,0,8,0,0,0,0,1,1,6,2,-1,-1,1328,1,12,-1,-1,-1
2018340N09451,1,9,0,18,0,0,0,0,0,0,1,1,6,1,24,5,1968,2,8,9,1,9
2018340N09451,2,1,0,18,0,0,0,0,0,0,1,1,6,1,47,8,-1,-1,-1,2,1,2
2018340N09461,1,9,0,9,0,8,0,0,0,0,1,1,6,2,35,6,1618,1,4,-1,-1,-1
2018340N09461,2,9,0,18,0,8,0,0,0,0,3,1,6,1,49,8,2401,2,13,4,1,4
2018340N09471,1,9,0,9,0,8,0,0,0,0,1,1,6,1,-1,-1,2987,2,12,-1,-1,-1
2018340N09471,2,9,0,18,0,8,0,0,0,0,1,1,6,2,54,8,998,1,2,7,1,7
2018340N09501,1,9,0,5,9,8,0,0,0,0,1,1,6,2,-1,-1,1388,1,15,-1,-1,-1
2018340N09541,1,9,0,18,0,2,0,0,0,0,1,1,6,2,55,8,1796,1,8,4,1,4
2018340N09551,1,9,0,18,0,1,0,0,0,0,1,1,6,1,68,10,1242,1,6,10,2,10
2018340N09551,2,4,0,4,0,1,0,0,0,0,3,1,6,1,44,7,998,1,10,2,1,2
2018340N09581,1,9,0,18,0,8,0,0,0,0,1,1,6,2,-1,-1,2143,2,3,-1,-1,-1
2018340N09581,2,1,0,18,0,8,0,0,0,0,1,1,6,1,56,9,-1,-1,-1,3,1,3
2018340N09631,1,8,0,18,0,2,0,0,0,0,1,1,1,1,-1,-1,1497,8,10,-1,-1,-1
2018340N09691,1,9,0,18,0,0,0,0,0,0,1,1,2,1,61,9,1968,2,6,-1,-1,-1
2018340N09691,2,9,0,2,0,0,0,0,0,0,2,1,6,2,57,9,1587,1,17,2,1,2
2018340N09731,1,9,0,18,0,1,1,0,0,2,0,1,6,2,31,6,998,1,3,-1,-1,-1
2018340N09791,1,9,0,18,0,8,0,0,0,0,1,1,2,2,-1,-1,-1,-1,-1,-1,-1,-1
2018340N09791,2,1,0,18,0,8,0,0,0,0,2,1,6,1,66,10,-1,-1,-1,-1,-1,-1
2018340N09801,1,9,0,18,0,8,0,0,0,0,0,1,6,3,-1,-1,-1,-1,-1,-1,-1,-1
2018340N09811,1,9,0,18,0,0,0,0,0,0,1,1,6,3,-1,-1,-1,-1,-1,-1,-1,-1
2018340N09811,2,1,0,18,0,0,0,0,0,0,0,1,6,1,56,9,-1,-1,-1,-1,-1,-1
2018340N09831,1,9,0,18,0,0,0,0,0,0,0,1,6,3,-1,-1,-1,-1,-1,-1,-1,-1
2018340N09831,2,9,0,18,0,0,0,0,0,0,0,1,6,1,43,7,-1,-1,-1,-1,-1,-1
2018340N09841,1,9,0,9,0,8,0,0,0,0,1,1,6,2,54,8,1364,1,13,4,1,4
2018340N09841,2,9,0,18,0,8,0,0,1,11,1,1,1,1,25,5,1984,1,4,-1,-1,-1
2018340N09851,1,9,0,18,0,8,0,0,0,0,1,1,1,2,75,10,2926,2,14,10,3,10
2018340N09901,1,9,0,18,0,0,0,0,0,0,2,1,6,2,47,8,1364,1,2,9,3,9
2018340N09901,2,1,0,18,0,0,0,0,0,0,1,1,6,1,28,6,-1,-1,-1,3,1,3
2018340N09951,1,9,0,9,0,8,0,0,0,0,1,1,1,2,59,9,1499,2,2,7,1,7
2018340N09951,2,9,0,18,0,8,0,0,0,0,3,1,6,2,21,5,1197,1,5,-1,-1,-1
2018340N09951,3,9,0,18,0,8,0,0,0,0,2,1,6,1,51,8,998,1,2,9,1,9
2018340N10121,1,9,0,10,0,1,0,0,0,0,2,1,6,2,36,7,-1,-1,-1,3,1,3
2018340N10121,2,9,0,18,0,1,0,0,0,0,1,1,6,2,-1,-1,1598,1,7,-1,-1,-1
2018340N10131,1,9,0,18,0,0,0,0,0,0,0,1,1,1,46,8,-1,3,3,7,1,7
2018340N10151,1,9,0,1,0,2,0,0,0,0,2,1,6,1,44,7,1984,2,7,7,1,7
2018340N10151,2,9,0,2,0,2,0,0,0,0,2,1,6,1,46,8,2143,2,4,3,1,3
2018340N10211,1,9,0,18,0,1,0,0,0,0,1,1,6,1,-1,-1,1390,1,5,-1,-1,-1
2018340N10211,2,9,0,2,0,2,0,0,0,0,3,1,6,1,-1,-1,898,1,3,-1,-1,-1
2018340N10211,3,19,0,2,0,2,0,0,0,0,1,1,6,1,-1,-1,1598,2,1,-1,-1,-1
2018340N10211,4,9,0,2,0,2,0,0,0,0,3,1,6,1,-1,-1,1124,1,10,-1,-1,-1
2018340N10211,5,9,0,5,0,2,0,0,0,0,1,1,6,1,-1,-1,2204,2,11,-1,-1,-1
2018340N10211,6,9,0,2,0,2,0,0,0,0,3,1,6,1,-1,-1,1749,1,14,-1,-1,-1
2018340N10211,7,9,0,2,0,2,0,0,0,0,2,1,6,3,-1,-1,1368,1,9,-1,-1,-1
2018340N10221,1,9,0,18,0,2,0,0,0,0,1,1,6,2,26,6,1686,2,11,2,1,2
2018340N10221,2,19,0,2,0,2,0,0,0,0,2,1,6,3,-1,-1,2143,2,-1,-1,-1,-1
2018340N10221,3,9,0,2,0,2,0,0,0,0,1,1,6,3,-1,-1,1798,8,1,-1,-1,-1
2018340N10231,1,9,0,9,0,1,0,0,0,0,1,1,6,1,-1,-1,1896,2,14,-1,-1,-1
2018340N10231,2,1,0,15,0,1,0,0,0,0,1,1,6,1,82,11,-1,-1,-1,9,1,9
2018340N10241,1,9,0,3,0,0,0,0,0,0,2,1,6,1,-1,-1,1388,1,16,-1,-1,-1
2018340N10241,2,1,0,18,0,0,0,0,0,0,1,1,6,2,53,8,-1,-1,-1,2,1,2
2018340N10261,1,9,0,18,0,1,0,0,0,0,1,1,6,1,39,7,1799,1,19,3,1,3
2018340N10261,2,9,0,3,0,1,0,0,0,0,2,1,6,2,21,5,995,1,10,7,1,7
2018340N10271,1,9,0,18,0,8,0,0,0,0,1,1,1,1,19,4,1229,1,13,10,1,10
2018340N10271,2,9,0,10,0,8,0,0,0,0,2,1,6,2,54,8,998,1,1,-1,-1,-1
2018340N10281,1,21,0,18,0,8,0,0,0,0,3,1,1,1,63,9,-1,-1,-1,3,1,3
2018340N10291,1,9,0,18,0,2,1,0,1,2,0,1,6,2,27,6,1590,1,14,4,1,4
2018340N10301,1,8,0,18,0,8,0,0,0,0,1,1,1,1,42,7,-1,-1,-1,1,1,1
2018340N10301,2,9,0,9,0,8,0,0,0,0,1,1,1,2,56,9,1794,1,16,5,1,5
2018340N10311,1,8,0,18,0,2,0,0,0,0,1,1,1,1,53,8,2148,2,13,-1,-1,-1
2018340N10311,2,9,0,18,0,1,0,0,0,0,1,1,6,2,22,5,1461,2,2,-1,-1,-1
2018340N10321,1,9,0,18,0,1,0,0,0,0,1,1,1,2,51,8,1390,1,10,1,1,1
2018340N10331,1,9,0,10,0,8,0,0,0,0,2,1,6,1,-1,-1,1390,1,8,-1,-1,-1
2018340N10331,2,9,0,18,0,8,0,0,0,0,1,1,2,2,54,8,1956,2,3,-1,-1,-1
2018340N10331,3,9,0,2,0,2,0,0,0,0,3,1,6,3,-1,-1,1299,1,11,-1,-1,-1
2018340N10341,1,9,0,9,0,8,0,0,0,0,1,1,6,1,54,8,1598,1,1,3,1,3
2018340N10341,2,9,0,18,0,8,0,0,0,0,1,1,6,1,62,9,-1,-1,-1,4,1,4
2018340N10351,1,9,0,9,0,8,0,0,0,0,0,1,6,1,-1,-1,-1,-1,-1,-1,-1,-1
2018340N80041,1,9,0,18,0,0,0,0,0,0,0,1,6,1,82,11,-1,-1,-1,-1,-1,-1
2018340N80041,2,9,0,18,0,0,0,0,0,0,0,1,1,1,37,7,-1,-1,-1,-1,-1,-1
2018340N80041,3,9,0,18,0,0,0,0,0,0,0,1,6,1,26,6,-1,-1,-1,-1,-1,-1
2018340N80131,1,1,0,18,0,8,0,0,0,0,0,1,2,1,24,5,-1,-1,-1,-1,-1,-1
2018340N80131,2,9,0,18,0,8,0,0,0,0,1,1,2,1,53,8,-1,-1,-1,-1,-1,-1
2018340N80161,1,9,0,18,0,8,0,0,0,0,1,1,6,1,18,4,1229,1,5,-1,-1,-1
2018340N80181,1,9,0,13,0,0,0,0,0,0,1,1,6,1,42,7,1796,1,15,9,1,9
2018340N80181,2,9,0,18,0,0,0,0,0,0,1,1,2,1,51,8,1796,1,12,7,1,7
2018340N80181,3,21,0,18,0,0,0,0,0,0,2,1,1,1,-1,-1,12419,2,2,9,3,9
2018340N80231,1,9,0,18,0,0,0,0,0,0,0,1,1,1,-1,-1,-1,-1,-1,-1,-1,-1
2018340N80251,1,19,0,18,0,0,0,0,0,0,4,1,2,1,64,9,1560,2,6,1,1,1
2018340N80251,2,1,0,18,0,0,0,0,0,0,4,1,2,1,24,5,-1,-1,-1,-1,-1,-1
2018340N80281,1,8,0,9,0,8,0,0,0,0,3,1,1,1,63,9,2664,2,18,-1,-1,-1
2018340N80281,2,5,0,18,0,8,0,0,0,0,1,1,6,1,46,8,950,1,3,-1,-1,-1
2018340S00291,1,9,0,18,0,0,0,0,0,0,1,1,6,2,25,5,-1,-1,-1,8,2,8
2018340S00291,2,9,0,2,0,0,0,0,0,0,2,1,6,1,65,9,1587,1,11,5,2,5
2018340S00381,1,9,0,16,0,0,2,0,0,0,1,1,2,1,39,7,2362,1,17,-1,-1,-1
2018340S00441,1,9,0,18,0,8,0,0,0,0,1,1,6,2,-1,-1,-1,-1,-1,-1,-1,-1
2018340S00441,2,1,0,18,0,8,0,0,0,0,4,1,4,1,16,4,-1,-1,-1,-1,-1,-1
2018340S00491,1,21,0,10,0,8,0,0,0,0,2,1,1,1,38,7,7146,2,10,1,1,1
2018340S00491,2,9,0,18,0,8,0,0,0,0,1,1,6,1,55,8,-1,-1,-1,6,3,6
2018340S00621,1,9,0,9,0,8,0,0,0,0,3,1,2,2,26,6,1229,1,7,8,3,8
2018340S00621,2,9,0,18,0,8,0,0,0,0,1,1,6,2,22,5,1390,1,10,9,2,9
2018340S00651,1,9,0,17,0,0,2,0,1,0,1,1,6,2,79,11,1998,2,10,8,3,8
2018340S00701,1,9,0,18,0,8,0,0,0,0,0,1,6,1,-1,-1,-1,-1,-1,-1,-1,-1
2018340S00701,2,1,0,18,0,8,0,10,0,0,0,1,2,1,56,9,-1,-1,-1,10,1,10
2018340S00711,1,9,0,18,0,8,0,0,0,0,4,1,6,2,65,9,1998,2,6,10,2,10
2018340S00731,1,21,0,3,0,0,0,0,0,0,2,1,1,1,60,9,12740,2,3,2,1,2
2018340S00731,2,19,0,18,0,0,0,0,0,0,1,1,1,1,43,7,5132,2,1,10,1,10
2018340S00731,3,9,0,18,0,0,0,0,0,0,1,1,6,2,72,10,1329,1,2,7,3,7
2018340S00731,4,19,0,18,0,0,0,0,0,0,1,1,1,1,47,8,1996,2,6,-1,-1,-1
2018340S00771,1,19,0,18,0,0,0,0,0,0,4,1,6,1,-1,-1,-1,-1,-1,-1,-1,-1
2018340S00821,1,9,0,18,0,8,0,0,0,1,3,1,1,1,55,8,-1,-1,-1,8,3,8
2018340S00821,2,9,0,18,0,8,0,0,0,1,4,1,2,1,57,9,1997,2,5,-1,-1,-1
2018340S00911,1,9,0,18,0,0,0,0,0,0,2,1,6,1,-1,-1,999,1,2,2,1,2
2018340S00911,2,9,0,3,0,0,0,0,0,0,0,1,1,1,54,8,-1,-1,-1,3,1,3
2018340S00991,1,9,0,18,0,0,0,0,0,0,1,1,1,1,38,7,1896,2,11,2,1,2
2018340S00991,2,9,0,18,0,0,0,0,0,0,1,1,6,1,41,7,1242,1,3,9,3,9
2018340S01001,1,21,0,18,0,0,0,0,0,0,2,1,1,3,-1,-1,12419,2,2,-1,-1,-1
2018340S01001,2,9,0,18,0,0,0,0,0,0,2,1,1,1,33,6,2000,2,14,3,1,3
2018340S01101,1,9,0,18,0,4,0,0,0,0,1,1,6,1,31,6,1796,1,15,8,2,8
2018340S01101,2,9,0,4,0,4,0,0,0,0,2,1,6,2,31,6,1560,2,3,5,2,5
2018340S01121,1,9,0,18,0,1,0,0,0,0,2,1,1,2,26,6,1461,2,2,-1,-1,-1
2018340S01121,2,9,0,3,0,1,0,0,0,0,1,1,1,2,21,5,-1,-1,-1,7,3,7
2018340S01231,1,9,0,9,0,8,0,0,0,0,1,1,1,1,42,7,-1,-1,-1,10,1,10
2018340S01231,2,9,0,18,0,8,0,0,0,0,0,1,1,2,48,8,1086,1,11,6,3,6
2018340S01291,1,9,0,12,0,0,0,0,0,0,1,1,6,2,64,9,1242,1,13,-1,-1,-1
2018340S01291,2,9,0,12,0,0,0,0,0,0,0,1,6,2,56,9,1395,1,1,-1,-1,-1
2018340S01291,3,19,0,2,0,0,0,0,0,0,0,1,1,1,-1,-1,-1,-1,-1,-1,-1,-1
2018340S01291,4,19,0,2,6,0,0,0,0,0,0,1,1,3,-1,-1,-1,-1,-1,-1,-1,-1
2018340S01291,5,19,0,2,6,0,0,0,0,0,0,1,6,1,51,8,-1,-1,-1,9,1,9
2018340S01301,1,9,0,9,0,0,0,0,0,0,1,1,6,1,67,10,1995,2,-1,9,3,9
2018340S01301,2,9,0,18,0,0,0,0,0,0,1,1,1,1,51,8,-1,-1,-1,10,1,10
2018340S01431,1,9,0,18,0,8,0,0,0,0,0,1,1,1,46,8,2143,2,9,10,3,10
2018340S01431,2,2,0,18,0,8,0,0,0,0,0,1,6,1,16,4,-1,-1,-1,10,3,10
2018340S01521,1,19,0,18,0,8,0,0,0,0,2,1,1,1,28,6,-1,-1,-1,-1,-1,-1
2018340S01521,2,9,0,10,0,8,0,0,0,0,2,1,1,1,40,7,2199,2,7,3,1,3
2018340S01561,1,19,0,18,0,8,2,0,0,10,0,1,1,1,61,9,1560,2,2,1,1,1
2018340S01621,1,9,0,18,0,0,0,0,0,0,1,1,6,2,39,7,-1,-1,-1,8,3,8
2018340S01771,1,9,0,18,0,0,0,0,0,0,1,1,6,1,80,11,999,1,17,8,3,8
2018340S01771,2,9,0,18,0,0,0,0,0,0,2,1,6,1,23,5,1999,1,10,7,1,7
2018340S01991,1,9,0,18,0,0,0,0,0,4,0,1,6,2,29,6,1242,1,5,7,3,7
2018340S02141,1,9,0,13,0,0,2,0,0,0,3,1,6,1,24,5,1242,1,7,3,1,3
2018340S02141,2,9,0,18,0,0,1,0,1,4,1,1,6,1,34,6,1198,1,13,-1,-1,-1
2018340S02161,1,9,0,18,0,0,0,0,0,0,2,1,6,1,-1,-1,2204,2,14,-1,-1,-1
2018340S02161,2,9,0,18,0,0,0,0,0,0,2,1,6,2,-1,-1,2993,2,10,-1,-1,-1
2018340S02161,3,9,0,18,0,0,0,0,0,0,2,1,6,1,53,8,2967,2,4,7,3,7
2018340S02171,1,9,0,18,0,0,0,0,0,0,1,1,1,1,32,6,1968,2,6,9,2,9
2018340S02171,2,9,0,18,0,0,0,0,0,0,1,1,1,1,30,6,1598,1,9,10,1,10
2018340S02171,3,9,0,18,0,0,0,0,0,0,2,1,1,1,43,7,1995,2,2,-1,-1,-1
2018340S02191,1,19,0,18,0,0,0,0,0,0,1,1,1,1,49,8,2287,2,7,7,2,7
2018340S02191,2,9,0,18,0,0,0,0,0,0,1,1,2,2,41,7,1995,2,5,10,2,10
2018340S02211,1,9,0,18,0,0,0,0,0,0,1,1,1,1,19,4,-1,-1,-1,3,1,3
2018340S02211,2,9,0,18,0,0,0,0,0,0,0,1,1,2,44,7,-1,-1,-1,8,2,8
2018340S02291,1,21,0,12,0,8,0,0,0,0,2,1,1,1,32,6,12740,2,3,6,1,6
2018340S02291,2,9,0,11,0,8,0,0,0,0,1,1,6,1,75,10,998,1,4,7,1,7
2018340S02321,1,9,0,18,0,0,5,0,1,0,0,1,1,2,26,6,1598,2,1,-1,-1,-1
2018340S02441,1,9,0,18,0,8,5,0,0,1,1,1,6,1,41,7,1994,1,14,-1,-1,-1
2018340S02511,1,9,0,18,0,0,0,0,0,0,0,1,6,1,29,6,-1,-1,-1,-1,-1,-1
2018340S02681,1,9,0,13,0,0,0,0,0,0,2,1,2,2,27,6,1493,2,8,9,1,9
2018340S02681,2,1,0,18,0,0,0,0,0,0,4,1,6,1,29,6,-1,-1,-1,-1,-1,-1
2018340S02751,1,17,0,18,0,0,0,0,0,0,1,1,1,1,-1,-1,6788,2,14,-1,-1,-1
2018340S02751,2,19,0,2,0,0,0,0,0,0,1,1,1,1,25,5,1968,2,5,3,1,3
2018340S02761,1,9,0,18,0,8,0,0,0,0,3,1,6,2,65,9,3456,8,9,7,3,7
2018340S02761,2,19,0,18,0,8,0,0,0,0,1,1,6,1,19,4,1686,2,14,10,2,10
2018340S03001,1,19,0,18,0,1,0,0,0,0,1,1,2,1,54,8,1598,2,2,10,-1,10
2018340S03001,2,9,0,18,0,1,0,0,0,0,2,1,6,2,50,8,1560,2,6,7,3,7
2018340S03051,1,9,0,18,6,0,0,0,0,0,1,1,6,1,34,6,1781,1,15,10,2,10
2018340S03051,2,9,0,2,6,0,0,0,0,0,2,1,6,1,68,10,1388,1,9,8,3,8
2018340S03111,1,11,0,5,0,0,1,0,0,0,3,1,1,3,-1,-1,-1,-1,-1,-1,-1,-1
2018340S03111,2,9,0,18,0,0,0,0,0,0,0,1,2,2,26,6,-1,-1,-1,-1,-1,-1
2018340S03231,1,5,0,18,0,0,1,0,0,0,0,1,2,1,32,6,-1,-1,-1,-1,-1,-1
2018340S03241,1,9,0,9,0,8,0,0,0,0,1,1,6,3,-1,-1,1560,2,1,-1,-1,-1
2018340S03241,2,9,0,18,0,8,0,0,0,0,1,1,2,1,32,6,1339,1,9,-1,-1,-1
2018340S03261,1,9,0,13,0,0,0,0,0,0,1,1,6,1,30,6,1995,2,10,10,1,10
2018340S03261,2,9,0,18,0,0,0,0,0,0,1,1,6,1,48,8,1200,1,-1,-1,-1,-1
2018340S03321,1,9,0,4,0,1,0,0,0,0,2,1,6,1,70,10,1998,1,2,9,2,9
2018340S03321,2,19,0,4,0,1,0,0,0,0,1,1,1,1,49,8,2143,2,2,3,1,3
2018340S03381,1,9,0,18,0,0,0,0,0,11,1,1,6,1,70,10,1968,2,4,7,1,7
2018340S03381,2,9,0,2,0,0,0,0,0,0,2,1,6,1,48,8,1596,1,4,10,1,10
2018340S03381,3,9,0,2,0,0,0,0,0,0,2,1,6,2,69,10,2191,2,3,9,2,9
2018340S03501,1,9,0,18,0,0,0,0,0,0,3,1,6,2,76,11,1339,1,5,8,3,8
2018340S03511,1,9,0,9,0,8,0,0,0,0,1,1,6,2,75,10,1364,1,8,9,1,9
2018340S03511,2,5,0,18,0,8,0,0,0,0,1,1,6,1,24,5,749,1,5,9,1,9
2018340S03551,1,3,0,18,0,0,0,0,0,0,2,1,6,1,17,4,125,1,6,-1,-1,-1
2018340S03551,2,9,0,18,0,0,0,0,0,0,1,1,6,1,20,4,-1,-1,-1,1,1,1
2018340S03741,1,3,0,3,0,0,0,0,0,0,0,1,6,1,23,5,-1,-1,-1,9,2,9
2018340S03751,1,3,0,18,0,1,0,0,0,0,1,1,1,1,20,4,124,1,4,9,1,9
2018340S03751,2,9,0,4,0,1,0,0,0,0,2,1,6,1,-1,-1,1997,2,3,-1,-1,-1
2018340S03781,1,9,0,18,0,0,0,0,0,0,1,1,6,2,20,4,1242,1,1,3,1,3
2018340S03781,2,9,0,18,0,0,0,0,1,0,2,1,6,1,77,11,1197,1,3,7,3,7
2018340S03861,1,21,0,4,0,0,0,0,0,0,2,1,1,1,38,7,12900,2,11,-1,-1,-1
2018340S03861,2,19,0,18,0,0,0,0,0,0,1,1,1,1,-1,-1,1560,2,4,9,2,9
2018340S03911,1,9,0,18,0,0,0,0,0,0,1,1,1,1,46,8,2982,2,5,10,2,10
2018340S03941,1,9,0,18,0,8,0,0,7,0,0,1,2,2,27,6,1598,1,11,-1,-1,-1
2018340S03941,2,5,0,18,0,8,0,0,0,0,1,1,6,1,58,9,-1,-1,-1,-1,-1,-1
2018340S03941,3,19,0,9,0,8,0,0,0,0,1,1,1,1,18,4,-1,-1,-1,-1,-1,-1
2018340S03961,1,9,0,18,0,0,0,0,0,0,2,1,6,2,55,8,1685,2,1,-1,-1,-1
2018340S03961,2,1,0,18,0,0,0,0,0,0,2,1,6,2,7,2,-1,-1,-1,-1,-1,-1
2018340S04041,1,3,0,18,0,0,0,0,0,0,1,1,6,1,18,4,124,1,7,10,2,10
2018340S04041,2,9,0,18,0,0,0,0,0,0,3,1,2,2,47,8,1248,1,4,10,2,10
2018340S04101,1,9,0,13,0,0,0,0,0,6,1,1,6,1,23,5,1991,1,3,-1,-1,-1
2018340S04101,2,21,0,18,0,0,0,0,0,0,3,1,1,1,35,6,12902,2,3,7,1,7
2018340S04101,3,21,0,18,0,0,0,0,0,0,2,1,1,1,48,8,-1,-1,-1,1,1,1
2018340S04181,1,5,0,13,0,0,0,0,0,0,1,1,6,1,32,6,998,1,12,-1,-1,-1
2018340S04181,2,9,0,18,0,0,0,0,0,0,2,1,3,1,47,8,1685,2,2,9,3,9
2018340S04551,1,5,0,18,0,0,0,0,0,0,4,1,6,1,41,7,988,1,15,10,2,10
2018340S04551,2,9,0,10,0,0,0,0,0,0,4,1,6,2,72,10,1596,1,15,10,2,10
2018340S04851,1,9,0,18,0,8,0,0,0,0,4,1,6,1,-1,-1,1390,1,15,-1,-1,-1
2018340S04851,2,9,0,18,0,8,0,0,0,0,4,1,6,2,54,8,1242,1,4,9,3,9
2018340S04871,1,9,0,11,0,1,0,0,0,0,2,1,1,1,35,6,5204,1,2,6,1,6
2018340S04871,2,5,0,18,0,1,0,0,0,0,2,1,6,1,52,8,-1,-1,-1,9,2,9