Accident_Index,Vehicle_Reference,Vehicle_Type,Towing_and_Articulation,Vehicle_Manoeuvre,Vehicle_Location-Restricted_Lane,Junction_Location,Skidding_and_Overturning,Hit_Object_in_Carriageway,Vehicle_Leaving_Carriageway,Hit_Object_off_Carriageway,1st_Point_of_Impact,Was_Vehicle_Left_Hand_Drive?,Journey_Purpose_of_Driver,Sex_of_Driver,Age_of_Driver,Age_Band_of_Driver,Engine_Capacity_(CC),Propulsion_Code,Age_of_Vehicle,Driver_IMD_Decile,Driver_Home_Area_Type,Vehicle_IMD_Decile
2018350261703,1,9,0,10,0,0,0,0,0,0,1,1,6,3,-1,-1,1388,1,14,-1,-1,-1
2018350261703,2,9,0,10,0,0,0,0,0,0,4,1,5,2,31,6,1995,2,14,5,3,5
2018350261711,1,9,0,18,0,0,0,0,0,0,1,1,6,1,41,7,1199,1,4,8,2,8
2018350261711,2,9,0,4,0,0,0,0,0,0,2,1,6,2,19,4,1398,2,12,10,2,10
2018350261711,3,9,0,4,0,0,0,0,0,0,2,1,6,1,53,8,5461,1,3,10,2,10
2018350261719,1,21,1,18,0,0,5,0,1,9,4,1,1,1,39,7,11946,2,5,2,1,2
2018350261730,1,9,0,18,0,0,0,0,1,0,1,1,2,1,29,6,1896,2,18,7,1,7
2018350261730,2,9,0,18,0,0,0,0,0,0,2,1,2,2,50,8,1598,2,8,10,2,10
2018350261737,1,9,0,5,0,1,0,0,0,0,1,1,5,1,19,4,998,1,4,6,1,6
2018350261737,2,1,0,18,4,1,0,0,0,0,1,1,6,2,43,7,-1,-1,-1,10,2,10
2018350261773,1,9,0,18,0,0,1,0,1,0,0,1,5,2,50,8,1086,1,9,6,1,6
2018350261773,2,9,0,18,0,0,1,7,0,0,3,1,5,2,27,6,1242,1,9,4,1,4
2018350261773,3,9,0,18,0,0,1,7,0,0,3,1,5,1,51,8,1968,2,9,5,2,5
2018350261804,1,19,0,18,0,0,0,0,0,0,1,1,1,1,26,6,2198,2,3,7,2,7
2018350261804,2,9,0,3,0,0,0,0,0,0,2,1,2,2,41,7,1364,1,11,7,1,7
2018350261839,1,9,0,16,0,0,1,0,1,0,1,1,1,2,24,5,-1,-1,-1,7,2,7
2018350261859,1,98,0,4,9,0,0,0,0,0,1,1,1,1,-1,-1,-1,-1,-1,-1,-1,-1
2018350261897,1,9,0,3,0,1,0,0,0,0,2,1,5,1,22,5,1461,2,3,5,1,5
2018350261897,2,9,0,4,0,1,0,0,0,0,1,1,5,1,50,8,1364,1,11,10,1,10
2018350261904,1,9,0,18,0,0,1,0,7,0,1,1,1,2,47,8,1598,1,13,9,1,9
2018350261909,1,9,0,2,0,0,0,0,0,0,3,1,6,1,-1,-1,-1,-1,-1,-1,-1,-1
2018350261909,2,1,0,18,0,0,0,0,0,0,0,1,6,1,22,5,-1,-1,-1,9,3,9
2018350261911,1,9,0,18,0,0,0,0,0,0,2,1,2,1,35,6,-1,-1,-1,5,1,5
2018350261911,2,9,0,18,0,0,0,0,0,0,1,1,2,2,31,6,1360,1,14,6,1,6
2018350261911,3,9,0,18,0,0,0,0,0,0,1,1,2,2,35,6,1248,1,3,9,2,9
2018350261911,4,9,0,18,0,0,0,0,0,0,1,1,2,1,32,6,1995,2,13,6,1,6
2018350262052,1,9,0,18,0,4,0,0,0,0,1,1,6,2,44,7,1399,1,11,2,1,2
2018350262052,2,97,0,7,0,3,2,0,0,0,4,1,6,1,28,6,-1,-1,-1,5,3,5
2018350262333,1,9,0,12,0,7,0,0,0,0,1,1,5,2,28,6,1499,1,3,7,3,7
2018350262333,2,9,0,12,0,7,0,0,0,0,2,1,5,2,56,9,1998,1,5,5,2,5
2018350262476,1,9,0,3,0,6,0,0,0,0,2,1,6,1,55,8,1560,2,11,7,1,7
2018350262476,2,9,0,18,0,6,0,0,0,0,1,1,6,1,52,8,-1,-1,-1,10,2,10
2018350262837,1,9,0,18,0,0,1,0,7,9,1,1,2,1,27,6,-1,-1,-1,8,3,8
2018350262899,1,9,0,18,0,0,1,2,0,0,1,1,6,1,35,6,1997,1,10,7,3,7
2018350262899,2,21,1,18,0,0,0,0,0,0,0,1,6,1,29,6,12419,2,2,2,1,2
2018350262949,1,9,0,16,0,0,5,0,7,9,4,1,6,1,25,5,1149,1,12,9,2,9
2018350263050,1,1,0,18,0,8,0,0,0,0,3,1,4,2,17,4,-1,-1,-1,9,1,9
2018350263050,2,9,0,9,0,1,0,0,0,0,1,1,6,1,-1,-1,-1,-1,-1,-1,-1,-1
2018350263192,1,9,0,18,0,0,0,0,0,0,1,1,6,1,61,9,-1,-1,-1,2,1,2
2018350263192,2,9,0,18,0,0,0,0,0,0,2,1,6,1,40,7,999,1,8,8,1,8
2018350263192,3,9,0,4,0,0,0,12,0,0,2,1,6,2,58,9,1686,2,6,10,2,10
2018350263212,1,9,0,18,0,1,0,0,0,0,1,1,6,1,-1,-1,-1,-1,-1,-1,-1,-1
2018350263212,2,9,0,3,0,1,0,0,0,0,2,1,6,2,28,6,1598,1,17,7,1,7
2018350263257,1,5,0,14,0,0,1,0,0,0,1,1,1,1,25,5,599,1,16,4,1,4
2018350263257,2,9,0,4,0,0,0,0,0,0,2,1,5,1,44,7,1598,1,10,5,3,5
2018350263318,1,9,0,13,4,0,0,0,0,0,1,1,2,3,-1,-1,-1,-1,-1,-1,-1,-1
2018350263318,2,1,0,18,4,0,2,0,0,0,2,1,2,2,52,8,-1,-1,-1,7,1,7
2018350263361,1,9,0,18,0,2,0,0,0,0,1,1,6,1,81,11,1200,1,3,10,1,10
2018350263388,1,9,0,5,0,2,0,0,1,0,1,1,1,1,25,5,1896,2,8,4,1,4
2018350263388,2,9,0,18,0,1,0,0,7,0,1,1,6,3,-1,-1,1997,2,10,-1,-1,-1
2018350264181,1,21,1,11,0,0,0,0,0,0,4,1,1,1,50,8,12740,2,2,2,1,2
2018350264181,2,9,0,18,0,0,1,0,5,0,3,1,1,2,25,5,1229,1,5,6,2,6
2018350264230,1,9,0,1,0,1,0,0,0,0,2,1,5,1,74,10,1587,1,12,9,2,9
2018350264233,1,9,0,18,0,1,0,0,0,0,0,1,6,2,27,6,2993,2,5,4,3,4
2018350264233,2,9,0,18,0,1,0,0,0,0,0,1,6,1,29,6,1796,1,14,2,1,2
2018350264239,1,9,0,9,0,0,0,0,0,0,1,1,2,1,42,7,1596,1,12,6,3,6
2018350264239,2,5,0,18,0,0,0,0,0,0,3,1,6,1,45,7,745,1,1,8,1,8
2018350264244,1,9,0,18,0,8,0,0,0,0,1,1,6,3,-1,-1,1997,2,14,-1,-1,-1
2018350264244,2,9,0,18,0,8,0,0,0,0,3,1,5,2,45,7,1242,1,3,3,1,3
2018350264280,1,9,0,18,0,0,0,0,0,0,1,1,2,2,24,5,1124,1,16,7,1,7
2018350264280,2,9,0,18,0,0,0,0,0,0,1,1,5,2,48,8,1596,1,16,2,1,2
2018350264287,1,9,0,9,0,6,0,0,0,0,1,1,5,1,29,6,2401,2,16,1,1,1
2018350264287,2,9,0,18,0,8,0,0,7,0,1,1,6,2,30,6,1242,1,8,8,1,8
2018350264301,1,9,0,18,0,4,0,0,1,0,1,1,5,1,54,8,3956,2,1,7,3,7
2018350264301,2,9,0,17,0,8,0,0,3,0,1,1,5,1,47,8,2191,2,5,4,3,4
2018350264310,1,9,0,3,0,8,0,0,0,0,1,1,6,1,65,9,698,1,14,3,3,3
2018350264310,2,9,0,3,0,8,0,0,0,0,2,1,2,2,21,5,1248,1,7,7,1,7
2018350264314,1,9,0,17,0,0,2,0,1,0,1,1,5,2,17,4,-1,-1,-1,4,3,4
2018350264315,1,9,-1,18,0,5,0,0,0,0,0,1,6,3,-1,-1,-1,-1,-1,-1,-1,-1
2018350264315,2,9,0,18,0,5,5,7,0,0,1,1,2,2,20,4,1242,1,11,10,1,10
2018350264474,1,9,0,16,0,6,2,0,1,6,1,1,5,1,37,7,1781,1,27,6,1,6
2018350264474,2,9,0,16,0,8,0,1,0,0,4,1,6,2,66,10,1299,1,12,9,1,9
2018350264516,1,9,0,9,0,8,0,0,0,0,1,1,5,2,37,7,998,1,4,8,3,8
2018350264516,2,9,0,18,0,8,0,0,0,0,1,1,5,2,42,7,1997,2,10,10,2,10
2018350264524,1,9,0,18,0,0,0,0,0,0,1,1,1,1,47,8,-1,-1,-1,10,1,10
2018350264524,2,9,0,4,0,0,0,0,0,0,2,1,2,2,31,6,1199,2,5,5,2,5
2018350264529,1,9,0,7,0,1,0,0,0,0,1,1,6,2,48,8,1339,1,13,3,1,3
2018350264529,2,1,0,9,0,1,0,0,0,0,3,1,6,1,29,6,-1,-1,-1,6,1,6
2018350264531,1,9,0,18,0,0,0,0,0,0,1,1,1,1,33,6,1968,2,1,10,3,10
2018350264531,2,1,0,18,0,0,0,0,0,0,2,1,1,1,42,7,-1,-1,-1,8,3,8
2018350264577,1,9,0,16,0,0,1,0,1,0,1,1,2,1,27,6,1360,1,8,8,2,8
2018350264609,1,9,0,18,0,0,0,0,0,0,1,1,1,1,25,5,-1,-1,-1,6,1,6
2018350264609,2,19,0,4,0,0,0,0,0,0,2,1,1,1,52,8,1686,2,6,8,1,8
2018350264609,3,9,0,4,0,0,0,0,0,0,2,1,1,1,48,8,1242,1,2,8,1,8
2018350264962,1,9,0,18,0,4,0,0,0,0,3,1,1,1,47,8,998,1,18,1,1,1
2018350264962,2,9,0,18,0,8,0,0,0,0,1,1,5,1,23,5,1896,2,15,4,3,4
2018350264990,1,9,0,18,0,4,2,9,3,0,1,1,5,1,88,11,-1,-1,-1,5,2,5
2018350265123,1,9,0,18,0,8,0,0,0,0,1,1,5,1,84,11,1598,1,4,7,2,7
2018350265123,2,9,0,5,0,2,0,0,0,0,1,1,5,1,81,11,-1,-1,-1,9,3,9
2018350265135,1,9,0,18,0,4,0,0,0,0,1,1,6,1,-1,-1,-1,-1,-1,-1,-1,-1
2018350265135,2,1,0,18,0,8,0,0,0,0,4,1,6,2,19,4,-1,-1,-1,9,1,9
2018350265151,1,9,0,18,0,0,0,0,0,0,1,1,6,1,-1,-1,-1,-1,-1,-1,-1,-1
2018350265180,1,4,0,18,0,1,0,0,0,0,1,1,6,1,62,9,-1,-1,-1,9,1,9
2018350265180,2,9,0,10,0,6,0,0,0,0,0,1,6,1,77,11,1984,1,6,10,1,10
2018350265181,1,-1,0,18,0,0,0,0,0,0,3,1,6,3,-1,-1,-1,-1,-1,-1,-1,-1
2018350265181,2,1,0,18,4,0,0,0,0,0,4,1,2,2,30,6,-1,-1,-1,9,1,9
2018350265200,1,19,0,18,0,4,0,0,0,0,1,1,6,1,37,7,1753,2,5,6,1,6
2018350265200,2,9,0,9,0,3,0,0,0,0,4,1,5,2,34,6,1498,1,9,5,2,5
2018350265210,1,9,0,15,0,0,0,4,0,0,1,1,6,1,89,11,1798,1,11,7,3,7
2018350265210,2,9,0,2,0,0,0,0,0,0,3,1,6,1,-1,-1,-1,-1,-1,-1,-1,-1
2018350265232,1,9,0,18,0,0,0,0,0,0,4,1,6,3,-1,-1,-1,-1,-1,-1,-1,-1
2018350265232,2,1,0,18,4,0,0,0,0,0,3,1,5,2,25,5,-1,-1,-1,10,1,10
2018350265248,1,9,0,18,0,1,0,0,0,0,1,1,2,1,49,8,999,1,1,1,1,1
2018350265294,1,9,0,18,0,0,1,0,4,2,4,1,5,1,25,5,1997,2,17,4,1,4
2018350265334,1,9,0,8,0,8,0,0,0,0,4,1,6,1,-1,-1,1299,1,21,6,1,6
2018350265334,2,1,0,18,0,8,0,0,0,0,3,1,6,1,12,3,-1,-1,-1,1,1,1
2018350265351,1,9,0,4,0,1,2,0,1,9,3,1,6,1,56,9,4164,2,20,8,3,8
2018350265355,1,9,0,9,0,0,0,0,0,0,1,1,6,3,-1,-1,-1,-1,-1,-1,-1,-1
2018350265355,2,9,0,18,0,0,0,0,0,0,2,1,5,1,41,7,1560,2,10,4,1,4
2018350265356,1,98,0,9,0,6,0,0,0,0,0,1,6,3,-1,-1,-1,-1,-1,-1,-1,-1
2018350265356,2,9,-1,18,0,1,0,0,0,0,2,1,6,2,54,8,1598,1,8,9,2,9
2018350265356,3,9,-1,18,0,1,0,0,0,0,1,1,6,1,19,4,1896,2,11,9,2,9
2018350265356,4,9,-1,18,0,1,0,0,0,0,1,1,6,3,-1,-1,-1,-1,-1,-1,-1,-1
2018350265424,1,9,0,16,0,0,1,0,8,6,3,1,5,1,79,11,-1,-1,-1,8,3,8
2018350265484,1,9,0,18,0,0,0,0,0,0,1,1,6,3,-1,-1,1796,1,19,-1,-1,-1
2018350265484,2,9,0,3,0,0,0,0,0,0,2,1,1,2,54,8,4398,1,15,3,3,3
2018350265573,1,9,0,18,0,4,0,0,0,0,1,1,5,1,68,10,2148,2,9,10,2,10
2018350265573,2,1,0,9,0,8,0,0,0,0,1,1,5,1,61,9,-1,-1,-1,9,3,9
2018350265606,1,9,0,18,0,0,1,0,0,0,1,1,6,1,28,6,1388,1,13,2,1,2
2018350265606,2,9,0,3,0,0,0,0,0,0,2,1,6,1,27,6,1986,2,11,4,3,4
2018350265606,3,9,0,3,0,0,0,0,0,0,2,1,6,1,36,7,1422,2,9,5,3,5
2018350265606,4,9,0,4,0,0,0,0,0,0,2,1,6,1,-1,-1,1198,1,1,6,3,6
2018350265637,1,9,0,18,0,2,0,0,1,0,1,1,6,1,37,7,1229,1,4,10,2,10
2018350265651,1,9,0,16,0,8,0,0,0,0,1,1,2,2,48,8,1598,2,1,5,1,5
2018350265651,2,9,0,17,0,8,0,0,0,0,1,1,2,2,52,8,1995,2,1,8,3,8
2018350265667,1,5,0,4,0,0,1,0,1,0,1,1,6,1,66,10,1584,1,11,8,3,8
2018350265667,2,9,0,18,0,0,0,0,0,0,1,1,2,2,21,5,998,1,13,7,3,7
2018350265697,1,9,0,18,0,0,0,0,0,0,1,1,5,2,18,4,1598,1,16,3,1,3
2018350265697,2,1,0,18,0,0,0,0,1,0,2,1,5,2,13,3,-1,-1,-1,9,3,9
2018350265704,1,9,0,5,0,0,0,0,0,0,1,1,5,1,62,9,1995,2,5,6,2,6
2018350265704,2,9,0,17,0,0,1,0,7,0,1,1,6,1,39,7,2494,8,2,8,3,8
2018350265791,1,9,0,18,0,0,0,0,0,0,3,1,6,2,53,8,996,1,8,8,1,8
2018350265791,2,9,0,18,0,0,0,0,0,0,4,1,6,1,66,10,1956,2,5,8,2,8
2018350265793,1,9,0,18,0,7,1,0,0,0,1,1,2,1,30,6,1596,1,12,3,1,3
2018350265821,1,9,0,18,0,0,0,10,3,11,1,1,5,2,83,11,1364,1,11,10,3,10
2018350265837,1,9,0,18,0,0,0,0,0,0,1,1,2,1,39,7,1968,2,10,9,1,9
2018350265837,2,9,0,4,0,0,0,0,0,0,2,1,5,2,25,5,973,1,15,10,2,10
2018350265837,3,9,0,4,0,0,0,0,0,0,1,1,5,2,57,9,2996,1,-1,9,3,9
2018350265837,4,9,0,4,0,0,0,0,0,0,2,1,2,1,32,6,-1,-1,-1,10,2,10
2018350265979,1,9,0,18,0,0,0,0,0,0,1,1,6,3,-1,-1,2777,2,9,-1,-1,-1
2018350265979,2,9,0,18,0,0,0,0,0,0,2,1,1,1,44,7,1995,2,6,3,1,3
2018350266037,1,9,0,18,0,0,1,0,0,0,1,1,5,1,36,7,1910,2,12,1,1,1
2018350266063,1,17,1,18,0,0,0,0,0,0,1,1,1,1,52,8,-1,-1,-1,2,1,2
2018350266063,2,9,0,4,0,0,1,0,1,0,2,1,5,1,53,8,-1,-1,-1,5,1,5
2018350266063,3,9,0,4,0,0,0,0,0,0,2,1,5,1,51,8,2967,2,8,1,1,1
2018350266063,4,9,0,4,0,0,0,0,0,0,1,1,5,2,32,6,1968,2,9,4,1,4
2018350266063,5,9,0,4,0,0,0,0,0,0,3,1,5,2,70,10,-1,-1,-1,6,1,6
2018350266070,1,9,0,18,0,0,0,0,1,0,1,1,1,1,37,7,-1,-1,-1,1,1,1
2018350266147,1,9,0,6,0,0,0,0,0,0,3,1,5,2,72,10,1395,1,5,10,2,10
2018350266147,2,9,0,18,0,0,0,0,0,0,4,1,5,1,46,8,1299,1,12,10,1,10
2018350266154,1,19,0,18,0,0,0,0,0,0,1,1,2,1,38,7,2198,2,3,10,1,10
2018350266154,2,9,0,3,0,0,0,0,0,0,2,1,6,1,48,8,1968,2,2,10,2,10
2018350266178,1,1,0,18,0,0,0,4,0,0,1,1,6,1,24,5,-1,-1,-1,6,1,6
2018350266178,2,9,0,2,0,0,0,0,0,0,2,1,5,3,-1,-1,1900,2,12,-1,-1,-1
2018350266274,1,9,0,9,0,8,0,0,0,0,1,1,5,2,62,9,1896,2,12,9,1,9
2018350266274,2,9,0,18,0,8,0,0,0,0,1,1,2,1,41,7,-1,-1,-1,2,1,2
2018350266411,1,9,0,18,0,0,0,0,0,0,4,1,6,1,23,5,1995,2,14,3,1,3
2018350266411,2,1,0,18,0,0,0,0,0,0,3,1,6,1,25,5,-1,-1,-1,2,1,2
2018350266437,1,9,0,4,0,3,0,0,0,0,1,1,5,1,58,9,1896,2,14,9,1,9
2018350266437,2,9,0,4,0,3,0,0,0,0,2,1,5,1,32,6,-1,-1,-1,1,1,1
2018350266483,1,9,0,17,0,0,0,0,1,0,3,1,1,1,64,9,1587,1,11,5,1,5
2018350266827,1,9,0,5,0,8,0,0,0,0,1,1,6,2,25,5,1198,1,5,5,1,5
2018350266827,2,9,0,18,0,8,0,0,0,0,1,1,6,2,61,9,-1,-1,-1,5,3,5
2018350266832,1,9,0,9,0,3,0,0,0,0,1,1,1,1,21,5,1968,2,1,5,1,5
2018350266832,2,9,0,18,0,3,0,0,0,0,1,1,1,2,54,8,1389,1,13,7,1,7
2018350267638,1,9,0,9,0,5,0,0,0,0,3,1,6,2,-1,-1,-1,-1,-1,-1,-1,-1
2018350267638,2,1,0,18,0,2,0,0,0,0,3,1,6,2,14,3,-1,-1,-1,9,1,9
2018350267689,1,9,0,9,0,2,0,0,0,0,1,1,5,1,17,4,1242,1,11,4,1,4
2018350267689,2,9,0,18,0,1,0,0,0,0,1,1,2,1,34,6,998,1,19,2,1,2
2018350267699,1,19,0,4,0,0,0,0,0,0,1,1,6,1,25,5,2488,2,5,4,3,4
2018350267699,2,9,0,4,0,0,0,0,0,0,2,1,6,1,35,6,1968,2,8,6,3,6
2018350267699,3,9,0,4,0,0,0,0,0,0,2,1,6,2,61,9,1596,1,6,3,1,3
2018350267731,1,9,0,18,0,0,0,0,0,0,1,1,6,3,-1,-1,-1,-1,-1,-1,-1,-1
2018350267731,2,1,0,18,0,0,0,0,0,0,2,1,6,1,28,6,-1,-1,-1,4,3,4
2018350267746,1,9,0,9,0,8,0,0,0,0,3,1,5,2,34,6,1984,1,11,9,1,9
2018350267746,2,3,0,18,0,1,0,0,0,0,1,1,5,1,22,5,125,1,6,9,3,9
2018350267754,1,9,0,18,0,1,0,0,1,7,3,1,1,2,41,7,1995,2,8,10,1,10
2018350267754,2,9,0,9,9,8,0,0,1,0,1,1,1,2,28,6,1596,1,12,4,1,4
2018350267756,1,9,0,1,0,0,0,0,0,0,4,1,5,2,33,6,1753,2,11,2,1,2
2018350267756,2,9,0,18,0,0,0,0,0,0,1,1,5,1,20,4,1390,1,13,6,1,6
2018350267791,1,9,0,18,0,0,0,0,0,0,1,1,3,2,28,6,1598,1,5,7,1,7
2018350267799,1,9,0,18,0,0,0,0,0,0,1,1,5,1,70,10,1596,1,14,4,1,4
2018350267894,1,9,0,4,0,0,1,0,0,0,1,1,2,1,65,9,1587,1,12,6,3,6
2018350267894,2,9,0,3,0,0,0,0,0,0,2,1,1,1,33,6,1896,2,8,1,1,1
2018350268027,1,9,0,18,0,0,2,0,1,9,1,1,1,2,61,9,996,1,8,1,1,1
2018350268069,1,23,0,4,0,0,2,0,0,0,3,1,5,2,52,8,-1,-1,-1,2,1,2
2018350268157,1,9,0,5,0,0,0,0,0,0,1,1,6,1,89,11,1498,1,8,7,1,7
2018350268157,2,9,0,3,0,0,0,0,0,0,2,1,6,1,65,9,1598,2,2,5,3,5
2018350268189,1,9,0,18,0,1,0,0,0,0,1,1,6,1,39,7,1389,1,18,1,1,1
2018350268189,2,9,0,9,0,2,0,0,0,0,3,1,6,1,20,4,1998,8,3,1,1,1
2018350268193,1,9,0,1,0,2,0,0,0,0,3,1,5,1,43,7,1461,2,1,8,3,8
2018350268193,2,9,0,18,0,2,0,0,0,0,3,1,5,1,64,9,1753,2,8,10,2,10
2018350268336,1,9,0,18,0,0,1,0,0,0,1,1,6,2,33,6,1360,1,13,6,1,6
2018350268336,2,9,0,18,0,0,0,0,0,0,1,1,6,2,39,7,1968,2,5,9,3,9
2018350268349,1,9,0,18,0,8,0,9,3,0,1,1,5,3,-1,-1,1685,2,2,-1,-1,-1
2018350268410,1,90,0,5,0,0,0,0,0,0,3,1,6,1,49,8,-1,-1,-1,6,1,6
2018350268410,2,9,0,3,0,0,0,0,0,0,3,1,5,1,61,9,1998,2,11,2,1,2
2018350268428,1,1,0,18,0,0,0,0,0,0,1,1,6,2,42,7,-1,-1,-1,7,1,7
2018350268491,1,19,0,5,8,0,0,0,0,0,0,1,6,1,-1,-1,2287,2,7,1,1,1
2018350268491,2,1,0,18,0,0,0,0,0,0,0,1,1,1,44,7,-1,-1,-1,10,1,10
2018350268530,1,9,0,1,0,0,0,0,0,0,2,1,6,1,64,9,2143,2,6,9,1,9
2018350268530,2,1,0,18,4,0,0,0,0,0,0,1,1,2,57,9,-1,-1,-1,9,1,9
2018350268797,1,98,0,18,0,1,0,0,0,0,1,1,6,1,32,6,-1,-1,-1,1,1,1
2018350268797,2,9,0,3,6,1,0,0,2,0,4,1,5,1,40,7,1587,1,13,3,1,3
2018350268803,1,9,0,18,0,0,0,0,0,0,1,1,2,2,22,5,1149,1,14,5,3,5
2018350268803,2,9,0,4,0,0,0,0,0,0,2,1,5,2,80,11,998,1,4,3,1,3
2018350268863,1,9,0,18,0,1,0,0,0,0,1,1,2,1,71,10,-1,-1,-1,9,1,9
2018350268863,2,9,0,9,0,1,0,0,0,0,3,1,2,2,21,5,998,1,8,8,2,8
2018350268874,1,9,0,9,0,1,0,0,1,0,1,1,6,1,24,5,1956,2,9,7,2,7
2018350268973,1,9,0,1,0,0,0,0,0,0,1,1,5,1,69,10,1499,1,1,10,1,10
2018350269280,1,9,0,7,0,8,0,0,0,0,1,1,5,2,77,11,1242,1,1,6,1,6
2018350269280,2,3,0,17,0,8,0,0,0,0,1,1,5,1,71,10,107,1,5,4,1,4
2018350269311,1,9,0,4,0,0,1,0,0,0,1,1,1,2,25,5,-1,-1,-1,4,1,4
2018350269311,2,9,0,4,0,0,0,0,0,0,2,1,5,1,28,6,1910,2,13,4,3,4
2018350269311,3,9,0,4,0,0,0,0,0,0,0,1,6,3,-1,-1,-1,-1,-1,-1,-1,-1
2018350269483,1,9,0,5,0,0,0,0,0,0,1,1,1,2,33,6,1343,1,14,3,3,3
2018350269483,2,9,0,18,0,0,0,0,0,0,1,1,1,2,53,8,1368,1,7,3,1,3
2018350269534,1,9,0,18,0,1,1,0,0,0,1,1,6,1,30,6,995,1,12,3,1,3
2018350269534,2,9,0,18,0,1,0,0,0,0,1,1,6,1,30,6,1461,2,5,9,1,9
2018350269879,1,19,0,18,0,0,0,11,0,0,2,1,6,1,-1,-1,2402,2,7,3,1,3
2018350269902,1,21,0,16,0,0,1,0,0,0,1,1,1,1,27,6,6692,2,7,3,1,3
2018350269902,2,9,0,17,0,0,1,0,1,0,4,1,6,1,-1,-1,1896,2,12,1,1,1
2018350269969,1,9,0,14,0,0,5,0,7,9,1,1,6,2,31,6,1248,2,9,4,1,4
2018350269969,2,9,0,18,0,0,0,0,0,0,0,1,6,1,21,5,1598,2,5,4,2,4
2018350270124,1,9,0,18,0,0,0,0,0,0,1,1,5,1,29,6,1870,2,14,6,2,6
2018350270124,2,9,0,10,0,0,0,0,0,0,2,1,5,1,65,9,1951,2,14,3,1,3
2018350270184,1,9,0,18,0,0,0,0,0,0,1,1,1,2,23,5,1388,1,15,10,1,10
2018350270215,1,9,0,3,0,0,0,0,0,0,1,1,2,1,54,8,2494,8,2,9,3,9
2018350270215,2,9,0,3,0,0,0,0,1,0,1,1,5,2,85,11,1499,2,2,10,1,10
2018350270215,3,9,0,3,0,0,0,0,0,0,2,1,5,2,64,9,1461,2,1,8,1,8
2018350270244,1,9,0,18,0,0,0,4,0,0,2,1,6,1,42,7,1796,1,15,1,1,1
2018350270244,2,9,0,2,0,0,0,0,0,0,1,1,6,1,-1,-1,-1,-1,-1,2,1,2
2018350270361,1,1,0,18,7,1,0,0,0,0,1,1,5,1,38,7,-1,-1,-1,5,1,5
2018350270361,2,9,0,4,7,1,0,0,0,0,3,1,5,1,53,8,-1,-1,-1,4,1,4
2018350270696,1,9,0,3,0,0,0,0,1,0,1,1,2,1,32,6,1796,1,6,7,3,7
2018350270696,2,9,0,3,0,0,0,0,1,0,2,1,5,2,68,10,1560,2,8,5,2,5
2018350270738,1,9,0,18,0,0,0,0,0,0,4,1,1,1,45,7,-1,-1,-1,3,1,3
2018350271029,1,9,0,4,0,0,0,0,0,0,1,1,1,1,34,6,1240,1,12,2,1,2
2018350271029,2,1,0,18,0,0,0,0,0,0,3,1,1,2,36,7,-1,-1,-1,10,1,10
2018350271049,1,9,0,5,0,1,0,0,0,0,1,1,5,1,52,8,-1,-1,-1,9,3,9
2018350271049,2,9,0,3,0,1,0,0,0,0,2,1,5,1,43,7,1242,1,13,4,1,4
2018350271049,3,9,0,3,0,1,0,0,0,0,2,1,5,2,76,11,1296,1,10,8,1,8
2018350271064,1,9,0,18,0,0,0,0,1,0,1,1,5,2,60,9,1086,1,9,7,1,7
2018350271106,1,9,0,18,0,0,1,0,7,9,3,1,5,1,50,8,1984,1,13,2,3,2
2018350271106,2,9,0,9,0,0,0,0,0,0,1,1,2,1,50,8,-1,-1,-1,4,3,4
2018350271110,1,9,0,18,0,0,0,0,0,0,1,1,1,1,59,9,2902,2,16,10,2,10
2018350271110,2,9,0,18,0,0,5,0,1,0,2,1,5,2,48,8,1973,1,17,8,3,8
2018350271386,1,9,0,18,0,0,0,10,7,9,1,1,5,1,91,11,1328,1,14,9,2,9
2018350271482,1,9,0,17,0,0,2,0,1,0,1,1,5,1,28,6,1598,1,16,7,3,7
2018350271569,1,8,0,5,0,0,0,0,0,0,4,1,5,1,47,8,1798,8,5,9,2,9
2018350271569,2,1,0,18,0,0,5,0,0,0,1,1,6,2,23,5,-1,-1,-1,8,1,8
2018350271580,1,9,0,4,0,0,0,0,0,0,1,1,1,1,19,4,2494,2,4,6,1,6
2018350271580,2,9,0,3,0,0,0,0,0,0,2,1,6,1,46,8,998,1,3,7,2,7
2018350271580,3,9,0,3,0,0,0,0,0,0,2,1,6,1,71,10,2494,8,2,9,1,9
2018350271584,1,9,0,18,0,8,0,0,0,0,1,1,1,1,29,6,-1,-1,-1,1,1,1
2018350271584,2,9,0,18,0,8,0,0,7,0,4,1,5,1,42,7,1685,2,1,2,1,2
2018350271595,1,9,0,7,0,5,0,0,0,0,4,1,6,1,21,5,1198,1,11,9,1,9
2018350271595,2,1,0,18,0,1,0,0,0,0,1,1,6,2,20,4,-1,-1,-1,6,1,6
2018350271612,1,21,1,9,0,0,5,0,0,0,1,1,1,1,41,7,12809,2,2,5,1,5
2018350271780,1,9,0,5,0,1,0,0,0,0,1,1,5,1,45,7,1799,1,10,10,1,10
2018350271780,2,9,0,5,0,1,0,0,0,0,2,1,1,2,46,8,998,1,19,10,3,10
2018350271852,1,21,0,18,0,0,0,0,0,0,1,1,6,1,38,7,7790,2,12,1,1,1