Accident_Index,Vehicle_Reference,Vehicle_Type,Towing_and_Articulation,Vehicle_Manoeuvre,Vehicle_Location-Restricted_Lane,Junction_Location,Skidding_and_Overturning,Hit_Object_in_Carriageway,Vehicle_Leaving_Carriageway,Hit_Object_off_Carriageway,1st_Point_of_Impact,Was_Vehicle_Left_Hand_Drive?,Journey_Purpose_of_Driver,Sex_of_Driver,Age_of_Driver,Age_Band_of_Driver,Engine_Capacity_(CC),Propulsion_Code,Age_of_Vehicle,Driver_IMD_Decile,Driver_Home_Area_Type,Vehicle_IMD_Decile
2018350271852,2,21,1,3,0,0,0,0,0,0,2,1,2,1,50,8,12740,2,7,8,1,8
2018350271969,1,19,0,13,0,2,0,0,1,0,1,1,2,1,52,8,2402,2,7,10,2,10
2018350271969,2,9,0,18,0,2,0,0,0,0,2,1,2,1,34,6,1461,2,8,5,3,5
2018350271995,1,9,0,18,0,4,2,9,3,0,1,1,5,1,-1,-1,2993,2,8,-1,-1,-1
2018350271995,2,9,0,18,0,4,0,0,3,0,0,1,5,1,51,8,2993,2,2,6,1,6
2018350271995,3,9,0,18,0,4,0,0,0,0,0,1,6,1,49,8,2993,2,2,-1,-1,-1
2018350272005,1,9,0,7,0,4,0,0,0,0,1,1,6,2,54,8,1389,1,13,8,3,8
2018350272005,2,1,0,18,0,3,0,0,0,0,4,1,6,1,23,5,-1,-1,-1,7,1,7
2018350272027,1,9,0,18,0,1,0,0,0,0,1,1,6,1,47,8,1896,2,13,5,1,5
2018350272027,2,1,0,18,0,1,0,0,0,0,2,1,5,1,53,8,-1,-1,-1,2,1,2
2018350272059,1,9,0,16,0,0,0,0,1,0,1,1,5,1,19,4,998,1,14,6,1,6
2018350272063,1,9,0,18,0,0,0,0,0,0,1,1,6,1,68,10,-1,-1,-1,9,3,9
2018350272063,2,9,0,3,0,0,0,0,0,0,2,1,6,1,36,7,2497,2,6,5,3,5
2018350272063,3,9,0,3,0,0,0,0,0,0,2,1,6,1,57,9,1597,2,5,8,1,8
2018350272074,1,9,0,7,0,1,0,0,0,0,1,1,5,2,30,6,1910,2,12,6,2,6
2018350272074,2,1,0,18,9,1,0,0,0,0,3,1,2,1,40,7,-1,-1,-1,4,1,4
2018350272144,1,9,0,18,0,0,0,0,0,0,4,1,3,2,40,7,1598,2,2,6,3,6
2018350272144,2,9,0,5,8,0,0,0,7,0,4,1,6,1,26,6,1995,2,10,4,3,4
2018350272147,1,9,0,17,0,0,1,0,3,0,1,1,5,1,26,6,1796,1,15,4,1,4
2018350272159,1,9,0,9,0,5,0,0,7,9,1,1,6,2,59,9,698,1,14,4,1,4
2018350272159,2,9,0,18,0,1,0,0,0,0,1,1,6,1,35,6,1995,1,11,2,1,2
2018350272162,1,9,0,9,0,4,0,0,0,0,1,1,5,1,57,9,2231,2,11,1,1,1
2018350272162,2,1,0,18,0,4,0,0,0,0,3,1,2,2,49,8,-1,-1,-1,6,1,6
2018350272217,1,3,0,18,0,0,1,0,0,0,0,1,2,2,60,9,124,1,4,8,3,8
2018350272221,1,9,0,2,0,0,0,0,0,0,0,1,6,2,-1,-1,1753,2,13,4,3,4
2018350272221,2,9,0,18,0,0,0,0,0,0,0,1,1,2,51,8,1461,2,4,5,3,5
2018350272226,1,9,0,18,0,0,0,0,7,0,1,1,6,1,57,9,1248,1,5,-1,-1,-1
2018350272226,2,9,0,18,0,0,0,0,0,0,1,1,6,2,75,10,1395,1,2,-1,-1,-1
2018350272226,3,19,0,18,0,0,0,0,0,0,3,1,1,1,50,8,1968,2,1,-1,-1,-1
2018350272226,4,9,0,18,0,0,0,0,0,0,1,1,6,1,33,6,1995,2,13,-1,-1,-1
2018350272226,5,9,0,18,0,0,0,0,0,0,1,1,6,2,44,7,1999,2,2,-1,-1,-1
2018350272228,1,9,0,18,0,4,0,0,0,0,1,1,6,2,-1,-1,1587,1,13,2,1,2
2018350272228,2,9,0,3,0,4,0,0,0,0,2,1,6,2,49,8,1490,1,10,3,1,3
2018350272299,1,9,0,18,0,0,1,0,0,0,1,1,6,1,53,8,1388,1,12,9,2,9
2018350272299,2,9,0,18,0,0,1,0,0,0,2,1,6,1,22,5,1389,1,20,8,1,8
2018350272392,1,9,0,18,0,0,1,11,0,0,1,1,6,2,18,4,1229,1,13,9,1,9
2018350272400,1,9,0,18,0,0,0,0,0,0,4,1,6,2,41,7,898,1,3,6,3,6
2018350272400,2,1,0,18,0,0,5,0,0,0,2,1,6,1,21,5,-1,-1,-1,10,2,10
2018350272403,1,9,0,5,0,4,0,0,0,0,1,1,5,1,27,6,2979,1,3,9,-1,9
2018350272403,2,1,0,18,0,8,0,0,0,0,2,1,6,1,-1,-1,-1,-1,-1,-1,-1,-1
2018350272407,1,9,0,18,0,0,2,0,1,0,3,1,6,2,30,6,1796,1,14,10,2,10
2018350272407,2,9,0,18,0,0,0,0,0,0,1,1,6,1,44,7,1598,1,4,10,2,10
2018350272413,1,9,0,11,0,0,5,10,2,7,1,1,2,2,22,5,998,1,3,5,1,5
2018350272493,1,9,0,13,0,0,1,0,1,0,1,1,6,1,39,7,1098,1,42,3,1,3
2018350272493,2,9,0,18,0,0,0,0,1,0,2,1,6,1,17,4,1598,2,3,7,3,7
2018350272546,1,9,0,18,9,0,1,0,7,0,1,1,6,1,60,9,1968,2,11,7,2,7
2018350272555,1,98,1,18,0,1,0,0,0,0,3,1,1,1,44,7,-1,-1,-1,-1,-1,-1
2018350272555,2,9,0,18,0,1,0,0,1,0,4,1,2,2,38,7,1364,1,9,8,3,8
2018350272636,1,9,0,5,0,0,0,0,0,0,3,1,5,2,35,6,-1,-1,-1,4,1,4
2018350272636,2,9,0,18,0,0,0,0,0,0,1,1,5,1,42,7,-1,-1,-1,3,2,3
2018350272681,1,9,0,18,0,1,0,0,1,0,3,1,6,2,26,6,999,1,1,6,1,6
2018350272681,2,9,0,18,0,1,0,0,1,0,1,1,6,1,40,7,1560,2,5,6,1,6
2018350272687,1,8,0,17,0,8,0,0,0,0,3,1,1,1,40,7,2231,2,12,1,1,1
2018350272687,2,9,0,18,0,8,0,0,0,0,4,1,5,2,42,7,1968,2,10,7,1,7
2018350272744,1,8,0,9,0,1,0,0,0,0,1,1,6,1,36,7,1956,2,6,2,1,2
2018350272744,2,1,0,9,0,1,5,0,0,0,3,1,6,2,39,7,-1,-1,-1,1,1,1
2018350272767,1,9,0,14,0,0,0,0,0,0,1,1,6,1,-1,-1,-1,-1,-1,-1,-1,-1
2018350272767,2,11,0,2,0,0,0,0,0,0,0,1,6,3,-1,-1,-1,-1,-1,-1,-1,-1
2018350272784,1,9,0,9,0,8,0,0,8,0,1,1,2,2,54,8,1461,2,3,10,2,10
2018350272784,2,1,0,9,0,8,0,0,8,0,1,1,2,1,39,7,-1,-1,-1,8,1,8
2018350273102,1,9,0,7,0,1,1,0,0,0,1,1,6,1,50,8,1560,2,8,1,1,1
2018350273102,2,9,0,7,0,1,0,0,0,0,2,1,3,1,31,6,1560,2,6,4,1,4
2018350273139,1,9,0,11,0,0,0,0,0,0,4,1,6,2,51,8,1968,2,4,6,3,6
2018350273139,2,9,0,18,0,0,1,0,0,0,3,1,6,1,25,5,-1,-1,-1,5,1,5
2018350273139,3,98,1,18,0,0,0,0,0,0,1,1,6,1,54,8,-1,-1,-1,9,3,9
2018350273139,4,9,0,18,0,0,0,0,0,0,1,1,6,3,-1,-1,-1,-1,-1,-1,-1,-1
2018350273188,1,9,0,16,0,0,1,0,7,11,4,1,6,2,34,6,1587,1,15,1,1,1
2018350273191,1,9,0,18,0,0,0,0,0,0,4,1,6,3,-1,-1,-1,-1,-1,-1,-1,-1
2018350273191,2,1,0,18,0,0,0,0,0,0,3,1,6,2,55,8,-1,-1,-1,9,1,9
2018350273308,1,9,0,18,0,0,2,0,5,0,2,1,1,1,27,6,-1,-1,-1,10,2,10
2018350273335,1,19,0,18,0,3,0,0,0,0,1,1,1,1,27,6,2143,2,3,1,1,1
2018350273335,2,9,0,18,0,3,0,0,0,0,2,1,1,2,22,5,998,1,4,2,1,2
2018350273688,1,9,0,18,0,4,0,0,0,0,2,1,5,2,74,10,1339,1,12,7,3,7
2018350273688,2,4,0,18,0,3,0,0,0,0,1,1,5,1,34,6,279,1,1,9,1,9
2018350273858,1,9,0,18,2,0,0,0,0,0,3,1,3,2,45,7,1498,1,1,7,1,7
2018350273943,1,9,0,18,0,4,0,0,0,0,2,1,6,2,30,6,1587,1,11,4,1,4
2018350273943,3,19,0,18,0,4,0,0,0,0,1,1,6,1,28,6,1598,2,1,1,1,1
2018350274040,1,9,0,18,0,1,0,0,0,0,2,1,2,2,60,9,1686,2,3,6,1,6
2018350274040,2,9,0,18,0,1,0,0,0,0,1,1,1,1,39,7,1896,2,8,1,1,1
2018350274040,3,9,0,18,0,1,0,0,1,0,1,1,6,2,34,6,1598,2,2,6,1,6
2018350274080,1,9,0,9,0,2,0,0,0,0,2,1,1,2,47,8,1995,2,9,1,1,1
2018350274080,2,97,0,18,0,1,1,0,0,0,1,1,1,1,46,8,-1,-1,-1,1,1,1
2018350274087,1,9,0,18,0,0,0,0,0,0,1,1,1,2,26,6,1229,1,5,7,2,7
2018350274087,2,1,0,9,0,0,0,0,0,0,3,1,1,1,23,5,-1,-1,-1,6,1,6
2018350274099,1,9,0,13,0,0,0,0,0,0,1,1,6,1,27,6,1364,1,8,6,1,6
2018350274099,2,1,0,9,0,0,0,0,0,0,2,1,6,1,-1,-1,-1,-1,-1,-1,-1,-1
2018350274103,1,9,0,18,0,0,2,4,0,0,1,1,6,1,42,7,1390,1,16,2,1,2
2018350274103,2,9,0,2,0,0,0,0,0,0,1,1,6,3,-1,-1,1560,2,8,-1,-1,-1
2018350274154,1,2,0,18,0,0,1,0,1,9,4,1,5,1,18,4,49,1,15,9,1,9
2018350274168,1,9,0,18,0,1,1,0,1,0,1,1,5,1,29,6,1596,1,12,2,1,2
2018350274172,1,9,0,17,0,0,2,0,7,9,1,1,1,1,30,6,1910,2,15,2,3,2
2018350274357,1,9,0,18,0,0,0,0,0,0,0,1,6,3,-1,-1,-1,-1,-1,-1,-1,-1
2018350274357,2,9,0,18,0,0,1,10,7,0,0,1,5,2,23,5,1149,1,12,5,2,5
2018350274368,1,9,0,18,8,0,1,0,7,0,1,1,5,2,25,5,1399,2,9,-1,-1,-1
2018350274415,1,9,0,9,0,2,0,0,0,0,1,1,2,1,57,9,-1,-1,-1,2,1,2
2018350274442,1,9,0,16,0,0,1,0,0,0,2,1,6,1,23,5,1896,2,16,4,2,4
2018350274442,2,9,0,17,0,0,0,0,0,0,1,1,6,1,29,6,1398,1,3,5,3,5
2018350274503,1,9,0,18,0,0,0,0,0,0,1,1,5,2,74,10,1242,1,9,6,1,6
2018350274693,1,9,0,18,0,4,1,9,3,1,1,2,5,1,20,4,-1,-1,-1,2,1,2
2018350274696,1,9,0,18,0,7,0,10,0,0,3,1,5,1,86,11,1086,1,11,2,1,2
2018350274752,1,9,0,18,0,0,2,0,1,0,1,1,5,1,45,7,1149,1,13,5,3,5
2018350274782,1,9,0,9,0,1,0,0,0,0,3,1,4,1,17,4,1197,1,1,10,3,10
2018350274782,2,1,0,18,0,1,0,0,0,0,1,1,6,1,46,8,-1,-1,-1,5,1,5
2018350274827,1,9,0,18,0,0,0,12,0,0,1,1,5,1,53,8,2993,2,4,6,3,6
2018350274855,1,9,0,18,0,0,1,0,1,4,3,1,5,2,27,6,1896,2,20,9,2,9
2018350275149,1,9,0,5,0,3,0,0,0,0,3,1,5,1,37,7,1968,2,9,4,2,4
2018350275149,2,1,0,18,0,8,0,0,0,0,1,1,6,1,40,7,-1,-1,-1,9,1,9
2018350275211,1,9,0,4,0,1,1,0,1,0,1,1,6,1,28,6,1498,1,2,9,1,9
2018350275211,2,19,0,4,0,1,0,0,0,0,2,1,6,1,62,9,2299,2,2,8,3,8
2018350275248,1,9,0,1,0,0,0,0,0,0,2,1,1,1,28,6,-1,-1,-1,1,1,1
2018350275514,1,9,0,2,0,0,0,0,0,0,3,1,6,1,-1,-1,-1,-1,-1,-1,-1,-1
2018350275514,2,1,0,18,0,0,0,0,0,0,1,1,1,2,26,6,-1,-1,-1,7,1,7
2018350275550,1,9,0,7,0,6,0,0,0,0,1,1,5,2,55,8,1587,1,19,5,2,5
2018350275550,2,9,0,18,0,1,0,0,0,0,1,1,1,1,46,8,1997,2,3,6,1,6
2018350275788,1,9,4,18,0,0,2,0,0,0,2,1,5,1,76,11,-1,-1,-1,8,2,8
2018350275845,1,9,0,18,0,1,0,0,0,0,0,1,6,1,73,10,2993,2,6,5,3,5
2018350275910,1,9,0,18,0,2,0,0,0,0,1,1,6,1,65,9,-1,-1,-1,-1,-1,-1
2018350275989,1,19,0,18,0,0,0,0,0,0,1,1,1,1,38,7,2287,2,3,3,1,3
2018350275989,2,9,0,4,0,0,0,0,0,0,2,1,2,1,24,5,2494,1,21,5,2,5
2018350275989,3,9,0,4,0,0,0,0,0,0,2,1,2,2,32,6,1598,1,13,3,2,3
2018350275989,4,9,0,4,0,0,0,0,0,0,2,1,2,2,29,6,1200,1,6,9,3,9
2018350276021,1,9,0,18,0,0,0,0,0,0,1,1,6,1,29,6,-1,-1,-1,5,1,5
2018350276021,2,1,0,18,0,0,0,0,0,0,4,1,2,2,22,5,-1,-1,-1,6,1,6
2018350276035,1,9,0,18,0,0,1,0,1,0,1,1,5,1,31,6,1248,2,12,4,1,4
2018350276041,1,9,0,18,0,1,1,0,1,4,1,1,2,1,28,6,1598,1,8,8,1,8
2018350276041,2,21,1,18,0,1,0,0,0,0,4,1,1,1,44,7,12740,2,3,3,1,3
2018350276059,1,9,0,6,0,0,0,0,0,0,3,1,5,1,22,5,1598,1,11,2,1,2
2018350276059,2,3,0,18,0,0,0,0,0,0,1,1,5,1,23,5,125,1,6,8,-1,8
2018350276090,1,3,0,4,0,1,2,0,0,0,3,1,5,2,24,5,114,1,4,7,1,7
2018350276098,1,9,0,5,0,0,0,0,0,0,1,1,6,1,-1,-1,-1,-1,-1,5,1,5
2018350276166,1,9,0,10,0,8,0,0,0,0,1,1,5,1,73,10,1388,1,13,2,1,2
2018350276166,2,8,0,18,0,8,0,0,0,0,3,1,1,1,-1,-1,2499,2,9,4,1,4
2018350276178,1,9,0,18,0,0,5,4,0,0,1,1,6,2,70,10,1560,2,1,-1,-1,-1
2018350276178,2,9,0,2,0,0,0,4,0,0,2,1,6,3,-1,-1,-1,3,4,-1,-1,-1
2018350276178,3,9,0,2,0,0,0,0,0,0,2,1,6,3,-1,-1,1299,1,14,-1,-1,-1
2018350276185,1,9,0,18,0,0,2,0,1,9,1,1,5,2,21,5,1198,1,11,9,2,9
2018350276189,1,9,0,9,0,6,0,0,0,0,1,1,1,1,31,6,1124,1,15,10,1,10
2018350276189,2,9,0,18,0,8,0,0,0,0,1,1,1,2,38,7,1582,2,9,8,2,8
2018350276207,1,5,0,13,0,0,0,0,0,0,1,1,2,1,25,5,599,1,17,10,2,10
2018350276207,2,1,0,9,0,0,0,0,0,0,3,1,5,2,21,5,-1,-1,-1,8,1,8
2018350276212,1,9,0,18,0,0,1,0,1,3,3,1,5,1,84,11,1390,1,18,5,3,5
2018350276216,1,9,0,18,0,6,0,0,0,0,1,1,6,1,90,11,1399,2,12,4,1,4
2018350276216,2,1,0,18,0,8,0,0,0,0,3,1,4,1,11,3,-1,-1,-1,3,1,3
2018350276229,1,98,1,18,0,0,0,0,0,0,1,1,1,1,50,8,-1,-1,-1,-1,-1,-1
2018350276229,2,21,1,18,0,0,0,0,0,0,1,1,1,1,26,6,12900,2,10,3,1,3
2018350276229,3,21,1,18,0,0,0,0,0,0,2,1,1,1,41,7,12740,2,2,5,1,5
2018350276236,1,9,0,18,0,4,1,0,0,0,1,1,5,2,40,7,1461,2,7,9,1,9
2018350276236,2,9,0,18,0,4,0,0,0,0,2,1,5,1,40,7,1339,1,13,6,1,6
2018350276247,1,19,0,18,0,8,0,0,0,0,1,1,1,1,25,5,2198,2,4,4,1,4
2018350276247,2,9,0,4,0,8,0,0,0,0,0,1,5,1,67,10,1560,2,6,6,3,6
2018350276247,3,19,0,4,0,8,0,0,0,0,0,1,2,1,43,7,1968,2,6,7,3,7
2018350276247,4,9,0,4,0,8,0,0,0,0,0,1,5,2,36,7,2179,2,11,5,3,5
2018350276416,1,19,0,2,4,0,0,0,0,0,2,1,1,1,41,7,2143,2,4,8,1,8
2018350276416,2,1,0,18,4,0,0,4,0,0,1,1,2,2,18,4,-1,-1,-1,9,1,9
2018350276475,1,9,0,18,0,3,0,0,0,0,2,1,1,2,57,9,1395,1,3,7,1,7
2018350276475,2,1,0,18,0,4,0,0,0,0,1,1,4,1,-1,-1,-1,-1,-1,-1,-1,-1
2018350276556,1,9,0,9,0,0,0,0,0,0,1,1,5,2,56,9,1910,2,10,6,2,6
2018350276556,2,19,0,18,0,0,0,0,0,0,1,1,1,1,49,8,2198,2,6,5,2,5
2018350276567,1,1,0,18,0,0,0,0,0,0,1,1,5,1,29,6,-1,-1,-1,7,1,7
2018350276567,2,9,0,2,6,0,0,0,0,0,3,1,5,1,24,5,-1,-1,-1,7,1,7
2018350276573,1,1,0,18,0,0,0,0,0,0,1,1,6,1,-1,-1,-1,-1,-1,-1,-1,-1
2018350276633,1,9,0,18,0,4,0,0,0,0,1,1,5,1,49,8,1242,1,5,5,3,5
2018350276633,2,1,0,18,0,8,0,0,0,0,3,1,2,2,15,3,-1,-1,-1,5,3,5
2018350276688,1,9,0,18,0,0,0,0,7,0,1,1,6,2,51,8,998,1,18,8,3,8
2018350276722,1,8,0,9,0,0,0,0,0,0,4,1,1,1,30,6,1968,2,5,1,1,1
2018350276722,2,9,0,18,0,0,0,0,0,0,1,1,5,2,51,8,1598,2,6,3,1,3
2018350276746,1,19,0,18,0,0,0,0,0,0,1,1,6,1,-1,-1,1870,2,18,5,1,5
2018350276746,2,9,0,3,0,0,0,0,0,0,2,1,5,2,22,5,1398,1,2,1,1,1
2018350276806,1,9,0,18,0,0,0,0,0,0,1,1,5,1,30,6,2231,2,10,6,3,6
2018350276806,2,9,0,4,0,0,0,0,0,0,2,1,5,1,47,8,1997,2,15,6,2,6
2018350277193,1,9,0,18,5,0,0,0,0,0,1,1,5,2,-1,-1,-1,-1,-1,-1,-1,-1
2018350277193,2,1,0,18,9,0,0,0,0,0,1,1,5,2,26,6,-1,-1,-1,10,1,10
2018350277199,1,11,0,18,0,0,0,0,0,0,3,1,6,3,-1,-1,-1,-1,-1,-1,-1,-1
2018350277199,2,1,0,18,0,0,0,0,0,0,4,1,5,1,44,7,-1,-1,-1,7,1,7
2018350277275,1,9,0,18,0,0,0,0,0,0,4,1,6,1,-1,-1,1496,2,3,9,3,9
2018350277275,2,1,0,18,0,0,0,0,0,0,3,1,5,1,51,8,-1,-1,-1,5,1,5
2018350277360,1,9,0,4,0,1,1,0,0,0,1,1,5,1,23,5,1299,1,18,6,2,6
2018350277360,2,19,0,4,0,1,0,0,0,0,2,1,1,1,25,5,2198,2,3,6,1,6
2018350277768,1,9,0,18,0,1,0,0,0,0,1,1,6,2,23,5,1328,1,13,5,2,5
2018350277768,2,9,0,18,0,1,0,0,0,0,2,1,1,1,49,8,1995,2,6,7,3,7
2018350277836,1,9,0,9,0,4,0,0,0,0,1,1,5,2,56,9,2000,1,13,1,1,1
2018350277836,2,9,0,18,0,3,0,0,1,0,4,1,6,1,37,7,1968,2,5,2,1,2
2018350277842,1,19,0,4,0,6,0,0,0,0,1,1,1,1,55,8,2198,2,5,6,1,6
2018350277842,2,9,0,4,0,6,0,0,0,0,2,1,5,2,27,6,1796,1,13,6,1,6
2018350277849,1,9,0,2,0,2,0,0,0,0,3,1,5,1,25,5,1329,1,6,2,1,2
2018350277849,2,9,0,1,0,1,0,0,0,0,2,1,5,1,74,10,1198,1,2,10,2,10
2018350278353,1,9,0,18,0,2,0,0,0,0,1,1,6,1,71,10,2400,2,8,3,1,3
2018350278353,2,9,0,18,0,1,0,0,0,0,1,1,6,2,37,7,1198,1,14,4,1,4
2018350278412,1,9,0,18,0,4,0,0,0,0,1,1,2,1,30,6,1598,1,12,5,1,5
2018350278412,2,1,0,18,0,3,0,0,0,0,4,1,2,1,33,6,-1,-1,-1,8,3,8
2018350278449,1,9,0,7,0,2,0,0,0,0,4,1,6,1,34,6,1596,1,4,9,3,9
2018350278449,2,1,0,18,4,1,0,0,0,0,3,1,6,1,-1,-1,-1,-1,-1,-1,-1,-1
2018350278575,1,9,0,5,0,0,0,0,0,0,1,1,6,1,51,8,1598,2,5,10,3,10
2018350278575,2,9,0,18,0,0,0,0,0,0,4,1,2,1,44,7,1560,2,4,10,2,10
2018350278666,1,9,0,1,0,0,0,0,0,0,2,1,5,2,-1,-1,1984,1,12,-1,-1,-1
2018350278666,2,9,0,3,0,0,0,0,0,0,1,1,5,1,47,8,1997,2,3,2,1,2
2018350279280,1,9,0,14,0,0,0,0,0,0,1,1,6,1,37,7,1598,1,9,5,1,5
2018350279294,1,9,0,18,0,0,0,0,0,0,1,1,6,1,31,6,1598,2,7,8,3,8
2018350279886,1,9,0,18,0,0,0,0,0,0,1,1,5,2,49,8,1229,1,6,-1,3,-1
2018350279886,2,9,0,4,0,0,0,0,0,0,2,1,5,2,46,8,1984,1,7,7,3,7
2018350279886,3,9,0,3,0,0,0,0,0,0,2,1,5,2,44,7,2000,1,14,6,1,6
2018350279903,1,21,1,18,0,0,0,0,0,0,1,1,1,1,38,7,12900,2,10,7,1,7
2018350279903,2,19,0,18,0,0,0,0,0,0,2,1,1,1,54,8,2298,2,3,6,1,6
2018350279903,3,98,0,18,0,0,0,0,0,0,2,1,2,2,45,7,-1,-1,-1,7,1,7
2018350279903,4,21,1,18,0,0,0,0,0,0,2,1,1,1,42,7,12809,2,1,5,1,5
2018350279912,1,9,0,18,0,0,0,0,7,0,1,1,1,1,38,7,1397,1,8,2,1,2
2018350279949,1,9,0,7,0,0,0,0,0,0,4,1,6,2,34,6,1956,2,5,10,3,10
2018350279949,2,1,0,18,9,0,0,0,0,0,1,1,2,2,14,3,-1,-1,-1,3,1,3
2018350279955,1,9,0,9,0,0,0,0,0,0,4,1,5,1,40,7,-1,-1,-1,4,1,4
2018350279955,2,21,1,4,0,0,0,0,0,0,1,1,1,1,32,6,12900,2,7,5,1,5
2018350280004,1,9,0,18,0,8,0,0,0,0,3,1,1,2,41,7,1997,2,9,8,1,8
2018350280004,2,1,0,5,5,8,0,0,0,0,4,1,1,1,49,8,-1,-1,-1,10,2,10
2018350280054,1,8,0,18,0,0,0,0,0,0,1,1,2,1,46,8,2668,2,14,4,1,4
2018350280071,1,9,0,9,0,5,0,0,0,0,1,1,2,1,54,8,875,1,6,10,1,10
2018350280071,2,9,0,18,0,8,0,0,0,0,1,1,2,1,27,6,999,1,2,10,1,10
2018350280125,1,19,0,8,0,1,0,0,0,0,0,1,2,1,60,9,1560,2,2,6,3,6
2018350280125,2,9,0,3,0,1,0,0,0,0,1,1,6,1,-1,-1,-1,-1,-1,-1,-1,-1
2018350280190,1,9,0,18,0,0,0,0,0,0,1,1,1,1,61,9,3222,2,13,5,3,5
2018350280199,1,10,0,18,0,0,0,11,0,0,1,1,1,1,24,5,-1,-1,-1,3,3,3
2018350280216,1,9,0,18,0,0,0,0,0,0,3,1,2,1,23,5,1968,2,3,10,1,10
2018350280216,2,9,0,18,0,0,0,0,0,0,3,1,2,1,20,4,-1,-1,-1,4,1,4
2018350280221,1,9,0,18,0,4,0,0,0,0,4,1,1,2,20,4,1399,1,1,8,2,8
2018350280221,2,1,0,18,0,8,0,0,0,0,4,1,4,1,28,6,-1,-1,-1,10,1,10
2018350280276,1,98,0,18,0,0,1,0,0,0,1,1,1,1,49,8,-1,-1,-1,7,3,7
2018350280276,2,21,1,3,0,0,0,0,0,0,2,1,1,1,22,5,12900,2,10,2,1,2
2018350280276,3,98,1,3,0,0,0,0,0,0,2,1,1,1,26,6,-1,-1,-1,2,1,2
2018350280276,4,21,1,18,0,0,1,0,0,0,1,1,1,1,29,6,12777,2,3,2,2,2
2018350280276,5,9,0,18,0,0,1,0,0,0,1,1,1,1,63,9,1461,2,8,9,2,9
2018350280276,6,21,1,18,0,0,1,0,0,0,1,1,1,1,50,8,16400,2,2,-1,3,-1
2018350280276,7,98,1,18,0,0,1,0,0,0,1,1,1,1,28,6,-1,-1,-1,6,1,6
2018350280309,1,9,0,18,0,0,1,0,1,0,1,1,6,1,37,7,1560,2,8,9,2,9
2018350280309,2,9,0,18,0,0,0,0,0,0,1,1,6,2,20,4,999,1,3,10,2,10
2018350280309,3,9,0,18,0,0,0,0,0,0,1,1,6,2,61,9,4999,1,-1,3,1,3
2018350280313,1,9,0,18,0,0,0,0,0,0,1,1,5,2,87,11,1598,1,10,8,2,8
2018350280411,1,9,0,9,0,6,0,0,0,0,4,1,6,1,-1,-1,1598,2,8,-1,-1,-1
2018350280411,2,9,0,18,0,1,0,0,0,0,3,1,6,1,32,6,1800,1,14,4,-1,4
2018350280487,1,9,0,2,0,0,0,0,0,0,4,1,6,2,35,6,1598,2,6,6,1,6
2018350280487,2,1,0,15,0,0,0,8,0,0,1,1,6,2,35,6,-1,-1,-1,8,1,8
2018350280500,1,9,0,9,0,1,0,0,0,0,1,1,1,1,50,8,1956,2,-1,7,1,7
2018350280500,2,1,0,18,0,1,0,0,0,0,1,1,5,2,29,6,-1,-1,-1,8,1,8
2018350280559,1,9,0,9,0,0,0,0,0,0,3,1,5,1,49,8,2199,2,8,2,1,2
2018350280559,2,9,0,18,0,0,0,0,0,0,1,1,5,1,45,7,1984,1,17,2,1,2
2018350280601,1,9,0,18,0,0,0,0,0,0,1,1,5,2,19,4,998,1,1,7,3,7
2018350280601,2,9,0,18,0,0,0,0,0,0,2,1,5,1,18,4,998,1,4,7,3,7
2018350280622,1,21,0,4,0,0,0,0,0,0,1,1,1,1,31,6,4116,2,12,6,1,6
2018350280622,2,9,0,3,0,0,0,0,0,0,2,1,5,1,53,8,1968,2,1,8,3,8
2018350280622,3,98,0,3,0,0,0,0,0,0,2,1,1,1,54,8,-1,-1,-1,3,1,3
2018350280872,1,9,0,9,0,4,1,0,0,0,4,1,5,1,20,4,995,1,14,6,3,6
2018350280872,2,9,0,18,0,8,0,0,0,0,1,1,2,1,32,6,1798,1,11,7,1,7
2018350280872,3,9,0,10,0,6,1,0,0,0,3,1,2,2,51,8,1598,1,15,6,1,6
2018350281296,1,9,0,14,0,0,0,4,7,0,1,1,6,1,91,11,1910,2,11,6,1,6
2018350281296,2,9,4,2,0,0,0,0,1,0,2,1,6,3,-1,-1,-1,-1,-1,-1,-1,-1
2018350281504,1,9,0,4,0,1,0,0,0,0,3,1,6,1,42,7,2143,2,3,7,3,7
2018350281504,2,5,0,13,0,1,0,0,0,0,4,1,5,1,51,8,1441,1,3,7,2,7
2018350281600,1,5,0,16,0,0,1,0,7,0,1,1,2,1,22,5,599,1,20,6,2,6
2018350281696,1,19,0,18,0,0,0,0,0,0,1,1,1,1,27,6,2464,2,9,1,1,1
2018350281696,2,9,0,18,0,0,0,0,0,0,2,1,1,1,47,8,2982,2,3,10,2,10
2018350281696,3,9,0,18,0,0,0,0,0,0,1,1,1,1,22,5,1968,2,4,4,1,4
2018350281708,1,9,0,2,0,0,0,0,1,0,2,1,6,3,-1,-1,1896,2,10,-1,-1,-1
2018350281708,2,9,0,18,0,0,0,11,7,0,1,1,5,1,74,10,998,1,4,2,1,2
2018350281734,1,9,0,5,0,4,0,0,0,0,4,1,5,2,31,6,1685,2,4,2,1,2