Accident_Index,Vehicle_Reference,Vehicle_Type,Towing_and_Articulation,Vehicle_Manoeuvre,Vehicle_Location-Restricted_Lane,Junction_Location,Skidding_and_Overturning,Hit_Object_in_Carriageway,Vehicle_Leaving_Carriageway,Hit_Object_off_Carriageway,1st_Point_of_Impact,Was_Vehicle_Left_Hand_Drive?,Journey_Purpose_of_Driver,Sex_of_Driver,Age_of_Driver,Age_Band_of_Driver,Engine_Capacity_(CC),Propulsion_Code,Age_of_Vehicle,Driver_IMD_Decile,Driver_Home_Area_Type,Vehicle_IMD_Decile
2018350281734,2,4,0,5,0,4,0,0,0,0,3,1,5,1,46,8,471,1,1,6,1,6
2018350281759,1,9,0,17,0,0,5,0,1,0,1,1,5,1,39,7,2143,2,1,3,1,3
2018350281762,1,9,0,4,0,0,0,0,0,0,4,1,1,1,41,7,1968,2,9,6,2,6
2018350281762,2,1,0,18,0,0,0,0,0,0,1,1,6,2,64,9,-1,-1,-1,9,1,9
2018350281785,1,98,0,18,0,0,0,0,0,0,1,1,1,1,22,5,-1,-1,-1,5,3,5
2018350281785,2,9,0,10,0,0,0,0,7,0,2,1,2,1,24,5,1598,1,12,10,1,10
2018350281790,1,9,0,18,0,1,0,0,0,0,1,1,6,1,27,6,999,1,3,3,1,3
2018350281790,2,9,0,18,0,1,0,0,0,0,1,1,6,2,34,6,1997,2,11,2,1,2
2018350281791,1,1,0,18,0,0,0,0,0,0,3,1,6,1,45,7,-1,-1,-1,5,1,5
2018350281791,2,9,0,18,0,0,0,0,0,0,0,1,5,2,30,6,1598,1,17,2,1,2
2018350281920,1,9,0,4,0,0,0,0,0,0,1,1,2,2,53,8,1968,2,5,10,1,10
2018350281920,2,21,0,4,0,0,0,0,0,0,2,1,1,1,29,6,10837,2,2,3,1,3
2018350282112,1,9,0,18,0,0,0,0,5,6,3,1,1,1,53,8,1560,2,6,8,3,8
2018350282134,1,9,0,7,0,0,2,0,1,0,3,1,5,2,58,9,1769,1,12,3,1,3
2018350282157,1,1,0,-1,-1,-1,0,0,0,0,-1,1,6,1,16,4,-1,-1,-1,10,2,10
2018350282157,2,9,0,-1,-1,-1,0,0,0,0,1,1,5,2,39,7,1390,1,9,10,2,10
2018350282217,1,9,0,9,0,5,0,0,0,0,4,1,6,1,19,4,1796,1,14,1,1,1
2018350282217,2,3,0,17,0,1,5,0,0,0,1,1,6,1,43,7,123,1,4,1,1,1
2018350282247,1,9,0,18,0,0,1,0,0,0,1,1,5,2,20,4,1299,1,14,9,1,9
2018350282274,1,9,0,5,0,0,0,0,0,0,1,1,5,2,82,11,1339,1,5,5,2,5
2018350282274,2,9,0,7,0,0,0,0,0,0,2,1,1,1,32,6,1986,2,11,6,2,6
2018350282308,1,9,0,17,0,0,1,0,7,9,1,1,6,1,22,5,2793,1,19,9,2,9
2018350282359,1,9,0,16,0,0,2,0,1,0,1,1,2,1,32,6,1598,1,16,9,2,9
2018350282380,1,9,0,9,0,3,0,0,0,0,3,1,2,2,37,7,1598,1,12,1,1,1
2018350282380,2,9,0,18,0,3,0,0,0,0,4,1,2,2,34,6,1997,2,10,8,1,8
2018350282419,1,9,0,18,0,0,0,0,0,0,1,1,6,3,-1,-1,1968,2,1,-1,-1,-1
2018350282422,1,9,0,18,0,0,1,0,4,0,1,1,5,2,77,11,1240,1,8,7,1,7
2018350282422,2,9,0,4,0,0,0,0,0,0,2,1,5,1,82,11,1968,2,6,10,1,10
2018350282436,1,9,0,18,0,0,0,0,0,0,1,1,5,2,48,8,1248,1,1,1,1,1
2018350282488,1,9,0,7,0,4,0,0,0,0,3,1,2,1,28,6,1968,2,4,6,1,6
2018350282488,2,1,0,18,0,8,0,0,0,0,1,1,2,2,33,6,-1,-1,-1,7,1,7
2018350282745,1,9,0,18,0,8,0,0,0,0,4,1,6,2,59,9,1969,2,1,6,1,6
2018350282745,2,1,0,9,0,8,0,0,0,0,1,1,6,2,18,4,-1,-1,-1,9,1,9
2018350282854,1,98,0,18,0,1,0,0,0,0,2,1,6,3,-1,-1,-1,-1,-1,-1,-1,-1
2018350282854,2,19,0,5,0,1,0,0,0,0,1,1,1,1,63,9,1499,2,3,5,1,5
2018350282941,1,9,0,18,0,0,0,0,0,0,4,1,6,1,90,11,1199,1,18,8,1,8
2018350283001,1,9,0,9,0,8,0,0,0,0,1,1,5,2,74,10,996,1,4,10,1,10
2018350283001,2,1,0,10,0,1,0,0,0,0,1,1,5,2,77,11,-1,-1,-1,10,1,10
2018350283005,1,98,0,12,0,0,0,0,0,0,4,1,6,3,-1,-1,-1,-1,-1,-1,-1,-1
2018350283005,2,9,0,18,0,0,2,0,1,0,3,1,5,1,54,8,2457,1,11,8,3,8
2018350283081,1,9,0,18,0,0,0,0,0,0,1,1,6,1,-1,-1,2143,2,5,-1,-1,-1
2018350283258,1,9,0,18,0,0,0,0,0,0,1,1,1,1,31,6,-1,-1,-1,1,1,1
2018350283258,2,9,0,18,0,0,0,0,0,0,2,1,5,1,66,10,1969,2,1,9,2,9
2018350283260,1,9,0,7,0,8,0,0,0,0,1,1,5,1,-1,-1,1598,2,1,1,1,1
2018350283260,2,9,0,8,0,1,0,0,0,0,3,1,5,1,21,5,-1,-1,-1,3,1,3
2018350283273,1,9,0,9,0,8,0,0,0,0,1,1,6,1,20,4,1390,1,16,5,1,5
2018350283273,2,9,0,18,0,1,0,0,0,0,4,1,6,1,69,10,2179,2,11,6,3,6
2018350283333,1,9,0,18,0,4,0,0,0,0,3,1,2,2,40,7,1318,1,1,6,1,6
2018350283333,2,1,0,18,0,4,0,0,0,0,1,1,5,2,29,6,-1,-1,-1,5,1,5
2018350283371,1,1,0,17,0,0,1,0,0,0,1,1,2,1,37,7,-1,-1,-1,6,1,6
2018350283444,1,9,0,9,0,0,0,0,0,0,1,1,1,1,24,5,1753,2,9,6,1,6
2018350283444,2,1,0,18,0,0,0,0,0,0,1,1,6,2,59,9,-1,-1,-1,6,3,6
2018350283633,1,9,0,18,0,1,0,0,0,0,1,1,1,2,32,6,1198,1,4,5,3,5
2018350283633,2,9,0,9,0,5,0,0,0,0,2,1,1,1,21,5,2148,2,10,5,3,5
2018350283654,1,9,0,18,0,0,0,0,0,0,1,1,1,2,22,5,1598,2,3,7,3,7
2018350283659,1,9,0,4,0,1,0,0,0,0,2,1,6,2,31,6,1596,1,19,6,1,6
2018350283659,2,9,0,18,0,1,0,0,0,0,1,1,6,1,-1,-1,-1,-1,-1,-1,-1,-1
2018350283685,1,9,0,1,0,0,0,0,0,0,2,1,6,1,24,5,1968,2,3,3,1,3
2018350283697,1,9,0,17,0,0,0,0,1,0,1,1,5,1,41,7,1910,2,7,4,1,4
2018350283697,2,9,0,16,0,0,0,0,0,0,1,1,5,1,48,8,1997,2,13,4,1,4
2018350283814,1,9,0,18,0,0,0,0,0,0,4,1,2,2,39,7,1198,1,7,7,1,7
2018350283861,1,9,0,18,0,0,0,0,0,0,1,1,2,2,-1,-1,1995,2,11,7,1,7
2018350283861,2,9,0,18,0,0,0,0,0,0,2,1,2,1,21,5,-1,-1,-1,8,1,8
2018350283861,3,9,0,18,0,0,0,0,0,0,2,1,2,2,-1,-1,1598,1,6,3,1,3
2018350283861,4,98,0,2,0,0,0,0,0,0,0,1,6,3,-1,-1,-1,-1,-1,-1,-1,-1
2018350283876,1,9,0,18,8,7,0,0,0,0,1,1,2,1,20,4,1910,2,10,10,1,10
2018350283876,2,9,0,3,0,7,0,0,0,0,2,1,2,2,25,5,1299,1,13,9,2,9
2018350283877,1,9,0,18,0,0,0,0,0,0,1,1,6,1,-1,-1,1560,2,14,-1,-1,-1
2018350283877,2,9,0,18,0,0,0,0,0,0,3,1,5,2,31,6,1968,2,1,5,3,5
2018350283922,1,21,1,18,0,4,0,9,3,0,1,1,1,1,24,5,12809,2,1,6,2,6
2018350283960,1,9,0,3,0,1,0,0,0,0,1,1,5,2,79,11,1390,1,5,10,-1,10
2018350283960,2,9,0,3,0,1,0,0,0,0,2,1,3,2,46,8,1341,1,14,3,1,3
2018350283960,3,9,0,3,0,1,0,0,0,0,2,1,2,2,49,8,1240,1,8,3,1,3
2018350283962,1,9,0,5,0,8,0,0,0,0,3,1,6,1,33,6,1995,1,13,9,3,9
2018350283962,2,9,0,18,0,8,0,0,0,0,2,1,6,2,34,6,1910,2,10,2,1,2
2018350284016,1,19,0,18,0,0,1,0,0,0,1,1,1,1,49,8,2299,2,1,2,1,2
2018350284016,2,21,4,4,0,0,0,0,0,0,2,1,1,1,47,8,12900,2,7,1,1,1
2018350284061,1,9,0,4,0,0,1,4,0,0,1,1,5,1,41,7,1461,2,1,3,1,3
2018350284061,2,9,0,2,0,0,0,0,0,0,1,1,6,3,-1,-1,-1,-1,-1,-1,-1,-1
2018350284102,1,9,0,17,0,0,0,0,1,0,1,1,6,3,-1,-1,1999,1,12,-1,-1,-1
2018350284102,2,9,0,16,0,0,0,0,1,0,1,1,6,1,33,6,1598,2,1,3,1,3
2018350284134,1,9,0,3,0,4,0,0,0,0,1,1,5,2,40,7,1769,1,14,3,1,3
2018350284134,2,9,0,3,0,4,0,0,0,0,2,1,2,1,51,8,1998,1,-1,8,1,8
2018350284180,1,9,0,18,0,1,1,0,0,0,1,1,3,1,29,6,-1,-1,-1,4,1,4
2018350284180,2,1,0,7,0,2,1,0,0,0,3,1,4,1,13,3,-1,-1,-1,2,1,2
2018350284243,1,9,0,7,0,1,0,0,0,0,1,1,2,2,29,6,898,1,3,8,3,8
2018350284243,2,9,0,7,0,1,0,0,0,0,2,1,5,2,72,10,1896,2,16,8,-1,8
2018350284273,1,9,0,18,0,0,0,0,1,0,1,1,6,1,33,6,1686,2,12,10,2,10
2018350284273,2,9,0,18,0,0,0,0,1,0,1,1,5,2,51,8,1398,2,6,10,2,10
2018350284329,1,9,0,18,0,0,5,0,1,4,1,1,6,2,37,7,1498,1,11,9,1,9
2018350284341,1,9,0,12,0,0,2,0,2,0,1,1,5,1,33,6,1598,1,9,3,1,3
2018350284359,1,9,0,9,0,6,0,0,7,10,1,1,5,2,23,5,1299,1,18,3,1,3
2018350284377,1,98,0,18,0,1,0,0,0,0,4,1,1,1,50,8,-1,-1,-1,3,1,3
2018350284377,2,1,0,15,0,1,0,0,0,0,3,1,6,1,26,6,-1,-1,-1,5,1,5
2018350284404,1,9,0,18,0,0,1,0,7,4,1,1,5,1,23,5,1598,1,9,8,2,8
2018350284584,1,9,0,13,0,0,0,0,7,0,4,1,5,1,77,11,1582,2,1,6,1,6
2018350284584,2,17,0,9,0,0,0,0,0,0,3,1,1,1,31,6,6788,2,1,6,3,6
2018350284588,1,9,0,9,0,8,0,0,0,0,1,1,2,1,44,7,1796,1,12,6,1,6
2018350284588,2,5,0,14,0,8,0,0,0,0,1,1,2,1,44,7,599,1,15,5,3,5
2018350284616,1,9,0,18,0,0,0,0,1,0,1,1,5,1,43,7,2967,2,1,9,1,9
2018350284645,1,3,0,18,0,0,1,0,0,0,3,1,6,1,17,4,124,1,4,8,2,8
2018350284691,1,9,0,18,0,1,0,0,0,0,1,1,5,1,54,8,1995,2,6,7,3,7
2018350284691,2,19,0,18,0,1,0,0,0,0,2,1,5,1,46,8,2997,1,15,9,1,9
2018350284699,1,21,0,18,0,0,0,0,0,0,1,1,1,1,32,6,4462,2,5,5,1,5
2018350284699,2,9,0,18,0,0,0,0,0,0,2,1,1,1,39,7,1399,1,1,6,1,6
2018350284730,1,9,0,18,0,0,0,0,0,0,1,1,6,1,47,8,2143,2,8,3,1,3
2018350284751,1,9,0,5,0,4,0,0,0,0,1,1,5,1,68,10,1149,1,12,9,1,9
2018350284751,2,1,0,11,0,8,0,0,0,0,2,1,5,1,34,6,-1,-1,-1,5,1,5
2018350284760,1,9,0,17,0,0,2,0,1,4,1,1,5,2,47,8,2148,2,14,3,1,3
2018350284876,1,9,0,7,0,4,0,0,0,0,1,1,1,1,40,7,1598,2,7,9,1,9
2018350284876,2,1,0,18,0,3,0,0,0,0,2,1,2,1,56,9,-1,-1,-1,10,1,10
2018350284920,1,9,0,17,0,0,0,0,0,0,3,1,1,1,50,8,1398,2,13,2,1,2
2018350284920,2,4,0,16,0,0,1,0,0,0,1,1,1,1,35,6,244,1,15,5,1,5
2018350285024,1,9,0,18,0,0,0,0,0,0,1,1,5,2,48,8,1686,2,7,2,1,2
2018350285024,2,9,0,18,0,0,0,0,0,0,2,1,5,2,58,9,1598,2,2,8,1,8
2018350285024,3,9,0,18,0,0,0,0,0,0,2,1,1,1,20,4,-1,-1,-1,3,1,3
2018350285024,4,9,1,18,0,0,0,0,1,0,0,1,1,1,23,5,-1,-1,-1,7,2,7
2018350285054,1,9,0,18,0,0,0,4,0,0,1,1,5,2,69,10,1108,1,9,3,3,3
2018350285054,2,9,0,2,0,0,0,0,0,0,3,1,2,1,47,8,3200,2,14,4,3,4
2018350285054,3,19,0,18,0,0,0,0,0,0,1,1,6,1,42,7,2287,2,7,5,1,5
2018350285065,1,9,0,17,0,0,1,0,1,0,1,1,2,1,49,8,1984,1,22,9,3,9
2018350285121,1,9,0,18,0,0,0,0,0,0,1,1,6,1,33,6,1598,1,17,2,1,2
2018350285121,2,9,0,2,0,0,0,0,0,0,0,1,6,1,40,7,1997,2,9,2,1,2
2018350285244,1,9,0,1,0,8,0,0,0,0,2,1,1,1,32,6,998,1,14,3,1,3
2018350285325,1,-1,0,18,0,0,0,0,0,0,1,1,6,3,-1,-1,-1,-1,-1,-1,-1,-1
2018350285349,1,19,0,1,0,0,0,0,0,0,4,1,2,1,36,7,-1,-1,-1,-1,3,-1
2018350285496,1,9,0,18,0,0,0,0,0,0,4,1,3,2,44,7,1991,2,10,10,2,10
2018350285584,1,9,0,18,0,0,0,0,0,0,1,1,5,1,28,6,1799,1,12,8,3,8
2018350285584,2,9,0,18,0,0,0,0,1,0,1,1,1,1,65,9,1200,1,2,10,1,10
2018350285643,1,9,0,12,0,0,0,0,0,0,1,1,6,1,53,8,2000,2,13,3,1,3
2018350285643,2,19,0,18,0,0,0,0,1,0,1,1,1,1,53,8,1995,2,2,2,1,2
2018350285674,1,9,0,18,0,0,0,0,0,0,1,1,6,1,27,6,2979,1,2,1,1,1
2018350285674,2,9,0,9,0,0,0,0,0,0,1,1,6,1,47,8,1598,1,11,2,1,2
2018350285674,3,9,0,18,0,0,0,0,0,0,0,1,6,1,29,6,1248,2,14,2,1,2
2018350285919,1,9,0,17,0,1,1,0,7,0,1,1,5,2,40,7,1149,1,14,9,1,9
2018350285920,1,9,0,16,0,0,0,0,0,0,1,1,2,2,21,5,1149,1,2,6,2,6
2018350285920,2,9,0,2,6,0,0,0,0,0,2,1,5,3,-1,-1,1395,1,1,-1,-1,-1
2018350285949,1,21,1,4,0,0,1,0,0,0,1,1,1,1,46,8,12900,2,6,2,1,2
2018350285949,2,21,1,4,0,0,0,0,0,0,2,1,1,1,49,8,12900,2,6,6,1,6
2018350285958,1,21,1,18,0,4,0,9,0,0,1,1,1,1,64,9,10837,2,2,4,3,4
2018350285972,1,19,0,18,0,0,0,0,0,0,0,1,1,1,51,8,2402,2,14,7,1,7
2018350285972,2,9,0,18,0,0,0,0,0,0,1,1,6,1,66,10,1580,8,1,9,3,9
2018350285975,1,9,0,18,0,0,1,0,0,0,1,1,2,1,21,5,1830,1,24,-1,3,-1
2018350285975,2,9,0,18,0,0,0,0,0,0,2,1,2,2,25,5,1399,2,14,8,-1,8
2018350285975,3,9,0,18,0,0,0,0,0,0,2,1,2,1,36,7,998,1,2,9,2,9
2018350285975,4,9,0,18,0,0,0,0,0,0,2,1,2,1,26,6,1968,2,1,10,3,10
2018350285975,5,9,0,18,0,0,0,0,0,0,2,1,6,1,57,9,-1,-1,-1,8,1,8
2018350285983,1,5,0,13,0,1,0,0,0,0,1,1,2,1,-1,-1,600,1,12,8,3,8
2018350285983,2,9,0,9,0,1,0,0,0,0,2,1,2,2,34,6,2268,2,4,7,1,7
2018350286068,1,19,0,5,0,8,0,0,7,0,3,1,2,1,67,10,2198,2,3,6,2,6
2018350286068,2,9,0,18,0,8,0,0,7,0,4,1,2,1,31,6,-1,-1,-1,9,2,9
2018350286159,1,19,0,18,0,1,0,0,0,0,1,1,6,1,46,8,2198,2,8,9,2,9
2018350286159,2,1,0,18,4,8,0,0,0,0,4,1,6,2,50,8,-1,-1,-1,9,1,9
2018350286235,1,9,0,18,0,0,0,0,0,0,1,1,5,1,77,11,999,1,2,10,2,10
2018350286261,1,98,0,18,0,1,0,0,0,0,1,1,6,1,50,8,-1,-1,-1,2,1,2
2018350286261,2,9,0,4,0,1,0,0,0,0,2,1,6,1,69,10,2143,2,2,7,2,7
2018350286326,1,8,0,4,0,0,1,0,0,0,1,1,1,1,29,6,2231,2,9,2,1,2
2018350286326,2,9,0,3,0,0,0,0,0,0,2,1,5,2,53,8,1197,1,3,5,3,5
2018350286346,1,9,0,9,0,2,0,0,0,0,2,1,6,2,32,6,1390,1,6,6,1,6
2018350286346,2,9,0,18,0,8,0,0,0,0,1,2,6,1,34,6,-1,-1,-1,3,1,3
2018350286434,1,9,0,17,0,0,5,0,7,0,0,1,2,1,36,7,1997,2,15,8,3,8
2018350286446,1,3,0,18,0,1,1,10,1,0,4,1,6,1,18,4,124,1,8,8,3,8
2018350286522,1,19,0,9,0,0,0,0,0,0,1,1,1,1,46,8,1598,2,2,4,1,4
2018350286522,2,1,0,18,0,0,0,0,0,0,4,1,5,1,48,8,-1,-1,-1,8,1,8
2018350286718,1,5,0,18,0,8,0,0,0,0,4,1,1,1,50,8,646,1,13,2,1,2
2018350286718,2,9,0,12,0,8,0,0,0,0,3,1,5,2,38,7,1598,2,3,5,3,5
2018350286718,3,9,0,3,0,1,0,0,0,0,3,1,6,1,27,6,1560,2,9,2,1,2
2018350286838,1,1,0,18,0,6,0,0,0,0,1,1,6,1,39,7,-1,-1,-1,10,1,10
2018350286838,2,9,0,18,0,2,0,0,0,0,4,1,6,2,32,6,-1,-1,-1,8,2,8
2018350286867,1,9,0,18,0,0,0,0,0,0,4,1,6,1,76,11,1997,2,1,7,2,7
2018350286930,1,9,0,3,0,0,0,0,0,0,1,1,6,1,65,9,1197,1,-1,6,1,6
2018350286930,2,9,0,3,0,0,0,0,0,0,2,1,6,2,36,7,1997,2,4,1,1,1
2018350286972,1,9,0,18,0,0,0,0,0,0,3,1,2,2,22,5,1242,1,1,10,2,10
2018350286972,2,1,0,18,4,0,0,0,0,0,4,1,2,2,39,7,-1,-1,-1,9,1,9
2018350287389,1,9,0,18,0,1,0,0,0,0,1,1,6,1,22,5,1995,2,10,5,1,5
2018350287389,2,9,0,18,0,1,0,0,0,0,2,1,5,2,72,10,1590,1,15,5,1,5
2018350287478,1,3,0,18,0,1,2,0,0,0,4,1,6,1,45,7,125,1,2,4,1,4
2018350287484,1,9,0,18,0,0,1,11,0,0,1,1,2,1,38,7,1997,2,10,9,2,9
2018350287540,1,9,0,18,0,0,0,0,0,0,1,1,5,1,25,5,1329,1,5,7,-1,7
2018350287540,2,9,0,3,0,0,0,0,0,0,2,1,5,2,26,6,1229,1,5,8,2,8
2018350287540,3,9,0,3,0,0,0,0,0,0,2,1,5,2,30,6,1248,2,12,9,2,9
2018350287542,1,9,0,18,0,2,0,0,0,0,1,1,5,1,22,5,1364,2,12,4,1,4
2018350287581,1,9,0,18,0,0,0,0,0,0,1,1,5,2,19,4,1242,1,15,9,2,9
2018350287581,2,9,0,3,0,0,0,0,0,0,2,1,5,1,32,6,1910,2,12,9,1,9
2018350287581,3,9,0,3,0,0,0,0,0,0,2,1,5,1,63,9,1997,2,8,3,1,3
2018350287603,1,9,0,7,0,2,0,0,0,0,1,1,6,1,-1,-1,1796,1,19,1,1,1
2018350287603,2,9,0,7,0,2,0,0,0,0,2,1,6,2,24,5,1598,1,12,2,1,2
2018350287624,1,9,0,18,0,1,0,0,0,0,3,1,6,2,-1,-1,2996,2,9,4,1,4
2018350287624,2,9,0,9,0,6,0,0,0,0,4,1,6,2,40,7,1796,1,11,5,2,5
2018350287634,1,9,0,18,0,1,0,0,0,0,1,1,6,2,38,7,2143,2,3,5,1,5
2018350287634,2,9,0,4,0,1,0,0,0,0,2,1,6,1,33,6,1896,2,16,5,3,5
2018350287634,3,9,0,4,0,1,0,0,0,0,2,1,6,2,51,8,3999,1,11,7,1,7
2018350287651,1,9,0,4,0,0,0,0,0,0,1,1,2,2,67,10,1390,1,6,9,3,9
2018350287651,2,9,0,3,0,0,0,0,0,0,2,1,1,1,31,6,1798,1,8,8,1,8
2018350287651,3,9,0,3,0,0,0,0,0,0,2,1,2,1,48,8,1685,2,5,7,1,7
2018350287651,4,9,0,3,0,0,0,0,0,0,2,1,2,1,65,9,1995,2,-1,10,2,10
2018350287734,1,21,1,18,0,0,0,0,5,0,1,1,1,1,34,6,16120,2,9,6,3,6
2018350287734,2,9,0,3,0,0,0,0,0,0,2,1,1,1,47,8,-1,-1,-1,8,1,8
2018350287818,1,9,0,9,0,6,0,0,0,0,1,1,6,2,-1,-1,1422,2,13,3,1,3
2018350287818,2,9,0,16,0,8,0,0,0,0,4,1,6,2,41,7,1499,2,1,6,1,6
2018350287840,1,9,0,10,0,0,0,0,0,0,0,1,6,1,51,8,2143,2,2,8,3,8
2018350287840,2,9,0,18,0,0,0,0,0,0,1,1,6,2,49,8,1598,2,4,6,1,6
2018350287840,3,9,0,18,0,0,0,0,0,0,1,1,6,1,68,10,4367,2,7,6,1,6
2018350287906,1,1,0,9,0,8,5,0,0,0,2,1,6,1,-1,-1,-1,-1,-1,5,1,5
2018350287906,2,1,0,18,0,8,0,0,0,0,1,1,6,2,60,9,-1,-1,-1,7,1,7
2018350287931,1,19,0,16,0,0,5,4,0,0,4,1,1,1,53,8,2143,2,8,1,1,1
2018350287931,2,9,0,2,0,0,0,0,0,0,3,1,2,1,47,8,1998,1,13,9,1,9
2018350288119,1,9,0,18,0,1,2,0,8,0,1,1,6,1,25,5,1994,1,16,-1,-1,-1
2018350288275,1,21,0,18,0,0,1,0,0,0,1,1,5,1,42,7,5132,2,-1,5,1,5
2018350288275,2,21,0,3,0,0,0,0,0,0,2,1,5,1,23,5,12740,2,5,5,-1,5
2018350288275,3,9,0,18,0,0,1,0,0,0,3,1,5,1,33,6,1900,2,14,4,1,4
2018350288275,4,9,0,18,0,0,0,0,0,0,4,1,5,1,65,9,1596,1,2,9,1,9
2018350288342,1,9,0,18,0,0,0,0,0,0,0,1,5,2,22,5,1242,1,5,2,1,2
2018350288354,1,9,0,18,0,1,0,0,0,0,1,1,6,2,-1,-1,-1,-1,-1,-1,-1,-1
2018350288354,2,1,0,18,0,6,0,0,0,0,4,1,6,1,13,3,-1,-1,-1,3,1,3
2018350288400,1,5,0,18,0,0,0,0,0,0,1,1,6,1,36,7,636,1,2,3,1,3
2018350288429,1,9,0,18,0,0,0,0,0,0,1,1,1,2,37,7,998,1,9,4,1,4
2018350288429,2,9,0,18,0,0,0,0,0,0,2,1,1,2,44,7,1798,1,10,3,1,3
2018350288438,1,9,0,1,0,0,0,0,0,0,2,1,5,2,43,7,1997,2,7,2,1,2
2018350288438,2,9,0,2,0,0,0,0,0,0,2,1,5,1,25,5,1388,1,13,4,1,4
2018350288459,1,9,0,18,0,6,0,0,0,0,1,1,1,1,18,4,-1,-1,-1,2,1,2
2018350288459,2,9,0,18,0,6,0,0,0,0,1,1,5,1,44,7,1197,1,2,1,1,1
2018350288476,1,9,0,18,0,0,0,0,0,0,1,1,2,1,32,6,1597,1,17,3,1,3
2018350289143,1,9,0,16,0,3,1,0,0,0,1,1,5,2,42,7,1995,2,8,2,1,2
2018350289214,1,9,0,18,0,1,0,0,0,0,1,1,6,2,38,7,1998,2,10,5,3,5
2018350289214,2,19,0,9,0,1,0,0,0,0,3,1,6,1,50,8,2143,2,4,6,1,6
2018350289340,1,19,0,1,0,2,0,0,0,0,2,1,6,1,-1,-1,2496,2,20,5,1,5
2018350289340,2,3,0,3,0,2,0,0,0,0,1,1,6,1,-1,-1,124,1,5,2,1,2
2018350289346,1,9,0,18,0,1,0,0,0,0,1,1,6,1,30,6,1198,1,7,2,1,2
2018350289346,2,9,0,18,0,1,0,0,0,0,1,1,6,1,65,9,-1,-1,-1,4,3,4
2018350289368,1,19,0,8,9,0,0,0,0,0,1,1,1,1,61,9,1995,2,2,4,1,4
2018350289394,1,9,0,4,0,1,0,0,0,0,3,1,6,2,32,6,1390,1,6,6,1,6
2018350289394,2,9,0,18,0,2,0,0,0,0,4,1,6,1,34,6,-1,-1,-1,3,1,3
2018350289437,1,19,0,18,0,0,5,0,1,0,1,1,6,1,22,5,1998,2,14,2,1,2
2018350289502,1,9,0,18,0,1,0,0,0,0,4,1,6,2,78,11,1197,1,1,9,3,9
2018350289579,1,9,0,18,0,6,0,0,0,0,1,1,6,1,63,9,1796,1,12,10,2,10
2018350289593,1,9,0,18,0,1,0,0,0,0,1,1,6,1,44,7,1598,2,2,2,3,2
2018350289593,2,9,0,18,0,1,0,0,0,0,1,1,6,1,51,8,1995,2,3,5,3,5
2018350289656,1,9,0,16,0,0,1,0,7,0,1,1,5,1,17,4,1390,1,12,9,2,9
2018350289674,1,9,0,16,0,0,1,0,1,0,1,1,6,1,19,4,-1,-1,-1,3,3,3
2018350289709,1,9,0,18,0,1,5,0,0,0,4,1,1,1,44,7,-1,-1,-1,10,1,10
2018350289815,1,9,0,18,0,0,1,0,1,0,1,1,5,1,33,6,1582,2,1,3,1,3
2018350289823,1,9,0,16,0,0,1,0,0,0,3,1,5,1,26,6,2000,2,8,5,3,5
2018350289823,2,9,0,17,0,0,0,0,0,0,3,1,5,2,52,8,1197,1,4,5,2,5
2018350289856,1,9,0,18,0,0,0,0,0,0,1,1,1,1,44,7,1582,2,1,7,3,7
2018350289856,2,9,0,18,0,0,2,0,1,0,2,1,6,1,52,8,1198,1,12,7,3,7
2018350289870,1,9,0,9,0,8,0,0,1,4,1,1,6,1,75,10,1968,2,2,5,1,5
2018350289905,1,9,0,17,0,0,0,0,0,0,1,1,2,1,24,5,1229,1,3,8,3,8
2018350289905,2,9,0,16,0,0,0,0,0,0,1,1,2,2,48,8,2143,2,3,9,3,9
2018350289916,1,19,0,2,0,0,0,0,0,0,3,1,1,1,43,7,1995,2,1,3,1,3
2018350289916,2,98,0,15,0,0,0,0,0,0,4,1,6,1,41,7,-1,-1,-1,-1,-1,-1
2018350289948,1,90,0,9,0,8,0,0,0,0,2,1,1,1,53,8,7698,2,1,9,3,9
2018350289994,1,9,0,18,0,0,0,0,0,0,4,1,6,3,-1,-1,-1,-1,-1,-1,-1,-1
2018350289994,2,9,0,18,0,0,0,0,0,0,3,1,5,1,34,6,1299,1,19,5,3,5
2018350290232,1,9,0,9,0,1,0,0,0,0,3,1,6,1,30,6,2148,2,10,1,1,1
2018350290232,2,9,0,18,0,1,0,0,0,0,0,1,6,1,31,6,1798,1,14,2,1,2
2018350290285,1,9,0,14,0,8,0,0,0,0,1,1,6,1,37,7,1596,1,11,6,1,6
2018350290285,2,9,0,4,0,8,0,0,0,0,1,1,6,2,34,6,1997,2,6,6,1,6
2018350290310,1,19,0,18,0,0,0,0,0,0,4,1,1,2,45,7,1968,2,4,9,3,9
2018350290314,1,9,0,17,0,0,0,0,0,0,1,1,6,2,46,8,1796,1,14,1,1,1
2018350290317,1,9,0,9,5,8,0,0,7,0,1,1,5,2,33,6,998,1,15,8,1,8
2018350290317,2,9,0,18,0,8,0,0,0,0,1,1,5,2,69,10,1386,1,11,9,2,9
2018350290329,1,98,0,18,0,0,0,0,0,0,4,1,6,3,-1,-1,-1,-1,-1,-1,-1,-1