Accident_Index,Vehicle_Reference,Vehicle_Type,Towing_and_Articulation,Vehicle_Manoeuvre,Vehicle_Location-Restricted_Lane,Junction_Location,Skidding_and_Overturning,Hit_Object_in_Carriageway,Vehicle_Leaving_Carriageway,Hit_Object_off_Carriageway,1st_Point_of_Impact,Was_Vehicle_Left_Hand_Drive?,Journey_Purpose_of_Driver,Sex_of_Driver,Age_of_Driver,Age_Band_of_Driver,Engine_Capacity_(CC),Propulsion_Code,Age_of_Vehicle,Driver_IMD_Decile,Driver_Home_Area_Type,Vehicle_IMD_Decile
2018350290329,2,1,0,18,0,0,0,0,0,0,4,1,5,1,28,6,-1,-1,-1,8,1,8
2018350290355,1,21,1,3,0,0,0,0,0,0,1,1,6,1,-1,-1,4461,2,9,9,1,9
2018350290355,2,9,0,3,0,0,0,0,0,0,2,1,6,1,46,8,1984,1,15,3,1,3
2018350290640,1,9,0,16,0,0,2,0,2,0,1,1,5,1,17,4,1598,1,7,9,3,9
2018350290921,1,5,0,16,0,0,1,0,7,0,1,1,6,1,56,9,998,1,-1,7,3,7
2018350290938,1,8,0,1,0,0,0,0,0,0,2,1,1,1,63,9,1968,2,6,3,1,3
2018350291036,1,9,0,9,0,6,0,0,0,0,3,1,6,2,-1,-1,-1,-1,-1,10,2,10
2018350291036,2,1,0,18,0,1,0,0,0,0,1,1,1,1,36,7,-1,-1,-1,10,3,10
2018350291154,1,9,0,18,0,2,1,0,0,0,1,1,5,1,21,5,1242,1,7,9,1,9
2018350291154,2,9,0,18,0,2,0,0,0,0,1,1,5,2,19,4,2993,2,6,2,1,2
2018350291154,3,9,0,18,0,2,0,0,0,0,2,1,5,1,69,10,1956,2,6,7,1,7
2018350291154,4,19,0,18,0,2,0,0,0,0,2,1,5,1,24,5,1997,2,1,5,3,5
2018350291350,1,2,0,9,0,1,0,0,0,0,1,1,6,1,17,4,50,1,2,10,1,10
2018350291350,2,9,0,4,0,2,0,0,0,0,1,1,6,1,51,8,2000,2,7,10,1,10
2018350291498,1,9,0,3,0,0,-1,0,0,0,1,1,5,1,39,7,1995,2,14,4,1,4
2018350291498,2,9,0,5,0,0,-1,0,0,0,2,1,2,1,59,9,-1,-1,-1,6,1,6
2018350291724,1,9,0,5,0,5,0,0,0,0,3,1,5,1,24,5,1968,2,2,3,3,3
2018350291724,2,4,0,18,0,1,0,0,0,0,1,1,6,1,58,9,350,1,44,4,3,4
2018350291768,1,9,0,18,0,0,1,0,1,0,1,1,5,2,18,4,-1,-1,-1,7,3,7
2018350291768,2,9,0,18,0,0,1,0,0,0,1,1,5,2,55,8,2035,1,13,4,2,4
2018350291859,1,9,0,15,0,0,0,0,0,0,0,1,6,2,48,8,1595,1,9,5,1,5
2018350291859,2,2,0,18,0,0,2,0,0,0,4,1,6,2,53,8,50,1,4,5,1,5
2018350291906,1,9,0,18,0,0,0,0,0,0,1,1,1,1,34,6,1968,2,8,3,1,3
2018350291906,2,1,0,5,0,0,0,0,0,0,1,1,4,1,13,3,-1,-1,-1,8,3,8
2018350291918,1,9,0,17,0,0,5,0,1,11,1,1,5,2,72,10,1149,1,1,10,2,10
2018350292025,1,9,0,18,0,0,5,0,1,0,-1,1,6,2,19,4,1390,1,13,4,1,4
2018350292033,1,9,0,18,0,4,0,9,3,0,1,1,6,1,22,5,-1,-1,-1,-1,-1,-1
2018350292033,2,9,0,2,0,1,0,0,0,0,0,1,1,1,-1,-1,1582,2,5,-1,-1,-1
2018350292059,1,9,0,5,5,6,0,0,0,0,1,1,6,1,66,10,1685,2,2,5,1,5
2018350292059,2,9,0,18,0,1,0,0,0,0,4,1,6,2,34,6,1596,1,14,6,1,6
2018350292086,1,1,0,18,0,0,0,0,0,0,2,1,6,1,30,6,-1,-1,-1,7,1,7
2018350292086,2,8,0,2,0,0,0,0,0,0,3,1,1,1,-1,-1,1582,2,3,-1,-1,-1
2018350292182,1,9,0,4,0,1,0,0,0,0,1,1,5,2,60,9,3456,8,8,6,1,6
2018350292182,2,1,-1,18,5,1,0,0,0,0,4,1,5,2,13,3,-1,-1,-1,2,1,2
2018350292376,1,9,0,18,0,1,1,0,0,0,1,1,5,2,33,6,1240,1,12,1,1,1
2018350292483,1,9,0,9,0,0,0,0,0,0,1,1,6,2,78,11,2995,1,13,5,3,5
2018350292483,2,1,0,18,0,0,2,0,1,0,3,1,6,1,60,9,-1,-1,-1,6,1,6
2018350292563,1,-1,0,9,0,5,0,0,0,0,4,1,6,3,-1,-1,-1,-1,-1,-1,-1,-1
2018350292563,2,1,0,18,0,1,0,0,0,0,1,1,6,2,17,4,-1,-1,-1,10,3,10
2018350292568,1,9,0,9,0,0,0,0,0,0,3,1,5,1,42,7,-1,-1,-1,5,1,5
2018350292568,2,9,0,18,0,0,0,0,0,0,1,1,1,2,57,9,-1,-1,-1,4,3,4
2018350292579,1,9,0,3,0,1,0,0,0,0,2,1,2,2,26,6,1197,1,3,10,2,10
2018350292579,2,9,0,18,0,1,0,0,0,0,1,1,6,1,28,6,1390,1,14,6,1,6
2018350292579,3,9,0,3,0,1,0,0,0,0,2,1,6,1,-1,-1,2000,2,14,5,1,5
2018350292601,1,9,0,18,0,8,0,0,0,0,0,1,6,3,-1,-1,3200,2,16,-1,-1,-1
2018350292601,2,9,0,18,0,8,0,0,3,0,4,1,5,1,37,7,1781,1,16,7,1,7
2018350292736,1,9,0,9,0,6,1,0,0,0,1,1,5,2,-1,-1,1198,1,13,4,1,4
2018350292736,2,9,0,16,0,8,0,0,0,0,3,1,5,2,42,7,-1,-1,-1,8,3,8
2018350292897,1,9,0,18,0,0,0,0,0,0,1,1,2,1,20,4,1600,1,18,6,2,6
2018350292897,2,1,0,18,0,0,0,0,0,0,2,1,5,1,24,5,-1,-1,-1,10,1,10
2018350292897,3,9,0,18,0,0,0,0,0,0,0,1,5,2,47,8,1339,1,5,9,3,9
2018350292908,1,1,0,18,0,0,0,0,0,0,1,1,4,2,13,3,-1,-1,-1,5,3,5
2018350292908,2,9,0,3,0,0,0,0,0,0,4,1,5,1,50,8,1995,1,-1,4,1,4
2018350292924,1,9,0,18,0,0,0,0,0,0,1,1,6,1,52,8,2499,2,16,1,1,1
2018350292968,1,9,0,4,0,0,0,0,0,0,1,1,6,1,84,11,1990,1,14,8,3,8
2018350292968,2,9,0,4,0,0,0,0,4,6,2,1,2,1,36,7,-1,-1,-1,5,3,5
2018350292968,3,9,0,4,0,0,0,0,0,0,2,1,2,1,47,8,1968,2,4,5,1,5
2018350292970,1,9,0,13,0,0,0,0,0,0,4,1,6,3,-1,-1,-1,-1,-1,-1,-1,-1
2018350292970,2,1,0,18,0,0,0,0,0,0,3,1,5,1,71,10,-1,-1,-1,8,1,8
2018350292997,1,9,0,18,0,1,0,0,0,0,3,1,6,1,20,4,1796,1,8,2,1,2
2018350292997,2,1,0,18,0,1,0,0,0,0,1,1,6,2,40,7,-1,-1,-1,6,1,6
2018350293001,1,9,0,18,0,0,0,0,0,0,1,1,2,1,36,7,1969,2,-1,8,-1,8
2018350293036,1,9,0,1,0,0,0,11,0,0,3,1,5,2,18,4,1198,1,12,6,2,6
2018350293114,1,9,0,6,0,0,0,0,0,0,1,1,5,2,80,11,1360,1,15,5,3,5
2018350293114,2,9,0,18,0,0,0,0,0,0,1,1,5,2,28,6,999,1,4,9,2,9
2018350293131,1,9,0,18,0,0,1,11,1,0,1,1,1,1,43,7,1596,1,19,1,1,1
2018350293211,1,9,0,18,0,8,0,0,0,0,1,1,6,3,-1,-1,1984,1,1,-1,-1,-1
2018350293211,2,1,0,9,0,8,0,0,0,0,4,1,6,1,19,4,-1,-1,-1,5,3,5
2018350293337,1,9,0,18,0,1,0,0,0,0,1,1,6,2,35,6,1870,2,13,3,1,3
2018350293384,1,9,0,18,0,0,0,0,0,0,1,1,5,1,17,4,1390,1,17,5,1,5
2018350293384,2,98,1,2,6,0,0,0,0,0,2,1,1,1,57,9,-1,-1,-1,-1,-1,-1
2018350293416,1,9,0,9,0,0,0,0,0,0,4,1,6,1,26,6,1229,1,9,1,1,1
2018350293416,2,9,0,16,0,0,0,0,0,0,1,1,6,2,35,6,1753,2,10,2,1,2
2018350293434,1,9,0,18,0,0,1,0,7,0,1,1,5,1,45,7,4600,1,40,10,2,10
2018350293443,1,9,0,13,0,0,0,0,0,0,3,1,6,1,36,7,999,1,11,10,1,10
2018350293443,2,3,0,13,0,0,0,0,7,0,4,1,6,1,18,4,-1,-1,-1,9,1,9
2018350293462,1,9,0,7,0,6,0,0,0,0,1,1,6,1,-1,-1,1984,1,16,-1,-1,-1
2018350293462,2,9,0,18,0,1,0,0,0,0,1,1,6,2,39,7,1753,2,10,5,1,5
2018350293489,1,9,0,18,0,0,0,4,0,0,1,1,6,1,35,6,1339,1,4,4,3,4
2018350293489,2,9,0,2,0,0,0,0,1,0,2,1,5,1,36,7,-1,-1,-1,-1,-1,-1
2018350293511,1,9,0,4,0,0,0,0,0,0,1,1,6,2,36,7,1870,2,8,8,1,8
2018350293511,2,1,0,18,0,0,0,0,0,0,0,1,6,1,11,3,-1,-1,-1,8,1,8
2018350293537,1,9,0,7,0,0,0,0,0,0,4,1,6,1,21,5,1198,1,8,3,1,3
2018350293630,1,5,0,18,0,0,2,0,4,0,3,1,6,1,39,7,1137,1,18,2,1,2
2018350293649,1,9,0,2,0,0,0,0,0,0,0,1,6,1,73,10,1910,2,10,7,2,7
2018350293649,2,9,0,18,0,0,0,0,0,0,3,1,6,2,36,7,1896,2,11,9,1,9
2018350293649,3,9,0,18,0,0,0,0,0,0,1,1,6,1,83,11,1498,1,1,9,1,9
2018350293649,4,9,0,18,0,0,0,0,0,0,3,1,6,2,42,7,1995,2,15,6,1,6
2018350293696,1,9,0,3,0,7,0,0,0,0,2,1,2,2,-1,-1,1560,2,4,7,1,7
2018350293696,2,5,0,3,0,7,0,0,0,0,1,1,6,1,-1,-1,847,1,1,10,2,10
2018350293701,1,9,0,18,0,0,0,0,0,0,1,1,5,2,-1,-1,-1,-1,-1,-1,-1,-1
2018350293707,1,9,0,2,0,0,0,0,0,0,3,1,6,2,57,9,1998,1,15,6,1,6
2018350293707,2,1,0,13,0,0,0,0,0,0,4,1,6,2,43,7,-1,-1,-1,10,1,10
2018350293754,1,9,0,5,0,1,0,0,0,0,1,1,5,2,17,4,-1,-1,-1,10,2,10
2018350293754,2,1,0,18,0,8,0,0,0,0,4,1,5,2,37,7,-1,-1,-1,4,1,4
2018350293776,1,5,0,13,0,0,0,0,0,0,1,1,2,1,71,10,1064,1,10,7,3,7
2018350293776,2,9,0,9,0,0,0,0,0,0,3,1,5,2,73,10,2179,2,9,7,1,7
2018350293781,1,9,0,18,0,0,0,0,0,0,3,1,6,3,-1,-1,-1,-1,-1,-1,-1,-1
2018350293793,1,9,0,17,0,0,2,0,1,4,2,1,5,1,61,9,1798,1,13,8,2,8
2018350293907,1,9,0,17,0,4,0,0,0,0,1,1,5,2,45,7,1995,2,2,4,2,4
2018350293907,2,1,0,18,0,8,0,0,0,0,1,1,6,1,54,8,-1,-1,-1,5,1,5
2018350293998,1,9,0,3,0,1,0,0,0,0,2,1,5,1,32,6,1995,2,11,1,1,1
2018350293998,2,9,0,4,0,1,0,0,0,0,1,1,5,2,81,11,1397,1,15,8,1,8
2018350294069,1,9,0,10,0,1,0,0,0,0,3,1,6,1,71,10,1998,1,16,9,3,9
2018350294069,2,9,0,18,0,1,1,0,0,0,1,1,2,1,48,8,1395,8,1,9,1,9
2018350294083,1,9,0,3,0,1,0,0,0,0,2,1,1,2,56,9,2143,2,3,5,1,5
2018350294083,2,9,0,3,0,1,0,0,0,0,1,1,6,1,-1,-1,1395,1,1,-1,-1,-1
2018350294200,1,9,0,4,0,0,0,0,0,0,1,1,6,1,34,6,1339,1,15,10,2,10
2018350294200,2,9,0,3,0,0,0,0,0,0,2,1,6,1,31,6,1493,2,11,9,1,9
2018350294200,3,9,0,3,0,0,0,0,0,0,2,1,6,1,48,8,1598,1,14,9,1,9
2018350294223,1,21,0,7,0,1,0,0,0,0,2,1,1,1,49,8,12900,2,7,7,1,7
2018350294223,2,1,0,18,0,1,0,0,0,0,1,1,1,1,21,5,-1,-1,-1,10,1,10
2018350294489,1,19,0,3,0,1,0,0,0,0,3,1,1,1,34,6,2143,2,5,2,1,2
2018350294489,2,9,0,4,0,1,0,0,0,0,3,1,5,2,26,6,1781,1,14,3,1,3
2018350294526,1,9,0,18,0,4,0,0,0,0,1,1,6,1,23,5,1956,2,7,5,1,5
2018350294526,2,1,0,18,0,4,0,0,0,0,4,1,6,2,25,5,-1,-1,-1,2,1,2
2018350294544,1,9,0,18,0,0,0,0,0,0,1,1,6,3,-1,-1,-1,-1,-1,-1,-1,-1
2018350294544,2,1,0,18,0,0,0,0,0,0,1,1,1,1,21,5,-1,-1,-1,9,1,9
2018350294576,1,4,0,5,0,0,1,0,0,0,1,1,5,1,22,5,487,1,20,3,1,3
2018350294652,1,9,0,18,0,5,0,0,0,0,1,1,1,1,59,9,-1,-1,-1,3,3,3
2018350294836,1,9,0,18,0,0,0,0,0,0,1,1,6,2,31,6,1498,1,10,2,1,2
2018350294836,2,9,0,18,0,0,0,0,0,0,1,1,5,1,24,5,1461,2,4,4,1,4
2018350294945,1,9,0,18,0,0,0,0,0,0,1,1,6,2,34,6,998,1,11,5,1,5
2018350294945,2,9,0,18,0,0,0,0,0,0,3,1,6,1,26,6,1560,2,11,5,1,5
2018350294945,3,9,0,4,0,0,0,0,0,0,2,1,6,1,34,6,1686,2,5,3,1,3
2018350295044,1,90,0,18,0,0,0,0,0,0,1,1,6,3,-1,-1,-1,-1,-1,-1,-1,-1
2018350295044,2,9,0,18,0,0,0,0,0,0,1,1,6,1,40,7,1560,2,3,5,1,5
2018350295044,3,9,0,18,0,0,0,0,0,0,1,1,6,1,-1,-1,1598,1,13,8,3,8
2018350295044,4,19,0,2,6,0,0,0,0,0,2,1,6,1,-1,-1,2148,2,9,3,1,3
2018350295044,5,9,0,2,6,0,0,0,0,0,2,1,6,1,-1,-1,4686,1,15,5,1,5
2018350295044,6,9,0,2,6,0,0,0,0,0,1,1,6,1,-1,-1,2616,1,12,10,1,10
2018350295126,1,9,0,5,0,0,0,0,0,0,1,1,5,1,19,4,1242,1,13,1,1,1
2018350295126,2,3,0,18,0,0,0,0,0,0,4,1,5,1,34,6,125,1,2,1,1,1
2018350295138,1,19,0,9,0,2,0,0,0,0,1,1,6,1,29,6,1968,2,1,3,1,3
2018350295138,2,1,0,9,0,2,0,0,0,0,2,1,6,1,62,9,-1,-1,-1,6,1,6
2018350295141,1,9,0,18,0,4,0,0,0,0,1,1,6,1,-1,-1,1995,2,11,5,1,5
2018350295141,2,9,0,3,0,4,0,0,0,0,2,1,5,1,82,11,1248,1,5,8,1,8
2018350295152,1,9,0,18,0,0,0,0,0,0,1,1,6,1,-1,-1,1149,1,13,5,1,5
2018350295152,2,9,0,4,0,0,0,0,0,0,2,1,2,2,56,9,998,1,4,6,2,6
2018350295221,1,9,0,18,0,1,0,0,0,0,1,1,6,2,37,7,1560,2,13,8,-1,8
2018350295221,2,9,0,18,0,1,0,0,0,0,2,1,2,2,20,4,999,1,2,9,1,9
2018350295276,1,9,0,18,0,0,1,0,0,0,4,1,2,1,34,6,1584,1,12,9,2,9
2018350295276,2,21,1,18,0,0,2,0,1,0,3,1,1,1,45,7,10518,2,9,4,3,4
2018350295278,1,9,0,5,0,1,0,0,7,4,3,1,6,1,47,8,1395,1,4,10,1,10
2018350295278,2,9,0,18,0,1,0,0,7,0,1,1,5,1,25,5,1997,2,11,6,3,6
2018350295303,1,9,0,18,0,1,0,0,0,0,1,1,5,2,23,5,1200,1,5,4,1,4
2018350295303,2,9,0,4,0,1,0,0,7,0,2,1,5,2,33,6,1390,1,8,2,1,2
2018350295344,1,9,0,13,0,0,0,0,0,0,0,1,2,1,27,6,1598,1,13,9,1,9
2018350295344,2,5,0,13,0,0,1,11,8,10,4,1,2,1,55,8,749,1,-1,9,1,9
2018350295344,3,98,1,18,0,0,0,0,0,0,0,1,6,3,-1,-1,-1,-1,-1,-1,-1,-1
2018350295364,1,9,0,5,0,1,0,0,0,0,1,1,5,1,36,7,1968,2,5,5,1,5
2018350295364,2,9,0,1,0,1,0,0,0,0,2,1,5,2,33,6,1598,1,9,10,1,10
2018350295450,1,9,0,18,0,0,0,0,0,0,1,1,6,1,55,8,1896,2,22,9,2,9
2018350295450,2,9,0,18,0,0,0,0,0,0,2,1,2,1,26,6,2993,2,13,10,2,10
2018350295458,1,9,0,4,0,1,0,0,0,0,1,1,6,1,-1,-1,1997,2,14,3,1,3
2018350295458,2,9,0,3,0,1,0,0,0,0,2,1,6,2,64,9,1197,1,4,8,1,8
2018350295478,1,9,0,13,0,0,0,0,0,0,1,1,5,3,-1,-1,-1,-1,-1,-1,-1,-1
2018350295478,2,1,0,18,0,0,0,0,0,0,2,1,6,1,24,5,-1,-1,-1,9,1,9
2018350295531,1,9,0,17,0,0,0,0,1,0,1,1,5,1,51,8,1461,2,9,5,1,5
2018350295531,2,9,0,2,6,0,0,0,0,0,2,1,5,3,-1,-1,1461,2,14,-1,-1,-1
2018350295534,1,9,0,9,0,1,0,0,0,0,4,1,5,1,65,9,2198,2,9,1,1,1
2018350295534,2,3,0,18,0,2,0,0,0,0,1,1,2,1,19,4,123,1,3,2,1,2
2018350295551,1,9,0,1,0,1,0,0,0,0,1,1,6,3,-1,-1,2993,2,10,-1,-1,-1
2018350295551,2,1,0,18,0,1,0,0,0,0,2,1,6,1,49,8,-1,-1,-1,3,1,3
2018350295560,1,5,0,18,0,1,0,0,7,0,4,1,6,1,58,9,1300,1,12,3,2,3
2018350295560,2,9,0,10,0,1,0,0,0,0,3,1,5,2,39,7,1560,2,8,8,1,8
2018350295612,1,9,0,5,0,5,0,0,0,0,0,1,6,1,64,9,1461,2,6,9,2,9
2018350295612,2,1,0,5,0,5,0,0,0,0,1,1,6,1,14,3,-1,-1,-1,8,2,8
2018350295615,1,9,0,9,0,0,0,0,0,0,2,1,5,1,20,4,1390,1,14,3,1,3
2018350295615,2,9,0,18,0,0,0,0,0,0,1,1,2,1,18,4,999,1,4,10,3,10
2018350295648,1,9,0,18,0,0,0,0,0,0,1,1,5,1,31,6,1598,1,17,8,2,8
2018350295648,2,1,0,18,0,0,0,0,0,0,4,1,2,1,19,4,-1,-1,-1,1,1,1
2018350295655,1,8,0,18,0,1,0,0,0,0,4,1,1,1,-1,-1,-1,-1,-1,-1,-1,-1
2018350295655,2,1,0,18,0,1,0,0,0,0,1,1,1,1,23,5,-1,-1,-1,-1,3,-1
2018350295673,1,9,0,18,0,0,2,0,1,0,1,1,2,1,25,5,1242,1,13,8,3,8
2018350295674,1,9,0,16,0,0,0,0,0,0,1,1,2,1,46,8,1992,2,11,8,3,8
2018350295674,2,9,0,17,0,0,0,0,0,0,1,1,6,1,75,10,1997,2,3,10,2,10
2018350295757,2,9,0,5,0,4,0,0,0,0,1,1,6,2,20,4,1399,2,11,4,1,4
2018350295769,1,9,4,18,0,8,1,7,0,0,4,1,5,1,77,11,2401,2,15,2,1,2
2018350295835,1,9,0,18,0,3,0,0,0,0,1,1,6,1,75,10,1422,2,14,8,3,8
2018350295835,2,9,0,18,0,3,0,0,0,0,2,1,6,2,59,9,1598,2,1,6,3,6
2018350295836,1,9,0,18,0,0,0,0,1,0,1,1,1,1,63,9,-1,-1,-1,8,2,8
2018350295855,1,9,0,18,0,0,5,0,5,6,1,1,6,1,71,10,1461,2,9,7,2,7
2018350295980,1,19,0,18,0,0,0,0,7,0,1,1,6,1,20,4,2198,2,12,9,2,9
2018350295980,2,9,0,18,0,0,0,0,1,0,1,1,6,2,68,10,1796,1,13,6,3,6
2018350295982,1,9,0,18,0,1,0,0,0,0,4,1,6,2,36,7,1598,1,10,3,1,3
2018350295998,1,9,0,18,0,0,0,0,1,0,1,1,2,2,25,5,1395,1,2,6,-1,6
2018350295998,2,9,0,18,0,0,0,0,0,0,2,1,2,1,18,4,1242,1,12,3,1,3
2018350295998,3,9,0,18,0,0,0,0,0,0,2,1,2,1,59,9,-1,-1,-1,7,3,7
2018350296006,1,19,0,16,0,1,0,0,0,0,3,1,5,1,45,7,2198,2,4,4,1,4
2018350296006,2,9,0,17,0,2,0,0,0,0,3,1,5,1,44,7,2993,2,-1,3,1,3
2018350296014,1,9,0,18,0,8,0,0,0,0,4,1,6,2,23,5,998,1,5,6,2,6
2018350296014,2,9,0,5,0,1,0,0,0,0,1,1,6,1,79,11,1795,1,18,6,3,6
2018350296045,1,9,0,14,0,8,0,0,0,0,4,1,6,1,43,7,1598,1,17,7,2,7
2018350296045,2,9,0,10,0,1,0,0,0,0,3,1,5,2,19,4,1598,1,15,8,2,8
2018350296260,1,21,1,18,0,0,0,0,0,0,4,1,6,1,58,9,12900,2,7,5,2,5
2018350296260,2,21,1,13,0,0,0,0,0,0,3,1,6,1,57,9,12809,2,2,5,3,5
2018350296446,1,9,0,18,5,0,0,0,0,0,3,1,6,1,-1,-1,2231,2,10,-1,-1,-1
2018350296446,2,1,0,4,0,0,0,0,0,0,0,1,6,1,55,8,-1,-1,-1,8,1,8
2018350296870,1,9,0,5,0,0,0,0,0,0,1,1,6,1,19,4,1360,1,14,2,1,2
2018350296872,1,9,0,18,0,0,0,0,0,0,4,1,5,1,71,10,2473,1,23,8,3,8
2018350297135,1,9,0,4,0,1,0,0,0,0,3,1,6,1,22,5,1956,2,4,5,3,5
2018350297135,2,9,0,18,0,2,0,0,0,0,3,1,5,1,22,5,1596,1,9,9,3,9
2018350297191,1,9,0,13,0,0,0,0,0,0,1,1,2,1,38,7,1997,2,6,2,1,2
2018350297191,2,9,0,4,0,0,0,0,0,0,2,1,2,1,29,6,1598,1,15,7,3,7
2018350297249,1,9,0,5,0,6,0,0,0,0,1,1,5,1,32,6,2204,2,13,5,2,5
2018350297249,2,1,0,17,0,5,0,0,0,0,4,1,5,1,63,9,-1,-1,-1,3,1,3
2018350297297,1,3,0,18,0,0,0,0,0,0,1,1,2,1,56,9,125,1,2,8,3,8
2018350297297,2,9,0,10,0,0,0,0,0,0,3,1,2,2,24,5,1560,2,3,8,2,8
2018350297341,1,9,0,5,0,3,0,0,0,0,1,1,5,1,46,8,1242,1,15,5,1,5
2018350297341,2,9,0,3,0,3,0,0,0,0,2,1,5,1,39,7,2993,2,12,4,1,4
2018350297365,1,9,0,5,0,2,0,0,0,0,1,1,5,1,77,11,1198,1,5,8,1,8
2018350297365,2,97,0,18,0,1,0,0,0,0,1,1,2,1,49,8,-1,-1,-1,10,2,10
2018350297456,1,21,1,18,0,0,0,0,0,0,1,1,1,1,62,9,12740,2,1,10,1,10
2018350297456,2,21,1,18,0,0,3,0,0,0,2,1,1,1,50,8,12419,2,4,7,1,7
2018350297456,3,98,1,18,0,0,0,0,1,0,2,1,1,1,58,9,-1,-1,-1,6,3,6
2018350297465,1,9,0,18,0,8,0,0,0,0,1,1,5,1,83,11,1991,1,17,8,3,8
2018350297465,2,9,0,18,0,8,0,0,0,0,4,1,1,1,45,7,1995,2,4,3,1,3
2018350297476,1,9,0,18,0,1,0,0,0,0,1,1,5,2,61,9,1560,2,12,4,3,4
2018350297476,2,9,0,18,0,1,0,0,0,0,2,1,5,1,69,10,1590,1,17,6,3,6
2018350297542,1,9,0,18,0,1,0,0,0,0,2,1,1,1,52,8,-1,-1,-1,8,1,8
2018350297542,2,19,0,18,0,1,0,0,0,0,1,1,1,1,30,6,1996,2,6,7,1,7
2018350297594,1,9,0,3,0,4,0,0,0,0,1,1,5,1,48,8,1198,1,14,4,1,4
2018350297594,2,1,0,18,0,3,0,0,0,0,2,1,5,1,45,7,-1,-1,-1,9,3,9
2018350297673,1,9,0,18,0,0,0,0,0,0,1,1,5,1,46,8,1956,2,5,7,1,7
2018350297673,2,1,0,18,0,0,0,0,0,0,4,1,5,2,30,6,-1,-1,-1,6,1,6
2018350297677,1,-1,0,7,0,8,0,0,0,0,4,1,6,3,-1,-1,-1,-1,-1,-1,-1,-1
2018350297677,2,1,0,18,0,8,0,0,0,0,1,1,6,1,53,8,-1,-1,-1,4,1,4
2018350297777,1,19,0,18,0,0,0,0,7,4,1,1,1,1,24,5,2499,2,3,6,3,6
2018350297783,1,9,0,17,0,0,0,0,1,11,1,1,5,1,21,5,1197,1,7,10,2,10
2018350297789,1,9,0,16,0,3,0,0,0,0,3,1,6,1,37,7,1598,2,4,6,1,6
2018350297789,2,9,0,18,0,1,0,0,0,0,3,1,6,1,47,8,1969,1,2,9,1,9
2018350297789,3,9,0,18,0,1,0,0,0,0,1,1,6,2,52,8,1499,2,-1,4,1,4
2018350297799,1,9,0,1,0,1,0,0,0,0,4,1,5,2,37,7,1984,1,1,4,1,4
2018350297799,2,9,0,4,0,1,0,0,0,0,1,1,2,1,41,7,-1,-1,-1,5,1,5
2018350297869,1,9,0,4,0,3,0,0,0,0,3,1,6,1,35,6,1618,1,3,4,2,4
2018350297869,2,9,0,13,0,3,0,0,0,0,4,1,6,1,25,5,1598,2,3,8,1,8
2018350297927,1,1,0,4,9,0,0,0,0,0,1,1,5,1,19,4,-1,-1,-1,-1,-1,-1
2018350297927,2,9,0,18,0,0,0,0,0,0,4,1,6,1,-1,-1,-1,-1,-1,-1,-1,-1
2018350297957,1,9,0,4,0,4,1,0,1,2,4,1,5,1,18,4,999,1,1,6,3,6
2018350298030,1,9,0,4,0,4,0,0,0,0,3,1,6,1,19,4,1598,1,13,9,1,9
2018350298030,2,1,0,18,0,3,0,0,0,0,1,1,6,1,22,5,-1,-1,-1,9,1,9
2018350298082,1,9,0,12,0,7,0,0,0,0,1,1,2,1,29,6,1360,1,17,7,1,7
2018350298082,2,9,0,18,0,1,0,0,0,0,4,1,2,1,40,7,1968,2,8,8,1,8
2018350298112,1,9,0,18,0,3,0,0,0,0,1,1,6,2,60,9,1364,2,10,9,1,9
2018350298112,2,9,0,18,0,4,0,0,0,0,1,1,1,1,47,8,1956,2,6,8,1,8
2018350298185,1,9,0,4,0,1,0,0,0,0,2,1,6,2,-1,-1,1596,1,9,2,1,2
2018350298185,2,9,0,3,0,1,0,0,0,0,1,1,2,2,38,7,1560,2,7,5,1,5
2018350298190,1,9,0,5,0,2,0,0,0,0,1,1,1,1,22,5,1242,1,11,10,1,10
2018350298190,2,9,0,18,0,2,0,0,7,0,2,1,3,2,18,4,1248,2,6,6,2,6
2018350298190,3,9,0,18,0,2,0,0,0,0,1,1,1,1,34,6,1598,2,2,9,-1,9
2018350298343,1,9,0,17,0,2,0,10,7,4,1,1,6,1,25,5,1910,2,14,7,1,7
2018350298343,2,9,0,17,0,2,0,0,1,0,0,1,1,1,47,8,-1,-1,-1,-1,-1,-1
2018350298429,1,9,0,16,0,8,0,0,0,0,1,1,5,1,53,8,-1,-1,-1,7,1,7
2018350298429,2,9,0,17,0,8,0,0,0,0,1,1,6,1,-1,-1,2198,1,13,-1,-1,-1
2018350298444,1,9,0,4,0,0,0,0,2,0,1,1,2,2,38,7,1596,1,7,4,1,4
2018350298444,2,9,0,3,0,0,0,0,0,0,2,1,3,2,29,6,1997,2,13,3,1,3
2018350298444,3,9,0,3,0,0,0,0,0,0,4,1,5,2,29,6,1422,2,10,3,1,3
2018350298565,1,98,0,7,4,0,0,0,0,0,4,1,6,3,-1,-1,-1,-1,-1,-1,-1,-1
2018350298565,2,23,0,18,4,0,5,0,0,0,1,1,5,1,51,8,-1,-1,-1,7,1,7
2018350298650,1,9,0,18,0,0,0,0,0,0,1,1,6,1,71,10,1995,2,2,7,3,7