Accident_Index,Vehicle_Reference,Vehicle_Type,Towing_and_Articulation,Vehicle_Manoeuvre,Vehicle_Location-Restricted_Lane,Junction_Location,Skidding_and_Overturning,Hit_Object_in_Carriageway,Vehicle_Leaving_Carriageway,Hit_Object_off_Carriageway,1st_Point_of_Impact,Was_Vehicle_Left_Hand_Drive?,Journey_Purpose_of_Driver,Sex_of_Driver,Age_of_Driver,Age_Band_of_Driver,Engine_Capacity_(CC),Propulsion_Code,Age_of_Vehicle,Driver_IMD_Decile,Driver_Home_Area_Type,Vehicle_IMD_Decile
2018350298650,2,9,0,18,0,0,0,0,0,0,1,1,6,1,77,11,1198,1,11,10,3,10
2018350298673,1,9,0,5,0,8,0,0,0,0,1,1,6,2,49,8,996,1,8,8,1,8
2018350298673,2,9,0,18,0,8,1,0,7,0,1,1,6,2,21,5,1975,1,11,10,2,10
2018350298714,1,-1,0,18,0,0,1,0,0,0,2,1,6,3,-1,-1,-1,-1,-1,-1,-1,-1
2018350298714,2,9,0,18,0,0,1,0,0,0,1,1,5,3,46,8,1461,2,2,7,1,7
2018350298714,3,9,0,18,0,0,1,0,0,0,1,1,5,1,61,9,1999,1,12,5,1,5
2018350298714,4,9,0,18,0,0,1,0,0,0,1,1,5,1,68,10,1896,2,9,8,3,8
2018350298732,1,9,0,18,0,0,0,4,0,0,1,1,6,1,-1,-1,2993,2,7,-1,-1,-1
2018350298732,2,9,0,2,0,0,0,0,0,0,2,1,6,2,58,9,1956,2,2,8,3,8
2018350298734,1,98,0,18,0,8,0,0,0,0,1,1,5,2,40,7,-1,-1,-1,8,2,8
2018350298734,2,11,0,9,0,8,0,0,0,0,1,1,1,1,34,6,9000,2,3,9,2,9
2018350298756,1,9,0,18,0,0,0,0,0,0,1,1,1,1,67,10,1364,1,11,3,1,3
2018350298756,2,1,0,18,0,0,0,0,0,0,1,1,5,1,25,5,-1,-1,-1,3,1,3
2018350298798,1,9,0,18,0,7,2,0,1,1,1,1,5,1,20,4,1461,2,3,7,1,7
2018350298798,2,9,0,18,0,7,0,0,0,0,0,1,1,1,33,6,2993,2,1,5,1,5
2018350299039,1,9,0,4,0,0,0,0,0,0,1,1,5,1,25,5,1360,1,13,6,1,6
2018350299039,2,9,0,3,0,0,0,0,0,0,2,1,5,1,33,6,1461,2,2,7,3,7
2018350299103,1,9,0,18,0,0,0,4,0,0,1,1,6,2,37,7,1248,1,9,5,2,5
2018350299103,2,9,0,2,0,0,0,0,0,0,2,1,6,3,-1,-1,-1,-1,-1,-1,-1,-1
2018350299115,1,9,0,9,0,6,0,0,0,0,1,1,6,1,-1,-1,-1,-1,-1,-1,-1,-1
2018350299115,2,1,0,18,0,8,5,0,0,0,4,1,6,1,28,6,-1,-1,-1,1,1,1
2018350299118,1,21,1,4,7,0,0,0,0,0,4,2,1,1,50,8,-1,-1,-1,-1,-1,-1
2018350299118,2,98,1,2,6,0,0,0,0,0,3,1,1,1,59,9,-1,-1,-1,3,1,3
2018350299143,1,9,0,5,0,4,0,0,0,0,3,1,5,1,44,7,1997,2,7,5,1,5
2018350299143,2,4,0,18,0,8,5,0,0,0,4,1,5,1,59,9,249,1,1,3,1,3
2018350299190,1,9,0,9,0,7,0,0,0,0,1,1,2,2,65,9,1499,2,1,3,1,3
2018350299190,2,9,0,18,0,8,0,0,0,0,4,1,2,1,41,7,2400,2,8,3,1,3
2018350299267,1,21,1,11,0,0,0,0,0,0,4,1,1,1,53,8,12900,2,7,2,1,2
2018350299267,2,9,0,18,0,0,1,0,0,0,3,1,5,1,27,6,999,1,4,3,1,3
2018350299491,1,9,0,7,0,3,0,0,0,0,4,1,6,1,67,10,1388,1,11,8,3,8
2018350299491,2,1,0,18,0,8,0,0,0,0,1,1,2,1,55,8,-1,-1,-1,7,3,7
2018350299571,1,9,0,18,0,1,0,0,0,0,1,1,6,2,-1,-1,1598,1,8,4,3,4
2018350299571,2,9,0,4,0,1,0,0,0,0,2,1,2,2,39,7,1999,1,8,4,3,4
2018350299634,1,9,0,18,0,0,0,0,0,0,1,1,5,2,36,7,1699,1,9,6,1,6
2018350299634,2,9,0,4,0,0,1,7,0,0,2,1,5,1,19,4,1984,1,10,8,1,8
2018350299823,1,1,0,4,5,1,0,0,0,0,1,1,6,1,57,9,-1,-1,-1,5,1,5
2018350299823,2,9,0,18,5,1,0,0,0,0,4,1,6,2,31,6,1560,2,5,8,3,8
2018350299851,1,98,1,18,0,0,0,0,0,0,1,1,1,1,52,8,-1,-1,-1,8,1,8
2018350299851,2,21,1,18,0,0,0,0,0,0,2,1,1,1,48,8,10837,2,1,6,1,6
2018350299995,1,1,0,18,0,2,1,0,0,0,1,1,5,2,24,5,-1,-1,-1,3,1,3
2018350299995,2,9,0,5,0,1,0,0,0,0,3,1,1,1,52,8,998,1,17,4,1,4
2018350300014,1,98,0,18,0,1,0,0,0,0,1,1,6,3,-1,-1,-1,-1,-1,-1,-1,-1
2018350300034,1,9,0,18,0,8,0,0,3,4,1,1,1,1,55,8,1584,1,12,3,1,3
2018350300034,2,9,0,18,0,8,0,0,1,0,4,1,5,1,19,4,1364,1,10,6,3,6
2018350300073,1,21,1,18,0,0,0,0,0,0,1,1,1,1,55,8,12740,2,3,5,1,5
2018350300073,2,21,0,18,0,0,0,0,0,0,2,1,1,1,40,7,-1,-1,-1,1,1,1
2018350300073,3,21,1,18,0,0,0,0,0,0,2,1,1,1,31,6,-1,-1,-1,-1,-1,-1
2018350300100,1,9,0,18,0,0,1,0,0,0,4,1,5,1,20,4,1686,2,11,9,3,9
2018350300106,1,9,0,3,0,1,0,0,0,0,1,1,2,1,28,6,1596,1,11,9,1,9
2018350300106,2,9,0,3,0,1,0,0,0,0,2,1,1,1,52,8,-1,-1,-1,6,1,6
2018350300106,3,9,0,3,0,1,0,0,0,0,2,1,2,2,29,6,1498,1,12,2,1,2
2018350300127,1,9,0,9,0,6,0,0,0,0,1,1,6,1,67,10,2354,1,14,5,3,5
2018350300127,2,9,0,18,0,8,0,0,0,0,2,1,6,1,43,7,-1,-1,-1,8,1,8
2018350300162,1,9,0,18,0,0,1,0,0,0,1,1,1,1,42,7,-1,-1,-1,8,2,8
2018350300162,2,9,0,18,0,0,0,0,0,0,2,1,1,1,42,7,-1,-1,-1,-1,-1,-1
2018350300163,1,9,0,18,0,0,0,4,0,0,1,1,5,1,30,6,1910,2,11,1,1,1
2018350300163,2,9,0,18,0,0,0,0,0,0,0,1,1,1,51,8,1997,2,1,6,1,6
2018350300163,3,98,0,18,0,0,0,0,0,0,1,1,5,1,43,7,-1,-1,-1,3,1,3
2018350300229,1,9,0,6,0,2,0,0,0,0,1,1,1,2,47,8,1461,2,2,6,1,6
2018350300229,2,1,0,9,0,5,0,0,0,0,1,1,2,1,25,5,-1,-1,-1,8,1,8
2018350300466,1,9,0,18,0,0,0,0,0,0,3,1,2,1,49,8,1749,1,16,9,3,9
2018350300466,2,9,0,18,0,0,0,0,5,0,4,1,1,1,27,6,-1,-1,-1,2,1,2
2018350300502,1,9,-1,18,0,0,0,0,0,0,1,1,6,1,21,5,1598,1,5,3,1,3
2018350300502,2,9,-1,4,0,0,0,0,0,0,2,1,6,1,22,5,-1,-1,-1,3,1,3
2018350300612,1,9,0,18,0,1,0,0,0,0,1,1,6,1,38,7,1995,2,3,5,3,5
2018350300612,2,9,0,18,0,1,0,0,0,0,3,1,6,1,66,10,999,1,-1,3,3,3
2018350300662,1,9,0,3,0,1,0,0,0,0,1,1,6,3,-1,-1,-1,-1,-1,-1,-1,-1
2018350300662,2,9,0,3,0,1,0,0,0,0,2,1,1,2,21,5,1499,2,3,4,1,4
2018350300713,1,9,0,12,0,0,1,0,1,0,1,1,5,2,27,6,1390,1,12,2,1,2
2018350300969,1,9,0,18,0,1,0,0,0,0,1,1,5,1,49,8,998,1,-1,4,3,4
2018350300969,2,5,0,18,0,1,0,0,0,0,1,1,6,1,45,7,805,1,11,4,1,4
2018350300987,1,9,0,18,0,0,0,0,0,0,3,1,6,3,-1,-1,-1,-1,-1,-1,-1,-1
2018350301003,1,9,0,18,0,0,0,0,0,0,4,1,6,1,-1,-1,-1,-1,-1,-1,-1,-1
2018350301032,1,11,0,18,0,1,0,0,0,0,4,1,5,1,57,9,6696,2,5,9,1,9
2018350301033,1,9,0,9,0,0,0,0,0,0,4,1,5,1,81,11,2204,2,13,4,1,4
2018350301033,2,1,0,18,0,0,0,0,0,0,1,1,5,2,48,8,-1,-1,-1,9,1,9
2018350301044,1,1,0,18,0,1,0,0,0,0,1,1,4,1,19,4,-1,-1,-1,7,3,7
2018350301052,1,9,0,18,0,8,0,0,0,0,1,1,6,2,55,8,1796,1,13,8,1,8
2018350301052,2,9,0,18,0,6,2,0,7,0,4,1,1,1,55,8,2720,2,11,9,1,9
2018350301060,1,9,0,5,0,4,0,0,0,0,3,1,5,1,50,8,1498,1,1,10,2,10
2018350301060,2,1,0,18,0,8,0,0,0,0,4,1,6,1,21,5,-1,-1,-1,6,1,6
2018350301101,1,9,0,4,0,1,0,0,0,0,2,1,5,1,39,7,1798,1,11,6,1,6
2018350301101,2,9,0,18,0,1,0,0,0,0,1,1,5,2,39,7,1997,2,4,10,1,10
2018350301126,1,9,0,4,0,8,0,0,0,0,1,1,1,1,-1,-1,1368,1,14,-1,-1,-1
2018350301133,1,9,0,18,0,0,0,0,0,0,1,1,6,1,-1,-1,1896,2,9,5,3,5
2018350301133,2,9,0,3,0,0,0,0,0,0,2,1,6,1,34,6,1560,2,4,1,1,1
2018350301144,1,-1,0,4,0,0,0,0,0,0,1,1,6,3,-1,-1,-1,-1,-1,-1,-1,-1
2018350301144,2,1,0,18,0,0,0,0,0,0,3,1,4,2,12,3,-1,-1,-1,1,1,1
2018350301190,1,9,0,18,0,4,0,0,0,0,1,1,2,1,28,6,2199,2,6,7,1,7
2018350301190,2,9,0,18,0,8,0,0,0,0,2,1,2,2,27,6,1198,1,3,10,2,10
2018350301236,1,9,0,18,0,0,0,0,0,0,1,1,6,2,70,10,1560,2,6,1,1,1
2018350301236,2,9,0,2,0,0,0,0,0,0,4,1,6,2,69,10,999,1,4,-1,-1,-1
2018350301259,1,8,0,18,0,0,0,0,1,0,1,1,5,1,57,9,2776,2,2,3,1,3
2018350301259,2,9,0,3,0,0,0,0,0,0,2,1,1,1,45,7,998,1,2,5,2,5
2018350301259,3,9,0,3,0,0,0,0,0,0,2,1,2,1,70,10,1896,2,14,5,1,5
2018350301259,4,9,0,18,0,0,0,0,1,0,0,1,5,2,39,7,1388,1,5,6,2,6
2018350301344,1,9,0,18,0,0,0,0,0,0,1,1,2,1,26,6,999,1,-1,2,1,2
2018350301344,2,9,0,18,0,0,0,0,0,0,2,1,1,1,40,7,-1,-1,-1,4,1,4
2018350301344,3,9,0,18,0,0,0,0,0,0,2,1,2,2,20,4,-1,-1,-1,6,1,6
2018350301344,4,9,0,18,0,0,0,0,0,0,1,1,2,1,44,7,1499,1,-1,6,1,6
2018350301392,1,11,0,4,0,0,0,0,0,0,1,1,1,1,53,8,6700,2,2,8,1,8
2018350301488,1,9,0,18,9,0,0,0,0,0,1,1,6,3,-1,-1,2987,2,11,4,3,4
2018350301488,2,1,0,18,9,0,0,0,0,0,4,1,6,2,8,2,-1,-1,-1,4,3,4
2018350301519,1,9,0,13,0,0,0,0,0,0,4,1,6,1,83,11,1598,1,10,6,1,6
2018350301519,2,1,0,18,0,0,0,0,0,0,3,1,6,1,20,4,-1,-1,-1,7,1,7
2018350301526,1,9,0,18,0,0,0,0,0,0,1,1,6,1,48,8,2179,2,3,8,3,8
2018350301526,2,9,0,18,0,0,0,0,0,0,2,1,6,2,44,7,1560,2,4,8,1,8
2018350301604,1,21,0,18,0,0,0,0,0,0,1,1,5,1,35,6,9290,2,3,7,1,7
2018350301604,2,9,0,18,0,0,0,0,0,0,2,1,5,1,42,7,1560,2,4,9,3,9
2018350301604,3,9,0,18,0,0,1,0,0,0,2,1,5,1,32,6,1398,1,1,4,1,4
2018350301604,4,9,0,18,0,0,1,0,0,0,2,1,5,1,60,9,1997,2,3,7,3,7
2018350301604,5,19,0,18,0,0,0,0,0,0,2,1,5,1,62,9,2143,2,6,4,1,4
2018350301604,6,19,0,18,0,0,1,0,0,0,2,1,1,1,49,8,2143,2,1,7,1,7
2018350301604,7,20,0,18,0,0,1,0,0,0,2,1,1,1,29,6,2998,2,2,7,1,7
2018350301808,1,3,0,18,0,0,0,0,0,0,3,1,5,1,30,6,125,1,5,10,2,10
2018350301808,2,9,0,11,0,0,0,0,0,0,4,1,6,1,69,10,1956,2,3,9,3,9
2018350301816,1,9,0,18,0,0,2,0,1,9,1,1,5,2,40,7,1299,1,10,1,1,1
2018350301826,1,9,0,18,0,0,0,0,0,0,1,1,6,1,-1,-1,1997,2,10,-1,-1,-1
2018350301826,2,9,0,18,0,0,0,0,0,0,1,1,6,1,51,8,1560,2,4,9,1,9
2018350301928,1,9,0,9,0,1,0,0,0,0,1,1,5,2,42,7,1242,1,10,9,1,9
2018350301928,2,9,0,18,0,1,0,0,0,0,1,1,1,1,61,9,1968,2,3,6,2,6
2018350301928,3,9,0,3,0,1,0,0,0,0,3,1,2,1,40,7,1968,2,1,10,2,10
2018350301932,1,9,0,4,0,0,0,0,0,0,4,1,5,2,44,7,2494,1,15,9,1,9
2018350301932,2,1,0,18,9,0,0,0,0,0,1,1,5,1,10,2,-1,-1,-1,6,1,6
2018350301942,1,9,0,18,0,0,0,0,0,0,1,1,2,1,50,8,1997,2,5,6,2,6
2018350301942,2,9,0,18,0,0,0,0,0,0,2,1,2,1,28,6,1910,2,12,8,3,8
2018350301960,1,9,0,9,0,1,0,0,0,0,3,1,6,1,46,8,1798,8,1,9,1,9
2018350301960,2,1,0,18,0,1,0,0,0,0,4,1,6,3,-1,-1,-1,-1,-1,-1,-1,-1
2018350301964,1,9,0,4,0,1,0,0,0,0,1,1,5,1,29,6,2926,2,16,4,3,4
2018350301964,2,9,0,2,0,1,0,0,0,0,1,1,2,2,47,8,1390,1,15,2,1,2
2018350301964,3,9,0,2,0,1,0,0,0,0,2,1,2,2,34,6,1596,1,6,5,1,5
2018350302187,1,9,0,18,0,0,0,0,0,0,4,1,5,1,26,6,1242,1,13,2,1,2
2018350302187,2,1,0,18,0,0,1,0,0,0,4,1,6,1,35,6,-1,-1,-1,5,1,5
2018350302529,1,9,0,3,0,4,0,0,0,0,1,1,6,2,27,6,1229,1,11,5,1,5
2018350302529,2,9,0,3,0,4,0,0,0,0,2,1,5,2,43,7,998,1,14,4,1,4
2018350302723,1,8,0,18,0,1,0,0,0,0,4,1,6,3,-1,-1,-1,-1,-1,-1,-1,-1
2018350302723,2,1,0,18,0,1,0,0,1,0,3,1,6,1,18,4,-1,-1,-1,7,1,7
2018350302775,1,9,0,5,0,1,0,0,0,0,1,1,6,1,-1,-1,1198,1,14,2,1,2
2018350302775,2,9,0,10,0,1,0,0,0,0,2,1,6,2,25,5,1498,1,-1,5,1,5
2018350302998,1,9,0,18,0,0,0,0,0,0,1,1,6,1,63,9,2993,2,2,7,3,7
2018350302998,2,1,0,18,0,0,0,0,0,0,2,1,6,2,35,6,-1,-1,-1,7,-1,7
2018350303013,1,9,0,18,0,1,1,0,7,7,1,1,6,2,22,5,1493,1,20,8,1,8
2018350303158,1,9,0,18,0,0,0,0,0,0,3,1,3,3,-1,-1,2143,2,2,-1,-1,-1
2018350303193,1,9,0,18,0,1,0,0,0,0,1,1,6,1,-1,-1,1299,1,12,1,1,1
2018350303193,2,9,0,3,0,1,0,0,0,0,2,1,5,1,38,7,1398,1,2,5,3,5
2018350303200,1,5,0,18,0,0,5,4,2,0,1,1,5,1,60,9,781,1,16,10,3,10
2018350303200,2,9,0,3,0,0,1,0,0,0,2,1,6,1,35,6,998,1,13,2,1,2
2018350303200,3,9,0,3,0,0,0,0,0,0,2,1,6,1,25,5,1995,2,4,10,2,10
2018350303200,4,9,0,18,0,0,0,0,0,0,3,1,6,1,74,10,999,1,2,9,1,9
2018350303267,1,9,0,4,0,0,0,10,1,0,1,1,1,1,44,7,1398,2,13,2,1,2
2018350303293,1,11,0,4,0,1,0,0,0,0,1,1,5,1,55,8,7300,2,6,8,3,8
2018350303293,2,9,0,4,0,1,0,0,0,0,2,1,2,2,39,7,1240,1,13,6,2,6
2018350303293,3,9,0,4,0,1,0,0,0,0,2,1,1,1,59,9,1997,8,5,10,1,10
2018350303341,1,3,0,4,0,0,0,0,0,0,1,1,2,1,20,4,125,1,1,8,-1,8
2018350303341,2,9,0,4,0,0,0,0,0,0,2,1,2,1,64,9,1999,2,3,10,1,10
2018350303389,1,23,0,14,0,0,0,4,0,0,1,1,5,1,16,4,-1,-1,-1,8,1,8
2018350303389,2,9,0,2,0,0,0,0,0,0,2,1,1,2,-1,-1,1968,2,1,-1,-1,-1
2018350303439,1,9,0,15,0,1,0,4,0,0,1,1,5,2,29,6,1598,1,8,8,3,8
2018350303439,2,9,0,2,0,1,0,0,1,10,2,1,5,1,36,7,-1,-1,-1,10,1,10
2018350303464,1,1,0,18,0,0,0,0,0,0,1,1,6,1,-1,-1,-1,-1,-1,-1,-1,-1
2018350303469,1,3,0,18,0,1,0,10,1,0,1,1,5,1,17,4,124,1,-1,9,3,9
2018350303469,2,9,0,9,0,6,0,0,0,0,0,1,6,3,-1,-1,-1,-1,-1,-1,-1,-1
2018350303546,1,9,0,5,0,6,0,0,0,0,1,1,5,1,19,4,1398,1,15,2,1,2
2018350303546,2,9,0,18,0,8,0,0,0,0,4,1,5,1,20,4,-1,-1,-1,2,1,2
2018350303546,3,9,0,2,6,1,0,0,0,0,2,1,6,3,-1,-1,2171,1,15,-1,-1,-1
2018350303546,4,9,0,2,6,2,0,0,0,0,2,1,6,3,-1,-1,1910,2,11,-1,-1,-1
2018350303592,1,9,0,5,0,0,0,0,0,0,1,1,6,1,49,8,-1,-1,-1,1,1,1
2018350303697,1,9,0,8,0,4,0,0,0,0,1,1,6,1,-1,-1,-1,-1,-1,-1,-1,-1
2018350303697,2,1,0,18,0,4,0,0,0,0,4,1,2,2,44,7,-1,-1,-1,7,1,7
2018350303748,1,9,0,18,0,0,1,0,0,0,1,1,6,1,24,5,1781,1,20,5,1,5
2018350303748,2,9,0,2,0,0,1,0,1,0,1,1,6,1,-1,-1,1598,2,3,3,1,3
2018350303899,1,9,0,18,0,0,0,0,0,0,0,1,6,3,-1,-1,-1,-1,-1,-1,-1,-1
2018350303899,2,1,0,18,0,0,0,0,0,0,4,1,4,1,15,3,-1,-1,-1,8,3,8
2018350303915,1,9,0,9,0,1,0,0,0,0,3,1,5,2,47,8,1461,2,7,7,1,7
2018350303915,2,1,0,18,5,8,1,0,0,0,4,1,5,2,67,10,-1,-1,-1,7,1,7
2018350303955,1,9,0,18,0,4,0,0,0,0,1,1,6,2,49,8,1984,1,8,9,3,9
2018350303955,2,9,0,9,0,4,1,0,1,1,4,1,6,2,23,5,1991,2,13,6,-1,6
2018350303956,1,9,0,18,0,4,0,0,0,0,3,1,2,2,43,7,1398,1,1,7,1,7
2018350303956,2,1,0,9,0,4,0,0,0,0,1,1,2,2,34,6,-1,-1,-1,9,1,9
2018350303990,1,97,0,15,0,0,0,0,0,0,1,1,6,3,-1,-1,-1,-1,-1,-1,-1,-1
2018350303990,2,1,0,18,0,0,0,0,0,0,2,1,5,2,56,9,-1,-1,-1,9,3,9
2018350304018,1,9,0,12,0,8,0,0,0,0,0,1,6,3,-1,-1,-1,-1,-1,-1,-1,-1
2018350304018,2,5,0,18,0,8,0,0,0,0,0,1,5,1,52,8,636,1,15,8,2,8
2018350304470,1,9,0,4,0,1,2,0,0,0,1,1,6,2,18,4,1229,1,6,8,2,8
2018350304470,2,9,0,3,0,1,0,0,0,0,2,1,5,2,37,7,1598,2,1,4,3,4
2018350304470,3,9,0,3,0,1,0,0,0,0,2,1,5,1,-1,-1,1598,2,6,6,2,6
2018350304647,1,9,0,18,0,0,0,0,0,0,1,1,6,1,-1,-1,-1,-1,-1,2,1,2
2018350304647,2,9,0,4,0,0,0,0,0,0,2,1,6,2,40,7,-1,-1,-1,8,-1,8
2018350304678,1,9,0,18,0,4,2,10,1,0,1,1,5,2,29,6,1587,1,14,10,2,10
2018350304772,1,9,0,1,0,0,0,0,0,0,2,1,5,1,37,7,1968,2,8,1,1,1
2018350304772,2,1,0,18,0,0,0,0,0,0,1,1,5,1,13,3,-1,-1,-1,1,1,1
2018350304783,1,9,0,18,0,3,0,0,0,0,1,1,5,1,43,7,1242,1,8,6,1,6
2018350304783,2,9,0,18,0,3,0,0,0,0,3,1,2,1,29,6,1598,1,14,2,1,2
2018350304857,1,9,0,18,0,6,0,0,0,0,1,1,6,1,34,6,1870,2,11,3,1,3
2018350304857,2,9,0,2,0,1,0,0,0,0,1,1,6,1,23,5,1753,2,8,2,1,2
2018350304895,1,98,0,18,0,0,0,0,7,0,1,1,6,3,-1,-1,-1,-1,-1,-1,-1,-1
2018350304895,2,1,0,18,9,0,0,0,0,0,2,1,5,1,9,2,-1,-1,-1,5,3,5
2018350304960,1,9,0,2,6,0,0,0,0,0,3,1,6,2,-1,-1,1598,1,9,-1,-1,-1
2018350304960,2,1,0,18,0,0,0,4,0,0,1,1,2,1,49,8,-1,-1,-1,6,2,6
2018350304961,1,11,0,18,0,0,0,11,0,0,1,1,3,1,-1,-1,9600,2,20,5,3,5
2018350305035,1,9,0,18,0,0,5,0,2,10,4,1,3,2,73,10,998,1,4,7,2,7
2018350305058,1,9,0,4,0,0,0,0,0,0,2,1,5,1,19,4,1598,1,13,4,2,4
2018350305058,2,9,0,18,0,0,0,0,0,0,1,1,5,1,72,10,1951,2,14,6,1,6
2018350305116,1,9,0,17,0,0,0,0,0,0,1,1,6,2,44,7,1242,1,4,6,2,6
2018350305116,2,9,0,16,0,0,0,0,0,0,1,1,6,2,47,8,1997,2,7,6,3,6
2018350305125,1,9,0,18,0,0,0,10,1,11,3,1,6,2,49,8,1598,1,11,8,1,8
2018350305136,1,9,0,18,0,0,0,0,0,0,1,1,2,2,26,6,1388,1,9,6,2,6
2018350305136,2,9,0,4,0,0,0,0,0,0,2,1,6,1,37,7,1968,2,2,2,1,2
2018350305136,3,9,0,4,0,0,0,0,0,0,2,1,6,2,50,8,1197,1,2,7,2,7
2018350305136,4,9,0,4,0,0,0,0,0,0,2,1,6,1,21,5,1197,1,1,10,2,10
2018350305136,5,9,0,4,0,0,0,0,0,0,2,1,6,1,47,8,1598,1,12,2,1,2
2018350305169,1,9,0,17,0,0,1,0,1,0,1,1,2,1,23,5,-1,-1,-1,6,1,6
2018350305176,1,9,0,16,0,0,0,0,0,0,1,1,5,2,28,6,1587,1,14,8,2,8
2018350305176,2,9,0,17,0,0,0,0,0,0,1,1,5,1,69,10,1598,1,11,2,1,2
2018350305292,1,9,0,18,0,4,0,0,0,0,1,1,5,2,24,5,1896,2,11,7,1,7
2018350305292,2,9,0,18,0,4,1,0,0,0,2,1,5,2,22,5,1598,2,1,2,1,2
2018350305381,1,9,0,9,0,8,0,0,0,0,1,1,6,2,-1,-1,-1,-1,-1,-1,-1,-1
2018350305381,2,1,0,18,0,8,0,0,0,0,1,1,6,2,25,5,-1,-1,-1,9,1,9
2018350305387,1,9,0,18,0,0,0,0,0,0,4,1,1,1,37,7,1686,2,15,1,1,1
2018350305387,2,1,0,18,0,0,0,0,1,0,3,1,5,1,37,7,-1,-1,-1,8,1,8
2018350305483,1,1,0,18,0,0,0,0,0,0,1,1,5,1,20,4,-1,-1,-1,8,1,8
2018350305483,2,19,0,2,0,0,0,0,0,0,2,1,5,3,-1,-1,2148,2,8,-1,-1,-1
2018350305658,1,9,0,7,0,8,0,0,7,1,1,1,6,2,25,5,1198,1,6,1,1,1
2018350305747,1,21,4,18,0,0,0,0,0,0,1,1,1,1,58,9,5861,2,25,6,3,6
2018350305747,2,17,0,2,0,0,0,0,0,0,3,1,6,3,-1,-1,-1,-1,-1,-1,-1,-1
2018350305799,1,9,0,18,0,0,0,4,0,0,1,1,6,1,-1,-1,1995,2,4,-1,-1,-1
2018350305799,2,9,0,2,0,0,0,0,0,0,2,1,2,1,26,6,-1,-1,-1,7,1,7
2018350305799,3,19,0,3,0,0,0,0,0,0,2,1,2,1,52,8,1896,2,14,1,1,1
2018350305799,4,9,0,2,0,0,0,0,0,0,3,1,2,1,-1,-1,1986,2,11,5,2,5
2018350305823,1,9,0,18,0,8,0,0,0,0,3,1,5,2,52,8,1388,1,12,7,2,7
2018350305829,1,9,0,9,0,8,0,0,0,0,4,1,5,2,58,9,1195,1,21,9,3,9
2018350305829,2,1,0,18,0,8,5,0,0,0,1,1,5,1,51,8,-1,-1,-1,8,1,8
2018350305849,1,3,0,15,0,1,0,0,0,0,1,1,2,1,27,6,124,1,-1,7,3,7
2018350305849,2,9,0,9,0,5,0,0,0,0,4,1,5,1,29,6,1582,2,7,6,3,6
2018350305901,1,19,0,5,0,5,2,0,3,0,4,1,1,1,56,9,1598,2,1,8,2,8
2018350305901,2,9,0,18,0,1,1,0,0,0,1,1,1,2,50,8,1997,2,2,5,1,5
2018350305917,1,9,0,18,0,0,2,0,1,0,1,1,5,2,23,5,1390,1,11,3,1,3
2018350305917,2,9,0,18,0,0,0,0,0,0,1,1,5,2,25,5,-1,-1,-1,7,2,7
2018350305965,1,5,0,13,0,0,0,0,0,0,3,1,5,1,46,8,599,1,20,5,1,5
2018350305965,2,9,0,18,0,0,0,0,0,0,3,1,5,1,27,6,2179,2,4,9,1,9
2018350305972,1,3,0,18,0,0,5,0,0,0,3,1,6,1,22,5,125,1,-1,7,3,7
2018350305989,1,9,0,4,0,0,0,0,0,0,1,1,6,1,43,7,1591,1,2,10,1,10
2018350305989,2,19,0,4,0,0,0,0,0,0,2,1,6,1,-1,-1,1248,2,1,1,1,1
2018350305989,3,9,0,4,0,0,0,0,0,0,1,1,6,1,48,8,999,1,14,2,1,2
2018350305989,4,9,0,4,0,0,0,0,0,0,1,1,6,2,55,8,998,1,11,2,1,2
2018350306017,1,9,0,5,0,8,0,0,0,0,1,1,1,2,29,6,1685,2,2,4,3,4
2018350306017,2,5,0,18,0,1,0,0,0,0,1,1,1,1,49,8,-1,-1,-1,4,1,4
2018350306068,1,9,-1,-1,-1,-1,-1,-1,-1,0,-1,1,6,1,38,7,-1,-1,-1,2,1,2
2018350306068,2,1,-1,-1,-1,-1,-1,-1,-1,0,-1,1,2,1,42,7,-1,-1,-1,1,1,1
2018350306077,1,11,0,18,3,0,0,0,0,0,4,1,1,1,74,10,7300,2,6,5,1,5
2018350306088,1,9,0,5,0,0,0,0,0,0,3,1,1,1,30,6,1582,2,4,6,1,6
2018350306088,2,9,0,18,0,0,0,0,0,0,4,1,2,1,36,7,-1,-1,-1,6,1,6
2018350306129,1,9,0,3,0,1,0,0,0,0,4,1,5,1,-1,-1,1395,1,3,2,1,2
2018350306129,2,9,0,3,0,1,0,0,0,0,1,1,5,1,24,5,-1,-1,-1,6,1,6
2018350306129,3,9,0,3,0,1,0,0,0,0,1,1,5,2,42,7,1997,2,5,8,3,8
2018350306129,4,9,0,3,0,1,0,0,0,0,2,1,5,3,55,8,2000,1,14,10,1,10
2018350306129,5,9,0,3,0,1,0,0,0,0,2,1,5,1,40,7,1598,1,14,4,1,4
2018350306129,6,9,0,3,0,1,0,0,0,0,1,1,5,1,41,7,1560,2,2,6,1,6
2018350306147,1,19,0,18,0,0,0,0,7,0,1,1,6,1,48,8,2402,2,16,3,1,3
2018350306147,2,9,0,18,0,0,0,0,0,0,1,1,5,1,85,11,-1,-1,-1,4,3,4
2018350306147,3,9,0,18,0,0,0,0,0,0,1,1,6,1,44,7,1968,2,7,7,2,7
2018350306195,1,9,0,9,0,8,0,0,0,0,4,1,6,1,29,6,1968,2,9,3,1,3