Accident_Index,Vehicle_Reference,Vehicle_Type,Towing_and_Articulation,Vehicle_Manoeuvre,Vehicle_Location-Restricted_Lane,Junction_Location,Skidding_and_Overturning,Hit_Object_in_Carriageway,Vehicle_Leaving_Carriageway,Hit_Object_off_Carriageway,1st_Point_of_Impact,Was_Vehicle_Left_Hand_Drive?,Journey_Purpose_of_Driver,Sex_of_Driver,Age_of_Driver,Age_Band_of_Driver,Engine_Capacity_(CC),Propulsion_Code,Age_of_Vehicle,Driver_IMD_Decile,Driver_Home_Area_Type,Vehicle_IMD_Decile
2018350306195,2,1,0,18,0,8,0,0,0,0,1,1,5,2,26,6,-1,-1,-1,8,1,8
2018350306211,1,9,0,17,0,0,2,0,1,0,3,1,2,1,32,6,1364,1,10,5,1,5
2018350306211,2,21,1,16,0,0,1,0,7,0,1,1,1,1,33,6,12777,2,3,6,3,6
2018350306437,1,9,0,18,0,7,1,0,0,0,1,1,1,1,29,6,1242,1,8,4,1,4
2018350306437,2,9,0,3,0,7,0,0,0,0,2,1,1,2,37,7,1422,2,10,10,2,10
2018350306519,1,9,0,18,0,1,0,9,8,0,1,1,5,1,29,6,1200,1,2,5,1,5
2018350306634,1,3,0,18,0,8,0,0,0,0,1,1,6,2,20,4,125,1,6,6,3,6
2018350306649,1,9,0,18,0,1,0,0,0,0,1,1,3,2,57,9,1200,1,3,6,2,6
2018350306649,2,9,0,3,0,1,0,0,0,0,2,1,5,2,45,7,1968,2,6,6,2,6
2018350306655,1,1,0,18,0,1,0,0,0,0,1,1,5,1,24,5,-1,-1,-1,-1,-1,-1
2018350306655,2,9,0,4,0,1,0,0,0,0,1,1,5,1,68,10,-1,-1,-1,10,2,10
2018350306682,1,9,0,18,0,0,5,4,0,0,3,1,5,1,76,11,3969,1,20,5,1,5
2018350306682,2,9,0,2,0,0,0,0,0,0,3,1,5,2,40,7,1968,2,3,-1,-1,-1
2018350306967,1,9,0,7,0,8,0,0,0,0,3,1,2,2,60,9,1595,1,16,4,3,4
2018350306967,2,1,0,18,0,8,0,0,0,0,1,1,2,1,44,7,-1,-1,-1,6,3,6
2018350307091,1,9,0,17,0,1,2,0,1,9,4,1,2,1,20,4,1900,2,18,-1,-1,-1
2018350307103,1,9,0,9,0,6,0,0,0,0,1,1,3,2,42,7,1995,2,6,9,2,9
2018350307103,2,9,0,18,0,1,0,0,0,0,1,1,6,1,45,7,-1,-1,-1,9,-1,9
2018350307118,1,9,0,5,0,0,0,0,0,0,1,1,5,1,78,11,1598,1,17,8,1,8
2018350307118,2,9,0,5,0,0,0,0,0,0,2,1,5,2,30,6,1560,2,9,7,2,7
2018350307118,3,9,-1,-1,-1,0,-1,-1,-1,0,-1,1,6,1,30,6,1598,1,4,6,1,6
2018350307127,1,9,0,4,0,1,0,0,0,0,1,1,6,1,28,6,1598,1,17,6,1,6
2018350307127,2,9,0,18,0,1,0,0,7,0,1,1,6,1,23,5,1390,1,9,6,3,6
2018350307190,1,9,0,18,0,0,0,0,0,0,1,1,5,1,49,8,3960,1,19,3,1,3
2018350307190,2,9,0,3,0,0,0,0,1,0,1,1,5,1,55,8,1248,2,7,3,3,3
2018350307190,3,9,0,18,0,0,0,0,0,0,2,1,5,1,52,8,1995,2,4,10,1,10
2018350307270,1,9,0,12,0,0,1,0,0,0,1,1,5,1,19,4,-1,-1,-1,-1,-1,-1
2018350307387,1,9,0,5,0,2,0,0,0,0,1,1,6,1,58,9,1997,2,12,3,1,3
2018350307417,1,9,0,2,0,2,0,0,0,0,3,1,6,2,-1,-1,1422,2,17,1,1,1
2018350307417,2,1,0,18,0,1,0,0,0,0,1,1,5,1,27,6,-1,-1,-1,3,1,3
2018350307459,1,9,0,17,5,0,0,0,1,0,4,1,6,1,69,10,1968,2,6,10,1,10
2018350307459,2,1,0,16,5,0,0,0,0,0,3,1,6,2,32,6,-1,-1,-1,8,1,8
2018350307493,1,9,0,17,0,0,0,0,0,0,1,1,5,2,31,6,973,1,17,2,1,2
2018350307493,2,9,0,17,0,0,0,0,0,0,2,1,5,1,33,6,1968,2,10,4,1,4
2018350307512,1,9,0,4,0,0,0,0,0,0,1,1,6,2,23,5,1991,2,7,5,3,5
2018350307512,2,9,0,4,0,0,0,0,0,0,2,1,5,2,40,7,1968,2,8,7,1,7
2018350307535,1,9,4,5,8,0,5,0,1,0,2,1,1,1,60,9,2494,2,5,9,3,9
2018350307535,2,19,0,18,0,0,0,0,0,0,1,1,1,1,58,9,1968,2,11,5,1,5
2018350307558,1,19,0,9,0,2,0,0,0,0,0,1,6,1,52,8,1995,2,11,4,3,4
2018350307558,2,9,0,18,0,1,1,0,1,0,1,1,6,2,51,8,1388,1,10,5,3,5
2018350307559,1,9,0,18,0,0,0,0,1,7,1,1,6,1,48,8,2993,2,-1,8,1,8
2018350307559,2,9,0,18,0,0,0,0,0,0,2,1,6,1,56,9,2179,2,10,9,1,9
2018350307623,1,9,0,10,0,1,0,0,0,0,1,1,6,1,38,7,1086,1,7,5,2,5
2018350307623,2,9,0,10,0,1,0,0,0,0,2,1,6,1,20,4,1395,1,-1,4,3,4
2018350307649,1,9,0,18,0,8,1,0,0,0,1,1,6,1,50,8,2488,2,9,4,3,4
2018350307649,2,19,0,10,0,1,0,0,0,0,1,1,1,1,43,7,2198,2,5,5,3,5
2018350307681,1,9,0,18,0,0,0,0,0,0,1,1,6,3,-1,-1,999,1,3,-1,-1,-1
2018350307681,2,9,0,8,0,0,0,0,0,0,2,1,6,2,36,7,1956,2,5,2,1,2
2018350307722,1,9,0,8,0,4,0,0,0,0,1,1,5,2,28,6,1984,1,10,5,1,5
2018350307722,2,9,0,3,0,4,0,0,0,0,2,1,1,1,36,7,998,1,2,9,1,9
2018350307744,1,9,0,17,0,0,0,0,0,0,4,1,6,1,28,6,2324,1,16,6,1,6
2018350307819,1,9,0,18,0,0,0,0,0,0,4,1,6,2,75,10,1998,1,13,6,2,6
2018350307884,1,9,0,18,0,0,5,0,0,0,3,1,5,2,48,8,2191,2,4,9,2,9
2018350307884,2,9,0,5,0,0,0,0,3,0,1,1,5,1,67,10,2143,2,7,7,2,7
2018350307927,1,9,0,18,0,0,0,0,0,0,1,1,5,1,37,7,1997,2,10,7,1,7
2018350307927,2,9,0,18,0,0,0,0,0,0,1,1,5,1,48,8,1969,2,3,8,1,8
2018350307927,3,98,0,18,0,0,0,0,0,0,2,1,5,1,30,6,-1,-1,-1,10,1,10
2018350307931,1,1,0,18,0,0,0,0,0,0,1,1,2,2,35,6,-1,-1,-1,7,3,7
2018350307931,2,9,0,18,0,0,0,0,1,1,3,1,2,1,49,8,-1,-1,-1,6,2,6
2018350307954,1,9,0,9,0,6,0,0,0,0,1,1,6,1,87,11,1591,1,6,8,3,8
2018350307954,2,1,0,17,0,8,0,0,0,0,3,1,6,2,30,6,-1,-1,-1,8,1,8
2018350307999,1,9,0,18,0,0,0,0,0,0,1,1,5,1,35,6,1405,1,13,8,3,8
2018350307999,2,9,0,18,0,0,0,0,0,0,2,1,5,1,66,10,1422,2,15,6,3,6
2018350308019,1,9,0,18,0,8,0,0,0,0,3,1,5,2,71,10,2198,1,15,9,3,9
2018350308019,2,9,0,18,0,8,0,0,0,0,1,1,2,2,34,6,1197,1,6,4,1,4
2018350308025,1,19,0,5,0,6,0,0,0,0,4,1,1,2,34,6,2148,2,9,9,1,9
2018350308025,2,1,0,18,0,8,0,0,0,0,1,1,2,2,36,7,-1,-1,-1,9,1,9
2018350308031,1,9,0,18,0,1,0,0,0,0,1,1,6,1,40,7,1997,2,3,5,1,5
2018350308031,2,23,0,10,0,8,0,0,0,0,2,1,6,2,64,9,-1,-1,-1,5,1,5
2018350308052,1,9,0,18,0,1,0,0,0,0,1,1,6,3,-1,-1,-1,-1,-1,-1,-1,-1
2018350308052,2,9,0,8,0,1,0,0,0,0,2,1,5,2,24,5,998,1,12,1,1,1
2018350308157,1,9,0,9,0,2,0,0,0,0,2,1,5,2,68,10,1197,1,3,2,1,2
2018350308157,2,9,0,18,0,1,0,0,0,0,1,1,5,1,19,4,1360,1,11,6,1,6
2018350308193,1,9,0,18,0,2,0,0,3,1,1,1,6,1,30,6,1242,1,9,8,2,8
2018350308280,1,9,0,9,0,0,0,0,0,0,1,1,5,2,20,4,1149,1,15,4,2,4
2018350308280,2,19,0,18,0,0,0,0,1,0,3,1,5,1,53,8,1753,2,13,5,1,5
2018350308281,1,9,0,18,0,1,0,0,0,0,1,1,6,3,-1,-1,-1,-1,-1,-1,-1,-1
2018350308297,1,9,0,7,0,0,0,0,0,0,3,1,6,1,84,11,1596,1,9,10,3,10
2018350308297,2,19,0,18,0,0,0,0,0,0,3,1,6,2,-1,-1,1399,2,8,4,3,4
2018350308363,1,9,0,18,0,4,2,0,3,0,4,1,6,1,22,5,1984,1,-1,3,1,3
2018350308510,1,9,0,7,0,1,5,0,7,0,1,1,6,1,75,10,1590,1,13,7,3,7
2018350308643,1,9,0,4,0,0,0,0,0,0,2,1,6,1,57,9,-1,-1,-1,6,2,6
2018350308643,2,98,0,4,0,0,0,0,0,0,1,1,6,1,84,11,-1,-1,-1,10,2,10
2018350308669,1,9,0,18,0,0,0,0,0,0,1,1,6,1,-1,-1,-1,-1,-1,-1,-1,-1
2018350308669,2,9,0,2,0,0,0,0,0,0,2,1,5,2,27,6,1560,2,10,6,1,6
2018350308749,1,9,0,9,0,5,0,0,0,0,1,1,6,2,35,6,1595,1,11,1,1,1
2018350308749,2,9,0,18,0,8,0,0,0,0,1,1,6,1,32,6,1596,1,11,1,1,1
2018350308769,1,21,1,18,0,1,0,0,0,0,1,1,1,1,71,10,9364,2,13,1,2,1
2018350308769,2,9,0,18,0,8,0,0,0,0,1,1,5,2,58,9,1598,1,2,3,3,3
2018350308841,1,9,0,9,0,5,0,0,0,0,1,1,2,2,26,6,1468,1,11,8,2,8
2018350308841,2,1,0,18,0,1,0,0,0,0,1,1,6,1,19,4,-1,-1,-1,6,1,6
2018350308895,1,9,0,2,0,0,0,0,0,0,4,1,5,1,34,6,-1,3,1,7,1,7
2018350308895,2,1,0,18,0,0,0,0,0,0,3,1,4,2,16,4,-1,-1,-1,10,1,10
2018350309022,1,8,0,9,0,6,0,0,0,0,1,1,1,1,45,7,1968,2,3,2,1,2
2018350309022,2,8,0,18,0,2,0,0,0,0,3,1,1,1,38,7,1997,2,3,9,1,9
2018350309213,1,9,0,3,0,1,0,0,0,0,1,1,6,1,-1,-1,1968,2,3,6,2,6
2018350309213,2,9,0,3,0,1,0,0,0,0,2,1,6,2,-1,-1,1368,1,4,-1,-1,-1
2018350309213,3,9,0,3,0,1,0,0,0,0,2,1,6,1,-1,-1,998,1,14,6,1,6
2018350309213,4,9,0,3,0,1,0,0,0,0,2,1,6,2,-1,-1,-1,-1,-1,10,1,10
2018350309368,1,9,0,7,0,1,0,0,0,0,1,1,5,1,28,6,2143,2,3,1,1,1
2018350309368,2,9,0,18,0,8,0,0,0,0,4,1,5,1,28,6,1995,2,11,1,1,1
2018350309388,1,9,0,9,0,0,0,0,0,0,1,1,6,3,-1,-1,-1,-1,-1,-1,-1,-1
2018350309388,2,1,0,18,0,0,0,0,0,0,4,1,1,1,38,7,-1,-1,-1,9,2,9
2018350309413,1,9,0,15,0,0,0,0,0,0,0,1,6,3,-1,-1,-1,-1,-1,-1,-1,-1
2018350309413,2,1,0,18,0,0,0,0,0,0,4,1,5,1,52,8,-1,-1,-1,10,2,10
2018350309454,1,9,0,9,0,8,0,0,0,0,4,1,5,2,20,4,1242,1,9,3,1,3
2018350309454,2,1,0,18,0,8,0,0,0,0,4,1,5,1,22,5,-1,-1,-1,3,1,3
2018350309462,1,97,0,18,0,0,0,0,0,0,4,1,5,2,17,4,-1,-1,-1,9,1,9
2018350309546,1,9,0,15,0,0,0,0,0,0,1,1,2,1,30,6,-1,-1,-1,6,1,6
2018350309546,2,21,0,18,0,0,0,0,0,0,0,1,2,1,54,8,-1,-1,-1,8,1,8
2018350309550,1,9,0,18,0,0,0,0,0,0,4,1,5,1,28,6,1998,1,8,8,1,8
2018350309550,2,9,0,4,0,0,0,0,0,0,4,1,5,1,29,6,1984,1,11,6,1,6
2018350309573,1,9,0,18,0,0,0,0,0,0,1,1,5,1,46,8,-1,-1,-1,4,1,4
2018350309705,1,9,3,18,0,0,1,0,0,0,1,1,1,1,49,8,2979,7,13,1,1,1
2018350309705,2,21,0,18,0,0,0,0,0,0,2,1,5,1,48,8,6700,2,3,4,3,4
2018350309720,1,9,0,18,0,0,0,0,0,0,3,1,6,1,30,6,1956,2,3,5,2,5
2018350309720,2,9,0,18,0,0,0,0,0,0,3,1,6,1,74,10,1995,2,11,5,3,5
2018350309728,1,9,0,3,0,4,0,0,0,0,1,1,6,1,-1,-1,1586,1,12,5,1,5
2018350309728,2,9,0,3,0,4,0,0,0,0,2,1,5,1,43,7,1968,2,8,6,1,6
2018350309743,1,9,0,3,0,1,0,0,0,0,3,1,1,1,43,7,2993,2,5,9,2,9
2018350309743,2,1,0,18,0,1,0,0,0,0,1,1,3,1,-1,-1,-1,-1,-1,-1,-1,-1
2018350309838,1,19,0,5,0,4,0,0,0,0,1,1,1,1,35,6,1560,2,1,9,3,9
2018350309838,2,9,0,3,0,4,0,0,0,0,2,1,5,1,51,8,1598,2,1,9,3,9
2018350309838,3,9,0,3,0,4,0,0,0,0,2,1,5,2,70,10,1968,2,3,10,1,10
2018350310184,1,9,0,9,0,1,0,0,1,0,4,2,5,1,45,7,-1,-1,-1,-1,-1,-1
2018350310184,2,5,0,18,0,1,0,0,0,0,1,1,6,1,37,7,745,1,1,2,1,2
2018350310492,1,9,0,18,0,0,0,0,0,0,1,1,6,1,47,8,1560,2,4,4,1,4
2018350310492,2,1,0,18,0,0,0,0,0,0,3,1,6,2,28,6,-1,-1,-1,8,1,8
2018350310517,1,9,0,18,0,0,1,0,0,0,1,1,6,1,-1,-1,1360,1,11,-1,-1,-1
2018350310517,2,9,0,18,0,0,5,0,0,0,1,1,6,2,56,9,1951,2,14,4,1,4
2018350310601,1,9,0,18,0,0,1,0,4,6,1,1,5,2,29,6,1364,1,13,1,1,1
2018350310660,1,9,0,5,0,0,0,0,0,0,1,1,3,2,42,7,3456,8,8,7,1,7
2018350310660,2,1,0,18,0,0,0,0,1,0,3,1,4,1,13,3,-1,-1,-1,5,1,5
2018350310802,1,5,0,3,0,0,1,0,7,0,0,1,6,1,26,6,649,1,6,8,1,8
2018350310838,1,1,0,18,0,8,0,0,0,0,4,1,6,1,-1,-1,-1,-1,-1,-1,-1,-1
2018350310838,2,9,0,5,0,4,0,0,0,0,1,1,6,1,42,7,1388,1,10,8,1,8
2018350310939,1,9,0,18,0,1,1,0,0,0,3,1,2,1,40,7,2184,2,12,5,1,5
2018350310939,2,9,0,18,0,1,1,0,0,0,1,1,2,1,29,6,1395,1,1,8,1,8
2018350311036,1,9,0,7,0,1,0,0,0,0,4,1,2,1,26,6,1242,1,11,3,1,3
2018350311036,2,1,0,9,0,1,0,0,0,0,3,1,5,1,57,9,-1,-1,-1,1,1,1
2018350311039,1,9,0,13,0,0,2,0,1,0,4,1,2,1,45,7,2457,1,10,6,1,6
2018350311039,2,9,0,18,0,0,1,0,1,0,3,1,5,1,34,6,1598,2,2,4,3,4
2018350311048,1,5,0,18,0,1,1,0,0,0,1,1,6,1,24,5,1000,1,16,9,3,9
2018350311048,2,9,0,18,0,1,0,0,0,0,2,1,6,2,45,7,1086,1,12,4,1,4
2018350311048,3,9,0,18,0,1,0,12,0,0,1,1,6,1,76,11,1582,2,5,4,1,4
2018350311048,4,9,0,10,0,5,0,0,0,0,0,1,6,1,71,10,1997,2,13,7,3,7
2018350311075,1,21,0,18,0,0,0,0,0,0,3,1,5,2,26,6,8870,2,14,6,3,6
2018350311075,2,98,1,4,0,0,0,0,0,0,2,1,1,1,47,8,-1,-1,-1,-1,-1,-1
2018350311137,1,9,0,18,0,0,0,0,7,11,1,1,1,1,24,5,1587,1,16,9,3,9
2018350311188,1,9,0,5,0,8,0,10,0,0,1,1,5,2,89,11,1968,2,9,8,3,8
2018350311249,1,5,0,18,0,0,0,0,1,9,1,1,2,1,54,8,1157,1,22,6,3,6
2018350311249,2,9,0,3,0,0,0,0,0,0,2,1,2,1,52,8,1998,1,15,5,1,5
2018350311309,1,9,0,18,4,2,0,0,0,0,1,1,6,3,-1,-1,-1,-1,-1,-1,-1,-1
2018350311309,2,1,0,18,4,2,0,0,0,0,2,1,6,1,23,5,-1,-1,-1,9,1,9
2018350311323,1,9,0,7,0,5,0,0,0,0,4,1,2,1,-1,-1,2967,2,7,9,1,9
2018350311323,2,1,0,18,0,1,0,0,0,0,3,1,2,1,45,7,-1,-1,-1,8,1,8
2018350311325,1,9,0,8,0,2,0,0,0,0,1,1,1,1,18,4,998,1,14,9,3,9
2018350311325,2,1,0,18,5,2,0,0,0,0,3,1,6,1,58,9,-1,-1,-1,7,1,7
2018350311369,1,1,0,18,0,0,0,10,0,0,0,1,5,2,37,7,-1,-1,-1,8,1,8
2018350311369,2,8,0,3,0,0,0,0,0,0,0,1,1,1,56,9,1422,2,1,10,3,10
2018350311563,1,9,0,18,0,0,0,0,7,0,1,1,5,1,72,10,998,1,4,7,3,7
2018350311563,2,9,0,4,0,0,0,0,1,9,2,1,5,1,43,7,1997,2,9,6,1,6
2018350311585,1,9,0,18,0,0,0,0,7,4,1,1,6,1,60,9,1395,1,1,5,3,5
2018350311585,2,9,0,9,0,0,0,0,0,0,1,1,6,1,28,6,2000,1,13,1,1,1
2018350311626,1,19,0,18,0,8,0,0,0,0,1,1,5,1,65,9,1896,2,17,4,1,4
2018350311626,2,1,0,18,0,8,0,0,0,0,1,1,5,2,44,7,-1,-1,-1,8,1,8
2018350311702,1,9,0,18,0,0,5,0,0,0,1,1,6,1,49,8,1390,1,10,3,1,3
2018350311702,2,21,0,9,0,0,5,0,0,0,2,1,6,1,46,8,12419,2,4,6,3,6
2018350311710,1,9,0,18,0,0,0,4,0,0,1,1,5,1,38,7,2982,2,4,6,2,6
2018350311710,2,9,0,2,0,0,0,0,0,0,3,1,5,1,51,8,1968,2,2,10,-1,10
2018350311789,1,9,0,18,0,0,0,0,1,0,1,1,2,2,32,6,-1,-1,-1,7,3,7
2018350311789,2,21,1,4,0,0,0,0,0,0,2,1,1,1,55,8,12740,2,3,6,3,6
2018350311876,1,9,0,18,0,0,0,0,1,4,1,1,5,2,24,5,1390,1,9,5,2,5
2018350311915,1,9,0,18,0,0,0,0,0,0,1,1,6,3,-1,-1,-1,-1,-1,-1,-1,-1
2018350311915,2,1,0,18,0,0,0,0,0,0,2,1,5,1,11,3,-1,-1,-1,6,3,6
2018350311992,1,9,0,5,0,1,0,0,0,0,1,1,6,1,60,9,2000,1,20,9,3,9
2018350311992,2,9,0,18,0,1,1,0,1,0,1,1,6,2,71,10,996,1,9,8,2,8
2018350311993,1,9,0,4,0,1,0,0,0,0,1,1,6,1,17,4,1461,2,1,6,1,6
2018350311995,1,9,0,5,0,1,0,0,0,0,2,1,5,2,22,5,1368,1,11,9,-1,9
2018350311995,2,19,0,4,0,8,0,0,0,0,1,1,1,1,54,8,1560,2,6,5,1,5
2018350312000,1,9,0,13,0,0,0,0,0,0,3,1,2,1,30,6,1968,2,3,7,1,7
2018350312000,2,9,0,16,0,0,0,0,1,0,1,1,2,1,24,5,999,1,2,8,1,8
2018350312013,1,9,0,18,0,0,0,0,0,0,0,1,5,1,-1,-1,-1,-1,-1,3,1,3
2018350312039,1,9,0,18,0,4,0,0,0,0,1,1,6,1,45,7,1797,8,5,6,3,6
2018350312039,2,9,0,18,0,4,0,0,0,0,2,1,2,1,20,4,1390,1,4,9,1,9
2018350312320,1,9,0,9,0,1,0,0,0,0,1,1,5,2,68,10,796,1,11,5,1,5
2018350312320,2,1,0,18,0,1,0,0,0,0,1,1,6,1,55,8,-1,-1,-1,4,1,4
2018350312350,1,9,0,18,0,0,1,0,0,0,2,1,5,2,43,7,1587,1,16,6,1,6
2018350312350,2,9,0,18,0,0,1,0,0,0,1,1,5,1,42,7,1753,2,12,7,2,7
2018350312366,1,19,0,17,0,0,1,0,1,11,1,1,5,1,38,7,1560,2,3,6,3,6
2018350312384,1,98,0,18,0,1,0,0,0,0,0,1,6,3,-1,-1,-1,-1,-1,-1,-1,-1
2018350312384,2,19,0,18,0,1,0,0,0,0,1,1,6,1,57,9,1753,2,15,6,1,6
2018350312404,1,9,0,18,0,0,1,0,0,0,4,1,5,2,43,7,1395,1,3,8,3,8
2018350312404,2,9,0,18,0,0,0,0,0,0,4,1,6,1,30,6,1390,1,16,8,1,8
2018350312418,1,9,0,16,0,2,0,0,0,0,1,1,2,1,50,8,1896,2,11,1,1,1
2018350312418,2,9,0,17,0,2,0,0,7,11,4,1,2,1,33,6,-1,-1,-1,3,1,3
2018350312455,1,5,0,18,0,0,2,0,0,0,1,1,2,1,37,7,599,1,17,1,1,1
2018350312457,1,9,0,18,0,1,0,0,0,0,1,1,6,3,-1,-1,-1,-1,-1,-1,-1,-1
2018350312457,2,9,0,3,0,1,0,0,0,0,2,1,5,2,54,8,1598,2,7,8,3,8
2018350312464,1,9,0,9,0,0,0,0,0,0,1,1,2,2,75,10,1242,1,7,9,3,9
2018350312464,2,1,0,14,0,0,0,0,0,0,1,1,5,1,25,5,-1,-1,-1,8,1,8
2018350312475,1,9,0,2,9,0,0,0,0,0,4,1,5,1,47,8,2143,2,5,10,3,10
2018350312475,2,1,0,18,9,0,0,0,0,0,3,1,6,1,-1,-1,-1,-1,-1,-1,-1,-1
2018350312605,1,9,0,16,0,0,2,0,7,9,3,1,5,2,17,4,1560,2,9,5,3,5
2018350312737,1,9,0,9,0,1,0,0,7,0,4,1,6,1,19,4,1149,1,12,6,2,6
2018350312737,2,9,0,18,0,1,1,0,0,0,4,1,6,1,36,7,1686,2,13,7,3,7
2018350313084,1,9,0,5,0,4,0,0,0,0,3,1,2,1,59,9,2143,2,2,5,3,5
2018350313084,2,1,0,18,0,8,5,0,0,0,1,1,2,1,22,5,-1,-1,-1,5,1,5
2018350313094,1,5,0,18,0,0,1,0,7,0,1,1,6,1,46,8,998,1,13,6,2,6
2018350313094,2,19,0,18,0,0,0,0,0,0,2,1,6,1,62,9,2402,2,11,7,3,7
2018350313094,3,9,0,18,0,0,0,0,0,0,0,1,6,1,52,8,2967,2,4,10,1,10
2018350313139,1,3,0,18,0,1,0,0,0,0,1,1,6,1,21,5,125,1,14,8,1,8
2018350313145,1,9,0,11,0,3,0,0,0,0,3,1,3,2,42,7,1796,1,13,6,1,6
2018350313145,2,1,0,9,0,3,0,0,0,0,4,1,1,2,45,7,-1,-1,-1,10,1,10
2018350313161,1,19,0,18,0,0,0,0,0,0,1,1,1,1,27,6,1598,2,2,9,1,9
2018350313161,2,9,0,4,0,0,0,0,4,6,2,1,6,1,80,11,-1,-1,-1,4,1,4
2018350313161,3,21,1,4,0,0,0,0,0,0,2,1,1,1,58,9,10677,2,4,4,1,4
2018350313216,1,9,0,13,0,1,0,0,0,0,1,1,5,1,-1,-1,1248,1,9,10,2,10
2018350313216,2,9,0,9,0,1,0,0,0,0,3,1,6,2,19,4,1086,1,9,9,3,9
2018350313257,1,9,0,5,0,1,0,0,0,0,1,1,5,1,58,9,1910,2,11,6,2,6
2018350313257,2,9,0,18,0,1,0,0,0,0,1,1,5,2,74,10,1390,1,6,9,2,9
2018350313257,3,9,0,10,0,1,0,0,0,0,0,1,5,1,25,5,-1,-1,-1,2,1,2
2018350313258,1,19,0,18,0,4,0,0,0,0,1,1,1,1,25,5,1598,2,1,1,1,1
2018350313258,2,9,0,3,0,4,0,0,0,0,2,1,2,1,44,7,1598,1,12,9,1,9
2018350313294,1,1,0,12,0,0,0,0,0,0,3,1,1,1,39,7,-1,-1,-1,3,2,3
2018350313294,2,9,0,5,0,0,0,0,0,0,4,1,1,2,43,7,1968,2,2,2,1,2
2018350313302,1,9,0,18,0,0,0,0,0,0,4,1,6,1,41,7,1598,1,15,2,1,2
2018350313302,2,1,0,18,0,0,5,0,0,0,1,1,6,2,53,8,-1,-1,-1,5,1,5
2018350313317,1,19,0,18,0,0,0,0,0,0,1,1,1,1,50,8,2198,2,5,8,1,8
2018350313317,2,9,0,18,0,0,0,0,0,0,2,1,3,2,43,7,1997,2,4,7,1,7
2018350313360,1,1,0,18,0,8,0,0,0,0,1,1,6,2,53,8,-1,-1,-1,8,1,8
2018350313360,2,11,0,7,0,8,0,0,0,0,4,1,1,1,61,9,7698,2,2,8,2,8
2018350313405,1,9,0,15,0,1,0,0,0,0,1,2,6,1,36,7,1896,2,14,3,1,3
2018350313405,2,9,0,9,0,1,0,0,0,0,3,1,6,1,44,7,-1,-1,-1,7,1,7
2018350313448,1,9,0,5,0,4,0,0,0,0,1,1,2,1,40,7,1956,2,9,1,1,1
2018350313448,2,9,0,3,0,3,0,0,0,0,3,1,2,1,20,4,1248,2,11,6,1,6
2018350313456,1,9,0,9,0,5,0,0,0,0,4,1,5,1,42,7,1984,1,1,9,3,9
2018350313456,2,9,0,18,0,8,0,0,0,0,1,1,5,1,44,7,-1,-1,-1,-1,-1,-1
2018350313480,1,9,0,7,0,2,0,0,7,10,1,1,5,1,35,6,2000,2,14,10,2,10
2018350313488,1,9,0,11,0,1,0,0,0,0,1,1,6,2,31,6,998,1,5,8,3,8
2018350313488,2,90,0,18,0,1,0,0,0,0,3,1,6,1,48,8,-1,-1,-1,9,2,9
2018350313488,3,90,0,18,0,1,0,0,0,0,3,1,6,1,40,7,-1,-1,-1,10,1,10
2018350313517,1,9,0,18,0,0,0,0,7,9,1,1,6,2,39,7,1229,1,7,7,3,7
2018350313525,1,9,0,11,7,0,0,0,0,0,1,1,6,1,62,9,1796,1,27,9,1,9
2018350313525,2,20,1,4,6,0,0,0,0,0,2,1,1,1,55,8,-1,-1,-1,-1,-1,-1
2018350313553,1,19,0,18,0,0,0,0,0,0,1,1,1,1,19,4,2198,2,2,7,3,7
2018350313553,2,9,0,4,0,0,0,0,0,0,0,1,5,2,50,8,1598,2,1,8,3,8
2018350313558,1,9,0,18,0,0,0,0,0,0,4,1,5,2,19,4,1248,2,11,9,2,9
2018350313622,1,9,0,18,0,0,0,4,0,0,1,1,5,2,23,5,1968,2,12,4,1,4
2018350313622,2,9,0,2,0,0,0,0,1,0,2,1,6,1,60,9,-1,-1,-1,2,1,2
2018350313699,1,9,0,9,0,8,0,0,1,0,1,1,6,1,19,4,1388,1,14,3,1,3
2018350313762,1,19,0,5,0,0,0,0,0,0,3,1,6,1,76,11,1598,2,3,4,3,4
2018350313762,2,3,0,3,0,0,0,0,0,0,4,1,6,2,21,5,108,1,2,2,3,2
2018350313762,3,98,0,3,0,0,0,0,0,0,2,1,6,1,33,6,-1,-1,-1,1,1,1
2018350313767,1,9,0,9,0,1,0,0,0,0,1,1,6,2,38,7,1997,2,2,6,1,6
2018350313767,2,9,0,9,0,1,0,0,1,0,2,1,6,1,41,7,-1,-1,-1,4,1,4
2018350313800,1,3,0,18,0,0,5,0,0,0,1,1,6,1,19,4,125,1,-1,10,-1,10
2018350313800,2,9,0,18,0,0,0,0,0,0,2,1,6,1,28,6,1686,2,14,10,2,10
2018350313819,1,1,0,18,0,0,5,0,0,0,0,1,6,1,50,8,-1,-1,-1,8,1,8
2018350313828,1,9,0,18,0,1,0,0,0,0,1,1,6,2,40,7,-1,-1,-1,10,2,10
2018350313828,2,9,0,10,0,1,0,0,0,0,3,1,2,2,42,7,1984,2,8,8,3,8
2018350313837,1,8,0,5,0,0,0,0,0,0,1,1,6,1,44,7,1997,2,6,4,1,4