Accident_Index,Vehicle_Reference,Vehicle_Type,Towing_and_Articulation,Vehicle_Manoeuvre,Vehicle_Location-Restricted_Lane,Junction_Location,Skidding_and_Overturning,Hit_Object_in_Carriageway,Vehicle_Leaving_Carriageway,Hit_Object_off_Carriageway,1st_Point_of_Impact,Was_Vehicle_Left_Hand_Drive?,Journey_Purpose_of_Driver,Sex_of_Driver,Age_of_Driver,Age_Band_of_Driver,Engine_Capacity_(CC),Propulsion_Code,Age_of_Vehicle,Driver_IMD_Decile,Driver_Home_Area_Type,Vehicle_IMD_Decile
2018350313837,2,1,0,4,0,0,5,0,0,0,4,1,6,1,27,6,-1,-1,-1,4,1,4
2018350314069,1,1,0,18,0,2,0,0,0,0,0,1,2,1,24,5,-1,-1,-1,9,1,9
2018350314070,1,9,0,9,0,3,0,0,0,0,4,1,5,2,51,8,1997,2,4,-1,3,-1
2018350314070,2,9,0,9,0,3,0,0,0,0,1,1,6,3,-1,-1,-1,-1,-1,-1,-1,-1
2018350314071,1,9,0,5,0,1,0,0,0,0,1,1,5,2,18,4,1397,1,10,4,1,4
2018350314071,2,9,0,18,0,1,0,0,0,0,3,1,1,1,33,6,1997,2,1,3,1,3
2018350314142,1,5,0,13,0,0,0,0,0,0,4,1,6,1,36,7,599,1,17,5,2,5
2018350314142,2,9,0,12,0,0,0,0,0,0,3,1,6,1,-1,-1,1956,2,8,-1,-1,-1
2018350314248,1,98,0,18,0,0,0,0,0,0,4,1,6,1,25,5,-1,-1,-1,2,1,2
2018350314274,1,9,0,18,0,1,2,4,2,0,1,1,6,2,81,11,1364,1,11,10,2,10
2018350314274,2,9,0,2,0,1,0,0,0,0,1,1,6,2,-1,-1,1968,2,12,10,2,10
2018350314274,3,9,0,2,0,1,0,0,0,0,2,1,6,2,-1,-1,1364,1,10,10,2,10
2018350314446,1,9,0,18,0,0,1,0,0,0,1,1,5,1,26,6,1794,1,14,3,1,3
2018350314446,2,9,0,18,0,0,0,0,1,0,1,1,5,1,49,8,1956,2,4,6,3,6
2018350314457,1,5,0,18,0,0,0,0,7,0,1,1,6,1,30,6,998,1,17,-1,-1,-1
2018350314457,2,9,0,18,0,0,0,0,0,0,3,1,6,1,21,5,-1,-1,-1,10,1,10
2018350314563,1,9,0,18,0,0,0,4,0,0,1,1,5,1,88,11,1390,1,9,3,1,3
2018350314563,2,19,0,2,0,0,0,0,0,0,3,1,6,1,32,6,2287,2,9,4,1,4
2018350314563,3,9,0,2,9,0,0,0,0,0,4,1,6,1,55,8,2993,2,8,4,1,4
2018350314629,1,97,0,18,0,0,1,0,1,9,1,1,5,2,53,8,-1,-1,-1,2,1,2
2018350314629,2,5,0,4,0,0,0,0,0,0,2,1,5,1,58,9,999,1,7,2,1,2
2018350314629,3,9,0,18,0,0,0,0,0,0,0,1,5,2,46,8,1995,2,8,6,1,6
2018350314667,1,9,0,18,0,8,0,0,0,0,1,1,1,1,26,6,1798,8,4,4,1,4
2018350314667,2,9,0,18,0,1,0,0,0,0,1,1,5,2,78,11,1363,2,15,8,3,8
2018350314727,1,9,0,18,0,0,0,0,0,0,1,1,6,2,73,10,1242,1,6,9,1,9
2018350314758,1,9,0,18,0,0,0,0,0,0,1,1,6,2,-1,-1,996,1,7,5,2,5
2018350314758,2,9,0,3,0,0,0,0,0,0,2,1,2,2,23,5,998,1,5,6,2,6
2018350314786,1,21,1,9,0,0,0,0,0,0,3,1,1,1,55,8,12740,2,3,8,3,8
2018350314786,2,11,0,18,0,0,0,0,0,0,1,1,1,1,45,7,6696,2,5,3,2,3
2018350314860,1,9,0,18,0,0,0,0,0,0,4,1,2,1,30,6,-1,-1,-1,10,2,10
2018350314860,2,9,0,9,0,0,0,0,0,0,4,1,6,1,36,7,2143,2,-1,-1,-1,-1
2018350314913,1,9,0,5,0,2,0,0,0,0,1,1,6,1,89,11,2148,2,9,8,1,8
2018350314913,2,9,0,5,0,2,0,0,0,0,1,1,6,2,69,10,1968,2,3,8,3,8
2018350314943,1,9,0,4,0,1,0,0,0,0,1,1,6,2,62,9,1595,1,5,10,3,10
2018350314943,2,9,0,3,0,1,0,0,0,0,2,1,6,1,50,8,2204,2,13,10,3,10
2018350314990,1,1,0,18,0,0,0,0,0,0,1,1,6,1,28,6,-1,-1,-1,8,1,8
2018350314990,2,9,0,4,0,0,0,0,0,0,0,1,2,1,32,6,-1,-1,-1,10,2,10
2018350314990,3,9,0,3,0,0,0,0,0,0,1,1,3,1,74,10,1910,2,11,9,3,9
2018350314994,1,9,0,18,0,1,0,0,1,9,1,1,5,1,49,8,1798,1,17,5,3,5
2018350314994,2,9,0,9,0,6,0,0,0,0,1,1,5,2,20,4,1242,1,11,6,2,6
2018350315042,1,9,0,18,0,4,0,0,3,1,1,1,6,1,74,10,5000,1,8,8,1,8
2018350315109,1,9,0,18,0,1,1,0,7,0,1,1,5,2,66,10,998,1,9,8,3,8
2018350315109,2,9,0,18,0,8,0,0,0,0,4,1,5,1,39,7,1461,2,2,6,1,6
2018350315123,1,9,0,18,0,0,0,0,0,0,1,1,6,1,73,10,2993,2,-1,-1,-1,-1
2018350315134,1,9,0,1,0,1,0,0,0,0,2,1,6,1,-1,-1,1984,1,16,-1,-1,-1
2018350315134,2,9,0,3,0,1,0,0,0,0,1,1,1,1,55,8,999,1,1,2,1,2
2018350315150,1,5,0,14,0,0,0,0,0,0,1,1,2,1,50,8,645,1,11,5,3,5
2018350315150,2,9,0,5,0,0,0,0,0,0,1,1,6,1,74,10,1388,1,13,6,2,6
2018350315160,1,9,0,18,0,4,0,0,0,0,1,1,5,1,70,10,1364,1,8,8,1,8
2018350315160,2,1,0,10,0,8,0,0,0,0,2,1,5,1,45,7,-1,-1,-1,10,2,10
2018350315164,1,9,0,2,0,0,0,0,0,0,2,1,2,2,54,8,1242,1,4,4,2,4
2018350315164,2,1,0,18,0,0,0,0,0,0,1,1,6,1,44,7,-1,-1,-1,7,3,7
2018350315185,1,9,0,18,0,0,0,0,0,0,1,1,6,2,65,9,1560,2,3,5,1,5
2018350315185,2,21,0,18,0,0,0,0,0,0,2,1,1,1,52,8,12777,2,2,7,3,7
2018350315198,1,9,0,9,0,6,0,0,0,0,4,1,2,1,42,7,-1,-1,-1,4,3,4
2018350315198,2,3,0,17,0,6,1,0,0,0,1,1,2,1,25,5,125,1,7,6,1,6
2018350315325,1,9,0,18,0,2,0,0,0,0,4,1,1,1,44,7,1997,2,11,4,1,4
2018350315325,2,1,0,18,0,1,5,0,0,0,1,1,5,1,18,4,-1,-1,-1,3,1,3
2018350315363,1,9,0,18,0,0,0,0,0,0,0,1,5,1,43,7,1598,1,3,2,1,2
2018350315404,1,9,0,5,0,1,0,0,0,0,1,1,5,1,75,10,1997,2,9,6,1,6
2018350315410,1,5,0,16,0,0,0,0,0,0,3,1,5,2,50,8,998,1,8,1,1,1
2018350315419,1,9,0,18,0,0,2,0,7,10,1,1,5,1,20,4,1299,1,17,4,1,4
2018350315468,1,8,0,7,0,5,0,0,0,0,1,1,1,3,-1,-1,-1,-1,-1,-1,-1,-1
2018350315468,2,1,0,18,4,8,0,0,0,0,1,1,2,2,21,5,-1,-1,-1,8,1,8
2018350315545,1,9,0,18,0,8,0,0,0,0,1,1,5,2,31,6,4163,2,10,5,1,5
2018350315545,2,9,0,18,0,8,0,0,0,0,2,1,5,1,63,9,1461,2,11,6,1,6
2018350315545,3,9,0,12,0,7,0,0,0,0,0,1,5,1,46,8,1995,2,4,8,1,8
2018350315589,1,9,0,18,0,8,0,10,7,0,1,1,5,1,47,8,1995,2,3,8,2,8
2018350315589,2,9,0,18,0,8,0,0,0,0,2,1,2,1,28,6,1422,2,10,9,1,9
2018350315609,1,9,0,12,0,0,1,0,1,0,1,1,6,1,28,6,1396,1,20,2,1,2
2018350315609,2,21,0,18,0,0,0,0,0,0,2,1,1,1,67,10,6700,2,2,1,1,1
2018350315653,1,9,0,18,0,6,0,0,0,0,1,1,6,1,-1,-1,1900,2,13,-1,-1,-1
2018350315653,2,9,0,18,0,8,0,0,0,0,1,1,6,2,63,9,1390,1,7,4,3,4
2018350315707,1,9,0,16,0,8,1,0,1,9,2,1,5,2,53,8,995,1,9,6,2,6
2018350315720,1,9,0,18,0,0,0,0,0,0,1,1,2,2,34,6,2179,2,10,5,2,5
2018350315720,2,9,0,4,0,0,0,0,0,0,2,1,1,1,41,7,988,1,-1,9,3,9
2018350315724,1,21,1,7,0,0,0,0,1,0,4,1,1,1,48,8,12809,2,3,-1,-1,-1
2018350315734,1,9,0,18,0,1,0,0,0,0,1,1,6,1,44,7,-1,-1,-1,2,1,2
2018350315734,2,9,0,18,0,1,0,0,0,0,2,1,6,1,45,7,1896,2,9,4,1,4
2018350315734,3,9,0,18,0,1,0,0,0,0,2,1,6,1,57,9,2685,2,13,2,1,2
2018350315761,1,9,0,18,0,0,0,0,0,0,1,1,6,2,94,11,1390,1,13,7,1,7
2018350315761,2,1,0,18,0,0,0,0,0,0,2,1,6,2,25,5,-1,-1,-1,5,1,5
2018350316154,1,5,0,18,0,0,0,0,0,0,0,1,1,1,44,7,1300,1,9,3,1,3
2018350316186,1,98,0,18,0,0,0,0,0,0,3,1,6,1,-1,-1,-1,-1,-1,-1,-1,-1
2018350316186,2,9,0,18,0,0,0,0,0,0,3,1,1,1,46,8,1685,2,3,3,1,3
2018350316220,1,9,0,18,0,0,0,0,0,0,1,1,2,1,58,9,-1,-1,-1,9,1,9
2018350316220,2,9,0,18,0,0,0,0,0,0,2,1,6,1,76,11,1598,2,8,10,1,10
2018350316353,1,5,0,18,0,0,2,0,0,0,0,1,6,1,60,9,1584,1,11,4,1,4
2018350316478,1,5,0,18,0,0,2,0,1,9,1,1,5,1,36,7,675,1,10,6,1,6
2018350316478,2,90,0,18,0,0,0,0,0,0,0,1,6,3,-1,-1,-1,-1,-1,-1,-1,-1
2018350316490,1,9,0,7,0,6,0,0,0,0,1,1,6,1,-1,-1,1796,1,9,-1,-1,-1
2018350316490,2,1,0,18,5,8,5,0,0,0,1,1,6,1,16,4,-1,-1,-1,7,1,7
2018350316501,1,5,0,18,0,0,5,0,0,0,1,1,6,1,66,10,998,1,15,9,1,9
2018350316501,2,9,0,3,0,0,0,0,0,0,2,1,2,2,27,6,1229,1,5,8,1,8
2018350316501,3,17,0,18,0,0,0,0,0,0,3,1,1,1,63,9,15930,2,9,6,2,6
2018350316520,1,9,0,5,0,1,0,0,0,0,1,1,6,1,29,6,1896,2,11,2,1,2
2018350316520,2,9,0,18,0,1,0,0,0,0,1,1,6,1,40,7,1560,2,10,6,1,6
2018350316660,1,21,0,18,0,1,0,0,0,0,1,1,1,1,-1,-1,4580,2,6,-1,-1,-1
2018350316660,2,19,0,4,0,1,0,0,0,0,2,1,6,1,36,7,1560,2,6,9,3,9
2018350316660,3,9,0,4,0,1,0,0,0,0,2,1,6,2,20,4,1598,2,6,4,1,4
2018350316660,4,21,1,4,0,1,0,0,0,0,2,1,1,1,-1,-1,16123,2,1,-1,-1,-1
2018350316717,1,9,0,13,0,0,1,0,7,9,4,1,5,1,25,5,1998,1,13,10,1,10
2018350316717,2,9,0,18,0,0,2,0,1,0,3,1,2,1,25,5,1390,1,4,6,2,6
2018350316782,1,9,0,18,0,0,0,4,0,0,1,1,2,1,31,6,-1,-1,-1,4,1,4
2018350316782,2,9,0,2,0,0,0,0,1,9,2,1,5,3,-1,-1,1956,2,6,-1,-1,-1
2018350316786,1,9,0,1,0,0,0,0,0,0,2,1,5,3,-1,-1,1997,2,4,-1,-1,-1
2018350316786,2,9,0,18,0,0,0,0,0,0,1,1,1,1,50,8,2993,2,5,-1,-1,-1
2018350316786,3,9,0,18,0,0,0,0,0,0,1,1,1,1,51,8,2993,2,3,-1,-1,-1
2018350316786,4,19,0,2,0,0,0,0,0,0,3,1,5,3,-1,-1,2299,2,3,-1,-1,-1
2018350316816,1,3,0,17,0,0,1,0,1,0,0,1,6,1,25,5,125,1,14,4,1,4
2018350316858,1,9,0,18,0,0,0,0,0,0,1,1,5,2,54,8,1995,2,9,10,3,10
2018350316858,2,1,0,18,0,0,0,0,0,0,4,1,5,2,14,3,-1,-1,-1,9,1,9
2018350316973,1,9,0,5,0,1,1,0,0,0,1,1,5,1,26,6,1798,1,8,5,1,5
2018350316973,2,9,0,3,0,1,0,0,0,0,2,1,5,1,30,6,1248,1,-1,5,1,5
2018350316973,3,9,0,3,0,1,0,0,0,0,2,1,5,1,34,6,1461,2,4,3,1,3
2018350317130,1,11,0,18,3,8,0,0,0,0,1,1,1,1,39,7,7698,2,3,1,1,1
2018350317130,2,9,0,18,0,8,0,0,0,0,4,1,5,1,63,9,2967,2,5,6,3,6
2018350317141,1,9,0,18,0,1,0,0,0,0,1,1,6,2,-1,-1,1991,1,17,8,2,8
2018350317141,2,9,0,18,0,1,0,0,0,0,2,1,5,1,39,7,1598,2,8,7,2,7
2018350317236,1,21,1,18,0,0,5,0,1,0,4,1,1,1,-1,-1,12902,2,-1,3,3,3
2018350317278,1,19,0,17,0,0,0,0,0,0,1,1,5,1,43,7,1461,2,14,4,2,4
2018350317278,2,19,0,16,0,0,0,0,0,0,1,1,1,1,28,6,2143,2,6,2,1,2
2018350317439,1,5,0,16,0,0,1,0,0,0,4,1,6,1,40,7,999,1,6,9,1,9
2018350317439,2,9,0,13,0,0,0,0,0,0,0,1,6,2,58,9,2993,2,11,7,1,7
2018350317447,1,-1,0,18,0,4,0,0,0,0,1,1,6,1,-1,-1,-1,-1,-1,-1,-1,-1
2018350317447,2,1,0,18,0,8,0,0,0,0,2,1,5,1,78,11,-1,-1,-1,8,1,8
2018350317492,1,9,0,18,0,0,0,0,0,0,1,1,6,1,49,8,1240,1,12,5,1,5
2018350317492,2,1,0,18,0,0,0,0,0,0,2,1,6,1,45,7,-1,-1,-1,5,1,5
2018350317493,1,9,0,18,0,8,0,0,0,0,1,1,2,1,57,9,1896,2,13,4,2,4
2018350317493,2,9,0,18,0,8,0,0,7,9,4,1,6,2,25,5,1598,1,17,5,2,5
2018350317501,1,9,0,5,0,1,0,0,0,0,1,1,5,2,26,6,1242,1,10,4,1,4
2018350317501,2,9,0,18,0,1,0,0,0,0,4,1,5,1,55,8,1997,2,9,6,-1,6
2018350317502,1,3,0,18,0,0,0,0,0,0,1,1,2,1,26,6,373,1,-1,4,2,4
2018350317502,2,9,0,18,0,0,0,0,0,0,2,1,2,1,27,6,1995,2,6,4,3,4
2018350317524,1,9,0,10,0,1,0,0,0,0,2,1,5,2,24,5,1200,1,1,2,1,2
2018350317524,2,9,0,7,0,6,0,0,0,0,1,1,6,3,-1,-1,1986,2,13,-1,-1,-1
2018350317529,1,8,0,16,0,0,0,0,0,0,3,1,1,1,-1,-1,1968,2,2,-1,-1,-1
2018350317529,2,1,0,18,0,0,0,0,0,0,4,1,2,2,54,8,-1,-1,-1,7,1,7
2018350317580,1,9,0,18,0,0,2,0,1,1,1,1,6,1,22,5,1198,1,10,7,3,7
2018350317622,1,9,0,12,0,4,0,0,0,0,1,1,5,2,83,11,1339,1,4,8,1,8
2018350317622,2,1,0,12,0,4,5,0,0,0,1,1,6,2,43,7,-1,-1,-1,7,1,7
2018350317652,1,9,0,18,0,0,0,0,0,0,1,1,6,2,23,5,1390,1,13,9,3,9
2018350317652,2,9,0,18,0,0,0,0,0,0,1,1,5,2,30,6,1598,1,8,9,3,9
2018350318036,1,19,0,4,0,1,0,0,0,0,3,1,1,1,44,7,1968,2,2,4,1,4
2018350318036,2,1,0,18,5,1,0,0,0,0,1,1,4,1,14,3,-1,-1,-1,10,1,10
2018350318194,1,17,4,18,0,8,0,0,0,0,3,1,6,3,-1,-1,7365,2,4,2,1,2
2018350318194,2,3,0,18,0,4,0,0,0,0,4,1,2,1,33,6,125,1,13,4,2,4
2018350318252,1,9,0,17,0,0,0,0,7,7,1,1,6,1,27,6,1995,1,8,7,1,7
2018350318282,1,9,0,9,0,1,0,0,0,0,1,1,2,1,53,8,-1,-1,-1,4,3,4
2018350318282,2,1,0,18,0,1,0,0,0,0,3,1,2,1,-1,-1,-1,-1,-1,-1,-1,-1
2018350318356,1,21,0,9,0,4,0,0,0,0,1,1,1,1,54,8,12740,2,1,10,2,10
2018350318356,2,9,0,15,0,4,0,0,0,0,2,1,5,1,39,7,1995,2,2,9,3,9
2018350318403,1,9,0,18,0,0,5,0,7,3,1,1,6,1,20,4,1229,1,12,2,1,2
2018350318485,1,9,0,5,0,0,0,4,0,0,3,1,6,2,34,6,1587,1,12,2,1,2
2018350318485,2,9,0,2,0,0,0,0,0,0,1,1,6,2,44,7,1590,1,16,1,1,1
2018350318539,1,9,0,18,0,0,0,0,0,0,1,1,5,1,60,9,1368,1,6,5,1,5
2018350318539,2,9,0,18,0,0,0,0,0,0,1,1,5,1,20,4,1192,1,-1,9,2,9
2018350318619,1,9,0,17,0,0,0,0,1,9,3,1,5,1,30,6,-1,-1,-1,5,1,5
2018350318619,2,9,0,16,0,0,0,0,0,0,4,1,6,3,-1,-1,-1,-1,-1,-1,-1,-1
2018350318626,1,9,0,9,0,0,0,0,0,0,3,1,6,1,36,7,1968,2,8,1,1,1
2018350318626,2,8,0,18,0,0,0,0,0,0,1,1,1,1,32,6,1997,2,13,2,1,2
2018350318687,1,9,0,17,0,0,1,0,8,0,3,1,5,2,32,6,1299,1,10,5,1,5
2018350318734,1,5,0,15,0,0,5,0,0,0,1,1,2,1,59,9,599,1,9,7,3,7
2018350318739,1,9,0,17,0,0,0,0,1,4,1,1,2,1,24,5,1299,1,17,9,2,9
2018350318822,1,9,0,16,0,0,1,11,1,11,1,1,5,1,28,6,1998,1,-1,5,1,5
2018350318895,1,9,0,8,0,0,0,0,0,0,1,1,1,1,25,5,1997,2,12,5,1,5
2018350318895,2,1,0,18,0,0,0,0,0,0,2,1,6,2,50,8,-1,-1,-1,5,3,5
2018350318908,1,5,0,18,0,0,1,0,1,10,1,1,6,1,35,6,750,1,8,6,2,6
2018350318908,2,9,0,7,0,0,0,0,1,0,4,1,6,2,28,6,1197,1,2,6,1,6
2018350318914,1,9,0,1,0,0,0,0,0,0,0,1,6,3,-1,-1,-1,-1,-1,-1,-1,-1
2018350318914,2,8,0,2,0,0,0,0,0,0,2,1,1,1,-1,-1,-1,-1,-1,-1,-1,-1
2018350318917,1,9,0,10,0,6,0,0,0,0,1,1,6,2,60,9,1198,1,2,5,1,5
2018350318917,2,2,0,18,0,1,0,0,0,0,2,1,6,1,17,4,49,1,16,3,1,3
2018350319002,1,1,0,18,0,0,0,0,0,0,-1,1,6,2,13,3,-1,-1,-1,10,1,10
2018350319002,2,9,0,2,0,0,0,0,0,0,-1,1,6,2,28,6,1995,2,8,9,1,9
2018350319005,1,19,0,16,0,0,5,0,7,0,3,1,1,1,28,6,1995,2,11,8,1,8
2018350319046,1,9,0,8,0,1,0,0,0,0,3,1,1,1,-1,-1,1289,1,18,2,3,2
2018350319046,2,9,0,8,0,1,0,0,0,0,4,1,6,1,-1,-1,1997,2,14,-1,-1,-1
2018350319154,1,9,0,18,0,0,0,0,0,0,1,1,6,1,-1,-1,1598,1,13,-1,-1,-1
2018350319154,2,9,0,10,0,0,0,0,0,0,2,1,5,1,36,7,1798,8,2,8,1,8
2018350319241,1,9,0,18,0,0,0,0,0,0,1,1,2,1,42,7,1587,1,17,10,2,10
2018350319241,2,19,0,18,0,0,0,0,0,0,1,1,6,1,60,9,1560,2,3,2,3,2
2018350319247,1,9,0,10,0,0,1,0,0,0,1,1,5,1,83,11,2179,2,5,8,3,8
2018350319247,2,9,0,2,0,0,0,0,0,0,2,1,5,1,60,9,1587,1,16,8,1,8
2018350319352,1,9,0,18,0,0,0,0,7,9,1,1,1,1,32,6,1242,1,5,5,2,5
2018350319357,1,9,0,18,0,0,1,0,7,11,3,1,6,1,18,4,1299,1,19,5,3,5
2018350319372,1,9,0,18,0,0,0,0,7,10,1,1,6,2,23,5,1200,1,3,8,3,8
2018350319377,1,9,0,18,0,0,0,0,0,0,1,1,5,1,29,6,2143,2,1,6,1,6
2018350319377,2,9,0,4,0,0,0,0,0,0,2,1,2,2,40,7,1896,2,17,1,1,1
2018350319387,1,9,0,17,0,0,2,0,1,3,1,1,2,2,26,6,1587,1,14,-1,-1,-1
2018350319558,1,9,0,9,0,5,0,0,0,0,1,1,6,1,28,6,1598,2,7,1,1,1
2018350319558,2,9,0,16,0,5,0,0,0,0,1,1,6,2,33,6,1969,1,1,2,1,2
2018350319708,1,9,0,18,0,2,0,0,0,0,4,1,5,2,76,11,1968,2,4,10,2,10
2018350319708,2,1,0,18,9,2,0,0,0,0,1,1,5,2,-1,-1,-1,-1,-1,8,1,8
2018350319710,1,9,0,18,0,0,0,0,1,0,3,1,6,1,40,7,2179,2,6,-1,-1,-1
2018350319714,1,9,0,16,2,2,0,0,0,0,1,1,1,1,-1,-1,2993,2,2,-1,-1,-1
2018350319714,2,19,0,16,2,2,0,7,0,0,2,1,6,1,23,5,2198,2,6,8,1,8
2018350319724,1,9,0,7,0,8,0,0,0,0,1,1,6,3,-1,-1,1686,2,8,-1,-1,-1
2018350319724,2,1,0,18,0,1,0,0,0,0,2,1,6,2,20,4,-1,-1,-1,1,1,1
2018350319945,1,9,0,18,0,2,0,0,0,0,1,1,5,1,63,9,1198,1,6,10,1,10
2018350319945,2,1,0,9,0,2,5,0,0,0,2,1,1,1,35,6,-1,-1,-1,6,1,6
2018350320101,1,5,0,17,0,2,0,0,0,0,1,1,5,1,46,8,1052,1,19,4,1,4
2018350320261,1,9,0,9,0,0,0,0,0,0,1,1,5,2,38,7,1997,2,4,7,3,7
2018350320261,2,9,0,18,0,0,0,0,0,0,1,1,2,1,26,6,1995,2,2,6,1,6
2018350320315,1,9,0,1,0,0,0,0,0,0,2,1,6,2,57,9,1598,2,2,3,1,3
2018350320441,1,9,0,18,0,1,0,10,7,1,1,1,5,2,82,11,1598,1,14,7,3,7
2018350320496,1,9,0,18,0,0,0,6,0,0,1,1,6,2,41,7,1388,1,15,3,1,3
2018350320538,1,9,0,17,0,0,5,11,0,0,1,1,5,2,17,4,1124,1,15,3,1,3
2018350320571,1,9,1,13,0,0,1,0,0,0,1,1,1,1,41,7,-1,-1,-1,2,1,2
2018350320571,2,9,0,18,0,0,1,0,0,0,2,1,5,2,33,6,2993,2,1,10,3,10
2018350320663,1,9,0,18,0,0,0,0,1,0,2,1,6,1,72,10,1798,8,5,10,-1,10
2018350320663,2,9,0,18,0,0,0,0,1,0,1,1,6,1,49,8,2191,2,-1,6,2,6
2018350320663,3,9,0,18,0,0,0,0,1,0,1,1,6,1,67,10,1951,2,16,9,2,9
2018350320671,1,9,0,18,0,0,0,0,0,0,1,1,6,2,46,8,1461,2,4,5,2,5
2018350320671,2,97,0,18,0,0,0,0,0,0,3,1,6,1,67,10,-1,-1,-1,6,2,6
2018350320824,1,9,0,17,0,0,1,0,1,0,1,1,6,2,28,6,1461,2,11,10,1,10
2018350320865,1,9,0,5,0,1,0,0,0,0,1,1,5,1,79,11,1598,1,13,3,1,3
2018350320865,2,1,0,18,0,8,0,0,0,0,1,1,5,1,65,9,-1,-1,-1,3,1,3
2018350320898,1,5,0,18,0,0,0,0,0,0,1,1,6,1,38,7,599,1,16,9,1,9
2018350320898,2,9,0,18,0,0,0,0,0,0,2,1,6,1,48,8,1968,2,8,9,1,9
2018350320934,1,9,0,5,0,4,0,0,0,0,1,1,5,2,31,6,2993,2,9,6,2,6
2018350320934,2,9,0,3,0,4,0,0,0,0,2,1,5,2,33,6,1997,2,11,10,1,10
2018350320938,1,3,0,18,0,0,2,0,1,0,1,1,6,1,45,7,124,1,-1,1,1,1
2018350320990,1,9,0,16,0,0,0,0,0,0,1,1,5,1,18,4,1896,2,16,5,3,5
2018350320990,2,9,0,17,0,0,0,0,0,0,1,1,5,1,61,9,1968,2,6,10,3,10
2018350321025,1,9,0,2,0,0,0,0,0,0,0,1,2,2,27,6,1198,1,3,10,2,10
2018350321025,2,1,0,18,0,0,0,0,0,0,1,1,5,1,72,10,-1,-1,-1,9,1,9
2018350321071,1,9,0,9,0,5,0,0,0,0,4,1,5,1,22,5,1910,2,9,-1,-1,-1
2018350321071,2,5,0,18,0,8,1,0,0,0,1,1,6,1,42,7,749,1,14,3,1,3
2018350321071,3,9,0,18,0,8,0,0,0,0,1,1,6,2,31,6,1560,2,4,5,-1,5
2018350321124,1,98,1,18,0,0,0,0,0,0,1,1,1,1,52,8,-1,-1,-1,3,1,3
2018350321124,2,9,0,18,0,0,5,0,1,0,2,1,5,2,54,8,1798,1,11,10,1,10
2018350321304,1,9,0,18,0,0,0,0,0,0,1,1,6,1,35,6,2179,2,3,9,3,9
2018350321304,2,9,0,18,0,0,0,0,0,0,1,1,6,1,55,8,1800,1,13,8,2,8
2018350321304,3,9,0,18,0,0,0,0,0,0,3,1,6,1,45,7,2400,2,7,7,3,7
2018350321325,1,9,0,16,0,0,1,0,7,4,1,1,5,1,19,4,1395,1,3,9,2,9
2018350321384,1,9,0,18,0,8,0,0,0,0,1,1,6,1,-1,-1,-1,-1,-1,-1,-1,-1
2018350321384,2,1,0,7,0,8,0,0,0,0,2,1,2,2,33,6,-1,-1,-1,4,1,4
2018350321480,1,9,0,4,0,0,0,0,0,0,2,1,1,1,27,6,-1,-1,-1,7,3,7
2018350321480,2,9,0,4,0,0,0,0,0,0,1,1,2,1,21,5,1242,1,9,10,2,10
2018350321480,3,9,0,4,0,0,0,0,0,0,2,1,2,2,36,7,1995,2,11,7,3,7
2018350321480,4,9,0,4,0,0,0,0,0,0,1,1,2,1,46,8,999,1,4,6,1,6
2018350321507,1,9,0,1,0,0,0,0,0,0,0,1,5,2,17,4,1229,1,11,6,1,6
2018350321508,1,21,1,3,0,0,0,0,0,0,2,1,1,1,49,8,-1,-1,-1,6,2,6
2018350321508,2,98,0,3,0,0,0,0,0,0,1,1,1,1,54,8,-1,-1,-1,7,1,7
2018350321527,1,9,0,18,0,0,1,0,5,0,1,1,5,1,55,8,2231,2,10,5,2,5
2018350321583,1,9,0,7,0,1,1,0,0,0,1,1,1,1,35,6,2143,2,3,10,2,10
2018350321583,2,9,0,5,0,1,0,0,0,0,2,1,6,1,56,9,1560,2,13,10,2,10
2018350321621,1,9,0,9,0,8,0,0,0,0,1,1,6,3,-1,-1,1796,1,11,-1,-1,-1
2018350321621,2,1,0,18,0,8,0,0,0,0,3,1,6,1,28,6,-1,-1,-1,6,1,6
2018350321652,1,9,0,18,0,1,0,0,0,0,1,1,1,1,27,6,2143,2,3,10,-1,10
2018350321889,1,3,0,18,0,0,5,0,0,0,1,1,5,1,23,5,125,1,-1,2,3,2
2018350321909,1,9,0,5,0,0,0,0,0,0,1,1,5,1,41,7,1328,1,12,9,2,9
2018350321909,2,9,0,18,0,0,5,0,0,0,1,1,6,1,49,8,-1,-1,-1,10,2,10
2018350321914,1,9,0,9,0,6,0,0,0,0,1,1,6,3,-1,-1,2290,1,17,-1,-1,-1
2018350321914,2,9,0,18,0,8,0,0,0,0,3,1,5,1,68,10,1388,1,12,8,2,8
2018350322041,1,9,0,15,0,0,2,0,1,9,1,1,5,2,35,6,1896,2,14,3,1,3
2018350322041,2,9,0,15,0,0,2,0,7,0,4,1,1,1,27,6,1999,1,10,7,1,7
2018350322043,1,9,0,18,0,0,0,0,0,0,2,1,5,1,25,5,1900,2,18,6,1,6
2018350322043,2,9,0,18,0,0,0,0,0,0,1,1,1,1,39,7,2993,2,2,6,1,6