Accident_Index,Vehicle_Reference,Vehicle_Type,Towing_and_Articulation,Vehicle_Manoeuvre,Vehicle_Location-Restricted_Lane,Junction_Location,Skidding_and_Overturning,Hit_Object_in_Carriageway,Vehicle_Leaving_Carriageway,Hit_Object_off_Carriageway,1st_Point_of_Impact,Was_Vehicle_Left_Hand_Drive?,Journey_Purpose_of_Driver,Sex_of_Driver,Age_of_Driver,Age_Band_of_Driver,Engine_Capacity_(CC),Propulsion_Code,Age_of_Vehicle,Driver_IMD_Decile,Driver_Home_Area_Type,Vehicle_IMD_Decile
2018350328501,1,9,0,10,0,1,0,0,1,0,3,1,2,1,22,5,1341,1,15,9,1,9
2018350328501,2,9,0,18,0,1,0,0,0,0,1,1,2,1,23,5,1124,1,17,5,3,5
2018350328504,1,9,0,18,0,0,0,0,1,0,1,1,6,1,34,6,1968,2,11,3,3,3
2018350328504,2,9,0,2,9,0,0,4,0,0,1,1,6,1,68,10,2351,1,16,3,3,3
2018350328532,1,9,0,9,0,6,0,0,0,0,1,1,6,3,-1,-1,-1,-1,-1,-1,-1,-1
2018350328532,2,1,0,3,0,1,0,0,0,0,4,1,6,2,21,5,-1,-1,-1,3,1,3
2018350328646,1,9,0,17,0,0,0,0,0,0,1,1,6,1,27,6,2967,2,3,2,1,2
2018350328646,2,9,0,16,0,0,0,0,0,0,1,1,1,2,49,8,1461,2,5,4,1,4
2018350328653,1,1,0,9,0,8,0,0,0,0,2,1,2,1,30,6,-1,-1,-1,3,1,3
2018350328653,2,9,0,18,0,1,0,0,0,0,1,1,1,1,24,5,1248,2,6,7,2,7
2018350328659,1,9,0,18,0,0,0,8,0,0,3,1,1,3,-1,-1,1968,2,6,-1,-1,-1
2018350328659,2,1,0,18,0,0,0,0,0,0,4,1,6,2,54,8,-1,-1,-1,5,1,5
2018350328674,1,5,0,9,0,5,0,0,0,0,1,1,6,1,51,8,1170,1,9,4,3,4
2018350328674,2,9,0,6,0,5,0,0,0,0,3,1,2,2,28,6,1560,2,3,5,2,5
2018350328687,1,9,0,18,0,8,0,0,0,0,1,1,6,2,29,6,2435,1,17,10,1,10
2018350328687,2,9,0,18,0,8,0,0,0,0,4,1,6,1,29,6,1198,1,7,8,-1,8
2018350328727,1,9,0,18,0,8,0,0,0,0,1,1,5,2,85,11,1590,1,19,9,1,9
2018350328727,2,9,0,18,0,8,0,0,0,0,3,1,5,2,41,7,1395,1,2,5,3,5
2018350328740,1,1,0,18,0,0,0,0,0,0,2,1,6,1,14,3,-1,-1,-1,3,1,3
2018350328740,2,9,0,18,0,0,0,0,0,0,1,1,6,3,-1,-1,-1,-1,-1,-1,-1,-1
2018350328828,1,9,0,2,0,1,0,0,0,0,3,1,5,3,-1,-1,1591,1,1,-1,-1,-1
2018350328828,2,1,0,18,0,1,0,4,0,0,1,1,6,2,63,9,-1,-1,-1,3,3,3
2018350329032,1,9,0,4,0,1,0,0,0,0,2,1,5,2,42,7,1368,1,2,2,1,2
2018350329032,2,9,0,18,0,1,0,0,0,0,1,1,5,2,53,8,2149,2,10,4,3,4
2018350329281,1,9,0,16,0,0,1,10,0,0,1,1,6,1,36,7,2457,1,11,6,1,6
2018350329281,2,9,0,18,0,0,0,0,1,0,1,1,6,2,63,9,1596,1,5,8,1,8
2018350329313,1,9,0,5,0,8,0,0,0,0,1,1,6,1,27,6,1364,1,11,9,1,9
2018350329313,2,9,0,18,0,8,0,0,0,0,1,1,6,1,44,7,2993,2,2,3,1,3
2018350329564,1,9,0,17,0,0,0,0,0,0,4,1,5,1,25,5,2979,1,15,6,1,6
2018350329608,1,9,0,9,0,1,0,0,0,0,3,1,6,1,-1,-1,1781,1,16,-1,-1,-1
2018350329608,2,9,0,18,0,1,0,0,0,0,1,1,5,2,35,6,1991,2,11,4,3,4
2018350329645,1,9,0,18,0,8,0,0,0,0,1,1,5,2,18,4,1242,1,10,1,1,1
2018350329645,2,9,0,3,0,8,0,0,0,0,2,1,5,2,71,10,1598,1,2,3,1,3
2018350329703,1,19,0,18,0,0,0,0,0,0,1,1,5,1,35,6,1399,2,7,-1,-1,-1
2018350329703,2,21,1,18,0,0,0,0,0,0,3,1,1,1,54,8,12777,2,-1,6,3,6
2018350330021,1,11,0,15,4,0,0,0,0,0,0,1,1,1,-1,-1,7300,2,9,2,1,2
2018350330021,2,1,0,15,4,0,0,0,0,0,0,1,2,1,55,8,-1,-1,-1,6,1,6
2018350330080,1,9,0,18,0,0,0,0,0,0,3,1,6,2,38,7,1598,1,10,5,1,5
2018350330113,1,9,0,18,0,7,0,0,0,0,3,1,5,1,73,10,1596,1,13,10,2,10
2018350330113,2,3,0,7,0,3,0,0,0,0,1,1,5,1,33,6,125,1,-1,1,1,1
2018350330144,1,9,0,18,0,0,0,0,0,0,0,1,5,1,55,8,2993,2,8,8,1,8
2018350330144,2,3,0,18,0,0,0,0,0,0,0,1,5,1,20,4,108,1,1,1,1,1
2018350330202,1,21,1,12,0,0,0,0,0,0,1,1,1,1,26,6,11705,2,10,6,1,6
2018350330202,2,9,0,3,0,0,0,0,0,0,2,1,2,2,64,9,1598,1,4,6,1,6
2018350330211,1,9,0,9,0,1,0,0,0,0,1,1,2,1,26,6,1388,1,13,8,1,8
2018350330211,2,3,0,14,0,1,0,0,0,0,1,1,2,1,20,4,-1,-1,-1,6,2,6
2018350330290,1,9,0,18,0,0,0,0,1,9,0,1,6,1,71,10,-1,-1,-1,8,1,8
2018350330301,1,-1,0,4,9,0,0,0,0,0,0,1,6,1,-1,-1,-1,-1,-1,-1,-1,-1
2018350330308,1,9,0,4,0,0,0,0,0,0,1,1,1,2,19,4,1498,1,10,9,3,9
2018350330308,2,9,0,4,0,0,0,0,0,0,0,1,1,1,32,6,2179,2,7,8,2,8
2018350330321,1,9,0,18,0,0,0,0,0,0,1,1,5,2,43,7,1598,1,13,4,3,4
2018350330355,1,5,0,18,0,0,2,0,0,0,1,1,5,1,40,7,1137,1,15,3,3,3
2018350330355,2,9,0,18,0,0,0,0,0,0,2,1,5,2,24,5,1968,2,3,5,2,5
2018350330355,3,9,0,18,0,0,0,0,0,0,0,1,5,1,63,9,2179,2,9,4,3,4
2018350330355,4,9,0,18,0,0,0,0,0,0,0,1,5,1,58,9,2993,2,8,5,3,5
2018350330374,1,9,0,18,0,1,0,0,0,0,1,1,6,2,20,4,1198,1,13,10,1,10
2018350330374,2,9,0,18,0,1,0,0,0,0,2,1,6,1,79,11,1968,2,6,7,1,7
2018350330374,3,9,0,18,0,1,0,0,0,0,2,1,6,1,33,6,1596,1,7,7,1,7
2018350330374,4,9,0,18,0,1,0,0,0,0,2,1,6,2,71,10,1198,1,4,1,1,1
2018350330399,1,9,0,9,0,1,0,0,0,0,3,1,6,3,-1,-1,-1,-1,-1,-1,-1,-1
2018350330399,2,1,0,18,0,1,0,0,0,0,1,1,6,1,51,8,-1,-1,-1,8,1,8
2018350330428,1,11,0,18,0,1,0,0,0,0,4,1,1,3,-1,-1,-1,-1,-1,-1,-1,-1
2018350330428,2,1,0,18,0,1,0,0,0,0,3,1,6,2,22,5,-1,-1,-1,8,1,8
2018350330512,1,3,0,18,9,0,2,0,0,0,1,1,5,1,23,5,124,1,2,5,1,5
2018350330523,1,3,0,18,0,0,0,0,0,0,1,1,6,2,18,4,124,1,17,9,3,9
2018350330523,2,21,1,18,0,0,0,0,0,0,2,1,6,1,56,9,10837,2,3,8,3,8
2018350330570,1,9,0,3,0,0,0,0,0,0,2,1,6,1,-1,-1,1997,2,3,6,2,6
2018350330570,2,9,0,2,0,0,0,0,0,0,2,1,5,1,27,6,1398,1,6,5,2,5
2018350330603,1,9,0,1,0,0,0,0,0,0,2,1,6,1,87,11,1388,1,14,2,1,2
2018350330603,2,1,0,18,0,0,0,0,0,0,4,1,4,2,15,3,-1,-1,-1,4,1,4
2018350330710,1,98,0,1,0,0,0,0,0,0,2,1,6,3,-1,-1,-1,-1,-1,-1,-1,-1
2018350330737,1,9,0,9,0,1,0,0,0,0,1,1,6,1,-1,-1,1390,1,14,1,1,1
2018350330817,1,9,0,3,0,4,1,0,0,0,1,1,6,3,-1,-1,2198,2,12,-1,-1,-1
2018350330817,2,9,0,3,0,3,0,0,0,0,2,1,5,2,57,9,1461,2,1,2,1,2
2018350330827,1,9,0,18,0,0,0,0,1,0,1,1,6,2,75,10,1339,1,10,7,3,7
2018350330827,2,90,4,18,0,0,1,0,0,0,1,1,1,1,55,8,-1,-1,-1,2,1,2
2018350330876,1,9,0,18,0,1,0,0,0,0,1,1,6,1,51,8,1984,1,12,2,1,2
2018350330876,2,9,0,3,0,1,0,0,0,0,2,1,5,2,31,6,2967,2,6,5,1,5
2018350330910,1,98,1,18,0,0,0,0,0,0,1,1,6,1,38,7,-1,-1,-1,3,1,3
2018350330910,2,19,1,18,0,0,0,0,0,0,2,1,6,1,54,8,-1,-1,-1,6,1,6
2018350330910,3,9,0,18,0,0,0,0,0,0,2,1,6,1,22,5,1360,1,8,10,2,10
2018350330910,4,21,1,18,0,0,0,0,0,0,2,1,6,1,40,7,12809,2,4,1,1,1
2018350330943,1,19,0,9,0,8,0,0,0,0,1,1,1,3,-1,-1,1598,2,1,-1,-1,-1
2018350330943,2,1,0,18,0,8,0,0,0,0,1,1,2,2,32,6,-1,-1,-1,5,1,5
2018350330961,1,9,0,18,0,1,0,0,0,0,1,1,5,1,20,4,1995,2,7,5,3,5
2018350330961,2,98,0,18,0,1,0,0,0,0,2,1,5,1,46,8,-1,-1,-1,2,1,2
2018350330961,3,9,0,18,0,1,0,0,0,0,4,1,5,1,54,8,1598,2,-1,1,1,1
2018350330961,4,9,0,18,0,1,0,0,0,0,2,1,5,1,22,5,1229,1,-1,2,1,2
2018350330986,1,9,0,9,0,1,0,0,0,0,1,1,6,1,-1,-1,1997,2,12,-1,-1,-1
2018350330986,2,9,0,2,0,1,0,0,0,0,3,1,5,1,29,6,1995,2,12,2,1,2
2018350331061,1,9,0,18,0,0,0,0,7,9,1,1,6,3,-1,-1,998,1,4,-1,-1,-1
2018350331104,1,9,0,18,0,0,0,0,0,0,1,1,3,2,47,8,1149,1,11,8,3,8
2018350331248,1,9,0,17,0,0,0,0,0,0,1,1,5,1,60,9,1797,8,4,1,1,1
2018350331248,2,19,0,16,0,0,0,0,0,0,1,1,5,1,37,7,2198,2,3,8,3,8
2018350331392,1,9,0,17,0,0,1,0,7,4,3,1,5,1,35,6,1798,1,10,6,2,6
2018350331393,1,9,0,7,0,1,0,0,0,0,1,1,6,1,62,9,1560,2,12,7,1,7
2018350331393,2,1,0,4,4,1,0,0,0,0,1,1,2,1,54,8,-1,-1,-1,8,1,8
2018350331418,1,9,0,11,0,0,0,0,0,0,4,1,6,2,41,7,1368,1,10,3,1,3
2018350331418,2,5,0,18,0,0,0,0,0,0,3,1,6,1,54,8,-1,-1,-1,6,3,6
2018350331523,1,9,0,18,0,6,0,0,0,0,1,2,5,1,61,9,-1,-1,-1,-1,-1,-1
2018350331523,2,9,0,18,0,6,0,0,0,0,2,1,1,1,26,6,-1,-1,-1,1,1,1
2018350331748,1,9,0,7,0,4,2,0,1,1,2,1,5,2,73,10,1560,2,5,10,1,10
2018350331748,2,98,1,18,0,1,1,0,0,0,1,1,1,1,48,8,-1,-1,-1,-1,-1,-1
2018350331760,1,9,0,9,0,0,0,0,0,0,3,1,6,1,43,7,-1,-1,-1,9,3,9
2018350331760,2,5,0,16,0,0,1,0,0,0,1,1,6,1,57,9,1000,1,8,5,1,5
2018350331798,1,3,0,18,0,0,2,0,0,0,1,1,5,1,22,5,124,1,2,3,1,3
2018350331798,2,9,0,9,0,0,0,0,0,0,1,1,5,2,22,5,1598,1,8,6,1,6
2018350331815,1,21,1,5,0,0,0,0,0,0,3,1,1,1,-1,-1,12882,2,6,-1,-1,-1
2018350331815,2,1,0,14,0,0,5,0,0,0,4,1,1,1,54,8,-1,-1,-1,10,2,10
2018350331941,1,9,0,18,0,1,0,0,0,0,1,1,6,1,21,5,1830,1,23,6,3,6
2018350331941,2,19,0,18,0,1,0,0,0,0,1,1,1,1,30,6,2287,2,3,8,2,8
2018350331946,1,9,0,18,0,0,0,0,0,0,1,1,5,2,30,6,1364,1,-1,2,1,2
2018350331982,1,90,1,11,0,2,0,0,0,0,1,1,1,1,34,6,-1,-1,-1,-1,-1,-1
2018350331982,2,9,0,13,0,2,0,0,0,0,4,1,2,1,39,7,1206,1,8,1,1,1
2018350332002,1,9,0,18,0,0,2,0,0,0,1,1,1,1,31,6,-1,-1,-1,8,1,8
2018350332002,2,9,0,18,0,0,1,0,1,0,1,1,3,2,49,8,1395,1,1,7,3,7
2018350332033,1,9,0,18,0,0,1,10,1,0,1,1,5,2,65,9,1582,2,7,5,1,5
2018350332163,1,9,0,18,0,0,0,0,0,0,1,1,5,1,60,9,1968,2,6,10,3,10
2018350332163,2,9,0,18,0,0,0,0,1,0,2,1,5,1,45,7,1781,1,18,5,1,5
2018350332182,1,9,0,17,0,0,1,0,0,0,1,1,5,1,33,6,1986,2,11,5,2,5
2018350332182,2,9,0,16,0,0,0,0,1,0,1,1,5,2,39,7,1461,2,9,9,3,9
2018350332273,1,1,0,18,0,6,0,0,0,0,3,1,2,2,73,10,-1,-1,-1,3,1,3
2018350332273,2,19,0,7,0,2,0,0,0,0,1,1,1,1,28,6,1995,2,5,3,1,3
2018350332332,1,3,0,18,0,0,1,0,0,0,0,1,6,2,55,8,124,1,8,4,3,4
2018350332348,1,19,0,18,0,0,0,0,0,0,4,1,1,1,32,6,1995,2,-1,2,1,2
2018350332377,1,9,0,18,0,2,0,0,0,0,1,1,1,2,49,8,1197,1,2,6,1,6
2018350332397,1,9,0,4,0,0,0,0,0,0,1,1,5,2,39,7,1995,2,12,10,2,10
2018350332397,2,9,0,4,0,0,0,0,0,0,2,1,1,1,46,8,1399,1,2,9,-1,9
2018350332465,1,9,0,9,0,0,0,0,0,0,4,1,2,2,27,6,1198,1,12,8,1,8
2018350332465,2,9,0,18,0,0,0,0,0,0,1,1,1,1,41,7,1595,1,7,4,1,4
2018350332498,1,9,0,18,0,1,0,0,0,0,1,1,5,1,24,5,1598,2,2,2,1,2
2018350332498,2,9,0,18,0,1,0,0,0,0,2,1,5,1,37,7,2295,1,16,9,1,9
2018350332498,3,9,0,18,0,1,0,0,0,0,2,1,5,2,54,8,1248,1,3,7,1,7
2018350332498,4,19,0,18,0,1,0,0,0,0,2,1,1,1,45,7,2143,2,1,6,1,6
2018350332569,1,-1,0,9,0,6,0,0,0,0,1,1,6,3,-1,-1,-1,-1,-1,-1,-1,-1
2018350332569,2,1,0,9,0,8,0,0,0,0,3,1,6,1,17,4,-1,-1,-1,5,1,5
2018350332599,1,9,0,12,0,0,0,0,4,0,2,1,5,1,36,7,1968,2,9,4,2,4
2018350332599,2,9,0,18,0,0,0,0,4,0,4,1,5,1,60,9,1598,1,3,8,1,8
2018350332657,1,9,0,5,9,0,0,0,7,0,1,1,3,3,-1,-1,1396,1,17,-1,-1,-1
2018350332716,1,9,0,18,0,0,0,0,0,0,2,1,6,3,-1,-1,-1,-1,-1,-1,-1,-1
2018350332716,2,1,0,14,0,0,0,0,0,0,1,1,5,1,43,7,-1,-1,-1,10,2,10
2018350332756,1,9,0,18,0,0,0,0,0,0,1,1,6,2,-1,-1,-1,-1,-1,-1,-1,-1
2018350332949,1,9,0,9,0,0,0,0,0,0,2,1,6,1,35,6,-1,-1,-1,2,3,2
2018350332949,2,9,0,18,0,0,0,0,0,0,1,1,6,1,59,9,-1,-1,-1,3,1,3
2018350333002,1,9,0,9,0,0,0,0,0,0,3,1,4,2,19,4,1388,1,7,6,1,6
2018350333002,2,3,0,13,0,0,0,0,0,0,1,1,1,1,18,4,125,1,-1,9,1,9
2018350333054,1,9,0,9,0,8,0,0,0,0,1,1,5,1,40,7,1591,1,-1,9,3,9
2018350333054,2,9,0,18,0,8,0,0,0,0,3,1,5,2,50,8,-1,-1,-1,5,1,5
2018350333075,1,19,0,10,0,1,0,0,0,0,2,1,6,3,-1,-1,1560,2,4,-1,-1,-1
2018350333075,2,9,0,18,0,1,0,0,0,0,1,1,6,2,57,9,1499,1,2,9,1,9
2018350333092,1,1,0,15,0,0,0,0,0,0,1,1,6,1,28,6,-1,-1,-1,8,2,8
2018350333092,2,9,0,5,0,0,0,0,0,0,4,1,6,1,65,9,1998,1,1,10,3,10
2018350333164,1,19,0,18,0,8,0,0,0,0,2,1,6,1,24,5,1598,2,2,8,2,8
2018350333164,2,9,0,18,0,8,0,0,0,0,1,1,5,1,25,5,1870,2,12,8,1,8
2018350333179,1,19,0,18,0,8,0,0,0,0,3,1,1,1,55,8,1995,2,6,4,2,4
2018350333179,2,1,0,18,0,8,0,0,0,0,1,1,2,2,59,9,-1,-1,-1,6,3,6
2018350333436,1,9,0,3,0,0,0,0,0,0,2,1,5,1,83,11,-1,-1,-1,9,2,9
2018350333436,2,9,0,4,0,0,1,0,0,0,1,1,2,1,24,5,-1,-1,-1,9,1,9
2018350333471,1,9,0,18,0,8,0,0,0,0,1,1,5,2,44,7,1596,1,17,9,2,9
2018350333811,1,9,0,18,0,0,0,0,0,0,1,1,6,2,24,5,1360,1,15,2,1,2
2018350333811,2,9,0,2,0,0,0,0,0,0,1,1,6,2,25,5,1998,1,8,6,1,6
2018350333844,1,9,0,18,0,0,0,0,0,0,1,1,6,1,-1,-1,-1,-1,-1,-1,-1,-1
2018350333844,2,9,0,18,0,0,0,0,0,0,2,1,5,1,20,4,2316,1,22,8,3,8
2018350334224,1,5,0,18,0,1,2,0,1,9,1,1,6,1,71,10,749,1,22,5,1,5
2018350334224,2,9,0,18,0,1,0,0,0,0,2,1,6,1,34,6,1560,2,8,4,-1,4
2018350334286,1,22,0,5,0,6,2,0,0,0,4,1,5,1,73,10,-1,-1,-1,2,1,2
2018350334286,2,9,0,18,0,3,0,0,0,0,1,1,5,2,91,11,1149,1,14,2,1,2
2018350334344,1,9,0,9,0,6,0,0,0,0,1,1,2,2,24,5,2295,1,18,9,2,9
2018350334344,2,9,0,18,0,8,1,0,0,0,4,1,3,1,40,7,2191,2,2,8,3,8
2018350334348,1,-1,0,18,0,1,0,0,0,0,1,1,6,3,-1,-1,-1,-1,-1,-1,-1,-1
2018350334348,2,1,0,18,0,1,0,0,0,0,2,1,4,1,12,3,-1,-1,-1,9,1,9
2018350334417,1,98,0,18,0,0,0,0,0,0,1,1,6,3,-1,-1,-1,-1,-1,-1,-1,-1
2018350334417,2,1,0,18,0,0,0,0,0,0,2,1,6,2,58,9,-1,-1,-1,7,3,7
2018350334464,1,9,0,7,0,6,0,0,0,0,1,1,6,2,61,9,3311,8,10,7,1,7
2018350334464,2,1,0,18,0,8,0,0,0,0,4,1,4,1,16,4,-1,-1,-1,8,1,8
2018350334484,1,9,0,18,0,0,0,0,1,0,1,1,5,1,54,8,1398,2,16,1,1,1
2018350334539,1,9,0,18,0,0,0,0,0,0,1,1,1,1,25,5,1968,2,-1,10,2,10
2018350334555,1,9,0,5,0,0,0,0,0,0,2,1,1,2,25,5,1395,1,-1,10,1,10
2018350334555,2,98,0,18,0,0,0,11,4,0,0,1,6,3,-1,-1,-1,-1,-1,-1,-1,-1
2018350334574,1,9,0,18,0,0,0,0,0,0,1,1,6,2,48,8,1896,2,12,8,1,8
2018350334574,2,9,0,18,0,0,0,0,0,0,2,1,1,2,51,8,1995,2,3,4,3,4
2018350334649,1,8,0,18,0,0,0,0,0,0,1,1,1,1,58,9,1996,2,8,5,1,5
2018350334763,1,9,0,18,0,0,2,0,1,1,1,1,5,1,42,7,1896,2,12,6,3,6
2018350335042,1,9,0,4,0,0,0,0,0,0,2,1,6,1,46,8,2993,2,4,5,3,5
2018350335042,2,9,0,3,0,0,0,0,0,0,1,1,6,2,35,6,1997,2,7,2,1,2
2018350335048,1,9,0,18,0,0,0,0,0,0,1,1,1,1,44,7,1496,2,3,8,2,8
2018350335048,2,9,0,18,0,0,0,0,0,0,1,1,1,1,37,7,1969,2,-1,4,1,4
2018350335051,1,9,0,3,0,0,0,0,0,0,1,1,1,1,21,5,1199,1,1,5,1,5
2018350335051,2,9,0,3,0,0,0,0,0,0,2,1,5,1,62,9,-1,-1,-1,6,2,6
2018350335076,1,9,0,7,0,6,0,0,0,0,4,1,5,2,83,11,1086,1,7,8,2,8
2018350335076,2,21,0,18,0,1,0,0,0,0,1,1,1,1,48,8,12419,2,6,7,2,7
2018350335119,1,9,0,18,0,1,0,0,0,0,1,1,2,2,-1,-1,1995,2,8,7,1,7
2018350335119,2,9,0,9,0,1,0,0,0,0,1,1,2,1,38,7,1969,2,3,8,3,8
2018350335215,1,9,0,18,0,0,2,0,0,0,3,1,6,2,-1,-1,1349,1,11,8,1,8
2018350335215,2,9,0,18,0,0,1,0,0,0,4,1,6,1,21,5,1968,2,9,4,1,4
2018350335240,1,9,0,18,0,2,0,0,0,0,1,1,1,1,26,6,1560,2,7,5,3,5
2018350335240,2,9,0,18,0,2,0,0,0,0,1,1,5,2,40,7,1968,2,3,9,3,9
2018350335323,1,21,1,11,0,0,0,0,0,0,1,1,1,1,34,6,12419,2,-1,10,1,10
2018350335323,2,9,0,18,0,0,1,0,0,0,2,1,5,1,56,9,1461,2,3,10,1,10
2018350335323,3,19,0,18,0,0,0,1,0,0,1,1,1,1,48,8,2402,2,12,1,1,1
2018350335434,1,9,0,18,0,0,1,0,1,0,4,1,5,1,36,7,1968,2,12,8,3,8
2018350335438,1,9,0,16,0,0,1,0,1,0,3,1,5,2,21,5,1149,1,10,7,3,7
2018350335456,1,9,0,18,0,2,0,0,0,0,1,1,6,1,46,8,2993,2,2,8,2,8
2018350335484,1,9,0,4,0,4,1,0,1,0,1,1,2,1,38,7,-1,-1,-1,10,1,10
2018350335496,1,9,0,18,0,1,0,0,0,0,3,1,6,2,74,10,998,1,8,10,2,10
2018350335496,2,1,0,18,0,1,0,0,0,0,1,1,6,2,10,2,-1,-1,-1,10,3,10
2018350335511,1,9,0,18,0,0,0,0,1,9,1,1,6,2,54,8,1339,1,11,9,3,9
2018350335603,1,9,0,4,0,0,0,0,0,0,1,1,6,2,60,9,1598,1,6,10,1,10
2018350335603,2,9,0,3,0,0,0,0,0,0,2,1,6,2,63,9,998,1,-1,10,1,10
2018350335619,1,9,0,16,0,0,2,0,7,0,3,1,5,1,39,7,1339,1,13,8,2,8
2018350335658,1,9,0,18,0,0,5,0,1,0,4,1,1,2,29,6,1598,1,1,7,2,7
2018350335658,2,9,0,2,0,0,0,4,0,0,3,1,5,2,34,6,1998,1,1,8,3,8
2018350335666,1,9,0,7,0,0,1,0,7,0,1,1,6,2,38,7,1798,1,10,7,3,7
2018350335666,2,9,0,4,0,0,0,0,1,0,1,1,2,2,23,5,1995,2,7,3,1,3
2018350335695,1,9,0,13,0,0,0,0,0,0,1,1,5,1,49,8,1968,2,7,9,1,9
2018350335695,2,9,0,18,0,0,0,0,0,0,1,1,5,1,69,10,1560,2,-1,4,3,4
2018350335713,1,9,0,17,0,3,1,0,1,0,3,1,5,2,34,6,1598,1,12,2,1,2
2018350335713,2,9,0,16,0,4,0,0,0,0,3,1,5,1,29,6,-1,-1,-1,9,-1,9
2018350335815,1,19,0,9,0,3,0,0,0,0,1,1,5,1,22,5,1870,2,16,6,2,6
2018350335815,2,9,0,18,0,4,0,0,0,0,3,1,5,1,35,6,1968,2,8,6,1,6
2018350335825,1,90,0,1,0,0,0,0,0,0,2,1,1,1,-1,-1,8970,2,10,-1,-1,-1
2018350335825,2,9,0,1,0,0,0,0,0,0,2,1,1,1,54,8,1398,1,1,6,2,6
2018350335922,1,9,0,5,0,8,0,0,0,0,1,1,6,1,-1,-1,-1,-1,-1,9,2,9
2018350335922,2,1,0,18,0,1,0,0,0,0,3,1,6,1,52,8,-1,-1,-1,8,3,8
2018350336037,1,9,0,18,0,0,0,0,1,9,1,1,6,1,45,7,1198,1,15,5,2,5
2018350336037,2,19,0,18,0,0,0,0,0,0,1,1,5,1,51,8,2800,2,17,5,3,5
2018350336086,1,4,0,18,0,0,5,0,0,0,1,1,6,1,20,4,471,1,3,9,1,9
2018350336086,2,9,0,18,0,0,0,0,0,0,2,1,6,2,33,6,1395,1,2,10,2,10
2018350336132,1,9,0,18,0,2,0,0,7,10,1,1,2,1,29,6,-1,-1,-1,4,1,4
2018350336293,1,9,0,4,0,0,0,0,0,0,1,1,6,1,53,8,1197,1,1,5,1,5
2018350336293,2,9,0,4,0,0,0,0,0,0,2,1,6,2,49,8,1598,1,10,5,2,5
2018350336293,3,9,0,4,0,0,0,0,0,0,2,1,6,1,43,7,1598,1,2,9,1,9
2018350336293,4,9,0,4,0,0,0,0,0,0,2,1,6,1,22,5,998,1,6,7,1,7
2018350336293,5,9,0,4,0,0,0,0,0,0,2,1,6,2,29,6,2400,2,6,3,1,3
2018350336297,1,9,0,18,0,0,0,0,0,0,2,1,1,1,29,6,1493,2,11,6,-1,6
2018350336297,2,9,0,18,0,0,0,0,0,0,1,1,5,2,40,7,1598,2,-1,4,1,4
2018350336322,1,21,1,9,0,5,0,0,0,0,3,1,1,1,31,6,12740,2,2,9,1,9
2018350336322,2,4,0,18,0,8,1,0,0,0,1,1,5,1,34,6,411,1,-1,6,1,6
2018350336367,1,9,0,13,0,0,0,0,0,0,4,1,1,1,37,7,1398,2,11,10,2,10
2018350336367,2,9,0,18,0,0,5,0,1,0,1,1,5,1,20,4,999,1,-1,3,1,3
2018350336394,1,9,0,3,0,0,0,0,0,0,1,1,6,3,-1,-1,1582,2,2,-1,-1,-1
2018350336394,2,9,0,3,0,0,0,0,0,0,2,1,5,1,48,8,1598,1,17,8,1,8
2018350336445,1,9,0,9,0,8,0,0,0,0,1,1,5,2,55,8,1461,2,2,9,2,9
2018350336450,1,4,0,13,0,1,0,0,0,0,1,1,6,3,-1,-1,499,1,16,-1,-1,-1
2018350336450,2,90,0,9,0,5,0,0,0,0,2,1,6,1,58,9,-1,-1,-1,7,3,7
2018350336520,1,9,0,16,0,3,2,10,7,0,4,1,5,2,49,8,-1,-1,-1,5,3,5
2018350336537,1,9,0,5,0,2,0,0,0,0,4,1,1,1,31,6,-1,-1,-1,6,1,6
2018350336537,2,4,0,18,0,3,0,0,1,0,1,1,2,1,44,7,471,1,5,8,1,8
2018350336589,1,19,0,4,0,0,0,0,0,0,2,1,1,1,46,8,1560,2,3,4,3,4
2018350336589,2,9,0,4,0,0,0,0,0,0,1,1,6,1,76,11,1197,1,2,3,3,3
2018350336589,3,9,0,18,0,0,0,0,0,0,1,1,6,1,19,4,1598,1,14,2,1,2
2018350336621,1,9,0,4,0,0,0,0,0,0,0,1,5,1,75,10,2400,2,2,9,3,9
2018350336621,2,1,0,18,5,0,0,0,0,0,0,1,5,1,11,3,-1,-1,-1,8,2,8
2018350336729,1,9,0,7,0,1,0,0,0,0,1,1,6,3,-1,-1,1364,1,11,-1,-1,-1
2018350336729,2,9,0,18,0,1,0,0,0,0,1,1,6,2,61,9,1461,2,6,9,1,9
2018350336806,1,9,0,5,0,0,0,0,0,0,4,1,6,3,-1,-1,-1,-1,-1,-1,-1,-1
2018350336806,2,1,0,18,0,0,0,0,0,0,4,1,6,2,53,8,-1,-1,-1,5,1,5
2018350336846,1,9,0,18,0,0,0,4,0,0,1,1,2,2,42,7,1590,1,13,6,1,6
2018350336846,2,9,0,2,0,0,0,0,0,0,2,1,6,1,30,6,1968,2,6,9,1,9
2018350336862,1,11,0,18,0,4,0,0,0,0,1,1,2,1,58,9,4461,2,4,2,1,2
2018350336862,2,1,0,7,0,4,0,0,0,0,1,1,1,1,24,5,-1,-1,-1,4,1,4