Accident_Index,Vehicle_Reference,Vehicle_Type,Towing_and_Articulation,Vehicle_Manoeuvre,Vehicle_Location-Restricted_Lane,Junction_Location,Skidding_and_Overturning,Hit_Object_in_Carriageway,Vehicle_Leaving_Carriageway,Hit_Object_off_Carriageway,1st_Point_of_Impact,Was_Vehicle_Left_Hand_Drive?,Journey_Purpose_of_Driver,Sex_of_Driver,Age_of_Driver,Age_Band_of_Driver,Engine_Capacity_(CC),Propulsion_Code,Age_of_Vehicle,Driver_IMD_Decile,Driver_Home_Area_Type,Vehicle_IMD_Decile
2018350336960,1,8,0,5,0,0,0,0,0,0,4,1,6,1,-1,-1,-1,-1,-1,5,1,5
2018350336960,2,1,0,18,0,0,0,0,0,0,3,1,5,1,31,6,-1,-1,-1,7,1,7
2018350337065,1,9,0,18,0,6,0,0,0,0,1,1,1,1,24,5,-1,-1,-1,8,1,8
2018350337079,1,9,0,2,0,2,0,0,0,0,3,1,3,2,21,5,1598,1,1,9,2,9
2018350337079,2,1,0,14,0,2,0,0,0,0,1,1,2,2,34,6,-1,-1,-1,6,1,6
2018350337118,1,9,0,5,0,5,0,0,0,0,2,1,5,2,31,6,2183,2,8,10,2,10
2018350337118,2,1,0,7,0,5,0,0,0,0,1,1,5,1,92,11,-1,-1,-1,1,1,1
2018350337124,1,9,0,17,0,8,0,0,1,0,1,1,5,1,20,4,1199,2,5,5,1,5
2018350337128,1,9,0,18,0,0,0,0,0,0,1,1,2,2,25,5,1686,2,12,7,1,7
2018350337128,2,1,0,18,0,0,0,0,0,0,2,1,6,2,48,8,-1,-1,-1,3,1,3
2018350337146,1,9,0,18,0,0,0,0,0,0,2,1,5,1,47,8,1560,2,4,5,3,5
2018350337146,2,9,0,18,0,0,0,0,0,0,2,1,5,1,68,10,1461,2,6,7,2,7
2018350337146,3,9,0,18,0,0,0,0,0,0,1,1,5,1,67,10,998,1,2,6,1,6
2018350337173,1,9,0,16,0,0,1,0,0,0,1,1,1,2,30,6,1391,1,21,5,1,5
2018350337173,2,9,0,17,0,0,0,0,0,0,1,1,1,2,31,6,1598,1,11,10,-1,10
2018350337400,1,9,0,16,0,0,2,0,1,10,3,1,5,1,25,5,1995,2,5,3,1,3
2018350337401,1,9,0,4,0,0,0,0,0,0,4,1,5,1,31,6,1984,1,11,10,1,10
2018350337401,2,9,0,4,0,0,1,0,1,0,2,1,2,2,24,5,1229,1,4,10,2,10
2018350337401,3,9,0,4,0,0,0,0,0,0,3,1,5,1,33,6,1395,1,1,3,1,3
2018350337401,4,9,0,4,0,0,0,0,0,0,2,1,5,1,31,6,1995,2,3,2,1,2
2018350337424,1,9,0,18,0,0,0,0,0,0,1,1,6,3,-1,-1,-1,-1,-1,-1,-1,-1
2018350337424,2,1,0,18,0,0,5,0,0,0,4,1,5,1,44,7,-1,-1,-1,3,1,3
2018350337427,1,9,0,18,0,0,0,0,0,0,1,1,6,1,-1,-1,1596,1,15,-1,-1,-1
2018350337466,1,9,0,7,4,3,0,0,0,0,3,1,6,2,47,8,1896,2,15,8,1,8
2018350337466,2,1,0,9,4,8,2,0,0,0,4,1,6,1,46,8,-1,-1,-1,4,3,4
2018350337486,1,9,0,17,0,0,2,0,1,0,1,1,5,2,63,9,-1,-1,-1,9,3,9
2018350337512,1,9,0,18,0,0,5,0,7,0,1,1,6,1,39,7,1248,2,13,2,1,2
2018350337594,1,98,0,18,0,0,5,0,1,9,4,1,1,1,55,8,-1,-1,-1,3,2,3
2018350337604,1,9,0,18,0,0,0,0,0,0,2,1,5,2,25,5,998,1,2,4,2,4
2018350337604,2,9,0,4,0,0,0,0,0,0,0,1,5,1,30,6,988,1,-1,5,1,5
2018350337607,1,9,0,5,0,7,1,0,0,0,4,1,6,2,24,5,1598,2,6,8,1,8
2018350337607,2,90,2,5,0,1,0,0,0,0,1,1,6,1,63,9,-1,-1,-1,5,2,5
2018350337690,1,9,0,7,0,8,0,0,0,0,4,1,6,1,80,11,1242,1,10,5,1,5
2018350337690,2,1,0,18,0,8,5,0,0,0,1,1,6,1,-1,-1,-1,-1,-1,5,1,5
2018350337747,1,8,0,2,0,0,0,0,0,0,1,1,1,1,32,6,1798,8,2,5,1,5
2018350337911,1,9,0,15,0,1,0,0,0,0,1,1,6,3,-1,-1,-1,-1,-1,-1,-1,-1
2018350337911,2,1,0,9,0,1,0,0,0,0,2,1,6,2,17,4,-1,-1,-1,8,1,8
2018350338094,1,9,0,18,0,0,0,0,0,0,1,1,6,2,27,6,1560,2,8,7,1,7
2018350338242,1,9,0,18,0,4,0,0,1,9,1,1,5,1,52,8,998,1,14,1,1,1
2018350338351,1,9,0,9,0,8,0,0,0,0,1,1,6,1,49,8,-1,-1,-1,8,1,8
2018350338351,2,1,0,10,0,2,5,0,0,0,4,1,6,2,47,8,-1,-1,-1,9,1,9
2018350338404,1,9,0,18,0,4,0,0,0,0,0,1,5,1,62,9,1995,2,2,9,1,9
2018350338404,2,9,0,18,0,8,1,0,1,4,4,1,2,2,21,5,1998,1,14,6,3,6
2018350338519,1,9,0,18,0,1,1,0,0,0,3,1,3,2,44,7,1999,1,14,5,2,5
2018350338519,2,9,0,18,0,1,1,0,3,0,1,1,5,1,74,10,2199,2,7,8,1,8
2018350338587,1,19,0,16,0,2,0,0,0,0,1,1,2,1,37,7,2198,2,5,3,3,3
2018350338632,1,9,0,7,6,0,0,0,0,0,1,1,5,3,34,6,1910,2,10,9,3,9
2018350338632,2,1,0,18,9,0,5,0,0,0,1,1,6,1,30,6,-1,-1,-1,9,3,9
2018350338896,1,19,0,18,0,0,1,0,0,0,4,1,1,1,21,5,1968,2,1,6,3,6
2018350338896,2,98,0,18,0,0,0,0,0,0,2,1,6,3,-1,-1,-1,-1,-1,-1,-1,-1
2018350338974,1,9,0,4,0,0,1,0,1,9,1,1,6,1,64,9,1597,2,1,10,3,10
2018350338974,2,9,0,4,0,0,0,0,0,0,2,1,2,1,52,8,1461,2,1,10,1,10
2018350338975,1,9,0,18,0,0,0,0,0,0,3,1,1,1,52,8,998,1,17,2,1,2
2018350338975,2,1,0,18,0,0,0,0,0,0,1,1,6,2,44,7,-1,-1,-1,2,1,2
2018350339168,1,9,0,3,0,1,0,0,0,0,1,1,5,2,46,8,998,1,1,8,1,8
2018350339168,2,9,0,18,0,1,0,0,0,0,2,1,5,2,34,6,1896,2,11,1,1,1
2018350339172,1,9,0,13,0,0,0,0,0,0,1,1,6,2,30,6,1199,1,-1,3,3,3
2018350339172,2,1,0,18,0,0,0,0,1,0,1,1,6,1,43,7,-1,-1,-1,4,1,4
2018350339241,1,21,0,3,0,0,0,0,0,0,1,1,1,1,50,8,12777,2,4,-1,-1,-1
2018350339241,2,9,0,3,0,0,0,0,0,0,2,1,5,2,71,10,1200,1,2,6,3,6
2018350339359,1,9,0,4,0,1,0,0,0,0,1,1,5,2,30,6,2720,2,10,3,1,3
2018350339359,2,9,0,4,0,1,0,0,0,0,2,1,5,2,23,5,1242,1,6,6,2,6
2018350339359,3,9,0,4,0,1,0,0,0,0,2,1,5,1,41,7,1968,2,9,6,1,6
2018350339361,1,9,0,3,0,7,1,0,1,0,1,1,5,1,84,11,1997,2,10,9,2,9
2018350339361,2,9,0,5,0,6,0,0,0,0,2,1,5,1,35,6,2143,2,-1,2,1,2
2018350339401,1,9,0,9,0,5,0,0,0,0,4,1,6,2,36,7,1242,1,9,4,2,4
2018350339401,2,5,0,18,0,8,0,0,0,0,2,1,6,1,49,8,1157,1,13,5,1,5
2018350339405,1,9,0,18,0,0,5,4,0,0,1,1,6,2,80,11,1490,1,10,7,1,7
2018350339405,2,9,0,2,0,0,0,0,0,0,2,1,6,3,-1,-1,1595,2,9,-1,-1,-1
2018350339432,1,19,0,13,0,0,0,0,0,0,4,1,2,1,18,4,1998,2,15,-1,-1,-1
2018350339432,2,1,0,18,0,0,0,0,1,0,3,1,2,1,54,8,-1,-1,-1,-1,-1,-1
2018350339551,1,9,0,18,0,8,0,0,0,0,1,1,6,1,18,4,1560,2,8,9,3,9
2018350339551,2,9,0,5,0,6,0,0,0,0,3,1,6,1,24,5,1968,2,7,6,2,6
2018350339554,1,21,1,18,0,3,0,0,0,0,1,1,1,1,58,9,10837,2,2,5,3,5
2018350339554,2,9,0,18,0,3,0,0,0,0,3,1,6,2,35,6,1896,2,11,2,1,2
2018350339579,1,21,1,18,0,1,0,0,0,0,1,1,1,1,43,7,12777,2,5,1,1,1
2018350339579,2,21,1,18,0,1,0,0,0,0,2,1,1,1,55,8,12900,2,6,4,1,4
2018350339579,3,21,1,18,0,1,0,0,0,0,2,1,1,1,52,8,12777,2,-1,7,2,7
2018350339587,1,9,0,9,0,1,0,0,0,0,4,1,1,2,43,7,1997,2,11,8,3,8
2018350339587,2,9,0,18,0,1,0,0,0,0,1,1,1,1,32,6,1997,2,6,6,3,6
2018350339655,1,1,0,9,0,2,0,0,0,0,1,1,2,1,50,8,-1,-1,-1,8,2,8
2018350339655,2,9,0,18,0,2,0,0,0,0,4,1,6,2,32,6,1339,1,14,9,1,9
2018350339658,1,9,0,18,0,1,0,0,0,0,1,1,6,2,20,4,1150,1,14,7,3,7
2018350339658,2,5,0,18,0,1,0,0,0,0,1,1,6,1,44,7,599,1,8,6,2,6
2018350339752,1,9,0,18,0,0,0,0,0,0,1,1,5,1,20,4,998,1,1,6,2,6
2018350339752,2,9,0,18,0,0,0,0,0,0,1,1,5,2,21,5,1997,2,2,9,1,9
2018350339752,3,9,0,18,0,0,0,0,0,0,0,1,5,2,36,7,2191,2,-1,3,1,3
2018350339752,4,9,0,18,0,0,0,0,0,0,0,1,5,1,29,6,1580,8,-1,3,1,3
2018350339986,1,9,0,18,0,0,0,0,4,0,3,1,5,2,48,8,1753,2,11,5,1,5
2018350339986,2,9,0,18,0,0,0,0,4,0,4,1,5,1,41,7,1242,1,6,9,3,9
2018350340055,1,9,0,4,0,0,0,0,0,0,1,1,5,3,-1,-1,1397,1,11,-1,-1,-1
2018350340055,2,9,0,1,0,0,0,0,0,0,2,1,5,1,49,8,1968,2,9,-1,-1,-1
2018350340150,1,9,0,4,0,1,0,0,0,0,1,1,5,2,53,8,1968,2,6,1,1,1
2018350340150,2,9,0,3,0,1,0,0,0,0,2,1,1,1,56,9,-1,-1,-1,9,3,9
2018350340162,1,9,0,4,0,1,0,0,0,0,1,1,2,2,39,7,1349,1,5,5,3,5
2018350340162,2,9,0,4,0,1,0,0,0,0,2,1,2,1,46,8,-1,-1,-1,5,1,5
2018350340169,1,9,0,16,0,0,2,0,7,0,1,1,6,1,23,5,2982,2,21,5,2,5
2018350340191,1,9,0,18,0,6,0,0,0,0,1,1,6,1,37,7,1598,2,3,10,1,10
2018350340191,2,1,0,18,0,8,0,0,0,0,1,1,6,2,-1,-1,-1,-1,-1,9,1,9
2018350340261,1,9,0,18,0,0,1,0,1,4,1,1,1,1,25,5,1997,2,14,4,1,4
2018350340264,1,9,0,9,9,0,0,0,0,0,1,1,6,2,45,7,1997,2,2,5,3,5
2018350340264,2,1,0,18,9,0,0,0,0,0,3,1,4,1,13,3,-1,-1,-1,2,1,2
2018350340292,1,9,0,5,0,4,0,0,0,0,1,1,6,1,-1,-1,1598,1,12,1,1,1
2018350340292,2,9,0,4,0,4,0,0,0,0,2,1,2,2,28,6,1388,1,15,7,1,7
2018350340323,1,9,0,18,0,0,0,0,0,0,1,1,6,3,-1,-1,-1,-1,-1,-1,-1,-1
2018350340323,2,1,0,18,0,0,5,0,0,0,4,1,6,2,37,7,-1,-1,-1,4,1,4
2018350340355,1,9,0,18,0,0,0,10,0,0,4,1,5,1,53,8,2685,2,13,8,3,8
2018350340380,1,19,0,18,0,0,0,0,0,0,1,1,6,1,23,5,1560,2,1,5,2,5
2018350340380,2,9,0,3,0,0,0,0,0,0,2,1,6,1,52,8,1598,1,12,6,2,6
2018350340380,3,9,0,3,0,0,0,0,0,0,2,1,6,2,34,6,1499,2,2,2,3,2
2018350340395,1,9,0,9,0,5,0,0,0,0,1,1,2,2,46,8,1598,1,3,8,1,8
2018350340395,2,9,0,18,0,8,0,0,0,0,2,1,2,2,28,6,998,1,2,8,3,8
2018350340395,3,9,0,18,0,8,0,0,0,0,2,1,2,2,39,7,1400,1,13,9,1,9
2018350340403,1,9,0,9,0,8,0,0,0,0,1,1,5,3,43,7,1248,2,10,5,1,5
2018350340403,2,1,0,18,0,8,0,0,0,0,3,1,5,1,-1,-1,-1,-1,-1,9,1,9
2018350340487,1,3,0,18,0,0,0,0,0,0,0,1,6,1,33,6,125,1,4,5,1,5
2018350340487,2,9,0,18,0,0,0,0,0,0,0,1,1,1,-1,-1,-1,-1,-1,9,1,9
2018350340505,1,9,0,3,0,1,0,0,0,0,1,1,2,2,37,7,1598,1,12,2,1,2
2018350340505,2,9,0,7,0,6,0,0,0,0,1,1,2,2,21,5,1149,1,10,9,1,9
2018350340509,1,1,0,18,0,8,0,0,0,0,3,1,6,2,57,9,-1,-1,-1,8,1,8
2018350340509,2,19,0,18,0,8,0,0,0,0,1,1,6,1,25,5,1598,2,1,3,1,3
2018350340523,1,21,1,18,0,4,0,9,3,0,1,1,1,1,59,9,12900,2,7,1,1,1
2018350340670,1,9,0,5,0,4,0,0,0,0,1,1,6,3,-1,-1,-1,-1,-1,-1,-1,-1
2018350340670,2,19,0,18,0,8,0,0,0,0,4,1,5,2,35,6,1868,2,13,5,3,5
2018350340703,1,9,0,5,0,2,0,0,0,0,3,1,5,1,48,8,1968,2,4,9,3,9
2018350340705,1,9,0,18,0,7,1,0,1,0,1,1,6,1,44,7,1969,2,1,8,2,8
2018350340705,2,19,0,18,0,6,1,0,0,0,1,1,2,1,31,6,1499,2,1,5,1,5
2018350340708,1,9,0,18,0,0,0,0,1,0,3,1,5,1,46,8,2993,2,2,5,1,5
2018350340732,1,9,0,9,0,6,0,0,0,0,3,1,2,2,23,5,-1,-1,-1,4,1,4
2018350340732,2,21,1,18,0,8,0,0,0,0,1,1,5,1,31,6,12419,2,1,9,1,9
2018350340737,1,9,0,18,0,1,0,0,0,0,4,1,2,2,23,5,1364,2,10,5,3,5
2018350340823,1,9,0,5,0,4,0,0,0,0,1,1,2,2,19,4,998,1,12,5,2,5
2018350340823,2,1,0,18,0,3,0,0,0,0,4,1,2,2,30,6,-1,-1,-1,9,1,9
2018350340834,1,9,0,18,0,3,5,7,7,0,1,1,2,2,76,11,1248,2,14,8,2,8
2018350340842,1,9,0,9,0,8,0,0,0,0,4,1,6,1,55,8,1200,1,-1,-1,-1,-1
2018350340842,2,1,0,18,0,8,0,0,0,0,1,1,6,1,23,5,-1,-1,-1,8,1,8
2018350340881,1,9,0,9,0,8,0,0,0,0,1,1,1,2,32,6,1597,2,1,5,1,5
2018350340881,2,1,0,18,0,6,0,0,0,0,1,1,2,2,22,5,-1,-1,-1,6,1,6
2018350340981,1,98,0,18,0,1,0,0,1,0,4,1,6,3,-1,-1,-1,-1,-1,-1,-1,-1
2018350340986,1,9,0,14,0,0,0,0,0,0,1,1,3,2,41,7,1896,2,14,8,2,8
2018350341001,1,9,0,18,0,8,1,0,3,9,1,1,5,1,21,5,1242,1,13,2,3,2
2018350341005,1,9,0,18,0,0,0,0,1,4,1,1,5,2,24,5,1388,1,15,7,1,7
2018350341014,1,1,0,14,4,0,0,8,0,0,1,1,2,2,21,5,-1,-1,-1,2,1,2
2018350341014,2,9,0,2,0,0,0,0,0,0,0,1,6,2,55,8,1461,2,4,9,1,9
2018350341027,1,98,0,1,0,0,0,0,0,0,2,1,6,1,-1,-1,-1,-1,-1,-1,-1,-1
2018350341027,2,9,0,3,0,0,0,0,0,0,3,1,1,1,47,8,-1,-1,-1,8,1,8
2018350341047,1,3,0,18,0,0,1,0,0,0,0,1,6,1,50,8,124,1,4,3,1,3
2018350341383,1,1,0,4,0,1,0,0,0,0,2,1,6,2,60,9,-1,-1,-1,3,1,3
2018350341383,2,9,0,4,0,1,0,0,0,0,1,1,6,2,-1,-1,1390,1,12,5,1,5
2018350341429,1,9,0,18,0,0,0,0,0,0,1,1,1,1,37,7,-1,-1,-1,9,-1,9
2018350341429,2,9,0,4,0,0,0,0,0,0,2,1,5,1,33,6,3982,1,2,5,1,5
2018350341464,1,9,0,5,0,1,0,0,0,0,1,1,6,3,-1,-1,1598,2,4,-1,-1,-1
2018350341464,2,9,0,4,0,1,0,0,0,0,2,1,6,1,50,8,1986,2,9,1,1,1
2018350341472,1,9,0,13,0,0,0,0,0,0,1,1,5,1,34,6,1968,2,5,6,1,6
2018350341472,2,9,0,18,0,0,0,0,0,0,1,1,5,2,20,4,998,1,5,10,2,10
2018350341531,1,9,0,5,0,4,0,0,0,0,1,1,1,2,41,7,2231,2,5,6,2,6
2018350341531,2,1,0,18,0,8,0,0,0,0,4,1,5,1,44,7,-1,-1,-1,8,3,8
2018350341723,1,9,0,16,0,8,0,0,0,0,4,1,6,1,59,9,1598,1,13,4,1,4
2018350341723,2,19,4,9,0,6,0,0,0,0,1,1,6,1,27,6,2298,2,3,2,1,2
2018350341915,1,9,0,18,0,0,0,0,0,0,1,1,6,2,60,9,1299,1,14,7,1,7
2018350341915,2,9,0,18,0,0,0,0,0,0,1,1,1,1,41,7,1995,2,10,5,1,5
2018350342071,1,9,0,13,0,0,1,0,0,0,1,1,6,1,36,7,2000,2,12,5,1,5
2018350342071,2,9,0,18,0,0,0,0,1,0,1,1,6,1,55,8,1995,2,6,6,3,6
2018350342071,3,21,4,18,0,0,0,0,0,0,3,1,1,1,37,7,12777,2,2,-1,-1,-1
2018350342114,1,9,0,10,0,2,0,0,0,0,1,1,6,1,21,5,998,1,2,-1,-1,-1
2018350342114,2,9,0,16,0,1,0,0,0,0,4,1,6,2,31,6,1598,1,5,6,2,6
2018350342263,1,9,0,10,0,1,0,0,0,0,1,1,5,1,22,5,1598,1,3,7,3,7
2018350342263,2,9,0,18,0,1,0,0,1,0,4,1,2,2,44,7,1242,1,8,7,3,7
2018350342286,1,9,0,4,0,1,0,0,0,0,1,1,5,1,46,8,1339,1,6,9,1,9
2018350342292,1,2,0,15,0,1,0,0,0,0,1,1,6,1,21,5,50,1,2,3,1,3
2018350342292,2,9,0,12,0,1,0,0,0,0,3,1,6,2,32,6,1999,1,8,9,1,9
2018350342303,1,9,0,4,0,1,0,0,0,0,1,1,5,1,50,8,1461,2,-1,3,3,3
2018350342303,2,9,0,18,0,5,0,0,0,0,4,1,5,2,47,8,-1,-1,-1,3,3,3
2018350342328,1,19,0,2,0,0,0,0,0,0,3,1,6,1,42,7,1995,2,9,5,1,5
2018350342328,2,1,0,18,0,0,0,4,0,0,1,1,1,2,54,8,-1,-1,-1,7,1,7
2018350342423,1,9,0,18,0,1,0,0,0,0,1,1,6,2,19,4,1368,1,9,10,-1,10
2018350342423,2,9,0,3,0,1,0,0,0,0,2,1,5,2,47,8,-1,-1,-1,6,2,6
2018350342427,1,9,0,9,0,2,0,0,0,0,4,1,6,2,32,6,1329,1,8,1,1,1
2018350342427,2,3,0,4,0,8,0,0,0,0,1,1,6,1,49,8,125,1,3,1,1,1
2018350342435,1,9,0,18,0,0,0,0,0,0,1,1,1,1,52,8,2967,2,3,1,1,1
2018350342435,2,21,0,18,0,0,0,0,0,0,2,1,1,1,58,9,4250,2,11,10,1,10
2018350342453,1,3,0,3,0,0,0,0,0,0,1,1,1,2,19,4,124,1,10,5,2,5
2018350342453,2,9,0,3,0,0,0,0,0,0,2,1,1,1,29,6,2199,2,5,5,1,5
2018350342477,1,9,0,18,0,1,0,0,1,1,1,1,6,1,40,7,1339,1,13,2,1,2
2018350342477,2,9,0,18,0,3,0,0,0,0,3,1,6,1,50,8,1499,1,1,2,1,2
2018350342479,1,9,0,3,0,0,0,0,0,0,1,1,6,1,25,5,2967,2,5,9,1,9
2018350342479,2,5,0,15,0,0,5,0,0,0,3,1,6,1,-1,-1,599,1,15,8,2,8
2018350342529,1,9,0,7,0,5,0,0,0,0,3,1,5,1,21,5,2982,2,15,6,1,6
2018350342529,2,90,0,15,0,8,0,0,0,0,1,1,1,1,39,7,-1,-1,-1,7,2,7
2018350342545,1,9,0,18,0,0,0,0,0,0,4,1,6,1,53,8,-1,3,-1,8,2,8
2018350342545,2,1,0,9,0,0,0,0,0,0,3,1,6,1,12,3,-1,-1,-1,6,1,6
2018350342554,1,9,0,11,0,0,0,0,0,0,4,1,1,1,51,8,-1,-1,-1,5,3,5
2018350342554,2,19,0,18,0,0,0,0,0,0,2,1,6,1,38,7,1997,2,-1,10,2,10
2018350342554,3,9,0,18,0,0,0,0,0,0,3,1,6,1,-1,-1,1968,2,5,9,2,9
2018350342554,4,9,0,18,0,0,0,0,0,0,3,1,6,1,-1,-1,1461,2,2,8,1,8
2018350342571,1,9,0,4,0,0,0,0,0,0,3,1,6,1,53,8,1968,2,9,6,1,6
2018350342571,2,9,0,4,0,0,0,0,0,0,3,1,6,1,40,7,1976,1,8,6,3,6
2018350342571,3,9,0,4,0,0,0,0,0,0,2,1,6,1,53,8,1781,1,18,9,2,9
2018350342571,4,9,0,4,0,0,0,0,0,0,2,1,6,1,47,8,1968,2,5,4,1,4
2018350342581,1,9,0,18,0,1,0,0,7,11,1,1,6,1,79,11,1339,1,11,7,1,7
2018350342647,1,9,0,18,0,0,1,0,0,0,1,1,3,2,35,6,1587,1,13,2,1,2
2018350342651,1,9,1,18,0,0,4,0,7,9,4,1,1,1,48,8,-1,-1,-1,2,1,2
2018350342651,2,9,0,18,0,0,0,0,0,0,1,1,6,1,59,9,-1,-1,-1,10,2,10
2018350342666,1,9,0,9,0,1,0,0,0,0,3,1,6,1,-1,-1,1596,1,11,4,1,4
2018350342666,2,1,0,18,0,1,0,0,0,0,1,1,6,1,-1,-1,-1,-1,-1,6,1,6
2018350342675,1,9,0,12,0,0,0,0,0,0,3,1,2,1,50,8,1995,2,14,1,1,1
2018350342675,2,5,0,13,0,0,0,0,0,0,1,1,2,1,-1,-1,749,1,9,2,1,2
2018350342736,1,11,0,18,0,8,0,0,0,0,1,1,1,1,58,9,6700,2,1,1,1,1
2018350342736,2,9,0,9,0,8,0,0,0,0,3,1,2,2,23,5,1598,1,15,5,3,5
2018350342751,1,9,0,5,0,1,0,0,0,0,1,1,1,1,24,5,-1,-1,-1,8,3,8
2018350342751,2,9,0,16,0,1,0,0,0,0,4,1,1,1,24,5,2926,2,16,-1,-1,-1
2018350342770,1,9,0,18,0,1,0,4,0,0,1,1,5,2,24,5,1199,1,17,9,3,9
2018350342770,2,9,0,2,0,1,0,0,1,0,2,1,6,3,-1,-1,-1,-1,-1,-1,-1,-1
2018350342799,1,9,0,16,0,0,2,0,1,0,1,1,1,2,41,7,1390,1,17,6,1,6
2018350342803,1,8,0,4,0,0,0,0,0,0,0,1,1,1,-1,-1,-1,-1,-1,6,1,6
2018350343052,1,9,0,17,0,0,1,0,7,0,1,1,6,1,33,6,2720,2,12,6,1,6
2018350343052,2,9,0,18,0,0,0,0,0,0,1,1,6,2,46,8,1388,1,6,5,2,5
2018350343059,1,1,0,5,4,3,0,0,0,0,3,1,5,1,51,8,-1,-1,-1,5,1,5
2018350343059,2,9,0,5,0,3,0,0,0,0,4,1,5,2,50,8,1499,2,1,5,1,5
2018350343060,1,1,0,18,9,1,0,0,0,0,1,1,5,1,18,4,-1,-1,-1,10,3,10
2018350343060,2,9,0,7,0,8,0,0,0,0,4,1,5,2,42,7,1598,1,13,4,1,4
2018350343072,1,11,0,18,0,0,0,0,0,0,1,1,1,2,53,8,3900,2,14,2,1,2
2018350343078,1,1,0,4,0,1,0,0,0,0,1,1,6,2,47,8,-1,-1,-1,7,1,7
2018350343078,2,9,0,1,0,1,0,0,0,0,2,1,6,3,-1,-1,1560,2,-1,6,1,6
2018350343084,1,9,0,18,0,0,0,0,0,0,1,1,2,1,37,7,1390,1,17,1,-1,1
2018350343130,1,9,0,18,0,0,1,0,0,0,1,1,5,2,33,6,1896,2,15,4,1,4
2018350343130,2,9,0,18,0,0,0,0,0,0,3,1,1,1,69,10,1390,1,6,6,3,6
2018350343130,3,21,1,18,0,0,1,0,1,0,1,1,1,1,49,8,12777,2,3,10,1,10
2018350343134,1,9,0,12,0,0,0,0,0,0,4,1,6,2,64,9,1360,1,16,8,2,8
2018350343134,2,21,0,5,0,0,0,0,0,0,1,1,6,1,56,9,12777,2,3,5,2,5
2018350343203,1,9,0,18,0,1,0,0,0,0,1,1,3,2,43,7,-1,-1,-1,9,3,9
2018350343203,2,9,0,8,0,1,0,0,0,0,2,1,2,2,58,9,1390,1,6,9,3,9
2018350343206,1,9,0,6,0,0,0,0,0,0,3,1,5,2,37,7,2401,2,14,9,3,9
2018350343206,2,9,0,14,0,0,0,0,0,0,1,1,5,1,64,9,2993,2,3,6,3,6
2018350343230,1,9,0,18,0,1,1,9,1,0,1,1,6,1,23,5,1596,1,4,1,1,1
2018350343270,1,21,0,3,0,0,1,0,0,0,1,1,1,1,64,9,-1,-1,-1,8,3,8
2018350343270,2,21,0,3,0,0,0,0,0,0,2,1,1,1,51,8,-1,-1,-1,10,1,10
2018350343339,1,9,0,10,0,8,0,0,0,0,0,1,5,1,71,10,1968,2,2,7,2,7
2018350343339,2,1,0,18,0,8,0,0,0,0,0,1,4,1,-1,-1,-1,-1,-1,8,1,8
2018350343400,1,9,0,18,0,0,0,7,0,0,1,1,5,1,16,4,1995,2,11,6,2,6
2018350343400,2,9,0,18,0,0,0,7,0,0,1,1,5,2,26,6,1242,1,5,3,1,3
2018350343444,1,9,0,18,0,0,0,0,0,0,1,1,6,2,30,6,998,1,6,10,1,10
2018350343444,2,9,0,4,0,0,0,0,0,0,2,1,1,2,46,8,999,1,-1,10,1,10
2018350343450,1,98,1,18,0,0,0,11,0,0,0,1,6,3,-1,-1,-1,-1,-1,-1,-1,-1
2018350343464,1,9,0,18,0,1,0,0,0,0,4,1,5,2,37,7,-1,-1,-1,7,1,7
2018350343464,2,1,0,9,0,1,5,0,0,0,0,1,5,2,51,8,-1,-1,-1,8,1,8
2018350343476,1,9,0,18,0,0,1,0,1,10,1,1,5,1,46,8,2188,2,14,1,1,1
2018350343476,2,90,1,18,0,0,1,0,0,0,1,1,1,1,55,8,-1,-1,-1,7,3,7
2018350343477,1,9,0,9,0,6,0,0,0,0,1,1,2,1,26,6,1560,2,-1,2,1,2
2018350343477,2,9,0,18,0,8,0,0,0,0,3,1,3,2,32,6,-1,-1,-1,5,1,5
2018350343556,1,-1,0,18,9,4,0,0,7,0,4,1,6,3,-1,-1,-1,-1,-1,-1,-1,-1
2018350343556,2,9,0,3,0,4,0,0,0,0,3,1,1,2,56,9,999,1,6,9,1,9
2018350343556,3,-1,0,18,0,4,0,0,0,0,3,1,6,3,-1,-1,-1,-1,-1,-1,-1,-1
2018350343556,4,-1,0,18,0,3,0,0,0,0,4,1,6,3,-1,-1,-1,-1,-1,-1,-1,-1
2018350343576,1,9,0,5,8,0,0,0,0,0,1,1,6,2,25,5,-1,-1,-1,3,1,3
2018350343576,2,1,0,18,0,0,0,0,0,0,3,1,6,1,50,8,-1,-1,-1,1,1,1
2018350343611,1,9,0,16,0,0,0,0,7,4,1,1,6,1,74,10,1587,1,11,7,1,7
2018350343637,1,9,0,18,0,0,1,0,7,4,1,1,6,1,50,8,-1,-1,-1,3,1,3
2018350343655,1,9,0,18,0,0,1,0,1,4,4,1,5,1,26,6,-1,-1,-1,6,1,6
2018350343655,2,9,0,18,0,0,0,0,0,0,1,1,5,1,57,9,1685,2,2,6,2,6
2018350343758,1,9,0,18,0,0,1,0,1,11,1,1,5,2,30,6,1360,1,12,5,2,5
2018350343790,1,9,0,18,0,8,0,0,0,0,1,1,1,1,38,7,1598,1,4,6,2,6