Accident_Index,Vehicle_Reference,Vehicle_Type,Towing_and_Articulation,Vehicle_Manoeuvre,Vehicle_Location-Restricted_Lane,Junction_Location,Skidding_and_Overturning,Hit_Object_in_Carriageway,Vehicle_Leaving_Carriageway,Hit_Object_off_Carriageway,1st_Point_of_Impact,Was_Vehicle_Left_Hand_Drive?,Journey_Purpose_of_Driver,Sex_of_Driver,Age_of_Driver,Age_Band_of_Driver,Engine_Capacity_(CC),Propulsion_Code,Age_of_Vehicle,Driver_IMD_Decile,Driver_Home_Area_Type,Vehicle_IMD_Decile
2018350802946,2,9,0,18,0,1,0,0,7,3,1,1,1,1,18,4,1229,1,11,4,3,4
2018350802951,1,9,0,5,0,4,0,0,0,0,1,1,6,2,66,10,1999,2,2,8,1,8
2018350802951,2,9,0,18,0,4,0,0,0,0,4,1,6,1,57,9,1388,1,8,7,1,7
2018350802957,1,9,0,14,0,0,0,0,0,0,3,1,1,1,22,5,1399,2,10,6,1,6
2018350802957,2,9,0,5,0,0,0,0,0,0,3,1,5,2,39,7,1398,1,15,1,1,1
2018350802979,1,9,0,9,0,1,0,0,0,0,3,1,6,2,34,6,-1,-1,-1,8,1,8
2018350802979,2,1,0,18,0,1,0,0,0,0,4,1,6,1,-1,-1,-1,-1,-1,10,1,10
2018350803021,1,3,0,18,0,1,0,0,0,0,1,1,5,1,25,5,125,1,5,3,1,3
2018350803021,2,9,0,9,0,1,0,0,0,0,1,1,5,1,23,5,2198,2,11,7,1,7
2018350803027,1,9,0,18,0,0,0,0,7,4,1,1,1,1,55,8,-1,-1,-1,1,1,1
2018350803036,1,9,0,17,0,0,1,0,1,9,4,1,6,2,24,5,1299,1,11,5,1,5
2018350803039,1,8,0,17,0,0,2,0,1,9,1,1,1,1,35,6,1910,2,10,10,2,10
2018350803058,1,9,0,18,0,0,0,0,1,0,4,1,1,2,20,4,1242,1,10,8,3,8
2018350803074,1,9,0,18,0,0,0,0,0,0,1,1,5,1,26,6,1685,2,4,9,3,9
2018350803091,1,9,0,18,0,0,1,0,1,0,1,1,1,1,18,4,1527,2,18,5,1,5
2018350803091,2,9,0,2,0,0,0,0,0,0,0,1,6,3,-1,-1,-1,-1,-1,-1,-1,-1
2018350803108,1,9,0,9,0,2,0,0,0,0,1,1,6,3,-1,-1,1781,1,18,-1,-1,-1
2018350803116,1,9,0,9,0,8,0,0,0,0,1,1,2,1,22,5,1422,2,13,6,2,6
2018350803116,2,9,0,18,0,8,0,0,0,0,1,1,2,2,38,7,1360,1,15,8,-1,8
2018350803134,1,9,0,8,0,6,0,0,0,0,1,1,5,1,75,10,1896,2,10,8,1,8
2018350803134,2,1,0,18,4,1,0,0,0,0,3,1,2,2,22,5,-1,-1,-1,9,1,9
2018350803135,1,9,0,18,0,0,0,0,0,0,1,1,6,3,-1,-1,2387,2,16,-1,-1,-1
2018350803135,2,1,0,18,0,0,0,0,0,0,3,1,6,2,-1,-1,-1,-1,-1,2,1,2
2018350803206,1,98,0,9,0,0,0,0,0,0,3,1,1,1,53,8,-1,-1,-1,6,1,6
2018350803206,2,9,0,13,0,0,0,0,0,0,4,1,6,3,-1,-1,-1,-1,-1,-1,-1,-1
2018350803228,1,9,0,18,0,0,0,0,0,0,1,1,6,2,22,5,1150,1,14,3,1,3
2018350803228,2,9,0,4,0,0,0,0,0,0,2,1,6,1,43,7,1956,2,6,2,3,2
2018350803253,1,9,0,3,0,4,0,0,0,0,1,1,6,1,61,9,1560,2,7,1,1,1
2018350803253,2,9,0,3,0,4,0,0,0,0,2,1,1,1,25,5,2993,2,14,2,1,2
2018350803260,1,19,0,18,0,1,0,0,0,0,1,1,1,1,25,5,1560,2,9,6,2,6
2018350803260,2,9,0,10,0,8,0,0,0,0,2,1,6,2,44,7,1598,1,9,7,3,7
2018350803274,1,9,0,18,0,0,0,0,0,0,2,1,6,2,64,9,1560,2,8,9,2,9
2018350803274,2,9,0,18,0,0,0,0,0,0,1,1,6,2,45,7,1242,1,7,5,1,5
2018350803297,1,9,0,16,0,0,1,0,1,0,1,1,5,1,22,5,1850,1,17,6,3,6
2018350803327,1,9,0,9,0,1,0,0,0,0,1,1,6,1,-1,-1,998,1,1,2,1,2
2018350803327,2,1,0,9,0,1,0,0,0,0,1,1,6,2,-1,-1,-1,-1,-1,2,1,2
2018350803346,1,8,0,6,0,2,0,0,0,0,4,1,1,1,56,9,1998,2,6,3,1,3
2018350803346,2,1,0,15,0,2,0,0,0,0,1,1,4,1,16,4,-1,-1,-1,10,1,10
2018350803365,1,9,0,18,0,2,0,0,0,0,1,1,5,1,28,6,2967,1,13,9,1,9
2018350803365,2,1,0,18,8,6,0,0,0,0,1,1,5,1,12,3,-1,-1,-1,6,1,6
2018350803367,1,9,0,18,0,1,0,0,1,0,3,1,6,1,20,4,998,1,2,6,3,6
2018350803367,2,11,0,18,2,1,0,0,7,5,1,1,1,1,67,10,6700,2,1,8,3,8
2018350803370,1,9,0,9,0,2,0,0,0,0,3,1,5,1,48,8,1796,1,13,3,1,3
2018350803370,2,9,0,18,0,1,0,0,0,0,1,1,5,1,48,8,1997,2,12,3,3,3
2018350803370,3,9,0,18,0,1,0,0,0,0,0,1,1,1,-1,-1,1997,2,-1,-1,-1,-1
2018350803380,1,9,0,18,0,4,0,0,0,0,1,1,6,2,-1,-1,998,1,3,5,3,5
2018350803380,2,1,0,18,0,4,0,0,0,0,2,1,1,2,30,6,-1,-1,-1,8,1,8
2018350803434,1,9,0,18,0,4,0,0,0,0,4,1,6,2,-1,-1,-1,-1,-1,-1,-1,-1
2018350803434,2,1,0,4,0,4,0,0,0,0,3,1,2,1,26,6,-1,-1,-1,6,1,6
2018350803478,1,9,0,7,0,1,0,0,0,0,1,1,6,1,65,9,2143,2,2,9,2,9
2018350803478,2,1,0,18,0,1,0,0,0,0,1,1,6,1,-1,-1,-1,-1,-1,8,1,8
2018350803494,1,21,4,5,0,4,0,0,0,0,1,1,1,1,58,9,4485,2,1,10,2,10
2018350803494,2,19,0,5,0,4,0,0,0,0,1,1,1,1,47,8,2143,2,5,8,2,8
2018350803497,1,9,0,18,0,3,0,0,3,10,1,1,6,1,69,10,1999,2,2,6,3,6
2018350803498,1,9,4,3,0,1,0,0,0,0,1,1,1,1,57,9,1390,1,12,3,1,3
2018350803498,2,9,0,3,0,1,0,0,0,0,2,1,5,2,30,6,1398,2,7,8,1,8
2018350803519,1,9,0,2,0,0,0,0,0,0,4,1,1,2,35,6,1580,8,1,3,1,3
2018350803519,2,1,0,16,0,0,0,0,0,0,1,1,5,2,28,6,-1,-1,-1,10,1,10
2018350803576,1,9,0,9,0,0,0,0,0,0,1,1,6,2,46,8,1896,2,16,6,2,6
2018350803576,2,1,0,18,0,0,0,0,0,0,1,1,1,1,58,9,-1,-1,-1,8,2,8
2018350803651,1,-1,0,18,0,0,0,0,0,0,1,1,6,2,-1,-1,-1,-1,-1,-1,-1,-1
2018350803651,2,9,0,3,0,0,0,0,0,0,2,1,6,2,32,6,1299,1,18,2,1,2
2018350803709,1,9,0,18,0,0,0,0,0,0,3,1,5,1,25,5,1910,2,13,8,1,8
2018350803717,1,9,0,3,0,0,0,0,0,0,0,1,6,1,41,7,1968,2,2,9,1,9
2018350803717,2,1,0,18,0,0,0,0,0,0,1,1,6,2,45,7,-1,-1,-1,8,1,8
2018350803724,1,9,0,5,9,0,0,0,0,0,0,1,2,1,65,9,1398,1,16,7,1,7
2018350803728,1,-1,0,7,0,3,0,0,0,0,3,1,6,3,-1,-1,-1,-1,-1,-1,-1,-1
2018350803728,2,1,0,17,0,8,5,0,0,0,1,1,1,2,24,5,-1,-1,-1,6,1,6
2018350803749,1,9,0,2,0,0,0,0,0,0,2,1,1,1,39,7,1995,2,2,7,1,7
2018350803749,2,1,0,18,0,0,0,4,0,0,1,1,5,1,27,6,-1,-1,-1,9,1,9
2018350803772,1,8,0,7,0,1,0,0,0,0,1,1,1,1,23,5,1968,2,3,3,1,3
2018350803774,1,19,0,4,0,0,0,0,0,0,1,1,1,1,62,9,-1,-1,-1,7,-1,7
2018350803774,2,9,0,4,6,0,0,0,0,0,2,1,1,1,34,6,-1,-1,-1,4,1,4
2018350803774,3,9,0,4,0,0,0,0,0,0,2,1,1,2,44,7,998,1,1,7,3,7
2018350803778,1,9,0,9,0,8,0,0,0,0,1,1,5,1,64,9,1997,2,16,4,1,4
2018350803778,2,1,0,18,0,8,0,0,0,0,1,1,5,1,16,4,-1,-1,-1,9,3,9
2018350803854,1,9,0,9,0,2,0,0,0,0,1,1,1,1,61,9,-1,-1,-1,2,1,2
2018350803854,2,19,0,17,0,1,1,0,0,0,4,1,1,1,29,6,1248,2,9,7,1,7
2018350803859,1,9,0,16,0,0,0,0,0,0,1,1,5,1,-1,-1,1598,1,14,10,1,10
2018350803859,2,9,0,16,0,0,0,0,1,0,2,1,5,1,26,6,-1,-1,-1,3,2,3
2018350803869,1,9,0,5,0,8,0,0,0,0,1,1,5,2,30,6,1995,2,6,10,1,10
2018350803869,2,1,0,18,0,1,0,0,0,0,2,1,5,1,31,6,-1,-1,-1,9,1,9
2018350803889,1,9,0,18,0,0,0,0,7,0,1,1,6,1,38,7,1994,2,10,5,3,5
2018350803889,2,9,0,18,0,0,0,0,0,0,1,1,6,2,48,8,998,1,11,5,1,5
2018350803902,1,9,0,9,0,1,0,0,0,0,1,1,2,1,28,6,1368,1,9,4,1,4
2018350803902,2,1,0,7,0,1,0,0,0,0,1,1,2,1,22,5,-1,-1,-1,9,1,9
2018350803910,1,9,0,18,0,2,0,0,0,0,1,1,5,1,66,10,1975,1,14,8,2,8
2018350803910,2,9,0,2,0,2,0,0,0,0,1,1,6,3,-1,-1,1461,2,9,-1,-1,-1
2018350803914,1,9,0,11,0,0,0,0,1,0,2,1,1,1,49,8,998,1,-1,1,1,1
2018350803914,2,21,1,18,0,0,0,0,0,0,1,1,1,1,39,7,10837,2,6,4,3,4
2018350803934,1,9,0,18,0,0,0,0,0,0,1,1,6,2,34,6,2204,2,11,8,3,8
2018350803934,2,9,0,4,0,0,0,0,0,0,2,1,1,1,26,6,1197,1,2,4,1,4
2018350803941,1,9,0,8,0,0,0,0,0,0,4,1,1,1,44,7,-1,-1,-1,9,1,9
2018350803941,2,1,0,18,0,0,0,0,0,0,2,1,2,1,34,6,-1,-1,-1,9,1,9
2018350803950,1,9,0,1,0,0,0,0,0,0,2,1,6,1,31,6,2967,2,3,4,1,4
2018350803950,2,1,0,3,0,0,5,0,0,0,2,1,6,1,86,11,-1,-1,-1,1,1,1
2018350803974,1,19,0,18,0,1,1,0,1,0,1,1,1,1,34,6,1997,2,14,3,2,3
2018350803974,2,19,0,4,0,1,0,0,7,0,1,1,1,1,49,8,2198,2,7,5,1,5
2018350803974,3,21,0,4,0,1,0,0,0,0,2,1,1,1,32,6,4485,2,3,9,3,9
2018350803974,4,9,0,10,0,1,0,0,0,0,0,1,6,3,-1,-1,-1,-1,-1,-1,-1,-1
2018350804012,1,9,0,18,0,3,0,0,0,0,4,1,5,1,70,10,1198,1,6,1,1,1
2018350804012,2,9,0,18,0,3,0,0,0,0,3,1,5,2,23,5,1560,2,4,8,3,8
2018350804034,1,9,0,5,0,4,0,0,0,0,1,1,6,1,37,7,2460,2,13,1,1,1
2018350804034,2,1,0,18,0,8,0,0,0,0,4,1,6,1,45,7,-1,-1,-1,1,1,1
2018350804045,1,8,0,7,0,4,0,0,0,0,4,1,1,3,-1,-1,-1,-1,-1,-1,-1,-1
2018350804045,2,1,0,18,0,4,5,0,0,0,1,1,2,1,40,7,-1,-1,-1,5,-1,5
2018350804095,1,9,0,18,0,0,0,0,0,0,1,1,6,1,45,7,1399,2,14,-1,-1,-1
2018350804095,2,9,0,8,0,0,0,0,0,0,4,1,6,2,55,8,1984,1,2,3,3,3
2018350804099,1,3,0,17,0,0,5,0,1,0,3,1,5,1,22,5,599,1,19,5,1,5
2018350804168,1,11,0,5,0,0,0,0,0,0,0,1,1,3,-1,-1,-1,-1,-1,-1,-1,-1
2018350804168,2,9,0,18,0,0,0,0,0,0,2,1,5,1,37,7,-1,-1,-1,8,1,8
2018350804168,3,1,0,18,0,0,0,0,0,0,1,1,5,1,24,5,-1,-1,-1,8,1,8
2018350804230,1,9,0,3,0,0,0,0,0,0,1,1,5,1,55,8,1598,2,5,1,1,1
2018350804230,2,9,0,3,0,0,0,0,0,0,2,1,1,1,36,7,1582,2,5,-1,-1,-1
2018350804245,1,9,0,17,0,0,1,0,1,0,4,1,5,1,20,4,1242,1,13,10,3,10
2018350804257,1,9,0,9,0,5,0,0,0,0,1,1,6,1,44,7,1329,1,2,8,3,8
2018350804257,2,1,0,16,0,1,0,0,0,0,4,1,6,2,-1,-1,-1,-1,-1,9,1,9
2018350804262,1,19,0,18,0,0,0,0,0,0,1,1,6,1,29,6,2198,2,5,5,1,5
2018350804263,1,9,0,5,0,0,0,0,0,0,3,1,1,1,48,8,1998,8,3,9,2,9
2018350804263,2,21,1,5,0,0,1,0,0,0,2,1,1,1,52,8,10800,2,4,6,2,6
2018350804263,3,19,0,5,0,0,0,0,0,0,2,1,1,1,27,6,2299,2,3,3,1,3
2018350804286,1,9,0,18,0,0,0,0,0,0,0,1,6,1,57,9,1896,2,15,9,2,9
2018350804286,2,9,0,18,0,0,0,0,0,0,1,1,6,1,42,7,1997,2,8,4,3,4
2018350804286,3,9,0,18,0,0,0,0,0,0,1,1,6,2,30,6,1598,2,5,3,1,3
2018350804298,1,9,0,18,0,0,0,0,0,0,1,1,6,3,-1,-1,-1,-1,-1,-1,-1,-1
2018350804298,2,1,0,18,0,0,0,0,0,0,3,1,5,1,14,3,-1,-1,-1,2,1,2
2018350804299,1,9,0,18,0,0,0,0,0,0,3,1,6,3,-1,-1,-1,-1,-1,-1,-1,-1
2018350804299,2,9,0,7,0,0,0,0,0,0,4,1,6,2,20,4,1388,1,16,1,1,1
2018350804387,1,9,0,18,0,0,0,0,2,0,3,1,6,1,52,8,2179,2,4,2,1,2
2018350804387,2,9,0,18,0,0,0,0,0,0,3,1,6,1,62,9,1596,1,11,6,1,6
2018350804411,1,9,0,5,0,0,0,0,0,0,1,1,6,1,73,10,1461,2,2,9,2,9
2018350804411,2,9,0,9,0,0,0,0,0,0,3,1,3,2,47,8,2199,2,5,6,1,6
2018350804423,1,9,0,9,0,8,0,0,0,0,4,1,6,2,-1,-1,-1,-1,-1,-1,-1,-1
2018350804423,2,1,0,18,0,8,5,0,0,0,1,1,6,1,70,10,-1,-1,-1,7,1,7
2018350804462,1,9,0,18,0,0,5,0,0,0,1,1,6,1,21,5,1248,2,10,3,1,3
2018350804462,2,9,0,2,0,0,0,0,0,0,4,1,6,1,64,9,1595,1,18,3,1,3
2018350804462,3,9,0,2,0,0,0,0,0,0,4,1,6,1,64,9,1798,1,10,3,1,3
2018350804464,1,9,0,18,0,4,0,0,0,0,1,1,2,2,30,6,1398,1,3,8,1,8
2018350804464,2,1,0,18,0,3,0,0,0,0,3,1,4,2,17,4,-1,-1,-1,10,1,10
2018350804512,1,9,0,4,0,4,0,0,0,0,1,1,5,1,74,10,1560,2,-1,6,1,6
2018350804519,1,9,0,18,0,1,0,0,0,0,4,1,6,1,17,4,1199,1,14,9,3,9
2018350804652,1,9,0,11,0,0,5,0,1,4,1,1,1,1,59,9,1364,1,3,8,1,8
2018350804652,2,9,0,18,0,0,0,0,0,0,3,1,5,1,25,5,1598,1,6,6,2,6
2018350804673,1,9,0,18,0,0,0,0,0,0,1,1,5,2,26,6,1229,1,12,6,3,6
2018350804826,1,9,0,18,0,0,0,0,0,0,4,1,5,1,95,11,998,1,8,4,1,4
2018350804826,2,9,0,2,0,0,0,0,0,0,3,1,6,3,-1,-1,-1,-1,-1,-1,-1,-1
2018350805042,1,9,0,18,0,0,0,0,0,0,1,1,6,1,50,8,2398,1,20,4,3,4
2018350805042,2,9,0,18,0,0,0,0,0,0,1,1,6,2,50,8,996,1,6,4,3,4
2018350805118,1,9,0,6,0,8,0,0,0,0,1,1,5,2,46,8,1598,2,4,10,1,10
2018350805269,1,97,0,18,0,0,0,4,0,0,1,1,5,1,-1,-1,-1,-1,-1,5,1,5
2018350805269,2,98,4,2,0,0,0,0,0,0,2,1,1,1,44,7,-1,-1,-1,6,3,6
2018350805312,1,21,1,4,0,0,0,0,0,0,2,1,1,1,41,7,12742,2,-1,4,1,4
2018350805312,2,21,1,4,0,0,1,0,0,0,1,1,1,1,53,8,12740,2,3,2,1,2
2018350805435,1,20,4,18,0,0,0,0,0,0,1,1,1,1,41,7,-1,-1,-1,2,1,2
2018350805435,2,9,0,4,0,0,0,0,0,0,2,1,1,1,54,8,1968,2,1,9,2,9
2018350805435,3,9,0,5,0,0,0,0,0,0,2,1,1,1,56,9,1997,2,1,1,1,1
2018350805496,1,9,0,18,0,0,0,0,0,0,1,1,5,2,22,5,1197,1,3,9,1,9
2018350805496,2,9,0,3,0,0,0,0,-1,0,2,1,5,2,56,9,-1,-1,-1,9,1,9
2018350805517,1,9,0,18,0,4,0,0,0,0,1,1,6,1,-1,-1,1149,1,12,3,1,3
2018350805517,2,9,0,18,0,4,0,0,0,0,2,1,5,1,52,8,1798,1,14,6,2,6
2018350805643,1,9,0,15,0,0,0,0,0,0,1,1,2,1,34,6,998,1,8,10,2,10
2018350805677,1,9,0,9,0,0,0,0,1,2,3,1,6,1,88,11,1329,1,9,6,1,6
2018350805677,2,9,0,18,0,0,0,0,0,0,1,1,6,1,-1,-1,2993,2,12,7,1,7
2018350805736,1,9,0,4,0,0,1,0,0,0,1,1,5,1,24,5,1390,2,17,4,1,4
2018350805736,2,9,0,16,0,0,0,0,0,0,4,1,5,1,55,8,1560,2,4,3,1,3
2018350805900,1,9,0,5,0,6,0,0,0,0,1,1,6,1,-1,-1,1896,2,17,-1,-1,-1
2018350805900,2,1,0,5,0,5,0,0,0,0,4,1,2,1,53,8,-1,-1,-1,8,1,8
2018350805923,1,8,0,17,0,1,0,0,0,0,3,1,1,1,25,5,1968,2,1,4,1,4
2018350805923,2,1,0,3,0,1,0,0,0,0,3,1,5,1,55,8,-1,-1,-1,5,1,5
2018350805954,1,9,0,18,0,0,0,0,2,7,1,1,5,2,18,4,1598,1,12,6,3,6
2018350805973,1,19,0,18,0,0,0,0,0,0,1,1,1,1,33,6,2287,2,2,6,1,6
2018350805973,2,9,0,18,0,0,0,0,1,0,1,1,5,1,72,10,1968,2,5,10,1,10
2018350805973,3,9,0,18,0,0,0,0,0,0,1,1,5,1,47,8,1582,2,8,10,2,10
2018350806096,1,9,0,4,0,0,0,0,0,0,1,1,6,1,24,5,1798,1,2,1,1,1
2018350806096,2,9,0,4,0,0,0,0,0,0,2,1,6,1,91,11,1329,1,4,2,1,2
2018350806096,3,9,0,4,0,0,0,0,0,0,2,1,6,1,33,6,998,1,3,4,1,4
2018350806096,4,9,0,4,0,0,0,0,0,0,2,1,6,2,26,6,1461,2,2,6,-1,6
2018350806127,1,9,0,9,0,0,0,0,0,0,1,1,6,2,45,7,1896,2,8,5,2,5
2018350806127,2,1,0,18,0,0,0,0,0,0,1,1,6,1,17,4,-1,-1,-1,3,1,3
2018350806133,1,9,0,4,0,0,1,0,0,0,1,1,5,1,43,7,1560,2,11,5,1,5
2018350806133,2,19,0,4,0,0,1,0,0,0,2,1,2,1,29,6,1560,2,3,2,1,2
2018350806133,3,9,0,4,0,0,0,0,0,0,2,1,2,2,18,4,998,1,11,6,3,6
2018350806143,1,9,0,18,0,1,5,4,0,0,1,1,5,1,37,7,973,1,17,3,1,3
2018350806143,2,9,0,2,0,1,0,0,0,0,2,1,5,1,39,7,1399,1,-1,3,1,3
2018350806173,1,9,0,18,0,0,0,0,0,0,1,1,6,3,-1,-1,1998,2,14,-1,-1,-1
2018350806173,2,9,0,18,0,0,0,0,0,0,4,1,6,2,47,8,-1,-1,-1,1,1,1
2018350806197,1,5,0,16,0,0,0,0,0,0,1,1,6,1,26,6,599,1,17,9,3,9
2018350806197,2,9,0,17,0,0,0,0,0,0,1,1,6,2,17,4,1360,1,12,8,3,8
2018350806198,1,1,0,18,0,0,-1,0,0,0,1,1,3,2,-1,-1,-1,-1,-1,-1,-1,-1
2018350806198,2,9,0,18,0,0,-1,0,0,0,1,1,2,2,39,7,1685,2,1,6,1,6
2018350806199,1,9,0,13,0,0,1,0,7,0,1,1,2,1,27,6,1398,1,5,9,2,9
2018350806199,2,9,0,18,0,0,1,0,7,0,1,1,6,1,30,6,1998,2,7,2,1,2
2018350806214,1,1,0,18,0,6,0,0,0,0,1,1,5,1,17,4,-1,-1,-1,10,1,10
2018350806214,2,9,0,8,0,2,0,0,0,0,3,1,5,1,52,8,2967,1,16,3,1,3
2018350806223,1,9,0,1,0,0,0,0,7,0,2,1,6,1,81,11,1198,1,4,8,1,8
2018350806223,2,9,0,2,0,0,0,0,0,0,1,1,6,2,50,8,1796,1,15,8,1,8
2018350806237,1,9,0,11,0,1,0,7,0,0,1,1,6,1,86,11,1997,2,9,9,2,9
2018350806255,1,9,0,9,0,6,0,0,0,0,1,1,2,2,24,5,1968,2,5,9,1,9
2018350806255,2,9,0,18,0,8,0,0,7,9,1,1,5,2,71,10,1870,2,10,4,1,4
2018350806260,1,9,0,18,0,0,0,0,0,0,1,1,6,1,44,7,1988,1,15,5,2,5
2018350806260,2,9,0,18,0,0,0,0,0,0,2,1,1,2,42,7,1968,2,7,10,2,10
2018350806330,1,9,0,18,0,0,2,0,1,9,1,1,6,1,47,8,2987,2,5,4,1,4
2018350806352,1,9,0,16,0,0,0,0,1,9,1,1,6,1,22,5,1968,2,15,2,3,2
2018350806352,2,9,0,17,0,0,0,0,1,8,1,1,6,1,39,7,-1,-1,-1,5,2,5
2018350806355,1,9,0,9,0,1,0,0,0,0,4,1,5,1,80,11,1598,2,3,7,3,7
2018350806355,2,9,0,18,0,1,0,0,0,0,1,1,5,1,68,10,2497,1,15,6,1,6
2018350806438,1,9,0,18,0,0,1,0,0,0,1,1,5,1,38,7,1995,1,13,1,1,1
2018350806438,2,9,0,4,0,0,0,0,0,0,2,1,5,1,64,9,1560,2,5,7,1,7
2018350806438,3,9,0,4,0,0,0,0,0,0,2,1,5,1,-1,-1,1560,2,11,2,3,2
2018350806443,1,1,0,18,3,1,5,0,0,0,1,1,5,1,65,9,-1,-1,-1,6,1,6
2018350806443,2,9,0,18,0,1,0,0,0,0,1,1,2,2,23,5,1560,2,8,5,3,5
2018350806446,1,21,1,18,0,0,0,0,0,0,1,1,1,1,70,10,12900,2,9,9,1,9
2018350806446,2,21,1,2,6,0,0,0,0,0,2,1,1,1,56,9,12902,2,2,3,3,3
2018350806471,1,9,0,18,0,0,0,0,0,0,2,1,6,3,-1,-1,-1,-1,-1,-1,-1,-1
2018350806471,2,9,0,18,0,0,0,0,0,0,1,1,5,1,54,8,1560,2,8,2,3,2
2018350806471,3,9,0,18,0,0,0,0,0,0,1,1,5,1,20,4,1600,1,7,4,3,4
2018350806476,1,9,0,5,0,8,0,0,0,0,1,1,5,2,57,9,1242,1,8,1,1,1
2018350806476,2,3,0,18,0,1,0,0,0,0,1,1,5,2,47,8,108,1,7,3,1,3
2018350806484,1,9,0,16,0,8,0,0,0,0,3,1,6,1,39,7,1390,1,17,3,1,3
2018350806484,2,9,0,17,0,1,0,0,0,0,3,1,1,2,-1,-1,1582,2,4,2,1,2
2018350806485,1,9,0,18,0,0,0,0,0,0,1,1,5,1,51,8,-1,-1,-1,5,3,5
2018350806485,2,9,0,18,0,0,0,0,0,0,1,1,2,2,40,7,1390,1,8,7,1,7
2018350806560,1,19,0,5,0,1,0,10,0,0,3,1,5,3,-1,-1,2198,2,7,-1,-1,-1
2018350806600,1,9,0,9,0,1,0,0,7,0,1,1,5,1,83,11,1248,1,-1,9,1,9
2018350806600,2,1,0,18,0,1,0,0,0,0,1,1,1,2,49,8,-1,-1,-1,6,1,6
2018350806600,3,9,0,18,0,1,0,0,0,0,2,1,6,2,41,7,2993,2,5,7,1,7
2018350806609,1,19,0,18,0,0,0,0,0,0,1,1,6,1,28,6,1995,2,1,4,2,4
2018350806609,2,9,0,18,0,0,0,0,7,0,2,1,6,2,19,4,999,1,11,7,2,7
2018350806609,3,9,0,18,0,0,0,0,1,0,2,1,6,1,56,9,1108,1,13,5,3,5
2018350806609,4,9,0,18,0,0,0,0,1,0,2,1,6,1,44,7,2184,2,13,6,3,6
2018350806620,1,20,0,7,0,8,0,0,0,0,2,1,1,1,48,8,4462,2,5,1,1,1
2018350806620,2,1,0,7,0,8,0,0,0,0,3,1,2,2,37,7,-1,-1,-1,8,1,8
2018350806658,1,9,0,17,0,2,0,0,0,0,1,1,1,1,31,6,2979,1,15,5,1,5
2018350806658,2,9,0,16,0,1,0,0,0,0,1,1,1,1,46,8,3200,1,33,8,2,8
2018350806659,1,9,0,18,0,0,0,0,0,0,1,1,6,1,26,6,2495,1,17,8,3,8
2018350806708,1,9,0,7,0,8,0,0,0,0,1,1,6,1,49,8,1498,1,1,7,2,7
2018350806720,1,9,0,5,0,2,0,0,0,0,1,1,5,1,37,7,2494,8,2,9,1,9
2018350806746,1,9,0,5,0,8,0,0,0,0,3,1,5,2,36,7,1896,2,11,10,2,10
2018350806746,2,9,0,18,0,8,0,0,0,0,1,1,5,1,25,5,1299,1,11,9,2,9
2018350806793,1,9,0,17,0,1,0,0,0,0,1,1,6,1,81,11,1998,2,15,5,1,5
2018350806867,1,9,0,4,0,0,0,0,0,0,1,1,6,1,-1,-1,-1,-1,-1,-1,-1,-1
2018350806870,1,9,0,1,0,0,0,4,1,0,2,1,5,1,68,10,1596,1,11,6,1,6
2018350806870,2,9,0,5,9,0,0,0,0,0,1,1,5,1,49,8,1329,1,5,5,3,5
2018350806870,3,9,0,2,0,0,0,0,0,0,2,1,5,3,-1,-1,2435,1,21,-1,-1,-1
2018350806916,1,9,0,11,0,4,0,0,0,0,1,1,2,1,52,8,1587,1,13,6,1,6
2018350806916,2,9,0,18,0,4,0,0,0,0,4,1,2,1,27,6,1596,1,1,6,1,6
2018350806931,1,9,0,18,0,0,0,0,1,4,3,1,1,1,54,8,1910,2,11,3,1,3
2018350806931,2,19,0,18,0,0,0,0,0,0,3,1,2,1,37,7,1997,2,1,6,1,6
2018350806933,1,1,0,18,0,8,0,0,1,0,0,1,6,1,54,8,-1,-1,-1,2,1,2
2018350806933,2,9,0,9,0,8,0,0,0,0,0,1,6,2,36,7,2993,2,8,9,1,9
2018350806988,1,19,0,18,0,2,0,0,0,0,1,1,2,1,60,9,1968,2,1,8,3,8
2018350807022,1,9,0,18,0,0,0,0,0,0,1,1,5,1,70,10,1560,2,2,9,1,9
2018350807034,1,9,0,18,0,1,0,0,0,0,1,1,6,1,-1,-1,1997,1,15,-1,-1,-1
2018350807034,2,9,0,9,0,1,0,0,0,0,3,1,6,1,67,10,1598,2,4,6,1,6
2018350807038,1,11,0,5,0,0,0,0,0,0,0,1,1,1,51,8,9000,2,4,4,1,4
2018350807205,1,9,0,18,0,0,0,0,0,0,1,1,1,1,57,9,2143,2,-1,9,2,9
2018350807205,2,1,0,18,0,0,0,0,0,0,4,1,6,2,45,7,-1,-1,-1,10,2,10
2018350807216,1,9,0,18,0,0,1,0,1,4,1,1,5,1,35,6,1329,1,7,9,1,9
2018350807453,1,9,0,18,0,0,0,0,0,0,4,1,6,1,24,5,1242,1,14,5,1,5
2018350807453,2,9,0,18,0,0,0,0,0,0,2,1,6,2,71,10,1318,1,2,10,1,10
2018350807455,1,9,0,11,0,0,1,0,1,0,4,1,5,1,28,6,1124,1,17,6,1,6
2018350807455,2,9,0,18,0,0,1,0,1,7,3,1,6,2,43,7,1798,8,-1,-1,3,-1