Accident_Index,Vehicle_Reference,Vehicle_Type,Towing_and_Articulation,Vehicle_Manoeuvre,Vehicle_Location-Restricted_Lane,Junction_Location,Skidding_and_Overturning,Hit_Object_in_Carriageway,Vehicle_Leaving_Carriageway,Hit_Object_off_Carriageway,1st_Point_of_Impact,Was_Vehicle_Left_Hand_Drive?,Journey_Purpose_of_Driver,Sex_of_Driver,Age_of_Driver,Age_Band_of_Driver,Engine_Capacity_(CC),Propulsion_Code,Age_of_Vehicle,Driver_IMD_Decile,Driver_Home_Area_Type,Vehicle_IMD_Decile
2018350807493,1,5,0,18,0,0,2,0,0,0,1,1,2,1,38,7,806,1,2,2,1,2
2018350807493,2,1,0,5,0,0,0,0,0,0,4,1,6,1,22,5,-1,-1,-1,2,1,2
2018350807570,1,9,0,10,0,1,0,0,0,0,1,1,6,1,20,4,999,1,6,8,3,8
2018350807570,2,1,0,18,0,1,0,0,0,0,2,1,6,2,64,9,-1,-1,-1,8,1,8
2018350807586,1,9,0,4,0,0,0,0,0,0,1,1,2,1,24,5,1956,2,8,4,2,4
2018350807586,2,9,0,3,0,0,0,0,0,0,2,1,1,1,69,10,2925,2,-1,6,2,6
2018350807586,3,19,0,3,0,0,0,0,0,0,2,1,5,1,55,8,1598,2,3,10,1,10
2018350807599,1,9,0,3,0,1,0,0,0,0,1,1,6,2,26,6,1596,1,13,8,3,8
2018350807599,2,9,0,3,0,1,0,0,0,0,2,1,6,1,-1,-1,-1,-1,-1,7,2,7
2018350807757,1,9,0,18,0,6,1,0,1,4,1,1,6,3,-1,-1,2969,2,11,-1,-1,-1
2018350807757,2,8,0,5,0,1,0,0,0,0,2,1,1,1,51,8,1950,2,2,1,1,1
2018350807757,3,9,0,5,0,2,0,0,0,0,3,1,6,1,29,6,1498,1,-1,1,1,1
2018350807757,4,9,0,2,0,1,0,0,0,0,4,1,6,3,-1,-1,-1,-1,-1,-1,-1,-1
2018350807820,1,9,0,9,0,0,0,0,0,0,3,1,1,1,57,9,-1,-1,-1,6,1,6
2018350807820,2,9,0,18,0,0,1,0,1,0,4,1,1,1,30,6,-1,-1,-1,9,1,9
2018350807989,1,9,0,5,0,2,0,0,0,0,1,1,6,2,25,5,1598,1,5,8,3,8
2018350807989,2,9,0,18,0,1,0,0,1,9,4,1,6,2,59,9,2982,2,8,8,3,8
2018350808139,1,9,0,13,0,0,0,0,1,0,1,1,6,1,47,8,1968,2,1,5,2,5
2018350808139,2,8,0,18,0,0,0,0,1,0,1,1,1,1,64,9,1997,2,8,9,1,9
2018350808198,1,20,0,18,0,1,0,0,0,0,1,1,1,1,23,5,2287,2,3,3,1,3
2018350808198,2,9,0,7,0,5,0,10,0,0,2,1,2,1,58,9,1560,2,13,3,1,3
2018350808445,1,9,0,18,0,0,0,11,0,0,1,1,5,1,31,6,2393,1,14,5,2,5
2018350808445,2,19,0,4,0,0,0,0,0,0,2,1,5,1,51,8,2198,2,7,8,1,8
2018350808445,3,9,0,3,0,0,0,11,0,0,2,1,5,2,32,6,1799,1,12,9,3,9
2018350808448,1,9,0,9,0,8,0,0,0,0,1,1,6,3,-1,-1,1796,1,12,-1,-1,-1
2018350808448,2,9,0,18,0,8,0,0,0,0,3,1,5,1,20,4,1896,2,15,2,1,2
2018350808463,1,9,0,18,0,2,1,0,7,4,1,1,5,1,21,5,2494,1,19,3,1,3
2018350808558,1,9,0,16,0,1,0,0,0,0,1,1,2,2,61,9,2155,2,24,2,1,2
2018350808558,2,9,0,17,0,1,0,0,0,0,1,1,6,1,50,8,-1,-1,-1,4,3,4
2018350808645,1,9,0,9,0,8,0,0,0,0,4,1,2,1,23,5,1968,2,12,2,1,2
2018350808645,2,1,0,18,0,8,0,0,0,0,1,1,2,1,54,8,-1,-1,-1,9,1,9
2018350808691,1,9,0,18,0,0,1,0,1,5,1,1,5,1,27,6,2926,2,16,3,3,3
2018350808893,1,9,0,5,0,0,0,0,0,0,1,1,6,2,55,8,-1,-1,-1,9,2,9
2018350808893,2,9,0,5,0,0,0,0,0,0,2,1,6,2,33,6,-1,-1,-1,4,1,4
2018350808928,1,21,0,18,0,8,0,0,0,0,1,1,1,1,31,6,9186,2,5,2,1,2
2018350808928,2,9,0,18,0,8,0,0,0,0,3,1,6,2,46,8,1956,2,3,5,3,5
2018350808996,1,9,0,9,0,5,0,0,0,0,4,1,5,1,23,5,2496,2,15,3,1,3
2018350808996,2,9,0,18,0,1,0,0,0,0,1,1,5,1,53,8,1197,1,7,10,2,10
2018350809158,1,9,0,18,0,8,0,0,0,0,1,1,5,2,-1,-1,1596,1,11,4,1,4
2018350809158,2,9,0,9,0,8,0,0,0,0,3,1,5,1,29,6,1997,2,10,5,1,5
2018350809194,1,9,0,9,0,1,0,0,0,0,3,1,6,1,28,6,1798,1,15,2,1,2
2018350809313,1,9,0,18,0,0,0,0,0,0,1,1,1,1,23,5,1968,2,3,5,1,5
2018350809315,1,9,0,18,0,1,0,0,7,2,1,1,2,2,65,9,1398,1,-1,10,2,10
2018350809329,1,9,0,18,0,0,1,10,0,0,1,1,2,2,34,6,1598,1,13,6,2,6
2018350809344,1,9,0,1,0,0,0,0,0,0,1,1,6,1,62,9,1995,2,1,2,3,2
2018350809344,2,9,0,2,0,0,0,0,0,0,0,1,6,3,-1,-1,-1,-1,-1,-1,-1,-1
2018350809358,1,9,0,18,0,1,0,0,0,0,1,1,5,1,-1,-1,1560,2,2,4,1,4
2018350809358,2,9,0,10,0,1,0,0,0,0,2,1,5,1,-1,-1,998,1,-1,10,2,10
2018350809358,3,9,0,18,0,8,0,0,0,0,3,1,5,2,-1,-1,1992,2,12,6,2,6
2018350809448,1,9,0,16,0,6,0,0,0,0,1,1,6,2,40,7,1597,2,1,10,2,10
2018350809448,2,9,0,4,0,6,0,0,0,0,2,1,6,1,27,6,898,1,4,10,1,10
2018350809759,1,9,0,18,0,6,0,0,0,0,0,1,2,1,29,6,1560,2,9,6,2,6
2018350809759,2,9,0,9,0,1,0,0,0,0,0,1,2,2,33,6,1995,2,10,3,1,3
2018350809759,3,9,0,4,0,1,0,0,0,0,0,1,2,1,41,7,1598,1,11,6,1,6
2018350809898,1,17,0,18,0,0,0,0,0,0,3,1,1,1,67,10,4400,2,8,9,1,9
2018350809898,2,9,0,18,0,0,1,0,1,0,1,1,2,1,22,5,1753,2,14,6,3,6
2018350810281,1,9,0,4,0,0,0,0,0,0,2,1,5,1,43,7,2993,2,10,5,1,5
2018350810281,2,9,0,4,0,0,0,0,0,0,1,1,5,1,61,9,998,1,3,9,1,9
2018350810281,3,9,0,4,0,0,0,0,0,0,1,1,5,1,53,8,1998,2,-1,9,1,9
2018350810769,1,9,0,18,0,1,0,0,0,0,1,1,5,2,42,7,1560,2,6,8,1,8
2018350810951,1,9,0,18,0,6,0,9,7,0,1,1,5,1,79,11,2143,2,5,9,2,9
2018350810951,2,9,0,18,0,8,0,0,0,0,1,1,1,2,49,8,1242,1,15,2,1,2
2018350811337,1,9,0,18,0,2,0,0,0,0,1,1,5,2,70,10,1461,2,3,6,3,6
2018350811337,2,9,0,18,0,1,0,0,0,0,1,1,5,1,71,10,1956,2,3,7,2,7
2018350811716,1,9,0,18,0,8,0,10,0,0,1,1,5,2,69,10,1798,8,1,9,1,9
2018350811716,2,9,0,18,0,8,0,0,0,0,1,1,6,2,25,5,1197,1,8,5,1,5
2018350811725,1,98,1,5,0,0,0,0,0,0,0,1,6,3,-1,-1,-1,-1,-1,-1,-1,-1
2018350811725,2,9,0,18,0,0,1,4,0,0,1,1,2,2,48,8,1399,2,11,5,3,5
2018350811725,3,98,1,2,6,0,0,0,0,0,2,1,1,1,23,5,-1,-1,-1,-1,-1,-1
2018350811886,1,9,0,18,0,0,1,0,7,0,1,1,5,2,33,6,1598,1,17,5,2,5
2018350811886,2,9,0,18,0,0,1,0,0,0,4,1,5,1,27,6,2993,2,9,6,2,6
2018350811948,1,9,0,18,0,1,0,0,0,0,1,1,6,1,28,6,2996,1,13,1,1,1
2018350811948,2,9,0,5,0,6,0,0,0,0,3,1,6,1,28,6,-1,-1,-1,1,1,1
2018350812023,1,9,0,18,0,1,0,10,0,0,1,1,6,1,52,8,1596,1,10,7,3,7
2018350812023,2,9,0,5,0,1,0,7,0,0,3,1,6,1,27,6,1896,2,15,9,2,9
2018350812037,1,11,0,18,0,0,0,0,0,0,1,1,4,1,29,6,9600,2,21,6,3,6
2018350812037,2,21,1,18,0,0,0,0,0,0,2,1,1,1,55,8,12900,2,8,4,1,4
2018350812195,1,9,0,9,0,0,0,0,0,0,4,1,5,2,57,9,998,1,5,9,1,9
2018350812195,2,9,0,18,0,0,0,0,0,0,1,1,1,1,56,9,1994,1,14,8,1,8
2018350812767,1,8,0,18,0,0,0,0,0,0,1,1,5,1,52,8,-1,-1,-1,1,1,1
2018350812774,1,9,0,18,0,3,0,0,0,0,2,1,6,3,-1,-1,1398,2,11,-1,-1,-1
2018350812774,2,1,0,18,0,3,0,0,0,0,1,1,6,1,17,4,-1,-1,-1,6,1,6
2018350813096,1,9,0,16,0,8,0,0,1,0,1,1,5,1,81,11,1598,1,15,5,1,5
2018350813124,1,9,0,16,0,8,2,0,7,0,3,1,5,1,31,6,1242,1,12,3,1,3
2018350813488,1,9,0,7,0,8,0,0,0,0,1,1,5,2,42,7,998,1,15,6,2,6
2018350813488,2,1,0,18,0,8,0,0,0,0,1,1,6,1,20,4,-1,-1,-1,6,1,6
2018350813602,1,9,0,12,0,0,0,0,0,0,2,1,2,2,24,5,1390,1,13,2,1,2
2018350813602,2,9,0,18,0,0,0,0,0,0,1,1,5,2,53,8,1590,1,16,5,3,5
2018350813816,1,9,0,18,0,0,0,0,0,0,1,1,2,2,22,5,1242,1,11,10,3,10
2018350813816,2,9,0,4,0,0,0,0,0,0,2,1,6,1,53,8,1200,1,1,5,3,5
2018350813826,1,9,0,9,0,2,0,0,0,0,3,1,1,2,35,6,1364,1,1,6,1,6
2018350813826,2,1,0,18,0,1,0,0,0,0,1,1,6,1,30,6,-1,-1,-1,6,1,6
2018350814017,1,9,0,13,0,0,1,0,0,0,2,1,5,2,46,8,1598,1,16,5,2,5
2018350814017,2,21,1,18,0,0,0,0,0,0,2,1,1,1,-1,-1,-1,-1,-1,2,1,2
2018350814237,1,9,0,18,0,0,1,0,0,0,1,1,6,1,37,7,1794,1,14,10,1,10
2018350814237,2,9,0,2,0,0,0,0,0,0,2,1,6,1,65,9,1360,1,13,3,1,3
2018350814242,1,9,0,18,0,0,0,0,0,0,1,1,1,1,51,8,-1,-1,-1,9,3,9
2018350814242,2,1,0,18,0,0,0,0,1,0,2,1,2,2,18,4,-1,-1,-1,6,1,6
2018350814289,1,9,0,18,0,0,0,0,0,0,1,1,6,3,-1,-1,1951,2,13,-1,-1,-1
2018350814289,2,9,0,18,0,0,0,11,7,11,4,1,5,1,34,6,1995,2,3,8,1,8
2018350814339,1,9,0,18,9,0,5,0,7,2,1,1,6,1,59,9,1999,1,11,8,1,8
2018350814339,2,19,0,2,9,0,0,0,0,0,1,1,6,1,47,8,1995,2,6,10,1,10
2018350814339,3,19,0,2,9,0,0,0,0,0,1,1,6,1,63,9,2500,2,12,8,3,8
2018350814714,1,9,0,16,0,0,1,0,1,10,1,1,5,2,28,6,1242,1,12,5,3,5
2018350814744,1,9,0,18,0,0,0,0,0,0,1,1,1,1,33,6,1598,1,13,1,1,1
2018350814744,2,8,0,18,0,0,0,4,0,0,1,1,1,1,51,8,1598,2,6,3,1,3
2018350814744,3,9,0,2,0,0,0,0,0,0,2,1,6,1,41,7,1242,1,18,1,1,1
2018350815219,1,90,0,4,0,0,0,0,0,0,1,1,1,1,63,9,-1,-1,-1,6,1,6
2018350815219,2,11,0,3,0,0,0,0,0,0,2,1,1,1,61,9,11890,2,14,5,2,5
2018350816153,1,9,0,4,0,0,0,0,0,0,2,1,5,1,41,7,-1,-1,-1,7,2,7
2018350816153,2,9,0,18,0,0,0,0,0,0,1,1,3,1,42,7,1600,1,27,6,2,6
2018350817676,1,9,0,18,0,8,0,0,0,0,1,1,5,2,38,7,1596,1,13,7,3,7
2018350817676,2,9,0,9,0,8,0,0,0,0,4,1,5,1,45,7,1598,2,7,3,1,3
2018350817722,1,9,0,9,0,1,0,0,0,0,1,1,6,1,31,6,1364,1,11,8,2,8
2018350817722,2,9,0,18,0,1,0,0,3,0,1,1,6,2,60,9,1995,2,1,10,1,10
2018350817736,1,19,0,18,0,0,0,0,0,0,1,1,1,1,34,6,-1,-1,-1,2,1,2
2018350817736,2,19,0,4,0,0,0,0,1,0,2,1,1,1,26,6,1995,2,-1,3,1,3
2018350818317,1,9,0,18,0,0,0,0,0,0,1,1,6,2,52,8,1329,1,6,10,1,10
2018350818317,2,9,0,18,0,0,0,0,0,0,1,1,6,2,71,10,1591,1,3,7,1,7
2018350819640,1,9,0,18,0,1,0,0,0,0,1,1,6,3,-1,-1,-1,-1,-1,-1,-1,-1
2018350819640,2,1,0,18,0,1,0,0,0,0,1,1,6,1,62,9,-1,-1,-1,3,1,3
2018350819845,1,9,0,18,0,0,0,0,0,0,1,1,6,2,49,8,1242,1,10,3,1,3
2018350819845,2,9,0,18,0,0,0,0,0,0,2,1,6,1,18,4,1560,2,9,3,1,3
2018350819845,3,9,0,18,0,0,0,0,0,0,2,1,6,1,37,7,1796,1,11,3,1,3
2018350820301,1,1,0,18,0,0,0,0,0,0,1,1,5,1,27,6,-1,-1,-1,-1,-1,-1
2018350820301,2,9,0,18,0,0,0,0,0,0,1,1,5,1,62,9,2993,2,1,10,1,10
2018350820391,1,21,0,16,0,0,0,0,0,0,3,1,1,1,26,6,6870,2,12,4,1,4
2018350820391,2,4,0,17,0,0,5,0,1,0,3,1,6,1,74,10,350,1,62,8,3,8
2018350820782,1,9,0,18,0,0,0,0,0,0,1,1,5,1,22,5,1749,1,17,1,1,1
2018350822364,1,9,0,18,0,0,0,0,0,0,1,1,5,1,18,4,1390,1,13,9,1,9
2018350822364,2,9,0,2,0,0,0,0,0,0,3,1,1,1,-1,-1,1598,2,1,9,1,9
2018350822364,3,9,0,2,0,0,0,0,0,0,3,1,6,2,-1,-1,1242,1,4,8,3,8
2018350823002,1,9,0,17,0,8,0,0,0,0,3,1,6,2,31,6,998,1,18,5,2,5
2018350823002,2,9,0,17,0,8,1,0,0,0,4,1,6,3,-1,-1,-1,-1,-1,-1,-1,-1
2018350823371,1,9,0,18,0,8,0,0,0,0,1,1,5,1,22,5,1995,2,3,6,1,6
2018350823371,2,9,0,9,0,8,0,0,0,0,4,1,1,1,23,5,1995,2,4,1,-1,1
2018350824747,1,9,0,7,0,1,0,0,0,0,1,1,5,1,-1,-1,1596,1,9,10,3,10
2018350824747,2,1,0,9,0,2,0,0,0,0,1,1,5,2,30,6,-1,-1,-1,6,1,6
2018350824762,1,9,0,18,0,0,0,0,0,0,1,1,6,2,56,9,1200,1,1,8,3,8
2018350824762,2,9,0,18,0,0,0,0,0,0,1,1,6,1,61,9,1242,1,4,9,3,9
2018350825105,1,9,0,18,0,0,0,0,0,0,4,1,5,1,27,6,2987,2,1,2,1,2
2018350825105,2,9,0,18,0,0,0,0,0,0,1,1,1,1,-1,-1,2993,2,-1,-1,-1,-1
2018350825540,1,9,0,5,0,4,0,0,0,0,1,1,6,1,50,8,1910,2,11,7,3,7
2018350825540,2,9,0,3,0,4,0,0,0,0,2,1,6,1,33,6,1364,1,5,5,2,5
2018350825873,1,9,0,3,0,0,0,0,0,0,4,1,6,1,26,6,1968,2,7,6,1,6
2018350825873,2,1,0,15,0,0,5,8,0,0,1,1,6,1,29,6,-1,-1,-1,7,1,7
2018350825939,1,9,0,13,0,0,1,0,7,10,1,1,2,1,57,9,1598,1,16,6,3,6
2018350825939,2,9,0,18,0,0,1,0,1,10,1,1,6,2,35,6,1197,1,1,5,3,5
2018350826342,1,9,0,3,0,0,0,0,0,0,3,1,2,1,46,8,-1,-1,-1,10,3,10
2018350826342,2,97,0,14,0,0,0,0,0,0,2,1,2,1,35,6,-1,-1,-1,6,3,6
2018350826642,1,9,0,18,0,5,0,0,0,0,1,1,6,2,34,6,2000,1,4,6,2,6
2018350826642,2,9,0,18,0,6,0,0,0,0,3,1,1,1,34,6,-1,-1,-1,2,1,2
2018350829052,1,9,0,9,0,1,0,0,0,0,1,1,5,2,67,10,1398,1,1,9,2,9
2018350829052,2,9,0,18,0,1,0,0,0,0,1,1,6,2,47,8,1598,2,4,9,1,9
2018350830389,1,9,0,18,0,0,0,0,0,0,3,1,6,1,22,5,1999,1,10,8,3,8
2018350830389,2,9,0,18,0,0,0,0,0,0,1,1,6,2,63,9,999,1,6,5,1,5
2018350830389,3,9,0,18,0,0,0,0,0,0,1,1,6,1,36,7,1368,1,3,6,1,6
2018350832511,1,9,0,18,0,8,0,0,0,0,3,1,6,1,69,10,1591,1,-1,9,1,9
2018350832511,2,1,0,18,0,8,5,0,0,0,4,1,5,1,74,10,-1,-1,-1,3,1,3
2018350832659,1,9,0,5,0,4,0,0,0,0,1,1,5,1,21,5,1560,2,8,4,1,4
2018350832659,2,2,0,18,0,8,0,0,0,0,3,1,5,2,19,4,49,1,-1,8,2,8
2018350835640,1,9,0,18,0,1,0,0,0,0,1,1,1,1,23,5,1000,1,3,5,1,5
2018350835640,2,1,0,18,0,1,0,0,0,0,4,1,5,2,24,5,-1,-1,-1,9,1,9
2018350836361,1,9,0,18,0,4,0,0,0,0,1,1,6,3,-1,-1,-1,-1,-1,-1,-1,-1
2018350836361,2,9,0,18,0,3,1,0,0,0,2,1,2,2,39,7,1994,2,10,7,1,7
2018350836378,1,9,0,18,0,0,1,0,1,0,1,1,6,1,26,6,1997,1,19,9,1,9
2018350849559,1,9,0,16,0,0,0,0,0,0,1,1,6,1,34,6,1598,1,15,-1,-1,-1
2018350849559,2,9,0,18,0,0,0,0,0,0,1,1,6,1,28,6,-1,-1,-1,7,2,7
2018350849574,1,5,0,18,0,0,0,0,1,0,1,1,5,1,25,5,998,1,12,-1,-1,-1
2018360256018,1,9,0,9,0,2,0,0,0,0,1,1,5,1,47,8,1999,1,2,10,1,10
2018360257163,1,9,0,9,0,8,0,0,0,0,1,1,5,1,98,11,1598,1,12,5,3,5
2018360257163,2,9,0,18,0,8,0,0,1,0,1,1,2,2,33,6,1896,2,9,3,2,3
2018360257163,3,9,0,18,0,1,0,0,0,0,1,1,1,1,33,6,-1,-1,-1,1,1,1
2018360257163,4,9,0,18,0,1,0,0,0,0,1,1,5,2,53,8,1398,1,2,4,3,4
2018360257270,1,9,0,18,0,1,0,0,0,0,1,1,6,1,34,6,-1,-1,-1,1,1,1
2018360257270,2,1,0,18,0,1,0,0,0,0,2,1,6,1,24,5,-1,-1,-1,3,1,3
2018360257431,1,9,0,18,0,0,0,0,0,0,1,1,5,2,26,6,1598,1,13,4,3,4
2018360257431,2,9,0,18,0,0,0,0,0,0,1,1,5,1,55,8,-1,-1,-1,5,3,5
2018360258206,1,19,0,18,0,0,0,0,0,0,1,1,1,1,38,7,1560,2,5,-1,1,-1
2018360258206,2,9,0,18,0,0,0,0,0,0,1,1,2,1,23,5,1229,1,6,6,3,6
2018360258217,1,90,0,5,0,8,0,0,0,0,1,1,5,1,63,9,-1,-1,-1,6,1,6
2018360258217,2,9,0,18,0,8,0,0,0,0,4,1,5,1,78,11,1199,1,15,4,3,4
2018360259039,1,9,0,18,0,0,1,0,7,2,1,1,2,1,28,6,-1,-1,-1,6,2,6
2018360259188,1,19,0,18,0,0,0,0,0,0,1,1,1,1,46,8,2198,2,2,1,1,1
2018360259188,2,11,0,18,0,0,0,0,0,0,1,1,1,1,20,4,-1,-1,-1,9,2,9
2018360260012,1,9,0,16,0,0,0,0,7,0,3,1,5,1,18,4,1596,1,6,3,2,3
2018360260070,1,9,0,18,0,0,1,0,7,0,1,1,5,1,77,11,1240,1,8,5,3,5
2018360260073,1,9,0,12,0,0,0,0,0,0,3,1,5,2,34,6,1685,2,7,6,1,6
2018360260073,2,5,0,18,0,0,0,0,0,0,4,1,2,1,31,6,745,1,1,1,1,1
2018360260446,1,9,0,18,0,0,0,0,0,0,1,1,5,1,56,9,-1,-1,-1,1,1,1
2018360260446,2,9,0,4,0,0,0,0,0,0,2,1,2,1,37,7,1968,2,8,4,2,4
2018360260662,1,9,0,12,0,2,0,0,0,0,2,1,5,1,25,5,1753,2,14,1,1,1
2018360260662,2,9,0,18,0,2,0,0,0,0,1,1,5,2,58,9,1388,1,7,1,1,1
2018360260718,1,19,0,18,0,0,0,0,0,0,3,1,6,1,20,4,1499,2,2,6,3,6
2018360260718,2,9,0,18,0,0,0,0,0,0,3,1,2,2,20,4,1587,1,12,4,1,4
2018360260854,1,9,0,18,0,0,0,0,0,0,1,1,2,2,45,7,1461,2,3,9,1,9
2018360260995,1,9,0,13,0,0,0,0,7,0,3,1,2,1,27,6,-1,-1,-1,1,1,1
2018360260995,2,9,0,18,0,0,0,0,0,0,3,1,2,1,64,9,1198,1,2,5,3,5
2018360261168,1,9,0,18,0,0,0,0,0,0,1,1,1,2,23,5,999,1,4,5,1,5
2018360261248,1,9,0,18,0,0,0,0,0,0,1,1,6,1,-1,-1,1991,8,2,8,3,8
2018360261325,1,9,0,9,0,1,0,0,0,0,1,1,5,2,22,5,1242,1,2,5,2,5
2018360261325,2,9,0,18,0,1,0,0,0,0,1,1,5,2,86,11,1242,1,10,10,1,10
2018360261355,1,9,0,14,0,0,5,0,0,0,1,1,5,1,29,6,-1,-1,-1,7,2,7
2018360261355,2,9,0,5,0,0,0,0,0,0,3,1,1,1,32,6,2143,2,2,10,2,10
2018360261381,1,19,0,2,0,0,0,0,0,0,0,1,6,1,33,6,2402,2,11,1,1,1
2018360261381,2,9,0,18,0,0,0,0,0,0,4,1,6,2,40,7,1560,2,8,7,1,7
2018360261384,1,9,0,7,0,2,0,0,0,0,1,1,1,1,27,6,1560,2,7,1,1,1
2018360261384,2,9,0,9,0,1,0,0,0,0,3,1,1,1,36,7,1796,1,13,2,1,2
2018360261702,1,9,0,18,0,2,0,0,0,0,1,1,6,3,-1,-1,1598,2,2,-1,-1,-1
2018360261702,2,9,0,18,0,1,0,0,0,0,3,1,5,1,28,6,1968,2,6,1,1,1
2018360261739,1,3,0,18,0,0,1,0,0,0,1,1,2,1,20,4,108,1,3,3,3,3
2018360261932,1,3,0,18,0,1,0,0,0,0,1,1,6,1,16,4,100,1,13,-1,-1,-1
2018360261956,1,9,0,7,0,6,0,0,0,0,3,1,2,2,18,4,1149,1,15,2,2,2
2018360261956,2,9,0,18,0,1,0,0,0,0,1,1,5,1,58,9,-1,-1,-1,1,1,1
2018360261975,1,-1,-1,18,0,1,0,0,0,0,-1,1,6,3,-1,-1,-1,-1,-1,-1,-1,-1
2018360261975,2,9,0,18,0,2,0,0,0,0,1,1,1,1,51,8,-1,-1,-1,4,3,4
2018360261975,3,9,-1,18,0,2,0,0,3,0,-1,1,1,1,50,8,-1,-1,-1,3,1,3
2018360261975,4,9,0,18,0,1,0,0,0,0,1,1,1,1,51,8,3997,2,10,3,1,3
2018360261975,5,9,0,18,0,1,0,0,0,0,1,1,1,2,27,6,998,1,16,8,1,8
2018360262004,1,9,0,5,0,0,0,0,0,0,1,1,5,1,24,5,-1,-1,-1,2,1,2
2018360262004,2,3,0,18,0,0,5,0,0,0,4,1,6,1,22,5,124,1,8,5,3,5
2018360262009,1,9,0,7,0,8,0,0,0,0,0,1,3,2,33,6,1968,2,7,4,2,4
2018360262009,2,3,0,18,0,8,0,0,0,0,0,1,1,1,61,9,125,1,2,6,1,6
2018360262039,1,9,0,18,0,0,0,0,0,0,3,1,5,1,87,11,1596,1,13,4,3,4
2018360262039,2,9,0,2,0,0,0,0,0,0,4,1,6,3,-1,-1,-1,-1,-1,-1,-1,-1
2018360262080,1,9,0,18,0,0,0,0,0,0,4,1,1,1,47,8,-1,-1,-1,1,1,1
2018360262424,1,9,0,18,0,0,1,0,8,11,1,1,6,1,17,4,-1,-1,-1,7,1,7
2018360262492,1,2,0,18,0,1,2,0,0,0,1,1,4,1,16,4,49,1,4,3,1,3
2018360262492,2,9,0,3,0,1,0,0,0,0,2,1,3,1,38,7,1198,1,6,2,1,2
2018360262519,1,9,0,18,0,1,0,0,0,0,1,1,5,2,27,6,1598,2,4,4,3,4
2018360262519,2,-1,-1,18,0,1,0,0,0,0,1,1,6,3,-1,-1,-1,-1,-1,-1,-1,-1
2018360262535,1,9,0,18,0,1,0,0,0,0,1,1,6,2,20,4,-1,-1,-1,6,2,6
2018360262535,2,9,0,4,0,1,0,0,0,0,2,1,5,1,55,8,1997,2,6,4,2,4
2018360262582,1,9,0,18,0,2,0,0,0,0,1,1,2,2,72,10,1796,1,12,4,3,4
2018360262744,1,9,0,18,0,0,0,0,1,0,3,1,5,2,58,9,1124,1,10,5,3,5
2018360262831,1,1,0,18,0,1,0,0,0,0,2,1,4,1,11,3,-1,-1,-1,1,1,1
2018360262831,2,9,0,18,0,1,0,0,0,0,1,1,1,1,32,6,-1,-1,-1,3,1,3
2018360262889,1,9,0,18,0,1,0,0,0,0,1,1,1,1,49,8,1896,2,17,8,1,8
2018360262912,1,9,0,18,0,0,0,0,1,0,4,1,5,2,23,5,1198,1,3,2,1,2
2018360262942,1,9,0,18,0,0,0,0,0,0,4,1,5,1,77,11,2199,2,3,6,3,6
2018360263014,1,9,0,5,5,0,0,0,0,0,1,1,6,3,-1,-1,-1,-1,-1,-1,-1,-1
2018360263032,1,9,0,18,0,1,0,0,0,0,1,1,5,1,39,7,2720,2,10,5,1,5
2018360263032,2,9,5,18,0,2,0,0,0,0,1,1,5,2,34,6,1199,1,16,3,2,3
2018360263043,1,9,0,18,0,8,0,0,0,0,1,1,1,1,55,8,1956,2,6,4,1,4
2018360263043,2,9,0,18,0,8,0,0,0,0,1,1,5,1,49,8,999,1,4,10,1,10
2018360263243,1,9,0,18,0,0,0,0,1,0,4,1,5,1,69,10,1198,1,4,6,1,6
2018360263243,2,9,0,4,0,0,0,0,0,0,2,1,5,1,51,8,1398,2,8,1,1,1
2018360263336,1,9,0,18,0,8,0,0,0,0,1,1,5,1,76,11,3600,1,15,5,3,5
2018360263336,2,19,0,18,0,8,0,0,0,0,1,1,5,1,33,6,1868,2,14,7,1,7
2018360263412,1,9,0,18,0,0,2,7,0,0,4,1,5,2,20,4,1390,1,14,4,3,4
2018360263426,1,9,0,18,0,8,0,0,1,0,4,1,5,2,28,6,1390,1,10,5,1,5
2018360263432,1,17,0,18,0,0,2,0,0,0,3,1,1,1,30,6,4156,2,1,6,2,6
2018360263443,1,9,0,18,0,0,0,0,1,0,1,1,5,1,25,5,1248,2,7,6,3,6
2018360263485,1,8,0,18,0,0,0,0,0,0,1,1,1,1,33,6,1685,2,3,8,1,8
2018360263485,2,9,0,3,0,0,0,0,0,0,2,1,6,2,49,8,1398,2,10,9,1,9
2018360263607,1,9,0,9,0,8,0,0,0,0,3,1,1,1,79,11,1386,1,8,6,2,6
2018360263607,2,9,0,18,0,8,0,0,0,0,1,1,1,1,26,6,1798,1,10,8,1,8
2018360263643,1,9,0,18,0,1,0,0,0,0,1,1,5,1,77,11,1198,1,2,2,1,2
2018360263676,1,21,1,18,0,0,0,0,0,0,1,1,1,1,49,8,10677,2,3,4,1,4
2018360263676,2,19,0,2,0,0,0,0,0,0,2,1,5,1,59,9,1461,2,5,4,-1,4
2018360263730,1,9,0,18,0,0,0,0,0,0,1,1,5,1,23,5,1896,2,10,8,2,8
2018360263730,2,90,0,18,0,0,0,0,0,0,1,1,5,1,77,11,-1,-1,-1,6,3,6