Accident_Index,Vehicle_Reference,Vehicle_Type,Towing_and_Articulation,Vehicle_Manoeuvre,Vehicle_Location-Restricted_Lane,Junction_Location,Skidding_and_Overturning,Hit_Object_in_Carriageway,Vehicle_Leaving_Carriageway,Hit_Object_off_Carriageway,1st_Point_of_Impact,Was_Vehicle_Left_Hand_Drive?,Journey_Purpose_of_Driver,Sex_of_Driver,Age_of_Driver,Age_Band_of_Driver,Engine_Capacity_(CC),Propulsion_Code,Age_of_Vehicle,Driver_IMD_Decile,Driver_Home_Area_Type,Vehicle_IMD_Decile
2018360263955,1,9,0,18,0,0,5,0,0,0,1,1,5,1,21,5,973,1,17,4,3,4
2018360264062,1,98,1,18,0,0,1,0,1,0,4,1,1,1,63,9,-1,-1,-1,-1,-1,-1
2018360264062,2,21,1,2,6,0,0,0,1,4,3,1,1,1,32,6,12902,2,5,4,2,4
2018360264188,1,9,0,9,0,5,0,0,0,0,1,1,5,1,52,8,999,1,-1,1,1,1
2018360264188,2,3,0,18,0,1,0,0,0,0,1,1,5,1,25,5,124,1,4,2,1,2
2018360264232,1,9,0,9,0,8,0,0,0,0,3,1,6,1,72,10,998,1,11,7,1,7
2018360264232,2,3,0,18,0,8,0,0,0,0,3,1,6,1,18,4,125,1,3,10,2,10
2018360264232,3,9,0,7,0,8,0,0,0,0,3,1,6,1,49,8,1248,1,7,9,2,9
2018360264269,1,9,0,9,0,1,1,0,0,0,3,1,5,2,75,10,1587,1,10,7,3,7
2018360264269,2,9,0,18,0,1,1,0,0,0,3,1,1,1,52,8,1997,2,1,10,3,10
2018360264270,1,9,0,18,0,0,0,0,0,0,1,1,6,2,21,5,1598,2,5,4,1,4
2018360264276,1,9,0,9,0,8,0,0,0,0,3,1,6,1,35,6,-1,-1,-1,-1,-1,-1
2018360264276,2,1,0,18,0,8,0,0,0,0,1,1,6,2,21,5,-1,-1,-1,1,1,1
2018360264348,1,9,0,18,0,1,0,0,1,0,4,1,5,1,17,4,-1,-1,-1,2,1,2
2018360264368,1,19,0,18,0,0,0,0,0,0,4,1,5,1,29,6,1995,2,7,5,1,5
2018360264373,1,9,0,18,0,4,0,0,0,0,1,1,5,1,24,5,1995,2,4,5,1,5
2018360264373,2,9,0,18,0,8,0,0,0,0,4,1,5,1,41,7,2495,2,22,2,1,2
2018360264706,1,19,0,9,0,2,0,0,0,0,3,1,1,2,66,10,1248,2,7,6,2,6
2018360264706,2,98,0,18,0,1,0,0,0,0,1,1,1,1,53,8,-1,-1,-1,3,1,3
2018360264721,1,9,0,18,0,8,0,0,0,0,1,1,6,3,-1,-1,1360,1,14,-1,-1,-1
2018360264721,2,9,0,18,0,8,0,0,1,0,4,1,5,2,58,9,1395,1,1,6,1,6
2018360264721,3,9,0,18,0,1,0,0,0,0,0,1,1,2,22,5,1560,2,4,1,1,1
2018360264767,1,9,0,12,0,0,0,0,5,0,1,1,1,1,31,6,-1,-1,-1,1,1,1
2018360264767,2,9,0,4,0,0,0,0,4,0,2,1,2,1,30,6,1086,1,15,5,1,5
2018360265082,1,9,0,18,0,1,0,0,0,0,1,1,3,2,36,7,1798,1,10,5,3,5
2018360265082,2,9,0,10,0,1,0,0,0,0,2,1,2,2,48,8,-1,-1,-1,8,2,8
2018360265144,1,9,0,5,0,2,0,0,0,0,1,1,6,3,-1,-1,-1,-1,-1,-1,-1,-1
2018360265249,1,9,0,18,0,8,0,0,0,0,1,1,5,2,40,7,1956,2,7,5,3,5
2018360265249,2,9,0,4,0,8,1,0,0,0,1,1,5,1,67,10,1995,2,15,4,3,4
2018360265249,3,9,0,10,0,8,0,0,0,0,2,1,5,2,49,8,1248,2,5,6,3,6
2018360265277,1,9,0,9,0,1,0,0,0,0,1,1,1,2,21,5,1896,2,15,4,3,4
2018360265277,2,9,0,18,0,1,0,0,0,0,0,1,1,1,43,7,-1,-1,-1,-1,-1,-1
2018360265326,1,9,0,9,0,1,0,0,0,0,1,1,5,1,22,5,1242,1,13,8,1,8
2018360265326,2,9,0,18,0,2,0,0,0,0,1,1,5,1,31,6,999,1,8,8,1,8
2018360265361,1,9,0,18,0,0,0,0,0,0,1,1,2,1,32,6,-1,-1,-1,6,2,6
2018360265673,1,1,0,5,0,0,2,0,0,0,1,1,5,1,71,10,-1,-1,-1,8,1,8
2018360265696,1,1,0,18,0,0,2,0,0,0,1,1,6,1,28,6,-1,-1,-1,2,1,2
2018360265696,2,19,4,18,0,0,0,0,0,0,4,1,1,1,50,8,2287,2,4,6,1,6
2018360265715,1,9,0,18,0,6,0,0,0,0,3,1,6,2,39,7,1598,1,4,8,3,8
2018360265715,2,1,0,18,0,8,2,0,0,0,1,1,5,1,25,5,-1,-1,-1,7,1,7
2018360265717,1,9,0,18,0,0,0,0,0,0,1,1,5,1,23,5,-1,-1,-1,7,3,7
2018360265717,2,9,0,4,0,0,0,0,0,0,2,1,5,2,44,7,1368,1,8,9,2,9
2018360265727,1,9,0,18,0,0,0,0,0,0,1,1,6,1,25,5,1339,1,8,3,-1,3
2018360265825,1,9,0,18,0,0,0,0,0,0,1,1,6,1,55,8,-1,-1,-1,-1,-1,-1
2018360265914,1,9,0,18,0,0,0,0,0,0,1,1,5,2,73,10,1598,1,8,9,1,9
2018360265914,2,9,0,3,0,0,0,0,0,0,2,1,1,1,35,6,-1,-1,-1,5,3,5
2018360265942,1,3,0,18,0,1,2,0,0,0,1,1,5,1,23,5,108,1,1,8,1,8
2018360265945,1,9,0,18,0,8,0,0,0,0,3,1,5,2,43,7,2199,2,3,7,3,7
2018360265945,2,9,0,18,0,1,0,0,0,0,1,1,2,2,39,7,998,1,2,8,2,8
2018360266008,1,9,0,18,0,0,0,0,0,0,2,1,1,1,57,9,1968,2,2,7,3,7
2018360266008,2,9,0,18,0,0,0,0,0,0,1,1,5,1,39,7,1968,2,9,6,1,6
2018360266008,3,17,0,18,0,0,0,0,0,0,0,1,6,3,-1,-1,-1,-1,-1,-1,-1,-1
2018360266039,1,9,0,16,0,0,1,0,0,0,1,1,6,1,31,6,1998,1,15,7,3,7
2018360266039,2,-1,-1,17,0,0,0,0,0,0,1,1,6,2,-1,-1,-1,-1,-1,-1,-1,-1
2018360266053,1,9,0,18,0,1,5,0,0,0,4,1,5,2,50,8,1397,1,10,7,1,7
2018360266073,1,9,0,17,0,1,1,0,0,0,1,1,2,1,36,7,2143,2,2,4,2,4
2018360266073,2,9,0,16,0,1,1,0,0,0,1,1,2,2,27,6,1200,1,14,2,1,2
2018360266146,1,9,0,9,0,8,0,0,0,0,1,1,5,2,67,10,1242,1,12,4,2,4
2018360266146,2,2,0,18,0,8,2,0,0,0,1,1,5,1,17,4,50,1,3,6,2,6
2018360266175,1,9,0,18,0,0,1,0,7,11,2,1,2,2,32,6,1461,2,11,7,3,7
2018360266185,1,9,0,9,0,8,0,0,0,0,3,1,2,2,34,6,1242,1,6,1,1,1
2018360266185,2,3,0,18,0,1,2,0,0,0,1,1,5,1,24,5,125,1,7,2,1,2
2018360266187,1,9,0,17,0,1,1,0,1,1,1,1,1,1,37,7,1968,2,14,5,3,5
2018360266290,1,9,0,18,0,8,0,0,0,0,1,1,6,1,37,7,-1,-1,-1,5,1,5
2018360266290,2,9,0,18,0,8,0,0,0,0,3,1,6,2,59,9,2143,2,1,6,1,6
2018360266298,1,9,0,16,0,0,5,10,7,0,1,1,5,1,72,10,-1,-1,-1,7,3,7
2018360266309,1,9,0,18,0,0,0,0,0,0,1,1,2,1,50,8,2143,2,4,5,3,5
2018360266309,2,9,0,18,0,0,0,0,0,0,2,1,1,1,61,9,-1,-1,-1,6,2,6
2018360266343,1,9,0,18,0,1,0,0,0,0,1,1,6,2,-1,-1,1598,2,5,8,1,8
2018360266343,2,9,0,3,0,1,0,0,0,0,2,1,5,1,46,8,1390,1,15,1,1,1
2018360266353,1,3,0,14,0,0,2,0,0,0,4,1,6,2,21,5,124,1,9,1,1,1
2018360266353,2,9,0,2,0,0,0,0,0,0,4,1,6,3,-1,-1,-1,-1,-1,-1,-1,-1
2018360266363,1,9,0,18,0,0,0,0,0,0,1,1,6,3,-1,-1,-1,-1,-1,-1,-1,-1
2018360266363,2,1,0,18,0,0,5,0,0,0,2,1,4,1,16,4,-1,-1,-1,4,3,4
2018360266371,1,9,0,16,0,0,1,0,0,0,1,1,1,2,52,8,998,1,7,4,2,4
2018360266380,1,9,0,18,0,0,0,0,0,0,1,1,5,1,63,9,-1,-1,-1,1,1,1
2018360266380,2,9,0,3,0,0,0,0,0,0,2,1,5,2,51,8,1598,1,5,1,1,1
2018360266380,3,9,0,3,0,0,0,0,0,0,2,1,5,1,45,7,2987,2,2,10,1,10
2018360266393,1,9,0,18,0,0,2,0,0,0,3,1,6,1,42,7,1560,2,11,2,1,2
2018360266464,1,9,0,18,0,0,0,0,0,0,1,1,6,1,25,5,1896,2,16,5,3,5
2018360266464,2,9,0,18,0,0,0,0,0,0,1,1,6,1,63,9,1598,1,16,5,3,5
2018360266489,1,9,0,18,0,0,0,0,0,0,1,1,5,2,32,6,1388,1,12,3,1,3
2018360266489,2,9,0,3,0,0,0,0,0,0,2,1,2,1,23,5,1360,1,11,9,1,9
2018360266504,1,9,0,18,0,0,0,0,0,0,4,1,2,2,46,8,1124,1,17,1,1,1
2018360266504,2,9,0,18,0,0,0,0,0,0,1,1,2,1,25,5,1598,2,7,9,1,9
2018360266504,3,9,0,18,0,0,0,0,0,0,2,1,2,2,33,6,1200,1,5,5,3,5
2018360266504,4,9,0,18,0,0,0,0,0,0,1,1,2,1,19,4,1229,1,13,1,1,1
2018360266577,1,9,0,18,0,8,0,0,0,0,1,1,2,1,22,5,1242,1,12,4,1,4
2018360266577,2,9,0,18,0,8,0,0,0,0,4,1,1,1,27,6,-1,-1,-1,5,3,5
2018360266581,1,9,0,18,0,0,0,0,0,0,1,1,5,1,80,11,999,1,6,4,3,4
2018360266581,2,9,0,4,0,0,0,0,0,0,0,1,1,1,44,7,-1,-1,-1,4,3,4
2018360266586,1,9,0,13,0,0,1,0,1,9,1,1,5,1,61,9,1999,1,3,2,1,2
2018360266586,2,9,0,18,0,0,0,0,0,0,2,1,5,1,26,6,-1,-1,-1,5,3,5
2018360266589,1,9,0,18,0,1,0,0,0,0,3,1,5,2,47,8,1348,1,16,1,1,1
2018360266589,2,9,0,18,0,2,0,0,0,0,3,1,5,2,59,9,1364,1,1,5,3,5
2018360266590,1,9,0,18,0,0,2,0,1,9,4,1,5,2,23,5,1248,2,6,1,1,1
2018360266591,1,9,0,18,0,0,2,0,0,0,1,1,5,2,21,5,1229,1,8,9,1,9
2018360266606,1,98,4,9,0,6,0,0,0,0,4,1,6,3,-1,-1,-1,-1,-1,-1,-1,-1
2018360266606,2,3,0,18,0,1,2,0,0,0,1,1,5,1,28,6,108,1,1,5,3,5
2018360266817,1,21,4,18,0,0,0,0,0,0,1,1,1,1,44,7,9200,2,7,5,1,5
2018360266817,2,1,0,18,0,0,5,0,0,0,2,1,2,1,49,8,-1,-1,-1,7,3,7
2018360266855,1,9,0,18,0,1,0,0,0,0,1,1,5,2,41,7,1360,1,13,7,3,7
2018360266855,2,9,0,18,0,1,0,0,0,0,2,1,5,2,52,8,1248,2,2,6,2,6
2018360266896,1,9,0,18,0,0,0,0,0,0,1,1,6,1,42,7,-1,-1,-1,1,1,1
2018360266896,2,9,0,18,0,0,0,0,0,0,1,1,6,2,46,8,1560,2,11,6,2,6
2018360266900,1,9,5,18,0,1,0,0,0,0,1,1,5,1,41,7,1200,1,1,8,2,8
2018360266900,2,9,5,18,0,1,0,0,0,0,1,1,5,1,42,7,1229,1,9,6,1,6
2018360266900,3,9,5,18,0,1,0,0,0,0,1,1,5,1,46,8,-1,-1,-1,8,2,8
2018360266906,1,3,0,18,0,1,5,0,1,9,1,1,4,1,36,7,124,1,5,5,3,5
2018360266906,2,9,0,4,0,1,0,0,0,0,2,1,2,2,51,8,1198,1,4,6,3,6
2018360266975,1,9,0,18,0,0,0,0,0,0,1,1,2,1,36,7,1198,1,16,3,2,3
2018360266975,2,9,0,18,0,0,0,0,0,0,1,1,1,1,36,7,1461,2,2,3,1,3
2018360267008,1,9,0,17,0,0,0,0,1,0,3,1,6,1,42,7,-1,-1,-1,4,2,4
2018360267008,2,9,0,18,0,0,0,0,1,0,1,1,6,1,20,4,1242,1,12,7,1,7
2018360267038,1,9,0,18,0,0,0,0,0,0,1,1,6,2,29,6,1242,1,17,1,1,1
2018360267043,1,9,0,9,0,1,0,0,0,0,4,1,2,1,43,7,1598,2,6,1,1,1
2018360267043,2,3,0,18,0,1,5,0,0,0,1,1,2,1,28,6,124,1,7,1,1,1
2018360267046,1,9,0,18,0,4,0,0,0,0,1,1,6,1,30,6,2179,2,11,2,1,2
2018360267046,2,9,0,18,0,4,0,0,0,0,2,1,6,2,24,5,1598,2,5,1,1,1
2018360267074,1,9,0,18,0,0,0,0,0,0,4,1,6,1,76,11,1997,1,5,5,3,5
2018360267103,1,9,0,9,0,2,0,0,0,0,3,1,6,1,86,11,1598,1,20,8,1,8
2018360267103,2,9,0,18,0,1,0,0,0,0,4,1,6,2,56,9,1248,1,8,8,1,8
2018360267125,1,9,0,18,0,0,0,0,0,0,1,1,6,1,26,6,1686,2,17,1,1,1
2018360267125,2,9,0,18,0,0,0,0,0,0,3,1,6,2,34,6,1299,1,15,5,3,5
2018360267147,1,9,0,18,0,0,0,0,0,0,1,1,6,2,36,7,1598,2,6,4,3,4
2018360267147,2,9,0,18,0,0,0,0,0,0,1,1,6,1,65,9,1968,2,3,4,2,4
2018360267147,3,9,0,9,0,0,0,0,0,0,2,1,6,1,85,11,1590,1,13,4,3,4
2018360267155,1,9,0,18,0,0,0,0,7,0,3,1,2,2,58,9,1870,2,11,5,2,5
2018360267169,1,9,0,18,0,0,0,0,0,0,1,1,6,1,21,5,-1,-1,-1,1,1,1
2018360267169,2,1,0,18,0,0,0,0,0,0,1,1,6,1,25,5,-1,-1,-1,2,1,2
2018360267184,1,9,0,15,0,0,0,0,0,0,1,1,5,1,24,5,1998,1,15,2,1,2
2018360267184,2,9,0,18,0,0,0,0,0,0,1,1,5,1,69,10,1968,2,11,4,3,4
2018360267184,3,9,0,18,0,0,0,0,0,0,1,1,3,2,51,8,1461,2,8,5,3,5
2018360267184,4,21,0,18,0,0,0,0,0,0,1,1,1,1,30,6,5132,2,2,10,1,10
2018360267195,1,9,0,18,0,0,1,0,2,11,4,1,1,1,36,7,-1,-1,-1,10,1,10
2018360267196,1,9,0,18,0,0,2,0,1,0,3,1,2,1,44,7,1198,1,10,4,3,4
2018360267211,1,2,0,18,0,0,2,0,0,0,3,1,4,1,18,4,49,1,8,3,2,3
2018360267224,1,9,0,18,0,0,0,0,0,0,2,1,6,2,23,5,1198,1,4,4,3,4
2018360267224,2,9,0,18,0,0,0,0,0,0,2,1,6,2,22,5,1299,1,16,4,3,4
2018360267229,1,9,0,18,0,0,2,0,0,0,3,1,2,1,52,8,1783,1,15,5,2,5
2018360267448,1,9,0,18,0,0,0,0,0,0,1,1,2,1,26,6,-1,-1,-1,5,3,5
2018360267448,2,9,0,4,0,0,0,0,0,0,2,1,3,2,31,6,1984,1,9,6,2,6
2018360267448,3,9,0,4,0,0,0,0,0,0,2,1,2,1,60,9,1968,2,2,6,2,6
2018360267468,1,9,0,18,9,0,0,0,0,0,3,1,6,3,-1,-1,-1,-1,-1,-1,-1,-1
2018360267536,1,9,5,18,0,0,0,0,0,0,4,1,5,1,75,10,1997,2,9,7,3,7
2018360267577,1,9,5,18,0,1,0,0,1,0,1,1,5,1,91,11,1598,1,18,9,1,9
2018360267596,1,9,0,18,0,0,1,0,0,0,1,1,6,1,50,8,-1,-1,-1,6,3,6
2018360267596,2,9,0,4,0,0,0,0,0,0,2,1,6,2,24,5,998,1,1,5,2,5
2018360267620,1,20,0,9,0,0,0,0,0,0,3,1,1,1,41,7,5947,2,30,10,2,10
2018360267620,2,1,0,18,0,0,2,0,0,0,1,1,6,1,3,1,-1,-1,-1,10,1,10
2018360267696,1,9,0,18,0,0,0,0,0,0,1,1,5,2,87,11,1198,1,9,7,3,7
2018360267696,2,9,0,2,0,0,0,0,0,0,2,1,6,3,-1,-1,-1,-1,-1,-1,-1,-1
2018360267696,3,9,0,2,0,0,0,0,0,0,2,1,6,3,-1,-1,-1,-1,-1,-1,-1,-1
2018360267729,1,5,0,18,0,1,5,0,0,0,1,1,1,1,52,8,600,1,6,1,1,1
2018360267736,1,5,0,17,0,0,2,0,1,9,1,1,5,1,45,7,1043,1,4,6,1,6
2018360267748,1,9,0,18,0,8,0,0,0,0,0,1,5,2,18,4,1598,1,14,1,1,1
2018360267762,1,9,0,18,0,0,1,0,0,0,0,1,6,3,-1,-1,-1,-1,-1,-1,-1,-1
2018360267762,2,9,0,18,0,0,2,0,7,0,1,1,6,1,22,5,1198,1,16,4,1,4
2018360267762,3,9,4,18,0,0,0,0,0,0,1,1,6,1,47,8,-1,-1,-1,-1,3,-1
2018360267787,1,9,0,13,0,0,0,0,0,0,1,1,6,3,-1,-1,-1,-1,-1,-1,-1,-1
2018360267787,2,1,0,18,0,0,2,0,1,0,3,1,6,1,54,8,-1,-1,-1,5,3,5
2018360267788,1,19,0,18,0,0,0,0,0,0,1,1,2,1,36,7,1968,2,3,5,1,5
2018360267794,1,9,0,18,0,0,1,0,0,0,1,1,2,1,25,5,1598,1,17,8,2,8
2018360267794,2,11,0,18,0,0,0,0,0,0,1,1,1,1,45,7,9000,2,10,8,1,8
2018360267797,1,9,0,18,0,0,0,0,0,0,1,1,6,1,-1,-1,1298,1,15,5,3,5
2018360267797,2,9,0,9,0,0,0,0,0,0,1,1,6,1,76,11,1198,1,12,8,1,8
2018360267812,1,9,0,18,0,0,0,0,0,0,1,1,2,2,45,7,1598,2,10,4,3,4
2018360267813,1,9,0,18,0,0,1,0,0,0,4,1,2,1,20,4,1598,1,4,3,2,3
2018360267813,2,9,0,4,0,0,0,0,0,0,2,1,2,2,49,8,998,1,8,5,2,5
2018360267813,3,9,0,18,0,0,1,0,2,3,4,1,2,1,37,7,-1,-1,-1,2,2,2
2018360267813,4,9,0,2,0,0,0,0,0,0,1,1,1,1,52,8,-1,-1,-1,4,3,4
2018360267814,1,9,0,18,0,0,1,0,1,4,4,1,5,2,25,5,1600,1,7,10,1,10
2018360267818,1,9,0,18,0,0,0,0,0,0,4,1,5,1,40,7,2979,1,11,5,3,5
2018360267818,2,1,0,18,0,0,0,0,0,0,3,1,6,1,16,4,-1,-1,-1,5,3,5
2018360267871,1,9,0,18,0,1,0,0,0,0,1,1,5,1,38,7,1796,1,16,5,1,5
2018360268022,1,9,0,18,0,0,0,0,0,0,0,1,5,1,56,9,1461,2,8,2,1,2
2018360268127,1,9,0,18,0,8,5,0,0,0,4,1,6,1,42,7,-1,-1,-1,5,3,5
2018360268127,2,9,0,18,0,8,0,0,0,0,1,1,6,1,47,8,2495,2,27,4,3,4
2018360268154,1,9,0,11,0,0,5,0,1,0,4,1,5,1,18,4,1360,1,9,5,3,5
2018360268162,1,9,0,18,0,0,0,0,0,0,1,1,6,2,44,7,1598,1,8,6,1,6
2018360268176,1,9,0,7,0,5,0,0,0,0,4,1,6,3,-1,-1,-1,-1,-1,-1,-1,-1
2018360268176,2,1,0,18,0,1,0,0,1,0,4,1,5,1,59,9,-1,-1,-1,6,2,6
2018360268227,1,9,0,9,0,0,0,0,0,0,1,1,5,1,51,8,1686,2,12,9,2,9
2018360268289,1,9,0,18,0,1,0,0,0,0,4,1,5,2,42,7,1461,2,4,10,1,10
2018360268625,1,9,0,13,0,0,0,0,0,0,1,1,2,1,21,5,1968,2,4,9,2,9
2018360268625,2,9,0,18,0,0,0,0,0,0,1,1,2,1,41,7,1997,2,10,7,2,7
2018360268625,3,9,0,18,0,0,1,0,0,0,1,1,2,1,52,8,1596,1,7,7,1,7
2018360268652,1,9,0,6,0,0,0,0,0,0,3,1,5,1,22,5,1753,2,14,1,1,1
2018360268652,2,21,1,18,0,0,0,0,0,0,1,1,1,1,52,8,6700,2,4,1,1,1
2018360268670,1,9,0,15,0,0,0,0,0,0,3,1,6,1,-1,-1,-1,-1,-1,-1,-1,-1
2018360268670,2,9,0,18,0,0,0,0,0,0,4,1,5,1,52,8,1560,2,9,6,3,6
2018360268695,1,9,0,18,0,0,5,0,7,10,3,1,2,2,28,6,-1,-1,-1,4,2,4
2018360268730,1,9,0,18,0,0,0,0,0,0,1,1,5,2,66,10,1461,2,4,3,3,3
2018360268730,2,9,0,18,0,0,0,0,0,0,1,1,1,2,35,6,1360,1,15,4,3,4
2018360268730,3,9,0,18,0,0,0,7,1,7,4,1,5,1,51,8,1124,1,14,3,3,3
2018360268743,1,9,0,18,0,1,0,0,1,0,3,1,6,2,19,4,1242,1,7,5,3,5
2018360268743,2,21,1,18,0,1,0,0,0,0,1,1,6,1,53,8,11000,2,17,4,2,4
2018360268753,1,9,0,18,0,0,1,0,2,0,1,1,5,2,60,9,1598,1,16,9,1,9
2018360268765,1,9,0,18,0,1,0,0,0,0,1,1,5,2,32,6,1995,2,17,1,1,1
2018360268765,2,1,0,18,0,1,5,0,0,0,1,1,2,1,50,8,-1,-1,-1,3,1,3
2018360268789,1,9,0,18,0,6,0,0,0,0,1,1,5,1,79,11,1198,1,6,6,3,6
2018360268789,2,9,0,18,0,1,0,0,0,0,4,1,5,1,19,4,-1,-1,-1,3,2,3
2018360268793,1,9,0,18,0,1,0,0,0,0,4,1,5,1,17,4,-1,-1,-1,8,3,8
2018360268793,2,19,0,18,0,1,0,0,0,0,1,1,5,1,26,6,1995,2,11,9,2,9
2018360268831,1,19,0,18,0,0,0,0,0,0,2,1,6,3,-1,-1,2198,2,4,-1,-1,-1
2018360268831,2,1,0,18,0,0,0,0,0,0,1,1,6,1,21,5,-1,-1,-1,6,3,6
2018360268841,1,9,0,15,0,1,0,0,0,0,1,1,2,1,46,8,1995,2,10,1,1,1
2018360268841,2,9,0,4,0,1,0,0,0,0,0,1,6,3,-1,-1,-1,-1,-1,-1,-1,-1
2018360268841,3,9,0,9,0,1,0,0,0,0,4,1,6,2,27,6,1328,1,10,1,1,1
2018360268882,1,9,0,18,0,0,0,0,0,0,1,1,5,1,77,11,2793,1,19,9,3,9
2018360268882,2,9,0,18,0,0,1,0,0,0,1,1,5,1,45,7,1364,2,12,8,3,8
2018360268882,3,9,0,18,0,0,0,0,0,0,0,1,1,1,45,7,-1,-1,-1,-1,1,-1
2018360268972,1,9,0,18,0,0,0,0,0,0,1,1,5,2,53,8,998,1,9,8,1,8
2018360268979,1,9,0,12,0,0,0,0,0,0,1,1,5,2,44,7,1796,1,16,3,2,3
2018360268979,2,9,0,18,0,0,1,0,1,0,4,1,1,1,22,5,1968,2,3,4,2,4
2018360268980,1,9,0,18,0,1,0,0,1,0,1,1,2,1,28,6,2996,1,9,10,1,10
2018360269012,1,9,0,18,0,1,0,0,0,0,1,1,5,1,25,5,1790,1,18,2,1,2
2018360269012,2,9,0,18,0,1,0,0,0,0,1,1,5,1,37,7,1995,1,11,7,1,7
2018360269046,1,9,0,18,0,1,1,0,0,0,1,1,5,2,27,6,1493,1,21,7,1,7
2018360269046,2,9,0,18,0,1,0,0,0,0,1,1,5,2,42,7,1461,2,1,6,2,6
2018360269341,1,9,0,18,0,8,0,0,0,0,3,1,5,2,88,11,1591,1,3,6,2,6
2018360269341,2,9,0,18,0,8,1,0,0,0,1,1,5,1,55,8,1997,2,3,4,1,4
2018360269390,1,9,0,5,0,1,0,0,0,0,1,1,6,1,60,9,1986,2,11,4,3,4
2018360269390,2,5,0,5,0,1,0,0,0,0,2,1,2,1,50,8,599,1,11,10,2,10
2018360269461,1,9,0,17,0,0,1,0,7,10,1,1,6,1,-1,-1,-1,-1,-1,4,2,4
2018360269511,1,98,0,18,0,8,0,0,0,0,4,1,6,3,-1,-1,-1,-1,-1,-1,-1,-1
2018360269752,1,9,0,18,0,0,0,0,0,0,0,1,6,3,-1,-1,-1,-1,-1,-1,-1,-1
2018360269752,2,9,0,18,0,0,0,0,0,0,1,1,6,2,24,5,999,1,2,7,3,7
2018360269752,3,9,0,18,0,0,0,0,0,0,1,1,6,1,54,8,1461,2,6,7,1,7
2018360270072,1,3,0,18,0,1,0,10,0,0,1,1,5,1,23,5,124,1,16,5,3,5
2018360270072,2,9,0,3,0,1,0,0,0,0,4,1,5,1,35,6,1968,2,4,7,3,7
2018360270142,1,9,0,7,0,5,1,0,0,0,1,1,5,1,52,8,2497,2,14,3,3,3
2018360270142,2,9,0,3,0,1,0,0,0,0,3,1,5,2,27,6,1997,2,19,5,3,5
2018360270201,1,9,0,18,0,8,1,0,5,1,1,1,5,1,57,9,1198,1,4,2,1,2
2018360270237,1,21,0,18,0,0,0,0,0,0,0,1,1,1,-1,-1,-1,-1,-1,1,1,1
2018360270237,2,9,0,18,0,0,1,0,1,10,1,1,2,1,24,5,1988,1,15,9,1,9
2018360270272,1,9,0,9,0,6,0,0,0,0,1,1,2,1,59,9,1499,2,3,7,3,7
2018360270330,1,9,0,18,0,0,0,0,0,0,1,1,5,1,62,9,998,1,11,5,1,5
2018360270330,2,9,0,18,0,0,0,0,0,0,4,1,5,1,50,8,-1,-1,-1,6,3,6
2018360270398,1,3,0,13,0,0,5,0,0,0,1,1,6,1,27,6,125,1,13,2,3,2
2018360270398,2,9,0,18,0,0,0,0,0,0,3,1,5,2,63,9,1124,1,11,2,3,2
2018360270520,1,9,0,16,0,1,5,0,7,0,1,1,2,2,53,8,1399,2,10,6,1,6
2018360270545,1,9,0,18,0,8,0,0,0,0,1,1,5,1,26,6,-1,-1,-1,3,1,3
2018360270545,2,9,0,18,0,1,0,0,0,0,3,1,5,2,24,5,2000,2,9,9,2,9
2018360270582,1,9,0,18,0,0,0,0,0,0,1,1,5,1,25,5,1199,1,15,9,1,9
2018360270786,1,9,0,16,0,0,0,0,0,0,3,1,5,1,40,7,1598,1,12,10,1,10
2018360270786,2,9,0,18,0,0,0,0,0,0,3,1,5,1,47,8,1590,1,14,6,2,6
2018360270925,1,9,0,1,0,0,5,0,3,0,2,1,5,2,86,11,1596,1,8,9,3,9
2018360270967,1,9,0,18,0,0,0,0,0,0,1,1,1,1,21,5,1598,2,4,5,3,5
2018360270967,2,9,0,4,0,0,0,0,0,0,2,1,5,2,36,7,1388,1,9,4,2,4
2018360270981,1,9,0,13,0,0,0,0,0,0,3,1,6,1,37,7,1560,2,9,5,3,5
2018360270981,2,9,0,18,0,0,0,0,0,0,4,1,5,1,67,10,1753,2,11,4,3,4
2018360270991,1,9,0,4,0,0,0,0,0,0,1,1,2,2,47,8,1997,2,14,4,3,4
2018360270991,2,9,0,18,0,0,0,0,0,0,2,1,2,2,22,5,1560,2,9,3,1,3
2018360271079,1,9,0,18,0,4,0,0,0,0,1,1,6,3,-1,-1,1968,2,12,-1,-1,-1
2018360271079,2,9,0,18,0,4,0,0,0,0,2,1,5,2,19,4,1328,1,10,7,1,7
2018360271420,1,21,1,18,0,0,0,0,0,0,1,1,6,1,47,8,12809,2,6,2,1,2
2018360271420,2,19,0,3,0,0,0,0,0,0,2,1,6,1,54,8,10300,2,18,7,3,7
2018360271440,1,9,0,18,0,0,0,0,0,0,1,1,6,1,37,7,1598,1,13,1,1,1
2018360271576,1,9,0,13,0,3,0,0,0,0,1,1,5,2,25,5,1910,2,12,4,2,4
2018360271576,2,9,0,18,0,1,0,0,0,0,1,1,5,1,74,10,1598,1,8,7,3,7
2018360271576,3,9,0,18,0,3,0,0,0,0,0,1,5,1,52,8,1998,1,12,6,3,6