Accident_Index,Vehicle_Reference,Vehicle_Type,Towing_and_Articulation,Vehicle_Manoeuvre,Vehicle_Location-Restricted_Lane,Junction_Location,Skidding_and_Overturning,Hit_Object_in_Carriageway,Vehicle_Leaving_Carriageway,Hit_Object_off_Carriageway,1st_Point_of_Impact,Was_Vehicle_Left_Hand_Drive?,Journey_Purpose_of_Driver,Sex_of_Driver,Age_of_Driver,Age_Band_of_Driver,Engine_Capacity_(CC),Propulsion_Code,Age_of_Vehicle,Driver_IMD_Decile,Driver_Home_Area_Type,Vehicle_IMD_Decile
2018360271579,1,9,0,18,0,1,0,0,0,0,1,1,6,1,72,10,1397,1,9,9,1,9
2018360271579,2,3,0,3,0,1,0,0,0,0,2,1,6,1,21,5,125,1,-1,6,3,6
2018360271591,1,9,0,4,0,1,0,0,0,0,1,1,1,1,41,7,1997,2,15,4,1,4
2018360271591,2,19,0,4,0,1,0,0,0,0,2,1,6,1,22,5,1461,2,4,9,1,9
2018360271616,1,9,0,18,0,0,1,0,0,0,1,1,5,1,20,4,1388,1,12,5,3,5
2018360271616,2,9,0,4,0,0,0,0,0,0,1,1,5,1,50,8,898,1,1,-1,1,-1
2018360271616,3,21,0,4,0,0,0,0,0,0,2,1,1,1,50,8,5193,2,4,10,2,10
2018360271634,1,9,0,18,0,0,5,0,7,4,3,1,5,2,24,5,1589,1,18,5,3,5
2018360271655,1,9,0,18,0,1,0,0,0,0,4,1,6,2,62,9,1242,1,3,6,1,6
2018360271671,1,9,0,18,0,0,0,0,0,0,1,1,5,2,25,5,1240,1,13,9,2,9
2018360271671,2,9,0,2,0,0,0,0,0,0,2,1,5,1,41,7,1395,1,1,5,1,5
2018360271680,1,9,0,18,0,0,5,0,1,2,1,1,5,1,57,9,1248,2,15,3,1,3
2018360271794,1,9,0,18,0,5,0,0,0,0,1,1,5,2,96,11,1794,1,13,4,3,4
2018360271794,2,9,0,4,0,5,1,0,0,0,2,1,5,1,44,7,1998,2,12,7,2,7
2018360271828,1,9,0,18,0,0,0,0,0,0,1,1,6,1,36,7,2000,2,10,3,1,3
2018360271828,2,9,0,18,0,0,0,0,0,0,2,1,1,1,35,6,-1,-1,-1,1,1,1
2018360271922,1,9,0,18,0,0,0,0,0,0,1,1,6,1,28,6,1242,1,9,8,1,8
2018360271922,2,9,0,4,0,0,0,0,0,0,2,1,2,2,66,10,1229,1,6,4,2,4
2018360271922,3,9,0,4,0,0,0,0,0,0,2,1,5,1,48,8,2993,2,2,5,3,5
2018360271945,1,9,0,18,0,0,0,0,0,0,2,1,6,2,34,6,1560,2,6,7,1,7
2018360271945,2,9,0,18,0,0,0,0,0,0,1,1,6,1,21,5,2143,2,6,8,3,8
2018360271964,1,19,0,5,0,1,0,0,0,0,0,1,6,1,41,7,1560,2,1,6,2,6
2018360271964,2,9,0,18,0,1,0,0,0,0,0,1,5,1,65,9,1364,1,9,7,2,7
2018360271985,1,21,4,18,0,0,0,0,0,0,3,1,1,1,24,5,12902,2,5,4,3,4
2018360271985,2,9,0,18,0,0,2,0,1,0,4,1,2,1,27,6,1390,1,8,2,1,2
2018360272014,1,9,0,16,0,0,1,0,0,0,1,1,5,1,36,7,-1,-1,-1,5,3,5
2018360272014,2,9,0,17,0,0,0,0,0,0,1,1,5,1,58,9,1395,8,3,6,3,6
2018360272014,3,9,0,17,0,0,0,0,0,0,1,1,5,1,32,6,1461,2,12,7,1,7
2018360272020,1,9,0,18,0,0,0,0,0,0,1,1,6,1,21,5,-1,-1,-1,3,1,3
2018360272020,2,9,0,18,0,0,0,0,0,0,2,1,6,1,54,8,1910,2,10,7,1,7
2018360272020,3,9,0,18,0,0,0,0,0,0,1,1,6,1,35,6,1149,1,13,7,1,7
2018360273120,1,9,0,13,0,0,2,0,7,0,3,1,6,1,46,8,1998,2,13,8,1,8
2018360273230,1,5,0,18,0,0,1,0,0,0,3,1,5,1,73,10,1200,1,1,8,1,8
2018360273230,2,9,0,18,0,0,0,0,0,0,3,1,5,2,37,7,1998,8,3,5,3,5
2018360273275,1,9,0,18,0,0,0,0,0,0,1,1,5,1,29,6,1560,2,4,1,1,1
2018360273275,2,9,0,4,0,0,0,0,0,0,2,1,5,2,53,8,1896,2,13,6,1,6
2018360273275,3,9,0,4,0,0,0,0,0,0,2,1,1,2,25,5,-1,-1,-1,4,2,4
2018360273456,1,9,0,18,0,1,0,0,0,0,1,1,5,1,85,11,1995,2,5,5,3,5
2018360273456,2,90,0,18,0,1,0,0,0,0,1,1,1,2,60,9,-1,-1,-1,5,3,5
2018360273456,3,9,0,4,0,1,0,0,0,0,2,1,1,1,24,5,1390,1,4,9,2,9
2018360273456,4,19,0,10,0,1,0,0,0,0,2,1,1,1,32,6,2143,2,3,1,1,1
2018360273572,1,17,4,18,0,1,0,5,0,0,1,1,6,1,78,11,6596,2,1,5,3,5
2018360273573,1,9,0,18,0,3,0,0,0,0,3,1,5,2,41,7,898,1,4,1,1,1
2018360273573,2,9,0,18,0,3,0,0,0,0,4,1,6,1,35,6,1461,2,2,5,1,5
2018360273815,1,9,0,18,0,1,0,0,0,0,1,1,6,3,-1,-1,-1,-1,-1,-1,-1,-1
2018360273815,2,9,0,3,0,1,0,0,0,0,2,1,6,1,59,9,-1,-1,-1,6,3,6
2018360273941,1,9,0,18,0,4,0,0,0,0,1,1,5,1,57,9,1685,2,3,6,1,6
2018360273941,2,1,0,18,0,8,0,0,0,0,4,1,5,1,33,6,-1,-1,-1,9,2,9
2018360273969,1,21,0,18,0,1,0,0,0,0,4,1,1,2,41,7,6693,2,5,1,1,1
2018360273995,1,1,0,18,0,6,0,0,0,0,3,1,5,1,31,6,-1,-1,-1,1,1,1
2018360273995,2,9,0,18,0,1,0,0,0,0,4,1,5,1,18,4,1199,1,14,6,1,6
2018360274034,1,9,0,1,5,0,0,0,0,0,2,1,5,2,23,5,1896,2,11,7,1,7
2018360274034,2,9,0,1,5,0,0,0,0,0,2,1,5,1,56,9,1896,2,10,6,2,6
2018360274038,1,9,0,18,0,0,5,0,7,0,3,1,6,1,37,7,1596,1,16,4,2,4
2018360274088,1,9,0,18,0,8,0,0,0,0,1,1,6,1,-1,-1,1360,1,11,2,1,2
2018360274088,2,9,0,18,0,3,0,0,0,0,4,1,5,2,25,5,1596,1,5,7,1,7
2018360274118,1,9,0,18,0,0,0,0,0,0,3,1,6,3,30,6,-1,-1,-1,-1,-1,-1
2018360274118,2,1,0,18,0,0,0,0,0,0,3,1,6,1,41,7,-1,-1,-1,10,2,10
2018360274119,1,9,0,18,0,1,0,0,0,0,4,1,6,3,-1,-1,-1,-1,-1,-1,-1,-1
2018360274128,1,9,-1,-1,0,1,0,0,0,0,0,1,6,1,61,9,1396,1,15,3,1,3
2018360274128,2,1,0,18,0,1,5,0,0,0,3,1,6,1,32,6,-1,-1,-1,4,1,4
2018360274143,1,9,0,18,0,0,0,0,0,0,1,1,6,1,40,7,-1,-1,-1,7,1,7
2018360274155,1,9,4,3,0,1,0,0,0,0,1,1,5,2,47,8,2720,2,10,4,2,4
2018360274155,2,9,0,3,0,1,0,0,0,0,2,1,5,1,64,9,1998,1,19,4,3,4
2018360274182,1,9,0,18,0,0,0,0,0,0,1,1,2,2,33,6,1968,2,8,4,2,4
2018360274182,2,9,0,4,0,0,0,0,0,0,2,1,5,2,29,6,1968,2,10,6,3,6
2018360274182,3,9,0,4,0,0,0,0,0,0,2,1,6,3,30,6,1598,1,13,-1,-1,-1
2018360274192,1,9,0,3,0,0,0,0,0,0,1,1,6,1,23,5,1596,1,7,10,2,10
2018360274206,1,9,0,5,0,8,0,0,0,0,1,1,2,1,52,8,1997,2,5,6,3,6
2018360274206,2,9,0,18,0,1,0,0,0,0,4,1,1,1,32,6,-1,-1,-1,8,1,8
2018360274210,1,9,0,18,0,0,5,0,1,7,1,1,5,1,43,7,999,1,-1,4,1,4
2018360274211,1,9,0,18,0,0,1,0,7,10,3,1,6,1,29,6,2143,2,5,7,1,7
2018360274270,1,9,0,18,0,8,1,0,1,4,1,1,6,1,17,4,1242,1,20,3,1,3
2018360274270,2,9,0,2,0,1,0,0,0,0,2,1,6,1,-1,-1,-1,-1,-1,-1,-1,-1
2018360274295,1,9,0,18,0,0,0,0,0,0,1,1,5,1,26,6,1995,2,11,4,2,4
2018360274295,2,17,4,18,0,0,0,0,0,0,4,1,5,1,53,8,6124,2,1,8,1,8
2018360274309,1,9,0,18,0,0,0,0,0,0,3,1,5,1,24,5,1995,2,8,8,1,8
2018360274309,2,9,0,18,0,0,0,0,7,0,3,1,5,2,46,8,1248,2,7,5,2,5
2018360274309,3,9,0,18,0,0,0,0,0,0,1,1,5,2,24,5,1229,1,12,4,2,4
2018360274318,1,9,0,18,0,1,0,0,0,0,1,1,6,2,20,4,1360,1,13,5,3,5
2018360274318,2,9,0,3,0,1,0,0,0,0,4,1,6,1,81,11,1896,2,10,5,3,5
2018360274367,1,9,0,5,0,6,0,0,7,0,4,1,6,1,60,9,1995,2,7,4,3,4
2018360274367,2,9,0,16,0,1,1,0,7,0,1,1,6,2,52,8,1398,1,5,2,2,2
2018360274396,1,1,0,18,0,8,0,0,0,0,0,1,5,1,66,10,-1,-1,-1,7,3,7
2018360274396,2,9,0,9,0,8,0,0,0,0,1,1,5,1,38,7,1896,2,16,5,1,5
2018360274400,1,3,0,18,0,0,2,0,0,0,0,1,6,1,19,4,108,1,2,4,3,4
2018360274481,1,9,0,18,0,0,0,0,0,0,1,1,5,1,48,8,1951,2,16,1,1,1
2018360274481,2,19,0,8,0,0,0,0,0,0,2,1,1,2,25,5,2287,2,1,6,1,6
2018360274582,1,3,0,18,0,1,2,0,0,0,0,1,5,1,20,4,200,1,15,6,3,6
2018360274582,2,21,1,18,0,1,0,0,0,0,3,1,1,1,52,8,10837,2,6,5,2,5
2018360274608,1,9,0,9,0,8,0,0,0,0,3,1,5,1,23,5,1198,1,13,10,2,10
2018360274608,2,9,0,18,0,8,0,0,1,0,1,1,2,1,49,8,1994,1,17,6,3,6
2018360274682,1,9,0,18,0,1,0,0,0,0,1,1,5,2,89,11,1398,1,3,8,2,8
2018360274697,1,9,0,18,0,0,0,0,0,0,4,1,6,2,39,7,1984,2,5,9,3,9
2018360274697,2,1,0,18,0,0,0,0,0,0,0,1,6,1,10,2,-1,-1,-1,9,3,9
2018360274708,1,9,0,18,0,8,0,0,0,0,1,1,6,2,49,8,1968,2,9,6,1,6
2018360274728,1,19,0,9,0,6,0,0,1,0,1,1,5,1,70,10,1560,2,7,5,3,5
2018360274728,2,9,0,18,0,1,0,0,0,0,1,1,5,1,52,8,-1,-1,-1,7,2,7
2018360274735,1,9,0,9,0,0,0,0,0,0,0,1,6,2,-1,-1,1587,1,10,8,1,8
2018360274735,2,1,0,18,0,0,0,0,0,0,2,1,2,1,28,6,-1,-1,-1,2,1,2
2018360274768,1,9,0,18,0,8,0,0,0,0,1,1,6,2,61,9,1461,2,1,8,1,8
2018360274768,2,9,0,18,0,2,0,0,0,0,2,1,6,1,17,4,1149,1,5,10,1,10
2018360274792,1,9,0,18,0,1,0,0,0,0,3,1,1,1,64,9,1968,2,6,3,1,3
2018360274792,2,4,0,18,0,1,0,0,0,0,1,1,5,1,20,4,313,1,1,3,1,3
2018360274820,1,9,0,3,0,4,0,0,0,0,2,1,6,1,54,8,999,1,4,10,1,10
2018360274820,2,9,0,18,0,4,0,0,0,0,1,1,6,1,18,4,998,1,3,9,1,9
2018360274832,1,9,0,1,0,0,0,0,0,0,2,1,5,1,23,5,-1,-1,-1,9,1,9
2018360274832,2,9,0,2,0,0,0,0,0,0,3,1,6,2,28,6,1461,2,9,3,1,3
2018360274864,1,9,0,18,0,1,0,0,0,0,1,1,1,1,22,5,-1,-1,-1,7,1,7
2018360274864,2,9,0,3,0,1,0,0,0,0,2,1,5,2,31,6,1595,2,8,8,1,8
2018360274864,3,9,0,3,0,1,0,0,0,0,2,1,2,1,27,6,1968,2,5,9,2,9
2018360274890,1,9,0,18,0,0,0,0,0,0,1,1,5,1,51,8,-1,-1,-1,9,1,9
2018360274890,2,9,0,18,0,0,0,0,0,0,2,1,5,2,27,6,1598,1,14,2,1,2
2018360274906,1,9,0,18,0,0,0,0,1,9,1,1,1,1,50,8,-1,-1,-1,2,1,2
2018360275174,1,9,0,18,0,1,0,0,0,0,1,1,5,2,31,6,1968,2,9,5,1,5
2018360275174,2,5,0,18,0,1,0,0,0,0,1,1,5,1,32,6,996,1,18,2,1,2
2018360275213,1,9,0,18,0,1,0,0,0,0,1,1,5,1,30,6,1871,2,15,3,2,3
2018360275213,2,9,0,3,0,1,0,0,0,0,2,1,1,2,64,9,1597,1,2,6,3,6
2018360275346,1,9,0,18,0,0,0,0,1,0,3,1,1,1,25,5,1498,1,9,3,3,3
2018360275346,2,9,0,18,0,0,0,0,0,0,2,1,2,1,50,8,1796,1,8,2,1,2
2018360275376,1,9,0,9,0,1,0,0,1,1,1,1,1,2,27,6,1596,1,10,7,1,7
2018360275420,1,9,0,18,0,0,0,0,0,0,4,1,2,1,34,6,1399,2,12,4,3,4
2018360275420,2,9,0,18,0,0,0,0,0,0,1,1,2,1,47,8,1995,2,2,7,3,7
2018360275595,1,9,0,18,0,0,0,0,0,0,3,1,5,1,36,7,1364,1,4,4,3,4
2018360275639,1,9,0,1,9,1,0,0,0,0,2,1,1,1,19,4,-1,-1,-1,4,3,4
2018360275761,1,9,0,5,0,2,0,0,0,0,1,1,5,2,68,10,1969,2,2,9,3,9
2018360275761,2,1,0,18,0,1,5,0,0,0,1,1,5,2,27,6,-1,-1,-1,3,1,3
2018360275819,1,9,0,5,0,6,0,0,0,0,1,1,1,1,31,6,1896,2,14,9,3,9
2018360275819,2,9,0,18,0,1,0,0,0,0,1,1,5,1,65,9,-1,-1,-1,4,2,4
2018360275819,3,9,0,3,0,1,0,0,0,0,1,1,1,1,59,9,-1,-1,-1,8,1,8
2018360275880,1,9,0,18,0,0,0,0,0,0,1,1,6,1,39,7,1995,2,4,7,2,7
2018360275880,2,3,0,18,0,0,2,0,0,0,3,1,6,1,18,4,108,1,1,6,2,6
2018360275896,1,9,0,17,0,1,1,0,1,9,4,1,5,2,44,7,1598,1,8,4,3,4
2018360276149,1,9,0,18,0,0,0,0,0,0,4,1,5,1,77,11,1997,2,9,4,3,4
2018360276149,2,9,0,2,0,0,0,0,0,0,2,1,6,3,-1,-1,-1,-1,-1,-1,-1,-1
2018360276225,1,9,0,3,0,0,1,0,0,0,3,1,5,1,67,10,1499,2,2,6,2,6
2018360276225,2,9,0,18,0,0,1,0,0,0,1,1,1,1,29,6,1197,1,-1,4,3,4
2018360276265,1,9,0,18,0,1,0,0,0,0,1,1,5,1,81,11,1998,2,16,6,3,6
2018360276265,2,9,0,3,0,1,0,0,0,0,2,1,2,2,60,9,2199,2,6,4,3,4
2018360276269,1,1,0,18,0,1,0,0,0,0,1,1,6,3,-1,-1,-1,-1,-1,-1,-1,-1
2018360276434,1,9,0,3,0,1,0,0,0,0,2,1,5,2,38,7,1598,1,10,1,1,1
2018360276434,2,9,0,5,0,1,0,0,0,0,1,1,5,1,47,8,1598,1,2,1,1,1
2018360276596,1,8,0,18,0,1,1,0,0,0,1,1,2,1,36,7,1997,2,10,6,1,6
2018360276596,2,9,0,18,0,1,1,0,1,11,1,1,5,1,89,11,1398,1,16,10,1,10
2018360277128,1,5,0,18,0,0,2,0,0,0,3,1,2,1,56,9,748,1,32,3,3,3
2018360277128,2,21,1,9,0,0,0,0,0,0,3,1,1,1,59,9,12740,2,2,6,2,6
2018360277190,1,9,0,18,0,0,0,0,0,0,1,1,5,2,58,9,1956,2,8,4,1,4
2018360277217,1,9,0,18,0,1,0,0,0,0,1,1,2,1,70,10,2198,2,10,1,1,1
2018360277217,2,9,0,3,0,1,0,0,0,0,2,1,2,2,32,6,1995,2,5,9,1,9
2018360277270,1,9,0,9,0,8,0,0,0,0,3,1,6,1,41,7,1896,2,10,1,1,1
2018360277270,2,9,0,18,0,8,0,0,0,0,1,1,5,2,28,6,1242,1,3,5,3,5
2018360277372,1,9,0,17,0,0,2,0,1,0,1,1,2,2,20,4,1388,1,10,8,2,8
2018360277420,1,9,0,18,0,0,1,0,0,0,3,1,2,2,41,7,1398,2,14,1,1,1
2018360277637,1,9,0,18,0,1,1,0,0,0,1,1,6,2,33,6,1240,1,12,7,1,7
2018360277637,2,9,0,18,0,1,1,0,0,0,1,1,2,1,35,6,2487,2,18,5,1,5
2018360277664,1,9,0,16,0,0,1,0,0,0,1,1,5,2,33,6,2198,2,12,4,3,4
2018360277664,2,9,0,2,0,0,0,0,0,0,3,1,5,2,55,8,1364,1,3,4,3,4
2018360277664,3,9,0,4,0,0,1,0,0,0,2,1,1,1,49,8,-1,-1,-1,5,3,5
2018360277689,1,19,0,18,0,0,0,0,0,0,3,1,1,1,27,6,2143,2,1,10,2,10
2018360277689,2,9,0,18,0,0,0,0,0,0,3,1,5,2,25,5,1995,1,9,8,3,8
2018360277714,1,9,0,18,0,0,0,0,0,0,1,1,5,2,29,6,-1,-1,-1,8,1,8
2018360277748,1,9,0,5,0,6,0,0,0,0,1,1,6,1,43,7,1599,1,12,8,3,8
2018360277748,2,9,0,18,0,1,0,0,0,0,3,1,6,1,70,10,1968,2,3,4,1,4
2018360277837,1,9,0,4,0,0,0,0,0,0,4,1,4,2,59,9,998,1,5,10,1,10
2018360277949,1,9,0,18,0,0,0,0,0,0,4,1,1,1,50,8,-1,-1,-1,5,2,5
2018360277980,1,1,0,18,0,8,1,0,0,0,1,1,5,1,21,5,-1,-1,-1,3,1,3
2018360277980,2,9,0,18,0,2,1,0,0,0,3,1,5,2,50,8,1595,1,8,4,1,4
2018360278008,1,9,0,18,0,0,0,0,0,0,1,1,6,1,28,6,1998,2,13,3,1,3
2018360278008,2,9,0,4,0,0,0,0,0,0,2,1,6,1,53,8,1910,2,12,2,3,2
2018360278027,1,9,0,18,0,0,0,0,0,0,4,1,6,2,61,9,2197,2,17,7,2,7
2018360278059,1,9,0,5,0,6,1,0,0,0,1,1,5,1,-1,-1,1984,1,17,1,1,1
2018360278059,2,9,0,18,0,8,1,0,7,0,1,1,5,1,21,5,-1,-1,-1,2,1,2
2018360278105,1,9,0,9,0,0,0,0,0,0,1,1,5,1,38,7,2995,1,-1,7,2,7
2018360278105,2,9,0,18,0,0,0,0,0,0,1,1,5,1,34,6,1910,2,11,6,3,6
2018360278269,1,9,0,18,0,0,1,0,0,0,4,1,2,1,19,4,1229,1,10,9,2,9
2018360278269,2,9,0,18,0,0,1,0,0,0,1,1,6,2,37,7,1685,2,1,4,3,4
2018360279239,1,9,5,18,0,1,0,0,0,0,1,1,2,1,36,7,1896,2,17,6,1,6
2018360279239,2,9,5,18,0,1,0,0,0,0,1,1,2,2,57,9,1461,2,6,3,2,3
2018360279239,3,9,0,18,0,1,0,0,0,0,1,1,2,1,18,4,-1,-1,-1,6,2,6
2018360279328,1,9,0,18,0,2,0,0,0,0,3,1,5,1,53,8,1596,1,11,6,1,6
2018360279328,2,5,5,18,0,1,0,0,0,0,1,1,5,1,26,6,599,1,14,9,3,9
2018360279626,1,9,0,18,0,1,1,0,0,0,1,1,6,1,29,6,1124,1,14,10,1,10
2018360279626,2,9,5,18,0,1,0,0,0,0,4,1,1,2,25,5,2199,2,5,1,1,1
2018360279744,1,9,0,5,0,8,0,0,0,0,3,1,6,1,34,6,1999,1,10,4,1,4
2018360279744,2,1,0,18,0,8,2,0,0,0,1,1,5,1,30,6,-1,-1,-1,2,1,2
2018360279809,1,9,0,9,0,0,1,0,0,0,4,1,2,2,48,8,1794,1,15,5,3,5
2018360279809,2,9,0,18,0,0,0,0,0,0,1,1,2,1,27,6,1461,2,9,8,1,8
2018360279809,3,9,0,2,0,0,0,0,0,0,3,1,1,1,58,9,1997,2,8,7,1,7
2018360279892,1,9,0,18,0,0,1,10,1,0,1,1,5,1,84,11,1368,1,9,5,3,5
2018360279910,1,9,0,18,0,1,0,0,0,0,3,1,5,2,61,9,1582,2,5,4,1,4
2018360279910,2,1,0,18,0,1,0,0,0,0,2,1,2,1,26,6,-1,-1,-1,7,1,7
2018360279948,1,9,0,18,0,0,0,0,1,1,1,1,5,2,81,11,1197,1,2,4,3,4
2018360279986,1,9,0,9,0,6,1,0,0,0,3,1,2,2,26,6,1598,1,16,10,2,10
2018360279986,2,3,0,18,0,8,1,0,0,0,1,1,2,1,28,6,689,1,3,5,1,5
2018360279987,1,9,5,18,0,0,0,0,0,0,1,1,1,1,21,5,1198,1,9,7,1,7
2018360280060,1,9,0,5,0,6,0,0,0,0,1,1,5,1,41,7,1398,1,2,3,2,3
2018360280060,2,9,0,18,0,8,1,0,7,11,1,1,5,1,63,9,-1,-1,-1,4,3,4
2018360280095,1,21,4,18,0,0,0,0,0,0,1,1,1,1,43,7,12902,2,1,5,3,5
2018360280095,2,9,0,4,0,0,0,0,0,0,2,1,5,1,33,6,1901,2,12,2,1,2
2018360280095,3,98,1,4,0,0,0,0,0,0,2,1,6,3,-1,-1,-1,-1,-1,-1,-1,-1
2018360280117,1,9,0,18,0,0,0,0,0,0,1,1,6,1,56,9,1968,2,1,8,1,8
2018360280117,2,1,0,18,0,0,0,0,0,0,1,1,6,2,39,7,-1,-1,-1,5,1,5
2018360280131,1,2,0,18,0,0,2,0,0,0,1,1,6,1,24,5,49,1,5,2,1,2
2018360280131,2,9,0,2,0,0,0,0,0,0,1,1,5,1,47,8,-1,-1,-1,-1,-1,-1
2018360280160,1,9,0,18,0,0,0,0,0,0,3,1,6,1,30,6,-1,-1,-1,7,1,7
2018360280160,2,1,0,18,0,0,2,0,0,0,1,1,6,1,10,2,-1,-1,-1,1,1,1
2018360280204,1,9,0,7,0,8,0,0,0,0,0,1,6,3,-1,-1,-1,-1,-1,-1,-1,-1
2018360280233,1,9,0,7,0,5,0,0,0,0,1,1,5,1,53,8,1560,2,7,7,1,7
2018360280255,1,9,0,18,0,0,0,0,0,0,1,1,6,1,18,4,1298,1,15,10,2,10
2018360280255,2,9,0,4,0,0,0,0,0,0,2,1,1,2,37,7,1398,1,3,4,1,4
2018360280270,1,9,0,9,0,6,0,0,0,0,1,1,5,1,29,6,998,1,18,4,2,4
2018360280270,2,9,0,18,0,1,0,0,0,0,4,1,5,2,30,6,1390,1,6,7,2,7
2018360280493,1,9,0,18,0,1,0,0,0,0,1,1,5,1,19,4,1149,1,7,10,1,10
2018360280493,2,9,0,18,0,1,0,0,0,0,1,1,5,1,22,5,1968,2,11,6,3,6
2018360281213,1,9,0,18,0,0,0,0,0,0,1,1,6,1,56,9,1240,1,8,5,1,5
2018360281213,2,5,0,18,0,0,0,0,0,0,1,1,6,1,20,4,124,1,6,2,1,2
2018360281244,1,9,0,9,0,2,0,0,0,0,1,1,5,1,19,4,1896,2,14,2,1,2
2018360281244,2,1,0,18,0,1,0,0,0,0,1,1,5,1,31,6,-1,-1,-1,2,1,2
2018360281268,1,9,0,18,0,1,0,0,0,0,1,1,5,1,66,10,1997,2,6,5,1,5
2018360281281,1,9,0,18,0,0,0,0,1,4,1,1,2,2,41,7,1598,1,13,5,3,5
2018360281474,1,9,0,18,0,1,0,0,0,0,1,1,5,1,34,6,2967,2,6,6,1,6
2018360281474,2,1,0,18,0,1,5,0,0,0,3,1,6,1,31,6,-1,-1,-1,1,1,1
2018360281519,1,9,0,1,0,0,0,0,0,0,2,1,6,3,-1,-1,-1,-1,-1,-1,-1,-1
2018360281519,2,22,0,18,0,0,0,0,0,0,1,1,6,2,74,10,-1,-1,-1,1,1,1
2018360281589,1,9,0,18,0,1,0,0,0,0,1,1,2,2,22,5,1229,1,6,6,2,6
2018360281589,2,9,0,4,0,6,0,0,0,0,2,1,2,2,51,8,1496,2,3,4,2,4
2018360281622,1,9,0,14,0,0,0,0,0,0,3,1,2,1,31,6,1493,2,11,7,1,7
2018360281651,1,9,4,18,0,8,0,0,0,0,2,1,6,3,-1,-1,-1,-1,-1,-1,-1,-1
2018360281651,2,1,0,18,0,8,2,0,0,0,1,1,5,1,51,8,-1,-1,-1,3,1,3
2018360281801,1,9,0,14,0,0,0,0,0,0,1,1,5,2,54,8,2204,2,10,7,1,7
2018360281801,2,1,0,18,0,0,2,0,0,0,3,1,2,2,30,6,-1,-1,-1,2,1,2
2018360282000,1,9,0,9,0,6,0,0,0,0,1,1,1,1,69,10,4367,2,4,5,3,5
2018360282000,2,9,0,9,0,1,0,0,0,0,3,1,5,2,59,9,1560,2,8,3,3,3
2018360282270,1,9,0,7,0,1,0,0,0,0,1,1,5,2,22,5,1248,2,7,6,1,6
2018360282270,2,1,0,2,0,8,5,0,0,0,0,1,5,1,45,7,-1,-1,-1,1,1,1
2018360282344,1,9,0,9,0,1,0,0,0,0,1,1,5,1,65,9,1198,1,15,6,2,6
2018360282344,2,3,0,18,0,1,0,0,0,0,1,1,5,1,18,4,125,1,9,9,2,9
2018360282344,3,9,0,7,0,1,0,0,0,0,0,1,6,1,65,9,2495,2,13,10,2,10
2018360282367,1,9,0,1,0,0,0,0,0,0,2,1,5,1,-1,-1,1796,1,14,-1,-1,-1
2018360282367,2,9,0,18,0,0,0,0,0,0,1,1,1,1,37,7,2993,2,3,10,1,10
2018360282367,3,9,0,2,0,0,0,0,0,0,3,1,6,3,-1,-1,-1,-1,-1,-1,-1,-1
2018360282379,1,9,0,7,2,1,0,0,0,0,4,1,1,1,36,7,1395,1,2,9,2,9
2018360282379,2,11,0,18,2,1,0,0,0,0,3,1,1,1,26,6,5132,2,3,10,2,10
2018360282405,1,9,0,1,0,0,0,0,0,0,2,1,6,1,33,6,2799,1,18,3,1,3
2018360282411,1,9,0,18,0,0,0,0,0,0,1,1,5,2,35,6,1229,1,7,8,-1,8
2018360282411,2,19,0,5,0,0,0,0,0,0,2,1,5,1,23,5,1598,2,3,1,1,1
2018360282434,1,1,0,18,0,8,0,0,0,0,2,1,5,2,25,5,-1,-1,-1,7,1,7
2018360282434,2,9,0,5,0,4,0,0,0,0,1,1,6,2,63,9,1248,1,3,3,1,3
2018360282460,1,9,0,6,0,0,0,0,0,0,1,1,6,1,70,10,998,1,5,1,1,1
2018360282460,2,9,0,18,0,0,0,0,0,0,1,1,6,1,51,8,1598,2,7,7,1,7
2018360282478,1,9,0,13,0,1,1,0,0,0,1,1,1,1,25,5,1560,2,4,10,1,10
2018360282478,2,9,0,9,0,1,0,0,0,0,1,1,5,1,56,9,3960,1,26,6,1,6
2018360282723,1,9,0,11,0,0,0,0,0,0,4,1,6,3,30,6,-1,-1,-1,-1,-1,-1
2018360282723,2,1,0,18,4,0,0,0,0,0,3,1,6,1,63,9,-1,-1,-1,10,1,10
2018360282787,1,9,0,18,0,8,0,0,0,0,3,1,5,2,72,10,1229,1,5,7,3,7
2018360282787,2,21,1,18,0,8,0,0,0,0,1,1,1,1,48,8,12580,2,12,5,1,5
2018360282818,1,9,0,18,0,0,1,0,1,11,1,1,6,1,41,7,1275,1,22,4,3,4
2018360282896,1,9,0,13,0,0,5,0,7,0,1,1,6,1,22,5,1590,1,27,3,2,3
2018360282967,1,9,0,18,0,0,1,0,1,0,4,1,2,1,26,6,1242,1,13,3,1,3
2018360282983,1,9,0,18,0,0,0,0,0,0,1,1,5,2,19,4,998,1,17,8,1,8
2018360282983,2,9,0,18,0,0,0,0,0,0,4,1,1,1,36,7,-1,-1,-1,9,1,9
2018360283050,1,9,0,13,0,0,0,0,7,11,1,1,6,1,48,8,1995,2,10,1,1,1
2018360283050,2,5,0,18,0,0,5,0,0,0,1,1,6,1,27,6,599,1,10,4,3,4