Accident_Index,Vehicle_Reference,Vehicle_Type,Towing_and_Articulation,Vehicle_Manoeuvre,Vehicle_Location-Restricted_Lane,Junction_Location,Skidding_and_Overturning,Hit_Object_in_Carriageway,Vehicle_Leaving_Carriageway,Hit_Object_off_Carriageway,1st_Point_of_Impact,Was_Vehicle_Left_Hand_Drive?,Journey_Purpose_of_Driver,Sex_of_Driver,Age_of_Driver,Age_Band_of_Driver,Engine_Capacity_(CC),Propulsion_Code,Age_of_Vehicle,Driver_IMD_Decile,Driver_Home_Area_Type,Vehicle_IMD_Decile
2018360283050,3,19,0,18,0,0,0,0,0,0,0,1,1,1,45,7,1248,2,13,8,1,8
2018360283083,1,19,0,18,0,1,1,0,0,0,1,1,1,1,34,6,2402,2,9,1,1,1
2018360283083,2,9,0,4,0,1,1,0,0,0,2,1,2,1,21,5,1248,2,11,4,3,4
2018360283083,3,9,0,10,0,5,1,0,0,0,2,1,5,1,51,8,1896,2,24,6,3,6
2018360283187,1,1,0,18,0,6,1,0,0,0,1,1,5,2,23,5,-1,-1,-1,7,1,7
2018360283187,2,9,0,18,0,8,0,0,0,0,3,1,5,2,35,6,1397,1,9,4,1,4
2018360283227,1,9,0,18,0,8,0,0,0,0,1,1,5,1,38,7,1956,2,9,6,2,6
2018360283227,2,9,0,18,0,8,0,0,0,0,4,1,5,1,42,7,1596,1,12,1,1,1
2018360283662,1,9,0,18,0,0,0,0,0,0,1,1,5,2,56,9,1798,8,1,3,3,3
2018360283662,2,9,0,18,0,0,0,0,0,0,1,1,5,2,38,7,2179,2,10,4,3,4
2018360283719,1,9,0,18,0,6,0,0,0,0,4,1,5,2,31,6,1398,1,8,1,1,1
2018360283719,2,9,0,3,0,6,0,0,0,0,2,1,5,1,49,8,1968,2,10,2,1,2
2018360283720,1,9,0,1,9,0,0,0,0,0,2,1,5,1,76,11,1591,1,5,4,3,4
2018360283735,1,9,0,5,0,0,0,0,0,0,1,1,6,2,-1,-1,1461,2,5,-1,-1,-1
2018360283735,2,1,0,18,0,0,2,0,0,0,4,1,5,2,37,7,-1,-1,-1,1,1,1
2018360283827,1,9,0,18,0,2,0,0,0,0,1,1,5,1,29,6,1590,1,14,1,1,1
2018360283827,2,1,0,18,0,1,0,0,0,0,2,1,5,1,58,9,-1,-1,-1,2,1,2
2018360283867,1,97,0,18,0,2,0,0,0,0,1,1,6,3,-1,-1,-1,-1,-1,-1,-1,-1
2018360284020,1,9,0,18,0,0,0,0,0,0,1,1,5,2,18,4,1388,1,14,3,3,3
2018360284020,2,9,0,18,0,0,0,0,0,0,2,1,5,1,17,4,1242,1,13,8,1,8
2018360284075,1,19,0,5,0,8,0,0,0,0,1,1,1,1,37,7,1461,2,2,5,1,5
2018360284075,2,9,0,5,0,8,0,0,0,0,2,1,3,2,46,8,1398,2,15,9,2,9
2018360284091,1,3,0,18,0,8,0,0,0,0,1,1,5,1,17,4,108,1,3,4,2,4
2018360284091,2,3,0,10,0,8,0,0,0,0,0,1,5,1,17,4,108,1,-1,6,2,6
2018360284091,3,3,0,10,0,8,0,0,0,0,0,1,5,1,17,4,108,1,-1,4,3,4
2018360284138,1,9,5,18,0,1,0,0,0,0,1,1,5,2,31,6,1360,1,9,3,1,3
2018360284138,2,5,0,18,0,1,0,0,0,0,3,1,2,1,35,6,998,1,14,5,3,5
2018360284174,1,9,0,18,0,0,5,0,1,0,1,1,5,1,40,7,4395,1,6,4,2,4
2018360284208,1,9,0,18,0,0,0,0,0,0,4,1,5,1,21,5,1149,1,14,6,1,6
2018360284237,1,9,0,1,9,0,0,0,0,0,2,1,5,1,43,7,1968,2,5,6,2,6
2018360284270,1,9,0,9,0,2,0,0,0,0,1,1,5,1,65,9,1587,1,13,8,2,8
2018360284270,2,4,0,18,0,1,0,0,0,0,1,1,5,1,22,5,373,1,1,8,1,8
2018360284309,1,9,0,3,0,1,0,0,0,0,1,1,5,1,88,11,1598,1,11,8,1,8
2018360284309,2,1,0,18,0,1,2,0,0,0,2,1,2,1,64,9,-1,-1,-1,2,1,2
2018360284345,1,9,0,18,0,1,0,0,0,0,3,1,5,1,57,9,1498,1,2,2,1,2
2018360284358,1,9,0,18,0,0,0,0,0,0,1,1,5,1,48,8,1598,2,4,5,3,5
2018360284682,1,9,0,18,0,0,0,0,0,0,1,1,6,1,24,5,-1,-1,-1,2,2,2
2018360284682,2,9,0,18,0,0,0,0,0,0,1,1,6,1,34,6,1248,1,5,6,2,6
2018360284682,3,9,0,18,0,0,0,0,0,0,4,1,6,1,47,8,1997,2,9,4,3,4
2018360284689,1,9,0,18,0,1,0,0,0,0,1,1,6,1,20,4,1229,1,2,-1,1,-1
2018360284689,2,9,0,4,0,1,0,0,0,0,2,1,5,1,32,6,1422,2,3,5,3,5
2018360284864,1,9,5,18,0,0,0,0,0,0,1,1,5,2,57,9,1968,2,1,5,2,5
2018360284864,2,9,5,18,0,0,0,0,0,0,1,1,6,2,27,6,1360,1,10,4,1,4
2018360284928,1,9,0,18,0,0,2,0,1,4,1,1,5,1,17,4,1299,1,16,7,2,7
2018360284961,1,4,0,13,0,0,2,0,0,0,4,1,5,1,31,6,847,1,1,1,1,1
2018360284961,2,5,0,18,0,0,2,0,0,0,3,1,5,1,45,7,782,1,4,8,3,8
2018360284961,3,9,0,2,0,0,0,0,0,0,0,1,5,2,81,11,-1,-1,-1,5,3,5
2018360284967,1,9,0,18,0,0,0,0,0,0,1,1,6,2,82,11,1193,1,4,2,1,2
2018360284967,2,9,0,2,0,0,0,0,0,0,2,1,6,3,-1,-1,-1,-1,-1,-1,-1,-1
2018360285045,1,9,0,18,0,0,0,0,0,0,1,1,6,1,40,7,-1,-1,-1,-1,-1,-1
2018360285047,1,9,0,18,0,8,0,0,0,0,1,1,2,1,28,6,1399,2,8,1,1,1
2018360285047,2,9,0,18,0,8,0,0,0,0,3,1,5,2,65,9,1198,1,3,8,1,8
2018360285047,3,9,0,18,0,8,0,0,0,0,3,1,5,2,26,6,1388,1,13,2,1,2
2018360285097,1,9,0,18,0,8,0,0,0,0,1,1,5,1,58,9,-1,-1,-1,-1,1,-1
2018360285097,2,21,4,18,0,8,0,0,0,0,4,1,1,1,52,8,12809,2,2,4,3,4
2018360285144,1,9,0,18,0,8,0,0,0,0,3,1,5,1,65,9,1896,2,14,8,3,8
2018360285144,2,9,0,18,0,8,0,0,0,0,1,1,5,1,26,6,2143,2,8,8,2,8
2018360285202,1,9,0,18,0,2,0,0,0,0,0,1,6,2,19,4,1242,1,20,3,3,3
2018360285202,2,3,0,18,0,1,0,0,0,0,1,1,6,1,21,5,108,1,3,2,1,2
2018360285240,1,9,0,18,0,0,5,0,7,0,1,1,2,2,33,6,1598,7,13,3,2,3
2018360285240,2,9,0,18,0,0,0,0,0,0,0,1,5,2,64,9,1598,2,1,6,2,6
2018360285270,1,9,0,18,0,8,0,0,0,0,3,1,6,2,50,8,999,1,2,4,2,4
2018360285270,2,9,0,18,0,8,1,0,0,0,1,1,6,1,56,9,-1,-1,-1,3,3,3
2018360285530,1,9,0,18,0,1,1,0,0,0,1,1,6,2,59,9,1968,2,4,7,3,7
2018360285530,2,9,0,4,0,1,1,0,0,0,2,1,5,2,34,6,2993,2,5,8,3,8
2018360285530,3,9,0,4,0,1,0,0,0,0,2,1,5,1,67,10,2188,2,11,5,3,5
2018360285572,1,9,-1,5,0,1,0,0,0,0,1,1,6,2,58,9,1596,1,8,9,2,9
2018360285680,1,9,0,13,0,0,1,0,7,3,4,1,5,1,22,5,1242,1,12,6,3,6
2018360285680,2,9,0,18,0,0,0,0,0,0,0,1,5,2,19,4,998,1,15,5,2,5
2018360286086,1,9,0,18,0,0,0,0,0,0,0,1,1,1,23,5,2143,2,4,3,1,3
2018360286154,1,9,0,18,0,0,0,0,0,0,1,1,5,1,49,8,-1,3,3,8,3,8
2018360286427,1,5,0,13,0,0,2,0,7,0,1,1,6,1,20,4,650,1,16,5,3,5
2018360286427,2,9,0,9,0,0,1,0,0,0,3,1,6,1,61,9,1968,2,2,4,3,4
2018360286456,1,9,0,18,0,0,1,12,1,0,1,1,5,1,33,6,-1,-1,-1,3,-1,3
2018360286456,2,9,0,4,0,0,0,0,0,0,1,1,5,1,28,6,1298,1,19,6,1,6
2018360286456,3,9,0,18,0,0,1,0,0,0,1,1,5,1,34,6,1590,1,16,3,1,3
2018360286456,4,9,0,4,0,0,1,0,0,0,3,1,5,1,72,10,1461,2,3,6,1,6
2018360286493,1,9,0,18,0,1,1,0,1,0,1,1,5,1,34,6,1995,1,16,8,1,8
2018360286516,1,98,0,7,0,1,0,0,0,0,0,1,6,3,-1,-1,-1,-1,-1,-1,-1,-1
2018360286516,2,1,0,5,0,4,2,0,0,0,2,1,6,2,21,5,-1,-1,-1,8,3,8
2018360286543,1,9,0,18,0,3,2,10,0,0,1,1,5,1,18,4,-1,-1,-1,1,1,1
2018360286561,1,-1,0,16,0,0,0,0,0,0,-1,1,6,3,-1,-1,-1,-1,-1,-1,-1,-1
2018360286561,2,9,0,17,0,0,0,0,0,0,3,1,5,2,36,7,1995,2,10,6,3,6
2018360286571,1,9,0,18,0,0,0,0,7,0,1,1,5,2,65,9,1240,1,8,7,3,7
2018360286573,1,97,0,18,0,0,0,0,0,0,3,1,6,3,50,8,-1,-1,-1,-1,-1,-1
2018360286573,2,1,0,18,0,0,0,0,0,0,0,1,6,2,55,8,-1,-1,-1,8,1,8
2018360286574,1,9,0,18,0,4,0,0,0,0,1,1,6,3,-1,-1,-1,-1,-1,-1,-1,-1
2018360286574,2,9,0,18,0,3,1,7,0,0,4,1,6,1,48,8,2172,2,15,9,1,9
2018360286586,1,9,0,5,0,1,0,0,0,0,1,1,5,2,24,5,1998,1,-1,7,1,7
2018360286586,2,9,0,3,0,1,0,0,0,0,2,1,5,2,47,8,998,1,6,6,1,6
2018360286596,1,9,0,18,0,6,0,0,7,2,3,1,5,1,85,11,1364,2,11,5,1,5
2018360286596,2,9,0,18,0,8,1,0,0,0,1,1,5,1,59,9,1560,2,2,5,3,5
2018360286625,1,9,0,18,0,0,1,0,4,6,1,1,5,2,19,4,1586,1,9,8,1,8
2018360286640,1,9,0,4,0,1,1,0,0,0,1,1,6,1,-1,-1,1796,1,13,2,1,2
2018360286640,2,9,0,4,0,1,0,0,0,0,2,1,6,2,29,6,1997,2,10,3,2,3
2018360286653,1,9,0,18,0,3,0,0,0,0,1,1,6,3,-1,-1,-1,-1,-1,-1,-1,-1
2018360286653,2,1,0,17,0,8,2,0,0,0,3,1,2,2,43,7,-1,-1,-1,1,1,1
2018360286798,1,9,0,18,0,4,0,0,0,0,1,1,6,1,-1,-1,1984,1,7,1,1,1
2018360286798,2,9,0,18,0,8,1,0,0,0,4,1,6,2,24,5,1360,1,14,1,1,1
2018360286852,1,9,0,5,0,5,0,0,0,0,3,1,6,2,57,9,-1,-1,-1,6,2,6
2018360286852,2,9,0,18,0,4,0,0,0,0,1,1,5,2,39,7,1796,1,7,5,3,5
2018360286854,1,9,0,18,0,1,0,0,0,0,4,1,5,1,20,4,1598,2,5,9,3,9
2018360286854,2,9,0,18,0,1,0,0,0,0,1,1,5,1,20,4,1998,1,14,4,3,4
2018360286854,3,9,0,18,0,1,0,0,0,0,4,1,5,2,18,4,1199,2,7,5,3,5
2018360286854,4,9,0,17,0,1,0,0,1,0,2,1,5,2,19,4,1149,1,10,6,3,6
2018360286874,1,9,0,18,0,0,2,0,7,0,1,1,5,1,33,6,-1,-1,-1,2,1,2
2018360286939,1,9,0,18,0,2,0,0,0,0,1,1,6,1,17,4,1390,1,17,2,1,2
2018360286939,2,9,4,3,0,3,1,0,0,0,2,1,6,1,49,8,4966,1,18,5,3,5
2018360286945,1,9,0,9,0,8,0,0,0,0,1,1,2,2,41,7,996,1,4,10,1,10
2018360286945,2,1,0,18,0,1,1,0,0,0,1,1,2,1,28,6,-1,-1,-1,4,1,4
2018360287004,1,9,0,13,0,0,0,0,0,0,1,1,2,1,40,7,-1,-1,-1,4,1,4
2018360287004,2,9,0,13,0,0,0,0,0,0,4,1,2,1,80,11,1968,2,1,4,3,4
2018360287004,3,17,0,18,0,0,0,0,0,0,3,1,1,1,34,6,-1,2,8,4,3,4
2018360287184,1,9,0,18,0,0,0,0,0,0,1,1,1,1,60,9,1910,2,9,6,1,6
2018360287184,2,9,0,18,0,0,0,0,0,0,1,1,5,2,26,6,1598,1,12,1,1,1
2018360287192,1,9,0,5,0,6,0,0,0,0,1,1,6,2,66,10,1198,1,16,4,1,4
2018360287192,2,1,0,18,0,8,2,0,0,0,1,1,6,1,25,5,-1,-1,-1,5,1,5
2018360287219,1,9,0,18,0,8,0,0,0,0,3,1,2,2,24,5,1398,1,5,1,1,1
2018360287219,2,9,0,18,0,4,0,0,0,0,1,1,6,1,17,4,-1,-1,-1,4,3,4
2018360287259,1,9,0,9,0,1,0,0,0,0,1,1,1,1,35,6,-1,-1,-1,6,2,6
2018360287259,2,21,0,18,0,1,0,0,0,0,1,1,1,1,64,9,5480,2,12,2,1,2
2018360287312,1,9,0,18,0,0,0,0,0,0,1,1,6,2,63,9,2199,2,4,7,3,7
2018360287335,1,8,0,18,2,0,0,0,0,0,1,1,1,1,42,7,1997,2,10,4,1,4
2018360287336,1,3,0,18,0,0,2,0,0,0,4,1,2,2,31,6,108,1,1,5,1,5
2018360287367,1,9,0,16,0,8,2,0,1,0,1,1,5,1,88,11,1595,1,9,6,3,6
2018360287370,1,3,0,18,0,0,0,0,0,0,1,1,6,1,20,4,124,1,-1,10,1,10
2018360287370,2,9,0,9,0,0,0,0,0,0,3,1,6,2,21,5,1896,2,10,5,3,5
2018360287393,1,9,0,18,0,8,0,0,0,0,1,1,5,1,89,11,1398,1,7,10,1,10
2018360287393,2,9,0,18,0,8,0,0,0,0,1,1,6,2,65,9,1242,1,16,4,3,4
2018360287414,1,9,0,18,0,0,0,0,0,0,3,1,5,1,71,10,1461,2,-1,-1,-1,-1
2018360287480,1,9,0,18,0,1,0,0,0,0,2,1,2,1,29,6,-1,-1,-1,7,1,7
2018360287480,2,1,0,18,0,1,0,0,0,0,1,1,2,2,21,5,-1,-1,-1,3,1,3
2018360287482,1,9,0,18,0,0,0,0,1,4,1,1,5,2,27,6,1598,1,9,9,2,9
2018360287504,1,9,0,18,0,8,0,0,0,0,1,1,2,1,59,9,1364,1,9,4,1,4
2018360287504,2,5,0,18,0,1,0,0,0,0,4,1,5,1,52,8,650,1,50,4,3,4
2018360287519,1,-1,-1,18,0,1,0,0,0,0,1,1,6,3,-1,-1,-1,-1,-1,-1,-1,-1
2018360288198,1,9,0,18,0,0,0,0,0,0,4,1,5,1,25,5,1242,1,5,2,1,2
2018360288198,2,90,0,18,0,0,0,0,0,0,1,1,5,1,44,7,-1,-1,-1,7,2,7
2018360288233,1,9,0,18,0,2,0,0,0,0,1,1,5,1,23,5,996,1,4,5,1,5
2018360288233,2,9,0,18,0,1,0,0,0,0,2,1,5,2,53,8,1598,2,5,6,3,6
2018360288233,3,9,0,18,0,1,0,0,0,0,-1,1,6,3,-1,-1,-1,-1,-1,-1,-1,-1
2018360288273,1,5,0,18,0,0,1,0,0,0,1,1,6,1,72,10,747,1,20,2,1,2
2018360288273,2,9,0,9,0,0,0,0,0,0,2,1,6,1,30,6,-1,-1,-1,4,3,4
2018360288283,1,9,0,18,0,1,0,0,0,0,1,1,1,1,-1,-1,-1,-1,-1,2,1,2
2018360288283,2,9,0,18,0,1,0,0,0,0,2,1,5,1,56,9,2776,2,13,5,3,5
2018360288332,1,9,0,18,0,0,0,0,0,0,1,1,1,1,63,9,-1,-1,-1,1,1,1
2018360288332,2,9,0,18,0,0,0,0,0,0,2,1,5,2,44,7,999,1,1,1,1,1
2018360288351,1,9,0,13,0,0,1,0,0,0,3,1,6,2,82,11,2148,2,14,2,3,2
2018360288351,2,9,0,18,0,0,1,0,1,9,3,1,6,2,60,9,1968,2,12,2,3,2
2018360288382,1,9,0,18,0,0,0,0,0,0,1,1,5,1,23,5,1197,1,3,8,3,8
2018360288382,2,9,0,18,0,0,0,0,0,0,1,1,1,1,34,6,-1,-1,-1,4,1,4
2018360288382,3,9,0,2,0,0,0,0,0,0,2,1,5,1,31,6,2993,2,12,4,1,4
2018360288415,1,21,0,18,0,4,0,0,0,0,0,1,1,1,48,8,12902,2,2,4,1,4
2018360288415,2,9,0,17,0,8,0,9,0,0,3,1,5,1,42,7,1598,2,8,9,3,9
2018360288437,1,9,0,18,0,1,0,0,0,0,1,1,5,1,-1,-1,2204,2,10,7,1,7
2018360288437,2,9,0,18,0,2,0,0,0,0,3,1,2,1,27,6,1968,2,12,1,1,1
2018360288521,1,5,0,18,0,0,1,0,0,0,1,1,2,1,46,8,636,1,15,8,1,8
2018360288521,2,9,0,12,0,0,0,0,0,0,2,1,6,1,30,6,-1,-1,-1,9,1,9
2018360288533,1,9,0,18,0,1,0,0,0,0,4,1,5,1,27,6,2979,1,11,4,1,4
2018360288539,1,9,0,18,0,4,0,0,0,0,0,1,5,2,57,9,1229,1,4,8,3,8
2018360288539,2,1,0,18,0,4,1,0,0,0,1,1,6,1,58,9,-1,-1,-1,7,3,7
2018360288606,1,9,0,18,0,1,0,0,0,0,1,1,6,1,92,11,1598,1,16,7,3,7
2018360288606,2,9,0,18,0,1,0,0,0,0,4,1,5,1,73,10,1951,2,15,4,2,4
2018360288660,1,9,0,18,0,0,0,0,0,0,1,1,6,2,24,5,1596,1,13,7,2,7
2018360288745,1,9,0,18,0,1,0,0,0,0,1,1,1,1,26,6,-1,-1,-1,7,2,7
2018360288745,2,9,0,3,0,1,0,0,0,0,2,1,5,2,68,10,2198,2,9,7,1,7
2018360288963,1,9,0,18,0,0,1,0,0,0,1,1,5,1,21,5,1590,1,26,6,3,6
2018360288963,2,9,0,18,0,0,0,0,0,0,2,1,3,2,48,8,1968,2,1,9,2,9
2018360288963,3,9,0,18,0,0,0,0,0,0,3,1,5,1,44,7,1560,2,11,7,3,7
2018360288997,1,9,0,18,0,8,0,0,0,0,3,1,5,1,19,4,1598,1,15,4,1,4
2018360288997,2,9,0,18,0,8,0,0,0,0,3,1,6,2,25,5,-1,-1,-1,6,1,6
2018360289106,1,9,0,9,0,8,0,0,0,0,4,1,6,2,39,7,1461,2,1,7,1,7
2018360289106,2,3,0,18,0,8,0,0,0,0,1,1,6,1,25,5,108,1,1,5,2,5
2018360289142,1,9,0,18,0,0,1,0,0,0,4,1,2,1,27,6,1242,1,15,9,3,9
2018360289142,2,9,0,18,0,0,0,0,0,0,4,1,5,1,23,5,1390,1,7,6,3,6
2018360289213,1,9,0,18,0,4,0,0,0,0,1,1,5,2,76,11,1200,1,1,10,2,10
2018360289213,2,9,0,3,0,4,0,0,0,0,2,1,5,1,74,10,1910,2,10,5,3,5
2018360289324,1,11,0,5,0,8,0,0,0,0,3,1,1,1,63,9,8268,2,13,3,3,3
2018360289324,2,9,0,18,0,8,0,0,1,0,3,1,5,1,59,9,1368,1,5,9,1,9
2018360289383,1,9,0,18,0,0,0,0,0,0,1,1,6,1,19,4,1149,1,12,9,3,9
2018360289383,2,9,0,2,0,0,0,0,0,0,3,1,6,3,-1,-1,-1,-1,-1,-1,-1,-1
2018360289426,1,9,0,18,0,0,1,0,0,0,1,1,6,1,28,6,-1,-1,-1,1,1,1
2018360289426,2,9,0,18,0,0,1,0,0,0,2,1,6,1,33,6,1995,2,13,9,1,9
2018360289426,3,9,0,4,0,0,1,0,0,0,1,1,2,1,35,6,1560,2,7,8,1,8
2018360289426,4,9,0,4,0,0,0,0,0,0,2,1,5,2,19,4,1242,1,4,4,1,4
2018360289520,1,9,0,4,0,0,1,0,0,0,1,1,1,1,57,9,-1,-1,-1,4,1,4
2018360289520,2,9,0,4,0,0,0,0,0,0,2,1,5,2,64,9,1395,1,2,10,2,10
2018360289623,1,9,0,18,0,0,2,10,0,0,1,1,6,1,70,10,1997,2,14,8,2,8
2018360289877,1,9,0,18,0,0,0,0,0,0,1,1,6,1,76,11,-1,-1,-1,9,1,9
2018360289877,2,9,0,18,0,0,0,0,0,0,2,1,6,2,33,6,1598,1,10,6,1,6
2018360289877,3,9,0,4,0,0,0,0,0,0,2,1,6,1,73,10,1461,2,10,8,1,8
2018360289923,1,9,0,9,0,6,0,0,0,0,3,1,6,2,20,4,1598,1,15,4,3,4
2018360289923,2,9,0,18,0,8,0,0,0,0,4,1,6,2,32,6,1997,1,6,-1,-1,-1
2018360289943,1,9,0,18,0,1,0,0,0,0,1,1,6,3,-1,-1,-1,-1,-1,-1,-1,-1
2018360289943,2,1,0,18,0,1,0,0,0,0,1,1,6,1,52,8,-1,-1,-1,1,1,1
2018360289963,1,9,0,9,0,8,0,0,0,0,1,1,5,2,18,4,998,1,9,10,2,10
2018360289963,2,9,0,18,0,8,0,0,0,0,3,1,5,2,21,5,1240,1,8,8,1,8
2018360290045,1,21,0,18,0,1,0,0,0,0,1,1,1,1,32,6,16400,2,2,7,3,7
2018360290045,2,9,0,10,0,8,0,0,0,0,2,1,1,2,38,7,1995,2,2,5,3,5
2018360290097,1,9,0,18,0,0,0,0,0,0,1,1,6,1,42,7,1968,2,2,7,1,7
2018360290326,1,9,0,1,0,0,0,0,0,0,2,1,6,1,57,9,1998,1,13,2,1,2
2018360290390,1,9,0,18,0,0,0,0,0,0,3,1,6,1,80,11,1390,1,15,5,3,5
2018360290390,2,9,0,18,0,0,0,0,0,0,3,1,3,2,36,7,1968,2,11,4,3,4
2018360290660,1,19,0,17,0,0,1,0,7,9,3,1,5,1,56,9,1995,2,7,10,1,10
2018360290660,2,9,0,16,0,0,1,0,0,0,4,1,5,2,32,6,1598,1,10,5,3,5
2018360290661,1,9,0,9,0,4,0,0,0,0,3,1,5,2,35,6,1461,2,6,3,1,3
2018360290661,2,4,0,18,0,8,0,0,0,0,4,1,5,2,19,4,398,1,11,4,1,4
2018360290675,1,9,0,18,0,0,1,0,0,0,1,1,5,2,61,9,1199,1,15,7,3,7
2018360290675,2,9,0,18,0,0,0,0,0,0,3,1,6,2,40,7,1753,2,11,4,3,4
2018360290675,3,9,0,18,0,0,0,0,0,0,3,1,5,2,21,5,998,1,18,7,2,7
2018360290696,1,9,0,9,0,8,0,0,0,0,3,1,6,1,25,5,-1,-1,-1,1,1,1
2018360290696,2,9,0,4,0,1,0,0,0,0,1,1,2,3,36,7,1753,2,10,1,1,1
2018360290702,1,9,0,18,0,0,0,0,0,0,3,1,5,2,26,6,1149,1,12,2,1,2
2018360290702,2,9,0,18,0,0,0,0,0,0,4,1,5,1,44,7,1598,1,14,2,1,2
2018360290719,1,9,0,18,0,1,0,0,0,0,4,1,5,1,21,5,1229,1,11,1,1,1
2018360290719,2,1,0,18,5,1,0,0,0,0,4,1,5,2,14,3,-1,-1,-1,10,3,10
2018360290749,1,9,0,13,0,8,0,0,0,0,1,1,5,1,84,11,1956,2,8,7,2,7
2018360290749,2,9,0,9,0,5,0,0,0,0,3,1,5,1,63,9,2521,1,14,4,1,4
2018360290754,1,-1,-1,18,0,1,0,0,0,0,4,1,6,3,-1,-1,-1,-1,-1,-1,-1,-1
2018360290754,2,1,0,18,0,1,0,0,0,0,0,1,5,2,44,7,-1,-1,-1,9,1,9
2018360290766,1,3,0,5,0,6,1,0,0,0,2,1,5,1,18,4,125,1,-1,1,1,1
2018360290766,2,19,0,18,0,8,0,0,0,0,1,1,1,1,38,7,2198,2,10,1,1,1
2018360290769,1,9,0,18,0,1,0,0,0,0,1,1,5,1,58,9,1587,1,14,2,1,2
2018360290769,2,9,0,9,0,2,0,0,0,0,3,1,5,2,20,4,1360,1,13,8,3,8
2018360290812,1,9,0,18,0,8,1,0,1,11,1,1,5,1,18,4,3248,1,19,5,3,5
2018360290812,2,9,0,18,0,1,0,0,0,0,0,1,6,1,-1,-1,1499,2,3,-1,-1,-1
2018360290823,1,9,0,18,0,3,0,0,0,0,1,1,6,1,17,4,1198,1,16,1,1,1
2018360290834,1,9,0,18,0,0,1,0,1,2,1,1,5,1,31,6,2184,2,13,5,3,5
2018360290841,1,9,0,18,0,1,0,0,0,0,3,1,5,1,59,9,1997,2,19,1,1,1
2018360290841,2,9,0,18,0,8,1,0,1,2,1,1,5,1,22,5,1896,2,15,3,3,3
2018360290897,1,9,0,18,0,1,0,0,0,0,1,1,5,2,79,11,998,1,6,9,1,9
2018360290897,2,9,0,18,0,1,0,0,0,0,3,1,1,2,35,6,1968,2,8,8,3,8
2018360290906,1,9,0,4,0,8,0,0,0,0,0,1,6,3,-1,-1,-1,-1,-1,-1,-1,-1
2018360290906,2,9,0,18,0,8,0,0,0,0,4,1,5,1,48,8,1968,2,7,10,1,10
2018360290906,3,5,0,18,0,8,1,0,0,0,1,1,5,1,57,9,1237,1,4,10,3,10
2018360290925,1,3,0,18,0,8,2,10,0,0,4,1,5,1,54,8,124,1,15,3,1,3
2018360290934,1,9,0,18,0,1,0,0,0,0,1,1,5,2,28,6,1360,1,12,10,2,10
2018360290934,2,9,0,18,0,1,0,0,0,0,2,1,2,1,49,8,1461,2,4,5,3,5
2018360290951,1,9,0,1,0,0,0,0,0,0,2,1,6,2,40,7,1422,2,9,2,1,2
2018360290957,1,5,0,18,0,0,1,0,0,0,1,1,6,1,63,9,1200,1,2,4,3,4
2018360290957,2,9,0,3,0,0,0,0,0,0,2,1,6,1,44,7,1968,2,2,8,1,8
2018360290957,3,9,0,18,0,0,0,0,0,0,1,1,2,1,17,4,998,1,15,3,2,3
2018360291108,1,98,0,18,0,0,0,0,0,0,1,1,5,1,22,5,-1,-1,-1,-1,-1,-1
2018360291108,2,9,0,18,0,0,0,0,0,0,1,1,5,1,82,11,998,1,-1,8,1,8
2018360291152,1,9,0,18,0,8,1,10,1,11,1,1,6,1,26,6,1995,2,11,8,3,8
2018360291168,1,9,0,18,0,0,0,0,0,0,1,1,5,2,51,8,1461,2,3,7,3,7
2018360291168,2,19,0,18,0,0,0,0,0,0,3,1,1,1,61,9,2198,2,2,6,2,6
2018360291175,1,21,4,12,0,8,0,0,0,0,3,1,1,1,63,9,12777,2,3,2,1,2
2018360291175,2,9,0,18,0,8,0,0,0,0,4,1,6,1,35,6,1985,7,16,1,1,1
2018360291199,1,9,0,18,0,2,0,0,0,0,1,1,6,2,19,4,1360,1,12,1,1,1
2018360291199,2,1,0,18,0,2,0,0,0,0,1,1,6,1,16,4,-1,-1,-1,1,1,1
2018360291231,1,9,0,14,0,2,0,0,0,0,4,1,6,1,28,6,2996,2,8,1,1,1
2018360291231,2,19,0,2,0,1,0,0,0,0,0,1,6,1,28,6,1598,2,2,6,3,6
2018360291252,1,1,0,18,0,0,0,0,0,0,1,1,6,1,7,2,-1,-1,-1,3,1,3
2018360291252,2,9,0,18,0,0,0,0,0,0,3,1,5,2,51,8,1364,2,9,4,1,4
2018360291264,1,9,0,18,0,0,1,0,0,0,1,1,2,2,26,6,1895,1,18,9,-1,9
2018360291264,2,9,0,4,0,0,0,0,0,0,2,1,5,1,23,5,998,1,3,3,2,3
2018360291264,3,9,0,4,0,0,1,0,0,0,2,1,5,1,70,10,1798,1,3,6,3,6
2018360291264,4,9,0,3,0,0,0,0,0,0,2,1,5,1,48,8,1598,1,16,4,3,4
2018360291318,1,9,0,18,0,8,1,0,0,0,3,1,6,1,45,7,1797,8,8,4,1,4
2018360291318,2,9,0,18,0,8,0,0,0,0,3,1,2,1,25,5,1910,2,11,6,2,6
2018360291339,1,5,0,18,0,0,2,0,0,0,3,1,5,1,50,8,599,1,23,8,1,8