Accident_Index,Vehicle_Reference,Vehicle_Type,Towing_and_Articulation,Vehicle_Manoeuvre,Vehicle_Location-Restricted_Lane,Junction_Location,Skidding_and_Overturning,Hit_Object_in_Carriageway,Vehicle_Leaving_Carriageway,Hit_Object_off_Carriageway,1st_Point_of_Impact,Was_Vehicle_Left_Hand_Drive?,Journey_Purpose_of_Driver,Sex_of_Driver,Age_of_Driver,Age_Band_of_Driver,Engine_Capacity_(CC),Propulsion_Code,Age_of_Vehicle,Driver_IMD_Decile,Driver_Home_Area_Type,Vehicle_IMD_Decile
2018360291346,1,9,0,18,0,8,0,0,0,0,1,1,5,2,27,6,1598,1,8,6,3,6
2018360291346,2,9,0,18,0,1,0,0,0,0,1,1,5,2,45,7,1560,2,8,4,3,4
2018360291456,1,9,0,18,0,0,0,0,0,0,1,1,1,1,36,7,1391,1,16,2,1,2
2018360291456,2,9,0,18,0,0,0,0,0,0,3,1,1,1,41,7,1388,1,14,8,1,8
2018360291491,1,1,0,18,0,6,2,0,0,0,3,1,5,1,-1,-1,-1,-1,-1,8,1,8
2018360291491,2,11,0,18,0,1,1,0,0,0,1,1,1,1,40,7,8268,2,16,10,1,10
2018360291549,1,9,0,18,0,1,0,0,0,0,1,1,6,2,77,11,1598,1,16,4,3,4
2018360291549,2,9,0,4,0,1,0,0,0,0,2,1,1,1,48,8,-1,-1,-1,10,3,10
2018360291549,3,9,0,10,0,1,0,0,0,0,2,1,5,1,36,7,2000,2,12,4,2,4
2018360291550,1,9,0,1,0,0,0,0,0,0,2,1,6,1,29,6,4367,2,7,7,2,7
2018360291550,2,9,0,5,0,0,0,0,0,0,2,1,5,2,26,6,1686,2,8,1,1,1
2018360291571,1,9,0,18,0,0,0,0,0,0,1,1,2,1,31,6,998,1,13,6,1,6
2018360291571,2,1,0,3,0,0,0,0,0,0,1,1,3,1,9,2,-1,-1,-1,1,1,1
2018360291592,1,9,0,-1,-1,0,-1,-1,-1,0,-1,1,6,3,-1,-1,-1,-1,-1,-1,-1,-1
2018360291602,1,9,0,5,0,1,0,0,0,0,1,1,5,2,18,4,1242,1,12,6,3,6
2018360291602,2,9,0,18,0,1,0,0,7,0,1,1,5,1,43,7,1991,2,10,4,-1,4
2018360291681,1,9,0,18,0,0,2,0,0,0,1,1,6,1,35,6,1868,2,16,8,1,8
2018360291803,1,9,0,18,0,4,0,0,0,0,1,1,6,3,-1,-1,1998,1,-1,-1,-1,-1
2018360291803,2,9,0,3,0,1,0,0,0,0,2,1,6,2,24,5,1968,2,10,4,1,4
2018360292046,1,9,0,18,0,7,1,0,4,0,1,1,5,1,19,4,1364,2,13,2,1,2
2018360292274,1,9,0,18,0,0,0,0,1,4,1,1,5,2,65,9,1242,1,7,8,2,8
2018360292303,1,9,0,18,0,0,0,0,0,0,3,1,3,2,46,8,1999,2,2,4,2,4
2018360292303,2,9,0,18,0,0,0,0,0,0,3,1,5,1,35,6,1997,2,9,7,3,7
2018360292303,3,9,0,18,0,0,0,0,0,0,3,1,5,1,44,7,1398,1,7,4,3,4
2018360292303,4,9,0,18,0,0,0,0,0,0,0,1,6,1,56,9,1968,2,1,6,2,6
2018360292396,1,9,0,18,0,0,0,0,7,4,1,1,1,1,26,6,-1,-1,-1,4,3,4
2018360292480,1,9,0,18,0,0,0,0,0,0,1,1,5,1,42,7,-1,-1,-1,4,3,4
2018360292480,2,9,0,18,0,0,0,0,0,0,2,1,5,1,22,5,1242,1,6,5,1,5
2018360292480,3,9,0,3,0,0,0,0,0,0,2,1,5,1,69,10,-1,-1,-1,9,3,9
2018360292602,1,9,0,18,0,0,0,0,0,0,1,1,5,1,19,4,1124,1,18,7,3,7
2018360292602,2,9,0,18,0,0,0,0,0,0,1,1,1,1,51,8,-1,-1,-1,8,1,8
2018360292649,1,9,0,5,0,4,0,0,0,0,4,1,2,1,35,6,1896,2,15,1,1,1
2018360292649,2,5,0,18,0,3,0,0,0,0,4,1,2,1,30,6,600,1,14,4,3,4
2018360292747,1,3,0,18,0,1,0,0,0,0,4,1,2,2,28,6,124,1,3,4,1,4
2018360292769,1,-1,-1,16,0,1,0,0,0,0,-1,1,6,3,-1,-1,-1,-1,-1,-1,-1,-1
2018360292769,2,1,0,18,0,1,0,0,0,0,-1,1,6,1,34,6,-1,-1,-1,6,3,6
2018360292769,3,9,0,18,0,1,0,0,0,0,-1,1,6,2,55,8,1796,1,11,-1,-1,-1
2018360292868,1,9,0,18,0,0,0,0,0,0,1,1,5,1,52,8,-1,-1,-1,6,1,6
2018360292969,1,9,0,18,0,0,0,0,0,0,4,1,2,1,68,10,1328,1,11,9,3,9
2018360293004,1,9,0,18,0,8,0,0,1,0,1,1,5,1,25,5,1598,1,13,-1,-1,-1
2018360293004,2,9,0,18,0,8,0,0,1,0,1,1,5,1,61,9,2987,2,5,9,3,9
2018360293039,1,9,0,16,0,8,0,0,7,0,4,1,5,1,55,8,1248,2,8,6,3,6
2018360293078,1,9,0,18,0,0,0,0,0,0,1,1,6,1,93,11,1388,1,8,6,2,6
2018360293078,2,1,0,18,0,0,0,0,0,0,1,1,6,2,69,10,-1,-1,-1,7,2,7
2018360293158,1,9,0,5,0,6,0,0,0,0,1,1,1,2,42,7,1596,1,8,5,1,5
2018360293158,2,5,0,18,0,8,1,0,0,0,1,1,2,1,56,9,599,1,21,4,3,4
2018360293200,1,5,0,13,0,8,1,0,7,0,1,1,5,1,46,8,806,1,4,4,1,4
2018360293200,2,9,0,9,0,5,0,0,0,0,3,1,5,2,40,7,1461,2,6,9,2,9
2018360293236,1,9,0,17,0,0,1,0,1,4,1,1,5,1,69,10,-1,-1,-1,2,1,2
2018360293277,1,9,0,5,0,0,0,0,0,0,0,1,5,2,30,6,999,1,4,8,1,8
2018360293277,2,1,0,18,9,0,0,0,0,0,1,1,2,1,16,4,-1,-1,-1,2,1,2
2018360293300,1,9,0,18,0,0,0,0,0,0,4,1,2,1,34,6,1910,2,12,1,1,1
2018360293300,2,9,0,4,0,0,0,0,0,0,2,1,1,2,55,8,1360,1,6,6,3,6
2018360293354,1,9,0,18,0,3,2,10,1,11,1,1,6,2,27,6,4000,1,2,6,3,6
2018360293390,1,9,0,18,0,0,1,0,8,4,1,1,6,1,17,4,999,1,17,6,1,6
2018360293418,1,9,0,4,0,8,0,0,0,0,2,1,6,2,43,7,1997,2,10,6,1,6
2018360293418,2,9,0,18,0,8,0,0,0,0,1,1,6,2,24,5,1242,1,12,8,1,8
2018360293490,1,16,4,18,0,0,5,0,0,0,3,1,5,2,80,11,-1,-1,-1,6,3,6
2018360293490,2,9,0,2,0,0,0,0,0,0,4,1,6,3,-1,-1,-1,-1,-1,-1,-1,-1
2018360293884,1,9,0,18,0,0,0,0,0,0,1,1,5,2,66,10,1984,1,13,4,3,4
2018360293884,2,9,3,13,0,0,0,0,0,0,3,1,5,1,79,11,-1,-1,-1,4,1,4
2018360293884,3,9,0,18,0,0,0,0,0,0,1,1,5,2,40,7,1149,1,13,4,1,4
2018360293978,1,9,0,9,0,0,0,0,0,0,1,1,6,1,30,6,1753,2,16,3,1,3
2018360293978,2,1,0,18,0,0,0,0,0,0,2,1,6,1,25,5,-1,-1,-1,2,1,2
2018360294001,1,9,0,18,0,0,0,0,0,0,1,1,5,1,68,10,1461,2,7,8,2,8
2018360294119,1,98,0,18,0,0,0,0,0,0,0,1,6,1,62,9,-1,-1,-1,6,3,6
2018360294119,2,1,0,18,0,0,2,0,0,0,0,1,5,1,10,2,-1,-1,-1,7,1,7
2018360294165,1,9,0,18,0,1,0,0,0,0,1,1,5,1,-1,-1,1360,1,15,-1,-1,-1
2018360294165,2,9,0,18,0,1,0,0,0,0,1,1,5,2,30,6,1999,2,1,6,3,6
2018360294595,1,9,0,4,0,0,0,0,0,0,1,1,5,1,52,8,2495,2,24,8,1,8
2018360294595,2,9,0,4,0,0,0,0,0,0,2,1,3,2,20,4,1299,1,13,7,1,7
2018360294643,1,9,0,18,0,0,0,0,0,0,1,1,6,1,26,6,998,1,5,5,1,5
2018360294643,2,9,0,18,0,0,0,0,0,0,1,1,6,2,63,9,3456,8,8,10,1,10
2018360294664,1,9,0,18,0,0,0,0,0,0,1,1,6,1,74,10,998,1,-1,8,2,8
2018360294809,1,21,1,18,0,1,1,0,0,0,1,1,1,1,61,9,10837,2,5,3,1,3
2018360295093,1,9,0,4,0,0,0,0,0,0,0,1,6,1,47,8,2521,1,10,8,1,8
2018360295093,2,9,0,18,0,0,0,0,0,0,2,1,6,1,19,4,1242,1,12,7,3,7
2018360295093,3,9,0,18,0,0,0,0,0,0,2,1,6,1,29,6,1686,2,7,3,1,3
2018360295093,4,9,0,18,0,0,0,0,0,0,1,1,6,1,48,8,2184,2,12,10,3,10
2018360295093,5,9,0,18,0,0,0,0,0,0,2,1,6,1,33,6,-1,-1,-1,9,1,9
2018360295093,6,9,0,18,0,0,0,0,0,0,1,1,6,1,52,8,1461,2,3,1,1,1
2018360295093,7,9,0,18,0,0,0,0,0,0,1,1,6,1,44,7,1198,1,4,4,1,4
2018360295093,8,9,0,18,0,0,0,0,0,0,1,1,6,1,62,9,2204,2,8,-1,1,-1
2018360295114,1,9,0,7,0,1,0,0,0,0,0,1,5,2,43,7,1896,2,10,6,1,6
2018360295114,2,5,0,18,0,1,2,0,0,0,1,1,5,1,44,7,1050,1,12,6,2,6
2018360295114,3,19,0,18,0,1,0,0,0,0,2,1,5,1,35,6,1870,2,16,4,3,4
2018360295155,1,5,0,4,0,1,2,0,0,0,0,1,5,1,24,5,1746,1,1,6,3,6
2018360295155,2,5,0,18,0,1,2,0,0,0,1,1,5,1,34,6,1201,1,5,6,2,6
2018360295155,3,5,0,18,0,1,2,0,0,0,1,1,5,1,32,6,1200,1,3,6,3,6
2018360295155,4,5,0,18,0,1,2,0,0,0,1,1,5,1,29,6,1202,1,1,8,2,8
2018360295162,1,9,0,18,0,0,0,0,0,0,1,1,6,3,50,8,-1,-1,-1,-1,-1,-1
2018360295162,2,9,0,18,0,0,0,0,0,0,1,1,6,1,36,7,1781,1,17,2,1,2
2018360295162,3,9,0,18,0,0,0,0,0,0,1,1,6,2,30,6,998,1,4,2,1,2
2018360295192,1,9,0,10,0,1,0,0,0,0,2,1,6,1,29,6,1968,2,7,10,1,10
2018360295192,2,9,0,18,0,1,0,0,0,0,3,1,6,2,21,5,1598,1,2,4,3,4
2018360295196,1,9,0,18,0,0,0,0,0,0,1,1,6,2,78,11,998,1,6,3,1,3
2018360295196,2,9,0,18,0,0,0,0,0,0,1,1,6,1,32,6,1968,2,10,6,1,6
2018360295196,3,9,0,18,0,0,0,0,0,0,1,1,6,1,61,9,2199,2,1,10,1,10
2018360295209,1,4,0,13,0,1,2,0,0,0,1,1,5,1,59,9,490,1,77,4,3,4
2018360295209,2,1,0,5,0,6,2,0,0,0,2,1,5,1,36,7,-1,-1,-1,4,3,4
2018360295244,1,9,0,18,0,1,0,0,0,0,1,1,5,1,-1,-1,1896,2,14,9,2,9
2018360295244,2,3,0,9,0,1,2,0,0,0,1,1,5,1,17,4,108,1,1,7,3,7
2018360295275,1,9,0,5,0,8,5,0,0,0,4,1,5,2,83,11,799,2,7,6,2,6
2018360295275,2,9,0,18,0,8,0,0,0,0,1,1,5,1,78,11,1598,1,15,9,2,9
2018360295343,1,11,0,18,0,1,0,0,0,0,1,1,1,1,72,10,8268,2,16,3,1,3
2018360295378,1,9,0,18,0,1,0,0,0,0,1,1,6,3,-1,-1,-1,-1,-1,-1,-1,-1
2018360295378,2,1,0,18,0,8,0,0,0,0,3,1,1,1,26,6,-1,-1,-1,6,1,6
2018360295422,1,9,0,18,0,0,0,0,0,0,3,1,5,2,54,8,1896,2,13,6,3,6
2018360295422,2,5,0,4,0,0,0,0,0,0,4,1,5,1,48,8,1157,1,15,4,3,4
2018360295439,1,9,0,18,0,0,0,0,0,0,1,1,5,2,22,5,1686,2,7,5,3,5
2018360295439,2,9,0,4,0,0,0,0,0,0,2,1,5,1,27,6,998,1,32,5,3,5
2018360295519,1,9,0,5,0,0,0,0,0,0,3,1,2,1,51,8,-1,-1,-1,4,1,4
2018360295519,2,9,0,18,0,0,0,0,0,0,4,1,6,1,33,6,1400,1,20,3,1,3
2018360295537,1,9,0,10,0,5,0,0,0,0,1,1,5,1,47,8,1197,1,1,4,2,4
2018360295537,2,9,0,18,0,8,0,0,0,0,1,1,5,2,56,9,1248,1,8,4,2,4
2018360295561,1,5,0,13,0,0,2,0,0,0,1,1,6,1,50,8,1584,1,16,3,3,3
2018360295573,1,9,0,18,0,0,0,0,0,0,3,1,6,3,30,6,-1,-1,-1,-1,-1,-1
2018360295589,1,9,0,18,0,0,0,0,0,0,1,1,5,1,87,11,1397,1,10,5,3,5
2018360295629,1,9,0,18,0,1,0,0,0,0,4,1,5,1,55,8,1984,1,2,6,1,6
2018360295629,2,3,0,18,0,1,0,0,0,0,3,1,5,2,20,4,124,1,6,2,2,2
2018360295659,1,9,0,18,0,2,0,0,0,0,1,1,6,1,32,6,-1,-1,-1,2,1,2
2018360295659,2,1,0,18,0,1,2,0,0,0,1,1,5,1,12,3,-1,-1,-1,1,1,1
2018360295671,1,9,0,5,0,8,0,0,0,0,1,1,1,1,23,5,-1,-1,-1,8,-1,8
2018360295671,2,97,0,18,0,8,0,0,0,0,1,1,6,2,50,8,-1,-1,-1,8,1,8
2018360295814,1,9,0,18,0,0,0,0,0,0,1,1,6,2,48,8,1461,2,4,1,1,1
2018360295814,2,11,0,18,0,0,0,0,0,0,2,1,6,1,70,10,-1,2,-1,8,2,8
2018360295889,1,5,0,18,0,1,2,0,0,0,1,1,5,1,66,10,1450,1,17,4,1,4
2018360295889,2,9,0,5,0,2,0,0,0,0,3,1,5,1,34,6,2400,1,10,5,3,5
2018360295996,1,9,0,9,0,5,0,0,0,0,1,1,5,2,71,10,1598,1,7,7,2,7
2018360295996,2,9,0,18,0,1,0,0,0,0,1,1,5,1,43,7,1598,2,5,7,1,7
2018360296043,1,21,1,18,0,8,5,0,0,0,0,1,1,1,62,9,12900,2,11,4,1,4
2018360296063,1,9,0,13,0,0,0,0,0,0,3,1,5,1,49,8,1968,2,1,7,3,7
2018360296063,2,5,0,13,0,0,0,0,0,0,4,1,5,1,72,10,1298,1,9,9,2,9
2018360296129,1,9,0,18,0,0,0,0,0,0,3,1,1,1,24,5,1560,2,6,4,3,4
2018360296129,2,9,0,18,0,0,0,0,0,0,3,1,1,1,37,7,1598,2,6,6,2,6
2018360296166,1,9,0,18,0,1,0,0,0,0,1,1,5,1,44,7,1598,1,8,4,3,4
2018360296166,2,9,0,9,0,1,0,0,0,0,3,1,5,2,49,8,1398,2,14,7,2,7
2018360296202,1,9,0,18,0,6,0,0,0,0,1,1,5,1,74,10,3311,8,10,5,1,5
2018360296202,2,9,0,18,0,1,0,0,0,0,1,1,5,1,31,6,-1,-1,-1,4,2,4
2018360296261,1,8,0,9,0,8,0,0,0,0,4,1,5,1,55,8,1798,8,1,1,1,1
2018360296261,2,1,0,18,4,8,0,0,0,0,1,1,5,1,48,8,-1,-1,-1,6,2,6
2018360296301,1,9,0,18,0,0,0,0,0,0,1,1,1,1,20,4,-1,-1,-1,6,1,6
2018360296301,2,9,0,10,0,0,0,0,0,0,2,1,5,1,63,9,1197,1,4,1,1,1
2018360296550,1,1,0,18,0,0,2,0,0,0,1,1,5,1,32,6,-1,-1,-1,1,1,1
2018360296575,1,9,0,18,0,0,0,0,0,0,1,1,5,2,73,10,1587,1,11,5,1,5
2018360296575,2,9,0,18,0,0,0,0,0,0,1,1,5,1,61,9,2435,1,17,1,1,1
2018360296730,1,5,0,18,0,1,0,0,0,0,1,1,5,1,57,9,2294,1,14,5,3,5
2018360296766,1,5,0,18,0,8,0,0,0,0,1,1,5,1,45,7,1098,1,11,6,1,6
2018360296766,2,9,0,18,0,8,0,0,0,0,3,1,5,2,57,9,1086,1,7,6,3,6
2018360296766,3,9,0,18,0,8,0,0,0,0,4,1,5,1,40,7,1582,2,8,6,1,6
2018360296867,1,9,0,5,0,0,0,0,0,0,3,1,5,1,81,11,1390,1,11,9,1,9
2018360296867,2,9,0,18,0,0,0,0,0,0,1,1,5,1,28,6,1248,2,13,5,1,5
2018360296928,1,1,0,5,0,6,0,0,0,0,0,1,6,3,-1,-1,-1,-1,-1,-1,-1,-1
2018360296928,2,1,0,18,5,1,5,0,0,0,0,1,2,1,55,8,-1,-1,-1,6,1,6
2018360297027,1,9,0,18,0,4,1,0,4,1,1,1,5,1,69,10,1997,2,1,5,3,5
2018360297050,1,97,0,18,0,0,0,0,0,0,1,1,6,3,-1,-1,-1,-1,-1,-1,-1,-1
2018360297065,1,9,0,18,0,0,0,0,0,0,1,1,2,2,19,4,1248,2,7,6,2,6
2018360297065,2,9,0,18,0,0,0,0,0,0,2,1,5,2,23,5,1390,1,17,1,1,1
2018360297065,3,9,0,18,0,0,0,0,0,0,2,1,2,2,43,7,1598,2,1,7,3,7
2018360297065,4,9,0,18,0,0,0,0,0,0,2,1,2,1,63,9,1560,2,-1,2,1,2
2018360297065,5,9,0,18,0,0,0,0,0,0,2,1,2,1,31,6,4799,1,12,4,1,4
2018360297065,6,9,0,18,0,0,0,0,0,0,1,1,2,2,28,6,1242,1,9,1,1,1
2018360297065,7,9,0,18,0,0,0,0,0,0,2,1,1,1,50,8,-1,-1,-1,5,3,5
2018360297065,8,9,0,18,0,0,0,0,0,0,1,1,2,2,47,8,2199,2,6,6,2,6
2018360297065,9,9,0,18,0,0,0,0,0,0,1,1,5,1,20,4,1388,1,14,2,1,2
2018360297196,1,19,0,18,0,0,0,0,0,0,1,1,5,1,35,6,2198,2,3,1,1,1
2018360297196,2,19,0,3,0,0,0,0,0,0,2,1,1,2,23,5,1248,2,3,6,1,6
2018360297196,3,9,0,3,0,0,0,0,0,0,2,1,5,1,69,10,1984,2,6,10,2,10
2018360297196,4,9,0,3,0,0,0,0,0,0,2,1,5,1,73,10,1598,2,2,7,3,7
2018360297196,5,9,0,3,0,0,0,0,0,0,2,1,5,2,36,7,1781,1,14,1,1,1
2018360297246,1,9,0,7,0,0,0,0,0,0,3,1,5,2,51,8,1598,2,4,7,1,7
2018360297246,2,1,0,18,0,0,2,0,0,0,1,1,2,1,36,7,-1,-1,-1,8,3,8
2018360297426,1,3,0,9,0,2,2,0,0,0,4,1,2,1,49,8,123,1,26,8,1,8
2018360297473,1,9,0,18,0,1,0,0,0,0,1,1,5,1,21,5,1998,1,8,8,2,8
2018360297473,2,9,0,3,0,1,0,0,0,0,2,1,5,1,46,8,1332,1,12,1,1,1
2018360297490,1,9,0,9,0,0,0,0,0,0,1,1,5,2,83,11,998,1,18,9,1,9
2018360297490,2,9,0,18,0,0,0,0,0,0,1,1,1,1,46,8,-1,-1,-1,8,1,8
2018360297515,1,19,0,18,0,0,0,0,0,0,1,1,1,1,40,7,4500,2,4,6,3,6
2018360297515,2,9,0,4,0,0,0,0,0,0,1,1,2,1,25,5,-1,-1,-1,6,1,6
2018360297515,3,9,0,4,0,0,0,0,0,0,2,1,1,2,43,7,1896,2,16,4,1,4
2018360297555,1,9,0,9,0,0,0,0,0,0,3,1,5,1,74,10,1598,1,9,6,2,6
2018360297555,2,5,0,18,0,0,5,0,0,0,1,1,5,1,52,8,1052,1,26,9,2,9
2018360297607,1,9,0,17,0,0,5,0,7,0,1,1,1,1,18,4,-1,-1,-1,7,3,7
2018360297628,1,9,0,18,0,1,0,0,0,0,1,1,5,1,47,8,2231,2,6,1,1,1
2018360297628,2,9,0,4,0,1,0,0,0,0,3,1,6,2,38,7,1596,1,8,2,1,2
2018360297632,1,9,0,1,0,0,0,0,0,0,2,1,6,1,29,6,1461,2,9,10,3,10
2018360297640,1,9,0,1,0,0,0,0,0,0,2,1,6,3,-1,-1,1598,1,15,-1,-1,-1
2018360297640,2,9,0,3,0,0,0,0,0,0,1,1,5,2,28,6,2198,1,10,5,1,5
2018360297662,1,5,0,18,0,0,0,12,0,0,1,1,6,1,52,8,745,1,42,6,3,6
2018360297701,1,9,0,18,0,0,0,0,0,0,4,1,2,2,60,9,1973,1,17,6,2,6
2018360297737,1,9,0,18,0,6,0,0,0,0,1,1,6,2,31,6,1598,1,7,4,1,4
2018360297737,2,9,0,18,0,1,0,0,0,0,4,1,2,1,28,6,1560,2,6,2,3,2
2018360297739,1,9,0,18,0,1,0,0,0,0,1,1,5,1,21,5,998,1,3,5,3,5
2018360297739,2,9,4,4,0,1,0,0,0,0,2,1,5,1,20,4,-1,-1,-1,7,1,7
2018360297770,1,9,0,18,0,8,0,0,0,0,0,1,5,2,57,9,1388,1,8,8,3,8
2018360297770,2,3,0,18,0,8,0,0,0,0,3,1,2,1,19,4,125,1,3,2,1,2
2018360297780,1,9,0,8,0,1,0,0,0,0,1,1,4,2,36,7,1910,2,9,8,1,8
2018360297795,1,1,0,18,0,0,0,0,0,0,1,1,6,1,15,3,-1,-1,-1,10,1,10
2018360297795,2,9,0,18,0,0,0,0,0,0,4,1,6,2,60,9,-1,-1,-1,8,1,8
2018360297842,1,9,0,18,0,0,0,0,0,0,2,1,2,1,63,9,2987,2,13,3,1,3
2018360297842,2,9,0,18,0,0,0,0,0,0,1,1,2,1,25,5,973,1,17,2,1,2
2018360297854,1,1,0,18,0,1,0,0,0,0,1,1,6,3,-1,-1,-1,-1,-1,-1,-1,-1
2018360297854,2,1,0,3,0,1,5,0,0,0,2,1,6,2,50,8,-1,-1,-1,2,1,2
2018360297875,1,9,0,16,0,0,2,0,1,0,1,1,5,2,26,6,1149,1,17,5,2,5
2018360297875,2,9,0,17,0,0,0,0,0,0,0,1,6,1,26,6,1896,2,17,5,3,5
2018360298017,1,9,0,9,0,6,0,0,0,0,3,1,2,2,35,6,-1,-1,-1,2,1,2
2018360298017,2,21,0,18,0,8,0,0,0,0,3,1,1,1,54,8,4461,2,10,4,1,4
2018360298084,1,9,0,18,0,0,2,0,7,0,1,1,6,1,24,5,1149,1,11,9,2,9
2018360298132,1,9,0,18,0,0,0,0,0,0,4,1,5,2,18,4,998,1,15,7,3,7
2018360298138,1,9,0,18,0,0,0,0,0,0,1,1,6,1,54,8,-1,-1,-1,6,3,6
2018360298138,2,9,0,4,0,0,0,0,0,0,2,1,6,1,61,9,1200,1,3,7,1,7
2018360298162,1,9,0,18,0,0,0,0,0,0,1,1,5,1,22,5,1242,1,1,10,1,10
2018360298162,2,9,0,4,0,0,0,0,0,0,0,1,5,2,69,10,998,1,23,1,1,1
2018360298162,3,98,0,4,0,0,0,0,0,0,2,1,5,1,23,5,-1,-1,-1,-1,-1,-1
2018360298162,4,9,0,4,0,0,0,0,0,0,0,1,5,2,50,8,898,1,-1,10,1,10
2018360298162,5,9,0,18,0,0,0,0,0,0,0,1,6,3,-1,-1,-1,-1,-1,-1,-1,-1
2018360298344,1,21,0,9,0,1,0,0,0,0,3,1,1,1,54,8,6700,2,2,2,1,2
2018360298344,2,9,0,18,0,1,0,0,0,0,1,1,5,1,41,7,1995,2,6,9,2,9
2018360298469,1,1,0,18,0,0,5,0,0,0,1,1,2,1,62,9,-1,-1,-1,5,3,5
2018360298469,2,11,0,2,2,0,0,0,0,0,0,1,1,2,60,9,6696,2,3,7,3,7
2018360298547,1,3,0,16,0,0,1,0,0,0,1,1,2,1,30,6,124,1,5,5,2,5
2018360298547,2,9,0,1,0,0,0,0,0,0,3,1,5,1,56,9,1984,1,2,10,3,10
2018360298567,1,9,0,18,0,1,0,0,0,0,4,1,6,1,49,8,1560,2,11,6,1,6
2018360298567,2,9,0,2,0,1,0,0,0,0,4,1,6,3,-1,-1,-1,-1,-1,-1,-1,-1
2018360298597,1,9,0,5,0,2,0,0,0,0,0,1,5,2,33,6,1364,2,12,7,1,7
2018360298597,2,1,0,18,0,1,5,0,0,0,0,1,2,1,32,6,-1,-1,-1,2,1,2
2018360298600,1,9,0,1,0,0,0,0,0,0,2,1,5,2,32,6,1598,1,13,2,1,2
2018360298600,2,9,0,2,0,0,0,0,0,0,2,1,6,3,-1,-1,-1,-1,-1,-1,-1,-1
2018360298647,1,98,0,18,0,0,0,0,0,0,0,1,6,3,-1,-1,-1,-1,-1,-1,-1,-1
2018360298647,2,9,0,18,0,0,0,10,1,0,4,1,2,2,34,6,1242,1,14,4,3,4
2018360298700,1,9,0,18,0,0,0,12,0,0,1,1,5,1,43,7,2000,2,7,4,1,4
2018360298700,2,5,0,18,0,0,0,0,0,0,4,1,5,1,33,6,918,1,19,4,3,4
2018360298729,1,9,0,5,0,6,0,0,0,0,1,1,6,3,-1,-1,-1,-1,-1,-1,-1,-1
2018360298754,1,9,0,18,0,1,0,0,0,0,4,1,6,3,-1,-1,-1,-1,-1,-1,-1,-1
2018360298754,2,1,0,18,0,1,2,0,0,0,3,1,6,1,51,8,-1,-1,-1,8,1,8
2018360299053,1,9,0,18,0,0,1,0,0,0,1,1,6,2,18,4,1199,1,15,5,2,5
2018360299053,2,9,0,5,0,0,1,10,7,0,2,1,5,1,27,6,998,1,10,7,1,7
2018360299078,1,9,0,18,0,4,0,0,0,0,3,1,5,2,39,7,1197,1,1,5,1,5
2018360299078,2,9,0,18,0,8,0,0,0,0,4,1,5,1,-1,-1,1560,2,8,4,1,4
2018360299083,1,9,0,18,0,0,0,0,0,0,4,1,2,2,34,6,1997,2,14,2,1,2
2018360299083,2,1,0,18,0,0,0,0,0,0,1,1,4,1,12,3,-1,-1,-1,2,1,2
2018360299085,1,9,0,18,0,1,0,0,0,0,1,1,6,1,37,7,1796,1,15,6,3,6
2018360299085,2,5,0,4,0,1,0,0,0,0,2,1,6,1,29,6,998,1,12,2,1,2
2018360299099,1,9,0,9,0,8,0,0,0,0,1,1,2,1,46,8,1598,1,12,1,1,1
2018360299099,2,9,0,9,0,8,0,0,0,0,3,2,2,1,31,6,2199,1,56,6,2,6
2018360299138,1,9,0,9,0,8,0,0,0,0,4,1,5,2,80,11,1896,2,10,8,1,8
2018360299138,2,5,0,18,0,1,0,0,0,0,1,1,5,1,56,9,998,1,25,1,1,1
2018360299170,1,9,0,18,0,0,0,0,0,0,3,1,5,2,44,7,1490,1,13,4,3,4
2018360299170,2,19,0,18,0,0,0,0,0,0,3,1,1,1,56,9,2298,2,-1,4,3,4
2018360299339,1,19,0,13,0,0,0,0,0,0,4,1,6,1,57,9,2298,2,2,8,1,8
2018360299339,2,9,0,5,0,0,0,0,0,0,3,1,5,2,30,6,1560,2,9,2,1,2
2018360299353,1,9,0,18,0,0,0,7,0,0,1,1,5,1,19,4,-1,-1,-1,-1,-1,-1
2018360299353,2,9,0,18,0,0,0,0,0,0,0,1,1,1,29,6,1560,2,4,5,1,5
2018360299424,1,19,0,18,0,0,0,0,0,0,1,1,1,1,57,9,1995,2,1,7,3,7
2018360299424,2,19,0,4,0,0,0,0,0,0,2,1,1,1,42,7,2143,2,3,10,3,10
2018360299424,3,9,0,4,0,0,0,0,0,0,2,1,5,2,22,5,1596,1,13,3,2,3
2018360299424,4,19,0,4,0,0,0,0,0,0,2,1,1,1,58,9,2198,2,3,4,3,4
2018360299569,1,9,0,18,0,8,0,0,0,0,3,1,6,2,40,7,-1,-1,-1,-1,-1,-1
2018360299569,2,3,0,18,0,8,0,0,0,0,3,1,5,1,19,4,125,1,1,4,1,4
2018360299609,1,9,0,18,0,0,0,0,0,0,1,1,5,1,55,8,-1,-1,-1,6,2,6
2018360299609,2,1,0,18,0,0,5,0,0,0,1,1,5,1,44,7,-1,-1,-1,7,1,7
2018360299609,3,9,0,13,0,0,0,0,0,0,0,1,6,3,-1,-1,-1,-1,-1,-1,-1,-1