Accident_Index,Vehicle_Reference,Vehicle_Type,Towing_and_Articulation,Vehicle_Manoeuvre,Vehicle_Location-Restricted_Lane,Junction_Location,Skidding_and_Overturning,Hit_Object_in_Carriageway,Vehicle_Leaving_Carriageway,Hit_Object_off_Carriageway,1st_Point_of_Impact,Was_Vehicle_Left_Hand_Drive?,Journey_Purpose_of_Driver,Sex_of_Driver,Age_of_Driver,Age_Band_of_Driver,Engine_Capacity_(CC),Propulsion_Code,Age_of_Vehicle,Driver_IMD_Decile,Driver_Home_Area_Type,Vehicle_IMD_Decile
2018360300126,1,4,0,17,0,1,1,0,0,0,3,1,5,1,49,8,198,1,15,3,1,3
2018360300136,1,98,0,18,0,0,0,0,0,0,0,1,1,1,53,8,-1,-1,-1,6,3,6
2018360300136,2,9,0,18,0,0,0,0,0,0,3,1,5,1,69,10,2993,2,13,6,3,6
2018360300146,1,9,0,9,0,1,0,0,0,0,3,1,5,2,71,10,1339,8,7,7,2,7
2018360300187,1,5,0,7,0,8,0,0,0,0,1,1,2,1,36,7,1157,1,11,3,2,3
2018360300187,2,9,0,18,0,1,0,0,0,0,1,1,2,2,40,7,1461,2,3,7,1,7
2018360300187,3,9,0,18,0,1,0,0,0,0,3,1,6,2,66,10,1797,8,5,5,3,5
2018360300342,1,1,0,18,0,8,0,0,0,0,1,1,6,1,29,6,-1,-1,-1,1,1,1
2018360300342,2,9,0,18,0,8,0,0,0,0,3,1,2,1,34,6,1995,2,5,1,1,1
2018360300396,1,90,0,9,0,8,0,0,0,0,1,1,2,1,46,8,-1,-1,-1,6,1,6
2018360300396,2,1,0,18,0,8,5,0,0,0,1,1,6,1,60,9,-1,-1,-1,8,1,8
2018360300532,1,5,0,13,0,0,5,0,0,0,1,1,5,1,54,8,883,1,30,2,1,2
2018360300532,2,9,0,9,0,0,0,0,0,0,3,1,5,1,62,9,2231,2,3,6,3,6
2018360300576,1,9,0,9,0,1,0,0,0,0,1,1,2,2,21,5,1299,1,11,4,1,4
2018360300576,2,9,0,18,0,1,0,0,0,0,1,1,5,1,58,9,2401,2,12,2,1,2
2018360300609,1,9,0,17,0,0,1,0,1,11,1,1,5,1,32,6,2720,2,11,6,2,6
2018360300644,1,9,0,5,0,4,0,0,0,0,1,1,6,1,66,10,1587,1,13,3,1,3
2018360300644,2,1,0,18,0,8,5,0,0,0,4,1,6,2,36,7,-1,-1,-1,8,1,8
2018360300670,1,9,0,9,0,1,0,0,0,0,1,1,5,2,24,5,1396,1,6,5,1,5
2018360300670,2,9,0,18,0,1,0,0,0,0,1,1,5,2,51,8,2143,2,1,5,3,5
2018360300693,1,9,0,18,0,4,0,0,0,0,3,1,6,1,-1,-1,1590,1,13,2,1,2
2018360300693,2,1,0,18,0,8,0,0,0,0,4,1,2,2,49,8,-1,-1,-1,6,1,6
2018360300725,1,9,0,18,0,0,0,0,0,0,4,1,6,2,55,8,1206,1,10,6,2,6
2018360300725,2,9,0,18,0,0,0,0,0,0,3,1,2,1,21,5,1149,1,14,4,2,4
2018360300727,1,9,0,18,0,1,0,0,0,0,4,1,6,3,-1,-1,-1,-1,-1,-1,-1,-1
2018360300745,1,9,0,7,0,1,0,0,7,1,1,1,5,1,85,11,1598,1,17,8,1,8
2018360300745,2,9,0,3,0,1,0,0,0,0,1,1,2,2,25,5,1364,1,8,10,1,10
2018360300747,1,9,0,18,0,0,0,0,0,0,1,1,5,1,67,10,1560,2,4,4,1,4
2018360300747,2,19,0,4,0,0,0,0,0,0,2,1,2,1,37,7,1499,2,1,9,1,9
2018360300747,3,9,0,4,0,0,0,0,0,0,2,1,6,3,-1,-1,1499,2,2,-1,-1,-1
2018360301311,1,98,4,18,0,0,0,0,0,0,4,1,6,1,30,6,-1,-1,-1,-1,-1,-1
2018360301315,1,19,0,18,0,1,0,0,0,0,0,1,1,1,28,6,2402,2,14,2,1,2
2018360301315,2,9,0,18,0,1,0,0,0,0,1,1,5,2,46,8,-1,-1,-1,9,3,9
2018360301332,1,9,0,18,0,0,0,0,0,0,1,1,6,3,30,6,-1,-1,-1,-1,-1,-1
2018360301371,1,9,0,18,0,0,0,0,0,0,1,1,5,2,73,10,1198,1,1,7,1,7
2018360301420,1,1,0,18,0,0,0,0,0,0,1,1,6,1,31,6,-1,-1,-1,3,1,3
2018360301495,1,9,0,18,0,0,0,0,0,0,1,1,5,2,54,8,1349,1,7,7,3,7
2018360301495,2,9,0,18,0,0,0,0,0,0,1,1,1,1,37,7,2198,2,5,3,1,3
2018360301522,1,9,0,18,0,0,0,0,0,0,1,1,5,1,88,11,1248,1,2,8,2,8
2018360301650,1,9,0,18,0,1,0,0,0,0,1,1,5,1,34,6,1968,2,10,5,3,5
2018360301650,2,9,0,18,0,1,0,0,0,0,1,1,5,1,70,10,1595,1,11,6,3,6
2018360301654,1,9,0,9,0,1,0,0,0,0,1,1,6,2,71,10,2179,2,4,5,3,5
2018360301654,2,5,0,7,0,2,0,0,0,0,3,1,6,1,69,10,1000,1,3,7,1,7
2018360301690,1,9,0,18,0,1,0,0,0,0,1,1,6,1,23,5,-1,-1,-1,5,3,5
2018360301690,2,9,0,3,0,1,0,0,0,0,2,1,6,1,31,6,1896,2,16,2,1,2
2018360301751,1,9,0,12,0,0,0,0,0,0,2,1,2,1,62,9,1598,1,16,8,1,8
2018360301751,2,9,0,18,0,0,0,0,0,0,1,1,6,2,20,4,1242,1,3,1,1,1
2018360301752,1,9,0,13,0,0,1,0,0,0,1,1,2,1,49,8,1598,1,14,4,1,4
2018360301752,2,9,0,18,0,0,0,0,0,0,0,1,5,1,24,5,1997,2,3,6,1,6
2018360302200,1,9,0,9,0,6,0,0,0,0,1,1,5,2,31,6,1595,1,1,5,1,5
2018360302200,2,1,0,18,0,1,5,0,0,0,1,1,5,2,59,9,-1,-1,-1,1,1,1
2018360302214,1,9,0,18,0,0,0,0,0,0,1,1,5,1,75,10,1997,2,5,10,3,10
2018360302214,2,1,0,18,0,0,5,0,0,0,2,1,5,2,55,8,-1,-1,-1,6,3,6
2018360302236,1,21,1,17,0,1,2,0,7,0,0,1,5,1,51,8,4764,2,6,10,2,10
2018360302274,1,9,0,18,0,1,0,0,0,0,4,1,6,3,-1,-1,-1,-1,-1,-1,-1,-1
2018360302274,2,1,0,18,0,1,0,0,0,0,3,1,5,1,59,9,-1,-1,-1,3,2,3
2018360302288,1,9,0,13,0,0,0,0,0,0,1,1,2,1,52,8,999,1,3,6,3,6
2018360302288,2,9,0,18,0,0,0,0,0,0,3,1,2,1,33,6,1596,1,14,3,3,3
2018360302288,3,21,1,18,0,0,0,0,0,0,3,1,6,1,59,9,11705,2,12,5,3,5
2018360302321,1,9,0,9,0,1,0,0,0,0,1,1,5,1,40,7,1968,2,3,8,1,8
2018360302321,2,9,0,18,0,1,0,0,0,0,1,1,5,2,24,5,1896,2,12,6,2,6
2018360302362,1,9,0,7,0,1,0,0,3,11,1,1,5,1,19,4,1984,1,6,8,1,8
2018360302385,1,9,0,18,0,8,0,0,0,0,1,1,1,1,51,8,1499,2,3,-1,-1,-1
2018360302385,2,9,0,18,0,8,0,0,7,0,4,1,5,1,47,8,1364,2,12,1,1,1
2018360302407,1,9,0,16,0,0,5,0,7,10,1,1,6,2,75,10,1318,1,-1,7,1,7
2018360302413,1,9,0,18,0,0,0,0,0,0,1,1,5,2,-1,-1,999,1,3,2,1,2
2018360302413,2,9,0,3,0,0,0,0,0,0,2,1,6,1,-1,-1,1242,1,12,6,3,6
2018360302413,3,9,0,3,0,0,0,0,0,0,2,1,1,2,47,8,1580,8,-1,2,1,2
2018360302604,1,3,0,18,0,0,0,0,0,0,3,1,1,2,44,7,124,1,1,2,1,2
2018360302604,2,17,4,18,0,0,0,0,0,0,2,1,5,1,57,9,-1,-1,-1,4,3,4
2018360302664,1,9,0,18,0,1,0,0,0,0,1,1,5,1,32,6,2143,2,-1,9,1,9
2018360302664,2,90,0,2,0,1,0,0,0,0,2,1,1,1,46,8,2987,2,4,4,2,4
2018360302699,1,9,0,1,0,0,0,0,0,0,2,1,6,2,86,11,1061,1,13,1,1,1
2018360302714,1,9,0,18,0,0,0,0,1,10,1,1,5,1,71,10,1596,1,9,6,2,6
2018360302727,1,9,0,18,0,0,0,0,0,0,3,1,2,1,25,5,2616,1,12,6,3,6
2018360302727,2,9,0,18,0,0,0,0,0,0,3,1,5,1,44,7,1997,2,10,5,3,5
2018360302765,1,9,0,18,0,0,0,0,0,0,1,1,5,1,29,6,-1,-1,-1,9,2,9
2018360302765,2,9,0,18,0,0,0,0,0,0,1,1,5,1,35,6,1997,2,9,10,2,10
2018360302828,1,9,0,18,0,0,0,0,7,6,1,1,5,2,57,9,1360,1,14,4,1,4
2018360302865,1,9,0,18,0,0,0,0,7,0,1,1,5,1,49,8,1685,2,3,7,3,7
2018360302865,2,9,0,18,0,0,0,0,0,0,3,1,2,1,59,9,1896,2,15,7,1,7
2018360302865,3,9,0,18,0,0,1,0,1,0,1,1,2,1,27,6,1799,1,7,4,1,4
2018360302925,1,3,0,14,0,0,2,0,0,0,3,1,5,1,22,5,124,1,7,6,2,6
2018360302925,2,9,0,18,0,0,0,0,0,0,1,1,5,2,39,7,1461,2,5,5,2,5
2018360302966,1,9,0,7,0,0,2,0,0,0,4,1,2,2,22,5,1896,2,15,5,3,5
2018360302986,1,9,0,13,0,0,2,0,7,4,1,1,2,1,29,6,1229,1,12,4,2,4
2018360302986,2,9,0,4,0,0,0,0,0,0,3,1,1,2,49,8,2179,2,7,4,3,4
2018360302986,3,1,0,18,0,0,0,0,0,0,3,1,2,2,49,8,-1,-1,-1,4,2,4
2018360303008,1,9,0,18,0,1,0,0,0,0,1,1,6,1,23,5,1997,2,4,4,3,4
2018360303033,1,9,0,18,0,0,1,0,7,0,3,1,6,1,67,10,1951,2,14,4,3,4
2018360303033,2,21,4,18,0,0,0,0,0,0,3,1,1,1,54,8,12740,2,1,7,2,7
2018360303033,3,9,0,18,0,0,0,0,0,0,3,1,6,2,71,10,1386,1,10,4,3,4
2018360303044,1,9,0,18,0,3,0,0,0,0,1,1,6,1,85,11,1596,1,15,9,2,9
2018360303044,2,19,0,18,0,3,0,0,0,0,3,1,1,1,35,6,1998,2,17,5,3,5
2018360303113,1,9,0,9,0,3,0,0,0,0,1,1,5,1,41,7,1686,2,8,3,1,3
2018360303154,1,9,0,5,0,6,0,0,0,0,1,1,5,1,66,10,2496,1,14,5,1,5
2018360303154,2,9,0,18,0,8,0,0,0,0,3,1,5,2,44,7,2993,2,10,1,1,1
2018360303178,1,9,0,18,0,0,2,0,0,0,1,1,4,2,18,4,1364,1,11,5,2,5
2018360303178,2,9,0,2,0,0,2,0,0,0,1,1,6,3,-1,-1,-1,-1,-1,-1,-1,-1
2018360303224,1,9,0,18,0,4,0,0,0,0,1,1,6,1,62,9,1582,2,1,6,1,6
2018360303224,2,1,0,18,0,8,0,0,0,0,1,1,6,1,45,7,-1,-1,-1,10,1,10
2018360303249,1,9,0,18,0,0,1,0,0,0,1,1,6,2,46,8,1840,1,18,6,2,6
2018360303249,2,9,0,18,0,0,2,0,0,0,3,1,2,2,61,9,1120,2,5,9,2,9
2018360303307,1,9,0,5,0,6,0,0,0,0,1,1,6,2,-1,-1,1969,2,-1,-1,3,-1
2018360303307,2,9,0,18,0,8,0,0,0,0,1,1,5,1,47,8,1299,1,15,10,2,10
2018360303309,1,1,0,18,0,0,2,0,0,0,0,1,2,1,37,7,-1,-1,-1,10,1,10
2018360303309,2,9,0,18,0,0,0,0,0,0,1,1,6,3,-1,-1,-1,-1,-1,-1,-1,-1
2018360303431,1,9,0,5,0,6,0,0,0,0,1,1,5,1,26,6,1197,1,3,3,3,3
2018360303431,2,9,0,18,0,8,0,0,0,0,1,1,5,2,43,7,2143,2,7,10,1,10
2018360303468,1,9,0,18,0,0,0,0,0,0,1,1,6,1,19,4,1198,1,9,5,3,5
2018360303468,2,9,0,4,0,0,0,0,0,0,2,1,6,2,49,8,1999,2,2,10,1,10
2018360303486,1,19,0,1,0,1,0,0,0,0,2,1,5,1,76,11,2198,2,9,3,3,3
2018360303486,2,1,0,3,0,1,5,0,0,0,1,1,5,2,10,2,-1,-1,-1,3,3,3
2018360303507,1,9,0,9,0,0,1,0,0,0,1,1,5,1,68,10,3000,1,17,6,3,6
2018360303507,2,9,0,18,0,0,1,0,0,0,1,1,5,2,39,7,2967,2,4,4,3,4
2018360303507,3,9,0,2,0,0,0,0,0,0,2,1,6,3,-1,-1,-1,-1,-1,-1,-1,-1
2018360303508,1,9,0,13,0,0,0,0,0,0,4,1,6,3,-1,-1,-1,-1,-1,-1,-1,-1
2018360303508,2,2,0,18,0,0,5,0,0,0,3,1,5,2,29,6,49,1,5,4,3,4
2018360303598,1,9,0,13,0,8,0,0,0,0,1,1,5,1,25,5,-1,-1,-1,4,3,4
2018360303598,2,9,0,18,0,4,0,10,0,0,3,1,5,1,34,6,1800,1,18,5,3,5
2018360303674,1,9,0,1,9,0,0,0,0,0,2,1,2,2,42,7,1396,1,14,6,1,6
2018360303674,2,1,0,18,9,0,2,0,0,0,4,1,6,1,14,3,-1,-1,-1,-1,-1,-1
2018360303690,1,9,0,18,0,1,0,0,0,0,1,1,6,1,-1,-1,-1,-1,-1,-1,-1,-1
2018360303690,2,1,0,18,0,1,5,0,0,0,1,1,5,2,29,6,-1,-1,-1,2,1,2
2018360303703,1,9,0,18,0,0,1,10,0,0,1,1,6,1,19,4,1587,1,16,5,3,5
2018360303703,2,9,0,5,0,0,1,0,7,9,3,1,6,2,79,11,-1,-1,-1,6,3,6
2018360303713,1,9,0,18,0,1,0,0,0,0,1,1,2,1,48,8,1910,2,10,7,2,7
2018360303713,2,1,0,18,0,1,5,0,0,0,2,1,5,1,55,8,-1,-1,-1,7,3,7
2018360303909,1,9,0,18,0,1,0,0,0,0,1,1,6,2,18,4,998,1,3,1,1,1
2018360303909,2,9,0,18,0,1,0,0,0,0,1,1,5,1,35,6,1398,1,13,2,1,2
2018360303909,3,9,0,18,0,1,0,0,0,0,4,1,5,2,35,6,1896,2,14,1,1,1
2018360303943,1,1,0,18,0,0,2,0,0,0,1,1,5,1,9,2,-1,-1,-1,3,1,3
2018360303943,2,9,0,18,0,0,0,0,0,0,1,1,2,2,61,9,998,1,12,3,1,3
2018360303976,1,1,0,5,0,2,2,0,0,0,1,1,2,1,18,4,-1,-1,-1,10,1,10
2018360303976,2,9,0,18,0,2,1,0,0,0,1,1,2,1,31,6,2401,2,11,4,1,4
2018360304377,1,9,0,9,0,0,0,0,0,0,3,1,5,2,34,6,2204,2,12,7,1,7
2018360304377,2,5,0,18,0,0,5,0,7,9,1,1,6,1,32,6,599,1,15,8,3,8
2018360304386,1,9,0,18,0,0,0,0,0,0,4,1,6,1,30,6,998,1,5,2,1,2
2018360304465,1,9,0,18,0,0,0,0,1,4,1,1,5,1,61,9,1560,2,9,8,1,8
2018360304511,1,9,0,18,5,0,0,0,0,0,4,1,6,3,-1,-1,-1,-1,-1,-1,-1,-1
2018360304581,1,9,0,18,0,0,0,0,0,0,1,1,5,1,32,6,2143,2,5,8,1,8
2018360304593,1,11,0,18,0,0,0,0,0,0,0,1,1,1,40,7,8268,2,16,2,1,2
2018360304621,1,9,0,5,9,0,0,0,0,0,1,1,3,1,38,7,-1,-1,-1,2,3,2
2018360304621,2,1,0,18,9,0,5,0,0,0,4,1,4,2,10,2,-1,-1,-1,5,1,5
2018360304670,1,9,0,16,0,0,5,0,7,1,1,1,2,1,20,4,1596,1,12,7,2,7
2018360304716,1,19,0,5,0,0,0,0,0,0,1,1,1,1,44,7,2198,2,9,10,1,10
2018360304844,1,9,0,18,0,8,0,0,0,0,1,1,5,1,71,10,1242,1,7,7,1,7
2018360304858,1,9,0,9,0,0,0,0,0,0,1,1,1,2,46,8,1398,1,3,7,2,7
2018360304925,1,9,5,18,0,2,0,0,0,0,1,1,5,1,19,4,1229,1,6,9,3,9
2018360304925,2,9,5,18,0,1,0,0,0,0,1,1,5,2,20,4,-1,-1,-1,2,1,2
2018360305104,1,9,0,9,0,8,0,0,0,0,3,1,6,2,51,8,1390,1,13,9,2,9
2018360305104,2,5,0,14,0,8,5,0,0,0,1,1,6,1,50,8,1002,1,19,5,1,5
2018360305146,1,9,0,9,0,0,1,0,0,0,1,1,2,2,39,7,1360,1,17,3,1,3
2018360305146,2,9,0,18,0,0,0,0,0,0,1,1,2,1,41,7,2143,2,1,8,3,8
2018360305363,1,9,0,18,0,0,0,0,0,0,1,1,6,1,60,9,1197,1,5,5,1,5
2018360305363,2,9,0,4,0,0,0,0,0,0,2,1,6,2,53,8,1798,1,14,5,2,5
2018360305417,1,9,0,5,0,2,0,0,0,0,3,1,2,1,76,11,1200,1,1,4,3,4
2018360305417,2,1,0,17,0,2,2,0,0,0,1,1,6,1,53,8,-1,-1,-1,4,2,4
2018360305453,1,90,0,5,0,8,0,0,0,0,3,1,5,1,84,11,-1,-1,-1,6,3,6
2018360305453,2,4,0,18,0,8,5,0,0,0,0,1,6,1,59,9,250,1,35,8,2,8
2018360305472,1,9,0,5,0,2,0,0,0,0,1,1,5,2,69,10,1493,2,10,3,3,3
2018360305472,2,9,0,2,0,1,0,0,0,0,4,1,6,3,-1,-1,-1,-1,-1,-1,-1,-1
2018360305549,1,9,0,18,0,0,0,0,0,0,1,1,6,3,-1,-1,-1,-1,-1,-1,-1,-1
2018360305549,2,1,0,18,0,0,2,0,1,0,1,1,6,1,18,4,-1,-1,-1,4,3,4
2018360305605,1,9,0,14,0,0,0,0,0,0,1,1,1,2,49,8,1596,1,15,5,2,5
2018360305605,2,9,0,2,0,0,0,0,0,0,3,1,6,3,-1,-1,-1,-1,-1,-1,-1,-1
2018360305605,3,9,0,2,0,0,0,0,0,0,2,1,6,3,-1,-1,-1,-1,-1,-1,-1,-1
2018360305910,1,9,0,10,0,1,0,0,0,0,2,1,5,2,41,7,1598,1,6,9,2,9
2018360305910,2,19,0,18,0,1,0,0,0,0,1,1,5,1,18,4,1560,2,4,6,3,6
2018360305984,1,9,0,17,0,0,0,0,0,0,4,1,5,1,18,4,1299,1,16,9,1,9
2018360306000,1,3,0,18,0,1,0,0,0,0,1,1,2,1,18,4,124,1,8,2,1,2
2018360306000,2,3,0,18,0,1,0,0,0,0,2,1,1,1,22,5,124,1,3,9,2,9
2018360306024,1,9,0,18,0,0,0,0,0,0,1,1,5,2,73,10,1498,1,12,6,2,6
2018360306040,1,9,0,18,0,1,0,0,1,0,3,1,5,2,30,6,-1,-1,-1,2,3,2
2018360306040,2,9,0,18,0,1,0,0,0,0,3,1,5,1,38,7,1968,2,5,4,1,4
2018360306040,3,9,0,18,0,1,0,0,0,0,0,1,6,3,30,6,-1,-1,-1,-1,-1,-1
2018360306056,1,9,0,18,0,0,0,0,0,0,4,1,6,3,-1,-1,-1,-1,-1,-1,-1,-1
2018360306056,2,1,0,18,0,0,0,0,0,0,2,1,6,1,22,5,-1,-1,-1,1,1,1
2018360306071,1,9,0,18,0,0,0,0,1,4,1,1,5,1,30,6,1598,1,14,2,1,2
2018360306076,1,9,0,18,0,1,0,0,0,0,2,1,1,2,56,9,998,1,3,3,1,3
2018360306076,2,9,0,18,0,1,0,0,0,0,1,1,3,1,50,8,1560,2,6,4,1,4
2018360306094,1,5,0,18,0,1,0,0,0,0,4,1,5,1,38,7,649,1,4,6,1,6
2018360306103,1,9,0,7,0,1,0,0,0,0,0,1,6,1,30,6,-1,-1,-1,-1,-1,-1
2018360306103,2,11,0,18,0,1,0,0,0,0,0,1,1,1,51,8,6696,2,3,1,1,1
2018360306114,1,1,0,18,0,1,0,0,0,0,1,1,5,1,15,3,-1,-1,-1,1,1,1
2018360306114,2,9,0,3,0,1,0,0,0,0,2,1,5,2,47,8,1339,1,14,8,1,8
2018360306484,1,9,0,18,0,4,0,0,0,0,1,1,5,2,45,7,1598,1,14,6,3,6
2018360306484,2,1,0,17,0,8,5,0,0,0,2,1,5,1,77,11,-1,-1,-1,6,1,6
2018360306509,1,9,0,7,0,0,0,0,0,0,3,1,3,2,77,11,1398,2,4,9,3,9
2018360306509,2,5,0,14,0,0,5,0,0,0,1,1,2,1,55,8,998,1,16,7,2,7
2018360306903,1,9,0,12,0,0,0,0,0,0,3,1,5,1,39,7,1598,1,11,9,3,9
2018360306903,2,9,0,18,0,0,0,0,1,4,1,1,5,1,69,10,1998,1,10,6,1,6
2018360307041,1,9,0,1,0,0,0,0,0,0,2,1,6,1,64,9,3628,2,11,1,1,1
2018360307041,2,9,0,3,0,0,0,0,0,0,1,1,6,1,21,5,1984,1,1,1,1,1
2018360307083,1,9,0,9,0,6,0,0,0,0,0,1,2,1,30,6,2184,2,15,4,3,4
2018360307083,2,9,0,4,0,1,0,0,0,0,2,1,5,1,20,4,-1,-1,-1,10,1,10
2018360307083,3,9,0,18,0,1,1,0,0,0,1,1,2,1,45,7,-1,-1,-1,7,3,7
2018360307129,1,9,0,18,0,0,0,0,0,0,3,1,6,2,76,11,1968,2,2,7,3,7
2018360307129,2,9,0,3,0,0,0,0,0,0,1,1,6,1,79,11,1489,1,21,7,1,7
2018360307170,1,9,0,9,0,5,0,0,0,0,4,1,1,1,21,5,1753,2,14,9,1,9
2018360307170,2,5,0,16,0,1,0,0,0,0,1,1,5,1,26,6,599,1,15,8,1,8
2018360307196,1,9,0,9,0,5,1,0,0,0,4,1,3,2,31,6,1360,1,12,3,2,3
2018360307196,2,11,0,18,0,8,0,0,0,0,1,1,1,2,57,9,4580,2,10,5,3,5
2018360307257,1,9,0,18,0,0,0,0,0,0,1,1,5,2,88,11,1339,1,9,9,1,9
2018360307314,1,9,0,9,0,8,0,0,0,0,4,1,5,2,17,4,998,1,17,8,1,8
2018360307314,2,9,0,18,0,8,0,0,0,0,1,1,5,2,43,7,1229,1,7,6,3,6
2018360307557,1,9,0,18,0,0,0,0,0,0,3,1,1,2,22,5,1240,1,14,4,2,4
2018360307557,2,9,0,18,0,0,0,0,0,0,3,1,1,1,49,8,-1,3,-1,7,3,7
2018360307796,1,9,0,18,0,0,0,0,0,0,1,1,6,1,93,11,1598,1,8,10,1,10
2018360307796,2,9,0,18,0,0,0,0,0,0,4,1,6,1,40,7,1984,2,7,5,1,5
2018360308079,1,9,0,14,0,0,0,0,0,0,3,1,5,1,29,6,1197,1,1,7,2,7
2018360308079,2,5,0,18,0,0,2,0,0,0,1,1,5,1,30,6,599,1,13,2,1,2
2018360308173,1,9,5,18,0,2,0,0,0,0,1,1,2,2,25,5,1360,1,13,9,2,9
2018360308173,2,9,5,18,0,1,1,0,0,0,1,1,2,2,42,7,1061,1,15,2,1,2
2018360308214,1,9,0,1,0,0,0,0,0,0,3,1,5,2,83,11,1299,1,13,10,2,10
2018360308481,1,2,0,18,0,8,2,0,0,0,1,1,5,1,67,10,49,1,3,4,3,4
2018360308719,1,9,0,18,0,0,0,0,0,0,1,1,5,1,37,7,1999,1,17,8,1,8
2018360308860,1,9,0,18,0,2,0,0,0,0,1,1,2,1,35,6,996,1,6,7,1,7
2018360308860,2,9,5,18,0,2,0,0,0,0,3,1,2,2,31,6,998,1,4,10,2,10
2018360308861,1,9,0,1,9,0,0,0,0,0,2,1,6,1,66,10,1198,1,3,6,3,6
2018360308886,1,9,0,18,0,1,0,0,0,0,1,1,2,2,-1,-1,-1,-1,-1,6,1,6
2018360308886,2,9,0,18,0,2,0,0,0,0,3,1,2,1,56,9,1896,2,11,7,1,7
2018360308887,1,9,0,18,0,1,0,0,0,0,1,1,6,2,-1,-1,1968,2,11,2,3,2
2018360308887,2,9,0,4,0,1,0,0,0,0,2,1,6,2,78,11,1598,1,2,4,1,4
2018360308905,1,3,0,4,0,3,2,0,0,0,0,1,5,1,25,5,124,1,16,1,1,1
2018360308905,2,9,0,4,0,3,0,0,0,0,0,1,6,1,63,9,1598,2,3,1,1,1
2018360308949,1,9,0,16,0,0,0,0,7,3,1,1,5,1,19,4,1197,1,3,6,3,6
2018360308995,1,-1,0,18,0,0,0,0,0,0,3,1,6,3,-1,-1,-1,-1,-1,-1,-1,-1
2018360308995,2,1,0,3,0,0,5,0,0,0,3,1,5,1,17,4,-1,-1,-1,2,1,2
2018360309014,1,9,0,2,0,0,0,0,0,0,3,1,6,1,35,6,1995,1,13,7,3,7
2018360309014,2,1,0,18,0,0,0,0,0,0,1,1,6,1,15,3,-1,-1,-1,3,1,3
2018360309016,1,9,0,18,0,0,0,0,0,0,1,1,5,1,21,5,1997,1,24,5,3,5
2018360309016,2,9,0,3,0,0,0,0,1,0,2,1,5,1,41,7,1910,2,11,1,1,1
2018360309046,1,9,0,2,0,1,0,0,0,0,3,1,5,1,50,8,1998,2,14,3,3,3
2018360309046,2,2,0,18,0,1,5,0,0,0,3,1,6,2,46,8,49,1,4,5,3,5
2018360309047,1,9,0,18,0,0,0,0,0,0,3,1,6,3,-1,-1,-1,-1,-1,-1,-1,-1
2018360309047,2,9,0,18,0,0,0,0,0,0,3,1,6,2,45,7,-1,-1,-1,5,2,5
2018360309079,1,5,0,18,0,0,2,0,7,4,1,1,5,1,53,8,999,1,1,7,3,7
2018360309089,1,9,5,18,0,2,0,0,0,0,1,1,5,2,51,8,1498,1,-1,7,1,7
2018360309089,2,9,5,18,0,1,0,0,0,0,3,1,3,1,57,9,2495,2,32,7,3,7
2018360309089,3,9,5,18,0,1,0,0,0,0,1,1,3,1,50,8,-1,-1,-1,9,1,9
2018360309092,1,1,0,9,0,8,5,0,0,0,3,1,5,1,81,11,-1,-1,-1,9,2,9
2018360309112,1,9,0,18,0,1,0,0,0,0,1,1,6,1,75,10,1343,1,16,5,1,5
2018360309112,2,9,0,18,0,1,0,0,0,0,2,1,6,2,50,8,1560,2,4,3,1,3
2018360309114,1,9,0,18,0,1,0,0,0,0,1,1,5,1,27,6,1969,1,1,8,2,8
2018360309114,2,9,0,18,0,1,0,0,0,0,4,1,5,1,69,10,1997,2,1,5,3,5
2018360309166,1,9,0,18,0,0,0,0,0,0,1,1,2,1,52,8,1399,1,10,1,1,1
2018360309166,2,9,0,18,0,0,0,0,0,0,1,1,2,2,53,8,1753,2,12,3,2,3
2018360309223,1,9,0,18,0,0,0,0,0,0,1,1,6,1,35,6,1999,2,1,3,1,3
2018360309223,2,9,0,2,0,0,0,0,0,0,1,1,6,3,-1,-1,-1,-1,-1,-1,-1,-1
2018360309223,3,9,0,2,0,0,1,0,0,0,3,1,6,3,-1,-1,-1,-1,-1,-1,-1,-1
2018360309223,4,9,0,2,9,0,0,0,0,0,2,1,6,3,-1,-1,-1,-1,-1,-1,-1,-1
2018360309228,1,9,0,18,0,8,0,0,1,11,1,1,5,2,51,8,1527,2,17,9,1,9
2018360309272,1,9,0,18,0,0,0,0,1,2,1,1,5,1,74,10,998,1,10,5,1,5
2018360309275,1,9,0,9,0,5,0,0,0,0,4,1,6,1,29,6,1968,2,1,3,1,3
2018360309275,2,1,0,18,4,8,0,0,0,0,1,1,6,2,36,7,-1,-1,-1,5,1,5
2018360309401,1,19,0,13,0,0,0,0,0,0,2,1,2,2,27,6,1560,2,3,7,3,7
2018360309401,2,5,0,18,0,0,0,0,0,0,1,1,2,1,36,7,645,1,6,10,1,10
2018360309401,3,9,0,18,0,0,0,0,0,0,1,1,2,1,18,4,1248,2,7,7,1,7
2018360309403,1,9,0,18,0,8,0,0,0,0,3,1,5,1,19,4,1390,1,12,7,2,7
2018360309403,2,9,0,18,0,1,0,0,0,0,3,1,5,1,41,7,1968,2,-1,6,3,6
2018360309439,1,9,0,18,0,0,0,0,0,0,1,1,5,2,28,6,1968,2,4,8,2,8