Accident_Index,Vehicle_Reference,Vehicle_Type,Towing_and_Articulation,Vehicle_Manoeuvre,Vehicle_Location-Restricted_Lane,Junction_Location,Skidding_and_Overturning,Hit_Object_in_Carriageway,Vehicle_Leaving_Carriageway,Hit_Object_off_Carriageway,1st_Point_of_Impact,Was_Vehicle_Left_Hand_Drive?,Journey_Purpose_of_Driver,Sex_of_Driver,Age_of_Driver,Age_Band_of_Driver,Engine_Capacity_(CC),Propulsion_Code,Age_of_Vehicle,Driver_IMD_Decile,Driver_Home_Area_Type,Vehicle_IMD_Decile
2018360309439,2,9,0,3,0,0,0,0,0,0,2,1,5,2,31,6,1598,1,12,1,1,1
2018360309439,3,9,0,3,0,0,0,0,0,0,2,1,5,1,22,5,1956,2,4,7,1,7
2018360309439,4,9,0,3,0,0,0,0,0,0,2,1,5,1,55,8,-1,-1,-1,3,1,3
2018360309440,1,2,0,18,0,1,1,0,0,0,1,1,5,1,17,4,49,1,6,8,1,8
2018360309440,2,9,0,4,0,1,0,0,0,0,2,1,6,1,34,6,1364,1,-1,2,1,2
2018360309471,1,4,0,18,0,1,0,0,0,0,3,1,5,1,80,11,250,1,5,6,1,6
2018360309471,2,9,0,18,0,8,0,0,0,0,3,1,2,1,27,6,1596,1,15,3,2,3
2018360309475,1,9,0,18,0,1,1,0,0,0,1,1,5,1,20,4,1560,2,6,6,3,6
2018360309475,2,9,0,9,0,6,0,0,0,0,1,1,5,2,28,6,1968,2,1,9,1,9
2018360309562,1,9,0,18,0,0,0,0,0,0,1,1,6,1,77,11,1298,1,7,3,1,3
2018360309562,2,19,0,18,0,0,0,0,0,0,3,1,2,1,55,8,2402,2,11,3,3,3
2018360309644,1,9,0,13,0,0,2,0,7,4,1,1,5,1,38,7,1968,2,9,2,1,2
2018360309644,2,9,0,18,0,0,0,0,0,0,3,1,2,1,55,8,1560,2,7,8,1,8
2018360309671,1,9,0,16,0,0,0,0,0,0,0,1,5,2,31,6,1596,1,17,10,2,10
2018360309671,2,5,0,17,0,0,0,10,0,0,4,1,5,1,67,10,689,1,1,3,1,3
2018360309707,1,9,0,18,0,8,0,0,0,0,4,1,5,2,24,5,1598,2,4,7,1,7
2018360309707,2,9,0,18,0,8,0,0,0,0,1,1,5,1,28,6,2143,2,3,6,1,6
2018360309746,1,9,0,18,0,8,0,0,0,0,4,1,5,2,70,10,1108,1,9,1,1,1
2018360309746,2,9,0,18,0,8,0,0,0,0,3,1,5,2,48,8,1598,2,6,1,1,1
2018360309869,1,9,0,4,0,1,0,0,0,0,1,1,5,1,52,8,3500,1,2,9,2,9
2018360309869,2,9,0,4,0,1,0,0,0,0,2,1,5,2,33,6,1560,2,4,4,2,4
2018360309869,3,9,0,18,0,1,0,0,0,0,0,1,1,1,47,8,2993,2,2,3,2,3
2018360309928,1,17,0,5,0,2,0,0,0,0,0,1,1,1,-1,-1,6788,2,3,4,3,4
2018360309928,2,1,0,18,0,1,2,0,7,0,0,1,5,2,51,8,-1,-1,-1,3,3,3
2018360309952,1,9,0,12,0,4,0,0,0,0,3,1,6,1,28,6,1686,2,7,5,3,5
2018360309952,2,9,0,9,0,8,0,0,0,0,4,1,5,2,22,5,875,1,6,10,2,10
2018360309964,1,9,0,18,0,0,1,0,7,0,1,1,5,2,66,10,1560,2,2,9,1,9
2018360309964,2,98,0,18,0,0,1,0,7,0,1,1,1,1,36,7,-1,-1,-1,4,1,4
2018360309964,3,11,0,18,0,0,0,0,0,0,3,1,1,1,50,8,5338,2,13,4,2,4
2018360310307,1,5,0,18,0,0,1,0,0,0,1,1,6,1,47,8,689,1,2,8,1,8
2018360310307,2,9,4,4,0,0,0,0,0,0,2,1,6,2,37,7,1598,1,12,8,1,8
2018360310311,1,9,0,5,0,2,0,0,0,0,4,1,1,2,37,7,1999,1,9,6,2,6
2018360310311,2,9,0,7,0,1,0,0,0,0,4,1,5,2,70,10,1200,1,4,2,2,2
2018360310355,1,1,0,18,0,1,5,0,0,0,3,1,6,1,-1,-1,-1,-1,-1,1,1,1
2018360310355,2,9,0,4,0,1,0,0,0,0,4,1,1,1,62,9,-1,-1,-1,6,1,6
2018360310359,1,9,0,18,0,0,0,0,0,0,1,1,1,1,42,7,1599,1,13,7,3,7
2018360310404,1,9,0,18,0,1,0,0,0,0,4,1,5,1,43,7,-1,-1,-1,3,2,3
2018360310404,2,1,0,18,0,1,1,0,0,0,3,1,5,1,23,5,-1,-1,-1,9,3,9
2018360310443,1,9,0,9,0,8,0,0,0,0,3,1,1,1,35,6,2143,2,2,8,1,8
2018360310572,1,9,0,18,0,0,1,0,0,0,1,1,1,1,55,8,1968,2,2,1,1,1
2018360310572,2,9,0,18,0,0,0,0,2,11,2,1,6,2,63,9,1242,1,13,5,1,5
2018360310585,1,9,0,9,0,8,0,0,0,0,1,1,1,1,32,6,1999,1,9,9,2,9
2018360310585,2,5,0,18,0,8,5,0,0,0,1,1,1,1,25,5,599,1,17,5,2,5
2018360310600,1,9,0,18,0,0,0,0,0,0,1,1,5,1,64,9,1596,1,12,7,1,7
2018360310600,2,9,0,18,0,0,0,0,0,0,1,1,5,1,79,11,1560,2,1,5,3,5
2018360310618,1,9,0,13,0,0,0,0,0,0,0,1,6,3,-1,-1,-1,-1,-1,-1,-1,-1
2018360310618,2,9,0,18,0,0,1,0,7,0,2,1,5,2,41,7,1389,1,15,2,1,2
2018360310618,3,21,4,4,0,0,0,0,0,0,1,1,1,1,23,5,12902,2,2,1,2,1
2018360310618,4,9,0,4,0,0,0,0,0,0,0,1,6,3,-1,-1,-1,-1,-1,-1,-1,-1
2018360310687,1,19,0,18,0,8,0,0,0,0,1,1,1,1,51,8,1753,2,10,9,1,9
2018360310687,2,9,0,4,0,8,0,0,0,0,2,1,1,1,54,8,1968,2,5,5,2,5
2018360310687,3,9,0,18,0,8,0,0,0,0,1,1,5,2,44,7,1685,2,6,5,3,5
2018360310730,1,5,0,18,0,8,1,0,0,0,1,1,6,1,34,6,600,1,21,1,1,1
2018360310730,2,9,0,9,0,5,0,0,0,0,3,1,6,1,20,4,-1,-1,-1,8,1,8
2018360310781,1,9,0,18,0,0,0,0,0,0,4,1,3,2,36,7,2967,2,8,5,3,5
2018360310793,1,9,0,18,0,0,2,7,1,0,1,1,2,1,29,6,2198,2,9,5,1,5
2018360310857,1,9,0,9,0,0,0,0,0,0,1,1,5,2,42,7,1242,1,12,4,1,4
2018360310857,2,9,0,18,0,0,0,0,0,0,1,1,5,1,30,6,1870,2,12,9,3,9
2018360310908,1,9,0,18,0,0,1,7,7,11,1,1,6,1,27,6,1796,1,11,2,2,2
2018360311090,1,22,0,18,9,0,0,0,0,0,1,1,5,1,91,11,-1,-1,-1,4,1,4
2018360311105,1,9,0,18,0,0,0,0,0,0,1,1,5,2,68,10,1984,1,-1,4,1,4
2018360311106,1,9,0,18,0,0,0,0,0,0,1,1,5,2,80,11,1998,1,16,4,3,4
2018360311132,1,9,0,18,0,0,0,0,0,0,1,1,1,1,39,7,-1,-1,-1,5,3,5
2018360311132,2,9,0,4,0,0,0,0,0,0,2,1,5,1,49,8,1968,2,6,4,2,4
2018360311153,1,9,0,18,0,1,0,0,0,0,1,1,2,1,68,10,1582,2,5,7,3,7
2018360311153,2,19,0,18,0,1,0,0,0,0,1,1,5,2,66,10,1598,2,2,7,3,7
2018360311153,3,9,0,18,0,1,0,0,0,0,2,1,5,2,23,5,1198,1,8,7,3,7
2018360311199,1,9,0,18,0,1,0,0,1,0,1,1,5,2,25,5,1242,1,13,4,1,4
2018360311199,2,9,0,4,0,1,0,0,1,0,2,1,2,1,30,6,2967,2,5,9,-1,9
2018360311199,3,9,0,5,0,1,0,0,0,0,0,1,1,1,31,6,1598,2,1,-1,-1,-1
2018360311217,1,1,0,16,0,1,2,0,0,0,1,1,5,1,17,4,-1,-1,-1,8,1,8
2018360311217,2,9,0,17,0,1,0,0,0,0,3,1,5,1,56,9,2143,2,2,9,3,9
2018360311245,1,9,0,6,0,1,0,0,0,0,3,1,2,1,29,6,1896,2,9,7,1,7
2018360311245,2,5,0,18,0,1,5,0,0,0,1,1,5,1,36,7,1050,1,9,4,3,4
2018360311377,1,9,0,9,0,5,0,0,0,0,1,1,5,2,18,4,1198,1,12,5,1,5
2018360311377,2,9,0,18,0,1,0,0,0,0,1,1,5,1,46,8,1896,2,17,8,1,8
2018360311410,1,9,0,18,0,0,0,0,0,0,4,1,2,2,38,7,1598,1,12,5,2,5
2018360311415,1,9,0,18,0,0,0,0,0,0,1,1,5,1,63,9,1997,2,18,7,2,7
2018360311415,2,3,0,16,0,0,2,0,0,0,2,1,5,1,21,5,124,1,10,5,3,5
2018360311415,3,19,0,3,0,0,0,0,0,0,2,1,1,1,35,6,2400,2,11,3,3,3
2018360311415,4,9,0,3,0,0,0,0,0,0,2,1,5,2,32,6,1999,2,1,8,3,8
2018360311465,1,9,0,18,0,1,0,0,0,0,1,1,6,2,49,8,1997,2,6,9,3,9
2018360311465,2,20,0,10,0,5,0,0,0,0,2,1,1,2,45,7,2143,2,6,4,2,4
2018360311475,1,1,0,18,0,0,5,4,0,0,1,1,5,2,51,8,-1,-1,-1,10,1,10
2018360311475,2,20,1,2,0,0,0,0,0,0,1,1,1,1,24,5,-1,-1,-1,6,1,6
2018360311595,1,9,0,18,0,0,0,0,0,0,1,1,5,2,87,11,999,1,3,10,1,10
2018360311595,2,9,0,2,0,0,0,0,0,0,2,1,5,2,-1,-1,1198,1,13,6,3,6
2018360311641,1,9,0,4,0,1,0,0,0,0,4,1,5,1,37,7,1794,1,23,4,2,4
2018360311641,2,9,0,5,0,6,0,0,0,0,1,1,5,2,25,5,1598,1,14,5,1,5
2018360311757,1,9,0,4,0,0,0,0,1,0,3,1,5,2,20,4,1598,1,13,9,2,9
2018360311757,2,9,5,18,0,0,1,0,0,0,1,1,5,1,20,4,1242,1,14,5,2,5
2018360311882,1,9,0,6,0,0,0,0,0,0,4,1,2,1,58,9,1596,1,11,8,3,8
2018360311882,2,9,0,18,0,0,0,0,0,0,1,1,2,2,24,5,1149,1,6,9,2,9
2018360311888,1,9,0,9,0,8,0,0,0,0,1,1,5,2,49,8,1560,2,9,7,2,7
2018360311888,2,1,0,18,0,8,5,0,0,0,1,1,5,1,45,7,-1,-1,-1,4,1,4
2018360311932,1,9,0,9,0,8,0,0,0,0,1,1,6,2,34,6,1595,1,13,2,1,2
2018360311932,2,5,0,18,0,8,5,0,0,0,1,1,6,1,52,8,748,1,20,5,2,5
2018360312505,1,9,0,17,0,0,0,0,0,0,3,1,5,1,58,9,-1,-1,-1,-1,-1,-1
2018360312505,2,1,0,16,0,0,5,0,1,11,3,1,5,1,60,9,-1,-1,-1,7,1,7
2018360312572,1,9,0,18,0,6,2,0,4,0,4,1,2,1,42,7,1753,2,13,1,1,1
2018360312592,1,9,0,13,0,0,0,0,0,0,1,1,2,1,33,6,1910,2,11,2,3,2
2018360312592,2,9,0,18,0,0,0,0,0,0,1,1,2,1,28,6,2171,1,14,5,1,5
2018360312592,3,9,0,18,0,0,0,0,0,0,3,1,6,1,32,6,1998,8,1,7,1,7
2018360312592,4,9,0,18,0,0,0,0,0,0,1,1,2,1,54,8,1598,2,7,4,1,4
2018360312609,1,1,0,18,0,1,1,0,0,0,3,1,6,1,53,8,-1,-1,-1,9,1,9
2018360312609,2,11,0,18,0,1,0,0,0,0,4,1,1,1,46,8,9360,2,6,10,2,10
2018360312625,1,9,0,18,0,1,0,0,0,0,1,1,2,1,26,6,1398,1,3,10,2,10
2018360312625,2,9,0,18,0,1,0,0,0,0,1,1,2,1,28,6,-1,-1,-1,7,3,7
2018360312639,1,9,0,18,0,1,0,0,0,0,4,1,5,1,68,10,2148,2,11,7,3,7
2018360312642,1,9,0,18,0,0,0,0,0,0,3,1,6,3,-1,-1,-1,-1,-1,-1,-1,-1
2018360312642,2,5,0,13,0,0,0,0,0,0,3,1,1,1,55,8,599,1,18,9,2,9
2018360312677,1,9,0,18,0,0,0,0,0,0,1,1,1,1,64,9,1997,2,13,6,3,6
2018360312704,1,2,0,18,0,1,5,0,0,0,2,1,5,1,16,4,50,1,2,1,1,1
2018360312704,2,9,0,18,0,1,0,0,0,0,3,1,5,1,55,8,1968,2,10,3,1,3
2018360312744,1,9,0,18,0,0,2,10,1,0,1,1,5,2,46,8,1229,1,7,4,1,4
2018360312784,1,9,0,4,0,8,0,0,0,0,2,1,6,2,32,6,1686,2,16,3,1,3
2018360312784,2,9,0,17,0,8,0,0,0,0,1,1,6,2,50,8,-1,-1,-1,-1,-1,-1
2018360312810,1,9,0,15,0,1,0,0,0,0,1,1,5,1,29,6,1390,1,16,4,1,4
2018360312810,2,9,0,9,0,1,0,0,0,0,4,1,5,2,31,6,1998,1,14,4,1,4
2018360312810,3,9,0,3,0,1,0,0,0,0,0,1,5,2,55,8,1396,1,6,6,2,6
2018360312821,1,9,0,5,9,0,0,0,0,0,1,1,6,1,-1,-1,-1,-1,-1,-1,-1,-1
2018360312835,1,9,0,18,0,1,0,0,0,0,1,1,5,2,81,11,1398,1,3,5,3,5
2018360312835,2,9,0,4,0,1,0,0,0,0,2,1,5,2,37,7,1896,2,16,5,2,5
2018360312855,1,9,0,18,0,0,0,0,0,0,1,1,1,2,20,4,1229,1,12,6,3,6
2018360312855,2,19,0,18,0,0,0,0,0,0,4,1,2,1,48,8,1995,2,2,6,3,6
2018360312855,3,9,0,18,0,0,0,0,0,0,1,1,3,2,41,7,-1,-1,-1,10,3,10
2018360313055,1,9,0,18,0,0,1,0,0,0,1,1,1,2,36,7,1800,1,20,4,3,4
2018360313055,2,9,0,18,0,0,0,0,0,0,3,1,1,2,26,6,1339,1,11,1,1,1
2018360313055,3,19,0,18,0,0,0,0,0,0,3,1,1,1,30,6,2198,2,2,5,3,5
2018360313055,4,9,0,18,0,0,0,0,0,0,3,1,6,1,17,4,1149,1,11,3,3,3
2018360313252,1,9,0,18,0,1,1,0,5,6,4,1,5,1,18,4,-1,-1,-1,5,2,5
2018360313392,1,9,0,18,0,0,1,0,0,0,1,1,6,3,-1,-1,-1,-1,-1,-1,-1,-1
2018360313392,2,9,0,18,0,0,0,0,0,0,2,1,1,1,37,7,2993,2,6,7,1,7
2018360313392,3,9,0,18,0,0,0,0,0,0,1,1,5,2,44,7,998,1,4,2,1,2
2018360313396,1,9,0,18,0,0,0,0,0,0,0,1,6,3,-1,-1,-1,-1,-1,-1,-1,-1
2018360313396,2,9,0,18,0,0,5,0,1,10,4,1,2,2,31,6,1390,1,11,1,1,1
2018360313416,1,9,0,18,0,1,0,0,0,0,1,1,5,1,17,4,1299,1,16,6,2,6
2018360313416,2,9,0,18,0,1,0,0,0,0,4,1,5,1,29,6,1998,1,12,6,3,6
2018360313430,1,9,0,18,0,0,0,0,0,0,1,1,5,1,35,6,1299,1,16,1,1,1
2018360313431,1,1,0,18,0,0,2,0,0,0,0,1,6,1,21,5,-1,-1,-1,4,1,4
2018360313431,2,11,0,18,0,0,0,0,0,0,0,1,1,1,40,7,8268,2,17,1,1,1
2018360313474,1,9,0,18,0,0,0,0,0,0,1,1,6,1,47,8,-1,-1,-1,1,1,1
2018360313474,2,9,5,4,0,0,0,0,0,0,2,1,2,1,-1,-1,1995,2,14,10,1,10
2018360313495,1,9,0,18,0,1,0,0,0,0,1,1,6,3,-1,-1,2720,2,12,-1,-1,-1
2018360313495,2,9,0,3,0,1,0,0,0,0,2,1,5,1,35,6,1560,2,6,6,1,6
2018360313504,1,5,0,16,0,0,5,0,0,0,1,1,2,1,25,5,1000,1,9,4,2,4
2018360313504,2,9,0,17,0,0,0,0,0,0,1,1,5,1,27,6,1995,2,8,3,3,3
2018360313561,1,9,0,18,0,0,5,0,1,0,1,1,5,2,32,6,998,1,7,6,3,6
2018360313570,1,17,5,18,0,0,2,0,1,0,0,1,1,1,36,7,6596,2,3,4,3,4
2018360313592,1,19,0,5,0,0,0,0,0,0,1,1,5,2,69,10,2100,1,28,10,1,10
2018360313592,2,9,0,3,0,0,0,0,0,0,2,1,5,2,59,9,1968,2,9,7,3,7
2018360313592,3,9,0,3,0,0,0,0,0,0,2,1,5,1,49,8,1798,1,2,9,2,9
2018360313664,1,9,0,18,0,0,0,0,0,0,1,1,5,1,31,6,-1,-1,-1,9,2,9
2018360313664,2,9,0,18,0,0,0,0,0,0,2,1,5,2,26,6,1596,1,8,6,1,6
2018360313689,1,9,0,18,0,0,0,0,0,0,3,1,6,2,66,10,-1,-1,-1,3,3,3
2018360313689,2,9,0,18,0,0,0,0,0,0,1,1,6,2,27,6,1198,1,6,3,3,3
2018360313692,1,9,0,18,0,1,0,0,1,0,3,1,6,1,-1,-1,999,1,1,-1,-1,-1
2018360313692,2,9,0,18,0,1,0,0,0,0,3,1,2,1,41,7,-1,-1,-1,5,3,5
2018360313694,1,9,0,18,0,0,0,0,0,0,1,1,3,2,33,6,1968,2,13,7,2,7
2018360313694,2,9,0,4,0,0,0,0,0,0,2,1,2,1,46,8,1596,1,11,4,3,4
2018360313694,3,9,0,3,0,0,0,0,0,0,2,1,3,1,62,9,1598,2,2,6,2,6
2018360313706,1,9,0,9,0,0,0,0,0,0,4,1,5,1,69,10,1797,8,3,7,2,7
2018360313706,2,9,0,18,0,0,0,0,0,0,1,1,5,2,19,4,1242,1,4,6,3,6
2018360313717,1,9,0,9,0,5,0,0,0,0,1,1,5,1,37,7,998,1,17,7,3,7
2018360313717,2,1,0,18,0,1,2,0,0,0,1,1,2,1,42,7,-1,-1,-1,7,3,7
2018360313720,1,9,0,1,0,0,0,0,0,0,2,1,6,2,81,11,1296,1,11,6,3,6
2018360313733,1,9,0,18,0,0,0,0,0,0,1,1,6,1,35,6,1910,2,13,4,1,4
2018360313733,2,9,0,18,0,0,0,0,0,0,4,1,5,2,59,9,1388,1,10,4,2,4
2018360313745,1,9,0,12,0,0,0,0,0,0,1,1,5,1,35,6,1896,2,16,6,3,6
2018360313745,2,21,1,18,0,0,0,0,0,0,1,1,1,1,68,10,10837,2,-1,10,1,10
2018360313751,1,9,0,18,0,1,0,0,0,0,1,1,2,1,25,5,1199,1,16,9,3,9
2018360313751,2,1,0,18,0,1,5,0,0,0,1,1,6,1,61,9,-1,-1,-1,7,1,7
2018360313780,1,5,0,18,0,0,5,0,0,0,3,1,2,1,53,8,599,1,19,4,1,4
2018360313780,2,9,0,18,0,0,0,0,0,0,3,1,2,2,19,4,1328,1,14,7,1,7
2018360313794,1,9,0,18,0,8,0,0,0,0,1,1,5,2,64,9,2179,2,6,9,2,9
2018360313794,2,9,0,18,0,1,0,0,0,0,1,1,5,2,73,10,1769,1,16,4,3,4
2018360313833,1,9,0,18,0,1,0,0,0,0,1,1,6,2,-1,-1,-1,-1,-1,-1,-1,-1
2018360313833,2,1,0,18,0,1,0,0,0,0,3,1,1,1,20,4,-1,-1,-1,6,2,6
2018360313841,1,19,0,18,0,0,0,0,0,0,1,1,1,1,26,6,2143,2,1,8,2,8
2018360313841,2,19,0,4,0,0,0,0,0,0,2,1,1,1,54,8,2300,2,22,3,1,3
2018360313857,1,3,0,18,0,0,0,0,0,0,1,1,2,1,25,5,124,1,16,4,2,4
2018360313857,2,9,0,18,0,0,0,0,0,0,2,1,2,2,18,4,1398,1,1,5,1,5
2018360313876,1,9,4,18,0,0,0,0,0,0,4,1,5,2,78,11,1399,1,2,4,3,4
2018360313876,2,9,0,2,0,0,0,0,0,0,3,1,3,2,25,5,1950,2,1,5,-1,5
2018360313880,1,9,0,18,0,0,0,0,0,0,3,1,5,2,45,7,1598,1,12,3,3,3
2018360314151,1,9,0,1,0,0,0,0,0,0,2,1,6,1,64,9,999,1,1,4,3,4
2018360314219,1,9,0,18,0,0,0,0,0,0,0,1,6,2,31,6,1560,2,7,7,3,7
2018360314219,2,11,0,18,0,0,0,0,0,0,0,1,1,1,64,9,6871,2,16,6,1,6
2018360314309,1,9,0,1,0,0,0,0,0,0,2,1,5,1,25,5,2179,2,8,4,1,4
2018360314325,1,9,0,9,0,8,0,0,0,0,1,1,5,2,38,7,1896,2,12,7,1,7
2018360314325,2,9,0,18,0,8,0,0,0,0,1,1,5,1,73,10,1968,2,2,3,1,3
2018360314374,1,9,0,18,0,8,5,0,1,2,3,1,5,2,18,4,1242,1,1,1,1,1
2018360314792,1,9,0,9,0,8,0,0,0,0,1,1,1,2,54,8,1598,1,14,2,1,2
2018360314792,2,1,0,18,0,8,5,0,0,0,1,1,2,2,54,8,-1,-1,-1,10,1,10
2018360314798,1,9,0,18,0,0,0,0,0,0,1,1,2,1,43,7,1461,2,2,3,1,3
2018360314798,2,98,0,18,0,0,1,0,0,0,1,1,1,1,36,7,-1,-1,-1,5,1,5
2018360314798,3,9,0,18,0,0,1,0,0,0,1,1,5,1,82,11,-1,-1,-1,7,3,7
2018360314806,1,9,0,18,0,2,0,0,1,11,1,1,5,1,89,11,1149,1,14,4,3,4
2018360314806,2,90,0,18,0,1,0,0,0,0,3,1,5,1,60,9,-1,-1,-1,4,3,4
2018360314927,1,9,0,18,0,1,1,0,0,0,1,1,5,1,-1,-1,1560,2,3,-1,-1,-1
2018360314927,2,9,0,4,0,1,0,0,0,0,2,1,5,2,29,6,1560,2,5,8,1,8
2018360315026,1,9,0,5,0,0,0,0,0,0,4,1,5,1,41,7,-1,-1,-1,9,1,9
2018360315051,1,9,0,18,0,0,0,0,0,0,1,1,1,1,58,9,-1,-1,-1,1,1,1
2018360315051,2,9,0,4,0,0,0,0,0,0,2,1,1,1,40,7,1910,2,11,7,3,7
2018360315061,1,22,0,18,0,8,5,0,0,0,0,1,5,2,49,8,-1,-1,-1,-1,1,-1
2018360315061,2,9,0,18,0,1,0,0,0,0,0,1,1,1,70,10,1797,8,3,1,1,1
2018360315076,1,9,0,18,0,8,5,0,0,0,1,1,5,1,19,4,1364,1,11,1,1,1
2018360315084,1,9,0,18,0,0,0,0,0,0,3,1,3,2,35,6,1685,2,-1,8,2,8
2018360315148,1,9,0,18,0,0,0,0,0,0,1,1,5,2,33,6,999,1,3,7,3,7
2018360315148,2,9,0,18,0,0,0,0,0,0,2,1,1,1,52,8,-1,-1,-1,6,1,6
2018360315186,1,9,0,18,0,8,0,0,0,0,1,1,5,1,22,5,1995,2,15,5,1,5
2018360315186,2,11,0,18,0,8,0,0,0,0,3,1,5,1,61,9,7300,2,16,7,3,7
2018360315221,1,9,0,18,0,0,0,0,0,0,0,1,2,1,50,8,-1,-1,-1,6,3,6
2018360315221,2,9,0,18,0,0,0,0,0,0,3,1,2,2,34,6,1596,1,8,9,-1,9
2018360315243,1,4,0,4,0,0,2,0,1,0,0,1,5,1,74,10,395,1,37,7,1,7
2018360315250,1,9,0,18,0,0,0,0,0,0,1,1,2,2,22,5,-1,-1,-1,4,3,4
2018360315250,2,9,0,18,0,0,0,0,0,0,1,1,5,1,80,11,1951,2,17,4,3,4
2018360315280,1,9,0,18,0,1,1,0,1,0,1,1,2,1,59,9,-1,-1,-1,6,3,6
2018360315280,2,9,0,10,0,1,0,0,0,0,2,1,2,2,20,4,1343,1,18,6,3,6
2018360315280,3,9,0,18,0,1,0,0,1,0,1,1,1,1,49,8,1499,2,3,7,3,7
2018360315299,1,9,0,18,0,0,0,0,0,0,1,1,5,2,49,8,998,1,5,4,2,4
2018360315299,2,9,0,18,0,0,0,0,0,0,2,1,5,1,41,7,1998,1,13,3,1,3
2018360315299,3,9,0,18,0,0,0,0,0,0,2,1,1,1,32,6,-1,-1,-1,9,1,9
2018360315313,1,9,0,7,0,6,0,0,0,0,0,1,6,3,-1,-1,-1,-1,-1,-1,-1,-1
2018360315313,2,9,0,18,0,1,1,0,0,0,2,1,5,1,31,6,1360,1,14,9,1,9
2018360315313,3,19,0,18,0,1,1,0,0,0,1,1,1,1,30,6,1461,2,7,6,2,6
2018360315337,1,9,0,18,0,1,0,0,0,0,1,1,6,3,-1,-1,-1,-1,-1,-1,-1,-1
2018360315368,1,9,0,9,0,1,0,0,0,0,3,1,5,2,30,6,1596,1,15,5,3,5
2018360315368,2,5,0,13,0,1,5,0,0,0,4,1,5,1,36,7,1050,1,9,6,1,6
2018360315420,1,9,0,5,0,1,0,0,0,0,1,1,2,2,37,7,1198,1,10,1,1,1
2018360315420,2,9,0,18,0,1,1,0,0,0,1,1,5,2,20,4,1360,1,8,10,1,10
2018360315420,3,98,0,2,0,2,0,0,0,0,2,1,6,3,-1,-1,-1,-1,-1,-1,-1,-1
2018360315423,1,9,0,18,0,0,0,0,0,0,3,1,5,1,33,6,2993,2,10,5,-1,5
2018360315423,2,9,0,18,0,0,0,0,0,0,1,1,5,1,34,6,2143,2,2,6,1,6
2018360315437,1,9,0,18,0,0,0,0,0,0,1,1,5,1,23,5,1364,1,10,6,3,6
2018360315446,1,9,0,18,0,8,0,0,0,0,3,1,5,1,70,10,2179,2,5,7,3,7
2018360315446,2,3,0,18,0,8,5,0,0,0,1,1,5,1,21,5,125,1,3,9,1,9
2018360315538,1,5,0,16,0,0,2,0,0,0,4,1,5,1,25,5,675,1,1,7,3,7
2018360315635,1,9,0,16,0,0,0,0,0,0,1,1,2,2,50,8,999,1,16,5,2,5
2018360315635,2,9,0,18,0,0,0,0,0,0,1,1,5,1,77,11,1560,2,7,1,1,1
2018360315656,1,9,0,18,0,0,5,0,0,0,1,1,6,1,76,11,1560,2,5,4,3,4
2018360315678,1,9,0,18,0,4,0,0,0,0,1,1,5,1,58,9,1968,2,7,6,3,6
2018360315678,2,9,0,18,0,4,0,0,0,0,1,1,5,2,47,8,998,1,2,7,2,7
2018360315712,1,9,0,18,0,0,1,0,7,0,4,1,5,1,25,5,1399,2,9,5,1,5
2018360315722,1,9,0,9,0,5,0,0,0,0,4,1,6,1,37,7,1596,1,15,5,3,5
2018360315722,2,9,0,18,0,1,5,0,0,0,1,1,6,1,63,9,-1,-1,-1,4,3,4
2018360315784,1,9,0,18,0,1,0,0,0,0,1,1,6,1,-1,-1,999,1,8,5,3,5
2018360315784,2,9,0,18,0,1,0,0,0,0,2,1,2,1,22,5,1339,1,14,1,1,1
2018360315793,1,9,0,18,0,1,0,0,0,0,4,1,5,2,31,6,1398,2,4,4,3,4
2018360315793,2,19,0,18,0,1,0,0,7,1,1,1,1,1,41,7,1796,7,12,4,2,4
2018360316192,1,17,0,1,0,0,0,0,0,0,2,1,1,3,-1,-1,-1,-1,-1,-1,-1,-1
2018360316192,2,1,0,18,0,0,0,0,0,0,1,1,6,1,39,7,-1,-1,-1,6,1,6
2018360316199,1,9,0,18,0,0,0,0,0,0,1,1,6,1,72,10,3996,1,19,6,-1,6
2018360316218,1,9,0,18,0,1,1,0,1,0,1,1,5,2,39,7,1395,1,1,5,3,5
2018360316218,2,9,0,18,0,1,0,0,0,0,0,1,6,3,-1,-1,-1,-1,-1,-1,-1,-1
2018360316242,1,9,0,18,0,0,1,12,7,0,4,1,1,1,58,9,1896,2,14,1,1,1
2018360316260,1,9,0,18,0,0,0,0,0,0,0,1,6,3,-1,-1,-1,-1,-1,-1,-1,-1
2018360316260,2,1,0,18,4,0,2,10,1,0,0,1,6,1,17,4,-1,-1,-1,1,1,1
2018360316295,1,9,0,18,0,0,0,0,0,0,1,1,6,1,50,8,1599,1,14,9,1,9
2018360316361,1,9,0,18,0,0,0,0,0,0,1,1,6,1,20,4,1995,2,8,7,1,7
2018360316361,2,1,0,18,0,0,0,0,0,0,1,1,6,2,36,7,-1,-1,-1,10,1,10
2018360316398,1,9,0,18,0,1,2,0,0,0,1,1,6,1,39,7,-1,-1,-1,6,1,6