Accident_Index,Vehicle_Reference,Vehicle_Type,Towing_and_Articulation,Vehicle_Manoeuvre,Vehicle_Location-Restricted_Lane,Junction_Location,Skidding_and_Overturning,Hit_Object_in_Carriageway,Vehicle_Leaving_Carriageway,Hit_Object_off_Carriageway,1st_Point_of_Impact,Was_Vehicle_Left_Hand_Drive?,Journey_Purpose_of_Driver,Sex_of_Driver,Age_of_Driver,Age_Band_of_Driver,Engine_Capacity_(CC),Propulsion_Code,Age_of_Vehicle,Driver_IMD_Decile,Driver_Home_Area_Type,Vehicle_IMD_Decile
2018360316398,2,9,0,9,0,2,0,0,0,0,2,1,5,1,36,7,1598,2,5,2,1,2
2018360316493,1,9,0,18,0,2,0,0,0,0,1,1,6,1,24,5,3189,1,10,6,3,6
2018360316582,1,9,0,1,0,1,0,0,0,0,2,1,5,1,61,9,1598,1,7,1,1,1
2018360316599,1,98,0,18,0,0,0,0,0,0,4,1,6,3,-1,-1,-1,-1,-1,-1,-1,-1
2018360316599,2,22,0,18,0,0,0,0,0,0,3,1,6,1,89,11,-1,-1,-1,2,1,2
2018360316621,1,9,0,18,0,2,1,0,0,0,1,1,6,1,27,6,1781,1,14,2,1,2
2018360316621,2,19,0,18,0,2,0,0,0,0,2,1,1,2,51,8,1248,2,10,8,1,8
2018360316627,1,9,0,18,0,2,1,0,0,0,1,1,5,1,27,6,-1,-1,-1,5,3,5
2018360316627,2,9,0,18,0,1,0,0,0,0,1,1,5,1,79,11,1461,2,10,4,3,4
2018360316663,1,9,0,18,0,2,0,0,0,0,2,1,1,1,30,6,998,1,2,5,1,5
2018360316665,1,8,0,18,0,0,0,0,0,0,4,1,1,1,44,7,1685,2,6,4,1,4
2018360316665,2,17,0,18,0,0,0,0,0,0,2,1,1,1,44,7,-1,2,16,2,1,2
2018360316686,1,2,0,18,0,0,2,0,1,4,1,1,5,1,19,4,-1,-1,-1,1,1,1
2018360316732,1,3,0,13,0,8,5,0,0,0,1,1,5,1,21,5,125,1,14,5,3,5
2018360316732,2,9,0,17,0,8,0,0,0,0,1,1,5,1,19,4,1240,1,14,7,1,7
2018360316774,1,9,0,18,0,0,0,0,7,11,1,1,5,1,67,10,1910,2,15,6,2,6
2018360316830,1,9,0,9,0,8,0,0,0,0,1,1,3,2,71,10,1396,1,2,4,3,4
2018360316830,2,19,0,18,0,8,0,0,0,0,3,1,1,1,59,9,2198,2,6,6,2,6
2018360316908,1,9,0,18,0,0,0,0,0,0,1,1,2,1,58,9,1968,2,3,4,1,4
2018360316955,1,9,0,18,0,0,5,0,1,9,1,1,1,1,46,8,999,1,-1,4,1,4
2018360316955,2,9,0,18,0,0,0,0,1,0,1,1,2,1,18,4,999,1,1,5,3,5
2018360317003,1,3,0,16,0,2,2,0,0,0,1,1,6,1,43,7,125,1,1,5,3,5
2018360317003,2,9,0,18,0,1,0,0,0,0,1,1,2,2,48,8,1995,2,10,8,2,8
2018360317128,1,9,0,13,0,0,0,0,0,0,0,1,6,3,-1,-1,-1,-1,-1,-1,-1,-1
2018360317128,2,1,0,18,0,0,1,0,0,0,0,1,5,1,13,3,-1,-1,-1,5,2,5
2018360317192,1,9,0,2,0,0,0,0,0,0,3,1,6,2,40,7,1995,2,15,3,1,3
2018360317192,2,1,0,18,0,0,2,0,0,0,1,1,6,1,46,8,-1,-1,-1,1,1,1
2018360317214,1,9,0,18,0,8,0,0,0,0,4,1,6,2,30,6,-1,-1,-1,2,1,2
2018360317214,2,9,0,18,0,8,0,7,0,0,3,1,6,2,37,7,-1,-1,-1,6,2,6
2018360317245,1,9,0,18,0,0,1,0,0,0,1,1,6,1,41,7,2179,2,11,2,1,2
2018360317245,2,9,0,4,0,0,0,0,0,0,2,1,6,1,44,7,1398,1,2,2,1,2
2018360317255,1,9,0,18,0,0,0,0,0,0,1,1,2,1,28,6,1299,1,13,5,1,5
2018360317255,2,22,0,5,0,0,0,0,0,0,3,1,6,1,80,11,-1,-1,-1,9,2,9
2018360317271,1,9,0,18,0,0,0,0,0,0,1,1,5,2,36,7,1699,1,12,9,3,9
2018360317271,2,9,0,18,0,0,0,0,0,0,1,1,5,1,42,7,1956,2,6,7,3,7
2018360317372,1,9,0,18,0,1,0,0,0,0,1,1,5,2,19,4,875,1,5,9,-1,9
2018360317372,2,9,0,4,0,1,0,0,0,0,2,1,5,2,76,11,998,1,7,4,3,4
2018360317382,1,9,0,18,0,4,1,0,0,0,1,1,5,2,75,10,1360,1,17,6,1,6
2018360317397,1,9,0,18,0,1,0,0,0,0,1,1,5,2,30,6,1149,1,15,1,1,1
2018360317397,2,9,0,4,0,1,0,0,0,0,2,1,5,1,63,9,1560,2,1,7,1,7
2018360317397,3,9,0,4,0,1,0,0,0,0,2,1,5,1,81,11,2597,1,17,3,1,3
2018360317410,1,9,0,9,0,8,0,0,0,0,3,1,5,1,54,8,3960,1,20,6,2,6
2018360317410,2,3,0,18,0,8,5,0,0,0,1,1,5,1,26,6,125,1,1,3,1,3
2018360317588,1,9,0,18,0,4,2,9,0,0,1,1,5,1,49,8,1596,1,14,6,3,6
2018360317627,1,9,0,18,0,0,0,0,0,0,1,1,6,3,-1,-1,1248,2,11,-1,-1,-1
2018360317627,2,9,0,18,0,0,0,0,0,0,3,1,5,1,17,4,1600,2,7,6,3,6
2018360317661,1,9,0,9,0,1,0,0,0,0,3,1,5,2,34,6,1968,2,11,6,1,6
2018360317661,2,9,0,18,0,1,0,0,0,0,1,1,5,1,93,11,1198,1,12,8,2,8
2018360317686,1,9,0,5,0,1,0,0,0,0,1,1,2,2,29,6,1984,1,14,4,1,4
2018360317686,2,1,0,18,0,1,5,0,0,0,1,1,6,2,23,5,-1,-1,-1,4,1,4
2018360317688,1,3,0,18,0,1,0,0,0,0,1,1,5,1,18,4,125,1,1,9,-1,9
2018360317688,2,9,0,9,0,1,0,0,0,0,3,1,1,1,30,6,-1,-1,-1,4,2,4
2018360317691,1,9,0,18,0,0,0,0,0,0,1,1,1,1,34,6,1997,2,11,6,2,6
2018360317733,1,9,0,18,0,0,0,0,1,7,1,1,6,2,34,6,1124,1,17,1,1,1
2018360317752,1,9,0,9,0,2,0,0,0,0,1,1,6,2,39,7,1240,1,12,5,3,5
2018360317752,2,3,0,18,0,1,5,0,0,0,3,1,6,1,21,5,125,1,5,5,3,5
2018360317763,1,9,0,7,0,1,0,0,0,0,1,1,4,2,20,4,1240,1,15,4,1,4
2018360317763,2,1,0,18,0,1,5,0,0,0,1,1,2,1,39,7,-1,-1,-1,10,1,10
2018360317773,1,9,0,2,0,0,0,0,0,0,1,1,5,2,47,8,1461,2,5,10,1,10
2018360317789,1,9,0,18,0,0,0,0,0,0,1,1,5,1,84,11,1948,1,21,5,2,5
2018360317811,1,9,0,18,0,0,0,0,0,0,1,1,6,2,21,5,1388,1,15,4,3,4
2018360317811,2,9,0,4,0,0,0,0,0,0,2,1,6,1,72,10,2995,1,13,9,2,9
2018360317811,3,9,0,6,0,0,0,0,0,0,0,1,6,3,-1,-1,-1,-1,-1,-1,-1,-1
2018360318100,1,9,0,12,0,1,0,0,0,0,1,1,1,1,51,8,1968,2,2,8,3,8
2018360318100,2,9,0,18,0,1,0,0,0,0,4,1,5,1,53,8,1997,2,9,4,1,4
2018360318146,1,5,0,18,0,0,2,0,0,0,3,1,5,1,59,9,649,1,46,10,1,10
2018360318170,1,9,0,18,0,8,0,0,0,0,1,1,5,1,70,10,2996,1,11,5,1,5
2018360318170,2,9,0,18,0,8,0,0,0,0,1,1,5,1,23,5,1896,2,10,2,1,2
2018360318196,1,9,0,18,0,0,0,7,0,0,1,1,5,1,71,10,1870,2,16,6,1,6
2018360318207,1,9,0,5,0,8,0,0,0,0,3,1,2,1,35,6,1390,1,6,7,3,7
2018360318207,2,5,0,18,0,8,5,0,0,0,1,1,2,1,52,8,1170,1,-1,9,3,9
2018360318225,1,9,0,18,0,0,1,0,0,0,1,1,5,1,17,4,1198,1,8,6,2,6
2018360318265,1,9,0,18,0,1,0,0,0,0,1,1,2,2,61,9,1242,1,3,2,2,2
2018360318265,2,9,0,3,0,1,0,0,0,0,2,1,5,2,57,9,1399,2,9,5,1,5
2018360318287,1,9,0,18,0,1,0,0,3,11,1,1,5,2,35,6,1997,2,5,6,2,6
2018360318373,1,9,0,18,0,1,0,0,0,0,1,1,6,2,58,9,1598,1,9,3,1,3
2018360318373,2,9,0,2,0,1,0,0,0,0,2,1,6,3,-1,-1,-1,-1,-1,-1,-1,-1
2018360318373,3,9,0,2,0,1,0,0,0,0,2,1,6,3,-1,-1,-1,-1,-1,-1,-1,-1
2018360318406,1,9,0,9,0,6,0,0,0,0,1,1,2,2,44,7,1598,2,3,4,1,4
2018360318406,2,1,0,18,0,8,0,0,0,0,2,1,6,2,50,8,-1,-1,-1,5,1,5
2018360318486,1,9,0,18,0,6,0,0,0,0,1,1,2,1,26,6,1587,1,12,4,1,4
2018360318486,2,11,0,18,0,8,0,0,0,0,3,1,1,2,58,9,9360,2,6,7,3,7
2018360318492,1,9,0,18,0,0,0,0,0,0,4,1,6,1,24,5,-1,-1,-1,3,2,3
2018360318553,1,9,0,1,0,0,0,0,0,0,2,1,5,1,31,6,2967,2,9,9,1,9
2018360318610,1,9,0,9,0,5,1,0,0,0,4,1,2,1,26,6,1198,1,14,1,1,1
2018360318610,2,9,0,18,0,8,1,0,0,0,1,1,2,2,50,8,999,1,8,5,3,5
2018360318610,3,9,0,3,0,8,0,0,0,0,1,1,3,2,44,7,1598,1,11,3,3,3
2018360318621,1,9,0,18,0,0,0,0,0,0,4,1,5,2,53,8,1598,1,11,1,1,1
2018360318654,1,3,0,4,0,0,2,0,0,0,4,1,2,1,32,6,125,1,3,1,1,1
2018360318757,1,5,0,18,0,8,2,0,0,0,1,1,5,1,67,10,1832,1,14,9,2,9
2018360318757,2,9,0,18,0,8,0,0,0,0,3,1,5,1,60,9,1198,1,5,6,2,6
2018360318791,1,9,0,18,0,0,5,0,1,1,1,1,6,1,34,6,1896,2,15,8,2,8
2018360318820,1,9,0,7,0,1,0,0,0,0,1,1,6,1,62,9,1910,2,10,3,1,3
2018360318820,2,1,0,9,0,1,5,0,0,0,1,1,5,1,66,10,-1,-1,-1,3,1,3
2018360318839,1,5,0,18,0,0,2,0,0,0,1,1,5,2,46,8,798,1,6,4,3,4
2018360318839,2,5,0,18,0,0,2,0,0,0,1,1,5,1,52,8,1050,1,5,8,2,8
2018360318839,3,9,5,18,0,0,1,0,0,0,1,1,5,1,63,9,-1,-1,-1,7,1,7
2018360318861,1,9,0,18,0,8,0,0,0,0,4,1,2,1,19,4,1598,1,12,6,3,6
2018360318861,2,9,0,18,0,8,0,0,0,0,1,1,5,2,53,8,1896,2,15,8,1,8
2018360318869,1,9,0,18,0,0,0,0,0,0,1,1,2,2,63,9,1200,1,1,6,3,6
2018360318869,2,90,0,18,0,0,0,0,0,0,1,1,5,1,61,9,-1,-1,-1,10,1,10
2018360318869,3,9,0,18,0,0,0,0,0,0,3,1,6,2,22,5,1598,1,10,5,2,5
2018360318877,1,9,0,18,0,0,0,0,0,0,1,1,5,2,18,4,1598,2,8,5,1,5
2018360318877,2,9,0,2,0,0,0,0,0,0,2,1,6,3,-1,-1,-1,-1,-1,-1,-1,-1
2018360318918,1,9,0,18,0,0,0,0,0,0,1,1,1,2,31,6,1242,1,8,1,1,1
2018360318918,2,9,0,18,0,0,0,0,0,0,2,1,2,2,22,5,1595,1,-1,6,3,6
2018360319019,1,9,0,9,0,1,0,0,0,0,1,1,5,1,84,11,1200,1,2,6,3,6
2018360319019,2,9,0,18,0,1,0,0,0,0,1,1,2,2,49,8,1242,1,15,4,2,4
2018360319019,3,9,0,18,0,1,0,0,0,0,1,1,1,1,59,9,-1,-1,-1,5,3,5
2018360319042,1,9,0,1,0,0,0,0,0,0,2,1,5,2,29,6,1598,2,8,6,3,6
2018360319042,2,9,0,18,0,0,5,0,0,0,1,1,5,1,49,8,-1,-1,-1,6,3,6
2018360319058,1,9,0,9,0,6,0,0,0,0,1,1,5,1,52,8,1998,1,19,5,1,5
2018360319058,2,3,0,14,0,1,5,0,0,0,4,1,5,1,22,5,124,1,5,8,1,8
2018360319190,1,9,0,18,0,8,0,0,0,0,1,1,5,1,48,8,3436,1,6,7,1,7
2018360319190,2,19,5,9,0,8,0,0,0,0,3,1,1,1,18,4,-1,-1,-1,7,3,7
2018360319222,1,9,0,18,0,0,0,0,0,0,1,1,5,1,23,5,-1,-1,-1,-1,-1,-1
2018360319222,2,21,1,18,0,0,0,0,0,0,1,1,1,1,44,7,10837,2,7,7,2,7
2018360319222,3,9,0,2,0,0,0,0,0,0,2,1,6,3,-1,-1,-1,-1,-1,-1,-1,-1
2018360319222,4,9,0,2,0,0,0,0,0,0,2,1,6,3,-1,-1,-1,-1,-1,-1,-1,-1
2018360319222,5,9,0,2,0,0,0,0,0,0,2,1,6,3,-1,-1,-1,-1,-1,-1,-1,-1
2018360319240,1,9,0,18,0,0,0,0,0,0,4,1,6,1,81,11,1388,1,3,4,3,4
2018360319248,1,9,0,18,0,1,0,0,0,0,1,1,5,2,39,7,1997,2,6,6,1,6
2018360319248,2,9,0,18,0,1,0,0,0,0,2,1,1,2,44,7,1390,1,12,8,1,8
2018360319269,1,90,0,18,0,0,0,0,0,0,1,1,1,2,24,5,2987,2,3,8,1,8
2018360319269,2,9,0,18,0,0,0,0,0,0,2,1,5,1,55,8,1197,1,-1,7,3,7
2018360319293,1,9,0,18,0,8,0,0,0,0,1,1,5,2,46,8,1597,1,21,1,1,1
2018360319293,2,9,0,18,0,8,0,0,0,0,4,1,5,2,28,6,1461,2,7,5,3,5
2018360319293,3,17,4,10,0,8,0,0,0,0,4,1,1,1,63,9,4525,2,1,6,3,6
2018360319293,4,19,0,18,0,1,0,0,0,0,1,1,5,1,52,8,1560,2,3,7,1,7
2018360319554,1,9,0,18,0,8,0,0,0,0,1,1,5,2,72,10,1753,2,9,3,3,3
2018360319554,2,9,0,18,0,8,0,0,0,0,1,1,5,1,61,9,1598,2,4,4,3,4
2018360319929,1,11,0,18,0,0,0,0,0,0,1,1,1,2,71,10,1200,2,12,10,1,10
2018360319947,1,9,0,18,0,0,0,0,0,0,1,1,6,1,26,6,2993,2,1,7,1,7
2018360319947,2,9,0,18,0,0,0,0,0,0,1,1,6,1,63,9,-1,-1,-1,7,1,7
2018360319958,1,9,0,14,0,0,0,0,0,0,4,1,5,1,66,10,1560,2,2,3,1,3
2018360319958,2,98,0,2,0,0,0,0,0,0,0,1,6,3,-1,-1,-1,-1,-1,-1,-1,-1
2018360320029,1,9,0,18,0,0,0,0,0,0,1,1,6,3,-1,-1,2993,2,4,-1,-1,-1
2018360320029,2,9,0,18,0,0,0,0,0,0,1,1,6,1,28,6,1598,2,1,-1,-1,-1
2018360320029,3,9,0,18,0,0,0,0,1,0,1,1,6,2,47,8,2143,2,3,7,3,7
2018360320100,1,9,0,18,0,0,0,0,0,0,1,1,5,1,18,4,1587,1,11,5,3,5
2018360320100,2,9,0,4,0,0,1,0,0,0,2,1,2,1,61,9,1997,1,9,5,1,5
2018360320100,3,9,0,4,0,0,1,0,0,0,2,1,5,1,27,6,1956,2,6,3,1,3
2018360320100,4,9,0,4,0,0,1,0,0,0,2,1,5,1,22,5,1368,1,8,5,1,5
2018360320235,1,9,0,18,0,0,0,0,0,0,1,1,6,2,69,10,999,1,5,5,3,5
2018360320235,2,9,0,18,0,0,0,0,0,0,1,1,6,2,67,10,998,1,6,4,2,4
2018360320453,1,9,0,18,0,0,0,0,0,0,1,1,6,3,-1,-1,-1,-1,-1,-1,-1,-1
2018360320500,1,9,0,9,0,8,0,0,0,0,1,1,6,1,59,9,1797,8,5,3,1,3
2018360320500,2,1,0,18,0,8,0,0,0,0,1,1,6,1,51,8,-1,-1,-1,3,1,3
2018360320530,1,9,0,18,0,4,1,0,0,0,3,1,6,1,47,8,1339,1,12,5,2,5
2018360320530,2,5,0,18,0,8,1,0,0,0,3,1,6,1,70,10,998,1,12,7,2,7
2018360320569,1,9,0,13,0,1,0,0,0,0,4,1,6,3,-1,-1,-1,-1,-1,-1,-1,-1
2018360320569,2,1,0,18,0,1,0,0,0,0,3,1,6,1,31,6,-1,-1,-1,8,1,8
2018360320575,1,9,0,5,0,6,0,0,0,0,1,1,5,2,45,7,1596,1,18,2,1,2
2018360320575,2,9,0,18,0,8,0,0,0,0,1,1,5,1,78,11,-1,-1,-1,7,3,7
2018360320606,1,9,0,18,0,8,0,0,3,0,1,1,5,1,33,6,1598,1,6,2,1,2
2018360320606,2,9,0,17,0,8,0,0,0,0,4,1,1,1,44,7,1798,8,3,7,1,7
2018360320626,1,9,0,17,0,0,0,0,0,0,1,1,5,1,17,4,1149,1,13,8,2,8
2018360320626,2,21,0,16,0,0,0,0,0,0,1,1,1,1,53,8,10677,2,-1,6,2,6
2018360320681,1,9,0,5,0,6,0,0,0,0,3,1,6,1,39,7,1587,1,13,2,3,2
2018360320681,2,97,0,13,0,8,0,0,0,0,1,1,5,1,20,4,-1,-1,-1,1,1,1
2018360320737,1,9,0,18,0,0,1,0,0,0,1,1,5,2,31,6,998,1,11,4,2,4
2018360320737,2,9,0,4,0,0,1,0,0,0,2,1,5,2,18,4,1461,2,6,6,3,6
2018360320737,3,9,0,4,0,0,1,0,0,0,2,1,6,1,26,6,1988,1,18,7,2,7
2018360320737,4,9,0,4,0,0,0,0,0,0,2,1,5,1,65,9,3164,1,29,6,2,6
2018360320789,1,9,0,18,0,1,0,0,0,0,1,1,5,1,27,6,999,1,1,6,3,6
2018360320789,2,9,0,18,0,1,2,10,1,0,3,1,5,1,50,8,1461,2,11,10,1,10
2018360320954,1,17,4,13,0,0,0,0,0,0,1,1,6,1,59,9,-1,-1,-1,5,3,5
2018360320954,2,9,0,18,0,0,0,0,0,0,1,1,6,2,49,8,1587,1,14,8,2,8
2018360320994,1,9,0,18,0,1,1,0,0,0,2,1,2,2,26,6,-1,-1,-1,5,3,5
2018360320994,2,19,0,4,0,1,0,0,0,0,2,1,1,1,28,6,2402,2,12,9,1,9
2018360321020,1,9,0,18,0,0,0,0,0,0,1,1,2,1,50,8,-1,-1,-1,6,2,6
2018360321020,2,9,0,8,0,0,0,0,0,0,2,1,3,2,44,7,1998,1,15,4,3,4
2018360321022,1,9,0,5,0,8,0,0,0,0,0,1,6,3,-1,-1,-1,-1,-1,-1,-1,-1
2018360321022,2,1,0,18,0,8,0,0,0,0,4,1,6,1,19,4,-1,-1,-1,1,1,1
2018360321320,1,9,0,18,0,2,1,0,0,0,1,1,5,1,19,4,1598,1,14,-1,1,-1
2018360321320,2,9,0,18,0,2,0,0,0,0,1,1,1,1,54,8,2993,2,1,10,1,10
2018360321320,3,9,0,18,0,2,0,0,0,0,1,1,1,1,38,7,2993,2,1,10,1,10
2018360321559,1,9,0,18,0,0,0,0,0,0,1,1,2,1,52,8,-1,-1,-1,4,3,4
2018360321559,2,9,0,18,0,0,0,0,0,0,1,1,5,2,74,10,1598,2,5,6,3,6
2018360321590,1,9,0,7,0,2,0,0,0,0,1,1,6,1,30,6,1956,2,4,10,3,10
2018360321590,2,9,0,9,0,2,0,0,0,0,2,1,2,1,33,6,-1,-1,-1,6,3,6
2018360321626,1,9,0,9,8,0,0,0,0,0,1,1,5,1,71,10,1229,1,13,6,3,6
2018360321626,2,9,0,18,0,0,0,0,0,0,4,1,2,1,27,6,1995,2,4,8,3,8
2018360321898,1,9,0,18,0,0,0,0,0,0,3,1,5,1,25,5,698,1,11,7,3,7
2018360321898,2,9,0,18,0,0,0,0,0,0,4,1,5,1,63,9,1242,1,5,7,2,7
2018360321923,1,9,0,18,0,1,0,0,0,0,2,1,5,2,32,6,1598,1,7,8,1,8
2018360321923,2,9,0,18,0,1,0,0,0,0,1,1,6,1,30,6,1560,2,7,7,2,7
2018360321923,3,9,0,18,0,1,0,0,0,0,2,1,6,1,-1,-1,-1,-1,-1,-1,-1,-1
2018360321947,1,9,0,9,0,8,0,0,0,0,3,1,2,2,27,6,1422,2,3,2,3,2
2018360321947,2,1,0,18,0,8,0,0,0,0,1,1,2,1,29,6,-1,-1,-1,6,2,6
2018360321955,1,9,0,18,0,1,0,0,0,0,1,1,2,2,28,6,1242,1,3,6,1,6
2018360321955,2,9,0,3,0,1,0,0,0,0,2,1,2,2,42,7,1597,2,1,6,3,6
2018360321971,1,9,0,18,0,0,0,0,0,0,3,1,5,2,76,11,1998,2,10,5,3,5
2018360321971,2,9,0,18,0,0,0,0,0,0,3,1,5,1,55,8,-1,-1,-1,2,1,2
2018360322024,1,9,0,18,0,8,0,0,0,0,1,1,6,1,39,7,1796,1,12,1,1,1
2018360322024,2,9,0,18,0,8,0,0,0,0,3,1,5,2,33,6,1598,1,14,7,3,7
2018360322024,3,9,0,18,0,8,0,0,0,0,0,1,6,1,46,8,2993,2,4,2,2,2
2018360322050,1,9,0,18,0,0,0,0,0,0,1,1,5,2,38,7,2143,2,7,4,1,4
2018360322050,2,19,0,2,0,0,0,0,0,0,1,1,5,1,38,7,1995,2,1,4,1,4
2018360322050,3,9,0,2,0,0,0,0,0,0,1,1,6,3,-1,-1,-1,-1,-1,-1,-1,-1
2018360322050,4,19,0,2,0,0,0,0,0,0,2,1,5,1,28,6,1868,2,14,4,1,4
2018360322137,1,9,0,17,0,0,0,0,0,0,1,1,5,1,31,6,1590,1,23,3,2,3
2018360322137,2,9,0,16,0,0,0,0,0,0,1,1,6,2,38,7,1598,1,9,9,2,9
2018360322148,1,9,0,18,9,1,0,0,0,0,3,1,6,3,-1,-1,-1,-1,-1,-1,-1,-1
2018360322260,1,9,0,9,0,8,0,0,0,0,1,1,5,2,52,8,1956,2,8,8,1,8
2018360322313,1,9,0,18,0,1,1,0,0,0,1,1,6,1,-1,-1,-1,-1,-1,4,1,4
2018360322313,2,9,0,3,0,1,0,0,0,0,2,1,5,2,28,6,1242,1,10,9,2,9
2018360322358,1,9,0,4,0,0,0,0,0,0,1,1,5,2,45,7,1596,1,8,3,3,3
2018360322358,2,9,0,4,0,0,1,0,0,0,2,1,5,1,53,8,2400,2,5,10,1,10
2018360322358,3,9,0,3,0,0,0,0,0,0,2,1,5,1,91,11,2148,2,12,5,3,5
2018360322384,1,9,0,18,0,0,0,0,0,0,1,1,5,1,65,9,2400,2,4,7,3,7
2018360322384,2,9,0,18,0,0,0,0,0,0,1,1,5,1,44,7,1399,1,2,-1,-1,-1
2018360322384,3,9,0,18,0,0,0,0,0,0,2,1,5,1,60,9,1998,8,3,10,2,10
2018360322421,1,9,0,5,0,6,0,0,0,0,1,1,1,2,46,8,2179,2,4,6,2,6
2018360322421,2,1,0,18,0,8,1,0,0,0,4,1,6,2,62,9,-1,-1,-1,4,2,4
2018360322448,1,9,0,4,0,1,0,0,0,0,2,1,5,2,28,6,1995,2,7,2,1,2
2018360322448,2,9,0,3,0,1,0,0,0,0,1,1,5,2,19,4,1199,1,15,10,3,10
2018360322524,1,3,0,18,0,1,0,0,0,0,1,1,6,1,-1,-1,108,1,2,-1,-1,-1
2018360322524,2,9,0,18,0,1,0,0,0,0,2,1,6,2,36,7,1341,1,14,1,1,1
2018360322631,1,9,0,18,0,0,1,0,0,0,1,1,5,1,20,4,1242,1,12,6,3,6
2018360322646,1,5,0,18,0,0,2,0,0,0,4,1,5,1,61,9,992,1,13,7,2,7
2018360322662,1,9,0,9,0,8,0,0,0,0,3,1,5,2,41,7,1395,1,1,6,1,6
2018360322662,2,9,0,18,0,8,0,0,0,0,1,1,5,1,56,9,3600,1,16,4,3,4
2018360322684,1,5,0,18,0,0,5,0,0,0,1,1,2,1,45,7,805,1,13,2,1,2
2018360322684,2,9,0,18,0,0,0,0,0,0,4,1,2,1,39,7,1995,2,2,8,3,8
2018360322727,1,98,0,18,0,4,0,0,0,0,0,1,6,3,-1,-1,-1,-1,-1,-1,-1,-1
2018360322727,2,3,0,18,0,8,2,0,0,0,4,1,1,1,36,7,108,1,2,1,1,1
2018360322820,1,1,0,18,0,0,0,0,0,0,1,1,6,3,-1,-1,-1,-1,-1,-1,-1,-1
2018360322866,1,9,0,9,0,8,0,0,0,0,1,1,5,1,59,9,1997,1,15,3,2,3
2018360322866,2,9,0,18,0,1,0,0,0,0,3,1,5,1,54,8,1560,2,5,8,3,8
2018360323615,1,4,0,18,0,0,2,0,0,0,1,1,5,1,44,7,248,1,5,7,2,7
2018360323623,1,90,0,18,0,0,0,0,0,0,1,1,5,1,23,5,-1,-1,-1,4,3,4
2018360323623,2,1,0,18,0,0,5,0,0,0,3,1,6,1,49,8,-1,-1,-1,4,3,4
2018360323633,1,9,0,1,0,0,0,0,0,0,0,1,3,2,27,6,1591,1,6,5,1,5
2018360323635,1,9,0,18,0,0,0,0,0,0,1,1,5,1,85,11,2231,2,11,7,2,7
2018360323635,2,9,0,18,0,0,0,0,0,0,1,1,5,1,58,9,2143,2,-1,8,1,8
2018360323635,3,9,0,18,0,0,0,0,0,0,2,1,6,2,37,7,1560,2,11,8,3,8
2018360323874,1,9,0,18,0,1,2,0,5,6,1,1,5,2,21,5,1388,1,14,6,2,6
2018360324046,1,9,0,18,0,0,0,0,0,0,1,1,5,2,27,6,1242,1,8,2,1,2
2018360324046,2,9,0,4,0,0,0,0,0,0,2,1,5,1,68,10,1398,1,8,4,1,4
2018360324092,1,9,0,17,0,0,1,0,1,4,1,1,5,2,26,6,1390,1,11,8,2,8
2018360324170,1,19,0,18,0,0,0,0,0,0,4,1,5,1,27,6,2198,2,1,7,1,7
2018360324170,2,9,0,3,0,0,0,0,0,0,3,1,5,1,72,10,1798,1,8,6,2,6
2018360324170,3,9,0,3,0,0,0,0,0,0,1,1,5,1,67,10,1997,2,11,6,3,6
2018360324177,1,19,0,18,0,6,0,0,0,0,0,2,6,1,66,10,-1,-1,-1,-1,-1,-1
2018360324177,2,1,0,14,0,8,0,0,0,0,0,1,6,1,14,3,-1,-1,-1,6,2,6
2018360324270,1,1,0,18,0,0,0,0,0,0,1,1,6,1,40,7,-1,-1,-1,2,1,2
2018360324270,2,9,0,2,0,0,0,0,0,0,4,1,6,3,-1,-1,-1,-1,-1,-1,-1,-1
2018360324341,1,9,0,5,0,8,0,0,0,0,0,1,6,3,-1,-1,-1,-1,-1,-1,-1,-1
2018360324341,2,9,0,18,0,1,0,0,0,0,1,1,5,1,61,9,-1,-1,-1,9,2,9
2018360324341,3,98,0,18,0,1,0,0,0,0,2,1,1,1,29,6,-1,-1,-1,5,1,5
2018360324384,1,9,0,9,0,8,0,0,0,0,3,1,6,1,32,6,1968,2,6,5,2,5
2018360324384,2,9,0,18,0,8,0,0,0,0,1,1,2,1,37,7,1968,2,3,3,3,3
2018360324396,1,9,0,18,0,8,0,0,0,0,1,1,6,2,47,8,1149,1,14,1,1,1
2018360324396,2,9,0,18,0,8,0,0,0,0,3,1,6,1,21,5,1951,2,18,7,1,7
2018360324396,3,9,0,18,0,8,0,0,0,0,1,1,6,1,50,8,1998,2,11,6,1,6
2018360324514,1,9,0,18,0,0,0,0,0,0,4,1,5,1,88,11,1398,1,4,10,2,10
2018360324514,2,9,0,2,0,0,0,0,0,0,3,1,6,3,-1,-1,-1,-1,-1,-1,-1,-1
2018360324538,1,19,0,18,0,6,0,0,0,0,1,1,1,1,28,6,1248,2,1,1,1,1
2018360324538,2,9,0,18,0,8,0,0,0,0,4,1,5,1,71,10,1598,2,2,8,3,8
2018360324574,1,9,0,7,0,0,0,0,0,0,1,1,5,2,28,6,1498,1,2,2,1,2
2018360324574,2,1,0,18,0,0,0,0,0,0,1,1,6,2,28,6,-1,-1,-1,3,1,3