Accident_Index,Vehicle_Reference,Vehicle_Type,Towing_and_Articulation,Vehicle_Manoeuvre,Vehicle_Location-Restricted_Lane,Junction_Location,Skidding_and_Overturning,Hit_Object_in_Carriageway,Vehicle_Leaving_Carriageway,Hit_Object_off_Carriageway,1st_Point_of_Impact,Was_Vehicle_Left_Hand_Drive?,Journey_Purpose_of_Driver,Sex_of_Driver,Age_of_Driver,Age_Band_of_Driver,Engine_Capacity_(CC),Propulsion_Code,Age_of_Vehicle,Driver_IMD_Decile,Driver_Home_Area_Type,Vehicle_IMD_Decile
2018360344069,1,3,0,18,0,0,0,0,0,0,4,1,5,1,16,4,-1,-1,-1,7,1,7
2018360344152,1,9,0,13,0,0,1,0,0,0,1,1,5,2,17,4,1240,1,15,10,2,10
2018360344152,2,9,0,18,0,0,0,0,0,0,3,1,5,1,94,11,1596,1,14,8,2,8
2018360344152,3,9,0,18,0,0,0,0,0,0,4,1,5,1,84,11,1206,1,7,10,2,10
2018360344152,4,9,0,18,0,0,0,0,0,0,1,1,5,1,59,9,1598,2,8,8,3,8
2018360344174,1,17,0,18,0,0,0,0,0,0,2,1,1,1,54,8,-1,2,4,7,3,7
2018360344174,2,9,0,18,0,0,0,0,0,0,1,1,6,1,75,10,1199,2,6,6,3,6
2018360344199,1,9,0,18,0,0,0,0,0,0,1,1,5,2,22,5,1995,2,3,-1,-1,-1
2018360344199,2,9,0,4,0,0,0,0,0,0,2,1,5,2,35,6,1339,1,7,3,1,3
2018360344228,1,9,0,10,0,0,0,0,0,0,1,1,5,1,84,11,1390,1,7,4,1,4
2018360344228,2,9,0,18,0,0,0,0,0,0,1,1,2,2,37,7,1397,1,17,6,3,6
2018360344276,1,3,0,18,0,0,0,0,0,0,1,1,5,1,22,5,124,1,11,6,2,6
2018360344276,2,9,0,3,0,0,0,0,0,0,2,1,5,1,48,8,1199,1,16,6,1,6
2018360344284,1,9,0,6,0,8,0,0,0,0,3,1,5,1,77,11,999,1,1,6,1,6
2018360344284,2,5,0,18,0,8,0,0,0,0,1,1,6,1,55,8,689,1,1,6,3,6
2018360344312,1,9,0,18,0,8,0,0,0,0,1,1,5,2,18,4,1242,1,9,9,2,9
2018360344312,2,9,0,18,0,8,0,0,0,0,4,1,5,2,39,7,999,1,3,3,1,3
2018360344314,1,9,0,9,0,8,0,0,0,0,1,1,5,1,29,6,1995,2,10,4,3,4
2018360344314,2,9,0,4,0,8,0,0,1,11,1,1,1,2,50,8,1390,1,12,2,1,2
2018360344325,1,9,0,18,0,0,0,0,0,0,1,1,5,2,26,6,1368,1,11,5,1,5
2018360344325,2,9,0,4,0,0,0,0,0,0,2,1,5,1,27,6,2993,2,10,6,2,6
2018360344325,3,98,0,4,0,0,0,0,0,0,0,1,1,2,42,7,-1,-1,-1,2,2,2
2018360344342,1,9,0,7,0,8,0,0,0,0,1,1,5,2,43,7,1248,2,11,9,1,9
2018360344342,2,9,0,18,0,1,0,0,0,0,1,1,5,1,26,6,1149,1,16,5,3,5
2018360344372,1,8,0,18,0,2,0,0,0,0,1,1,5,1,23,5,1686,2,7,1,1,1
2018360344464,1,9,0,18,0,8,5,0,7,0,1,1,5,1,60,9,1560,2,5,-1,-1,-1
2018360344464,2,9,0,18,0,8,0,0,1,0,1,1,5,2,36,7,1242,1,13,5,2,5
2018360344518,1,9,0,18,0,8,0,0,0,0,1,1,6,1,26,6,1400,1,12,2,1,2
2018360344518,2,3,0,4,0,8,0,0,0,0,2,1,6,1,-1,-1,125,1,8,6,1,6
2018360344518,3,9,0,18,0,1,0,0,0,0,0,1,1,1,26,6,1560,2,6,6,1,6
2018360344548,1,9,0,15,0,0,0,0,1,0,2,1,2,1,29,6,998,1,13,2,1,2
2018360344613,1,9,0,18,0,8,0,0,0,0,4,1,5,1,31,6,998,1,9,9,1,9
2018360344613,2,9,0,18,0,8,0,0,0,0,1,1,2,1,31,6,2521,1,10,6,3,6
2018360344631,1,9,0,18,0,1,0,0,0,0,1,1,5,1,53,8,1686,2,7,4,2,4
2018360344631,2,9,0,9,0,8,0,0,0,0,1,1,5,1,37,7,1896,2,17,6,1,6
2018360344631,3,9,0,3,0,1,0,0,0,0,3,1,5,2,60,9,-1,-1,-1,7,1,7
2018360344631,4,9,0,3,0,1,0,0,0,0,1,1,6,1,30,6,2987,2,8,3,1,3
2018360344676,1,9,0,18,0,0,0,0,0,0,1,1,5,1,49,8,2179,2,10,2,1,2
2018360344846,1,9,0,9,0,0,0,0,0,0,1,1,5,2,84,11,-1,-1,-1,7,2,7
2018360344846,2,21,0,18,0,0,0,0,0,0,1,1,1,1,38,7,-1,-1,-1,2,1,2
2018360344855,1,9,0,18,0,0,1,0,7,0,1,1,6,1,46,8,1124,1,16,-1,-1,-1
2018360344884,1,9,0,18,0,0,1,0,1,3,1,1,6,1,17,4,1242,1,1,6,2,6
2018360344911,1,19,0,9,0,0,0,0,0,0,1,1,6,1,54,8,2299,2,-1,6,1,6
2018360344926,1,9,0,18,0,1,0,0,0,0,1,1,1,1,28,6,-1,-1,-1,5,1,5
2018360344926,2,9,0,3,0,1,0,0,0,0,2,1,6,1,57,9,3222,2,13,1,1,1
2018360344929,1,9,0,9,0,8,5,0,0,0,3,1,5,1,41,7,999,1,-1,4,3,4
2018360344929,2,9,0,18,0,8,0,0,0,0,1,1,3,1,39,7,1998,1,3,5,2,5
2018360344929,3,9,0,8,0,1,0,0,0,0,1,1,3,2,42,7,1598,2,8,4,2,4
2018360344941,1,9,0,18,0,0,0,0,0,0,0,1,6,3,-1,-1,-1,-1,-1,-1,-1,-1
2018360344941,2,1,0,18,0,0,0,0,0,0,1,1,2,1,39,7,-1,-1,-1,7,1,7
2018360344951,1,21,1,18,0,0,2,0,0,0,4,1,1,1,57,9,12777,2,8,2,1,2
2018360344954,1,9,0,18,9,0,0,0,0,0,1,1,5,1,14,3,1242,1,15,9,2,9
2018360344979,1,1,0,9,0,8,0,0,0,0,1,1,5,1,16,4,-1,-1,-1,9,2,9
2018360344979,2,21,0,13,0,8,0,0,0,0,3,1,2,1,33,6,-1,-1,-1,4,2,4
2018360344995,1,9,0,18,0,0,0,0,0,0,1,1,6,3,31,6,1995,2,5,4,3,4
2018360344995,2,9,0,4,0,0,0,0,0,0,2,1,6,2,48,8,2993,2,4,4,3,4
2018360345009,1,9,0,18,0,8,0,0,0,0,1,1,5,1,82,11,2400,2,8,5,1,5
2018360345009,2,3,0,9,0,8,0,0,0,0,3,1,5,1,19,4,108,1,1,1,1,1
2018360345040,1,9,0,18,0,0,0,0,0,0,1,1,5,2,57,9,1896,2,17,8,1,8
2018360345040,2,9,0,4,0,0,0,0,0,0,2,1,1,1,27,6,1397,1,7,9,1,9
2018360345040,3,21,0,4,0,0,0,0,0,0,2,1,6,1,53,8,-1,-1,-1,8,1,8
2018360345060,1,90,0,18,0,0,0,0,0,0,1,1,6,3,16,4,-1,-1,-1,-1,-1,-1
2018360345060,2,9,0,18,0,0,0,0,0,0,2,1,6,2,39,7,998,1,6,7,2,7
2018360345075,1,1,0,4,0,1,0,0,0,0,0,1,6,1,-1,-1,-1,-1,-1,10,1,10
2018360345075,2,9,0,4,0,1,0,0,0,0,0,1,1,1,-1,-1,-1,-1,-1,-1,-1,-1
2018360345133,1,9,0,7,0,8,0,0,0,0,3,1,6,1,64,9,1240,1,13,2,1,2
2018360345133,2,9,0,18,0,8,0,0,0,0,4,1,6,1,31,6,-1,-1,-1,5,1,5
2018360345179,1,9,0,18,0,3,0,0,0,0,1,1,5,2,78,11,-1,-1,-1,8,1,8
2018360345179,2,9,0,18,0,2,0,0,0,0,1,1,5,1,32,6,2179,2,6,8,3,8
2018360345280,1,9,0,18,0,8,0,0,0,0,3,1,5,2,18,4,1242,1,5,6,1,6
2018360345280,2,9,0,18,0,8,1,0,0,0,1,1,5,1,28,6,1896,2,16,6,3,6
2018360345318,1,9,0,9,0,8,0,0,0,0,1,1,5,2,29,6,1390,1,3,8,3,8
2018360345318,2,1,0,18,0,8,0,0,0,0,1,1,5,1,42,7,-1,-1,-1,8,1,8
2018360345344,1,23,0,18,0,0,1,0,0,0,0,1,2,1,35,6,108,1,2,4,2,4
2018360345350,1,9,0,18,0,0,0,0,0,0,3,1,2,2,55,8,1910,2,10,6,3,6
2018360345350,2,21,4,18,0,0,0,0,0,0,3,1,1,1,64,9,12809,2,3,5,3,5
2018360345371,1,9,0,18,0,0,0,0,0,0,1,1,2,1,27,6,1461,2,10,6,3,6
2018360345512,1,9,0,18,0,0,0,0,0,0,1,1,5,1,18,4,1422,2,14,1,1,1
2018360345519,1,9,0,18,0,0,0,0,0,0,1,1,2,1,61,9,-1,-1,-1,4,3,4
2018360345519,2,9,0,4,0,0,0,0,0,0,2,1,2,2,57,9,1398,1,7,8,1,8
2018360345519,3,9,0,4,0,0,0,0,0,0,2,1,5,1,23,5,1596,1,3,2,1,2
2018360345544,1,9,0,18,0,0,1,0,1,0,1,1,2,1,23,5,1242,1,17,4,3,4
2018360345570,1,9,0,18,0,1,0,0,0,0,2,1,5,2,42,7,1997,2,8,5,2,5
2018360345570,2,9,0,18,0,1,0,0,0,0,3,1,5,2,44,7,1999,2,2,7,3,7
2018360345570,3,9,0,18,0,1,0,0,0,0,2,1,1,1,51,8,1685,2,2,9,3,9
2018360345570,4,9,0,18,0,1,0,0,0,0,1,1,5,2,67,10,1339,1,12,9,2,9
2018360345570,5,21,4,18,0,1,0,0,0,0,3,1,1,1,47,8,11705,2,10,7,2,7
2018360345570,6,9,0,18,0,1,0,0,0,0,4,1,5,2,18,4,1349,1,10,8,2,8
2018360345615,1,9,0,5,0,0,0,0,0,0,1,1,6,3,-1,-1,-1,-1,-1,-1,-1,-1
2018360345617,1,21,4,18,0,8,0,0,0,0,1,1,1,1,65,9,12740,2,5,-1,-1,-1
2018360345617,2,9,0,3,0,2,0,0,0,0,2,1,5,1,55,8,1497,1,17,3,3,3
2018360345683,1,9,0,18,0,0,0,0,0,0,1,1,5,2,33,6,1590,1,13,6,1,6
2018360345683,2,9,0,18,0,0,0,0,0,0,3,1,1,1,28,6,2143,2,5,8,1,8
2018360345683,3,9,0,18,0,0,0,0,0,0,1,1,2,1,56,9,1796,1,13,5,3,5
2018360345736,1,9,0,18,0,1,0,0,0,0,1,1,5,1,76,11,1339,1,13,3,1,3
2018360345736,2,9,0,3,0,1,0,0,0,0,2,1,5,2,44,7,1242,1,3,6,3,6
2018360345736,3,9,0,3,0,1,0,0,0,0,2,1,1,1,52,8,1968,2,5,7,1,7
2018360345791,1,4,0,18,0,1,0,0,7,0,4,1,6,1,56,9,471,1,5,4,1,4
2018360345791,2,9,0,18,0,1,0,0,0,0,0,1,6,3,-1,-1,-1,-1,-1,-1,-1,-1
2018360345791,3,9,0,18,0,1,0,0,0,0,0,1,6,3,-1,-1,1388,1,14,-1,-1,-1
2018360345791,4,9,0,18,0,1,0,0,0,0,0,1,6,3,-1,-1,1388,1,14,-1,-1,-1
2018360345794,1,9,0,8,0,8,0,0,0,0,3,1,1,1,23,5,1364,1,-1,2,1,2
2018360345794,2,9,0,18,0,1,0,0,0,0,1,1,5,2,53,8,1598,1,13,5,3,5
2018360346027,1,9,0,10,0,0,0,0,0,0,1,1,5,2,42,7,1896,2,9,4,1,4
2018360346027,2,9,0,18,0,0,0,0,0,0,1,1,5,2,23,5,1600,1,6,8,1,8
2018360346069,1,98,1,18,0,0,0,0,0,0,4,1,6,3,-1,-1,-1,-1,-1,-1,-1,-1
2018360346069,2,1,0,18,0,0,0,0,0,0,3,1,1,1,29,6,-1,-1,-1,4,2,4
2018360346072,1,9,0,18,0,8,0,0,0,0,1,1,2,1,61,9,1399,1,2,4,2,4
2018360346072,2,1,0,18,0,8,0,0,0,0,4,1,6,2,52,8,-1,-1,-1,3,1,3
2018360346104,1,11,0,1,0,0,0,0,0,0,0,1,1,1,49,8,12000,2,10,3,1,3
2018360346104,2,3,0,18,0,0,2,0,0,0,0,1,2,1,28,6,124,1,7,6,3,6
2018360346119,1,9,0,10,0,8,0,0,0,0,1,1,1,2,29,6,1388,1,8,8,2,8
2018360346119,2,9,0,7,0,8,0,0,0,0,3,1,5,2,22,5,1598,1,8,10,2,10
2018360346132,1,9,0,7,0,8,5,0,0,0,1,1,6,2,27,6,1242,1,8,10,1,10
2018360346171,1,9,0,18,0,0,0,0,0,0,4,1,5,1,85,11,1499,1,1,7,2,7
2018360346171,2,1,0,18,0,0,0,0,0,0,0,1,5,2,45,7,-1,-1,-1,10,3,10
2018360346189,1,9,0,18,0,0,0,0,0,0,0,1,5,2,76,11,999,1,2,8,2,8
2018360346189,2,1,0,18,0,0,0,0,0,0,2,1,6,1,56,9,-1,-1,-1,8,3,8
2018360346210,1,21,0,18,0,0,0,0,0,0,0,1,6,3,-1,-1,-1,-1,-1,-1,-1,-1
2018360346210,2,5,0,18,0,0,0,0,0,0,0,1,5,1,18,4,125,1,3,10,2,10
2018360346234,1,9,0,18,0,1,1,0,0,0,1,1,5,2,51,8,1399,2,10,3,3,3
2018360346234,2,9,0,3,0,1,0,0,0,0,2,1,5,2,59,9,999,1,-1,4,1,4
2018360346234,3,9,0,10,0,1,0,0,0,0,2,1,5,1,29,6,1986,2,13,8,3,8
2018360346236,1,9,0,18,0,3,2,0,1,0,1,1,5,1,25,5,2494,1,20,7,1,7
2018360346538,1,9,0,9,0,8,0,0,3,1,3,1,1,1,59,9,-1,-1,-1,8,3,8
2018360346538,2,9,0,18,0,8,0,0,0,0,1,1,6,2,29,6,1781,1,16,2,1,2
2018360346577,1,9,0,16,0,0,0,11,0,0,1,1,6,1,29,6,1896,2,16,9,2,9
2018360346577,2,90,4,2,0,0,0,0,0,0,2,1,6,3,-1,-1,-1,-1,-1,-1,-1,-1
2018360346588,1,9,0,18,0,1,0,0,0,0,1,1,6,2,44,7,1560,2,4,7,3,7
2018360346593,1,21,0,1,0,0,0,0,0,0,2,1,1,1,-1,-1,-1,-1,-1,2,1,2
2018360346620,1,9,0,18,0,8,0,0,0,0,1,1,5,2,39,7,1596,1,12,2,1,2
2018360346620,2,1,0,18,0,8,0,0,0,0,2,1,6,1,39,7,-1,-1,-1,2,1,2
2018360346694,1,9,0,18,0,0,0,0,0,0,1,1,5,1,30,6,1686,2,8,9,2,9
2018360346694,2,9,0,4,0,0,0,0,0,0,2,1,5,2,34,6,1753,2,10,6,3,6
2018360346799,1,9,0,17,0,1,0,0,0,0,1,1,2,1,52,8,1753,2,9,2,2,2
2018360346799,2,9,0,3,0,1,0,0,0,0,2,1,5,2,58,9,1399,2,9,9,1,9
2018360346805,1,9,0,18,0,0,0,0,0,0,3,1,5,1,45,7,1984,1,1,3,3,3
2018360346805,2,9,0,18,0,0,0,0,0,0,3,1,6,1,48,8,1582,2,3,7,2,7
2018360346849,1,9,0,18,0,1,0,0,0,0,4,1,5,2,78,11,1360,1,16,7,1,7
2018360346874,1,9,0,18,0,0,0,0,0,0,4,1,6,1,33,6,1108,1,10,8,-1,8
2018360346899,1,3,0,18,0,0,2,0,7,0,1,1,5,1,19,4,108,1,2,5,3,5
2018360346909,1,9,0,18,0,8,0,0,0,0,1,1,6,1,36,7,1396,1,5,3,2,3
2018360346925,1,9,0,18,0,8,0,0,0,0,3,1,5,2,24,5,1390,1,14,3,3,3
2018360346925,2,21,0,18,0,8,1,0,0,0,1,1,1,1,33,6,-1,-1,-1,3,3,3
2018360346993,1,9,0,5,0,1,0,0,0,0,1,1,6,2,32,6,1968,2,8,6,1,6
2018360346993,2,9,0,3,0,1,0,0,0,0,2,1,6,1,36,7,1399,2,6,6,1,6
2018360347201,1,9,0,7,0,0,0,0,0,0,1,1,1,1,32,6,-1,-1,-1,6,1,6
2018360347439,1,9,0,18,0,0,0,0,3,10,3,1,5,2,81,11,1900,2,19,8,2,8
2018360347439,2,9,0,18,0,0,0,0,0,0,1,1,5,1,28,6,2979,1,18,5,3,5
2018360347483,1,9,0,18,0,1,0,0,0,0,1,1,5,2,39,7,1796,1,9,2,2,2
2018360347483,2,21,4,4,0,1,0,0,0,0,2,1,1,1,64,9,12900,2,6,6,3,6
2018360347500,1,21,4,1,0,8,0,0,0,0,2,1,1,1,62,9,12777,2,2,5,1,5
2018360347500,2,9,0,18,0,1,0,0,0,0,1,1,5,2,57,9,799,2,9,4,3,4
2018360347539,1,9,0,4,0,0,0,0,0,0,1,1,2,1,24,5,1388,1,9,6,3,6
2018360347539,2,9,0,4,0,0,0,0,0,0,2,1,3,2,26,6,1398,1,1,6,2,6
2018360347625,1,9,0,18,0,0,0,0,0,0,1,1,6,1,24,5,1995,2,3,4,1,4
2018360347625,2,9,0,18,0,0,0,0,0,0,2,1,5,1,72,10,1242,1,12,7,1,7
2018360347816,1,19,0,18,0,0,0,0,0,0,3,1,6,1,54,8,2143,2,3,5,3,5
2018360347816,2,2,0,18,0,0,0,0,0,0,4,1,4,1,17,4,50,1,5,6,1,6
2018360347836,1,11,0,18,0,0,0,0,0,0,1,1,1,3,-1,-1,4250,2,8,-1,-1,-1
2018360347836,2,9,0,18,0,0,0,0,0,0,1,1,5,2,24,5,1200,1,-1,2,3,2
2018360348032,1,9,0,18,0,0,0,0,0,0,1,1,5,2,40,7,1598,2,5,8,1,8
2018360348032,2,9,0,4,0,0,0,0,0,0,2,1,5,2,32,6,1596,1,16,10,1,10
2018360348032,3,9,0,4,0,0,0,0,0,0,2,1,5,2,48,8,1798,8,6,3,3,3
2018360348056,1,21,0,1,0,1,0,0,0,0,2,1,1,1,46,8,-1,-1,-1,5,3,5
2018360348056,2,22,0,18,0,1,0,0,0,0,1,1,5,1,76,11,-1,-1,-1,6,2,6
2018360348080,1,9,0,9,0,8,0,0,0,0,1,1,6,3,-1,-1,-1,-1,-1,-1,-1,-1
2018360348080,2,9,0,18,0,8,0,0,0,0,4,1,2,2,22,5,1149,1,14,1,1,1
2018360348136,1,9,0,16,0,0,0,0,0,0,1,1,5,2,82,11,999,1,-1,3,1,3
2018360348136,2,9,0,17,0,0,0,0,0,0,3,1,2,1,29,6,1870,2,12,3,1,3
2018360348136,3,9,0,18,0,0,0,0,0,0,1,1,2,1,29,6,2204,2,13,2,2,2
2018360348150,1,9,0,7,9,0,0,0,0,0,1,1,5,2,80,11,1998,1,19,4,1,4
2018360348150,2,1,0,18,9,0,0,0,0,0,1,1,4,1,11,3,-1,-1,-1,2,1,2
2018360348184,1,9,0,15,0,1,5,0,1,0,4,1,5,1,18,4,1781,1,15,3,1,3
2018360348184,2,9,0,18,0,1,0,0,0,0,0,1,5,2,50,8,1461,2,1,6,3,6
2018360348207,1,9,0,18,0,8,0,0,0,0,3,1,6,1,51,8,-1,-1,-1,7,1,7
2018360348207,2,9,0,18,0,8,0,0,1,0,3,1,6,1,57,9,1499,2,-1,8,1,8
2018360348217,1,9,0,18,0,0,0,0,0,0,1,1,5,1,80,11,1242,1,7,6,2,6
2018360348217,2,9,0,4,0,0,0,0,0,0,2,1,5,2,36,7,1560,2,3,6,2,6
2018360348253,1,9,0,18,0,8,0,0,0,0,3,1,2,1,26,6,1796,1,8,6,1,6
2018360348253,2,19,0,18,0,8,0,0,1,0,1,1,1,1,62,9,2143,2,1,3,1,3
2018360348298,1,9,0,7,0,8,0,0,0,0,1,1,5,1,78,11,1299,1,16,1,1,1
2018360348298,2,9,0,18,0,8,0,0,0,0,1,1,5,2,37,7,2143,2,2,5,1,5
2018360348307,1,9,0,16,0,0,1,0,0,0,1,1,5,1,19,4,1461,2,9,7,3,7
2018360348307,2,21,1,17,0,0,0,0,0,0,3,1,1,1,58,9,4580,2,1,6,2,6
2018360348341,1,9,0,18,0,0,0,0,0,0,3,1,5,2,77,11,1398,1,8,4,2,4
2018360348341,2,9,0,18,0,0,0,0,0,0,3,1,5,1,41,7,-1,-1,-1,6,3,6
2018360348353,1,9,0,5,0,0,0,0,0,0,1,1,1,2,41,7,1339,1,6,8,3,8
2018360348353,2,9,0,18,0,0,0,0,1,0,1,1,5,2,84,11,1896,2,18,10,3,10
2018360348365,1,9,0,7,0,8,0,0,0,0,4,1,5,3,21,5,1198,1,15,2,1,2
2018360348365,2,1,0,18,0,8,0,0,0,0,1,1,5,2,22,5,-1,-1,-1,1,1,1
2018360348370,1,19,0,18,0,0,1,0,0,0,4,1,1,1,37,7,2143,2,-1,5,2,5
2018360348370,2,9,0,18,0,0,0,0,0,0,1,1,5,1,26,6,1499,1,13,4,2,4
2018360348370,3,9,0,18,0,0,0,0,0,0,1,1,5,1,34,6,1998,1,2,6,2,6
2018360348388,1,9,0,18,0,0,0,0,0,0,1,1,5,1,25,5,1798,1,10,4,3,4
2018360348388,2,9,0,18,0,0,0,0,0,0,1,1,5,2,33,6,998,1,9,1,1,1
2018360348405,1,2,0,18,0,0,0,0,0,0,1,1,1,1,16,4,50,1,1,4,1,4
2018360348420,1,3,0,18,0,0,2,0,0,0,0,1,5,2,21,5,124,1,7,10,1,10
2018360348441,1,9,0,7,0,0,0,0,0,0,1,1,6,3,-1,-1,-1,-1,-1,-1,-1,-1
2018360348444,1,9,0,18,0,0,0,0,0,0,4,1,5,1,69,10,1998,1,3,6,2,6
2018360348484,1,9,0,18,0,8,0,0,0,0,1,1,6,1,-1,-1,-1,-1,-1,-1,-1,-1
2018360348484,2,1,0,18,0,8,0,0,0,0,1,1,6,1,55,8,-1,-1,-1,8,2,8
2018360348493,1,9,0,18,0,8,0,0,0,0,1,1,6,1,37,7,2987,2,3,6,1,6
2018360348493,2,21,0,18,0,8,0,0,0,0,3,1,1,1,32,6,2143,2,2,2,1,2
2018360348539,1,9,0,18,0,0,1,7,1,11,1,1,5,2,87,11,998,1,19,4,2,4
2018360348572,1,9,0,4,0,0,0,0,1,0,1,1,5,2,57,9,1968,2,5,4,3,4
2018360348612,1,19,0,18,0,8,0,0,0,0,1,1,1,1,61,9,2299,2,2,4,1,4
2018360348612,2,9,0,3,0,1,0,0,0,0,2,1,5,2,60,9,1242,1,7,3,2,3
2018360348652,1,9,0,9,0,8,0,0,0,0,1,1,5,1,31,6,1596,1,12,5,1,5
2018360348652,2,9,0,18,0,8,0,0,0,0,1,1,1,1,25,5,-1,-1,-1,1,1,1
2018360348683,1,9,0,15,0,0,2,0,1,0,4,1,5,2,19,4,1242,1,2,5,2,5
2018360348701,1,9,0,18,0,0,0,0,0,0,3,1,6,3,-1,-1,2179,2,14,-1,-1,-1
2018360348704,1,1,0,18,0,0,0,0,0,0,1,1,6,1,39,7,-1,-1,-1,1,1,1
2018360348704,2,9,0,18,0,0,0,0,0,0,4,1,6,1,42,7,1242,1,12,5,1,5
2018360348759,1,9,0,18,0,0,2,0,1,0,4,1,2,2,44,7,1598,1,8,6,1,6
2018360348808,1,9,0,18,0,0,0,0,0,0,1,1,6,3,-1,-1,-1,-1,-1,-1,-1,-1
2018360348908,1,9,0,15,0,0,0,0,0,0,2,1,6,1,-1,-1,1991,2,14,-1,-1,-1
2018360348908,2,9,0,18,0,0,0,0,0,0,1,1,1,1,28,6,1598,1,11,1,1,1
2018360348986,1,9,0,18,0,0,0,0,0,0,1,1,6,2,27,6,1798,1,10,2,1,2
2018360348986,2,9,0,18,0,0,0,0,0,0,3,1,5,1,54,8,3200,2,15,3,3,3
2018360348986,3,9,0,4,0,0,0,0,0,0,1,1,5,2,61,9,1242,1,9,7,1,7
2018360349023,1,9,0,2,0,0,0,0,0,0,1,1,5,1,29,6,1360,1,15,5,3,5
2018360349023,2,9,0,18,0,0,0,0,0,0,2,1,5,1,31,6,1560,2,8,3,2,3
2018360349061,1,9,0,16,0,0,1,0,1,0,3,1,2,1,21,5,1686,2,13,3,1,3
2018360349065,1,9,0,18,0,8,0,0,1,0,1,1,6,1,18,4,1995,1,14,7,1,7
2018360349065,2,9,0,18,0,8,0,0,0,0,0,1,6,3,-1,-1,-1,-1,-1,-1,-1,-1
2018360349109,1,11,0,18,0,3,0,0,0,0,0,1,1,2,28,6,5883,2,14,1,1,1
2018360349109,2,9,0,4,0,1,0,0,0,0,2,1,3,2,32,6,1910,2,11,1,1,1
2018360349109,3,9,0,4,0,1,1,0,0,0,3,1,2,2,56,9,999,1,3,9,1,9
2018360349109,4,21,0,4,0,1,1,0,0,0,2,1,1,1,50,8,2143,2,4,1,1,1
2018360349109,5,9,0,4,0,1,1,0,0,0,1,1,1,2,54,8,898,1,-1,2,1,2
2018360349109,6,9,0,4,0,1,1,0,0,0,1,1,2,2,30,6,1299,1,10,7,1,7
2018360349109,7,9,0,4,0,1,0,0,0,0,2,1,6,2,-1,-1,-1,-1,-1,-1,-1,-1
2018360349178,1,9,0,18,0,8,0,0,0,0,3,1,5,1,82,11,-1,-1,-1,5,2,5
2018360349178,2,9,0,18,0,8,0,0,0,0,1,1,5,2,25,5,1200,1,2,4,2,4
2018360349190,1,9,0,16,0,1,5,0,1,0,1,1,5,1,30,6,1461,2,16,3,1,3
2018360349194,1,9,0,9,0,8,0,0,0,0,1,1,6,2,28,6,1296,1,10,4,1,4
2018360349194,2,1,0,18,0,8,0,0,0,0,4,1,6,2,32,6,-1,-1,-1,3,1,3
2018360349225,1,9,0,18,0,0,0,0,0,0,1,1,6,3,-1,-1,-1,-1,-1,-1,-1,-1
2018360349277,1,9,0,9,0,8,0,0,0,0,3,1,5,2,85,11,1240,1,11,4,1,4
2018360349277,2,1,0,18,0,1,5,0,0,0,1,1,5,1,31,6,-1,-1,-1,4,1,4
2018360349280,1,9,0,15,0,0,5,0,0,0,1,1,6,1,53,8,1248,2,4,7,-1,7
2018360349280,2,9,0,18,0,0,0,0,0,0,1,1,2,2,50,8,1796,1,9,5,3,5
2018360349280,3,21,4,2,0,0,0,0,0,0,3,1,1,1,48,8,12809,2,1,7,1,7
2018360349307,1,9,0,18,0,8,0,0,0,0,1,1,6,1,41,7,-1,-1,-1,6,3,6
2018360349307,2,9,0,18,0,8,0,0,0,0,2,1,6,2,22,5,1596,1,6,7,3,7
2018360349355,1,9,0,18,0,0,0,0,0,0,1,1,5,2,21,5,1149,1,10,3,1,3
2018360349355,2,1,0,18,0,0,0,0,0,0,1,1,6,1,18,4,-1,-1,-1,10,1,10
2018360349366,1,9,0,1,0,0,0,0,0,0,2,1,3,1,44,7,1390,1,15,9,1,9
2018360349553,1,9,0,5,0,8,0,0,0,0,1,1,5,2,74,10,1598,1,8,7,3,7
2018360349553,2,9,0,9,0,8,0,0,0,0,4,1,5,2,18,4,1360,1,11,9,1,9
2018360349561,1,9,0,5,0,6,0,0,0,0,4,1,5,2,37,7,1386,1,11,1,1,1
2018360349561,2,9,0,18,0,1,0,0,0,0,1,1,1,1,34,6,2967,2,7,2,1,2
2018360349561,3,20,0,18,0,1,0,0,0,0,3,1,1,1,45,7,-1,-1,-1,1,1,1
2018360349596,1,3,0,17,0,0,1,0,1,11,1,1,6,2,21,5,124,1,7,10,1,10
2018360349837,1,97,0,5,0,0,0,0,0,0,1,1,6,1,-1,-1,-1,-1,-1,-1,-1,-1
2018360349837,2,9,0,2,0,0,0,0,0,0,0,1,1,1,54,8,1399,2,6,6,2,6
2018360349873,1,9,0,18,0,0,2,0,0,0,3,1,5,1,23,5,1199,1,14,7,3,7
2018360349891,1,9,0,18,0,0,0,0,0,0,1,1,2,1,27,6,1997,2,17,6,1,6
2018360349891,2,1,0,18,0,0,0,0,0,0,1,1,5,1,42,7,-1,-1,-1,1,1,1
2018360349925,1,9,0,18,0,0,0,0,7,4,1,1,5,1,23,5,-1,-1,-1,5,3,5
2018360350115,1,9,0,18,0,8,0,0,0,0,1,1,5,1,24,5,1968,2,10,8,1,8