Accident_Index,Vehicle_Reference,Vehicle_Type,Towing_and_Articulation,Vehicle_Manoeuvre,Vehicle_Location-Restricted_Lane,Junction_Location,Skidding_and_Overturning,Hit_Object_in_Carriageway,Vehicle_Leaving_Carriageway,Hit_Object_off_Carriageway,1st_Point_of_Impact,Was_Vehicle_Left_Hand_Drive?,Journey_Purpose_of_Driver,Sex_of_Driver,Age_of_Driver,Age_Band_of_Driver,Engine_Capacity_(CC),Propulsion_Code,Age_of_Vehicle,Driver_IMD_Decile,Driver_Home_Area_Type,Vehicle_IMD_Decile
2018360350115,2,9,0,18,0,8,0,0,0,0,0,1,1,2,24,5,1499,2,2,9,1,9
2018360350131,1,9,0,18,0,0,0,4,0,0,1,1,6,1,29,6,2993,2,2,5,3,5
2018360350131,2,9,0,2,0,0,0,0,0,0,2,1,6,3,-1,-1,-1,-1,-1,-1,-1,-1
2018360350141,1,9,0,9,0,6,0,0,0,0,1,1,1,2,56,9,1956,2,6,4,2,4
2018360350141,2,1,0,18,0,1,0,0,0,0,4,1,5,1,43,7,-1,-1,-1,6,3,6
2018360350215,1,9,0,2,9,1,0,0,7,0,1,1,6,2,58,9,1398,1,-1,2,2,2
2018360350254,1,9,0,16,0,0,0,0,7,0,3,1,5,2,84,11,1349,1,7,4,2,4
2018360350291,1,9,0,18,0,3,0,0,0,0,1,1,5,1,52,8,698,1,13,6,1,6
2018360350291,2,20,4,18,0,1,0,0,0,0,1,1,1,1,31,6,2148,2,12,5,1,5
2018360350309,1,9,0,18,0,0,0,0,1,0,1,1,5,1,19,4,1124,1,16,9,1,9
2018360350315,1,9,0,9,0,8,0,0,0,0,1,1,2,1,44,7,2993,2,11,5,3,5
2018360350315,2,3,0,18,0,1,1,0,0,0,4,1,5,1,19,4,124,1,15,5,3,5
2018360350335,1,9,0,18,0,3,0,0,0,0,3,1,5,2,19,4,1360,1,13,4,2,4
2018360350335,2,5,0,18,0,3,0,0,0,0,1,1,5,1,59,9,1250,1,13,9,1,9
2018360350406,1,9,0,18,0,8,0,0,0,0,3,1,2,2,45,7,1995,2,6,4,3,4
2018360350406,2,9,0,18,0,8,0,0,0,0,4,1,2,2,30,6,998,1,-1,8,3,8
2018360350433,1,9,0,18,0,1,0,0,0,0,1,1,2,1,23,5,998,1,5,9,2,9
2018360350433,2,9,0,4,0,1,1,0,0,0,2,1,2,1,40,7,1968,2,-1,4,1,4
2018360350653,1,9,0,9,0,8,0,0,0,0,1,1,5,1,23,5,1582,2,2,5,3,5
2018360350653,2,9,0,18,0,8,0,0,0,0,1,1,5,2,17,4,1149,1,12,10,1,10
2018360350657,1,19,0,9,0,1,0,0,0,0,1,1,1,2,50,8,2198,2,7,1,1,1
2018360350657,2,9,0,18,0,1,0,0,0,0,1,1,1,1,51,8,2000,1,12,7,3,7
2018360350671,1,9,0,18,0,8,0,0,0,0,1,1,6,1,-1,-1,-1,-1,-1,-1,-1,-1
2018360350671,2,1,0,18,0,8,0,0,0,0,4,1,6,1,20,4,-1,-1,-1,5,1,5
2018360350677,1,21,0,18,0,1,1,0,0,0,1,1,2,1,48,8,-1,-1,-1,9,2,9
2018360350677,2,9,0,18,0,8,0,0,0,0,4,1,2,2,34,6,-1,-1,-1,5,3,5
2018360350677,3,9,0,18,0,1,0,0,0,0,3,1,5,2,39,7,1598,1,3,10,1,10
2018360350747,1,9,0,6,0,0,0,0,0,0,3,1,6,1,44,7,1398,1,4,8,3,8
2018360350747,2,9,0,18,0,0,0,0,0,0,1,1,6,2,72,10,875,1,3,10,1,10
2018360350792,1,9,0,18,0,0,0,0,0,0,0,1,6,1,52,8,1798,1,18,4,3,4
2018360350800,1,9,4,18,0,1,0,0,0,0,1,1,1,1,32,6,1461,2,8,-1,-1,-1
2018360350800,2,9,0,9,0,5,0,0,0,0,2,1,5,2,44,7,1499,2,5,9,2,9
2018360350814,1,9,0,9,0,8,0,0,0,0,3,1,1,1,31,6,-1,-1,-1,8,1,8
2018360350814,2,9,4,18,0,8,0,0,0,0,1,1,5,1,81,11,1896,2,13,4,3,4
2018360350842,1,9,0,5,0,0,0,0,0,0,1,1,6,3,-1,-1,-1,-1,-1,-1,-1,-1
2018360350842,2,1,0,18,0,0,0,0,0,0,4,1,6,1,25,5,-1,-1,-1,1,1,1
2018360350925,1,21,0,4,0,0,1,0,0,0,1,1,1,1,37,7,-1,2,16,10,1,10
2018360350925,2,9,0,18,0,0,0,0,0,0,3,1,5,2,36,7,1198,1,11,10,2,10
2018360351078,1,9,0,18,0,0,0,0,0,0,1,1,5,1,76,11,1248,2,11,6,3,6
2018360351078,2,9,0,18,0,0,0,0,0,0,2,1,2,2,26,6,1968,2,11,5,2,5
2018360351078,3,9,0,18,0,0,0,0,0,0,1,1,5,1,34,6,1596,1,11,10,1,10
2018360351078,4,9,0,18,0,0,0,0,7,0,2,1,5,1,50,8,1461,2,13,8,3,8
2018360351142,1,9,0,18,0,0,0,0,1,4,1,1,5,1,21,5,1360,1,16,8,3,8
2018360351158,1,9,0,18,0,0,0,0,0,0,1,1,6,1,-1,-1,-1,-1,-1,-1,-1,-1
2018360351180,1,9,0,1,0,0,0,0,0,0,2,1,5,1,25,5,2435,1,20,4,1,4
2018360351210,1,9,0,18,0,0,0,0,0,0,4,1,1,1,71,10,2143,2,4,6,2,6
2018360351234,1,9,0,18,0,8,0,0,0,0,1,1,5,1,82,11,999,1,6,8,1,8
2018360351234,2,5,0,18,0,8,0,0,0,0,3,1,5,2,46,8,798,1,6,6,3,6
2018360351581,1,9,0,9,0,8,0,0,0,0,1,1,1,2,63,9,1968,2,9,7,3,7
2018360351581,2,3,0,18,0,8,0,0,0,0,1,1,1,1,18,4,124,1,7,1,1,1
2018360351595,1,9,0,18,0,0,0,0,0,0,1,1,5,1,29,6,1995,1,15,4,2,4
2018360351595,2,21,1,18,0,0,0,0,0,0,2,1,6,1,61,9,10677,2,1,3,1,3
2018360351618,1,1,0,18,0,8,0,0,0,0,1,1,6,2,32,6,-1,-1,-1,3,1,3
2018360351618,2,9,0,18,0,8,0,0,0,0,2,1,5,1,53,8,1598,1,13,10,2,10
2018360351701,1,9,0,11,0,8,0,0,0,0,3,1,5,2,29,6,2688,2,16,1,1,1
2018360351701,2,5,0,18,0,8,0,0,0,0,4,1,5,1,47,8,1002,1,18,1,1,1
2018360351714,1,9,0,18,0,1,0,0,0,0,1,1,5,1,68,10,1598,1,11,7,2,7
2018360351723,1,9,0,18,0,0,2,0,1,0,4,1,5,1,35,6,1363,2,16,6,2,6
2018360351738,1,9,0,18,0,2,2,0,1,0,1,1,5,1,85,11,1796,1,17,5,3,5
2018360351738,2,20,0,18,0,1,0,0,0,0,2,1,1,1,49,8,2998,2,-1,3,1,3
2018360351738,3,9,0,18,0,1,0,0,0,0,1,1,1,1,34,6,1968,2,12,4,1,4
2018360351738,4,19,0,18,0,1,0,0,0,0,4,1,1,1,26,6,1995,2,-1,10,1,10
2018360351738,5,9,0,18,0,1,0,0,0,0,1,1,2,2,25,5,1199,2,4,9,1,9
2018360351754,1,9,0,18,0,2,0,0,0,0,1,1,6,2,74,10,1461,2,4,8,1,8
2018360351754,2,9,0,18,0,1,0,0,0,0,3,1,2,2,27,6,1685,2,1,4,1,4
2018360351781,1,9,0,18,0,8,0,0,0,0,3,1,5,2,59,9,1591,1,2,10,1,10
2018360351781,2,3,0,18,0,8,0,0,0,0,1,1,2,1,47,8,125,1,1,7,3,7
2018360351795,1,22,0,18,9,0,0,0,0,0,4,1,6,1,-1,-1,-1,-1,-1,-1,-1,-1
2018360351865,1,9,0,18,0,8,0,0,0,0,4,1,5,1,60,9,1998,8,2,8,1,8
2018360351865,2,9,0,18,0,8,0,0,0,0,1,1,5,2,86,11,1560,2,8,3,2,3
2018360351924,1,9,0,18,0,0,0,0,4,0,3,1,5,1,22,5,1398,1,1,7,3,7
2018360351924,2,9,0,18,0,0,0,0,4,0,4,1,5,1,53,8,998,1,7,6,3,6
2018360351924,3,9,0,4,0,0,0,0,0,0,1,1,5,1,19,4,1149,1,14,4,1,4
2018360351924,4,9,0,3,0,0,0,0,0,0,2,1,5,1,55,8,2993,2,4,5,3,5
2018360351946,1,9,0,18,0,0,5,0,7,0,3,1,5,1,24,5,1598,1,16,3,3,3
2018360351946,2,9,0,18,0,0,0,0,0,0,0,1,1,1,29,6,1598,2,1,6,2,6
2018360351977,1,9,0,18,0,0,0,0,0,0,1,1,6,1,28,6,1910,2,11,5,2,5
2018360351991,1,9,0,18,0,0,0,0,0,0,3,1,5,2,27,6,1389,1,13,6,1,6
2018360352040,1,9,0,18,0,0,0,0,0,0,1,1,2,1,33,6,1596,1,11,6,2,6
2018360352040,2,9,0,18,0,0,0,0,0,0,2,1,6,1,26,6,-1,-1,-1,6,3,6
2018360352062,1,9,0,18,0,8,0,0,0,0,1,1,5,1,19,4,1149,1,14,4,1,4
2018360352074,1,9,0,18,0,0,0,0,0,0,1,1,5,1,26,6,1995,2,15,2,1,2
2018360352074,2,3,0,15,0,0,0,0,0,0,4,1,2,1,29,6,108,1,1,1,1,1
2018360352081,1,9,0,18,0,1,1,0,0,0,1,1,5,1,42,7,1910,2,10,7,2,7
2018360352096,1,9,0,18,0,0,0,0,0,0,3,1,5,1,46,8,1968,2,2,8,3,8
2018360352096,2,5,0,13,0,0,0,0,0,0,4,1,2,1,47,8,-1,-1,-1,1,1,1
2018360352107,1,9,0,13,0,0,0,0,0,0,4,1,6,1,34,6,2698,2,12,7,2,7
2018360352107,2,9,0,18,0,0,0,0,0,0,2,1,2,2,17,4,1149,1,12,6,2,6
2018360352114,1,9,0,18,0,0,0,0,7,0,3,1,6,2,59,9,1360,1,16,3,1,3
2018360352138,1,9,0,18,0,0,0,0,0,0,1,1,5,2,69,10,1968,2,3,5,3,5
2018360352146,1,9,0,16,0,0,0,0,0,0,1,1,1,1,41,7,-1,-1,-1,4,3,4
2018360352146,2,9,0,17,0,0,0,0,0,0,1,1,1,1,54,8,-1,-1,-1,8,2,8
2018360352158,1,9,0,1,0,0,0,0,0,0,2,1,6,1,41,7,1599,1,15,3,2,3
2018360352158,2,1,0,18,0,0,0,0,0,0,1,1,6,2,22,5,-1,-1,-1,7,3,7
2018360352602,1,9,0,16,0,0,0,0,0,0,0,1,5,1,28,6,1994,2,14,4,1,4
2018360352602,2,19,0,17,0,0,0,0,0,0,3,1,1,1,54,8,1461,2,5,5,3,5
2018360352608,1,9,0,18,0,0,0,0,0,0,1,1,2,1,56,9,1968,2,2,5,3,5
2018360352608,2,9,0,18,0,0,0,0,0,0,1,1,6,1,72,10,1398,2,12,6,2,6
2018360352608,3,9,0,18,0,0,0,0,0,0,1,1,2,2,37,7,1995,2,8,3,1,3
2018360352620,1,19,0,18,0,1,0,0,0,0,1,1,6,3,-1,-1,1868,2,12,-1,-1,-1
2018360352620,2,2,0,18,0,1,0,0,0,0,1,1,5,1,16,4,50,1,9,6,2,6
2018360352633,1,9,0,5,0,0,0,0,0,0,3,1,1,1,55,8,1998,1,-1,8,3,8
2018360352633,2,9,0,18,0,0,0,0,0,0,3,1,2,2,36,7,1248,1,7,4,1,4
2018360352643,1,9,0,18,0,0,0,0,0,0,1,1,6,3,-1,-1,-1,-1,-1,-1,-1,-1
2018360352643,2,9,0,18,0,0,0,0,0,0,2,1,5,2,65,9,1396,1,5,7,2,7
2018360352658,1,9,0,18,0,1,0,0,0,0,3,1,6,3,-1,-1,-1,-1,-1,-1,-1,-1
2018360352658,2,3,0,18,0,1,0,0,0,0,4,1,6,1,26,6,124,1,4,8,3,8
2018360352658,3,9,0,18,0,2,0,0,0,0,1,1,6,1,60,9,1995,2,3,8,3,8
2018360352679,1,9,0,18,0,0,0,0,0,0,2,1,5,1,25,5,1900,2,14,5,1,5
2018360352679,2,9,0,18,0,0,0,0,0,0,1,1,1,1,58,9,-1,-1,-1,1,1,1
2018360352679,3,9,0,18,0,0,0,0,0,0,2,1,5,2,42,7,2199,2,8,7,1,7
2018360352679,4,9,0,18,0,0,0,0,0,0,2,1,5,2,36,7,1560,2,2,8,1,8
2018360352679,5,9,0,18,0,0,0,0,0,0,1,1,5,1,44,7,1991,2,11,5,1,5
2018360352679,6,9,0,18,0,0,0,0,0,0,1,1,5,1,66,10,1968,2,7,-1,1,-1
2018360352679,7,9,0,18,0,0,0,0,0,0,2,1,5,1,42,7,1999,1,7,3,1,3
2018360352679,8,9,0,18,0,0,0,0,0,0,0,1,6,3,-1,-1,-1,-1,-1,-1,-1,-1
2018360352739,1,9,0,18,0,1,0,0,0,0,4,1,5,2,23,5,1461,2,3,3,1,3
2018360352739,2,1,0,18,0,1,0,0,0,0,3,1,2,1,57,9,-1,-1,-1,8,1,8
2018360352883,1,9,0,5,0,0,0,0,0,0,1,1,5,2,56,9,1984,1,11,4,3,4
2018360352883,2,9,0,18,0,0,0,0,0,0,3,1,5,1,23,5,1989,1,18,9,1,9
2018360352895,1,9,0,18,0,0,0,0,1,0,1,1,1,2,20,4,1390,1,18,1,1,1
2018360352895,2,9,0,18,0,0,0,0,0,0,0,1,5,1,60,9,1968,2,1,5,3,5
2018360352908,1,9,0,17,0,0,1,0,7,0,3,1,5,2,33,6,1598,1,17,4,3,4
2018360352928,1,9,0,18,0,1,0,0,0,0,0,1,6,3,-1,-1,-1,-1,-1,-1,-1,-1
2018360352928,2,9,0,18,0,1,0,0,0,0,1,1,5,2,27,6,1596,1,13,7,-1,7
2018360352928,3,9,0,18,0,1,0,0,0,0,1,1,1,2,27,6,998,1,3,9,1,9
2018360352968,1,9,0,18,0,1,0,0,0,0,1,1,5,1,41,7,1685,2,1,3,1,3
2018360352968,2,9,0,3,0,1,0,0,0,0,2,1,5,1,23,5,1461,2,3,7,2,7
2018360353064,1,21,0,17,0,0,0,0,1,0,1,1,5,1,45,7,-1,-1,-1,7,3,7
2018360353076,1,9,0,18,0,0,0,0,0,0,1,1,2,2,55,8,1396,1,7,4,3,4
2018360353094,1,2,0,18,0,0,0,0,0,0,1,1,2,1,31,6,49,1,15,1,1,1
2018360353094,2,9,0,18,0,0,0,0,0,0,3,1,2,1,38,7,2995,1,5,10,2,10
2018360353116,1,9,0,9,0,8,0,0,0,0,3,1,2,1,48,8,1796,1,14,4,1,4
2018360353116,2,9,0,18,0,8,0,0,0,0,1,1,2,2,48,8,1498,1,-1,9,1,9
2018360353120,1,11,0,18,0,8,0,0,0,0,0,1,1,1,34,6,-1,-1,-1,4,1,4
2018360353120,2,9,0,13,0,8,0,0,0,0,0,1,6,3,-1,-1,-1,-1,-1,-1,-1,-1
2018360353157,1,9,0,18,0,0,0,0,0,0,1,1,5,2,23,5,1242,1,19,5,3,5
2018360353157,2,9,0,10,0,0,0,0,1,0,2,1,5,2,64,9,1686,2,13,4,3,4
2018360353201,1,9,0,18,0,0,0,0,0,0,3,1,6,1,68,10,-1,-1,-1,5,3,5
2018360353201,2,9,0,18,0,0,0,0,1,0,3,1,2,1,60,9,1598,2,6,6,2,6
2018360353201,3,9,0,18,0,0,0,0,1,0,3,1,6,1,40,7,1199,1,14,1,1,1
2018360353218,1,5,0,10,0,8,0,0,0,0,3,1,2,1,33,6,1202,1,-1,4,3,4
2018360353218,2,9,0,18,0,8,0,0,0,0,4,1,2,1,32,6,1596,1,11,7,2,7
2018360353224,1,9,0,17,0,0,0,0,7,0,1,1,5,1,36,7,1360,1,18,3,3,3
2018360353241,1,9,0,18,0,8,0,0,0,0,4,1,5,2,79,11,1108,1,13,4,1,4
2018360353241,2,9,0,18,0,8,0,0,0,0,3,1,5,1,72,10,4969,8,10,2,3,2
2018360353287,1,19,0,18,0,0,0,0,0,0,1,1,6,1,63,9,2198,2,6,5,3,5
2018360353287,2,1,0,18,0,0,0,0,0,0,1,1,5,1,54,8,-1,-1,-1,2,1,2
2018360353291,1,9,0,3,0,8,0,0,0,0,1,1,5,2,87,11,1399,1,1,4,3,4
2018360353291,2,9,0,18,0,8,0,0,0,0,4,1,5,2,75,10,1360,1,11,4,3,4
2018360353300,1,9,5,17,0,2,0,0,0,0,1,1,5,2,53,8,2400,2,1,3,3,3
2018360353300,2,3,5,18,0,2,0,0,0,0,1,1,2,1,17,4,125,1,14,6,3,6
2018360353303,1,9,0,18,0,8,0,0,0,0,1,1,5,1,81,11,1560,2,-1,1,1,1
2018360353304,1,9,0,5,0,8,0,0,0,0,1,1,6,1,39,7,1598,2,6,6,-1,6
2018360353304,2,1,0,18,0,8,0,0,0,0,3,1,6,2,36,7,-1,-1,-1,9,1,9
2018360353312,1,9,0,18,0,0,0,0,0,0,1,1,1,1,69,10,2143,2,5,7,2,7
2018360353313,1,-1,0,18,0,1,0,0,0,0,1,1,6,3,-1,-1,-1,-1,-1,-1,-1,-1
2018360353317,1,9,0,18,0,1,0,0,0,0,1,1,5,1,76,11,2435,1,17,4,3,4
2018360353317,2,9,4,5,0,2,0,0,0,0,2,1,1,1,52,8,-1,-1,-1,6,3,6
2018360353324,1,9,0,9,0,0,0,0,0,0,1,1,1,2,46,8,2179,2,4,5,3,5
2018360353324,2,9,0,18,0,0,0,0,0,0,1,1,5,2,28,6,-1,-1,-1,5,2,5
2018360353333,1,9,0,18,0,8,0,0,0,0,1,1,6,1,49,8,1685,2,1,6,3,6
2018360353345,1,3,0,18,0,1,1,0,0,0,1,1,5,1,30,6,124,1,4,9,1,9
2018360353345,2,9,0,18,0,1,0,0,0,0,1,1,5,2,35,6,1995,2,6,2,1,2
2018360353370,1,9,0,18,0,4,0,0,0,0,1,1,6,1,-1,-1,1598,2,6,3,1,3
2018360353370,2,9,0,18,0,8,0,0,0,0,4,1,5,2,24,5,1149,1,10,7,-1,7
2018360353386,1,9,0,5,0,4,0,0,0,0,4,1,1,2,38,7,1461,2,8,2,1,2
2018360353386,2,5,0,18,0,8,0,0,0,0,3,1,5,1,58,9,1470,1,20,3,1,3
2018360353399,1,1,0,18,0,0,0,0,0,0,1,1,1,1,48,8,-1,-1,-1,8,1,8
2018360353399,2,98,0,2,0,0,0,0,0,0,2,1,6,3,-1,-1,-1,-1,-1,-1,-1,-1
2018360353405,1,9,0,18,0,0,0,0,0,0,1,1,6,3,-1,-1,2000,1,12,-1,-1,-1
2018360353405,2,9,0,18,0,0,0,0,0,0,1,1,5,1,28,6,1910,2,11,3,1,3
2018360353626,1,21,0,18,0,1,0,0,0,0,1,1,1,1,28,6,-1,-1,-1,6,2,6
2018360353626,2,9,0,10,0,1,0,0,0,0,2,1,5,2,36,7,1198,1,5,3,3,3
2018360353626,3,9,0,10,0,1,0,0,0,0,2,1,5,2,18,4,1242,1,12,4,3,4
2018360353672,1,9,0,5,0,8,0,0,0,0,1,1,5,1,35,6,1685,2,2,2,1,2
2018360353672,2,1,0,18,0,8,0,0,0,0,1,1,6,1,50,8,-1,-1,-1,7,2,7
2018360353680,1,9,0,18,0,0,0,0,0,0,4,1,1,1,29,6,1753,2,12,1,1,1
2018360353705,1,9,0,7,0,8,0,0,0,0,1,1,2,2,23,5,1598,2,7,3,2,3
2018360353705,2,3,0,18,0,8,0,0,0,0,4,1,2,2,18,4,108,1,1,4,1,4
2018360353755,1,9,0,9,0,5,0,0,0,0,1,1,5,1,46,8,1596,1,11,4,1,4
2018360353755,2,2,0,18,0,1,0,0,0,0,1,1,2,1,19,4,124,1,10,1,1,1
2018360353777,1,9,0,18,0,0,0,0,1,0,4,1,5,1,19,4,1198,1,15,5,2,5
2018360353795,1,9,0,18,0,8,0,0,0,0,1,1,6,1,23,5,1399,2,13,8,2,8
2018360353795,2,21,1,9,0,8,0,0,0,0,2,1,1,1,44,7,12777,2,4,6,1,6
2018360353804,1,9,0,18,0,0,0,0,0,0,1,1,5,1,56,9,-1,-1,-1,6,3,6
2018360353804,2,9,0,4,0,0,0,0,0,0,2,1,6,1,39,7,-1,-1,-1,6,3,6
2018360353834,1,9,0,18,0,0,0,0,0,0,1,1,5,1,31,6,2198,2,13,4,1,4
2018360353834,2,9,0,18,0,0,0,0,0,0,1,1,2,1,26,6,1956,2,7,3,1,3
2018360353837,1,21,0,4,0,0,0,0,0,0,2,1,1,1,65,9,-1,-1,-1,7,1,7
2018360353837,2,9,0,4,0,0,0,0,0,0,1,1,2,2,22,5,1242,1,8,8,-1,8
2018360353837,3,21,0,4,0,0,0,0,0,0,1,1,1,1,23,5,-1,-1,-1,5,1,5
2018360353837,4,9,0,4,0,0,0,0,0,0,2,1,2,2,25,5,1364,1,4,7,1,7
2018360353837,5,9,0,18,0,0,0,0,0,0,1,1,5,2,47,8,1590,1,15,10,3,10
2018360353852,1,11,0,5,0,0,0,0,0,0,0,1,1,1,31,6,9360,2,6,4,1,4
2018360353877,1,9,0,18,0,0,0,0,0,0,1,1,5,2,65,9,1560,2,3,6,3,6
2018360353878,1,9,0,18,0,0,0,0,0,0,1,1,5,2,19,4,1199,1,15,8,3,8
2018360353878,2,9,0,3,0,0,0,0,0,0,2,1,5,2,31,6,1242,1,8,5,3,5
2018360353878,3,19,0,3,0,0,0,0,0,0,2,1,5,1,26,6,2148,2,13,4,1,4
2018360353895,1,9,0,9,0,8,0,0,0,0,1,1,5,2,72,10,1461,2,3,8,1,8
2018360353895,2,1,0,18,0,8,0,0,0,0,3,1,5,1,68,10,-1,-1,-1,10,1,10
2018360353898,1,9,0,18,0,0,0,0,0,0,3,1,5,1,76,11,1560,2,14,2,1,2
2018360353898,2,3,0,18,0,0,0,0,0,0,4,1,5,1,52,8,125,1,1,1,1,1
2018360353922,1,1,0,18,0,0,0,0,0,0,1,1,4,1,13,3,-1,-1,-1,4,1,4
2018360353922,2,9,0,18,0,0,0,0,0,0,1,1,3,2,37,7,1560,2,5,8,1,8
2018360353967,1,9,0,18,0,0,0,0,0,0,4,1,6,1,74,10,1798,8,1,4,1,4
2018360354018,1,9,0,5,0,8,0,0,0,0,1,1,5,1,50,8,2400,1,20,8,1,8
2018360354018,2,9,0,18,0,8,0,0,0,0,1,1,5,1,51,8,1999,2,3,5,3,5
2018360354033,1,98,0,18,0,0,0,0,0,0,0,1,6,3,-1,-1,-1,-1,-1,-1,-1,-1
2018360354033,2,9,0,18,0,0,0,0,0,0,1,1,5,2,60,9,1586,1,-1,6,3,6
2018360354033,3,9,0,18,0,0,0,0,0,0,2,1,5,2,32,6,1991,2,9,9,3,9
2018360354073,1,9,0,18,0,0,0,0,0,0,4,1,5,2,78,11,1388,1,7,4,3,4
2018360354073,2,9,0,2,0,0,0,0,0,0,3,1,6,3,-1,-1,-1,-1,-1,-1,-1,-1
2018360354106,1,9,0,18,0,1,0,0,0,0,1,1,5,2,21,5,1199,1,14,1,1,1
2018360354106,2,9,0,3,0,1,0,0,0,0,2,1,5,1,51,8,2184,2,-1,5,1,5
2018360354127,1,9,0,18,0,8,1,0,0,0,4,1,5,1,20,4,1995,2,8,6,3,6
2018360354141,1,9,0,18,0,0,0,0,0,0,1,1,1,1,46,8,1896,2,14,7,3,7
2018360354141,2,9,0,10,0,0,0,0,0,0,2,1,5,1,55,8,1796,1,15,5,3,5
2018360354142,1,9,0,5,0,6,0,0,0,0,3,1,5,1,72,10,2143,2,4,3,3,3
2018360354142,2,9,0,18,0,8,0,0,0,0,1,1,5,2,59,9,1798,8,1,4,2,4
2018360354147,1,9,0,18,0,3,0,0,0,0,1,1,5,2,37,7,1296,1,10,4,1,4
2018360354147,2,9,0,4,0,3,0,0,0,0,2,1,5,2,23,5,1997,2,8,5,3,5
2018360354147,3,9,0,4,0,3,0,0,0,0,2,1,5,1,55,8,1560,2,6,9,1,9
2018360354158,1,9,0,17,0,0,5,10,0,0,4,1,5,2,22,5,998,1,13,6,3,6
2018360354161,1,9,0,18,0,1,0,0,0,0,1,1,5,2,51,8,1560,2,8,7,3,7
2018360354161,2,9,0,4,0,1,0,0,0,0,2,1,5,1,27,6,-1,-1,-1,10,3,10
2018360354198,1,11,0,15,0,8,0,0,0,0,4,1,1,1,45,7,5132,2,3,3,3,3
2018360354198,2,1,0,18,0,8,0,0,0,0,3,1,2,2,49,8,-1,-1,-1,5,1,5
2018360354250,1,3,0,4,0,0,0,0,0,0,1,1,5,1,23,5,124,1,2,8,1,8
2018360354325,1,9,0,18,0,0,0,0,0,0,1,1,6,1,62,9,1797,8,9,9,2,9
2018360354333,1,9,0,18,0,0,5,0,1,0,4,1,5,1,26,6,-1,-1,-1,8,1,8
2018360354345,1,19,4,11,0,3,0,0,0,0,4,1,1,1,64,9,-1,-1,-1,1,1,1
2018360354345,2,9,0,18,0,3,0,0,0,0,3,1,5,2,65,9,998,1,5,8,1,8
2018360354348,1,9,0,18,0,1,0,0,0,0,1,1,2,2,23,5,1242,1,4,10,3,10
2018360354348,2,9,0,2,6,1,0,0,0,0,2,1,1,1,54,8,-1,-1,-1,1,1,1
2018360354357,1,9,0,18,0,0,0,0,0,0,1,1,5,1,51,8,1598,1,5,7,2,7
2018360354357,2,9,0,3,0,0,0,0,0,0,2,1,1,2,48,8,1248,2,2,2,2,2
2018360354364,1,9,0,15,0,0,0,0,0,0,4,1,6,3,-1,-1,-1,-1,-1,-1,-1,-1
2018360354364,2,1,0,18,0,0,0,0,0,0,1,1,5,1,14,3,-1,-1,-1,1,1,1
2018360354429,1,21,0,4,0,1,0,0,0,0,1,1,1,1,26,6,1968,2,2,5,3,5
2018360354429,2,9,0,4,0,1,0,0,0,0,2,1,1,1,40,7,-1,-1,-1,6,3,6
2018360354468,1,9,0,18,0,0,0,0,7,0,3,1,6,1,42,7,1587,1,13,3,2,3
2018360354562,1,9,0,18,0,0,0,0,0,0,1,1,5,1,70,10,2967,2,4,5,3,5
2018360354562,2,9,0,18,0,0,0,0,0,0,1,1,5,1,24,5,1197,1,2,3,2,3
2018360354567,1,9,0,18,0,0,0,0,7,0,1,1,2,1,50,8,1598,2,3,6,1,6
2018360354571,1,19,0,9,0,8,0,0,0,0,4,1,1,1,32,6,1560,2,-1,8,1,8
2018360354571,2,1,0,18,0,2,0,0,0,0,1,1,5,1,46,8,-1,-1,-1,9,1,9
2018360354579,1,19,0,18,0,4,0,0,0,0,4,1,6,1,67,10,1461,2,1,9,1,9
2018360354579,2,9,0,18,0,4,0,0,0,0,3,1,2,2,61,9,1999,1,11,7,1,7
2018360354717,1,21,0,18,0,0,0,0,0,0,1,1,1,1,38,7,-1,-1,-1,9,3,9
2018360354724,1,9,0,5,0,8,0,0,0,0,1,1,6,2,40,7,1598,1,12,2,1,2
2018360354724,2,9,0,18,0,8,0,0,0,0,3,1,6,1,26,6,2521,1,8,4,3,4
2018360354743,1,9,0,18,0,0,0,0,0,0,1,1,2,1,51,8,998,1,17,2,1,2
2018360354743,2,9,0,4,0,0,0,0,0,0,2,1,5,2,24,5,1598,2,7,8,1,8
2018360354743,3,9,0,4,0,0,0,0,0,0,2,1,5,2,35,6,-1,-1,-1,10,1,10
2018360354751,1,9,0,18,0,0,0,11,0,0,1,1,5,1,32,6,1461,2,-1,5,3,5
2018360354823,1,9,0,18,0,3,1,0,0,0,1,1,5,1,17,4,1360,1,17,7,2,7
2018360354823,2,9,0,18,0,4,0,0,0,0,1,1,5,1,24,5,1598,1,5,5,3,5
2018360354833,1,9,0,9,0,8,0,0,0,0,3,1,2,1,23,5,2993,2,14,5,1,5
2018360354833,2,11,0,18,2,8,0,0,0,0,1,1,1,1,30,6,6696,2,3,5,1,5
2018360354845,1,21,4,18,0,0,0,0,7,0,1,1,1,1,28,6,10837,2,2,3,2,3
2018360354845,2,21,0,4,0,0,0,0,0,0,3,1,2,1,32,6,-1,-1,-1,6,1,6