Accident_Index,Vehicle_Reference,Vehicle_Type,Towing_and_Articulation,Vehicle_Manoeuvre,Vehicle_Location-Restricted_Lane,Junction_Location,Skidding_and_Overturning,Hit_Object_in_Carriageway,Vehicle_Leaving_Carriageway,Hit_Object_off_Carriageway,1st_Point_of_Impact,Was_Vehicle_Left_Hand_Drive?,Journey_Purpose_of_Driver,Sex_of_Driver,Age_of_Driver,Age_Band_of_Driver,Engine_Capacity_(CC),Propulsion_Code,Age_of_Vehicle,Driver_IMD_Decile,Driver_Home_Area_Type,Vehicle_IMD_Decile
2018360354845,3,9,0,4,0,0,0,0,0,0,1,1,5,1,29,6,1995,2,6,7,1,7
2018360354845,4,21,0,4,0,0,0,0,0,0,3,1,1,2,52,8,-1,-1,-1,9,1,9
2018360354845,5,21,0,4,0,0,0,0,0,0,3,1,1,1,48,8,12740,2,1,4,2,4
2018360354850,1,9,0,18,0,0,0,0,0,0,3,1,3,2,41,7,1560,2,4,5,1,5
2018360354859,1,9,0,18,0,8,0,0,0,0,1,1,2,2,35,6,1798,1,4,4,1,4
2018360354859,2,9,0,18,0,8,0,0,0,0,3,1,2,1,67,10,-1,-1,-1,9,2,9
2018360354861,1,9,0,18,0,0,0,0,0,0,1,1,5,1,51,8,1999,1,7,4,3,4
2018360354861,2,1,0,18,0,0,0,0,0,0,1,1,5,1,47,8,-1,-1,-1,7,2,7
2018360354887,1,9,0,9,0,0,0,0,0,0,1,1,6,2,46,8,1199,1,20,3,2,3
2018360354887,2,9,0,18,0,0,0,0,0,0,1,1,5,1,65,9,1198,1,9,4,2,4
2018360354889,1,9,0,18,0,1,0,0,0,0,1,1,2,1,58,9,1956,2,7,5,2,5
2018360354889,2,8,0,18,0,1,0,0,0,0,2,1,1,1,56,9,1598,2,-1,2,1,2
2018360354944,1,9,0,13,0,0,0,0,0,0,1,1,5,1,35,6,1794,1,14,3,1,3
2018360354944,2,9,0,18,0,0,0,0,0,0,1,1,5,1,50,8,1685,2,1,3,1,3
2018360354947,1,9,0,18,0,2,1,0,1,4,1,1,5,1,82,11,1598,2,3,5,3,5
2018360354947,2,9,0,18,0,2,0,0,0,0,4,1,6,1,57,9,2993,2,4,5,3,5
2018360354978,1,8,0,9,0,8,0,0,0,0,1,1,6,1,56,9,1364,2,3,3,1,3
2018360354980,1,9,0,18,0,1,0,0,0,0,1,1,5,1,26,6,1242,1,6,5,2,5
2018360354980,2,9,0,2,0,2,0,0,0,0,2,1,5,2,22,5,999,1,1,1,1,1
2018360354993,1,17,4,15,0,0,0,0,0,0,3,1,1,1,43,7,6788,2,5,1,1,1
2018360354993,2,9,0,18,0,0,0,0,0,0,1,1,1,1,59,9,1686,2,13,3,2,3
2018360354993,3,9,0,2,0,0,0,0,0,0,0,1,5,2,54,8,3311,8,9,7,1,7
2018360354995,1,9,0,18,0,8,0,0,0,0,1,1,2,1,32,6,2191,2,4,3,1,3
2018360354995,2,1,0,18,0,8,0,0,0,0,4,1,5,1,49,8,-1,-1,-1,8,1,8
2018360355009,1,22,0,18,9,0,0,0,0,0,1,1,6,1,-1,-1,-1,-1,-1,-1,-1,-1
2018360355012,1,9,0,9,0,8,0,0,0,0,1,1,5,1,42,7,1198,1,6,5,1,5
2018360355032,1,9,0,5,0,8,0,0,0,0,1,1,5,2,41,7,1242,1,5,9,2,9
2018360355032,2,9,0,18,0,8,0,0,0,0,1,1,2,1,42,7,1198,1,10,2,1,2
2018360355042,1,9,0,17,0,8,2,0,1,10,1,1,1,2,39,7,1896,2,16,4,3,4
2018360355060,1,9,0,5,0,8,0,0,0,0,4,1,5,2,75,10,1198,1,12,5,3,5
2018360355060,2,21,0,18,0,8,0,0,0,0,3,1,1,1,63,9,-1,-1,-1,3,1,3
2018360355153,1,9,0,18,0,0,0,0,0,0,1,1,6,2,47,8,1968,2,3,3,3,3
2018360355153,2,3,0,18,0,0,0,0,0,0,1,1,6,1,19,4,125,1,1,3,3,3
2018360355168,1,9,0,18,0,0,0,0,0,0,1,1,5,2,69,10,2351,1,12,5,3,5
2018360355168,2,9,0,2,0,0,0,0,0,0,4,1,6,3,-1,-1,-1,-1,-1,-1,-1,-1
2018360355195,1,9,0,18,0,0,0,0,0,0,4,1,5,1,37,7,1968,2,2,2,2,2
2018360355195,2,9,0,5,0,0,0,0,0,0,3,1,5,1,19,4,1798,1,43,4,3,4
2018360355195,3,9,0,2,0,0,0,0,0,0,2,1,6,3,-1,-1,-1,-1,-1,-1,-1,-1
2018360355228,1,9,0,1,0,0,0,0,0,0,1,1,6,2,50,8,2184,2,13,5,3,5
2018360355277,1,9,0,9,0,8,0,0,0,0,1,1,5,1,42,7,1560,2,8,8,1,8
2018360355277,2,9,0,18,0,8,0,0,0,0,3,1,5,2,32,6,1999,1,11,9,1,9
2018360355286,1,9,0,9,0,8,0,0,7,0,1,1,5,2,25,5,1248,2,11,9,1,9
2018360355298,1,9,0,18,0,0,0,0,0,0,1,1,5,1,54,8,998,1,9,4,1,4
2018360355298,2,9,0,18,0,0,0,0,0,0,1,1,5,2,37,7,1149,1,17,6,1,6
2018360355303,1,9,0,9,0,8,0,0,0,0,1,1,5,2,38,7,999,1,1,2,1,2
2018360355303,2,3,0,18,0,8,0,0,0,0,1,1,2,1,20,4,124,1,8,8,1,8
2018360355350,1,21,1,3,0,4,0,0,0,0,1,1,1,1,52,8,12777,2,4,6,3,6
2018360355350,2,9,0,3,0,3,0,0,0,0,2,1,2,2,32,6,1598,1,9,6,3,6
2018360355381,1,9,0,18,0,0,0,0,0,0,1,1,5,1,91,11,1229,1,13,4,3,4
2018360355381,2,9,0,18,0,0,0,0,0,0,2,1,2,1,49,8,1995,2,9,7,3,7
2018360355474,1,9,0,1,0,1,0,0,0,0,2,1,6,1,50,8,1398,1,6,1,1,1
2018360355474,2,1,0,18,0,1,0,0,0,0,1,1,5,1,50,8,-1,-1,-1,3,1,3
2018360355494,1,9,0,18,0,8,0,0,0,0,1,1,5,1,68,10,1997,2,4,6,3,6
2018360355494,2,1,0,18,0,8,0,0,0,0,1,1,6,1,44,7,-1,-1,-1,9,2,9
2018360355499,1,9,0,17,0,0,0,0,7,0,1,1,1,1,47,8,-1,-1,-1,5,1,5
2018360355528,1,3,0,4,0,1,1,0,0,0,1,1,1,1,48,8,108,1,-1,4,1,4
2018360355528,2,9,0,4,0,1,0,0,0,0,2,1,5,2,30,6,1598,1,11,8,1,8
2018360355533,1,9,0,18,0,8,0,0,0,0,1,1,5,2,30,6,-1,-1,-1,8,2,8
2018360355533,2,9,0,4,0,8,0,0,0,0,2,1,5,1,49,8,1995,2,7,10,1,10
2018360355573,1,9,0,4,0,8,1,9,5,0,1,1,5,1,30,6,1968,2,6,6,3,6
2018360355577,1,9,0,16,0,0,0,0,1,0,3,1,5,2,36,7,1995,2,11,6,2,6
2018360355598,1,9,0,9,0,0,0,0,0,0,3,1,5,1,74,10,2435,1,16,5,2,5
2018360355598,2,1,0,18,0,0,0,0,0,0,1,1,6,1,37,7,-1,-1,-1,6,3,6
2018360355621,1,9,0,18,0,0,0,0,0,0,1,1,5,2,53,8,1275,1,23,3,2,3
2018360355626,1,23,0,9,0,8,0,0,0,0,3,1,5,1,22,5,656,1,8,3,1,3
2018360355626,2,9,0,18,0,8,0,0,0,0,3,1,5,1,57,9,1997,2,3,6,1,6
2018360355630,1,9,0,18,0,0,0,0,0,0,1,1,5,1,36,7,1399,2,14,5,1,5
2018360355646,1,9,0,18,0,0,0,0,0,0,1,1,5,2,74,10,1364,1,8,7,3,7
2018360355667,1,9,0,7,0,8,0,0,1,0,1,1,6,1,18,4,1242,1,14,1,1,1
2018360355667,2,9,0,18,0,2,0,0,0,0,1,1,1,1,41,7,1598,2,1,-1,-1,-1
2018360355667,3,9,0,18,0,2,0,0,1,0,4,1,5,1,74,10,1910,2,11,10,2,10
2018360355713,1,9,0,18,0,8,0,0,0,0,1,1,6,2,35,6,1598,2,2,1,1,1
2018360355713,2,3,0,18,0,8,0,0,0,0,4,1,6,1,27,6,124,1,-1,1,1,1
2018360355728,1,9,0,18,0,1,0,0,0,0,3,1,5,2,37,7,1388,1,10,7,1,7
2018360355728,2,3,0,18,0,8,0,0,0,0,4,1,5,1,25,5,125,1,7,10,1,10
2018360355728,3,97,0,2,0,1,0,0,0,0,0,1,6,3,-1,-1,-1,-1,-1,-1,-1,-1
2018360809797,1,9,0,18,0,1,0,4,0,0,1,1,5,2,60,9,1339,1,4,10,1,10
2018360809797,2,21,0,2,0,1,0,0,0,0,2,1,1,1,28,6,4461,2,10,4,2,4
2018360809839,1,19,0,18,0,0,0,0,0,0,1,1,1,1,32,6,2143,2,2,2,1,2
2018360809906,1,9,0,7,0,8,0,0,0,0,1,1,2,1,30,6,1686,2,4,2,1,2
2018360809906,2,9,0,7,0,8,0,0,0,0,2,1,5,1,69,10,2184,2,15,7,1,7
2018360809984,1,9,0,13,0,0,2,0,7,0,1,1,5,1,18,4,1598,1,10,4,2,4
2018360809984,2,8,0,18,0,0,1,0,1,10,1,1,1,1,33,6,-1,-1,-1,2,1,2
2018360810115,1,8,0,9,0,8,0,0,0,0,1,1,6,3,26,6,1598,2,5,6,1,6
2018360810115,2,1,0,3,0,1,0,0,0,0,1,1,6,1,36,7,-1,-1,-1,6,2,6
2018360810221,1,2,0,18,0,0,0,0,0,0,1,1,6,1,-1,-1,-1,-1,-1,-1,-1,-1
2018360810237,1,9,0,16,0,0,0,0,1,0,1,1,2,1,32,6,1461,2,1,6,2,6
2018360810239,1,8,0,1,0,2,0,0,0,0,2,1,1,1,62,9,1499,2,2,6,2,6
2018360810273,1,9,0,18,0,0,0,0,0,0,1,1,5,1,57,9,2495,2,22,3,3,3
2018360810273,2,9,0,18,0,0,0,0,0,0,1,1,5,1,75,10,1398,1,4,2,1,2
2018360810422,1,9,0,9,0,1,0,0,0,0,0,1,6,2,40,7,1598,2,6,3,1,3
2018360810422,2,3,0,18,0,1,1,0,0,0,1,1,5,1,21,5,108,1,1,7,2,7
2018360810878,1,9,0,18,0,0,1,0,7,0,1,1,1,1,70,10,2494,2,13,3,2,3
2018360811092,1,9,0,15,0,0,0,0,1,0,1,1,5,1,38,7,1248,1,9,7,2,7
2018360811092,2,9,0,18,0,0,0,0,0,0,1,1,5,1,34,6,-1,-1,-1,7,1,7
2018360811529,1,9,0,18,9,0,0,0,0,0,1,1,5,1,29,6,1753,2,9,1,1,1
2018360811628,1,9,0,16,0,0,1,0,0,0,1,1,6,1,44,7,1948,1,17,4,1,4
2018360811628,2,9,0,18,0,0,0,0,0,0,1,1,6,1,61,9,1390,1,6,6,3,6
2018360811679,1,9,0,18,0,0,0,0,0,0,1,1,6,2,26,6,1596,1,11,2,1,2
2018360811679,2,1,0,18,0,0,0,0,0,0,2,1,6,1,27,6,-1,-1,-1,6,1,6
2018360811693,1,9,0,18,0,2,0,0,0,0,1,1,6,1,30,6,2993,2,14,1,1,1
2018360811693,2,9,0,18,0,2,0,0,0,0,3,1,6,1,66,10,1896,2,13,1,1,1
2018360811833,1,9,0,18,0,1,0,0,0,0,1,1,5,2,57,9,1198,1,3,5,1,5
2018360811833,2,9,0,4,0,1,0,0,0,0,2,1,5,2,56,9,1242,1,5,5,1,5
2018360813945,1,9,0,17,0,0,2,0,0,0,1,1,5,1,24,5,1229,1,13,3,1,3
2018360814006,1,9,0,5,0,8,0,0,0,0,3,1,5,1,81,11,1870,2,10,7,3,7
2018360814006,2,9,0,18,0,8,0,0,0,0,1,1,5,1,38,7,1896,2,16,1,1,1
2018360815347,1,9,0,18,0,0,0,0,0,0,3,1,6,1,23,5,1596,1,9,10,2,10
2018360815347,2,9,0,18,0,0,0,0,0,0,1,1,3,2,37,7,1493,2,10,9,2,9
2018360815579,1,9,0,3,0,8,0,0,0,0,1,1,6,1,78,11,1461,2,3,5,3,5
2018360815579,2,9,0,9,0,8,0,0,0,0,2,1,5,1,70,10,1498,1,2,4,2,4
2018360815960,1,9,0,18,0,0,0,0,0,0,1,1,1,1,29,6,-1,-1,-1,4,3,4
2018360815960,2,11,0,18,0,0,0,0,0,0,1,1,5,1,37,7,-1,2,15,5,3,5
2018360817320,1,9,0,18,0,0,0,0,0,0,1,1,1,1,53,8,2967,2,2,4,3,4
2018360817320,2,19,0,18,0,0,0,0,0,0,1,1,1,1,43,7,1598,2,1,7,1,7
2018360817641,1,9,0,18,0,0,0,0,0,0,1,1,6,1,18,4,1560,2,8,5,3,5
2018360817641,2,9,0,18,0,0,0,0,0,0,1,1,6,2,51,8,-1,-1,-1,6,3,6
2018360818042,1,19,0,18,0,1,0,0,0,0,0,1,6,1,-1,-1,2143,2,-1,-1,-1,-1
2018360818042,2,11,0,4,0,1,0,0,0,0,0,1,1,1,56,9,6696,2,5,6,1,6
2018360819330,1,9,0,18,0,0,0,0,0,0,0,1,6,1,29,6,1596,1,13,1,1,1
2018360819836,1,9,0,18,0,0,0,0,0,0,1,1,6,1,33,6,1910,2,12,7,3,7
2018360819836,2,9,0,9,0,0,0,0,0,0,3,1,5,1,61,9,1461,2,2,6,3,6
2018360820862,1,9,0,18,0,0,0,0,0,0,1,1,5,2,60,9,1997,1,4,7,2,7
2018360820862,2,9,0,18,0,0,0,0,0,0,1,1,5,1,64,9,1995,2,8,4,1,4
2018360821021,1,9,0,3,0,0,0,0,0,0,1,1,6,2,50,8,1149,1,16,5,3,5
2018360821021,2,21,1,1,0,0,0,0,0,0,2,1,6,1,54,8,12777,2,-1,-1,-1,-1
2018360821636,1,9,0,18,0,0,0,0,0,0,1,1,5,1,19,4,1400,2,18,5,3,5
2018360821636,2,9,0,4,0,0,0,0,0,0,2,1,5,2,21,5,1229,1,2,8,1,8
2018360822997,1,9,0,18,0,0,0,0,0,0,1,1,2,1,38,7,1686,2,5,8,1,8
2018360822997,2,1,0,18,0,0,0,0,0,0,1,1,5,1,15,3,-1,-1,-1,8,3,8
2018360827484,1,9,0,17,0,0,0,0,1,0,1,1,2,2,77,11,1596,1,15,7,3,7
2018360829054,1,9,0,18,0,0,0,0,0,0,1,1,6,3,-1,-1,-1,-1,-1,-1,-1,-1
2018360829054,2,9,0,9,0,0,0,0,0,0,2,1,5,2,23,5,1968,2,4,8,1,8
2018360829159,1,9,0,18,0,1,0,0,0,0,1,1,6,3,-1,-1,1968,2,5,-1,-1,-1
2018360829159,2,9,0,4,0,1,0,0,0,0,2,1,5,1,56,9,-1,-1,-1,6,3,6
2018370256025,1,9,0,9,0,8,5,0,0,0,1,1,5,1,17,4,1598,1,12,7,3,7
2018370256025,2,2,0,18,0,4,0,0,0,0,4,1,5,1,17,4,50,1,4,4,2,4
2018370256350,1,9,0,1,0,0,0,0,0,0,2,1,6,1,81,11,1396,1,21,6,3,6
2018370258121,1,2,0,18,0,0,0,0,0,0,1,1,6,1,18,4,49,1,16,5,1,5
2018370258121,2,9,0,18,0,0,0,0,0,0,1,1,6,2,26,6,1685,2,7,5,1,5
2018370258201,1,9,0,5,0,0,0,0,0,0,1,1,5,2,24,5,1968,2,10,4,1,4
2018370258201,2,5,0,18,0,0,0,0,0,0,1,1,5,1,48,8,805,1,23,3,1,3
2018370259744,1,9,0,9,0,0,0,0,0,0,1,1,5,1,46,8,1242,1,16,2,1,2
2018370259744,2,9,0,5,0,0,0,0,0,0,1,1,5,2,34,6,-1,-1,-1,7,1,7
2018370259744,3,9,0,3,0,0,0,0,0,0,3,1,5,1,31,6,1598,1,10,1,1,1
2018370260290,1,9,0,18,0,0,2,0,7,4,3,1,3,1,25,5,1598,1,14,6,3,6
2018370260317,1,9,0,18,0,8,0,0,0,0,3,1,6,1,31,6,2179,2,11,4,1,4
2018370260359,1,19,0,18,0,8,0,0,0,0,1,1,6,3,-1,-1,1968,2,1,-1,-1,-1
2018370260359,2,9,0,18,0,1,1,0,0,0,1,1,2,1,48,8,1197,1,1,7,3,7
2018370260720,1,9,0,5,0,0,0,0,0,0,1,1,5,1,25,5,1364,1,12,2,1,2
2018370260748,1,9,0,4,0,0,0,0,0,0,1,1,6,1,35,6,1896,2,13,2,1,2
2018370260748,2,9,0,4,0,0,0,0,0,0,2,1,6,1,45,7,1997,2,10,7,1,7
2018370260794,1,9,0,16,0,3,2,10,1,0,4,1,6,1,46,8,3222,2,15,8,2,8
2018370260823,1,19,0,9,0,8,0,0,0,0,1,1,1,1,38,7,2198,2,5,4,1,4
2018370260886,1,1,0,18,0,8,0,0,0,0,0,1,5,2,47,8,-1,-1,-1,6,3,6
2018370260886,2,9,0,7,0,8,0,0,0,0,0,1,5,2,65,9,998,1,5,7,3,7
2018370261124,1,9,0,18,0,0,0,0,0,0,2,1,6,1,22,5,1796,1,19,3,1,3
2018370261218,1,9,0,18,9,0,0,0,0,0,4,1,6,2,29,6,1388,1,12,4,3,4
2018370261262,1,9,0,18,0,0,0,0,0,0,1,1,5,2,19,4,1598,1,10,9,1,9
2018370261286,1,9,0,18,0,1,5,0,0,0,1,1,5,2,21,5,1242,1,5,5,2,5
2018370261286,2,9,0,2,0,1,0,0,0,0,2,1,5,1,30,6,-1,-1,-1,6,1,6
2018370261316,1,9,0,16,0,0,0,0,0,0,3,1,2,1,43,7,1242,1,3,9,1,9
2018370261316,2,9,0,17,0,0,0,0,0,0,3,1,2,1,27,6,1360,1,17,9,2,9
2018370261334,1,19,0,7,0,0,0,0,0,0,1,1,1,1,40,7,1870,2,13,5,3,5
2018370261334,2,19,0,18,0,0,5,0,0,0,1,1,1,1,20,4,1753,2,10,8,2,8
2018370262020,1,9,0,9,0,1,0,0,0,0,3,1,5,1,71,10,1591,1,3,9,1,9
2018370262020,2,9,0,18,0,1,0,0,0,0,1,1,5,1,34,6,2401,2,13,9,1,9
2018370262056,1,9,0,18,0,0,0,0,0,0,1,1,5,1,26,6,-1,-1,-1,7,3,7
2018370262056,2,9,0,4,0,0,0,0,0,0,2,1,1,1,62,9,1968,2,12,7,1,7
2018370262388,1,9,0,9,0,1,0,0,0,0,3,1,6,1,79,11,1388,1,9,6,2,6
2018370262388,2,1,0,18,0,8,5,0,0,0,2,1,6,1,54,8,-1,-1,-1,9,3,9
2018370262462,1,9,0,18,0,0,0,0,0,0,4,1,1,2,20,4,1598,1,15,6,3,6
2018370262462,2,9,0,2,0,0,0,0,0,0,4,1,6,1,32,6,1596,1,12,5,2,5
2018370262612,1,9,0,5,0,6,0,0,0,0,3,1,5,2,57,9,1598,1,7,3,1,3
2018370262612,2,9,0,18,0,1,0,0,0,0,1,1,5,2,49,8,998,1,6,7,2,7
2018370262764,1,9,0,9,0,6,1,0,0,0,1,1,5,2,55,8,998,1,12,8,1,8
2018370262764,2,9,0,18,0,8,1,0,0,0,1,1,6,1,52,8,1984,1,7,9,1,9
2018370262764,3,9,0,18,0,8,0,0,0,0,1,1,6,2,75,10,1968,2,1,8,1,8
2018370262777,1,9,0,18,0,0,0,0,0,0,1,1,2,2,32,6,1910,2,12,6,1,6
2018370262777,2,9,0,18,0,0,0,0,0,0,2,1,2,2,30,6,1598,1,8,6,1,6
2018370262777,3,9,0,18,0,0,0,0,0,0,2,1,6,2,48,8,1968,2,2,9,3,9
2018370262805,1,3,0,4,0,8,2,0,7,0,1,1,6,1,17,4,108,1,1,4,1,4
2018370262840,1,9,0,18,0,0,0,0,0,0,1,1,1,1,24,5,1242,1,5,6,1,6
2018370262840,2,9,0,4,0,0,0,0,0,0,2,1,5,1,51,8,1360,1,9,8,1,8
2018370262857,1,9,0,18,0,0,0,0,0,0,1,1,6,3,-1,-1,-1,-1,-1,-1,-1,-1
2018370262857,2,1,0,18,0,0,0,0,0,0,2,1,6,2,11,3,-1,-1,-1,2,1,2
2018370262874,1,9,0,4,0,0,1,0,0,0,1,1,1,1,-1,-1,-1,-1,-1,10,1,10
2018370262874,2,9,0,4,0,0,1,0,0,0,2,1,6,2,44,7,1598,1,1,9,2,9
2018370262904,1,9,0,18,0,0,1,0,7,0,1,1,1,2,74,10,1388,1,9,7,2,7
2018370262915,1,9,0,18,0,2,0,0,0,0,1,1,2,2,18,4,1598,2,7,5,2,5
2018370262915,2,1,0,18,0,1,0,0,0,0,1,1,5,2,22,5,-1,-1,-1,2,1,2
2018370262931,1,9,0,4,0,0,0,0,0,0,2,1,2,1,37,7,1560,2,10,2,1,2
2018370262931,2,9,0,18,0,0,0,0,0,0,1,1,2,2,18,4,1240,1,12,9,3,9
2018370262948,1,9,0,17,0,0,0,0,7,4,1,1,5,2,19,4,-1,-1,-1,6,3,6
2018370262948,2,9,0,18,0,0,0,0,0,0,0,1,6,3,-1,-1,-1,-1,-1,-1,-1,-1
2018370262998,1,21,0,18,0,0,0,0,0,0,1,1,1,1,31,6,12809,2,3,5,2,5
2018370262998,2,9,0,18,0,0,0,0,0,0,2,1,1,1,59,9,-1,-1,-1,1,1,1
2018370263015,1,9,0,5,0,6,0,0,0,0,1,1,5,2,55,8,998,1,5,4,2,4
2018370263028,1,9,0,18,0,1,0,0,0,0,1,1,2,1,40,7,-1,-1,-1,6,3,6
2018370263028,2,9,0,18,0,1,0,0,0,0,2,1,5,1,47,8,1896,2,15,2,1,2
2018370263063,1,9,0,9,0,8,0,0,0,0,4,1,5,1,83,11,996,1,4,9,1,9
2018370263063,2,9,0,18,0,8,0,0,0,0,1,1,5,2,28,6,1461,2,3,6,1,6
2018370263294,1,19,0,18,0,0,0,0,0,0,1,1,1,1,36,7,1995,2,1,1,1,1
2018370263294,2,9,0,3,0,0,0,0,0,0,1,1,6,1,91,11,1396,1,19,7,3,7
2018370263365,1,9,0,18,0,1,0,0,0,0,3,1,6,2,20,4,1242,1,4,7,3,7
2018370263365,2,9,0,18,0,1,1,0,0,0,1,1,6,1,18,4,1242,1,12,7,2,7
2018370263415,1,3,0,18,0,1,0,0,0,0,1,1,2,1,21,5,108,1,1,1,1,1
2018370263415,2,9,0,3,0,2,0,0,0,0,1,1,5,1,47,8,1988,1,17,1,1,1
2018370264196,1,9,0,18,0,0,0,0,0,0,3,1,1,2,23,5,1242,1,2,5,1,5
2018370264196,2,9,0,18,0,0,0,0,0,0,4,1,5,1,50,8,4921,2,10,8,3,8
2018370264302,1,9,0,18,0,0,0,0,0,0,1,1,2,1,50,8,1999,2,11,7,1,7
2018370264302,2,9,0,3,0,0,0,0,0,0,2,1,2,2,42,7,2993,2,4,8,3,8
2018370264330,1,9,0,18,0,4,0,0,0,0,1,1,6,2,20,4,1397,1,10,7,2,7
2018370264330,2,1,0,18,0,8,5,0,0,0,1,1,6,1,-1,-1,-1,-1,-1,6,1,6
2018370264361,1,9,0,18,0,8,0,0,0,0,4,1,6,2,-1,-1,1588,1,12,4,1,4
2018370264361,2,9,0,18,0,8,0,0,0,0,1,1,6,1,63,9,2401,2,14,6,3,6
2018370264568,1,9,0,9,0,1,0,0,0,0,4,1,5,2,80,11,-1,-1,-1,8,2,8
2018370264568,2,9,0,18,0,1,0,0,0,0,1,1,5,2,46,8,1999,2,2,5,3,5
2018370264610,1,9,0,5,0,2,0,0,7,0,1,1,5,2,20,4,1242,1,15,9,1,9
2018370264610,2,9,0,18,0,1,0,0,1,0,3,1,5,2,61,9,1388,1,11,4,2,4
2018370264635,1,9,0,18,0,0,0,0,0,0,3,1,6,1,69,10,2179,2,7,5,3,5
2018370264635,2,2,0,18,0,0,0,0,0,0,1,1,6,2,19,4,49,1,13,5,2,5
2018370264653,1,9,0,1,0,0,0,0,0,0,2,1,6,2,42,7,1984,1,18,3,1,3
2018370264653,2,9,0,2,0,0,0,0,0,0,1,1,6,3,-1,-1,-1,-1,-1,-1,-1,-1
2018370264698,1,5,0,18,0,0,0,0,0,0,1,1,5,1,34,6,1157,1,22,3,1,3
2018370264698,2,9,0,18,0,0,0,0,0,0,2,1,5,1,71,10,1968,2,15,8,1,8
2018370264698,3,9,0,18,0,0,0,0,0,0,1,1,5,2,45,7,1339,1,7,6,3,6
2018370264789,1,9,0,5,0,2,0,0,0,0,3,1,5,1,73,10,1968,2,1,3,1,3
2018370264789,2,9,0,18,0,1,0,0,0,0,1,1,5,1,71,10,1997,2,7,6,1,6
2018370264888,1,9,5,18,0,1,0,0,0,0,1,1,6,1,26,6,1399,2,13,-1,-1,-1
2018370264888,2,9,5,18,0,2,0,0,0,0,1,1,2,1,22,5,1995,2,2,7,3,7
2018370265169,1,9,0,18,0,0,0,0,0,0,1,1,5,1,18,4,1149,1,18,7,1,7
2018370265189,1,9,0,18,0,0,0,0,0,0,1,1,2,1,18,4,1390,1,4,9,1,9
2018370265189,2,21,4,18,0,0,1,0,0,0,2,1,1,1,51,8,12900,2,11,7,3,7
2018370265196,1,9,0,18,0,0,0,0,0,0,1,1,5,1,30,6,1388,1,11,5,3,5
2018370265196,2,9,0,3,0,0,0,0,0,0,2,1,5,1,54,8,2184,2,12,1,1,1
2018370265307,1,9,0,18,0,4,0,0,0,0,1,1,5,1,84,11,1699,1,11,9,1,9
2018370265307,2,9,0,18,0,4,0,0,0,0,3,1,1,1,32,6,1499,2,2,-1,-1,-1
2018370265307,3,9,0,18,0,6,0,0,0,0,3,1,1,1,52,8,1497,8,13,5,1,5
2018370265732,1,9,0,18,0,0,0,0,0,0,3,1,5,1,54,8,1395,1,3,6,2,6
2018370265732,2,5,0,9,0,0,2,0,0,0,1,1,5,1,57,9,660,1,10,4,1,4
2018370265801,1,9,0,18,0,0,0,0,0,0,1,1,5,1,37,7,1995,1,26,2,1,2
2018370265857,1,9,0,18,0,6,0,0,0,0,1,1,5,1,76,11,4398,1,15,5,3,5
2018370265857,2,98,1,18,0,1,0,0,0,0,1,1,1,1,30,6,-1,-1,-1,4,1,4
2018370265922,1,9,0,3,0,4,0,0,0,0,1,1,6,1,44,7,1598,1,12,3,1,3
2018370265922,2,19,0,3,0,4,0,0,0,0,2,1,1,1,46,8,1560,2,5,5,2,5
2018370265981,1,9,0,9,0,1,0,0,0,0,1,1,1,2,36,7,1560,2,11,9,1,9
2018370265981,2,3,0,18,0,1,0,0,0,0,4,1,4,1,19,4,124,1,7,5,1,5
2018370265993,1,9,0,7,0,2,1,0,0,0,1,1,6,1,17,4,1149,1,12,9,1,9
2018370265993,2,9,0,18,0,1,1,0,0,0,4,1,6,2,59,9,1339,1,8,1,1,1
2018370266066,1,9,0,18,0,2,0,0,0,0,3,1,5,1,70,10,1596,1,3,10,3,10
2018370266066,2,21,1,18,0,1,0,0,0,0,1,1,1,1,25,5,-1,2,21,7,3,7
2018370266089,1,9,5,18,0,0,0,0,0,0,3,1,3,2,92,11,1328,1,11,8,3,8
2018370266103,1,9,0,18,0,0,5,0,1,11,1,1,5,1,27,6,1364,1,9,4,1,4
2018370266114,1,9,5,18,0,2,1,0,0,0,1,1,1,1,56,9,1761,1,18,5,3,5
2018370266139,1,9,0,17,0,0,0,0,0,0,3,1,5,1,30,6,1587,1,14,5,3,5
2018370266141,1,9,5,18,0,2,1,0,0,0,3,1,1,1,18,4,-1,-1,-1,9,2,9
2018370266161,1,9,0,18,0,0,2,0,1,0,1,1,2,2,62,9,1242,1,14,6,3,6
2018370266211,1,9,0,18,0,0,1,0,0,0,4,1,3,1,18,4,998,1,13,6,2,6
2018370266211,2,19,0,18,0,0,0,0,0,0,3,1,2,1,47,8,1598,2,2,6,2,6
2018370266253,1,9,0,18,0,1,0,0,0,0,1,1,5,1,31,6,1999,1,17,2,1,2
2018370266253,2,9,0,18,0,1,0,0,0,0,1,1,5,2,65,9,1242,1,12,4,1,4
2018370266443,1,9,0,18,0,6,0,0,0,0,1,1,6,1,43,7,2000,2,13,9,3,9