Accident_Index,Vehicle_Reference,Vehicle_Type,Towing_and_Articulation,Vehicle_Manoeuvre,Vehicle_Location-Restricted_Lane,Junction_Location,Skidding_and_Overturning,Hit_Object_in_Carriageway,Vehicle_Leaving_Carriageway,Hit_Object_off_Carriageway,1st_Point_of_Impact,Was_Vehicle_Left_Hand_Drive?,Journey_Purpose_of_Driver,Sex_of_Driver,Age_of_Driver,Age_Band_of_Driver,Engine_Capacity_(CC),Propulsion_Code,Age_of_Vehicle,Driver_IMD_Decile,Driver_Home_Area_Type,Vehicle_IMD_Decile
2018370266443,2,9,0,18,0,1,0,0,0,0,4,1,5,2,54,8,1198,1,6,7,1,7
2018370266447,1,9,0,18,0,2,0,0,0,0,1,1,6,1,59,9,1598,1,11,8,2,8
2018370266447,2,9,5,18,0,2,0,0,0,0,2,1,5,2,49,8,1248,2,5,3,1,3
2018370266450,1,9,0,18,0,1,0,0,0,0,1,1,2,1,25,5,-1,-1,-1,6,2,6
2018370266450,2,9,0,4,0,1,0,0,0,0,2,1,2,2,22,5,1686,2,12,4,1,4
2018370266450,3,9,0,4,0,1,0,0,0,0,2,1,2,1,45,7,1120,2,7,5,3,5
2018370266450,4,9,0,4,0,1,0,0,0,0,2,1,2,1,48,8,1598,2,7,4,2,4
2018370266480,1,9,0,16,0,0,0,0,0,0,2,1,1,2,44,7,1798,1,11,8,2,8
2018370266549,1,9,0,5,0,1,0,0,0,0,1,1,6,1,-1,-1,1896,2,15,3,1,3
2018370266549,2,9,0,3,0,1,0,0,0,0,2,1,5,1,55,8,1493,2,13,1,1,1
2018370266583,1,9,0,18,0,0,0,0,0,0,1,1,6,1,28,6,1461,2,7,1,1,1
2018370266583,2,9,0,2,0,0,0,0,0,0,1,1,6,3,-1,-1,-1,-1,-1,-1,-1,-1
2018370266583,3,9,0,2,0,0,0,0,0,0,1,1,6,3,-1,-1,-1,-1,-1,-1,-1,-1
2018370266592,1,9,0,18,0,0,0,0,0,0,1,1,5,1,48,8,2143,2,3,9,1,9
2018370266592,2,9,0,4,0,0,0,0,0,0,2,1,5,2,40,7,1248,1,1,6,1,6
2018370266594,1,9,0,18,0,0,2,0,0,0,0,1,5,2,20,4,1242,1,8,4,1,4
2018370266597,1,9,0,18,0,0,5,0,1,9,0,1,5,2,57,9,1598,1,13,7,3,7
2018370266602,1,9,0,18,0,0,0,0,0,0,1,1,5,1,81,11,1582,2,4,5,3,5
2018370266602,2,9,0,2,0,0,0,0,0,0,2,1,6,3,-1,-1,-1,-1,-1,-1,-1,-1
2018370266602,3,9,0,2,0,0,0,0,0,0,2,1,6,3,-1,-1,-1,-1,-1,-1,-1,-1
2018370266608,1,9,0,18,0,1,0,0,0,0,1,1,5,1,19,4,1242,1,14,8,1,8
2018370266608,2,9,0,17,0,1,0,0,0,0,1,1,2,2,56,9,1560,2,9,6,2,6
2018370266863,1,9,0,18,0,0,0,0,0,0,1,1,6,2,19,4,-1,-1,-1,7,1,7
2018370266924,1,9,0,7,0,6,0,0,0,0,1,1,6,1,42,7,2286,2,39,7,1,7
2018370266924,2,9,0,18,0,1,0,0,0,0,1,1,6,2,67,10,996,1,3,10,1,10
2018370266925,1,9,0,18,0,0,0,0,0,0,1,1,6,3,-1,-1,1870,2,16,-1,-1,-1
2018370266925,2,9,0,18,0,0,0,0,0,0,3,1,6,2,26,6,999,1,3,3,1,3
2018370266950,1,9,0,18,0,0,0,0,0,0,1,1,5,1,50,8,1896,2,12,2,1,2
2018370266950,2,9,0,4,0,0,0,0,0,0,2,1,6,1,45,7,-1,-1,-1,3,1,3
2018370266950,3,9,0,4,0,0,0,0,0,0,2,1,2,1,34,6,1896,2,16,9,1,9
2018370266990,1,9,0,18,0,0,0,0,0,0,1,1,6,2,29,6,998,1,16,7,1,7
2018370266990,2,1,0,18,0,0,0,0,0,0,1,1,6,1,29,6,-1,-1,-1,8,1,8
2018370266997,1,9,0,18,0,1,0,0,0,0,1,1,6,3,-1,-1,1587,1,14,-1,-1,-1
2018370266997,2,9,0,3,0,1,0,0,0,0,2,1,6,2,45,7,1398,1,3,10,2,10
2018370267023,1,9,0,9,0,2,0,0,0,0,3,1,6,1,20,4,998,1,3,6,3,6
2018370267023,2,9,0,18,0,1,0,0,0,0,1,1,6,1,75,10,1896,2,17,9,3,9
2018370267280,1,9,0,16,0,1,1,0,0,0,1,1,5,1,76,11,1240,1,15,5,2,5
2018370267280,2,21,1,18,0,1,0,0,0,0,1,1,1,1,57,9,12900,2,4,1,1,1
2018370267504,1,21,1,18,0,1,0,0,0,0,1,1,1,1,44,7,12777,2,6,8,1,8
2018370267504,2,9,0,7,0,1,0,0,0,0,2,1,5,2,18,4,1242,1,18,4,3,4
2018370267509,1,9,0,9,0,5,0,0,0,0,1,1,6,1,29,6,1490,1,12,6,1,6
2018370267509,2,5,0,18,0,1,0,0,0,0,1,1,6,1,60,9,955,1,18,8,3,8
2018370267559,1,9,0,16,0,1,2,0,0,0,1,1,6,2,24,5,998,1,12,6,3,6
2018370267616,1,9,0,18,0,0,2,0,7,11,3,1,2,2,19,4,998,1,5,6,3,6
2018370267658,1,9,0,10,0,2,0,0,0,0,1,1,5,2,50,8,1973,1,16,6,1,6
2018370267658,2,9,0,18,0,1,0,0,0,0,4,1,5,2,48,8,998,1,2,9,1,9
2018370267671,1,9,0,4,0,0,0,0,0,0,4,1,1,2,23,5,1197,1,7,5,1,5
2018370267671,2,1,0,18,0,0,5,0,0,0,1,1,6,1,31,6,-1,-1,-1,8,1,8
2018370267673,1,8,-1,9,0,8,0,0,0,0,1,1,6,3,-1,-1,-1,-1,-1,-1,-1,-1
2018370267673,2,2,0,7,0,2,2,0,0,0,4,1,5,1,27,6,49,1,1,1,1,1
2018370267749,1,9,0,6,0,0,0,0,0,0,1,1,5,1,43,7,1590,1,15,3,1,3
2018370267768,1,9,0,18,0,1,0,0,0,0,1,1,6,2,56,9,1598,1,5,7,3,7
2018370267768,2,9,0,3,0,2,0,0,0,0,2,1,5,2,58,9,1499,2,2,6,2,6
2018370267809,1,9,0,4,0,0,0,0,0,0,2,1,6,2,39,7,2230,1,11,2,1,2
2018370267809,2,9,0,18,0,0,0,0,0,0,1,1,5,2,63,9,1968,2,2,8,2,8
2018370267909,1,9,0,18,0,4,0,0,0,0,1,1,2,1,31,6,2435,1,16,10,1,10
2018370267909,2,9,0,18,0,4,0,0,0,0,2,1,2,1,38,7,1390,1,5,10,3,10
2018370267929,1,9,0,18,0,0,0,0,1,0,1,1,6,1,20,4,1998,1,7,5,2,5
2018370267929,2,9,0,18,0,0,0,0,0,0,0,1,6,1,-1,-1,1560,2,3,-1,-1,-1
2018370267949,1,9,0,18,0,6,0,0,0,0,3,1,1,1,41,7,-1,-1,-1,3,1,3
2018370267949,2,3,0,18,0,1,0,0,0,0,1,1,1,1,19,4,113,1,2,5,1,5
2018370267974,1,21,4,4,0,0,0,0,0,0,1,1,1,1,32,6,12419,2,5,6,3,6
2018370267974,2,9,0,4,0,0,0,0,0,0,2,1,1,1,59,9,1997,2,10,4,2,4
2018370267989,1,21,1,18,0,0,0,0,0,0,1,1,1,1,51,8,6700,2,2,2,1,2
2018370267989,2,9,0,3,0,0,0,0,0,0,2,1,1,2,53,8,1124,1,12,5,2,5
2018370267989,3,9,0,3,0,0,0,0,0,0,2,1,1,1,62,9,1968,2,9,10,2,10
2018370267989,4,9,0,3,0,0,0,0,0,0,2,1,1,1,23,5,-1,-1,-1,4,2,4
2018370267989,5,9,0,3,0,0,0,0,0,0,2,1,6,1,27,6,-1,-1,-1,2,1,2
2018370268001,1,9,0,18,0,1,0,0,0,0,3,1,6,3,-1,-1,-1,-1,-1,-1,-1,-1
2018370268093,1,9,0,3,0,0,0,0,0,0,0,1,5,1,47,8,1587,1,16,2,1,2
2018370268141,1,98,4,13,0,0,0,0,0,0,0,1,6,3,-1,-1,-1,-1,-1,-1,-1,-1
2018370268141,2,16,0,18,0,0,0,0,0,0,3,1,6,2,16,4,-1,-1,-1,6,1,6
2018370268195,1,9,0,3,0,1,0,0,0,0,2,1,5,2,51,8,1598,1,9,7,1,7
2018370268195,2,9,0,18,0,1,0,0,0,0,1,1,6,1,-1,-1,-1,-1,-1,-1,-1,-1
2018370268212,1,9,0,10,0,1,0,0,0,0,1,1,5,2,36,7,1596,1,15,7,1,7
2018370268212,2,1,0,3,0,1,0,0,0,0,1,1,5,1,41,7,-1,-1,-1,3,1,3
2018370268628,1,9,0,13,0,0,0,0,0,0,1,1,6,1,32,6,1995,2,9,6,3,6
2018370268628,2,9,0,18,0,0,0,0,0,0,1,1,6,2,48,8,1796,1,11,6,3,6
2018370268719,1,9,0,16,0,0,1,0,0,0,1,1,5,2,25,5,1395,1,1,4,1,4
2018370268719,2,9,0,17,0,0,5,0,1,9,1,1,5,2,47,8,1395,1,2,8,2,8
2018370268812,1,9,0,18,0,0,0,0,0,0,1,1,6,3,-1,-1,-1,-1,-1,-1,-1,-1
2018370268812,2,3,0,18,0,0,5,0,0,0,1,1,5,1,20,4,124,1,6,8,2,8
2018370268854,1,9,0,18,0,4,0,0,0,0,1,1,1,1,46,8,-1,-1,-1,10,3,10
2018370268854,2,9,0,17,0,8,0,0,0,0,1,1,3,2,27,6,1242,1,12,10,1,10
2018370268881,1,9,0,18,0,1,0,0,0,0,1,1,5,2,48,8,1598,1,7,6,1,6
2018370268881,2,9,0,3,0,1,0,0,0,0,2,1,5,1,24,5,-1,-1,-1,5,1,5
2018370268885,1,9,0,5,0,0,0,0,0,0,3,1,6,2,19,4,1248,2,9,7,1,7
2018370268885,2,1,0,18,0,0,5,0,0,0,4,1,2,1,55,8,-1,-1,-1,9,1,9
2018370268908,1,9,0,18,0,1,0,0,0,0,1,1,6,3,-1,-1,-1,-1,-1,-1,-1,-1
2018370268908,2,9,0,3,0,1,0,0,0,0,2,1,1,1,33,6,-1,-1,-1,2,1,2
2018370268909,1,9,0,9,0,0,0,0,0,0,3,1,6,2,17,4,1229,1,11,6,2,6
2018370268909,2,9,0,18,0,0,0,0,0,0,1,1,2,2,40,7,1997,2,5,6,3,6
2018370268935,1,9,0,18,0,0,0,0,0,0,1,1,6,3,-1,-1,-1,-1,-1,-1,-1,-1
2018370268966,1,9,0,12,0,0,0,0,0,0,1,1,6,1,46,8,-1,-1,-1,6,2,6
2018370268966,2,9,0,3,0,0,0,0,0,0,3,1,5,2,48,8,1200,1,4,5,1,5
2018370268966,3,9,0,2,0,0,0,0,0,0,0,1,5,1,24,5,1999,1,13,7,2,7
2018370268969,1,9,0,2,0,0,0,0,0,0,3,1,5,1,91,11,1399,2,10,7,2,7
2018370268969,2,1,0,18,0,0,5,0,0,0,4,1,6,1,67,10,-1,-1,-1,8,1,8
2018370268971,1,9,0,18,0,0,0,0,0,0,1,1,6,1,-1,-1,1997,2,1,6,3,6
2018370268971,2,9,0,2,0,0,0,0,0,0,3,1,5,2,30,6,1999,1,12,4,2,4
2018370268983,1,9,0,18,0,0,0,0,0,0,1,1,2,1,38,7,-1,-1,-1,5,1,5
2018370268983,2,9,0,4,0,0,0,0,0,0,2,1,2,1,64,9,-1,-1,-1,2,1,2
2018370268983,3,9,0,18,0,0,0,0,0,0,1,1,2,1,42,7,1969,2,4,8,3,8
2018370269025,1,9,0,18,0,0,0,0,0,0,3,1,6,1,25,5,1242,1,7,9,3,9
2018370269025,2,9,0,18,0,0,0,0,0,0,3,1,6,1,48,8,1686,2,8,1,1,1
2018370269040,1,9,0,18,0,0,0,0,0,0,1,1,5,1,18,4,1124,1,19,7,1,7
2018370269040,2,9,0,18,0,0,0,0,0,0,2,1,5,1,40,7,1598,1,14,1,1,1
2018370269340,1,9,0,18,0,0,0,0,0,0,1,1,5,1,37,7,2198,2,4,7,1,7
2018370269340,2,9,0,3,0,0,0,0,0,0,2,1,6,2,61,9,1390,1,7,7,1,7
2018370269340,3,9,0,10,0,0,0,0,0,0,2,1,6,1,62,9,1997,2,14,5,1,5
2018370269859,1,9,0,16,0,0,0,0,0,0,1,1,6,3,-1,-1,-1,-1,-1,-1,-1,-1
2018370269859,2,9,0,16,0,0,0,0,0,0,2,1,5,1,47,8,2143,2,1,6,3,6
2018370270156,1,9,0,18,0,8,0,0,0,0,3,1,5,1,63,9,1685,2,-1,10,1,10
2018370270156,2,9,0,18,0,8,0,0,0,0,3,1,5,1,52,8,1197,1,3,10,1,10
2018370270254,1,9,0,18,0,0,0,0,0,0,1,1,6,2,62,9,1598,1,11,9,1,9
2018370270254,2,9,0,4,0,0,0,0,0,0,2,1,6,2,44,7,1329,1,5,10,1,10
2018370270344,1,9,0,18,0,1,0,0,0,0,1,1,5,2,78,11,1560,2,7,6,3,6
2018370270344,2,9,0,18,0,1,0,0,0,0,1,1,5,1,57,9,1248,1,4,7,3,7
2018370270351,1,9,0,18,0,8,0,0,0,0,1,1,5,1,33,6,1596,1,14,2,1,2
2018370270351,2,9,0,2,0,8,0,0,0,0,2,1,6,3,-1,-1,-1,-1,-1,-1,-1,-1
2018370270351,3,9,0,2,0,8,0,0,0,0,2,1,6,3,-1,-1,-1,-1,-1,-1,-1,-1
2018370270612,1,9,0,18,0,0,5,0,7,11,3,1,5,1,31,6,1461,2,16,5,2,5
2018370270644,1,9,0,18,0,0,0,0,0,0,1,1,5,1,57,9,1339,1,13,4,2,4
2018370270644,2,9,0,18,0,0,0,0,0,0,1,1,5,1,43,7,4266,1,17,6,3,6
2018370270672,1,9,0,6,0,0,0,0,0,0,3,1,6,1,31,6,2171,1,17,2,1,2
2018370270672,2,9,0,18,0,0,0,0,0,0,1,1,5,1,30,6,-1,-1,-1,1,1,1
2018370270704,1,9,0,9,0,1,0,0,0,0,4,1,5,2,52,8,1395,1,2,8,2,8
2018370270704,2,9,0,18,0,1,0,0,0,0,1,1,1,1,24,5,999,1,1,4,1,4
2018370270732,1,9,0,9,0,1,0,0,0,0,3,1,5,2,33,6,2967,2,7,5,3,5
2018370270732,2,3,0,18,0,1,0,0,0,0,1,1,5,1,29,6,124,1,9,1,1,1
2018370270806,1,9,0,18,0,0,0,0,0,0,1,1,6,1,20,4,1895,1,19,6,3,6
2018370270806,2,9,0,5,0,0,0,0,0,0,3,1,5,2,34,6,1596,1,11,4,1,4
2018370270806,3,9,0,2,0,0,0,0,0,0,4,1,6,3,-1,-1,-1,-1,-1,-1,-1,-1
2018370270806,4,9,0,2,0,0,0,0,0,0,3,1,6,3,-1,-1,-1,-1,-1,-1,-1,-1
2018370270944,1,9,0,1,0,0,0,0,0,0,2,1,5,2,-1,-1,2400,2,9,5,1,5
2018370271010,1,9,0,18,0,0,0,0,0,0,1,1,5,1,63,9,1560,2,3,3,1,3
2018370271010,2,9,0,4,0,0,0,0,0,0,2,1,5,1,60,9,1796,1,12,5,3,5
2018370271010,3,21,0,4,0,0,0,0,0,0,2,1,1,1,31,6,11967,2,16,1,1,1
2018370271010,4,9,0,18,0,0,0,0,0,0,2,1,5,2,53,8,1390,1,5,9,1,9
2018370271010,5,9,0,4,0,0,0,0,0,0,2,1,5,1,67,10,1364,1,11,7,1,7
2018370271067,1,9,0,9,0,2,0,0,1,0,1,1,5,2,69,10,1951,2,12,6,3,6
2018370271067,2,19,0,18,0,1,0,0,0,0,1,1,1,1,25,5,1560,2,2,9,2,9
2018370271067,3,9,0,18,0,1,0,0,0,0,1,1,1,1,25,5,-1,-1,-1,9,2,9
2018370271496,1,9,0,17,0,0,1,0,0,0,1,1,5,2,41,7,998,1,9,5,2,5
2018370271504,1,9,0,18,0,0,5,0,0,0,2,1,6,1,30,6,2494,1,18,3,1,3
2018370271504,2,9,0,18,0,0,0,0,0,0,1,1,2,1,32,6,1896,2,15,2,1,2
2018370271544,1,9,0,9,0,2,0,0,0,0,1,1,5,2,28,6,1995,2,12,-1,-1,-1
2018370271544,2,9,0,18,0,1,0,0,0,0,1,1,2,2,45,7,1296,1,10,5,2,5
2018370271551,1,9,0,18,0,1,0,0,0,0,3,1,6,1,26,6,1781,1,16,2,1,2
2018370271551,2,9,0,2,0,1,0,0,7,0,2,1,6,3,-1,-1,-1,-1,-1,-1,-1,-1
2018370271551,3,9,0,2,0,1,0,0,0,0,2,1,6,3,-1,-1,-1,-1,-1,-1,-1,-1
2018370271551,4,9,0,2,0,1,0,0,0,0,3,1,6,3,-1,-1,-1,-1,-1,-1,-1,-1
2018370271594,1,9,0,1,0,1,0,0,0,0,4,1,5,1,65,9,1560,2,12,7,1,7
2018370271605,1,9,0,18,0,1,1,0,0,0,1,1,1,2,23,5,1390,1,5,3,1,3
2018370271605,2,9,0,2,0,1,0,0,0,0,2,1,6,3,-1,-1,-1,-1,-1,-1,-1,-1
2018370271614,1,9,0,18,0,1,0,0,0,0,1,1,5,2,31,6,1461,2,8,5,2,5
2018370271614,2,9,0,4,0,1,0,0,0,0,2,1,5,1,64,9,1149,1,6,8,2,8
2018370271614,3,21,0,18,0,1,0,0,0,0,2,1,1,1,49,8,7698,2,3,5,3,5
2018370271625,1,9,0,18,0,0,0,0,0,0,1,1,6,1,42,7,-1,-1,-1,4,1,4
2018370271630,1,9,0,2,0,2,0,0,0,0,4,1,2,2,32,6,998,1,1,-1,-1,-1
2018370271630,2,1,0,18,0,2,0,0,0,0,1,1,6,2,55,8,-1,-1,-1,9,1,9
2018370271635,1,9,0,18,0,0,0,0,0,0,1,1,2,2,23,5,1199,1,14,6,1,6
2018370271635,2,9,0,4,0,0,0,0,0,0,2,1,5,1,58,9,2698,2,8,8,1,8
2018370271635,3,9,0,18,0,0,0,0,0,0,1,1,5,1,57,9,1398,2,14,6,3,6
2018370271635,4,9,0,10,0,0,0,0,0,0,2,1,1,1,46,8,2993,2,8,7,3,7
2018370271638,1,9,0,9,0,2,0,0,0,0,1,1,2,2,33,6,998,1,4,2,1,2
2018370271638,2,9,0,18,0,1,0,0,0,0,1,1,2,2,23,5,1242,1,15,2,1,2
2018370271650,1,9,0,18,0,1,0,0,0,0,1,1,5,2,76,11,1398,2,14,5,1,5
2018370271673,1,1,0,18,0,1,5,0,0,0,1,1,5,2,34,6,-1,-1,-1,1,1,1
2018370271673,2,9,0,18,0,1,0,0,0,0,1,1,5,1,69,10,1396,1,14,3,1,3
2018370271845,1,9,0,18,0,0,0,0,0,0,4,1,6,1,80,11,1461,2,10,4,2,4
2018370271845,2,9,0,18,0,0,0,0,0,0,3,1,6,1,28,6,2926,2,17,4,2,4
2018370271845,3,9,0,18,0,0,0,0,0,0,1,1,6,2,38,7,1986,2,12,4,2,4
2018370271861,1,9,0,5,0,4,0,0,0,0,1,1,6,2,60,9,1248,2,10,10,1,10
2018370271861,2,9,0,18,0,8,0,0,0,0,4,1,1,2,45,7,-1,-1,-1,5,1,5
2018370271866,1,9,0,1,0,0,0,0,0,0,2,1,5,2,75,10,1998,1,16,5,3,5
2018370271866,2,98,0,2,0,0,0,0,0,0,0,1,6,3,-1,-1,-1,-1,-1,-1,-1,-1
2018370271890,1,9,0,18,0,0,0,0,0,0,1,1,5,1,34,6,1999,2,1,7,3,7
2018370271890,2,9,0,18,0,0,0,0,0,0,2,1,6,1,38,7,1560,2,12,7,2,7
2018370271892,1,21,4,9,0,2,0,0,0,0,3,1,1,1,45,7,12740,2,6,6,1,6
2018370271892,2,9,0,18,0,1,0,0,0,0,1,1,1,1,37,7,1560,2,7,10,1,10
2018370271896,1,9,0,16,0,1,1,0,7,4,1,1,5,1,29,6,1995,2,2,8,2,8
2018370271910,1,9,0,18,0,0,1,0,1,0,4,1,6,1,38,7,1896,2,16,7,3,7
2018370271918,1,9,0,18,0,0,0,0,0,0,1,1,6,1,62,9,1598,1,12,5,3,5
2018370271981,1,9,0,18,0,0,0,0,0,0,1,1,5,1,39,7,1896,2,10,6,1,6
2018370271981,2,9,0,18,0,0,0,0,0,0,1,1,2,2,21,5,1388,1,8,4,1,4
2018370271981,3,9,0,2,0,0,0,0,0,0,3,1,6,3,-1,-1,-1,-1,-1,-1,-1,-1
2018370271996,1,9,0,18,0,0,0,0,0,0,1,1,6,1,21,5,-1,-1,-1,4,1,4
2018370271996,2,9,0,18,0,0,0,0,0,0,2,1,6,1,48,8,1399,1,1,7,3,7
2018370272001,1,9,0,1,9,0,0,0,0,0,2,1,3,2,31,6,1997,2,11,2,1,2
2018370272010,1,11,0,1,0,0,0,0,0,0,2,1,1,1,38,7,5883,2,15,4,1,4
2018370272019,1,9,0,18,0,0,0,0,0,0,1,1,5,2,76,11,999,1,2,2,1,2
2018370272019,2,21,4,18,0,0,0,0,0,0,2,1,1,1,47,8,10837,2,5,1,1,1
2018370272045,1,9,0,18,0,8,1,0,0,0,3,1,6,1,29,6,-1,-1,-1,10,1,10
2018370272045,2,98,0,18,0,8,1,0,0,0,3,1,5,1,41,7,-1,-1,-1,10,1,10
2018370272052,1,9,0,18,0,0,0,0,0,0,1,1,6,1,45,7,-1,-1,-1,4,1,4
2018370272052,2,9,0,18,0,0,0,0,0,0,1,1,6,1,56,9,2987,2,12,9,3,9
2018370272061,1,98,0,18,0,1,1,0,0,0,1,1,1,1,37,7,-1,-1,-1,3,1,3
2018370272061,2,9,0,18,0,8,0,0,0,0,1,1,5,1,78,11,-1,-1,-1,6,3,6
2018370272289,1,9,0,18,0,0,0,0,0,0,4,1,5,1,26,6,-1,-1,-1,9,1,9
2018370272289,2,9,0,18,0,0,0,0,0,0,1,1,2,1,57,9,1999,2,1,6,1,6
2018370272322,1,9,0,2,6,0,0,0,0,0,4,1,6,1,19,4,1968,2,10,7,3,7
2018370272322,2,1,0,18,0,0,0,0,0,0,1,1,6,1,64,9,-1,-1,-1,5,1,5
2018370272339,1,9,0,1,0,0,0,0,0,0,2,1,6,1,40,7,1598,1,13,1,1,1
2018370272339,2,2,0,18,0,0,0,0,0,0,1,1,6,1,16,4,50,1,1,10,1,10
2018370272739,1,9,0,18,0,0,0,0,0,0,1,1,2,1,28,6,1587,1,17,9,1,9
2018370272739,2,9,0,18,0,0,0,0,0,0,2,1,5,2,65,9,1598,1,2,5,1,5
2018370272756,1,9,0,3,0,1,0,0,0,0,3,1,2,2,40,7,1388,1,9,9,1,9
2018370272756,2,2,0,18,0,1,0,0,0,0,1,1,5,1,69,10,49,1,29,8,2,8
2018370272773,1,9,0,3,0,4,0,0,0,0,1,1,5,1,56,9,1364,1,2,9,1,9
2018370272773,2,9,0,18,0,4,0,0,0,0,2,1,5,2,30,6,1986,2,12,9,2,9
2018370272778,1,9,0,18,0,0,0,0,0,0,1,1,5,2,77,11,1399,2,10,5,1,5
2018370272877,1,9,0,18,0,0,0,0,0,0,1,1,6,3,-1,-1,-1,-1,-1,-1,-1,-1
2018370272877,2,9,0,2,0,0,0,0,0,0,1,1,5,1,58,9,1598,1,12,9,3,9
2018370273040,1,9,0,18,0,1,0,0,0,0,1,1,5,1,25,5,1969,2,2,7,3,7
2018370273040,2,9,0,4,0,1,0,0,0,0,2,1,5,1,21,5,1149,1,16,5,1,5
2018370273040,3,9,0,10,0,1,0,0,0,0,2,1,5,2,57,9,1997,2,7,6,3,6
2018370273089,1,9,0,9,0,6,0,0,0,0,1,1,2,2,53,8,2143,2,7,7,1,7
2018370273089,2,9,0,18,0,1,0,0,0,0,4,1,2,2,29,6,-1,-1,-1,6,1,6
2018370273131,1,9,0,18,0,0,0,0,0,0,1,1,5,1,22,5,1984,1,1,5,1,5
2018370273133,1,9,0,18,5,0,0,0,0,0,0,1,6,1,84,11,1248,1,7,8,2,8
2018370273177,1,9,0,18,0,1,0,0,0,0,1,1,5,1,22,5,-1,-1,-1,8,1,8
2018370273177,2,9,0,18,0,1,0,0,0,0,1,1,5,1,40,7,1299,1,12,3,1,3
2018370273183,1,9,0,18,0,1,0,0,0,0,1,1,1,1,27,6,-1,-1,-1,2,1,2
2018370273183,2,9,0,10,0,5,0,0,0,0,2,1,1,2,56,9,1598,1,6,4,1,4
2018370273187,1,9,0,18,0,0,0,0,0,0,1,1,2,2,28,6,1560,2,9,2,1,2
2018370273187,2,19,0,4,0,0,0,0,0,0,2,1,1,1,28,6,1995,2,1,8,3,8
2018370273187,3,19,0,18,0,0,0,0,0,0,2,1,1,1,56,9,1968,2,1,1,1,1
2018370273187,4,9,0,18,0,0,0,0,0,0,1,1,5,1,41,7,1596,1,12,5,1,5
2018370273198,1,9,0,18,0,0,1,0,0,0,1,1,6,1,81,11,-1,-1,-1,4,1,4
2018370273198,2,9,0,18,0,0,0,0,0,0,3,1,5,1,71,10,1200,1,-1,7,3,7
2018370273215,1,9,0,18,0,0,0,0,0,0,1,1,5,1,55,8,1248,2,7,7,1,7
2018370273260,1,9,0,5,0,3,0,0,0,0,1,1,6,1,20,4,1398,1,3,1,1,1
2018370273260,2,2,0,18,0,3,5,0,0,0,1,1,5,1,16,4,49,1,13,6,1,6
2018370273278,1,9,0,17,0,0,2,0,7,0,3,1,1,2,20,4,998,1,6,2,1,2
2018370273289,1,9,0,18,0,0,1,0,0,0,3,1,5,1,28,6,1598,1,13,1,1,1
2018370273289,2,9,0,2,0,0,0,0,0,0,2,1,5,1,58,9,1596,1,6,7,1,7
2018370273289,3,9,0,2,0,0,0,0,0,0,2,1,6,2,26,6,1796,1,14,7,1,7
2018370273291,1,9,0,18,0,0,1,0,0,0,4,1,2,1,26,6,1995,2,16,6,3,6
2018370273291,2,9,0,18,0,0,0,0,0,0,1,1,2,1,70,10,1598,2,2,6,3,6
2018370273304,1,9,0,9,0,2,0,0,0,0,1,1,5,2,37,7,995,1,13,7,1,7
2018370273304,2,19,0,18,0,2,0,0,0,0,3,1,2,1,34,6,1598,2,7,6,1,6
2018370273327,1,9,0,18,0,0,2,0,0,0,1,1,5,2,21,5,1149,1,15,4,1,4
2018370273336,1,9,0,17,0,0,1,4,0,0,1,1,1,1,26,6,-1,-1,-1,7,3,7
2018370273336,2,21,0,2,0,0,0,0,0,0,1,1,1,1,27,6,-1,-1,-1,8,3,8
2018370273399,1,3,0,18,0,1,1,0,7,9,1,1,6,1,17,4,98,1,25,8,3,8
2018370273412,1,5,0,18,0,0,1,0,0,0,0,1,5,1,29,6,1584,1,9,3,1,3
2018370273514,1,9,0,17,0,0,0,0,1,4,1,1,1,1,39,7,1997,2,9,2,1,2
2018370273611,1,9,0,18,0,8,0,0,0,0,4,1,5,1,37,7,2398,1,21,2,1,2
2018370273611,2,9,0,18,0,6,0,0,0,0,0,1,1,1,25,5,1560,2,4,2,1,2
2018370273666,1,19,0,18,0,1,0,0,0,0,1,1,1,1,28,6,2298,2,2,7,1,7
2018370273666,2,9,0,3,0,1,0,0,0,0,2,1,5,2,70,10,1242,1,9,6,3,6
2018370273714,1,9,0,18,0,4,0,0,0,0,1,1,5,2,18,4,1198,1,13,3,1,3
2018370273714,2,9,0,18,0,4,1,0,0,0,3,1,2,2,34,6,1598,1,5,-1,-1,-1
2018370273754,1,9,0,18,0,0,0,0,0,0,1,1,5,2,26,6,998,1,7,1,1,1
2018370273754,2,9,0,18,0,0,0,0,0,0,2,1,1,2,43,7,1598,2,4,5,3,5
2018370273754,3,9,0,18,0,0,0,0,0,0,2,1,1,1,36,7,1598,2,7,5,1,5
2018370273816,1,9,0,18,0,4,0,0,0,0,1,1,2,1,38,7,-1,-1,-1,1,1,1
2018370273816,2,9,0,18,0,4,0,0,0,0,4,1,5,2,28,6,996,1,5,2,1,2
2018370274214,1,9,0,3,0,0,0,0,0,0,1,1,1,1,29,6,1997,2,14,9,2,9
2018370274214,2,9,0,2,0,0,0,0,0,0,2,1,6,3,-1,-1,-1,-1,-1,-1,-1,-1
2018370274342,1,9,0,17,0,0,0,0,0,0,1,1,6,2,79,11,799,2,9,4,3,4