Accident_Index,Vehicle_Reference,Vehicle_Type,Towing_and_Articulation,Vehicle_Manoeuvre,Vehicle_Location-Restricted_Lane,Junction_Location,Skidding_and_Overturning,Hit_Object_in_Carriageway,Vehicle_Leaving_Carriageway,Hit_Object_off_Carriageway,1st_Point_of_Impact,Was_Vehicle_Left_Hand_Drive?,Journey_Purpose_of_Driver,Sex_of_Driver,Age_of_Driver,Age_Band_of_Driver,Engine_Capacity_(CC),Propulsion_Code,Age_of_Vehicle,Driver_IMD_Decile,Driver_Home_Area_Type,Vehicle_IMD_Decile
2018370285391,1,9,0,18,0,0,0,0,0,0,4,1,6,1,49,8,1896,2,15,1,1,1
2018370285435,1,9,0,18,0,0,0,0,1,0,1,1,5,1,78,11,1798,1,7,7,1,7
2018370285435,2,9,0,3,0,0,0,0,0,0,3,1,5,1,58,9,1995,2,-1,8,3,8
2018370285477,1,9,0,1,0,0,0,0,0,0,2,1,6,2,25,5,1242,1,12,1,1,1
2018370285477,2,1,0,18,0,0,1,0,0,0,0,1,6,1,13,3,-1,-1,-1,1,1,1
2018370285493,1,9,0,9,0,8,1,0,0,0,1,1,5,2,72,10,1461,2,2,1,1,1
2018370285493,2,9,0,18,0,1,1,0,7,9,1,1,5,1,61,9,1461,2,5,5,3,5
2018370285493,3,9,0,3,0,1,0,0,0,0,1,1,6,2,49,8,1197,1,7,5,1,5
2018370285756,1,21,1,18,0,0,0,0,0,0,4,1,1,1,49,8,12777,2,-1,8,2,8
2018370286095,1,5,0,13,0,0,2,0,0,0,1,1,5,1,50,8,1203,1,9,7,1,7
2018370286095,2,9,0,18,0,0,0,0,0,0,1,1,5,1,62,9,1598,1,6,6,3,6
2018370286095,3,5,0,18,0,0,0,0,0,0,1,1,6,1,52,8,998,1,13,10,2,10
2018370286407,1,21,1,18,0,0,0,0,0,0,1,1,1,1,68,10,12777,2,3,5,2,5
2018370286407,2,9,0,3,0,0,0,0,0,0,2,1,6,2,43,7,2488,1,11,2,1,2
2018370286407,3,21,1,3,0,0,0,0,0,0,2,1,1,1,55,8,12777,2,1,4,1,4
2018370286407,4,9,0,3,0,0,0,0,0,0,3,1,6,1,71,10,1956,2,3,8,3,8
2018370286407,5,90,0,3,0,0,0,0,0,0,2,1,5,2,53,8,-1,-1,-1,8,1,8
2018370286407,6,9,0,3,0,0,0,0,0,0,2,1,2,1,45,7,2171,1,16,2,1,2
2018370286474,1,19,0,2,0,0,0,0,0,0,3,1,1,1,25,5,1598,2,3,5,1,5
2018370286474,2,1,0,18,0,0,5,0,0,0,1,1,6,2,62,9,-1,-1,-1,2,1,2
2018370286482,1,9,0,18,0,0,2,0,1,4,1,1,5,1,30,6,3000,1,17,2,1,2
2018370286500,1,9,0,18,0,0,1,0,0,0,1,1,5,2,37,7,998,1,2,8,1,8
2018370286500,2,9,0,4,0,0,1,0,0,0,2,1,5,1,43,7,2401,2,16,2,1,2
2018370286500,3,9,0,4,0,0,0,0,0,0,2,1,5,2,48,8,2179,2,3,6,2,6
2018370286531,1,9,0,18,0,1,0,0,0,0,1,1,5,1,61,9,2400,2,10,4,2,4
2018370286531,2,9,0,16,0,2,0,0,0,0,1,1,2,1,53,8,1895,1,17,4,3,4
2018370286564,1,9,0,3,0,1,0,0,0,0,0,1,3,2,35,6,1598,1,5,4,1,4
2018370286564,2,1,0,5,0,8,2,0,0,0,1,1,6,1,12,3,-1,-1,-1,8,1,8
2018370286604,1,9,0,18,0,1,0,0,0,0,1,1,5,1,26,6,1199,1,15,9,1,9
2018370286604,2,9,0,18,0,1,0,0,0,0,2,1,5,2,40,7,1896,2,10,8,2,8
2018370286756,1,9,0,18,0,0,1,0,0,0,1,1,6,2,28,6,1997,2,10,7,3,7
2018370286756,2,21,0,18,0,0,0,0,0,0,3,1,6,1,56,9,10837,2,4,6,3,6
2018370286826,1,9,0,18,0,1,1,0,0,0,1,1,6,2,21,5,1360,1,15,5,2,5
2018370286826,2,9,0,3,0,1,1,0,0,0,2,1,6,2,55,8,1582,2,7,9,1,9
2018370286826,3,9,0,3,0,1,1,0,0,0,2,1,6,1,41,7,-1,-1,-1,5,3,5
2018370286895,1,9,0,5,0,6,0,0,0,0,2,1,5,1,75,10,1998,1,14,10,2,10
2018370286895,2,9,0,18,0,8,1,0,0,0,1,1,5,1,21,5,1596,1,10,5,-1,5
2018370286909,1,9,0,9,0,5,1,0,0,0,4,1,5,1,37,7,998,1,10,7,1,7
2018370286909,2,3,0,18,0,8,1,0,0,0,1,1,5,1,17,4,125,1,4,2,1,2
2018370286973,1,3,0,18,0,0,2,0,0,0,1,1,2,1,22,5,125,1,8,7,3,7
2018370286973,2,9,0,18,0,0,0,0,0,0,1,1,5,1,24,5,1995,2,7,9,2,9
2018370287003,1,1,0,18,5,0,5,0,0,0,3,1,6,1,30,6,-1,-1,-1,-1,-1,-1
2018370287003,2,9,0,18,0,0,0,0,0,0,4,1,6,2,18,4,1360,1,6,7,3,7
2018370287056,1,9,0,18,0,1,1,0,0,0,1,1,6,1,38,7,1995,2,8,7,3,7
2018370287056,2,9,0,3,0,1,0,0,0,0,2,1,6,1,57,9,1398,2,14,8,1,8
2018370287069,1,9,0,18,0,1,0,0,1,0,1,1,5,1,91,11,2401,2,12,1,1,1
2018370287151,1,9,0,18,0,1,0,0,0,0,1,1,2,2,26,6,1197,1,2,5,2,5
2018370287151,2,9,0,18,0,1,0,0,0,0,2,1,2,1,26,6,1781,1,17,9,1,9
2018370287551,1,9,0,18,0,1,0,0,0,0,3,1,5,2,33,6,1242,1,11,9,1,9
2018370287551,2,9,0,18,0,1,0,0,0,0,1,1,2,1,27,6,1497,8,10,7,1,7
2018370287617,1,9,0,18,0,8,0,0,0,0,3,1,5,2,37,7,1997,2,5,4,2,4
2018370287617,2,9,0,18,0,1,0,0,0,0,1,1,1,1,24,5,-1,-1,-1,5,3,5
2018370287617,3,9,0,18,0,1,0,0,0,0,0,1,6,3,30,6,-1,-1,-1,-1,-1,-1
2018370287619,1,9,0,18,0,0,0,0,0,0,1,1,3,1,18,4,1229,1,11,3,1,3
2018370287619,2,1,0,18,0,0,0,0,0,0,2,1,6,1,38,7,-1,-1,-1,5,3,5
2018370287667,1,9,0,18,0,2,0,0,0,0,1,1,6,2,-1,-1,1242,1,1,7,1,7
2018370287667,2,9,5,5,0,2,0,0,0,0,2,1,5,1,27,6,1498,1,11,1,1,1
2018370287689,1,9,0,18,0,0,0,0,0,0,3,1,2,1,40,7,-1,-1,-1,6,1,6
2018370287709,1,9,0,9,0,2,0,0,0,0,3,1,6,3,-1,-1,1360,1,15,-1,-1,-1
2018370287709,2,5,0,18,0,1,0,0,0,0,1,1,5,1,55,8,748,1,10,3,1,3
2018370288208,1,9,0,18,0,0,0,0,0,0,-1,1,1,1,40,7,1997,2,2,-1,-1,-1
2018370288208,2,1,0,18,0,0,0,0,0,0,1,1,2,1,50,8,-1,-1,-1,10,1,10
2018370288219,1,9,0,18,0,0,0,0,0,0,4,1,1,2,62,9,1499,2,2,6,3,6
2018370288232,1,9,0,18,0,0,2,0,7,4,4,1,5,1,18,4,1200,1,15,8,1,8
2018370288260,1,9,5,18,0,2,0,0,0,0,1,1,5,2,38,7,1595,1,17,4,1,4
2018370288353,1,9,0,18,0,0,0,0,0,0,2,1,5,1,24,5,-1,-1,-1,3,1,3
2018370288353,2,21,0,18,0,0,0,0,0,0,2,1,6,1,51,8,12740,2,4,6,2,6
2018370288384,1,9,0,18,0,0,0,0,0,0,-1,1,6,3,-1,-1,-1,-1,-1,-1,-1,-1
2018370288384,2,9,0,18,0,0,0,0,0,0,3,1,1,2,48,8,1242,1,2,6,1,6
2018370288435,1,9,0,18,0,8,1,0,0,0,1,1,6,2,86,11,999,1,9,8,2,8
2018370288435,2,9,0,4,0,8,1,0,0,0,2,1,5,2,37,7,1242,1,-1,8,3,8
2018370288435,3,9,0,4,0,8,0,0,0,0,2,1,5,2,35,6,1461,2,12,8,2,8
2018370288447,1,9,5,18,0,1,0,0,0,0,1,1,5,1,21,5,-1,-1,-1,5,3,5
2018370288447,2,9,0,18,0,1,0,0,0,0,3,1,6,2,29,6,1242,1,14,7,3,7
2018370288478,1,5,0,18,0,8,1,0,0,0,1,1,5,1,26,6,1152,1,21,4,1,4
2018370288478,2,19,0,18,0,8,0,0,0,0,1,1,2,1,32,6,2402,2,8,4,1,4
2018370288478,3,19,0,3,0,8,0,0,0,0,2,1,2,1,42,7,2198,2,10,2,1,2
2018370288541,1,9,0,18,0,0,0,0,0,0,1,1,5,2,36,7,1560,2,12,9,1,9
2018370288674,1,9,0,18,0,0,0,0,0,0,3,1,5,2,42,7,1598,1,12,5,1,5
2018370288696,1,9,0,18,0,0,0,0,0,0,1,1,6,2,53,8,1595,1,15,1,1,1
2018370288696,2,9,0,18,0,0,0,0,0,0,1,1,6,2,34,6,1461,2,3,5,1,5
2018370289075,1,11,0,18,0,0,0,0,0,0,1,1,1,2,42,7,7300,2,5,6,3,6
2018370289075,2,9,0,18,0,0,0,0,0,0,1,1,6,1,53,8,1248,1,6,10,3,10
2018370289081,1,9,0,18,0,0,0,7,0,0,1,1,5,1,62,9,1242,1,12,5,1,5
2018370289081,2,9,0,2,0,0,0,0,0,0,1,1,6,3,-1,-1,-1,-1,-1,-1,-1,-1
2018370289091,1,9,0,18,0,0,0,0,0,0,1,1,6,1,20,4,1200,1,15,6,2,6
2018370289096,1,9,0,18,0,0,0,0,7,2,1,1,5,1,78,11,999,1,2,5,2,5
2018370289178,1,9,0,18,0,0,0,0,0,0,1,1,5,2,47,8,1951,2,16,-1,-1,-1
2018370289178,2,17,5,18,0,0,0,0,0,0,3,1,1,1,68,10,-1,2,2,6,3,6
2018370289192,1,9,0,5,0,6,0,0,0,0,1,1,5,2,33,6,898,1,4,6,1,6
2018370289192,2,9,0,18,0,8,0,0,0,0,1,1,5,2,63,9,1968,2,2,6,3,6
2018370289478,1,9,0,18,0,1,1,0,0,0,1,1,5,1,75,10,1796,1,9,8,1,8
2018370289478,2,9,0,4,0,1,0,0,0,0,2,1,5,2,34,6,1997,2,8,3,3,3
2018370289478,3,9,0,4,0,1,0,0,0,0,3,1,6,2,60,9,996,1,2,4,1,4
2018370289505,1,9,0,4,0,0,0,0,0,0,2,1,6,3,-1,-1,-1,-1,-1,-1,-1,-1
2018370289505,2,3,0,18,0,0,1,0,0,0,1,1,2,1,20,4,125,1,-1,6,3,6
2018370289553,1,9,0,9,0,8,0,0,0,0,3,1,5,1,31,6,1596,1,14,5,3,5
2018370289553,2,9,0,13,0,8,1,0,1,9,4,1,5,1,29,6,2979,1,15,6,1,6
2018370289863,1,9,0,18,0,0,0,0,0,0,3,1,5,1,76,11,1997,1,5,10,1,10
2018370289885,1,9,5,18,0,0,0,0,0,0,1,1,5,2,29,6,1149,1,7,9,3,9
2018370289919,1,9,0,18,0,2,0,0,0,0,3,1,1,1,63,9,1896,2,14,4,1,4
2018370289964,1,9,0,18,0,0,0,0,0,0,1,1,5,2,17,4,875,1,5,5,3,5
2018370289995,1,9,0,18,0,0,0,0,0,0,4,1,2,2,19,4,1328,1,13,6,1,6
2018370289995,2,9,0,18,0,0,0,0,0,0,3,1,1,1,44,7,-1,-1,-1,7,2,7
2018370290034,1,9,0,18,0,1,0,0,0,0,2,1,1,1,24,5,1998,1,6,5,1,5
2018370290034,2,9,5,18,0,1,0,0,0,0,1,1,5,1,71,10,-1,-1,-1,8,1,8
2018370290645,1,9,0,14,0,0,2,0,0,0,1,1,5,1,43,7,-1,-1,-1,8,2,8
2018370290645,2,9,0,9,0,0,0,0,0,0,3,1,5,2,51,8,2987,2,2,5,1,5
2018370290722,1,9,0,18,0,0,1,10,1,10,4,1,6,2,26,6,998,1,7,6,1,6
2018370290856,1,97,0,18,0,8,1,0,0,0,1,1,6,1,22,5,-1,-1,-1,10,1,10
2018370290856,2,9,0,1,0,8,0,0,0,0,1,1,6,1,22,5,1968,2,1,2,1,2
2018370290856,3,9,0,2,0,8,0,0,0,0,2,1,6,1,38,7,1598,1,4,1,1,1
2018370290864,1,9,0,17,0,0,0,0,0,0,1,1,6,2,77,11,1395,1,3,5,3,5
2018370290864,2,9,0,17,0,0,0,0,0,0,1,1,6,1,35,6,1995,2,8,3,1,3
2018370291022,1,9,0,5,0,6,0,0,0,0,1,1,5,2,85,11,1199,1,14,4,2,4
2018370291022,2,9,0,18,0,8,0,0,0,0,3,1,5,1,35,6,3199,1,18,5,3,5
2018370291134,1,9,0,18,0,1,1,0,7,3,1,1,5,2,18,4,999,1,16,8,2,8
2018370291190,1,9,0,18,0,0,0,0,0,0,1,1,5,2,79,11,1149,1,16,9,1,9
2018370291190,2,9,0,2,0,0,0,0,0,0,3,1,6,3,-1,-1,-1,-1,-1,-1,-1,-1
2018370291211,1,9,0,5,0,2,0,0,0,0,4,1,5,2,42,7,1968,2,3,6,3,6
2018370291211,2,9,0,18,0,1,0,0,0,0,1,1,1,1,19,4,1598,1,14,3,1,3
2018370291211,3,9,0,3,0,1,0,0,0,0,3,1,1,2,51,8,1198,1,4,7,1,7
2018370291239,1,9,0,9,0,8,0,0,0,0,1,1,1,1,24,5,-1,-1,-1,5,3,5
2018370291239,2,21,1,18,0,8,0,0,0,0,1,1,1,1,58,9,12740,2,2,6,2,6
2018370291243,1,9,0,5,0,6,0,0,0,0,3,1,5,2,86,11,998,1,3,-1,-1,-1
2018370291243,2,19,0,7,0,6,0,0,0,0,3,1,1,1,46,8,2402,2,11,1,1,1
2018370291256,1,98,0,18,0,6,0,0,0,0,1,1,6,1,-1,-1,-1,-1,-1,-1,-1,-1
2018370291256,2,1,0,18,0,8,0,0,0,0,4,1,2,1,19,4,-1,-1,-1,9,1,9
2018370291280,1,9,0,18,0,0,0,0,0,0,1,1,2,1,30,6,1998,1,11,2,1,2
2018370291280,2,9,0,18,0,0,0,0,0,0,2,1,2,2,50,8,1995,2,2,8,3,8
2018370291284,1,9,0,4,0,1,0,0,0,0,1,1,2,2,22,5,1398,1,5,5,2,5
2018370291284,2,1,0,18,4,1,2,0,0,0,1,1,4,1,11,3,-1,-1,-1,6,2,6
2018370291303,1,9,0,18,0,0,0,0,0,0,1,1,6,1,44,7,1998,1,3,9,1,9
2018370291303,2,9,0,18,0,0,0,0,0,0,2,1,2,1,23,5,1595,1,16,3,1,3
2018370291303,3,9,0,18,0,0,0,0,0,0,1,1,5,1,44,7,1685,2,2,2,1,2
2018370291331,1,9,-1,18,0,0,0,0,0,0,3,1,6,3,-1,-1,-1,-1,-1,-1,-1,-1
2018370291331,2,9,0,18,0,0,0,0,0,0,3,1,2,1,43,7,1995,2,5,9,2,9
2018370291343,1,9,0,9,0,8,0,0,0,0,1,1,5,1,70,10,1997,2,3,8,3,8
2018370291343,2,2,0,18,0,8,0,0,0,0,4,1,1,1,16,4,49,1,4,5,3,5
2018370291359,1,9,0,9,0,6,0,0,0,0,3,1,2,2,22,5,-1,-1,-1,6,2,6
2018370291359,2,9,0,18,0,8,0,0,0,0,1,1,1,1,42,7,1753,2,11,1,1,1
2018370291484,1,9,0,18,0,0,0,0,0,0,1,1,5,2,86,11,-1,-1,-1,6,2,6
2018370291520,1,9,0,3,0,1,0,0,0,0,1,1,5,1,53,8,1461,2,13,3,1,3
2018370291520,2,9,0,3,0,2,0,0,0,0,2,1,5,2,24,5,1598,1,12,1,1,1
2018370291628,1,9,0,4,0,0,1,0,0,0,1,1,2,1,24,5,1995,2,13,2,1,2
2018370291628,2,9,0,4,0,0,0,0,0,0,2,1,5,2,48,8,1997,2,5,10,1,10
2018370291671,1,19,0,18,0,1,0,0,0,0,1,1,2,1,27,6,1997,2,-1,3,1,3
2018370291684,1,9,0,18,0,8,0,0,0,0,1,1,6,2,67,10,1364,1,11,3,1,3
2018370291684,2,1,0,18,0,8,2,0,0,0,2,1,6,1,43,7,-1,-1,-1,10,2,10
2018370291732,1,19,0,18,0,0,0,0,7,11,1,1,1,1,43,7,2461,2,12,2,1,2
2018370291928,1,9,0,18,0,1,0,0,0,0,1,1,5,2,20,4,998,1,1,7,1,7
2018370291928,2,9,0,3,0,1,0,0,0,0,2,1,5,2,51,8,1781,1,14,2,1,2
2018370291928,3,9,0,3,0,4,0,0,0,0,2,1,5,1,19,4,1596,1,8,7,1,7
2018370291957,1,9,0,18,0,1,0,0,0,0,4,1,5,1,26,6,1461,2,5,2,1,2
2018370291957,2,9,0,18,0,1,0,0,0,0,1,1,5,1,26,6,1397,1,16,1,1,1
2018370292236,1,9,0,18,0,0,1,0,1,4,1,1,6,1,44,7,898,1,2,6,3,6
2018370292322,1,9,0,17,0,8,0,0,0,0,3,1,3,2,49,8,1968,2,10,8,3,8
2018370292322,2,9,0,16,0,8,0,0,0,0,3,1,1,2,20,4,1198,1,10,8,3,8
2018370292345,1,1,0,18,0,8,0,0,0,0,1,1,2,2,38,7,-1,-1,-1,7,1,7
2018370292345,2,9,0,18,0,8,0,0,0,0,4,1,5,2,56,9,1598,1,13,5,1,5
2018370292347,1,9,0,18,0,0,0,0,0,0,1,1,5,1,72,10,1968,2,4,2,1,2
2018370292369,1,9,0,18,0,0,0,0,0,0,1,1,2,1,22,5,-1,-1,-1,7,3,7
2018370292369,2,9,0,2,0,0,0,0,0,0,2,1,2,2,40,7,1796,1,14,7,3,7
2018370292388,1,21,0,4,0,0,0,0,0,0,1,1,6,1,27,6,10677,2,3,8,1,8
2018370292388,2,16,0,18,0,0,0,0,0,0,2,1,6,2,47,8,-1,-1,-1,5,3,5
2018370292415,1,9,0,9,0,8,0,0,0,0,4,1,5,1,23,5,1995,2,5,3,1,3
2018370292415,2,9,0,18,0,1,0,0,7,0,1,1,5,1,89,11,1951,2,13,6,3,6
2018370292534,1,9,0,4,0,0,0,0,0,0,1,1,6,1,52,8,2231,2,6,10,2,10
2018370292534,2,9,0,4,0,0,0,0,0,0,2,1,5,2,43,7,1587,1,13,4,1,4
2018370292716,1,9,0,4,0,0,0,0,0,0,1,1,2,2,60,9,1591,1,2,8,3,8
2018370292752,1,9,0,18,0,0,0,0,0,0,1,1,6,2,52,8,1796,1,12,5,3,5
2018370292752,2,5,0,2,0,0,0,0,0,0,2,1,5,1,48,8,1255,1,11,7,1,7
2018370292837,1,19,0,18,0,0,0,0,0,0,1,1,1,1,47,8,1995,2,2,3,1,3
2018370292837,2,9,0,18,0,0,0,0,0,0,2,1,1,1,53,8,1560,2,2,4,2,4
2018370292844,1,9,0,10,0,0,0,0,0,0,4,1,2,1,32,6,2179,2,8,7,3,7
2018370292844,2,9,0,18,0,0,1,0,0,0,2,1,5,2,26,6,1388,1,12,5,3,5
2018370292927,1,9,0,7,0,8,5,0,7,0,1,1,5,2,35,6,1991,1,-1,2,1,2
2018370293119,1,1,0,18,0,1,5,0,0,0,1,1,2,1,41,7,-1,-1,-1,10,1,10
2018370293119,2,9,0,4,0,2,0,0,0,0,2,1,5,1,51,8,1951,2,17,2,1,2
2018370293520,1,9,0,2,0,0,0,0,0,0,3,1,2,1,56,9,1360,1,18,9,1,9
2018370293520,2,1,0,18,0,0,0,0,0,0,1,1,5,1,62,9,-1,-1,-1,5,1,5
2018370293548,1,9,0,9,0,8,0,0,0,0,1,1,5,2,81,11,1686,2,14,8,2,8
2018370293548,2,1,0,5,0,8,0,0,0,0,0,1,3,2,46,8,-1,-1,-1,9,3,9
2018370293834,1,9,0,9,0,8,0,0,0,0,4,1,5,2,26,6,1560,2,7,2,1,2
2018370293834,2,1,0,18,0,8,0,0,0,0,1,1,6,1,39,7,-1,-1,-1,10,1,10
2018370293984,1,9,0,18,0,0,0,0,0,0,0,1,6,1,36,7,1598,1,-1,4,2,4
2018370293984,2,1,0,18,0,0,2,0,1,0,0,1,5,1,51,8,-1,-1,-1,7,2,7
2018370293984,3,1,0,18,0,0,2,0,1,0,0,1,5,1,27,6,-1,-1,-1,4,3,4
2018370294367,1,9,0,2,0,8,0,0,0,0,1,1,5,2,59,9,1499,2,3,8,1,8
2018370294367,2,1,0,14,0,8,0,0,0,0,1,1,4,1,14,3,-1,-1,-1,4,1,4
2018370294367,3,11,0,4,0,8,0,0,0,0,2,1,2,1,44,7,3900,2,13,3,1,3
2018370294413,1,3,0,16,0,8,1,0,0,0,1,1,6,1,59,9,125,1,2,2,1,2
2018370294413,2,19,0,17,0,8,0,0,0,0,3,1,6,1,31,6,2402,2,10,2,1,2
2018370294413,3,19,0,17,0,8,0,0,0,0,3,1,6,1,53,8,2198,2,7,2,1,2
2018370294459,1,9,0,4,0,8,1,0,0,0,1,1,6,1,19,4,1390,1,17,6,2,6
2018370294459,2,9,0,4,0,8,0,0,0,0,2,1,6,2,17,4,1043,1,28,2,1,2
2018370294508,1,9,0,18,0,0,1,0,0,0,1,1,5,1,15,3,1242,1,9,1,1,1
2018370294508,2,9,0,2,0,0,0,0,0,0,3,1,6,3,-1,-1,-1,-1,-1,-1,-1,-1
2018370294508,3,98,0,2,0,0,1,0,0,0,2,1,6,3,-1,-1,-1,-1,-1,-1,-1,-1
2018370294508,4,9,0,2,0,0,1,0,0,0,2,1,6,3,-1,-1,-1,-1,-1,-1,-1,-1
2018370294508,5,9,0,2,0,0,0,0,0,0,2,1,6,3,-1,-1,-1,-1,-1,-1,-1,-1
2018370294521,1,9,0,18,0,0,0,0,0,0,1,1,6,1,33,6,-1,-1,-1,3,1,3
2018370294521,2,9,0,18,0,0,0,0,0,0,2,1,6,1,55,8,-1,-1,-1,7,2,7
2018370294551,1,9,0,9,0,5,0,0,0,0,3,1,6,2,32,6,899,1,3,3,1,3
2018370294551,2,2,0,14,0,8,0,0,0,0,1,1,6,1,17,4,49,1,6,4,1,4
2018370294584,1,9,0,18,0,0,0,0,0,0,2,1,6,1,34,6,1497,8,11,4,1,4
2018370294584,2,1,0,18,0,0,0,0,0,0,1,1,6,2,39,7,-1,-1,-1,6,1,6
2018370294621,1,98,0,18,0,1,0,0,0,0,4,1,6,3,-1,-1,-1,-1,-1,-1,-1,-1
2018370294725,1,9,0,5,0,8,0,0,0,0,4,1,5,1,24,5,1794,1,15,6,2,6
2018370294725,2,9,0,18,0,8,0,0,0,0,1,1,5,2,51,8,2179,2,11,6,3,6
2018370294824,1,9,0,18,0,0,0,0,0,0,3,1,6,1,60,9,-1,-1,-1,5,1,5
2018370294956,1,9,0,12,0,2,0,0,0,0,3,1,2,1,44,7,1596,1,19,5,1,5
2018370294956,2,21,4,18,0,2,0,0,0,0,1,1,1,1,54,8,12777,2,3,5,3,5
2018370295001,1,9,0,18,0,0,0,0,0,0,1,1,6,1,50,8,-1,-1,-1,-1,-1,-1
2018370295022,1,9,0,-1,-1,-1,-1,-1,-1,0,-1,1,6,1,21,5,1124,1,17,6,1,6
2018370295022,2,9,0,-1,-1,-1,-1,-1,-1,0,-1,1,6,1,25,5,1598,2,6,6,1,6
2018370295066,1,9,0,13,0,1,1,0,7,0,1,1,5,1,38,7,999,1,2,5,2,5
2018370295066,2,9,0,9,0,1,0,0,0,0,1,1,5,1,38,7,1969,2,-1,6,3,6
2018370295076,1,20,0,18,0,0,0,0,0,0,3,1,6,1,30,6,-1,-1,-1,1,1,1
2018370295246,1,9,0,18,0,0,0,0,0,0,1,1,6,2,33,6,1363,2,14,8,1,8
2018370295246,2,9,0,4,0,0,0,0,0,0,2,1,5,1,50,8,1598,1,8,8,1,8
2018370295277,1,9,0,1,0,1,0,0,0,0,2,1,6,1,-1,-1,1498,1,1,8,1,8
2018370295277,2,9,0,1,0,1,0,0,0,0,2,1,6,1,49,8,-1,-1,-1,5,1,5
2018370295282,1,9,0,14,0,0,0,0,0,0,4,1,6,2,70,10,1998,1,9,10,1,10
2018370295282,2,21,0,2,0,0,0,0,0,0,0,1,1,1,54,8,12740,2,8,3,3,3
2018370295317,1,9,0,18,0,0,0,0,0,0,1,1,5,1,77,11,1587,1,9,7,2,7
2018370295407,1,9,0,9,0,1,0,0,0,0,1,1,6,1,18,4,1242,1,2,6,2,6
2018370295407,2,9,0,18,0,1,0,0,0,0,1,1,5,2,65,9,1896,2,13,7,3,7
2018370295496,1,9,0,9,0,1,0,0,0,0,4,1,6,2,19,4,1200,1,1,6,3,6
2018370295496,2,9,0,18,0,1,0,0,0,0,1,1,5,2,27,6,1242,1,1,9,1,9
2018370295545,1,9,0,18,0,0,0,0,0,0,3,1,6,2,63,9,998,1,4,8,1,8
2018370295545,2,9,0,18,0,0,0,0,0,0,3,1,6,3,34,6,1242,1,14,4,3,4
2018370295598,1,1,0,5,0,8,0,0,0,0,3,1,5,1,10,2,-1,-1,-1,9,2,9
2018370295598,2,9,0,18,0,8,0,0,0,0,1,1,5,2,41,7,1984,1,11,7,3,7
2018370296234,1,8,0,18,0,8,5,0,0,0,4,1,1,1,36,7,1598,2,7,9,1,9
2018370296234,2,21,4,18,0,8,0,0,0,0,1,1,1,1,61,9,11705,2,10,6,1,6
2018370296290,1,9,0,7,0,1,0,0,0,0,4,1,6,2,45,7,998,1,1,6,3,6
2018370296290,2,1,0,18,0,1,0,0,0,0,3,1,1,1,46,8,-1,-1,-1,7,1,7
2018370296568,1,9,0,18,0,0,0,0,0,0,1,1,5,2,32,6,1595,1,9,-1,-1,-1
2018370296568,2,9,0,18,0,0,0,0,0,0,1,1,2,1,20,4,1461,2,10,3,1,3
2018370296568,3,9,0,18,0,0,0,0,0,0,0,1,1,1,26,6,1560,2,4,-1,-1,-1
2018370296666,1,98,0,18,0,0,0,0,0,0,1,1,1,1,48,8,-1,-1,-1,5,3,5
2018370296666,2,9,0,4,0,0,0,0,0,0,2,1,1,1,58,9,1598,2,6,7,1,7
2018370297145,1,9,0,18,0,4,0,0,0,0,3,1,5,2,38,7,1582,2,6,9,1,9
2018370297145,2,5,0,18,0,8,2,0,0,0,1,1,6,1,57,9,955,1,16,6,1,6
2018370297161,1,9,0,18,0,0,0,0,0,0,1,1,5,1,56,9,2435,1,16,6,3,6
2018370297161,2,9,0,18,0,0,0,0,0,0,1,1,5,1,62,9,1998,1,-1,6,1,6
2018370297193,1,9,0,9,0,8,0,0,0,0,3,1,5,1,79,11,1986,1,27,7,2,7
2018370297193,2,4,0,18,0,8,2,0,0,0,3,1,1,1,24,5,398,1,9,7,2,7
2018370297232,1,9,0,7,0,5,0,0,0,0,1,1,6,1,34,6,1598,1,14,5,1,5
2018370297406,1,9,0,18,0,0,0,0,0,0,1,1,6,1,23,5,-1,-1,-1,5,3,5
2018370297406,2,9,0,3,0,0,0,0,0,0,2,1,6,2,33,6,1360,1,11,3,1,3
2018370297443,1,17,0,2,0,0,0,0,0,0,2,1,6,3,-1,-1,-1,-1,-1,-1,-1,-1
2018370297443,2,9,0,18,0,0,0,0,0,0,1,1,5,2,66,10,1197,1,7,10,1,10
2018370297528,1,9,0,13,0,0,0,0,0,0,1,1,6,1,-1,-1,-1,-1,-1,7,3,7
2018370297528,2,9,0,3,0,0,0,0,0,0,1,1,2,1,32,6,1398,1,2,7,3,7
2018370297559,1,9,0,18,0,1,0,0,0,0,4,1,6,2,39,7,1396,1,14,10,1,10
2018370297559,2,1,0,18,0,1,5,0,0,0,3,1,6,2,5,1,-1,-1,-1,6,1,6
2018370297562,1,9,0,18,0,0,0,0,0,0,1,1,2,2,66,10,1587,1,13,8,3,8
2018370297562,2,2,0,18,0,0,5,0,0,0,1,1,6,2,16,4,49,1,3,5,3,5
2018370297679,1,3,0,18,0,0,2,0,0,0,1,1,5,1,18,4,124,1,7,2,1,2
2018370297679,2,9,0,2,0,0,0,0,0,0,3,1,6,2,38,7,1968,2,7,6,1,6
2018370297732,1,9,0,17,0,0,5,0,1,0,1,1,5,2,21,5,1229,1,6,3,1,3