Accident_Index,Vehicle_Reference,Vehicle_Type,Towing_and_Articulation,Vehicle_Manoeuvre,Vehicle_Location-Restricted_Lane,Junction_Location,Skidding_and_Overturning,Hit_Object_in_Carriageway,Vehicle_Leaving_Carriageway,Hit_Object_off_Carriageway,1st_Point_of_Impact,Was_Vehicle_Left_Hand_Drive?,Journey_Purpose_of_Driver,Sex_of_Driver,Age_of_Driver,Age_Band_of_Driver,Engine_Capacity_(CC),Propulsion_Code,Age_of_Vehicle,Driver_IMD_Decile,Driver_Home_Area_Type,Vehicle_IMD_Decile
2018370297759,1,9,0,18,0,0,0,0,1,11,1,1,1,2,27,6,1598,1,14,4,2,4
2018370297774,1,9,0,9,0,8,0,0,0,0,3,1,5,2,80,11,1685,2,-1,8,1,8
2018370297774,2,1,0,18,0,8,0,0,0,0,1,1,5,1,34,6,-1,-1,-1,6,1,6
2018370297798,1,9,0,3,0,0,0,0,0,0,1,1,5,2,74,10,-1,-1,-1,4,3,4
2018370297798,2,9,0,4,0,0,0,0,0,0,1,1,1,1,28,6,-1,-1,-1,4,1,4
2018370297808,1,9,0,18,0,0,0,0,0,0,4,1,6,3,30,6,-1,-1,-1,-1,-1,-1
2018370297821,1,9,0,7,0,6,0,0,0,0,1,1,5,1,38,7,1390,1,13,2,1,2
2018370297821,2,1,0,18,9,8,0,0,0,0,1,1,2,1,36,7,-1,-1,-1,1,1,1
2018370297852,1,9,0,18,0,1,0,0,0,0,1,1,6,1,34,6,1968,2,7,5,1,5
2018370297852,2,9,0,3,0,1,0,0,0,0,2,1,5,1,59,9,1598,1,13,2,1,2
2018370298041,1,9,0,16,0,0,1,0,0,0,1,1,5,1,60,9,1124,1,15,5,2,5
2018370298041,2,17,0,17,0,0,0,0,0,0,3,1,1,1,62,9,6728,2,7,4,2,4
2018370298079,1,9,0,18,0,1,0,0,0,0,1,1,6,1,17,4,1124,1,15,5,1,5
2018370298079,2,9,0,9,0,2,0,0,0,0,2,1,5,1,69,10,1794,1,17,6,1,6
2018370298106,1,9,0,18,0,1,0,0,0,0,1,1,6,1,27,6,1360,1,13,3,1,3
2018370298106,2,9,0,3,0,1,1,0,0,0,2,1,6,2,19,4,1242,1,12,5,1,5
2018370298166,1,9,0,7,0,0,0,0,0,0,3,1,6,1,61,9,1968,2,2,6,3,6
2018370298166,2,5,0,18,0,0,2,0,0,0,4,1,6,1,58,9,750,1,5,6,2,6
2018370298208,1,9,0,5,0,2,0,0,0,0,1,1,5,2,24,5,1197,1,3,7,3,7
2018370298208,2,9,0,18,0,1,0,0,0,0,3,1,5,2,66,10,1399,1,8,6,3,6
2018370298241,1,19,0,18,0,0,0,0,0,0,1,1,5,1,22,5,1998,2,15,6,3,6
2018370298265,1,19,0,7,0,8,0,0,0,0,4,1,1,1,46,8,2143,2,3,6,3,6
2018370298265,2,1,0,18,0,8,0,0,0,0,0,1,4,1,15,3,-1,-1,-1,2,1,2
2018370298289,1,5,0,18,0,8,5,0,0,0,1,1,5,1,47,8,996,1,15,9,1,9
2018370298289,2,9,0,18,0,8,0,0,0,0,2,1,5,2,24,5,1198,1,3,4,1,4
2018370298296,1,9,0,4,0,0,0,0,0,0,3,1,6,1,26,6,1995,2,12,5,1,5
2018370298296,2,9,0,18,0,0,0,0,0,0,3,1,6,1,27,6,1997,2,11,6,1,6
2018370298305,1,9,0,7,0,8,0,0,0,0,3,1,6,3,-1,-1,-1,-1,-1,-1,-1,-1
2018370298305,2,1,0,18,0,8,0,0,0,0,2,1,6,1,20,4,-1,-1,-1,7,1,7
2018370298348,1,9,0,18,0,0,0,0,0,0,1,1,5,2,46,8,1995,2,9,4,1,4
2018370298348,2,9,0,18,0,0,0,0,0,0,4,1,1,1,55,8,2198,2,3,5,1,5
2018370298348,3,98,0,18,0,0,0,0,0,0,2,1,5,2,76,11,-1,-1,-1,6,2,6
2018370298402,1,9,0,18,0,0,2,10,0,0,1,1,5,1,36,7,1951,2,15,6,1,6
2018370298402,2,9,0,18,0,0,0,0,0,0,1,1,5,2,62,9,1968,2,2,8,3,8
2018370298409,1,9,0,18,0,0,0,0,0,0,1,1,6,3,50,8,-1,-1,-1,-1,-1,-1
2018370298409,2,9,0,18,0,0,0,0,0,0,2,1,6,2,49,8,1199,1,15,9,3,9
2018370298439,1,2,0,5,0,6,0,10,3,2,1,1,5,1,19,4,49,1,5,6,1,6
2018370298473,1,9,0,5,0,6,0,0,0,0,1,1,2,2,59,9,1388,1,7,8,1,8
2018370298473,2,9,0,18,0,8,0,0,0,0,1,1,1,1,50,8,1995,2,7,6,3,6
2018370298483,1,19,0,18,0,0,0,4,0,0,1,1,6,1,32,6,1686,2,15,5,2,5
2018370298483,2,9,0,2,0,0,0,0,0,0,1,1,6,1,18,4,1998,1,16,10,1,10
2018370298489,1,9,0,18,0,0,0,0,0,0,1,1,6,2,52,8,1598,1,10,2,1,2
2018370298489,2,9,0,18,0,0,0,0,0,0,1,1,6,1,29,6,1984,1,16,1,1,1
2018370298512,1,9,0,18,0,6,1,0,3,4,1,1,5,1,17,4,1388,1,8,5,3,5
2018370298543,1,9,0,5,0,6,0,0,0,0,1,1,6,3,-1,-1,-1,-1,-1,-1,-1,-1
2018370298543,2,1,0,18,0,8,5,0,0,0,2,1,2,2,39,7,-1,-1,-1,1,1,1
2018370298611,1,9,0,18,0,0,0,0,0,0,1,1,6,1,59,9,1124,1,16,1,1,1
2018370298611,2,9,0,18,0,0,0,0,0,0,1,1,6,2,27,6,1198,1,12,1,1,1
2018370298611,3,9,0,18,0,0,0,0,0,0,3,1,6,1,57,9,-1,-1,-1,5,3,5
2018370298612,1,3,0,4,0,0,1,0,0,0,1,1,5,1,21,5,124,1,13,5,1,5
2018370298612,2,3,0,9,0,0,0,0,0,0,2,1,5,1,17,4,125,1,1,3,1,3
2018370298625,1,9,0,18,0,0,0,0,0,0,1,1,5,1,26,6,1422,2,16,2,1,2
2018370298625,2,9,0,4,0,0,0,0,0,0,2,1,5,1,78,11,1200,1,-1,3,1,3
2018370298668,1,9,0,5,0,0,0,0,0,0,4,1,6,3,-1,-1,1968,2,4,-1,-1,-1
2018370298668,2,9,0,2,0,0,0,0,0,0,4,1,1,1,35,6,1560,2,3,-1,-1,-1
2018370298668,3,9,0,2,0,0,0,0,0,0,1,1,6,3,-1,-1,-1,-1,-1,-1,-1,-1
2018370298720,1,9,0,18,0,0,0,0,0,0,2,1,6,2,24,5,1560,2,6,8,-1,8
2018370298720,2,9,0,18,0,0,0,0,0,0,1,1,6,1,19,4,-1,-1,-1,2,1,2
2018370298792,1,9,0,18,0,0,0,0,0,0,1,1,6,1,52,8,1753,2,17,7,1,7
2018370298792,2,1,0,18,0,0,0,0,0,0,1,1,6,1,86,11,-1,-1,-1,2,1,2
2018370298980,1,9,0,18,0,0,0,0,0,0,1,1,5,1,35,6,1988,1,15,10,2,10
2018370298980,2,9,0,2,0,0,0,0,0,0,2,1,6,3,-1,-1,-1,-1,-1,-1,-1,-1
2018370298980,3,9,0,2,0,0,0,0,0,0,2,1,6,3,-1,-1,-1,-1,-1,-1,-1,-1
2018370298980,4,9,0,2,0,0,0,0,0,0,2,1,6,3,-1,-1,-1,-1,-1,-1,-1,-1
2018370298980,5,9,0,2,0,0,0,0,0,0,2,1,6,3,-1,-1,-1,-1,-1,-1,-1,-1
2018370299014,1,9,0,18,0,0,0,0,0,0,1,1,6,1,30,6,1998,1,12,-1,-1,-1
2018370299116,1,1,0,18,0,8,0,0,0,0,4,1,6,1,9,2,-1,-1,-1,4,2,4
2018370299116,2,9,0,18,0,8,0,0,0,0,1,1,5,1,23,5,1598,1,13,4,2,4
2018370299126,1,3,0,5,0,6,0,0,0,0,1,1,2,1,28,6,-1,-1,-1,7,1,7
2018370299126,2,9,0,5,0,6,0,0,0,0,1,1,5,2,36,7,3189,1,14,9,1,9
2018370299126,3,9,0,4,0,1,0,0,0,0,0,1,6,1,-1,-1,1586,1,11,10,1,10
2018370299161,1,9,0,18,9,0,0,0,0,0,3,1,5,2,85,11,1596,1,8,10,1,10
2018370299187,1,19,0,4,0,0,0,0,0,0,1,1,1,1,34,6,1995,2,1,4,1,4
2018370299187,2,9,0,4,0,0,0,0,0,0,2,1,5,1,43,7,1587,1,13,10,1,10
2018370299192,1,19,0,18,0,1,0,0,0,0,1,1,6,1,50,8,2198,2,1,4,3,4
2018370299192,2,9,0,3,0,1,0,0,0,0,2,1,6,1,30,6,1968,2,12,2,1,2
2018370299392,1,9,0,9,0,8,0,0,0,0,1,1,5,2,21,5,1198,1,9,2,1,2
2018370299392,2,9,0,18,0,8,0,0,0,0,3,1,5,1,18,4,1596,1,11,5,3,5
2018370299415,1,9,0,18,0,0,0,0,0,0,1,1,6,1,25,5,1560,2,6,6,1,6
2018370299415,2,1,0,18,0,0,0,0,0,0,1,1,6,1,47,8,-1,-1,-1,5,1,5
2018370299477,1,9,0,18,0,8,0,0,0,0,4,1,1,2,20,4,1242,1,10,5,3,5
2018370299477,2,9,0,18,0,8,0,0,0,0,2,1,5,1,22,5,1998,2,10,7,1,7
2018370299477,3,9,0,18,0,8,0,0,0,0,1,1,2,1,46,8,1796,1,13,1,1,1
2018370299531,1,9,0,5,0,8,0,0,0,0,3,1,5,1,31,6,1242,1,17,7,1,7
2018370299531,2,9,0,18,0,8,0,0,0,0,1,1,1,1,33,6,-1,-1,-1,3,1,3
2018370300178,1,9,0,18,0,1,0,0,0,0,3,1,5,2,19,4,1388,1,9,1,1,1
2018370300178,2,9,0,18,0,1,0,0,0,0,4,1,1,2,24,5,-1,-1,-1,3,1,3
2018370300220,1,9,0,18,0,1,0,0,0,0,1,1,1,1,77,11,-1,-1,-1,6,3,6
2018370300220,2,1,0,17,0,1,0,0,0,0,4,1,1,1,40,7,-1,-1,-1,8,1,8
2018370300233,1,9,0,18,0,0,0,0,0,0,4,1,5,1,30,6,1560,2,9,7,1,7
2018370300474,1,9,0,18,0,1,0,0,0,0,3,1,6,1,41,7,1598,2,2,1,1,1
2018370300474,2,9,0,18,0,1,0,0,0,0,1,1,5,1,26,6,1497,1,17,7,1,7
2018370300545,1,9,0,18,0,1,0,0,0,0,1,1,5,2,70,10,1999,1,13,9,3,9
2018370300545,2,9,0,10,0,1,0,0,0,0,2,1,2,2,31,6,1796,1,10,6,2,6
2018370300562,1,11,0,18,0,0,0,0,0,0,4,1,1,1,-1,-1,6696,2,5,9,1,9
2018370300589,1,9,0,7,0,1,0,0,0,0,4,1,5,1,28,6,1995,2,11,7,1,7
2018370300589,2,1,0,18,0,1,5,0,0,0,1,1,6,2,37,7,-1,-1,-1,7,2,7
2018370300683,1,9,0,9,0,0,0,0,0,0,1,1,5,2,72,10,2495,2,15,6,3,6
2018370300683,2,9,0,18,0,0,0,0,0,0,1,1,5,2,53,8,1390,1,11,6,3,6
2018370300709,1,9,0,18,0,0,0,0,0,0,1,1,5,2,20,4,1229,1,12,5,3,5
2018370300709,2,9,0,4,0,0,0,0,0,0,2,1,3,2,37,7,1596,1,7,4,3,4
2018370300709,3,9,0,13,0,0,0,0,0,0,0,1,6,3,-1,-1,-1,-1,-1,-1,-1,-1
2018370300739,1,9,0,2,0,0,0,0,0,0,3,1,6,1,-1,-1,1796,1,2,-1,-1,-1
2018370300739,2,1,0,18,0,0,5,0,0,0,1,1,2,1,46,8,-1,-1,-1,9,1,9
2018370301081,1,21,0,18,0,2,0,0,0,0,1,1,6,1,60,9,4485,2,1,4,2,4
2018370301081,2,1,0,10,0,2,0,0,0,0,2,1,6,1,55,8,-1,-1,-1,6,1,6
2018370301323,1,1,0,18,0,0,0,0,0,0,1,1,6,1,50,8,-1,-1,-1,7,1,7
2018370301323,2,9,0,18,0,0,0,0,0,0,2,1,6,1,35,6,-1,-1,-1,3,2,3
2018370301398,1,9,0,18,0,0,0,0,0,0,1,1,6,2,55,8,-1,-1,-1,4,1,4
2018370301398,2,1,0,18,0,0,0,0,0,0,1,1,6,2,24,5,-1,-1,-1,8,1,8
2018370301465,1,9,0,18,0,0,0,0,0,0,1,1,6,3,30,6,-1,-1,-1,-1,-1,-1
2018370301465,2,1,0,18,0,0,0,0,0,0,2,1,2,2,31,6,-1,-1,-1,6,1,6
2018370301489,1,9,0,18,0,1,0,0,0,0,3,1,5,2,33,6,1388,1,8,6,1,6
2018370301509,1,9,0,18,0,1,0,0,0,0,1,1,6,3,30,6,-1,-1,-1,-1,-1,-1
2018370301509,2,1,0,18,0,1,0,0,0,0,2,1,5,1,18,4,-1,-1,-1,1,1,1
2018370301613,1,1,0,18,0,0,0,0,0,0,1,1,4,1,12,3,-1,-1,-1,6,1,6
2018370301613,2,9,0,18,0,0,0,0,0,0,3,1,2,2,47,8,1591,1,6,9,1,9
2018370301687,1,3,0,18,0,2,0,0,0,0,1,1,5,1,17,4,125,1,3,9,1,9
2018370301694,1,9,0,18,0,2,0,0,0,0,1,1,6,3,-1,-1,-1,-1,-1,-1,-1,-1
2018370301694,2,9,0,18,0,2,0,0,0,0,3,1,5,2,37,7,1796,1,13,2,1,2
2018370301726,1,9,0,18,0,0,0,0,0,0,1,1,6,2,37,7,1956,2,7,1,1,1
2018370301786,1,9,0,5,0,3,0,0,0,0,1,1,5,1,22,5,-1,-1,-1,9,3,9
2018370301786,2,9,0,5,0,3,0,0,0,0,2,1,5,2,24,5,1798,1,7,8,2,8
2018370301804,1,9,0,7,0,0,0,0,0,0,3,1,2,1,56,9,-1,-1,-1,10,1,10
2018370301804,2,1,0,18,9,0,0,0,0,0,1,1,4,1,13,3,-1,-1,-1,6,3,6
2018370301812,1,9,5,18,0,0,0,0,0,0,2,1,5,2,24,5,1956,2,6,9,2,9
2018370301812,2,9,5,18,0,0,0,0,0,0,1,1,1,1,52,8,1560,2,7,7,1,7
2018370301813,1,9,0,1,0,0,0,0,0,0,2,1,6,2,67,10,999,1,2,8,3,8
2018370301836,1,9,0,18,0,0,0,0,0,0,4,1,3,2,39,7,1968,2,13,10,1,10
2018370301836,2,9,0,2,0,0,0,0,0,0,3,1,6,3,-1,-1,-1,-1,-1,-1,-1,-1
2018370302249,1,9,0,18,0,1,1,0,5,0,3,1,6,1,31,6,1985,1,20,4,1,4
2018370302249,2,9,0,18,0,1,0,0,0,0,3,1,5,2,62,9,3301,1,13,6,3,6
2018370302252,1,9,0,9,0,1,0,0,0,0,4,1,5,2,68,10,1398,1,3,10,3,10
2018370302252,2,9,0,18,0,1,0,0,0,0,1,1,5,1,58,9,-1,-1,-1,2,1,2
2018370302264,1,5,0,4,0,0,2,0,0,0,3,1,1,1,20,4,600,1,4,9,2,9
2018370302264,2,9,0,18,0,0,0,0,0,0,2,1,1,2,50,8,1799,1,7,5,2,5
2018370302303,1,9,0,9,0,8,0,0,0,0,2,1,5,2,67,10,1997,2,12,7,3,7
2018370302303,2,1,0,7,0,8,0,0,0,0,1,1,6,1,-1,-1,-1,-1,-1,-1,-1,-1
2018370302347,1,90,1,18,0,0,0,0,0,0,3,1,6,3,-1,-1,-1,-1,-1,-1,-1,-1
2018370302377,1,9,0,9,0,1,0,0,0,0,4,1,2,1,71,10,1390,1,9,6,2,6
2018370302377,2,9,0,18,0,1,0,0,0,0,1,1,2,2,19,4,1242,1,4,4,3,4
2018370302377,3,9,0,10,0,1,0,0,0,0,3,1,5,2,36,7,1364,1,12,6,3,6
2018370302426,1,9,0,18,0,0,0,0,0,0,1,1,5,1,48,8,-1,-1,-1,2,3,2
2018370302426,2,2,0,18,0,0,5,0,0,0,4,1,5,1,17,4,49,1,6,3,1,3
2018370302433,1,19,0,16,0,0,2,0,1,9,1,1,1,1,60,9,1995,2,9,7,3,7
2018370302445,1,9,0,18,0,1,0,0,0,0,4,1,6,3,-1,-1,-1,-1,-1,-1,-1,-1
2018370302445,2,1,0,18,0,1,5,0,0,0,3,1,1,1,54,8,-1,-1,-1,2,1,2
2018370302446,1,9,0,5,0,1,0,0,0,0,1,1,6,1,-1,-1,1298,1,16,-1,-1,-1
2018370302446,2,9,0,18,0,1,0,0,0,0,4,1,5,2,71,10,1229,1,12,1,1,1
2018370302486,1,5,0,18,0,0,2,0,0,0,1,1,5,1,22,5,998,1,13,4,1,4
2018370302486,2,9,0,18,0,0,0,0,0,0,1,1,5,2,25,5,1598,1,13,5,1,5
2018370302572,1,9,0,18,0,0,0,0,0,0,1,1,2,2,61,9,2979,1,3,8,1,8
2018370302572,2,9,0,18,0,0,0,0,0,0,3,1,5,2,35,6,2143,2,1,5,3,5
2018370302633,1,9,0,18,0,4,0,0,0,0,3,1,2,1,45,7,1995,2,5,10,1,10
2018370302633,2,5,0,18,0,8,5,0,0,0,1,1,5,1,27,6,849,1,7,10,1,10
2018370302638,1,8,0,18,0,0,0,0,0,0,4,1,6,1,33,6,2143,2,4,2,1,2
2018370302672,1,9,0,18,0,0,0,0,0,0,1,1,6,3,-1,-1,-1,-1,-1,-1,-1,-1
2018370302672,2,1,0,18,0,0,2,0,0,0,0,1,6,1,25,5,-1,-1,-1,4,2,4
2018370302703,1,9,0,9,0,1,0,0,0,0,1,1,5,1,47,8,1598,1,15,5,2,5
2018370302703,2,9,0,18,0,1,0,0,0,0,1,1,5,2,21,5,1242,1,19,7,1,7
2018370302791,1,9,0,9,0,8,0,0,0,0,3,1,5,2,43,7,1997,2,5,6,2,6
2018370302791,2,9,0,3,0,1,0,0,0,0,0,1,6,1,25,5,1149,1,5,6,2,6
2018370302839,1,9,0,18,0,1,0,0,0,0,0,1,6,3,30,6,-1,-1,-1,-1,-1,-1
2018370303068,1,9,0,1,0,0,0,0,0,0,1,1,5,2,71,10,1796,1,14,9,-1,9
2018370303068,2,9,0,2,0,0,0,0,0,0,3,1,5,2,53,8,1560,2,4,2,1,2
2018370303372,1,9,0,5,0,6,0,0,0,0,1,1,6,1,82,11,1200,1,2,6,3,6
2018370303372,2,9,0,18,0,2,0,0,0,0,1,1,2,1,24,5,1198,1,6,9,3,9
2018370303551,1,9,0,18,0,0,1,10,1,4,1,1,5,1,38,7,1598,1,13,8,2,8
2018370303571,1,9,0,18,0,0,0,0,0,0,1,1,5,1,54,8,1596,1,11,10,2,10
2018370303571,2,9,0,1,0,0,0,0,0,0,2,1,5,2,22,5,1461,2,3,7,2,7
2018370303688,1,98,0,3,9,0,0,0,0,0,1,1,6,3,-1,-1,-1,-1,-1,-1,-1,-1
2018370303814,1,9,0,9,0,2,0,0,0,0,1,1,5,1,61,9,1229,1,8,7,1,7
2018370303814,2,3,0,18,0,1,1,0,0,0,1,1,5,1,20,4,125,1,1,5,3,5
2018370303875,1,9,0,18,0,0,5,0,0,0,1,1,5,1,71,10,1198,1,1,9,1,9
2018370303875,2,9,0,2,0,0,0,0,0,0,2,1,6,3,-1,-1,-1,-1,-1,-1,-1,-1
2018370303900,1,9,0,18,0,0,1,0,0,0,1,1,6,1,18,4,1229,1,8,6,3,6
2018370303917,1,9,0,18,0,0,1,0,0,0,1,1,5,2,22,5,1995,1,11,2,1,2
2018370303917,2,9,0,4,0,0,0,0,0,0,2,1,5,1,70,10,1560,2,7,2,1,2
2018370303917,3,9,0,4,0,0,0,0,0,0,2,1,5,2,52,8,1560,2,6,5,1,5
2018370304445,1,5,0,18,0,1,2,0,1,11,1,1,5,1,56,9,821,1,3,9,2,9
2018370304499,1,9,0,18,0,0,0,0,0,0,1,1,2,2,49,8,1149,1,12,2,1,2
2018370304532,1,9,0,18,0,0,0,0,0,0,1,1,5,2,24,5,1360,1,17,5,1,5
2018370304532,2,9,5,18,0,0,0,0,0,0,2,1,5,1,57,9,1149,1,17,10,1,10
2018370304543,1,9,0,18,0,1,0,0,0,0,1,1,5,1,38,7,-1,-1,-1,1,1,1
2018370304543,2,9,0,18,0,4,0,0,0,0,4,1,5,1,74,10,1398,2,12,5,1,5
2018370304571,1,9,5,18,0,0,0,0,0,0,1,1,5,1,31,6,1598,1,17,9,1,9
2018370304646,1,9,0,5,0,6,0,0,0,0,1,1,5,2,62,9,1596,1,18,5,2,5
2018370304646,2,9,0,18,0,8,0,0,0,0,3,1,1,1,38,7,2979,1,17,2,1,2
2018370304730,1,9,0,4,0,0,0,0,0,0,2,1,5,1,73,10,1956,2,7,8,2,8
2018370304730,2,1,0,18,0,0,2,0,0,0,1,1,5,1,36,7,-1,-1,-1,5,2,5
2018370304743,1,9,0,18,0,8,0,0,0,0,1,1,6,2,-1,-1,1499,2,2,3,1,3
2018370304743,2,9,0,4,0,4,0,0,0,0,2,1,5,1,64,9,1597,2,2,3,1,3
2018370304759,1,9,0,9,0,8,0,0,0,0,3,1,2,2,50,8,1997,2,11,7,3,7
2018370304759,2,3,0,18,0,8,2,0,0,0,1,1,5,1,23,5,125,1,1,7,3,7
2018370304774,1,5,0,18,0,0,1,0,1,1,1,1,5,1,55,8,650,1,53,10,2,10
2018370304980,1,9,0,18,0,1,0,0,0,0,1,1,6,3,-1,-1,-1,-1,-1,-1,-1,-1
2018370304987,1,9,0,13,0,0,2,0,1,10,4,1,5,1,71,10,2995,1,2,7,3,7
2018370304987,2,9,0,18,0,0,0,0,0,0,3,1,6,1,79,11,1998,8,2,6,3,6
2018370305274,1,9,0,6,0,8,0,0,0,0,1,1,2,1,39,7,1910,2,12,3,1,3
2018370305344,1,9,0,9,0,6,0,0,0,0,1,1,6,1,36,7,1199,1,18,2,1,2
2018370305344,2,9,0,18,0,8,0,10,0,0,3,1,5,1,43,7,-1,-1,-1,2,3,2
2018370305383,1,9,0,18,0,1,1,10,7,3,1,1,5,2,22,5,1968,2,14,7,3,7
2018370305455,1,9,0,9,0,0,0,0,7,4,4,1,6,1,37,7,1781,1,18,6,1,6
2018370305455,2,9,0,17,0,0,0,0,0,0,1,1,6,1,56,9,1998,1,3,7,3,7
2018370305508,1,98,0,13,0,1,0,0,0,0,4,1,1,2,34,6,-1,-1,-1,6,3,6
2018370305508,2,9,0,11,0,2,0,0,0,0,3,1,5,2,69,10,1597,2,4,9,1,9
2018370305530,1,3,0,4,0,1,2,0,0,0,1,1,5,1,25,5,125,1,10,6,3,6
2018370305530,2,9,0,9,0,2,0,0,0,0,4,1,2,2,38,7,1997,2,1,5,1,5
2018370305534,1,9,0,16,0,0,1,0,0,0,1,1,5,1,61,9,1598,1,10,7,3,7
2018370305534,2,19,0,17,0,0,0,0,0,0,1,1,5,1,60,9,1968,2,2,6,3,6
2018370305970,1,9,0,18,0,1,0,0,0,0,3,1,5,1,25,5,1798,1,12,6,1,6
2018370305970,2,9,0,18,0,1,0,0,0,0,0,1,5,1,63,9,1896,2,13,6,2,6
2018370306002,1,9,0,18,0,1,0,0,0,0,3,1,6,2,20,4,1596,1,7,6,3,6
2018370306002,2,5,0,18,0,1,0,0,0,0,1,1,6,1,-1,-1,1200,1,1,4,3,4
2018370306039,1,9,0,18,0,1,0,0,0,0,1,1,5,1,67,10,1229,1,13,5,1,5
2018370306039,2,9,0,3,0,1,0,0,0,0,2,1,3,2,36,7,1229,1,4,9,1,9
2018370306124,1,9,0,18,0,4,0,0,0,0,1,1,5,2,36,7,2204,2,12,4,1,4
2018370306124,2,1,0,18,0,8,0,0,0,0,3,1,5,2,39,7,-1,-1,-1,4,1,4
2018370306562,1,9,0,4,0,1,1,0,0,0,1,1,5,2,26,6,1388,1,12,1,1,1
2018370306562,2,3,0,4,0,1,2,0,0,0,1,1,5,1,22,5,125,1,1,9,1,9
2018370306562,3,9,0,4,0,1,0,0,0,0,2,1,5,1,56,9,1798,1,7,1,1,1
2018370306626,1,21,1,18,0,0,0,0,1,0,1,1,1,1,62,9,10837,2,3,4,1,4
2018370306626,2,9,0,2,0,0,0,0,0,0,2,1,5,2,57,9,799,2,17,5,2,5
2018370306677,1,5,0,18,0,0,2,0,0,0,4,1,5,1,52,8,748,1,-1,4,2,4
2018370306692,1,9,0,18,0,0,1,0,0,0,3,1,5,1,25,5,995,1,14,1,1,1
2018370306692,2,1,0,18,0,0,5,0,0,0,1,1,6,1,-1,-1,-1,-1,-1,1,1,1
2018370307044,1,9,0,5,0,3,0,0,0,0,1,1,5,1,46,8,2179,2,4,6,1,6
2018370307044,2,9,0,5,0,4,0,0,0,0,3,1,5,2,33,6,3600,1,7,8,1,8
2018370307059,1,9,0,18,0,1,0,0,0,0,1,1,6,2,37,7,1596,1,12,1,-1,1
2018370307059,2,9,0,4,0,1,1,0,0,0,2,1,6,2,19,4,1398,1,9,5,1,5
2018370307059,3,19,0,4,0,1,0,0,0,0,2,1,6,1,55,8,1248,2,2,5,2,5
2018370307079,1,21,0,13,0,0,0,0,0,0,1,1,1,1,35,6,12419,2,7,2,1,2
2018370307079,2,19,4,18,0,0,0,0,0,0,2,1,1,1,21,5,-1,-1,-1,5,2,5
2018370307094,1,9,0,5,0,0,0,0,0,0,2,1,5,1,57,9,1796,1,11,1,1,1
2018370307094,2,1,0,18,0,0,2,0,0,0,1,1,5,2,5,1,-1,-1,-1,1,1,1
2018370307110,1,9,0,18,0,0,0,0,0,0,1,1,5,2,21,5,1490,1,10,4,1,4
2018370307110,2,9,0,4,0,0,0,0,0,0,2,1,5,2,58,9,1242,1,8,-1,-1,-1
2018370307110,3,9,0,4,0,0,0,0,0,0,2,1,5,2,55,8,1586,1,4,4,1,4
2018370307305,1,8,0,18,0,1,0,0,0,0,4,1,1,2,57,9,1560,2,5,6,2,6
2018370307305,2,9,0,2,0,1,0,0,0,0,3,1,6,3,-1,-1,-1,-1,-1,-1,-1,-1
2018370307477,1,5,0,18,0,0,1,0,0,0,4,1,5,1,63,9,1215,1,5,2,1,2
2018370307477,2,9,0,2,0,0,0,0,0,0,3,1,6,3,-1,-1,-1,-1,-1,-1,-1,-1
2018370307477,3,9,0,2,0,0,0,0,0,0,1,1,6,3,-1,-1,-1,-1,-1,-1,-1,-1
2018370307656,1,90,0,18,0,0,0,4,0,0,1,1,5,1,26,6,-1,-1,-1,1,1,1
2018370307656,2,9,0,2,0,0,0,0,0,0,2,1,6,3,-1,-1,-1,-1,-1,-1,-1,-1
2018370308017,1,9,0,18,0,0,0,0,0,0,1,1,6,1,22,5,1896,2,11,5,2,5
2018370308017,2,1,0,18,0,0,0,0,0,0,2,1,2,1,33,6,-1,-1,-1,5,1,5
2018370308144,1,9,0,18,0,2,0,0,7,3,1,1,4,1,17,4,1124,1,21,7,3,7
2018370308151,1,9,0,18,0,1,0,0,0,0,4,1,6,1,62,9,1396,1,6,4,1,4
2018370308151,2,1,0,18,0,2,0,0,0,0,1,1,2,1,60,9,-1,-1,-1,3,1,3
2018370308163,1,9,0,3,0,0,0,0,0,0,0,1,6,1,29,6,998,1,5,2,1,2
2018370308238,1,9,0,18,0,0,0,0,0,0,1,1,2,1,34,6,-1,-1,-1,5,2,5
2018370308238,2,1,0,18,0,0,0,0,0,0,3,1,5,2,42,7,-1,-1,-1,6,2,6
2018370308440,1,17,4,18,0,8,0,0,0,0,3,1,1,1,41,7,6728,2,3,6,3,6
2018370308440,2,4,0,18,0,8,2,0,0,0,1,1,5,1,21,5,400,1,27,6,3,6
2018370308551,1,19,0,4,0,0,2,0,0,0,1,1,1,1,30,6,2198,2,4,6,2,6
2018370308551,2,9,0,4,0,0,0,0,0,0,2,1,6,1,30,6,-1,-1,-1,5,3,5
2018370308626,1,9,0,18,0,0,0,0,0,0,1,1,6,1,91,11,1242,1,12,5,3,5
2018370308626,2,9,0,18,0,0,0,0,0,0,3,1,6,1,63,9,-1,-1,-1,2,1,2
2018370308664,1,9,0,18,0,0,0,0,0,0,1,1,6,1,64,9,1197,1,4,2,1,2
2018370308664,2,9,0,18,0,0,0,0,0,0,1,1,6,1,30,6,1560,2,5,8,1,8
2018370308757,1,9,0,18,0,0,0,0,0,0,1,1,6,1,70,10,-1,-1,-1,6,3,6