Accident_Index,Vehicle_Reference,Vehicle_Type,Towing_and_Articulation,Vehicle_Manoeuvre,Vehicle_Location-Restricted_Lane,Junction_Location,Skidding_and_Overturning,Hit_Object_in_Carriageway,Vehicle_Leaving_Carriageway,Hit_Object_off_Carriageway,1st_Point_of_Impact,Was_Vehicle_Left_Hand_Drive?,Journey_Purpose_of_Driver,Sex_of_Driver,Age_of_Driver,Age_Band_of_Driver,Engine_Capacity_(CC),Propulsion_Code,Age_of_Vehicle,Driver_IMD_Decile,Driver_Home_Area_Type,Vehicle_IMD_Decile
2018370308757,2,9,0,18,0,0,0,0,0,0,4,1,6,2,43,7,2143,2,2,5,3,5
2018370308826,1,-1,-1,18,0,0,0,0,0,0,1,1,6,3,-1,-1,-1,-1,-1,-1,-1,-1
2018370308839,1,21,0,18,0,0,0,0,7,6,1,1,1,1,64,9,10518,2,3,8,2,8
2018370308911,1,9,0,18,0,2,0,0,0,0,1,1,5,1,79,11,1896,2,8,8,3,8
2018370308911,2,1,0,18,0,1,0,0,0,0,1,1,5,1,21,5,-1,-1,-1,3,1,3
2018370308941,1,-1,-1,17,0,1,0,0,0,0,3,1,6,3,-1,-1,-1,-1,-1,-1,-1,-1
2018370308952,1,9,0,18,0,1,0,0,0,0,3,1,5,1,65,9,-1,-1,-1,6,3,6
2018370309190,1,9,0,18,0,8,0,0,0,0,3,1,5,2,21,5,1388,1,16,6,1,6
2018370309190,2,21,4,18,0,8,0,0,0,0,1,1,1,1,28,6,12777,2,4,4,1,4
2018370309288,1,1,0,18,0,0,0,0,0,0,1,1,5,1,17,4,-1,-1,-1,9,1,9
2018370309288,2,9,0,2,0,0,0,0,0,0,2,1,6,3,-1,-1,-1,-1,-1,-1,-1,-1
2018370309312,1,9,0,18,0,0,0,0,0,0,3,1,2,1,20,4,1998,2,11,9,2,9
2018370309312,2,9,0,18,0,0,0,0,0,0,3,1,6,1,19,4,-1,-1,-1,9,2,9
2018370309320,1,9,0,18,0,0,0,0,0,0,1,1,6,2,50,8,998,1,2,4,1,4
2018370309320,2,9,0,18,0,0,0,0,0,0,1,1,6,1,36,7,1968,2,5,5,1,5
2018370309333,1,9,0,18,0,0,0,0,0,0,3,1,2,1,44,7,1598,1,12,1,1,1
2018370309333,2,21,1,7,0,0,0,0,0,0,4,1,1,1,54,8,12130,2,13,2,2,2
2018370309362,1,9,0,9,0,6,0,0,0,0,1,1,2,2,59,9,1560,2,8,6,3,6
2018370309362,2,9,0,18,0,8,0,0,0,0,1,1,6,2,30,6,1390,1,6,9,3,9
2018370309363,1,9,0,9,0,8,0,0,0,0,1,1,5,2,21,5,1242,1,5,10,1,10
2018370309363,2,9,0,18,0,1,0,0,0,0,4,1,6,1,61,9,1560,2,2,5,1,5
2018370309455,1,9,0,9,0,6,0,0,0,0,1,1,5,1,83,11,-1,-1,-1,4,1,4
2018370309455,2,1,0,18,0,6,0,0,0,0,1,1,6,1,49,8,-1,-1,-1,9,1,9
2018370309599,1,5,0,16,0,0,2,0,7,0,1,1,5,1,46,8,1195,1,8,9,3,9
2018370309666,1,9,0,18,0,0,2,0,7,0,1,1,5,1,32,6,2979,1,12,5,2,5
2018370309678,1,19,0,17,0,8,5,0,0,0,3,1,1,1,30,6,2143,2,3,5,1,5
2018370309678,2,9,0,18,0,8,0,0,0,0,1,1,5,1,77,11,1910,2,13,7,3,7
2018370309691,1,3,0,18,0,0,2,0,4,4,3,1,5,1,24,5,124,1,-1,5,3,5
2018370309779,1,9,0,9,0,8,0,0,0,0,3,1,5,2,42,7,1240,1,11,10,2,10
2018370309779,2,1,0,18,0,8,0,0,0,0,1,1,6,1,38,7,-1,-1,-1,9,1,9
2018370309919,1,20,1,18,0,0,1,0,0,0,1,1,1,1,47,8,-1,-1,-1,6,1,6
2018370309919,2,9,0,18,0,0,1,0,0,0,3,1,5,2,36,7,1422,2,15,3,1,3
2018370309974,1,9,0,18,0,4,0,0,0,0,3,1,5,2,65,9,1685,2,5,9,3,9
2018370309974,2,1,0,18,0,8,2,0,0,0,4,1,6,2,49,8,-1,-1,-1,8,3,8
2018370309986,1,1,0,18,0,0,2,0,0,0,1,1,4,1,13,3,-1,-1,-1,7,1,7
2018370309986,2,1,0,18,0,0,2,0,0,0,1,1,4,1,13,3,-1,-1,-1,3,1,3
2018370309986,3,9,0,2,0,0,0,0,0,0,3,1,6,3,-1,-1,-1,-1,-1,-1,-1,-1
2018370310343,1,9,0,18,0,6,0,0,0,0,1,1,5,2,72,10,998,1,11,7,1,7
2018370310371,1,19,0,9,0,2,0,0,0,0,1,1,1,1,20,4,2148,2,11,6,1,6
2018370310371,2,9,0,18,0,1,2,0,1,0,4,1,1,1,46,8,-1,-1,-1,6,2,6
2018370310379,1,19,0,18,0,0,0,0,0,0,4,1,6,2,19,4,1997,2,1,4,3,4
2018370310388,1,9,0,18,0,1,0,0,0,0,1,1,6,2,68,10,2148,2,10,4,1,4
2018370310388,2,9,0,4,0,1,0,0,0,0,2,1,6,1,54,8,1598,2,2,2,1,2
2018370310408,1,19,0,18,0,0,1,0,0,0,3,1,1,1,31,6,1560,2,3,6,2,6
2018370310408,2,19,0,18,0,0,0,0,0,0,3,1,1,1,32,6,1996,2,7,5,3,5
2018370310422,1,9,0,18,0,0,0,0,0,0,1,1,5,2,60,9,998,1,5,10,3,10
2018370310422,2,9,0,4,0,0,0,0,0,0,2,1,5,2,25,5,1995,1,16,6,1,6
2018370310424,1,9,0,9,0,2,0,0,0,0,4,1,6,1,23,5,1984,1,13,6,1,6
2018370310424,2,9,0,18,0,1,0,0,0,0,1,1,5,1,56,9,1560,2,3,6,2,6
2018370310433,1,9,0,6,0,0,0,0,0,0,3,1,5,1,71,10,1968,2,10,9,1,9
2018370310433,2,9,0,18,0,0,0,0,0,0,1,1,1,2,29,6,1995,1,5,7,1,7
2018370310464,1,9,0,18,0,1,0,0,0,0,1,1,5,1,25,5,998,1,13,10,1,10
2018370310464,2,9,0,4,0,1,0,0,0,0,2,1,5,1,45,7,1598,2,4,10,3,10
2018370310513,1,9,0,9,0,5,0,0,0,0,3,1,2,2,33,6,2967,2,4,8,1,8
2018370310513,2,3,0,13,0,8,1,0,0,0,1,1,2,1,17,4,125,1,-1,5,1,5
2018370310573,1,9,0,18,0,0,2,0,0,0,3,1,5,1,24,5,1995,2,10,8,1,8
2018370310573,2,9,0,2,0,0,0,0,0,0,4,1,6,3,-1,-1,-1,-1,-1,-1,-1,-1
2018370310588,1,9,0,18,0,1,1,0,0,0,1,1,2,1,28,6,1968,2,10,9,3,9
2018370310588,2,9,0,4,0,1,0,0,0,0,2,1,5,1,48,8,1798,1,6,9,1,9
2018370310609,1,9,0,18,0,2,0,0,0,0,1,1,5,2,18,4,1299,1,11,9,1,9
2018370310654,1,9,0,18,0,0,0,0,0,0,1,1,5,1,70,10,2771,1,16,6,3,6
2018370310685,1,9,0,9,0,6,0,0,0,0,4,1,6,1,-1,-1,-1,-1,-1,-1,-1,-1
2018370310685,2,9,0,18,0,8,0,0,0,0,4,1,5,1,85,11,1497,1,17,5,2,5
2018370310707,1,3,0,18,0,0,1,0,7,0,4,1,2,1,21,5,124,1,2,7,3,7
2018370310707,2,9,0,5,0,0,0,0,0,0,0,1,2,2,19,4,998,1,4,6,3,6
2018370310764,1,9,0,7,0,0,0,0,0,0,3,1,2,1,56,9,1995,2,15,4,3,4
2018370310764,2,9,0,18,0,0,5,0,0,0,4,1,5,1,55,8,1596,1,15,5,1,5
2018370310791,1,90,4,18,0,4,0,0,0,0,3,1,5,2,63,9,2100,2,16,8,2,8
2018370310791,2,9,0,9,0,8,0,0,0,0,4,1,2,1,28,6,2993,2,12,9,1,9
2018370310817,1,9,0,18,0,4,0,0,0,0,3,1,6,2,20,4,-1,-1,-1,-1,-1,-1
2018370310817,2,5,0,18,0,8,0,0,0,0,4,1,6,1,23,5,636,1,15,2,1,2
2018370310883,1,9,0,18,0,0,0,0,0,0,0,1,5,1,21,5,1339,1,12,2,1,2
2018370310885,1,9,0,9,0,8,0,0,0,0,1,1,3,1,47,8,2894,1,-1,7,3,7
2018370310885,2,1,0,18,0,8,0,0,0,0,3,1,5,1,39,7,-1,-1,-1,6,3,6
2018370310904,1,9,0,17,0,0,0,0,0,0,1,1,5,1,65,9,1364,1,10,6,3,6
2018370310904,2,9,0,18,0,0,0,0,0,0,1,1,5,1,24,5,1368,1,11,6,3,6
2018370311181,1,9,3,4,0,0,0,0,1,0,1,1,5,1,82,11,2199,2,5,9,1,9
2018370311257,1,9,0,12,0,1,0,0,0,0,3,1,5,1,30,6,2149,2,10,5,1,5
2018370311257,2,5,0,18,0,1,2,0,0,0,1,1,5,1,30,6,800,1,5,3,1,3
2018370311257,3,9,0,18,0,1,0,0,0,0,1,1,5,1,49,8,2967,1,17,1,1,1
2018370311494,1,19,0,18,0,1,0,0,0,0,1,1,5,3,-1,-1,1998,2,15,-1,-1,-1
2018370311494,2,9,0,10,0,5,0,0,0,0,3,1,5,1,18,4,1149,1,15,6,2,6
2018370311525,1,9,0,5,0,6,0,0,0,0,3,1,5,1,43,7,1461,2,2,7,3,7
2018370311525,2,1,0,17,0,1,2,0,0,0,4,1,5,1,57,9,-1,-1,-1,7,2,7
2018370311543,1,5,0,18,0,1,2,0,0,0,1,1,5,1,58,9,1170,1,1,6,3,6
2018370311543,2,19,4,6,0,6,0,0,0,0,3,1,1,1,18,4,2143,2,5,8,3,8
2018370311564,1,9,0,18,0,1,1,0,0,0,1,1,2,1,43,7,2000,2,12,8,1,8
2018370311564,2,9,0,3,0,1,0,0,0,0,1,1,5,2,43,7,1368,1,7,10,1,10
2018370311564,3,9,0,18,0,1,0,0,0,0,2,1,5,1,77,11,1596,1,11,8,3,8
2018370311564,4,9,0,18,0,1,0,0,0,0,2,1,6,1,50,8,-1,-1,-1,8,2,8
2018370311612,1,9,3,18,0,0,0,0,0,0,3,1,5,1,79,11,2143,2,5,10,2,10
2018370311612,2,9,0,18,0,0,0,0,0,0,1,1,5,1,47,8,1199,1,14,7,3,7
2018370311612,3,8,0,18,0,0,0,0,0,0,3,1,1,1,39,7,1995,2,5,7,3,7
2018370311622,1,9,0,5,0,0,0,0,0,0,1,1,6,1,29,6,1956,2,6,5,1,5
2018370312266,1,9,0,18,0,1,0,0,0,0,4,1,3,2,19,4,1498,1,10,8,2,8
2018370312266,2,1,0,18,0,1,5,0,0,0,2,1,5,2,61,9,-1,-1,-1,8,1,8
2018370312566,1,9,0,18,0,0,0,0,0,0,3,1,1,2,25,5,1560,2,11,3,1,3
2018370312566,2,3,0,18,0,0,0,0,0,0,1,1,5,1,19,4,124,1,6,7,3,7
2018370312617,1,9,0,9,0,1,0,0,0,0,4,1,6,2,48,8,1560,2,12,7,-1,7
2018370312617,2,1,0,18,9,1,0,0,0,0,1,1,6,1,25,5,-1,-1,-1,8,2,8
2018370312660,1,9,0,18,0,0,0,0,0,0,1,1,1,2,56,9,1580,8,1,2,1,2
2018370312660,2,9,0,18,0,0,0,0,0,0,1,1,6,2,36,7,1086,1,12,7,1,7
2018370312661,1,9,0,18,0,1,0,0,0,0,2,1,2,1,35,6,1995,2,13,1,1,1
2018370312661,2,9,0,18,0,1,0,0,0,0,1,1,2,2,40,7,1197,1,1,8,1,8
2018370312683,1,9,0,12,0,1,0,0,0,0,4,1,5,2,41,7,1199,2,6,6,3,6
2018370312683,2,19,0,18,0,1,0,0,0,0,1,1,1,1,43,7,2198,2,7,8,3,8
2018370312687,1,9,0,18,0,1,0,0,0,0,1,1,5,1,25,5,1598,1,8,10,1,10
2018370312687,2,9,0,4,0,1,0,0,0,0,2,1,1,1,55,8,-1,-1,-1,3,1,3
2018370312699,1,9,0,7,0,8,0,0,0,0,1,1,6,3,-1,-1,-1,-1,-1,-1,-1,-1
2018370312699,2,1,0,5,0,8,2,0,0,0,2,1,2,1,41,7,-1,-1,-1,6,-1,6
2018370312721,1,9,0,18,0,0,1,10,0,0,1,1,5,1,21,5,1840,1,16,4,1,4
2018370312722,1,9,0,18,0,0,0,0,0,0,1,1,1,1,59,9,-1,-1,-1,4,3,4
2018370312722,2,9,0,18,0,0,0,0,0,0,1,1,6,1,65,9,-1,-1,-1,7,2,7
2018370312722,3,9,0,2,0,0,0,0,0,0,0,1,6,2,69,10,1997,2,8,7,2,7
2018370312730,1,9,0,18,0,1,0,0,0,0,1,1,6,3,-1,-1,-1,-1,-1,-1,-1,-1
2018370312730,2,1,0,18,0,1,5,0,0,0,2,1,6,1,14,3,-1,-1,-1,2,1,2
2018370312750,1,9,0,18,0,1,0,0,0,0,1,1,6,1,-1,-1,-1,-1,-1,-1,-1,-1
2018370312750,2,3,0,18,0,1,0,0,0,0,1,1,5,1,19,4,108,1,1,5,1,5
2018370312757,1,9,0,18,0,2,0,4,1,1,1,1,5,2,63,9,1587,1,9,8,3,8
2018370312757,2,9,0,18,0,1,0,0,0,0,2,1,5,1,67,10,1149,1,8,8,3,8
2018370312757,3,9,0,2,0,1,0,0,0,0,2,1,6,3,-1,-1,-1,-1,-1,-1,-1,-1
2018370312779,1,1,0,18,0,8,0,0,0,0,0,1,6,3,-1,-1,-1,-1,-1,-1,-1,-1
2018370312779,2,11,0,18,0,1,0,0,0,0,0,1,1,1,47,8,4461,2,5,3,1,3
2018370312796,1,5,0,13,0,8,0,0,0,0,1,1,5,1,62,9,782,1,3,10,1,10
2018370312796,2,9,0,7,0,6,0,0,0,0,3,1,5,1,43,7,1368,1,1,10,1,10
2018370312814,1,9,0,18,0,0,0,0,0,0,0,1,6,3,-1,-1,-1,-1,-1,-1,-1,-1
2018370312814,2,1,0,18,0,0,0,0,0,0,0,1,5,1,46,8,-1,-1,-1,7,3,7
2018370312838,1,3,0,18,0,1,0,0,0,0,1,1,2,1,19,4,124,1,9,2,1,2
2018370312838,2,9,0,18,0,1,0,0,0,0,1,1,2,1,56,9,-1,-1,-1,5,1,5
2018370312839,1,5,0,18,0,0,2,0,0,0,4,1,5,1,48,8,1130,1,18,5,2,5
2018370312861,1,9,0,18,0,0,0,0,0,0,1,1,6,2,33,6,2987,2,7,7,3,7
2018370312861,2,9,0,3,0,0,0,0,0,0,2,1,5,1,21,5,973,1,15,6,1,6
2018370312867,1,9,0,18,0,0,1,0,1,11,1,1,5,2,19,4,1242,1,4,5,2,5
2018370312916,1,9,0,18,0,0,0,0,0,0,1,1,5,2,24,5,1956,2,7,5,3,5
2018370313140,1,9,0,18,0,0,0,0,0,0,1,1,1,1,30,6,-1,-1,-1,7,3,7
2018370313140,2,9,0,4,0,0,0,0,0,0,2,1,5,1,40,7,-1,-1,-1,7,2,7
2018370313140,3,9,0,1,0,0,0,0,0,0,0,1,1,1,29,6,-1,-1,-1,2,1,2
2018370313144,1,9,0,18,0,2,0,0,0,0,4,1,5,2,49,8,1799,1,10,9,1,9
2018370313189,1,9,0,18,0,0,0,0,0,0,1,1,5,2,50,8,1598,1,17,6,1,6
2018370313189,2,9,0,4,0,0,0,0,0,0,2,1,5,1,77,11,-1,-1,-1,10,1,10
2018370313189,3,9,0,4,0,0,0,0,0,0,2,1,6,2,61,9,1497,8,3,10,3,10
2018370313242,1,9,0,5,0,1,0,0,0,0,1,1,5,1,37,7,1753,2,14,1,1,1
2018370313365,1,9,0,18,0,0,0,0,0,0,1,1,5,2,41,7,2204,2,8,6,3,6
2018370313365,2,9,0,17,0,0,0,0,1,0,1,1,5,1,18,4,1390,1,9,4,3,4
2018370313398,1,90,4,18,0,0,2,0,1,7,1,1,1,1,56,9,-1,-1,-1,1,1,1
2018370313423,1,9,0,9,0,6,0,0,0,0,1,1,6,1,25,5,1995,1,12,6,2,6
2018370313423,2,9,0,18,0,8,0,0,0,0,1,1,5,2,58,9,1360,1,15,8,2,8
2018370313443,1,9,0,18,0,0,1,0,1,0,4,1,5,1,18,4,1490,1,10,7,2,7
2018370313458,1,1,0,18,0,0,0,0,0,0,1,1,6,1,11,3,-1,-1,-1,9,1,9
2018370313458,2,9,0,18,0,0,0,0,0,0,1,1,5,1,46,8,1598,1,16,2,1,2
2018370313473,1,9,0,18,0,6,0,0,0,0,3,1,5,2,77,11,1596,1,7,10,2,10
2018370313473,2,9,0,18,0,8,0,0,0,0,1,1,5,2,53,8,1197,1,1,2,1,2
2018370313500,1,9,0,18,0,1,0,0,0,0,1,1,5,1,20,4,1753,2,17,1,1,1
2018370313500,2,9,0,3,0,1,0,0,0,0,2,1,5,1,48,8,1968,2,1,8,1,8
2018370313520,1,9,0,18,0,0,0,0,0,0,1,1,5,1,33,6,1497,1,15,9,3,9
2018370313520,2,9,0,18,0,0,0,0,0,0,1,1,5,1,32,6,1598,1,10,3,2,3
2018370313535,1,19,0,18,0,0,0,0,0,0,1,1,1,1,24,5,2198,2,2,5,3,5
2018370313535,2,9,0,4,0,0,0,0,0,0,2,1,6,2,18,4,1242,1,3,7,1,7
2018370313545,1,9,0,18,0,1,0,0,0,0,0,1,5,2,32,6,1586,1,1,5,2,5
2018370313545,2,9,0,18,0,1,0,0,0,0,1,1,6,2,60,9,1984,1,17,10,2,10
2018370313586,1,9,0,18,0,1,0,0,0,0,3,1,6,1,36,7,1339,1,7,9,1,9
2018370313586,2,9,0,18,0,1,0,0,0,0,2,1,6,1,17,4,1198,1,7,7,3,7
2018370313594,1,9,0,7,0,5,0,0,0,0,4,1,5,1,22,5,1995,2,11,7,3,7
2018370313594,2,1,0,18,9,1,5,0,0,0,2,1,5,1,14,3,-1,-1,-1,6,1,6
2018370313721,1,1,0,18,0,0,0,0,0,0,1,1,6,1,30,6,-1,-1,-1,6,3,6
2018370313721,2,9,0,2,0,0,0,0,0,0,2,1,6,3,-1,-1,-1,-1,-1,-1,-1,-1
2018370313735,1,9,0,9,0,8,0,0,0,0,4,1,2,1,47,8,1339,1,6,6,1,6
2018370313735,2,1,0,18,0,1,0,0,0,0,4,1,2,1,43,7,-1,-1,-1,9,3,9
2018370313757,1,9,0,17,0,1,0,0,0,0,1,1,5,1,73,10,1582,2,4,10,2,10
2018370313757,2,9,0,18,0,1,0,0,0,0,2,1,5,1,48,8,-1,-1,-1,6,2,6
2018370313774,1,8,0,1,0,0,0,0,0,0,3,1,3,1,49,8,1685,2,2,6,3,6
2018370313855,1,9,0,18,0,8,0,0,0,0,4,1,6,1,34,6,1596,1,16,1,1,1
2018370313855,2,9,0,18,0,8,0,0,0,0,1,1,6,1,61,9,1598,2,1,6,2,6
2018370314097,1,9,0,1,0,0,0,0,0,0,2,1,6,2,24,5,998,1,10,7,2,7
2018370314138,1,9,0,16,0,0,2,10,7,0,1,1,5,1,17,4,1399,2,12,4,3,4
2018370314138,2,9,0,17,0,0,0,0,0,0,1,1,5,2,71,10,1900,2,12,8,3,8
2018370314138,3,9,0,16,0,0,0,0,0,0,1,1,6,1,43,7,-1,-1,-1,7,3,7
2018370314173,1,9,0,9,0,8,0,0,0,0,1,1,5,1,79,11,-1,3,4,7,1,7
2018370314173,2,9,0,18,0,8,0,0,0,0,1,1,5,2,22,5,1296,1,11,9,3,9
2018370314181,1,9,0,18,0,8,0,0,0,0,3,1,1,1,63,9,-1,-1,-1,9,3,9
2018370314181,2,9,0,18,0,1,0,0,0,0,3,1,5,1,75,10,1988,1,15,10,2,10
2018370314276,1,9,0,18,0,0,0,0,0,0,0,1,6,3,-1,-1,-1,-1,-1,-1,-1,-1
2018370314276,2,1,0,18,0,0,0,0,0,0,3,1,6,1,55,8,-1,-1,-1,8,3,8
2018370314354,1,9,0,18,0,0,0,0,7,3,1,1,2,1,22,5,1199,1,16,8,1,8
2018370314552,1,9,0,5,0,2,0,0,0,0,1,1,5,2,33,6,1197,1,4,3,1,3
2018370314552,2,9,0,3,0,6,0,0,0,0,2,1,2,2,53,8,1499,1,-1,5,3,5
2018370314683,1,9,0,18,0,1,0,0,0,0,0,1,5,1,45,7,2792,1,15,6,3,6
2018370314683,2,5,0,18,0,1,0,0,0,0,0,1,6,1,31,6,1731,1,1,3,3,3
2018370314942,1,9,0,5,0,6,0,0,0,0,3,1,5,1,18,4,1560,2,10,5,3,5
2018370314942,2,9,0,18,0,8,0,0,0,0,1,1,6,2,21,5,1197,1,2,5,3,5
2018370314966,1,9,0,18,0,7,1,0,0,0,3,1,5,2,85,11,995,1,11,8,2,8
2018370314966,2,21,1,18,0,8,0,0,0,0,4,1,1,1,53,8,6871,2,-1,7,2,7
2018370315014,1,19,0,18,0,0,0,0,0,0,4,1,1,1,48,8,2143,2,1,1,1,1
2018370315021,1,9,0,1,0,0,0,0,0,0,1,1,1,1,35,6,1896,2,12,6,1,6
2018370315022,1,19,0,18,0,0,0,0,0,0,1,1,1,1,53,8,1248,2,5,3,1,3
2018370315022,2,9,0,18,0,0,0,0,0,0,1,1,5,1,18,4,999,1,4,7,3,7
2018370315037,1,9,0,6,0,0,0,0,0,0,3,1,2,1,49,8,999,1,2,5,1,5
2018370315037,2,5,0,18,0,0,5,0,0,0,1,1,2,2,49,8,675,1,9,6,3,6
2018370315038,1,9,0,1,0,0,0,0,0,0,2,1,5,1,60,9,-1,-1,-1,1,1,1
2018370315133,1,9,0,7,0,8,0,0,0,0,3,1,2,2,31,6,1242,1,8,7,2,7
2018370315133,2,1,0,18,0,8,5,0,0,0,1,1,5,2,33,6,-1,-1,-1,6,3,6
2018370315314,1,9,0,18,0,0,2,0,0,0,1,1,6,1,30,6,1364,1,1,9,3,9
2018370315314,2,9,0,2,0,0,0,0,0,0,2,1,6,3,-1,-1,-1,-1,-1,-1,-1,-1
2018370315350,1,9,0,18,0,0,0,0,0,0,1,1,5,1,53,8,1796,1,9,2,1,2
2018370315350,2,9,0,18,0,0,0,0,0,0,2,1,1,1,37,7,1995,2,11,4,1,4
2018370315350,3,9,0,18,0,0,0,0,0,0,2,1,5,2,38,7,1299,1,13,2,1,2
2018370315398,1,9,0,9,0,2,0,0,0,0,1,1,5,2,28,6,1229,1,5,9,1,9
2018370315398,2,9,0,18,0,1,0,0,0,0,1,1,5,2,42,7,1560,2,8,4,3,4
2018370315496,1,9,0,18,0,1,0,0,0,0,1,1,2,2,81,11,1461,2,14,7,1,7
2018370315507,1,3,0,18,0,8,5,0,0,0,1,1,2,1,21,5,124,1,1,2,1,2
2018370315507,2,19,0,9,0,8,0,0,0,0,3,1,5,1,33,6,1560,2,1,3,1,3
2018370315573,1,9,0,18,0,0,1,0,0,0,1,1,3,1,58,9,1999,1,16,6,1,6
2018370315573,2,9,0,4,0,0,0,0,0,0,2,1,1,1,22,5,1197,1,2,10,1,10
2018370315573,3,9,0,4,0,0,0,0,0,0,2,1,1,1,20,4,1360,1,13,6,3,6
2018370315627,1,9,0,18,0,0,1,0,0,0,1,1,6,2,31,6,1499,2,-1,3,1,3
2018370315627,2,9,0,4,0,0,0,0,5,0,2,1,6,2,38,7,1560,2,7,10,1,10
2018370315673,1,9,0,4,0,1,1,0,0,0,1,1,5,2,49,8,1590,1,13,4,1,4
2018370315673,2,19,0,4,0,1,0,0,0,0,2,1,6,1,26,6,2198,2,7,6,1,6
2018370315709,1,9,0,18,0,0,0,0,0,0,1,1,2,2,60,9,1896,2,11,8,3,8
2018370315709,2,9,0,4,0,0,0,0,0,0,2,1,5,1,43,7,1956,2,7,2,1,2
2018370315737,1,9,0,18,0,0,0,0,0,0,1,1,2,1,24,5,-1,-1,-1,1,1,1
2018370315737,2,9,0,18,0,0,0,0,0,0,2,1,3,2,31,6,1348,1,16,2,1,2
2018370315750,1,9,0,9,0,2,0,0,0,0,1,1,5,1,19,4,1598,1,11,7,3,7
2018370315750,2,9,0,18,0,1,0,0,0,0,4,1,5,2,57,9,1950,2,1,6,3,6
2018370315791,1,9,0,17,0,0,0,0,7,3,1,1,5,1,71,10,1596,1,3,7,3,7
2018370315792,1,9,0,18,0,1,0,0,0,0,1,1,6,1,-1,-1,-1,-1,-1,-1,-1,-1
2018370315792,2,3,0,3,0,1,0,0,0,0,2,1,5,1,33,6,125,1,1,5,1,5
2018370316159,1,9,0,18,0,0,2,0,2,0,3,1,5,2,23,5,1598,1,16,5,1,5
2018370316159,2,9,0,4,0,0,0,0,0,0,4,1,5,1,75,10,1560,2,1,7,3,7
2018370316232,1,9,0,18,0,0,0,0,0,0,1,1,6,2,40,7,1560,2,12,10,1,10
2018370316253,1,9,0,18,0,0,0,0,1,4,1,1,6,1,59,9,-1,-1,-1,4,1,4
2018370316268,1,9,0,9,0,2,0,0,0,0,1,1,5,1,21,5,1595,1,10,2,1,2
2018370316268,2,9,0,18,0,1,0,0,0,0,3,1,5,2,18,4,1299,1,18,7,1,7
2018370316303,1,9,0,18,0,0,0,0,0,0,1,1,6,2,52,8,1560,2,7,2,1,2
2018370316303,2,9,0,4,0,0,0,0,0,0,2,1,6,1,20,4,1198,1,14,7,1,7
2018370316303,3,9,0,4,0,0,0,0,0,0,2,1,6,2,48,8,1598,1,5,5,1,5
2018370316366,1,9,0,18,0,1,0,0,0,0,1,1,6,2,36,7,-1,-1,-1,8,2,8
2018370316366,2,9,0,8,0,1,0,0,0,0,2,1,1,2,58,9,1499,2,-1,6,1,6
2018370316487,1,9,0,18,0,8,0,0,0,0,4,1,6,1,40,7,1997,2,14,5,1,5
2018370316529,1,9,0,2,0,0,0,0,0,0,3,1,5,1,47,8,1794,1,10,6,1,6
2018370316529,2,9,0,18,0,0,0,0,0,0,4,1,2,1,23,5,1560,2,9,7,2,7
2018370316538,1,9,5,18,0,0,0,0,0,0,1,1,1,1,35,6,-1,-1,-1,3,1,3
2018370316538,2,9,5,18,0,0,0,0,0,0,1,1,5,1,29,6,1998,1,13,5,1,5
2018370316757,1,9,0,13,0,0,0,0,0,0,4,1,6,3,-1,-1,-1,-1,-1,-1,-1,-1
2018370316757,2,1,0,18,0,0,5,0,0,0,1,1,5,1,56,9,-1,-1,-1,6,3,6
2018370317034,1,1,0,18,0,8,5,0,0,0,1,1,5,1,13,3,-1,-1,-1,7,1,7
2018370317034,2,9,0,18,0,8,0,0,0,0,1,1,5,2,57,9,1560,2,1,9,1,9
2018370317049,1,9,0,5,0,6,0,0,0,0,1,1,5,2,70,10,998,1,1,4,1,4
2018370317049,2,9,0,18,0,8,0,0,0,0,1,1,5,2,18,4,1198,1,6,6,3,6
2018370317072,1,9,0,18,0,0,1,0,0,0,1,1,5,1,20,4,1328,1,11,9,2,9
2018370317072,2,9,0,18,0,0,1,0,0,0,3,1,5,1,27,6,1242,1,13,9,1,9
2018370317072,3,9,0,4,0,0,0,0,0,0,2,1,2,2,27,6,1248,2,10,6,1,6
2018370317073,1,9,0,18,0,0,2,0,7,4,1,1,5,1,30,6,1398,2,11,6,3,6
2018370317104,1,9,0,5,0,6,0,0,0,0,3,1,5,2,26,6,1975,1,15,3,1,3
2018370317104,2,9,0,18,0,8,0,0,0,0,1,1,6,1,41,7,1997,2,2,6,1,6
2018370317143,1,9,0,18,0,0,1,0,0,0,1,1,1,1,20,4,1596,1,12,9,3,9
2018370317143,2,9,0,4,0,0,0,0,0,0,2,1,2,2,50,8,2148,2,8,4,1,4
2018370317154,1,9,0,18,0,0,0,0,0,0,1,1,3,2,76,11,1598,1,9,8,1,8
2018370317154,2,9,0,18,0,0,0,0,0,0,1,1,2,2,54,8,1968,2,1,4,1,4
2018370317168,1,9,0,17,0,0,2,10,1,9,4,1,5,1,20,4,1598,1,13,1,1,1
2018370317181,1,9,0,18,0,0,0,0,0,0,4,1,1,1,45,7,4600,1,23,8,1,8
2018370317181,2,9,0,18,0,0,0,0,0,0,3,1,5,2,28,6,1598,1,9,6,3,6