Accident_Index,Vehicle_Reference,Vehicle_Type,Towing_and_Articulation,Vehicle_Manoeuvre,Vehicle_Location-Restricted_Lane,Junction_Location,Skidding_and_Overturning,Hit_Object_in_Carriageway,Vehicle_Leaving_Carriageway,Hit_Object_off_Carriageway,1st_Point_of_Impact,Was_Vehicle_Left_Hand_Drive?,Journey_Purpose_of_Driver,Sex_of_Driver,Age_of_Driver,Age_Band_of_Driver,Engine_Capacity_(CC),Propulsion_Code,Age_of_Vehicle,Driver_IMD_Decile,Driver_Home_Area_Type,Vehicle_IMD_Decile
2018370317458,1,9,0,9,0,2,0,0,0,0,4,1,5,1,66,10,1753,2,11,1,1,1
2018370317458,2,9,0,18,0,1,0,0,0,0,1,1,5,2,45,7,1461,2,6,5,3,5
2018370317679,1,9,0,18,0,1,0,0,0,0,1,1,5,1,18,4,-1,-1,-1,-1,-1,-1
2018370317700,1,9,0,9,0,0,0,0,0,0,3,1,5,2,60,9,1600,1,13,7,3,7
2018370317700,2,9,0,18,0,0,0,0,0,0,1,1,2,1,26,6,1328,1,11,3,1,3
2018370317709,1,9,0,18,0,0,0,0,0,0,1,1,5,1,30,6,-1,-1,-1,8,1,8
2018370317709,2,9,0,3,0,0,0,0,0,0,2,1,5,1,53,8,1988,2,10,10,1,10
2018370317709,3,9,0,2,0,0,0,0,0,0,2,1,6,3,-1,-1,-1,-1,-1,-1,-1,-1
2018370317712,1,9,0,18,0,0,0,0,0,0,3,1,5,2,19,4,1198,1,10,9,3,9
2018370317712,2,9,0,18,0,0,0,0,0,0,3,1,1,1,35,6,-1,-1,-1,4,2,4
2018370317721,1,98,0,18,0,0,0,0,0,0,1,1,6,3,-1,-1,-1,-1,-1,-1,-1,-1
2018370317721,2,1,0,18,0,0,5,0,0,0,3,1,6,1,32,6,-1,-1,-1,10,3,10
2018370317821,1,9,0,18,0,0,0,0,0,0,1,1,5,1,70,10,1781,1,16,4,3,4
2018370317821,2,9,0,18,0,0,0,0,0,0,1,1,2,2,21,5,1197,1,3,8,3,8
2018370318090,1,9,0,18,0,0,0,0,5,0,1,1,2,2,19,4,998,1,5,3,1,3
2018370318090,2,9,0,18,0,0,0,0,0,0,2,1,1,1,51,8,-1,-1,-1,6,3,6
2018370318156,1,9,0,18,0,2,0,0,0,0,4,1,5,1,78,11,1994,2,14,2,1,2
2018370318182,1,19,0,16,0,0,5,0,0,0,4,1,1,1,32,6,-1,-1,-1,8,2,8
2018370318197,1,9,0,18,0,0,0,0,3,0,1,1,5,2,71,10,2401,2,10,9,1,9
2018370318199,1,9,0,18,0,1,0,0,0,0,3,1,5,2,43,7,1598,1,6,6,3,6
2018370318199,2,9,0,18,0,1,5,0,0,0,1,1,5,1,69,10,-1,-1,-1,7,3,7
2018370318274,1,9,0,9,0,5,0,0,0,0,1,1,1,2,26,6,1560,2,5,1,1,1
2018370318274,2,1,0,18,0,1,5,0,0,0,1,1,6,1,40,7,-1,-1,-1,5,3,5
2018370318295,1,9,0,13,0,0,0,0,0,0,4,1,6,3,-1,-1,-1,-1,-1,-1,-1,-1
2018370318295,2,1,0,14,0,0,5,0,0,0,3,1,2,1,25,5,-1,-1,-1,7,1,7
2018370318298,1,11,0,13,0,1,0,0,0,0,4,1,6,1,39,7,7300,2,13,4,1,4
2018370318298,2,1,0,18,0,1,5,0,0,0,0,1,6,1,20,4,-1,-1,-1,3,1,3
2018370318392,1,9,0,13,0,0,0,0,0,0,0,1,6,3,-1,-1,-1,-1,-1,-1,-1,-1
2018370318392,2,1,0,18,0,0,1,0,0,0,4,1,6,1,55,8,-1,-1,-1,8,3,8
2018370318419,1,9,0,5,0,1,0,0,0,0,1,1,1,1,21,5,1995,2,4,4,1,4
2018370318419,2,9,0,4,0,1,0,0,0,0,2,1,5,2,41,7,998,1,6,9,1,9
2018370318460,1,5,0,13,0,0,1,0,0,0,1,1,2,2,26,6,599,1,19,5,1,5
2018370318460,2,9,0,9,0,0,0,0,0,0,3,1,5,2,30,6,1368,1,11,3,1,3
2018370318461,1,98,0,5,0,6,0,0,0,0,3,1,2,1,24,5,-1,-1,-1,3,1,3
2018370318461,2,5,0,18,0,8,0,0,0,0,1,1,2,1,47,8,998,1,11,6,1,6
2018370318528,1,9,0,18,0,0,0,0,0,0,3,1,2,1,62,9,1995,2,3,6,3,6
2018370318528,2,9,0,18,0,0,0,0,0,0,3,1,5,2,43,7,1598,1,11,3,1,3
2018370318551,1,9,0,18,0,5,0,0,0,0,3,1,6,2,22,5,1390,1,7,10,3,10
2018370318551,2,9,0,18,0,8,2,0,0,0,1,1,5,2,42,7,1618,1,1,5,2,5
2018370318566,1,9,0,18,0,0,0,0,0,0,1,1,6,1,31,6,2204,2,11,7,2,7
2018370318566,2,9,0,4,0,0,0,0,0,0,2,1,6,2,27,6,1598,2,5,10,1,10
2018370318566,3,9,0,4,0,0,1,0,0,0,2,1,5,1,53,8,1995,2,7,9,3,9
2018370318576,1,5,0,16,0,1,0,0,7,0,1,1,5,1,76,11,885,1,21,7,2,7
2018370318616,1,9,0,17,0,0,0,0,0,0,1,1,5,2,51,8,1896,2,12,7,2,7
2018370318616,2,9,0,16,0,0,0,0,0,0,1,1,1,1,51,8,2993,2,2,-1,-1,-1
2018370318653,1,9,0,18,0,1,0,0,0,0,4,1,2,2,61,9,1329,1,9,7,2,7
2018370318658,1,9,5,18,0,0,0,0,0,0,0,1,6,3,-1,-1,-1,-1,-1,-1,-1,-1
2018370318658,2,1,0,18,0,0,2,0,0,0,1,1,6,1,12,3,-1,-1,-1,6,3,6
2018370318676,1,9,0,18,0,1,0,0,0,0,1,1,6,2,34,6,1360,1,15,2,1,2
2018370318676,2,1,0,18,0,1,1,0,0,0,1,1,6,1,36,7,-1,-1,-1,2,1,2
2018370318689,1,21,0,18,0,4,0,0,0,0,1,1,1,1,31,6,10837,2,3,6,1,6
2018370318689,2,9,0,5,0,4,0,0,0,0,2,1,5,1,63,9,1968,2,5,10,1,10
2018370318743,1,3,0,18,0,2,2,0,0,0,1,1,5,1,21,5,124,1,1,6,3,6
2018370318743,2,9,0,3,0,2,0,0,0,0,2,1,2,2,40,7,1197,1,3,2,1,2
2018370318796,1,9,0,9,0,0,0,0,0,0,4,1,5,1,84,11,1422,2,10,7,3,7
2018370318796,2,9,0,18,0,0,0,0,0,0,1,1,1,2,39,7,1595,1,12,8,2,8
2018370318812,1,9,0,18,0,6,0,0,0,0,1,1,6,3,-1,-1,1896,2,15,-1,-1,-1
2018370318812,2,9,0,18,0,8,0,0,0,0,4,1,6,2,62,9,2967,1,15,3,1,3
2018370318829,1,9,0,18,0,1,0,0,0,0,1,1,6,1,40,7,-1,-1,-1,6,1,6
2018370318829,2,9,0,7,0,1,0,0,0,0,2,1,5,2,36,7,1496,2,3,10,3,10
2018370318837,1,9,0,18,0,0,0,0,0,0,2,1,6,2,28,6,1796,1,21,5,3,5
2018370318837,2,9,0,18,0,0,0,0,0,0,1,1,6,1,56,9,-1,-1,-1,6,3,6
2018370318845,1,9,0,18,0,0,0,0,0,0,1,1,6,1,-1,-1,1910,2,12,-1,-1,-1
2018370318859,1,9,0,7,0,1,0,0,0,0,1,1,5,2,40,7,1149,1,11,4,1,4
2018370318859,2,1,0,18,0,1,5,0,0,0,3,1,2,2,62,9,-1,-1,-1,4,1,4
2018370318891,1,9,0,18,0,0,0,0,0,0,3,1,2,2,24,5,999,1,-1,4,2,4
2018370318891,2,4,0,18,0,0,0,0,0,0,1,1,2,1,30,6,300,1,6,5,3,5
2018370318896,1,9,0,9,0,8,0,0,0,0,1,1,5,2,48,8,1596,1,15,1,1,1
2018370318896,2,1,0,18,0,8,5,0,0,0,1,1,6,2,33,6,-1,-1,-1,5,1,5
2018370318898,1,9,0,18,0,0,5,0,0,0,1,1,5,1,41,7,2184,2,12,7,3,7
2018370318898,2,9,0,2,0,0,0,0,0,0,2,1,6,3,-1,-1,-1,-1,-1,-1,-1,-1
2018370318898,3,9,0,2,0,0,0,0,0,0,2,1,6,3,-1,-1,-1,-1,-1,-1,-1,-1
2018370318911,1,1,0,16,0,2,5,0,0,0,1,1,6,1,54,8,-1,-1,-1,8,3,8
2018370318911,2,9,0,18,0,1,0,0,0,0,3,1,5,2,29,6,1591,1,-1,6,2,6
2018370318941,1,9,0,18,0,1,0,0,0,0,3,1,5,1,42,7,1685,2,-1,6,2,6
2018370318941,2,9,0,18,0,1,0,0,0,0,3,1,5,2,58,9,2148,2,16,5,3,5
2018370318942,1,9,0,16,0,0,1,0,7,11,1,1,5,1,45,7,1587,1,12,3,3,3
2018370318950,1,9,0,11,0,1,0,0,0,0,0,1,6,3,-1,-1,-1,-1,-1,-1,-1,-1
2018370318950,2,5,0,18,0,1,5,0,0,0,0,1,5,1,54,8,955,1,21,7,1,7
2018370318962,1,9,0,18,0,6,0,0,0,0,1,1,5,2,40,7,1910,2,12,6,1,6
2018370318962,2,1,0,18,0,8,5,0,0,0,4,1,6,2,46,8,-1,-1,-1,10,1,10
2018370318968,1,9,0,18,0,0,0,0,0,0,1,1,5,2,19,4,1360,1,14,2,1,2
2018370318968,2,9,0,10,0,0,0,0,0,0,2,1,5,1,42,7,-1,-1,-1,1,1,1
2018370319010,1,9,0,13,0,0,0,0,0,0,0,1,5,1,55,8,1997,2,5,8,2,8
2018370319010,2,1,0,18,0,0,0,0,0,0,0,1,6,1,69,10,-1,-1,-1,6,2,6
2018370319028,1,9,0,7,0,3,0,0,0,0,4,1,5,2,23,5,1753,2,11,3,1,3
2018370319028,2,1,0,18,0,8,5,0,0,0,3,1,5,2,38,7,-1,-1,-1,9,1,9
2018370319048,1,9,0,18,0,0,5,0,1,0,1,1,5,2,35,6,1299,1,15,7,1,7
2018370319130,1,9,0,18,0,1,0,0,7,11,1,1,1,1,47,8,2967,2,2,10,2,10
2018370319130,2,17,5,18,0,1,0,0,0,0,3,1,1,1,35,6,6728,2,4,2,1,2
2018370319155,1,9,0,18,0,4,0,0,0,0,1,1,5,2,26,6,1461,2,11,1,1,1
2018370319155,2,9,0,3,0,4,0,0,0,0,2,1,1,1,26,6,1242,1,-1,6,2,6
2018370319303,1,9,0,18,0,1,0,0,0,0,1,1,5,2,70,10,1582,2,1,5,3,5
2018370319303,2,9,0,18,0,1,0,0,0,0,2,1,5,1,58,9,1798,1,4,3,1,3
2018370319321,1,9,0,18,0,1,0,0,0,0,0,1,6,3,-1,-1,-1,-1,-1,-1,-1,-1
2018370319321,2,9,0,18,0,1,0,0,0,0,3,1,2,1,20,4,1461,2,14,9,3,9
2018370319404,1,9,0,17,0,8,0,0,0,0,1,1,6,1,24,5,1995,2,7,8,1,8
2018370320110,1,9,0,17,0,0,0,0,0,0,3,1,5,1,29,6,1984,1,10,2,1,2
2018370320110,2,5,0,16,0,0,2,0,0,0,1,1,6,1,53,8,996,1,20,1,1,1
2018370320185,1,9,0,18,0,0,0,0,0,0,1,1,6,1,31,6,-1,-1,-1,9,1,9
2018370320185,2,9,0,18,0,0,0,0,0,0,2,1,6,2,28,6,1998,1,1,10,1,10
2018370320185,3,9,0,18,0,0,0,0,0,0,1,1,6,1,27,6,1395,1,3,8,3,8
2018370320304,1,9,0,18,0,0,2,10,7,0,3,1,5,2,26,6,1596,1,14,1,1,1
2018370320326,1,9,0,9,0,8,0,0,0,0,1,1,1,1,45,7,1497,8,13,1,1,1
2018370320326,2,1,0,18,0,8,0,0,0,0,1,1,4,1,12,3,-1,-1,-1,5,1,5
2018370320347,1,98,1,11,0,2,0,0,0,0,1,1,2,1,28,6,-1,-1,-1,2,1,2
2018370320347,2,9,0,18,0,2,0,0,0,0,3,1,5,1,69,10,1596,1,6,4,1,4
2018370320376,1,9,0,16,0,1,0,0,0,0,1,1,5,1,22,5,1364,1,8,1,1,1
2018370320376,2,9,0,17,0,1,1,0,0,0,3,1,5,1,70,10,1598,1,6,5,3,5
2018370320397,1,9,0,18,0,1,1,0,3,5,1,1,5,2,28,6,2997,1,11,3,1,3
2018370320412,1,19,0,18,0,0,1,0,0,0,1,1,1,1,33,6,2500,2,-1,4,1,4
2018370320412,2,9,0,3,0,0,0,0,0,0,2,1,2,2,27,6,1397,1,9,4,1,4
2018370320465,1,9,0,5,0,1,0,0,0,0,1,1,5,2,27,6,1796,1,13,4,1,4
2018370320576,1,9,0,18,0,1,0,0,0,0,1,1,5,2,80,11,1360,1,10,10,1,10
2018370320576,2,19,0,10,0,5,0,0,0,0,2,1,2,1,26,6,1686,2,19,5,3,5
2018370320711,1,1,0,18,0,0,0,0,0,0,1,1,6,1,31,6,-1,-1,-1,1,1,1
2018370320711,2,9,0,18,0,0,0,0,0,0,1,1,6,1,32,6,-1,-1,-1,3,1,3
2018370320859,1,9,0,18,0,0,1,0,0,0,1,1,6,1,26,6,1582,2,5,4,1,4
2018370320859,2,9,0,4,0,0,1,0,0,0,2,1,1,1,57,9,1598,2,1,2,1,2
2018370320859,3,9,0,4,0,0,0,0,0,0,2,1,5,2,65,9,1461,2,1,5,1,5
2018370320930,1,9,0,9,0,2,0,0,0,0,1,1,5,1,73,10,2143,2,3,6,1,6
2018370320930,2,9,0,18,0,1,0,0,0,0,1,1,5,1,29,6,1242,1,3,7,2,7
2018370320932,1,9,0,7,0,8,0,0,0,0,3,1,5,2,28,6,1388,1,15,6,1,6
2018370320932,2,21,4,5,0,8,0,0,0,0,4,1,1,1,59,9,12902,2,-1,6,3,6
2018370320961,1,9,0,8,0,2,0,0,0,0,1,1,5,1,33,6,1560,2,7,8,3,8
2018370320961,2,9,0,8,0,2,0,0,0,0,2,1,5,2,63,9,1229,1,8,7,3,7
2018370320993,1,9,0,18,0,0,0,0,0,0,1,1,5,1,40,7,1799,1,12,5,1,5
2018370320993,2,9,0,4,0,0,0,0,0,0,2,1,5,1,52,8,1461,2,8,3,1,3
2018370320993,3,9,0,4,0,0,0,0,0,0,2,1,5,1,58,9,1364,1,6,3,1,3
2018370321032,1,9,0,5,0,6,0,0,0,0,1,1,1,2,44,7,2000,1,11,8,1,8
2018370321032,2,9,0,18,0,8,0,0,0,0,1,1,5,2,42,7,1242,1,6,8,1,8
2018370321043,1,9,0,18,0,1,0,0,0,0,1,1,6,1,-1,-1,1197,1,2,9,1,9
2018370321043,2,9,0,3,0,4,1,0,0,0,2,1,2,1,28,6,1596,1,2,6,1,6
2018370321217,1,9,0,18,0,0,0,0,0,0,1,1,2,1,20,4,1399,2,8,9,2,9
2018370321262,1,9,0,13,0,0,0,0,0,0,4,1,5,1,22,5,1560,2,5,6,3,6
2018370321262,2,1,0,18,0,0,5,0,0,0,3,1,5,2,65,9,-1,-1,-1,3,1,3
2018370321293,1,21,1,18,0,8,0,0,0,0,1,1,1,1,33,6,10837,2,3,3,2,3
2018370321293,2,9,0,18,0,8,1,0,0,0,4,1,1,2,41,7,1396,1,15,1,1,1
2018370321479,1,9,0,9,0,1,0,0,0,0,4,1,5,1,18,4,1299,1,14,8,1,8
2018370321479,2,9,0,18,0,1,1,0,0,0,1,1,5,1,46,8,1598,1,9,1,1,1
2018370321517,1,9,0,17,0,1,1,0,0,0,1,1,5,1,69,10,-1,-1,-1,7,2,7
2018370321517,2,9,0,16,0,1,1,0,0,0,1,1,5,1,45,7,1999,2,1,7,3,7
2018370321577,1,9,0,9,0,2,1,0,0,0,1,1,5,2,80,11,1997,2,3,7,1,7
2018370321577,2,9,0,18,0,1,1,0,0,0,1,1,5,1,52,8,1798,1,17,3,1,3
2018370321667,1,9,0,16,0,0,0,0,0,0,1,1,6,1,83,11,-1,-1,-1,7,2,7
2018370321667,2,9,0,18,0,0,0,0,0,0,3,1,5,1,69,10,1329,1,6,9,1,9
2018370322002,1,9,0,18,0,1,0,0,0,0,1,1,2,2,52,8,1597,2,1,7,3,7
2018370322002,2,3,0,18,0,1,0,0,0,0,3,1,5,2,17,4,-1,-1,-1,7,3,7
2018370322034,1,9,0,18,0,0,0,0,0,0,4,1,6,3,-1,-1,-1,-1,-1,-1,-1,-1
2018370322051,1,9,0,18,0,4,0,0,1,9,1,1,6,1,22,5,1998,1,-1,9,1,9
2018370322051,2,9,0,18,0,8,0,0,0,0,4,1,6,1,24,5,1242,1,11,6,1,6
2018370322093,1,9,0,13,0,0,2,0,1,0,1,1,2,1,51,8,1769,1,14,6,1,6
2018370322101,1,9,0,18,0,0,0,0,0,0,3,1,5,2,22,5,1299,1,19,8,2,8
2018370322101,2,9,0,18,0,0,0,0,0,0,3,1,5,2,67,10,1968,2,4,7,3,7
2018370322131,1,9,0,18,0,8,0,0,0,0,3,1,6,2,18,4,1000,1,18,2,1,2
2018370322131,2,9,0,18,0,1,0,0,0,0,1,1,6,2,26,6,1242,1,9,10,1,10
2018370322149,1,21,4,18,0,0,0,0,0,0,3,1,1,1,46,8,12809,2,2,1,1,1
2018370322149,2,9,0,18,0,0,0,0,1,4,4,1,2,2,38,7,1395,1,4,4,1,4
2018370322168,1,9,0,18,0,1,0,0,0,0,1,1,1,1,54,8,1373,1,1,6,1,6
2018370322168,2,1,0,18,0,1,5,0,0,0,1,1,5,1,68,10,-1,-1,-1,3,1,3
2018370322351,1,9,0,18,0,0,0,0,0,0,1,1,5,2,36,7,1798,1,12,6,3,6
2018370322351,2,9,0,13,0,0,0,0,0,0,4,1,1,1,27,6,1997,2,3,7,2,7
2018370322351,3,9,0,2,0,0,0,0,0,0,2,1,6,1,52,8,2204,2,13,10,1,10
2018370322398,1,9,0,18,0,0,1,0,1,3,1,1,5,2,59,9,1197,1,2,5,1,5
2018370322484,1,9,0,9,0,5,0,0,0,0,1,1,1,2,48,8,1198,1,3,2,1,2
2018370322484,2,97,0,18,0,8,0,0,0,0,1,1,5,1,28,6,-1,-1,-1,6,1,6
2018370322508,1,9,0,18,0,0,0,0,0,0,1,1,5,1,38,7,1399,2,9,5,1,5
2018370322544,1,9,0,18,0,0,0,0,0,0,3,1,5,2,83,11,1999,1,12,8,3,8
2018370322544,2,19,0,18,0,0,0,0,0,0,3,1,1,1,33,6,2198,2,6,8,1,8
2018370322571,1,9,0,13,0,8,1,0,0,0,1,1,6,1,48,8,-1,-1,-1,9,1,9
2018370322571,2,9,0,9,0,5,0,0,0,0,3,1,6,2,33,6,1461,2,6,8,1,8
2018370322701,1,9,0,18,0,0,2,4,0,0,1,1,5,1,30,6,1399,2,12,1,1,1
2018370322701,2,9,0,2,0,0,0,0,0,0,4,1,6,3,-1,-1,-1,-1,-1,-1,-1,-1
2018370322701,3,9,0,2,0,0,0,0,0,0,1,1,6,3,-1,-1,-1,-1,-1,-1,-1,-1
2018370322771,1,9,0,18,0,8,0,0,3,0,1,1,5,1,23,5,1900,2,19,4,2,4
2018370322790,1,9,0,18,0,2,0,0,0,0,1,1,6,3,-1,-1,1910,2,12,-1,-1,-1
2018370322790,2,9,0,18,0,1,0,0,0,0,4,1,5,1,44,7,2979,1,13,5,3,5
2018370322796,1,9,0,9,0,8,0,0,0,0,3,1,5,1,55,8,1242,1,18,3,1,3
2018370322796,2,1,0,18,0,8,5,0,0,0,1,1,1,2,50,8,-1,-1,-1,3,1,3
2018370322832,1,9,0,9,0,8,0,0,0,0,4,1,5,2,52,8,1199,2,6,6,3,6
2018370322832,2,9,0,18,0,8,0,0,0,0,1,1,2,1,55,8,-1,-1,-1,6,3,6
2018370322851,1,9,0,18,0,8,0,0,0,0,4,1,5,1,27,6,1395,1,-1,2,1,2
2018370322851,2,1,0,18,0,8,2,0,0,0,1,1,2,1,46,8,-1,-1,-1,10,3,10
2018370323138,1,9,0,18,0,0,0,0,0,0,1,1,1,2,60,9,1596,1,13,10,1,10
2018370323138,2,9,0,4,0,0,0,0,0,0,2,1,1,1,44,7,1798,1,13,3,1,3
2018370323169,1,9,0,18,0,2,0,0,0,0,1,1,5,2,80,11,898,1,4,7,2,7
2018370323169,2,9,0,7,0,2,0,0,0,0,1,1,5,1,60,9,-1,-1,-1,5,3,5
2018370323592,1,9,0,18,0,0,0,0,0,0,1,1,6,2,37,7,1598,1,13,6,1,6
2018370323592,2,9,0,18,0,0,0,0,0,0,1,1,6,1,69,10,2494,1,17,7,2,7
2018370323602,1,5,0,18,0,8,2,9,3,1,1,1,5,1,48,8,998,1,7,7,1,7
2018370323610,1,1,0,18,0,0,5,0,0,0,1,1,5,1,34,6,-1,-1,-1,8,1,8
2018370323975,1,9,0,5,0,0,0,0,0,0,4,1,5,1,59,9,1587,1,12,5,1,5
2018370323975,2,9,0,18,0,0,0,0,0,0,4,1,5,1,37,7,-1,-1,-1,5,1,5
2018370324002,1,9,0,9,0,5,0,0,0,0,1,1,5,1,38,7,1398,1,-1,10,3,10
2018370324002,2,9,0,18,0,1,0,0,0,0,3,1,5,1,44,7,1061,1,13,9,-1,9
2018370324066,1,9,0,9,0,1,0,7,7,0,1,1,2,2,61,9,1086,1,8,5,2,5
2018370324073,1,9,0,18,0,1,0,0,0,0,1,1,5,1,67,10,1597,1,27,5,1,5
2018370324084,1,9,0,18,0,0,0,0,1,4,1,1,5,2,19,4,1242,1,3,5,2,5
2018370324091,1,9,0,2,0,0,0,0,0,0,3,1,5,2,72,10,1984,2,5,7,3,7
2018370324091,2,1,0,18,0,0,5,0,0,0,1,1,2,2,39,7,-1,-1,-1,7,1,7
2018370324131,1,9,0,18,0,0,0,0,0,0,1,1,2,2,52,8,1388,1,15,8,3,8
2018370324131,2,9,0,18,0,0,0,0,0,0,1,1,6,2,37,7,2700,1,16,7,3,7
2018370324338,1,9,0,18,0,0,0,0,0,0,1,1,6,3,-1,-1,-1,-1,-1,-1,-1,-1
2018370324419,1,90,0,13,0,0,0,0,0,0,4,1,1,1,39,7,2987,2,7,6,2,6
2018370324419,2,1,0,18,0,0,0,0,0,0,1,1,5,2,28,6,-1,-1,-1,4,2,4
2018370324453,1,9,0,4,0,0,0,0,0,0,1,1,6,2,59,9,1599,1,12,6,3,6
2018370324453,2,9,0,4,0,0,0,0,0,0,2,1,5,1,37,7,2776,2,13,10,1,10
2018370324480,1,19,0,18,0,1,1,0,0,0,4,1,1,1,43,7,2300,2,12,3,1,3
2018370324493,1,9,0,18,0,0,0,0,0,0,1,1,5,2,79,11,1086,1,12,3,1,3
2018370324493,2,1,0,18,0,0,0,0,0,0,1,1,6,1,14,3,-1,-1,-1,10,1,10
2018370324784,1,9,0,18,0,5,0,0,0,0,1,1,5,2,40,7,1339,1,13,9,1,9
2018370324784,2,9,0,18,0,1,0,0,0,0,1,1,5,2,50,8,1397,1,9,10,1,10
2018370324898,1,9,0,18,0,0,0,0,7,3,1,1,5,2,31,6,1560,2,6,5,2,5
2018370325108,1,9,0,18,0,0,0,0,0,0,1,1,5,2,29,6,1149,1,20,4,3,4
2018370325108,2,9,0,3,0,0,0,0,0,0,2,1,5,1,30,6,1596,1,6,7,1,7
2018370325221,1,5,0,4,0,1,1,0,0,0,3,1,5,1,21,5,649,1,19,9,1,9
2018370325550,1,9,0,18,0,1,0,0,1,0,3,1,5,2,58,9,1969,2,2,6,3,6
2018370325550,2,9,0,18,0,1,0,0,0,0,1,1,5,1,43,7,1870,2,13,6,1,6
2018370325585,1,9,0,18,0,1,5,0,0,0,3,1,5,1,77,11,-1,-1,-1,5,3,5
2018370325585,2,9,0,9,0,8,0,0,0,0,4,1,5,1,20,4,1496,2,2,3,1,3
2018370325608,1,5,0,16,0,0,5,0,0,0,3,1,5,1,41,7,998,1,13,4,1,4
2018370325608,2,9,0,17,0,0,0,0,0,0,3,1,5,1,32,6,1360,1,12,6,1,6
2018370325635,1,9,0,18,0,0,0,0,0,0,1,1,6,3,-1,-1,-1,-1,-1,-1,-1,-1
2018370325635,2,1,0,18,0,0,0,0,0,0,2,1,6,1,17,4,-1,-1,-1,8,3,8
2018370325676,1,9,0,18,0,1,0,0,0,0,1,1,2,2,55,8,1560,2,8,8,2,8
2018370325676,2,9,0,18,0,1,0,0,0,0,2,1,2,1,59,9,1596,1,16,6,3,6
2018370325687,1,9,0,9,0,8,0,0,0,0,3,1,6,1,27,6,1999,1,12,7,1,7
2018370325687,2,3,0,18,0,8,5,0,0,0,1,1,5,1,27,6,125,1,3,5,1,5
2018370325723,1,9,0,18,0,0,0,0,7,11,1,1,5,1,59,9,999,1,2,6,2,6
2018370326001,1,5,0,18,0,7,5,0,0,0,1,1,2,1,49,8,897,1,5,8,1,8
2018370326001,2,19,0,3,0,7,0,0,0,0,2,1,2,1,48,8,1995,2,5,2,1,2
2018370326085,1,9,0,18,0,0,0,0,0,0,1,1,5,2,65,9,1248,1,6,2,1,2
2018370326464,1,9,0,18,0,6,0,0,0,0,1,1,6,3,-1,-1,1242,1,14,-1,-1,-1
2018370326464,2,1,0,18,0,8,0,10,0,0,0,1,5,1,59,9,-1,-1,-1,6,3,6
2018370326754,1,5,0,18,0,1,0,0,0,0,1,1,5,1,25,5,749,1,16,9,1,9
2018370326754,2,19,0,18,0,1,0,0,0,0,2,1,1,1,52,8,2198,2,3,7,1,7
2018370326788,1,9,0,18,9,2,0,4,1,0,4,1,5,2,62,9,1560,2,2,4,2,4
2018370326788,2,9,0,2,0,1,0,0,0,0,2,1,6,3,-1,-1,-1,-1,-1,-1,-1,-1
2018370326813,1,11,0,5,0,0,0,0,0,0,0,1,1,1,68,10,4461,2,5,10,3,10
2018370326841,1,1,0,18,0,8,0,0,0,0,1,1,6,1,-1,-1,-1,-1,-1,-1,-1,-1
2018370326841,2,9,0,4,0,8,0,0,0,0,4,1,5,2,43,7,2494,8,4,7,1,7
2018370326890,1,9,0,18,0,1,0,0,1,4,1,1,2,1,56,9,1598,2,2,5,2,5
2018370326890,2,9,0,18,0,1,0,0,1,4,3,1,2,1,27,6,1995,2,7,4,2,4
2018370326957,1,9,5,18,0,1,0,0,0,0,1,1,6,3,-1,-1,1242,1,16,-1,-1,-1
2018370326957,2,9,5,18,0,1,0,0,0,0,1,1,5,1,31,6,1388,1,15,5,1,5
2018370327112,1,9,0,17,0,1,5,0,1,2,4,1,5,1,29,6,1896,2,12,6,2,6
2018370327439,1,9,0,18,0,1,0,0,0,0,4,1,6,2,-1,-1,-1,-1,-1,-1,-1,-1
2018370327440,1,9,0,7,0,1,0,0,0,0,3,1,1,2,26,6,1149,1,12,1,1,1
2018370327440,2,9,0,18,0,1,0,0,0,0,1,1,1,1,38,7,1783,1,15,2,1,2
2018370327442,1,9,0,18,0,1,0,0,0,0,1,1,5,1,43,7,1794,1,14,9,3,9
2018370327442,2,9,0,18,0,1,0,0,0,0,3,1,5,1,45,7,2993,2,7,8,3,8
2018370327445,1,9,0,1,0,0,0,0,0,0,0,1,5,1,56,9,1398,1,3,2,1,2
2018370327445,2,11,0,18,0,0,0,0,0,0,1,1,5,1,49,8,6300,2,11,6,3,6
2018370327445,3,9,0,2,0,0,0,0,0,0,2,1,6,2,28,6,1124,1,13,6,1,6
2018370327447,1,9,0,13,0,0,0,0,0,0,0,1,6,1,46,8,4367,2,1,6,3,6
2018370327447,2,11,0,3,0,0,0,0,0,0,0,1,6,3,-1,-1,-1,-1,-1,-1,-1,-1
2018370327447,3,1,0,18,0,0,2,0,0,0,0,1,6,1,57,9,-1,-1,-1,5,1,5
2018370327453,1,9,0,18,0,0,0,0,0,0,1,1,5,1,92,11,1998,1,18,2,1,2
2018370327453,2,9,0,3,0,0,0,0,0,0,2,1,5,1,51,8,1997,2,1,3,1,3
2018370327453,3,9,0,3,0,0,0,0,0,0,2,1,5,1,49,8,-1,-1,-1,6,3,6
2018370327535,1,9,0,18,0,0,5,0,7,9,3,1,5,1,18,4,1124,1,17,5,2,5
2018370327629,1,9,0,18,0,0,0,0,0,0,1,1,5,2,50,8,2400,2,2,4,3,4