Accident_Index,Vehicle_Reference,Vehicle_Type,Towing_and_Articulation,Vehicle_Manoeuvre,Vehicle_Location-Restricted_Lane,Junction_Location,Skidding_and_Overturning,Hit_Object_in_Carriageway,Vehicle_Leaving_Carriageway,Hit_Object_off_Carriageway,1st_Point_of_Impact,Was_Vehicle_Left_Hand_Drive?,Journey_Purpose_of_Driver,Sex_of_Driver,Age_of_Driver,Age_Band_of_Driver,Engine_Capacity_(CC),Propulsion_Code,Age_of_Vehicle,Driver_IMD_Decile,Driver_Home_Area_Type,Vehicle_IMD_Decile
2018370327629,2,9,0,4,0,0,0,0,0,0,2,1,5,1,-1,-1,-1,-1,-1,7,2,7
2018370327663,1,1,0,18,0,0,0,0,0,0,1,1,5,1,54,8,-1,-1,-1,4,1,4
2018370327663,2,9,0,18,0,0,0,0,0,0,1,1,1,1,24,5,1398,1,3,2,1,2
2018370327692,1,9,0,18,0,1,0,0,0,0,1,1,5,1,73,10,1197,1,7,4,1,4
2018370327692,2,9,0,18,0,1,0,0,0,0,1,1,6,1,47,8,1596,1,15,4,1,4
2018370327700,1,5,0,18,0,0,2,0,0,0,1,1,5,1,35,6,999,1,12,4,1,4
2018370327700,2,5,0,18,0,0,2,0,0,0,3,1,5,2,27,6,675,1,-1,4,1,4
2018370327710,1,9,0,17,0,0,5,10,0,0,4,1,5,1,18,4,1598,1,4,7,2,7
2018370327722,1,9,0,1,0,0,0,0,0,0,2,1,5,1,24,5,1896,2,15,3,1,3
2018370327722,2,9,0,2,0,0,0,0,0,0,2,1,6,3,-1,-1,-1,-1,-1,-1,-1,-1
2018370327725,1,9,0,18,0,0,5,0,0,0,3,1,5,1,24,5,1596,1,15,6,2,6
2018370327811,1,1,0,18,0,0,0,0,0,0,3,1,6,1,-1,-1,-1,-1,-1,-1,-1,-1
2018370327811,2,9,0,18,0,0,0,0,0,0,4,1,5,1,79,11,1598,1,10,3,1,3
2018370327848,1,9,0,4,0,0,0,0,0,0,1,1,1,1,58,9,-1,-1,-1,4,2,4
2018370327848,2,9,0,4,0,0,0,0,0,0,2,1,2,2,32,6,1200,1,-1,6,1,6
2018370327864,1,1,0,18,0,0,0,0,0,0,1,1,5,2,63,9,-1,-1,-1,4,1,4
2018370327864,2,9,0,18,0,0,0,0,0,0,4,1,5,2,76,11,1398,1,5,6,3,6
2018370327886,1,9,0,18,0,0,0,0,0,0,1,1,5,1,30,6,-1,-1,-1,5,2,5
2018370327899,1,9,0,17,0,1,5,0,7,0,3,1,2,1,28,6,1598,1,15,5,1,5
2018370327922,1,5,0,18,0,0,0,0,1,4,1,1,5,1,48,8,1285,1,2,2,1,2
2018370327992,1,9,0,18,0,1,0,0,0,0,1,1,2,2,20,4,1398,2,3,6,2,6
2018370327992,2,9,0,9,0,8,0,0,0,0,2,1,5,1,33,6,1995,2,16,1,1,1
2018370327992,3,9,0,18,0,1,0,0,0,0,1,1,5,2,60,9,1910,2,9,4,1,4
2018370327999,1,9,0,11,0,8,0,0,0,0,4,1,5,1,68,10,2179,2,5,6,1,6
2018370327999,2,98,1,3,0,1,0,0,0,0,1,1,1,1,62,9,-1,-1,-1,-1,-1,-1
2018370328015,1,9,5,18,0,0,0,0,0,0,4,1,2,1,58,9,1995,2,5,3,1,3
2018370328017,1,9,0,18,0,1,0,0,0,0,4,1,5,1,18,4,1197,1,2,10,2,10
2018370328017,2,9,0,18,0,1,0,0,0,0,1,1,6,2,44,7,1995,2,9,-1,-1,-1
2018370328155,1,9,0,16,0,0,0,0,0,0,1,1,4,1,18,4,1422,2,15,5,2,5
2018370328155,2,9,0,17,0,0,0,0,0,0,1,1,5,2,-1,-1,1968,2,4,7,3,7
2018370328213,1,3,0,18,0,0,5,0,0,0,4,1,4,2,20,4,124,1,12,3,1,3
2018370328213,2,9,0,18,0,0,0,0,0,0,3,1,5,2,78,11,1968,2,2,7,3,7
2018370328234,1,9,0,1,0,0,0,0,0,0,2,1,5,2,46,8,1995,2,3,10,2,10
2018370328285,1,9,0,18,0,0,0,0,0,0,1,1,2,1,34,6,1995,2,2,10,1,10
2018370328285,2,9,0,4,0,0,0,0,0,0,2,1,2,1,24,5,1560,2,7,6,3,6
2018370328313,1,9,0,3,0,0,0,0,0,0,0,1,5,2,42,7,1199,2,6,7,1,7
2018370328313,2,22,0,18,0,0,0,0,0,0,0,1,6,2,55,8,-1,-1,-1,1,1,1
2018370328419,1,11,0,7,0,8,0,0,0,0,1,1,1,1,25,5,7300,2,9,5,1,5
2018370328419,2,9,0,18,0,8,0,0,0,0,2,1,2,1,24,5,1461,2,8,-1,-1,-1
2018370328433,1,9,0,18,0,0,0,0,0,0,1,1,2,1,27,6,1242,1,14,9,1,9
2018370328433,2,9,0,3,0,0,0,0,0,0,2,1,5,1,42,7,1997,2,12,9,3,9
2018370328661,1,19,0,18,0,1,0,0,0,0,1,1,1,1,56,9,1686,2,15,5,2,5
2018370328661,2,9,0,8,0,1,0,0,0,0,2,1,5,1,28,6,2616,1,12,9,1,9
2018370328703,1,9,0,5,0,0,0,0,0,0,1,1,2,1,76,11,2435,1,10,5,3,5
2018370328703,2,9,0,18,0,0,0,0,0,0,4,1,5,2,45,7,1560,2,4,5,3,5
2018370328709,1,9,0,5,0,3,0,0,0,0,1,1,6,1,78,11,1398,1,7,4,2,4
2018370328709,2,22,0,18,0,4,0,0,0,0,2,1,6,1,63,9,-1,3,-1,4,2,4
2018370328748,1,21,0,5,0,1,0,0,0,0,1,1,1,1,52,8,4764,2,9,6,3,6
2018370328748,2,9,0,3,0,1,0,0,0,0,2,1,5,2,86,11,2497,1,12,6,3,6
2018370328957,1,9,0,9,0,0,0,0,0,0,1,1,5,1,59,9,2496,1,13,3,1,3
2018370328957,2,9,0,18,0,0,0,0,0,0,1,1,5,2,72,10,1995,2,-1,10,2,10
2018370328985,1,9,0,18,0,1,0,0,0,0,1,1,5,1,63,9,1086,1,11,1,1,1
2018370328985,2,9,0,18,0,2,0,0,0,0,1,1,2,1,45,7,-1,-1,-1,-1,-1,-1
2018370328998,1,9,5,18,0,0,2,0,0,0,1,1,1,1,23,5,1598,1,10,4,1,4
2018370329007,1,9,0,18,0,0,0,0,0,0,1,1,5,2,39,7,1388,1,14,-1,-1,-1
2018370329007,2,9,0,18,0,0,0,0,0,0,2,1,5,1,58,9,2143,2,4,10,1,10
2018370329382,1,5,0,17,0,0,2,0,1,4,1,1,6,1,70,10,1200,1,-1,5,1,5
2018370329426,1,19,0,17,0,0,0,0,1,0,4,1,5,1,35,6,1996,2,5,2,1,2
2018370329456,1,9,0,7,0,8,0,0,0,0,3,1,6,2,31,6,1598,2,4,5,1,5
2018370329456,2,1,0,18,0,8,0,0,0,0,1,1,6,2,53,8,-1,-1,-1,7,1,7
2018370329472,1,9,0,18,0,0,0,0,0,0,1,1,1,1,27,6,1398,1,2,6,1,6
2018370329472,2,9,0,18,0,0,0,0,0,0,2,1,5,2,28,6,1968,2,1,5,3,5
2018370329473,1,9,0,18,0,1,0,0,0,0,1,1,5,1,17,4,1390,1,17,6,3,6
2018370329473,2,9,0,10,0,1,0,0,0,0,2,1,5,1,73,10,2996,1,9,7,1,7
2018370329497,1,9,0,18,0,0,0,0,0,0,1,1,5,2,55,8,2967,1,17,4,1,4
2018370329497,2,9,0,18,0,0,0,0,0,0,1,1,1,1,54,8,2494,2,13,5,3,5
2018370329510,1,9,0,17,0,0,0,0,1,0,1,1,5,2,31,6,1198,1,16,7,3,7
2018370329516,1,9,0,18,0,0,1,0,0,0,1,1,5,1,66,10,1149,1,17,6,2,6
2018370329516,2,9,0,18,0,0,0,0,0,0,1,1,6,1,32,6,1995,2,14,9,1,9
2018370329527,1,9,0,18,0,8,0,0,0,0,1,1,5,1,32,6,2400,2,25,5,1,5
2018370329527,2,9,0,18,0,1,5,0,0,0,4,1,1,2,26,6,998,1,1,4,1,4
2018370329529,1,9,0,18,0,3,0,0,1,10,1,1,5,1,27,6,1995,2,9,10,2,10
2018370329529,2,9,0,18,0,4,0,0,0,0,3,1,5,1,58,9,1560,2,12,5,1,5
2018370329560,1,9,0,18,0,0,0,0,0,0,1,1,4,1,69,10,1560,2,9,9,1,9
2018370329560,2,9,0,4,0,0,0,0,0,0,4,1,5,1,51,8,1798,1,-1,5,1,5
2018370329560,3,21,0,4,0,0,0,0,0,0,3,1,1,1,25,5,10837,2,1,-1,-1,-1
2018370329573,1,1,0,18,0,1,0,0,0,0,3,1,2,1,20,4,-1,-1,-1,1,1,1
2018370329573,2,9,0,18,0,1,0,0,0,0,1,1,5,1,60,9,999,1,-1,6,1,6
2018370329586,1,9,0,18,0,0,0,0,0,0,1,1,6,3,-1,-1,-1,-1,-1,-1,-1,-1
2018370329586,2,1,0,18,0,0,5,0,0,0,3,1,2,1,54,8,-1,-1,-1,5,1,5
2018370329587,1,9,0,18,0,8,0,0,0,0,3,1,6,2,60,9,1587,1,11,9,1,9
2018370329587,2,1,0,18,0,4,0,0,0,0,3,1,6,1,36,7,-1,-1,-1,3,1,3
2018370329621,1,9,0,18,0,8,0,0,0,0,3,1,5,2,36,7,1242,1,13,6,1,6
2018370329621,2,98,4,18,0,1,0,0,0,0,1,1,1,1,37,7,-1,-1,-1,2,1,2
2018370329625,1,4,0,18,0,0,5,0,0,0,4,1,5,1,36,7,250,1,13,9,1,9
2018370329639,1,3,0,18,0,1,0,0,0,0,2,1,5,1,51,8,124,1,4,3,1,3
2018370329639,2,9,0,9,0,2,0,0,0,0,1,1,1,2,28,6,1560,2,4,-1,-1,-1
2018370329680,1,9,0,3,0,1,0,0,0,0,1,1,6,1,22,5,1229,1,5,8,3,8
2018370329680,2,9,0,3,0,6,0,0,0,0,2,1,6,1,49,8,1461,2,2,10,3,10
2018370329714,1,9,0,18,0,0,0,0,0,0,4,1,6,3,-1,-1,-1,-1,-1,-1,-1,-1
2018370329714,2,3,0,18,0,0,5,0,0,0,4,1,5,1,22,5,-1,-1,-1,4,1,4
2018370329767,1,9,0,9,0,2,0,0,0,0,1,1,5,1,33,6,1968,2,2,5,1,5
2018370329767,2,9,0,18,0,1,0,0,0,0,1,1,5,1,32,6,1497,8,10,5,1,5
2018370329799,1,9,0,18,0,0,0,0,0,0,1,1,5,1,35,6,1968,2,7,6,2,6
2018370329799,2,9,0,4,0,0,0,0,0,0,2,1,5,2,42,7,1461,2,6,7,1,7
2018370329800,1,9,0,18,9,8,0,0,0,0,1,1,2,1,-1,-1,-1,-1,-1,-1,-1,-1
2018370329816,1,9,0,18,0,1,0,0,0,0,1,1,1,1,48,8,-1,3,1,8,3,8
2018370329816,2,1,0,18,0,6,5,0,0,0,4,1,5,2,11,3,-1,-1,-1,6,3,6
2018370329839,1,9,0,18,0,0,0,0,0,0,1,1,6,1,37,7,1461,2,1,5,2,5
2018370329839,2,9,0,4,0,0,0,0,0,0,2,1,5,1,48,8,1086,1,15,4,3,4
2018370329839,3,9,0,4,0,0,0,0,0,0,2,1,2,2,60,9,1242,1,4,6,1,6
2018370329839,4,19,0,18,0,0,0,0,0,0,1,1,2,1,37,7,2299,2,1,6,2,6
2018370329852,1,9,0,18,0,4,0,0,0,0,3,1,2,2,61,9,1398,1,2,6,1,6
2018370329852,2,1,0,18,0,8,5,0,0,0,1,1,6,2,17,4,-1,-1,-1,7,1,7
2018370329903,1,9,0,9,0,2,0,0,0,0,1,1,5,1,23,5,1999,1,13,3,1,3
2018370329903,2,9,0,18,0,1,0,0,0,0,4,1,2,2,29,6,-1,-1,-1,9,1,9
2018370329911,1,9,0,3,0,8,0,0,0,0,1,1,1,1,55,8,3222,2,15,4,2,4
2018370329911,2,9,0,3,0,1,0,0,0,0,2,1,5,1,52,8,1998,1,12,2,1,2
2018370329959,1,9,0,18,0,1,0,0,0,0,1,1,5,2,63,9,1900,2,12,6,3,6
2018370329959,2,9,0,4,0,1,0,0,0,0,2,1,5,2,52,8,1969,2,-1,6,3,6
2018370329974,1,9,0,18,0,0,0,0,0,0,4,1,5,1,43,7,1197,1,8,8,1,8
2018370329982,1,9,0,18,0,3,0,0,0,0,2,1,2,1,20,4,1368,1,5,8,1,8
2018370329982,2,5,0,18,0,3,0,0,0,0,1,1,5,1,60,9,750,1,28,5,1,5
2018370330010,1,19,0,9,0,1,0,0,0,0,3,1,1,1,42,7,2143,2,8,9,1,9
2018370330010,2,4,0,18,0,1,0,0,0,0,4,1,2,2,27,6,498,1,23,3,1,3
2018370330354,1,9,0,18,0,1,0,0,0,0,1,1,5,1,19,4,1986,2,11,9,1,9
2018370330354,2,9,0,3,0,1,0,0,0,0,2,1,2,2,51,8,-1,-1,-1,9,1,9
2018370330660,1,9,0,18,0,8,0,0,1,0,0,1,5,1,32,6,1199,1,14,-1,-1,-1
2018370330660,2,9,0,18,0,8,0,0,1,0,0,1,6,1,22,5,-1,-1,-1,9,1,9
2018370330751,1,97,0,-1,-1,-1,-1,-1,-1,0,-1,1,6,1,28,6,-1,-1,-1,1,1,1
2018370330751,2,9,0,-1,-1,-1,-1,-1,-1,0,-1,1,6,3,-1,-1,-1,-1,-1,-1,-1,-1
2018370330939,1,9,0,4,0,4,0,0,0,0,1,1,5,1,60,9,2204,2,10,8,1,8
2018370330939,2,9,0,3,0,4,0,0,0,0,2,1,5,1,61,9,1598,1,1,2,1,2
2018370331013,1,17,0,9,0,2,0,0,0,0,1,1,2,1,56,9,6800,2,10,6,3,6
2018370331013,2,3,0,18,0,1,0,0,0,0,3,1,5,1,83,11,125,1,65,9,1,9
2018370331060,1,9,0,18,0,0,1,0,0,0,1,1,5,1,51,8,1596,1,17,7,1,7
2018370331060,2,21,1,2,6,0,0,0,0,0,2,1,1,1,48,8,12902,2,5,-1,-1,-1
2018370331079,1,9,0,18,0,1,0,10,0,0,1,1,6,2,75,10,1587,1,12,4,1,4
2018370331079,2,9,0,18,0,1,0,0,0,0,1,1,5,2,79,11,1590,1,18,5,3,5
2018370331129,1,3,0,18,0,0,2,0,0,0,1,1,1,2,23,5,125,1,1,2,1,2
2018370331129,2,9,0,18,0,0,0,0,0,0,2,1,1,1,44,7,-1,-1,-1,1,1,1
2018370331137,1,3,0,18,0,0,0,0,0,0,1,1,4,1,17,4,125,1,3,3,1,3
2018370331137,2,2,0,4,0,0,0,0,0,0,2,1,4,2,16,4,49,1,-1,7,1,7
2018370331369,1,9,0,18,0,0,0,0,0,0,1,1,5,1,19,4,1781,1,14,6,1,6
2018370331448,1,3,0,18,0,0,0,0,0,0,1,1,2,1,23,5,124,1,5,8,1,8
2018370331448,2,9,0,4,0,0,0,0,0,0,2,1,5,2,66,10,1399,1,1,6,2,6
2018370331560,1,9,0,9,0,2,0,0,0,0,1,1,5,1,58,9,1587,1,9,1,1,1
2018370331560,2,3,0,18,0,1,0,0,0,0,1,1,5,2,50,8,124,1,13,7,1,7
2018370331575,1,2,0,9,0,2,5,0,0,0,4,1,1,2,22,5,125,1,3,7,2,7
2018370331685,1,9,0,18,0,0,0,0,0,0,4,1,1,1,62,9,-1,-1,-1,6,3,6
2018370331700,1,9,0,18,0,0,0,0,0,0,1,1,6,1,51,8,1600,1,14,5,1,5
2018370331705,1,9,0,18,0,0,0,0,0,0,1,1,6,3,-1,-1,1298,1,21,-1,-1,-1
2018370331705,2,9,0,4,0,0,0,0,0,0,2,1,6,2,41,7,1686,2,5,5,3,5
2018370331715,1,9,0,18,0,0,0,0,0,0,1,1,5,1,61,9,1988,1,15,4,2,4
2018370331715,2,9,0,18,0,0,0,0,0,0,2,1,5,2,30,6,-1,-1,-1,6,3,6
2018370331734,1,9,0,18,0,1,0,0,0,0,1,1,5,2,57,9,1598,1,6,6,3,6
2018370331734,2,1,0,18,0,1,0,0,0,0,2,1,5,1,22,5,-1,-1,-1,2,1,2
2018370331776,1,9,0,18,0,0,1,0,0,0,1,1,5,1,68,10,1598,1,20,6,3,6
2018370331776,2,1,0,9,0,0,5,0,0,0,3,1,5,1,12,3,-1,-1,-1,6,3,6
2018370331797,1,9,0,4,0,8,0,0,0,0,1,1,6,2,25,5,1390,1,9,5,1,5
2018370331797,2,9,0,4,0,8,0,0,0,0,2,1,6,1,19,4,973,1,16,9,1,9
2018370331858,1,9,0,18,0,0,1,0,1,4,4,1,5,2,19,4,1360,1,15,3,1,3
2018370331894,1,-1,0,16,0,0,0,0,0,0,3,1,6,3,-1,-1,-1,-1,-1,-1,-1,-1
2018370331894,2,9,0,16,0,0,0,0,0,0,3,1,1,2,51,8,1000,1,26,6,3,6
2018370331923,1,9,0,5,0,8,0,0,0,0,1,1,5,2,79,11,1596,1,8,8,3,8
2018370331923,2,1,0,18,0,8,5,0,0,0,4,1,2,2,54,8,-1,-1,-1,9,1,9
2018370331934,1,9,0,18,0,0,5,0,0,0,1,1,2,2,18,4,998,1,4,4,1,4
2018370331975,1,3,0,13,0,1,0,0,0,0,1,1,5,1,21,5,124,1,13,6,2,6
2018370331975,2,9,0,18,0,1,0,0,0,0,1,1,5,2,44,7,1968,2,7,9,3,9
2018370331975,3,9,0,18,0,1,0,0,0,0,1,1,2,2,38,7,1956,2,2,7,2,7
2018370331979,1,9,0,18,0,1,0,0,0,0,1,1,1,1,57,9,-1,-1,-1,6,1,6
2018370331979,2,9,0,18,0,1,0,0,0,0,2,1,5,1,72,10,1995,2,9,4,1,4
2018370332004,1,9,0,18,0,1,0,0,0,0,1,1,3,2,40,7,1598,1,5,10,1,10
2018370332004,2,1,0,9,0,1,0,0,0,0,1,1,6,1,18,4,-1,-1,-1,6,3,6
2018370332037,1,9,0,18,0,0,0,0,0,0,3,1,1,2,50,8,1598,2,4,10,1,10
2018370332037,2,9,0,18,0,0,0,0,0,0,3,1,5,1,57,9,1968,2,1,4,1,4
2018370332061,1,3,0,18,0,0,0,0,0,0,1,1,1,1,39,7,125,1,7,1,1,1
2018370332061,2,9,0,4,0,0,0,0,0,0,2,1,1,1,44,7,1968,2,6,1,1,1
2018370332428,1,9,0,4,0,1,0,0,0,0,0,1,3,2,50,8,1598,7,15,3,1,3
2018370332428,2,1,0,4,4,1,5,0,0,0,4,1,1,1,30,6,-1,-1,-1,4,1,4
2018370332555,1,5,0,18,0,8,5,0,0,0,1,1,6,1,26,6,919,1,16,5,3,5
2018370332555,2,9,0,18,0,8,0,0,0,0,3,1,5,1,66,10,2400,2,10,5,1,5
2018370332578,1,3,0,18,0,8,5,7,0,0,1,1,5,1,18,4,124,1,7,1,1,1
2018370332615,1,9,0,9,0,1,0,0,0,0,1,1,5,2,30,6,1587,1,15,4,1,4
2018370332615,2,5,0,14,0,1,0,0,0,0,1,1,2,1,34,6,599,1,11,6,1,6
2018370332661,1,9,0,16,0,0,0,0,0,0,1,1,5,1,-1,-1,1368,1,3,3,1,3
2018370332661,2,1,0,16,0,0,0,0,0,0,2,1,5,1,19,4,-1,-1,-1,9,2,9
2018370332809,1,9,0,18,0,8,0,0,0,0,1,1,1,2,23,5,1242,1,1,7,1,7
2018370332809,2,9,0,18,0,8,0,0,0,0,3,1,1,1,52,8,2000,2,14,1,1,1
2018370332835,1,9,0,18,0,1,5,10,0,0,4,1,5,1,47,8,1910,2,9,6,3,6
2018370332835,2,9,0,2,0,2,0,0,0,0,2,1,6,3,-1,-1,-1,-1,-1,-1,-1,-1
2018370332835,3,9,0,2,0,2,0,0,0,0,2,1,6,3,-1,-1,-1,-1,-1,-1,-1,-1
2018370332860,1,9,0,9,0,2,0,0,0,0,2,1,5,2,54,8,1598,1,6,4,3,4
2018370332860,2,1,0,18,0,1,0,0,0,0,1,1,2,2,26,6,-1,-1,-1,4,1,4
2018370332962,1,9,0,9,0,0,0,0,0,0,3,1,5,2,17,4,1242,1,4,10,1,10
2018370332962,2,9,0,18,0,0,0,0,0,0,1,1,5,2,37,7,1598,1,12,6,3,6
2018370333030,1,9,0,18,0,0,0,0,0,0,0,1,6,3,-1,-1,-1,-1,-1,-1,-1,-1
2018370333030,2,9,0,18,0,0,0,0,0,0,1,1,5,1,32,6,1398,1,12,6,3,6
2018370333062,1,9,0,18,0,0,0,0,0,0,3,1,6,2,43,7,1399,2,9,7,3,7
2018370333062,2,9,0,18,0,0,0,0,1,0,3,1,6,1,44,7,1896,2,15,6,2,6
2018370333433,1,9,0,17,0,0,1,0,0,0,4,1,5,1,26,6,1149,1,15,2,1,2
2018370333433,2,9,0,16,0,0,0,0,0,0,1,1,5,2,64,9,1499,2,1,6,3,6
2018370333544,1,9,0,18,0,0,0,0,0,0,1,1,5,2,40,7,1395,1,3,10,1,10
2018370333679,1,1,0,18,0,0,2,0,0,0,1,1,5,1,59,9,-1,-1,-1,7,2,7
2018370333692,1,9,0,9,0,0,0,0,0,0,1,1,5,2,56,9,1685,2,3,6,1,6
2018370333728,1,9,0,14,0,0,0,0,0,0,4,1,5,1,31,6,2000,2,14,4,1,4
2018370333728,2,9,0,18,0,0,0,0,0,0,3,1,5,2,28,6,1596,1,9,5,1,5
2018370333728,3,9,0,2,0,0,0,0,0,0,2,1,6,3,-1,-1,-1,-1,-1,-1,-1,-1
2018370333728,4,9,0,2,0,0,0,0,0,0,2,1,6,3,-1,-1,-1,-1,-1,-1,-1,-1
2018370333754,1,9,0,18,0,1,0,0,1,1,1,1,2,2,-1,-1,1229,1,4,10,1,10
2018370333970,1,9,0,9,0,2,0,0,0,0,2,1,3,2,55,8,1499,2,2,5,3,5
2018370333970,2,19,0,18,0,1,0,0,0,0,1,1,1,1,51,8,4500,2,1,5,3,5
2018370334033,1,9,0,18,0,0,0,0,0,0,4,1,5,1,55,8,1749,1,16,2,1,2
2018370334033,2,22,0,18,0,0,0,0,0,0,3,1,5,2,63,9,-1,-1,-1,4,1,4
2018370334067,1,9,0,9,0,2,0,0,0,0,1,1,2,1,31,6,1560,2,9,5,3,5
2018370334067,2,9,0,18,0,1,0,0,0,0,4,1,5,2,32,6,1596,1,11,5,1,5
2018370334073,1,9,0,13,0,1,0,0,0,0,4,1,5,2,33,6,1598,1,10,7,3,7
2018370334073,2,9,0,18,0,1,0,0,1,0,3,1,5,1,72,10,1560,2,4,6,2,6
2018370334117,1,9,0,18,0,2,0,0,0,0,4,1,5,2,28,6,1242,1,8,3,1,3
2018370334117,2,9,0,2,0,1,0,0,0,0,3,1,5,1,30,6,1781,1,15,1,1,1
2018370334117,3,9,0,2,0,1,0,0,0,0,2,1,6,3,-1,-1,-1,-1,-1,-1,-1,-1
2018370334234,1,9,0,18,0,1,0,0,0,0,1,1,1,1,50,8,-1,-1,-1,10,3,10
2018370334234,2,9,0,18,0,1,0,0,0,0,1,1,5,1,22,5,1242,1,12,-1,2,-1
2018370334234,3,9,0,18,0,1,0,0,0,0,0,1,1,1,-1,-1,2993,2,1,5,1,5
2018370334312,1,9,0,17,0,0,0,0,1,0,4,1,1,2,28,6,1590,1,17,5,1,5
2018370334330,1,19,0,1,0,1,0,0,0,0,2,1,6,1,36,7,1995,2,4,4,3,4
2018370334330,2,1,0,3,0,1,5,0,0,0,2,1,6,2,60,9,-1,-1,-1,10,1,10
2018370334350,1,9,0,5,0,2,0,0,0,0,1,1,1,1,21,5,1360,1,13,2,1,2
2018370334350,2,1,0,18,4,8,0,0,0,0,3,1,2,1,43,7,-1,-1,-1,8,2,8
2018370334459,1,9,0,18,0,0,0,0,0,0,1,1,6,3,-1,-1,1598,1,13,-1,-1,-1
2018370334459,2,9,0,2,0,0,0,0,0,0,2,1,6,3,-1,-1,-1,-1,-1,-1,-1,-1
2018370334459,3,9,0,2,0,0,0,0,0,0,2,1,5,1,-1,-1,1461,2,1,2,1,2
2018370334459,4,9,0,2,0,0,0,0,0,0,1,1,6,3,-1,-1,-1,-1,-1,-1,-1,-1
2018370334459,5,98,0,2,0,0,0,0,0,0,2,1,6,3,-1,-1,-1,-1,-1,-1,-1,-1
2018370334459,6,9,0,2,0,0,0,0,0,0,0,1,6,3,-1,-1,-1,-1,-1,-1,-1,-1
2018370334540,1,9,0,9,0,8,0,0,0,0,1,1,5,1,70,10,1499,2,-1,-1,-1,-1
2018370334540,2,1,0,18,0,8,0,0,0,0,1,1,6,2,55,8,-1,-1,-1,3,1,3
2018370334827,1,9,0,18,0,1,1,0,1,2,4,1,6,1,26,6,1598,1,15,6,3,6
2018370335190,1,9,3,18,0,0,0,0,0,0,0,1,5,1,68,10,2204,2,12,6,3,6
2018370335190,2,9,0,18,0,0,0,11,0,0,1,1,6,1,25,5,1364,1,11,9,3,9
2018370335223,1,9,0,9,0,6,0,0,0,0,1,1,5,1,37,7,1598,1,15,4,1,4
2018370335223,2,3,0,18,0,8,0,0,0,0,1,1,5,1,17,4,125,1,1,5,1,5
2018370335228,1,9,0,18,0,0,0,0,0,0,4,1,5,2,50,8,-1,-1,-1,6,2,6
2018370335228,2,19,0,18,0,0,0,0,0,0,1,1,1,1,52,8,2198,2,6,5,1,5
2018370335249,1,9,0,18,0,8,0,0,0,0,1,1,1,2,25,5,1329,1,3,7,1,7
2018370335249,2,9,0,18,0,1,0,0,0,0,1,1,5,2,44,7,1398,1,4,8,1,8
2018370335284,1,9,0,5,0,0,0,0,0,0,0,1,2,2,46,8,1299,1,10,6,3,6
2018370335559,1,9,0,17,0,8,0,0,0,0,1,1,5,2,27,6,1896,2,10,4,1,4
2018370335636,1,9,0,18,0,1,0,0,0,0,1,1,6,2,35,6,1364,1,11,3,1,3
2018370335636,2,9,0,4,0,1,0,0,0,0,2,1,6,2,53,8,999,1,4,6,1,6
2018370335636,3,9,0,3,0,1,0,0,0,0,2,1,6,1,26,6,1586,1,11,4,1,4
2018370335639,1,98,0,18,0,2,2,0,0,0,3,1,5,1,36,7,-1,-1,-1,2,1,2
2018370335639,2,9,0,18,0,1,0,0,0,0,2,1,6,1,49,8,2967,2,6,9,3,9
2018370335652,1,9,0,18,0,0,0,0,0,0,1,1,5,2,24,5,1395,1,-1,4,3,4
2018370335652,2,9,0,18,0,0,0,0,0,0,1,1,1,1,37,7,1560,2,3,-1,-1,-1
2018370335652,3,90,0,18,0,0,0,0,0,0,1,1,1,1,50,8,2987,2,4,10,1,10
2018370335767,1,9,0,18,0,1,0,0,0,0,1,1,6,3,-1,-1,1124,1,13,-1,-1,-1
2018370335767,2,9,0,18,0,1,0,0,0,0,2,1,5,1,31,6,1995,2,11,2,1,2
2018370335814,1,9,0,18,0,1,0,0,0,0,4,1,5,2,28,6,1461,2,8,5,1,5
2018370335814,2,1,0,18,0,1,0,0,0,0,1,1,5,1,23,5,-1,-1,-1,1,1,1
2018370335816,1,3,0,18,0,0,2,0,0,0,1,1,5,1,18,4,124,1,5,1,1,1
2018370335816,2,19,0,18,0,0,0,0,0,0,2,1,2,1,20,4,1248,2,10,5,1,5
2018370335857,1,9,0,18,0,1,5,0,1,0,4,1,6,1,31,6,998,1,12,5,1,5
2018370335863,1,9,0,18,0,4,0,0,0,0,4,1,2,1,48,8,-1,-1,-1,5,1,5
2018370335863,2,9,0,18,0,4,0,0,0,0,3,1,5,2,56,9,2490,2,19,4,1,4
2018370335863,3,9,0,18,0,4,0,0,0,0,3,1,2,1,28,6,-1,-1,-1,3,1,3
2018370335908,1,5,0,18,0,0,0,0,0,0,4,1,2,1,56,9,1293,1,2,6,3,6
2018370335918,1,9,0,18,0,1,5,0,0,0,1,1,2,2,19,4,1242,1,9,6,3,6
2018370335944,1,9,0,18,0,0,0,0,1,0,1,1,5,1,52,8,2494,2,16,6,2,6
2018370335971,1,9,0,18,0,0,0,0,0,0,4,1,5,2,21,5,1388,1,10,7,3,7
2018370336062,1,21,4,12,0,0,0,0,0,0,1,1,1,1,29,6,11705,2,11,3,1,3