Accident_Index,Vehicle_Reference,Vehicle_Type,Towing_and_Articulation,Vehicle_Manoeuvre,Vehicle_Location-Restricted_Lane,Junction_Location,Skidding_and_Overturning,Hit_Object_in_Carriageway,Vehicle_Leaving_Carriageway,Hit_Object_off_Carriageway,1st_Point_of_Impact,Was_Vehicle_Left_Hand_Drive?,Journey_Purpose_of_Driver,Sex_of_Driver,Age_of_Driver,Age_Band_of_Driver,Engine_Capacity_(CC),Propulsion_Code,Age_of_Vehicle,Driver_IMD_Decile,Driver_Home_Area_Type,Vehicle_IMD_Decile
2018370336062,2,9,0,18,0,0,0,0,4,0,4,1,5,2,51,8,1596,1,16,4,1,4
2018370336188,1,3,0,18,0,8,5,0,0,0,4,1,2,1,36,7,124,1,11,3,1,3
2018370336192,1,5,0,18,0,1,2,0,0,0,3,1,2,1,31,6,598,1,27,3,1,3
2018370336196,1,9,0,9,0,0,0,0,0,0,1,1,6,2,63,9,998,1,3,7,3,7
2018370336196,2,9,0,18,0,0,1,0,0,0,1,1,2,1,23,5,1360,1,16,4,2,4
2018370336204,1,9,0,18,0,0,0,0,0,0,1,1,5,1,39,7,1560,2,2,5,1,5
2018370336251,1,9,0,18,0,0,5,0,0,0,1,1,5,1,72,10,1798,1,10,6,3,6
2018370336251,2,9,0,2,0,0,0,0,0,0,3,1,6,3,-1,-1,-1,-1,-1,-1,-1,-1
2018370336285,1,9,0,18,0,0,0,0,0,0,1,1,5,2,29,6,2495,2,17,9,3,9
2018370336292,1,9,0,18,0,0,0,0,0,0,1,1,2,2,44,7,1364,1,2,7,3,7
2018370336292,2,19,0,10,0,0,0,0,0,0,2,1,3,1,49,8,1560,2,4,6,3,6
2018370336314,1,9,0,18,0,0,0,0,0,0,1,1,5,2,28,6,1597,2,3,6,3,6
2018370336314,2,9,0,18,0,0,0,0,0,0,2,1,5,1,36,7,1968,2,7,4,1,4
2018370336325,1,9,0,18,0,0,2,0,0,0,1,1,6,1,27,6,1596,1,15,-1,-1,-1
2018370336325,2,9,0,18,0,0,1,1,0,0,1,1,5,2,18,4,1149,1,10,8,2,8
2018370336341,1,9,0,13,0,8,1,0,7,10,1,1,1,1,43,7,2993,2,1,7,3,7
2018370336341,2,9,0,9,0,8,0,0,0,0,3,1,5,2,42,7,1998,1,1,7,3,7
2018370336341,3,9,0,2,0,1,0,0,0,0,4,1,6,3,-1,-1,-1,-1,-1,-1,-1,-1
2018370336343,1,9,0,18,0,0,0,0,0,0,1,1,5,2,40,7,1386,1,12,4,1,4
2018370336343,2,9,0,2,0,0,0,0,0,0,2,1,6,3,-1,-1,-1,-1,-1,-1,-1,-1
2018370336343,3,9,0,2,0,0,0,0,0,0,2,1,6,3,-1,-1,-1,-1,-1,-1,-1,-1
2018370336383,1,9,0,18,0,1,0,0,0,0,1,1,2,2,29,6,1461,2,5,4,3,4
2018370336383,2,9,0,10,0,1,0,0,0,0,2,1,2,2,42,7,1242,1,2,10,1,10
2018370336386,1,9,0,18,0,0,0,0,0,0,3,1,6,3,-1,-1,-1,-1,-1,-1,-1,-1
2018370336465,1,9,0,18,0,0,0,0,0,0,1,1,2,2,29,6,998,1,7,7,1,7
2018370336465,2,9,0,18,0,0,0,0,0,0,2,1,2,2,39,7,1198,1,10,10,2,10
2018370336585,1,9,0,18,0,0,1,0,7,0,1,1,6,2,22,5,1587,1,15,5,2,5
2018370336585,2,90,0,18,0,0,1,0,0,0,1,1,2,1,51,8,-1,-1,-1,4,2,4
2018370336620,1,9,0,18,0,1,0,0,0,0,4,1,6,1,-1,-1,998,1,4,7,1,7
2018370336620,2,9,0,3,0,2,0,0,0,0,2,1,5,2,28,6,898,1,1,6,1,6
2018370336786,1,9,0,1,0,0,0,0,0,0,2,1,1,2,44,7,2179,2,4,10,3,10
2018370337455,1,9,0,18,0,0,0,0,0,0,1,1,6,3,-1,-1,2435,1,14,-1,-1,-1
2018370337455,2,1,0,18,0,0,5,0,0,0,2,1,6,2,53,8,-1,-1,-1,8,2,8
2018370337496,1,9,0,18,0,0,0,0,0,0,1,1,6,2,26,6,1598,1,18,4,1,4
2018370337496,2,9,0,18,0,0,0,0,0,0,3,1,5,1,39,7,1198,1,7,6,2,6
2018370337506,1,9,0,18,0,0,0,0,0,0,1,1,5,1,65,9,999,1,-1,9,1,9
2018370337506,2,1,0,18,0,0,5,0,0,0,2,1,5,1,27,6,-1,-1,-1,-1,-1,-1
2018370337557,1,9,0,6,0,0,0,0,0,0,3,1,5,1,79,11,1396,1,3,5,1,5
2018370337557,2,9,0,18,0,0,0,0,0,0,1,1,5,1,46,8,3164,1,35,10,1,10
2018370337592,1,9,0,18,0,0,0,0,0,0,1,1,5,1,68,10,1591,1,4,8,1,8
2018370337616,1,9,0,18,0,8,0,0,0,0,1,1,5,2,83,11,1329,1,7,5,1,5
2018370337616,2,9,0,9,0,8,0,0,0,0,1,1,5,2,57,9,1242,1,4,2,1,2
2018370337616,3,9,0,2,0,2,0,0,0,0,0,1,6,3,-1,-1,-1,-1,-1,-1,-1,-1
2018370337637,1,21,0,18,0,0,0,0,0,0,1,1,1,1,29,6,10837,2,1,9,1,9
2018370337637,2,1,0,18,0,0,5,0,1,0,2,1,6,1,65,9,-1,-1,-1,3,1,3
2018370337701,1,9,0,18,0,0,0,0,1,11,1,1,5,1,22,5,2254,1,17,6,3,6
2018370337978,1,9,0,4,0,0,0,10,1,3,1,1,5,2,72,10,1229,1,11,9,1,9
2018370338079,1,9,0,9,0,1,0,0,0,0,4,1,5,2,36,7,1800,1,1,7,1,7
2018370338079,2,19,0,18,0,1,0,0,0,0,1,1,2,1,25,5,1995,2,11,5,3,5
2018370338125,1,21,0,9,0,8,0,0,0,0,3,1,1,1,64,9,9290,2,6,6,3,6
2018370338125,2,9,0,7,0,8,0,0,0,0,3,1,6,2,47,8,1198,1,4,8,2,8
2018370338170,1,9,0,18,0,0,0,0,0,0,3,1,2,1,34,6,1986,2,10,6,3,6
2018370338170,2,9,0,18,0,0,0,0,0,0,3,1,2,1,33,6,1997,2,12,6,3,6
2018370338170,3,9,0,18,0,0,0,0,0,0,1,1,2,1,23,5,1988,1,16,6,3,6
2018370338364,1,9,0,18,0,0,5,0,7,0,1,1,6,1,24,5,1360,1,12,4,3,4
2018370338385,1,9,0,7,0,6,0,0,0,0,1,1,6,2,44,7,2198,1,12,5,1,5
2018370338385,2,9,0,18,0,1,0,0,0,0,4,1,6,1,18,4,1390,1,10,10,1,10
2018370338392,1,9,0,18,0,1,0,0,0,0,1,1,5,1,76,11,1796,1,18,9,1,9
2018370338392,2,3,0,18,0,1,0,0,0,0,2,1,2,1,17,4,124,1,6,1,1,1
2018370338398,1,5,0,18,0,1,2,0,0,0,3,1,5,1,55,8,998,1,1,7,2,7
2018370338398,2,5,0,18,0,1,0,0,0,0,2,1,5,1,59,9,1078,1,10,7,1,7
2018370338398,3,5,0,18,0,1,2,0,0,0,1,1,5,1,63,9,649,1,41,4,2,4
2018370338458,1,9,0,18,0,0,0,0,0,0,1,1,1,1,27,6,1598,2,7,6,3,6
2018370338458,2,9,0,3,0,0,0,0,0,0,2,1,5,2,37,7,1997,2,8,1,1,1
2018370338478,1,9,0,18,0,0,0,0,0,0,3,1,6,3,-1,-1,-1,-1,-1,-1,-1,-1
2018370338478,2,98,0,18,0,0,0,0,1,0,4,1,1,1,56,9,-1,-1,-1,9,2,9
2018370338518,1,9,0,5,0,0,0,0,0,0,1,1,5,2,44,7,4395,1,2,10,1,10
2018370338625,1,17,0,18,0,0,1,0,0,0,3,1,1,1,75,10,-1,-1,-1,5,3,5
2018370338625,2,9,0,4,0,0,0,0,0,0,1,1,6,2,55,8,1998,1,2,8,3,8
2018370338633,1,9,0,5,0,6,0,0,0,0,1,1,5,1,71,10,1796,1,29,8,1,8
2018370338633,2,9,0,18,0,1,0,0,0,0,4,1,2,1,27,6,1395,1,1,6,1,6
2018370338837,1,9,0,18,0,0,0,0,0,0,3,1,5,1,84,11,1248,1,3,9,2,9
2018370338837,2,9,0,18,0,0,0,0,0,0,3,1,5,2,52,8,1799,1,11,7,3,7
2018370338860,1,9,0,5,0,1,0,0,0,0,1,1,2,2,42,7,2204,2,11,5,1,5
2018370338860,2,9,0,3,0,1,0,0,0,0,2,1,2,2,48,8,1596,1,14,5,1,5
2018370338886,1,9,0,18,0,8,0,0,0,0,4,1,5,1,66,10,1560,2,13,5,1,5
2018370338887,1,21,1,18,0,3,0,0,0,0,1,1,6,1,28,6,12900,2,3,-1,-1,-1
2018370338887,2,9,0,18,0,3,0,0,0,0,2,1,6,1,40,7,1586,1,2,9,1,9
2018370338893,1,9,0,18,0,0,5,0,1,0,1,1,5,2,54,8,1198,1,12,3,1,3
2018370338905,1,9,0,1,0,1,0,0,0,0,2,1,5,1,84,11,1248,1,3,9,2,9
2018370338905,2,21,0,2,0,1,0,0,0,0,1,1,1,1,54,8,7698,2,2,6,2,6
2018370338933,1,9,0,18,0,0,0,0,0,0,1,1,6,1,21,5,1496,1,2,1,1,1
2018370338933,2,9,0,4,0,0,0,0,0,0,2,1,6,1,32,6,1248,2,6,3,1,3
2018370338946,1,9,0,5,0,8,0,0,0,0,1,1,2,1,24,5,1396,2,7,10,2,10
2018370338946,2,9,0,18,0,8,0,0,0,0,1,1,2,2,45,7,1997,2,9,6,2,6
2018370338986,1,9,0,18,0,0,0,0,1,0,1,1,5,1,59,9,1499,2,3,7,1,7
2018370339126,1,9,0,5,0,1,0,0,0,0,1,1,5,1,29,6,1968,2,10,5,1,5
2018370339126,2,5,0,5,0,1,5,0,0,0,3,1,5,1,51,8,1690,1,1,4,1,4
2018370339205,1,9,0,18,0,0,0,0,0,0,1,1,1,1,22,5,1997,1,18,6,3,6
2018370339205,2,9,0,2,0,0,0,0,0,0,2,1,5,2,20,4,1598,2,4,5,2,5
2018370339205,3,9,0,2,0,0,0,0,0,0,2,1,5,1,77,11,1242,1,1,6,1,6
2018370339235,1,9,0,18,0,0,5,0,1,0,1,1,6,2,47,8,1560,2,8,6,3,6
2018370339248,1,98,0,18,0,0,0,0,0,0,1,1,6,3,-1,-1,-1,-1,-1,-1,-1,-1
2018370339248,2,9,0,18,0,0,1,0,5,0,1,1,6,2,32,6,1997,1,20,3,1,3
2018370339248,3,9,0,18,0,0,0,0,0,0,1,1,6,1,52,8,1598,2,2,10,1,10
2018370339451,1,9,0,17,0,0,0,0,3,7,1,1,6,1,21,5,1495,1,18,1,1,1
2018370339470,1,9,0,7,0,8,0,0,0,0,3,1,5,1,45,7,1248,2,4,3,1,3
2018370339470,2,1,0,18,0,8,5,0,0,0,1,1,2,1,21,5,-1,-1,-1,4,1,4
2018370339490,1,5,0,18,0,8,5,0,0,0,1,1,5,1,27,6,599,1,16,10,3,10
2018370339490,2,9,0,9,0,8,0,0,0,0,4,1,5,2,33,6,1229,1,8,3,1,3
2018370339508,1,9,0,18,0,1,0,0,0,0,1,1,6,1,-1,-1,1199,1,14,-1,-1,-1
2018370339508,2,9,0,3,0,1,0,0,0,0,2,1,6,1,29,6,2148,2,10,9,1,9
2018370339508,3,9,0,3,0,1,0,0,0,0,2,1,6,1,30,6,1998,1,21,4,1,4
2018370339510,1,9,0,18,0,1,0,0,0,0,1,1,5,2,65,9,1596,1,12,9,3,9
2018370339510,2,9,0,18,0,1,0,0,0,0,4,1,5,2,45,7,2400,2,5,5,3,5
2018370339530,1,9,0,18,0,1,0,0,0,0,1,1,6,1,82,11,1104,1,-1,7,3,7
2018370339530,2,9,0,4,0,1,0,0,0,0,2,1,1,1,56,9,-1,-1,-1,5,3,5
2018370339561,1,9,0,9,0,8,0,0,0,0,1,1,6,3,-1,-1,1598,1,12,-1,-1,-1
2018370339561,2,9,0,18,0,8,0,0,0,0,1,1,5,2,53,8,1296,1,12,8,3,8
2018370339571,1,9,0,18,0,0,0,0,0,0,3,1,5,1,43,7,1910,2,8,5,1,5
2018370339571,2,9,0,18,0,0,5,0,1,11,4,1,1,1,49,8,1395,1,2,9,3,9
2018370339602,1,9,0,5,0,6,0,0,0,0,1,1,5,2,39,7,2401,2,14,8,3,8
2018370339602,2,9,0,18,0,1,0,0,0,0,4,1,5,1,52,8,1997,2,2,8,1,8
2018370339614,1,9,0,18,0,0,0,0,0,0,1,1,2,1,29,6,1596,1,16,3,1,3
2018370339614,2,9,0,4,0,0,0,0,0,0,2,1,5,1,34,6,1461,2,5,5,1,5
2018370339614,3,20,1,5,0,0,0,0,0,0,0,1,1,1,54,8,-1,-1,-1,3,1,3
2018370339614,4,20,1,2,0,0,0,0,0,0,2,1,1,1,68,10,-1,-1,-1,5,1,5
2018370339749,1,3,0,18,0,0,2,0,0,0,4,1,2,1,22,5,125,1,-1,8,3,8
2018370339749,2,9,0,4,0,0,0,0,0,0,2,1,2,1,62,9,1390,1,10,2,1,2
2018370339778,1,9,-1,18,0,0,0,0,0,0,1,1,6,1,28,6,-1,-1,-1,6,1,6
2018370339789,1,-1,0,18,0,0,0,0,0,0,0,1,6,3,-1,-1,-1,-1,-1,-1,-1,-1
2018370339789,2,9,0,18,0,0,1,4,0,0,3,1,5,1,19,4,1388,1,15,2,1,2
2018370339789,3,9,0,2,0,0,0,0,0,0,2,1,5,1,41,7,1896,2,11,4,1,4
2018370339789,4,9,0,2,9,0,0,0,0,0,2,1,6,1,43,7,1339,1,8,4,1,4
2018370339789,5,9,0,2,0,0,0,0,0,0,1,1,5,1,57,9,1997,2,16,4,1,4
2018370339909,1,9,0,18,0,0,0,0,1,11,1,1,5,2,45,7,1329,1,2,6,1,6
2018370339999,1,9,0,18,0,1,0,0,0,0,1,1,6,1,86,11,1499,1,1,4,3,4
2018370339999,2,9,0,4,0,1,0,0,0,0,2,1,2,1,47,8,1995,2,10,4,1,4
2018370340021,1,9,0,18,0,0,0,4,0,0,1,1,5,1,82,11,1796,1,8,9,2,9
2018370340021,2,9,0,2,0,0,0,0,0,0,2,1,6,3,-1,-1,-1,-1,-1,-1,-1,-1
2018370340497,1,9,0,18,0,8,0,0,0,0,4,1,2,2,41,7,1461,2,5,5,1,5
2018370340497,2,1,0,18,0,8,0,0,0,0,2,1,6,2,55,8,-1,-1,-1,7,3,7
2018370340539,1,9,0,18,0,8,0,0,0,0,1,1,2,1,43,7,1242,1,4,9,1,9
2018370340539,2,3,0,17,0,8,5,0,0,0,1,1,2,2,27,6,114,1,4,6,1,6
2018370340559,1,9,0,13,0,0,0,0,0,0,3,1,5,2,39,7,1910,2,11,5,3,5
2018370340559,2,5,0,18,0,0,5,0,1,0,1,1,5,1,54,8,644,1,13,5,3,5
2018370340559,3,9,0,18,0,0,0,0,0,0,0,1,6,1,56,9,2706,1,4,8,1,8
2018370340559,4,9,0,18,0,0,0,0,0,0,0,1,6,2,34,6,1398,2,4,5,1,5
2018370340611,1,9,0,18,0,0,2,0,1,10,3,1,5,2,44,7,1229,1,8,2,1,2
2018370340611,2,9,0,2,9,0,0,0,0,0,2,1,5,1,55,8,1999,1,14,6,3,6
2018370340645,1,9,0,1,0,0,0,0,7,10,2,1,5,2,50,8,1896,2,13,1,1,1
2018370340645,2,9,0,2,9,0,0,0,0,0,2,1,6,3,-1,-1,-1,-1,-1,-1,-1,-1
2018370340699,1,9,0,18,0,7,0,0,0,0,1,1,5,1,68,10,1364,1,8,2,1,2
2018370340699,2,9,0,18,0,1,0,0,0,0,1,1,2,2,33,6,1598,1,6,9,2,9
2018370340978,1,1,0,5,0,8,0,0,0,0,1,1,1,1,39,7,-1,-1,-1,7,1,7
2018370340978,2,9,0,18,0,8,0,0,0,0,4,1,6,3,-1,-1,-1,-1,-1,-1,-1,-1
2018370341232,1,9,0,18,0,0,1,0,0,0,1,1,2,1,47,8,4398,1,13,6,2,6
2018370341232,2,9,0,18,0,0,2,0,1,9,1,1,5,1,46,8,1360,1,14,6,3,6
2018370341274,1,9,0,18,0,1,0,0,0,0,4,1,5,1,17,4,1198,1,8,7,3,7
2018370341274,2,9,0,18,0,1,0,0,0,0,1,1,5,1,55,8,1395,1,4,9,1,9
2018370341281,1,9,0,13,0,1,0,0,0,0,4,1,6,2,-1,-1,-1,-1,-1,-1,-1,-1
2018370341281,2,1,0,18,0,1,5,0,0,0,3,1,6,2,72,10,-1,-1,-1,5,1,5
2018370341476,1,9,0,5,0,6,0,0,0,0,4,1,5,2,53,8,2995,1,13,2,1,2
2018370341476,2,9,0,18,0,1,0,0,0,0,1,1,5,1,61,9,1598,1,15,3,1,3
2018370341618,1,9,0,18,0,0,0,0,0,0,1,1,5,1,89,11,993,1,32,5,3,5
2018370341618,2,98,0,10,0,0,0,0,0,0,2,1,5,1,56,9,-1,-1,-1,5,3,5
2018370341619,1,9,0,9,0,0,0,0,0,0,3,1,2,1,53,8,1997,2,18,5,3,5
2018370341619,2,5,0,14,0,0,0,0,0,0,1,1,2,1,53,8,645,1,3,7,3,7
2018370341656,1,9,0,16,0,0,5,0,0,0,1,1,1,2,27,6,2198,2,6,6,3,6
2018370341656,2,9,0,17,0,0,0,0,0,0,1,1,5,2,28,6,1968,2,8,6,3,6
2018370341725,1,9,0,5,0,4,0,0,0,0,1,1,6,1,-1,-1,1242,1,12,7,1,7
2018370341725,2,9,0,18,0,8,0,0,0,0,2,1,6,2,24,5,1560,2,4,7,3,7
2018370341914,1,9,0,9,0,8,0,0,0,0,3,1,6,3,-1,-1,-1,-1,-1,-1,-1,-1
2018370341914,2,2,0,18,0,8,0,0,0,0,1,1,5,1,16,4,49,1,14,9,2,9
2018370342040,1,19,0,18,0,0,0,0,0,0,4,1,6,1,30,6,1896,2,14,6,1,6
2018370342134,1,9,0,17,0,1,0,0,0,0,1,1,5,1,31,6,1598,1,11,3,1,3
2018370342196,1,9,0,18,0,0,1,4,0,0,1,1,2,2,53,8,1582,2,2,3,1,3
2018370342196,2,9,0,4,0,0,0,4,0,0,2,1,5,1,57,9,1997,1,1,7,1,7
2018370342198,1,9,0,18,0,0,0,0,1,0,1,1,5,1,48,8,-1,-1,-1,5,2,5
2018370342335,1,9,0,18,0,0,0,0,0,0,1,1,6,1,18,4,1149,1,14,9,1,9
2018370342335,2,9,0,3,0,0,0,0,0,0,2,1,5,2,29,6,1560,2,8,5,1,5
2018370342478,1,9,0,6,0,8,1,0,0,0,3,1,5,2,18,4,998,1,12,8,3,8
2018370342478,2,21,0,18,0,8,0,0,0,0,1,1,1,1,50,8,12900,2,6,1,1,1
2018370342478,3,9,0,18,0,8,0,0,0,0,3,1,1,2,45,7,1796,1,10,4,3,4
2018370342537,1,9,0,9,0,1,0,0,0,0,1,1,5,1,30,6,1598,1,13,1,1,1
2018370342537,2,9,0,18,0,2,0,0,0,0,1,1,5,1,19,4,1242,1,11,2,1,2
2018370342574,1,9,0,18,0,1,0,0,0,0,1,1,6,3,-1,-1,-1,-1,-1,-1,-1,-1
2018370342574,2,1,0,10,0,1,0,0,0,0,2,1,6,1,19,4,-1,-1,-1,1,1,1
2018370342590,1,9,0,18,0,0,0,0,0,0,1,1,5,2,39,7,1598,1,11,6,1,6
2018370342590,2,9,0,18,0,0,0,0,0,0,3,1,5,1,51,8,1598,2,5,6,3,6
2018370343158,1,9,0,18,0,0,1,0,0,0,4,1,1,1,25,5,1242,1,14,2,1,2
2018370343158,2,9,0,18,0,0,0,0,0,0,1,1,1,1,38,7,998,1,5,7,1,7
2018370343217,1,21,0,18,0,0,0,0,0,0,1,1,5,1,49,8,-1,-1,-1,9,1,9
2018370343227,1,9,0,18,0,1,0,0,0,0,1,1,6,3,-1,-1,-1,-1,-1,-1,-1,-1
2018370343251,1,9,0,18,0,1,1,0,1,0,1,1,2,1,47,8,1598,1,14,1,1,1
2018370343333,1,9,0,1,9,0,0,0,0,0,2,1,5,1,60,9,-1,-1,-1,4,1,4
2018370343392,1,1,0,18,0,1,0,0,0,0,1,1,5,1,48,8,-1,-1,-1,6,3,6
2018370343392,2,9,0,18,0,2,0,0,0,0,3,1,5,2,37,7,1596,1,9,8,3,8
2018370343436,1,9,0,18,0,0,0,0,0,0,1,1,5,1,19,4,1399,2,10,10,3,10
2018370343459,1,3,0,14,0,0,2,0,0,0,1,1,2,1,17,4,125,1,6,4,1,4
2018370343459,2,9,0,5,0,0,0,0,0,0,3,1,5,2,24,5,1242,1,4,5,1,5
2018370343468,1,9,0,16,0,4,1,0,0,0,3,1,5,2,64,9,1360,1,17,5,1,5
2018370343468,2,21,1,17,0,8,0,0,0,0,4,1,1,1,64,9,12742,2,1,6,1,6
2018370343514,1,9,0,1,0,0,0,0,0,0,0,1,2,2,45,7,1399,1,10,8,1,8
2018370343514,2,1,0,18,0,0,0,0,0,0,0,1,1,2,49,8,-1,-1,-1,10,1,10
2018370343679,1,21,0,18,0,1,0,0,0,0,1,1,5,1,42,7,-1,-1,-1,4,1,4
2018370343679,2,9,0,18,0,1,0,0,0,0,2,1,5,2,80,11,998,1,-1,10,1,10
2018370343679,3,9,0,3,0,1,0,0,0,0,2,1,1,1,34,6,-1,-1,-1,4,1,4
2018370343679,4,9,0,10,0,1,0,0,0,0,2,1,1,2,42,7,1896,2,10,6,3,6
2018370343773,1,9,0,18,0,1,0,0,0,0,1,1,5,1,29,6,1124,1,17,2,1,2
2018370343773,2,9,0,4,0,1,0,0,0,0,1,1,5,1,44,7,1598,2,4,6,3,6
2018370344125,1,9,0,16,0,0,2,0,0,0,1,1,2,1,35,6,1399,2,15,5,1,5
2018370344129,1,3,0,18,0,0,2,0,0,0,1,1,5,1,18,4,125,1,4,5,3,5
2018370344129,2,9,0,18,0,0,0,0,0,0,4,1,5,2,82,11,1461,2,3,6,3,6
2018370344131,1,9,0,18,0,8,0,0,0,0,3,1,1,1,37,7,1497,8,10,10,1,10
2018370344131,2,1,0,18,0,8,5,0,0,0,1,1,2,1,26,6,-1,-1,-1,8,1,8
2018370344144,1,1,0,18,0,8,0,0,0,0,1,1,6,1,51,8,-1,-1,-1,5,1,5
2018370344144,2,9,0,18,0,8,0,0,0,0,3,1,1,1,41,7,1896,2,10,2,1,2
2018370344163,1,9,0,1,0,0,0,0,0,0,2,1,5,1,75,10,2967,2,3,10,2,10
2018370344165,1,9,0,18,0,0,0,0,0,0,1,1,2,1,18,4,1248,2,7,9,3,9
2018370344165,2,9,0,4,0,0,0,0,0,0,2,1,5,2,59,9,1968,2,10,8,2,8
2018370344204,1,9,0,17,0,0,5,0,1,0,4,1,5,1,20,4,1998,1,10,7,1,7
2018370344232,1,9,0,4,0,4,0,0,0,0,1,1,6,1,24,5,2521,1,13,6,1,6
2018370344232,2,9,0,4,0,4,0,0,0,0,2,1,5,2,38,7,1798,1,-1,4,1,4
2018370344364,1,5,0,18,0,0,1,12,0,0,4,1,2,1,47,8,1037,1,1,5,1,5
2018370344388,1,9,0,18,0,0,1,0,7,0,1,1,2,1,32,6,1984,1,16,2,1,2
2018370344404,1,9,0,18,0,0,0,0,0,0,1,1,1,1,57,9,2685,2,13,10,1,10
2018370344424,1,9,0,18,0,0,0,0,0,0,1,1,6,2,19,4,1242,1,12,2,1,2
2018370344424,2,9,0,3,0,0,0,0,0,0,2,1,4,2,50,8,998,1,18,3,1,3
2018370344585,1,9,0,9,0,8,0,0,0,0,1,1,5,1,69,10,1600,2,8,7,3,7
2018370344585,2,9,0,18,0,8,0,0,0,0,1,1,5,1,70,10,-1,-1,-1,6,3,6
2018370344895,1,9,0,17,0,0,1,0,1,1,1,1,5,2,84,11,1328,1,1,7,2,7
2018370344901,1,21,0,18,0,0,0,0,0,0,4,1,6,3,-1,-1,-1,-1,-1,-1,-1,-1
2018370344991,1,19,0,18,0,0,0,0,0,0,0,1,1,1,43,7,1998,2,13,5,1,5
2018370344991,2,9,0,18,0,0,0,0,0,0,3,1,5,2,81,11,1198,1,4,7,1,7
2018370345016,1,19,0,5,0,1,0,0,0,0,1,1,6,1,22,5,1995,2,11,3,1,3
2018370345016,2,9,0,5,0,1,0,0,0,0,2,1,6,1,54,8,2180,2,21,3,1,3
2018370345066,1,1,0,18,0,1,0,0,0,0,2,1,5,1,14,3,-1,-1,-1,3,1,3
2018370345066,2,9,0,18,0,1,0,0,0,0,4,1,5,1,36,7,1396,1,9,7,1,7
2018370345119,1,9,0,9,0,8,0,0,0,0,3,1,5,2,37,7,1968,2,9,10,3,10
2018370345119,2,9,0,18,0,8,0,0,0,0,1,1,5,2,69,10,998,1,9,6,3,6
2018370345125,1,90,0,18,0,0,0,0,0,0,1,1,5,1,40,7,-1,-1,-1,5,3,5
2018370345125,2,90,0,2,0,0,0,0,0,0,1,1,6,3,-1,-1,-1,-1,-1,-1,-1,-1
2018370345131,1,3,0,18,0,0,0,0,0,0,1,1,2,2,22,5,125,1,3,7,2,7
2018370345131,2,9,0,2,0,0,0,0,0,0,1,1,6,3,-1,-1,-1,-1,-1,-1,-1,-1
2018370345147,1,90,0,16,0,0,0,0,7,0,1,1,5,1,22,5,-1,-1,-1,5,3,5
2018370345152,1,9,0,4,0,1,0,0,0,0,1,1,6,1,31,6,1986,2,11,6,2,6
2018370345152,2,9,0,4,0,1,0,0,0,0,2,1,6,2,61,9,-1,-1,-1,6,3,6
2018370345152,3,9,0,4,0,1,0,0,0,0,2,1,6,3,-1,-1,-1,-1,-1,-1,-1,-1
2018370345183,1,9,0,18,0,0,0,0,0,0,1,1,5,2,36,7,2967,2,-1,9,1,9
2018370345183,2,9,0,18,0,0,0,0,0,0,2,1,5,1,71,10,1999,2,-1,8,1,8
2018370345183,3,19,0,4,0,0,0,0,0,0,2,1,1,1,24,5,1560,2,1,1,1,1
2018370345203,1,8,0,18,0,2,0,0,0,0,1,1,1,1,48,8,1560,2,4,4,3,4
2018370345203,2,9,0,18,0,1,0,0,0,0,1,1,2,1,17,4,1229,1,9,8,3,8
2018370345203,3,9,0,18,0,1,0,0,0,0,1,1,1,1,32,6,1390,1,16,4,1,4
2018370345210,1,9,0,16,0,4,0,0,0,0,1,1,3,2,37,7,1896,2,14,1,1,1
2018370345210,2,1,0,18,0,8,0,0,0,0,4,1,5,1,53,8,-1,-1,-1,7,1,7
2018370345213,1,9,0,18,0,1,0,0,0,0,1,1,2,1,20,4,1242,1,9,7,1,7
2018370345213,2,9,0,3,0,1,0,0,0,0,2,1,5,2,29,6,1598,2,5,5,2,5
2018370345213,3,9,0,3,0,1,0,0,0,0,2,1,5,1,68,10,1997,2,5,8,1,8
2018370345230,1,9,0,18,0,1,1,0,1,0,1,1,5,1,17,4,1198,1,15,7,1,7
2018370345237,1,9,0,10,0,1,0,0,0,0,1,1,1,1,41,7,3301,1,14,5,2,5
2018370345237,2,9,0,18,0,8,0,0,0,0,1,1,5,2,40,7,1339,1,8,6,2,6
2018370345251,1,9,0,18,0,0,0,0,0,0,4,1,5,2,30,6,1242,1,7,10,1,10
2018370345251,2,9,0,15,0,0,0,0,0,0,3,1,5,2,42,7,998,1,2,5,2,5
2018370345265,1,9,0,18,0,0,0,0,0,0,1,1,5,2,82,11,1198,1,7,7,2,7
2018370345265,2,9,0,2,0,0,0,0,0,0,2,1,6,3,-1,-1,-1,-1,-1,-1,-1,-1
2018370345266,1,9,0,18,0,0,0,0,0,0,1,1,1,2,19,4,1400,1,12,5,1,5
2018370345266,2,9,0,3,0,0,0,0,0,0,2,1,1,2,56,9,999,1,2,7,2,7
2018370345266,3,9,0,3,0,0,0,0,0,0,3,1,1,2,60,9,1364,1,9,9,2,9
2018370345292,1,9,0,18,0,1,0,0,0,0,1,1,5,1,36,7,1997,2,10,2,1,2
2018370345292,2,9,0,3,0,1,0,0,0,0,2,1,6,2,23,5,998,1,2,2,1,2