Accident_Index,Vehicle_Reference,Vehicle_Type,Towing_and_Articulation,Vehicle_Manoeuvre,Vehicle_Location-Restricted_Lane,Junction_Location,Skidding_and_Overturning,Hit_Object_in_Carriageway,Vehicle_Leaving_Carriageway,Hit_Object_off_Carriageway,1st_Point_of_Impact,Was_Vehicle_Left_Hand_Drive?,Journey_Purpose_of_Driver,Sex_of_Driver,Age_of_Driver,Age_Band_of_Driver,Engine_Capacity_(CC),Propulsion_Code,Age_of_Vehicle,Driver_IMD_Decile,Driver_Home_Area_Type,Vehicle_IMD_Decile
2018370351704,1,9,0,5,0,2,0,0,0,0,1,1,2,2,25,5,998,1,6,3,1,3
2018370351704,2,3,0,18,0,2,0,0,0,0,4,1,5,2,48,8,125,1,6,8,1,8
2018370351757,1,9,0,18,0,8,0,0,0,0,1,1,6,2,35,6,999,1,1,7,3,7
2018370351757,2,9,0,17,0,1,0,0,0,0,1,1,6,1,61,9,3800,1,9,10,3,10
2018370351785,1,9,0,18,0,1,0,0,0,0,1,1,2,2,26,6,1995,2,-1,7,-1,7
2018370351811,1,9,0,2,0,0,0,0,0,0,3,1,2,2,58,9,1796,2,4,7,1,7
2018370351811,2,1,0,18,0,0,0,0,0,0,1,1,4,1,14,3,-1,-1,-1,10,1,10
2018370351859,1,9,0,18,0,0,0,0,0,0,1,1,2,1,22,5,1560,2,5,5,1,5
2018370351859,2,19,0,18,0,0,0,0,0,0,1,1,1,1,64,9,2402,2,7,5,3,5
2018370351907,1,19,0,16,0,0,0,0,0,0,4,1,6,3,16,4,-1,-1,-1,-1,-1,-1
2018370351937,1,9,0,18,0,0,5,11,1,0,4,1,5,2,36,7,1998,1,9,6,3,6
2018370351955,1,9,0,18,0,0,0,0,0,0,4,1,2,2,32,6,998,1,3,5,2,5
2018370351973,1,9,0,9,0,8,0,0,0,0,1,1,2,2,64,9,1296,1,9,2,1,2
2018370351973,2,1,0,18,0,1,0,0,0,0,1,1,4,1,15,3,-1,-1,-1,1,1,1
2018370351996,1,3,0,4,0,0,1,0,0,0,1,1,2,1,32,6,125,1,6,5,3,5
2018370351996,2,9,0,4,0,0,0,0,0,0,2,1,6,2,71,10,2143,2,1,6,3,6
2018370351998,1,20,0,1,0,0,0,0,0,0,2,1,1,1,38,7,-1,-1,-1,7,1,7
2018370352095,1,9,0,18,0,8,0,0,0,0,4,1,5,2,35,6,1395,1,5,4,1,4
2018370352095,2,9,0,18,0,8,0,0,0,0,1,1,5,2,29,6,1995,2,11,4,1,4
2018370352128,1,9,0,18,0,0,0,0,0,0,1,1,5,1,73,10,1950,2,-1,9,1,9
2018370352139,1,9,0,5,0,1,0,0,0,0,4,1,5,1,69,10,999,1,-1,4,3,4
2018370352139,2,9,0,18,0,1,0,0,0,0,1,1,2,1,42,7,1997,2,15,4,1,4
2018370352161,1,9,0,18,0,0,0,0,0,0,1,1,5,1,61,9,-1,-1,-1,7,3,7
2018370352161,2,9,0,18,0,0,0,10,0,0,3,1,5,1,59,9,-1,-1,-1,3,1,3
2018370352486,1,9,0,18,0,1,0,0,0,0,1,1,5,1,79,11,998,1,12,4,1,4
2018370352486,2,20,0,2,0,1,0,0,0,0,2,1,5,1,24,5,2198,2,2,5,3,5
2018370352518,1,20,0,18,0,1,0,0,0,0,1,1,1,1,19,4,2143,2,4,8,3,8
2018370352518,2,20,0,10,0,1,0,0,0,0,2,1,1,1,50,8,-1,-1,-1,9,2,9
2018370352545,1,90,0,18,5,0,1,0,0,0,1,1,6,3,16,4,-1,-1,-1,-1,-1,-1
2018370352599,1,19,0,18,0,0,0,0,7,0,1,1,5,1,31,6,1399,2,8,3,1,3
2018370352621,1,9,0,9,0,6,0,0,0,0,3,1,6,1,61,9,2967,2,10,5,1,5
2018370352621,2,1,0,18,0,1,0,0,0,0,1,1,6,1,28,6,-1,-1,-1,2,1,2
2018370352622,1,5,0,18,0,1,0,0,0,0,4,1,6,1,22,5,998,1,12,6,3,6
2018370352626,1,90,0,18,0,0,0,0,0,0,1,1,2,1,47,8,-1,-1,-1,2,1,2
2018370352626,2,20,0,18,0,0,0,0,0,0,1,1,1,1,56,9,-1,-1,-1,8,2,8
2018370352626,3,9,0,18,0,0,0,0,0,0,0,1,5,2,32,6,1870,2,12,5,3,5
2018370352667,1,9,0,9,0,2,0,0,0,0,1,1,1,1,54,8,1796,1,18,6,3,6
2018370352696,1,5,0,18,7,0,0,0,0,0,4,1,5,2,26,6,645,1,13,6,1,6
2018370352709,1,3,0,18,0,8,0,0,0,0,1,1,1,1,25,5,125,1,3,6,1,6
2018370352709,2,9,0,9,0,8,0,0,0,0,2,1,2,1,71,10,1149,1,9,6,1,6
2018370352723,1,9,0,5,0,0,0,0,0,0,0,1,6,3,16,4,-1,-1,-1,-1,-1,-1
2018370352723,2,3,0,18,0,0,0,0,0,0,3,1,5,1,18,4,124,1,2,8,3,8
2018370352747,1,9,0,18,0,8,0,0,0,0,3,1,5,1,26,6,1968,2,8,7,3,7
2018370352747,2,9,0,18,0,8,0,0,0,0,1,1,5,2,57,9,2179,2,6,6,1,6
2018370352863,1,9,0,18,0,0,0,0,0,0,1,1,5,1,50,8,1910,2,12,6,3,6
2018370352863,2,9,0,18,0,0,0,0,0,0,1,1,5,1,60,9,1968,2,3,3,1,3
2018370352917,1,9,0,18,0,0,0,0,0,0,1,1,5,1,98,11,1398,1,4,4,1,4
2018370352917,2,9,0,18,0,0,0,0,0,0,1,1,5,1,18,4,973,1,16,7,3,7
2018370352940,1,9,0,18,0,1,0,0,0,0,1,1,6,2,81,11,999,1,3,6,3,6
2018370352940,2,9,0,4,0,1,0,0,0,0,2,1,6,2,68,10,1998,1,13,5,1,5
2018370352940,3,9,0,10,0,8,0,0,0,0,2,1,6,2,41,7,2143,2,-1,9,1,9
2018370352952,1,9,0,4,0,1,0,0,0,0,4,1,5,2,36,7,1598,1,13,6,3,6
2018370352952,2,9,0,4,0,1,0,0,0,0,2,1,6,1,33,6,1598,1,1,2,1,2
2018370352952,3,9,0,18,0,8,0,0,0,0,0,1,5,1,17,4,1242,1,10,5,3,5
2018370352961,1,9,0,17,0,0,0,0,0,0,1,1,5,1,43,7,1595,1,-1,3,1,3
2018370352961,2,9,0,16,0,0,0,0,0,0,1,1,2,2,67,10,1398,2,10,6,1,6
2018370353007,1,9,0,1,0,2,0,0,0,0,1,1,6,1,63,9,799,2,8,2,1,2
2018370353007,2,9,0,1,0,2,0,0,0,0,3,1,5,2,20,4,999,1,-1,4,1,4
2018370353013,1,9,0,18,0,8,0,0,0,0,1,1,1,1,46,8,1598,1,11,1,1,1
2018370353013,2,9,0,18,0,8,0,0,0,0,4,1,5,2,50,8,1242,1,1,10,1,10
2018370353027,1,9,0,5,0,8,0,0,0,0,1,1,5,2,28,6,1560,2,9,9,1,9
2018370353027,2,2,0,18,0,8,0,0,0,0,3,1,5,1,16,4,49,1,6,3,1,3
2018370353053,1,9,0,18,0,8,0,0,0,0,1,1,5,1,40,7,1341,1,17,5,1,5
2018370353071,1,9,5,18,0,1,0,0,0,0,1,1,5,1,70,10,1753,2,16,1,1,1
2018370353084,1,9,0,2,0,0,0,0,0,0,3,1,5,1,55,8,2231,2,11,6,2,6
2018370353084,2,1,0,18,9,0,0,0,0,0,4,1,4,1,6,2,-1,-1,-1,5,2,5
2018370353092,1,97,0,18,0,0,0,0,0,0,1,1,6,1,16,4,-1,-1,-1,-1,-1,-1
2018370353092,2,5,0,18,0,0,0,0,0,0,4,1,5,1,55,8,1043,1,-1,1,1,1
2018370353103,1,9,0,5,0,0,0,0,0,0,1,1,5,1,54,8,1798,1,12,10,1,10
2018370353147,1,9,0,18,0,0,0,0,0,0,3,1,1,1,34,6,1910,2,11,8,1,8
2018370353149,1,9,0,17,0,0,0,0,1,0,4,1,1,1,34,6,2143,2,4,5,3,5
2018370353172,1,9,0,10,0,0,0,0,0,0,4,1,5,1,45,7,1910,2,11,3,1,3
2018370353172,2,5,0,18,0,0,0,0,0,0,1,1,5,1,59,9,689,1,-1,3,1,3
2018370353234,1,9,0,18,0,0,0,0,0,0,0,1,6,1,16,4,-1,-1,-1,-1,-1,-1
2018370353234,2,9,0,18,0,0,2,0,1,0,4,1,5,1,22,5,2497,2,11,8,3,8
2018370353253,1,9,0,18,0,8,0,0,0,0,1,1,1,1,38,7,1998,2,4,1,1,1
2018370353253,2,9,0,18,0,8,0,0,0,0,2,1,2,2,49,8,1422,2,2,6,1,6
2018370353341,1,3,0,18,0,1,0,0,0,0,1,1,6,1,24,5,125,1,21,10,1,10
2018370353341,2,9,0,18,0,1,0,0,0,0,0,1,1,1,39,7,2993,2,3,-1,-1,-1
2018370353361,1,9,0,18,0,0,0,0,0,0,1,1,5,1,48,8,1685,2,1,6,3,6
2018370353366,1,9,0,18,0,7,0,0,0,0,2,1,1,1,56,9,1560,2,4,7,1,7
2018370353366,2,9,0,18,0,8,0,0,1,0,4,1,1,1,20,4,1499,2,2,6,3,6
2018370353641,1,8,0,18,0,0,0,0,0,0,0,1,1,1,37,7,1968,2,12,1,1,1
2018370353696,1,9,0,18,0,8,0,0,0,0,4,1,6,1,29,6,1968,2,3,10,1,10
2018370353696,2,9,0,18,0,8,0,0,0,0,1,1,6,2,44,7,1461,2,4,7,1,7
2018370353718,1,9,0,18,0,2,0,0,0,0,1,1,6,2,16,4,1956,2,6,5,3,5
2018370353718,2,9,0,18,0,2,0,0,0,0,2,1,6,2,25,5,1197,1,2,8,1,8
2018370353761,1,9,0,18,0,0,0,0,0,0,1,1,1,1,37,7,1969,2,1,3,1,3
2018370353761,2,9,0,4,0,0,0,0,4,0,2,1,1,2,54,8,875,1,7,7,1,7
2018370353761,3,9,0,4,0,0,0,0,0,0,2,1,1,1,59,9,1969,2,2,6,3,6
2018370353783,1,19,0,18,0,8,0,0,0,0,1,1,2,1,18,4,1560,2,-1,8,1,8
2018370353783,2,9,0,9,0,8,0,0,0,0,3,1,2,2,43,7,1560,2,10,5,3,5
2018370353788,1,2,0,5,0,0,0,0,0,0,1,1,5,2,17,4,49,1,5,3,1,3
2018370353798,1,21,1,18,0,8,3,0,1,0,4,1,1,1,71,10,12809,2,4,5,2,5
2018370353815,1,9,0,5,0,1,0,0,0,0,1,1,3,1,44,7,2967,2,10,6,1,6
2018370353815,2,9,0,3,0,1,0,0,0,0,2,1,5,2,41,7,1596,1,16,6,3,6
2018370353817,1,9,0,18,0,0,0,0,0,0,1,1,6,2,27,6,1995,2,8,9,2,9
2018370353817,2,9,0,3,0,0,0,0,0,0,2,1,2,1,31,6,1598,2,6,5,1,5
2018370353817,3,9,0,3,0,0,0,0,0,0,2,1,2,1,51,8,1992,2,11,8,1,8
2018370353859,1,9,0,18,0,8,0,0,0,0,1,1,5,2,47,8,1598,1,12,8,3,8
2018370353859,2,9,0,5,0,8,0,0,0,0,4,1,1,1,46,8,1969,2,3,1,1,1
2018370353903,1,9,0,18,0,1,1,0,0,0,1,1,5,1,70,10,1798,1,17,2,1,2
2018370353903,2,9,0,4,0,1,0,0,0,0,2,1,4,1,39,7,1368,1,-1,8,3,8
2018370353908,1,5,0,18,0,0,0,0,0,0,1,1,5,1,23,5,599,1,20,1,1,1
2018370353908,2,9,0,18,0,0,0,0,0,0,1,1,6,3,16,4,-1,-1,-1,-1,-1,-1
2018370353914,1,19,0,18,0,1,0,0,0,0,1,1,6,1,59,9,1598,2,3,8,3,8
2018370353914,2,9,0,3,0,1,0,0,0,0,2,1,5,2,43,7,1968,2,8,8,-1,8
2018370353932,1,9,0,9,0,8,0,0,0,0,4,1,6,1,25,5,1461,2,9,4,1,4
2018370353932,2,9,0,18,0,8,0,0,0,0,1,1,6,2,47,8,1248,1,7,4,1,4
2018370353935,1,9,0,18,0,1,0,0,0,0,1,1,5,1,22,5,1596,1,10,6,3,6
2018370353935,2,9,0,4,0,1,1,0,1,0,2,1,1,2,25,5,1197,1,1,8,1,8
2018370353936,1,9,0,17,0,0,5,0,0,0,4,1,5,2,87,11,1560,2,8,5,3,5
2018370353955,1,97,0,18,0,3,0,0,0,0,1,1,1,1,37,7,-1,-1,-1,6,1,6
2018370353955,2,9,0,18,0,3,0,0,0,0,2,1,5,1,22,5,1242,1,5,8,3,8
2018370354053,1,1,0,18,0,0,0,0,0,0,1,1,6,2,21,5,-1,-1,-1,7,1,7
2018370354053,2,19,0,18,0,0,0,0,0,0,1,1,1,1,22,5,1248,2,2,7,-1,7
2018370354054,1,8,0,18,0,0,0,0,0,0,3,1,6,2,45,7,1896,2,13,2,1,2
2018370354054,2,9,0,18,0,0,0,0,0,0,3,1,6,1,49,8,-1,-1,-1,6,3,6
2018370354087,1,9,0,18,0,0,0,0,0,0,1,1,6,1,86,11,1242,1,8,4,3,4
2018370354087,2,9,0,18,0,0,0,0,0,0,1,1,6,2,62,9,-1,-1,-1,5,3,5
2018370354087,3,9,0,18,0,0,0,0,0,0,1,1,6,1,47,8,1685,2,3,8,2,8
2018370354091,1,9,0,2,0,0,0,0,0,0,3,1,5,1,60,9,1200,1,-1,9,1,9
2018370354091,2,1,0,18,0,0,0,0,0,0,4,1,5,1,80,11,-1,-1,-1,8,1,8
2018370354108,1,9,0,18,0,1,0,0,0,0,1,1,6,1,95,11,1329,1,5,6,2,6
2018370354108,2,9,0,9,0,8,0,0,0,0,3,1,6,1,59,9,1499,1,-1,10,1,10
2018370354168,1,9,0,18,0,8,0,0,0,0,1,1,5,1,38,7,1798,8,1,3,1,3
2018370354168,2,1,0,18,0,8,0,0,0,0,3,1,4,1,11,3,-1,-1,-1,3,1,3
2018370354181,1,9,0,18,0,0,0,0,0,0,1,1,6,3,16,4,-1,-1,-1,-1,-1,-1
2018370354187,1,9,0,18,0,8,0,0,0,0,1,1,6,3,16,4,-1,-1,-1,-1,-1,-1
2018370354187,2,1,0,18,0,8,0,0,0,0,2,1,6,1,14,3,-1,-1,-1,3,1,3
2018370354265,1,9,0,4,0,8,0,0,0,0,1,1,5,1,57,9,1198,1,16,6,3,6
2018370354265,2,9,0,18,0,8,0,0,0,0,1,1,1,1,57,9,1870,2,12,6,3,6
2018370354289,1,9,0,1,0,0,0,0,0,0,0,1,5,1,76,11,1686,2,7,7,3,7
2018370354294,1,9,0,18,0,0,0,0,1,0,1,1,2,1,66,10,-1,-1,-1,8,3,8
2018370354294,2,9,0,18,0,0,0,0,0,0,1,1,1,2,29,6,1968,2,4,7,2,7
2018370354294,3,19,0,2,6,0,0,0,0,0,0,1,1,1,41,7,1998,2,13,6,3,6
2018370354303,1,9,0,18,0,8,0,9,7,4,1,1,5,1,85,11,1388,1,12,1,1,1
2018370354303,2,9,0,3,0,1,0,0,0,0,1,1,5,2,45,7,1490,1,12,10,1,10
2018370354321,1,9,0,18,0,0,0,0,0,0,1,1,5,1,63,9,2490,2,19,4,1,4
2018370354321,2,1,0,18,0,0,0,0,0,0,3,1,6,2,55,8,-1,-1,-1,7,1,7
2018370354334,1,4,0,18,0,0,0,0,0,0,1,1,5,1,20,4,471,1,3,3,1,3
2018370354334,2,9,0,12,0,0,0,0,0,0,2,1,5,2,44,7,2204,2,11,8,1,8
2018370354337,1,9,0,18,0,3,0,0,0,0,1,1,1,1,44,7,-1,-1,-1,6,1,6
2018370354337,2,9,0,18,0,1,0,0,0,0,1,1,6,2,50,8,1995,2,4,4,1,4
2018370354343,1,9,0,18,0,0,0,0,0,0,4,1,6,3,16,4,-1,-1,-1,-1,-1,-1
2018370354369,1,9,0,9,0,8,0,0,0,0,0,1,6,1,65,9,-1,-1,-1,7,1,7
2018370354369,2,1,0,18,0,8,0,0,0,0,0,1,1,1,19,4,-1,-1,-1,7,1,7
2018370354445,1,9,0,18,0,0,0,0,0,0,1,1,5,1,61,9,-1,-1,-1,7,1,7
2018370354445,2,9,0,18,0,0,0,0,0,0,1,1,5,2,16,4,1339,1,4,6,1,6
2018370354462,1,9,0,18,0,0,0,0,0,0,4,1,6,2,26,6,1242,1,6,6,1,6
2018370354517,1,8,0,18,0,8,0,0,0,0,1,1,6,3,16,4,-1,-1,-1,-1,-1,-1
2018370354551,1,21,0,18,0,8,5,0,1,0,3,1,1,1,48,8,12809,2,3,5,1,5
2018370354557,1,9,0,2,0,0,0,0,0,0,3,1,2,2,36,7,1200,1,2,5,3,5
2018370354557,2,1,0,18,0,0,0,0,0,0,1,1,6,1,13,3,-1,-1,-1,5,3,5
2018370354576,1,9,0,18,0,0,0,0,1,0,1,1,5,1,31,6,1910,2,11,2,1,2
2018370354577,1,9,0,18,0,0,0,0,0,0,3,1,2,1,61,9,1598,1,13,7,3,7
2018370354577,2,11,0,18,0,0,0,0,0,0,1,1,1,1,36,7,12000,2,12,2,1,2
2018370354582,1,9,0,18,0,1,0,0,0,0,1,1,2,2,50,8,1798,1,9,5,1,5
2018370354583,1,19,0,18,0,0,0,0,0,0,1,1,2,1,19,4,2198,2,2,5,3,5
2018370354583,2,9,0,18,0,0,0,0,0,0,1,1,5,1,56,9,1994,2,9,-1,-1,-1
2018370354756,1,2,0,18,0,0,0,0,0,0,1,1,2,1,27,6,49,1,4,6,3,6
2018370354756,2,9,0,3,0,0,0,0,0,0,2,1,5,2,44,7,999,1,1,10,1,10
2018370354766,1,21,0,1,0,0,0,0,0,0,2,1,1,1,67,10,2287,2,5,10,1,10
2018370354766,2,9,0,2,0,0,0,0,0,0,3,1,5,2,35,6,1560,2,13,6,1,6
2018370354803,1,9,0,18,0,8,0,0,0,0,0,1,6,2,70,10,2736,1,15,6,3,6
2018370354803,2,1,0,18,0,8,0,0,0,0,0,1,5,1,19,4,-1,-1,-1,7,3,7
2018370354808,1,9,0,18,0,0,1,11,0,0,1,1,5,1,47,8,1896,2,14,4,2,4
2018370354808,2,9,0,18,0,0,1,11,0,0,2,1,5,2,42,7,-1,-1,-1,4,1,4
2018370354815,1,9,0,18,0,1,0,0,0,0,1,1,2,1,42,7,1560,2,5,8,2,8
2018370354815,2,9,0,18,0,1,0,0,0,0,2,1,2,2,21,5,999,1,2,10,2,10
2018370354815,3,9,0,18,0,1,0,0,0,0,2,1,2,1,-1,-1,1461,2,3,4,1,4
2018370354825,1,9,0,18,0,8,0,0,0,0,1,1,6,1,40,7,998,1,-1,6,2,6
2018370354825,2,9,0,18,0,1,0,0,0,0,1,1,6,2,34,6,1560,2,5,8,2,8
2018370354826,1,9,0,18,0,0,0,0,0,0,1,1,6,2,19,4,1242,1,3,6,3,6
2018370354826,2,9,0,3,0,0,0,0,0,0,3,1,6,1,26,6,2495,2,14,8,3,8
2018370354830,1,9,0,18,0,1,0,0,0,0,1,1,6,1,32,6,1198,1,3,4,2,4
2018370354830,2,9,0,3,0,1,0,0,0,0,2,1,6,2,22,5,998,1,4,8,1,8
2018370354830,3,9,0,3,0,1,0,0,0,0,2,1,2,2,28,6,998,1,5,8,3,8
2018370354831,1,9,0,18,0,0,0,0,0,0,3,1,2,1,64,9,1298,1,8,6,1,6
2018370354831,2,21,0,2,0,0,0,0,0,0,2,1,6,3,-1,-1,-1,-1,-1,-1,-1,-1
2018370354840,1,9,0,9,0,8,0,0,0,0,1,1,1,2,58,9,1242,1,10,2,1,2
2018370354842,1,9,0,18,0,0,0,0,0,0,1,1,6,3,-1,-1,-1,-1,-1,-1,-1,-1
2018370354842,2,1,0,18,0,0,0,0,0,0,1,1,4,1,10,2,-1,-1,-1,9,1,9
2018370354843,1,9,0,9,0,8,0,0,0,0,4,1,2,1,48,8,1995,2,2,5,1,5
2018370354843,2,1,0,18,0,8,0,0,0,0,1,1,2,1,46,8,-1,-1,-1,5,1,5
2018370354867,1,9,0,9,0,8,0,0,0,0,4,1,5,1,69,10,1798,1,1,6,3,6
2018370354867,2,3,0,18,0,1,0,0,0,0,1,1,5,1,18,4,125,1,6,6,3,6
2018370354882,1,9,0,1,0,0,0,0,0,0,2,1,5,2,78,11,1388,1,14,9,1,9
2018370354882,2,9,0,2,0,0,0,0,0,0,1,1,6,1,28,6,998,1,1,3,1,3
2018370354882,3,9,0,18,0,0,0,0,0,0,2,1,5,2,25,5,1242,1,3,4,1,4
2018370354882,4,9,0,2,0,0,0,0,0,0,2,1,5,2,69,10,898,1,4,9,1,9
2018370354882,5,9,0,2,0,0,0,0,0,0,2,1,6,1,43,7,1242,1,15,5,1,5
2018370354882,6,9,0,2,0,0,0,0,0,0,2,1,6,2,37,7,1753,2,10,5,1,5
2018370354961,1,98,0,18,0,0,0,0,0,0,4,1,6,3,-1,-1,-1,-1,-1,-1,-1,-1
2018370354962,1,9,0,9,0,8,0,0,0,0,3,1,1,1,19,4,1390,1,15,7,1,7
2018370354962,2,9,0,18,0,8,0,0,0,0,1,1,5,2,61,9,1596,1,12,3,1,3
2018370355020,1,9,0,5,0,0,0,0,0,0,3,1,6,1,49,8,999,1,-1,2,1,2
2018370355020,2,9,0,18,0,0,0,0,0,0,1,1,6,1,29,6,1242,1,17,1,1,1
2018370355025,1,11,0,18,0,2,0,0,0,0,4,1,1,1,61,9,9400,2,12,1,1,1
2018370355028,1,9,0,9,0,0,0,0,0,0,1,1,5,2,36,7,1149,1,13,1,1,1
2018370355028,2,9,0,18,0,0,0,0,0,0,3,1,6,2,20,4,998,1,-1,2,1,2
2018370355030,1,98,0,9,0,8,0,0,0,0,3,1,2,1,58,9,-1,-1,-1,6,1,6
2018370355030,2,1,0,18,0,8,0,0,0,0,3,1,2,1,20,4,-1,-1,-1,7,1,7
2018370355041,1,9,0,5,9,0,0,0,0,0,1,1,6,1,29,6,1584,1,12,9,1,9
2018370355041,2,1,0,18,9,0,0,0,0,0,4,1,6,2,35,6,-1,-1,-1,5,1,5
2018370355074,1,1,0,18,0,0,0,0,0,0,1,1,2,1,41,7,-1,-1,-1,7,1,7
2018370355074,2,9,0,18,0,0,0,0,0,0,3,1,2,2,43,7,1200,1,2,6,3,6
2018370355079,1,9,0,4,0,0,0,0,0,0,1,1,2,1,24,5,2494,1,14,-1,-1,-1
2018370355079,2,9,0,4,0,0,0,0,0,0,2,1,6,2,37,7,1997,1,19,6,3,6
2018370355122,1,1,0,18,0,2,0,0,0,0,1,1,5,1,-1,-1,-1,-1,-1,4,1,4
2018370355122,2,9,0,7,0,2,0,0,0,0,4,1,5,2,47,8,1598,1,7,10,2,10
2018370355133,1,9,0,17,0,0,1,0,1,0,1,1,5,1,21,5,1299,1,10,4,3,4
2018370355139,1,90,0,18,0,0,1,0,0,0,1,1,5,1,66,10,-1,-1,-1,7,2,7
2018370355139,2,5,0,9,0,0,0,0,0,0,2,1,5,1,23,5,-1,-1,-1,5,3,5
2018370355169,1,9,0,9,0,8,0,0,0,0,1,1,1,1,20,4,1598,1,14,2,1,2
2018370355169,2,9,0,18,0,8,0,0,0,0,1,1,5,1,83,11,2987,2,9,6,3,6
2018370355179,1,9,0,18,0,1,0,0,0,0,1,1,5,2,48,8,1598,2,2,8,2,8
2018370355179,2,9,0,18,0,1,0,0,0,0,2,1,5,2,21,5,1686,2,16,6,3,6
2018370355187,1,9,0,18,0,0,0,0,0,0,1,1,5,1,73,10,1991,2,10,2,1,2
2018370355187,2,9,0,13,0,0,0,0,0,0,2,1,5,1,72,10,1796,1,13,5,1,5
2018370355190,1,9,0,18,0,0,0,0,0,0,1,1,6,1,-1,-1,1999,2,-1,-1,-1,-1
2018370355190,2,9,0,18,0,0,0,0,0,0,1,1,6,1,-1,-1,1997,2,5,-1,-1,-1
2018370355190,3,9,0,4,0,0,0,0,0,0,2,1,5,1,67,10,1997,2,4,8,1,8
2018370355200,1,9,0,18,0,0,0,0,0,0,1,1,1,1,39,7,1598,2,1,9,1,9
2018370355200,2,21,0,4,0,0,0,0,0,0,2,1,1,1,60,9,-1,-1,-1,1,1,1
2018370355200,3,9,0,4,0,0,0,0,0,0,2,1,2,1,22,5,-1,-1,-1,8,3,8
2018370355200,4,9,0,4,0,0,0,0,0,0,2,1,6,1,38,7,1597,2,2,6,1,6
2018370355216,1,9,0,5,0,4,0,0,0,0,3,1,2,1,26,6,1995,2,10,4,1,4
2018370355216,2,3,0,18,0,8,0,0,7,0,4,1,5,1,48,8,108,1,2,5,1,5
2018370355220,1,9,0,17,0,0,5,0,7,0,3,1,5,2,21,5,998,1,8,6,3,6
2018370355225,1,9,0,18,0,0,0,0,0,0,1,1,5,2,19,4,1242,1,10,1,1,1
2018370355225,2,9,0,4,0,0,0,0,0,0,2,1,6,2,31,6,1596,1,10,5,1,5
2018370355369,1,9,0,18,0,0,0,12,0,0,1,1,5,1,47,8,1871,2,16,6,2,6
2018370355369,2,9,0,18,0,0,0,12,0,0,-1,1,5,1,61,9,1198,1,2,6,3,6
2018370355379,1,9,0,8,0,3,0,0,0,0,2,1,6,1,21,5,1242,1,1,1,1,1
2018370355379,2,9,0,17,0,8,0,0,0,0,1,1,6,1,44,7,-1,-1,-1,5,3,5
2018370355384,1,9,0,18,0,0,0,0,1,0,1,1,5,1,75,10,1242,1,13,2,1,2
2018370355384,2,9,0,18,0,0,0,0,0,0,2,1,5,1,37,7,1560,2,12,8,1,8
2018370355485,1,9,0,18,0,0,0,0,0,0,1,1,5,1,54,8,2143,2,-1,6,1,6
2018370355485,2,9,0,2,0,0,0,0,0,0,1,1,6,3,-1,-1,-1,-1,-1,-1,-1,-1
2018370355485,3,9,0,2,0,0,0,0,0,0,1,1,6,3,-1,-1,-1,-1,-1,-1,-1,-1
2018370355485,4,9,0,2,0,0,0,0,0,0,2,1,6,3,-1,-1,-1,-1,-1,-1,-1,-1
2018370355519,1,9,0,7,0,8,0,0,0,0,1,1,1,1,50,8,1598,2,4,2,1,2
2018370355519,2,1,0,18,0,8,0,0,0,0,1,1,2,2,18,4,-1,-1,-1,1,1,1
2018370355523,1,9,0,18,0,8,0,0,0,0,1,1,5,1,55,8,1910,2,10,7,1,7
2018370355523,2,9,0,18,0,8,0,0,0,0,4,1,5,2,26,6,1398,1,13,2,1,2
2018370355575,1,21,0,18,0,0,0,0,0,0,1,1,1,1,34,6,-1,-1,-1,4,-1,4
2018370355575,2,9,0,18,0,0,0,0,0,0,1,1,5,2,43,7,1968,2,-1,5,1,5
2018370355586,1,9,0,18,0,1,0,0,0,0,1,1,6,1,41,7,1998,2,10,8,3,8
2018370355586,2,9,0,2,0,1,0,0,0,0,1,1,6,3,-1,-1,-1,-1,-1,-1,-1,-1
2018370355588,1,9,0,18,0,0,0,0,0,0,1,1,5,1,20,4,1597,1,11,9,1,9
2018370355600,1,9,0,18,0,1,0,0,0,0,1,1,5,2,71,10,998,1,3,9,1,9
2018370355600,2,9,0,18,0,1,0,0,0,0,1,1,5,1,52,8,1995,2,9,9,1,9
2018370355605,1,9,0,18,0,1,0,0,0,0,1,1,5,1,20,4,1999,1,16,6,3,6
2018370355605,2,9,0,4,0,1,0,0,0,0,2,1,5,1,40,7,1339,1,5,9,1,9
2018370355613,1,9,0,18,0,0,0,0,0,0,3,1,5,1,28,6,1248,2,10,1,1,1
2018370355613,2,1,0,18,0,0,0,0,0,0,1,1,6,1,36,7,-1,-1,-1,3,1,3
2018370355658,1,9,0,18,0,1,0,0,0,0,3,1,5,2,70,10,1360,1,14,8,1,8
2018370355658,2,3,0,18,0,1,0,0,0,0,1,1,5,1,18,4,125,1,-1,2,1,2
2018370355687,1,9,0,18,0,0,0,4,0,0,1,1,5,2,52,8,1989,1,16,7,3,7
2018370355687,2,9,0,2,0,0,0,0,0,0,4,1,5,2,20,4,1360,1,13,8,3,8
2018370355703,1,9,0,18,0,0,0,0,0,0,1,1,6,1,31,6,1149,1,14,6,1,6
2018370355703,2,9,0,18,0,0,0,0,1,0,1,1,2,1,29,6,1598,1,12,5,1,5