Accident_Index,Vehicle_Reference,Vehicle_Type,Towing_and_Articulation,Vehicle_Manoeuvre,Vehicle_Location-Restricted_Lane,Junction_Location,Skidding_and_Overturning,Hit_Object_in_Carriageway,Vehicle_Leaving_Carriageway,Hit_Object_off_Carriageway,1st_Point_of_Impact,Was_Vehicle_Left_Hand_Drive?,Journey_Purpose_of_Driver,Sex_of_Driver,Age_of_Driver,Age_Band_of_Driver,Engine_Capacity_(CC),Propulsion_Code,Age_of_Vehicle,Driver_IMD_Decile,Driver_Home_Area_Type,Vehicle_IMD_Decile
2018370809938,1,9,0,18,0,0,0,0,7,0,1,1,5,1,32,6,1596,1,15,6,2,6
2018370809941,1,9,0,18,0,0,2,0,0,0,1,1,1,1,22,5,998,1,15,2,1,2
2018370809974,1,9,0,18,0,8,0,0,0,0,3,1,5,2,41,7,2199,2,5,10,2,10
2018370809974,2,1,0,18,0,8,0,0,0,0,1,1,6,1,36,7,-1,-1,-1,9,1,9
2018370809995,1,9,0,16,0,8,0,0,0,0,1,1,5,1,77,11,2998,1,-1,7,3,7
2018370809995,2,9,0,17,0,8,0,0,0,0,1,1,5,2,59,9,1598,2,7,9,3,9
2018370810150,1,9,0,15,0,0,0,0,0,0,1,1,5,1,24,5,1796,1,16,6,2,6
2018370810150,2,9,0,18,0,0,0,0,0,0,1,1,5,1,27,6,1998,1,10,9,3,9
2018370810150,3,9,0,18,0,0,0,0,0,0,3,1,5,2,69,10,1910,2,12,6,2,6
2018370810201,1,9,0,18,0,0,0,0,0,0,1,1,2,2,30,6,3199,1,15,2,1,2
2018370811369,1,9,0,18,0,1,0,0,0,0,1,1,5,2,34,6,1596,1,9,10,1,10
2018370811369,2,9,0,4,0,1,0,0,0,0,2,1,5,2,59,9,2993,2,2,10,3,10
2018370811482,1,9,0,18,0,0,0,4,0,0,1,1,5,2,26,6,1242,1,2,5,2,5
2018370811482,2,9,0,2,0,0,0,0,0,0,2,1,5,2,33,6,1596,1,16,8,2,8
2018370811723,1,9,0,15,0,2,0,0,0,0,1,1,5,2,49,8,1242,1,8,1,1,1
2018370811723,2,9,0,18,0,2,0,0,7,0,4,1,2,1,18,4,1248,2,12,7,1,7
2018370811860,1,9,0,16,0,8,0,0,0,0,1,1,5,2,30,6,1299,1,11,5,1,5
2018370811860,2,9,0,2,0,2,0,0,0,0,2,1,6,3,-1,-1,-1,-1,-1,-1,-1,-1
2018370811860,3,9,0,2,0,2,0,0,0,0,2,1,6,3,-1,-1,-1,-1,-1,-1,-1,-1
2018370811904,1,9,0,18,0,8,0,0,0,0,1,1,5,1,84,11,999,1,4,10,1,10
2018370811904,2,1,0,18,0,8,0,0,0,0,2,1,6,2,46,8,-1,-1,-1,7,1,7
2018370812638,1,4,0,18,0,0,0,0,0,0,3,1,2,1,24,5,471,1,4,5,1,5
2018370812638,2,8,0,4,0,0,0,0,0,0,2,1,1,1,64,9,1598,2,4,4,1,4
2018370812798,1,9,0,18,0,0,0,0,0,0,1,1,6,3,-1,-1,-1,-1,-1,-1,-1,-1
2018370813272,1,9,0,18,0,1,0,0,1,0,1,1,6,1,86,11,1200,1,-1,5,2,5
2018370821236,1,9,0,1,0,0,0,0,0,0,2,1,6,1,37,7,1956,2,3,9,2,9
2018370821236,2,9,0,2,0,0,0,0,0,0,1,1,5,3,18,4,998,1,2,6,3,6
2018370828800,1,9,0,18,0,1,0,0,0,0,4,1,6,1,75,10,-1,-1,-1,-1,-1,-1
2018370829955,1,9,0,5,0,8,0,0,0,0,2,1,2,2,62,9,1762,1,18,5,3,5
2018370829955,2,9,0,18,0,8,0,0,0,0,1,1,1,2,46,8,1560,2,1,5,3,5
2018370833307,1,5,0,18,0,8,5,0,1,0,1,1,5,1,28,6,998,1,11,2,1,2
2018370833307,2,9,0,9,0,8,0,0,0,0,1,1,5,1,64,9,1968,2,6,10,1,10
2018370835221,1,9,0,5,0,4,0,0,0,0,1,1,5,2,51,8,1995,2,9,2,1,2
2018370835221,2,9,0,18,0,8,0,0,0,0,1,1,1,1,24,5,1598,2,3,6,3,6
2018370841831,1,11,0,9,0,0,0,0,0,0,3,1,1,1,53,8,9360,2,10,8,1,8
2018400254565,1,9,0,5,0,4,0,0,0,0,2,1,6,2,30,6,1560,2,11,2,1,2
2018400254565,2,9,0,5,0,4,0,0,0,0,1,1,2,1,30,6,1598,1,10,2,1,2
2018400254827,1,9,0,7,0,2,0,0,0,0,1,1,5,2,49,8,1364,1,9,4,2,4
2018400254886,1,19,0,15,0,0,0,0,0,0,4,1,6,1,23,5,1870,2,14,4,1,4
2018400256468,1,9,0,5,0,5,0,0,0,0,1,1,5,1,35,6,2993,2,4,9,1,9
2018400256468,2,4,0,13,0,1,1,12,1,0,3,1,2,1,44,7,471,1,2,3,1,3
2018400256468,3,9,0,18,0,5,0,0,0,0,2,1,6,3,-1,-1,-1,-1,-1,-1,-1,-1
2018400256468,4,9,0,18,0,5,0,0,0,0,2,1,6,3,-1,-1,4799,1,13,-1,-1,-1
2018400256514,1,9,0,18,0,0,0,0,0,0,1,1,5,3,-1,-1,-1,-1,-1,-1,-1,-1
2018400256641,1,9,0,18,0,1,0,0,0,0,3,1,5,1,57,9,1390,1,8,9,1,9
2018400256641,2,9,0,10,0,1,0,0,0,0,3,1,6,3,-1,-1,-1,-1,-1,-1,-1,-1
2018400256906,1,9,0,3,0,0,0,0,0,0,1,1,5,1,21,5,1086,1,14,2,1,2
2018400256906,2,9,0,3,0,0,0,0,0,0,2,1,5,1,23,5,1796,1,12,6,1,6
2018400256924,1,9,0,18,0,0,0,0,8,0,3,1,2,1,21,5,1360,1,10,10,-1,10
2018400256950,1,9,0,4,0,4,0,0,0,0,1,1,5,1,21,5,999,1,9,6,3,6
2018400256950,2,9,0,4,0,4,0,0,0,0,2,1,5,1,57,9,2993,2,2,5,1,5
2018400257177,1,19,0,16,0,3,0,0,0,0,3,1,6,1,-1,-1,2402,2,15,-1,-1,-1
2018400257177,2,9,0,16,0,3,0,0,0,0,4,1,5,2,62,9,1461,2,2,2,1,2
2018400257213,1,9,0,4,0,1,0,0,0,0,1,1,5,1,40,7,1997,2,6,8,1,8
2018400257213,2,9,0,4,0,1,0,0,0,0,2,1,5,1,55,8,-1,-1,-1,5,1,5
2018400257275,1,9,0,18,0,1,0,0,0,0,1,1,6,1,-1,-1,1595,1,18,-1,-1,-1
2018400257275,2,9,0,4,0,1,0,0,0,0,2,1,6,1,54,8,2000,2,9,2,1,2
2018400257887,1,9,0,7,0,1,0,0,0,0,1,1,6,1,19,4,1910,2,14,-1,-1,-1
2018400257887,2,9,0,7,0,1,0,0,0,0,1,1,6,1,62,9,-1,-1,-1,3,1,3
2018400258007,1,9,0,7,0,2,0,0,0,0,4,1,2,2,61,9,1388,1,7,9,1,9
2018400258050,1,9,0,18,0,0,0,0,0,0,4,1,5,2,47,8,-1,-1,-1,7,1,7
2018400258131,1,9,0,18,0,0,0,0,0,0,1,1,6,1,53,8,1995,2,15,4,1,4
2018400258131,2,9,0,18,0,0,0,0,0,0,2,1,6,1,23,5,1995,2,11,9,1,9
2018400258505,1,19,0,18,0,0,0,0,0,0,1,1,1,1,60,9,1997,2,1,2,1,2
2018400258620,1,9,0,4,0,2,0,0,0,0,2,1,6,1,-1,-1,1598,2,4,9,2,9
2018400258620,2,9,0,4,0,2,1,0,0,0,1,1,6,1,20,4,1995,2,3,6,3,6
2018400258646,1,9,0,18,0,0,0,0,0,0,1,1,5,1,71,10,1560,2,7,5,3,5
2018400258646,2,1,0,18,0,0,0,0,0,0,4,1,6,2,12,3,-1,-1,-1,9,1,9
2018400258732,1,9,0,18,0,1,0,0,0,0,1,1,6,1,-1,-1,1275,1,24,7,1,7
2018400258732,2,9,0,3,0,1,0,0,0,0,2,1,6,1,-1,-1,1984,1,2,5,3,5
2018400258974,1,9,0,7,0,4,0,0,0,0,1,1,5,1,35,6,1995,2,3,6,1,6
2018400258974,2,1,0,9,0,3,0,0,0,0,4,1,1,2,37,7,-1,-1,-1,9,1,9
2018400258989,1,19,0,9,0,1,0,0,0,0,1,1,1,1,28,6,2143,2,2,2,1,2
2018400258989,2,9,0,18,0,1,0,0,0,0,1,1,5,2,21,5,1240,1,9,10,3,10
2018400259170,1,9,0,18,0,1,0,0,0,0,4,1,5,2,57,9,1339,1,9,9,1,9
2018400259173,1,9,0,16,0,1,0,0,0,0,4,1,6,1,40,7,4966,1,13,8,2,8
2018400259173,2,9,0,18,0,1,0,0,0,0,3,1,5,1,45,7,1598,2,7,2,1,2
2018400259173,3,19,0,18,0,1,0,0,0,0,2,1,1,1,30,6,1968,2,1,-1,-1,-1
2018400259292,1,9,0,9,0,5,0,0,0,0,1,1,6,3,-1,-1,-1,-1,-1,-1,-1,-1
2018400259468,1,9,0,9,0,0,0,0,0,0,4,1,5,1,57,9,1399,1,10,2,1,2
2018400259468,2,9,0,18,0,0,0,0,0,0,3,1,5,1,55,8,1364,1,9,5,1,5
2018400259524,1,9,0,9,0,8,0,0,0,0,1,1,1,1,48,8,1798,1,11,10,1,10
2018400259524,2,1,0,18,0,8,0,0,0,0,1,1,6,2,64,9,-1,-1,-1,4,1,4
2018400259541,1,9,0,18,0,0,0,0,1,0,1,1,2,1,22,5,1596,1,7,5,1,5
2018400259541,2,9,0,18,0,0,0,0,1,0,1,1,6,1,23,5,1596,1,2,10,1,10
2018400259721,1,9,0,9,0,0,0,0,7,11,1,1,6,2,51,8,2143,2,1,3,1,3
2018400259733,1,11,0,5,0,4,0,0,0,0,0,1,1,1,42,7,4461,2,3,8,1,8
2018400259733,2,1,0,9,0,8,0,0,0,0,4,1,6,2,43,7,-1,-1,-1,7,1,7
2018400259736,1,9,0,18,0,3,0,0,0,0,4,1,6,2,33,6,1390,1,12,5,1,5
2018400259736,2,3,0,11,0,3,0,0,0,0,3,1,6,1,34,6,124,1,2,10,2,10
2018400259777,1,9,0,7,0,4,0,0,0,0,1,1,1,1,51,8,1798,1,6,2,1,2
2018400259777,2,1,0,9,0,4,0,0,0,0,1,1,1,2,51,8,-1,-1,-1,10,1,10
2018400259860,1,9,0,18,0,0,0,0,0,0,3,1,5,1,46,8,1461,2,6,5,1,5
2018400259885,1,9,0,18,0,0,1,0,1,0,1,1,2,1,38,7,-1,-1,-1,8,1,8
2018400259885,2,9,0,18,0,0,1,0,1,0,4,1,2,2,50,8,1300,2,12,8,2,8
2018400259891,1,9,-1,5,0,2,0,0,0,0,3,1,1,1,31,6,1797,8,6,1,1,1
2018400259908,1,9,0,5,0,2,0,0,0,0,1,1,5,2,60,9,998,1,10,4,1,4
2018400259999,1,9,0,18,0,4,0,0,0,0,1,1,2,2,57,9,1596,1,12,6,1,6
2018400259999,2,9,0,18,0,8,0,0,0,0,1,1,2,2,46,8,1199,1,15,6,1,6
2018400260021,1,9,0,7,0,5,0,7,0,0,1,1,5,1,67,10,2231,2,2,3,1,3
2018400260021,2,9,0,2,0,1,0,0,0,0,2,1,5,1,52,8,1798,1,6,4,1,4
2018400260049,1,9,0,18,0,1,0,0,0,0,1,1,6,2,49,8,1242,1,12,4,1,4
2018400260049,2,9,0,3,0,1,0,0,0,0,2,1,6,1,39,7,1598,2,5,3,1,3
2018400260206,1,98,1,12,0,0,0,0,0,0,3,1,1,1,54,8,-1,-1,-1,-1,-1,-1
2018400260206,2,9,0,18,0,0,0,0,0,0,4,1,5,2,27,6,1108,1,11,5,1,5
2018400260708,1,9,0,4,0,8,0,0,0,0,2,1,6,2,-1,-1,-1,-1,-1,-1,-1,-1
2018400260708,2,1,0,18,0,8,0,0,0,0,1,1,2,1,23,5,-1,-1,-1,3,1,3
2018400260863,1,98,0,9,0,8,0,0,0,0,0,1,6,3,-1,-1,-1,-1,-1,-1,-1,-1
2018400260863,2,9,0,18,0,8,1,10,7,4,1,1,2,1,22,5,1598,1,9,9,1,9
2018400260899,1,9,0,5,0,1,0,0,0,0,3,1,6,1,72,10,1596,1,12,7,1,7
2018400260952,1,19,0,16,0,0,0,0,0,0,1,1,6,1,28,6,2198,2,4,6,1,6
2018400260952,2,9,0,16,0,0,0,0,0,0,2,1,5,2,52,8,1360,1,12,8,1,8
2018400260997,1,9,0,16,0,0,1,0,7,0,1,1,2,2,19,4,996,1,4,10,2,10
2018400260997,2,9,0,17,0,0,0,0,0,0,1,1,2,1,52,8,1781,1,13,9,1,9
2018400261239,1,9,0,18,0,0,0,0,0,0,1,1,5,2,66,10,973,1,18,9,1,9
2018400261309,1,4,0,18,0,1,0,0,0,0,1,1,5,1,39,7,649,1,12,6,2,6
2018400261309,2,9,0,7,0,6,0,0,0,0,2,1,5,2,41,7,-1,-1,-1,9,2,9
2018400261319,1,9,0,1,0,2,0,0,0,0,2,1,6,1,57,9,1988,1,15,9,1,9
2018400261319,2,9,0,18,0,2,0,0,0,0,1,1,6,1,43,7,1796,1,10,4,1,4
2018400261357,1,9,0,18,0,0,0,11,0,0,1,1,1,1,53,8,1968,2,11,1,1,1
2018400261357,2,19,0,18,0,0,0,11,0,0,1,1,1,1,31,6,1560,2,6,1,1,1
2018400261379,1,9,0,7,0,5,1,0,7,0,1,1,6,1,20,4,1560,2,4,3,1,3
2018400261379,2,9,0,8,0,1,0,10,0,0,3,1,6,1,27,6,2979,1,2,5,1,5
2018400261392,1,9,0,4,0,8,0,0,0,0,1,1,1,1,35,6,-1,-1,-1,4,1,4
2018400261392,2,9,0,4,0,8,0,0,0,0,2,1,5,2,20,4,1198,1,10,8,1,8
2018400261656,1,9,0,1,0,0,0,0,0,0,2,1,6,3,-1,-1,1598,1,14,-1,-1,-1
2018400261692,1,9,0,18,0,0,0,0,0,0,4,1,6,2,34,6,1398,1,6,3,1,3
2018400261738,1,9,0,17,0,0,5,0,7,0,1,1,2,1,51,8,1956,2,3,5,3,5
2018400261767,1,9,0,5,8,0,0,0,0,0,3,1,6,1,54,8,1329,1,1,2,1,2
2018400261767,2,97,0,18,0,0,0,0,0,0,1,1,6,1,22,5,-1,-1,-1,2,1,2
2018400261816,1,9,0,2,0,0,0,0,0,0,3,1,5,1,50,8,1997,2,8,6,2,6
2018400261816,2,1,0,18,0,0,0,0,0,0,1,1,5,2,51,8,-1,-1,-1,5,1,5
2018400261968,1,9,0,17,0,0,2,0,0,0,4,1,5,2,45,7,-1,-1,-1,3,1,3
2018400261969,1,9,0,18,0,0,0,0,0,0,1,1,5,3,-1,-1,2497,2,12,-1,-1,-1
2018400262096,1,9,0,18,0,0,0,0,0,0,1,1,6,1,30,6,1984,1,1,-1,-1,-1
2018400262096,2,9,0,18,0,0,0,0,0,0,1,1,6,1,62,9,2198,2,12,10,2,10
2018400262096,3,9,0,2,0,0,0,0,0,0,1,1,6,3,-1,-1,1299,1,21,-1,-1,-1
2018400262430,1,9,0,4,0,1,0,0,0,0,1,1,6,2,22,5,1388,1,9,1,1,1
2018400262430,2,9,0,3,0,1,0,0,0,0,2,1,6,2,43,7,1598,1,11,6,1,6
2018400262512,1,19,0,4,0,0,1,0,0,0,1,1,2,1,45,7,1598,2,4,6,1,6
2018400262512,2,9,0,4,0,0,0,0,0,0,2,1,6,1,32,6,1997,2,14,4,1,4
2018400262512,3,9,0,4,0,0,0,0,0,0,2,1,6,1,38,7,1499,2,3,6,1,6
2018400262541,1,9,0,10,0,1,0,0,0,0,1,1,6,2,42,7,1339,1,8,10,2,10
2018400262541,2,9,0,18,0,1,0,0,0,0,1,1,6,2,31,6,1364,1,11,5,3,5
2018400262547,1,9,0,4,0,6,0,0,0,0,2,1,6,1,46,8,1360,1,15,4,1,4
2018400262547,2,19,0,4,0,6,0,0,0,0,1,1,1,1,65,9,2464,2,8,3,1,3
2018400262657,1,9,0,4,0,0,0,0,0,0,3,1,1,3,-1,-1,1388,1,14,-1,-1,-1
2018400262657,2,9,0,4,0,0,0,0,0,0,3,1,1,1,50,8,1968,2,11,9,1,9
2018400262682,1,9,0,5,0,0,0,0,0,0,1,1,5,1,54,8,1761,1,18,3,1,3
2018400262682,2,9,0,3,0,0,0,0,0,0,2,1,3,1,34,6,1956,2,6,5,1,5
2018400262938,1,9,0,18,0,0,0,0,0,0,1,1,6,1,21,5,1600,1,28,4,1,4
2018400262938,2,9,0,18,0,0,0,0,0,0,2,1,6,2,28,6,1984,1,9,4,1,4
2018400263303,1,9,0,18,0,1,0,0,0,0,1,1,5,1,-1,-1,1364,1,3,6,1,6
2018400263303,2,9,0,5,0,1,0,0,0,0,2,1,6,1,32,6,1968,2,5,4,1,4
2018400263486,1,11,0,18,0,0,0,0,0,0,1,1,1,1,35,6,7300,2,6,5,1,5
2018400263501,1,9,0,9,0,0,0,0,0,0,1,1,5,1,18,4,1149,1,13,4,1,4
2018400263501,2,9,0,5,0,0,0,0,0,0,1,1,1,1,63,9,2179,2,16,3,1,3
2018400263509,1,9,0,4,0,1,1,0,1,0,1,1,6,1,52,8,2926,2,15,8,2,8
2018400263509,2,9,0,3,0,1,0,0,0,0,2,1,2,1,46,8,1199,2,6,10,3,10
2018400263566,1,9,0,18,0,0,0,0,0,0,1,1,6,2,66,10,973,1,17,9,2,9
2018400263566,2,9,0,2,0,0,0,0,0,0,0,1,6,3,-1,-1,-1,-1,-1,-1,-1,-1
2018400263626,1,9,0,18,0,0,0,0,0,0,1,1,6,1,27,6,1598,2,6,6,1,6
2018400263626,2,9,0,3,0,0,0,0,0,0,0,1,5,2,63,9,1461,2,2,6,3,6
2018400263833,1,9,0,18,0,0,0,0,0,0,1,1,5,1,69,10,1399,1,1,9,2,9
2018400263864,1,9,0,18,0,0,0,0,0,0,1,1,5,1,41,7,-1,-1,-1,7,3,7
2018400263864,2,9,0,18,0,0,0,0,0,0,1,1,5,1,43,7,-1,-1,-1,5,3,5
2018400263907,1,8,0,5,0,0,0,0,0,0,4,1,1,1,41,7,1997,2,18,4,1,4
2018400263929,1,-1,0,18,0,0,0,0,0,0,1,1,6,1,-1,-1,-1,-1,-1,-1,-1,-1
2018400263992,1,9,0,18,0,0,0,0,0,0,2,1,6,2,48,8,1598,2,5,6,3,6
2018400263992,2,9,0,4,0,0,0,0,0,0,1,1,6,1,22,5,2720,2,13,4,1,4
2018400263992,3,19,0,7,0,0,0,0,0,0,3,1,6,2,61,9,1997,2,3,5,3,5
2018400264003,1,9,0,2,0,0,0,11,5,6,1,1,5,1,21,5,1398,2,11,3,1,3
2018400264003,2,9,0,18,0,0,0,4,0,0,1,1,5,1,44,7,1984,1,3,10,1,10
2018400264005,1,98,0,18,0,0,0,0,0,0,3,1,5,3,-1,-1,-1,-1,-1,-1,-1,-1
2018400264005,2,9,0,12,0,0,0,0,0,0,0,1,6,1,21,5,1248,2,10,3,1,3
2018400264200,1,98,1,18,0,0,0,0,0,0,3,1,1,1,43,7,-1,-1,-1,-1,-1,-1
2018400264200,2,9,0,18,0,0,0,0,0,0,4,1,1,1,18,4,1368,1,8,8,1,8
2018400264215,1,98,1,5,0,4,0,0,0,0,1,1,1,1,29,6,-1,-1,-1,-1,-1,-1
2018400264215,2,9,0,18,0,8,0,0,0,0,4,1,1,1,36,7,1685,2,2,8,1,8
2018400264350,1,19,0,18,0,0,0,0,0,0,1,1,6,1,38,7,2402,2,8,9,1,9
2018400264350,2,9,0,2,0,0,0,0,0,0,2,1,6,1,22,5,1229,1,10,3,1,3
2018400264356,1,9,0,17,0,0,5,10,1,9,4,1,5,1,30,6,1360,1,19,6,1,6
2018400264555,1,9,0,18,0,2,0,0,0,0,1,1,1,1,40,7,1686,2,5,4,1,4
2018400264603,1,9,0,17,0,0,1,0,7,0,3,1,2,1,22,5,1199,1,15,10,2,10
2018400264651,1,9,0,16,0,2,1,0,0,0,4,1,5,1,35,6,1598,1,15,-1,-1,-1
2018400264651,2,21,1,18,0,1,0,0,0,0,1,1,1,1,48,8,12902,2,2,-1,-1,-1
2018400264675,1,9,0,18,0,0,0,0,0,0,1,1,5,1,49,8,2979,1,-1,7,1,7
2018400264675,2,19,0,6,0,0,0,0,0,0,4,1,5,1,36,7,1598,2,2,6,3,6
2018400264728,1,9,0,4,0,0,0,0,0,0,1,1,5,1,79,11,-1,-1,-1,10,1,10
2018400264782,1,9,0,18,0,0,0,0,0,0,1,1,5,2,48,8,1400,2,11,7,1,7
2018400264818,1,11,0,4,0,1,1,0,0,0,1,1,1,1,53,8,-1,2,11,10,3,10
2018400264818,2,9,0,9,0,1,0,0,0,0,2,1,5,2,27,6,1798,1,9,4,1,4
2018400264820,1,9,0,15,1,0,0,0,0,0,0,1,6,2,-1,-1,-1,-1,-1,-1,-1,-1
2018400265147,1,19,0,18,0,1,0,0,4,0,4,1,1,1,29,6,1248,2,11,10,1,10
2018400265147,2,9,0,18,0,1,0,0,4,0,1,1,6,2,75,10,1329,1,4,9,1,9
2018400265448,1,9,0,13,0,0,0,0,0,0,3,1,6,1,-1,-1,1984,1,12,3,1,3
2018400265448,2,9,0,18,0,0,0,0,0,0,3,1,5,2,21,5,1398,1,1,9,1,9
2018400265562,1,9,0,15,0,0,0,4,0,0,1,1,5,1,92,11,1587,1,15,7,3,7
2018400265562,2,9,0,2,6,0,0,0,0,0,2,1,1,3,-1,-1,-1,-1,-1,-1,-1,-1
2018400265597,1,9,0,17,0,0,5,0,1,10,3,1,6,2,19,4,1596,1,15,6,2,6
2018400265624,1,9,0,18,0,0,0,0,0,0,1,1,5,1,33,6,999,1,4,5,1,5
2018400265624,2,9,0,18,0,0,0,0,0,0,2,1,6,2,-1,-1,1596,1,2,1,1,1
2018400265721,1,9,0,4,0,0,0,0,0,0,2,1,5,2,24,5,1248,2,9,4,1,4
2018400265721,2,9,0,4,0,0,0,0,0,0,2,1,2,2,67,10,1248,1,2,2,1,2
2018400265721,3,9,0,4,0,0,0,0,0,0,0,1,5,1,39,7,2993,2,5,7,1,7
2018400265729,1,9,0,7,0,2,0,0,7,4,3,1,2,1,18,4,1598,1,8,9,2,9
2018400265744,1,9,0,7,0,2,0,0,0,0,4,1,6,3,-1,-1,-1,-1,-1,-1,-1,-1
2018400265744,2,1,0,18,0,2,5,0,0,0,1,1,4,1,18,4,-1,-1,-1,3,1,3
2018400265879,1,21,0,18,0,0,0,4,1,0,1,1,1,1,28,6,4461,2,6,4,3,4
2018400265879,2,9,0,2,0,0,0,0,1,0,2,1,6,3,-1,-1,-1,-1,-1,-1,-1,-1
2018400265962,1,9,0,18,0,0,5,12,8,0,1,1,2,1,34,6,-1,-1,-1,9,2,9
2018400266023,1,9,0,7,0,8,0,0,1,0,1,1,6,1,29,6,2199,2,4,2,1,2
2018400266023,2,9,0,18,0,1,0,0,0,0,3,1,6,2,41,7,1108,1,15,6,1,6
2018400266083,1,9,0,17,0,0,2,0,2,0,4,1,5,2,19,4,1299,1,10,5,1,5
2018400266108,1,98,1,18,0,3,0,0,0,0,1,1,1,1,57,9,-1,-1,-1,-1,-1,-1
2018400266108,2,9,0,4,0,3,0,0,0,0,2,1,5,2,37,7,1598,1,11,5,1,5
2018400266183,1,9,0,3,0,0,0,0,0,0,1,1,5,2,61,9,998,1,4,10,1,10
2018400266293,1,9,0,18,0,0,0,0,0,0,1,1,1,2,40,7,1395,1,2,7,3,7
2018400266293,2,8,0,3,0,0,0,0,0,0,2,1,3,1,22,5,1997,2,18,3,1,3
2018400266293,3,9,0,3,0,0,0,0,0,0,2,1,5,2,49,8,973,1,15,5,1,5
2018400266302,1,9,0,17,0,0,5,0,7,0,3,1,2,1,19,4,1124,1,11,9,1,9
2018400266348,1,9,0,3,0,4,0,0,0,0,2,1,2,1,49,8,1800,8,6,4,1,4
2018400266348,2,9,0,3,0,4,0,0,0,0,1,1,5,1,34,6,1686,2,15,1,1,1
2018400266362,1,9,0,17,0,0,0,0,0,0,1,1,6,1,38,7,1149,1,17,4,1,4
2018400266362,2,9,0,16,0,0,0,0,0,0,1,1,6,2,-1,-1,1242,1,2,10,2,10
2018400266372,1,9,0,3,0,1,0,0,0,0,1,1,6,2,-1,-1,1299,1,12,3,1,3
2018400266372,2,9,0,10,0,1,0,0,0,0,2,1,5,2,56,9,1275,1,21,3,1,3
2018400266387,1,9,0,4,0,2,1,0,0,0,1,1,6,2,21,5,1995,1,9,9,1,9
2018400266478,1,9,0,18,0,1,0,0,0,0,1,1,6,1,38,7,1598,1,13,5,1,5
2018400266478,2,9,0,5,0,2,0,0,0,0,4,1,1,1,42,7,-1,-1,-1,4,1,4
2018400266907,1,9,0,5,0,3,0,0,0,0,2,1,5,1,60,9,-1,-1,-1,2,1,2
2018400266907,2,9,0,5,0,3,0,0,0,0,0,1,2,1,34,6,1997,2,15,2,1,2
2018400267087,1,9,0,5,0,1,0,0,0,0,1,1,1,1,25,5,1496,1,2,8,1,8
2018400267260,1,4,0,7,0,3,0,0,0,0,2,1,2,1,21,5,373,1,2,7,1,7
2018400267260,2,9,0,18,0,3,0,0,0,0,1,1,6,3,-1,-1,-1,-1,-1,-1,-1,-1
2018400267685,1,98,0,5,0,8,0,0,0,0,1,1,6,1,-1,-1,-1,-1,-1,-1,-1,-1
2018400267685,2,9,0,9,0,8,0,0,0,0,3,1,5,2,22,5,1956,2,7,5,1,5
2018400267807,1,9,0,1,0,0,0,0,0,0,2,1,5,1,37,7,1797,8,7,2,1,2
2018400267821,1,9,0,5,0,6,0,0,0,0,1,1,6,1,42,7,1794,1,15,1,1,1
2018400267821,2,9,0,9,0,5,0,0,0,0,3,1,6,2,49,8,998,1,2,5,1,5
2018400268066,1,19,0,18,0,8,0,0,0,0,3,1,5,1,26,6,2198,2,3,9,1,9
2018400268066,2,1,0,9,0,5,0,0,0,0,2,1,5,1,44,7,-1,-1,-1,10,1,10
2018400268082,1,9,0,3,0,0,0,0,0,0,1,1,2,2,23,5,1598,1,5,2,1,2
2018400268082,2,9,0,3,0,0,0,0,0,0,2,1,1,1,26,6,-1,-1,-1,7,1,7
2018400268111,1,5,0,18,0,0,0,0,0,0,3,1,6,1,50,8,656,1,9,10,2,10
2018400268111,2,98,0,18,0,0,0,0,0,0,4,1,6,3,-1,-1,-1,-1,-1,-1,-1,-1
2018400268151,1,9,0,18,0,0,0,0,0,0,1,1,6,2,32,6,1997,2,9,2,1,2
2018400268155,1,98,0,18,0,0,0,0,0,0,1,1,5,1,27,6,-1,-1,-1,6,3,6
2018400268155,2,9,0,18,0,0,0,0,0,0,2,1,1,2,44,7,1994,1,15,4,1,4
2018400268191,1,9,0,18,0,0,0,11,0,0,3,1,5,1,26,6,1461,2,12,3,1,3
2018400268279,1,9,0,9,0,4,0,0,0,0,1,1,2,2,37,7,1796,1,13,8,1,8
2018400268279,2,3,0,18,0,8,0,0,0,0,4,1,2,1,18,4,124,1,22,10,1,10
2018400268293,1,9,0,4,6,0,0,0,0,0,1,1,2,1,-1,-1,1086,1,15,4,1,4
2018400268293,2,98,1,2,6,0,0,0,0,0,2,1,5,1,28,6,-1,-1,-1,7,1,7
2018400268318,1,9,0,18,0,0,0,0,0,0,1,1,6,1,36,7,5461,1,3,9,1,9
2018400268318,2,19,0,4,0,0,0,0,0,0,2,1,6,1,29,6,2198,2,3,5,1,5
2018400268318,3,9,0,4,0,0,0,0,0,0,2,1,6,1,29,6,-1,-1,-1,10,2,10
2018400268318,4,9,0,4,0,0,0,0,0,0,2,1,6,1,24,5,1968,2,5,8,1,8
2018400268409,1,9,0,1,9,0,0,0,0,0,2,1,1,1,24,5,1390,1,6,4,1,4
2018400268409,2,19,0,2,9,0,0,0,0,0,1,1,1,1,-1,-1,1995,2,1,3,1,3
2018400268460,1,9,0,7,0,1,0,0,0,0,0,1,6,2,31,6,1997,2,11,3,2,3