Accident_Index,Vehicle_Reference,Vehicle_Type,Towing_and_Articulation,Vehicle_Manoeuvre,Vehicle_Location-Restricted_Lane,Junction_Location,Skidding_and_Overturning,Hit_Object_in_Carriageway,Vehicle_Leaving_Carriageway,Hit_Object_off_Carriageway,1st_Point_of_Impact,Was_Vehicle_Left_Hand_Drive?,Journey_Purpose_of_Driver,Sex_of_Driver,Age_of_Driver,Age_Band_of_Driver,Engine_Capacity_(CC),Propulsion_Code,Age_of_Vehicle,Driver_IMD_Decile,Driver_Home_Area_Type,Vehicle_IMD_Decile
2018400268500,1,9,0,9,0,8,0,0,0,0,1,1,5,2,56,9,1598,1,6,8,3,8
2018400268500,2,9,0,18,0,8,0,0,0,0,1,1,2,1,62,9,1389,1,19,4,3,4
2018400268506,1,9,0,18,0,0,0,0,0,0,-1,1,6,3,-1,-1,-1,-1,-1,-1,-1,-1
2018400268529,1,9,0,18,0,0,0,0,0,0,1,1,6,3,-1,-1,-1,-1,-1,-1,-1,-1
2018400268540,1,9,0,18,0,0,0,0,0,0,1,1,6,3,-1,-1,2143,2,1,-1,-1,-1
2018400268540,2,9,0,4,0,0,0,0,0,0,2,1,6,1,61,9,1598,1,5,8,1,8
2018400268546,1,9,0,7,0,0,0,0,0,0,2,1,6,1,42,7,1497,8,11,4,1,4
2018400268546,2,9,0,18,0,0,0,0,0,0,0,1,6,3,-1,-1,-1,-1,-1,-1,-1,-1
2018400268578,1,9,0,18,0,1,0,0,0,0,1,1,6,2,56,9,2494,8,4,3,2,3
2018400268585,1,9,0,9,0,0,0,0,0,0,3,1,6,1,22,5,1968,2,13,2,1,2
2018400268585,2,9,0,18,0,0,0,0,0,0,1,1,6,1,24,5,1896,2,15,2,1,2
2018400268589,1,9,0,9,0,0,0,0,0,0,1,1,2,1,52,8,1590,1,15,2,1,2
2018400268589,2,9,0,18,0,0,0,0,0,0,3,1,5,1,20,4,998,1,2,6,1,6
2018400268738,1,9,0,4,0,0,0,0,0,0,2,1,6,1,79,11,1461,2,4,4,1,4
2018400268738,2,9,0,4,0,0,0,0,0,0,1,1,5,2,63,9,1596,1,9,6,1,6
2018400268755,1,9,0,18,0,0,0,0,0,0,3,1,6,2,54,8,-1,-1,-1,9,2,9
2018400268755,2,9,0,18,0,0,0,0,0,0,1,1,6,1,25,5,1390,1,15,6,1,6
2018400268867,1,9,0,18,0,0,0,0,0,0,1,1,6,1,40,7,2685,2,15,4,1,4
2018400268867,2,9,0,18,0,0,0,0,0,0,2,1,1,2,38,7,1496,2,3,7,2,7
2018400268867,3,9,0,18,0,0,0,0,0,0,2,1,6,1,23,5,1968,2,10,3,1,3
2018400268936,1,19,0,4,0,0,0,0,0,0,1,1,1,1,50,8,2143,2,1,7,2,7
2018400268936,2,9,0,4,0,0,0,0,0,0,2,1,2,2,23,5,1199,2,4,4,1,4
2018400269487,1,3,0,13,0,1,5,0,0,0,1,1,2,1,20,4,-1,-1,-1,7,3,7
2018400269487,2,9,0,9,0,2,0,0,0,0,1,1,5,1,34,6,1499,2,2,9,1,9
2018400269599,1,9,0,17,0,0,0,0,0,0,3,1,1,1,37,7,-1,-1,-1,1,1,1
2018400269599,2,9,0,16,0,0,1,0,0,0,1,1,1,2,53,8,-1,-1,-1,10,1,10
2018400269613,1,19,0,3,0,1,0,0,0,0,4,1,1,1,26,6,2143,2,2,5,1,5
2018400269613,2,1,0,18,0,1,0,0,0,0,1,1,6,1,25,5,-1,-1,-1,4,1,4
2018400269677,1,9,0,5,0,3,0,0,0,0,1,1,1,1,48,8,2143,2,2,5,2,5
2018400269677,2,9,0,5,0,4,0,0,0,0,2,1,6,2,53,8,1360,1,12,8,2,8
2018400269689,1,9,0,18,9,0,0,0,1,0,1,1,6,3,-1,-1,999,1,17,-1,-1,-1
2018400269831,1,9,0,1,9,0,0,0,0,0,2,1,6,2,-1,-1,1493,2,11,-1,-1,-1
2018400269858,1,9,0,18,0,0,5,10,1,0,1,1,6,1,20,4,1275,1,24,10,2,10
2018400269940,1,9,0,18,0,0,2,0,0,0,1,1,1,2,23,5,1798,8,3,9,1,9
2018400269940,2,9,0,1,0,0,0,0,0,0,2,1,5,3,-1,-1,1229,1,12,-1,-1,-1
2018400269940,3,9,0,1,0,0,0,0,0,0,2,1,5,3,-1,-1,1597,1,20,-1,-1,-1
2018400269967,1,9,0,5,0,0,0,0,0,0,1,1,1,1,34,6,-1,-1,-1,4,1,4
2018400269967,2,1,0,18,0,0,0,0,0,0,4,1,5,1,32,6,-1,-1,-1,7,1,7
2018400270087,1,19,0,4,0,0,0,0,0,0,1,1,1,1,25,5,1499,2,1,-1,-1,-1
2018400270087,2,9,0,4,0,0,0,0,0,0,2,1,6,1,66,10,999,1,1,2,1,2
2018400270087,3,9,0,4,0,0,0,0,0,0,2,1,6,1,-1,-1,1686,2,13,-1,-1,-1
2018400270090,1,19,0,18,0,2,0,0,0,0,4,1,6,1,29,6,2148,2,9,4,1,4
2018400270092,1,98,0,5,0,0,0,0,0,0,1,1,6,3,-1,-1,-1,-1,-1,-1,-1,-1
2018400270092,2,1,0,5,0,0,0,0,0,0,1,1,4,1,16,4,-1,-1,-1,7,1,7
2018400270188,1,9,0,17,0,0,2,0,2,0,1,1,2,2,43,7,1386,1,14,2,1,2
2018400270257,1,9,0,3,0,8,0,0,0,0,2,1,5,2,19,4,1390,1,5,9,1,9
2018400270257,2,9,0,4,0,1,1,0,0,0,1,1,5,2,26,6,1598,1,12,7,1,7
2018400270388,1,9,0,18,0,0,0,0,0,0,2,1,6,3,-1,-1,1229,1,7,-1,-1,-1
2018400270388,2,9,0,18,0,0,0,0,0,0,1,1,6,2,47,8,1198,1,2,4,1,4
2018400270466,1,9,0,18,9,0,5,10,0,0,1,1,2,1,21,5,1149,1,16,10,1,10
2018400270493,1,1,0,18,0,0,0,0,0,0,4,1,2,1,22,5,-1,-1,-1,5,1,5
2018400270493,2,9,0,9,0,0,0,0,0,0,1,1,6,3,-1,-1,-1,-1,-1,-1,-1,-1
2018400270530,1,9,0,5,0,0,0,0,0,0,1,1,6,1,59,9,1796,1,16,10,3,10
2018400270530,2,9,0,5,0,0,0,0,0,0,1,1,5,2,19,4,-1,-1,-1,4,1,4
2018400270598,1,19,0,18,0,0,0,0,0,0,1,1,2,1,41,7,1598,2,10,9,1,9
2018400270598,2,9,0,18,0,0,0,0,0,0,4,1,6,1,22,5,1995,2,5,8,1,8
2018400270598,3,9,0,18,0,0,0,0,0,0,4,1,6,2,38,7,1997,2,5,-1,-1,-1
2018400270677,1,9,0,4,0,1,0,0,0,0,1,1,5,1,66,10,5700,1,23,7,1,7
2018400270677,2,9,0,3,0,1,0,0,0,0,2,1,5,2,33,6,1461,2,12,2,1,2
2018400270677,3,9,0,3,0,1,0,0,0,0,2,1,5,2,22,5,998,1,2,9,1,9
2018400270677,4,9,0,3,0,1,0,0,0,0,2,1,5,1,-1,-1,1124,1,14,8,3,8
2018400270880,1,9,0,18,0,0,5,10,0,0,4,1,6,1,23,5,1242,1,11,3,1,3
2018400270880,2,9,0,2,0,0,0,0,0,0,3,1,6,3,-1,-1,1596,1,8,-1,-1,-1
2018400270889,1,98,1,18,0,0,0,0,0,0,3,1,1,1,31,6,-1,-1,-1,-1,-1,-1
2018400270889,2,9,0,18,0,0,0,0,0,0,4,1,1,1,38,7,1397,1,16,2,1,2
2018400270893,1,9,0,18,0,8,0,0,0,0,4,1,5,2,36,7,1598,1,3,9,3,9
2018400270893,2,8,0,5,0,8,0,0,0,0,1,1,5,1,47,8,1896,2,12,1,1,1
2018400270913,1,9,0,9,0,3,0,0,0,0,3,1,5,1,21,5,1398,1,6,4,1,4
2018400270913,2,9,0,18,0,4,0,0,0,0,1,1,5,1,30,6,1596,1,7,2,1,2
2018400270937,1,9,0,18,0,0,0,0,0,0,3,1,2,1,37,7,1124,1,15,8,2,8
2018400271084,1,98,1,18,0,0,0,0,0,0,1,1,6,1,-1,-1,-1,-1,-1,3,1,3
2018400271084,2,9,0,18,0,0,0,0,1,6,0,1,2,2,27,6,1995,2,9,3,1,3
2018400271084,3,9,0,18,0,0,0,0,0,0,2,1,6,1,-1,-1,2793,1,23,6,1,6
2018400271126,1,21,1,18,0,0,0,0,0,0,1,1,1,1,59,9,11967,2,6,5,1,5
2018400271126,2,11,0,2,0,0,0,0,0,0,2,1,1,1,44,7,4250,2,14,3,1,3
2018400271358,1,9,0,18,0,1,0,0,0,0,1,1,5,1,72,10,1997,1,1,10,1,10
2018400271552,1,9,0,18,0,0,0,0,0,0,1,1,6,1,29,6,2000,2,14,9,1,9
2018400271642,1,9,0,18,0,0,1,0,7,11,3,1,6,1,19,4,1198,1,9,9,1,9
2018400271725,1,9,0,17,0,0,0,0,0,0,1,1,5,1,32,6,1998,1,21,9,1,9
2018400271725,2,9,0,16,0,0,0,0,0,0,1,1,5,1,61,9,1968,2,9,10,1,10
2018400271752,1,9,0,18,0,0,0,0,0,0,1,1,6,3,-1,-1,-1,-1,-1,-1,-1,-1
2018400271752,2,9,0,4,0,0,0,0,0,0,2,1,1,2,39,7,1364,2,5,4,1,4
2018400271752,3,9,0,7,0,0,0,0,0,0,2,1,5,1,81,11,1363,2,15,5,1,5
2018400271827,1,9,0,4,0,0,0,0,0,0,1,1,5,1,55,8,1598,1,18,2,1,2
2018400271827,2,9,0,4,0,0,0,0,0,0,2,1,5,2,41,7,1498,1,-1,7,1,7
2018400272212,1,9,0,5,0,1,0,0,6,0,1,1,5,1,20,4,1242,1,6,3,1,3
2018400272212,2,1,0,9,0,4,0,0,3,0,2,1,5,1,39,7,-1,-1,-1,10,1,10
2018400272342,1,1,0,9,0,0,5,0,8,0,1,1,5,1,69,10,-1,-1,-1,5,1,5
2018400272480,1,9,0,18,0,6,1,0,0,0,1,1,6,3,-1,-1,-1,-1,-1,-1,-1,-1
2018400272480,2,8,0,16,0,1,1,0,0,0,1,1,1,1,29,6,-1,-1,-1,2,1,2
2018400272526,1,9,0,18,0,0,0,0,0,0,1,1,5,1,54,8,-1,-1,-1,3,-1,3
2018400272526,2,9,0,18,0,0,0,0,0,0,2,1,5,2,36,7,1360,1,16,5,2,5
2018400272526,3,9,0,18,0,0,0,0,0,0,2,1,5,1,29,6,1398,1,1,-1,-1,-1
2018400272539,1,9,0,18,0,0,1,0,0,0,3,1,2,2,38,7,1596,1,12,5,1,5
2018400272629,1,9,0,18,0,1,0,0,0,0,4,1,5,2,31,6,1364,1,12,7,1,7
2018400272629,2,9,0,7,0,1,0,0,0,0,1,1,6,2,23,5,1598,1,8,6,1,6
2018400272651,1,9,0,1,0,0,0,11,0,0,2,1,6,2,24,5,1360,1,12,8,1,8
2018400272698,1,19,0,7,0,1,0,0,0,0,2,1,5,1,31,6,2198,2,4,9,1,9
2018400272698,2,1,0,3,0,1,0,0,0,0,1,1,6,1,34,6,-1,-1,-1,4,1,4
2018400272707,1,9,0,18,0,0,0,0,0,0,1,1,6,1,-1,-1,1496,2,1,-1,-1,-1
2018400272707,2,9,0,4,0,0,0,7,0,0,2,1,6,1,59,9,1587,1,14,2,1,2
2018400272726,1,9,0,18,0,0,0,0,0,0,1,1,5,1,21,5,1799,1,12,4,1,4
2018400272726,2,9,0,5,0,0,0,0,0,0,1,1,5,1,33,6,1910,2,10,3,1,3
2018400272762,1,9,0,5,0,5,0,0,0,0,1,1,6,2,22,5,1229,1,4,7,1,7
2018400272762,2,9,0,3,0,1,0,0,0,0,1,1,6,2,20,4,1596,1,2,5,3,5
2018400272762,3,19,0,10,0,1,0,0,0,0,1,1,6,1,45,7,1870,2,14,3,1,3
2018400273123,1,9,0,4,0,0,0,0,0,0,1,1,1,1,70,10,1560,2,6,2,1,2
2018400273172,1,9,0,18,0,8,0,0,0,0,3,1,2,1,44,7,1753,2,12,1,1,1
2018400273172,2,90,0,7,0,8,0,0,0,0,4,1,1,1,24,5,1499,2,1,3,1,3
2018400273396,1,9,0,16,0,3,0,0,0,0,4,1,5,2,25,5,2143,2,4,8,1,8
2018400273396,2,21,1,16,0,3,0,0,0,0,1,1,1,1,21,5,12419,2,2,2,1,2
2018400273425,1,9,0,7,0,6,0,0,0,0,3,1,2,2,24,5,1596,1,12,4,1,4
2018400273425,2,5,0,18,0,1,1,0,0,0,3,1,6,1,46,8,1063,1,16,2,1,2
2018400273532,1,9,0,18,0,0,0,0,0,0,1,1,6,1,46,8,2926,2,15,9,2,9
2018400273532,2,9,0,18,0,0,1,0,0,0,1,1,6,1,41,7,2148,2,13,7,3,7
2018400273710,1,19,0,9,0,0,0,0,0,0,3,1,1,1,25,5,2198,2,2,9,1,9
2018400273710,2,9,0,18,0,0,0,0,4,0,1,1,5,2,73,10,1598,1,3,6,2,6
2018400273955,1,9,0,18,0,0,0,0,0,0,1,1,6,2,69,10,1796,1,11,10,3,10
2018400273955,2,9,0,2,0,0,0,0,0,0,3,1,3,2,29,6,1685,2,6,9,3,9
2018400274104,1,9,0,18,0,1,0,0,0,0,1,1,5,1,38,7,1598,1,12,-1,-1,-1
2018400274219,1,9,0,9,9,5,0,0,1,0,4,1,6,3,-1,-1,-1,-1,-1,-1,-1,-1
2018400274428,1,9,0,4,0,0,0,0,0,0,2,1,6,1,48,8,1896,2,9,2,1,2
2018400274428,2,9,0,18,0,0,1,0,0,0,1,1,6,1,33,6,1242,1,15,3,1,3
2018400274472,1,9,0,18,0,0,0,0,7,0,1,1,2,2,22,5,1229,1,10,4,1,4
2018400274534,1,3,0,18,0,0,0,0,0,0,4,1,5,2,28,6,124,1,11,3,1,3
2018400274534,2,5,0,5,0,0,0,0,0,0,3,1,5,1,34,6,929,1,16,3,1,3
2018400274546,1,9,0,18,0,0,0,0,0,0,0,1,6,2,21,5,998,1,3,3,1,3
2018400274561,1,3,0,18,0,2,0,11,0,0,1,1,1,1,24,5,124,1,4,2,1,2
2018400274581,1,9,0,5,0,0,0,0,0,0,1,1,6,3,-1,-1,-1,-1,-1,-1,-1,-1
2018400274581,2,9,0,5,0,0,0,0,0,0,3,1,5,1,32,6,-1,-1,-1,5,1,5
2018400274821,1,9,0,18,0,8,1,4,0,0,4,1,2,1,21,5,1364,1,9,2,1,2
2018400274821,2,9,0,5,0,8,0,0,0,0,1,1,6,2,39,7,1199,1,15,2,1,2
2018400274821,5,9,0,2,0,2,0,0,0,0,4,1,5,1,-1,-1,1364,1,3,-1,-1,-1
2018400274848,1,98,1,18,0,0,0,0,0,0,0,1,6,3,-1,-1,-1,-1,-1,-1,-1,-1
2018400274848,2,9,0,5,0,0,0,0,0,0,0,1,2,1,26,6,1390,1,12,2,1,2
2018400274901,1,9,0,18,0,0,0,0,0,0,1,1,5,1,73,10,1598,2,2,3,1,3
2018400275003,1,9,0,18,0,1,0,0,0,0,1,1,6,1,20,4,1997,2,14,2,1,2
2018400275003,2,9,0,3,0,1,0,0,0,0,2,1,6,1,36,7,1399,2,8,3,1,3
2018400275084,1,9,0,5,0,0,0,0,0,0,4,1,5,1,39,7,1796,1,10,7,2,7
2018400275084,2,9,0,18,0,0,0,0,0,0,1,1,2,1,39,7,1968,2,2,9,2,9
2018400275131,1,9,0,4,0,0,0,0,0,0,1,1,2,1,54,8,1995,2,3,8,1,8
2018400275131,2,9,0,4,0,0,0,0,0,0,2,1,5,1,25,5,1910,2,11,8,1,8
2018400275131,3,11,0,4,0,0,0,0,0,0,2,1,1,1,50,8,8847,2,3,9,3,9
2018400275131,4,9,0,4,0,0,0,0,0,0,4,1,6,2,56,9,1995,2,10,6,3,6
2018400275136,1,9,0,18,0,0,0,10,7,0,1,1,5,1,20,4,1997,1,5,10,1,10
2018400275136,2,9,0,2,0,0,0,0,0,0,4,1,6,3,-1,-1,-1,-1,-1,-1,-1,-1
2018400275136,3,98,0,2,0,0,0,0,0,0,2,1,6,3,-1,-1,-1,-1,-1,-1,-1,-1
2018400275272,1,9,0,18,0,0,0,0,1,0,1,1,6,1,48,8,1753,2,12,5,2,5
2018400275281,1,9,0,18,0,8,0,0,0,0,1,1,5,1,59,9,1299,1,14,7,2,7
2018400275281,2,9,0,5,0,6,0,0,4,0,3,1,2,1,42,7,1496,2,3,8,2,8
2018400275339,1,9,0,18,0,1,0,0,0,0,1,1,6,1,40,7,1910,2,10,9,3,9
2018400275339,2,9,0,3,0,1,0,0,0,0,2,1,6,1,51,8,-1,-1,-1,8,3,8
2018400275743,1,9,0,18,0,0,0,0,0,0,1,1,6,2,45,7,1242,1,7,5,3,5
2018400275743,2,9,0,3,0,0,0,0,0,0,2,1,6,2,32,6,1390,1,5,9,2,9
2018400275743,3,9,0,3,0,0,0,0,0,0,2,1,6,1,39,7,1197,1,7,4,1,4
2018400275743,4,9,0,3,0,0,0,0,0,0,2,1,6,1,49,8,1991,2,8,3,1,3
2018400275834,1,9,0,15,0,0,0,0,0,0,0,1,5,1,34,6,1968,2,7,2,1,2
2018400275862,1,9,0,1,9,0,0,0,0,0,2,1,6,1,80,11,1364,1,4,10,1,10
2018400275902,1,9,0,4,0,1,0,0,0,0,1,1,6,1,32,6,1910,2,12,-1,-1,-1
2018400275902,2,9,0,3,0,1,0,0,0,0,2,1,6,1,32,6,1339,1,14,2,1,2
2018400276026,1,9,0,18,0,0,0,0,0,0,1,1,5,1,38,7,1686,2,13,4,1,4
2018400276026,2,9,0,4,0,0,0,0,0,0,2,1,5,2,42,7,2143,2,7,4,1,4
2018400276065,1,21,1,11,0,0,0,0,0,0,3,1,1,1,50,8,-1,-1,-1,-1,-1,-1
2018400276065,2,9,0,18,0,0,1,0,2,7,4,1,5,1,23,5,1598,1,11,4,1,4
2018400276080,1,1,0,16,0,0,1,0,0,0,1,1,5,1,50,8,-1,-1,-1,9,3,9
2018400276080,2,9,0,17,0,0,0,0,0,0,3,1,5,1,45,7,2987,2,7,10,1,10
2018400276082,1,9,0,4,0,0,0,0,0,0,1,1,6,2,29,6,1596,1,11,2,1,2
2018400276082,2,9,0,3,0,0,0,0,0,0,2,1,6,1,40,7,1598,2,8,1,1,1
2018400276135,1,9,0,5,9,0,0,0,1,10,1,1,5,2,42,7,1984,1,8,9,1,9
2018400276339,1,9,0,18,0,2,0,0,0,0,3,1,6,1,29,6,1796,1,10,3,1,3
2018400276395,1,9,0,18,0,8,0,0,0,0,1,1,6,1,21,5,2969,2,14,2,1,2
2018400276395,2,1,0,5,0,8,5,0,0,0,1,1,6,1,9,2,-1,-1,-1,2,1,2
2018400276469,1,9,0,18,0,8,0,0,0,0,1,1,5,2,52,8,1390,1,16,1,1,1
2018400276469,2,9,0,18,0,8,0,0,0,0,3,1,5,1,63,9,2993,2,1,10,1,10
2018400276515,1,9,0,11,0,4,0,0,0,0,1,1,5,1,44,7,1995,2,6,2,1,2
2018400276515,2,9,0,5,0,4,0,0,0,0,3,1,5,1,46,8,1896,2,11,3,1,3
2018400276524,1,5,0,16,0,3,2,0,0,0,1,1,2,1,22,5,883,1,16,9,1,9
2018400276524,2,9,0,3,0,1,0,0,0,0,1,1,5,1,35,6,1598,2,2,4,1,4
2018400276535,1,9,0,18,0,0,0,0,0,0,1,1,6,3,-1,-1,1395,1,1,-1,-1,-1
2018400276564,1,9,0,18,0,0,0,0,0,0,1,1,6,2,45,7,1364,1,11,9,2,9
2018400276564,2,9,0,3,0,0,0,0,0,0,2,1,6,1,63,9,1399,2,15,10,1,10
2018400276588,1,9,0,9,0,0,5,0,4,0,2,1,1,1,50,8,-1,-1,-1,8,1,8
2018400276588,2,9,0,18,0,0,1,0,0,0,1,1,1,1,28,6,-1,-1,-1,3,1,3
2018400276671,1,9,0,18,0,1,1,0,0,0,1,1,6,2,38,7,1229,1,6,7,1,7
2018400276671,2,9,0,3,0,1,0,0,0,0,1,1,2,2,32,6,1229,1,1,9,1,9
2018400276671,3,9,0,3,0,1,0,0,0,0,1,1,6,1,20,4,1229,1,11,2,1,2
2018400276671,4,9,0,3,0,1,0,0,0,0,2,1,2,2,56,9,1995,2,5,2,1,2
2018400276847,1,8,0,18,0,3,0,0,0,0,1,1,6,1,38,7,2499,2,10,2,1,2
2018400276924,1,9,0,18,0,1,0,0,0,0,3,1,5,2,38,7,1461,2,7,7,1,7
2018400276924,2,3,0,18,0,1,0,0,0,0,1,1,5,1,18,4,124,1,10,9,1,9
2018400276950,1,9,0,9,0,8,0,0,0,0,3,1,6,2,-1,-1,1796,1,11,10,1,10
2018400276950,2,9,0,18,0,3,0,0,0,0,4,1,6,2,50,8,1560,2,8,9,1,9
2018400276951,1,-1,-1,18,0,0,0,0,0,0,1,1,6,3,-1,-1,-1,-1,-1,-1,-1,-1
2018400276951,2,9,0,18,0,0,0,0,4,6,4,1,6,2,44,7,1364,1,11,5,1,5
2018400277184,1,9,0,16,0,0,0,0,7,9,1,1,5,1,23,5,1396,2,1,4,1,4
2018400277213,1,9,0,18,0,5,0,10,1,0,1,1,6,1,22,5,1968,2,11,3,1,3
2018400277213,2,20,0,2,0,1,0,0,0,0,1,1,6,3,-1,-1,2998,2,3,-1,-1,-1
2018400277261,1,9,0,1,0,0,0,0,0,0,2,1,5,1,25,5,-1,-1,-1,6,1,6
2018400277299,1,9,0,7,0,5,0,0,0,0,4,1,5,1,47,8,1598,1,7,8,1,8
2018400277299,2,1,0,18,5,1,0,0,0,0,1,1,2,1,44,7,-1,-1,-1,3,1,3
2018400277437,1,9,0,18,0,3,0,0,0,0,1,1,5,1,43,7,1364,1,10,7,1,7
2018400277437,2,8,0,4,0,4,0,0,0,0,1,1,1,1,36,7,2143,2,4,5,1,5
2018400277763,1,9,0,9,0,2,0,0,0,0,3,1,6,2,35,6,2000,1,9,9,1,9
2018400277763,2,2,0,18,0,1,5,0,0,0,1,1,6,1,16,4,49,1,5,8,1,8
2018400278036,1,9,0,18,0,0,1,0,0,0,1,1,6,1,37,7,1399,1,2,7,1,7
2018400278036,2,9,0,4,0,0,0,0,0,0,2,1,6,1,40,7,2993,2,13,3,1,3
2018400278036,3,9,0,4,0,0,0,0,0,0,2,1,1,1,55,8,1969,2,1,6,1,6
2018400278040,1,9,0,9,0,8,0,0,0,0,3,1,6,1,34,6,1197,1,5,1,1,1
2018400278040,2,9,0,18,0,8,0,0,0,0,3,1,6,2,52,8,1598,2,1,9,1,9
2018400278074,1,9,0,5,0,0,0,0,0,0,1,1,6,1,33,6,1598,2,2,9,1,9
2018400278190,1,9,0,18,0,8,0,0,0,0,3,1,6,3,-1,-1,1248,2,11,-1,-1,-1
2018400278190,2,9,0,18,0,8,0,0,0,0,4,1,2,1,31,6,1900,2,12,6,1,6
2018400278203,1,21,1,18,0,0,0,0,0,0,1,1,1,1,38,7,-1,-1,-1,-1,-1,-1
2018400278203,2,9,0,18,0,0,0,0,0,0,4,1,1,2,31,6,1588,1,15,3,1,3
2018400278212,1,9,0,17,0,2,0,4,0,0,1,1,5,1,31,6,2143,2,2,10,2,10
2018400278212,2,9,0,2,0,2,0,0,1,0,1,1,6,3,-1,-1,-1,-1,-1,-1,-1,-1
2018400278214,1,9,0,14,0,1,5,4,0,0,1,1,5,2,82,11,1329,1,9,10,3,10
2018400278214,2,9,0,2,0,1,0,0,0,0,3,1,5,2,70,10,1590,1,14,10,1,10
2018400278214,3,9,0,2,0,1,0,0,0,0,3,1,5,2,65,9,1242,1,11,10,1,10
2018400278258,1,21,0,18,0,0,0,0,0,0,1,1,1,1,59,9,7698,2,4,7,1,7
2018400278258,2,21,0,18,0,0,0,0,0,0,2,1,1,1,46,8,12740,2,3,5,1,5
2018400278298,1,3,0,18,0,0,0,0,0,0,4,1,2,1,32,6,125,1,1,9,1,9
2018400278327,1,9,0,5,0,1,0,0,0,0,1,1,6,2,34,6,1796,1,4,8,2,8
2018400278327,2,1,0,18,9,6,0,0,0,0,4,1,5,2,17,4,-1,-1,-1,2,1,2
2018400278328,1,9,0,4,0,0,0,0,0,0,2,1,6,2,45,7,1998,1,16,5,1,5
2018400278328,2,9,0,18,0,0,0,0,0,0,1,1,6,2,24,5,999,1,2,6,2,6
2018400278442,1,98,1,12,0,0,0,0,0,0,3,1,1,1,59,9,-1,-1,-1,-1,-1,-1
2018400278442,2,9,0,18,0,0,0,0,0,0,4,1,1,1,40,7,1496,2,2,-1,1,-1
2018400278442,3,9,0,18,0,0,0,0,0,0,1,1,2,2,39,7,1995,2,3,4,2,4
2018400278563,1,9,0,18,0,0,1,0,0,0,1,1,5,1,76,11,1198,1,4,8,1,8
2018400278563,2,9,0,3,0,0,0,0,0,0,2,1,5,1,56,9,1461,2,3,4,1,4
2018400278563,3,21,0,3,0,0,0,0,0,0,2,1,1,1,37,7,10677,2,3,2,1,2
2018400278566,1,9,0,18,0,0,0,4,0,0,1,1,6,3,-1,-1,1598,1,17,-1,-1,-1
2018400278566,2,9,0,2,0,0,0,0,0,0,2,1,5,1,57,9,1368,1,8,4,1,4
2018400278620,1,1,0,18,0,0,0,0,0,0,1,1,5,2,61,9,-1,-1,-1,10,2,10
2018400278620,2,9,0,2,0,0,0,0,0,0,2,1,6,1,36,7,1995,2,1,3,1,3
2018400278655,1,9,0,10,0,6,0,0,0,0,3,1,5,1,-1,-1,1389,1,16,4,1,4
2018400278655,2,9,0,5,0,1,0,10,0,0,0,1,5,2,28,6,1229,1,5,3,1,3
2018400278752,1,9,0,18,0,0,0,10,7,7,1,1,5,1,46,8,1699,1,11,3,1,3
2018400278849,1,9,0,18,6,0,1,0,7,0,3,1,1,2,31,6,-1,-1,-1,1,1,1
2018400278849,2,9,0,18,6,0,0,0,7,0,0,1,1,1,65,9,1686,2,12,4,1,4
2018400278849,3,9,0,18,6,0,0,0,7,0,4,1,1,1,29,6,1968,2,6,6,1,6
2018400278856,1,9,0,7,0,1,1,0,0,0,1,1,5,1,19,4,1396,1,18,10,1,10
2018400278856,2,9,0,9,0,2,0,0,0,0,3,1,2,1,44,7,1910,2,10,2,1,2
2018400279138,1,9,0,13,0,0,0,0,0,0,1,1,6,1,22,5,2324,1,18,2,1,2
2018400279138,2,9,0,18,0,0,0,0,0,0,1,1,6,1,49,8,-1,-1,-1,5,1,5
2018400279138,3,9,0,18,0,0,0,0,0,0,1,1,5,1,41,7,1997,2,2,10,1,10
2018400279138,4,9,0,18,0,0,0,0,0,0,3,1,5,1,23,5,1984,1,2,9,3,9
2018400279154,1,5,0,17,0,0,0,0,1,0,1,1,2,1,36,7,645,1,11,4,3,4
2018400279257,1,9,0,12,0,0,0,0,0,0,3,1,5,1,67,10,-1,-1,-1,9,1,9
2018400279257,2,9,0,13,0,0,0,0,0,0,4,1,5,1,54,8,973,1,16,4,1,4
2018400279306,1,9,0,17,0,0,0,0,0,0,1,1,6,2,19,4,1349,1,9,10,3,10
2018400279306,2,5,0,17,0,0,0,0,0,0,3,1,5,1,60,9,1600,1,19,9,3,9
2018400279387,1,9,0,3,0,8,0,0,0,0,4,1,6,1,30,6,2179,2,7,-1,-1,-1
2018400279387,2,1,0,3,0,8,0,0,0,0,3,1,1,1,50,8,-1,-1,-1,-1,-1,-1
2018400279412,1,9,0,18,0,0,0,0,0,0,1,1,5,2,18,4,998,1,4,6,1,6
2018400279507,1,9,0,5,0,4,0,0,0,0,1,1,1,1,34,6,-1,-1,-1,8,2,8
2018400279507,2,1,0,9,0,8,0,0,0,0,4,1,2,1,39,7,-1,-1,-1,2,1,2
2018400279571,1,19,0,5,0,4,0,0,0,0,1,1,6,1,-1,-1,1995,2,1,-1,-1,-1
2018400279571,2,9,0,5,0,4,0,0,0,0,1,1,1,2,53,8,998,1,8,6,1,6
2018400279614,1,9,0,18,0,1,1,0,1,0,1,1,5,1,18,4,998,1,16,7,1,7
2018400279614,2,9,0,16,0,1,1,0,1,0,1,1,5,1,33,6,2995,1,9,1,1,1