Accident_Index,Vehicle_Reference,Vehicle_Type,Towing_and_Articulation,Vehicle_Manoeuvre,Vehicle_Location-Restricted_Lane,Junction_Location,Skidding_and_Overturning,Hit_Object_in_Carriageway,Vehicle_Leaving_Carriageway,Hit_Object_off_Carriageway,1st_Point_of_Impact,Was_Vehicle_Left_Hand_Drive?,Journey_Purpose_of_Driver,Sex_of_Driver,Age_of_Driver,Age_Band_of_Driver,Engine_Capacity_(CC),Propulsion_Code,Age_of_Vehicle,Driver_IMD_Decile,Driver_Home_Area_Type,Vehicle_IMD_Decile
2018400279617,1,9,0,3,0,0,0,0,0,0,1,1,5,1,34,6,2494,1,18,4,1,4
2018400279631,1,9,0,4,0,0,0,0,0,0,1,1,6,1,43,7,1598,1,5,5,1,5
2018400279631,2,9,0,4,0,0,0,0,0,0,2,1,6,1,37,7,1956,2,9,4,1,4
2018400279631,3,9,0,4,0,0,0,0,0,0,2,1,6,2,28,6,1798,1,6,1,1,1
2018400279673,1,9,0,18,0,0,0,0,0,0,1,1,2,1,-1,-1,-1,-1,-1,1,1,1
2018400279673,2,9,0,3,0,0,0,0,0,0,2,1,5,1,41,7,1560,2,3,1,1,1
2018400279843,1,9,0,5,0,0,0,0,0,0,1,1,6,1,26,6,1598,1,11,1,1,1
2018400279843,2,1,0,18,0,0,0,0,0,0,4,1,2,1,47,8,-1,-1,-1,2,1,2
2018400279853,1,9,0,18,0,0,0,0,0,0,1,1,1,1,34,6,1598,1,7,5,3,5
2018400279853,2,9,0,3,0,0,0,0,0,0,2,1,1,1,28,6,2521,1,11,4,1,4
2018400279870,1,9,0,18,0,0,0,0,0,0,1,1,6,1,56,9,1368,1,5,9,1,9
2018400279870,2,9,0,18,0,0,0,0,0,0,1,1,6,2,32,6,2268,2,3,8,3,8
2018400279941,1,5,0,17,0,0,0,0,0,0,4,1,6,1,34,6,599,1,22,9,1,9
2018400279941,2,9,0,18,0,0,0,0,0,0,4,1,6,2,62,9,1798,1,3,9,2,9
2018400279978,1,9,0,18,0,0,0,0,0,0,0,1,5,1,38,7,1596,1,13,2,1,2
2018400279978,2,-1,0,18,0,0,0,0,0,0,0,1,5,3,-1,-1,-1,-1,-1,-1,-1,-1
2018400279997,1,98,0,18,0,2,0,0,0,0,1,1,6,1,31,6,-1,-1,-1,5,1,5
2018400279997,2,9,0,18,0,2,0,0,0,0,2,1,6,1,39,7,1399,1,1,6,1,6
2018400280002,1,9,0,4,0,1,0,0,0,0,1,1,6,1,29,6,1560,2,9,2,1,2
2018400280002,2,1,0,18,0,6,0,0,0,0,1,1,2,1,25,5,-1,-1,-1,4,1,4
2018400280105,1,9,0,9,0,1,0,0,0,0,2,1,6,1,26,6,1598,1,14,8,1,8
2018400280105,2,5,0,18,0,1,0,0,0,0,1,1,6,1,33,6,782,1,20,4,1,4
2018400280139,1,9,0,4,0,0,0,0,0,0,1,1,5,1,48,8,1998,2,7,3,1,3
2018400280155,1,9,-1,-1,-1,0,-1,-1,-1,0,-1,1,6,1,42,7,-1,-1,-1,3,1,3
2018400280182,1,9,0,18,0,0,0,0,0,0,1,1,6,1,43,7,1995,2,13,-1,-1,-1
2018400280182,2,9,0,9,0,0,0,0,0,0,1,1,6,2,50,8,1999,1,12,-1,-1,-1
2018400280364,1,19,0,9,0,8,0,0,0,0,1,1,1,1,55,8,1560,2,2,9,1,9
2018400280368,1,9,0,18,0,0,0,0,0,0,1,1,6,2,-1,-1,1956,2,4,-1,-1,-1
2018400280368,2,8,0,3,0,0,0,0,0,0,2,1,1,1,60,9,2700,2,16,2,1,2
2018400280374,1,19,0,18,0,4,0,0,0,0,1,1,6,1,40,7,1560,2,2,3,1,3
2018400280374,2,9,0,18,0,4,0,0,0,0,2,1,6,2,39,7,1248,2,10,1,1,1
2018400280405,1,9,0,7,0,0,0,0,0,0,3,1,2,1,65,9,1956,2,7,9,1,9
2018400280483,1,9,0,18,0,8,0,11,0,0,1,1,6,1,29,6,1595,1,11,2,1,2
2018400280586,1,19,0,5,0,0,0,4,0,0,1,1,6,3,-1,-1,1753,2,15,-1,-1,-1
2018400280586,2,9,0,2,9,0,0,0,0,0,1,1,1,2,25,5,2497,1,13,2,1,2
2018400280594,1,97,0,13,0,0,1,0,0,0,1,1,2,1,28,6,-1,-1,-1,10,1,10
2018400280594,2,9,0,9,0,0,0,0,0,0,3,1,2,2,68,10,-1,-1,-1,10,1,10
2018400280595,1,9,0,13,0,0,0,0,1,0,4,1,6,2,38,7,1968,2,5,9,-1,9
2018400280595,2,9,0,18,0,0,0,0,0,0,3,1,2,2,29,6,998,1,8,5,1,5
2018400280625,1,9,0,18,0,0,0,0,0,0,4,1,1,2,20,4,1242,1,5,1,1,1
2018400280625,2,9,0,18,0,0,0,0,0,0,1,1,6,3,-1,-1,-1,-1,-1,-1,-1,-1
2018400280632,1,9,0,16,0,0,1,0,0,0,1,1,5,1,32,6,2404,2,25,7,2,7
2018400280632,2,9,0,17,0,0,0,0,0,0,1,1,5,2,46,8,1242,1,5,10,2,10
2018400280782,1,9,0,17,0,0,0,0,0,0,1,1,6,1,-1,-1,1198,1,7,-1,-1,-1
2018400280782,2,9,0,18,0,0,0,0,0,0,3,1,5,1,25,5,2143,2,4,3,1,3
2018400281337,1,9,0,4,0,0,0,0,0,0,0,1,6,3,-1,-1,-1,-1,-1,-1,-1,-1
2018400281337,2,9,0,18,0,0,0,0,0,0,2,1,5,1,27,6,1995,2,13,1,1,1
2018400281337,3,9,0,18,0,0,0,0,0,0,1,1,5,1,44,7,1968,2,4,5,1,5
2018400281344,1,9,0,17,0,0,1,0,1,0,1,1,6,2,43,7,1995,2,10,3,1,3
2018400281358,1,9,0,13,0,0,0,0,0,0,3,1,6,1,30,6,1398,1,14,5,1,5
2018400281358,2,5,0,13,0,0,0,0,0,0,4,1,1,1,21,5,649,1,3,3,1,3
2018400281554,1,1,0,16,2,1,5,0,0,0,4,1,6,1,71,10,-1,-1,-1,10,1,10
2018400281554,2,9,0,5,0,6,0,0,0,0,1,1,6,2,50,8,1560,2,9,5,1,5
2018400281628,1,9,0,16,0,8,0,4,1,0,1,1,5,1,22,5,2993,2,2,7,1,7
2018400281628,2,9,0,2,0,1,0,0,0,0,1,1,5,3,-1,-1,1956,2,9,-1,-1,-1
2018400281775,1,9,0,18,0,0,1,0,0,0,1,1,6,3,-1,-1,999,1,1,-1,-1,-1
2018400281775,2,9,0,4,0,0,0,0,0,0,2,1,6,2,35,6,1598,1,7,5,1,5
2018400281775,3,9,0,4,0,0,0,0,0,0,2,1,6,1,38,7,1968,2,2,8,1,8
2018400281809,1,9,0,18,0,4,0,0,0,0,0,1,5,2,72,10,1242,1,9,9,2,9
2018400281809,2,3,0,18,0,8,0,0,0,0,4,1,6,1,18,4,125,1,3,7,1,7
2018400282101,1,9,0,17,0,0,0,0,0,0,1,1,6,1,60,9,1968,2,5,8,3,8
2018400282101,2,9,0,16,0,0,0,0,0,0,1,1,6,1,26,6,1598,2,5,5,1,5
2018400282124,1,3,0,11,0,3,0,0,0,0,3,1,6,1,43,7,124,1,2,7,1,7
2018400282124,2,9,0,18,0,3,0,0,0,0,3,1,6,1,42,7,1984,1,12,9,1,9
2018400282149,1,9,0,4,0,0,0,0,0,0,1,1,6,3,-1,-1,-1,-1,-1,-1,-1,-1
2018400282312,1,9,0,1,0,0,0,0,0,0,2,1,6,3,-1,-1,1988,2,13,-1,-1,-1
2018400282312,2,9,0,18,0,0,0,0,0,0,1,1,5,2,66,10,1951,2,14,7,1,7
2018400282381,1,9,0,5,0,8,0,0,0,0,3,1,5,2,20,4,1598,1,14,9,1,9
2018400282381,2,9,0,18,0,1,1,0,0,0,1,1,5,1,19,4,998,1,26,4,1,4
2018400282691,1,9,0,17,0,0,1,0,7,4,4,1,5,1,24,5,1598,1,15,9,1,9
2018400282991,1,9,0,18,9,2,0,0,1,0,1,1,6,1,-1,-1,2148,2,15,-1,-1,-1
2018400283108,1,98,1,18,0,0,0,0,0,0,1,1,1,1,46,8,-1,-1,-1,-1,-1,-1
2018400283108,2,9,0,18,0,0,0,0,0,0,4,1,5,1,27,6,2148,2,14,4,1,4
2018400283178,1,9,0,7,0,4,0,0,0,0,4,1,6,1,30,6,1896,2,16,4,3,4
2018400283178,2,9,0,18,0,4,0,0,0,0,3,1,6,2,21,5,2494,1,24,8,3,8
2018400283242,1,9,0,1,0,0,0,0,0,0,2,1,6,2,44,7,1968,2,4,9,1,9
2018400283253,1,9,0,18,0,0,0,0,0,0,1,1,6,1,51,8,796,1,16,2,1,2
2018400283292,1,21,0,4,0,1,0,0,1,0,1,1,1,1,50,8,5193,2,7,3,1,3
2018400283292,2,9,0,9,0,8,0,0,0,0,0,1,5,1,45,7,1968,2,2,6,2,6
2018400283298,1,1,0,9,0,0,0,0,0,0,1,1,5,1,43,7,-1,-1,-1,9,3,9
2018400283298,2,9,0,18,0,0,0,0,0,0,4,1,5,1,23,5,1956,2,7,7,3,7
2018400283380,1,9,0,5,0,0,0,0,3,0,3,1,6,1,37,7,-1,-1,-1,6,1,6
2018400283394,1,9,0,18,0,1,0,0,0,0,1,1,2,1,52,8,1896,2,10,3,1,3
2018400283394,2,9,0,9,0,1,0,0,0,0,4,1,2,2,44,7,1591,1,5,2,1,2
2018400283406,1,9,0,18,0,0,0,0,0,0,1,1,6,3,-1,-1,1598,1,15,-1,-1,-1
2018400283490,1,9,0,10,0,1,0,0,0,0,4,1,6,2,18,4,1229,1,11,2,1,2
2018400283490,2,9,0,5,0,1,0,0,0,0,1,1,6,1,18,4,1299,1,12,4,1,4
2018400283538,1,9,0,8,0,4,0,0,0,0,1,1,2,1,47,8,2143,2,2,7,3,7
2018400283538,2,9,0,8,0,4,0,0,0,0,2,1,1,1,33,6,1248,2,4,-1,-1,-1
2018400283557,1,9,0,18,0,8,0,0,0,0,1,1,6,1,27,6,1596,1,11,2,1,2
2018400283557,2,9,0,4,0,8,0,0,0,0,2,1,6,1,34,6,1998,2,9,2,1,2
2018400283568,1,9,0,18,0,0,2,0,7,0,1,1,5,1,24,5,2979,1,2,6,1,6
2018400283605,1,19,0,4,0,0,0,0,0,0,2,1,6,1,27,6,2402,2,8,3,1,3
2018400283605,2,19,0,4,0,0,0,0,0,0,1,1,6,1,54,8,-1,-1,-1,10,1,10
2018400283605,3,9,0,4,0,0,0,0,0,0,1,1,6,2,23,5,1388,1,9,8,1,8
2018400283605,4,9,0,4,0,0,0,0,0,0,1,1,6,1,28,6,1896,2,13,7,3,7
2018400283605,5,9,0,4,0,0,0,0,0,0,1,1,6,1,60,9,2995,1,7,9,1,9
2018400283614,1,21,0,18,0,0,0,0,0,0,1,1,1,1,39,7,12740,2,3,-1,-1,-1
2018400283614,2,9,0,18,0,0,0,0,7,0,2,1,6,1,36,7,1686,2,12,-1,-1,-1
2018400283617,1,9,0,18,0,4,0,0,0,0,4,1,5,2,19,4,1242,1,2,9,1,9
2018400283617,2,9,0,18,0,4,0,0,0,0,3,1,5,2,49,8,1968,2,1,9,2,9
2018400283664,1,9,0,18,0,1,0,0,0,0,1,1,6,1,-1,-1,1686,2,15,-1,-1,-1
2018400283706,1,9,0,1,0,8,0,0,0,0,2,1,5,1,65,9,1998,1,13,8,1,8
2018400283839,1,9,0,18,0,0,0,0,0,0,1,1,6,2,-1,-1,998,1,3,7,1,7
2018400283839,2,1,0,4,0,0,0,0,0,0,2,1,6,1,28,6,-1,-1,-1,8,1,8
2018400283871,1,9,0,18,0,8,0,0,7,7,1,1,2,2,33,6,1229,1,6,9,1,9
2018400283871,2,9,0,11,0,3,0,0,7,7,2,1,2,1,36,7,2000,2,13,4,1,4
2018400283915,1,9,0,18,0,4,0,0,0,0,1,1,5,2,35,6,1956,2,7,1,1,1
2018400283915,2,9,0,18,0,3,0,0,0,0,3,1,5,1,53,8,1997,2,6,2,1,2
2018400283987,1,-1,0,18,0,8,0,0,0,0,1,1,6,3,-1,-1,-1,-1,-1,-1,-1,-1
2018400283987,2,9,0,18,0,3,0,0,0,0,1,1,5,1,84,11,1229,1,5,3,2,3
2018400284066,1,9,0,1,9,0,0,0,0,0,2,1,1,1,42,7,-1,-1,-1,4,1,4
2018400284275,1,9,0,18,0,4,0,0,0,0,1,1,5,2,23,5,1598,1,8,1,1,1
2018400284275,2,9,0,18,0,3,0,0,0,0,4,1,5,1,55,8,1686,2,14,4,1,4
2018400284331,1,9,0,18,0,4,0,9,3,4,1,1,6,3,-1,-1,1389,1,21,-1,-1,-1
2018400284342,1,19,0,5,0,4,2,10,0,0,1,1,1,2,42,7,-1,-1,-1,7,1,7
2018400284342,2,9,0,5,0,4,0,10,0,0,2,1,5,1,37,7,1596,1,8,8,3,8
2018400284407,1,9,0,18,0,0,0,0,0,0,1,1,6,3,-1,-1,-1,-1,-1,-1,-1,-1
2018400284498,1,19,0,18,0,1,0,0,0,0,4,1,6,1,-1,-1,2198,2,5,2,1,2
2018400284498,2,9,0,18,0,1,0,0,0,0,3,1,6,1,31,6,1798,8,1,2,1,2
2018400284498,3,9,0,5,0,1,0,0,0,0,1,1,6,1,46,8,1395,1,1,3,1,3
2018400284498,4,9,0,18,0,1,0,0,0,0,0,1,6,2,-1,-1,1339,1,13,3,1,3
2018400284498,5,9,0,18,0,1,0,0,0,0,1,1,6,1,-1,-1,2143,2,5,-1,-1,-1
2018400284498,6,9,0,18,0,1,0,0,0,0,1,1,6,1,-1,-1,1560,2,7,3,1,3
2018400284598,1,9,0,4,0,0,0,0,0,0,1,1,5,2,24,5,1149,1,12,9,2,9
2018400284598,2,9,0,4,0,0,0,0,0,0,2,1,5,1,-1,-1,1499,2,2,8,3,8
2018400284607,1,9,0,18,0,0,2,11,0,0,3,1,6,2,22,5,1349,1,4,3,1,3
2018400284642,1,98,0,18,0,1,0,0,7,0,1,1,1,1,33,6,-1,-1,-1,7,3,7
2018400284642,2,9,0,9,0,1,0,0,0,0,3,1,5,2,29,6,1198,1,2,9,3,9
2018400284663,1,9,0,9,0,5,0,0,0,0,4,1,6,1,33,6,2143,2,1,8,1,8
2018400284663,2,2,0,4,0,1,2,0,0,0,1,1,6,1,24,5,49,1,18,2,1,2
2018400284686,1,9,0,9,0,8,0,0,1,0,3,1,5,1,18,4,1198,1,10,8,2,8
2018400284686,2,9,0,18,0,8,0,0,0,0,1,1,5,1,18,4,1299,1,16,6,1,6
2018400284701,1,9,0,3,8,0,0,0,0,0,2,1,6,1,39,7,4799,1,12,4,1,4
2018400284701,2,9,0,3,0,0,0,0,0,0,1,1,5,1,49,8,1339,1,4,1,1,1
2018400284713,1,9,0,18,0,0,0,0,0,0,1,1,6,1,-1,-1,1598,1,13,-1,-1,-1
2018400284713,2,9,0,18,0,0,0,0,1,9,2,1,5,1,30,6,1560,2,10,9,2,9
2018400284718,1,19,0,9,0,8,0,0,0,0,1,1,1,1,31,6,1968,2,2,3,1,3
2018400284718,2,9,0,18,0,8,0,0,0,0,3,1,6,2,44,7,1598,2,1,6,2,6
2018400284782,1,1,0,18,0,0,0,0,0,0,1,1,6,1,43,7,-1,-1,-1,7,1,7
2018400284782,2,9,0,18,0,0,0,0,0,0,2,1,6,1,68,10,1968,2,2,10,2,10
2018400284793,1,9,0,18,0,8,0,0,1,2,1,1,6,1,45,7,1399,2,11,10,1,10
2018400284812,1,9,0,9,0,8,0,0,0,0,1,1,6,2,28,6,1598,1,6,5,1,5
2018400284812,2,9,0,11,0,3,0,0,0,0,4,1,6,2,26,6,1373,1,2,8,1,8
2018400284830,1,9,0,7,0,4,0,0,3,10,1,1,6,1,19,4,1200,1,1,7,1,7
2018400284843,1,19,0,18,0,0,0,4,0,0,1,1,5,1,34,6,2298,2,6,8,1,8
2018400284843,2,21,0,2,0,0,0,0,0,0,2,1,1,1,62,9,6693,2,5,3,1,3
2018400284843,3,9,0,14,0,0,0,1,4,6,1,1,5,1,35,6,-1,-1,-1,7,1,7
2018400284950,1,9,0,7,0,4,0,0,0,0,0,1,5,1,26,6,1596,1,7,4,1,4
2018400284950,2,1,0,18,0,3,0,0,0,0,2,1,5,2,20,4,-1,-1,-1,2,1,2
2018400285019,1,9,0,18,0,1,0,0,0,0,1,1,6,2,59,9,1598,1,6,8,1,8
2018400285019,2,9,0,18,0,1,0,0,0,0,3,1,6,2,68,10,996,1,4,10,2,10
2018400285175,1,9,0,9,0,0,0,0,7,0,3,1,6,1,30,6,1995,2,11,-1,-1,-1
2018400285175,2,5,0,18,0,0,5,0,7,0,1,1,5,1,31,6,1301,1,2,10,-1,10
2018400285203,1,9,0,5,0,4,0,0,0,0,3,1,5,1,79,11,1197,1,5,7,1,7
2018400285203,2,3,0,18,0,8,5,0,7,0,1,1,5,1,19,4,-1,-1,-1,8,1,8
2018400285241,1,9,0,16,0,3,0,0,0,0,4,1,5,1,31,6,1242,1,1,3,1,3
2018400285241,2,9,0,16,0,3,0,0,0,0,3,1,5,2,25,5,1796,1,13,5,1,5
2018400285428,1,9,0,5,0,1,0,0,0,0,1,1,5,1,32,6,998,1,-1,10,2,10
2018400285428,2,9,0,18,0,1,0,0,0,0,1,1,5,2,24,5,1086,1,15,5,1,5
2018400285586,1,9,0,18,0,1,0,0,0,0,1,1,6,1,-1,-1,1389,1,20,-1,-1,-1
2018400285586,2,9,0,3,0,1,0,0,0,0,2,1,3,2,27,6,2967,2,7,1,1,1
2018400285665,1,9,0,18,0,0,0,0,0,0,1,1,5,2,29,6,1242,1,17,2,1,2
2018400285665,2,9,0,18,0,0,0,0,0,0,2,1,5,1,20,4,1796,1,12,4,1,4
2018400285665,3,9,0,18,0,0,0,0,0,0,2,1,2,1,21,5,1461,2,4,10,2,10
2018400285665,4,9,0,18,0,0,0,0,0,0,3,1,5,1,24,5,2993,2,2,2,1,2
2018400285747,1,9,0,4,0,0,0,0,0,0,1,1,6,1,-1,-1,1299,1,14,-1,-1,-1
2018400285747,2,9,0,4,0,0,0,0,0,0,2,1,6,1,45,7,1995,2,13,5,1,5
2018400285762,1,9,0,6,0,0,0,0,0,0,3,1,5,1,56,9,1598,1,14,-1,-1,-1
2018400285762,2,9,0,18,0,0,1,0,0,0,1,1,5,1,52,8,4367,2,3,9,3,9
2018400285786,1,9,0,18,0,1,0,0,0,0,4,1,6,3,-1,-1,-1,-1,-1,-1,-1,-1
2018400285823,1,9,0,18,0,3,0,0,0,0,1,1,3,2,43,7,1984,1,17,8,3,8
2018400285889,1,9,0,1,0,1,0,0,0,0,4,1,5,1,60,9,2143,2,5,8,1,8
2018400286161,1,9,0,18,0,0,0,0,0,0,1,1,5,1,52,8,1995,2,2,10,1,10
2018400286161,2,11,0,18,0,0,0,0,1,0,1,1,1,2,37,7,4250,2,12,9,2,9
2018400286230,1,9,0,5,0,0,0,0,0,0,4,1,2,2,48,8,1995,2,13,8,3,8
2018400286230,2,5,0,17,0,0,0,0,0,0,1,1,5,1,26,6,689,1,3,10,2,10
2018400286234,1,9,0,4,0,1,0,0,0,0,3,1,1,1,42,7,-1,-1,-1,6,1,6
2018400286234,2,9,0,5,0,2,0,0,0,0,4,1,6,1,30,6,-1,-1,-1,3,1,3
2018400286240,1,9,0,18,0,4,0,0,0,0,1,1,1,1,60,9,1329,1,4,5,1,5
2018400286240,2,1,0,18,0,8,0,0,0,0,4,1,1,1,23,5,-1,-1,-1,5,1,5
2018400286266,1,9,0,18,0,3,0,0,0,0,1,1,6,1,61,9,2143,2,4,6,1,6
2018400286266,2,9,0,13,0,3,0,0,0,0,2,1,6,2,37,7,2179,2,11,3,1,3
2018400286270,1,9,0,18,0,8,0,0,0,0,1,1,5,2,63,9,1149,1,7,3,1,3
2018400286270,2,9,0,18,0,8,0,0,7,1,4,1,1,2,23,5,1587,1,15,3,1,3
2018400286285,1,-1,0,7,0,1,0,0,0,0,1,1,6,3,-1,-1,-1,-1,-1,-1,-1,-1
2018400286285,2,9,0,7,0,1,0,0,0,0,2,1,2,2,23,5,-1,-1,-1,2,1,2
2018400286507,1,9,0,8,0,2,0,0,0,0,3,1,6,2,42,7,999,1,1,6,1,6
2018400286507,2,1,0,18,9,8,0,0,0,0,2,1,6,1,62,9,-1,-1,-1,8,1,8
2018400286509,1,3,0,14,0,0,0,0,0,0,4,1,6,1,33,6,124,1,-1,4,1,4
2018400286590,1,9,0,18,0,1,0,0,0,0,1,1,6,3,-1,-1,1910,2,12,-1,-1,-1
2018400286590,2,9,0,18,0,2,0,0,0,0,1,1,1,2,53,8,1998,8,1,8,1,8
2018400286615,1,9,0,9,0,4,0,0,0,0,3,1,6,2,26,6,1248,2,9,3,1,3
2018400286615,2,9,0,18,0,8,0,0,0,0,1,1,6,2,25,5,1598,2,7,2,1,2
2018400286633,1,9,0,9,0,3,0,0,0,0,4,1,6,2,29,6,1461,2,11,5,1,5
2018400286633,2,9,0,5,0,4,0,0,0,0,1,1,6,1,67,10,1896,2,13,3,1,3
2018400286871,1,9,0,18,0,0,1,0,0,0,1,1,6,1,35,6,1995,2,11,5,1,5
2018400286871,2,9,0,9,0,0,0,0,0,0,1,1,6,1,40,7,1229,1,10,1,1,1
2018400287023,1,8,0,18,0,0,0,0,0,0,0,1,6,3,-1,-1,-1,-1,-1,-1,-1,-1
2018400287053,1,9,0,4,0,2,0,0,1,0,2,1,6,2,48,8,1910,2,9,1,1,1
2018400287053,2,9,0,4,0,2,0,0,1,0,2,1,6,2,30,6,1598,1,3,9,1,9
2018400287053,3,9,0,4,0,2,0,0,1,0,1,1,6,3,-1,-1,1968,2,13,-1,-1,-1
2018400287130,1,9,0,5,0,1,0,0,0,0,1,1,2,2,48,8,999,1,1,4,1,4
2018400287130,2,1,0,18,0,8,0,0,0,0,1,1,2,1,24,5,-1,-1,-1,4,1,4
2018400287185,1,9,0,16,0,0,0,0,0,0,1,1,2,1,19,4,1398,1,7,10,2,10
2018400287185,2,2,0,16,0,0,0,0,0,0,2,1,1,1,16,4,49,1,8,7,3,7
2018400287301,1,9,0,17,0,8,0,0,0,0,4,1,6,1,31,6,1686,2,8,6,2,6
2018400287301,2,1,0,17,0,3,0,0,0,0,1,1,6,1,73,10,-1,-1,-1,5,1,5
2018400287337,1,9,0,18,0,0,1,0,5,0,1,1,6,2,46,8,1248,1,5,3,1,3
2018400287337,2,9,0,18,0,0,1,0,0,0,1,1,6,1,33,6,1398,1,4,3,1,3
2018400287337,3,9,0,18,0,0,1,0,0,0,1,1,6,1,51,8,2967,2,3,5,3,5
2018400287338,1,3,0,4,0,0,1,11,0,0,3,1,6,1,42,7,125,1,1,10,2,10
2018400287346,1,9,0,18,0,0,5,4,1,2,1,1,6,1,26,6,-1,-1,-1,7,2,7
2018400287346,2,9,0,2,0,0,0,0,0,0,4,1,5,3,-1,-1,1560,2,7,-1,-1,-1
2018400287347,1,9,0,5,0,6,0,0,0,0,1,1,5,2,34,6,1896,2,12,2,1,2
2018400287347,2,3,0,4,0,1,0,0,0,0,1,1,2,1,31,6,-1,-1,-1,1,1,1
2018400287403,1,9,0,5,0,4,0,0,0,0,2,1,6,2,45,7,-1,-1,-1,3,3,3
2018400287403,2,1,0,18,0,8,0,0,0,0,1,1,6,1,19,4,-1,-1,-1,3,1,3
2018400287468,1,9,0,4,0,0,0,0,0,0,1,1,5,1,-1,-1,1364,1,9,-1,-1,-1
2018400287468,2,9,0,3,0,0,0,0,0,0,2,1,5,2,57,9,1995,2,5,10,1,10
2018400287468,3,9,0,3,0,0,0,0,0,0,2,1,6,3,-1,-1,-1,-1,-1,-1,-1,-1
2018400287468,4,9,0,3,0,0,0,0,0,0,2,1,1,1,36,7,1956,2,5,3,1,3
2018400287599,1,9,0,5,0,1,0,0,0,0,1,1,6,2,77,11,1389,1,16,10,1,10
2018400287599,2,1,0,18,4,8,0,0,0,0,2,1,6,1,38,7,-1,-1,-1,10,1,10
2018400287913,1,9,0,18,0,8,0,0,0,0,3,1,6,1,-1,-1,-1,-1,-1,-1,-1,-1
2018400287913,2,1,0,9,0,8,5,0,0,0,1,1,5,1,27,6,-1,-1,-1,8,2,8
2018400287915,1,9,0,1,0,0,0,0,0,0,2,1,5,1,29,6,1560,2,12,8,1,8
2018400288006,1,9,0,13,0,0,0,0,0,0,3,1,6,2,-1,-1,-1,-1,-1,-1,-1,-1
2018400288006,2,9,0,14,0,0,0,0,0,0,4,1,6,1,21,5,1197,1,5,1,1,1
2018400288355,1,11,0,4,0,0,0,0,0,0,0,1,6,3,-1,-1,-1,-1,-1,-1,-1,-1
2018400288355,2,9,0,11,0,0,0,0,0,0,2,1,1,2,32,6,-1,-1,-1,4,1,4
2018400288398,1,19,0,18,0,1,0,0,0,0,3,1,6,1,23,5,1598,2,1,5,1,5
2018400288398,2,9,0,9,0,1,0,0,0,0,1,1,6,2,64,9,-1,-1,-1,3,2,3
2018400288398,3,9,0,18,0,1,0,0,0,0,2,1,6,1,50,8,-1,-1,-1,9,2,9
2018400288436,1,9,0,18,0,0,0,0,0,0,1,1,6,1,46,8,1686,2,6,2,1,2
2018400288491,1,10,0,5,0,3,0,0,0,0,3,1,1,1,43,7,2198,2,8,3,1,3
2018400288491,2,9,0,5,0,3,0,0,0,0,1,1,5,1,60,9,1798,1,16,7,3,7
2018400288491,3,9,0,5,0,4,0,0,0,0,1,1,1,2,40,7,1598,1,5,8,2,8
2018400288509,1,21,1,12,0,0,0,12,0,0,1,1,1,2,31,6,12740,2,4,10,2,10
2018400288509,2,-1,0,18,0,0,0,0,0,0,0,1,6,3,-1,-1,-1,-1,-1,-1,-1,-1
2018400288569,1,9,0,18,0,1,0,0,0,0,3,1,5,1,78,11,-1,-1,-1,3,1,3
2018400288678,1,9,0,9,0,1,5,0,7,4,1,1,6,1,54,8,1968,2,2,5,3,5
2018400289115,1,9,0,4,0,0,0,0,0,0,1,1,5,2,49,8,1229,1,10,3,1,3
2018400289115,2,9,0,4,0,0,0,0,0,0,2,1,5,1,54,8,-1,-1,-1,-1,-1,-1
2018400289129,1,9,0,5,0,1,5,0,0,0,3,1,6,2,47,8,1364,1,10,5,3,5
2018400289129,2,9,0,18,0,8,0,0,0,0,1,1,6,2,47,8,1798,1,8,10,1,10
2018400289174,1,9,0,18,0,8,0,0,0,0,3,1,5,2,37,7,1968,2,6,2,1,2
2018400289174,2,3,0,9,0,8,5,0,0,0,1,1,5,1,18,4,125,1,5,2,1,2
2018400289247,1,9,0,18,0,0,0,0,0,0,1,1,5,1,49,8,1560,2,5,10,2,10
2018400289327,1,19,0,18,0,0,1,0,0,0,1,1,6,1,31,6,1753,2,6,9,1,9
2018400289327,2,9,0,18,0,0,0,0,0,0,2,1,6,1,20,4,1587,1,11,4,1,4
2018400289327,3,9,0,18,0,0,0,0,0,0,1,1,6,2,42,7,1242,1,4,9,2,9
2018400289410,1,9,0,18,0,0,0,0,0,0,1,1,5,1,24,5,1796,1,12,-1,-1,-1
2018400289410,2,9,0,2,0,0,0,0,0,0,1,1,6,1,25,5,1461,2,-1,3,1,3
2018400289410,3,9,0,2,0,0,0,0,0,0,2,1,6,3,-1,-1,-1,-1,-1,-1,-1,-1
2018400289410,4,9,0,2,0,0,0,0,0,0,2,1,6,3,-1,-1,-1,-1,-1,-1,-1,-1
2018400289410,5,9,0,2,0,0,0,0,7,0,2,1,6,3,-1,-1,1108,1,29,-1,-1,-1
2018400289410,6,9,0,2,0,0,0,0,0,0,4,1,6,3,40,7,1400,2,11,4,1,4
2018400289435,1,9,0,18,0,0,1,0,7,0,1,1,5,2,34,6,1392,1,19,10,2,10
2018400289438,1,3,0,18,0,0,5,4,0,0,1,1,5,1,16,4,125,1,4,1,1,1
2018400289438,2,9,0,2,0,0,0,0,0,0,3,1,6,3,-1,-1,-1,-1,-1,-1,-1,-1