Accident_Index,Vehicle_Reference,Vehicle_Type,Towing_and_Articulation,Vehicle_Manoeuvre,Vehicle_Location-Restricted_Lane,Junction_Location,Skidding_and_Overturning,Hit_Object_in_Carriageway,Vehicle_Leaving_Carriageway,Hit_Object_off_Carriageway,1st_Point_of_Impact,Was_Vehicle_Left_Hand_Drive?,Journey_Purpose_of_Driver,Sex_of_Driver,Age_of_Driver,Age_Band_of_Driver,Engine_Capacity_(CC),Propulsion_Code,Age_of_Vehicle,Driver_IMD_Decile,Driver_Home_Area_Type,Vehicle_IMD_Decile
2018400317504,2,9,0,12,0,0,1,0,0,0,1,1,6,1,-1,-1,2494,8,-1,3,1,3
2018400317504,3,9,0,4,0,0,0,0,0,0,2,1,6,1,38,7,1461,2,1,4,1,4
2018400317504,4,9,0,4,0,0,0,0,0,0,2,1,6,1,57,9,1995,2,15,7,1,7
2018400317504,5,9,0,18,0,0,0,0,0,0,2,1,6,1,33,6,1968,2,1,7,1,7
2018400317536,1,9,0,4,0,1,0,0,0,0,1,1,1,1,36,7,-1,-1,-1,2,1,2
2018400317536,2,3,0,15,0,1,0,0,0,0,3,1,6,3,-1,-1,125,1,1,-1,-1,-1
2018400317540,1,9,0,11,0,1,0,10,6,11,4,1,6,1,19,4,1686,2,7,5,1,5
2018400317540,2,9,0,4,0,1,0,0,0,0,2,1,6,1,36,7,1560,2,1,1,1,1
2018400317556,1,9,0,18,0,2,0,0,0,0,1,1,6,2,45,7,1598,1,5,4,3,4
2018400317636,1,9,0,17,0,8,1,7,0,0,4,1,5,1,22,5,1149,1,7,4,1,4
2018400317636,2,9,0,18,0,8,0,0,0,0,2,1,6,1,-1,-1,1910,2,12,-1,-1,-1
2018400317766,1,9,0,18,0,0,5,0,0,0,1,1,2,3,-1,-1,1995,2,4,-1,-1,-1
2018400317812,1,9,0,18,0,0,0,0,0,0,1,1,6,1,30,6,1984,1,3,2,1,2
2018400317812,2,9,0,18,0,0,0,0,0,0,2,1,6,1,77,11,1560,2,8,5,1,5
2018400318007,1,9,-1,-1,-1,-1,-1,-1,-1,0,-1,1,6,2,64,9,1995,2,7,4,1,4
2018400318007,2,9,-1,-1,-1,-1,-1,-1,-1,0,-1,1,6,1,22,5,1496,2,1,10,1,10
2018400318045,1,9,0,9,0,4,0,0,0,0,1,1,6,1,46,8,1797,8,4,3,1,3
2018400318045,2,9,0,18,0,1,0,0,0,0,3,1,6,1,39,7,1988,2,13,4,1,4
2018400318074,1,9,0,18,0,0,1,0,2,10,1,1,6,2,46,8,1396,1,6,1,1,1
2018400318080,1,9,0,4,0,0,0,0,0,0,2,1,1,1,47,8,1598,2,7,-1,1,-1
2018400318080,2,9,0,4,0,0,0,0,0,0,2,1,5,1,52,8,1598,1,6,5,1,5
2018400318080,3,9,0,4,0,0,0,0,0,0,2,1,5,2,29,6,-1,-1,-1,9,1,9
2018400318080,4,9,0,4,0,0,0,0,0,0,2,1,1,1,59,9,1995,2,1,5,1,5
2018400318080,5,9,0,4,0,0,0,0,0,0,2,1,5,2,54,8,1997,1,13,5,1,5
2018400318191,1,9,0,18,9,0,0,0,1,11,1,1,6,3,-1,-1,1956,2,7,-1,-1,-1
2018400318200,1,9,0,1,0,0,0,4,0,0,2,1,5,2,49,8,1461,2,2,3,1,3
2018400318200,2,9,0,2,0,0,0,0,0,0,2,1,5,1,27,6,-1,-1,-1,5,3,5
2018400318213,1,9,0,13,0,0,0,0,7,9,4,1,6,1,25,5,1896,2,14,3,1,3
2018400318213,2,19,0,18,0,0,0,0,0,0,3,1,6,1,26,6,2198,2,6,4,1,4
2018400318269,1,1,0,18,0,0,0,0,0,0,3,1,5,1,18,4,-1,-1,-1,6,1,6
2018400318269,2,9,0,18,0,0,0,0,0,0,1,1,6,2,31,6,1598,1,11,5,1,5
2018400318288,1,21,1,18,0,1,0,0,0,0,2,1,6,1,47,8,10677,2,-1,3,1,3
2018400318288,2,21,1,18,0,1,0,0,0,0,1,1,6,1,29,6,12742,2,-1,6,1,6
2018400318355,1,2,0,18,0,8,0,0,0,0,1,1,1,1,35,6,49,1,1,4,1,4
2018400318355,2,9,0,9,0,8,0,0,0,0,3,1,5,2,27,6,1242,1,12,4,1,4
2018400318432,1,19,0,18,0,1,0,0,0,0,4,1,1,1,24,5,1995,2,3,3,1,3
2018400318432,2,9,0,18,0,1,0,0,0,0,1,1,2,2,39,7,1995,2,2,8,1,8
2018400318432,3,9,0,18,0,1,0,0,0,0,1,1,2,2,21,5,1242,1,5,3,1,3
2018400318442,1,9,0,9,0,5,0,0,0,0,4,1,6,2,31,6,-1,-1,-1,7,1,7
2018400318442,2,11,0,18,0,8,0,0,0,0,1,1,1,1,46,8,-1,-1,-1,3,1,3
2018400318618,1,9,0,4,0,4,0,0,0,0,1,1,6,3,-1,-1,999,1,3,-1,-1,-1
2018400318618,2,9,0,3,0,4,0,0,0,0,2,1,6,2,56,9,998,1,16,2,1,2
2018400318643,1,9,0,18,0,0,0,4,1,2,1,1,6,1,22,5,1197,1,4,3,1,3
2018400318643,2,9,0,2,0,0,0,0,0,0,3,1,6,1,53,8,1397,1,9,10,1,10
2018400318643,3,9,0,2,0,0,0,0,0,0,4,1,6,1,-1,-1,1329,1,8,10,1,10
2018400318644,1,9,0,10,0,6,0,0,0,0,3,1,5,2,34,6,-1,-1,-1,7,1,7
2018400318644,2,9,0,18,0,8,0,0,1,0,4,1,5,1,40,7,998,1,8,10,1,10
2018400318655,1,9,0,4,0,0,0,0,0,0,4,1,5,2,25,5,1397,1,17,8,1,8
2018400318656,1,9,0,18,0,0,0,0,0,0,4,1,5,1,70,10,1364,1,9,4,1,4
2018400318754,1,98,1,11,0,0,0,0,0,0,3,1,1,1,23,5,-1,-1,-1,-1,-1,-1
2018400318754,2,9,0,18,0,0,0,0,0,0,4,1,6,1,46,8,1242,1,1,7,1,7
2018400318803,1,9,0,9,0,3,0,0,0,0,4,1,6,1,45,7,1995,2,5,2,1,2
2018400318803,2,98,0,9,0,3,0,0,0,0,3,1,6,1,40,7,-1,-1,-1,10,2,10
2018400318924,1,9,0,16,0,0,0,0,0,0,3,1,1,1,40,7,1896,2,12,7,1,7
2018400318924,2,9,0,17,0,0,0,0,0,0,3,1,1,1,36,7,898,1,3,8,1,8
2018400318960,1,9,4,18,0,0,0,0,0,0,0,1,1,1,40,7,2982,2,5,2,1,2
2018400318960,2,5,0,18,0,0,0,0,0,0,3,1,5,1,72,10,629,1,81,9,3,9
2018400319036,1,9,0,18,0,0,0,0,0,0,2,1,6,2,39,7,1796,1,15,2,1,2
2018400319036,2,9,0,18,0,0,0,0,0,0,1,1,6,1,69,10,1086,1,12,3,1,3
2018400319049,1,9,0,18,0,3,1,10,0,0,1,1,5,2,43,7,1388,1,15,4,1,4
2018400319096,1,9,0,18,0,1,0,0,0,0,1,1,1,1,31,6,2993,2,12,10,1,10
2018400319096,2,9,0,18,0,6,0,0,0,0,3,1,6,2,60,9,-1,-1,-1,6,1,6
2018400319283,1,9,0,18,0,8,0,0,0,0,3,1,5,1,67,10,1598,1,17,6,1,6
2018400319283,2,5,0,11,0,3,2,0,6,0,4,1,5,1,31,6,599,1,13,3,1,3
2018400319310,1,9,0,18,0,8,0,0,0,0,1,1,5,2,49,8,1591,1,2,10,2,10
2018400319310,2,9,0,18,0,8,0,0,0,0,1,1,5,1,61,9,2179,2,8,10,1,10
2018400319384,1,9,0,18,0,2,0,0,0,0,3,1,5,1,57,9,1984,1,16,4,1,4
2018400319571,1,9,0,5,0,8,0,0,0,0,3,1,6,1,20,4,1242,1,7,4,1,4
2018400319571,2,9,0,18,0,8,0,0,0,0,1,1,6,2,37,7,1896,2,16,5,1,5
2018400319679,1,9,0,1,0,0,0,0,0,0,2,1,6,1,-1,-1,1364,1,9,-1,-1,-1
2018400319679,2,9,0,6,0,0,0,0,0,0,3,1,6,1,35,6,-1,-1,-1,3,1,3
2018400319684,1,9,0,14,0,1,0,0,0,0,3,1,6,3,-1,-1,2198,1,15,-1,-1,-1
2018400319684,2,9,0,2,0,1,0,0,0,0,3,1,1,1,57,9,1598,2,7,7,3,7
2018400319689,1,98,-1,-1,-1,0,-1,-1,-1,0,-1,1,2,1,27,6,-1,-1,-1,-1,-1,-1
2018400319689,2,9,-1,-1,-1,0,-1,-1,-1,0,-1,1,6,1,27,6,-1,-1,-1,2,1,2
2018400319766,1,9,0,18,0,4,0,0,0,0,1,1,2,2,42,7,1598,1,12,5,3,5
2018400319766,2,1,0,18,0,8,5,0,0,0,4,1,2,1,50,8,-1,-1,-1,2,1,2
2018400319851,1,9,0,9,0,6,0,0,0,0,3,1,6,2,52,8,1296,1,10,3,1,3
2018400319851,2,1,0,18,0,8,0,0,0,0,1,1,5,1,18,4,-1,-1,-1,2,1,2
2018400319928,1,9,0,17,0,0,1,0,7,0,4,1,6,2,43,7,2495,2,15,2,1,2
2018400319928,2,21,0,9,0,0,0,0,0,0,1,1,1,1,38,7,10837,2,4,9,1,9
2018400319975,1,9,0,9,0,5,0,0,0,0,1,1,6,3,-1,-1,1896,2,10,-1,-1,-1
2018400319975,2,9,0,18,0,1,0,0,0,0,1,1,5,1,22,5,1398,1,5,3,1,3
2018400320206,1,9,0,18,0,4,1,0,0,0,1,1,5,1,35,6,2967,2,5,8,1,8
2018400320206,2,9,0,4,0,4,0,0,0,0,2,1,5,1,63,9,1997,2,11,4,2,4
2018400320275,1,9,0,18,0,0,0,0,0,0,0,1,3,2,51,8,1198,1,4,10,1,10
2018400320275,2,1,0,18,4,0,0,0,0,0,0,1,6,1,47,8,-1,-1,-1,4,1,4
2018400320343,1,9,0,9,0,8,0,0,0,0,4,1,6,2,29,6,998,1,5,6,1,6
2018400320343,2,3,0,18,0,5,0,12,0,0,1,1,2,1,36,7,124,1,7,2,1,2
2018400320415,1,9,0,4,0,1,0,0,0,0,1,1,6,2,27,6,999,1,2,10,1,10
2018400320415,2,9,0,3,0,1,0,0,0,0,2,1,5,1,26,6,1398,1,1,3,1,3
2018400320555,1,3,0,9,0,8,1,0,0,0,0,1,1,1,59,9,124,1,9,3,1,3
2018400320821,1,9,0,17,0,0,0,0,0,0,1,1,5,2,56,9,1242,1,5,7,3,7
2018400320821,2,98,0,16,0,0,5,0,1,0,1,1,1,1,30,6,-1,-1,-1,4,1,4
2018400320869,1,9,0,18,0,0,1,0,0,0,1,1,1,1,38,7,2993,2,4,1,1,1
2018400320869,2,9,0,18,0,0,0,0,0,0,2,1,6,1,32,6,1984,1,-1,3,1,3
2018400320869,3,9,0,18,0,0,0,0,0,0,0,1,6,3,-1,-1,-1,-1,-1,-1,-1,-1
2018400320975,1,9,0,18,0,1,0,0,0,0,1,1,6,1,20,4,999,1,6,5,3,5
2018400320975,2,9,0,3,0,1,0,0,0,0,2,1,6,1,52,8,1560,2,1,5,1,5
2018400320975,3,9,0,10,0,1,0,0,0,0,2,1,6,2,27,6,1968,2,2,8,1,8
2018400320978,1,9,0,18,0,0,0,0,0,0,1,1,6,1,57,9,1339,1,14,1,1,1
2018400320978,2,9,0,18,0,0,0,0,0,0,0,1,6,1,40,7,998,1,15,1,1,1
2018400321044,1,9,0,1,0,0,0,0,0,0,4,1,6,2,20,4,2143,2,1,-1,-1,-1
2018400321358,1,9,0,5,0,4,0,0,0,0,1,1,2,2,25,5,999,1,2,8,1,8
2018400321358,2,9,0,17,0,8,0,0,1,0,4,1,2,1,58,9,1796,1,12,3,1,3
2018400321362,1,9,0,18,0,4,2,0,3,10,1,1,5,1,18,4,1229,1,12,3,2,3
2018400321399,1,9,0,4,0,1,0,0,0,0,2,1,6,1,43,7,1995,1,10,3,1,3
2018400321399,2,9,0,4,0,1,0,0,0,0,2,1,6,2,30,6,1299,1,13,1,1,1
2018400321399,3,9,0,4,0,1,0,0,0,0,2,1,6,2,37,7,2967,2,2,3,1,3
2018400321399,4,19,0,4,0,1,0,0,5,1,1,1,6,1,26,6,2402,2,13,9,1,9
2018400321487,1,9,0,5,0,5,0,0,0,0,0,1,6,2,20,4,1248,2,14,2,1,2
2018400321487,2,9,0,5,0,5,0,0,0,0,0,1,1,2,30,6,2967,2,11,1,1,1
2018400321591,1,9,0,1,0,0,0,0,0,0,2,1,5,1,59,9,1798,8,-1,1,1,1
2018400321591,2,9,0,1,0,0,0,0,0,0,2,1,6,1,59,9,1560,2,8,2,1,2
2018400321644,1,9,0,7,0,3,0,0,0,0,4,1,5,1,39,7,1598,1,14,2,1,2
2018400321644,2,9,0,9,0,3,0,0,0,0,1,1,5,2,35,6,1339,1,14,5,1,5
2018400321990,1,9,0,2,9,0,0,0,0,0,2,1,5,3,-1,-1,1686,2,8,-1,-1,-1
2018400322005,1,9,0,9,0,8,0,0,0,0,4,1,6,2,49,8,1999,2,2,9,3,9
2018400322005,2,9,0,18,0,8,0,0,0,0,3,1,6,2,65,9,2143,2,7,7,3,7
2018400322005,3,9,0,3,0,1,0,0,0,0,1,1,6,1,68,10,1968,2,8,10,1,10
2018400322057,1,9,0,1,0,1,0,0,0,0,2,1,5,2,83,11,1364,1,13,10,1,10
2018400322061,1,9,0,18,0,0,5,0,1,9,3,1,5,1,24,5,998,1,2,5,1,5
2018400322061,2,9,0,18,0,0,0,0,0,0,3,1,5,1,49,8,1968,2,8,10,3,10
2018400322083,1,9,0,14,0,1,0,0,0,0,1,1,6,1,-1,-1,1798,1,12,-1,-1,-1
2018400322083,2,3,0,8,0,4,5,0,0,0,2,1,6,1,57,9,125,1,1,10,1,10
2018400322100,1,9,0,18,0,1,0,0,0,0,1,1,5,1,82,11,1364,1,1,7,1,7
2018400322100,2,9,0,18,0,1,0,0,1,0,4,1,1,1,34,6,1997,2,5,10,1,10
2018400322113,1,9,0,5,0,5,0,0,0,0,1,1,5,2,75,10,1596,1,14,5,1,5
2018400322113,2,9,0,2,0,1,0,0,0,0,2,1,5,2,35,6,998,1,5,7,1,7
2018400322113,3,19,0,2,0,1,0,0,0,0,2,1,5,1,32,6,1968,2,2,5,1,5
2018400322165,1,-1,0,7,0,3,0,0,0,0,4,1,6,3,-1,-1,-1,-1,-1,-1,-1,-1
2018400322165,2,9,0,7,0,3,0,0,0,0,3,1,5,2,49,8,1364,1,-1,6,3,6
2018400322377,1,19,0,18,9,0,0,0,0,0,1,1,1,1,29,6,2494,2,7,3,1,3
2018400322377,2,1,0,18,9,0,0,0,0,0,3,1,1,1,35,6,-1,-1,-1,4,1,4
2018400322415,1,1,0,18,0,4,0,0,0,0,1,1,5,1,52,8,-1,-1,-1,5,1,5
2018400322415,2,9,0,9,0,4,0,0,0,0,3,1,2,1,54,8,2993,2,10,10,2,10
2018400322447,1,9,0,17,0,0,2,10,7,0,1,1,5,1,25,5,-1,-1,-1,10,1,10
2018400322485,1,9,0,9,0,2,0,0,0,0,1,1,1,2,32,6,1364,1,2,4,1,4
2018400322485,2,9,0,18,0,2,0,0,0,0,1,1,6,1,26,6,-1,-1,-1,10,2,10
2018400322570,1,5,0,16,0,0,1,0,7,0,4,1,5,1,54,8,1157,1,19,10,2,10
2018400322578,1,98,0,18,0,0,0,0,0,0,0,1,6,3,-1,-1,-1,-1,-1,-1,-1,-1
2018400322578,2,9,0,18,0,0,0,7,2,0,1,1,6,1,39,7,1998,2,11,4,1,4
2018400322602,1,19,3,3,0,0,0,0,0,0,3,1,6,1,-1,-1,1995,2,-1,9,1,9
2018400322602,2,9,0,3,0,0,0,0,0,0,4,1,5,2,31,6,1910,2,12,5,1,5
2018400322623,1,1,0,18,0,4,5,0,0,0,2,1,6,1,56,9,-1,-1,-1,8,1,8
2018400322623,2,9,0,18,0,4,0,0,0,0,1,1,6,2,31,6,1598,2,7,7,1,7
2018400322766,1,98,1,12,0,0,1,0,0,0,3,1,1,1,42,7,-1,-1,-1,-1,-1,-1
2018400322766,2,9,0,18,0,0,1,0,0,0,4,1,6,1,57,9,1956,2,6,6,1,6
2018400322841,1,3,0,4,0,1,1,0,0,0,1,1,6,1,33,6,125,1,6,3,1,3
2018400322841,2,9,0,3,0,1,0,0,0,0,2,1,6,2,84,11,1995,2,4,8,1,8
2018400322972,1,9,0,13,0,0,0,0,0,0,1,1,1,1,21,5,1461,2,4,5,1,5
2018400322972,2,9,0,2,0,0,1,0,0,0,2,1,5,3,-1,-1,1590,1,12,-1,-1,-1
2018400322977,1,9,0,9,0,1,0,0,0,0,4,1,1,2,-1,-1,1332,1,21,9,3,9
2018400322977,2,98,0,18,0,8,0,0,0,0,1,1,1,1,30,6,-1,-1,-1,7,1,7
2018400323066,1,9,0,18,0,0,0,0,0,0,1,1,1,1,20,4,1390,1,7,8,3,8
2018400323066,2,9,0,18,0,0,0,0,0,0,1,1,5,1,27,6,1956,2,5,10,1,10
2018400323185,1,9,0,18,0,1,0,0,0,0,1,1,6,1,27,6,1596,1,6,10,1,10
2018400323185,2,9,0,3,0,1,0,0,0,0,2,1,6,2,20,4,1229,1,11,8,2,8
2018400323185,3,9,0,3,0,1,0,0,0,0,2,1,6,2,52,8,-1,-1,-1,10,3,10
2018400323185,4,9,0,10,0,1,0,0,0,0,2,1,6,2,69,10,1461,2,8,8,3,8
2018400323188,1,19,0,7,0,5,0,0,0,0,4,1,5,1,53,8,2198,2,5,9,1,9
2018400323198,1,9,0,18,0,2,0,11,7,0,1,1,1,1,18,4,1396,1,5,3,1,3
2018400323310,1,21,1,18,0,0,1,4,0,0,1,1,1,1,61,9,12740,2,5,7,3,7
2018400323310,2,21,1,4,0,0,0,0,0,0,2,1,1,1,38,7,3920,2,9,7,1,7
2018400323310,3,9,0,2,6,0,0,0,0,0,2,1,5,2,34,6,1997,2,12,9,3,9
2018400323326,1,21,1,18,0,0,0,0,0,0,1,1,1,1,49,8,12900,2,7,4,1,4
2018400323326,2,9,0,2,0,0,0,0,0,0,2,1,5,2,84,11,1496,1,1,5,1,5
2018400323435,1,9,0,18,0,0,0,0,0,0,4,1,5,1,18,4,1388,1,10,9,1,9
2018400323480,1,4,0,17,0,0,0,0,1,0,1,1,5,1,51,8,350,1,35,9,3,9
2018400323506,1,9,0,18,0,1,0,7,0,0,1,1,6,2,84,11,1332,1,19,10,1,10
2018400323514,1,9,0,18,0,0,0,0,0,0,3,1,1,1,52,8,1498,1,3,1,1,1
2018400323514,2,9,0,18,0,0,0,0,7,0,1,1,5,1,26,6,1910,2,10,5,1,5
2018400323539,1,9,0,13,0,0,0,0,0,0,1,1,6,1,36,7,1124,1,15,5,3,5
2018400323539,2,9,0,18,0,0,2,0,1,0,1,1,6,2,54,8,1242,1,9,2,1,2
2018400323539,3,9,0,18,0,0,0,0,0,0,1,1,6,1,47,8,2261,1,10,8,1,8
2018400323542,1,9,0,18,0,0,0,0,0,0,1,1,5,1,36,7,1229,1,9,6,1,6
2018400323542,2,9,0,10,0,0,0,0,0,0,2,1,5,2,31,6,1229,1,12,4,1,4
2018400323595,1,9,0,4,0,0,0,0,0,0,1,1,5,1,57,9,-1,-1,-1,2,3,2
2018400323614,1,3,0,18,0,2,5,0,0,0,1,1,5,1,17,4,125,1,10,8,1,8
2018400323614,2,9,0,2,0,8,0,0,0,0,3,1,5,3,-1,-1,1988,1,14,-1,-1,-1
2018400323614,3,9,0,2,0,8,0,0,0,0,3,1,5,3,-1,-1,1591,1,2,-1,-1,-1
2018400323630,1,9,0,9,0,1,0,0,0,0,3,1,6,2,48,8,1598,1,8,4,1,4
2018400323630,2,3,0,13,0,1,5,0,0,0,4,1,2,1,22,5,125,1,2,2,1,2
2018400323631,1,9,0,17,0,0,2,0,1,9,0,1,2,1,20,4,1364,1,9,9,1,9
2018400323631,2,9,0,17,0,0,0,0,0,0,0,1,6,3,-1,-1,-1,-1,-1,-1,-1,-1
2018400323631,3,9,0,16,0,0,0,0,0,0,0,1,6,3,-1,-1,-1,-1,-1,-1,-1,-1
2018400323646,1,9,0,4,0,0,0,0,0,0,1,1,5,1,29,6,1598,1,8,10,-1,10
2018400323646,2,9,0,4,0,0,0,0,0,0,2,1,5,2,50,8,1598,1,5,5,1,5
2018400323665,1,9,0,9,0,8,0,0,0,0,1,1,5,2,65,9,1991,2,8,7,3,7
2018400323665,2,9,0,18,0,8,0,0,0,0,3,1,5,1,46,8,1560,2,11,6,1,6
2018400323686,1,5,0,11,0,3,1,7,4,0,4,1,6,1,63,9,955,1,17,5,3,5
2018400323686,2,9,0,9,0,3,0,0,0,0,3,1,6,1,71,10,1997,2,9,7,3,7
2018400323740,1,9,0,18,0,0,0,0,1,0,1,1,5,1,21,5,1968,2,1,6,1,6
2018400323825,1,19,0,18,0,0,0,0,0,0,1,1,1,1,29,6,1968,2,2,10,1,10
2018400323825,2,9,0,18,0,0,0,0,0,0,2,1,6,2,46,8,1149,1,7,6,1,6
2018400323853,1,9,0,2,0,0,0,11,0,0,4,1,6,1,-1,-1,1497,8,10,-1,-1,-1
2018400323853,2,9,0,2,0,0,0,0,0,0,0,1,1,1,45,7,1248,2,4,2,1,2
2018400323856,1,9,0,18,0,8,0,0,0,0,4,1,5,1,20,4,1896,2,11,2,1,2
2018400324078,1,9,0,18,0,4,0,0,0,0,1,1,6,2,-1,-1,1328,1,16,-1,-1,-1
2018400324078,2,3,0,18,0,4,0,0,0,0,2,1,6,1,33,6,124,1,7,5,1,5
2018400324103,1,9,0,18,0,1,0,0,0,0,1,1,2,1,22,5,1199,1,16,4,1,4
2018400324103,2,9,0,5,0,1,0,0,0,0,2,1,5,1,48,8,998,1,2,5,2,5
2018400324155,1,9,0,18,0,0,1,0,0,0,1,1,5,1,75,10,1796,1,24,2,1,2
2018400324155,2,5,0,4,0,0,5,0,0,0,2,1,2,1,28,6,599,1,15,3,1,3
2018400324161,1,9,0,12,0,0,0,0,0,0,3,1,6,3,-1,-1,-1,-1,-1,-1,-1,-1
2018400324161,2,9,0,18,0,0,0,0,0,0,4,1,5,2,34,6,2000,1,18,3,1,3
2018400324164,1,9,0,4,0,0,0,0,0,0,2,1,6,1,24,5,2143,2,4,6,3,6
2018400324164,2,19,0,18,0,0,0,0,0,0,1,1,6,1,45,7,1499,2,-1,8,1,8
2018400324175,1,9,0,17,0,0,0,0,0,0,1,1,5,2,-1,-1,2143,2,2,5,1,5
2018400324175,2,9,0,16,0,0,0,0,0,0,1,1,2,1,26,6,1781,1,17,3,1,3
2018400324242,1,9,0,18,0,0,0,0,0,0,3,1,6,2,48,8,1560,2,4,3,1,3
2018400324242,2,98,0,11,0,0,0,0,0,0,4,1,6,1,62,9,-1,-1,-1,7,3,7
2018400324256,1,9,0,18,0,0,0,0,0,0,1,1,6,1,54,8,-1,-1,-1,4,1,4
2018400324289,1,9,0,10,0,1,0,0,0,0,2,1,6,2,27,6,2143,2,-1,6,1,6
2018400324289,2,9,0,18,0,1,0,0,0,0,1,1,5,1,36,7,1797,8,8,1,1,1
2018400324311,1,1,0,18,0,1,0,0,0,0,3,1,1,1,40,7,-1,-1,-1,4,1,4
2018400324311,2,9,0,18,0,1,0,0,0,0,3,1,1,1,53,8,998,1,7,1,1,1
2018400324312,1,9,0,18,0,1,1,7,2,7,1,1,5,2,23,5,1242,1,11,7,1,7
2018400324377,1,9,0,5,0,2,0,0,0,0,2,1,6,1,37,7,-1,-1,-1,2,1,2
2018400324377,2,9,0,14,0,2,0,0,0,0,1,1,6,1,30,6,1399,1,1,3,1,3
2018400324416,1,98,0,16,0,0,0,0,0,0,3,1,6,3,-1,-1,-1,-1,-1,-1,-1,-1
2018400324416,2,21,0,17,0,0,0,0,1,0,3,1,1,1,57,9,4500,2,-1,9,2,9
2018400324421,1,9,0,18,0,0,0,0,0,0,1,1,6,3,-1,-1,-1,-1,-1,-1,-1,-1
2018400324421,2,9,0,18,0,0,0,0,0,0,2,1,6,1,21,5,1390,1,12,1,1,1
2018400324431,1,9,0,18,0,0,0,0,0,0,1,1,5,1,19,4,1149,1,8,10,1,10
2018400324431,2,9,0,4,0,0,0,0,0,0,2,1,2,2,38,7,1986,2,10,8,1,8
2018400324439,1,9,0,18,0,0,0,0,0,0,2,1,6,2,-1,-1,1598,2,8,9,2,9
2018400324439,2,9,0,18,0,0,0,0,0,0,1,1,6,3,-1,-1,1598,1,18,-1,-1,-1
2018400324477,1,9,0,18,0,0,1,11,7,2,4,1,5,1,56,9,3696,1,8,4,1,4
2018400324482,1,9,0,18,0,8,0,0,0,0,1,1,1,1,40,7,2143,2,6,5,1,5
2018400324482,2,3,0,18,0,8,0,0,0,0,1,1,6,1,20,4,125,1,7,1,1,1
2018400324513,1,9,0,18,0,1,0,0,0,0,4,1,6,2,61,9,1753,2,12,4,1,4
2018400324513,2,1,0,18,0,1,0,0,0,0,1,1,6,2,16,4,-1,-1,-1,4,3,4
2018400324597,1,9,0,18,0,4,0,0,0,0,1,1,6,1,25,5,1975,1,13,-1,-1,-1
2018400324597,2,9,0,3,0,2,0,0,0,0,2,1,5,2,26,6,2996,1,11,3,1,3
2018400324609,1,9,0,18,0,1,0,0,0,0,1,1,6,3,-1,-1,-1,-1,-1,-1,-1,-1
2018400324609,2,1,0,5,0,1,0,0,0,0,0,1,1,1,59,9,-1,-1,-1,1,1,1
2018400324782,1,9,0,18,0,0,0,0,0,0,4,1,2,1,38,7,1956,2,6,9,3,9
2018400324830,1,9,0,9,0,5,0,0,1,0,3,1,6,1,90,11,-1,-1,-1,7,1,7
2018400324830,2,9,0,18,0,8,0,0,1,0,3,1,6,2,25,5,-1,-1,-1,1,1,1
2018400324889,1,9,0,1,0,0,0,0,0,0,3,1,6,1,23,5,1595,1,11,6,1,6
2018400324900,1,9,0,6,0,0,0,0,0,0,3,1,6,1,50,8,-1,3,1,9,3,9
2018400324900,2,5,0,18,0,0,5,0,0,0,1,1,6,1,29,6,649,1,8,4,1,4
2018400324905,1,1,0,18,3,0,0,0,0,0,3,1,6,2,25,5,-1,-1,-1,2,1,2
2018400324905,2,11,0,18,3,0,0,0,0,0,1,1,6,1,45,7,7300,2,6,3,1,3
2018400324916,1,9,0,18,0,0,5,0,0,0,4,1,6,2,24,5,-1,-1,-1,7,1,7
2018400324916,2,9,0,11,0,0,0,0,0,0,1,1,5,2,38,7,998,1,2,9,1,9
2018400324987,1,1,0,18,0,0,1,0,0,0,0,1,5,1,38,7,-1,-1,-1,9,1,9
2018400325034,1,9,0,18,0,2,0,0,0,0,4,1,5,2,19,4,1242,1,10,3,1,3
2018400325047,1,9,0,12,0,0,0,0,5,0,1,1,6,2,54,8,2231,2,10,8,1,8
2018400325047,2,21,1,18,0,0,0,0,0,0,2,1,1,1,69,10,10837,2,5,4,1,4
2018400325049,1,9,0,9,0,5,0,0,0,0,1,1,5,1,49,8,1596,1,6,4,1,4
2018400325049,2,5,0,18,0,1,0,0,0,0,1,1,2,1,30,6,998,1,19,4,1,4
2018400325119,1,9,0,18,0,8,0,0,0,0,3,1,6,1,42,7,1798,8,4,3,1,3
2018400325119,2,9,0,18,0,8,0,0,0,0,4,1,6,2,27,6,1997,2,11,7,3,7
2018400325130,1,9,0,1,0,0,0,0,0,0,0,1,5,1,73,10,1248,1,1,9,2,9
2018400325143,1,9,0,4,0,1,0,0,0,0,2,1,6,2,26,6,1496,2,3,4,1,4
2018400325143,2,9,0,18,0,1,0,0,0,0,1,1,6,1,-1,-1,-1,-1,-1,-1,-1,-1
2018400325173,1,9,0,18,0,0,5,10,7,9,0,1,1,2,21,5,1248,2,8,2,1,2
2018400325174,1,19,0,1,0,0,0,0,7,0,1,1,1,1,28,6,2198,2,3,3,1,3
2018400325174,2,9,0,14,0,0,0,0,0,0,0,1,5,2,79,11,1995,2,-1,10,1,10