Accident_Index,Vehicle_Reference,Vehicle_Type,Towing_and_Articulation,Vehicle_Manoeuvre,Vehicle_Location-Restricted_Lane,Junction_Location,Skidding_and_Overturning,Hit_Object_in_Carriageway,Vehicle_Leaving_Carriageway,Hit_Object_off_Carriageway,1st_Point_of_Impact,Was_Vehicle_Left_Hand_Drive?,Journey_Purpose_of_Driver,Sex_of_Driver,Age_of_Driver,Age_Band_of_Driver,Engine_Capacity_(CC),Propulsion_Code,Age_of_Vehicle,Driver_IMD_Decile,Driver_Home_Area_Type,Vehicle_IMD_Decile
2018400325220,1,9,0,9,0,0,0,0,0,0,1,1,5,2,73,10,1339,1,5,9,1,9
2018400325220,2,9,0,9,0,0,0,0,0,0,3,1,5,2,35,6,-1,-1,-1,7,2,7
2018400325244,1,9,0,3,0,1,0,0,0,0,4,1,5,2,40,7,1997,2,9,3,1,3
2018400325244,2,1,0,18,0,1,5,8,0,0,1,1,5,1,25,5,-1,-1,-1,7,1,7
2018400325341,1,9,0,7,0,6,0,0,0,0,1,1,6,3,-1,-1,-1,-1,-1,-1,-1,-1
2018400325341,2,9,0,7,0,6,0,0,0,0,2,1,2,2,51,8,1598,1,7,8,1,8
2018400325398,1,9,-1,-1,-1,0,-1,-1,-1,0,-1,1,6,2,40,7,999,1,1,1,1,1
2018400325398,2,9,-1,-1,-1,0,-1,-1,-1,0,-1,1,6,1,26,6,1686,2,7,2,1,2
2018400325474,1,9,0,18,0,4,0,0,0,0,1,1,6,1,-1,-1,1596,1,8,6,2,6
2018400325474,2,9,0,18,0,4,0,0,0,0,2,1,6,2,43,7,1461,2,4,10,3,10
2018400325506,1,9,0,4,0,0,0,0,0,0,2,1,5,2,20,4,1229,1,11,2,1,2
2018400325506,2,9,0,18,0,0,0,0,0,0,1,1,5,1,55,8,1598,1,16,6,1,6
2018400325525,1,9,0,1,0,0,0,0,0,0,2,1,6,1,23,5,1390,1,7,10,1,10
2018400325565,1,9,0,9,0,1,0,0,0,0,1,1,5,1,89,11,1364,1,9,1,1,1
2018400325565,2,1,0,18,0,1,0,0,0,0,4,1,6,1,44,7,-1,-1,-1,2,1,2
2018400325625,1,8,0,5,0,0,0,0,0,0,0,1,2,1,29,6,1910,2,11,3,1,3
2018400325626,1,4,0,13,0,0,2,0,1,0,4,1,6,1,20,4,499,1,19,10,1,10
2018400325626,2,9,0,18,0,0,0,0,0,0,1,1,6,2,69,10,1124,1,13,8,1,8
2018400325661,1,9,0,16,0,0,0,0,0,0,1,1,6,2,17,4,999,1,2,10,2,10
2018400325661,2,9,0,17,0,0,0,0,0,0,1,1,6,2,28,6,1242,1,4,7,3,7
2018400325706,1,9,0,9,0,3,0,0,0,0,1,1,5,1,34,6,2967,2,2,9,1,9
2018400325706,2,9,0,5,0,4,0,0,0,0,4,1,5,1,82,11,1598,1,4,9,2,9
2018400325720,1,9,0,9,0,7,0,0,0,0,1,1,5,2,36,7,2771,1,19,5,1,5
2018400325720,2,2,0,14,0,7,0,0,0,0,4,1,5,1,55,8,1690,1,1,10,1,10
2018400325794,1,9,0,4,0,0,0,0,0,0,1,1,5,2,23,5,999,1,4,9,2,9
2018400325794,2,9,0,3,0,0,0,0,0,0,2,1,5,1,18,4,1969,2,3,9,1,9
2018400325794,3,9,0,3,0,0,0,0,0,0,2,1,5,1,-1,-1,1598,1,6,5,1,5
2018400325794,4,9,0,3,0,0,0,0,0,0,2,1,5,1,-1,-1,1595,1,10,-1,-1,-1
2018400325875,1,19,0,18,0,0,0,0,0,0,1,1,1,1,26,6,2499,2,3,6,3,6
2018400325875,2,9,0,18,0,0,0,0,0,0,2,1,5,1,25,5,1896,2,13,8,1,8
2018400325875,3,9,0,18,0,0,0,0,0,0,2,1,5,1,63,9,-1,-1,-1,9,3,9
2018400326014,1,9,0,18,0,8,0,0,0,0,4,1,5,1,31,6,-1,-1,-1,4,2,4
2018400326014,2,9,0,18,0,8,0,0,0,0,3,1,5,1,21,5,1686,2,15,7,1,7
2018400326052,1,20,0,9,0,1,0,0,0,0,4,1,1,1,-1,-1,-1,-1,-1,2,1,2
2018400326052,2,9,0,17,0,1,0,0,0,0,1,1,2,2,17,4,1198,1,10,5,3,5
2018400326071,1,9,0,9,0,1,0,0,0,0,3,1,6,1,56,9,1390,1,4,9,1,9
2018400326071,2,3,0,18,0,1,0,0,0,0,4,1,6,1,24,5,124,1,4,3,1,3
2018400326093,1,9,0,5,0,4,0,0,0,0,1,1,6,2,21,5,1896,2,12,3,1,3
2018400326093,2,9,0,5,0,4,0,0,0,0,2,1,6,2,38,7,1796,1,10,3,1,3
2018400326109,1,19,0,11,0,3,5,0,2,1,4,1,1,1,24,5,2298,2,2,1,1,1
2018400326109,2,19,0,18,0,8,0,0,0,0,3,1,1,1,64,9,1968,2,1,9,1,9
2018400326425,1,9,0,18,0,1,0,0,0,0,1,1,6,2,28,6,1686,2,11,1,1,1
2018400326425,2,9,0,9,0,1,0,0,0,0,3,1,6,1,46,8,1956,2,3,5,1,5
2018400326530,1,9,0,4,9,2,0,0,1,11,1,1,5,2,76,11,1596,1,2,9,1,9
2018400326563,1,9,0,18,0,0,0,0,1,10,1,1,6,1,-1,-1,1598,2,3,-1,-1,-1
2018400326642,1,9,0,4,0,0,0,0,0,0,2,1,2,2,52,8,1242,1,11,10,1,10
2018400326642,2,9,0,18,0,0,0,0,0,0,1,1,2,2,22,5,998,1,15,10,1,10
2018400326642,3,9,0,4,0,0,0,0,0,0,2,1,2,2,31,6,1499,1,3,7,1,7
2018400326698,1,9,0,7,0,2,0,0,0,0,2,1,5,2,-1,-1,-1,-1,-1,-1,-1,-1
2018400326698,2,1,0,18,0,1,5,0,0,0,1,1,4,1,13,3,-1,-1,-1,7,1,7
2018400326779,1,19,0,16,0,3,0,0,0,0,3,1,1,1,37,7,1560,2,1,3,1,3
2018400326779,2,9,0,18,0,1,0,0,0,0,3,1,5,1,87,11,1390,1,7,10,2,10
2018400326809,1,9,0,4,0,0,0,0,0,0,1,1,6,1,32,6,1591,1,10,2,1,2
2018400326809,2,9,0,4,0,0,0,0,0,0,1,1,6,1,28,6,1395,1,3,10,1,10
2018400326809,3,9,0,4,0,0,0,0,0,0,1,1,6,2,46,8,2987,2,7,6,1,6
2018400326809,4,9,0,4,0,0,0,0,0,0,2,1,6,1,43,7,1598,2,3,4,1,4
2018400326814,1,9,0,18,0,0,0,0,0,0,4,1,5,2,43,7,1461,2,1,4,1,4
2018400326852,1,9,0,18,0,0,0,0,0,0,1,1,2,1,21,5,1364,1,10,9,2,9
2018400326852,2,9,0,4,0,0,0,0,1,7,2,1,2,1,34,6,973,1,16,9,3,9
2018400326864,1,9,0,9,0,0,0,0,0,0,3,1,6,1,43,7,-1,-1,-1,10,2,10
2018400326864,2,97,0,14,0,0,0,0,0,0,1,1,6,1,47,8,-1,-1,-1,9,1,9
2018400326869,1,9,0,7,0,6,0,0,0,0,3,1,5,2,41,7,1598,1,9,9,3,9
2018400326869,2,1,0,18,0,8,5,0,0,0,3,1,5,2,45,7,-1,-1,-1,10,2,10
2018400326871,1,9,0,5,0,3,0,0,0,0,1,1,6,1,18,4,1368,1,8,4,1,4
2018400326871,2,9,0,2,0,3,0,0,0,0,2,1,2,1,34,6,1956,2,8,7,1,7
2018400326964,1,9,0,5,0,4,0,0,0,0,1,1,6,1,61,9,-1,-1,-1,9,1,9
2018400326964,2,1,0,18,0,3,0,0,0,0,3,1,6,1,73,10,-1,-1,-1,5,1,5
2018400327086,1,9,0,18,0,0,1,4,0,0,1,1,5,2,36,7,1590,1,15,5,2,5
2018400327086,2,9,0,2,0,0,0,0,0,0,1,1,6,3,-1,-1,1598,1,12,-1,-1,-1
2018400327120,1,11,0,18,0,0,0,0,0,0,1,1,1,1,-1,-1,5130,2,2,-1,-1,-1
2018400327120,2,9,0,18,0,0,0,0,0,0,2,1,1,2,36,7,1598,1,4,7,1,7
2018400327443,1,9,0,1,0,0,0,0,0,0,2,1,6,2,40,7,999,1,1,3,1,3
2018400327719,1,9,0,17,0,0,1,0,0,0,4,1,6,1,30,6,1956,2,4,3,1,3
2018400327719,2,9,0,16,0,0,1,0,0,0,4,1,6,1,-1,-1,1968,2,7,2,1,2
2018400327719,3,19,0,16,0,0,2,0,0,0,3,1,6,1,32,6,2198,2,11,5,1,5
2018400327858,1,9,0,9,0,8,0,0,0,0,1,1,5,1,53,8,1422,2,14,3,1,3
2018400327858,2,1,0,18,0,8,5,0,0,0,3,1,5,1,39,7,-1,-1,-1,3,1,3
2018400327988,1,9,0,18,0,0,0,0,0,0,1,1,6,1,42,7,1968,2,11,7,1,7
2018400327988,2,9,0,18,0,0,0,0,0,0,1,1,6,1,19,4,973,1,15,4,1,4
2018400327993,1,3,0,4,0,0,1,0,0,0,0,1,6,1,24,5,124,1,-1,1,1,1
2018400328024,1,9,0,18,0,4,0,0,0,0,1,1,6,2,25,5,1995,2,-1,3,1,3
2018400328024,2,98,0,18,0,3,0,0,0,0,4,1,1,1,24,5,-1,-1,-1,3,1,3
2018400328176,1,9,0,9,0,1,0,0,7,0,1,1,1,1,28,6,1796,1,12,3,1,3
2018400328248,1,9,0,9,0,1,0,0,0,0,0,1,2,1,26,6,1995,2,10,3,1,3
2018400328248,2,3,0,18,0,1,1,0,0,0,1,1,6,1,23,5,124,1,16,3,1,3
2018400328431,1,9,0,9,0,3,0,0,0,0,4,1,6,1,48,8,1598,1,10,2,1,2
2018400328431,2,9,0,7,0,4,0,0,0,0,1,1,1,1,48,8,1798,1,4,3,1,3
2018400328558,1,9,0,18,0,1,0,0,0,0,4,1,1,1,22,5,1242,1,18,9,1,9
2018400328558,2,9,0,9,0,1,0,0,0,0,1,1,1,2,34,6,-1,-1,-1,9,1,9
2018400328558,3,9,0,8,0,1,0,0,0,0,2,1,1,2,45,7,1587,1,12,7,1,7
2018400328558,4,9,0,8,0,1,0,0,0,0,2,1,1,1,30,6,1995,2,13,4,1,4
2018400328567,1,9,0,18,0,1,0,0,0,0,1,1,6,1,37,7,1984,1,9,2,1,2
2018400328567,2,9,0,10,0,1,0,0,0,0,2,1,6,1,17,4,1229,1,10,1,1,1
2018400328603,1,9,0,1,0,0,0,0,0,0,2,1,6,1,56,9,2926,2,15,8,1,8
2018400328615,1,9,0,10,0,1,0,0,0,0,1,1,2,1,28,6,1598,1,6,2,1,2
2018400328615,2,9,0,18,0,1,0,0,0,0,1,1,3,1,40,7,1598,1,14,2,1,2
2018400328632,1,9,0,18,0,1,0,0,0,0,1,1,6,1,22,5,2148,2,13,4,3,4
2018400328632,2,9,0,3,0,1,0,0,0,0,2,1,2,2,24,5,998,1,10,10,1,10
2018400328632,3,9,0,3,0,1,0,0,0,0,2,1,6,2,61,9,2993,2,-1,9,3,9
2018400328633,1,5,0,17,0,0,0,0,1,0,0,1,5,1,37,7,649,1,2,3,1,3
2018400328670,1,9,0,4,0,0,0,0,0,0,2,1,5,2,39,7,1995,2,5,5,1,5
2018400328670,2,9,0,18,0,0,0,0,0,0,1,1,5,1,32,6,1598,1,10,5,1,5
2018400328704,1,11,0,4,0,1,0,0,0,0,1,1,5,2,47,8,12000,2,13,3,1,3
2018400328744,1,9,0,9,0,0,0,0,0,0,3,1,1,1,44,7,1598,1,15,5,3,5
2018400328744,2,5,0,18,0,0,0,0,0,0,1,1,1,1,24,5,749,1,19,5,3,5
2018400328786,1,9,0,13,0,0,0,0,7,0,3,1,6,1,31,6,1910,2,12,2,1,2
2018400328786,2,9,0,18,0,0,0,0,1,0,3,1,6,2,19,4,1242,1,9,4,2,4
2018400328786,3,9,0,18,0,0,0,0,1,0,1,1,6,1,32,6,1149,1,16,4,1,4
2018400328837,1,9,0,9,0,8,0,0,0,0,3,1,6,2,36,7,1799,1,10,4,1,4
2018400328837,2,9,0,18,0,8,0,0,0,0,1,1,6,1,-1,-1,2993,2,11,3,1,3
2018400328950,1,9,0,18,0,0,0,7,1,9,1,1,5,1,88,11,1399,1,7,10,1,10
2018400328950,2,9,0,18,0,0,0,11,0,0,4,1,5,1,37,7,1896,2,12,4,1,4
2018400329034,1,9,0,18,0,0,0,0,0,0,1,1,3,1,-1,-1,-1,-1,-1,6,1,6
2018400329034,2,1,0,18,0,0,0,0,0,0,1,1,4,1,12,3,-1,-1,-1,10,1,10
2018400329082,1,19,0,4,0,1,0,0,0,0,1,1,6,1,38,7,2143,2,-1,6,1,6
2018400329082,2,9,0,3,0,1,0,0,0,0,2,1,6,2,59,9,1199,1,19,3,1,3
2018400329432,1,9,0,18,0,4,0,0,0,0,3,1,5,2,80,11,2685,2,14,10,1,10
2018400329432,2,1,0,18,0,8,0,0,0,0,1,1,6,1,14,3,-1,-1,-1,9,3,9
2018400329468,1,9,0,5,0,1,0,0,0,0,1,1,6,1,62,9,-1,-1,-1,8,1,8
2018400329468,2,1,0,5,0,6,5,0,0,0,4,1,4,1,10,2,-1,-1,-1,5,1,5
2018400329585,1,9,0,3,0,1,0,0,0,0,3,1,6,3,-1,-1,-1,-1,-1,-1,-1,-1
2018400329585,2,9,0,18,0,1,0,0,0,0,3,1,3,2,35,6,-1,-1,-1,4,1,4
2018400329595,1,9,0,18,0,0,0,0,0,0,1,1,1,2,54,8,1360,1,12,2,1,2
2018400329629,1,9,0,18,0,0,0,0,0,0,1,1,6,3,-1,-1,-1,-1,-1,-1,-1,-1
2018400329916,1,9,0,9,0,2,0,0,0,0,2,1,1,2,19,4,1248,2,8,10,2,10
2018400329916,2,3,0,18,0,1,1,0,0,0,1,1,1,1,18,4,125,1,6,4,1,4
2018400329939,1,9,0,5,0,0,0,0,0,0,1,1,2,2,52,8,1229,1,13,5,-1,5
2018400329939,2,9,0,18,0,0,0,0,0,0,1,1,5,1,38,7,1995,2,8,9,1,9
2018400330017,1,9,0,10,0,1,0,0,0,0,1,1,5,2,42,7,1956,2,1,3,1,3
2018400330017,2,9,0,4,0,1,0,0,0,0,1,1,5,1,52,8,1896,2,13,3,1,3
2018400330039,1,9,0,7,0,4,0,0,0,0,-1,1,6,2,38,7,1618,1,3,2,1,2
2018400330039,2,5,0,18,0,4,0,0,0,0,3,1,6,1,50,8,1284,1,11,8,2,8
2018400330044,1,9,0,4,0,1,0,0,0,0,4,1,6,3,30,6,-1,-1,-1,-1,-1,-1
2018400330044,2,1,0,18,0,1,0,0,0,0,1,1,6,1,54,8,-1,-1,-1,3,1,3
2018400330073,1,21,1,4,0,0,0,0,0,0,1,1,6,1,39,7,12419,2,5,8,3,8
2018400330073,2,21,1,4,0,0,0,0,0,0,2,1,6,1,51,8,7146,2,5,3,1,3
2018400330073,3,21,1,4,0,0,0,0,0,0,2,1,6,1,57,9,10837,2,2,7,2,7
2018400330165,1,9,0,14,0,0,0,0,0,0,4,1,6,3,-1,-1,-1,-1,-1,-1,-1,-1
2018400330165,2,1,0,16,0,0,0,0,0,0,3,1,6,1,72,10,-1,-1,-1,4,1,4
2018400330169,1,9,0,4,0,0,0,0,0,0,1,1,5,2,32,6,1685,2,1,2,1,2
2018400330169,2,9,0,3,0,0,0,0,0,0,2,1,5,2,43,7,1796,1,17,1,1,1
2018400330227,1,9,0,4,0,0,0,0,0,0,4,1,6,1,25,5,1499,1,3,4,1,4
2018400330227,2,9,0,4,0,0,0,0,0,0,3,1,6,1,25,5,1596,1,13,3,1,3
2018400330227,3,9,0,4,0,0,0,0,0,0,2,1,6,1,48,8,2143,12,5,3,1,3
2018400330227,4,9,0,4,0,0,0,0,0,0,3,1,6,2,30,6,1398,1,3,8,-1,8
2018400330287,1,9,0,16,0,0,1,0,0,0,1,1,2,1,19,4,1388,1,14,10,3,10
2018400330287,2,9,0,17,0,0,0,0,0,0,1,1,2,2,58,9,1339,1,5,10,1,10
2018400330402,1,9,0,18,0,0,2,10,7,0,1,1,5,1,47,8,1984,1,-1,9,2,9
2018400330469,1,9,0,7,0,1,0,0,0,0,1,1,6,1,28,6,1198,1,7,7,3,7
2018400330527,1,4,0,18,0,0,1,4,7,0,1,1,6,1,18,4,398,1,11,9,1,9
2018400330527,2,9,0,2,0,0,0,0,0,0,2,1,6,1,29,6,1499,2,1,3,1,3
2018400330571,1,19,0,5,8,0,0,0,0,0,3,1,1,1,21,5,2198,2,3,1,1,1
2018400330571,2,9,0,18,0,0,0,0,0,0,1,1,5,2,62,9,1598,2,5,3,1,3
2018400330573,1,98,1,12,0,0,1,0,0,0,3,1,1,1,27,6,-1,-1,-1,-1,-1,-1
2018400330573,2,9,0,18,0,0,1,0,2,0,4,1,6,1,-1,-1,1781,1,13,6,1,6
2018400330741,1,9,0,9,0,5,0,0,0,0,4,1,6,1,24,5,1390,1,19,4,1,4
2018400330741,2,9,0,18,0,1,0,0,0,0,1,1,5,1,60,9,-1,-1,-1,8,1,8
2018400330820,1,9,0,9,0,6,0,0,0,0,1,1,2,1,55,8,2494,8,1,5,3,5
2018400330820,2,5,0,14,0,1,0,0,7,0,4,1,2,1,47,8,1649,1,3,8,1,8
2018400330898,1,9,0,4,0,0,0,0,0,0,2,1,5,2,44,7,1995,2,5,3,1,3
2018400330898,2,9,0,4,0,0,0,0,0,0,2,1,5,1,29,6,1299,1,15,9,3,9
2018400330898,3,9,0,4,0,0,0,0,0,0,2,1,5,1,50,8,1595,1,13,10,1,10
2018400330898,4,9,0,4,0,0,0,0,0,0,2,1,5,1,31,6,1149,1,14,5,1,5
2018400330898,5,9,0,4,0,0,0,0,0,0,1,1,5,1,35,6,1995,1,11,6,1,6
2018400330920,1,9,0,2,0,0,0,0,0,0,0,1,6,1,54,8,1390,1,12,2,1,2
2018400330920,2,9,0,18,0,0,1,0,0,0,2,1,6,1,29,6,1998,1,15,3,1,3
2018400330920,3,21,1,18,0,0,0,0,0,0,1,1,6,1,52,8,12777,2,5,6,1,6
2018400330920,4,9,0,18,0,0,0,0,0,0,1,1,6,1,41,7,2143,2,3,10,1,10
2018400330920,5,11,0,18,0,0,0,0,0,0,4,1,6,1,62,9,9360,2,6,4,3,4
2018400330920,6,9,0,18,0,0,0,0,0,0,1,1,6,2,27,6,998,1,18,1,1,1
2018400330964,1,98,0,9,0,2,5,0,3,10,3,1,1,1,39,7,-1,-1,-1,5,1,5
2018400330964,2,19,0,18,0,1,5,0,0,0,1,1,1,1,39,7,2143,2,7,3,1,3
2018400331017,1,9,0,18,0,8,0,0,0,0,4,1,5,1,19,4,1086,1,10,3,1,3
2018400331017,2,9,0,18,0,8,0,0,0,0,1,1,5,1,26,6,1968,2,6,6,1,6
2018400331032,1,9,0,9,0,2,1,0,1,2,2,1,2,1,57,9,1400,1,12,9,1,9
2018400331032,2,9,0,18,0,1,1,0,0,0,1,1,6,1,39,7,1597,2,-1,2,1,2
2018400331138,1,9,0,18,0,0,0,0,0,0,1,1,5,2,29,6,1242,1,8,9,3,9
2018400331144,1,1,0,18,0,6,0,0,0,0,3,1,6,2,57,9,-1,-1,-1,8,1,8
2018400331144,2,9,0,9,0,2,0,0,0,0,1,1,6,2,79,11,1497,8,1,10,1,10
2018400331165,1,3,0,18,0,4,1,10,0,0,1,1,1,1,17,4,125,1,2,9,1,9
2018400331180,1,9,0,18,0,0,0,0,0,0,1,1,6,1,19,4,1498,1,1,2,1,2
2018400331180,2,9,0,18,0,0,0,0,0,0,0,1,1,1,34,6,2993,2,1,-1,-1,-1
2018400331378,1,9,0,18,0,2,0,0,0,0,1,1,6,1,23,5,1248,2,13,3,1,3
2018400331378,2,9,0,18,0,2,0,0,0,0,1,1,6,1,29,6,2000,1,8,2,1,2
2018400331403,1,97,0,16,0,3,1,11,0,0,0,1,6,1,28,6,-1,-1,-1,7,1,7
2018400331469,1,9,0,18,0,0,0,0,0,0,1,1,6,1,30,6,1984,2,4,-1,-1,-1
2018400331564,1,9,0,18,0,0,0,0,0,0,1,1,5,1,71,10,1395,1,-1,5,3,5
2018400331564,2,1,0,18,0,0,0,0,0,0,3,1,4,1,15,3,-1,-1,-1,10,2,10
2018400331614,1,9,0,18,0,8,0,0,0,0,1,1,5,2,62,9,1329,1,3,2,1,2
2018400331614,2,9,0,18,0,8,0,0,0,0,2,1,5,1,44,7,1956,2,1,1,1,1
2018400331625,1,9,0,9,0,8,0,0,0,0,1,1,5,1,48,8,1199,1,16,3,1,3
2018400331625,2,3,0,18,0,8,0,0,0,0,3,1,5,1,19,4,124,1,3,8,3,8
2018400331686,1,2,0,18,0,6,5,0,0,0,1,1,6,1,16,4,49,1,-1,2,1,2
2018400331686,2,19,0,18,0,8,0,0,0,0,4,1,6,1,22,5,2198,2,8,4,1,4
2018400331699,1,9,0,18,0,5,0,0,0,0,1,1,5,2,22,5,1968,2,1,4,1,4
2018400331699,2,9,0,18,0,5,0,0,0,0,2,1,6,1,-1,-1,1496,2,-1,-1,-1,-1
2018400331699,3,9,0,10,0,2,0,0,0,0,2,1,6,1,65,9,1598,1,2,5,1,5
2018400331839,1,9,0,1,9,0,0,0,0,0,2,1,6,1,43,7,1229,1,10,5,1,5
2018400331854,1,9,0,4,0,1,0,0,0,0,2,1,6,2,50,8,998,1,13,4,1,4
2018400331854,2,9,0,4,0,1,0,0,0,0,1,1,2,2,38,7,1248,2,4,4,1,4
2018400331874,1,9,0,18,0,0,0,10,1,0,4,1,5,1,51,8,1332,1,21,1,1,1
2018400331896,1,19,0,18,0,1,0,0,0,0,1,1,2,1,32,6,1598,2,3,1,1,1
2018400331896,2,9,0,18,0,1,0,0,0,0,1,1,2,2,33,6,2993,2,8,4,1,4
2018400332007,1,9,0,5,0,8,0,0,0,0,1,1,5,1,20,4,1399,1,1,2,1,2
2018400332007,2,9,0,18,0,1,0,0,0,0,4,1,5,2,60,9,1560,2,-1,4,1,4
2018400332012,1,9,0,18,0,0,0,0,0,0,3,1,6,2,26,6,1242,1,3,2,1,2
2018400332022,1,9,0,18,0,1,0,0,7,0,1,1,6,1,45,7,1968,2,2,9,2,9
2018400332055,1,9,0,18,0,2,0,0,0,0,1,1,5,1,26,6,1968,2,6,3,1,3
2018400332055,2,19,0,1,0,2,0,0,0,0,3,1,1,1,44,7,2179,2,12,1,1,1
2018400332124,1,9,0,13,0,0,0,0,0,0,1,1,6,1,84,11,1364,1,7,4,1,4
2018400332124,2,1,0,18,0,0,0,0,1,0,3,1,6,1,61,9,-1,-1,-1,6,1,6
2018400332124,3,9,0,18,0,0,0,0,0,0,1,1,6,2,22,5,1796,1,6,8,2,8
2018400332158,1,9,0,9,0,0,0,0,0,0,4,1,6,1,44,7,1995,2,5,2,1,2
2018400332158,2,9,0,9,0,0,0,0,0,0,3,1,6,1,40,7,2143,2,4,10,2,10
2018400332363,1,1,0,18,0,1,0,0,0,0,1,1,4,1,16,4,-1,-1,-1,10,1,10
2018400332363,2,21,0,2,0,2,0,4,0,0,0,1,1,3,-1,-1,4500,2,1,-1,-1,-1
2018400332399,1,5,0,18,0,0,0,0,0,0,1,1,6,1,19,4,689,1,3,10,1,10
2018400332399,2,9,0,3,0,0,0,0,0,0,2,1,6,1,44,7,1998,8,1,6,1,6
2018400332423,1,9,0,8,0,1,0,0,0,0,1,1,5,2,39,7,1896,2,15,3,1,3
2018400332423,2,9,0,18,0,1,0,0,0,0,1,1,5,1,29,6,1229,1,13,2,1,2
2018400332574,1,9,0,18,0,8,0,0,0,0,1,1,2,1,42,7,3248,1,20,9,3,9
2018400332574,2,9,0,9,0,8,0,0,0,0,3,1,2,1,49,8,-1,-1,-1,10,1,10
2018400332600,1,9,0,5,0,4,0,0,0,0,4,1,6,2,80,11,1986,1,5,10,3,10
2018400332600,2,9,0,3,0,4,0,0,0,0,3,1,6,2,18,4,1242,1,9,10,2,10
2018400332630,1,9,0,18,0,0,0,0,0,0,0,1,6,1,-1,-1,2993,2,1,-1,-1,-1
2018400332630,2,3,0,18,0,0,0,0,1,0,1,1,6,1,17,4,125,1,-1,2,1,2
2018400332648,1,9,0,9,0,6,0,0,0,0,1,1,1,1,22,5,-1,-1,-1,3,1,3
2018400332648,2,9,0,3,0,8,0,0,0,0,4,1,1,1,19,4,1198,1,13,4,1,4
2018400332801,1,9,0,7,0,3,0,0,0,0,4,1,6,1,18,4,1497,1,15,4,1,4
2018400332801,2,9,0,18,0,4,0,0,0,0,1,1,6,2,45,7,2231,2,11,3,1,3
2018400332823,1,9,0,9,0,8,0,0,0,0,3,1,5,2,54,8,1596,1,9,10,1,10
2018400332823,2,9,0,18,0,4,0,0,0,0,1,1,5,2,23,5,1388,1,9,2,1,2
2018400332853,1,3,0,4,0,0,1,0,0,0,3,1,5,1,20,4,125,1,9,10,3,10
2018400332878,1,9,0,4,0,0,0,0,0,0,3,1,6,1,79,11,1200,1,-1,9,1,9
2018400332878,2,9,0,4,0,0,0,0,0,0,4,1,6,1,36,7,1997,2,2,10,1,10
2018400332889,1,9,0,18,0,1,0,0,0,0,4,1,1,1,-1,-1,1968,2,5,-1,-1,-1
2018400332889,2,9,0,10,0,8,0,0,0,0,3,1,1,2,37,7,-1,-1,-1,6,1,6
2018400332925,1,9,0,18,0,8,1,0,8,0,1,1,6,1,57,9,1598,1,16,-1,-1,-1
2018400333017,1,9,0,3,0,6,0,0,0,0,1,1,6,1,36,7,1968,2,6,7,1,7
2018400333017,2,1,0,3,0,1,0,0,0,0,1,1,6,1,16,4,-1,-1,-1,-1,-1,-1
2018400333024,1,9,0,18,0,0,5,0,1,9,1,1,5,2,20,4,1199,1,18,3,1,3
2018400333033,1,9,0,7,0,7,0,0,0,0,3,1,6,2,41,7,1229,1,3,4,1,4
2018400333033,2,9,0,18,0,1,0,0,0,0,0,1,2,2,36,7,1598,1,13,4,1,4
2018400333041,1,8,0,18,0,8,0,0,0,0,1,1,1,1,55,8,1896,2,11,5,1,5
2018400333041,2,9,0,9,0,8,0,0,0,0,4,1,6,1,44,7,1995,2,8,3,2,3
2018400333094,1,9,0,18,0,8,0,0,0,0,4,1,5,2,30,6,-1,-1,-1,4,1,4
2018400333094,2,9,0,7,0,7,0,0,0,0,1,1,6,3,-1,-1,-1,-1,-1,-1,-1,-1
2018400333159,1,9,0,9,0,8,0,0,0,0,1,1,5,1,71,10,1595,1,17,1,1,1
2018400333159,2,9,0,18,0,8,1,0,0,0,4,1,6,1,20,4,1968,2,12,6,1,6
2018400333192,1,9,0,18,0,0,0,0,0,0,1,1,5,2,33,6,1339,1,10,4,1,4
2018400333202,1,9,0,18,0,0,0,0,0,0,1,1,6,3,-1,-1,1896,2,10,-1,-1,-1
2018400333202,2,1,0,2,0,0,0,0,0,0,1,1,6,1,14,3,-1,-1,-1,4,1,4
2018400333454,1,1,0,9,0,0,0,0,0,0,3,1,2,1,32,6,-1,-1,-1,2,1,2
2018400333454,2,9,0,18,0,0,0,0,0,0,1,1,6,3,-1,-1,-1,-1,-1,-1,-1,-1
2018400333460,1,9,0,18,0,1,0,0,0,0,3,1,5,1,26,6,999,1,2,3,1,3
2018400333460,2,9,0,18,0,1,0,0,1,0,1,1,5,1,34,6,-1,-1,-1,5,1,5
2018400333477,1,9,0,18,0,3,0,0,0,0,1,1,5,1,45,7,1339,1,16,9,1,9
2018400333477,2,9,0,3,0,3,0,0,0,0,2,1,5,2,47,8,1061,1,14,7,1,7
2018400333489,1,9,0,8,0,1,0,0,0,0,4,1,5,1,75,10,1999,2,1,9,1,9
2018400333489,2,9,0,18,0,1,-1,0,0,0,1,1,6,3,-1,-1,1781,1,13,2,1,2
2018400333581,1,9,0,3,0,1,0,0,0,0,1,1,6,1,20,4,1997,2,13,-1,-1,-1
2018400333581,2,9,0,3,0,1,0,0,0,0,1,1,5,2,33,6,1598,1,5,3,1,3
2018400333621,1,9,0,5,0,1,0,0,0,0,1,1,6,1,30,6,1995,2,10,2,1,2