Accident_Index,Vehicle_Reference,Vehicle_Type,Towing_and_Articulation,Vehicle_Manoeuvre,Vehicle_Location-Restricted_Lane,Junction_Location,Skidding_and_Overturning,Hit_Object_in_Carriageway,Vehicle_Leaving_Carriageway,Hit_Object_off_Carriageway,1st_Point_of_Impact,Was_Vehicle_Left_Hand_Drive?,Journey_Purpose_of_Driver,Sex_of_Driver,Age_of_Driver,Age_Band_of_Driver,Engine_Capacity_(CC),Propulsion_Code,Age_of_Vehicle,Driver_IMD_Decile,Driver_Home_Area_Type,Vehicle_IMD_Decile
2018400333621,2,9,0,17,0,5,0,0,0,0,4,1,6,1,34,6,1390,1,9,1,1,1
2018400333789,1,9,0,18,0,1,0,0,0,0,4,1,6,1,-1,-1,1896,2,16,-1,-1,-1
2018400333789,2,9,0,18,0,1,0,0,0,0,3,1,1,1,24,5,1396,1,15,2,1,2
2018400333833,1,19,0,5,0,8,0,0,0,0,1,1,1,1,71,10,2143,2,-1,2,1,2
2018400333833,2,9,0,17,0,1,0,0,0,0,4,1,5,2,26,6,1364,1,9,8,1,8
2018400333968,1,9,0,5,0,1,0,0,0,0,1,1,5,1,55,8,1968,2,4,7,1,7
2018400333968,2,3,0,5,0,1,0,0,0,0,1,1,6,1,15,3,125,1,13,4,1,4
2018400334154,1,98,1,18,0,0,0,0,0,0,3,1,6,1,46,8,-1,-1,-1,-1,-1,-1
2018400334154,2,9,0,18,0,0,0,0,0,0,4,1,6,2,21,5,1598,1,12,1,1,1
2018400334185,1,9,0,9,0,5,0,0,0,0,1,1,6,2,-1,-1,1796,1,8,-1,-1,-1
2018400334185,2,1,0,10,0,1,0,0,0,0,1,1,6,1,44,7,-1,-1,-1,1,1,1
2018400334206,1,11,0,1,0,0,0,0,0,0,0,1,1,2,41,7,-1,-1,-1,3,1,3
2018400334206,2,1,0,18,0,0,0,0,0,0,1,1,5,2,59,9,-1,-1,-1,10,2,10
2018400334206,3,1,0,4,0,0,0,0,0,0,2,1,5,1,55,8,-1,-1,-1,10,2,10
2018400334229,1,9,0,18,0,0,0,0,0,0,1,1,6,1,25,5,1299,1,10,2,1,2
2018400334377,1,9,0,17,0,8,0,0,0,0,1,1,6,1,27,6,1398,2,10,3,1,3
2018400334377,2,9,0,17,0,8,0,0,0,0,2,1,6,2,19,4,1198,1,13,1,1,1
2018400334433,1,9,0,18,0,0,1,0,0,0,1,1,6,1,21,5,-1,-1,-1,7,1,7
2018400334433,2,17,4,18,0,0,0,0,1,0,3,1,6,1,27,6,6596,2,-1,8,2,8
2018400334518,1,9,0,15,0,1,0,0,0,0,1,1,6,3,-1,-1,-1,-1,-1,-1,-1,-1
2018400334518,2,9,0,18,0,1,0,0,0,0,1,1,6,2,33,6,1390,1,23,1,1,1
2018400334518,3,11,0,18,0,1,0,0,0,0,3,1,6,1,40,7,12419,2,7,3,1,3
2018400334518,4,9,0,2,0,1,0,0,0,0,1,1,6,1,62,9,1395,1,-1,4,1,4
2018400334518,5,9,0,18,0,1,0,0,0,0,4,1,6,1,65,9,-1,-1,-1,4,1,4
2018400334520,1,5,0,13,0,0,0,0,0,0,2,1,5,2,27,6,649,1,-1,10,1,10
2018400334520,2,-1,0,18,0,0,0,0,0,0,1,1,6,3,-1,-1,-1,-1,-1,-1,-1,-1
2018400334551,1,9,0,5,0,1,0,0,0,0,1,1,5,2,-1,-1,1991,2,12,8,1,8
2018400334551,2,9,0,18,0,8,0,0,0,0,3,1,2,2,30,6,1598,1,6,2,1,2
2018400334645,1,9,0,18,0,2,0,0,0,0,1,1,6,1,24,5,1910,2,11,7,2,7
2018400334651,1,9,0,18,0,1,0,0,0,0,3,1,6,1,58,9,1598,1,18,4,1,4
2018400334651,2,9,0,5,0,1,0,0,0,0,1,1,6,1,51,8,2000,1,12,5,1,5
2018400334657,1,9,0,3,0,0,0,0,0,0,3,1,6,2,34,6,1197,1,1,8,1,8
2018400334657,2,9,0,4,0,0,0,0,0,0,3,1,6,3,-1,-1,1200,1,-1,-1,-1,-1
2018400334742,1,8,0,17,0,0,0,0,0,0,1,1,1,1,34,6,1997,2,12,2,1,2
2018400334742,2,9,0,16,0,0,0,0,0,0,1,1,2,1,18,4,1560,2,5,4,1,4
2018400334932,1,9,0,18,0,0,0,0,0,0,1,1,5,1,92,11,1560,2,9,5,3,5
2018400334932,2,98,0,2,0,0,0,0,0,0,1,1,6,3,-1,-1,-1,-1,-1,-1,-1,-1
2018400335024,1,2,0,18,0,1,0,0,0,0,1,1,6,1,16,4,49,1,4,8,1,8
2018400335024,2,9,0,18,0,1,0,0,0,0,2,1,6,1,43,7,2685,2,14,1,1,1
2018400335029,1,9,0,9,0,8,0,0,0,0,3,1,2,1,48,8,2143,2,1,8,1,8
2018400335029,2,9,0,18,0,1,0,0,0,0,4,1,2,2,24,5,1242,1,5,7,3,7
2018400335191,1,9,0,4,0,1,0,0,0,0,4,1,2,1,29,6,1598,1,7,10,2,10
2018400335191,2,1,0,9,0,1,5,0,0,0,3,1,4,1,11,3,-1,-1,-1,10,2,10
2018400335210,1,98,1,18,0,0,0,0,0,0,1,1,1,1,-1,-1,-1,-1,-1,-1,-1,-1
2018400335210,2,9,0,7,0,0,0,0,4,0,4,1,1,1,50,8,1997,2,3,7,1,7
2018400335231,1,9,0,18,0,0,0,0,0,0,1,1,6,3,-1,-1,1686,2,5,-1,-1,-1
2018400335422,1,9,0,18,0,0,0,0,0,0,1,1,5,2,58,9,1364,1,13,6,1,6
2018400335422,2,9,0,18,0,0,0,0,0,0,1,1,5,2,49,8,1398,1,10,5,1,5
2018400335488,1,9,0,18,0,1,0,0,0,0,3,1,5,1,61,9,1399,2,7,3,1,3
2018400335514,1,9,0,4,0,0,0,0,0,0,1,1,5,2,36,7,1396,1,6,1,1,1
2018400335514,2,9,0,3,0,0,0,0,0,0,2,1,5,1,44,7,1598,2,4,1,1,1
2018400335525,1,9,0,2,0,0,0,0,0,0,1,1,5,1,20,4,1398,1,3,9,2,9
2018400335606,1,9,0,7,0,4,0,0,0,0,1,1,6,3,-1,-1,973,1,16,-1,-1,-1
2018400335606,2,9,0,18,0,8,0,0,0,0,4,1,6,2,34,6,3498,1,12,4,1,4
2018400336149,1,9,0,4,0,1,0,0,0,0,2,1,5,2,47,8,1364,1,-1,2,1,2
2018400336149,2,19,0,18,0,1,0,0,0,0,1,1,1,1,23,5,1968,2,4,3,1,3
2018400336213,1,9,0,10,0,3,0,0,0,0,1,1,5,1,43,7,1598,1,13,5,1,5
2018400336225,1,9,0,18,0,0,0,0,0,0,1,1,5,1,30,6,2400,2,5,2,1,2
2018400336225,2,9,0,18,0,0,0,0,0,0,1,1,5,1,18,4,1997,2,18,-1,-1,-1
2018400336225,3,9,0,2,0,0,0,0,0,0,2,1,6,3,-1,-1,1598,1,8,-1,-1,-1
2018400336225,4,9,0,2,0,0,0,0,0,0,2,1,6,2,65,9,1997,2,11,9,2,9
2018400336225,5,19,4,18,0,0,5,0,0,0,2,1,6,1,26,6,1995,2,-1,2,1,2
2018400336236,1,9,0,3,0,0,0,0,0,0,2,1,5,1,22,5,1496,2,2,9,2,9
2018400336236,2,9,0,18,0,0,0,0,0,0,1,1,5,1,-1,-1,-1,-1,-1,-1,-1,-1
2018400336370,1,9,0,18,0,0,5,0,1,0,3,1,6,2,65,9,1598,1,8,10,2,10
2018400336405,1,9,0,3,0,0,0,0,0,0,0,1,5,1,22,5,1995,2,10,8,1,8
2018400336405,2,9,0,3,0,0,0,0,0,0,2,1,5,1,28,6,1986,2,10,9,1,9
2018400336405,3,9,0,3,0,0,0,0,7,0,1,1,5,2,49,8,1999,2,1,10,1,10
2018400336464,1,9,0,18,0,8,0,0,0,0,3,1,5,1,60,9,2179,2,5,6,2,6
2018400336492,1,9,0,12,0,0,0,0,0,0,3,1,6,1,48,8,1598,2,6,8,1,8
2018400336492,2,9,0,18,0,0,0,0,0,0,1,1,6,1,22,5,1598,1,17,3,1,3
2018400336526,1,9,0,5,0,4,0,0,0,0,3,1,6,3,-1,-1,-1,-1,-1,-1,-1,-1
2018400336526,2,1,0,9,0,8,0,0,0,0,4,1,6,1,40,7,-1,-1,-1,3,1,3
2018400336611,1,3,0,18,0,0,1,0,1,0,4,1,2,1,22,5,-1,-1,-1,5,1,5
2018400336688,1,9,-1,-1,-1,0,-1,-1,-1,0,-1,1,6,1,50,8,2179,2,6,5,1,5
2018400336707,1,9,0,18,0,1,0,0,0,0,0,1,6,1,37,7,1242,1,9,4,1,4
2018400336707,2,9,0,18,0,1,0,0,0,0,0,1,6,2,42,7,1984,1,13,2,1,2
2018400336707,3,9,0,18,0,1,0,0,0,0,0,1,6,2,28,6,1995,2,3,3,1,3
2018400336776,1,8,-1,-1,-1,-1,-1,-1,-1,0,-1,1,1,1,48,8,1896,2,9,2,1,2
2018400336843,1,9,0,13,0,0,0,0,0,0,4,1,6,1,23,5,1968,2,4,6,1,6
2018400336843,2,9,0,18,0,0,0,0,2,7,3,1,6,1,44,7,-1,-1,-1,1,1,1
2018400337025,1,9,0,5,0,4,0,0,0,0,1,1,6,1,38,7,1796,1,10,7,1,7
2018400337025,2,1,0,9,0,8,0,0,0,0,4,1,6,2,27,6,-1,-1,-1,7,1,7
2018400337150,1,8,0,6,0,2,0,0,0,0,1,1,1,1,46,8,2664,2,17,4,1,4
2018400337194,1,9,0,9,0,6,0,0,0,0,4,1,6,2,24,5,1086,1,7,10,1,10
2018400337194,2,9,0,18,0,8,0,0,0,0,3,1,6,1,46,8,1968,2,9,6,1,6
2018400337315,1,9,0,18,0,0,0,0,0,0,1,1,6,1,33,6,1998,1,10,3,-1,3
2018400337315,2,1,0,18,0,0,5,0,0,0,3,1,6,1,6,2,-1,-1,-1,8,1,8
2018400337515,1,9,0,18,0,0,0,0,0,0,1,1,6,2,18,4,973,1,18,1,1,1
2018400337630,1,1,0,12,0,0,0,0,0,0,3,1,6,1,16,4,-1,-1,-1,9,3,9
2018400337630,2,9,0,13,0,0,0,0,0,0,1,1,2,2,55,8,1339,1,7,10,2,10
2018400337635,1,9,0,18,0,0,2,0,1,0,4,1,2,1,30,6,1229,1,7,9,1,9
2018400337645,1,9,0,5,0,4,0,0,0,0,4,1,1,1,25,5,1895,1,18,3,1,3
2018400337645,2,9,0,5,0,4,0,0,0,0,1,1,2,1,44,7,2204,2,10,2,1,2
2018400337645,3,9,0,5,0,4,0,0,0,0,1,1,3,1,31,6,1984,1,1,3,1,3
2018400337652,1,9,0,16,0,0,5,0,7,9,1,1,6,1,30,6,1991,1,-1,9,3,9
2018400337689,1,9,0,4,0,4,0,0,0,0,1,1,2,1,26,6,1598,1,11,4,1,4
2018400337689,2,1,0,5,0,4,0,0,0,0,3,1,6,2,52,8,-1,-1,-1,4,1,4
2018400337716,1,9,0,4,0,4,0,0,0,0,1,1,6,2,38,7,1910,2,10,8,-1,8
2018400337716,2,9,0,18,0,3,1,0,0,0,4,1,6,2,50,8,1461,2,9,4,1,4
2018400337735,1,9,0,18,0,0,0,0,0,0,1,1,6,1,-1,-1,1199,1,17,1,1,1
2018400337762,1,5,0,7,0,1,1,0,0,0,0,1,6,1,31,6,600,1,18,3,1,3
2018400337802,1,9,0,14,0,2,0,0,0,0,1,1,6,1,65,9,1299,1,13,9,1,9
2018400337802,2,9,0,2,0,2,0,0,0,0,2,1,6,2,31,6,1968,2,3,7,3,7
2018400337802,3,9,0,2,0,2,0,0,0,0,2,1,6,1,24,5,1229,1,8,7,3,7
2018400337809,1,9,0,5,0,1,0,0,0,0,2,1,1,2,59,9,1586,1,4,7,3,7
2018400337809,2,9,0,5,0,1,0,0,0,0,1,1,6,2,37,7,2000,2,9,9,2,9
2018400337815,1,3,0,18,0,1,5,0,0,0,4,1,2,1,44,7,124,1,2,8,1,8
2018400337815,2,9,0,7,0,6,0,0,0,0,1,1,2,2,57,9,998,1,11,1,1,1
2018400337824,1,9,0,9,0,1,0,0,0,0,4,1,5,1,-1,-1,1796,1,13,3,1,3
2018400337824,2,9,0,9,0,1,0,0,0,0,1,1,6,3,-1,-1,1995,2,8,-1,-1,-1
2018400337825,1,9,0,18,0,0,0,0,0,0,1,1,6,1,33,6,1560,2,9,10,1,10
2018400337825,2,9,0,18,0,0,0,0,7,9,1,1,6,1,18,4,999,1,13,9,2,9
2018400337844,1,9,0,18,0,0,0,0,0,0,2,1,6,2,32,6,1339,1,13,3,1,3
2018400337849,1,9,0,5,0,0,0,0,0,0,1,1,2,1,40,7,1796,1,13,3,1,3
2018400337849,2,9,0,4,0,0,0,0,0,0,2,1,2,2,50,8,2143,2,3,7,3,7
2018400337856,1,9,0,7,0,3,0,0,0,0,1,1,6,1,-1,-1,1390,1,16,3,1,3
2018400337856,2,9,0,4,0,1,0,0,0,0,1,1,5,2,-1,-1,1490,1,12,4,1,4
2018400337908,1,9,0,7,0,8,0,0,0,0,4,1,6,3,-1,-1,-1,-1,-1,-1,-1,-1
2018400337908,2,1,0,18,0,8,5,0,0,0,3,1,2,1,31,6,-1,-1,-1,-1,-1,-1
2018400337947,1,9,0,9,0,1,0,0,0,0,1,1,5,2,22,5,1598,1,16,2,1,2
2018400337947,2,9,0,18,0,1,0,0,0,0,2,1,5,2,20,4,1984,1,9,2,1,2
2018400337991,1,9,0,18,0,1,0,0,0,0,1,1,6,1,41,7,2987,2,3,2,1,2
2018400337991,2,9,0,3,0,1,0,0,0,0,2,1,5,2,27,6,1598,1,13,3,1,3
2018400337991,3,9,0,3,0,4,0,0,0,0,2,1,5,1,48,8,2979,1,15,5,1,5
2018400338103,1,9,0,17,0,0,1,10,1,2,4,1,2,2,46,8,2438,1,19,3,1,3
2018400338127,1,9,0,18,0,0,0,0,0,0,0,1,1,1,38,7,-1,-1,-1,-1,-1,-1
2018400338127,2,9,0,18,0,0,0,0,0,0,1,1,6,3,-1,-1,1986,2,12,-1,-1,-1
2018400338127,3,9,0,18,0,0,0,0,7,9,2,1,6,2,52,8,1368,1,8,6,3,6
2018400338166,1,9,0,18,0,0,0,7,7,7,3,1,5,1,-1,-1,1951,2,15,-1,-1,-1
2018400338192,1,9,0,2,0,0,0,0,0,0,2,1,5,3,-1,-1,-1,-1,-1,-1,-1,-1
2018400338192,2,3,0,18,0,0,0,4,0,0,1,1,5,3,-1,-1,125,1,7,-1,-1,-1
2018400338194,1,98,-1,18,0,0,0,0,0,0,4,1,1,1,-1,-1,-1,-1,-1,1,1,1
2018400338209,1,9,0,4,0,1,0,0,0,0,2,1,6,1,25,5,1398,1,-1,6,2,6
2018400338209,2,9,0,4,0,1,0,0,0,0,2,1,6,1,50,8,1560,2,10,4,1,4
2018400338209,3,9,0,18,0,1,0,0,0,0,1,1,5,1,28,6,1349,1,5,4,1,4
2018400338345,1,8,0,18,0,3,0,0,0,0,1,1,6,1,78,11,1968,2,8,4,1,4
2018400338345,2,9,0,5,0,4,0,0,0,0,4,1,6,1,20,4,1242,1,3,7,1,7
2018400338355,1,9,0,3,0,1,0,0,0,0,1,1,1,2,53,8,2967,2,12,8,1,8
2018400338355,2,9,0,4,0,1,0,0,0,0,2,1,5,1,24,5,1595,1,15,3,1,3
2018400338380,1,9,0,7,0,1,0,0,0,0,1,1,5,1,57,9,2000,2,13,2,1,2
2018400338380,2,5,0,18,0,6,0,0,0,0,3,1,6,2,56,9,599,1,15,2,1,2
2018400338455,1,19,0,18,0,0,0,0,0,0,4,1,2,1,31,6,2402,2,16,3,1,3
2018400338455,2,9,0,18,0,0,0,0,0,0,2,1,2,1,23,5,-1,-1,-1,8,3,8
2018400338482,1,9,0,18,0,8,0,0,1,1,1,1,5,1,23,5,1984,1,12,3,1,3
2018400338482,2,9,0,18,0,8,0,0,7,11,1,1,5,1,41,7,2993,2,1,-1,-1,-1
2018400338482,3,9,0,18,0,1,0,0,0,0,0,1,1,1,18,4,1799,1,10,-1,-1,-1
2018400338482,4,9,0,2,0,2,0,0,0,0,1,1,6,3,-1,-1,1598,2,6,-1,-1,-1
2018400338482,5,9,0,2,0,2,0,0,0,0,3,1,6,3,-1,-1,1398,1,15,-1,-1,-1
2018400338482,6,9,0,2,0,2,0,0,0,0,2,1,6,3,-1,-1,1386,1,11,-1,-1,-1
2018400338520,1,9,0,18,0,0,0,0,7,0,1,1,6,2,49,8,1598,1,6,9,2,9
2018400338614,1,5,0,18,0,3,2,0,0,0,4,1,5,1,30,6,689,1,2,10,2,10
2018400338897,1,9,0,18,0,0,0,0,0,0,1,1,1,2,40,7,1598,1,11,4,1,4
2018400338897,2,9,0,18,0,0,0,0,0,0,1,1,2,2,29,6,1388,1,11,2,1,2
2018400338951,1,9,0,18,0,1,0,0,0,0,1,1,6,2,-1,-1,-1,-1,-1,-1,-1,-1
2018400338951,2,9,0,18,0,4,0,0,0,0,2,1,1,1,37,7,1796,1,12,4,1,4
2018400339043,1,9,0,16,0,0,5,0,7,0,3,1,5,2,17,4,1242,1,11,4,2,4
2018400339047,1,98,1,18,0,0,1,0,0,0,3,1,1,1,57,9,-1,-1,-1,-1,-1,-1
2018400339047,2,9,0,18,0,0,1,0,0,0,4,1,2,1,22,5,1560,2,5,3,1,3
2018400339277,1,-1,0,18,9,0,0,0,1,0,1,1,6,3,-1,-1,-1,-1,-1,-1,-1,-1
2018400339325,1,1,0,18,0,2,0,0,0,0,3,1,6,1,-1,-1,-1,-1,-1,5,1,5
2018400339325,2,9,0,13,0,2,0,0,0,0,4,1,1,2,59,9,1400,1,12,3,1,3
2018400339408,1,9,0,4,0,0,0,0,0,0,2,1,2,1,22,5,1896,2,14,2,1,2
2018400339408,2,9,0,4,0,0,1,0,0,0,1,1,2,1,21,5,1995,2,12,4,1,4
2018400339419,1,19,0,18,0,4,0,0,0,0,1,1,6,1,37,7,2198,2,8,1,1,1
2018400339419,2,9,0,9,0,8,0,0,0,0,2,1,6,1,40,7,1560,2,5,3,1,3
2018400339570,1,9,0,18,0,0,0,0,0,0,1,1,2,2,26,6,1997,2,3,3,1,3
2018400339687,1,9,0,16,0,1,0,0,0,0,1,1,1,1,28,6,1896,2,19,2,1,2
2018400339687,2,98,0,10,0,1,0,0,0,0,4,1,5,1,74,10,-1,-1,-1,7,3,7
2018400339737,1,9,0,18,0,8,0,0,0,0,1,1,6,1,24,5,1499,2,3,3,1,3
2018400339737,2,9,0,9,0,8,0,0,0,0,1,1,6,1,51,8,1497,8,4,7,1,7
2018400339740,1,9,0,18,0,0,0,0,0,0,1,1,5,1,28,6,2993,2,2,6,1,6
2018400339740,2,9,0,1,0,0,0,0,0,0,2,1,6,3,-1,-1,1598,1,16,-1,-1,-1
2018400339763,1,17,4,9,0,3,0,0,0,0,0,1,1,1,47,8,3331,2,5,10,2,10
2018400339763,2,5,0,13,0,1,0,0,0,0,0,1,5,1,67,10,781,1,20,7,1,7
2018400339780,1,9,0,4,0,1,0,0,0,0,4,1,5,1,39,7,1984,1,7,5,3,5
2018400339780,2,98,0,18,0,1,0,0,0,0,3,1,6,3,-1,-1,-1,-1,-1,-1,-1,-1
2018400339803,1,98,1,11,0,0,0,0,0,0,3,1,1,1,32,6,-1,-1,-1,-1,-1,-1
2018400339803,2,9,0,18,0,0,0,0,0,0,4,1,6,1,22,5,1199,1,15,9,2,9
2018400339819,1,9,0,3,0,1,0,0,0,0,1,1,6,1,37,7,1896,2,9,1,1,1
2018400339819,2,9,0,18,0,1,0,0,0,0,2,1,6,2,52,8,1229,1,10,9,1,9
2018400339865,1,9,0,18,0,2,0,0,0,0,1,1,5,1,69,10,1398,1,-1,4,1,4
2018400339892,1,9,0,15,0,1,0,0,0,0,3,1,6,1,-1,-1,-1,-1,-1,-1,-1,-1
2018400339892,2,5,0,18,0,1,1,0,0,0,4,1,5,1,29,6,955,1,19,2,1,2
2018400339903,1,9,0,18,0,0,0,0,0,0,1,1,1,1,69,10,1560,2,2,10,2,10
2018400339903,2,19,0,18,0,0,0,0,0,0,2,1,1,1,35,6,1995,2,1,6,1,6
2018400339944,1,9,0,18,0,0,0,0,0,0,1,1,1,1,-1,-1,3500,2,-1,-1,-1,-1
2018400339944,2,1,0,4,0,0,0,0,0,0,2,1,1,2,31,6,-1,-1,-1,3,1,3
2018400339959,1,9,0,9,0,2,0,0,0,0,1,1,5,2,40,7,1560,2,8,2,1,2
2018400339959,2,9,0,17,0,2,0,0,0,0,1,1,5,1,20,4,1341,1,15,7,1,7
2018400340004,1,9,0,5,0,0,0,0,0,0,3,1,3,2,46,8,1362,1,5,9,1,9
2018400340005,1,9,0,18,0,1,0,0,0,0,1,1,6,1,-1,-1,1968,2,9,4,1,4
2018400340085,1,9,1,18,0,0,0,0,0,0,1,1,1,1,28,6,-1,-1,-1,1,1,1
2018400340085,2,9,0,18,0,0,0,0,0,0,4,1,5,1,32,6,2179,2,10,4,1,4
2018400340111,1,-1,0,7,0,2,0,0,0,0,1,1,6,1,-1,-1,-1,-1,-1,-1,-1,-1
2018400340179,1,21,1,4,0,0,0,0,0,0,1,1,1,1,54,8,12900,2,4,1,1,1
2018400340179,2,9,0,4,0,0,0,0,0,0,2,1,5,2,38,7,1896,2,14,4,1,4
2018400340215,1,9,0,17,0,2,0,0,1,9,1,1,6,1,18,4,1364,1,3,10,1,10
2018400340277,1,9,0,17,0,0,2,0,7,1,1,1,2,1,34,6,1796,1,17,2,1,2
2018400340315,1,9,0,18,0,1,0,0,0,0,1,1,6,1,23,5,1598,1,19,4,1,4
2018400340315,2,9,0,2,0,1,0,0,0,0,1,1,6,2,37,7,1598,2,3,2,1,2
2018400340338,1,9,0,5,0,3,0,0,0,0,3,1,6,2,20,4,1390,1,7,6,1,6
2018400340338,2,1,0,18,0,3,0,0,0,0,1,1,6,1,61,9,-1,-1,-1,2,1,2
2018400340352,1,9,0,18,0,1,0,0,0,0,1,1,6,1,47,8,1597,1,9,2,1,2
2018400340352,2,21,1,18,0,5,0,0,0,0,2,1,6,1,55,8,12740,2,2,7,1,7
2018400340365,1,9,0,18,9,0,0,0,0,0,1,1,6,2,21,5,999,1,7,10,2,10
2018400340365,2,1,0,18,9,0,0,0,0,0,4,1,6,1,9,2,-1,-1,-1,4,1,4
2018400340391,1,9,0,5,0,1,0,0,0,0,1,1,2,1,35,6,1685,2,4,3,1,3
2018400340391,2,1,0,4,0,6,0,0,0,0,3,1,2,1,37,7,-1,-1,-1,7,1,7
2018400340415,1,19,0,18,0,1,0,0,0,0,4,1,1,2,43,7,2143,2,-1,7,1,7
2018400340415,2,9,0,18,0,1,0,0,0,0,4,1,5,1,73,10,998,1,6,9,1,9
2018400340434,1,9,0,18,0,0,0,0,0,0,4,1,5,1,33,6,1596,1,11,3,1,3
2018400340436,1,9,0,9,0,1,0,0,0,0,3,1,2,1,20,4,1686,2,13,10,2,10
2018400340436,2,9,0,18,0,1,0,0,0,0,1,1,2,2,21,5,1197,1,2,9,1,9
2018400340480,1,19,0,9,0,4,0,0,0,0,3,1,1,1,21,5,2148,2,10,10,1,10
2018400340480,2,19,0,18,0,3,0,0,0,0,4,1,1,1,70,10,1560,2,7,9,3,9
2018400340531,1,9,0,18,0,3,0,0,0,0,1,1,5,1,25,5,1968,2,11,9,2,9
2018400340531,2,9,0,18,0,4,0,0,0,0,3,1,1,1,27,6,1998,2,8,8,1,8
2018400340531,3,98,0,18,0,3,0,0,0,0,3,1,5,1,23,5,-1,-1,-1,2,1,2
2018400340616,1,9,0,16,9,8,1,0,1,2,1,1,6,1,20,4,4395,1,-1,5,1,5
2018400340616,2,9,0,2,9,1,0,0,0,0,1,1,6,3,-1,-1,-1,-1,-1,-1,-1,-1
2018400340616,3,9,0,2,5,8,0,0,0,0,2,1,6,3,-1,-1,-1,-1,-1,-1,-1,-1
2018400340651,1,19,0,2,0,0,0,0,0,0,0,1,6,1,-1,-1,2198,2,6,-1,-1,-1
2018400340651,2,3,0,18,0,0,2,0,0,0,4,1,6,1,33,6,124,1,5,10,1,10
2018400340668,1,19,0,18,7,0,0,4,0,0,1,1,1,1,38,7,1968,2,7,8,1,8
2018400340668,2,98,1,2,6,0,0,0,0,0,2,1,1,1,76,11,-1,-1,-1,-1,-1,-1
2018400340674,1,9,0,18,0,8,0,0,0,0,1,1,2,1,-1,-1,2000,2,12,9,1,9
2018400340674,2,9,0,18,0,8,0,0,0,0,2,1,5,1,35,6,999,1,1,4,1,4
2018400340715,1,9,0,9,0,1,0,0,0,0,3,1,5,2,36,7,1497,8,10,2,1,2
2018400340715,2,-1,0,18,0,1,0,0,0,0,4,1,6,3,-1,-1,-1,-1,-1,-1,-1,-1
2018400340725,1,9,0,18,0,0,0,0,0,0,1,1,1,1,-1,-1,2993,2,1,-1,-1,-1
2018400340725,2,9,0,18,0,0,0,0,0,0,1,1,1,1,-1,-1,-1,-1,-1,-1,-1,-1
2018400340725,3,9,0,18,0,0,0,0,0,0,1,1,5,3,-1,-1,2967,2,5,-1,-1,-1
2018400340734,1,9,0,18,0,0,0,0,0,0,2,1,6,1,56,9,1395,1,-1,10,1,10
2018400340734,2,9,0,18,0,0,0,0,0,0,1,1,6,2,33,6,1390,1,12,2,1,2
2018400340746,1,9,0,17,0,0,0,0,0,0,1,1,6,1,27,6,1799,1,10,4,1,4
2018400340746,2,9,0,16,0,0,0,0,0,0,1,1,6,2,30,6,1968,2,11,4,1,4
2018400340813,1,9,0,5,0,1,0,0,1,0,1,1,1,2,22,5,1299,1,16,8,1,8
2018400340813,2,9,0,18,0,1,0,0,0,0,4,1,3,2,27,6,1496,2,-1,8,-1,8
2018400340837,1,1,0,18,0,1,0,0,0,0,1,1,6,1,11,3,-1,-1,-1,4,2,4
2018400340837,2,9,0,18,0,1,0,0,0,0,3,1,5,2,46,8,1200,1,-1,5,-1,5
2018400340849,1,9,0,3,0,1,5,0,0,0,1,1,5,1,17,4,1197,1,3,9,1,9
2018400340849,2,9,0,7,0,1,0,0,0,0,2,1,5,2,38,7,1994,2,10,9,3,9
2018400340874,1,9,0,18,0,1,0,0,0,0,1,1,5,2,26,6,1248,2,9,8,1,8
2018400340874,2,9,0,4,0,1,0,0,0,0,2,1,5,1,63,9,1364,1,4,5,1,5
2018400340906,1,21,1,9,0,8,5,0,1,0,4,1,1,1,58,9,12900,2,8,4,1,4
2018400340947,1,9,0,18,0,0,0,0,0,0,1,1,6,1,76,11,1360,1,11,2,1,2
2018400340974,1,1,0,5,0,6,0,0,0,0,1,1,5,1,48,8,-1,-1,-1,5,1,5
2018400340974,2,19,0,5,0,1,0,0,0,0,4,1,5,1,30,6,1995,2,10,7,1,7
2018400340984,1,9,0,18,0,1,0,0,0,0,1,1,6,1,37,7,6209,1,11,5,3,5
2018400340984,2,19,0,9,0,2,0,0,0,0,3,1,1,1,78,11,2798,2,15,9,1,9
2018400341000,1,9,0,18,0,8,0,0,0,0,4,1,6,1,64,9,1597,2,5,8,1,8
2018400341000,2,9,0,18,0,8,0,0,0,0,1,1,6,3,-1,-1,-1,-1,-1,-1,-1,-1
2018400341007,1,8,0,5,0,2,0,0,0,0,3,1,1,1,46,8,1956,2,7,1,1,1
2018400341007,2,3,0,14,0,2,0,0,0,0,4,1,6,1,38,7,124,1,1,7,2,7
2018400341121,1,9,0,5,0,0,0,0,0,0,1,1,6,3,-1,-1,-1,-1,-1,-1,-1,-1
2018400341121,2,9,0,10,0,0,0,0,0,0,2,1,6,2,59,9,1199,1,-1,4,1,4
2018400341217,1,9,0,18,0,1,0,0,0,0,1,1,5,1,32,6,1598,1,1,3,1,3
2018400341217,2,9,0,4,0,1,0,0,0,0,2,1,5,1,25,5,1598,2,-1,5,1,5
2018400341434,1,5,0,18,0,8,1,0,0,0,4,1,2,1,31,6,942,1,3,5,1,5