Accident_Index,Vehicle_Reference,Vehicle_Type,Towing_and_Articulation,Vehicle_Manoeuvre,Vehicle_Location-Restricted_Lane,Junction_Location,Skidding_and_Overturning,Hit_Object_in_Carriageway,Vehicle_Leaving_Carriageway,Hit_Object_off_Carriageway,1st_Point_of_Impact,Was_Vehicle_Left_Hand_Drive?,Journey_Purpose_of_Driver,Sex_of_Driver,Age_of_Driver,Age_Band_of_Driver,Engine_Capacity_(CC),Propulsion_Code,Age_of_Vehicle,Driver_IMD_Decile,Driver_Home_Area_Type,Vehicle_IMD_Decile
2018400341443,1,9,0,13,0,0,1,0,7,4,3,1,6,1,22,5,1984,1,12,4,1,4
2018400341443,2,9,0,18,0,0,5,0,0,0,1,1,6,2,57,9,1995,2,13,7,3,7
2018400341443,3,9,0,18,0,0,1,0,0,0,1,1,6,2,35,6,1968,2,3,10,1,10
2018400341450,1,9,0,3,0,0,0,0,0,0,1,1,6,2,20,4,1086,1,13,6,2,6
2018400341450,2,9,0,4,0,0,0,0,0,0,2,1,6,2,32,6,1799,1,12,9,2,9
2018400341481,1,9,0,9,0,6,0,0,0,0,1,1,2,1,52,8,1995,2,16,1,1,1
2018400341481,2,9,0,18,0,8,0,0,0,0,1,1,5,2,33,6,1910,2,13,4,1,4
2018400341481,3,9,0,2,0,1,0,0,0,0,1,1,6,1,28,6,1124,1,9,1,1,1
2018400341481,4,9,0,2,0,1,0,0,0,0,1,1,6,1,50,8,-1,-1,-1,10,1,10
2018400341567,1,9,0,18,0,0,0,0,0,0,1,1,5,1,32,6,1968,2,10,2,1,2
2018400341679,1,9,-1,-1,-1,4,-1,-1,-1,0,1,1,6,1,-1,-1,1995,2,12,-1,-1,-1
2018400341679,2,9,-1,-1,-1,4,-1,-1,-1,0,-1,1,5,1,42,7,1560,2,7,7,1,7
2018400341705,1,19,0,18,0,0,5,0,0,0,1,1,5,1,29,6,1248,2,7,9,1,9
2018400341705,2,9,0,2,0,0,0,4,0,0,2,1,5,3,-1,-1,1242,1,11,-1,-1,-1
2018400341774,1,9,0,18,0,2,1,0,0,0,1,1,5,1,17,4,1390,1,10,5,1,5
2018400341774,2,9,0,14,0,1,0,0,0,0,1,1,5,2,33,6,1896,2,12,2,1,2
2018400341800,1,9,0,9,0,1,0,0,0,0,1,1,5,1,85,11,1686,2,8,4,1,4
2018400341800,2,9,0,18,0,5,0,0,0,0,4,1,2,1,58,9,1560,2,3,2,1,2
2018400341944,1,9,0,13,0,0,0,0,0,0,4,1,6,1,36,7,-1,-1,-1,2,1,2
2018400341944,2,9,0,18,0,0,0,0,0,0,3,1,6,1,21,5,1995,2,12,7,3,7
2018400341977,1,9,0,1,9,0,0,0,0,0,2,1,5,1,36,7,1240,1,15,5,1,5
2018400342057,1,9,0,15,0,0,0,0,0,0,4,1,1,2,56,9,1400,1,10,9,1,9
2018400342057,2,9,0,2,0,0,0,0,0,0,3,1,5,2,-1,-1,998,1,1,-1,-1,-1
2018400342291,1,1,0,18,0,1,0,0,0,0,1,1,2,1,17,4,-1,-1,-1,2,1,2
2018400342291,2,9,0,7,0,1,0,0,0,0,1,1,2,1,19,4,1198,1,6,3,1,3
2018400342464,1,1,0,9,0,0,0,0,0,0,1,1,4,1,16,4,-1,-1,-1,4,1,4
2018400342464,2,9,0,18,0,0,0,0,0,0,3,1,6,1,56,9,1995,2,1,3,1,3
2018400342506,1,9,0,9,0,1,0,0,0,0,3,1,6,2,-1,-1,999,1,2,9,1,9
2018400342506,2,9,0,18,0,1,0,0,0,0,1,1,6,2,-1,-1,1198,1,11,9,1,9
2018400342617,1,16,0,18,0,0,0,0,0,0,0,1,5,2,60,9,-1,-1,-1,8,3,8
2018400342617,2,11,0,4,0,0,0,0,0,0,0,1,1,1,56,9,9600,2,21,10,1,10
2018400342635,1,9,0,18,0,0,0,0,0,0,1,1,2,2,24,5,1596,1,9,5,1,5
2018400342635,2,9,0,4,0,0,0,0,0,0,2,1,2,1,25,5,1968,2,5,2,1,2
2018400342646,1,9,0,4,0,1,0,0,0,0,1,1,1,1,46,8,1998,1,4,6,1,6
2018400342646,2,19,0,4,0,1,0,0,0,0,2,1,1,2,42,7,1560,2,4,7,1,7
2018400342664,1,21,1,9,0,8,5,0,0,0,4,1,1,1,39,7,12419,2,3,3,1,3
2018400342748,1,9,0,5,0,6,0,0,0,0,3,1,6,1,35,6,-1,-1,-1,-1,-1,-1
2018400342748,2,9,0,18,0,8,0,0,0,0,1,1,1,2,41,7,1248,2,11,5,1,5
2018400342792,1,98,-1,-1,-1,0,-1,-1,-1,0,4,1,6,1,38,7,-1,-1,-1,-1,-1,-1
2018400342792,2,9,-1,-1,-1,0,-1,-1,-1,0,4,1,5,1,46,8,1950,2,2,2,1,2
2018400342809,1,1,0,18,0,0,5,0,0,0,3,1,6,2,12,3,-1,-1,-1,3,1,3
2018400342809,2,98,0,18,0,0,0,0,0,0,2,1,6,1,53,8,-1,-1,-1,2,1,2
2018400342925,1,9,0,-1,-1,0,-1,-1,-1,0,-1,1,6,1,55,8,1364,2,8,4,1,4
2018400342982,1,9,0,13,0,8,0,0,0,0,1,1,6,3,-1,-1,-1,-1,-1,-1,-1,-1
2018400342982,2,9,0,9,0,8,0,0,0,0,3,1,5,1,20,4,998,1,13,6,1,6
2018400343028,1,-1,-1,5,0,1,0,0,0,0,1,1,6,1,20,4,-1,-1,-1,-1,-1,-1
2018400343028,2,9,-1,-1,-1,-1,-1,-1,-1,0,-1,1,2,1,67,10,1984,1,12,5,1,5
2018400343082,1,9,0,10,0,1,0,0,0,0,3,1,2,2,42,7,1968,2,-1,5,3,5
2018400343133,1,9,0,10,0,1,0,0,0,0,3,1,3,2,40,7,1598,1,4,6,1,6
2018400343133,2,1,0,18,0,1,0,0,0,0,1,1,6,1,9,2,-1,-1,-1,6,1,6
2018400343285,1,9,0,9,0,6,0,0,0,0,3,1,2,2,24,5,1229,1,5,4,3,4
2018400343285,2,9,0,18,0,8,0,0,0,0,1,1,2,2,27,6,2926,2,14,5,1,5
2018400343394,1,98,1,12,0,0,0,0,0,0,3,1,1,1,53,8,-1,-1,-1,-1,-1,-1
2018400343394,2,9,0,18,0,0,0,0,0,0,4,1,1,2,27,6,-1,-1,-1,1,1,1
2018400343397,1,9,-1,18,0,8,0,0,0,0,1,1,6,3,-1,-1,-1,-1,-1,-1,-1,-1
2018400343452,1,19,0,4,0,0,0,0,0,0,2,1,1,1,48,8,2477,2,3,7,1,7
2018400343452,2,19,0,4,0,0,0,0,0,0,1,1,1,1,43,7,1560,2,4,3,1,3
2018400343452,3,19,0,4,0,0,1,0,0,0,1,1,1,1,53,8,2143,2,2,3,1,3
2018400343503,1,98,1,12,0,0,0,0,0,0,1,1,5,1,46,8,-1,-1,-1,-1,-1,-1
2018400343503,2,9,0,18,0,0,2,0,0,0,1,1,1,2,26,6,1299,1,14,10,2,10
2018400343632,1,19,0,16,0,1,0,0,0,0,1,1,5,1,37,7,1995,2,-1,1,1,1
2018400343632,2,9,0,9,0,2,0,0,0,0,3,1,5,1,64,9,1598,1,13,5,1,5
2018400343642,1,9,0,18,0,0,1,0,0,0,1,1,5,2,37,7,1388,1,14,6,3,6
2018400343700,1,9,0,18,0,1,0,0,0,0,4,1,6,1,25,5,1797,8,8,3,1,3
2018400343700,2,9,0,18,0,6,0,0,0,0,1,1,6,1,36,7,1686,2,14,5,1,5
2018400343724,1,9,0,5,0,4,0,0,3,0,2,1,6,1,30,6,1995,2,5,-1,-1,-1
2018400343724,2,9,0,18,0,1,0,0,0,0,1,1,6,1,31,6,1956,2,4,2,1,2
2018400343761,1,9,0,16,0,0,0,0,3,0,1,1,6,1,23,5,1598,1,14,8,3,8
2018400343870,1,5,0,15,0,4,0,0,0,0,1,1,6,1,-1,-1,781,1,14,7,1,7
2018400343870,2,9,0,18,0,4,0,0,0,0,4,1,6,1,85,11,1991,2,9,5,3,5
2018400343931,1,9,0,4,0,0,0,0,0,0,2,1,6,1,35,6,1995,2,5,3,1,3
2018400343931,2,19,0,18,0,0,0,0,0,0,1,1,6,1,28,6,1248,2,10,10,1,10
2018400344009,1,9,0,18,0,0,0,0,0,0,1,1,6,2,19,4,998,1,-1,9,2,9
2018400344009,2,9,0,3,0,0,0,0,0,0,2,1,6,2,23,5,1242,1,4,9,1,9
2018400344009,3,9,0,3,0,0,0,0,0,0,2,1,6,2,34,6,1461,2,4,4,1,4
2018400344054,1,9,0,18,0,0,0,0,0,0,3,1,6,1,29,6,-1,-1,-1,1,1,1
2018400344054,2,9,0,11,0,0,1,0,0,0,4,1,6,1,46,8,1995,2,11,5,1,5
2018400344106,1,9,-1,-1,-1,-1,-1,-1,-1,0,-1,1,6,1,50,8,1984,1,12,4,1,4
2018400344106,2,9,0,-1,-1,-1,-1,-1,-1,0,2,1,5,2,20,4,1497,8,-1,9,1,9
2018400344134,1,9,0,18,0,2,0,0,0,0,1,1,5,1,61,9,1560,2,4,-1,-1,-1
2018400344134,2,19,0,18,0,1,0,0,0,0,1,1,1,2,59,9,1560,2,1,10,1,10
2018400344317,1,9,0,18,0,2,0,0,0,0,1,1,6,2,21,5,1686,2,9,2,1,2
2018400344351,1,9,0,18,0,3,0,0,0,0,1,1,5,2,60,9,1339,8,6,2,1,2
2018400344351,2,1,0,18,0,3,0,0,0,0,2,1,5,1,59,9,-1,-1,-1,5,1,5
2018400344378,1,19,0,11,0,0,0,0,0,0,4,1,6,1,58,9,1995,2,1,7,1,7
2018400344378,2,9,0,18,0,0,0,0,0,0,3,1,5,2,24,5,1910,2,9,3,1,3
2018400344456,1,9,0,18,0,0,0,0,0,0,1,1,6,1,40,7,-1,-1,-1,-1,-1,-1
2018400344474,1,9,0,18,0,1,0,0,0,0,1,1,5,1,19,4,-1,-1,-1,5,1,5
2018400344474,2,9,0,18,0,1,0,0,0,0,1,1,5,2,71,10,1598,1,16,5,1,5
2018400344488,1,19,0,7,0,6,0,0,0,0,1,1,2,1,32,6,1598,2,-1,4,1,4
2018400344488,2,9,0,18,0,8,0,0,0,0,1,1,2,1,43,7,1997,2,8,2,1,2
2018400344588,1,9,0,18,0,1,0,0,0,0,1,1,6,3,-1,-1,1496,2,3,-1,-1,-1
2018400344588,2,9,0,18,0,2,0,0,0,0,3,1,6,2,72,10,1364,1,-1,9,1,9
2018400344610,1,8,0,18,0,4,0,0,0,0,1,1,6,1,41,7,1686,2,6,3,1,3
2018400344610,2,1,0,18,0,8,5,0,0,0,4,1,6,2,22,5,-1,-1,-1,2,1,2
2018400344610,3,9,0,2,0,8,0,0,0,0,0,1,6,1,-1,-1,1968,2,4,-1,-1,-1
2018400344658,1,9,0,5,0,3,0,0,0,0,1,1,6,2,65,9,1388,1,7,9,1,9
2018400344743,1,9,0,18,0,1,0,0,0,0,1,1,6,1,71,10,3199,1,19,10,2,10
2018400344743,2,1,0,18,0,1,5,0,0,0,3,1,5,1,15,3,-1,-1,-1,6,2,6
2018400344797,1,9,0,6,0,0,0,0,0,0,3,1,5,1,85,11,1248,1,3,8,2,8
2018400344797,2,4,0,5,0,0,0,0,0,0,1,1,5,1,66,10,1215,1,5,7,1,7
2018400344900,1,9,0,14,0,3,0,0,0,0,1,1,6,3,-1,-1,-1,-1,-1,-1,-1,-1
2018400344900,2,9,0,5,0,1,0,0,0,0,1,1,6,1,35,6,-1,-1,-1,1,1,1
2018400345064,1,9,0,17,0,0,1,0,1,4,2,1,5,2,24,5,1995,2,7,8,3,8
2018400345375,1,9,0,18,0,0,0,10,7,9,1,1,5,1,18,4,1364,1,10,4,1,4
2018400345687,1,9,0,4,0,1,0,0,0,0,1,1,6,3,-1,-1,1997,1,16,-1,-1,-1
2018400345687,2,9,0,3,0,1,0,0,0,0,2,1,6,1,34,6,1968,2,1,1,1,1
2018400346227,1,9,0,18,0,0,0,0,0,0,1,1,6,2,31,6,1364,1,4,6,1,6
2018400346227,2,9,0,16,0,0,0,0,0,0,2,1,6,1,43,7,1798,8,2,8,1,8
2018400346409,1,9,0,7,0,1,0,0,0,0,1,1,6,2,-1,-1,-1,-1,-1,-1,-1,-1
2018400346409,2,9,0,18,0,1,0,0,0,0,1,1,2,1,34,6,1598,1,13,2,1,2
2018400346699,2,9,0,18,0,0,0,0,0,0,1,1,6,1,65,9,3199,1,16,4,1,4
2018400347202,1,9,0,18,0,0,0,10,0,0,4,1,6,2,-1,-1,-1,-1,-1,-1,-1,-1
2018400347716,1,19,-1,-1,-1,-1,-1,-1,-1,0,-1,1,1,1,-1,-1,1995,2,-1,-1,-1,-1
2018400347716,2,9,0,3,0,2,0,0,0,0,2,1,2,2,39,7,1598,1,2,3,1,3
2018400347870,1,9,0,15,0,0,0,0,0,0,3,1,6,1,-1,-1,1299,1,16,-1,-1,-1
2018400347870,2,9,0,1,0,0,0,0,0,0,4,1,5,1,39,7,1598,1,9,2,1,2
2018400348263,1,9,0,18,0,0,0,0,0,0,1,1,2,1,34,6,1399,2,14,9,1,9
2018400348512,1,9,0,18,0,1,0,0,0,0,4,1,6,1,-1,-1,-1,-1,-1,4,1,4
2018400348512,2,9,-1,-1,-1,-1,-1,-1,-1,0,1,1,6,1,58,9,1988,1,18,10,1,10
2018400348729,1,9,0,18,0,3,0,0,0,0,4,1,6,1,-1,-1,-1,-1,-1,-1,-1,-1
2018400349097,1,9,0,18,0,1,0,0,0,0,1,1,6,1,43,7,1968,2,7,4,-1,4
2018400349097,2,9,0,3,0,1,0,0,0,0,2,1,6,2,22,5,1398,1,2,7,1,7
2018400349237,1,9,0,18,0,0,0,0,0,0,1,1,6,3,-1,-1,-1,-1,-1,-1,-1,-1
2018400349500,1,9,-1,-1,-1,0,-1,-1,-1,0,-1,1,6,1,17,4,1390,1,3,-1,-1,-1
2018400349500,2,9,-1,-1,-1,0,-1,-1,-1,0,-1,1,6,1,30,6,1498,1,1,3,1,3
2018400349720,1,9,0,7,0,8,0,0,0,0,1,1,6,2,45,7,-1,-1,-1,-1,-1,-1
2018400349794,1,9,0,6,0,0,0,0,0,0,3,1,6,2,46,8,1797,8,9,3,1,3
2018400349794,2,5,0,18,0,0,0,0,0,0,1,1,1,1,61,9,1298,1,13,3,1,3
2018400349795,1,9,0,9,0,8,0,0,0,0,1,1,6,2,-1,-1,-1,-1,-1,-1,-1,-1
2018400349797,1,9,0,1,0,0,0,0,0,0,2,1,6,1,25,5,1999,1,12,2,1,2
2018400349797,2,9,0,3,0,0,0,0,0,0,1,1,5,1,29,6,2993,2,9,8,1,8
2018400350977,1,9,0,18,0,1,0,0,0,0,1,1,6,1,-1,-1,-1,-1,-1,-1,-1,-1
2018400351384,1,9,-1,-1,-1,0,-1,-1,-1,0,-1,1,6,1,23,5,2993,2,13,4,1,4
2018400352009,1,8,0,4,0,1,0,0,3,0,1,1,5,1,67,10,1968,2,8,3,1,3
2018400352011,1,9,0,18,0,0,0,0,0,0,1,1,6,1,74,10,1998,1,14,3,1,3
2018400352011,2,9,0,3,0,0,0,0,0,0,2,1,6,2,21,5,1398,1,8,3,1,3
2018400352155,1,9,0,5,9,1,0,0,0,0,1,1,6,3,-1,-1,-1,-1,-1,-1,-1,-1
2018400352397,1,9,0,18,0,0,0,0,0,0,0,1,6,3,-1,-1,-1,-1,-1,-1,-1,-1
2018400352397,2,3,0,18,0,0,0,0,0,0,0,1,1,1,52,8,124,1,9,5,1,5
2018400352402,1,11,0,18,0,1,0,0,0,0,1,1,1,1,54,8,7300,2,6,2,1,2
2018400352511,1,9,0,18,0,0,0,0,0,0,1,1,6,1,35,6,1499,2,-1,1,1,1
2018400352706,1,9,0,18,0,0,0,0,0,0,1,1,6,2,50,8,1560,2,9,-1,-1,-1
2018400352706,2,2,0,11,0,0,0,0,0,0,2,1,6,1,26,6,50,1,1,2,1,2
2018400352819,1,9,0,18,0,1,0,0,0,0,1,1,6,1,19,4,1398,1,6,6,1,6
2018400352819,2,9,0,4,0,1,0,0,0,0,2,1,6,1,71,10,1248,1,-1,4,1,4
2018400352846,1,9,0,18,0,1,0,0,0,0,1,1,5,1,21,5,1242,1,8,4,1,4
2018400352846,2,9,-1,9,0,1,0,0,0,0,4,1,6,1,58,9,1781,1,18,9,1,9
2018400400057,1,9,0,18,0,8,0,0,1,0,1,1,5,1,18,4,1798,1,9,4,1,4
2018400801584,1,2,0,17,0,0,0,0,0,0,4,1,5,1,16,4,50,1,-1,3,1,3
2018400801593,1,9,0,16,0,8,0,0,7,0,1,1,5,1,18,4,999,1,1,6,1,6
2018400801599,1,9,0,9,0,5,0,0,0,0,0,1,6,2,44,7,1769,1,13,2,1,2
2018400801635,1,9,0,16,0,0,1,0,7,0,1,1,4,2,17,4,998,1,4,9,3,9
2018400801659,1,9,0,18,0,0,0,0,0,0,1,1,5,1,87,11,1197,1,2,7,1,7
2018400801659,2,9,0,2,0,0,0,0,0,0,2,1,5,1,59,9,2926,2,14,7,3,7
2018400801685,1,9,0,18,0,0,0,0,0,0,1,1,5,1,27,6,1600,1,14,9,1,9
2018400801693,1,8,0,3,0,1,0,0,0,0,2,1,6,1,53,8,1968,2,6,2,1,2
2018400801693,2,1,0,15,0,1,0,0,0,0,1,1,6,1,23,5,-1,-1,-1,1,1,1
2018400801693,3,9,0,2,0,1,0,0,0,0,3,1,6,3,-1,-1,1386,1,12,-1,-1,-1
2018400801696,1,9,0,18,0,1,0,0,0,0,1,1,6,1,-1,-1,1956,2,5,-1,-1,-1
2018400801696,2,9,0,3,0,1,0,0,0,0,2,1,6,2,28,6,-1,-1,-1,7,2,7
2018400801703,1,9,0,9,0,5,0,0,0,0,1,1,5,2,77,11,1598,2,-1,7,1,7
2018400801703,2,3,0,18,0,8,1,0,0,0,1,1,5,1,18,4,-1,-1,-1,3,1,3
2018400801708,1,9,0,18,0,0,0,0,0,0,0,1,6,1,31,6,2993,2,1,-1,-1,-1
2018400801708,2,9,0,18,0,0,0,0,0,0,1,1,6,1,19,4,1198,1,7,9,1,9
2018400801708,3,9,0,2,0,0,0,0,0,0,1,1,6,1,59,9,1229,1,5,3,1,3
2018400801708,4,9,0,2,0,0,0,0,0,0,2,1,6,3,-1,-1,1797,8,6,-1,-1,-1
2018400801708,5,9,0,2,0,0,0,0,0,0,2,1,5,3,-1,-1,1798,8,-1,-1,-1,-1
2018400801708,6,9,0,2,0,0,0,0,0,0,2,1,6,3,-1,-1,1798,8,-1,-1,-1,-1
2018400801708,7,9,0,2,0,0,0,0,0,0,2,1,6,3,-1,-1,1598,2,5,-1,-1,-1
2018400801708,8,9,0,2,0,0,0,0,0,0,4,1,6,3,-1,-1,1995,2,10,-1,-1,-1
2018400801708,9,9,0,2,0,0,0,0,0,0,2,1,6,3,-1,-1,2494,1,19,-1,-1,-1
2018400801708,10,9,0,2,0,0,0,0,0,0,2,1,6,3,-1,-1,1197,1,3,-1,-1,-1
2018400801714,1,9,0,17,0,1,0,4,0,0,1,1,6,2,68,10,998,1,4,10,1,10
2018400801714,2,9,0,2,0,2,0,0,0,0,2,1,6,1,46,8,1975,1,10,9,1,9
2018400801714,3,9,0,2,0,2,0,0,0,0,1,1,6,2,47,8,2143,2,-1,9,1,9
2018400801714,4,9,0,18,0,2,0,0,0,0,3,1,6,2,42,7,1998,1,5,6,1,6
2018400801786,1,9,0,9,0,8,0,0,0,0,4,1,1,1,48,8,-1,-1,-1,9,1,9
2018400801786,2,5,0,18,0,8,2,0,0,0,0,1,1,1,55,8,992,1,12,8,1,8
2018400801792,1,9,0,5,0,0,0,0,7,0,1,1,6,2,53,8,1240,1,14,5,1,5
2018400801792,2,9,0,18,0,0,0,0,0,0,1,1,5,1,48,8,1388,1,14,3,1,3
2018400801796,1,2,0,18,0,0,5,12,0,0,1,1,5,1,41,7,125,1,2,10,1,10
2018400801800,1,9,0,12,0,0,0,0,0,0,4,1,5,2,32,6,998,1,15,1,1,1
2018400801800,2,9,0,18,0,0,0,0,0,0,3,1,5,2,42,7,1598,1,8,7,1,7
2018400801879,1,9,0,18,0,1,0,0,0,0,1,1,6,1,54,8,999,1,-1,1,1,1
2018400801879,2,1,0,5,0,8,0,0,0,0,3,1,6,1,23,5,-1,-1,-1,4,1,4
2018400801909,1,9,0,17,0,0,0,0,1,11,1,1,5,2,29,6,1598,1,6,2,1,2
2018400801946,1,9,0,9,0,8,0,0,0,0,1,1,5,1,32,6,2967,2,12,7,1,7
2018400801946,2,1,0,18,0,1,0,0,0,0,1,1,5,1,44,7,-1,-1,-1,9,3,9
2018400801956,1,9,0,18,0,0,0,0,0,0,3,1,2,1,25,5,1995,2,6,5,1,5
2018400801956,2,9,0,4,0,0,0,0,0,0,0,1,2,1,40,7,1910,2,13,5,1,5
2018400801956,3,9,0,18,0,0,0,0,0,0,1,1,2,2,55,8,1969,2,1,8,3,8
2018400802092,1,9,0,4,0,0,0,0,0,0,1,1,6,1,75,10,4196,1,12,8,3,8
2018400802092,2,9,0,4,0,0,0,0,0,0,2,1,6,2,48,8,1461,2,4,4,1,4
2018400802092,3,9,0,4,0,0,0,0,0,0,2,1,6,1,50,8,2993,2,2,5,1,5
2018400802092,4,9,0,4,0,0,0,0,0,0,2,1,6,1,-1,-1,1499,1,1,9,1,9
2018400802146,1,3,0,5,0,3,2,0,1,0,2,1,2,1,20,4,125,1,-1,6,1,6
2018400802193,1,9,0,9,0,1,0,0,0,0,4,1,5,1,26,6,1398,1,-1,1,1,1
2018400802193,2,9,0,9,0,1,0,0,0,0,1,1,6,3,-1,-1,-1,-1,-1,-1,-1,-1
2018400802220,1,9,0,18,0,1,2,10,6,10,1,1,5,1,21,5,1596,1,16,6,1,6
2018400802271,1,5,0,13,0,0,0,0,0,0,3,1,5,1,42,7,1050,1,-1,10,1,10
2018400802271,2,9,0,5,0,0,0,0,0,0,3,1,5,2,22,5,-1,-1,-1,4,1,4
2018400802301,1,9,0,18,0,0,1,0,0,0,1,1,6,1,33,6,1229,1,9,1,1,1
2018400802301,2,9,0,2,9,0,0,0,1,0,2,1,6,2,44,7,999,1,3,2,1,2
2018400802301,3,9,0,2,0,0,0,0,0,0,2,1,6,3,-1,-1,1598,1,13,-1,-1,-1
2018400802358,1,9,0,9,0,1,0,0,0,0,3,1,5,1,21,5,1686,2,7,2,1,2
2018400802360,1,9,0,10,0,1,0,0,7,0,3,1,5,2,19,4,1248,2,9,4,1,4
2018400802360,2,9,0,14,0,1,0,0,0,0,1,1,6,3,-1,-1,1986,2,13,-1,-1,-1
2018400802367,1,9,0,4,0,3,0,0,0,0,2,1,6,2,30,6,1398,2,6,2,1,2
2018400802367,2,9,0,4,0,3,0,0,0,0,2,1,6,1,49,8,3175,1,13,7,1,7
2018400802367,3,9,0,4,0,3,0,0,0,0,1,1,6,2,64,9,1582,2,7,9,2,9
2018400802367,4,9,0,2,0,3,0,0,0,0,0,1,1,1,28,6,1248,2,4,3,1,3
2018400802410,1,5,0,18,0,1,2,9,0,0,4,1,5,1,42,7,689,1,-1,6,1,6
2018400802458,1,9,0,9,0,8,0,0,0,0,1,1,6,3,-1,-1,-1,-1,-1,-1,-1,-1
2018400802458,2,1,0,18,0,8,0,0,0,0,1,1,2,1,49,8,-1,-1,-1,8,-1,8
2018400802463,1,9,0,18,0,1,0,0,0,0,1,1,5,2,20,4,998,1,4,4,1,4
2018400802469,1,9,0,11,0,0,0,0,2,7,1,1,2,2,25,5,1596,1,14,10,1,10
2018400802478,1,9,0,18,0,0,0,0,1,0,1,1,1,1,38,7,2993,2,2,2,1,2
2018400802478,2,9,0,18,0,0,0,0,0,0,4,1,1,1,35,6,-1,-1,-1,2,1,2
2018400802478,3,9,0,18,0,0,0,0,1,0,3,1,6,1,-1,-1,898,1,-1,-1,-1,-1
2018400802478,4,9,0,2,0,0,0,0,0,0,3,1,6,1,-1,-1,1995,1,8,-1,-1,-1
2018400802478,5,9,0,2,0,0,0,0,0,0,3,1,6,1,-1,-1,1598,1,15,4,1,4
2018400802505,1,9,0,4,0,0,0,0,0,0,1,1,6,2,24,5,1395,1,5,6,1,6
2018400802505,2,9,0,4,0,0,0,0,0,0,2,1,6,1,64,9,-1,-1,-1,10,1,10
2018400802505,3,9,0,4,0,0,0,0,0,0,1,1,6,2,-1,-1,1395,1,1,7,1,7
2018400802505,4,9,0,4,0,0,0,0,0,0,2,1,6,1,27,6,1390,1,15,10,-1,10
2018400802507,1,9,0,18,0,0,1,0,1,0,1,1,1,1,30,6,1422,2,15,6,1,6
2018400802507,2,9,0,2,0,0,0,0,1,0,2,1,5,2,55,8,1339,1,14,4,3,4
2018400802527,1,9,0,9,0,8,0,0,0,0,1,1,6,2,33,6,1395,1,-1,3,1,3
2018400802527,2,3,0,18,0,8,0,0,0,0,3,1,2,1,34,6,125,1,2,4,1,4
2018400802559,1,21,1,18,0,0,0,0,0,0,2,1,6,1,26,6,12809,2,4,-1,-1,-1
2018400802559,2,5,0,18,0,0,0,0,0,0,1,1,6,1,55,8,600,1,12,1,1,1
2018400802564,1,9,0,4,0,0,1,0,0,0,1,1,6,1,28,6,1390,1,4,8,1,8
2018400802564,2,9,0,4,0,0,0,0,0,0,2,1,6,2,57,9,1200,1,-1,9,1,9
2018400802564,3,9,0,4,0,0,0,0,0,0,2,1,6,1,31,6,1390,1,7,8,1,8
2018400802581,1,9,0,18,0,2,1,0,1,2,1,1,6,1,20,4,1600,1,19,2,1,2
2018400802593,1,98,1,12,0,0,0,0,0,0,1,1,1,1,42,7,-1,-1,-1,-1,-1,-1
2018400802593,2,9,0,18,0,0,1,11,0,0,4,1,5,2,27,6,1461,2,-1,5,3,5
2018400802593,3,9,0,18,0,0,0,0,0,0,1,1,5,2,32,6,1995,2,2,3,1,3
2018400802662,1,9,0,18,0,0,0,0,0,0,4,1,5,1,40,7,2982,2,5,2,1,2
2018400802662,2,4,0,18,0,0,0,0,0,0,3,1,5,1,72,10,629,1,81,9,3,9
2018400802733,1,9,0,9,0,8,0,0,0,0,1,1,5,1,51,8,1686,2,14,6,2,6
2018400802733,2,9,0,18,0,1,0,0,0,0,1,1,5,2,52,8,1997,1,15,6,3,6
2018400802734,1,9,0,9,9,2,0,0,0,0,4,1,6,2,36,7,1984,1,10,2,1,2
2018400802734,2,9,0,18,9,8,0,0,1,4,3,1,6,2,35,6,1968,2,3,2,1,2
2018400802738,1,9,0,18,0,1,0,0,0,0,1,1,6,2,34,6,1753,2,13,9,2,9
2018400802738,2,1,0,5,5,1,0,0,0,0,1,1,4,2,11,3,-1,-1,-1,9,2,9
2018400802751,1,21,1,4,0,0,0,0,0,0,1,1,1,1,54,8,12809,2,-1,4,1,4
2018400802751,2,21,1,4,0,0,0,0,0,0,1,1,1,1,45,7,10837,2,2,1,1,1
2018400802751,3,21,0,4,0,0,0,0,0,0,3,1,1,1,34,6,10837,2,2,2,1,2
2018400802834,1,9,0,18,0,2,0,0,0,0,1,1,5,2,20,4,1199,1,14,4,1,4
2018400802834,2,19,0,9,0,2,0,0,0,0,3,1,1,1,34,6,2143,2,4,5,1,5
2018400802862,1,9,0,7,0,0,0,0,0,0,1,1,6,2,80,11,-1,-1,-1,10,2,10
2018400802978,1,19,0,1,0,0,0,0,0,0,2,1,1,1,39,7,1995,2,5,8,3,8
2018400802978,2,9,0,3,0,0,0,0,0,0,1,1,5,2,35,6,1364,1,10,4,1,4
2018400803070,1,9,0,18,0,0,0,0,0,0,0,1,1,1,40,7,2993,2,2,-1,-1,-1
2018400803070,2,9,0,18,0,0,-1,10,1,0,1,1,6,1,27,6,1950,2,-1,7,3,7
2018400803070,3,9,0,2,9,0,0,0,0,0,3,1,5,2,-1,-1,1598,1,10,9,2,9
2018400803121,1,9,0,18,0,0,0,0,0,0,1,1,2,1,53,8,1968,2,5,3,1,3
2018400803142,1,9,0,13,0,8,0,0,0,0,1,1,3,2,42,7,1598,2,6,9,1,9