Accident_Index,Vehicle_Reference,Vehicle_Type,Towing_and_Articulation,Vehicle_Manoeuvre,Vehicle_Location-Restricted_Lane,Junction_Location,Skidding_and_Overturning,Hit_Object_in_Carriageway,Vehicle_Leaving_Carriageway,Hit_Object_off_Carriageway,1st_Point_of_Impact,Was_Vehicle_Left_Hand_Drive?,Journey_Purpose_of_Driver,Sex_of_Driver,Age_of_Driver,Age_Band_of_Driver,Engine_Capacity_(CC),Propulsion_Code,Age_of_Vehicle,Driver_IMD_Decile,Driver_Home_Area_Type,Vehicle_IMD_Decile
2018400803142,2,9,0,9,0,8,1,0,7,9,2,1,5,1,57,9,998,1,12,5,3,5
2018400803150,1,9,0,9,0,8,0,0,0,0,1,1,5,1,51,8,1598,1,13,5,1,5
2018400803244,1,9,0,4,0,0,0,0,0,0,1,1,5,2,50,8,1796,1,17,4,1,4
2018400803244,2,9,0,3,0,0,0,0,0,0,2,1,1,2,68,10,998,1,3,7,3,7
2018400803244,3,9,0,3,0,0,0,0,0,0,2,1,1,2,58,9,1999,2,1,10,1,10
2018400803335,1,9,0,18,0,1,0,0,0,0,1,1,6,3,-1,-1,-1,-1,-1,-1,-1,-1
2018400803359,1,9,0,18,0,2,0,7,8,10,3,1,2,1,31,6,2987,2,5,5,1,5
2018400803378,1,9,0,5,0,6,0,0,0,0,3,1,6,2,66,10,2497,1,13,7,3,7
2018400803378,2,9,0,18,0,8,0,0,0,0,4,1,6,2,22,5,1229,1,11,9,2,9
2018400803482,1,9,0,18,0,1,1,0,0,0,1,1,5,1,33,6,-1,-1,-1,1,1,1
2018400803488,1,9,0,9,0,6,0,0,0,0,1,1,5,1,58,9,1364,1,4,4,1,4
2018400803488,2,3,0,18,0,8,0,0,0,0,1,1,2,1,28,6,125,1,1,1,1,1
2018400803589,1,9,0,1,0,0,0,0,0,0,2,1,6,3,-1,-1,-1,3,1,-1,-1,-1
2018400803596,1,9,0,9,0,2,0,0,0,0,1,1,5,2,59,9,1560,2,10,6,1,6
2018400803601,1,3,0,18,0,0,1,0,0,0,3,1,2,1,22,5,124,1,6,9,1,9
2018400803637,1,9,0,16,0,0,1,0,0,0,1,1,2,3,-1,-1,-1,-1,-1,-1,-1,-1
2018400803637,2,4,0,18,0,0,0,0,0,0,1,1,6,1,18,4,124,1,5,7,3,7
2018400803645,1,9,0,5,0,8,0,0,0,0,1,1,5,1,54,8,2685,2,14,3,1,3
2018400803645,2,9,0,18,0,8,0,0,0,0,4,1,5,1,40,7,1598,1,12,3,1,3
2018400803657,1,9,0,16,0,0,2,0,0,0,1,1,5,1,24,5,1124,1,12,1,1,1
2018400803659,1,9,0,9,0,6,0,0,7,0,4,1,6,2,22,5,1000,1,2,2,1,2
2018400803659,2,9,0,18,0,1,0,0,1,0,1,1,6,2,26,6,1999,8,2,3,1,3
2018400803662,1,9,0,16,0,2,0,0,7,11,1,1,6,1,57,9,2179,2,6,6,1,6
2018400803670,1,9,0,18,0,0,1,0,1,4,4,1,6,2,25,5,1388,1,14,7,3,7
2018400803671,1,9,0,18,0,8,0,0,1,0,1,1,2,1,64,9,1998,1,11,9,3,9
2018400803671,2,9,0,9,0,8,0,0,1,0,1,1,2,2,21,5,998,1,2,9,2,9
2018400803699,1,9,0,16,0,0,0,0,1,10,3,1,6,1,64,9,1388,1,13,8,3,8
2018400803699,2,9,0,17,0,0,0,0,0,0,3,1,6,1,67,10,2184,2,3,10,2,10
2018400803705,1,9,0,18,0,0,0,0,0,0,1,1,5,1,22,5,1995,2,4,5,1,5
2018400803705,2,1,0,9,0,0,0,0,0,0,4,1,4,1,16,4,-1,-1,-1,3,1,3
2018400803707,1,21,0,18,0,0,0,0,0,0,1,1,6,1,-1,-1,12777,2,10,-1,-1,-1
2018400803707,2,9,0,3,0,0,0,0,0,0,2,1,5,2,23,5,1229,1,2,9,1,9
2018400803730,1,9,0,18,0,0,0,0,0,0,1,1,6,3,-1,-1,-1,-1,-1,-1,-1,-1
2018400803730,2,1,0,18,0,0,0,0,0,0,2,1,6,1,24,5,-1,-1,-1,1,1,1
2018400803740,1,9,0,18,0,8,0,0,0,0,3,1,5,2,18,4,1242,1,8,3,1,3
2018400803740,2,9,0,18,0,8,0,0,7,0,1,1,6,1,22,5,1396,1,7,2,1,2
2018400803742,1,9,0,9,9,0,0,0,0,0,1,1,6,1,36,7,1997,2,8,2,1,2
2018400803742,2,1,0,18,0,0,0,0,0,0,1,1,1,2,26,6,-1,-1,-1,4,1,4
2018400803754,1,19,0,18,0,0,0,0,0,0,1,1,6,3,-1,-1,-1,-1,-1,-1,-1,-1
2018400803782,1,9,0,5,0,2,0,0,0,0,1,1,5,1,24,5,1896,2,15,6,2,6
2018400803782,2,9,0,18,0,2,0,0,7,11,4,1,5,2,20,4,-1,-1,-1,4,1,4
2018400803882,1,9,0,5,0,0,0,0,0,0,0,1,6,2,48,8,1896,2,10,10,2,10
2018400803893,1,9,0,18,0,0,0,0,0,0,4,1,1,1,53,8,1598,2,5,6,1,6
2018400803893,2,9,0,2,0,0,0,0,0,0,3,1,6,3,-1,-1,-1,-1,-1,-1,-1,-1
2018400803894,1,9,0,18,0,0,0,0,0,0,1,1,6,1,21,5,1360,1,13,5,1,5
2018400803894,2,9,0,3,0,0,0,0,0,0,2,1,6,2,50,8,1496,1,3,8,1,8
2018400803894,3,9,0,3,0,0,0,0,0,0,2,1,6,2,57,9,2148,2,11,10,2,10
2018400803913,1,9,0,18,0,0,0,4,0,0,1,1,1,1,51,8,1497,8,5,5,1,5
2018400803913,2,9,0,2,0,0,0,4,0,0,2,1,5,2,36,7,1248,1,1,4,1,4
2018400803913,3,9,0,2,0,0,0,4,0,0,2,1,5,1,-1,-1,1969,2,4,4,1,4
2018400803913,4,9,0,2,0,0,0,4,0,0,2,1,5,1,-1,-1,1956,2,9,4,1,4
2018400803932,1,9,0,18,0,2,0,0,1,4,1,1,5,2,55,8,1398,1,1,7,1,7
2018400803932,2,9,0,9,0,6,0,0,0,0,0,1,5,2,49,8,1598,1,1,9,1,9
2018400804006,1,9,0,18,0,0,0,0,0,0,1,1,6,3,-1,-1,1686,2,8,-1,-1,-1
2018400804016,1,19,0,3,0,1,0,0,0,0,1,1,1,1,26,6,1598,2,-1,5,1,5
2018400804016,2,9,0,7,0,1,0,0,0,0,2,1,3,2,42,7,1560,2,7,4,1,4
2018400804038,1,9,0,18,0,2,0,0,0,0,1,1,2,1,32,6,1364,1,6,7,1,7
2018400804041,1,9,0,7,0,6,0,0,0,0,1,1,5,2,30,6,1598,2,1,3,1,3
2018400804041,2,9,0,18,0,8,0,0,0,0,1,1,5,1,38,7,1796,1,7,4,1,4
2018400804089,1,9,0,18,0,0,0,0,0,0,3,1,6,3,-1,-1,-1,-1,-1,-1,-1,-1
2018400804089,2,9,0,2,0,0,0,0,0,0,2,1,5,1,50,8,2199,2,4,2,1,2
2018400804145,1,8,0,5,0,0,0,0,0,0,1,1,5,1,53,8,1797,8,8,2,1,2
2018400804190,1,9,0,18,0,0,0,4,0,0,1,1,5,2,-1,-1,1242,1,7,9,1,9
2018400804190,2,9,0,2,0,0,0,4,0,0,2,1,6,3,-1,-1,-1,-1,-1,-1,-1,-1
2018400804208,1,9,0,18,0,0,0,0,0,0,1,1,2,1,36,7,1149,1,10,7,1,7
2018400804211,1,9,0,15,0,0,1,0,0,0,1,1,5,1,26,6,1910,2,13,4,1,4
2018400804211,2,19,0,18,0,0,1,0,0,0,1,1,6,1,20,4,2143,2,4,2,1,2
2018400804211,3,9,0,18,0,0,0,0,0,0,3,1,6,1,51,8,1995,2,5,8,3,8
2018400804211,4,9,0,18,0,0,0,0,0,0,1,1,6,1,51,8,1248,1,6,4,1,4
2018400804217,1,9,0,18,0,0,0,0,0,0,1,1,1,2,51,8,1242,1,11,8,2,8
2018400804217,2,9,0,18,0,0,0,0,0,0,2,1,6,1,32,6,1597,2,3,8,2,8
2018400804217,3,9,0,18,0,0,0,0,0,0,2,1,6,2,22,5,1598,2,7,8,2,8
2018400804217,4,9,0,18,0,0,0,0,0,0,2,1,1,1,50,8,999,1,5,3,1,3
2018400804217,5,9,0,18,0,0,0,0,0,0,2,1,6,1,42,7,998,1,14,10,1,10
2018400804217,6,9,0,18,0,0,0,0,0,0,2,1,6,2,-1,-1,2429,1,12,9,1,9
2018400804222,1,9,0,11,0,0,5,4,0,0,1,1,5,2,75,10,-1,-1,-1,5,1,5
2018400804222,2,9,0,2,0,0,0,0,0,0,2,1,5,1,43,7,1368,1,6,5,1,5
2018400804242,1,19,0,5,0,0,0,0,0,0,1,1,2,1,45,7,1995,2,-1,3,1,3
2018400804242,2,9,0,5,0,0,0,0,0,0,2,1,2,1,47,8,1497,8,12,3,1,3
2018400804246,1,9,0,18,0,8,0,0,0,0,1,1,1,2,54,8,1332,1,21,2,1,2
2018400804246,2,5,0,18,0,8,0,0,0,0,3,1,2,1,48,8,645,1,10,6,1,6
2018400804251,1,5,0,18,0,0,0,0,0,0,4,1,6,1,19,4,599,1,16,10,1,10
2018400804254,1,9,0,18,0,1,1,0,0,0,1,1,6,1,33,6,1461,2,3,6,1,6
2018400804254,2,9,0,9,0,5,1,0,0,0,3,1,5,1,-1,-1,1999,2,2,10,1,10
2018400804256,1,9,0,18,0,0,0,0,0,0,1,1,2,2,27,6,1229,1,2,2,1,2
2018400804256,2,9,0,2,0,0,0,0,0,0,1,1,2,2,48,8,-1,-1,-1,4,1,4
2018400804259,1,9,0,18,0,8,0,0,0,0,3,1,3,2,38,7,1794,1,13,5,1,5
2018400804259,2,9,0,18,0,8,0,0,0,0,1,1,2,2,29,6,998,1,12,7,1,7
2018400804272,1,9,0,13,0,0,1,0,5,0,1,1,5,2,56,9,1595,1,4,6,3,6
2018400804281,1,9,0,18,0,8,0,0,7,10,1,1,6,1,75,10,1997,2,3,6,1,6
2018400804356,1,9,0,14,0,0,0,0,0,0,1,1,6,3,-1,-1,1968,2,11,-1,-1,-1
2018400804356,2,9,0,3,0,0,0,0,0,0,2,1,5,1,55,8,1686,2,7,4,1,4
2018400804384,1,9,0,18,0,8,0,0,0,0,1,1,6,1,51,8,1248,2,12,2,1,2
2018400804396,1,9,0,13,0,2,1,0,1,4,1,1,5,1,32,6,1796,1,16,8,2,8
2018400804396,2,19,0,13,0,2,0,0,0,0,4,1,1,1,47,8,2143,2,2,1,1,1
2018400804502,1,9,0,18,0,0,1,0,1,4,4,1,5,1,32,6,1598,1,10,7,3,7
2018400804509,1,9,0,5,0,0,0,0,0,0,1,1,6,1,-1,-1,1896,2,16,-1,-1,-1
2018400804509,2,9,0,5,0,0,0,0,0,0,2,1,6,2,50,8,1992,2,12,2,1,2
2018400804518,1,9,0,5,0,0,0,0,0,0,0,1,3,2,45,7,1975,1,11,9,1,9
2018400804518,2,1,0,18,0,0,0,0,0,0,2,1,6,1,14,3,-1,-1,-1,6,1,6
2018400804565,1,9,0,18,0,8,0,0,0,0,0,1,1,1,24,5,-1,-1,-1,4,1,4
2018400804565,2,1,0,18,0,8,0,0,0,0,1,1,1,1,37,7,-1,-1,-1,7,1,7
2018400804572,1,98,0,18,0,0,0,0,0,0,3,1,1,1,82,11,-1,-1,-1,9,2,9
2018400804572,2,9,0,18,0,0,1,0,0,0,1,1,1,2,20,4,1248,2,10,9,3,9
2018400804579,1,9,0,18,0,0,0,0,0,0,2,1,5,1,47,8,1149,1,6,5,1,5
2018400804579,2,9,0,18,0,0,0,0,0,0,1,1,6,2,18,4,1598,1,8,1,1,1
2018400804606,1,9,0,18,0,8,0,0,0,0,1,1,6,3,-1,-1,-1,-1,-1,-1,-1,-1
2018400804606,2,1,0,18,0,8,0,0,0,0,1,1,2,2,30,6,-1,-1,-1,4,1,4
2018400804610,1,9,0,18,0,0,0,0,1,0,1,1,5,1,37,7,1910,2,13,2,1,2
2018400804610,2,9,0,18,0,0,1,0,0,0,1,1,5,1,39,7,4197,1,11,7,3,7
2018400804634,1,9,0,9,0,6,0,0,0,0,1,1,5,2,70,10,1390,1,12,10,1,10
2018400804634,2,9,0,18,0,1,0,0,0,0,3,1,5,1,33,6,1995,1,15,3,1,3
2018400804660,1,9,0,18,0,1,1,0,1,0,1,1,6,1,27,6,1364,1,11,8,-1,8
2018400804675,1,-1,0,18,0,0,0,0,0,0,0,1,6,3,-1,-1,-1,-1,-1,-1,-1,-1
2018400804675,2,9,0,18,0,0,0,0,8,0,3,1,1,1,47,8,2995,1,1,2,1,2
2018400804774,1,19,0,18,0,2,0,0,0,0,1,1,6,1,29,6,1870,2,13,4,1,4
2018400804788,1,9,0,4,0,0,0,0,0,0,0,1,5,2,75,10,998,1,18,7,1,7
2018400804810,1,9,0,9,0,5,0,0,0,0,3,1,6,2,52,8,1390,1,14,7,1,7
2018400804810,2,5,0,13,0,8,0,0,7,0,1,1,6,1,38,7,1043,1,-1,8,1,8
2018400804849,1,9,0,9,0,6,0,0,0,0,1,1,6,1,49,8,1969,2,1,8,1,8
2018400804849,2,9,0,18,0,1,0,0,0,0,4,1,3,2,-1,-1,1910,2,12,7,3,7
2018400804849,3,19,0,5,0,2,0,0,0,0,1,1,1,1,22,5,-1,-1,-1,6,1,6
2018400804850,1,9,0,18,0,0,0,0,0,0,0,1,1,1,40,7,1248,2,5,2,1,2
2018400804850,2,9,0,18,0,0,1,0,0,0,1,1,6,1,27,6,1968,2,3,2,1,2
2018400804850,3,9,0,18,0,0,0,0,0,0,1,1,1,2,35,6,1587,1,15,7,1,7
2018400804850,4,9,0,18,0,0,0,0,0,0,3,1,5,2,38,7,1198,1,4,9,1,9
2018400804933,1,9,0,18,0,1,0,0,0,0,1,1,6,3,-1,-1,-1,-1,-1,-1,-1,-1
2018400804933,2,9,0,18,0,1,0,0,0,0,2,1,6,3,-1,-1,-1,-1,-1,-1,-1,-1
2018400804946,1,19,0,9,0,2,0,0,0,0,1,1,1,1,32,6,1598,2,2,-1,-1,-1
2018400805016,1,9,0,12,0,0,0,0,0,0,3,1,1,1,47,8,-1,-1,-1,-1,-1,-1
2018400805016,2,9,0,18,0,0,0,0,0,0,4,1,6,1,31,6,2143,2,4,3,1,3
2018400805022,1,9,0,9,0,8,0,0,0,0,3,1,6,1,45,7,1999,2,2,9,1,9
2018400805022,2,9,0,18,0,3,0,0,0,0,4,1,6,1,61,9,-1,-1,-1,10,1,10
2018400805023,1,9,0,4,0,0,0,0,0,0,1,1,2,1,37,7,2143,2,4,9,1,9
2018400805023,2,9,0,4,0,0,0,0,0,0,1,1,2,1,29,6,1560,2,5,5,1,5
2018400805023,3,19,0,4,0,0,0,0,0,0,2,1,6,3,-1,-1,-1,-1,-1,-1,-1,-1
2018400805050,1,9,0,18,0,0,0,0,0,0,1,1,2,1,20,4,1364,1,12,3,1,3
2018400805050,2,9,0,18,0,0,0,0,0,0,2,1,5,1,26,6,-1,-1,-1,6,1,6
2018400805060,1,2,0,14,0,0,2,0,0,0,4,1,6,1,17,4,49,1,4,10,2,10
2018400805083,1,-1,-1,18,9,0,0,0,0,0,1,1,6,3,-1,-1,-1,-1,-1,-1,-1,-1
2018400805083,2,1,0,18,9,0,0,0,0,0,3,1,5,1,14,3,-1,-1,-1,3,1,3
2018400805130,1,9,0,6,0,0,0,0,0,0,4,1,1,2,31,6,1896,2,12,5,3,5
2018400805130,2,9,0,18,0,0,0,0,0,0,1,1,1,1,59,9,1995,2,8,9,1,9
2018400805295,1,9,0,1,9,0,0,0,0,0,2,1,6,1,22,5,1364,1,10,2,1,2
2018400805295,2,1,0,18,9,0,0,0,0,0,1,1,6,1,38,7,-1,-1,-1,2,1,2
2018400805481,1,9,0,4,0,0,0,0,0,0,1,1,6,1,35,6,1969,2,1,1,-1,1
2018400805481,2,5,0,13,0,0,0,0,0,0,3,1,2,1,27,6,600,1,6,4,2,4
2018400805491,1,9,0,18,0,1,0,0,0,0,1,1,6,2,17,4,1242,1,9,1,1,1
2018400805491,2,9,0,2,0,1,0,4,0,0,1,1,6,1,-1,-1,1386,1,11,-1,-1,-1
2018400805533,1,9,0,1,0,0,0,0,0,0,2,1,5,2,22,5,998,1,3,1,1,1
2018400805533,2,9,0,2,0,0,0,0,0,0,2,1,6,3,-1,-1,-1,-1,-1,-1,-1,-1
2018400805560,1,9,0,18,0,0,0,0,0,0,1,1,5,2,69,10,-1,-1,-1,6,1,6
2018400805638,1,20,1,18,0,0,0,0,0,0,4,1,1,1,63,9,-1,-1,-1,4,1,4
2018400805638,2,9,0,18,0,0,0,0,0,0,3,1,5,2,26,6,1598,1,7,2,1,2
2018400805699,1,9,0,18,0,0,0,0,0,0,3,1,6,1,29,6,1896,2,9,1,1,1
2018400805699,2,21,-1,-1,-1,0,-1,-1,-1,0,-1,1,6,3,-1,-1,12777,2,2,-1,-1,-1
2018400805711,1,9,0,7,0,2,0,0,0,0,1,1,6,2,74,10,998,1,3,4,1,4
2018400805721,1,9,0,18,0,0,0,0,0,0,3,1,6,1,68,10,1796,1,15,4,1,4
2018400805759,1,9,0,18,0,2,0,0,7,0,1,1,5,1,19,4,998,1,14,2,1,2
2018400805759,2,9,0,9,0,2,0,0,0,0,2,1,5,1,77,11,1360,1,10,9,2,9
2018400805845,1,9,0,5,0,4,0,0,0,0,1,1,5,2,59,9,1995,1,9,8,3,8
2018400805845,2,1,0,18,0,8,0,0,0,0,4,1,1,1,50,8,-1,-1,-1,10,1,10
2018400805861,1,19,0,18,0,1,0,0,0,0,1,1,6,3,-1,-1,-1,-1,-1,-1,-1,-1
2018400805861,2,9,0,3,0,1,0,0,0,0,2,1,2,1,37,7,1499,2,1,5,1,5
2018400805890,1,9,0,18,0,0,0,0,7,7,4,1,6,1,23,5,1796,2,4,-1,-1,-1
2018400805890,2,9,0,18,0,0,0,0,0,0,3,1,6,2,26,6,1590,1,13,5,1,5
2018400805933,1,9,0,18,0,2,0,0,0,0,1,1,6,1,32,6,1596,1,13,2,1,2
2018400805933,2,9,0,18,0,1,0,0,0,0,1,1,6,1,23,5,999,1,1,2,1,2
2018400806113,1,9,0,18,0,1,0,0,0,0,1,1,6,1,74,10,1343,1,14,2,1,2
2018400806113,2,1,0,18,0,1,0,0,0,0,3,1,2,1,22,5,-1,-1,-1,4,1,4
2018400806190,1,19,0,16,0,2,0,0,0,0,3,1,5,1,49,8,1598,2,6,6,1,6
2018400806205,1,9,0,18,0,0,0,0,0,0,2,1,6,1,58,9,1596,1,18,5,1,5
2018400806205,2,9,0,18,0,0,0,0,0,0,1,1,6,3,-1,-1,-1,-1,-1,-1,-1,-1
2018400806221,1,19,0,18,0,1,0,0,0,0,1,1,1,1,33,6,1968,2,2,4,1,4
2018400806221,2,9,0,3,0,1,0,0,0,0,2,1,2,2,39,7,1560,2,6,9,2,9
2018400806221,3,9,0,3,0,1,0,0,0,0,2,1,6,2,47,8,1360,1,14,7,1,7
2018400806363,1,9,0,4,0,0,0,0,0,0,1,1,6,1,-1,-1,1398,1,15,8,3,8
2018400806363,2,9,0,4,0,0,0,0,0,0,2,1,5,2,26,6,1197,1,1,9,1,9
2018400806428,1,9,0,4,0,1,0,0,0,0,1,1,5,2,24,5,1686,2,5,8,3,8
2018400806428,2,9,0,5,0,1,0,0,0,0,2,1,5,1,40,7,1968,2,1,3,1,3
2018400806447,1,9,0,18,0,0,2,0,7,0,3,1,2,2,22,5,1000,1,4,9,3,9
2018400806455,1,3,0,18,0,1,2,0,0,0,3,1,5,1,18,4,124,1,7,2,1,2
2018400806455,2,-1,0,18,0,1,0,0,0,0,0,1,6,3,-1,-1,-1,-1,-1,-1,-1,-1
2018400806455,3,9,0,18,0,1,0,0,0,0,3,1,6,3,-1,-1,-1,-1,-1,-1,-1,-1
2018400806532,1,9,0,18,0,1,0,0,0,0,1,1,5,1,24,5,1968,2,7,3,1,3
2018400806532,2,9,0,10,0,1,0,0,0,0,1,1,5,2,20,4,1197,1,3,7,3,7
2018400806533,1,9,0,14,0,0,0,0,0,0,4,1,5,1,18,4,1598,1,8,7,1,7
2018400806533,2,9,0,18,0,0,0,0,0,0,4,1,6,3,-1,-1,1399,2,14,-1,-1,-1
2018400806533,3,9,0,2,0,0,0,0,0,0,3,1,6,3,-1,-1,1598,2,4,-1,-1,-1
2018400806572,1,19,0,4,0,1,5,0,4,0,1,1,6,1,63,9,1248,2,3,6,1,6
2018400806572,2,9,0,4,0,1,0,0,1,0,2,1,6,2,55,8,1500,2,-1,1,1,1
2018400806605,1,9,0,1,0,1,0,0,0,0,2,1,6,3,-1,-1,-1,-1,-1,-1,-1,-1
2018400806619,1,9,0,9,0,5,0,0,0,0,1,1,5,1,84,11,1398,1,1,9,2,9
2018400806619,2,1,0,18,0,1,0,0,0,0,3,1,5,1,28,6,-1,-1,-1,10,2,10
2018400806643,1,9,0,18,0,1,0,0,0,0,0,1,6,3,-1,-1,-1,-1,-1,-1,-1,-1
2018400806679,1,9,0,6,0,0,0,0,0,0,1,1,6,1,52,8,1499,1,-1,7,1,7
2018400806679,2,9,0,13,0,0,0,0,7,0,3,1,6,2,39,7,1598,2,2,9,3,9
2018400806691,1,9,0,18,0,0,0,0,0,0,1,1,6,2,26,6,1198,1,3,3,1,3
2018400806691,2,9,0,18,0,0,0,0,0,0,2,1,6,1,37,7,1198,1,4,3,1,3
2018400806691,3,9,0,18,0,0,0,0,0,0,2,1,6,1,28,6,-1,-1,-1,3,1,3
2018400806705,1,9,0,18,0,0,2,0,0,0,1,1,5,2,77,11,1796,1,8,6,3,6
2018400806736,1,9,0,18,0,0,0,0,0,0,1,1,6,2,30,6,-1,-1,-1,9,1,9
2018400806736,2,4,0,4,0,0,0,0,0,0,2,1,6,1,41,7,313,1,-1,8,1,8
2018400806786,1,98,1,12,0,0,0,0,0,0,3,1,1,1,46,8,-1,-1,-1,-1,-1,-1
2018400806786,2,9,0,18,0,0,1,0,2,0,4,1,6,1,29,6,-1,-1,-1,7,1,7
2018400806797,1,9,0,17,0,0,0,0,1,0,1,1,5,2,30,6,1390,1,13,6,1,6
2018400806816,1,9,0,12,0,0,0,0,0,0,3,1,2,1,31,6,2179,2,6,2,1,2
2018400806816,2,3,0,11,0,0,0,0,0,0,4,1,6,1,48,8,124,1,9,5,1,5
2018400806863,1,9,0,17,0,1,0,0,0,0,1,1,2,1,17,4,-1,-1,-1,7,3,7
2018400806863,2,9,0,16,0,2,1,0,1,4,1,1,2,2,46,8,1364,2,10,9,2,9
2018400806896,1,9,0,9,0,0,0,0,0,0,3,1,6,1,40,7,1968,2,12,4,1,4
2018400806902,1,9,0,18,0,4,0,0,0,0,1,1,6,1,28,6,1999,1,19,5,-1,5
2018400806902,2,1,0,18,0,3,0,0,0,0,4,1,6,1,75,10,-1,-1,-1,5,1,5
2018400806924,1,9,0,4,0,0,0,0,0,0,1,1,5,1,52,8,1498,1,7,10,1,10
2018400806924,2,9,0,4,0,0,0,0,0,0,2,1,5,1,31,6,1968,2,7,6,1,6
2018400806924,3,9,0,4,0,0,0,0,0,0,1,1,5,1,69,10,1499,2,2,6,1,6
2018400806924,4,9,0,4,0,0,0,0,0,0,1,1,5,1,48,8,1991,1,1,6,1,6
2018400806971,1,9,0,17,0,0,0,0,0,0,1,1,1,1,52,8,1364,1,4,4,1,4
2018400807070,1,9,0,18,0,0,0,0,0,0,1,1,6,2,30,6,1199,2,6,7,1,7
2018400807070,2,9,0,18,0,0,0,0,0,0,1,1,6,2,22,5,1364,1,11,9,1,9
2018400807070,3,9,0,18,0,0,0,0,0,0,2,1,6,1,47,8,1995,2,-1,8,3,8
2018400807220,1,19,0,18,0,1,0,0,0,0,4,1,6,3,-1,-1,1968,2,-1,-1,-1,-1
2018400807220,2,1,0,18,0,1,0,0,0,0,1,1,6,1,16,4,-1,-1,-1,4,1,4
2018400807490,1,9,0,3,0,0,0,0,0,0,2,1,6,2,52,8,2926,2,17,7,3,7
2018400807490,2,9,0,4,0,0,0,0,0,0,1,1,6,3,-1,-1,2496,2,16,-1,-1,-1
2018400807549,1,9,0,18,0,1,0,0,0,0,1,1,6,1,-1,-1,1397,1,16,-1,-1,-1
2018400807633,1,9,0,13,0,8,0,0,0,0,1,1,1,1,75,10,1900,2,13,4,1,4
2018400807633,2,9,0,9,0,1,0,0,0,0,4,1,5,2,30,6,1798,1,10,7,1,7
2018400807659,1,9,0,14,0,1,1,0,7,0,1,1,2,1,30,6,2979,1,1,3,1,3
2018400807659,2,9,0,2,9,1,0,0,0,0,2,1,6,3,-1,-1,-1,-1,-1,-1,-1,-1
2018400807659,3,9,0,2,9,1,0,0,0,0,1,1,6,3,-1,-1,-1,-1,-1,-1,-1,-1
2018400807665,1,9,0,16,0,0,1,0,1,10,4,1,5,1,19,4,1595,1,8,10,1,10
2018400807672,1,9,0,18,0,8,0,0,0,0,3,1,6,2,18,4,1796,1,15,5,1,5
2018400807672,2,9,0,18,0,8,0,0,0,0,3,1,5,1,22,5,1999,2,2,5,1,5
2018400807929,1,9,0,5,0,0,1,0,0,0,3,1,6,1,37,7,2993,2,-1,2,1,2
2018400807929,2,9,0,4,0,0,1,7,0,0,1,1,5,1,22,5,1896,2,16,2,1,2
2018400808181,1,19,0,1,0,0,0,0,0,0,2,1,6,1,22,5,-1,-1,-1,3,1,3
2018400808313,1,9,0,18,0,1,0,0,0,0,0,1,1,1,29,6,2993,2,2,-1,-1,-1
2018400808313,2,19,0,18,0,8,0,0,0,0,1,1,6,3,-1,-1,1686,2,12,-1,-1,-1
2018400808313,3,9,0,18,0,8,2,0,0,0,3,1,5,2,35,6,1390,1,11,3,1,3
2018400808367,1,9,0,18,0,0,0,0,1,0,1,1,6,3,-1,-1,-1,-1,-1,-1,-1,-1
2018400808657,1,9,0,7,0,8,0,0,0,0,1,1,6,1,21,5,1390,1,11,4,1,4
2018400808657,2,1,0,18,0,8,0,0,0,0,1,1,6,1,17,4,-1,-1,-1,2,1,2
2018400808663,1,9,0,18,0,8,0,0,0,0,1,1,6,2,28,6,1242,1,3,4,1,4
2018400808663,2,9,0,18,0,8,0,0,0,0,2,1,6,2,36,7,1686,2,3,3,1,3
2018400808858,1,9,0,17,0,0,0,0,0,0,1,1,5,2,42,7,1896,2,13,6,1,6
2018400808858,2,9,0,4,0,0,0,0,0,0,2,1,5,2,38,7,1995,2,8,9,1,9
2018400808919,1,21,1,17,0,8,4,0,1,7,4,1,1,1,58,9,12777,2,3,2,1,2
2018400808952,1,-1,0,18,0,0,0,0,0,0,1,1,6,3,-1,-1,-1,-1,-1,-1,-1,-1
2018400808952,2,1,0,18,0,0,0,0,0,0,4,1,5,1,29,6,-1,-1,-1,2,1,2
2018400808991,1,9,0,9,0,1,0,0,0,0,4,1,5,1,17,4,1390,1,12,6,1,6
2018400809346,1,9,0,3,0,1,0,0,0,0,1,1,6,1,18,4,1398,2,5,5,1,5
2018400809346,2,9,0,3,0,1,0,0,0,0,2,1,6,2,34,6,2995,1,14,7,1,7
2018400809415,1,9,0,18,0,1,0,0,0,0,1,1,5,1,41,7,1991,2,10,3,1,3
2018400809415,2,9,0,9,0,1,0,0,0,0,2,1,5,1,31,6,3596,1,13,3,1,3
2018400809776,1,9,0,18,0,1,0,0,0,0,3,1,5,1,32,6,1598,1,10,1,1,1
2018400809776,2,9,0,9,0,5,0,0,1,0,0,1,6,3,-1,-1,-1,-1,-1,-1,-1,-1
2018400809776,3,9,0,9,0,5,0,0,1,0,1,1,6,1,-1,-1,1199,2,7,2,1,2
2018400809823,1,3,0,18,0,1,0,0,0,0,1,1,5,1,17,4,124,1,3,8,1,8
2018400809823,2,9,0,18,0,2,0,0,0,0,1,1,3,2,37,7,1797,1,2,4,1,4
2018400811034,1,9,0,18,0,2,1,0,0,0,2,1,5,1,77,11,1995,2,7,7,1,7