Accident_Index,Vehicle_Reference,Vehicle_Type,Towing_and_Articulation,Vehicle_Manoeuvre,Vehicle_Location-Restricted_Lane,Junction_Location,Skidding_and_Overturning,Hit_Object_in_Carriageway,Vehicle_Leaving_Carriageway,Hit_Object_off_Carriageway,1st_Point_of_Impact,Was_Vehicle_Left_Hand_Drive?,Journey_Purpose_of_Driver,Sex_of_Driver,Age_of_Driver,Age_Band_of_Driver,Engine_Capacity_(CC),Propulsion_Code,Age_of_Vehicle,Driver_IMD_Decile,Driver_Home_Area_Type,Vehicle_IMD_Decile
2018400811034,2,9,0,18,0,2,0,0,0,0,1,1,5,1,82,11,2143,2,5,9,3,9
2018400811484,1,9,0,18,0,3,0,0,3,0,1,1,6,1,89,11,999,1,3,5,1,5
2018400811484,2,9,0,18,0,1,0,0,0,0,1,1,6,1,39,7,1598,2,4,3,1,3
2018400811644,1,9,0,18,0,0,1,0,0,0,1,1,6,3,33,6,1600,1,27,7,1,7
2018400811644,2,9,0,18,0,0,0,0,0,0,1,1,6,1,75,10,-1,-1,-1,10,1,10
2018400812032,1,9,0,18,0,8,0,0,0,0,1,1,6,1,17,4,1686,2,7,5,2,5
2018400812032,2,9,0,9,0,8,0,0,0,0,3,1,1,1,40,7,1968,2,7,4,1,4
2018400812051,1,9,0,18,0,8,1,0,8,10,1,1,5,1,20,4,1910,2,10,9,1,9
2018400812051,2,9,0,18,0,8,0,0,0,0,0,1,1,1,40,7,2993,2,-1,6,1,6
2018400813411,1,9,0,18,0,2,0,0,0,0,1,1,6,3,-1,-1,-1,-1,-1,-1,-1,-1
2018400818996,1,9,0,18,0,1,0,0,0,0,1,1,5,1,82,11,1398,1,3,6,1,6
2018400819701,1,9,0,9,0,8,0,0,0,0,1,1,6,1,22,5,1796,1,11,4,1,4
2018400819701,2,9,0,18,0,8,0,0,0,0,1,1,6,1,40,7,1199,1,15,3,1,3
2018400819998,1,9,0,18,0,0,2,0,1,1,2,1,5,1,21,5,1396,1,18,6,3,6
2018400819998,2,9,0,12,0,0,0,0,0,0,0,1,6,3,-1,-1,-1,-1,-1,-1,-1,-1
2018400824106,1,11,0,7,0,4,0,0,2,0,4,1,1,1,-1,-1,-1,-1,-1,-1,-1,-1
2018400824164,1,9,0,4,0,4,0,0,7,0,1,1,5,1,46,8,1598,1,12,3,1,3
2018400824164,2,1,0,4,0,4,0,0,1,0,1,1,6,1,42,7,-1,-1,-1,2,1,2
2018400830609,1,9,0,18,0,2,0,0,0,0,2,1,2,2,46,8,2148,2,15,3,1,3
2018400830609,2,9,0,18,0,2,0,0,0,0,1,1,2,1,54,8,1560,2,8,4,1,4
2018400833364,1,9,0,18,0,8,0,0,0,0,1,1,6,3,-1,-1,1984,1,3,-1,-1,-1
2018400833364,2,9,0,18,0,8,1,0,7,11,3,1,6,1,28,6,5204,1,8,4,1,4
2018400834110,1,9,0,4,0,1,0,0,0,0,1,1,6,1,37,7,1995,2,4,4,1,4
2018400834110,2,9,0,7,0,1,0,0,0,0,1,1,6,3,-1,-1,1560,2,-1,-1,-1,-1
2018400841242,1,9,0,18,0,0,0,0,0,0,0,1,6,2,52,8,1796,1,13,5,2,5
2018410255492,1,9,0,1,9,0,0,0,0,0,2,1,1,1,45,7,1686,2,7,4,1,4
2018410256169,1,98,1,10,0,0,0,0,0,0,1,1,1,1,49,8,-1,-1,-1,-1,-1,-1
2018410256169,2,9,0,18,0,0,1,0,0,0,1,1,1,1,61,9,-1,-1,-1,4,1,4
2018410256318,1,9,0,18,0,0,0,0,0,0,1,1,5,1,60,9,1598,1,3,8,1,8
2018410256460,1,4,0,4,0,0,1,0,0,0,1,1,5,1,23,5,321,1,2,5,1,5
2018410256460,2,9,0,4,0,0,0,0,0,0,2,1,2,2,21,5,1398,1,3,4,1,4
2018410256928,1,9,0,9,0,5,0,0,0,0,1,1,2,1,37,7,-1,-1,-1,6,1,6
2018410257115,1,9,0,-1,-1,0,-1,-1,-1,0,-1,1,5,3,-1,-1,1950,2,1,7,1,7
2018410257115,2,9,0,-1,-1,0,-1,-1,-1,0,-1,1,5,2,35,6,-1,-1,-1,5,1,5
2018410257173,1,9,0,4,0,4,0,0,0,0,2,1,5,1,24,5,1896,2,9,9,1,9
2018410257173,2,9,0,4,0,4,0,0,0,0,1,1,5,2,39,7,1598,1,13,3,1,3
2018410257705,1,9,0,18,0,2,0,0,0,0,1,1,6,2,58,9,1598,1,10,7,1,7
2018410257774,1,9,0,18,0,0,2,0,1,0,4,1,2,1,35,6,-1,-1,-1,10,3,10
2018410258005,1,9,0,4,0,0,0,0,0,0,1,1,2,2,23,5,1598,2,3,10,2,10
2018410258005,2,9,0,5,0,0,0,0,0,0,2,1,2,2,50,8,1598,1,10,7,1,7
2018410258053,1,9,0,7,0,0,0,0,0,0,0,1,6,1,23,5,1242,1,4,10,3,10
2018410258053,2,1,0,18,0,0,0,0,0,0,0,1,6,1,10,2,-1,-1,-1,4,1,4
2018410258196,1,9,0,18,0,0,0,12,7,0,1,1,5,2,35,6,1587,1,14,3,3,3
2018410258218,1,9,0,18,0,0,1,0,0,0,1,1,2,2,38,7,1598,2,4,6,1,6
2018410258218,2,9,0,18,0,0,0,0,0,0,2,1,2,1,38,7,1197,1,4,6,1,6
2018410258218,3,9,0,18,0,0,0,0,0,0,2,1,2,1,40,7,1997,2,5,4,3,4
2018410258520,1,9,0,18,0,1,0,0,0,0,1,1,6,1,58,9,2993,2,9,3,1,3
2018410258587,1,98,0,18,0,4,0,0,0,0,3,1,6,1,-1,-1,-1,-1,-1,-1,-1,-1
2018410258587,2,1,0,18,0,4,0,0,0,0,2,1,6,1,18,4,-1,-1,-1,10,1,10
2018410258609,1,9,0,18,0,0,0,0,1,11,3,1,6,1,42,7,-1,-1,-1,8,1,8
2018410258609,2,9,0,18,0,0,0,0,0,0,4,1,6,1,34,6,-1,-1,-1,8,2,8
2018410258609,3,90,1,11,0,0,0,0,0,0,0,1,1,1,66,10,-1,-1,-1,10,2,10
2018410258633,1,9,0,18,0,4,0,0,0,0,1,1,6,3,-1,-1,1499,1,1,-1,-1,-1
2018410258633,2,9,0,18,0,3,0,0,0,0,3,1,1,2,39,7,2993,2,6,3,1,3
2018410258907,1,9,0,12,0,1,0,0,0,0,3,1,6,3,-1,-1,-1,-1,-1,-1,-1,-1
2018410258907,2,9,0,18,0,8,1,0,4,6,4,1,6,2,25,5,1598,1,12,9,1,9
2018410259014,1,9,0,5,0,8,0,0,0,0,4,1,6,1,23,5,1598,2,3,10,1,10
2018410259014,2,9,0,18,0,8,0,0,0,0,1,1,6,1,53,8,1968,2,2,9,1,9
2018410259032,1,9,0,15,0,0,0,0,0,0,4,1,5,2,91,11,1240,1,8,9,1,9
2018410259032,2,1,0,5,0,0,0,0,0,0,3,1,5,1,50,8,-1,-1,-1,10,2,10
2018410259036,1,9,0,18,0,0,0,0,0,0,1,1,6,3,-1,-1,-1,-1,-1,-1,-1,-1
2018410259043,1,9,0,18,0,0,0,0,0,0,1,1,6,1,-1,-1,1124,1,15,-1,-1,-1
2018410259043,2,9,0,3,0,0,0,0,0,0,2,1,6,2,32,6,998,1,1,4,1,4
2018410259043,3,9,0,3,0,0,0,0,0,0,2,1,6,1,-1,-1,-1,-1,-1,-1,-1,-1
2018410259069,1,9,0,4,0,0,0,0,0,0,1,1,5,3,-1,-1,-1,-1,-1,-1,-1,-1
2018410259069,2,1,0,18,0,0,0,0,0,0,4,1,6,2,30,6,-1,-1,-1,8,1,8
2018410259176,1,9,0,18,0,0,0,0,0,0,1,1,6,1,89,11,1149,1,8,5,1,5
2018410259442,1,1,0,9,0,0,0,0,0,0,1,1,6,1,30,6,-1,-1,-1,10,1,10
2018410259442,2,9,0,16,0,0,0,0,0,0,1,1,6,1,53,8,1364,1,11,5,1,5
2018410259560,1,9,0,11,0,0,0,0,0,0,1,1,2,1,57,9,-1,-1,-1,9,1,9
2018410259560,2,97,0,16,0,0,0,0,0,0,1,1,2,1,51,8,-1,-1,-1,9,1,9
2018410259601,1,9,0,18,0,0,0,0,0,0,1,1,1,2,72,10,1596,1,4,10,1,10
2018410259619,1,9,0,7,0,2,0,0,0,0,1,1,2,2,44,7,1598,1,12,4,1,4
2018410259750,1,9,0,9,0,0,0,0,0,0,3,1,6,1,64,9,1299,1,18,6,1,6
2018410259750,2,9,0,18,0,0,0,0,0,0,1,1,6,1,36,7,1896,2,17,7,1,7
2018410259753,1,9,0,18,0,1,0,0,0,0,1,1,6,1,73,10,1598,1,7,5,1,5
2018410259753,2,9,0,2,0,1,0,0,0,0,3,1,5,2,35,6,1686,2,7,6,1,6
2018410259888,1,9,0,4,0,0,0,0,0,0,1,1,1,1,38,7,1968,2,4,9,1,9
2018410259888,2,9,0,4,0,0,0,0,0,0,2,1,1,2,24,5,1396,1,8,5,1,5
2018410259888,3,9,0,4,0,0,0,0,0,0,2,1,1,1,28,6,1198,1,4,7,1,7
2018410259888,4,9,0,4,0,0,0,0,0,0,2,1,1,2,23,5,1242,1,10,5,1,5
2018410259888,5,9,0,4,0,0,0,0,0,0,1,1,1,1,56,9,1199,1,17,4,1,4
2018410259944,1,9,0,11,0,0,0,0,0,0,2,1,6,2,33,6,1796,1,13,9,1,9
2018410259944,2,9,0,18,0,0,0,0,1,0,1,1,1,2,21,5,1499,2,3,7,1,7
2018410259961,1,9,0,18,0,0,0,0,0,0,1,1,3,2,36,7,1242,1,4,10,1,10
2018410259961,2,9,0,18,0,0,0,0,0,0,1,1,3,2,41,7,-1,-1,-1,10,3,10
2018410259962,1,9,0,18,0,1,1,0,0,0,3,1,3,2,52,8,1596,1,17,6,1,6
2018410260008,1,9,0,18,0,0,0,0,0,0,4,1,5,2,59,9,1197,1,2,10,1,10
2018410260017,1,9,0,4,0,0,0,0,0,0,1,1,2,2,31,6,1398,1,6,5,1,5
2018410260017,2,9,0,4,0,0,0,0,0,0,2,1,2,1,27,6,1596,1,7,4,1,4
2018410260221,1,9,0,18,0,0,0,0,0,0,4,1,6,2,27,6,-1,-1,-1,9,1,9
2018410260221,2,9,0,18,0,0,0,0,0,0,3,1,6,1,33,6,1229,1,7,7,1,7
2018410260329,1,9,0,5,5,6,0,0,0,0,1,1,1,1,45,7,-1,-1,-1,6,1,6
2018410260384,1,9,0,4,0,0,0,0,0,0,2,1,6,3,-1,-1,-1,-1,-1,-1,-1,-1
2018410260384,2,9,0,4,0,0,0,0,0,0,1,1,6,3,-1,-1,1198,1,4,7,1,7
2018410260384,3,9,0,4,0,0,0,0,0,0,1,1,6,1,27,6,1395,1,3,4,1,4
2018410260384,4,9,0,4,0,0,0,0,0,0,2,1,1,1,35,6,1968,2,4,3,1,3
2018410260384,5,-1,0,4,0,0,0,0,0,0,1,1,6,3,-1,-1,-1,-1,-1,-1,-1,-1
2018410260935,1,1,0,18,0,8,0,0,0,0,0,1,6,3,-1,-1,-1,-1,-1,-1,-1,-1
2018410260935,2,9,0,4,0,8,0,0,0,0,2,1,1,2,39,7,2204,2,8,8,1,8
2018410260935,3,9,0,18,0,8,0,0,0,0,1,1,6,2,-1,-1,1799,1,9,-1,-1,-1
2018410260961,1,9,0,5,0,1,0,0,0,0,3,1,6,3,-1,-1,1998,1,15,-1,-1,-1
2018410260961,2,1,0,18,0,1,0,0,0,0,4,1,2,1,37,7,-1,-1,-1,4,1,4
2018410261032,1,9,0,18,0,2,0,0,0,0,4,1,5,1,55,8,1591,1,11,6,1,6
2018410261092,1,9,0,17,0,0,0,4,0,0,1,1,5,2,80,11,1360,1,8,9,3,9
2018410261092,2,9,0,2,0,0,0,0,1,0,2,1,5,2,38,7,1968,2,7,5,1,5
2018410261268,1,9,0,9,0,5,0,0,0,0,1,1,6,3,-1,-1,995,1,12,-1,-1,-1
2018410261268,2,1,0,18,0,8,0,0,7,0,3,1,2,1,54,8,-1,-1,-1,10,1,10
2018410261282,1,9,0,9,0,8,0,0,0,0,4,1,5,2,30,6,1197,1,2,4,1,4
2018410261282,2,1,0,18,0,8,0,0,0,0,1,1,2,1,48,8,-1,-1,-1,7,1,7
2018410261301,1,9,0,3,0,1,0,0,0,0,1,1,5,2,74,10,1364,1,14,3,1,3
2018410261301,2,9,0,4,0,1,0,0,0,0,1,1,5,1,27,6,1796,1,17,10,1,10
2018410261320,1,9,0,9,0,0,0,0,0,0,0,1,2,2,56,9,1329,1,6,9,1,9
2018410261320,2,3,0,18,0,0,0,0,0,0,4,1,5,1,18,4,125,1,1,9,3,9
2018410261363,1,9,0,11,0,1,1,0,1,4,1,1,6,2,37,7,1390,1,6,7,3,7
2018410261367,1,9,0,4,0,4,0,11,0,0,1,1,6,1,63,9,999,1,2,8,1,8
2018410261367,2,9,0,18,0,4,0,9,3,0,1,1,6,1,57,9,-1,-1,-1,2,1,2
2018410261385,1,9,0,13,0,0,1,0,1,0,3,1,6,1,21,5,1388,1,14,5,1,5
2018410261385,2,19,0,18,0,0,0,0,0,0,3,1,6,1,47,8,2198,2,5,4,1,4
2018410261385,3,9,0,18,0,0,0,0,0,0,1,1,6,1,68,10,1197,1,1,8,1,8
2018410261388,1,9,0,6,0,8,0,0,0,0,3,1,1,2,29,6,1200,1,1,7,1,7
2018410261388,2,9,0,18,0,8,0,0,0,0,1,1,1,1,33,6,2204,2,11,6,1,6
2018410261411,1,9,0,9,0,5,0,0,0,0,1,1,6,2,77,11,1390,1,9,10,1,10
2018410261415,1,9,0,17,0,0,0,0,0,0,1,1,6,2,23,5,1198,1,14,9,1,9
2018410261415,2,9,0,16,0,0,0,0,0,0,1,1,6,1,53,8,999,1,4,5,1,5
2018410261417,1,9,0,17,0,0,2,0,0,0,0,1,1,1,30,6,1388,1,6,10,1,10
2018410261427,1,19,0,4,0,0,0,0,0,0,1,1,1,1,25,5,1995,2,1,6,3,6
2018410261427,2,19,0,4,0,0,0,0,0,0,2,1,1,1,32,6,1598,2,7,10,3,10
2018410261427,3,9,0,4,0,0,0,0,0,0,2,1,1,1,30,6,1968,2,4,8,1,8
2018410261437,1,11,0,4,2,0,0,0,0,0,1,1,1,1,63,9,9200,2,14,7,1,7
2018410261511,1,9,0,18,0,0,0,0,0,0,4,1,2,2,63,9,1360,1,6,5,1,5
2018410261537,1,9,0,5,0,6,0,0,0,0,3,1,5,2,81,11,-1,-1,-1,9,1,9
2018410261537,2,9,0,18,0,1,0,0,0,0,1,1,5,1,-1,-1,2902,2,11,10,3,10
2018410261566,1,9,0,4,9,0,0,0,0,0,4,1,6,1,64,9,1197,1,1,8,1,8
2018410261566,2,1,0,18,9,0,0,0,0,0,1,1,6,1,60,9,-1,-1,-1,3,1,3
2018410261722,1,9,0,18,0,0,2,0,1,10,1,1,2,1,30,6,1124,1,17,8,1,8
2018410261763,1,9,0,18,0,0,0,0,0,0,4,1,6,2,86,11,1390,1,16,7,1,7
2018410261809,1,9,0,18,0,2,1,0,0,0,1,1,6,1,24,5,1595,1,3,7,1,7
2018410261809,2,9,0,18,0,2,0,0,0,0,1,1,5,2,20,4,1242,1,5,5,1,5
2018410261844,1,9,0,8,0,4,0,0,0,0,1,1,6,1,19,4,1368,1,11,10,1,10
2018410261844,2,9,0,5,0,4,0,0,0,0,2,1,6,1,50,8,1598,1,13,9,1,9
2018410261851,1,9,0,18,0,0,0,0,0,0,1,1,6,2,40,7,3311,8,11,10,1,10
2018410261851,2,9,0,18,0,0,1,0,0,0,2,1,6,2,24,5,1461,2,4,4,1,4
2018410261851,3,9,0,18,0,0,1,0,0,0,2,1,6,2,27,6,-1,-1,-1,5,1,5
2018410261851,4,9,0,18,0,0,0,0,0,0,2,1,6,1,48,8,2148,2,11,2,1,2
2018410262046,1,9,0,18,0,1,0,0,0,0,1,1,1,1,42,7,1598,1,4,9,1,9
2018410262046,2,9,0,18,0,1,0,0,0,0,4,1,1,1,24,5,1997,2,16,5,1,5
2018410262303,1,3,0,18,0,0,0,0,0,0,1,1,5,1,27,6,125,1,4,5,1,5
2018410262331,1,8,0,18,0,0,0,0,0,0,4,1,6,3,-1,-1,-1,-1,-1,-1,-1,-1
2018410262414,1,9,0,18,0,2,0,10,1,11,1,1,6,1,48,8,1969,2,2,-1,-1,-1
2018410262470,1,9,0,18,0,0,2,0,1,4,1,1,5,2,20,4,1598,2,5,8,1,8
2018410262605,1,9,0,18,0,0,0,0,0,0,1,1,1,1,24,5,-1,-1,-1,2,1,2
2018410262605,2,98,0,18,0,0,0,0,0,0,2,1,6,3,-1,-1,-1,-1,-1,-1,-1,-1
2018410262605,3,9,0,18,0,0,0,0,0,0,2,1,1,1,20,4,-1,-1,-1,7,1,7
2018410262674,1,9,0,9,0,0,0,0,0,0,1,1,5,2,-1,-1,1598,2,7,5,1,5
2018410262674,2,9,0,18,0,0,0,0,0,0,4,1,3,1,24,5,1753,2,11,3,1,3
2018410262696,1,9,0,18,0,0,2,11,1,0,1,1,5,1,26,6,2993,2,11,3,1,3
2018410262712,1,3,0,7,0,4,1,0,0,0,4,1,2,2,23,5,124,1,1,8,1,8
2018410262807,1,9,0,18,0,8,2,0,1,0,4,1,6,1,39,7,-1,-1,-1,10,1,10
2018410262807,2,9,0,5,0,6,1,0,1,11,3,1,6,2,35,6,-1,-1,-1,7,1,7
2018410262833,1,9,0,18,0,0,0,0,0,0,1,1,5,1,43,7,1498,1,2,6,1,6
2018410262927,1,9,0,18,0,2,0,0,0,0,1,1,3,1,25,5,1149,1,10,4,1,4
2018410262963,1,9,0,5,0,4,0,0,0,0,3,1,5,1,84,11,998,1,2,9,1,9
2018410262963,2,1,0,5,0,4,0,0,0,0,1,1,6,1,47,8,-1,-1,-1,10,1,10
2018410263206,1,9,0,9,0,6,0,0,0,0,3,1,1,1,55,8,2494,8,3,8,1,8
2018410263206,2,5,0,18,0,1,1,0,0,0,4,1,1,1,54,8,-1,-1,-1,7,1,7
2018410263249,1,9,0,18,9,0,0,10,3,0,1,1,6,2,88,11,1390,1,16,9,1,9
2018410263265,1,4,0,10,0,0,0,0,0,0,1,1,5,1,60,9,249,1,9,10,1,10
2018410263265,2,1,0,18,0,0,1,0,0,0,2,1,6,1,14,3,-1,-1,-1,10,1,10
2018410263313,1,9,0,18,0,0,0,0,0,0,1,1,5,1,60,9,1496,1,1,5,1,5
2018410263399,1,9,0,18,0,0,0,0,0,0,1,1,6,1,45,7,1149,1,14,9,1,9
2018410263399,2,9,0,14,0,0,0,0,0,0,1,1,6,2,55,8,-1,-1,-1,10,1,10
2018410263431,1,9,0,2,0,0,0,0,0,0,3,1,6,3,-1,-1,-1,-1,-1,-1,-1,-1
2018410263431,2,9,0,18,0,0,0,8,0,0,4,1,6,1,91,11,1199,1,17,10,1,10
2018410263472,1,9,0,18,0,2,0,0,0,0,3,1,6,3,-1,-1,2993,2,2,-1,-1,-1
2018410263497,1,9,0,4,0,1,0,0,0,0,1,1,5,2,28,6,1339,8,11,9,1,9
2018410263500,1,9,0,18,0,0,0,0,0,0,0,1,1,1,36,7,2400,2,4,-1,-1,-1
2018410263500,2,9,0,18,0,0,0,0,0,0,0,1,1,1,45,7,2400,2,4,-1,-1,-1
2018410263500,3,9,0,18,0,0,0,0,5,6,2,1,1,1,46,8,2400,2,5,-1,-1,-1
2018410263500,4,9,0,18,0,0,0,0,0,0,1,1,1,1,32,6,2993,2,2,-1,-1,-1
2018410263500,5,9,0,18,0,0,0,0,0,0,4,1,1,1,39,7,2993,2,2,-1,-1,-1
2018410263500,6,9,0,18,0,0,0,0,0,0,1,1,1,1,37,7,1248,2,4,-1,-1,-1
2018410263500,7,9,0,18,0,0,0,0,0,0,3,1,5,1,19,4,2967,2,4,-1,-1,-1
2018410263500,8,9,0,18,0,0,0,0,0,0,4,1,6,1,57,9,1596,1,17,5,1,5
2018410263529,1,9,0,3,0,4,0,0,0,0,1,1,6,1,21,5,1598,1,6,10,1,10
2018410263529,2,9,0,5,0,4,0,0,0,0,2,1,5,1,36,7,2987,2,1,6,1,6
2018410263529,3,9,0,5,0,4,0,0,0,0,2,1,6,2,58,9,1296,1,11,6,1,6
2018410263610,1,1,0,16,0,8,0,0,0,0,1,1,5,1,-1,-1,-1,-1,-1,-1,-1,-1
2018410263628,1,9,0,18,0,8,0,0,0,0,0,1,5,1,31,6,1598,1,5,8,2,8
2018410263628,2,1,0,18,0,8,0,0,0,0,1,1,5,1,42,7,-1,-1,-1,7,1,7
2018410263720,1,9,0,18,0,0,5,10,7,11,1,1,5,1,20,4,1360,1,13,8,3,8
2018410263743,1,9,0,18,0,0,0,0,0,0,1,1,5,1,43,7,-1,-1,-1,8,1,8
2018410263743,2,9,0,9,0,0,0,0,0,0,3,1,2,1,57,9,-1,-1,-1,5,1,5
2018410263826,1,9,0,4,0,0,0,0,0,0,1,1,6,1,48,8,1910,2,12,2,1,2
2018410263826,2,9,0,4,0,0,0,0,0,0,2,1,6,2,35,6,1997,2,3,7,1,7
2018410263826,3,9,0,4,0,0,0,0,0,0,2,1,6,1,25,5,1968,2,10,2,1,2
2018410263826,4,9,0,4,0,0,0,0,0,0,2,1,6,2,26,6,1395,1,1,9,1,9
2018410263903,1,9,0,5,0,0,0,0,0,0,0,1,1,1,25,5,-1,-1,-1,2,1,2
2018410263905,1,9,0,9,0,8,0,0,0,0,1,1,2,2,37,7,1948,1,17,10,1,10
2018410263905,2,9,0,18,0,8,0,0,0,0,1,1,2,2,29,6,1596,1,13,1,1,1
2018410263915,1,9,0,18,0,0,0,0,0,0,1,1,6,1,71,10,1560,2,8,10,1,10
2018410263915,2,9,0,18,0,0,0,0,0,0,2,1,6,1,67,10,996,1,2,10,1,10
2018410263915,3,9,0,2,0,0,0,4,0,0,2,1,6,3,-1,-1,1794,1,13,-1,-1,-1
2018410263978,1,9,0,9,0,0,0,0,0,0,4,1,1,2,23,5,1598,2,3,4,1,4
2018410263978,2,1,0,15,0,0,0,0,0,0,1,1,1,2,55,8,-1,-1,-1,4,1,4
2018410264153,1,9,0,18,0,4,0,0,0,0,0,1,6,2,25,5,1364,1,10,7,2,7
2018410264153,2,9,0,5,0,4,0,0,0,0,1,1,6,1,72,10,1242,1,19,7,3,7
2018410264202,1,9,0,5,0,1,0,0,0,0,3,1,5,2,30,6,1995,2,6,5,1,5
2018410264202,2,8,0,18,0,1,0,0,0,0,1,1,1,1,-1,-1,1797,8,8,4,1,4
2018410264268,1,9,0,5,0,6,0,0,0,0,1,1,6,1,47,8,-1,-1,-1,4,1,4
2018410264268,2,9,0,18,0,1,1,0,0,0,4,1,5,1,22,5,-1,-1,-1,5,3,5
2018410264342,1,9,0,18,0,0,0,-1,0,0,0,1,6,1,40,7,2993,2,14,6,1,6
2018410264342,2,9,0,18,0,0,0,-1,0,0,0,1,6,2,-1,-1,1386,1,14,10,1,10
2018410264342,3,9,-1,-1,-1,0,-1,-1,-1,0,-1,1,6,1,-1,-1,1969,2,4,6,1,6
2018410264751,1,9,0,9,0,2,0,0,0,0,1,1,5,2,68,10,1390,1,12,5,1,5
2018410265234,1,9,0,18,9,1,0,7,0,0,1,1,5,1,76,11,-1,-1,-1,10,1,10
2018410265298,1,9,0,7,0,1,0,0,7,10,1,1,5,1,38,7,-1,-1,-1,4,1,4
2018410265298,2,9,0,7,0,1,0,0,0,0,2,1,5,1,51,8,1995,2,15,5,1,5
2018410265298,3,9,0,2,0,1,0,0,0,0,3,1,6,3,-1,-1,-1,-1,-1,-1,-1,-1
2018410265341,1,9,0,13,0,3,1,0,0,0,4,1,5,1,42,7,1679,1,17,7,1,7
2018410265341,2,21,1,18,0,3,0,0,0,0,3,1,1,1,-1,-1,12902,2,4,-1,-1,-1
2018410265370,1,9,0,18,0,0,1,0,0,0,1,1,6,3,-1,-1,1999,1,12,-1,-1,-1
2018410265370,2,9,0,11,0,0,5,0,1,0,4,1,6,2,43,7,-1,-1,-1,9,1,9
2018410265490,1,9,0,18,0,1,0,0,0,0,1,1,6,1,31,6,1896,2,17,7,1,7
2018410265490,2,2,0,18,0,1,0,0,0,0,1,1,6,1,24,5,49,1,17,6,1,6
2018410265521,1,1,0,18,0,6,0,0,0,0,2,1,6,1,66,10,-1,-1,-1,2,1,2
2018410265521,2,9,0,7,0,4,0,0,0,0,3,1,6,1,80,11,2987,2,1,10,3,10
2018410265523,1,9,0,18,0,1,0,0,0,0,4,1,5,2,45,7,1968,2,2,9,3,9
2018410265525,1,9,0,2,0,7,0,0,0,0,0,1,6,2,54,8,995,1,11,5,1,5
2018410265525,2,9,0,18,0,7,0,0,0,0,4,1,6,1,45,7,1968,2,9,10,1,10
2018410265525,3,8,0,18,0,7,0,0,0,0,2,1,1,1,71,10,2143,2,1,7,1,7
2018410265525,4,9,0,18,0,7,0,0,0,0,1,1,6,1,70,10,1339,1,13,7,1,7
2018410265551,1,9,0,9,0,2,0,0,0,0,1,1,5,2,35,6,2993,2,3,8,1,8
2018410265551,2,9,0,18,0,1,0,0,0,0,1,1,5,1,24,5,1339,8,9,3,1,3
2018410265621,1,9,0,4,0,1,1,0,0,0,1,1,2,1,20,4,1988,1,17,6,1,6
2018410265621,2,9,0,18,0,1,0,0,0,0,1,1,6,2,33,6,1968,2,13,10,1,10
2018410265621,3,9,0,10,0,1,0,0,0,0,2,1,6,2,37,7,1968,2,1,9,1,9
2018410265627,1,2,0,18,5,0,5,0,0,0,1,1,6,1,17,4,49,1,7,6,1,6
2018410265672,1,9,0,1,9,0,0,0,0,0,2,1,5,1,76,11,1422,2,10,6,1,6
2018410265672,2,22,0,18,9,0,0,0,0,0,4,1,6,2,46,8,-1,-1,-1,5,1,5
2018410265675,1,9,0,2,0,2,0,0,0,0,0,1,1,2,-1,-1,999,1,2,8,1,8
2018410265675,2,9,0,12,0,2,0,0,0,0,0,1,5,3,-1,-1,-1,-1,-1,-1,-1,-1
2018410265675,3,9,0,4,0,2,0,0,0,0,2,1,5,2,31,6,1248,1,7,6,1,6
2018410265675,4,9,0,4,0,2,0,0,0,0,1,1,1,2,20,4,998,1,6,5,1,5
2018410265677,1,9,0,4,0,1,0,0,0,0,1,1,6,2,26,6,1995,2,5,7,1,7
2018410265677,2,9,0,18,0,1,0,0,0,0,2,1,6,2,33,6,1596,1,16,3,1,3
2018410265702,1,9,0,3,0,0,0,0,0,0,1,1,1,1,-1,-1,-1,-1,-1,2,1,2
2018410265702,2,9,0,3,0,0,0,0,0,0,1,1,6,2,38,7,1968,2,2,10,3,10
2018410265705,1,9,0,11,0,0,0,0,0,0,1,1,6,2,33,6,1997,2,5,10,1,10
2018410265705,2,19,0,18,0,0,0,0,4,0,2,1,6,1,35,6,3198,2,2,10,1,10
2018410265716,1,19,0,4,6,1,1,0,0,0,1,1,2,1,44,7,1870,2,13,10,1,10
2018410265716,2,19,0,18,0,8,0,0,0,0,4,1,2,1,50,8,1968,2,1,5,2,5
2018410265907,1,9,0,18,0,0,0,0,0,0,1,1,5,2,77,11,1198,1,4,6,1,6
2018410265907,2,9,0,4,0,0,0,0,0,0,2,1,2,2,46,8,1587,1,14,8,1,8
2018410265998,1,9,0,9,0,0,0,0,0,0,0,1,5,1,33,6,-1,-1,-1,-1,-1,-1
2018410265998,2,9,0,18,0,0,0,0,0,0,0,1,5,1,30,6,1560,2,8,9,1,9
2018410266247,1,1,0,5,0,3,0,0,0,0,2,1,6,1,46,8,-1,-1,-1,8,1,8
2018410266247,2,9,0,5,0,3,0,0,0,0,1,1,6,1,33,6,1986,2,12,4,1,4
2018410266315,1,9,0,18,0,0,1,0,0,0,1,1,5,1,57,9,1560,2,6,5,1,5
2018410266315,2,9,0,18,0,0,1,0,0,0,1,1,5,1,56,9,1998,1,15,7,3,7
2018410266399,1,9,0,10,0,1,0,0,0,0,2,1,1,1,42,7,1560,2,5,4,2,4