Accident_Index,Vehicle_Reference,Vehicle_Type,Towing_and_Articulation,Vehicle_Manoeuvre,Vehicle_Location-Restricted_Lane,Junction_Location,Skidding_and_Overturning,Hit_Object_in_Carriageway,Vehicle_Leaving_Carriageway,Hit_Object_off_Carriageway,1st_Point_of_Impact,Was_Vehicle_Left_Hand_Drive?,Journey_Purpose_of_Driver,Sex_of_Driver,Age_of_Driver,Age_Band_of_Driver,Engine_Capacity_(CC),Propulsion_Code,Age_of_Vehicle,Driver_IMD_Decile,Driver_Home_Area_Type,Vehicle_IMD_Decile
2018410281125,1,9,0,18,0,0,0,0,1,0,4,1,6,3,-1,-1,1399,2,11,-1,-1,-1
2018410281142,1,9,0,4,0,1,0,0,0,0,1,1,2,1,22,5,1598,2,2,2,1,2
2018410281142,2,9,0,3,0,1,0,0,0,0,2,1,5,1,39,7,2143,2,3,2,1,2
2018410281153,1,9,0,7,0,0,0,0,0,0,1,1,6,1,40,7,1995,2,7,9,3,9
2018410281153,2,9,0,18,0,0,0,0,0,0,2,1,6,1,59,9,1242,1,7,5,1,5
2018410281180,1,9,0,9,0,4,0,0,0,0,1,1,2,2,53,8,1364,1,2,10,2,10
2018410281180,2,1,0,18,0,4,0,0,0,0,2,1,6,1,45,7,-1,-1,-1,3,1,3
2018410281198,1,19,0,7,0,6,0,0,0,0,3,1,1,1,52,8,2198,2,3,2,1,2
2018410281198,2,4,0,13,0,1,0,0,0,0,1,1,1,1,21,5,398,1,12,4,1,4
2018410281250,1,19,0,18,0,0,1,0,0,0,1,1,1,1,54,8,2198,2,5,10,2,10
2018410281250,2,9,0,5,8,0,0,0,0,0,3,1,5,2,27,6,1618,1,2,4,1,4
2018410281250,3,9,0,2,0,0,0,0,0,0,1,1,1,1,36,7,1498,1,10,6,1,6
2018410281655,1,9,0,18,0,1,0,0,0,0,3,1,5,1,56,9,1596,1,6,10,1,10
2018410281655,2,9,0,18,0,1,0,0,0,0,4,1,5,1,29,6,1499,2,2,6,1,6
2018410281655,3,9,0,18,6,1,0,0,0,0,2,1,5,2,29,6,998,1,3,7,-1,7
2018410281700,1,9,0,18,0,0,0,0,0,0,1,1,6,1,38,7,1364,1,13,7,1,7
2018410281749,1,9,0,18,0,0,0,0,0,0,1,1,5,1,27,6,2143,2,6,5,1,5
2018410281749,2,9,0,18,0,0,0,0,0,0,2,1,5,1,45,7,1999,2,2,9,2,9
2018410281855,1,9,0,9,0,1,0,0,0,0,1,1,5,1,19,4,998,1,-1,10,1,10
2018410281855,2,9,0,9,0,1,0,0,0,0,2,1,5,1,20,4,998,1,3,6,1,6
2018410281859,1,9,0,9,-1,8,0,0,0,0,1,1,6,3,-1,-1,-1,-1,-1,-1,-1,-1
2018410281859,2,9,0,7,0,8,0,0,0,0,1,1,5,2,25,5,1598,2,7,9,3,9
2018410281873,1,9,0,9,0,1,0,0,0,0,1,1,2,2,25,5,2143,2,5,9,1,9
2018410281873,2,9,0,18,0,1,0,0,0,0,1,1,2,2,25,5,1242,1,5,6,1,6
2018410281945,1,9,0,18,0,0,0,0,0,0,1,1,6,2,-1,-1,796,1,9,8,1,8
2018410281945,2,9,0,4,0,0,0,0,0,0,2,1,6,1,31,6,1598,1,12,4,1,4
2018410281957,1,9,0,7,0,8,0,0,0,0,1,1,5,1,22,5,1229,1,14,6,1,6
2018410281992,1,9,0,18,0,0,0,0,0,0,1,1,2,1,48,8,1968,2,10,6,1,6
2018410281992,2,9,0,4,0,0,0,0,1,0,2,1,6,2,40,7,1596,1,8,8,1,8
2018410281992,3,9,0,4,0,0,0,0,0,0,2,1,5,1,40,7,1598,1,11,-1,1,-1
2018410281992,4,9,0,4,0,0,0,0,0,0,2,1,5,1,35,6,1390,1,16,10,1,10
2018410282082,1,9,0,3,0,0,0,0,0,0,2,1,1,1,57,9,1248,2,7,8,1,8
2018410282082,2,1,0,18,0,0,0,0,0,0,1,1,6,1,25,5,-1,-1,-1,2,1,2
2018410282129,1,9,0,5,0,0,0,0,0,0,1,1,6,2,42,7,1910,2,8,10,1,10
2018410282147,1,9,0,7,0,8,0,0,0,0,1,1,1,1,44,7,2393,2,1,7,1,7
2018410282147,2,1,0,18,0,8,0,0,0,0,4,1,6,1,21,5,-1,-1,-1,6,1,6
2018410282172,1,9,0,9,0,0,0,0,0,0,1,1,5,2,48,8,3497,1,13,4,1,4
2018410282172,2,4,0,18,0,0,0,0,0,0,1,1,2,1,23,5,400,1,29,4,1,4
2018410282236,1,19,0,18,0,0,1,0,0,0,3,1,1,1,54,8,2982,2,10,10,3,10
2018410282251,1,9,0,18,0,3,0,0,0,0,0,1,1,1,33,6,1248,2,5,-1,-1,-1
2018410282251,2,9,0,5,0,4,0,0,0,0,2,1,5,1,20,4,1498,1,-1,6,1,6
2018410282251,3,9,0,5,0,4,0,0,0,0,1,1,5,1,44,7,2987,2,5,9,1,9
2018410282346,1,9,0,18,0,8,0,0,0,0,1,1,6,2,61,9,1198,1,8,6,1,6
2018410282346,2,3,0,18,0,8,0,0,0,0,2,1,6,2,26,6,124,1,1,6,1,6
2018410282892,1,3,0,7,0,0,2,0,0,0,4,1,1,1,28,6,108,1,1,2,1,2
2018410282901,1,9,0,18,0,8,1,0,0,0,0,1,6,1,31,6,1596,1,4,5,1,5
2018410282901,2,9,0,18,0,7,0,0,0,0,0,1,6,2,22,5,1461,2,1,7,1,7
2018410282913,1,9,0,5,0,1,0,0,0,0,1,1,2,1,55,8,1598,1,10,10,1,10
2018410282913,2,1,0,18,9,2,0,11,0,0,2,1,5,1,14,3,-1,-1,-1,9,1,9
2018410282975,1,19,0,16,0,3,0,0,0,0,1,1,6,1,22,5,1968,2,1,2,1,2
2018410282975,2,9,0,18,0,4,0,0,0,0,1,1,6,2,57,9,1396,2,8,7,1,7
2018410282975,3,19,0,16,0,3,0,0,0,0,1,1,6,1,43,7,2198,2,2,2,1,2
2018410283060,1,9,0,18,0,0,0,0,2,0,1,1,5,1,49,8,1798,8,1,9,1,9
2018410283064,1,9,0,4,0,0,0,0,0,0,1,1,5,2,35,6,1968,2,5,10,1,10
2018410283064,2,9,0,4,0,0,0,0,0,0,2,1,5,1,35,6,2261,1,12,6,1,6
2018410283064,3,9,0,4,0,0,0,0,0,0,1,1,5,1,42,7,1242,1,10,2,1,2
2018410283064,4,9,0,4,0,0,0,0,0,0,1,1,5,2,35,6,1984,1,12,4,1,4
2018410283076,1,9,0,16,0,0,1,0,1,4,1,1,5,1,47,8,3301,1,15,5,1,5
2018410283118,1,3,0,3,0,2,2,0,0,0,0,1,1,1,28,6,124,1,6,10,3,10
2018410283118,2,21,0,18,0,2,0,0,0,0,0,1,1,1,58,9,6692,2,7,9,1,9
2018410283296,1,9,0,16,0,0,0,0,0,0,1,1,5,2,82,11,1587,1,16,10,1,10
2018410283296,2,9,0,17,0,0,0,0,0,0,2,1,5,1,25,5,1242,1,7,8,1,8
2018410283296,3,9,0,17,0,0,0,0,0,0,1,1,5,1,36,7,2148,2,12,7,1,7
2018410283374,1,9,0,18,0,0,0,0,8,0,1,1,5,2,37,7,1910,2,11,6,1,6
2018410283374,2,19,0,18,0,0,0,0,0,0,1,1,1,1,57,9,2143,2,-1,-1,-1,-1
2018410283410,1,9,0,5,0,0,0,0,0,0,1,1,6,3,-1,-1,-1,-1,-1,-1,-1,-1
2018410283427,1,9,0,5,0,0,0,0,7,0,1,1,5,2,51,8,1973,1,18,6,1,6
2018410283427,2,9,0,2,0,0,0,0,0,0,1,1,5,3,-1,-1,-1,-1,-1,-1,-1,-1
2018410283435,1,9,0,9,0,3,0,0,0,0,4,1,5,2,27,6,1368,1,3,10,-1,10
2018410283435,2,9,0,18,0,4,0,0,0,0,1,1,5,1,90,11,1781,1,24,8,1,8
2018410283492,1,5,0,18,0,0,0,0,1,0,1,1,2,1,55,8,1157,1,21,5,1,5
2018410283492,2,9,0,11,0,0,0,0,0,0,2,1,2,2,32,6,1968,2,4,6,1,6
2018410283492,3,9,0,18,0,0,0,0,0,0,2,1,2,1,42,7,-1,-1,-1,5,1,5
2018410283573,1,9,0,2,0,0,0,0,0,0,3,1,5,2,24,5,1956,2,4,4,1,4
2018410283573,2,1,0,14,0,0,0,0,0,0,1,1,5,1,52,8,-1,-1,-1,9,1,9
2018410283647,1,-1,0,18,0,0,0,0,0,0,1,1,1,1,-1,-1,-1,-1,-1,-1,-1,-1
2018410283647,2,98,0,18,0,0,0,0,0,0,2,1,1,1,23,5,-1,-1,-1,4,1,4
2018410283672,1,9,0,3,0,0,0,0,0,0,1,1,5,1,29,6,1364,1,1,4,1,4
2018410283672,2,9,0,18,0,0,0,0,0,0,1,1,6,1,42,7,1595,1,1,5,1,5
2018410283723,1,9,0,18,0,1,2,0,1,0,1,1,1,1,64,9,1596,1,7,3,1,3
2018410283723,2,9,0,18,0,1,0,0,0,0,1,1,6,3,-1,-1,1686,2,6,-1,-1,-1
2018410283723,3,9,0,2,9,1,0,0,0,0,1,1,1,1,56,9,1598,2,1,2,1,2
2018410283730,1,9,0,16,0,0,5,0,7,0,1,1,1,1,36,7,1596,1,16,10,2,10
2018410283742,1,9,0,5,0,6,0,0,0,0,1,1,5,2,35,6,1124,1,11,7,1,7
2018410283742,2,9,0,18,0,1,0,0,0,0,1,1,5,2,33,6,1461,2,2,10,1,10
2018410283792,1,9,0,18,0,1,0,0,0,0,1,1,5,1,53,8,1560,2,11,4,1,4
2018410283792,2,9,0,18,0,5,0,0,0,0,1,1,1,2,20,4,1598,1,1,5,1,5
2018410283820,1,9,0,18,0,2,1,4,7,0,3,1,6,1,31,6,1995,2,7,7,1,7
2018410283820,2,9,0,2,0,1,0,0,0,0,3,1,6,3,-1,-1,1198,1,-1,-1,-1,-1
2018410283933,1,9,0,18,5,0,2,10,1,0,4,1,5,1,27,6,1497,8,6,3,1,3
2018410284014,1,9,0,4,0,8,0,0,0,0,2,1,6,2,27,6,1368,1,3,8,1,8
2018410284014,2,9,0,4,0,8,0,0,0,0,1,1,6,1,28,6,1794,1,13,8,1,8
2018410284014,3,9,0,4,0,8,0,0,0,0,2,1,6,1,27,6,1997,1,15,5,2,5
2018410284032,1,9,0,9,0,8,0,0,0,0,4,1,6,1,39,7,1328,1,13,5,1,5
2018410284032,2,9,0,18,0,8,0,0,0,0,1,1,6,2,68,10,1242,1,18,9,1,9
2018410284095,1,9,0,9,0,6,0,0,0,0,3,1,2,2,52,8,1968,2,5,5,1,5
2018410284095,2,9,0,17,0,1,0,0,0,0,1,1,6,2,57,9,1124,1,10,4,1,4
2018410284104,1,9,-1,-1,-1,0,-1,-1,-1,0,-1,1,6,2,46,8,1390,1,5,2,1,2
2018410284104,2,9,-1,-1,-1,0,-1,-1,-1,0,-1,1,6,1,38,7,1497,8,13,2,1,2
2018410284132,1,9,0,5,0,0,0,0,0,0,1,1,1,2,83,11,999,1,1,7,1,7
2018410284132,2,9,0,17,0,0,0,0,0,0,4,1,5,1,47,8,1997,2,4,8,2,8
2018410284133,1,9,0,18,0,1,0,0,0,0,3,1,6,1,34,6,1995,2,-1,5,1,5
2018410284133,2,-1,0,18,0,1,0,0,0,0,3,1,6,3,-1,-1,-1,-1,-1,-1,-1,-1
2018410284171,1,9,0,18,0,0,0,0,0,0,2,1,6,2,24,5,998,1,5,8,1,8
2018410284171,2,9,0,18,0,0,0,0,0,0,2,1,6,1,52,8,2179,2,3,10,1,10
2018410284171,3,9,0,18,0,0,0,0,0,0,1,1,6,2,-1,-1,1200,1,2,5,1,5
2018410284171,4,9,0,18,0,0,0,0,0,0,1,1,6,2,30,6,1999,1,7,5,1,5
2018410284171,5,98,1,18,0,0,3,0,0,0,2,1,6,1,62,9,-1,-1,-1,1,1,1
2018410284215,1,9,0,5,0,3,0,0,0,0,1,1,6,2,69,10,1461,2,1,10,2,10
2018410284227,1,9,0,9,0,1,0,0,0,0,1,1,6,2,59,9,1332,1,13,4,1,4
2018410284227,2,9,0,18,0,1,0,0,0,0,4,1,6,2,53,8,1364,1,2,9,1,9
2018410284271,1,9,0,3,0,4,0,0,0,0,1,1,1,1,59,9,1950,2,1,4,1,4
2018410284326,1,9,0,18,9,1,1,0,0,0,1,1,2,1,32,6,1360,1,15,10,1,10
2018410284349,1,8,0,18,0,0,0,4,0,0,1,1,1,1,34,6,1995,2,7,5,1,5
2018410284349,2,98,0,2,0,0,0,0,0,0,2,1,1,1,27,6,-1,-1,-1,7,1,7
2018410284351,1,9,0,5,0,0,0,0,0,0,1,1,3,1,84,11,1398,1,7,5,1,5
2018410284351,2,1,0,18,0,0,0,0,0,0,4,1,4,1,12,3,-1,-1,-1,8,1,8
2018410284355,1,9,0,10,0,1,0,0,0,0,1,1,6,1,-1,-1,-1,-1,-1,-1,-1,-1
2018410284355,2,1,0,3,0,1,0,0,0,0,0,1,1,1,47,8,-1,-1,-1,10,1,10
2018410284394,1,9,0,16,0,3,0,0,7,0,1,1,5,1,-1,-1,1968,2,8,-1,-1,-1
2018410284394,2,9,0,7,0,1,0,0,0,0,3,1,6,1,55,8,2495,2,14,5,1,5
2018410284633,1,11,0,18,0,1,0,0,0,0,2,1,1,1,27,6,6700,2,10,7,1,7
2018410284633,2,9,0,18,0,1,0,0,0,0,2,1,5,2,77,11,998,1,3,2,1,2
2018410284640,1,9,0,17,0,1,0,0,1,1,4,1,5,1,37,7,2993,2,3,5,1,5
2018410284648,1,9,0,18,0,0,0,0,1,0,4,1,1,1,42,7,2402,2,9,9,2,9
2018410284705,1,9,0,18,0,4,0,0,0,0,3,1,2,1,-1,-1,1598,1,16,3,1,3
2018410284705,2,1,0,18,0,8,0,0,0,0,4,1,5,1,27,6,-1,-1,-1,3,1,3
2018410285012,1,9,0,9,0,0,0,0,0,0,1,1,5,1,30,6,1598,1,5,6,1,6
2018410285012,2,3,0,18,0,0,0,0,0,0,1,1,2,1,21,5,124,1,4,3,1,3
2018410285205,1,9,0,18,0,1,1,0,0,0,1,1,2,2,30,6,2494,8,1,1,1,1
2018410285205,2,98,0,18,0,1,0,0,0,0,4,1,6,3,-1,-1,-1,-1,-1,-1,-1,-1
2018410285227,1,98,0,14,0,0,0,0,0,0,0,1,1,1,51,8,-1,-1,-1,9,1,9
2018410285227,2,9,0,18,0,0,0,0,0,0,0,1,1,1,64,9,2199,2,3,8,1,8
2018410285227,3,97,0,14,0,0,5,0,0,0,1,1,1,1,22,5,-1,-1,-1,5,1,5
2018410285230,1,9,0,18,0,2,1,0,0,0,1,1,6,1,45,7,1968,2,7,6,1,6
2018410285230,2,19,0,18,0,2,0,0,0,0,2,1,6,1,24,5,1998,2,13,5,1,5
2018410285271,1,9,0,4,0,0,1,0,0,0,1,1,1,1,46,8,2400,2,4,6,1,6
2018410285284,1,19,0,5,0,4,0,0,0,0,1,1,2,1,31,6,1560,2,4,4,1,4
2018410285284,2,9,0,9,0,3,2,0,0,0,2,1,2,1,58,9,-1,-1,-1,6,1,6
2018410285345,1,9,0,18,0,0,0,0,0,0,1,1,1,2,-1,-1,1242,1,12,7,1,7
2018410285345,2,9,0,4,0,0,0,0,0,0,2,1,1,2,23,5,1124,1,17,3,1,3
2018410285468,1,9,0,18,0,2,0,0,0,0,1,1,6,1,29,6,1968,2,2,3,1,3
2018410285468,2,9,0,4,0,2,0,0,0,0,2,1,2,1,51,8,1956,2,6,10,1,10
2018410285588,1,9,0,13,0,2,0,0,0,0,4,1,2,2,-1,-1,1461,2,1,8,1,8
2018410285588,2,1,0,18,0,2,0,0,0,0,1,1,2,1,45,7,-1,-1,-1,10,1,10
2018410285591,1,19,0,5,0,4,0,0,0,0,2,1,2,1,22,5,1686,2,8,3,1,3
2018410285591,2,2,0,9,0,3,0,0,0,0,1,1,5,2,16,4,49,1,-1,9,1,9
2018410285686,1,9,0,18,0,1,0,0,0,0,3,1,6,1,45,7,1968,2,1,3,1,3
2018410285686,2,9,0,5,0,1,0,0,0,0,1,1,6,1,34,6,1397,1,15,5,1,5
2018410285705,1,9,0,14,0,2,0,0,0,0,1,1,6,1,-1,-1,-1,-1,-1,-1,-1,-1
2018410285705,2,1,0,5,0,1,0,0,0,0,1,1,5,1,38,7,-1,-1,-1,6,1,6
2018410285776,1,9,0,9,0,8,0,0,0,0,1,1,6,3,-1,-1,-1,-1,-1,-1,-1,-1
2018410285776,2,1,0,18,0,1,0,0,0,0,2,1,5,1,12,3,-1,-1,-1,3,1,3
2018410285782,1,9,0,17,0,0,1,11,1,11,1,1,5,1,-1,-1,1398,1,3,-1,-1,-1
2018410285826,1,9,0,9,0,1,0,0,0,0,2,1,6,2,43,7,1596,1,3,4,1,4
2018410285826,2,1,0,18,0,1,0,0,0,0,1,1,6,1,25,5,-1,-1,-1,3,1,3
2018410285858,1,9,0,9,0,8,0,0,0,0,1,1,1,1,28,6,1968,2,7,4,1,4
2018410285858,2,9,0,18,0,8,0,0,0,0,1,1,1,1,41,7,1968,2,8,2,1,2
2018410285886,1,9,0,7,0,3,0,0,0,0,3,1,6,2,35,6,1896,2,17,6,1,6
2018410285886,2,9,0,7,0,3,0,0,0,0,4,1,5,2,46,8,1968,2,2,1,1,1
2018410285892,1,9,0,18,0,0,0,0,0,0,1,1,6,1,22,5,998,1,4,7,-1,7
2018410285892,2,9,0,18,0,0,0,0,0,0,2,1,6,2,35,6,1229,1,8,4,1,4
2018410286001,1,9,0,5,0,6,1,0,0,0,1,1,5,2,20,4,998,1,9,10,1,10
2018410286001,2,9,0,18,0,1,0,0,0,0,1,1,5,1,41,7,-1,-1,-1,-1,3,-1
2018410286008,1,9,0,18,0,1,0,0,0,0,1,1,5,1,28,6,1984,1,1,5,1,5
2018410286008,2,9,0,11,0,4,0,0,0,0,2,1,5,2,17,4,1560,2,-1,3,1,3
2018410286115,1,9,0,4,0,1,0,0,0,0,1,1,6,1,60,9,2771,1,19,4,1,4
2018410286115,2,9,0,18,0,1,0,0,0,0,2,1,5,2,36,7,1896,2,13,7,3,7
2018410286228,1,9,0,5,0,0,0,0,6,0,1,1,2,1,63,9,2143,2,9,9,3,9
2018410286228,2,9,0,5,0,0,0,0,0,0,1,1,2,1,43,7,1998,8,2,6,1,6
2018410286228,3,9,0,5,0,0,0,0,0,0,4,1,2,1,23,5,1968,2,4,9,1,9
2018410286454,1,9,0,18,0,0,0,10,0,0,1,1,1,1,25,5,1598,2,2,6,1,6
2018410286454,2,9,0,18,0,0,0,0,0,0,2,1,1,1,47,8,2179,2,11,6,3,6
2018410286454,3,19,0,18,0,0,0,0,0,0,1,1,1,1,58,9,1995,2,2,6,1,6
2018410286551,1,1,0,9,5,2,0,0,0,0,1,1,2,1,32,6,-1,-1,-1,8,3,8
2018410286551,2,97,0,7,5,1,0,0,0,0,1,1,6,3,-1,-1,-1,-1,-1,-1,-1,-1
2018410286594,1,9,0,18,0,8,0,0,0,0,4,1,1,1,33,6,4367,2,2,4,3,4
2018410286594,2,19,0,9,0,8,0,0,0,0,1,1,1,1,51,8,2143,2,6,2,1,2
2018410286890,1,9,0,5,0,4,0,0,0,0,1,1,5,2,51,8,1560,2,3,6,3,6
2018410286890,2,9,0,5,0,4,0,0,0,0,2,1,5,1,18,4,1461,2,1,7,1,7
2018410286914,1,19,0,18,0,3,0,0,0,0,1,1,2,1,35,6,2143,2,7,3,1,3
2018410286914,2,9,0,3,0,3,0,0,0,0,2,1,5,2,30,6,1991,2,13,7,1,7
2018410286914,3,9,0,3,0,2,0,0,0,0,2,1,5,1,59,9,1560,2,2,6,2,6
2018410286933,1,8,0,9,0,1,0,0,0,0,1,1,1,1,53,8,1798,8,6,4,1,4
2018410286933,2,1,0,18,0,1,0,0,0,0,1,1,5,2,41,7,-1,-1,-1,8,1,8
2018410286989,1,9,0,5,0,0,0,0,0,0,1,1,2,1,51,8,-1,-1,-1,6,1,6
2018410286989,2,4,0,5,0,0,0,0,0,0,1,1,2,1,54,8,249,1,5,2,1,2
2018410286997,1,19,0,18,0,4,0,0,0,0,2,1,6,3,-1,-1,1461,2,11,-1,-1,-1
2018410286997,2,9,0,18,0,1,0,0,0,0,0,1,6,2,22,5,1339,1,13,6,2,6
2018410287025,1,9,0,9,0,8,0,0,0,0,1,1,5,2,22,5,1984,1,14,6,1,6
2018410287025,2,9,0,18,0,1,0,0,0,0,1,1,5,2,59,9,-1,-1,-1,7,1,7
2018410287148,1,9,0,12,0,0,1,0,0,0,3,1,5,1,26,6,1598,1,13,5,1,5
2018410287148,2,9,0,18,0,0,1,0,1,0,4,1,5,2,35,6,1975,1,11,7,1,7
2018410287148,3,9,0,2,6,0,0,0,0,0,2,1,5,2,35,6,1496,1,1,4,1,4
2018410287148,4,9,0,2,6,0,0,0,0,0,2,1,5,1,50,8,2926,2,12,4,1,4
2018410287162,1,9,0,16,0,0,1,0,0,0,1,1,2,2,21,5,1242,1,18,9,1,9
2018410287162,2,9,0,17,0,0,0,0,0,0,1,1,2,1,36,7,2998,1,-1,7,-1,7
2018410287221,1,9,0,18,0,4,0,0,0,0,3,1,6,3,-1,-1,-1,-1,-1,-1,-1,-1
2018410287221,2,1,0,9,0,4,0,0,0,0,4,1,2,1,48,8,-1,-1,-1,7,1,7
2018410287253,1,9,0,12,0,0,0,0,0,0,4,1,6,1,47,8,899,1,5,4,1,4
2018410287253,2,9,0,18,0,0,0,0,0,0,3,1,6,1,32,6,1582,2,1,3,1,3
2018410287287,1,9,0,18,0,1,1,0,0,0,1,1,6,1,20,4,1299,1,10,4,1,4
2018410287287,2,9,0,10,0,1,1,0,0,0,2,1,5,2,19,4,1086,1,8,2,1,2
2018410287366,1,9,0,18,0,0,0,0,0,0,4,1,6,1,73,10,2143,2,3,10,1,10
2018410287383,1,9,0,8,0,2,0,0,-1,0,1,1,6,1,23,5,1598,1,12,5,2,5
2018410287383,2,9,0,8,0,1,0,0,0,0,2,1,6,1,21,5,-1,-1,-1,2,1,2
2018410287395,1,11,0,18,0,8,0,0,0,0,4,1,1,1,59,9,5132,2,4,6,1,6
2018410287395,2,9,0,18,0,8,0,0,0,0,1,1,1,1,43,7,1896,2,13,8,1,8
2018410287476,1,9,0,9,0,5,0,0,0,0,3,1,2,1,20,4,1499,2,2,10,1,10
2018410287476,2,5,0,14,0,8,0,0,0,0,1,1,2,1,53,8,1237,1,7,6,1,6
2018410287572,1,9,0,5,0,2,0,0,0,0,1,1,6,2,49,8,1461,2,3,9,1,9
2018410287572,2,9,0,18,0,1,0,0,0,0,2,1,6,1,41,7,1686,2,11,-1,-1,-1
2018410287595,1,9,0,1,0,0,0,0,0,0,2,1,6,2,-1,-1,1984,1,10,10,1,10
2018410287595,2,9,0,2,0,0,0,0,0,0,3,1,6,3,-1,-1,-1,-1,-1,-1,-1,-1
2018410287618,1,9,0,18,0,0,0,0,0,0,1,1,2,1,25,5,1995,2,9,2,1,2
2018410287618,2,1,0,18,0,0,0,0,1,0,1,1,4,1,11,3,-1,-1,-1,3,1,3
2018410287642,1,9,0,4,0,1,0,0,0,0,1,1,6,3,-1,-1,1984,1,4,-1,-1,-1
2018410287642,2,9,0,3,0,1,0,0,0,0,2,1,5,2,55,8,-1,-1,-1,5,1,5
2018410287645,1,3,0,18,0,0,0,0,0,0,1,1,6,1,58,9,125,1,1,9,-1,9
2018410287645,2,9,0,2,0,0,0,0,0,0,2,1,5,1,-1,-1,1997,2,7,9,1,9
2018410287660,1,9,0,4,0,1,0,0,0,0,1,1,5,1,26,6,1598,2,4,10,1,10
2018410287660,2,9,0,4,0,1,0,0,0,0,1,1,1,1,46,8,1968,2,7,6,1,6
2018410287660,3,9,0,9,0,1,0,0,0,0,0,1,1,1,25,5,1398,1,2,7,1,7
2018410287670,1,9,0,9,0,0,0,0,0,0,3,1,5,1,20,4,1229,1,8,3,1,3
2018410287670,2,21,1,18,0,0,0,0,0,0,1,1,1,1,25,5,12740,2,5,9,3,9
2018410287686,1,19,0,18,0,8,0,0,0,0,2,1,6,1,77,11,1248,2,3,6,1,6
2018410287686,2,9,0,4,0,8,0,0,0,0,0,1,6,2,30,6,1497,8,1,4,1,4
2018410287714,1,9,0,18,0,0,2,0,1,0,1,1,2,1,42,7,1339,1,15,2,1,2
2018410287714,2,21,0,11,0,0,0,0,0,0,2,1,1,1,45,7,12419,2,-1,6,1,6
2018410287726,1,9,0,18,0,1,0,0,0,0,1,1,6,2,22,5,1364,1,9,2,1,2
2018410287726,2,9,0,3,0,1,0,0,0,0,2,1,6,1,56,9,1598,1,12,8,1,8
2018410287727,1,9,0,9,0,1,0,0,0,0,1,1,5,1,37,7,1956,2,7,5,1,5
2018410287727,2,8,0,18,0,1,0,0,0,0,1,1,5,1,45,7,1794,1,11,5,1,5
2018410287750,1,19,0,9,0,6,5,0,1,0,3,1,2,1,28,6,1996,2,7,10,1,10
2018410287750,2,9,0,18,0,1,0,0,0,0,1,1,2,1,20,4,1242,1,3,8,3,8
2018410287843,1,9,0,9,0,8,0,0,0,0,1,1,5,1,81,11,1796,1,11,10,1,10
2018410287893,1,19,0,18,0,0,0,0,0,0,1,1,1,1,48,8,2148,2,12,1,1,1
2018410287893,2,9,0,3,0,0,0,0,0,0,2,1,1,1,39,7,2996,2,8,5,1,5
2018410287893,3,9,0,3,0,0,0,0,0,0,2,1,2,1,46,8,1997,2,1,7,1,7
2018410287893,4,9,0,3,0,0,0,0,0,0,2,1,1,1,37,7,-1,-1,-1,8,1,8
2018410287893,5,19,0,3,0,0,0,0,0,0,2,1,2,1,59,9,2198,2,3,4,1,4
2018410287926,1,90,1,12,0,0,0,0,0,0,4,1,1,1,58,9,-1,-1,-1,-1,-1,-1
2018410287926,2,9,0,18,0,0,1,0,0,0,4,1,2,1,55,8,1997,2,12,9,1,9
2018410287932,1,9,0,5,0,2,0,0,0,0,1,1,6,2,55,8,1390,1,7,6,1,6
2018410287932,2,4,0,18,0,1,0,0,0,0,1,1,6,1,29,6,321,1,-1,6,1,6
2018410287943,1,9,0,18,0,0,0,0,7,4,1,1,2,1,34,6,1896,2,14,10,2,10
2018410287953,1,21,1,12,0,0,0,0,0,0,3,1,1,1,56,9,-1,-1,-1,-1,-1,-1
2018410287953,2,9,0,18,0,0,1,0,0,0,4,1,5,1,47,8,899,1,4,9,3,9
2018410287968,1,9,0,18,0,8,0,0,0,0,1,1,1,1,27,6,1997,2,11,4,1,4
2018410287968,2,9,0,17,0,8,0,0,7,0,4,1,1,2,59,9,1339,1,13,9,2,9
2018410287982,1,9,0,16,0,0,1,0,2,7,3,1,1,1,59,9,1587,1,14,10,3,10
2018410288202,1,21,1,18,0,0,0,0,0,0,1,1,1,1,54,8,10837,2,3,6,1,6
2018410288202,2,9,0,4,0,0,0,0,0,0,2,1,2,2,23,5,1242,1,4,4,1,4
2018410288202,3,9,0,4,0,0,0,0,0,0,2,1,2,2,53,8,1197,1,2,8,3,8
2018410288202,4,9,0,4,0,0,0,0,0,0,2,1,2,2,28,6,1598,1,11,7,1,7
2018410288202,5,9,0,4,0,0,0,0,0,0,2,1,1,2,47,8,1896,2,10,9,1,9
2018410288234,1,9,0,4,0,0,1,0,0,0,1,1,5,2,32,6,1995,2,4,7,-1,7
2018410288234,2,9,0,4,0,0,0,0,0,0,2,1,6,1,32,6,3628,2,11,6,1,6
2018410288272,1,9,0,18,0,1,5,0,0,0,1,1,5,2,28,6,-1,-1,-1,7,1,7
2018410288272,2,9,0,10,0,1,0,0,0,0,1,1,1,2,61,9,1997,2,6,5,1,5
2018410288281,1,9,0,9,0,4,0,0,0,0,4,1,6,1,50,8,1797,8,4,2,1,2
2018410288281,2,1,0,18,0,3,0,0,0,0,1,1,6,2,37,7,-1,-1,-1,6,1,6