Accident_Index,Vehicle_Reference,Vehicle_Type,Towing_and_Articulation,Vehicle_Manoeuvre,Vehicle_Location-Restricted_Lane,Junction_Location,Skidding_and_Overturning,Hit_Object_in_Carriageway,Vehicle_Leaving_Carriageway,Hit_Object_off_Carriageway,1st_Point_of_Impact,Was_Vehicle_Left_Hand_Drive?,Journey_Purpose_of_Driver,Sex_of_Driver,Age_of_Driver,Age_Band_of_Driver,Engine_Capacity_(CC),Propulsion_Code,Age_of_Vehicle,Driver_IMD_Decile,Driver_Home_Area_Type,Vehicle_IMD_Decile
2018410288372,1,19,0,18,0,0,0,0,0,0,1,1,1,1,67,10,2402,2,15,10,1,10
2018410288372,2,9,0,18,0,0,1,0,0,0,3,1,1,1,65,9,1398,1,2,7,1,7
2018410288372,3,9,0,2,9,0,0,0,8,0,1,1,5,2,-1,-1,-1,-1,-1,9,1,9
2018410288406,1,9,-1,-1,-1,0,-1,-1,-1,0,-1,1,6,1,47,8,1560,2,6,8,2,8
2018410288406,2,1,0,18,0,0,0,0,0,0,4,1,6,1,26,6,-1,-1,-1,2,1,2
2018410288417,1,19,0,18,0,4,0,0,0,0,1,1,6,1,61,9,2402,2,12,8,1,8
2018410288417,2,9,0,18,0,4,0,0,0,0,1,1,6,1,26,6,2946,1,16,7,1,7
2018410288417,3,9,0,18,0,8,0,0,0,0,0,1,1,1,35,6,-1,-1,-1,-1,-1,-1
2018410288434,1,9,0,18,0,1,5,10,2,1,1,1,5,2,71,10,1968,2,7,9,2,9
2018410288441,1,9,0,18,0,3,0,0,0,0,1,1,1,1,45,7,1560,2,7,5,1,5
2018410288441,2,1,0,18,0,8,0,0,0,0,3,1,2,1,51,8,-1,-1,-1,5,1,5
2018410288517,1,9,0,15,0,0,0,0,4,7,3,1,5,1,56,9,2435,1,16,4,1,4
2018410288517,2,9,0,18,0,0,0,0,0,0,4,1,5,2,58,9,2967,2,6,7,3,7
2018410288517,3,21,1,18,0,0,5,0,1,7,3,1,1,1,51,8,12809,2,1,5,1,5
2018410288536,1,9,0,18,0,1,0,0,0,0,3,1,6,3,-1,-1,1794,1,17,-1,-1,-1
2018410288536,2,9,0,18,0,1,0,0,0,0,4,1,6,2,33,6,1896,2,10,9,1,9
2018410288547,1,9,0,18,0,1,0,0,0,0,1,1,1,1,26,6,1390,1,7,4,1,4
2018410288547,2,9,0,3,0,1,0,0,0,0,2,1,5,1,-1,-1,1248,1,3,7,1,7
2018410288626,1,9,0,12,0,0,1,0,1,0,1,1,5,1,33,6,3586,1,17,4,1,4
2018410288626,2,9,0,12,0,0,0,0,0,0,0,1,5,2,26,6,1995,2,8,4,1,4
2018410288626,3,9,0,18,0,0,0,0,1,0,3,1,5,2,40,7,2993,2,7,10,1,10
2018410288712,1,9,0,18,0,4,0,0,0,0,1,1,2,1,24,5,1995,2,13,9,1,9
2018410288712,2,2,0,18,0,3,0,0,0,0,4,1,2,2,-1,-1,49,1,1,4,1,4
2018410288828,1,11,0,6,0,1,0,0,0,0,4,1,1,1,67,10,2402,2,9,10,1,10
2018410288828,2,9,0,18,0,1,0,0,1,0,3,1,2,2,51,8,698,1,13,9,1,9
2018410289089,1,9,0,18,0,1,0,0,0,0,1,1,3,2,47,8,1580,8,-1,10,3,10
2018410289089,2,9,0,18,0,1,0,0,4,7,2,1,2,3,33,6,1995,2,13,4,1,4
2018410289089,3,9,0,18,0,1,0,0,4,7,2,1,2,1,28,6,1242,1,2,7,2,7
2018410289089,4,9,0,18,0,1,0,0,0,0,2,1,2,1,22,5,1242,1,5,10,1,10
2018410289170,1,9,0,5,0,5,0,0,0,0,4,1,5,1,48,8,1598,2,6,5,3,5
2018410289170,2,9,0,5,0,5,0,0,0,0,1,1,5,1,48,8,1998,2,8,5,1,5
2018410289206,1,9,0,3,0,0,0,0,0,0,1,1,6,1,37,7,1995,2,11,3,1,3
2018410289206,2,9,0,4,0,0,0,0,0,0,1,1,6,1,22,5,1598,2,2,10,1,10
2018410289206,3,9,0,4,0,0,0,0,0,0,2,1,6,2,19,4,1596,1,13,10,1,10
2018410289206,4,9,0,4,0,0,0,0,0,0,1,1,6,1,21,5,1910,2,12,7,1,7
2018410289206,5,9,0,4,0,0,0,0,0,0,2,1,6,1,30,6,2143,2,6,7,1,7
2018410289216,1,9,0,18,0,0,0,0,0,0,1,1,5,1,24,5,1596,1,7,6,1,6
2018410289216,2,1,0,18,9,0,0,0,7,0,3,1,6,1,11,3,-1,-1,-1,4,1,4
2018410289223,1,9,0,5,0,0,0,0,0,0,2,1,2,1,23,5,1368,1,1,8,1,8
2018410289223,2,3,0,18,0,0,0,0,0,0,2,1,2,1,24,5,125,1,1,3,1,3
2018410289231,1,19,0,18,0,2,0,0,0,0,1,1,2,1,48,8,1598,2,3,4,1,4
2018410289231,2,9,0,18,0,2,0,0,0,0,2,1,6,2,37,7,1364,1,9,2,1,2
2018410289350,1,9,0,18,0,0,0,0,0,0,1,1,2,1,57,9,2987,2,10,5,1,5
2018410289404,1,9,0,18,0,0,0,0,0,0,1,1,5,1,53,8,1798,8,1,2,1,2
2018410289404,2,9,0,18,0,0,0,0,0,0,1,1,5,2,56,9,1248,2,8,3,1,3
2018410289451,1,9,-1,-1,-1,0,-1,-1,-1,0,-1,1,6,1,74,10,1797,8,3,10,1,10
2018410289451,2,9,-1,-1,-1,0,-1,-1,-1,0,-1,1,5,1,21,5,1956,2,9,5,1,5
2018410289503,1,9,0,3,0,0,0,0,0,0,1,1,6,2,32,6,1197,1,1,9,-1,9
2018410289503,2,9,0,3,0,0,0,0,0,0,2,1,6,2,62,9,1197,1,2,9,1,9
2018410289503,3,9,0,3,0,0,0,0,0,0,0,1,6,2,36,7,1496,2,2,10,2,10
2018410289670,1,90,0,14,0,0,0,0,0,0,0,1,1,1,22,5,2987,2,2,9,1,9
2018410289838,1,98,1,17,0,1,0,0,0,0,3,1,1,1,46,8,-1,-1,-1,-1,-1,-1
2018410289838,2,9,0,16,0,1,0,0,0,0,3,1,6,1,47,8,1997,2,5,8,3,8
2018410289860,1,21,0,18,0,1,0,0,0,0,3,1,6,3,-1,-1,12740,2,5,4,3,4
2018410289860,2,9,0,18,0,1,0,0,7,0,4,1,5,2,25,5,-1,-1,-1,7,1,7
2018410289860,3,-1,0,18,0,7,0,0,0,0,2,1,6,3,-1,-1,-1,-1,-1,-1,-1,-1
2018410289860,4,9,0,18,0,1,0,0,2,0,2,1,6,1,38,7,1596,1,4,10,1,10
2018410289860,5,19,0,18,0,1,0,0,0,0,1,1,6,1,23,5,2298,2,1,4,1,4
2018410289888,1,9,0,17,0,0,2,10,1,0,3,1,2,2,33,6,-1,-1,-1,3,1,3
2018410289888,2,9,0,18,0,0,0,0,1,0,3,1,2,1,57,9,-1,-1,-1,10,1,10
2018410289888,3,9,0,18,0,0,0,0,7,0,1,1,2,2,54,8,1248,1,8,5,1,5
2018410290108,1,9,0,9,0,1,0,0,0,0,1,1,6,1,60,9,1988,1,16,6,1,6
2018410290108,2,9,0,18,0,1,0,0,0,0,1,1,6,2,39,7,1587,1,15,6,2,6
2018410290132,1,9,0,17,0,0,0,0,0,0,3,1,2,2,22,5,1240,1,8,7,1,7
2018410290158,1,9,0,9,0,0,0,0,0,0,1,1,2,2,60,9,1995,2,1,8,-1,8
2018410290158,2,1,0,18,0,0,0,0,0,0,1,1,2,1,38,7,-1,-1,-1,9,1,9
2018410290237,1,9,0,5,0,4,0,0,0,0,1,1,1,1,56,9,2143,2,4,8,1,8
2018410290237,2,9,0,5,0,4,0,0,0,0,2,1,5,1,25,5,1798,8,6,2,1,2
2018410290362,1,19,0,18,0,4,0,0,0,0,2,1,2,1,32,6,1968,2,1,4,1,4
2018410290362,2,9,0,3,0,4,0,0,0,0,0,1,5,2,43,7,1339,1,5,10,2,10
2018410290423,1,9,0,9,0,6,0,0,0,0,4,1,1,2,56,9,1598,1,14,8,1,8
2018410290423,2,9,0,18,0,1,0,0,0,0,1,1,5,2,36,7,1461,2,1,9,1,9
2018410290685,1,9,0,18,0,0,0,0,0,0,1,1,1,2,42,7,1995,2,14,10,1,10
2018410290685,2,5,0,5,0,0,0,0,0,0,4,1,1,1,37,7,745,1,2,10,2,10
2018410290685,3,9,0,2,0,0,0,0,0,0,3,1,6,2,-1,-1,1598,1,7,8,1,8
2018410290843,1,9,0,9,0,1,0,0,0,0,1,1,1,1,46,8,1781,1,10,3,1,3
2018410290843,2,9,0,18,0,1,0,0,0,0,1,1,1,2,25,5,1242,1,13,3,1,3
2018410290923,1,9,0,17,0,0,1,0,0,0,2,1,5,1,47,8,2982,2,16,10,2,10
2018410290923,2,9,0,16,0,0,0,0,0,0,1,1,5,2,25,5,1399,1,2,7,1,7
2018410290961,1,9,0,18,0,4,0,0,0,0,1,1,3,2,46,8,2494,8,3,10,2,10
2018410290961,2,1,0,18,0,8,0,0,0,0,4,1,1,1,44,7,-1,-1,-1,7,1,7
2018410290963,1,19,0,7,0,3,0,0,0,0,1,1,1,1,19,4,2143,2,2,4,1,4
2018410290963,2,9,0,4,0,3,0,0,0,0,2,1,5,2,46,8,998,1,11,3,1,3
2018410291102,1,9,0,18,0,0,5,4,0,0,1,1,5,2,22,5,996,1,8,7,1,7
2018410291102,2,9,0,2,0,0,0,0,0,0,1,1,5,2,62,9,1396,1,18,5,1,5
2018410291102,3,9,0,2,0,0,0,0,0,0,1,1,5,2,-1,-1,1596,1,5,-1,-1,-1
2018410291149,1,9,0,3,0,1,0,0,0,0,1,1,6,1,43,7,1997,2,8,10,1,10
2018410291149,2,8,0,4,0,1,0,0,0,0,2,1,6,2,43,7,1956,2,4,5,1,5
2018410291172,1,9,0,18,0,0,0,0,0,0,1,1,2,2,69,10,1968,2,4,6,1,6
2018410291172,2,9,0,18,0,0,0,0,0,0,1,1,5,1,58,9,1560,2,12,8,3,8
2018410291195,1,3,-1,-1,-1,0,0,0,-1,0,-1,1,1,1,-1,-1,125,1,2,6,1,6
2018410291195,2,90,-1,-1,-1,0,0,0,-1,0,-1,1,6,1,29,6,7146,2,4,3,1,3
2018410291244,1,9,0,18,0,0,0,4,0,0,1,1,6,2,36,7,1596,1,10,4,1,4
2018410291244,2,9,0,2,0,0,0,0,0,0,1,1,3,2,45,7,1995,2,1,10,2,10
2018410291263,1,9,0,9,0,1,0,0,0,0,0,1,5,2,47,8,1590,1,14,5,1,5
2018410291263,2,9,0,9,0,1,0,0,7,4,1,1,5,1,21,5,1598,2,6,4,2,4
2018410291361,1,19,0,18,0,0,0,0,0,0,1,1,6,2,53,8,1461,2,3,7,1,7
2018410291361,2,9,0,18,0,0,0,0,1,2,3,1,6,1,54,8,2926,2,13,9,1,9
2018410291386,1,9,0,4,0,0,0,0,0,0,1,1,6,1,18,4,2143,2,5,5,1,5
2018410291386,2,9,0,4,0,0,0,0,0,0,1,1,6,1,36,7,1896,2,14,5,1,5
2018410291386,3,9,0,4,0,0,0,0,0,0,0,1,6,1,53,8,2143,2,1,4,1,4
2018410291427,1,9,0,3,0,4,0,0,0,0,2,1,1,1,33,6,-1,-1,-1,4,2,4
2018410291427,2,9,0,16,0,4,0,0,0,0,1,1,6,1,-1,-1,1995,1,12,3,1,3
2018410291444,1,98,0,3,0,0,0,0,0,0,0,1,6,1,-1,-1,-1,-1,-1,-1,-1,-1
2018410291444,2,1,0,10,9,0,0,0,0,0,4,1,6,1,22,5,-1,-1,-1,7,1,7
2018410291566,1,9,0,4,0,0,0,4,0,0,1,1,5,1,78,11,1591,1,2,10,1,10
2018410291566,2,-1,0,2,0,0,0,0,0,0,2,1,6,3,-1,-1,-1,-1,-1,-1,-1,-1
2018410291593,1,9,0,4,0,0,0,0,0,0,2,1,5,1,36,7,1968,2,6,5,-1,5
2018410291593,2,9,0,18,0,0,0,0,0,0,1,1,6,3,-1,-1,1598,1,15,-1,-1,-1
2018410291620,1,9,0,18,0,4,0,0,0,0,0,1,1,2,-1,-1,1598,2,-1,4,1,4
2018410291620,2,9,0,18,0,4,0,0,0,0,1,1,6,3,-1,-1,1598,1,4,-1,-1,-1
2018410291620,3,9,0,3,0,4,0,0,0,0,2,1,5,1,61,9,1796,1,14,4,1,4
2018410291620,4,9,0,3,0,4,0,0,0,0,2,1,5,2,74,10,1598,1,3,5,1,5
2018410291708,1,3,0,18,0,8,1,0,0,0,3,1,5,1,38,7,124,1,12,7,1,7
2018410291708,2,9,0,9,0,6,0,0,0,0,4,1,6,1,43,7,1560,2,9,6,1,6
2018410291715,1,9,0,18,0,0,0,0,0,0,1,1,5,1,38,7,2979,1,16,9,1,9
2018410291715,2,3,0,18,0,0,2,0,0,0,1,1,2,1,48,8,125,1,7,4,1,4
2018410291814,1,9,0,18,0,0,1,0,6,0,2,1,6,1,54,8,-1,-1,-1,4,1,4
2018410291814,2,9,0,15,0,0,5,0,6,0,1,1,6,1,48,8,2993,2,4,6,3,6
2018410291814,3,9,0,18,0,0,5,0,0,0,1,1,6,2,31,6,1248,1,2,5,1,5
2018410291873,1,9,0,18,0,0,1,0,1,0,1,1,5,1,14,3,973,1,15,3,1,3
2018410291890,1,9,0,18,0,0,5,0,6,6,1,1,5,1,23,5,1229,1,12,5,1,5
2018410291911,1,3,0,18,0,0,0,0,0,0,1,1,5,1,20,4,124,1,-1,6,1,6
2018410291933,1,3,0,18,0,1,0,0,0,0,1,1,2,1,23,5,125,1,5,4,1,4
2018410291933,2,9,0,9,0,1,0,0,0,0,2,1,1,1,42,7,-1,-1,-1,6,1,6
2018410291986,1,9,0,2,0,0,0,0,0,0,0,1,1,1,35,6,-1,-1,-1,4,1,4
2018410291986,2,3,0,18,9,0,1,0,0,0,4,1,6,1,21,5,124,1,13,10,1,10
2018410292009,1,9,0,17,0,8,0,0,0,0,1,1,2,1,38,7,2401,2,10,7,1,7
2018410292009,2,9,0,11,0,8,0,0,0,0,4,1,2,1,46,8,1368,1,10,9,1,9
2018410292015,1,9,0,9,0,6,0,0,0,0,1,1,1,1,31,6,998,1,4,7,1,7
2018410292015,2,9,0,18,0,1,0,0,0,0,4,1,1,1,63,9,1598,1,9,3,1,3
2018410292040,1,9,0,7,0,4,1,0,3,0,1,1,6,1,66,10,1587,1,14,4,1,4
2018410292040,2,9,0,7,0,4,0,0,3,0,2,1,6,2,32,6,1498,1,4,4,1,4
2018410292051,1,11,0,16,0,3,0,0,0,0,1,1,1,1,37,7,4500,2,1,3,1,3
2018410292051,2,9,0,12,0,3,0,0,0,0,2,1,5,1,30,6,2231,2,11,5,1,5
2018410292051,3,9,0,3,0,3,0,0,0,0,2,1,5,2,72,10,1596,1,12,3,1,3
2018410292104,1,9,0,5,0,4,0,0,0,0,2,1,5,2,56,9,1329,1,4,3,1,3
2018410292104,2,21,0,5,0,4,0,0,0,0,2,1,1,1,24,5,5132,2,2,3,1,3
2018410292114,1,9,0,5,0,8,0,0,0,0,4,1,5,1,32,6,2993,2,11,4,1,4
2018410292114,2,9,0,5,0,8,0,0,0,0,3,1,2,1,34,6,-1,-1,-1,4,1,4
2018410292114,3,9,0,5,0,8,0,0,0,0,3,1,2,1,37,7,3498,1,15,8,1,8
2018410292250,1,9,0,18,0,1,0,0,0,0,1,1,5,2,29,6,1497,1,16,2,1,2
2018410292250,2,9,0,5,0,1,0,0,0,0,2,1,6,1,38,7,1199,1,15,5,1,5
2018410292250,3,9,0,2,0,1,0,0,0,0,1,1,1,1,23,5,-1,-1,-1,10,1,10
2018410292381,1,9,0,10,0,1,0,0,0,0,1,1,5,1,74,10,1598,1,7,5,1,5
2018410292381,2,9,0,9,0,1,0,0,0,0,3,1,5,2,56,9,1242,1,1,5,1,5
2018410292455,1,9,0,18,0,0,0,0,0,0,1,1,6,1,25,5,2143,2,8,-1,-1,-1
2018410292455,2,9,0,18,0,0,0,0,0,0,1,1,6,1,36,7,1339,1,5,2,1,2
2018410292513,1,9,0,1,0,0,0,0,0,0,2,1,1,1,28,6,1061,1,12,3,1,3
2018410292599,1,9,0,18,0,0,0,0,0,0,1,1,6,2,56,9,2922,1,13,5,1,5
2018410292599,2,9,0,4,0,0,0,0,0,0,2,1,6,2,25,5,996,1,5,10,1,10
2018410292599,3,9,0,4,0,0,0,0,0,0,2,1,6,1,49,8,1339,8,9,8,1,8
2018410292599,4,9,0,4,0,0,0,0,0,0,2,1,6,1,54,8,4163,1,11,9,1,9
2018410292600,1,3,0,16,0,1,0,0,0,0,3,1,2,1,26,6,125,1,3,9,2,9
2018410292600,2,9,0,4,0,1,0,0,0,0,4,1,1,1,23,5,-1,-1,-1,3,1,3
2018410292621,1,9,0,18,0,0,0,0,0,0,1,1,6,3,-1,-1,1149,1,14,-1,-1,-1
2018410292621,2,9,0,18,0,0,0,0,0,0,2,1,6,1,29,6,1598,1,6,10,1,10
2018410292661,1,9,0,18,0,0,0,11,0,0,3,1,5,2,21,5,1390,1,6,7,3,7
2018410292692,1,19,0,18,0,0,0,0,0,0,4,1,2,1,27,6,1248,2,1,6,1,6
2018410292692,2,1,0,18,0,0,0,0,0,0,2,1,2,1,45,7,-1,-1,-1,10,3,10
2018410292729,1,9,0,18,0,1,0,0,0,0,1,1,5,2,66,10,1364,1,1,7,1,7
2018410292729,2,19,0,18,0,2,0,0,0,0,3,1,1,1,39,7,2400,2,10,10,2,10
2018410292729,3,19,0,18,0,2,0,0,0,0,1,1,1,2,62,9,1298,1,16,3,1,3
2018410292777,1,90,1,18,0,0,0,0,0,0,1,1,6,1,40,7,-1,-1,-1,10,1,10
2018410292777,2,9,0,3,0,0,0,0,0,0,2,1,6,2,32,6,1200,1,3,3,1,3
2018410292831,1,9,0,16,0,0,0,0,0,0,3,1,5,1,21,5,1242,1,11,6,1,6
2018410292831,2,9,0,3,0,0,0,0,0,0,2,1,5,1,37,7,1598,1,10,3,1,3
2018410292847,1,9,0,1,0,0,2,0,0,0,1,1,4,1,17,4,1995,2,13,4,1,4
2018410292847,2,9,0,2,0,0,0,0,1,0,3,1,2,1,21,5,1199,1,16,1,1,1
2018410292847,3,9,0,2,0,0,0,0,1,0,1,1,5,2,51,8,1998,1,16,2,1,2
2018410292893,1,9,0,9,0,8,0,0,0,0,1,1,1,2,54,8,1997,1,9,7,1,7
2018410292893,2,9,0,18,0,8,0,0,0,0,1,1,1,1,51,8,599,1,15,5,1,5
2018410292966,1,9,0,17,0,0,0,0,0,0,0,1,6,3,-1,-1,-1,-1,-1,-1,-1,-1
2018410292966,2,5,0,17,0,0,1,10,0,0,1,1,5,1,25,5,798,1,10,7,-1,7
2018410292986,1,9,0,4,0,1,0,0,0,0,1,1,6,3,-1,-1,-1,-1,-1,-1,-1,-1
2018410292994,1,5,1,18,0,0,0,0,0,0,1,1,1,1,50,8,865,1,9,9,1,9
2018410292994,2,98,0,13,0,0,0,0,0,0,4,1,2,1,47,8,-1,-1,-1,-1,-1,-1
2018410293017,1,9,0,9,0,6,0,0,0,0,3,1,5,2,21,5,998,1,10,6,1,6
2018410293017,2,1,0,18,0,1,5,0,0,0,1,1,1,1,37,7,-1,-1,-1,3,1,3
2018410293040,1,9,0,-1,-1,0,-1,-1,-1,0,-1,1,1,3,-1,-1,-1,-1,-1,-1,-1,-1
2018410293040,2,9,-1,-1,-1,0,-1,-1,-1,0,-1,1,1,1,-1,-1,2497,2,11,4,1,4
2018410293075,1,9,0,9,0,1,0,0,7,0,3,1,5,1,21,5,1390,1,5,7,1,7
2018410293075,2,9,0,18,0,1,0,0,7,0,1,1,5,1,29,6,2987,2,4,6,1,6
2018410293105,1,9,0,18,0,0,1,0,1,7,1,1,6,1,23,5,1995,2,11,1,1,1
2018410293142,1,9,0,5,0,1,0,0,0,0,1,1,5,1,49,8,2993,2,8,-1,-1,-1
2018410293194,1,9,0,18,0,4,0,11,1,0,1,1,5,2,40,7,1596,1,14,6,1,6
2018410293214,1,9,0,10,0,1,0,0,0,0,1,1,2,2,41,7,1995,2,11,4,1,4
2018410293214,2,4,0,18,0,8,0,0,0,0,2,1,6,1,39,7,249,1,10,10,1,10
2018410293214,3,9,0,3,0,1,0,0,0,0,0,1,6,1,-1,-1,2993,2,-1,4,1,4
2018410293228,1,9,0,11,0,0,5,0,1,6,1,1,2,1,59,9,-1,-1,-1,8,1,8
2018410293363,1,9,0,11,0,1,0,0,0,0,4,1,1,1,34,6,998,1,6,4,1,4
2018410293363,2,9,0,18,0,1,1,0,0,0,3,1,2,2,27,6,2179,2,4,10,1,10
2018410293494,1,9,0,5,0,0,0,0,0,0,3,1,5,2,59,9,2148,2,14,7,3,7
2018410293494,2,9,0,7,0,0,5,0,0,0,4,1,5,2,17,4,1368,1,9,7,1,7
2018410293504,1,9,-1,-1,-1,8,-1,-1,-1,0,-1,1,5,1,43,7,1994,1,13,6,1,6
2018410293504,2,9,0,4,0,8,0,0,0,0,1,1,5,1,48,8,2967,2,4,10,1,10
2018410293599,1,9,0,18,0,0,0,0,0,0,1,1,1,1,48,8,-1,-1,-1,2,1,2
2018410293599,2,9,0,18,0,0,0,0,0,0,2,1,1,1,68,10,1242,1,6,6,1,6
2018410293669,1,5,0,4,0,4,1,0,0,0,1,1,6,1,49,8,599,1,7,9,1,9
2018410293694,1,9,0,18,0,0,0,0,0,0,1,1,6,1,39,7,1461,2,3,8,1,8
2018410293694,2,9,0,7,0,0,0,0,0,0,3,1,6,2,43,7,-1,-1,-1,10,1,10
2018410293750,1,9,0,18,0,0,0,0,0,0,1,1,1,1,42,7,1798,8,1,8,1,8
2018410293753,1,9,0,18,0,1,0,0,0,0,2,1,1,1,33,6,1198,1,8,6,1,6
2018410293753,2,9,0,18,0,1,0,0,0,0,1,1,1,1,36,7,1396,1,1,5,1,5
2018410293771,1,9,0,17,0,8,5,0,3,9,1,1,5,1,28,6,1248,2,5,7,1,7
2018410293783,1,9,0,18,0,8,0,0,0,0,3,1,5,1,51,8,1242,1,7,-1,1,-1
2018410293783,2,9,0,7,0,8,0,0,0,0,4,1,5,1,56,9,1968,2,3,8,3,8
2018410293798,1,9,0,18,0,1,0,0,0,0,1,1,5,1,28,6,1560,2,3,6,1,6
2018410293798,2,9,0,4,0,1,0,0,0,0,2,1,5,2,46,8,1386,1,15,3,1,3
2018410293807,1,9,0,18,0,0,0,0,2,7,3,1,6,2,33,6,2993,2,8,9,1,9
2018410293810,1,9,0,9,0,1,0,0,0,0,1,1,6,2,19,4,1242,1,4,2,1,2
2018410293810,2,9,0,18,0,1,0,0,0,0,4,1,5,1,43,7,2179,2,7,5,1,5
2018410293818,1,9,0,18,0,0,0,0,0,0,3,1,6,1,64,9,2143,2,5,4,1,4
2018410293823,1,9,0,9,0,8,0,0,0,0,1,1,6,1,23,5,998,1,10,5,2,5
2018410293823,2,9,0,18,0,8,0,0,0,0,1,1,6,1,41,7,1388,1,15,9,1,9
2018410293825,1,9,0,14,0,0,0,4,0,0,1,1,5,2,48,8,1598,1,6,10,-1,10
2018410293825,2,9,0,2,0,0,0,0,0,0,2,1,6,3,-1,-1,-1,-1,-1,-1,-1,-1
2018410293861,1,9,0,18,0,0,0,0,0,0,1,1,1,2,24,5,-1,-1,-1,4,1,4
2018410293861,2,9,0,4,0,0,0,0,0,0,2,1,6,2,28,6,1499,1,2,9,1,9
2018410293861,3,9,0,4,0,0,0,0,0,0,2,1,6,1,34,6,1984,1,8,4,1,4
2018410293902,1,9,0,13,0,0,0,0,0,0,4,1,6,3,-1,-1,898,1,1,-1,-1,-1
2018410293902,2,9,0,17,0,0,0,0,0,0,3,1,5,1,59,9,2184,2,13,9,1,9
2018410293905,1,9,0,18,0,8,0,0,0,0,1,1,5,1,24,5,1598,1,6,8,3,8
2018410293905,2,9,0,9,0,8,0,0,0,0,3,1,5,1,25,5,1596,1,13,-1,-1,-1
2018410293953,1,3,0,18,0,1,0,0,0,0,1,1,6,1,22,5,125,1,13,8,1,8
2018410293953,2,9,0,9,0,6,0,0,0,0,1,1,6,1,20,4,1598,1,10,6,1,6
2018410293993,1,9,0,7,0,3,0,0,0,0,1,1,5,1,24,5,1598,1,1,3,1,3
2018410293993,2,9,0,7,0,3,0,0,0,0,2,1,5,1,38,7,1248,2,4,3,1,3
2018410294028,1,9,0,4,0,0,0,0,0,0,1,1,2,1,42,7,1598,2,8,3,1,3
2018410294028,2,9,0,4,0,0,0,0,0,0,2,1,2,2,27,6,998,1,10,6,1,6
2018410294087,1,19,0,18,0,0,0,0,0,0,1,1,6,1,-1,-1,2461,2,10,2,1,2
2018410294087,2,9,0,18,0,0,0,0,0,0,2,1,5,1,-1,-1,1242,1,14,2,1,2
2018410294169,1,9,0,18,0,3,0,0,0,0,2,1,1,2,18,4,998,1,4,5,1,5
2018410294169,2,98,1,18,0,3,0,0,0,0,1,1,6,3,-1,-1,-1,-1,-1,-1,-1,-1
2018410294202,1,9,0,3,0,3,0,0,0,0,1,1,5,1,27,6,898,1,1,9,2,9
2018410294202,2,9,0,4,0,3,0,0,0,0,2,1,1,1,40,7,1242,1,2,3,1,3
2018410294205,1,9,0,18,0,0,0,0,0,0,4,1,6,2,41,7,1248,1,8,5,1,5
2018410294205,2,1,0,18,0,0,0,0,0,0,3,1,6,2,52,8,-1,-1,-1,9,3,9
2018410294211,1,9,0,18,0,0,0,0,0,0,0,1,5,2,78,11,-1,-1,-1,9,1,9
2018410294216,1,1,0,18,0,0,0,0,0,0,1,1,5,1,60,9,-1,-1,-1,4,1,4
2018410294221,1,9,0,18,0,0,0,0,0,0,3,1,5,2,32,6,1999,2,1,9,3,9
2018410294221,2,1,0,18,0,0,0,0,0,0,3,1,6,1,-1,-1,-1,-1,-1,6,3,6
2018410294382,1,98,1,18,0,0,0,0,0,0,1,1,2,1,-1,-1,-1,-1,-1,-1,-1,-1
2018410294382,2,9,0,18,0,0,0,0,0,0,2,1,5,1,-1,-1,1991,2,7,4,1,4
2018410294393,1,9,0,13,0,0,0,0,0,0,0,1,6,2,-1,-1,2987,2,9,-1,-1,-1
2018410294393,2,9,0,18,0,0,1,0,2,0,4,1,3,1,38,7,1368,1,1,7,1,7
2018410294426,1,-1,0,18,0,0,0,0,0,0,0,1,6,3,-1,-1,-1,-1,-1,-1,-1,-1
2018410294426,2,9,0,18,0,0,0,0,0,0,1,1,5,1,70,10,1197,1,4,10,-1,10
2018410294438,1,9,0,18,0,8,1,0,0,0,3,1,2,2,42,7,1200,1,3,10,1,10
2018410294438,2,9,0,18,0,3,0,0,0,0,1,1,5,2,51,8,-1,-1,-1,10,1,10
2018410294462,1,9,0,5,0,1,0,0,0,0,1,1,5,1,39,7,1799,1,12,4,1,4
2018410294462,2,1,0,5,0,1,0,0,0,0,2,1,5,1,13,3,-1,-1,-1,9,1,9
2018410294514,1,21,1,18,0,0,0,0,0,0,1,1,1,1,25,5,-1,-1,-1,-1,-1,-1
2018410294514,2,9,0,18,0,0,0,0,0,0,4,1,5,1,56,9,1598,2,7,2,1,2
2018410294542,1,9,0,5,0,2,0,0,0,0,1,1,6,1,82,11,1798,8,2,6,1,6
2018410294542,2,9,0,2,0,1,0,0,0,0,4,1,6,2,26,6,1598,1,5,-1,-1,-1
2018410294542,3,9,0,2,0,1,0,0,0,0,4,1,6,2,26,6,1461,2,3,-1,-1,-1
2018410294569,1,9,0,18,0,0,1,0,5,0,3,1,6,1,59,9,1968,2,7,10,1,10
2018410294569,2,21,1,18,0,0,1,0,0,0,4,1,1,1,34,6,12777,2,2,5,2,5
2018410294615,1,9,0,18,0,3,0,0,0,0,3,1,6,2,41,7,1364,1,11,4,1,4
2018410294615,2,5,0,14,0,3,0,0,0,0,4,1,6,1,55,8,-1,-1,-1,8,1,8