Accident_Index,Vehicle_Reference,Vehicle_Type,Towing_and_Articulation,Vehicle_Manoeuvre,Vehicle_Location-Restricted_Lane,Junction_Location,Skidding_and_Overturning,Hit_Object_in_Carriageway,Vehicle_Leaving_Carriageway,Hit_Object_off_Carriageway,1st_Point_of_Impact,Was_Vehicle_Left_Hand_Drive?,Journey_Purpose_of_Driver,Sex_of_Driver,Age_of_Driver,Age_Band_of_Driver,Engine_Capacity_(CC),Propulsion_Code,Age_of_Vehicle,Driver_IMD_Decile,Driver_Home_Area_Type,Vehicle_IMD_Decile
2018410294625,1,9,0,18,0,8,0,0,0,0,1,1,5,2,33,6,1395,1,2,10,1,10
2018410294625,2,9,0,18,0,8,1,0,7,11,3,1,6,1,61,9,1998,1,15,5,1,5
2018410294671,1,9,0,18,0,0,0,0,1,0,1,1,6,2,20,4,-1,-1,-1,7,1,7
2018410294679,1,9,0,11,0,0,0,0,0,0,1,1,2,2,33,6,1798,1,11,9,1,9
2018410294679,2,9,0,3,0,0,0,0,0,0,2,1,2,2,30,6,1396,1,5,8,1,8
2018410294697,1,9,0,18,0,0,0,0,0,0,1,1,6,3,-1,-1,-1,-1,-1,-1,-1,-1
2018410294705,1,9,0,18,0,2,0,0,0,0,1,1,2,2,37,7,1598,1,6,3,1,3
2018410294752,1,19,0,7,0,6,0,0,0,0,4,1,1,1,49,8,1598,2,5,8,1,8
2018410294752,2,1,0,18,9,1,0,0,0,0,1,1,5,1,17,4,-1,-1,-1,5,1,5
2018410294764,1,9,0,1,0,1,0,0,0,0,0,1,5,2,44,7,2902,2,15,4,1,4
2018410294771,1,21,1,14,0,4,0,0,0,0,4,1,1,1,69,10,12809,2,2,7,1,7
2018410294771,2,9,0,3,0,4,0,0,0,0,3,1,5,1,18,4,1200,1,1,5,1,5
2018410294775,1,9,0,3,0,1,0,0,0,0,2,1,1,1,23,5,1598,2,3,1,1,1
2018410294775,2,9,0,5,0,1,0,0,0,0,1,1,6,3,-1,-1,-1,-1,-1,-1,-1,-1
2018410294779,1,9,0,14,0,1,0,4,0,0,4,1,6,2,40,7,1364,1,3,9,1,9
2018410294779,2,9,0,2,0,1,0,4,0,0,1,1,6,2,23,5,1364,1,9,6,1,6
2018410294779,3,9,0,2,0,1,0,0,0,0,0,1,6,2,-1,-1,-1,-1,-1,-1,-1,-1
2018410294923,1,9,0,17,0,0,0,0,0,0,1,1,5,1,45,7,1597,1,14,8,2,8
2018410294923,2,9,0,16,0,0,1,0,0,0,1,1,5,1,18,4,1968,2,2,10,1,10
2018410294976,1,9,0,9,0,1,0,0,0,0,1,1,6,1,44,7,1798,1,12,5,1,5
2018410294976,2,1,0,9,0,1,0,0,0,0,2,1,6,1,43,7,-1,-1,-1,6,2,6
2018410294980,1,5,0,18,0,0,5,0,7,0,0,1,6,1,38,7,599,1,19,6,1,6
2018410295010,1,1,0,18,0,4,0,0,0,0,4,1,5,1,39,7,-1,-1,-1,6,2,6
2018410295010,2,9,0,18,0,4,0,0,0,0,0,1,6,2,-1,-1,1769,1,17,-1,-1,-1
2018410295075,1,9,0,18,0,0,0,0,0,0,1,1,6,1,78,11,-1,-1,-1,10,1,10
2018410295075,2,9,0,3,0,0,0,0,0,0,2,1,6,2,31,6,1398,1,7,7,1,7
2018410295075,3,9,0,3,0,0,0,0,0,0,2,1,6,2,36,7,1596,1,9,5,1,5
2018410295075,4,9,0,3,0,0,0,0,0,0,2,1,6,2,30,6,1360,1,13,8,1,8
2018410295075,5,9,0,3,0,0,0,0,0,0,2,1,6,1,43,7,1997,2,3,5,1,5
2018410295105,1,9,0,9,0,5,0,0,0,0,1,1,1,1,50,8,-1,-1,-1,1,1,1
2018410295111,1,9,0,18,0,3,0,0,0,0,4,1,5,1,67,10,998,1,3,6,1,6
2018410295111,2,9,0,9,0,4,1,0,0,0,1,1,5,1,23,5,1598,1,13,3,1,3
2018410295123,1,9,0,18,0,0,0,0,0,0,1,1,6,1,34,6,1499,2,4,4,1,4
2018410295123,2,9,0,10,0,0,0,0,0,0,2,1,6,2,26,6,1362,1,5,6,3,6
2018410295127,1,5,0,13,0,1,0,0,7,0,4,1,6,1,22,5,599,1,18,5,1,5
2018410295127,2,9,0,9,0,5,0,0,0,0,3,1,6,2,50,8,1998,1,12,6,3,6
2018410295146,1,9,0,18,0,0,0,0,0,0,2,1,2,1,47,8,1834,1,15,5,1,5
2018410295146,2,98,0,18,0,0,0,0,0,0,1,1,1,1,58,9,-1,-1,-1,6,1,6
2018410295146,3,9,0,18,0,0,0,0,0,0,1,1,1,1,36,7,1598,2,2,5,1,5
2018410295232,1,-1,0,1,0,0,0,0,0,0,2,1,6,2,-1,-1,-1,-1,-1,-1,-1,-1
2018410295267,1,90,0,18,9,6,0,0,0,0,1,1,6,1,24,5,-1,-1,-1,9,1,9
2018410295315,1,9,0,18,0,0,1,0,1,0,1,1,2,1,23,5,1497,1,13,5,1,5
2018410295315,2,9,0,2,0,0,0,4,0,0,1,1,6,3,-1,-1,-1,3,4,-1,-1,-1
2018410295315,3,19,0,2,0,0,0,4,0,0,1,1,6,2,43,7,2461,2,10,7,1,7
2018410295349,1,9,0,16,0,2,0,0,0,0,0,1,1,1,32,6,2993,2,2,2,1,2
2018410295349,2,9,0,9,0,2,0,0,0,0,4,1,2,2,28,6,1497,8,4,5,1,5
2018410295349,3,9,0,18,0,2,0,0,0,0,1,1,5,2,50,8,1598,1,11,4,1,4
2018410295349,4,11,0,4,0,2,0,0,0,0,0,1,1,3,-1,-1,-1,-1,-1,-1,-1,-1
2018410295398,1,9,0,4,0,0,0,0,0,0,1,1,5,1,24,5,998,1,6,10,1,10
2018410295398,2,9,0,4,0,0,0,0,0,0,2,1,1,1,36,7,-1,-1,-1,1,1,1
2018410295485,1,9,0,9,0,1,0,0,0,0,3,1,5,2,61,9,1796,2,4,9,1,9
2018410295485,2,1,0,14,0,1,0,0,0,0,4,1,5,1,43,7,-1,-1,-1,10,1,10
2018410295564,1,9,0,17,0,8,0,0,0,0,4,1,6,2,42,7,1995,2,1,2,1,2
2018410295564,2,3,0,18,0,8,0,0,0,0,3,1,6,1,25,5,124,1,1,8,1,8
2018410295571,1,9,0,18,0,0,5,0,0,0,3,1,1,1,38,7,-1,-1,-1,4,1,4
2018410295571,2,9,0,18,0,0,0,0,0,0,1,1,1,1,39,7,1242,1,10,7,1,7
2018410295571,3,9,0,18,0,0,0,0,0,0,4,1,1,1,37,7,1398,1,1,9,1,9
2018410295571,4,9,0,18,0,0,0,0,0,0,4,1,1,1,63,9,-1,-1,-1,3,1,3
2018410295607,1,21,0,18,0,0,0,0,0,0,1,1,1,1,60,9,12740,2,3,6,3,6
2018410295607,2,9,0,18,0,0,1,0,0,0,4,1,6,2,51,8,1388,1,9,10,2,10
2018410295622,1,9,0,18,0,2,0,0,0,0,1,1,6,1,74,10,1995,2,-1,9,1,9
2018410295622,2,9,0,9,0,3,0,0,0,0,4,1,6,1,31,6,1796,1,10,4,1,4
2018410295634,1,9,0,18,0,4,0,0,0,0,0,1,1,1,65,9,1997,2,6,8,2,8
2018410295634,2,9,0,18,0,4,0,0,0,0,1,1,1,1,49,8,-1,-1,-1,10,2,10
2018410295641,1,19,0,1,0,5,0,0,0,0,3,1,1,1,35,6,1598,2,2,1,1,1
2018410295641,2,5,0,13,0,1,0,0,7,0,1,1,5,1,58,9,865,1,11,10,2,10
2018410295683,1,9,0,4,0,4,1,0,3,1,4,1,1,1,46,8,1968,2,7,7,1,7
2018410295838,1,9,0,12,0,0,0,0,0,0,2,1,6,1,53,8,1595,1,3,8,3,8
2018410295838,2,9,0,18,0,0,5,0,7,0,1,1,6,1,44,7,-1,-1,-1,4,1,4
2018410295849,1,9,0,18,0,3,0,0,0,0,1,1,6,2,73,10,1389,1,13,4,1,4
2018410295865,1,9,0,18,0,0,0,0,0,0,1,1,6,1,29,6,1598,1,16,6,3,6
2018410295865,2,19,0,2,0,0,0,0,0,0,2,1,6,3,-1,-1,2298,2,2,-1,-1,-1
2018410295914,1,9,0,15,0,0,0,0,0,0,0,1,6,1,-1,-1,-1,-1,-1,5,1,5
2018410295922,1,9,0,9,0,1,0,7,0,0,1,1,1,1,43,7,1595,1,15,8,1,8
2018410295931,1,9,0,5,0,1,0,0,0,0,3,1,5,2,21,5,1242,1,3,3,1,3
2018410295931,2,9,0,18,0,8,0,0,0,0,1,1,5,1,26,6,1781,1,13,3,1,3
2018410295942,1,9,0,16,0,3,0,0,0,0,1,1,6,2,17,4,1198,1,11,9,1,9
2018410295942,2,9,0,18,0,4,0,0,0,0,1,1,6,2,77,11,1242,1,18,10,1,10
2018410295950,1,9,0,5,0,1,0,0,0,0,1,1,6,1,58,9,3498,1,8,4,1,4
2018410295950,2,9,0,4,0,1,0,0,0,0,2,1,6,1,24,5,1597,1,18,6,1,6
2018410296022,1,9,0,2,0,1,0,0,1,0,2,1,5,1,69,10,1598,1,8,10,1,10
2018410296022,2,9,0,18,0,1,1,11,4,6,1,1,5,1,28,6,3781,1,58,5,1,5
2018410296022,3,9,0,18,0,1,1,11,4,6,1,1,5,1,71,10,1496,1,-1,5,1,5
2018410296038,1,9,-1,8,0,8,0,0,0,0,4,1,6,2,-1,-1,1149,1,12,-1,-1,-1
2018410296038,2,1,-1,18,0,8,0,0,0,0,3,1,6,2,42,7,-1,-1,-1,7,1,7
2018410296039,1,9,0,13,0,1,0,0,0,0,1,1,5,1,32,6,1595,1,28,7,1,7
2018410296039,2,9,0,9,0,1,0,0,0,0,3,1,5,2,41,7,1595,1,17,6,1,6
2018410296121,1,9,0,9,0,2,0,0,0,0,4,1,5,2,71,10,2494,8,-1,10,1,10
2018410296121,2,3,0,18,0,1,0,0,0,0,4,1,5,1,40,7,125,1,5,6,1,6
2018410296168,1,9,0,18,0,8,0,0,0,0,3,1,5,1,36,7,1198,1,4,5,1,5
2018410296168,2,9,0,7,0,6,0,0,0,0,1,1,5,1,46,8,1793,1,14,8,1,8
2018410296171,1,9,0,4,0,0,0,0,0,0,1,1,5,2,23,5,1124,1,14,8,1,8
2018410296171,2,9,0,2,0,0,0,0,0,0,2,1,5,1,28,6,1968,2,12,4,1,4
2018410296252,1,9,0,16,0,0,0,0,0,0,1,1,5,1,26,6,1968,2,5,3,1,3
2018410296252,2,9,0,16,0,0,0,0,7,0,1,1,5,1,53,8,4367,2,3,10,1,10
2018410296281,1,19,0,18,0,4,0,0,0,0,1,1,6,1,20,4,1248,2,4,4,1,4
2018410296281,2,9,0,9,0,8,0,0,0,0,4,1,3,2,37,7,1598,1,10,6,1,6
2018410296291,1,3,0,9,0,4,0,0,0,0,4,1,2,1,18,4,-1,-1,-1,4,1,4
2018410296291,2,8,0,4,0,4,0,0,0,0,1,1,1,1,36,7,1497,8,10,6,1,6
2018410296295,1,9,0,17,0,8,0,0,0,0,0,1,1,1,44,7,2993,2,1,-1,-1,-1
2018410296295,2,9,0,3,0,8,0,0,0,0,1,1,5,1,65,9,3456,8,8,7,1,7
2018410296295,3,9,0,3,0,8,0,0,0,0,2,1,5,2,54,8,1598,2,5,10,1,10
2018410296298,1,9,0,13,0,0,0,0,0,0,4,1,6,3,-1,-1,2720,2,11,-1,-1,-1
2018410296298,2,1,0,18,0,0,0,0,0,0,3,1,6,1,62,9,-1,-1,-1,7,-1,7
2018410296319,1,9,0,18,0,0,1,0,1,0,4,1,1,1,36,7,1685,2,6,2,1,2
2018410296319,2,98,1,12,0,0,0,0,0,0,3,1,1,1,48,8,-1,-1,-1,-1,-1,-1
2018410296336,1,9,0,18,0,0,0,0,0,0,4,1,6,1,54,8,-1,-1,-1,4,1,4
2018410296336,2,21,0,18,0,0,0,0,0,0,4,1,1,1,29,6,12740,2,-1,6,2,6
2018410296342,1,9,0,4,0,1,0,0,0,0,1,1,5,1,86,11,1396,1,7,6,1,6
2018410296342,2,9,0,4,0,1,0,0,0,0,1,1,5,1,27,6,1895,1,19,9,2,9
2018410296342,3,9,0,4,0,1,0,0,0,0,2,1,6,2,47,8,2967,2,2,10,1,10
2018410296480,1,5,0,17,0,0,1,0,1,7,4,1,6,1,33,6,599,1,19,7,1,7
2018410296556,1,9,0,18,0,0,0,0,0,0,3,1,6,2,18,4,1229,1,4,9,1,9
2018410296594,1,9,0,18,0,1,0,0,7,4,1,1,6,1,65,9,1587,1,17,5,1,5
2018410296602,1,90,0,18,0,0,5,11,1,0,4,1,5,2,51,8,-1,-1,-1,6,3,6
2018410296853,1,1,0,18,0,1,0,0,0,0,1,1,6,1,62,9,-1,-1,-1,8,1,8
2018410296853,2,9,0,5,0,6,0,0,0,0,3,1,2,1,17,4,1229,1,10,9,1,9
2018410296958,1,9,0,18,0,0,0,0,0,0,1,1,6,3,-1,-1,1329,1,3,-1,-1,-1
2018410296958,2,9,0,3,0,0,0,0,0,0,2,1,3,1,42,7,1596,1,9,9,1,9
2018410296997,1,9,0,18,0,8,0,0,0,0,1,1,6,1,77,11,2982,2,20,10,1,10
2018410296997,2,9,0,18,0,8,0,0,0,0,1,1,6,2,66,10,1339,1,9,9,1,9
2018410297125,1,9,0,18,0,0,5,10,1,11,1,1,5,2,65,9,1598,1,13,6,1,6
2018410297125,2,9,0,18,0,0,5,0,1,11,3,1,1,2,37,7,1997,2,14,9,1,9
2018410297140,1,9,0,18,0,1,0,0,0,0,1,1,6,2,36,7,2521,1,12,7,1,7
2018410297267,1,9,0,5,0,4,0,0,0,0,1,1,6,1,66,10,1796,1,4,6,1,6
2018410297267,2,98,0,3,0,3,0,0,0,0,2,1,6,1,47,8,-1,-1,-1,4,1,4
2018410297319,1,9,0,4,0,1,0,0,0,0,1,1,1,1,38,7,2993,2,2,-1,-1,-1
2018410297319,2,9,0,9,0,1,2,0,0,0,4,1,5,1,17,4,-1,-1,-1,9,1,9
2018410297319,3,9,0,18,0,1,0,0,0,0,0,1,6,3,-1,-1,2497,2,14,-1,-1,-1
2018410297320,1,9,0,16,0,0,1,0,0,0,1,1,5,2,55,8,1108,1,15,5,1,5
2018410297320,2,9,0,17,0,0,1,0,0,0,1,1,5,1,69,10,1597,1,24,7,1,7
2018410297378,1,9,0,9,0,2,0,0,0,0,3,1,3,2,44,7,1798,1,17,7,3,7
2018410297378,2,1,0,18,0,2,0,0,0,0,1,1,4,1,14,3,-1,-1,-1,7,1,7
2018410297420,1,9,0,13,0,0,0,0,0,0,1,1,6,1,21,5,2480,1,1,-1,-1,-1
2018410297420,2,9,0,18,0,0,0,0,1,0,1,1,6,1,62,9,999,1,13,-1,-1,-1
2018410297420,3,9,0,18,0,0,0,0,0,0,3,1,6,1,74,10,1582,2,4,10,2,10
2018410297442,1,9,0,1,0,0,0,0,0,0,2,1,5,1,73,10,1598,1,13,9,1,9
2018410297442,2,3,0,3,0,0,0,0,0,0,4,1,5,1,61,9,124,1,4,9,1,9
2018410297470,1,9,0,4,0,0,0,0,0,0,3,1,6,1,43,7,1242,1,7,6,3,6
2018410297470,2,9,0,18,0,0,0,0,0,0,1,1,6,1,27,6,1390,1,17,5,1,5
2018410297478,1,9,0,18,0,0,0,0,0,0,1,1,6,1,52,8,1796,1,14,8,2,8
2018410297478,2,19,0,7,0,0,0,0,0,0,2,1,6,2,41,7,2402,2,9,4,3,4
2018410297484,1,9,0,18,0,1,0,0,7,0,4,1,5,1,29,6,1461,2,11,3,1,3
2018410297484,2,9,0,18,0,1,0,0,0,0,0,1,5,1,59,9,2493,8,4,7,1,7
2018410297540,1,9,0,18,0,0,0,0,0,0,4,1,6,3,-1,-1,-1,-1,-1,-1,-1,-1
2018410297540,2,1,0,18,0,0,0,0,0,0,3,1,1,1,50,8,-1,-1,-1,9,1,9
2018410297543,1,98,0,13,0,0,0,0,0,0,1,1,1,1,41,7,-1,-1,-1,2,1,2
2018410297543,2,1,0,9,0,0,0,0,0,0,1,1,4,1,13,3,-1,-1,-1,7,1,7
2018410297557,1,9,0,4,0,0,0,0,0,0,2,1,6,1,27,6,2698,2,10,10,1,10
2018410297557,2,9,0,4,0,0,0,0,0,0,1,1,6,2,29,6,1796,1,12,6,1,6
2018410297557,3,9,0,4,0,0,0,0,0,0,1,1,6,1,50,8,1796,2,4,8,3,8
2018410297587,1,9,0,18,0,0,0,0,0,0,1,1,6,1,19,4,1390,1,13,2,1,2
2018410297587,2,9,0,3,0,0,0,0,0,0,2,1,6,2,45,7,2993,2,2,5,1,5
2018410297793,1,9,0,18,0,0,0,0,0,0,3,1,6,2,26,6,1598,1,16,7,1,7
2018410297827,1,9,0,18,0,1,0,0,0,0,2,1,6,1,27,6,1399,2,12,7,1,7
2018410297827,2,9,0,18,0,1,0,0,0,0,1,1,6,1,22,5,1596,1,14,1,1,1
2018410298067,1,9,0,18,0,1,0,0,0,0,1,1,5,2,24,5,-1,-1,-1,10,1,10
2018410298110,1,9,0,5,0,4,0,0,0,0,0,1,5,2,27,6,2494,1,13,8,1,8
2018410298110,2,9,0,5,0,4,0,0,0,0,2,1,6,2,-1,-1,999,1,3,3,1,3
2018410298193,1,9,0,9,0,0,0,0,0,0,3,1,6,1,35,6,1598,2,3,6,1,6
2018410298260,1,9,0,13,0,0,0,0,0,0,4,1,6,1,27,6,1995,2,2,6,1,6
2018410298260,2,9,0,18,0,0,0,0,0,0,4,1,6,1,41,7,2993,2,4,5,1,5
2018410298481,1,19,0,5,0,0,0,0,0,0,1,1,1,1,52,8,1598,2,4,6,1,6
2018410298481,2,1,0,18,9,0,0,0,0,0,1,1,4,2,17,4,-1,-1,-1,4,1,4
2018410298506,1,9,0,18,0,1,0,0,0,0,1,1,5,2,41,7,1968,2,2,9,1,9
2018410298525,1,19,0,18,0,1,0,0,0,0,1,1,1,1,43,7,1598,2,1,5,1,5
2018410298596,1,9,0,1,0,0,0,0,0,0,2,1,5,1,26,6,1798,1,2,10,1,10
2018410298722,1,19,0,4,0,8,0,0,0,0,1,1,1,1,59,9,1560,2,7,9,1,9
2018410298722,2,9,0,4,0,8,0,0,0,0,2,1,2,2,20,4,1242,1,8,9,3,9
2018410298722,3,9,0,4,0,8,0,0,0,0,2,1,1,2,59,9,2902,2,12,10,2,10
2018410298722,4,9,0,4,0,8,0,0,0,0,2,1,6,2,41,7,1997,2,9,5,3,5
2018410298723,1,9,0,18,0,0,2,0,1,0,3,1,5,2,40,7,1250,1,18,4,1,4
2018410298757,1,9,0,5,0,1,0,0,0,0,1,1,2,1,40,7,-1,-1,-1,6,1,6
2018410298757,2,97,0,5,0,1,0,0,0,0,1,1,2,2,16,4,-1,-1,-1,7,1,7
2018410298790,1,9,0,1,0,1,0,11,0,0,2,1,3,2,49,8,1999,1,9,6,1,6
2018410298930,1,9,0,4,0,0,0,0,0,0,1,1,2,1,23,5,1986,2,12,9,3,9
2018410298930,2,19,0,18,0,0,0,0,1,11,2,1,5,1,33,6,2198,2,8,10,1,10
2018410298974,1,9,0,18,0,8,0,0,7,0,1,1,5,1,26,6,2143,2,1,7,1,7
2018410298974,2,9,0,18,0,8,0,0,0,0,1,1,5,1,28,6,998,1,4,10,1,10
2018410299002,1,19,0,1,0,1,0,0,0,0,4,1,6,1,-1,-1,2198,2,5,-1,-1,-1
2018410299002,2,21,0,2,0,1,0,0,0,0,0,1,1,1,41,7,-1,-1,-1,3,1,3
2018410299035,1,8,0,18,0,0,0,0,0,0,0,1,1,1,50,8,-1,-1,-1,-1,-1,-1
2018410299042,1,9,0,9,0,1,0,0,0,0,1,1,5,1,38,7,1968,2,5,5,1,5
2018410299042,2,9,0,18,0,1,0,0,0,0,1,1,2,2,47,8,1248,1,3,4,1,4
2018410299064,1,9,0,18,0,0,0,0,0,0,1,1,5,1,61,9,1598,1,5,6,1,6
2018410299074,1,98,4,18,0,0,0,0,0,0,4,1,6,3,-1,-1,-1,-1,-1,-1,-1,-1
2018410299074,2,5,0,18,0,0,0,0,0,0,1,1,1,1,35,6,599,1,16,8,1,8
2018410299079,1,9,0,9,0,6,0,0,0,0,1,1,5,1,17,4,1461,2,3,7,1,7
2018410299079,2,9,0,18,0,2,0,0,0,0,2,1,5,2,53,8,1339,1,13,6,1,6
2018410299089,1,19,0,18,0,6,0,0,0,0,4,1,6,1,42,7,1998,2,17,5,1,5
2018410299089,2,1,0,18,0,1,0,0,0,0,1,1,6,1,50,8,-1,-1,-1,8,1,8
2018410299093,1,5,0,16,0,0,0,0,0,0,1,1,5,1,-1,-1,1200,1,24,10,1,10
2018410299093,2,9,0,16,0,0,0,0,0,0,3,1,5,1,45,7,1968,2,2,9,3,9
2018410299093,3,17,4,18,0,0,0,0,0,0,0,1,5,3,-1,-1,-1,-1,-1,-1,-1,-1
2018410299093,4,9,0,2,0,0,0,0,0,0,0,1,5,1,50,8,1560,2,10,3,1,3
2018410299128,1,11,0,9,0,6,0,0,0,0,0,1,1,2,62,9,-1,-1,-1,4,1,4
2018410299128,2,5,0,18,0,8,0,0,0,0,0,1,6,1,59,9,1137,1,20,7,1,7
2018410299131,1,9,0,18,0,1,0,0,0,0,1,1,1,1,63,9,-1,-1,-1,8,2,8
2018410299131,2,19,0,3,0,2,0,0,0,0,2,1,1,1,-1,-1,2143,2,5,-1,-1,-1
2018410299178,1,9,0,2,0,0,0,0,0,0,2,1,5,2,21,5,1242,1,5,6,1,6
2018410299178,2,9,0,1,0,0,0,0,0,0,2,1,6,1,26,6,-1,-1,-1,6,1,6
2018410299189,1,9,0,18,0,0,0,0,0,0,1,1,5,2,38,7,1995,2,1,10,1,10
2018410299189,2,9,0,4,0,0,0,0,0,0,2,1,1,1,30,6,-1,-1,-1,8,1,8
2018410299189,3,9,0,4,0,0,0,0,0,0,2,1,1,1,28,6,1598,2,2,10,1,10
2018410299189,4,9,0,3,0,0,0,0,0,0,2,1,5,1,64,9,2993,2,1,9,2,9
2018410299270,1,9,0,18,0,0,1,0,0,0,3,1,2,1,20,4,1360,1,16,8,1,8
2018410299294,1,1,0,18,0,0,0,0,0,0,4,1,5,2,26,6,-1,-1,-1,2,1,2
2018410299294,2,9,0,18,0,0,0,0,0,0,1,1,5,2,44,7,1997,2,5,10,1,10
2018410299360,1,9,0,18,0,4,2,9,3,7,3,1,6,1,18,4,1560,2,7,6,1,6
2018410299363,1,9,-1,4,0,0,0,0,0,0,1,1,6,2,-1,-1,1598,1,5,-1,-1,-1
2018410299363,2,1,-1,18,0,0,0,0,0,0,4,1,5,2,43,7,-1,-1,-1,6,1,6
2018410299395,1,9,0,7,0,0,0,0,0,0,4,1,5,2,17,4,1242,1,10,9,1,9
2018410299395,2,1,0,18,0,0,0,0,0,0,3,1,1,1,45,7,-1,-1,-1,6,1,6
2018410299437,1,9,0,18,0,0,0,0,0,0,1,1,6,1,38,7,1781,1,15,8,1,8
2018410299437,2,9,0,2,0,0,0,0,0,0,2,1,1,1,49,8,-1,-1,-1,7,1,7
2018410299443,1,21,0,9,9,0,0,0,0,0,1,1,1,1,33,6,6700,2,2,6,1,6
2018410299446,1,9,0,4,0,1,0,0,0,0,1,1,5,2,19,4,1197,1,1,9,1,9
2018410299446,2,9,0,10,0,1,0,0,7,10,2,1,5,2,55,8,1349,1,7,10,1,10
2018410299505,1,9,0,18,0,0,5,0,5,0,1,1,5,1,26,6,1390,1,10,2,1,2
2018410299541,1,9,0,18,0,0,0,0,0,0,1,1,5,1,45,7,1399,2,11,4,1,4
2018410299541,2,11,0,18,0,0,0,0,0,0,1,1,1,1,34,6,4250,2,5,7,1,7
2018410299560,1,9,0,18,0,0,0,0,0,0,1,1,5,1,19,4,1368,1,9,6,1,6
2018410299560,2,1,0,18,0,0,0,0,0,0,2,1,5,1,12,3,-1,-1,-1,6,1,6
2018410299562,1,9,0,18,0,0,5,4,0,0,1,1,5,2,29,6,1968,2,5,6,1,6
2018410299562,2,9,0,2,0,0,0,0,0,0,3,1,5,1,53,8,1388,1,11,8,1,8
2018410299562,3,9,0,2,0,0,0,0,0,0,1,1,5,3,-1,-1,999,1,-1,-1,-1,-1
2018410299623,1,3,0,3,0,0,1,0,0,0,0,1,6,1,-1,-1,125,1,2,7,1,7
2018410299623,2,9,0,3,0,0,0,0,0,0,0,1,6,1,56,9,1997,2,5,10,1,10
2018410299651,1,8,0,18,0,2,0,0,0,0,1,1,1,1,38,7,1364,1,3,6,1,6
2018410299658,1,3,0,18,0,1,5,0,1,0,1,1,5,1,27,6,124,1,17,7,1,7
2018410299658,2,9,0,9,0,5,0,0,0,0,4,1,5,1,46,8,1997,1,19,6,1,6
2018410299681,1,9,0,18,0,0,0,0,7,9,1,1,1,2,52,8,1598,1,15,7,3,7
2018410299695,1,9,0,18,0,0,0,0,0,0,1,1,6,2,-1,-1,1329,1,4,-1,-1,-1
2018410299695,2,5,0,3,0,0,2,0,0,0,2,1,1,1,27,6,649,1,8,2,1,2
2018410299695,3,9,0,2,0,0,0,0,0,0,4,1,6,2,-1,-1,1999,1,6,7,1,7
2018410299859,1,9,0,17,0,0,2,10,0,0,3,1,6,1,26,6,995,1,10,6,1,6
2018410299914,1,9,0,3,0,4,0,0,0,0,1,1,6,1,-1,-1,-1,-1,-1,-1,-1,-1
2018410299914,2,9,0,3,0,4,0,0,0,0,2,1,2,1,58,9,1995,2,2,6,1,6
2018410300137,1,98,0,18,0,0,0,0,0,0,4,1,6,3,-1,-1,-1,-1,-1,-1,-1,-1
2018410300137,2,1,0,18,0,0,0,0,0,0,1,1,5,1,38,7,-1,-1,-1,9,2,9
2018410300269,1,98,1,11,0,0,0,0,0,0,3,1,1,1,60,9,-1,-1,-1,-1,-1,-1
2018410300269,2,9,0,18,0,0,0,0,0,0,4,1,5,1,42,7,998,1,12,2,1,2
2018410300344,1,9,0,9,0,6,0,0,0,0,4,1,5,1,93,11,1198,1,8,9,2,9
2018410300344,2,1,0,18,0,1,0,0,0,0,1,1,5,1,34,6,-1,-1,-1,8,1,8
2018410300389,1,9,0,17,0,0,0,0,1,0,1,1,6,1,27,6,2143,2,4,9,1,9
2018410300459,1,9,0,5,0,7,0,0,0,0,0,1,6,2,29,6,1796,1,13,6,1,6
2018410300459,2,9,0,18,0,8,0,0,0,0,0,1,5,2,65,9,-1,-1,-1,4,1,4
2018410300479,1,9,0,4,0,1,0,0,0,0,1,1,5,1,69,10,1242,1,5,3,1,3
2018410300479,2,9,0,3,0,1,0,0,0,0,1,1,6,1,25,5,-1,-1,-1,10,2,10
2018410300479,3,19,0,3,0,1,0,0,0,0,1,1,6,3,-1,-1,1560,2,4,-1,-1,-1
2018410300597,1,9,0,18,0,8,0,0,0,0,3,1,1,1,52,8,1999,2,1,2,1,2
2018410300597,2,98,0,18,0,8,1,0,4,6,4,1,5,2,66,10,-1,-1,-1,4,1,4
2018410300677,1,9,0,7,0,1,0,0,0,0,1,1,5,2,57,9,1339,1,12,9,1,9
2018410300677,2,1,0,18,9,1,0,0,0,0,1,1,5,2,56,9,-1,-1,-1,10,1,10
2018410300737,1,19,0,18,0,0,0,0,4,0,1,1,1,1,25,5,1995,2,10,2,1,2
2018410300737,2,9,0,10,0,0,0,0,0,0,2,1,5,1,63,9,1956,2,8,10,1,10
2018410300815,1,9,0,4,0,0,0,0,0,0,4,1,5,1,69,10,2494,8,3,9,1,9
2018410300838,1,9,0,18,0,1,0,0,0,0,1,1,2,2,52,8,1995,2,5,10,1,10
2018410300838,2,9,0,3,0,1,0,0,0,0,2,1,5,2,18,4,998,1,1,5,1,5
2018410300950,1,9,0,18,0,8,0,0,0,0,3,1,1,1,29,6,1969,2,1,8,1,8
2018410300950,2,9,0,18,0,8,0,0,0,0,1,1,6,1,62,9,1596,1,17,7,1,7
2018410301085,1,9,0,5,0,4,0,0,0,0,1,1,1,2,36,7,1248,2,5,-1,-1,-1