Accident_Index,Vehicle_Reference,Vehicle_Type,Towing_and_Articulation,Vehicle_Manoeuvre,Vehicle_Location-Restricted_Lane,Junction_Location,Skidding_and_Overturning,Hit_Object_in_Carriageway,Vehicle_Leaving_Carriageway,Hit_Object_off_Carriageway,1st_Point_of_Impact,Was_Vehicle_Left_Hand_Drive?,Journey_Purpose_of_Driver,Sex_of_Driver,Age_of_Driver,Age_Band_of_Driver,Engine_Capacity_(CC),Propulsion_Code,Age_of_Vehicle,Driver_IMD_Decile,Driver_Home_Area_Type,Vehicle_IMD_Decile
2018410301085,2,9,0,9,0,3,0,0,0,0,0,1,6,2,21,5,1242,1,2,8,1,8
2018410301085,3,9,0,9,0,3,0,0,0,0,4,1,6,2,45,7,1997,2,5,7,1,7
2018410301105,1,9,0,18,9,0,0,0,1,2,1,1,5,2,48,8,1598,1,10,7,1,7
2018410301115,1,9,0,18,0,0,0,0,0,0,1,1,5,2,43,7,3628,2,12,8,1,8
2018410301115,2,9,0,18,0,0,0,0,0,0,0,1,5,3,-1,-1,-1,-1,-1,-1,-1,-1
2018410301492,1,9,0,9,0,2,0,0,0,0,1,1,5,1,56,9,2993,2,7,10,1,10
2018410301502,1,9,0,18,0,1,0,0,0,0,1,1,6,1,17,4,1995,2,14,7,1,7
2018410301502,2,9,0,10,0,1,0,0,1,0,2,1,6,1,46,8,3498,1,13,7,1,7
2018410301517,1,9,0,18,0,0,0,0,0,0,1,1,5,2,38,7,1364,1,1,1,1,1
2018410301547,1,9,0,18,0,4,0,0,0,0,1,1,6,2,38,7,1339,1,15,6,1,6
2018410301547,2,3,0,3,0,4,0,0,0,0,2,1,6,1,87,11,125,1,-1,5,1,5
2018410301626,1,19,0,4,0,0,0,0,0,0,1,1,1,1,70,10,1995,2,1,10,2,10
2018410301626,2,21,0,4,0,0,0,0,0,0,2,1,1,1,36,7,12740,2,4,6,2,6
2018410301651,1,9,0,18,0,8,0,0,0,0,4,1,6,2,52,8,1968,2,4,6,1,6
2018410301651,2,9,0,9,0,2,0,0,0,0,1,1,6,2,36,7,1332,1,13,3,1,3
2018410301783,1,9,0,16,0,0,0,0,0,0,0,1,6,3,-1,-1,-1,-1,-1,-1,-1,-1
2018410301783,2,9,0,17,0,0,0,0,7,11,1,1,6,1,68,10,1686,2,6,7,1,7
2018410301823,1,9,0,18,0,3,0,0,0,0,4,1,2,2,58,9,1461,2,2,8,2,8
2018410301823,2,9,0,18,0,4,0,0,0,0,1,1,2,2,40,7,1968,2,4,7,2,7
2018410301842,1,19,0,7,0,8,0,0,0,0,1,1,1,1,33,6,2477,2,15,6,3,6
2018410301842,2,9,0,18,0,8,0,0,0,0,1,1,5,2,35,6,1560,2,8,8,2,8
2018410301864,1,9,0,18,0,4,0,0,1,7,1,1,5,1,22,5,1229,1,6,6,1,6
2018410301864,2,9,0,9,0,8,0,0,0,0,1,1,3,2,31,6,1796,1,18,10,1,10
2018410301871,1,9,0,18,0,0,0,0,0,0,1,1,6,1,60,9,1598,2,5,8,3,8
2018410301871,2,9,0,18,0,0,0,0,0,0,1,1,6,2,27,6,999,1,3,9,1,9
2018410301912,1,9,0,18,0,0,1,6,0,0,1,1,6,2,20,4,1596,1,10,4,1,4
2018410301924,1,9,0,5,9,4,0,0,0,0,3,1,5,2,21,5,1242,1,1,4,1,4
2018410301924,2,3,0,4,9,4,0,0,0,0,1,1,5,1,19,4,125,1,5,6,1,6
2018410301939,1,9,0,16,0,1,0,0,0,0,1,1,2,2,36,7,1896,2,14,8,1,8
2018410301939,2,9,0,4,0,1,0,0,0,0,2,1,2,1,35,6,2143,2,1,8,-1,8
2018410301939,3,9,0,4,0,1,0,0,0,0,1,1,5,2,62,9,1360,1,13,9,1,9
2018410301957,1,9,0,16,0,0,1,0,0,0,1,1,6,2,19,4,995,1,11,5,1,5
2018410301957,2,19,0,17,0,0,0,0,0,0,1,1,6,1,27,6,1997,2,15,1,1,1
2018410301975,1,21,0,18,0,1,0,0,0,0,1,1,6,3,-1,-1,12777,2,11,-1,-1,-1
2018410301975,2,9,0,4,0,1,0,0,0,0,2,1,6,1,26,6,1200,1,1,9,1,9
2018410302126,1,9,0,9,0,5,0,0,0,0,1,1,5,1,38,7,1910,2,10,4,1,4
2018410302126,2,9,0,18,0,1,0,10,0,0,3,1,5,2,58,9,1388,1,6,7,1,7
2018410302160,1,21,0,18,0,0,0,0,0,0,1,1,1,1,-1,-1,5880,2,12,8,1,8
2018410302160,2,19,0,3,0,0,0,0,0,0,2,1,6,1,-1,-1,1598,2,3,6,1,6
2018410302160,3,9,0,10,0,0,0,0,0,0,2,1,6,2,-1,-1,2967,2,3,8,1,8
2018410302183,1,9,0,18,0,1,0,0,0,0,4,1,5,2,57,9,1796,1,12,4,1,4
2018410302183,2,3,0,5,0,1,0,0,0,0,1,1,6,3,-1,-1,125,1,3,-1,-1,-1
2018410302270,1,90,0,9,0,8,0,0,0,0,1,1,1,1,48,8,7698,2,-1,10,1,10
2018410302275,1,9,0,7,0,3,0,0,0,0,1,1,6,1,45,7,1968,2,-1,5,1,5
2018410302275,2,9,0,7,0,3,0,0,0,0,2,1,6,2,38,7,1498,1,10,10,1,10
2018410302311,1,98,1,12,0,0,0,0,0,0,1,1,1,1,-1,-1,-1,-1,-1,-1,-1,-1
2018410302311,2,9,0,18,0,0,1,0,0,0,4,1,1,1,42,7,1798,8,4,1,1,1
2018410302329,1,21,1,9,0,1,0,0,0,0,3,1,1,1,56,9,6692,2,9,6,1,6
2018410302423,1,9,0,18,0,0,0,0,0,0,3,1,6,1,43,7,-1,-1,-1,9,3,9
2018410302423,2,9,0,10,0,0,0,0,0,0,4,1,6,2,43,7,1499,1,1,10,1,10
2018410302540,1,9,0,9,6,0,0,0,1,0,3,1,5,1,67,10,1598,2,-1,-1,-1,-1
2018410302540,2,11,0,18,0,0,1,0,0,0,1,1,1,1,59,9,4500,2,1,9,3,9
2018410302540,3,9,0,18,0,0,0,0,0,0,3,1,2,1,34,6,1242,1,12,4,1,4
2018410302540,4,9,0,18,0,0,0,0,0,0,1,1,1,1,31,6,2143,2,5,10,1,10
2018410302545,1,5,0,5,0,8,0,0,0,0,1,1,6,1,37,7,675,1,6,5,-1,5
2018410302545,2,9,0,3,0,8,0,0,0,0,2,1,6,1,38,7,1995,2,1,4,1,4
2018410302545,3,9,0,18,0,1,0,0,0,0,0,1,5,1,55,8,1999,2,10,9,2,9
2018410302588,1,98,0,12,0,3,0,0,0,0,1,1,1,2,27,6,-1,-1,-1,4,1,4
2018410302588,2,9,0,7,0,3,0,0,0,0,4,1,2,1,36,7,2698,2,11,6,1,6
2018410302607,1,9,0,18,0,8,0,0,0,0,1,1,5,2,42,7,998,1,12,9,1,9
2018410302607,2,9,0,18,0,8,0,0,0,0,3,1,5,1,53,8,1969,8,2,10,1,10
2018410302637,1,9,0,18,0,1,0,0,1,1,1,1,6,1,20,4,1461,2,3,8,3,8
2018410302795,1,97,0,13,0,0,0,0,0,0,1,1,6,3,-1,-1,-1,-1,-1,-1,-1,-1
2018410302795,2,9,0,14,0,0,0,0,0,0,3,1,2,1,38,7,1497,8,2,10,2,10
2018410302898,1,9,0,18,0,0,1,7,1,0,1,1,5,2,19,4,1242,1,6,8,1,8
2018410302902,1,9,0,9,0,8,0,0,0,0,1,1,5,2,28,6,1229,1,3,1,1,1
2018410302913,1,9,0,18,0,0,0,0,0,0,1,1,5,2,57,9,1461,2,7,3,1,3
2018410302913,2,19,0,3,0,0,0,0,0,0,0,1,1,1,33,6,1499,2,4,4,2,4
2018410302913,3,9,0,3,0,0,0,0,0,0,1,1,5,2,42,7,1242,1,7,10,1,10
2018410302939,1,9,0,17,0,0,0,0,0,0,1,1,1,1,27,6,-1,-1,-1,8,1,8
2018410302939,2,9,0,16,0,0,0,0,0,0,1,1,5,1,61,9,1598,2,2,9,1,9
2018410302960,1,9,0,15,0,0,0,0,0,0,3,1,6,1,44,7,1968,2,1,6,3,6
2018410302960,2,9,0,18,0,0,0,0,7,0,4,1,1,1,37,7,2987,2,3,7,1,7
2018410302977,1,5,0,18,0,8,0,0,0,0,1,1,6,1,37,7,999,1,11,10,1,10
2018410302977,2,9,0,18,0,8,0,0,0,0,3,1,6,2,34,6,1685,2,1,2,1,2
2018410302978,1,19,0,18,0,0,1,0,0,0,1,1,1,1,43,7,2148,2,9,3,1,3
2018410302978,2,9,0,18,0,0,0,0,0,0,2,1,6,1,25,5,1598,2,2,10,1,10
2018410303004,1,9,0,9,9,1,1,0,7,0,1,1,5,1,43,7,1798,8,2,8,1,8
2018410303099,1,9,0,18,0,0,0,0,0,0,1,1,6,2,23,5,1595,1,14,10,1,10
2018410303099,2,9,0,3,0,0,0,0,0,0,2,1,6,1,59,9,1499,2,3,6,1,6
2018410303099,3,9,0,3,0,0,0,0,0,0,2,1,6,2,50,8,998,1,1,3,1,3
2018410303099,4,9,0,3,0,0,0,0,0,0,2,1,6,1,60,9,1796,1,12,8,1,8
2018410303175,1,9,0,16,0,0,5,10,1,0,1,1,5,1,54,8,1956,2,8,9,3,9
2018410303233,1,9,0,18,0,0,0,0,0,0,1,1,5,1,23,5,1197,1,2,8,1,8
2018410303233,2,9,0,18,0,0,0,0,0,0,2,1,5,2,29,6,2993,2,3,6,1,6
2018410303260,1,9,0,5,0,0,0,0,0,0,1,1,3,1,-1,-1,1600,1,17,4,1,4
2018410303260,2,1,0,5,0,0,0,0,0,0,4,1,6,1,13,3,-1,-1,-1,6,1,6
2018410303291,1,9,0,4,0,0,0,0,0,0,2,1,2,2,36,7,1242,1,2,3,1,3
2018410303291,2,19,0,4,0,0,0,0,0,0,1,1,2,1,46,8,1997,2,12,7,1,7
2018410303489,1,9,0,18,0,0,1,0,6,0,1,1,6,1,21,5,1896,1,19,6,1,6
2018410303489,2,9,0,18,0,0,0,0,0,0,1,1,6,2,25,5,1798,1,9,5,1,5
2018410303521,1,9,0,12,0,8,0,0,0,0,1,1,5,2,36,7,1198,1,11,4,1,4
2018410303521,2,9,0,3,0,8,0,0,0,0,2,1,5,1,39,7,1995,2,3,4,1,4
2018410303521,3,9,0,3,0,8,0,0,0,0,2,1,5,1,39,7,1595,1,16,7,1,7
2018410303524,1,9,0,3,0,0,0,0,0,0,2,1,5,1,60,9,1598,1,16,5,1,5
2018410303524,2,9,0,4,0,0,0,0,0,0,1,1,5,2,21,5,1242,1,4,5,1,5
2018410303665,1,9,0,11,0,0,5,0,4,6,4,1,5,2,60,9,1598,1,6,7,1,7
2018410303665,2,9,0,18,0,0,1,0,2,7,3,1,5,1,59,9,1598,1,9,10,1,10
2018410303701,1,9,0,5,0,6,0,0,0,0,1,1,5,2,55,8,4367,2,4,9,2,9
2018410303701,2,1,0,9,0,6,0,0,0,0,4,1,5,2,37,7,-1,-1,-1,9,1,9
2018410303777,1,9,0,9,0,0,0,0,0,0,1,1,2,2,19,4,1395,1,3,3,1,3
2018410303777,2,9,0,18,0,0,0,0,0,0,1,1,5,2,60,9,1242,1,7,5,1,5
2018410303779,1,9,0,14,0,1,1,0,0,0,1,1,2,1,35,6,2979,1,17,3,1,3
2018410303779,2,9,0,4,0,1,0,0,0,0,2,1,5,1,59,9,-1,-1,-1,5,1,5
2018410303854,1,9,0,18,0,2,0,0,0,0,1,1,5,1,74,10,1999,1,12,6,1,6
2018410303859,1,9,0,18,0,0,0,0,0,0,4,1,5,1,28,6,2480,1,2,4,1,4
2018410303859,2,21,1,18,0,0,0,0,0,0,3,1,1,1,49,8,12902,2,1,7,1,7
2018410303944,1,98,0,18,0,8,0,0,0,0,4,1,6,3,-1,-1,-1,-1,-1,-1,-1,-1
2018410303944,2,9,0,18,0,8,0,0,0,0,3,1,5,2,53,8,-1,-1,-1,9,2,9
2018410303969,1,5,0,11,0,0,0,0,0,0,1,1,2,1,49,8,675,1,9,9,3,9
2018410303969,2,9,0,18,0,0,0,0,0,0,4,1,5,1,28,6,1499,2,3,2,1,2
2018410303997,1,1,0,18,4,0,0,0,0,0,1,1,5,3,-1,-1,-1,-1,-1,-1,-1,-1
2018410304001,1,21,1,18,0,8,0,0,0,0,1,1,1,1,56,9,6370,2,11,5,1,5
2018410304014,1,9,0,13,0,0,1,0,0,0,1,1,5,1,21,5,1598,2,7,7,1,7
2018410304014,2,9,0,6,0,0,0,0,0,0,3,1,5,1,29,6,1999,1,5,5,1,5
2018410304059,1,9,0,18,0,0,1,0,0,0,4,1,5,2,55,8,1598,1,5,6,-1,6
2018410304059,2,9,0,2,0,0,0,0,0,0,3,1,5,1,-1,-1,1598,2,4,-1,-1,-1
2018410304224,1,9,0,1,0,0,0,0,1,11,2,1,5,1,80,11,1985,1,17,10,1,10
2018410304404,1,9,0,18,0,0,0,0,0,0,1,1,6,1,-1,-1,2179,2,5,-1,-1,-1
2018410304404,2,1,0,18,0,0,5,0,0,0,4,1,4,1,14,3,-1,-1,-1,4,1,4
2018410304413,1,9,0,11,0,3,0,0,0,0,4,1,1,2,60,9,1328,1,12,5,1,5
2018410304413,2,9,0,17,0,4,0,0,1,0,3,1,5,2,78,11,1242,1,5,4,1,4
2018410304418,1,9,0,18,0,0,0,0,0,0,0,1,5,2,23,5,1999,1,10,6,1,6
2018410304418,2,9,0,18,0,0,0,0,0,0,2,1,5,2,26,6,1390,1,14,9,2,9
2018410304469,1,9,0,5,0,3,0,0,0,0,3,1,6,3,-1,-1,-1,-1,-1,-1,-1,-1
2018410304469,2,5,0,3,0,3,0,0,0,0,4,1,2,2,47,8,649,1,9,10,1,10
2018410304596,1,9,0,18,0,1,0,0,0,0,1,1,5,1,45,7,-1,-1,-1,10,2,10
2018410304704,1,98,0,18,0,0,0,0,0,0,0,1,5,3,-1,-1,-1,-1,-1,-1,-1,-1
2018410304704,2,1,0,18,5,0,0,0,0,0,0,1,6,1,16,4,-1,-1,-1,3,3,3
2018410304742,1,9,0,1,0,2,0,0,0,0,2,1,6,2,34,6,2967,2,11,6,1,6
2018410304761,1,9,0,18,0,0,1,0,2,0,1,1,5,1,20,4,1598,1,12,8,1,8
2018410304761,2,9,0,18,0,0,0,0,0,0,2,1,2,2,33,6,1461,2,3,9,3,9
2018410304820,1,9,0,18,0,0,0,0,0,0,4,1,6,3,-1,-1,-1,-1,-1,-1,-1,-1
2018410304820,2,9,0,2,0,0,0,0,0,0,2,1,6,2,30,6,1395,1,1,4,1,4
2018410304820,3,1,0,18,0,0,0,4,0,0,1,1,6,1,52,8,-1,-1,-1,6,1,6
2018410304871,1,9,0,7,0,0,1,0,7,4,1,1,5,2,17,4,1229,1,10,9,1,9
2018410305024,1,9,0,18,0,1,0,0,0,0,1,1,2,2,36,7,1242,1,12,2,1,2
2018410305024,2,9,0,18,0,1,0,0,0,0,2,1,5,1,77,11,1339,1,5,5,1,5
2018410305141,1,19,0,18,0,8,1,0,0,0,1,1,1,1,35,6,1998,2,15,9,1,9
2018410305157,1,3,0,16,0,0,0,0,0,0,1,1,6,1,20,4,98,1,16,6,1,6
2018410305157,2,9,0,17,0,0,1,0,0,0,1,1,6,1,25,5,2000,1,13,6,1,6
2018410305167,1,9,0,18,0,0,0,0,0,0,2,1,5,2,33,6,999,1,2,10,1,10
2018410305167,2,19,0,18,0,0,0,0,0,0,1,1,1,1,62,9,2198,2,5,7,2,7
2018410305167,3,9,0,18,0,0,0,0,0,0,1,1,5,2,18,4,1299,1,10,9,2,9
2018410305303,1,9,0,18,0,0,1,0,5,0,3,1,5,1,21,5,1399,2,13,1,1,1
2018410305603,1,9,0,2,0,0,0,0,0,0,2,1,6,1,35,6,2987,2,9,9,1,9
2018410305603,2,1,0,18,0,0,0,0,0,0,1,1,6,1,57,9,-1,-1,-1,10,2,10
2018410305608,1,19,4,9,0,0,0,0,0,0,3,1,1,1,66,10,2198,2,9,5,1,5
2018410305608,2,3,0,14,0,0,1,0,0,0,1,1,6,1,28,6,124,1,6,6,2,6
2018410305715,1,9,0,18,0,0,0,0,0,0,4,1,5,2,39,7,1587,1,14,7,1,7
2018410305715,2,21,4,18,0,0,0,0,0,0,1,1,1,1,62,9,12777,2,9,7,3,7
2018410305810,1,19,0,1,0,1,0,4,0,0,2,1,1,1,30,6,2143,2,7,5,1,5
2018410305810,2,22,0,2,0,2,0,0,0,0,1,1,6,1,78,11,-1,-1,-1,7,1,7
2018410305813,1,9,0,9,0,8,0,0,0,0,3,1,6,1,44,7,1968,2,4,10,1,10
2018410305813,2,5,0,18,0,8,5,0,0,0,1,1,6,1,63,9,1795,1,16,9,3,9
2018410305843,1,9,0,5,0,6,0,0,0,0,1,1,6,1,39,7,1968,2,7,2,1,2
2018410305843,2,1,0,17,0,8,5,0,0,0,4,1,5,1,49,8,-1,-1,-1,10,1,10
2018410305899,1,9,0,18,0,0,0,0,0,0,1,1,6,1,-1,-1,-1,-1,-1,-1,-1,-1
2018410305899,2,9,0,18,0,0,0,0,0,0,2,1,2,2,26,6,1229,1,9,8,1,8
2018410305899,3,9,0,18,0,0,0,0,0,0,2,1,6,1,-1,-1,1598,2,5,8,1,8
2018410305916,1,9,0,4,0,1,0,0,0,0,1,1,6,1,68,10,1973,1,17,7,1,7
2018410306113,1,3,0,18,0,8,5,0,0,0,2,1,2,1,45,7,124,1,11,6,1,6
2018410306113,2,9,0,6,0,8,0,0,0,0,3,1,6,1,33,6,-1,-1,-1,10,1,10
2018410306125,1,9,0,16,0,0,2,0,1,0,1,1,5,1,24,5,1149,1,19,5,1,5
2018410306207,1,9,0,4,0,0,0,0,0,0,3,1,2,1,27,6,1968,2,1,6,3,6
2018410306207,2,9,0,18,0,0,0,0,0,0,1,1,5,2,86,11,1248,2,12,6,2,6
2018410306599,1,19,0,18,0,0,1,0,2,0,1,1,1,1,-1,-1,1995,2,6,10,1,10
2018410306669,1,9,0,7,0,2,1,0,1,0,1,1,6,1,42,7,1999,2,-1,10,1,10
2018410306669,2,9,0,4,0,1,0,0,0,0,3,1,5,1,70,10,1461,2,3,10,1,10
2018410306703,1,5,0,18,0,1,0,0,7,0,4,1,5,1,69,10,1170,1,10,10,1,10
2018410306703,2,9,0,9,0,5,0,0,7,0,3,1,5,1,18,4,1496,2,-1,7,3,7
2018410306851,1,9,0,18,0,0,0,0,0,0,1,1,5,1,21,5,1968,2,13,9,1,9
2018410306851,2,21,1,18,0,0,0,0,0,0,2,1,1,1,62,9,10518,2,4,3,1,3
2018410306867,1,9,0,18,0,0,0,0,0,0,0,1,6,3,-1,-1,2179,2,8,-1,-1,-1
2018410306867,2,3,0,4,0,0,2,0,0,0,0,1,5,1,18,4,125,1,-1,8,1,8
2018410306950,1,19,0,7,0,1,0,0,0,0,0,1,2,1,38,7,2198,2,11,6,1,6
2018410307017,1,9,0,18,0,2,1,0,0,0,1,1,5,1,23,5,1198,1,14,10,1,10
2018410307098,1,9,0,18,0,4,1,0,3,0,1,1,5,1,21,5,1595,1,5,6,1,6
2018410307100,1,9,0,11,0,0,0,0,0,0,1,1,2,1,66,10,2980,2,24,7,1,7
2018410307100,2,19,0,3,0,0,0,0,5,0,2,1,2,1,49,8,1995,2,9,10,1,10
2018410307100,3,9,0,3,0,0,0,0,0,0,2,1,5,1,39,7,1997,2,11,10,2,10
2018410307128,1,9,0,18,0,8,0,0,0,0,1,1,5,1,27,6,1364,1,10,5,1,5
2018410307128,2,9,0,9,0,8,0,0,0,0,3,1,5,1,76,11,2597,1,16,2,1,2
2018410307137,1,9,0,5,0,1,0,0,0,0,1,1,6,1,51,8,1798,8,4,3,1,3
2018410307137,2,9,0,18,0,1,0,0,0,0,4,1,6,1,24,5,1986,2,11,5,1,5
2018410307157,1,9,0,17,0,0,5,0,1,0,1,1,5,1,43,7,1395,1,1,5,1,5
2018410307176,1,5,0,4,0,0,0,0,0,0,1,1,1,1,53,8,645,1,14,5,1,5
2018410307176,2,9,0,4,0,0,0,0,0,0,2,1,1,1,54,8,1796,1,12,2,1,2
2018410307259,1,9,0,4,0,0,0,0,0,0,3,1,5,2,47,8,1995,2,4,10,1,10
2018410307259,2,9,0,9,0,0,0,0,0,0,4,1,5,2,47,8,1598,2,7,10,1,10
2018410307263,1,9,0,17,0,1,0,0,0,0,1,1,1,1,59,9,-1,-1,-1,5,1,5
2018410307263,2,9,0,7,0,3,1,0,1,0,3,1,2,2,30,6,1598,1,11,10,1,10
2018410307271,1,9,0,18,0,0,0,0,0,0,2,1,6,1,-1,-1,1364,1,11,2,1,2
2018410307271,2,9,0,18,0,0,0,0,0,0,1,1,6,1,30,6,1388,1,10,5,1,5
2018410307355,1,9,0,9,0,0,0,0,0,0,3,1,5,2,51,8,1999,1,12,9,1,9
2018410307355,2,9,0,5,0,0,0,0,0,0,1,1,5,1,29,6,1598,1,12,8,1,8
2018410307396,1,9,0,18,0,8,0,0,0,0,3,1,6,2,59,9,2191,2,5,4,1,4
2018410307396,2,9,0,18,0,8,0,0,2,0,3,1,6,1,62,9,2099,1,15,3,1,3
2018410307501,1,98,0,18,0,0,0,0,0,0,4,1,6,1,-1,-1,-1,-1,-1,-1,-1,-1
2018410307501,2,19,0,2,0,0,0,0,0,0,4,1,5,1,24,5,1598,2,3,7,1,7
2018410307531,1,9,0,9,0,1,0,0,0,0,1,1,1,2,38,7,1200,1,3,6,1,6
2018410307560,1,9,0,7,0,8,0,0,0,0,1,1,1,1,31,6,2993,2,7,6,1,6
2018410307560,2,9,0,9,0,6,0,0,0,0,2,1,3,2,57,9,1242,1,9,10,1,10
2018410307560,3,9,0,18,0,6,0,0,0,0,1,1,1,2,66,10,996,1,5,8,3,8
2018410307594,1,9,0,18,0,1,0,0,0,0,1,1,6,1,64,9,1390,1,10,3,1,3
2018410307594,2,9,0,18,0,1,0,0,0,0,1,1,6,1,35,6,1999,1,9,4,1,4
2018410307610,1,9,0,18,0,0,0,0,0,0,1,1,5,1,57,9,1242,1,8,9,1,9
2018410307610,2,9,0,18,0,0,0,0,1,0,1,1,5,1,55,8,999,1,5,10,-1,10
2018410307616,1,1,0,18,0,1,0,0,0,0,3,1,6,1,-1,-1,-1,-1,-1,-1,-1,-1
2018410307616,2,9,0,18,0,1,0,0,0,0,4,1,5,2,23,5,999,1,2,5,1,5
2018410307624,1,19,0,18,0,0,0,0,0,0,1,1,6,3,-1,-1,2298,2,1,-1,-1,-1
2018410307624,2,9,0,18,0,0,0,0,6,0,2,1,6,2,22,5,1587,1,12,1,-1,1
2018410307624,3,21,0,18,0,0,0,0,0,0,2,1,6,1,61,9,10837,2,1,6,1,6
2018410307695,1,9,0,18,0,0,0,0,0,0,4,1,6,3,-1,-1,-1,-1,-1,-1,-1,-1
2018410307742,1,9,0,2,0,0,0,0,0,0,0,1,5,1,74,10,998,1,2,8,1,8
2018410307742,2,3,0,12,0,0,2,4,0,0,2,1,2,1,27,6,124,1,2,7,1,7
2018410307843,1,9,0,17,0,4,0,0,0,0,1,1,6,1,54,8,1197,1,2,4,1,4
2018410307843,2,9,0,17,0,4,0,0,7,0,2,1,6,1,51,8,1992,2,11,5,1,5
2018410307861,1,9,0,9,0,1,0,0,0,0,3,1,6,2,24,5,1242,1,11,10,1,10
2018410307861,2,3,0,14,0,1,0,0,0,0,1,1,5,1,18,4,124,1,3,7,1,7
2018410307875,1,9,0,18,0,1,0,0,0,0,1,1,2,2,-1,-1,1400,1,18,6,1,6
2018410307875,2,3,0,3,0,2,5,0,0,0,2,1,6,1,19,4,125,1,2,5,2,5
2018410307881,1,9,0,18,0,1,0,0,0,0,1,1,6,2,-1,-1,1398,2,15,7,1,7
2018410307881,2,9,0,4,0,1,0,0,0,0,2,1,6,2,45,7,1598,1,11,10,1,10
2018410307882,1,9,0,13,0,1,5,7,3,0,1,1,6,2,84,11,1598,1,7,6,1,6
2018410307919,1,9,0,17,0,1,0,0,0,0,1,1,6,1,23,5,1198,1,7,10,1,10
2018410307919,2,9,0,9,0,5,0,0,0,0,4,1,6,2,19,4,1200,1,2,6,3,6
2018410307946,1,9,0,17,0,0,0,0,0,0,1,1,1,1,23,5,1598,1,8,5,1,5
2018410307956,1,9,0,9,0,3,0,0,7,4,1,1,5,1,95,11,1299,1,17,7,1,7
2018410308026,1,9,0,18,0,0,0,0,0,0,1,1,1,1,23,5,1497,1,16,3,1,3
2018410308026,2,9,0,18,0,0,0,0,0,0,1,1,6,1,34,6,1896,2,16,6,1,6
2018410308026,3,19,0,18,0,0,0,0,0,0,3,1,6,1,75,10,2198,2,9,8,3,8
2018410308203,1,9,0,3,0,0,0,0,0,0,4,1,6,3,-1,-1,-1,-1,-1,-1,-1,-1
2018410308203,2,4,0,3,0,0,0,0,0,0,3,1,6,1,27,6,234,1,18,3,1,3
2018410308206,1,9,0,18,0,1,0,0,0,0,3,1,5,1,38,7,2143,2,1,10,1,10
2018410308206,2,9,0,18,0,6,0,0,0,0,1,1,5,2,63,9,2401,2,12,9,3,9
2018410308277,1,9,0,4,0,0,0,0,0,0,0,1,5,2,38,7,1197,1,3,9,1,9
2018410308289,1,9,0,18,0,1,0,7,0,0,1,1,6,2,51,8,1587,1,13,8,1,8
2018410308289,2,9,0,18,0,1,0,0,0,0,1,1,6,1,33,6,1591,1,-1,8,1,8
2018410308293,1,9,0,18,9,0,0,0,1,0,1,1,5,2,81,11,1389,1,13,6,1,6
2018410308443,1,98,0,18,0,1,0,0,0,0,0,1,6,3,-1,-1,-1,-1,-1,-1,-1,-1
2018410308443,4,11,0,18,0,1,0,0,0,0,0,1,1,1,26,6,7300,2,7,5,1,5
2018410308458,1,9,0,18,0,0,0,0,0,0,1,1,2,1,22,5,1995,2,1,10,3,10
2018410308458,2,9,0,18,0,0,0,0,0,0,3,1,6,1,27,6,2979,1,13,5,1,5
2018410308458,3,9,0,18,0,0,0,0,1,0,1,1,6,1,53,8,1598,2,1,7,2,7
2018410308671,1,9,0,17,0,0,2,0,7,0,3,1,5,1,21,5,998,1,6,5,1,5
2018410308716,1,9,0,5,0,1,0,0,0,0,0,1,5,1,64,9,1364,1,3,9,1,9
2018410308716,2,9,0,2,0,1,0,0,0,0,0,1,2,3,-1,-1,-1,-1,-1,-1,-1,-1
2018410308735,1,9,0,18,0,0,0,0,0,0,1,1,6,2,34,6,1339,1,11,8,-1,8
2018410308735,2,9,0,18,0,0,0,0,0,0,2,1,6,1,27,6,1461,2,7,7,1,7
2018410308735,3,9,0,18,0,0,0,0,0,0,1,1,6,2,28,6,1797,8,4,9,1,9
2018410308735,4,9,0,18,0,0,0,0,0,0,3,1,6,1,37,7,1598,2,5,10,2,10
2018410308750,1,9,0,7,0,1,0,0,0,0,1,1,5,1,26,6,1368,1,8,6,3,6
2018410308750,2,19,0,9,0,2,0,0,0,0,3,1,1,1,43,7,2287,2,3,7,1,7
2018410308755,1,9,0,1,0,8,0,0,0,0,2,1,6,2,37,7,1685,2,4,9,3,9
2018410308806,1,9,0,18,0,0,0,0,0,0,1,1,2,1,27,6,1242,1,7,9,1,9
2018410308806,2,9,0,18,0,0,0,0,0,0,2,1,5,2,32,6,1598,2,6,8,1,8
2018410309187,1,9,0,7,0,3,0,0,0,0,1,1,6,1,29,6,1984,1,12,9,2,9
2018410309187,2,9,0,2,0,1,0,0,0,0,2,1,6,2,51,8,-1,-1,-1,8,1,8
2018410309255,1,9,0,18,0,3,0,0,0,0,4,1,5,1,50,8,1799,1,11,5,1,5
2018410309255,2,9,0,18,0,3,0,0,0,0,3,1,5,2,35,6,1560,2,5,3,1,3