Accident_Index,Vehicle_Reference,Vehicle_Type,Towing_and_Articulation,Vehicle_Manoeuvre,Vehicle_Location-Restricted_Lane,Junction_Location,Skidding_and_Overturning,Hit_Object_in_Carriageway,Vehicle_Leaving_Carriageway,Hit_Object_off_Carriageway,1st_Point_of_Impact,Was_Vehicle_Left_Hand_Drive?,Journey_Purpose_of_Driver,Sex_of_Driver,Age_of_Driver,Age_Band_of_Driver,Engine_Capacity_(CC),Propulsion_Code,Age_of_Vehicle,Driver_IMD_Decile,Driver_Home_Area_Type,Vehicle_IMD_Decile
2018410309408,1,9,0,18,0,1,0,0,0,0,1,1,2,2,27,6,1598,2,6,9,2,9
2018410309408,2,19,0,8,0,1,0,0,0,0,2,1,1,1,40,7,2143,2,1,2,1,2
2018410309421,1,9,0,11,0,0,0,0,0,0,2,1,6,1,22,5,1388,1,14,4,1,4
2018410309421,2,21,1,4,0,0,0,0,0,0,1,1,1,1,38,7,12419,2,1,3,1,3
2018410309447,1,9,0,18,0,4,0,0,0,0,1,1,1,1,48,8,1797,8,4,6,1,6
2018410309447,2,1,0,9,0,3,2,0,0,0,2,1,2,1,51,8,-1,-1,-1,7,1,7
2018410309531,1,9,0,2,0,0,0,0,0,0,3,1,6,2,30,6,1248,2,14,8,1,8
2018410309531,2,1,0,14,0,0,5,0,0,0,1,1,6,1,17,4,-1,-1,-1,7,1,7
2018410309560,1,9,0,18,0,0,0,0,0,0,3,1,6,2,44,7,1685,2,1,5,1,5
2018410309560,2,9,0,2,0,0,0,0,0,0,4,1,3,1,34,6,1598,1,13,6,1,6
2018410309607,1,8,0,9,0,8,0,0,7,0,4,1,1,1,64,9,1796,1,9,6,1,6
2018410309607,2,19,0,18,0,4,0,0,0,0,1,1,1,1,44,7,2488,2,3,2,1,2
2018410309638,1,5,0,15,0,0,5,0,0,0,1,1,5,1,51,8,1255,1,8,10,1,10
2018410309638,2,9,0,18,0,0,0,0,0,0,2,1,6,2,44,7,1950,2,-1,9,3,9
2018410309638,3,9,0,18,0,0,0,0,0,0,2,1,6,1,42,7,1997,2,8,9,1,9
2018410309661,1,19,0,9,0,1,0,0,0,0,0,1,1,1,59,9,2143,2,2,4,1,4
2018410309661,2,1,0,3,0,1,0,0,0,0,1,1,5,1,43,7,-1,-1,-1,9,1,9
2018410309709,1,21,0,18,0,0,0,4,0,0,4,1,1,3,-1,-1,7146,2,10,3,1,3
2018410309709,2,19,0,2,6,0,0,0,0,0,3,1,1,1,29,6,1995,2,6,10,2,10
2018410309729,1,9,0,18,0,8,0,0,0,0,4,1,5,2,46,8,1341,1,14,10,1,10
2018410309729,2,1,0,18,0,8,5,0,0,0,1,1,2,1,-1,-1,-1,-1,-1,7,1,7
2018410309754,1,9,0,16,0,0,1,0,1,10,1,1,5,1,22,5,1999,1,12,-1,-1,-1
2018410309754,2,9,0,18,0,0,1,0,0,0,1,1,5,1,47,8,1997,2,5,-1,-1,-1
2018410309765,1,9,0,18,0,0,0,0,0,0,1,1,1,1,27,6,1598,1,13,3,1,3
2018410309765,2,9,0,4,0,0,0,0,0,0,2,1,5,2,81,11,1197,1,2,9,1,9
2018410309765,3,9,0,4,0,0,0,0,0,0,2,1,1,1,31,6,1995,2,6,10,1,10
2018410309768,1,5,0,15,0,1,0,0,0,0,1,1,6,1,61,9,805,1,18,5,1,5
2018410309768,2,9,0,10,0,1,0,0,0,0,2,1,5,2,36,7,1560,2,4,6,1,6
2018410309845,1,5,0,9,0,0,0,0,0,0,3,1,5,1,-1,-1,599,1,14,6,1,6
2018410309845,2,9,0,18,0,0,2,0,0,0,1,1,2,2,24,5,1968,2,2,6,3,6
2018410309857,1,9,0,16,0,0,0,0,0,0,3,1,6,1,68,10,1242,1,12,1,1,1
2018410309857,2,9,0,17,0,0,0,0,1,10,3,1,6,2,29,6,1399,2,16,2,1,2
2018410309882,1,9,0,18,0,0,5,0,1,0,1,1,5,2,62,9,1995,2,8,10,1,10
2018410309903,1,9,0,18,0,2,0,0,0,0,1,1,6,1,48,8,1240,1,15,6,2,6
2018410309903,2,9,0,18,0,1,0,0,0,0,1,1,1,1,65,9,-1,-1,-1,2,1,2
2018410310233,1,9,0,12,0,0,0,0,0,0,4,1,5,1,23,5,998,1,1,6,1,6
2018410310233,2,9,0,12,0,0,0,0,1,0,1,1,2,2,23,5,1560,2,4,9,1,9
2018410310237,1,9,0,18,0,0,0,0,0,0,1,1,6,2,29,6,1769,1,13,3,1,3
2018410310237,2,9,0,18,0,0,0,0,0,0,2,1,2,1,42,7,1995,2,5,9,1,9
2018410310237,3,9,0,18,0,0,0,0,0,0,2,1,2,1,36,7,2993,2,8,7,1,7
2018410310470,1,9,0,5,0,1,0,0,0,0,1,1,6,2,57,9,1984,2,5,8,1,8
2018410310470,2,9,0,4,0,1,0,0,0,0,2,1,6,2,30,6,1399,1,-1,3,1,3
2018410310485,1,9,0,5,0,0,0,0,0,0,1,1,1,1,29,6,-1,-1,-1,6,1,6
2018410310485,2,4,0,18,0,0,0,0,0,0,1,1,5,1,75,10,350,1,-1,3,1,3
2018410310561,1,19,0,4,0,0,0,11,0,0,1,1,6,1,34,6,2143,2,8,5,1,5
2018410310561,2,9,0,4,0,0,1,11,0,0,1,1,2,2,45,7,1591,1,6,6,1,6
2018410310563,1,9,0,3,0,0,0,0,0,0,2,1,6,1,64,9,1997,1,1,8,1,8
2018410310563,2,9,0,4,0,0,1,0,0,0,1,1,6,1,30,6,1580,1,28,7,1,7
2018410310610,1,5,0,16,0,0,2,0,1,0,3,1,6,1,36,7,750,1,18,9,1,9
2018410310727,1,9,0,18,0,1,0,0,0,0,4,1,6,1,53,8,2987,2,5,4,1,4
2018410310727,2,9,0,5,0,1,0,0,1,1,3,1,6,1,30,6,1968,2,6,4,1,4
2018410310728,1,9,0,18,0,0,0,0,0,0,1,1,6,3,-1,-1,-1,-1,-1,-1,-1,-1
2018410310790,1,9,0,18,0,0,0,0,0,0,1,1,5,1,35,6,-1,-1,-1,8,3,8
2018410310790,2,9,0,18,0,0,1,0,4,0,2,1,5,2,23,5,-1,-1,-1,2,1,2
2018410310863,1,8,0,5,8,0,0,0,0,0,1,1,2,1,42,7,1798,8,3,5,1,5
2018410310863,2,9,0,18,0,0,0,0,0,0,4,1,6,2,40,7,1598,1,9,7,1,7
2018410310982,1,9,0,3,0,3,0,0,0,0,2,1,6,2,29,6,1598,1,9,7,1,7
2018410310982,2,98,0,3,0,3,0,0,0,0,1,1,1,1,42,7,-1,-1,-1,4,1,4
2018410310995,1,9,0,9,0,8,0,0,0,0,1,1,5,2,20,4,-1,-1,-1,8,1,8
2018410310995,2,9,0,18,0,8,0,0,0,0,1,1,5,2,31,6,-1,-1,-1,6,2,6
2018410311058,1,9,0,18,0,4,0,0,0,0,3,1,6,2,45,7,1769,1,14,5,1,5
2018410311058,2,9,0,9,0,8,0,0,0,0,1,1,6,1,34,6,2497,1,12,5,1,5
2018410311145,1,98,1,12,0,0,0,0,0,0,3,1,1,1,-1,-1,-1,-1,-1,-1,-1,-1
2018410311145,2,98,0,18,0,0,0,0,0,0,4,1,2,1,75,10,-1,-1,-1,6,1,6
2018410311164,1,9,0,18,0,0,0,0,0,0,1,1,5,2,-1,-1,1995,2,3,-1,-1,-1
2018410311164,2,9,0,18,0,0,0,0,0,0,2,1,5,2,36,7,1197,1,2,8,1,8
2018410311206,1,9,0,18,0,0,0,0,0,0,1,1,6,1,24,5,1388,1,7,9,1,9
2018410311209,1,9,0,7,0,8,0,0,0,0,4,1,6,3,-1,-1,-1,-1,-1,-1,-1,-1
2018410311209,2,1,0,18,0,8,0,0,0,0,1,1,5,1,-1,-1,-1,-1,-1,3,1,3
2018410311219,1,9,0,18,0,0,0,0,0,0,4,1,6,1,29,6,1598,2,1,4,1,4
2018410311228,1,9,0,16,0,0,0,0,0,0,1,1,1,1,30,6,1368,1,10,5,1,5
2018410311228,2,9,0,17,0,0,0,0,1,11,1,1,1,1,43,7,2143,2,5,4,1,4
2018410311228,3,9,0,16,0,0,0,0,0,0,1,1,1,1,50,8,1499,2,-1,10,1,10
2018410311296,1,9,0,5,0,8,0,0,0,0,1,1,3,2,39,7,1497,8,1,10,1,10
2018410311296,2,9,0,18,0,8,0,0,0,0,3,1,3,2,38,7,1199,1,16,10,1,10
2018410311303,1,9,0,18,0,0,0,0,0,0,1,1,2,2,36,7,1968,2,6,7,1,7
2018410311484,1,9,0,18,0,0,0,0,0,0,0,1,1,1,29,6,2993,2,1,8,1,8
2018410311484,2,4,0,16,0,0,2,0,0,0,1,1,6,1,30,6,-1,-1,-1,6,1,6
2018410311484,3,9,0,2,0,0,0,0,0,0,3,1,6,3,-1,-1,-1,-1,-1,-1,-1,-1
2018410311535,1,9,0,18,0,0,0,0,0,0,3,1,5,1,46,8,1248,2,4,2,1,2
2018410311535,2,9,0,15,0,0,0,0,0,0,4,1,6,1,63,9,-1,-1,-1,9,1,9
2018410311540,1,9,0,7,0,0,0,0,0,0,1,1,6,2,-1,-1,-1,-1,-1,-1,-1,-1
2018410311540,2,1,0,18,0,0,0,0,0,0,2,1,6,2,34,6,-1,-1,-1,4,1,4
2018410311606,1,9,0,4,0,0,0,0,0,0,3,1,5,2,42,7,2998,1,1,3,1,3
2018410311606,2,5,0,18,0,0,1,0,0,0,1,1,6,1,43,7,998,1,14,8,1,8
2018410311629,1,9,0,10,0,8,0,0,0,0,4,1,1,1,17,4,1598,1,13,10,2,10
2018410311629,2,9,0,18,0,8,0,0,0,0,1,1,1,1,57,9,1364,1,1,5,1,5
2018410311683,1,9,0,18,0,0,0,0,0,0,3,1,5,3,41,7,2967,1,8,4,1,4
2018410311683,2,5,0,18,0,0,1,0,0,0,1,1,2,1,31,6,-1,-1,-1,9,1,9
2018410311696,1,9,0,18,0,0,0,0,0,0,1,1,6,1,40,7,1968,2,11,-1,-1,-1
2018410311696,2,9,0,4,0,0,0,0,0,0,1,1,1,1,49,8,-1,-1,-1,-1,-1,-1
2018410311696,3,9,0,18,0,0,0,0,0,0,2,1,6,1,28,6,-1,-1,-1,3,1,3
2018410311696,4,9,0,18,0,0,0,0,0,0,1,1,1,1,47,8,2993,2,-1,-1,-1,-1
2018410311696,5,9,0,18,0,0,0,0,0,0,1,1,1,1,-1,-1,2993,2,-1,-1,-1,-1
2018410311704,1,9,0,9,0,2,0,0,0,0,1,1,5,1,22,5,1396,2,9,2,1,2
2018410311704,2,9,0,18,0,2,0,0,0,0,1,1,5,1,67,10,1997,2,15,10,1,10
2018410311744,1,9,0,18,0,8,0,0,0,0,4,1,5,1,22,5,1461,2,4,4,1,4
2018410311744,2,5,0,18,0,4,0,0,0,0,1,1,5,1,59,9,1215,1,-1,4,1,4
2018410311779,1,9,0,16,0,1,0,0,0,0,1,1,6,1,67,10,-1,-1,-1,10,1,10
2018410311779,2,9,0,17,0,1,0,0,0,0,1,1,6,1,58,9,1560,2,12,7,3,7
2018410311807,1,9,0,18,0,0,0,0,0,0,1,1,6,1,25,5,1910,2,10,6,1,6
2018410311807,2,9,0,18,0,0,1,4,0,0,1,1,6,1,39,7,1560,2,8,5,-1,5
2018410311807,3,9,0,2,0,0,0,0,0,0,1,1,6,3,-1,-1,1995,2,14,-1,-1,-1
2018410311818,1,9,0,4,0,0,0,0,0,0,0,1,2,2,35,6,1991,1,1,10,1,10
2018410311818,2,9,0,18,0,0,0,0,0,0,2,1,3,1,54,8,1560,2,2,7,1,7
2018410311926,1,3,0,18,0,0,0,0,0,0,4,1,6,1,28,6,124,1,7,4,1,4
2018410311946,1,9,0,5,0,1,0,0,0,0,1,1,2,2,42,7,1197,1,-1,9,3,9
2018410311946,2,9,0,3,0,1,0,0,0,0,2,1,2,2,-1,-1,999,1,1,7,3,7
2018410312059,1,9,0,9,0,2,0,0,0,0,3,1,1,2,22,5,1242,1,8,7,1,7
2018410312059,2,19,0,17,0,1,0,0,0,0,1,1,1,1,56,9,1995,2,7,7,3,7
2018410312160,1,9,0,18,0,0,0,0,0,0,4,1,1,1,48,8,1390,1,8,6,1,6
2018410312194,1,9,0,3,0,0,0,0,0,0,1,1,2,2,47,8,1998,1,-1,6,1,6
2018410312194,2,9,0,3,0,0,0,0,0,0,2,1,6,1,29,6,2143,2,7,5,1,5
2018410312409,1,9,0,18,0,0,0,10,1,10,1,1,5,1,-1,-1,1679,1,20,5,1,5
2018410312567,1,9,0,5,0,0,0,0,0,0,2,1,1,1,56,9,999,1,1,10,1,10
2018410312567,2,9,0,18,0,0,0,0,1,0,1,1,5,1,21,5,1998,1,16,7,1,7
2018410312697,1,9,0,18,0,1,0,0,0,0,1,1,6,1,33,6,2979,1,16,1,1,1
2018410312697,2,9,0,18,0,3,0,0,0,0,1,1,6,2,21,5,1598,2,3,4,1,4
2018410312766,1,9,0,18,0,0,0,0,0,0,1,1,3,2,38,7,1598,1,14,6,1,6
2018410312847,1,9,0,5,0,7,0,0,0,0,2,1,5,1,38,7,1497,8,12,3,1,3
2018410312847,2,9,0,5,0,1,0,0,0,0,1,1,5,2,60,9,1598,1,2,3,2,3
2018410312851,1,9,0,3,0,0,0,0,0,0,1,1,6,3,-1,-1,1240,1,15,-1,-1,-1
2018410312851,2,9,0,3,0,0,0,0,0,0,2,1,5,2,30,6,1461,2,10,4,-1,4
2018410313057,1,9,0,9,0,1,0,0,0,0,1,1,5,1,17,4,1769,1,14,4,1,4
2018410313057,2,9,0,18,0,1,0,0,0,0,3,1,2,2,48,8,2148,2,10,8,1,8
2018410313085,1,9,0,18,0,8,0,0,0,0,1,1,6,1,-1,-1,2967,2,1,-1,-1,-1
2018410313085,2,9,0,9,0,2,0,0,0,0,2,1,2,1,17,4,1199,1,14,9,1,9
2018410313101,1,9,0,9,0,8,0,0,0,0,3,1,6,1,64,9,1591,1,4,7,1,7
2018410313101,2,3,0,18,0,8,5,0,0,0,1,1,6,1,27,6,124,1,9,7,1,7
2018410313136,1,9,0,18,0,0,5,10,0,0,4,1,6,1,30,6,1398,2,16,8,1,8
2018410313157,1,21,1,12,0,0,0,0,0,0,1,1,1,1,25,5,12740,2,-1,9,-1,9
2018410313157,2,9,0,18,0,0,1,0,0,0,4,1,6,2,29,6,1598,1,10,2,1,2
2018410313222,1,9,0,2,0,0,0,0,0,0,2,1,2,2,35,6,1598,1,10,5,1,5
2018410313222,2,9,0,4,0,0,0,4,0,0,1,1,5,1,48,8,1781,1,14,3,1,3
2018410313299,1,9,0,9,0,8,0,0,0,0,4,1,5,1,51,8,1149,1,11,4,1,4
2018410313299,2,9,0,18,0,1,0,0,0,0,1,1,3,1,32,6,2000,2,16,10,1,10
2018410313324,1,9,0,18,0,6,0,0,0,0,1,1,6,1,40,7,1400,2,11,3,1,3
2018410313324,2,9,0,17,0,6,0,0,0,0,1,1,6,1,42,7,2495,2,21,5,3,5
2018410313499,1,19,4,7,0,1,0,0,0,0,1,1,6,1,36,7,2402,2,12,9,2,9
2018410313499,2,9,0,9,0,1,0,0,0,0,4,1,6,2,77,11,1339,1,13,6,1,6
2018410313499,3,9,0,3,0,1,0,0,0,0,1,1,6,1,38,7,1339,1,11,8,1,8
2018410313546,1,9,0,5,0,6,0,0,0,0,1,1,6,1,-1,-1,-1,-1,-1,-1,-1,-1
2018410313546,2,1,0,2,0,2,5,0,0,0,2,1,5,1,52,8,-1,-1,-1,10,1,10
2018410313550,1,97,0,18,0,0,0,0,0,0,0,1,6,1,45,7,-1,-1,-1,5,1,5
2018410313555,1,9,0,10,0,1,0,0,0,0,2,1,5,2,40,7,2776,2,12,9,1,9
2018410313555,2,9,0,3,0,1,0,0,0,0,2,1,5,2,44,7,1997,2,8,5,1,5
2018410313555,3,9,0,3,0,1,0,0,0,0,2,1,5,1,70,10,1582,2,6,7,3,7
2018410313555,4,9,0,3,0,1,0,0,0,0,1,1,5,1,23,5,1242,1,11,3,1,3
2018410313557,1,9,0,18,0,1,0,0,0,0,1,1,1,2,33,6,1995,2,2,4,-1,4
2018410313557,2,1,0,18,0,1,0,0,0,0,4,1,2,2,32,6,-1,-1,-1,4,1,4
2018410313569,1,9,0,18,0,0,0,0,0,0,2,1,1,1,23,5,1598,2,6,5,1,5
2018410313569,2,5,0,10,0,0,0,0,0,0,1,1,1,1,40,7,124,1,1,6,1,6
2018410313580,1,9,0,18,0,0,0,0,1,6,1,1,6,1,26,6,2995,1,6,3,1,3
2018410313580,2,9,0,18,0,0,5,0,4,6,2,1,6,2,23,5,1197,1,1,7,1,7
2018410313580,3,9,0,18,0,0,0,0,0,0,0,1,2,1,61,9,2967,2,9,5,1,5
2018410313655,1,9,0,9,0,1,0,0,0,0,4,1,5,1,24,5,1390,1,11,3,1,3
2018410313655,2,9,0,18,0,1,0,0,0,0,1,1,5,2,26,6,1296,1,12,6,1,6
2018410313786,1,98,0,18,0,1,0,0,0,0,4,1,6,3,-1,-1,-1,-1,-1,-1,-1,-1
2018410313796,1,9,0,18,0,2,5,9,7,10,1,1,6,1,87,11,1599,1,13,10,1,10
2018410313817,1,9,0,18,0,0,0,10,1,9,4,1,5,1,69,10,2996,1,7,5,1,5
2018410313865,1,9,0,18,0,4,0,0,0,0,1,1,6,2,80,11,1896,2,11,10,3,10
2018410313865,2,9,0,9,0,8,0,0,0,0,4,1,5,1,47,8,1986,1,5,9,1,9
2018410313870,1,9,0,18,0,0,0,0,0,0,1,1,6,2,-1,-1,1229,1,6,5,1,5
2018410313870,2,9,0,3,0,0,0,0,0,0,2,1,5,2,18,4,1198,1,14,8,1,8
2018410313872,1,9,0,4,0,0,0,0,0,0,1,1,5,2,51,8,998,1,3,7,1,7
2018410313872,2,9,0,4,0,0,0,0,0,0,2,1,5,1,58,9,1997,2,4,10,1,10
2018410314066,1,9,0,18,0,1,0,0,0,0,1,1,5,2,70,10,-1,-1,-1,10,2,10
2018410314066,2,9,0,18,0,1,0,0,0,0,2,1,5,2,35,6,2198,2,12,4,1,4
2018410314079,1,9,0,18,0,5,0,0,0,0,1,1,6,2,59,9,1198,1,7,9,1,9
2018410314096,1,9,0,18,0,0,0,0,0,0,4,1,2,1,37,7,1968,2,9,6,1,6
2018410314134,1,9,0,18,0,0,0,0,1,7,3,1,6,1,59,9,6592,1,7,8,2,8
2018410314134,2,9,0,18,0,0,0,0,0,0,4,1,6,1,28,6,1686,2,7,6,1,6
2018410314137,1,9,0,13,0,0,0,0,0,0,0,1,1,1,46,8,1598,2,2,8,1,8
2018410314137,2,9,0,4,0,0,0,0,0,0,2,1,2,2,36,7,1318,1,3,7,-1,7
2018410314137,3,9,0,4,0,0,0,0,0,0,1,1,5,2,31,6,-1,-1,-1,6,1,6
2018410314342,1,9,0,18,0,8,0,0,0,0,1,1,5,1,75,10,1390,1,3,6,1,6
2018410314342,2,9,0,4,0,8,0,0,0,0,2,1,1,1,23,5,1598,2,-1,-1,-1,-1
2018410314359,1,9,0,18,0,1,0,0,0,0,1,1,1,1,62,9,1950,2,2,8,1,8
2018410314359,2,1,0,9,0,5,0,0,0,0,3,1,6,1,-1,-1,-1,-1,-1,-1,-1,-1
2018410314361,1,21,0,15,0,0,0,0,0,0,4,1,1,1,37,7,11967,2,9,-1,1,-1
2018410314361,2,1,0,18,0,0,0,0,0,0,2,1,6,1,64,9,-1,-1,-1,8,1,8
2018410314365,1,9,0,14,0,0,0,0,1,4,1,1,5,1,23,5,1800,1,19,6,1,6
2018410314365,2,9,0,15,0,0,0,0,0,0,0,1,5,2,-1,-1,1390,1,13,9,1,9
2018410314368,1,9,0,9,0,2,0,0,0,0,1,1,6,1,24,5,1242,1,14,7,1,7
2018410314368,2,9,0,9,0,1,0,0,0,0,3,1,6,2,32,6,-1,-1,-1,10,1,10
2018410314381,1,9,0,3,0,0,0,0,0,0,1,1,5,2,49,8,1998,1,14,10,1,10
2018410314381,2,9,0,13,0,0,0,0,0,0,1,1,5,1,87,11,1200,1,3,10,1,10
2018410314463,1,9,0,18,0,8,1,7,4,0,3,1,2,1,32,6,1968,2,7,2,1,2
2018410314463,2,9,0,18,0,8,0,0,0,0,1,1,6,1,39,7,3179,1,13,6,3,6
2018410314504,1,9,0,18,0,3,0,0,0,0,3,1,1,2,-1,-1,1984,1,10,7,1,7
2018410314504,2,9,0,18,0,3,0,0,0,0,4,1,6,2,49,8,1783,1,17,7,1,7
2018410314612,1,9,0,18,0,4,0,0,0,0,1,1,1,1,52,8,999,1,-1,8,1,8
2018410314612,2,9,0,18,0,4,0,0,0,0,2,1,1,2,-1,-1,1390,1,13,3,1,3
2018410314655,1,9,0,14,0,0,0,0,0,0,1,1,2,1,25,5,1988,1,16,5,1,5
2018410314655,2,9,0,18,0,0,0,0,0,0,1,1,5,1,39,7,1600,1,13,7,1,7
2018410314698,1,97,0,17,0,0,0,0,0,0,3,1,6,1,19,4,-1,-1,-1,8,1,8
2018410314698,2,9,0,18,0,0,0,0,0,0,0,1,1,1,-1,-1,1598,2,-1,-1,-1,-1
2018410314698,3,9,0,18,0,0,0,0,0,0,0,1,6,1,-1,-1,1968,2,6,7,1,7
2018410314699,1,9,0,18,0,1,0,0,0,0,3,1,5,2,71,10,1329,1,5,5,1,5
2018410314699,2,9,0,4,0,1,0,0,0,0,3,1,2,1,45,7,-1,-1,-1,6,1,6
2018410314699,3,9,2,4,0,1,0,0,0,0,4,1,1,1,48,8,-1,-1,-1,-1,1,-1
2018410314724,1,9,0,18,0,0,0,10,0,0,1,1,6,1,24,5,2143,12,3,3,1,3
2018410314738,1,9,0,7,0,8,0,0,0,0,3,1,5,2,72,10,1339,1,13,7,1,7
2018410314738,2,1,0,18,0,8,0,0,0,0,1,1,5,1,53,8,-1,-1,-1,7,1,7
2018410314803,1,9,0,16,0,0,0,10,0,0,4,1,2,2,32,6,1199,1,16,9,1,9
2018410314803,2,9,0,17,0,0,0,0,0,0,4,1,2,2,50,8,1591,1,1,10,1,10
2018410314834,1,-1,-1,1,0,0,0,0,0,0,2,1,6,3,-1,-1,-1,-1,-1,-1,-1,-1
2018410314885,1,11,0,18,0,0,0,0,0,0,1,1,1,1,39,7,7300,2,13,3,1,3
2018410314885,2,9,0,4,0,0,0,0,0,0,2,1,6,3,-1,-1,1598,1,8,-1,-1,-1
2018410314891,1,19,0,3,0,1,0,0,0,0,2,1,2,1,24,5,1248,2,2,4,1,4
2018410314891,2,9,0,4,0,1,0,0,0,0,1,1,2,2,30,6,1998,1,2,9,1,9
2018410314974,1,9,0,9,0,0,0,0,0,0,1,1,5,2,65,9,1461,2,3,9,3,9
2018410314974,2,5,0,18,0,0,5,0,0,0,2,1,2,1,66,10,644,1,4,6,1,6
2018410314997,1,3,0,18,0,0,5,2,0,0,1,1,6,1,18,4,125,1,2,8,2,8
2018410314999,1,9,0,18,0,8,0,0,0,0,1,1,5,1,22,5,2995,1,3,3,1,3
2018410314999,2,9,0,18,0,1,0,0,0,0,0,1,1,1,35,6,-1,-1,-1,-1,-1,-1
2018410314999,3,9,0,18,0,8,0,0,0,0,3,1,5,1,44,7,1998,1,10,6,2,6
2018410314999,4,9,0,18,0,8,0,0,0,0,1,1,5,1,25,5,1598,1,11,5,1,5
2018410314999,5,20,0,18,0,2,0,0,0,0,3,1,1,1,52,8,4249,2,6,1,1,1
2018410315060,1,9,0,18,0,1,0,0,0,0,1,1,1,1,37,7,1984,1,-1,7,1,7
2018410315060,2,9,0,18,0,1,0,0,0,0,1,1,1,1,39,7,1984,1,-1,7,1,7
2018410315060,3,9,0,4,0,1,0,0,0,0,4,1,1,1,50,8,-1,-1,-1,7,1,7
2018410315060,4,8,0,18,0,1,0,0,0,0,1,1,1,1,44,7,1497,8,10,3,1,3
2018410315064,1,9,0,18,0,0,0,0,0,0,1,1,6,2,-1,-1,-1,-1,-1,-1,-1,-1
2018410315064,2,9,0,3,0,0,0,0,0,0,2,1,6,1,-1,-1,1364,1,12,6,1,6
2018410315136,1,9,0,5,0,0,0,0,0,0,4,1,6,1,-1,-1,4197,1,12,10,1,10
2018410315136,2,9,0,4,0,0,0,0,0,0,3,1,6,2,32,6,1200,1,1,8,1,8
2018410315239,1,9,0,3,0,0,0,0,0,0,2,1,5,2,48,8,2143,2,2,10,3,10
2018410315239,2,9,0,3,0,0,0,0,0,0,1,1,1,1,24,5,1560,2,6,8,-1,8
2018410315239,3,9,0,3,0,0,0,0,0,0,1,1,5,1,36,7,1598,1,9,7,3,7
2018410315240,1,9,0,5,0,0,0,0,0,0,4,1,2,2,21,5,1390,1,5,10,1,10
2018410315240,2,1,0,7,0,0,0,0,0,0,1,1,6,2,40,7,-1,-1,-1,6,1,6
2018410315281,1,9,0,9,0,2,0,0,0,0,1,1,2,2,22,5,1124,1,13,8,1,8
2018410315281,2,9,0,18,0,2,0,0,0,0,1,1,6,1,18,4,1400,2,11,4,1,4
2018410315297,1,21,1,18,0,0,0,0,0,0,0,1,1,1,46,8,6692,2,10,4,1,4
2018410315324,1,1,0,18,0,3,5,0,0,0,3,1,5,1,25,5,-1,-1,-1,5,1,5
2018410315324,2,9,0,5,0,4,0,0,0,0,3,1,6,1,23,5,1999,1,11,7,1,7
2018410315369,1,9,0,18,0,8,0,0,3,10,1,1,6,2,55,8,1991,1,3,7,1,7
2018410315369,2,9,0,18,0,8,0,0,0,0,4,1,6,1,66,10,1796,1,11,10,3,10
2018410315370,1,9,0,18,0,1,0,0,0,0,0,1,1,1,33,6,1598,2,2,-1,-1,-1
2018410315370,2,9,0,18,0,1,0,0,0,0,2,1,6,1,47,8,2499,1,11,10,1,10
2018410315370,3,9,0,18,0,1,0,0,0,0,3,1,6,1,42,7,2143,2,-1,10,2,10
2018410315370,4,9,0,18,0,1,0,0,0,0,4,1,6,1,18,4,1796,1,11,3,1,3
2018410315382,1,98,4,18,0,0,0,0,0,0,3,1,1,3,-1,-1,-1,-1,-1,-1,-1,-1
2018410315382,2,19,0,18,0,0,0,0,0,0,3,1,1,1,24,5,2143,2,3,5,1,5
2018410315422,1,9,0,4,0,1,0,0,0,0,2,1,5,1,49,8,2720,2,9,5,1,5
2018410315422,2,9,0,18,0,1,0,0,0,0,1,1,2,1,39,7,2993,2,3,9,1,9
2018410315433,1,9,0,18,0,0,0,0,1,2,1,1,2,2,47,8,1461,2,8,5,1,5
2018410315504,1,9,0,18,0,1,0,0,0,0,4,1,5,2,36,7,-1,-1,-1,-1,1,-1
2018410315504,2,9,0,9,0,1,0,0,0,0,1,1,5,1,19,4,1600,2,8,10,1,10
2018410315533,1,9,0,3,0,4,0,0,0,0,1,1,6,1,-1,-1,1797,8,5,3,1,3
2018410315533,2,9,0,4,0,4,0,0,0,0,2,1,5,2,34,6,1560,2,10,9,1,9
2018410315571,1,9,0,1,0,0,0,0,0,0,2,1,6,1,30,6,1984,2,12,10,2,10
2018410315571,2,9,0,1,0,0,0,0,0,0,1,1,6,1,22,5,1364,1,11,4,1,4
2018410315723,1,9,0,18,0,0,0,0,0,0,3,1,6,2,57,9,2188,2,12,7,1,7
2018410315723,2,3,0,18,0,0,0,0,0,0,3,1,6,1,42,7,125,1,-1,1,1,1
2018410315751,1,98,0,18,0,0,1,0,1,0,4,1,1,1,34,6,-1,-1,-1,-1,-1,-1
2018410315751,2,9,0,12,0,0,0,0,0,0,0,1,6,1,-1,-1,-1,-1,-1,2,1,2
2018410315764,1,9,0,5,0,1,0,0,1,11,1,1,1,1,21,5,1590,1,13,5,1,5
2018410315764,2,9,0,5,0,1,0,0,1,11,2,1,1,2,34,6,1988,2,14,4,1,4
2018410315765,1,9,0,11,0,3,0,0,7,4,1,1,5,1,18,4,1598,1,7,7,1,7