Accident_Index,Vehicle_Reference,Vehicle_Type,Towing_and_Articulation,Vehicle_Manoeuvre,Vehicle_Location-Restricted_Lane,Junction_Location,Skidding_and_Overturning,Hit_Object_in_Carriageway,Vehicle_Leaving_Carriageway,Hit_Object_off_Carriageway,1st_Point_of_Impact,Was_Vehicle_Left_Hand_Drive?,Journey_Purpose_of_Driver,Sex_of_Driver,Age_of_Driver,Age_Band_of_Driver,Engine_Capacity_(CC),Propulsion_Code,Age_of_Vehicle,Driver_IMD_Decile,Driver_Home_Area_Type,Vehicle_IMD_Decile
2018410315765,2,9,0,17,0,8,0,0,0,0,1,1,5,1,40,7,1968,2,4,7,1,7
2018410315773,1,9,0,18,0,4,0,0,0,0,1,1,5,2,83,11,-1,-1,-1,4,1,4
2018410315773,2,9,0,18,0,4,0,0,0,0,2,1,1,2,32,6,1499,1,-1,2,1,2
2018410316080,1,98,1,18,0,0,0,0,0,0,3,1,1,1,57,9,-1,-1,-1,-1,-1,-1
2018410316080,2,9,0,18,0,0,1,0,0,0,4,1,5,1,60,9,1397,1,9,3,1,3
2018410316239,1,9,0,3,0,1,0,0,0,0,2,1,5,1,21,5,1242,1,3,8,1,8
2018410316239,2,9,0,3,0,1,0,0,0,0,1,1,5,1,35,6,1968,2,7,1,1,1
2018410316239,3,9,0,3,0,1,0,0,0,0,1,1,5,1,49,8,1998,1,10,7,1,7
2018410316258,1,9,0,14,0,0,0,0,0,0,1,1,2,2,23,5,1242,1,6,9,1,9
2018410316359,1,9,0,18,0,1,0,0,0,0,3,1,5,1,77,11,1896,2,18,9,1,9
2018410316372,1,9,0,18,0,3,0,0,1,0,1,1,6,1,26,6,1896,2,16,5,1,5
2018410316375,1,9,0,18,0,0,0,0,0,0,1,1,6,1,22,5,1399,1,12,7,1,7
2018410316375,2,5,0,4,0,0,0,0,0,0,2,1,6,1,33,6,883,1,24,5,1,5
2018410316381,1,9,0,16,0,0,5,0,1,10,3,1,6,1,59,9,1994,1,13,10,1,10
2018410316381,2,9,0,16,0,0,0,0,0,0,2,1,6,2,51,8,1499,1,-1,8,3,8
2018410316655,1,9,0,18,0,0,0,0,0,0,1,1,6,1,30,6,1598,1,6,2,1,2
2018410316655,2,9,0,9,0,0,0,0,0,0,1,1,6,1,37,7,1798,1,14,2,1,2
2018410316697,1,9,0,18,0,1,0,0,0,0,1,1,1,2,55,8,1839,1,14,9,1,9
2018410316697,2,1,0,5,0,1,0,0,0,0,3,1,4,1,15,3,-1,-1,-1,10,1,10
2018410316706,1,19,0,18,9,0,0,0,1,0,4,1,6,1,-1,-1,2198,2,6,-1,-1,-1
2018410316775,1,9,0,18,0,0,1,0,0,0,1,1,2,1,33,6,1997,2,-1,3,1,3
2018410316775,2,9,0,4,0,0,2,7,0,0,2,1,5,2,33,6,1242,1,8,8,1,8
2018410316802,1,9,0,9,0,8,0,0,0,0,4,1,6,1,76,11,1598,1,12,9,1,9
2018410316802,2,9,0,18,0,8,0,0,0,0,1,1,6,2,66,10,1497,8,5,6,1,6
2018410316897,1,9,0,4,0,1,0,0,0,0,3,1,2,1,18,4,998,1,3,7,1,7
2018410316897,2,1,0,18,0,6,0,0,0,0,1,1,6,1,19,4,-1,-1,-1,7,1,7
2018410316961,1,9,0,13,0,1,0,0,0,0,1,1,6,3,-1,-1,-1,-1,-1,-1,-1,-1
2018410316961,2,1,0,16,0,1,0,0,0,0,2,1,4,1,11,3,-1,-1,-1,10,1,10
2018410316986,1,9,0,3,0,4,0,0,0,0,1,1,6,2,34,6,2495,2,19,8,1,8
2018410316986,2,9,0,3,0,4,0,0,0,0,2,1,6,1,48,8,1598,2,1,9,1,9
2018410317010,1,9,0,12,0,2,0,0,0,0,0,1,6,3,-1,-1,-1,-1,-1,-1,-1,-1
2018410317010,2,9,0,18,0,2,1,0,0,0,3,1,5,2,22,5,1399,2,13,7,1,7
2018410317010,3,21,1,18,0,2,0,0,0,0,4,1,1,1,28,6,9200,2,8,8,1,8
2018410317087,1,19,0,18,0,0,0,0,0,0,0,1,6,1,28,6,1560,2,2,10,2,10
2018410317230,1,9,0,15,0,1,0,0,0,0,4,1,5,1,20,4,1388,1,15,5,1,5
2018410317230,2,1,0,9,0,1,0,0,0,0,3,1,5,1,61,9,-1,-1,-1,8,1,8
2018410317251,1,9,0,18,0,0,0,0,0,0,1,1,6,1,19,4,1242,1,10,9,1,9
2018410317407,1,9,0,9,0,4,0,0,0,0,1,1,6,2,37,7,1197,1,7,6,1,6
2018410317407,2,1,0,9,0,3,0,0,0,0,2,1,6,1,80,11,-1,-1,-1,7,1,7
2018410317419,1,9,0,18,0,0,0,0,0,0,0,1,6,3,-1,-1,-1,-1,-1,-1,-1,-1
2018410317434,1,9,0,4,0,0,0,0,0,0,2,1,6,1,43,7,1968,2,1,5,3,5
2018410317434,2,9,0,4,0,0,0,0,0,0,1,1,6,2,37,7,-1,-1,-1,5,1,5
2018410317434,3,9,0,2,0,0,0,0,0,0,0,1,6,3,-1,-1,-1,-1,-1,-1,-1,-1
2018410317516,1,9,0,18,0,0,2,0,5,6,1,1,5,1,-1,-1,-1,-1,-1,2,1,2
2018410317525,1,9,0,16,0,0,0,0,0,0,3,1,5,2,23,5,1395,1,3,7,1,7
2018410317525,2,1,0,17,0,0,5,0,0,0,1,1,6,1,18,4,-1,-1,-1,10,1,10
2018410317547,1,19,0,18,0,1,0,0,3,11,1,1,1,1,29,6,1560,2,1,4,1,4
2018410317555,1,9,0,5,0,0,0,0,0,0,1,1,5,2,50,8,1598,1,13,10,1,10
2018410317555,2,9,0,18,0,0,0,0,0,0,1,1,5,2,28,6,1596,1,12,5,1,5
2018410317560,1,9,0,18,0,1,0,0,0,0,1,1,6,2,35,6,1200,1,2,9,2,9
2018410317560,2,9,0,3,0,1,0,0,0,0,2,1,6,1,48,8,1399,1,11,10,1,10
2018410317562,1,9,0,10,0,0,0,0,0,0,2,1,1,2,66,10,998,1,6,4,1,4
2018410317562,2,9,0,5,0,0,0,0,0,0,1,1,1,1,58,9,-1,-1,-1,8,1,8
2018410317571,1,9,0,18,0,0,0,0,0,0,1,1,5,1,28,6,1124,1,17,7,2,7
2018410317571,2,9,0,4,0,0,0,0,0,0,2,1,5,2,56,9,999,1,2,9,3,9
2018410317697,1,9,0,5,0,4,0,0,0,0,3,1,5,2,21,5,-1,-1,-1,7,3,7
2018410317697,2,1,0,18,0,6,0,0,0,0,4,1,2,1,50,8,-1,-1,-1,10,1,10
2018410317728,1,9,0,10,0,1,0,0,0,0,1,1,1,1,54,8,-1,-1,-1,-1,2,-1
2018410317728,2,9,0,10,0,1,0,0,0,0,3,1,2,2,51,8,999,1,6,9,3,9
2018410317758,1,2,0,18,0,1,0,0,0,0,1,1,6,1,16,4,49,1,10,1,1,1
2018410317758,2,9,0,2,0,1,0,0,0,0,1,1,6,3,-1,-1,-1,-1,-1,-1,-1,-1
2018410318028,1,9,0,5,0,4,0,0,0,0,1,1,6,3,-1,-1,6208,1,5,-1,-1,-1
2018410318028,2,9,0,18,0,2,0,0,0,0,3,1,5,2,51,8,1560,2,4,10,1,10
2018410318050,1,19,0,18,0,6,0,0,0,0,1,1,1,1,66,10,1998,2,13,10,1,10
2018410318050,2,3,0,15,0,1,0,0,7,0,1,1,6,1,19,4,124,1,10,10,1,10
2018410318095,1,2,0,4,0,0,0,0,0,0,0,1,2,2,36,7,50,1,2,9,1,9
2018410318097,1,9,0,9,0,1,0,0,0,0,4,1,1,1,56,9,2987,2,10,7,1,7
2018410318097,2,1,0,18,0,1,0,0,0,0,1,1,6,1,56,9,-1,-1,-1,10,2,10
2018410318103,1,9,0,18,0,0,0,0,0,0,1,1,6,2,40,7,2993,2,5,7,3,7
2018410318103,2,9,0,4,0,0,0,0,0,0,2,1,6,1,46,8,1560,2,12,4,1,4
2018410318103,3,9,0,4,0,0,0,0,0,0,2,1,6,2,26,6,1398,1,3,9,3,9
2018410318103,4,9,0,4,0,0,0,0,0,0,2,1,6,1,-1,-1,1389,1,13,5,1,5
2018410318177,1,19,0,5,0,1,0,0,0,0,3,1,1,1,45,7,1995,2,1,2,1,2
2018410318177,2,9,0,17,0,1,0,0,0,0,4,1,5,2,56,9,1598,1,7,5,1,5
2018410318266,1,9,0,9,0,8,0,0,0,0,4,1,6,1,45,7,1794,1,14,3,1,3
2018410318266,2,9,0,18,0,8,0,0,0,0,1,1,6,2,22,5,1242,1,10,10,2,10
2018410318278,1,9,0,18,0,0,0,0,0,0,1,1,2,2,31,6,1598,1,2,7,1,7
2018410318278,2,9,0,18,0,0,0,0,0,0,2,1,2,1,26,6,1598,2,5,5,1,5
2018410318278,3,19,0,18,0,0,0,0,0,0,2,1,2,1,28,6,1598,2,3,4,1,4
2018410318336,1,19,0,18,5,1,1,0,3,6,1,1,1,1,35,6,1248,2,11,10,2,10
2018410318336,2,9,0,9,0,1,0,0,0,0,0,1,1,1,49,8,-1,-1,-1,10,1,10
2018410318362,1,8,0,5,0,8,0,0,0,0,1,1,2,1,43,7,1497,8,12,9,1,9
2018410318362,2,1,0,18,0,8,0,0,0,0,4,1,2,1,24,5,-1,-1,-1,10,1,10
2018410318364,1,9,0,5,0,6,0,0,0,0,1,1,5,2,79,11,1398,2,10,8,1,8
2018410318364,2,9,0,18,0,1,0,0,0,0,4,1,5,1,36,7,1984,1,3,10,3,10
2018410318396,1,3,0,18,0,0,0,0,0,0,1,1,1,1,25,5,125,1,7,6,1,6
2018410318396,2,9,0,2,0,0,0,0,0,0,4,1,6,3,-1,-1,1197,1,1,-1,-1,-1
2018410318396,3,9,0,2,0,0,0,0,0,0,4,1,6,3,-1,-1,-1,-1,-1,-1,-1,-1
2018410318396,4,2,0,9,0,0,0,0,0,0,0,1,1,3,-1,-1,-1,-1,-1,-1,-1,-1
2018410318412,1,5,0,18,0,0,2,0,0,0,1,1,6,1,46,8,680,1,12,8,1,8
2018410318412,2,19,0,3,0,0,0,0,0,0,2,1,6,1,65,9,1248,2,7,6,3,6
2018410318412,3,9,0,3,0,0,0,0,0,0,4,1,6,1,26,6,1598,2,4,10,1,10
2018410318412,4,9,0,3,0,0,0,0,0,0,3,1,6,1,39,7,1461,2,2,10,1,10
2018410318421,1,9,0,7,9,4,2,0,1,0,0,1,5,1,73,10,1999,2,-1,9,1,9
2018410318421,2,9,0,4,0,4,0,0,0,0,3,1,5,1,63,9,1968,2,6,10,1,10
2018410318453,1,5,0,13,0,0,0,0,0,0,4,1,5,1,50,8,999,1,-1,4,1,4
2018410318453,2,9,0,18,0,0,0,0,0,0,3,1,5,1,17,4,1596,1,8,10,2,10
2018410318569,1,9,0,9,0,1,0,0,1,4,4,1,6,1,53,8,998,1,2,5,1,5
2018410318569,2,9,0,15,0,1,0,0,1,0,3,1,6,1,38,7,1390,1,14,7,1,7
2018410318606,1,9,0,12,0,0,0,0,1,0,3,1,6,1,33,6,1968,1,9,6,1,6
2018410318606,2,9,0,18,0,0,2,0,0,0,2,1,1,1,36,7,2720,2,13,7,2,7
2018410318606,3,9,0,18,0,0,0,0,0,0,1,1,5,1,22,5,1998,1,21,3,1,3
2018410318636,1,9,0,18,0,0,0,0,0,0,1,1,5,1,40,7,1995,2,11,1,1,1
2018410318636,2,9,0,18,0,0,0,0,0,0,2,1,5,1,51,8,1997,2,6,7,1,7
2018410318636,3,9,0,18,0,0,0,0,0,0,2,1,5,1,39,7,1197,1,-1,6,1,6
2018410318636,4,9,0,18,0,0,0,0,0,0,0,1,5,1,30,6,1998,2,15,5,1,5
2018410318711,1,3,0,4,0,2,1,0,0,0,0,1,2,1,41,7,125,1,12,2,1,2
2018410318866,1,9,0,17,0,1,0,4,0,0,1,1,6,1,30,6,1956,2,6,8,1,8
2018410318866,2,9,0,2,0,1,0,0,0,0,1,1,6,3,-1,-1,1582,2,1,-1,-1,-1
2018410318933,1,9,0,5,0,0,0,0,0,0,1,1,5,1,25,5,2993,2,3,10,1,10
2018410318933,2,19,0,5,0,0,0,0,0,0,2,1,1,1,32,6,1598,2,1,3,1,3
2018410318933,3,9,0,5,0,0,0,0,0,0,2,1,6,2,30,6,1618,1,-1,4,1,4
2018410318943,1,9,0,18,0,0,0,0,0,0,1,1,2,2,43,7,-1,-1,-1,5,1,5
2018410318963,1,9,0,7,0,3,0,0,0,0,3,1,6,1,30,6,-1,-1,-1,5,1,5
2018410318963,2,9,0,7,0,3,0,0,0,0,4,1,6,1,44,7,1560,2,7,6,3,6
2018410318969,1,9,0,3,0,0,0,0,0,0,2,1,6,1,54,8,-1,-1,-1,4,1,4
2018410318969,2,9,0,3,0,0,0,0,0,0,1,1,6,1,46,8,1598,1,16,7,1,7
2018410319016,1,9,0,18,0,1,5,0,0,0,1,1,6,2,78,11,998,1,3,6,1,6
2018410319016,2,9,0,2,0,1,0,0,0,0,1,1,6,1,63,9,1560,2,6,10,1,10
2018410319051,1,9,0,18,0,4,0,0,7,11,1,1,5,2,33,6,1396,1,9,7,1,7
2018410319051,2,9,0,7,0,1,0,0,0,0,1,1,5,1,18,4,1397,1,11,7,1,7
2018410319083,1,9,0,1,0,8,0,4,0,0,4,1,5,2,56,9,1388,1,15,6,1,6
2018410319083,2,9,0,2,0,8,0,0,0,0,3,1,5,3,-1,-1,1124,1,16,-1,-1,-1
2018410319083,3,9,0,1,0,8,0,0,0,0,2,1,6,3,-1,-1,1149,1,17,-1,-1,-1
2018410319109,1,9,0,18,0,0,5,0,0,0,1,1,6,1,42,7,1598,1,1,4,1,4
2018410319109,2,9,0,18,0,0,0,0,0,0,1,1,6,2,61,9,1618,1,2,8,1,8
2018410319141,1,9,0,18,0,0,0,0,1,0,4,1,5,1,19,4,1248,1,2,10,1,10
2018410319141,2,9,0,18,0,0,0,0,0,0,1,1,5,1,25,5,1496,2,3,10,1,10
2018410319189,1,9,0,18,0,0,0,0,0,0,1,1,6,1,-1,-1,1598,1,8,-1,-1,-1
2018410319189,2,9,0,3,0,0,0,0,0,0,2,1,5,2,53,8,-1,-1,-1,2,1,2
2018410319189,3,9,0,2,0,0,0,0,0,0,1,1,6,1,-1,-1,1586,1,12,-1,-1,-1
2018410319274,1,9,0,18,0,0,2,12,0,0,4,1,5,1,19,4,1398,1,4,10,1,10
2018410319276,1,9,0,18,0,0,0,0,0,0,1,1,2,2,44,7,998,1,4,10,1,10
2018410319290,1,9,0,18,0,0,0,0,5,0,1,1,5,1,28,6,1968,2,2,4,1,4
2018410319290,2,9,0,18,0,0,0,0,0,0,2,1,1,1,26,6,-1,-1,-1,3,1,3
2018410319292,1,9,0,18,0,3,0,0,0,0,4,1,3,1,49,8,1999,1,9,7,1,7
2018410319292,2,1,0,18,0,3,0,0,0,0,1,1,6,1,28,6,-1,-1,-1,6,1,6
2018410319342,1,9,0,18,0,0,0,0,0,0,1,1,5,1,17,4,1461,2,1,5,1,5
2018410319342,2,9,0,18,0,0,1,7,7,1,4,1,6,3,-1,-1,1910,2,10,-1,-1,-1
2018410319407,1,5,0,13,0,8,0,0,0,0,4,1,5,1,28,6,599,1,19,6,1,6
2018410319407,2,9,0,9,0,5,0,0,0,0,3,1,5,1,32,6,1896,2,11,6,1,6
2018410319426,1,9,0,18,0,2,0,0,0,0,3,1,6,2,56,9,1395,1,-1,10,1,10
2018410319426,2,9,0,18,0,1,0,0,0,0,1,1,6,1,-1,-1,3456,8,3,10,3,10
2018410319456,1,9,0,4,0,0,0,0,0,0,1,1,6,1,24,5,1400,1,9,6,1,6
2018410319456,2,9,0,17,0,0,0,0,0,0,1,1,6,1,69,10,1968,2,5,8,3,8
2018410319465,1,9,0,14,0,1,0,0,0,0,1,1,5,2,32,6,1397,1,7,7,1,7
2018410319496,1,98,0,18,0,0,0,0,0,0,4,1,1,1,54,8,-1,-1,-1,5,1,5
2018410319509,1,19,0,4,0,0,0,0,0,0,1,1,1,1,22,5,2287,2,2,3,1,3
2018410319509,2,9,0,4,0,0,0,0,0,0,2,1,6,1,37,7,1597,2,1,5,3,5
2018410319509,3,9,0,4,0,0,0,0,0,0,1,1,6,1,27,6,1497,1,14,8,1,8
2018410319566,1,9,0,18,0,1,0,0,0,0,1,1,6,1,22,5,2996,1,10,5,1,5
2018410319566,2,9,0,18,0,1,0,0,0,0,1,1,6,2,47,8,1995,2,3,9,1,9
2018410319713,1,21,1,4,0,0,0,0,0,0,1,1,1,1,51,8,12419,2,3,7,3,7
2018410319713,2,9,0,4,0,0,0,0,0,0,2,1,6,2,69,10,1193,1,5,7,1,7
2018410319713,3,98,0,4,0,0,0,0,0,0,2,1,6,1,45,7,-1,-1,-1,2,1,2
2018410319719,1,9,0,4,0,0,0,0,0,0,1,1,1,1,26,6,1596,1,16,5,1,5
2018410319719,2,1,0,18,0,0,0,0,0,0,2,1,1,2,-1,-1,-1,-1,-1,-1,-1,-1
2018410319934,1,9,0,18,0,0,0,0,0,0,4,1,5,1,50,8,-1,-1,-1,8,1,8
2018410319937,1,9,0,11,0,0,0,0,0,0,4,1,2,1,36,7,1995,1,9,9,1,9
2018410319937,2,5,0,13,0,0,0,0,0,0,3,1,2,1,25,5,745,1,3,7,2,7
2018410319972,1,9,0,18,0,0,0,0,0,0,3,1,6,2,58,9,-1,-1,-1,8,1,8
2018410320006,1,9,0,16,0,1,0,0,3,7,1,1,5,2,24,5,2143,2,5,4,1,4
2018410320034,1,9,0,9,0,8,0,0,0,0,1,1,6,2,19,4,1388,1,12,9,1,9
2018410320034,2,9,0,18,0,4,0,0,0,0,3,1,1,1,46,8,1198,1,15,7,1,7
2018410320074,1,9,0,10,0,1,0,0,0,0,1,1,6,1,87,11,1318,1,1,10,1,10
2018410320074,2,9,0,18,0,1,0,0,7,0,3,1,6,2,43,7,1686,2,7,4,1,4
2018410320122,1,9,0,4,0,4,0,0,0,0,1,1,5,1,23,5,-1,-1,-1,3,1,3
2018410320122,2,9,0,4,0,4,0,0,0,0,2,1,5,1,31,6,2663,2,10,6,1,6
2018410320123,1,9,0,18,0,0,0,0,2,7,1,1,5,1,36,7,1560,2,8,4,3,4
2018410320134,1,9,0,18,0,7,0,0,0,0,3,1,5,1,55,8,1598,1,11,3,1,3
2018410320134,2,9,0,16,0,6,0,0,0,0,4,1,2,1,25,5,1590,1,16,6,1,6
2018410320166,1,9,0,4,0,0,0,0,0,0,4,1,1,1,27,6,-1,-1,-1,6,1,6
2018410320229,1,98,0,4,0,0,0,0,0,0,0,1,1,2,32,6,-1,-1,-1,9,1,9
2018410320229,2,9,0,4,0,0,0,0,0,0,0,1,5,2,46,8,-1,-1,-1,10,2,10
2018410320242,1,9,0,15,0,0,0,0,0,0,4,1,6,1,58,9,2720,2,9,7,1,7
2018410320242,2,1,0,18,0,0,1,0,1,0,3,1,6,1,38,7,-1,-1,-1,8,1,8
2018410320246,1,9,0,18,0,0,1,0,5,6,1,1,1,1,50,8,-1,-1,-1,4,1,4
2018410320252,1,9,0,18,0,0,0,0,0,0,1,1,5,1,38,7,-1,-1,-1,7,1,7
2018410320252,2,9,0,8,0,0,0,0,0,0,2,1,5,1,27,6,1242,1,11,4,1,4
2018410320257,1,9,0,4,0,8,0,0,0,0,3,1,6,1,44,7,1598,2,5,10,1,10
2018410320257,2,5,0,9,0,6,0,0,0,0,1,1,6,1,23,5,779,1,7,6,1,6
2018410320297,1,9,0,9,0,6,0,0,0,0,1,1,5,2,53,8,1390,1,9,10,2,10
2018410320297,2,5,0,18,0,1,0,0,7,0,4,1,2,1,50,8,1690,1,5,7,3,7
2018410320335,1,9,0,9,0,4,0,0,0,0,1,1,1,1,47,8,1991,2,13,3,1,3
2018410320335,2,1,0,18,0,3,0,0,0,0,2,1,1,2,77,11,-1,-1,-1,6,1,6
2018410320361,1,9,0,9,0,1,0,0,0,0,1,1,2,2,30,6,1798,1,2,9,1,9
2018410320361,2,3,0,18,0,1,0,0,0,0,1,1,5,1,28,6,125,1,4,4,1,4
2018410320372,1,9,0,18,0,4,0,0,0,0,0,1,2,2,43,7,1598,1,15,6,1,6
2018410320372,2,1,0,18,0,8,0,0,0,0,0,1,2,1,38,7,-1,-1,-1,5,1,5
2018410320405,1,9,0,16,0,0,1,0,7,7,3,1,1,2,18,4,998,1,2,2,1,2
2018410320416,1,9,0,18,0,0,0,0,0,0,1,1,1,1,23,5,1399,1,11,9,1,9
2018410320416,2,9,0,18,0,0,0,0,0,0,2,1,1,2,29,6,1582,2,6,7,1,7
2018410320467,1,9,0,18,0,0,0,0,0,0,1,1,1,1,31,6,1969,2,1,-1,-1,-1
2018410320467,2,9,0,18,0,0,0,0,0,0,3,1,1,1,50,8,2143,2,4,4,1,4
2018410320467,3,19,0,1,0,0,0,0,0,0,2,1,5,3,-1,-1,2402,2,10,-1,-1,-1
2018410320467,4,9,0,18,0,0,0,0,0,0,3,1,2,1,47,8,1984,1,5,10,1,10
2018410320513,1,9,0,10,0,1,0,0,0,0,2,1,6,2,52,8,1596,1,14,5,1,5
2018410320513,2,2,0,18,0,1,0,0,0,0,3,1,6,1,16,4,50,1,2,8,3,8
2018410320516,1,9,0,9,0,0,0,0,0,0,1,1,6,1,20,4,1390,1,12,8,1,8
2018410320516,2,1,0,18,0,0,0,0,0,0,1,1,1,1,33,6,-1,-1,-1,9,1,9
2018410320519,1,9,0,4,0,1,0,0,0,0,1,1,5,2,21,5,1229,1,9,5,1,5
2018410320519,2,9,0,4,0,1,0,0,0,0,2,1,5,2,43,7,-1,-1,-1,4,1,4
2018410320520,1,9,0,18,0,1,0,0,0,0,1,1,1,1,41,7,1997,1,2,9,1,9
2018410320520,2,9,0,3,0,1,0,0,0,0,2,1,1,1,31,6,1798,8,2,6,1,6
2018410320539,1,3,0,18,0,7,1,0,0,0,2,1,6,2,19,4,124,1,2,2,1,2
2018410320539,2,19,0,18,0,8,0,0,0,0,1,1,1,1,21,5,1997,2,1,5,1,5
2018410320679,1,9,0,18,0,4,0,0,0,0,1,1,6,2,-1,-1,3199,1,17,9,1,9
2018410320679,2,9,0,9,0,4,0,0,0,0,1,1,6,1,19,4,1998,1,14,4,1,4
2018410320785,1,9,0,7,0,1,0,0,0,0,3,1,5,1,51,8,1461,2,2,5,1,5
2018410320785,2,1,0,18,0,1,0,0,0,0,1,1,5,2,33,6,-1,-1,-1,9,1,9
2018410320792,1,9,0,14,0,0,0,0,0,0,1,1,1,2,67,10,2597,1,14,10,1,10
2018410320937,1,9,0,18,0,0,0,0,0,0,1,1,6,1,-1,-1,-1,-1,-1,-1,-1,-1
2018410320996,1,9,0,4,0,0,0,0,0,0,1,1,5,1,36,7,1597,1,20,2,1,2
2018410320996,2,9,0,4,0,0,0,0,0,0,2,1,2,1,19,4,1997,2,11,7,1,7
2018410320996,3,9,0,4,0,0,0,0,0,0,2,1,5,1,79,11,1360,1,12,3,1,3
2018410321013,1,9,0,13,0,1,0,0,0,0,1,1,6,2,19,4,1388,1,7,8,1,8
2018410321013,2,9,0,18,0,1,0,0,0,0,4,1,6,2,34,6,1685,2,2,7,1,7
2018410321013,3,9,0,18,0,1,0,0,0,0,4,1,6,1,55,8,1951,2,16,8,1,8
2018410321287,1,9,0,16,0,1,0,0,0,0,2,1,5,2,49,8,1200,1,3,9,1,9
2018410321287,2,9,0,16,0,1,0,0,0,0,1,1,1,1,65,9,-1,-1,-1,6,3,6
2018410321292,1,19,0,18,0,0,0,0,0,0,1,1,6,3,-1,-1,2402,2,13,-1,-1,-1
2018410321292,2,9,0,18,0,0,0,0,0,0,2,1,6,1,42,7,2393,1,16,-1,-1,-1
2018410321324,1,9,0,5,0,0,0,0,0,0,4,1,5,1,17,4,1995,1,13,2,1,2
2018410321344,1,5,0,13,0,0,2,0,6,6,1,1,5,1,38,7,953,1,15,4,1,4
2018410321401,1,9,0,9,0,6,0,0,0,0,4,1,6,2,60,9,998,1,1,8,1,8
2018410321401,2,2,0,9,0,5,0,0,0,0,3,1,5,1,36,7,125,1,12,4,1,4
2018410321453,1,9,0,18,0,8,0,0,0,0,0,1,5,1,18,4,1229,1,10,10,1,10
2018410321453,2,1,0,18,0,8,0,0,0,0,1,1,5,1,51,8,-1,-1,-1,10,1,10
2018410321459,1,9,0,7,0,5,0,0,0,0,1,1,2,1,40,7,1999,1,6,5,1,5
2018410321459,2,9,0,4,0,1,0,0,0,0,1,1,5,2,21,5,1240,1,9,10,1,10
2018410321585,1,9,0,6,0,0,0,0,0,0,3,1,5,1,54,8,2967,2,1,8,2,8
2018410321585,2,97,0,14,0,0,0,0,0,0,1,1,6,1,48,8,-1,-1,-1,7,3,7
2018410321927,1,3,0,4,0,0,5,0,0,0,0,1,6,1,33,6,124,1,13,6,1,6
2018410321958,1,9,0,18,0,4,0,0,0,0,1,1,5,2,30,6,1600,1,14,4,1,4
2018410321958,2,9,0,18,0,8,0,0,0,0,3,1,5,1,33,6,2143,2,2,6,1,6
2018410322015,1,9,0,18,0,7,0,0,0,0,1,1,2,1,44,7,1969,8,1,10,1,10
2018410322015,2,9,0,18,0,7,0,0,0,0,2,1,5,1,25,5,2993,2,3,8,1,8
2018410322108,1,9,0,18,0,1,0,0,0,0,1,1,1,1,24,5,1242,1,3,9,1,9
2018410322108,2,9,0,10,0,1,0,0,0,0,2,1,2,1,22,5,1242,1,10,10,1,10
2018410322156,1,9,0,10,0,1,1,0,7,0,2,1,5,1,71,10,1580,8,1,10,1,10
2018410322156,2,20,0,18,0,1,1,0,0,0,1,1,1,1,50,8,2998,2,3,10,1,10
2018410322179,1,9,0,18,0,0,0,0,0,0,1,1,5,2,40,7,1591,1,8,5,1,5
2018410322179,2,9,0,18,0,0,0,0,0,0,2,1,5,1,22,5,1968,2,4,5,1,5
2018410322228,1,9,0,5,0,4,0,0,0,0,3,1,6,2,34,6,1984,1,-1,10,3,10
2018410322228,2,1,0,18,0,3,0,0,0,0,1,1,6,1,47,8,-1,-1,-1,10,1,10
2018410322237,1,19,0,18,0,0,0,0,0,0,3,1,6,1,39,7,1753,2,11,9,2,9
2018410322237,2,9,0,18,0,0,0,0,0,0,3,1,6,2,22,5,1248,1,2,7,3,7
2018410322238,1,19,0,18,0,0,0,4,0,0,4,1,6,1,20,4,1968,2,4,10,1,10
2018410322238,2,19,0,2,0,0,0,0,0,0,3,1,5,1,40,7,1995,2,1,5,3,5
2018410322258,1,9,0,1,0,0,0,0,7,0,3,1,6,2,87,11,-1,-1,-1,10,1,10
2018410322258,2,9,0,2,0,0,0,0,0,0,1,1,6,1,20,4,1596,1,10,10,1,10
2018410322258,3,9,0,2,0,0,0,0,0,0,1,1,6,1,-1,-1,1991,1,3,10,1,10
2018410322258,4,9,0,2,0,0,0,0,0,0,2,1,6,2,-1,-1,1596,1,5,10,1,10
2018410322258,5,9,0,2,0,0,0,0,0,0,1,1,6,1,-1,-1,-1,-1,-1,10,1,10
2018410322295,1,9,0,12,0,0,0,0,0,0,3,1,1,1,42,7,-1,-1,-1,1,1,1
2018410322295,2,9,0,18,0,0,2,0,0,0,4,1,6,1,27,6,1368,1,6,7,1,7
2018410322478,1,9,0,5,0,1,0,0,0,0,1,1,6,1,29,6,-1,-1,-1,7,1,7
2018410322478,2,9,0,4,0,1,0,0,0,0,2,1,6,1,41,7,1398,2,15,4,1,4
2018410322504,1,9,0,16,0,1,0,0,0,0,1,1,2,1,38,7,1596,1,6,4,1,4
2018410322504,2,9,0,3,0,1,0,0,0,0,1,1,2,1,35,6,1240,1,14,9,2,9
2018410322504,3,9,0,3,0,1,0,0,0,0,3,1,5,2,61,9,1995,2,-1,3,1,3
2018410322543,1,1,0,18,0,0,0,0,0,0,3,1,2,1,31,6,-1,-1,-1,9,1,9