Accident_Index,Vehicle_Reference,Vehicle_Type,Towing_and_Articulation,Vehicle_Manoeuvre,Vehicle_Location-Restricted_Lane,Junction_Location,Skidding_and_Overturning,Hit_Object_in_Carriageway,Vehicle_Leaving_Carriageway,Hit_Object_off_Carriageway,1st_Point_of_Impact,Was_Vehicle_Left_Hand_Drive?,Journey_Purpose_of_Driver,Sex_of_Driver,Age_of_Driver,Age_Band_of_Driver,Engine_Capacity_(CC),Propulsion_Code,Age_of_Vehicle,Driver_IMD_Decile,Driver_Home_Area_Type,Vehicle_IMD_Decile
2018410322543,2,9,0,13,0,0,0,0,0,0,4,1,6,3,-1,-1,1362,1,4,-1,-1,-1
2018410322553,1,9,0,3,0,0,0,0,0,0,2,1,2,2,37,7,1968,2,3,10,1,10
2018410322553,2,9,0,4,0,0,0,0,0,0,2,1,6,1,69,10,1398,2,17,5,1,5
2018410322553,3,9,0,5,0,0,0,0,0,0,1,1,2,1,46,8,1796,2,6,8,1,8
2018410322560,1,9,0,4,0,0,0,0,0,0,1,1,5,1,44,7,1968,2,4,7,1,7
2018410322560,2,9,0,4,0,0,0,0,0,0,2,1,1,1,39,7,2143,2,4,7,1,7
2018410322560,3,9,0,4,0,0,0,0,0,0,2,1,6,3,-1,-1,-1,-1,-1,-1,-1,-1
2018410322591,1,9,0,12,0,0,0,0,0,0,4,1,1,1,58,9,-1,-1,-1,5,1,5
2018410322591,2,1,0,11,0,0,0,0,0,0,3,1,1,1,57,9,-1,-1,-1,8,1,8
2018410322660,1,9,0,18,0,0,0,0,0,0,4,1,5,1,38,7,1398,2,9,6,1,6
2018410322664,1,19,0,2,0,0,0,0,0,0,4,1,5,1,58,9,1499,2,2,4,1,4
2018410322664,2,9,0,6,0,0,0,4,0,0,3,1,6,1,-1,-1,1497,1,15,-1,-1,-1
2018410322714,1,9,0,18,0,1,0,0,0,0,0,1,1,1,40,7,2993,2,1,9,1,9
2018410322714,2,97,0,6,0,1,5,0,0,0,4,1,5,1,18,4,-1,-1,-1,8,1,8
2018410322714,3,9,0,2,0,1,0,0,0,0,0,1,6,3,-1,-1,1995,1,10,-1,-1,-1
2018410322784,1,9,0,17,0,1,0,0,0,0,4,1,5,2,75,10,1200,1,2,10,2,10
2018410322815,1,9,0,4,0,0,0,0,0,0,1,1,1,1,46,8,2179,2,6,6,1,6
2018410322815,2,9,0,4,0,0,0,0,0,0,2,1,5,2,38,7,1998,1,11,5,1,5
2018410322879,1,3,0,5,0,0,0,0,0,0,4,1,5,1,42,7,125,1,6,7,1,7
2018410322879,2,9,0,2,0,0,0,0,0,0,3,1,6,3,-1,-1,-1,-1,-1,-1,-1,-1
2018410322893,1,9,0,9,0,4,0,0,0,0,1,1,6,1,39,7,1968,2,11,4,1,4
2018410322893,2,9,0,18,0,8,0,0,0,0,1,1,2,2,57,9,1598,1,13,10,1,10
2018410322895,1,3,0,18,0,2,0,4,0,0,1,1,6,1,17,4,124,1,3,5,1,5
2018410322895,2,9,0,2,0,2,0,0,0,0,1,1,6,3,-1,-1,998,1,1,-1,-1,-1
2018410322900,1,98,0,5,0,1,0,0,0,0,4,1,6,3,-1,-1,-1,-1,-1,-1,-1,-1
2018410322900,2,1,0,5,0,1,5,10,1,0,3,1,2,1,29,6,-1,-1,-1,10,1,10
2018410322903,1,9,0,18,0,1,0,0,0,0,1,1,5,2,32,6,1598,1,14,9,1,9
2018410322903,2,1,0,18,0,1,0,0,0,0,1,1,6,1,9,2,-1,-1,-1,7,1,7
2018410322933,1,1,0,18,0,0,5,0,0,0,2,1,5,1,56,9,-1,-1,-1,5,1,5
2018410322933,2,9,0,18,0,0,0,0,0,0,1,1,6,1,30,6,-1,-1,-1,5,1,5
2018410322936,1,9,0,7,0,2,0,0,0,0,1,1,6,1,33,6,2143,2,-1,6,-1,6
2018410322937,1,9,0,18,0,0,0,0,1,0,1,1,6,1,23,5,1229,1,8,10,3,10
2018410322937,2,9,0,18,0,0,0,0,0,0,0,1,6,1,-1,-1,1198,1,7,-1,-1,-1
2018410323019,1,9,0,5,0,4,0,0,0,0,1,1,5,1,79,11,1598,1,8,7,1,7
2018410323019,2,1,0,9,0,3,0,0,0,0,1,1,5,2,51,8,-1,-1,-1,10,1,10
2018410323021,1,9,0,18,0,0,0,0,4,6,1,1,2,1,31,6,1995,2,10,4,1,4
2018410323021,2,9,0,18,0,0,1,0,0,0,2,1,2,1,33,6,1596,1,17,1,1,1
2018410323021,3,9,0,18,0,0,0,0,4,0,2,1,2,1,26,6,1995,2,2,8,2,8
2018410323040,1,98,0,18,0,0,0,0,0,0,1,1,1,1,31,6,-1,-1,-1,10,1,10
2018410323040,2,9,5,18,0,0,3,0,2,0,2,1,1,1,47,8,-1,-1,-1,10,1,10
2018410323079,1,9,0,17,0,0,1,7,2,7,4,1,5,2,31,6,2967,2,5,-1,1,-1
2018410323079,2,19,0,17,0,0,5,0,0,0,2,1,2,1,57,9,2299,2,2,8,1,8
2018410323122,1,9,0,15,0,1,0,0,0,0,4,1,5,1,70,10,1499,2,3,8,1,8
2018410323122,2,9,0,5,0,6,0,0,0,0,1,1,5,2,26,6,1248,2,11,4,1,4
2018410323122,3,21,0,2,0,1,0,0,0,0,0,1,6,1,46,8,11705,2,9,5,1,5
2018410323209,1,9,0,18,0,0,5,0,0,0,1,1,6,2,64,9,1390,1,10,4,1,4
2018410323209,2,9,0,2,0,0,0,0,0,0,4,1,1,2,37,7,1798,1,14,5,1,5
2018410323209,3,9,0,2,0,0,0,0,0,0,1,1,6,2,-1,-1,1229,1,10,4,1,4
2018410323209,4,9,0,2,0,0,0,0,0,0,2,1,6,3,-1,-1,1560,2,1,-1,-1,-1
2018410323238,1,9,0,18,0,0,0,0,0,0,1,1,2,1,51,8,1390,1,6,1,1,1
2018410323238,2,19,0,18,0,0,0,0,0,0,1,1,2,1,48,8,1499,2,2,9,2,9
2018410323240,1,9,0,5,0,6,0,0,0,0,1,1,5,1,34,6,2993,2,6,7,2,7
2018410323240,2,5,0,18,0,8,0,0,0,0,4,1,2,1,44,7,782,1,2,7,3,7
2018410323321,1,9,0,9,8,0,0,0,0,0,3,1,2,1,-1,-1,1685,2,-1,-1,-1,-1
2018410323321,2,9,0,18,0,0,0,0,0,0,1,1,2,1,26,6,1364,1,13,6,1,6
2018410323345,1,9,0,9,0,0,2,0,1,0,1,1,2,2,22,5,-1,-1,-1,10,1,10
2018410323484,1,9,0,7,0,8,0,0,0,0,2,1,5,2,69,10,2996,1,13,9,1,9
2018410323484,2,11,0,18,0,8,0,0,0,0,1,1,1,1,48,8,4500,2,1,6,2,6
2018410323560,1,9,0,16,0,1,0,0,0,0,0,1,1,2,38,7,1560,2,5,10,1,10
2018410323560,2,9,0,16,0,1,0,0,0,0,1,1,1,2,28,6,1499,1,3,10,1,10
2018410323564,1,9,0,18,0,0,0,0,0,0,1,1,5,1,77,11,2179,2,4,10,1,10
2018410323564,2,9,0,18,0,0,0,0,0,0,1,1,5,1,47,8,898,1,-1,8,2,8
2018410323574,1,9,0,7,0,0,0,0,0,0,3,1,1,2,59,9,1248,1,2,6,3,6
2018410323574,2,9,0,18,0,0,0,0,0,0,1,1,6,1,47,8,1595,1,13,10,-1,10
2018410323627,1,9,0,1,0,0,0,0,0,0,2,1,6,3,-1,-1,-1,-1,-1,-1,-1,-1
2018410323696,1,5,0,18,0,0,0,0,0,0,2,1,6,1,39,7,-1,-1,-1,8,1,8
2018410323696,2,9,0,18,0,0,1,0,0,0,1,1,6,1,25,5,2987,2,4,9,1,9
2018410323696,3,9,0,18,0,0,0,0,0,0,3,1,1,1,47,8,1969,2,-1,-1,-1,-1
2018410323734,1,-1,0,18,0,0,0,0,0,0,1,1,6,3,-1,-1,-1,-1,-1,-1,-1,-1
2018410323774,1,98,1,18,0,0,0,0,0,0,0,1,6,1,-1,-1,-1,-1,-1,-1,-1,-1
2018410323774,2,21,1,2,0,0,0,0,0,0,0,1,1,1,53,8,6700,2,3,1,1,1
2018410323778,1,9,0,18,0,1,0,0,0,0,1,1,6,1,-1,-1,1896,2,12,3,1,3
2018410323778,2,9,0,3,0,1,0,0,0,0,2,1,5,2,57,9,1364,1,1,10,1,10
2018410323823,1,9,0,18,0,0,1,10,1,0,1,1,6,1,44,7,1596,1,15,9,-1,9
2018410323886,1,9,0,18,0,4,0,0,0,0,1,1,5,2,50,8,1968,2,6,10,1,10
2018410323886,2,9,0,9,0,4,0,0,0,0,4,1,6,2,32,6,2148,2,15,4,1,4
2018410323898,1,9,0,9,0,3,1,0,1,0,3,1,2,2,52,8,1968,2,5,5,1,5
2018410323898,2,5,0,7,0,8,0,0,0,0,4,1,5,1,21,5,645,1,10,5,1,5
2018410323973,1,9,0,18,0,0,0,0,0,0,1,1,2,1,44,7,1598,2,3,3,1,3
2018410323973,2,9,0,18,0,0,0,0,0,0,2,1,2,1,58,9,2987,2,10,10,1,10
2018410324028,1,9,0,18,0,1,0,0,0,0,1,1,6,1,21,5,1388,1,16,2,1,2
2018410324028,2,9,0,18,0,1,2,10,7,0,4,1,6,2,61,9,998,1,2,10,1,10
2018410324063,1,1,0,18,0,1,0,0,0,0,0,1,5,1,20,4,-1,-1,-1,9,1,9
2018410324063,2,1,0,18,0,1,0,0,0,0,0,1,5,1,17,4,-1,-1,-1,5,1,5
2018410324063,3,1,0,18,0,1,0,0,0,0,0,1,5,1,-1,-1,-1,-1,-1,9,1,9
2018410324063,4,1,0,18,0,1,0,0,0,0,0,1,5,1,48,8,-1,-1,-1,8,1,8
2018410324063,5,1,0,18,0,1,0,0,0,0,0,1,5,3,-1,-1,-1,-1,-1,-1,-1,-1
2018410324086,1,98,0,10,0,5,0,0,0,0,1,1,1,1,33,6,-1,-1,-1,5,1,5
2018410324086,2,9,0,18,0,8,0,0,0,0,1,2,1,1,55,8,-1,-1,-1,10,1,10
2018410324094,1,9,0,5,0,2,0,0,0,0,1,1,6,2,75,10,1498,1,2,7,1,7
2018410324094,2,9,0,18,0,1,0,0,0,0,2,1,6,2,26,6,1997,2,12,3,1,3
2018410324097,1,9,0,18,0,6,0,0,0,0,1,1,6,2,17,4,1997,2,13,8,1,8
2018410324097,2,9,0,18,0,8,0,0,0,0,1,1,6,2,22,5,1198,1,13,7,1,7
2018410324117,1,97,0,11,0,0,0,0,0,0,1,1,6,1,37,7,-1,-1,-1,6,1,6
2018410324117,2,9,0,11,0,0,0,0,0,0,2,1,6,1,23,5,1390,1,16,9,1,9
2018410324127,1,9,0,18,0,8,0,0,0,0,1,1,6,1,20,4,-1,-1,-1,4,1,4
2018410324127,2,9,0,18,0,8,0,0,0,0,1,1,6,1,47,8,1598,1,17,6,1,6
2018410324130,1,9,0,18,0,0,0,0,0,0,1,1,5,2,39,7,-1,-1,-1,10,1,10
2018410324130,2,97,0,18,0,0,0,0,0,0,2,1,5,2,46,8,-1,-1,-1,8,1,8
2018410324146,1,9,0,16,0,0,5,0,7,0,1,1,5,2,23,5,1242,1,17,8,1,8
2018410324148,1,98,1,12,0,0,0,0,0,0,3,1,1,1,33,6,-1,-1,-1,-1,-1,-1
2018410324148,2,9,0,18,0,0,0,0,0,0,4,1,5,2,51,8,1598,1,5,5,1,5
2018410324160,1,9,0,2,9,0,0,0,0,0,3,1,6,1,41,7,2987,2,9,6,1,6
2018410324160,2,9,0,18,0,0,0,0,0,0,1,1,6,2,48,8,1968,2,5,5,1,5
2018410324162,1,9,0,16,0,0,0,0,0,0,1,1,5,2,37,7,1242,1,5,10,2,10
2018410324162,2,9,0,17,0,0,0,0,0,0,1,1,5,2,18,4,1229,1,6,9,1,9
2018410324162,3,9,0,18,0,0,0,0,0,0,1,1,5,2,27,6,1598,2,6,5,1,5
2018410324171,1,9,0,1,0,0,0,0,0,0,2,1,5,1,18,4,799,2,7,9,1,9
2018410324171,2,3,0,4,0,0,5,0,0,0,3,1,6,2,25,5,124,1,-1,5,1,5
2018410324257,1,9,0,5,0,2,5,0,0,0,3,1,5,2,57,9,1461,2,1,6,1,6
2018410324257,2,9,0,14,0,2,1,10,1,10,3,1,5,2,30,6,-1,-1,-1,7,1,7
2018410324257,3,9,0,14,0,2,1,10,0,0,1,1,5,1,48,8,2979,1,1,10,1,10
2018410324262,1,9,0,4,0,1,0,0,0,0,1,1,5,2,74,10,1240,1,8,5,1,5
2018410324262,2,9,0,4,0,1,0,0,0,0,2,1,5,2,39,7,1798,1,9,6,1,6
2018410324307,1,9,0,3,0,1,0,0,0,0,1,1,5,1,81,11,1390,1,8,9,1,9
2018410324307,2,1,0,18,0,8,0,0,0,0,3,1,5,1,34,6,-1,-1,-1,7,1,7
2018410324319,1,9,0,4,0,0,1,0,5,0,3,1,5,1,97,11,998,1,16,6,1,6
2018410324319,2,9,0,4,0,0,0,0,0,0,2,1,5,1,37,7,1995,2,3,8,1,8
2018410324351,1,9,0,5,0,2,0,0,0,0,4,1,6,3,-1,-1,-1,-1,-1,-1,-1,-1
2018410324351,2,1,0,18,0,2,0,0,0,0,3,1,2,2,21,5,-1,-1,-1,5,1,5
2018410324454,1,9,0,9,0,8,1,4,0,0,1,1,6,3,-1,-1,1968,2,1,-1,-1,-1
2018410324454,2,9,0,2,0,1,0,4,0,0,2,1,6,1,40,7,1598,2,2,6,2,6
2018410324454,3,9,0,2,0,1,0,4,0,0,2,1,6,1,-1,-1,1686,2,7,-1,1,-1
2018410324454,4,9,0,2,0,1,0,4,0,0,2,1,6,2,-1,-1,4511,1,15,10,1,10
2018410324494,1,19,0,4,0,1,0,0,0,0,1,1,1,1,25,5,1560,2,3,7,1,7
2018410324494,2,9,0,18,0,1,0,0,0,0,4,1,1,2,-1,-1,2993,2,4,9,1,9
2018410324515,1,9,0,18,0,8,0,0,0,0,1,1,6,1,62,9,1798,8,3,10,1,10
2018410324515,2,9,0,3,0,1,0,0,0,0,1,1,6,2,45,7,1499,2,1,7,2,7
2018410324515,3,9,0,3,0,1,0,0,0,0,1,1,6,1,31,6,1797,8,4,6,1,6
2018410324553,1,9,0,18,0,4,0,0,0,0,1,1,6,3,-1,-1,-1,-1,-1,-1,-1,-1
2018410324553,2,1,0,18,0,1,5,0,0,0,3,1,6,1,23,5,-1,-1,-1,9,1,9
2018410324649,1,9,0,10,0,1,0,0,0,0,3,1,6,2,77,11,1390,1,15,10,1,10
2018410324649,2,11,0,18,0,8,0,0,0,0,1,1,1,1,52,8,4500,2,1,3,1,3
2018410324653,1,1,0,18,0,0,0,0,0,0,4,1,6,1,42,7,-1,-1,-1,7,3,7
2018410324653,2,9,0,15,0,0,0,0,0,0,3,1,5,1,-1,-1,1362,1,6,-1,-1,-1
2018410324662,1,98,1,18,0,0,0,0,1,0,1,1,1,1,29,6,-1,-1,-1,-1,-1,-1
2018410324669,1,9,0,18,0,8,0,0,1,2,3,1,6,1,72,10,1360,1,13,9,2,9
2018410324669,2,5,0,18,0,8,2,0,1,0,4,1,6,1,49,8,1352,1,9,10,3,10
2018410324730,1,9,0,18,0,0,0,0,0,0,3,1,6,1,36,7,998,1,10,6,1,6
2018410324730,2,9,0,18,0,0,0,0,4,0,4,1,6,1,85,11,-1,-1,-1,9,1,9
2018410324776,1,9,0,5,0,0,0,0,0,0,1,1,1,2,48,8,1968,2,1,6,3,6
2018410324776,2,9,0,4,0,0,0,0,0,0,2,1,1,2,27,6,1149,1,14,9,2,9
2018410324776,3,9,0,4,0,0,0,0,0,0,2,1,1,1,46,8,1995,2,1,8,1,8
2018410324799,1,17,4,18,0,0,0,0,0,0,4,1,1,1,25,5,6788,2,2,7,3,7
2018410324799,2,22,0,5,0,0,0,0,0,0,1,1,6,2,51,8,-1,-1,-1,7,1,7
2018410324845,1,90,1,12,0,0,0,0,0,0,3,1,1,1,32,6,-1,-1,-1,8,1,8
2018410324845,2,90,1,18,0,0,0,0,0,0,4,1,1,1,63,9,-1,-1,-1,9,2,9
2018410324845,3,9,0,18,0,0,0,0,0,0,4,1,6,2,69,10,1390,1,5,10,1,10
2018410324851,1,3,0,5,0,1,0,4,0,0,1,1,6,1,24,5,124,1,7,8,1,8
2018410324851,2,9,0,2,0,1,0,0,0,0,2,1,6,1,68,10,1999,1,15,9,1,9
2018410324911,1,19,0,6,0,8,0,0,0,0,3,1,6,1,70,10,2143,2,5,3,1,3
2018410324911,2,5,0,18,0,8,2,0,0,0,1,1,6,1,25,5,649,1,8,5,1,5
2018410324920,1,9,0,18,0,6,0,0,0,0,1,1,6,1,-1,-1,1390,1,17,-1,-1,-1
2018410324920,2,9,0,18,0,8,0,0,0,0,1,1,1,1,40,7,2993,2,2,2,1,2
2018410324920,3,9,0,18,0,8,0,0,0,0,1,1,6,2,19,4,1242,1,14,6,3,6
2018410324973,1,9,0,4,0,0,1,0,0,0,4,1,5,2,54,8,1248,1,5,5,1,5
2018410325000,1,9,0,16,0,0,1,0,7,0,1,1,2,1,64,9,1995,2,9,6,2,6
2018410325000,2,9,0,17,0,0,1,0,0,0,1,1,5,2,21,5,999,1,-1,4,1,4
2018410325027,1,9,0,18,0,0,0,0,0,0,1,1,6,1,37,7,1200,1,4,6,1,6
2018410325058,1,9,0,16,0,0,1,0,2,0,1,1,5,1,21,5,1968,2,-1,-1,-1,-1
2018410325117,1,9,0,5,0,0,0,0,0,0,1,1,5,1,21,5,-1,-1,-1,5,1,5
2018410325125,1,9,0,18,0,0,1,0,5,0,1,1,5,1,35,6,1390,1,10,3,1,3
2018410325125,2,9,0,18,0,0,1,0,0,0,2,1,2,2,49,8,1497,8,2,6,1,6
2018410325150,1,9,0,18,0,0,0,0,0,0,1,1,5,1,29,6,1242,1,4,7,1,7
2018410325150,2,11,0,18,0,0,0,0,0,0,2,1,1,1,71,10,10838,2,5,4,1,4
2018410325179,1,9,0,17,0,1,0,0,0,0,1,1,1,2,37,7,1753,2,16,7,1,7
2018410325179,2,9,0,9,0,2,0,0,0,0,1,1,5,1,-1,-1,1596,1,13,4,1,4
2018410325283,1,9,0,9,0,1,0,0,0,0,1,1,6,2,32,6,1956,2,8,-1,-1,-1
2018410325283,2,5,0,18,0,2,2,0,0,0,1,1,6,2,37,7,600,1,11,5,1,5
2018410325526,1,9,0,16,0,0,0,0,0,0,1,1,6,2,32,6,1598,2,4,7,3,7
2018410325526,2,9,0,17,0,0,0,0,0,0,1,1,6,2,27,6,1364,1,9,5,1,5
2018410325652,1,98,0,5,0,6,0,0,0,0,0,1,6,1,-1,-1,-1,-1,-1,-1,-1,-1
2018410325652,2,1,0,18,0,1,2,0,0,0,0,1,2,2,39,7,-1,-1,-1,4,1,4
2018410325711,1,9,0,18,0,4,0,0,0,0,1,1,6,1,33,6,1587,1,11,7,3,7
2018410325711,2,1,0,18,0,4,0,0,0,0,2,1,6,1,-1,-1,-1,-1,-1,4,1,4
2018410325742,1,9,0,1,0,0,0,0,0,0,0,1,1,2,49,8,1796,2,4,5,1,5
2018410325742,2,-1,0,1,0,0,0,0,0,0,0,1,6,3,-1,-1,-1,-1,-1,-1,-1,-1
2018410325752,1,9,0,10,0,6,0,0,1,0,1,1,6,2,76,11,698,1,15,3,1,3
2018410325752,2,9,0,18,0,8,0,0,0,0,4,1,6,2,58,9,1149,1,11,10,1,10
2018410325770,1,9,0,18,0,0,0,0,0,0,1,1,6,1,43,7,1598,1,12,7,1,7
2018410325770,2,9,0,2,0,0,0,0,0,0,3,1,6,3,-1,-1,1560,2,6,-1,-1,-1
2018410325770,3,9,0,2,0,0,0,0,0,0,4,1,6,3,-1,-1,-1,-1,-1,-1,-1,-1
2018410325785,1,19,0,4,0,1,0,0,0,0,1,1,1,1,33,6,1997,2,1,4,1,4
2018410325785,2,9,0,4,0,1,0,0,0,0,2,1,5,2,36,7,-1,-1,-1,10,1,10
2018410325827,1,8,0,18,0,0,0,0,0,0,1,1,5,1,21,5,1242,1,6,9,2,9
2018410325885,1,9,0,18,0,1,0,0,0,0,1,1,2,1,17,4,1242,1,12,6,1,6
2018410325885,2,9,0,18,0,1,0,0,0,0,2,1,1,1,45,7,1200,1,-1,4,1,4
2018410325900,1,9,0,4,0,0,0,0,0,0,1,1,5,1,37,7,-1,-1,-1,5,1,5
2018410325900,2,9,0,3,0,0,0,0,0,0,2,1,5,2,26,6,1399,2,7,5,1,5
2018410325900,3,9,0,3,0,0,0,0,0,0,2,1,5,1,73,10,2000,1,9,5,1,5
2018410325900,4,19,0,3,0,0,0,0,0,0,2,1,1,1,39,7,2143,2,-1,8,1,8
2018410325909,1,9,0,6,0,0,0,0,0,0,3,1,6,1,33,6,2987,2,3,2,1,2
2018410325909,2,9,0,13,0,0,1,0,0,0,1,1,6,1,21,5,1596,1,22,9,1,9
2018410326164,1,9,0,4,0,1,0,0,0,0,1,1,1,1,-1,-1,1997,2,1,6,1,6
2018410326164,2,9,0,3,0,1,0,0,0,0,2,1,1,2,49,8,1587,1,14,6,1,6
2018410326276,1,9,0,7,0,0,0,0,0,0,3,1,5,2,18,4,-1,-1,-1,10,1,10
2018410326276,2,22,0,18,9,0,5,0,0,0,2,1,5,1,86,11,-1,-1,-1,4,1,4
2018410326368,1,9,0,18,0,0,0,0,0,0,1,1,5,1,19,4,-1,-1,-1,9,1,9
2018410326395,1,9,0,18,0,0,0,0,0,0,3,1,6,2,25,5,1229,1,3,6,1,6
2018410326395,2,9,0,2,0,0,0,12,0,0,2,1,6,1,33,6,1895,1,17,5,1,5
2018410326445,1,16,0,4,0,0,0,0,0,0,3,1,6,2,22,5,-1,-1,-1,2,1,2
2018410326445,2,9,0,9,0,0,0,0,0,0,1,1,6,2,56,9,2720,2,12,6,1,6
2018410326536,1,9,0,17,0,3,2,0,1,0,2,1,1,2,25,5,1560,2,13,8,1,8
2018410326536,2,9,0,16,0,4,0,0,0,0,1,1,5,2,24,5,1798,8,1,8,1,8
2018410326561,1,9,0,18,0,2,0,0,0,0,4,1,2,2,46,8,-1,-1,-1,3,1,3
2018410326723,2,1,0,18,0,8,5,0,0,0,3,1,4,1,14,3,-1,-1,-1,9,1,9
2018410326723,3,9,0,7,0,2,0,0,0,0,1,1,6,1,-1,-1,1998,1,11,6,1,6
2018410326744,1,9,0,5,0,1,0,0,0,0,1,1,5,1,50,8,1597,1,21,7,3,7
2018410326744,2,9,0,3,0,1,0,0,0,0,2,1,5,1,45,7,1598,2,6,9,1,9
2018410326777,1,9,0,18,0,1,5,0,0,0,1,1,1,1,30,6,999,1,6,7,1,7
2018410326777,2,9,0,18,0,1,0,0,0,0,1,1,6,2,28,6,1461,2,4,10,1,10
2018410326777,3,9,0,9,0,1,0,0,0,0,1,1,6,3,-1,-1,-1,-1,-1,-1,-1,-1
2018410326815,1,9,0,9,0,1,0,0,0,0,4,1,6,1,29,6,1995,2,11,10,1,10
2018410326815,2,9,0,18,0,1,5,0,0,0,3,1,2,1,44,7,1390,1,16,5,1,5
2018410326820,1,9,0,18,0,2,1,0,0,0,1,1,2,1,47,8,1799,1,12,4,1,4
2018410326820,2,9,0,18,0,1,0,0,0,0,1,1,6,1,84,11,1598,1,7,5,1,5
2018410326820,3,9,0,18,0,1,0,0,1,0,1,1,2,1,30,6,1597,1,12,4,1,4
2018410326870,1,9,0,18,0,0,0,0,0,0,1,1,6,3,-1,-1,-1,-1,-1,-1,-1,-1
2018410326897,1,9,0,16,0,0,1,10,1,0,1,1,5,2,22,5,1198,1,13,7,2,7
2018410326904,1,3,0,18,0,3,0,0,0,0,0,1,6,1,38,7,125,1,5,2,1,2
2018410326904,2,9,0,18,0,4,0,0,0,0,0,1,6,3,-1,-1,-1,-1,-1,-1,-1,-1
2018410326980,1,9,0,10,0,1,0,0,0,0,1,1,6,1,31,6,1598,1,17,7,1,7
2018410326980,2,1,0,18,9,6,0,0,0,0,4,1,6,1,16,4,-1,-1,-1,10,1,10
2018410327051,1,1,0,9,0,3,5,0,0,0,4,1,6,1,18,4,-1,-1,-1,6,2,6
2018410327051,2,8,0,9,0,8,0,0,0,0,1,1,6,1,39,7,1798,8,6,8,1,8
2018410327087,1,9,0,18,0,8,0,10,0,0,3,1,5,1,22,5,2993,2,2,4,1,4
2018410327087,2,9,0,9,0,8,0,0,0,0,4,1,5,1,53,8,1598,2,4,7,1,7
2018410327158,1,9,0,4,0,0,0,0,0,0,2,1,6,1,55,8,1598,2,3,6,1,6
2018410327158,2,9,0,18,0,0,0,0,0,0,1,1,6,2,29,6,1461,2,5,7,1,7
2018410327225,1,9,0,18,0,0,0,0,0,0,0,1,5,2,19,4,1390,1,5,8,1,8
2018410327401,1,9,0,4,0,1,0,0,0,0,2,1,6,2,47,8,2231,2,5,9,1,9
2018410327401,2,9,0,4,0,1,0,0,0,0,1,1,6,2,35,6,1598,1,16,4,1,4
2018410327541,1,9,0,18,0,8,0,0,0,0,4,1,2,2,34,6,1997,2,5,5,1,5
2018410327541,2,9,0,18,0,4,0,0,0,0,1,1,5,1,29,6,1390,1,18,6,1,6
2018410327753,1,9,0,18,0,0,0,0,1,1,4,1,2,1,22,5,-1,-1,-1,5,3,5
2018410327842,1,5,0,18,0,4,5,9,3,0,1,1,5,1,43,7,675,1,2,10,2,10
2018410328001,1,9,0,18,0,0,0,0,0,0,1,1,6,2,36,7,1995,2,13,4,1,4
2018410328003,1,9,0,5,0,4,0,0,0,0,1,1,5,1,23,5,1595,1,9,5,1,5
2018410328003,2,5,0,7,0,3,2,0,0,0,4,1,5,1,52,8,647,1,13,4,1,4
2018410328034,1,9,0,18,0,1,0,0,0,0,1,1,1,2,40,7,1997,1,11,8,1,8
2018410328034,2,9,0,18,0,1,0,0,0,0,1,1,1,1,31,6,-1,-1,-1,4,1,4
2018410328122,1,9,0,18,0,1,0,0,1,0,1,1,6,1,53,8,1598,1,17,8,1,8
2018410328122,2,9,0,7,0,3,0,0,0,0,4,1,6,1,21,5,-1,-1,-1,7,1,7
2018410328125,1,9,0,7,0,5,0,0,0,0,1,1,6,3,-1,-1,-1,-1,-1,-1,-1,-1
2018410328125,2,1,0,18,0,5,0,0,0,0,1,1,5,1,12,3,-1,-1,-1,6,2,6
2018410328264,1,9,0,9,0,2,0,0,0,0,1,1,6,2,38,7,1998,8,2,7,1,7
2018410328264,2,9,0,18,0,1,0,0,0,0,1,1,6,2,37,7,1598,1,5,6,1,6
2018410328264,3,9,0,18,0,1,0,0,0,0,1,1,6,1,21,5,1299,1,16,7,1,7
2018410328308,1,9,0,18,0,1,0,0,1,0,1,1,6,1,26,6,-1,-1,-1,10,1,10
2018410328328,1,9,0,18,0,0,0,0,0,0,0,1,6,3,-1,-1,-1,-1,-1,-1,-1,-1
2018410328328,2,9,0,17,0,0,2,0,0,0,3,1,6,1,37,7,999,1,6,5,1,5
2018410328333,1,9,0,7,0,8,0,0,0,0,2,1,2,2,55,8,1200,1,4,5,1,5
2018410328333,2,97,0,18,0,8,0,0,0,0,1,1,2,1,38,7,-1,-1,-1,9,1,9
2018410328424,1,9,0,18,0,8,0,0,0,0,1,1,5,1,71,10,1498,1,12,8,1,8
2018410328424,2,9,0,5,0,6,0,0,8,1,4,1,5,2,42,7,1242,1,12,5,1,5
2018410328425,1,9,0,4,0,0,0,0,0,0,1,1,6,1,51,8,1329,1,9,5,1,5
2018410328425,2,9,0,4,0,0,0,0,0,0,2,1,6,2,38,7,1910,2,11,8,1,8
2018410328463,1,9,0,4,0,0,2,0,0,0,1,1,5,1,20,4,1598,2,4,10,2,10
2018410328463,2,9,0,3,0,0,0,0,0,0,2,1,5,1,20,4,1360,1,12,8,1,8
2018410328463,3,9,0,3,0,0,0,0,0,0,2,1,5,1,38,7,1197,1,4,6,1,6
2018410328483,1,9,0,18,0,1,0,0,0,0,1,1,1,1,27,6,2179,2,4,2,1,2
2018410328483,2,9,0,16,0,2,0,0,0,0,1,1,5,1,18,4,999,1,3,6,1,6