Accident_Index,Vehicle_Reference,Vehicle_Type,Towing_and_Articulation,Vehicle_Manoeuvre,Vehicle_Location-Restricted_Lane,Junction_Location,Skidding_and_Overturning,Hit_Object_in_Carriageway,Vehicle_Leaving_Carriageway,Hit_Object_off_Carriageway,1st_Point_of_Impact,Was_Vehicle_Left_Hand_Drive?,Journey_Purpose_of_Driver,Sex_of_Driver,Age_of_Driver,Age_Band_of_Driver,Engine_Capacity_(CC),Propulsion_Code,Age_of_Vehicle,Driver_IMD_Decile,Driver_Home_Area_Type,Vehicle_IMD_Decile
2018410328483,3,9,0,2,0,1,0,0,0,0,3,1,1,1,60,9,-1,-1,-1,8,1,8
2018410328511,1,9,0,18,0,1,0,0,0,0,1,1,6,1,23,5,1598,1,8,1,1,1
2018410328511,2,9,0,18,0,1,0,0,0,0,2,1,6,1,49,8,2987,2,2,6,1,6
2018410328513,1,9,0,13,0,0,0,4,0,0,1,1,5,1,55,8,1968,2,8,6,1,6
2018410328513,2,21,0,2,0,0,0,0,0,0,2,1,1,3,-1,-1,6700,2,3,-1,-1,-1
2018410328515,1,9,0,9,0,0,0,0,0,0,3,1,6,1,18,4,999,1,4,9,1,9
2018410328515,2,1,0,16,0,0,1,0,0,0,1,1,6,1,50,8,-1,-1,-1,6,1,6
2018410328566,1,9,0,7,0,2,0,0,0,0,4,1,5,2,-1,-1,1197,1,1,9,1,9
2018410328623,1,9,0,4,0,0,0,0,0,0,1,1,6,2,40,7,1198,1,7,3,1,3
2018410328623,2,9,0,3,8,0,0,0,0,0,3,1,6,2,36,7,1590,1,15,6,1,6
2018410328669,1,9,0,3,0,0,0,0,0,0,2,1,5,1,39,7,3628,2,11,1,1,1
2018410328669,2,9,0,4,0,0,0,0,1,0,1,1,5,1,26,6,-1,-1,-1,3,1,3
2018410328715,1,9,0,7,0,5,0,0,0,0,4,1,5,1,52,8,2000,2,10,8,3,8
2018410328715,2,5,0,15,0,1,0,0,0,0,1,1,5,1,73,10,-1,-1,-1,9,3,9
2018410328755,1,9,0,13,0,0,0,0,0,0,2,1,6,3,-1,-1,-1,-1,-1,-1,-1,-1
2018410328755,2,1,0,18,0,0,5,0,1,9,3,1,6,1,47,8,-1,-1,-1,5,1,5
2018410328794,1,9,0,11,0,0,0,0,0,0,4,1,6,3,-1,-1,-1,-1,-1,-1,-1,-1
2018410328794,2,9,0,18,0,0,1,0,5,0,3,1,5,2,21,5,1398,1,7,8,1,8
2018410328794,3,98,1,18,0,0,0,0,0,0,4,1,1,3,-1,-1,-1,-1,-1,-1,-1,-1
2018410328810,1,9,0,4,0,0,0,0,0,0,1,1,2,1,31,6,1598,2,7,9,1,9
2018410328810,2,9,0,4,0,0,1,0,0,0,2,1,6,1,40,7,1363,2,14,2,1,2
2018410328841,1,9,0,18,0,1,0,0,0,0,3,1,6,3,-1,-1,1596,1,12,-1,-1,-1
2018410328841,2,9,0,10,0,1,0,0,0,0,3,1,5,1,19,4,1084,1,-1,6,1,6
2018410328865,1,9,0,6,0,1,0,0,0,0,3,1,5,1,24,5,1796,1,14,3,1,3
2018410328865,2,5,0,18,0,1,5,0,0,0,1,1,1,1,55,8,803,1,3,6,1,6
2018410328881,1,9,0,9,0,1,0,0,0,0,3,1,5,1,27,6,-1,-1,-1,6,1,6
2018410328881,2,3,0,14,0,1,0,0,0,0,4,1,5,1,30,6,124,1,3,6,1,6
2018410328893,1,1,0,5,0,8,5,0,0,0,1,1,6,1,28,6,-1,-1,-1,4,1,4
2018410328893,2,9,0,18,0,8,0,0,0,0,4,1,6,3,-1,-1,-1,-1,-1,-1,-1,-1
2018410328917,1,9,0,9,0,8,0,0,0,0,1,1,5,2,22,5,1198,1,-1,7,1,7
2018410328917,2,9,0,18,0,8,0,0,0,0,1,1,5,2,52,8,1298,1,11,6,1,6
2018410328976,1,9,0,18,0,0,0,0,0,0,2,1,2,1,23,5,1896,2,12,8,1,8
2018410328976,2,1,0,13,0,0,0,0,0,0,1,1,5,1,16,4,-1,-1,-1,10,1,10
2018410328991,1,9,0,18,0,0,5,4,0,0,1,1,6,2,73,10,1498,1,3,9,1,9
2018410328991,2,9,0,2,0,0,0,4,0,0,2,1,5,1,49,8,1198,1,7,3,1,3
2018410328991,3,9,0,2,0,0,0,0,0,0,2,1,5,2,43,7,2987,2,1,9,1,9
2018410329006,1,1,0,18,0,8,5,0,0,0,1,1,6,2,26,6,-1,-1,-1,8,1,8
2018410329006,2,9,0,9,0,4,0,0,0,0,3,1,6,1,40,7,1797,8,6,5,1,5
2018410329025,1,9,0,18,0,0,0,0,1,1,1,1,6,1,42,7,-1,-1,-1,5,1,5
2018410329057,1,9,0,4,0,1,0,0,0,0,1,1,2,1,34,6,2204,2,10,3,1,3
2018410329057,2,9,0,18,0,1,1,0,2,11,4,1,2,1,21,5,999,1,1,8,3,8
2018410329069,1,9,0,18,0,0,0,0,0,0,1,1,6,3,-1,-1,-1,-1,-1,-1,-1,-1
2018410329106,1,9,0,18,0,0,0,0,0,0,1,1,6,1,19,4,1198,1,7,5,1,5
2018410329106,2,1,0,18,0,0,0,0,0,0,2,1,2,1,45,7,-1,-1,-1,5,1,5
2018410329395,1,1,0,18,0,0,0,0,0,0,2,1,5,1,65,9,-1,-1,-1,10,1,10
2018410329395,2,9,0,13,0,0,0,0,0,0,4,1,6,2,-1,-1,-1,-1,-1,-1,-1,-1
2018410329395,3,1,0,18,0,0,5,0,0,0,3,1,5,1,66,10,-1,-1,-1,10,1,10
2018410329410,1,9,0,10,0,6,0,0,0,0,1,1,5,1,49,8,1995,2,13,5,1,5
2018410329410,2,9,0,10,0,6,0,0,0,0,3,1,3,2,40,7,1997,1,13,3,1,3
2018410329454,1,9,0,4,0,0,0,0,0,0,1,1,5,1,54,8,2184,2,13,10,1,10
2018410329454,2,9,0,4,0,0,0,0,0,0,2,1,5,1,49,8,-1,-1,-1,5,1,5
2018410329602,1,9,0,9,9,1,0,0,3,11,1,1,5,2,82,11,1400,1,12,10,1,10
2018410329698,1,19,0,18,0,2,0,0,7,4,1,1,5,2,18,4,1968,2,3,8,3,8
2018410329698,2,21,0,18,0,1,0,0,0,0,4,1,1,1,61,9,4461,2,6,2,1,2
2018410329729,1,9,0,11,0,0,0,0,0,0,4,1,5,2,36,7,1296,1,11,4,-1,4
2018410329729,2,9,0,18,0,0,0,0,0,0,3,1,5,1,65,9,1597,2,4,4,1,4
2018410329784,1,9,0,12,0,0,0,0,0,0,0,1,6,3,-1,-1,-1,-1,-1,-1,-1,-1
2018410329784,2,9,0,18,0,0,0,0,4,0,1,1,2,2,26,6,1598,1,13,8,1,8
2018410329794,1,9,0,18,0,0,0,0,0,0,3,1,5,2,44,7,1496,2,2,7,2,7
2018410329794,2,9,0,18,0,0,0,0,0,0,3,1,5,1,60,9,-1,-1,-1,6,3,6
2018410329819,1,9,0,4,0,4,0,0,0,0,1,1,1,1,34,6,2143,2,3,4,1,4
2018410329819,2,9,0,5,0,4,0,0,0,0,2,1,5,1,30,6,1896,2,17,10,2,10
2018410329870,1,5,0,18,0,0,1,0,0,0,0,1,5,1,25,5,659,1,7,4,1,4
2018410329944,1,9,0,13,0,0,0,0,0,0,3,1,5,1,-1,-1,1499,2,1,-1,-1,-1
2018410329944,2,5,0,13,0,0,5,0,0,0,1,1,5,1,30,6,1202,1,2,-1,-1,-1
2018410329951,1,3,0,18,0,6,2,4,7,0,1,1,6,1,21,5,125,1,11,5,1,5
2018410329951,2,9,0,2,0,1,0,0,0,0,2,1,5,3,-1,-1,-1,-1,-1,-1,-1,-1
2018410329953,1,9,0,18,0,1,0,0,8,6,3,1,6,1,72,10,999,1,-1,9,2,9
2018410329968,1,21,1,5,0,1,0,0,0,0,4,1,1,1,27,6,10837,2,3,7,1,7
2018410329968,2,9,0,2,6,1,0,0,0,0,3,1,6,2,29,6,1998,1,1,8,2,8
2018410329977,1,9,0,11,0,0,5,0,7,9,4,1,6,2,76,11,1598,1,1,6,3,6
2018410330066,1,9,0,12,0,0,0,0,0,0,2,1,6,1,21,5,1299,1,12,9,1,9
2018410330066,2,5,0,18,0,0,1,0,0,0,1,1,6,1,44,7,847,1,4,8,1,8
2018410330067,1,5,0,18,0,1,1,0,0,0,3,1,6,1,46,8,1600,1,17,1,1,1
2018410330081,1,9,0,9,0,1,0,0,0,0,1,1,1,1,29,6,1388,1,9,6,1,6
2018410330081,2,3,0,18,0,1,2,0,0,0,1,1,5,1,21,5,125,1,6,5,1,5
2018410330139,1,9,0,18,0,2,0,0,0,0,1,1,1,1,30,6,1248,2,3,1,1,1
2018410330252,1,9,0,18,0,0,0,0,0,0,1,1,6,1,35,6,1598,1,14,8,1,8
2018410330252,2,9,0,18,0,0,0,0,0,0,2,1,1,1,36,7,1968,2,7,8,1,8
2018410330341,1,9,0,8,0,8,0,0,0,0,3,1,1,2,49,8,1598,1,5,5,1,5
2018410330341,2,1,0,18,9,8,0,0,0,0,1,1,4,1,-1,-1,-1,-1,-1,-1,-1,-1
2018410330348,1,9,0,6,0,0,0,0,6,0,3,1,5,1,45,7,999,1,2,9,2,9
2018410330348,2,5,0,18,0,0,2,0,6,0,1,1,6,1,45,7,1262,1,2,5,2,5
2018410330368,1,98,1,18,0,0,0,0,0,0,4,1,1,1,65,9,-1,-1,-1,-1,-1,-1
2018410330368,2,9,0,18,0,0,1,0,0,0,3,1,5,2,55,8,1368,1,8,7,2,7
2018410330419,1,98,0,18,0,0,0,0,0,0,4,1,6,3,-1,-1,-1,-1,-1,-1,-1,-1
2018410330441,1,9,0,4,0,0,0,0,0,0,1,1,6,1,-1,-1,1498,1,9,-1,-1,-1
2018410330441,2,3,0,4,0,0,0,0,0,0,2,1,6,1,25,5,125,1,3,6,1,6
2018410330531,1,9,0,18,0,0,0,0,0,0,4,1,6,2,58,9,1591,1,1,6,3,6
2018410330582,1,9,0,4,0,8,0,0,0,0,1,1,1,1,28,6,1598,2,-1,10,1,10
2018410330582,2,19,0,1,0,8,0,0,0,0,2,1,6,3,-1,-1,2198,2,6,-1,-1,-1
2018410330733,1,9,0,4,0,0,0,0,0,0,1,1,5,2,45,7,1248,1,8,10,1,10
2018410330733,2,19,0,3,0,0,0,0,0,0,2,1,1,1,-1,-1,2402,2,7,2,1,2
2018410330786,1,9,0,18,0,0,0,0,0,0,1,1,3,2,34,6,1998,1,10,10,2,10
2018410330791,1,98,0,12,0,0,0,0,0,0,0,1,6,3,-1,-1,-1,-1,-1,-1,-1,-1
2018410330791,2,9,0,18,0,0,0,0,1,7,1,1,5,2,24,5,1242,1,12,5,1,5
2018410330819,1,9,0,9,0,8,0,0,0,0,1,1,1,1,25,5,1229,1,4,8,1,8
2018410330819,2,9,0,18,0,8,0,0,0,0,4,1,5,2,45,7,1998,1,15,10,3,10
2018410330974,1,98,1,18,0,0,0,0,0,0,1,1,1,1,33,6,-1,-1,-1,-1,-1,-1
2018410330974,2,9,0,18,0,0,2,0,0,0,2,1,1,1,37,7,1399,1,1,4,1,4
2018410330974,3,9,0,18,0,0,0,0,5,6,2,1,1,1,44,7,2143,2,1,6,1,6
2018410330974,4,9,0,18,0,0,0,0,0,0,1,1,1,1,33,6,1968,2,1,10,1,10
2018410331038,1,9,0,5,0,6,0,0,0,0,1,1,6,2,51,8,1995,2,7,7,3,7
2018410331038,2,9,0,18,0,1,0,0,0,0,4,1,5,1,17,4,1149,1,10,5,1,5
2018410331071,1,9,0,18,0,3,0,0,0,0,1,1,6,1,45,7,1686,2,11,-1,-1,-1
2018410331071,2,22,0,18,0,6,5,0,0,0,3,1,5,1,75,10,-1,-1,-1,10,1,10
2018410331115,1,1,0,18,0,0,0,0,0,0,1,1,5,1,27,6,-1,-1,-1,6,1,6
2018410331115,2,9,0,2,0,0,0,0,0,0,2,1,1,1,45,7,-1,-1,-1,4,1,4
2018410331117,1,9,0,18,0,0,0,0,1,0,2,1,6,1,43,7,1798,8,-1,2,1,2
2018410331117,2,9,0,18,0,0,0,0,1,0,1,1,6,1,38,7,1956,2,8,4,1,4
2018410331117,3,19,0,11,0,0,0,0,0,0,1,1,6,1,52,8,2143,2,8,5,1,5
2018410331150,1,9,0,8,0,1,0,0,0,0,4,1,6,2,31,6,1598,1,10,7,1,7
2018410331150,2,1,0,18,0,6,0,0,0,0,4,1,6,1,-1,-1,-1,-1,-1,8,1,8
2018410331617,1,11,0,5,0,8,0,0,0,0,1,1,1,1,63,9,6370,2,12,4,1,4
2018410331617,2,9,0,9,0,6,0,0,0,0,3,1,6,3,-1,-1,-1,-1,-1,-1,-1,-1
2018410331732,1,9,0,2,0,0,0,0,0,0,2,1,6,1,-1,-1,1600,1,54,10,1,10
2018410331732,2,1,0,18,0,0,0,0,0,0,1,1,5,1,41,7,-1,-1,-1,8,1,8
2018410331756,1,9,0,18,0,8,0,0,0,0,1,1,1,1,37,7,2143,2,7,8,1,8
2018410331756,2,9,0,18,0,8,2,0,0,0,4,1,1,2,49,8,-1,-1,-1,6,1,6
2018410331791,1,9,0,7,0,8,0,0,0,0,4,1,6,3,-1,-1,-1,-1,-1,-1,-1,-1
2018410331795,1,9,0,4,0,0,1,0,0,0,1,1,6,1,27,6,1598,2,4,4,1,4
2018410331795,2,9,0,4,0,0,1,0,0,0,2,1,6,1,31,6,1200,1,5,6,1,6
2018410331795,3,9,0,4,0,0,2,0,0,0,2,1,6,2,79,11,1598,1,5,10,3,10
2018410331795,4,9,0,4,0,0,1,0,0,0,2,1,6,2,35,6,1968,2,1,4,1,4
2018410331812,1,98,0,4,0,0,0,0,0,0,1,1,5,1,93,11,-1,-1,-1,7,1,7
2018410331812,2,9,0,3,0,0,0,0,0,0,2,1,5,2,36,7,1995,2,3,8,1,8
2018410331830,1,9,0,18,0,0,0,0,0,0,4,1,6,1,-1,-1,-1,-1,-1,-1,-1,-1
2018410331833,1,9,0,18,9,0,0,0,1,11,4,1,2,1,46,8,2148,2,10,7,2,7
2018410331862,1,5,0,18,0,0,0,0,0,0,1,1,2,1,58,9,599,1,20,-1,-1,-1
2018410331889,1,19,0,18,0,0,1,0,0,0,2,1,2,1,68,10,2198,2,3,3,1,3
2018410331889,2,19,0,4,0,0,0,0,0,0,1,1,2,1,33,6,2198,2,5,2,1,2
2018410331893,1,9,0,4,0,0,0,0,0,0,0,1,5,3,-1,-1,-1,-1,-1,-1,-1,-1
2018410331893,2,9,0,18,0,0,0,0,0,0,2,1,6,2,23,5,898,1,3,7,1,7
2018410331900,1,9,0,4,0,0,0,0,0,0,1,1,5,1,-1,-1,1560,2,10,5,1,5
2018410331900,2,9,0,4,0,0,0,0,0,0,2,1,5,1,21,5,1197,1,3,6,1,6
2018410331903,1,9,0,18,0,0,0,0,0,0,1,1,2,2,50,8,1797,8,4,8,3,8
2018410331903,2,19,0,3,0,0,0,0,0,0,2,1,2,1,43,7,1560,2,4,1,1,1
2018410331903,3,9,0,3,0,0,0,0,0,0,2,1,6,2,34,6,1396,1,9,8,1,8
2018410331903,4,9,0,3,0,0,0,0,0,0,2,1,6,1,46,8,2993,2,11,10,1,10
2018410331916,1,9,0,4,0,0,1,0,0,0,1,1,1,2,34,6,1595,1,2,9,1,9
2018410331916,2,9,0,3,0,0,0,0,0,0,2,1,6,1,43,7,-1,-1,-1,4,1,4
2018410331932,1,2,0,4,0,1,5,0,0,0,4,1,6,1,16,4,48,1,-1,5,1,5
2018410332000,1,9,0,9,0,8,0,0,0,0,1,1,1,1,62,9,2967,1,15,9,1,9
2018410332000,2,9,0,18,0,8,0,10,0,0,3,1,1,2,18,4,1240,1,14,3,3,3
2018410332015,1,9,0,1,9,0,0,0,0,0,2,1,5,1,40,7,1199,1,14,7,1,7
2018410332019,1,9,0,18,0,0,0,0,0,0,1,1,6,2,21,5,1349,1,10,9,1,9
2018410332019,2,90,0,18,0,0,5,0,0,0,2,1,6,3,-1,-1,-1,-1,-1,-1,-1,-1
2018410332176,1,9,0,3,0,1,0,0,0,0,1,1,2,1,23,5,1798,1,7,4,1,4
2018410332176,2,9,0,4,0,1,0,0,0,0,2,1,1,1,23,5,1124,1,14,3,1,3
2018410332176,3,9,0,4,0,1,0,0,0,0,2,1,6,2,41,7,2143,2,-1,-1,-1,-1
2018410332205,1,9,0,18,0,0,0,0,0,0,3,1,6,2,55,8,1390,1,16,8,1,8
2018410332205,2,9,0,2,0,0,0,0,0,0,3,1,6,3,-1,-1,-1,-1,-1,-1,-1,-1
2018410332207,1,9,0,11,0,0,5,0,1,9,4,1,6,1,60,9,1496,1,1,6,3,6
2018410332207,2,98,1,18,0,0,0,0,0,0,3,1,1,1,32,6,-1,-1,-1,-1,-1,-1
2018410332231,1,9,0,18,0,0,1,4,7,0,1,1,6,1,24,5,-1,-1,-1,9,2,9
2018410332231,2,9,0,2,0,0,0,0,0,0,2,1,6,2,27,6,1149,1,7,9,2,9
2018410332231,3,9,0,2,0,0,0,0,0,0,2,1,6,1,37,7,-1,-1,-1,9,2,9
2018410332331,1,9,0,5,0,4,0,0,0,0,1,1,2,2,25,5,1686,2,13,10,2,10
2018410332331,2,9,0,5,0,4,0,0,0,0,2,1,2,1,49,8,1796,1,8,6,1,6
2018410332450,1,9,0,3,0,0,0,0,0,0,1,1,5,2,42,7,1997,2,2,9,1,9
2018410332450,2,9,0,3,0,0,0,0,0,0,1,1,5,1,36,7,1499,1,1,10,2,10
2018410332450,3,9,0,3,0,0,0,0,0,0,1,1,5,2,-1,-1,1461,2,3,9,3,9
2018410332567,1,1,0,18,0,0,5,0,0,0,1,1,6,1,18,4,-1,-1,-1,9,1,9
2018410332567,2,9,0,3,0,0,0,0,0,0,2,1,5,2,49,8,1596,1,5,6,1,6
2018410332697,1,9,0,7,0,5,0,0,0,0,4,1,3,2,50,8,1242,1,6,9,1,9
2018410332697,2,1,0,18,0,1,0,0,0,0,1,1,4,1,17,4,-1,-1,-1,9,1,9
2018410332710,1,21,0,11,0,0,0,0,0,0,4,1,1,1,49,8,12777,2,-1,5,1,5
2018410332710,2,9,0,18,0,0,1,0,1,10,3,1,2,2,27,6,998,1,6,10,1,10
2018410332768,1,9,0,9,0,5,0,0,0,0,3,1,6,1,-1,-1,1999,1,4,8,1,8
2018410332768,2,3,0,13,0,1,2,0,7,0,4,1,6,1,24,5,125,1,10,7,1,7
2018410332793,1,9,0,5,0,4,0,0,0,0,1,1,5,1,21,5,1248,2,11,4,1,4
2018410332793,2,1,0,18,0,4,0,0,0,0,1,1,5,1,50,8,-1,-1,-1,4,1,4
2018410332813,1,-1,0,18,0,0,0,0,0,0,0,1,6,3,-1,-1,-1,-1,-1,-1,-1,-1
2018410332813,2,10,0,18,0,0,1,11,0,0,1,1,1,1,23,5,2998,2,2,4,1,4
2018410332813,3,19,0,18,0,0,1,11,0,0,2,1,1,1,38,7,1598,2,3,5,1,5
2018410332836,1,5,0,9,0,4,0,0,0,0,4,1,5,1,38,7,998,1,6,8,1,8
2018410332836,2,9,0,9,0,4,0,0,0,0,3,1,5,1,52,8,1598,2,1,5,2,5
2018410332943,1,9,0,7,0,3,1,0,0,0,4,1,2,2,67,10,1086,1,8,8,1,8
2018410332943,2,9,0,9,0,8,0,0,0,0,3,1,2,2,-1,-1,1560,2,4,5,1,5
2018410333189,1,9,0,9,0,8,0,10,7,4,1,1,6,1,20,4,1896,1,22,9,2,9
2018410333189,3,19,0,2,0,1,0,0,0,0,1,1,1,1,32,6,1248,2,10,5,1,5
2018410333189,4,9,0,18,0,5,0,0,0,0,0,1,1,1,28,6,1598,2,-1,5,1,5
2018410333206,1,-1,0,13,0,0,0,0,0,0,1,1,6,3,-1,-1,-1,-1,-1,-1,-1,-1
2018410333206,2,9,0,18,0,0,5,0,0,0,2,1,1,1,47,8,1598,2,4,4,1,4
2018410333430,1,9,0,18,0,0,0,0,1,10,1,1,5,1,63,9,1388,1,14,10,2,10
2018410333430,2,9,0,2,0,0,0,0,0,0,2,1,6,3,-1,-1,-1,-1,-1,-1,-1,-1
2018410333560,1,9,0,2,0,0,0,0,0,0,0,1,5,1,39,7,2143,2,4,7,1,7
2018410333560,2,9,0,2,0,0,0,0,0,0,1,1,5,1,47,8,1988,1,18,5,1,5
2018410333560,3,9,0,3,0,0,0,0,0,0,1,1,5,2,41,7,1997,2,18,10,1,10
2018410333639,1,9,0,18,0,1,0,0,0,0,1,1,6,2,-1,-1,1598,1,6,-1,-1,-1
2018410333639,2,9,0,18,0,1,0,0,0,0,2,1,6,1,31,6,2993,2,10,6,1,6
2018410333757,1,9,0,18,0,0,0,0,0,0,1,1,6,1,36,7,1499,1,-1,10,1,10
2018410333757,2,9,0,18,0,0,0,0,0,0,1,1,6,3,-1,-1,1956,2,6,-1,-1,-1
2018410334058,1,9,0,5,0,0,0,0,0,0,1,1,5,1,22,5,1975,1,16,7,1,7
2018410334058,2,21,0,18,0,0,0,0,1,0,2,1,1,1,53,8,4461,2,10,4,1,4
2018410334058,3,9,0,18,0,0,0,0,0,0,4,1,5,1,38,7,1999,1,11,7,1,7
2018410334058,4,9,0,8,0,0,0,0,0,0,1,1,5,2,23,5,1388,1,15,4,1,4
2018410334139,1,9,0,18,0,0,0,0,0,0,1,1,6,1,25,5,2183,2,8,6,3,6
2018410334139,2,19,0,4,0,0,0,0,0,0,2,1,6,1,34,6,2143,2,1,3,1,3
2018410334139,3,19,0,4,0,0,0,0,0,0,2,1,6,1,32,6,1499,2,1,9,1,9
2018410334139,4,9,0,4,0,0,0,0,0,0,2,1,6,1,68,10,1984,2,6,10,1,10
2018410334198,1,9,0,1,0,1,0,0,0,0,2,1,3,2,64,9,1368,1,-1,6,1,6
2018410334198,2,9,0,2,0,2,0,0,0,0,4,1,3,2,37,7,1197,1,2,5,1,5
2018410334207,1,9,0,3,0,0,0,0,0,0,2,1,6,2,40,7,1499,1,13,10,1,10
2018410334207,2,9,0,3,0,0,0,0,0,0,2,1,6,2,-1,-1,998,1,1,7,1,7
2018410334207,3,21,0,4,0,0,0,0,0,0,1,1,6,1,-1,-1,12740,2,2,-1,-1,-1
2018410334250,1,9,0,18,0,0,0,0,0,0,1,1,5,2,73,10,1596,1,5,10,1,10
2018410334250,2,9,0,9,0,0,0,0,0,0,4,1,5,2,20,4,-1,-1,-1,10,3,10
2018410334340,1,9,0,9,0,8,0,0,0,0,3,1,5,2,23,5,1995,2,6,6,1,6
2018410334340,2,9,0,18,0,8,0,0,0,0,1,1,5,1,40,7,1797,8,3,9,1,9
2018410334411,1,9,0,9,0,1,0,0,0,0,1,1,2,2,24,5,1242,1,8,9,1,9
2018410334411,2,9,0,18,0,1,0,0,0,0,1,1,2,2,27,6,1197,1,5,8,1,8
2018410334634,1,19,4,18,0,0,0,0,0,0,0,1,1,1,27,6,2402,2,9,8,1,8
2018410334634,2,9,0,3,0,0,0,0,0,0,1,1,5,2,59,9,1499,1,1,10,1,10
2018410334634,3,9,0,3,0,0,0,0,0,0,1,1,1,1,46,8,-1,-1,-1,6,1,6
2018410334684,1,98,1,4,0,1,0,0,0,0,3,1,6,1,61,9,-1,-1,-1,3,1,3
2018410334684,2,9,0,18,0,2,0,0,0,0,4,1,6,2,29,6,1995,2,4,10,1,10
2018410334696,1,9,0,18,0,0,0,0,1,0,0,1,6,1,28,6,1995,2,7,6,1,6
2018410334736,1,9,0,18,0,3,0,0,1,10,1,1,5,1,71,10,1329,1,6,8,2,8
2018410334778,1,1,0,18,0,0,0,0,0,0,1,1,6,1,-1,-1,-1,-1,-1,8,1,8
2018410334778,2,9,0,18,0,0,0,0,0,0,3,1,6,1,36,7,1797,8,8,4,-1,4
2018410334831,1,9,0,7,0,0,0,0,0,0,1,1,6,1,37,7,1984,1,11,2,1,2
2018410334831,2,97,0,13,0,0,0,0,0,0,2,1,6,1,57,9,-1,-1,-1,9,3,9
2018410334863,1,9,0,5,0,0,0,0,0,0,3,1,6,1,55,8,1797,8,3,7,1,7
2018410334863,2,1,0,5,0,0,0,0,0,0,4,1,5,2,38,7,-1,-1,-1,3,-1,3
2018410334890,1,9,0,18,0,0,0,0,0,0,1,1,6,2,26,6,1229,1,11,5,1,5
2018410334890,2,9,0,5,0,0,0,0,0,0,3,1,6,2,26,6,1591,1,10,3,1,3
2018410334929,1,9,0,4,0,1,0,0,0,0,4,1,1,1,38,7,1781,1,15,2,1,2
2018410334963,1,9,0,9,0,6,0,0,0,0,1,1,6,1,-1,-1,1798,7,10,6,1,6
2018410334963,2,9,0,3,0,1,0,0,0,0,4,1,6,2,31,6,1796,1,6,3,1,3
2018410335018,1,9,0,18,0,1,2,0,1,0,4,1,5,1,78,11,1596,1,13,6,1,6
2018410335064,1,-1,0,18,9,0,0,0,7,0,1,1,6,3,-1,-1,-1,-1,-1,-1,-1,-1
2018410335064,2,1,0,18,9,0,5,0,7,0,2,1,5,1,17,4,-1,-1,-1,9,1,9
2018410335100,1,9,0,16,0,0,2,0,0,0,1,1,5,1,19,4,1364,1,9,3,1,3
2018410335118,1,9,0,18,0,1,0,0,0,0,4,1,1,2,40,7,1968,2,7,3,1,3
2018410335349,1,1,0,14,0,0,2,0,0,0,3,1,5,2,80,11,-1,-1,-1,-1,-1,-1
2018410335349,2,9,0,2,0,0,0,0,0,0,0,1,5,1,37,7,2698,2,9,10,1,10
2018410335349,3,19,0,4,0,0,0,0,0,0,0,1,1,1,39,7,1560,2,-1,4,1,4
2018410335421,1,9,0,13,0,0,1,0,0,0,1,1,2,1,18,4,1248,2,10,5,1,5
2018410335421,2,9,0,18,0,0,0,0,0,0,1,1,2,1,38,7,1248,1,4,3,1,3
2018410335531,1,9,0,16,0,0,0,0,0,0,3,1,2,1,25,5,1595,1,3,5,1,5
2018410335531,2,9,0,17,0,0,0,0,0,0,3,1,2,2,55,8,1591,1,-1,8,1,8
2018410335640,1,9,0,16,0,0,0,0,7,0,1,1,6,1,37,7,1598,1,15,3,1,3
2018410335669,1,9,0,4,0,0,0,0,0,0,2,1,6,2,36,7,1968,1,11,7,1,7
2018410335669,2,9,0,4,0,0,0,0,0,0,1,1,6,1,52,8,1598,1,8,10,1,10
2018410335669,3,9,0,4,0,0,0,0,0,0,1,1,6,1,40,7,1422,2,18,3,1,3
2018410335682,1,9,0,9,0,8,0,0,0,0,4,1,5,2,50,8,2987,2,3,9,1,9
2018410335682,2,97,0,18,0,1,2,0,0,0,1,1,5,1,34,6,-1,-1,-1,9,1,9
2018410335699,1,8,0,5,0,2,0,0,0,0,3,1,6,3,-1,-1,-1,-1,-1,-1,-1,-1
2018410335699,2,1,0,18,9,1,0,0,0,0,1,1,6,1,52,8,-1,-1,-1,5,1,5
2018410335705,1,9,0,3,0,0,0,0,0,0,2,1,1,1,25,5,1995,2,5,7,1,7
2018410335705,2,11,0,3,0,0,0,0,0,0,1,1,1,1,-1,-1,11000,2,13,8,1,8
2018410335734,1,9,0,18,0,1,0,0,0,0,1,1,6,1,64,9,1596,1,12,6,3,6
2018410335734,2,9,0,18,0,1,0,0,0,0,1,1,6,1,-1,-1,1796,1,5,7,3,7
2018410335751,1,9,0,4,0,8,0,0,0,0,1,1,6,1,28,6,-1,-1,-1,1,1,1
2018410335751,2,5,0,4,0,8,0,0,0,0,2,1,6,2,40,7,1140,1,-1,8,1,8
2018410335760,1,9,0,18,0,0,0,0,0,0,0,1,5,1,30,6,1198,1,15,4,1,4
2018410335772,1,97,0,18,0,0,0,0,0,0,1,1,6,3,-1,-1,-1,-1,-1,-1,-1,-1
2018410335826,1,9,0,18,0,1,0,0,0,0,1,1,1,2,-1,-1,1399,1,10,6,1,6
2018410335826,2,1,0,18,0,1,0,0,0,0,2,1,6,1,11,3,-1,-1,-1,9,1,9
2018410335874,1,9,0,17,0,1,0,0,0,0,1,1,5,1,49,8,-1,-1,-1,10,1,10