Accident_Index,Vehicle_Reference,Vehicle_Type,Towing_and_Articulation,Vehicle_Manoeuvre,Vehicle_Location-Restricted_Lane,Junction_Location,Skidding_and_Overturning,Hit_Object_in_Carriageway,Vehicle_Leaving_Carriageway,Hit_Object_off_Carriageway,1st_Point_of_Impact,Was_Vehicle_Left_Hand_Drive?,Journey_Purpose_of_Driver,Sex_of_Driver,Age_of_Driver,Age_Band_of_Driver,Engine_Capacity_(CC),Propulsion_Code,Age_of_Vehicle,Driver_IMD_Decile,Driver_Home_Area_Type,Vehicle_IMD_Decile
2018410335874,2,9,0,18,0,8,0,0,0,0,4,1,5,1,80,11,1834,1,17,8,3,8
2018410336098,1,19,0,18,0,0,0,0,0,0,1,1,1,1,40,7,2198,2,2,9,3,9
2018410336098,2,9,0,18,0,0,0,0,0,0,2,1,1,1,44,7,1995,2,5,6,1,6
2018410336144,1,9,0,18,0,4,0,0,0,0,1,1,6,3,-1,-1,1995,2,7,-1,-1,-1
2018410336144,2,9,0,9,0,8,0,0,1,0,4,1,5,1,22,5,998,1,-1,2,1,2
2018410336186,1,9,0,17,0,1,0,0,0,0,0,1,1,1,31,6,2993,2,1,7,1,7
2018410336186,2,5,0,17,0,2,0,10,7,0,1,1,6,1,-1,-1,599,1,10,9,1,9
2018410336253,1,98,0,5,9,1,0,0,0,0,4,1,6,3,-1,-1,-1,-1,-1,-1,-1,-1
2018410336375,1,9,0,18,0,5,0,0,0,0,1,1,2,2,33,6,1910,2,8,4,1,4
2018410336375,2,9,0,3,0,5,0,0,0,0,2,1,6,2,45,7,1598,1,12,6,1,6
2018410336375,3,9,0,3,0,5,0,0,0,0,2,1,6,2,48,8,1997,2,-1,7,1,7
2018410336411,1,9,0,12,0,6,0,0,0,0,1,1,5,2,84,11,1591,1,2,7,3,7
2018410336411,2,9,0,18,0,8,1,0,5,0,4,1,2,2,25,5,1900,2,13,8,2,8
2018410336544,1,9,0,1,9,6,0,0,0,0,0,1,5,1,19,4,1390,1,18,3,1,3
2018410336544,2,9,0,18,0,1,0,0,0,0,3,1,1,1,27,6,2143,2,5,6,1,6
2018410336599,1,9,0,18,0,0,0,0,0,0,1,1,2,1,31,6,1995,2,12,2,1,2
2018410336599,2,1,0,18,0,0,5,0,0,0,4,1,6,1,19,4,-1,-1,-1,6,1,6
2018410336663,1,3,0,18,0,4,0,0,0,0,1,1,2,1,22,5,124,1,11,8,2,8
2018410336663,2,9,0,18,0,4,0,0,0,0,2,1,5,1,39,7,1783,1,16,5,1,5
2018410336663,3,9,0,18,0,4,0,0,0,0,0,1,1,1,-1,-1,2993,2,2,2,1,2
2018410336666,1,9,0,12,0,8,0,0,0,0,1,1,5,1,50,8,1798,8,4,9,1,9
2018410336697,1,9,0,5,0,6,0,7,0,0,1,1,5,1,79,11,1390,1,17,10,2,10
2018410336697,2,19,0,18,0,1,0,10,0,0,3,1,5,1,42,7,2402,2,8,5,1,5
2018410336716,1,9,0,18,0,0,0,11,0,0,0,1,6,3,-1,-1,-1,-1,-1,-1,-1,-1
2018410336716,2,9,0,18,0,0,0,11,0,0,1,1,1,1,-1,-1,2993,2,2,2,1,2
2018410336766,1,9,0,9,0,6,0,0,0,0,4,1,5,2,21,5,-1,-1,-1,4,1,4
2018410336766,2,9,0,18,0,1,0,0,0,0,4,1,5,1,57,9,1984,1,5,6,1,6
2018410336802,1,9,0,18,0,8,0,0,0,0,1,1,6,2,20,4,1595,1,3,10,1,10
2018410336802,2,3,0,18,0,8,2,0,0,0,1,1,6,1,17,4,125,1,-1,9,1,9
2018410336875,1,9,0,10,0,8,0,0,0,0,4,1,2,1,25,5,1390,1,14,5,1,5
2018410336875,2,1,0,18,0,8,0,0,0,0,1,1,2,1,28,6,-1,-1,-1,7,1,7
2018410336922,1,9,0,9,0,1,0,0,0,0,1,1,5,1,19,4,1560,2,7,9,3,9
2018410336922,2,9,0,9,0,1,0,0,0,0,1,1,6,2,-1,-1,998,1,6,10,1,10
2018410336935,1,9,0,3,0,1,0,0,0,0,1,1,2,1,23,5,-1,-1,-1,7,1,7
2018410336935,2,9,0,3,0,1,0,0,0,0,2,1,2,2,49,8,-1,-1,-1,2,1,2
2018410336941,1,9,0,18,0,0,0,0,0,0,3,1,6,1,35,6,1995,2,4,5,1,5
2018410336948,1,9,0,18,0,0,0,0,0,0,1,1,5,1,36,7,2993,2,10,1,1,1
2018410336948,2,19,0,18,0,0,0,0,0,0,2,1,5,1,47,8,2143,2,-1,5,1,5
2018410336978,1,9,0,3,0,1,0,0,0,0,1,1,5,1,69,10,1396,1,8,9,1,9
2018410337047,1,9,0,4,0,0,0,0,0,0,1,1,5,2,80,11,1360,1,14,8,1,8
2018410337047,2,9,0,4,0,0,0,0,0,0,2,1,6,1,38,7,999,1,5,7,1,7
2018410337066,1,-1,0,10,0,0,0,0,0,0,0,1,6,3,-1,-1,-1,-1,-1,-1,-1,-1
2018410337066,2,9,0,18,0,0,5,0,1,0,1,1,6,1,22,5,998,1,11,8,1,8
2018410337090,1,1,0,18,0,1,0,0,0,0,4,1,6,1,27,6,-1,-1,-1,5,1,5
2018410337090,2,9,0,5,0,1,0,0,0,0,1,1,6,1,-1,-1,1699,1,12,1,1,1
2018410337154,1,9,0,9,0,1,0,0,1,0,4,1,3,1,73,10,1984,1,15,9,1,9
2018410337154,2,19,0,18,0,1,0,0,0,0,1,1,1,1,42,7,2198,2,2,8,1,8
2018410337183,1,98,1,12,0,0,0,0,0,0,3,1,1,1,-1,-1,-1,-1,-1,-1,-1,-1
2018410337183,2,9,0,18,0,0,0,0,0,0,4,1,6,2,43,7,2987,2,6,3,1,3
2018410337480,1,9,0,18,0,8,0,9,7,0,1,1,5,2,89,11,1240,1,14,3,1,3
2018410337554,1,9,0,18,0,1,0,0,0,0,1,1,6,3,-1,-1,1242,1,5,-1,-1,-1
2018410337554,2,9,0,8,0,1,0,0,0,0,2,1,6,2,48,8,1242,1,3,4,1,4
2018410337602,1,98,0,18,0,0,0,0,0,0,1,1,6,3,-1,-1,-1,-1,-1,-1,-1,-1
2018410337650,1,9,0,18,0,0,0,0,0,0,1,1,5,1,22,5,-1,-1,-1,4,1,4
2018410337650,3,9,0,5,0,0,0,0,0,0,1,1,5,1,22,5,998,1,3,9,1,9
2018410337666,1,9,0,5,0,8,0,0,0,0,1,1,6,3,-1,-1,1560,2,4,-1,-1,-1
2018410337666,2,9,0,5,0,8,0,0,0,0,1,1,5,2,66,10,1339,1,15,7,1,7
2018410337671,1,9,0,18,0,0,2,0,0,0,3,1,6,1,21,5,1248,1,5,4,1,4
2018410337671,2,9,0,18,0,0,1,0,0,0,4,1,6,1,26,6,2143,2,4,4,1,4
2018410337683,1,9,0,9,0,0,0,0,0,0,1,1,6,1,-1,-1,-1,-1,-1,-1,-1,-1
2018410337683,2,1,0,18,0,0,0,0,0,0,1,1,6,1,51,8,-1,-1,-1,5,1,5
2018410337688,1,1,0,18,0,8,5,0,0,0,4,1,6,1,55,8,-1,-1,-1,9,1,9
2018410337688,2,9,0,4,0,1,0,0,0,0,1,1,6,1,36,7,1995,2,14,10,1,10
2018410337717,1,9,0,18,0,4,0,9,0,0,1,1,6,1,53,8,1968,2,11,4,1,4
2018410337720,1,9,0,9,0,6,0,0,0,0,1,1,6,2,57,9,1198,1,3,9,1,9
2018410337720,2,9,0,18,0,1,0,0,0,0,1,1,6,2,21,5,1596,1,4,7,1,7
2018410337748,1,19,0,4,0,0,0,0,0,0,2,1,6,1,48,8,1560,2,10,8,1,8
2018410337748,2,9,0,4,0,0,0,0,0,0,2,1,6,1,37,7,1395,1,1,7,1,7
2018410337748,3,9,0,4,0,0,0,0,0,0,1,1,6,2,23,5,999,1,1,9,1,9
2018410337804,1,9,0,9,0,6,0,0,7,2,1,1,5,2,67,10,1197,1,3,10,1,10
2018410337810,1,3,0,18,0,0,0,0,0,0,1,1,2,1,30,6,125,1,7,8,2,8
2018410337850,1,19,0,18,0,0,0,0,0,0,1,1,1,1,35,6,1997,2,1,2,1,2
2018410337850,2,9,0,4,0,0,0,0,0,0,2,1,6,1,54,8,1461,2,-1,7,3,7
2018410337850,3,9,0,4,0,0,0,0,0,0,2,1,6,1,22,5,1956,2,8,1,1,1
2018410337874,1,9,0,18,0,0,0,0,0,0,1,1,1,1,24,5,1560,2,3,9,3,9
2018410337969,1,9,0,18,0,0,0,0,0,0,1,1,6,3,-1,-1,-1,-1,-1,-1,-1,-1
2018410337969,2,8,0,18,0,0,0,0,0,0,2,1,3,3,-1,-1,-1,-1,-1,-1,-1,-1
2018410337972,1,9,0,9,0,1,0,0,0,0,1,1,5,1,71,10,1596,1,6,4,1,4
2018410338152,1,1,0,18,0,1,0,0,0,0,0,1,6,1,25,5,-1,-1,-1,8,1,8
2018410338152,2,9,0,9,0,1,0,0,0,0,0,1,6,3,-1,-1,-1,-1,-1,-1,-1,-1
2018410338153,1,9,0,18,0,0,0,0,0,0,0,1,6,2,30,6,2720,2,12,4,1,4
2018410338153,2,9,0,2,0,0,0,0,0,0,1,1,6,2,44,7,1318,1,2,7,1,7
2018410338304,1,5,0,13,0,0,2,4,0,0,1,1,6,1,20,4,998,1,18,8,1,8
2018410338304,2,19,0,2,0,0,0,0,0,0,3,1,6,3,-1,-1,-1,-1,-1,-1,-1,-1
2018410338359,1,9,0,18,0,1,0,0,0,0,1,1,2,2,29,6,1242,1,8,3,1,3
2018410338508,1,9,0,9,0,1,0,0,0,0,1,1,6,2,-1,-1,1753,2,11,-1,-1,-1
2018410338508,2,11,0,18,0,1,0,0,0,0,1,1,1,1,58,9,6700,2,9,4,1,4
2018410338524,1,9,0,18,0,0,1,0,0,0,4,1,5,2,36,7,1598,1,16,5,1,5
2018410338524,2,9,0,18,0,0,1,0,1,0,3,1,5,2,24,5,1598,1,13,2,1,2
2018410338557,1,9,0,18,0,8,5,0,5,6,3,1,2,2,28,6,999,1,5,9,1,9
2018410338557,2,9,0,12,0,7,0,0,0,0,1,1,2,1,49,8,1796,1,7,10,2,10
2018410338573,1,-1,0,9,0,6,0,0,0,0,1,1,6,3,-1,-1,-1,-1,-1,-1,-1,-1
2018410338573,2,1,0,18,0,1,1,0,0,0,3,1,1,1,32,6,-1,-1,-1,6,1,6
2018410338579,1,3,0,18,0,3,2,0,0,0,1,1,5,1,22,5,125,1,2,7,1,7
2018410338579,2,9,0,3,0,4,0,0,0,0,1,1,5,2,35,6,-1,-1,-1,10,2,10
2018410338592,1,98,0,6,0,0,0,0,0,0,1,1,6,3,-1,-1,-1,-1,-1,-1,-1,-1
2018410338606,1,9,0,4,0,1,0,0,0,0,1,1,1,2,28,6,1598,2,5,7,1,7
2018410338606,2,98,0,4,0,1,0,0,0,0,2,1,2,1,24,5,-1,-1,-1,7,1,7
2018410338619,1,-1,0,14,0,0,0,0,0,0,4,1,6,3,-1,-1,-1,-1,-1,-1,-1,-1
2018410338619,2,9,0,2,0,0,0,0,0,0,3,1,5,1,39,7,1364,1,1,9,1,9
2018410338682,1,9,0,9,0,5,0,0,0,0,3,1,6,3,-1,-1,1968,2,3,-1,-1,-1
2018410338682,2,3,0,13,0,1,5,0,0,0,1,1,5,1,17,4,125,1,-1,5,1,5
2018410338687,1,19,5,17,0,0,3,0,0,0,1,1,5,1,30,6,1995,2,2,4,1,4
2018410338687,2,11,0,16,0,0,0,0,0,0,1,1,1,1,52,8,6700,2,10,7,3,7
2018410338694,1,97,0,16,0,0,2,0,0,0,1,1,5,1,15,3,-1,-1,-1,7,3,7
2018410338694,2,9,0,17,0,0,0,0,0,0,1,1,1,1,57,9,1968,2,9,7,3,7
2018410338695,1,9,0,18,0,0,0,0,0,0,3,1,6,1,55,8,1582,2,2,10,1,10
2018410338695,2,19,1,11,0,0,0,0,0,0,4,1,1,1,-1,-1,1598,2,3,10,2,10
2018410338721,1,9,0,18,0,0,0,0,7,0,1,1,6,1,27,6,4921,2,11,10,3,10
2018410338721,2,19,0,18,0,0,0,0,0,0,1,1,6,1,58,9,1248,2,8,5,1,5
2018410338771,1,90,0,16,0,0,1,10,0,0,1,1,1,1,41,7,-1,-1,-1,10,1,10
2018410338773,1,9,0,3,0,1,0,0,0,0,1,1,1,2,57,9,1364,1,3,4,1,4
2018410338773,2,3,0,15,0,1,0,0,0,0,4,1,1,1,33,6,124,1,11,1,1,1
2018410338859,1,9,0,9,0,1,0,0,0,0,4,1,5,2,54,8,1598,2,3,6,1,6
2018410338859,2,9,0,18,0,1,0,0,0,0,1,1,5,1,66,10,1998,1,10,3,1,3
2018410338879,1,8,0,18,0,0,0,0,0,0,0,1,6,1,52,8,-1,-1,-1,4,1,4
2018410338879,2,9,0,18,0,0,0,0,0,0,1,1,6,1,52,8,-1,-1,-1,5,1,5
2018410338892,1,9,0,18,0,1,0,0,2,4,1,1,5,1,36,7,-1,-1,-1,4,2,4
2018410338895,1,3,0,18,0,1,0,7,0,0,1,1,6,1,21,5,125,1,10,7,1,7
2018410338939,1,9,0,18,0,0,0,0,0,0,2,1,6,2,20,4,1197,1,2,3,1,3
2018410338939,2,9,0,18,0,0,0,0,0,0,1,1,6,2,23,5,1587,1,12,3,1,3
2018410338947,1,9,0,17,0,0,2,0,1,4,1,1,6,1,17,4,1390,1,13,10,1,10
2018410338948,1,1,0,18,0,8,0,0,0,0,4,1,6,2,57,9,-1,-1,-1,10,1,10
2018410338948,2,9,0,5,0,4,0,0,0,0,1,1,2,2,45,7,1591,1,5,10,1,10
2018410338960,1,90,0,7,0,5,0,0,0,0,0,1,6,1,-1,-1,4500,2,11,4,1,4
2018410339057,1,9,0,4,0,0,1,0,0,0,1,1,1,1,51,8,1360,1,17,6,1,6
2018410339057,2,9,0,4,0,0,1,0,0,0,1,1,1,1,34,6,1997,2,14,6,1,6
2018410339057,3,9,0,4,0,0,0,0,0,0,4,1,1,1,23,5,1995,2,3,6,1,6
2018410339057,4,19,0,4,0,0,0,0,0,0,3,1,1,1,21,5,1560,2,1,2,1,2
2018410339057,5,9,0,4,0,0,0,0,0,0,2,1,1,1,44,7,1598,1,14,9,1,9
2018410339078,1,9,0,10,0,1,0,0,0,0,4,1,5,2,18,4,998,1,9,7,1,7
2018410339078,2,1,0,18,0,1,0,0,0,0,3,1,6,1,26,6,-1,-1,-1,3,1,3
2018410339104,1,9,0,4,0,0,0,0,0,0,1,1,2,1,20,4,1595,1,4,6,1,6
2018410339104,2,90,1,3,0,0,0,0,0,0,2,1,1,1,36,7,-1,-1,-1,8,1,8
2018410339148,1,9,0,18,0,0,0,0,0,0,1,1,6,2,38,7,1149,1,8,8,2,8
2018410339148,2,9,0,4,0,0,0,0,0,0,2,1,5,1,38,7,1896,2,16,10,1,10
2018410339232,1,19,0,9,0,5,0,0,0,0,4,1,1,1,37,7,1598,2,4,10,1,10
2018410339232,2,9,0,18,0,8,0,0,0,0,1,1,5,2,67,10,1560,2,-1,10,1,10
2018410339232,3,9,0,2,0,8,0,0,0,0,0,1,6,3,-1,-1,-1,-1,-1,-1,-1,-1
2018410339384,1,19,0,4,0,0,0,0,0,0,1,1,2,1,24,5,2198,2,6,8,1,8
2018410339384,2,19,0,4,0,0,0,0,0,0,2,1,2,1,28,6,2198,2,8,-1,-1,-1
2018410339390,1,98,0,18,0,0,0,0,0,0,1,1,1,1,32,6,-1,-1,-1,5,1,5
2018410339390,2,9,0,18,0,0,0,0,0,0,2,1,6,2,49,8,1596,1,4,7,1,7
2018410339422,1,9,0,16,0,3,1,0,1,1,3,1,5,1,26,6,-1,-1,-1,3,1,3
2018410339423,1,9,0,5,9,0,0,0,0,0,3,1,5,1,-1,-1,1997,2,7,8,1,8
2018410339437,1,9,0,18,0,1,0,0,0,0,1,1,5,1,33,6,1956,2,5,6,1,6
2018410339437,2,1,0,18,0,1,0,0,0,0,1,1,6,1,10,2,-1,-1,-1,6,1,6
2018410339518,1,9,0,3,0,3,0,0,0,0,1,1,6,2,-1,-1,3456,8,2,10,1,10
2018410339518,2,9,0,2,0,1,0,0,0,0,1,1,6,1,37,7,1595,1,18,-1,-1,-1
2018410339555,1,19,0,9,0,0,0,0,0,0,4,1,1,2,19,4,2198,2,2,3,1,3
2018410339555,2,9,0,18,0,0,0,0,0,0,1,1,6,1,82,11,1596,1,14,3,1,3
2018410339596,1,9,0,9,0,8,0,0,0,0,0,1,2,2,23,5,1240,1,14,6,3,6
2018410339596,2,1,0,18,0,1,0,0,0,0,4,1,2,2,34,6,-1,-1,-1,6,1,6
2018410339646,1,19,0,1,0,0,0,0,0,0,4,1,6,1,34,6,2198,2,5,7,1,7
2018410339647,1,9,0,7,0,6,0,0,0,0,3,1,5,1,87,11,1896,2,13,10,1,10
2018410339647,2,19,0,18,0,1,0,0,0,0,4,1,1,1,-1,-1,2143,2,2,2,1,2
2018410339650,1,1,0,10,0,1,0,0,0,0,1,1,6,2,-1,-1,-1,-1,-1,10,3,10
2018410339650,2,9,0,18,0,1,0,0,0,0,3,1,1,2,-1,-1,1598,1,12,5,1,5
2018410339653,1,9,0,18,0,0,0,0,0,0,1,1,3,1,44,7,1197,1,1,7,1,7
2018410339678,1,9,0,3,0,1,0,0,0,0,1,1,6,2,51,8,1598,1,7,10,1,10
2018410339678,2,9,0,1,0,2,0,0,0,0,2,1,6,3,-1,-1,1998,1,2,-1,-1,-1
2018410339745,1,19,0,4,0,0,0,0,0,0,1,1,6,1,53,8,1560,2,2,1,1,1
2018410339745,2,9,0,4,0,0,1,0,0,0,2,1,5,1,44,7,1998,1,10,7,1,7
2018410339791,1,9,0,12,0,2,0,0,0,0,3,1,1,1,42,7,1991,8,1,7,1,7
2018410339791,2,5,0,11,0,2,0,0,0,0,1,1,1,1,35,6,600,1,4,6,1,6
2018410339798,1,9,0,18,0,0,0,0,0,0,1,1,6,3,-1,-1,2480,1,6,-1,-1,-1
2018410339798,2,3,0,13,0,0,0,0,0,0,2,1,2,1,26,6,125,1,-1,4,1,4
2018410339798,3,9,0,4,0,0,0,0,0,0,1,1,2,2,-1,-1,-1,-1,-1,4,3,4
2018410339844,1,9,0,17,0,0,1,0,0,0,2,1,6,2,21,5,973,1,16,7,1,7
2018410339844,2,9,0,16,0,0,0,0,1,4,1,1,6,1,60,9,2993,2,3,9,2,9
2018410339945,1,9,0,2,0,1,0,0,0,0,0,1,5,2,49,8,1598,1,8,5,1,5
2018410339945,2,1,0,15,0,1,0,0,0,0,4,1,1,1,30,6,-1,-1,-1,9,1,9
2018410340078,1,9,0,18,0,1,0,0,0,0,4,1,6,1,56,9,2179,2,5,10,1,10
2018410340082,1,1,0,9,0,2,5,7,0,0,4,1,6,2,27,6,-1,-1,-1,4,1,4
2018410340105,1,9,0,18,0,0,0,0,5,6,1,1,5,1,26,6,1995,2,9,2,1,2
2018410340129,1,9,0,18,0,0,0,0,0,0,1,1,6,3,-1,-1,-1,-1,-1,-1,-1,-1
2018410340129,2,4,0,18,0,0,2,0,0,0,1,1,6,3,-1,-1,330,1,4,-1,-1,-1
2018410340129,3,9,0,4,0,0,0,0,0,0,2,1,6,2,51,8,1396,1,5,5,1,5
2018410340152,1,9,0,18,0,0,1,0,2,0,1,1,1,1,28,6,1995,2,9,8,1,8
2018410340158,1,9,0,18,0,1,0,0,0,0,1,1,6,1,-1,-1,1968,2,12,7,1,7
2018410340158,2,1,0,18,0,1,0,0,0,0,1,1,6,1,11,3,-1,-1,-1,5,1,5
2018410340165,1,9,0,18,0,0,0,0,0,0,0,1,6,1,74,10,1984,1,14,9,1,9
2018410340165,2,9,0,18,0,0,1,0,0,0,1,1,6,2,72,10,1398,1,1,-1,-1,-1
2018410340165,3,9,0,18,0,0,1,0,0,0,1,1,6,2,37,7,1364,1,2,5,1,5
2018410340165,4,19,0,18,0,0,1,0,0,0,2,1,6,1,45,7,1968,2,8,6,1,6
2018410340165,5,9,0,18,0,0,0,0,0,0,1,1,6,1,34,6,1998,1,3,6,1,6
2018410340165,6,5,0,18,0,0,0,0,0,0,4,1,6,1,36,7,999,1,1,8,1,8
2018410340165,7,9,0,18,0,0,0,0,0,0,3,1,6,1,51,8,1988,1,16,3,1,3
2018410340165,8,9,0,18,0,0,0,0,0,0,1,1,6,2,23,5,1461,2,3,7,1,7
2018410340165,9,19,0,18,0,0,0,0,0,0,0,1,6,2,68,10,2198,2,7,10,1,10
2018410340200,1,9,0,18,0,0,0,0,0,0,1,1,2,1,39,7,-1,-1,-1,9,1,9
2018410340200,2,9,0,18,0,0,0,0,0,0,4,1,5,1,51,8,1997,1,15,6,1,6
2018410340208,1,9,0,11,0,0,1,0,0,0,1,1,6,1,35,6,4663,1,5,-1,-1,-1
2018410340208,2,4,0,18,0,0,0,0,1,0,3,1,2,1,30,6,-1,-1,-1,2,1,2
2018410340269,1,17,5,5,0,0,0,0,0,0,1,1,6,1,20,4,-1,2,41,7,3,7
2018410340269,2,9,0,4,0,0,0,0,1,11,3,1,6,1,48,8,1997,2,1,7,3,7
2018410340281,1,11,0,18,0,3,0,0,0,0,2,1,1,1,53,8,4250,2,11,7,3,7
2018410340281,2,1,0,18,0,3,0,0,0,0,1,1,4,1,13,3,-1,-1,-1,8,1,8
2018410340285,1,9,0,18,0,0,0,0,0,0,1,1,2,1,53,8,1968,2,13,3,1,3
2018410340285,2,9,0,4,0,0,0,0,0,0,2,1,2,1,37,7,1242,1,8,4,1,4
2018410340285,3,9,0,4,0,0,0,0,0,0,2,1,2,1,42,7,1560,2,9,2,1,2
2018410340345,1,9,0,6,0,0,0,0,0,0,3,1,5,1,43,7,1598,2,7,10,1,10
2018410340345,2,1,0,14,0,0,0,0,0,0,1,1,5,1,61,9,-1,-1,-1,10,1,10
2018410340381,1,97,0,16,0,0,2,0,2,10,1,1,6,1,19,4,-1,-1,-1,4,1,4
2018410340381,2,9,0,3,0,0,0,0,0,0,2,1,6,1,66,10,1991,8,1,9,1,9
2018410340388,1,9,0,18,0,0,5,10,0,0,1,1,6,1,82,11,1400,2,11,6,1,6
2018410340388,2,9,0,18,0,0,0,0,0,0,3,1,1,1,68,10,1461,2,9,9,3,9
2018410340410,1,9,0,3,0,1,0,0,0,0,1,1,6,1,41,7,1149,1,14,3,1,3
2018410340410,2,9,0,3,0,1,0,0,0,0,2,1,2,2,36,7,1984,1,13,8,2,8
2018410340442,1,97,0,18,9,0,0,0,0,0,1,1,6,3,-1,-1,-1,-1,-1,-1,-1,-1
2018410340475,1,9,0,9,0,0,0,0,0,0,3,1,2,1,52,8,2148,2,16,10,1,10
2018410340485,1,9,0,3,0,1,0,0,0,0,1,1,6,3,-1,-1,1796,1,13,-1,-1,-1
2018410340485,2,9,0,18,0,1,0,0,0,0,2,1,3,2,40,7,1596,1,15,9,1,9
2018410340500,1,9,0,5,0,1,0,0,0,0,1,1,2,2,54,8,1329,1,6,8,1,8
2018410340500,2,1,0,5,0,1,0,0,0,0,2,1,2,1,49,8,-1,-1,-1,5,1,5
2018410340503,1,11,0,9,0,8,0,0,0,0,4,1,1,1,62,9,5900,2,11,6,1,6
2018410340529,1,19,0,16,0,0,0,0,0,0,0,1,1,1,56,9,2198,2,4,10,1,10
2018410340529,2,19,0,17,0,0,0,0,0,0,0,1,1,1,37,7,2143,2,2,5,1,5
2018410340535,1,-1,0,18,0,0,0,0,0,0,1,1,6,3,-1,-1,-1,-1,-1,-1,-1,-1
2018410340535,2,-1,0,3,0,0,0,0,0,0,2,1,6,3,-1,-1,-1,-1,-1,-1,-1,-1
2018410340634,1,9,0,18,0,0,0,0,0,0,1,1,5,1,-1,-1,1796,1,12,6,1,6
2018410340634,2,1,0,18,0,0,0,0,0,0,2,1,6,1,-1,-1,-1,-1,-1,6,1,6
2018410340638,1,19,0,5,0,4,0,0,0,0,1,1,2,1,-1,-1,1995,2,6,4,-1,4
2018410340638,2,1,0,18,0,8,0,0,0,0,3,1,6,1,12,3,-1,-1,-1,6,1,6
2018410340650,1,98,0,9,0,8,0,0,0,0,1,1,1,1,23,5,-1,-1,-1,2,1,2
2018410340650,2,9,0,18,0,1,0,0,0,0,1,1,5,2,86,11,1997,1,17,8,1,8
2018410340684,1,9,0,3,0,0,0,0,0,0,2,1,2,1,30,6,1598,2,5,2,1,2
2018410340684,2,9,0,3,0,0,0,0,0,0,1,1,6,1,52,8,1995,2,-1,10,1,10
2018410340684,3,9,0,4,0,0,0,0,0,0,2,1,6,2,53,8,1968,2,2,10,1,10
2018410340704,1,9,0,18,0,0,0,0,0,0,1,1,3,1,45,7,-1,-1,-1,4,1,4
2018410340711,1,9,0,7,0,6,0,0,0,0,1,1,3,1,17,4,1229,1,11,8,1,8
2018410340711,2,9,0,18,0,1,0,0,0,0,1,1,3,2,40,7,1560,2,10,4,1,4
2018410340718,1,19,0,4,0,0,0,0,0,0,1,1,1,1,27,6,1995,2,5,3,1,3
2018410340718,2,19,0,3,0,0,0,0,0,0,2,1,1,1,31,6,1968,2,3,6,1,6
2018410340736,1,9,0,12,0,0,0,0,0,0,3,1,6,1,25,5,1998,1,4,4,1,4
2018410340736,2,5,0,18,0,0,0,0,0,0,1,1,6,1,30,6,749,1,1,3,1,3
2018410340758,1,9,0,9,0,0,0,0,0,0,4,1,6,2,71,10,1248,1,3,9,1,9
2018410340758,2,23,0,18,0,0,0,0,0,0,1,1,6,1,16,4,-1,-1,-1,4,1,4
2018410340817,1,9,0,18,0,0,0,0,0,0,1,1,6,2,64,9,1124,1,12,9,3,9
2018410340820,1,9,0,18,0,8,0,0,0,0,3,1,1,2,46,8,1798,1,3,4,1,4
2018410340820,2,9,0,9,0,8,0,0,0,0,4,1,6,2,64,9,2143,2,4,8,3,8
2018410340821,1,9,0,5,0,6,0,0,0,0,1,1,6,2,-1,-1,1398,1,3,-1,-1,-1
2018410340821,2,1,0,18,0,1,0,0,0,0,4,1,5,1,42,7,-1,-1,-1,10,1,10
2018410340851,1,9,0,18,0,0,0,0,0,0,4,1,1,2,52,8,1560,2,1,5,1,5
2018410340851,2,97,0,18,0,0,0,0,0,0,1,1,6,3,-1,-1,-1,-1,-1,-1,-1,-1
2018410340910,1,9,0,18,0,0,1,0,0,0,1,1,2,1,71,10,1968,2,2,4,1,4
2018410340910,2,9,0,18,0,0,0,0,0,0,2,1,2,1,29,6,2698,2,8,9,1,9
2018410340919,1,9,0,18,0,4,0,0,0,0,3,1,5,1,26,6,1968,2,1,6,1,6
2018410340919,2,9,0,9,0,3,0,0,0,0,1,1,5,1,48,8,998,1,4,4,1,4
2018410340932,1,9,0,18,0,8,0,0,0,0,1,1,5,1,23,5,1229,1,5,6,2,6
2018410340932,2,9,0,18,0,8,0,0,0,0,4,1,5,2,81,11,1798,8,-1,10,1,10
2018410340956,1,9,0,13,0,0,0,0,0,0,1,1,6,3,-1,-1,-1,-1,-1,-1,-1,-1
2018410340956,2,1,0,18,0,0,0,0,0,0,2,1,5,1,12,3,-1,-1,-1,5,1,5
2018410340962,1,9,0,17,0,0,0,0,0,0,3,1,6,1,24,5,1496,2,1,2,1,2
2018410340962,2,1,0,9,0,0,5,0,0,0,1,1,6,1,36,7,-1,-1,-1,10,1,10
2018410340970,1,9,0,5,0,0,0,0,0,0,1,1,5,2,27,6,1242,1,2,6,1,6
2018410340970,2,8,0,3,0,0,0,0,0,0,2,1,1,1,35,6,-1,-1,-1,5,1,5
2018410341206,1,19,0,17,0,8,0,0,0,0,1,1,1,1,30,6,1598,2,-1,5,1,5
2018410341301,1,9,0,18,0,0,0,0,0,0,1,1,6,2,45,7,1968,2,10,8,1,8
2018410341301,2,9,0,18,0,0,0,0,0,0,2,1,6,1,52,8,-1,-1,-1,4,1,4
2018410341304,1,19,0,17,0,8,0,0,0,0,3,1,6,1,59,9,1715,2,29,9,1,9