Accident_Index,Vehicle_Reference,Vehicle_Type,Towing_and_Articulation,Vehicle_Manoeuvre,Vehicle_Location-Restricted_Lane,Junction_Location,Skidding_and_Overturning,Hit_Object_in_Carriageway,Vehicle_Leaving_Carriageway,Hit_Object_off_Carriageway,1st_Point_of_Impact,Was_Vehicle_Left_Hand_Drive?,Journey_Purpose_of_Driver,Sex_of_Driver,Age_of_Driver,Age_Band_of_Driver,Engine_Capacity_(CC),Propulsion_Code,Age_of_Vehicle,Driver_IMD_Decile,Driver_Home_Area_Type,Vehicle_IMD_Decile
2018410341304,2,9,0,11,0,3,0,0,0,0,4,1,6,1,38,7,2987,2,8,6,1,6
2018410341306,1,9,0,18,0,0,1,0,0,0,3,1,6,1,88,11,1400,1,13,9,1,9
2018410341326,1,9,0,3,0,0,0,0,0,0,0,1,6,2,76,11,1596,1,8,9,1,9
2018410341333,1,9,0,9,0,1,0,0,0,0,1,1,5,1,26,6,998,1,1,7,3,7
2018410341333,2,1,0,16,0,1,0,0,0,0,1,1,5,1,-1,-1,-1,-1,-1,-1,-1,-1
2018410341341,1,1,0,15,0,5,5,0,0,0,3,1,6,1,32,6,-1,-1,-1,4,1,4
2018410341341,2,9,0,7,0,5,0,0,0,0,4,1,2,2,46,8,1598,1,10,7,1,7
2018410341367,1,9,0,9,0,8,0,0,0,0,1,1,6,2,75,10,999,1,3,10,1,10
2018410341367,2,1,0,18,0,8,0,0,0,0,4,1,6,1,16,4,-1,-1,-1,10,1,10
2018410341380,1,9,0,3,0,0,0,0,0,0,1,1,6,3,-1,-1,1598,1,15,-1,-1,-1
2018410341380,2,9,0,3,0,0,0,0,0,0,0,1,1,1,-1,-1,1248,2,5,-1,-1,-1
2018410341380,3,9,0,3,0,0,0,0,0,0,4,1,2,1,38,7,1395,1,3,9,2,9
2018410341380,4,5,0,3,0,0,0,0,0,0,2,1,2,1,45,7,748,1,10,9,1,9
2018410341380,5,9,0,3,0,0,0,0,0,0,2,1,5,1,65,9,1796,1,12,5,1,5
2018410341426,1,9,0,5,0,6,0,0,0,0,1,1,6,1,-1,-1,-1,-1,-1,-1,-1,-1
2018410341426,2,1,0,18,0,8,0,0,0,0,2,1,5,2,43,7,-1,-1,-1,9,1,9
2018410341439,1,9,0,12,0,0,0,0,0,0,3,1,2,1,-1,-1,2993,2,11,4,1,4
2018410341439,2,9,0,11,0,0,0,0,0,0,4,1,2,2,30,6,1598,2,7,9,1,9
2018410341541,1,9,0,9,0,3,0,0,0,0,3,1,2,1,43,7,3301,7,12,5,1,5
2018410341582,1,9,0,4,0,4,0,0,0,0,0,1,1,2,54,8,1248,1,-1,8,1,8
2018410341582,2,1,0,18,0,8,0,0,0,0,3,1,5,1,21,5,-1,-1,-1,5,1,5
2018410341692,1,9,0,2,0,0,0,0,0,0,3,1,5,1,27,6,1596,1,12,10,1,10
2018410341692,2,98,0,18,0,0,0,0,0,0,4,1,6,1,-1,-1,-1,-1,-1,-1,-1,-1
2018410341768,1,-1,0,18,9,0,0,0,0,0,1,1,6,3,-1,-1,-1,-1,-1,-1,-1,-1
2018410341768,2,1,0,18,9,0,0,0,0,0,2,1,1,1,36,7,-1,-1,-1,3,1,3
2018410341832,1,9,0,18,0,0,1,0,0,0,1,1,1,1,29,6,-1,-1,-1,9,1,9
2018410341832,2,9,0,4,0,0,1,0,0,0,2,1,5,2,22,5,1242,1,4,4,1,4
2018410341832,3,9,0,9,0,0,0,0,0,0,2,1,6,2,18,4,1390,1,7,5,1,5
2018410341903,1,19,0,5,0,0,0,0,0,0,4,1,5,1,52,8,2402,2,16,3,1,3
2018410341918,1,3,0,16,0,1,0,0,0,0,1,1,2,1,17,4,124,1,4,2,-1,2
2018410341918,2,9,0,16,0,1,0,0,0,0,2,1,6,2,73,10,-1,-1,-1,8,1,8
2018410341956,1,16,0,5,0,1,0,0,0,0,1,1,6,2,48,8,-1,-1,-1,10,2,10
2018410341956,2,9,0,18,0,1,0,0,0,0,1,1,6,2,18,4,1198,1,2,9,3,9
2018410341992,1,9,0,18,0,0,1,0,1,7,1,1,6,2,24,5,1395,1,1,5,1,5
2018410341992,2,9,0,18,0,0,1,0,1,7,3,1,6,2,50,8,1390,1,7,5,1,5
2018410342022,1,9,0,6,0,0,0,0,0,0,1,1,6,1,27,6,1997,1,15,6,1,6
2018410342022,2,9,0,3,0,0,0,0,0,0,2,1,6,2,51,8,1969,8,-1,9,3,9
2018410342022,3,9,0,18,0,0,0,0,1,0,1,1,1,1,49,8,1995,2,4,10,2,10
2018410342022,4,9,0,3,0,0,0,0,0,0,3,1,1,1,56,9,1984,1,-1,9,3,9
2018410342135,1,2,0,18,5,2,0,0,0,0,1,1,6,1,16,4,50,1,2,4,1,4
2018410342135,2,1,0,18,5,2,0,0,0,0,1,1,6,2,30,6,-1,-1,-1,5,1,5
2018410342145,1,9,0,5,0,4,0,0,0,0,1,1,6,1,41,7,1910,2,13,9,1,9
2018410342145,2,1,0,17,0,8,0,0,0,0,4,1,2,1,29,6,-1,-1,-1,3,1,3
2018410342202,1,9,0,18,0,1,0,0,0,0,1,1,5,1,20,4,1200,1,5,9,1,9
2018410342202,2,9,0,9,0,5,0,0,0,0,4,1,2,1,33,6,1895,1,17,9,1,9
2018410342267,1,9,0,4,0,0,0,0,0,0,1,1,5,1,53,8,1598,2,6,4,1,4
2018410342267,2,9,0,5,0,0,0,0,0,0,1,1,4,2,17,4,1242,1,6,4,1,4
2018410342313,1,9,0,18,0,1,0,0,0,0,1,1,6,1,45,7,1896,2,12,2,1,2
2018410342313,2,9,0,9,0,1,0,0,0,0,1,1,6,1,61,9,1598,2,1,8,1,8
2018410342412,1,9,0,11,0,0,0,0,0,0,2,1,1,2,30,6,1995,2,6,8,1,8
2018410342412,2,5,0,18,0,0,0,0,0,0,1,1,1,1,49,8,1293,1,7,7,3,7
2018410342445,1,19,0,5,0,2,0,0,0,0,3,1,2,1,57,9,1560,2,2,4,1,4
2018410342445,2,1,0,18,0,8,0,0,0,0,1,1,6,1,44,7,-1,-1,-1,8,1,8
2018410342485,1,3,0,18,0,0,2,11,0,0,3,1,6,2,20,4,125,1,3,5,1,5
2018410342520,1,5,0,4,0,0,1,0,0,0,1,1,1,1,41,7,998,1,9,10,1,10
2018410342520,2,19,0,4,0,0,1,0,0,0,2,1,1,1,24,5,1995,2,1,6,1,6
2018410342599,1,9,0,4,0,5,0,0,0,0,2,1,5,1,19,4,1390,1,20,8,1,8
2018410342599,2,9,0,18,0,5,0,0,0,0,1,1,6,2,-1,-1,2143,2,3,-1,-1,-1
2018410342640,1,98,1,18,0,0,0,0,0,0,1,1,1,1,46,8,-1,-1,-1,-1,-1,-1
2018410342640,2,21,1,4,0,0,0,0,0,0,2,1,1,1,35,6,12902,2,1,1,1,1
2018410342640,3,98,1,18,0,0,0,0,0,0,1,1,1,1,45,7,-1,-1,-1,2,1,2
2018410342640,4,9,0,18,0,0,0,0,0,0,1,1,1,1,54,8,1499,2,1,5,1,5
2018410342640,5,9,0,18,0,0,0,0,0,0,1,1,1,2,38,7,1995,2,1,5,2,5
2018410342703,1,9,0,16,0,1,0,0,7,11,1,1,5,1,27,6,1395,1,3,7,2,7
2018410342750,1,9,0,9,0,8,0,0,0,0,1,1,1,1,31,6,1598,1,12,3,1,3
2018410342750,2,9,0,18,0,8,0,0,0,0,1,1,5,2,57,9,1998,1,16,10,3,10
2018410342819,1,9,0,18,0,2,0,0,0,0,3,1,5,2,36,7,1560,2,2,6,1,6
2018410342819,2,9,0,11,0,8,0,0,0,0,4,1,5,2,46,8,1796,2,4,3,1,3
2018410343029,1,9,0,18,0,0,1,0,1,0,1,1,6,1,42,7,1968,2,7,6,1,6
2018410343029,2,9,0,2,6,0,0,0,0,0,2,1,6,1,36,7,2979,1,16,3,1,3
2018410343113,1,9,0,18,0,8,0,0,0,0,1,1,3,1,32,6,1596,1,14,5,2,5
2018410343113,2,9,0,4,0,8,0,0,0,0,3,1,6,2,43,7,1798,8,4,10,1,10
2018410343179,1,-1,0,18,5,0,0,0,0,0,1,1,1,3,-1,-1,-1,-1,-1,-1,-1,-1
2018410343179,2,1,0,10,5,0,5,0,0,0,3,1,2,1,52,8,-1,-1,-1,7,1,7
2018410343194,1,9,0,14,0,0,1,0,0,0,1,1,6,3,-1,-1,-1,-1,-1,-1,-1,-1
2018410343195,1,9,0,4,0,1,0,0,0,0,4,1,2,1,68,10,1360,1,7,8,2,8
2018410343195,2,1,0,15,0,1,1,0,0,0,2,1,5,1,15,3,-1,-1,-1,3,1,3
2018410343205,1,9,0,9,0,1,0,0,0,0,4,1,1,2,53,8,1598,1,5,9,1,9
2018410343205,2,9,0,18,0,1,0,0,0,0,1,1,6,1,31,6,1997,2,1,9,1,9
2018410343223,1,9,0,4,0,1,0,0,0,0,1,1,5,2,22,5,1229,1,9,2,1,2
2018410343223,2,9,0,3,0,1,0,0,0,0,2,1,5,1,24,5,1598,2,1,5,1,5
2018410343223,3,9,0,3,0,1,0,0,0,0,2,1,5,2,28,6,2926,2,12,10,1,10
2018410343237,1,9,0,16,0,0,2,10,1,0,4,1,5,1,27,6,1149,1,8,8,1,8
2018410343259,1,9,0,17,0,1,5,0,1,0,1,1,5,1,77,11,1497,8,-1,10,2,10
2018410343262,1,9,0,2,9,0,0,0,0,0,4,1,6,3,-1,-1,-1,-1,-1,-1,-1,-1
2018410343374,1,9,0,17,0,0,0,0,0,0,1,1,6,1,24,5,1598,1,9,4,1,4
2018410343374,2,9,0,16,0,0,0,0,0,0,1,1,6,1,43,7,1242,1,9,8,1,8
2018410343427,1,19,0,18,0,1,0,10,0,0,1,1,5,2,54,8,1997,2,4,9,2,9
2018410343479,1,19,0,9,0,5,5,0,0,0,4,1,5,1,21,5,1461,2,11,4,1,4
2018410343479,2,9,0,18,0,1,0,0,7,0,1,1,5,1,23,5,1896,2,14,6,1,6
2018410343479,3,9,0,18,0,1,0,0,1,0,1,1,5,1,48,8,1560,2,4,6,1,6
2018410343501,1,3,0,18,0,0,0,0,0,0,1,1,6,1,21,5,124,1,10,1,1,1
2018410343501,2,9,0,18,0,0,0,0,0,0,1,1,1,1,59,9,1798,8,3,5,1,5
2018410343620,1,8,0,18,0,0,0,0,0,0,1,1,1,1,59,9,2148,2,9,2,1,2
2018410343620,2,19,0,4,0,0,0,0,0,0,2,1,1,1,57,9,1560,2,2,8,1,8
2018410343639,1,9,0,18,0,0,0,4,0,0,1,1,5,2,27,6,1388,1,11,4,1,4
2018410343639,2,9,0,2,0,0,0,0,0,0,3,1,6,1,-1,-1,1968,2,6,4,1,4
2018410343762,1,9,0,18,0,0,0,0,0,0,0,1,5,1,-1,-1,2993,2,2,4,1,4
2018410343762,2,9,0,18,0,0,0,0,0,0,1,1,5,1,25,5,-1,-1,-1,1,1,1
2018410343762,3,9,0,18,0,0,0,0,0,0,0,1,5,3,-1,-1,999,1,2,4,1,4
2018410343786,1,9,0,17,0,8,0,0,0,0,3,1,5,1,-1,-1,1598,1,13,7,1,7
2018410343786,2,9,0,7,0,3,0,0,0,0,4,1,2,2,54,8,1242,1,5,3,1,3
2018410343976,1,9,0,18,0,0,0,0,0,0,1,1,2,1,20,4,998,1,1,9,1,9
2018410343976,2,9,0,18,0,0,0,0,0,0,2,1,1,1,54,8,1997,2,7,2,1,2
2018410343979,1,9,0,7,0,1,0,0,0,0,1,1,6,1,33,6,1797,8,3,10,1,10
2018410343979,2,1,0,18,0,1,0,0,0,0,4,1,6,2,46,8,-1,-1,-1,7,1,7
2018410343995,1,9,0,3,0,0,0,0,0,0,1,1,5,2,57,9,1598,2,2,1,1,1
2018410343995,2,9,0,3,0,0,0,0,0,0,2,1,5,1,31,6,1598,1,10,9,3,9
2018410343995,3,9,0,4,0,0,0,0,0,0,2,1,2,1,39,7,1896,2,13,7,2,7
2018410344023,1,9,0,18,0,0,1,0,0,0,1,1,5,1,67,10,1582,2,8,5,1,5
2018410344023,2,9,0,18,0,0,0,0,0,0,2,1,5,2,43,7,1896,2,11,5,1,5
2018410344128,1,21,1,11,0,0,0,0,0,0,1,1,1,1,47,8,12900,2,11,6,1,6
2018410344128,2,9,0,18,0,0,0,0,0,0,3,1,5,1,48,8,998,1,1,7,1,7
2018410344148,1,9,0,18,0,8,0,0,0,0,2,1,6,2,37,7,1598,1,13,6,1,6
2018410344148,2,9,0,18,0,8,0,0,0,0,1,1,6,2,53,8,2993,2,4,7,1,7
2018410344290,1,8,0,17,0,8,0,0,0,0,3,1,1,1,41,7,1329,1,3,2,1,2
2018410344290,2,21,0,17,0,8,0,0,0,0,4,1,1,1,59,9,12809,2,3,8,1,8
2018410344310,1,9,0,18,0,0,0,0,0,0,3,1,1,1,33,6,-1,-1,-1,4,1,4
2018410344310,2,9,0,18,0,0,0,0,0,0,2,1,6,1,52,8,-1,-1,-1,2,1,2
2018410344413,1,1,0,18,0,0,0,4,0,0,2,1,5,1,24,5,-1,-1,-1,8,1,8
2018410344413,2,9,0,18,0,0,0,0,0,0,1,1,6,3,-1,-1,-1,-1,-1,-1,-1,-1
2018410344413,3,9,0,2,0,0,0,0,0,0,3,1,6,3,-1,-1,-1,-1,-1,-1,-1,-1
2018410344421,1,9,0,18,6,0,0,4,0,0,1,1,1,1,44,7,2982,2,8,4,1,4
2018410344421,2,21,0,2,6,0,0,0,0,0,2,1,1,1,56,9,11946,2,10,2,1,2
2018410344481,1,-1,0,18,0,3,0,0,0,0,2,1,6,3,-1,-1,-1,-1,-1,-1,-1,-1
2018410344481,2,1,0,18,0,3,0,0,0,0,1,1,2,1,25,5,-1,-1,-1,8,1,8
2018410344501,1,19,0,16,0,0,1,10,1,1,4,1,1,1,19,4,1896,2,9,8,3,8
2018410344501,2,19,0,17,0,0,0,0,0,0,0,1,1,1,45,7,1997,2,1,5,1,5
2018410344503,1,9,0,5,0,4,0,0,0,0,2,1,6,2,43,7,998,1,17,1,1,1
2018410344503,2,9,0,5,0,4,0,0,0,0,1,1,6,1,20,4,1598,2,8,6,1,6
2018410344571,1,9,0,11,0,0,0,0,0,0,2,1,5,1,66,10,1984,1,2,8,3,8
2018410344571,2,90,1,18,0,0,0,0,0,0,1,1,1,1,31,6,-1,-1,-1,-1,-1,-1
2018410344594,1,9,0,5,0,1,0,0,0,0,4,1,3,2,42,7,1328,1,10,8,1,8
2018410344662,1,9,0,18,0,0,0,0,0,0,1,1,3,2,38,7,1248,2,9,4,1,4
2018410344812,1,9,0,18,0,0,0,0,0,0,1,1,6,2,36,7,1591,1,2,-1,-1,-1
2018410344812,2,98,0,18,0,0,0,0,0,0,1,1,6,1,48,8,-1,-1,-1,-1,-1,-1
2018410344812,3,9,0,18,0,0,0,0,0,0,1,1,6,2,58,9,999,1,1,-1,-1,-1
2018410344812,4,9,0,18,0,0,0,0,0,0,1,1,6,2,43,7,2179,2,4,-1,-1,-1
2018410344812,5,9,0,18,0,0,0,0,0,0,1,1,6,1,48,8,1950,2,2,-1,-1,-1
2018410346483,1,9,0,4,0,0,1,0,1,0,1,1,6,1,55,8,-1,-1,-1,-1,-1,-1
2018410346483,2,9,0,4,0,0,1,0,0,0,2,1,5,1,61,9,1991,2,13,4,1,4
2018410346748,1,9,0,18,0,8,0,0,0,0,0,1,6,1,-1,-1,-1,-1,-1,6,1,6
2018410346748,2,9,0,18,0,8,0,0,0,0,1,1,6,1,18,4,2435,1,17,5,3,5
2018410346748,3,9,0,3,0,8,0,0,0,0,2,1,6,1,43,7,1242,1,5,4,1,4
2018410346748,4,9,0,3,0,8,0,0,0,0,2,1,6,1,56,9,1998,1,13,4,1,4
2018410346748,5,9,0,18,0,1,0,0,0,0,2,1,6,1,30,6,1956,2,8,4,1,4
2018410346748,6,9,0,18,0,1,0,0,0,0,2,1,6,2,46,8,1995,2,5,5,1,5
2018410346748,7,9,0,18,0,1,0,0,0,0,2,1,6,1,45,7,1796,1,11,7,1,7
2018410347981,1,9,0,18,0,2,0,0,0,0,1,1,5,1,59,9,1498,1,1,10,1,10
2018410348267,1,9,0,18,0,1,0,0,0,0,1,1,6,1,85,11,1200,1,3,10,1,10
2018410348854,1,9,0,1,0,0,0,0,0,0,2,1,6,2,-1,-1,-1,-1,-1,-1,-1,-1
2018410348854,2,9,0,3,0,0,0,0,0,0,2,1,5,1,25,5,1242,1,12,5,1,5
2018410349751,1,9,0,11,0,0,0,0,0,0,4,1,6,1,36,7,2993,2,7,10,1,10
2018410349751,2,5,0,18,0,0,0,0,0,0,3,1,2,1,55,8,1198,1,25,4,1,4
2018410349751,3,90,0,18,0,0,0,0,0,0,2,1,1,1,34,6,-1,-1,-1,-1,-1,-1
2018410352235,1,9,0,18,0,2,0,0,0,0,1,1,6,3,-1,-1,-1,-1,-1,-1,-1,-1
2018410352566,1,9,0,18,0,8,0,0,0,0,4,1,1,1,43,7,1248,2,4,-1,-1,-1
2018410352566,2,9,0,18,0,8,0,0,0,0,1,1,6,1,47,8,1796,1,8,-1,-1,-1
2018410356528,1,9,0,9,0,0,0,0,0,0,1,1,1,2,32,6,1598,2,-1,4,1,4
2018410356607,1,9,0,18,0,4,0,0,3,0,1,1,6,1,37,7,1968,2,6,-1,-1,-1
2018410801588,1,19,0,4,0,4,0,0,0,0,2,1,1,1,59,9,2198,2,4,6,3,6
2018410801588,2,9,0,4,0,4,0,0,0,0,0,1,2,2,31,6,998,1,1,7,1,7
2018410801595,1,9,0,9,0,1,0,0,1,0,2,1,5,1,22,5,1242,1,15,6,3,6
2018410801595,2,9,0,18,0,1,0,0,0,0,1,1,6,1,95,11,1299,1,11,6,3,6
2018410801605,1,9,0,18,0,0,0,0,0,0,1,1,6,3,-1,-1,-1,-1,-1,-1,-1,-1
2018410801618,1,9,0,18,0,1,0,0,1,0,1,1,5,1,43,7,1998,1,25,9,2,9
2018410801618,2,9,0,18,0,1,0,0,1,0,1,1,5,1,67,10,-1,3,-1,9,1,9
2018410801650,1,9,0,4,0,0,0,0,0,0,2,1,5,1,31,6,1598,2,5,5,2,5
2018410801650,2,9,0,4,0,0,0,0,0,0,2,1,5,1,35,6,1956,2,4,5,1,5
2018410801650,3,9,0,18,0,0,0,0,0,0,1,1,5,1,31,6,1995,2,6,8,1,8
2018410801684,1,9,0,18,0,0,1,0,0,0,3,1,5,1,-1,-1,1598,1,16,7,1,7
2018410801684,2,9,0,18,0,0,1,0,0,0,2,1,5,2,26,6,1199,1,16,3,1,3
2018410801711,1,9,0,18,0,1,0,0,0,0,1,1,6,2,70,10,1598,1,14,7,3,7
2018410801711,2,9,0,7,0,1,0,0,0,0,4,1,6,1,-1,-1,-1,-1,-1,3,1,3
2018410801723,1,9,0,3,0,4,0,0,0,0,2,1,1,1,45,7,1395,1,-1,10,1,10
2018410801723,2,19,0,5,0,4,0,0,0,0,1,1,1,1,46,8,1968,2,5,6,1,6
2018410801756,1,9,0,5,0,2,0,0,0,0,1,1,5,1,82,11,1598,1,11,6,1,6
2018410801756,2,9,0,18,0,8,0,0,0,0,4,1,5,1,43,7,1995,2,13,10,1,10
2018410801758,1,9,0,18,0,0,0,0,0,0,2,1,2,1,60,9,1998,1,1,9,1,9
2018410801758,2,9,0,18,0,0,0,0,0,0,1,1,6,1,25,5,1995,1,11,5,1,5
2018410801764,1,9,0,18,0,0,0,0,1,10,1,1,1,1,48,8,2993,2,5,10,1,10
2018410801764,2,9,0,18,0,0,0,0,0,0,1,1,4,1,41,7,2993,2,1,3,1,3
2018410801765,1,9,0,18,0,0,0,0,0,0,2,1,5,1,57,9,1199,1,-1,6,1,6
2018410801765,2,9,0,18,0,0,0,0,0,0,1,1,5,1,23,5,1197,1,-1,2,1,2
2018410801765,3,9,0,18,0,0,0,0,0,0,1,1,5,1,27,6,998,1,16,8,1,8
2018410801767,1,5,0,18,0,8,5,0,0,0,1,1,1,1,44,7,1000,1,4,9,1,9
2018410801767,2,9,0,9,0,1,0,0,0,0,3,1,3,1,38,7,1598,1,16,7,1,7
2018410801768,1,9,0,5,0,4,0,0,0,0,1,1,6,2,63,9,998,1,10,6,1,6
2018410801768,2,1,0,18,0,3,0,0,0,0,4,1,6,2,72,10,-1,-1,-1,7,1,7
2018410801802,1,19,0,5,0,4,0,0,0,0,2,1,5,1,45,7,1968,2,2,4,1,4
2018410801802,2,9,0,5,0,4,0,0,0,0,1,1,5,1,85,11,1193,1,2,4,1,4
2018410801817,1,9,0,18,0,4,0,0,0,0,3,1,5,1,61,9,-1,-1,-1,10,1,10
2018410801817,2,9,0,18,0,4,0,0,0,0,1,1,5,1,38,7,2199,1,22,6,1,6
2018410801846,1,9,0,18,0,4,0,0,0,0,1,1,2,1,60,9,1998,1,1,10,1,10
2018410801846,2,9,0,18,0,4,0,0,0,0,4,1,2,2,47,8,1388,1,9,4,1,4
2018410801892,1,19,0,5,0,6,0,0,0,0,1,1,6,1,53,8,1686,2,13,10,1,10
2018410801892,2,5,0,18,0,1,0,0,0,0,1,1,6,1,59,9,865,1,2,10,2,10
2018410801899,1,9,0,5,0,4,0,0,0,0,1,1,5,1,56,9,1598,1,12,8,2,8
2018410801899,2,9,0,3,0,4,0,0,0,0,2,1,5,1,42,7,1968,2,8,4,1,4
2018410801900,1,9,0,17,0,4,0,0,1,0,3,1,2,1,26,6,1956,2,4,7,3,7
2018410801900,2,5,0,7,0,3,0,0,0,0,4,1,5,1,57,9,582,1,14,5,1,5
2018410801925,1,9,0,18,0,1,0,0,0,0,2,1,5,1,39,7,1995,2,6,1,1,1
2018410801925,2,9,0,18,0,1,0,0,0,0,1,1,2,2,65,9,1798,8,1,7,1,7
2018410801929,1,9,0,18,0,0,0,0,0,0,1,1,6,1,42,7,1197,1,2,1,1,1
2018410801929,2,9,0,18,0,0,0,0,0,0,1,1,6,1,38,7,1995,2,15,4,1,4
2018410801929,3,19,0,18,0,0,0,0,0,0,2,1,6,1,50,8,1997,2,2,6,1,6
2018410801942,1,9,0,18,0,4,0,0,0,0,1,1,6,1,40,7,2393,1,5,6,1,6
2018410801942,2,1,0,18,0,8,5,0,0,0,2,1,6,1,39,7,-1,-1,-1,10,1,10
2018410801945,1,9,0,3,0,8,0,0,0,0,0,1,6,3,-1,-1,-1,-1,-1,-1,-1,-1
2018410801945,2,19,0,18,0,2,1,0,5,1,4,1,1,1,26,6,1995,2,-1,9,1,9
2018410801945,3,17,0,13,0,2,1,0,5,7,3,1,1,2,26,6,6788,2,2,5,3,5
2018410801947,1,9,0,4,0,0,0,0,0,0,1,1,2,1,37,7,1398,1,3,5,1,5
2018410801947,2,9,0,4,0,0,0,0,0,0,2,1,2,1,40,7,-1,-1,-1,10,1,10
2018410801951,1,9,0,18,9,1,0,0,7,10,1,1,6,1,82,11,999,1,2,4,1,4
2018410801953,1,9,0,18,0,1,0,0,0,0,1,1,1,1,54,8,1997,2,6,4,1,4
2018410801971,1,9,0,9,0,1,0,0,0,0,1,1,5,1,68,10,1753,2,15,10,3,10
2018410801971,2,1,0,18,0,8,5,0,0,0,1,1,5,1,55,8,-1,-1,-1,9,3,9
2018410801989,1,5,0,18,0,1,1,0,0,0,1,1,1,1,36,7,745,1,1,3,1,3
2018410801989,2,9,0,10,0,1,0,0,0,0,1,1,6,2,24,5,1197,1,5,4,1,4
2018410801990,1,5,0,18,6,0,2,0,1,0,4,1,6,1,33,6,1000,1,2,4,1,4
2018410801995,1,19,0,3,0,0,0,0,0,0,2,1,2,1,50,8,2143,2,-1,3,1,3
2018410801995,2,9,0,4,0,0,0,0,0,0,1,1,5,2,40,7,1390,1,17,6,1,6
2018410802000,1,9,0,4,0,1,0,0,0,0,1,1,6,1,89,11,1995,2,7,10,1,10
2018410802020,1,9,0,13,0,1,0,0,0,0,1,1,5,2,44,7,4000,1,9,9,1,9
2018410802020,2,16,0,18,0,1,0,0,0,0,2,1,5,2,46,8,-1,-1,-1,8,3,8
2018410802026,1,19,0,6,0,6,0,0,0,0,3,1,1,1,61,9,1560,2,4,8,2,8
2018410802026,2,3,0,18,0,1,0,0,0,0,1,1,5,1,28,6,-1,-1,-1,3,1,3
2018410802037,1,-1,0,18,0,6,0,0,0,0,1,1,6,3,-1,-1,-1,-1,-1,-1,-1,-1
2018410802037,2,9,0,18,0,8,0,0,0,0,4,1,1,1,37,7,1968,2,9,5,1,5
2018410802060,1,9,0,9,0,0,0,4,0,0,1,1,6,2,73,10,1598,1,5,8,1,8
2018410802060,2,19,0,2,0,0,0,0,0,0,1,1,1,1,48,8,1248,2,7,9,3,9
2018410802062,1,9,0,18,0,0,0,7,0,0,4,1,6,1,30,6,1995,2,4,1,-1,1
2018410802062,2,98,0,15,0,0,0,0,1,0,3,1,6,3,-1,-1,-1,-1,-1,-1,-1,-1
2018410802064,1,9,0,4,0,0,0,0,0,0,2,1,5,2,53,8,1997,2,1,8,3,8
2018410802064,2,9,0,4,0,0,0,0,0,0,1,1,1,2,59,9,1364,1,3,6,1,6
2018410802069,1,1,0,13,0,1,0,0,0,0,4,1,5,1,61,9,-1,-1,-1,8,1,8
2018410802069,2,9,0,9,0,1,0,0,0,0,3,1,5,2,41,7,1686,2,4,9,1,9
2018410802078,1,9,0,18,0,3,0,0,0,0,1,1,6,2,25,5,1910,2,12,6,1,6
2018410802078,2,9,0,18,0,1,0,0,0,0,1,1,5,1,-1,-1,1997,2,8,-1,-1,-1
2018410802081,1,9,0,9,0,1,0,0,0,0,4,1,2,2,22,5,1229,1,13,7,1,7
2018410802081,2,9,0,17,0,1,0,0,0,0,1,1,1,1,47,8,-1,-1,-1,3,1,3
2018410802085,1,9,0,18,0,6,0,0,0,0,1,1,1,1,42,7,2199,2,7,7,3,7
2018410802085,2,2,0,18,0,6,0,0,0,0,2,1,6,2,22,5,49,1,-1,5,3,5
2018410802089,1,9,0,3,0,0,0,0,0,0,1,1,2,2,26,6,1390,1,18,3,1,3
2018410802089,2,9,0,3,0,0,0,0,0,0,2,1,2,2,-1,-1,1364,1,1,5,1,5
2018410802164,1,9,0,4,0,0,0,0,0,0,1,1,5,2,30,6,999,1,4,6,1,6
2018410802164,2,9,0,4,0,0,0,0,0,0,2,1,5,1,56,9,1596,1,7,8,1,8
2018410802174,1,-1,0,18,0,0,0,0,0,0,1,1,6,3,-1,-1,-1,-1,-1,-1,-1,-1
2018410802174,2,22,0,18,0,0,0,0,0,0,2,1,6,1,71,10,-1,-1,-1,4,1,4
2018410802183,1,9,0,16,0,0,2,0,2,4,1,1,5,1,37,7,2099,1,13,5,1,5
2018410802221,1,5,0,18,0,1,0,0,0,0,2,1,5,1,58,9,695,1,11,9,1,9
2018410802221,2,9,0,12,0,1,0,0,0,0,1,1,5,1,60,9,1598,2,3,5,1,5
2018410802224,1,9,0,9,0,1,0,0,0,0,4,1,6,2,-1,-1,998,1,5,10,1,10
2018410802224,2,9,0,10,0,8,0,0,0,0,3,1,6,2,29,6,1995,2,3,7,3,7
2018410802224,3,9,0,17,0,1,0,0,0,0,1,1,6,2,23,5,998,1,15,5,1,5
2018410802260,1,9,0,9,0,8,1,10,3,1,1,1,6,2,23,5,1997,1,15,8,3,8
2018410802281,1,9,0,18,9,0,1,10,7,0,1,1,5,3,-1,-1,1984,1,8,-1,-1,-1
2018410802289,1,9,0,4,0,0,0,0,0,0,1,1,6,2,-1,-1,-1,-1,-1,-1,-1,-1
2018410802289,2,9,0,2,0,0,0,0,0,0,2,1,6,1,29,6,1995,2,8,1,1,1
2018410802295,1,9,0,18,0,0,0,0,0,0,3,1,5,2,71,10,1198,1,7,3,1,3
2018410802295,2,9,0,9,0,0,0,0,0,0,4,1,2,1,31,6,1149,1,13,6,1,6
2018410802305,1,21,0,18,0,0,1,0,0,0,1,1,1,1,59,9,-1,-1,-1,1,1,1