Accident_Index,Vehicle_Reference,Vehicle_Type,Towing_and_Articulation,Vehicle_Manoeuvre,Vehicle_Location-Restricted_Lane,Junction_Location,Skidding_and_Overturning,Hit_Object_in_Carriageway,Vehicle_Leaving_Carriageway,Hit_Object_off_Carriageway,1st_Point_of_Impact,Was_Vehicle_Left_Hand_Drive?,Journey_Purpose_of_Driver,Sex_of_Driver,Age_of_Driver,Age_Band_of_Driver,Engine_Capacity_(CC),Propulsion_Code,Age_of_Vehicle,Driver_IMD_Decile,Driver_Home_Area_Type,Vehicle_IMD_Decile
2018410802305,2,21,0,4,0,0,0,0,0,0,2,1,1,1,48,8,12809,2,1,3,1,3
2018410802338,1,9,0,10,0,8,0,0,0,0,1,1,6,1,18,4,1991,2,8,6,1,6
2018410802338,2,9,0,18,0,8,0,0,0,0,3,1,5,2,45,7,1124,1,13,5,1,5
2018410802352,1,9,0,18,0,2,0,0,0,0,1,1,5,1,80,11,1398,1,-1,6,1,6
2018410802359,1,9,0,18,0,0,0,0,0,0,3,1,6,3,-1,-1,-1,-1,-1,-1,-1,-1
2018410802359,2,9,0,2,0,0,0,0,0,0,4,1,5,2,20,4,1242,1,17,7,1,7
2018410802372,1,9,0,18,0,1,0,0,0,0,3,1,6,2,66,10,1388,1,8,8,3,8
2018410802372,2,2,0,18,0,1,0,0,0,0,4,1,6,1,17,4,124,1,2,7,3,7
2018410802381,1,9,0,12,0,0,0,0,0,0,1,1,6,1,76,11,998,1,-1,10,1,10
2018410802402,1,9,0,18,0,0,0,10,0,0,3,1,6,1,25,5,1596,1,12,6,1,6
2018410802404,1,5,0,13,0,0,2,0,0,0,0,1,6,1,35,6,1520,1,27,5,1,5
2018410802404,2,9,0,18,0,0,0,0,0,0,0,1,1,1,29,6,-1,-1,-1,4,1,4
2018410802405,1,9,5,9,0,0,0,0,0,0,4,1,1,1,33,6,1997,2,12,4,2,4
2018410802405,2,9,0,18,0,0,0,0,0,0,1,1,5,2,72,10,1870,2,14,7,1,7
2018410802406,1,9,0,4,0,8,0,0,0,0,1,1,6,3,-1,-1,-1,-1,-1,-1,-1,-1
2018410802406,2,3,0,4,0,8,0,0,0,0,2,1,1,1,29,6,108,1,-1,6,2,6
2018410802413,1,21,0,18,0,1,0,0,0,0,4,1,1,1,49,8,4500,2,1,3,1,3
2018410802413,2,9,0,10,0,1,0,0,0,0,1,1,5,1,71,10,1497,8,11,10,1,10
2018410802442,1,9,0,1,9,0,0,0,0,0,2,1,6,2,41,7,1598,1,5,4,1,4
2018410802442,2,9,0,2,9,0,0,0,0,0,4,1,1,1,28,6,1896,2,9,3,1,3
2018410802470,1,9,0,18,0,0,0,0,0,0,4,1,6,1,43,7,1956,2,5,10,2,10
2018410802470,2,5,0,18,0,0,0,0,4,6,3,1,5,1,54,8,647,1,13,4,1,4
2018410802493,1,9,0,2,0,0,0,0,0,0,3,1,6,2,41,7,1364,2,15,7,1,7
2018410802493,2,9,0,18,0,0,0,0,0,0,1,1,6,2,29,6,2979,1,14,2,1,2
2018410802501,1,9,0,17,0,0,0,4,0,0,1,1,6,1,49,8,1389,1,13,7,1,7
2018410802501,2,9,0,2,0,0,0,0,0,0,2,1,6,1,46,8,-1,-1,-1,10,1,10
2018410802504,1,9,0,18,0,1,0,0,0,0,1,1,6,1,94,11,999,1,18,10,1,10
2018410802514,1,9,0,18,0,1,1,0,3,0,1,1,5,1,25,5,1242,1,13,8,1,8
2018410802515,1,9,0,18,0,1,0,0,0,0,1,1,2,1,26,6,1839,1,24,5,1,5
2018410802524,1,9,0,9,0,8,0,0,0,0,1,1,6,1,69,10,1798,1,3,10,1,10
2018410802524,2,1,0,18,0,8,0,0,0,0,4,1,6,2,66,10,-1,-1,-1,10,1,10
2018410802544,1,9,0,9,0,6,0,0,0,0,3,1,6,2,73,10,1798,1,4,8,1,8
2018410802544,2,9,0,18,0,8,0,0,0,0,1,1,6,1,-1,-1,1399,1,11,8,1,8
2018410802551,1,9,0,18,0,1,0,0,0,0,1,1,5,2,57,9,1390,1,19,9,1,9
2018410802551,2,5,0,18,0,1,0,0,0,0,1,1,5,1,58,9,781,1,16,10,1,10
2018410802571,1,5,0,18,0,3,0,0,0,0,1,1,6,1,21,5,749,1,10,9,1,9
2018410802571,2,9,0,9,0,4,0,0,0,0,3,1,6,2,21,5,998,1,14,10,1,10
2018410802594,1,9,0,1,0,0,0,0,0,0,1,1,6,1,-1,-1,1197,1,7,-1,-1,-1
2018410802594,2,9,0,18,0,0,0,0,0,0,1,1,6,1,49,8,1591,1,11,7,1,7
2018410802602,1,9,0,18,0,0,0,0,0,0,3,1,6,1,70,10,2497,1,16,7,1,7
2018410802611,1,9,0,9,0,7,0,0,0,0,1,1,5,2,26,6,2143,2,8,3,1,3
2018410802611,2,9,0,18,0,1,1,0,0,0,4,1,5,2,55,8,-1,-1,-1,4,1,4
2018410802717,1,19,0,4,0,0,0,0,0,0,3,1,1,1,71,10,2402,2,13,6,1,6
2018410802726,1,9,0,14,0,0,0,4,0,0,1,1,6,2,38,7,1999,1,3,9,1,9
2018410802726,2,9,0,2,0,0,0,0,1,0,2,1,6,2,53,8,1498,1,12,2,1,2
2018410802735,1,98,0,14,0,1,0,0,0,0,4,1,2,1,42,7,-1,-1,-1,7,1,7
2018410802746,1,9,0,5,0,6,0,0,0,0,1,1,6,2,28,6,999,1,3,9,1,9
2018410802746,2,1,0,18,0,1,0,0,0,0,3,1,6,1,53,8,-1,-1,-1,10,1,10
2018410802747,1,9,0,18,0,0,0,0,0,0,4,1,6,2,34,6,1242,1,4,7,1,7
2018410802750,1,9,0,9,0,6,0,0,0,0,4,1,6,2,-1,-1,1398,1,17,10,1,10
2018410802750,2,1,0,18,0,8,0,0,0,0,1,1,5,1,14,3,-1,-1,-1,10,1,10
2018410802767,1,9,0,12,0,0,1,10,1,0,2,1,5,1,33,6,1984,1,4,8,1,8
2018410802767,2,9,0,4,0,0,0,0,6,0,1,1,5,1,27,6,3189,1,11,10,1,10
2018410802772,1,-1,0,18,0,3,0,0,0,0,4,1,6,3,-1,-1,-1,-1,-1,-1,-1,-1
2018410802781,1,9,0,17,0,0,1,0,7,9,1,1,5,2,18,4,1199,1,15,6,1,6
2018410802792,1,9,0,17,0,0,0,0,0,0,1,1,3,2,31,6,1598,1,15,4,1,4
2018410802792,2,9,0,4,0,0,0,0,0,0,2,1,6,2,-1,-1,1328,1,12,7,1,7
2018410802813,1,9,0,18,0,4,0,0,0,0,2,1,5,2,21,5,1197,1,1,6,1,6
2018410802813,2,9,0,18,0,4,0,0,0,0,1,1,6,2,50,8,1598,1,12,5,1,5
2018410802831,1,9,0,5,0,8,0,0,0,0,1,1,5,1,62,9,2494,8,-1,6,1,6
2018410802831,2,9,0,18,0,1,0,0,0,0,1,1,2,2,53,8,1197,1,2,9,1,9
2018410802842,1,9,0,18,0,1,0,0,0,0,1,1,6,1,18,4,1596,1,5,7,1,7
2018410802842,2,9,0,18,0,1,0,0,0,0,3,1,6,1,57,9,1795,1,15,4,1,4
2018410802842,3,9,0,2,0,1,0,0,0,0,2,1,6,3,-1,-1,1896,2,9,-1,-1,-1
2018410802843,1,9,0,1,0,0,0,0,0,0,2,1,6,2,39,7,1995,2,7,10,1,10
2018410802850,1,9,0,5,0,8,0,0,0,0,1,1,5,2,69,10,1461,2,8,10,1,10
2018410802852,1,9,0,5,0,4,0,0,0,0,1,1,2,1,57,9,1598,1,8,4,1,4
2018410802852,2,1,0,18,0,4,0,0,0,0,4,1,6,1,35,6,-1,-1,-1,6,1,6
2018410802870,1,19,0,18,0,0,0,0,0,0,1,1,6,1,61,9,1998,2,17,5,3,5
2018410802870,2,9,0,18,0,0,0,0,0,0,1,1,6,1,43,7,1685,2,4,5,1,5
2018410802870,3,19,0,18,0,0,0,0,0,0,1,1,6,1,51,8,1560,2,-1,5,1,5
2018410802870,4,9,0,18,0,0,0,0,0,0,1,1,6,1,20,4,1248,1,3,10,1,10
2018410802870,5,9,0,18,0,0,0,0,0,0,1,1,6,1,31,6,2993,2,10,10,2,10
2018410802870,6,9,0,18,0,0,0,0,0,0,1,1,6,3,-1,-1,-1,-1,-1,-1,-1,-1
2018410802880,1,19,0,4,0,0,0,0,0,0,1,1,1,1,48,8,1968,2,2,1,1,1
2018410802880,2,9,0,4,0,0,0,0,0,0,2,1,5,2,27,6,1499,8,1,3,1,3
2018410802885,1,11,0,4,0,0,0,0,0,0,4,1,1,1,53,8,-1,-1,-1,7,1,7
2018410802901,1,9,0,18,0,0,0,0,0,0,1,1,5,2,54,8,2143,2,4,8,1,8
2018410802901,2,9,0,18,0,0,0,0,0,0,2,1,5,1,30,6,1995,2,1,2,1,2
2018410802903,1,19,0,18,9,0,0,0,0,0,1,1,6,1,50,8,1560,2,3,7,1,7
2018410802904,1,9,0,4,0,0,0,0,0,0,1,1,5,2,38,7,1248,2,7,9,1,9
2018410802904,2,9,0,4,0,0,0,0,0,0,2,1,2,2,36,7,2143,2,3,8,2,8
2018410802904,3,9,0,4,0,0,0,0,0,0,2,1,2,1,44,7,2967,2,1,7,3,7
2018410802909,1,9,0,18,0,0,0,0,0,0,1,1,5,1,45,7,1587,1,11,5,1,5
2018410802910,1,9,0,9,0,8,0,0,0,0,4,1,6,1,43,7,1461,2,9,4,1,4
2018410802910,2,9,0,18,0,8,0,0,0,0,1,1,6,1,18,4,998,1,9,4,1,4
2018410802916,1,9,0,5,0,4,0,0,0,0,1,1,6,2,51,8,1560,2,14,3,1,3
2018410802916,2,9,0,5,0,4,5,0,0,0,2,1,6,2,23,5,2143,2,-1,9,1,9
2018410802929,1,9,0,3,0,0,0,0,0,0,2,1,5,2,25,5,1995,2,2,7,1,7
2018410802929,2,9,0,3,0,0,0,0,0,0,2,1,5,2,63,9,1598,2,5,8,1,8
2018410802929,3,9,0,4,0,0,0,0,0,0,1,1,5,2,24,5,1200,1,1,7,1,7
2018410802929,4,9,0,3,0,0,0,0,0,0,1,1,6,2,26,6,1328,1,9,9,1,9
2018410802941,1,9,0,5,0,2,0,0,0,0,1,1,6,3,-1,-1,-1,-1,-1,-1,-1,-1
2018410802941,2,1,0,5,0,2,5,0,0,0,2,1,5,1,49,8,-1,-1,-1,8,1,8
2018410802994,1,9,0,18,0,8,1,7,0,0,1,1,5,1,76,11,1339,1,6,10,1,10
2018410803019,1,9,0,18,0,4,0,0,2,0,1,1,5,2,26,6,1598,2,7,7,1,7
2018410803019,2,20,0,9,0,8,0,0,0,0,4,1,1,1,37,7,6700,2,2,7,1,7
2018410803031,1,9,0,18,0,8,0,0,0,0,1,1,6,2,39,7,1396,1,8,5,1,5
2018410803031,2,9,0,18,0,8,0,0,0,0,3,1,5,1,85,11,998,1,3,10,1,10
2018410803033,1,9,0,11,0,3,0,0,0,0,3,1,5,2,18,4,1242,1,8,8,3,8
2018410803033,2,9,0,11,0,3,0,0,0,0,4,1,6,3,-1,-1,-1,-1,-1,-1,-1,-1
2018410803038,1,9,0,5,0,8,0,0,0,0,3,1,2,2,35,6,1989,1,16,7,2,7
2018410803038,2,9,0,18,0,1,0,0,0,0,1,1,2,2,57,9,1596,1,15,10,3,10
2018410803046,1,19,0,1,0,0,0,0,0,0,2,1,2,1,54,8,1995,2,11,9,3,9
2018410803052,1,9,0,18,0,2,0,0,0,0,1,1,1,1,57,9,-1,-1,-1,-1,-1,-1
2018410803052,2,1,0,18,0,2,5,0,0,0,2,1,5,1,49,8,-1,-1,-1,6,1,6
2018410803057,1,9,0,1,9,0,0,0,7,0,2,1,5,2,85,11,1242,1,18,10,1,10
2018410803057,2,19,0,2,9,0,0,0,0,0,3,1,1,1,43,7,2402,2,11,9,1,9
2018410803063,1,9,0,18,0,0,0,4,0,0,1,1,5,1,81,11,1582,2,7,8,1,8
2018410803063,2,9,0,2,0,0,0,0,0,0,3,1,6,2,-1,-1,1598,1,4,-1,-1,-1
2018410803087,1,9,0,5,0,0,0,0,0,0,1,1,6,3,-1,-1,-1,-1,-1,-1,-1,-1
2018410803087,2,23,0,18,0,0,0,0,0,0,4,1,1,1,27,6,-1,-1,-1,7,1,7
2018410803102,1,9,0,9,0,6,0,0,0,0,0,1,1,1,28,6,1242,1,3,4,1,4
2018410803102,2,3,0,18,0,1,2,0,0,0,0,1,1,1,31,6,124,1,10,4,1,4
2018410803104,1,21,0,18,0,4,0,0,0,0,1,1,5,1,49,8,10677,2,1,9,3,9
2018410803104,2,9,0,4,0,4,0,0,0,0,2,1,5,1,24,5,1560,2,5,7,1,7
2018410803120,1,9,0,12,0,2,0,0,0,0,2,1,6,1,29,6,-1,-1,-1,7,1,7
2018410803120,2,9,0,18,0,2,0,0,0,0,1,1,6,1,30,6,1199,1,17,5,1,5
2018410803123,1,9,0,18,0,0,0,0,0,0,1,1,5,1,64,9,2925,2,-1,10,1,10
2018410803123,2,9,0,2,0,0,0,0,0,0,2,1,6,1,22,5,1798,1,-1,6,3,6
2018410803131,1,2,0,18,0,0,1,0,0,0,3,1,6,1,16,4,49,1,2,10,1,10
2018410803143,1,9,0,5,0,0,0,0,0,0,1,1,6,1,27,6,1596,1,10,4,1,4
2018410803147,1,9,0,3,0,1,0,0,0,0,2,1,5,2,62,9,1582,2,2,3,1,3
2018410803147,2,9,0,3,0,1,0,0,0,0,2,1,5,2,55,8,1339,1,13,5,1,5
2018410803147,3,9,0,3,0,1,0,0,0,0,1,1,6,1,33,6,1399,1,-1,5,1,5
2018410803149,1,9,0,18,0,8,0,0,0,0,1,1,2,2,26,6,1560,2,4,5,1,5
2018410803149,2,9,0,5,0,8,0,0,0,0,3,1,2,2,29,6,1364,1,11,9,1,9
2018410803151,1,9,0,9,0,3,0,0,0,0,0,1,5,1,31,6,1496,2,-1,2,1,2
2018410803151,2,3,0,9,0,3,0,0,0,0,0,1,2,1,59,9,115,1,3,9,1,9
2018410803154,1,9,0,7,0,1,0,0,0,0,1,1,5,2,40,7,1390,1,6,9,1,9
2018410803154,2,9,0,18,0,1,0,0,0,0,2,1,1,2,46,8,1200,1,1,9,2,9
2018410803161,1,1,0,18,0,1,0,0,0,0,3,1,6,1,-1,-1,-1,-1,-1,10,1,10
2018410803161,2,9,0,13,0,1,0,0,0,0,4,1,6,2,42,7,1364,1,9,7,1,7
2018410803163,1,9,0,18,0,0,0,0,0,0,3,1,5,1,68,10,1400,1,13,10,1,10
2018410803163,2,98,0,11,0,0,0,0,0,0,4,1,5,1,40,7,-1,-1,-1,-1,-1,-1
2018410803224,1,3,0,18,0,0,0,0,0,0,1,1,6,1,30,6,124,1,7,2,1,2
2018410803224,2,9,0,5,0,0,0,0,0,0,2,1,6,1,60,9,1149,1,16,6,1,6
2018410803233,1,19,0,18,0,3,0,0,0,0,1,1,6,1,-1,-1,1995,2,10,9,1,9
2018410803233,2,9,0,9,0,3,0,0,0,0,3,1,5,1,23,5,2494,1,21,6,1,6
2018410803250,1,9,0,13,0,8,0,0,0,0,1,1,6,1,38,7,1395,1,4,10,1,10
2018410803250,2,9,0,6,0,8,0,0,0,0,1,1,1,1,38,7,-1,-1,-1,2,1,2
2018410803254,1,19,0,4,0,0,0,0,0,0,1,1,1,1,31,6,1995,2,1,5,3,5
2018410803254,2,9,0,4,0,0,0,0,0,0,2,1,1,1,-1,-1,2987,2,12,8,1,8
2018410803254,3,19,0,4,0,0,0,0,0,0,2,1,6,1,30,6,1560,2,6,8,1,8
2018410803254,4,9,0,4,0,0,0,0,0,0,2,1,6,1,47,8,1461,2,-1,4,1,4
2018410803283,1,9,0,18,0,0,0,0,0,0,1,1,6,1,57,9,2902,2,14,3,1,3
2018410803283,2,9,0,18,0,0,0,0,0,0,2,1,6,2,43,7,-1,-1,-1,5,1,5
2018410803287,1,19,0,7,0,7,0,0,0,0,4,1,6,1,23,5,1995,2,1,2,1,2
2018410803294,1,98,0,14,0,8,0,0,0,0,4,1,6,3,-1,-1,-1,-1,-1,-1,-1,-1
2018410803294,2,1,0,18,0,8,0,0,0,0,3,1,6,1,28,6,-1,-1,-1,8,1,8
2018410803325,1,9,0,9,0,2,0,0,0,0,1,1,1,2,23,5,1229,1,3,2,1,2
2018410803334,1,9,0,18,0,8,0,0,0,0,1,1,5,1,33,6,1598,2,4,3,-1,3
2018410803334,2,9,0,18,0,8,1,0,0,0,4,1,6,1,34,6,1496,2,3,3,1,3
2018410803371,1,9,0,4,0,0,0,0,0,0,0,1,5,1,64,9,2179,2,3,10,2,10
2018410803371,2,9,0,4,0,0,0,0,0,0,2,1,5,2,24,5,2000,2,12,4,1,4
2018410803371,3,9,0,4,0,0,0,0,0,0,1,1,5,2,41,7,1598,1,4,5,1,5
2018410803389,1,9,0,18,0,0,0,0,0,0,1,1,6,1,78,11,1386,1,6,9,2,9
2018410803389,2,9,0,18,0,0,0,0,0,0,1,1,6,2,39,7,1995,2,1,9,2,9
2018410803392,1,9,0,18,0,1,0,0,0,0,1,1,6,3,-1,-1,1910,2,8,-1,-1,-1
2018410803398,1,9,0,9,0,2,0,0,0,0,1,1,5,1,46,8,1798,8,4,7,1,7
2018410803460,1,9,0,3,0,0,0,0,0,0,2,1,2,1,55,8,2993,2,5,10,3,10
2018410803460,2,9,0,18,0,0,0,0,0,0,1,1,2,2,30,6,1395,1,3,9,1,9
2018410803460,3,9,0,3,0,0,0,0,0,0,2,1,2,2,19,4,1368,1,10,6,1,6
2018410803491,1,9,0,18,0,1,0,0,0,0,1,1,5,2,47,8,1968,2,2,10,1,10
2018410803491,2,1,0,18,0,1,0,0,0,0,3,1,6,1,18,4,-1,-1,-1,7,1,7
2018410803502,1,9,0,18,0,0,5,10,0,0,1,1,6,2,52,8,999,1,5,9,2,9
2018410803506,1,9,0,7,0,2,0,0,0,0,3,1,5,1,22,5,1364,1,-1,4,1,4
2018410803506,2,1,0,18,0,1,0,0,0,0,4,1,5,1,70,10,-1,-1,-1,9,2,9
2018410803509,1,9,0,9,0,0,0,0,0,0,1,1,6,3,-1,-1,-1,-1,-1,-1,-1,-1
2018410803528,1,19,0,18,0,0,0,0,0,0,1,1,1,1,31,6,1598,2,3,3,1,3
2018410803528,2,9,0,4,0,0,0,0,0,0,2,1,5,1,48,8,1968,2,4,3,1,3
2018410803532,1,9,0,18,0,0,1,0,1,0,1,1,5,2,44,7,1200,1,4,7,3,7
2018410803583,1,9,0,18,0,1,0,0,0,0,4,1,1,2,48,8,2993,2,9,9,1,9
2018410803583,2,9,0,9,0,6,0,0,0,0,1,1,1,2,25,5,-1,-1,-1,6,3,6
2018410803610,1,9,0,18,0,0,5,0,1,11,1,1,5,1,35,6,1796,1,15,10,1,10
2018410803619,1,9,0,7,0,2,0,0,3,1,1,1,2,1,38,7,1598,2,-1,2,1,2
2018410803624,1,9,0,3,0,0,0,0,0,0,3,1,6,2,44,7,1598,1,5,10,1,10
2018410803624,2,9,0,14,0,0,1,0,0,0,4,1,6,3,-1,-1,-1,-1,-1,-1,-1,-1
2018410803630,1,9,0,18,0,1,0,0,0,0,1,1,2,1,54,8,-1,-1,-1,6,1,6
2018410803636,1,9,0,9,0,2,0,0,0,0,1,1,5,2,17,4,1360,1,13,7,1,7
2018410803636,2,9,0,18,0,1,0,0,0,0,1,1,5,1,47,8,1798,1,8,10,1,10
2018410803649,1,9,0,4,0,0,0,0,0,0,1,1,6,2,31,6,1229,1,8,6,1,6
2018410803649,2,9,0,3,0,0,0,0,0,0,2,1,1,1,32,6,-1,-1,-1,10,1,10
2018410803664,1,9,0,18,0,1,0,0,0,0,1,1,1,1,31,6,1598,2,6,7,1,7
2018410803664,2,9,0,9,0,1,0,0,0,0,1,1,5,1,48,8,2979,1,1,10,1,10
2018410803664,3,9,0,18,0,1,0,0,0,0,1,1,5,2,54,8,1997,1,3,8,1,8
2018410803723,1,21,1,18,0,0,0,0,0,0,1,1,1,1,64,9,6370,2,12,6,1,6
2018410803723,2,9,0,18,0,0,0,0,0,0,2,1,5,1,-1,-1,1299,1,11,7,1,7
2018410803736,1,20,0,18,0,0,0,0,1,0,1,1,6,1,44,7,-1,-1,-1,-1,-1,-1
2018410803753,1,9,0,18,0,8,0,0,0,0,1,1,6,3,-1,-1,1598,1,11,-1,-1,-1
2018410803753,2,9,0,18,0,8,0,0,0,0,3,1,6,1,48,8,1390,1,16,10,1,10
2018410803757,1,9,0,17,0,0,1,0,7,4,1,1,6,1,35,6,998,1,13,3,1,3
2018410803757,2,19,0,18,0,0,0,0,0,0,1,1,2,1,32,6,1968,2,2,10,1,10
2018410803776,1,19,0,18,0,1,0,0,0,0,1,1,2,1,20,4,2198,2,5,7,3,7
2018410803776,2,9,0,10,0,5,0,0,0,0,4,1,2,2,58,9,3199,1,16,2,1,2
2018410803779,1,3,0,9,0,8,0,0,0,0,3,1,6,1,42,7,125,1,3,2,1,2
2018410803779,2,9,0,17,0,8,0,0,0,0,1,1,6,1,77,11,1395,1,-1,5,1,5
2018410803783,1,4,0,18,0,0,0,0,0,0,3,1,6,1,24,5,124,1,15,8,1,8
2018410803783,2,9,0,18,0,0,0,0,0,0,4,1,6,1,32,6,3982,1,2,3,1,3
2018410803844,1,9,0,16,0,0,2,0,7,0,1,1,5,1,36,7,1997,2,11,6,1,6
2018410803844,2,9,0,17,0,0,0,0,0,0,1,1,6,1,54,8,1197,1,4,8,1,8
2018410803860,1,9,0,2,0,1,0,0,0,0,2,1,6,3,-1,-1,-1,-1,-1,-1,-1,-1
2018410803860,2,21,1,1,0,6,0,0,0,0,2,1,1,1,33,6,7146,2,10,5,1,5
2018410803885,1,9,0,17,0,0,0,4,2,0,1,1,5,1,60,9,1896,2,17,6,3,6
2018410803885,2,9,0,2,6,0,0,0,1,0,2,1,5,1,49,8,2993,2,8,8,1,8
2018410803898,1,21,0,4,0,0,1,0,0,0,2,1,1,1,32,6,4500,2,11,6,1,6
2018410803898,2,9,0,17,0,0,0,0,0,0,1,1,2,2,30,6,1368,1,2,2,-1,2
2018410803935,1,9,0,18,0,0,0,0,0,0,1,1,6,1,31,6,2967,2,-1,4,1,4
2018410803935,2,19,0,18,0,0,0,0,0,0,2,1,6,1,36,7,-1,-1,-1,9,2,9
2018410803935,3,9,0,18,0,0,0,0,0,0,2,1,6,2,-1,-1,-1,-1,-1,8,2,8
2018410803945,1,9,0,12,0,0,0,0,0,0,3,1,6,2,41,7,1364,1,13,5,1,5
2018410803945,2,9,0,18,0,0,0,0,0,0,4,1,6,1,68,10,2993,2,1,7,1,7
2018410804002,1,9,0,9,0,3,1,0,0,0,4,1,5,1,67,10,-1,-1,-1,5,1,5
2018410804002,2,19,0,7,0,7,0,0,0,0,3,1,6,1,26,6,1995,2,1,7,1,7
2018410804009,1,9,0,9,0,1,0,0,0,0,1,1,4,2,34,6,2967,2,4,8,1,8
2018410804009,2,19,4,18,0,1,1,0,0,0,3,1,1,1,27,6,2300,2,13,7,1,7
2018410804057,1,-1,0,18,0,4,0,0,0,0,1,1,6,3,-1,-1,-1,-1,-1,-1,-1,-1
2018410804057,2,1,0,18,0,3,0,0,0,0,2,1,5,1,21,5,-1,-1,-1,7,1,7
2018410804076,1,9,0,18,0,0,0,0,0,0,4,1,5,1,33,6,1956,2,7,3,1,3
2018410804079,1,9,0,5,1,0,0,0,0,0,1,1,6,2,33,6,1398,1,7,9,1,9
2018410804079,2,9,0,4,0,0,0,0,0,0,2,1,6,1,-1,-1,1363,2,14,6,1,6
2018410804088,1,9,0,5,0,6,0,0,0,0,1,1,5,1,41,7,2993,2,7,9,1,9
2018410804088,2,1,0,18,0,1,0,0,0,0,1,1,5,1,-1,-1,-1,-1,-1,9,1,9
2018410804141,1,9,0,9,0,2,0,0,0,0,1,1,5,1,72,10,6750,1,17,9,3,9
2018410804154,1,9,0,2,0,1,0,0,0,0,3,1,6,3,-1,-1,1753,2,8,-1,-1,-1
2018410804154,2,1,0,18,0,1,0,0,0,0,1,1,6,1,47,8,-1,-1,-1,4,1,4
2018410804201,1,9,0,18,0,0,0,0,0,0,1,1,6,3,-1,-1,2967,2,1,-1,-1,-1
2018410804218,1,9,0,9,0,6,0,0,0,0,1,1,6,1,71,10,1318,1,1,9,1,9
2018410804225,1,9,0,18,0,0,0,0,0,0,1,1,6,2,35,6,1796,1,9,10,1,10
2018410804225,2,9,0,4,0,0,0,0,0,0,2,1,6,2,40,7,1596,1,11,6,1,6
2018410804225,3,19,0,4,0,0,0,0,0,0,2,1,6,1,42,7,1995,2,-1,5,1,5
2018410804235,1,9,0,14,0,0,5,0,0,0,1,1,5,1,17,4,1242,1,3,9,1,9
2018410804235,2,9,0,2,0,0,0,0,0,0,2,1,6,3,-1,-1,1242,1,18,-1,-1,-1
2018410804375,1,9,0,5,0,1,0,0,0,0,2,1,5,1,77,11,1229,1,11,10,1,10
2018410804375,2,9,0,5,0,1,0,0,0,0,1,1,5,1,58,9,2987,2,6,8,1,8
2018410804436,1,9,0,5,0,1,0,0,0,0,1,1,6,3,-1,-1,-1,-1,-1,-1,-1,-1
2018410804479,1,9,0,8,0,1,0,0,0,0,3,1,1,2,38,7,1198,1,6,9,3,9
2018410804479,2,9,0,18,0,1,0,0,0,0,1,1,5,2,56,9,999,1,-1,10,2,10
2018410804483,1,9,0,18,0,0,0,0,0,0,1,1,5,2,32,6,1598,1,16,10,1,10
2018410804483,2,9,0,18,0,0,0,0,0,0,1,1,5,2,19,4,998,1,-1,9,2,9
2018410804485,1,9,0,18,0,0,0,4,0,0,1,1,6,2,86,11,998,1,-1,9,3,9
2018410804485,2,9,0,18,0,0,0,0,0,0,2,1,6,2,48,8,1388,1,15,10,1,10
2018410804485,3,9,0,18,0,0,0,0,0,0,2,1,6,2,-1,-1,-1,-1,-1,9,3,9
2018410804489,1,9,0,9,0,5,0,0,0,0,1,1,6,2,-1,-1,1598,2,3,8,1,8
2018410804598,1,9,0,16,0,0,1,0,0,0,0,1,2,1,18,4,-1,-1,-1,10,3,10
2018410804604,1,9,0,18,0,0,0,0,0,0,1,1,6,2,62,9,1395,1,3,10,1,10
2018410804656,1,-1,0,18,0,1,0,0,0,0,1,1,6,3,-1,-1,-1,-1,-1,-1,-1,-1
2018410804656,2,10,0,18,0,1,0,0,0,0,2,1,5,2,37,7,-1,-1,-1,10,1,10
2018410804661,1,9,0,5,0,0,0,0,0,0,1,1,5,1,68,10,1598,1,9,4,1,4
2018410804661,2,9,0,5,0,0,0,0,0,0,2,1,5,2,46,8,1596,1,13,4,1,4
2018410804663,1,9,0,9,0,1,0,0,0,0,1,1,6,2,25,5,1499,1,-1,6,1,6
2018410804663,2,9,0,18,0,1,0,0,0,0,1,1,6,2,29,6,1240,1,9,8,1,8
2018410804663,3,9,0,3,0,1,0,0,0,0,1,1,6,2,38,7,1999,2,3,4,1,4
2018410804686,1,9,0,18,9,0,5,0,0,0,1,1,5,1,17,4,-1,-1,-1,3,1,3
2018410804767,1,9,0,18,0,0,1,0,5,0,3,1,6,1,21,5,1149,1,11,6,1,6
2018410804777,1,9,0,18,0,0,0,0,0,0,0,1,6,1,44,7,1995,2,3,3,1,3
2018410804777,2,19,0,2,0,0,0,0,0,0,0,1,1,1,-1,-1,2148,2,10,-1,-1,-1
2018410804815,1,9,0,18,0,1,0,0,0,0,1,1,6,2,40,7,2199,2,8,8,3,8
2018410804815,2,9,0,5,0,6,0,0,0,0,2,1,3,1,50,8,1560,2,-1,7,1,7
2018410804835,1,9,0,18,0,1,0,0,0,0,3,1,1,1,38,7,2000,1,12,3,1,3
2018410804835,2,9,0,18,0,1,0,0,0,0,3,1,5,1,51,8,1242,1,5,6,1,6