Accident_Index,Vehicle_Reference,Vehicle_Type,Towing_and_Articulation,Vehicle_Manoeuvre,Vehicle_Location-Restricted_Lane,Junction_Location,Skidding_and_Overturning,Hit_Object_in_Carriageway,Vehicle_Leaving_Carriageway,Hit_Object_off_Carriageway,1st_Point_of_Impact,Was_Vehicle_Left_Hand_Drive?,Journey_Purpose_of_Driver,Sex_of_Driver,Age_of_Driver,Age_Band_of_Driver,Engine_Capacity_(CC),Propulsion_Code,Age_of_Vehicle,Driver_IMD_Decile,Driver_Home_Area_Type,Vehicle_IMD_Decile
2018410804857,1,9,0,4,0,0,0,0,0,0,1,1,5,1,17,4,1242,1,14,5,1,5
2018410804857,2,9,0,3,0,0,0,0,0,0,2,1,5,1,63,9,3200,2,14,10,3,10
2018410805029,1,9,0,4,0,0,0,0,0,0,2,1,6,3,-1,-1,-1,-1,-1,-1,-1,-1
2018410805029,2,9,0,18,0,0,0,0,0,0,1,1,6,2,33,6,1560,2,7,4,1,4
2018410805036,1,9,0,18,0,0,2,0,0,0,0,1,5,1,19,4,1390,1,14,9,1,9
2018410805043,1,21,1,18,0,0,1,0,0,0,1,1,1,1,37,7,11946,2,6,6,1,6
2018410805043,2,9,0,4,0,0,0,0,0,0,2,1,5,2,40,7,1560,2,9,5,1,5
2018410805061,1,9,0,16,0,0,1,0,0,0,1,1,6,1,19,4,1598,1,19,5,1,5
2018410805061,2,9,0,18,0,0,0,0,0,0,1,1,6,1,70,10,2143,2,2,7,1,7
2018410805063,1,9,0,18,0,0,0,0,0,0,1,1,6,2,40,7,1598,1,10,10,1,10
2018410805063,2,9,0,3,0,0,0,0,0,0,2,1,2,1,53,8,1968,2,2,3,3,3
2018410805063,3,9,0,3,0,0,0,0,0,0,2,1,2,2,48,8,1242,1,1,8,3,8
2018410805080,1,9,0,18,0,0,0,0,0,0,1,1,2,2,43,7,1598,1,3,8,1,8
2018410805080,2,19,0,4,0,0,0,0,0,0,2,1,2,1,40,7,-1,-1,-1,4,1,4
2018410805080,3,19,0,4,0,0,0,0,0,0,2,1,2,1,39,7,1560,2,2,8,3,8
2018410805080,4,9,0,4,0,0,0,0,0,0,2,1,2,1,43,7,1896,2,13,2,1,2
2018410805091,1,9,0,5,0,0,0,0,0,0,1,1,6,2,26,6,898,1,-1,10,1,10
2018410805095,1,9,0,4,0,0,0,0,0,0,1,1,1,2,44,7,1796,1,11,6,1,6
2018410805095,2,9,0,4,0,0,0,0,0,0,2,1,3,2,36,7,1339,1,16,6,1,6
2018410805105,1,9,0,10,0,0,0,0,0,0,1,1,6,2,-1,-1,1598,1,6,9,1,9
2018410805105,2,9,0,4,0,0,0,0,0,0,2,1,6,2,45,7,1197,1,7,5,1,5
2018410805125,1,9,0,18,0,1,0,0,0,0,1,1,6,2,80,11,1995,1,14,6,3,6
2018410805125,2,9,0,3,0,1,0,0,0,0,2,1,6,2,43,7,1598,1,7,5,1,5
2018410805247,1,9,0,18,0,0,0,0,0,0,1,1,6,1,51,8,1499,2,1,9,3,9
2018410805247,2,9,0,3,0,0,0,0,0,0,2,1,6,1,63,9,1398,2,10,10,1,10
2018410805281,1,9,0,16,0,0,2,0,2,0,1,1,5,1,47,8,2231,2,10,5,1,5
2018410805284,1,-1,0,18,0,0,0,0,0,0,0,1,6,3,-1,-1,-1,-1,-1,-1,-1,-1
2018410805284,2,9,0,18,0,0,0,0,5,6,1,1,6,1,28,6,1910,2,10,4,1,4
2018410805284,3,9,0,18,0,0,0,0,0,0,1,1,6,2,79,11,1968,2,5,10,2,10
2018410805311,1,9,0,18,0,0,1,0,0,0,1,1,5,2,24,5,1242,1,2,4,1,4
2018410805311,2,9,0,18,0,0,0,0,0,0,1,1,5,1,82,11,1997,2,1,10,1,10
2018410805334,1,9,0,5,0,6,0,0,0,0,3,1,3,1,82,11,1200,1,4,10,1,10
2018410805334,2,9,0,18,0,1,0,0,0,0,1,1,1,1,42,7,-1,-1,-1,-1,3,-1
2018410805334,3,9,0,18,0,1,0,0,0,0,1,1,2,1,19,4,1969,2,1,10,1,10
2018410805341,1,9,0,16,0,8,0,0,0,0,1,1,6,2,43,7,1364,1,8,2,1,2
2018410805341,2,21,1,16,0,8,0,0,0,0,2,1,1,1,49,8,12419,2,3,1,1,1
2018410805454,1,9,0,18,0,0,1,0,0,0,1,1,6,1,30,6,2184,2,11,9,1,9
2018410805454,2,9,0,4,0,0,0,0,0,0,2,1,6,1,48,8,999,1,1,10,2,10
2018410805469,1,9,0,18,0,0,0,0,0,0,1,1,5,1,26,6,1197,1,2,4,1,4
2018410805504,1,21,1,12,0,0,0,0,0,0,0,1,6,3,-1,-1,-1,-1,-1,-1,-1,-1
2018410805504,2,9,0,13,0,0,0,0,4,7,1,1,5,1,43,7,998,1,8,9,2,9
2018410805525,1,9,0,18,0,0,0,0,0,0,1,1,5,1,26,6,2993,2,1,3,1,3
2018410805525,2,9,0,4,0,0,0,0,0,0,2,1,5,1,33,6,2143,2,4,1,1,1
2018410805553,1,98,1,11,0,0,0,0,0,0,1,1,1,1,57,9,-1,-1,-1,-1,-1,-1
2018410805553,2,9,0,18,0,0,0,0,0,0,3,1,6,1,41,7,1598,2,9,5,1,5
2018410805561,1,9,0,2,0,0,0,0,0,0,1,1,2,1,47,8,1797,8,8,3,1,3
2018410805561,2,21,1,18,0,0,0,0,0,0,2,1,1,1,22,5,10837,2,2,1,1,1
2018410805613,1,9,0,4,0,0,0,0,0,0,1,1,1,1,22,5,-1,-1,-1,7,-1,7
2018410805613,2,19,0,3,0,0,0,0,0,0,2,1,1,1,38,7,1598,2,2,8,1,8
2018410805615,1,9,0,13,0,0,0,0,0,0,4,1,1,1,53,8,-1,-1,-1,-1,-1,-1
2018410805615,2,9,0,9,0,0,0,0,0,0,1,1,1,1,36,7,-1,-1,-1,6,1,6
2018410805625,1,9,0,18,0,0,0,0,0,0,3,1,6,1,36,7,1956,2,4,7,1,7
2018410805625,2,19,0,18,0,0,2,0,1,0,3,1,6,1,50,8,1560,2,4,6,1,6
2018410805625,3,9,4,18,0,0,1,0,0,0,1,1,6,1,68,10,-1,-1,-1,9,2,9
2018410805639,1,9,4,18,0,0,4,0,2,7,4,1,1,1,56,9,3200,2,18,6,1,6
2018410805642,1,9,0,4,0,0,1,0,0,0,1,1,6,1,52,8,1461,2,1,8,3,8
2018410805642,2,9,0,4,0,0,0,0,0,0,2,1,6,2,48,8,1598,2,4,2,1,2
2018410805642,3,9,0,4,0,0,0,0,0,0,2,1,3,2,31,6,1598,2,3,9,3,9
2018410805648,1,4,0,18,0,8,1,9,3,2,1,1,5,1,19,4,398,1,15,10,1,10
2018410805656,1,19,0,16,0,0,0,0,0,0,1,1,2,1,29,6,2198,2,11,5,1,5
2018410805656,2,9,0,17,0,0,0,0,0,0,1,1,5,2,57,9,1560,2,6,8,2,8
2018410805670,1,9,0,18,0,0,0,2,0,0,1,1,6,1,30,6,1587,1,14,10,1,10
2018410805670,2,9,0,18,0,0,0,0,0,0,2,1,6,1,40,7,-1,-1,-1,7,1,7
2018410805670,3,9,0,18,0,0,0,0,0,0,2,1,6,1,66,10,1798,1,11,8,1,8
2018410805670,4,21,0,4,0,0,0,0,0,0,2,1,1,1,34,6,6700,2,2,9,3,9
2018410805718,1,9,0,18,0,0,0,0,0,0,1,1,1,2,31,6,1368,1,1,4,-1,4
2018410805828,1,9,0,9,0,2,0,0,0,0,1,1,5,1,30,6,1398,1,16,8,1,8
2018410805834,1,98,1,1,0,2,0,0,0,0,2,1,1,1,55,8,-1,-1,-1,2,1,2
2018410805834,2,9,0,3,0,2,0,0,0,0,1,1,5,2,58,9,1339,1,8,8,1,8
2018410805846,1,9,0,5,0,6,0,0,0,0,1,1,5,1,51,8,1998,1,1,6,1,6
2018410805851,1,9,0,3,0,0,0,0,1,0,1,1,5,1,21,5,1596,1,1,6,1,6
2018410805851,2,9,0,3,0,0,0,0,1,0,2,1,5,1,23,5,-1,-1,-1,6,1,6
2018410805877,1,9,0,18,0,0,0,0,1,4,1,1,6,2,48,8,1229,1,8,8,2,8
2018410805883,1,9,0,4,0,1,0,0,0,0,1,1,6,1,19,4,1229,1,10,8,1,8
2018410805895,1,9,0,18,0,0,0,0,0,0,2,1,6,1,56,9,1197,1,3,10,1,10
2018410805895,2,9,0,18,0,0,1,4,0,0,3,1,2,1,31,6,1968,2,1,5,1,5
2018410805895,3,9,0,2,0,0,1,0,0,0,1,1,6,2,73,10,1598,2,6,6,1,6
2018410805908,1,21,1,5,0,0,0,0,0,0,4,1,1,1,37,7,12902,2,2,2,1,2
2018410805908,2,5,0,18,0,0,0,0,0,0,3,1,6,1,61,9,1170,1,12,9,1,9
2018410805908,3,98,1,3,0,0,0,0,0,0,3,1,1,1,-1,-1,-1,-1,-1,-1,-1,-1
2018410805950,1,9,0,11,0,0,1,0,1,10,4,1,2,1,39,7,1991,8,1,9,1,9
2018410805950,2,9,0,18,0,0,0,0,0,0,3,1,6,1,68,10,-1,-1,-1,4,1,4
2018410805962,1,9,0,18,0,8,0,0,0,0,3,1,5,1,-1,-1,2298,1,20,5,1,5
2018410805962,2,9,0,18,0,8,0,0,0,0,4,1,5,2,23,5,1108,1,8,5,1,5
2018410806093,1,11,0,7,0,2,0,0,0,0,1,1,1,1,64,9,6700,2,1,8,2,8
2018410806098,1,9,0,17,0,1,0,10,0,0,3,1,6,3,-1,-1,-1,-1,-1,-1,-1,-1
2018410806112,1,9,0,18,0,0,0,0,0,0,4,1,2,2,21,5,1398,1,6,9,1,9
2018410806112,2,9,0,18,0,0,0,0,0,0,1,1,5,1,78,11,998,1,2,4,1,4
2018410806115,1,9,0,18,0,1,0,0,0,0,1,1,6,2,88,11,1242,1,1,10,1,10
2018410806115,2,9,0,2,0,1,0,0,0,0,1,1,6,3,-1,-1,-1,-1,-1,-1,-1,-1
2018410806128,1,1,0,18,0,8,0,0,0,0,1,1,6,1,46,8,-1,-1,-1,10,1,10
2018410806128,2,9,0,18,0,8,0,0,0,0,3,1,6,1,-1,-1,1242,1,3,10,1,10
2018410806156,1,19,0,17,0,0,0,0,0,0,1,1,2,2,51,8,2143,2,6,7,3,7
2018410806156,2,19,0,16,0,0,0,0,7,0,1,1,2,1,28,6,1499,2,4,9,1,9
2018410806168,1,9,0,4,0,1,0,0,0,0,1,1,6,2,22,5,1362,1,5,3,1,3
2018410806168,2,9,0,9,0,1,0,0,0,0,1,1,6,1,27,6,1598,1,6,5,1,5
2018410806182,1,9,0,5,0,0,0,0,0,0,1,1,1,2,32,6,1598,1,7,10,1,10
2018410806182,2,9,0,2,0,0,0,0,0,0,3,1,6,3,-1,-1,999,1,1,-1,-1,-1
2018410806182,3,9,0,2,0,0,0,0,0,0,4,1,6,3,-1,-1,1995,2,5,-1,-1,-1
2018410806247,1,9,0,18,0,1,0,0,0,0,3,1,2,1,61,9,1461,2,4,5,2,5
2018410806247,2,9,0,5,0,1,0,0,0,0,1,1,5,1,69,10,1598,2,2,9,1,9
2018410806251,1,9,0,4,0,1,1,7,7,1,1,1,6,2,66,10,898,1,2,3,1,3
2018410806313,1,19,0,16,9,0,0,0,8,0,1,1,6,1,36,7,1686,2,8,-1,-1,-1
2018410806337,1,9,0,18,0,0,0,0,0,0,3,1,5,2,80,11,1198,1,1,10,1,10
2018410806337,2,1,0,18,0,0,5,0,0,0,3,1,4,2,16,4,-1,-1,-1,10,1,10
2018410806350,1,19,0,17,0,0,1,0,1,4,1,1,3,2,35,6,-1,-1,-1,3,3,3
2018410806375,1,9,0,14,0,0,1,0,0,0,1,1,6,2,24,5,954,1,23,6,1,6
2018410806375,2,9,0,4,0,0,0,0,0,0,2,1,6,2,25,5,1364,1,2,9,1,9
2018410806375,3,9,0,4,0,0,0,0,0,0,2,1,6,1,29,6,1910,2,9,4,1,4
2018410806375,4,9,0,4,0,0,0,0,0,0,2,1,6,1,61,9,1984,1,2,4,3,4
2018410806377,1,9,0,5,0,0,0,0,0,0,1,1,2,1,31,6,1329,1,4,5,1,5
2018410806377,2,1,0,9,0,0,0,0,0,0,4,1,5,1,53,8,-1,-1,-1,4,1,4
2018410806405,1,9,0,16,0,3,0,0,0,0,1,1,6,2,39,7,1396,1,21,8,1,8
2018410806424,1,9,0,5,0,1,0,0,0,0,1,1,2,2,36,7,1461,2,4,6,1,6
2018410806424,2,1,0,18,0,1,0,0,0,0,1,1,6,2,47,8,-1,-1,-1,10,1,10
2018410806426,1,20,0,9,0,0,0,0,0,0,1,1,2,1,45,7,-1,-1,-1,6,1,6
2018410806426,2,9,0,18,0,0,0,0,0,0,3,1,5,2,32,6,1499,1,2,7,1,7
2018410806431,1,9,0,4,0,0,0,0,0,0,1,1,1,1,51,8,-1,-1,-1,3,1,3
2018410806431,2,19,0,4,0,0,0,0,0,0,2,1,1,1,30,6,-1,-1,-1,7,1,7
2018410806459,1,98,0,18,0,0,0,0,0,0,1,1,1,1,39,7,-1,-1,-1,-1,-1,-1
2018410806459,2,9,0,18,0,0,0,0,0,0,1,1,5,2,50,8,1598,1,13,10,3,10
2018410806468,1,9,0,18,0,4,0,0,0,0,1,1,6,2,26,6,1686,2,5,6,1,6
2018410806468,2,1,0,18,0,4,0,0,0,0,1,1,6,2,28,6,-1,-1,-1,6,1,6
2018410806549,1,9,0,17,0,0,0,0,0,0,3,1,5,2,66,10,1298,1,15,4,1,4
2018410806549,2,9,0,16,0,0,0,0,1,0,3,1,5,2,62,9,1388,1,12,10,3,10
2018410806553,1,9,0,18,0,0,2,0,2,7,1,1,6,1,51,8,1968,2,5,6,1,6
2018410806571,1,9,0,18,0,0,0,0,0,0,1,1,6,1,38,7,2143,2,1,4,1,4
2018410806571,2,9,0,18,0,0,1,0,1,7,2,1,6,2,35,6,1796,1,14,6,1,6
2018410806610,1,9,0,5,0,4,0,0,0,0,1,1,6,2,36,7,1499,1,-1,7,1,7
2018410806610,2,1,0,5,0,3,0,0,0,0,1,1,6,1,-1,-1,-1,-1,-1,5,1,5
2018410806647,1,9,0,18,0,8,0,11,0,0,1,1,2,1,31,6,1968,2,8,1,1,1
2018410806678,1,9,0,6,0,0,0,0,0,0,4,1,5,2,32,6,1598,1,13,7,3,7
2018410806678,2,9,0,18,0,0,0,0,1,9,1,1,5,1,46,8,1910,2,12,10,2,10
2018410806716,1,9,0,3,0,4,0,0,0,0,2,1,6,2,27,6,1364,1,4,4,1,4
2018410806716,2,9,0,3,0,4,0,0,0,0,1,1,6,1,-1,-1,1388,1,10,8,1,8
2018410806723,1,9,0,18,0,0,1,4,0,0,1,1,6,1,30,6,1229,1,12,5,1,5
2018410806723,2,19,0,2,0,0,0,0,0,0,1,1,6,1,48,8,2198,2,2,8,2,8
2018410806784,1,9,0,17,0,0,0,0,0,0,3,1,6,1,22,5,1910,2,12,7,1,7
2018410806784,2,5,0,18,0,0,5,0,0,0,1,1,6,1,53,8,955,1,14,3,1,3
2018410806796,1,9,0,18,0,0,0,0,0,0,1,1,5,2,19,4,1368,1,12,10,2,10
2018410806796,2,9,0,18,0,0,0,0,0,0,2,1,5,1,40,7,1598,2,-1,5,1,5
2018410806809,1,9,0,16,0,1,0,0,0,0,1,1,6,1,31,6,1998,1,2,3,1,3
2018410806809,2,9,0,5,0,1,0,0,0,0,2,1,6,2,21,5,1198,1,12,9,1,9
2018410806809,3,9,0,17,0,1,0,0,0,0,3,1,6,1,25,5,1995,2,5,7,1,7
2018410806835,1,9,0,18,0,0,0,0,0,0,0,1,6,3,-1,-1,-1,-1,-1,-1,-1,-1
2018410806835,2,1,0,18,0,0,0,0,0,0,0,1,5,2,-1,-1,-1,-1,-1,8,1,8
2018410806855,1,9,0,7,0,5,0,0,0,0,4,1,5,2,25,5,1339,1,11,9,1,9
2018410806855,2,1,0,15,0,1,0,0,0,0,1,1,5,2,40,7,-1,-1,-1,10,3,10
2018410806856,1,9,0,3,0,0,0,0,0,0,1,1,2,1,46,8,1364,2,11,-1,-1,-1
2018410806856,2,9,0,3,0,0,0,0,0,0,1,1,2,1,36,7,1598,2,1,8,1,8
2018410806856,3,9,0,3,0,0,0,0,0,0,2,1,2,1,29,6,1398,1,3,6,-1,6
2018410806864,1,9,0,4,0,2,0,0,0,0,1,1,5,1,43,7,1753,2,8,10,1,10
2018410806865,1,9,0,9,0,5,0,0,0,0,1,1,5,2,37,7,-1,-1,-1,7,1,7
2018410806865,2,9,0,18,0,1,0,0,0,0,0,1,6,1,80,11,-1,-1,-1,4,1,4
2018410806865,3,9,0,2,0,1,0,0,0,0,0,1,6,2,53,8,-1,-1,-1,-1,-1,-1
2018410806882,1,9,0,6,0,4,0,0,0,0,1,1,5,2,43,7,998,1,4,6,1,6
2018410806882,2,9,0,6,0,4,0,0,0,0,2,1,5,1,47,8,1984,1,4,9,3,9
2018410806883,1,9,0,4,0,0,0,0,0,0,1,1,5,1,26,6,1600,1,14,8,1,8
2018410806883,2,9,0,3,0,0,0,0,0,0,3,1,2,2,19,4,998,1,10,7,1,7
2018410806883,3,9,0,2,0,0,0,0,0,0,3,1,2,1,48,8,1969,2,1,8,1,8
2018410806884,1,9,0,9,0,4,0,0,0,0,1,1,5,1,17,4,1229,1,8,10,1,10
2018410806884,2,9,0,18,0,4,0,0,0,0,1,1,1,1,39,7,-1,-1,-1,4,1,4
2018410806889,1,9,0,16,0,2,0,0,0,0,1,1,6,1,17,4,1149,1,10,7,1,7
2018410806889,2,9,0,17,0,1,0,0,7,0,1,1,6,3,-1,-1,-1,-1,-1,-1,-1,-1
2018410806920,1,9,0,1,0,0,0,4,0,0,1,1,5,2,47,8,1364,1,-1,8,1,8
2018410806920,2,9,0,2,0,0,0,0,0,0,2,1,6,1,31,6,1229,1,6,8,1,8
2018410806920,3,9,0,2,0,0,0,0,0,0,1,1,6,2,63,9,1968,2,14,8,1,8
2018410806920,4,9,0,2,0,0,0,0,0,0,3,1,6,1,-1,-1,1598,1,16,7,1,7
2018410806928,1,9,0,18,0,2,0,0,0,0,1,1,5,1,43,7,1395,1,2,9,1,9
2018410806969,1,19,0,18,0,0,1,0,0,0,1,1,1,1,39,7,2143,2,-1,3,1,3
2018410806969,2,9,0,3,0,0,0,0,0,0,2,1,6,2,35,6,1388,1,8,6,1,6
2018410806969,3,9,0,3,0,0,0,0,0,0,2,1,6,1,39,7,1398,1,14,5,1,5
2018410806969,4,9,0,3,0,0,0,0,0,0,2,1,6,2,42,7,1200,1,1,10,1,10
2018410807007,1,9,0,18,0,0,1,0,0,0,1,1,6,2,24,5,2148,2,13,3,1,3
2018410807007,2,9,0,18,0,0,1,0,0,0,1,1,6,1,48,8,1796,1,12,8,1,8
2018410807007,3,9,0,18,0,0,0,0,0,0,3,1,6,1,56,9,1896,2,11,4,1,4
2018410807019,1,9,0,7,0,2,0,0,0,0,4,1,6,3,-1,-1,-1,-1,-1,-1,-1,-1
2018410807026,1,9,0,18,0,0,0,0,1,0,1,1,5,1,60,9,1999,1,13,10,1,10
2018410807035,1,9,0,7,0,1,0,0,0,0,1,1,5,1,25,5,2979,1,3,8,1,8
2018410807035,2,9,0,18,0,1,0,0,0,0,1,1,5,1,44,7,2996,1,1,6,3,6
2018410807046,1,9,0,18,0,0,0,0,0,0,1,1,1,1,59,9,-1,-1,-1,3,1,3
2018410807046,2,1,0,18,0,0,0,0,0,0,4,1,2,1,39,7,-1,-1,-1,6,1,6
2018410807072,1,9,0,10,0,0,0,0,0,0,3,1,1,1,19,4,1368,1,3,6,1,6
2018410807072,2,1,0,18,0,0,0,0,0,0,4,1,5,2,32,6,-1,-1,-1,6,1,6
2018410807199,1,9,0,18,0,0,0,0,1,4,1,1,1,1,43,7,1248,1,3,10,1,10
2018410807204,1,9,0,5,0,1,0,0,0,0,1,1,2,1,35,6,1499,1,2,9,1,9
2018410807213,1,9,0,18,0,4,0,0,3,0,1,1,5,1,25,5,1796,1,13,7,1,7
2018410807213,2,9,0,18,0,4,0,0,0,0,4,1,5,1,28,6,1968,2,2,4,1,4
2018410807221,1,4,0,18,0,1,0,0,0,0,0,1,1,1,21,5,313,1,1,3,1,3
2018410807221,2,9,0,9,0,6,0,0,0,0,0,1,1,1,20,4,1341,1,12,1,1,1
2018410807223,1,9,0,18,0,0,0,0,0,0,0,1,1,2,43,7,1248,2,4,10,1,10
2018410807223,2,9,0,18,0,0,0,0,0,0,4,1,6,2,38,7,1329,1,5,3,1,3
2018410807226,1,9,0,7,0,8,0,0,0,0,4,1,6,3,-1,-1,-1,-1,-1,-1,-1,-1
2018410807226,2,1,0,18,0,1,5,0,0,0,1,1,6,2,30,6,-1,-1,-1,4,1,4
2018410807233,1,9,0,18,0,0,0,0,0,0,1,1,6,1,-1,-1,1686,2,7,-1,-1,-1
2018410807233,2,20,0,18,0,0,0,0,0,0,2,1,1,1,53,8,6693,2,5,-1,-1,-1
2018410807233,3,9,0,18,0,0,0,0,0,0,0,1,1,1,-1,-1,1598,2,-1,4,1,4
2018410807478,1,9,0,15,0,0,0,0,0,0,1,1,6,1,31,6,2996,1,11,3,1,3
2018410807478,2,9,0,18,0,0,0,0,0,0,1,1,6,1,70,10,1896,2,16,8,1,8
2018410807514,1,9,0,18,0,1,0,0,0,0,1,1,6,1,85,11,1389,1,13,10,1,10
2018410807527,1,9,5,17,0,1,0,0,0,0,0,1,6,2,22,5,999,1,2,2,1,2
2018410807527,2,2,5,17,0,1,0,0,0,0,3,1,6,1,21,5,96,1,12,4,1,4
2018410807550,1,9,0,9,0,0,0,0,0,0,1,1,2,1,48,8,1798,8,1,6,1,6
2018410807550,2,1,0,16,0,0,0,0,0,0,3,1,5,2,55,8,-1,-1,-1,5,1,5
2018410807597,1,20,0,18,0,0,0,7,5,0,1,1,6,1,33,6,-1,-1,-1,4,1,4
2018410807597,2,9,0,18,0,0,0,0,0,0,1,1,6,1,31,6,1388,1,9,4,1,4
2018410807597,3,9,0,18,0,0,0,0,0,0,1,1,6,2,56,9,1591,1,4,7,1,7
2018410807664,1,9,0,18,0,0,0,7,6,6,1,1,6,1,78,11,1368,1,11,10,1,10
2018410807664,2,9,0,3,0,0,0,0,0,0,3,1,5,1,-1,-1,3456,8,12,7,1,7
2018410807667,1,19,0,1,9,6,0,0,0,0,2,1,1,1,30,6,2143,2,1,1,1,1
2018410807682,1,9,0,4,0,1,0,0,1,0,4,1,2,2,18,4,999,1,3,8,3,8
2018410807682,2,9,0,18,0,1,0,0,0,0,1,1,6,1,48,8,4395,1,2,7,3,7
2018410807766,1,9,0,9,0,6,0,0,0,0,3,1,6,2,28,6,1998,1,1,9,-1,9
2018410807766,2,9,0,18,0,8,0,7,0,0,1,1,6,2,85,11,996,1,5,10,1,10
2018410807774,1,9,0,9,0,1,0,0,0,0,1,1,5,1,85,11,1598,1,13,5,1,5
2018410807869,1,9,0,10,5,5,2,7,3,0,3,1,6,1,29,6,2497,1,17,4,1,4
2018410807902,1,9,0,5,0,0,0,0,0,0,1,1,1,1,59,9,1968,2,2,8,2,8
2018410807902,2,9,0,3,0,0,0,0,0,0,2,1,1,1,47,8,1597,1,19,5,1,5
2018410807952,1,9,0,15,0,0,0,0,0,0,4,1,6,3,-1,-1,-1,-1,-1,-1,-1,-1
2018410807952,2,1,0,18,0,0,1,0,0,0,4,1,5,1,17,4,-1,-1,-1,5,1,5
2018410807958,1,9,0,18,0,0,0,0,7,0,1,1,6,1,35,6,1398,1,-1,2,1,2
2018410807958,2,9,0,18,0,0,0,0,0,0,1,1,6,2,20,4,1390,1,12,6,2,6
2018410807997,1,9,0,18,0,1,0,0,0,0,4,1,6,2,40,7,1360,1,13,7,1,7
2018410808008,1,9,0,2,0,0,0,0,0,0,3,1,1,1,37,7,1686,2,6,3,1,3
2018410808008,2,19,0,14,0,0,0,4,0,0,1,1,1,1,56,9,2402,2,7,7,1,7
2018410808020,1,9,0,18,0,0,1,0,8,7,1,1,5,2,36,7,1994,1,14,10,1,10
2018410808066,1,9,0,5,0,0,0,0,0,0,0,1,2,1,29,6,1388,1,16,9,1,9
2018410808066,2,2,0,18,0,0,1,0,0,0,0,1,2,2,20,4,49,1,4,6,1,6
2018410808153,1,9,0,18,0,0,0,0,0,0,1,1,1,2,40,7,1956,2,5,6,2,6
2018410808281,1,9,0,18,0,0,1,0,2,0,1,1,6,2,66,10,898,1,1,10,1,10
2018410808281,2,9,0,18,0,0,1,0,0,0,1,1,6,2,47,8,1198,1,1,10,1,10
2018410808302,1,9,0,18,0,0,2,0,7,0,0,1,1,2,19,4,1242,1,13,10,1,10
2018410808316,1,9,0,18,0,0,0,0,0,0,1,1,5,2,33,6,1360,1,16,8,3,8
2018410808316,2,9,0,18,0,0,0,0,0,0,2,1,5,1,59,9,1798,1,11,3,1,3
2018410808316,3,9,0,18,0,0,0,0,0,0,2,1,5,1,41,7,2998,1,1,6,1,6
2018410808316,4,9,0,4,0,0,0,0,0,0,2,1,2,1,24,5,-1,-1,-1,7,3,7
2018410808341,1,1,0,18,0,0,0,0,0,0,1,1,6,1,33,6,-1,-1,-1,8,1,8
2018410808341,2,9,0,2,0,0,0,0,0,0,2,1,6,1,65,9,1598,1,12,5,1,5
2018410808372,1,9,0,18,0,1,0,0,0,0,1,1,6,1,61,9,2976,1,14,8,3,8
2018410808372,2,9,0,12,0,6,0,0,0,0,1,1,6,2,83,11,1240,1,9,10,1,10
2018410808427,1,19,0,1,0,0,0,0,0,0,2,1,1,1,27,6,1560,2,1,2,1,2
2018410808427,2,19,0,4,0,0,0,0,0,0,1,1,5,1,32,6,2198,2,4,6,1,6
2018410808430,1,9,0,18,0,1,0,0,1,0,1,1,5,2,84,11,1339,1,11,10,1,10
2018410808430,2,9,0,9,0,1,0,0,0,0,4,1,5,1,77,11,1498,1,-1,8,1,8
2018410808572,1,9,0,5,0,2,0,0,0,0,4,1,6,2,41,7,1794,1,13,8,1,8
2018410808581,1,9,0,3,0,4,0,0,0,0,2,1,2,1,49,8,1299,1,13,5,1,5
2018410808581,2,98,1,12,0,4,0,0,0,0,1,1,1,1,-1,-1,-1,-1,-1,-1,-1,-1
2018410808625,1,9,0,2,0,0,0,0,0,0,3,1,6,2,43,7,1995,2,11,10,1,10
2018410808625,2,9,0,14,0,0,0,0,0,0,4,1,6,3,-1,-1,-1,-1,-1,-1,-1,-1
2018410808667,1,9,0,18,0,0,0,0,0,0,3,1,1,2,45,7,1997,2,17,4,1,4
2018410808667,2,9,0,2,0,0,0,0,0,0,4,1,5,2,25,5,1596,1,6,4,1,4
2018410808687,1,9,0,5,0,8,0,0,0,0,3,1,2,1,71,10,1997,1,11,7,1,7
2018410808687,2,9,0,18,0,8,0,0,0,0,3,1,5,2,17,4,1242,1,6,9,1,9
2018410808767,1,9,0,9,0,0,0,0,0,0,3,1,1,1,53,8,2993,2,1,-1,-1,-1
2018410808767,2,9,0,18,0,0,0,0,0,0,1,1,5,2,36,7,1339,1,12,-1,-1,-1
2018410808767,3,9,0,2,0,0,0,0,0,0,0,1,5,1,23,5,1199,1,14,5,1,5
2018410808798,1,9,0,5,0,1,0,0,0,0,1,1,5,2,34,6,2996,1,10,2,1,2
2018410808798,2,1,0,18,0,1,0,0,0,0,1,1,5,1,49,8,-1,-1,-1,8,1,8
2018410809195,1,9,0,18,0,3,0,0,0,0,1,1,1,1,32,6,1797,8,4,7,1,7
2018410809195,2,9,0,16,0,4,5,0,1,0,1,1,3,1,20,4,1229,1,4,6,2,6
2018410809306,1,8,0,9,0,1,0,0,0,0,3,1,1,1,-1,-1,2231,2,4,2,1,2
2018410809417,1,9,0,4,0,0,0,0,0,0,0,1,1,2,37,7,998,1,4,5,1,5