Accident_Index,Vehicle_Reference,Vehicle_Type,Towing_and_Articulation,Vehicle_Manoeuvre,Vehicle_Location-Restricted_Lane,Junction_Location,Skidding_and_Overturning,Hit_Object_in_Carriageway,Vehicle_Leaving_Carriageway,Hit_Object_off_Carriageway,1st_Point_of_Impact,Was_Vehicle_Left_Hand_Drive?,Journey_Purpose_of_Driver,Sex_of_Driver,Age_of_Driver,Age_Band_of_Driver,Engine_Capacity_(CC),Propulsion_Code,Age_of_Vehicle,Driver_IMD_Decile,Driver_Home_Area_Type,Vehicle_IMD_Decile
2018410809417,2,2,0,15,0,0,0,0,0,0,1,1,2,1,17,4,102,1,11,6,1,6
2018410809444,1,9,0,9,0,0,0,0,0,0,1,1,1,1,55,8,2199,2,7,5,2,5
2018410809444,2,1,0,18,0,0,0,0,0,0,3,1,1,1,30,6,-1,-1,-1,5,3,5
2018410809627,1,9,0,18,0,1,5,0,2,2,4,1,6,2,94,11,1360,1,17,10,1,10
2018410809627,2,9,0,3,0,1,0,0,0,0,4,1,1,1,52,8,-1,-1,-1,3,1,3
2018410809932,1,9,0,18,0,0,1,0,1,4,3,1,5,1,35,6,2996,1,10,2,1,2
2018410809958,1,9,0,18,0,0,0,0,7,0,1,1,6,1,32,6,1596,1,14,10,1,10
2018410809958,2,9,0,18,0,0,0,0,0,0,1,1,1,1,41,7,2199,2,8,9,3,9
2018410810001,1,-1,0,9,0,2,0,0,0,0,1,1,6,3,-1,-1,-1,-1,-1,-1,-1,-1
2018410810009,1,9,0,18,0,1,0,0,0,0,4,1,5,2,25,5,998,1,6,7,1,7
2018410810009,2,1,0,18,0,1,0,0,0,0,1,1,5,1,13,3,-1,-1,-1,5,1,5
2018410810012,1,9,0,18,0,0,1,7,0,0,2,1,6,2,28,6,1248,1,6,10,1,10
2018410810012,2,9,0,18,0,0,1,0,1,0,2,1,6,2,21,5,1242,1,2,10,2,10
2018410810012,3,9,0,18,0,0,0,0,1,0,3,1,2,1,21,5,-1,-1,-1,9,1,9
2018410810012,4,20,0,11,0,0,1,4,0,0,1,1,1,1,37,7,-1,-1,-1,3,1,3
2018410810012,5,19,0,2,0,0,0,0,0,0,2,1,1,1,30,6,1598,2,1,9,1,9
2018410810026,1,9,0,4,0,0,0,0,0,0,1,1,5,2,53,8,1998,1,14,2,3,2
2018410810026,2,19,0,4,0,0,0,0,0,0,2,1,6,1,60,9,1598,2,2,7,1,7
2018410810225,1,9,0,18,0,0,0,0,0,0,3,1,6,1,57,9,1593,1,25,9,3,9
2018410810264,1,9,0,14,0,1,0,0,0,0,4,1,1,1,35,6,-1,-1,-1,7,1,7
2018410810264,2,1,0,18,0,1,0,0,0,0,3,1,2,1,48,8,-1,-1,-1,7,1,7
2018410810411,1,9,0,4,0,1,0,0,0,0,2,1,1,1,52,8,999,1,2,-1,-1,-1
2018410810411,2,9,0,18,0,1,0,0,0,0,1,1,6,2,84,11,1242,1,4,10,1,10
2018410810419,1,9,0,18,0,1,1,0,1,11,1,1,5,1,57,9,6200,1,4,9,3,9
2018410810423,1,9,0,16,0,0,5,0,1,0,4,1,6,2,59,9,1598,1,12,9,3,9
2018410810458,1,9,0,17,0,2,2,0,1,0,4,1,5,2,23,5,1339,1,11,8,1,8
2018410810472,1,9,0,9,0,8,0,0,0,0,1,1,6,1,61,9,1395,1,1,5,1,5
2018410810472,2,9,0,18,0,8,0,0,0,0,4,1,2,1,48,8,-1,-1,-1,10,1,10
2018410810472,3,9,0,4,0,1,0,0,0,0,1,1,6,1,69,10,4966,1,13,10,1,10
2018410810752,1,9,0,18,0,0,0,0,0,0,1,1,6,1,25,5,2926,2,15,8,3,8
2018410810752,2,9,0,5,0,0,0,0,0,0,2,1,5,2,57,9,1598,1,6,6,3,6
2018410810939,1,9,0,18,0,0,0,0,0,0,1,1,5,1,61,9,1298,1,11,10,1,10
2018410810939,2,9,0,18,0,0,0,0,7,9,1,1,5,1,86,11,1994,1,14,7,3,7
2018410811007,1,9,0,18,0,1,0,0,0,0,1,1,5,1,78,11,999,1,7,9,1,9
2018410811007,2,9,0,9,0,6,0,0,0,0,1,1,6,1,38,7,1796,1,7,9,1,9
2018410811226,1,9,0,9,0,6,0,0,0,0,1,1,5,1,26,6,998,1,3,5,1,5
2018410811256,1,21,1,18,0,0,0,7,1,7,1,1,1,1,65,9,10837,2,2,10,2,10
2018410811329,1,9,0,4,0,0,0,0,0,0,1,1,1,1,22,5,2987,2,7,5,1,5
2018410811329,2,9,0,9,0,0,0,0,0,0,3,1,2,2,43,7,2231,2,10,10,1,10
2018410811704,1,9,0,18,0,0,0,0,0,0,1,1,6,3,-1,-1,2143,2,1,-1,-1,-1
2018410811704,2,9,0,2,0,0,0,0,0,0,1,1,1,1,-1,-1,1248,2,5,4,1,4
2018410811990,1,9,0,18,0,0,0,0,0,0,4,1,6,1,33,6,1796,1,10,3,1,3
2018410811990,2,5,0,18,0,0,0,0,0,0,3,1,6,1,-1,-1,1050,1,8,3,1,3
2018410812061,1,9,0,18,0,0,0,0,0,0,1,1,5,1,-1,-1,-1,-1,-1,4,1,4
2018410812348,1,1,0,18,0,0,0,0,1,0,1,1,6,1,66,10,-1,-1,-1,5,1,5
2018410812754,1,9,0,9,0,6,0,0,0,0,3,1,3,2,36,7,1197,1,1,7,1,7
2018410812754,2,9,0,18,0,1,0,0,0,0,1,1,2,1,43,7,2993,2,4,10,1,10
2018410812754,3,9,0,10,0,1,0,0,0,0,3,1,2,2,55,8,1364,1,9,9,1,9
2018410813140,1,9,0,18,0,4,0,0,0,0,1,1,1,1,23,5,1242,1,3,5,1,5
2018410813140,2,9,0,9,0,4,0,0,0,0,3,1,1,1,34,6,998,1,9,8,1,8
2018410813625,1,9,0,18,0,4,0,0,0,0,0,1,6,2,67,10,1198,1,9,7,1,7
2018410813625,2,1,0,5,0,4,0,0,0,0,0,1,6,2,60,9,-1,-1,-1,4,1,4
2018410813832,1,5,0,13,0,0,0,0,0,0,1,1,6,1,29,6,-1,-1,-1,3,1,3
2018410813832,2,19,0,5,0,0,0,0,0,0,2,1,6,1,24,5,2198,2,3,6,3,6
2018410813838,1,9,0,9,0,1,0,0,0,0,1,1,1,1,38,7,1796,1,10,4,1,4
2018410813838,2,9,0,18,0,1,0,0,0,0,3,1,1,2,53,8,2204,2,12,10,1,10
2018410813838,3,9,0,18,0,1,0,0,0,0,1,1,1,2,42,7,-1,3,4,3,1,3
2018410813859,1,9,0,9,0,3,0,0,0,0,1,1,5,1,40,7,1598,1,7,5,1,5
2018410813859,2,9,0,18,0,1,0,0,0,0,1,1,6,2,-1,-1,1798,1,8,6,1,6
2018410814258,1,9,0,17,0,0,1,0,1,1,1,1,5,1,17,4,1084,1,1,7,3,7
2018410814654,1,19,0,7,0,2,0,0,0,0,4,1,1,1,30,6,1598,2,4,7,1,7
2018410814654,2,9,0,18,0,1,0,0,0,0,0,1,6,1,41,7,1591,1,10,4,1,4
2018410814985,1,98,0,7,0,4,0,0,0,0,1,1,1,1,31,6,-1,-1,-1,3,1,3
2018410814985,2,1,0,18,0,8,0,0,0,0,4,1,6,1,16,4,-1,-1,-1,5,1,5
2018410815465,1,9,0,17,0,0,0,0,1,4,1,1,5,2,29,6,1242,1,8,5,1,5
2018410815825,1,19,0,1,0,0,0,0,0,0,3,1,5,1,18,4,1968,2,2,2,-1,2
2018410815825,2,9,0,4,0,0,0,0,0,0,4,1,1,1,47,8,2993,2,-1,6,1,6
2018410815825,3,9,0,18,0,0,0,0,0,0,1,1,5,1,35,6,-1,-1,-1,6,1,6
2018410815825,4,9,0,18,0,0,0,0,0,0,1,1,5,1,41,7,2993,2,2,2,1,2
2018410815965,1,19,0,18,0,1,0,0,0,0,1,1,6,1,-1,-1,1995,2,-1,-1,-1,-1
2018410815965,2,9,0,4,0,1,0,0,0,0,2,1,6,1,29,6,-1,-1,-1,4,1,4
2018410817124,1,9,0,18,0,8,0,0,0,0,4,1,1,1,27,6,1686,2,4,6,1,6
2018410817124,2,9,0,18,0,8,0,0,0,0,1,1,6,2,26,6,1242,1,9,5,1,5
2018410817538,1,9,0,9,0,1,0,0,0,0,1,1,1,1,56,9,1956,2,4,3,1,3
2018410817538,2,97,0,13,0,1,0,0,7,0,1,1,6,1,31,6,-1,-1,-1,6,1,6
2018410818554,1,9,0,18,0,4,0,0,0,0,4,1,6,3,-1,-1,-1,-1,-1,-1,-1,-1
2018410818554,2,1,0,18,0,3,0,0,0,0,3,1,6,1,20,4,-1,-1,-1,6,1,6
2018410818670,1,19,0,18,0,8,0,0,0,0,1,1,6,1,30,6,1753,2,10,10,2,10
2018410818670,2,9,0,18,0,8,0,0,0,0,2,1,5,1,31,6,2995,1,1,7,1,7
2018410818829,1,9,0,9,0,8,0,0,0,0,4,1,2,1,38,7,1798,1,13,3,1,3
2018410818829,2,3,0,18,0,8,0,0,0,0,1,1,2,1,36,7,124,1,-1,6,1,6
2018410819043,1,9,0,18,0,0,0,0,0,0,1,1,1,1,30,6,1339,8,6,5,1,5
2018410819561,1,9,0,18,0,0,0,0,0,0,1,1,2,1,54,8,5935,1,11,7,3,7
2018410819561,2,9,0,18,0,0,0,0,0,0,1,1,2,1,60,9,999,1,-1,9,3,9
2018410821232,1,9,0,18,0,0,5,0,1,11,1,1,6,1,47,8,-1,-1,-1,-1,-1,-1
2018410821273,1,9,0,18,0,8,0,0,0,0,3,1,6,1,35,6,2698,2,7,8,1,8
2018410821273,2,9,0,18,0,8,0,0,0,0,4,1,6,1,-1,-1,1794,1,14,-1,-1,-1
2018410821688,1,9,0,18,0,0,2,0,1,9,1,1,5,1,43,7,1596,1,9,10,2,10
2018410822258,1,9,0,17,0,0,0,0,0,0,3,1,6,2,24,5,1995,2,13,5,1,5
2018410822258,2,9,0,16,0,0,0,0,0,0,3,1,1,1,34,6,1896,2,12,5,1,5
2018410823212,1,9,0,4,0,0,0,0,0,0,1,1,6,1,57,9,1598,1,13,9,1,9
2018410823239,1,19,0,9,9,0,0,0,0,0,1,1,1,1,61,9,1998,2,12,9,1,9
2018410823256,1,9,0,18,0,8,0,0,0,0,1,1,6,1,-1,-1,2987,2,8,3,1,3
2018410823256,2,9,0,5,0,8,0,0,0,0,1,1,5,2,60,9,998,1,2,9,1,9
2018410823534,1,3,0,3,0,0,5,0,0,0,1,1,6,1,18,4,124,1,8,4,1,4
2018410823534,2,9,0,7,0,0,0,0,0,0,0,1,6,1,45,7,1398,1,3,10,2,10
2018410823553,1,9,0,8,0,0,1,0,0,0,3,1,6,1,55,8,1968,2,-1,7,1,7
2018410823553,2,9,0,18,0,0,1,0,0,0,1,1,2,1,41,7,1229,1,9,2,1,2
2018410824030,1,9,0,18,0,1,0,0,0,0,2,1,2,2,44,7,1984,1,10,7,3,7
2018410824030,2,9,0,18,0,1,0,0,0,0,1,1,5,2,24,5,2231,2,11,6,1,6
2018410825085,1,9,0,1,9,6,0,0,0,0,2,1,6,1,63,9,1685,2,7,7,1,7
2018410826151,1,9,0,3,0,1,0,0,0,0,0,1,5,2,-1,-1,1968,2,1,9,1,9
2018410826151,2,3,0,4,0,1,0,0,0,0,1,1,5,1,-1,-1,124,1,5,3,1,3
2018410826705,1,9,0,18,0,1,0,0,0,0,1,1,5,1,78,11,1499,2,1,8,1,8
2018410826705,2,9,0,9,0,8,0,0,0,0,1,1,5,2,39,7,1591,1,1,6,1,6
2018410826892,1,19,0,18,0,8,0,0,0,0,1,1,6,1,-1,-1,-1,-1,-1,9,1,9
2018410828107,1,9,0,18,0,0,0,0,0,0,4,1,6,3,-1,-1,-1,-1,-1,-1,-1,-1
2018410828107,2,1,0,18,0,0,0,0,0,0,1,1,5,2,34,6,-1,-1,-1,9,3,9
2018410828112,1,9,0,9,0,5,0,0,0,0,4,1,6,1,28,6,1242,1,12,9,3,9
2018410828112,2,9,0,18,0,8,0,0,0,0,1,1,6,2,54,8,1497,8,2,10,1,10
2018410828112,3,9,0,4,0,1,0,0,0,0,3,1,6,1,71,10,1395,1,4,10,1,10
2018410828716,1,9,0,18,9,6,0,0,7,0,-1,1,5,1,19,4,1598,1,8,10,1,10
2018410828982,1,9,0,4,0,0,0,0,0,0,1,1,6,3,-1,-1,1956,2,1,-1,-1,-1
2018410828982,2,19,0,4,0,0,0,0,0,0,2,1,6,1,53,8,1870,2,13,5,1,5
2018410830946,1,9,0,18,0,0,0,0,0,0,1,1,5,1,35,6,1997,2,6,10,1,10
2018410830946,2,9,0,2,0,0,0,0,0,0,2,1,5,1,-1,-1,1596,1,13,6,1,6
2018410830946,3,9,0,2,0,0,0,0,0,0,2,1,5,1,46,8,1368,1,-1,7,1,7
2018410834069,1,9,0,1,0,1,0,0,0,0,0,1,2,3,-1,-1,1229,1,11,-1,-1,-1
2018410834069,2,1,0,3,0,1,0,0,0,0,0,1,2,2,47,8,-1,-1,-1,10,1,10
2018410835384,1,9,0,9,0,1,0,0,0,0,1,1,1,2,35,6,1399,1,9,3,2,3
2018410835384,2,19,0,18,0,1,0,0,7,11,1,1,1,1,33,6,1753,2,10,3,1,3
2018410837670,1,9,0,17,0,0,5,7,0,0,1,1,6,1,37,7,1995,2,4,7,1,7
2018410837701,1,9,0,18,0,0,0,4,0,0,4,1,5,1,23,5,1461,2,5,10,2,10
2018410837701,2,9,0,2,0,0,0,0,0,0,3,1,6,2,31,6,1598,2,3,9,3,9
2018410839629,1,98,0,5,0,6,0,0,0,0,1,1,5,2,39,7,-1,-1,-1,5,1,5
2018410839629,2,2,0,18,0,1,0,0,0,0,1,1,6,1,16,4,49,1,1,4,1,4
2018410839658,1,9,0,18,0,0,0,0,0,0,1,1,6,2,69,10,1560,2,5,6,1,6
2018410839658,2,98,1,9,0,0,0,0,0,0,4,1,6,1,39,7,-1,-1,-1,4,1,4
2018410841429,1,19,0,9,0,2,0,0,0,0,1,1,1,1,55,8,-1,-1,-1,5,1,5
2018410843040,1,9,0,16,0,1,0,0,0,0,1,1,5,1,27,6,1995,2,10,4,1,4
2018410843040,2,9,0,17,0,1,0,0,0,0,1,1,5,1,39,7,1399,2,12,5,1,5
201841T111097,1,19,0,-1,-1,0,-1,-1,-1,-1,2,1,6,1,55,8,1598,2,3,8,1,8
201841T111097,2,90,0,-1,-1,0,-1,-1,-1,-1,1,1,6,1,28,6,-1,-1,-1,7,1,7
2018420253034,1,9,0,18,0,0,0,4,0,0,1,1,5,1,80,11,1360,1,16,6,3,6
2018420253034,2,9,0,2,0,0,0,0,0,0,2,1,6,3,-1,-1,-1,-1,-1,-1,-1,-1
2018420253036,1,3,0,18,0,0,1,0,0,0,3,1,5,1,19,4,124,1,-1,6,1,6
2018420253038,1,9,0,11,0,0,0,0,0,0,4,1,1,1,54,8,1797,8,4,1,1,1
2018420253038,2,9,0,12,0,0,0,0,0,0,3,1,6,1,45,7,1997,2,3,4,1,4
2018420253039,1,9,0,18,0,0,0,0,7,9,1,1,2,2,41,7,-1,-1,-1,8,2,8
2018420253200,1,9,0,11,0,0,0,0,0,0,4,1,2,1,22,5,898,1,1,3,3,3
2018420253200,2,5,0,18,0,0,2,0,0,0,3,1,5,1,50,8,1298,1,5,7,3,7
2018420253280,1,9,0,12,0,7,1,0,5,0,1,1,2,1,32,6,1997,2,12,7,3,7
2018420253280,2,9,0,12,0,7,0,0,0,0,3,1,2,1,45,7,1999,2,2,10,3,10
2018420253285,1,9,0,18,0,8,0,0,0,0,1,1,6,2,19,4,1242,1,4,5,1,5
2018420253285,2,9,0,4,0,1,0,0,0,0,2,1,6,2,29,6,1997,1,4,10,2,10
2018420253285,3,9,0,18,0,1,0,0,0,0,1,1,6,1,46,8,1997,2,9,6,1,6
2018420253395,1,9,0,4,0,1,0,0,0,0,1,1,6,1,49,8,2830,2,23,7,1,7
2018420253414,1,21,0,9,0,0,0,0,0,0,1,2,1,1,53,8,-1,-1,-1,5,1,5
2018420253414,2,5,0,18,0,0,0,0,1,0,1,1,5,1,30,6,781,1,20,8,1,8
2018420253415,1,9,0,4,0,1,1,0,0,0,0,1,6,1,23,5,-1,-1,-1,-1,-1,-1
2018420253437,1,9,0,5,0,8,0,0,0,0,1,1,5,2,23,5,1368,1,2,4,1,4
2018420253437,2,9,0,9,0,8,0,0,0,0,1,1,5,1,36,7,998,1,14,6,2,6
2018420253438,1,9,0,9,0,1,0,0,0,0,3,1,6,1,72,10,1997,2,-1,10,1,10
2018420253438,2,3,0,18,0,1,5,0,1,0,3,1,6,1,19,4,124,1,14,10,1,10
2018420253445,1,9,0,18,0,0,0,0,0,0,1,1,5,1,77,11,2902,2,15,7,2,7
2018420253445,2,9,0,2,0,0,0,0,0,0,2,1,2,2,53,8,2179,2,8,7,2,7
2018420253448,1,9,0,18,0,8,1,0,1,2,1,1,6,2,74,10,1242,1,8,10,1,10
2018420253452,1,9,0,18,0,0,5,11,1,4,1,1,6,1,74,10,-1,-1,-1,6,2,6
2018420253819,1,9,0,18,0,0,0,0,1,0,4,1,5,2,27,6,875,1,3,9,2,9
2018420253874,1,9,0,9,0,1,1,0,0,0,3,1,6,2,79,11,1388,1,9,3,1,3
2018420253874,2,19,0,18,0,1,0,0,0,0,1,1,1,1,53,8,2143,2,5,6,1,6
2018420253881,1,9,0,18,0,1,0,0,1,7,1,1,6,1,88,11,1198,1,1,9,1,9
2018420253973,1,9,0,18,0,1,0,0,0,0,1,1,6,2,54,8,1242,1,4,8,1,8
2018420253973,2,5,0,3,0,4,0,0,0,0,2,1,2,1,60,9,800,1,7,8,2,8
2018420254139,1,9,0,1,0,0,0,0,0,0,2,1,6,1,65,9,-1,-1,-1,-1,-1,-1
2018420254139,2,9,0,4,0,0,1,0,0,0,4,1,5,1,26,6,1248,1,5,6,1,6
2018420254364,1,9,0,9,0,6,0,0,0,0,1,1,6,1,36,7,1799,1,12,4,1,4
2018420254364,2,3,0,18,0,1,0,0,0,0,1,1,1,1,24,5,108,1,2,3,1,3
2018420254757,1,9,0,18,0,0,0,0,0,0,1,1,2,2,42,7,1995,2,1,4,1,4
2018420254757,2,9,0,18,0,0,0,0,0,0,2,1,1,1,40,7,1598,2,3,2,1,2
2018420254757,3,19,0,18,0,0,0,0,0,0,2,1,1,1,47,8,1995,2,5,5,1,5
2018420254759,1,9,0,18,0,8,0,0,0,0,1,1,2,1,53,8,-1,-1,-1,1,1,1
2018420254762,1,9,0,13,0,0,0,0,0,0,1,1,6,1,26,6,1686,2,12,2,1,2
2018420254762,2,9,0,18,0,0,0,0,1,0,1,1,5,1,23,5,-1,-1,-1,3,1,3
2018420254762,3,9,0,18,0,0,0,0,7,0,1,1,5,1,26,6,-1,-1,-1,9,1,9
2018420254762,4,9,0,18,0,0,0,0,0,0,0,1,5,2,54,8,1242,1,6,10,3,10
2018420254763,1,9,0,9,0,0,0,0,0,0,2,1,1,1,32,6,2143,2,5,4,1,4
2018420254763,2,9,0,18,0,0,0,0,1,0,1,1,5,2,36,7,1794,1,12,7,1,7
2018420254765,1,9,0,18,0,1,0,0,0,0,4,1,6,1,-1,-1,1900,2,13,-1,-1,-1
2018420254765,2,3,0,18,0,1,0,0,0,0,2,1,6,1,46,8,124,1,5,1,1,1
2018420254766,1,9,0,18,0,0,0,0,0,0,0,1,6,3,-1,-1,-1,-1,-1,-1,-1,-1
2018420254766,2,9,0,16,0,0,2,0,1,0,1,1,5,1,18,4,1296,1,11,9,1,9
2018420254768,1,9,0,18,0,4,0,0,0,0,1,1,6,1,68,10,-1,-1,-1,10,1,10
2018420254768,2,9,0,18,0,4,0,0,0,0,2,1,6,2,47,8,998,1,1,9,1,9
2018420254769,1,4,0,18,0,0,0,12,0,0,3,1,5,1,59,9,500,1,-1,7,2,7
2018420254770,1,9,0,18,0,1,0,0,0,0,1,1,5,2,29,6,1390,1,7,4,1,4
2018420254770,2,9,0,2,0,2,0,0,7,0,1,1,6,3,-1,-1,-1,-1,-1,-1,-1,-1
2018420254822,1,9,0,9,0,5,0,0,0,0,3,1,2,1,43,7,1870,2,11,2,1,2
2018420254822,2,9,0,16,0,1,0,0,0,0,3,1,5,1,37,7,1781,1,15,2,1,2
2018420254823,1,2,0,4,0,0,2,0,0,0,0,1,6,2,16,4,49,1,3,5,1,5
2018420254834,1,9,0,18,0,2,0,0,0,0,1,1,5,1,34,6,1560,2,2,6,1,6
2018420254843,1,9,0,4,0,0,0,0,0,0,1,1,5,1,47,8,1956,2,5,9,2,9
2018420254843,2,9,0,3,0,0,0,0,0,0,2,1,5,1,58,9,1753,2,13,6,1,6
2018420254843,3,9,0,10,0,0,0,0,0,0,2,1,5,2,43,7,1598,2,3,8,1,8
2018420254851,1,9,0,18,0,0,0,0,1,0,1,1,6,1,80,11,999,1,3,8,3,8
2018420254854,1,9,0,11,0,0,1,0,2,0,2,1,6,1,27,6,973,1,16,6,1,6
2018420254864,1,9,0,17,0,0,1,0,1,4,1,1,5,2,56,9,1461,2,9,8,3,8
2018420254882,1,9,0,18,0,0,1,0,7,0,1,1,6,2,44,7,1388,1,13,6,2,6
2018420254884,1,9,0,18,0,0,2,0,8,0,1,1,5,2,55,8,1999,2,1,6,3,6
2018420254884,2,9,0,18,0,0,1,0,1,0,1,1,5,2,31,6,998,1,3,8,3,8
2018420254887,1,9,0,12,0,0,0,0,0,0,1,1,5,2,20,4,1240,1,13,3,1,3
2018420254887,2,9,0,18,0,0,0,0,0,0,4,1,6,1,63,9,1995,2,7,4,3,4
2018420254888,1,9,0,18,0,0,1,4,0,0,1,1,6,1,25,5,-1,-1,-1,-1,-1,-1
2018420254888,2,19,0,2,0,0,0,0,0,0,2,1,1,1,60,9,2287,2,3,3,1,3
2018420254890,1,9,0,18,0,0,0,0,0,0,4,1,5,2,48,8,1242,1,9,6,1,6
2018420254890,2,1,0,18,0,0,0,0,0,0,3,1,2,1,35,6,-1,-1,-1,8,1,8
2018420254891,1,19,0,5,0,1,0,0,0,0,1,1,5,1,55,8,2477,2,19,2,1,2
2018420254891,2,9,0,5,0,1,0,0,0,0,1,1,5,2,58,9,1598,1,5,10,1,10
2018420254892,1,9,0,18,0,1,0,0,0,0,1,1,6,3,-1,-1,-1,-1,-1,-1,-1,-1
2018420254892,2,1,0,18,0,1,1,0,1,0,1,1,6,1,44,7,-1,-1,-1,9,1,9
2018420254894,1,9,0,18,0,0,0,0,0,0,1,1,2,2,59,9,1399,1,9,4,1,4
2018420254894,2,9,0,18,0,0,0,0,0,0,1,1,5,2,57,9,1798,8,1,10,1,10
2018420254897,1,9,0,6,0,0,0,0,0,0,1,1,5,1,90,11,1360,1,14,4,1,4
2018420254897,2,9,0,18,0,0,0,0,7,0,1,1,5,1,55,8,1997,2,19,7,3,7
2018420254899,1,5,0,18,0,0,2,12,0,0,4,1,5,1,33,6,798,1,4,-1,-1,-1
2018420254901,1,9,0,16,0,1,1,7,7,10,2,1,6,2,37,7,1149,1,15,2,1,2
2018420254942,1,9,0,16,0,1,0,0,0,0,1,1,5,2,52,8,1497,8,6,8,1,8
2018420255158,1,9,0,10,0,1,0,0,0,0,1,1,6,2,61,9,1296,1,10,7,2,7
2018420255158,2,9,0,18,0,1,0,0,0,0,1,1,2,2,24,5,1084,1,1,10,1,10
2018420255235,1,5,0,14,0,2,5,10,0,0,1,1,2,1,27,6,998,1,14,2,1,2
2018420255235,2,11,0,5,0,8,0,0,0,0,4,1,1,1,36,7,3900,2,14,4,1,4
2018420255429,1,9,0,17,0,0,1,0,1,0,1,1,6,1,70,10,-1,-1,-1,6,3,6
2018420255429,2,9,0,16,0,0,1,0,0,0,1,1,6,1,32,6,1686,2,3,3,1,3
2018420255432,1,9,0,10,0,1,0,0,0,0,3,1,6,2,54,8,1998,1,1,9,1,9
2018420255432,2,9,0,9,0,5,0,10,0,0,1,1,6,3,-1,-1,1998,1,16,-1,-1,-1
2018420255437,1,9,0,9,0,0,0,0,1,0,3,1,2,1,19,4,1229,1,4,2,1,2
2018420255437,2,9,0,18,0,0,1,0,7,4,1,1,5,2,26,6,2143,2,2,9,2,9
2018420255439,1,9,0,1,0,0,0,0,0,0,2,1,5,1,29,6,1560,2,6,7,1,7
2018420255439,2,19,0,2,6,0,0,0,0,0,1,1,6,3,-1,-1,-1,-1,-1,-1,-1,-1
2018420255439,3,9,0,18,0,0,0,0,0,0,3,1,5,2,45,7,2143,2,7,6,1,6
2018420255443,1,9,0,18,0,0,0,0,0,0,1,1,2,1,22,5,999,1,2,9,1,9
2018420255443,2,9,0,4,0,0,0,0,0,0,2,1,5,1,57,9,-1,-1,-1,7,2,7
2018420255443,3,9,0,18,0,0,0,0,0,0,2,1,5,1,54,8,1598,2,1,5,2,5
2018420255649,1,9,0,3,0,0,0,0,0,0,2,1,3,2,27,6,2496,2,14,9,1,9
2018420255649,2,9,0,18,0,0,0,0,0,0,1,1,6,1,25,5,-1,-1,-1,-1,-1,-1
2018420255889,1,9,0,18,0,0,2,10,1,10,1,1,2,1,19,4,1149,1,14,9,1,9
2018420255944,1,9,0,2,0,0,0,0,0,0,4,1,6,3,-1,-1,-1,-1,-1,-1,-1,-1
2018420255944,2,9,0,18,0,0,0,0,0,0,4,1,6,1,40,7,1997,2,16,8,3,8
2018420255947,1,19,0,18,0,0,0,0,0,0,1,1,1,1,44,7,2198,2,4,3,1,3
2018420255947,2,9,0,18,0,0,0,0,0,0,1,1,5,2,65,9,1968,2,4,10,3,10
2018420255947,3,9,0,18,0,0,0,0,0,0,2,1,2,2,27,6,1390,1,17,6,1,6
2018420255947,4,9,0,18,0,0,0,0,0,0,0,1,1,1,51,8,2179,2,4,10,1,10
2018420255947,5,9,0,9,0,0,0,0,0,0,0,1,6,3,-1,-1,-1,-1,-1,-1,-1,-1
2018420255988,1,9,0,18,0,0,0,0,0,0,4,1,6,3,45,7,-1,-1,-1,-1,-1,-1
2018420256038,1,4,0,4,0,1,1,0,1,0,1,1,6,1,25,5,-1,-1,-1,8,1,8
2018420256038,2,21,4,4,0,5,0,0,0,0,2,1,1,1,48,8,12740,2,2,7,1,7
2018420256039,1,90,0,18,0,0,0,4,0,0,1,1,5,1,52,8,-1,-1,-1,3,3,3
2018420256039,2,9,0,3,0,0,1,4,0,0,2,1,5,2,18,4,1242,1,4,4,1,4
2018420256039,3,9,0,3,0,0,1,4,0,0,2,1,5,1,69,10,-1,-1,-1,1,1,1
2018420256039,4,9,0,3,0,0,0,0,0,0,2,1,5,1,30,6,1596,1,11,5,1,5
2018420256040,1,9,0,10,0,6,0,0,1,11,3,1,5,2,23,5,998,1,1,4,1,4
2018420256040,2,3,0,18,0,8,0,0,0,0,1,1,2,1,23,5,124,1,13,8,1,8
2018420256042,1,9,0,18,0,2,2,0,7,0,1,1,5,1,42,7,1598,1,15,9,3,9
2018420256048,1,9,0,16,0,0,1,0,4,0,1,1,5,2,21,5,1248,2,8,8,2,8
2018420256221,1,9,0,18,0,4,0,0,0,0,4,1,6,2,26,6,1496,1,1,4,1,4
2018420256221,2,19,0,9,0,8,0,0,0,0,1,1,6,1,31,6,1995,2,1,9,2,9
2018420256333,1,11,0,3,0,1,0,4,0,0,1,1,1,1,29,6,6700,2,5,-1,-1,-1
2018420256333,2,8,0,3,0,1,0,4,0,0,2,1,1,1,38,7,1984,1,1,6,1,6
2018420256333,3,9,0,3,0,1,0,0,0,0,2,1,1,1,49,8,1598,1,10,1,1,1
2018420256398,1,9,0,6,0,0,0,0,0,0,3,1,2,2,28,6,1499,1,1,2,1,2
2018420256398,2,3,0,14,0,0,0,0,7,0,1,1,5,1,25,5,124,1,3,6,2,6
2018420256583,1,9,0,9,0,0,0,0,0,0,1,1,5,2,74,10,999,1,2,9,3,9