Accident_Index,Vehicle_Reference,Vehicle_Type,Towing_and_Articulation,Vehicle_Manoeuvre,Vehicle_Location-Restricted_Lane,Junction_Location,Skidding_and_Overturning,Hit_Object_in_Carriageway,Vehicle_Leaving_Carriageway,Hit_Object_off_Carriageway,1st_Point_of_Impact,Was_Vehicle_Left_Hand_Drive?,Journey_Purpose_of_Driver,Sex_of_Driver,Age_of_Driver,Age_Band_of_Driver,Engine_Capacity_(CC),Propulsion_Code,Age_of_Vehicle,Driver_IMD_Decile,Driver_Home_Area_Type,Vehicle_IMD_Decile
2018420256583,2,9,0,18,0,0,1,0,1,0,3,1,5,1,22,5,1596,1,5,5,2,5
2018420256585,1,9,0,18,0,0,0,0,0,0,4,1,6,3,-1,-1,-1,-1,-1,-1,-1,-1
2018420256596,1,9,0,14,0,0,0,0,0,0,1,1,6,2,73,10,1461,2,14,7,3,7
2018420256596,2,9,0,2,0,0,0,0,0,0,2,1,6,3,-1,-1,-1,-1,-1,-1,-1,-1
2018420256605,1,9,0,18,0,1,0,0,0,0,1,1,5,1,32,6,1598,2,6,4,1,4
2018420256605,2,9,0,7,0,1,0,0,0,0,1,1,1,1,58,9,1461,2,2,6,1,6
2018420256606,1,19,0,4,0,0,0,0,0,0,1,1,6,1,34,6,2499,2,1,9,1,9
2018420256606,2,19,0,4,0,0,0,0,0,0,1,1,2,1,48,8,2198,2,3,8,3,8
2018420256606,3,19,0,4,0,0,0,0,0,0,2,1,6,1,39,7,-1,-1,-1,8,1,8
2018420256606,4,9,0,4,0,0,0,0,0,0,2,1,2,1,29,6,1995,2,8,9,1,9
2018420256606,5,9,0,4,0,0,0,0,0,0,2,1,6,1,32,6,1968,2,11,10,1,10
2018420257021,1,9,0,18,0,1,0,0,0,0,1,1,5,1,32,6,1598,1,9,3,1,3
2018420257026,1,9,0,5,0,0,0,0,0,0,1,1,6,1,20,4,1560,2,3,3,1,3
2018420257026,2,3,0,18,0,0,0,0,0,0,1,1,6,1,33,6,124,1,3,4,1,4
2018420257071,1,9,0,18,0,1,0,0,1,11,1,1,5,1,29,6,1242,1,11,9,1,9
2018420257071,2,9,0,9,0,5,0,0,7,11,1,1,6,2,47,8,1598,1,10,5,1,5
2018420257074,1,9,0,18,0,1,0,0,0,0,1,1,5,2,82,11,1597,1,18,10,1,10
2018420257074,2,9,0,10,0,6,0,0,1,10,2,1,5,2,70,10,998,1,8,10,1,10
2018420257074,3,1,0,18,9,8,0,0,0,0,2,1,6,2,38,7,-1,-1,-1,10,1,10
2018420257084,1,9,0,9,0,1,0,0,0,0,1,1,5,1,26,6,1995,2,8,2,1,2
2018420257084,2,9,0,18,0,8,0,0,0,0,1,1,1,1,39,7,-1,-1,-1,2,1,2
2018420257087,1,9,0,18,0,1,1,0,0,0,1,1,5,1,21,5,1197,1,7,10,2,10
2018420257087,2,9,0,18,0,1,0,0,0,0,1,1,5,2,20,4,1499,1,2,6,1,6
2018420257090,1,9,0,9,0,8,0,0,0,0,1,1,5,2,45,7,1995,2,7,9,1,9
2018420257090,2,3,0,10,0,1,5,0,0,0,1,1,1,1,22,5,124,1,11,1,1,1
2018420257091,1,9,0,18,0,0,1,0,0,0,1,1,5,1,36,7,1560,2,8,2,1,2
2018420257091,2,9,0,4,0,0,0,0,0,0,2,1,5,2,36,7,1198,1,4,7,1,7
2018420257091,3,9,0,4,0,0,0,0,0,0,2,1,5,1,64,9,-1,-1,-1,7,1,7
2018420257093,1,9,0,9,0,3,0,0,0,0,4,1,5,1,44,7,1242,1,14,8,1,8
2018420257096,1,9,0,18,0,0,0,10,7,0,1,1,5,2,17,4,1299,1,12,5,1,5
2018420257276,1,9,0,7,0,2,0,0,7,0,1,1,6,2,80,11,-1,-1,-1,9,3,9
2018420257276,2,90,0,18,0,8,0,0,0,0,4,1,1,1,37,7,-1,-1,-1,3,1,3
2018420257276,3,90,0,18,0,1,0,0,0,0,1,1,1,1,23,5,-1,-1,-1,-1,-1,-1
2018420257388,1,9,0,10,0,1,0,0,0,0,3,1,5,2,82,11,1360,1,11,10,1,10
2018420257388,2,9,0,18,0,8,0,0,0,0,1,1,5,1,52,8,1997,2,12,9,1,9
2018420257440,1,9,0,18,0,0,0,0,1,0,1,1,5,1,77,11,1798,1,13,2,1,2
2018420257484,1,9,0,5,0,2,1,0,0,0,4,1,1,1,22,5,2993,2,8,5,3,5
2018420257484,2,9,0,18,0,2,1,0,0,0,1,1,5,1,57,9,1896,2,16,1,1,1
2018420257488,1,9,0,5,0,6,0,0,0,0,1,1,3,2,46,8,3311,8,13,6,3,6
2018420257489,1,9,0,16,0,0,0,0,1,0,1,1,3,2,49,8,1598,1,8,7,3,7
2018420257489,2,9,0,17,0,0,1,0,0,0,1,1,1,1,31,6,1199,2,6,2,1,2
2018420257490,1,9,0,16,0,0,5,0,7,4,1,1,2,1,29,6,1998,1,25,9,1,9
2018420257592,1,98,0,18,0,0,0,0,0,0,0,1,6,3,-1,-1,-1,-1,-1,-1,-1,-1
2018420257592,2,9,0,5,0,0,0,0,0,0,3,1,4,2,51,8,1995,2,8,8,1,8
2018420257618,1,9,0,18,0,1,0,0,0,0,1,1,6,1,83,11,1299,1,15,3,1,3
2018420257636,1,9,0,18,0,2,0,0,0,0,1,1,5,2,25,5,1229,1,13,5,1,5
2018420257639,1,9,0,18,0,8,0,0,1,0,1,1,6,1,28,6,1796,1,14,9,3,9
2018420257639,2,9,0,18,0,8,0,0,0,0,1,1,6,2,48,8,1598,1,6,8,2,8
2018420257643,1,9,0,18,0,0,1,0,2,0,1,1,5,2,20,4,1360,1,11,9,1,9
2018420257643,2,9,0,18,0,0,0,0,0,0,4,1,6,1,46,8,998,1,1,8,1,8
2018420257647,1,9,0,6,0,8,0,0,0,0,3,1,5,1,30,6,1968,2,10,7,1,7
2018420257647,2,5,0,18,0,1,0,0,0,0,4,1,2,1,31,6,599,1,11,7,3,7
2018420257648,1,9,0,5,0,1,0,0,0,0,4,1,5,1,84,11,1388,1,8,6,1,6
2018420257648,2,9,0,4,0,1,0,0,0,0,1,1,6,3,18,4,-1,-1,-1,-1,-1,-1
2018420257648,3,9,0,3,0,1,0,0,0,0,3,1,5,1,47,8,2720,2,10,3,1,3
2018420257648,4,9,0,3,0,1,0,0,0,0,1,1,6,2,34,6,1560,2,8,6,1,6
2018420257648,5,9,0,3,0,1,0,0,0,0,1,1,6,2,33,6,1396,1,16,2,1,2
2018420257657,1,9,0,5,0,8,0,0,0,0,1,1,6,2,17,4,1242,1,12,3,1,3
2018420257657,2,9,0,4,0,8,0,0,0,0,2,1,6,2,57,9,1248,2,11,9,1,9
2018420257658,1,9,0,18,0,0,0,0,1,0,4,1,2,2,49,8,1798,1,12,10,2,10
2018420257685,1,9,0,5,0,2,0,0,0,0,2,1,6,1,29,6,1999,2,1,3,1,3
2018420257685,2,5,0,18,0,2,0,0,0,0,1,1,6,1,45,7,899,1,14,1,1,1
2018420257986,1,21,1,18,0,0,0,0,0,0,4,1,1,1,31,6,-1,-1,-1,-1,-1,-1
2018420257986,2,1,0,18,0,0,0,0,1,0,3,1,6,1,40,7,-1,-1,-1,2,1,2
2018420258105,1,9,0,18,0,1,0,0,0,0,1,1,6,2,41,7,1461,2,6,3,1,3
2018420258105,2,9,0,4,0,1,0,0,0,0,2,1,6,2,43,7,998,1,4,8,1,8
2018420258164,1,98,0,18,0,0,0,0,0,0,0,1,6,3,-1,-1,-1,-1,-1,-1,-1,-1
2018420258164,2,9,0,18,0,0,0,0,0,0,1,1,6,1,49,8,-1,-1,-1,9,1,9
2018420258173,1,9,0,18,0,0,0,0,0,0,1,1,2,2,19,4,1242,1,2,6,3,6
2018420258173,2,9,0,3,0,0,0,0,0,0,2,1,5,1,62,9,1461,2,12,4,1,4
2018420258175,1,9,0,16,0,2,0,0,1,0,1,1,5,2,31,6,1199,1,15,3,1,3
2018420258225,1,9,0,18,0,8,0,0,0,0,3,1,3,2,29,6,1753,2,12,3,1,3
2018420258225,2,9,0,9,0,8,0,0,0,0,4,1,6,2,41,7,1240,1,8,3,1,3
2018420258480,1,1,0,9,0,8,0,0,0,0,1,1,5,1,80,11,-1,-1,-1,10,2,10
2018420258480,2,9,0,18,0,1,0,0,7,9,4,1,5,1,36,7,1298,1,17,6,1,6
2018420258728,1,19,0,18,0,0,0,0,0,0,1,1,1,1,51,8,2299,2,1,3,1,3
2018420258728,2,21,0,2,0,0,0,0,0,0,2,1,1,1,52,8,12900,2,10,4,1,4
2018420258735,1,9,0,18,0,0,0,0,0,0,1,1,6,2,49,8,1749,1,14,7,1,7
2018420258735,2,9,0,18,0,0,0,0,0,0,3,1,6,1,77,11,2400,2,9,8,1,8
2018420258736,1,9,0,18,0,1,1,0,0,0,1,1,5,1,18,4,4966,1,17,2,1,2
2018420258736,2,9,0,18,0,1,0,0,0,0,1,1,1,1,39,7,2993,2,1,-1,-1,-1
2018420258736,3,9,0,18,0,1,0,0,0,0,3,1,2,2,34,6,1597,2,4,6,1,6
2018420258736,4,19,0,5,0,1,0,0,0,0,2,1,2,1,43,7,-1,-1,-1,7,1,7
2018420258736,5,9,0,18,0,8,0,0,0,0,4,1,6,1,69,10,1984,1,19,4,1,4
2018420258738,1,9,0,18,0,1,5,0,0,0,1,1,5,2,25,5,1149,1,4,9,1,9
2018420258738,2,9,0,4,0,1,0,0,0,0,2,1,5,1,18,4,1229,1,2,7,1,7
2018420258738,3,9,0,4,0,1,0,0,0,0,2,1,6,1,31,6,3189,1,11,7,1,7
2018420258741,1,9,0,18,9,0,0,0,0,0,1,1,5,2,24,5,1368,1,3,10,1,10
2018420258743,1,9,0,17,0,2,1,0,0,0,1,1,5,1,36,7,2151,2,18,6,1,6
2018420258743,2,9,0,16,0,1,0,0,0,0,1,1,2,1,65,9,2268,2,2,5,3,5
2018420258744,1,19,0,5,9,6,0,0,0,0,1,1,1,1,47,8,-1,3,5,8,1,8
2018420258744,2,9,0,3,0,2,0,0,0,0,4,1,3,2,46,8,1229,1,7,9,1,9
2018420258745,1,9,0,17,0,0,0,0,0,0,1,1,6,1,75,10,-1,-1,-1,6,3,6
2018420258745,2,9,0,17,0,0,0,0,0,0,1,1,6,1,63,9,-1,-1,-1,6,3,6
2018420258745,3,9,0,16,0,0,0,0,0,0,1,1,6,1,58,9,1999,1,12,7,3,7
2018420258746,1,9,0,13,0,0,0,11,0,0,4,1,6,2,68,10,1398,1,12,10,1,10
2018420258752,1,9,0,5,0,6,0,0,0,0,1,1,1,1,50,8,1679,1,20,1,1,1
2018420258752,2,9,0,3,0,6,0,0,0,0,2,1,5,2,70,10,1248,1,7,6,1,6
2018420259096,1,9,0,18,0,0,0,0,0,0,1,1,6,2,88,11,1242,1,10,3,1,3
2018420259096,2,1,0,18,0,0,0,0,0,0,4,1,6,1,-1,-1,-1,-1,-1,3,1,3
2018420259172,1,9,0,18,0,0,0,0,1,9,1,1,5,1,73,10,1598,1,3,6,1,6
2018420259172,2,9,0,4,0,0,0,0,0,0,3,1,3,2,42,7,-1,-1,-1,7,3,7
2018420259422,1,9,0,18,0,0,2,10,1,4,1,1,1,2,32,6,1242,1,5,8,1,8
2018420259458,1,3,0,17,9,0,0,4,0,0,1,1,6,1,15,3,125,1,9,-1,-1,-1
2018420259458,2,9,0,2,0,0,0,0,0,0,1,1,6,3,-1,-1,-1,-1,-1,-1,-1,-1
2018420259487,1,9,0,11,0,0,0,0,0,0,1,1,2,2,39,7,1791,8,6,6,1,6
2018420259487,2,9,0,4,0,0,0,0,0,0,2,1,1,2,43,7,1240,1,11,3,1,3
2018420259487,3,9,0,4,0,0,0,0,0,0,2,1,1,1,62,9,1798,8,1,5,1,5
2018420259630,1,9,0,18,0,1,0,0,2,2,1,1,5,1,20,4,1995,2,5,8,2,8
2018420259630,2,9,0,5,0,6,0,0,0,0,3,1,5,1,29,6,1198,1,11,8,1,8
2018420259642,1,9,0,18,0,0,0,0,0,0,1,1,6,1,63,9,-1,-1,-1,10,1,10
2018420259642,2,9,0,18,0,0,0,0,0,0,1,1,5,1,43,7,1560,2,8,6,3,6
2018420259661,1,9,0,18,0,8,0,0,0,0,3,1,6,2,39,7,1364,1,1,3,1,3
2018420259661,2,9,0,5,0,6,0,0,0,0,1,1,5,2,77,11,1596,1,14,3,1,3
2018420259686,1,11,0,18,2,8,0,0,0,0,1,1,1,1,48,8,9200,2,16,4,1,4
2018420259689,1,9,0,17,0,0,0,0,1,1,1,1,6,2,18,4,1242,1,4,9,1,9
2018420259689,2,9,0,3,0,0,0,0,0,0,2,2,6,3,-1,-1,-1,-1,-1,-1,-1,-1
2018420259692,1,9,0,18,0,0,0,10,0,0,1,1,5,2,74,10,1339,1,7,7,3,7
2018420259692,2,21,0,18,0,0,0,0,0,0,1,1,1,1,45,7,10837,2,1,1,1,1
2018420259697,1,9,0,18,0,0,0,0,0,0,1,1,6,2,44,7,-1,-1,-1,7,2,7
2018420259699,1,9,0,9,0,6,1,0,1,0,3,1,6,1,87,11,2184,2,15,8,3,8
2018420259699,2,9,0,18,0,1,1,0,0,0,1,1,2,2,26,6,-1,-1,-1,5,2,5
2018420259700,1,9,0,5,0,8,0,0,0,0,1,1,6,2,28,6,1200,1,1,4,1,4
2018420259700,2,9,0,18,0,1,0,0,0,0,1,1,6,1,18,4,998,1,5,9,1,9
2018420259700,3,9,0,2,0,2,0,0,0,0,4,1,6,3,-1,-1,-1,-1,-1,-1,-1,-1
2018420259700,4,9,0,2,0,1,0,0,0,0,0,1,6,3,-1,-1,-1,-1,-1,-1,-1,-1
2018420259894,1,9,0,9,0,1,0,0,0,0,4,1,6,1,49,8,2143,2,4,6,1,6
2018420259911,1,19,0,10,0,1,0,0,0,0,0,1,1,1,30,6,2198,2,4,9,1,9
2018420259911,2,9,0,18,0,1,0,0,0,0,1,1,2,1,18,4,1229,1,3,3,1,3
2018420259911,3,9,0,18,0,1,0,0,0,0,1,1,2,1,62,9,1596,1,16,9,2,9
2018420259982,1,9,0,3,0,1,0,0,0,0,0,1,1,2,45,7,2143,2,7,9,1,9
2018420259982,2,9,0,3,0,2,0,0,0,0,0,1,6,1,26,6,1968,2,1,8,1,8
2018420259995,1,5,0,13,0,1,2,11,8,9,3,1,6,1,31,6,1188,1,28,9,1,9
2018420260007,1,9,0,1,9,0,0,0,0,0,2,1,6,2,29,6,1598,1,12,5,1,5
2018420260043,1,9,0,13,0,0,0,0,0,0,1,1,6,1,44,7,-1,-1,-1,3,3,3
2018420260043,2,1,0,18,0,0,0,0,1,0,3,1,5,1,65,9,-1,-1,-1,3,2,3
2018420260044,1,21,1,11,0,0,1,0,0,0,4,1,1,1,39,7,12900,2,7,2,1,2
2018420260044,2,9,0,18,0,0,1,0,1,0,3,1,6,1,28,6,1229,1,4,2,1,2
2018420260045,1,9,0,16,0,0,1,0,7,0,1,1,6,2,55,8,1598,1,15,7,1,7
2018420260045,2,9,0,5,9,0,0,0,0,0,3,1,6,2,19,4,998,1,13,6,3,6
2018420260056,1,9,0,9,0,5,0,0,0,0,1,1,5,1,47,8,1995,1,11,7,1,7
2018420260056,2,1,0,18,0,8,5,0,0,0,1,1,2,1,41,7,-1,-1,-1,10,1,10
2018420260057,1,9,0,5,0,4,0,0,0,0,1,1,5,1,62,9,1995,2,2,8,1,8
2018420260057,2,9,0,18,0,8,0,0,1,2,4,1,5,2,47,8,1896,2,15,7,3,7
2018420260059,1,9,0,15,0,0,0,0,0,0,3,1,5,1,77,11,1598,1,11,7,1,7
2018420260059,2,19,0,18,0,0,0,0,0,0,3,1,5,2,45,7,-1,-1,-1,6,1,6
2018420260059,3,9,0,2,0,0,0,0,0,0,2,1,6,3,-1,-1,-1,-1,-1,-1,-1,-1
2018420260063,1,9,0,11,0,0,1,0,0,0,4,1,5,2,80,11,998,1,11,6,2,6
2018420260063,2,21,1,18,0,0,0,0,0,0,1,1,1,1,28,6,-1,-1,-1,-1,-1,-1
2018420260063,3,21,1,18,0,0,0,0,0,0,1,1,1,1,36,7,6700,2,3,6,1,6
2018420260088,1,1,0,9,0,0,0,0,0,0,3,1,5,2,18,4,-1,-1,-1,10,1,10
2018420260088,2,9,0,18,0,0,0,0,0,0,1,1,5,2,49,8,1598,2,3,-1,3,-1
2018420260094,1,9,0,18,9,0,0,0,0,0,3,1,1,1,31,6,-1,-1,-1,8,1,8
2018420260111,1,9,0,18,0,1,0,0,0,0,3,1,5,1,26,6,1399,2,6,4,1,4
2018420260111,2,1,0,18,0,1,0,0,0,0,1,1,2,1,18,4,-1,-1,-1,4,1,4
2018420260130,1,9,0,18,0,1,0,0,0,0,1,1,5,2,30,6,1596,1,14,3,1,3
2018420260130,2,9,0,18,0,1,0,0,0,0,2,1,5,1,51,8,4398,1,14,8,1,8
2018420260141,1,9,0,18,0,0,1,0,1,0,1,1,5,2,25,5,1248,1,4,7,1,7
2018420260141,2,9,0,18,0,0,0,0,0,0,2,1,6,1,35,6,1896,2,13,3,1,3
2018420260153,1,9,0,9,0,8,0,0,0,0,1,1,1,1,45,7,2179,2,6,3,1,3
2018420260154,1,9,0,16,0,0,1,0,0,0,1,1,5,1,75,10,2495,2,17,6,2,6
2018420260154,2,17,5,18,0,0,0,0,0,0,1,1,1,1,26,6,-1,2,4,-1,-1,-1
2018420260161,1,9,0,18,0,1,0,0,0,0,1,1,1,2,23,5,1596,1,12,2,1,2
2018420260167,1,9,0,18,0,0,2,0,1,0,1,1,2,2,50,8,1587,1,13,6,1,6
2018420260168,1,9,0,18,0,0,0,0,0,0,1,1,6,1,43,7,999,1,2,3,1,3
2018420260168,2,9,0,18,0,0,0,0,0,0,2,1,5,2,49,8,1984,1,11,7,1,7
2018420260171,1,9,0,10,0,1,0,0,0,0,1,1,6,1,49,8,-1,-1,-1,9,1,9
2018420260171,2,9,0,18,0,1,1,0,0,0,1,1,2,2,24,5,998,1,4,8,1,8
2018420260178,1,9,0,4,0,4,0,0,0,0,2,1,2,2,41,7,1199,1,15,7,1,7
2018420260178,2,9,0,18,0,1,0,0,0,0,1,1,5,2,36,7,1598,1,12,6,1,6
2018420260196,1,9,0,18,0,0,1,0,1,4,3,1,5,1,27,6,3246,7,15,-1,3,-1
2018420260389,1,9,0,9,0,6,0,0,0,0,1,1,5,2,56,9,998,1,4,9,3,9
2018420260389,2,9,0,9,0,5,0,0,0,0,3,1,2,1,51,8,1229,1,6,7,2,7
2018420260542,1,1,0,18,0,0,0,0,0,0,1,1,6,1,41,7,-1,-1,-1,2,1,2
2018420260542,2,9,0,18,0,0,0,0,0,0,3,1,6,2,48,8,1798,8,1,6,1,6
2018420260564,1,1,0,18,0,0,0,0,0,0,1,1,6,2,51,8,-1,-1,-1,3,1,3
2018420260564,2,9,0,2,0,0,0,0,0,0,2,1,5,2,44,7,1998,1,14,10,1,10
2018420260573,1,9,0,9,0,0,0,0,0,0,1,1,5,2,73,10,1999,1,13,3,3,3
2018420260573,2,5,0,18,0,0,5,0,0,0,3,1,6,1,27,6,1200,1,2,8,1,8
2018420260580,1,9,0,15,0,0,1,0,7,0,1,1,6,1,27,6,1900,2,18,3,1,3
2018420260580,2,9,0,18,0,0,0,0,0,0,1,1,6,1,51,8,3600,1,17,5,1,5
2018420260581,1,9,0,9,0,6,0,0,0,0,3,1,5,2,23,5,998,1,4,5,2,5
2018420260581,2,9,0,18,0,8,0,0,0,0,1,1,5,1,20,4,1390,1,12,6,3,6
2018420260582,1,9,0,7,0,8,0,0,0,0,1,1,5,1,32,6,3498,1,11,2,1,2
2018420260582,2,9,0,9,0,1,0,0,0,0,1,1,5,2,18,4,1242,1,4,6,3,6
2018420260582,3,9,0,2,0,1,0,0,0,0,0,1,6,3,-1,-1,-1,-1,-1,-1,-1,-1
2018420260582,4,9,0,2,0,1,0,0,0,0,0,1,6,3,-1,-1,-1,-1,-1,-1,-1,-1
2018420260582,5,9,0,2,0,1,0,0,0,0,0,1,6,3,-1,-1,-1,-1,-1,-1,-1,-1
2018420260804,1,8,0,18,0,0,0,0,0,0,0,1,1,1,25,5,1598,2,6,3,1,3
2018420260804,2,9,0,4,0,0,0,0,0,0,0,1,2,1,42,7,1598,2,3,3,1,3
2018420260973,1,9,0,18,0,0,5,4,0,0,1,1,5,1,80,11,1124,1,11,3,1,3
2018420260973,2,9,0,2,0,0,0,0,0,0,1,1,6,3,-1,-1,-1,-1,-1,-1,-1,-1
2018420261009,1,9,0,5,0,4,0,0,0,0,3,1,6,1,47,8,1995,2,14,3,1,3
2018420261009,2,90,0,7,0,3,0,0,0,0,4,1,1,1,39,7,2987,2,4,8,1,8
2018420261034,1,19,0,1,0,0,0,0,0,0,2,1,1,1,20,4,2198,2,3,3,1,3
2018420261034,2,9,0,18,0,0,0,0,1,0,3,1,1,1,46,8,1598,2,1,5,1,5
2018420261054,1,9,0,18,0,0,0,0,1,11,1,1,5,1,52,8,1998,1,12,6,3,6
2018420261054,2,9,0,10,0,0,0,0,0,0,1,1,5,1,24,5,2967,2,6,8,1,8
2018420261273,1,9,0,17,0,0,1,0,7,0,1,1,5,1,36,7,1995,2,5,8,1,8
2018420261361,1,9,0,9,0,8,0,0,0,0,4,1,5,2,48,8,1497,1,17,6,1,6
2018420261361,2,9,0,18,0,1,0,0,1,0,1,1,5,1,33,6,-1,-1,-1,4,1,4
2018420261376,1,8,0,5,0,0,0,0,0,0,0,1,1,1,68,10,1598,2,6,5,2,5
2018420261451,1,9,0,4,0,1,1,0,0,0,1,1,6,1,28,6,1560,2,10,4,1,4
2018420261451,2,9,0,3,0,1,0,0,0,0,2,1,5,1,63,9,3497,1,15,2,1,2
2018420261457,1,21,1,18,0,0,0,0,0,0,1,1,1,1,29,6,12902,2,5,6,1,6
2018420261457,2,9,0,18,0,0,0,0,0,0,2,1,2,2,47,8,998,1,5,5,1,5
2018420261461,1,9,0,18,0,0,0,0,0,0,1,1,6,1,53,8,1242,1,18,9,1,9
2018420261466,1,9,0,4,0,1,1,0,0,0,1,1,5,1,58,9,1198,1,5,10,1,10
2018420261466,2,9,0,3,0,1,0,0,0,0,2,1,5,1,32,6,1997,2,12,3,1,3
2018420261467,1,9,0,11,0,0,0,0,0,0,4,1,6,1,32,6,1896,2,17,2,1,2
2018420261467,2,3,0,18,0,0,0,0,0,0,3,1,6,1,34,6,124,1,1,5,1,5
2018420261469,1,9,0,17,0,1,1,0,7,0,2,1,2,1,45,7,1329,1,8,10,1,10
2018420261469,2,9,0,18,0,1,0,0,0,0,1,1,6,2,80,11,1390,1,6,8,2,8
2018420261768,1,9,0,18,0,0,0,4,0,0,1,1,6,2,43,7,1598,1,6,7,1,7
2018420261768,2,19,0,2,0,0,0,0,0,0,2,1,6,3,-1,-1,-1,-1,-1,-1,-1,-1
2018420261880,1,9,0,2,0,0,0,0,0,0,4,1,1,1,41,7,2993,2,3,5,1,5
2018420261881,1,1,0,18,0,1,0,0,0,0,1,1,5,1,15,3,-1,-1,-1,9,1,9
2018420261885,2,9,0,5,9,8,0,0,0,0,1,1,5,2,64,9,999,1,3,10,1,10
2018420261887,1,9,0,18,0,0,0,0,0,0,1,1,6,2,35,6,1299,1,13,7,1,7
2018420261888,1,9,0,18,0,4,0,0,0,0,1,1,6,1,20,4,1248,2,10,-1,-1,-1
2018420261888,2,9,0,18,0,3,0,0,0,0,4,1,5,2,51,8,1560,2,3,4,1,4
2018420261905,1,9,0,18,0,0,0,0,0,0,1,1,6,1,19,4,1149,1,16,2,1,2
2018420261905,2,9,0,18,0,0,0,0,0,0,3,1,5,2,77,11,1968,2,8,6,1,6
2018420261905,3,19,0,18,0,0,0,0,0,0,1,1,5,1,59,9,2198,2,4,8,1,8
2018420261966,1,9,0,5,0,0,0,0,0,0,1,1,6,1,-1,-1,4367,2,7,-1,-1,-1
2018420261966,2,9,0,18,0,0,0,0,0,0,3,1,3,1,51,8,1998,2,13,6,1,6
2018420261971,1,9,0,4,5,0,0,0,0,0,4,1,5,1,63,9,1596,1,16,3,1,3
2018420262008,1,9,0,5,0,6,0,0,0,0,1,1,6,2,32,6,1242,1,5,5,2,5
2018420262008,2,9,0,18,0,1,0,0,0,0,1,1,1,1,26,6,1994,2,16,9,-1,9
2018420262038,1,9,0,18,0,8,0,0,0,0,1,1,5,1,21,5,1396,1,14,1,1,1
2018420262038,2,9,0,4,0,8,0,0,0,0,2,1,5,2,33,6,2993,2,7,7,3,7
2018420262072,1,21,1,11,0,0,0,0,0,0,4,1,1,1,41,7,12419,2,3,7,1,7
2018420262072,2,9,0,18,0,0,1,0,0,0,2,1,2,2,17,4,998,1,15,7,2,7
2018420262150,1,3,0,10,0,1,0,0,0,0,1,1,5,1,17,4,125,1,2,8,1,8
2018420262150,2,19,0,16,0,1,0,0,0,0,1,1,1,1,47,8,1995,2,1,2,1,2
2018420262155,1,9,0,18,0,6,0,0,0,0,1,1,1,1,34,6,1598,2,1,8,1,8
2018420262167,1,9,0,18,0,0,0,0,0,0,1,1,5,2,55,8,1389,1,13,9,1,9
2018420262170,1,9,0,18,0,0,0,0,0,0,2,1,6,2,35,6,1560,2,7,3,2,3
2018420262170,2,9,0,18,0,0,0,0,0,0,1,1,5,1,22,5,1999,1,9,6,1,6
2018420262170,3,9,0,2,0,0,0,0,0,0,0,1,5,1,69,10,-1,-1,-1,6,1,6
2018420262180,1,9,0,18,0,2,1,0,0,0,1,1,6,1,34,6,2793,1,20,9,1,9
2018420262180,2,9,0,18,0,1,0,4,1,0,1,1,6,2,29,6,999,1,2,9,1,9
2018420262180,3,9,0,2,0,2,0,4,0,0,2,1,6,3,-1,-1,-1,-1,-1,-1,-1,-1
2018420262183,1,9,0,18,0,1,0,0,0,0,1,1,6,1,64,9,1995,1,16,1,1,1
2018420262183,2,9,0,4,0,1,0,0,0,0,2,1,6,1,32,6,1560,2,9,4,1,4
2018420262186,1,9,0,18,0,4,0,0,0,0,1,1,5,1,34,6,1398,1,3,10,1,10
2018420262186,2,5,0,18,0,8,5,0,0,0,1,1,5,1,28,6,645,1,2,4,1,4
2018420262197,1,9,0,18,0,3,0,0,0,0,1,1,1,2,66,10,999,1,4,7,1,7
2018420262197,2,9,0,18,0,3,0,0,1,2,2,1,5,2,53,8,998,1,2,8,3,8
2018420262201,1,9,0,5,0,8,0,0,3,0,1,1,6,1,88,11,1398,1,5,7,1,7
2018420262201,2,19,0,2,0,1,0,0,0,0,2,1,6,3,-1,-1,-1,-1,-1,-1,-1,-1
2018420262201,3,9,0,2,0,1,0,0,0,0,1,1,6,3,-1,-1,-1,-1,-1,-1,-1,-1
2018420262207,1,9,0,5,0,1,0,0,0,0,1,1,6,2,44,7,-1,-1,-1,1,1,1
2018420262210,1,9,0,18,0,6,0,0,0,0,1,1,5,1,72,10,1399,1,1,9,1,9
2018420262210,2,9,0,18,0,1,0,0,0,0,1,1,5,2,43,7,998,1,4,9,1,9
2018420262217,1,9,0,16,0,0,1,0,0,0,4,1,6,1,47,8,1797,8,6,7,1,7
2018420262222,1,9,0,11,0,0,0,0,0,0,2,1,6,1,-1,-1,-1,-1,-1,-1,-1,-1
2018420262222,2,9,0,4,0,0,1,0,0,0,1,1,5,2,35,6,1399,1,1,5,1,5
2018420262222,3,9,0,4,0,0,1,0,0,0,1,1,5,1,57,9,1999,2,1,7,3,7
2018420262222,4,9,0,4,0,0,1,0,0,0,1,1,5,1,60,9,1461,2,8,3,1,3
2018420262227,1,9,0,9,0,2,0,0,0,0,1,1,5,1,42,7,1998,2,12,1,1,1
2018420262227,2,9,0,4,0,3,0,0,0,0,2,1,5,2,35,6,1798,1,12,8,1,8