Accident_Index,Vehicle_Reference,Vehicle_Type,Towing_and_Articulation,Vehicle_Manoeuvre,Vehicle_Location-Restricted_Lane,Junction_Location,Skidding_and_Overturning,Hit_Object_in_Carriageway,Vehicle_Leaving_Carriageway,Hit_Object_off_Carriageway,1st_Point_of_Impact,Was_Vehicle_Left_Hand_Drive?,Journey_Purpose_of_Driver,Sex_of_Driver,Age_of_Driver,Age_Band_of_Driver,Engine_Capacity_(CC),Propulsion_Code,Age_of_Vehicle,Driver_IMD_Decile,Driver_Home_Area_Type,Vehicle_IMD_Decile
2018420262228,1,9,0,16,0,0,0,0,7,4,1,1,6,2,39,7,1360,1,15,9,1,9
2018420262229,1,9,0,9,0,1,1,0,0,0,1,1,5,1,41,7,2198,2,11,2,1,2
2018420262229,2,9,0,17,0,1,0,0,0,0,1,1,5,1,44,7,1124,1,12,4,1,4
2018420262234,1,19,0,18,0,0,1,0,7,4,1,1,6,1,34,6,2198,2,9,7,3,7
2018420262234,2,9,0,18,0,0,0,0,0,0,0,1,1,1,40,7,1997,2,3,8,1,8
2018420262235,1,9,0,18,0,6,0,0,0,0,1,1,6,1,30,6,1388,1,9,-1,-1,-1
2018420262235,2,5,0,18,0,1,2,0,0,0,1,1,6,1,63,9,749,1,26,5,2,5
2018420262238,1,9,0,18,0,0,1,0,0,0,2,1,5,1,42,7,2700,1,16,10,2,10
2018420262238,2,9,0,18,0,0,0,0,0,0,1,1,5,1,74,10,1984,1,1,9,1,9
2018420262251,1,9,0,18,0,0,5,0,0,0,1,1,5,1,47,8,1197,1,1,6,1,6
2018420262251,2,9,0,18,0,0,2,0,0,0,2,1,6,1,40,7,998,1,1,8,1,8
2018420262251,3,9,0,18,0,0,0,0,0,0,2,1,6,1,55,8,1798,1,18,10,1,10
2018420262252,1,9,0,18,0,1,0,0,0,0,1,1,5,1,41,7,3000,1,13,8,2,8
2018420262261,1,9,0,16,0,0,0,0,7,0,1,1,6,2,83,11,1329,1,4,7,1,7
2018420262280,1,9,0,18,0,0,0,0,0,0,1,1,6,1,41,7,2487,2,18,3,1,3
2018420262280,2,9,0,18,0,0,0,0,0,0,2,1,6,2,20,4,1796,2,5,6,1,6
2018420262335,1,19,0,16,0,3,0,0,0,0,1,1,2,1,29,6,1248,2,10,2,1,2
2018420262335,2,9,0,-1,-1,-1,-1,-1,-1,0,-1,1,2,2,28,6,1242,1,2,7,3,7
2018420262405,1,9,0,18,0,4,0,0,0,0,1,1,5,1,30,6,-1,-1,-1,10,3,10
2018420262405,2,9,0,9,0,4,0,0,0,0,2,1,5,2,77,11,1299,1,11,7,1,7
2018420262559,1,9,0,1,9,8,0,0,0,0,2,1,6,3,-1,-1,-1,-1,-1,-1,-1,-1
2018420262630,1,19,0,1,0,0,0,0,0,0,2,1,1,1,59,9,2402,2,11,5,1,5
2018420262644,1,9,0,18,0,0,0,0,0,0,1,1,1,1,27,6,898,1,3,10,1,10
2018420262644,2,9,0,18,0,0,0,0,0,0,1,1,5,1,62,9,1242,1,5,6,2,6
2018420262648,1,9,0,18,0,8,0,0,0,0,4,1,6,1,66,10,1598,1,4,9,1,9
2018420262758,1,19,0,12,9,0,0,0,7,0,3,1,6,1,-1,-1,2143,2,2,-1,-1,-1
2018420262855,1,9,0,4,0,1,0,0,0,0,1,1,5,1,35,6,1498,1,1,6,1,6
2018420262855,2,9,0,10,0,2,0,0,0,0,2,1,5,1,34,6,1596,1,15,3,1,3
2018420262947,1,9,0,18,0,0,0,0,0,0,1,1,2,1,23,5,1198,1,6,7,1,7
2018420263096,1,9,0,18,0,0,5,0,1,4,1,1,5,1,86,11,1598,1,9,4,3,4
2018420263098,1,9,0,18,0,0,0,0,0,0,1,1,5,1,35,6,2993,2,9,4,1,4
2018420263098,2,9,0,18,0,0,0,0,0,0,1,1,6,1,54,8,1399,1,1,9,1,9
2018420263098,3,9,0,18,0,0,0,0,0,0,1,1,1,1,42,7,-1,-1,-1,8,1,8
2018420263099,1,9,0,18,0,8,0,0,0,0,1,1,5,1,57,9,1596,1,12,9,1,9
2018420263099,2,5,0,9,0,4,5,0,0,0,4,1,5,1,20,4,649,1,9,2,1,2
2018420263314,1,19,0,1,0,0,0,0,0,0,2,1,1,1,57,9,2188,2,15,9,2,9
2018420263325,1,11,0,18,0,2,0,0,0,0,4,1,1,1,68,10,5850,2,16,3,1,3
2018420263400,1,9,0,9,0,8,0,0,0,0,1,1,6,1,44,7,1560,2,3,-1,3,-1
2018420263400,2,9,0,18,0,8,0,0,0,0,4,1,6,2,33,6,2401,2,12,7,1,7
2018420263514,1,9,0,5,0,1,0,0,0,0,1,1,6,1,30,6,1360,1,13,1,2,1
2018420263514,2,9,0,10,0,1,0,0,0,0,2,1,5,2,41,7,1493,2,12,7,1,7
2018420263541,1,8,0,18,0,0,0,0,0,0,1,1,1,1,35,6,1956,2,3,10,1,10
2018420263541,2,19,0,18,0,0,0,0,0,0,2,1,1,1,55,8,2402,2,7,8,1,8
2018420263541,3,19,0,18,0,0,0,0,0,0,2,1,1,1,55,8,1598,2,1,5,1,5
2018420263541,4,9,0,18,0,0,0,0,0,0,2,1,6,2,25,5,-1,-1,-1,6,1,6
2018420263568,1,9,0,18,0,0,5,0,0,0,1,1,5,1,57,9,1149,1,12,5,1,5
2018420263575,1,3,0,18,0,4,0,0,0,0,1,1,5,1,23,5,124,1,12,7,1,7
2018420263575,2,9,0,9,0,8,0,0,0,0,1,1,5,2,48,8,1149,1,13,6,1,6
2018420263577,1,9,0,18,0,1,0,0,0,0,4,1,5,1,30,6,998,1,12,7,3,7
2018420263597,1,9,0,5,0,0,0,0,1,0,1,1,5,1,18,4,-1,-1,-1,7,3,7
2018420263597,2,11,0,5,0,0,0,0,0,0,1,1,1,1,47,8,9000,2,15,3,1,3
2018420263735,1,9,0,18,0,0,0,0,0,0,1,1,2,1,18,4,1242,1,11,9,2,9
2018420263735,2,9,0,18,0,0,0,0,0,0,2,1,6,2,34,6,2987,2,2,8,1,8
2018420263838,1,9,0,18,0,0,0,0,0,0,1,1,6,2,26,6,1597,2,2,8,1,8
2018420264051,1,9,0,7,0,6,0,0,1,0,3,1,5,1,56,9,1598,1,8,8,2,8
2018420264051,2,9,0,18,0,1,5,0,0,0,1,1,5,2,24,5,1242,1,5,6,1,6
2018420264051,3,9,0,18,0,1,0,0,0,0,1,1,2,1,62,9,1560,2,2,7,3,7
2018420264053,1,9,0,18,0,0,1,0,0,0,1,1,6,1,18,4,1388,1,11,9,1,9
2018420264053,2,9,0,3,0,0,0,0,0,0,2,1,6,2,18,4,1229,1,11,7,2,7
2018420264053,3,9,0,3,0,0,0,0,0,0,2,1,6,1,48,8,1598,2,1,9,1,9
2018420264053,4,9,0,3,0,0,0,0,0,0,2,1,5,1,30,6,1997,2,5,10,1,10
2018420264054,1,9,0,18,0,8,0,0,7,0,1,1,5,2,52,8,998,1,-1,7,3,7
2018420264054,2,9,0,18,0,6,0,0,0,0,3,1,5,2,34,6,2902,2,14,10,1,10
2018420264055,1,9,0,14,0,1,0,0,0,0,1,1,5,1,46,8,1560,2,5,5,1,5
2018420264058,1,9,0,4,0,8,1,0,1,3,1,1,2,1,50,8,1796,1,11,4,1,4
2018420264073,1,19,4,4,0,0,0,0,0,0,1,1,1,1,30,6,-1,-1,-1,-1,-1,-1
2018420264073,2,9,0,4,0,0,0,0,0,0,2,1,6,2,23,5,1198,1,7,7,1,7
2018420264073,3,9,0,4,0,0,0,11,0,0,2,1,5,2,32,6,1794,1,17,6,1,6
2018420264094,1,9,0,17,0,1,1,0,3,0,1,1,2,2,36,7,-1,-1,-1,9,1,9
2018420264264,1,9,0,5,0,6,0,0,0,0,1,1,1,1,61,9,2143,2,7,3,1,3
2018420264264,2,9,0,18,0,8,0,0,0,0,3,1,1,1,31,6,-1,-1,-1,9,1,9
2018420264264,3,9,0,3,0,1,0,0,0,0,1,1,5,2,42,7,2494,1,18,7,1,7
2018420264294,1,9,0,4,0,1,0,0,0,0,1,1,5,1,22,5,1984,1,8,3,3,3
2018420264294,2,19,0,10,0,1,0,0,0,0,2,1,6,1,47,8,1499,2,1,5,2,5
2018420264296,1,9,0,18,0,0,0,0,0,0,1,1,5,2,29,6,1596,1,12,4,1,4
2018420264296,2,9,0,18,0,0,0,0,0,0,2,1,5,2,72,10,1318,1,2,6,1,6
2018420264303,1,9,0,15,0,0,0,0,0,0,4,1,5,2,76,11,1242,1,3,7,3,7
2018420264305,1,9,4,9,0,2,0,0,0,0,1,1,5,1,42,7,2664,2,15,4,3,4
2018420264354,1,19,0,4,0,1,1,0,0,0,1,1,5,1,22,5,1870,2,13,7,3,7
2018420264354,2,9,0,4,0,1,0,0,0,0,2,1,5,2,36,7,2993,2,2,8,3,8
2018420264354,3,9,0,18,0,8,0,0,1,0,1,1,2,2,43,7,1242,1,2,9,2,9
2018420264354,4,9,0,18,0,8,0,0,0,0,1,1,2,1,37,7,1388,1,9,6,1,6
2018420264375,1,9,0,5,0,1,0,0,0,0,4,1,3,2,28,6,1998,1,12,4,2,4
2018420264375,2,9,0,18,0,1,0,0,0,0,1,1,5,1,69,10,1396,1,14,4,1,4
2018420264377,1,9,0,9,0,8,0,0,0,0,1,1,1,1,38,7,998,1,2,8,2,8
2018420264377,2,9,0,18,0,8,0,0,0,0,1,1,6,1,62,9,998,1,20,2,1,2
2018420264383,1,9,0,4,0,0,0,0,1,0,2,1,5,1,74,10,1910,2,10,6,3,6
2018420264383,2,9,0,18,0,0,1,0,7,0,1,1,5,1,31,6,2143,2,1,10,2,10
2018420264384,1,9,0,7,0,1,1,0,0,0,1,1,6,2,40,7,1969,2,2,7,1,7
2018420264384,2,9,0,18,0,1,0,0,0,0,1,1,2,1,33,6,-1,-1,-1,7,-1,7
2018420264386,1,9,0,4,0,4,0,0,0,0,1,1,5,1,19,4,1242,1,10,2,1,2
2018420264387,1,9,0,16,0,0,0,0,0,0,1,1,5,1,67,10,1910,2,11,4,1,4
2018420264387,2,9,0,17,0,0,2,0,1,4,3,1,2,1,24,5,1461,2,3,6,3,6
2018420264388,1,9,0,9,0,6,0,0,0,0,3,1,2,1,74,10,2995,1,2,9,3,9
2018420264388,2,9,0,18,0,1,0,0,0,0,1,1,6,2,51,8,998,1,10,5,1,5
2018420264389,1,98,1,11,0,0,0,0,0,0,1,1,1,1,42,7,-1,-1,-1,-1,-1,-1
2018420264389,2,9,0,18,0,0,0,0,0,0,2,1,6,1,68,10,1242,1,17,4,1,4
2018420264393,1,9,0,18,0,0,0,0,2,7,1,1,5,2,22,5,1299,1,16,2,1,2
2018420264459,1,19,0,9,0,8,0,0,0,0,1,1,1,1,36,7,1560,2,4,5,3,5
2018420264459,2,1,0,18,0,1,0,0,0,0,4,1,6,1,19,4,-1,-1,-1,10,1,10
2018420264471,1,9,0,5,0,0,0,0,0,0,1,1,5,1,65,9,1896,2,16,10,1,10
2018420264471,2,9,0,18,0,0,0,0,0,0,1,1,5,1,31,6,1242,1,20,9,1,9
2018420264473,1,9,0,5,0,2,0,0,0,0,3,1,5,1,38,7,1296,1,11,10,1,10
2018420264473,2,11,0,18,0,1,0,0,0,0,1,1,1,1,53,8,4250,2,16,4,1,4
2018420264476,1,9,0,17,0,0,0,0,0,0,1,1,2,1,37,7,1398,1,7,2,1,2
2018420264476,2,9,0,16,0,0,0,0,7,0,1,1,2,2,37,7,1587,1,16,9,2,9
2018420264479,1,9,0,18,0,2,1,0,7,10,1,1,6,1,59,9,1948,1,17,10,3,10
2018420264484,1,9,0,18,0,0,0,12,0,0,1,1,5,1,33,6,796,1,15,5,3,5
2018420264484,2,9,0,18,0,0,0,0,0,0,1,1,5,1,17,4,1198,1,12,6,3,6
2018420264500,1,19,0,9,0,2,0,0,0,0,4,1,6,1,62,9,1461,2,8,5,3,5
2018420264500,2,1,0,16,0,1,0,0,0,0,3,1,5,1,54,8,-1,-1,-1,4,2,4
2018420264513,1,20,0,5,0,2,0,7,0,0,1,1,1,2,53,8,-1,-1,-1,4,1,4
2018420264514,1,9,0,18,0,2,0,0,0,0,1,1,6,2,40,7,1995,2,10,10,1,10
2018420264514,2,9,0,5,0,3,0,0,0,0,1,1,6,2,43,7,1753,2,17,2,1,2
2018420264517,1,9,0,18,0,0,0,0,0,0,1,1,6,1,23,5,1242,1,5,3,1,3
2018420264517,2,9,0,4,0,0,0,0,0,0,2,1,6,1,35,6,1598,2,5,5,1,5
2018420264517,3,9,0,4,0,0,0,0,0,0,2,1,5,1,34,6,4163,1,5,10,1,10
2018420264582,1,9,0,18,0,8,0,0,0,0,1,1,2,2,32,6,1910,2,12,2,1,2
2018420264582,2,9,0,18,0,8,0,0,0,0,4,1,3,2,39,7,1794,1,14,4,1,4
2018420264778,1,9,0,7,0,8,1,0,0,0,1,1,6,1,27,6,1242,1,9,6,1,6
2018420264778,2,9,0,18,0,8,0,0,0,0,1,1,6,2,36,7,1997,2,3,9,1,9
2018420264905,1,9,0,6,0,0,0,0,0,0,1,1,5,1,76,11,1248,1,5,7,1,7
2018420264905,2,9,0,18,0,0,0,0,0,0,1,1,5,2,65,9,1388,1,7,8,1,8
2018420264909,1,5,0,13,0,1,0,0,0,0,4,1,2,1,53,8,-1,-1,-1,8,1,8
2018420264909,2,21,1,4,0,1,0,0,0,0,3,1,1,1,48,8,12777,2,1,4,1,4
2018420264913,1,97,0,7,0,0,0,0,1,0,1,1,5,1,58,9,-1,-1,-1,6,3,6
2018420264914,1,9,0,18,0,0,0,0,0,0,4,1,6,3,-1,-1,-1,-1,-1,-1,-1,-1
2018420264914,2,1,0,18,0,0,5,0,0,0,3,1,5,1,40,7,-1,-1,-1,7,1,7
2018420264916,1,8,0,5,0,6,0,0,0,0,1,1,1,1,65,9,1910,2,9,3,1,3
2018420264916,2,1,0,18,0,8,5,0,0,0,2,1,5,2,44,7,-1,-1,-1,4,1,4
2018420264920,1,9,0,9,0,8,0,0,0,0,1,1,5,2,44,7,1896,2,12,8,-1,8
2018420264920,2,9,0,18,0,1,0,0,0,0,3,1,1,1,25,5,1598,2,1,9,1,9
2018420264923,1,9,0,16,0,0,2,0,0,0,1,1,5,1,18,4,1229,1,8,5,2,5
2018420264979,1,9,0,18,0,0,0,0,1,2,1,1,6,1,25,5,1796,1,18,4,1,4
2018420264979,3,9,-1,-1,-1,0,-1,-1,-1,0,-1,1,6,3,-1,-1,-1,-1,-1,-1,-1,-1
2018420265095,1,8,0,12,6,0,0,0,1,0,1,1,1,1,37,7,1598,2,4,4,1,4
2018420265095,2,9,0,18,0,0,0,0,0,0,2,1,3,2,35,6,1997,2,12,1,1,1
2018420265382,1,9,0,18,0,0,0,0,7,0,1,1,5,1,36,7,1390,1,15,4,1,4
2018420265516,1,9,0,18,0,0,0,0,7,5,1,1,6,2,61,9,1349,1,5,6,1,6
2018420265516,2,9,0,2,9,0,0,0,0,0,3,1,6,3,-1,-1,-1,-1,-1,-1,-1,-1
2018420265639,1,9,0,18,0,0,0,0,0,0,1,1,6,2,58,9,1686,2,4,4,1,4
2018420265639,2,9,0,2,0,0,0,0,1,0,2,1,6,3,-1,-1,-1,-1,-1,-1,-1,-1
2018420265646,1,9,0,4,0,0,0,0,0,0,1,1,2,2,63,9,1461,2,3,6,3,6
2018420265646,2,19,0,3,0,0,0,0,0,0,2,1,6,1,69,10,1560,2,1,6,3,6
2018420265714,1,19,0,18,0,0,0,0,0,0,1,1,6,1,30,6,-1,-1,-1,-1,-1,-1
2018420265714,2,9,0,18,0,0,0,0,0,0,2,1,1,1,49,8,1499,2,3,8,1,8
2018420265749,1,11,0,11,0,0,0,0,0,0,4,1,1,1,65,9,6692,2,9,2,1,2
2018420265749,2,21,1,18,0,0,0,0,0,0,3,1,1,1,46,8,12900,2,9,7,2,7
2018420265755,1,9,0,3,0,4,0,0,0,0,3,1,5,1,33,6,1339,1,6,2,1,2
2018420265755,2,2,0,3,0,4,5,0,0,0,2,1,5,1,56,9,49,1,5,3,1,3
2018420265756,1,8,0,5,0,8,0,0,0,0,3,1,1,1,59,9,1997,2,5,9,1,9
2018420265756,2,9,0,18,0,1,0,0,0,0,1,1,6,3,-1,-1,-1,-1,-1,-1,-1,-1
2018420265757,1,19,0,17,0,1,0,0,0,0,1,1,5,1,61,9,1870,2,16,3,1,3
2018420265760,1,9,0,18,0,1,1,0,0,0,1,1,6,1,19,4,1149,1,17,6,1,6
2018420265760,2,9,0,3,0,1,0,0,0,0,2,1,6,1,49,8,1998,1,13,3,1,3
2018420265760,3,9,0,3,0,1,0,0,0,0,2,1,6,2,28,6,1997,2,4,6,1,6
2018420265770,1,19,4,9,0,1,0,0,0,0,3,1,1,1,33,6,2198,2,4,6,3,6
2018420265770,2,9,0,16,0,6,1,0,1,0,1,1,2,1,57,9,1968,2,4,8,2,8
2018420265771,1,3,0,18,0,0,1,0,0,0,0,1,6,2,39,7,124,1,2,2,1,2
2018420265999,1,9,0,3,0,4,0,0,0,0,1,1,6,2,-1,-1,-1,-1,-1,-1,-1,-1
2018420265999,2,9,0,3,0,4,0,0,0,0,2,1,3,2,53,8,1753,2,10,-1,-1,-1
2018420266124,1,9,0,9,0,3,0,0,0,0,4,1,5,2,36,7,998,1,1,7,1,7
2018420266124,2,2,0,9,0,3,0,0,0,0,1,1,6,1,16,4,49,1,17,3,1,3
2018420266148,1,9,0,18,0,1,0,0,0,0,4,1,5,2,52,8,1200,1,4,4,1,4
2018420266148,2,9,0,18,0,1,0,0,0,0,3,1,5,2,40,7,1685,2,1,8,1,8
2018420266159,1,90,0,5,0,0,0,0,0,0,4,1,1,1,42,7,-1,-1,-1,3,1,3
2018420266159,2,9,0,5,0,0,0,0,0,0,3,1,6,2,29,6,2179,2,6,10,-1,10
2018420266171,1,9,0,18,0,4,0,0,0,0,1,1,6,3,-1,-1,-1,-1,-1,-1,-1,-1
2018420266171,2,19,0,9,0,8,0,0,0,0,4,1,5,1,38,7,2402,2,8,5,1,5
2018420266194,1,9,0,13,0,1,0,0,0,0,1,1,5,1,29,6,1995,2,10,9,1,9
2018420266195,1,9,0,4,0,0,0,0,0,0,1,1,2,1,45,7,2987,2,3,7,3,7
2018420266195,2,9,0,4,0,0,0,0,0,0,2,1,2,1,26,6,1496,2,2,3,1,3
2018420266195,3,9,0,4,0,0,0,0,0,0,2,1,5,2,26,6,1596,1,12,9,1,9
2018420266196,1,9,0,9,0,4,0,0,0,0,1,1,6,1,24,5,2198,2,3,7,3,7
2018420266196,2,9,0,18,0,4,0,0,0,0,1,1,6,2,32,6,1560,2,5,10,1,10
2018420266204,1,9,0,17,9,1,1,10,1,11,1,1,5,1,18,4,1242,1,12,6,1,6
2018420266204,2,9,0,2,9,2,0,0,0,0,2,1,6,3,-1,-1,-1,-1,-1,-1,-1,-1
2018420266204,3,9,0,2,9,1,0,0,0,0,4,1,6,3,-1,-1,-1,-1,-1,-1,-1,-1
2018420266204,4,9,0,2,9,1,0,0,0,0,2,1,6,3,-1,-1,-1,-1,-1,-1,-1,-1
2018420266205,1,9,0,16,0,0,0,0,1,4,1,1,5,1,20,4,1995,1,10,5,2,5
2018420266205,2,9,0,18,0,0,0,0,0,0,1,1,5,1,49,8,1560,2,3,4,1,4
2018420266206,1,9,0,16,0,0,1,0,0,0,1,1,5,1,20,4,1686,2,16,3,3,3
2018420266206,2,9,0,18,0,0,0,0,0,0,2,1,5,2,17,4,1242,1,6,2,1,2
2018420266206,3,9,0,18,0,0,0,0,0,0,2,1,5,1,18,4,1197,1,5,6,3,6
2018420266498,1,9,0,18,0,0,0,0,0,0,4,1,5,1,82,11,1332,1,20,2,1,2
2018420266498,2,9,0,2,0,0,0,0,0,0,3,1,6,2,45,7,2979,1,6,2,1,2
2018420266525,1,21,0,18,0,1,0,0,0,0,1,1,1,1,47,8,4462,2,5,1,1,1
2018420266525,2,9,0,4,0,1,0,0,0,0,2,1,6,2,57,9,1199,1,5,9,1,9
2018420266525,3,19,0,3,0,4,0,0,0,0,2,1,1,1,48,8,1499,2,1,4,1,4
2018420266553,1,9,0,1,9,0,1,10,0,0,2,1,5,1,85,11,1299,1,10,6,1,6
2018420266553,2,9,0,2,0,0,0,0,0,0,2,1,6,3,-1,-1,-1,-1,-1,-1,-1,-1
2018420266554,1,3,0,18,0,8,2,0,0,0,4,1,6,1,50,8,125,1,4,2,1,2
2018420266554,2,9,0,3,0,8,0,0,0,0,2,1,6,1,39,7,1596,1,17,1,1,1
2018420266555,1,9,0,18,0,1,0,0,0,0,1,1,6,2,23,5,1240,1,8,3,1,3
2018420266555,2,9,0,4,0,1,0,0,0,0,2,1,6,2,20,4,1597,1,10,8,2,8
2018420266558,1,8,0,5,0,4,0,0,0,0,1,1,1,1,50,8,1598,2,6,6,2,6
2018420266558,2,1,0,18,0,8,0,0,0,0,4,1,5,1,14,3,-1,-1,-1,9,1,9
2018420266560,1,9,0,10,0,1,0,0,0,0,4,1,6,2,36,7,1299,1,18,2,1,2
2018420266560,2,9,0,10,0,1,0,0,0,0,1,1,6,2,55,8,1598,2,5,5,1,5
2018420266566,1,19,0,18,0,0,2,0,0,0,3,1,1,1,23,5,1560,2,9,4,1,4
2018420266567,1,9,0,9,0,8,0,0,0,0,1,1,6,1,31,6,1242,1,16,6,3,6
2018420266567,2,9,0,17,0,8,0,0,0,0,1,1,6,2,31,6,1398,1,1,2,1,2
2018420266568,1,9,0,4,0,1,0,0,0,0,2,1,5,1,44,7,1796,1,16,3,1,3
2018420266568,2,9,0,4,0,1,0,0,0,0,1,1,5,1,22,5,-1,-1,-1,5,1,5
2018420266568,3,9,-1,-1,-1,-1,-1,-1,-1,0,-1,1,6,3,-1,-1,-1,-1,-1,-1,-1,-1
2018420266569,1,98,0,11,0,0,0,0,0,0,4,1,1,1,37,7,-1,-1,-1,2,1,2
2018420266569,2,9,-1,18,0,0,0,0,0,0,3,1,6,2,22,5,1560,2,1,6,1,6
2018420266573,1,9,0,9,0,6,0,0,0,0,-1,1,6,2,-1,-1,-1,-1,-1,-1,-1,-1
2018420266573,2,3,0,18,0,8,0,0,0,0,-1,1,6,2,17,4,124,1,6,10,1,10
2018420266574,1,9,0,18,0,1,0,0,0,0,4,1,6,2,55,8,1997,2,13,4,1,4
2018420266595,1,9,0,18,0,0,0,0,0,0,1,1,6,2,56,9,1685,2,3,5,1,5
2018420266595,2,90,0,1,0,0,0,0,0,0,2,1,6,1,42,7,-1,-1,-1,3,1,3
2018420266603,1,9,0,7,0,8,0,0,0,0,1,1,6,2,25,5,1598,1,8,3,1,3
2018420266603,2,19,0,18,0,1,0,0,0,0,1,1,5,1,58,9,1753,2,13,2,1,2
2018420266610,1,3,0,18,0,1,0,0,0,0,1,1,5,1,48,8,125,1,3,3,1,3
2018420266610,2,9,0,9,0,1,0,0,0,0,2,1,2,1,50,8,-1,-1,-1,4,1,4
2018420266616,1,9,0,18,0,0,0,0,1,10,4,1,5,1,52,8,-1,-1,-1,5,3,5
2018420266616,2,9,0,2,6,0,0,0,0,0,1,1,6,3,-1,-1,-1,-1,-1,-1,-1,-1
2018420266616,3,9,0,2,6,0,0,0,0,0,2,1,6,3,-1,-1,-1,-1,-1,-1,-1,-1
2018420266616,4,9,0,2,6,0,0,0,0,0,2,1,6,3,-1,-1,-1,-1,-1,-1,-1,-1
2018420266619,1,9,0,6,0,0,0,0,0,0,4,1,5,2,61,9,2148,2,9,3,1,3
2018420266619,2,9,0,18,0,0,0,0,0,0,4,1,5,2,33,6,1999,1,10,9,1,9
2018420266624,1,11,0,9,0,8,0,0,0,0,3,1,1,1,35,6,3900,2,15,2,1,2
2018420266624,2,9,0,18,0,1,0,0,0,0,1,1,5,2,42,7,1229,1,6,2,1,2
2018420266627,1,9,0,9,0,1,0,0,0,0,4,1,6,2,22,5,973,1,17,3,1,3
2018420266627,2,9,0,18,0,1,0,0,0,0,1,1,6,2,31,6,1461,2,11,1,1,1
2018420266633,1,9,0,18,0,8,1,0,0,0,1,1,6,2,57,9,1461,2,3,10,1,10
2018420266633,2,9,0,18,0,8,0,0,0,0,2,1,6,1,22,5,1995,2,10,2,1,2
2018420266636,1,9,0,18,0,0,0,0,1,0,1,1,6,3,-1,-1,2143,2,4,-1,-1,-1
2018420266636,2,9,0,18,0,0,0,0,0,0,2,1,6,1,58,9,1461,2,1,5,2,5
2018420266688,1,9,0,18,0,3,0,0,0,0,4,1,5,2,29,6,1598,1,16,1,1,1
2018420266688,2,9,0,18,0,3,0,0,0,0,4,1,5,2,41,7,1560,2,8,1,1,1
2018420266701,1,9,0,5,0,1,0,0,0,0,3,1,5,1,55,8,1598,1,9,5,1,5
2018420266701,2,1,0,17,0,1,0,0,0,0,1,1,5,1,50,8,-1,-1,-1,4,1,4
2018420266726,1,9,0,4,0,0,0,0,0,0,1,1,5,1,28,6,2967,2,2,6,1,6
2018420266726,2,9,0,4,0,0,0,0,0,0,2,1,5,1,53,8,1388,1,11,1,1,1
2018420266726,3,9,0,4,0,0,0,0,0,0,2,1,5,1,64,9,2995,1,3,-1,-1,-1
2018420266728,1,9,0,7,0,1,0,0,0,0,3,1,5,1,33,6,1299,1,14,4,1,4
2018420266728,2,1,0,18,0,8,0,0,0,0,4,1,6,1,55,8,-1,-1,-1,3,1,3
2018420266734,1,9,0,9,0,8,0,0,0,0,3,1,5,2,74,10,1329,1,8,5,3,5
2018420266734,2,1,0,7,0,8,0,0,0,0,3,1,5,1,69,10,-1,-1,-1,7,2,7
2018420266775,1,9,0,18,0,0,0,0,0,0,1,1,6,1,21,5,1242,1,11,3,1,3
2018420266775,2,9,0,18,0,0,0,0,0,0,2,1,6,1,26,6,1591,1,7,10,1,10
2018420266775,3,9,0,18,0,0,0,0,0,0,2,1,6,1,49,8,1999,1,11,4,1,4
2018420266784,1,9,0,5,0,6,0,0,0,0,1,1,6,2,58,9,1389,1,14,1,1,1
2018420266784,2,9,0,18,0,8,0,0,1,2,4,1,2,2,24,5,998,1,7,4,1,4
2018420266787,1,9,0,18,0,5,0,0,0,0,1,1,6,1,18,4,1596,1,12,10,3,10
2018420266787,2,9,0,18,0,6,0,0,0,0,1,1,2,1,29,6,998,1,18,3,1,3
2018420266790,1,9,0,18,0,2,0,4,0,0,1,1,6,3,-1,-1,1796,1,12,-1,-1,-1
2018420266790,2,9,0,2,0,2,0,0,0,0,2,1,6,3,-1,-1,-1,-1,-1,-1,-1,-1
2018420266790,3,9,0,2,0,2,0,4,0,0,2,1,6,3,-1,-1,-1,-1,-1,-1,-1,-1
2018420266790,4,9,0,2,0,2,0,0,0,0,2,1,6,3,-1,-1,-1,-1,-1,-1,-1,-1
2018420266790,5,9,0,2,0,2,0,0,0,0,2,1,6,3,-1,-1,-1,-1,-1,-1,-1,-1
2018420266791,1,9,0,16,0,2,1,0,7,0,1,1,1,1,25,5,1499,2,3,-1,-1,-1
2018420266918,1,9,0,4,0,0,0,0,0,0,1,1,2,1,26,6,1596,1,13,3,1,3
2018420266918,2,9,0,4,0,0,0,0,0,0,2,1,2,1,31,6,-1,-1,-1,8,1,8
2018420266918,3,9,0,4,0,0,0,0,0,0,2,1,2,1,51,8,-1,-1,-1,7,1,7
2018420267168,1,5,0,4,0,0,1,0,0,0,0,1,2,1,22,5,645,1,5,9,3,9
2018420267226,1,3,0,9,0,6,5,0,0,0,1,1,1,1,19,4,108,1,2,2,1,2
2018420267226,2,9,0,18,0,2,0,0,0,0,3,1,6,3,-1,-1,-1,-1,-1,-1,-1,-1
2018420267333,1,9,0,5,0,2,0,0,0,0,2,1,6,3,30,6,-1,-1,-1,-1,-1,-1
2018420267338,1,9,0,18,0,0,1,0,0,0,1,1,1,1,23,5,-1,-1,-1,-1,-1,-1