Accident_Index,Vehicle_Reference,Vehicle_Type,Towing_and_Articulation,Vehicle_Manoeuvre,Vehicle_Location-Restricted_Lane,Junction_Location,Skidding_and_Overturning,Hit_Object_in_Carriageway,Vehicle_Leaving_Carriageway,Hit_Object_off_Carriageway,1st_Point_of_Impact,Was_Vehicle_Left_Hand_Drive?,Journey_Purpose_of_Driver,Sex_of_Driver,Age_of_Driver,Age_Band_of_Driver,Engine_Capacity_(CC),Propulsion_Code,Age_of_Vehicle,Driver_IMD_Decile,Driver_Home_Area_Type,Vehicle_IMD_Decile
2018420267338,2,9,0,4,0,0,0,0,0,0,2,1,5,1,48,8,1461,2,3,6,1,6
2018420267340,1,9,0,17,0,1,1,10,7,10,1,1,5,1,18,4,1149,1,9,-1,-1,-1
2018420267342,1,9,0,13,0,8,0,10,7,4,4,1,5,1,21,5,1598,1,15,5,1,5
2018420267342,2,9,0,9,0,8,1,0,7,0,3,1,6,1,24,5,1598,1,13,7,1,7
2018420267343,1,1,0,18,0,1,5,0,0,0,1,1,2,1,48,8,-1,-1,-1,10,1,10
2018420267343,2,8,0,3,0,1,0,0,0,0,2,1,6,1,50,8,1797,8,7,2,1,2
2018420267346,1,9,0,15,0,1,0,0,0,0,1,1,5,2,62,9,1242,1,8,8,1,8
2018420267346,2,9,0,3,0,2,0,0,0,0,1,1,5,1,29,6,1598,1,3,9,3,9
2018420267353,1,9,0,18,0,7,0,0,0,0,0,1,6,3,-1,-1,-1,-1,-1,-1,-1,-1
2018420267353,2,21,1,18,0,7,1,0,0,0,1,1,1,1,60,9,-1,-1,-1,-1,-1,-1
2018420267353,3,9,0,18,0,7,0,0,2,0,2,1,1,2,51,8,-1,-1,-1,10,1,10
2018420267471,1,9,0,18,0,0,0,7,0,0,1,1,5,1,77,11,1299,1,11,4,1,4
2018420267505,1,19,0,18,0,0,1,0,0,0,1,1,1,1,29,6,1968,2,3,3,1,3
2018420267505,2,9,0,18,0,0,1,0,0,0,1,1,6,1,22,5,1560,2,2,7,1,7
2018420267505,3,19,0,18,0,0,1,0,0,0,2,1,5,1,33,6,-1,-1,-1,9,2,9
2018420267676,1,9,0,5,0,2,0,0,0,0,1,1,6,3,-1,-1,-1,-1,-1,-1,-1,-1
2018420267676,2,3,0,5,0,2,2,0,0,0,2,1,2,2,41,7,124,1,11,2,1,2
2018420267806,1,9,0,18,0,1,0,0,0,0,1,1,5,1,46,8,2494,1,15,3,1,3
2018420267806,2,9,0,9,0,6,0,0,0,0,1,1,5,2,58,9,1248,2,11,10,3,10
2018420267822,1,9,0,11,0,0,2,0,1,0,1,1,5,1,61,9,1999,1,14,4,1,4
2018420267822,2,9,0,12,0,0,0,0,0,0,0,1,6,3,-1,-1,-1,-1,-1,-1,-1,-1
2018420267827,1,9,0,9,0,6,0,0,0,0,3,1,5,2,32,6,1910,2,11,10,2,10
2018420267827,2,19,0,18,0,1,0,0,0,0,1,1,2,1,47,8,1598,2,3,7,1,7
2018420267831,1,1,0,18,0,8,0,0,0,0,1,1,5,1,16,4,-1,-1,-1,8,1,8
2018420267831,2,9,0,9,0,8,0,0,0,0,4,1,5,2,54,8,998,1,5,9,1,9
2018420267832,1,1,0,15,4,1,0,0,0,0,3,1,5,1,51,8,-1,-1,-1,6,1,6
2018420267832,2,11,0,7,0,1,0,0,0,0,4,1,1,1,38,7,4250,2,16,5,1,5
2018420267835,1,9,0,5,0,0,0,0,0,0,2,1,5,1,43,7,1968,2,6,6,2,6
2018420267835,2,9,0,5,0,0,0,0,0,0,2,1,5,2,20,4,1395,1,2,8,1,8
2018420267835,3,9,0,5,0,0,0,0,0,0,1,1,5,1,24,5,1896,2,12,2,1,2
2018420267852,1,-1,-1,18,0,0,0,0,0,0,1,1,6,3,-1,-1,-1,-1,-1,-1,-1,-1
2018420268085,1,9,0,9,0,1,0,0,0,0,1,1,5,1,66,10,1461,2,1,4,1,4
2018420268085,2,1,0,18,0,1,5,0,0,0,1,1,2,1,33,6,-1,-1,-1,-1,-1,-1
2018420268094,1,9,0,15,0,1,0,0,0,0,4,1,6,3,18,4,-1,-1,-1,-1,-1,-1
2018420268094,2,1,0,9,0,1,0,0,0,0,3,1,2,1,31,6,-1,-1,-1,9,1,9
2018420268143,1,9,0,9,0,5,0,0,0,0,1,1,5,1,24,5,1299,1,15,4,1,4
2018420268200,1,9,0,5,0,6,0,0,0,0,1,1,6,1,89,11,1596,1,5,10,1,10
2018420268200,2,9,0,18,0,8,0,0,0,0,3,1,6,1,22,5,1596,1,6,10,1,10
2018420268225,1,9,0,4,0,3,0,0,0,0,1,1,1,1,20,4,998,1,3,8,1,8
2018420268225,2,9,0,4,0,3,0,0,0,0,2,1,2,1,46,8,1991,1,2,4,1,4
2018420268225,3,9,0,4,0,3,0,0,0,0,2,1,2,1,50,8,2000,2,7,7,3,7
2018420268342,1,9,0,18,0,0,0,0,0,0,1,1,1,1,35,6,-1,-1,-1,5,1,5
2018420268342,2,9,0,18,0,0,0,0,0,0,2,1,1,1,54,8,-1,-1,-1,4,1,4
2018420268342,3,9,0,18,0,0,0,0,0,0,2,1,1,1,60,9,-1,-1,-1,8,1,8
2018420268476,1,9,0,7,0,1,0,0,0,0,1,1,6,1,-1,-1,-1,-1,-1,-1,-1,-1
2018420268476,2,1,-1,18,0,8,0,0,0,0,1,1,2,1,22,5,-1,-1,-1,9,1,9
2018420268611,1,19,0,4,0,0,0,0,0,0,1,1,1,1,55,8,1968,2,6,5,1,5
2018420268611,2,9,0,4,0,0,0,0,0,0,1,1,1,1,49,8,1998,2,10,6,1,6
2018420268611,3,21,1,3,0,0,0,0,0,0,2,1,1,1,48,8,12902,2,2,7,1,7
2018420268745,1,9,0,18,0,8,5,0,0,0,4,1,5,2,77,11,1248,1,8,9,1,9
2018420268745,2,9,0,2,0,8,0,0,0,0,3,1,6,3,-1,-1,-1,-1,-1,-1,-1,-1
2018420268784,1,9,0,18,0,0,2,0,1,0,1,1,2,2,24,5,1206,1,5,1,1,1
2018420268784,2,9,0,18,0,0,2,0,1,0,1,1,1,1,41,7,1242,1,9,9,1,9
2018420268827,1,9,0,17,0,0,2,0,8,10,1,1,6,1,29,6,1997,2,15,5,1,5
2018420268838,1,9,0,4,0,1,0,0,0,0,2,1,5,2,30,6,1240,1,14,9,1,9
2018420268838,2,9,0,18,0,1,0,0,0,0,1,1,6,1,19,4,1242,1,4,2,1,2
2018420268853,1,9,0,17,0,0,1,0,1,1,1,1,5,2,21,5,1598,1,16,5,3,5
2018420268858,1,9,0,18,0,0,0,0,0,0,3,1,6,1,46,8,2830,2,24,1,1,1
2018420268858,2,9,0,18,0,0,1,0,0,0,4,1,5,2,24,5,1242,1,11,1,1,1
2018420268929,1,9,0,9,0,8,0,0,0,0,1,1,6,2,34,6,1198,1,9,2,1,2
2018420268929,2,1,0,18,0,8,0,0,0,0,4,1,6,1,19,4,-1,-1,-1,3,1,3
2018420268949,1,9,0,13,0,0,0,0,0,0,3,1,6,1,32,6,1995,2,8,6,3,6
2018420268949,2,9,0,13,0,0,5,0,7,0,1,1,6,2,40,7,1560,2,12,2,1,2
2018420268962,1,9,0,18,0,0,0,0,0,0,1,1,5,1,21,5,1995,2,2,7,3,7
2018420268962,2,9,0,18,0,0,0,0,0,0,1,1,1,1,39,7,2993,2,1,8,3,8
2018420268962,3,9,0,18,0,0,0,0,0,0,3,1,1,1,47,8,2993,2,3,-1,-1,-1
2018420268962,4,9,0,18,0,0,0,0,0,0,1,1,1,1,35,6,2993,2,1,-1,-1,-1
2018420268963,1,9,0,15,0,0,1,0,1,0,4,1,5,1,18,4,1364,1,12,10,2,10
2018420268963,2,9,0,18,0,0,0,0,0,0,0,1,6,1,19,4,1242,1,2,10,2,10
2018420268964,1,9,0,16,0,0,1,7,4,6,3,1,5,1,21,5,1968,2,8,7,2,7
2018420268964,2,9,0,16,0,0,0,0,0,0,4,1,5,1,71,10,1596,1,7,8,2,8
2018420268965,1,21,0,16,0,0,1,0,0,0,1,1,1,1,28,6,-1,-1,-1,2,1,2
2018420268965,2,9,0,17,0,0,0,0,0,0,1,1,5,2,41,7,1991,2,8,5,1,5
2018420269054,1,9,0,6,0,0,0,0,0,0,1,1,5,1,58,9,1242,1,9,10,1,10
2018420269054,2,9,0,18,0,0,0,0,0,0,1,1,5,1,31,6,1595,1,4,6,1,6
2018420269075,1,9,0,4,0,0,0,0,0,0,1,1,6,1,30,6,1364,1,8,6,1,6
2018420269075,2,9,0,4,0,0,0,0,0,0,1,1,6,1,35,6,1896,2,12,2,1,2
2018420269075,3,9,0,4,0,0,0,0,0,0,2,1,6,2,33,6,1398,2,8,2,1,2
2018420269087,1,9,0,7,0,5,0,0,0,0,0,1,5,1,32,6,2143,2,1,5,1,5
2018420269087,2,5,0,7,0,5,2,0,4,0,0,1,5,1,56,9,599,1,13,2,1,2
2018420269087,3,9,0,7,0,5,0,0,0,0,0,1,5,1,60,9,1560,2,1,5,1,5
2018420269092,1,9,0,6,0,0,0,0,0,0,4,1,5,1,53,8,1896,2,16,7,2,7
2018420269092,2,9,0,18,0,0,1,0,1,0,1,1,5,2,50,8,1197,1,3,6,2,6
2018420269105,1,9,0,5,0,2,0,0,0,0,3,1,6,1,85,11,1796,1,9,4,1,4
2018420269108,1,5,0,18,0,0,2,0,0,0,1,1,5,1,25,5,1000,1,3,6,2,6
2018420269108,2,8,0,4,0,0,0,0,0,0,2,1,1,1,48,8,-1,-1,-1,7,2,7
2018420269108,3,9,0,3,0,0,0,0,0,0,1,1,6,2,50,8,2776,2,15,8,2,8
2018420269108,4,11,0,3,0,0,0,0,0,0,3,1,1,1,57,9,7300,2,9,4,1,4
2018420269108,5,9,0,5,0,0,0,0,0,0,1,1,6,2,19,4,1229,1,1,5,2,5
2018420269111,1,9,0,9,0,6,0,0,0,0,4,1,5,1,57,9,1984,1,5,10,1,10
2018420269111,2,4,0,18,0,1,5,0,0,0,1,1,6,1,57,9,499,1,24,9,1,9
2018420269121,1,9,0,18,0,0,5,0,7,0,1,1,5,2,19,4,1198,1,8,4,1,4
2018420269125,1,90,0,18,0,2,0,0,0,0,4,1,6,1,29,6,-1,-1,-1,8,1,8
2018420269142,1,3,0,4,0,1,5,0,0,0,3,1,6,1,31,6,125,1,15,4,1,4
2018420269183,1,20,0,18,0,0,1,6,4,7,1,1,1,1,43,7,2287,2,3,3,1,3
2018420269200,1,9,0,18,0,0,0,7,0,0,1,1,5,2,31,6,1497,8,1,3,1,3
2018420269212,1,9,0,18,0,4,1,0,0,0,1,1,5,1,23,5,1685,2,1,5,1,5
2018420269212,2,9,0,18,0,4,0,0,0,0,1,1,1,1,40,7,2993,2,1,8,1,8
2018420269212,3,9,0,18,0,1,0,0,0,0,2,1,5,1,37,7,2179,2,5,7,3,7
2018420269212,4,9,0,3,0,1,0,0,0,0,2,1,5,1,50,8,1798,8,2,6,1,6
2018420269212,5,9,0,4,0,1,0,0,0,0,4,1,5,1,52,8,1498,1,1,9,1,9
2018420269212,6,9,0,3,0,1,0,0,0,0,4,1,5,1,40,7,1986,2,9,9,1,9
2018420269212,7,9,0,18,0,8,0,0,0,0,3,1,5,1,42,7,1997,2,6,7,1,7
2018420269247,1,9,0,18,0,0,0,0,0,0,1,1,5,1,20,4,1498,1,1,6,1,6
2018420269247,2,9,0,4,0,0,0,0,0,0,2,1,2,1,28,6,1598,1,7,8,1,8
2018420269249,1,9,0,4,0,1,0,0,1,4,1,1,5,1,55,8,1560,2,13,4,1,4
2018420269255,1,9,0,18,0,1,0,0,0,0,1,1,5,1,45,7,1997,2,8,-1,1,-1
2018420269255,2,1,0,18,0,8,0,0,0,0,4,1,6,1,25,5,-1,-1,-1,4,1,4
2018420269259,1,9,0,17,0,7,1,0,1,7,4,1,5,1,46,8,1595,1,1,10,1,10
2018420269259,2,19,0,17,0,7,1,0,4,6,3,1,2,1,30,6,1968,2,6,4,1,4
2018420269264,1,9,0,18,0,0,0,0,1,0,1,1,5,1,44,7,-1,-1,-1,4,1,4
2018420269264,2,9,0,18,0,0,0,0,0,0,2,1,6,1,68,10,1995,2,13,2,1,2
2018420269493,1,9,0,18,0,1,0,0,0,0,1,1,6,2,41,7,2148,2,12,4,1,4
2018420269493,2,9,0,18,0,1,0,0,0,0,2,1,6,1,37,7,1598,2,2,5,1,5
2018420269522,1,9,0,18,0,0,1,0,1,11,1,1,5,1,21,5,2993,2,14,7,3,7
2018420269522,2,9,0,18,0,0,1,0,1,0,1,1,5,1,54,8,2179,2,3,10,3,10
2018420269641,1,9,0,18,0,1,0,0,0,0,1,1,2,2,37,7,2143,2,2,8,1,8
2018420269648,1,9,0,12,0,0,0,0,4,0,1,1,2,1,29,6,1596,1,8,6,1,6
2018420269648,2,9,0,18,0,0,0,0,7,0,1,1,5,1,28,6,1368,1,4,8,1,8
2018420269649,1,9,0,18,0,4,0,0,0,0,1,1,5,1,30,6,1398,1,5,8,1,8
2018420269649,2,2,0,18,0,4,5,0,0,0,0,1,4,1,17,4,49,1,9,2,1,2
2018420269652,1,9,0,18,0,1,0,0,0,0,1,1,5,1,77,11,1200,1,1,10,1,10
2018420269652,2,9,0,3,0,1,0,0,0,0,2,1,5,2,53,8,1560,2,12,10,1,10
2018420269653,1,19,0,5,0,4,0,0,0,0,1,1,5,2,64,9,1248,2,4,8,2,8
2018420269653,2,3,0,18,0,4,0,0,0,0,4,1,5,1,26,6,-1,-1,-1,1,1,1
2018420269659,1,9,0,18,0,0,0,0,5,6,1,1,6,1,25,5,998,1,8,6,3,6
2018420269659,2,9,0,18,0,0,0,0,0,0,2,1,5,1,47,8,2993,2,3,8,3,8
2018420269659,3,9,0,18,0,0,0,0,0,0,3,1,5,1,35,6,2993,2,3,8,3,8
2018420269661,1,9,0,9,0,6,0,0,0,0,3,1,6,1,34,6,2143,2,6,5,2,5
2018420269661,2,9,0,17,0,8,0,0,0,0,1,1,5,2,71,10,1390,1,9,7,1,7
2018420269867,1,9,0,17,0,1,2,0,1,0,1,1,6,1,31,6,2495,2,15,3,2,3
2018420269884,1,9,0,16,0,0,0,0,7,0,3,1,6,2,25,5,-1,-1,-1,4,1,4
2018420269884,2,9,0,17,0,0,5,0,0,0,3,1,1,2,28,6,1596,1,15,4,1,4
2018420269943,1,9,0,3,0,1,0,0,0,0,1,1,1,1,43,7,2179,2,4,8,1,8
2018420269943,2,9,0,3,0,1,0,0,0,0,2,1,5,2,52,8,1364,1,2,6,3,6
2018420269953,1,9,0,7,0,0,0,0,0,0,4,1,2,1,27,6,3498,1,2,1,1,1
2018420269953,2,9,0,18,0,0,0,0,0,0,1,1,1,1,48,8,1686,2,4,5,1,5
2018420269954,1,9,0,3,0,0,0,0,0,0,1,1,6,2,41,7,1598,1,5,7,1,7
2018420269954,2,9,0,3,0,0,0,0,0,0,2,1,1,1,30,6,1798,8,3,2,1,2
2018420270052,1,9,0,5,0,0,0,0,0,0,1,1,5,2,30,6,1950,2,1,2,1,2
2018420270052,2,1,0,9,0,0,0,0,0,0,4,1,6,1,40,7,-1,-1,-1,4,1,4
2018420270093,1,9,0,18,0,0,0,0,0,0,1,1,5,2,51,8,1998,1,13,10,2,10
2018420270093,2,9,0,18,0,0,1,0,0,0,2,1,6,1,30,6,1390,1,17,6,1,6
2018420270095,1,19,0,9,0,8,0,0,0,0,1,1,1,1,51,8,2198,2,4,3,1,3
2018420270095,2,9,0,18,0,1,0,0,7,0,1,2,5,1,17,4,1242,1,4,10,1,10
2018420270095,3,9,0,18,0,1,0,0,0,0,1,1,5,1,80,11,1242,1,11,10,1,10
2018420270096,1,1,0,18,9,1,0,0,0,0,1,1,6,1,14,3,-1,-1,-1,3,1,3
2018420270096,2,9,0,18,0,1,0,0,0,0,1,1,6,1,60,9,1364,1,4,2,1,2
2018420270097,1,9,0,18,0,1,1,0,0,0,1,1,6,1,21,5,1895,1,18,5,1,5
2018420270097,2,9,0,18,0,1,0,0,0,0,2,1,6,2,51,8,1587,1,17,1,1,1
2018420270098,1,9,0,9,0,6,0,0,0,0,1,1,5,2,19,4,1242,1,3,5,3,5
2018420270098,2,9,0,18,0,1,0,0,0,0,1,1,5,1,20,4,1762,1,22,5,2,5
2018420270102,1,9,0,18,0,0,0,0,0,0,1,1,5,2,77,11,1598,2,8,3,1,3
2018420270102,2,19,0,18,0,0,0,0,0,0,2,1,5,1,57,9,2402,2,12,6,1,6
2018420270102,3,9,0,18,0,0,0,0,0,0,1,1,5,1,17,4,1398,1,1,10,1,10
2018420270178,1,9,0,17,0,1,0,0,0,0,1,2,2,2,19,4,1328,1,9,1,1,1
2018420270178,2,3,0,16,0,2,0,0,0,0,1,1,2,2,26,6,125,1,1,2,1,2
2018420270196,1,9,0,3,0,1,0,0,0,0,2,1,2,2,42,7,1461,2,6,8,1,8
2018420270196,2,9,0,4,0,1,1,0,0,0,1,1,2,2,45,7,998,1,1,4,1,4
2018420270287,1,9,0,18,0,0,0,0,0,0,1,1,2,2,49,8,1596,1,13,7,2,7
2018420270394,1,9,0,5,0,4,0,0,0,0,3,1,1,1,79,11,1590,1,1,6,3,6
2018420270394,2,1,0,18,0,8,0,0,0,0,1,1,6,2,44,7,-1,-1,-1,6,3,6
2018420270442,1,9,0,18,0,1,0,0,0,0,4,1,2,2,50,8,1388,1,13,4,1,4
2018420270445,1,9,0,9,0,2,0,0,0,0,1,1,5,1,20,4,1084,1,1,5,1,5
2018420270445,2,9,0,18,0,1,0,0,0,0,1,1,5,2,62,9,1242,1,3,4,3,4
2018420270445,3,9,0,3,0,6,0,0,0,0,3,1,5,1,53,8,2149,2,11,7,3,7
2018420270452,1,9,0,17,0,8,0,0,0,0,3,1,5,1,59,9,1582,2,4,9,1,9
2018420270452,2,1,0,17,0,8,5,0,0,0,4,1,6,1,70,10,-1,-1,-1,9,1,9
2018420270454,1,21,1,17,0,0,0,0,0,0,1,1,1,1,47,8,12900,2,7,-1,-1,-1
2018420270454,2,9,0,18,0,0,0,0,0,0,1,1,2,1,46,8,1896,2,14,3,1,3
2018420270560,1,21,1,9,0,8,0,0,0,0,1,1,1,1,48,8,-1,-1,-1,-1,-1,-1
2018420270560,2,21,0,18,0,1,0,0,7,0,1,1,1,1,67,10,12809,2,2,10,1,10
2018420270599,1,9,0,5,0,1,0,0,0,0,1,1,6,2,-1,-1,-1,-1,-1,-1,-1,-1
2018420270599,2,1,0,15,0,2,1,0,0,0,4,1,5,1,28,6,-1,-1,-1,2,1,2
2018420270620,1,9,0,18,0,3,0,0,0,0,1,1,6,1,22,5,1360,1,9,5,1,5
2018420270620,2,9,0,18,0,3,0,0,0,0,2,1,2,1,40,7,1598,2,4,8,-1,8
2018420270673,1,9,0,3,0,0,0,0,0,0,1,1,2,1,55,8,1497,1,15,7,1,7
2018420270673,2,9,0,1,0,0,0,4,3,0,2,1,6,1,29,6,-1,-1,-1,-1,-1,-1
2018420270685,1,9,0,5,9,0,0,0,0,0,4,1,1,1,56,9,1198,1,4,5,1,5
2018420270710,1,9,0,9,0,6,0,0,3,11,1,1,5,1,42,7,4999,1,2,4,1,4
2018420270710,2,9,0,18,0,1,0,0,7,11,1,1,1,1,27,6,1560,2,5,1,1,1
2018420270730,1,9,0,1,2,0,0,0,0,0,2,1,5,1,72,10,1242,1,6,6,2,6
2018420270757,1,9,0,18,0,0,1,0,0,0,1,1,1,1,26,6,998,1,14,8,1,8
2018420270809,1,9,0,16,0,0,5,0,8,0,3,1,6,1,17,4,998,1,14,7,1,7
2018420270834,1,19,0,18,0,0,5,0,1,4,1,1,1,1,59,9,2287,2,2,1,1,1
2018420270841,1,9,0,18,0,0,0,0,0,0,1,1,5,2,56,9,1360,1,11,8,1,8
2018420270841,2,1,0,18,9,0,0,0,0,0,4,1,4,1,11,3,-1,-1,-1,-1,-1,-1
2018420270853,1,9,0,12,0,0,1,0,0,0,1,1,6,1,24,5,1995,2,11,2,1,2
2018420270856,1,9,0,18,0,4,5,0,0,0,1,1,6,1,83,11,1198,1,5,8,1,8
2018420270860,1,9,0,9,0,1,0,7,0,0,1,1,5,1,18,4,1229,1,11,4,1,4
2018420270861,1,9,0,5,0,1,0,0,0,0,1,1,2,1,27,6,1242,1,4,7,1,7
2018420270861,2,9,0,18,0,1,0,0,0,0,2,1,5,1,18,4,998,1,2,10,1,10
2018420270861,3,9,0,2,0,1,0,0,0,0,2,1,5,2,41,7,1248,1,3,4,1,4
2018420270989,1,9,0,18,0,8,0,0,0,0,1,1,2,2,57,9,1242,1,18,-1,-1,-1
2018420270989,2,9,0,9,0,8,0,0,0,0,1,1,3,2,36,7,1686,2,4,-1,-1,-1
2018420271037,1,1,0,18,0,1,5,0,0,0,1,1,5,1,19,4,-1,-1,-1,6,1,6
2018420271037,2,21,0,7,0,1,0,0,0,0,1,1,1,1,52,8,4580,2,8,3,1,3
2018420271073,1,3,0,9,0,8,1,0,0,0,1,1,5,2,39,7,-1,-1,-1,-1,-1,-1
2018420271073,2,8,0,5,0,8,0,0,0,0,3,1,1,1,28,6,1995,2,4,4,1,4
2018420271131,1,9,0,17,0,1,0,2,0,0,1,1,5,1,55,8,-1,-1,-1,4,1,4
2018420271131,2,9,0,10,0,6,0,4,0,0,3,1,5,2,60,9,2199,2,7,7,1,7
2018420271131,3,9,0,2,0,1,0,0,0,0,3,1,6,3,-1,-1,-1,-1,-1,-1,-1,-1
2018420271133,1,9,0,18,0,0,0,0,0,0,2,1,2,1,62,9,1685,2,3,3,1,3
2018420271133,2,9,0,11,0,0,0,0,0,0,1,1,5,2,33,6,1591,1,3,2,1,2
2018420271133,3,5,0,15,0,0,0,0,0,0,2,1,2,1,31,6,599,1,15,7,1,7
2018420271135,1,9,0,9,0,5,0,0,0,0,1,1,5,2,70,10,1229,1,6,9,1,9
2018420271135,2,1,0,18,0,1,0,0,0,0,1,1,5,1,21,5,-1,-1,-1,5,1,5
2018420271139,1,90,1,11,0,0,0,0,0,0,4,1,1,1,32,6,-1,-1,-1,4,1,4
2018420271139,2,9,0,18,0,0,1,0,2,6,3,1,6,2,20,4,1598,1,12,5,1,5
2018420271140,1,9,0,7,0,8,0,0,0,0,1,1,5,1,60,9,1598,1,6,5,1,5
2018420271140,2,1,0,18,0,2,0,0,0,0,4,1,6,1,35,6,-1,-1,-1,7,1,7
2018420271144,1,9,0,18,0,0,0,0,0,0,1,1,5,2,18,4,1242,1,21,8,1,8
2018420271144,2,9,0,2,0,0,0,0,0,0,2,1,5,2,40,7,1339,1,14,7,1,7
2018420271151,1,9,0,18,0,0,0,4,0,0,1,1,6,1,88,11,1242,1,12,5,1,5
2018420271151,2,9,0,2,0,0,0,0,0,0,2,1,6,3,-1,-1,-1,-1,-1,-1,-1,-1
2018420271206,1,8,0,16,0,0,1,0,7,4,4,1,5,2,51,8,2499,2,7,5,1,5
2018420271231,1,9,0,9,0,8,0,0,0,0,4,1,6,1,55,8,1998,8,1,-1,-1,-1
2018420271231,2,9,0,18,0,8,0,0,0,0,1,1,6,1,47,8,1998,1,4,8,1,8
2018420271257,1,9,0,10,0,1,0,0,0,0,1,1,5,2,40,7,1984,1,1,10,1,10
2018420271257,2,3,0,18,0,1,0,0,0,0,1,1,5,1,26,6,124,1,13,9,2,9
2018420271263,1,4,0,4,0,0,2,0,0,0,0,1,1,1,54,8,-1,-1,-1,3,1,3
2018420271267,1,9,0,9,0,8,0,0,0,0,1,1,6,1,17,4,1229,1,3,-1,-1,-1
2018420271267,2,8,0,18,0,1,0,0,0,0,1,1,1,1,57,9,1968,2,-1,7,1,7
2018420271278,1,9,0,1,0,8,0,0,0,0,3,1,6,2,59,9,999,1,20,2,1,2
2018420271280,1,3,0,18,0,0,1,0,0,0,3,1,6,1,34,6,124,1,10,6,2,6
2018420271282,1,9,0,13,0,1,0,0,0,0,1,1,5,1,56,9,1330,1,3,4,1,4
2018420271282,2,9,0,9,0,8,0,0,0,0,3,1,5,1,47,8,1868,2,16,10,2,10
2018420271292,1,9,0,9,0,8,0,0,0,0,0,1,6,1,61,9,2148,2,13,9,1,9
2018420271292,2,9,0,18,9,2,1,0,1,4,1,1,6,1,54,8,1598,1,13,7,1,7
2018420271302,1,9,0,18,0,0,0,0,1,0,1,1,6,1,59,9,1560,2,2,6,3,6
2018420271302,2,9,0,18,0,0,0,0,0,0,1,1,6,1,45,7,1995,1,9,3,1,3
2018420271307,1,2,0,7,0,1,1,0,0,0,4,1,2,1,39,7,49,1,16,8,1,8
2018420271310,1,9,0,18,0,1,0,0,0,0,1,1,5,1,58,9,1968,2,9,7,3,7
2018420271310,2,9,0,5,0,1,0,0,0,0,2,1,5,2,38,7,1493,2,11,1,1,1
2018420271311,1,9,0,9,0,6,0,0,0,0,3,1,6,2,81,11,998,1,3,6,1,6
2018420271311,2,9,0,18,0,1,0,0,0,0,1,1,2,2,56,9,999,1,3,6,1,6
2018420271312,1,9,0,18,0,0,0,0,1,0,1,1,5,1,33,6,-1,-1,-1,4,1,4
2018420271328,1,9,0,15,0,1,1,10,7,0,4,1,5,1,22,5,1840,1,17,7,1,7
2018420271611,1,9,0,18,0,0,0,0,0,0,1,1,2,2,25,5,1598,1,5,2,1,2
2018420271611,2,9,0,18,0,0,0,0,0,0,2,1,2,2,24,5,1496,2,3,8,2,8
2018420271698,1,9,0,18,0,6,0,0,0,0,1,1,6,1,-1,-1,-1,-1,-1,-1,-1,-1
2018420271698,2,3,0,18,0,1,5,0,0,0,4,1,2,1,41,7,125,1,2,7,2,7
2018420271707,1,21,0,5,0,6,0,0,0,0,4,1,6,1,-1,-1,10518,2,5,-1,-1,-1
2018420271707,2,9,0,10,0,1,0,0,0,0,3,1,6,2,50,8,1598,1,10,2,1,2
2018420271853,1,9,0,4,0,0,1,0,0,0,1,1,5,2,43,7,1596,1,17,4,1,4
2018420271853,2,19,0,18,0,0,0,0,0,0,1,1,1,1,54,8,1997,2,2,6,1,6
2018420271880,1,9,0,4,0,0,1,0,0,0,1,1,5,1,19,4,1198,1,6,5,1,5
2018420271880,2,9,0,4,0,0,0,0,0,0,2,1,5,1,36,7,2993,2,1,4,1,4
2018420271886,1,9,0,18,0,4,1,0,0,0,1,1,2,2,39,7,1398,1,8,4,1,4
2018420271886,2,9,0,3,0,1,0,0,0,0,2,1,5,1,20,4,1388,1,10,1,1,1
2018420271886,3,9,0,3,0,1,0,0,0,0,2,1,5,1,49,8,3222,2,14,6,1,6
2018420271886,4,9,0,18,0,1,1,0,0,0,1,1,2,2,34,6,2143,2,5,1,1,1
2018420272067,1,9,0,18,0,0,0,0,1,0,3,1,6,2,72,10,1997,1,6,2,1,2
2018420272084,1,9,0,18,0,1,0,0,0,0,1,1,6,2,41,7,1794,1,13,7,1,7
2018420272084,2,9,0,4,0,1,0,0,0,0,2,1,6,1,44,7,1360,1,9,10,1,10
2018420272096,1,9,0,18,0,8,1,6,0,0,4,1,6,1,23,5,2148,2,11,2,1,2
2018420272099,1,9,0,18,0,1,0,0,0,0,1,1,6,3,25,5,1598,1,11,-1,-1,-1
2018420272099,2,9,0,3,0,2,0,0,0,0,4,1,5,1,25,5,1388,1,11,8,1,8
2018420272099,3,9,0,8,0,1,0,0,0,0,1,1,5,2,59,9,1591,1,1,4,1,4
2018420272344,1,9,0,18,0,5,0,0,4,0,1,1,6,1,28,6,1995,2,1,4,1,4
2018420272344,2,9,0,18,0,5,0,0,4,0,2,1,2,1,64,9,1242,1,8,8,1,8
2018420272365,1,9,0,14,0,0,0,0,0,0,2,1,6,2,46,8,1598,1,8,2,1,2