Accident_Index,Vehicle_Reference,Vehicle_Type,Towing_and_Articulation,Vehicle_Manoeuvre,Vehicle_Location-Restricted_Lane,Junction_Location,Skidding_and_Overturning,Hit_Object_in_Carriageway,Vehicle_Leaving_Carriageway,Hit_Object_off_Carriageway,1st_Point_of_Impact,Was_Vehicle_Left_Hand_Drive?,Journey_Purpose_of_Driver,Sex_of_Driver,Age_of_Driver,Age_Band_of_Driver,Engine_Capacity_(CC),Propulsion_Code,Age_of_Vehicle,Driver_IMD_Decile,Driver_Home_Area_Type,Vehicle_IMD_Decile
2018420272365,2,9,0,14,0,0,0,0,0,0,1,1,1,1,42,7,1598,2,1,7,1,7
2018420272365,3,9,0,4,0,0,0,0,0,0,0,1,6,1,36,7,996,1,7,6,1,6
2018420272462,1,9,0,4,0,1,0,0,0,0,2,1,2,2,26,6,1598,1,6,9,2,9
2018420272462,2,9,0,4,0,1,1,0,0,0,1,1,2,1,29,6,1240,1,15,9,1,9
2018420272519,1,9,0,18,0,0,1,0,4,0,3,1,6,1,41,7,1984,1,11,8,2,8
2018420272519,2,9,0,18,0,0,1,0,0,0,1,1,6,1,60,9,2967,1,17,2,2,2
2018420272519,3,9,0,18,0,0,1,0,0,0,1,1,6,1,43,7,1968,2,2,4,1,4
2018420272535,1,9,0,5,9,6,1,2,1,0,1,1,6,2,32,6,1799,1,11,5,1,5
2018420272598,1,9,0,4,0,0,1,0,0,0,1,1,5,2,24,5,999,1,1,2,1,2
2018420272598,2,21,0,2,0,0,0,0,0,0,2,1,6,3,-1,-1,-1,-1,-1,-1,-1,-1
2018420272609,1,9,0,9,0,8,0,0,0,0,4,1,5,1,47,8,1398,1,6,4,1,4
2018420272609,2,9,0,18,0,1,0,0,0,0,1,1,5,2,27,6,1229,1,9,3,1,3
2018420272614,1,9,0,18,0,0,0,0,0,0,1,1,6,1,58,9,1995,2,3,5,2,5
2018420272614,2,9,0,18,0,0,0,0,0,0,2,1,1,1,72,10,1997,2,9,10,1,10
2018420272618,1,9,0,17,0,0,1,6,0,0,1,1,2,2,46,8,1242,1,7,1,1,1
2018420272626,1,4,0,5,0,4,0,0,0,0,2,1,2,2,27,6,471,1,5,5,1,5
2018420272626,2,9,0,5,0,4,0,0,0,0,1,1,2,2,53,8,1998,1,1,4,1,4
2018420272814,1,9,0,3,0,0,1,0,0,0,1,1,5,2,65,9,1395,8,1,1,1,1
2018420272814,2,9,0,15,0,0,0,0,0,0,1,1,5,1,75,10,2191,2,4,8,1,8
2018420272820,1,9,0,7,0,4,0,0,0,0,1,1,6,2,28,6,1360,1,18,3,1,3
2018420272820,2,1,0,18,0,4,0,0,0,0,1,1,5,2,53,8,-1,-1,-1,3,1,3
2018420272826,1,9,0,14,0,0,0,0,0,0,1,1,5,2,27,6,1796,2,5,5,1,5
2018420272826,2,9,0,18,0,0,1,0,0,0,1,1,5,1,45,7,1560,2,12,3,1,3
2018420272836,1,9,0,18,0,0,1,0,7,0,1,1,6,2,25,5,1395,1,3,10,1,10
2018420272846,1,9,0,17,0,1,1,0,1,0,1,1,2,1,25,5,-1,-1,-1,8,1,8
2018420272857,1,9,0,4,0,1,0,0,0,0,1,1,6,2,34,6,1596,1,14,9,1,9
2018420272857,2,9,0,3,0,4,0,0,0,0,2,1,6,1,37,7,1997,2,1,9,3,9
2018420272857,3,9,0,3,0,4,0,0,0,0,3,1,6,2,31,6,1560,2,2,4,1,4
2018420272908,1,9,0,18,0,2,1,0,0,0,1,1,6,1,22,5,1995,1,12,-1,-1,-1
2018420272908,2,9,0,18,0,1,0,0,0,0,1,1,6,1,33,6,1997,2,4,-1,-1,-1
2018420272908,3,9,0,18,0,2,0,0,0,0,1,1,6,1,33,6,2979,1,11,6,1,6
2018420272922,1,21,1,18,0,0,0,0,0,0,0,1,1,1,47,8,10837,2,5,2,1,2
2018420272922,2,9,0,18,0,0,0,0,0,0,2,1,5,2,21,5,1229,1,3,9,2,9
2018420272922,3,9,0,18,0,0,0,0,0,0,1,1,5,1,26,6,998,1,-1,5,3,5
2018420272922,4,9,0,18,0,0,0,0,0,0,0,1,5,2,-1,-1,1461,2,7,-1,-1,-1
2018420273004,1,9,0,9,0,4,0,0,0,0,3,1,5,1,61,9,1997,2,4,5,1,5
2018420273004,2,3,0,9,0,4,5,0,0,0,1,1,2,1,37,7,123,1,2,5,1,5
2018420273005,1,9,0,18,0,1,1,0,1,10,1,1,5,2,21,5,2685,2,14,2,1,2
2018420273009,1,9,0,18,0,0,1,0,4,6,2,1,2,1,24,5,1753,2,12,3,1,3
2018420273009,2,9,0,2,0,0,1,0,0,0,0,1,6,3,-1,-1,-1,-1,-1,-1,-1,-1
2018420273010,1,9,0,18,0,0,5,0,0,0,1,1,5,2,27,6,1149,1,7,5,1,5
2018420273010,2,9,0,2,0,0,0,0,0,0,3,1,6,3,-1,-1,-1,-1,-1,-1,-1,-1
2018420273070,1,9,0,13,0,2,0,0,0,0,3,1,6,3,30,6,1390,1,16,-1,-1,-1
2018420273070,2,9,0,18,0,2,0,0,0,0,3,1,5,1,77,11,1587,1,12,3,1,3
2018420273433,1,9,0,18,0,0,0,0,0,0,1,1,6,1,-1,-1,-1,-1,-1,-1,-1,-1
2018420273433,2,9,0,4,0,0,0,0,0,0,2,1,6,2,22,5,1598,1,1,7,1,7
2018420273440,1,21,1,18,0,1,0,0,0,0,1,1,1,1,53,8,4116,2,12,5,1,5
2018420273440,2,9,0,10,0,1,0,0,0,0,2,1,2,1,58,9,1499,2,1,10,3,10
2018420273450,1,9,0,18,0,0,0,0,0,0,1,1,5,1,57,9,1395,1,1,2,1,2
2018420273450,2,9,0,4,0,0,0,0,0,0,2,1,1,2,25,5,1388,1,9,10,1,10
2018420273530,1,9,0,18,0,1,0,0,0,0,4,1,2,1,28,6,2993,2,14,-1,-1,-1
2018420273539,1,8,0,18,0,1,0,0,0,0,3,1,5,1,50,8,1956,2,9,3,1,3
2018420273539,2,9,0,9,0,6,1,11,0,0,4,1,3,2,45,7,1242,1,14,1,1,1
2018420273576,1,98,0,18,0,0,0,0,0,0,4,1,1,1,48,8,-1,-1,-1,-1,-1,-1
2018420273796,1,9,0,18,0,1,0,0,0,0,1,1,6,2,49,8,1560,2,11,1,1,1
2018420273796,2,9,0,3,0,1,0,0,0,0,2,1,6,2,40,7,1197,1,-1,2,1,2
2018420273879,1,9,0,9,9,2,2,10,1,4,1,1,5,2,69,10,1395,1,1,7,2,7
2018420273896,1,9,0,18,0,1,0,0,0,0,1,1,3,2,34,6,1248,2,10,4,1,4
2018420273896,2,9,0,3,0,1,0,0,0,0,2,1,5,2,84,11,1589,1,18,9,2,9
2018420274113,1,19,0,18,0,0,0,0,0,0,0,1,2,1,71,10,2477,2,10,6,1,6
2018420274113,2,9,0,18,0,0,2,0,1,0,3,1,5,1,58,9,1753,2,12,2,1,2
2018420274229,1,2,0,18,0,0,2,0,0,0,3,1,5,1,17,4,49,1,1,3,2,3
2018420274229,2,9,0,18,0,0,0,0,0,0,1,1,5,2,51,8,1461,2,3,3,1,3
2018420274307,1,9,0,18,0,7,0,0,0,0,1,1,6,2,-1,-1,-1,-1,-1,-1,-1,-1
2018420274307,2,2,0,18,0,1,0,0,1,0,0,1,6,1,16,4,49,1,9,6,2,6
2018420274349,1,9,0,18,0,4,0,0,0,0,1,1,6,1,48,8,1587,1,12,3,1,3
2018420274349,2,1,0,9,0,4,0,0,0,0,3,1,4,2,12,3,-1,-1,-1,2,1,2
2018420274454,1,19,0,18,0,0,0,0,0,0,1,1,1,1,43,7,1968,2,1,1,1,1
2018420274454,2,9,0,18,0,0,0,0,0,0,1,1,6,2,35,6,1596,1,13,4,2,4
2018420274454,3,9,0,4,0,0,0,0,0,0,2,1,6,1,-1,-1,1997,2,11,-1,-1,-1
2018420274454,4,19,0,4,0,0,0,0,0,0,2,1,1,1,44,7,1461,2,8,7,2,7
2018420274454,5,9,0,4,0,0,0,0,0,0,2,1,6,1,50,8,1598,1,12,10,2,10
2018420274498,1,9,0,5,0,8,0,0,0,0,4,1,6,2,61,9,1199,1,5,6,1,6
2018420274604,1,21,1,18,0,0,0,0,6,6,1,1,1,1,65,9,12902,2,5,1,1,1
2018420274604,2,9,0,18,0,0,0,11,0,0,3,1,5,1,54,8,1796,1,10,2,1,2
2018420274642,1,9,0,18,0,0,0,4,7,0,1,1,5,1,51,8,1995,2,4,1,2,1
2018420274642,2,9,0,18,0,0,0,0,0,0,3,1,5,1,70,10,1368,1,1,4,1,4
2018420274642,3,9,0,2,0,0,0,4,0,0,1,1,6,3,-1,-1,-1,-1,-1,-1,-1,-1
2018420274642,4,9,0,2,0,0,0,4,0,0,1,1,6,3,-1,-1,-1,-1,-1,-1,-1,-1
2018420274642,5,9,0,2,0,0,0,0,0,0,1,1,6,3,-1,-1,-1,-1,-1,-1,-1,-1
2018420274643,1,9,0,18,0,2,0,0,0,0,1,1,2,1,70,10,999,1,19,7,1,7
2018420274643,2,9,0,4,0,2,0,0,0,0,2,1,2,1,52,8,2148,2,10,4,1,4
2018420274643,3,19,0,18,0,2,0,0,0,0,1,1,2,1,43,7,1560,2,1,9,1,9
2018420274643,4,9,0,18,0,2,0,0,0,0,1,1,2,1,57,9,1968,2,2,8,1,8
2018420274647,1,21,1,18,0,0,3,0,4,0,2,1,1,1,36,7,12419,2,7,8,1,8
2018420274647,2,9,0,18,0,0,1,0,4,0,1,1,5,2,32,6,1496,2,4,8,1,8
2018420274653,1,9,0,12,0,0,0,0,1,5,2,1,5,1,83,11,1598,1,18,10,1,10
2018420274653,2,9,0,18,0,0,0,0,0,0,1,1,3,1,18,4,1560,2,11,4,1,4
2018420274656,1,1,0,18,0,4,0,0,0,0,1,1,2,1,63,9,-1,-1,-1,4,1,4
2018420274656,2,9,0,18,0,8,0,0,0,0,4,1,2,2,36,7,1997,2,10,1,1,1
2018420274764,1,9,0,7,0,4,0,0,0,0,1,1,6,2,56,9,1999,1,7,8,1,8
2018420274764,2,9,0,9,0,4,0,0,0,0,1,1,6,2,59,9,1596,1,12,1,1,1
2018420274937,1,9,0,18,0,1,5,0,0,0,1,1,6,2,80,11,998,1,19,7,1,7
2018420274937,2,9,0,18,0,1,0,0,0,0,1,1,6,2,54,8,1242,1,5,8,1,8
2018420274943,1,9,0,3,0,0,0,0,0,0,2,1,6,1,20,4,998,1,1,8,1,8
2018420274943,2,2,0,18,0,0,2,0,0,0,1,1,1,1,21,5,49,1,2,6,1,6
2018420274953,1,9,0,18,0,8,0,0,0,0,3,1,2,1,32,6,2204,2,10,4,1,4
2018420274953,2,5,0,18,0,8,5,0,0,0,1,1,2,1,58,9,649,1,11,6,1,6
2018420274963,1,9,0,9,0,6,0,0,0,0,1,1,6,2,60,9,1995,2,8,5,2,5
2018420274963,2,9,0,17,0,1,0,0,0,0,1,1,1,2,63,9,998,1,4,6,3,6
2018420274973,1,19,0,18,0,1,0,0,0,0,1,1,1,1,40,7,1399,2,8,2,1,2
2018420275006,1,9,0,-1,-1,0,-1,-1,-1,0,-1,1,6,3,-1,-1,-1,-1,-1,-1,-1,-1
2018420275012,1,9,0,16,0,0,1,0,0,0,1,1,5,2,48,8,1910,2,12,3,1,3
2018420275012,2,19,0,18,0,0,0,0,0,0,1,1,5,1,43,7,1995,2,5,8,2,8
2018420275021,1,9,0,18,0,8,0,0,0,0,1,1,5,2,23,5,1242,1,8,5,1,5
2018420275021,2,9,0,18,0,8,0,0,0,0,4,1,5,1,25,5,1598,1,14,1,1,1
2018420275022,1,9,0,17,0,0,2,0,0,0,1,1,5,2,68,10,1800,1,19,7,3,7
2018420275029,1,9,0,2,0,8,0,4,0,0,2,1,6,1,27,6,1997,2,16,1,1,1
2018420275029,2,9,0,2,0,1,0,0,0,0,0,1,6,3,-1,-1,-1,-1,-1,-1,-1,-1
2018420275029,3,9,0,2,0,8,0,0,0,0,1,1,6,1,-1,-1,-1,-1,-1,-1,-1,-1
2018420275031,1,9,0,18,0,0,5,0,1,0,1,1,5,1,34,6,1988,1,15,6,1,6
2018420275050,1,9,0,16,9,0,0,0,7,0,1,1,6,1,45,7,1796,1,19,2,1,2
2018420275051,1,9,0,18,0,1,0,0,0,0,-1,1,6,2,-1,-1,-1,-1,-1,-1,-1,-1
2018420275055,1,9,0,7,0,8,0,0,0,0,1,1,5,1,41,7,1149,1,14,9,1,9
2018420275055,2,9,0,5,0,3,0,0,0,0,1,1,5,2,40,7,1390,1,11,6,1,6
2018420275057,1,9,0,9,0,8,5,0,0,0,1,1,5,2,44,7,1390,1,14,7,1,7
2018420275057,2,9,0,18,0,8,0,0,0,0,1,1,6,2,26,6,1896,2,17,8,2,8
2018420275061,1,9,0,18,0,4,0,0,0,0,3,1,5,2,49,8,1894,1,18,5,2,5
2018420275061,2,9,0,9,0,3,0,0,0,0,1,1,5,2,65,9,1360,1,7,6,1,6
2018420275167,1,9,0,18,5,2,0,0,0,0,4,1,2,2,49,8,1198,1,1,1,1,1
2018420275167,2,1,0,18,5,1,0,0,0,0,1,1,6,1,10,2,-1,-1,-1,1,1,1
2018420275188,1,19,0,9,0,1,0,0,7,0,0,1,5,1,27,6,2402,2,7,8,1,8
2018420275188,2,3,0,18,0,2,1,7,7,0,1,1,5,1,23,5,125,1,19,9,1,9
2018420275256,1,9,0,18,0,1,0,0,0,0,1,1,5,1,72,10,4134,2,7,10,1,10
2018420275256,2,9,0,9,0,8,0,0,0,0,1,1,6,2,37,7,1364,1,1,1,1,1
2018420275271,1,9,0,18,0,4,0,0,3,1,1,1,6,1,34,6,2143,2,5,-1,-1,-1
2018420275354,1,9,0,18,0,8,0,0,0,0,1,1,5,2,42,7,1797,8,8,9,3,9
2018420275354,2,19,0,2,0,2,0,0,0,0,2,1,5,1,25,5,2287,2,5,7,1,7
2018420275432,1,21,0,18,0,0,0,0,0,0,1,1,1,1,53,8,10677,2,5,6,3,6
2018420275432,2,1,0,18,0,0,0,0,0,0,2,1,6,2,54,8,-1,-1,-1,-1,-1,-1
2018420275436,1,19,0,16,0,0,0,0,0,0,1,1,6,1,34,6,1560,2,2,5,1,5
2018420275436,2,9,0,17,0,0,0,0,0,0,1,1,6,1,38,7,1598,2,4,9,1,9
2018420275460,1,19,0,18,0,8,5,0,0,0,2,1,1,1,31,6,1499,2,3,2,1,2
2018420275460,2,9,0,18,0,1,1,0,0,0,1,1,5,1,37,7,5998,1,8,7,1,7
2018420275467,1,9,0,18,0,0,0,7,0,0,3,1,6,1,55,8,1998,2,13,9,2,9
2018420275467,2,9,0,18,0,0,1,0,1,3,3,1,3,2,35,6,1995,2,3,6,1,6
2018420275476,1,9,0,18,0,4,0,0,0,0,3,1,5,1,22,5,2993,2,15,7,1,7
2018420275476,2,8,0,5,0,2,1,0,0,0,1,1,1,1,33,6,1968,2,7,5,1,5
2018420275596,1,9,0,4,0,1,0,0,0,0,1,1,5,2,59,9,1398,1,4,2,1,2
2018420275596,2,9,0,18,0,1,0,0,0,0,4,1,5,2,27,6,1149,1,14,2,1,2
2018420275894,1,9,0,18,0,0,0,0,0,0,4,1,5,2,37,7,1997,1,10,2,1,2
2018420276007,1,1,0,18,0,0,5,0,0,0,1,1,6,1,13,3,-1,-1,-1,2,1,2
2018420276007,2,3,0,18,0,0,0,0,0,0,1,1,6,1,42,7,125,1,4,4,1,4
2018420276085,1,9,0,9,0,8,0,0,0,0,1,1,2,1,20,4,1197,1,1,10,1,10
2018420276085,2,9,0,18,0,8,0,0,0,0,1,1,5,2,62,9,1242,1,8,3,1,3
2018420276085,3,9,0,10,0,1,0,0,0,0,1,1,6,1,36,7,1598,1,7,2,1,2
2018420276271,1,9,0,18,0,1,0,0,1,9,1,1,5,2,45,7,1395,1,3,8,1,8
2018420276271,2,21,0,18,0,1,0,0,0,0,1,1,1,1,57,9,7698,2,3,3,1,3
2018420276273,1,9,0,18,0,4,0,0,0,0,4,1,2,2,30,6,1388,1,16,4,1,4
2018420276278,1,5,0,4,0,0,1,0,1,0,1,1,5,1,53,8,745,1,8,5,2,5
2018420276278,2,9,0,4,0,0,0,0,0,0,4,1,5,2,22,5,1968,1,12,5,2,5
2018420276281,1,19,0,9,0,2,0,0,0,0,3,1,5,1,34,6,1598,2,2,10,1,10
2018420276281,2,21,0,18,0,1,0,0,0,0,1,1,1,1,32,6,10837,2,2,5,3,5
2018420276286,1,9,0,9,9,1,0,0,0,0,1,1,5,1,31,6,1968,2,12,4,1,4
2018420276286,2,1,0,18,9,1,0,0,0,0,3,1,5,1,30,6,-1,-1,-1,6,1,6
2018420276287,1,19,0,18,0,1,1,0,0,0,1,1,2,1,55,8,2999,2,14,4,1,4
2018420276287,2,9,0,10,0,8,0,0,0,0,2,1,5,2,24,5,1587,1,13,1,1,1
2018420276287,3,9,0,18,0,8,0,0,0,0,3,1,5,2,53,8,1399,2,6,7,2,7
2018420276479,1,9,0,14,0,1,0,0,0,0,1,1,3,1,59,9,1339,1,15,5,1,5
2018420276479,2,9,0,9,0,6,0,0,0,0,3,1,1,2,56,9,-1,-1,-1,7,3,7
2018420276545,1,9,0,16,0,1,0,0,0,0,4,1,6,1,35,6,1149,1,12,5,1,5
2018420276598,1,21,0,13,0,2,0,0,0,0,4,1,2,1,49,8,-1,-1,-1,8,2,8
2018420276598,2,9,0,18,0,2,0,0,0,0,3,1,6,1,41,7,2720,2,13,5,2,5
2018420276814,1,9,0,18,0,1,0,0,0,0,4,1,6,1,46,8,1956,2,7,6,1,6
2018420276829,1,9,0,18,0,1,0,0,0,0,2,1,6,2,-1,-1,-1,-1,-1,-1,-1,-1
2018420276829,2,2,0,9,0,4,1,0,0,0,2,1,5,1,43,7,50,1,12,5,1,5
2018420276844,1,9,0,9,0,0,0,0,0,0,0,1,2,2,30,6,1753,2,9,2,1,2
2018420276844,2,5,0,7,0,0,1,0,0,0,0,1,2,1,52,8,647,1,19,4,1,4
2018420276844,3,9,0,2,9,0,0,0,0,0,0,1,6,3,-1,-1,-1,-1,-1,-1,-1,-1
2018420276906,1,9,0,9,0,8,0,0,0,0,3,1,5,2,56,9,1229,1,4,3,1,3
2018420276906,2,9,0,18,0,8,0,0,0,0,1,1,2,1,39,7,1796,1,13,7,1,7
2018420276953,1,19,0,18,0,3,0,0,0,0,3,1,1,1,31,6,2402,2,10,2,1,2
2018420276953,2,9,0,18,0,3,0,0,0,0,4,1,1,1,31,6,1598,2,1,2,1,2
2018420276958,1,9,0,15,0,0,0,4,0,0,1,1,5,1,68,10,1598,1,5,10,1,10
2018420276958,2,9,0,2,6,0,0,0,0,0,2,1,6,3,-1,-1,-1,-1,-1,-1,-1,-1
2018420276962,1,9,0,18,0,8,0,0,0,0,4,1,5,1,25,5,1560,2,6,7,1,7
2018420276962,2,1,0,18,0,1,0,0,0,0,4,1,5,1,12,3,-1,-1,-1,6,3,6
2018420276963,1,9,0,18,0,0,0,0,0,0,0,1,6,3,-1,-1,-1,-1,-1,-1,-1,-1
2018420276963,2,9,0,16,0,0,1,0,2,3,1,1,5,1,57,9,-1,-1,-1,5,2,5
2018420276965,1,9,0,18,0,0,0,0,0,0,4,1,5,2,57,9,1461,2,2,7,3,7
2018420276970,1,21,0,18,0,0,0,0,0,0,1,1,1,1,56,9,12809,2,3,4,3,4
2018420276970,2,21,1,18,0,0,0,0,0,0,2,1,1,1,49,8,10677,2,4,4,1,4
2018420276996,1,9,0,9,0,0,0,0,0,0,1,1,5,1,34,6,1598,1,3,9,2,9
2018420276996,2,9,0,18,0,0,0,0,0,0,1,1,5,1,80,11,2191,2,5,4,3,4
2018420277014,1,9,0,17,0,0,1,0,1,0,1,1,5,1,18,4,1229,1,13,3,1,3
2018420277022,1,9,0,18,0,0,0,0,0,0,4,1,5,1,29,6,2149,2,11,4,1,4
2018420277022,2,9,0,4,0,0,0,0,0,0,0,1,6,1,52,8,1984,1,13,2,1,2
2018420277022,3,9,0,10,0,0,0,0,0,0,3,1,5,1,50,8,998,1,-1,2,1,2
2018420277022,4,9,0,18,0,0,1,0,1,0,4,1,5,2,27,6,998,1,3,3,1,3
2018420277047,1,19,0,5,0,8,0,0,0,0,1,1,6,1,29,6,1753,2,7,7,1,7
2018420277047,2,9,0,18,0,8,0,0,0,0,4,1,5,1,43,7,1956,2,9,3,1,3
2018420277081,1,9,0,12,0,0,0,7,5,6,1,1,5,1,34,6,1598,1,15,2,1,2
2018420277082,1,9,0,18,0,0,0,0,7,0,1,1,1,1,25,5,2148,2,12,8,1,8
2018420277086,1,9,0,5,0,1,0,0,0,0,1,1,5,1,37,7,1796,1,4,5,1,5
2018420277096,1,9,0,5,0,0,0,0,0,0,0,1,6,1,54,8,1461,2,4,4,1,4
2018420277096,2,9,0,2,0,0,0,0,0,0,0,1,6,3,-1,-1,-1,-1,-1,-1,-1,-1
2018420277098,1,9,0,16,0,0,1,0,5,0,1,1,5,2,22,5,1999,1,7,6,1,6
2018420277098,2,9,0,16,0,0,0,0,0,0,2,1,5,1,20,4,1596,1,13,3,1,3
2018420277098,3,9,0,16,0,0,2,0,0,0,1,1,5,1,46,8,2402,2,9,7,1,7
2018420277098,4,9,0,16,0,0,0,0,0,0,3,1,5,2,46,8,1597,1,9,3,1,3
2018420277238,1,19,0,18,0,1,0,0,0,0,1,1,1,1,25,5,1995,2,5,9,1,9
2018420277238,2,9,0,4,0,1,0,0,0,0,1,1,2,1,43,7,1242,1,8,9,2,9
2018420277238,3,9,0,10,0,1,0,0,0,0,2,1,5,2,49,8,1598,1,6,9,1,9
2018420277280,1,9,0,18,0,8,0,0,0,0,1,1,6,3,-1,-1,-1,-1,-1,-1,-1,-1
2018420277280,2,1,0,9,0,8,0,0,0,0,2,1,6,1,24,5,-1,-1,-1,3,1,3
2018420277317,1,9,0,9,0,6,1,0,7,0,1,1,5,2,26,6,1598,1,14,4,1,4
2018420277317,2,9,0,18,0,1,0,0,0,0,1,1,1,2,43,7,2993,2,14,6,1,6
2018420277317,3,9,0,18,0,2,0,0,0,0,1,1,1,1,43,7,-1,-1,-1,8,1,8
2018420277351,1,9,0,18,0,0,0,0,0,0,3,1,6,3,-1,-1,-1,-1,-1,-1,-1,-1
2018420277445,1,11,0,17,0,0,1,0,7,0,3,1,1,1,52,8,7300,2,18,4,1,4
2018420277471,1,19,0,5,0,3,5,0,0,0,4,1,1,1,36,7,1399,2,8,3,1,3
2018420277471,2,21,0,5,0,8,0,0,0,0,3,1,1,1,37,7,10518,2,1,5,1,5
2018420277473,1,9,0,4,0,0,0,0,0,0,1,1,5,2,76,11,1229,1,12,8,1,8
2018420277486,1,9,0,18,0,0,1,10,1,0,3,1,6,1,18,4,1598,1,17,3,1,3
2018420277547,1,11,0,18,0,0,0,0,0,0,4,1,6,3,-1,-1,4461,2,3,-1,-1,-1
2018420277753,1,9,0,18,0,1,0,0,0,0,1,1,6,3,-1,-1,1360,1,14,-1,-1,-1
2018420277753,2,9,0,18,0,1,0,0,0,0,2,1,6,2,18,4,1149,1,14,5,3,5
2018420277775,1,9,0,18,0,1,0,0,0,0,1,1,6,1,-1,-1,998,1,14,1,1,1
2018420277775,2,9,0,3,0,1,0,0,0,0,4,1,5,1,66,10,1586,1,15,4,1,4
2018420277817,1,4,0,18,0,0,0,0,0,0,1,1,6,1,20,4,471,1,2,6,1,6
2018420277817,2,9,0,18,0,0,0,0,0,0,2,1,6,1,44,7,1598,1,17,3,1,3
2018420278026,1,19,0,17,0,8,0,0,0,0,1,1,2,1,49,8,1995,2,2,9,2,9
2018420278026,2,3,0,10,0,8,0,0,0,0,1,1,2,2,42,7,125,1,1,5,3,5
2018420278045,1,9,0,15,0,0,0,0,0,0,1,1,2,1,53,8,1600,1,7,3,1,3
2018420278045,2,9,0,14,0,0,1,0,0,0,1,1,2,2,62,9,1798,8,2,8,2,8
2018420278045,3,98,0,2,0,0,0,0,0,0,0,1,6,3,-1,-1,-1,-1,-1,-1,-1,-1
2018420278051,1,19,0,4,0,0,2,10,0,0,3,1,2,1,60,9,1868,2,12,8,1,8
2018420278051,2,9,0,5,0,0,0,0,0,0,2,1,2,1,46,8,1499,2,3,9,2,9
2018420278083,1,21,1,18,0,0,5,4,1,7,1,1,1,1,33,6,12740,2,3,2,1,2
2018420278083,2,9,0,2,0,0,0,0,0,0,2,1,6,3,-1,-1,-1,-1,-1,-1,-1,-1
2018420278175,1,3,0,18,0,1,2,0,0,0,1,1,6,1,19,4,125,1,2,7,2,7
2018420278175,2,9,0,10,0,1,0,0,0,0,2,1,1,1,46,8,1242,1,2,5,3,5
2018420278207,1,9,0,18,0,8,1,0,0,0,4,1,6,1,46,8,1598,1,5,7,1,7
2018420278207,2,9,0,18,0,1,1,0,0,0,1,1,5,2,31,6,2143,2,2,4,3,4
2018420278229,1,9,0,18,0,0,0,0,7,3,1,1,5,1,86,11,1796,1,14,5,3,5
2018420278246,1,9,0,18,0,1,0,0,0,0,4,1,5,2,20,4,1499,2,2,2,1,2
2018420278248,1,9,0,5,0,6,0,0,0,0,1,1,5,1,30,6,1149,1,6,4,1,4
2018420278248,2,3,0,18,0,8,0,0,0,0,1,1,2,1,20,4,124,1,4,1,1,1
2018420278252,1,9,0,18,0,0,0,0,0,0,1,1,6,1,49,8,1248,1,9,2,1,2
2018420278252,2,9,0,4,0,0,0,0,0,0,2,1,6,1,25,5,1984,1,13,2,1,2
2018420278554,1,9,0,3,0,1,0,0,0,0,3,1,5,2,65,9,999,1,1,3,1,3
2018420278554,2,9,0,13,0,1,2,0,0,0,4,1,5,1,42,7,-1,-1,-1,8,2,8
2018420278554,3,11,0,2,2,1,0,0,0,0,3,1,1,1,60,9,4500,2,1,5,1,5
2018420278554,4,9,0,4,0,6,0,0,0,0,0,1,6,3,-1,-1,-1,-1,-1,-1,-1,-1
2018420278586,1,9,0,11,0,1,0,0,0,0,0,1,2,1,44,7,-1,-1,-1,6,1,6
2018420278586,2,5,0,15,0,1,1,0,0,0,1,1,2,1,34,6,1043,1,8,7,1,7
2018420278589,1,9,0,5,0,2,0,0,0,0,2,1,6,2,36,7,1199,1,5,1,1,1
2018420278589,3,3,0,18,0,1,5,0,0,0,1,1,2,2,49,8,102,1,4,3,1,3
2018420278594,1,3,0,18,0,3,0,10,0,0,1,1,5,1,32,6,124,1,2,3,1,3
2018420278633,1,9,0,18,0,4,0,0,0,0,1,2,2,1,20,4,1229,1,13,9,1,9
2018420278711,1,3,0,13,0,0,0,0,0,0,4,1,2,1,19,4,124,1,6,7,1,7
2018420278711,2,9,0,10,0,0,0,0,0,0,3,1,2,2,46,8,1598,1,12,9,3,9
2018420278852,1,9,0,17,0,0,1,7,1,3,1,1,5,2,20,4,998,1,2,8,2,8
2018420278886,1,9,0,18,0,0,5,7,0,0,1,1,5,2,85,11,998,1,13,10,1,10
2018420278888,1,9,0,18,0,1,0,0,0,0,4,1,5,2,57,9,1339,1,8,7,2,7
2018420278889,1,19,0,18,0,1,1,0,0,0,1,1,5,1,44,7,2982,2,9,5,3,5
2018420278889,2,9,0,18,0,1,0,0,0,0,2,1,5,2,19,4,998,1,9,10,1,10
2018420278889,3,19,0,18,0,1,0,0,0,0,2,1,5,1,38,7,1995,2,10,8,1,8
2018420278890,1,9,0,9,0,8,0,0,0,0,1,1,2,1,27,6,1896,2,15,8,2,8
2018420278890,2,3,0,18,0,8,2,0,0,0,1,1,6,1,21,5,124,1,-1,6,3,6
2018420278901,1,3,0,18,0,2,0,0,0,0,1,1,5,1,24,5,124,1,5,5,-1,5
2018420278901,2,9,0,8,0,2,0,0,0,0,2,1,5,1,41,7,1950,2,-1,5,1,5