Accident_Index,Vehicle_Reference,Vehicle_Type,Towing_and_Articulation,Vehicle_Manoeuvre,Vehicle_Location-Restricted_Lane,Junction_Location,Skidding_and_Overturning,Hit_Object_in_Carriageway,Vehicle_Leaving_Carriageway,Hit_Object_off_Carriageway,1st_Point_of_Impact,Was_Vehicle_Left_Hand_Drive?,Journey_Purpose_of_Driver,Sex_of_Driver,Age_of_Driver,Age_Band_of_Driver,Engine_Capacity_(CC),Propulsion_Code,Age_of_Vehicle,Driver_IMD_Decile,Driver_Home_Area_Type,Vehicle_IMD_Decile
2018420282666,2,9,0,18,0,1,0,0,0,0,0,1,1,1,24,5,1499,2,3,8,1,8
2018420282667,1,9,0,18,0,0,0,0,0,0,3,1,2,2,28,6,1242,1,4,5,1,5
2018420282667,2,9,0,18,0,0,0,1,0,0,1,1,2,1,33,6,1968,2,9,2,1,2
2018420282667,3,21,1,11,0,0,0,0,0,0,4,1,1,1,62,9,12809,2,1,1,1,1
2018420282668,1,9,0,18,0,1,0,0,0,0,1,1,6,1,31,6,1798,1,14,1,1,1
2018420282668,2,9,0,3,0,1,0,0,0,0,2,1,6,2,27,6,1560,2,10,3,1,3
2018420282669,1,19,0,5,0,8,0,0,0,0,3,1,1,1,61,9,1686,2,15,3,1,3
2018420282669,2,1,0,18,0,8,0,0,0,0,4,1,5,2,41,7,-1,-1,-1,4,1,4
2018420282681,1,19,0,18,0,0,0,0,0,0,1,1,1,1,77,11,2198,2,7,6,2,6
2018420282681,2,9,0,18,0,0,0,0,5,0,1,1,5,1,47,8,3947,1,25,8,1,8
2018420282703,1,9,0,7,0,3,2,0,0,0,4,1,2,2,19,4,1242,1,10,1,1,1
2018420282703,2,9,0,18,0,8,0,0,0,0,3,1,6,2,28,6,998,1,12,1,1,1
2018420282949,1,9,0,18,0,0,0,0,1,0,1,1,1,1,38,7,1390,1,9,7,1,7
2018420282949,2,9,0,18,0,0,0,0,1,0,1,1,5,1,82,11,2401,2,15,7,2,7
2018420283030,1,9,0,9,0,2,0,0,0,0,1,1,5,1,45,7,1461,2,12,9,1,9
2018420283030,2,1,0,18,0,1,0,0,0,0,4,1,2,1,35,6,-1,-1,-1,9,1,9
2018420283035,1,9,0,9,0,1,0,0,7,0,1,1,1,1,39,7,1242,1,9,6,1,6
2018420283035,2,9,0,5,0,1,0,0,1,0,1,1,5,1,76,11,1997,2,1,9,2,9
2018420283040,1,9,0,5,0,6,0,0,0,0,0,1,6,1,44,7,1598,1,4,7,1,7
2018420283040,2,9,0,18,0,8,0,0,0,0,1,1,6,1,22,5,1360,1,14,6,1,6
2018420283040,3,9,0,18,0,8,0,0,0,0,1,1,6,2,45,7,1229,1,6,9,1,9
2018420283044,1,98,1,12,0,7,0,0,0,0,3,1,6,3,-1,-1,-1,-1,-1,-1,-1,-1
2018420283044,2,9,0,18,0,8,1,0,0,0,4,1,5,1,32,6,2231,2,9,6,2,6
2018420283045,1,9,0,18,0,6,0,0,0,0,1,1,5,2,18,4,1229,1,8,10,3,10
2018420283045,2,9,0,18,0,2,0,0,1,0,1,1,5,1,31,6,-1,-1,-1,4,1,4
2018420283045,3,9,0,18,0,2,0,0,0,0,3,1,5,1,64,9,1753,2,12,4,1,4
2018420283047,1,9,0,18,0,0,0,0,0,0,1,1,2,2,43,7,1360,1,15,4,1,4
2018420283047,2,9,0,4,0,0,0,0,0,0,2,1,5,2,42,7,1997,1,9,9,1,9
2018420283114,1,4,0,15,0,0,0,0,0,0,4,1,2,1,29,6,471,1,1,5,1,5
2018420283114,2,9,0,12,0,0,0,0,0,0,3,1,2,1,59,9,1339,1,10,2,1,2
2018420283228,1,4,0,15,0,1,5,0,0,0,1,1,2,1,21,5,498,1,20,2,1,2
2018420283228,2,9,0,11,0,1,0,0,0,0,4,1,2,2,23,5,1198,1,7,10,1,10
2018420283228,3,9,0,18,0,1,0,0,0,0,2,1,2,2,50,8,1499,2,2,4,1,4
2018420283239,1,9,0,13,0,0,0,0,0,0,3,1,6,2,20,4,-1,-1,-1,-1,-1,-1
2018420283239,2,11,0,18,0,0,0,0,0,0,3,1,1,1,47,8,4250,2,5,3,1,3
2018420283287,1,9,0,9,0,8,0,0,0,0,1,1,5,2,30,6,1753,2,11,2,1,2
2018420283287,2,1,0,18,0,8,0,0,0,0,4,1,5,2,70,10,-1,-1,-1,2,1,2
2018420283301,1,19,0,18,0,1,0,0,0,0,1,1,1,1,62,9,2998,2,2,5,3,5
2018420283301,2,9,0,3,0,1,0,0,0,0,2,1,5,2,43,7,1685,2,3,10,1,10
2018420283327,1,9,0,18,0,1,0,0,0,0,1,1,5,1,87,11,1598,1,10,6,3,6
2018420283327,2,9,0,3,0,1,0,0,0,0,2,1,5,2,40,7,2995,1,-1,7,3,7
2018420283330,1,9,0,7,0,3,1,0,0,0,4,1,5,2,29,6,998,1,4,6,1,6
2018420283330,2,9,0,5,0,2,0,0,0,0,1,1,5,2,57,9,1461,2,3,10,1,10
2018420283572,1,9,0,4,0,0,0,0,0,0,1,1,5,2,22,5,1124,1,15,4,1,4
2018420283572,2,9,0,3,0,0,0,0,0,0,2,1,5,1,60,9,1997,1,17,4,1,4
2018420283580,1,9,0,14,0,0,0,0,0,0,1,1,5,2,30,6,1910,2,12,2,1,2
2018420283618,1,9,0,18,0,0,0,0,0,0,1,1,2,2,23,5,1242,1,5,9,2,9
2018420283745,1,9,0,5,0,0,0,0,0,0,3,1,5,2,66,10,1329,1,4,9,1,9
2018420283745,2,3,0,4,0,0,1,0,0,0,1,1,5,1,17,4,124,1,1,7,1,7
2018420283747,1,9,0,16,0,0,1,0,7,0,1,1,1,1,20,4,2457,1,5,1,1,1
2018420283749,1,9,0,18,0,1,1,0,0,0,1,1,6,2,22,5,1598,2,4,7,1,7
2018420283847,1,19,0,18,0,0,0,0,0,0,4,1,1,1,62,9,2198,2,3,3,1,3
2018420283847,2,1,0,18,0,0,0,0,0,0,4,1,6,1,29,6,-1,-1,-1,-1,-1,-1
2018420283921,1,19,0,5,0,1,0,0,0,0,1,1,1,1,70,10,2402,2,11,2,1,2
2018420283921,2,1,0,4,0,1,2,0,0,0,1,1,1,1,30,6,-1,-1,-1,4,1,4
2018420284051,1,9,0,18,0,0,0,0,0,0,1,1,6,2,60,9,-1,-1,-1,-1,-1,-1
2018420284140,1,3,0,18,0,1,0,0,0,0,1,1,6,1,24,5,124,1,-1,10,1,10
2018420284140,2,19,0,4,0,1,0,0,0,0,2,1,6,1,33,6,1248,2,12,10,1,10
2018420284146,1,9,0,5,0,0,0,0,0,0,3,1,5,2,46,8,1242,1,4,8,1,8
2018420284150,1,9,0,18,0,0,0,0,7,1,1,1,6,1,46,8,1995,1,11,10,2,10
2018420284154,1,9,0,4,0,1,0,0,0,0,1,1,6,1,31,6,1596,1,15,3,1,3
2018420284154,2,9,0,4,0,1,0,0,0,0,2,1,6,2,28,6,1388,1,11,5,1,5
2018420284161,1,9,0,13,0,4,0,0,3,0,1,1,2,1,19,4,1242,1,2,4,1,4
2018420284311,1,9,0,9,0,5,0,0,0,0,4,1,1,1,36,7,1997,2,11,8,1,8
2018420284322,1,9,0,18,0,0,0,0,0,0,1,1,5,1,21,5,1296,1,11,9,2,9
2018420284322,2,9,0,4,0,0,0,0,0,0,2,1,5,2,36,7,1995,2,5,4,1,4
2018420284357,1,9,0,4,0,2,0,0,0,0,1,1,5,2,77,11,1598,1,10,7,1,7
2018420284357,2,9,0,4,0,2,0,0,0,0,2,1,5,1,82,11,2499,1,11,7,1,7
2018420284357,3,9,0,4,0,2,0,0,0,0,2,1,5,2,68,10,1388,1,15,5,1,5
2018420284413,1,11,0,18,0,0,0,0,0,0,1,1,1,1,50,8,4760,2,5,8,1,8
2018420284415,1,9,0,14,0,1,0,0,1,2,1,1,6,1,-1,-1,1951,2,17,-1,-1,-1
2018420284415,2,19,0,10,0,1,0,0,0,0,2,1,5,2,49,8,1248,2,6,7,1,7
2018420284428,1,9,0,9,0,8,1,0,0,0,1,1,6,1,41,7,1988,1,14,2,1,2
2018420284428,2,9,0,18,0,8,1,0,0,0,1,1,6,1,39,7,1596,1,14,2,1,2
2018420284433,1,98,0,18,0,0,2,0,7,0,1,1,5,1,55,8,-1,-1,-1,2,3,2
2018420284453,1,9,0,18,0,0,0,0,2,0,1,1,6,2,64,9,1598,1,10,8,3,8
2018420284455,1,19,0,15,0,0,0,0,7,0,1,1,1,1,29,6,-1,-1,-1,8,1,8
2018420284455,2,9,0,9,0,0,0,0,7,0,3,1,5,1,61,9,-1,-1,-1,-1,-1,-1
2018420284455,3,9,0,2,9,0,0,0,0,0,3,1,6,3,-1,-1,-1,-1,-1,-1,-1,-1
2018420284455,4,9,0,2,9,0,0,0,0,0,3,1,6,3,-1,-1,-1,-1,-1,-1,-1,-1
2018420284458,1,3,0,16,0,1,0,0,0,0,1,1,5,2,17,4,124,1,2,6,1,6
2018420284458,2,19,0,17,0,1,0,0,0,0,3,1,1,1,28,6,2496,2,20,3,1,3
2018420284467,1,5,0,18,0,8,5,0,0,0,1,1,6,1,29,6,599,1,3,10,1,10
2018420284467,2,9,0,9,0,1,0,0,0,0,4,1,5,1,63,9,2179,2,7,10,1,10
2018420284478,1,9,0,18,0,6,0,0,0,0,1,1,5,2,21,5,1560,2,4,7,1,7
2018420284480,1,5,0,13,0,0,0,0,0,0,1,1,5,1,53,8,636,1,15,9,3,9
2018420284480,2,9,0,17,0,0,0,0,0,0,1,1,5,1,20,4,1461,2,1,6,3,6
2018420284487,1,9,0,18,0,1,0,0,7,10,1,1,5,2,21,5,1229,1,4,2,1,2
2018420284490,1,19,0,18,0,0,0,0,0,0,1,1,5,1,24,5,1753,2,12,6,2,6
2018420284490,2,9,0,18,0,0,0,0,0,0,1,1,5,1,28,6,1598,1,17,6,3,6
2018420284490,3,9,0,18,0,0,0,0,0,0,0,1,5,2,31,6,1997,2,11,3,2,3
2018420284492,1,9,0,1,9,0,0,0,0,0,0,1,6,1,90,11,1598,1,9,10,1,10
2018420284492,2,1,0,18,0,0,2,11,0,0,0,1,6,1,88,11,-1,-1,-1,10,1,10
2018420284493,1,9,0,7,0,3,0,10,0,0,2,1,5,1,30,6,1598,1,10,3,1,3
2018420284493,2,21,1,18,0,8,0,0,0,0,1,1,1,1,42,7,12900,2,9,1,1,1
2018420284497,1,9,0,18,0,2,0,11,1,1,1,1,5,1,18,4,1329,1,9,4,-1,4
2018420284502,1,9,0,3,0,1,0,0,0,0,1,1,6,2,23,5,1197,1,5,4,1,4
2018420284502,2,9,0,3,0,1,0,0,0,0,2,1,5,2,33,6,1149,1,8,3,1,3
2018420284504,1,9,0,11,0,0,0,0,0,0,4,1,6,1,51,8,998,1,17,4,1,4
2018420284504,2,5,0,18,0,0,0,0,0,0,3,1,6,1,27,6,745,1,4,2,1,2
2018420284516,1,9,0,7,9,1,0,0,1,10,1,1,6,1,18,4,1995,2,10,3,1,3
2018420284517,1,98,0,11,0,8,0,0,0,0,1,1,1,1,37,7,-1,-1,-1,2,1,2
2018420284517,2,9,0,18,0,8,1,0,0,0,3,1,5,2,53,8,1242,1,16,9,1,9
2018420284519,1,9,0,18,0,4,0,0,0,0,3,1,6,2,37,7,1896,2,11,3,1,3
2018420284519,2,1,0,18,0,8,0,0,0,0,1,1,5,1,45,7,-1,-1,-1,4,1,4
2018420284538,1,9,0,5,0,4,0,0,0,0,0,1,5,2,48,8,1397,1,10,5,2,5
2018420284538,2,9,0,18,0,4,0,0,0,0,2,1,6,2,39,7,1242,1,8,6,2,6
2018420284538,3,19,0,18,0,4,0,0,0,0,1,1,1,1,58,9,2198,2,4,7,2,7
2018420284555,2,11,0,18,0,1,0,0,0,0,1,1,1,1,56,9,9000,2,5,2,1,2
2018420284814,1,9,0,18,0,0,0,0,1,0,1,1,5,2,40,7,1242,1,4,5,1,5
2018420284865,1,9,0,18,0,2,0,11,0,0,1,1,2,1,54,8,1560,2,5,6,1,6
2018420284865,2,1,0,5,0,6,5,11,0,0,3,1,6,1,20,4,-1,-1,-1,7,1,7
2018420284867,1,19,0,7,0,2,0,0,0,0,3,1,1,1,56,9,2463,2,12,5,3,5
2018420284867,2,9,0,18,0,1,0,0,0,0,1,1,5,2,27,6,1598,1,10,6,1,6
2018420284872,1,9,0,4,0,8,0,0,0,0,1,1,4,2,21,5,1398,1,1,3,1,3
2018420284872,2,9,0,4,0,8,0,0,0,0,2,1,5,2,45,7,2148,2,14,3,1,3
2018420284872,3,9,0,4,0,8,0,0,0,0,2,1,5,2,17,4,1328,1,9,8,1,8
2018420284877,1,9,0,16,0,8,1,7,1,2,1,1,6,1,20,4,1149,1,16,8,1,8
2018420284877,2,9,0,3,0,4,0,0,0,0,2,1,6,1,29,6,1390,1,7,9,3,9
2018420284878,1,9,0,4,0,0,0,0,0,0,1,1,1,1,30,6,1797,8,8,4,1,4
2018420284878,2,9,0,4,0,0,0,0,0,0,2,1,6,2,59,9,1388,1,11,7,2,7
2018420284878,3,9,0,4,0,0,0,0,0,0,2,1,2,1,24,5,-1,-1,-1,3,1,3
2018420284879,1,9,0,18,0,1,0,0,0,0,1,1,6,3,-1,-1,-1,-1,-1,-1,-1,-1
2018420284991,1,9,0,16,0,0,1,0,1,0,1,1,5,1,35,6,5204,1,7,8,1,8
2018420285218,1,9,0,5,0,4,0,0,0,0,1,1,1,1,40,7,1598,2,1,5,1,5
2018420285218,2,9,0,3,0,4,0,0,0,0,2,1,2,1,26,6,1398,1,2,10,1,10
2018420285298,1,9,0,5,0,4,0,0,0,0,2,1,1,1,46,8,-1,-1,-1,9,2,9
2018420285298,2,9,0,5,0,4,0,0,0,0,1,1,6,2,26,6,1596,1,8,7,3,7
2018420285299,1,9,0,18,0,0,0,0,0,0,1,1,2,1,31,6,1598,1,9,8,1,8
2018420285299,2,9,0,4,0,0,2,0,4,6,2,1,5,1,38,7,1364,1,10,7,1,7
2018420285299,3,9,0,18,0,0,0,0,0,0,3,1,6,1,32,6,1999,2,1,4,1,4
2018420285301,1,9,0,9,0,8,0,0,0,0,4,1,5,1,20,4,1242,1,12,9,1,9
2018420285301,2,1,0,18,0,8,0,0,0,0,1,1,5,1,42,7,-1,-1,-1,8,1,8
2018420285371,1,9,0,5,0,2,0,0,0,0,1,1,2,1,76,11,1997,2,7,6,3,6
2018420285551,1,3,0,4,0,0,2,0,0,0,1,1,5,1,46,8,123,1,2,1,1,1
2018420285551,2,9,0,3,0,0,0,0,0,0,2,1,5,2,31,6,1242,1,1,4,1,4
2018420285592,1,9,0,3,0,1,0,0,0,0,2,1,6,1,54,8,1997,2,3,3,1,3
2018420285592,2,9,0,4,0,1,0,0,0,0,1,1,6,3,41,7,1995,2,11,6,1,6
2018420285668,1,9,0,9,0,8,0,0,0,0,1,1,1,2,21,5,1242,1,6,4,1,4
2018420285688,1,21,1,11,0,0,0,0,0,0,4,1,1,1,-1,-1,12419,2,1,-1,-1,-1
2018420285688,2,9,0,18,0,0,0,0,0,0,3,1,6,1,29,6,-1,-1,-1,9,1,9
2018420285745,1,9,0,18,0,0,0,0,0,0,2,1,5,2,40,7,1461,2,2,5,1,5
2018420285745,2,9,0,18,0,0,0,0,0,0,1,1,6,1,21,5,1200,1,15,7,1,7
2018420285745,3,9,0,18,0,0,0,0,0,0,1,1,6,1,59,9,-1,-1,-1,1,1,1
2018420285751,1,9,0,5,9,2,0,0,0,0,1,1,6,2,32,6,1200,1,1,8,1,8
2018420285751,2,1,0,18,9,1,0,0,0,0,3,1,2,1,43,7,-1,-1,-1,5,3,5
2018420285752,1,9,0,18,0,2,0,0,0,0,4,1,5,1,46,8,1388,1,15,6,1,6
2018420285754,1,9,0,18,0,6,0,0,0,0,1,1,5,2,18,4,998,1,12,10,3,10
2018420285754,2,9,0,18,0,1,0,0,0,0,1,1,6,1,41,7,2179,2,6,2,1,2
2018420285952,1,19,0,18,0,0,0,4,0,0,1,1,1,1,35,6,2953,2,14,6,1,6
2018420285952,2,9,0,3,0,0,0,4,0,0,2,1,2,2,27,6,2179,2,4,4,1,4
2018420285952,3,9,0,3,0,0,0,0,0,0,2,1,6,2,18,4,-1,-1,-1,-1,-1,-1
2018420286021,1,9,0,9,0,8,0,0,0,0,1,1,5,1,74,10,3700,1,13,7,3,7
2018420286024,1,9,0,18,9,0,0,0,0,0,1,1,6,2,31,6,1587,1,15,4,1,4
2018420286024,2,9,0,2,0,0,0,0,0,0,2,1,6,3,-1,-1,-1,-1,-1,-1,-1,-1
2018420286200,1,9,0,18,0,1,0,0,0,0,1,1,6,1,28,6,1461,2,7,2,1,2
2018420286200,2,9,0,18,0,1,0,0,7,11,2,1,2,1,44,7,1395,1,3,3,1,3
2018420286200,3,19,0,18,0,1,0,0,0,0,1,1,6,1,45,7,1997,2,5,4,1,4
2018420286297,1,9,0,18,0,8,0,0,0,0,3,1,2,1,40,7,2987,2,7,10,1,10
2018420286297,2,19,0,18,0,1,0,0,0,0,1,1,1,1,30,6,2299,2,1,9,3,9
2018420286302,1,9,0,9,0,1,0,0,3,1,1,1,5,2,87,11,1339,1,11,10,1,10
2018420286302,2,1,0,18,0,1,0,0,0,0,1,1,5,1,60,9,-1,-1,-1,10,1,10
2018420286305,1,9,0,13,0,0,0,0,0,0,4,1,6,3,-1,-1,-1,-1,-1,-1,-1,-1
2018420286305,2,1,0,9,0,0,0,0,0,0,3,1,2,2,53,8,-1,-1,-1,8,1,8
2018420286306,1,9,0,18,0,0,1,0,0,0,1,1,5,1,61,9,2685,2,13,10,3,10
2018420286306,2,5,0,10,0,0,0,0,0,0,2,1,6,1,66,10,790,1,17,6,3,6
2018420286307,1,19,0,5,0,2,0,0,0,0,1,1,2,1,59,9,1995,2,-1,1,1,1
2018420286307,2,19,0,3,0,2,0,0,0,0,2,1,1,1,42,7,2143,2,4,1,1,1
2018420286310,1,3,0,18,0,0,0,4,0,0,1,1,2,1,26,6,125,1,1,3,1,3
2018420286310,2,90,0,2,0,0,0,0,0,0,2,1,1,1,62,9,-1,-1,-1,1,1,1
2018420286311,1,1,0,16,0,0,0,0,0,0,1,1,5,1,52,8,-1,-1,-1,10,1,10
2018420286311,2,9,0,17,0,0,0,0,0,0,1,1,1,1,39,7,1896,2,16,10,2,10
2018420286313,1,9,0,18,0,8,0,0,0,0,1,1,5,1,85,11,1582,2,9,9,1,9
2018420286313,2,9,0,18,0,8,0,0,0,0,4,1,5,2,18,4,1149,1,17,3,1,3
2018420286314,1,9,0,6,0,1,0,0,0,0,1,1,5,1,70,10,1997,2,5,10,1,10
2018420286314,2,5,0,13,0,1,0,0,0,0,4,1,2,1,57,9,997,1,16,10,1,10
2018420286318,1,9,0,9,0,6,0,0,0,0,1,1,5,1,73,10,1388,1,15,6,1,6
2018420286318,2,9,0,18,0,1,1,0,7,0,1,1,5,1,38,7,4395,1,4,6,1,6
2018420286321,1,9,0,15,0,0,5,4,7,0,4,1,6,1,89,11,1198,1,6,10,1,10
2018420286321,2,9,0,2,0,0,0,0,0,0,1,1,6,3,-1,-1,-1,-1,-1,-1,-1,-1
2018420286324,1,4,0,4,0,1,0,0,0,0,1,1,5,1,53,8,398,1,10,4,1,4
2018420286324,2,5,0,4,0,1,0,0,0,0,2,1,5,1,39,7,645,1,15,8,3,8
2018420286338,1,9,0,18,0,0,1,0,0,0,1,1,2,1,20,4,1229,1,12,4,1,4
2018420286338,2,9,0,18,0,0,0,0,0,0,2,1,5,2,28,6,1395,1,2,6,3,6
2018420286341,1,9,0,18,0,1,0,0,0,0,1,1,2,1,34,6,-1,-1,-1,5,1,5
2018420286341,2,1,0,18,5,8,0,0,0,0,4,1,5,1,13,3,-1,-1,-1,4,1,4
2018420286347,1,9,0,18,0,0,5,0,7,11,1,1,6,1,32,6,1596,1,12,5,1,5
2018420286368,1,9,0,17,0,0,1,0,0,0,1,1,1,1,31,6,1242,1,15,4,2,4
2018420286378,1,9,0,9,0,0,0,0,0,0,4,1,5,1,71,10,2143,2,8,10,3,10
2018420286378,2,9,0,18,0,0,0,0,0,0,1,1,5,2,20,4,1242,1,5,3,1,3
2018420286383,1,9,0,18,0,3,0,0,0,0,1,1,6,1,30,6,1596,1,12,3,1,3
2018420286383,2,1,0,18,0,3,0,0,0,0,4,1,2,1,64,9,-1,-1,-1,7,3,7
2018420286386,1,9,0,4,0,1,0,10,3,0,1,1,5,2,68,10,1360,1,18,2,1,2
2018420286388,1,9,0,4,0,0,0,0,0,0,1,1,5,1,83,11,1769,1,15,10,1,10
2018420286388,2,9,0,4,0,0,0,0,0,0,2,1,5,1,69,10,1956,2,5,7,2,7
2018420286390,1,9,0,18,0,0,0,0,0,0,4,1,5,2,36,7,1995,2,6,8,1,8
2018420286395,1,9,0,18,0,0,0,0,0,0,4,1,6,2,43,7,1596,1,16,8,1,8
2018420286399,1,9,0,18,0,0,0,4,0,0,1,1,6,2,28,6,1299,1,10,3,1,3
2018420286399,2,9,0,2,0,0,0,0,7,0,2,1,5,2,17,4,1242,1,2,10,1,10
2018420286400,1,19,0,5,0,8,0,0,0,0,1,1,5,1,61,9,2148,2,11,5,1,5
2018420286400,2,22,0,18,0,8,0,0,0,0,4,1,5,2,88,11,-1,-1,-1,3,1,3
2018420286401,1,9,0,13,0,0,0,0,0,0,4,1,6,1,32,6,1596,1,9,-1,-1,-1
2018420286401,2,9,0,4,0,0,0,0,0,0,3,1,6,2,24,5,998,1,4,4,1,4
2018420286401,3,9,0,13,0,0,0,0,0,0,0,1,1,1,48,8,1560,2,5,-1,-1,-1
2018420286403,1,9,0,18,0,0,0,0,0,0,1,1,5,1,54,8,1896,2,11,6,1,6
2018420286403,2,9,0,2,0,0,0,0,1,0,1,1,6,3,-1,-1,-1,-1,-1,-1,-1,-1
2018420286403,3,19,0,2,0,0,0,0,0,0,1,1,6,3,-1,-1,-1,-1,-1,-1,-1,-1
2018420286603,1,9,0,14,0,0,0,0,0,0,1,1,1,2,42,7,1998,1,12,5,1,5
2018420286603,2,9,0,2,0,0,0,0,0,0,1,1,6,3,-1,-1,-1,-1,-1,-1,-1,-1
2018420286603,3,9,0,2,0,0,0,0,0,0,2,1,6,3,-1,-1,-1,-1,-1,-1,-1,-1
2018420286668,1,9,0,18,0,0,0,0,0,0,4,1,1,2,66,10,1499,1,4,10,1,10
2018420286668,2,9,0,18,0,0,0,0,1,0,3,1,5,2,86,11,1339,1,11,10,1,10
2018420286674,1,19,0,16,0,8,0,0,0,0,1,1,6,1,51,8,1753,2,14,5,3,5
2018420286674,2,9,0,17,0,8,0,0,0,0,1,1,6,1,30,6,1364,1,13,5,2,5
2018420286675,1,9,0,18,0,2,0,0,0,0,3,1,5,1,29,6,1598,1,12,6,1,6
2018420286675,2,9,0,18,0,8,0,0,7,11,4,1,5,2,53,8,1299,1,11,4,1,4
2018420286812,1,9,0,3,0,1,0,0,0,0,1,1,6,2,33,6,1997,1,14,2,1,2
2018420286812,2,9,0,10,0,1,0,0,0,0,2,1,6,2,48,8,1591,1,1,3,1,3
2018420286833,1,9,0,9,0,8,0,0,0,0,1,1,6,2,45,7,1390,1,14,7,1,7
2018420286833,2,3,0,18,0,1,1,0,1,2,1,1,6,1,19,4,124,1,6,-1,-1,-1
2018420286924,1,19,0,4,9,1,0,0,1,3,1,1,1,1,51,8,2187,2,15,10,1,10
2018420287072,1,9,0,18,0,0,0,0,0,0,1,1,5,1,35,6,1560,2,4,2,1,2
2018420287074,1,98,0,18,0,0,0,0,0,0,0,1,6,3,-1,-1,-1,-1,-1,-1,-1,-1
2018420287074,2,1,0,18,0,0,5,0,1,9,1,1,5,1,56,9,-1,-1,-1,7,3,7
2018420287080,1,9,0,18,0,0,0,6,2,7,1,1,6,1,60,9,1997,2,12,9,1,9
2018420287084,1,9,0,4,0,0,0,0,0,0,1,1,5,1,54,8,1596,1,6,4,1,4
2018420287084,2,9,0,4,0,0,0,0,0,0,2,1,5,2,58,9,1598,1,10,9,1,9
2018420287084,3,9,0,4,0,0,0,0,0,0,2,1,5,1,58,9,1997,2,1,10,1,10
2018420287087,1,9,0,9,9,5,0,0,1,2,1,1,6,1,24,5,1199,1,14,5,1,5
2018420287188,1,5,0,18,0,0,0,0,0,0,1,1,2,1,39,7,898,1,5,10,1,10
2018420287188,2,9,0,10,0,0,0,0,0,0,1,1,6,2,78,11,1390,1,7,4,1,4
2018420287333,1,9,0,18,0,0,0,0,0,0,4,1,6,1,38,7,1999,1,11,2,1,2
2018420287333,2,9,0,18,0,0,5,0,0,0,3,1,6,1,53,8,973,1,16,3,1,3
2018420287401,1,9,0,18,0,0,0,0,0,0,4,1,6,2,61,9,1796,1,15,7,3,7
2018420287422,1,9,0,18,0,1,0,0,0,0,1,1,6,1,-1,-1,-1,-1,-1,-1,-1,-1
2018420287422,2,9,0,3,0,4,0,0,0,0,2,1,6,2,28,6,5000,2,19,9,1,9
2018420287437,1,9,0,4,0,2,0,0,0,0,1,1,5,1,32,6,1997,2,12,7,3,7
2018420287437,2,9,0,4,0,2,0,0,0,0,2,1,1,1,28,6,2996,2,8,8,1,8
2018420287437,3,19,0,4,0,8,0,0,0,0,2,1,1,1,51,8,2198,2,3,8,1,8
2018420287442,1,9,0,18,0,1,0,0,0,0,4,1,6,3,18,4,-1,-1,-1,-1,-1,-1
2018420287442,2,9,0,18,0,1,0,4,0,0,1,1,5,1,19,4,1595,1,1,9,1,9
2018420287442,3,9,0,2,0,1,0,0,0,0,2,1,6,3,-1,-1,-1,-1,-1,-1,-1,-1
2018420287442,4,9,0,2,0,1,0,0,7,10,2,1,6,3,-1,-1,-1,-1,-1,-1,-1,-1
2018420287443,1,9,0,9,0,1,0,0,0,0,1,1,6,1,57,9,1388,1,8,8,1,8
2018420287443,2,9,0,18,0,1,0,0,1,0,2,1,5,2,21,5,999,1,3,5,2,5
2018420287444,1,9,0,16,0,0,0,0,7,11,1,1,5,1,80,11,1200,1,2,5,1,5
2018420287677,1,9,0,18,0,1,0,0,0,0,1,1,6,1,33,6,1997,2,8,6,1,6
2018420287677,2,9,0,3,0,1,0,0,0,0,2,1,6,2,28,6,1242,1,2,10,1,10
2018420287696,1,9,0,13,0,2,0,7,0,0,4,1,5,1,41,7,1968,2,2,3,1,3
2018420287696,2,9,0,18,0,1,0,0,0,0,3,1,5,2,21,5,1199,1,15,10,1,10
2018420287763,1,9,0,18,0,0,1,0,0,0,1,1,6,1,-1,-1,1364,1,1,-1,-1,-1
2018420287763,2,9,0,18,0,0,0,0,0,0,1,1,5,1,43,7,4134,2,4,10,1,10
2018420287766,1,4,0,15,0,0,0,0,1,0,3,1,2,1,25,5,487,1,11,3,1,3
2018420287766,2,9,0,13,0,0,0,0,0,0,4,1,2,1,22,5,1499,1,1,9,1,9
2018420287867,1,9,0,5,0,1,0,0,0,0,1,1,6,2,19,4,1199,1,17,6,1,6
2018420287867,2,9,0,3,0,1,0,0,0,0,2,1,2,2,46,8,1360,1,19,3,1,3
2018420287984,1,9,0,5,0,1,0,0,0,0,1,1,6,1,18,4,1995,2,10,7,1,7
2018420287984,2,9,0,4,0,1,0,0,0,0,1,1,1,1,36,7,1399,2,6,10,2,10
2018420288010,1,8,0,17,0,0,0,0,0,0,1,1,1,1,58,9,2143,2,7,3,2,3
2018420288010,2,9,0,18,0,0,0,0,0,0,1,1,6,2,62,9,1396,2,2,8,1,8
2018420288010,3,9,0,18,0,0,0,0,1,0,1,1,6,1,37,7,1968,2,11,3,1,3
2018420288023,1,11,0,18,0,1,0,0,0,0,3,1,1,1,41,7,4461,2,4,3,1,3