Accident_Index,Vehicle_Reference,Vehicle_Type,Towing_and_Articulation,Vehicle_Manoeuvre,Vehicle_Location-Restricted_Lane,Junction_Location,Skidding_and_Overturning,Hit_Object_in_Carriageway,Vehicle_Leaving_Carriageway,Hit_Object_off_Carriageway,1st_Point_of_Impact,Was_Vehicle_Left_Hand_Drive?,Journey_Purpose_of_Driver,Sex_of_Driver,Age_of_Driver,Age_Band_of_Driver,Engine_Capacity_(CC),Propulsion_Code,Age_of_Vehicle,Driver_IMD_Decile,Driver_Home_Area_Type,Vehicle_IMD_Decile
2018420288030,1,9,0,4,0,1,1,0,0,0,1,1,5,1,29,6,1956,2,4,1,1,1
2018420288030,2,9,0,4,0,1,0,0,1,0,2,1,5,1,43,7,1598,2,5,7,3,7
2018420288032,1,9,0,5,0,0,0,0,7,0,3,1,6,1,78,11,1997,2,15,7,1,7
2018420288032,2,9,0,18,0,0,0,0,7,0,1,1,6,1,27,6,1461,2,3,9,1,9
2018420288034,1,9,0,18,0,0,1,0,0,0,4,1,5,1,43,7,4163,1,3,5,3,5
2018420288034,2,9,0,18,0,0,0,0,0,0,1,1,6,2,70,10,1997,1,6,8,1,8
2018420288035,1,9,0,18,0,0,1,0,2,10,1,1,5,1,21,5,1998,1,10,4,1,4
2018420288035,2,9,0,1,9,0,0,0,0,0,1,1,6,3,-1,-1,-1,-1,-1,-1,-1,-1
2018420288035,3,9,0,2,9,0,0,0,0,0,1,1,6,3,-1,-1,-1,-1,-1,-1,-1,-1
2018420288035,4,9,0,1,9,0,0,0,0,0,1,1,6,3,-1,-1,-1,-1,-1,-1,-1,-1
2018420288036,1,9,0,17,0,0,1,10,1,0,1,1,5,1,18,4,2286,1,47,3,3,3
2018420288083,1,9,0,18,0,8,0,0,0,0,3,1,6,1,41,7,1200,1,3,3,1,3
2018420288083,2,9,0,18,0,8,0,0,0,0,4,1,6,2,77,11,1368,1,9,3,1,3
2018420288127,1,5,0,18,0,1,0,0,0,0,3,1,2,1,42,7,1255,1,10,8,2,8
2018420288127,2,9,0,18,0,1,0,0,0,0,4,1,2,2,58,9,1997,2,2,5,1,5
2018420288139,1,9,0,9,0,1,0,0,1,1,1,1,5,1,36,7,1596,1,14,4,1,4
2018420288139,2,9,0,18,0,1,0,0,1,0,1,1,5,1,51,8,3999,1,8,5,1,5
2018420288144,1,9,0,18,0,0,2,0,8,3,1,1,6,1,32,6,1598,1,12,5,1,5
2018420288147,1,9,0,12,0,8,0,0,1,0,0,1,6,1,38,7,1796,1,14,4,1,4
2018420288147,2,9,0,18,0,8,0,0,5,0,4,1,2,1,57,9,2148,2,10,1,1,1
2018420288177,1,9,0,18,0,0,0,0,0,0,1,1,2,1,53,8,2198,2,2,3,2,3
2018420288177,2,9,0,18,0,0,0,0,0,0,2,1,5,1,56,9,1997,1,5,5,1,5
2018420288177,3,9,0,18,0,0,0,0,0,0,2,1,5,2,44,7,2429,1,11,2,1,2
2018420288182,1,9,0,11,0,0,0,0,0,0,1,1,5,1,86,11,1242,1,7,5,1,5
2018420288182,2,21,1,18,0,0,0,0,0,0,2,1,1,1,25,5,10837,2,4,4,2,4
2018420288189,1,9,0,18,0,0,0,10,0,0,3,1,5,1,23,5,1900,2,13,5,1,5
2018420288190,1,9,0,18,0,0,0,0,0,0,1,1,2,1,34,6,1596,1,17,2,1,2
2018420288190,2,9,0,18,0,0,0,0,0,0,2,1,5,2,33,6,1868,2,17,6,1,6
2018420288190,3,9,5,18,0,0,0,0,0,0,2,1,5,1,75,10,1998,2,14,6,1,6
2018420288191,1,9,0,18,0,1,0,0,1,0,1,1,5,1,45,7,1995,2,11,3,1,3
2018420288191,2,9,0,3,0,1,0,0,0,0,4,1,5,1,50,8,1796,2,5,4,1,4
2018420288325,1,9,0,18,0,0,0,0,0,0,2,1,6,3,-1,-1,-1,-1,-1,-1,-1,-1
2018420288380,1,9,0,4,0,0,0,0,0,0,1,1,6,1,47,8,-1,-1,-1,9,1,9
2018420288380,2,9,0,4,0,0,0,0,0,0,2,1,1,2,50,8,1598,1,16,5,1,5
2018420288386,1,9,0,5,0,4,0,0,0,0,1,1,6,1,48,8,1587,1,12,3,1,3
2018420288386,2,1,0,5,0,4,0,0,0,0,4,1,6,2,-1,-1,-1,-1,-1,-1,-1,-1
2018420288393,1,9,0,18,0,2,0,0,0,0,1,1,6,1,-1,-1,-1,-1,-1,-1,-1,-1
2018420288549,1,9,0,5,0,1,0,0,0,0,1,1,5,2,35,6,1368,1,10,2,1,2
2018420288549,2,9,0,4,0,1,0,0,0,0,4,1,5,2,29,6,1399,2,10,2,1,2
2018420288555,1,9,0,5,0,1,0,0,1,1,4,1,6,2,73,10,1796,1,21,7,3,7
2018420288555,2,9,0,18,0,1,0,0,0,0,1,1,5,1,52,8,-1,-1,-1,7,2,7
2018420288561,1,9,0,5,0,8,1,0,1,0,4,1,5,2,42,7,1388,1,11,3,1,3
2018420288561,2,9,0,18,0,1,1,0,1,0,1,1,5,2,63,9,1598,1,9,9,1,9
2018420288562,1,98,1,11,0,0,0,0,0,0,4,2,1,1,37,7,-1,-1,-1,-1,-1,-1
2018420288562,2,9,0,18,0,0,1,0,1,0,2,1,6,1,50,8,2393,1,14,2,1,2
2018420288566,1,9,0,9,0,8,0,0,0,0,3,1,2,2,20,4,1398,1,1,7,3,7
2018420288566,2,21,0,7,0,3,0,0,0,0,1,1,1,1,53,8,12777,2,2,5,1,5
2018420288593,1,9,0,5,0,0,0,0,0,0,1,1,6,3,-1,-1,-1,-1,-1,-1,-1,-1
2018420288593,2,9,0,4,0,0,0,0,0,0,4,1,6,2,26,6,1995,2,7,6,2,6
2018420288744,1,9,0,18,0,0,0,0,0,0,1,1,6,2,-1,-1,-1,-1,-1,-1,-1,-1
2018420288744,2,1,0,18,0,0,0,0,0,0,1,1,6,1,10,2,-1,-1,-1,10,3,10
2018420289084,1,1,0,13,0,1,0,0,7,0,4,1,4,1,14,3,-1,-1,-1,4,1,4
2018420289084,2,9,0,9,0,1,0,0,0,0,3,1,2,1,32,6,1242,1,8,9,1,9
2018420289117,1,9,0,13,9,0,1,0,7,0,4,1,5,1,26,6,1598,2,-1,8,1,8
2018420289117,2,90,0,4,0,0,1,0,7,0,3,1,3,1,51,8,-1,-1,-1,7,1,7
2018420289138,1,9,0,4,0,1,0,0,0,0,1,1,5,2,21,5,1229,1,14,4,1,4
2018420289138,2,9,0,4,0,1,0,0,0,0,2,1,1,1,41,7,-1,-1,-1,9,1,9
2018420289138,3,9,0,4,0,1,0,0,0,0,2,1,5,2,25,5,2993,2,8,3,1,3
2018420289155,1,19,0,18,0,0,0,0,0,0,3,1,6,1,24,5,2298,2,2,9,1,9
2018420289273,1,5,0,11,0,0,5,0,0,0,1,1,2,1,31,6,998,1,15,4,1,4
2018420289273,2,9,0,12,0,0,0,0,0,0,3,1,2,1,32,6,1242,1,7,2,1,2
2018420289273,3,9,0,4,0,0,0,0,0,0,2,1,2,2,26,6,1596,1,18,2,1,2
2018420289275,1,9,0,17,0,0,0,0,0,0,1,1,5,2,34,6,1997,2,4,5,1,5
2018420289275,2,9,0,16,0,0,0,0,0,0,1,1,5,2,30,6,2993,2,3,5,-1,5
2018420289286,1,9,0,18,0,0,0,0,3,11,1,1,6,1,90,11,1596,1,12,9,1,9
2018420289308,1,19,0,16,0,3,0,0,0,0,0,1,6,3,-1,-1,1461,2,2,-1,-1,-1
2018420289308,2,9,0,16,0,4,0,0,0,0,3,1,5,1,38,7,2204,2,12,1,1,1
2018420289395,1,9,0,18,0,0,0,0,0,0,1,1,6,3,50,8,1998,1,13,-1,-1,-1
2018420289395,2,9,0,3,0,0,0,0,0,0,2,1,2,2,21,5,1198,1,1,5,2,5
2018420289518,1,19,0,12,0,0,0,0,0,0,3,1,1,1,45,7,2402,2,14,10,2,10
2018420289518,2,9,0,12,0,0,2,10,4,6,1,1,1,2,31,6,1968,2,11,6,1,6
2018420289518,3,21,0,2,0,0,0,0,0,0,0,1,1,1,17,4,-1,-1,-1,7,1,7
2018420289551,1,9,0,18,0,0,0,0,1,0,1,1,2,2,40,7,2967,1,15,5,1,5
2018420289551,2,9,0,4,0,0,0,0,0,0,2,1,5,2,34,6,1229,1,5,4,1,4
2018420289551,3,19,0,18,0,0,0,0,0,0,2,1,1,1,25,5,1968,2,3,8,1,8
2018420289551,4,9,0,18,0,0,0,0,0,0,2,1,6,2,45,7,898,1,2,8,1,8
2018420289551,5,19,0,18,0,0,0,0,0,0,2,1,2,1,25,5,1560,2,1,2,1,2
2018420289560,1,19,0,3,0,1,0,0,0,0,1,1,2,1,33,6,1995,2,1,2,1,2
2018420289560,2,9,0,10,0,1,0,0,0,0,2,1,1,2,26,6,2183,2,5,4,1,4
2018420289641,1,9,0,5,0,0,0,0,0,0,3,1,6,2,27,6,1198,1,4,9,1,9
2018420289641,2,1,0,18,0,0,0,0,0,0,3,1,6,1,35,6,-1,-1,-1,9,1,9
2018420289676,1,9,0,18,0,1,1,10,7,0,1,1,6,1,31,6,-1,-1,-1,1,1,1
2018420289706,1,19,0,3,0,1,0,0,0,0,1,1,6,1,19,4,2402,2,7,5,2,5
2018420289706,2,9,0,3,0,1,0,0,0,0,2,1,6,2,26,6,1999,1,12,9,2,9
2018420289713,1,9,0,16,0,2,0,0,0,0,3,1,5,1,83,11,1598,1,12,4,1,4
2018420289713,2,98,1,17,0,1,0,0,0,0,3,1,1,1,61,9,-1,-1,-1,-1,-1,-1
2018420289735,1,9,0,5,0,2,0,0,0,0,3,1,5,2,84,11,1987,1,2,4,1,4
2018420289735,2,9,0,18,0,1,0,0,0,0,1,1,5,2,73,10,1396,1,1,5,1,5
2018420289744,1,9,0,4,0,0,1,0,0,0,1,1,5,2,23,5,1248,2,11,5,1,5
2018420289744,2,9,0,4,0,0,0,0,1,0,3,1,5,1,65,9,1197,1,2,4,1,4
2018420289746,1,9,0,17,0,0,1,0,0,0,1,1,2,1,23,5,1910,2,12,5,1,5
2018420289746,2,9,0,18,0,0,0,0,0,0,1,1,3,1,51,8,1598,2,3,4,1,4
2018420289747,1,9,0,18,0,3,1,0,6,0,2,1,5,1,21,5,1839,1,21,9,3,9
2018420289747,2,9,0,18,0,3,0,0,0,0,3,1,6,1,21,5,1388,1,11,10,1,10
2018420289747,3,9,0,18,0,1,0,0,0,0,3,1,5,1,27,6,1968,2,2,3,1,3
2018420289775,1,9,0,17,0,0,1,0,0,0,3,1,6,3,-1,-1,1560,2,11,-1,-1,-1
2018420289775,2,9,0,16,0,0,1,0,0,0,4,1,6,2,29,6,1390,1,8,2,1,2
2018420289931,1,98,0,18,0,0,0,0,0,0,4,1,6,3,-1,-1,-1,-1,-1,-1,-1,-1
2018420289931,2,9,0,18,0,0,0,0,0,0,4,1,6,1,33,6,-1,-1,-1,6,1,6
2018420289956,1,9,0,8,0,0,0,0,0,0,3,1,6,1,42,7,1600,1,13,3,1,3
2018420289956,2,9,0,18,0,0,0,0,0,0,4,1,6,1,29,6,1461,2,1,5,3,5
2018420289983,1,9,4,18,0,0,0,0,0,0,0,1,6,3,-1,-1,-1,-1,-1,-1,-1,-1
2018420289983,2,16,0,18,0,0,0,0,0,0,0,1,6,3,-1,-1,-1,-1,-1,-1,-1,-1
2018420289983,3,9,0,18,0,0,0,10,0,0,4,1,6,2,24,5,1388,1,12,3,1,3
2018420290002,1,9,0,4,0,0,0,0,0,0,1,1,6,1,25,5,1968,2,3,5,1,5
2018420290002,2,9,0,3,0,0,0,0,0,0,2,1,6,2,21,5,1229,1,3,6,1,6
2018420290002,3,9,0,3,0,0,0,0,0,0,2,1,6,2,31,6,998,1,2,7,-1,7
2018420290005,1,9,0,6,0,0,0,0,0,0,3,1,2,1,48,8,1461,2,2,6,1,6
2018420290005,2,5,0,13,0,0,1,0,0,0,1,1,6,1,60,9,883,1,3,5,1,5
2018420290009,1,9,0,1,9,0,0,0,0,0,2,1,6,2,22,5,1497,8,3,9,1,9
2018420290030,1,98,0,18,0,0,0,0,0,0,1,1,6,1,-1,-1,-1,-1,-1,-1,-1,-1
2018420290030,2,9,0,3,0,0,0,0,0,0,2,1,6,1,50,8,-1,-1,-1,10,2,10
2018420290050,1,9,0,18,0,0,0,0,0,0,1,1,6,3,-1,-1,1229,1,8,-1,-1,-1
2018420290059,1,9,0,18,0,8,0,0,0,0,1,1,5,1,19,4,1397,1,9,8,1,8
2018420290059,2,9,0,18,0,1,0,0,0,0,1,1,5,2,25,5,1299,1,14,4,1,4
2018420290071,1,9,0,4,0,8,0,0,0,0,1,1,1,1,41,7,1499,2,1,10,1,10
2018420290071,2,9,0,3,0,8,0,0,0,0,2,1,5,2,23,5,1598,1,7,7,1,7
2018420290071,3,9,0,3,0,8,0,0,0,0,2,1,1,1,58,9,-1,-1,-1,9,1,9
2018420290104,1,3,0,18,0,8,0,0,0,0,1,1,2,1,22,5,124,1,16,3,1,3
2018420290104,2,19,0,5,0,6,0,0,0,0,1,1,6,1,49,8,-1,-1,-1,6,1,6
2018420290122,1,9,0,18,0,4,0,0,0,0,1,1,6,1,35,6,1796,1,15,4,1,4
2018420290122,2,9,0,8,0,4,0,0,0,0,2,1,6,2,53,8,1796,1,7,8,1,8
2018420290123,1,19,0,18,0,8,0,0,0,0,3,1,2,1,33,6,-1,-1,-1,4,1,4
2018420290175,1,9,0,18,0,1,1,4,0,0,1,1,5,1,18,4,1149,1,14,9,1,9
2018420290175,2,9,0,2,0,1,0,4,0,0,2,1,6,3,-1,-1,-1,-1,-1,-1,-1,-1
2018420290175,3,9,0,2,0,1,0,0,0,0,2,1,6,3,-1,-1,-1,-1,-1,-1,-1,-1
2018420290183,1,9,0,18,0,0,0,0,0,0,1,1,6,3,-1,-1,-1,-1,-1,-1,-1,-1
2018420290186,1,9,0,18,0,4,0,0,0,0,1,1,6,3,-1,-1,-1,-1,-1,-1,-1,-1
2018420290186,2,9,0,18,4,3,0,0,0,0,2,1,6,2,41,7,2143,2,3,3,1,3
2018420290193,1,19,0,18,0,1,0,0,0,0,1,1,6,1,-1,-1,2198,2,10,-1,-1,-1
2018420290193,2,9,0,4,0,1,0,0,0,0,2,1,6,1,26,6,1598,1,11,1,1,1
2018420290206,1,9,0,17,0,0,5,0,1,1,3,1,3,2,40,7,2179,2,3,9,3,9
2018420290206,2,9,0,16,0,0,0,0,7,0,1,1,6,2,30,6,1386,1,10,9,-1,9
2018420290215,1,9,0,17,0,0,0,0,0,0,1,1,2,1,41,7,1595,1,12,3,1,3
2018420290215,2,9,0,16,0,0,0,0,0,0,1,1,2,2,42,7,1968,2,11,10,3,10
2018420290216,1,9,0,15,0,0,0,0,0,0,1,1,6,1,41,7,1781,1,18,2,1,2
2018420290216,2,9,0,18,0,0,0,0,0,0,4,1,2,1,27,6,1242,1,15,6,1,6
2018420290339,1,9,0,18,0,8,1,0,0,0,1,1,1,1,37,7,1499,1,-1,6,1,6
2018420290339,2,9,0,18,0,8,0,0,0,0,2,1,1,2,22,5,1398,1,1,10,1,10
2018420290339,3,9,0,8,0,1,0,0,0,0,0,1,1,1,32,6,1997,2,3,7,3,7
2018420290377,1,22,0,5,9,0,0,0,0,0,1,1,6,2,40,7,-1,-1,-1,7,3,7
2018420290377,2,9,0,5,9,0,0,0,0,0,3,1,6,2,-1,-1,-1,-1,-1,-1,-1,-1
2018420290404,1,19,0,18,0,0,1,0,0,0,1,1,1,1,40,7,1995,2,2,8,1,8
2018420290404,2,9,0,4,0,0,0,0,0,0,2,1,6,1,83,11,1229,1,4,8,1,8
2018420290404,3,9,0,4,0,0,0,0,0,0,2,1,6,2,30,6,1997,2,10,6,3,6
2018420290438,1,9,0,5,0,4,0,0,0,0,3,1,1,1,71,10,-1,-1,-1,6,3,6
2018420290438,2,3,0,18,0,8,2,0,0,0,4,1,5,1,21,5,124,1,2,7,3,7
2018420290447,1,9,0,4,0,0,0,0,0,0,1,1,6,2,26,6,999,1,2,5,2,5
2018420290447,2,9,0,3,0,0,0,0,0,0,2,1,6,2,47,8,1364,1,1,5,2,5
2018420290447,3,9,0,3,0,0,0,0,0,0,2,1,1,1,55,8,1198,1,12,5,3,5
2018420290470,1,9,0,9,0,3,0,0,0,0,1,1,6,2,17,4,1198,1,10,2,1,2
2018420290470,2,9,0,18,0,4,0,0,0,0,1,1,6,2,60,9,2401,2,15,-1,-1,-1
2018420290471,1,9,0,18,0,6,0,0,0,0,3,1,6,2,58,9,1753,2,11,1,1,1
2018420290471,2,9,0,18,0,1,0,0,0,0,4,1,6,1,82,11,999,1,5,4,1,4
2018420290473,1,9,0,17,0,1,0,0,0,0,1,2,2,1,22,5,1968,2,6,7,3,7
2018420290473,2,9,0,9,0,8,0,0,7,0,4,2,5,2,59,9,1598,1,5,6,1,6
2018420290476,1,9,0,3,0,1,0,0,0,0,2,1,5,1,51,8,2993,2,10,5,1,5
2018420290476,2,9,0,18,0,1,1,0,0,0,1,1,5,2,22,5,1596,1,16,3,1,3
2018420290478,1,9,0,9,0,2,0,0,0,0,4,1,2,2,32,6,1598,2,3,7,1,7
2018420290478,2,3,0,18,0,8,5,0,0,0,1,1,4,1,18,4,125,1,1,3,1,3
2018420290482,1,9,0,18,0,2,1,0,0,0,1,1,5,1,19,4,1084,1,1,5,1,5
2018420290482,2,9,0,2,0,1,0,0,1,0,2,1,6,3,-1,-1,-1,-1,-1,-1,-1,-1
2018420290496,1,9,0,18,0,0,0,0,0,0,3,1,6,1,-1,-1,2171,1,17,-1,-1,-1
2018420290496,2,9,0,18,0,0,0,0,0,0,3,1,6,2,21,5,1229,1,12,3,1,3
2018420290508,1,9,0,18,0,0,0,4,0,0,1,1,5,2,42,7,1596,1,8,2,1,2
2018420290508,2,8,0,2,6,0,0,0,0,0,1,1,6,3,-1,-1,-1,-1,-1,-1,-1,-1
2018420290508,3,9,0,2,6,0,0,0,0,0,1,1,6,3,-1,-1,-1,-1,-1,-1,-1,-1
2018420290509,1,9,0,18,0,1,0,0,0,0,1,1,6,1,50,8,-1,-1,-1,-1,-1,-1
2018420290509,2,9,0,3,0,1,0,0,0,0,2,1,6,2,28,6,1598,1,9,3,1,3
2018420290517,1,9,0,18,0,1,0,0,0,0,1,1,6,1,-1,-1,-1,-1,-1,-1,-1,-1
2018420290517,2,9,0,3,0,4,0,0,0,0,2,1,6,2,59,9,1242,1,12,4,1,4
2018420290534,1,9,0,18,0,1,0,0,0,0,1,1,5,1,73,10,1461,2,6,3,1,3
2018420290535,1,9,0,16,0,3,1,0,0,0,1,1,6,1,38,7,1398,2,15,-1,-1,-1
2018420290535,2,9,0,4,0,1,0,0,1,0,3,1,6,2,29,6,1461,2,6,5,2,5
2018420290535,3,9,0,4,0,2,0,0,0,0,2,1,6,3,-1,-1,1560,2,12,-1,-1,-1
2018420290535,4,9,0,4,0,2,0,0,0,0,2,1,5,1,38,7,2143,2,1,5,2,5
2018420290541,1,5,0,18,0,1,2,0,0,0,4,1,6,1,24,5,656,1,7,5,1,5
2018420290541,2,9,0,2,0,1,0,0,0,0,1,1,6,3,-1,-1,-1,-1,-1,-1,-1,-1
2018420290543,1,9,0,18,0,0,0,0,0,0,1,1,5,1,34,6,1798,1,9,2,1,2
2018420290543,2,9,0,18,0,0,2,0,0,0,2,1,5,2,73,10,1998,1,19,9,1,9
2018420290546,1,9,0,18,0,0,0,0,0,0,1,1,5,2,54,8,1956,2,3,5,2,5
2018420290546,2,9,0,4,0,0,0,0,0,0,2,1,5,1,48,8,1560,2,5,3,1,3
2018420290546,3,9,0,4,0,0,0,0,0,0,1,1,5,1,53,8,1798,8,2,1,1,1
2018420290549,1,9,0,5,0,6,0,0,0,0,1,1,6,1,51,8,2979,1,17,5,1,5
2018420290549,2,9,0,5,0,1,0,0,0,0,3,1,5,1,70,10,998,1,3,5,1,5
2018420290561,1,9,0,9,0,6,0,0,0,0,1,1,2,1,32,6,1390,1,13,8,2,8
2018420290561,2,9,0,17,0,1,0,0,0,0,4,1,5,1,87,11,1587,1,12,9,2,9
2018420290566,1,9,0,18,0,4,0,0,0,0,1,1,2,2,38,7,1197,1,2,6,1,6
2018420290566,2,5,0,18,0,8,0,0,0,0,4,1,6,1,24,5,948,1,-1,10,2,10
2018420290569,1,9,0,6,0,2,0,0,0,0,3,1,2,1,22,5,1229,1,11,1,1,1
2018420290569,2,2,0,18,0,2,0,0,0,0,1,1,2,2,21,5,50,1,1,3,1,3
2018420290573,1,9,0,4,0,0,0,0,0,0,1,1,5,1,30,6,1998,1,14,4,1,4
2018420290573,2,9,0,4,0,0,0,0,0,0,2,1,5,1,27,6,1332,1,9,4,1,4
2018420290573,3,9,0,4,0,0,0,0,0,0,2,1,5,2,23,5,1598,1,4,2,1,2
2018420290573,4,9,0,4,0,0,0,0,0,0,2,1,5,1,20,4,1395,1,1,9,3,9
2018420290573,5,9,0,4,0,0,0,0,0,0,2,1,5,2,34,6,2993,2,3,9,1,9
2018420290576,1,9,0,13,0,0,0,0,0,0,1,1,6,3,-1,-1,-1,-1,-1,-1,-1,-1
2018420290576,2,2,0,18,0,0,0,0,0,0,3,1,5,1,17,4,50,1,1,6,1,6
2018420290578,1,9,0,18,0,0,0,0,0,0,1,1,5,1,82,11,1386,1,11,6,1,6
2018420290578,2,9,0,18,0,0,0,0,0,0,1,1,5,1,74,10,1198,1,3,6,1,6
2018420290581,1,9,0,9,0,5,0,0,0,0,1,1,5,1,26,6,1198,1,5,7,1,7
2018420290581,2,5,0,18,0,8,0,0,0,0,1,1,5,1,72,10,1157,1,12,5,1,5
2018420290588,1,9,0,14,0,0,0,0,0,0,1,1,5,1,33,6,1582,2,4,9,1,9
2018420290588,2,9,0,18,0,0,0,0,0,0,1,1,5,2,50,8,2143,2,2,3,1,3
2018420290589,1,9,0,18,0,2,0,0,0,0,1,1,5,1,25,5,1124,1,16,5,1,5
2018420290589,2,9,0,18,0,1,0,0,0,0,1,1,5,1,31,6,1995,2,6,4,1,4
2018420290589,3,9,0,3,0,1,0,0,0,0,3,1,5,1,31,6,1582,2,6,7,1,7
2018420290592,1,9,0,1,9,5,0,0,0,0,2,1,6,1,19,4,-1,-1,-1,7,3,7
2018420290592,2,9,0,2,9,1,0,0,0,0,1,1,1,1,29,6,1598,2,1,2,1,2
2018420290601,1,19,0,4,0,0,0,0,0,0,1,1,1,1,23,5,2198,2,4,8,2,8
2018420290601,2,5,0,4,0,0,0,0,0,0,1,1,5,1,69,10,1649,1,3,5,3,5
2018420290601,3,19,0,4,0,0,0,0,0,0,2,1,1,1,27,6,1968,2,8,9,1,9
2018420290606,1,9,0,18,0,0,0,0,0,0,1,1,6,2,42,7,1798,8,1,4,1,4
2018420290606,2,1,0,18,9,0,0,0,0,0,1,1,6,1,14,3,-1,-1,-1,2,1,2
2018420290609,1,9,0,18,0,1,0,0,0,0,1,1,6,1,61,9,1798,8,3,2,1,2
2018420290609,2,9,0,3,0,1,0,0,0,0,2,1,6,2,27,6,1997,2,2,3,1,3
2018420290610,1,9,0,18,0,0,0,0,0,0,1,1,5,1,59,9,1998,1,1,5,2,5
2018420290610,2,9,0,18,0,0,0,0,0,0,1,1,5,1,69,10,1998,1,16,2,1,2
2018420290610,3,9,0,18,0,0,0,0,0,0,1,1,5,1,27,6,1242,1,4,3,1,3
2018420290610,4,9,0,4,0,0,0,0,0,0,2,1,5,1,34,6,1395,1,-1,8,2,8
2018420290615,1,9,0,18,0,0,0,0,0,0,1,1,5,1,71,10,2198,2,6,8,1,8
2018420290615,2,9,0,18,0,0,0,0,0,0,2,1,5,1,63,9,898,1,2,3,1,3
2018420290616,1,9,0,4,0,2,0,1,0,0,1,1,5,1,30,6,1598,1,6,8,1,8
2018420290616,2,9,0,4,0,2,0,1,0,0,2,1,5,1,54,8,-1,-1,-1,2,1,2
2018420290616,3,9,0,4,0,2,0,0,0,0,2,1,5,1,57,9,1596,1,16,1,1,1
2018420290616,4,9,0,18,0,2,0,0,0,0,2,1,5,1,32,6,1560,2,6,6,1,6
2018420290617,1,9,0,12,0,0,0,0,0,0,1,1,5,2,27,6,1390,1,16,9,3,9
2018420290617,2,5,0,18,0,0,0,0,0,0,1,1,5,1,34,6,649,1,2,3,1,3
2018420290618,1,9,0,18,0,1,0,0,0,0,3,1,5,2,39,7,2204,2,12,5,1,5
2018420290620,1,9,0,12,0,3,0,0,0,0,3,1,6,2,51,8,1969,2,2,6,1,6
2018420290620,2,9,0,18,0,3,0,0,0,0,4,1,1,1,32,6,1248,2,-1,2,1,2
2018420290621,1,19,0,9,0,8,0,0,0,0,1,1,1,1,34,6,1598,2,1,9,1,9
2018420290621,2,9,0,18,0,1,0,0,0,0,1,1,5,2,50,8,1242,1,8,6,1,6
2018420290629,1,9,0,16,0,0,0,0,0,0,1,1,2,1,46,8,1896,2,13,1,1,1
2018420290629,2,9,0,17,0,0,0,0,0,0,1,1,2,1,51,8,1968,2,7,3,-1,3
2018420290736,1,3,0,13,0,0,0,0,0,0,1,1,6,1,39,7,125,1,3,4,1,4
2018420290736,2,9,0,18,0,0,0,0,0,0,2,1,2,1,64,9,2496,1,11,1,2,1
2018420290806,1,5,0,18,0,0,0,0,0,0,1,1,1,1,58,9,1157,1,20,4,1,4
2018420290806,2,9,0,18,0,0,0,0,0,0,4,1,1,1,33,6,1968,2,2,4,1,4
2018420290824,1,9,0,18,0,0,0,0,0,0,1,1,5,2,21,5,1198,1,4,7,1,7
2018420290824,2,9,0,18,0,0,0,0,0,0,2,1,6,1,32,6,-1,-1,-1,4,1,4
2018420290845,1,19,0,18,0,0,0,0,0,0,4,1,1,1,19,4,2198,2,2,6,2,6
2018420290845,2,1,0,18,0,0,0,0,0,0,2,1,2,1,38,7,-1,-1,-1,8,1,8
2018420290854,1,9,0,17,0,0,0,0,0,0,1,1,2,1,21,5,1388,1,15,7,1,7
2018420290854,2,21,1,2,0,0,0,0,0,0,2,1,6,3,-1,-1,-1,-1,-1,-1,-1,-1
2018420290860,1,9,0,18,0,1,0,0,0,0,1,1,5,2,42,7,1956,2,6,8,3,8
2018420290860,2,9,0,18,0,1,0,0,0,0,1,1,5,1,50,8,-1,-1,-1,-1,-1,-1
2018420290894,1,9,0,17,0,0,0,0,0,0,4,1,6,2,-1,-1,-1,-1,-1,-1,-1,-1
2018420290931,1,9,0,4,0,0,0,0,0,0,1,1,5,2,35,6,1499,2,3,8,1,8
2018420290931,2,9,0,4,0,0,0,0,0,0,2,1,5,1,38,7,1988,1,14,9,1,9
2018420290931,3,9,0,4,0,0,0,0,0,0,2,1,5,1,57,9,1198,1,3,7,1,7
2018420290955,1,5,0,17,0,0,0,0,0,0,1,1,5,1,56,9,961,1,-1,9,1,9
2018420290955,2,9,0,16,0,0,0,0,0,0,4,1,5,2,51,8,2497,2,12,7,3,7
2018420290958,1,9,0,4,0,1,0,0,0,0,1,1,5,2,69,10,1999,1,10,6,1,6
2018420290958,2,9,0,4,0,1,0,0,0,0,2,1,3,2,33,6,1560,2,5,6,1,6
2018420290966,1,9,0,18,0,8,0,0,0,0,3,1,2,2,58,9,1797,8,9,10,1,10
2018420290966,2,9,0,18,0,8,0,0,0,0,1,1,2,2,25,5,1229,1,13,4,1,4
2018420290975,1,1,0,9,0,1,0,0,0,0,1,1,5,1,10,2,-1,-1,-1,4,2,4
2018420290975,2,9,0,18,0,2,0,0,0,0,3,1,5,2,62,9,1598,2,6,6,3,6
2018420290977,1,19,0,11,0,1,0,10,0,0,4,1,6,1,23,5,1700,2,19,3,1,3
2018420290977,2,9,0,18,0,1,0,0,0,0,0,1,6,1,59,9,1395,1,-1,10,1,10
2018420290977,3,9,0,18,0,1,0,0,0,0,2,1,6,1,31,6,1198,1,2,9,1,9