Accident_Index,Vehicle_Reference,Vehicle_Type,Towing_and_Articulation,Vehicle_Manoeuvre,Vehicle_Location-Restricted_Lane,Junction_Location,Skidding_and_Overturning,Hit_Object_in_Carriageway,Vehicle_Leaving_Carriageway,Hit_Object_off_Carriageway,1st_Point_of_Impact,Was_Vehicle_Left_Hand_Drive?,Journey_Purpose_of_Driver,Sex_of_Driver,Age_of_Driver,Age_Band_of_Driver,Engine_Capacity_(CC),Propulsion_Code,Age_of_Vehicle,Driver_IMD_Decile,Driver_Home_Area_Type,Vehicle_IMD_Decile
2018420296324,1,9,0,9,0,2,0,0,0,0,1,1,6,1,25,5,1968,2,8,2,1,2
2018420296326,1,21,1,18,0,1,1,0,0,0,1,1,1,1,30,6,10837,2,5,4,1,4
2018420296326,2,9,0,4,0,1,0,0,0,0,2,1,1,2,56,9,2401,2,12,7,3,7
2018420296326,3,9,0,4,0,1,0,0,0,0,2,1,1,1,25,5,-1,-1,-1,8,-1,8
2018420296326,4,9,0,4,0,1,0,0,0,0,2,1,1,1,38,7,2982,2,6,7,3,7
2018420296350,1,98,1,12,0,0,0,0,0,0,0,1,6,3,-1,-1,-1,-1,-1,-1,-1,-1
2018420296350,2,9,0,18,0,0,0,0,1,7,1,1,5,2,31,6,1242,1,8,3,1,3
2018420296350,3,9,0,18,0,0,0,0,0,0,3,1,1,1,34,6,1999,2,1,3,1,3
2018420296364,1,9,0,14,0,0,0,0,7,11,1,1,5,2,22,5,1390,1,5,7,3,7
2018420296364,2,9,0,10,0,0,0,0,0,0,3,1,5,2,63,9,1999,2,-1,9,2,9
2018420296364,3,9,0,2,0,0,0,0,0,0,1,1,6,3,-1,-1,-1,-1,-1,-1,-1,-1
2018420296369,1,9,0,17,0,0,0,0,0,0,3,1,2,1,22,5,-1,-1,-1,9,1,9
2018420296369,2,9,0,16,0,0,0,0,0,0,3,1,6,1,51,8,2993,2,10,7,1,7
2018420296391,1,9,0,18,0,0,0,0,0,0,1,1,6,1,16,4,-1,-1,-1,-1,-1,-1
2018420296407,1,9,0,18,0,0,0,0,0,0,1,1,5,1,18,4,1968,2,1,7,3,7
2018420296407,2,9,0,18,0,0,0,0,0,0,1,1,5,1,19,4,1388,1,10,8,3,8
2018420296407,3,9,0,2,0,0,0,0,0,0,3,1,6,3,-1,-1,-1,-1,-1,-1,-1,-1
2018420296412,1,9,0,9,0,8,0,0,0,0,1,1,6,1,-1,-1,1984,1,-1,-1,-1,-1
2018420296412,2,9,0,18,0,1,0,0,0,0,1,1,5,2,34,6,1991,2,11,4,1,4
2018420296415,1,5,0,18,0,3,0,0,0,0,1,1,5,2,54,8,535,1,22,5,1,5
2018420296415,2,9,0,3,0,1,0,0,0,0,1,1,5,2,58,9,1597,2,4,7,3,7
2018420296422,1,9,0,5,0,1,0,0,0,0,1,1,2,1,37,7,1798,8,1,4,1,4
2018420296424,1,5,0,16,0,0,0,0,0,0,1,1,5,1,21,5,649,1,3,9,1,9
2018420296424,2,9,0,17,0,0,0,0,0,0,3,1,5,2,35,6,1686,2,7,3,1,3
2018420296427,1,90,0,9,0,0,0,0,7,10,1,1,5,1,33,6,660,1,16,7,1,7
2018420296435,1,9,0,9,0,8,0,0,0,0,3,1,5,2,37,7,2204,2,9,6,1,6
2018420296435,2,9,0,18,0,8,0,0,0,0,1,1,5,2,20,4,2143,2,3,4,1,4
2018420296444,1,9,0,18,0,6,0,0,0,0,1,1,6,1,-1,-1,1422,2,12,-1,-1,-1
2018420296444,2,9,0,18,0,1,0,0,0,0,2,1,2,1,44,7,1248,1,7,9,1,9
2018420296454,1,9,0,16,0,0,1,0,7,0,1,1,5,1,85,11,998,1,3,9,2,9
2018420296455,1,9,0,18,0,0,0,0,0,0,1,1,6,1,34,6,1968,2,10,9,1,9
2018420296455,2,9,0,18,0,0,0,0,0,0,2,1,6,2,29,6,1149,1,10,5,1,5
2018420296455,3,9,0,18,0,0,0,0,0,0,2,1,6,1,65,9,1997,1,12,2,1,2
2018420296460,1,9,0,18,0,3,0,0,0,0,1,1,2,1,48,8,1242,1,4,5,1,5
2018420296468,1,9,0,12,0,0,1,0,0,0,1,1,6,1,26,6,1388,1,11,9,1,9
2018420296473,1,3,0,18,9,1,0,0,0,0,1,1,6,1,25,5,-1,-1,-1,-1,-1,-1
2018420296473,2,1,0,18,9,1,0,0,0,0,3,1,5,1,8,2,-1,-1,-1,4,1,4
2018420296488,1,8,0,18,0,0,2,4,0,0,1,1,1,1,69,10,1686,2,4,9,2,9
2018420296488,2,9,0,2,0,0,0,4,0,0,1,1,6,3,-1,-1,-1,-1,-1,-1,-1,-1
2018420296490,1,9,0,17,0,0,1,0,1,0,1,1,6,1,57,9,1995,1,10,10,1,10
2018420296493,1,5,0,16,0,1,0,0,0,0,1,1,6,1,52,8,883,1,20,10,1,10
2018420296493,2,5,0,3,0,1,0,0,0,0,2,1,6,1,67,10,1200,5,14,10,1,10
2018420296500,1,9,0,17,0,0,0,0,1,0,1,1,5,1,77,11,1390,1,14,-1,-1,-1
2018420296500,2,9,4,17,0,0,3,10,7,0,1,1,2,1,40,7,-1,-1,-1,5,2,5
2018420296502,1,9,0,18,0,0,1,0,0,0,1,1,5,1,52,8,2685,2,15,3,1,3
2018420296502,2,9,0,2,0,0,1,0,0,0,1,1,6,3,-1,-1,-1,-1,-1,-1,-1,-1
2018420296502,3,9,0,2,0,0,1,0,0,0,1,1,6,3,-1,-1,-1,-1,-1,-1,-1,-1
2018420296502,4,9,0,2,0,0,0,0,0,0,1,1,6,3,-1,-1,-1,-1,-1,-1,-1,-1
2018420296507,1,9,0,18,0,0,0,0,0,0,1,1,5,1,35,6,1753,2,13,7,2,7
2018420296507,2,9,0,3,0,0,0,0,0,0,2,1,5,1,68,10,2993,2,7,7,1,7
2018420296508,1,9,0,15,0,0,1,0,2,9,1,1,6,1,25,5,1998,1,7,8,1,8
2018420296508,2,1,0,18,0,0,5,0,0,0,2,1,5,1,42,7,-1,-1,-1,9,1,9
2018420296510,1,9,0,18,0,0,0,0,0,0,1,1,5,1,86,11,1395,1,3,10,3,10
2018420296510,2,90,1,9,0,0,0,0,0,0,3,1,1,1,28,6,-1,-1,-1,1,1,1
2018420296511,1,9,0,18,0,0,0,0,0,0,1,1,6,3,-1,-1,-1,-1,-1,-1,-1,-1
2018420296513,1,9,0,15,0,8,0,0,1,0,1,1,6,1,60,9,1598,1,3,-1,-1,-1
2018420296513,2,9,0,4,0,8,0,0,0,0,1,1,5,1,30,6,1499,2,2,7,1,7
2018420296844,1,9,0,5,0,4,0,0,0,0,1,1,5,1,60,9,1995,2,10,9,2,9
2018420296844,2,9,0,3,0,4,0,0,0,0,2,1,5,2,40,7,2148,2,10,4,1,4
2018420296878,1,9,0,18,0,0,0,0,1,0,1,1,5,1,63,9,2494,8,2,4,1,4
2018420296878,2,9,0,2,0,0,0,0,0,0,2,1,6,3,-1,-1,-1,-1,-1,-1,-1,-1
2018420296900,1,9,0,18,0,0,0,0,0,0,4,1,5,1,53,8,1995,2,14,4,1,4
2018420296900,2,1,0,18,0,0,0,0,0,0,1,1,5,3,37,7,-1,-1,-1,3,1,3
2018420296907,1,9,0,5,0,6,0,0,0,0,1,1,6,1,40,7,1590,1,15,2,1,2
2018420296907,2,3,0,18,0,8,2,10,0,0,3,1,6,1,18,4,125,1,1,4,2,4
2018420297038,1,9,0,9,0,8,0,0,0,0,1,1,6,2,56,9,1598,1,1,6,1,6
2018420297038,2,1,0,18,0,8,0,0,0,0,3,1,6,1,57,9,-1,-1,-1,1,1,1
2018420297170,1,9,0,9,0,8,0,0,0,0,3,1,6,3,-1,-1,-1,-1,-1,-1,-1,-1
2018420297170,2,2,0,5,0,1,0,0,0,0,1,1,5,1,17,4,49,1,4,8,1,8
2018420297186,1,17,4,1,0,8,0,0,0,0,2,1,1,1,24,5,6788,2,3,6,3,6
2018420297186,2,3,0,3,0,1,5,0,0,0,1,1,2,1,19,4,124,1,15,6,3,6
2018420297209,1,19,0,4,0,0,0,0,0,0,1,1,1,1,29,6,2143,2,2,3,1,3
2018420297209,2,9,0,4,0,0,0,0,0,0,2,1,1,1,60,9,1598,2,3,9,2,9
2018420297209,3,9,0,4,0,0,0,0,0,0,2,1,5,2,42,7,2179,2,5,10,1,10
2018420297231,1,9,0,18,0,8,0,0,0,0,1,1,5,2,39,7,998,1,13,4,1,4
2018420297276,1,8,0,5,0,4,0,0,0,0,1,1,5,1,50,8,1461,2,2,4,1,4
2018420297276,2,9,0,16,0,3,0,0,0,0,3,1,5,1,77,11,1997,2,7,7,1,7
2018420297277,1,9,0,18,0,0,0,0,1,0,1,1,2,1,40,7,1999,1,5,8,3,8
2018420297277,2,9,0,18,0,0,0,0,1,4,1,1,5,1,76,11,1968,2,4,9,1,9
2018420297281,1,90,0,14,0,1,0,0,0,0,3,1,6,1,52,8,-1,-1,-1,5,3,5
2018420297281,2,1,0,7,0,8,5,0,0,0,1,1,5,1,48,8,-1,-1,-1,6,2,6
2018420297288,1,3,0,9,0,2,0,0,0,0,4,1,6,1,18,4,125,1,1,2,1,2
2018420297288,2,9,0,14,0,1,0,0,0,0,3,1,6,1,31,6,998,1,6,9,1,9
2018420297422,1,9,0,5,0,1,0,0,0,0,1,1,5,1,57,9,2993,2,8,3,1,3
2018420297482,1,9,0,5,0,4,0,0,0,0,3,1,5,2,57,9,1395,1,5,5,2,5
2018420297482,2,11,0,18,0,8,0,0,0,0,4,1,1,1,40,7,5132,2,3,7,2,7
2018420297565,1,9,0,18,0,0,0,0,0,0,1,1,2,1,28,6,1598,1,5,5,2,5
2018420297565,2,9,0,18,0,0,0,0,0,0,1,1,5,1,35,6,1598,1,14,-1,-1,-1
2018420297566,1,9,0,9,0,3,0,0,0,0,1,1,5,1,29,6,1108,1,12,2,1,2
2018420297566,2,9,0,7,0,3,0,0,0,0,4,1,2,1,24,5,1498,1,1,4,3,4
2018420297566,3,9,0,16,0,3,0,0,0,0,3,1,5,2,28,6,1461,2,9,7,1,7
2018420297796,1,1,0,18,0,2,0,0,0,0,1,1,6,1,-1,-1,-1,-1,-1,-1,-1,-1
2018420297822,1,9,0,6,0,0,1,0,0,0,3,1,5,2,58,9,1598,1,5,2,1,2
2018420297822,2,9,0,18,0,0,0,0,0,0,1,1,6,1,28,6,998,1,3,-1,-1,-1
2018420297857,1,9,0,18,0,0,0,0,0,0,1,1,5,2,35,6,2967,2,1,9,1,9
2018420297857,2,9,0,2,0,0,0,0,0,0,2,1,6,3,-1,-1,-1,-1,-1,-1,-1,-1
2018420297886,1,9,0,5,8,0,0,0,0,0,1,1,5,1,36,7,1598,1,17,3,1,3
2018420297886,2,1,0,16,0,0,0,0,0,0,1,1,5,1,50,8,-1,-1,-1,3,1,3
2018420297888,1,19,0,18,0,0,0,0,7,0,1,1,2,1,26,6,1686,2,11,7,2,7
2018420297888,2,19,0,18,0,0,0,0,1,0,3,1,1,1,49,8,1560,2,9,10,1,10
2018420297888,3,9,0,18,0,0,0,0,1,0,1,1,5,1,73,10,1598,1,8,5,1,5
2018420297921,1,9,0,9,0,5,0,0,0,0,1,1,5,1,42,7,1896,2,13,9,1,9
2018420297921,2,1,0,15,0,1,0,0,0,0,1,1,2,1,44,7,-1,-1,-1,1,1,1
2018420297922,1,5,0,17,0,0,2,0,2,0,1,1,5,1,27,6,1050,1,2,1,1,1
2018420297928,1,9,0,5,0,6,0,0,1,0,3,1,5,2,35,6,1596,1,12,9,2,9
2018420297928,2,9,0,18,0,1,1,0,1,0,1,1,2,1,29,6,1896,2,9,7,2,7
2018420297931,1,9,0,16,0,0,1,0,0,0,1,1,6,1,21,5,2494,1,20,5,1,5
2018420297931,2,9,0,4,0,0,0,0,0,0,1,1,6,2,46,8,1398,1,4,1,1,1
2018420297937,1,9,0,18,0,2,0,7,0,0,1,1,6,1,72,10,1240,1,8,9,1,9
2018420297942,1,9,0,5,0,4,0,0,0,0,3,1,5,2,36,7,1999,2,1,7,3,7
2018420297942,2,5,0,5,0,4,0,0,0,0,4,1,5,2,53,8,865,1,6,5,2,5
2018420297955,1,9,0,18,0,8,0,0,0,0,1,1,6,1,51,8,2993,2,1,9,1,9
2018420297955,2,9,0,9,0,8,0,0,0,0,3,1,5,2,23,5,1364,1,10,2,1,2
2018420297969,1,9,0,18,0,0,0,0,0,0,1,1,6,2,30,6,698,1,14,-1,-1,-1
2018420297969,2,9,0,18,0,0,0,0,0,0,1,1,2,2,58,9,1753,2,14,1,1,1
2018420297973,1,9,0,5,0,4,0,0,0,0,1,1,5,2,40,7,1596,1,14,7,1,7
2018420297973,2,9,0,5,0,4,0,0,0,0,2,1,5,1,43,7,1995,1,13,9,1,9
2018420297985,1,3,0,17,0,1,0,0,0,0,1,1,5,1,19,4,125,1,-1,2,1,2
2018420297991,1,9,0,18,0,1,0,0,0,0,1,1,6,1,82,11,1242,1,6,5,1,5
2018420297991,2,9,0,3,0,8,0,0,0,0,2,1,6,1,-1,-1,1997,1,14,-1,-1,-1
2018420297997,1,9,0,18,0,0,0,0,0,0,3,1,6,1,33,6,-1,-1,-1,8,3,8
2018420297997,2,9,0,18,0,0,0,0,0,0,4,1,6,1,59,9,1995,1,14,8,2,8
2018420297998,1,5,0,18,0,0,5,0,7,9,1,1,5,1,25,5,599,1,6,3,1,3
2018420297998,2,9,0,18,0,0,0,0,0,0,3,1,6,1,45,7,6208,1,10,3,1,3
2018420298003,1,9,0,18,0,8,0,0,3,4,1,1,6,1,29,6,1461,2,1,9,3,9
2018420298005,1,9,0,18,0,0,0,0,5,6,3,1,6,2,32,6,1598,1,12,4,1,4
2018420298126,1,8,0,18,0,0,0,0,0,0,2,1,6,1,28,6,2143,2,7,4,1,4
2018420298126,2,9,0,4,0,0,0,0,0,0,2,1,5,1,26,6,1560,2,14,8,1,8
2018420298207,1,9,0,16,0,1,0,0,0,0,1,1,2,2,30,6,1368,1,11,3,1,3
2018420298207,2,9,0,17,0,2,0,0,0,0,1,1,2,1,40,7,1984,1,1,2,1,2
2018420298233,1,19,0,18,0,0,1,0,0,0,1,1,1,1,57,9,2402,2,7,8,1,8
2018420298233,2,19,0,4,0,0,0,0,0,0,2,1,1,1,43,7,2143,2,3,10,1,10
2018420298233,3,19,0,4,0,0,0,0,0,0,2,1,1,1,41,7,2143,2,1,10,1,10
2018420298233,4,9,0,4,0,0,0,0,0,0,2,1,5,2,39,7,1582,2,6,5,1,5
2018420298256,1,19,0,18,0,0,0,0,0,0,1,1,6,1,22,5,1753,2,12,-1,-1,-1
2018420298256,2,9,0,3,0,0,0,0,0,0,2,1,6,1,40,7,2967,2,6,8,3,8
2018420298332,1,19,0,17,0,0,5,0,7,4,1,1,6,1,24,5,1997,2,7,-1,-1,-1
2018420298360,1,9,0,18,0,0,0,0,0,0,1,1,5,2,38,7,2497,1,23,1,1,1
2018420298360,2,9,0,3,0,0,0,0,0,0,2,1,2,2,38,7,1997,2,-1,5,1,5
2018420298365,1,9,0,18,0,0,0,0,0,0,1,1,5,1,40,7,1587,1,11,5,2,5
2018420298365,2,9,0,4,0,0,0,0,0,0,2,1,5,2,49,8,999,1,3,9,1,9
2018420298365,3,9,0,4,0,0,0,0,0,0,2,1,5,1,45,7,2993,2,3,5,1,5
2018420298536,1,2,0,16,0,0,2,0,0,0,3,1,6,1,16,4,49,1,1,6,1,6
2018420298536,2,9,0,17,0,0,0,0,0,0,1,1,6,1,51,8,4282,1,10,7,3,7
2018420298651,1,9,0,18,0,1,0,0,0,0,1,1,6,2,69,10,1242,1,2,6,3,6
2018420298651,2,1,0,18,9,1,0,0,0,0,3,1,2,2,18,4,-1,-1,-1,4,1,4
2018420298698,1,9,0,9,0,8,0,0,0,0,2,1,6,1,40,7,1995,2,3,6,1,6
2018420298698,2,9,0,9,0,8,0,0,0,0,1,1,6,1,54,8,1968,2,1,4,1,4
2018420298784,1,9,0,9,0,6,0,0,0,0,1,1,1,2,50,8,1596,1,10,1,1,1
2018420298784,2,98,0,18,0,8,0,0,0,0,4,1,1,1,53,8,-1,-1,-1,7,1,7
2018420298812,1,9,0,4,0,0,1,0,5,0,1,1,5,1,79,11,1798,1,13,3,1,3
2018420298812,2,9,0,18,0,0,0,0,0,0,3,1,6,1,47,8,2401,2,10,7,1,7
2018420298816,1,9,0,7,0,0,0,0,0,0,3,1,6,2,53,8,998,1,1,6,3,6
2018420298816,2,3,0,18,0,0,0,0,0,0,1,1,6,1,17,4,125,1,-1,4,1,4
2018420298818,1,9,0,4,0,1,0,0,0,0,0,1,5,1,33,6,1896,2,17,7,2,7
2018420298818,2,9,0,18,0,1,1,0,0,0,0,1,6,1,25,5,-1,-1,-1,-1,-1,-1
2018420298818,3,9,0,18,0,1,1,10,0,0,1,1,5,1,19,4,1798,1,9,8,2,8
2018420298948,1,9,0,5,0,0,0,0,0,0,3,1,6,2,34,6,1995,2,1,9,1,9
2018420298948,2,5,0,13,0,0,0,0,0,0,1,1,6,1,44,7,600,1,12,2,1,2
2018420299105,1,9,0,18,0,8,0,0,0,0,1,1,5,1,86,11,998,1,10,10,1,10
2018420299105,2,9,0,5,0,8,5,0,0,0,4,1,5,1,71,10,1198,1,3,5,1,5
2018420299105,3,9,0,18,0,8,0,0,0,0,3,1,5,1,61,9,-1,-1,-1,9,1,9
2018420299196,1,11,0,14,0,1,0,0,0,0,1,1,1,1,51,8,8268,2,17,1,1,1
2018420299196,2,9,0,9,0,6,0,0,0,0,1,1,5,1,31,6,1598,2,7,8,1,8
2018420299215,1,11,0,4,0,0,0,0,0,0,1,1,1,1,57,9,5132,2,3,4,1,4
2018420299218,1,9,0,18,0,0,0,0,0,0,1,1,5,1,62,9,1363,2,13,7,2,7
2018420299223,1,9,0,18,0,0,0,0,0,0,1,1,5,1,22,5,2793,1,19,5,1,5
2018420299223,2,9,0,18,0,0,0,0,0,0,2,1,5,1,37,7,1995,2,1,3,1,3
2018420299258,1,21,0,17,0,3,5,0,1,0,4,1,1,1,43,7,10837,2,1,5,3,5
2018420299262,1,21,1,5,0,4,0,0,0,0,1,1,1,1,32,6,12902,2,5,7,2,7
2018420299262,2,9,0,3,0,4,0,0,0,0,2,1,6,2,22,5,1242,1,12,2,1,2
2018420299279,1,9,0,14,0,0,0,0,0,0,4,1,6,1,60,9,2179,2,8,-1,-1,-1
2018420299279,2,9,0,7,0,0,0,0,0,0,3,1,6,1,47,8,1968,2,3,1,1,1
2018420299358,1,5,0,7,0,3,0,0,0,0,4,1,2,1,28,6,-1,-1,-1,10,1,10
2018420299358,2,9,0,9,0,8,0,0,0,0,3,1,2,1,57,9,1598,1,7,9,2,9
2018420299519,1,9,0,18,0,0,0,0,0,0,4,1,6,1,60,9,-1,-1,-1,5,1,5
2018420299519,2,1,0,18,0,0,0,0,0,0,3,1,6,1,72,10,-1,-1,-1,3,1,3
2018420299519,3,9,0,18,0,0,0,0,0,0,0,1,6,3,-1,-1,-1,-1,-1,-1,-1,-1
2018420299542,1,9,0,18,0,0,1,0,0,0,1,1,5,1,48,8,1799,1,7,5,1,5
2018420299542,2,9,0,18,0,0,0,0,0,0,2,1,6,2,49,8,1242,1,10,4,1,4
2018420299542,3,9,0,10,0,0,0,0,0,0,0,1,4,2,37,7,1499,1,1,10,1,10
2018420299588,1,1,0,18,0,2,2,0,0,0,1,1,5,1,47,8,-1,-1,-1,6,2,6
2018420299588,2,19,0,18,0,1,0,0,0,0,1,1,5,1,57,9,1598,2,1,7,3,7
2018420299595,1,2,0,18,0,8,2,4,0,0,1,1,5,1,33,6,49,1,4,1,1,1
2018420299595,2,9,0,2,0,8,0,0,0,0,2,1,6,3,-1,-1,-1,-1,-1,-1,-1,-1
2018420299596,1,9,0,18,0,0,1,0,1,3,2,1,6,1,21,5,1796,1,25,7,3,7
2018420299603,1,9,0,17,0,0,5,0,2,3,1,1,5,1,25,5,998,1,4,10,2,10
2018420299629,1,19,0,18,0,0,0,0,0,0,4,1,1,1,27,6,2402,2,7,1,1,1
2018420299629,2,9,4,18,0,0,3,0,2,0,3,1,1,1,24,5,2494,2,6,5,1,5
2018420299629,3,9,0,18,0,0,0,0,0,0,3,1,2,1,51,8,3456,8,5,3,1,3
2018420299685,1,9,0,5,0,4,0,0,0,0,1,1,6,1,42,7,-1,-1,-1,-1,-1,-1
2018420299685,2,98,0,5,0,4,0,0,0,0,3,1,1,1,50,8,-1,-1,-1,-1,-1,-1
2018420299686,1,19,0,4,0,1,0,0,0,0,1,1,6,1,48,8,1968,2,6,7,1,7
2018420299686,2,9,0,3,0,1,0,0,0,0,2,1,4,2,43,7,1560,2,3,7,3,7
2018420299773,1,9,0,5,0,0,0,0,0,0,1,1,6,1,27,6,1198,1,5,8,1,8
2018420299773,2,9,0,5,0,0,0,0,0,0,2,1,6,1,-1,-1,1997,1,-1,4,1,4
2018420299848,1,22,0,5,9,1,0,0,0,0,1,1,6,2,73,10,-1,-1,-1,-1,-1,-1
2018420299886,1,3,0,13,0,0,0,0,0,0,0,1,6,1,54,8,124,1,1,7,3,7
2018420299886,2,9,0,9,0,0,0,0,0,0,3,1,6,1,53,8,1985,1,19,2,1,2
2018420299910,1,9,0,4,0,1,0,0,0,0,1,1,5,1,84,11,1896,2,12,3,3,3
2018420299910,2,9,0,10,0,1,0,0,0,0,2,1,5,2,34,6,1388,1,10,7,1,7
2018420299938,1,21,0,4,0,1,1,0,0,0,1,1,5,1,45,7,-1,-1,-1,4,3,4
2018420299938,2,9,0,3,0,1,0,0,0,0,2,1,5,2,26,6,1360,1,14,4,1,4
2018420299938,3,9,0,3,0,1,0,0,0,0,2,1,5,2,61,9,998,1,18,4,1,4
2018420299938,4,9,0,18,0,2,0,0,0,0,1,1,5,1,75,10,1998,2,12,1,1,1
2018420299938,5,21,0,10,0,1,0,0,0,0,0,1,1,2,20,4,-1,-1,-1,7,1,7
2018420299951,1,9,0,18,0,2,0,0,0,0,4,1,5,2,21,5,1390,1,6,1,1,1
2018420299959,1,9,0,18,0,0,0,0,0,0,1,1,5,1,73,10,1395,1,1,8,3,8
2018420299959,2,9,0,4,0,0,0,0,0,0,2,1,5,1,27,6,1229,1,5,6,1,6
2018420299962,1,9,0,16,0,0,0,0,7,0,1,1,5,1,27,6,-1,-1,-1,6,3,6
2018420299963,1,9,0,18,0,0,0,0,7,3,1,1,5,1,36,7,-1,-1,-1,6,3,6
2018420300018,1,9,0,9,0,6,0,0,0,0,0,1,1,1,75,10,1598,2,3,1,1,1
2018420300018,2,5,0,18,0,1,1,0,1,0,3,1,6,1,32,6,599,1,12,3,1,3
2018420300035,1,9,0,17,0,1,2,10,2,0,4,1,5,1,26,6,1995,2,1,9,1,9
2018420300042,1,9,0,18,0,0,2,0,1,0,4,1,5,2,17,4,1242,1,5,10,3,10
2018420300057,1,9,0,6,0,0,0,0,0,0,3,1,5,1,30,6,1796,1,15,7,1,7
2018420300057,2,3,0,14,0,0,5,0,0,0,4,1,5,1,52,8,125,1,3,7,1,7
2018420300063,1,9,0,13,0,0,0,0,0,0,1,1,5,1,19,4,1968,2,4,5,3,5
2018420300063,2,9,0,14,0,0,0,0,0,0,2,1,5,1,37,7,1596,1,12,5,1,5
2018420300064,1,9,0,5,0,8,0,0,0,0,1,1,5,1,18,4,1499,2,-1,4,1,4
2018420300064,2,9,0,18,0,1,0,0,0,0,1,1,5,2,78,11,998,1,10,7,3,7
2018420300072,1,9,0,18,0,1,0,0,0,0,1,1,5,1,46,8,3301,1,12,3,1,3
2018420300072,2,9,0,18,0,6,0,0,0,0,2,1,5,1,62,9,1598,1,12,3,1,3
2018420300079,1,9,0,18,0,2,0,0,0,0,3,1,6,2,32,6,1598,1,13,3,1,3
2018420300079,2,9,0,18,0,2,0,0,0,0,3,1,5,1,45,7,1364,1,-1,4,1,4
2018420300099,1,9,0,18,0,0,0,0,0,0,0,1,6,2,30,6,2720,2,14,8,2,8
2018420300099,2,1,0,18,0,0,0,0,0,0,0,1,6,2,7,2,-1,-1,-1,6,2,6
2018420300255,1,9,0,5,0,2,0,0,0,0,3,2,6,1,63,9,1999,1,14,9,1,9
2018420300255,2,9,0,18,0,1,0,0,0,0,4,1,6,2,39,7,1395,1,1,7,3,7
2018420300323,1,9,0,18,0,0,0,0,0,0,1,1,6,3,-1,-1,-1,-1,-1,-1,-1,-1
2018420300323,2,9,0,3,0,0,0,0,0,0,2,1,6,1,37,7,1560,2,7,6,1,6
2018420300348,1,19,0,4,0,0,0,0,0,0,2,1,1,1,57,9,2999,2,2,4,1,4
2018420300348,2,19,0,16,0,0,0,0,0,0,1,1,1,1,28,6,2198,2,2,8,1,8
2018420300361,1,9,0,3,0,1,0,0,0,0,2,1,5,2,48,8,1781,1,16,1,1,1
2018420300361,2,9,0,4,0,1,0,0,0,0,1,1,6,2,39,7,4806,1,8,2,1,2
2018420300365,1,9,0,5,0,6,0,0,0,0,1,1,2,1,43,7,1598,1,11,2,1,2
2018420300365,2,1,0,17,0,2,5,0,0,0,2,1,6,2,48,8,-1,-1,-1,4,1,4
2018420300370,1,98,0,18,0,0,0,0,0,0,4,1,1,1,47,8,-1,-1,-1,7,1,7
2018420300370,2,9,0,18,0,0,0,0,0,0,2,1,5,1,78,11,1999,1,14,7,1,7
2018420300372,1,3,0,18,0,8,0,0,0,0,1,1,6,1,19,4,125,1,5,4,1,4
2018420300372,2,9,0,9,0,8,0,0,0,0,4,1,2,1,58,9,-1,-1,-1,6,1,6
2018420300376,1,9,0,18,0,0,0,0,0,0,1,1,2,2,17,4,1242,1,9,8,1,8
2018420300376,2,9,0,4,0,0,0,0,0,0,1,1,6,1,41,7,2402,2,10,9,3,9
2018420300379,1,9,0,15,0,1,0,0,0,0,4,1,2,1,33,6,1753,2,10,5,2,5
2018420300379,2,9,0,18,0,1,5,0,1,0,3,1,5,1,63,9,-1,-1,-1,1,1,1
2018420300383,1,5,0,6,0,0,5,0,0,0,3,1,5,1,37,7,1170,1,-1,10,2,10
2018420300383,2,9,0,18,0,0,0,0,0,0,1,1,5,2,66,10,1796,1,15,3,1,3
2018420300394,1,9,0,18,0,0,2,0,1,0,1,1,5,1,23,5,1595,1,28,10,3,10
2018420300533,1,9,0,17,0,1,0,0,0,0,1,1,6,3,-1,-1,-1,-1,-1,-1,-1,-1
2018420300533,2,9,0,17,0,1,0,0,0,0,0,1,6,3,-1,-1,-1,-1,-1,-1,-1,-1
2018420300601,1,19,0,18,0,2,0,0,0,0,2,1,6,1,31,6,1995,2,-1,4,1,4
2018420300601,2,8,0,4,0,2,0,0,0,0,2,1,6,1,64,9,1997,2,8,1,1,1
2018420300601,3,9,0,4,0,2,0,0,0,0,2,1,6,2,39,7,1679,1,16,8,1,8
2018420300601,4,9,0,4,0,2,0,0,0,0,2,1,6,1,-1,-1,1753,2,19,-1,-1,-1
2018420300633,1,19,0,18,0,1,0,0,0,0,1,1,5,1,63,9,2198,2,4,7,1,7
2018420300722,1,9,0,2,0,0,0,0,0,0,3,1,5,2,65,9,1596,1,13,2,1,2
2018420300722,2,9,0,2,0,0,0,0,0,0,4,1,6,3,-1,-1,-1,-1,-1,-1,-1,-1
2018420300758,1,9,0,5,0,4,0,0,0,0,3,1,5,1,60,9,1598,1,12,10,1,10
2018420300758,2,1,0,18,0,8,0,0,0,0,1,1,6,1,48,8,-1,-1,-1,6,1,6
2018420300764,1,9,0,18,0,2,0,0,0,0,3,1,5,2,69,10,998,1,5,10,1,10
2018420300764,2,9,0,3,0,1,0,0,0,0,3,1,5,1,50,8,1796,1,17,7,3,7
2018420300765,1,9,0,10,0,1,0,0,0,0,3,1,5,2,61,9,1560,2,-1,6,1,6