Accident_Index,Vehicle_Reference,Vehicle_Type,Towing_and_Articulation,Vehicle_Manoeuvre,Vehicle_Location-Restricted_Lane,Junction_Location,Skidding_and_Overturning,Hit_Object_in_Carriageway,Vehicle_Leaving_Carriageway,Hit_Object_off_Carriageway,1st_Point_of_Impact,Was_Vehicle_Left_Hand_Drive?,Journey_Purpose_of_Driver,Sex_of_Driver,Age_of_Driver,Age_Band_of_Driver,Engine_Capacity_(CC),Propulsion_Code,Age_of_Vehicle,Driver_IMD_Decile,Driver_Home_Area_Type,Vehicle_IMD_Decile
2018420305210,2,9,0,18,0,1,0,0,1,0,3,1,6,1,66,10,1995,2,7,7,3,7
2018420305211,1,3,0,18,0,0,0,0,1,0,1,1,6,1,27,6,125,1,7,2,1,2
2018420305215,1,9,0,16,0,0,0,0,1,3,1,1,5,1,60,9,2300,1,39,3,1,3
2018420305216,1,21,1,18,0,0,5,4,1,1,1,1,1,1,42,7,11946,2,7,10,1,10
2018420305216,2,19,0,2,6,0,0,0,0,0,2,1,5,2,51,8,2148,2,11,8,1,8
2018420305217,1,9,0,13,0,2,5,7,1,1,1,1,5,2,44,7,1388,1,7,7,3,7
2018420305217,2,1,0,18,0,8,0,0,0,0,3,1,6,1,37,7,-1,-1,-1,7,1,7
2018420305227,1,9,0,4,0,1,0,0,0,0,1,1,6,2,53,8,1753,2,11,3,1,3
2018420305227,2,9,0,4,0,1,0,0,0,0,2,1,6,2,30,6,1398,1,4,6,1,6
2018420305246,1,9,0,9,0,2,0,0,0,0,1,1,6,1,34,6,1968,2,8,6,1,6
2018420305276,1,9,0,13,0,0,0,0,0,0,4,1,6,3,-1,-1,1240,1,12,-1,-1,-1
2018420305276,2,9,0,18,0,0,0,0,0,0,3,1,5,1,21,5,1499,2,4,4,1,4
2018420305282,1,9,0,18,0,1,0,0,0,0,4,1,5,2,22,5,1388,1,9,7,3,7
2018420305282,2,1,0,18,0,1,5,0,0,0,1,1,5,1,44,7,-1,-1,-1,3,1,3
2018420305360,1,9,0,10,0,8,0,0,0,0,1,1,6,1,-1,-1,1368,1,7,2,1,2
2018420305360,2,9,0,10,0,1,0,0,0,0,2,1,6,1,45,7,1596,1,4,10,3,10
2018420305565,1,9,0,4,0,1,0,0,0,0,1,1,5,1,81,11,1199,1,16,2,1,2
2018420305581,1,9,0,6,0,2,0,0,0,0,3,1,5,1,64,9,1997,2,14,1,1,1
2018420305581,2,5,0,4,0,2,1,0,0,0,3,1,5,1,52,8,590,1,19,7,1,7
2018420305610,1,9,0,16,0,0,0,0,0,0,1,1,2,1,32,6,2148,2,9,1,1,1
2018420305610,2,9,0,2,0,0,0,0,0,0,0,1,6,3,-1,-1,-1,-1,-1,-1,-1,-1
2018420305625,1,9,0,8,0,3,0,0,0,0,1,1,2,1,34,6,1968,2,5,4,1,4
2018420305625,2,9,0,18,0,4,5,0,0,0,4,1,2,2,38,7,1229,1,6,6,1,6
2018420305629,1,3,0,13,0,2,2,0,0,0,1,1,5,1,23,5,125,1,9,9,2,9
2018420305629,2,1,0,9,0,2,2,0,0,0,3,1,5,1,53,8,-1,-1,-1,5,3,5
2018420305629,3,9,0,8,0,1,0,0,0,0,0,1,5,1,20,4,1998,2,4,10,1,10
2018420305633,1,9,0,18,0,2,0,0,0,0,1,1,5,2,70,10,998,1,2,7,3,7
2018420305633,2,9,0,18,0,1,0,0,0,0,1,1,5,2,25,5,1598,2,5,7,2,7
2018420305635,1,9,0,18,0,8,0,0,0,0,3,1,6,1,20,4,1388,1,14,5,1,5
2018420305635,2,9,0,11,0,3,0,0,0,0,4,1,6,2,44,7,1390,1,4,-1,-1,-1
2018420305663,1,9,0,5,0,4,0,0,0,0,1,1,2,1,43,7,1796,1,4,2,1,2
2018420305663,2,1,0,18,0,8,0,0,0,0,4,1,6,1,59,9,-1,-1,-1,4,2,4
2018420305684,1,19,0,18,0,0,0,0,0,0,1,1,6,3,-1,-1,2402,2,16,-1,-1,-1
2018420305684,2,9,0,4,0,0,0,0,0,0,2,1,6,2,69,10,1598,1,5,5,1,5
2018420305735,1,9,0,18,0,0,0,0,0,0,1,1,2,1,53,8,1499,2,2,6,1,6
2018420305735,2,9,0,18,0,0,0,0,0,0,2,1,2,2,32,6,1984,1,17,6,1,6
2018420305735,3,9,0,18,0,0,0,0,0,0,2,1,2,2,41,7,1598,1,14,8,1,8
2018420305863,1,3,0,16,0,0,5,10,7,0,3,1,6,1,48,8,124,1,16,3,1,3
2018420305894,1,1,0,18,0,2,0,4,0,0,1,1,6,1,19,4,-1,-1,-1,8,1,8
2018420305894,2,9,0,2,0,1,0,0,0,0,2,1,6,3,-1,-1,-1,-1,-1,-1,-1,-1
2018420305895,1,9,0,1,7,0,0,0,0,0,2,1,1,1,37,7,1149,1,20,2,1,2
2018420305895,2,19,0,18,0,0,0,0,0,0,1,1,1,1,54,8,2298,2,3,7,1,7
2018420305895,3,9,0,18,0,0,0,0,0,0,0,1,6,3,-1,-1,-1,-1,-1,-1,-1,-1
2018420305926,1,9,0,16,0,0,0,0,7,0,3,1,5,1,20,4,998,1,1,4,1,4
2018420305926,2,21,0,18,0,0,0,0,0,0,3,1,1,1,25,5,8710,2,3,3,1,3
2018420305927,1,3,0,4,0,4,0,0,0,0,4,1,1,1,28,6,108,1,3,6,1,6
2018420305927,2,9,0,4,0,4,0,0,0,0,3,1,6,3,16,4,-1,-1,-1,-1,-1,-1
2018420305941,1,8,0,18,0,8,0,0,0,0,1,1,1,1,36,7,1598,2,6,4,1,4
2018420305941,2,9,0,5,0,8,0,0,0,0,3,1,6,2,79,11,1596,1,16,-1,-1,-1
2018420305942,1,9,0,18,0,1,0,0,7,0,1,1,5,1,72,10,1998,1,13,9,1,9
2018420305942,2,9,0,18,0,1,0,0,0,0,1,1,5,2,52,8,1499,2,3,4,1,4
2018420305943,1,3,0,18,0,0,2,0,0,0,4,1,2,1,26,6,125,1,2,7,2,7
2018420305943,2,1,0,9,0,0,2,0,0,0,3,1,5,1,16,4,-1,-1,-1,4,1,4
2018420305944,1,9,0,18,0,1,0,7,0,0,1,1,5,1,65,9,1968,2,11,1,1,1
2018420306053,1,9,0,18,0,1,0,0,0,0,1,1,1,1,23,5,1998,1,14,4,1,4
2018420306053,2,9,0,18,0,1,0,0,0,0,2,1,5,1,63,9,1248,1,1,4,1,4
2018420306053,3,9,0,18,0,2,0,0,0,0,3,1,5,2,37,7,1598,1,3,5,1,5
2018420306087,1,9,0,3,0,0,0,0,0,0,1,1,2,1,47,8,2967,2,4,2,1,2
2018420306087,2,9,0,3,0,0,0,0,0,0,2,1,6,1,19,4,1149,1,14,10,1,10
2018420306087,3,9,0,3,0,0,0,0,0,0,2,1,6,1,31,6,2143,2,4,2,1,2
2018420306146,1,4,0,14,0,1,0,0,0,0,1,1,2,1,28,6,471,1,5,8,1,8
2018420306146,2,9,0,10,0,1,0,0,0,0,3,1,2,1,29,6,1995,2,7,-1,3,-1
2018420306160,1,9,0,17,0,0,2,0,1,0,1,1,6,1,17,4,1242,1,9,6,1,6
2018420306203,1,9,0,18,0,0,0,0,0,0,1,1,6,2,32,6,1242,1,2,5,1,5
2018420306203,2,19,0,10,0,0,0,0,0,0,2,1,6,1,56,9,1461,2,12,5,1,5
2018420306230,1,9,0,18,0,1,0,0,0,0,3,1,5,1,22,5,1596,1,8,5,1,5
2018420306235,1,9,0,18,0,0,0,0,0,0,1,1,2,1,40,7,1753,2,12,5,1,5
2018420306235,2,9,0,18,0,0,0,0,0,0,1,1,1,2,59,9,2993,2,3,4,1,4
2018420306237,1,9,0,13,0,0,0,0,0,0,1,1,6,3,-1,-1,1595,1,-1,-1,-1,-1
2018420306237,2,9,0,4,0,0,0,0,0,0,2,1,5,2,23,5,998,1,8,3,1,3
2018420306237,3,9,0,18,0,0,0,0,0,0,0,1,1,1,37,7,1560,2,4,8,1,8
2018420306246,1,9,0,16,0,0,0,0,0,0,1,1,5,1,54,8,2494,1,17,1,1,1
2018420306246,2,9,0,18,0,0,0,0,7,0,1,1,5,1,24,5,1590,1,17,6,1,6
2018420306253,1,9,0,18,0,0,0,4,0,0,1,1,5,1,41,7,1986,2,12,7,2,7
2018420306253,2,9,0,2,0,0,0,0,0,0,3,1,6,3,-1,-1,-1,-1,-1,-1,-1,-1
2018420306253,3,9,0,2,0,0,0,4,0,0,2,1,6,3,-1,-1,-1,-1,-1,-1,-1,-1
2018420306253,4,9,0,2,0,0,0,0,0,0,2,1,6,3,-1,-1,-1,-1,-1,-1,-1,-1
2018420306257,1,5,0,18,0,0,0,0,0,0,1,1,5,1,20,4,599,1,18,6,1,6
2018420306257,2,9,0,4,0,0,0,0,0,0,2,1,5,2,24,5,1199,1,-1,8,1,8
2018420306276,1,9,0,18,0,0,0,0,0,0,1,1,6,1,31,6,1242,1,10,1,1,1
2018420306276,2,21,1,18,0,0,0,0,0,0,2,1,1,1,43,7,12740,2,3,6,2,6
2018420306332,1,10,0,18,0,0,0,0,1,0,1,1,1,1,38,7,2402,2,15,1,1,1
2018420306332,2,9,0,2,6,0,0,0,0,0,2,1,5,2,40,7,2982,2,21,9,1,9
2018420306340,1,3,0,18,0,0,0,0,0,0,1,1,6,1,51,8,124,1,12,5,1,5
2018420306340,2,9,0,2,0,0,0,0,0,0,2,1,6,2,27,6,1353,1,-1,5,1,5
2018420306358,1,9,0,5,0,4,0,0,0,0,1,1,5,2,82,11,1360,1,13,10,1,10
2018420306358,2,9,0,7,0,3,0,0,0,0,4,1,5,1,47,8,1997,2,11,-1,-1,-1
2018420306389,1,17,0,18,5,0,0,0,0,0,1,1,1,1,22,5,3621,2,4,8,3,8
2018420306389,2,9,0,18,0,0,0,0,0,0,1,1,5,1,73,10,1999,1,16,10,3,10
2018420306393,1,9,0,4,0,1,0,0,0,0,2,1,5,1,38,7,1968,2,11,3,1,3
2018420306393,2,9,0,4,0,1,0,0,0,0,2,1,5,2,34,6,1560,2,13,3,1,3
2018420306393,3,9,0,4,0,1,0,0,0,0,1,1,5,1,47,8,1390,1,6,8,1,8
2018420306399,1,9,0,13,0,0,1,0,1,1,1,1,6,1,25,5,1781,1,22,2,1,2
2018420306403,1,9,0,10,0,1,0,0,0,0,4,1,6,1,81,11,1248,1,4,9,2,9
2018420306403,2,9,0,18,0,1,0,0,0,0,1,1,6,1,37,7,1999,1,12,7,1,7
2018420306419,1,9,0,18,0,0,0,0,0,0,1,1,6,1,29,6,-1,-1,-1,2,1,2
2018420306419,2,9,0,4,0,0,0,0,0,0,2,1,6,1,39,7,-1,-1,-1,3,1,3
2018420306419,3,9,0,4,0,0,0,0,0,0,2,1,6,1,19,4,1242,1,3,7,3,7
2018420306419,4,9,0,4,0,0,0,0,0,0,2,1,5,2,35,6,2143,2,3,4,1,4
2018420306423,1,3,0,18,0,4,0,0,0,0,0,1,2,1,43,7,124,1,-1,8,1,8
2018420306423,2,98,0,18,0,2,0,0,0,0,2,1,6,3,-1,-1,-1,-1,-1,-1,-1,-1
2018420306424,1,9,0,4,0,0,0,0,0,0,3,1,6,1,28,6,1753,2,9,3,1,3
2018420306424,2,1,0,18,0,0,0,0,7,0,3,1,6,1,35,6,-1,-1,-1,-1,-1,-1
2018420306540,1,9,0,18,0,3,0,0,0,0,0,1,6,3,-1,-1,-1,-1,-1,-1,-1,-1
2018420306540,2,11,0,18,0,4,0,0,0,0,0,1,1,1,56,9,5850,2,16,7,1,7
2018420306559,1,19,0,18,0,0,0,0,0,0,0,1,6,3,50,8,-1,-1,-1,-1,-1,-1
2018420306559,2,9,0,18,0,0,0,0,0,0,1,1,1,2,25,5,1149,1,7,7,1,7
2018420306559,3,9,0,18,0,0,0,0,0,0,2,1,1,1,20,4,-1,-1,-1,7,1,7
2018420306585,1,19,0,1,0,0,0,0,0,0,2,1,6,1,34,6,2198,2,6,9,1,9
2018420306585,2,9,0,2,0,0,0,0,0,0,1,1,6,3,-1,-1,-1,-1,-1,-1,-1,-1
2018420306602,1,19,0,9,0,0,0,0,0,0,1,1,1,1,35,6,1248,2,8,4,1,4
2018420306602,2,3,0,18,0,0,2,0,7,4,1,1,5,1,18,4,124,1,4,9,1,9
2018420306602,3,9,0,3,0,0,0,0,0,0,1,1,6,1,19,4,1229,1,4,9,3,9
2018420306611,1,9,0,18,0,0,0,0,0,0,1,1,2,1,32,6,1798,8,2,4,1,4
2018420306611,2,19,0,4,0,0,0,0,0,0,2,1,1,1,49,8,2198,2,4,3,1,3
2018420306611,3,21,0,4,0,0,0,1,0,0,1,1,1,1,36,7,10837,2,4,3,1,3
2018420306618,1,9,0,16,0,0,0,0,0,0,3,1,6,1,88,11,1242,1,10,8,2,8
2018420306618,2,9,0,18,0,0,0,0,0,0,3,1,6,1,42,7,-1,-1,-1,6,1,6
2018420306618,3,9,0,18,0,0,0,0,0,0,3,1,6,2,41,7,1997,2,2,7,2,7
2018420306618,4,9,0,18,0,0,0,0,0,0,1,1,2,1,35,6,2967,2,13,3,1,3
2018420306640,1,9,0,7,0,0,0,0,0,0,1,1,6,2,-1,-1,2993,2,10,9,1,9
2018420306640,2,9,0,9,0,0,0,0,0,0,3,1,5,2,19,4,1199,1,15,9,1,9
2018420306701,1,9,0,18,0,8,2,0,0,0,3,1,5,1,19,4,1242,1,12,4,1,4
2018420306725,1,11,0,18,0,0,0,0,0,0,1,1,1,1,49,8,8900,2,2,2,1,2
2018420306725,2,90,0,2,6,0,0,0,0,0,2,1,1,1,56,9,-1,-1,-1,3,1,3
2018420306731,1,9,0,17,0,0,0,0,0,0,3,1,6,2,68,10,2497,2,9,10,2,10
2018420306731,2,9,0,4,0,0,0,0,0,0,3,1,3,1,50,8,2993,2,11,10,2,10
2018420306737,1,9,0,18,0,6,0,0,0,0,1,1,5,2,58,9,1197,1,3,5,1,5
2018420306737,2,9,0,18,0,1,0,0,0,0,1,1,5,1,45,7,1968,2,1,5,2,5
2018420306738,1,9,0,18,0,0,0,0,0,0,4,1,5,1,71,10,1995,2,1,-1,-1,-1
2018420306747,1,5,0,18,0,1,1,11,0,0,1,1,6,1,44,7,806,1,-1,3,1,3
2018420306747,2,1,0,18,0,1,0,0,7,10,2,1,6,1,13,3,-1,-1,-1,7,1,7
2018420306747,3,9,0,2,9,1,0,0,0,0,3,1,6,3,-1,-1,-1,-1,-1,-1,-1,-1
2018420306749,1,9,0,9,0,8,0,0,0,0,1,1,5,1,83,11,1240,1,8,6,3,6
2018420306749,2,1,0,18,0,1,5,0,0,0,3,1,5,2,56,9,-1,-1,-1,6,1,6
2018420306749,3,1,0,18,0,1,5,0,0,0,3,1,5,1,39,7,-1,-1,-1,9,-1,9
2018420306751,1,9,0,5,0,0,0,0,0,0,3,1,1,1,64,9,1598,1,7,5,1,5
2018420306751,2,5,0,18,0,0,0,0,1,0,1,1,5,1,41,7,599,1,19,8,2,8
2018420306755,1,5,0,16,0,0,1,0,0,0,3,1,6,1,19,4,645,1,17,3,1,3
2018420306755,2,11,0,17,0,0,0,0,0,0,1,1,1,1,58,9,7300,2,13,5,1,5
2018420306758,1,9,0,18,0,0,2,0,1,0,3,1,6,1,18,4,2198,2,4,8,3,8
2018420306759,1,19,0,9,0,2,0,0,0,0,1,1,2,1,31,6,2464,2,10,7,3,7
2018420306876,1,19,0,4,0,0,0,0,0,0,1,1,6,1,-1,-1,2198,2,2,-1,-1,-1
2018420306876,2,9,0,3,0,0,0,0,0,0,2,1,6,2,29,6,998,1,1,6,1,6
2018420306898,1,9,0,18,0,1,0,0,0,0,4,1,6,1,30,6,1398,1,3,5,1,5
2018420306898,2,9,0,18,0,1,0,0,0,0,1,1,5,1,32,6,1398,2,5,5,1,5
2018420306924,1,9,0,18,0,0,0,0,0,0,1,1,6,1,-1,-1,2993,2,12,-1,-1,-1
2018420306924,2,9,0,4,0,0,0,0,0,0,2,1,6,2,49,8,1388,1,10,7,1,7
2018420306927,1,9,0,18,0,0,0,0,0,0,4,1,6,1,-1,-1,1995,2,7,-1,-1,-1
2018420306940,1,9,0,4,0,4,0,0,0,0,1,1,6,1,19,4,1242,1,4,5,3,5
2018420306940,2,9,0,8,0,4,0,0,0,0,2,1,6,2,36,7,1598,1,13,4,1,4
2018420306996,1,9,0,9,0,8,0,0,0,0,4,1,5,1,80,11,2967,1,16,9,1,9
2018420306996,2,9,0,18,0,8,0,0,0,0,1,1,5,1,39,7,999,1,4,7,1,7
2018420307052,1,5,0,18,0,0,0,0,1,0,1,1,5,1,27,6,689,1,1,3,1,3
2018420307052,2,9,0,2,6,0,0,0,0,0,3,1,6,3,-1,-1,-1,-1,-1,-1,-1,-1
2018420307135,1,11,0,4,0,1,0,0,0,0,1,1,1,1,45,7,9360,2,7,2,1,2
2018420307135,2,9,0,3,0,1,0,0,0,0,2,1,6,1,43,7,1229,1,10,5,1,5
2018420307220,1,9,0,6,0,0,0,0,0,0,1,1,6,1,26,6,1390,1,10,2,1,2
2018420307220,2,1,0,18,0,0,0,0,0,0,1,1,6,1,60,9,-1,-1,-1,8,1,8
2018420307233,1,9,0,12,0,8,0,0,0,0,1,1,6,1,-1,-1,1968,2,6,-1,1,-1
2018420307233,2,9,0,9,0,8,0,0,0,0,2,1,6,2,37,7,1598,1,13,6,3,6
2018420307234,1,9,0,18,0,0,0,0,0,0,1,1,6,2,-1,-1,1997,2,6,8,1,8
2018420307234,2,9,0,18,0,0,0,0,0,0,4,1,6,1,40,7,1995,2,14,8,2,8
2018420307235,1,9,0,4,0,1,0,0,0,0,1,1,6,3,-1,-1,1968,2,3,-1,-1,-1
2018420307235,2,9,0,3,0,4,0,0,0,0,2,1,6,2,39,7,1461,2,2,5,2,5
2018420307252,1,9,0,9,0,6,0,0,0,0,1,1,5,1,76,11,1598,1,3,6,3,6
2018420307252,2,9,0,18,0,8,5,0,7,0,4,1,5,2,67,10,999,1,-1,4,1,4
2018420307252,3,9,0,18,0,1,0,0,0,0,1,1,5,1,66,10,1582,2,2,4,2,4
2018420307253,1,9,0,18,0,1,0,0,0,0,1,1,5,2,61,9,1368,1,2,4,1,4
2018420307253,2,9,0,4,0,1,2,0,1,0,2,1,5,2,60,9,999,1,1,5,1,5
2018420307255,1,11,0,17,0,0,1,0,0,0,0,1,1,1,68,10,9600,2,18,6,2,6
2018420307255,2,98,0,16,0,0,1,0,0,0,0,1,6,1,-1,-1,-1,-1,-1,-1,-1,-1
2018420307340,1,9,0,5,0,1,0,0,0,0,3,1,1,1,55,8,1395,1,3,3,1,3
2018420307340,2,5,0,5,0,2,0,0,0,0,4,1,1,1,37,7,656,1,12,7,1,7
2018420307340,3,90,0,2,0,1,0,0,0,0,0,1,1,1,-1,-1,9290,2,3,-1,-1,-1
2018420307525,1,9,0,5,0,4,0,0,0,0,1,1,6,1,36,7,-1,-1,-1,5,1,5
2018420307525,2,9,0,3,0,4,0,0,0,0,2,1,6,1,36,7,2143,2,1,2,1,2
2018420307606,1,9,0,9,0,1,0,0,0,0,4,1,6,1,28,6,1591,1,6,6,1,6
2018420307606,2,1,0,18,0,1,0,0,0,0,1,1,5,1,42,7,-1,-1,-1,4,1,4
2018420307634,1,9,0,5,0,0,0,0,0,0,1,1,5,2,38,7,1598,1,11,-1,-1,-1
2018420307634,2,4,0,5,0,0,0,0,0,0,2,1,5,2,48,8,249,1,2,1,2,1
2018420307640,1,9,0,4,0,0,0,0,0,0,1,1,6,2,33,6,999,1,2,7,3,7
2018420307640,2,9,0,3,0,0,0,0,0,0,2,1,6,1,23,5,1422,2,14,9,3,9
2018420307640,3,19,0,3,0,0,0,0,0,0,2,1,6,2,41,7,1560,2,7,10,1,10
2018420307641,1,1,0,18,0,1,0,0,0,0,1,1,5,1,12,3,-1,-1,-1,9,1,9
2018420307641,2,9,0,18,0,1,0,0,0,0,4,1,6,2,33,6,1995,2,4,9,1,9
2018420307642,1,9,0,18,0,1,0,0,0,0,1,1,6,1,25,5,1299,1,14,-1,-1,-1
2018420307642,2,9,0,3,0,1,0,0,0,0,2,1,6,2,44,7,1598,1,9,9,3,9
2018420307867,1,9,0,18,0,0,0,0,7,3,1,1,5,1,43,7,2777,2,8,6,1,6
2018420307869,1,9,0,18,0,5,0,0,1,0,3,1,5,2,67,10,1560,2,9,9,1,9
2018420307890,1,9,0,9,0,2,0,4,0,0,1,1,5,2,23,5,999,1,2,8,1,8
2018420307890,2,19,0,2,0,2,0,0,0,0,2,1,1,1,25,5,4485,2,1,2,1,2
2018420307928,1,9,0,17,0,0,0,0,0,0,1,1,5,2,76,11,1997,2,4,8,3,8
2018420307928,2,1,0,17,0,0,5,0,0,0,2,1,5,1,71,10,-1,-1,-1,-1,-1,-1
2018420307935,1,9,0,9,0,8,0,0,0,0,1,1,2,1,23,5,1798,1,7,1,1,1
2018420307935,2,9,0,18,0,8,0,0,0,0,1,1,5,2,72,10,1560,2,3,7,2,7
2018420307948,1,21,1,11,0,0,0,0,0,0,1,1,1,1,65,9,-1,-1,-1,5,1,5
2018420307948,2,9,0,18,0,0,1,0,0,0,3,1,5,2,21,5,1124,1,10,1,1,1
2018420307948,3,19,0,18,0,0,0,0,0,0,1,1,2,1,32,6,1968,2,1,4,1,4
2018420307972,1,9,0,18,0,0,0,0,0,0,1,1,5,1,19,4,1398,2,14,4,1,4
2018420307972,2,9,0,18,0,0,0,0,0,0,1,1,5,1,22,5,898,1,1,-1,-1,-1
2018420307975,1,9,0,18,0,0,0,0,0,0,1,1,2,1,20,4,1360,1,16,4,2,4
2018420307975,2,9,0,18,0,0,0,0,0,0,2,1,2,2,40,7,1685,2,1,9,1,9
2018420307977,1,19,0,18,0,1,0,0,0,0,1,1,2,1,40,7,1753,2,9,2,1,2
2018420307977,2,9,0,4,0,1,0,0,0,0,2,1,6,1,45,7,1596,1,7,4,1,4
2018420308095,1,9,0,5,0,1,0,0,0,0,4,1,6,1,89,11,1339,1,6,9,1,9
2018420308095,2,1,0,18,0,8,5,0,0,0,4,1,6,1,39,7,-1,-1,-1,3,1,3
2018420308264,1,3,0,7,0,8,5,0,0,0,4,1,5,1,17,4,125,1,5,8,3,8
2018420308270,1,9,0,18,0,0,0,0,0,0,1,1,6,2,75,10,1395,1,2,6,2,6
2018420308270,2,21,0,2,0,0,0,0,0,0,1,1,1,1,58,9,2998,2,3,7,1,7
2018420308275,1,9,0,18,0,0,0,0,1,9,1,1,5,1,17,4,1084,1,1,5,3,5
2018420308302,1,9,0,18,0,0,0,0,0,0,1,1,5,2,27,6,1197,1,1,5,1,5
2018420308302,2,9,0,4,0,0,0,0,0,0,2,1,6,1,47,8,1398,1,-1,-1,-1,-1
2018420308302,3,9,0,4,0,0,0,0,0,0,4,1,6,1,55,8,2143,2,3,8,1,8
2018420308302,4,9,0,4,0,0,0,0,0,0,2,1,6,2,38,7,1461,2,2,9,2,9
2018420308343,1,9,0,5,0,0,0,0,0,0,2,1,5,2,68,10,999,1,-1,6,1,6
2018420308343,2,5,0,18,0,0,0,0,0,0,1,1,5,1,46,8,898,1,3,5,1,5
2018420308354,1,9,0,16,0,0,5,0,7,9,3,1,5,1,26,6,1389,1,13,4,1,4
2018420308354,2,98,0,17,0,0,0,0,0,0,0,1,6,3,-1,-1,-1,-1,-1,-1,-1,-1
2018420308355,1,9,0,18,0,0,1,0,0,0,1,1,5,2,37,7,1200,1,-1,3,1,3
2018420308361,1,9,0,18,0,0,0,0,0,0,1,1,6,3,-1,-1,-1,-1,-1,-1,-1,-1
2018420308365,1,9,0,18,0,0,0,0,0,0,1,1,6,1,38,7,1399,2,12,6,1,6
2018420308365,2,9,0,2,0,0,0,0,0,0,1,1,6,2,57,9,1461,2,6,6,1,6
2018420308369,1,9,0,18,0,8,0,0,0,0,1,1,5,1,22,5,1248,2,9,4,1,4
2018420308369,2,9,5,2,0,8,1,0,0,0,2,1,6,3,-1,-1,-1,-1,-1,-1,-1,-1
2018420308369,3,9,5,2,0,8,0,0,0,0,0,1,1,1,44,7,1364,1,13,1,1,1
2018420308370,1,5,0,18,0,8,2,0,0,0,3,1,6,1,47,8,599,1,14,2,1,2
2018420308370,2,9,0,2,0,1,0,0,0,0,3,1,6,3,-1,-1,-1,-1,-1,-1,-1,-1
2018420308370,3,9,0,2,0,1,0,0,0,0,4,1,6,3,-1,-1,-1,-1,-1,-1,-1,-1
2018420308370,4,9,0,2,0,2,0,0,0,0,3,1,6,3,-1,-1,-1,-1,-1,-1,-1,-1
2018420308372,1,9,0,9,0,6,0,0,0,0,3,1,5,1,20,4,1242,1,2,5,1,5
2018420308372,2,5,0,18,0,1,0,0,0,0,1,1,5,1,35,6,998,1,-1,3,1,3
2018420308379,1,9,0,16,0,0,1,0,8,4,3,1,6,1,18,4,998,1,5,5,3,5
2018420308396,1,9,0,9,0,2,0,0,0,0,3,1,6,1,25,5,1396,1,9,7,2,7
2018420308396,2,5,0,18,0,1,0,0,0,0,1,1,5,1,37,7,1000,1,2,3,3,3
2018420308398,1,9,0,9,0,4,0,0,0,0,3,1,5,1,53,8,1360,1,13,2,1,2
2018420308398,2,1,0,9,0,8,0,0,0,0,1,1,5,1,30,6,-1,-1,-1,8,1,8
2018420308399,1,9,0,4,0,3,0,0,0,0,1,1,5,2,25,5,1896,2,15,2,1,2
2018420308399,2,9,0,4,0,4,0,0,0,0,2,1,5,2,54,8,1598,1,6,1,2,1
2018420308399,3,9,0,4,0,1,0,0,0,0,2,1,5,2,36,7,1242,1,7,4,1,4
2018420308399,4,9,0,4,0,1,0,0,0,0,2,1,5,2,31,6,1395,1,-1,1,2,1
2018420308400,1,9,0,18,0,1,0,0,0,0,1,1,6,3,-1,-1,-1,-1,-1,-1,-1,-1
2018420308414,1,9,0,18,0,0,0,0,0,0,1,1,5,1,67,10,4999,1,8,7,3,7
2018420308414,2,9,0,18,0,0,0,0,0,0,1,1,5,2,42,7,1329,1,2,4,1,4
2018420308417,1,3,0,13,9,1,1,7,7,0,3,1,6,1,26,6,124,1,17,4,1,4
2018420308417,2,9,0,18,0,1,0,0,0,0,0,1,6,3,20,4,-1,-1,-1,-1,-1,-1
2018420308418,1,9,0,18,0,0,0,0,0,0,1,1,5,1,41,7,1598,1,18,3,1,3
2018420308418,2,9,0,18,0,0,0,0,0,0,1,1,5,2,22,5,1200,1,-1,4,1,4
2018420308424,1,9,0,2,0,0,0,0,0,0,3,1,5,2,49,8,1388,1,15,1,1,1
2018420308424,2,9,0,12,0,0,0,4,0,0,1,1,5,2,44,7,2360,1,14,4,1,4
2018420308430,1,9,0,16,0,3,0,10,4,1,1,1,5,1,19,4,998,1,3,9,1,9
2018420308432,1,9,0,16,0,0,0,0,0,0,1,1,6,1,51,8,796,1,17,5,1,5
2018420308432,2,9,0,17,0,0,0,0,1,0,1,1,6,2,32,6,1896,2,15,5,1,5
2018420308766,1,9,0,5,0,4,0,0,0,0,1,1,6,1,80,11,998,1,5,3,1,3
2018420308766,2,9,0,3,0,4,0,0,0,0,2,1,6,2,44,7,1461,2,1,5,1,5
2018420308776,1,9,0,9,0,2,0,0,0,0,1,1,1,1,45,7,-1,-1,-1,9,3,9
2018420308776,2,1,0,14,0,2,5,0,0,0,1,1,5,1,49,8,-1,-1,-1,10,3,10
2018420308788,1,9,0,1,0,1,0,0,0,0,2,1,5,1,25,5,2993,2,4,8,1,8
2018420308792,1,9,0,18,0,1,0,0,0,0,1,1,2,1,46,8,1598,1,7,7,3,7
2018420308792,2,9,0,3,0,1,0,0,0,0,2,1,6,2,33,6,1061,1,15,10,1,10
2018420308793,1,9,0,18,0,0,0,0,0,0,1,1,5,1,39,7,2204,2,13,7,1,7
2018420308793,2,9,0,18,0,0,0,0,0,0,2,1,6,3,-1,-1,-1,-1,-1,-1,-1,-1