Accident_Index,Vehicle_Reference,Vehicle_Type,Towing_and_Articulation,Vehicle_Manoeuvre,Vehicle_Location-Restricted_Lane,Junction_Location,Skidding_and_Overturning,Hit_Object_in_Carriageway,Vehicle_Leaving_Carriageway,Hit_Object_off_Carriageway,1st_Point_of_Impact,Was_Vehicle_Left_Hand_Drive?,Journey_Purpose_of_Driver,Sex_of_Driver,Age_of_Driver,Age_Band_of_Driver,Engine_Capacity_(CC),Propulsion_Code,Age_of_Vehicle,Driver_IMD_Decile,Driver_Home_Area_Type,Vehicle_IMD_Decile
2018420308944,1,5,0,9,0,3,0,0,0,0,3,1,5,1,70,10,647,1,1,9,1,9
2018420308944,2,9,0,5,0,3,0,0,0,0,4,1,6,2,56,9,1797,8,8,7,1,7
2018420309039,1,21,0,5,0,2,0,0,0,0,4,1,1,1,51,8,-1,-1,-1,2,1,2
2018420309042,1,9,0,18,0,0,0,0,0,0,1,1,6,1,54,8,1598,1,-1,6,3,6
2018420309042,2,9,0,18,0,0,0,0,0,0,1,1,5,2,62,9,1998,1,1,3,1,3
2018420309075,1,9,0,4,0,0,0,0,0,0,1,1,5,1,89,11,1339,1,4,10,3,10
2018420309075,2,9,0,2,0,0,0,0,0,0,1,1,6,3,-1,-1,-1,-1,-1,-1,-1,-1
2018420309075,3,9,0,2,0,0,0,0,0,0,1,1,6,3,-1,-1,-1,-1,-1,-1,-1,-1
2018420309132,1,3,0,18,0,1,0,0,0,0,1,1,6,1,19,4,125,1,2,4,1,4
2018420309132,2,9,0,7,0,3,0,0,0,0,4,1,6,2,37,7,1686,2,4,10,1,10
2018420309145,1,9,0,18,0,1,0,0,0,0,3,1,2,1,20,4,1084,1,1,4,1,4
2018420309145,2,9,0,18,0,8,0,0,0,0,1,1,5,2,35,6,1500,2,-1,5,1,5
2018420309155,1,9,0,4,0,1,1,0,0,0,1,1,6,1,24,5,3199,1,18,10,1,10
2018420309155,2,9,0,9,0,4,0,0,0,0,1,1,5,2,70,10,1388,1,6,9,1,9
2018420309155,3,9,0,18,0,1,0,0,0,0,0,1,1,1,37,7,2993,2,1,8,1,8
2018420309243,1,9,0,18,0,3,0,0,0,0,1,1,2,2,27,6,1242,1,15,5,1,5
2018420309243,2,1,0,18,0,8,0,0,0,0,3,1,4,1,13,3,-1,-1,-1,7,1,7
2018420309463,1,9,0,5,0,4,0,0,0,0,2,1,5,1,40,7,1596,1,7,2,1,2
2018420309463,2,9,0,18,0,4,0,0,0,0,1,1,5,1,34,6,1998,2,11,9,1,9
2018420309466,1,9,0,18,0,1,0,0,0,0,1,1,5,1,37,7,1560,2,11,6,1,6
2018420309466,2,9,0,10,0,1,0,0,0,0,2,1,5,1,32,6,1998,1,16,6,1,6
2018420309466,3,9,0,13,0,1,0,0,0,0,0,1,6,1,30,6,-1,-1,-1,-1,-1,-1
2018420309474,1,9,0,14,0,0,0,0,0,0,3,1,6,1,40,7,1999,2,1,10,1,10
2018420309474,2,1,0,10,0,0,0,0,0,0,0,1,6,2,51,8,-1,-1,-1,10,1,10
2018420309485,1,9,0,4,0,1,0,0,0,0,1,1,5,1,42,7,1395,1,-1,6,1,6
2018420309485,2,9,0,4,0,4,0,0,0,0,2,1,5,2,73,10,1229,1,8,1,1,1
2018420309618,1,9,0,18,0,1,0,0,1,10,1,1,6,3,-1,-1,-1,-1,-1,-1,-1,-1
2018420309618,2,9,0,4,0,2,0,0,0,0,3,1,5,2,52,8,1997,2,11,1,1,1
2018420309697,1,9,0,18,0,0,1,0,0,0,1,1,2,1,25,5,1199,1,19,9,1,9
2018420309697,2,19,0,18,0,0,0,0,0,0,1,1,1,1,36,7,2198,2,6,9,1,9
2018420309713,1,9,0,18,0,1,0,0,0,0,4,1,6,1,45,7,1242,1,4,8,2,8
2018420309734,1,9,0,18,0,8,1,0,1,0,1,1,5,1,32,6,1461,2,7,1,1,1
2018420309760,1,1,0,18,5,0,0,0,0,0,4,1,2,1,37,7,-1,-1,-1,9,1,9
2018420309760,2,19,0,1,5,0,0,0,0,0,4,1,1,1,26,6,1248,2,8,5,1,5
2018420309780,1,5,0,16,0,0,0,0,0,0,1,1,5,1,60,9,599,1,11,5,1,5
2018420309780,2,19,0,18,0,0,0,0,0,0,1,1,2,1,51,8,2402,2,14,3,1,3
2018420309780,3,19,0,2,0,0,0,0,0,0,3,1,1,1,49,8,2198,2,11,3,1,3
2018420309794,1,9,0,9,0,6,0,0,0,0,3,1,2,2,19,4,998,1,19,7,1,7
2018420309794,2,19,0,18,0,1,0,0,0,0,1,1,2,1,53,8,1499,2,1,7,3,7
2018420309797,1,9,0,18,0,0,5,4,0,0,1,1,1,1,29,6,-1,-1,-1,8,3,8
2018420309797,2,21,1,2,6,0,0,0,0,0,2,1,5,1,28,6,10518,2,5,8,1,8
2018420309800,1,21,1,18,0,0,1,0,0,0,1,1,1,1,44,7,12419,2,3,6,1,6
2018420309800,2,9,0,18,0,0,0,0,4,0,2,1,6,2,56,9,1560,2,7,8,1,8
2018420309800,3,9,0,18,0,0,0,0,0,0,2,1,6,2,56,9,1499,2,2,4,1,4
2018420309800,4,9,0,18,0,0,0,0,0,0,4,1,6,1,54,8,1368,1,-1,4,1,4
2018420309801,1,9,0,18,0,0,1,0,0,0,1,1,6,1,21,5,1781,1,13,10,1,10
2018420309801,2,9,0,18,0,0,1,0,0,0,1,1,6,2,47,8,2400,2,7,8,3,8
2018420309805,1,9,0,1,0,1,1,0,0,0,2,1,5,2,40,7,1796,1,11,3,1,3
2018420309807,1,2,0,17,0,0,2,4,0,0,1,1,5,1,16,4,49,1,18,9,2,9
2018420309807,2,9,0,2,0,0,0,0,0,0,1,1,6,3,-1,-1,-1,-1,-1,-1,-1,-1
2018420309876,1,19,0,1,0,0,0,0,0,0,2,1,6,3,-1,-1,2402,2,10,-1,-1,-1
2018420309876,2,9,0,2,0,0,0,0,0,0,1,1,6,2,24,5,1390,1,4,10,1,10
2018420309922,1,9,0,18,0,7,0,0,0,0,1,1,6,1,34,6,1206,1,9,4,1,4
2018420309922,2,9,0,3,0,1,0,0,0,0,2,1,6,1,25,5,2979,1,2,4,1,4
2018420309924,1,9,0,18,0,0,0,0,0,0,1,1,5,2,73,10,1229,1,11,5,1,5
2018420309924,2,9,0,2,0,0,0,0,1,0,1,1,6,3,-1,-1,-1,-1,-1,-1,-1,-1
2018420309947,1,9,0,5,0,6,0,0,0,0,3,1,5,2,58,9,1499,1,1,10,1,10
2018420309947,2,3,0,18,0,1,1,0,0,0,1,1,5,1,46,8,278,1,3,4,1,4
2018420309977,1,98,0,18,0,0,0,0,0,0,4,1,6,1,58,9,-1,-1,-1,7,1,7
2018420309989,1,9,0,5,0,0,0,0,0,0,2,1,6,3,-1,-1,-1,-1,-1,-1,-1,-1
2018420310007,1,9,0,18,0,0,0,0,8,0,1,1,6,1,34,6,1496,2,3,9,2,9
2018420310008,1,9,3,18,0,0,2,0,0,0,1,1,5,2,51,8,2495,2,14,6,1,6
2018420310024,1,9,0,9,0,8,0,0,0,0,1,1,5,2,69,10,1364,1,1,5,3,5
2018420310024,2,9,0,18,0,8,0,0,0,0,1,1,6,2,61,9,4398,1,14,6,3,6
2018420310024,3,9,0,18,0,1,0,0,0,0,3,1,6,2,71,10,1461,2,11,6,3,6
2018420310044,1,9,0,15,0,8,0,0,0,0,1,1,1,1,40,7,1598,2,1,9,1,9
2018420310044,2,9,0,9,0,8,0,0,0,0,4,1,3,2,46,8,1998,1,-1,9,1,9
2018420310046,1,9,0,11,0,0,2,11,0,0,1,1,2,1,25,5,1242,1,5,3,1,3
2018420310046,2,9,0,4,0,0,0,0,0,0,4,1,6,1,60,9,1951,2,14,8,1,8
2018420310051,1,9,0,9,0,1,0,0,0,0,1,1,5,1,21,5,998,1,3,3,1,3
2018420310051,2,1,0,9,0,1,0,0,0,0,3,1,5,2,63,9,-1,-1,-1,3,1,3
2018420310053,1,9,0,4,0,0,0,0,1,4,1,1,1,1,27,6,-1,-1,-1,2,1,2
2018420310053,2,9,0,4,0,0,0,0,0,0,2,1,6,2,59,9,1499,8,1,7,3,7
2018420310053,3,9,0,4,0,0,0,0,0,0,2,1,6,1,36,7,1398,1,2,6,1,6
2018420310060,1,9,0,9,0,5,0,0,0,0,4,1,6,1,30,6,2143,2,2,-1,-1,-1
2018420310060,2,9,0,18,0,8,0,0,0,0,1,1,1,2,60,9,1248,1,4,2,1,2
2018420310071,1,9,0,16,0,0,0,0,0,0,1,1,5,1,17,4,1395,1,-1,10,2,10
2018420310071,2,5,0,17,0,0,0,0,0,0,1,1,5,1,53,8,1127,1,-1,5,1,5
2018420310094,1,9,0,5,0,6,0,0,0,0,1,1,5,2,63,9,1364,1,1,8,1,8
2018420310094,2,1,0,18,0,8,0,0,0,0,4,1,5,1,55,8,-1,-1,-1,9,1,9
2018420310104,1,1,0,18,0,0,5,0,0,0,1,1,5,1,37,7,-1,-1,-1,3,1,3
2018420310104,2,9,0,4,0,0,0,0,0,0,2,1,6,3,-1,-1,-1,-1,-1,-1,-1,-1
2018420310121,1,21,0,18,0,0,0,0,0,0,1,1,6,1,38,7,-1,-1,-1,9,1,9
2018420310121,2,5,0,3,0,0,2,0,0,0,2,1,2,1,45,7,1150,1,6,-1,-1,-1
2018420310121,3,9,0,3,0,0,0,0,0,0,2,1,6,1,42,7,1968,2,1,10,1,10
2018420310136,1,9,0,18,0,6,0,0,0,0,3,1,5,2,63,9,1796,1,13,9,1,9
2018420310136,2,9,0,18,0,8,0,0,0,0,1,1,5,1,42,7,2995,1,-1,10,1,10
2018420310144,1,5,0,18,0,8,2,0,7,0,1,1,6,1,40,7,656,1,13,7,2,7
2018420310144,2,9,0,9,0,8,1,0,7,0,3,1,6,2,59,9,1587,1,15,7,2,7
2018420310153,1,9,0,18,0,0,1,0,0,0,3,1,5,2,63,9,1149,1,10,6,1,6
2018420310156,1,9,0,9,0,8,2,10,0,0,4,1,5,1,28,6,999,1,5,6,1,6
2018420310167,1,5,0,18,0,0,2,0,1,0,1,1,5,1,35,6,998,1,13,8,1,8
2018420310167,2,9,0,17,0,0,0,0,0,0,1,1,2,2,43,7,1998,1,12,9,3,9
2018420310182,1,9,0,11,0,4,0,0,0,0,1,1,6,1,18,4,1229,1,4,2,1,2
2018420310182,2,9,0,13,0,1,0,0,0,0,0,1,6,3,-1,-1,-1,-1,-1,-1,-1,-1
2018420310182,3,9,0,3,0,4,0,0,0,0,2,1,6,1,63,9,2143,2,3,4,1,4
2018420310187,1,9,0,18,0,0,0,0,0,0,1,1,5,1,32,6,1560,2,7,4,3,4
2018420310187,2,9,0,18,0,0,0,0,0,0,1,1,5,2,66,10,1364,2,3,9,1,9
2018420310187,3,9,0,18,0,0,0,0,0,0,2,1,5,1,62,9,1997,2,7,3,1,3
2018420310193,1,9,0,1,0,0,0,0,0,0,2,1,5,1,31,6,1995,2,2,5,3,5
2018420310195,1,1,0,4,0,1,0,0,0,0,0,1,6,2,24,5,-1,-1,-1,-1,-1,-1
2018420310195,2,9,0,4,0,1,0,0,0,0,0,1,6,3,-1,-1,-1,-1,-1,-1,-1,-1
2018420310198,1,9,0,2,0,0,0,0,0,0,0,1,6,3,-1,-1,-1,-1,-1,-1,-1,-1
2018420310205,1,9,0,18,0,0,0,0,0,0,0,1,6,1,46,8,1390,1,7,8,3,8
2018420310205,2,1,0,18,0,0,0,0,0,0,0,1,6,1,60,9,-1,-1,-1,10,2,10
2018420310295,1,11,0,18,0,3,0,0,0,0,4,1,1,1,57,9,6700,2,2,4,1,4
2018420310344,1,9,0,18,0,0,0,0,0,0,4,1,3,1,36,7,1910,2,14,1,1,1
2018420310344,2,9,0,2,0,0,0,0,0,0,4,1,5,2,26,6,1596,1,16,-1,-1,-1
2018420310451,1,98,0,18,0,1,0,0,0,0,4,1,6,1,-1,-1,-1,-1,-1,-1,-1,-1
2018420310451,2,1,0,18,0,1,0,0,0,0,4,1,6,1,33,6,-1,-1,-1,3,1,3
2018420310546,1,3,0,14,0,1,1,0,0,0,1,1,6,1,16,4,-1,-1,-1,-1,-1,-1
2018420310546,2,9,0,10,0,1,0,0,0,0,3,1,2,2,20,4,999,1,3,6,1,6
2018420310548,1,19,0,18,5,2,0,0,0,0,1,1,6,1,33,6,1995,2,4,8,1,8
2018420310550,1,19,0,17,0,1,1,0,7,0,1,1,1,1,61,9,1998,2,13,4,1,4
2018420310555,1,9,0,18,0,1,0,0,0,0,1,1,5,1,22,5,2979,1,4,10,1,10
2018420310555,2,9,0,18,0,1,0,0,0,0,1,1,5,1,23,5,999,1,11,6,3,6
2018420310567,1,9,0,18,0,1,0,0,0,0,1,1,6,1,-1,-1,1124,1,17,-1,-1,-1
2018420310567,2,9,0,10,0,1,0,0,0,0,2,1,6,1,26,6,1995,2,10,8,1,8
2018420310644,1,9,0,5,0,1,0,0,0,0,1,1,2,1,57,9,1797,8,4,6,1,6
2018420310644,2,1,0,18,0,8,5,0,0,0,3,1,6,2,43,7,-1,-1,-1,4,1,4
2018420310690,1,11,0,3,0,1,0,0,0,0,1,1,1,1,25,5,9000,2,10,5,1,5
2018420310690,2,9,0,3,0,1,0,0,0,0,2,1,6,1,57,9,1596,1,11,-1,-1,-1
2018420310708,1,9,0,9,0,8,0,0,0,0,4,1,2,1,18,4,1242,1,6,10,1,10
2018420310708,2,19,0,18,0,1,1,0,0,0,1,1,2,1,50,8,1870,2,15,10,1,10
2018420310739,1,9,0,18,0,0,0,0,0,0,4,2,6,1,62,9,1598,1,9,6,1,6
2018420310782,1,98,1,11,0,0,0,0,0,0,4,1,1,1,39,7,-1,-1,-1,7,1,7
2018420310782,2,9,0,18,0,0,0,0,0,0,3,1,2,2,54,8,1149,1,15,6,1,6
2018420310783,1,9,0,5,0,4,0,0,0,0,1,1,6,2,-1,-1,1149,1,13,-1,-1,-1
2018420310783,2,9,0,5,0,4,0,0,0,0,2,1,6,2,53,8,1197,1,4,3,1,3
2018420310783,3,19,0,5,0,4,0,0,0,0,0,1,6,3,-1,-1,1461,2,4,-1,-1,-1
2018420310811,1,19,0,18,0,1,0,0,0,0,1,1,6,1,59,9,2198,2,5,1,3,1
2018420310811,2,9,0,3,0,1,0,0,0,0,2,1,5,1,40,7,1997,2,10,2,1,2
2018420310909,1,9,0,18,0,0,1,0,1,0,1,1,6,1,28,6,1968,2,12,7,1,7
2018420310909,2,17,0,18,0,0,0,0,0,0,3,1,1,1,19,4,6728,2,5,7,3,7
2018420310924,1,1,0,18,0,1,0,0,0,0,1,1,5,1,19,4,-1,-1,-1,1,1,1
2018420310924,2,9,0,18,0,1,0,0,0,0,1,1,5,1,61,9,1388,1,9,2,1,2
2018420310934,999,9,0,18,0,0,0,0,0,0,1,1,6,3,70,10,1498,1,12,6,1,6
2018420310936,1,21,1,18,0,0,0,0,0,0,3,2,1,1,55,8,-1,-1,-1,-1,-1,-1
2018420310936,2,9,0,18,0,0,1,0,0,0,4,1,5,2,31,6,1753,2,12,10,1,10
2018420310946,1,9,0,6,0,5,0,0,0,0,1,1,5,2,26,6,1390,1,7,2,-1,2
2018420310946,2,1,0,16,0,1,0,0,0,0,3,1,1,1,17,4,-1,-1,-1,8,1,8
2018420310951,1,3,0,9,0,8,1,0,0,0,4,1,2,1,27,6,125,1,1,7,1,7
2018420311024,1,9,0,9,0,8,0,0,0,0,3,1,6,2,50,8,-1,-1,-1,-1,-1,-1
2018420311025,1,19,0,18,0,1,0,0,0,0,1,1,6,1,27,6,1753,2,14,3,1,3
2018420311025,2,9,0,4,0,1,0,0,0,0,2,1,1,1,64,9,898,1,1,2,-1,2
2018420311041,1,9,0,17,0,4,0,0,0,0,1,1,6,2,56,9,1896,2,10,3,1,3
2018420311041,2,1,0,18,0,4,5,0,0,0,1,1,6,1,61,9,-1,-1,-1,8,1,8
2018420311241,1,1,0,18,5,1,1,0,0,0,1,1,2,1,25,5,-1,-1,-1,4,1,4
2018420311241,2,19,0,18,0,1,0,0,0,0,4,1,1,1,37,7,2198,2,2,6,3,6
2018420311262,1,9,0,18,0,8,0,0,0,0,2,1,6,2,34,6,1796,1,12,5,-1,5
2018420311262,2,9,0,18,0,8,0,0,0,0,1,1,6,2,20,4,1240,1,9,9,1,9
2018420311280,1,9,0,9,0,8,0,7,0,0,1,1,5,1,24,5,1968,2,8,2,1,2
2018420311283,1,9,0,4,0,0,0,0,0,0,1,1,6,2,27,6,1995,2,3,3,1,3
2018420311283,2,9,0,4,0,0,0,0,0,0,2,1,6,2,60,9,998,1,2,8,1,8
2018420311286,1,9,0,18,0,0,0,0,0,0,1,1,5,2,47,8,1598,2,7,9,2,9
2018420311286,2,9,0,3,0,0,0,0,0,0,2,1,6,2,44,7,899,1,4,6,1,6
2018420311286,3,98,0,3,0,0,0,0,0,0,2,1,6,1,-1,-1,-1,-1,-1,-1,-1,-1
2018420311286,4,9,0,3,0,0,0,0,0,0,2,1,6,2,62,9,1242,1,5,8,1,8
2018420311287,1,5,0,18,0,8,0,0,0,0,1,1,2,1,50,8,1449,1,17,9,2,9
2018420311287,2,9,0,4,0,8,0,0,0,0,2,1,5,1,62,9,1461,2,4,7,1,7
2018420311289,1,21,0,9,0,8,0,0,0,0,3,1,1,1,31,6,2143,2,1,7,1,7
2018420311289,2,5,0,13,0,1,0,0,0,0,1,1,5,1,28,6,996,1,17,2,1,2
2018420311295,1,9,0,17,0,0,0,0,1,4,1,1,5,2,17,4,1242,1,5,5,2,5
2018420311299,1,9,0,1,6,0,0,0,0,0,2,1,1,3,-1,-1,-1,-1,-1,-1,-1,-1
2018420311331,1,9,0,7,0,3,0,0,4,0,4,2,2,1,23,5,1896,2,16,10,1,10
2018420311331,2,9,0,7,0,3,0,0,0,0,4,2,6,1,44,7,1796,1,7,4,2,4
2018420311363,1,9,0,18,0,8,0,0,0,0,1,1,5,2,79,11,1339,1,16,4,3,4
2018420311363,2,19,0,1,0,6,0,0,0,0,2,1,1,1,35,6,10837,2,3,8,1,8
2018420311538,1,9,0,9,0,1,0,0,0,0,1,1,6,2,35,6,-1,-1,-1,5,2,5
2018420311538,2,22,0,18,0,8,0,0,0,0,3,1,6,1,71,10,-1,-1,-1,10,2,10
2018420311555,1,3,0,18,0,0,1,10,0,0,1,1,5,1,34,6,124,1,10,7,1,7
2018420311605,1,9,0,4,0,0,0,0,0,0,1,1,6,1,-1,-1,-1,-1,-1,-1,-1,-1
2018420311605,2,9,0,4,0,0,0,0,0,0,2,1,6,2,31,6,1242,1,5,2,1,2
2018420311660,1,19,0,7,0,1,0,0,0,0,1,1,6,1,35,6,1968,2,3,2,1,2
2018420311660,2,9,0,18,0,1,0,0,0,0,1,1,3,2,35,6,1598,1,12,1,1,1
2018420311661,1,9,0,18,0,0,0,0,0,0,1,1,6,1,25,5,1149,1,16,-1,-1,-1
2018420311661,2,9,0,18,0,0,0,0,0,0,1,1,5,2,24,5,996,1,5,3,1,3
2018420311681,1,9,0,1,0,1,0,4,1,0,2,1,6,1,-1,-1,1798,1,10,6,1,6
2018420311681,2,9,0,2,0,2,0,0,0,0,4,1,6,1,52,8,1956,2,9,-1,-1,-1
2018420311681,3,9,0,2,0,1,0,0,0,0,2,1,6,3,-1,-1,-1,-1,-1,-1,-1,-1
2018420311684,1,9,0,7,0,2,0,0,0,0,1,1,5,2,72,10,1197,1,-1,3,1,3
2018420311684,2,11,0,14,0,1,0,0,0,0,3,1,1,1,36,7,5900,2,14,3,1,3
2018420311758,1,9,0,7,0,1,0,0,0,0,1,1,5,1,72,10,1598,1,10,8,2,8
2018420311758,2,1,0,18,9,1,0,0,0,0,1,1,5,1,11,3,-1,-1,-1,7,1,7
2018420311787,1,9,0,18,0,0,0,10,2,2,1,1,2,1,34,6,1599,1,14,7,1,7
2018420311854,1,9,0,6,0,8,0,0,0,0,3,1,6,2,41,7,1796,1,13,-1,3,-1
2018420311854,2,5,0,18,0,1,0,0,0,0,1,1,6,1,31,6,649,1,1,2,1,2
2018420311871,1,9,0,9,9,0,0,0,0,0,1,1,6,2,19,4,1329,1,8,9,1,9
2018420311872,1,9,0,17,0,0,0,0,0,0,4,1,5,1,56,9,4701,7,16,6,1,6
2018420311872,2,9,0,16,0,0,0,0,0,0,3,1,5,1,26,6,1968,2,2,3,1,3
2018420311878,1,9,0,2,0,0,0,0,0,0,3,1,3,2,37,7,1560,2,4,4,1,4
2018420311878,2,1,0,14,0,0,0,0,0,0,1,1,3,1,13,3,-1,-1,-1,4,1,4
2018420311959,1,9,0,9,0,8,0,0,1,10,3,1,6,1,82,11,1997,2,15,8,1,8
2018420311959,2,9,0,18,0,1,0,0,0,0,1,1,6,1,41,7,3189,1,14,6,2,6
2018420311962,1,9,0,15,0,0,0,0,0,0,4,1,6,2,59,9,4806,1,10,8,1,8
2018420311962,2,9,0,2,0,0,0,0,0,0,0,1,6,3,-1,-1,-1,-1,-1,-1,-1,-1
2018420311962,3,19,0,2,0,0,0,0,0,0,0,1,6,3,-1,-1,-1,-1,-1,-1,-1,-1
2018420311973,1,9,0,4,0,0,1,0,0,0,1,1,5,2,46,8,999,1,4,6,3,6
2018420311973,2,9,0,3,0,0,0,0,0,0,2,1,5,2,18,4,1299,1,12,4,1,4
2018420311973,3,9,0,18,0,0,0,0,0,0,0,1,6,3,-1,-1,-1,-1,-1,-1,-1,-1
2018420311976,1,9,0,5,0,1,0,0,0,0,1,1,5,2,34,6,1753,2,11,5,1,5
2018420311976,2,9,0,2,0,1,0,0,0,0,2,1,5,2,44,7,1248,1,5,9,1,9
2018420311978,1,90,1,11,0,0,0,0,0,0,1,1,1,1,34,6,-1,-1,-1,4,1,4
2018420311978,2,9,0,18,0,0,1,0,5,0,3,1,5,2,91,11,1598,1,12,10,1,10
2018420311979,1,9,0,6,0,0,0,0,0,0,3,1,5,1,51,8,2204,2,9,8,1,8
2018420311979,2,9,0,15,0,0,1,0,7,0,4,1,5,1,55,8,-1,-1,-1,8,1,8
2018420311980,1,3,0,16,0,1,0,0,0,0,3,1,5,1,18,4,125,1,4,6,3,6
2018420311980,2,9,0,17,0,8,0,0,0,0,3,1,5,1,39,7,1299,1,17,5,1,5
2018420311984,1,9,0,18,0,8,0,0,0,0,3,1,5,1,43,7,1591,1,-1,2,1,2
2018420311984,2,9,0,18,0,8,0,0,0,0,1,1,5,2,46,8,1598,1,7,9,1,9
2018420312001,1,9,0,18,0,0,1,0,0,0,0,1,6,1,21,5,1242,1,12,1,1,1
2018420312001,2,9,0,18,0,0,0,0,0,0,0,1,1,1,30,6,2993,2,-1,9,2,9
2018420312001,3,9,0,18,0,0,0,0,0,0,0,1,1,1,44,7,1598,2,1,5,1,5
2018420312086,1,9,0,17,0,0,0,0,0,0,3,1,5,2,25,5,998,1,2,4,1,4
2018420312086,2,9,0,16,0,0,0,0,0,0,3,1,5,1,33,6,1598,1,14,3,1,3
2018420312089,1,9,0,18,0,0,0,0,0,0,4,1,5,1,80,11,1248,1,6,9,1,9
2018420312091,1,2,0,9,0,1,0,0,0,0,1,1,6,3,-1,-1,-1,-1,-1,-1,-1,-1
2018420312091,2,9,0,4,0,1,0,0,0,0,1,1,5,1,46,8,1598,1,14,2,1,2
2018420312101,1,19,0,1,0,2,0,4,0,0,4,1,6,1,-1,-1,1995,2,10,-1,-1,-1
2018420312101,2,9,0,2,0,2,0,0,0,0,1,1,5,1,22,5,1995,2,5,1,1,1
2018420312101,3,9,0,2,0,1,0,0,0,0,2,1,6,3,-1,-1,-1,-1,-1,-1,-1,-1
2018420312107,1,9,0,18,0,2,0,0,0,0,3,1,5,1,28,6,1598,2,4,6,1,6
2018420312107,2,9,0,2,0,2,0,0,0,0,0,1,6,3,-1,-1,-1,-1,-1,-1,-1,-1
2018420312114,1,9,0,18,0,0,1,0,0,0,1,1,6,1,20,4,998,1,6,10,1,10
2018420312114,2,9,0,3,0,0,0,0,0,0,2,1,2,2,25,5,1242,1,6,8,2,8
2018420312115,1,3,0,18,0,1,0,0,1,0,1,1,6,1,20,4,125,1,7,9,1,9
2018420312124,1,9,0,5,0,8,0,0,0,0,3,1,6,1,35,6,1798,8,4,2,1,2
2018420312124,2,9,0,18,0,8,0,0,0,0,1,1,6,1,27,6,1781,1,14,4,1,4
2018420312125,1,19,0,5,0,8,0,0,0,0,1,1,1,1,50,8,1598,2,3,4,1,4
2018420312125,2,9,0,18,0,1,1,0,1,0,4,1,5,1,39,7,1598,1,13,6,1,6
2018420312130,1,9,0,9,0,1,0,0,0,0,2,1,6,2,34,6,1753,2,11,1,1,1
2018420312130,2,9,0,3,0,1,0,0,0,0,1,1,6,1,44,7,1560,2,12,1,1,1
2018420312130,3,9,0,3,0,1,0,0,0,0,1,1,6,1,-1,-1,-1,-1,-1,-1,-1,-1
2018420312152,1,9,0,18,0,0,0,0,0,0,1,1,5,2,62,9,1242,1,5,4,1,4
2018420312156,1,9,0,12,0,0,0,0,0,0,4,1,6,3,-1,-1,-1,-1,-1,-1,-1,-1
2018420312156,2,9,0,18,0,0,0,0,0,0,3,1,6,1,53,8,1956,2,7,6,3,6
2018420312182,1,9,0,7,0,4,0,0,0,0,1,1,5,2,33,6,1998,1,-1,6,3,6
2018420312182,2,9,0,7,0,3,0,0,0,0,4,1,5,2,30,6,1685,2,1,6,2,6
2018420312209,1,9,0,18,0,1,0,0,0,0,3,1,6,2,64,9,1598,1,14,3,1,3
2018420312209,2,1,0,18,0,2,0,0,0,0,3,1,6,1,30,6,-1,-1,-1,7,1,7
2018420312270,1,9,0,4,0,1,0,0,0,0,1,1,6,2,37,7,999,1,1,4,1,4
2018420312270,2,1,0,18,0,8,1,0,0,0,3,1,4,1,12,3,-1,-1,-1,4,1,4
2018420312329,1,9,0,18,0,0,0,0,0,0,1,1,5,1,26,6,2143,2,9,6,1,6
2018420312329,2,9,0,4,0,0,0,0,0,0,2,1,5,1,54,8,1390,1,10,8,1,8
2018420312329,3,9,0,4,0,0,0,0,0,0,2,1,5,2,24,5,999,1,1,8,1,8
2018420312367,1,9,0,18,0,1,0,0,0,0,1,1,6,1,27,6,1598,1,11,1,1,1
2018420312367,2,9,0,3,0,1,0,0,0,0,2,1,6,2,23,5,1199,1,15,2,1,2
2018420312367,3,9,0,3,0,1,0,0,0,0,2,1,6,2,27,6,1596,1,17,3,3,3
2018420312488,1,9,0,17,0,0,2,0,1,0,1,1,5,1,30,6,998,1,1,2,1,2
2018420312490,1,9,0,9,0,1,0,0,0,0,1,1,6,2,29,6,1388,1,10,1,2,1
2018420312490,2,9,0,18,0,1,0,0,0,0,1,1,6,2,46,8,2993,2,6,2,1,2
2018420312657,1,9,0,18,0,1,1,0,0,0,1,1,6,2,53,8,2993,2,4,5,2,5
2018420312657,2,9,0,18,0,1,5,0,1,2,3,1,6,2,26,6,998,1,12,4,1,4
2018420312711,1,9,0,18,0,2,0,0,0,0,1,1,2,1,34,6,1999,1,-1,-1,-1,-1
2018420312711,2,9,0,18,0,2,0,0,0,0,2,1,2,1,61,9,1598,2,3,7,1,7
2018420312759,1,9,0,12,0,3,0,0,0,0,2,1,6,1,41,7,-1,-1,-1,6,3,6
2018420312759,2,9,0,18,0,3,0,0,0,0,1,1,2,1,36,7,1598,1,1,3,1,3
2018420312806,1,9,0,16,0,0,0,0,0,0,3,1,5,2,47,8,1968,2,3,2,1,2
2018420312806,2,8,0,17,0,0,1,0,0,0,3,1,1,1,37,7,1560,2,8,6,1,6
2018420312866,1,9,0,9,0,8,0,0,0,0,1,1,6,1,-1,-1,1248,2,13,-1,-1,-1
2018420312866,2,9,0,18,0,8,0,0,0,0,4,1,5,1,81,11,1598,1,5,9,1,9
2018420312870,1,9,0,18,0,1,0,0,0,0,1,1,6,2,32,6,999,1,1,5,1,5