Accident_Index,Vehicle_Reference,Vehicle_Type,Towing_and_Articulation,Vehicle_Manoeuvre,Vehicle_Location-Restricted_Lane,Junction_Location,Skidding_and_Overturning,Hit_Object_in_Carriageway,Vehicle_Leaving_Carriageway,Hit_Object_off_Carriageway,1st_Point_of_Impact,Was_Vehicle_Left_Hand_Drive?,Journey_Purpose_of_Driver,Sex_of_Driver,Age_of_Driver,Age_Band_of_Driver,Engine_Capacity_(CC),Propulsion_Code,Age_of_Vehicle,Driver_IMD_Decile,Driver_Home_Area_Type,Vehicle_IMD_Decile
2018420312870,2,9,0,4,0,1,0,0,0,0,2,1,6,1,72,10,3311,8,12,6,3,6
2018420312870,3,9,0,4,0,1,0,0,0,0,2,1,6,2,36,7,999,1,3,3,1,3
2018420312880,1,19,0,18,0,1,0,0,7,10,1,1,1,1,63,9,1461,2,12,3,1,3
2018420312880,2,9,0,18,0,2,0,0,0,0,1,1,5,2,56,9,1968,2,2,9,1,9
2018420312881,1,9,0,18,0,3,0,0,0,0,1,1,5,1,25,5,998,1,3,8,1,8
2018420312896,1,9,0,7,0,1,0,0,0,0,1,1,5,1,42,7,1560,2,1,6,3,6
2018420312896,2,9,0,4,0,1,0,0,0,0,1,1,6,2,57,9,1390,1,8,4,1,4
2018420312899,1,11,0,18,0,0,0,0,0,0,1,1,1,1,26,6,7300,2,16,4,1,4
2018420312905,1,21,0,18,0,0,0,0,0,0,1,1,1,1,54,8,10837,2,3,3,1,3
2018420312905,2,21,1,4,0,0,0,0,0,0,2,1,1,1,46,8,6692,2,7,6,2,6
2018420312905,3,21,1,4,0,0,0,0,0,0,2,1,1,1,53,8,12809,2,4,7,3,7
2018420312986,1,9,0,18,0,0,0,0,0,0,1,1,6,1,26,6,1598,1,15,3,1,3
2018420312986,2,9,0,18,0,0,0,0,0,0,1,1,6,2,23,5,1299,1,10,4,1,4
2018420313035,1,9,0,12,0,0,0,0,0,0,3,1,2,2,23,5,1229,1,9,3,1,3
2018420313035,2,5,0,18,0,0,0,0,0,0,4,1,6,1,31,6,779,1,6,9,1,9
2018420313064,1,9,0,18,0,5,0,0,0,0,4,1,6,2,39,7,1685,2,7,9,1,9
2018420313064,2,90,0,18,0,8,5,0,0,0,1,1,6,1,17,4,-1,-1,-1,3,1,3
2018420313105,1,9,0,12,0,1,0,0,0,0,0,1,6,1,57,9,2429,1,16,7,1,7
2018420313105,2,9,0,2,0,1,0,0,0,0,0,1,5,1,60,9,1586,1,1,10,1,10
2018420313105,3,11,0,18,0,1,0,0,0,0,0,1,1,1,27,6,4461,2,5,10,1,10
2018420313129,1,9,0,9,0,2,0,0,0,0,1,1,6,3,-1,-1,-1,-1,-1,-1,-1,-1
2018420313129,2,9,0,10,0,2,0,0,0,0,2,1,6,1,19,4,998,1,11,6,2,6
2018420313138,1,9,0,18,0,1,0,0,0,0,1,1,6,2,29,6,1242,1,5,9,1,9
2018420313138,2,9,0,10,0,1,0,0,0,0,2,1,1,2,48,8,1999,1,11,3,1,3
2018420313271,1,9,0,5,0,2,0,0,0,0,4,1,6,1,19,4,1197,1,2,9,2,9
2018420313271,2,9,0,3,0,2,0,0,0,0,1,1,6,1,19,4,1229,1,6,5,2,5
2018420313271,3,5,0,18,0,1,0,0,0,0,1,1,6,1,57,9,993,1,17,6,3,6
2018420313272,1,9,0,18,0,0,0,0,0,0,2,1,5,2,19,4,999,1,2,10,1,10
2018420313272,2,21,0,18,0,0,0,0,0,0,1,1,1,1,51,8,2143,2,4,10,1,10
2018420313272,3,9,0,18,0,0,0,0,0,0,1,1,5,2,27,6,1197,1,2,9,1,9
2018420313280,1,5,0,5,0,1,0,0,0,0,0,1,5,2,30,6,649,1,-1,2,1,2
2018420313282,1,9,0,16,0,1,0,0,0,0,1,1,5,1,44,7,1799,1,10,7,2,7
2018420313282,2,9,0,17,0,1,0,0,0,0,3,1,5,2,23,5,1995,2,6,9,1,9
2018420313283,1,9,0,18,0,4,0,0,0,0,1,1,5,1,23,5,1248,2,11,7,1,7
2018420313283,2,9,0,18,0,4,0,0,0,0,2,1,5,2,46,8,1997,2,12,7,2,7
2018420313445,1,9,0,4,0,1,0,0,0,0,1,1,6,1,-1,-1,1398,2,12,-1,-1,-1
2018420313445,2,9,0,4,0,1,0,0,0,0,2,1,6,2,75,10,1388,1,12,3,1,3
2018420313596,1,9,0,18,9,0,0,0,0,0,1,1,2,1,41,7,1598,1,9,10,1,10
2018420313596,2,1,0,18,9,0,5,0,0,0,1,1,6,2,-1,-1,-1,-1,-1,-1,-1,-1
2018420313609,1,19,5,18,0,0,3,0,0,0,3,1,5,1,45,7,2461,2,10,-1,-1,-1
2018420313609,2,19,0,18,0,0,0,0,0,0,1,1,5,1,38,7,1968,2,5,-1,-1,-1
2018420313610,1,9,0,18,0,0,1,0,7,3,1,1,2,1,35,6,2993,2,-1,2,1,2
2018420313612,1,9,0,1,0,0,0,0,0,0,2,1,1,1,49,8,-1,-1,-1,6,1,6
2018420313614,1,9,0,9,0,3,0,0,0,0,1,1,6,1,60,9,2494,8,-1,2,1,2
2018420313614,2,9,0,18,0,4,0,0,0,0,1,1,2,1,29,6,1364,1,10,3,1,3
2018420313750,1,9,0,18,0,1,0,0,0,0,1,1,6,3,-1,-1,-1,-1,-1,-1,-1,-1
2018420313787,1,9,0,5,0,6,0,0,0,0,1,1,5,1,58,9,2378,1,14,8,1,8
2018420313787,2,5,0,17,0,8,0,0,0,0,4,1,5,1,50,8,782,1,4,8,1,8
2018420313854,1,5,0,16,0,0,2,0,7,9,1,1,5,1,32,6,999,1,12,2,1,2
2018420313905,1,9,0,18,0,1,1,0,1,11,3,1,2,1,41,7,1242,1,15,5,2,5
2018420313905,2,9,0,10,0,1,0,0,0,0,4,1,6,2,23,5,1198,1,15,7,3,7
2018420313912,1,9,0,5,0,4,0,0,0,0,3,1,5,1,48,8,1598,1,12,4,1,4
2018420313912,2,1,0,18,0,8,0,0,0,0,1,1,2,1,38,7,-1,-1,-1,4,1,4
2018420313946,1,9,0,16,0,8,0,0,1,4,1,1,2,1,22,5,1422,1,12,-1,-1,-1
2018420313951,1,19,0,18,0,0,0,0,0,0,1,1,1,1,-1,-1,2143,2,8,-1,-1,-1
2018420313951,2,9,0,4,0,0,0,0,0,0,2,1,6,2,24,5,1598,2,-1,10,1,10
2018420313960,1,21,1,18,0,0,2,0,1,9,4,1,1,1,65,9,12809,2,5,7,1,7
2018420313964,1,9,0,18,0,0,0,0,0,0,1,1,6,2,-1,-1,1493,2,8,6,2,6
2018420313964,2,9,0,18,0,0,0,0,0,0,2,1,6,2,58,9,1242,1,2,4,1,4
2018420313967,1,9,0,7,0,8,0,0,3,10,1,1,5,1,66,10,1318,1,1,2,1,2
2018420313973,1,9,0,18,0,0,0,0,0,0,1,1,6,1,52,8,1390,1,12,3,1,3
2018420313973,2,9,0,18,0,0,0,0,0,0,2,1,6,2,54,8,1995,1,15,7,3,7
2018420313973,3,9,0,18,0,0,0,0,0,0,0,1,6,1,62,9,-1,-1,-1,7,3,7
2018420313973,4,9,0,12,0,0,0,0,0,0,0,1,6,3,-1,-1,-1,-1,-1,-1,-1,-1
2018420313977,1,4,0,13,0,1,0,0,0,0,1,1,5,1,17,4,373,1,3,9,1,9
2018420313977,2,9,0,16,0,1,0,0,0,0,1,1,5,2,51,8,1242,1,1,1,1,1
2018420313982,1,9,0,6,0,0,0,0,0,0,3,1,6,1,24,5,1839,1,23,7,3,7
2018420313982,2,9,0,18,0,0,5,0,0,0,1,1,5,1,54,8,1461,2,-1,8,1,8
2018420313984,1,90,0,18,0,0,2,0,7,0,4,1,6,1,22,5,-1,-1,-1,9,1,9
2018420313984,2,9,0,18,0,0,0,0,7,0,4,1,5,2,65,9,1339,1,7,5,3,5
2018420313986,1,9,0,1,0,0,0,4,0,0,1,1,6,1,37,7,1199,1,16,6,3,6
2018420313986,2,9,0,2,0,0,0,0,0,0,2,1,6,3,-1,-1,-1,-1,-1,-1,-1,-1
2018420314003,1,19,0,18,0,8,0,0,0,0,1,1,2,1,28,6,1598,2,11,3,1,3
2018420314003,2,5,0,18,0,8,0,0,0,0,2,1,5,1,35,6,948,1,-1,4,1,4
2018420314012,1,9,0,5,0,3,2,0,2,0,3,1,5,2,55,8,1796,1,11,4,1,4
2018420314012,2,21,1,5,0,3,0,0,0,0,4,1,1,1,55,8,12777,2,8,3,1,3
2018420314046,1,9,0,16,9,1,0,0,7,11,1,1,5,1,21,5,998,1,4,9,1,9
2018420314087,1,9,0,18,0,2,0,0,0,0,1,1,6,1,43,7,999,1,1,2,1,2
2018420314087,2,9,0,3,0,2,0,0,0,0,2,1,6,1,38,7,1997,2,12,6,1,6
2018420314375,1,9,0,16,0,0,5,10,0,0,4,1,2,2,30,6,1598,1,13,1,1,1
2018420314397,1,9,0,5,0,4,0,0,0,0,3,1,6,2,47,8,1318,1,2,-1,-1,-1
2018420314397,2,1,0,18,0,1,0,0,0,0,1,1,2,2,35,6,-1,-1,-1,5,1,5
2018420314398,1,19,0,18,0,0,1,0,0,0,1,1,6,1,51,8,2494,2,16,1,1,1
2018420314398,2,9,0,18,0,0,1,0,0,0,1,1,6,2,57,9,1242,1,17,6,2,6
2018420314399,1,9,0,17,0,0,0,0,0,0,1,1,6,2,20,4,1956,2,6,8,1,8
2018420314399,2,9,0,16,0,0,0,0,0,0,1,1,2,1,63,9,1398,1,8,6,1,6
2018420314413,1,9,0,18,0,0,0,0,0,0,1,1,5,1,22,5,998,1,14,7,1,7
2018420314413,2,9,0,18,0,0,0,0,0,0,1,1,5,2,56,9,1968,2,12,9,3,9
2018420314414,1,19,0,11,0,0,0,0,0,0,4,1,1,1,46,8,2143,2,4,1,1,1
2018420314414,2,9,0,18,0,0,0,0,2,7,3,1,2,2,20,4,1229,1,4,6,1,6
2018420314421,1,9,0,16,0,0,1,0,0,0,3,1,5,1,25,5,1984,1,9,4,1,4
2018420314421,2,19,0,18,0,0,0,0,0,0,3,1,1,1,39,7,2198,2,4,-1,-1,-1
2018420314431,1,19,0,17,0,0,1,0,2,0,1,1,1,1,63,9,2494,2,12,10,1,10
2018420314431,2,9,0,18,0,0,0,0,0,0,1,1,5,2,50,8,1149,1,7,5,1,5
2018420314515,1,8,0,18,0,0,1,0,0,0,1,1,5,1,58,9,1598,2,1,7,1,7
2018420314515,2,9,0,4,0,0,0,0,1,0,2,1,1,2,23,5,1242,1,8,7,1,7
2018420314583,1,9,0,17,0,0,2,0,7,0,3,1,2,2,23,5,1149,1,15,4,1,4
2018420314647,1,9,0,18,0,0,1,0,0,0,1,1,5,2,33,6,1198,1,4,6,3,6
2018420314647,2,9,0,18,0,0,0,0,1,0,1,1,5,1,41,7,2179,2,5,9,2,9
2018420314703,1,9,0,9,0,1,0,0,0,0,1,1,5,2,36,7,1388,1,13,5,1,5
2018420314703,2,9,0,18,0,8,0,0,0,0,1,1,5,2,19,4,998,1,17,1,1,1
2018420314754,1,9,0,3,0,6,0,0,0,0,1,1,6,1,78,11,1396,1,19,1,1,1
2018420314764,1,9,0,18,0,0,0,0,0,0,1,1,2,2,25,5,1242,1,9,7,1,7
2018420314764,2,9,0,18,0,0,0,0,0,0,1,1,5,2,59,9,1995,2,1,6,3,6
2018420314776,1,3,0,17,0,0,0,10,1,2,4,1,5,1,25,5,124,1,10,1,2,1
2018420314777,1,9,0,18,0,0,0,0,1,3,1,1,5,2,17,4,998,1,14,4,1,4
2018420314852,1,9,0,12,0,3,0,0,0,0,3,1,5,1,30,6,1498,1,8,9,1,9
2018420314852,2,9,0,18,0,3,0,0,0,0,4,1,5,2,34,6,988,1,-1,2,1,2
2018420314979,1,21,1,9,0,1,0,0,0,0,4,1,1,1,53,8,12809,2,2,-1,-1,-1
2018420315080,1,9,0,18,7,0,0,0,1,11,3,1,5,2,75,10,796,1,11,8,3,8
2018420315083,1,11,0,16,0,1,0,0,0,0,0,1,1,1,59,9,7300,2,13,4,1,4
2018420315086,1,9,0,18,0,4,0,0,1,2,3,1,6,3,-1,-1,1995,1,13,-1,-1,-1
2018420315086,2,9,0,9,0,3,0,0,0,0,1,1,6,2,19,4,1399,2,15,10,1,10
2018420315112,1,9,0,4,0,0,0,0,0,0,1,1,6,1,27,6,1968,2,2,9,-1,9
2018420315112,2,9,0,4,0,0,0,0,0,0,1,1,5,2,43,7,2179,2,5,4,1,4
2018420315113,1,9,0,5,0,0,0,0,0,0,1,1,6,2,33,6,1200,1,6,3,1,3
2018420315113,2,9,0,9,8,0,0,0,0,0,1,1,6,1,24,5,2393,1,15,5,1,5
2018420315114,1,9,0,13,0,1,0,0,7,11,1,1,5,2,27,6,1149,1,14,2,1,2
2018420315114,2,9,0,4,0,1,0,0,0,0,3,1,5,1,19,4,1242,1,2,4,1,4
2018420315115,1,9,0,18,0,0,0,0,0,0,1,1,6,1,21,5,1360,1,16,9,2,9
2018420315300,1,5,0,16,0,1,2,0,0,0,3,1,2,1,29,6,750,1,5,9,2,9
2018420315300,2,19,0,17,0,1,1,0,0,0,1,1,2,1,34,6,1995,2,11,8,1,8
2018420315360,1,19,0,5,0,3,0,0,0,0,1,1,6,3,-1,-1,1995,2,5,-1,-1,-1
2018420315360,2,9,0,4,0,3,0,0,0,0,2,1,6,1,21,5,1995,2,5,1,1,1
2018420315376,1,3,0,18,0,0,2,0,1,0,1,1,2,1,19,4,125,1,2,4,1,4
2018420315390,1,9,0,9,0,1,0,0,0,0,3,1,6,2,71,10,1242,1,8,8,2,8
2018420315390,2,9,0,18,0,1,0,0,0,0,1,1,6,2,27,6,1390,1,14,3,1,3
2018420315393,1,9,0,9,0,8,0,0,0,0,4,1,2,1,36,7,1197,1,2,6,1,6
2018420315393,2,3,0,18,0,8,0,0,0,0,1,1,2,1,49,8,125,1,4,4,1,4
2018420315396,1,9,0,5,0,6,0,0,0,0,1,1,5,2,35,6,1685,2,7,6,1,6
2018420315396,2,9,0,18,0,1,0,0,0,0,1,1,5,1,90,11,3498,1,10,5,1,5
2018420315478,1,9,0,5,0,8,0,0,0,0,1,1,5,1,53,8,1242,1,3,5,2,5
2018420315478,2,9,0,18,0,8,0,0,0,0,3,1,5,1,67,10,1242,1,8,2,1,2
2018420315480,1,9,0,9,0,1,0,0,0,0,1,1,5,1,59,9,1840,1,17,6,1,6
2018420315480,2,9,0,18,0,1,5,0,0,0,4,1,5,1,77,11,1397,1,17,1,1,1
2018420315489,1,9,0,18,0,1,0,0,0,0,1,1,6,3,-1,-1,-1,-1,-1,-1,-1,-1
2018420315489,2,1,0,5,0,1,0,0,0,0,3,1,5,1,22,5,-1,-1,-1,-1,-1,-1
2018420315495,1,9,0,18,0,4,0,0,0,0,1,1,2,1,24,5,1496,1,2,5,1,5
2018420315495,2,9,0,4,0,4,0,0,0,0,2,1,5,2,33,6,1461,2,9,6,3,6
2018420315549,1,5,0,18,0,0,0,0,0,0,1,1,2,1,20,4,599,1,7,1,1,1
2018420315549,2,9,0,18,0,0,0,0,0,0,2,1,6,1,32,6,1149,1,10,10,1,10
2018420315619,1,9,0,18,0,0,0,4,0,0,1,1,2,2,24,5,-1,-1,-1,6,2,6
2018420315619,2,9,0,2,0,0,0,0,0,0,2,1,6,3,-1,-1,-1,-1,-1,-1,-1,-1
2018420315654,1,21,-1,-1,-1,-1,-1,-1,-1,0,-1,1,1,1,-1,-1,10837,2,7,-1,-1,-1
2018420315654,2,9,0,3,0,1,0,0,0,0,2,1,6,2,26,6,1242,1,7,2,1,2
2018420315759,1,1,0,9,0,6,0,0,0,0,3,1,5,1,38,7,-1,-1,-1,-1,-1,-1
2018420315759,2,9,0,18,0,1,0,0,0,0,1,1,5,2,21,5,898,1,2,5,3,5
2018420315794,1,9,0,18,0,8,1,0,0,0,1,1,6,1,44,7,1796,1,16,-1,-1,-1
2018420315794,2,9,0,9,0,1,0,0,0,0,1,1,6,1,55,8,2488,2,9,2,1,2
2018420315794,3,9,0,18,0,2,0,0,0,0,0,1,1,1,44,7,2993,2,1,8,1,8
2018420315795,1,9,0,18,0,1,0,0,0,0,1,1,5,2,21,5,998,1,8,9,1,9
2018420315795,2,9,0,4,0,1,0,0,0,0,2,1,1,1,67,10,-1,-1,-1,5,3,5
2018420315795,3,9,0,4,0,1,0,0,0,0,2,1,1,1,58,9,-1,-1,-1,7,1,7
2018420315801,1,9,0,15,0,1,0,0,0,0,4,1,1,1,53,8,1399,2,11,4,1,4
2018420315803,1,1,0,18,0,8,0,0,0,0,1,1,2,1,19,4,-1,-1,-1,8,1,8
2018420315803,2,9,0,18,0,8,0,0,0,0,3,1,2,2,53,8,1798,1,11,4,1,4
2018420315808,1,9,0,18,0,0,2,0,0,0,1,1,6,2,52,8,1560,2,11,5,1,5
2018420315808,2,9,0,4,0,0,0,0,0,0,2,1,5,1,33,6,1560,2,4,-1,-1,-1
2018420315809,1,5,0,18,0,0,0,0,0,0,1,1,6,1,46,8,865,1,4,10,1,10
2018420315809,2,19,0,18,0,0,0,0,0,0,2,1,2,1,27,6,2198,2,2,10,3,10
2018420315820,1,9,0,18,0,0,0,0,1,4,1,1,5,1,76,11,1587,1,12,3,1,3
2018420315825,1,9,0,12,0,0,0,0,0,0,1,1,6,2,76,11,1839,1,24,5,1,5
2018420315825,2,9,0,18,6,0,0,0,1,0,1,1,6,1,30,6,1986,2,12,2,1,2
2018420315826,1,5,0,13,0,1,0,0,0,0,4,1,5,1,43,7,599,1,12,3,1,3
2018420315826,2,21,0,5,0,1,0,0,0,0,3,1,1,1,43,7,12740,2,3,1,1,1
2018420315828,1,9,0,18,0,0,0,0,1,1,1,1,2,2,42,7,1339,1,15,6,1,6
2018420315833,1,9,0,18,0,0,0,0,0,0,1,1,6,1,44,7,1587,1,13,3,1,3
2018420315833,2,9,0,3,0,0,0,0,0,0,3,1,6,2,32,6,1461,2,-1,7,1,7
2018420315833,3,9,0,18,0,0,0,0,0,0,1,1,1,1,49,8,-1,-1,-1,9,1,9
2018420315836,1,9,0,9,0,1,0,0,0,0,1,1,1,1,62,9,-1,-1,-1,5,2,5
2018420315836,2,9,0,18,0,1,0,0,0,0,1,1,5,2,52,8,1997,1,13,5,1,5
2018420315846,1,90,0,4,0,0,0,0,0,0,2,1,1,1,38,7,-1,-1,-1,1,1,1
2018420315846,2,9,0,4,0,0,0,0,0,0,2,1,5,2,51,8,1499,2,3,2,1,2
2018420315846,3,9,0,2,0,0,0,0,0,0,2,1,6,1,22,5,1560,2,9,1,1,1
2018420315873,1,9,0,4,0,0,0,0,0,0,1,1,5,1,71,10,1587,1,15,4,1,4
2018420315873,2,9,0,4,0,0,0,0,0,0,2,1,5,2,23,5,1986,2,10,1,1,1
2018420315873,3,9,0,4,0,0,0,0,0,0,2,1,6,3,-1,-1,-1,-1,-1,-1,-1,-1
2018420315875,1,9,0,18,0,4,0,0,0,0,3,1,1,2,59,9,1388,1,7,5,1,5
2018420315875,2,1,0,18,0,2,0,0,0,0,1,1,5,1,59,9,-1,-1,-1,-1,-1,-1
2018420315876,1,9,0,18,0,4,0,0,0,0,1,1,1,2,59,9,1388,1,7,5,1,5
2018420315876,2,1,0,9,0,8,0,0,0,0,4,1,5,1,59,9,-1,-1,-1,6,1,6
2018420315882,1,19,4,18,0,0,0,0,0,0,0,1,1,1,-1,-1,2143,2,3,-1,-1,-1
2018420315882,2,16,0,18,0,0,0,0,0,0,0,1,6,2,23,5,-1,-1,-1,5,-1,5
2018420315885,1,9,0,4,0,0,0,0,0,0,1,1,6,2,29,6,1598,2,4,8,1,8
2018420315885,2,19,0,3,0,0,0,0,0,0,2,1,6,1,48,8,1968,2,1,5,2,5
2018420315885,3,9,0,3,0,0,0,0,0,0,2,1,6,2,48,8,1396,2,9,6,1,6
2018420315888,1,9,0,7,0,5,0,0,0,0,4,1,6,2,58,9,1560,2,4,3,1,3
2018420315888,2,1,0,18,0,1,0,0,0,0,1,1,6,1,30,6,-1,-1,-1,9,1,9
2018420315898,1,1,0,18,0,1,0,0,0,0,4,1,5,1,14,3,-1,-1,-1,3,1,3
2018420315898,2,9,0,18,0,1,0,0,0,0,1,1,1,1,51,8,1598,2,6,3,1,3
2018420315918,1,9,0,5,0,0,0,0,0,0,1,1,6,1,25,5,-1,-1,-1,-1,-1,-1
2018420315927,1,3,0,4,0,1,1,7,0,0,3,1,5,1,19,4,125,1,3,9,1,9
2018420315928,1,9,0,11,0,1,0,0,0,0,0,1,6,1,72,10,1329,1,7,9,1,9
2018420315928,2,9,0,18,0,1,0,0,0,0,3,1,5,1,44,7,-1,-1,-1,6,3,6
2018420315935,1,9,0,18,0,0,1,0,0,0,3,1,5,2,82,11,999,1,1,8,3,8
2018420315935,2,9,0,18,0,0,0,0,0,0,3,1,2,2,26,6,1248,2,12,9,1,9
2018420315990,1,21,5,18,0,0,0,0,0,0,1,1,1,1,53,8,12419,2,4,-1,-1,-1
2018420315990,2,9,0,18,0,0,0,0,0,0,2,1,5,1,25,5,2143,2,7,4,1,4
2018420315992,1,19,0,7,0,8,0,0,0,0,4,1,2,1,47,8,-1,-1,-1,3,1,3
2018420315992,2,1,0,18,0,8,0,0,0,0,3,1,5,2,39,7,-1,-1,-1,10,1,10
2018420316004,1,9,0,15,0,0,0,0,7,0,1,1,5,1,20,4,1395,1,4,8,1,8
2018420316004,2,9,0,18,0,0,0,0,1,0,1,1,5,1,44,7,2998,1,-1,10,1,10
2018420316004,3,9,0,18,0,0,0,0,0,0,0,1,6,3,18,4,-1,-1,-1,-1,-1,-1
2018420316014,1,9,0,18,0,0,0,0,0,0,1,1,5,2,22,5,1461,2,7,5,1,5
2018420316014,2,9,0,4,0,0,0,0,0,0,2,1,5,2,49,8,1329,1,9,5,2,5
2018420316014,3,9,0,3,0,0,0,4,0,0,2,1,6,2,78,11,1596,1,10,3,1,3
2018420316014,4,9,0,4,0,0,0,0,0,0,2,1,5,1,35,6,1598,2,5,6,3,6
2018420316017,1,9,0,15,0,1,0,4,0,0,1,1,5,1,78,11,1596,1,17,9,1,9
2018420316017,2,19,0,2,0,1,0,0,1,0,2,1,6,3,-1,-1,-1,-1,-1,-1,-1,-1
2018420316019,1,9,0,9,0,6,0,0,0,0,1,1,5,2,78,11,1339,1,8,6,3,6
2018420316019,2,9,0,18,0,8,0,0,7,0,1,1,5,2,40,7,2231,2,11,3,1,3
2018420316021,1,9,0,7,0,0,0,0,0,0,3,1,6,3,-1,-1,998,1,2,-1,-1,-1
2018420316021,2,9,0,9,0,0,0,0,0,0,3,1,6,2,27,6,1598,1,9,6,1,6
2018420316028,1,8,0,5,0,1,0,0,0,0,3,1,6,1,68,10,2143,2,4,5,1,5
2018420316028,2,9,0,18,0,1,0,0,0,0,1,1,5,1,44,7,2148,2,9,7,1,7
2018420316216,1,9,0,5,0,6,0,0,0,0,1,1,6,1,20,4,1984,1,3,2,1,2
2018420316216,2,1,0,18,0,8,0,0,0,0,4,1,6,1,28,6,-1,-1,-1,8,1,8
2018420316216,3,1,0,18,0,8,0,0,0,0,4,1,6,1,24,5,-1,-1,-1,8,1,8
2018420316257,1,9,0,18,0,1,0,0,0,0,1,1,6,1,-1,-1,2993,2,3,-1,-1,-1
2018420316257,2,9,0,3,0,1,0,0,0,0,2,1,1,1,49,8,1781,1,18,6,3,6
2018420316321,1,9,0,18,0,1,0,0,0,0,3,1,1,2,21,5,1242,1,7,-1,-1,-1
2018420316321,2,9,0,9,0,1,0,0,0,0,1,1,5,1,73,10,1329,1,8,10,1,10
2018420316324,1,9,0,9,0,6,0,0,0,0,3,1,5,1,38,7,998,1,-1,7,3,7
2018420316324,2,3,0,18,0,8,2,0,0,0,1,1,6,1,56,9,123,1,35,8,2,8
2018420316365,1,9,0,14,0,1,0,0,0,0,1,1,1,2,25,5,1388,1,8,2,1,2
2018420316365,2,11,0,2,0,8,0,0,0,0,0,1,1,1,45,7,4461,2,4,3,1,3
2018420316428,1,19,0,1,4,0,0,0,0,0,2,1,1,1,19,4,1560,2,1,10,1,10
2018420316428,2,1,0,18,4,0,5,0,0,0,1,1,5,1,67,10,-1,-1,-1,10,1,10
2018420316429,1,9,0,17,0,8,0,0,0,0,1,1,5,1,29,6,1275,1,20,2,1,2
2018420316429,2,9,0,18,0,8,0,0,0,0,1,1,5,1,68,10,1399,2,7,6,1,6
2018420316469,1,9,0,18,0,1,0,0,0,0,1,1,6,3,-1,-1,-1,-1,-1,-1,-1,-1
2018420316469,2,3,0,12,0,2,0,0,0,0,3,1,6,1,32,6,124,1,9,1,1,1
2018420316488,1,9,0,3,0,0,0,0,0,0,2,1,5,2,67,10,1998,1,15,7,3,7
2018420316488,2,9,0,4,0,0,0,4,0,0,2,1,6,1,19,4,1197,1,4,9,1,9
2018420316488,3,9,0,4,0,0,0,4,0,0,1,1,6,1,44,7,1995,2,12,1,1,1
2018420316556,1,9,0,9,0,2,0,0,0,0,1,1,6,1,-1,-1,1796,1,12,-1,-1,-1
2018420316556,2,3,0,18,0,1,0,0,0,0,1,1,6,1,22,5,100,1,11,5,1,5
2018420316606,1,9,0,18,0,0,0,0,0,0,4,1,6,3,-1,-1,-1,-1,-1,-1,-1,-1
2018420316606,2,9,0,2,0,0,0,0,0,0,3,1,6,3,-1,-1,-1,-1,-1,-1,-1,-1
2018420316679,1,98,0,18,0,0,0,0,0,0,0,1,6,1,-1,-1,-1,-1,-1,-1,-1,-1
2018420316714,1,98,0,13,0,0,0,0,0,0,4,1,6,1,-1,-1,-1,-1,-1,-1,-1,-1
2018420316714,2,1,0,18,0,0,0,0,0,0,3,1,2,1,54,8,-1,-1,-1,9,2,9
2018420316808,1,9,0,18,0,0,0,0,0,0,1,1,6,1,-1,-1,-1,-1,-1,-1,-1,-1
2018420316808,2,1,0,18,0,0,0,0,0,0,2,1,5,1,38,7,-1,-1,-1,3,1,3
2018420316932,1,9,0,18,0,8,0,0,0,0,3,1,6,3,-1,-1,-1,-1,-1,-1,-1,-1
2018420316932,2,5,0,18,0,3,0,0,0,0,4,1,5,1,56,9,898,1,10,8,1,8
2018420316933,1,9,0,17,0,0,5,0,1,9,1,1,6,1,57,9,3123,1,12,-1,-1,-1
2018420316935,1,9,0,18,0,0,0,0,0,0,1,1,6,1,30,6,-1,-1,-1,-1,-1,-1
2018420316935,2,19,0,18,0,0,0,0,0,0,2,1,2,1,32,6,1560,2,1,1,1,1
2018420316936,1,5,0,13,0,8,0,0,0,0,1,1,2,1,59,9,1130,1,14,8,3,8
2018420316936,2,9,0,16,0,8,0,0,0,0,1,1,2,1,40,7,1679,1,16,4,1,4
2018420316937,1,9,4,5,0,6,0,0,1,0,3,1,5,1,61,9,2495,2,24,4,3,4
2018420316937,2,9,0,18,0,1,1,0,7,0,1,1,1,1,31,6,-1,-1,-1,5,1,5
2018420316939,1,21,1,12,0,0,0,0,0,0,3,1,1,1,40,7,-1,-1,-1,-1,-1,-1
2018420316939,2,9,0,18,0,0,0,0,1,0,4,1,2,1,39,7,1999,1,5,2,1,2
2018420316945,1,9,0,17,0,0,5,0,0,0,0,1,5,2,20,4,999,1,1,9,3,9
2018420316946,1,9,0,9,0,8,0,0,0,0,4,1,5,2,66,10,1498,1,9,8,1,8
2018420316946,2,9,0,18,0,1,0,0,0,0,1,1,5,1,32,6,1596,1,5,3,1,3
2018420316948,1,9,0,9,0,8,0,0,0,0,4,1,5,2,49,8,998,1,1,6,1,6
2018420316948,2,9,0,18,0,8,0,0,0,0,1,1,5,2,19,4,1242,1,6,1,1,1
2018420317030,1,9,0,18,0,0,0,0,0,0,4,1,6,1,19,4,1198,1,8,9,1,9