Accident_Index,Vehicle_Reference,Vehicle_Type,Towing_and_Articulation,Vehicle_Manoeuvre,Vehicle_Location-Restricted_Lane,Junction_Location,Skidding_and_Overturning,Hit_Object_in_Carriageway,Vehicle_Leaving_Carriageway,Hit_Object_off_Carriageway,1st_Point_of_Impact,Was_Vehicle_Left_Hand_Drive?,Journey_Purpose_of_Driver,Sex_of_Driver,Age_of_Driver,Age_Band_of_Driver,Engine_Capacity_(CC),Propulsion_Code,Age_of_Vehicle,Driver_IMD_Decile,Driver_Home_Area_Type,Vehicle_IMD_Decile
2018420317068,1,4,0,18,0,0,0,12,0,0,3,1,6,1,45,7,471,1,1,9,2,9
2018420317121,1,9,0,5,0,0,0,0,0,0,1,1,6,1,21,5,1497,1,13,4,3,4
2018420317162,1,9,0,11,0,1,0,0,0,0,4,1,6,1,-1,-1,1362,1,5,-1,-1,-1
2018420317162,2,9,0,18,0,1,0,0,0,0,3,1,6,1,35,6,1896,2,19,8,3,8
2018420317167,1,9,0,4,0,1,0,0,1,0,1,1,5,1,77,11,1299,1,10,5,1,5
2018420317167,2,90,0,2,9,1,0,0,0,0,3,1,1,1,63,9,-1,-1,-1,6,1,6
2018420317170,1,9,0,18,0,0,0,0,0,0,1,1,5,2,69,10,1497,8,4,9,1,9
2018420317170,2,9,0,2,0,0,0,0,0,0,2,1,6,3,-1,-1,-1,-1,-1,-1,-1,-1
2018420317170,3,9,0,2,0,0,0,0,0,0,2,1,5,1,35,6,2685,2,13,7,1,7
2018420317170,4,9,0,2,0,0,0,0,0,0,2,1,6,2,30,6,1560,2,9,7,1,7
2018420317186,1,9,0,4,0,0,0,0,0,0,1,1,6,2,-1,-1,1988,1,16,-1,-1,-1
2018420317186,2,9,0,3,0,0,0,0,0,0,2,1,6,1,18,4,1388,1,14,5,1,5
2018420317186,3,19,0,3,0,0,0,0,0,0,2,1,6,1,-1,-1,1461,2,4,-1,-1,-1
2018420317248,1,9,0,18,0,0,0,0,7,0,1,1,5,1,26,6,1796,1,12,3,1,3
2018420317248,2,9,0,18,0,0,5,0,0,0,1,1,5,2,42,7,1598,1,6,9,1,9
2018420317290,1,9,0,18,0,0,0,0,0,0,1,1,6,1,39,7,-1,-1,-1,1,1,1
2018420317290,2,9,0,18,0,0,0,0,0,0,2,1,6,2,84,11,1242,1,2,3,2,3
2018420317290,3,9,0,18,0,0,0,0,0,0,2,1,6,1,53,8,5439,1,13,8,3,8
2018420317290,4,9,0,18,0,0,0,0,0,0,2,1,6,2,47,8,998,1,1,5,1,5
2018420317294,1,1,0,18,0,8,0,0,0,0,1,1,2,1,48,8,-1,-1,-1,9,1,9
2018420317294,2,9,0,4,0,1,0,0,0,0,3,1,5,2,31,6,1397,1,7,9,1,9
2018420317295,1,19,0,9,0,4,0,0,0,0,1,1,5,1,48,8,1995,2,10,6,1,6
2018420317295,2,9,0,18,0,8,0,0,1,2,4,1,5,2,55,8,1360,1,15,3,1,3
2018420317304,1,9,0,18,0,0,0,0,0,0,4,1,5,1,71,10,1596,1,4,7,1,7
2018420317304,2,9,0,18,0,0,0,0,0,0,4,1,5,2,62,9,1364,1,1,5,1,5
2018420317316,1,9,0,12,0,0,0,0,1,0,1,1,5,2,28,6,1560,2,5,7,1,7
2018420317316,2,9,0,18,0,0,0,0,0,0,1,1,5,1,46,8,-1,-1,-1,4,1,4
2018420317320,1,5,0,15,0,0,5,0,0,0,1,1,6,1,35,6,749,1,6,8,2,8
2018420317320,2,9,0,9,0,0,0,0,0,0,2,1,5,1,71,10,1995,2,3,9,1,9
2018420317450,1,9,0,17,0,0,1,0,0,0,3,1,5,2,40,7,1242,1,16,9,2,9
2018420317450,2,9,0,17,0,0,0,0,0,0,3,1,5,1,32,6,1753,2,16,3,1,3
2018420317506,1,21,0,7,0,1,0,0,0,0,4,1,1,1,45,7,-1,-1,-1,2,1,2
2018420317544,1,90,0,14,0,4,0,0,0,0,1,1,1,2,24,5,-1,3,2,3,1,3
2018420317544,2,9,0,18,0,3,0,0,0,0,3,2,1,1,51,8,1500,2,1,5,1,5
2018420317604,1,9,0,5,0,2,1,0,1,0,3,1,2,2,19,4,998,1,11,6,2,6
2018420317604,2,19,0,16,0,2,0,0,1,0,1,1,2,1,56,9,2143,2,6,6,3,6
2018420317607,1,9,0,16,0,0,0,0,0,0,1,1,2,1,25,5,1896,2,13,-1,-1,-1
2018420317607,2,1,0,18,0,0,5,0,0,0,4,1,2,2,32,6,-1,-1,-1,6,1,6
2018420317677,1,9,0,5,0,6,0,0,0,0,1,1,6,2,35,6,1240,1,14,4,1,4
2018420317677,2,9,0,18,0,8,0,0,0,0,4,1,6,1,36,7,999,1,2,9,-1,9
2018420317681,1,9,0,18,0,8,0,0,0,0,4,1,6,1,56,9,1999,1,9,3,1,3
2018420317681,2,9,0,9,0,8,0,0,0,0,3,1,2,1,58,9,1388,1,12,4,1,4
2018420317753,1,9,0,18,0,0,0,0,0,0,1,1,5,2,47,8,1618,1,5,-1,-1,-1
2018420317818,1,9,0,5,0,4,0,0,0,0,1,1,5,1,57,9,1248,2,10,5,1,5
2018420317818,2,3,0,3,0,4,0,0,0,0,2,1,5,1,30,6,125,1,8,6,1,6
2018420317833,1,9,0,4,0,1,1,0,0,0,1,1,2,2,32,6,1995,2,6,8,-1,8
2018420317833,2,9,0,4,0,1,0,0,0,0,2,1,5,1,47,8,1798,1,11,5,2,5
2018420317833,3,9,0,4,0,1,0,0,0,0,2,1,5,1,51,8,2982,2,7,5,1,5
2018420317834,1,9,0,18,0,0,0,0,0,0,1,1,6,1,31,6,1396,1,18,10,2,10
2018420317835,1,9,0,5,0,4,0,0,0,0,3,1,6,1,89,11,1339,1,9,9,1,9
2018420317835,2,1,0,17,0,8,5,0,0,0,1,1,6,2,53,8,-1,-1,-1,8,2,8
2018420317838,1,9,0,4,0,4,0,0,0,0,1,1,5,1,26,6,1975,1,10,3,1,3
2018420317838,2,9,0,3,0,8,0,0,0,0,2,1,5,1,21,5,999,1,4,9,1,9
2018420317841,1,9,0,18,0,0,1,0,0,0,1,1,5,2,54,8,1997,2,2,5,1,5
2018420317841,2,9,0,18,0,0,0,0,0,0,2,1,6,2,55,8,1373,1,1,9,1,9
2018420317841,3,9,0,18,0,0,0,0,0,0,2,1,6,2,35,6,1197,1,1,7,1,7
2018420317842,1,9,0,9,0,2,0,0,0,0,0,1,6,3,-1,-1,1596,1,2,-1,-1,-1
2018420317842,2,9,0,18,0,1,1,0,0,0,1,1,5,1,23,5,1798,1,9,3,1,3
2018420317842,3,8,0,18,0,1,0,0,0,0,1,1,1,1,67,10,1686,2,8,10,1,10
2018420317847,1,19,0,18,0,2,0,0,1,0,1,1,5,1,28,6,2198,2,3,8,2,8
2018420317847,2,19,0,18,0,1,0,0,1,0,1,1,6,1,26,6,2143,2,1,10,1,10
2018420317858,1,9,0,5,0,4,0,0,0,0,1,1,5,1,70,10,1197,1,5,4,1,4
2018420317858,2,1,0,18,0,3,0,0,0,0,4,1,6,2,45,7,-1,-1,-1,-1,-1,-1
2018420317863,1,9,0,9,0,8,0,0,0,0,1,1,2,1,27,6,1198,1,15,6,1,6
2018420317863,2,1,0,18,0,1,0,0,0,0,1,1,2,1,39,7,-1,-1,-1,4,1,4
2018420317871,1,1,0,15,9,0,0,0,0,0,1,1,5,1,-1,-1,-1,-1,-1,-1,-1,-1
2018420317872,1,9,0,18,0,8,0,0,0,0,1,1,6,3,-1,-1,-1,-1,-1,-1,-1,-1
2018420317872,2,9,0,9,0,8,0,0,0,0,2,1,6,2,29,6,1998,1,13,4,1,4
2018420317912,1,9,0,12,0,0,0,0,0,0,1,1,6,1,-1,-1,999,1,-1,-1,-1,-1
2018420317912,2,9,0,18,0,0,0,0,1,0,2,1,6,2,69,10,998,1,15,5,1,5
2018420317913,1,9,0,18,0,2,0,0,1,0,1,1,5,1,17,4,1995,2,11,4,1,4
2018420317915,1,9,0,9,9,5,0,0,7,10,1,1,5,2,80,11,1587,1,14,5,2,5
2018420317916,1,9,0,5,0,1,0,0,0,0,3,1,5,2,23,5,1598,1,6,2,-1,2
2018420317916,2,1,0,18,0,1,0,0,0,0,4,1,5,1,62,9,-1,-1,-1,7,1,7
2018420317917,1,5,0,17,0,0,0,0,7,0,3,1,5,1,38,7,999,1,5,2,1,2
2018420317917,2,19,0,16,0,0,0,0,0,0,3,1,1,1,31,6,2198,2,6,9,1,9
2018420317920,1,19,0,17,0,0,2,0,7,0,4,1,1,1,24,5,2298,2,7,3,1,3
2018420317920,2,9,0,18,0,0,0,0,1,0,1,1,6,1,41,7,1870,2,13,5,1,5
2018420317921,1,9,0,1,0,1,0,0,0,0,1,1,6,3,17,4,-1,-1,-1,-1,-1,-1
2018420317922,1,9,0,18,0,0,0,0,0,0,3,1,6,3,-1,-1,-1,-1,-1,-1,-1,-1
2018420317922,2,9,0,18,0,0,0,0,0,0,4,1,5,1,57,9,2926,2,14,3,1,3
2018420317925,1,9,0,18,0,2,2,0,7,9,1,1,2,2,29,6,2179,2,6,6,1,6
2018420317925,2,9,0,18,0,2,1,0,1,1,1,1,2,1,19,4,1229,1,8,6,1,6
2018420317928,1,9,0,16,0,0,1,0,0,0,1,1,6,1,26,6,1896,2,12,7,3,7
2018420317928,2,9,0,2,0,0,0,0,0,0,1,1,6,2,61,9,999,1,1,7,3,7
2018420317930,1,9,0,18,0,0,0,0,0,0,1,1,5,1,22,5,1499,2,3,8,2,8
2018420317930,2,98,0,2,0,0,0,0,0,0,1,1,6,3,-1,-1,-1,-1,-1,-1,-1,-1
2018420317942,1,9,0,18,0,8,0,0,7,0,4,1,5,2,81,11,1399,1,11,4,1,4
2018420317942,2,9,0,5,0,8,0,0,0,0,3,1,5,1,28,6,1560,2,9,2,1,2
2018420317967,1,9,0,5,0,6,0,0,0,0,1,1,6,2,33,6,999,1,4,4,1,4
2018420317967,2,1,0,18,0,8,0,0,0,0,4,1,6,2,71,10,-1,-1,-1,3,1,3
2018420317980,1,9,0,5,0,0,0,0,0,0,1,1,6,2,31,6,1969,2,4,10,1,10
2018420317980,2,1,0,18,9,0,0,0,0,0,1,1,3,1,-1,-1,-1,-1,-1,-1,-1,-1
2018420318010,1,9,0,18,0,0,1,0,0,0,3,1,6,2,55,8,1995,2,1,10,1,10
2018420318010,2,9,0,18,0,0,1,0,0,0,3,1,5,1,35,6,1395,1,2,9,1,9
2018420318012,1,9,0,9,0,1,0,0,0,0,4,1,5,2,49,8,2972,1,14,2,1,2
2018420318012,2,9,0,18,0,1,0,0,0,0,4,1,5,1,74,10,998,1,1,5,3,5
2018420318023,1,9,0,5,0,0,0,0,0,0,1,1,6,1,-1,-1,1595,1,17,-1,-1,-1
2018420318023,2,9,0,4,0,0,0,0,0,0,2,1,6,1,66,10,1398,1,7,7,3,7
2018420318030,1,5,0,18,0,0,0,0,0,0,1,1,2,1,38,7,996,1,15,3,1,3
2018420318030,2,9,0,9,0,0,0,0,0,0,3,1,6,1,62,9,1997,1,14,4,1,4
2018420318164,1,9,0,4,0,1,0,0,0,0,2,1,6,1,-1,-1,-1,-1,-1,-1,-1,-1
2018420318164,2,9,0,3,0,1,0,0,0,0,2,1,6,2,19,4,1390,1,14,4,1,4
2018420318241,1,9,0,14,0,1,0,0,0,0,1,1,6,1,-1,-1,-1,-1,-1,-1,-1,-1
2018420318241,2,8,0,9,0,6,0,0,0,0,3,1,1,1,29,6,2143,2,4,10,1,10
2018420318246,1,98,1,18,0,0,1,7,5,6,1,1,1,1,54,8,-1,-1,-1,-1,-1,-1
2018420318246,2,9,0,18,0,0,1,7,6,6,2,1,5,1,41,7,1910,2,13,6,1,6
2018420318305,1,9,0,18,0,0,0,0,0,0,3,1,5,1,31,6,1596,1,12,7,3,7
2018420318305,2,9,0,18,0,0,0,0,1,0,3,1,6,1,32,6,-1,-1,-1,9,2,9
2018420318307,1,9,0,4,0,0,0,0,0,0,1,1,5,2,58,9,1496,1,1,8,1,8
2018420318307,2,10,0,5,0,0,0,0,0,0,2,1,5,2,31,6,-1,-1,-1,7,1,7
2018420318307,3,9,0,5,0,0,0,0,0,0,2,1,5,2,33,6,1598,1,8,2,1,2
2018420318307,4,9,0,5,0,0,0,0,0,0,2,1,5,2,28,6,1997,2,9,5,2,5
2018420318309,1,19,0,4,0,0,0,0,0,0,1,1,1,1,34,6,-1,-1,-1,-1,-1,-1
2018420318309,2,8,0,4,0,0,0,0,0,0,2,1,1,1,32,6,-1,-1,-1,8,1,8
2018420318388,1,9,0,18,0,0,0,0,0,0,2,1,6,1,26,6,1560,2,5,2,1,2
2018420318388,2,9,0,18,0,0,0,0,0,0,1,1,6,1,30,6,1497,8,15,3,1,3
2018420318577,1,9,0,18,0,0,0,0,0,0,1,1,2,1,26,6,1229,1,6,3,1,3
2018420318577,2,9,0,10,0,0,0,0,0,0,2,1,2,2,25,5,1242,1,6,3,1,3
2018420318624,1,9,0,17,0,0,0,0,1,0,3,1,6,2,-1,-1,1149,1,12,-1,-1,-1
2018420318624,2,9,0,18,0,0,0,0,0,0,1,1,6,2,61,9,1198,1,8,5,1,5
2018420318677,1,9,0,4,0,1,0,0,0,0,1,1,6,1,-1,-1,1600,2,9,-1,-1,-1
2018420318677,2,9,0,4,0,4,0,0,0,0,2,1,6,2,37,7,1582,2,2,6,1,6
2018420318680,1,21,0,18,0,8,1,0,0,0,3,1,1,1,31,6,7698,2,3,4,1,4
2018420318680,2,9,0,14,0,8,0,0,0,0,3,1,5,2,25,5,1596,1,11,2,1,2
2018420318681,1,9,0,18,0,0,1,0,0,0,1,1,6,2,41,7,1242,1,17,3,1,3
2018420318681,2,9,0,4,0,0,0,0,0,0,2,1,5,2,43,7,1395,1,1,10,1,10
2018420318681,3,9,0,4,0,0,0,0,0,0,2,1,1,1,26,6,-1,-1,-1,4,2,4
2018420318681,4,9,0,4,0,0,0,0,0,0,2,1,6,1,54,8,1991,8,1,9,1,9
2018420318692,1,19,0,18,0,0,0,0,0,0,1,1,1,1,51,8,1968,2,4,9,2,9
2018420318780,1,19,0,3,0,1,0,0,0,0,3,1,6,3,-1,-1,1686,2,14,-1,-1,-1
2018420318780,2,9,0,18,0,2,0,0,0,0,3,1,6,1,26,6,1368,1,8,2,1,2
2018420318931,1,9,0,9,0,8,0,0,0,0,1,1,6,2,18,4,1598,1,15,8,2,8
2018420318931,2,9,0,18,0,8,0,0,0,0,1,1,6,1,54,8,-1,-1,-1,5,3,5
2018420318944,1,9,0,7,0,6,0,0,0,0,1,1,1,1,18,4,1598,2,4,3,1,3
2018420318944,2,9,0,18,0,1,5,0,1,11,3,1,5,2,39,7,-1,-1,-1,9,2,9
2018420318984,1,21,1,4,0,8,0,0,0,0,1,1,1,1,44,7,12777,2,4,3,1,3
2018420318984,2,9,0,3,0,8,0,0,0,0,2,1,5,2,36,7,1999,2,3,6,2,6
2018420319071,1,9,0,18,0,0,0,0,0,0,1,1,6,1,49,8,998,1,3,-1,-1,-1
2018420319071,2,9,0,16,0,0,0,0,0,0,0,1,6,3,-1,-1,-1,-1,-1,-1,-1,-1
2018420319071,3,9,0,16,0,0,0,0,0,0,0,1,6,3,-1,-1,-1,-1,-1,-1,-1,-1
2018420319071,4,1,0,18,0,0,0,0,0,0,1,1,5,2,49,8,-1,-1,-1,-1,-1,-1
2018420319183,1,19,0,18,0,2,0,0,6,0,1,1,2,1,49,8,2198,2,3,2,1,2
2018420319183,2,9,0,18,0,1,0,0,1,0,1,1,5,1,69,10,1198,1,10,8,1,8
2018420319198,1,1,0,18,0,0,0,0,0,0,1,1,5,1,44,7,-1,-1,-1,4,1,4
2018420319198,2,9,0,18,0,0,0,0,0,0,2,1,6,2,18,4,998,1,1,6,1,6
2018420319239,1,9,0,9,0,8,0,0,0,0,1,1,6,1,-1,-1,1368,1,9,-1,-1,-1
2018420319239,2,9,0,9,0,1,0,0,0,0,3,1,6,1,27,6,1560,2,-1,1,1,1
2018420319286,1,4,0,13,0,8,1,0,0,0,1,1,2,1,23,5,471,1,4,3,1,3
2018420319286,2,9,0,7,0,5,0,0,0,0,2,1,2,1,20,4,1149,1,15,8,2,8
2018420319286,3,9,0,18,0,1,0,0,0,0,0,1,6,1,28,6,1999,1,13,3,1,3
2018420319288,1,9,0,18,0,0,5,0,0,0,4,1,6,2,37,7,1499,1,2,3,1,3
2018420319288,2,9,0,2,0,0,0,0,0,0,3,1,6,3,-1,-1,-1,-1,-1,-1,-1,-1
2018420319319,1,9,0,18,0,0,0,0,0,0,1,1,6,1,18,4,1242,1,10,2,1,2
2018420319319,2,9,0,3,0,0,0,0,0,0,2,1,6,1,30,6,1984,1,9,8,3,8
2018420319365,1,9,0,18,0,0,0,0,0,0,1,1,6,1,-1,-1,-1,-1,-1,-1,-1,-1
2018420319365,2,9,0,18,0,0,0,0,0,0,2,1,5,1,52,8,1999,1,4,10,1,10
2018420319379,1,9,0,-1,-1,0,-1,-1,-1,0,1,1,6,3,-1,-1,-1,-1,-1,-1,-1,-1
2018420319379,2,1,0,-1,-1,0,-1,-1,-1,0,-1,1,6,2,37,7,-1,-1,-1,4,1,4
2018420319380,1,9,0,7,0,2,0,0,0,0,3,1,2,1,25,5,1598,1,6,9,1,9
2018420319380,2,9,0,18,0,1,0,0,0,0,1,1,2,1,61,9,2835,2,20,6,3,6
2018420319406,1,9,0,18,0,0,0,12,0,0,1,1,2,1,47,8,1388,1,8,7,1,7
2018420319406,2,9,0,18,0,0,0,12,0,0,1,1,5,1,37,7,1587,1,12,9,1,9
2018420319406,3,19,0,18,0,0,0,12,0,0,1,1,1,1,48,8,1997,2,2,8,2,8
2018420319453,1,3,0,5,0,3,2,0,0,0,4,1,6,1,48,8,125,1,2,6,3,6
2018420319453,2,9,0,5,0,3,0,0,0,0,1,1,5,1,51,8,1968,2,5,5,1,5
2018420319502,1,9,0,10,0,1,0,0,0,0,1,1,5,1,28,6,998,1,1,6,1,6
2018420319502,2,9,0,18,0,1,0,0,0,0,1,1,5,2,45,7,1364,1,9,-1,-1,-1
2018420319502,3,9,0,2,9,2,0,0,0,0,1,1,6,3,-1,-1,-1,-1,-1,-1,-1,-1
2018420319590,1,9,0,18,0,1,0,0,1,0,1,1,6,2,49,8,1248,1,6,8,1,8
2018420319609,1,9,0,9,0,8,0,0,0,0,1,1,6,3,-1,-1,-1,-1,-1,-1,-1,-1
2018420319609,2,1,0,18,0,8,0,0,0,0,2,1,2,1,49,8,-1,-1,-1,4,1,4
2018420319677,1,9,0,4,0,1,0,0,0,0,1,1,6,2,53,8,1242,1,-1,6,1,6
2018420319677,2,9,0,3,0,1,0,0,0,0,2,1,6,2,31,6,1896,2,11,7,1,7
2018420319686,1,9,0,4,0,0,0,0,0,0,2,1,5,2,24,5,1198,1,8,7,1,7
2018420319686,2,9,0,4,0,0,0,0,5,0,1,1,5,1,34,6,1896,2,14,9,1,9
2018420319693,1,9,0,9,0,8,0,0,0,0,1,1,1,2,27,6,1388,1,15,2,1,2
2018420319693,2,9,0,18,0,8,0,0,0,0,1,1,5,2,39,7,1598,1,12,4,1,4
2018420319697,1,9,0,18,0,0,0,0,0,0,1,1,1,1,69,10,1108,1,12,1,1,1
2018420319699,1,5,0,18,0,8,5,0,0,0,1,1,6,1,36,7,999,1,6,3,1,3
2018420319699,2,9,0,9,0,8,0,0,0,0,-1,1,5,2,47,8,1997,1,-1,6,1,6
2018420319706,1,9,0,18,0,1,0,0,0,0,1,1,5,1,66,10,796,1,11,4,1,4
2018420319706,2,9,0,7,0,1,0,0,0,0,2,1,1,2,44,7,1598,1,13,-1,-1,-1
2018420319763,1,9,0,12,0,0,0,0,0,0,3,1,6,1,53,8,1586,1,1,5,1,5
2018420319763,2,9,0,18,0,0,1,0,0,0,4,1,6,1,58,9,2143,2,2,9,1,9
2018420319777,1,9,0,18,0,0,1,0,4,7,1,1,2,1,36,7,1968,2,7,8,1,8
2018420319777,2,17,4,18,0,0,0,0,0,0,2,1,1,1,20,4,4040,2,8,-1,-1,-1
2018420319790,1,11,0,4,0,0,0,0,0,0,4,1,1,3,-1,-1,-1,-1,-1,-1,-1,-1
2018420319808,1,9,0,18,0,1,0,0,7,7,1,1,5,1,76,11,3311,8,13,7,1,7
2018420319812,1,9,0,18,0,8,0,0,0,0,1,1,6,2,25,5,1242,1,6,10,1,10
2018420319812,2,9,0,18,0,8,0,0,0,0,3,1,5,2,33,6,2521,1,12,6,3,6
2018420319833,1,9,0,15,0,1,0,0,0,0,1,1,2,1,30,6,1968,2,13,3,1,3
2018420319833,2,9,0,9,0,8,0,0,0,0,4,1,1,2,43,7,1968,2,5,10,2,10
2018420319847,1,9,0,18,0,0,0,0,0,0,1,1,5,1,36,7,1596,1,14,10,1,10
2018420319847,2,8,0,3,0,0,0,0,0,0,2,1,1,1,25,5,1997,2,8,1,1,1
2018420319849,1,9,0,9,0,0,0,0,0,0,3,1,5,2,45,7,1598,1,4,6,1,6
2018420319849,2,5,0,14,0,0,0,0,0,0,4,1,5,1,29,6,765,1,-1,3,1,3
2018420319856,1,9,0,18,0,1,0,0,0,0,1,1,5,1,51,8,1997,1,18,2,1,2
2018420319856,2,9,0,5,0,1,0,0,0,0,1,1,6,2,59,9,1390,2,14,9,1,9
2018420319865,1,9,0,9,0,8,0,0,0,0,1,1,5,1,18,4,1388,1,13,3,1,3
2018420319865,2,8,0,18,0,1,0,0,0,0,1,1,1,1,35,6,2183,2,7,7,1,7
2018420319887,1,9,0,4,0,0,0,0,0,0,1,1,5,1,48,8,1896,2,24,10,1,10
2018420319887,2,9,0,4,0,0,0,0,0,0,2,1,5,2,36,7,1398,1,6,4,1,4
2018420319887,3,9,0,4,0,0,0,0,0,0,2,1,5,2,41,7,1493,2,12,1,1,1
2018420319893,1,9,0,18,0,4,0,7,1,10,3,1,5,1,19,4,1395,1,2,10,1,10
2018420319893,2,9,0,9,0,4,0,0,0,0,4,1,5,1,25,5,1596,1,14,9,3,9
2018420319940,1,98,1,18,0,0,0,0,0,0,3,1,1,1,-1,-1,-1,-1,-1,-1,-1,-1
2018420319940,2,9,0,18,0,0,0,0,0,0,3,1,6,1,53,8,998,1,16,1,1,1
2018420320028,1,9,0,18,0,2,0,0,0,0,4,1,6,2,-1,-1,2400,2,1,-1,-1,-1
2018420320028,2,1,0,18,0,2,0,0,0,0,3,1,6,1,27,6,-1,-1,-1,5,1,5
2018420320149,1,9,0,18,0,1,0,0,0,0,1,1,6,1,55,8,1360,1,17,6,1,6
2018420320149,2,9,0,18,0,1,0,0,0,0,2,1,6,1,33,6,2000,2,14,3,1,3
2018420320149,3,9,0,18,0,1,0,0,0,0,2,1,6,2,42,7,1560,2,4,2,1,2
2018420320212,1,9,0,9,0,8,0,0,0,0,1,1,5,2,45,7,1390,1,14,-1,-1,-1
2018420320212,2,9,0,18,0,8,0,0,0,0,1,1,2,1,28,6,1994,1,17,4,1,4
2018420320213,1,9,0,10,0,1,0,0,0,0,1,1,1,1,29,6,1229,1,1,5,1,5
2018420320213,2,5,0,18,0,1,0,0,0,0,1,1,6,1,63,9,741,1,43,4,1,4
2018420320216,1,9,0,18,0,3,0,0,1,0,3,1,2,1,41,7,1968,2,9,3,1,3
2018420320216,2,5,0,13,0,3,2,10,1,0,1,1,5,1,59,9,582,1,16,4,1,4
2018420320217,1,9,0,18,0,2,0,0,1,0,1,1,5,1,24,5,2967,1,18,6,1,6
2018420320226,1,9,0,18,0,0,0,0,0,0,1,2,5,1,30,6,-1,-1,-1,-1,-1,-1
2018420320226,2,19,0,18,0,0,1,0,0,0,1,1,2,1,34,6,2148,2,13,5,3,5
2018420320302,1,19,0,18,0,8,0,0,0,0,3,1,2,1,36,7,1499,2,-1,3,-1,3
2018420320302,2,3,0,18,0,8,0,0,0,0,1,1,2,1,21,5,125,1,12,4,2,4
2018420320398,1,21,1,18,0,0,0,0,0,0,1,2,1,1,39,7,-1,-1,-1,-1,-1,-1
2018420320398,2,9,0,4,0,0,0,0,0,0,2,1,5,2,30,6,1586,1,4,5,1,5
2018420320398,3,19,0,18,0,0,0,0,0,0,3,1,1,1,51,8,2402,2,10,10,2,10
2018420320438,1,9,0,9,0,8,0,0,0,0,1,1,6,2,41,7,1598,1,6,8,1,8
2018420320438,2,9,0,9,0,2,0,0,0,0,3,1,6,2,35,6,1596,1,8,6,1,6
2018420320589,1,9,0,9,0,8,0,0,0,0,4,1,5,2,35,6,1997,2,2,3,1,3
2018420320589,2,5,0,18,0,8,0,0,0,0,1,1,6,1,42,7,599,1,15,3,1,3
2018420320591,1,9,0,4,0,0,0,0,0,0,1,1,1,1,47,8,-1,-1,-1,7,3,7
2018420320591,2,9,0,3,0,0,0,0,0,0,2,1,5,2,61,9,998,1,5,10,1,10
2018420320827,1,21,1,9,0,4,0,0,0,0,4,1,1,1,-1,-1,10837,2,11,-1,-1,-1
2018420320827,2,9,0,3,0,4,0,0,0,0,3,1,6,1,18,4,1560,2,9,6,1,6
2018420320940,1,19,0,18,0,2,0,0,0,0,1,1,1,1,39,7,1560,2,-1,9,1,9
2018420320940,2,8,0,18,0,2,0,0,0,0,2,1,5,1,47,8,1910,2,10,7,1,7
2018420320950,1,9,0,17,0,0,0,0,0,0,1,1,6,1,26,6,1781,1,13,4,1,4
2018420320950,2,9,0,18,0,0,0,0,0,0,3,1,6,2,31,6,998,1,3,7,1,7
2018420320974,1,9,0,9,0,5,0,0,0,0,4,1,6,1,29,6,1896,2,13,9,2,9
2018420320974,2,3,0,18,0,2,0,0,1,0,3,1,6,2,44,7,124,1,21,9,2,9
2018420321039,1,9,0,5,0,3,0,0,0,0,1,1,6,1,22,5,1086,1,10,-1,-1,-1
2018420321039,2,9,0,5,0,3,0,0,0,0,2,1,5,1,49,8,2720,2,9,8,1,8
2018420321061,1,9,0,18,0,0,1,0,7,9,3,1,6,1,24,5,-1,-1,-1,4,2,4
2018420321061,2,9,0,18,0,0,0,0,0,0,1,1,5,2,55,8,1796,1,8,8,1,8
2018420321061,3,9,0,18,0,0,0,0,0,0,1,1,6,3,-1,-1,-1,-1,-1,-1,-1,-1
2018420321237,1,9,0,5,9,0,0,0,0,0,1,1,6,1,41,7,1998,1,-1,10,1,10
2018420321237,2,1,0,18,9,0,0,0,0,0,4,1,6,1,-1,-1,-1,-1,-1,10,1,10
2018420321318,1,3,0,4,0,1,2,0,0,0,4,1,6,2,21,5,125,1,-1,9,1,9
2018420321360,1,9,0,9,0,8,0,0,0,0,1,1,2,2,55,8,1591,1,-1,3,1,3
2018420321360,2,9,0,18,0,1,0,0,0,0,1,1,2,1,50,8,1997,2,10,4,1,4
2018420321365,1,9,0,3,0,1,0,0,0,0,2,1,6,1,-1,-1,-1,-1,-1,-1,-1,-1
2018420321365,2,9,0,3,0,1,0,0,0,0,1,1,6,2,40,7,1798,1,1,2,1,2
2018420321429,1,9,0,18,0,0,0,0,7,0,1,1,6,2,49,8,1298,1,16,4,1,4
2018420321429,2,9,0,18,0,0,0,0,1,0,1,1,5,1,43,7,3902,1,2,8,3,8
2018420321432,1,9,0,18,0,8,0,0,0,0,1,1,2,2,34,6,1398,1,13,9,2,9
2018420321436,1,9,0,18,0,0,0,0,0,0,4,1,1,1,24,5,2891,1,-1,7,1,7
2018420321436,2,21,0,18,0,0,1,0,0,0,1,1,1,1,61,9,4485,2,3,7,1,7
2018420321436,3,21,1,18,0,0,0,0,0,0,3,1,1,1,32,6,12740,2,5,8,1,8
2018420321539,1,9,0,13,0,1,1,0,4,0,1,1,2,1,48,8,1995,2,11,7,2,7
2018420321539,2,9,0,9,0,8,0,0,0,0,3,1,1,1,40,7,1598,1,3,8,1,8