Accident_Index,Vehicle_Reference,Vehicle_Type,Towing_and_Articulation,Vehicle_Manoeuvre,Vehicle_Location-Restricted_Lane,Junction_Location,Skidding_and_Overturning,Hit_Object_in_Carriageway,Vehicle_Leaving_Carriageway,Hit_Object_off_Carriageway,1st_Point_of_Impact,Was_Vehicle_Left_Hand_Drive?,Journey_Purpose_of_Driver,Sex_of_Driver,Age_of_Driver,Age_Band_of_Driver,Engine_Capacity_(CC),Propulsion_Code,Age_of_Vehicle,Driver_IMD_Decile,Driver_Home_Area_Type,Vehicle_IMD_Decile
2018420321615,1,9,0,2,9,0,0,0,0,0,4,1,6,3,-1,-1,-1,-1,-1,-1,-1,-1
2018420321615,2,1,0,15,9,0,5,0,0,0,1,1,6,1,48,8,-1,-1,-1,1,1,1
2018420321633,1,9,0,5,0,2,0,0,0,0,1,1,6,2,45,7,2174,1,36,7,1,7
2018420321633,2,9,0,3,0,2,0,0,0,0,2,1,6,2,32,6,1242,1,5,8,1,8
2018420321641,1,9,0,18,0,0,0,0,0,0,1,1,5,1,51,8,1596,1,16,-1,-1,-1
2018420321641,2,9,0,18,0,0,0,0,0,0,1,1,5,1,71,10,1598,2,2,9,1,9
2018420321641,3,9,0,18,0,0,0,0,0,0,2,1,6,1,69,10,1984,1,-1,5,1,5
2018420321647,1,9,0,18,0,0,0,0,0,0,3,1,5,2,36,7,1242,1,11,-1,-1,-1
2018420321647,2,9,0,18,0,0,0,0,0,0,3,1,5,1,66,10,1998,2,16,-1,-1,-1
2018420321687,1,9,0,9,0,0,0,0,0,0,2,1,5,2,69,10,1596,1,3,7,3,7
2018420321687,2,19,0,13,0,0,0,0,0,0,1,1,1,1,34,6,-1,-1,-1,9,-1,9
2018420321697,1,9,0,2,0,0,0,0,0,0,2,1,5,1,81,11,1598,1,12,6,1,6
2018420321697,2,19,0,18,0,0,0,0,1,0,1,1,2,1,31,6,1995,2,-1,2,1,2
2018420321703,1,3,0,4,0,1,0,0,0,0,1,1,5,1,17,4,125,1,9,2,1,2
2018420321703,2,9,0,3,0,1,0,0,0,0,2,1,5,2,21,5,998,1,6,10,3,10
2018420321728,1,3,0,7,0,3,0,0,0,0,0,1,5,1,20,4,124,1,1,4,1,4
2018420321747,1,3,0,18,0,0,1,0,0,0,1,1,5,1,27,6,125,1,-1,2,1,2
2018420321751,1,9,0,9,0,8,0,0,0,0,1,1,5,1,36,7,1598,1,12,3,1,3
2018420321751,2,5,0,18,0,8,0,0,0,0,4,1,5,1,31,6,1043,1,4,7,1,7
2018420321756,1,9,0,18,0,0,0,0,0,0,1,1,2,1,20,4,1149,1,14,3,1,3
2018420321756,2,9,0,3,0,0,0,0,0,0,2,1,5,2,33,6,1968,2,6,10,1,10
2018420321760,1,9,0,18,0,0,5,0,0,0,1,1,5,1,28,6,1998,1,3,10,-1,10
2018420321760,2,9,0,4,0,0,0,0,0,0,2,1,5,1,57,9,2179,2,4,5,1,5
2018420321764,1,9,0,9,0,5,0,0,0,0,4,1,6,3,-1,-1,1995,2,13,-1,-1,-1
2018420321764,2,9,0,18,0,1,0,0,0,0,3,1,5,1,48,8,2993,2,14,2,3,2
2018420321764,3,9,0,10,0,1,0,0,0,0,3,1,6,1,37,7,1598,1,18,-1,-1,-1
2018420321764,4,9,0,2,0,1,0,0,0,0,2,1,6,3,-1,-1,-1,-1,-1,-1,-1,-1
2018420321765,1,9,0,18,0,3,1,0,0,0,1,1,6,1,27,6,2143,2,1,10,1,10
2018420321765,2,9,0,3,0,2,0,0,0,0,2,1,5,2,36,7,1686,2,7,5,2,5
2018420321778,1,9,0,10,0,1,0,0,0,0,0,1,1,1,30,6,1499,2,3,8,1,8
2018420321778,2,3,0,4,0,1,0,0,0,0,0,1,2,2,21,5,125,1,-1,3,1,3
2018420321779,1,19,0,5,0,1,0,0,0,0,1,1,5,1,28,6,1560,2,4,6,1,6
2018420321779,2,9,0,18,0,1,0,0,0,0,1,1,5,1,75,10,1242,1,2,6,3,6
2018420321808,1,9,0,9,0,5,0,0,0,0,1,1,5,2,84,11,1240,1,9,4,1,4
2018420321808,2,9,0,18,0,1,0,0,1,0,1,1,1,1,51,8,-1,-1,-1,3,1,3
2018420321814,1,9,0,18,0,0,0,0,0,0,3,1,5,1,69,10,1598,1,1,-1,-1,-1
2018420321814,2,9,0,18,0,0,0,0,0,0,3,1,5,2,29,6,1999,2,-1,4,3,4
2018420321814,3,9,0,18,0,0,0,0,0,0,1,1,6,2,29,6,1229,1,5,6,2,6
2018420321820,1,9,0,18,9,0,0,0,0,0,1,1,6,1,22,5,2521,1,12,6,3,6
2018420321821,1,9,0,4,0,0,0,0,7,0,1,1,5,1,70,10,1388,1,10,7,1,7
2018420321821,2,8,0,4,0,0,0,0,0,0,2,1,1,1,57,9,1686,2,5,1,1,1
2018420321825,1,9,0,9,0,1,0,0,0,0,1,1,5,2,38,7,998,1,16,5,1,5
2018420321825,2,9,0,18,0,1,0,0,0,0,1,1,5,2,34,6,1598,1,8,8,1,8
2018420321826,1,9,0,18,0,0,1,0,0,0,1,1,5,1,29,6,2996,1,11,5,1,5
2018420321826,2,9,0,18,0,0,0,0,0,0,1,1,5,1,57,9,1591,1,1,5,1,5
2018420321831,1,9,0,16,0,0,1,0,0,0,1,1,5,1,26,6,1390,1,15,10,1,10
2018420321831,2,9,0,18,0,0,0,0,0,0,1,1,5,2,73,10,1598,2,6,10,2,10
2018420321832,1,9,0,18,0,0,1,0,0,0,1,1,6,2,39,7,1560,2,-1,6,1,6
2018420321832,2,9,0,18,0,0,1,0,0,0,1,1,6,2,20,4,1596,1,16,4,1,4
2018420321832,3,9,0,18,0,0,1,0,0,0,1,1,6,2,41,7,999,1,1,8,2,8
2018420321837,1,9,0,5,0,1,0,0,0,0,1,1,5,1,43,7,1490,1,11,4,1,4
2018420321837,2,9,0,5,0,1,0,0,0,0,4,1,5,2,48,8,1242,1,5,6,1,6
2018420321840,1,9,0,18,0,1,1,0,0,0,1,1,2,1,40,7,1199,2,6,8,1,8
2018420321841,1,9,0,18,0,0,0,4,0,0,4,1,5,1,26,6,1242,1,16,3,1,3
2018420321841,2,9,0,2,0,0,0,0,0,0,4,1,6,3,-1,-1,-1,-1,-1,-1,-1,-1
2018420321842,1,9,0,18,0,1,2,0,1,9,1,1,6,3,-1,-1,1399,2,8,-1,-1,-1
2018420321843,1,9,0,9,0,0,0,0,1,3,1,1,5,1,25,5,1968,2,8,6,2,6
2018420321846,1,5,0,18,0,0,5,0,0,0,4,1,5,1,37,7,998,1,21,8,3,8
2018420321851,1,9,0,7,0,2,0,0,0,0,3,1,1,1,23,5,-1,-1,-1,1,1,1
2018420321851,2,9,0,18,0,1,0,0,0,0,1,1,1,1,42,7,-1,-1,-1,5,1,5
2018420321859,1,5,0,13,0,0,0,0,7,0,1,1,5,1,30,6,1801,1,2,6,1,6
2018420321859,2,9,0,9,0,0,0,0,0,0,3,1,5,1,21,5,1596,1,13,1,1,1
2018420321859,3,9,0,2,6,0,0,0,0,0,3,1,6,3,-1,-1,-1,-1,-1,-1,-1,-1
2018420321859,4,9,0,2,6,0,0,0,0,0,1,1,6,3,-1,-1,-1,-1,-1,-1,-1,-1
2018420321861,1,9,0,18,0,1,1,0,3,0,1,1,5,1,18,4,1390,1,8,3,1,3
2018420321863,1,9,0,2,0,0,0,0,0,0,3,1,2,1,31,6,1910,2,12,6,1,6
2018420321863,2,9,0,12,0,0,0,4,0,0,1,1,6,2,41,7,998,1,3,5,2,5
2018420322167,1,9,0,18,0,0,0,0,0,0,4,1,5,2,78,11,1390,1,16,3,1,3
2018420322182,1,9,0,16,0,4,0,0,0,0,1,1,6,1,83,11,1598,1,15,1,1,1
2018420322182,2,1,0,16,0,4,0,0,0,0,1,1,5,1,73,10,-1,-1,-1,5,1,5
2018420322198,1,9,0,4,0,1,0,0,0,0,0,1,6,1,53,8,1796,1,10,4,1,4
2018420322198,2,21,1,4,0,1,0,0,0,0,3,1,1,1,52,8,12902,2,3,6,1,6
2018420322198,3,21,1,4,0,1,1,0,0,0,1,1,1,1,52,8,12419,2,-1,1,1,1
2018420322198,4,21,1,4,0,1,1,0,0,0,1,1,1,1,27,6,10837,2,6,4,1,4
2018420322198,5,9,0,4,0,1,0,0,0,0,4,1,6,1,43,7,2362,1,12,2,1,2
2018420322198,6,9,0,4,0,1,0,0,0,0,1,1,6,1,52,8,1956,2,4,9,1,9
2018420322199,1,9,0,18,0,8,0,0,0,0,1,1,6,2,35,6,-1,-1,-1,-1,-1,-1
2018420322199,2,3,0,9,0,8,1,0,0,0,3,1,5,1,20,4,124,1,3,4,1,4
2018420322204,1,9,0,18,0,4,0,0,0,0,1,1,5,1,49,8,1796,1,10,9,1,9
2018420322204,2,9,0,18,0,4,0,0,0,0,2,1,5,2,41,7,1598,1,2,5,2,5
2018420322208,1,21,1,18,0,0,5,0,1,0,2,1,1,1,48,8,15256,2,2,5,2,5
2018420322208,2,21,1,18,0,0,1,0,0,0,1,2,1,1,30,6,-1,-1,-1,-1,-1,-1
2018420322227,1,9,0,18,0,8,0,0,0,0,1,1,5,1,47,8,1997,2,10,6,1,6
2018420322227,2,9,0,18,0,8,0,0,0,0,3,1,5,1,55,8,-1,-1,-1,2,1,2
2018420322227,3,9,0,10,0,8,0,0,0,0,1,1,6,2,32,6,1499,1,4,8,1,8
2018420322329,1,9,0,7,0,0,0,0,0,0,3,1,1,2,22,5,1229,1,3,2,1,2
2018420322329,2,9,0,18,0,0,0,0,0,0,1,1,6,1,58,9,1997,2,13,3,1,3
2018420322440,1,9,0,7,0,1,0,0,0,0,1,1,6,2,55,8,2685,2,13,8,3,8
2018420322440,2,9,0,18,0,1,0,0,0,0,1,1,2,1,23,5,1199,1,14,8,1,8
2018420322440,3,19,0,18,0,1,0,0,0,0,3,1,1,1,52,8,1995,2,5,4,1,4
2018420322440,4,9,0,18,0,1,0,0,0,0,1,1,6,3,-1,-1,-1,-1,-1,-1,-1,-1
2018420322538,1,9,0,9,0,8,0,0,0,0,1,1,5,2,57,9,1596,1,5,10,1,10
2018420322538,2,9,0,18,0,8,0,0,0,0,1,1,6,1,28,6,1596,1,5,9,1,9
2018420322599,1,2,0,17,0,1,2,0,3,0,3,1,6,1,16,4,50,1,6,-1,-1,-1
2018420322607,1,9,0,18,0,0,0,4,0,0,1,1,6,1,59,9,1896,2,13,6,1,6
2018420322607,2,9,0,2,0,0,0,0,0,0,1,1,6,3,-1,-1,-1,-1,-1,-1,-1,-1
2018420322607,3,9,0,2,0,0,0,0,0,0,1,1,6,3,-1,-1,-1,-1,-1,-1,-1,-1
2018420322607,4,9,0,2,0,0,0,0,0,0,2,1,6,3,-1,-1,-1,-1,-1,-1,-1,-1
2018420322700,1,9,0,16,0,0,0,10,0,0,1,1,5,1,22,5,1796,1,14,7,3,7
2018420322700,2,9,0,17,0,0,0,0,0,0,1,1,5,1,41,7,1339,8,5,4,1,4
2018420322703,1,9,0,18,0,4,0,0,0,0,1,1,6,1,45,7,1242,1,11,8,1,8
2018420322703,2,9,0,18,0,8,0,0,0,0,4,1,6,2,51,8,1299,1,14,6,2,6
2018420322724,1,5,0,4,0,1,1,0,0,0,1,1,4,2,24,5,649,1,2,2,1,2
2018420322853,1,9,0,18,0,1,0,0,0,0,1,1,6,2,23,5,1560,2,6,8,2,8
2018420322853,2,9,0,4,0,1,0,0,0,0,2,1,6,2,78,11,1242,1,5,7,1,7
2018420322875,1,9,0,4,0,1,0,0,0,0,1,1,6,1,43,7,1997,2,13,3,1,3
2018420322875,2,9,0,8,0,1,0,0,0,0,2,1,6,1,34,6,1969,2,3,6,2,6
2018420322987,1,9,0,18,0,0,0,0,0,0,3,1,5,2,71,10,1499,1,4,8,2,8
2018420322987,2,9,0,18,0,0,0,0,0,0,3,1,5,2,18,4,1242,1,3,7,1,7
2018420322989,1,9,0,18,0,1,0,0,0,0,1,1,5,1,29,6,998,1,4,6,1,6
2018420322989,2,9,0,10,0,1,0,0,0,0,2,1,5,1,54,8,1997,2,15,3,1,3
2018420322990,1,9,0,18,0,0,1,0,0,0,4,1,5,2,33,6,1399,2,10,7,3,7
2018420322990,2,21,0,18,0,0,0,0,0,0,1,1,1,1,63,9,-1,-1,-1,9,1,9
2018420322996,1,5,0,13,0,8,0,0,0,0,1,1,6,1,48,8,647,1,13,5,3,5
2018420322996,2,9,0,9,0,5,0,0,0,0,1,1,5,1,49,8,1910,2,11,6,2,6
2018420322997,1,1,0,15,0,1,0,0,0,0,0,1,5,1,58,9,-1,-1,-1,9,1,9
2018420323014,1,19,0,5,0,3,5,0,0,0,4,1,1,1,23,5,1968,2,2,2,1,2
2018420323014,2,9,0,7,0,3,0,0,0,0,4,1,6,1,65,9,999,1,3,4,1,4
2018420323136,1,9,0,1,0,0,0,0,0,0,2,1,6,2,35,6,1461,2,5,-1,-1,-1
2018420323299,1,9,0,17,0,0,2,0,7,0,1,1,5,1,17,4,1596,1,13,6,1,6
2018420323304,1,9,0,17,0,0,1,0,1,0,1,1,6,1,24,5,1598,1,10,2,1,2
2018420323307,1,9,0,18,0,0,0,0,0,0,1,1,6,1,38,7,1968,2,9,7,3,7
2018420323307,2,9,0,9,0,0,0,0,0,0,2,1,1,1,33,6,1798,8,2,4,1,4
2018420323312,1,9,0,18,0,0,0,0,0,0,4,1,6,1,34,6,1900,2,13,4,1,4
2018420323317,1,9,0,18,0,0,2,0,1,0,4,1,6,2,31,6,1299,1,18,2,1,2
2018420323339,1,9,0,18,0,3,0,0,0,0,1,1,6,2,28,6,1229,1,6,6,3,6
2018420323339,2,9,0,10,0,1,0,0,0,0,2,1,6,2,35,6,1240,1,12,2,1,2
2018420323357,1,1,0,16,0,0,0,0,0,0,3,1,5,2,53,8,-1,-1,-1,9,1,9
2018420323357,2,9,0,17,0,0,0,0,0,0,3,1,5,2,42,7,1598,1,13,8,3,8
2018420323372,1,9,0,15,0,1,0,0,0,0,1,1,5,1,45,7,1796,1,16,3,1,3
2018420323372,2,9,0,18,0,1,0,0,0,0,3,1,5,2,54,8,1587,1,11,6,1,6
2018420323372,3,9,0,18,0,2,0,0,0,0,3,1,5,2,75,10,1560,2,9,7,1,7
2018420323382,1,9,0,18,0,0,0,4,0,0,1,1,5,1,50,8,1560,2,7,10,1,10
2018420323382,2,9,0,2,0,0,0,4,0,0,1,1,6,3,-1,-1,-1,-1,-1,-1,-1,-1
2018420323382,3,9,0,2,0,0,0,0,0,0,2,1,6,3,-1,-1,-1,-1,-1,-1,-1,-1
2018420323386,1,3,0,18,0,0,0,0,0,0,3,1,5,1,34,6,125,1,38,2,1,2
2018420323386,2,3,0,18,0,0,0,0,0,0,4,1,5,1,39,7,124,1,15,8,1,8
2018420323387,1,9,0,7,0,8,0,7,0,0,1,1,6,1,89,11,1398,2,14,9,1,9
2018420323391,1,21,0,12,0,0,0,0,0,0,3,1,1,1,50,8,12809,2,1,9,1,9
2018420323391,2,9,0,13,0,0,0,0,0,0,1,1,6,2,25,5,1388,1,15,3,1,3
2018420323393,1,9,0,18,0,1,0,0,0,0,0,1,6,3,-1,-1,-1,-1,-1,-1,-1,-1
2018420323393,2,9,0,18,0,1,0,0,0,0,1,1,5,2,19,4,1242,1,9,6,2,6
2018420323397,1,9,0,17,0,1,0,0,0,0,1,1,5,2,25,5,1388,1,6,1,2,1
2018420323397,2,9,0,16,0,1,0,0,0,0,1,1,5,1,26,6,1999,1,13,1,2,1
2018420323399,1,9,0,17,0,0,2,0,0,0,1,1,5,1,28,6,2495,2,16,5,1,5
2018420323408,1,9,0,18,0,4,1,9,3,7,1,1,5,1,28,6,1364,1,-1,4,-1,4
2018420323411,1,9,0,1,0,0,0,0,0,0,2,1,6,1,45,7,-1,-1,-1,-1,-1,-1
2018420323436,1,9,0,9,0,6,0,0,0,0,3,1,2,1,47,8,999,1,19,4,1,4
2018420323436,2,9,0,18,0,1,0,0,0,0,1,1,5,2,53,8,1398,2,6,6,1,6
2018420323443,1,9,0,5,0,4,0,0,0,0,1,1,6,1,20,4,998,1,3,9,2,9
2018420323443,2,9,0,18,0,4,0,0,0,0,2,1,6,3,-1,-1,1598,1,16,-1,-1,-1
2018420323457,1,19,0,18,0,0,0,0,0,0,1,1,6,1,42,7,2198,2,7,6,1,6
2018420323457,2,1,0,18,0,0,0,0,0,0,2,1,2,1,30,6,-1,-1,-1,4,1,4
2018420323471,1,9,0,18,0,1,0,0,0,0,4,1,5,1,43,7,1560,2,10,7,1,7
2018420323471,2,9,0,10,0,1,0,0,0,0,2,1,5,1,31,6,1900,2,12,8,2,8
2018420323475,1,9,0,18,0,1,0,0,0,0,1,1,5,1,19,4,998,1,5,9,1,9
2018420323475,2,9,0,18,0,1,0,0,0,0,1,1,5,1,42,7,1799,1,9,3,1,3
2018420323476,1,9,0,18,0,8,5,0,3,11,3,1,5,2,24,5,1390,1,11,10,1,10
2018420323476,2,9,0,18,0,8,0,0,0,0,1,1,6,1,35,6,1499,1,2,-1,-1,-1
2018420323477,1,9,0,5,0,6,0,4,1,0,1,1,5,1,21,5,1997,1,11,10,1,10
2018420323477,2,9,0,2,0,1,0,0,0,0,2,1,6,3,-1,-1,-1,-1,-1,-1,-1,-1
2018420323477,3,9,0,2,0,1,0,0,0,0,1,1,6,3,-1,-1,-1,-1,-1,-1,-1,-1
2018420323477,4,9,0,2,0,1,0,0,0,0,1,1,6,3,-1,-1,-1,-1,-1,-1,-1,-1
2018420323551,1,19,0,11,0,0,0,0,0,0,4,1,2,1,33,6,-1,-1,-1,8,1,8
2018420323551,2,9,0,18,0,0,0,0,1,4,3,1,6,2,23,5,1242,1,7,3,1,3
2018420323604,1,22,0,18,9,2,0,0,0,0,1,1,6,1,-1,-1,-1,3,5,-1,-1,-1
2018420323729,1,9,0,4,0,1,0,0,0,0,1,1,5,1,19,4,1596,1,12,6,1,6
2018420323729,2,1,0,2,0,1,0,0,0,0,2,1,5,1,49,8,-1,-1,-1,6,1,6
2018420323783,1,9,0,9,0,0,0,0,0,0,1,1,5,2,26,6,1598,1,16,6,2,6
2018420323783,2,9,0,18,0,0,0,0,0,0,1,1,5,2,73,10,1368,1,14,5,3,5
2018420323787,1,9,0,16,0,0,1,0,0,0,1,1,6,1,78,11,1200,1,-1,5,1,5
2018420323787,2,5,0,17,0,0,0,0,0,0,1,1,6,1,38,7,998,1,-1,2,1,2
2018420323791,1,9,0,18,0,4,0,0,0,0,1,1,6,1,23,5,1598,1,6,3,1,3
2018420323791,2,1,0,18,0,8,2,0,0,0,4,1,6,1,22,5,-1,-1,-1,3,1,3
2018420323796,1,9,0,12,0,0,0,0,0,0,0,1,6,1,25,5,-1,-1,-1,-1,-1,-1
2018420323796,2,9,0,18,0,0,2,7,0,0,0,1,5,2,20,4,1299,1,13,4,1,4
2018420323910,1,9,0,4,0,2,0,0,0,0,1,1,2,1,22,5,-1,-1,-1,4,1,4
2018420323910,2,9,0,4,0,2,0,0,0,0,2,1,2,2,41,7,2000,2,11,8,1,8
2018420324192,1,9,0,18,0,1,0,0,0,0,1,1,5,2,37,7,2967,1,19,3,1,3
2018420324192,2,9,0,18,0,1,0,0,7,0,1,1,5,2,20,4,1398,1,-1,5,1,5
2018420324194,1,9,0,18,0,0,0,0,0,0,1,1,5,1,24,5,1596,1,15,9,1,9
2018420324194,2,9,0,3,0,0,0,0,0,0,2,1,5,1,30,6,998,1,7,8,1,8
2018420324194,3,9,0,10,0,0,0,0,0,0,2,1,6,1,32,6,1997,2,7,9,1,9
2018420324196,1,9,0,18,0,8,0,0,8,3,1,1,5,1,87,11,1229,1,7,8,1,8
2018420324196,2,9,0,10,0,8,0,0,7,0,4,1,5,1,54,8,998,1,6,9,1,9
2018420324197,1,9,0,1,9,0,0,0,0,0,2,1,5,1,63,9,1956,2,3,5,1,5
2018420324200,1,9,0,1,0,0,0,0,0,0,2,1,5,2,24,5,1590,1,21,1,1,1
2018420324352,1,9,0,9,0,8,0,0,0,0,3,1,6,1,74,10,1905,2,20,5,3,5
2018420324352,2,9,0,18,0,8,0,0,0,0,1,1,5,2,55,8,1591,1,1,8,1,8
2018420324484,1,9,0,5,0,6,0,0,0,0,1,1,5,2,18,4,1368,1,10,6,1,6
2018420324484,2,20,0,18,0,1,0,0,0,0,1,1,1,1,39,7,-1,-1,-1,3,1,3
2018420324519,1,9,0,11,0,1,0,0,0,0,1,1,6,2,68,10,1596,1,16,9,1,9
2018420324519,2,9,0,18,0,1,0,0,0,0,1,1,6,2,26,6,1596,1,10,5,1,5
2018420324531,1,9,0,9,0,5,0,0,0,0,4,1,1,2,41,7,1499,2,3,4,1,4
2018420324531,2,9,0,18,0,1,0,0,0,0,1,1,1,1,67,10,1298,1,16,7,3,7
2018420324576,1,9,0,18,0,0,0,0,1,3,1,1,6,1,57,9,1998,2,9,5,2,5
2018420324576,2,98,0,18,0,0,0,0,0,0,0,1,6,3,-1,-1,-1,-1,-1,-1,-1,-1
2018420324603,1,9,0,18,0,0,0,0,0,0,1,1,5,1,83,11,998,1,4,8,1,8
2018420324603,2,9,0,12,0,0,0,0,0,0,1,1,6,1,79,11,1339,1,11,6,1,6
2018420324616,1,9,0,5,0,6,0,0,0,0,1,1,6,1,-1,-1,-1,-1,-1,-1,-1,-1
2018420324616,2,9,0,3,0,6,0,0,0,0,2,1,6,2,50,8,1084,1,1,7,1,7
2018420324721,1,9,0,9,0,0,0,0,0,0,2,1,6,1,19,4,1995,1,9,9,1,9
2018420324721,2,9,0,9,0,0,0,0,0,0,1,1,1,1,41,7,2000,2,7,3,1,3
2018420324770,1,9,0,7,0,4,0,0,0,0,1,1,6,2,-1,-1,1388,1,9,5,2,5
2018420324770,2,9,0,18,0,3,0,0,0,0,4,1,6,2,51,8,875,1,7,7,1,7
2018420324883,1,9,0,11,0,0,0,0,0,0,3,1,5,1,73,10,1896,2,8,4,1,4
2018420324883,2,2,0,18,0,0,5,0,0,0,3,1,5,1,16,4,49,1,12,6,1,6
2018420324936,1,9,0,16,0,0,1,0,1,0,1,1,6,1,22,5,1299,1,10,2,1,2
2018420324936,2,21,0,17,0,0,0,0,0,0,3,1,1,1,20,4,10837,2,1,4,1,4
2018420324939,1,9,0,17,0,1,1,0,0,0,1,1,6,1,54,8,2148,2,13,3,1,3
2018420324939,2,9,0,3,0,1,0,0,0,0,2,1,6,1,67,10,-1,-1,-1,8,1,8
2018420324939,3,19,0,3,0,1,0,0,4,0,2,1,6,1,38,7,2143,2,1,8,1,8
2018420324946,1,9,0,18,0,2,0,0,0,0,4,1,5,1,68,10,1998,2,13,2,1,2
2018420324946,2,9,0,7,0,1,0,0,0,0,1,1,5,2,25,5,1395,1,2,2,1,2
2018420324952,1,21,0,17,0,0,0,0,0,0,1,1,6,1,-1,-1,-1,2,15,-1,-1,-1
2018420324952,2,9,0,18,0,0,0,0,0,0,1,1,3,2,36,7,1997,2,8,7,3,7
2018420324984,1,9,0,9,0,5,0,0,0,0,1,1,6,2,44,7,1582,2,8,3,1,3
2018420324984,2,1,0,18,0,1,0,0,0,0,1,1,5,1,72,10,-1,-1,-1,8,2,8
2018420325135,1,9,0,9,0,6,0,0,0,0,1,1,6,2,27,6,2143,2,-1,8,1,8
2018420325135,2,9,0,18,0,1,0,0,0,0,1,1,6,1,80,11,1198,1,4,9,1,9
2018420325172,1,19,0,3,0,1,0,0,0,0,1,1,1,1,53,8,2298,2,3,8,1,8
2018420325172,2,9,0,3,0,4,0,0,0,0,2,1,6,2,38,7,1229,1,6,4,1,4
2018420325181,1,9,0,4,0,1,0,0,0,0,1,1,6,1,20,4,1910,2,16,4,1,4
2018420325181,2,9,0,3,0,1,0,0,0,0,2,1,6,2,26,6,1461,2,3,7,3,7
2018420325231,1,9,0,9,0,1,0,0,0,0,1,1,5,2,80,11,1396,1,19,3,1,3
2018420325254,1,9,0,18,0,3,0,0,0,0,3,1,5,2,51,8,1329,1,3,6,1,6
2018420325254,2,9,0,18,0,3,0,0,0,0,4,1,1,1,32,6,1461,2,2,6,1,6
2018420325260,1,9,0,13,0,0,1,0,7,0,1,1,5,1,28,6,1242,1,10,4,1,4
2018420325260,2,9,0,2,6,0,0,0,0,0,3,1,6,3,-1,-1,-1,-1,-1,-1,-1,-1
2018420325260,3,9,0,2,6,0,0,0,0,0,4,1,6,3,-1,-1,-1,-1,-1,-1,-1,-1
2018420325260,4,9,0,2,6,0,0,0,0,0,4,1,6,3,-1,-1,-1,-1,-1,-1,-1,-1
2018420325260,5,9,0,2,6,0,0,0,0,0,4,1,6,3,-1,-1,-1,-1,-1,-1,-1,-1
2018420325260,6,9,0,2,7,0,0,0,0,0,4,1,6,3,-1,-1,-1,-1,-1,-1,-1,-1
2018420325260,7,9,0,2,6,0,0,0,0,0,3,1,6,3,-1,-1,-1,-1,-1,-1,-1,-1
2018420325260,8,9,0,2,6,0,0,0,0,0,1,1,6,3,-1,-1,-1,-1,-1,-1,-1,-1
2018420325263,1,9,0,2,6,2,0,0,0,0,3,1,2,1,23,5,1598,1,3,4,1,4
2018420325263,2,1,0,18,0,2,0,4,0,0,1,1,2,2,47,8,-1,-1,-1,2,1,2
2018420325266,1,9,0,18,0,0,0,0,0,0,2,1,1,1,35,6,1596,1,17,2,1,2
2018420325286,1,19,0,18,0,0,0,0,0,0,1,1,1,1,28,6,1997,2,1,4,1,4
2018420325317,1,9,0,5,0,2,5,0,0,0,1,1,6,1,99,11,-1,-1,-1,-1,-1,-1
2018420325318,1,9,0,18,0,1,0,4,0,0,1,1,6,1,28,6,1996,1,3,3,1,3
2018420325318,2,9,0,2,0,1,0,0,0,0,4,1,6,3,-1,-1,-1,-1,-1,-1,-1,-1
2018420325323,1,9,0,3,0,1,0,0,0,0,1,1,6,1,58,9,1560,2,8,3,1,3
2018420325323,2,9,0,3,0,1,0,0,0,0,2,1,2,1,50,8,1497,8,-1,8,1,8
2018420325328,1,19,0,3,0,0,0,0,0,0,1,1,6,1,56,9,1998,2,16,8,1,8
2018420325328,2,9,0,3,0,0,0,0,0,0,2,1,5,1,21,5,1461,2,5,3,1,3
2018420325353,1,9,0,18,0,0,1,0,2,0,4,1,5,2,33,6,1339,1,14,4,1,4
2018420325353,2,21,1,18,0,0,0,0,0,0,3,1,1,1,40,7,-1,-1,-1,-1,-1,-1
2018420325367,1,4,0,13,0,0,0,0,0,0,1,1,6,1,-1,-1,499,1,9,-1,-1,-1
2018420325374,1,9,0,18,0,0,0,4,0,0,1,1,5,1,86,11,1242,1,4,9,1,9
2018420325374,2,98,0,2,0,0,0,0,0,0,1,1,6,3,-1,-1,-1,-1,-1,-1,-1,-1
2018420325374,3,9,0,2,0,0,0,0,0,0,2,1,6,3,-1,-1,-1,-1,-1,-1,-1,-1
2018420325382,1,9,0,18,0,0,1,4,0,0,1,1,2,1,34,6,1461,2,2,2,1,2
2018420325382,2,9,0,2,0,0,0,0,4,6,2,1,6,1,30,6,1997,2,9,4,1,4
2018420325397,1,9,0,9,0,5,0,0,0,0,0,1,6,2,-1,-1,-1,-1,-1,-1,-1,-1
2018420325397,2,9,0,18,0,1,0,0,0,0,1,1,5,1,19,4,1600,2,9,5,3,5
2018420325397,3,9,0,18,0,1,0,0,0,0,3,1,5,1,48,8,1968,2,1,4,1,4
2018420325401,1,97,0,18,9,0,0,4,0,0,1,1,6,3,-1,-1,-1,-1,-1,-1,-1,-1
2018420325401,2,9,0,2,9,0,0,0,0,0,2,1,6,3,-1,-1,-1,-1,-1,-1,-1,-1
2018420325409,1,19,0,18,0,0,0,0,0,0,4,1,1,1,-1,-1,2143,2,4,-1,-1,-1
2018420325409,2,9,0,2,0,0,0,0,0,0,3,1,5,1,43,7,1398,2,13,5,1,5
2018420325415,1,9,0,4,0,1,1,0,0,0,1,1,1,1,30,6,1242,1,16,7,1,7