Accident_Index,Vehicle_Reference,Vehicle_Type,Towing_and_Articulation,Vehicle_Manoeuvre,Vehicle_Location-Restricted_Lane,Junction_Location,Skidding_and_Overturning,Hit_Object_in_Carriageway,Vehicle_Leaving_Carriageway,Hit_Object_off_Carriageway,1st_Point_of_Impact,Was_Vehicle_Left_Hand_Drive?,Journey_Purpose_of_Driver,Sex_of_Driver,Age_of_Driver,Age_Band_of_Driver,Engine_Capacity_(CC),Propulsion_Code,Age_of_Vehicle,Driver_IMD_Decile,Driver_Home_Area_Type,Vehicle_IMD_Decile
2018420325415,2,9,0,10,0,1,0,0,0,0,2,1,6,1,22,5,1398,1,6,4,1,4
2018420325417,1,5,0,18,0,0,5,0,1,4,1,1,5,1,67,10,997,1,36,5,1,5
2018420325419,1,9,0,18,0,2,5,0,0,0,4,1,6,2,38,7,2488,1,13,4,1,4
2018420325419,2,9,0,2,0,1,0,0,0,0,4,1,6,3,-1,-1,-1,-1,-1,-1,-1,-1
2018420325419,3,9,0,2,0,1,0,0,0,0,4,1,6,3,-1,-1,-1,-1,-1,-1,-1,-1
2018420325420,1,9,0,9,0,6,0,0,0,0,1,1,5,1,48,8,2776,2,11,8,1,8
2018420325420,2,5,0,18,0,1,0,0,0,0,1,1,5,1,55,8,1199,1,18,6,1,6
2018420325421,1,5,0,3,0,0,0,0,0,0,2,1,5,1,51,8,1450,1,19,4,1,4
2018420325421,2,9,0,3,0,0,0,0,0,0,2,1,6,1,50,8,-1,-1,-1,-1,-1,-1
2018420325421,3,9,0,18,0,0,0,0,0,0,1,1,5,1,84,11,1386,1,12,7,1,7
2018420325683,1,9,0,9,0,1,0,0,0,0,4,1,6,2,38,7,2401,2,12,9,1,9
2018420325683,2,9,0,18,0,1,0,0,0,0,1,1,6,1,30,6,1968,2,4,6,1,6
2018420325683,3,98,1,3,0,1,0,0,0,0,0,1,6,3,35,6,-1,-1,-1,-1,-1,-1
2018420325735,1,9,0,4,0,0,0,0,0,0,1,1,6,2,33,6,1598,1,15,3,1,3
2018420325735,2,9,0,4,0,0,0,0,0,0,2,1,6,2,39,7,1910,2,9,5,1,5
2018420325809,1,9,0,7,0,7,5,0,0,0,1,1,5,1,20,4,1388,1,14,7,1,7
2018420325814,1,2,0,18,0,0,0,4,0,0,1,1,5,1,29,6,-1,-1,-1,5,1,5
2018420325814,2,9,0,2,9,0,0,0,0,0,2,1,6,3,-1,-1,-1,-1,-1,-1,-1,-1
2018420325818,1,9,0,5,0,4,0,0,0,0,3,1,5,1,81,11,999,1,2,6,1,6
2018420325818,2,1,0,18,0,8,0,0,0,0,1,1,1,2,39,7,-1,-1,-1,-1,-1,-1
2018420326193,1,97,0,18,0,1,1,0,7,9,4,1,6,1,23,5,-1,-1,-1,7,1,7
2018420326193,2,9,0,5,0,2,0,0,0,0,1,1,5,2,82,11,998,1,2,5,3,5
2018420326193,3,3,0,18,0,1,1,0,0,0,3,1,6,1,-1,-1,124,1,4,-1,-1,-1
2018420326196,1,21,0,18,0,1,0,0,0,0,1,1,2,1,43,7,-1,-1,-1,10,1,10
2018420326198,1,1,0,18,5,5,0,0,0,0,4,1,6,2,55,8,-1,-1,-1,3,1,3
2018420326198,2,9,0,7,0,5,0,0,0,0,1,1,6,2,69,10,3456,8,-1,5,3,5
2018420326203,1,9,0,9,0,2,0,0,0,0,1,1,5,1,46,8,1596,1,19,8,1,8
2018420326203,2,5,0,15,0,1,1,0,0,0,1,1,6,1,49,8,600,1,14,7,1,7
2018420326206,1,9,0,18,0,0,0,0,0,0,1,1,5,2,72,10,1240,1,14,9,3,9
2018420326206,2,9,0,18,0,0,0,0,0,0,1,1,5,1,70,10,1984,1,3,10,1,10
2018420326209,1,9,0,18,0,0,0,0,2,4,1,1,5,2,25,5,1968,2,5,2,1,2
2018420326209,2,9,0,18,0,0,0,0,1,0,3,1,5,1,58,9,1248,2,7,6,3,6
2018420326209,3,9,0,18,0,0,0,0,0,0,1,1,5,1,50,8,2597,1,16,4,1,4
2018420326210,1,9,0,1,0,0,0,0,0,0,2,1,5,1,27,6,1995,2,7,9,1,9
2018420326210,2,3,0,18,0,0,5,0,0,0,1,1,5,1,23,5,124,1,11,-1,-1,-1
2018420326210,3,9,0,18,0,0,0,0,0,0,1,1,5,2,26,6,1396,1,16,3,1,3
2018420326294,1,19,0,5,0,6,0,0,0,0,1,1,1,1,66,10,1598,2,5,5,1,5
2018420326294,2,9,0,18,0,1,0,0,0,0,1,1,5,1,37,7,1997,2,1,7,1,7
2018420326347,1,9,0,18,0,0,0,0,0,0,3,1,6,2,-1,-1,2143,2,4,-1,-1,-1
2018420326347,2,9,0,18,0,0,0,0,0,0,4,1,6,2,21,5,1200,1,5,4,2,4
2018420326411,1,9,0,18,0,0,1,0,0,0,1,1,5,1,49,8,1686,2,3,7,1,7
2018420326411,2,9,0,4,0,0,0,0,0,0,2,1,1,1,49,8,2143,2,9,4,1,4
2018420326489,1,9,0,16,0,0,0,0,0,0,1,1,2,2,21,5,1240,1,14,7,2,7
2018420326489,2,9,0,17,0,0,0,0,0,0,1,1,6,1,21,5,1248,2,11,5,3,5
2018420326601,1,9,0,18,0,0,0,0,0,0,4,1,5,2,80,11,1598,1,9,4,1,4
2018420326601,2,9,0,18,0,0,0,0,0,0,0,1,6,3,-1,-1,-1,-1,-1,-1,-1,-1
2018420326740,1,9,0,9,0,5,0,0,0,0,1,2,1,2,53,8,1997,2,-1,5,1,5
2018420326740,2,1,0,3,0,1,0,0,0,0,1,1,2,1,50,8,-1,-1,-1,5,1,5
2018420326775,1,9,0,18,0,0,0,0,7,0,1,1,5,1,19,4,998,1,-1,2,1,2
2018420326922,1,9,0,18,0,4,0,0,0,0,3,1,5,2,26,6,1997,2,8,8,1,8
2018420326922,2,9,0,9,0,4,0,0,0,0,1,1,5,2,35,6,999,1,-1,10,1,10
2018420326925,1,9,0,5,0,0,0,0,0,0,0,1,6,2,30,6,1998,1,14,-1,-1,-1
2018420326927,1,9,0,18,0,0,5,10,0,0,4,1,5,1,40,7,2987,2,9,-1,-1,-1
2018420326929,1,4,0,18,0,2,0,0,0,0,1,1,5,1,63,9,373,1,1,7,1,7
2018420326929,2,9,0,3,0,2,0,0,0,0,2,1,5,2,44,7,-1,3,7,6,2,6
2018420326931,1,9,0,18,0,0,0,0,0,0,1,1,6,2,30,6,1753,2,16,2,1,2
2018420326931,2,9,0,18,0,0,1,0,2,0,3,1,5,1,62,9,1498,1,3,6,1,6
2018420326931,3,2,0,18,0,0,0,0,0,0,1,1,5,1,35,6,125,1,1,1,2,1
2018420326932,1,9,0,18,0,0,0,0,0,0,1,1,5,1,40,7,1198,1,2,-1,-1,-1
2018420326932,2,9,0,18,0,0,0,0,0,0,2,1,5,2,51,8,1598,1,7,7,1,7
2018420326936,1,19,0,18,0,0,0,0,0,0,1,1,2,1,26,6,2998,2,1,-1,-1,-1
2018420326936,2,9,0,18,0,0,0,0,0,0,2,1,6,2,60,9,1950,2,1,8,1,8
2018420326936,3,19,0,18,0,0,0,0,0,0,2,1,6,1,31,6,1598,2,-1,-1,-1,-1
2018420326945,1,21,1,18,0,0,0,0,0,0,3,2,1,1,57,9,-1,-1,-1,-1,-1,-1
2018420326945,2,9,0,18,0,0,1,0,2,0,4,1,5,1,51,8,2495,2,20,5,3,5
2018420326947,1,9,0,18,0,0,0,0,0,0,1,1,6,2,28,6,1229,1,1,4,1,4
2018420326947,2,9,0,18,0,0,0,0,0,0,2,1,6,2,-1,-1,1598,1,11,-1,-1,-1
2018420327003,1,98,0,5,0,6,0,0,0,0,3,1,6,3,-1,-1,-1,-1,-1,-1,-1,-1
2018420327003,2,1,0,18,0,8,1,0,0,0,0,1,6,1,34,6,-1,-1,-1,2,1,2
2018420327068,1,3,0,18,0,0,0,0,0,0,1,1,2,1,23,5,125,1,14,1,1,1
2018420327068,2,9,0,10,0,0,0,0,0,0,3,2,5,1,25,5,1796,1,11,1,1,1
2018420327098,1,19,0,6,0,2,0,0,0,0,1,1,6,1,-1,-1,2496,2,25,-1,-1,-1
2018420327098,2,9,0,18,0,1,0,0,0,0,1,1,6,2,69,10,1596,1,10,8,2,8
2018420327111,1,9,0,18,0,0,0,0,0,0,1,1,6,1,-1,-1,-1,-1,-1,-1,-1,-1
2018420327111,2,9,0,3,0,0,0,0,0,0,2,1,6,1,54,8,1587,1,13,1,1,1
2018420327212,1,9,0,7,0,6,0,0,0,0,1,1,6,1,26,6,1997,1,25,7,1,7
2018420327212,2,19,0,18,0,1,0,0,0,0,1,1,1,1,34,6,1598,2,1,9,1,9
2018420327216,1,9,0,1,0,0,0,0,0,0,4,1,6,1,26,6,1275,1,42,7,3,7
2018420327216,2,1,0,18,0,0,5,0,0,0,1,1,5,1,50,8,-1,-1,-1,9,1,9
2018420327218,1,9,0,4,0,1,0,0,0,0,1,1,1,1,22,5,-1,-1,-1,4,1,4
2018420327219,1,9,0,9,0,1,0,0,0,0,1,1,6,1,27,6,1398,1,1,-1,-1,-1
2018420327219,2,5,0,18,0,1,0,0,0,0,4,1,6,1,22,5,600,1,18,5,1,5
2018420327223,1,21,1,11,0,0,0,0,0,0,4,1,1,1,37,7,10837,2,-1,9,1,9
2018420327223,2,9,0,18,0,0,5,0,0,0,3,1,5,2,56,9,1598,1,13,5,1,5
2018420327224,1,9,0,9,0,1,0,0,0,0,1,1,6,1,62,9,1496,1,1,5,1,5
2018420327224,2,9,0,16,0,2,0,0,0,0,1,1,2,1,27,6,1332,1,13,3,1,3
2018420327224,3,9,0,18,0,2,0,0,0,0,1,1,1,1,43,7,1360,1,10,2,1,2
2018420327227,1,9,0,5,0,1,0,0,0,0,3,1,1,1,49,8,1598,2,7,-1,-1,-1
2018420327227,2,90,0,14,0,1,0,0,0,0,1,1,1,1,36,7,-1,-1,-1,7,3,7
2018420327230,1,9,0,18,0,0,5,11,1,3,1,1,6,2,29,6,1598,2,2,9,2,9
2018420327230,2,9,0,18,0,0,1,11,0,0,1,1,6,2,23,5,1596,1,14,6,3,6
2018420327238,1,5,0,17,0,0,2,0,1,0,4,1,5,1,23,5,693,1,2,3,1,3
2018420327272,1,19,0,18,0,0,0,0,0,0,1,1,6,1,63,9,1896,2,12,5,1,5
2018420327272,2,19,0,3,0,0,0,0,0,0,2,1,6,1,23,5,2198,2,8,5,1,5
2018420327272,3,9,0,3,0,0,0,0,0,0,2,1,6,1,-1,-1,-1,-1,-1,-1,-1,-1
2018420327277,1,9,0,18,0,0,0,0,0,0,1,1,6,2,20,4,1242,1,6,3,1,3
2018420327277,2,9,0,4,0,0,0,0,0,0,2,1,5,2,42,7,1590,1,16,2,1,2
2018420327277,3,9,0,4,0,0,0,0,0,0,2,1,5,1,22,5,1397,1,17,6,3,6
2018420327280,1,9,0,18,0,0,0,0,0,0,1,1,6,1,23,5,1299,1,15,7,1,7
2018420327280,2,9,0,3,0,0,0,0,0,0,2,1,6,2,20,4,1349,1,9,7,1,7
2018420327294,1,9,0,18,0,4,0,0,0,0,1,1,5,2,55,8,1388,1,6,1,1,1
2018420327294,2,22,0,9,0,8,0,0,0,0,4,1,5,1,78,11,-1,-1,-1,1,1,1
2018420327325,1,9,0,18,0,1,0,0,0,0,1,1,6,1,-1,-1,-1,-1,-1,-1,-1,-1
2018420327325,2,9,0,3,0,1,0,0,0,0,2,1,6,2,37,7,1560,2,9,8,3,8
2018420327364,1,9,0,5,0,1,0,0,0,0,1,1,5,1,22,5,999,1,3,8,2,8
2018420327364,2,9,0,18,0,1,0,0,0,0,1,1,6,1,41,7,-1,-1,-1,10,1,10
2018420327381,1,9,0,18,0,3,0,0,0,0,1,1,6,1,-1,-1,1598,1,1,-1,-1,-1
2018420327381,2,1,0,18,0,3,0,0,0,0,3,1,6,1,43,7,-1,-1,-1,4,1,4
2018420327410,1,9,0,16,0,0,5,0,2,9,1,1,5,1,17,4,1388,1,13,5,3,5
2018420327450,1,9,0,7,0,1,0,0,0,0,1,1,5,2,56,9,1388,1,16,3,1,3
2018420327450,2,9,0,9,0,6,0,0,0,0,3,1,5,1,49,8,2179,2,6,4,1,4
2018420327455,1,9,0,18,0,1,0,0,7,0,1,1,6,1,26,6,2000,2,9,8,1,8
2018420327455,2,9,0,18,0,1,0,0,0,0,3,1,5,2,37,7,1969,8,1,7,3,7
2018420327457,1,9,0,3,0,2,0,0,1,0,3,1,6,1,18,4,1149,1,14,1,1,1
2018420327457,2,9,0,18,0,1,0,0,0,0,1,1,6,2,22,5,1598,2,4,10,1,10
2018420327457,3,9,0,3,0,1,0,0,0,0,3,1,5,2,42,7,1997,2,7,8,1,8
2018420327467,1,3,0,18,0,1,1,12,0,0,1,1,5,1,17,4,125,1,12,4,3,4
2018420327469,1,9,0,13,0,0,1,0,8,0,1,1,2,1,35,6,2979,1,4,3,-1,3
2018420327469,2,20,0,18,0,0,0,0,1,0,3,1,1,1,37,7,6700,2,3,9,2,9
2018420327470,1,9,0,2,0,0,0,0,1,0,2,1,6,2,65,9,1390,1,9,6,1,6
2018420327470,2,9,0,18,0,0,1,4,0,0,1,1,5,1,50,8,2967,2,-1,5,1,5
2018420327470,3,9,0,18,0,0,0,0,0,0,2,1,6,1,46,8,2143,2,6,1,1,1
2018420327470,4,9,0,18,0,0,0,0,0,0,1,1,6,1,43,7,3200,1,10,9,1,9
2018420327471,1,9,0,9,0,8,5,0,0,0,3,1,5,1,35,6,1248,2,4,8,1,8
2018420327471,2,9,0,18,0,8,0,0,0,0,1,1,5,2,39,7,2967,2,1,8,3,8
2018420327528,1,9,0,15,0,0,0,0,0,0,4,1,5,2,85,11,1388,1,9,1,2,1
2018420327528,2,1,0,18,0,0,0,0,0,0,3,1,5,2,50,8,-1,-1,-1,2,1,2
2018420327621,1,9,0,13,0,1,0,0,0,0,3,1,6,1,41,7,1796,1,15,1,1,1
2018420327621,2,9,0,7,0,8,0,0,0,0,1,1,2,2,46,8,1149,1,4,7,1,7
2018420327621,3,19,0,18,0,1,0,0,0,0,3,1,2,1,30,6,1995,2,1,4,1,4
2018420327696,1,9,0,18,0,0,0,0,0,0,1,1,5,2,21,5,1242,1,6,3,1,3
2018420327699,1,1,0,18,0,1,0,0,0,0,1,1,5,1,54,8,-1,-1,-1,6,1,6
2018420327699,2,9,0,16,0,1,0,0,0,0,3,1,5,1,20,4,1242,1,11,9,1,9
2018420327720,1,1,0,13,0,8,2,10,0,0,1,1,4,1,15,3,-1,-1,-1,6,1,6
2018420327720,2,20,0,1,0,1,0,0,0,0,0,1,1,1,43,7,3920,2,9,3,1,3
2018420327758,1,19,0,18,0,0,0,0,0,0,1,1,1,1,58,9,1248,2,2,9,1,9
2018420327758,2,9,0,4,0,0,0,0,0,0,2,1,5,1,45,7,1686,2,7,3,1,3
2018420327767,1,9,0,10,0,1,1,0,3,1,3,1,5,2,38,7,1968,2,11,4,1,4
2018420327767,2,20,0,15,0,1,0,0,0,0,1,1,1,1,52,8,-1,-1,-1,5,2,5
2018420327774,1,3,0,9,0,0,0,0,1,0,1,1,5,1,17,4,124,1,-1,7,3,7
2018420327917,1,9,0,4,0,0,0,0,0,0,1,1,2,1,24,5,1498,1,-1,-1,-1,-1
2018420327917,2,9,0,4,0,0,0,0,0,0,2,1,2,2,21,5,998,1,3,-1,-1,-1
2018420327995,1,9,0,18,0,1,0,0,1,4,1,1,1,1,20,4,998,1,4,7,1,7
2018420327995,2,90,1,18,0,1,2,0,0,0,1,2,1,1,52,8,-1,-1,-1,-1,-1,-1
2018420327995,3,19,0,18,0,1,1,0,0,0,1,1,1,1,34,6,2198,2,3,7,3,7
2018420328029,1,9,0,9,0,1,0,0,0,0,2,1,6,1,43,7,1968,2,4,7,3,7
2018420328029,2,3,0,18,0,2,2,0,0,0,1,1,2,1,19,4,125,1,2,8,2,8
2018420328066,1,9,0,9,0,8,0,0,0,0,1,1,5,1,26,6,1596,1,8,3,1,3
2018420328066,2,3,0,18,0,1,5,0,0,0,1,1,5,1,21,5,125,1,7,4,1,4
2018420328078,1,9,0,18,0,1,0,0,0,0,3,1,5,2,43,7,2000,1,12,10,1,10
2018420328086,1,19,0,18,0,1,0,0,0,0,1,1,2,1,33,6,1598,2,4,3,1,3
2018420328090,1,9,0,18,0,8,0,0,0,0,1,1,1,1,32,6,1598,2,3,8,1,8
2018420328090,2,9,0,5,0,2,0,0,0,0,2,1,5,1,89,11,1390,1,5,9,2,9
2018420328096,1,2,0,5,0,0,0,0,0,0,0,1,5,1,18,4,49,1,7,4,3,4
2018420328151,1,9,0,5,0,0,0,0,0,0,3,1,1,1,-1,-1,-1,-1,-1,-1,-1,-1
2018420328151,2,1,0,18,0,0,0,0,0,0,1,1,6,1,18,4,-1,-1,-1,9,1,9
2018420328267,1,9,0,4,0,1,0,0,0,0,1,1,6,1,40,7,1910,2,10,-1,-1,-1
2018420328267,2,1,0,5,0,6,0,0,0,0,1,1,6,2,35,6,-1,-1,-1,-1,-1,-1
2018420328288,1,9,0,3,0,4,0,0,0,0,1,1,6,3,-1,-1,-1,-1,-1,-1,-1,-1
2018420328288,2,9,0,3,0,1,0,0,0,0,2,1,6,2,56,9,1910,2,9,5,1,5
2018420328325,1,9,0,18,0,2,0,0,1,4,1,1,6,1,23,5,1598,1,10,3,1,3
2018420328394,1,19,0,7,0,8,0,0,0,0,1,1,1,2,44,7,1461,2,7,5,1,5
2018420328394,2,8,0,18,0,1,0,0,0,0,1,1,5,1,64,9,2499,2,7,9,1,9
2018420328449,1,9,0,5,0,4,0,0,0,0,1,1,5,1,26,6,1498,1,1,6,1,6
2018420328449,2,9,0,5,0,4,0,0,0,0,2,1,5,2,40,7,999,1,6,4,1,4
2018420328455,1,9,0,12,0,0,0,0,0,0,3,1,2,2,28,6,1596,1,18,10,1,10
2018420328455,2,4,0,18,0,0,5,0,0,0,4,1,6,1,20,4,471,1,4,9,2,9
2018420328455,3,9,0,18,0,0,0,0,0,0,4,1,6,1,57,9,1587,1,14,8,1,8
2018420328456,1,9,0,9,0,8,0,0,0,0,3,1,5,2,20,4,1368,1,2,7,1,7
2018420328456,2,9,0,18,0,8,0,0,7,0,1,1,5,1,32,6,1998,8,-1,8,2,8
2018420328456,3,19,0,10,0,1,0,0,0,0,0,1,5,1,49,8,2198,2,9,7,1,7
2018420328466,1,9,0,16,0,1,1,0,0,0,1,1,6,2,27,6,1968,2,1,2,1,2
2018420328466,2,9,0,17,0,2,1,0,0,0,1,1,6,2,33,6,1560,2,7,3,1,3
2018420328471,1,9,0,18,0,1,1,0,0,0,1,1,6,1,19,4,1910,2,10,8,3,8
2018420328471,2,9,0,3,0,1,1,0,0,0,2,1,6,2,38,7,-1,3,2,6,1,6
2018420328471,3,19,0,3,0,1,1,0,0,0,2,1,1,1,46,8,2198,2,2,9,2,9
2018420328480,1,9,0,18,0,0,0,0,0,0,4,1,6,3,-1,-1,-1,-1,-1,-1,-1,-1
2018420328490,1,9,0,5,9,1,0,0,0,0,1,1,5,2,79,11,1591,1,1,3,1,3
2018420328549,1,9,0,18,0,1,0,0,0,0,1,1,6,1,-1,-1,1591,1,3,5,3,5
2018420328549,2,9,0,3,0,1,0,0,0,0,2,1,6,1,47,8,1796,1,4,6,1,6
2018420328564,1,9,0,8,0,1,0,0,0,0,1,1,2,1,30,6,1229,1,8,5,1,5
2018420328564,2,9,0,3,0,1,0,0,0,0,2,1,5,2,34,6,1997,2,4,5,1,5
2018420328595,1,9,0,18,0,8,0,0,0,0,1,1,2,1,38,7,1686,2,11,2,1,2
2018420328595,2,9,0,18,0,8,1,0,0,0,2,1,5,2,28,6,1591,1,4,6,2,6
2018420328595,3,19,0,18,0,8,0,0,0,0,0,1,6,3,17,4,-1,-1,-1,-1,-1,-1
2018420328625,1,9,0,18,0,0,0,0,0,0,1,1,6,3,-1,-1,1242,1,2,-1,-1,-1
2018420328625,2,9,0,4,0,0,0,0,0,0,2,1,6,1,29,6,2521,1,12,5,3,5
2018420328645,1,9,0,18,0,1,0,0,0,0,1,1,6,3,-1,-1,-1,-1,-1,-1,-1,-1
2018420328645,2,9,0,3,0,1,0,0,0,0,3,1,6,2,41,7,1598,1,13,6,1,6
2018420328647,1,9,0,2,0,0,0,4,0,0,2,1,6,3,-1,-1,-1,-1,-1,-1,-1,-1
2018420328647,2,9,0,2,0,0,0,0,0,0,2,1,5,2,19,4,1596,1,13,2,1,2
2018420328651,1,9,0,18,0,4,0,0,0,0,4,1,2,1,44,7,998,1,-1,4,2,4
2018420328666,1,9,0,18,0,8,0,0,3,0,1,1,5,1,27,6,1956,2,8,4,1,4
2018420328666,2,9,0,18,0,1,0,0,7,0,1,1,5,2,58,9,999,1,1,7,3,7
2018420328737,1,9,0,16,0,1,0,0,0,0,1,1,6,1,-1,-1,2597,1,16,-1,-1,-1
2018420328737,2,19,0,17,0,2,0,0,0,0,1,1,2,1,27,6,1248,2,13,1,3,1
2018420328751,1,19,0,1,0,0,0,0,0,0,2,1,5,3,-1,-1,2198,2,5,-1,-1,-1
2018420328751,2,9,0,2,0,0,0,0,0,0,1,1,1,1,50,8,2993,2,3,5,1,5
2018420328785,1,9,0,18,0,8,0,0,0,0,1,1,2,1,57,9,1995,2,1,7,3,7
2018420328785,2,1,0,9,0,8,5,0,0,0,4,1,5,1,63,9,-1,-1,-1,5,3,5
2018420329014,1,19,0,18,0,1,0,0,0,0,1,1,1,2,55,8,1560,2,3,1,1,1
2018420329014,2,9,0,9,0,1,0,0,0,0,2,1,5,2,72,10,1587,1,16,4,1,4
2018420329051,1,9,0,18,0,1,0,0,0,0,1,1,5,1,71,10,1598,2,5,7,1,7
2018420329051,2,9,0,2,0,1,0,0,0,0,3,1,6,3,-1,-1,-1,-1,-1,-1,-1,-1
2018420329051,3,9,0,2,0,1,0,0,0,0,3,1,6,3,-1,-1,-1,-1,-1,-1,-1,-1
2018420329051,4,9,0,18,0,2,0,0,0,0,0,1,6,3,-1,-1,-1,-1,-1,-1,-1,-1
2018420329066,1,9,0,9,0,6,0,0,0,0,3,1,6,2,17,4,998,1,7,9,3,9
2018420329066,2,9,0,18,0,1,0,0,0,0,1,1,5,1,40,7,1968,2,12,8,2,8
2018420329090,1,9,0,6,0,0,0,0,0,0,3,1,6,1,45,7,1600,2,7,4,1,4
2018420329090,2,5,0,14,0,0,5,0,0,0,1,1,6,1,45,7,670,1,5,3,1,3
2018420329100,1,9,0,18,0,0,5,0,0,0,4,1,6,1,18,4,1229,1,10,9,1,9
2018420329100,2,9,0,4,0,0,0,0,1,0,3,1,6,2,45,7,1591,1,1,2,1,2
2018420329100,3,9,0,4,0,0,0,0,0,0,2,1,6,1,19,4,1242,1,14,1,1,1
2018420329100,4,9,0,4,0,0,0,0,0,0,2,1,6,2,30,6,1198,1,7,-1,-1,-1
2018420329105,1,9,0,1,0,0,0,0,0,0,2,1,6,2,40,7,1275,1,18,8,1,8
2018420329105,2,2,0,16,0,0,0,0,7,0,1,1,6,1,16,4,50,1,3,9,1,9
2018420329113,1,3,0,18,0,4,0,0,0,0,1,1,5,1,18,4,125,1,4,6,3,6
2018420329113,2,19,0,9,0,4,0,0,0,0,1,1,5,1,22,5,1598,2,2,5,2,5
2018420329116,1,9,0,7,5,6,0,0,0,0,1,1,6,1,18,4,1968,2,9,5,1,5
2018420329174,1,9,0,18,0,8,0,0,0,0,1,1,6,2,27,6,1461,2,14,10,1,10
2018420329174,2,9,0,5,0,8,0,0,0,0,3,1,6,1,58,9,1781,1,14,3,1,3
2018420329259,1,9,0,5,0,0,0,0,0,0,3,1,6,1,43,7,1999,1,10,3,1,3
2018420329259,2,9,0,18,0,0,0,0,0,0,2,1,5,2,39,7,1968,2,13,2,1,2
2018420329282,1,9,0,4,0,2,0,0,0,0,1,1,6,1,52,8,2995,8,5,3,1,3
2018420329282,2,9,0,4,0,2,0,0,0,0,2,1,6,2,54,8,1590,1,21,6,1,6
2018420329300,1,9,0,18,0,0,0,0,1,0,1,1,6,1,27,6,1598,1,10,9,1,9
2018420329300,2,19,0,9,0,0,0,0,0,0,2,1,5,1,28,6,2198,2,4,9,2,9
2018420329305,1,19,0,17,0,8,1,0,3,9,1,1,5,1,32,6,2143,2,1,4,1,4
2018420329310,1,9,0,12,0,0,0,0,2,7,3,1,6,1,-1,-1,973,1,20,-1,-1,-1
2018420329310,2,9,0,18,0,0,0,0,0,0,4,1,6,1,43,7,1798,8,2,4,1,4
2018420329310,3,8,0,18,0,0,0,0,0,0,4,1,6,1,29,6,1968,2,5,3,1,3
2018420329348,1,19,0,11,0,0,0,0,0,0,1,1,6,1,42,7,1560,2,11,2,1,2
2018420329348,2,9,0,18,0,0,1,7,0,0,1,1,5,1,31,6,1242,1,8,7,1,7
2018420329351,1,9,0,14,0,0,0,0,0,0,1,1,5,1,43,7,2967,2,5,5,1,5
2018420329351,2,9,0,5,0,0,0,0,0,0,2,1,5,2,28,6,1598,1,5,7,3,7
2018420329351,3,9,0,3,0,0,0,0,0,0,2,1,5,1,64,9,1388,1,9,6,3,6
2018420329351,4,9,0,3,0,0,0,0,0,0,2,1,5,1,63,9,2993,2,4,6,3,6
2018420329353,1,3,0,13,0,4,5,0,0,0,1,1,5,1,18,4,125,1,6,4,1,4
2018420329353,2,9,0,6,0,4,0,0,0,0,3,1,5,2,44,7,2429,1,14,5,3,5
2018420329356,1,9,0,16,0,0,0,0,0,0,3,1,5,1,17,4,1229,1,11,8,1,8
2018420329356,2,9,0,17,0,0,0,0,0,0,3,1,5,1,73,10,1598,1,6,8,1,8
2018420329365,1,9,0,4,0,1,0,0,1,0,4,1,6,1,20,4,1499,1,3,2,1,2
2018420329370,1,90,0,18,0,2,0,0,0,0,0,1,6,1,20,4,-1,-1,-1,2,1,2
2018420329371,1,9,0,18,0,0,0,0,0,0,1,2,5,1,25,5,1242,1,5,2,1,2
2018420329371,2,9,0,9,0,0,0,0,0,0,0,1,6,1,-1,-1,-1,-1,-1,-1,-1,-1
2018420329371,3,19,0,18,0,0,0,0,0,0,0,1,1,1,42,7,1995,2,4,8,1,8
2018420329371,4,9,0,4,0,0,0,0,0,0,2,2,5,2,34,6,1999,2,2,4,1,4
2018420329487,1,9,0,9,0,8,0,0,0,0,1,1,2,1,18,4,1229,1,9,6,1,6
2018420329523,1,19,0,4,0,0,0,0,0,0,1,1,6,1,37,7,1248,2,9,3,1,3
2018420329523,2,9,0,3,0,0,0,0,0,0,2,1,6,1,18,4,999,1,1,9,1,9
2018420329523,3,19,0,2,0,0,0,0,0,0,2,1,6,1,34,6,2198,2,3,5,3,5
2018420329539,1,9,0,14,0,0,1,4,0,0,1,1,1,2,42,7,1968,2,5,10,1,10
2018420329539,2,19,0,2,0,0,1,0,0,0,2,1,6,3,-1,-1,-1,-1,-1,-1,-1,-1
2018420329580,1,5,0,16,0,0,0,0,0,0,1,1,6,1,59,9,798,1,9,5,3,5
2018420329580,2,9,0,17,0,0,0,0,0,0,1,1,1,1,52,8,1598,2,2,8,3,8
2018420329584,1,9,0,14,0,0,1,0,0,0,1,1,6,2,43,7,1998,1,1,6,1,6
2018420329584,2,9,0,18,0,0,0,0,0,0,1,1,5,1,52,8,1598,2,3,3,1,3
2018420329584,3,9,0,2,0,0,0,0,0,0,3,1,5,2,40,7,2967,2,12,6,1,6
2018420329665,1,9,0,17,0,0,1,0,7,0,1,1,5,1,34,6,1587,1,15,2,1,2
2018420329668,1,9,0,7,0,8,0,0,0,0,1,1,6,2,35,6,-1,-1,-1,-1,-1,-1
2018420329668,2,1,0,18,0,8,0,0,0,0,4,1,2,1,49,8,-1,-1,-1,4,1,4
2018420329677,1,9,0,13,0,0,0,0,0,0,0,1,6,3,-1,-1,-1,-1,-1,-1,-1,-1