Accident_Index,Vehicle_Reference,Vehicle_Type,Towing_and_Articulation,Vehicle_Manoeuvre,Vehicle_Location-Restricted_Lane,Junction_Location,Skidding_and_Overturning,Hit_Object_in_Carriageway,Vehicle_Leaving_Carriageway,Hit_Object_off_Carriageway,1st_Point_of_Impact,Was_Vehicle_Left_Hand_Drive?,Journey_Purpose_of_Driver,Sex_of_Driver,Age_of_Driver,Age_Band_of_Driver,Engine_Capacity_(CC),Propulsion_Code,Age_of_Vehicle,Driver_IMD_Decile,Driver_Home_Area_Type,Vehicle_IMD_Decile
2018420329677,2,11,0,18,0,0,0,0,0,0,4,1,1,1,43,7,9600,2,21,1,1,1
2018420329677,3,11,0,2,6,0,0,0,0,0,3,1,1,1,54,8,10677,2,4,3,1,3
2018420329693,1,19,0,9,0,6,0,0,0,0,1,1,1,2,23,5,1560,2,1,-1,-1,-1
2018420329693,2,19,0,18,0,1,2,0,0,0,4,1,1,1,56,9,1753,2,15,6,1,6
2018420329694,1,19,0,18,0,4,0,0,0,0,1,1,2,1,47,8,1560,2,2,5,1,5
2018420329694,2,1,0,18,0,3,2,0,0,0,2,1,5,1,61,9,-1,-1,-1,10,1,10
2018420329695,1,21,1,11,0,0,0,0,0,0,1,1,1,1,52,8,12902,2,2,4,1,4
2018420329695,2,9,0,18,0,0,1,0,0,0,3,1,6,1,39,7,1242,1,3,9,1,9
2018420329709,1,9,0,18,0,4,0,9,4,0,1,1,5,1,86,11,1229,1,10,3,1,3
2018420329709,2,9,0,4,0,4,0,0,0,0,0,1,6,3,-1,-1,-1,-1,-1,-1,-1,-1
2018420329857,1,9,0,18,0,2,0,0,0,0,1,1,6,1,34,6,1796,1,22,2,1,2
2018420329857,2,9,0,18,0,1,0,0,0,0,1,1,6,1,59,9,2982,2,5,2,1,2
2018420329908,1,9,0,18,0,4,0,0,0,0,3,1,5,2,40,7,1497,8,12,3,2,3
2018420329917,1,9,0,3,0,0,0,7,3,10,3,1,6,1,63,9,1900,2,18,5,1,5
2018420329936,1,5,0,18,0,0,1,0,0,0,0,1,5,1,41,7,1462,1,2,-1,1,-1
2018420330036,1,19,0,3,0,0,0,0,0,0,2,1,2,1,53,8,1995,2,6,2,1,2
2018420330036,2,9,0,18,0,0,0,4,0,0,1,1,2,2,19,4,1399,2,12,4,1,4
2018420330038,1,9,0,4,0,1,0,0,0,0,1,1,5,2,30,6,2143,2,7,3,1,3
2018420330038,2,9,0,3,0,2,0,0,0,0,2,1,6,2,23,5,998,1,4,3,1,3
2018420330042,1,21,0,9,0,3,0,0,0,0,1,1,1,1,45,7,12777,2,2,4,1,4
2018420330042,2,9,0,7,0,3,5,0,0,0,4,1,2,2,23,5,1198,1,11,6,3,6
2018420330051,1,9,0,7,0,8,0,0,0,0,1,1,5,2,22,5,1968,2,14,1,1,1
2018420330051,2,9,0,18,0,8,0,0,0,0,1,1,5,2,37,7,1364,1,1,2,1,2
2018420330056,1,9,0,4,0,0,0,0,0,0,1,1,2,1,22,5,1242,1,14,5,3,5
2018420330056,2,9,0,4,0,0,0,0,0,0,2,1,3,2,51,8,1598,1,12,6,3,6
2018420330056,3,9,0,4,0,0,0,0,0,0,2,1,1,2,45,7,1968,2,5,7,2,7
2018420330057,1,9,0,15,0,4,0,0,1,0,0,1,6,3,40,7,-1,-1,-1,-1,-1,-1
2018420330057,2,1,0,18,0,1,0,0,0,0,1,1,1,1,39,7,-1,-1,-1,-1,-1,-1
2018420330058,1,9,0,18,0,8,0,0,0,0,2,1,6,1,-1,-1,1796,1,15,-1,-1,-1
2018420330058,2,9,0,18,0,1,0,0,0,0,1,1,6,2,50,8,1396,2,8,3,1,3
2018420330282,1,9,0,18,0,8,0,0,0,0,1,1,2,2,24,5,1242,1,2,8,1,8
2018420330282,2,9,0,3,0,8,0,0,0,0,2,1,2,1,53,8,1968,2,6,9,2,9
2018420330364,1,97,0,13,0,0,0,0,0,0,1,1,6,3,-1,-1,-1,-1,-1,-1,-1,-1
2018420330413,1,19,0,18,0,0,0,0,0,0,4,1,1,1,44,7,2198,2,3,6,3,6
2018420330413,2,21,0,2,6,0,0,0,0,0,2,1,1,1,55,8,10837,2,9,5,1,5
2018420330425,1,9,0,18,0,8,0,0,3,0,3,1,1,1,31,6,1596,1,16,-1,-1,-1
2018420330425,2,9,0,18,0,8,0,0,0,0,1,1,5,2,36,7,1984,2,6,3,1,3
2018420330464,1,9,0,7,0,8,0,0,0,0,4,1,5,1,74,10,999,1,1,7,2,7
2018420330464,2,9,0,7,0,8,0,0,7,2,3,1,5,2,22,5,998,1,3,6,1,6
2018420330471,1,5,0,18,0,0,2,12,0,0,4,1,5,1,44,7,1340,1,6,7,2,7
2018420330472,1,9,0,12,0,0,0,0,0,0,0,1,6,3,50,8,-1,-1,-1,-1,-1,-1
2018420330472,2,19,0,18,0,0,2,0,0,0,1,1,2,1,34,6,1870,2,12,2,1,2
2018420330472,3,17,4,18,0,0,0,0,0,0,3,1,1,1,31,6,6788,2,1,6,3,6
2018420330473,1,9,0,18,0,0,0,0,0,0,1,1,6,2,45,7,1598,1,13,3,1,3
2018420330473,2,9,0,4,0,0,0,0,0,0,2,1,2,2,64,9,1598,2,-1,10,2,10
2018420330483,1,9,0,18,0,0,5,0,0,0,3,1,5,1,91,11,1198,1,3,3,1,3
2018420330483,2,9,0,2,9,0,0,0,0,0,4,1,6,3,-1,-1,-1,-1,-1,-1,-1,-1
2018420330530,1,19,0,5,0,3,0,0,0,0,1,1,6,2,-1,-1,1968,2,-1,-1,-1,-1
2018420330530,2,9,0,5,0,3,0,0,0,0,3,1,6,1,30,6,1560,2,5,4,1,4
2018420330543,1,9,0,17,0,1,0,0,0,0,1,1,2,1,60,9,1598,1,4,5,1,5
2018420330543,2,9,0,2,0,8,0,0,0,0,0,1,6,3,-1,-1,-1,-1,-1,-1,-1,-1
2018420330600,1,9,0,1,0,2,0,0,0,0,2,1,6,2,32,6,1798,1,8,6,1,6
2018420330662,1,9,0,18,0,0,0,0,0,0,1,1,2,1,54,8,1984,1,-1,6,2,6
2018420330662,2,9,0,18,0,0,0,0,0,0,1,1,2,2,44,7,1388,1,12,7,2,7
2018420330662,3,9,0,18,0,0,0,0,0,0,1,1,2,2,33,6,-1,3,1,7,2,7
2018420330662,4,9,0,18,0,0,0,0,0,0,2,1,2,2,32,6,1997,1,11,7,2,7
2018420330662,5,9,0,18,0,0,0,0,0,0,2,1,2,2,27,6,1496,2,2,7,2,7
2018420330662,6,9,0,18,0,0,0,0,0,0,2,1,2,2,49,8,999,1,-1,6,2,6
2018420330700,1,19,0,4,0,1,0,0,0,0,4,1,1,1,38,7,1598,2,3,1,1,1
2018420330738,1,9,0,18,0,0,0,0,0,0,4,1,5,2,40,7,1422,2,10,5,2,5
2018420330738,2,9,0,5,9,0,0,0,0,0,1,1,5,2,76,11,1398,1,8,7,2,7
2018420330774,1,9,0,5,0,1,0,0,0,0,1,1,6,2,24,5,1595,1,9,8,2,8
2018420330774,2,9,0,3,0,1,0,0,0,0,2,1,6,1,44,7,-1,-1,-1,3,1,3
2018420330781,1,9,0,18,6,0,1,0,1,1,2,1,5,2,39,7,2979,1,1,10,1,10
2018420330799,1,98,0,15,0,0,0,0,0,0,1,1,6,1,-1,-1,-1,-1,-1,-1,-1,-1
2018420330799,2,1,0,14,0,0,5,0,0,0,3,1,6,1,20,4,-1,-1,-1,1,1,1
2018420330840,1,1,0,18,9,8,0,0,0,0,1,1,2,1,19,4,-1,-1,-1,7,1,7
2018420330840,2,9,0,8,0,8,0,0,0,0,1,1,2,1,60,9,2488,1,11,6,1,6
2018420330844,1,90,0,16,0,0,0,0,0,0,4,1,1,1,25,5,-1,-1,-1,10,1,10
2018420330844,2,5,0,11,0,0,0,0,0,0,4,1,2,1,56,9,1170,1,6,1,1,1
2018420330846,1,9,0,18,0,2,0,0,0,0,1,1,6,2,47,8,1242,1,6,6,1,6
2018420330846,2,9,0,18,0,2,0,0,0,0,1,1,6,1,61,9,1995,2,4,4,1,4
2018420330846,3,9,0,18,0,2,0,0,0,0,2,1,6,1,35,6,3982,1,-1,6,3,6
2018420330852,1,9,0,18,0,0,0,0,1,3,1,1,6,1,22,5,1242,1,1,5,2,5
2018420330863,1,8,0,18,0,1,0,0,0,0,1,1,1,1,47,8,1598,2,2,3,1,3
2018420330863,2,9,0,2,0,2,0,0,0,0,2,1,6,3,-1,-1,-1,-1,-1,-1,-1,-1
2018420330863,3,9,0,2,0,2,0,0,0,0,2,1,6,3,-1,-1,-1,-1,-1,-1,-1,-1
2018420330873,1,9,0,18,0,0,0,0,0,0,1,1,6,2,-1,-1,1591,1,6,-1,-1,-1
2018420331050,1,5,0,16,0,0,1,0,0,0,1,1,5,1,29,6,600,1,5,5,3,5
2018420331050,2,19,0,17,0,0,0,0,0,0,3,1,1,1,71,10,1896,2,10,5,3,5
2018420331062,1,5,0,18,0,1,0,0,0,0,1,1,6,1,59,9,850,1,22,9,1,9
2018420331062,2,9,0,9,0,8,0,0,0,0,1,1,4,2,17,4,1242,1,2,4,1,4
2018420331084,1,3,0,18,0,0,0,12,0,0,1,1,6,1,24,5,125,1,13,4,1,4
2018420331102,1,9,0,2,0,0,0,0,0,0,3,1,6,3,-1,-1,-1,-1,-1,-1,-1,-1
2018420331102,2,1,0,18,0,0,0,0,0,0,4,1,5,1,47,8,-1,-1,-1,9,1,9
2018420331119,1,9,0,18,0,0,0,0,0,0,1,1,6,1,38,7,1794,1,12,8,1,8
2018420331140,1,9,0,18,0,0,0,0,0,0,3,1,6,2,-1,-1,-1,-1,-1,-1,-1,-1
2018420331187,1,9,0,5,0,8,1,0,0,0,4,1,6,1,43,7,1582,2,3,8,1,8
2018420331187,2,9,0,18,0,8,1,0,1,0,1,1,6,1,18,4,1360,1,12,8,3,8
2018420331198,1,9,0,18,0,0,0,0,0,0,3,2,6,1,87,11,1422,2,9,2,3,2
2018420331201,1,9,0,18,0,0,0,4,0,0,1,1,6,1,69,10,998,1,2,-1,-1,-1
2018420331201,2,19,0,2,0,0,0,0,0,0,3,1,5,1,37,7,2143,2,-1,8,1,8
2018420331203,1,9,0,18,0,0,0,0,0,0,1,1,1,1,43,7,1560,2,5,-1,1,-1
2018420331203,2,9,0,4,0,0,0,0,0,0,2,1,6,2,37,7,-1,-1,-1,2,1,2
2018420331204,1,9,0,5,0,2,0,4,0,0,1,1,6,1,40,7,1796,1,16,9,-1,9
2018420331204,2,3,0,18,0,1,0,0,0,0,4,1,5,1,24,5,125,1,10,3,1,3
2018420331204,3,9,0,2,0,2,0,0,0,0,2,1,6,3,-1,-1,-1,-1,-1,-1,-1,-1
2018420331205,1,9,0,5,0,3,0,0,0,0,1,1,5,1,23,5,1499,1,-1,4,1,4
2018420331205,2,1,0,5,0,3,0,0,0,0,4,1,5,1,36,7,-1,-1,-1,10,3,10
2018420331207,1,9,0,4,0,4,0,0,0,0,1,1,5,1,35,6,1461,2,6,2,1,2
2018420331207,2,9,0,3,0,4,0,0,0,0,2,1,6,1,32,6,996,1,9,3,1,3
2018420331218,1,5,0,13,0,4,1,0,0,0,3,1,6,1,43,7,675,1,5,7,1,7
2018420331242,1,9,0,18,0,0,0,0,0,0,1,1,5,2,69,10,2000,2,10,5,3,5
2018420331242,2,17,0,4,0,0,0,0,0,0,1,1,1,1,56,9,-1,2,19,3,1,3
2018420331257,1,9,0,9,0,0,0,0,0,0,1,1,1,1,31,6,998,1,29,8,1,8
2018420331257,2,9,0,18,0,0,0,0,0,0,1,1,5,2,53,8,1991,1,3,3,1,3
2018420331260,1,9,0,13,0,0,0,0,0,0,3,1,6,1,16,4,1299,1,15,-1,-1,-1
2018420331260,2,9,0,18,0,0,0,0,0,0,1,1,5,2,49,8,2720,2,10,4,1,4
2018420331260,3,19,0,18,0,0,0,0,0,0,3,1,1,1,60,9,1896,2,10,9,2,9
2018420331261,1,5,0,4,0,0,2,0,0,0,4,1,5,1,24,5,599,1,14,1,1,1
2018420331261,2,21,1,4,0,0,0,0,0,0,3,1,1,1,48,8,12902,2,2,5,1,5
2018420331264,1,9,0,5,9,1,0,0,0,0,1,1,5,1,46,8,1596,1,13,5,3,5
2018420331274,1,9,0,18,0,0,0,0,0,0,1,1,5,2,30,6,1386,1,8,8,3,8
2018420331274,2,9,0,4,0,0,0,0,0,0,2,1,5,2,57,9,1956,2,3,7,1,7
2018420331289,1,5,0,13,0,8,1,0,0,0,1,1,5,1,21,5,649,1,1,4,1,4
2018420331289,2,17,0,17,0,8,0,0,1,0,1,1,5,1,59,9,3621,2,1,6,3,6
2018420331292,1,5,0,16,0,0,1,0,0,0,1,1,6,1,53,8,998,1,14,2,1,2
2018420331292,2,9,0,17,0,0,0,0,0,0,1,1,6,1,62,9,1598,1,11,8,1,8
2018420331299,1,9,0,17,0,2,1,0,7,4,1,1,5,2,21,5,2979,1,-1,9,1,9
2018420331339,1,9,0,4,0,0,0,0,0,0,1,1,6,2,61,9,1596,1,8,4,1,4
2018420331339,2,9,0,4,0,0,0,0,0,0,1,1,5,2,79,11,1339,1,12,4,1,4
2018420331339,3,90,1,18,0,0,0,0,0,0,2,2,1,1,50,8,-1,-1,-1,-1,-1,-1
2018420331341,1,9,0,18,0,0,1,0,2,7,1,1,5,1,59,9,1197,1,1,4,1,4
2018420331346,1,5,0,13,0,0,2,7,0,0,1,1,6,1,24,5,599,1,7,10,1,10
2018420331352,1,9,0,18,0,0,0,0,0,0,1,1,6,1,32,6,2400,2,9,4,1,4
2018420331352,2,9,0,18,0,0,0,0,0,0,2,1,5,2,20,4,1499,1,1,10,1,10
2018420331358,1,90,0,18,0,2,5,0,0,0,0,1,6,1,62,9,229,1,9,5,3,5
2018420331416,1,9,0,4,0,1,0,0,0,0,1,1,6,1,-1,-1,-1,-1,-1,-1,-1,-1
2018420331416,2,9,0,3,0,1,0,0,0,0,2,1,6,2,34,6,1798,8,-1,6,1,6
2018420331510,1,9,0,18,0,0,1,0,0,0,1,1,2,2,32,6,1796,1,16,1,1,1
2018420331510,2,9,0,4,0,0,0,0,0,0,2,1,2,1,36,7,1956,2,2,1,1,1
2018420331510,3,9,0,3,0,0,0,0,0,0,2,1,2,2,49,8,1598,2,2,5,1,5
2018420331510,4,9,0,3,0,0,0,0,0,0,2,1,2,2,39,7,2198,2,13,4,1,4
2018420331533,1,19,0,18,0,0,0,0,0,0,1,1,2,1,38,7,1995,2,5,-1,-1,-1
2018420331542,1,9,0,5,0,1,0,0,0,0,1,1,6,1,28,6,1595,1,1,6,1,6
2018420331542,2,9,0,3,0,1,0,0,0,0,2,1,6,2,38,7,1560,2,2,4,1,4
2018420331558,1,21,0,1,0,0,0,0,0,0,2,1,1,1,54,8,-1,-1,-1,7,3,7
2018420331558,2,9,0,18,0,0,0,0,0,0,1,1,2,2,21,5,1490,1,11,8,1,8
2018420331558,3,9,0,2,0,0,0,0,0,0,4,1,6,3,-1,-1,-1,-1,-1,-1,-1,-1
2018420331558,4,9,0,2,0,0,0,0,0,0,4,1,6,3,-1,-1,-1,-1,-1,-1,-1,-1
2018420331637,1,9,0,18,0,1,0,0,0,0,1,1,5,1,19,4,1596,1,19,4,1,4
2018420331639,1,19,0,18,0,0,0,4,0,0,1,1,1,1,58,9,2143,2,4,7,1,7
2018420331639,2,9,0,2,0,0,0,0,0,0,4,1,6,1,46,8,2198,1,13,4,1,4
2018420331654,1,21,1,18,0,0,0,0,0,0,1,1,1,1,49,8,12740,2,3,7,3,7
2018420331654,2,8,0,18,0,0,0,0,0,0,2,1,1,1,51,8,1950,2,2,5,1,5
2018420331857,1,9,0,9,0,8,0,0,0,0,4,1,6,1,21,5,1596,1,13,4,1,4
2018420331857,2,9,0,9,0,8,0,0,0,0,3,1,6,2,49,8,1598,2,6,6,1,6
2018420331859,1,9,0,18,0,8,0,0,0,0,1,1,6,1,18,4,998,1,7,8,1,8
2018420331859,2,9,0,2,0,1,0,0,0,0,0,1,6,3,-1,-1,-1,-1,-1,-1,-1,-1
2018420331864,1,9,0,4,0,0,0,0,0,0,1,1,6,1,-1,-1,-1,-1,-1,-1,-1,-1
2018420331864,2,1,0,18,0,0,0,0,0,0,3,1,5,2,20,4,-1,-1,-1,3,2,3
2018420331925,1,9,0,7,0,0,0,0,0,0,1,1,5,1,81,11,998,1,6,6,1,6
2018420331938,1,98,0,7,0,8,0,0,0,0,0,1,6,3,-1,-1,-1,-1,-1,-1,-1,-1
2018420331938,2,1,0,18,0,8,5,0,0,0,0,1,6,2,37,7,-1,-1,-1,2,1,2
2018420331947,1,9,0,18,0,4,0,0,0,0,4,1,6,3,-1,-1,-1,-1,-1,-1,-1,-1
2018420331947,2,9,0,18,0,3,0,0,0,0,1,1,6,2,23,5,998,1,1,7,1,7
2018420332060,1,1,0,18,0,6,0,0,0,0,1,1,5,1,13,3,-1,-1,-1,5,1,5
2018420332060,2,9,0,18,0,1,0,0,0,0,1,1,5,1,79,11,1591,1,6,9,1,9
2018420332093,1,3,0,5,0,6,0,0,0,0,1,1,5,1,28,6,124,1,6,4,1,4
2018420332093,2,9,0,9,0,1,0,0,0,0,4,1,5,2,53,8,998,1,3,8,1,8
2018420332102,1,9,0,9,9,2,0,0,1,0,1,1,5,1,16,4,1598,1,12,-1,-1,-1
2018420332108,1,21,0,10,0,5,0,0,0,0,1,1,1,1,48,8,-1,-1,-1,9,1,9
2018420332108,2,9,0,18,0,1,0,0,0,0,1,1,5,1,29,6,2993,2,7,6,1,6
2018420332112,1,19,0,18,0,0,1,0,0,0,1,1,2,1,49,8,2287,2,7,5,3,5
2018420332112,2,9,0,3,0,0,0,0,0,0,2,1,2,1,53,8,1364,1,10,5,3,5
2018420332311,1,9,0,9,0,6,0,0,0,0,3,1,2,2,52,8,1598,2,1,4,1,4
2018420332311,2,3,0,18,0,1,1,0,0,0,1,1,2,2,45,7,102,1,13,10,2,10
2018420332313,1,19,0,4,0,0,0,0,0,0,1,1,5,1,30,6,-1,-1,-1,4,1,4
2018420332313,2,19,0,4,0,0,0,0,0,0,2,1,1,1,40,7,1461,2,7,3,1,3
2018420332313,3,19,0,4,0,0,0,0,0,0,1,1,1,1,34,6,2300,2,12,7,-1,7
2018420332421,1,9,0,13,0,0,0,0,0,0,1,1,2,2,38,7,1560,2,6,10,1,10
2018420332421,2,9,0,18,0,0,0,0,0,0,1,1,2,1,54,8,1398,1,3,4,3,4
2018420332441,1,9,0,9,0,8,0,0,0,0,1,1,5,1,49,8,998,1,4,8,1,8
2018420332441,2,1,0,18,0,8,0,0,0,0,1,1,5,1,58,9,-1,-1,-1,10,1,10
2018420332448,1,9,0,13,0,0,0,0,0,0,4,1,6,3,25,5,1950,2,-1,-1,-1,-1
2018420332448,2,9,0,18,0,0,1,10,2,11,1,1,5,1,17,4,1596,1,4,6,1,6
2018420332523,1,9,0,4,0,0,0,0,1,0,1,1,2,1,48,8,1998,8,-1,6,3,6
2018420332526,1,9,0,18,0,1,0,0,0,0,1,1,6,1,18,4,1560,2,12,3,1,3
2018420332526,2,9,0,18,0,1,0,0,0,0,2,1,6,1,33,6,1560,2,5,8,1,8
2018420332538,1,9,0,18,0,0,1,0,7,0,1,1,6,1,43,7,1491,1,41,7,3,7
2018420332542,1,3,0,18,0,1,1,0,0,0,4,1,1,1,18,4,124,1,6,8,1,8
2018420332594,1,9,0,18,0,1,0,0,0,0,1,1,6,1,-1,-1,1199,1,16,-1,-1,-1
2018420332594,2,9,0,18,0,1,0,0,0,0,2,1,6,2,39,7,1499,2,2,1,1,1
2018420332698,1,9,0,3,0,1,0,0,0,0,1,1,6,1,34,6,2143,2,3,4,1,4
2018420332698,2,1,0,10,0,1,0,0,0,0,2,1,6,1,71,10,-1,-1,-1,9,2,9
2018420332704,1,9,0,18,0,0,0,0,1,9,1,1,2,2,41,7,1769,1,13,9,1,9
2018420332712,1,9,0,14,0,1,0,0,0,0,4,1,6,1,-1,-1,1995,2,2,-1,-1,-1
2018420332712,2,9,0,3,0,1,0,0,0,0,3,1,2,2,49,8,1398,1,4,2,1,2
2018420332769,1,9,0,6,0,0,0,0,0,0,3,1,5,1,28,6,1997,2,2,7,1,7
2018420332769,2,3,0,18,0,0,0,0,0,0,1,1,6,1,-1,-1,125,1,-1,-1,-1,-1
2018420332783,1,9,0,18,0,0,0,0,1,4,1,1,2,1,57,9,-1,-1,-1,9,1,9
2018420332783,2,9,0,18,0,0,0,0,1,4,1,1,6,1,43,7,1597,1,1,9,3,9
2018420332849,1,9,0,18,0,0,0,0,0,0,1,1,5,2,74,10,1199,1,-1,10,1,10
2018420332849,2,9,0,10,0,0,0,0,0,0,2,1,3,2,36,7,1560,2,7,7,1,7
2018420332895,1,9,0,18,0,4,0,0,0,0,3,1,3,2,42,7,1997,2,3,6,1,6
2018420332895,2,1,0,17,0,8,5,0,0,0,4,1,6,2,55,8,-1,-1,-1,7,1,7
2018420332906,1,9,0,18,0,1,0,0,0,0,4,1,5,1,60,9,1388,1,6,3,1,3
2018420332907,1,9,0,5,0,1,0,0,0,0,1,1,2,1,51,8,1968,2,7,8,3,8
2018420332907,2,1,0,17,0,7,0,0,0,0,1,1,5,1,46,8,-1,-1,-1,8,1,8
2018420332912,1,20,0,18,0,6,0,0,0,0,4,1,5,1,45,7,-1,-1,-1,2,1,2
2018420332919,1,9,0,9,0,1,0,0,0,0,1,1,1,1,41,7,1299,1,11,5,1,5
2018420332919,2,9,0,18,0,1,0,0,0,0,1,1,5,1,21,5,999,1,3,4,1,4
2018420333036,1,9,0,9,0,8,0,0,0,0,4,1,5,2,43,7,1560,2,11,5,1,5
2018420333036,2,9,0,18,0,8,0,0,0,0,4,1,5,2,27,6,1461,2,11,5,1,5
2018420333142,1,9,0,6,0,0,0,0,0,0,3,1,2,2,34,6,2143,2,2,6,-1,6
2018420333142,2,4,0,14,0,0,0,0,0,0,1,1,6,2,58,9,234,1,19,8,1,8
2018420333160,1,9,0,9,0,3,0,0,0,0,1,1,6,2,31,6,1997,2,6,4,1,4
2018420333160,2,9,0,18,0,8,0,0,0,0,1,1,6,2,20,4,1248,2,6,10,1,10
2018420333191,1,3,0,18,0,0,0,0,7,0,3,1,6,1,20,4,125,1,1,7,3,7
2018420333194,1,9,0,3,0,1,0,0,0,0,1,1,5,1,19,4,999,1,7,6,3,6
2018420333194,2,9,0,4,0,1,0,0,0,0,2,1,1,1,45,7,-1,-1,-1,8,1,8
2018420333194,3,9,0,4,0,1,0,0,0,0,2,1,6,2,33,6,1240,1,12,7,-1,7
2018420333196,1,9,0,16,0,0,1,0,7,0,1,1,6,1,20,4,1229,1,11,8,1,8
2018420333239,1,9,0,10,0,1,0,0,0,0,0,1,6,3,-1,-1,-1,-1,-1,-1,-1,-1
2018420333239,2,9,0,3,0,1,0,0,0,0,2,1,6,1,48,8,2993,2,1,6,1,6
2018420333239,3,9,0,4,0,1,0,0,0,0,1,1,6,2,33,6,1560,2,8,5,2,5
2018420333247,1,19,0,9,0,1,0,0,0,0,1,1,5,1,52,8,2148,2,12,5,1,5
2018420333247,2,9,0,18,0,1,0,0,0,0,1,1,5,1,39,7,2993,2,11,10,1,10
2018420333249,1,9,0,4,0,0,0,0,0,0,1,1,6,1,53,8,4367,2,1,9,1,9
2018420333249,2,9,0,3,0,0,0,0,0,0,2,1,5,1,50,8,1686,2,7,5,1,5
2018420333257,1,9,0,6,0,8,0,0,0,0,1,1,6,1,84,11,1398,1,2,5,1,5
2018420333257,2,9,0,18,0,8,0,0,1,0,1,1,6,2,60,9,1998,2,12,8,2,8
2018420333259,1,8,0,5,0,1,0,0,0,0,3,1,1,1,57,9,1598,2,6,3,1,3
2018420333259,2,3,0,7,0,1,0,0,0,0,1,1,2,1,24,5,125,1,2,4,1,4
2018420333260,1,9,0,6,0,0,0,0,0,0,3,1,5,2,75,10,999,1,3,1,1,1
2018420333260,2,9,0,18,0,0,0,0,0,0,1,1,5,1,33,6,-1,-1,-1,9,1,9
2018420333262,1,9,0,9,0,0,0,0,0,0,3,1,5,1,32,6,1798,1,14,5,2,5
2018420333262,2,1,0,18,0,0,0,0,0,0,1,1,5,1,59,9,-1,-1,-1,6,1,6
2018420333264,1,3,0,18,0,0,1,0,0,0,1,1,6,2,33,6,125,1,4,3,1,3
2018420333265,1,3,0,5,0,0,2,2,1,1,1,1,5,1,21,5,645,1,13,2,1,2
2018420333270,1,9,0,9,0,6,0,0,0,0,1,1,5,2,19,4,1560,2,-1,5,3,5
2018420333270,2,19,0,18,0,1,5,0,7,9,4,1,5,1,57,9,1753,2,10,5,1,5
2018420333282,1,9,0,4,9,1,0,0,2,11,1,1,5,1,59,9,1997,2,14,1,1,1
2018420333284,1,9,0,18,0,0,0,0,0,0,1,1,5,1,23,5,1598,1,9,8,2,8
2018420333288,1,9,0,18,0,0,0,0,0,0,4,1,6,1,30,6,1968,2,4,10,1,10
2018420333288,2,1,0,18,6,0,0,0,1,0,3,1,6,1,36,7,-1,-1,-1,7,1,7
2018420333290,1,4,0,3,0,4,0,0,0,0,2,1,2,1,23,5,286,1,4,6,2,6
2018420333290,2,9,0,5,0,4,0,0,0,0,1,1,5,1,45,7,2143,2,3,-1,-1,-1
2018420333293,1,8,0,18,0,0,0,0,0,0,1,1,5,2,36,7,1598,2,5,7,1,7
2018420333293,2,9,0,3,0,0,0,0,0,0,2,1,5,2,29,6,1596,1,14,8,1,8
2018420333293,3,9,0,3,0,0,0,0,0,0,2,1,6,1,19,4,1084,1,1,8,3,8
2018420333301,1,21,0,5,0,6,0,0,0,0,1,1,1,1,40,7,4461,2,7,6,1,6
2018420333301,2,5,0,13,0,8,0,0,8,2,1,1,5,1,56,9,599,1,10,8,1,8
2018420333304,1,9,0,9,0,8,0,0,0,0,1,1,6,2,85,11,1390,1,13,7,1,7
2018420333304,2,19,0,18,0,8,0,0,0,0,1,1,6,1,53,8,1998,2,12,-1,-1,-1
2018420333304,3,9,0,10,0,8,0,0,0,0,1,1,6,2,70,10,1349,1,7,-1,-1,-1
2018420333307,1,9,0,5,0,0,0,0,0,0,0,1,5,1,30,6,1500,2,-1,8,1,8
2018420333307,2,1,0,18,0,0,0,0,0,0,0,1,5,1,52,8,-1,-1,-1,4,1,4
2018420333310,1,19,0,1,0,6,0,0,0,0,2,1,1,1,40,7,1598,2,1,6,1,6
2018420333313,1,9,0,13,0,0,0,0,0,0,1,1,5,1,24,5,2993,2,8,9,1,9
2018420333313,2,1,0,18,0,0,0,0,0,0,2,1,5,1,21,5,-1,-1,-1,3,1,3
2018420333314,1,9,0,18,0,0,1,0,7,7,4,1,5,1,31,6,998,1,14,3,-1,3
2018420333314,2,9,0,18,0,0,0,0,0,0,1,1,5,1,19,4,1398,1,1,10,1,10
2018420333328,1,9,0,9,0,8,0,0,0,0,3,1,6,1,33,6,2143,2,3,9,1,9
2018420333328,2,9,0,18,0,8,0,0,0,0,1,1,6,1,34,6,-1,-1,-1,7,3,7
2018420333334,1,9,0,16,0,0,0,0,5,6,3,1,5,1,25,5,1598,2,4,-1,-1,-1
2018420333337,1,9,0,18,0,2,0,0,0,0,4,1,2,2,26,6,1596,1,16,3,1,3
2018420333337,2,9,0,3,0,1,0,0,0,0,3,1,5,1,34,6,1197,1,3,7,1,7
2018420333354,1,9,0,7,0,1,0,0,0,0,1,1,2,1,62,9,2204,2,9,4,1,4
2018420333355,1,5,0,17,0,0,1,6,0,0,1,1,5,1,32,6,899,1,20,2,1,2
2018420333356,1,9,0,18,0,1,0,0,0,0,1,1,5,2,40,7,1596,1,14,3,1,3
2018420333359,1,9,0,5,0,2,0,0,0,0,1,1,5,1,74,10,2179,2,11,5,1,5