Accident_Index,Vehicle_Reference,Vehicle_Type,Towing_and_Articulation,Vehicle_Manoeuvre,Vehicle_Location-Restricted_Lane,Junction_Location,Skidding_and_Overturning,Hit_Object_in_Carriageway,Vehicle_Leaving_Carriageway,Hit_Object_off_Carriageway,1st_Point_of_Impact,Was_Vehicle_Left_Hand_Drive?,Journey_Purpose_of_Driver,Sex_of_Driver,Age_of_Driver,Age_Band_of_Driver,Engine_Capacity_(CC),Propulsion_Code,Age_of_Vehicle,Driver_IMD_Decile,Driver_Home_Area_Type,Vehicle_IMD_Decile
2018420337871,2,4,0,15,2,2,0,0,0,0,3,1,2,1,23,5,471,1,1,7,1,7
2018420337889,1,9,0,17,0,0,5,7,0,0,1,1,5,2,64,9,1586,1,10,4,1,4
2018420337903,1,9,0,18,0,0,0,0,0,0,1,1,5,1,43,7,1596,1,17,6,1,6
2018420337903,2,9,0,4,0,0,0,0,0,0,2,1,5,2,42,7,1596,1,8,6,3,6
2018420337903,3,19,0,4,0,0,0,0,0,0,2,1,1,1,27,6,1598,2,3,7,2,7
2018420337903,4,9,0,4,0,0,0,0,0,0,2,1,5,1,38,7,1995,2,7,8,2,8
2018420337903,5,9,0,4,0,0,0,0,0,0,2,1,2,1,28,6,1560,2,10,5,1,5
2018420337920,1,9,0,9,0,8,0,0,0,0,4,1,6,1,39,7,1598,1,5,6,1,6
2018420337920,2,1,0,18,0,8,0,0,0,0,1,1,6,1,27,6,-1,-1,-1,6,1,6
2018420338076,1,9,0,14,0,0,1,4,0,0,1,1,6,1,-1,-1,1197,1,4,-1,-1,-1
2018420338076,2,11,0,4,0,0,0,0,0,0,1,1,1,2,41,7,6700,2,2,3,1,3
2018420338076,3,9,0,2,0,0,0,0,0,0,3,1,6,3,-1,-1,-1,-1,-1,-1,-1,-1
2018420338076,4,9,0,2,0,0,0,0,0,0,3,1,6,3,-1,-1,-1,-1,-1,-1,-1,-1
2018420338076,5,9,0,2,0,0,0,0,0,0,4,1,6,3,-1,-1,-1,-1,-1,-1,-1,-1
2018420338076,6,9,0,2,0,0,0,0,0,0,3,1,6,3,-1,-1,-1,-1,-1,-1,-1,-1
2018420338115,1,9,0,9,0,8,0,0,0,0,2,1,6,2,72,10,1769,1,16,9,2,9
2018420338115,2,9,0,18,0,1,0,0,0,0,1,1,6,1,44,7,1598,1,14,9,2,9
2018420338278,1,9,0,18,0,0,0,0,0,0,4,1,5,2,54,8,1398,1,1,5,1,5
2018420338278,2,1,0,18,0,0,0,0,0,0,2,1,2,2,31,6,-1,-1,-1,8,3,8
2018420338305,1,9,0,18,0,0,0,0,0,0,1,1,6,1,-1,-1,2000,2,14,-1,-1,-1
2018420338305,2,9,0,18,0,0,0,0,1,0,1,1,6,1,73,10,1685,2,2,5,2,5
2018420338528,1,9,0,9,0,5,0,0,0,0,1,1,5,2,67,10,1598,1,1,2,1,2
2018420338634,1,9,0,6,0,8,0,0,0,0,3,1,6,2,22,5,1998,1,19,8,1,8
2018420338634,2,5,0,14,0,8,2,0,0,0,1,1,6,1,30,6,-1,-1,-1,4,1,4
2018420338648,1,9,0,17,0,0,0,0,1,0,1,1,5,1,61,9,1596,1,14,5,1,5
2018420338660,1,9,0,4,0,0,0,0,0,0,1,1,2,1,21,5,1399,2,12,6,1,6
2018420338660,2,9,0,4,0,0,0,0,0,0,1,1,5,2,31,6,1598,2,2,2,1,2
2018420338660,3,9,0,4,0,0,0,0,0,0,2,1,5,2,60,9,1991,2,9,9,1,9
2018420338662,1,9,0,17,0,8,5,0,0,0,1,1,5,2,17,4,1229,1,4,8,1,8
2018420338662,2,9,0,16,0,8,0,0,0,0,0,1,6,3,-1,-1,-1,-1,-1,-1,-1,-1
2018420338665,1,9,0,11,0,0,2,0,0,0,1,1,1,1,38,7,1800,8,6,4,1,4
2018420338665,2,9,0,18,0,0,0,0,0,0,2,1,2,1,57,9,1976,1,7,5,1,5
2018420338666,1,9,0,18,0,0,0,0,0,0,1,1,5,1,38,7,1998,8,2,8,1,8
2018420338666,2,9,0,18,0,0,0,0,0,0,2,1,5,2,65,9,1197,1,2,5,2,5
2018420338666,3,21,0,4,0,0,0,0,0,0,0,1,1,1,48,8,7698,2,2,5,1,5
2018420338668,1,9,0,5,0,2,0,0,0,0,3,1,2,1,21,5,1368,1,10,6,1,6
2018420338668,2,1,0,18,0,2,0,0,0,0,1,1,2,1,53,8,-1,-1,-1,8,1,8
2018420338814,1,9,0,5,0,1,0,0,0,0,3,1,1,2,29,6,-1,-1,-1,4,1,4
2018420338814,2,4,0,18,0,1,0,0,0,0,1,1,6,1,22,5,249,1,9,5,1,5
2018420338839,1,9,0,18,0,0,0,0,0,0,1,1,6,1,44,7,2488,2,13,3,1,3
2018420338839,2,8,0,4,0,0,0,0,0,0,2,1,1,1,48,8,1686,2,6,7,3,7
2018420338840,1,9,0,5,9,8,0,10,3,7,1,1,2,1,24,5,2494,1,17,7,1,7
2018420338865,1,9,0,18,0,0,0,4,0,0,1,1,5,1,82,11,1399,1,-1,8,3,8
2018420338865,2,9,0,2,0,0,0,0,0,0,2,1,6,3,-1,-1,-1,-1,-1,-1,-1,-1
2018420338872,1,9,0,4,0,1,0,0,0,0,1,1,6,3,-1,-1,-1,-1,-1,-1,-1,-1
2018420338872,2,9,0,8,0,1,0,0,0,0,2,1,6,2,22,5,1461,2,3,3,1,3
2018420338881,1,9,0,9,0,1,0,0,0,0,1,1,5,1,77,11,1753,2,17,8,1,8
2018420338931,1,9,0,4,0,2,0,0,0,0,1,1,6,1,31,6,1976,1,8,3,1,3
2018420338931,2,90,0,4,0,2,0,0,0,0,2,1,1,1,46,8,7146,2,3,1,1,1
2018420338949,1,9,0,7,0,5,0,0,0,0,1,1,1,1,71,10,2494,2,5,8,1,8
2018420338949,2,9,0,4,0,1,0,0,0,0,3,1,6,2,53,8,1395,1,2,5,1,5
2018420339008,1,9,0,16,0,0,0,0,0,0,2,1,5,1,74,10,2925,2,-1,9,3,9
2018420339008,2,9,0,16,0,0,0,0,0,0,1,1,5,1,19,4,1598,2,4,-1,-1,-1
2018420339018,1,21,1,17,0,8,5,10,0,0,3,1,1,1,39,7,10837,2,4,4,1,4
2018420339018,2,9,0,10,0,4,0,0,0,0,1,1,5,2,17,4,1242,1,4,7,1,7
2018420339018,3,9,0,10,0,4,0,0,0,0,1,1,2,2,30,6,1242,1,8,3,1,3
2018420339029,1,9,0,18,0,0,1,0,0,0,1,1,5,1,47,8,1781,1,24,6,1,6
2018420339029,2,9,0,18,0,0,1,0,0,0,2,1,1,1,34,6,-1,-1,-1,9,1,9
2018420339029,3,9,0,18,0,0,0,0,0,0,0,1,2,2,50,8,2979,1,14,6,1,6
2018420339029,4,9,0,18,0,0,1,0,0,0,1,1,5,2,63,9,1796,1,11,8,1,8
2018420339029,5,9,0,18,0,0,0,0,0,0,2,1,5,1,69,10,1798,1,6,8,2,8
2018420339029,6,9,0,18,0,0,0,0,0,0,2,1,5,2,27,6,1229,1,4,3,2,3
2018420339073,1,9,0,18,0,1,0,0,0,0,1,1,6,1,20,4,1229,1,9,9,2,9
2018420339073,2,9,0,3,0,1,0,0,0,0,2,1,6,1,45,7,-1,-1,-1,6,2,6
2018420339127,1,3,0,18,0,0,2,0,0,0,1,1,2,1,54,8,125,1,2,6,1,6
2018420339158,1,19,0,18,0,0,0,0,0,0,1,1,6,1,37,7,2198,2,5,6,1,6
2018420339158,2,9,0,3,0,0,0,0,0,0,2,1,6,1,52,8,-1,-1,-1,4,1,4
2018420339158,3,9,0,3,0,0,0,0,0,0,2,1,6,1,28,6,1995,2,10,4,1,4
2018420339180,1,9,0,18,0,4,0,0,0,0,1,1,2,1,33,6,1587,1,13,5,1,5
2018420339180,2,9,0,18,0,4,0,0,0,0,2,1,2,2,41,7,1686,2,5,6,3,6
2018420339180,3,9,0,2,0,1,0,0,0,0,0,1,6,3,-1,-1,-1,-1,-1,-1,-1,-1
2018420339180,4,9,0,18,0,3,0,0,0,0,0,1,6,3,-1,-1,-1,-1,-1,-1,-1,-1
2018420339196,1,9,0,16,0,3,1,0,0,0,1,1,6,1,27,6,1596,1,15,10,1,10
2018420339196,2,9,0,18,0,1,0,0,0,0,1,1,6,1,58,9,1339,1,11,8,1,8
2018420339266,1,9,0,4,0,0,0,0,0,0,1,1,5,1,42,7,2204,2,11,2,1,2
2018420339266,2,1,0,18,0,0,0,0,0,0,1,1,5,1,16,4,-1,-1,-1,4,1,4
2018420339270,1,9,0,18,0,8,1,7,0,0,4,1,5,2,37,7,1968,2,8,2,-1,2
2018420339270,2,21,1,18,0,8,0,0,0,0,1,1,1,1,26,6,-1,-1,-1,-1,-1,-1
2018420339275,1,19,0,11,0,0,0,0,0,0,1,1,1,1,30,6,2287,2,3,1,1,1
2018420339275,2,9,0,4,0,0,0,0,0,0,2,1,5,2,36,7,1461,2,5,8,3,8
2018420339275,3,9,0,18,0,0,0,0,0,0,2,1,6,2,72,10,1395,1,2,7,1,7
2018420339275,4,9,0,18,0,0,0,0,0,0,1,1,6,1,32,6,-1,-1,-1,5,1,5
2018420339283,1,9,0,18,0,0,0,0,0,0,1,2,5,2,72,10,999,1,3,8,1,8
2018420339283,2,90,0,18,0,0,0,0,0,0,2,1,6,3,-1,-1,-1,-1,-1,-1,-1,-1
2018420339284,1,9,0,18,0,0,0,10,1,3,1,1,5,2,67,10,1951,2,14,5,1,5
2018420339287,1,9,0,9,0,8,0,0,0,0,3,1,6,1,32,6,1998,1,-1,7,3,7
2018420339287,2,4,0,18,0,8,2,0,1,0,1,1,6,1,24,5,471,1,-1,6,1,6
2018420339288,1,9,0,5,0,1,0,0,0,0,1,1,5,2,33,6,1896,2,16,4,2,4
2018420339292,1,9,0,18,0,2,0,0,0,0,3,1,6,1,66,10,1582,2,11,2,1,2
2018420339323,1,9,0,12,0,0,0,0,0,0,3,1,5,1,59,9,1598,1,9,8,1,8
2018420339323,2,5,0,18,0,0,2,0,0,0,1,1,2,1,30,6,1250,1,18,4,1,4
2018420339331,1,9,0,9,0,0,0,0,0,0,1,1,5,1,19,4,1229,1,12,10,2,10
2018420339331,2,2,0,18,0,0,0,0,1,0,3,1,5,1,16,4,49,1,11,8,2,8
2018420339333,1,19,0,13,0,0,0,0,7,0,1,1,1,1,21,5,1870,2,11,9,2,9
2018420339333,2,9,0,9,0,0,0,0,0,0,3,1,5,1,45,7,2143,2,1,6,1,6
2018420339341,1,9,0,7,0,3,0,9,8,7,1,1,6,1,26,6,1598,1,5,8,1,8
2018420339342,1,9,0,18,0,0,0,0,1,4,1,1,5,2,25,5,1560,2,5,4,1,4
2018420339346,1,19,0,18,0,0,1,4,0,0,1,1,6,1,49,8,2179,2,13,8,1,8
2018420339346,2,9,0,2,0,0,0,0,0,0,2,1,6,2,41,7,1997,2,7,2,1,2
2018420339350,1,9,0,18,0,0,1,0,4,6,1,1,2,1,30,6,1956,2,3,8,3,8
2018420339352,1,9,0,18,0,0,1,0,0,0,1,1,6,1,22,5,1598,2,5,2,1,2
2018420339352,2,9,0,4,0,0,1,0,0,0,2,1,5,1,28,6,1598,1,16,4,1,4
2018420339352,3,9,0,4,0,0,0,0,0,0,2,1,5,2,42,7,1950,2,2,7,1,7
2018420339352,4,9,0,4,0,0,0,0,0,0,1,1,6,1,30,6,1796,1,7,9,3,9
2018420339352,5,9,0,4,0,0,0,0,0,0,2,1,5,1,39,7,2993,2,3,7,1,7
2018420339352,6,9,0,4,0,0,0,0,0,0,2,1,6,1,44,7,1968,2,5,10,1,10
2018420339358,1,9,0,9,0,2,0,0,0,0,1,1,5,1,18,4,1242,1,10,4,2,4
2018420339358,2,9,0,3,0,1,0,0,0,0,2,1,5,2,61,9,1229,1,4,3,1,3
2018420339358,3,9,0,4,0,1,0,0,0,0,1,1,5,2,51,8,1591,1,1,10,1,10
2018420339364,1,9,0,18,0,0,0,4,0,0,1,1,5,2,59,9,999,1,1,4,1,4
2018420339364,2,9,0,2,0,0,0,0,0,0,2,1,6,3,-1,-1,-1,-1,-1,-1,-1,-1
2018420339402,1,9,0,5,0,1,0,0,0,0,1,1,5,1,54,8,1499,2,1,4,3,4
2018420339402,2,9,0,5,0,4,0,0,0,0,2,1,5,2,33,6,1296,1,12,5,1,5
2018420339463,1,5,0,5,0,1,2,0,0,0,0,1,2,2,45,7,645,1,17,2,1,2
2018420339463,2,9,0,5,0,1,0,0,0,0,0,1,2,1,63,9,-1,-1,-1,7,1,7
2018420339463,3,9,0,4,0,1,0,0,0,0,0,1,2,1,52,8,1796,1,10,10,1,10
2018420339479,1,19,0,18,0,0,5,0,1,0,0,1,5,1,30,6,1560,2,-1,9,1,9
2018420339495,1,9,0,7,0,1,0,0,0,0,1,1,6,3,-1,-1,-1,-1,-1,-1,-1,-1
2018420339495,2,9,0,10,0,1,0,0,0,0,2,1,5,2,23,5,1461,2,1,3,1,3
2018420339585,1,9,0,5,0,4,0,0,0,0,3,1,6,1,-1,-1,1998,1,12,-1,-1,-1
2018420339585,2,1,0,5,0,3,0,0,0,0,1,1,6,1,67,10,-1,-1,-1,10,1,10
2018420339622,1,9,0,18,0,0,0,0,0,0,1,1,6,2,-1,-1,1248,1,6,-1,-1,-1
2018420339622,2,9,0,5,0,0,0,0,0,0,1,1,6,1,31,6,1248,2,12,3,1,3
2018420339710,1,9,0,10,0,1,0,0,0,0,1,1,5,2,24,5,998,1,2,5,1,5
2018420339710,2,1,0,18,9,1,0,0,0,0,4,1,5,1,12,3,-1,-1,-1,6,1,6
2018420339712,1,9,0,18,0,1,0,0,7,1,1,1,5,2,70,10,1968,2,1,6,1,6
2018420339712,2,9,0,6,0,1,0,0,0,0,1,1,5,2,31,6,1596,1,13,7,1,7
2018420339854,1,9,0,7,0,0,0,0,0,0,0,1,6,3,-1,-1,1197,1,4,-1,-1,-1
2018420339854,2,9,0,18,0,0,0,10,0,0,1,1,3,2,47,8,1596,1,2,4,1,4
2018420339889,1,9,0,18,0,0,0,0,0,0,1,1,6,1,56,9,1997,8,1,2,1,2
2018420339889,2,9,0,4,0,0,0,0,0,0,2,1,6,2,43,7,1997,2,2,2,1,2
2018420339993,1,9,0,18,0,8,0,0,0,0,1,1,5,2,78,11,998,1,7,6,1,6
2018420339994,1,9,0,18,0,0,0,0,0,0,1,1,2,1,54,8,-1,-1,-1,8,2,8
2018420340050,1,9,0,4,0,2,0,0,0,0,4,1,1,2,52,8,1995,2,6,3,1,3
2018420340050,2,9,0,18,0,1,0,0,0,0,1,1,5,2,40,7,1968,2,9,1,1,1
2018420340053,1,21,0,13,0,1,1,0,0,0,1,1,5,1,36,7,-1,-1,-1,2,1,2
2018420340053,2,9,0,18,0,1,0,0,0,0,3,1,5,2,61,9,1397,1,6,5,2,5
2018420340053,3,9,0,18,0,2,0,0,0,0,1,1,6,2,59,9,1388,1,13,5,3,5
2018420340053,4,9,0,13,0,1,0,0,0,0,0,1,1,1,34,6,2993,2,1,-1,-1,-1
2018420340053,5,9,0,18,0,2,0,0,0,0,3,1,1,1,46,8,1995,2,10,4,1,4
2018420340053,6,9,0,18,0,2,0,0,0,0,0,1,5,1,64,9,1997,2,6,4,2,4
2018420340053,7,9,0,18,0,1,0,0,0,0,3,1,5,1,49,8,2987,2,6,1,1,1
2018420340053,8,9,0,18,0,1,0,0,0,0,3,1,5,2,72,10,1598,1,6,5,3,5
2018420340098,1,9,0,10,0,1,0,0,3,0,3,1,6,1,70,10,1798,1,14,8,1,8
2018420340098,2,9,0,18,0,1,0,10,7,0,1,1,5,1,45,7,1753,2,10,10,2,10
2018420340112,1,9,0,18,0,3,2,0,1,0,3,1,5,1,30,6,2457,1,11,9,-1,9
2018420340120,1,5,0,13,0,0,2,0,1,0,3,1,2,1,39,7,636,1,13,3,1,3
2018420340120,2,9,0,18,0,0,0,0,0,0,3,1,6,1,27,6,1984,1,9,4,2,4
2018420340120,3,9,0,18,0,0,0,0,0,0,3,1,6,1,65,9,1560,2,6,7,1,7
2018420340121,1,9,0,18,0,0,0,12,0,0,1,1,5,1,76,11,2498,1,18,6,2,6
2018420340229,1,9,0,18,0,2,0,0,0,0,1,1,6,1,-1,-1,1984,1,6,-1,-1,-1
2018420340229,2,1,0,18,0,1,0,0,0,0,1,1,6,2,58,9,-1,-1,-1,8,1,8
2018420340286,1,5,0,18,0,0,2,0,0,0,0,1,6,1,48,8,790,1,14,4,1,4
2018420340286,2,9,0,18,0,0,0,0,1,0,1,1,5,2,56,9,999,1,2,9,1,9
2018420340334,1,5,0,4,0,4,1,9,0,0,1,1,6,1,-1,-1,599,1,14,-1,-1,-1
2018420340385,1,19,0,5,0,4,0,0,0,0,4,1,6,1,29,6,2488,2,7,10,1,10
2018420340385,2,9,0,5,0,4,0,0,0,0,3,1,6,1,31,6,998,1,-1,6,2,6
2018420340463,1,9,0,18,0,8,0,0,0,0,1,1,6,2,37,7,1598,1,9,4,1,4
2018420340463,2,9,0,18,0,1,0,0,1,0,1,1,6,1,48,8,1595,1,-1,2,1,2
2018420340466,1,9,0,18,0,8,0,0,0,0,1,1,5,1,40,7,1796,1,10,5,1,5
2018420340466,2,9,0,18,0,8,1,0,1,11,3,1,5,2,34,6,1598,1,13,7,1,7
2018420340467,1,9,0,18,0,0,0,0,0,0,1,1,5,2,33,6,1999,2,-1,5,1,5
2018420340473,1,9,0,4,0,4,0,0,0,0,1,1,6,3,-1,-1,2597,1,15,-1,-1,-1
2018420340473,2,9,0,5,0,4,0,0,0,0,2,1,6,1,33,6,1988,1,17,1,1,1
2018420340621,1,9,0,9,0,0,0,0,0,0,1,1,6,2,20,4,1299,1,13,3,1,3
2018420340621,2,9,0,18,0,0,0,0,0,0,1,1,6,1,68,10,1598,1,3,9,1,9
2018420340738,1,9,0,4,0,0,0,0,0,0,1,1,2,2,28,6,1200,1,5,8,3,8
2018420340738,2,9,0,4,0,0,0,0,0,0,2,1,2,2,28,6,999,1,3,8,3,8
2018420340745,1,9,0,9,0,8,0,0,0,0,1,1,5,2,49,8,1499,2,5,4,1,4
2018420340745,2,5,0,18,0,1,0,0,7,0,1,1,2,1,23,5,599,1,12,6,3,6
2018420340784,1,9,0,7,0,0,0,0,0,0,3,1,6,3,-1,-1,1499,2,2,-1,-1,-1
2018420340784,2,9,0,9,0,0,0,0,1,0,1,1,6,2,23,5,1390,1,8,9,1,9
2018420340785,1,9,0,18,0,3,0,0,0,0,1,1,6,1,30,6,1390,1,8,2,1,2
2018420340785,2,9,0,4,0,3,0,0,0,0,2,1,6,2,37,7,1998,1,10,2,1,2
2018420340786,1,9,0,11,0,8,0,0,0,0,4,1,5,1,66,10,1796,1,5,2,1,2
2018420340786,2,90,1,5,0,8,0,0,0,0,1,1,1,1,27,6,-1,-1,-1,7,1,7
2018420340788,1,21,0,11,0,3,0,0,0,0,1,1,1,1,48,8,11967,2,11,6,1,6
2018420340788,2,9,0,16,0,4,0,0,0,0,1,1,6,2,61,9,1560,2,14,1,1,1
2018420340789,1,9,0,18,0,8,0,0,0,0,1,1,2,2,55,8,1596,1,16,7,1,7
2018420340789,2,9,0,18,0,8,0,0,0,0,4,1,5,1,83,11,1598,2,2,-1,-1,-1
2018420340793,1,9,0,9,0,6,0,0,0,0,4,1,1,2,25,5,1461,2,2,9,2,9
2018420340793,2,9,0,18,0,2,0,0,0,0,3,1,5,2,63,9,1388,1,16,5,2,5
2018420340796,1,9,0,18,0,0,0,0,1,0,1,1,6,1,57,9,1991,8,2,9,2,9
2018420340796,2,19,0,18,0,0,0,0,0,0,3,1,2,1,38,7,2198,2,4,8,3,8
2018420340796,3,19,0,18,0,0,0,0,0,0,4,1,2,1,37,7,1968,2,3,9,1,9
2018420340796,4,9,0,18,0,0,0,0,0,0,4,1,6,2,42,7,1598,1,7,5,3,5
2018420340858,1,9,0,7,0,8,0,0,0,0,3,1,5,2,18,4,1248,2,9,9,1,9
2018420340891,1,90,1,11,0,0,0,0,0,0,4,1,1,1,44,7,-1,-1,-1,-1,-1,-1
2018420340891,2,9,0,18,0,0,0,0,0,0,4,1,2,2,55,8,1596,1,13,10,1,10
2018420340959,1,9,0,18,0,2,0,0,0,0,1,1,5,2,77,11,1242,1,4,10,1,10
2018420340959,2,21,0,2,0,2,0,0,0,0,2,1,6,3,-1,-1,-1,-1,-1,-1,-1,-1
2018420340980,1,9,0,4,0,1,0,0,0,0,1,1,6,1,30,6,-1,-1,-1,-1,-1,-1
2018420340980,2,9,0,4,0,1,0,0,0,0,2,2,6,2,41,7,1499,2,-1,2,1,2
2018420340985,1,98,0,18,0,0,0,0,0,0,0,1,6,3,-1,-1,-1,-1,-1,-1,-1,-1
2018420340985,2,98,0,18,0,0,1,0,1,0,0,1,1,1,35,6,-1,-1,-1,7,1,7
2018420340996,1,9,0,18,0,0,0,0,0,0,4,1,6,3,-1,-1,-1,-1,-1,-1,-1,-1
2018420340996,2,1,0,18,0,0,0,0,0,0,3,1,2,1,43,7,-1,-1,-1,3,1,3
2018420341043,1,9,0,5,8,0,0,0,0,0,3,1,5,2,77,11,1242,1,9,9,1,9
2018420341043,2,9,0,18,0,0,0,0,0,0,1,1,5,2,80,11,1149,1,9,8,1,8
2018420341062,1,9,0,11,0,0,0,0,0,0,1,1,5,2,35,6,1992,2,10,7,3,7
2018420341062,2,1,0,18,0,0,0,0,0,0,3,1,2,1,23,5,-1,-1,-1,4,1,4
2018420341065,1,21,1,16,0,7,5,0,0,0,3,1,1,1,27,6,12740,2,5,5,1,5
2018420341075,1,9,0,9,0,0,1,0,1,0,4,1,5,1,31,6,1896,2,12,5,1,5
2018420341081,1,9,0,18,0,0,0,0,0,0,1,1,6,1,65,9,1749,1,13,4,1,4
2018420341087,1,9,0,15,0,0,0,4,0,0,1,1,6,2,26,6,1560,2,6,-1,-1,-1
2018420341087,2,19,0,2,0,0,0,0,0,0,2,1,6,3,-1,-1,-1,-1,-1,-1,-1,-1
2018420341107,1,9,0,18,0,1,0,0,0,0,1,1,6,3,-1,-1,-1,-1,-1,-1,-1,-1
2018420341107,2,1,0,18,0,2,0,0,0,0,3,1,6,1,24,5,-1,-1,-1,2,1,2
2018420341131,1,9,0,18,0,0,0,0,0,0,1,1,6,2,47,8,1388,1,12,8,3,8
2018420341131,2,9,0,18,0,0,0,0,0,0,1,1,6,2,35,6,1999,1,11,8,2,8
2018420341132,1,9,0,9,0,0,0,0,0,0,3,1,5,1,52,8,1988,2,14,3,1,3
2018420341132,2,3,0,13,0,0,0,0,7,0,1,1,5,1,24,5,124,1,1,1,1,1
2018420341150,1,9,0,18,0,2,0,0,0,0,1,1,5,2,91,11,1390,1,14,9,1,9
2018420341152,1,9,0,16,0,0,2,0,0,0,4,1,6,1,26,6,1975,1,13,9,1,9
2018420341174,1,19,0,1,0,0,0,0,0,0,2,1,1,1,22,5,2299,2,2,1,1,1
2018420341176,1,9,0,9,0,8,0,0,0,0,1,1,5,1,21,5,1422,2,14,9,3,9
2018420341176,2,9,0,18,0,8,0,0,0,0,1,1,5,1,26,6,1360,1,11,4,1,4
2018420341182,1,9,0,15,0,0,0,0,0,0,0,1,6,3,-1,-1,-1,-1,-1,-1,-1,-1
2018420341182,2,9,0,18,0,0,0,0,5,0,3,1,5,1,27,6,1984,1,4,2,1,2
2018420341182,3,9,0,18,0,0,0,0,1,0,4,1,5,2,43,7,1598,1,12,6,1,6
2018420341238,1,9,0,18,0,1,0,2,0,0,3,1,6,2,-1,-1,-1,-1,-1,-1,-1,-1
2018420341245,1,9,0,18,0,0,0,0,0,0,1,1,1,1,41,7,1910,2,12,4,1,4
2018420341245,2,9,0,18,0,0,0,0,0,0,2,1,1,1,50,8,1499,2,-1,5,1,5
2018420341245,3,19,0,3,0,0,1,0,0,0,1,1,1,1,23,5,1910,2,8,2,1,2
2018420341245,4,9,0,3,0,0,1,0,0,0,4,1,1,1,36,7,2143,12,3,7,1,7
2018420341245,5,9,0,3,0,0,1,0,0,0,4,1,1,1,42,7,1299,1,15,10,1,10
2018420341246,1,9,0,18,0,4,0,0,0,0,3,1,6,2,27,6,1598,1,4,6,1,6
2018420341246,2,5,0,18,0,8,0,0,0,0,4,1,6,1,52,8,800,1,4,5,3,5
2018420341317,1,9,0,11,0,0,0,0,0,0,4,1,2,1,42,7,998,1,4,5,1,5
2018420341317,2,3,0,18,0,0,5,0,0,0,3,1,2,1,32,6,125,1,2,3,1,3
2018420341382,1,9,0,9,0,6,0,0,0,0,3,1,1,2,57,9,999,1,2,7,3,7
2018420341382,2,9,0,18,0,1,0,0,0,0,1,1,5,1,35,6,2143,2,3,6,3,6
2018420341478,1,9,0,18,0,0,1,0,0,0,1,1,6,1,36,7,4973,1,21,4,1,4
2018420341478,2,9,0,18,0,0,2,0,1,4,1,1,1,1,63,9,1560,2,7,5,1,5
2018420341498,1,9,0,5,0,1,0,11,0,0,1,1,6,1,48,8,2143,2,8,2,1,2
2018420341502,1,9,0,4,0,0,0,0,0,0,1,1,6,2,21,5,1242,1,3,7,1,7
2018420341502,2,9,0,18,0,0,0,0,0,0,2,1,6,1,44,7,1499,2,1,8,1,8
2018420341502,3,9,0,18,0,0,0,0,0,0,2,1,6,2,27,6,999,1,2,7,-1,7
2018420341576,1,5,0,18,0,0,5,0,0,0,1,1,5,1,30,6,599,1,19,4,1,4
2018420341576,2,9,0,11,0,0,0,0,0,0,4,1,1,1,28,6,-1,-1,-1,3,1,3
2018420341693,1,9,0,16,0,1,0,0,0,0,3,1,6,3,-1,-1,-1,-1,-1,-1,-1,-1
2018420341693,2,9,0,17,0,1,1,0,1,3,3,1,6,1,27,6,998,1,2,8,1,8
2018420341801,1,2,0,18,0,0,1,0,7,0,1,1,6,1,20,4,124,1,16,6,1,6
2018420341801,2,90,0,18,0,0,0,0,0,0,3,1,1,1,47,8,-1,-1,-1,10,1,10
2018420341841,1,9,0,18,6,0,0,0,1,0,1,1,5,1,68,10,998,1,-1,8,1,8
2018420341841,2,9,0,2,6,0,0,0,0,0,2,1,5,1,24,5,1984,1,7,6,1,6
2018420341843,1,9,0,18,0,0,0,0,0,0,1,1,6,1,22,5,-1,-1,-1,5,3,5
2018420341843,2,9,0,18,0,0,0,0,0,0,2,1,6,1,74,10,1248,1,9,8,2,8
2018420341843,3,9,0,18,0,0,0,0,0,0,2,1,6,1,25,5,1390,1,13,5,1,5
2018420341843,4,9,0,18,0,0,0,0,0,0,2,1,5,1,70,10,1461,2,7,8,1,8
2018420341850,1,9,0,1,0,2,0,0,0,0,2,1,5,1,25,5,1598,1,7,3,1,3
2018420341852,1,19,0,18,0,2,0,0,0,0,1,1,6,1,-1,-1,1499,2,3,-1,-1,-1
2018420341852,2,19,0,4,0,1,0,0,0,0,1,1,1,1,58,9,1560,2,-1,9,1,9
2018420341925,1,9,0,17,0,0,0,0,0,0,1,1,6,1,22,5,1299,1,12,10,2,10
2018420341925,2,9,0,16,0,0,0,0,0,0,1,1,1,1,45,7,999,1,1,10,2,10
2018420341981,1,9,0,15,0,0,0,0,1,0,4,1,3,2,31,6,1997,2,8,4,1,4
2018420341981,2,9,0,9,0,0,0,0,0,0,1,1,2,2,49,8,2179,2,6,8,3,8
2018420342210,1,9,0,3,0,8,0,0,0,0,1,1,5,1,33,6,1968,2,6,7,1,7
2018420342221,1,9,0,9,0,1,0,0,0,0,1,1,5,1,84,11,1988,1,16,10,1,10
2018420342221,2,1,0,18,0,1,0,0,0,0,1,1,5,2,57,9,-1,-1,-1,-1,-1,-1
2018420342221,3,9,0,3,0,1,0,0,0,0,0,1,6,1,-1,-1,-1,-1,-1,-1,-1,-1
2018420342221,4,9,0,8,0,1,0,0,0,0,3,1,5,2,55,8,2400,2,8,-1,-1,-1