Accident_Index,Vehicle_Reference,Vehicle_Type,Towing_and_Articulation,Vehicle_Manoeuvre,Vehicle_Location-Restricted_Lane,Junction_Location,Skidding_and_Overturning,Hit_Object_in_Carriageway,Vehicle_Leaving_Carriageway,Hit_Object_off_Carriageway,1st_Point_of_Impact,Was_Vehicle_Left_Hand_Drive?,Journey_Purpose_of_Driver,Sex_of_Driver,Age_of_Driver,Age_Band_of_Driver,Engine_Capacity_(CC),Propulsion_Code,Age_of_Vehicle,Driver_IMD_Decile,Driver_Home_Area_Type,Vehicle_IMD_Decile
2018420345416,1,9,0,6,0,0,0,0,0,0,1,1,6,1,54,8,1598,2,1,9,1,9
2018420345416,2,9,0,17,0,0,0,0,0,0,1,1,6,1,39,7,1598,1,5,-1,-1,-1
2018420345418,1,19,0,9,0,2,0,0,0,0,4,1,1,1,23,5,2143,2,-1,2,1,2
2018420345418,2,5,0,18,0,2,0,0,0,0,3,1,5,1,42,7,942,1,12,1,1,1
2018420345420,1,9,0,18,0,1,0,0,0,0,1,1,1,2,51,8,1242,1,5,2,1,2
2018420345420,2,9,0,2,0,2,0,0,0,0,3,1,6,2,28,6,2143,2,-1,4,1,4
2018420345421,1,9,0,17,0,0,0,0,1,0,3,1,6,3,20,4,1997,2,3,-1,-1,-1
2018420345421,2,9,0,18,0,0,0,0,0,0,3,1,5,2,53,8,999,1,2,-1,-1,-1
2018420345421,3,9,0,3,0,0,0,0,0,0,3,1,5,1,56,9,1598,1,7,5,1,5
2018420345421,4,9,0,18,0,0,0,0,0,0,0,1,1,1,29,6,1499,2,3,-1,-1,-1
2018420345426,1,9,0,3,0,1,0,0,0,0,1,1,6,2,47,8,1398,1,9,6,1,6
2018420345426,2,9,0,3,0,1,0,0,0,0,2,1,6,1,-1,-1,-1,-1,-1,-1,-1,-1
2018420345426,3,9,0,3,0,1,0,0,0,0,2,1,6,2,-1,-1,1997,2,5,-1,-1,-1
2018420345432,1,9,0,5,0,1,0,0,0,0,1,1,6,1,77,11,1598,1,9,7,2,7
2018420345432,2,1,0,5,0,1,0,0,0,0,3,1,6,1,14,3,-1,-1,-1,10,1,10
2018420345465,1,9,0,18,0,3,0,0,0,0,1,1,6,3,-1,-1,2993,2,-1,-1,-1,-1
2018420345465,2,9,0,18,0,4,0,0,0,0,4,1,6,1,45,7,1596,1,13,2,1,2
2018420345470,1,9,0,10,0,1,0,0,0,0,2,1,2,1,42,7,2497,2,12,2,1,2
2018420345470,2,9,0,18,0,1,0,0,0,0,1,1,6,3,-1,-1,-1,-1,-1,-1,-1,-1
2018420345552,1,19,0,5,0,1,0,0,0,0,3,1,1,1,22,5,2998,2,4,7,1,7
2018420345552,2,90,0,18,0,1,0,0,0,0,4,1,1,1,53,8,-1,-1,-1,-1,-1,-1
2018420345562,1,9,0,9,0,1,0,0,0,0,1,1,6,2,46,8,1995,2,3,6,1,6
2018420345600,1,9,0,18,0,1,0,0,0,0,1,1,5,1,81,11,1248,1,5,2,-1,2
2018420345600,2,9,0,10,0,1,0,0,0,0,1,1,5,2,19,4,1242,1,10,5,1,5
2018420345602,1,9,0,18,0,0,0,0,0,0,1,1,6,1,37,7,1685,2,1,5,1,5
2018420345602,2,9,0,18,0,0,0,0,0,0,2,1,6,1,25,5,1296,1,10,5,1,5
2018420345602,3,19,0,18,0,0,0,0,0,0,0,1,6,1,-1,-1,1560,2,3,3,1,3
2018420345629,1,9,0,9,0,1,0,0,0,0,2,1,5,2,40,7,1461,2,-1,7,3,7
2018420345629,2,1,0,18,0,1,0,0,0,0,1,1,6,1,69,10,-1,-1,-1,9,1,9
2018420345668,1,9,0,15,0,1,0,0,0,0,1,1,1,1,45,7,1598,2,1,8,1,8
2018420345668,2,9,0,3,0,1,0,0,0,0,2,1,6,1,23,5,1598,1,6,8,1,8
2018420345668,3,9,0,16,0,1,0,0,0,0,2,1,6,2,46,8,1197,1,1,8,1,8
2018420345684,1,21,1,18,0,0,0,0,0,0,1,1,1,1,42,7,12419,2,-1,-1,1,-1
2018420345684,2,9,0,4,0,0,0,0,1,0,2,1,5,2,49,8,2720,2,11,8,1,8
2018420345684,3,9,0,5,0,0,0,0,0,0,0,1,2,1,32,6,1390,1,15,3,1,3
2018420345697,1,9,0,5,0,1,0,0,0,0,4,1,6,1,24,5,1108,1,9,9,1,9
2018420345697,2,9,0,18,0,1,0,0,0,0,1,1,6,1,34,6,1999,1,12,2,1,2
2018420345703,1,10,0,3,0,4,0,0,0,0,1,1,6,1,69,10,2446,2,19,3,1,3
2018420345703,2,1,0,5,0,8,0,0,0,0,1,1,2,1,21,5,-1,-1,-1,-1,-1,-1
2018420345708,1,19,0,18,0,0,1,0,0,0,1,1,5,1,76,11,1461,2,11,1,2,1
2018420345710,1,9,0,18,0,0,0,0,0,0,2,1,5,2,21,5,996,1,4,6,1,6
2018420345710,2,9,0,18,0,0,0,0,0,0,1,1,5,1,24,5,998,1,4,5,2,5
2018420345710,3,9,0,18,0,0,0,0,0,0,1,1,5,2,30,6,-1,-1,-1,4,1,4
2018420345710,4,9,0,18,0,0,0,0,5,6,1,1,5,1,39,7,2967,2,4,7,1,7
2018420345710,5,19,0,18,0,0,0,0,0,0,1,1,5,1,58,9,1997,2,1,3,1,3
2018420345711,1,9,0,18,0,8,0,0,0,0,4,1,6,1,49,8,1396,2,5,8,3,8
2018420345711,2,9,0,18,0,8,0,0,0,0,3,1,6,1,29,6,1991,1,3,5,1,5
2018420345712,1,9,0,9,0,0,2,0,1,0,4,1,5,1,18,4,1242,1,10,9,1,9
2018420345805,1,9,0,18,0,0,0,0,0,0,1,1,6,1,18,4,1242,1,1,6,3,6
2018420345805,2,9,0,4,0,0,0,0,0,0,2,1,6,2,49,8,1197,1,1,7,3,7
2018420345805,3,9,0,4,0,0,0,0,0,0,1,1,2,2,43,7,1560,2,10,10,1,10
2018420345812,1,9,0,18,0,1,0,0,0,0,1,1,2,2,38,7,1242,1,8,6,1,6
2018420345865,1,9,0,17,0,0,0,0,0,0,3,1,2,2,35,6,1242,1,9,6,3,6
2018420345865,2,9,0,16,0,0,0,0,0,0,3,1,5,2,37,7,2435,7,16,2,1,2
2018420345882,1,9,0,4,0,1,0,0,1,0,1,1,6,3,-1,-1,-1,-1,-1,-1,-1,-1
2018420345882,2,9,0,4,0,1,0,0,0,0,2,1,5,2,18,4,1229,1,2,10,1,10
2018420345974,1,2,0,18,0,0,0,0,0,0,1,1,2,1,54,8,98,1,60,3,1,3
2018420345980,1,9,0,9,0,0,0,0,0,0,1,1,5,1,47,8,2179,2,4,9,3,9
2018420345987,1,9,0,9,0,6,0,0,0,0,1,1,5,2,26,6,1242,1,11,4,1,4
2018420345987,2,9,0,5,0,2,0,0,0,0,4,1,5,2,37,7,1997,2,2,7,1,7
2018420345988,1,9,0,7,0,6,0,0,2,10,1,1,6,2,77,11,1299,1,13,-1,-1,-1
2018420345988,2,90,0,18,0,8,0,0,0,0,4,1,6,1,59,9,-1,-1,-1,5,1,5
2018420345988,3,9,0,3,0,1,0,0,0,0,2,1,6,1,52,8,1397,1,5,5,1,5
2018420345988,4,9,0,3,0,1,0,0,0,0,2,1,6,3,-1,-1,1560,2,-1,-1,-1,-1
2018420345991,1,9,0,18,0,2,0,0,1,0,1,1,6,1,33,6,1598,1,6,2,1,2
2018420345991,2,9,0,18,0,2,0,0,0,0,3,1,5,1,23,5,1968,2,6,4,1,4
2018420345993,1,2,0,18,0,4,5,0,0,0,4,1,6,1,16,4,49,1,-1,10,1,10
2018420345993,2,9,0,9,0,8,0,0,0,0,0,1,6,1,35,6,-1,-1,-1,-1,-1,-1
2018420345994,1,9,0,18,0,0,1,0,0,0,1,1,2,1,64,9,1596,1,11,3,1,3
2018420345994,2,9,0,18,0,0,0,0,0,0,2,1,5,2,52,8,1596,1,14,8,1,8
2018420345994,3,9,0,18,0,0,0,0,0,0,2,1,5,1,79,11,1956,2,3,9,1,9
2018420345994,4,9,0,18,0,0,0,0,0,0,2,1,5,2,51,8,1461,2,5,10,1,10
2018420345996,1,9,0,16,0,0,1,0,7,0,1,1,1,1,52,8,1595,1,2,4,1,4
2018420346043,1,9,0,18,0,0,0,0,0,0,1,1,5,1,48,8,1199,1,16,2,1,2
2018420346043,2,9,0,3,0,0,0,0,0,0,2,1,5,2,37,7,1968,2,2,7,1,7
2018420346071,1,9,0,18,0,0,0,0,0,0,1,1,6,1,87,11,1598,1,13,3,1,3
2018420346071,2,1,0,18,0,0,0,0,0,0,2,1,6,1,41,7,-1,-1,-1,6,1,6
2018420346152,1,9,0,17,0,0,2,0,7,0,1,1,6,1,27,6,-1,-1,-1,8,2,8
2018420346158,1,9,0,2,6,1,0,0,0,0,0,1,6,3,-1,-1,-1,-1,-1,-1,-1,-1
2018420346158,2,9,0,2,6,1,0,0,0,0,0,1,6,3,-1,-1,-1,-1,-1,-1,-1,-1
2018420346158,3,9,0,4,0,5,0,0,0,0,1,1,6,2,25,5,1388,1,10,3,1,3
2018420346158,4,9,0,3,0,5,0,0,0,0,2,1,2,1,25,5,1560,2,4,6,3,6
2018420346182,1,9,0,18,0,0,0,0,0,0,1,1,6,1,-1,-1,2993,2,7,6,1,6
2018420346182,2,9,0,4,0,0,0,0,0,0,2,1,6,2,31,6,1597,2,4,5,1,5
2018420346182,3,9,0,4,0,0,0,0,0,0,2,1,6,1,18,4,998,1,2,-1,-1,-1
2018420346186,1,9,0,18,0,0,0,0,5,6,1,2,6,1,36,7,1998,1,13,6,1,6
2018420346200,1,21,0,2,0,0,0,0,0,0,0,1,1,1,50,8,6370,2,11,5,1,5
2018420346200,2,9,0,14,0,0,0,0,0,0,4,1,1,2,40,7,1240,1,12,6,1,6
2018420346204,1,9,0,5,0,8,0,0,0,0,4,1,2,1,24,5,1197,1,1,7,3,7
2018420346264,1,9,0,18,0,2,0,0,0,0,1,1,5,2,54,8,1997,1,7,8,1,8
2018420346265,1,1,0,4,0,1,0,0,0,0,0,1,5,1,73,10,-1,-1,-1,-1,-1,-1
2018420346278,1,9,0,18,0,0,0,0,1,0,1,1,5,1,28,6,2494,1,14,10,3,10
2018420346278,2,9,0,18,0,0,0,0,1,0,3,1,5,2,38,7,698,1,14,4,1,4
2018420346293,1,9,0,18,0,8,0,0,0,0,4,1,2,1,20,4,999,1,-1,3,1,3
2018420346293,2,9,0,18,0,8,0,0,0,0,1,1,2,1,28,6,2993,2,4,1,1,1
2018420346315,1,98,0,18,0,0,0,0,0,0,0,1,6,3,-1,-1,-1,-1,-1,-1,-1,-1
2018420346315,2,9,0,18,0,0,0,0,0,0,1,1,6,2,55,8,1598,1,3,7,2,7
2018420346325,1,2,0,4,0,0,1,0,0,0,3,1,2,1,27,6,49,1,2,2,1,2
2018420346368,1,19,0,18,0,2,0,0,0,0,1,1,6,1,41,7,1560,2,1,-1,-1,-1
2018420346368,2,1,0,10,0,1,0,0,0,0,1,1,5,1,39,7,-1,-1,-1,10,1,10
2018420346371,1,9,0,5,0,4,0,0,0,0,1,1,5,2,48,8,1798,1,14,4,1,4
2018420346371,2,1,0,18,0,3,0,0,0,0,2,1,5,2,53,8,-1,-1,-1,6,1,6
2018420346453,1,9,0,18,0,4,0,0,0,0,1,1,5,1,76,11,2099,1,14,6,1,6
2018420346453,2,2,0,9,0,8,0,0,0,0,1,1,5,1,16,4,50,1,1,5,3,5
2018420346454,1,9,0,18,0,1,0,0,0,0,1,1,6,2,20,4,1596,1,7,4,1,4
2018420346454,2,9,0,18,0,1,0,0,1,0,0,1,6,1,71,10,999,1,16,4,1,4
2018420346454,3,9,0,2,0,1,0,0,0,0,0,1,6,3,-1,-1,-1,-1,-1,-1,-1,-1
2018420346459,1,9,0,18,0,1,0,0,0,0,1,1,5,1,31,6,998,1,16,4,1,4
2018420346459,2,1,0,18,5,6,0,0,0,0,1,1,6,1,22,5,-1,-1,-1,9,1,9
2018420346460,1,9,0,4,0,0,0,0,1,0,2,1,5,1,25,5,1598,1,6,10,1,10
2018420346460,2,9,0,18,0,0,0,0,0,0,1,1,5,1,31,6,1499,2,3,1,1,1
2018420346461,1,9,0,18,0,1,0,0,0,0,1,1,6,1,40,7,1499,2,2,2,-1,2
2018420346461,2,9,0,10,0,1,0,0,0,0,2,1,5,1,32,6,1896,2,13,2,1,2
2018420346473,1,9,0,5,0,0,0,0,0,0,4,1,5,1,37,7,1299,1,15,4,1,4
2018420346473,2,9,0,18,0,0,0,0,0,0,4,1,5,2,63,9,1197,1,4,2,1,2
2018420346480,1,9,0,9,0,2,0,0,0,0,1,1,6,2,53,8,1395,1,4,1,1,1
2018420346480,2,9,0,18,0,2,0,0,0,0,4,1,6,2,74,10,1200,1,3,1,1,1
2018420346493,1,9,0,9,0,6,0,0,0,0,1,1,5,2,45,7,1386,1,12,2,1,2
2018420346493,2,3,0,9,0,6,0,0,0,0,1,1,5,1,20,4,124,1,11,2,1,2
2018420346497,1,19,0,18,0,8,0,0,0,0,1,1,1,1,26,6,1598,2,2,6,3,6
2018420346497,2,9,0,10,0,8,0,0,0,0,2,1,5,1,37,7,1956,2,5,9,2,9
2018420346498,1,9,0,9,0,8,0,0,0,0,1,1,1,1,26,6,-1,-1,-1,2,1,2
2018420346498,2,9,0,18,0,8,0,0,0,0,1,1,6,1,20,4,1242,1,10,3,2,3
2018420346500,1,9,0,5,0,3,0,0,3,0,1,1,6,1,47,8,1299,1,16,10,2,10
2018420346500,2,1,0,7,0,3,0,0,3,0,2,1,5,1,30,6,-1,-1,-1,9,1,9
2018420346505,1,9,0,18,0,0,0,0,0,0,0,1,6,3,-1,-1,-1,-1,-1,-1,-1,-1
2018420346505,2,9,0,18,0,0,0,0,0,0,2,1,5,2,21,5,1199,1,15,8,1,8
2018420346505,3,9,0,18,0,0,0,0,0,0,1,1,5,2,22,5,1390,1,12,2,1,2
2018420346505,4,9,0,18,0,0,0,0,0,0,1,1,6,1,21,5,1598,2,8,6,1,6
2018420346505,5,9,0,18,0,0,0,0,0,0,1,1,6,1,36,7,1598,2,1,6,3,6
2018420346515,1,9,0,18,0,0,0,0,0,0,1,1,6,2,55,8,2993,2,2,3,1,3
2018420346515,2,9,0,18,0,0,0,0,0,0,1,1,6,2,38,7,1997,2,8,4,1,4
2018420346515,3,9,0,18,0,0,0,0,0,0,2,1,5,1,41,7,1997,2,6,3,1,3
2018420346516,1,9,0,18,0,4,0,9,0,0,1,1,6,2,37,7,2000,1,8,5,1,5
2018420346516,2,9,0,18,0,1,0,0,0,0,3,1,2,2,22,5,1390,1,12,1,1,1
2018420346530,1,9,0,9,0,2,1,0,0,0,1,1,1,1,33,6,-1,-1,-1,3,2,3
2018420346646,1,9,0,18,0,1,1,0,0,0,1,1,5,1,71,10,1560,2,2,7,2,7
2018420346646,2,9,0,10,0,1,0,0,0,0,4,1,5,1,70,10,1896,2,13,2,1,2
2018420346672,1,9,0,5,0,1,0,0,0,0,1,1,5,2,60,9,1198,1,1,6,1,6
2018420346672,2,1,0,18,0,8,0,0,0,0,1,1,6,2,49,8,-1,-1,-1,10,1,10
2018420346684,1,9,0,18,0,1,0,0,0,0,1,1,5,1,27,6,1242,1,3,6,1,6
2018420346684,2,9,0,10,0,1,0,0,0,0,2,1,6,1,18,4,999,1,3,3,1,3
2018420346684,3,9,0,18,0,1,2,0,0,0,3,1,6,1,31,6,1596,1,11,6,1,6
2018420346696,1,90,0,16,0,0,5,0,0,0,0,1,1,1,23,5,1116,2,3,4,3,4
2018420346739,1,9,0,18,0,1,0,0,0,0,1,1,5,2,19,4,998,1,11,5,1,5
2018420346739,2,9,0,18,0,1,0,0,0,0,2,1,5,1,49,8,1997,2,4,5,-1,5
2018420346739,3,9,0,18,0,1,0,0,0,0,2,1,5,1,32,6,1950,2,-1,5,-1,5
2018420346744,1,9,0,9,0,6,0,0,0,0,1,1,5,2,59,9,1248,2,5,1,1,1
2018420346744,2,9,0,18,0,1,0,0,0,0,1,1,5,1,18,4,1995,2,9,2,1,2
2018420346745,1,19,0,18,0,1,0,0,0,0,1,1,1,1,38,7,1461,2,3,2,1,2
2018420346745,2,90,1,3,0,1,0,0,0,0,2,1,1,1,40,7,-1,-1,-1,3,1,3
2018420346746,1,9,0,18,0,0,0,0,7,0,1,1,5,1,17,4,998,1,14,4,3,4
2018420346746,2,9,0,3,0,0,0,0,1,0,3,1,5,2,45,7,1200,1,1,8,1,8
2018420346746,3,9,0,18,0,0,0,0,0,0,1,1,5,1,72,10,1598,1,1,5,1,5
2018420346872,1,9,0,9,0,0,0,0,0,0,1,1,6,2,-1,-1,1461,2,-1,7,3,7
2018420346872,2,1,0,18,0,0,0,0,0,0,2,1,6,1,69,10,-1,-1,-1,9,1,9
2018420346873,1,9,0,5,0,1,0,0,0,0,1,1,2,1,46,8,1248,2,7,4,3,4
2018420346908,1,9,0,4,0,3,0,0,0,0,2,1,6,1,29,6,2401,2,9,4,1,4
2018420346908,2,19,0,4,0,3,0,0,0,0,2,1,1,1,48,8,1560,2,4,10,1,10
2018420346908,3,9,0,4,0,3,0,0,0,0,1,1,2,1,32,6,1689,2,17,-1,-1,-1
2018420347099,1,9,0,18,0,0,2,0,2,7,1,1,5,2,49,8,1328,1,16,4,1,4
2018420347114,1,9,0,18,0,2,0,0,1,0,1,1,6,1,87,11,1596,1,15,9,1,9
2018420347118,1,9,0,18,0,0,0,0,0,0,1,1,2,1,19,4,1395,1,1,10,2,10
2018420347118,2,9,0,4,0,0,0,0,0,0,2,1,5,2,43,7,1998,1,10,7,1,7
2018420347122,1,9,0,18,0,4,0,0,0,0,1,1,5,2,44,7,1461,2,6,1,1,1
2018420347122,2,1,0,18,0,8,0,0,0,0,4,1,5,1,46,8,-1,-1,-1,3,1,3
2018420347123,1,9,0,9,0,1,0,0,0,0,1,1,5,1,46,8,1685,2,3,8,1,8
2018420347123,2,9,0,18,0,1,0,0,0,0,1,1,5,1,42,7,1995,2,3,10,1,10
2018420347124,1,9,0,9,0,3,0,0,0,0,1,1,6,3,-1,-1,-1,-1,-1,-1,-1,-1
2018420347132,1,9,0,18,0,0,0,0,0,0,3,1,6,1,40,7,1984,1,8,8,1,8
2018420347132,2,1,0,18,0,0,0,0,0,0,3,1,6,1,52,8,-1,-1,-1,8,1,8
2018420347272,1,9,0,5,0,8,0,0,0,0,1,1,6,1,24,5,1242,1,12,4,1,4
2018420347272,2,1,0,18,0,1,0,0,0,0,1,1,6,1,33,6,-1,-1,-1,10,1,10
2018420347282,1,9,0,18,0,1,0,0,0,0,1,1,6,2,55,8,998,1,1,1,1,1
2018420347282,2,9,0,18,0,1,0,0,0,0,4,1,3,2,52,8,1968,2,10,8,1,8
2018420347284,1,19,0,18,0,0,0,0,0,0,1,1,2,1,43,7,1398,2,8,8,1,8
2018420347284,2,9,0,18,0,0,0,1,0,0,1,1,2,1,39,7,1798,1,13,4,1,4
2018420347284,3,9,0,18,0,0,0,0,0,0,1,1,6,1,35,6,1242,1,14,8,1,8
2018420347290,1,9,0,4,0,0,0,0,0,0,4,1,2,2,49,8,875,1,6,-1,-1,-1
2018420347387,1,19,0,18,0,0,0,0,0,0,1,1,2,1,57,9,2198,2,6,3,3,3
2018420347387,2,1,0,18,0,0,0,0,1,0,2,1,5,1,13,3,-1,-1,-1,8,2,8
2018420347396,1,9,0,18,0,0,1,0,7,5,4,1,6,1,19,4,1242,1,17,-1,-1,-1
2018420347405,1,9,0,18,0,0,1,0,1,0,1,1,5,1,20,4,1390,1,6,6,1,6
2018420347405,2,19,0,18,0,0,0,0,7,0,3,1,2,1,27,6,2198,2,3,8,1,8
2018420347414,1,9,0,18,0,0,0,0,0,0,4,1,2,2,72,10,1997,1,3,7,3,7
2018420347414,2,1,0,18,0,0,0,0,0,0,3,1,6,1,74,10,-1,-1,-1,6,3,6
2018420347418,1,9,0,17,0,0,5,0,1,0,1,1,5,2,71,10,1386,1,12,3,1,3
2018420347423,1,9,0,7,0,2,0,0,0,0,1,1,6,1,58,9,2993,2,3,5,3,5
2018420347423,2,3,0,18,0,1,5,0,0,0,4,1,6,1,24,5,125,1,2,7,1,7
2018420347424,1,9,0,16,0,0,0,0,0,0,1,1,6,1,35,6,1956,2,4,9,1,9
2018420347424,2,9,0,17,0,0,0,0,0,0,1,1,6,2,48,8,2179,2,4,9,2,9
2018420347426,1,9,0,18,0,0,0,0,0,0,1,1,5,1,61,9,2987,2,12,2,3,2
2018420347426,2,9,0,1,0,0,0,0,0,0,2,1,5,1,76,11,2268,2,4,-1,-1,-1
2018420347436,1,9,0,9,0,6,0,0,0,0,1,1,2,1,36,7,999,1,3,9,1,9
2018420347436,2,3,0,18,0,8,0,0,0,0,1,1,2,1,44,7,125,1,1,4,1,4
2018420347440,1,9,0,1,0,0,0,0,0,0,2,1,6,2,33,6,1229,1,10,4,1,4
2018420347440,2,1,0,18,0,0,0,0,0,0,4,1,6,1,12,3,-1,-1,-1,5,2,5
2018420347460,1,9,0,7,0,1,0,0,0,0,1,1,6,1,-1,-1,1332,1,21,-1,-1,-1
2018420347460,2,9,0,8,0,1,0,0,0,0,1,1,6,1,44,7,1461,2,7,9,1,9
2018420347501,1,98,0,7,0,4,0,0,0,0,1,1,6,3,-1,-1,-1,-1,-1,-1,-1,-1
2018420347501,2,9,0,16,0,8,0,0,0,0,3,1,6,2,67,10,998,1,5,4,1,4
2018420347665,1,9,0,18,0,0,0,0,6,0,1,1,6,1,63,9,1499,2,1,9,2,9
2018420347667,1,9,0,18,0,0,0,0,0,0,1,1,6,1,49,8,1753,2,10,4,3,4
2018420347667,2,9,0,4,0,0,0,0,0,0,2,1,2,1,54,8,2993,2,-1,6,1,6
2018420347668,1,9,0,13,0,8,0,0,3,0,1,1,5,1,34,6,2497,1,15,7,1,7
2018420347668,2,98,0,18,0,8,0,0,0,0,3,1,1,2,57,9,-1,-1,-1,6,2,6
2018420347668,3,9,0,18,0,1,0,0,0,0,0,1,1,1,45,7,2993,2,1,8,1,8
2018420347675,1,9,0,18,0,6,0,0,0,0,1,1,5,2,45,7,1398,2,13,10,1,10
2018420347675,2,9,0,18,0,1,0,0,0,0,4,1,6,2,85,11,1390,1,15,9,1,9
2018420347722,1,9,0,9,0,1,0,0,0,0,3,1,6,3,-1,-1,-1,-1,-1,-1,-1,-1
2018420347722,2,9,0,7,0,1,0,0,0,0,3,1,6,2,53,8,1275,1,22,2,1,2
2018420347768,1,9,0,4,0,0,0,0,0,0,2,1,6,3,-1,-1,1999,1,6,-1,-1,-1
2018420347768,2,9,0,18,0,0,1,0,0,0,1,1,1,1,37,7,2993,2,1,-1,-1,-1
2018420347784,1,4,0,18,0,0,0,0,0,0,4,1,1,1,47,8,471,1,1,10,2,10
2018420347784,2,9,0,12,0,0,0,0,0,0,3,1,2,2,24,5,999,1,3,9,1,9
2018420347786,1,9,0,13,0,8,0,0,7,0,4,1,1,1,26,6,1968,2,5,2,1,2
2018420347786,2,9,0,9,0,8,0,0,0,0,3,1,5,1,75,10,1296,1,11,6,1,6
2018420347801,1,9,0,18,0,0,0,0,0,0,4,1,6,3,-1,-1,-1,-1,-1,-1,-1,-1
2018420347809,1,9,0,18,0,0,1,0,7,11,4,1,1,1,33,6,1600,2,9,5,1,5
2018420347809,2,9,0,9,0,0,0,0,7,9,3,1,6,2,66,10,999,1,1,8,3,8
2018420347812,1,9,0,18,0,8,0,0,0,0,1,1,6,3,-1,-1,-1,-1,-1,-1,-1,-1
2018420347812,2,9,0,18,0,8,2,0,1,1,1,1,2,2,38,7,1299,1,18,3,1,3
2018420347832,1,9,0,9,0,5,0,0,0,0,1,1,5,2,60,9,1598,1,5,10,1,10
2018420347832,2,5,0,4,0,1,5,0,0,0,1,1,5,1,35,6,645,1,19,10,1,10
2018420347838,1,8,0,9,0,0,0,0,0,0,1,1,1,1,60,9,1560,2,12,6,1,6
2018420347852,1,9,0,5,0,0,0,0,0,0,1,1,5,2,62,9,1499,1,12,6,1,6
2018420347856,1,9,0,18,0,2,0,0,0,0,1,1,3,1,48,8,1596,1,17,4,1,4
2018420347856,2,19,0,2,0,2,0,0,0,0,2,1,5,1,51,8,2143,2,1,3,1,3
2018420347867,1,9,0,7,0,3,0,0,0,0,1,1,5,2,36,7,-1,-1,-1,-1,-1,-1
2018420347867,2,9,0,7,0,3,0,0,0,0,1,1,6,1,40,7,998,1,2,-1,-1,-1
2018420347891,1,9,0,13,0,4,0,0,0,0,1,1,6,1,-1,-1,-1,-1,-1,-1,-1,-1
2018420347891,2,9,0,7,0,4,0,0,0,0,2,1,6,2,25,5,1242,1,1,3,1,3
2018420347907,1,9,0,4,0,1,0,0,0,0,1,1,2,1,71,10,998,1,2,10,1,10
2018420347907,2,3,0,4,0,7,0,0,0,0,2,1,2,1,18,4,124,1,7,10,1,10
2018420347935,1,9,0,4,0,0,0,0,0,0,1,1,5,1,39,7,1999,1,1,6,1,6
2018420347935,2,9,0,4,0,0,0,0,0,0,2,1,5,2,48,8,1124,1,12,10,2,10
2018420347940,1,9,0,9,0,8,0,9,0,0,1,1,5,1,19,4,1149,1,15,9,2,9
2018420347943,1,9,0,6,0,0,0,0,0,0,3,1,5,2,39,7,2143,2,-1,7,1,7
2018420347943,2,3,0,14,0,0,0,0,0,0,1,1,6,1,26,6,124,1,9,4,1,4
2018420347945,1,9,0,4,0,0,0,0,0,0,1,1,5,1,35,6,1596,1,5,9,1,9
2018420347947,1,9,0,17,0,0,0,0,0,0,0,1,6,3,-1,-1,-1,-1,-1,-1,-1,-1
2018420347947,2,9,0,16,0,0,0,0,0,0,1,1,5,1,66,10,1753,2,12,6,1,6
2018420347949,1,9,0,18,0,0,2,0,2,7,4,1,5,2,30,6,1796,2,4,-1,-1,-1
2018420347949,2,21,1,4,0,0,0,0,0,0,2,1,1,1,45,7,12419,2,3,5,1,5
2018420347949,3,9,0,18,0,0,0,4,0,0,1,1,5,2,24,5,999,1,1,1,1,1
2018420347950,1,9,0,18,0,1,0,0,3,10,1,1,6,1,62,9,1999,1,13,7,3,7
2018420347950,2,9,0,18,0,1,0,0,0,0,1,1,6,2,50,8,1896,2,17,9,3,9
2018420347951,1,9,0,12,0,1,0,0,0,0,3,1,5,1,80,11,1197,1,-1,10,1,10
2018420347951,2,9,0,18,0,1,0,0,0,0,1,1,2,2,19,4,1998,1,-1,3,1,3
2018420347951,3,9,0,2,0,1,0,0,0,0,0,1,5,1,49,8,1596,1,6,10,2,10
2018420347970,1,9,0,9,0,5,0,0,0,0,1,1,5,1,19,4,1197,1,8,6,1,6
2018420347970,2,1,0,18,0,8,2,0,0,0,1,1,5,1,16,4,-1,-1,-1,6,1,6
2018420347973,1,9,0,12,0,0,0,0,0,0,0,1,6,1,55,8,2143,2,2,7,1,7
2018420347973,2,9,0,18,0,0,0,0,0,0,0,1,6,2,25,5,1339,1,13,5,1,5
2018420347974,1,9,0,18,0,4,0,0,0,0,3,1,6,3,-1,-1,1997,2,7,-1,-1,-1
2018420347974,2,9,0,18,0,4,0,0,0,0,1,1,5,1,24,5,1198,1,13,7,3,7
2018420347975,1,9,0,9,0,6,0,0,0,0,3,1,5,2,29,6,1388,1,14,5,3,5
2018420347975,2,9,0,17,0,1,0,0,0,0,1,1,5,2,79,11,999,1,1,6,2,6
2018420347977,1,9,0,18,0,0,0,0,0,0,0,1,6,3,-1,-1,-1,-1,-1,-1,-1,-1
2018420347977,2,9,0,18,0,0,0,0,1,0,1,1,5,1,30,6,-1,-1,-1,7,3,7
2018420347991,1,9,0,7,0,3,0,0,0,0,1,1,6,1,46,8,1399,2,13,2,1,2