Accident_Index,Vehicle_Reference,Vehicle_Type,Towing_and_Articulation,Vehicle_Manoeuvre,Vehicle_Location-Restricted_Lane,Junction_Location,Skidding_and_Overturning,Hit_Object_in_Carriageway,Vehicle_Leaving_Carriageway,Hit_Object_off_Carriageway,1st_Point_of_Impact,Was_Vehicle_Left_Hand_Drive?,Journey_Purpose_of_Driver,Sex_of_Driver,Age_of_Driver,Age_Band_of_Driver,Engine_Capacity_(CC),Propulsion_Code,Age_of_Vehicle,Driver_IMD_Decile,Driver_Home_Area_Type,Vehicle_IMD_Decile
2018420351818,1,9,0,17,0,0,1,0,7,0,1,1,1,2,21,5,1368,1,8,4,1,4
2018420351818,2,9,0,16,0,0,1,0,0,0,2,1,5,1,57,9,1686,2,13,3,1,3
2018420351820,1,3,0,13,0,1,1,0,0,0,1,1,5,1,19,4,125,1,7,6,2,6
2018420351820,2,9,0,10,0,1,0,0,0,0,1,1,5,2,22,5,1299,1,18,4,1,4
2018420351834,1,97,0,18,0,8,0,0,0,0,1,1,6,1,-1,-1,-1,-1,-1,-1,-1,-1
2018420351905,1,9,0,7,0,0,0,0,0,0,3,1,6,1,-1,-1,1560,2,3,-1,-1,-1
2018420351989,1,90,0,12,0,0,0,0,0,0,0,1,6,3,-1,-1,-1,-1,-1,-1,-1,-1
2018420351989,2,9,0,18,0,0,0,0,0,0,3,1,6,2,18,4,1598,1,6,6,-1,6
2018420351989,3,21,0,18,0,0,0,0,0,0,4,1,1,1,46,8,12740,2,-1,8,3,8
2018420352013,1,19,0,5,0,2,0,0,0,0,1,1,2,1,49,8,1870,2,13,6,1,6
2018420352018,1,20,0,12,0,0,0,0,0,0,3,2,1,1,50,8,-1,-1,-1,-1,-1,-1
2018420352018,2,9,0,18,0,0,0,0,4,6,4,1,5,2,43,7,1686,2,4,8,1,8
2018420352019,1,9,0,18,0,0,0,0,0,0,1,1,6,2,24,5,1598,1,17,7,3,7
2018420352019,2,17,4,9,0,0,0,0,0,0,3,1,1,1,59,9,4485,2,3,6,3,6
2018420352165,1,9,0,18,0,8,0,0,0,0,1,1,6,2,32,6,1984,1,17,5,1,5
2018420352171,1,9,0,18,0,0,0,0,1,0,1,1,2,1,28,6,2616,1,12,9,1,9
2018420352171,2,9,0,18,0,0,0,0,0,0,1,1,2,2,48,8,1998,1,14,3,1,3
2018420352174,1,9,0,6,9,2,0,0,7,0,1,1,6,1,26,6,2685,2,15,6,1,6
2018420352174,2,9,0,7,0,2,0,0,0,0,1,1,1,1,27,6,1598,2,1,6,1,6
2018420352174,3,9,0,7,0,2,0,0,0,0,1,1,1,1,35,6,1598,2,1,8,1,8
2018420352174,4,9,0,7,0,2,0,0,0,0,1,1,1,1,36,7,2400,2,2,6,1,6
2018420352185,1,9,0,9,0,5,0,0,0,0,1,1,5,1,22,5,1198,1,6,7,3,7
2018420352185,2,1,0,18,0,1,0,0,0,0,1,1,5,1,56,9,-1,-1,-1,10,1,10
2018420352203,1,19,0,18,0,8,0,0,1,0,3,1,1,1,43,7,2143,2,3,7,1,7
2018420352203,2,9,0,18,0,8,0,0,0,0,3,1,6,1,23,5,1598,1,9,5,2,5
2018420352208,1,9,0,11,0,3,0,0,0,0,4,1,5,1,47,8,1910,2,11,5,1,5
2018420352208,2,5,0,18,0,8,0,0,0,0,3,1,5,1,57,9,1690,1,2,5,1,5
2018420352213,1,9,0,18,0,0,0,0,0,0,4,1,6,1,-1,-1,-1,-1,-1,-1,-1,-1
2018420352234,1,9,0,12,0,1,1,0,2,0,1,1,5,1,20,4,998,1,10,1,1,1
2018420352236,1,4,0,16,0,0,1,10,0,0,4,1,5,1,19,4,296,1,2,4,1,4
2018420352240,1,9,0,18,0,0,1,0,7,0,1,1,6,1,49,8,-1,-1,-1,9,1,9
2018420352240,2,9,0,18,0,0,0,0,0,0,1,1,5,1,28,6,2993,2,-1,2,1,2
2018420352242,1,9,0,4,0,0,0,0,0,0,4,1,5,1,20,4,1388,1,15,10,1,10
2018420352243,1,9,0,13,0,0,1,0,0,0,4,1,6,3,-1,-1,1798,1,13,-1,-1,-1
2018420352243,2,8,0,18,0,0,1,0,1,0,3,1,1,1,62,9,1995,2,3,9,1,9
2018420352243,3,9,0,18,0,0,1,0,0,0,3,1,5,1,23,5,2494,1,17,10,1,10
2018420352248,1,9,0,5,0,6,0,0,0,0,1,1,6,2,72,10,1596,1,13,5,2,5
2018420352248,2,9,0,18,0,8,0,0,7,11,1,1,6,2,22,5,1388,1,14,9,1,9
2018420352257,1,9,0,18,0,0,0,0,0,0,1,1,5,1,71,10,1360,1,11,4,1,4
2018420352274,1,9,0,18,0,0,2,0,1,0,1,1,5,1,22,5,2979,1,4,5,2,5
2018420352274,2,9,0,18,0,0,2,0,1,0,2,1,6,1,21,5,1388,1,7,7,1,7
2018420352276,1,9,0,5,0,4,1,0,0,0,1,1,6,1,50,8,1995,1,9,2,1,2
2018420352276,2,5,0,4,0,1,0,0,0,0,1,1,6,1,32,6,649,1,9,3,1,3
2018420352278,1,9,0,11,0,2,1,0,1,0,1,1,5,1,54,8,4966,1,16,2,1,2
2018420352280,1,9,0,9,0,6,0,0,0,0,1,1,5,1,29,6,1753,2,10,6,1,6
2018420352280,2,9,0,15,0,1,0,0,0,0,1,1,5,2,19,4,998,1,9,4,1,4
2018420352281,1,9,0,18,0,0,0,0,0,0,1,1,6,1,-1,-1,1895,1,19,-1,-1,-1
2018420352281,2,9,0,18,0,0,0,0,0,0,2,1,6,1,44,7,1997,2,3,7,2,7
2018420352283,1,9,0,18,0,2,0,0,0,0,4,1,5,1,39,7,1997,2,-1,10,1,10
2018420352285,1,9,0,18,0,1,0,0,0,0,1,1,5,2,38,7,1997,2,17,6,3,6
2018420352285,2,9,0,3,0,1,0,0,0,0,2,1,5,1,48,8,1248,1,2,10,1,10
2018420352286,1,9,0,17,0,0,1,0,1,0,4,1,5,2,18,4,1248,2,9,9,2,9
2018420352286,2,9,0,18,0,0,0,0,0,0,1,1,5,1,81,11,1997,2,3,3,1,3
2018420352292,1,9,0,18,0,0,0,0,0,0,1,1,2,1,37,7,1995,2,5,2,1,2
2018420352292,2,9,0,9,0,0,0,0,0,0,3,1,2,2,54,8,1796,1,12,3,1,3
2018420352374,1,9,0,9,0,6,0,0,0,0,1,1,5,1,87,11,1248,1,4,2,1,2
2018420352374,2,9,0,17,0,8,0,0,7,0,1,1,5,2,19,4,1896,2,12,3,1,3
2018420352377,1,9,0,5,0,3,0,0,0,0,1,1,5,1,51,8,2987,2,2,4,1,4
2018420352377,2,1,0,5,0,3,0,0,0,0,2,1,5,1,15,3,-1,-1,-1,4,1,4
2018420352378,1,9,0,9,0,8,0,0,0,0,1,1,5,1,29,6,2967,2,4,4,1,4
2018420352383,1,9,0,9,0,0,0,0,0,0,1,1,5,1,52,8,1398,1,2,7,1,7
2018420352383,2,3,0,18,0,0,0,0,0,0,1,1,5,1,33,6,125,1,-1,9,1,9
2018420352385,1,9,0,18,0,2,2,0,8,0,4,1,6,1,17,4,1995,2,11,5,1,5
2018420352385,2,9,0,18,0,2,0,0,0,0,3,1,5,1,30,6,1798,8,6,-1,-1,-1
2018420352385,3,9,0,18,0,2,0,0,0,0,0,1,1,1,50,8,2400,2,2,8,3,8
2018420352387,1,9,0,18,0,0,1,0,0,0,3,1,1,2,54,8,1499,2,3,9,1,9
2018420352387,2,9,0,18,0,0,0,0,0,0,3,1,2,1,52,8,1299,1,14,4,1,4
2018420352391,1,9,0,18,0,0,0,0,0,0,1,1,6,1,24,5,1598,1,9,4,1,4
2018420352391,2,9,0,18,0,0,0,0,0,0,2,1,6,2,29,6,1388,1,13,6,1,6
2018420352392,1,9,0,18,0,0,0,0,7,0,1,1,6,1,54,8,1991,1,4,4,3,4
2018420352398,1,19,0,18,0,0,0,0,7,4,1,1,1,1,54,8,4461,2,9,8,1,8
2018420352400,1,9,0,18,0,0,5,0,0,0,1,1,5,2,23,5,1595,1,4,3,1,3
2018420352400,2,9,0,18,0,0,5,0,1,0,2,1,5,1,45,7,1598,1,9,2,1,2
2018420352403,1,9,0,1,0,0,0,0,0,0,1,1,5,1,84,11,1248,1,2,7,1,7
2018420352403,2,9,0,2,0,0,0,0,0,0,4,1,6,3,-1,-1,-1,-1,-1,-1,-1,-1
2018420352406,1,4,0,13,0,0,5,0,0,0,1,1,5,2,65,9,278,1,-1,10,1,10
2018420352406,2,9,0,9,0,0,0,0,0,0,3,1,5,1,25,5,1560,2,4,-1,-1,-1
2018420352409,1,9,0,15,0,0,1,4,0,0,1,1,6,1,26,6,1242,1,12,7,1,7
2018420352409,2,9,0,2,0,0,0,4,0,0,1,1,6,3,-1,-1,-1,-1,-1,-1,-1,-1
2018420352409,3,9,0,2,0,0,0,4,0,0,2,1,6,3,-1,-1,-1,-1,-1,-1,-1,-1
2018420352409,4,9,0,2,0,0,0,4,0,0,1,1,6,3,-1,-1,-1,-1,-1,-1,-1,-1
2018420352417,1,9,0,9,0,6,0,0,0,0,3,1,6,1,31,6,1969,2,1,8,1,8
2018420352417,2,9,0,16,0,8,0,0,0,0,4,1,5,2,39,7,998,1,17,3,1,3
2018420352419,1,9,0,18,0,2,0,0,3,11,1,1,6,1,22,5,1299,1,11,-1,-1,-1
2018420352419,2,9,0,2,9,2,0,0,0,0,1,1,6,3,-1,-1,-1,-1,-1,-1,-1,-1
2018420352421,1,9,0,18,0,2,1,7,0,0,1,1,5,1,29,6,1796,1,13,6,1,6
2018420352424,1,9,0,5,0,4,0,0,0,0,1,1,5,1,47,8,1596,1,8,1,1,1
2018420352424,2,9,0,18,0,8,1,0,2,0,4,1,2,2,27,6,-1,-1,-1,3,1,3
2018420352425,1,9,0,5,0,0,0,0,0,0,3,1,6,3,-1,-1,-1,-1,-1,-1,-1,-1
2018420352425,2,9,0,18,0,0,1,4,0,0,4,1,5,1,26,6,1388,1,14,1,1,1
2018420352425,3,9,0,2,0,0,0,0,0,0,3,1,6,3,-1,-1,-1,-1,-1,-1,-1,-1
2018420352429,1,9,0,13,0,0,1,0,1,11,2,1,5,1,18,4,1895,1,19,6,3,6
2018420352431,1,9,0,5,0,2,0,0,0,0,1,1,5,1,49,8,1998,1,20,-1,-1,-1
2018420352432,1,9,0,4,0,0,0,0,0,0,4,1,5,2,78,11,998,1,3,2,1,2
2018420352432,2,9,0,2,9,0,0,0,0,0,3,1,6,3,99,11,1499,1,1,-1,-1,-1
2018420352433,1,9,0,17,0,0,1,4,1,0,1,1,6,1,18,4,1390,1,12,10,2,10
2018420352433,2,9,0,2,6,0,0,0,0,0,1,1,6,3,-1,-1,-1,-1,-1,-1,-1,-1
2018420352434,1,9,0,18,0,1,0,0,1,4,1,1,6,1,48,8,1796,1,17,6,1,6
2018420352435,1,9,0,16,0,0,0,0,0,0,1,1,5,1,32,6,2143,2,3,7,1,7
2018420352435,2,9,0,17,0,0,0,0,1,0,1,1,5,2,39,7,3800,1,5,10,2,10
2018420352516,1,1,0,18,9,0,0,0,0,0,1,1,6,2,57,9,-1,-1,-1,6,1,6
2018420352516,2,9,0,7,9,0,0,0,0,0,1,1,5,2,46,8,1388,1,14,8,1,8
2018420352592,1,9,0,18,0,2,5,4,0,0,1,1,5,1,28,6,1796,1,14,9,1,9
2018420352592,2,9,0,2,0,2,1,0,0,0,2,1,6,3,-1,-1,-1,-1,-1,-1,-1,-1
2018420352592,3,9,0,2,0,2,0,0,0,0,1,1,6,3,-1,-1,-1,-1,-1,-1,-1,-1
2018420352593,1,9,0,16,0,0,0,0,0,0,1,1,6,1,52,8,2987,2,11,10,3,10
2018420352594,1,8,0,7,0,3,0,0,0,0,3,1,1,1,42,7,1598,2,3,-1,-1,-1
2018420352607,1,9,0,18,0,2,1,0,0,0,1,1,5,1,29,6,1995,2,10,4,1,4
2018420352607,2,9,0,3,0,2,0,0,0,0,2,1,5,2,26,6,1242,1,4,3,1,3
2018420352607,3,9,0,3,0,2,0,0,0,0,2,1,5,1,73,10,1997,2,2,8,1,8
2018420352710,1,9,0,1,9,0,0,0,0,0,2,1,6,2,48,8,1398,2,4,3,1,3
2018420352734,1,19,0,18,0,0,0,0,0,0,4,1,6,1,-1,-1,1968,2,2,-1,-1,-1
2018420352745,1,9,0,18,0,4,0,0,0,0,1,1,6,1,63,9,1598,1,-1,7,1,7
2018420352745,2,1,0,18,0,8,0,0,0,0,1,1,5,1,42,7,-1,-1,-1,9,1,9
2018420352758,1,9,0,1,9,0,0,0,0,0,2,1,6,3,-1,-1,-1,-1,-1,-1,-1,-1
2018420352767,1,9,0,16,0,0,0,0,0,0,1,1,6,3,-1,-1,1781,1,16,-1,-1,-1
2018420352767,2,9,0,17,0,0,0,0,0,0,1,1,5,2,22,5,1299,1,11,10,1,10
2018420352779,1,9,0,17,0,0,0,0,0,0,1,1,2,1,18,4,1299,1,14,3,1,3
2018420352793,1,9,0,13,0,2,1,0,1,9,3,1,2,1,33,6,1781,1,14,5,1,5
2018420352796,1,9,0,18,9,3,0,0,7,10,1,1,6,1,30,6,1781,1,18,6,1,6
2018420352798,1,9,0,17,0,0,0,0,3,0,1,1,3,2,73,10,1248,1,8,4,1,4
2018420352805,1,9,0,18,9,0,0,0,7,0,1,1,6,3,-1,-1,-1,-1,-1,-1,-1,-1
2018420352806,1,9,0,13,0,1,0,7,0,0,1,1,5,1,36,7,1995,1,11,5,1,5
2018420352806,2,9,0,18,0,1,0,0,0,0,0,1,1,1,33,6,2521,1,10,-1,-1,-1
2018420352807,1,9,0,9,0,6,0,0,0,0,1,1,5,2,40,7,1242,1,6,1,1,1
2018420352807,2,9,0,18,0,1,0,0,7,0,1,1,6,1,55,8,2720,2,10,8,3,8
2018420352808,1,10,0,5,0,4,0,0,0,0,3,1,5,1,39,7,-1,-1,-1,3,1,3
2018420352808,2,3,0,18,0,3,0,0,0,0,4,1,5,1,24,5,124,1,2,4,1,4
2018420352809,1,9,0,18,0,8,0,0,0,0,3,1,6,2,70,10,1360,1,15,1,1,1
2018420352809,2,3,0,7,0,8,2,0,0,0,4,1,6,1,17,4,125,1,11,3,1,3
2018420352811,1,9,0,9,0,8,0,0,2,7,1,1,6,3,-1,-1,1242,1,16,-1,-1,-1
2018420352811,2,9,0,18,0,1,0,0,0,0,0,1,1,1,40,7,2993,2,1,8,1,8
2018420352812,1,9,0,18,0,0,1,0,0,0,1,1,5,1,20,4,1360,1,15,7,1,7
2018420352812,2,9,0,2,0,0,0,0,0,0,2,1,6,3,-1,-1,-1,-1,-1,-1,-1,-1
2018420352820,1,9,0,17,0,0,2,0,1,0,1,1,6,1,25,5,1596,1,16,8,1,8
2018420352853,1,9,0,18,0,1,0,0,0,0,1,1,5,1,42,7,2494,1,15,5,2,5
2018420352853,2,9,0,18,0,1,0,0,0,0,2,1,5,1,53,8,1910,2,10,2,1,2
2018420352881,1,9,0,5,0,4,0,0,0,0,3,1,2,2,56,9,1242,1,4,4,1,4
2018420352881,2,1,0,18,0,8,0,0,0,0,4,1,2,1,29,6,-1,-1,-1,3,1,3
2018420352898,1,9,0,18,0,6,0,0,0,0,1,1,6,1,-1,-1,-1,-1,-1,-1,-1,-1
2018420352898,2,9,0,18,0,1,0,0,0,0,2,1,6,2,57,9,1242,1,8,9,1,9
2018420352946,1,9,0,18,0,0,1,0,1,0,4,1,5,1,22,5,-1,-1,-1,3,1,3
2018420352963,1,1,0,18,0,1,0,0,0,0,0,1,4,1,13,3,-1,-1,-1,4,1,4
2018420352963,2,9,0,1,9,1,0,0,0,0,0,1,1,2,61,9,-1,-1,-1,2,1,2
2018420352974,1,9,0,18,0,0,0,0,0,0,1,1,5,1,31,6,1124,1,14,4,1,4
2018420352986,1,5,0,18,0,0,5,0,0,0,1,1,5,1,27,6,800,1,7,8,1,8
2018420352993,1,9,0,18,0,0,0,0,0,0,1,1,6,3,-1,-1,-1,-1,-1,-1,-1,-1
2018420353273,1,9,0,18,0,8,0,0,0,0,1,1,6,1,54,8,1364,1,-1,7,3,7
2018420353273,2,9,0,10,0,8,0,0,7,0,2,1,6,1,56,9,1910,2,11,7,3,7
2018420353279,1,9,0,18,0,0,0,0,0,0,0,1,6,2,-1,-1,-1,-1,-1,-1,-1,-1
2018420353332,1,9,0,5,0,4,0,0,0,0,1,1,6,2,33,6,1910,2,10,10,1,10
2018420353332,2,1,0,18,0,8,0,0,0,0,4,1,6,1,56,9,-1,-1,-1,8,1,8
2018420353380,1,9,0,9,0,6,0,0,0,0,1,1,6,1,34,6,1299,1,11,7,1,7
2018420353380,2,1,0,4,0,1,0,0,0,0,4,1,2,2,50,8,-1,-1,-1,4,1,4
2018420353381,1,9,-1,18,0,0,0,0,0,0,1,1,6,3,-1,-1,1124,1,13,-1,-1,-1
2018420353381,2,9,0,3,0,0,0,0,0,0,2,1,6,2,26,6,1968,2,11,5,3,5
2018420353496,1,9,0,13,0,0,0,0,0,0,4,1,6,3,-1,-1,-1,-1,-1,-1,-1,-1
2018420353496,2,1,0,18,0,0,5,0,0,0,3,1,6,1,31,6,-1,-1,-1,9,2,9
2018420353524,1,9,0,11,0,0,0,0,0,0,4,1,6,2,33,6,2143,2,2,4,1,4
2018420353524,2,9,0,18,0,0,1,0,0,0,3,1,6,1,63,9,-1,3,2,6,2,6
2018420353564,1,9,0,18,0,0,1,0,0,0,1,1,1,1,28,6,-1,-1,-1,8,2,8
2018420353564,2,9,0,18,0,0,1,0,0,0,1,1,1,1,44,7,1968,2,8,8,2,8
2018420353572,1,9,0,2,0,1,0,0,0,0,3,1,6,2,25,5,1598,1,10,3,1,3
2018420353572,2,1,0,14,0,8,5,8,0,0,1,1,6,1,61,9,-1,-1,-1,2,1,2
2018420353995,1,9,0,8,0,1,0,0,0,0,3,1,6,2,31,6,1997,2,2,6,1,6
2018420353995,2,9,0,7,0,3,0,0,0,0,1,1,6,2,41,7,1749,1,15,8,2,8
2018420354023,1,9,0,3,0,0,0,0,0,0,1,1,6,3,-1,-1,1598,2,3,-1,-1,-1
2018420354023,2,9,0,3,0,0,0,0,0,0,2,1,6,2,63,9,1248,1,9,9,1,9
2018420354104,1,9,0,3,0,1,0,0,0,0,1,1,6,2,43,7,2148,2,9,4,1,4
2018420354104,2,9,0,10,0,1,0,0,0,0,3,1,6,2,53,8,1388,1,6,5,1,5
2018420354693,1,1,0,14,0,0,5,0,0,0,4,1,6,2,39,7,-1,-1,-1,9,1,9
2018420354693,2,9,0,2,0,0,0,0,0,0,3,1,6,3,-1,-1,-1,-1,-1,-1,-1,-1
2018420354789,1,9,0,4,0,0,0,0,0,0,1,1,6,1,-1,-1,1368,1,2,-1,-1,-1
2018420354789,2,9,0,3,0,0,0,0,0,0,2,1,6,1,28,6,1753,2,10,6,3,6
2018420354970,1,9,0,2,0,0,0,0,0,0,0,1,6,3,-1,-1,-1,-1,-1,-1,-1,-1
2018420354970,2,19,0,2,0,0,0,0,0,0,0,1,6,3,-1,-1,-1,-1,-1,-1,-1,-1
2018420355099,1,9,0,16,0,0,0,0,0,0,0,1,6,2,57,9,1242,1,3,7,1,7
2018420355099,2,9,0,18,0,0,2,0,0,0,0,1,6,1,26,6,1360,1,16,5,-1,5
2018420355428,1,9,0,7,0,3,0,0,0,0,3,1,6,1,76,11,1498,1,3,6,2,6
2018420355428,2,9,0,3,0,1,0,0,0,0,3,1,3,1,41,7,1498,1,-1,6,3,6
2018420355435,1,9,0,18,0,0,0,0,0,0,1,1,6,1,63,9,1995,2,6,4,1,4
2018420355435,2,9,0,2,0,0,0,0,0,0,3,1,6,3,-1,-1,-1,-1,-1,-1,-1,-1
2018420355555,1,9,0,18,0,1,0,0,0,0,1,1,6,3,-1,-1,-1,-1,-1,-1,-1,-1
2018420355555,2,9,0,3,0,1,0,0,0,0,2,1,6,1,28,6,1968,2,3,9,1,9
2018420355556,1,8,0,5,2,0,0,0,0,0,4,1,6,1,30,6,-1,-1,-1,-1,-1,-1
2018420355569,1,9,0,2,0,1,0,0,0,0,3,1,3,2,33,6,3200,2,14,9,1,9
2018420355569,2,1,0,18,0,1,0,0,0,0,1,1,6,1,40,7,-1,-1,-1,6,1,6
2018420355624,1,19,0,4,0,8,-1,0,0,0,1,1,6,1,-1,-1,1461,2,7,-1,-1,-1
2018420355624,2,9,0,3,0,8,0,0,0,0,2,1,6,2,40,7,1388,1,9,6,3,6
2018420355816,1,9,0,18,0,3,0,0,0,0,1,1,6,3,-1,-1,1950,2,1,-1,-1,-1
2018420355816,2,9,0,18,0,3,0,0,0,0,3,1,6,2,23,5,1398,1,8,4,1,4
2018420355955,1,9,0,18,0,1,0,0,0,0,1,1,6,1,25,5,1587,1,12,4,-1,4
2018420355955,2,9,0,3,0,1,0,0,0,0,2,1,6,2,59,9,1598,1,13,7,2,7
2018420355972,1,9,0,18,0,0,0,0,0,0,0,1,6,2,-1,-1,-1,-1,-1,-1,-1,-1
2018420355972,2,9,0,18,0,0,0,0,0,0,0,1,6,1,47,8,1968,2,7,9,2,9
2018420356026,1,9,0,18,0,0,0,0,0,0,1,1,6,1,53,8,1995,2,10,7,1,7
2018420356026,2,9,0,3,0,0,0,0,0,0,2,1,6,1,31,6,1984,1,4,10,1,10
2018420356037,1,9,0,18,0,0,0,0,0,0,1,1,6,1,-1,-1,-1,-1,-1,-1,-1,-1
2018420356042,1,9,0,6,0,0,0,0,0,0,3,1,6,1,52,8,1242,1,13,10,1,10
2018420356042,2,1,0,14,0,0,0,0,0,0,1,1,6,1,57,9,-1,-1,-1,8,1,8
2018420356052,1,9,0,18,0,1,0,0,0,0,1,1,6,2,-1,-1,-1,-1,-1,-1,-1,-1
2018420356052,2,9,0,3,0,1,0,0,0,0,2,1,6,2,57,9,1997,2,2,3,1,3
2018420356066,1,9,-1,18,0,8,0,0,0,0,3,1,6,2,-1,-1,-1,-1,-1,-1,-1,-1
2018420356066,2,9,0,18,0,8,0,0,0,0,3,1,6,2,40,7,1461,2,6,3,1,3
2018420356071,1,9,0,3,0,1,0,0,0,0,1,1,6,1,-1,-1,1753,2,15,5,1,5
2018420356071,2,9,0,3,0,1,0,0,0,0,2,1,6,2,45,7,1968,2,3,9,1,9
2018420356077,1,9,0,16,0,4,0,0,0,0,1,1,6,3,35,6,1796,1,10,-1,-1,-1
2018420356077,2,9,0,16,0,4,0,0,0,0,2,1,6,1,39,7,1968,2,2,3,1,3
2018420356078,1,9,0,4,0,2,0,0,0,0,1,1,6,2,-1,-1,1753,2,16,9,1,9
2018420356078,2,9,0,3,0,2,0,0,0,0,2,1,6,2,62,9,998,1,-1,4,1,4
2018420356079,1,9,0,9,0,8,0,0,0,0,2,1,6,3,-1,-1,1598,2,5,-1,-1,-1
2018420356079,2,1,0,9,0,8,0,0,0,0,2,1,6,1,60,9,-1,-1,-1,9,1,9
2018420356086,1,9,0,11,0,3,0,0,0,0,4,1,6,1,50,8,1995,2,9,6,1,6
2018420356086,2,9,0,7,0,3,0,0,0,0,3,1,6,1,38,7,1968,2,2,-1,1,-1
2018420356104,1,9,0,18,0,1,0,0,0,0,1,1,6,3,-1,-1,-1,-1,-1,-1,-1,-1
2018420356104,2,1,0,18,0,1,0,0,0,0,4,1,6,1,28,6,-1,-1,-1,3,1,3
2018420356137,1,9,0,18,0,0,0,0,0,0,3,1,6,1,82,11,1598,1,8,5,1,5
2018420356185,1,9,0,4,0,0,0,0,0,0,1,1,6,1,35,6,2143,2,4,4,-1,4
2018420356185,2,9,0,4,0,0,0,0,0,0,2,1,6,2,25,5,1596,1,14,9,1,9
2018420356185,3,9,0,4,0,0,0,0,0,0,0,1,6,3,-1,-1,-1,-1,-1,-1,-1,-1
2018420356308,1,9,0,18,0,1,0,0,0,0,1,1,6,3,-1,-1,1995,1,8,-1,-1,-1
2018420356308,2,9,0,18,0,1,0,0,0,0,3,1,6,1,52,8,1461,2,1,7,1,7
2018420356325,1,9,0,18,0,4,0,0,0,0,1,1,6,1,25,5,1995,2,2,5,1,5
2018420356325,2,9,0,4,0,4,0,0,0,0,2,1,6,2,39,7,1798,1,6,3,1,3
2018420356336,1,9,0,13,0,4,0,0,0,0,1,1,6,3,-1,-1,1596,1,16,-1,-1,-1
2018420356336,2,9,0,18,0,4,0,0,0,0,2,1,6,2,25,5,1248,1,5,4,1,4
2018420356349,1,9,0,18,0,1,0,0,0,0,1,1,6,2,19,4,998,1,11,4,2,4
2018420356464,1,9,0,9,0,2,0,0,0,0,1,1,6,2,30,6,1994,2,9,5,2,5
2018420356464,2,9,0,8,0,1,0,0,0,0,3,1,6,2,39,7,1999,1,12,4,1,4
2018420356492,1,9,0,9,0,1,0,0,0,0,2,1,6,3,-1,-1,-1,-1,-1,-1,-1,-1
2018420356492,2,9,0,18,0,1,0,0,0,0,1,1,6,1,20,4,1596,1,16,8,1,8
2018420356495,1,90,0,18,0,0,0,0,0,0,3,1,6,1,18,4,-1,-1,-1,-1,-1,-1
2018420356495,2,9,0,18,0,0,0,0,0,0,4,1,6,2,37,7,1396,1,7,4,1,4
2018420356504,1,9,0,18,0,0,0,0,0,0,1,1,6,1,23,5,1968,2,7,6,1,6
2018420356504,2,9,0,18,0,0,0,0,0,0,2,1,6,1,59,9,998,1,9,2,1,2
2018420356506,1,9,0,18,0,1,0,0,0,0,1,1,6,3,-1,-1,-1,-1,-1,-1,-1,-1
2018420356506,2,9,0,10,0,1,0,0,0,0,2,1,6,2,25,5,1198,1,12,1,1,1
2018420356545,1,9,0,18,9,2,0,0,1,0,1,1,6,2,27,6,1587,1,11,3,1,3
2018420356545,2,9,0,2,0,2,0,0,0,0,3,1,6,3,-1,-1,-1,-1,-1,-1,-1,-1
2018420356595,1,9,0,18,0,4,0,0,0,0,0,1,6,3,-1,-1,-1,-1,-1,-1,-1,-1
2018420356595,2,3,0,18,0,4,2,0,0,0,0,1,6,1,27,6,125,1,3,3,1,3
2018420356596,1,9,0,18,0,1,0,0,0,0,1,1,6,1,45,7,1968,2,11,-1,-1,-1
2018420356596,2,9,0,9,0,1,0,0,0,0,2,1,6,2,31,6,1461,2,4,8,1,8
2018420805243,1,9,0,18,0,0,0,0,0,0,1,1,6,1,30,6,1910,2,15,-1,-1,-1
2018420805243,2,9,0,3,0,0,0,0,0,0,2,1,6,1,60,9,-1,-1,-1,4,1,4
2018420805301,1,9,0,18,0,4,0,0,0,0,1,1,6,2,-1,-1,1598,1,10,-1,-1,-1
2018420805301,2,19,0,11,0,8,0,0,0,0,1,1,6,2,23,5,1995,2,-1,5,1,5
2018420805323,1,9,-1,18,0,0,0,0,0,0,1,1,6,2,-1,-1,-1,-1,-1,-1,-1,-1
2018420805323,2,9,0,18,0,0,0,0,0,0,2,1,6,2,30,6,1197,1,4,7,1,7
2018420806006,1,9,0,18,0,1,0,0,0,0,1,1,6,1,-1,-1,1956,2,6,-1,-1,-1
2018420806006,2,9,0,7,0,1,0,7,1,7,3,1,5,1,31,6,1598,2,-1,5,1,5
2018420806006,3,9,0,18,0,1,1,0,7,0,1,1,6,3,18,4,3199,1,16,-1,-1,-1
2018420806218,1,9,0,7,0,1,0,0,0,0,3,1,6,2,77,11,1398,1,1,6,1,6
2018420806328,1,9,0,18,0,0,1,0,0,0,1,1,6,3,-1,-1,-1,-1,-1,-1,-1,-1
2018420806568,1,9,0,7,0,2,0,0,0,0,1,1,6,1,-1,-1,-1,-1,-1,-1,-1,-1
2018420806568,2,9,0,18,0,6,0,0,0,0,4,1,6,2,44,7,1595,1,-1,5,2,5
2018420806630,1,19,0,18,0,1,0,0,0,0,1,1,6,1,-1,-1,2198,2,3,-1,-1,-1
2018420806630,2,9,0,18,0,1,0,0,0,0,4,1,6,1,40,7,2143,2,5,5,1,5
2018420809404,1,9,0,4,0,4,0,0,0,0,2,1,6,2,29,6,1390,1,8,3,1,3
2018420810429,1,9,0,9,0,0,0,0,0,0,1,1,6,3,50,8,1197,1,-1,-1,-1,-1