Accident_Index,Vehicle_Reference,Vehicle_Type,Towing_and_Articulation,Vehicle_Manoeuvre,Vehicle_Location-Restricted_Lane,Junction_Location,Skidding_and_Overturning,Hit_Object_in_Carriageway,Vehicle_Leaving_Carriageway,Hit_Object_off_Carriageway,1st_Point_of_Impact,Was_Vehicle_Left_Hand_Drive?,Journey_Purpose_of_Driver,Sex_of_Driver,Age_of_Driver,Age_Band_of_Driver,Engine_Capacity_(CC),Propulsion_Code,Age_of_Vehicle,Driver_IMD_Decile,Driver_Home_Area_Type,Vehicle_IMD_Decile
2018420811437,1,9,0,4,0,0,0,0,0,0,1,1,6,2,36,7,996,1,4,-1,-1,-1
2018420811437,2,9,0,3,0,0,0,0,0,0,2,1,6,2,46,8,1396,1,6,9,1,9
2018420812569,1,-1,0,18,0,1,-1,0,0,0,1,1,6,1,-1,-1,-1,-1,-1,5,1,5
2018420812569,2,9,0,3,0,7,0,0,0,0,2,1,6,2,40,7,1461,2,10,6,1,6
2018420813446,1,9,0,18,0,2,1,0,0,0,1,1,6,1,24,5,1900,2,20,8,3,8
2018420813446,2,9,0,4,0,2,0,0,0,0,0,1,1,1,39,7,2993,2,2,2,1,2
2018420813446,3,9,0,18,0,1,0,0,0,0,1,1,6,1,49,8,1686,2,14,4,1,4
2018420816043,1,9,0,18,0,1,0,0,0,0,1,1,6,1,62,9,2435,1,13,-1,-1,-1
2018420816043,2,1,0,18,0,1,0,0,0,0,2,1,6,1,33,6,-1,-1,-1,2,1,2
2018420816092,1,9,0,18,0,0,1,0,0,0,2,1,6,2,-1,-1,1596,1,13,5,1,5
2018420816092,2,9,0,18,0,0,0,0,0,0,1,1,6,2,39,7,1560,2,-1,8,-1,8
2018420816121,1,9,-1,-1,-1,-1,-1,-1,-1,0,-1,1,6,3,-1,-1,-1,-1,-1,-1,-1,-1
2018420816551,1,9,0,4,0,3,0,0,0,0,1,1,6,1,35,6,-1,-1,-1,-1,-1,-1
2018420816551,2,9,0,3,0,3,0,0,0,0,2,1,6,2,28,6,898,1,3,6,1,6
2018420816629,1,9,0,18,0,0,0,0,0,0,1,1,6,2,27,6,1242,1,4,7,1,7
2018420816842,1,9,0,4,0,0,0,0,0,0,1,1,6,3,-1,-1,-1,-1,-1,-1,-1,-1
2018420816842,2,19,0,4,0,0,0,0,0,0,2,1,6,1,49,8,1686,2,7,10,1,10
2018420816914,1,1,0,9,0,4,0,0,0,0,1,1,6,1,20,4,-1,-1,-1,-1,-1,-1
2018420816914,2,9,0,7,0,4,0,0,0,0,3,1,6,2,68,10,1248,1,-1,9,1,9
2018420818680,1,8,0,18,0,4,0,0,0,0,1,1,6,1,30,6,1598,2,4,1,1,1
2018420818680,2,3,0,9,0,3,0,0,0,0,3,1,6,1,33,6,124,1,7,9,1,9
2018420819889,1,9,0,-1,0,2,0,0,0,0,-1,1,6,1,-1,-1,1753,2,10,-1,-1,-1
2018420819889,2,9,0,-1,-1,-1,-1,-1,-1,0,-1,1,6,2,19,4,998,1,9,4,1,4
2018420821685,1,9,0,9,0,1,0,0,0,0,1,1,6,2,-1,-1,1197,1,7,-1,-1,-1
2018420821685,2,9,0,18,0,1,0,0,0,0,4,1,6,1,33,6,2261,1,10,10,3,10
2018420822462,1,9,0,18,0,0,0,0,0,0,1,1,6,3,-1,-1,1995,2,9,-1,-1,-1
2018420822462,2,9,0,3,0,0,0,0,0,0,2,1,6,2,22,5,1395,1,1,1,1,1
2018420822462,3,9,0,3,0,0,0,0,0,0,2,1,6,2,-1,-1,1242,1,14,-1,-1,-1
2018420823039,1,9,0,18,0,4,0,0,0,0,1,1,6,1,37,7,1999,2,3,7,1,7
2018420823398,1,9,0,18,0,1,0,0,0,0,1,1,6,1,68,10,2993,2,9,8,1,8
2018420823398,2,9,0,9,0,5,0,0,0,0,2,1,6,1,30,6,-1,-1,-1,9,3,9
2018420823419,1,9,0,18,0,1,0,0,0,0,1,1,6,2,54,8,1598,2,3,4,1,4
2018420823419,2,9,0,3,0,4,0,0,0,0,2,1,6,1,44,7,1870,2,14,4,1,4
2018420823866,1,9,0,18,0,4,0,0,0,0,1,1,6,2,50,8,998,1,-1,9,1,9
2018420823866,2,9,0,3,0,4,0,0,0,0,2,1,6,1,24,5,1368,1,8,7,1,7
2018420824883,1,9,0,5,0,1,0,0,0,0,1,1,6,2,43,7,1598,1,10,6,1,6
2018420824883,2,9,0,3,0,6,0,0,0,0,2,1,6,2,49,8,1598,1,7,-1,-1,-1
2018420824910,1,9,-1,18,0,0,0,0,0,0,1,1,6,2,-1,-1,-1,-1,-1,-1,-1,-1
2018420824910,2,1,0,18,0,0,0,0,0,0,1,1,6,1,21,5,-1,-1,-1,2,1,2
2018420825192,1,1,0,18,9,1,0,0,0,0,1,1,4,1,10,2,-1,-1,-1,6,1,6
2018420825192,2,9,0,5,5,6,0,0,0,0,4,1,5,2,54,8,1360,1,16,10,1,10
2018420825748,1,9,0,18,0,4,0,0,0,0,1,1,6,1,-1,-1,-1,-1,-1,-1,-1,-1
2018420825748,2,9,0,3,0,1,0,0,0,0,2,1,5,1,31,6,1560,2,3,7,1,7
2018420826423,1,-1,-1,9,0,4,0,0,0,0,3,1,6,3,-1,-1,-1,-1,-1,-1,-1,-1
2018420826423,2,19,0,9,0,4,0,0,0,0,4,1,6,1,59,9,1998,2,13,6,1,6
2018420828043,1,-1,-1,18,0,3,0,0,0,0,1,1,6,3,-1,-1,-1,-1,-1,-1,-1,-1
2018420828043,2,9,0,18,0,4,0,0,0,0,4,1,6,1,21,5,1197,1,2,3,1,3
2018420828211,1,9,0,18,0,0,0,0,0,0,1,1,6,2,-1,-1,1499,1,1,-1,-1,-1
2018420828211,2,9,0,7,0,0,0,0,0,0,2,1,6,1,26,6,1968,2,2,6,1,6
201842T096948,1,9,0,16,0,0,0,0,7,10,1,1,6,1,25,5,1988,1,16,5,1,5
201842T096948,2,9,0,16,0,0,0,0,0,0,0,1,1,1,39,7,1498,1,1,4,1,4
201842T099359,1,9,0,16,0,1,0,0,0,0,1,1,2,2,45,7,1753,2,8,-1,1,-1
201842T099359,2,9,0,9,0,6,0,0,0,0,3,1,6,2,17,4,1995,2,6,-1,1,-1
201842T136493,1,3,0,14,0,1,0,0,0,0,1,1,2,1,35,6,125,1,1,8,1,8
201842T136493,2,9,0,18,0,1,0,0,0,0,1,1,6,2,55,8,1794,1,14,5,1,5
2018430000185,1,9,0,4,0,0,1,0,0,0,1,1,6,1,46,8,1390,1,17,8,1,8
2018430000185,2,9,0,4,0,0,0,0,0,0,2,1,6,1,49,8,1390,1,15,7,1,7
2018430000185,3,9,0,4,0,0,0,0,0,0,2,1,6,1,25,5,-1,-1,-1,8,2,8
2018430000822,1,9,0,12,0,0,0,0,0,0,3,1,6,3,-1,-1,1389,1,13,-1,-1,-1
2018430000822,2,9,0,18,0,0,0,10,1,0,1,1,6,2,32,6,1984,1,4,3,1,3
2018430000832,1,9,0,18,0,1,0,0,0,0,1,1,6,3,-1,-1,-1,-1,-1,-1,-1,-1
2018430000832,2,9,0,3,0,1,0,0,0,0,2,1,6,1,21,5,1242,1,15,8,3,8
2018430000862,1,9,0,11,0,0,0,0,0,0,1,1,6,1,-1,-1,-1,-1,-1,-1,-1,-1
2018430000862,2,9,0,18,0,0,0,0,0,0,2,1,6,2,-1,-1,1198,1,14,-1,-1,-1
2018430000868,1,5,0,18,0,1,0,0,0,0,4,1,6,1,32,6,1050,1,11,10,1,10
2018430000868,2,9,0,9,0,5,0,0,0,0,3,1,6,1,-1,-1,1995,2,15,-1,-1,-1
2018430000890,1,9,0,17,0,8,1,0,1,4,1,1,6,1,74,10,1499,1,2,7,3,7
2018430000955,1,19,0,14,0,2,0,0,0,0,1,1,1,1,31,6,1598,2,4,8,3,8
2018430000989,1,9,0,17,0,8,0,0,0,0,1,1,6,2,20,4,1199,1,17,9,3,9
2018430000989,2,9,0,16,0,8,0,0,0,0,1,1,6,1,31,6,1997,2,33,4,3,4
2018430001063,1,9,0,13,0,0,2,0,2,4,4,1,6,1,21,5,2560,1,26,8,1,8
2018430001063,2,9,0,18,0,0,2,0,0,0,2,1,6,2,61,9,2993,2,4,5,1,5
2018430001063,3,9,0,18,0,0,0,0,0,0,0,1,6,2,55,8,-1,-1,-1,10,1,10
2018430001457,1,9,0,16,0,0,5,10,6,6,1,1,6,2,32,6,1598,1,7,7,1,7
2018430001803,1,9,0,18,0,0,0,0,7,0,1,1,6,1,71,10,1798,8,2,-1,-1,-1
2018430001803,2,9,0,18,0,0,0,0,0,0,1,1,6,1,72,10,1339,1,4,8,2,8
2018430001902,1,19,0,18,0,1,0,4,0,0,1,1,1,1,21,5,1868,2,13,8,1,8
2018430001902,2,20,4,2,6,1,0,0,0,10,2,1,1,1,43,7,-1,-1,-1,6,3,6
2018430001939,1,9,0,11,0,0,0,0,0,0,3,1,6,2,-1,-1,1968,2,1,3,1,3
2018430001939,2,9,0,18,0,0,0,0,0,0,4,1,6,1,32,6,1997,2,-1,1,1,1
2018430002107,1,9,0,18,0,8,0,0,0,0,4,1,2,1,21,5,1299,1,11,10,1,10
2018430002107,2,9,0,9,0,6,0,0,0,0,1,1,6,2,35,6,1498,1,8,10,2,10
2018430002923,1,9,0,7,0,3,0,0,0,0,1,1,6,1,56,9,1390,1,18,9,1,9
2018430002923,2,1,0,2,0,8,0,0,0,0,1,1,6,1,10,2,-1,-1,-1,5,1,5
2018430002927,1,19,0,17,0,0,0,0,1,9,1,1,1,1,32,6,1997,2,1,9,1,9
2018430002948,1,9,0,18,0,1,0,0,0,0,1,1,6,2,63,9,2143,2,4,10,1,10
2018430002958,1,9,0,18,0,1,0,0,0,0,1,1,6,3,-1,-1,-1,-1,-1,-1,-1,-1
2018430002958,2,21,0,1,0,6,0,0,0,0,0,1,1,1,-1,-1,-1,-1,-1,-1,-1,-1
2018430003170,1,9,0,17,0,0,1,0,0,0,1,1,1,1,30,6,1598,2,1,-1,-1,-1
2018430003170,2,8,0,16,0,0,0,0,1,9,1,1,1,1,37,7,1995,2,2,10,2,10
2018430003170,3,9,0,18,0,0,0,0,0,0,1,1,1,1,70,10,2164,1,20,8,1,8
2018430003180,1,9,0,7,0,5,0,0,0,0,4,1,6,3,20,4,-1,-1,-1,-1,-1,-1
2018430003180,2,1,0,18,0,8,0,0,0,0,1,1,6,1,18,4,-1,-1,-1,4,1,4
2018430003186,1,9,0,17,0,0,1,0,7,11,2,1,2,1,28,6,-1,-1,-1,10,2,10
2018430003369,1,9,0,18,0,0,0,0,0,0,1,1,6,1,24,5,1242,1,12,7,2,7
2018430003369,2,1,0,18,0,0,0,0,0,0,2,1,6,1,44,7,-1,-1,-1,8,2,8
2018430003932,1,9,0,18,0,0,0,0,1,0,1,1,6,1,65,9,-1,-1,-1,-1,-1,-1
2018430003932,2,9,0,18,0,0,0,0,0,0,1,1,6,1,58,9,2204,2,10,9,3,9
2018430004200,1,9,0,18,0,1,0,0,0,0,1,1,6,1,-1,-1,-1,-1,-1,-1,-1,-1
2018430004377,1,9,0,5,0,4,0,0,0,0,1,1,6,2,49,8,2099,2,11,1,1,1
2018430004377,2,9,0,18,0,8,0,0,0,0,4,1,6,2,43,7,1596,1,13,8,3,8
2018430005455,1,9,0,18,0,0,0,0,0,0,1,1,6,1,-1,-1,1248,2,7,-1,-1,-1
2018430005489,1,19,0,12,0,1,0,0,0,0,2,1,1,1,54,8,1995,2,5,2,1,2
2018430005489,2,9,0,18,0,1,0,0,0,0,1,1,6,1,30,6,2143,2,4,5,1,5
2018430005501,1,9,0,18,0,1,0,0,0,0,1,1,6,1,58,9,2987,2,2,6,1,6
2018430005501,2,1,0,18,0,1,0,0,0,0,4,1,6,2,16,4,-1,-1,-1,8,1,8
2018430005765,1,9,0,13,0,0,0,0,0,0,4,1,6,3,-1,-1,-1,-1,-1,-1,-1,-1
2018430005765,2,1,0,18,0,0,0,0,0,0,3,1,6,1,20,4,-1,-1,-1,9,2,9
2018430005825,1,9,0,16,0,0,1,0,1,9,1,1,6,2,34,6,1997,2,11,8,1,8
2018430006337,1,9,0,18,0,1,0,0,0,0,1,1,6,2,22,5,-1,-1,-1,10,3,10
2018430006637,1,9,0,18,0,1,1,0,0,0,1,1,6,1,30,6,-1,-1,-1,-1,-1,-1
2018430006637,2,9,0,6,0,1,0,0,0,0,2,1,6,2,31,6,1390,1,8,9,1,9
2018430006705,1,9,0,18,0,0,0,0,0,0,1,1,6,1,55,8,1999,1,11,-1,-1,-1
2018430006821,1,9,0,9,0,5,0,0,0,0,4,1,1,1,60,9,1798,8,1,6,1,6
2018430006821,2,9,0,18,0,1,0,0,0,0,3,1,3,2,38,7,1368,1,6,6,1,6
2018430007162,1,9,0,18,0,2,0,0,0,0,1,1,6,1,40,7,1596,1,7,9,3,9
2018430007162,2,8,0,3,0,2,0,0,0,0,2,1,6,1,59,9,1598,2,3,10,2,10
2018430007162,3,9,0,3,0,2,0,0,0,0,2,1,6,1,63,9,2993,2,2,7,3,7
2018430007833,1,9,0,18,0,1,0,0,0,0,1,1,6,1,-1,-1,-1,-1,-1,-1,-1,-1
2018430007833,2,9,0,8,0,1,0,0,0,0,2,1,6,1,33,6,1275,1,19,9,1,9
2018430007910,1,9,0,9,0,6,0,0,0,0,0,1,6,3,-1,-1,-1,-1,-1,-1,-1,-1
2018430007910,2,9,0,9,0,8,0,0,0,0,0,1,6,2,19,4,1598,1,9,-1,-1,-1
2018430007918,1,4,0,15,0,0,0,0,0,0,2,1,1,1,37,7,-1,-1,-1,4,1,4
2018430007918,2,9,0,5,0,0,0,0,0,0,1,1,6,2,49,8,2987,2,12,10,1,10
2018430007927,1,19,0,9,0,6,0,0,0,0,1,1,1,1,25,5,1995,2,1,8,1,8
2018430007927,2,5,0,14,0,8,0,0,0,0,1,1,2,1,43,7,599,1,19,10,1,10
2018430009019,1,9,0,18,0,0,0,0,0,0,1,1,6,1,40,7,1968,2,8,-1,1,-1
2018430009019,2,9,0,4,0,0,0,0,0,0,2,1,6,2,23,5,1984,1,4,-1,-1,-1
2018430009019,3,9,0,4,0,0,0,0,0,0,2,1,6,2,23,5,-1,-1,-1,10,1,10
2018430009031,1,9,0,18,0,0,0,0,0,0,4,1,6,1,55,8,1598,1,14,9,3,9
2018430009061,1,9,0,7,0,6,0,0,0,0,1,1,6,2,64,9,-1,-1,-1,4,1,4
2018430009063,1,9,0,18,0,0,0,0,0,0,1,1,6,1,-1,-1,-1,-1,-1,-1,-1,-1
2018430009063,2,9,0,18,0,0,0,0,0,0,2,1,1,2,59,9,1598,1,5,4,1,4
2018430009087,1,9,0,18,0,4,0,10,1,1,1,1,6,1,64,9,1364,1,8,10,1,10
2018430009104,1,9,0,5,0,0,0,0,0,0,1,1,6,1,18,4,1198,1,12,10,1,10
2018430009104,2,9,0,18,0,0,0,0,0,0,1,1,6,1,32,6,-1,-1,-1,4,1,4
2018430009106,1,19,0,2,0,8,0,0,3,11,3,1,6,1,24,5,2198,2,3,7,1,7
2018430009120,1,9,0,9,0,5,0,0,0,0,3,1,2,1,37,7,-1,-1,-1,10,1,10
2018430009120,2,9,0,18,0,8,0,0,0,0,1,1,2,2,52,8,1968,2,1,10,1,10
2018430009130,1,3,0,18,0,0,0,11,0,0,1,1,2,1,24,5,124,1,1,3,1,3
2018430009178,1,9,0,4,0,0,0,0,0,0,1,1,2,2,54,8,1998,1,-1,7,3,7
2018430009228,1,9,0,17,0,0,0,10,1,11,1,1,6,2,20,4,1242,1,7,6,1,6
2018430009268,1,9,0,18,0,0,0,0,0,0,4,1,6,3,-1,-1,-1,-1,-1,-1,-1,-1
2018430009307,1,9,0,6,4,6,0,0,0,0,3,1,6,1,-1,-1,2148,2,9,-1,-1,-1
2018430009307,2,1,0,18,0,8,0,0,0,0,4,1,6,1,25,5,-1,-1,-1,9,1,9
2018430009808,1,19,0,18,0,1,0,0,0,0,4,1,6,1,37,7,2496,2,22,9,1,9
2018430009808,2,1,0,18,0,1,0,0,0,0,3,1,6,1,45,7,-1,-1,-1,7,1,7
2018430010117,1,9,0,4,0,1,0,0,0,0,1,1,6,1,22,5,1598,1,14,7,2,7
2018430010117,2,9,0,3,0,1,0,0,0,0,2,1,6,1,43,7,1598,2,2,-1,-1,-1
2018430010298,1,9,0,7,0,0,0,0,0,0,3,1,6,1,17,4,1390,1,17,10,1,10
2018430010298,2,1,0,18,0,0,0,0,0,0,1,1,6,1,50,8,-1,-1,-1,10,1,10
2018430010313,1,9,0,18,0,0,0,0,1,9,0,1,6,2,26,6,1364,1,9,8,-1,8
2018430010328,1,1,0,18,0,0,1,0,0,0,1,1,6,1,72,10,-1,-1,-1,6,1,6
2018430010328,2,1,0,18,0,0,0,0,0,0,0,1,6,1,64,9,-1,-1,-1,6,1,6
2018430010328,3,9,0,3,0,0,0,0,0,0,2,1,6,2,42,7,1499,1,2,9,3,9
2018430010328,4,9,0,18,0,0,0,0,0,0,1,1,6,2,68,10,2179,2,8,9,3,9
2018430010340,1,9,0,18,0,4,0,0,1,0,1,1,2,1,48,8,1956,2,4,8,1,8
2018430010340,2,3,0,7,0,4,0,0,0,0,2,1,2,2,24,5,125,1,5,10,1,10
2018430010346,1,5,0,14,0,0,0,8,0,0,1,1,6,1,45,7,1290,1,9,10,-1,10
2018430010346,2,9,0,2,0,0,0,0,0,0,3,1,6,1,29,6,-1,-1,-1,7,1,7
2018430010349,1,9,0,18,0,0,0,0,0,0,1,1,6,1,52,8,1991,8,1,9,1,9
2018430010358,1,9,0,9,0,6,0,0,0,0,1,1,6,2,45,7,1995,2,2,6,1,6
2018430010358,2,9,0,18,0,8,0,0,0,0,1,1,6,1,28,6,1360,1,14,8,1,8
2018430010362,1,9,0,5,9,6,0,0,0,0,1,1,6,3,18,4,1198,1,12,9,1,9
2018430010362,2,9,0,18,0,8,0,0,0,0,4,1,6,1,22,5,898,1,4,5,1,5
2018430010374,1,9,0,18,0,0,0,0,0,0,1,1,2,1,45,7,1598,1,4,2,1,2
2018430010374,2,9,0,18,0,0,0,0,0,0,1,1,2,1,23,5,999,1,6,5,1,5
2018430010405,1,9,0,14,0,0,0,0,0,0,1,1,1,1,49,8,1968,2,2,9,2,9
2018430010405,2,9,0,2,0,0,0,0,0,0,2,1,6,3,-1,-1,-1,-1,-1,-1,-1,-1
2018430010405,3,9,0,2,0,0,0,0,0,0,2,1,6,3,-1,-1,1198,1,9,-1,-1,-1
2018430010405,4,9,0,2,0,0,0,0,0,0,0,1,6,3,-1,-1,1598,1,14,-1,-1,-1
2018430010450,1,19,0,18,0,1,0,0,0,0,1,1,1,1,41,7,1968,2,4,8,3,8
2018430010450,2,9,0,4,0,1,0,0,0,0,2,1,2,2,26,6,-1,-1,-1,7,2,7
2018430010463,1,19,0,13,0,1,0,0,0,0,4,1,1,1,50,8,2402,2,13,4,1,4
2018430010463,2,20,0,9,0,8,0,0,0,0,3,1,1,1,58,9,3920,2,13,3,1,3
2018430010504,1,9,0,11,0,0,0,0,0,0,4,1,6,1,35,6,1598,1,12,-1,-1,-1
2018430010504,2,8,0,18,0,0,0,0,0,0,3,1,6,1,42,7,-1,-1,-1,1,1,1
2018430010506,1,9,0,7,0,2,2,0,0,0,0,1,6,2,74,10,1360,1,12,9,1,9
2018430011002,1,9,0,18,0,4,0,0,0,0,3,1,1,1,50,8,-1,-1,-1,-1,1,-1
2018430011002,2,3,0,5,0,8,0,0,0,0,4,1,1,1,34,6,125,1,3,-1,-1,-1
2018430011012,1,9,0,18,0,4,0,0,0,0,1,1,6,2,67,10,2191,2,2,9,1,9
2018430011012,2,1,0,17,0,8,0,0,0,0,4,1,6,1,51,8,-1,-1,-1,10,1,10
2018430011121,1,9,0,18,0,2,0,0,0,0,4,1,6,2,74,10,1598,1,5,10,2,10
2018430011125,1,9,0,18,0,1,0,0,0,0,1,1,6,1,27,6,-1,-1,-1,3,1,3
2018430011125,2,9,0,3,0,1,0,0,0,0,2,1,6,2,22,5,1229,1,1,2,1,2
2018430011125,3,9,0,3,0,1,0,0,0,0,2,1,6,2,20,4,1198,1,7,6,3,6
2018430011283,1,9,0,9,0,5,0,0,0,0,2,1,6,1,36,7,1796,1,12,2,1,2
2018430011283,2,11,0,9,0,6,0,0,0,0,4,1,1,1,-1,-1,9600,2,22,-1,-1,-1
2018430011497,1,9,0,18,0,0,0,0,0,0,1,1,2,1,29,6,1791,8,7,9,-1,9
2018430011497,2,9,0,18,0,0,0,0,0,0,1,1,2,1,47,8,-1,-1,-1,10,1,10
2018430011504,1,9,0,17,0,0,1,0,7,4,3,1,6,2,20,4,1242,1,6,5,1,5
2018430011507,1,9,0,18,0,0,0,0,0,0,1,1,6,2,-1,-1,1597,1,13,-1,-1,-1
2018430011507,2,9,0,3,0,0,0,0,0,0,2,1,2,1,60,9,1497,8,1,-1,-1,-1
2018430011518,1,9,0,18,0,0,0,0,0,0,2,1,6,3,-1,-1,-1,-1,-1,-1,-1,-1
2018430011536,1,9,0,4,0,0,0,0,0,0,2,1,1,1,29,6,1248,2,6,4,-1,4
2018430011536,2,19,0,18,0,0,0,0,0,0,1,1,1,1,33,6,2198,2,9,9,1,9
2018430011536,3,9,0,4,0,0,0,0,0,0,2,1,1,1,33,6,1395,1,2,4,1,4
2018430011558,1,9,0,17,0,8,2,0,1,11,1,1,6,1,21,5,2959,2,10,7,3,7
2018430011582,1,9,0,5,0,1,0,0,0,0,1,1,6,1,32,6,1896,2,11,5,1,5
2018430011582,2,8,0,8,0,1,0,0,0,0,2,1,1,1,46,8,1797,8,6,2,1,2
2018430011588,1,9,0,7,0,0,0,0,0,0,4,1,6,2,39,7,-1,-1,-1,9,1,9
2018430011588,2,1,0,15,4,0,0,0,0,0,1,1,6,1,43,7,-1,-1,-1,10,1,10
2018430011598,1,9,0,17,0,1,0,0,0,0,1,1,6,1,58,9,1956,2,7,3,1,3
2018430011598,2,9,0,16,0,1,0,0,0,0,1,1,6,1,47,8,2996,1,11,3,1,3
2018430011731,1,11,0,5,0,0,0,0,0,0,4,1,1,1,-1,-1,-1,-1,-1,-1,-1,-1
2018430012458,1,9,0,1,0,0,0,4,0,0,2,1,1,1,24,5,1598,2,1,5,1,5
2018430012458,2,9,0,2,0,0,0,0,0,0,2,1,6,1,45,7,1950,2,2,9,2,9
2018430012647,1,9,0,16,0,0,0,0,7,9,1,1,6,2,25,5,1600,1,14,5,1,5
2018430013562,1,4,0,13,0,1,0,0,0,0,1,1,2,1,25,5,321,1,1,10,1,10
2018430013562,2,9,0,9,0,5,0,0,0,0,2,1,6,2,25,5,1781,1,17,10,1,10
2018430013607,1,9,0,17,0,0,1,0,1,9,1,1,6,2,18,4,1197,1,7,5,1,5
2018430014093,1,9,0,18,0,1,0,0,0,0,1,1,6,3,-1,-1,-1,-1,-1,-1,-1,-1
2018430014093,2,9,0,3,0,1,0,0,0,0,2,1,6,2,45,7,1998,2,4,7,1,7
2018430014094,1,19,0,4,0,1,0,0,0,0,1,1,6,1,30,6,-1,-1,-1,1,1,1
2018430014094,2,9,0,3,0,1,0,0,0,0,2,1,2,2,45,7,-1,-1,-1,10,1,10
2018430014102,1,9,0,18,0,0,0,0,1,9,1,1,6,1,34,6,2498,1,15,8,3,8
2018430014156,1,9,0,9,0,5,0,0,0,0,1,1,6,1,17,4,-1,-1,-1,5,1,5
2018430014156,2,9,0,18,0,8,0,0,0,0,1,1,2,1,34,6,-1,-1,-1,10,1,10
2018430014161,1,9,0,18,0,0,0,0,0,0,1,1,1,1,47,8,647,8,1,10,1,10
2018430014164,1,9,0,18,0,0,0,0,0,0,1,1,6,3,-1,-1,-1,-1,-1,-1,-1,-1
2018430014164,2,1,0,18,0,0,0,0,0,0,2,1,6,1,17,4,-1,-1,-1,6,1,6
2018430014611,1,9,0,18,0,0,0,0,0,0,1,1,6,1,-1,-1,1198,1,1,-1,-1,-1
2018430014847,1,9,0,18,0,8,0,0,0,0,4,1,2,2,38,7,1685,2,3,10,2,10
2018430014847,2,9,0,18,0,1,0,0,1,0,3,1,1,1,33,6,998,1,5,1,1,1
2018430014874,1,9,0,18,0,4,0,0,0,0,3,1,6,1,19,4,1242,1,11,6,1,6
2018430014874,2,9,0,18,0,8,0,9,0,0,4,1,6,2,55,8,-1,-1,-1,10,1,10
2018430015018,1,20,0,18,0,8,0,0,1,0,1,1,1,1,43,7,4461,2,9,8,3,8
2018430015018,2,9,0,10,0,5,0,0,7,0,2,1,6,2,49,8,1242,1,3,8,2,8
2018430015215,1,8,0,9,0,8,0,0,0,0,3,1,1,1,38,7,1798,8,2,2,1,2
2018430015215,2,4,0,18,0,1,0,0,0,0,1,1,6,1,22,5,487,1,13,6,1,6
2018430015284,1,9,0,18,0,0,0,0,0,0,4,1,6,3,-1,-1,1197,1,1,-1,-1,-1
2018430015321,1,9,0,4,0,1,0,0,0,0,1,1,6,1,60,9,1588,1,15,-1,-1,-1
2018430015321,2,9,0,3,0,1,0,0,0,0,2,1,6,1,34,6,-1,-1,-1,5,1,5
2018430015350,1,8,0,9,0,5,0,0,0,0,4,1,1,1,51,8,1598,2,2,10,1,10
2018430015350,2,3,0,18,0,8,0,0,0,0,1,1,6,1,21,5,124,1,5,7,3,7
2018430015528,1,9,0,4,0,1,0,0,0,0,2,1,1,1,27,6,1968,2,1,8,1,8
2018430015528,2,9,0,18,0,1,0,0,0,0,1,1,2,1,20,4,1299,1,11,8,1,8
2018430015922,1,1,0,18,0,0,0,0,0,0,1,1,4,1,18,4,-1,-1,-1,9,1,9
2018430015952,1,9,0,18,0,1,0,0,0,0,0,1,1,1,27,6,1598,2,1,4,1,4
2018430015952,2,9,0,18,0,1,1,0,0,0,4,1,6,1,34,6,-1,-1,-1,3,1,3
2018430015952,3,9,0,4,0,1,0,0,0,0,3,1,6,1,63,9,-1,-1,-1,3,1,3
2018430015952,4,9,0,18,0,2,0,0,0,0,3,1,6,1,19,4,-1,-1,-1,7,1,7
2018430015966,1,9,0,9,0,6,0,0,0,0,1,1,6,1,86,11,1995,1,11,7,3,7
2018430015966,2,9,0,18,0,8,0,0,0,0,3,1,6,2,45,7,1598,2,5,7,3,7
2018430016417,1,9,0,18,0,0,0,0,7,4,1,1,6,1,25,5,1493,2,10,10,1,10
2018430016417,2,21,0,2,0,0,0,0,0,0,1,1,6,3,-1,-1,5880,2,13,-1,-1,-1
2018430016426,1,9,0,4,0,0,0,0,0,0,1,1,2,2,24,5,1968,2,1,6,-1,6
2018430016426,2,9,0,4,0,0,0,0,0,0,2,1,2,2,29,6,1598,2,2,9,3,9
2018430016426,3,9,0,4,0,0,0,0,0,0,2,1,2,1,31,6,-1,-1,-1,7,3,7
2018430016448,1,9,0,17,0,0,0,0,1,11,1,1,6,1,28,6,1598,2,2,8,1,8
2018430016448,2,9,0,2,0,0,0,0,0,0,1,1,6,3,-1,-1,-1,-1,-1,-1,-1,-1
2018430016448,3,9,0,2,0,0,0,0,0,0,1,1,6,3,-1,-1,-1,-1,-1,-1,-1,-1
2018430016448,4,5,0,2,0,0,0,0,0,0,1,1,6,3,-1,-1,600,1,20,-1,-1,-1
2018430016470,1,9,0,5,8,0,0,0,7,9,2,1,6,1,73,10,1242,1,7,9,1,9
2018430016470,2,20,0,18,0,0,0,0,0,0,1,1,1,1,49,8,-1,-1,-1,7,1,7
2018430016504,1,9,0,16,0,0,2,0,0,0,1,1,1,1,21,5,-1,-1,-1,8,1,8
2018430016509,1,9,0,9,0,6,0,0,0,0,1,1,1,2,46,8,998,1,7,10,1,10
2018430016509,2,19,0,18,0,1,0,0,0,0,1,1,1,1,42,7,1560,2,2,5,1,5
2018430016512,1,9,0,5,0,8,0,0,0,0,3,1,6,2,36,7,1968,2,7,3,1,3
2018430016512,2,8,0,18,0,8,0,0,0,0,1,1,1,2,58,9,2183,2,6,2,1,2