Accident_Index,Vehicle_Reference,Vehicle_Type,Towing_and_Articulation,Vehicle_Manoeuvre,Vehicle_Location-Restricted_Lane,Junction_Location,Skidding_and_Overturning,Hit_Object_in_Carriageway,Vehicle_Leaving_Carriageway,Hit_Object_off_Carriageway,1st_Point_of_Impact,Was_Vehicle_Left_Hand_Drive?,Journey_Purpose_of_Driver,Sex_of_Driver,Age_of_Driver,Age_Band_of_Driver,Engine_Capacity_(CC),Propulsion_Code,Age_of_Vehicle,Driver_IMD_Decile,Driver_Home_Area_Type,Vehicle_IMD_Decile
2018430056189,2,1,0,18,0,8,0,0,0,0,4,1,6,2,19,4,-1,-1,-1,10,1,10
2018430056194,1,9,0,9,0,8,0,0,0,0,3,1,6,2,37,7,1248,2,13,4,1,4
2018430056194,2,9,0,18,0,8,0,0,0,0,4,1,2,1,-1,-1,-1,-1,-1,-1,-1,-1
2018430056201,1,9,0,18,0,0,0,0,0,0,1,1,2,2,52,8,-1,-1,-1,10,1,10
2018430056201,2,8,0,3,0,0,0,0,0,0,2,1,2,1,37,7,-1,-1,-1,8,1,8
2018430056201,3,9,0,3,0,0,0,0,0,0,2,1,2,1,23,5,-1,-1,-1,6,1,6
2018430056243,1,9,0,18,0,4,0,0,0,0,1,1,6,1,33,6,1398,1,4,-1,-1,-1
2018430056243,2,9,0,4,0,4,0,0,0,0,2,1,2,2,22,5,1149,1,6,-1,-1,-1
2018430056338,1,9,0,18,0,1,0,0,0,0,1,1,6,3,-1,-1,-1,-1,-1,-1,-1,-1
2018430056397,1,19,0,18,0,8,0,0,0,0,1,1,6,1,35,6,-1,-1,-1,-1,-1,-1
2018430056397,2,19,0,18,0,8,0,0,0,0,1,1,6,3,-1,-1,-1,-1,-1,-1,-1,-1
2018430056403,1,9,0,3,0,8,0,0,0,0,1,1,6,2,26,6,-1,-1,-1,5,1,5
2018430056451,1,9,0,8,0,4,0,0,0,0,1,1,6,1,40,7,1997,2,10,-1,-1,-1
2018430056451,2,1,0,18,0,8,0,0,0,0,2,1,6,1,26,6,-1,-1,-1,9,1,9
2018430056493,1,9,0,9,0,5,0,0,0,0,4,1,2,1,62,9,2143,2,1,9,1,9
2018430056493,2,8,0,18,0,8,0,0,0,0,1,1,1,1,36,7,2499,2,7,1,1,1
2018430056556,1,9,0,18,0,0,0,0,0,0,4,1,6,2,69,10,2148,2,12,1,1,1
2018430056556,2,21,1,12,0,0,0,0,0,0,3,2,1,1,-1,-1,-1,-1,-1,-1,-1,-1
2018430056606,1,19,0,17,0,1,0,0,0,0,1,1,6,1,30,6,2148,2,12,-1,-1,-1
2018430056761,1,8,0,18,0,0,0,0,0,0,1,1,1,1,30,6,-1,-1,-1,9,1,9
2018430056761,2,9,0,4,0,0,0,0,0,0,2,1,6,2,32,6,998,1,12,4,1,4
2018430056773,1,9,0,18,0,0,5,0,1,11,1,1,6,1,81,11,-1,-1,-1,10,3,10
2018430056773,2,19,0,2,0,0,0,0,0,0,1,1,6,3,-1,-1,1910,2,8,-1,-1,-1
2018430056815,1,9,0,1,0,0,0,0,1,11,2,1,6,1,90,11,1591,1,7,7,1,7
2018430056815,2,9,0,18,0,0,0,0,0,0,3,1,2,1,51,8,2495,2,18,9,1,9
2018430057240,1,9,0,18,0,1,0,0,0,0,1,1,2,1,21,5,1229,1,10,2,1,2
2018430057240,2,9,0,4,0,1,0,0,0,0,2,1,6,2,29,6,1596,1,17,9,3,9
2018430057253,1,9,0,18,0,6,0,0,0,0,1,1,1,1,44,7,1422,2,3,9,1,9
2018430057253,2,5,0,18,0,8,0,0,0,0,1,1,6,1,59,9,1352,1,12,6,1,6
2018430057376,1,9,0,7,0,6,0,0,0,0,1,1,6,2,36,7,999,1,3,4,1,4
2018430057376,2,1,0,17,4,8,0,0,1,0,2,1,2,2,22,5,-1,-1,-1,5,1,5
2018430057379,1,9,0,9,0,6,1,0,1,4,1,1,2,1,52,8,2493,8,4,6,1,6
2018430057379,2,9,0,18,0,8,1,0,1,4,3,1,2,1,63,9,2967,2,2,10,3,10
2018430057394,1,9,0,9,0,1,0,0,0,0,1,1,6,1,-1,-1,-1,-1,-1,-1,-1,-1
2018430057394,2,1,0,18,0,8,0,0,0,0,1,1,6,1,49,8,-1,-1,-1,5,1,5
2018430057397,1,9,0,18,0,0,0,0,0,0,1,1,6,1,36,7,1796,1,11,7,1,7
2018430057397,2,9,0,18,0,0,0,0,0,0,2,1,6,2,46,8,1395,1,1,6,1,6
2018430057462,1,9,0,4,0,0,0,0,0,0,1,1,2,1,41,7,1798,1,12,3,1,3
2018430057462,2,9,0,3,0,0,0,0,0,0,2,1,2,2,20,4,1598,2,7,6,1,6
2018430057475,1,9,0,18,0,0,0,0,0,0,1,1,6,1,56,9,1999,2,1,10,1,10
2018430057475,2,9,0,18,0,0,0,0,0,0,3,1,6,1,31,6,-1,-1,-1,10,1,10
2018430057475,3,1,0,18,0,0,0,0,0,0,2,1,6,1,14,3,-1,-1,-1,6,1,6
2018430057475,4,1,0,18,0,0,0,0,0,0,2,1,6,1,14,3,-1,-1,-1,6,1,6
2018430057492,1,9,0,18,0,0,0,0,0,0,4,1,6,2,20,4,1596,1,14,-1,-1,-1
2018430057500,1,9,0,3,0,0,0,0,0,0,1,1,2,1,50,8,2143,2,4,9,3,9
2018430057500,2,9,0,3,0,0,0,0,0,0,2,1,6,2,45,7,1242,1,9,8,1,8
2018430057510,1,9,0,9,0,6,0,0,0,0,1,1,6,1,64,9,2199,2,8,8,2,8
2018430057510,2,9,0,18,0,8,0,0,0,0,4,1,6,1,41,7,1400,2,11,5,1,5
2018430057579,1,9,0,18,0,1,1,0,3,0,1,1,6,1,32,6,1968,2,8,9,1,9
2018430057584,1,9,0,18,0,0,0,0,0,0,1,1,3,2,37,7,-1,-1,-1,8,3,8
2018430057584,2,9,0,18,0,0,0,0,0,0,1,1,3,2,45,7,1968,2,5,5,3,5
2018430057654,1,9,0,13,0,1,0,0,0,0,4,1,6,3,-1,-1,-1,-1,-1,-1,-1,-1
2018430057654,2,1,0,18,0,1,0,0,0,0,3,1,4,2,13,3,-1,-1,-1,5,1,5
2018430057730,1,19,0,18,0,1,0,10,3,1,1,1,1,1,47,8,1560,2,2,5,1,5
2018430058275,1,9,0,9,0,0,0,0,0,0,1,1,6,1,60,9,-1,-1,-1,-1,-1,-1
2018430058275,2,1,0,18,0,0,0,0,0,0,2,1,6,2,42,7,-1,-1,-1,5,1,5
2018430058483,1,9,0,6,0,0,0,0,0,0,3,1,6,1,30,6,1896,2,15,-1,-1,-1
2018430058483,2,1,0,13,0,0,1,0,0,0,1,1,6,1,-1,-1,-1,-1,-1,5,1,5
2018430058990,1,9,0,16,0,0,2,0,1,9,1,1,1,1,21,5,1149,1,12,8,3,8
2018430059643,1,9,0,18,0,0,0,0,0,0,1,1,6,3,-1,-1,-1,-1,-1,-1,-1,-1
2018430059643,2,1,0,18,0,0,0,0,0,0,2,1,6,1,43,7,-1,-1,-1,4,1,4
2018430059862,1,9,0,18,0,0,0,0,0,0,1,1,6,1,21,5,1360,1,12,10,1,10
2018430059862,2,9,0,18,0,0,0,0,0,0,2,1,6,1,36,7,1956,2,9,1,1,1
2018430060246,1,21,0,18,0,0,0,0,0,0,3,1,1,1,27,6,6693,2,5,1,1,1
2018430060302,1,9,0,9,0,1,0,0,0,0,3,1,1,2,39,7,1329,1,4,2,1,2
2018430060302,2,9,0,3,0,1,0,0,0,0,1,1,3,1,33,6,1988,1,15,4,1,4
2018430060393,1,19,0,3,0,8,0,0,0,0,4,1,6,1,29,6,2198,2,11,9,3,9
2018430060393,2,9,0,18,0,8,0,0,0,0,1,1,6,3,-1,-1,-1,-1,-1,-1,-1,-1
2018430060426,1,9,0,1,0,0,0,0,0,0,0,1,6,2,49,8,2993,2,3,10,1,10
2018430060426,2,9,0,18,0,0,0,0,0,0,0,1,6,1,66,10,1968,2,1,-1,-1,-1
2018430060426,3,9,0,18,0,0,0,0,0,0,0,1,6,2,-1,-1,-1,-1,-1,9,1,9
2018430060853,1,9,0,18,0,4,0,0,0,0,4,1,6,1,29,6,1124,1,14,3,1,3
2018430060853,2,1,0,9,0,8,0,0,0,0,1,1,6,1,42,7,-1,-1,-1,4,1,4
2018430060864,1,9,0,18,0,4,0,0,0,0,1,1,6,1,40,7,-1,-1,-1,-1,-1,-1
2018430060864,2,1,0,18,0,8,0,0,0,0,4,1,6,1,45,7,-1,-1,-1,10,1,10
2018430060973,1,9,0,18,0,0,0,0,0,0,2,1,6,1,61,9,998,1,9,5,1,5
2018430060973,2,9,0,12,0,0,0,0,0,0,3,1,6,1,-1,-1,1248,1,5,-1,-1,-1
2018430060973,3,9,0,18,0,0,0,0,0,0,1,1,6,1,-1,-1,1896,2,13,-1,-1,-1
2018430061321,1,11,0,18,0,0,0,0,0,0,1,1,1,1,43,7,8268,2,16,4,1,4
2018430061321,2,9,0,2,0,0,0,0,1,0,2,1,6,1,42,7,1968,2,6,5,1,5
2018430061531,1,9,0,6,0,6,0,0,0,0,3,1,6,2,26,6,-1,-1,-1,10,2,10
2018430061531,2,5,0,18,0,8,0,0,0,0,1,1,6,1,59,9,1078,1,8,10,1,10
2018430061535,1,9,0,18,0,0,0,0,1,2,1,1,6,2,65,9,1598,1,7,7,1,7
2018430061550,1,9,0,9,0,6,0,0,0,0,1,1,6,2,28,6,1390,1,13,3,1,3
2018430061560,1,9,0,18,0,0,2,0,7,0,1,1,1,1,64,9,1360,1,10,6,3,6
2018430061725,1,9,0,9,0,5,0,0,0,0,4,1,6,2,40,7,-1,-1,-1,-1,-1,-1
2018430061725,2,1,0,15,4,1,0,0,0,0,1,1,6,1,-1,-1,-1,-1,-1,5,1,5
2018430061764,1,8,0,5,0,0,0,0,0,0,0,1,1,1,-1,-1,-1,-1,-1,-1,-1,-1
2018430062575,1,9,0,4,0,0,0,0,0,0,1,1,6,1,31,6,-1,-1,-1,7,1,7
2018430062575,2,9,0,3,0,0,0,0,0,0,2,1,6,2,61,9,1398,1,17,2,1,2
2018430062575,3,9,0,3,0,0,0,0,0,0,2,1,6,1,34,6,1390,1,6,10,1,10
2018430062575,4,9,0,3,0,0,0,0,0,0,2,1,6,2,67,10,1388,1,7,-1,-1,-1
2018430062654,1,9,0,18,0,0,0,0,0,0,0,1,6,1,-1,-1,1995,2,2,10,1,10
2018430062654,2,9,0,18,0,0,0,0,0,0,1,1,2,2,28,6,1796,1,14,10,2,10
2018430062654,3,9,0,18,0,0,0,0,0,0,2,1,6,1,-1,-1,1595,2,8,8,1,8
2018430062704,1,9,0,9,0,8,0,0,0,0,4,1,2,2,23,5,1995,2,5,5,1,5
2018430062704,2,3,0,18,0,1,0,0,0,0,1,1,2,1,23,5,-1,-1,-1,5,1,5
2018430062705,1,9,0,18,0,0,0,4,0,0,1,1,6,1,46,8,1339,1,14,6,1,6
2018430062854,1,19,0,9,0,6,0,0,0,0,4,1,6,3,-1,-1,-1,-1,-1,-1,-1,-1
2018430062854,2,1,0,9,0,5,0,0,0,0,3,1,6,1,-1,-1,-1,-1,-1,10,1,10
2018430063729,1,1,0,12,0,0,0,0,0,0,2,1,2,1,27,6,-1,-1,-1,5,1,5
2018430063729,2,9,0,18,0,0,0,0,0,0,1,1,2,2,65,9,1591,1,3,8,1,8
2018430063817,1,9,0,1,0,0,0,0,0,0,2,1,6,2,69,10,1956,2,3,6,1,6
2018430063881,1,9,0,9,0,6,0,0,0,0,3,1,6,2,36,7,-1,-1,-1,-1,-1,-1
2018430063881,2,19,0,18,0,1,0,0,0,0,1,1,6,1,20,4,1598,2,1,1,1,1
2018430063881,3,19,0,3,0,1,0,0,0,0,2,1,6,1,37,7,2198,2,5,-1,-1,-1
2018430063895,1,19,0,18,0,0,0,0,0,0,1,1,6,1,-1,-1,1968,2,5,-1,-1,-1
2018430063895,2,9,0,3,0,0,0,0,0,0,2,1,6,1,55,8,2995,8,3,10,-1,10
2018430063940,1,9,0,18,0,0,0,0,1,0,1,1,6,1,18,4,1229,1,12,7,1,7
2018430063940,2,9,0,2,0,0,0,0,0,0,2,1,6,3,-1,-1,-1,-1,-1,-1,-1,-1
2018430064403,1,9,0,17,0,0,1,0,0,0,1,1,6,2,49,8,1896,2,11,9,2,9
2018430064403,2,9,0,16,0,0,1,0,0,0,1,1,6,1,59,9,-1,-1,-1,9,3,9
2018430064596,1,9,0,16,0,1,2,0,7,4,4,1,2,2,35,6,-1,-1,-1,10,3,10
2018430064844,1,9,0,7,0,3,0,0,0,0,1,1,6,2,32,6,1598,1,6,9,1,9
2018430064869,1,9,0,18,0,0,0,0,0,0,1,1,2,2,59,9,1995,2,2,-1,-1,-1
2018430064869,2,9,0,3,0,0,0,0,0,0,2,1,2,2,45,7,1997,1,-1,10,1,10
2018430064869,3,9,0,3,0,0,0,0,0,0,2,1,6,1,68,10,2495,1,16,9,1,9
2018430064880,1,9,0,18,0,0,1,0,0,0,1,1,6,1,36,7,1998,1,1,8,1,8
2018430064895,1,9,0,9,0,8,0,0,0,0,1,1,6,1,44,7,1956,2,8,4,1,4
2018430064895,2,9,0,18,0,1,0,0,0,0,1,1,6,2,27,6,1598,2,4,5,2,5
2018430065018,1,9,0,18,0,8,0,0,0,0,4,1,6,1,-1,-1,-1,-1,-1,-1,-1,-1
2018430065018,2,9,0,1,0,8,0,0,0,0,2,1,6,1,31,6,1597,2,1,7,1,7
2018430065237,1,9,0,17,0,0,0,0,2,10,1,1,6,1,37,7,-1,-1,-1,3,1,3
2018430065744,1,9,0,17,0,0,1,0,0,0,1,1,6,1,62,9,1587,1,15,10,1,10
2018430065744,2,9,0,18,0,0,0,0,0,0,1,1,6,1,57,9,-1,-1,-1,9,3,9
2018430065772,1,19,4,18,0,1,2,7,1,1,1,1,6,1,29,6,2446,2,20,6,3,6
2018430065772,2,9,0,3,0,1,0,0,0,0,2,1,6,2,58,9,1995,2,5,8,3,8
2018430065951,1,9,0,5,0,0,0,0,0,0,1,1,6,1,40,7,2987,2,1,9,3,9
2018430066955,1,3,0,18,0,0,1,4,0,0,1,1,2,1,20,4,125,1,5,9,1,9
2018430066955,2,9,0,2,0,0,0,0,0,0,2,1,6,3,-1,-1,2435,1,13,10,3,10
2018430067049,1,9,0,17,0,8,2,0,1,3,4,1,6,2,25,5,1997,2,9,7,1,7
2018430067070,1,9,0,18,0,2,0,0,0,0,1,1,6,1,50,8,-1,-1,-1,-1,-1,-1
2018430067070,2,9,0,18,0,1,0,0,0,0,1,1,6,1,35,6,1896,2,15,3,1,3
2018430067141,1,9,0,18,0,0,0,10,7,10,1,1,6,2,53,8,1991,8,2,8,3,8
2018430067423,1,9,0,3,0,8,0,0,0,0,2,1,1,2,30,6,2204,2,10,6,1,6
2018430067423,2,9,0,18,0,8,1,0,0,0,1,1,6,2,-1,-1,-1,-1,-1,-1,-1,-1
2018430067556,1,9,0,9,0,6,0,0,0,0,1,1,6,2,23,5,1995,2,5,9,3,9
2018430067556,2,19,0,18,0,8,0,0,0,0,4,1,1,2,23,5,2143,2,3,9,3,9
2018430067741,1,9,0,18,0,0,1,0,5,6,3,1,2,1,38,7,1242,1,1,6,1,6
2018430068093,1,5,0,18,0,0,0,0,7,4,1,1,6,1,20,4,689,1,1,5,1,5
2018430068199,1,9,0,16,0,0,1,0,0,0,1,1,2,2,54,8,1242,1,11,5,1,5
2018430068199,2,8,0,18,0,0,0,0,1,10,1,1,1,1,53,8,1968,2,4,3,1,3
2018430068335,1,21,0,5,0,0,0,0,0,0,2,1,1,1,55,8,-1,-1,-1,6,1,6
2018430068335,2,19,0,18,0,0,2,0,4,6,4,1,1,1,54,8,-1,-1,-1,9,3,9
2018430068598,1,9,0,18,0,8,0,0,0,0,3,1,6,3,-1,-1,-1,-1,-1,-1,-1,-1
2018430068598,2,9,0,18,0,8,0,0,0,0,4,1,6,1,33,6,2979,1,14,3,1,3
2018430068704,1,19,0,1,0,0,0,0,0,0,2,1,6,1,-1,-1,1598,2,5,-1,-1,-1
2018430068704,2,9,0,2,0,0,0,0,0,0,2,1,6,1,26,6,1995,2,11,3,1,3
2018430069198,1,11,0,16,0,0,0,0,0,0,3,1,1,1,62,9,-1,2,19,3,1,3
2018430069198,2,20,0,17,0,0,0,0,0,0,3,1,2,1,46,8,-1,-1,-1,8,1,8
2018430069498,1,9,0,18,0,1,0,0,0,0,1,1,6,1,20,4,1998,1,13,-1,-1,-1
2018430069498,2,9,0,3,0,1,0,0,0,0,2,1,6,2,29,6,-1,-1,-1,3,1,3
2018430069510,1,9,0,18,0,1,0,0,0,0,1,1,6,1,-1,-1,999,1,4,-1,-1,-1
2018430069510,2,9,0,3,0,1,0,0,0,0,2,1,6,1,47,8,1900,2,13,5,1,5
2018430069521,1,9,0,6,0,0,0,0,0,0,4,1,6,2,30,6,1596,1,14,4,1,4
2018430069521,2,9,0,18,0,0,0,0,0,0,1,1,6,2,76,11,1598,1,13,5,1,5
2018430069534,1,9,0,9,0,8,0,0,1,0,1,1,6,1,78,11,1493,2,10,9,1,9
2018430069534,2,9,0,18,0,1,0,0,0,0,1,1,1,1,48,8,1329,1,6,7,1,7
2018430069551,1,9,0,18,0,0,1,0,0,0,3,1,6,2,55,8,1560,2,9,10,2,10
2018430069551,2,9,0,18,0,0,1,0,1,0,3,1,1,1,45,7,1968,2,2,9,1,9
2018430069555,1,9,0,17,0,8,1,0,1,10,1,1,2,1,40,7,-1,-1,-1,7,3,7
2018430069566,1,9,0,16,0,0,1,0,0,0,3,1,6,1,25,5,1896,2,10,7,1,7
2018430069566,2,9,0,17,0,0,0,0,0,0,3,1,6,1,27,6,2143,2,3,6,1,6
2018430069566,3,9,0,2,0,0,0,0,0,0,3,1,6,1,35,6,1229,1,5,10,1,10
2018430069571,1,21,0,4,0,2,0,0,0,0,1,1,1,1,49,8,4500,2,11,8,2,8
2018430069571,2,9,0,8,0,8,0,0,0,0,2,1,6,2,33,6,-1,-1,-1,4,1,4
2018430069575,1,19,0,5,0,8,0,0,0,0,1,1,6,1,50,8,1968,2,-1,-1,-1,-1
2018430069575,2,9,0,5,0,8,0,0,0,0,2,1,1,2,17,4,1242,1,2,9,3,9
2018430069581,1,9,0,18,0,0,1,0,0,0,1,1,6,1,83,11,1598,1,11,3,1,3
2018430069581,2,9,0,3,0,0,0,0,0,0,2,1,6,1,31,6,1686,2,14,2,1,2
2018430069581,3,9,0,3,0,0,0,0,0,0,2,1,6,1,-1,-1,1364,1,11,7,1,7
2018430069595,1,19,0,13,0,1,0,0,0,0,3,1,6,1,35,6,-1,-1,-1,-1,-1,-1
2018430069595,2,1,0,4,0,1,0,0,0,0,2,1,2,1,23,5,-1,-1,-1,-1,-1,-1
2018430069604,1,19,0,7,0,5,0,10,0,0,1,1,1,1,72,10,2143,2,7,7,3,7
2018430069615,1,9,0,18,0,4,0,0,0,0,1,1,6,2,42,7,998,1,4,7,1,7
2018430069615,2,9,0,9,0,8,0,0,0,0,1,1,6,1,36,7,999,1,2,9,2,9
2018430069615,3,9,0,3,0,1,0,0,0,0,3,1,6,1,72,10,998,1,2,9,2,9
2018430069623,1,9,0,16,0,0,1,0,0,0,1,1,6,2,44,7,2987,2,3,10,3,10
2018430069623,2,9,0,17,0,0,0,0,0,0,1,1,6,2,51,8,1968,2,2,10,1,10
2018430069646,1,9,0,16,0,0,1,0,0,0,1,1,6,1,23,5,1199,1,16,9,3,9
2018430069646,2,9,0,3,0,0,0,0,0,0,1,1,6,1,40,7,-1,-1,-1,5,3,5
2018430069649,1,9,0,18,0,4,0,0,0,0,1,1,2,2,27,6,1461,2,2,9,1,9
2018430069649,2,9,0,18,0,8,0,0,0,0,4,1,6,1,63,9,2179,2,10,5,1,5
2018430069676,1,20,0,18,0,0,0,0,0,0,1,1,1,1,25,5,2143,2,4,3,1,3
2018430069676,2,9,0,3,0,0,0,0,0,0,2,1,6,1,63,9,999,1,1,9,2,9
2018430069692,1,8,0,9,0,6,0,0,0,0,1,1,1,1,32,6,1956,2,5,9,-1,9
2018430069692,2,9,0,18,0,1,0,0,0,0,4,1,6,1,69,10,1997,2,14,4,1,4
2018430069696,1,9,0,18,0,7,0,0,0,0,1,1,6,2,68,10,999,1,2,6,3,6
2018430069696,2,3,0,3,0,7,0,0,0,0,2,1,6,2,20,4,125,1,7,7,3,7
2018430069702,1,9,0,15,0,0,0,0,0,0,3,1,1,2,26,6,1968,2,4,9,1,9
2018430069702,2,1,0,15,0,0,0,0,0,0,4,1,6,1,73,10,-1,-1,-1,6,2,6
2018430069708,1,1,0,18,0,8,1,0,0,0,3,1,6,1,47,8,-1,-1,-1,8,1,8
2018430069708,2,9,0,9,0,6,0,0,0,0,1,1,6,1,-1,-1,-1,-1,-1,-1,-1,-1
2018430069772,1,9,0,17,0,0,1,0,0,0,3,1,6,1,77,11,1991,1,18,9,3,9
2018430069772,2,9,0,16,0,0,0,0,0,0,1,1,6,2,69,10,-1,-1,-1,-1,-1,-1
2018430069808,1,9,0,5,0,0,0,0,0,0,3,1,6,1,21,5,999,1,3,5,-1,5
2018430069808,2,9,0,18,0,0,0,0,0,0,3,1,6,1,20,4,-1,-1,-1,-1,-1,-1
2018430069948,1,9,0,2,0,0,0,0,0,0,3,1,6,1,-1,-1,-1,-1,-1,8,1,8
2018430069948,2,1,0,18,0,0,0,8,0,0,1,1,6,2,-1,-1,-1,-1,-1,-1,-1,-1
2018430069986,1,9,0,18,0,0,1,10,1,3,1,1,6,1,25,5,998,1,2,10,1,10
2018430070499,1,9,0,18,0,1,0,0,0,0,1,1,6,2,39,7,1968,2,1,-1,-1,-1
2018430070499,2,9,0,10,0,1,0,0,0,0,2,1,6,2,66,10,1390,1,4,8,1,8
2018430070502,1,9,0,9,0,5,0,0,1,9,1,1,6,2,31,6,1398,1,3,10,1,10
2018430070502,2,9,0,18,0,8,2,0,1,9,1,1,6,1,77,11,1950,2,-1,-1,-1,-1
2018430070670,1,9,0,18,0,2,1,0,0,0,1,1,6,1,25,5,-1,-1,-1,-1,-1,-1
2018430070776,1,9,0,18,0,0,0,0,0,0,2,1,6,1,40,7,1997,2,7,7,1,7
2018430070776,2,9,0,18,0,0,1,0,0,0,1,1,6,1,-1,-1,1149,1,16,-1,-1,-1
2018430070823,1,21,0,4,0,0,0,0,0,0,1,1,1,1,62,9,-1,-1,-1,-1,-1,-1
2018430070823,2,9,0,4,0,0,0,0,0,0,2,1,6,1,41,7,-1,-1,-1,-1,-1,-1
2018430070823,3,9,0,4,0,0,0,0,0,0,2,1,6,1,34,6,2987,2,10,-1,-1,-1
2018430070823,4,9,0,4,0,0,0,0,0,0,2,1,6,1,88,11,1999,1,12,-1,1,-1
2018430070871,1,9,0,17,0,0,2,10,0,0,1,1,6,1,28,6,1560,2,7,3,1,3
2018430070884,1,9,0,18,0,0,2,0,5,6,3,1,6,1,29,6,1998,1,14,4,1,4
2018430070884,2,9,0,18,0,0,1,0,2,7,4,1,6,1,34,6,-1,-1,-1,7,1,7
2018430070911,1,9,0,12,0,0,0,0,0,0,2,1,6,3,-1,-1,-1,-1,-1,-1,-1,-1
2018430070911,2,9,0,3,0,0,0,0,0,0,2,1,6,2,20,4,998,1,17,8,1,8
2018430070911,3,9,0,3,0,0,0,0,0,0,2,1,6,1,19,4,2967,2,2,4,1,4
2018430070911,4,9,0,4,0,0,0,0,0,0,1,1,6,1,36,7,1388,1,13,9,1,9
2018430070927,1,9,0,9,0,6,1,0,0,0,4,1,6,1,26,6,1149,1,18,2,1,2
2018430070927,2,9,0,18,0,1,0,0,0,0,3,1,6,1,26,6,1242,1,9,2,1,2
2018430070947,1,1,0,18,0,8,0,0,0,0,4,1,2,1,65,9,-1,-1,-1,-1,-1,-1
2018430070947,2,9,0,7,0,6,0,0,0,0,1,1,6,1,-1,-1,1995,2,4,-1,-1,-1
2018430070948,1,9,0,16,0,0,0,0,0,0,1,1,6,1,26,6,1598,1,16,3,1,3
2018430070968,1,9,0,9,0,6,0,0,0,0,3,1,6,1,43,7,2387,2,10,10,1,10
2018430070968,2,9,0,7,0,1,1,0,0,0,1,1,6,1,29,6,1991,2,11,-1,-1,-1
2018430070995,1,9,0,18,0,0,1,0,1,7,1,1,6,2,23,5,2494,1,17,4,1,4
2018430071262,1,21,0,18,0,0,0,0,1,4,1,1,1,1,65,9,12742,2,1,-1,-1,-1
2018430072115,1,9,0,4,0,1,1,0,0,0,1,1,2,2,30,6,-1,-1,-1,-1,-1,-1
2018430072115,2,8,0,3,0,1,0,0,0,0,2,1,6,1,38,7,1497,8,10,-1,-1,-1
2018430072139,1,9,0,11,0,0,0,0,0,0,1,1,6,1,55,8,1896,2,14,-1,-1,-1
2018430072139,2,9,0,18,0,0,0,0,0,0,2,1,6,1,-1,-1,-1,-1,-1,-1,-1,-1
2018430072209,1,9,0,17,0,0,2,10,7,0,1,1,2,1,40,7,1995,2,1,5,1,5
2018430072212,1,9,0,18,0,1,0,0,0,0,1,1,1,2,20,4,1242,1,3,7,1,7
2018430072212,2,9,0,9,0,1,0,0,0,0,2,1,6,1,22,5,1398,1,2,9,1,9
2018430072327,1,9,0,1,0,8,0,0,0,0,2,1,6,1,-1,-1,-1,-1,-1,-1,-1,-1
2018430073995,1,19,0,1,0,1,0,0,0,0,2,1,6,1,39,7,-1,-1,-1,4,1,4
2018430074831,1,9,0,5,0,4,0,0,0,0,1,1,6,1,33,6,1799,1,11,9,1,9
2018430074831,2,2,0,9,0,8,0,0,0,0,4,1,6,1,17,4,49,1,2,1,1,1
2018430075059,1,9,0,17,0,0,1,0,1,4,1,1,6,1,39,7,1988,1,15,6,2,6
2018430075088,1,9,0,3,0,0,0,0,0,0,1,1,6,2,35,6,1390,1,19,-1,-1,-1
2018430075088,2,9,0,3,0,0,0,0,0,0,2,1,6,1,40,7,-1,-1,-1,3,1,3
2018430075160,1,9,0,13,0,0,5,0,1,4,3,1,2,2,19,4,1360,1,17,7,3,7
2018430075163,1,19,0,18,0,1,0,0,0,0,1,1,2,1,26,6,1686,2,7,6,1,6
2018430075163,2,9,0,3,0,1,0,0,0,0,2,1,2,2,53,8,1493,2,9,8,1,8
2018430075175,1,9,0,18,0,8,1,0,0,11,1,1,6,1,19,4,998,1,4,4,1,4
2018430075194,1,9,0,18,0,0,2,0,7,4,3,1,6,2,34,6,1229,1,13,7,3,7
2018430075201,1,9,0,18,0,1,0,0,0,0,2,1,6,2,60,9,1596,1,4,-1,-1,-1
2018430075201,2,3,0,18,0,1,1,0,0,0,1,1,6,1,41,7,124,1,5,10,1,10
2018430075204,1,1,0,18,2,8,0,0,0,0,3,1,2,1,20,4,-1,-1,-1,10,1,10
2018430075204,2,9,0,7,0,5,0,0,0,0,4,1,6,1,30,6,-1,-1,-1,-1,-1,-1
2018430075229,1,9,0,1,0,0,0,0,0,0,2,1,3,1,39,7,-1,-1,-1,-1,-1,-1
2018430075232,1,9,0,18,0,0,2,0,1,0,1,1,2,1,40,7,1360,1,14,8,3,8
2018430075232,2,2,0,18,0,0,0,0,0,0,0,1,6,3,-1,-1,-1,-1,-1,-1,-1,-1
2018430075233,1,9,0,9,0,8,0,0,0,0,4,1,6,2,35,6,2497,1,12,7,1,7
2018430075233,2,9,0,18,0,1,0,0,0,0,1,1,6,1,26,6,1398,1,2,9,2,9
2018430075258,1,9,0,7,0,6,0,0,0,0,3,1,6,2,19,4,1149,1,6,10,2,10
2018430075258,2,9,0,18,0,8,0,0,0,0,1,1,6,2,72,10,1248,1,2,9,1,9
2018430075272,1,9,0,9,0,8,0,0,0,0,1,1,6,2,42,7,1997,2,5,7,3,7
2018430075272,2,9,0,5,0,8,0,0,0,0,2,1,6,2,23,5,-1,-1,-1,9,1,9
2018430075272,3,9,0,3,0,8,0,0,0,0,2,1,6,1,52,8,-1,-1,-1,-1,-1,-1