Accident_Index,Vehicle_Reference,Vehicle_Type,Towing_and_Articulation,Vehicle_Manoeuvre,Vehicle_Location-Restricted_Lane,Junction_Location,Skidding_and_Overturning,Hit_Object_in_Carriageway,Vehicle_Leaving_Carriageway,Hit_Object_off_Carriageway,1st_Point_of_Impact,Was_Vehicle_Left_Hand_Drive?,Journey_Purpose_of_Driver,Sex_of_Driver,Age_of_Driver,Age_Band_of_Driver,Engine_Capacity_(CC),Propulsion_Code,Age_of_Vehicle,Driver_IMD_Decile,Driver_Home_Area_Type,Vehicle_IMD_Decile
2018430092477,2,9,0,2,0,0,0,0,0,0,3,1,6,2,21,5,1364,1,10,-1,-1,-1
2018430092489,1,1,0,18,0,8,0,0,0,0,4,1,6,1,25,5,-1,-1,-1,-1,-1,-1
2018430092489,2,8,0,18,0,4,0,0,0,0,3,1,1,1,-1,-1,-1,-1,-1,-1,-1,-1
2018430092510,1,9,0,18,0,1,0,0,0,0,1,1,6,2,74,10,999,1,2,6,3,6
2018430092510,2,9,0,9,0,1,0,0,0,0,2,1,2,2,23,5,1968,2,9,8,1,8
2018430092577,1,9,0,7,0,4,0,0,0,0,1,1,6,1,85,11,1388,1,9,5,1,5
2018430092577,2,1,0,18,0,8,0,0,0,0,4,1,2,1,36,7,-1,-1,-1,3,1,3
2018430092604,1,1,0,15,0,0,1,0,0,0,3,1,6,1,43,7,-1,-1,-1,9,2,9
2018430092604,2,9,0,5,0,0,0,0,0,0,4,1,6,1,-1,-1,-1,-1,-1,-1,-1,-1
2018430092612,1,21,1,18,0,0,1,0,7,9,1,1,1,1,27,6,-1,-1,-1,9,1,9
2018430092612,2,9,0,18,0,0,0,0,1,4,1,1,6,2,51,8,2191,2,4,10,1,10
2018430092622,1,9,0,18,0,0,0,0,0,0,1,1,6,2,26,6,1596,1,13,4,1,4
2018430092622,2,9,0,3,0,0,0,0,0,0,2,1,6,2,45,7,1198,1,7,4,1,4
2018430093053,1,9,0,18,0,1,0,0,0,0,1,1,2,2,56,9,-1,-1,-1,9,1,9
2018430093053,2,1,0,9,0,1,0,0,0,0,2,1,2,2,35,6,-1,-1,-1,10,1,10
2018430093158,1,1,0,18,0,0,0,0,0,0,1,1,4,1,13,3,-1,-1,-1,9,1,9
2018430093166,1,9,4,13,0,0,0,0,0,0,4,1,6,3,56,9,2199,2,4,9,3,9
2018430093166,2,1,0,18,0,0,0,0,0,0,1,1,2,1,34,6,-1,-1,-1,9,2,9
2018430093581,1,9,0,7,0,6,0,0,0,0,2,1,6,2,50,8,1995,2,2,9,3,9
2018430093581,2,9,0,18,0,8,0,0,0,0,1,1,6,2,50,8,998,1,4,7,3,7
2018430093591,1,9,0,2,0,1,0,0,0,0,3,1,6,2,46,8,1329,1,3,10,1,10
2018430093591,2,1,0,18,0,1,0,8,0,0,4,1,6,1,76,11,-1,-1,-1,-1,-1,-1
2018430093723,1,9,0,5,0,0,0,0,0,0,4,1,6,1,57,9,1598,2,2,10,1,10
2018430093723,2,9,0,18,0,0,0,0,0,0,3,1,6,1,80,11,1386,1,11,10,1,10
2018430093791,1,9,0,18,0,0,1,0,0,0,2,1,6,1,20,4,998,1,5,6,1,6
2018430093791,2,9,0,18,0,0,1,0,0,0,2,1,6,2,45,7,1968,2,6,8,1,8
2018430093791,3,9,0,18,0,0,1,0,0,0,1,1,6,2,22,5,-1,-1,-1,9,1,9
2018430093791,4,9,0,18,0,0,1,0,0,0,1,1,6,1,-1,-1,-1,-1,-1,3,1,3
2018430093791,5,9,0,18,0,0,1,0,0,0,1,1,6,1,31,6,1995,2,4,5,1,5
2018430093791,6,9,0,18,0,0,1,0,0,0,1,1,6,1,43,7,2179,2,6,-1,-1,-1
2018430093791,7,9,0,18,0,0,1,0,0,0,1,1,6,1,65,9,-1,-1,-1,7,3,7
2018430093836,1,9,0,16,0,0,1,0,0,0,0,1,6,3,-1,-1,-1,-1,-1,-1,-1,-1
2018430093836,2,9,0,16,0,0,1,0,4,4,1,1,6,1,34,6,2199,2,9,3,1,3
2018430094227,1,9,0,18,0,0,0,0,0,0,4,1,6,1,50,8,2995,1,1,10,3,10
2018430094227,2,8,0,18,0,0,0,0,1,10,3,1,1,2,48,8,1997,2,5,10,1,10
2018430094398,1,9,0,18,0,0,2,0,1,4,1,1,6,2,29,6,1242,1,4,10,-1,10
2018430094658,1,9,0,18,0,0,0,0,0,0,1,1,1,1,35,6,-1,-1,-1,3,1,3
2018430094658,2,9,0,3,0,0,0,0,0,0,2,1,6,1,59,9,1968,2,2,7,1,7
2018430094658,3,19,0,3,0,0,0,0,0,0,2,1,1,1,48,8,2143,2,5,4,1,4
2018430094779,1,9,0,18,0,1,1,10,2,11,1,1,6,1,18,4,999,1,17,5,1,5
2018430094791,1,9,0,18,0,3,0,0,0,0,2,1,6,1,34,6,1461,2,1,10,1,10
2018430094791,2,1,0,18,0,4,0,0,0,0,1,1,6,1,18,4,-1,-1,-1,8,2,8
2018430094802,1,9,0,18,0,0,0,0,0,0,1,1,6,1,53,8,2993,2,3,8,1,8
2018430094818,1,9,0,17,0,2,0,0,1,4,1,1,6,2,75,10,1997,2,9,-1,-1,-1
2018430094823,1,8,0,18,0,2,0,0,0,0,1,1,1,1,45,7,-1,-1,-1,7,1,7
2018430094823,2,9,0,3,0,2,0,0,0,0,2,1,3,1,47,8,1364,1,10,1,1,1
2018430094823,3,9,0,3,0,2,0,0,0,0,2,1,2,1,31,6,999,1,1,1,1,1
2018430094823,4,9,0,3,0,2,0,0,0,0,2,1,2,2,40,7,1499,1,3,2,1,2
2018430094853,1,9,0,9,0,6,0,0,0,0,3,1,2,2,61,9,1798,1,11,2,1,2
2018430094853,2,9,0,18,0,1,0,0,0,0,1,1,6,1,35,6,1997,2,11,9,1,9
2018430094858,1,9,0,18,0,0,0,0,0,0,1,1,6,2,80,11,1598,1,8,10,1,10
2018430094863,1,9,0,18,0,1,0,0,0,0,4,1,2,1,41,7,2143,2,6,-1,-1,-1
2018430094877,1,19,0,16,0,1,1,0,7,11,1,2,6,1,52,8,5654,1,6,3,1,3
2018430094947,1,9,0,18,0,4,0,0,0,0,1,1,6,1,-1,-1,1798,1,6,-1,-1,-1
2018430094947,2,1,0,18,0,8,0,0,0,0,4,1,6,1,17,4,-1,-1,-1,10,2,10
2018430095063,1,9,0,1,0,1,0,0,0,0,2,1,6,1,-1,-1,-1,-1,-1,-1,-1,-1
2018430095063,2,9,0,3,0,1,0,0,0,0,0,1,2,1,35,6,-1,-1,-1,6,3,6
2018430095095,1,9,0,18,0,8,0,0,0,0,4,1,6,2,-1,-1,1587,1,14,4,1,4
2018430095095,2,9,0,9,0,6,0,0,0,0,1,1,6,1,-1,-1,1769,1,13,-1,-1,-1
2018430095715,1,9,0,18,0,0,0,0,0,0,1,1,6,1,86,11,1197,1,4,7,3,7
2018430095715,2,9,0,3,0,0,0,0,0,0,2,1,2,1,60,9,-1,-1,-1,10,3,10
2018430095715,3,9,0,3,0,0,0,0,0,0,2,1,6,2,27,6,1995,2,6,5,1,5
2018430096085,1,9,0,18,0,8,1,0,7,0,1,1,6,1,74,10,1364,1,2,5,1,5
2018430096085,2,9,0,9,0,5,1,0,0,0,3,1,6,2,17,4,1461,2,16,8,3,8
2018430096287,1,9,0,18,0,1,0,0,0,0,1,1,6,1,-1,-1,1364,1,1,-1,-1,-1
2018430096287,2,9,0,10,0,8,0,0,0,0,2,1,6,2,52,8,1332,1,8,-1,-1,-1
2018430096992,1,9,0,18,0,0,0,0,0,0,1,1,6,1,19,4,1248,2,3,9,3,9
2018430096992,2,9,0,18,0,0,0,0,0,0,1,1,6,2,60,9,1368,1,7,9,3,9
2018430097547,1,9,0,7,0,1,0,7,0,0,1,1,6,1,24,5,1984,1,12,-1,-1,-1
2018430097547,2,9,0,7,0,1,0,7,0,0,2,1,6,2,28,6,1390,1,10,5,1,5
2018430097664,1,9,0,18,0,0,0,0,0,0,1,1,6,2,47,8,1995,2,7,8,1,8
2018430098080,1,9,0,16,0,0,0,0,7,4,1,1,2,1,46,8,1296,1,11,5,1,5
2018430098409,1,9,0,9,0,6,0,0,0,0,3,1,6,2,79,11,1061,1,13,2,1,2
2018430098409,2,9,0,18,0,1,0,0,0,0,1,1,6,1,62,9,1086,1,15,2,1,2
2018430098760,1,19,0,7,0,6,0,0,0,0,3,1,1,1,33,6,2143,2,1,9,1,9
2018430098760,2,9,0,18,0,1,0,0,0,0,4,1,6,2,74,10,-1,-1,-1,8,1,8
2018430098760,3,9,0,18,0,1,0,0,0,0,3,1,6,2,60,9,1999,2,-1,10,2,10
2018430099042,1,9,0,5,0,8,0,0,0,0,3,1,1,1,39,7,-1,-1,-1,4,1,4
2018430099042,2,9,0,18,0,1,1,0,0,0,1,1,6,1,39,7,1618,1,2,4,1,4
2018430099103,1,9,0,18,0,4,0,0,0,0,1,1,6,2,50,8,-1,-1,-1,10,3,10
2018430099103,2,1,0,9,0,8,0,0,0,0,2,1,2,1,41,7,-1,-1,-1,10,1,10
2018430099145,1,9,0,18,0,1,0,0,0,0,1,1,6,1,-1,-1,2184,2,17,-1,-1,-1
2018430099145,2,9,0,3,0,1,0,0,0,0,2,1,6,2,27,6,1997,2,3,10,1,10
2018430099150,1,9,0,18,0,8,0,0,0,0,3,1,6,1,37,7,1968,2,5,3,1,3
2018430099150,2,9,0,7,0,6,0,0,0,0,1,1,6,1,45,7,1598,2,-1,-1,-1,-1
2018430100068,1,9,0,6,0,8,0,0,0,0,0,1,1,2,-1,-1,-1,-1,-1,10,2,10
2018430100068,2,4,0,18,0,8,1,0,0,0,3,1,2,1,22,5,249,1,9,8,2,8
2018430100075,1,1,0,18,0,6,0,0,0,0,1,1,4,1,11,3,-1,-1,-1,4,1,4
2018430100075,2,9,0,7,0,6,0,0,0,0,4,1,6,1,-1,-1,-1,-1,-1,-1,-1,-1
2018430100083,1,9,0,18,0,8,0,10,0,0,3,1,6,2,39,7,2199,2,4,8,1,8
2018430100083,2,11,0,18,2,8,0,0,0,0,4,1,1,1,52,8,6700,2,3,10,1,10
2018430100111,1,9,0,12,0,0,0,0,0,0,0,1,6,3,-1,-1,-1,-1,-1,-1,-1,-1
2018430100111,2,90,0,18,0,0,0,0,0,0,0,1,1,1,45,7,2987,2,8,-1,-1,-1
2018430100112,1,5,0,13,0,0,0,0,0,0,1,1,6,1,42,7,749,1,11,9,3,9
2018430100112,2,9,0,18,0,0,0,0,0,0,1,1,6,2,52,8,998,1,17,9,2,9
2018430100112,3,9,0,18,0,0,0,0,0,0,0,1,6,3,-1,-1,-1,-1,-1,-1,-1,-1
2018430100121,1,8,0,5,0,0,0,0,0,0,0,1,1,1,48,8,1995,2,4,-1,-1,-1
2018430100150,1,9,0,3,0,0,0,0,0,0,2,1,6,2,34,6,1364,1,8,-1,-1,-1
2018430100150,2,9,0,18,0,0,0,0,0,0,1,1,6,3,-1,-1,-1,-1,-1,-1,-1,-1
2018430100158,1,9,0,13,0,1,2,0,1,11,2,1,6,1,17,4,-1,-1,-1,10,1,10
2018430100158,2,9,0,18,0,1,0,0,0,0,0,1,6,3,-1,-1,-1,-1,-1,-1,-1,-1
2018430100179,1,9,0,17,0,0,1,0,1,4,2,1,6,1,23,5,999,1,-1,10,1,10
2018430100185,1,9,0,4,0,6,0,0,0,0,1,1,6,2,80,11,1997,2,12,7,1,7
2018430100185,2,9,0,18,0,8,0,0,0,0,1,1,6,2,42,7,-1,-1,-1,9,1,9
2018430100192,1,9,0,5,0,1,0,0,0,0,0,1,6,2,-1,-1,-1,-1,-1,-1,-1,-1
2018430100192,2,11,0,4,0,1,0,0,0,0,0,1,1,1,54,8,9000,2,3,10,1,10
2018430100212,1,9,0,17,0,1,0,0,0,0,1,1,2,1,59,9,2191,2,2,6,3,6
2018430100212,2,9,0,8,0,1,0,0,0,0,2,1,2,2,29,6,1248,1,3,10,1,10
2018430100212,3,19,0,8,0,1,0,0,0,0,0,1,1,3,-1,-1,-1,-1,-1,-1,-1,-1
2018430100249,1,9,0,18,0,0,0,0,0,0,1,1,6,2,19,4,1598,2,4,9,1,9
2018430100249,2,9,0,3,0,0,0,0,0,0,2,1,6,2,42,7,1991,2,11,8,1,8
2018430100279,1,9,0,18,0,0,0,0,0,0,1,1,6,2,19,4,1595,1,2,-1,-1,-1
2018430100279,2,9,0,18,0,0,0,0,0,0,1,1,6,1,43,7,1995,2,6,10,1,10
2018430100279,3,9,0,18,0,0,0,0,0,0,1,1,6,2,23,5,999,1,1,3,1,3
2018430100279,4,9,0,18,0,0,0,0,0,0,2,1,6,2,22,5,1598,2,6,6,2,6
2018430100279,5,9,0,18,0,0,0,0,0,0,2,1,6,1,43,7,1390,1,8,10,2,10
2018430100314,1,11,0,7,0,6,0,0,0,0,3,1,1,1,-1,-1,-1,-1,-1,-1,-1,-1
2018430100314,2,1,0,18,0,8,0,0,0,0,1,1,2,1,48,8,-1,-1,-1,7,1,7
2018430100345,1,9,0,18,0,0,0,0,0,0,1,1,1,2,50,8,2199,2,6,10,2,10
2018430100345,2,9,0,3,0,0,0,0,0,0,2,1,1,1,48,8,-1,3,3,9,3,9
2018430100693,1,9,0,11,0,0,0,0,0,0,1,1,6,1,23,5,1560,2,13,2,1,2
2018430100693,2,9,0,3,0,0,0,0,0,0,2,1,6,1,33,6,1995,2,5,2,1,2
2018430100827,1,9,0,9,0,5,0,0,0,0,1,1,6,1,86,11,2494,1,29,8,3,8
2018430100827,2,9,0,18,0,1,0,0,0,0,1,1,6,2,36,7,1242,1,6,3,1,3
2018430100847,1,9,0,18,0,0,1,0,1,4,1,1,6,1,26,6,1995,2,1,10,1,10
2018430101121,1,9,0,18,0,0,0,0,0,0,1,1,2,1,47,8,1951,2,16,2,1,2
2018430101187,1,9,0,18,0,0,0,0,0,0,0,1,6,3,-1,-1,-1,-1,-1,-1,-1,-1
2018430101187,2,9,0,18,0,0,1,10,1,0,3,1,6,2,20,4,1388,1,11,8,1,8
2018430101188,1,1,0,18,0,0,0,0,0,0,2,1,6,1,35,6,-1,-1,-1,7,3,7
2018430101188,2,1,0,18,0,0,0,0,0,0,1,1,6,1,50,8,-1,-1,-1,6,2,6
2018430101207,1,21,0,12,0,0,0,0,0,0,4,1,6,3,-1,-1,-1,-1,-1,-1,-1,-1
2018430101207,2,9,0,13,0,0,5,0,1,0,4,1,2,1,27,6,1560,2,10,2,1,2
2018430101210,1,9,0,9,0,0,0,0,0,0,1,1,6,1,24,5,1995,2,2,6,1,6
2018430101210,2,3,0,18,0,0,0,0,0,0,1,1,2,1,31,6,124,1,13,4,1,4
2018430101217,1,9,0,18,0,1,0,0,0,0,1,1,6,3,-1,-1,-1,-1,-1,-1,-1,-1
2018430101249,1,9,0,18,0,0,0,0,0,0,1,1,1,1,60,9,1950,2,1,5,1,5
2018430101249,2,9,0,18,0,0,0,0,1,1,3,1,6,1,28,6,-1,-1,-1,7,1,7
2018430101251,1,19,0,18,0,1,1,0,0,0,1,1,1,1,73,10,2446,2,18,9,3,9
2018430101251,2,9,0,3,0,1,0,0,0,0,2,1,6,1,47,8,1364,1,-1,8,3,8
2018430101256,1,9,0,12,0,8,0,0,0,0,2,1,6,1,39,7,1896,2,14,8,3,8
2018430101256,2,9,0,18,0,8,0,0,0,0,1,1,6,3,-1,-1,-1,-1,-1,-1,-1,-1
2018430101302,1,9,0,18,0,8,0,0,0,0,3,1,6,1,35,6,1956,2,3,7,2,7
2018430101302,2,3,0,18,0,8,0,0,0,0,1,1,6,1,17,4,-1,-1,-1,5,2,5
2018430101328,1,9,0,18,0,6,0,0,0,0,0,1,6,1,49,8,2148,2,9,10,2,10
2018430101328,2,1,0,18,0,8,0,0,0,0,2,1,6,1,35,6,-1,-1,-1,-1,-1,-1
2018430101363,1,9,0,16,0,1,0,0,0,0,4,1,2,2,22,5,1149,1,14,6,1,6
2018430101927,1,9,0,18,0,0,2,0,2,7,4,1,1,1,41,7,-1,-1,-1,-1,-1,-1
2018430101947,1,21,1,18,0,0,0,0,0,0,1,1,1,1,46,8,10837,2,3,9,1,9
2018430101947,2,21,1,1,0,0,0,0,0,0,2,1,1,1,49,8,12809,2,1,7,1,7
2018430101970,1,9,0,9,0,5,0,0,0,0,1,1,6,1,44,7,1248,2,11,10,1,10
2018430101970,2,1,0,18,0,8,0,0,0,0,1,1,6,1,39,7,-1,-1,-1,5,1,5
2018430102098,1,9,0,18,0,0,0,0,0,0,1,1,6,2,32,6,1388,1,9,6,1,6
2018430102098,2,9,0,4,0,0,0,0,0,0,2,1,1,1,35,6,-1,-1,-1,6,1,6
2018430102322,1,3,0,15,2,1,0,0,0,0,1,1,6,1,16,4,124,1,9,4,1,4
2018430102322,2,9,0,9,0,6,0,0,0,0,4,1,6,1,32,6,2204,2,8,4,1,4
2018430102576,1,9,0,18,0,1,0,0,0,0,1,1,6,1,-1,-1,-1,-1,-1,-1,-1,-1
2018430102576,2,9,0,10,0,1,0,0,0,0,2,1,6,2,40,7,1499,1,2,10,1,10
2018430102707,1,9,0,1,0,1,0,0,0,0,2,1,6,3,-1,-1,-1,-1,-1,-1,-1,-1
2018430102914,1,9,0,5,0,0,0,0,0,0,0,1,6,2,34,6,-1,-1,-1,-1,-1,-1
2018430103293,1,9,0,18,0,0,0,0,0,0,1,1,6,1,31,6,1686,2,5,9,1,9
2018430103538,1,11,0,18,0,1,0,0,0,0,1,1,1,2,39,7,3900,2,15,-1,-1,-1
2018430104051,1,9,0,16,0,1,1,10,7,10,1,1,6,1,27,6,1560,2,9,-1,-1,-1
2018430104458,1,9,0,7,0,6,0,0,0,0,0,1,6,2,47,8,1229,1,4,5,1,5
2018430104458,2,9,0,18,0,8,2,0,7,3,4,1,6,1,17,4,1199,1,14,7,1,7
2018430104495,1,9,0,18,0,0,0,0,0,0,3,1,6,2,49,8,1390,1,8,10,1,10
2018430104688,1,9,0,9,0,8,0,0,3,0,1,1,6,2,48,8,1229,1,9,8,1,8
2018430104688,2,1,0,9,0,8,0,0,0,0,3,1,6,2,24,5,-1,-1,-1,7,1,7
2018430105113,1,9,0,12,0,0,0,0,0,0,3,1,1,1,34,6,1598,2,1,10,1,10
2018430105113,2,9,0,18,0,0,0,0,0,0,1,1,6,2,23,5,1968,2,12,6,1,6
2018430105279,1,9,0,18,0,1,0,0,0,0,1,1,2,2,-1,-1,-1,-1,-1,10,2,10
2018430105279,2,1,0,18,0,1,0,0,0,0,3,1,6,2,24,5,-1,-1,-1,3,1,3
2018430105293,1,9,0,9,0,5,0,0,0,0,4,1,4,2,31,6,1360,1,18,9,1,9
2018430105293,2,9,0,18,0,8,0,0,0,0,1,1,6,2,53,8,1390,1,16,10,1,10
2018430105305,1,9,0,7,0,6,0,0,0,0,3,1,2,2,35,6,1395,1,-1,6,1,6
2018430105305,2,9,0,18,0,8,0,0,0,0,1,1,6,1,62,9,998,1,5,4,1,4
2018430105343,1,19,0,18,0,0,0,0,0,0,4,1,6,1,-1,-1,2402,2,14,10,2,10
2018430105343,2,1,0,18,0,0,0,0,0,0,3,1,6,1,67,10,-1,-1,-1,9,1,9
2018430106181,1,11,0,18,0,8,0,0,0,0,0,1,1,3,-1,-1,-1,-1,-1,-1,-1,-1
2018430106248,1,9,0,9,0,1,0,0,0,0,4,1,6,1,40,7,-1,-1,-1,-1,-1,-1
2018430106275,1,9,0,9,0,8,1,7,0,1,4,1,6,1,32,6,1398,1,1,3,1,3
2018430106275,2,9,0,18,0,8,0,0,0,0,1,1,6,2,27,6,1799,1,10,2,1,2
2018430106283,1,9,0,6,0,8,0,0,0,0,3,1,1,1,48,8,1984,1,9,5,1,5
2018430106283,2,3,0,18,0,4,1,0,0,0,3,1,1,1,46,8,50,1,2,8,1,8
2018430106315,1,19,0,18,0,0,0,0,0,0,1,1,6,1,-1,-1,1968,2,1,6,1,6
2018430106315,2,9,0,3,0,0,0,0,0,0,2,1,6,2,63,9,1799,1,10,5,1,5
2018430107011,1,9,0,18,0,0,0,0,0,0,4,1,1,2,28,6,1596,1,7,8,1,8
2018430107032,1,9,0,18,0,0,0,0,0,0,1,1,6,3,-1,-1,-1,-1,-1,-1,-1,-1
2018430107032,2,9,0,18,0,0,0,0,0,0,1,1,6,1,28,6,2987,2,1,5,1,5
2018430107371,1,9,0,18,0,8,1,0,1,4,1,1,2,1,86,11,2946,1,12,10,1,10
2018430107397,1,9,0,9,0,6,0,0,0,0,3,1,1,1,32,6,998,1,5,8,3,8
2018430107397,2,9,0,18,0,8,0,0,0,0,1,1,6,1,82,11,-1,-1,-1,8,1,8
2018430107472,1,21,0,18,0,0,0,0,0,0,0,1,1,1,21,5,-1,-1,-1,10,1,10
2018430107511,1,9,0,17,0,0,1,0,1,4,2,1,1,1,23,5,1998,1,16,7,1,7
2018430107524,1,9,0,17,0,1,0,0,0,0,1,1,6,1,84,11,1198,1,12,10,1,10
2018430107524,2,5,0,16,0,2,0,0,0,0,1,1,6,1,61,9,1450,1,14,9,2,9
2018430107548,1,9,0,16,0,0,1,0,1,4,4,1,2,1,28,6,1199,1,14,8,1,8
2018430107550,1,9,0,18,0,0,0,0,0,0,1,1,2,2,33,6,1461,2,6,5,1,5
2018430107598,1,9,0,18,0,8,1,0,0,0,1,1,6,1,40,7,-1,-1,-1,-1,-1,-1
2018430107598,2,9,0,18,0,8,0,0,0,0,2,1,6,1,46,8,1956,2,6,10,1,10
2018430107598,3,9,0,18,0,8,1,0,0,0,1,1,1,1,60,9,-1,-1,-1,1,1,1
2018430107616,1,9,0,7,0,6,0,0,0,0,3,1,6,1,35,6,-1,-1,-1,6,1,6
2018430107616,2,1,0,18,4,8,0,0,0,0,4,1,6,1,48,8,-1,-1,-1,5,1,5
2018430107664,1,9,0,17,0,8,0,0,0,0,3,1,2,1,41,7,998,1,19,5,2,5
2018430107664,2,9,0,17,0,8,0,0,0,0,1,1,2,2,63,9,1997,2,19,3,1,3
2018430107781,1,9,0,18,0,1,0,0,0,0,1,1,6,2,21,5,998,1,5,10,3,10
2018430107781,2,9,0,4,0,1,0,0,1,9,2,1,6,1,61,9,1248,1,9,5,1,5
2018430107805,1,19,0,16,0,2,1,0,0,0,1,1,1,1,21,5,2499,2,1,7,2,7
2018430107805,2,9,0,16,0,2,0,0,4,6,2,1,6,2,57,9,1596,1,8,10,1,10
2018430107859,1,9,0,18,0,7,0,0,0,0,1,1,6,2,26,6,1398,1,-1,2,1,2
2018430107859,2,9,0,18,0,2,0,0,0,0,2,1,6,2,40,7,1240,1,13,8,1,8
2018430107859,3,9,0,18,0,7,0,0,0,0,2,1,6,1,29,6,1560,2,8,4,1,4
2018430107868,1,19,0,18,0,1,0,0,0,0,1,1,6,1,40,7,1499,2,1,8,1,8
2018430107868,2,9,0,10,0,1,0,0,0,0,2,1,6,2,51,8,1598,1,12,-1,-1,-1
2018430108340,1,9,0,7,0,8,0,0,0,0,1,1,6,1,25,5,1248,1,2,7,1,7
2018430108340,2,9,0,9,0,8,0,0,0,0,4,1,6,2,40,7,1242,1,9,3,1,3
2018430108715,1,9,0,18,0,0,2,0,7,9,4,1,6,2,19,4,998,1,13,4,3,4
2018430108760,1,19,0,18,0,1,0,0,0,0,1,1,1,1,27,6,2402,2,7,9,2,9
2018430108760,2,9,0,3,0,1,0,0,1,2,2,1,1,1,45,7,1910,2,14,10,1,10
2018430108767,1,9,0,4,0,0,0,0,0,0,2,1,6,1,24,5,1388,1,6,-1,-1,-1
2018430108767,2,9,0,4,0,0,0,0,0,0,2,1,6,2,41,7,1968,2,2,10,1,10
2018430108767,3,9,0,4,0,0,0,0,0,0,2,1,2,1,44,7,1968,2,5,3,1,3
2018430108767,4,9,0,4,0,0,0,0,0,0,2,1,6,1,24,5,1197,1,6,10,1,10
2018430108767,5,9,0,4,0,0,0,0,0,0,1,1,6,1,49,8,1968,2,2,7,1,7
2018430108799,1,21,1,18,0,0,0,0,0,0,1,1,1,1,47,8,10677,2,4,8,2,8
2018430108799,2,9,0,4,0,0,0,0,0,0,2,1,1,1,42,7,-1,-1,-1,1,1,1
2018430108799,3,9,0,4,0,0,0,0,0,0,2,1,1,1,57,9,2143,2,4,3,1,3
2018430108843,1,9,0,18,0,0,0,0,0,0,4,1,6,2,20,4,1388,1,8,10,1,10
2018430108864,1,9,0,9,0,6,0,0,0,0,0,1,6,1,-1,-1,1685,2,7,4,1,4
2018430108864,2,3,0,18,0,1,1,0,0,0,0,1,6,1,20,4,125,1,1,4,1,4
2018430108867,1,19,0,18,0,1,0,0,0,0,1,1,6,1,-1,-1,-1,-1,-1,-1,-1,-1
2018430108867,2,9,0,3,0,1,0,0,0,0,2,1,6,2,60,9,1108,1,15,8,3,8
2018430108884,1,9,0,18,0,1,0,0,0,0,3,1,6,1,31,6,2993,2,6,1,1,1
2018430108884,2,9,0,18,0,1,0,4,0,0,1,1,6,1,48,8,999,1,2,7,1,7
2018430108884,3,9,0,18,0,1,0,4,0,0,1,1,6,1,23,5,1399,2,6,4,2,4
2018430108889,1,90,0,17,0,8,0,0,0,0,1,1,6,1,25,5,-1,-1,-1,4,1,4
2018430108889,2,9,0,9,0,5,0,0,0,0,4,1,6,2,20,4,1364,2,10,3,1,3
2018430108909,1,9,0,16,0,0,0,0,0,0,0,1,1,1,58,9,2993,2,1,-1,-1,-1
2018430108909,2,9,0,16,0,0,2,0,7,4,1,1,6,1,17,4,-1,-1,-1,7,3,7
2018430108928,1,9,0,18,0,0,0,0,0,0,1,1,6,2,71,10,1968,2,13,5,1,5
2018430108995,1,9,0,18,0,1,0,0,0,0,1,1,6,2,47,8,2987,2,2,9,3,9
2018430108995,2,9,0,3,0,1,0,0,0,0,2,1,6,2,53,8,998,1,3,5,1,5
2018430109087,1,9,0,9,0,6,0,0,0,0,3,1,6,1,23,5,999,1,1,7,1,7
2018430109087,2,9,0,18,0,1,0,0,0,0,1,1,6,2,36,7,1229,1,4,6,2,6
2018430109145,1,9,0,18,0,0,0,0,0,0,3,1,6,2,54,8,1197,1,3,4,1,4
2018430109145,2,9,0,18,0,0,0,0,0,0,3,1,6,2,45,7,1797,8,8,10,1,10
2018430109735,1,9,0,18,0,3,1,0,1,1,3,1,1,1,20,4,1998,1,21,7,1,7
2018430109828,1,9,0,16,0,0,2,0,1,4,4,1,6,2,18,4,1360,1,15,10,1,10
2018430109944,1,9,0,18,0,8,0,0,0,0,3,1,1,1,31,6,1896,2,16,5,1,5
2018430109944,2,9,0,9,0,8,0,0,0,0,4,1,6,1,27,6,1900,2,12,4,1,4
2018430109964,1,21,1,18,0,0,0,0,0,0,3,1,1,1,45,7,9999,2,2,-1,-1,-1
2018430109964,2,9,0,18,0,0,0,0,0,0,3,1,6,2,47,8,1591,1,5,10,1,10
2018430110087,1,9,0,18,0,0,5,4,7,11,1,1,6,2,30,6,1595,1,17,10,1,10
2018430110087,2,9,0,2,0,0,0,0,0,0,2,1,6,2,-1,-1,2387,2,9,-1,-1,-1
2018430110103,1,9,0,9,0,0,1,0,7,0,4,1,1,1,46,8,-1,-1,-1,7,3,7
2018430110505,1,9,0,16,0,0,0,0,0,0,3,1,2,1,23,5,1242,1,3,-1,-1,-1
2018430110505,2,9,0,17,0,0,0,0,0,0,3,1,6,2,59,9,2993,2,2,10,3,10
2018430110838,1,9,0,18,0,0,0,0,0,0,1,1,6,2,53,8,1997,1,-1,9,1,9
2018430111551,1,9,0,9,0,6,0,0,0,0,1,1,6,2,54,8,-1,-1,-1,10,1,10
2018430111551,2,1,0,9,0,5,0,0,0,0,1,1,6,1,58,9,-1,-1,-1,-1,-1,-1
2018430112402,1,9,0,18,0,0,0,0,0,0,1,1,6,1,29,6,1596,1,14,7,3,7