Accident_Index,Vehicle_Reference,Vehicle_Type,Towing_and_Articulation,Vehicle_Manoeuvre,Vehicle_Location-Restricted_Lane,Junction_Location,Skidding_and_Overturning,Hit_Object_in_Carriageway,Vehicle_Leaving_Carriageway,Hit_Object_off_Carriageway,1st_Point_of_Impact,Was_Vehicle_Left_Hand_Drive?,Journey_Purpose_of_Driver,Sex_of_Driver,Age_of_Driver,Age_Band_of_Driver,Engine_Capacity_(CC),Propulsion_Code,Age_of_Vehicle,Driver_IMD_Decile,Driver_Home_Area_Type,Vehicle_IMD_Decile
2018430129001,2,4,0,18,0,8,0,0,0,0,4,1,2,1,26,6,499,1,-1,8,3,8
2018430129070,1,97,0,18,0,6,1,0,0,0,2,1,6,1,25,5,-1,-1,-1,-1,-1,-1
2018430129070,2,9,0,18,0,8,0,0,0,0,1,1,6,2,45,7,1596,1,8,7,3,7
2018430129070,3,97,0,18,0,6,0,0,0,0,0,1,6,1,25,5,-1,-1,-1,-1,-1,-1
2018430129070,4,97,0,18,0,6,0,0,0,0,0,1,6,1,25,5,-1,-1,-1,-1,-1,-1
2018430129070,5,97,0,18,0,6,0,0,0,0,0,1,6,1,25,5,-1,-1,-1,-1,-1,-1
2018430129070,6,97,0,18,0,6,0,0,0,0,0,1,6,1,25,5,-1,-1,-1,-1,-1,-1
2018430129086,1,9,0,18,0,0,0,0,0,0,4,1,2,2,35,6,1596,1,9,-1,-1,-1
2018430129090,1,9,0,9,0,8,0,0,0,0,4,1,6,1,43,7,1998,2,12,7,2,7
2018430129090,2,9,0,18,0,1,0,0,1,1,1,1,6,1,18,4,1364,2,14,6,2,6
2018430129120,1,9,0,18,0,1,0,0,0,0,1,1,6,2,87,11,-1,-1,-1,9,1,9
2018430129120,2,9,0,10,0,1,0,0,0,0,2,1,6,2,43,7,1995,2,14,9,1,9
2018430129157,1,9,0,9,0,6,0,0,0,0,1,1,6,1,76,11,1910,2,11,8,1,8
2018430129157,2,9,0,18,0,8,0,0,1,0,1,1,6,1,70,10,-1,-1,-1,10,1,10
2018430129159,1,9,0,18,0,8,0,0,0,0,1,1,6,1,33,6,1086,1,14,7,1,7
2018430129159,2,9,0,18,0,1,0,0,0,0,3,1,6,1,34,6,1390,1,7,7,1,7
2018430129237,1,9,0,5,0,1,0,0,0,0,1,1,6,1,19,4,1229,1,3,9,1,9
2018430129237,2,9,0,3,0,1,0,0,0,0,2,1,6,2,57,9,1388,1,9,5,1,5
2018430129294,1,98,1,12,0,0,0,0,0,0,1,2,6,3,-1,-1,-1,-1,-1,-1,-1,-1
2018430129294,2,9,0,18,0,0,0,0,0,0,4,1,1,1,-1,-1,998,1,1,4,1,4
2018430129326,1,9,0,5,0,0,0,0,0,0,3,1,6,1,20,4,1998,1,1,-1,-1,-1
2018430129326,2,19,0,18,0,0,0,0,0,0,4,1,6,1,27,6,1753,2,15,3,1,3
2018430129341,1,2,0,18,0,1,0,0,0,0,1,1,6,1,16,4,50,1,-1,7,3,7
2018430129341,2,9,0,10,0,1,0,0,0,0,2,1,6,2,98,11,1995,2,5,8,3,8
2018430130226,1,9,0,5,0,2,0,0,0,0,1,1,6,3,-1,-1,-1,-1,-1,-1,-1,-1
2018430130257,1,8,0,5,0,0,0,0,0,0,1,1,3,1,82,11,1991,2,11,9,3,9
2018430130257,2,8,0,18,0,0,0,0,0,0,4,1,3,1,42,7,1998,2,9,4,1,4
2018430130257,3,9,0,2,0,0,0,0,0,0,3,1,6,3,-1,-1,1598,2,6,-1,-1,-1
2018430130257,4,9,0,2,0,0,0,0,0,0,2,1,6,3,-1,-1,1242,1,4,10,3,10
2018430130257,5,9,0,2,0,0,0,0,0,0,1,1,6,3,-1,-1,1799,1,10,-1,-1,-1
2018430130267,1,97,0,18,0,0,0,0,0,0,1,1,6,3,-1,-1,-1,-1,-1,-1,-1,-1
2018430130277,1,9,0,18,0,8,0,0,0,0,1,1,6,1,58,9,1461,2,1,9,1,9
2018430130277,2,9,0,18,0,8,0,0,0,0,2,1,6,1,72,10,2000,1,13,8,3,8
2018430130277,3,9,0,2,0,8,0,0,0,0,2,1,6,1,24,5,1995,1,16,-1,-1,-1
2018430130340,1,9,0,5,0,8,0,0,0,0,1,1,6,1,24,5,998,1,10,10,1,10
2018430130340,2,1,0,17,0,8,0,0,0,0,4,1,6,1,35,6,-1,-1,-1,5,1,5
2018430130381,1,9,0,13,0,1,0,0,0,0,4,1,6,1,55,8,1229,1,12,10,1,10
2018430130381,2,1,0,9,0,5,0,0,0,0,3,1,6,1,53,8,-1,-1,-1,10,1,10
2018430130407,1,9,0,9,0,6,0,0,0,0,3,1,6,2,23,5,995,1,10,7,3,7
2018430130407,2,9,0,18,0,8,0,0,0,0,1,1,6,1,24,5,1242,1,12,7,3,7
2018430130448,1,9,0,16,0,0,0,0,7,7,3,1,6,2,75,10,1900,2,19,8,2,8
2018430130448,2,9,0,17,0,0,0,0,0,0,3,1,6,1,61,9,1497,8,1,9,1,9
2018430130469,1,9,0,12,0,8,0,0,0,0,3,1,2,1,22,5,1998,2,16,6,1,6
2018430130469,2,5,0,14,0,8,1,7,4,6,2,1,2,1,23,5,649,1,1,9,1,9
2018430130469,3,9,0,3,0,8,0,0,0,0,2,1,2,1,61,9,1598,1,12,3,1,3
2018430130513,1,9,-1,18,0,0,0,0,0,0,3,1,6,3,-1,-1,-1,-1,-1,-1,-1,-1
2018430130513,2,19,0,18,0,0,0,0,0,0,3,1,1,1,40,7,1560,2,5,2,1,2
2018430130590,1,9,0,12,0,1,0,0,0,0,3,1,6,1,-1,-1,-1,-1,-1,1,1,1
2018430130590,2,9,0,13,0,1,1,0,7,11,4,1,6,1,51,8,-1,-1,-1,3,1,3
2018430130918,1,9,0,13,0,1,0,0,0,0,4,1,6,1,35,6,-1,-1,-1,-1,-1,-1
2018430130918,2,9,0,9,0,1,0,0,0,0,3,1,6,2,40,7,1339,8,10,6,1,6
2018430131027,1,21,0,11,0,0,0,0,0,0,4,1,1,1,37,7,12900,2,7,-1,2,-1
2018430131027,2,9,0,18,0,0,0,0,4,6,3,1,2,1,44,7,1998,2,11,6,3,6
2018430131061,1,9,0,9,0,8,0,0,1,10,4,1,2,1,30,6,1596,1,7,8,-1,8
2018430131061,2,9,0,18,0,1,0,0,0,0,1,1,6,1,70,10,1560,2,4,6,1,6
2018430131061,3,9,0,10,0,1,0,0,0,0,1,1,6,2,49,8,1796,1,5,8,1,8
2018430131126,1,9,0,9,0,8,0,0,0,0,3,1,6,2,56,9,-1,-1,-1,-1,-1,-1
2018430131126,2,9,0,18,0,1,0,0,0,0,1,1,6,2,37,7,1798,1,6,8,1,8
2018430131250,1,19,0,18,0,0,0,0,0,0,4,1,6,3,-1,-1,-1,-1,-1,-1,-1,-1
2018430131459,1,9,0,18,0,1,1,0,0,0,1,1,2,1,50,8,1586,1,4,10,2,10
2018430131459,2,9,0,3,0,1,0,0,0,0,2,1,2,2,31,6,1395,1,-1,9,-1,9
2018430131459,3,9,0,10,0,1,0,0,0,0,2,1,2,1,39,7,-1,-1,-1,10,3,10
2018430131486,1,5,0,4,0,1,1,0,1,0,0,1,6,1,56,9,499,1,14,10,1,10
2018430131486,2,9,0,3,0,1,0,0,0,0,0,1,6,1,60,9,3824,1,14,7,3,7
2018430131504,1,3,0,13,0,8,1,0,0,0,4,1,2,1,25,5,125,1,-1,5,1,5
2018430131504,2,1,0,9,4,5,0,0,0,0,3,1,2,2,25,5,-1,-1,-1,5,1,5
2018430131516,1,1,0,18,5,1,0,0,0,0,1,1,6,2,23,5,-1,-1,-1,9,1,9
2018430131516,2,9,0,7,0,8,0,0,0,0,4,1,1,1,55,8,2993,2,5,3,1,3
2018430131518,1,9,0,18,0,0,0,0,0,0,1,1,6,1,-1,-1,1390,1,8,-1,-1,-1
2018430131518,2,19,0,18,0,0,0,0,0,0,3,1,6,1,30,6,1560,2,7,2,1,2
2018430131521,1,9,0,9,0,5,0,0,0,0,2,1,6,1,19,4,999,1,1,9,1,9
2018430131521,2,9,0,18,0,1,0,0,0,0,1,1,6,1,30,6,1968,2,4,1,1,1
2018430131543,1,9,0,9,0,5,0,0,0,0,1,1,6,2,78,11,1598,1,16,7,1,7
2018430131543,2,1,0,18,5,8,0,0,0,0,1,1,6,1,25,5,-1,-1,-1,10,1,10
2018430131548,1,9,0,9,0,6,0,0,0,0,3,1,6,1,21,5,1499,2,4,1,1,1
2018430131548,2,9,0,18,0,1,0,0,0,0,1,1,6,2,39,7,1598,1,11,1,1,1
2018430131550,1,9,0,9,0,8,0,0,0,0,1,1,6,2,21,5,1198,1,14,2,1,2
2018430131550,2,9,0,18,0,1,0,0,0,0,1,1,6,2,52,8,998,1,1,7,1,7
2018430131555,1,9,0,16,0,0,1,0,7,3,1,1,6,2,27,6,1598,1,13,8,3,8
2018430131575,1,9,0,18,0,6,0,0,0,0,1,1,6,1,48,8,2993,2,10,-1,-1,-1
2018430131575,2,9,0,18,0,8,0,0,0,0,4,1,6,2,52,8,1991,1,4,8,3,8
2018430131576,1,9,0,18,0,0,0,0,0,0,1,1,1,2,40,7,1242,1,6,8,1,8
2018430131615,1,9,0,18,0,0,0,0,0,0,3,1,6,1,-1,-1,-1,-1,-1,-1,-1,-1
2018430131615,2,2,0,18,0,0,0,0,0,0,3,1,6,1,20,4,49,1,2,4,1,4
2018430131629,1,19,0,18,0,0,0,0,0,0,1,1,1,1,27,6,2148,2,12,4,1,4
2018430131629,2,9,0,3,0,0,0,0,0,0,2,1,2,2,25,5,1362,1,6,9,1,9
2018430131629,3,9,0,3,0,0,0,0,0,0,2,1,2,2,45,7,1582,2,6,10,1,10
2018430131629,4,9,0,3,0,0,0,0,0,0,2,1,2,2,24,5,1499,1,2,10,1,10
2018430131640,1,9,0,9,0,5,0,0,0,0,3,1,6,1,36,7,1870,2,15,5,1,5
2018430131640,2,8,0,18,0,8,0,0,0,0,3,1,1,1,37,7,1997,2,9,3,1,3
2018430131659,1,9,0,17,0,0,1,0,1,4,1,1,6,2,19,4,1240,1,10,9,1,9
2018430131659,2,21,0,18,0,0,0,0,0,0,3,1,1,1,51,8,10518,2,4,10,2,10
2018430131673,1,1,0,18,0,2,1,0,0,0,1,1,6,2,41,7,-1,-1,-1,9,1,9
2018430131673,2,9,0,2,0,2,0,0,0,0,3,1,2,1,41,7,1598,1,8,3,1,3
2018430131682,1,21,0,18,0,1,0,0,0,0,1,1,1,1,46,8,10677,2,4,9,1,9
2018430131682,2,9,0,10,0,5,0,0,0,0,2,1,6,2,19,4,998,1,3,1,1,1
2018430131684,1,9,0,18,0,0,1,0,1,1,3,1,6,1,26,6,1588,1,15,4,1,4
2018430131695,1,9,0,18,0,4,0,0,0,0,3,1,6,1,50,8,1968,2,-1,6,1,6
2018430131695,2,9,0,18,0,8,0,0,0,0,1,1,1,1,22,5,-1,-1,-1,5,1,5
2018430131717,1,9,0,5,0,4,0,0,0,0,1,1,6,1,63,9,1598,1,5,5,1,5
2018430131717,2,1,0,18,0,8,0,0,0,0,4,1,6,1,29,6,-1,-1,-1,2,1,2
2018430132154,1,5,0,18,0,0,0,7,7,1,1,1,6,1,16,4,-1,-1,-1,3,1,3
2018430132332,1,9,0,18,0,0,0,0,1,7,1,1,6,1,24,5,1240,1,13,5,1,5
2018430132348,1,9,0,18,0,0,1,0,0,0,1,1,6,2,23,5,1197,1,5,6,1,6
2018430132348,2,9,0,18,0,0,0,0,0,0,2,1,6,2,41,7,998,1,3,5,1,5
2018430132381,1,9,0,9,0,6,0,0,0,0,3,1,6,2,33,6,1461,2,3,10,1,10
2018430132381,2,1,0,18,0,1,0,0,0,0,1,1,6,2,34,6,-1,-1,-1,10,1,10
2018430132482,1,9,0,18,0,8,0,0,0,0,4,1,6,1,76,11,1329,1,2,6,1,6
2018430132482,2,8,0,18,0,7,0,0,0,0,1,1,1,1,48,8,-1,-1,-1,3,1,3
2018430132553,1,1,0,18,0,2,0,0,0,0,3,1,6,1,14,3,-1,-1,-1,7,3,7
2018430132553,2,9,0,18,0,2,0,0,0,0,1,1,6,1,56,9,1871,2,14,8,3,8
2018430132747,1,9,0,18,0,0,1,0,0,0,1,1,1,2,24,5,1240,1,10,3,1,3
2018430132747,2,9,0,4,0,0,0,0,0,0,2,1,1,1,45,7,-1,-1,-1,5,1,5
2018430132771,1,2,0,7,0,5,0,0,0,0,4,1,6,2,47,8,49,1,18,7,1,7
2018430132779,1,9,0,1,0,6,0,0,0,0,2,1,6,2,41,7,1753,2,10,7,1,7
2018430132779,2,5,0,18,0,8,0,0,0,0,1,1,6,1,54,8,1170,1,1,7,1,7
2018430132779,3,9,0,2,0,2,0,0,0,0,1,1,6,3,-1,-1,-1,-1,-1,-1,-1,-1
2018430132804,1,5,0,18,0,4,1,0,0,0,3,1,6,1,29,6,-1,-1,-1,8,3,8
2018430132804,2,9,0,18,0,3,0,0,0,0,4,1,6,2,57,9,-1,-1,-1,5,1,5
2018430132810,1,9,0,18,0,0,0,0,7,0,1,1,6,1,69,10,3311,8,11,10,1,10
2018430132810,2,9,0,18,0,0,0,0,0,0,1,1,6,1,67,10,998,1,7,-1,-1,-1
2018430132814,1,5,0,17,0,8,1,0,0,0,0,1,1,1,55,8,865,1,12,10,2,10
2018430132850,1,9,0,18,0,0,0,0,0,0,1,1,3,2,33,6,1910,2,12,9,3,9
2018430132850,2,9,0,18,0,0,0,0,1,0,1,1,6,2,74,10,1197,1,7,10,2,10
2018430132863,1,9,0,9,0,4,0,7,0,0,1,1,2,2,42,7,1242,1,15,5,1,5
2018430132863,2,9,0,5,0,4,0,0,0,0,1,1,6,2,87,11,1390,1,7,9,1,9
2018430132882,1,5,0,18,0,4,1,0,0,0,1,1,6,1,64,9,900,1,20,10,1,10
2018430132882,2,19,0,4,0,4,0,0,0,0,2,1,6,1,30,6,2143,2,7,2,1,2
2018430132910,1,9,0,18,0,0,0,0,0,0,1,1,6,1,47,8,1390,1,13,9,1,9
2018430132910,2,9,0,18,0,0,0,0,0,0,1,1,6,2,45,7,-1,-1,-1,9,1,9
2018430132951,1,9,0,18,0,0,0,7,0,0,1,1,6,2,57,9,1900,2,13,3,1,3
2018430132951,2,9,0,18,0,0,0,0,0,0,1,1,6,2,53,8,1499,1,2,10,3,10
2018430132974,1,19,0,18,0,0,0,0,0,0,1,1,1,1,45,7,1870,2,12,10,1,10
2018430132974,2,11,0,3,0,0,0,0,0,0,0,1,1,3,-1,-1,-1,-1,-1,-1,-1,-1
2018430133134,1,9,0,18,0,0,0,0,0,0,1,1,6,1,22,5,1248,2,12,8,2,8
2018430133134,2,9,0,18,0,0,0,0,0,0,1,1,6,1,52,8,2143,2,6,8,2,8
2018430133679,1,9,0,4,0,1,0,0,0,0,1,1,2,2,36,7,1984,1,17,8,1,8
2018430133679,2,21,0,3,0,1,0,0,0,0,2,1,1,1,32,6,8710,2,1,1,1,1
2018430133682,1,19,0,9,0,8,0,0,0,0,3,1,6,3,-1,-1,2198,2,8,-1,-1,-1
2018430133682,2,1,0,18,0,8,0,0,0,0,1,1,6,1,21,5,-1,-1,-1,4,1,4
2018430133692,1,9,0,9,0,5,0,0,0,0,1,1,6,2,38,7,1242,1,11,9,2,9
2018430133692,2,9,0,18,0,8,0,0,0,0,1,1,6,2,34,6,1598,1,11,9,3,9
2018430133945,1,9,0,18,0,0,1,10,7,1,1,1,6,1,21,5,1998,2,11,7,1,7
2018430133977,1,19,0,9,0,6,5,0,0,0,3,1,1,1,24,5,2143,2,2,9,1,9
2018430133977,2,9,0,18,0,8,0,0,0,0,1,1,6,1,57,9,2495,2,18,9,3,9
2018430133978,1,9,0,18,9,0,0,0,0,0,3,1,6,1,-1,-1,-1,-1,-1,-1,-1,-1
2018430133978,2,1,0,18,9,0,0,0,0,0,2,1,6,1,34,6,-1,-1,-1,5,1,5
2018430133980,1,19,0,1,9,0,0,0,2,11,2,1,6,3,-1,-1,1968,2,7,8,1,8
2018430134026,1,9,0,18,0,0,0,0,0,0,1,1,6,1,36,7,1871,2,16,5,3,5
2018430134026,2,9,0,18,0,0,0,0,0,0,1,1,6,2,45,7,1595,1,11,3,1,3
2018430134028,1,9,0,18,0,0,0,0,0,0,4,1,6,3,-1,-1,-1,-1,-1,-1,-1,-1
2018430134034,1,3,0,14,0,1,0,0,0,0,1,1,2,1,24,5,124,1,1,4,2,4
2018430134034,2,19,0,9,0,1,0,0,0,0,2,1,1,1,21,5,1560,2,3,8,3,8
2018430134065,1,2,0,18,0,3,1,0,0,0,1,1,6,1,60,9,-1,-1,-1,9,1,9
2018430134065,2,9,0,17,0,1,0,0,0,0,3,1,6,1,47,8,1998,1,3,7,1,7
2018430134076,1,9,0,18,0,1,0,0,0,0,1,1,6,2,35,6,1995,2,1,8,1,8
2018430134076,2,9,0,4,0,1,0,0,0,0,2,1,6,1,44,7,1587,1,15,6,2,6
2018430134076,3,9,0,4,0,1,0,0,0,0,2,1,6,1,45,7,1560,2,6,5,1,5
2018430134097,1,9,0,18,0,0,0,0,0,0,2,1,2,1,50,8,1197,1,2,9,1,9
2018430134097,2,9,0,18,0,0,0,0,0,0,1,1,2,1,21,5,1591,1,5,6,3,6
2018430134097,3,9,0,18,0,0,0,0,0,0,0,1,1,2,36,7,1248,2,3,9,1,9
2018430134108,1,9,0,18,0,1,0,0,0,0,0,1,6,1,22,5,4367,2,6,-1,-1,-1
2018430134108,2,1,0,18,0,1,0,0,0,0,1,1,6,1,53,8,-1,-1,-1,6,1,6
2018430134108,3,9,0,4,0,1,0,0,0,0,2,1,6,1,24,5,1248,2,14,6,1,6
2018430134134,1,9,0,18,0,1,0,0,0,0,1,1,6,1,-1,-1,2204,2,10,-1,-1,-1
2018430134134,2,1,0,11,0,1,0,0,0,0,2,1,6,1,18,4,-1,-1,-1,10,1,10
2018430134487,1,9,0,17,0,0,5,0,1,3,1,1,6,2,64,9,998,1,4,10,1,10
2018430134671,1,9,0,18,0,1,0,0,0,0,1,1,6,3,55,8,2204,2,9,9,3,9
2018430134671,2,9,0,18,0,1,0,0,0,0,2,1,6,2,48,8,1896,2,15,7,1,7
2018430134708,1,9,0,6,0,6,0,0,0,0,1,1,6,2,51,8,2967,2,2,9,3,9
2018430134708,2,5,0,18,0,8,0,0,0,0,1,1,2,1,64,9,660,1,7,8,2,8
2018430134716,1,9,0,18,0,0,0,0,7,5,1,1,3,1,48,8,1598,1,4,8,1,8
2018430135137,1,9,0,18,0,4,0,0,0,0,3,1,6,1,19,4,1229,1,4,6,2,6
2018430135137,2,9,0,18,0,8,0,0,0,0,1,1,2,1,63,9,1997,2,10,7,1,7
2018430135196,1,9,0,18,0,0,1,0,5,6,1,1,6,2,20,4,1596,1,9,6,1,6
2018430135409,1,9,0,13,0,0,0,0,0,0,1,1,1,1,30,6,1598,2,8,2,1,2
2018430135409,2,9,0,18,0,0,0,0,0,0,1,1,6,1,33,6,1896,2,15,4,1,4
2018430135409,3,9,0,18,0,0,0,0,0,0,0,1,6,1,43,7,1596,1,16,10,1,10
2018430135490,1,3,0,3,0,1,0,0,0,0,3,1,6,1,18,4,125,1,1,2,1,2
2018430135490,2,9,0,5,0,1,0,0,0,0,4,1,6,1,37,7,1368,2,14,7,1,7
2018430135570,1,19,0,18,0,4,1,9,3,1,1,1,6,1,24,5,1560,2,3,7,1,7
2018430135586,1,9,0,18,0,0,0,0,0,0,1,1,2,1,34,6,1242,1,18,4,1,4
2018430135586,2,19,0,18,0,0,0,0,0,0,2,1,6,1,56,9,-1,-1,-1,7,1,7
2018430135586,3,9,0,18,0,0,0,0,0,0,4,1,6,2,26,6,-1,-1,-1,-1,1,-1
2018430136096,1,9,0,4,0,0,0,0,0,0,2,1,6,2,21,5,1198,1,7,-1,-1,-1
2018430136096,2,9,0,18,0,0,0,0,0,0,1,1,6,2,46,8,-1,-1,-1,3,1,3
2018430136119,1,9,0,18,0,0,0,0,0,0,1,1,6,2,37,7,1591,1,4,5,1,5
2018430136119,2,9,0,18,0,0,0,0,0,0,2,1,6,1,34,6,1799,1,11,9,3,9
2018430136119,3,9,0,18,0,0,0,0,0,0,2,1,6,1,50,8,-1,-1,-1,9,1,9
2018430136132,1,9,0,18,0,0,0,0,1,2,1,1,6,2,39,7,1998,1,12,9,1,9
2018430136138,1,9,0,18,0,0,0,0,0,0,1,1,6,1,50,8,1685,2,4,7,2,7
2018430136138,2,9,0,3,0,0,0,0,0,0,2,1,6,1,24,5,1398,1,2,9,1,9
2018430136138,3,9,0,3,0,0,0,0,0,0,2,1,6,1,45,7,2143,2,4,7,1,7
2018430136138,4,90,0,18,0,0,0,0,0,0,0,1,1,3,-1,-1,-1,-1,-1,-1,-1,-1
2018430136188,1,9,0,7,0,6,0,0,0,0,0,1,6,3,-1,-1,-1,-1,-1,-1,-1,-1
2018430136188,2,9,0,18,0,1,5,0,1,4,0,1,6,2,26,6,1199,1,17,10,1,10
2018430136355,1,9,0,18,0,4,1,9,1,1,1,1,6,2,28,6,1242,1,3,7,-1,7
2018430136469,1,9,0,18,0,0,0,0,0,0,1,1,6,1,68,10,-1,-1,-1,9,3,9
2018430136469,2,9,0,18,0,0,0,0,1,0,1,1,6,2,77,11,1395,1,5,7,3,7
2018430136981,1,9,0,9,0,5,0,0,0,0,3,1,6,1,77,11,998,1,1,-1,-1,-1
2018430136981,2,9,0,18,0,8,1,0,0,0,1,1,6,1,19,4,1229,1,6,10,1,10
2018430137257,1,9,0,18,0,8,0,0,0,0,0,1,6,1,-1,-1,1984,2,9,8,2,8
2018430137257,2,9,0,18,0,8,0,0,0,0,0,1,6,1,33,6,1197,1,2,8,3,8
2018430137257,3,9,0,18,0,8,0,0,0,0,0,1,6,1,-1,-1,1560,2,4,8,1,8
2018430137581,1,9,0,5,0,1,0,0,0,0,1,1,6,1,-1,-1,1998,8,1,-1,-1,-1
2018430137581,2,9,0,3,0,1,0,0,0,0,2,1,2,1,60,9,1996,1,17,1,1,1
2018430137585,1,9,0,18,0,0,0,0,0,0,1,1,6,2,35,6,-1,-1,-1,-1,-1,-1
2018430137621,1,9,0,4,0,2,0,0,0,0,1,1,6,2,51,8,1368,1,3,9,3,9
2018430137625,1,9,0,9,0,6,0,0,0,0,3,1,3,2,35,6,1490,1,11,6,1,6
2018430137625,2,9,0,18,0,8,0,0,0,0,1,1,2,2,47,8,1364,1,12,10,1,10
2018430137649,1,9,0,2,0,0,0,0,0,0,3,1,6,2,40,7,1582,2,4,5,1,5
2018430137649,2,1,0,18,0,0,0,8,0,0,1,1,6,2,42,7,-1,-1,-1,5,1,5
2018430137662,1,9,0,16,0,0,0,0,7,4,1,1,6,2,17,4,1299,1,12,9,1,9
2018430137676,1,9,0,18,0,3,1,0,1,4,1,1,6,1,19,4,1364,1,12,2,1,2
2018430137689,1,9,0,18,0,0,0,0,0,0,1,1,6,3,-1,-1,-1,-1,-1,-1,-1,-1
2018430137689,2,9,0,4,0,0,0,0,0,0,2,1,2,1,39,7,1124,1,14,4,1,4
2018430137704,1,9,0,18,0,0,0,0,0,0,1,1,2,1,40,7,1461,2,9,4,1,4
2018430137704,2,9,0,2,0,0,0,0,0,0,2,1,6,3,-1,-1,2000,2,9,-1,-1,-1
2018430137704,3,9,0,2,0,0,0,0,0,0,2,1,6,3,-1,-1,2143,2,4,-1,-1,-1
2018430137705,1,3,0,16,0,0,1,0,7,0,1,1,1,1,51,8,125,1,7,9,2,9
2018430137705,2,9,0,17,0,0,0,0,0,0,1,1,1,1,51,8,1598,2,-1,9,2,9
2018430137760,1,9,0,18,0,4,0,0,0,0,3,1,6,2,21,5,1600,1,6,9,3,9
2018430137760,2,1,0,18,0,8,0,0,0,0,4,1,6,1,42,7,-1,-1,-1,10,1,10
2018430137932,1,9,0,18,0,0,0,0,0,0,3,1,6,3,-1,-1,-1,-1,-1,-1,-1,-1
2018430137932,2,1,0,18,0,0,0,0,0,0,1,1,4,1,16,4,-1,-1,-1,3,1,3
2018430138407,1,21,0,18,0,1,0,0,0,0,1,1,1,1,31,6,12777,2,2,10,1,10
2018430138407,2,9,0,18,0,2,0,0,1,10,1,1,6,1,74,10,1329,1,4,10,1,10
2018430138541,1,9,0,9,0,6,1,0,1,0,3,1,6,2,44,7,1598,1,11,-1,-1,-1
2018430138541,2,9,0,18,0,8,1,0,0,0,1,1,2,2,45,7,1998,1,15,-1,-1,-1
2018430138832,1,5,0,16,0,0,1,0,7,0,1,1,6,1,29,6,-1,-1,-1,8,3,8
2018430138832,2,1,0,18,0,0,0,0,0,0,1,1,6,2,43,7,-1,-1,-1,5,1,5
2018430138850,1,9,0,18,0,4,5,9,0,0,1,1,1,1,57,9,988,1,1,6,1,6
2018430138884,1,9,0,9,0,6,0,4,0,0,4,1,6,1,49,8,1360,1,17,4,1,4
2018430138884,2,9,0,18,0,8,0,0,0,0,1,1,6,2,36,7,1598,1,15,4,1,4
2018430138884,3,9,0,2,0,1,0,0,0,0,2,1,6,3,-1,-1,2199,2,5,-1,-1,-1
2018430139372,1,9,0,18,0,0,1,0,0,0,3,1,1,1,44,7,-1,-1,-1,9,1,9
2018430139379,1,21,1,18,0,8,0,0,0,0,4,1,6,1,49,8,10837,2,3,4,1,4
2018430139379,2,9,0,18,0,8,0,9,0,0,3,1,2,2,33,6,1995,1,10,2,1,2
2018430139435,1,9,0,16,0,0,0,0,0,0,1,1,6,2,64,9,1997,2,1,-1,-1,-1
2018430139435,2,21,0,3,0,0,0,0,0,0,3,1,6,1,60,9,12777,2,3,-1,-1,-1
2018430139435,3,9,0,18,0,0,0,0,0,0,1,1,6,1,19,4,-1,-1,-1,10,2,10
2018430139435,4,9,0,18,0,0,0,0,0,0,1,1,6,1,29,6,1598,1,2,-1,-1,-1
2018430139435,5,9,0,18,0,0,0,0,0,0,2,1,6,1,48,8,1248,2,4,8,2,8
2018430139513,1,19,0,18,0,8,0,0,0,0,1,1,6,1,-1,-1,-1,-1,-1,-1,-1,-1
2018430139513,2,9,0,18,0,8,0,0,0,0,4,1,2,2,29,6,1360,1,6,9,1,9
2018430139513,3,9,0,18,0,4,0,0,7,0,3,1,2,2,58,9,1999,1,11,7,1,7
2018430139595,1,19,0,4,0,0,1,0,0,0,1,1,2,1,26,6,1997,2,1,-1,-1,-1
2018430139595,2,9,0,4,0,0,0,0,0,0,2,1,2,1,29,6,1461,2,3,8,1,8
2018430139606,1,9,0,18,0,0,0,0,0,0,1,1,1,1,48,8,2143,2,5,-1,-1,-1
2018430139606,2,9,0,4,0,0,0,0,0,0,2,1,6,1,35,6,999,1,4,8,1,8
2018430140153,1,9,0,9,0,6,0,0,0,0,1,1,6,1,82,11,1498,1,13,10,1,10
2018430140153,2,3,0,18,0,8,0,0,0,0,4,1,6,1,24,5,124,1,5,4,1,4
2018430140197,1,9,0,18,0,1,0,0,0,0,1,1,6,1,36,7,1968,2,7,10,1,10
2018430140197,2,9,0,8,0,4,0,0,0,0,2,1,6,2,51,8,1685,2,2,10,1,10
2018430140204,1,9,0,7,0,6,0,0,0,0,1,1,6,2,18,4,998,1,10,10,1,10
2018430140204,2,3,0,18,0,1,0,0,0,0,1,1,6,1,17,4,124,1,6,-1,-1,-1
2018430140234,1,9,0,9,2,5,0,0,0,0,4,1,2,1,27,6,1999,1,13,10,1,10
2018430140234,2,1,0,18,2,1,0,0,0,0,1,1,6,2,25,5,-1,-1,-1,-1,-1,-1
2018430140256,1,9,0,18,0,0,0,0,1,9,1,1,6,1,29,6,-1,-1,-1,9,1,9
2018430140303,1,9,0,9,0,6,0,0,0,0,3,1,6,2,-1,-1,-1,-1,-1,-1,-1,-1