Accident_Index,Vehicle_Reference,Vehicle_Type,Towing_and_Articulation,Vehicle_Manoeuvre,Vehicle_Location-Restricted_Lane,Junction_Location,Skidding_and_Overturning,Hit_Object_in_Carriageway,Vehicle_Leaving_Carriageway,Hit_Object_off_Carriageway,1st_Point_of_Impact,Was_Vehicle_Left_Hand_Drive?,Journey_Purpose_of_Driver,Sex_of_Driver,Age_of_Driver,Age_Band_of_Driver,Engine_Capacity_(CC),Propulsion_Code,Age_of_Vehicle,Driver_IMD_Decile,Driver_Home_Area_Type,Vehicle_IMD_Decile
2018430140303,2,9,0,18,0,8,0,0,0,0,1,1,6,1,39,7,-1,-1,-1,3,1,3
2018430140347,1,19,0,1,0,5,0,0,0,0,3,1,6,1,50,8,1560,2,1,-1,-1,-1
2018430140347,2,9,0,5,0,7,0,0,0,0,4,1,2,1,58,9,1984,1,14,2,1,2
2018430140400,1,-1,-1,18,0,1,0,0,0,0,1,1,6,3,-1,-1,-1,-1,-1,-1,-1,-1
2018430140400,2,9,0,18,0,1,0,0,0,0,2,1,3,1,62,9,999,1,-1,5,1,5
2018430140853,1,9,0,18,5,6,0,0,0,0,4,1,6,2,17,4,1299,1,13,9,1,9
2018430140853,2,1,0,18,5,8,0,0,0,0,1,1,6,1,47,8,-1,-1,-1,10,-1,10
2018430141000,1,9,0,18,0,6,1,0,0,0,4,1,2,2,59,9,1686,2,8,7,3,7
2018430141000,2,9,0,18,0,8,0,0,0,0,1,1,6,2,41,7,2143,2,3,10,1,10
2018430141128,1,21,1,11,0,0,0,0,0,0,4,1,1,1,35,6,10837,2,5,2,1,2
2018430141128,2,9,0,18,0,0,0,0,4,6,3,1,6,2,44,7,1598,1,13,6,1,6
2018430141230,1,9,0,18,0,0,0,0,1,4,1,1,3,2,40,7,1798,1,7,9,3,9
2018430141562,1,19,0,9,0,6,0,0,0,0,1,1,6,1,23,5,1560,2,2,6,1,6
2018430141562,2,9,0,18,0,8,0,0,0,0,4,1,6,1,25,5,2204,2,9,7,1,7
2018430141598,1,9,0,18,0,1,0,0,1,10,1,1,6,1,34,6,1596,1,15,2,1,2
2018430141601,1,5,0,18,0,0,1,0,0,0,3,1,6,1,28,6,599,1,10,9,1,9
2018430141601,2,9,0,18,0,0,0,0,0,0,2,1,6,2,59,9,999,1,3,9,1,9
2018430141601,3,9,0,18,0,0,0,0,0,0,2,1,6,2,51,8,2143,2,6,6,1,6
2018430141601,4,9,0,18,0,0,0,0,0,0,2,1,6,2,26,6,1197,1,-1,3,1,3
2018430141601,5,9,0,18,0,0,0,0,0,0,2,1,6,1,41,7,1197,1,1,3,1,3
2018430141601,6,9,0,18,0,0,0,0,0,0,2,1,6,1,23,5,1796,1,12,4,1,4
2018430141642,1,11,0,4,0,1,0,0,0,0,1,1,1,1,-1,-1,-1,-1,-1,-1,-1,-1
2018430141694,1,4,0,13,0,8,0,0,0,0,4,1,1,1,55,8,900,1,1,7,1,7
2018430141694,2,9,0,9,0,5,0,0,0,0,3,1,1,1,46,8,1969,2,2,10,1,10
2018430141764,1,9,0,18,0,1,0,0,0,0,1,1,6,1,60,9,1396,1,1,10,2,10
2018430141764,2,1,0,18,0,1,0,0,0,0,2,1,6,1,23,5,-1,-1,-1,8,1,8
2018430141861,1,11,0,5,0,0,0,0,0,0,0,1,1,1,-1,-1,-1,-1,-1,-1,-1,-1
2018430141890,1,9,0,1,0,0,0,0,0,0,2,1,6,1,30,6,1248,2,6,-1,-1,-1
2018430141890,2,1,0,18,0,0,0,0,0,0,3,1,6,2,23,5,-1,-1,-1,7,1,7
2018430141925,1,9,0,3,0,0,0,0,0,0,2,1,6,1,58,9,1560,2,7,5,1,5
2018430141925,2,1,0,18,4,0,0,0,0,0,1,1,2,1,58,9,-1,-1,-1,5,1,5
2018430142510,1,5,0,10,0,1,0,0,0,0,2,1,2,2,61,9,599,1,16,10,1,10
2018430142510,2,9,0,18,0,1,0,0,0,0,1,1,2,1,69,10,2191,2,1,10,1,10
2018430142693,1,9,0,9,0,8,0,0,0,0,1,1,6,3,-1,-1,-1,-1,-1,-1,-1,-1
2018430142693,2,9,0,18,0,8,0,0,0,0,3,1,1,1,42,7,1956,2,4,4,1,4
2018430142750,1,9,0,9,0,8,0,0,0,0,1,1,6,2,22,5,1198,1,13,8,1,8
2018430142750,2,9,0,18,0,8,0,0,0,0,1,1,6,1,48,8,2776,2,11,7,1,7
2018430143052,1,9,0,9,0,6,0,0,0,0,1,1,6,2,49,8,1598,2,6,6,1,6
2018430143052,2,9,0,18,0,8,0,0,0,0,4,1,6,2,65,9,999,1,4,8,2,8
2018430143332,1,9,0,17,0,0,1,0,7,10,1,1,2,1,30,6,1560,2,6,10,3,10
2018430143332,2,19,0,18,0,0,0,0,0,0,1,1,6,1,51,8,1560,2,4,3,1,3
2018430143609,1,9,0,17,0,0,0,0,2,4,1,1,6,1,18,4,1124,1,13,10,2,10
2018430143636,1,9,0,18,0,0,0,0,1,4,1,1,6,2,24,5,1368,1,7,10,1,10
2018430143770,1,9,0,17,0,0,5,0,1,4,3,1,6,1,16,4,973,1,15,9,2,9
2018430144067,1,9,0,18,0,4,0,0,0,0,1,1,6,1,34,6,1590,1,14,10,1,10
2018430144067,2,9,0,6,0,8,0,0,0,0,3,1,6,2,42,7,2143,2,-1,5,1,5
2018430144493,1,9,0,18,0,0,0,0,0,0,1,1,6,1,20,4,1600,1,7,10,1,10
2018430144493,2,9,0,4,0,0,0,0,0,0,2,1,6,1,35,6,998,1,10,2,1,2
2018430144576,1,9,0,18,0,4,0,0,0,0,3,1,6,1,77,11,1998,1,17,10,2,10
2018430144576,2,1,0,18,0,8,0,0,0,0,1,1,6,1,40,7,-1,-1,-1,7,1,7
2018430144580,1,9,0,2,0,0,0,0,0,0,1,1,6,1,37,7,2148,2,15,-1,-1,-1
2018430144580,2,9,0,2,0,0,0,0,0,0,3,1,1,1,49,8,2231,2,11,6,1,6
2018430144601,1,9,0,7,0,1,0,0,0,0,1,1,6,1,38,7,1560,2,6,8,1,8
2018430144601,2,1,0,18,5,6,0,0,0,0,2,1,6,1,12,3,-1,-1,-1,6,1,6
2018430144688,1,9,0,18,0,8,0,0,0,0,3,1,6,1,65,9,2993,2,9,6,1,6
2018430144688,2,9,0,9,0,5,0,0,0,0,1,1,6,1,60,9,3518,1,11,-1,-1,-1
2018430144703,1,5,0,18,0,0,1,6,0,0,3,1,6,1,26,6,600,1,5,5,1,5
2018430144747,1,8,0,18,0,0,0,0,0,0,1,1,1,1,65,9,1560,2,5,3,1,3
2018430144747,2,19,0,3,0,0,0,0,0,0,2,1,1,1,32,6,1560,2,2,4,1,4
2018430144747,3,9,0,3,0,0,0,0,0,0,2,1,6,1,42,7,999,1,5,6,1,6
2018430144747,4,9,0,3,0,0,0,0,0,0,2,1,6,1,47,8,4367,2,2,10,1,10
2018430144774,1,9,0,18,0,1,0,0,0,0,1,1,6,2,20,4,-1,-1,-1,-1,-1,-1
2018430144774,2,1,0,18,0,1,0,0,0,0,3,1,6,2,18,4,-1,-1,-1,3,1,3
2018430144823,1,9,0,5,0,6,0,0,0,0,1,1,6,1,40,7,1950,2,2,-1,-1,-1
2018430144823,2,1,0,18,4,8,0,0,0,0,4,1,2,2,58,9,-1,-1,-1,5,1,5
2018430144825,1,19,0,13,0,0,0,0,0,0,4,1,6,1,-1,-1,2402,2,7,-1,-1,-1
2018430144825,2,1,0,18,0,0,1,0,0,0,3,1,2,1,39,7,-1,-1,-1,5,1,5
2018430144972,1,9,0,18,0,1,0,0,0,0,1,1,6,2,-1,-1,2143,2,5,-1,-1,-1
2018430144972,2,9,0,8,0,1,0,0,0,0,2,1,6,2,51,8,1318,1,2,8,1,8
2018430144984,1,19,0,18,0,8,5,0,7,0,1,1,1,1,22,5,1499,2,1,-1,-1,-1
2018430144984,2,9,0,18,0,8,0,0,0,0,3,1,6,1,78,11,1995,2,6,10,1,10
2018430145002,1,-1,-1,18,0,1,0,0,0,0,1,1,6,3,-1,-1,-1,-1,-1,-1,-1,-1
2018430145002,2,9,0,18,0,1,0,0,0,0,2,1,2,2,34,6,998,1,6,6,1,6
2018430145928,1,19,0,9,0,5,0,0,0,0,1,1,1,1,43,7,1968,2,3,1,1,1
2018430145928,2,9,0,18,0,8,0,0,0,0,1,1,2,2,26,6,1598,1,14,4,1,4
2018430145940,1,9,0,9,0,6,0,0,0,0,3,1,6,2,21,5,998,1,12,2,1,2
2018430145940,2,9,0,18,0,1,0,0,0,0,1,1,6,1,67,10,1388,1,8,3,1,3
2018430145964,1,3,0,13,0,0,0,0,0,0,1,1,6,1,25,5,124,1,8,6,1,6
2018430145964,2,9,0,9,0,0,0,0,0,0,3,1,6,1,30,6,1998,1,23,3,1,3
2018430145985,1,9,0,14,0,1,0,0,0,0,1,1,6,2,81,11,-1,-1,-1,9,1,9
2018430145985,2,19,0,2,0,1,0,0,0,0,2,1,6,3,59,9,-1,-1,-1,-1,-1,-1
2018430145985,3,9,0,2,0,1,0,0,0,0,2,1,6,3,-1,-1,1587,1,15,-1,-1,-1
2018430145985,4,9,0,2,0,1,0,0,0,0,2,1,6,3,60,9,-1,-1,-1,-1,-1,-1
2018430145988,1,9,0,4,0,1,0,0,0,0,1,1,6,1,28,6,1796,1,16,4,1,4
2018430145988,2,9,0,4,0,1,0,0,0,0,2,1,6,2,46,8,1998,2,10,8,3,8
2018430146016,1,9,0,1,0,0,0,0,0,0,2,1,6,1,-1,-1,1968,2,9,-1,-1,-1
2018430146020,1,19,0,18,0,1,0,0,0,0,1,1,1,1,50,8,2198,2,5,-1,-1,-1
2018430146020,2,9,0,8,0,1,0,0,0,0,2,1,6,2,36,7,2199,2,1,10,1,10
2018430146027,1,9,0,9,0,8,0,0,0,0,1,1,1,1,29,6,1968,2,1,6,1,6
2018430146027,2,9,0,18,0,1,0,0,0,0,1,1,1,1,32,6,1591,1,8,9,1,9
2018430146050,1,1,0,18,0,8,0,0,0,0,2,1,6,1,17,4,-1,-1,-1,5,1,5
2018430146050,2,9,0,7,0,6,0,0,0,0,1,1,6,2,25,5,1796,1,11,8,1,8
2018430146051,1,1,0,18,0,8,0,0,0,0,1,1,4,2,12,3,-1,-1,-1,8,1,8
2018430146051,2,9,0,18,0,8,0,0,0,0,1,1,6,1,-1,-1,-1,-1,-1,-1,-1,-1
2018430146160,1,19,5,18,0,1,0,0,0,0,1,1,6,1,-1,-1,-1,-1,-1,-1,-1,-1
2018430146160,2,9,0,3,0,1,0,0,0,0,2,1,6,1,48,8,1991,2,14,10,2,10
2018430146217,1,19,0,9,0,5,0,0,0,0,1,1,1,1,41,7,1995,2,6,-1,-1,-1
2018430146499,1,21,0,9,0,5,0,0,0,0,1,1,1,1,61,9,6692,2,10,2,1,2
2018430146499,2,1,0,18,0,8,1,0,0,0,1,1,6,1,46,8,-1,-1,-1,3,1,3
2018430146986,1,9,0,18,0,0,5,7,0,0,1,1,6,1,18,4,1398,1,6,6,1,6
2018430146986,2,9,0,18,0,0,0,0,0,0,1,1,6,1,46,8,1997,2,10,6,1,6
2018430147108,1,9,0,9,0,6,0,0,0,0,0,1,6,1,42,7,-1,-1,-1,10,2,10
2018430147108,2,9,0,18,0,1,0,0,7,9,3,1,6,1,34,6,1339,1,13,10,1,10
2018430147130,1,5,0,18,0,0,0,0,0,0,1,1,6,1,30,6,125,1,2,8,1,8
2018430147130,2,8,0,3,0,0,0,0,0,0,2,1,6,1,47,8,2664,2,17,10,1,10
2018430147145,1,9,0,18,0,4,0,0,0,0,1,1,6,2,66,10,-1,-1,-1,2,1,2
2018430147145,2,9,0,18,0,4,0,0,0,0,2,1,6,2,39,7,2000,2,14,7,1,7
2018430147145,3,9,0,17,0,8,0,0,0,0,0,1,6,3,-1,-1,-1,-1,-1,-1,-1,-1
2018430147162,1,9,0,18,0,8,0,0,0,0,3,1,6,1,43,7,1910,2,10,6,1,6
2018430147162,2,9,0,9,0,5,0,0,0,0,1,1,6,1,22,5,1364,1,3,4,1,4
2018430147164,1,9,0,9,0,8,0,0,0,0,4,1,2,2,52,8,1240,1,11,1,1,1
2018430147164,2,9,0,18,0,1,0,0,0,0,1,1,2,2,25,5,1339,1,10,8,3,8
2018430147165,1,9,0,5,0,1,0,0,0,0,4,1,1,2,50,8,1198,1,5,8,3,8
2018430147165,2,4,0,18,0,1,0,0,0,0,1,1,6,1,21,5,599,1,11,9,3,9
2018430147182,1,9,0,9,0,5,0,0,0,0,3,1,6,1,43,7,2143,2,2,9,3,9
2018430147182,2,3,0,14,0,1,0,0,0,0,1,1,6,1,22,5,124,1,11,9,2,9
2018430147197,1,9,0,13,0,0,0,0,0,0,1,1,6,1,50,8,1796,1,9,3,1,3
2018430147197,2,1,0,18,4,0,0,0,0,0,2,1,6,2,43,7,-1,-1,-1,7,1,7
2018430147223,1,9,0,9,0,8,0,0,0,0,1,1,6,2,32,6,1968,2,5,5,1,5
2018430147223,2,1,0,18,4,1,1,0,0,0,4,1,6,2,22,5,-1,-1,-1,9,1,9
2018430147227,1,1,0,18,0,8,0,0,0,0,3,1,2,2,60,9,-1,-1,-1,3,1,3
2018430147227,2,9,0,18,0,8,0,0,0,0,1,1,6,1,53,8,3999,1,10,6,1,6
2018430147331,1,9,0,5,0,4,0,0,0,0,1,1,6,1,18,4,1598,1,13,5,1,5
2018430147331,2,1,0,18,0,8,0,0,0,0,4,1,6,1,21,5,-1,-1,-1,4,1,4
2018430147345,1,8,0,9,0,5,0,0,0,0,1,1,1,1,57,9,1497,8,9,-1,-1,-1
2018430147345,2,1,0,10,0,1,0,0,0,0,4,1,6,1,53,8,-1,-1,-1,4,1,4
2018430147366,1,9,0,12,0,0,0,0,1,0,1,1,6,1,27,6,1595,2,8,10,2,10
2018430147366,2,21,1,18,0,0,0,0,0,0,2,1,1,1,59,9,12809,2,4,9,2,9
2018430147393,1,9,0,9,0,8,0,0,0,0,1,1,6,2,57,9,1595,1,5,7,1,7
2018430147393,2,9,0,18,0,1,0,0,1,3,3,1,6,1,77,11,1396,1,9,7,1,7
2018430147407,1,1,0,7,0,6,0,0,0,0,0,1,6,2,39,7,-1,-1,-1,10,3,10
2018430147456,1,5,0,13,0,0,1,7,0,0,1,1,6,1,64,9,1340,1,24,7,2,7
2018430147456,2,9,0,18,0,0,0,0,0,0,1,1,2,1,56,9,1999,1,6,10,1,10
2018430148054,1,9,0,9,0,6,0,0,0,0,1,1,6,2,25,5,998,1,6,-1,-1,-1
2018430148078,1,9,0,18,0,1,0,0,0,0,1,1,2,1,32,6,1560,2,9,2,1,2
2018430148078,2,1,0,18,0,2,0,0,0,0,1,1,6,1,33,6,-1,-1,-1,10,1,10
2018430148097,1,1,0,13,0,0,0,0,0,0,0,1,6,3,-1,-1,-1,-1,-1,-1,-1,-1
2018430148097,2,1,0,18,0,0,0,0,0,0,3,1,6,2,20,4,-1,-1,-1,6,1,6
2018430148097,3,11,0,2,0,0,0,0,0,0,3,1,6,3,-1,-1,-1,-1,-1,-1,-1,-1
2018430148319,1,9,0,18,0,0,1,10,1,7,1,1,6,1,59,9,1389,1,23,4,1,4
2018430148381,1,9,0,18,0,8,0,0,3,10,1,1,2,2,26,6,1461,2,2,3,1,3
2018430148382,1,9,0,9,0,6,0,0,0,0,3,1,6,1,68,10,998,1,5,7,2,7
2018430148382,2,9,0,18,0,8,0,0,0,0,1,1,6,2,75,10,1598,1,18,8,3,8
2018430148384,1,9,0,18,0,0,0,7,0,0,1,1,6,2,55,8,1360,1,10,10,1,10
2018430148403,1,9,0,6,0,0,0,0,0,0,2,1,6,2,35,6,1968,2,12,-1,-1,-1
2018430148403,2,4,0,18,0,0,0,0,0,0,3,1,2,1,18,4,124,1,16,6,1,6
2018430148429,1,19,0,12,0,0,0,0,0,0,0,1,1,1,37,7,2143,2,2,5,3,5
2018430148429,2,9,0,18,0,0,0,0,5,6,1,1,6,2,22,5,1762,1,22,6,3,6
2018430148429,3,9,0,18,0,0,0,0,0,0,1,1,6,1,22,5,-1,-1,-1,10,1,10
2018430148493,1,9,0,9,0,6,0,0,0,0,3,1,6,2,35,6,1598,1,11,5,1,5
2018430148493,2,9,0,16,0,1,0,0,0,0,1,1,6,1,80,11,1582,2,10,-1,-1,-1
2018430148508,1,19,0,18,0,1,0,0,0,0,1,1,6,1,71,10,1560,2,2,8,3,8
2018430148508,2,9,0,10,0,1,0,0,0,0,2,1,6,2,38,7,2148,2,11,8,2,8
2018430148525,1,9,0,18,0,0,0,10,7,9,1,1,6,1,18,4,1149,1,14,10,2,10
2018430148526,1,1,0,18,0,1,0,0,0,0,0,1,6,2,59,9,-1,-1,-1,10,2,10
2018430148546,1,9,0,18,0,0,0,0,0,0,3,1,6,1,35,6,1995,2,2,-1,-1,-1
2018430148546,2,9,0,18,0,0,0,0,0,0,3,1,2,1,26,6,1242,1,2,-1,-1,-1
2018430148578,1,9,0,14,0,1,5,0,0,0,4,1,2,2,61,9,1200,1,2,5,1,5
2018430148578,2,9,0,9,0,6,0,0,0,0,1,1,2,2,31,6,2143,2,1,8,-1,8
2018430148587,1,9,0,18,0,0,0,0,0,0,2,1,6,3,-1,-1,1995,2,5,-1,-1,-1
2018430148587,2,9,0,18,0,0,0,0,0,0,1,1,6,1,21,5,1368,1,8,1,1,1
2018430148587,3,9,0,18,0,0,0,0,1,7,1,1,6,1,25,5,1968,2,4,2,1,2
2018430148591,1,9,0,18,0,1,0,0,0,0,2,1,6,3,-1,-1,-1,-1,-1,-1,-1,-1
2018430148591,2,9,0,7,0,1,0,0,0,0,2,1,6,1,-1,-1,1596,1,13,-1,-1,-1
2018430148763,1,1,0,18,0,1,0,0,0,0,3,1,6,1,15,3,-1,-1,-1,6,1,6
2018430148763,2,9,0,7,0,1,0,0,0,0,1,1,2,1,33,6,-1,-1,-1,7,1,7
2018430149130,1,9,0,18,0,1,0,0,0,0,1,1,6,2,53,8,-1,-1,-1,9,3,9
2018430149130,2,9,0,10,0,1,0,0,0,0,2,1,6,2,29,6,1956,2,4,6,1,6
2018430149212,1,2,0,9,0,8,0,0,0,0,1,1,6,1,16,4,-1,-1,-1,10,1,10
2018430149212,2,9,0,18,0,8,0,0,0,0,3,1,6,1,30,6,-1,-1,-1,6,1,6
2018430149278,1,9,0,18,0,0,0,0,0,0,1,1,2,2,20,4,1061,1,14,-1,-1,-1
2018430149278,2,9,0,18,0,0,0,0,0,0,2,1,1,1,31,6,1199,1,17,5,1,5
2018430149314,1,9,0,7,0,5,0,0,0,0,4,1,6,2,33,6,1392,1,20,10,1,10
2018430149314,2,5,0,18,0,8,1,0,1,1,1,1,6,1,20,4,680,1,10,10,1,10
2018430149399,1,9,0,7,0,6,1,0,0,0,1,1,2,2,-1,-1,1395,1,5,4,-1,4
2018430149399,2,9,0,18,0,8,0,0,0,0,1,1,6,1,63,9,1560,2,10,2,1,2
2018430149399,3,1,0,18,0,8,0,0,0,0,4,1,6,1,34,6,-1,-1,-1,2,1,2
2018430149679,1,9,0,9,0,6,0,0,0,0,3,1,1,1,27,6,1995,2,14,3,1,3
2018430149679,2,9,0,18,0,8,0,0,0,0,1,1,6,1,84,11,-1,-1,-1,10,1,10
2018430149718,1,9,0,7,0,2,0,0,0,0,4,1,1,1,31,6,1799,1,11,6,1,6
2018430149718,2,1,0,18,5,6,0,0,0,0,1,1,6,2,41,7,-1,-1,-1,9,2,9
2018430149725,1,9,0,9,0,6,0,0,0,0,3,1,1,1,36,7,1753,2,9,7,3,7
2018430149725,2,9,0,18,0,1,0,0,0,0,1,1,1,1,27,6,-1,-1,-1,9,1,9
2018430149725,3,9,0,7,0,5,0,0,0,0,0,1,6,3,-1,-1,-1,-1,-1,-1,-1,-1
2018430149745,1,9,0,5,8,0,0,0,1,2,3,1,6,2,90,11,1396,1,7,8,1,8
2018430149745,2,9,0,18,0,0,0,0,0,0,4,1,6,1,59,9,1997,2,12,6,1,6
2018430149748,1,9,0,18,0,0,5,0,7,0,4,1,2,1,23,5,1598,2,2,8,1,8
2018430149748,2,21,1,18,0,0,4,0,1,0,4,1,1,1,38,7,12777,2,3,4,1,4
2018430149763,1,19,0,18,0,0,0,0,0,0,4,1,6,1,60,9,2402,2,13,-1,-1,-1
2018430149779,1,9,0,14,0,0,0,0,0,0,4,1,6,2,48,8,1560,2,5,7,1,7
2018430149795,1,8,0,9,0,5,0,0,0,0,2,1,1,1,50,8,-1,-1,-1,-1,-1,-1
2018430149795,2,1,0,18,0,8,0,0,0,0,4,1,1,1,50,8,-1,-1,-1,6,3,6
2018430149817,1,9,0,9,0,5,0,0,0,0,1,1,6,2,69,10,-1,-1,-1,10,1,10
2018430149817,2,5,0,15,0,8,0,0,0,0,1,1,2,1,47,8,649,1,6,9,1,9
2018430149820,1,9,0,17,0,0,0,0,0,0,1,1,3,2,35,6,998,1,13,10,1,10
2018430149825,1,9,0,9,0,5,0,0,0,0,4,1,3,2,48,8,-1,-1,-1,10,2,10
2018430149825,2,1,0,18,0,8,0,0,0,0,1,1,2,2,41,7,-1,-1,-1,10,1,10
2018430149825,3,9,0,3,0,1,0,0,0,0,0,1,6,3,-1,-1,-1,-1,-1,-1,-1,-1
2018430149853,1,11,0,18,0,0,0,0,0,0,1,1,1,1,55,8,6696,2,3,-1,-1,-1
2018430149853,2,9,0,3,0,0,0,0,0,0,2,1,6,3,-1,-1,-1,-1,-1,-1,-1,-1
2018430149870,1,9,0,18,0,0,0,0,0,0,4,1,6,3,-1,-1,-1,-1,-1,-1,-1,-1
2018430149885,1,9,0,12,0,8,0,0,0,0,1,1,6,2,43,7,1910,2,10,7,1,7
2018430149885,2,9,0,18,0,8,0,0,0,0,4,2,2,1,54,8,1598,1,13,8,1,8
2018430149892,1,9,0,17,0,0,1,10,1,0,1,1,2,2,21,5,1242,1,2,10,1,10
2018430149892,2,9,0,18,0,0,0,0,1,9,1,1,6,1,22,5,1398,1,1,10,1,10
2018430149894,1,21,1,11,0,0,0,0,0,0,4,1,1,1,29,6,12900,2,9,8,2,8
2018430149894,2,9,0,18,0,0,1,0,0,0,3,1,1,2,45,7,1995,2,2,10,1,10
2018430149927,1,19,0,8,0,1,0,0,0,0,1,1,6,3,-1,-1,2198,2,2,-1,-1,-1
2018430149927,2,9,0,8,0,1,0,0,0,0,2,1,2,1,43,7,1498,1,1,7,-1,7
2018430149939,1,9,0,8,0,1,0,0,0,0,1,1,6,2,45,7,-1,-1,-1,9,3,9
2018430149939,2,1,0,18,0,8,0,0,0,0,4,1,2,1,35,6,-1,-1,-1,8,1,8
2018430150073,1,1,0,18,5,0,0,0,0,0,1,1,6,1,14,3,-1,-1,-1,7,1,7
2018430150073,2,9,0,7,-1,0,0,0,0,0,1,1,6,1,14,3,-1,-1,-1,7,1,7
2018430150126,1,21,0,18,0,1,0,0,0,0,1,1,1,1,52,8,12740,2,2,7,3,7
2018430150126,2,20,0,9,0,6,0,0,0,0,1,1,1,1,41,7,2287,2,5,8,3,8
2018430150126,3,9,0,9,0,6,0,0,0,0,1,1,2,1,38,7,1242,1,4,10,1,10
2018430150248,1,9,0,18,0,0,0,0,0,0,1,1,2,1,54,8,1598,1,4,5,3,5
2018430150373,1,19,0,18,0,0,0,0,0,0,1,1,2,1,22,5,1499,2,1,-1,-1,-1
2018430150373,2,9,0,18,0,0,0,0,0,0,2,1,2,2,58,9,1395,1,2,9,2,9
2018430150373,3,9,0,18,0,0,0,0,0,0,2,1,2,1,21,5,-1,-1,-1,-1,-1,-1
2018430151050,1,9,0,9,0,6,0,0,0,0,3,1,6,2,23,5,999,1,1,1,1,1
2018430151050,2,9,0,18,0,1,0,0,0,0,1,1,6,1,25,5,-1,-1,-1,6,3,6
2018430151060,1,9,0,18,0,8,0,0,4,1,4,1,6,1,29,6,1781,1,29,4,1,4
2018430151060,2,9,0,9,0,8,0,0,0,0,1,1,6,1,41,7,1560,2,3,8,1,8
2018430151088,1,9,0,18,0,0,0,0,0,0,1,1,6,1,83,11,1197,1,5,-1,-1,-1
2018430151088,2,9,0,2,0,0,0,0,0,0,1,1,6,3,-1,-1,-1,-1,-1,-1,-1,-1
2018430151088,3,9,0,2,0,0,0,0,0,0,1,1,6,3,-1,-1,1398,1,12,-1,-1,-1
2018430151441,1,5,0,16,0,4,1,0,4,0,1,1,6,1,31,6,-1,-1,-1,7,3,7
2018430152112,1,9,0,18,0,0,0,0,1,1,1,1,6,1,37,7,2993,2,4,6,1,6
2018430152418,1,9,0,18,0,1,1,0,0,0,1,1,6,1,46,8,1364,1,-1,9,2,9
2018430152418,2,9,0,10,0,1,0,0,0,0,2,1,6,1,25,5,1968,2,12,5,1,5
2018430152418,3,9,0,18,0,1,0,0,0,0,1,1,6,2,30,6,1968,2,4,5,1,5
2018430152521,1,9,0,18,0,0,1,4,7,10,4,1,6,1,19,4,1199,1,15,-1,-1,-1
2018430152521,2,9,0,2,0,0,0,0,0,0,0,1,6,3,-1,-1,1781,1,25,-1,-1,-1
2018430152627,1,9,0,18,0,0,0,0,0,0,4,1,6,2,78,11,1948,1,16,-1,-1,-1
2018430152693,1,9,0,18,0,0,0,0,0,0,1,1,1,1,22,5,1248,2,11,5,1,5
2018430152693,2,9,0,4,0,0,0,0,0,0,2,1,6,2,71,10,875,1,6,4,1,4
2018430152695,1,9,0,9,0,6,0,0,0,0,3,1,6,1,59,9,1968,2,9,6,1,6
2018430152695,2,9,0,18,0,1,0,0,0,0,1,1,6,1,58,9,1999,2,1,4,1,4
2018430152720,1,19,0,13,0,0,0,0,0,0,0,1,6,3,-1,-1,-1,-1,-1,-1,-1,-1
2018430152720,2,3,0,4,0,0,0,0,0,0,2,1,6,1,29,6,125,1,7,3,1,3
2018430152720,3,9,0,18,0,0,0,0,0,0,1,1,6,2,42,7,1248,2,8,5,1,5
2018430152721,1,9,0,9,0,5,0,0,0,0,3,1,6,1,65,9,4701,1,14,8,3,8
2018430152721,2,1,0,8,0,1,0,0,0,0,3,1,6,1,29,6,-1,-1,-1,9,1,9
2018430152723,1,9,0,9,0,6,0,0,0,0,1,1,1,2,25,5,1248,2,4,3,1,3
2018430152723,2,1,0,14,0,8,0,0,0,0,3,1,2,1,26,6,-1,-1,-1,4,1,4
2018430152723,3,11,0,3,0,1,0,0,0,0,0,1,1,3,-1,-1,-1,-1,-1,-1,-1,-1
2018430152734,1,9,0,14,0,8,0,0,0,0,1,1,6,1,64,9,1896,2,12,10,1,10
2018430152734,2,9,0,9,0,8,0,0,0,0,3,1,6,1,58,9,1783,7,15,10,1,10
2018430152779,1,9,0,18,0,0,0,0,7,2,1,1,1,1,27,6,1149,1,10,8,1,8
2018430152779,2,9,0,3,0,0,0,0,0,0,2,1,1,1,29,6,-1,-1,-1,9,1,9
2018430152779,3,9,0,3,0,0,0,0,0,0,2,1,1,2,50,8,1598,1,7,9,3,9
2018430152779,4,9,0,18,0,0,0,0,0,0,1,1,1,1,26,6,1198,1,16,6,1,6
2018430152804,1,9,0,18,0,0,0,0,0,0,1,1,6,1,33,6,1398,1,14,8,1,8
2018430152804,2,19,0,4,0,0,0,0,0,0,2,1,1,1,44,7,1995,2,5,3,1,3
2018430152804,3,9,0,4,0,0,0,0,0,0,2,1,6,1,41,7,2993,2,2,5,1,5
2018430152812,1,9,0,18,0,1,0,0,0,0,0,1,1,1,50,8,2000,1,13,4,1,4
2018430152812,2,90,0,18,0,1,1,0,0,0,0,1,2,1,43,7,-1,-1,-1,3,1,3
2018430152886,1,9,0,7,0,8,0,0,0,0,4,1,6,1,60,9,2143,2,1,-1,-1,-1
2018430152886,2,1,0,18,0,1,0,0,0,0,1,1,2,1,23,5,-1,-1,-1,5,1,5