Accident_Index,Vehicle_Reference,Vehicle_Type,Towing_and_Articulation,Vehicle_Manoeuvre,Vehicle_Location-Restricted_Lane,Junction_Location,Skidding_and_Overturning,Hit_Object_in_Carriageway,Vehicle_Leaving_Carriageway,Hit_Object_off_Carriageway,1st_Point_of_Impact,Was_Vehicle_Left_Hand_Drive?,Journey_Purpose_of_Driver,Sex_of_Driver,Age_of_Driver,Age_Band_of_Driver,Engine_Capacity_(CC),Propulsion_Code,Age_of_Vehicle,Driver_IMD_Decile,Driver_Home_Area_Type,Vehicle_IMD_Decile
2018430165127,1,9,0,18,0,0,0,10,7,3,4,1,6,2,19,4,1242,1,8,7,3,7
2018430165127,2,9,0,18,0,0,0,0,0,0,3,1,6,1,26,6,1984,1,9,7,1,7
2018430165127,3,5,0,18,0,0,0,0,0,0,3,1,6,1,31,6,599,1,17,10,1,10
2018430165253,1,9,0,16,0,0,1,4,7,0,1,1,6,1,22,5,1995,1,14,-1,-1,-1
2018430165253,2,8,0,2,0,0,0,0,0,0,1,1,6,3,-1,-1,1998,2,6,-1,-1,-1
2018430165375,1,8,0,9,0,8,0,0,0,0,1,1,1,1,37,7,1997,2,9,7,1,7
2018430165375,2,3,0,18,0,8,0,0,0,0,3,1,2,1,50,8,124,1,8,7,1,7
2018430165378,1,9,0,18,0,8,0,0,7,2,1,1,6,2,19,4,1242,1,14,1,1,1
2018430165913,1,9,0,18,0,0,0,0,0,0,4,1,6,1,27,6,1598,1,12,3,1,3
2018430166905,1,5,0,18,0,8,0,0,0,0,1,1,6,1,45,7,599,1,14,7,3,7
2018430166905,2,9,0,18,0,3,0,0,0,0,2,1,6,1,26,6,1598,2,6,9,2,9
2018430167456,1,9,0,17,0,8,2,0,1,4,4,1,6,1,18,4,1199,1,14,8,1,8
2018430167464,1,9,0,18,0,1,0,0,0,0,1,1,6,2,68,10,1390,1,5,7,1,7
2018430167464,2,9,0,3,0,1,0,0,0,0,2,1,6,1,66,10,1968,2,3,-1,-1,-1
2018430167546,1,9,0,13,0,0,2,0,1,1,4,1,6,1,43,7,1598,1,13,-1,-1,-1
2018430167560,1,1,0,18,0,8,0,0,0,0,0,1,6,1,69,10,-1,-1,-1,10,1,10
2018430167820,1,9,0,18,0,8,0,0,0,0,4,1,6,2,50,8,1968,2,4,9,1,9
2018430167837,1,2,0,13,0,0,0,0,7,0,1,1,6,1,16,4,-1,-1,-1,10,1,10
2018430167837,2,9,0,10,0,0,0,0,0,0,3,1,6,2,20,4,-1,-1,-1,5,1,5
2018430167837,3,19,0,2,0,0,0,0,0,0,2,1,6,3,-1,-1,1461,2,13,-1,-1,-1
2018430167877,1,9,0,18,0,0,0,0,0,0,1,1,6,3,-1,-1,-1,-1,-1,2,1,2
2018430167877,2,9,0,18,0,0,0,0,0,0,1,1,6,1,37,7,1596,1,15,6,1,6
2018430167895,1,9,0,18,0,8,0,0,0,0,4,1,6,1,54,8,1699,1,10,9,3,9
2018430167895,2,9,0,7,0,6,0,0,0,0,1,1,6,1,-1,-1,1951,2,12,6,3,6
2018430168021,1,9,0,17,0,0,0,0,0,0,3,1,6,1,21,5,1390,1,16,6,3,6
2018430168021,2,9,0,16,0,0,1,0,0,0,3,1,6,2,82,11,1197,1,2,4,1,4
2018430168239,1,9,0,13,0,0,0,0,0,0,3,1,6,1,20,4,1197,1,5,8,2,8
2018430168458,1,9,0,9,0,8,0,0,0,0,4,1,6,1,53,8,1997,2,5,7,1,7
2018430168458,2,9,0,18,0,1,0,0,0,0,3,1,6,1,26,6,-1,-1,-1,4,1,4
2018430168458,3,9,0,18,0,1,0,0,0,0,3,1,6,1,74,10,1395,1,1,9,1,9
2018430168878,1,9,0,18,0,0,0,0,7,9,1,1,6,2,40,7,1998,2,10,10,1,10
2018430168878,2,9,0,18,0,0,0,0,1,9,1,1,6,2,70,10,1197,1,2,10,1,10
2018430168903,1,9,0,5,0,1,0,0,0,0,1,1,6,1,36,7,1956,2,-1,10,1,10
2018430168903,2,9,0,3,0,1,0,0,0,0,2,1,6,1,40,7,999,1,1,7,1,7
2018430169018,1,9,0,9,0,6,0,0,0,0,3,1,6,2,25,5,1229,1,1,9,2,9
2018430169018,2,2,0,18,0,8,0,0,0,0,1,1,6,1,16,4,49,1,7,9,2,9
2018430169040,1,9,0,16,0,1,2,0,1,0,4,1,6,1,50,8,1975,1,11,10,1,10
2018430169150,1,8,0,18,0,0,0,7,0,0,-1,1,1,3,-1,-1,-1,-1,-1,-1,-1,-1
2018430169188,1,9,0,7,0,6,0,0,0,0,1,1,6,1,-1,-1,1229,1,10,9,1,9
2018430169188,2,9,0,18,0,8,0,0,0,0,3,1,6,1,27,6,-1,-1,-1,7,1,7
2018430169222,1,1,0,18,0,0,0,4,0,0,1,1,6,2,-1,-1,-1,-1,-1,8,1,8
2018430169222,2,9,0,2,0,0,0,0,0,0,2,1,6,2,35,6,1242,1,5,7,3,7
2018430169263,1,9,0,18,0,0,0,0,0,0,1,1,6,1,35,6,-1,-1,-1,6,1,6
2018430169306,1,9,0,13,0,0,0,0,0,0,3,1,6,3,-1,-1,1988,1,15,-1,-1,-1
2018430169306,2,9,0,18,0,0,0,0,0,0,3,1,6,1,55,8,2198,1,16,8,1,8
2018430169334,1,9,0,18,0,0,0,0,0,0,1,1,6,1,30,6,1339,1,9,5,1,5
2018430169334,2,9,0,4,0,0,0,0,0,0,2,1,6,2,55,8,1496,1,-1,7,1,7
2018430169334,3,9,0,4,0,0,0,0,0,0,2,1,6,1,39,7,1968,2,1,5,3,5
2018430169334,4,8,0,4,0,0,0,0,0,0,2,1,6,1,49,8,-1,-1,-1,-1,-1,-1
2018430169391,1,9,0,18,0,0,0,0,0,0,4,1,6,1,-1,-1,-1,-1,-1,-1,-1,-1
2018430169391,2,1,0,18,0,0,0,0,0,0,3,1,6,1,-1,-1,-1,-1,-1,-1,-1,-1
2018430169441,1,9,0,18,0,2,0,0,1,1,3,1,6,1,28,6,1461,2,13,4,1,4
2018430169441,2,1,0,18,0,8,0,0,0,0,4,1,6,1,8,2,-1,-1,-1,6,1,6
2018430169464,1,9,0,18,0,4,0,0,0,0,4,1,6,1,35,6,1364,2,10,-1,-1,-1
2018430169464,2,1,0,18,0,8,0,0,0,0,3,1,6,2,63,9,-1,-1,-1,7,1,7
2018430170478,1,9,0,14,0,0,0,0,0,0,1,1,6,1,-1,-1,1390,1,9,-1,-1,-1
2018430170481,1,9,0,18,0,0,0,0,0,0,3,1,6,2,25,5,-1,-1,-1,-1,-1,-1
2018430170481,2,2,0,14,0,0,0,0,0,0,1,1,6,1,43,7,49,1,8,7,1,7
2018430170491,1,9,0,18,0,1,0,0,0,0,1,1,6,3,-1,-1,-1,-1,-1,-1,-1,-1
2018430170491,2,9,0,18,0,1,0,0,0,0,2,1,6,2,47,8,1598,1,14,5,1,5
2018430170505,1,5,0,15,0,0,0,0,0,0,3,1,6,1,31,6,998,1,15,3,1,3
2018430170505,2,9,0,18,0,0,0,0,0,0,4,1,1,1,47,8,-1,-1,-1,10,1,10
2018430170505,3,9,0,18,0,0,0,0,0,0,2,1,6,2,27,6,1968,2,11,5,1,5
2018430170533,1,9,0,17,0,0,2,0,7,10,4,1,6,2,21,5,1242,1,7,8,3,8
2018430170549,1,19,0,18,0,6,2,0,3,0,4,1,1,1,60,9,-1,-1,-1,7,3,7
2018430170549,2,9,0,18,0,8,1,0,1,0,1,1,6,2,51,8,-1,-1,-1,8,2,8
2018430170555,1,8,0,9,0,5,0,0,0,0,4,1,1,1,41,7,1968,2,13,-1,-1,-1
2018430170555,2,9,0,18,0,8,0,0,1,2,1,1,6,1,25,5,3993,1,4,8,1,8
2018430170612,1,9,0,9,0,8,0,0,0,0,4,1,6,1,41,7,1496,2,2,8,1,8
2018430170612,2,9,0,18,0,8,1,0,0,0,1,1,2,1,31,6,1598,1,17,5,1,5
2018430170623,1,5,0,16,0,0,0,0,0,0,0,1,6,1,66,10,1170,1,5,10,2,10
2018430170628,1,9,0,4,0,0,0,0,0,0,0,1,1,1,61,9,2993,2,2,2,1,2
2018430170628,2,9,0,13,0,0,0,0,0,0,2,1,6,1,26,6,1591,1,1,1,1,1
2018430170628,3,9,0,13,0,0,0,0,0,0,1,1,6,1,31,6,2993,2,3,8,1,8
2018430170630,1,9,0,11,2,0,0,0,0,0,4,1,6,1,41,7,2143,2,5,5,1,5
2018430170630,2,4,0,18,2,0,0,0,0,0,3,1,1,1,19,4,125,1,-1,4,1,4
2018430170660,1,9,0,18,0,1,0,0,0,0,0,1,1,1,52,8,2993,2,1,8,1,8
2018430170660,2,9,0,7,0,6,1,0,0,0,1,1,6,1,-1,-1,1998,2,11,-1,-1,-1
2018430170660,3,21,0,10,0,1,0,0,0,0,1,1,1,1,40,7,10677,2,4,4,1,4
2018430170706,1,9,0,18,9,2,0,0,0,0,0,1,6,2,45,7,2967,2,5,-1,-1,-1
2018430170872,1,9,0,18,0,0,1,0,5,6,1,1,6,2,28,6,1995,1,7,8,1,8
2018430170872,2,9,0,18,0,0,0,0,0,0,2,1,6,1,59,9,-1,-1,-1,6,3,6
2018430170872,3,9,0,18,0,0,0,0,0,0,1,1,6,2,37,7,1386,1,15,10,1,10
2018430170872,4,9,0,18,0,0,0,0,0,0,1,1,6,1,66,10,1560,2,2,10,1,10
2018430170872,5,9,0,18,0,0,0,0,0,0,1,1,6,3,58,9,5935,1,10,-1,-1,-1
2018430170872,6,9,0,18,0,0,0,0,0,0,1,1,6,3,45,7,1995,2,7,9,1,9
2018430171058,1,21,0,18,0,8,0,0,0,0,1,1,1,1,30,6,10837,2,-1,3,1,3
2018430171058,2,9,0,11,0,5,0,0,1,10,2,1,2,2,39,7,1997,1,11,7,2,7
2018430171212,1,11,0,18,0,0,0,0,0,0,1,1,1,2,22,5,5132,2,1,6,1,6
2018430171273,1,9,0,16,0,1,0,9,0,0,1,1,6,1,84,11,1753,2,10,5,1,5
2018430171323,1,9,0,14,0,1,0,0,0,0,1,1,1,1,30,6,-1,-1,-1,2,1,2
2018430171323,2,9,0,18,0,3,0,0,0,0,1,1,6,2,35,6,1461,2,5,4,1,4
2018430171444,1,9,0,18,0,6,1,0,3,4,1,1,6,2,80,11,1560,2,9,8,3,8
2018430171444,2,9,0,18,0,8,1,0,7,0,0,1,6,1,46,8,1968,2,6,7,3,7
2018430171755,1,9,0,18,0,0,0,0,0,0,1,1,6,1,-1,-1,1596,1,12,9,1,9
2018430171804,1,9,0,18,0,0,0,0,0,0,-1,1,6,3,-1,-1,-1,-1,-1,-1,-1,-1
2018430171804,2,1,0,18,0,0,0,0,0,0,3,1,6,1,58,9,-1,-1,-1,10,3,10
2018430171809,1,9,0,9,0,5,0,0,0,0,3,1,6,1,-1,-1,-1,-1,-1,-1,-1,-1
2018430171809,2,1,0,18,0,8,0,0,0,0,1,1,6,1,55,8,-1,-1,-1,3,1,3
2018430171875,1,9,0,9,0,5,0,0,0,0,3,1,6,1,33,6,1242,1,15,9,1,9
2018430171875,2,1,0,18,0,8,0,0,0,0,4,1,2,1,44,7,-1,-1,-1,10,1,10
2018430171952,1,9,0,9,0,8,0,0,0,0,3,1,6,1,32,6,-1,-1,-1,6,1,6
2018430171952,2,9,0,18,0,8,0,0,0,0,1,1,6,1,54,8,-1,-1,-1,9,1,9
2018430171974,1,9,0,18,0,1,0,0,0,0,1,1,6,1,37,7,1242,1,12,7,1,7
2018430171974,2,3,0,3,0,1,0,0,0,0,2,1,6,1,65,9,125,1,3,6,1,6
2018430171974,3,9,0,3,0,1,0,0,0,0,2,1,1,2,27,6,1299,1,17,3,1,3
2018430172926,1,19,0,18,0,0,0,0,0,0,1,1,6,1,-1,-1,1753,2,13,9,1,9
2018430172926,2,1,0,18,0,0,0,0,0,0,2,1,6,1,28,6,-1,-1,-1,5,1,5
2018430172934,1,9,0,18,0,0,0,0,0,0,1,1,1,1,40,7,998,1,-1,8,1,8
2018430172934,2,9,0,3,0,0,0,0,0,0,2,1,1,1,40,7,1590,1,16,9,1,9
2018430172980,1,5,0,13,0,0,0,0,0,0,4,1,1,1,56,9,1170,1,6,4,1,4
2018430172983,1,9,0,18,0,1,1,0,0,0,1,1,6,2,30,6,1061,1,13,3,1,3
2018430173043,1,1,0,18,0,0,0,10,1,0,1,1,6,1,19,4,-1,-1,-1,5,3,5
2018430173072,1,3,0,18,0,0,0,0,2,4,1,1,1,1,21,5,124,1,11,-1,-1,-1
2018430173135,1,9,0,9,0,6,0,0,0,0,3,1,6,1,82,11,2143,2,1,10,1,10
2018430173135,2,9,0,18,0,8,1,0,0,0,1,1,6,2,20,4,1422,2,1,3,1,3
2018430173135,3,9,0,10,0,1,0,0,0,0,1,1,6,2,30,6,1995,2,8,5,2,5
2018430173612,1,9,0,18,0,0,1,0,7,11,3,1,2,1,53,8,1968,2,7,9,1,9
2018430173612,2,8,0,18,0,0,1,0,0,0,3,1,1,1,39,7,1997,2,7,4,1,4
2018430173612,3,9,0,18,0,0,0,0,0,0,1,1,6,1,40,7,1400,2,10,3,1,3
2018430173745,1,9,0,18,0,8,0,0,0,0,4,1,6,1,21,5,-1,-1,-1,3,1,3
2018430173745,2,9,0,9,0,5,0,0,0,0,3,1,6,1,61,9,1796,1,4,2,1,2
2018430173846,1,9,0,18,0,1,0,0,0,0,1,1,6,2,35,6,1968,2,1,-1,-1,-1
2018430173846,2,9,0,10,0,1,0,0,0,0,2,1,6,1,35,6,1242,1,2,8,1,8
2018430174148,1,9,0,18,0,2,0,0,0,0,4,1,2,1,31,6,2998,1,1,7,1,7
2018430174241,1,9,0,4,0,3,0,0,0,0,1,1,6,1,42,7,2477,2,17,9,1,9
2018430174241,2,9,0,4,0,3,0,0,0,0,1,1,6,1,47,8,-1,-1,-1,8,1,8
2018430174368,1,9,0,18,0,4,1,0,0,0,1,1,6,1,25,5,1560,2,7,3,1,3
2018430174368,2,1,0,9,0,8,0,0,0,0,4,1,6,1,33,6,-1,-1,-1,6,1,6
2018430174492,1,1,0,18,0,0,1,0,0,0,1,1,6,1,36,7,-1,-1,-1,10,3,10
2018430174492,2,19,0,4,0,0,0,0,0,0,2,1,1,1,57,9,-1,-1,-1,8,1,8
2018430174492,3,19,0,18,0,0,0,0,0,0,3,1,1,1,54,8,3920,2,8,-1,-1,-1
2018430174528,1,9,0,18,0,0,0,0,0,0,1,1,6,2,65,9,3199,1,15,9,3,9
2018430174606,1,9,0,18,0,0,0,0,0,0,1,1,1,2,25,5,2143,2,7,-1,-1,-1
2018430174606,2,9,0,3,0,0,0,0,0,0,2,1,1,1,50,8,1968,2,8,10,1,10
2018430174606,3,9,0,3,0,0,0,0,0,0,2,1,1,1,53,8,2720,2,10,-1,-1,-1
2018430174772,1,9,0,18,0,0,5,0,1,10,1,1,6,1,35,6,2993,2,13,5,1,5
2018430174796,1,9,0,16,0,0,2,0,0,0,1,1,6,2,75,10,1197,1,5,8,1,8
2018430174796,2,9,0,17,0,0,0,0,0,0,1,1,6,1,35,6,1388,1,12,6,1,6
2018430174811,1,90,0,18,0,0,1,4,0,0,1,1,6,1,25,5,700,1,13,8,1,8
2018430174811,2,9,0,2,0,0,0,0,0,0,3,1,6,3,-1,-1,1397,1,9,-1,-1,-1
2018430174811,3,9,0,2,0,0,0,0,0,0,3,1,6,1,21,5,-1,-1,-1,9,2,9
2018430174811,4,9,0,2,0,0,0,0,0,0,1,1,6,1,62,9,-1,-1,-1,10,2,10
2018430175038,1,9,0,5,0,0,0,0,0,0,3,1,6,2,33,6,1229,1,1,10,1,10
2018430175038,2,2,0,14,0,0,0,0,0,0,1,1,6,1,42,7,49,1,7,7,1,7
2018430175090,1,9,0,18,0,8,0,0,0,0,1,1,6,2,67,10,1242,1,4,9,1,9
2018430175090,2,9,0,18,0,8,0,0,0,0,3,1,6,2,66,10,998,1,-1,10,1,10
2018430175129,1,9,0,17,0,0,2,0,1,11,1,1,2,2,49,8,1198,1,16,8,2,8
2018430175477,1,5,0,4,0,4,1,9,3,0,1,1,6,1,44,7,999,1,4,4,1,4
2018430175675,1,9,0,18,0,1,0,0,0,0,1,1,6,1,61,9,-1,-1,-1,1,1,1
2018430175675,2,9,0,1,0,1,0,0,0,0,2,1,6,2,49,8,998,1,5,9,1,9
2018430175675,3,9,0,3,0,1,0,0,0,0,2,1,6,1,39,7,-1,-1,-1,9,2,9
2018430175763,1,9,0,18,0,2,0,0,0,0,1,1,6,1,38,7,1995,2,13,9,1,9
2018430175837,1,1,0,18,0,0,0,0,0,0,1,1,6,2,39,7,-1,-1,-1,9,3,9
2018430175837,2,1,0,18,0,0,0,0,0,0,1,1,6,1,48,8,-1,-1,-1,8,2,8
2018430175839,1,9,0,9,0,1,0,0,0,0,1,1,6,2,73,10,1461,2,8,2,1,2
2018430175839,2,1,0,18,0,1,0,0,0,0,4,1,6,1,49,8,-1,-1,-1,8,1,8
2018430175852,1,1,0,18,0,4,0,0,0,0,1,1,6,1,20,4,-1,-1,-1,7,1,7
2018430175852,2,19,0,7,0,8,0,0,0,0,4,1,1,1,38,7,2143,2,3,5,1,5
2018430175866,1,5,0,16,0,0,0,0,0,0,1,1,6,1,29,6,599,1,16,10,1,10
2018430175866,2,9,0,17,0,0,0,0,0,0,1,1,6,2,56,9,1560,2,4,7,2,7
2018430175976,1,19,0,9,0,6,0,0,0,0,3,1,6,1,-1,-1,1598,2,1,-1,-1,-1
2018430175976,2,5,0,18,0,1,1,0,0,0,1,1,6,1,24,5,656,1,10,8,1,8
2018430176002,1,9,0,18,0,0,0,0,0,0,1,1,6,1,-1,-1,-1,-1,-1,-1,-1,-1
2018430176002,2,9,0,3,0,0,0,0,0,0,2,1,6,2,46,8,1596,1,7,10,1,10
2018430176015,1,9,0,18,0,0,0,0,0,0,4,1,6,2,49,8,1582,2,8,10,1,10
2018430176015,2,1,0,15,0,0,0,8,0,0,1,1,6,1,30,6,-1,-1,-1,-1,-1,-1
2018430176042,1,9,0,18,0,0,0,0,0,0,4,1,6,1,24,5,2993,2,5,4,1,4
2018430176054,1,9,0,18,0,4,0,0,0,0,1,1,2,2,56,9,1999,1,4,10,1,10
2018430176054,2,1,0,9,0,8,0,0,0,0,2,1,2,1,36,7,-1,-1,-1,4,1,4
2018430176056,1,9,0,18,0,0,0,0,0,0,3,1,6,1,29,6,898,1,5,7,3,7
2018430176056,2,9,0,18,0,0,0,0,0,0,3,1,6,3,-1,-1,-1,-1,-1,-1,-1,-1
2018430176082,1,9,0,18,0,0,0,0,1,11,1,1,6,2,41,7,1747,1,15,4,1,4
2018430176125,1,9,0,9,0,6,0,10,7,10,1,1,1,1,40,7,1968,2,1,3,1,3
2018430176125,2,9,0,18,0,8,0,0,0,0,3,1,1,1,60,9,2926,2,17,9,2,9
2018430176166,1,9,0,18,0,0,0,0,1,1,1,1,6,1,82,11,2179,2,5,9,3,9
2018430176166,2,9,0,18,0,0,0,0,1,0,1,1,6,1,45,7,1798,8,2,2,1,2
2018430176166,3,9,0,18,0,0,0,0,1,0,1,1,6,2,41,7,2290,1,24,8,3,8
2018430176297,1,9,0,12,0,8,0,0,0,0,3,1,6,3,-1,-1,-1,-1,-1,-1,-1,-1
2018430176297,2,9,0,18,0,8,0,0,0,0,4,1,6,1,31,6,1598,1,11,6,1,6
2018430176309,1,9,0,18,0,0,0,0,0,0,1,1,6,2,29,6,2143,2,1,8,1,8
2018430176309,2,9,0,3,0,0,0,0,0,0,2,1,6,1,34,6,1956,2,4,5,1,5
2018430176309,3,9,0,3,0,0,0,0,0,0,2,1,6,1,40,7,1999,1,10,6,1,6
2018430176449,1,9,0,9,0,6,0,0,0,0,4,1,6,2,-1,-1,998,1,10,-1,-1,-1
2018430176520,1,9,0,9,0,6,0,0,0,0,3,1,6,1,66,10,2099,1,15,6,1,6
2018430176520,2,11,0,18,0,8,0,0,0,0,1,1,1,1,41,7,6700,2,6,10,2,10
2018430176722,1,9,0,18,0,8,0,0,0,0,1,1,6,2,21,5,1398,2,12,9,1,9
2018430176722,2,9,0,18,0,8,0,0,0,0,1,1,6,1,30,6,1910,2,11,7,1,7
2018430176983,1,21,0,18,0,0,0,0,0,0,4,1,1,1,48,8,12902,2,3,-1,3,-1
2018430176983,2,9,0,18,0,0,1,0,0,0,3,1,6,2,27,6,1198,1,8,4,1,4
2018430177208,1,9,0,17,0,0,2,0,4,6,1,1,6,2,22,5,-1,-1,-1,5,1,5
2018430177241,1,19,0,18,0,1,0,0,0,0,1,1,6,3,-1,-1,-1,-1,-1,-1,-1,-1
2018430177241,2,9,0,3,0,1,0,0,0,0,2,1,6,1,34,6,-1,-1,-1,2,1,2
2018430177307,1,9,0,5,8,0,0,0,0,0,3,1,6,2,33,6,1596,1,6,-1,-1,-1
2018430177307,2,19,0,18,0,0,0,0,0,0,4,1,1,1,43,7,-1,-1,-1,9,1,9
2018430177338,1,9,0,18,0,8,0,0,0,0,3,1,6,1,30,6,1968,2,1,8,1,8
2018430177338,2,9,0,18,0,8,0,0,0,0,1,1,2,2,30,6,999,1,2,4,1,4
2018430177379,1,9,0,1,0,0,0,0,0,0,2,1,6,2,30,6,1598,1,5,-1,-1,-1
2018430177442,1,9,0,-1,0,8,0,0,0,0,1,1,6,2,28,6,1896,2,12,-1,-1,-1
2018430177442,2,1,0,18,0,8,0,0,0,0,-1,1,6,1,33,6,-1,-1,-1,8,1,8
2018430177473,1,9,0,18,0,0,0,0,0,0,-1,1,6,3,-1,-1,-1,-1,-1,-1,-1,-1
2018430177666,1,1,0,18,0,0,0,0,0,0,1,1,6,1,12,3,-1,-1,-1,7,3,7
2018430177666,2,19,0,15,0,0,0,0,0,0,4,1,1,3,-1,-1,-1,-1,-1,-1,-1,-1
2018430177666,3,9,0,18,0,0,0,0,0,0,0,1,6,3,-1,-1,-1,-1,-1,-1,-1,-1
2018430177949,1,9,0,18,0,0,0,0,0,0,1,1,1,1,22,5,1685,2,1,9,1,9
2018430177949,2,9,0,4,0,0,0,0,0,0,2,1,6,1,59,9,-1,-1,-1,7,1,7
2018430177989,1,19,0,14,0,0,0,0,0,0,1,1,6,1,-1,-1,-1,-1,-1,-1,-1,-1
2018430177989,2,90,0,3,0,0,0,0,0,0,0,1,1,1,-1,-1,-1,-1,-1,-1,-1,-1
2018430178057,1,3,0,18,0,8,0,0,0,0,1,1,6,1,21,5,125,1,-1,3,1,3
2018430178057,2,9,0,18,0,8,0,0,0,0,3,1,6,2,43,7,-1,-1,-1,10,1,10
2018430178128,1,5,0,16,0,0,0,0,1,9,1,1,6,1,40,7,1137,1,21,7,1,7
2018430178167,1,9,0,18,0,1,0,0,0,0,1,1,6,2,34,6,1242,1,10,6,1,6
2018430178561,1,9,0,18,0,1,0,0,0,0,0,1,6,2,45,7,-1,-1,-1,-1,-1,-1
2018430178561,2,22,0,18,0,1,2,0,0,0,0,1,6,1,36,7,-1,-1,-1,2,1,2
2018430178587,1,9,0,9,0,6,0,0,0,0,1,1,2,2,26,6,-1,-1,-1,5,1,5
2018430178587,2,5,0,18,0,8,0,0,0,0,3,1,2,1,50,8,1098,1,21,9,3,9
2018430178617,1,9,0,9,0,6,0,0,0,0,3,1,6,1,59,9,998,1,2,6,2,6
2018430178617,2,3,0,18,0,1,0,0,0,0,1,1,6,1,17,4,125,1,2,4,1,4
2018430178618,1,9,0,18,0,8,0,0,0,0,1,1,6,2,91,11,1796,1,13,9,1,9
2018430178618,2,9,0,18,0,8,0,0,1,3,4,1,6,2,66,10,1339,1,13,8,2,8
2018430178623,1,9,0,18,0,3,0,0,4,10,1,1,6,1,32,6,1497,8,12,3,1,3
2018430178632,1,9,0,18,0,3,0,7,0,0,1,1,6,1,32,6,1497,8,12,3,1,3
2018430178641,1,9,0,14,0,1,0,0,0,0,4,1,6,3,-1,-1,1587,1,14,-1,-1,-1
2018430178641,2,9,0,3,0,1,0,0,0,0,3,1,1,2,53,8,-1,-1,-1,5,1,5
2018430178689,1,9,0,18,0,4,1,0,0,0,1,1,6,1,35,6,1995,2,5,-1,-1,-1
2018430178689,2,9,0,18,0,8,0,0,0,0,4,1,6,2,20,4,1398,1,4,1,1,1
2018430178751,1,3,0,17,0,0,1,0,0,0,1,1,1,1,48,8,124,1,3,10,1,10
2018430178751,2,9,0,16,0,0,0,0,0,0,3,1,1,1,27,6,1968,2,2,9,3,9
2018430178761,1,1,0,18,0,0,0,0,0,0,0,1,6,1,17,4,-1,-1,-1,-1,-1,-1
2018430178761,2,9,0,18,0,0,0,0,0,0,4,1,6,3,-1,-1,-1,-1,-1,-1,-1,-1
2018430178772,1,9,0,9,0,8,0,0,0,0,1,1,2,1,29,6,1242,1,12,6,1,6
2018430178772,2,9,0,18,0,1,0,0,1,2,3,1,2,1,42,7,1598,1,18,9,1,9
2018430178784,1,1,0,18,0,1,0,0,0,0,3,1,2,2,52,8,-1,-1,-1,9,1,9
2018430178784,2,9,0,7,0,5,0,0,0,0,1,1,6,2,-1,-1,1499,1,10,10,1,10
2018430178810,1,9,0,7,0,6,0,0,0,0,3,1,6,3,-1,-1,-1,-1,-1,-1,-1,-1
2018430178810,2,19,0,18,0,8,0,0,7,11,4,1,6,1,45,7,2143,2,5,-1,-1,-1
2018430178879,1,19,0,2,0,0,0,0,0,0,3,1,1,1,24,5,2143,2,1,1,1,1
2018430178879,2,1,0,18,0,0,0,8,0,0,4,1,6,1,51,8,-1,-1,-1,9,2,9
2018430178937,1,9,0,9,0,8,0,0,0,0,3,1,1,1,37,7,-1,-1,-1,2,1,2
2018430178937,2,5,0,9,0,8,0,0,0,0,4,1,6,1,54,8,883,1,26,10,1,10
2018430178953,1,19,0,18,0,6,0,0,0,0,1,1,6,1,47,8,-1,-1,-1,2,1,2
2018430178953,2,9,0,18,0,8,0,0,0,0,4,1,6,2,53,8,1242,1,2,10,1,10
2018430179255,1,9,0,18,0,8,0,0,0,0,1,1,6,2,75,10,1242,1,1,7,1,7
2018430179255,2,5,0,18,0,8,0,0,0,0,2,1,6,1,64,9,1801,1,3,-1,2,-1
2018430179376,1,9,0,18,0,8,0,0,1,11,1,1,1,2,38,7,1600,2,7,9,3,9
2018430179413,1,1,0,18,5,0,0,0,0,0,1,1,6,1,40,7,-1,-1,-1,3,1,3
2018430179436,1,1,0,18,0,0,0,0,0,0,0,1,6,1,47,8,-1,-1,-1,10,1,10
2018430179436,2,1,0,18,0,0,0,0,0,0,0,1,6,1,53,8,-1,-1,-1,10,1,10
2018430179612,1,9,0,18,0,8,0,0,0,0,2,1,6,2,49,8,998,1,3,8,1,8
2018430179612,2,1,0,7,0,4,0,0,0,0,1,1,6,1,15,3,-1,-1,-1,7,1,7
2018430179659,1,9,0,18,0,4,0,0,0,0,1,1,6,2,52,8,1998,1,-1,10,3,10
2018430179659,2,9,0,18,0,8,0,0,0,0,4,1,6,2,51,8,1197,1,2,10,1,10
2018430179848,1,9,0,18,0,0,0,0,0,0,1,1,6,1,17,4,998,1,4,-1,-1,-1
2018430179848,2,9,0,18,0,0,0,0,1,0,3,1,6,1,52,8,1783,1,15,9,3,9
2018430179848,3,9,0,18,0,0,0,0,0,0,1,1,6,2,32,6,1461,2,6,9,3,9
2018430179899,1,9,0,3,0,4,0,0,0,0,1,1,6,2,58,9,1796,1,14,4,1,4
2018430179899,2,9,0,9,0,8,0,0,0,0,4,1,6,1,57,9,1318,1,1,3,1,3
2018430179907,1,1,0,18,0,6,0,0,0,0,1,1,6,1,-1,-1,-1,-1,-1,-1,-1,-1
2018430179907,2,9,0,18,0,2,0,0,0,0,1,1,6,2,52,8,1598,1,9,10,1,10
2018430179909,1,9,0,18,0,1,0,0,0,0,2,1,6,3,-1,-1,-1,-1,-1,-1,-1,-1