Accident_Index,Vehicle_Reference,Vehicle_Type,Towing_and_Articulation,Vehicle_Manoeuvre,Vehicle_Location-Restricted_Lane,Junction_Location,Skidding_and_Overturning,Hit_Object_in_Carriageway,Vehicle_Leaving_Carriageway,Hit_Object_off_Carriageway,1st_Point_of_Impact,Was_Vehicle_Left_Hand_Drive?,Journey_Purpose_of_Driver,Sex_of_Driver,Age_of_Driver,Age_Band_of_Driver,Engine_Capacity_(CC),Propulsion_Code,Age_of_Vehicle,Driver_IMD_Decile,Driver_Home_Area_Type,Vehicle_IMD_Decile
2018430179991,1,9,0,9,0,8,0,0,0,0,4,1,6,1,34,6,1598,1,14,-1,-1,-1
2018430179991,2,9,0,18,0,1,0,0,0,0,1,1,6,2,51,8,1248,2,8,3,1,3
2018430180588,1,19,0,18,0,0,5,10,0,0,4,1,6,1,29,6,1753,2,14,6,1,6
2018430180920,1,9,0,4,0,1,0,0,0,0,1,1,6,1,40,7,1587,1,17,-1,-1,-1
2018430180920,2,1,0,18,0,6,0,0,0,0,3,1,2,2,31,6,-1,-1,-1,4,1,4
2018430181094,1,9,0,7,0,5,0,0,0,0,4,1,6,1,-1,-1,-1,-1,-1,-1,-1,-1
2018430181094,2,1,0,18,0,8,0,0,0,0,1,1,6,1,20,4,-1,-1,-1,-1,-1,-1
2018430181126,1,9,0,15,0,0,0,0,0,0,3,1,6,1,40,7,3222,2,14,-1,-1,-1
2018430181126,2,9,0,18,0,0,0,0,0,0,4,1,6,1,27,6,1910,2,10,10,1,10
2018430181185,1,9,0,18,0,0,0,0,0,0,1,1,6,1,-1,-1,1084,1,-1,-1,-1,-1
2018430181185,2,9,0,4,0,0,0,0,0,0,2,1,6,2,23,5,1242,1,2,10,1,10
2018430181323,1,9,0,9,0,5,0,0,0,0,0,1,3,2,35,6,-1,-1,-1,5,1,5
2018430181394,1,19,0,18,0,0,0,0,0,0,1,1,6,1,25,5,-1,-1,-1,9,2,9
2018430181394,2,9,0,18,0,0,0,0,0,0,1,1,6,1,-1,-1,1798,2,6,9,1,9
2018430181394,3,9,0,9,0,0,0,0,0,0,2,1,6,2,75,10,1296,1,10,8,1,8
2018430181924,1,5,0,16,0,0,1,0,0,0,1,1,6,1,34,6,892,1,20,7,1,7
2018430181924,2,9,0,17,0,0,0,0,0,0,1,1,6,2,44,7,1560,2,5,8,2,8
2018430182469,1,9,0,13,0,0,0,0,0,0,0,1,6,3,60,9,3628,2,9,-1,-1,-1
2018430182469,2,3,0,17,0,0,1,0,1,9,1,1,2,1,24,5,125,1,4,6,1,6
2018430182707,1,9,0,18,0,0,0,0,0,0,1,1,6,1,58,9,2188,2,12,3,1,3
2018430182707,2,1,0,18,0,0,0,0,0,0,3,1,6,1,12,3,-1,-1,-1,8,1,8
2018430182729,1,9,0,18,0,8,0,10,1,4,1,1,6,1,57,9,2967,2,10,9,3,9
2018430183402,1,9,0,13,0,0,0,0,0,0,4,1,6,3,-1,-1,-1,-1,-1,-1,-1,-1
2018430183402,2,1,0,18,0,0,0,0,0,0,3,1,6,1,17,4,-1,-1,-1,10,1,10
2018430183501,1,5,0,16,0,0,0,10,1,0,1,1,6,1,21,5,125,1,2,9,1,9
2018430183718,1,9,0,18,0,0,0,0,0,0,1,1,6,1,50,8,4395,1,1,-1,-1,-1
2018430183718,2,9,0,12,0,0,0,0,0,0,2,1,6,2,36,7,-1,-1,-1,7,1,7
2018430183775,1,3,0,7,0,2,1,0,0,0,0,1,6,1,22,5,125,1,4,4,1,4
2018430183807,1,9,0,18,0,0,0,0,0,0,4,1,2,3,28,6,1968,2,3,6,1,6
2018430183807,2,4,0,12,0,0,0,0,0,0,3,1,6,1,56,9,198,1,16,2,1,2
2018430183841,1,8,0,6,0,0,0,0,0,0,3,1,1,1,75,10,2499,2,7,6,1,6
2018430183841,2,1,0,14,0,0,0,0,0,0,1,1,2,1,23,5,-1,-1,-1,10,1,10
2018430183845,1,9,0,18,0,0,0,0,0,0,1,1,6,2,26,6,1586,1,1,4,1,4
2018430183845,2,9,0,4,0,0,0,0,0,0,2,1,6,1,29,6,2987,2,8,3,1,3
2018430183882,1,9,0,9,0,8,0,0,0,0,1,1,6,2,25,5,998,1,6,10,3,10
2018430183882,2,9,0,18,0,1,0,0,0,0,1,1,6,1,57,9,1598,1,8,8,1,8
2018430183907,1,19,0,18,0,0,0,0,1,0,1,1,1,1,36,7,-1,-1,-1,7,3,7
2018430183907,2,9,0,3,0,0,0,0,0,0,2,1,6,2,45,7,2926,2,17,10,-1,10
2018430183907,3,9,0,3,0,0,0,0,0,0,2,1,6,1,57,9,1896,2,16,7,1,7
2018430183910,1,9,0,6,0,0,0,0,0,0,3,1,6,1,23,5,1390,1,13,7,2,7
2018430183910,2,3,0,18,0,0,0,0,0,0,1,1,6,1,28,6,124,1,2,8,1,8
2018430183934,1,9,0,18,0,1,0,0,0,0,1,1,6,2,55,8,1461,2,11,7,2,7
2018430183934,2,9,0,3,0,1,0,0,0,0,2,1,6,2,35,6,1998,1,17,7,1,7
2018430183934,3,9,0,10,0,1,0,0,0,0,2,1,6,2,36,7,2149,2,10,1,1,1
2018430183964,1,21,0,18,0,0,1,0,1,10,1,1,1,1,55,8,4461,2,6,1,1,1
2018430184004,1,9,0,3,0,0,0,0,0,0,1,1,6,1,-1,-1,-1,-1,-1,-1,-1,-1
2018430184037,1,5,0,14,0,8,1,0,7,9,1,1,6,1,39,7,782,1,15,2,1,2
2018430184037,2,9,0,9,0,5,0,0,0,0,3,1,6,2,45,7,1798,1,11,10,1,10
2018430184039,1,5,0,14,0,1,0,0,0,0,4,1,2,1,41,7,645,1,11,-1,-1,-1
2018430184073,1,9,0,18,0,1,0,0,0,0,1,1,6,1,27,6,1360,1,16,10,3,10
2018430184073,2,9,0,18,0,4,0,0,0,0,2,1,6,1,73,10,1968,2,6,10,2,10
2018430184102,1,9,0,5,0,6,0,0,0,0,1,1,6,1,42,7,1796,1,7,10,2,10
2018430184102,2,1,0,18,4,8,0,0,0,0,1,1,6,1,21,5,-1,-1,-1,7,1,7
2018430184140,1,9,0,18,0,0,1,0,1,4,1,1,6,2,52,8,1560,2,8,8,2,8
2018430184179,1,9,0,9,0,6,0,0,0,0,1,2,6,2,28,6,-1,-1,-1,-1,-1,-1
2018430184179,2,9,0,18,0,1,0,0,0,0,1,1,6,1,87,11,1395,1,-1,8,1,8
2018430184212,1,9,0,9,0,8,0,0,7,0,4,1,2,2,32,6,1242,1,1,9,1,9
2018430184212,2,9,0,18,0,1,0,0,0,0,1,1,2,1,26,6,1598,1,4,9,1,9
2018430184268,1,9,0,16,0,8,0,0,0,0,1,1,6,3,34,6,3496,1,23,-1,-1,-1
2018430184268,2,9,0,18,0,6,0,0,0,0,3,1,6,2,51,8,1398,1,3,3,1,3
2018430184352,1,9,0,9,0,4,0,0,0,0,1,1,6,1,76,11,1299,1,14,10,1,10
2018430184352,2,9,0,18,0,4,0,0,0,0,1,1,6,2,44,7,1560,2,7,10,1,10
2018430184554,1,19,0,18,0,0,0,0,0,0,1,1,1,1,43,7,2287,2,1,10,3,10
2018430184554,2,9,0,4,0,0,0,0,0,0,2,1,6,2,21,5,2204,2,12,10,1,10
2018430184561,1,9,0,9,0,4,0,0,0,0,0,1,6,3,-1,-1,-1,-1,-1,-1,-1,-1
2018430184561,2,3,0,18,0,8,0,0,1,0,0,1,2,1,37,7,125,1,-1,8,1,8
2018430184974,1,5,0,18,0,8,1,0,0,0,3,1,2,1,46,8,955,1,14,10,3,10
2018430185160,1,9,0,5,0,1,0,0,0,0,1,1,6,2,62,9,1685,2,5,8,3,8
2018430185160,2,8,0,4,0,1,0,0,0,0,2,1,1,1,50,8,2148,2,9,8,1,8
2018430185220,1,21,1,12,0,0,0,0,0,0,1,2,6,1,34,6,-1,-1,-1,-1,-1,-1
2018430185220,2,9,0,18,0,0,0,0,0,0,4,1,6,2,27,6,1999,2,1,10,2,10
2018430185244,1,9,0,18,0,0,0,0,0,0,1,1,2,2,30,6,1242,1,12,3,1,3
2018430185256,1,9,0,18,0,0,0,0,0,0,1,1,6,1,55,8,-1,-1,-1,-1,-1,-1
2018430185279,1,9,0,16,0,0,1,0,7,2,1,1,1,1,43,7,1769,1,13,9,2,9
2018430185293,1,11,0,18,0,0,0,0,0,0,0,1,1,1,24,5,4760,2,5,6,1,6
2018430185342,1,9,0,18,0,3,0,0,0,0,1,1,6,1,26,6,2171,1,15,5,1,5
2018430185342,2,9,0,18,0,3,0,0,0,0,1,1,6,1,-1,-1,1995,1,16,-1,-1,-1
2018430185474,1,9,0,13,0,0,0,0,0,0,4,1,6,2,35,6,-1,-1,-1,-1,-1,-1
2018430185474,2,1,0,18,0,0,0,0,0,0,3,1,6,1,80,11,-1,-1,-1,7,1,7
2018430185495,1,19,0,13,0,0,0,0,0,0,4,1,6,3,-1,-1,-1,-1,-1,-1,-1,-1
2018430185495,2,1,0,18,0,0,0,0,0,0,3,1,6,2,26,6,-1,-1,-1,6,1,6
2018430185645,1,9,0,6,0,1,0,0,0,0,3,1,2,1,32,6,1956,2,3,7,1,7
2018430185645,2,1,0,13,0,1,0,0,0,0,1,1,6,1,53,8,-1,-1,-1,-1,-1,-1
2018430185686,1,9,0,18,0,0,0,0,0,0,1,1,6,1,55,8,1870,2,12,-1,-1,-1
2018430185686,2,9,0,3,0,0,0,0,0,0,2,1,6,1,59,9,1598,1,5,4,1,4
2018430185928,1,9,0,18,0,1,0,0,0,0,1,1,6,1,-1,-1,-1,-1,-1,-1,-1,-1
2018430185928,2,9,0,3,0,1,0,0,0,0,2,1,6,2,38,7,1598,1,1,8,1,8
2018430186340,1,9,0,18,0,0,2,0,1,10,1,1,6,1,18,4,2143,2,1,3,-1,3
2018430186340,2,9,0,18,0,0,0,0,0,0,2,1,6,2,76,11,1598,2,6,10,1,10
2018430186449,1,9,0,18,0,0,0,0,0,0,1,1,6,1,73,10,1198,1,12,7,1,7
2018430186449,2,9,0,18,0,0,0,0,0,0,1,2,6,1,22,5,-1,-1,-1,-1,-1,-1
2018430186466,1,9,0,12,0,0,0,0,0,0,1,1,6,2,23,5,998,1,2,10,3,10
2018430186466,2,9,0,4,0,0,0,0,4,6,2,1,6,2,37,7,1998,1,14,2,1,2
2018430186505,1,5,0,18,0,2,1,0,1,11,1,1,6,1,-1,-1,-1,-1,-1,-1,-1,-1
2018430186505,2,9,0,9,0,2,0,0,0,0,2,1,6,2,65,9,998,1,16,-1,-1,-1
2018430186512,1,9,0,9,0,6,5,0,0,0,4,1,1,2,20,4,-1,-1,-1,10,1,10
2018430186512,2,9,0,18,0,8,0,0,0,0,1,1,6,1,53,8,1248,2,14,10,1,10
2018430186565,1,9,0,18,0,4,0,0,0,0,1,1,6,1,27,6,1299,1,14,-1,-1,-1
2018430186565,2,9,0,9,0,4,0,0,0,0,4,1,6,1,24,5,1399,2,9,2,1,2
2018430186568,1,22,0,18,0,1,1,0,0,0,1,1,1,1,38,7,-1,-1,-1,6,1,6
2018430186568,2,9,0,3,0,1,0,0,1,4,2,1,6,1,42,7,1799,1,10,10,1,10
2018430186568,3,9,0,10,0,1,0,0,0,0,2,1,6,1,54,8,1596,1,17,7,3,7
2018430186568,4,9,0,18,0,1,0,0,0,0,3,1,6,1,53,8,1270,1,34,-1,-1,-1
2018430186612,1,9,0,18,0,0,0,0,0,0,3,1,6,3,-1,-1,-1,-1,-1,-1,-1,-1
2018430186612,2,1,0,18,0,0,0,0,0,0,1,1,6,2,54,8,-1,-1,-1,6,1,6
2018430186628,1,9,0,18,0,2,0,0,1,10,1,1,6,1,80,11,2496,1,16,10,1,10
2018430186628,2,9,0,3,0,2,0,0,0,0,2,1,6,2,48,8,2993,2,4,8,1,8
2018430186628,3,9,0,3,0,2,0,0,0,0,1,1,6,2,48,8,1995,1,11,10,1,10
2018430186810,1,9,0,9,0,2,0,0,0,0,3,1,2,1,37,7,2401,2,13,7,1,7
2018430186810,2,19,0,8,0,1,0,0,0,0,3,1,1,1,34,6,2461,2,9,6,1,6
2018430186810,3,9,0,8,0,1,0,0,0,0,1,1,3,2,46,8,2993,2,1,10,1,10
2018430186879,1,11,0,5,0,1,0,0,0,0,1,1,1,1,53,8,4250,2,4,7,1,7
2018430186879,2,9,0,3,0,1,0,0,0,0,2,1,2,1,53,8,1395,1,3,10,1,10
2018430186899,1,9,0,18,0,1,0,0,0,0,1,1,1,1,49,8,1968,2,2,9,3,9
2018430187012,1,9,0,17,0,0,1,0,1,4,1,1,6,2,28,6,1995,2,10,5,1,5
2018430187016,1,9,0,7,0,6,0,0,0,0,1,1,1,2,31,6,1685,2,1,4,1,4
2018430187016,2,9,0,18,0,8,0,0,0,0,4,1,6,2,33,6,998,1,7,3,1,3
2018430187536,1,3,0,9,0,8,0,0,0,0,3,1,6,1,17,4,125,1,4,3,1,3
2018430187536,2,9,0,18,0,8,0,0,0,0,4,1,6,2,56,9,998,1,5,9,3,9
2018430187556,1,9,0,5,0,0,0,0,0,0,1,1,6,2,29,6,1799,1,10,7,2,7
2018430187556,2,1,0,5,0,0,0,0,0,0,4,1,6,1,12,3,-1,-1,-1,5,1,5
2018430187637,1,9,0,7,0,8,0,0,0,0,1,1,6,1,36,7,999,1,17,4,1,4
2018430187828,1,1,0,18,0,0,0,0,0,0,1,1,6,1,30,6,-1,-1,-1,7,1,7
2018430187828,2,9,0,18,0,0,0,0,0,0,3,1,3,1,47,8,2993,2,9,8,1,8
2018430187958,1,3,0,18,0,0,0,0,0,0,1,1,6,1,42,7,124,1,15,3,1,3
2018430187958,2,9,0,3,0,0,0,0,0,0,1,1,6,2,30,6,1598,1,3,8,1,8
2018430188011,1,19,0,18,0,1,2,0,1,0,1,1,1,1,52,8,2198,2,4,10,2,10
2018430188011,2,9,0,10,0,1,0,0,0,0,2,1,2,2,54,8,1399,1,2,5,1,5
2018430188011,3,10,0,18,0,1,0,0,0,0,1,1,1,1,55,8,-1,-1,-1,3,1,3
2018430188943,1,9,0,18,0,8,0,0,1,1,1,1,6,1,21,5,999,1,1,5,1,5
2018430189030,1,9,0,18,0,0,0,0,0,0,2,1,1,1,-1,-1,2993,2,2,-1,-1,-1
2018430189030,2,9,0,18,0,0,1,0,1,4,1,1,6,1,20,4,1995,2,6,-1,-1,-1
2018430189030,3,9,0,18,0,0,0,0,0,0,1,1,6,2,61,9,1368,1,1,-1,-1,-1
2018430189031,1,9,0,9,0,8,0,0,1,11,4,1,6,2,39,7,1999,1,12,4,1,4
2018430189031,2,9,0,18,0,8,0,0,0,0,3,1,6,2,76,11,1198,1,3,5,1,5
2018430189136,1,9,0,9,0,8,0,0,0,0,1,1,6,2,69,10,-1,-1,-1,10,1,10
2018430189136,2,9,0,18,0,1,0,0,0,0,1,1,6,1,45,7,1582,2,7,4,1,4
2018430189147,1,8,0,1,0,6,0,0,0,0,2,1,1,1,-1,-1,-1,-1,-1,-1,-1,-1
2018430189174,1,9,0,18,0,2,0,0,0,0,1,1,6,2,78,11,1896,2,11,9,3,9
2018430189174,2,9,0,18,0,1,0,0,0,0,1,1,6,1,63,9,-1,-1,-1,9,3,9
2018430189218,1,4,0,18,0,0,0,0,0,0,1,1,6,1,-1,-1,998,1,14,10,1,10
2018430189250,1,9,0,3,0,0,0,0,0,0,3,1,6,1,50,8,-1,-1,-1,-1,-1,-1
2018430189250,2,1,0,3,0,0,0,0,0,0,1,1,2,1,30,6,-1,-1,-1,8,3,8
2018430189288,1,9,0,9,0,8,0,0,0,0,4,1,6,1,65,9,1248,2,7,-1,-1,-1
2018430189288,2,9,0,18,0,1,0,0,0,0,1,1,6,2,55,8,1331,1,23,-1,-1,-1
2018430189309,1,9,0,18,0,1,0,0,0,0,1,1,6,1,49,8,2996,1,11,4,1,4
2018430189309,2,5,0,3,0,1,0,0,0,0,2,1,6,1,25,5,689,1,1,3,1,3
2018430189422,1,9,0,6,0,8,0,0,0,0,4,1,6,1,89,11,2148,2,15,10,1,10
2018430189422,2,9,0,18,0,8,0,0,0,0,1,1,6,1,44,7,1968,2,8,6,1,6
2018430189522,1,3,0,18,0,0,0,0,0,0,3,1,6,1,50,8,865,1,6,8,1,8
2018430189804,1,9,0,18,0,0,0,0,0,0,3,1,2,1,24,5,1999,1,6,7,1,7
2018430189804,2,1,0,18,0,0,0,0,0,0,1,1,6,2,11,3,-1,-1,-1,7,1,7
2018430189814,1,1,0,18,0,8,0,0,1,0,3,1,6,1,45,7,-1,-1,-1,10,1,10
2018430189814,2,9,0,9,0,6,0,0,0,0,4,1,6,1,-1,-1,-1,-1,-1,-1,-1,-1
2018430190279,1,9,0,9,0,5,0,0,0,0,1,1,2,1,40,7,1968,2,9,1,1,1
2018430190279,2,9,0,18,0,8,0,0,0,0,1,1,2,1,56,9,1896,2,13,4,1,4
2018430190279,3,19,0,10,0,6,0,0,0,0,1,1,2,1,50,8,1753,2,9,5,1,5
2018430190390,1,9,0,18,0,8,1,0,0,0,4,1,6,1,35,6,2987,2,12,6,1,6
2018430190390,2,9,0,18,0,8,2,0,1,0,1,1,3,1,40,7,2143,2,5,8,1,8
2018430190783,1,9,0,18,0,0,2,0,1,11,1,1,1,1,23,5,1599,1,15,7,3,7
2018430190904,1,9,0,18,0,1,0,9,0,0,1,1,6,1,41,7,998,1,3,5,1,5
2018430190904,2,9,0,3,0,1,0,9,0,0,2,1,6,2,56,9,998,1,4,8,3,8
2018430191041,1,9,0,18,0,8,0,0,0,0,3,1,1,1,-1,-1,2993,2,1,4,1,4
2018430191041,2,9,0,18,0,8,0,0,0,0,1,1,6,3,47,8,-1,-1,-1,-1,-1,-1
2018430191041,3,9,0,9,0,8,0,0,0,0,4,1,6,1,39,7,1984,1,-1,3,1,3
2018430191041,4,9,0,9,0,8,0,0,0,0,4,1,1,1,50,8,1798,8,-1,3,1,3
2018430191346,1,2,0,18,0,0,0,0,0,0,1,1,6,1,24,5,49,1,13,5,1,5
2018430191346,2,9,0,2,0,0,0,0,0,0,4,1,6,3,-1,-1,1560,2,5,7,1,7
2018430191346,3,8,0,2,0,0,0,0,0,0,3,1,6,3,-1,-1,1598,2,6,7,1,7
2018430191463,1,9,0,18,0,0,2,0,1,4,1,1,1,1,43,7,-1,-1,-1,7,1,7
2018430191463,2,9,0,11,0,0,1,0,0,0,2,1,6,2,28,6,-1,-1,-1,2,1,2
2018430191608,1,9,0,18,0,0,0,0,0,0,1,1,6,1,48,8,2199,2,-1,10,3,10
2018430191608,2,9,0,4,0,0,0,0,0,0,2,1,6,1,47,8,2777,2,10,5,1,5
2018430192065,1,9,0,18,0,1,0,0,0,0,1,1,6,1,29,6,1124,1,15,4,1,4
2018430192065,2,9,0,18,0,1,0,0,0,0,1,1,6,1,-1,-1,1197,1,2,-1,-1,-1
2018430192066,1,9,0,18,0,1,0,0,0,0,1,1,6,1,-1,-1,2967,2,2,-1,-1,-1
2018430192066,2,9,0,4,0,1,0,0,0,0,2,1,6,2,27,6,998,1,4,10,1,10
2018430192159,1,9,0,18,0,0,0,0,0,0,4,1,6,3,-1,-1,-1,-1,-1,-1,-1,-1
2018430192211,1,19,0,18,0,0,0,0,0,0,1,1,6,1,59,9,2299,2,7,1,1,1
2018430192211,2,19,0,4,0,0,0,0,0,0,2,1,6,1,61,9,2200,2,16,7,1,7
2018430192211,3,9,0,4,0,0,0,0,0,0,2,1,6,2,64,9,1598,1,2,7,1,7
2018430192211,4,9,0,4,0,0,0,0,0,0,2,1,6,1,18,4,998,1,4,9,1,9
2018430192223,1,9,0,3,0,0,0,0,0,0,2,1,6,2,77,11,1590,1,17,9,1,9
2018430192223,2,3,0,18,0,0,0,0,0,0,1,1,6,1,45,7,125,1,52,-1,-1,-1
2018430192389,1,9,0,18,0,1,0,0,0,0,1,1,6,1,-1,-1,-1,-1,-1,10,2,10
2018430192389,2,9,0,3,0,1,0,0,0,0,2,1,6,2,32,6,-1,-1,-1,7,3,7
2018430192540,1,9,0,18,0,1,0,0,0,0,1,1,6,1,32,6,1968,2,13,8,2,8
2018430192540,2,9,0,10,0,1,0,0,0,0,2,1,6,1,34,6,1995,2,8,7,1,7
2018430192962,1,9,0,18,0,8,0,0,0,0,4,1,6,2,33,6,998,1,2,2,1,2
2018430192962,2,21,0,18,0,4,0,0,0,0,3,1,6,1,49,8,12900,2,10,10,2,10
2018430192995,1,9,0,18,0,4,0,0,7,2,1,1,6,2,22,5,1229,1,5,9,1,9
2018430192995,2,9,0,6,0,8,0,0,0,0,1,1,1,1,29,6,2143,2,3,7,1,7
2018430193067,1,9,0,18,0,0,0,0,0,0,1,1,6,2,32,6,999,1,3,5,1,5
2018430193262,1,5,0,13,0,8,1,0,0,0,1,1,6,1,31,6,999,1,7,7,1,7
2018430193262,2,9,0,9,0,5,0,0,0,0,4,1,6,1,32,6,-1,-1,-1,7,3,7
2018430193357,1,9,0,17,0,0,0,0,0,0,1,1,6,1,76,11,2720,2,11,4,1,4
2018430193402,1,9,0,9,0,5,0,0,0,0,1,1,6,1,-1,-1,1229,1,4,9,1,9
2018430193402,2,9,0,18,0,8,0,0,0,1,4,1,6,1,84,11,1200,1,2,2,1,2
2018430193465,1,9,0,9,0,6,0,0,0,0,1,1,2,1,24,5,-1,-1,-1,3,1,3
2018430193465,2,1,0,18,0,8,0,0,0,0,1,1,2,1,27,6,-1,-1,-1,3,1,3
2018430193617,1,9,0,3,0,0,0,0,0,0,2,1,6,1,23,5,-1,-1,-1,4,1,4
2018430193617,2,9,0,18,0,0,0,0,0,0,1,1,6,1,-1,-1,1598,2,8,4,1,4
2018430194041,1,9,0,7,0,5,0,0,3,9,1,1,6,1,76,11,1364,1,11,3,1,3
2018430194342,1,90,0,18,0,8,0,0,0,0,1,1,1,2,43,7,2987,2,3,6,2,6
2018430194342,2,9,0,18,0,8,0,0,7,11,4,1,6,1,41,7,1989,1,19,6,1,6
2018430194527,1,9,0,2,0,1,0,0,0,0,3,1,6,3,-1,-1,-1,-1,-1,-1,-1,-1
2018430194527,2,1,0,18,0,1,0,8,0,0,4,1,6,2,25,5,-1,-1,-1,5,1,5
2018430194602,1,9,0,5,8,0,0,0,0,0,3,1,1,1,60,9,1968,2,4,3,1,3
2018430194602,2,9,0,18,0,0,0,0,0,0,4,1,6,1,27,6,1275,1,19,6,2,6
2018430194632,1,9,0,7,0,6,0,0,0,0,1,1,6,2,26,6,1198,1,12,4,1,4
2018430194632,2,1,0,18,0,8,0,0,0,0,2,1,6,2,62,9,-1,-1,-1,5,1,5
2018430194659,1,9,0,14,0,2,0,0,0,0,1,1,1,1,33,6,1497,8,10,5,1,5
2018430194666,1,1,0,7,0,6,0,0,0,0,1,1,6,1,31,6,-1,-1,-1,5,1,5
2018430194666,2,9,0,10,0,1,0,0,0,0,3,1,6,1,26,6,1799,1,12,5,1,5
2018430194675,1,9,0,18,0,0,2,0,1,9,1,1,6,1,22,5,-1,-1,-1,8,3,8
2018430194702,1,5,0,13,0,1,0,0,0,0,1,1,6,1,40,7,1301,1,1,7,1,7
2018430194702,2,9,0,9,0,5,0,0,0,0,3,1,6,2,37,7,1299,1,12,5,1,5
2018430194738,1,9,0,9,0,6,0,0,0,0,0,1,6,3,-1,-1,-1,-1,-1,-1,-1,-1
2018430194738,2,5,0,18,0,1,0,0,7,0,0,1,6,1,30,6,-1,-1,-1,10,1,10
2018430194755,1,9,0,9,0,5,0,0,0,0,4,1,6,1,20,4,998,1,13,10,1,10
2018430194755,2,3,0,16,0,8,0,0,0,0,1,1,6,1,27,6,-1,-1,-1,7,3,7
2018430194756,1,9,0,18,0,8,0,0,4,6,3,1,6,1,24,5,2143,2,4,4,1,4
2018430194756,2,9,0,18,0,7,0,0,0,0,0,1,6,3,-1,-1,-1,-1,-1,-1,-1,-1
2018430194766,1,9,0,18,0,2,0,10,1,0,1,1,6,1,18,4,1299,1,11,10,1,10
2018430194792,1,9,0,17,0,0,0,0,0,0,3,1,6,1,19,4,1364,1,10,5,1,5
2018430194792,2,9,0,16,0,0,0,0,1,3,3,1,6,1,51,8,2720,2,14,8,3,8
2018430194795,1,1,0,9,0,4,0,0,1,0,3,1,6,1,40,7,-1,-1,-1,10,1,10
2018430194795,2,9,0,18,0,4,0,0,0,1,1,1,6,1,21,5,-1,-1,-1,7,1,7
2018430194797,1,98,0,9,0,4,0,0,0,0,3,1,6,1,-1,-1,-1,-1,-1,-1,-1,-1
2018430194797,2,3,0,9,0,4,1,0,0,0,1,1,2,1,47,8,125,1,10,3,1,3
2018430194853,1,9,0,18,0,1,0,0,0,0,1,1,6,2,24,5,1198,1,8,8,3,8
2018430194853,2,9,0,3,0,1,0,0,0,0,2,1,6,1,39,7,2143,2,6,10,1,10
2018430194872,1,9,0,4,0,1,0,0,0,0,1,1,6,2,48,8,-1,-1,-1,6,1,6
2018430194872,2,1,0,18,0,8,0,0,0,0,3,1,6,1,31,6,-1,-1,-1,5,1,5
2018430194972,1,9,0,18,0,6,0,0,0,0,1,1,3,2,42,7,1598,1,6,10,1,10
2018430194972,2,9,0,18,0,8,0,0,8,11,4,1,2,2,50,8,1597,1,19,10,1,10
2018430194972,3,9,0,18,0,7,0,0,0,0,3,1,2,1,64,9,2500,2,38,8,3,8
2018430195069,1,9,0,9,0,5,0,0,0,0,3,1,6,2,43,7,2967,2,4,7,3,7
2018430195230,1,9,0,9,0,6,0,0,0,0,3,1,6,2,40,7,2993,2,2,5,1,5
2018430195230,2,9,0,18,0,8,1,0,0,0,1,1,6,2,52,8,998,1,9,9,2,9
2018430195310,1,9,0,3,0,1,0,0,0,0,2,1,6,1,-1,-1,1598,1,14,-1,-1,-1
2018430195310,2,9,0,18,0,1,0,0,0,0,1,1,6,2,-1,-1,-1,-1,-1,-1,-1,-1
2018430195518,1,9,0,18,0,0,0,0,5,6,1,1,6,1,22,5,1242,1,6,8,1,8
2018430195518,2,9,0,3,0,0,0,0,0,0,2,1,2,2,32,6,1395,1,-1,10,1,10
2018430195518,3,9,0,3,0,0,0,0,0,0,2,1,2,2,52,8,1995,2,16,10,3,10
2018430195578,1,9,0,18,0,1,0,0,0,0,1,1,6,1,41,7,1910,2,8,10,2,10
2018430195578,2,9,0,10,0,1,0,0,0,0,2,1,6,1,43,7,1991,1,3,10,1,10
2018430195578,3,9,0,10,0,1,0,0,0,0,2,1,6,2,47,8,1995,2,6,10,1,10
2018430195742,1,9,0,18,0,0,0,0,6,2,1,1,6,1,22,5,999,1,2,5,1,5
2018430195742,2,9,0,18,0,0,0,0,1,0,2,1,2,1,35,6,1242,1,6,5,1,5
2018430195750,1,9,0,9,0,6,0,0,0,0,3,1,6,2,40,7,1560,2,11,7,3,7
2018430195750,2,9,0,18,0,1,0,0,0,0,1,1,6,2,34,6,2171,1,14,-1,-1,-1
2018430195768,1,19,0,9,0,6,0,0,0,0,3,1,6,1,32,6,2143,2,4,3,1,3
2018430195768,2,9,0,18,0,1,0,0,0,0,1,1,6,2,28,6,-1,-1,-1,8,1,8
2018430195787,1,9,0,18,0,2,0,0,0,0,4,1,6,1,55,8,-1,-1,-1,-1,-1,-1
2018430195833,1,9,4,18,0,0,0,0,0,0,1,1,6,1,70,10,1984,1,5,8,3,8
2018430195833,2,9,0,18,0,0,5,0,1,10,3,1,6,2,60,9,2993,2,5,9,3,9
2018430195866,1,2,0,18,0,0,0,0,0,0,1,1,6,2,16,4,-1,-1,-1,-1,-1,-1
2018430195899,1,9,0,18,0,1,1,10,3,9,1,1,6,1,64,9,998,1,4,7,1,7
2018430195953,1,9,0,5,0,0,0,0,0,0,2,1,6,1,31,6,-1,-1,-1,3,1,3