Accident_Index,Vehicle_Reference,Vehicle_Type,Towing_and_Articulation,Vehicle_Manoeuvre,Vehicle_Location-Restricted_Lane,Junction_Location,Skidding_and_Overturning,Hit_Object_in_Carriageway,Vehicle_Leaving_Carriageway,Hit_Object_off_Carriageway,1st_Point_of_Impact,Was_Vehicle_Left_Hand_Drive?,Journey_Purpose_of_Driver,Sex_of_Driver,Age_of_Driver,Age_Band_of_Driver,Engine_Capacity_(CC),Propulsion_Code,Age_of_Vehicle,Driver_IMD_Decile,Driver_Home_Area_Type,Vehicle_IMD_Decile
2018430205012,2,9,0,10,0,1,0,0,0,0,2,1,2,2,29,6,1360,1,7,9,3,9
2018430205012,3,9,0,18,0,1,1,0,0,0,1,1,2,2,53,8,1329,1,3,3,1,3
2018430205054,1,9,0,18,0,4,0,0,0,0,3,1,6,1,-1,-1,1800,8,5,4,1,4
2018430205054,2,9,0,18,0,3,0,0,0,0,3,1,6,1,63,9,1995,2,7,10,1,10
2018430205093,1,9,0,18,0,1,0,0,0,0,1,1,6,2,-1,-1,1796,1,10,-1,-1,-1
2018430205093,2,9,0,3,0,1,0,0,0,0,2,1,6,2,32,6,1339,8,6,2,-1,2
2018430205227,1,9,0,9,0,5,0,0,0,0,1,1,6,1,83,11,2698,2,9,9,3,9
2018430205227,2,9,0,18,0,1,0,0,0,0,1,1,3,2,43,7,2993,2,7,7,3,7
2018430205671,1,9,0,18,0,1,0,9,0,0,1,1,6,1,63,9,1998,1,19,1,1,1
2018430205671,2,9,0,18,0,1,0,0,0,0,2,1,6,2,45,7,1968,2,-1,-1,-1,-1
2018430205819,1,9,0,18,0,0,0,0,0,0,1,1,6,1,-1,-1,-1,-1,-1,-1,-1,-1
2018430205819,2,9,0,2,0,0,0,0,0,0,1,1,6,3,-1,-1,-1,-1,-1,-1,-1,-1
2018430205819,3,9,0,2,0,0,0,0,0,0,1,1,6,3,-1,-1,2993,2,2,-1,-1,-1
2018430205938,1,21,1,18,0,0,0,0,0,0,1,1,1,1,28,6,6692,2,6,6,1,6
2018430205938,2,21,1,18,0,0,0,0,0,0,2,2,1,1,-1,-1,-1,-1,-1,-1,-1,-1
2018430206016,1,9,0,-1,0,6,0,0,0,0,1,1,6,2,-1,-1,1998,1,15,9,3,9
2018430206016,2,1,0,18,0,8,0,0,0,0,1,1,6,1,32,6,-1,-1,-1,10,1,10
2018430206107,1,9,0,9,0,6,0,0,0,0,1,1,6,1,20,4,1299,1,14,10,1,10
2018430206107,2,5,0,18,0,8,0,0,0,0,1,1,6,1,22,5,600,1,14,8,1,8
2018430206212,1,9,0,1,0,0,0,0,0,0,2,1,6,1,51,8,1999,2,1,10,1,10
2018430206212,2,9,0,2,0,0,0,0,0,0,2,1,6,3,-1,-1,-1,-1,-1,-1,-1,-1
2018430206509,1,9,0,1,0,1,1,10,7,11,2,1,6,1,85,11,1242,1,17,8,3,8
2018430206773,1,9,0,18,0,0,0,0,0,0,1,1,6,1,42,7,1598,1,1,9,2,9
2018430206773,2,21,0,18,0,0,0,0,0,0,3,1,6,2,54,8,12580,2,14,6,3,6
2018430206815,1,9,0,7,0,6,0,0,0,0,1,1,6,2,70,10,1198,1,5,10,2,10
2018430206815,2,9,0,17,0,8,1,0,7,4,4,1,6,2,23,5,1242,1,9,10,1,10
2018430207034,1,9,0,18,0,0,0,0,0,0,3,1,6,1,25,5,1997,2,12,-1,-1,-1
2018430207520,1,9,0,18,0,4,1,0,0,0,1,1,6,2,26,6,-1,-1,-1,10,1,10
2018430207520,2,1,0,18,0,8,0,0,0,0,4,1,6,1,53,8,-1,-1,-1,8,1,8
2018430207593,1,9,0,16,0,0,5,0,7,11,1,1,6,1,34,6,998,1,4,-1,-1,-1
2018430207596,1,21,0,9,0,8,0,0,0,0,4,1,1,3,42,7,12900,2,6,2,2,2
2018430207596,2,9,0,18,0,8,0,0,0,0,3,1,6,2,42,7,1956,2,7,2,2,2
2018430207657,1,9,0,18,0,0,0,0,0,0,1,1,1,1,25,5,1598,2,2,4,1,4
2018430207657,2,9,0,18,0,0,0,0,0,0,2,1,6,1,69,10,1995,2,9,7,3,7
2018430207677,1,9,0,18,0,0,0,0,0,0,1,1,2,1,38,7,1596,1,18,2,1,2
2018430207677,2,9,0,2,0,0,0,0,0,0,2,1,6,3,42,7,1995,2,13,9,3,9
2018430207684,1,9,0,18,0,8,0,0,0,0,4,1,6,2,-1,-1,-1,-1,-1,-1,-1,-1
2018430207684,2,3,0,18,0,8,0,0,0,0,0,1,6,1,26,6,-1,-1,-1,9,1,9
2018430207710,1,9,0,18,0,0,0,0,0,0,1,1,6,2,48,8,-1,-1,-1,5,1,5
2018430207738,1,9,0,9,0,6,0,0,0,0,3,1,6,2,21,5,1397,1,11,6,1,6
2018430207738,2,9,0,16,0,1,0,0,0,0,1,1,6,2,22,5,-1,-1,-1,8,1,8
2018430207742,1,9,0,7,0,5,1,0,1,11,1,1,2,1,49,8,1749,1,16,9,1,9
2018430207752,1,9,0,18,0,0,0,0,0,0,1,1,6,1,18,4,1461,2,8,3,1,3
2018430207752,2,9,0,4,0,0,0,0,0,0,2,1,6,2,21,5,1242,1,7,10,1,10
2018430207757,1,9,0,18,0,0,0,0,0,0,1,1,6,1,48,8,2435,1,20,9,2,9
2018430207757,2,9,0,4,0,0,0,0,0,0,2,1,2,2,31,6,1229,1,14,5,1,5
2018430207784,1,5,0,15,0,0,0,0,0,0,1,1,6,1,60,9,900,1,1,10,1,10
2018430207784,2,1,0,18,0,0,0,0,0,0,4,1,6,1,35,6,-1,-1,-1,-1,-1,-1
2018430207791,1,1,0,18,9,0,0,0,0,0,1,1,6,2,-1,-1,-1,-1,-1,-1,-1,-1
2018430207791,2,1,0,18,9,0,0,0,0,0,1,1,2,2,25,5,-1,-1,-1,3,1,3
2018430207811,1,9,0,16,0,1,1,0,0,0,1,1,6,1,27,6,1781,1,18,-1,-1,-1
2018430207811,2,9,0,17,0,2,0,0,1,1,1,1,6,2,54,8,2429,1,13,10,2,10
2018430207826,1,21,0,11,0,0,0,0,0,0,4,1,1,1,41,7,7698,2,2,4,1,4
2018430207826,2,9,0,18,0,0,0,0,0,0,3,1,1,2,57,9,1397,1,11,10,2,10
2018430207849,1,9,0,18,0,0,0,0,0,0,4,1,6,1,40,7,1229,1,8,3,1,3
2018430207849,2,1,0,18,0,0,0,0,0,0,3,1,6,1,6,2,-1,-1,-1,6,1,6
2018430207899,1,9,0,18,0,1,0,0,0,0,1,1,1,1,39,7,1984,1,-1,7,1,7
2018430207899,2,9,0,8,0,1,0,0,0,0,2,1,3,1,50,8,-1,-1,-1,2,1,2
2018430208052,1,9,0,18,0,0,0,0,2,7,1,1,6,1,50,8,-1,-1,-1,7,1,7
2018430208052,2,9,0,3,0,0,0,0,0,0,2,1,6,1,37,7,1896,2,11,4,1,4
2018430208088,1,9,0,4,0,0,0,0,0,0,2,1,2,2,41,7,1798,1,8,-1,-1,-1
2018430208088,2,9,0,18,0,0,0,0,0,0,2,1,6,1,40,7,1197,1,1,-1,-1,-1
2018430208392,1,9,0,3,0,1,0,0,0,0,3,1,6,2,51,8,998,1,5,7,1,7
2018430208392,2,9,0,18,0,1,0,0,0,0,4,1,6,1,50,8,2400,2,6,8,1,8
2018430208484,1,9,0,18,0,1,0,0,0,0,0,1,1,1,29,6,1248,2,5,-1,-1,-1
2018430208484,2,9,0,7,0,6,0,0,0,0,1,1,6,1,19,4,1248,2,9,8,1,8
2018430208484,3,9,0,18,0,8,0,0,0,0,4,1,6,1,31,6,1598,2,6,4,1,4
2018430208565,1,1,0,18,0,0,0,0,0,0,3,1,6,2,25,5,-1,-1,-1,1,1,1
2018430208565,2,9,0,18,0,0,0,0,0,0,1,1,6,1,31,6,1595,1,9,9,1,9
2018430208697,1,19,0,18,0,0,0,0,0,0,1,1,1,1,33,6,-1,-1,-1,9,3,9
2018430208697,2,9,0,10,0,0,0,0,7,0,2,1,6,2,17,4,1598,1,16,6,1,6
2018430208783,1,9,0,18,0,4,0,0,0,0,0,1,1,1,-1,-1,2400,2,4,8,1,8
2018430208783,2,9,0,18,0,3,0,0,0,0,1,1,6,1,32,6,1597,1,26,2,1,2
2018430208783,3,9,0,18,0,5,0,0,0,0,1,1,1,2,41,7,1390,1,16,-1,-1,-1
2018430208853,1,9,0,1,6,6,0,0,0,0,4,1,6,1,26,6,2967,2,8,8,1,8
2018430208863,1,21,0,11,0,3,0,0,0,0,3,1,1,1,41,7,-1,-1,-1,8,1,8
2018430208863,2,8,0,18,0,3,0,0,0,0,4,1,2,2,37,7,1798,1,2,4,1,4
2018430208866,1,9,0,7,0,4,0,0,0,0,1,1,6,2,45,7,-1,-1,-1,-1,-1,-1
2018430208866,2,1,0,18,0,8,0,0,0,0,4,1,6,1,36,7,-1,-1,-1,4,1,4
2018430208877,1,9,0,18,0,1,0,0,0,0,1,1,6,1,-1,-1,1995,2,13,-1,-1,-1
2018430208877,2,9,0,3,0,1,0,0,0,0,2,1,1,2,50,8,1498,1,2,10,1,10
2018430209027,1,9,0,7,0,4,0,0,0,0,1,1,6,1,41,7,1685,2,2,5,1,5
2018430209040,1,9,0,10,0,1,0,0,0,0,2,1,6,1,30,6,1896,2,14,4,1,4
2018430209040,2,9,0,18,0,1,0,0,0,0,1,1,6,1,20,4,1968,2,11,-1,-1,-1
2018430209045,1,5,0,18,0,0,1,0,0,0,0,1,6,1,56,9,998,1,14,5,1,5
2018430209047,1,9,0,9,0,8,0,0,0,0,3,1,6,1,52,8,1995,2,2,6,1,6
2018430209047,2,9,0,18,0,3,0,0,0,0,4,1,6,2,51,8,1364,1,3,10,3,10
2018430209075,1,9,0,18,0,0,5,0,7,4,4,1,6,2,18,4,-1,-1,-1,-1,-1,-1
2018430209094,1,1,0,18,0,6,0,0,0,0,4,1,6,1,23,5,-1,-1,-1,7,1,7
2018430209094,2,9,0,18,0,8,0,0,0,0,1,1,6,2,48,8,1586,1,2,7,3,7
2018430209137,1,9,0,18,0,3,1,0,1,10,1,1,2,1,27,6,2979,1,-1,5,1,5
2018430209706,1,19,0,13,0,0,5,0,0,0,1,1,1,1,30,6,2402,2,10,9,3,9
2018430209706,2,21,0,18,0,0,0,0,0,0,1,1,1,1,55,8,12419,2,3,9,1,9
2018430210042,1,9,0,16,0,0,1,0,0,0,1,1,6,1,27,6,1390,1,7,8,1,8
2018430210042,2,9,0,17,0,0,0,0,0,0,1,1,6,2,56,9,1598,1,5,10,1,10
2018430210170,1,1,0,18,0,6,1,0,0,0,3,1,6,1,29,6,-1,-1,-1,6,1,6
2018430210170,2,8,0,10,5,1,0,0,0,0,1,1,1,1,51,8,1797,8,8,4,1,4
2018430210173,1,19,0,7,0,6,0,0,0,0,3,1,1,1,28,6,2143,2,5,2,1,2
2018430210173,2,3,0,18,0,8,0,0,0,0,1,1,6,1,26,6,124,1,-1,6,1,6
2018430210181,1,5,0,18,0,0,0,12,0,0,1,1,6,1,57,9,900,1,2,7,3,7
2018430210186,1,9,0,7,0,4,0,0,0,0,1,1,1,1,37,7,1956,2,6,9,3,9
2018430210186,2,4,0,18,0,3,0,0,0,0,4,1,6,1,77,11,-1,-1,-1,10,1,10
2018430210398,1,9,0,7,0,4,0,0,0,0,1,1,6,1,60,9,1995,2,-1,9,1,9
2018430210398,2,1,0,9,0,8,0,0,0,0,2,1,6,1,39,7,-1,-1,-1,7,1,7
2018430210430,1,9,0,5,0,8,0,0,0,0,3,1,6,2,-1,-1,-1,-1,-1,7,1,7
2018430210430,2,2,0,18,0,8,0,0,0,0,4,1,6,1,17,4,-1,-1,-1,9,3,9
2018430210628,1,19,0,4,0,0,0,0,0,0,1,1,1,1,59,9,2198,2,5,2,1,2
2018430210628,2,9,0,3,0,0,0,0,1,4,2,1,2,2,45,7,1591,1,4,8,1,8
2018430210720,1,4,0,18,0,0,0,10,0,0,1,1,6,1,56,9,299,1,-1,7,2,7
2018430211038,1,9,0,4,0,0,0,0,0,0,2,1,2,1,45,7,2494,8,4,5,3,5
2018430211038,2,9,0,18,0,0,0,0,0,0,1,1,6,1,45,7,1997,2,13,5,3,5
2018430211088,1,19,0,18,0,1,0,0,0,0,1,1,6,1,57,9,2198,2,2,6,1,6
2018430211088,2,9,0,5,0,1,0,0,0,0,2,1,2,1,36,7,1499,2,1,9,2,9
2018430211311,1,3,0,6,0,0,0,0,0,0,0,1,1,1,48,8,108,1,4,8,1,8
2018430211323,1,9,0,18,0,1,0,0,0,0,1,1,2,2,57,9,1461,2,3,7,2,7
2018430211456,1,9,0,18,0,0,1,0,7,4,1,1,6,1,81,11,998,1,-1,10,1,10
2018430211468,1,9,0,18,0,0,0,0,0,0,1,1,6,2,19,4,1242,1,9,10,1,10
2018430211579,1,9,0,9,0,8,0,0,0,0,4,1,1,2,57,9,1360,1,13,5,1,5
2018430211579,2,9,0,18,0,1,0,0,0,0,1,1,1,2,51,8,1591,1,3,3,1,3
2018430211627,1,9,0,9,0,8,0,0,0,0,1,1,2,2,32,6,1360,1,9,7,1,7
2018430211627,2,9,0,18,0,1,1,0,1,2,1,1,6,2,76,11,1796,1,15,9,1,9
2018430211688,1,5,0,18,0,8,1,0,0,0,1,1,6,1,25,5,-1,-1,-1,4,1,4
2018430211688,2,9,0,18,0,4,0,0,0,0,3,1,2,1,21,5,1242,1,8,9,1,9
2018430211751,1,9,0,18,0,0,0,0,0,0,1,1,6,3,-1,-1,-1,-1,-1,-1,-1,-1
2018430211751,2,1,0,18,0,0,0,0,0,0,3,1,6,1,50,8,-1,-1,-1,9,3,9
2018430211767,1,21,0,18,0,8,5,0,0,0,4,1,1,1,27,6,9200,2,11,4,1,4
2018430212017,1,9,0,18,0,8,0,0,0,0,1,1,6,1,67,10,1796,1,12,9,2,9
2018430212017,2,9,0,18,0,4,0,0,0,0,3,1,6,1,61,9,1560,2,5,10,1,10
2018430212140,1,5,0,18,0,1,0,0,0,0,1,1,6,1,44,7,1170,1,4,4,1,4
2018430212276,1,9,0,18,0,8,0,0,0,0,1,1,6,1,46,8,1582,2,1,-1,-1,-1
2018430212276,2,9,0,9,0,5,0,0,0,0,4,1,6,2,41,7,1461,2,4,8,1,8
2018430212311,1,5,0,4,0,0,1,0,0,0,1,1,1,1,25,5,865,1,4,9,1,9
2018430212311,2,9,0,4,0,0,0,0,0,0,2,1,1,1,24,5,1199,1,16,7,3,7
2018430212317,1,19,0,16,0,3,0,0,0,0,1,1,1,1,27,6,2198,2,6,5,1,5
2018430212317,2,19,0,18,0,4,0,0,0,0,1,1,1,1,29,6,1598,2,2,10,1,10
2018430212372,1,19,0,5,0,1,0,0,0,0,1,1,6,1,-1,-1,-1,-1,-1,-1,-1,-1
2018430212372,2,1,0,18,0,1,0,0,0,0,3,1,3,1,11,3,-1,-1,-1,7,1,7
2018430212467,1,9,0,9,0,5,0,0,0,0,1,1,1,1,61,9,1997,2,4,2,1,2
2018430212467,2,5,0,18,0,8,0,0,0,0,1,1,6,1,46,8,998,1,10,10,1,10
2018430212793,1,9,0,18,0,0,0,4,0,0,1,1,6,1,19,4,2000,2,11,6,3,6
2018430212793,2,9,0,2,0,0,0,10,1,11,2,1,6,1,-1,-1,1496,2,-1,9,3,9
2018430212794,1,9,0,18,0,0,0,0,0,0,1,1,6,1,-1,-1,1388,1,12,-1,-1,-1
2018430212794,2,9,0,18,0,0,0,0,0,0,4,1,6,2,47,8,1364,1,-1,5,1,5
2018430212798,1,9,0,9,0,6,0,0,0,0,3,1,6,1,-1,-1,-1,-1,-1,-1,-1,-1
2018430212798,2,1,0,18,0,8,0,0,0,0,4,1,2,1,28,6,-1,-1,-1,6,1,6
2018430212802,1,9,0,7,0,4,0,0,0,0,1,1,6,1,31,6,1399,2,11,2,1,2
2018430212802,2,1,0,17,0,8,0,0,0,0,4,1,6,2,28,6,-1,-1,-1,5,1,5
2018430212830,1,9,0,18,0,0,1,0,0,0,1,1,2,1,19,4,-1,-1,-1,10,1,10
2018430212830,2,9,0,1,0,0,0,0,0,0,2,1,2,2,47,8,-1,-1,-1,10,1,10
2018430212830,3,9,0,3,0,0,0,0,0,0,2,1,2,2,65,9,-1,-1,-1,3,1,3
2018430212858,1,9,0,3,0,0,0,0,0,0,2,1,6,1,55,8,998,1,14,9,1,9
2018430212858,2,9,0,18,0,0,0,0,0,0,1,1,6,1,-1,-1,-1,-1,-1,5,1,5
2018430212915,1,9,0,5,0,0,0,0,0,0,3,1,6,2,41,7,1395,1,5,8,3,8
2018430212915,2,1,0,15,0,0,0,0,0,0,1,1,6,2,68,10,-1,-1,-1,9,3,9
2018430213011,1,9,0,18,0,0,0,0,0,0,1,1,1,1,47,8,1248,2,11,2,1,2
2018430213011,2,21,1,18,0,0,0,0,0,0,2,1,1,1,50,8,11705,2,11,4,2,4
2018430213024,1,9,0,18,0,8,0,0,7,0,4,1,6,1,50,8,2494,8,-1,-1,-1,-1
2018430213024,2,11,0,18,0,8,0,0,0,0,1,1,1,1,57,9,4500,2,7,6,3,6
2018430213056,1,9,0,18,0,0,2,0,1,4,1,1,6,2,68,10,1360,1,12,9,1,9
2018430213085,1,9,0,18,0,0,0,0,0,0,0,1,6,2,32,6,1968,2,6,7,1,7
2018430213106,1,9,0,7,0,6,0,0,0,0,1,1,6,2,19,4,1242,1,5,10,1,10
2018430213106,2,9,0,18,0,8,0,0,1,9,1,1,6,2,61,9,1753,2,10,6,1,6
2018430213144,1,5,0,18,0,0,1,0,0,0,1,1,6,1,22,5,599,1,19,-1,-1,-1
2018430213212,1,3,0,17,0,0,1,0,1,0,0,1,6,1,18,4,-1,-1,-1,5,3,5
2018430213250,1,9,0,9,0,6,0,0,0,0,3,1,6,2,31,6,998,1,2,7,2,7
2018430213250,2,1,0,14,0,8,0,0,0,0,1,1,6,1,50,8,-1,-1,-1,-1,-1,-1
2018430213250,3,20,0,5,0,1,0,0,0,0,0,1,1,1,30,6,2143,2,2,-1,-1,-1
2018430213490,1,9,0,7,0,3,0,0,0,0,1,1,6,1,80,11,2204,2,12,10,1,10
2018430213491,1,5,0,18,0,0,1,0,5,6,1,1,2,1,33,6,-1,-1,-1,8,1,8
2018430214101,1,9,0,18,0,8,0,0,1,0,1,1,6,1,28,6,-1,-1,-1,-1,-1,-1
2018430214101,2,11,0,9,0,6,0,0,1,3,4,1,1,1,43,7,-1,-1,-1,-1,-1,-1
2018430214125,1,9,0,12,0,0,0,0,0,0,2,1,6,1,46,8,1598,1,6,10,1,10
2018430214125,2,9,0,18,0,0,0,0,0,0,1,1,6,2,36,7,1598,1,11,4,1,4
2018430214360,1,2,0,9,0,5,0,0,0,0,4,1,1,1,19,4,-1,-1,-1,5,1,5
2018430214360,2,8,0,18,0,8,0,0,0,0,1,1,6,1,41,7,1997,2,7,7,1,7
2018430214622,1,9,0,18,0,1,0,0,0,0,3,1,6,2,37,7,-1,-1,-1,8,1,8
2018430214622,2,1,0,18,0,1,0,0,0,0,1,1,6,1,32,6,-1,-1,-1,4,1,4
2018430214673,1,19,0,4,0,0,0,0,0,0,1,1,1,1,35,6,2299,2,1,4,1,4
2018430214673,2,9,0,4,0,0,2,0,0,0,2,1,6,1,54,8,-1,-1,-1,4,1,4
2018430214673,3,9,0,4,0,0,0,0,0,0,2,1,6,1,64,9,1968,2,4,9,1,9
2018430214751,1,20,0,9,0,5,0,0,0,0,1,1,1,1,21,5,-1,-1,-1,10,1,10
2018430214751,2,5,0,18,0,8,0,0,0,0,1,1,1,1,29,6,999,1,3,9,1,9
2018430214793,1,9,0,9,0,6,0,0,0,0,1,1,6,2,17,4,1242,1,10,10,1,10
2018430214793,2,9,0,18,0,8,1,0,1,0,4,1,6,2,62,9,1197,1,3,10,1,10
2018430214798,1,9,0,18,0,4,0,0,0,0,1,1,6,2,45,7,1596,1,5,8,1,8
2018430214798,2,3,0,18,0,8,0,0,0,0,4,1,6,1,53,8,125,1,1,8,1,8
2018430215257,1,9,0,14,0,8,0,0,0,0,1,1,3,1,40,7,1598,1,9,3,1,3
2018430215379,1,9,0,13,0,0,0,0,0,0,1,1,6,1,53,8,2521,1,12,-1,-1,-1
2018430215379,2,1,0,18,0,0,0,0,0,0,2,1,6,1,18,4,-1,-1,-1,10,3,10
2018430215628,1,9,0,18,0,4,0,9,3,1,1,1,2,1,19,4,1149,1,15,8,1,8
2018430215807,1,9,0,18,0,0,0,0,0,0,0,1,1,1,34,6,2993,2,-1,10,1,10
2018430215807,2,9,0,16,0,0,1,0,7,10,1,1,6,1,16,4,1973,1,19,6,3,6
2018430215941,1,9,0,13,0,1,1,0,1,0,1,1,2,1,34,6,1968,2,4,9,1,9
2018430215941,2,19,0,9,0,5,0,0,0,0,3,1,2,1,43,7,2488,2,9,-1,-1,-1
2018430215951,1,9,0,9,0,8,0,0,1,2,3,1,6,1,85,11,1498,1,2,9,1,9
2018430215951,2,9,0,18,0,8,0,0,0,0,1,1,6,1,36,7,2148,2,10,6,1,6
2018430215952,1,9,0,7,0,8,0,0,0,0,1,1,6,2,63,9,1600,2,7,7,3,7
2018430215952,2,9,0,18,0,8,0,0,0,0,1,1,6,2,64,9,3628,2,8,7,3,7
2018430215955,1,9,0,18,0,1,0,0,0,0,1,1,6,1,23,5,1229,1,10,3,1,3
2018430215955,2,9,0,3,0,1,0,0,0,0,2,1,6,1,51,8,1497,8,12,4,1,4
2018430215955,3,9,0,10,0,8,0,0,0,0,2,1,6,2,44,7,-1,-1,-1,4,1,4
2018430215982,1,1,0,18,0,1,0,0,0,0,1,1,6,2,61,9,-1,-1,-1,10,1,10
2018430215982,2,9,0,9,0,6,0,0,0,0,3,1,6,2,20,4,-1,-1,-1,9,1,9
2018430216052,1,9,0,18,0,6,0,0,0,0,4,1,6,2,39,7,1197,1,2,7,3,7
2018430216052,2,9,0,18,0,8,0,0,0,0,1,1,2,2,39,7,1798,2,8,7,2,7
2018430216074,1,9,0,6,0,8,0,0,0,0,3,1,6,1,56,9,2148,2,15,5,1,5
2018430216074,2,9,0,14,0,8,0,0,0,0,4,1,6,1,23,5,1240,1,12,3,1,3
2018430216104,1,19,0,18,0,0,1,0,0,0,1,1,1,1,48,8,2198,2,7,2,1,2
2018430216104,2,9,0,4,0,0,0,0,0,0,2,1,6,2,48,8,3999,1,6,8,1,8
2018430216104,3,9,0,4,0,0,0,0,0,0,2,1,6,1,66,10,1368,1,1,5,2,5
2018430216107,1,3,0,18,0,0,1,0,0,0,4,1,6,1,55,8,125,1,3,7,3,7
2018430216107,2,9,0,2,6,0,0,0,0,0,1,1,1,2,33,6,1598,1,6,-1,-1,-1
2018430216107,3,9,0,18,0,0,0,0,0,0,4,1,6,1,36,7,1995,2,14,1,1,1
2018430216107,4,19,0,18,0,0,0,0,0,0,3,1,1,1,37,7,2198,2,2,4,1,4
2018430216136,1,9,0,18,0,1,0,0,0,0,1,1,6,1,60,9,1999,1,13,2,1,2
2018430216136,2,9,0,8,0,1,0,0,0,0,2,1,6,2,45,7,1598,1,16,2,1,2
2018430216170,1,9,0,9,0,8,0,0,0,0,0,1,6,3,-1,-1,-1,-1,-1,-1,-1,-1
2018430216170,2,9,0,18,0,8,0,0,0,0,1,1,6,1,41,7,4008,1,20,5,2,5
2018430216170,3,9,0,18,0,8,0,0,0,0,2,1,6,2,27,6,1395,1,1,9,2,9
2018430216204,1,9,0,18,0,0,1,0,1,4,1,1,6,1,37,7,1796,1,9,3,1,3
2018430216204,2,9,0,12,0,0,1,0,1,4,2,1,6,1,62,9,1753,2,10,8,1,8
2018430216204,3,9,0,12,0,0,0,0,0,0,0,1,6,1,19,4,-1,-1,-1,-1,-1,-1
2018430216218,1,9,0,18,0,3,0,0,0,0,1,1,6,2,19,4,999,1,-1,8,1,8
2018430216218,2,9,0,18,0,4,0,0,0,0,1,1,6,2,21,5,1596,1,4,5,1,5
2018430216242,1,9,0,13,0,0,0,0,0,0,4,1,6,3,-1,-1,-1,-1,-1,-1,-1,-1
2018430216242,2,1,0,18,0,0,0,0,0,0,3,1,6,1,49,8,-1,-1,-1,9,1,9
2018430216292,1,9,0,11,0,0,1,0,1,7,1,1,2,2,24,5,1198,1,11,7,-1,7
2018430216620,1,9,0,18,0,0,0,0,0,0,1,1,6,1,28,6,1560,2,13,3,1,3
2018430216620,2,9,0,3,0,0,0,0,0,0,2,1,1,1,64,9,1398,1,2,9,3,9
2018430216999,1,9,0,17,0,0,0,0,0,0,1,1,6,1,-1,-1,1398,1,-1,-1,-1,-1
2018430216999,2,9,0,16,0,0,0,0,0,0,1,1,6,1,53,8,1199,2,7,8,1,8
2018430217110,1,1,0,18,0,8,0,0,0,0,1,1,6,1,34,6,-1,-1,-1,9,1,9
2018430217110,2,9,0,18,0,8,0,0,0,0,4,1,6,1,33,6,1984,1,8,9,1,9
2018430217199,1,9,0,16,0,8,1,0,4,0,1,1,6,1,21,5,1995,2,8,8,1,8
2018430217199,2,9,0,9,0,6,0,0,4,0,2,1,6,1,48,8,1984,1,1,-1,-1,-1
2018430217286,1,9,0,1,9,0,0,0,0,0,2,1,6,3,34,6,2993,2,14,9,1,9
2018430217336,1,9,0,13,0,0,0,0,0,0,4,1,6,3,-1,-1,-1,-1,-1,-1,-1,-1
2018430217336,2,1,0,18,0,0,0,0,0,0,3,1,6,2,54,8,-1,-1,-1,8,2,8
2018430217349,1,9,0,18,0,6,0,0,0,0,4,1,6,2,30,6,1968,2,6,-1,-1,-1
2018430217349,2,1,0,18,0,8,0,0,0,0,4,1,2,1,21,5,-1,-1,-1,3,1,3
2018430217398,1,9,0,18,0,4,0,0,0,0,1,1,6,2,50,8,1598,1,9,4,1,4
2018430217398,2,1,0,18,0,8,0,0,0,0,4,1,6,1,30,6,-1,-1,-1,7,1,7
2018430217436,1,9,0,9,0,5,0,0,0,0,1,1,6,2,39,7,1798,1,10,10,1,10
2018430217436,2,5,0,18,0,1,1,0,0,0,1,1,6,1,38,7,1200,1,26,8,1,8
2018430217443,1,21,1,18,0,0,0,0,0,0,4,1,6,1,47,8,-1,-1,-1,5,1,5
2018430217443,2,9,0,2,0,0,0,0,1,7,1,1,6,2,50,8,988,1,30,10,3,10
2018430217476,1,1,0,18,0,0,0,0,1,0,0,1,6,1,43,7,-1,-1,-1,-1,-1,-1
2018430217476,2,11,0,13,0,0,0,0,0,0,0,1,1,1,-1,-1,-1,-1,-1,-1,-1,-1
2018430218098,1,8,0,12,0,8,0,0,0,0,0,1,1,1,45,7,1997,2,11,-1,-1,-1
2018430218232,1,9,0,2,0,2,0,0,0,0,3,1,6,1,-1,-1,1339,1,15,-1,-1,-1
2018430218232,2,1,0,18,0,2,0,0,0,0,4,1,6,1,-1,-1,-1,-1,-1,4,1,4
2018430218326,1,9,0,18,0,0,0,0,0,0,1,1,6,1,50,8,2997,1,3,9,3,9
2018430218326,2,9,0,18,0,0,0,0,0,0,1,1,6,1,64,9,1598,1,12,9,3,9
2018430218632,1,2,0,18,0,1,0,0,0,0,1,1,1,1,33,6,124,1,15,-1,-1,-1
2018430218632,2,9,0,11,0,1,0,0,0,0,2,1,6,2,22,5,1390,1,11,9,1,9
2018430218660,1,2,0,5,0,6,0,0,0,0,3,1,6,2,24,5,49,1,-1,-1,-1,-1
2018430218660,2,9,0,18,0,1,0,0,0,0,1,1,6,1,45,7,1598,2,3,-1,-1,-1
2018430218694,1,9,0,7,9,1,0,0,0,0,1,1,1,2,64,9,-1,-1,-1,9,2,9
2018430218728,1,2,0,15,0,0,0,0,0,0,3,1,6,1,16,4,49,1,6,10,1,10
2018430218772,1,5,0,14,0,0,0,0,0,0,1,1,6,1,54,8,535,1,23,5,1,5
2018430218772,2,9,0,18,0,0,0,0,0,0,3,1,6,1,51,8,1461,2,4,5,1,5