Accident_Index,Vehicle_Reference,Vehicle_Type,Towing_and_Articulation,Vehicle_Manoeuvre,Vehicle_Location-Restricted_Lane,Junction_Location,Skidding_and_Overturning,Hit_Object_in_Carriageway,Vehicle_Leaving_Carriageway,Hit_Object_off_Carriageway,1st_Point_of_Impact,Was_Vehicle_Left_Hand_Drive?,Journey_Purpose_of_Driver,Sex_of_Driver,Age_of_Driver,Age_Band_of_Driver,Engine_Capacity_(CC),Propulsion_Code,Age_of_Vehicle,Driver_IMD_Decile,Driver_Home_Area_Type,Vehicle_IMD_Decile
2018430232184,1,3,0,18,0,0,0,0,0,0,1,1,1,1,29,6,115,1,1,5,1,5
2018430232184,2,9,0,4,0,0,0,0,0,0,2,1,6,1,46,8,1461,2,1,4,1,4
2018430232195,1,9,0,16,0,0,0,0,4,0,1,1,6,1,61,9,-1,-1,-1,10,1,10
2018430232197,1,9,0,18,0,0,0,0,0,0,-1,1,6,3,-1,-1,-1,-1,-1,-1,-1,-1
2018430232240,1,9,0,18,0,0,0,0,0,0,0,1,6,2,18,4,2488,7,15,4,2,4
2018430232240,2,1,0,18,0,0,0,0,1,1,0,1,6,1,29,6,-1,-1,-1,7,1,7
2018430232408,1,3,0,18,0,1,0,10,0,0,1,1,6,1,-1,-1,-1,-1,-1,-1,-1,-1
2018430232408,2,9,0,18,0,1,0,0,0,0,2,1,6,1,34,6,1399,2,14,-1,-1,-1
2018430232439,1,9,0,15,0,1,0,0,0,0,4,1,6,1,-1,-1,1753,2,8,10,1,10
2018430232439,2,1,0,18,0,1,0,0,0,0,3,1,6,1,53,8,-1,-1,-1,-1,-1,-1
2018430232506,1,9,0,18,0,2,0,0,0,0,3,1,2,1,31,6,1399,2,12,10,1,10
2018430232694,1,9,0,17,0,0,1,0,7,4,1,1,1,2,21,5,-1,-1,-1,8,3,8
2018430233249,1,9,0,18,0,0,0,0,0,0,1,1,6,1,45,7,1968,2,12,10,1,10
2018430233249,2,9,0,4,0,0,0,0,0,0,2,1,1,1,59,9,1995,2,3,7,3,7
2018430233249,3,9,0,4,0,0,0,0,0,0,2,1,6,2,25,5,1248,2,5,8,1,8
2018430233249,4,9,0,4,0,0,0,0,0,0,2,1,6,1,25,5,1598,2,6,4,3,4
2018430233387,1,9,0,18,0,0,0,0,0,0,1,1,6,1,22,5,1461,2,1,9,2,9
2018430233387,2,9,0,4,0,0,0,0,0,0,2,1,6,1,52,8,1984,1,1,8,1,8
2018430233500,1,9,0,4,0,0,0,0,0,0,4,1,1,1,35,6,998,1,5,7,1,7
2018430233536,1,9,0,18,0,0,0,0,0,0,1,1,6,1,-1,-1,-1,-1,-1,-1,-1,-1
2018430233571,1,9,0,4,0,1,0,0,0,0,1,1,6,3,-1,-1,-1,-1,-1,-1,-1,-1
2018430233571,2,9,0,3,0,1,0,0,0,0,2,1,2,1,25,5,1398,1,2,8,1,8
2018430233589,1,9,0,18,0,1,0,0,0,0,1,1,6,1,-1,-1,-1,-1,-1,-1,-1,-1
2018430233589,2,1,0,2,0,1,0,0,0,0,3,1,6,1,15,3,-1,-1,-1,7,1,7
2018430233592,1,20,1,18,0,0,0,4,0,0,4,1,6,3,-1,-1,-1,-1,-1,-1,-1,-1
2018430233592,2,9,0,2,6,0,0,0,0,0,3,1,6,1,-1,-1,1686,2,9,5,1,5
2018430233606,1,9,0,18,0,0,0,0,0,0,2,1,6,1,30,6,1984,1,12,-1,-1,-1
2018430233606,2,9,0,18,0,0,0,0,0,0,2,1,2,1,18,4,1242,1,12,-1,-1,-1
2018430233606,3,9,0,18,0,0,0,0,0,0,1,1,6,1,30,6,2496,2,17,9,1,9
2018430233642,1,9,0,18,0,2,0,0,0,0,1,1,6,2,28,6,1600,1,13,7,2,7
2018430233642,2,9,0,2,0,2,0,0,0,0,2,1,6,1,26,6,1399,1,1,-1,-1,-1
2018430233642,3,9,0,2,0,2,0,0,0,0,2,1,6,3,-1,-1,1390,1,16,-1,-1,-1
2018430233809,1,9,0,18,0,1,0,0,0,0,1,1,6,1,22,5,1995,2,9,9,2,9
2018430233809,2,9,0,10,0,1,0,0,0,0,2,1,6,1,25,5,1242,1,5,10,1,10
2018430233830,1,3,0,18,9,0,0,0,0,0,1,1,6,1,-1,-1,124,1,5,-1,-1,-1
2018430233830,2,1,0,18,9,0,0,0,0,0,1,1,6,2,23,5,-1,-1,-1,8,1,8
2018430233965,1,9,0,18,0,4,0,0,1,1,3,1,6,1,37,7,1999,1,12,6,1,6
2018430233965,2,3,0,18,0,8,0,0,1,0,1,1,6,1,41,7,124,1,4,2,1,2
2018430234709,1,9,0,17,0,0,1,0,7,11,1,1,6,1,-1,-1,2261,1,-1,-1,-1,-1
2018430234709,2,9,0,2,9,0,0,0,0,0,0,1,6,3,-1,-1,1332,1,7,-1,-1,-1
2018430234801,1,9,0,9,0,5,0,0,0,0,4,1,6,2,42,7,2967,2,1,8,3,8
2018430234801,2,5,0,18,0,8,1,0,0,0,1,1,6,1,54,8,1130,1,11,9,1,9
2018430234826,1,5,0,14,0,0,1,0,2,7,3,1,6,1,23,5,645,1,13,2,1,2
2018430234826,2,9,0,11,0,0,0,0,0,0,4,1,6,1,47,8,2999,2,11,2,1,2
2018430234826,3,9,0,18,0,0,0,0,0,0,2,1,6,1,27,6,-1,3,-1,9,1,9
2018430234872,1,5,0,18,0,0,0,12,0,0,1,1,6,1,55,8,1200,1,2,9,3,9
2018430234897,1,1,0,18,0,8,0,0,0,0,1,1,6,2,20,4,-1,-1,-1,7,1,7
2018430234897,2,9,0,18,0,8,0,0,0,0,3,1,6,1,-1,-1,1590,1,14,8,1,8
2018430234902,1,9,0,18,8,7,0,0,0,0,1,1,6,1,23,5,1422,2,8,7,1,7
2018430234902,2,1,0,18,9,8,0,0,0,0,3,1,2,1,31,6,-1,-1,-1,10,1,10
2018430234928,1,19,0,13,0,0,0,0,0,0,4,1,1,1,-1,-1,-1,-1,-1,10,3,10
2018430234928,2,1,0,18,0,0,0,0,7,4,3,1,6,1,36,7,-1,-1,-1,4,1,4
2018430234973,1,9,0,18,0,0,0,0,0,0,1,1,6,3,-1,-1,2170,2,13,-1,-1,-1
2018430234973,2,9,0,18,0,0,0,0,0,0,2,1,2,2,39,7,1242,1,6,-1,-1,-1
2018430234976,1,9,0,18,0,3,0,0,0,0,1,1,6,2,-1,-1,2000,1,12,-1,-1,-1
2018430234976,2,9,0,3,0,3,0,0,0,0,2,1,6,2,-1,-1,2198,1,12,10,1,10
2018430235330,1,11,0,18,0,1,0,0,0,0,1,1,1,1,39,7,-1,3,5,5,1,5
2018430235330,2,19,0,3,0,1,0,0,0,0,2,1,1,1,33,6,1598,2,3,5,3,5
2018430235452,1,9,0,18,0,0,0,0,0,0,1,1,6,3,-1,-1,-1,-1,-1,-1,-1,-1
2018430235452,2,3,0,18,0,0,0,0,0,0,4,1,2,1,31,6,125,1,3,4,1,4
2018430235553,1,9,0,18,0,0,0,0,0,0,1,1,6,2,79,11,1998,1,9,9,2,9
2018430235553,2,21,0,2,0,0,0,0,0,0,2,1,1,1,47,8,10837,2,1,7,1,7
2018430235611,1,9,0,9,0,8,0,0,0,0,1,1,6,2,34,6,1997,1,4,9,3,9
2018430235611,2,9,0,18,0,8,0,0,4,4,3,1,6,1,35,6,1197,1,1,4,1,4
2018430235641,1,9,0,18,0,0,0,0,0,0,1,1,6,1,49,8,1796,1,12,7,3,7
2018430235641,2,9,0,18,0,0,0,0,0,0,1,1,6,2,61,9,999,1,2,10,1,10
2018430235911,1,21,1,18,6,0,0,0,0,0,1,1,6,1,50,8,-1,-1,-1,-1,-1,-1
2018430235911,2,19,4,2,6,0,0,0,0,0,3,1,1,2,53,8,-1,-1,-1,3,1,3
2018430235934,1,9,0,18,0,0,0,4,0,0,1,1,6,2,92,11,1339,1,13,10,2,10
2018430235934,2,9,0,2,0,0,0,0,1,0,1,1,6,2,22,5,1242,1,15,9,3,9
2018430235936,1,9,0,15,0,1,0,0,0,0,3,1,6,1,22,5,-1,-1,-1,-1,-1,-1
2018430235936,2,3,0,18,0,1,1,0,0,0,4,1,6,1,29,6,113,1,2,3,1,3
2018430235938,1,9,0,9,0,8,0,0,0,0,1,1,6,2,67,10,1364,1,9,-1,-1,-1
2018430235938,2,9,0,18,0,8,0,0,0,0,1,1,6,2,23,5,-1,-1,-1,6,1,6
2018430235986,1,9,0,16,0,8,0,0,0,0,1,1,6,2,36,7,1596,1,13,7,1,7
2018430236094,1,9,0,9,0,4,0,0,0,0,3,1,6,1,46,8,2993,2,1,6,1,6
2018430236094,2,1,0,9,0,8,0,0,0,0,1,1,6,1,63,9,-1,-1,-1,7,1,7
2018430236095,1,9,0,18,0,1,0,0,0,0,3,1,2,2,56,9,1968,2,5,9,1,9
2018430236137,1,9,0,9,0,5,0,0,0,0,2,1,2,1,73,10,1587,1,11,9,1,9
2018430236137,2,5,0,18,0,8,1,0,0,0,1,1,6,1,27,6,999,1,11,9,1,9
2018430236152,1,9,0,18,0,1,0,0,0,0,1,1,6,1,-1,-1,-1,-1,-1,-1,-1,-1
2018430236152,2,9,0,3,0,1,0,0,0,0,2,1,6,2,40,7,1398,1,6,4,1,4
2018430236181,1,19,0,18,0,1,0,0,0,0,1,1,2,1,22,5,1870,2,12,5,1,5
2018430236181,2,9,0,10,0,1,0,0,0,0,2,1,2,2,23,5,1229,1,5,10,1,10
2018430236181,3,19,0,18,0,1,0,0,0,0,1,1,1,1,42,7,1499,2,1,10,1,10
2018430236352,1,9,0,9,0,8,0,0,0,0,1,1,6,1,-1,-1,-1,-1,-1,4,1,4
2018430236352,2,9,0,18,0,8,0,0,0,0,1,1,6,1,69,10,1390,1,14,10,1,10
2018430236352,3,98,0,18,0,8,0,0,0,0,3,1,6,3,-1,-1,-1,-1,-1,-1,-1,-1
2018430236453,1,9,0,18,0,0,0,0,0,0,1,1,6,2,34,6,1995,2,1,7,1,7
2018430236453,2,9,0,4,0,0,0,0,0,0,2,1,6,1,37,7,1461,2,4,7,1,7
2018430236828,1,5,0,13,0,1,1,0,0,0,0,1,2,1,42,7,599,1,16,1,1,1
2018430236828,2,9,0,7,0,6,0,0,0,0,0,1,2,2,38,7,1991,2,7,8,1,8
2018430237017,1,9,0,18,0,6,0,0,0,0,1,1,1,1,59,9,1995,2,-1,-1,2,-1
2018430237017,2,9,0,18,0,8,0,0,7,11,4,1,6,2,43,7,1598,1,17,2,1,2
2018430237017,3,9,0,2,0,1,0,0,0,0,2,1,6,3,-1,-1,2143,2,6,-1,-1,-1
2018430237173,1,9,0,18,0,0,0,0,0,0,1,1,6,1,17,4,1968,2,8,10,1,10
2018430237354,1,9,0,18,0,8,0,0,0,0,1,1,6,2,46,8,2143,2,6,6,1,6
2018430237354,2,9,0,3,0,8,0,0,0,0,2,1,1,1,33,6,2996,1,10,4,1,4
2018430237354,3,9,0,3,0,8,0,0,0,0,2,1,1,2,44,7,-1,-1,-1,-1,-1,-1
2018430237380,1,5,0,9,0,8,0,0,0,0,1,1,6,1,23,5,689,1,4,9,3,9
2018430237380,2,9,0,12,0,8,0,0,0,0,3,1,6,3,-1,-1,-1,-1,-1,-1,-1,-1
2018430237430,1,9,0,18,0,8,0,0,0,0,4,1,1,1,-1,-1,1995,2,10,-1,-1,-1
2018430237430,2,9,0,18,0,8,0,0,0,0,1,1,1,1,-1,-1,1360,1,14,-1,-1,-1
2018430237430,3,1,0,18,0,8,0,0,0,0,1,1,6,1,16,4,-1,-1,-1,-1,-1,-1
2018430237430,4,1,0,18,0,8,0,0,0,0,1,1,6,1,16,4,-1,-1,-1,-1,-1,-1
2018430237445,1,9,0,5,0,5,0,0,0,0,1,1,6,1,40,7,998,1,12,10,1,10
2018430237445,2,9,0,18,0,8,0,0,0,0,1,1,6,1,43,7,1968,2,2,-1,-1,-1
2018430237445,3,9,0,10,0,1,0,0,0,0,3,1,6,1,46,8,-1,-1,-1,8,3,8
2018430237482,1,9,0,18,0,0,0,0,0,0,1,1,6,1,53,8,1497,1,13,3,1,3
2018430237482,2,9,0,18,0,0,0,0,1,0,1,1,6,2,61,9,1997,2,3,10,2,10
2018430237512,1,9,0,18,0,6,0,0,7,0,1,1,1,1,51,8,1598,1,8,7,2,7
2018430237512,2,9,0,18,0,8,0,0,1,0,3,1,1,2,31,6,1997,1,-1,10,2,10
2018430237512,3,9,0,18,0,1,0,0,0,0,0,1,6,1,-1,-1,1995,2,3,10,2,10
2018430237539,1,9,0,18,0,0,2,0,0,0,3,1,2,1,21,5,998,1,14,-1,-1,-1
2018430237539,2,9,0,18,0,0,0,0,0,0,1,1,2,2,44,7,1598,2,1,-1,-1,-1
2018430237595,1,9,0,4,0,8,0,0,0,0,1,1,6,2,20,4,1242,1,8,3,1,3
2018430237595,2,19,0,3,0,8,0,0,0,0,2,1,1,1,36,7,1248,2,2,4,1,4
2018430237595,3,9,0,3,0,8,0,0,0,0,2,1,6,2,46,8,2902,2,12,6,3,6
2018430237595,4,9,0,3,0,8,0,0,0,0,2,1,6,1,49,8,-1,-1,-1,10,2,10
2018430238194,1,3,0,18,0,0,0,0,0,0,1,1,6,1,32,6,-1,-1,-1,3,1,3
2018430238194,2,9,0,4,0,0,0,0,0,0,1,1,6,2,35,6,1598,1,11,9,1,9
2018430238194,3,9,0,4,0,0,0,0,0,0,2,1,6,1,25,5,1229,1,7,10,1,10
2018430238194,4,19,0,18,0,0,0,0,0,0,0,1,6,1,35,6,1560,2,2,10,2,10
2018430238194,5,9,0,18,0,0,0,0,0,0,4,1,6,2,34,6,-1,-1,-1,6,1,6
2018430238228,1,1,0,18,0,1,0,0,0,0,1,1,6,1,13,3,-1,-1,-1,10,3,10
2018430238228,2,9,0,9,0,6,0,0,0,0,3,1,6,1,62,9,-1,-1,-1,10,3,10
2018430238517,1,9,0,18,0,8,0,0,0,0,1,1,6,1,22,5,998,1,23,5,1,5
2018430238517,2,9,0,9,0,8,0,0,0,0,2,1,6,1,26,6,1596,1,6,9,3,9
2018430238728,1,22,0,18,0,0,0,0,0,0,1,1,6,1,45,7,-1,-1,-1,-1,-1,-1
2018430238749,1,21,0,18,0,0,0,0,0,0,4,1,1,1,63,9,12740,2,1,7,1,7
2018430238749,2,1,0,18,0,0,0,0,1,0,2,1,6,1,61,9,-1,-1,-1,8,3,8
2018430239006,1,9,0,18,0,0,0,0,0,0,3,1,6,3,-1,-1,-1,-1,-1,-1,-1,-1
2018430239006,2,9,0,18,0,0,0,0,0,0,3,1,6,1,50,8,1461,2,2,6,1,6
2018430239335,1,9,0,13,0,0,0,0,1,11,1,1,6,1,27,6,1998,1,11,3,1,3
2018430239335,2,9,0,18,0,0,0,0,1,11,1,1,6,1,28,6,2171,2,16,5,1,5
2018430239633,1,9,0,6,0,8,0,0,0,0,3,1,6,1,28,6,1388,1,14,-1,-1,-1
2018430239633,2,9,0,18,0,8,0,0,0,0,1,1,6,1,55,8,1910,2,14,-1,-1,-1
2018430239794,1,9,0,18,0,0,0,0,0,0,1,1,6,1,27,6,1390,1,13,6,1,6
2018430239794,2,9,0,18,0,0,0,7,1,9,2,1,6,1,46,8,1896,2,15,5,2,5
2018430239823,1,5,0,13,0,0,1,0,2,11,4,1,6,1,28,6,998,1,13,9,1,9
2018430239823,2,98,0,18,0,0,0,0,0,0,0,1,1,3,-1,-1,-1,-1,-1,-1,-1,-1
2018430239989,1,9,0,18,0,0,0,0,0,0,1,1,6,2,47,8,1984,1,16,8,2,8
2018430239989,2,9,0,18,0,0,0,0,0,0,1,1,6,2,35,6,1496,2,1,5,1,5
2018430240023,1,19,0,18,0,0,0,0,0,0,3,1,6,1,-1,-1,-1,-1,-1,-1,-1,-1
2018430240023,2,9,0,18,0,0,0,0,2,10,3,1,2,1,21,5,1596,1,11,4,3,4
2018430240082,1,1,0,17,0,0,0,0,0,0,4,1,6,1,-1,-1,-1,-1,-1,10,1,10
2018430240082,2,9,0,18,0,0,0,0,0,0,3,1,6,2,-1,-1,-1,-1,-1,-1,-1,-1
2018430240111,1,1,0,18,9,1,0,0,0,0,1,1,2,1,29,6,-1,-1,-1,9,1,9
2018430240111,2,9,0,18,0,1,0,0,0,0,1,1,2,2,50,8,1598,1,15,5,1,5
2018430240118,1,9,0,9,0,6,0,0,0,0,1,1,6,2,70,10,1968,2,5,-1,-1,-1
2018430240118,2,9,0,18,0,8,0,0,0,0,3,1,1,1,53,8,-1,-1,-1,4,1,4
2018430240132,1,19,0,18,0,8,0,0,0,0,0,1,6,3,-1,-1,-1,-1,-1,-1,-1,-1
2018430240132,2,1,0,14,0,8,0,0,0,0,4,1,6,1,61,9,-1,-1,-1,10,3,10
2018430240132,3,9,0,2,0,2,0,0,0,0,3,1,6,3,-1,-1,1595,1,17,-1,-1,-1
2018430240153,1,98,0,11,0,0,0,0,0,0,1,1,6,3,-1,-1,-1,-1,-1,-1,-1,-1
2018430240153,2,9,0,18,0,0,0,0,0,0,2,1,2,2,22,5,1149,1,9,4,2,4
2018430240165,1,9,0,18,0,0,0,0,0,0,1,1,6,1,37,7,2998,1,2,6,1,6
2018430240165,2,9,0,4,0,0,0,0,0,0,2,1,6,1,33,6,2494,1,14,3,1,3
2018430240165,3,9,0,4,0,0,0,0,0,0,2,1,6,1,-1,-1,1896,2,10,3,1,3
2018430240275,1,9,0,18,0,0,1,0,0,0,1,1,6,1,49,8,1968,2,2,8,1,8
2018430240275,2,21,0,18,0,0,0,0,0,0,2,1,6,1,47,8,-1,-1,-1,5,1,5
2018430240345,1,9,0,18,0,0,0,0,7,4,1,1,6,1,21,5,1396,1,15,8,3,8
2018430240966,1,9,0,9,0,6,0,0,0,0,1,1,6,1,56,9,1242,1,15,10,2,10
2018430240966,2,5,0,18,0,8,0,0,0,0,1,1,2,1,28,6,645,1,9,6,1,6
2018430241241,1,9,0,5,0,8,0,0,0,0,1,1,6,1,-1,-1,1595,1,-1,-1,-1,-1
2018430241241,2,9,0,5,0,8,0,0,0,0,3,1,6,2,60,9,2000,2,8,9,1,9
2018430241246,1,3,0,11,0,0,1,0,0,0,2,1,6,1,20,4,124,1,3,5,1,5
2018430241246,2,9,0,18,0,0,0,0,0,0,1,1,6,2,46,8,1597,2,4,3,1,3
2018430241253,1,8,0,5,0,0,0,0,0,0,0,1,1,3,-1,-1,-1,-1,-1,-1,-1,-1
2018430241256,1,3,0,4,0,1,1,0,0,0,0,1,6,1,26,6,125,1,9,9,2,9
2018430241266,1,19,0,4,0,1,0,0,0,0,1,1,1,1,27,6,1560,2,4,5,1,5
2018430241266,2,9,0,4,0,1,0,0,0,0,2,1,1,1,45,7,1968,2,5,5,1,5
2018430241281,1,9,0,18,0,1,1,0,3,10,1,1,6,1,18,4,1900,2,13,3,1,3
2018430241281,2,9,0,3,0,1,0,0,3,1,4,1,6,2,42,7,1289,1,20,5,1,5
2018430241322,1,9,0,1,0,6,0,0,0,0,2,1,6,1,30,6,-1,-1,-1,-1,-1,-1
2018430241322,2,1,0,18,0,1,0,0,0,0,-1,1,6,1,-1,-1,-1,-1,-1,2,1,2
2018430241349,1,9,0,18,0,0,0,0,0,0,-1,1,6,3,-1,-1,-1,-1,-1,-1,-1,-1
2018430241349,2,9,0,2,0,0,0,0,0,0,0,1,6,2,39,7,1296,1,11,10,1,10
2018430241374,1,9,0,7,0,6,0,0,0,0,1,1,6,2,30,6,-1,-1,-1,-1,-1,-1
2018430241374,2,1,0,18,0,8,0,0,0,0,4,1,6,2,30,6,-1,-1,-1,8,1,8
2018430241393,1,3,0,18,0,8,1,0,0,0,4,1,6,1,-1,-1,125,1,5,-1,-1,-1
2018430241393,2,5,0,9,0,6,1,0,0,0,3,1,6,1,-1,-1,1170,1,2,4,3,4
2018430241428,1,1,0,18,0,0,0,0,0,0,2,1,6,1,-1,-1,-1,-1,-1,9,1,9
2018430241428,2,9,0,13,0,0,0,0,0,0,1,1,6,2,-1,-1,1199,1,15,-1,-1,-1
2018430241524,1,19,0,18,0,1,0,0,0,0,1,1,1,1,-1,-1,-1,-1,-1,-1,-1,-1
2018430241524,2,20,0,3,0,1,0,0,0,0,2,1,1,1,-1,-1,4485,2,4,6,3,6
2018430241526,1,9,0,4,0,7,1,0,0,0,1,1,1,1,27,6,1598,2,2,-1,-1,-1
2018430241526,2,19,0,4,0,7,1,0,0,0,1,1,1,1,21,5,1560,2,4,10,3,10
2018430241526,3,9,0,4,0,7,0,0,0,0,2,1,6,1,59,9,1598,1,4,7,3,7
2018430241526,4,9,0,4,0,7,0,0,0,0,2,1,6,1,21,5,998,1,2,1,1,1
2018430241763,1,3,0,13,0,8,0,0,7,11,1,1,6,1,20,4,125,1,2,-1,-1,-1
2018430241763,2,9,0,9,0,5,0,0,0,0,3,1,6,1,56,9,1398,2,13,8,1,8
2018430241823,1,9,0,18,0,0,1,0,1,4,1,1,2,1,21,5,1362,1,5,6,1,6
2018430241823,2,9,0,18,0,0,2,0,7,0,1,1,2,1,26,6,1398,2,4,10,2,10
2018430241857,1,9,0,18,0,1,0,0,0,0,1,1,6,1,53,8,-1,-1,-1,3,1,3
2018430241857,2,9,0,3,0,1,0,0,0,0,2,1,6,1,53,8,1498,1,-1,3,1,3
2018430241893,1,9,0,16,9,0,1,0,1,11,1,1,6,1,27,6,1398,2,16,9,2,9
2018430241893,2,9,0,2,9,0,0,0,0,0,4,1,6,3,-1,-1,1910,2,15,-1,-1,-1
2018430242005,1,9,0,9,0,2,0,0,0,0,1,1,6,2,36,7,999,1,5,8,1,8
2018430242082,1,9,0,4,0,0,1,0,0,0,1,1,6,2,47,8,1598,1,16,7,1,7
2018430242082,2,9,0,4,0,0,1,0,0,0,2,1,6,1,34,6,1968,2,9,10,1,10
2018430242082,3,9,0,18,0,0,1,0,1,0,2,1,6,1,30,6,-1,-1,-1,9,3,9
2018430242235,1,9,0,9,0,8,0,0,0,0,3,1,6,1,62,9,2143,2,-1,10,3,10
2018430242235,2,5,0,18,0,8,1,0,0,0,1,1,6,1,69,10,-1,-1,-1,6,1,6
2018430242235,3,19,0,7,0,5,0,0,0,0,0,1,1,3,-1,-1,-1,-1,-1,-1,-1,-1
2018430242395,1,19,0,18,0,0,2,0,1,4,4,1,1,1,24,5,1248,2,8,3,1,3
2018430242395,2,9,0,18,0,0,2,0,1,4,3,1,1,2,48,8,998,1,3,8,1,8
2018430242398,1,9,0,7,0,5,0,0,0,0,4,1,1,1,30,6,-1,-1,-1,4,1,4
2018430242398,2,1,0,18,9,1,0,0,0,0,1,1,6,1,50,8,-1,-1,-1,4,1,4
2018430242417,1,5,0,18,0,1,1,0,0,0,4,1,6,1,38,7,996,1,15,7,1,7
2018430242437,1,8,0,18,0,1,0,0,0,0,1,1,1,1,39,7,1797,8,9,2,1,2
2018430242452,1,9,0,14,0,8,1,0,7,0,4,1,6,1,51,8,2179,2,13,4,1,4
2018430242452,2,9,0,18,0,8,0,0,0,0,4,1,6,1,31,6,1995,2,16,10,1,10
2018430242484,1,11,0,4,2,0,0,0,0,0,0,1,1,1,40,7,12900,2,4,-1,-1,-1
2018430242547,1,19,0,17,0,0,5,10,7,0,4,1,6,2,20,4,993,1,22,9,3,9
2018430242819,1,8,0,3,0,0,0,0,0,0,2,1,1,1,-1,-1,1798,8,2,2,1,2
2018430242819,2,9,0,18,0,0,0,0,0,0,1,1,6,1,-1,-1,1364,1,11,2,1,2
2018430243110,1,9,0,9,0,6,0,0,0,0,3,1,6,2,29,6,1398,1,2,3,-1,3
2018430243110,2,5,0,18,0,1,0,0,0,0,1,1,6,1,37,7,656,1,9,2,2,2
2018430243341,1,9,0,18,0,0,0,11,0,0,1,1,6,2,-1,-1,1596,1,16,6,1,6
2018430243341,2,21,1,2,0,0,0,0,0,0,0,1,1,1,-1,-1,-1,-1,-1,-1,-1,-1
2018430243526,1,19,0,18,0,0,0,0,0,0,1,1,1,1,32,6,1598,2,2,3,1,3
2018430243526,2,9,0,3,0,0,0,0,0,0,2,1,2,2,26,6,1398,1,6,6,1,6
2018430243719,1,9,0,17,0,0,0,0,0,0,1,1,6,1,81,11,1560,2,3,10,2,10
2018430243719,2,9,0,16,0,0,0,0,0,0,1,1,6,1,75,10,5439,1,14,9,3,9
2018430243724,1,9,0,13,0,0,0,0,0,0,4,1,1,1,43,7,1797,8,5,3,1,3
2018430243724,2,3,0,18,0,0,0,0,0,0,3,1,6,1,50,8,124,1,11,8,3,8
2018430243732,1,9,0,18,0,6,0,0,7,9,3,1,6,1,89,11,2495,2,17,7,3,7
2018430243732,2,21,0,18,0,8,0,0,7,9,1,1,1,1,44,7,12777,2,3,5,1,5
2018430243799,1,9,0,18,0,0,0,0,0,0,1,1,1,1,52,8,2000,2,8,10,1,10
2018430243799,2,8,0,4,0,0,0,0,0,0,2,1,1,1,52,8,1995,2,-1,3,1,3
2018430243799,3,9,0,4,0,0,0,0,0,0,2,1,1,1,30,6,1984,2,4,7,-1,7
2018430243852,1,1,0,18,9,6,0,0,0,0,1,1,6,1,12,3,-1,-1,-1,2,1,2
2018430243852,2,9,0,18,0,8,0,0,0,0,0,1,6,1,38,7,1798,1,7,8,1,8
2018430243921,1,21,1,4,0,0,0,0,0,0,1,1,1,1,65,9,11967,2,5,6,1,6
2018430243921,2,9,0,4,0,0,0,0,0,0,2,1,2,1,47,8,-1,-1,-1,3,1,3
2018430243921,3,9,0,4,0,0,0,0,0,0,2,1,2,2,46,8,1461,2,1,7,1,7
2018430244104,1,9,0,5,0,2,0,0,0,0,1,1,6,1,40,7,-1,-1,-1,-1,-1,-1
2018430244104,2,9,0,2,0,1,0,0,0,0,2,1,6,2,35,6,1598,1,13,2,1,2
2018430244162,1,9,0,1,9,0,0,0,0,0,2,1,6,1,61,9,1598,1,11,5,1,5
2018430244162,2,1,0,18,9,0,0,0,0,0,3,1,6,1,-1,-1,-1,-1,-1,4,1,4
2018430244199,1,9,0,9,0,6,0,0,0,0,1,1,6,2,39,7,1196,1,46,9,3,9
2018430244199,2,20,0,18,0,2,0,0,0,0,1,1,1,1,55,8,4500,2,2,8,1,8
2018430244300,1,20,0,18,0,0,0,0,0,0,3,1,1,1,-1,-1,-1,-1,-1,-1,-1,-1
2018430244300,2,20,0,18,0,0,0,0,0,0,3,1,6,2,57,9,4580,2,17,10,3,10
2018430244444,1,9,0,1,0,8,0,0,0,0,2,1,1,1,38,7,-1,-1,-1,3,1,3
2018430244576,1,9,0,18,0,1,0,0,0,0,4,1,6,1,60,9,1598,1,8,8,1,8
2018430244738,1,5,0,18,0,0,1,0,4,6,1,1,2,1,21,5,471,1,1,10,3,10
2018430244885,1,19,0,18,0,0,0,0,0,0,4,1,6,1,-1,-1,2143,2,4,-1,-1,-1
2018430244885,2,1,0,18,0,0,0,0,0,0,2,1,6,1,61,9,-1,-1,-1,-1,-1,-1
2018430244907,1,9,0,18,0,4,0,0,3,11,1,1,6,1,46,8,2521,1,8,5,1,5
2018430244912,1,9,0,9,0,6,0,0,0,0,3,1,2,1,56,9,999,1,3,10,1,10
2018430244912,2,1,0,18,0,8,0,0,0,0,1,1,6,1,15,3,-1,-1,-1,8,2,8
2018430244920,1,21,0,16,0,7,0,10,3,9,1,1,1,1,40,7,10837,2,6,2,1,2
2018430244962,1,9,0,12,0,0,5,10,5,1,1,1,6,1,30,6,1395,1,2,3,1,3
2018430244962,2,9,0,12,0,0,0,0,0,0,2,1,6,1,62,9,2494,8,3,9,1,9
2018430245070,1,9,0,12,0,1,0,0,0,0,2,1,6,1,32,6,1999,2,-1,9,1,9
2018430245070,2,4,0,18,0,1,0,0,0,0,1,1,6,1,33,6,124,1,9,5,1,5
2018430245180,1,9,0,3,0,1,0,0,0,0,2,1,6,2,31,6,1686,2,10,9,1,9
2018430245180,2,9,0,18,0,1,0,0,0,0,1,1,6,1,50,8,1390,1,14,5,1,5