Accident_Index,Vehicle_Reference,Vehicle_Type,Towing_and_Articulation,Vehicle_Manoeuvre,Vehicle_Location-Restricted_Lane,Junction_Location,Skidding_and_Overturning,Hit_Object_in_Carriageway,Vehicle_Leaving_Carriageway,Hit_Object_off_Carriageway,1st_Point_of_Impact,Was_Vehicle_Left_Hand_Drive?,Journey_Purpose_of_Driver,Sex_of_Driver,Age_of_Driver,Age_Band_of_Driver,Engine_Capacity_(CC),Propulsion_Code,Age_of_Vehicle,Driver_IMD_Decile,Driver_Home_Area_Type,Vehicle_IMD_Decile
2018430245504,1,9,4,16,0,0,0,0,0,0,1,1,1,1,36,7,-1,-1,-1,9,3,9
2018430245504,2,9,0,2,0,0,0,0,0,0,1,1,6,1,54,8,-1,-1,-1,8,3,8
2018430245664,1,90,0,14,0,1,0,0,0,0,1,1,1,1,23,5,-1,-1,-1,10,3,10
2018430245664,2,22,0,18,0,1,5,0,0,0,4,1,6,1,65,9,-1,-1,-1,6,1,6
2018430245664,3,9,0,18,0,2,0,0,0,0,1,1,6,2,59,9,1461,2,4,10,1,10
2018430245825,1,9,0,18,0,0,1,0,2,4,3,1,6,1,29,6,2979,1,12,9,2,9
2018430245846,1,9,0,9,0,6,1,0,0,0,1,1,6,2,19,4,998,1,11,3,1,3
2018430245846,2,11,0,18,0,8,0,0,0,0,4,1,1,1,39,7,7300,2,15,7,1,7
2018430245851,1,9,0,18,0,0,2,0,1,9,1,1,6,1,64,9,1598,1,14,6,1,6
2018430246000,1,9,0,18,0,1,0,0,0,0,1,1,6,1,68,10,1997,1,5,6,1,6
2018430246000,2,5,0,4,0,1,0,0,0,0,2,1,2,1,44,7,-1,-1,-1,6,2,6
2018430246001,1,21,0,3,0,0,0,0,0,0,2,1,1,1,41,7,11705,2,11,10,2,10
2018430246001,2,90,0,3,0,0,0,0,0,0,2,1,6,1,56,9,2287,2,2,10,1,10
2018430246001,3,9,0,4,0,0,1,0,0,0,1,1,6,1,49,8,1956,2,6,-1,-1,-1
2018430246011,1,9,0,3,9,0,0,0,0,0,1,1,6,2,41,7,1242,1,2,9,1,9
2018430246155,1,9,0,18,0,0,0,0,0,0,1,1,6,1,-1,-1,1596,1,8,8,1,8
2018430246155,2,9,0,18,0,0,5,0,1,4,2,1,6,1,70,10,-1,-1,-1,8,2,8
2018430246684,1,9,0,16,0,0,0,0,0,0,3,1,6,1,82,11,1991,1,1,6,3,6
2018430246684,2,21,0,17,0,0,0,0,0,0,4,1,1,1,51,8,6700,2,4,4,1,4
2018430246684,3,19,0,2,6,0,0,0,0,0,3,1,1,1,34,6,1560,2,1,10,2,10
2018430246824,1,9,0,9,0,5,0,0,0,0,4,1,6,2,72,10,-1,-1,-1,9,1,9
2018430246832,1,9,0,13,0,0,0,0,0,0,3,1,6,2,30,6,1598,2,2,9,3,9
2018430246832,2,5,0,13,0,0,0,0,1,4,1,1,6,1,61,9,750,1,46,8,1,8
2018430246844,1,9,0,18,0,8,0,0,0,0,1,1,6,1,26,6,1995,2,1,3,1,3
2018430246844,2,9,0,9,0,8,0,0,0,0,3,1,6,1,58,9,1390,1,5,9,1,9
2018430247105,1,9,0,18,0,0,1,0,1,4,1,1,2,2,28,6,1360,1,13,-1,-1,-1
2018430247299,1,9,0,18,0,0,1,0,1,4,1,1,6,1,26,6,1599,1,9,-1,-1,-1
2018430247444,1,9,0,18,0,4,0,0,0,0,1,1,2,1,60,9,1596,1,15,-1,-1,-1
2018430247444,2,1,0,9,0,8,0,0,0,0,4,1,2,1,22,5,-1,-1,-1,3,1,3
2018430247498,1,9,0,2,0,2,0,0,0,0,3,1,6,3,-1,-1,2143,2,7,-1,-1,-1
2018430247498,2,1,0,18,0,2,0,0,0,0,4,1,6,1,61,9,-1,-1,-1,8,1,8
2018430248470,1,9,0,18,0,8,0,0,0,0,1,1,1,1,52,8,2993,2,1,-1,-1,-1
2018430248470,2,9,0,18,0,8,0,0,0,0,1,1,1,1,35,6,2993,2,2,-1,-1,-1
2018430248470,3,9,0,18,0,8,0,0,0,0,3,1,6,1,20,4,1796,1,13,-1,-1,-1
2018430248712,1,9,0,18,0,1,0,0,0,0,1,1,6,3,-1,-1,-1,-1,-1,-1,-1,-1
2018430248712,2,9,0,18,0,1,0,0,0,0,2,1,6,1,48,8,1997,2,4,10,-1,10
2018430248731,1,9,0,18,0,2,0,0,0,0,4,1,6,3,-1,-1,-1,-1,-1,-1,-1,-1
2018430248764,1,9,0,18,0,0,0,0,0,0,1,1,6,1,50,8,998,1,12,-1,-1,-1
2018430248764,2,9,0,3,0,0,0,0,0,0,2,1,6,1,30,6,999,1,-1,6,1,6
2018430248799,1,9,0,18,0,0,1,0,0,0,1,1,6,1,41,7,-1,-1,-1,5,1,5
2018430248799,2,9,0,18,0,0,0,0,0,0,1,1,6,1,38,7,2960,1,27,4,1,4
2018430248863,1,9,0,18,0,0,0,0,0,0,1,1,6,2,60,9,-1,-1,-1,-1,-1,-1
2018430248885,1,9,0,18,0,0,0,0,0,0,2,1,6,1,45,7,698,1,14,10,1,10
2018430248885,2,1,0,18,0,0,0,0,0,0,1,1,6,1,49,8,-1,-1,-1,10,2,10
2018430249404,1,11,0,11,0,2,0,0,0,0,4,1,1,3,-1,-1,-1,-1,-1,-1,-1,-1
2018430249404,2,1,0,18,4,2,1,0,0,0,3,1,6,1,28,6,-1,-1,-1,8,3,8
2018430249916,1,9,0,18,0,0,1,4,4,6,1,1,6,2,25,5,-1,-1,-1,-1,3,-1
2018430249916,2,9,0,2,0,0,0,0,0,0,2,1,6,2,22,5,1598,2,2,10,1,10
2018430249920,1,19,0,18,0,0,2,0,1,0,3,1,1,1,45,7,1997,2,17,2,1,2
2018430249920,2,9,0,18,0,0,0,0,0,0,0,1,6,1,48,8,1968,2,7,10,2,10
2018430249933,1,9,0,18,0,1,0,0,0,0,1,1,6,1,-1,-1,2967,2,7,-1,-1,-1
2018430249933,2,9,0,3,0,1,0,0,0,0,2,1,6,2,29,6,1956,2,8,10,1,10
2018430249947,1,19,0,18,0,1,0,0,0,0,1,1,1,3,-1,-1,-1,-1,-1,-1,-1,-1
2018430249947,2,9,0,3,0,1,0,0,0,0,2,1,6,2,47,8,1461,2,3,8,1,8
2018430250010,1,9,0,18,0,1,0,0,0,0,1,1,6,3,-1,-1,-1,-1,-1,-1,-1,-1
2018430250010,2,9,0,18,0,1,0,0,0,0,2,1,6,1,-1,-1,1991,1,15,3,1,3
2018430250026,1,9,0,11,0,0,0,0,1,1,1,1,2,1,29,6,1956,2,5,-1,1,-1
2018430250026,2,9,0,18,0,0,0,0,1,0,2,1,2,1,28,6,1332,1,14,9,1,9
2018430250033,1,9,0,18,0,8,0,0,0,0,1,1,6,2,-1,-1,1390,1,5,5,1,5
2018430250033,2,9,0,5,0,4,0,0,0,0,3,1,6,2,51,8,998,1,16,10,1,10
2018430250082,1,9,0,18,0,1,0,0,0,0,4,1,6,2,35,6,1968,2,2,10,3,10
2018430250082,2,3,0,7,0,6,0,0,0,0,1,1,6,1,-1,-1,124,1,1,-1,-1,-1
2018430250102,1,9,0,18,0,0,0,0,0,0,1,1,1,1,33,6,1598,2,6,7,1,7
2018430250102,2,9,0,18,0,0,0,0,0,0,2,1,6,1,25,5,1197,1,1,5,1,5
2018430250166,1,9,0,18,0,0,0,0,0,0,1,1,6,3,-1,-1,1796,1,14,-1,-1,-1
2018430250166,2,1,0,18,0,0,0,0,0,0,3,1,6,1,39,7,-1,-1,-1,2,1,2
2018430250189,1,9,0,18,0,0,2,7,7,9,1,1,6,1,22,5,1422,2,8,10,1,10
2018430250203,1,9,0,18,0,0,0,0,0,0,1,1,6,2,22,5,1598,1,12,6,1,6
2018430250203,2,19,0,18,0,0,0,0,0,0,2,1,6,1,44,7,1598,2,-1,6,1,6
2018430250203,3,19,0,18,0,0,0,0,0,0,4,1,6,1,65,9,1499,2,1,7,1,7
2018430250203,4,9,0,18,0,0,0,0,0,0,2,1,6,1,49,8,1997,2,2,10,2,10
2018430250233,1,9,0,18,0,0,1,4,0,0,4,1,6,2,27,6,1149,1,11,10,1,10
2018430250233,2,9,0,18,0,0,1,4,0,0,3,1,6,1,54,8,1999,2,1,-1,-1,-1
2018430250283,1,19,0,18,0,4,0,9,4,4,1,1,6,1,39,7,2798,2,13,2,1,2
2018430250483,1,9,0,18,0,8,0,0,0,0,3,1,2,2,28,6,1968,2,3,9,-1,9
2018430250483,2,9,0,18,0,8,0,0,0,0,1,1,6,1,52,8,4367,2,7,9,2,9
2018430250576,1,9,0,5,0,0,0,0,0,0,1,1,6,2,52,8,1796,1,11,1,1,1
2018430250576,2,9,0,3,0,0,0,0,0,0,2,1,6,1,49,8,1598,2,2,-1,-1,-1
2018430250576,3,9,0,3,0,0,0,0,0,0,2,1,6,1,-1,-1,-1,-1,-1,-1,-1,-1
2018430250579,1,1,0,16,0,1,0,0,0,0,1,1,6,1,67,10,-1,-1,-1,6,1,6
2018430250639,1,1,0,9,0,4,0,0,0,0,1,1,6,2,28,6,-1,-1,-1,3,1,3
2018430250639,2,9,0,18,0,8,0,0,0,0,3,1,6,2,56,9,1798,1,9,6,1,6
2018430250852,1,9,0,18,0,1,0,0,0,0,1,1,6,1,35,6,2393,2,2,-1,-1,-1
2018430250852,2,9,0,3,0,1,0,0,0,0,2,1,2,2,34,6,1997,8,-1,8,3,8
2018430251045,1,9,0,12,0,8,0,0,0,0,3,1,6,3,-1,-1,-1,-1,-1,-1,-1,-1
2018430251045,2,9,0,18,0,8,0,0,0,0,4,1,6,2,48,8,1968,2,2,9,3,9
2018430251068,1,9,0,18,0,1,0,0,0,0,1,1,6,2,63,9,1461,2,2,2,1,2
2018430251068,2,9,0,18,0,8,0,0,0,0,4,1,6,1,19,4,1596,1,4,7,1,7
2018430251068,3,8,0,3,0,1,0,0,0,0,3,1,1,1,42,7,1997,2,7,2,1,2
2018430251069,1,1,0,18,5,2,1,0,0,0,1,1,6,1,57,9,-1,-1,-1,-1,-1,-1
2018430251069,2,1,0,18,5,1,-1,0,0,0,1,1,6,1,-1,-1,-1,-1,-1,-1,-1,-1
2018430251071,1,9,0,18,0,4,0,0,0,0,3,1,6,1,-1,-1,-1,-1,-1,-1,-1,-1
2018430251071,2,3,0,18,0,8,0,0,0,0,1,1,6,1,19,4,124,1,16,9,3,9
2018430251088,1,9,0,18,0,0,0,0,0,0,3,1,6,1,19,4,1596,1,15,-1,-1,-1
2018430251088,2,97,0,17,0,0,0,0,0,0,3,1,6,1,-1,-1,-1,-1,-1,-1,-1,-1
2018430251179,1,1,0,18,0,0,0,0,1,11,1,1,6,1,39,7,-1,-1,-1,8,3,8
2018430251187,1,9,0,18,0,1,0,0,0,0,3,1,6,1,40,7,1198,1,14,8,2,8
2018430251187,2,9,0,11,0,1,0,0,0,0,4,1,6,1,-1,-1,-1,-1,-1,-1,-1,-1
2018430251222,1,9,0,18,0,1,0,0,0,0,1,1,6,2,27,6,1968,2,2,-1,-1,-1
2018430251294,1,20,0,18,0,0,0,0,0,0,1,1,1,1,44,7,5132,2,2,2,1,2
2018430251294,2,9,0,4,0,0,0,0,0,0,2,1,6,2,61,9,1197,1,1,-1,-1,-1
2018430251344,1,9,0,9,0,6,0,0,0,0,1,1,6,1,43,7,-1,-1,-1,10,2,10
2018430251344,2,5,0,18,0,8,0,0,0,0,1,1,6,1,74,10,-1,-1,-1,5,1,5
2018430251409,1,9,0,18,0,2,0,0,0,0,1,1,6,2,40,7,1753,2,10,9,1,9
2018430251409,2,9,0,18,0,2,0,0,0,0,2,1,6,2,91,11,999,1,5,10,2,10
2018430251409,3,9,0,18,0,2,0,0,0,0,2,1,6,2,58,9,-1,-1,-1,10,2,10
2018430251481,1,9,0,18,0,0,0,0,0,0,1,1,6,1,45,7,-1,-1,-1,-1,-1,-1
2018430251481,2,9,0,4,0,0,0,0,0,0,2,1,6,1,25,5,1598,1,13,9,1,9
2018430251898,1,9,0,18,0,1,0,0,0,0,0,1,6,3,-1,-1,-1,-1,-1,-1,-1,-1
2018430251992,1,9,0,18,0,0,0,0,0,0,1,1,6,1,77,11,1950,2,1,10,1,10
2018430251992,2,9,0,2,0,0,0,0,0,0,2,1,6,1,65,9,1197,1,-1,7,1,7
2018430252077,1,21,1,9,0,8,0,0,0,0,3,1,1,1,25,5,-1,-1,-1,-1,-1,-1
2018430252077,2,8,0,18,0,8,2,0,0,0,4,1,1,1,25,5,-1,-1,-1,10,1,10
2018430252281,1,9,0,18,0,0,0,0,0,0,1,1,6,3,-1,-1,-1,-1,-1,-1,-1,-1
2018430252281,2,1,0,18,0,0,0,0,0,0,2,1,6,1,35,6,-1,-1,-1,7,1,7
2018430252310,1,9,0,18,0,1,0,0,0,0,1,1,6,2,-1,-1,1988,1,19,8,1,8
2018430252310,2,9,0,3,0,1,0,0,0,0,2,1,6,2,28,6,1595,1,2,9,1,9
2018430252320,1,9,0,18,0,0,0,0,0,0,4,1,6,2,50,8,3311,8,13,7,3,7
2018430252399,1,1,0,18,0,1,0,0,0,0,1,1,6,1,31,6,-1,-1,-1,5,1,5
2018430252399,2,9,0,4,0,1,0,0,0,0,2,1,6,1,79,11,1590,1,7,9,1,9
2018430252454,1,9,0,18,0,0,0,0,0,0,1,1,6,3,-1,-1,-1,-1,-1,-1,-1,-1
2018430252454,2,1,0,18,0,0,0,0,0,0,3,1,6,1,11,3,-1,-1,-1,3,1,3
2018430252517,1,9,0,9,0,6,0,0,0,0,3,1,6,2,24,5,1395,1,-1,9,1,9
2018430252517,2,3,0,18,0,1,0,0,0,0,2,1,6,1,49,8,996,1,11,9,-1,9
2018430253003,1,9,0,18,0,0,0,0,0,0,1,1,6,1,36,7,2835,2,21,9,2,9
2018430253003,2,19,0,18,0,0,0,0,1,7,2,1,6,1,61,9,1753,2,13,7,1,7
2018430253121,1,9,0,11,0,0,0,0,0,0,4,1,1,2,47,8,1596,1,7,5,1,5
2018430253121,2,5,0,15,0,0,0,0,0,0,3,1,1,1,59,9,897,1,8,9,1,9
2018430253129,1,9,0,16,0,0,5,0,1,0,1,1,6,2,61,9,-1,-1,-1,10,1,10
2018430253473,1,9,0,18,0,0,1,0,0,0,1,1,6,1,38,7,1685,2,3,9,3,9
2018430253473,2,9,0,4,0,0,0,0,0,0,2,1,6,2,62,9,1560,2,2,9,2,9
2018430253473,3,21,0,18,0,0,0,0,0,0,2,1,1,1,61,9,12902,2,5,8,1,8
2018430253700,1,9,0,4,0,3,0,0,0,0,2,1,6,1,39,7,-1,-1,-1,4,1,4
2018430253700,2,1,0,18,0,3,0,0,0,0,1,1,2,1,36,7,-1,-1,-1,5,1,5
2018430253764,1,9,0,18,0,0,2,0,1,10,1,1,6,2,24,5,2204,2,12,10,3,10
2018430253829,1,9,0,18,0,0,1,0,7,9,1,1,6,1,27,6,1497,8,10,6,1,6
2018430254012,1,5,0,17,0,0,1,0,1,4,1,1,6,1,42,7,645,1,15,7,1,7
2018430254215,1,9,0,9,0,6,0,0,0,0,1,1,6,2,23,5,1339,1,8,7,3,7
2018430254215,2,9,0,18,0,1,0,0,0,0,1,1,6,2,54,8,1499,1,-1,7,3,7
2018430254831,1,9,0,18,0,8,0,7,1,1,1,1,6,1,54,8,1995,2,3,8,1,8
2018430254831,2,9,0,9,0,5,0,7,7,1,1,1,6,2,37,7,1198,1,6,8,2,8
2018430254832,1,9,0,6,0,1,0,0,0,0,3,1,6,2,40,7,1598,1,9,9,1,9
2018430254832,2,9,0,18,0,1,0,0,0,0,1,1,6,2,51,8,1395,1,1,10,1,10
2018430254965,1,5,0,12,0,0,1,0,0,0,1,1,6,1,42,7,1050,1,9,10,1,10
2018430254965,2,19,0,18,0,0,0,0,0,0,2,1,6,1,35,6,1598,2,3,4,1,4
2018430254973,1,9,0,18,0,1,0,0,0,0,1,1,2,1,52,8,1198,1,15,9,1,9
2018430254973,2,9,0,3,0,1,0,0,0,0,2,1,6,1,29,6,1968,2,4,10,1,10
2018430255015,1,9,0,18,0,2,0,10,1,0,1,1,6,2,85,11,1390,1,13,7,3,7
2018430255049,1,9,0,4,0,1,0,0,0,0,1,1,6,1,23,5,1242,1,14,9,2,9
2018430255049,2,4,0,3,0,1,0,0,0,0,2,1,2,1,46,8,-1,-1,-1,7,1,7
2018430255151,1,9,0,18,0,4,0,0,0,0,1,1,6,2,-1,-1,-1,-1,-1,-1,-1,-1
2018430255151,2,9,0,9,0,3,0,0,1,0,4,1,6,1,59,9,-1,-1,-1,3,1,3
2018430255208,1,10,0,18,0,0,0,0,0,0,1,1,6,2,35,6,2402,2,11,8,3,8
2018430255208,2,9,0,3,0,0,0,0,0,0,2,1,6,2,51,8,2997,1,-1,9,3,9
2018430255227,1,9,0,18,0,2,0,0,0,0,4,1,6,1,67,10,1997,2,13,6,1,6
2018430255227,2,1,0,18,0,2,0,0,0,0,4,1,2,1,37,7,-1,-1,-1,10,1,10
2018430255683,1,9,0,9,0,5,0,0,0,0,1,1,6,2,56,9,1197,1,2,9,1,9
2018430255683,2,9,0,18,0,8,0,0,7,5,1,1,6,1,54,8,1360,1,18,7,1,7
2018430255767,1,3,0,18,0,0,0,0,1,4,4,1,6,1,17,4,124,1,8,4,1,4
2018430255774,1,9,0,18,0,0,0,0,0,0,4,1,1,2,46,8,1242,1,8,3,1,3
2018430255882,1,5,0,13,0,8,0,0,0,0,1,1,6,1,80,11,1237,1,5,5,1,5
2018430255882,2,11,0,9,0,8,0,0,0,4,3,1,1,1,53,8,9000,5,1,10,1,10
2018430255933,1,9,0,18,0,4,0,0,0,0,1,1,6,1,66,10,647,8,3,-1,-1,-1
2018430255933,2,1,0,18,0,8,1,0,0,0,1,1,6,2,49,8,-1,-1,-1,-1,-1,-1
2018430256044,1,9,0,10,0,1,0,0,0,0,3,1,6,1,57,9,2494,1,15,10,1,10
2018430256044,2,2,0,18,0,1,0,0,0,0,1,1,6,1,17,4,49,1,2,9,1,9
2018430256143,1,9,0,18,0,1,0,0,0,0,1,1,6,2,19,4,1397,1,11,-1,-1,-1
2018430256143,2,9,0,4,0,1,0,0,0,0,2,1,2,1,26,6,1598,1,5,10,1,10
2018430256158,1,1,0,18,0,1,0,0,0,0,3,1,6,1,15,3,-1,-1,-1,7,1,7
2018430256158,2,9,0,18,0,1,0,0,0,0,1,1,6,1,-1,-1,1968,2,8,7,3,7
2018430256175,1,9,0,6,8,0,0,0,0,0,3,1,6,1,37,7,2199,2,7,10,1,10
2018430256175,2,9,0,18,0,0,0,0,0,0,4,1,6,1,56,9,1685,2,1,9,3,9
2018430256268,1,9,0,17,0,0,0,0,0,0,2,1,6,1,80,11,1598,1,13,9,3,9
2018430256268,2,9,0,16,0,0,0,0,0,0,1,1,6,2,73,10,1242,1,12,8,3,8
2018430256411,1,9,0,9,0,8,0,0,0,0,1,1,6,1,26,6,-1,-1,-1,10,3,10
2018430256411,2,9,0,11,0,8,0,0,0,0,2,1,6,1,25,5,1397,1,9,10,1,10
2018430256548,1,1,0,18,0,4,0,0,0,0,3,1,2,1,26,6,-1,-1,-1,8,1,8
2018430256548,2,9,0,5,0,4,0,0,0,0,4,1,2,1,61,9,1390,1,17,3,1,3
2018430256603,1,9,0,17,0,0,0,0,0,11,4,1,6,2,59,9,-1,-1,-1,-1,-1,-1
2018430256917,1,9,0,4,0,0,1,0,0,0,1,1,6,2,21,5,1198,1,16,1,1,1
2018430256917,2,9,0,4,0,0,0,0,0,0,2,1,6,1,33,6,-1,-1,-1,4,1,4
2018430256917,3,9,0,3,0,0,0,0,0,0,2,1,6,1,32,6,1950,2,2,9,2,9
2018430257183,1,9,0,18,8,0,0,0,4,6,0,1,6,1,50,8,1461,2,3,4,1,4
2018430257183,2,9,0,18,0,0,0,0,6,6,1,1,6,1,40,7,2993,2,2,-1,-1,-1
2018430257183,3,19,0,18,6,0,0,0,0,0,1,1,6,1,33,6,2143,2,1,10,1,10
2018430257183,4,9,0,18,0,0,0,0,0,0,1,1,6,1,33,6,1956,2,7,-1,-1,-1
2018430257185,1,9,0,9,0,5,0,0,0,0,4,1,6,2,29,6,-1,-1,-1,10,3,10
2018430257185,2,1,0,18,0,8,0,0,0,0,1,1,6,1,35,6,-1,-1,-1,7,1,7
2018430257190,1,8,0,18,0,1,0,0,0,0,1,1,1,1,31,6,1461,2,2,10,1,10
2018430257190,2,9,0,4,0,1,0,0,0,0,2,1,6,2,25,5,1399,1,2,6,1,6
2018430257190,3,9,0,3,0,1,0,0,0,0,2,1,6,1,39,7,1000,1,2,-1,-1,-1
2018430257191,1,9,0,9,0,6,0,0,0,0,1,1,6,1,64,9,1968,2,4,7,3,7
2018430257191,2,9,0,18,0,1,0,0,0,0,3,1,6,1,49,8,1896,2,13,3,1,3
2018430257193,1,8,0,1,0,2,0,0,0,0,2,1,6,1,42,7,2402,2,13,3,1,3
2018430257327,1,9,0,18,0,1,0,0,0,0,1,1,6,1,28,6,998,1,8,4,1,4
2018430257327,2,9,0,3,0,1,0,0,0,0,2,1,6,1,39,7,2000,2,9,2,1,2
2018430257349,1,9,0,18,0,0,0,0,0,0,3,1,6,1,58,9,2499,2,14,10,2,10
2018430257349,2,9,0,18,0,0,0,0,0,0,3,1,6,3,-1,-1,1461,2,8,-1,-1,-1
2018430257355,1,9,0,18,0,0,0,0,0,0,1,1,6,3,-1,-1,1796,1,16,-1,-1,-1
2018430257355,2,9,0,3,0,0,0,0,0,0,2,1,6,1,62,9,1499,2,2,5,1,5
2018430257561,1,9,0,5,0,8,0,0,0,0,3,1,6,1,45,7,2461,2,13,2,1,2
2018430257561,2,9,0,18,0,8,0,0,0,0,-1,1,6,3,-1,-1,-1,-1,-1,-1,-1,-1
2018430257578,1,9,0,9,0,6,0,0,0,0,1,1,6,1,50,8,2495,2,17,8,2,8
2018430257578,2,9,0,18,0,8,0,0,0,0,1,1,6,2,29,6,1398,1,7,4,2,4
2018430257652,1,9,0,11,0,2,0,0,0,0,2,1,6,2,40,7,1248,2,13,-1,-1,-1
2018430257652,2,9,0,18,0,2,0,0,0,0,3,1,6,1,38,7,1968,2,9,4,1,4
2018430257889,1,9,0,18,0,1,0,0,0,0,3,1,6,1,36,7,1596,1,4,10,1,10
2018430257889,2,90,0,18,9,6,0,0,0,0,1,1,6,1,9,2,-1,-1,-1,6,1,6
2018430258012,1,9,0,5,0,0,0,0,7,11,1,1,6,2,86,11,998,1,5,7,1,7
2018430258205,1,9,0,18,0,4,0,0,0,0,1,1,2,1,34,6,2495,1,23,2,1,2
2018430258205,2,3,0,18,0,8,0,0,0,0,1,1,6,1,17,4,124,1,3,10,1,10
2018430258348,1,9,0,5,0,8,0,0,0,0,0,1,2,1,24,5,1242,1,10,8,1,8
2018430258348,2,2,0,18,0,8,1,0,0,0,0,1,2,1,18,4,49,1,11,9,1,9
2018430258368,1,9,0,3,0,1,0,0,0,0,1,1,6,1,35,6,1242,1,3,-1,-1,-1
2018430258368,2,9,0,3,0,1,0,0,0,0,2,1,1,2,29,6,1499,1,-1,8,1,8
2018430258375,1,9,0,7,0,5,0,0,0,0,4,1,6,1,45,7,-1,-1,-1,-1,-1,-1
2018430258375,2,1,0,18,0,1,1,0,0,0,1,1,6,2,35,6,-1,-1,-1,7,1,7
2018430258385,1,9,0,18,0,0,0,0,0,0,3,1,6,1,44,7,1598,2,2,-1,-1,-1
2018430258385,2,9,0,18,0,0,0,0,0,0,1,1,6,2,73,10,1598,2,2,-1,-1,-1
2018430258457,1,9,0,18,0,0,1,11,4,6,3,1,6,2,22,5,1299,1,14,10,1,10
2018430258457,2,19,4,18,0,0,0,0,0,0,0,1,1,3,-1,-1,-1,-1,-1,-1,-1,-1
2018430258604,1,19,0,18,0,4,0,0,0,0,4,1,1,1,25,5,1499,2,1,-1,-1,-1
2018430258604,2,1,0,18,0,4,0,0,0,0,3,1,2,1,26,6,-1,-1,-1,6,1,6
2018430259003,1,11,0,18,3,1,0,0,0,0,1,1,1,1,25,5,9000,5,5,3,1,3
2018430259031,1,9,0,14,0,1,0,0,0,0,1,1,6,1,-1,-1,-1,-1,-1,-1,-1,-1
2018430259031,2,19,0,18,0,2,0,0,0,0,1,1,2,2,48,8,-1,-1,-1,10,1,10
2018430259031,3,9,0,10,0,1,0,0,0,0,3,1,6,1,59,9,-1,-1,-1,10,3,10
2018430259047,1,9,0,9,0,8,0,0,0,1,4,1,6,2,65,9,1197,1,3,7,1,7
2018430259047,2,9,0,18,0,1,1,0,0,0,1,1,6,1,71,10,1461,2,1,8,1,8
2018430259075,1,9,0,18,0,1,0,0,0,0,1,1,1,1,42,7,2231,2,10,1,1,1
2018430259399,1,9,0,18,0,8,0,0,0,0,4,1,6,2,51,8,-1,-1,-1,9,2,9
2018430259399,2,4,0,18,0,8,0,0,0,0,1,1,6,1,20,4,498,1,29,6,1,6
2018430259516,1,5,0,16,0,0,0,0,0,0,3,1,6,1,56,9,-1,-1,-1,3,1,3
2018430259516,2,9,0,18,0,0,0,0,0,0,3,1,6,1,54,8,-1,-1,-1,-1,-1,-1
2018430259516,3,9,0,18,0,0,0,0,0,0,2,1,6,3,33,6,1596,1,13,-1,-1,-1
2018430259516,4,9,0,18,0,0,0,0,0,0,1,1,6,2,58,9,-1,-1,-1,-1,-1,-1
2018430259697,1,9,0,4,0,0,0,0,0,0,2,1,1,1,38,7,2400,2,4,-1,-1,-1
2018430259697,2,9,0,1,0,0,0,0,0,0,1,1,6,1,29,6,1984,1,2,3,1,3
2018430259697,3,9,0,2,0,0,0,0,0,0,4,1,6,1,-1,-1,1399,2,7,-1,-1,-1
2018430260454,1,9,0,16,0,0,2,10,0,0,0,1,6,1,24,5,1995,1,15,10,2,10
2018430260636,1,9,0,7,0,6,0,0,0,0,2,1,6,2,34,6,-1,-1,-1,2,1,2
2018430260636,2,9,0,18,0,1,0,0,0,0,1,1,1,1,58,9,-1,-1,-1,4,1,4
2018430260690,1,9,0,9,0,8,0,0,0,0,2,1,6,2,55,8,1995,2,7,9,1,9
2018430260690,2,5,0,7,0,3,0,0,0,0,1,1,6,1,32,6,499,1,18,9,1,9
2018430260864,1,9,0,18,0,0,0,0,0,0,1,1,6,3,27,6,1598,1,11,10,1,10
2018430260864,2,1,0,18,0,0,0,0,0,0,2,1,6,1,47,8,-1,-1,-1,9,3,9
2018430261020,1,9,0,18,0,0,0,0,0,0,1,1,6,1,25,5,1956,2,7,7,1,7
2018430261020,2,9,0,18,0,0,0,0,0,0,1,1,6,1,32,6,1995,2,6,7,1,7
2018430261020,3,9,0,18,0,0,0,0,0,0,1,1,6,1,25,5,1461,2,12,1,1,1
2018430261020,4,9,0,18,0,0,0,0,0,0,1,1,6,1,22,5,-1,-1,-1,10,1,10
2018430261020,5,98,0,18,0,0,0,0,0,0,0,1,1,1,-1,-1,-1,-1,-1,-1,-1,-1
2018430261051,1,19,0,18,0,0,1,0,0,0,1,1,6,1,18,4,1560,2,8,9,3,9
2018430261051,2,19,0,18,0,0,1,0,0,0,1,1,6,1,38,7,2198,2,3,8,1,8
2018430261093,1,9,0,18,0,6,0,0,0,0,0,1,6,1,47,8,1948,1,17,-1,-1,-1
2018430261093,2,5,0,18,0,8,1,0,0,0,0,1,6,1,57,9,1130,1,14,7,1,7
2018430261230,1,9,0,18,0,0,0,0,0,0,1,1,6,2,74,10,1498,1,-1,7,2,7
2018430261424,1,9,0,18,0,0,1,10,8,4,1,1,6,1,24,5,2793,1,18,7,2,7
2018430261549,1,9,0,16,0,1,0,0,0,0,1,1,6,1,18,4,998,1,3,9,1,9
2018430261549,2,9,0,10,0,5,0,0,0,0,2,1,6,1,51,8,2993,2,2,6,3,6