Accident_Index,Vehicle_Reference,Vehicle_Type,Towing_and_Articulation,Vehicle_Manoeuvre,Vehicle_Location-Restricted_Lane,Junction_Location,Skidding_and_Overturning,Hit_Object_in_Carriageway,Vehicle_Leaving_Carriageway,Hit_Object_off_Carriageway,1st_Point_of_Impact,Was_Vehicle_Left_Hand_Drive?,Journey_Purpose_of_Driver,Sex_of_Driver,Age_of_Driver,Age_Band_of_Driver,Engine_Capacity_(CC),Propulsion_Code,Age_of_Vehicle,Driver_IMD_Decile,Driver_Home_Area_Type,Vehicle_IMD_Decile
2018430277776,1,19,0,5,0,0,0,0,0,0,1,1,6,1,35,6,1461,2,7,5,1,5
2018430277776,2,9,0,3,0,0,0,0,0,0,2,1,3,1,38,7,1368,1,3,3,1,3
2018430277776,3,9,0,3,0,0,0,0,0,0,2,1,6,2,-1,-1,2199,2,6,-1,-1,-1
2018430278030,1,9,0,9,0,8,0,0,0,0,4,1,6,1,28,6,1368,1,4,6,2,6
2018430278030,2,3,0,18,0,1,0,0,0,0,1,1,6,1,26,6,125,1,1,10,1,10
2018430278374,1,9,0,17,0,0,0,0,1,0,1,1,6,1,18,4,1598,1,10,7,3,7
2018430278467,1,9,0,7,0,6,0,0,0,0,1,1,6,1,58,9,1396,1,7,7,1,7
2018430278617,1,9,0,18,0,6,1,0,1,10,1,1,6,1,79,11,1598,1,10,7,1,7
2018430278617,2,9,0,18,0,8,1,0,0,0,4,1,6,1,38,7,1242,1,6,10,3,10
2018430278769,1,9,0,5,0,1,0,0,0,0,1,1,1,1,65,9,-1,-1,-1,7,1,7
2018430278769,2,9,0,3,0,1,0,0,0,0,2,1,1,2,48,8,1197,1,1,9,1,9
2018430278862,1,9,0,18,0,4,0,0,0,0,1,1,6,1,29,6,-1,-1,-1,8,3,8
2018430278862,2,5,0,9,0,8,0,0,0,0,4,1,6,1,57,9,1649,1,4,4,1,4
2018430278876,1,9,0,7,0,6,1,0,0,0,3,1,1,1,20,4,998,1,9,-1,-1,-1
2018430278876,2,9,0,18,0,8,0,0,0,0,1,1,6,2,32,6,1991,1,-1,10,3,10
2018430278903,1,9,0,18,0,6,0,0,0,0,3,1,3,1,57,9,1590,1,17,3,1,3
2018430278903,2,1,0,18,0,8,0,0,0,0,1,1,6,1,59,9,-1,-1,-1,5,1,5
2018430278905,1,9,0,7,0,5,0,0,1,11,1,1,6,2,19,4,-1,-1,-1,10,2,10
2018430278905,2,9,0,10,0,1,0,0,0,0,3,1,6,2,26,6,1598,1,10,7,1,7
2018430278955,1,9,0,18,0,0,0,0,0,0,1,1,6,2,20,4,1368,1,10,5,1,5
2018430278955,2,9,0,3,0,0,0,0,0,0,2,1,6,1,55,8,1968,2,11,10,1,10
2018430278955,3,9,0,3,0,0,0,0,0,0,2,1,6,2,19,4,1198,1,5,10,1,10
2018430279641,1,8,0,18,0,1,0,0,0,0,3,1,1,1,21,5,-1,-1,-1,-1,-1,-1
2018430279641,2,9,0,18,0,1,0,0,0,0,1,1,6,1,50,8,2995,1,1,2,1,2
2018430279661,1,9,0,9,0,6,0,0,0,0,1,1,6,2,21,5,1600,1,14,2,1,2
2018430279661,2,9,0,18,0,2,0,0,0,0,3,1,6,1,43,7,1598,1,14,8,1,8
2018430280062,1,9,0,17,0,0,0,0,0,0,1,1,6,1,34,6,2987,2,7,10,1,10
2018430280062,2,9,0,16,0,0,0,0,0,0,1,1,6,2,45,7,1796,1,9,7,3,7
2018430280153,1,9,0,18,0,2,0,0,0,0,1,1,6,2,60,9,1386,1,13,-1,-1,-1
2018430280356,1,11,0,7,0,5,0,0,0,0,1,1,1,1,49,8,6700,2,2,5,1,5
2018430280460,1,9,0,9,0,8,0,0,0,0,4,1,1,1,28,6,-1,-1,-1,2,1,2
2018430280460,2,9,0,18,0,1,0,0,0,0,1,1,1,2,47,8,1995,2,6,1,1,1
2018430280460,3,9,0,10,0,1,0,0,0,0,3,1,1,1,28,6,1229,1,9,7,1,7
2018430281030,1,9,0,18,0,0,0,0,1,2,3,1,6,1,75,10,1596,1,13,8,3,8
2018430281284,1,11,0,18,3,1,0,0,0,0,0,1,1,1,60,9,-1,-1,-1,-1,-1,-1
2018430281284,2,9,0,11,0,1,0,0,0,0,0,1,6,1,-1,-1,-1,-1,-1,-1,-1,-1
2018430281286,1,19,0,18,0,3,1,9,0,0,1,1,6,1,24,5,1997,2,17,-1,-1,-1
2018430281286,2,9,0,18,0,1,0,0,0,0,1,1,6,1,29,6,1598,1,16,-1,-1,-1
2018430281335,1,9,0,9,0,6,0,0,0,0,3,1,6,1,20,4,996,1,7,-1,-1,-1
2018430281335,2,1,0,18,0,8,0,0,0,0,1,1,6,1,38,7,-1,-1,-1,8,1,8
2018430281371,1,9,0,12,0,2,0,0,0,0,2,1,3,1,42,7,2429,1,12,3,1,3
2018430281371,2,9,0,18,0,8,0,0,0,0,1,1,6,2,27,6,1360,1,6,10,2,10
2018430281373,1,19,0,9,0,8,0,0,0,0,1,1,6,1,67,10,1968,2,-1,10,1,10
2018430281373,2,1,0,18,0,2,0,0,0,0,4,1,6,1,53,8,-1,-1,-1,10,1,10
2018430281412,1,9,0,18,0,0,0,0,0,0,0,1,6,1,-1,-1,-1,-1,-1,-1,-1,-1
2018430281412,2,1,0,18,0,0,0,4,0,0,4,1,2,2,31,6,-1,-1,-1,5,1,5
2018430281453,1,98,0,18,0,0,0,0,0,0,1,1,1,1,-1,-1,-1,-1,-1,-1,-1,-1
2018430281453,2,19,0,18,0,0,0,0,0,0,2,1,1,1,33,6,2198,2,3,2,1,2
2018430281711,1,9,0,18,0,0,0,0,7,4,3,1,6,1,26,6,2295,1,16,10,1,10
2018430281711,2,9,0,18,0,0,0,0,7,4,3,1,6,2,79,11,1560,2,8,10,1,10
2018430281916,1,19,0,12,0,0,0,0,0,0,3,1,1,1,-1,-1,2198,2,9,-1,-1,-1
2018430281916,2,9,0,18,0,0,0,0,6,6,4,1,3,2,35,6,1596,1,14,7,1,7
2018430281928,1,9,0,16,0,0,0,0,0,0,3,1,2,1,16,4,-1,-1,-1,7,2,7
2018430281928,2,9,0,17,0,0,0,0,0,0,3,1,6,2,30,6,1396,1,7,8,2,8
2018430282149,1,9,0,7,0,5,0,0,0,0,4,1,6,1,55,8,1598,2,2,8,3,8
2018430282342,1,9,0,18,0,0,0,0,0,0,1,1,6,1,31,6,-1,-1,-1,8,1,8
2018430282342,2,9,0,18,0,0,0,0,0,0,2,1,6,1,24,5,-1,-1,-1,2,1,2
2018430282419,1,21,1,18,0,0,0,0,0,0,4,1,6,1,63,9,12900,2,10,6,3,6
2018430282419,2,9,0,18,0,0,0,0,0,0,3,1,1,2,57,9,1368,1,12,9,2,9
2018430282735,1,9,0,13,0,0,0,0,0,0,4,1,6,1,34,6,1560,2,13,7,1,7
2018430282735,2,9,0,18,0,0,0,0,0,0,3,1,6,1,43,7,2987,2,8,3,1,3
2018430282735,3,9,0,18,0,0,0,0,0,0,1,1,6,1,32,6,1910,2,11,6,-1,6
2018430282735,4,9,0,18,0,0,0,0,0,0,1,1,6,1,60,9,1560,2,8,9,1,9
2018430283231,1,9,0,18,0,0,0,0,0,0,3,1,6,1,22,5,1984,1,10,6,1,6
2018430283231,2,9,0,18,0,0,0,0,0,0,3,1,6,2,38,7,1986,2,11,3,1,3
2018430283231,3,9,0,2,0,0,0,0,0,0,4,1,6,1,40,7,1364,1,4,6,1,6
2018430283237,1,9,0,18,0,0,0,0,0,0,1,1,6,1,90,11,1390,1,17,8,3,8
2018430283338,1,20,4,18,0,0,0,0,0,0,1,1,1,1,44,7,-1,-1,-1,7,1,7
2018430283338,2,9,0,18,0,0,0,0,0,0,1,1,6,1,37,7,-1,-1,-1,10,1,10
2018430283451,1,1,0,18,0,0,0,0,0,0,0,1,6,1,31,6,-1,-1,-1,5,1,5
2018430283468,1,5,0,18,0,1,0,0,0,0,1,1,6,1,46,8,1301,1,1,5,1,5
2018430283468,2,9,0,10,0,1,0,0,0,0,2,1,6,1,23,5,1497,8,10,6,2,6
2018430283537,1,9,0,17,9,0,0,0,0,10,1,1,6,1,20,4,999,1,3,10,1,10
2018430283608,1,20,0,9,0,6,0,0,0,0,1,1,1,1,27,6,-1,-1,-1,-1,-1,-1
2018430283608,2,10,0,18,0,8,0,0,0,0,3,1,1,1,23,5,-1,-1,-1,9,3,9
2018430283829,1,9,0,9,0,6,0,0,0,0,1,1,2,2,28,6,1339,1,7,5,1,5
2018430283958,1,1,0,4,0,1,0,0,0,0,0,1,6,1,46,8,-1,-1,-1,10,1,10
2018430283958,2,1,0,18,0,1,0,0,0,0,0,1,6,1,-1,-1,-1,-1,-1,-1,-1,-1
2018430283994,1,9,0,9,0,6,0,0,0,0,1,1,6,2,74,10,2099,1,15,5,1,5
2018430283994,2,22,0,18,0,8,0,0,0,0,1,1,6,2,71,10,-1,-1,-1,-1,-1,-1
2018430283996,1,9,0,18,0,1,0,0,0,0,1,1,2,1,24,5,1395,1,1,5,1,5
2018430283996,2,9,0,18,0,1,0,0,0,0,2,1,2,2,45,7,1968,2,2,-1,-1,-1
2018430283996,3,9,0,18,0,1,0,0,0,0,1,1,2,1,63,9,1390,1,17,-1,-1,-1
2018430284031,1,5,0,18,0,1,0,0,0,0,1,1,6,1,55,8,-1,-1,-1,-1,-1,-1
2018430284066,1,9,0,17,0,0,2,0,0,0,1,1,6,1,32,6,2830,2,25,8,3,8
2018430284102,1,9,0,1,0,2,0,0,1,4,2,1,3,1,78,11,1582,2,1,8,1,8
2018430284175,1,9,0,18,0,8,0,0,1,0,1,1,2,1,21,5,1984,1,-1,5,1,5
2018430284175,2,9,0,9,0,5,0,0,0,0,1,1,6,1,58,9,4554,1,19,10,3,10
2018430284220,1,9,0,18,0,1,0,0,0,0,1,1,3,1,-1,-1,-1,-1,-1,-1,-1,-1
2018430284220,2,9,0,3,0,1,0,0,0,0,2,1,2,2,-1,-1,1587,1,16,-1,-1,-1
2018430284270,1,5,0,16,0,2,1,0,0,0,1,1,2,2,50,8,883,1,1,6,1,6
2018430284270,2,11,0,18,0,1,0,0,0,0,1,1,1,1,24,5,6871,2,1,7,1,7
2018430284413,1,9,0,18,0,0,0,0,0,0,1,1,6,1,60,9,1995,2,2,4,1,4
2018430284413,2,9,0,4,0,0,0,0,0,0,2,1,6,1,39,7,1998,2,5,1,1,1
2018430284442,1,9,0,18,0,8,0,0,0,0,3,1,1,1,48,8,1896,2,11,9,1,9
2018430284442,2,9,0,18,0,6,0,0,0,0,1,1,3,1,35,6,2199,2,3,9,3,9
2018430284549,1,19,0,1,9,6,0,0,0,0,1,1,6,1,-1,-1,-1,-1,-1,-1,-1,-1
2018430284549,2,1,0,18,9,8,0,0,0,0,4,1,6,2,20,4,-1,-1,-1,6,1,6
2018430284590,1,9,0,5,0,4,0,0,0,0,1,1,6,1,29,6,-1,-1,-1,9,-1,9
2018430284590,2,9,0,4,0,1,0,0,0,0,2,1,6,1,38,7,1796,1,14,10,2,10
2018430284905,1,9,0,18,0,4,0,0,0,0,1,1,6,1,63,9,999,1,4,-1,-1,-1
2018430284905,2,1,0,18,0,8,0,0,0,0,4,1,6,1,57,9,-1,-1,-1,9,1,9
2018430285056,1,9,0,18,0,6,0,0,0,0,1,1,6,2,76,11,998,1,7,9,1,9
2018430285056,2,9,0,18,0,8,5,0,0,0,3,1,6,2,34,6,1796,1,4,5,1,5
2018430285058,1,3,0,18,0,8,0,0,0,0,1,1,6,1,18,4,102,1,3,10,1,10
2018430285058,2,9,0,9,0,5,0,0,0,0,2,1,6,1,38,7,1910,2,10,7,1,7
2018430285166,1,3,0,18,0,1,0,10,0,0,1,1,6,1,24,5,125,1,6,6,2,6
2018430285191,1,9,0,18,0,0,0,0,0,0,1,1,6,1,25,5,-1,-1,-1,-1,-1,-1
2018430285191,2,9,0,3,0,0,0,0,0,0,2,1,6,2,37,7,1229,1,12,7,1,7
2018430285208,1,9,0,18,0,4,0,7,0,0,4,1,6,1,86,11,1388,1,15,8,3,8
2018430285256,1,9,0,9,0,6,0,0,0,0,1,1,6,2,75,10,1586,1,13,8,3,8
2018430285256,2,19,0,18,0,8,0,0,0,0,4,1,1,1,39,7,1995,2,-1,3,1,3
2018430285274,1,9,0,3,0,0,0,0,0,0,4,1,6,1,-1,-1,-1,-1,-1,-1,-1,-1
2018430285274,2,1,0,15,0,0,0,8,1,0,3,1,6,2,52,8,-1,-1,-1,5,1,5
2018430285293,1,9,0,3,0,1,0,0,0,0,2,1,6,1,32,6,1999,1,6,9,1,9
2018430285293,2,9,0,18,0,1,0,0,0,0,1,1,6,2,32,6,2143,2,3,-1,-1,-1
2018430285296,1,19,0,3,0,0,0,0,0,0,0,1,6,3,-1,-1,2999,2,10,-1,-1,-1
2018430285296,2,9,0,-1,0,0,0,0,0,0,0,1,6,1,19,4,1149,1,19,5,1,5
2018430285340,1,9,0,9,0,8,0,0,0,0,1,1,6,1,33,6,1685,2,-1,3,1,3
2018430285340,2,9,0,18,0,8,0,0,0,0,3,1,6,2,19,4,1390,1,14,4,1,4
2018430285411,1,2,0,18,2,1,0,0,0,0,1,1,6,1,22,5,321,1,3,8,1,8
2018430285411,2,9,0,8,0,1,0,0,0,0,2,1,1,2,52,8,1499,1,1,9,1,9
2018430285428,1,9,0,10,0,1,0,0,0,0,2,1,2,1,35,6,1198,1,2,9,2,9
2018430285428,2,3,0,18,0,1,1,0,1,0,1,1,2,1,53,8,125,1,-1,2,1,2
2018430285521,1,9,0,2,9,0,0,0,0,0,3,1,1,1,39,7,-1,-1,-1,9,3,9
2018430285521,2,1,0,18,0,0,0,8,0,0,1,1,6,1,72,10,-1,-1,-1,3,1,3
2018430285538,1,9,0,1,0,6,0,0,0,0,2,1,6,2,-1,-1,1800,1,20,8,3,8
2018430285538,2,1,0,18,0,8,0,0,0,0,1,1,6,1,48,8,-1,-1,-1,10,1,10
2018430285733,1,9,0,18,0,1,0,0,0,0,1,1,6,1,72,10,-1,-1,-1,-1,-1,-1
2018430285733,2,9,0,10,0,1,0,0,0,0,2,1,6,1,75,10,1198,1,15,-1,-1,-1
2018430286009,1,19,0,9,0,5,0,0,0,0,3,1,1,2,26,6,1248,2,4,2,1,2
2018430286009,2,9,0,16,0,8,0,0,0,0,1,1,6,1,46,8,2143,2,1,10,1,10
2018430286098,1,9,0,9,0,6,0,0,0,0,1,1,6,1,45,7,1956,2,6,8,1,8
2018430286098,2,9,0,18,0,8,0,0,0,0,4,1,6,1,26,6,1896,2,12,2,1,2
2018430286142,1,19,0,18,0,0,0,0,0,0,1,1,6,1,22,5,2402,2,11,9,2,9
2018430286142,2,9,0,4,0,0,0,0,0,0,2,1,6,3,35,6,1560,2,4,6,1,6
2018430286142,3,9,0,4,0,0,0,0,0,0,2,1,6,2,62,9,1390,1,8,6,1,6
2018430286142,4,9,0,4,0,0,0,0,0,0,2,1,6,3,49,8,1984,1,3,10,1,10
2018430286164,1,1,0,7,0,1,0,0,0,0,0,1,6,1,39,7,-1,-1,-1,10,2,10
2018430286164,2,9,0,3,0,8,0,0,0,0,0,1,2,2,42,7,998,1,6,10,2,10
2018430286168,1,9,0,16,0,0,0,0,0,0,3,1,2,1,34,6,1997,1,11,4,1,4
2018430286168,2,9,0,17,0,0,0,0,0,0,3,1,6,1,39,7,1995,2,9,1,1,1
2018430286257,1,9,0,7,0,6,0,0,0,0,3,1,6,1,20,4,1968,2,5,8,1,8
2018430286257,2,5,0,18,0,1,0,0,1,0,1,1,6,1,23,5,899,1,16,-1,-1,-1
2018430286384,1,9,0,18,0,0,0,0,7,0,1,1,6,1,31,6,1248,2,10,1,1,1
2018430286384,2,9,0,18,0,0,0,0,0,0,1,1,6,2,82,11,1390,1,9,10,2,10
2018430286385,1,9,0,18,0,4,0,0,0,0,3,1,6,2,21,5,1229,1,-1,-1,-1,-1
2018430286385,2,9,0,18,0,8,0,0,0,0,4,1,6,2,26,6,1242,1,7,9,1,9
2018430286404,1,1,0,18,4,0,0,11,0,0,1,1,2,1,41,7,-1,-1,-1,8,3,8
2018430286413,1,9,0,9,0,6,0,0,0,0,3,1,6,2,78,11,1396,1,21,5,1,5
2018430286413,2,9,0,18,0,1,1,0,1,0,1,1,6,1,27,6,2993,2,5,6,1,6
2018430286496,1,9,0,4,0,1,0,0,0,0,1,1,1,2,55,8,1796,1,11,10,1,10
2018430286500,1,9,0,5,0,1,0,0,0,0,4,1,6,1,-1,-1,1598,2,-1,-1,-1,-1
2018430286500,2,1,0,5,0,1,0,0,0,0,1,1,2,1,44,7,-1,-1,-1,10,1,10
2018430286511,1,3,0,18,0,0,0,0,0,0,1,1,6,1,71,10,125,1,4,9,2,9
2018430286511,2,19,0,3,0,0,0,0,0,0,2,1,1,1,52,8,2198,2,3,6,1,6
2018430286525,1,9,0,17,0,1,0,0,0,0,2,1,2,1,37,7,-1,-1,-1,5,1,5
2018430286525,2,9,0,17,0,1,0,0,0,0,1,1,2,1,25,5,1995,2,12,-1,-1,-1
2018430286525,3,9,0,16,0,2,0,0,0,0,0,1,2,1,47,8,1396,1,13,6,1,6
2018430286568,1,9,0,18,0,1,0,0,0,0,1,1,3,2,29,6,-1,-1,-1,3,1,3
2018430286573,1,19,0,5,0,6,0,0,0,0,1,1,1,1,49,8,1997,2,1,9,2,9
2018430286573,2,9,0,17,0,8,0,0,1,0,4,1,6,1,61,9,2179,2,6,9,3,9
2018430286580,1,9,0,18,0,8,0,0,0,0,4,1,6,1,-1,-1,1968,2,1,9,1,9
2018430286580,2,9,0,18,0,8,0,0,0,0,1,1,6,2,54,8,-1,-1,-1,7,3,7
2018430286583,1,11,0,5,0,0,0,0,0,0,0,1,1,1,59,9,6700,2,2,3,1,3
2018430286627,1,9,0,18,0,0,0,0,0,0,1,1,1,1,-1,-1,-1,-1,-1,-1,-1,-1
2018430286627,2,8,0,3,0,0,0,0,0,0,2,1,1,1,-1,-1,-1,-1,-1,-1,-1,-1
2018430286627,3,9,0,3,0,0,0,0,0,0,2,1,6,2,39,7,1596,1,11,9,1,9
2018430286746,1,9,0,18,0,0,5,0,8,3,1,1,1,2,22,5,1598,1,15,7,3,7
2018430286805,1,9,0,9,0,5,0,0,0,0,1,1,6,1,46,8,2000,2,14,2,1,2
2018430286805,2,9,0,18,0,8,0,0,1,0,3,1,6,1,38,7,1753,2,11,3,1,3
2018430286892,1,1,0,18,0,6,0,0,0,0,1,1,6,1,45,7,-1,-1,-1,-1,-1,-1
2018430286892,2,9,0,18,0,8,0,0,0,0,4,1,6,2,21,5,998,1,15,9,1,9
2018430287194,1,20,0,18,0,0,1,0,0,0,1,1,1,1,26,6,-1,-1,-1,8,2,8
2018430287194,2,9,0,4,0,0,0,0,0,0,2,1,2,2,53,8,1686,2,5,2,1,2
2018430287194,3,98,1,4,0,0,0,0,0,0,2,1,1,3,-1,-1,-1,-1,-1,-1,-1,-1
2018430287203,1,9,0,18,0,1,0,0,0,0,4,1,6,2,79,11,1390,1,4,9,1,9
2018430287228,1,9,0,18,0,8,1,0,0,0,1,1,6,1,80,11,1332,1,19,2,1,2
2018430287228,2,9,0,18,0,8,0,0,0,0,1,1,2,2,37,7,2987,2,7,9,-1,9
2018430287228,3,19,0,1,8,6,0,0,0,0,2,1,1,1,31,6,-1,-1,-1,8,1,8
2018430287390,1,9,0,1,0,0,0,0,0,0,2,1,3,2,22,5,1598,2,4,9,-1,9
2018430287473,1,9,0,18,0,1,0,0,0,0,1,1,1,2,35,6,1598,1,10,9,1,9
2018430287473,2,8,0,4,0,1,0,0,0,0,2,1,1,1,40,7,1995,2,2,10,1,10
2018430287517,1,9,0,4,0,4,0,0,0,0,2,1,6,1,27,6,1984,1,3,3,1,3
2018430287517,2,8,0,18,0,4,0,0,0,0,1,1,1,1,55,8,1997,2,4,3,1,3
2018430287555,1,9,0,9,0,5,0,0,0,0,0,1,6,2,-1,-1,-1,-1,-1,-1,-1,-1
2018430287555,2,11,0,18,0,1,0,0,0,0,0,1,1,1,30,6,6700,2,3,6,1,6
2018430287743,1,9,0,18,0,2,0,0,0,0,1,1,6,1,18,4,1229,1,13,6,2,6
2018430287889,1,9,0,18,0,6,0,0,3,11,1,1,6,1,-1,-1,1461,2,13,3,1,3
2018430287889,2,9,0,18,0,8,0,0,0,0,3,1,3,1,37,7,2993,2,6,7,3,7
2018430287953,1,5,0,9,0,6,0,0,0,0,4,1,6,1,65,9,918,1,21,10,1,10
2018430288029,1,3,0,18,0,0,0,4,0,0,1,1,6,1,28,6,-1,-1,-1,8,1,8
2018430288029,2,9,0,2,0,0,0,0,0,0,2,1,6,3,-1,-1,-1,-1,-1,-1,-1,-1
2018430288396,1,9,0,3,0,0,0,0,0,0,2,1,6,1,45,7,1200,1,3,9,1,9
2018430288396,2,8,0,18,0,0,0,0,0,0,1,1,1,1,-1,-1,1797,8,8,-1,-1,-1
2018430288396,3,9,0,3,0,0,0,0,0,0,2,1,6,2,40,7,1598,1,13,-1,-1,-1
2018430288413,1,9,0,9,0,6,0,0,0,0,3,1,2,1,35,6,-1,-1,-1,2,1,2
2018430288413,2,5,0,18,0,8,0,0,0,0,1,1,2,1,49,8,599,1,16,2,1,2
2018430288647,1,3,0,18,0,0,0,11,0,0,1,1,6,1,19,4,124,1,-1,9,2,9
2018430288677,1,9,0,18,0,0,0,0,1,3,1,1,6,1,30,6,-1,-1,-1,8,1,8
2018430288694,1,9,0,12,0,0,0,0,0,0,3,1,6,2,40,7,1329,1,3,-1,-1,-1
2018430288694,2,5,0,18,0,0,0,0,0,0,4,1,1,1,51,8,-1,-1,-1,9,3,9
2018430288695,1,9,0,18,0,1,0,0,0,0,1,1,6,2,75,10,1248,1,4,9,3,9
2018430288695,2,1,0,18,0,1,0,0,0,0,0,1,6,1,15,3,-1,-1,-1,10,2,10
2018430288707,1,11,0,18,0,0,0,0,0,0,1,1,1,1,47,8,12000,2,8,5,1,5
2018430288707,2,21,1,4,0,0,0,0,0,0,2,1,1,1,59,9,12419,2,6,4,1,4
2018430288721,1,19,0,18,0,0,0,0,0,0,1,1,6,1,-1,-1,-1,-1,-1,-1,-1,-1
2018430288721,2,5,0,18,0,0,0,0,0,0,2,1,6,1,47,8,998,1,11,4,1,4
2018430288731,1,5,0,18,0,0,1,0,7,9,1,1,6,1,65,9,650,1,56,10,2,10
2018430288794,1,9,0,18,0,0,0,0,0,0,4,1,6,1,-1,-1,1995,2,10,-1,-1,-1
2018430288840,1,8,0,12,0,0,0,0,0,0,2,1,1,1,32,6,2231,2,6,2,1,2
2018430288840,2,9,0,18,0,0,0,0,4,6,1,1,6,1,20,4,-1,-1,-1,6,1,6
2018430288884,1,9,0,5,0,0,0,0,0,0,1,1,6,1,-1,-1,1149,1,12,-1,-1,-1
2018430288884,2,9,0,2,0,0,0,0,0,0,0,1,1,1,29,6,-1,-1,-1,3,1,3
2018430288927,1,98,1,12,0,0,0,0,0,0,3,1,6,3,-1,-1,-1,-1,-1,-1,-1,-1
2018430288927,2,9,0,18,0,0,0,0,0,0,4,1,6,1,32,6,1364,1,10,-1,1,-1
2018430288944,1,9,0,18,0,0,0,0,0,0,4,1,6,3,-1,-1,-1,-1,-1,-1,-1,-1
2018430289188,1,9,0,18,0,2,0,0,0,0,1,1,2,1,44,7,1998,8,2,8,1,8
2018430289570,1,9,0,9,0,5,0,0,0,0,4,1,6,1,37,7,-1,-1,-1,9,1,9
2018430289570,2,3,0,18,0,8,0,0,0,0,1,1,6,1,17,4,-1,-1,-1,6,1,6
2018430290126,1,9,0,9,0,0,1,0,1,4,1,1,6,2,21,5,1296,1,11,10,2,10
2018430290174,1,9,0,18,0,0,0,0,0,0,1,1,3,1,46,8,1299,1,11,3,1,3
2018430290264,1,9,0,18,0,8,0,0,0,0,1,1,6,1,41,7,2987,2,8,9,1,9
2018430290264,2,9,0,18,0,8,0,7,3,1,4,1,6,2,19,4,998,1,16,3,1,3
2018430290464,1,9,0,7,0,6,0,0,0,0,3,1,6,1,60,9,1995,1,9,10,1,10
2018430290464,2,9,0,18,0,1,0,0,0,0,4,1,6,1,35,6,1968,2,2,8,1,8
2018430290521,1,9,0,18,0,0,1,0,4,6,3,1,6,1,30,6,1995,2,10,3,1,3
2018430290521,2,9,0,18,0,0,1,0,0,0,1,1,6,1,26,6,1242,1,3,7,2,7
2018430290521,3,9,0,18,0,0,1,0,0,0,2,1,6,1,26,6,1995,2,7,2,1,2
2018430290521,4,9,0,18,0,0,0,0,0,0,2,1,6,1,54,8,1999,2,2,7,3,7
2018430290982,1,9,0,16,0,0,1,0,7,9,1,1,6,2,74,10,1587,1,13,9,2,9
2018430291278,1,9,0,18,0,3,0,0,4,0,1,1,6,1,33,6,1360,1,17,7,3,7
2018430291379,1,1,0,18,0,8,0,0,0,0,3,1,2,1,29,6,-1,-1,-1,10,1,10
2018430291379,2,9,0,9,0,6,0,0,0,0,1,1,6,3,-1,-1,-1,-1,-1,-1,-1,-1
2018430291388,1,1,0,18,0,2,0,0,0,0,3,1,2,1,61,9,-1,-1,-1,8,1,8
2018430291388,2,9,0,7,0,5,0,0,0,0,4,1,6,3,-1,-1,-1,-1,-1,-1,-1,-1
2018430291401,1,9,0,18,0,0,0,0,0,0,0,1,2,1,40,7,1200,1,1,4,2,4
2018430291504,1,9,0,7,0,8,0,0,0,0,1,1,6,1,75,10,2979,1,14,10,1,10
2018430291504,2,1,0,18,0,8,0,0,0,0,4,1,6,1,85,11,-1,-1,-1,5,1,5
2018430291641,1,9,0,18,0,1,0,0,0,0,1,1,6,3,-1,-1,1328,1,11,-1,-1,-1
2018430291641,2,9,0,3,0,1,0,0,0,0,2,1,6,1,36,7,1197,1,3,-1,-1,-1
2018430291688,1,5,0,16,0,0,1,0,1,9,4,1,1,1,20,4,645,1,17,5,1,5
2018430291694,1,19,0,18,0,0,0,0,0,0,1,1,1,1,39,7,1248,2,8,2,1,2
2018430291694,2,9,0,18,0,0,0,0,0,0,1,1,6,2,56,9,1598,2,6,9,1,9
2018430292003,1,9,0,4,0,0,0,0,0,0,1,1,2,2,53,8,1598,1,13,10,1,10
2018430292003,2,9,0,4,0,0,0,0,0,0,2,1,2,1,53,8,1598,1,7,8,2,8
2018430292003,3,9,0,4,0,0,0,0,0,0,2,1,2,2,32,6,1560,2,6,7,-1,7
2018430292249,1,9,0,13,0,0,0,0,0,0,1,1,2,1,20,4,1498,1,1,7,1,7
2018430292249,2,9,0,18,0,0,0,0,1,0,1,1,6,2,22,5,1242,1,9,10,3,10
2018430292249,3,11,0,18,0,0,0,0,0,0,4,1,1,2,25,5,9000,5,4,10,1,10
2018430292522,1,8,0,18,0,0,0,0,0,0,3,1,1,1,43,7,1968,2,1,-1,-1,-1
2018430292522,2,9,0,11,0,0,0,0,0,0,4,1,6,2,-1,-1,1496,2,1,-1,-1,-1
2018430292556,1,9,0,4,0,1,0,0,0,0,1,1,6,3,-1,-1,1124,1,15,-1,-1,-1
2018430292556,2,9,0,3,0,1,0,0,0,0,2,1,6,2,47,8,999,1,5,4,1,4
2018430292577,1,9,0,2,6,1,0,0,0,0,3,1,1,1,43,7,2987,2,8,7,1,7
2018430292577,2,1,0,18,0,1,0,8,1,0,1,1,6,1,54,8,-1,-1,-1,7,1,7
2018430292599,1,8,0,18,0,8,0,0,0,0,0,1,6,3,-1,-1,-1,-1,-1,-1,-1,-1
2018430292599,2,3,0,18,0,8,0,0,0,0,0,1,6,1,20,4,124,1,5,4,1,4
2018430292622,1,9,0,18,0,1,0,0,0,0,1,1,6,1,40,7,1995,2,14,-1,-1,-1
2018430292622,2,9,0,3,0,1,0,0,0,0,2,1,6,2,61,9,998,1,2,5,1,5