Accident_Index,Vehicle_Reference,Vehicle_Type,Towing_and_Articulation,Vehicle_Manoeuvre,Vehicle_Location-Restricted_Lane,Junction_Location,Skidding_and_Overturning,Hit_Object_in_Carriageway,Vehicle_Leaving_Carriageway,Hit_Object_off_Carriageway,1st_Point_of_Impact,Was_Vehicle_Left_Hand_Drive?,Journey_Purpose_of_Driver,Sex_of_Driver,Age_of_Driver,Age_Band_of_Driver,Engine_Capacity_(CC),Propulsion_Code,Age_of_Vehicle,Driver_IMD_Decile,Driver_Home_Area_Type,Vehicle_IMD_Decile
2018430306704,2,9,0,18,0,1,0,0,0,0,1,1,6,1,43,7,-1,-1,-1,4,1,4
2018430306741,1,9,0,18,0,1,0,0,0,0,1,1,6,3,-1,-1,-1,-1,-1,-1,-1,-1
2018430306741,2,3,0,8,0,1,0,0,0,0,2,1,6,1,19,4,-1,-1,-1,9,2,9
2018430306743,1,9,0,18,0,0,0,0,0,0,1,1,1,1,37,7,-1,-1,-1,10,1,10
2018430306812,1,9,0,18,0,2,0,0,0,0,1,1,6,2,27,6,1598,1,16,10,1,10
2018430306812,2,9,0,9,0,2,0,0,0,0,2,1,6,2,84,11,1951,2,12,8,3,8
2018430306814,1,9,0,9,0,5,0,0,0,0,4,1,2,2,60,9,1397,1,15,2,1,2
2018430306814,2,9,0,18,0,8,1,0,0,0,1,1,2,1,51,8,1970,1,14,5,1,5
2018430306897,1,9,0,17,0,8,1,0,1,10,1,1,6,1,29,6,998,1,35,2,1,2
2018430306949,1,19,0,18,0,0,0,0,0,0,1,1,1,1,20,4,2148,2,9,7,1,7
2018430306949,2,9,0,18,0,0,0,0,0,0,1,1,6,1,20,4,1598,1,12,7,1,7
2018430306978,1,9,0,2,0,0,0,0,0,0,3,1,6,1,50,8,1798,8,2,-1,-1,-1
2018430306978,2,1,0,14,0,0,0,8,0,0,4,1,6,2,17,4,-1,-1,-1,7,1,7
2018430307043,1,9,0,18,9,0,0,0,0,0,1,1,6,2,-1,-1,-1,-1,-1,-1,-1,-1
2018430307043,2,1,0,18,9,0,0,0,0,0,1,1,6,1,23,5,-1,-1,-1,4,1,4
2018430307068,1,9,0,14,0,0,0,0,0,0,3,1,2,1,60,9,-1,-1,-1,9,1,9
2018430307068,2,5,0,13,0,0,0,10,0,0,4,1,2,1,52,8,865,1,4,10,1,10
2018430307186,1,19,0,5,0,4,0,0,0,0,1,1,2,1,72,10,2148,2,18,9,1,9
2018430307186,2,1,0,9,0,7,0,0,0,0,4,1,2,1,62,9,-1,-1,-1,8,3,8
2018430307587,1,9,0,18,0,4,0,0,0,0,1,1,1,1,50,8,-1,3,4,9,1,9
2018430307587,2,1,0,9,0,8,0,0,0,0,2,1,6,1,58,9,-1,-1,-1,6,1,6
2018430307620,1,5,0,18,0,8,0,0,0,0,1,1,6,1,61,9,953,1,11,3,1,3
2018430307620,2,9,0,18,0,4,0,0,0,0,3,1,6,2,18,4,1299,1,15,6,2,6
2018430307749,1,9,0,18,0,8,0,0,0,0,1,1,2,1,32,6,1796,1,13,2,1,2
2018430307749,2,3,0,18,0,8,0,0,0,0,4,1,1,1,35,6,-1,-1,-1,9,1,9
2018430307788,1,9,0,18,0,0,0,0,0,0,3,1,6,1,60,9,-1,-1,-1,10,1,10
2018430307907,1,9,0,1,0,0,0,0,0,0,2,1,6,3,-1,-1,1199,1,15,-1,-1,-1
2018430307926,1,9,0,18,0,1,0,0,0,0,1,1,6,3,-1,-1,-1,-1,-1,-1,-1,-1
2018430307926,2,9,0,8,0,1,0,0,0,0,2,1,6,2,53,8,-1,-1,-1,10,3,10
2018430308027,1,3,0,18,0,0,0,0,0,0,4,1,6,1,32,6,125,1,2,3,1,3
2018430308027,2,9,0,2,0,0,0,0,0,0,3,1,2,2,24,5,1598,1,12,7,1,7
2018430308079,1,9,0,9,0,5,0,0,0,0,3,1,3,2,39,7,998,1,6,10,1,10
2018430308079,2,3,0,18,0,8,0,0,0,0,1,1,2,1,17,4,125,1,3,3,1,3
2018430308087,1,9,0,5,9,8,0,0,0,0,1,1,2,2,33,6,1560,2,10,6,1,6
2018430308087,2,1,0,18,0,8,0,0,0,0,4,1,3,1,10,2,-1,-1,-1,6,1,6
2018430308199,1,98,0,18,0,1,0,0,0,0,1,1,6,1,-1,-1,-1,-1,-1,-1,-1,-1
2018430308199,2,9,0,18,0,1,0,0,0,0,2,1,6,2,36,7,1497,8,8,6,1,6
2018430308291,1,8,0,13,0,0,0,0,0,0,4,1,1,1,37,7,2143,2,5,7,1,7
2018430308291,2,9,0,18,0,0,0,0,0,0,3,1,6,3,-1,-1,-1,-1,-1,-1,-1,-1
2018430308535,1,20,1,-1,0,4,0,0,0,0,1,1,6,1,-1,-1,-1,-1,-1,-1,-1,-1
2018430308535,2,9,0,3,0,4,0,0,0,0,2,1,1,1,47,8,-1,-1,-1,10,1,10
2018430308545,1,9,0,7,0,5,0,0,0,0,3,1,6,1,33,6,1598,1,9,3,1,3
2018430308688,1,9,0,18,0,8,0,0,0,0,3,1,6,2,44,7,1968,2,7,9,1,9
2018430308688,2,9,0,18,0,8,0,0,0,0,4,1,6,3,-1,-1,-1,-1,-1,-1,-1,-1
2018430308720,1,9,0,4,0,2,0,0,0,0,2,1,1,1,50,8,-1,-1,-1,2,1,2
2018430308720,2,9,0,18,0,2,0,0,0,0,1,1,6,3,-1,-1,2776,2,13,-1,-1,-1
2018430308729,1,9,0,18,0,0,0,0,0,0,1,1,6,1,50,8,1679,1,20,2,1,2
2018430308729,2,9,0,18,0,0,0,0,0,0,1,1,6,1,38,7,2148,2,10,3,1,3
2018430308729,3,9,0,18,0,0,0,0,0,0,3,1,6,1,26,6,1498,1,-1,9,1,9
2018430308893,1,9,0,18,0,0,0,0,0,0,3,1,6,3,61,9,1968,2,10,5,3,5
2018430309088,1,9,0,18,0,4,1,9,0,0,1,1,6,1,29,6,-1,-1,-1,10,1,10
2018430309174,1,9,0,18,0,1,0,0,0,0,1,1,6,1,65,9,2164,1,20,-1,-1,-1
2018430309174,2,9,0,18,0,1,0,0,0,0,2,1,6,1,32,6,1598,2,4,3,1,3
2018430309180,1,9,0,4,0,1,0,0,0,0,1,1,6,1,40,7,2967,2,5,6,2,6
2018430309180,2,9,0,3,0,1,0,0,0,0,2,1,6,2,56,9,1794,1,13,10,3,10
2018430309180,3,9,0,3,0,1,0,0,0,0,2,1,6,2,39,7,1197,1,7,4,1,4
2018430309189,1,9,0,7,0,5,0,0,0,0,4,1,1,2,43,7,1198,1,8,6,1,6
2018430309189,2,1,0,18,0,1,0,0,0,0,1,1,6,2,28,6,-1,-1,-1,-1,-1,-1
2018430309270,1,9,0,18,0,0,0,0,0,0,1,1,2,2,58,9,1364,1,5,10,1,10
2018430309270,2,1,0,18,0,0,0,0,0,0,3,1,6,1,54,8,-1,-1,-1,9,2,9
2018430309321,1,9,0,16,0,0,2,10,7,0,1,1,6,2,30,6,998,1,3,3,1,3
2018430309327,1,9,0,18,0,8,0,0,0,0,4,1,1,1,40,7,1197,1,1,9,1,9
2018430309327,2,9,0,9,0,6,0,0,0,0,1,1,6,2,35,6,-1,-1,-1,8,3,8
2018430309354,1,9,0,18,0,8,0,0,0,0,4,1,6,1,-1,-1,1598,1,6,-1,-1,-1
2018430309354,2,9,0,7,0,4,0,0,0,0,3,1,6,1,32,6,-1,-1,-1,1,1,1
2018430309360,1,2,0,13,0,1,0,0,0,0,1,1,6,1,17,4,-1,-1,-1,9,1,9
2018430309360,2,9,0,9,0,5,0,0,0,0,3,1,6,2,38,7,-1,-1,-1,10,1,10
2018430309363,1,1,0,18,0,1,0,0,0,0,1,1,6,1,31,6,-1,-1,-1,-1,-1,-1
2018430309363,2,8,0,4,0,1,0,0,0,0,4,1,6,2,59,9,-1,-1,-1,10,1,10
2018430309388,1,9,0,5,0,0,0,0,0,0,1,1,6,1,18,4,1398,1,3,2,1,2
2018430309388,2,9,0,18,0,0,5,0,0,0,4,1,6,2,46,8,998,1,15,5,1,5
2018430309388,3,19,0,2,0,0,0,0,0,0,2,1,6,1,-1,-1,-1,-1,-1,-1,-1,-1
2018430309482,1,9,0,16,0,0,1,0,7,10,1,1,6,2,17,4,1242,1,10,6,1,6
2018430309529,1,9,0,18,0,1,0,0,0,0,1,1,6,1,23,5,-1,-1,-1,10,1,10
2018430309529,2,9,0,7,0,6,0,0,0,0,4,1,6,2,21,5,1995,2,4,8,1,8
2018430309547,1,11,0,12,0,4,0,0,0,0,1,1,1,1,41,7,6700,2,2,10,1,10
2018430309547,2,9,0,18,0,4,2,0,7,0,4,1,2,1,37,7,1560,2,10,10,1,10
2018430309658,1,9,0,18,0,8,0,0,7,5,1,1,6,1,31,6,1798,1,2,6,1,6
2018430309764,1,9,0,9,0,5,0,0,0,0,1,1,6,2,74,10,-1,-1,-1,8,3,8
2018430309764,2,9,0,18,0,8,0,0,0,0,1,1,6,2,65,9,1968,2,6,8,-1,8
2018430309775,1,9,0,7,0,6,0,0,0,0,1,1,6,1,42,7,1275,1,19,8,1,8
2018430309775,2,1,0,18,4,8,0,0,1,0,4,1,6,2,65,9,-1,-1,-1,10,1,10
2018430310222,1,8,0,5,0,6,0,0,0,0,1,1,1,1,61,9,2499,2,10,5,1,5
2018430310229,1,9,0,18,0,0,2,0,1,0,1,1,6,2,50,8,1685,2,1,9,-1,9
2018430310229,2,9,0,18,0,0,2,0,1,0,1,1,6,2,64,9,1496,2,3,8,1,8
2018430310245,1,9,0,18,0,8,0,0,0,0,1,1,6,1,77,11,1686,2,4,10,1,10
2018430310245,2,9,0,9,0,5,0,0,0,0,1,1,6,2,39,7,1600,1,13,7,1,7
2018430310373,1,9,0,18,0,0,0,0,0,0,1,1,1,1,34,6,1968,2,1,7,1,7
2018430310437,1,9,0,18,0,1,1,0,3,10,1,1,6,1,25,5,1229,1,3,7,3,7
2018430310557,1,9,0,18,0,4,0,0,0,0,3,1,6,1,58,9,1598,2,-1,2,1,2
2018430310557,2,9,0,9,0,8,0,9,0,4,4,1,6,2,72,10,1229,1,4,7,1,7
2018430310581,1,9,0,18,0,0,0,0,0,0,4,1,6,1,22,5,1390,1,6,7,1,7
2018430310588,1,9,0,1,0,1,0,0,0,0,2,1,6,1,-1,-1,-1,-1,-1,-1,-1,-1
2018430310588,2,9,0,2,0,1,0,0,0,0,2,1,6,1,42,7,1560,2,4,-1,-1,-1
2018430310592,1,3,0,18,0,8,0,0,0,0,1,1,6,1,23,5,-1,-1,-1,4,1,4
2018430310592,2,9,0,9,0,8,0,0,0,0,3,1,6,1,52,8,-1,-1,-1,9,1,9
2018430310614,1,9,0,16,0,0,2,0,7,11,1,1,6,1,19,4,1364,1,10,4,1,4
2018430310695,1,21,0,12,0,4,0,0,0,0,3,1,6,1,36,7,12900,2,11,-1,-1,-1
2018430310695,2,9,0,18,0,4,0,0,0,0,4,1,6,1,36,7,1461,2,4,-1,-1,-1
2018430310875,1,19,0,17,0,0,0,0,0,0,3,1,1,1,41,7,2298,2,2,9,1,9
2018430310875,2,20,0,16,0,0,0,0,0,0,3,1,1,3,-1,-1,-1,-1,-1,-1,-1,-1
2018430311027,1,21,1,18,0,0,1,0,0,0,1,1,1,1,47,8,-1,-1,-1,4,1,4
2018430311027,2,10,0,18,0,0,0,0,0,0,2,1,1,2,52,8,2198,2,3,8,1,8
2018430311374,1,9,0,9,0,5,0,0,0,0,1,1,6,1,85,11,2316,1,22,10,-1,10
2018430311374,2,1,0,18,0,1,0,0,0,0,1,1,6,1,29,6,-1,-1,-1,10,1,10
2018430311409,1,9,0,9,0,0,0,0,0,0,1,1,6,1,-1,-1,-1,-1,-1,-1,-1,-1
2018430311527,1,9,0,18,0,6,1,0,0,0,4,1,6,2,81,11,1595,1,12,9,1,9
2018430311527,2,9,0,18,0,8,1,0,0,0,1,1,6,1,29,6,1595,1,4,7,3,7
2018430311626,1,11,0,18,0,4,0,0,0,0,1,1,1,1,33,6,4500,2,8,10,1,10
2018430311626,2,8,0,4,0,8,0,0,0,0,2,1,1,1,68,10,1797,8,8,6,1,6
2018430311699,1,1,0,18,0,0,0,0,0,0,1,1,6,1,22,5,-1,-1,-1,9,1,9
2018430311831,1,9,0,18,0,1,0,0,0,0,4,1,2,1,38,7,1596,1,13,10,1,10
2018430311831,2,1,0,5,0,6,0,0,0,0,1,1,6,1,48,8,-1,-1,-1,-1,-1,-1
2018430311848,1,9,0,16,0,0,0,0,0,0,0,1,6,3,-1,-1,-1,-1,-1,-1,-1,-1
2018430311848,2,1,0,18,0,0,0,0,0,0,0,1,6,1,65,9,-1,-1,-1,7,1,7
2018430311889,1,9,0,18,0,2,0,0,0,0,1,1,2,1,57,9,1598,2,3,9,1,9
2018430311936,1,19,0,18,0,0,0,0,0,0,1,1,6,3,-1,-1,-1,-1,-1,-1,-1,-1
2018430311985,1,9,0,18,0,0,0,0,0,0,1,1,6,2,38,7,1968,2,5,6,3,6
2018430311985,2,9,0,4,0,0,0,0,0,0,2,1,6,1,65,9,1329,1,7,9,1,9
2018430311985,3,9,0,4,0,0,0,0,0,0,2,1,6,2,23,5,1422,2,15,9,1,9
2018430312036,1,9,0,7,0,3,0,0,0,0,4,1,6,1,28,6,-1,-1,-1,9,1,9
2018430312036,2,9,0,9,0,8,0,0,0,0,3,1,6,2,33,6,-1,-1,-1,4,2,4
2018430312085,1,9,0,18,0,4,0,0,0,0,1,1,6,1,46,8,-1,3,-1,6,1,6
2018430312085,2,9,0,18,0,4,0,0,0,0,2,1,6,2,66,10,1685,2,6,3,1,3
2018430312085,3,9,0,18,0,4,0,0,0,0,2,1,6,2,44,7,1896,2,11,7,1,7
2018430312152,1,3,0,4,0,0,1,0,0,0,0,1,6,1,17,4,125,1,4,-1,-1,-1
2018430312637,1,9,0,4,0,0,0,0,0,0,1,1,2,1,24,5,1248,1,6,4,3,4
2018430312637,2,9,0,3,0,0,0,0,0,0,2,1,2,1,55,8,1461,2,1,2,1,2
2018430313143,1,9,0,13,0,0,0,0,6,0,1,1,2,2,18,4,-1,-1,-1,10,1,10
2018430313143,2,9,0,18,0,0,0,0,0,0,0,1,6,2,50,8,1799,1,9,3,1,3
2018430313143,3,9,0,18,0,0,0,0,0,0,0,1,6,1,37,7,1796,1,11,4,1,4
2018430313227,1,90,0,18,0,8,0,0,0,0,0,1,1,1,-1,-1,-1,-1,-1,-1,-1,-1
2018430313227,2,9,0,18,0,8,0,0,0,0,0,1,1,1,-1,-1,1598,2,1,-1,-1,-1
2018430313295,1,10,0,18,0,0,2,0,2,7,1,1,6,2,45,7,2402,2,15,2,1,2
2018430313343,1,9,0,18,0,6,0,0,0,0,1,1,6,1,27,6,1796,1,13,-1,1,-1
2018430313343,2,9,0,18,0,8,0,0,0,0,1,1,6,2,78,11,1388,1,15,8,1,8
2018430313343,3,19,0,7,0,8,0,0,0,0,1,1,6,1,47,8,2198,2,4,6,2,6
2018430314020,1,1,0,16,0,0,1,0,0,0,1,1,6,1,38,7,-1,-1,-1,9,2,9
2018430314020,2,9,0,17,0,0,0,0,0,0,1,1,6,2,48,8,1968,2,7,10,2,10
2018430314067,1,9,0,9,0,1,0,0,0,0,1,1,6,1,43,7,1968,2,1,9,3,9
2018430314067,2,9,0,18,0,1,0,0,0,0,1,1,6,1,19,4,1296,1,11,8,1,8
2018430314100,1,9,0,18,0,0,0,0,0,0,4,1,1,1,35,6,-1,3,-1,6,-1,6
2018430314179,1,9,0,7,0,5,0,0,0,0,1,1,6,3,-1,-1,1995,1,9,-1,-1,-1
2018430314179,2,9,0,8,0,1,0,0,1,11,4,1,6,2,62,9,1597,2,4,5,1,5
2018430314280,1,98,1,18,0,0,0,0,0,0,1,2,1,1,45,7,-1,-1,-1,-1,-1,-1
2018430314549,1,1,0,18,0,0,0,0,0,0,1,1,6,1,18,4,-1,-1,-1,-1,-1,-1
2018430314549,2,9,0,18,0,0,0,0,0,0,4,1,3,2,34,6,1986,2,10,-1,-1,-1
2018430314614,1,9,0,9,0,8,0,0,0,0,1,1,2,2,48,8,1997,2,-1,-1,-1,-1
2018430314614,2,1,0,18,0,1,0,0,0,0,1,1,6,1,45,7,-1,-1,-1,-1,-1,-1
2018430314631,1,9,0,9,0,8,0,0,0,0,4,1,6,1,71,10,1360,1,13,5,1,5
2018430314631,2,8,0,18,0,1,0,0,0,0,1,1,6,1,61,9,2143,2,2,4,1,4
2018430314820,1,9,0,5,0,0,0,0,0,0,3,1,2,1,52,8,999,1,9,9,1,9
2018430314820,2,1,0,14,0,0,0,0,0,0,4,1,6,2,65,9,-1,-1,-1,10,1,10
2018430314867,1,9,0,18,0,0,2,0,1,0,1,1,6,2,19,4,998,1,9,9,1,9
2018430314926,1,1,0,18,0,1,0,0,0,0,2,1,2,1,21,5,-1,-1,-1,9,1,9
2018430314926,2,9,0,9,0,1,0,0,0,0,1,1,6,2,-1,-1,-1,-1,-1,-1,-1,-1
2018430315009,1,9,0,18,0,8,0,0,0,0,1,1,6,1,51,8,2143,2,-1,8,2,8
2018430315009,2,9,0,5,0,8,0,0,0,0,4,1,6,1,64,9,-1,-1,-1,2,1,2
2018430315010,1,9,0,18,0,0,0,0,0,0,1,1,6,1,73,10,1360,1,13,9,1,9
2018430315010,2,9,0,2,0,0,0,0,0,0,2,1,6,1,-1,-1,-1,-1,-1,6,1,6
2018430315016,1,9,0,18,0,1,0,0,3,7,1,1,6,1,22,5,1598,1,15,3,1,3
2018430315076,1,9,0,9,0,5,0,0,0,0,1,1,6,2,45,7,1799,1,11,9,3,9
2018430315076,2,9,0,18,0,8,0,0,0,0,1,1,6,1,45,7,1598,2,7,9,3,9
2018430315139,1,19,0,9,0,6,0,0,0,0,3,1,1,1,55,8,2402,2,13,6,1,6
2018430315139,2,9,0,18,0,1,0,0,0,0,1,1,3,2,45,7,1598,1,14,1,1,1
2018430315190,1,19,0,18,0,0,1,0,0,0,1,1,1,1,27,6,1968,2,2,7,1,7
2018430315190,2,21,0,18,0,0,0,0,0,0,2,1,1,1,29,6,12777,2,5,8,1,8
2018430315339,1,9,0,18,0,2,0,10,4,10,1,1,2,1,26,6,2995,1,8,1,1,1
2018430315339,2,9,0,12,0,2,0,0,0,0,2,1,6,1,40,7,1984,1,8,9,1,9
2018430315490,1,9,0,17,0,0,0,0,0,0,4,1,6,2,74,10,1995,2,17,7,2,7
2018430315490,2,9,0,17,0,0,0,0,0,0,1,1,6,2,43,7,-1,-1,-1,3,3,3
2018430315493,1,2,0,18,0,0,1,0,1,10,0,1,6,1,17,4,124,1,9,6,1,6
2018430315493,2,9,0,18,0,0,0,0,0,0,3,1,1,1,52,8,993,1,17,6,1,6
2018430315706,1,9,3,18,0,0,0,0,0,1,1,1,6,1,80,11,1994,1,18,8,2,8
2018430315706,2,9,0,18,0,0,0,11,0,0,3,1,6,2,66,10,1596,1,3,10,1,10
2018430315706,3,9,0,18,0,0,0,11,0,0,1,1,6,1,32,6,-1,-1,-1,1,1,1
2018430315706,4,9,0,18,0,0,0,11,0,0,1,1,2,1,44,7,1997,2,4,5,1,5
2018430315727,1,4,0,13,0,1,0,0,1,0,1,1,6,1,21,5,248,1,2,8,3,8
2018430315727,2,1,0,10,0,1,0,0,0,0,1,1,6,1,63,9,-1,-1,-1,10,2,10
2018430315808,1,9,0,18,0,2,0,0,0,0,4,1,6,1,88,11,1339,8,3,10,1,10
2018430315808,2,1,0,18,0,2,0,0,0,0,3,1,2,1,47,8,-1,-1,-1,10,1,10
2018430315811,1,9,0,18,0,0,0,0,0,0,4,1,6,1,82,11,1598,1,6,10,1,10
2018430315811,2,9,0,2,0,0,0,0,0,0,3,1,6,3,-1,-1,-1,-1,-1,-1,-1,-1
2018430315813,1,9,0,18,0,0,0,0,0,0,1,1,6,1,-1,-1,1598,1,17,-1,-1,-1
2018430315813,2,9,0,3,0,0,0,0,0,0,2,1,2,2,51,8,1796,1,17,7,3,7
2018430315814,1,9,0,2,0,0,0,0,0,0,1,1,6,2,29,6,1364,1,11,3,1,3
2018430315814,2,9,0,1,0,0,0,0,0,0,2,1,6,3,-1,-1,-1,-1,-1,-1,-1,-1
2018430315832,1,9,0,5,0,2,0,0,0,0,1,1,6,1,-1,-1,-1,-1,-1,-1,-1,-1
2018430315929,1,11,0,18,0,1,0,0,0,0,1,1,1,1,62,9,6370,2,10,9,1,9
2018430315949,1,9,0,1,0,0,0,0,0,0,2,1,6,1,43,7,-1,-1,-1,3,1,3
2018430315985,1,9,0,18,0,0,0,0,0,0,1,1,6,2,-1,-1,1242,1,11,-1,-1,-1
2018430315985,2,9,0,18,0,0,0,0,0,0,1,1,6,1,33,6,1497,8,9,4,1,4
2018430316010,1,21,0,18,0,0,1,0,0,0,1,1,1,1,42,7,-1,-1,-1,-1,-1,-1
2018430316010,2,9,0,4,0,0,0,0,0,0,2,1,6,2,20,4,-1,-1,-1,10,1,10
2018430316153,1,9,0,3,0,8,0,0,0,0,2,1,6,1,61,9,2400,2,5,5,1,5
2018430316153,2,9,0,18,0,8,0,0,0,0,1,1,6,3,-1,-1,1968,2,9,-1,-1,-1
2018430316813,1,5,0,5,0,2,1,0,0,0,3,1,6,1,26,6,599,1,19,4,1,4
2018430316813,2,9,0,13,0,2,0,0,0,0,1,1,6,1,50,8,1956,2,3,3,1,3
2018430316900,1,9,0,18,0,1,0,4,0,0,1,1,6,1,90,11,1560,2,2,8,1,8
2018430316900,2,9,0,2,0,1,0,0,0,0,2,1,6,2,50,8,1969,2,1,10,1,10
2018430317005,1,8,0,4,0,0,0,0,0,0,2,1,1,1,-1,-1,1798,8,2,4,1,4
2018430317005,2,9,0,18,0,0,0,0,0,0,1,1,6,3,-1,-1,-1,-1,-1,-1,-1,-1
2018430317008,1,9,0,18,0,0,0,0,0,0,1,1,1,1,65,9,3456,8,12,3,1,3
2018430317008,2,21,0,18,0,0,0,0,0,0,2,1,1,1,57,9,-1,-1,-1,5,1,5
2018430317009,1,9,0,18,0,6,0,0,3,0,1,1,6,1,26,6,-1,-1,-1,7,1,7
2018430317009,2,9,0,16,0,8,0,0,0,0,4,1,6,1,72,10,1299,1,16,10,1,10
2018430317013,1,9,0,18,0,0,0,0,0,0,1,1,2,1,25,5,1598,2,3,8,1,8
2018430317013,2,9,0,4,0,0,0,0,0,0,2,1,2,1,31,6,1598,2,5,9,2,9
2018430317112,1,19,0,9,0,2,0,0,0,0,1,1,1,1,45,7,1560,2,3,5,1,5
2018430317145,1,9,0,9,0,6,0,0,0,0,3,1,2,1,25,5,1198,1,13,10,1,10
2018430317145,2,9,0,18,0,1,0,0,0,0,1,1,6,3,-1,-1,1598,1,8,-1,-1,-1
2018430317206,1,5,0,17,0,8,0,0,0,0,2,1,6,1,60,9,1690,1,3,10,1,10
2018430317206,2,9,0,17,0,8,0,0,0,0,1,1,6,1,70,10,-1,-1,-1,10,1,10
2018430317258,1,9,0,9,0,6,0,0,0,0,1,1,3,2,33,6,1596,1,11,5,1,5
2018430317258,2,1,0,18,0,1,0,0,0,0,1,1,2,1,35,6,-1,-1,-1,3,1,3
2018430317373,1,9,0,18,0,0,0,0,0,0,1,1,6,1,38,7,1200,1,1,9,3,9
2018430317373,2,19,0,12,0,0,0,0,0,0,2,1,6,1,65,9,-1,-1,-1,9,1,9
2018430317373,3,9,0,4,0,0,0,0,0,0,2,1,6,2,41,7,1461,2,4,10,1,10
2018430317378,1,9,0,18,0,8,1,0,0,0,1,1,6,1,30,6,-1,-1,-1,-1,-1,-1
2018430317817,1,3,0,18,0,1,1,0,0,0,1,1,6,1,17,4,125,1,6,-1,-1,-1
2018430317817,2,9,0,9,0,5,0,0,0,0,2,1,6,2,39,7,998,1,-1,-1,-1,-1
2018430318176,1,3,0,18,0,8,0,0,0,0,1,1,6,1,19,4,124,1,3,9,3,9
2018430318176,2,9,0,9,0,8,0,0,0,0,4,1,6,2,52,8,1398,1,4,8,3,8
2018430318275,1,9,0,1,0,8,0,0,0,0,2,1,6,3,-1,-1,1598,2,2,-1,-1,-1
2018430318275,2,9,0,3,0,8,0,0,0,0,1,1,6,2,19,4,1388,1,20,7,1,7
2018430318291,1,9,0,18,0,4,0,0,0,0,1,1,6,3,-1,-1,-1,-1,-1,-1,-1,-1
2018430318291,2,9,0,9,0,8,0,0,0,0,4,1,6,1,-1,-1,2993,2,4,9,1,9
2018430318453,1,9,0,16,0,0,0,0,0,0,1,1,6,1,85,11,1896,2,22,9,3,9
2018430318453,2,9,0,17,0,0,1,0,0,0,2,1,2,2,38,7,1598,1,13,9,1,9
2018430318457,1,9,0,13,0,0,0,4,1,0,4,1,2,1,55,8,1995,2,5,7,1,7
2018430318457,2,20,0,18,0,0,0,0,0,0,1,1,1,1,72,10,2402,2,12,8,2,8
2018430318457,3,9,0,2,0,0,0,0,0,0,4,1,3,2,-1,-1,-1,-1,-1,-1,-1,-1
2018430318548,1,9,0,16,0,0,1,0,7,9,4,1,6,1,17,4,1248,2,10,7,3,7
2018430318548,2,9,0,17,0,0,0,0,0,0,1,1,6,2,53,8,1242,1,4,10,1,10
2018430318594,1,9,0,16,0,2,2,0,7,9,1,1,6,1,21,5,1328,1,10,-1,-1,-1
2018430318612,1,9,0,18,0,4,0,0,0,0,3,1,6,1,47,8,1999,1,9,4,1,4
2018430318612,2,1,0,18,0,8,0,0,0,0,1,1,6,1,72,10,-1,-1,-1,7,1,7
2018430318741,1,19,0,16,0,0,0,0,0,0,1,1,2,1,27,6,1998,2,13,5,1,5
2018430318741,2,9,0,17,0,0,0,0,0,0,1,1,2,1,43,7,1399,2,6,10,1,10
2018430318741,3,19,0,16,0,0,0,0,0,0,0,1,2,1,48,8,1560,2,9,10,1,10
2018430318997,1,9,0,18,0,4,0,0,0,0,1,1,2,2,52,8,1198,1,8,4,1,4
2018430318997,2,9,0,18,0,3,0,0,0,0,4,1,2,1,21,5,-1,-1,-1,10,1,10
2018430319309,1,9,0,18,0,1,0,0,0,0,1,1,6,2,39,7,1341,1,15,4,1,4
2018430319322,1,22,0,18,0,1,0,0,0,0,4,1,6,2,86,11,-1,-1,-1,10,1,10
2018430319322,2,9,0,18,0,1,0,0,0,0,1,1,6,1,21,5,1242,1,14,10,1,10
2018430319396,1,3,0,18,0,2,0,0,0,0,1,1,6,3,20,4,-1,-1,-1,-1,-1,-1
2018430319396,2,9,0,2,0,2,0,0,0,0,2,1,6,3,-1,-1,2998,1,1,3,1,3
2018430319455,1,9,0,7,0,6,0,0,1,0,3,1,1,1,27,6,1248,2,10,3,1,3
2018430319455,2,9,0,18,0,8,0,0,1,0,4,1,6,1,18,4,1198,1,13,7,1,7
2018430319553,1,9,0,18,0,1,0,0,1,0,1,1,6,3,-1,-1,-1,-1,-1,-1,-1,-1
2018430319553,2,9,0,10,0,1,0,0,0,0,2,1,6,2,22,5,1149,1,13,6,1,6
2018430319591,1,9,0,9,0,6,0,0,0,0,1,1,6,2,30,6,1368,1,9,-1,-1,-1
2018430319591,2,9,0,18,0,8,0,0,0,0,4,1,2,2,27,6,1200,1,-1,-1,-1,-1
2018430319601,1,1,0,18,0,1,0,0,0,0,0,1,6,1,26,6,-1,-1,-1,10,1,10
2018430319601,2,9,0,9,0,8,0,0,0,0,0,1,6,3,-1,-1,-1,-1,-1,-1,-1,-1
2018430319619,1,9,0,4,0,0,0,0,0,0,2,1,6,1,46,8,2499,1,8,-1,-1,-1
2018430319619,2,9,0,18,0,0,0,0,0,0,2,1,6,1,-1,-1,1794,1,13,-1,-1,-1
2018430319628,1,9,0,18,0,7,0,0,0,0,1,1,6,1,47,8,1968,2,9,7,3,7
2018430319628,2,9,0,18,0,7,0,0,0,0,2,1,6,1,55,8,1798,8,1,7,3,7
2018430319647,1,9,0,15,0,0,1,10,6,0,1,1,2,1,34,6,1598,2,2,-1,-1,-1