Accident_Index,Vehicle_Reference,Vehicle_Type,Towing_and_Articulation,Vehicle_Manoeuvre,Vehicle_Location-Restricted_Lane,Junction_Location,Skidding_and_Overturning,Hit_Object_in_Carriageway,Vehicle_Leaving_Carriageway,Hit_Object_off_Carriageway,1st_Point_of_Impact,Was_Vehicle_Left_Hand_Drive?,Journey_Purpose_of_Driver,Sex_of_Driver,Age_of_Driver,Age_Band_of_Driver,Engine_Capacity_(CC),Propulsion_Code,Age_of_Vehicle,Driver_IMD_Decile,Driver_Home_Area_Type,Vehicle_IMD_Decile
2018430319647,2,9,0,16,0,0,0,10,1,0,1,1,2,1,58,9,1461,2,7,-1,-1,-1
2018430319659,1,19,0,18,0,0,0,0,0,0,1,1,2,1,41,7,2143,2,4,10,1,10
2018430319659,2,9,0,4,0,0,0,0,0,0,2,1,6,1,37,7,2967,2,7,3,1,3
2018430319659,3,9,0,3,0,0,0,0,0,0,2,1,6,1,51,8,-1,-1,-1,5,1,5
2018430319671,1,9,0,18,0,0,1,0,5,6,1,1,6,2,41,7,1299,1,13,3,1,3
2018430319711,1,9,0,18,0,7,0,0,0,0,1,1,1,2,32,6,1499,2,2,10,1,10
2018430319711,2,9,0,3,0,8,0,0,1,0,2,1,6,2,61,9,1198,1,1,7,3,7
2018430319711,3,9,0,18,0,8,0,0,0,0,1,1,6,1,43,7,1999,1,5,10,1,10
2018430319777,1,9,0,4,0,0,0,0,0,0,2,1,2,1,50,8,989,1,14,4,1,4
2018430319777,2,9,0,3,0,0,0,0,0,0,1,1,2,1,50,8,1870,2,13,5,1,5
2018430319777,3,9,0,18,0,0,0,0,0,0,1,1,2,1,50,8,1995,2,14,2,1,2
2018430319923,1,1,0,18,0,8,0,0,0,0,4,1,2,2,42,7,-1,-1,-1,7,1,7
2018430319923,2,9,0,9,0,6,0,0,0,0,1,1,6,1,-1,-1,-1,-1,-1,-1,-1,-1
2018430319963,1,90,0,5,0,2,0,0,0,0,3,1,1,1,30,6,-1,3,-1,-1,-1,-1
2018430319963,2,9,0,18,0,2,0,0,0,0,4,1,6,2,32,6,1686,2,7,-1,-1,-1
2018430320553,1,5,0,16,0,0,1,0,7,9,1,1,6,1,25,5,599,1,14,2,1,2
2018430320553,2,9,0,17,0,0,0,0,0,0,4,1,6,1,27,6,-1,-1,-1,-1,-1,-1
2018430320799,1,9,0,18,0,4,0,0,0,0,1,1,6,3,-1,-1,1598,2,6,-1,-1,-1
2018430320799,2,5,0,18,0,8,0,0,0,0,1,1,6,1,50,8,1164,1,14,1,1,1
2018430320960,1,9,0,18,2,0,0,0,0,0,1,1,6,2,27,6,1595,1,9,5,-1,5
2018430320960,2,9,0,3,0,0,0,0,0,0,2,1,6,1,29,6,1248,2,5,5,1,5
2018430320960,3,19,0,18,0,0,0,0,0,0,2,1,1,1,43,7,2298,2,2,4,1,4
2018430320960,4,21,0,18,0,0,0,0,0,0,0,1,1,1,-1,-1,-1,-1,-1,-1,-1,-1
2018430321037,1,9,0,18,2,3,0,0,0,0,1,1,6,1,50,8,1598,1,11,2,1,2
2018430321037,2,1,0,18,2,8,0,0,0,0,1,1,6,1,50,8,-1,-1,-1,2,1,2
2018430321141,1,19,0,9,0,8,0,0,0,0,1,1,6,1,-1,-1,1753,2,15,-1,-1,-1
2018430321141,2,9,0,18,0,8,0,0,0,0,1,1,6,2,50,8,998,1,16,6,1,6
2018430321155,1,1,0,9,0,5,0,0,0,0,1,1,6,2,54,8,-1,-1,-1,3,1,3
2018430321155,2,9,0,18,0,8,0,0,0,0,3,1,6,2,49,8,999,1,2,5,1,5
2018430321217,1,9,0,18,0,4,0,0,4,6,1,1,6,1,78,11,2993,2,5,6,1,6
2018430321237,1,19,0,15,0,0,0,0,0,0,1,1,1,1,25,5,2287,2,2,4,1,4
2018430321237,2,9,0,18,0,0,0,0,0,0,1,1,6,1,21,5,1560,2,5,-1,-1,-1
2018430321237,3,9,0,18,0,0,0,0,0,0,1,1,6,1,39,7,-1,-1,-1,6,1,6
2018430321237,4,9,0,18,0,0,0,0,0,0,1,1,6,1,63,9,2000,2,9,10,1,10
2018430321402,1,9,0,17,0,0,2,0,2,1,1,1,2,1,30,6,1086,1,8,7,2,7
2018430321448,1,9,0,18,0,4,0,0,0,0,1,1,6,1,26,6,1753,2,14,2,1,2
2018430321448,2,9,0,9,0,8,0,0,0,0,4,1,6,1,35,6,2143,2,3,5,3,5
2018430321468,1,9,0,9,0,8,0,0,0,0,3,1,2,1,34,6,-1,-1,-1,5,1,5
2018430321468,2,9,0,18,0,1,0,0,0,0,1,1,2,2,24,5,1586,1,3,10,1,10
2018430322228,1,9,0,16,0,0,0,0,1,0,1,1,6,2,70,10,-1,-1,-1,6,3,6
2018430322228,2,9,0,17,0,0,0,0,1,0,1,1,6,2,69,10,1598,2,1,7,3,7
2018430322415,1,9,0,4,0,0,0,0,0,0,4,1,6,2,60,9,-1,-1,-1,-1,-1,-1
2018430322415,2,1,0,18,0,0,0,0,0,0,3,1,6,1,41,7,-1,-1,-1,-1,-1,-1
2018430322475,1,9,0,13,0,0,2,0,0,0,1,1,6,1,37,7,1229,1,6,9,3,9
2018430322475,2,9,0,18,0,0,0,0,1,0,1,1,6,2,45,7,1598,1,14,6,2,6
2018430322545,1,9,0,-1,0,8,0,0,0,0,-1,1,6,3,-1,-1,-1,-1,-1,-1,-1,-1
2018430322545,2,1,0,18,0,8,0,0,0,0,-1,1,6,1,35,6,-1,-1,-1,5,1,5
2018430322563,1,9,0,18,0,1,0,0,0,0,1,1,6,1,45,7,1339,1,16,5,1,5
2018430322595,1,3,0,14,0,0,0,4,0,0,1,1,1,1,21,5,125,1,-1,3,1,3
2018430322595,2,8,0,3,0,0,0,0,0,0,2,1,1,1,57,9,2231,2,9,3,1,3
2018430322595,3,9,0,3,0,0,0,0,0,0,2,1,1,1,34,6,1598,1,14,7,1,7
2018430322623,1,19,0,18,0,1,0,0,0,0,4,1,1,1,40,7,2143,2,2,7,1,7
2018430322623,2,1,0,3,5,1,0,0,0,0,3,1,2,1,51,8,-1,-1,-1,9,3,9
2018430322682,1,9,0,18,0,8,0,0,0,0,4,1,2,2,33,6,-1,-1,-1,6,1,6
2018430322682,2,9,0,18,0,8,0,0,0,0,3,1,2,2,31,6,-1,-1,-1,4,1,4
2018430322722,1,9,0,18,0,2,0,0,0,0,1,1,3,1,41,7,1910,2,10,5,1,5
2018430322732,1,9,0,7,0,6,1,0,1,9,1,1,6,2,77,11,1560,2,9,9,1,9
2018430322732,2,9,2,17,0,8,0,0,0,0,4,1,1,1,36,7,2688,2,16,3,1,3
2018430323302,1,1,0,18,0,0,0,0,0,0,1,1,6,2,55,8,-1,-1,-1,-1,-1,-1
2018430323302,2,9,0,18,0,0,0,0,0,0,1,1,6,1,45,7,1998,8,1,10,1,10
2018430323461,1,9,0,18,0,0,1,0,0,0,3,1,6,1,29,6,1995,1,15,10,1,10
2018430323532,1,9,0,13,0,8,0,0,0,0,1,1,6,3,-1,-1,-1,-1,-1,-1,-1,-1
2018430323532,2,9,0,18,0,8,0,0,0,0,1,1,6,1,55,8,1968,2,8,7,1,7
2018430323544,1,9,0,9,0,2,0,0,0,0,1,1,6,3,-1,-1,-1,-1,-1,-1,-1,-1
2018430323544,2,1,0,18,0,8,0,0,0,0,4,1,6,1,49,8,-1,-1,-1,9,3,9
2018430323640,1,9,0,18,0,4,0,0,0,0,3,1,6,1,44,7,1399,1,2,6,1,6
2018430323640,2,5,0,18,0,4,0,0,0,0,1,1,6,1,21,5,599,1,7,10,1,10
2018430323644,1,9,0,18,0,6,0,0,0,0,1,1,6,2,31,6,1968,2,9,3,1,3
2018430323644,2,9,0,18,0,8,0,0,0,0,4,1,6,1,56,9,1364,2,12,6,1,6
2018430323657,1,9,0,18,0,1,0,0,0,0,1,1,2,1,51,8,2967,2,1,8,3,8
2018430323657,2,9,0,4,0,1,0,0,0,0,2,1,6,2,52,8,998,1,-1,-1,-1,-1
2018430323657,3,9,0,18,0,1,0,0,0,0,3,1,6,2,45,7,1499,1,3,8,3,8
2018430323659,1,9,0,18,0,0,0,0,0,0,3,1,6,1,50,8,1995,2,4,7,1,7
2018430323659,2,11,0,18,0,0,0,0,0,0,3,1,1,3,-1,-1,-1,-1,-1,-1,-1,-1
2018430323669,1,9,0,-1,0,4,0,0,0,0,1,1,6,1,40,7,1598,1,8,10,1,10
2018430323669,2,1,0,18,0,8,0,0,0,0,1,1,6,1,57,9,-1,-1,-1,6,1,6
2018430323686,1,9,0,11,0,0,0,0,5,6,3,1,6,1,33,6,1360,1,14,6,1,6
2018430323686,2,9,0,15,0,0,0,0,0,0,0,1,6,3,-1,-1,-1,-1,-1,-1,-1,-1
2018430323705,1,19,4,11,0,1,0,0,0,0,4,1,6,3,-1,-1,2499,2,1,-1,-1,-1
2018430323705,2,9,4,18,0,1,0,0,0,0,3,1,6,1,38,7,1400,1,12,8,1,8
2018430323714,1,9,0,9,0,6,0,0,0,0,3,1,6,1,35,6,1349,1,8,5,1,5
2018430323714,2,1,0,7,0,8,0,0,0,0,1,1,2,1,42,7,-1,-1,-1,10,1,10
2018430323782,1,9,0,18,0,2,0,0,0,0,1,1,6,1,41,7,-1,-1,-1,-1,-1,-1
2018430323782,2,9,0,18,0,2,0,0,0,0,2,1,6,2,50,8,1388,1,12,3,1,3
2018430324088,1,9,0,17,0,8,0,0,0,0,1,1,2,2,18,4,998,1,8,10,1,10
2018430324088,2,1,0,16,0,8,0,0,0,0,1,1,2,1,45,7,-1,-1,-1,10,1,10
2018430324228,1,9,0,9,0,6,0,0,0,0,3,1,1,1,41,7,2143,12,4,2,1,2
2018430324228,2,4,0,18,0,1,0,0,0,0,1,1,6,2,33,6,998,1,14,1,1,1
2018430324590,1,9,0,2,0,0,0,0,0,0,3,1,6,1,40,7,1968,2,10,6,1,6
2018430324590,2,1,0,18,0,0,0,0,0,0,1,1,6,1,24,5,-1,-1,-1,4,1,4
2018430324684,1,9,0,18,0,0,0,4,0,0,1,1,6,1,36,7,1995,2,4,3,1,3
2018430324684,2,9,0,2,0,0,0,0,0,0,4,1,6,1,-1,-1,1968,2,11,-1,-1,-1
2018430324684,3,9,0,9,0,0,0,0,0,0,0,1,6,3,-1,-1,-1,-1,-1,-1,-1,-1
2018430324746,1,9,0,18,0,0,0,0,0,0,1,1,6,2,82,11,1299,1,18,10,1,10
2018430324746,2,1,0,18,0,0,0,0,0,0,2,1,4,1,11,3,-1,-1,-1,10,1,10
2018430324846,1,9,0,18,0,1,0,0,0,0,1,1,6,2,-1,-1,-1,-1,-1,-1,-1,-1
2018430324846,2,9,0,10,0,1,0,0,0,0,2,1,6,2,19,4,1299,1,12,10,3,10
2018430324894,1,9,0,18,0,0,0,0,0,0,1,1,6,2,57,9,1461,2,8,-1,-1,-1
2018430324894,2,9,0,3,0,0,0,0,0,0,2,1,6,1,37,7,998,1,19,-1,-1,-1
2018430324894,3,9,0,3,0,0,0,0,0,0,2,1,6,1,20,4,999,1,2,-1,-1,-1
2018430325002,1,9,0,16,0,0,0,0,7,4,1,1,6,1,18,4,1242,1,11,7,2,7
2018430325330,1,9,0,9,0,4,0,0,0,0,3,1,6,2,75,10,1390,1,12,10,3,10
2018430325330,2,1,0,18,0,8,0,0,0,0,1,1,6,2,45,7,-1,-1,-1,10,1,10
2018430325447,1,3,0,18,0,8,1,0,0,0,1,1,6,1,40,7,124,1,4,3,1,3
2018430325447,2,9,0,18,0,8,0,0,0,0,1,1,6,1,25,5,-1,3,-1,3,1,3
2018430325550,1,19,0,18,0,6,0,0,0,0,1,1,1,1,29,6,1598,2,6,7,1,7
2018430325550,2,9,0,18,0,8,0,0,0,0,3,1,6,1,24,5,1753,2,17,5,1,5
2018430325550,3,9,0,18,0,8,0,0,0,0,1,1,6,1,58,9,3222,2,15,10,1,10
2018430325701,1,9,0,9,0,6,0,0,0,0,3,1,1,1,29,6,1968,2,1,9,1,9
2018430325701,2,9,0,14,0,1,0,0,0,0,1,1,6,1,22,5,999,1,4,6,1,6
2018430325770,1,9,0,18,0,2,0,0,0,0,1,1,6,1,22,5,2993,2,6,8,1,8
2018430325824,1,9,0,5,0,1,0,0,0,0,1,1,6,3,-1,-1,-1,-1,-1,-1,-1,-1
2018430325824,2,1,0,18,0,8,0,0,0,0,3,1,4,1,16,4,-1,-1,-1,10,1,10
2018430325933,1,9,0,9,0,5,0,0,0,0,4,1,2,2,54,8,-1,-1,-1,10,1,10
2018430325933,2,1,0,18,0,8,0,0,0,0,1,1,6,1,59,9,-1,-1,-1,9,1,9
2018430325953,1,1,0,18,0,1,0,0,0,0,1,1,2,2,37,7,-1,-1,-1,4,1,4
2018430325953,2,9,0,18,0,1,0,0,0,0,3,1,6,1,45,7,1685,2,3,9,2,9
2018430326128,1,9,0,16,0,1,0,0,0,0,3,1,1,1,39,7,1582,2,6,3,1,3
2018430326147,1,9,0,4,0,2,0,0,1,0,2,1,6,1,31,6,898,1,5,-1,-1,-1
2018430326147,2,9,0,18,0,1,0,0,0,0,1,1,6,3,-1,-1,-1,-1,-1,-1,-1,-1
2018430326206,1,4,0,18,0,8,0,0,0,0,1,1,6,1,25,5,798,1,1,6,1,6
2018430326206,2,9,0,4,0,8,0,0,0,0,2,1,6,2,22,5,998,1,2,3,1,3
2018430326211,1,9,0,7,0,6,0,0,0,0,3,1,6,1,27,6,-1,-1,-1,9,1,9
2018430326211,2,5,0,18,0,1,0,0,0,0,1,1,6,1,52,8,773,1,1,10,1,10
2018430326910,1,21,0,18,0,1,0,0,0,0,1,1,1,1,36,7,6700,2,2,3,1,3
2018430326910,2,9,0,9,0,8,0,0,0,0,2,1,2,2,25,5,998,1,1,4,1,4
2018430326930,1,9,0,-1,0,8,0,0,0,0,0,1,6,1,-1,-1,1598,2,6,-1,-1,-1
2018430326930,2,1,0,18,0,8,0,0,0,0,0,1,6,2,55,8,-1,-1,-1,9,1,9
2018430326951,1,11,0,18,0,0,0,0,0,0,4,1,1,1,50,8,-1,-1,-1,-1,-1,-1
2018430326980,1,9,0,9,0,6,0,0,0,0,1,1,2,2,20,4,998,1,-1,-1,-1,-1
2018430326980,2,9,0,18,0,1,5,0,0,0,4,1,6,1,27,6,1390,1,7,7,2,7
2018430326982,1,9,0,18,0,0,0,0,0,0,1,1,6,3,-1,-1,-1,-1,-1,-1,-1,-1
2018430326982,2,5,0,18,0,0,0,0,0,0,2,1,6,2,45,7,649,1,10,7,1,7
2018430326985,1,9,0,1,0,2,0,0,0,0,2,1,6,2,41,7,1799,1,11,10,1,10
2018430327036,1,19,0,18,0,0,0,0,0,0,1,1,6,1,30,6,2198,2,6,6,1,6
2018430327036,2,19,0,2,0,0,0,0,0,0,2,1,6,1,61,9,2143,2,1,6,1,6
2018430327048,1,9,0,18,0,0,0,0,0,0,1,1,6,1,-1,-1,1797,8,8,5,1,5
2018430327048,2,9,0,4,0,0,0,0,0,0,2,1,6,1,40,7,-1,-1,-1,-1,-1,-1
2018430327048,3,9,0,4,0,0,0,0,0,0,2,1,6,1,-1,-1,1995,2,3,5,1,5
2018430327074,1,5,0,17,0,2,1,11,1,0,1,1,6,1,51,8,1250,1,18,10,2,10
2018430327080,1,9,0,18,0,0,0,0,0,0,4,1,3,2,36,7,1991,2,9,4,1,4
2018430327080,2,1,0,18,0,0,0,0,0,0,1,1,6,1,12,3,-1,-1,-1,2,1,2
2018430327150,1,1,0,18,0,0,0,0,0,0,1,1,6,1,57,9,-1,-1,-1,7,1,7
2018430327150,2,9,0,18,0,0,0,0,0,0,0,1,2,2,49,8,1248,1,6,9,1,9
2018430327162,1,9,0,9,0,6,0,0,0,0,4,1,6,2,31,6,-1,-1,-1,6,3,6
2018430327162,2,9,0,18,0,8,0,0,0,0,1,1,1,1,45,7,-1,-1,-1,10,1,10
2018430327176,1,9,0,18,0,8,1,0,7,4,1,1,6,1,58,9,1598,1,17,4,1,4
2018430327176,2,9,0,18,0,1,0,0,0,0,0,1,1,1,41,7,1598,2,1,-1,-1,-1
2018430327240,1,9,0,17,0,0,2,0,7,9,1,1,2,1,23,5,1242,1,12,8,1,8
2018430327462,1,9,0,18,0,0,0,0,0,0,4,1,6,1,-1,-1,-1,-1,-1,-1,-1,-1
2018430327551,1,9,0,7,0,6,0,10,0,0,1,1,2,2,26,6,1398,1,1,10,2,10
2018430327551,2,9,0,18,0,1,0,0,0,0,1,1,2,2,49,8,1968,2,10,9,3,9
2018430327859,1,9,0,18,0,0,0,0,0,0,3,1,1,1,37,7,1968,2,-1,3,1,3
2018430328194,1,9,0,7,0,4,0,0,0,0,1,1,6,1,48,8,1968,2,2,6,2,6
2018430328194,2,1,0,18,0,8,0,0,0,0,4,1,6,1,48,8,-1,-1,-1,10,3,10
2018430328360,1,9,0,18,0,6,0,0,0,0,1,1,6,1,41,7,1896,2,9,10,1,10
2018430328360,2,9,0,18,0,8,0,0,0,0,4,1,6,1,50,8,1968,2,3,9,3,9
2018430328360,3,9,0,18,0,8,0,0,0,0,1,1,6,1,53,8,2993,2,10,7,3,7
2018430328625,1,9,0,16,0,0,1,0,1,0,1,1,6,1,22,5,1968,1,13,8,1,8
2018430328625,2,9,0,18,0,0,0,0,1,0,1,1,6,2,34,6,1796,1,8,5,1,5
2018430328905,1,9,0,17,0,0,2,0,1,4,4,1,6,1,27,6,1988,1,14,9,1,9
2018430328908,1,9,0,1,0,0,0,0,0,0,2,1,6,2,29,6,998,1,11,8,2,8
2018430328965,1,9,0,16,0,0,2,0,7,4,2,1,6,1,19,4,1198,1,11,7,3,7
2018430329058,1,9,0,9,0,5,0,0,0,0,3,1,6,2,27,6,1242,1,3,10,1,10
2018430329058,2,5,0,18,0,1,0,0,0,0,1,1,6,1,55,8,1690,1,4,10,1,10
2018430329403,1,9,0,9,0,8,0,0,0,0,1,1,6,1,32,6,1995,1,7,2,1,2
2018430329403,2,9,0,18,0,8,0,0,0,0,1,1,2,2,33,6,1598,2,6,6,-1,6
2018430329571,1,9,0,18,0,0,0,0,0,0,1,1,6,2,22,5,1461,2,4,10,1,10
2018430329571,2,9,0,18,0,0,0,0,5,6,2,1,6,1,43,7,1587,1,16,10,1,10
2018430329589,1,9,0,18,0,0,0,0,0,0,1,1,6,2,19,4,1598,1,10,10,3,10
2018430329589,2,9,0,18,0,0,0,0,0,0,1,1,2,1,53,8,1896,2,14,7,1,7
2018430329590,1,19,0,18,0,0,0,0,0,0,4,1,1,1,48,8,2287,2,6,4,1,4
2018430329609,1,9,0,18,0,0,0,0,0,0,4,1,6,3,-1,-1,-1,-1,-1,-1,-1,-1
2018430329609,2,9,0,18,0,0,0,0,0,0,3,1,6,2,46,8,1598,1,14,-1,-1,-1
2018430329626,1,9,0,18,0,8,0,0,0,0,1,1,6,2,70,10,998,1,1,6,2,6
2018430329626,2,19,0,5,0,8,0,0,0,0,3,1,6,1,28,6,-1,-1,-1,-1,-1,-1
2018430329627,1,9,0,9,0,8,0,0,0,0,3,1,6,1,24,5,1596,1,16,4,1,4
2018430329627,2,19,0,18,0,8,0,0,0,0,1,1,6,1,23,5,1560,2,2,4,1,4
2018430329709,1,1,0,18,4,0,0,0,0,0,1,1,6,2,57,9,-1,-1,-1,-1,-1,-1
2018430329717,1,9,0,9,0,5,0,0,0,0,1,1,6,1,88,11,1198,1,7,9,2,9
2018430329717,2,9,0,18,0,8,0,0,0,0,1,1,6,2,50,8,1984,1,16,7,3,7
2018430329891,1,19,0,9,0,8,0,0,7,0,4,1,1,1,41,7,1998,2,13,6,1,6
2018430329891,2,9,0,18,0,1,1,0,1,2,1,1,6,1,45,7,1686,2,4,5,1,5
2018430330120,1,9,0,9,0,0,1,0,1,1,1,1,6,1,18,4,1299,1,12,7,3,7
2018430330284,1,9,0,18,0,0,0,0,0,0,1,1,2,2,72,10,3498,1,13,7,3,7
2018430330284,2,1,0,18,0,0,0,0,0,0,2,1,2,1,52,8,-1,-1,-1,9,1,9
2018430330417,1,19,0,18,0,6,0,0,3,10,1,1,6,3,-1,-1,2402,2,14,-1,-1,-1
2018430330417,2,19,0,18,0,8,5,0,0,0,4,1,1,1,55,8,1560,2,4,1,1,1
2018430330417,3,9,0,18,0,8,0,0,0,0,1,1,6,2,28,6,1997,2,9,10,1,10
2018430330614,1,19,0,7,9,6,0,0,0,0,4,1,1,1,30,6,1753,2,11,10,1,10
2018430330614,2,1,0,18,9,8,0,0,0,0,1,1,1,2,57,9,-1,-1,-1,6,1,6
2018430330795,1,9,0,7,0,3,0,0,0,0,1,1,6,1,68,10,1997,2,6,10,1,10
2018430330795,2,1,0,18,0,2,0,0,0,0,2,1,6,1,55,8,-1,-1,-1,-1,-1,-1
2018430330809,1,9,0,18,0,4,0,0,0,0,0,1,6,3,-1,-1,-1,-1,-1,-1,-1,-1
2018430330809,2,1,0,18,0,4,0,0,0,0,0,1,2,1,33,6,-1,-1,-1,-1,-1,-1
2018430330822,1,21,1,18,0,0,0,0,0,0,1,1,1,1,56,9,12777,2,4,3,1,3
2018430330822,2,17,0,18,0,0,0,0,1,9,2,1,1,1,29,6,4485,2,5,8,3,8
2018430330899,1,1,0,18,9,0,0,0,0,0,1,1,6,1,15,3,-1,-1,-1,-1,-1,-1
2018430330899,2,1,0,18,0,0,0,0,0,0,1,1,6,1,72,10,-1,-1,-1,-1,-1,-1
2018430330925,1,9,0,18,0,0,0,0,0,0,3,1,1,2,33,6,2198,2,12,3,1,3
2018430330925,2,20,1,18,0,0,1,0,1,0,3,1,1,1,60,9,-1,-1,-1,8,1,8
2018430331064,1,9,0,18,0,1,0,0,0,0,1,1,6,1,24,5,1686,2,12,-1,-1,-1
2018430331064,2,9,0,3,0,1,0,0,0,0,2,1,6,2,54,8,1242,1,5,5,1,5
2018430331603,1,9,0,6,0,1,0,0,1,2,1,1,6,2,70,10,1582,2,8,10,2,10
2018430331603,2,9,0,18,0,1,0,0,0,0,1,1,6,2,63,9,1198,1,5,3,1,3
2018430331731,1,9,0,7,0,6,0,0,0,0,1,1,6,2,46,8,1598,2,5,5,3,5
2018430331731,2,1,0,18,5,8,0,0,0,0,3,1,6,2,27,6,-1,-1,-1,8,1,8
2018430331781,1,19,0,9,0,5,0,0,0,0,1,1,2,1,42,7,-1,-1,-1,9,1,9
2018430331781,2,9,0,18,0,8,0,0,0,0,3,1,3,2,36,7,-1,-1,-1,9,2,9
2018430331988,1,9,0,18,0,0,0,0,0,0,1,1,6,1,51,8,1198,1,4,2,1,2
2018430331988,2,9,0,18,0,0,5,0,1,0,1,1,6,2,67,10,-1,-1,-1,4,1,4
2018430331996,1,9,0,18,0,4,0,0,0,0,1,1,6,1,28,6,1596,1,12,10,1,10
2018430331996,2,1,0,18,0,8,0,0,0,0,4,1,6,1,48,8,-1,-1,-1,10,1,10
2018430332023,1,20,0,18,0,0,0,0,0,0,1,1,1,1,41,7,12777,2,6,2,1,2
2018430332023,2,9,0,12,0,0,0,0,4,6,2,1,6,2,53,8,1598,2,4,10,1,10
2018430332026,1,9,0,4,0,0,0,0,0,0,2,1,1,1,33,6,2400,2,4,6,3,6
2018430332026,2,21,1,18,0,0,0,0,0,0,1,1,1,1,61,9,12777,2,8,4,1,4
2018430332026,3,9,0,4,0,0,0,0,0,0,2,1,6,1,68,10,1968,2,6,-1,-1,-1
2018430332082,1,9,0,18,0,0,0,0,0,0,3,1,6,3,-1,-1,-1,-1,-1,-1,-1,-1
2018430332082,2,9,0,18,0,0,0,0,0,0,3,1,6,2,51,8,1968,2,2,8,1,8
2018430332123,1,11,0,7,0,3,0,0,0,0,3,1,1,1,29,6,4461,2,5,10,1,10
2018430332123,2,9,0,7,0,3,0,0,0,0,4,1,2,1,30,6,2495,2,28,4,1,4
2018430332132,1,1,0,18,0,8,0,0,0,0,3,1,1,1,32,6,-1,-1,-1,4,1,4
2018430332132,2,9,0,7,0,8,0,0,0,0,1,1,1,1,40,7,-1,-1,-1,-1,-1,-1
2018430332193,1,9,0,18,0,2,0,0,7,11,1,1,6,2,77,11,1598,2,8,10,1,10
2018430332247,1,9,0,9,0,6,0,0,0,0,1,1,6,1,40,7,-1,-1,-1,-1,-1,-1
2018430332247,2,1,0,18,0,8,0,0,0,0,4,1,1,2,58,9,-1,-1,-1,6,1,6
2018430332297,1,9,0,7,0,1,0,0,0,0,1,1,6,1,-1,-1,-1,-1,-1,-1,-1,-1
2018430332297,2,19,0,18,0,1,0,0,0,0,2,1,2,1,20,4,2198,2,3,-1,-1,-1
2018430332612,1,9,0,9,0,4,0,0,0,0,3,1,3,2,52,8,1597,2,1,5,1,5
2018430332612,2,1,0,18,0,8,0,0,0,0,1,1,6,1,55,8,-1,-1,-1,5,1,5
2018430332919,1,9,0,17,0,0,0,0,0,0,1,1,6,1,79,11,1198,1,9,5,1,5
2018430332940,1,9,0,9,0,5,0,0,0,0,3,1,6,1,70,10,1995,2,2,8,1,8
2018430332940,2,5,0,18,0,8,0,0,0,0,1,1,6,1,21,5,696,1,7,-1,-1,-1
2018430333036,1,19,0,18,0,0,0,0,7,0,1,1,6,2,49,8,1753,2,12,-1,-1,-1
2018430333108,1,9,0,9,0,3,0,0,0,0,1,1,6,1,29,6,1364,1,4,7,1,7
2018430333108,2,1,0,18,0,3,0,0,0,0,1,1,6,1,24,5,-1,-1,-1,5,1,5
2018430333275,1,9,0,1,0,8,0,0,0,0,1,1,6,2,66,10,2460,2,12,7,1,7
2018430333291,1,9,0,18,0,6,0,0,0,0,1,1,6,1,50,8,-1,-1,-1,-1,-1,-1
2018430333291,2,9,0,18,0,5,0,0,0,0,1,1,6,2,22,5,999,1,9,8,1,8
2018430333504,1,9,0,18,0,0,0,0,0,0,3,1,6,2,45,7,1390,1,15,-1,-1,-1
2018430333504,2,1,0,18,0,0,0,0,0,0,4,1,6,1,42,7,-1,-1,-1,-1,-1,-1
2018430333661,1,9,0,18,0,1,0,0,0,0,1,1,6,3,-1,-1,-1,-1,-1,-1,-1,-1
2018430334092,1,1,0,18,0,0,1,0,0,0,1,1,1,1,51,8,-1,-1,-1,7,1,7
2018430334092,2,9,0,18,0,0,0,0,0,0,3,1,3,2,44,7,-1,-1,-1,3,1,3
2018430334141,1,9,0,18,0,0,1,0,5,7,3,1,6,1,50,8,5167,1,29,6,3,6
2018430334194,1,9,0,17,0,8,0,0,0,0,1,1,2,1,43,7,2204,2,11,8,1,8
2018430334194,2,9,0,16,0,8,0,0,0,0,1,1,6,1,48,8,1995,2,4,10,1,10
2018430334394,1,9,0,18,0,0,0,0,0,0,1,1,6,1,62,9,1997,2,4,-1,-1,-1
2018430334502,1,9,0,9,0,1,0,0,0,0,1,1,6,1,26,6,1124,1,17,3,1,3
2018430334502,2,1,0,18,0,8,0,0,0,0,3,1,6,2,46,8,-1,-1,-1,1,1,1
2018430334505,1,9,0,18,0,0,0,0,0,0,1,1,6,2,58,9,1997,2,1,8,1,8
2018430334505,2,8,0,2,0,0,0,0,0,0,1,1,6,1,59,9,-1,-1,-1,4,1,4
2018430334505,3,9,0,18,0,0,0,0,0,0,2,1,6,1,30,6,-1,-1,-1,-1,-1,-1
2018430334505,4,9,0,2,0,0,0,0,0,0,3,1,6,3,-1,-1,-1,-1,-1,-1,-1,-1
2018430334528,1,9,0,18,0,0,0,0,0,0,1,1,2,1,28,6,-1,-1,-1,-1,-1,-1
2018430334528,2,9,0,3,0,0,0,0,0,0,2,1,2,1,44,7,1598,2,1,-1,-1,-1
2018430334537,1,9,0,18,0,0,1,0,0,0,1,1,6,1,58,9,2616,1,10,8,3,8
2018430334537,2,1,0,18,0,0,0,0,0,0,2,1,3,2,27,6,-1,-1,-1,7,3,7