Accident_Index,Vehicle_Reference,Vehicle_Type,Towing_and_Articulation,Vehicle_Manoeuvre,Vehicle_Location-Restricted_Lane,Junction_Location,Skidding_and_Overturning,Hit_Object_in_Carriageway,Vehicle_Leaving_Carriageway,Hit_Object_off_Carriageway,1st_Point_of_Impact,Was_Vehicle_Left_Hand_Drive?,Journey_Purpose_of_Driver,Sex_of_Driver,Age_of_Driver,Age_Band_of_Driver,Engine_Capacity_(CC),Propulsion_Code,Age_of_Vehicle,Driver_IMD_Decile,Driver_Home_Area_Type,Vehicle_IMD_Decile
2018430334556,1,4,0,18,0,1,0,0,0,0,1,1,6,1,25,5,125,1,6,10,1,10
2018430334556,2,9,0,3,0,1,0,0,0,0,2,1,6,2,37,7,1461,2,6,9,1,9
2018430334566,1,4,0,18,0,0,1,0,0,0,1,1,6,1,48,8,649,1,12,4,1,4
2018430334566,2,9,0,3,0,0,0,0,0,0,2,1,6,2,25,5,-1,-1,-1,5,1,5
2018430334571,1,9,0,1,0,6,0,0,0,0,4,1,6,1,29,6,1896,2,17,6,1,6
2018430334571,2,1,0,18,0,8,0,0,0,0,1,1,6,1,55,8,-1,-1,-1,10,1,10
2018430334579,1,9,0,9,0,5,0,0,0,0,1,1,6,2,39,7,1560,2,5,4,1,4
2018430334579,2,9,0,18,0,8,0,0,1,1,3,1,6,1,35,6,1390,1,8,3,1,3
2018430334579,3,9,0,2,0,2,0,0,0,0,4,1,6,3,-1,-1,1995,2,11,4,1,4
2018430334604,1,9,0,18,0,1,0,0,0,0,1,1,2,2,40,7,1395,1,2,10,1,10
2018430334604,2,9,0,4,0,1,0,0,0,0,2,1,2,2,44,7,1995,2,7,4,1,4
2018430334617,1,19,0,18,0,1,0,4,1,0,1,1,6,1,73,10,1896,2,17,3,1,3
2018430334617,2,9,0,2,0,2,0,0,0,0,3,1,6,3,-1,-1,-1,-1,-1,-1,-1,-1
2018430334619,1,9,0,18,0,0,1,0,0,0,1,1,2,2,40,7,1968,2,5,9,3,9
2018430334619,2,9,0,3,0,0,0,0,0,0,2,1,6,1,54,8,1968,2,3,8,3,8
2018430334619,3,9,0,3,0,0,0,0,0,0,2,1,6,1,43,7,1997,2,11,9,1,9
2018430334619,4,19,0,3,0,0,0,0,0,0,2,1,6,1,31,6,1686,2,8,1,1,1
2018430334650,1,9,0,18,0,0,0,0,0,0,1,1,3,2,47,8,1600,1,7,10,3,10
2018430334668,1,21,0,18,0,0,0,0,0,0,1,1,1,1,42,7,5193,2,4,8,1,8
2018430334668,2,21,1,4,0,0,0,0,0,0,2,1,1,1,55,8,10677,2,3,4,1,4
2018430334717,1,9,0,9,0,6,0,0,0,0,1,1,6,1,28,6,-1,-1,-1,5,1,5
2018430334733,1,98,0,18,0,0,0,0,0,0,1,1,6,1,-1,-1,-1,-1,-1,3,1,3
2018430334733,2,19,0,3,0,0,0,0,0,0,2,1,6,1,21,5,2198,2,2,8,1,8
2018430334785,1,9,0,5,0,8,0,0,0,0,3,1,6,1,50,8,1968,2,5,5,1,5
2018430335366,1,19,0,18,0,0,0,0,0,0,3,1,2,1,39,7,-1,-1,-1,9,2,9
2018430335366,2,11,0,5,0,0,0,0,0,0,0,1,1,1,38,7,4461,2,5,4,1,4
2018430335649,1,9,0,9,0,6,0,0,0,0,1,1,1,1,38,7,1798,8,2,3,1,3
2018430335672,1,9,0,5,0,0,0,0,0,0,3,1,6,1,35,6,1796,1,11,9,3,9
2018430335672,2,9,0,18,0,0,0,0,7,4,1,1,6,1,47,8,998,1,14,-1,-1,-1
2018430336107,1,5,0,16,0,0,1,0,7,4,4,1,6,1,53,8,-1,-1,-1,10,3,10
2018430336305,1,19,0,16,0,0,0,0,0,0,1,1,6,1,48,8,1995,2,-1,5,1,5
2018430336305,2,9,0,17,0,0,0,0,1,11,1,1,6,2,32,6,999,1,8,4,1,4
2018430336305,3,9,0,17,0,0,0,0,0,0,1,1,6,1,72,10,2143,2,4,8,1,8
2018430336413,1,9,0,18,0,8,1,0,0,0,1,1,1,1,32,6,1991,8,1,9,1,9
2018430336413,2,1,0,18,0,1,0,0,0,0,3,1,6,1,13,3,-1,-1,-1,2,1,2
2018430336865,1,9,0,18,0,0,0,0,0,0,1,1,6,3,-1,-1,1968,2,2,-1,-1,-1
2018430337272,1,5,0,13,0,8,0,0,0,0,1,1,2,1,37,7,599,1,11,6,1,6
2018430337272,2,19,0,9,0,5,0,0,0,0,3,1,1,1,32,6,2198,2,7,10,1,10
2018430337275,1,9,0,7,0,6,0,0,0,0,1,1,6,2,24,5,1248,2,5,5,1,5
2018430337275,2,9,0,18,0,1,0,0,0,0,4,1,6,1,17,4,999,1,6,3,1,3
2018430337310,1,9,0,9,0,6,0,0,0,0,3,1,6,1,34,6,1598,2,6,9,3,9
2018430337310,2,5,0,18,0,8,0,0,0,0,1,1,6,1,39,7,649,1,4,8,3,8
2018430337321,1,19,0,9,0,6,0,0,0,0,3,1,1,1,43,7,1598,2,2,10,3,10
2018430337321,2,5,0,16,0,1,1,0,0,0,1,1,6,1,43,7,1450,1,12,7,1,7
2018430337360,1,9,0,17,0,0,1,0,1,4,1,1,6,1,19,4,1149,1,8,5,1,5
2018430337376,1,9,0,18,0,0,0,0,0,0,1,1,6,1,35,6,1995,2,10,5,1,5
2018430337376,2,9,0,4,0,0,0,0,0,0,2,1,6,1,26,6,1560,2,1,7,1,7
2018430337376,3,9,0,4,0,0,0,0,0,0,2,1,6,2,41,7,2987,2,3,6,3,6
2018430337399,1,9,0,9,0,6,0,0,0,0,3,1,6,1,79,11,-1,-1,-1,8,2,8
2018430337399,2,9,0,18,0,8,0,0,0,0,1,1,6,2,30,6,-1,-1,-1,8,2,8
2018430337429,1,9,0,18,0,4,0,0,0,0,1,1,6,2,-1,-1,-1,-1,-1,-1,-1,-1
2018430337429,2,9,0,18,0,8,0,0,0,0,4,1,6,1,22,5,-1,-1,-1,-1,-1,-1
2018430337436,1,9,0,18,0,0,2,0,1,7,1,1,6,1,36,7,2143,2,2,4,-1,4
2018430337476,1,9,0,13,0,0,0,0,0,0,0,1,6,3,-1,-1,-1,-1,-1,-1,-1,-1
2018430337476,2,1,0,18,0,0,0,0,0,0,0,1,6,1,30,6,-1,-1,-1,8,1,8
2018430337488,1,9,0,10,0,1,0,0,0,0,2,1,3,2,38,7,1685,2,7,10,1,10
2018430337488,2,9,0,18,0,1,0,0,0,0,1,1,6,1,22,5,1395,1,1,-1,-1,-1
2018430337551,1,9,0,13,0,0,0,0,0,0,0,1,6,2,50,8,1995,2,5,10,3,10
2018430337551,2,1,0,18,0,0,0,0,0,0,0,1,6,1,43,7,-1,-1,-1,9,1,9
2018430337915,1,9,0,18,0,0,0,0,1,0,1,1,6,2,25,5,1984,1,19,9,1,9
2018430337935,1,9,0,18,0,0,0,0,0,0,1,1,6,1,-1,-1,-1,-1,-1,-1,-1,-1
2018430337935,2,1,0,18,0,0,0,0,0,0,1,1,6,1,27,6,-1,-1,-1,-1,-1,-1
2018430337983,1,9,0,18,0,0,0,0,0,0,3,1,6,1,74,10,1587,1,8,10,1,10
2018430338092,1,21,1,11,0,0,0,0,0,0,1,1,6,1,62,9,12809,2,2,5,1,5
2018430338092,2,9,0,18,0,0,0,0,2,7,3,1,6,2,20,4,-1,-1,-1,3,1,3
2018430338092,3,21,1,18,0,0,0,0,0,0,1,1,1,1,33,6,10837,2,7,-1,-1,-1
2018430338184,1,9,0,14,0,8,0,0,0,0,1,1,6,2,43,7,2720,2,13,5,1,5
2018430338283,1,9,0,18,0,1,0,0,0,0,1,1,6,1,36,7,1598,1,15,3,1,3
2018430338283,2,9,0,4,0,1,0,0,0,0,2,1,6,1,59,9,1229,1,7,9,1,9
2018430338283,3,9,0,4,0,1,0,0,0,0,2,1,6,1,30,6,1998,1,4,9,1,9
2018430338283,4,9,0,4,0,1,0,0,0,0,2,1,6,1,30,6,1596,1,14,9,1,9
2018430338346,1,9,0,12,0,1,1,0,0,0,1,1,2,1,-1,-1,-1,-1,-1,-1,-1,-1
2018430338346,2,9,0,4,0,1,0,0,0,0,2,1,6,1,40,7,-1,-1,-1,-1,-1,-1
2018430338512,1,9,0,12,0,0,0,0,0,0,3,1,2,1,53,8,1968,2,2,2,1,2
2018430338512,2,9,0,16,0,0,0,0,0,0,4,1,2,1,26,6,1364,1,3,10,1,10
2018430338513,1,9,0,18,0,1,0,0,0,0,1,1,6,2,27,6,1995,2,1,8,1,8
2018430338513,2,9,0,3,0,1,0,0,0,0,2,1,6,2,29,6,1995,2,7,4,1,4
2018430338514,1,9,0,18,0,6,0,0,0,0,3,1,6,1,79,11,1240,1,15,-1,-1,-1
2018430338514,2,1,0,18,0,8,0,0,0,0,1,1,1,1,44,7,-1,-1,-1,-1,-1,-1
2018430338517,1,9,0,18,0,2,0,0,0,0,1,1,1,2,41,7,1984,1,-1,10,3,10
2018430338521,1,9,0,7,0,6,0,0,0,0,3,1,6,2,27,6,1598,2,5,3,1,3
2018430338521,2,9,0,18,0,1,0,0,0,0,3,1,6,3,-1,-1,-1,-1,-1,-1,-1,-1
2018430338531,1,9,0,18,0,1,0,0,0,0,1,1,6,2,27,6,1995,2,1,8,1,8
2018430338531,2,9,0,3,0,1,0,0,0,0,2,1,6,2,29,6,-1,-1,-1,-1,-1,-1
2018430338538,1,9,0,18,0,0,2,0,1,1,1,1,2,2,19,4,1399,2,9,6,2,6
2018430338552,1,9,0,7,0,0,0,0,0,0,0,1,6,1,-1,-1,1395,1,-1,-1,-1,-1
2018430338552,2,1,0,18,4,0,0,0,0,0,0,1,6,2,47,8,-1,-1,-1,9,1,9
2018430338561,1,9,0,7,0,6,0,0,0,0,1,1,6,2,50,8,1329,1,6,8,1,8
2018430338561,2,3,0,18,0,1,0,0,0,0,4,1,6,1,20,4,125,1,3,7,1,7
2018430338649,1,9,0,18,0,0,0,0,0,0,0,1,6,3,-1,-1,-1,-1,-1,-1,-1,-1
2018430338649,2,1,0,18,0,0,0,0,0,0,0,1,2,1,55,8,-1,-1,-1,-1,-1,-1
2018430338715,1,9,0,18,0,1,0,0,0,0,1,1,6,2,40,7,1560,2,10,-1,-1,-1
2018430338715,2,9,0,8,0,1,0,0,0,0,2,1,6,1,45,7,1399,2,9,7,1,7
2018430338843,1,9,0,16,0,0,5,0,7,4,1,1,2,1,18,4,1248,2,3,10,1,10
2018430338985,1,3,0,18,0,0,1,0,0,0,1,1,6,1,18,4,125,1,15,3,1,3
2018430338985,2,90,0,3,0,0,0,0,0,0,2,1,1,1,33,6,10837,2,-1,2,1,2
2018430338985,3,9,0,2,0,0,0,0,0,0,1,1,6,1,41,7,1398,1,3,-1,-1,-1
2018430339105,1,90,0,17,0,0,5,0,1,4,1,1,1,1,26,6,2987,2,1,-1,-1,-1
2018430339140,1,9,0,9,0,5,0,0,0,0,4,1,6,1,70,10,-1,-1,-1,4,1,4
2018430339140,2,3,0,18,0,1,0,0,0,0,1,1,2,1,27,6,-1,-1,-1,5,1,5
2018430339350,1,9,0,9,0,6,0,0,0,0,1,1,2,1,20,4,1390,1,17,10,1,10
2018430339350,2,9,0,18,0,8,1,0,1,0,4,1,2,2,41,7,1560,2,5,10,1,10
2018430339427,1,9,0,18,0,0,0,0,0,0,1,1,6,2,25,5,1389,1,13,6,1,6
2018430339625,1,9,0,18,0,0,0,0,0,0,1,1,1,1,27,6,-1,-1,-1,9,1,9
2018430339625,2,8,0,18,0,0,0,0,0,0,1,1,1,1,44,7,1968,2,5,3,1,3
2018430339725,1,9,0,9,0,5,0,0,0,0,4,1,6,2,21,5,998,1,2,10,1,10
2018430339725,2,19,0,18,0,8,0,0,0,0,1,1,1,1,28,6,2198,2,6,5,1,5
2018430339726,1,9,0,7,0,5,0,0,0,0,4,1,1,2,45,7,1685,2,2,8,1,8
2018430339726,2,11,0,4,0,1,0,0,0,0,3,1,1,1,28,6,4250,2,8,-1,-1,-1
2018430339728,1,9,0,4,0,0,0,0,0,0,1,1,6,1,22,5,1975,1,15,10,1,10
2018430339728,2,9,0,4,0,0,0,0,0,0,2,1,6,1,48,8,1995,2,12,10,1,10
2018430339728,3,9,0,4,0,0,0,0,0,0,2,1,6,1,69,10,1461,2,2,5,1,5
2018430339733,1,9,0,16,0,0,1,0,7,0,1,1,6,2,17,4,1242,1,13,9,2,9
2018430339733,2,9,0,17,0,0,0,0,1,0,1,1,6,2,69,10,1995,1,8,10,2,10
2018430339761,1,9,0,18,0,2,2,0,7,11,3,1,6,1,22,5,1364,1,11,-1,-1,-1
2018430339765,1,5,0,18,0,1,1,9,3,1,1,1,6,1,20,4,599,1,15,5,1,5
2018430339765,2,9,0,18,0,1,0,0,0,0,0,1,6,1,26,6,1398,1,-1,8,1,8
2018430339793,1,9,0,7,0,4,0,0,0,0,1,1,3,1,43,7,1999,2,1,9,1,9
2018430339793,2,1,0,18,0,8,0,0,0,0,4,1,2,2,55,8,-1,-1,-1,10,1,10
2018430339797,1,9,0,5,0,1,0,0,0,0,1,1,2,1,37,7,1998,1,3,5,1,5
2018430339797,2,8,0,4,0,1,0,0,0,0,2,1,6,1,58,9,1997,2,6,9,1,9
2018430339810,1,9,0,9,0,5,0,0,0,0,1,1,6,3,-1,-1,-1,-1,-1,-1,-1,-1
2018430339810,2,1,0,18,0,8,0,0,0,0,1,1,6,2,24,5,-1,-1,-1,3,1,3
2018430339826,1,9,0,18,0,0,0,0,0,0,3,1,6,3,-1,-1,-1,-1,-1,-1,-1,-1
2018430339855,1,9,0,18,0,6,1,0,3,4,4,1,6,1,85,11,1388,1,9,9,-1,9
2018430339855,2,9,0,18,0,8,1,0,0,1,3,1,6,2,57,9,998,1,2,9,2,9
2018430339867,1,9,0,17,0,0,0,0,1,9,4,1,6,1,18,4,1242,1,6,8,2,8
2018430339885,1,1,0,18,0,2,0,0,0,0,1,1,6,2,65,9,-1,-1,-1,-1,-1,-1
2018430339892,1,11,0,13,0,8,0,0,0,0,4,1,1,1,46,8,6870,2,-1,5,1,5
2018430339892,2,1,0,18,0,8,0,0,0,0,3,1,6,1,25,5,-1,-1,-1,4,1,4
2018430339920,1,9,0,18,0,0,0,0,0,0,4,1,6,1,50,8,-1,-1,-1,-1,-1,-1
2018430339925,1,9,0,18,0,4,0,0,0,0,1,1,6,1,36,7,1995,2,5,2,1,2
2018430339925,2,1,0,18,0,8,0,0,0,0,4,1,6,1,65,9,-1,-1,-1,7,1,7
2018430339961,1,9,0,17,0,0,0,0,0,0,1,1,2,1,35,6,1998,2,14,4,1,4
2018430340013,1,9,0,1,0,6,0,0,0,0,2,1,6,1,50,8,-1,-1,-1,-1,-1,-1
2018430340013,2,9,0,18,0,1,0,0,0,0,1,1,1,1,-1,-1,1199,1,15,-1,-1,-1
2018430340404,1,9,0,18,0,0,0,0,0,0,1,1,6,1,31,6,1988,1,15,9,1,9
2018430340404,2,9,0,18,0,0,0,0,0,0,2,1,6,2,55,8,1560,2,9,10,1,10
2018430340673,1,9,0,2,0,0,0,0,0,0,4,1,2,2,-1,-1,1598,2,3,10,1,10
2018430340673,2,1,0,18,0,0,0,4,0,0,1,1,6,1,45,7,-1,-1,-1,-1,-1,-1
2018430340700,1,8,0,18,0,1,0,0,0,0,1,1,6,1,-1,-1,-1,-1,-1,-1,-1,-1
2018430340700,2,9,0,8,0,1,0,0,0,0,2,1,6,1,63,9,1998,1,-1,-1,-1,-1
2018430340709,1,9,0,17,0,0,1,0,0,4,3,1,6,2,18,4,1248,1,5,7,3,7
2018430340709,2,9,0,16,0,0,0,0,0,4,3,1,2,1,55,8,2987,2,8,7,3,7
2018430340728,1,9,0,18,0,0,0,0,0,0,4,1,6,2,71,10,-1,-1,-1,5,1,5
2018430340728,2,9,0,2,6,0,0,0,0,0,3,1,6,1,38,7,-1,-1,-1,5,1,5
2018430341080,1,9,0,16,0,0,2,0,7,0,3,1,2,2,20,4,1199,1,17,7,1,7
2018430341089,1,9,0,7,0,4,0,0,0,0,1,1,2,1,30,6,1597,2,5,10,1,10
2018430341089,2,1,0,18,0,8,0,0,0,0,4,1,2,2,51,8,-1,-1,-1,10,1,10
2018430341096,1,9,0,18,0,2,1,0,0,0,1,1,1,1,38,7,1329,1,9,8,3,8
2018430341097,1,9,0,17,0,0,0,0,7,4,1,1,6,2,55,8,1490,1,10,9,3,9
2018430341108,1,9,0,18,0,4,0,0,0,0,3,1,6,1,75,10,1242,1,4,8,3,8
2018430341108,2,1,0,18,0,8,0,0,0,0,1,1,6,1,69,10,-1,-1,-1,10,1,10
2018430341113,1,19,0,18,0,1,0,0,0,0,1,1,2,1,46,8,-1,-1,-1,6,1,6
2018430341113,2,9,0,3,0,1,0,0,1,1,2,1,6,2,39,7,1422,2,8,8,3,8
2018430341113,3,19,0,10,0,1,0,0,0,0,0,1,6,3,-1,-1,-1,-1,-1,-1,-1,-1
2018430341125,1,9,0,18,0,1,0,0,0,0,1,1,6,2,24,5,995,1,13,3,1,3
2018430341125,2,9,0,4,0,1,0,0,0,0,2,1,6,2,40,7,1560,2,2,5,1,5
2018430341128,1,19,0,18,0,6,0,0,0,0,4,1,1,3,-1,-1,-1,-1,-1,-1,-1,-1
2018430341128,2,1,0,18,0,8,0,0,0,0,1,1,6,2,21,5,-1,-1,-1,6,1,6
2018430341132,1,9,0,18,0,0,0,0,7,11,1,1,6,1,31,6,1910,2,12,7,2,7
2018430341132,2,9,0,18,0,0,0,0,0,0,2,1,6,1,43,7,1398,2,11,7,1,7
2018430341135,1,9,0,18,0,0,0,0,0,0,1,1,6,1,-1,-1,1998,2,13,-1,-1,-1
2018430341135,2,9,0,3,0,0,0,0,0,0,2,1,6,1,68,10,1997,2,4,10,1,10
2018430341175,1,9,0,18,0,6,0,0,0,0,1,1,6,2,50,8,1968,2,2,7,3,7
2018430341175,2,9,0,18,0,8,5,0,1,0,3,1,6,2,50,8,1390,1,6,10,3,10
2018430341439,1,9,0,18,0,8,0,0,0,0,1,1,6,2,36,7,1339,1,10,-1,-1,-1
2018430341439,2,9,0,9,0,6,0,0,0,0,4,1,6,1,30,6,-1,-1,-1,-1,-1,-1
2018430341517,1,19,0,17,0,0,0,0,0,0,1,1,1,1,60,9,-1,-1,-1,-1,-1,-1
2018430341517,2,19,0,18,0,0,0,0,0,0,1,1,2,1,25,5,1896,2,13,8,1,8
2018430341529,1,9,0,9,0,6,0,0,0,0,3,1,6,1,37,7,-1,-1,-1,-1,-1,-1
2018430341529,2,9,0,18,0,8,0,0,0,0,1,1,6,2,25,5,1200,1,3,6,1,6
2018430341618,1,9,0,18,0,0,0,0,1,9,1,1,6,1,18,4,999,1,-1,9,1,9
2018430341973,1,9,0,18,0,0,5,0,1,0,1,1,6,1,34,6,-1,-1,-1,2,1,2
2018430342084,1,9,0,9,0,4,0,0,0,0,2,1,2,1,-1,-1,1396,1,6,10,2,10
2018430342084,2,98,0,18,0,4,0,0,0,0,1,1,1,1,-1,-1,-1,-1,-1,-1,-1,-1
2018430342367,1,9,0,4,0,0,0,0,0,0,1,1,3,1,50,8,1498,1,-1,4,1,4
2018430342371,1,9,0,18,0,1,0,0,0,0,1,1,6,1,82,11,1390,1,7,7,2,7
2018430342384,1,9,0,18,0,1,0,0,0,0,1,1,2,1,52,8,1968,2,10,-1,-1,-1
2018430342400,1,21,0,2,0,0,0,0,0,0,3,1,1,1,-1,-1,6692,2,7,-1,-1,-1
2018430342400,2,9,0,14,0,0,0,0,0,0,4,1,6,2,37,7,1598,2,2,5,1,5
2018430342406,1,9,0,13,0,0,0,0,0,0,2,1,6,3,-1,-1,-1,-1,-1,-1,-1,-1
2018430342406,2,1,0,18,0,0,0,0,0,0,1,1,1,1,54,8,-1,-1,-1,-1,-1,-1
2018430342427,1,9,0,9,0,8,0,0,0,0,3,1,2,1,17,4,1229,1,6,5,1,5
2018430342427,2,9,0,5,0,4,0,0,0,0,4,1,6,1,30,6,1388,1,15,-1,-1,-1
2018430342494,1,9,0,16,0,0,1,0,7,9,1,1,2,2,40,7,1490,1,10,8,1,8
2018430342581,1,9,0,16,0,3,0,0,4,0,1,1,6,1,72,10,3498,1,20,6,3,6
2018430342655,1,21,0,18,0,1,0,0,0,0,4,1,1,1,25,5,6871,2,2,3,1,3
2018430342655,2,1,0,18,0,1,0,0,0,0,3,1,2,1,64,9,-1,-1,-1,7,1,7
2018430342707,1,9,0,18,0,1,0,0,0,0,1,1,2,2,25,5,1598,1,12,10,1,10
2018430342707,2,9,0,4,0,1,0,0,0,0,2,1,2,1,23,5,-1,-1,-1,7,1,7
2018430342707,3,9,0,4,0,1,0,0,0,0,2,1,2,2,29,6,1339,1,11,8,1,8
2018430342828,1,9,0,18,0,0,0,0,0,0,3,1,6,1,36,7,1799,1,12,10,1,10
2018430343117,1,19,0,1,0,0,0,0,0,0,2,1,1,1,38,7,2299,2,5,2,1,2
2018430343198,1,19,0,18,0,1,0,0,0,0,4,1,6,1,35,6,1870,2,13,-1,-1,-1
2018430343198,2,19,0,18,0,1,0,0,0,0,3,1,2,1,35,6,1995,2,6,10,3,10
2018430343304,1,9,0,12,0,0,0,0,0,0,2,1,2,1,59,9,-1,-1,-1,8,3,8
2018430343304,2,3,0,13,0,0,1,0,0,0,1,1,2,1,22,5,-1,-1,-1,9,-1,9
2018430343491,1,9,0,9,0,6,0,0,0,0,1,1,6,1,20,4,1198,1,9,9,3,9
2018430343491,2,3,0,18,0,8,0,0,0,0,4,1,6,1,19,4,124,1,2,7,1,7
2018430343671,1,9,0,18,0,0,0,0,0,0,4,1,6,1,-1,-1,-1,-1,-1,-1,-1,-1
2018430343671,2,1,0,18,0,0,0,0,0,0,2,1,6,1,33,6,-1,-1,-1,3,1,3
2018430343672,1,9,0,4,0,6,0,0,0,0,4,1,1,1,-1,-1,-1,-1,-1,5,1,5
2018430343672,2,1,0,18,0,8,0,0,0,0,1,1,2,1,22,5,-1,-1,-1,9,1,9
2018430343692,1,9,0,18,0,1,0,0,0,0,1,1,6,2,33,6,2993,2,9,6,1,6
2018430343692,2,9,0,4,0,1,0,0,0,0,2,1,6,1,50,8,1896,2,10,2,1,2
2018430343739,1,9,0,3,0,1,0,0,0,0,1,1,6,1,73,10,6750,1,21,9,1,9
2018430343739,2,9,0,3,0,1,0,0,0,0,2,1,6,1,54,8,1968,2,10,8,1,8
2018430343739,3,8,0,3,0,1,0,0,0,0,2,1,6,1,54,8,-1,-1,-1,2,1,2
2018430343979,1,9,0,18,0,0,2,0,0,0,1,1,6,1,57,9,1248,1,-1,7,1,7
2018430343979,2,9,0,18,0,0,0,0,1,0,2,1,6,1,33,6,2685,2,14,-1,-1,-1
2018430344035,1,9,0,16,0,0,0,0,1,0,1,1,6,1,74,10,1560,2,4,7,3,7
2018430344035,2,21,0,17,0,0,0,0,0,0,1,1,1,1,52,8,6700,2,2,2,1,2
2018430344458,1,8,0,18,0,0,0,0,0,0,1,1,1,1,55,8,2148,2,14,6,1,6
2018430345083,1,9,0,18,0,3,2,0,1,7,1,1,6,1,21,5,1595,1,12,2,1,2
2018430345083,2,9,0,18,0,4,0,0,0,0,0,1,1,1,30,6,1248,2,4,-1,-1,-1
2018430345157,1,9,0,18,0,0,0,10,1,10,4,1,6,2,67,10,1686,2,5,10,1,10
2018430345157,2,97,0,18,0,0,0,0,0,0,0,1,6,1,20,4,-1,-1,-1,-1,-1,-1
2018430345288,1,9,0,18,0,0,0,0,5,6,1,1,2,1,36,7,1598,1,14,4,1,4
2018430345344,1,19,0,12,0,0,0,0,0,0,3,1,1,1,-1,-1,1995,2,-1,-1,-1,-1
2018430345344,2,5,0,18,0,0,0,0,0,0,4,1,6,1,29,6,1170,1,9,6,1,6
2018430345541,1,5,0,7,0,8,1,0,0,0,4,1,1,1,54,8,998,1,10,10,1,10
2018430345727,1,9,0,9,0,8,0,0,0,0,1,1,6,1,27,6,1399,1,-1,-1,-1,-1
2018430345727,2,1,0,18,0,8,0,0,0,0,3,1,6,1,21,5,-1,-1,-1,-1,-1,-1
2018430346128,1,9,0,12,0,6,0,0,0,0,0,1,1,1,55,8,2993,2,2,10,1,10
2018430346128,2,9,0,13,0,6,0,0,0,0,1,1,6,1,24,5,1984,1,3,-1,-1,-1
2018430346128,3,9,0,18,0,8,2,0,0,0,2,1,6,1,61,9,1896,2,12,5,1,5
2018430346423,1,9,0,17,0,0,0,0,0,0,1,1,6,1,24,5,-1,-1,-1,4,1,4
2018430346423,2,9,0,16,0,0,0,0,0,0,1,1,6,1,43,7,1598,1,6,10,2,10
2018430346443,1,9,0,18,0,0,0,0,0,0,1,1,6,3,-1,-1,-1,-1,-1,-1,-1,-1
2018430346458,1,8,0,18,0,1,0,0,0,0,1,1,2,1,68,10,1560,2,1,-1,-1,-1
2018430346458,2,9,0,8,0,5,0,0,0,0,2,1,6,1,64,9,1332,1,8,-1,-1,-1
2018430346484,1,9,0,9,0,6,0,0,0,0,1,1,6,1,-1,-1,-1,-1,-1,-1,-1,-1
2018430346484,2,1,0,18,0,1,0,0,0,0,1,1,2,1,26,6,-1,-1,-1,-1,-1,-1
2018430346506,1,9,0,9,0,6,0,0,0,0,1,1,6,1,72,10,1968,2,6,5,1,5
2018430346506,2,8,0,18,0,1,0,0,0,0,4,1,1,1,46,8,-1,-1,-1,4,1,4
2018430346534,1,9,0,18,0,6,0,0,0,0,1,1,2,1,28,6,2000,2,6,9,1,9
2018430346534,2,4,0,18,0,8,1,0,0,0,4,1,2,1,28,6,998,1,13,6,1,6
2018430346553,1,9,0,9,0,6,0,0,0,0,3,1,6,1,23,5,1197,1,3,-1,-1,-1
2018430346553,2,4,0,18,0,1,0,0,0,0,1,1,6,1,20,4,124,1,2,10,1,10
2018430346595,1,9,0,16,0,0,5,0,1,4,1,1,6,2,21,5,1461,2,14,-1,-1,-1
2018430346641,1,9,0,18,0,0,0,0,0,0,4,1,3,2,55,8,1796,1,14,6,1,6
2018430346643,1,9,0,18,0,0,0,0,1,7,3,1,2,2,33,6,1242,1,10,3,1,3
2018430346643,2,9,0,12,0,0,0,0,0,0,0,1,6,3,-1,-1,-1,-1,-1,-1,-1,-1
2018430346675,1,3,0,18,0,1,0,0,0,0,1,1,6,1,22,5,125,1,-1,-1,-1,-1
2018430346675,2,9,0,2,0,1,0,0,0,0,2,1,6,3,-1,-1,1197,1,5,-1,-1,-1
2018430346762,1,9,0,17,0,2,0,0,0,0,1,1,6,1,63,9,1596,1,7,6,1,6
2018430346797,1,2,0,9,0,6,0,0,0,0,4,1,6,1,-1,-1,125,1,9,-1,-1,-1
2018430346797,2,3,0,18,0,8,0,0,0,0,1,1,6,1,28,6,125,1,13,8,2,8
2018430346895,1,9,0,18,0,0,0,0,0,0,1,1,6,1,19,4,1390,1,8,8,1,8
2018430347480,1,9,0,18,0,3,1,0,1,2,1,1,6,1,31,6,1830,1,23,7,2,7
2018430347541,1,9,0,18,0,0,0,0,0,0,1,1,6,2,34,6,1580,8,1,5,1,5
2018430347541,2,9,0,18,0,0,0,0,0,0,2,1,6,1,26,6,1968,2,4,4,1,4
2018430347718,1,9,0,18,0,0,0,0,1,4,1,1,6,1,20,4,1364,1,8,9,1,9
2018430347718,2,9,0,2,0,0,0,0,0,0,1,1,6,3,-1,-1,2496,1,16,-1,-1,-1
2018430347807,1,9,0,18,0,0,0,0,0,0,0,1,1,1,39,7,1995,2,5,5,1,5
2018430347807,2,9,0,18,0,0,0,0,0,0,2,1,6,2,43,7,1995,2,3,10,3,10
2018430347807,3,9,0,18,0,0,0,0,0,0,2,1,6,1,19,4,1242,1,12,6,2,6
2018430347840,1,9,0,18,0,0,0,0,0,0,3,1,6,1,62,9,999,1,2,5,1,5
2018430347840,2,9,0,18,0,0,0,0,0,0,3,1,6,2,70,10,998,1,1,8,1,8