Accident_Index,Vehicle_Reference,Vehicle_Type,Towing_and_Articulation,Vehicle_Manoeuvre,Vehicle_Location-Restricted_Lane,Junction_Location,Skidding_and_Overturning,Hit_Object_in_Carriageway,Vehicle_Leaving_Carriageway,Hit_Object_off_Carriageway,1st_Point_of_Impact,Was_Vehicle_Left_Hand_Drive?,Journey_Purpose_of_Driver,Sex_of_Driver,Age_of_Driver,Age_Band_of_Driver,Engine_Capacity_(CC),Propulsion_Code,Age_of_Vehicle,Driver_IMD_Decile,Driver_Home_Area_Type,Vehicle_IMD_Decile
2018430347896,1,9,0,18,0,8,0,0,0,0,1,1,2,2,25,5,1242,1,6,2,1,2
2018430347896,2,9,0,18,0,8,0,0,0,0,2,1,6,2,52,8,1598,2,2,10,3,10
2018430347918,1,9,0,12,0,3,0,0,0,0,1,1,6,1,-1,-1,1498,1,-1,-1,-1,-1
2018430347918,2,9,0,7,0,3,0,0,0,0,4,1,6,1,59,9,2143,2,-1,10,1,10
2018430347962,1,9,0,18,0,0,0,0,0,0,1,1,6,2,45,7,1968,2,6,-1,-1,-1
2018430347962,2,9,0,18,0,0,0,0,0,0,2,1,1,2,27,6,1149,1,7,3,1,3
2018430347976,1,9,5,5,0,0,0,0,0,0,0,1,6,1,52,8,1991,2,12,-1,-1,-1
2018430347976,2,3,0,5,0,0,0,0,0,0,0,1,6,2,49,8,-1,-1,-1,-1,-1,-1
2018430348039,1,9,0,14,0,1,0,0,0,0,1,1,6,3,-1,-1,1968,2,11,-1,-1,-1
2018430348039,2,9,0,9,0,6,0,0,0,0,3,1,6,2,34,6,2993,2,6,9,1,9
2018430348118,1,9,0,9,0,6,0,0,0,0,1,1,6,1,38,7,1390,1,9,6,1,6
2018430348118,2,2,0,18,0,1,0,0,0,0,1,1,6,1,16,4,49,1,5,9,1,9
2018430348250,1,-1,-1,1,6,0,0,0,0,0,2,1,6,3,-1,-1,-1,-1,-1,-1,-1,-1
2018430348250,2,9,0,2,6,0,0,0,0,0,1,1,6,2,21,5,1398,1,1,3,1,3
2018430348462,1,5,0,18,0,0,1,0,0,0,3,1,6,1,29,6,598,1,19,4,1,4
2018430348512,1,19,0,9,0,6,0,0,0,0,1,1,1,1,50,8,1968,2,5,-1,-1,-1
2018430348512,2,5,0,18,0,1,0,0,0,0,1,1,6,1,17,4,-1,-1,-1,10,1,10
2018430348538,1,3,0,18,0,0,0,0,0,0,1,1,6,1,17,4,108,1,1,9,1,9
2018430348538,2,9,0,18,0,0,0,0,0,0,3,1,2,2,19,4,-1,-1,-1,9,1,9
2018430348706,1,9,0,7,0,2,0,0,0,0,1,1,6,1,-1,-1,1598,1,10,-1,-1,-1
2018430348864,1,9,0,18,0,0,0,0,0,0,1,1,6,1,19,4,-1,-1,-1,9,3,9
2018430348864,2,9,0,18,0,0,0,0,0,0,1,1,2,1,58,9,1598,2,2,4,1,4
2018430349020,1,8,0,18,0,0,1,0,5,6,3,1,1,1,34,6,2499,2,9,5,1,5
2018430349021,1,9,0,9,0,5,0,0,0,0,1,1,6,2,70,10,1386,1,10,-1,-1,-1
2018430349034,1,9,0,17,0,0,1,0,7,9,1,1,6,2,62,9,1248,1,8,8,3,8
2018430349046,1,9,0,9,0,8,0,0,0,0,1,1,6,1,44,7,998,1,17,2,1,2
2018430349046,2,9,0,18,0,1,0,0,0,0,1,1,6,2,27,6,1560,2,11,2,2,2
2018430349131,1,9,0,18,0,0,0,0,0,0,1,1,6,2,33,6,1910,2,11,10,1,10
2018430349131,2,21,0,18,0,0,0,0,0,0,1,1,1,1,38,7,6871,2,4,9,2,9
2018430349134,1,9,0,18,0,4,0,0,0,0,1,1,1,1,49,8,1598,1,5,6,1,6
2018430349134,2,1,0,18,0,8,0,0,0,0,3,1,6,1,26,6,-1,-1,-1,-1,-1,-1
2018430349212,1,9,0,18,0,8,1,10,1,11,1,1,6,1,19,4,1598,1,12,10,1,10
2018430349270,1,9,0,7,0,1,0,0,0,0,2,1,6,1,47,8,-1,-1,-1,10,1,10
2018430349270,2,9,0,7,0,1,1,10,0,0,1,1,6,1,38,7,-1,-1,-1,-1,-1,-1
2018430349326,1,9,0,18,0,0,1,4,0,0,1,1,1,2,30,6,1998,1,12,5,3,5
2018430349326,2,9,0,2,0,0,0,0,0,0,2,1,6,1,35,6,998,1,5,9,1,9
2018430349350,1,-1,-1,18,0,1,0,0,0,0,1,1,6,3,-1,-1,-1,-1,-1,-1,-1,-1
2018430349350,2,9,0,3,0,4,0,0,0,0,2,1,6,2,47,8,1999,1,8,7,1,7
2018430349352,1,9,0,18,0,0,0,0,0,0,4,1,2,1,65,9,1997,2,18,6,1,6
2018430349509,1,9,0,9,0,5,0,0,0,0,4,1,2,2,30,6,1390,1,9,-1,-1,-1
2018430349509,2,1,0,18,0,8,1,0,0,0,3,1,6,1,41,7,-1,-1,-1,9,3,9
2018430349988,1,9,0,18,0,0,0,0,0,0,2,1,6,1,-1,-1,-1,-1,-1,-1,-1,-1
2018430350010,1,90,0,18,9,1,0,0,0,0,0,1,6,1,45,7,-1,-1,-1,9,1,9
2018430350027,1,8,0,18,0,1,0,0,0,0,1,1,6,3,-1,-1,-1,-1,-1,-1,-1,-1
2018430350027,2,2,0,3,0,1,0,0,0,0,2,1,4,1,16,4,50,1,10,-1,-1,-1
2018430350049,1,9,0,18,0,0,0,0,7,4,1,1,6,1,82,11,1360,1,19,8,3,8
2018430350366,1,9,0,18,0,8,0,0,3,11,1,1,6,2,36,7,1242,1,17,2,1,2
2018430350410,1,1,0,18,0,8,0,0,0,0,1,1,6,1,37,7,-1,-1,-1,10,1,10
2018430350410,2,9,0,18,0,8,0,0,0,0,1,1,6,2,38,7,-1,-1,-1,10,1,10
2018430350436,1,19,0,18,0,0,0,0,0,0,1,1,2,1,54,8,1868,2,13,9,1,9
2018430350451,1,9,0,9,0,6,0,0,0,0,3,1,6,1,36,7,1329,1,8,3,1,3
2018430350451,2,9,0,18,0,1,0,0,0,0,1,1,6,2,42,7,1200,1,-1,9,1,9
2018430350479,1,9,0,18,0,0,0,0,0,0,4,1,6,1,30,6,1388,1,9,-1,-1,-1
2018430350479,2,9,0,18,0,0,1,0,0,0,3,1,6,2,49,8,1598,2,3,3,1,3
2018430350503,1,9,0,3,0,0,0,0,0,0,2,1,2,2,30,6,1598,2,2,4,1,4
2018430350503,2,9,0,18,0,0,0,0,0,0,1,1,6,2,45,7,1598,1,10,-1,-1,-1
2018430350509,1,9,0,18,0,0,0,0,0,0,1,1,6,1,40,7,1598,2,3,3,1,3
2018430350509,2,9,0,18,0,0,0,0,0,0,2,1,6,1,37,7,1995,2,10,2,1,2
2018430350521,1,9,0,18,0,1,0,2,0,0,1,1,2,2,55,8,1596,1,10,3,1,3
2018430350521,2,9,0,18,0,2,0,0,0,0,1,1,2,1,61,9,1396,1,20,7,1,7
2018430350542,1,90,0,7,0,3,0,0,0,0,3,1,6,1,89,11,-1,-1,-1,-1,-1,-1
2018430350542,2,9,0,18,0,4,0,0,0,0,3,1,2,1,56,9,1998,1,13,4,1,4
2018430350575,1,1,0,18,0,8,1,0,1,0,1,1,2,1,33,6,-1,-1,-1,-1,-1,-1
2018430350575,2,9,0,9,0,5,0,0,0,0,4,1,6,2,57,9,-1,-1,-1,-1,-1,-1
2018430350580,1,9,0,18,0,4,5,9,3,0,1,1,6,1,52,8,2143,2,9,4,1,4
2018430350590,1,19,0,4,0,0,0,0,0,0,0,1,1,1,55,8,1995,2,5,-1,-1,-1
2018430350601,1,19,0,16,0,0,0,0,0,0,3,1,6,3,-1,-1,-1,-1,-1,-1,-1,-1
2018430350601,2,9,0,17,0,0,0,0,0,0,3,1,6,2,42,7,1600,1,6,10,3,10
2018430350628,1,1,0,18,0,0,0,0,0,0,1,1,6,1,-1,-1,-1,-1,-1,-1,-1,-1
2018430350628,2,9,0,18,0,0,0,0,0,0,4,1,6,1,61,9,1598,1,5,-1,-1,-1
2018430350634,1,9,0,7,0,3,0,0,0,0,4,1,6,2,44,7,1968,2,2,9,1,9
2018430350634,2,3,0,7,0,3,0,0,0,0,3,1,2,1,20,4,125,1,5,2,1,2
2018430350640,1,19,0,3,0,3,0,0,0,0,2,1,1,2,25,5,1560,2,5,10,1,10
2018430350640,2,9,0,18,0,3,0,0,0,0,1,1,6,1,30,6,1229,1,12,2,1,2
2018430350646,1,9,0,18,0,1,0,0,0,0,1,1,6,1,-1,-1,1686,2,11,-1,-1,-1
2018430350646,2,9,0,10,0,1,0,0,0,0,2,1,6,1,22,5,1422,2,3,-1,-1,-1
2018430350669,1,9,0,6,0,8,0,0,7,11,1,1,6,2,46,8,1299,1,14,3,1,3
2018430350745,1,9,0,18,0,1,0,0,0,0,1,1,6,1,27,6,1368,1,11,-1,-1,-1
2018430350745,2,9,0,8,0,1,0,0,0,0,2,1,2,2,27,6,1198,1,10,-1,-1,-1
2018430350809,1,9,0,7,0,0,0,0,1,0,1,1,6,1,-1,-1,1799,1,9,-1,-1,-1
2018430350809,2,1,0,18,0,0,0,0,0,0,0,1,2,1,43,7,-1,-1,-1,9,1,9
2018430351290,1,1,0,5,0,6,0,0,0,0,3,1,6,1,57,9,-1,-1,-1,6,1,6
2018430351290,2,9,0,18,0,1,0,0,0,0,1,1,1,1,33,6,1968,2,12,5,1,5
2018430351302,1,21,0,5,0,8,0,0,0,0,4,1,1,1,57,9,5880,2,7,1,1,1
2018430351302,2,1,0,5,0,8,0,0,0,0,3,1,1,2,57,9,-1,-1,-1,8,1,8
2018430351420,1,9,0,18,0,8,1,0,1,2,1,1,1,1,-1,-1,1896,2,11,3,1,3
2018430351420,2,9,0,18,0,2,0,0,0,0,4,1,2,2,44,7,2295,1,17,4,1,4
2018430351420,3,9,0,2,0,1,0,0,0,0,3,1,6,1,-1,-1,1598,1,16,-1,-1,-1
2018430351420,4,9,0,2,0,2,0,0,0,0,4,1,6,2,26,6,1995,2,7,4,1,4
2018430352348,1,1,0,9,0,8,0,0,0,0,4,1,6,1,71,10,-1,-1,-1,4,1,4
2018430352348,2,9,0,18,0,8,0,0,0,0,1,1,6,1,24,5,1991,2,8,8,1,8
2018430352491,1,11,0,5,0,8,0,0,0,0,4,1,1,1,56,9,4500,2,7,7,1,7
2018430352597,1,9,0,15,0,0,0,0,0,0,1,1,6,1,53,8,2979,1,9,-1,-1,-1
2018430352597,2,9,0,18,0,0,2,0,2,7,2,1,6,1,59,9,1248,1,5,6,1,6
2018430352598,1,9,0,18,0,0,0,0,0,0,1,1,6,2,22,5,1397,1,9,10,3,10
2018430352598,2,5,0,4,0,0,0,0,0,0,2,1,6,1,58,9,1298,1,16,7,1,7
2018430352811,1,9,0,9,0,5,0,0,0,0,1,1,2,2,67,10,1596,1,12,10,1,10
2018430353262,1,2,0,15,0,1,0,0,0,0,3,1,1,1,29,6,125,1,3,7,1,7
2018430353262,2,9,0,7,0,5,0,0,0,0,4,1,6,1,22,5,1956,2,3,9,1,9
2018430353360,1,9,0,18,0,0,1,0,1,4,1,1,6,1,27,6,1796,1,14,9,1,9
2018430353415,1,9,0,1,0,0,0,0,0,0,2,1,6,1,-1,-1,-1,-1,-1,-1,-1,-1
2018430353415,2,9,0,18,0,0,0,0,0,0,3,1,6,2,43,7,998,1,9,3,1,3
2018430353424,1,11,0,18,0,0,0,0,0,0,1,1,1,1,70,10,2287,2,1,9,2,9
2018430353424,2,21,0,18,0,0,0,0,0,0,1,1,1,1,42,7,12777,2,3,3,1,3
2018430353449,1,9,0,18,0,1,0,0,0,0,1,1,1,2,54,8,1998,1,10,5,2,5
2018430353449,2,9,0,3,0,1,0,0,0,0,2,1,1,2,24,5,1200,1,1,8,-1,8
2018430353477,1,9,0,9,0,8,0,0,0,0,3,1,6,2,60,9,1390,1,4,10,1,10
2018430353477,2,1,0,18,0,8,0,0,0,0,1,1,2,1,18,4,-1,-1,-1,7,1,7
2018430353487,1,9,0,9,0,6,0,0,0,0,3,1,2,1,34,6,1497,1,15,10,2,10
2018430353487,2,5,0,18,0,1,0,0,0,0,1,1,2,1,26,6,599,1,9,6,1,6
2018430353489,1,97,0,18,0,8,0,0,0,0,1,1,6,1,25,5,-1,-1,-1,4,1,4
2018430353489,2,19,0,9,0,8,0,0,0,0,4,1,2,1,29,6,2198,2,4,3,1,3
2018430353496,1,9,0,4,0,2,0,0,0,0,4,1,6,3,-1,-1,-1,-1,-1,-1,-1,-1
2018430353532,1,9,0,14,0,0,0,0,0,0,1,1,6,3,-1,-1,-1,-1,-1,-1,-1,-1
2018430353602,1,2,0,18,0,1,0,0,0,0,1,1,1,2,17,4,49,1,10,10,1,10
2018430353670,1,4,0,14,0,0,0,0,0,0,1,1,1,1,30,6,124,1,2,10,1,10
2018430353670,2,9,0,9,0,0,0,0,0,0,3,1,3,2,40,7,-1,-1,-1,10,1,10
2018430353768,1,9,0,-1,0,4,0,0,0,0,1,1,6,3,-1,-1,1995,2,4,-1,-1,-1
2018430353768,2,9,0,9,0,4,0,0,0,0,2,1,6,1,74,10,996,1,6,8,1,8
2018430353852,1,9,0,18,0,0,0,0,0,0,1,1,6,1,51,8,1956,2,3,4,1,4
2018430353852,2,9,0,2,0,0,0,0,1,9,2,1,6,2,48,8,1229,1,7,10,2,10
2018430353859,1,9,0,18,0,1,0,0,0,0,1,1,6,3,-1,-1,-1,-1,-1,-1,-1,-1
2018430353859,2,9,0,3,0,1,0,0,0,0,2,1,6,2,-1,-1,1596,1,8,7,1,7
2018430353870,1,9,0,6,0,2,0,0,4,4,1,1,6,1,66,10,1248,1,2,2,1,2
2018430353911,1,9,0,18,0,0,0,10,5,6,1,1,6,1,38,7,1560,2,7,8,3,8
2018430354672,1,9,0,16,0,0,1,0,1,0,1,1,6,2,34,6,2179,2,3,10,2,10
2018430354672,2,9,0,17,0,0,1,0,1,0,1,1,6,2,28,6,1968,2,5,2,1,2
2018430354685,1,1,0,18,0,0,0,0,0,0,1,1,6,1,23,5,-1,-1,-1,-1,-1,-1
2018430354685,2,3,0,18,0,0,0,0,0,0,1,1,6,1,30,6,124,1,4,3,1,3
2018430354687,1,9,0,9,0,6,0,0,0,0,1,1,6,1,46,8,1997,2,3,7,1,7
2018430354687,2,5,0,18,0,1,1,0,0,0,1,1,6,1,26,6,988,1,14,3,1,3
2018430354707,1,9,0,9,0,4,0,0,0,0,1,1,6,2,33,6,1198,1,9,7,1,7
2018430354707,2,19,0,7,0,3,0,0,0,0,0,1,1,1,-1,-1,-1,-1,-1,-1,-1,-1
2018430354791,1,9,0,18,0,0,0,0,0,0,1,1,6,1,54,8,-1,-1,-1,-1,-1,-1
2018430354835,1,1,0,18,0,1,0,0,0,0,1,1,4,1,16,4,-1,-1,-1,8,1,8
2018430354835,2,9,0,8,0,1,0,0,0,0,2,1,1,2,35,6,-1,-1,-1,-1,-1,-1
2018430354928,1,9,0,18,0,0,0,0,0,0,0,1,6,1,39,7,1997,2,1,1,1,1
2018430354928,2,20,1,18,0,0,0,0,0,0,2,2,1,1,51,8,-1,-1,-1,-1,-1,-1
2018430354945,1,1,0,18,0,6,0,0,0,0,1,1,4,1,16,4,-1,-1,-1,5,1,5
2018430354945,2,9,0,-1,0,6,0,0,0,0,1,1,6,3,-1,-1,-1,-1,-1,-1,-1,-1
2018430354951,1,9,0,18,0,2,1,0,0,0,3,1,1,1,37,7,1686,2,8,10,1,10
2018430354951,2,9,0,9,0,6,0,0,0,0,4,1,6,3,-1,-1,2993,2,9,-1,-1,-1
2018430354991,1,9,0,18,0,4,0,0,0,0,2,1,6,1,64,9,1124,1,22,-1,-1,-1
2018430354991,2,9,0,18,0,4,0,0,0,0,1,1,6,3,-1,-1,-1,-1,-1,-1,-1,-1
2018430355056,1,1,0,3,0,0,0,0,0,0,1,1,2,1,27,6,-1,-1,-1,10,2,10
2018430355056,2,98,0,1,0,0,0,0,0,0,2,1,6,3,-1,-1,-1,-1,-1,-1,-1,-1
2018430355191,1,9,0,7,0,6,0,0,0,0,1,1,1,2,31,6,1995,2,4,3,1,3
2018430355191,2,9,0,18,0,8,0,0,0,0,4,1,1,2,36,7,-1,-1,-1,2,1,2
2018430355652,1,8,0,18,0,3,0,0,0,0,1,1,2,3,36,7,1968,2,4,8,1,8
2018430355731,1,1,0,18,0,0,0,0,0,0,2,1,6,1,16,4,-1,-1,-1,9,2,9
2018430355731,2,9,0,18,0,0,0,0,0,0,1,1,6,2,28,6,998,1,-1,10,1,10
2018430355804,1,9,0,18,0,0,1,0,0,0,1,1,6,1,19,4,1596,1,12,10,1,10
2018430355804,2,9,0,3,0,0,0,0,0,0,3,1,6,1,41,7,1968,2,7,10,1,10
2018430355807,1,9,0,9,0,6,0,0,0,0,1,1,6,2,83,11,1329,1,5,10,3,10
2018430355807,2,9,0,18,0,8,0,0,0,0,1,1,6,1,82,11,1596,1,7,8,2,8
2018430355849,1,9,0,18,0,8,0,0,0,0,1,1,6,3,-1,-1,-1,-1,-1,-1,-1,-1
2018430355849,2,1,0,18,0,8,0,0,0,0,3,1,6,1,44,7,-1,-1,-1,5,1,5
2018430355880,1,9,0,18,0,0,0,0,1,2,1,1,6,1,27,6,1995,1,-1,5,1,5
2018430355884,1,9,0,18,0,0,0,4,0,0,1,1,6,1,47,8,1596,1,14,-1,-1,-1
2018430355884,2,9,0,2,6,0,0,0,1,9,2,1,6,2,60,9,1896,2,16,-1,-1,-1
2018430355935,1,9,0,9,0,5,0,0,1,11,4,1,6,2,19,4,998,1,15,3,1,3
2018430355935,2,9,0,18,0,8,0,0,0,0,1,1,6,1,-1,-1,-1,-1,-1,3,1,3
2018430355935,3,9,0,10,0,1,0,0,0,0,3,1,6,1,-1,-1,1560,2,8,10,1,10
2018430356004,1,1,0,18,0,8,0,0,0,0,3,1,1,1,60,9,-1,-1,-1,6,1,6
2018430356004,2,9,0,11,0,8,0,0,0,0,4,1,6,3,-1,-1,-1,-1,-1,-1,-1,-1
2018430356105,1,9,0,9,0,6,0,0,0,0,3,1,6,1,59,9,-1,-1,-1,-1,-1,-1
2018430356105,2,11,0,18,0,8,0,0,0,0,1,1,1,1,-1,-1,3900,2,14,2,-1,2
2018430356125,1,9,0,18,0,0,2,0,1,9,1,1,6,1,27,6,1995,2,9,5,1,5
2018430356153,1,9,0,18,0,8,0,0,0,0,1,1,6,1,40,7,-1,-1,-1,-1,-1,-1
2018430356153,2,1,0,18,0,8,0,0,0,0,3,1,6,1,15,3,-1,-1,-1,6,1,6
2018430356175,1,9,0,18,0,8,0,0,0,0,1,1,6,1,40,7,-1,-1,-1,-1,-1,-1
2018430356175,2,1,0,18,0,8,0,0,0,0,3,1,6,1,15,3,-1,-1,-1,6,1,6
2018430356227,1,19,0,18,0,0,0,0,0,0,1,1,1,1,30,6,2143,2,-1,4,1,4
2018430356227,2,9,0,4,0,0,0,0,0,0,2,1,6,1,61,9,2987,2,3,4,1,4
2018430356231,1,9,0,17,0,0,0,0,1,1,1,1,6,2,34,6,1461,2,7,9,-1,9
2018430356608,1,9,0,9,0,6,0,0,0,0,3,1,6,1,58,9,1360,1,20,7,1,7
2018430356608,2,3,0,18,0,8,0,0,0,0,3,1,6,1,20,4,125,1,15,7,1,7
2018430356963,1,9,0,6,0,6,0,0,0,0,1,1,6,1,20,4,998,1,-1,-1,-1,-1
2018430356963,2,5,0,14,0,8,0,0,0,0,1,1,6,1,45,7,645,1,3,10,2,10
2018430356976,1,9,0,14,0,0,0,0,0,0,1,1,6,2,-1,-1,-1,-1,-1,-1,-1,-1
2018430356976,2,9,0,18,0,5,0,0,0,0,1,1,3,2,43,7,1753,2,11,3,1,3
2018430356980,1,9,0,18,0,0,0,0,1,11,1,1,6,1,48,8,1988,2,12,-1,-1,-1
2018430357035,1,9,0,17,0,0,2,10,7,0,1,1,6,1,37,7,1686,2,13,10,3,10
2018430357072,1,9,0,17,0,0,0,0,2,3,1,1,2,1,22,5,-1,-1,-1,8,1,8
2018430357153,1,9,0,9,0,4,0,0,0,0,0,1,6,2,19,4,2979,1,5,-1,-1,-1
2018430357153,2,4,0,18,0,8,0,0,0,0,1,1,6,1,19,4,125,1,7,-1,-1,-1
2018430357153,3,9,0,18,0,8,0,0,0,0,2,1,3,2,26,6,1598,1,14,-1,-1,-1
2018430357305,1,9,0,9,0,5,0,0,0,0,1,1,6,1,43,7,1998,2,13,10,1,10
2018430357305,2,1,0,15,4,8,0,0,0,0,1,1,6,1,19,4,-1,-1,-1,7,3,7
2018430357359,1,19,0,18,0,2,0,0,0,0,3,1,2,1,66,10,2198,2,7,-1,-1,-1
2018430357449,1,9,0,9,0,6,0,0,0,0,1,1,6,1,29,6,1950,2,-1,6,2,6
2018430357449,2,9,0,18,0,1,0,0,0,0,4,1,6,1,20,4,1598,1,12,3,1,3
2018430357495,1,9,0,9,0,5,0,0,0,0,1,1,2,2,48,8,1149,1,5,9,3,9
2018430357495,2,3,0,18,0,8,0,0,0,0,3,1,2,2,29,6,124,1,5,4,1,4
2018430357605,1,19,0,18,0,1,0,0,0,0,1,1,1,1,26,6,2143,2,3,4,1,4
2018430357605,2,9,0,3,0,1,0,0,0,0,2,1,6,1,56,9,-1,-1,-1,10,1,10
2018430357605,3,9,0,3,0,1,0,0,0,0,2,1,6,1,-1,-1,-1,-1,-1,9,3,9
2018430357605,4,9,0,3,0,1,0,0,0,0,2,1,6,1,-1,-1,1197,1,8,10,2,10
2018430357722,1,9,0,18,0,0,0,0,0,0,3,1,3,2,45,7,999,1,17,2,1,2
2018430357813,1,9,0,18,0,8,0,0,0,0,4,1,2,1,35,6,2993,2,3,-1,-1,-1
2018430357813,2,9,0,18,0,8,0,0,0,0,1,1,2,1,35,6,4395,1,5,-1,-1,-1
2018430357829,1,9,0,9,0,1,0,0,0,0,1,1,6,2,27,6,1968,2,8,3,1,3
2018430357829,2,9,0,18,0,1,0,0,0,0,3,1,6,2,36,7,1560,2,3,4,1,4
2018430357869,1,9,0,1,9,6,0,0,0,0,2,1,6,2,44,7,1560,2,8,10,1,10
2018430357954,1,9,3,7,8,6,1,0,0,0,0,1,6,1,55,8,1499,2,-1,-1,-1,-1
2018430357954,2,9,0,3,0,1,0,0,0,0,2,1,2,2,35,6,-1,-1,-1,7,3,7
2018430357954,3,9,0,18,0,1,0,0,0,0,1,1,6,2,75,10,1197,1,1,8,3,8
2018430357960,1,3,0,18,0,2,0,0,0,0,0,1,6,1,57,9,124,1,4,3,1,3
2018430358088,1,9,0,13,0,0,1,0,7,9,1,1,6,1,38,7,2685,2,14,1,1,1
2018430358088,2,19,0,17,0,0,1,0,1,9,1,1,1,1,36,7,1560,2,2,2,1,2
2018430358302,1,98,0,18,0,0,0,0,0,0,1,1,6,1,-1,-1,-1,-1,-1,-1,-1,-1
2018430358302,2,9,0,3,0,0,0,0,0,0,2,1,6,2,42,7,1984,1,11,8,3,8
2018430358304,1,9,0,17,0,0,1,0,1,0,1,1,2,1,47,8,1248,1,4,4,1,4
2018430358359,1,9,0,16,0,0,1,0,1,11,1,1,2,2,23,5,1598,1,13,6,3,6
2018430358469,1,9,0,18,0,2,0,7,7,3,1,1,6,2,74,10,-1,-1,-1,9,3,9
2018430358576,1,9,0,7,0,8,0,0,0,0,4,1,6,1,-1,-1,2401,2,13,-1,-1,-1
2018430358576,2,9,0,7,0,8,0,0,0,0,3,1,6,1,46,8,2993,2,2,10,2,10
2018430358576,3,9,0,7,0,8,0,0,0,0,1,1,6,1,35,6,2967,2,7,4,1,4
2018430358692,1,21,0,18,0,0,0,0,0,0,1,1,1,1,36,7,-1,-1,-1,4,1,4
2018430358692,2,9,0,18,0,0,0,0,0,0,2,1,6,1,38,7,1598,1,7,6,1,6
2018430359328,1,19,0,18,0,8,0,0,0,0,3,1,1,1,45,7,-1,-1,-1,7,1,7
2018430359328,2,1,0,18,0,6,0,0,0,0,1,1,6,2,31,6,-1,-1,-1,-1,-1,-1
2018430359472,1,4,0,17,0,0,1,0,0,0,1,1,6,1,61,9,124,1,10,5,3,5
2018430359527,1,9,0,18,0,0,0,0,1,7,1,1,6,1,54,8,1248,2,10,5,1,5
2018430359527,2,9,0,18,0,0,0,0,0,0,3,1,6,1,35,6,1834,1,17,1,1,1
2018430359527,3,9,0,18,0,0,0,0,0,0,1,1,6,1,38,7,-1,-1,-1,-1,1,-1
2018430359546,1,9,0,18,0,0,1,10,0,0,1,1,6,1,-1,-1,2199,2,7,-1,-1,-1
2018430360693,1,8,0,9,0,5,1,0,0,0,1,1,6,1,52,8,2499,2,10,2,1,2
2018430360693,2,1,0,18,0,8,0,0,0,0,3,1,6,2,37,7,-1,-1,-1,4,1,4
2018430361006,1,9,0,16,0,0,0,0,1,1,1,1,2,1,36,7,1598,1,12,7,-1,7
2018430361006,2,9,0,17,0,0,0,0,0,0,1,1,6,1,37,7,1200,1,-1,6,3,6
2018430361061,1,9,0,9,0,0,0,0,0,0,1,1,6,1,79,11,1596,1,10,4,1,4
2018430361061,2,1,0,18,0,0,0,0,0,0,1,1,6,2,20,4,-1,-1,-1,8,1,8
2018430361153,1,9,0,18,0,0,0,0,1,9,1,1,6,1,19,4,1242,1,2,9,3,9
2018430361193,1,9,0,15,0,2,0,0,0,0,1,1,6,1,-1,-1,1598,1,6,-1,-1,-1
2018430361214,1,9,0,7,0,0,0,11,0,0,1,1,6,2,88,11,1560,2,7,5,2,5
2018430361214,2,9,0,18,0,0,0,0,0,0,3,1,6,2,60,9,1968,2,11,6,1,6
2018430361225,1,9,0,18,0,4,0,0,0,0,1,1,6,2,50,8,2143,2,2,7,1,7
2018430361225,2,9,0,3,0,4,0,0,0,0,2,1,6,1,-1,-1,1997,2,15,4,2,4
2018430361231,1,9,0,4,0,0,0,0,0,0,2,1,6,2,21,5,-1,-1,-1,10,1,10
2018430361231,2,9,0,18,0,0,0,0,0,0,1,1,6,3,-1,-1,1399,2,7,-1,-1,-1
2018430361231,3,9,0,4,0,0,0,0,0,0,2,1,6,3,-1,-1,1598,1,13,-1,-1,-1
2018430361241,1,9,0,9,0,8,0,0,0,0,4,1,6,1,72,10,1598,1,1,4,1,4
2018430361241,2,9,0,18,0,1,0,0,0,0,1,1,6,2,32,6,1598,1,9,1,1,1
2018430361241,3,9,0,8,0,1,0,0,0,0,1,1,6,2,53,8,1248,2,10,7,1,7
2018430361277,1,8,0,18,0,4,0,0,0,0,1,1,1,1,-1,-1,1796,1,11,-1,-1,-1
2018430361277,2,1,0,7,0,8,1,0,0,0,4,1,6,1,-1,-1,-1,-1,-1,8,1,8
2018430361283,1,9,0,16,0,0,0,0,7,2,1,1,6,2,-1,-1,1991,1,21,10,1,10
2018430361286,1,9,0,18,0,8,0,0,0,0,1,1,6,2,40,7,-1,-1,-1,-1,-1,-1
2018430361286,2,9,0,18,0,3,0,0,0,0,2,1,6,1,51,8,-1,-1,-1,-1,-1,-1
2018430361316,1,9,0,18,0,0,0,0,0,0,1,1,6,1,31,6,998,1,4,6,2,6
2018430361316,2,9,0,18,0,0,0,0,0,0,2,1,6,2,43,7,1997,1,11,-1,-1,-1
2018430361334,1,9,0,9,0,6,0,0,0,0,1,1,6,2,75,10,2993,2,6,9,3,9
2018430361334,2,9,0,18,0,8,0,0,0,0,2,1,6,2,30,6,1242,1,6,8,3,8
2018430361349,1,9,0,9,0,5,0,0,0,0,3,1,3,2,-1,-1,-1,-1,-1,-1,-1,-1
2018430361349,2,1,0,18,5,8,0,0,0,0,1,1,2,1,34,6,-1,-1,-1,-1,-1,-1
2018430361403,1,9,0,7,0,5,0,0,0,0,1,1,6,2,37,7,1390,1,11,-1,-1,-1
2018430361403,2,9,0,7,0,5,0,0,0,0,1,1,6,1,-1,-1,-1,-1,-1,-1,-1,-1
2018430361968,1,9,0,9,0,8,0,0,0,0,0,1,1,1,37,7,1598,2,1,10,1,10