Accident_Index,Vehicle_Reference,Vehicle_Type,Towing_and_Articulation,Vehicle_Manoeuvre,Vehicle_Location-Restricted_Lane,Junction_Location,Skidding_and_Overturning,Hit_Object_in_Carriageway,Vehicle_Leaving_Carriageway,Hit_Object_off_Carriageway,1st_Point_of_Impact,Was_Vehicle_Left_Hand_Drive?,Journey_Purpose_of_Driver,Sex_of_Driver,Age_of_Driver,Age_Band_of_Driver,Engine_Capacity_(CC),Propulsion_Code,Age_of_Vehicle,Driver_IMD_Decile,Driver_Home_Area_Type,Vehicle_IMD_Decile
2018430372993,1,9,0,9,0,8,0,0,0,0,1,1,6,2,55,8,1242,1,10,-1,-1,-1
2018430372993,2,9,0,18,0,1,0,0,0,0,1,1,6,1,47,8,1598,2,-1,-1,-1,-1
2018430373019,1,19,0,1,0,0,0,0,0,0,2,1,6,1,-1,-1,-1,-1,-1,-1,-1,-1
2018430373482,1,19,0,18,0,1,0,0,0,0,1,1,6,1,35,6,-1,-1,-1,-1,-1,-1
2018430373482,2,9,0,4,0,1,0,0,0,0,1,1,3,2,36,7,1796,1,4,9,1,9
2018430373489,1,9,0,18,0,0,0,0,0,1,1,1,6,1,42,7,2967,2,11,8,1,8
2018430373501,1,19,0,18,0,4,0,0,1,3,4,1,6,1,31,6,2400,2,18,4,1,4
2018430373501,2,9,0,9,0,4,0,0,0,0,1,1,6,2,21,5,1364,1,12,6,2,6
2018430373698,1,19,0,18,0,4,0,0,1,2,1,1,6,1,-1,-1,-1,-1,-1,-1,-1,-1
2018430373916,1,9,0,16,0,0,0,0,0,0,3,1,6,2,86,11,1339,1,9,10,2,10
2018430373916,2,9,0,17,0,0,0,0,0,0,3,1,6,2,33,6,1461,2,6,5,3,5
2018430373963,1,9,0,11,0,0,0,0,0,0,2,1,6,1,37,7,-1,-1,-1,4,1,4
2018430373963,2,98,0,18,0,0,0,0,0,0,1,1,1,1,26,6,-1,-1,-1,8,1,8
2018430374015,1,8,0,18,0,1,0,0,0,0,1,1,6,1,-1,-1,2720,2,11,-1,-1,-1
2018430374015,2,9,0,8,0,1,0,0,0,0,2,1,6,1,-1,-1,1798,8,3,-1,-1,-1
2018430374041,1,9,0,18,0,1,0,0,0,0,1,1,6,2,-1,-1,-1,-1,-1,-1,-1,-1
2018430374041,2,9,0,8,0,1,0,0,0,0,2,1,6,2,25,5,1995,2,7,2,1,2
2018430374090,1,9,0,18,0,0,0,0,0,0,1,1,6,3,-1,-1,-1,-1,-1,-1,-1,-1
2018430374098,1,9,0,9,0,5,0,0,0,0,3,1,6,2,19,4,1198,1,4,-1,-1,-1
2018430374098,2,4,0,13,0,5,0,0,0,0,4,1,6,1,31,6,-1,-1,-1,-1,-1,-1
2018430374136,1,9,0,18,0,4,0,0,0,0,1,1,6,2,-1,-1,1390,1,13,-1,-1,-1
2018430374136,2,1,0,18,0,8,0,0,0,0,4,1,6,2,22,5,-1,-1,-1,6,1,6
2018430375042,1,9,0,18,0,4,0,0,0,0,1,1,2,2,52,8,1242,1,3,8,1,8
2018430375042,2,1,0,18,0,8,0,0,0,0,4,1,2,1,57,9,-1,-1,-1,4,1,4
2018430375485,1,9,0,18,0,8,0,0,0,0,1,1,1,2,25,5,1598,2,2,-1,-1,-1
2018430375485,2,9,0,9,0,6,0,0,0,0,1,1,6,2,21,5,1086,1,13,3,1,3
2018430375563,1,9,0,18,0,1,0,0,7,0,1,1,6,1,17,4,1229,1,8,8,1,8
2018430375644,1,8,0,6,0,8,0,0,0,0,3,1,6,1,39,7,-1,-1,-1,2,1,2
2018430375644,2,9,0,18,0,8,0,0,0,0,1,1,6,1,22,5,1587,1,14,10,1,10
2018430375709,1,9,0,18,0,0,0,0,1,4,1,1,6,2,45,7,1388,1,13,6,1,6
2018430375897,1,9,0,16,0,0,0,0,0,0,1,1,6,1,39,7,1968,2,7,8,1,8
2018430375897,2,9,0,17,0,0,0,0,0,0,1,1,6,1,32,6,1997,2,5,9,-1,9
2018430376055,1,4,0,16,0,0,1,0,0,0,1,1,6,1,79,11,279,1,-1,4,1,4
2018430376055,2,9,0,17,0,0,0,0,0,0,1,1,6,2,60,9,1388,1,6,-1,-1,-1
2018430376123,1,9,0,18,0,4,0,0,0,0,1,1,6,1,58,9,1995,2,11,10,2,10
2018430376123,2,1,0,7,0,3,0,0,0,0,2,1,6,1,56,9,-1,-1,-1,10,1,10
2018430376166,1,9,0,11,0,0,1,0,4,0,1,1,6,1,19,4,1368,1,6,4,1,4
2018430376166,2,9,0,18,0,0,0,0,0,0,0,1,6,1,57,9,1598,1,13,3,1,3
2018430376315,1,19,0,7,0,6,0,0,0,0,3,1,1,1,40,7,-1,-1,-1,-1,-1,-1
2018430376315,2,21,1,18,0,1,0,0,0,0,4,1,1,1,46,8,12902,2,5,-1,-1,-1
2018430376319,1,9,0,18,0,6,0,0,0,0,3,1,3,1,37,7,1995,2,7,4,1,4
2018430376336,1,5,0,15,0,0,0,0,1,4,3,1,6,1,59,9,-1,-1,-1,10,1,10
2018430376336,2,9,0,11,0,0,0,0,0,0,4,1,6,3,18,4,-1,-1,-1,10,2,10
2018430376573,1,19,0,18,0,0,1,0,0,0,1,1,6,1,26,6,1598,2,3,9,1,9
2018430376573,2,9,0,3,0,0,0,0,0,0,2,1,6,2,47,8,2191,2,1,9,1,9
2018430376589,1,9,0,18,0,1,0,0,0,0,1,1,6,1,50,8,-1,-1,-1,-1,-1,-1
2018430376589,2,5,0,3,0,1,0,0,0,0,2,1,6,1,-1,-1,998,1,1,6,1,6
2018430376594,1,9,0,7,0,5,0,10,1,11,1,1,6,2,42,7,1984,1,2,10,1,10
2018430376611,1,9,0,18,0,8,0,4,3,1,1,1,6,3,-1,-1,-1,-1,-1,-1,-1,-1
2018430376611,2,9,0,2,0,2,0,0,0,0,3,1,6,3,-1,-1,-1,-1,-1,9,1,9
2018430376613,1,9,0,18,0,8,0,0,0,0,4,1,2,2,34,6,1896,2,11,3,1,3
2018430376613,2,9,0,9,0,6,0,0,0,0,1,1,6,2,27,6,-1,-1,-1,-1,-1,-1
2018430376626,1,9,0,18,0,0,0,0,0,0,4,1,6,3,-1,-1,-1,-1,-1,-1,-1,-1
2018430376633,1,9,0,18,0,8,0,0,0,0,1,1,6,2,44,7,-1,-1,-1,4,1,4
2018430376633,2,9,0,18,0,8,0,0,0,0,3,1,6,1,74,10,2191,2,5,5,1,5
2018430376656,1,3,0,18,0,1,0,11,0,0,1,1,2,1,55,8,125,1,1,9,3,9
2018430376688,1,9,0,18,0,0,0,0,0,0,3,1,6,3,-1,-1,-1,-1,-1,-1,-1,-1
2018430376688,2,3,0,13,0,0,0,0,0,0,4,1,6,1,30,6,124,1,-1,6,1,6
2018430376712,1,9,0,9,0,5,0,0,0,0,4,1,6,1,25,5,1968,2,9,3,1,3
2018430376712,2,3,0,18,2,8,0,0,0,0,1,1,6,1,60,9,124,1,5,5,1,5
2018430376715,1,9,0,9,0,5,0,0,0,0,1,1,6,1,41,7,998,1,11,10,1,10
2018430376718,1,9,0,18,0,8,0,0,0,0,1,1,1,2,60,9,1991,2,7,10,1,10
2018430376718,2,9,0,9,0,6,0,0,0,0,3,1,1,2,44,7,1794,1,12,10,1,10
2018430376720,1,9,0,4,0,2,0,0,0,0,1,1,6,2,67,10,-1,-1,-1,6,1,6
2018430376783,1,9,0,18,0,1,0,0,0,0,3,1,6,1,58,9,1968,2,2,10,1,10
2018430376783,2,9,0,10,0,5,0,0,0,0,4,1,6,1,52,8,-1,-1,-1,10,1,10
2018430376875,1,1,0,18,0,0,0,0,0,0,2,1,6,2,43,7,-1,-1,-1,6,1,6
2018430376875,2,1,0,18,0,0,0,0,0,0,1,1,6,1,25,5,-1,-1,-1,-1,-1,-1
2018430376927,1,9,0,4,0,2,0,0,0,0,0,1,6,2,42,7,1997,2,15,10,1,10
2018430376927,2,1,0,18,0,2,0,0,0,0,0,1,6,1,78,11,-1,-1,-1,-1,-1,-1
2018430377033,1,9,0,18,0,8,0,0,0,0,1,1,2,1,40,7,1395,1,4,10,1,10
2018430377033,2,8,0,15,0,8,0,0,0,0,3,1,1,1,40,7,1798,8,4,5,1,5
2018430377628,1,21,0,18,0,2,0,0,0,0,4,1,1,1,46,8,6700,2,2,6,2,6
2018430377787,1,1,0,18,0,2,0,0,0,0,3,1,6,1,16,4,-1,-1,-1,10,1,10
2018430377787,2,4,0,14,0,1,0,0,0,0,1,1,1,1,54,8,49,1,2,-1,-1,-1
2018430377898,1,9,0,18,0,0,0,8,0,0,4,1,6,3,-1,-1,-1,-1,-1,-1,-1,-1
2018430377898,2,9,0,2,0,0,0,0,0,0,3,1,3,2,30,6,1796,1,10,9,1,9
2018430377903,1,21,0,18,0,2,0,0,0,0,1,1,1,1,29,6,10837,2,4,4,1,4
2018430377903,2,19,0,18,0,2,0,0,0,0,2,1,1,2,40,7,-1,-1,-1,10,2,10
2018430377903,3,9,0,7,0,2,0,0,0,0,0,1,6,3,-1,-1,-1,-1,-1,-1,-1,-1
2018430377905,1,9,0,18,0,0,0,0,0,0,3,1,6,1,20,4,1198,1,13,7,1,7
2018430377905,2,9,0,18,0,0,0,0,0,0,3,1,6,1,56,9,1975,1,12,6,1,6
2018430377905,3,9,0,18,0,0,0,0,0,0,3,1,6,1,45,7,1560,2,4,6,1,6
2018430377907,1,19,0,1,0,0,0,0,0,0,2,1,6,1,-1,-1,-1,-1,-1,-1,-1,-1
2018430377918,1,9,0,9,0,6,0,0,0,0,1,1,6,2,41,7,2000,1,12,6,1,6
2018430377918,2,9,0,18,0,1,0,0,0,0,4,1,6,2,48,8,1242,1,8,9,2,9
2018430377918,3,19,0,9,0,1,0,0,0,0,3,1,1,1,31,6,-1,-1,-1,3,1,3
2018430377928,1,9,0,14,0,2,0,0,0,0,4,1,6,2,-1,-1,1995,1,14,-1,-1,-1
2018430377928,2,11,0,3,0,2,0,0,0,0,3,1,1,1,30,6,4500,2,8,1,1,1
2018430377960,1,9,0,18,0,1,0,0,0,0,1,1,6,1,-1,-1,1390,1,13,-1,-1,-1
2018430377960,2,9,0,10,0,5,0,0,0,0,2,1,6,2,75,10,1997,1,7,8,3,8
2018430378010,1,9,0,18,0,0,0,0,0,0,1,1,6,2,26,6,1968,2,6,9,1,9
2018430378010,2,9,0,4,0,0,0,0,0,0,2,1,1,1,30,6,1364,1,10,-1,-1,-1
2018430378011,1,9,0,7,0,5,0,0,0,0,4,1,6,1,-1,-1,999,1,1,-1,-1,-1
2018430378011,2,1,0,18,0,8,0,0,0,0,1,1,6,1,46,8,-1,-1,-1,8,1,8
2018430378036,1,21,1,11,0,0,0,0,0,0,4,1,6,3,-1,-1,-1,-1,-1,-1,-1,-1
2018430378036,2,9,0,18,0,0,0,0,0,0,3,1,6,2,19,4,998,1,3,4,1,4
2018430378049,1,1,0,14,0,0,0,0,0,0,1,1,2,1,54,8,-1,-1,-1,7,1,7
2018430378049,2,9,0,2,0,0,0,0,0,0,2,1,6,3,-1,-1,-1,-1,-1,-1,-1,-1
2018430378058,1,9,0,18,0,0,0,0,0,0,1,1,2,1,36,7,2987,2,2,9,1,9
2018430378058,2,9,0,3,0,0,0,0,0,0,2,1,2,1,43,7,1995,2,3,9,1,9
2018430378058,3,9,0,18,0,0,0,0,0,0,1,1,2,1,49,8,1299,1,14,5,1,5
2018430378073,1,8,0,9,0,8,0,0,0,0,1,1,1,1,47,8,-1,-1,-1,4,1,4
2018430378073,2,1,0,18,0,8,0,0,0,0,3,1,6,1,49,8,-1,-1,-1,10,1,10
2018430378087,1,9,0,18,0,2,0,0,3,9,1,1,6,2,84,11,1796,1,13,9,1,9
2018430378095,1,9,0,18,0,0,1,0,0,0,1,1,6,1,20,4,998,1,3,8,1,8
2018430378095,2,9,0,4,0,0,0,0,0,0,2,1,6,2,25,5,1685,2,-1,9,1,9
2018430378095,3,9,0,4,0,0,0,0,0,0,2,1,6,1,50,8,1798,8,-1,-1,-1,-1
2018430378101,1,9,0,9,0,6,0,0,0,0,1,1,6,2,41,7,3200,2,7,-1,-1,-1
2018430378167,1,9,0,9,0,5,0,0,0,0,1,1,6,2,65,9,1275,1,19,-1,-1,-1
2018430378167,2,1,0,18,4,8,0,0,0,0,3,1,6,2,43,7,-1,-1,-1,6,1,6
2018430378213,1,9,0,4,0,0,0,0,0,0,2,1,6,2,41,7,1595,1,1,5,1,5
2018430378213,2,9,0,18,0,0,0,0,0,0,1,1,6,2,20,4,1229,1,8,-1,-1,-1
2018430378218,1,9,0,18,0,1,0,0,0,0,1,1,6,1,60,9,1948,1,18,-1,-1,-1
2018430378218,2,9,0,3,0,1,0,0,0,0,2,1,6,2,18,4,998,1,7,10,-1,10
2018430378423,1,9,0,13,0,0,0,0,0,0,1,1,6,2,68,10,999,1,4,8,3,8
2018430378423,2,20,0,18,0,0,0,0,0,0,2,1,1,1,35,6,-1,-1,-1,4,1,4
2018430378423,3,21,1,18,0,0,0,0,0,0,3,2,1,1,48,8,-1,-1,-1,-1,-1,-1
2018430378425,1,9,0,9,0,8,0,0,0,0,1,1,6,1,24,5,1390,1,13,2,1,2
2018430378425,2,9,0,18,0,1,0,0,0,0,1,1,6,1,33,6,-1,-1,-1,7,1,7
2018430378735,1,5,0,9,0,6,0,0,0,0,4,1,6,1,41,7,125,1,2,7,3,7
2018430378735,2,9,0,18,0,8,0,0,0,0,1,1,6,1,26,6,-1,-1,-1,10,3,10
2018430379058,1,9,0,18,0,4,0,0,0,0,4,1,6,2,55,8,-1,-1,-1,-1,-1,-1
2018430379058,2,3,0,9,0,8,1,0,0,0,3,1,6,1,21,5,124,1,7,4,1,4
2018430379064,1,9,0,11,0,0,0,0,1,0,1,1,6,2,70,10,1329,1,6,10,1,10
2018430379064,2,9,0,2,0,0,0,0,0,0,2,1,6,2,35,6,1598,1,13,-1,-1,-1
2018430379064,3,9,0,2,0,0,0,0,0,0,1,1,6,2,35,6,-1,-1,-1,4,1,4
2018430379081,1,9,0,18,0,1,0,0,0,0,1,1,6,2,-1,-1,-1,-1,-1,-1,-1,-1
2018430379081,2,9,0,8,0,1,0,0,0,0,2,1,6,2,35,6,1995,2,8,2,1,2
2018430379128,1,9,0,18,0,1,0,0,0,0,4,1,1,1,53,8,1950,2,2,6,1,6
2018430379169,1,9,0,7,0,7,0,0,1,11,1,1,6,1,88,11,1799,1,22,-1,-1,-1
2018430379169,2,9,0,18,0,8,0,0,7,10,1,1,1,1,53,8,-1,-1,-1,-1,-1,-1
2018430379214,1,9,0,9,0,3,0,0,0,0,3,1,6,1,77,11,1796,1,19,10,1,10
2018430379242,1,19,0,4,0,0,0,0,0,0,1,1,1,1,46,8,2198,2,12,8,1,8
2018430379252,1,9,0,18,0,0,1,10,7,4,1,1,6,2,18,4,1149,1,11,10,1,10
2018430379323,1,19,0,1,0,2,0,0,0,0,2,1,6,1,-1,-1,1995,2,-1,-1,-1,-1
2018430379323,2,1,0,3,0,1,0,0,0,0,1,1,6,1,38,7,-1,-1,-1,7,1,7
2018430379356,1,9,0,18,0,0,0,0,0,0,3,1,2,2,53,8,-1,-1,-1,10,1,10
2018430379358,1,9,0,16,0,0,1,10,1,11,1,1,2,1,25,5,-1,-1,-1,6,1,6
2018430379358,2,21,0,3,0,0,0,0,0,0,0,1,1,1,35,6,7698,2,1,9,3,9
2018430379369,1,19,0,18,0,0,0,0,0,0,1,1,1,1,34,6,1598,2,3,5,1,5
2018430379369,2,9,0,3,0,0,0,0,0,0,2,1,6,2,44,7,2499,1,12,9,3,9
2018430379369,3,19,0,3,0,0,0,0,0,0,2,1,1,1,28,6,2198,2,4,10,1,10
2018430379369,4,19,0,3,0,0,0,0,0,0,2,1,1,1,50,8,1998,2,13,10,1,10
2018430379452,1,9,0,18,0,8,1,0,0,0,3,1,6,1,-1,-1,3000,2,9,-1,-1,-1
2018430379452,2,9,0,10,0,1,0,0,0,0,3,1,6,1,42,7,1991,2,12,7,1,7
2018430379516,1,9,0,18,0,0,0,0,0,0,1,1,2,1,51,8,2179,2,6,6,1,6
2018430379516,2,1,0,18,0,0,0,0,1,0,2,1,2,1,51,8,-1,-1,-1,-1,-1,-1
2018430379524,1,9,0,18,0,0,1,0,7,4,1,1,6,2,25,5,1796,1,13,5,1,5
2018430379969,1,9,0,9,0,6,1,0,0,0,1,1,6,2,31,6,-1,-1,-1,-1,-1,-1
2018430379969,2,9,0,18,0,8,0,0,7,0,4,1,6,1,37,7,-1,-1,-1,9,2,9
2018430380265,1,9,0,18,0,8,0,0,0,0,1,1,6,3,-1,-1,-1,-1,-1,-1,-1,-1
2018430380265,2,9,0,18,0,8,0,0,0,0,2,1,6,1,60,9,1598,1,14,3,1,3
2018430380265,3,9,0,18,0,8,0,0,0,0,2,1,6,3,-1,-1,1596,1,5,-1,-1,-1
2018430380269,1,19,0,1,0,0,0,0,0,0,2,1,6,1,-1,-1,2287,2,7,-1,-1,-1
2018430380269,2,5,0,18,0,0,0,0,0,0,1,1,1,1,-1,-1,645,1,6,3,1,3
2018430380287,1,9,0,9,0,6,0,0,0,0,1,1,6,2,70,10,1149,1,9,-1,-1,-1
2018430380287,2,1,0,18,0,8,0,0,0,0,1,1,6,2,42,7,-1,-1,-1,4,1,4
2018430380376,1,9,0,18,0,0,0,0,0,0,1,1,6,1,53,8,-1,-1,-1,5,1,5
2018430380394,1,9,0,18,0,0,0,0,0,0,1,1,6,1,64,9,1248,1,2,3,1,3
2018430380412,1,9,0,6,0,0,0,0,0,0,3,1,6,2,68,10,1590,1,17,6,2,6
2018430380412,2,9,0,18,0,0,0,0,1,4,1,1,6,2,60,9,-1,-1,-1,5,1,5
2018430380418,1,9,0,18,0,0,0,0,0,0,1,1,1,1,54,8,1956,2,2,1,1,1
2018430380418,2,9,0,18,0,0,0,0,0,0,1,1,1,1,42,7,1596,1,4,7,1,7
2018430380460,1,9,0,9,0,6,0,0,0,0,0,1,6,1,50,8,-1,-1,-1,-1,-1,-1
2018430380460,2,1,0,18,0,6,1,0,0,0,0,1,2,1,38,7,-1,-1,-1,5,1,5
2018430380522,1,9,0,1,0,1,0,0,0,0,2,1,6,2,52,8,1997,2,13,8,1,8
2018430380538,1,9,0,18,0,8,0,0,0,0,4,1,6,1,54,8,2179,2,10,7,2,7
2018430380538,2,9,0,9,0,6,0,0,0,0,4,1,6,2,-1,-1,-1,-1,-1,-1,-1,-1
2018430380673,1,9,0,9,0,8,0,0,0,0,2,1,1,2,58,9,1968,2,13,3,1,3
2018430380673,2,9,0,18,0,8,0,0,0,0,1,1,6,2,73,10,1798,8,2,10,2,10
2018430380908,1,9,0,9,0,6,0,0,0,0,3,1,6,1,72,10,2198,2,12,9,3,9
2018430380908,2,9,0,18,0,8,0,0,0,0,1,1,6,1,78,11,-1,-1,-1,8,3,8
2018430380992,1,9,0,16,0,0,0,0,1,9,1,1,6,1,39,7,1398,2,13,4,1,4
2018430381028,1,9,0,18,0,0,1,10,1,2,3,1,6,1,45,7,1984,1,4,4,1,4
2018430381077,1,19,0,17,0,0,0,0,0,0,1,1,6,1,56,9,-1,-1,-1,6,2,6
2018430381077,2,9,0,16,0,0,0,0,0,0,1,1,6,1,59,9,-1,-1,-1,9,3,9
2018430381086,1,3,0,18,0,0,0,0,0,0,3,1,6,2,-1,-1,-1,-1,-1,-1,-1,-1
2018430381086,2,1,0,18,0,0,0,0,0,0,1,1,6,1,26,6,-1,-1,-1,2,1,2
2018430381133,1,9,0,5,0,0,0,0,0,0,1,1,6,1,50,8,1910,2,12,7,3,7
2018430381133,2,9,0,5,0,0,0,0,0,0,1,1,2,2,58,9,898,1,2,4,1,4
2018430381240,1,9,0,7,0,6,0,0,0,0,1,1,6,1,40,7,1999,1,8,-1,-1,-1
2018430381301,1,19,0,9,0,1,0,0,0,0,0,1,6,3,-1,-1,-1,-1,-1,-1,-1,-1
2018430381301,2,9,0,18,0,8,0,9,7,0,1,1,2,1,19,4,2143,2,3,9,2,9
2018430381390,1,21,1,12,0,0,0,0,0,0,3,1,1,1,61,9,-1,-1,-1,-1,-1,-1
2018430381390,2,9,0,18,0,0,0,0,0,0,4,1,2,1,51,8,1761,1,17,-1,-1,-1
2018430381399,1,9,0,5,9,6,0,7,4,2,1,1,6,1,81,11,1400,1,13,2,1,2
2018430381416,1,19,0,18,0,0,0,0,0,0,4,1,1,1,49,8,1499,2,1,2,1,2
2018430381422,1,9,0,9,0,6,0,0,0,0,4,1,1,1,50,8,-1,-1,-1,-1,-1,-1
2018430381422,2,1,0,18,0,8,0,0,0,0,1,1,6,1,60,9,-1,-1,-1,8,1,8
2018430381448,1,9,0,18,0,2,0,0,0,0,1,1,3,2,36,7,1798,8,6,7,3,7
2018430381450,1,9,0,18,0,0,1,0,0,0,1,1,6,1,24,5,1198,1,13,-1,-1,-1
2018430381454,1,9,0,9,0,6,0,0,0,0,1,1,1,2,-1,-1,-1,-1,-1,-1,-1,-1
2018430381454,2,3,0,18,0,8,0,0,0,0,3,1,2,1,27,6,-1,-1,-1,-1,-1,-1
2018430381528,1,9,0,9,0,5,0,0,0,0,1,1,6,1,48,8,1997,2,9,7,1,7
2018430381528,2,2,0,18,0,1,0,0,0,0,1,1,6,2,24,5,49,1,5,4,1,4
2018430381570,1,9,0,18,0,1,1,0,2,6,1,1,6,1,29,6,2720,2,11,3,1,3
2018430381570,2,21,1,15,0,1,0,0,0,0,3,1,1,1,53,8,-1,-1,-1,1,1,1
2018430381570,3,9,0,18,0,1,0,0,4,6,1,1,6,1,50,8,1499,2,3,1,1,1
2018430381612,1,9,0,7,0,6,0,0,0,0,3,1,6,1,69,10,1560,2,6,10,1,10
2018430381612,2,9,0,18,0,8,0,0,0,0,4,1,6,1,69,10,1598,2,2,10,1,10
2018430381612,3,9,0,10,0,1,0,0,0,0,3,1,6,1,34,6,2143,2,-1,7,2,7
2018430382173,1,9,0,18,9,0,0,10,1,0,1,1,6,2,48,8,1242,1,5,10,1,10
2018430382890,1,9,0,18,0,4,0,0,0,0,1,1,6,1,50,8,1461,2,5,6,1,6
2018430382890,2,1,0,18,0,8,0,0,0,0,1,1,6,1,64,9,-1,-1,-1,5,3,5
2018430383244,1,9,0,18,0,0,0,0,0,0,1,1,6,2,-1,-1,2987,2,11,7,3,7
2018430383775,1,9,0,16,0,0,0,0,0,0,1,1,6,1,34,6,2521,1,8,9,1,9
2018430383775,2,9,0,17,0,0,0,0,0,0,1,1,6,2,52,8,1461,2,7,9,2,9
2018430383779,1,9,0,18,0,0,0,0,0,0,1,1,6,2,20,4,1198,1,7,4,1,4
2018430383925,1,9,0,18,0,8,5,0,1,0,1,1,6,1,61,9,1242,1,9,3,1,3
2018430383925,2,9,0,18,0,4,0,0,0,0,1,1,6,1,26,6,1390,1,10,7,3,7
2018430383927,1,8,0,18,0,8,0,0,0,0,1,1,6,3,-1,-1,-1,-1,-1,-1,-1,-1
2018430383928,1,9,0,18,0,1,0,0,0,0,1,1,6,1,60,9,-1,-1,-1,-1,-1,-1
2018430383928,2,9,0,3,0,1,0,0,0,0,2,1,1,1,-1,-1,-1,-1,-1,1,1,1
2018430383934,1,9,0,18,0,0,0,0,0,0,4,1,6,1,36,7,-1,-1,-1,-1,-1,-1
2018430383934,2,9,0,2,6,0,0,0,0,0,3,1,6,2,45,7,2656,1,12,2,1,2
2018430383947,1,9,0,9,0,4,0,0,0,0,1,1,6,1,32,6,2171,1,16,8,3,8
2018430383947,2,9,0,18,0,8,0,0,0,0,4,1,6,2,57,9,999,1,4,7,1,7
2018430383964,1,9,0,9,0,7,0,0,0,0,3,1,1,1,53,8,2790,1,12,6,1,6
2018430383964,2,1,0,10,0,8,0,0,0,0,1,1,2,1,57,9,-1,-1,-1,5,1,5
2018430383965,1,9,0,9,0,4,0,0,0,0,1,1,6,2,78,11,1586,1,4,9,1,9
2018430383965,2,5,0,9,0,3,0,0,0,0,4,1,2,1,39,7,660,1,4,8,1,8
2018430383995,1,9,0,7,0,3,0,0,0,0,1,1,6,3,-1,-1,3000,1,16,-1,-1,-1
2018430383995,2,9,0,18,0,1,0,0,0,0,1,1,1,2,36,7,1560,2,1,4,1,4
2018430384083,1,11,0,5,0,0,0,0,0,0,4,1,1,1,49,8,6700,2,5,8,3,8
2018430384146,1,9,0,7,0,6,0,0,0,0,1,1,6,1,-1,-1,1995,2,2,-1,-1,-1
2018430384146,2,9,0,18,0,1,0,0,0,0,4,1,6,1,31,6,1995,2,14,2,1,2
2018430384155,1,9,0,9,0,8,1,0,2,2,1,1,1,1,26,6,1596,1,13,10,1,10
2018430384155,2,9,0,9,0,8,0,0,0,0,3,1,1,2,35,6,1598,2,-1,7,2,7
2018430384179,1,9,0,18,0,0,0,0,7,10,3,1,6,1,-1,-1,1994,1,13,-1,-1,-1
2018430384212,1,8,0,18,0,1,0,0,7,0,1,1,1,1,52,8,-1,-1,-1,4,1,4
2018430384212,2,9,0,9,0,5,0,0,0,0,2,1,6,1,31,6,1968,2,12,10,1,10
2018430384212,3,9,0,18,0,1,0,0,0,0,1,1,6,1,46,8,1339,1,12,10,1,10
2018430384260,1,9,0,3,0,0,0,0,0,0,2,1,6,1,44,7,2000,2,6,7,1,7
2018430384260,2,9,0,5,0,0,0,0,0,0,1,1,6,1,60,9,2497,1,11,7,3,7
2018430384294,1,9,0,18,0,0,0,0,0,0,1,1,2,2,34,6,1582,2,5,7,1,7
2018430384345,1,9,0,18,0,0,0,0,0,0,3,1,6,2,-1,-1,1242,1,12,-1,-1,-1
2018430384573,1,9,0,18,0,0,2,0,7,11,2,1,6,1,23,5,1388,1,11,-1,-1,-1
2018430385050,1,8,0,9,0,0,0,0,0,0,1,1,1,1,29,6,2143,2,2,8,1,8
2018430385091,1,9,0,3,0,4,0,0,0,0,2,1,6,1,55,8,-1,-1,-1,6,1,6
2018430385091,2,9,0,4,0,4,0,0,0,0,1,1,6,1,-1,-1,-1,-1,-1,-1,-1,-1
2018430385092,1,9,0,7,0,5,0,0,0,0,1,1,6,2,23,5,1400,2,12,3,1,3
2018430385092,2,1,0,18,0,8,0,0,0,0,3,1,6,1,33,6,-1,-1,-1,3,1,3
2018430385094,1,9,0,18,0,8,0,0,0,0,4,1,6,1,22,5,1396,2,8,8,1,8
2018430385094,2,9,0,18,0,4,0,0,0,0,1,1,6,1,-1,-1,-1,-1,-1,-1,-1,-1
2018430385100,1,9,0,18,0,0,1,0,0,0,1,1,6,1,29,6,2171,1,14,3,1,3
2018430385100,2,9,0,18,0,0,0,0,0,0,2,1,6,1,71,10,1461,2,1,7,1,7
2018430385111,1,19,0,9,0,8,0,0,0,0,3,1,6,1,30,6,1461,2,-1,-1,-1,-1
2018430385111,2,9,0,18,0,8,0,0,0,0,1,1,6,1,28,6,-1,-1,-1,2,1,2
2018430385123,1,9,0,18,0,8,0,0,0,0,0,1,6,3,-1,-1,-1,-1,-1,-1,-1,-1
2018430385123,2,1,0,18,0,8,0,0,0,0,0,1,2,2,35,6,-1,-1,-1,4,1,4
2018430385131,1,9,0,18,0,1,0,0,0,0,1,1,6,1,-1,-1,-1,-1,-1,-1,-1,-1
2018430385131,2,9,0,3,0,1,0,0,0,0,2,1,2,2,68,10,998,1,8,4,1,4
2018430385141,1,9,0,18,0,0,1,0,0,0,1,1,2,2,-1,-1,-1,-1,-1,-1,-1,-1
2018430385166,1,9,0,14,0,2,0,0,0,0,4,1,6,1,29,6,1560,2,11,3,1,3
2018430385166,2,9,0,2,0,2,0,0,0,0,4,1,6,1,50,8,1968,2,6,7,1,7
2018430385256,1,9,0,18,0,4,0,10,1,4,1,1,6,2,29,6,-1,-1,-1,2,1,2
2018430385257,1,9,0,18,0,0,0,0,0,0,1,1,6,2,-1,-1,-1,-1,-1,-1,-1,-1
2018430385263,1,9,0,17,0,0,2,0,1,9,3,1,6,2,80,11,1587,1,16,8,2,8