Accident_Index,Vehicle_Reference,Vehicle_Type,Towing_and_Articulation,Vehicle_Manoeuvre,Vehicle_Location-Restricted_Lane,Junction_Location,Skidding_and_Overturning,Hit_Object_in_Carriageway,Vehicle_Leaving_Carriageway,Hit_Object_off_Carriageway,1st_Point_of_Impact,Was_Vehicle_Left_Hand_Drive?,Journey_Purpose_of_Driver,Sex_of_Driver,Age_of_Driver,Age_Band_of_Driver,Engine_Capacity_(CC),Propulsion_Code,Age_of_Vehicle,Driver_IMD_Decile,Driver_Home_Area_Type,Vehicle_IMD_Decile
2018430385265,1,9,0,18,0,6,0,0,0,0,3,1,2,2,20,4,1397,1,17,9,3,9
2018430385265,2,9,0,18,0,1,0,0,0,0,1,1,2,2,54,8,998,1,9,10,1,10
2018430385306,1,9,0,18,0,8,1,10,3,0,1,1,2,1,25,5,2494,1,17,6,1,6
2018430385306,2,90,0,18,0,8,0,0,0,0,4,1,1,1,45,7,-1,-1,-1,9,1,9
2018430385326,1,9,0,18,0,4,0,10,1,4,1,1,6,2,29,6,1598,1,12,2,1,2
2018430385335,1,9,0,-1,0,1,0,0,0,0,1,1,6,3,-1,-1,-1,-1,-1,-1,-1,-1
2018430385335,2,9,0,18,0,1,0,0,0,0,2,1,6,2,57,9,1587,1,13,10,1,10
2018430385357,1,9,0,18,0,0,1,0,0,0,1,1,6,2,81,11,1560,2,5,-1,-1,-1
2018430385357,2,9,0,3,0,0,0,0,0,0,2,1,6,1,32,6,1598,2,8,8,2,8
2018430385357,3,9,0,3,0,0,0,0,0,0,2,1,6,1,42,7,1968,2,1,8,1,8
2018430385357,4,9,0,3,0,0,0,0,0,0,2,1,6,1,49,8,1956,2,-1,-1,-1,-1
2018430385393,1,9,0,9,0,5,0,0,0,0,1,1,6,2,63,9,1397,1,11,6,1,6
2018430385393,2,1,0,15,4,1,0,0,0,0,3,1,6,1,35,6,-1,-1,-1,5,1,5
2018430385477,1,19,0,18,0,0,0,0,0,0,4,1,1,1,-1,-1,-1,-1,-1,-1,-1,-1
2018430385505,1,3,0,16,0,0,1,0,0,0,0,1,2,1,19,4,125,1,2,9,1,9
2018430385512,1,5,0,18,0,0,0,11,0,0,1,1,2,1,53,8,1293,1,9,9,3,9
2018430385512,2,9,0,18,0,0,0,11,0,0,1,1,1,1,53,8,1950,2,2,9,3,9
2018430385967,1,9,0,18,0,0,0,0,0,0,1,1,6,1,41,7,1994,2,9,2,1,2
2018430385967,2,1,0,18,0,0,0,0,0,0,2,1,6,1,14,3,-1,-1,-1,2,1,2
2018430386003,1,9,0,18,0,4,0,0,0,0,1,1,6,1,-1,-1,898,1,-1,-1,-1,-1
2018430386003,2,9,0,18,0,8,0,0,0,0,4,1,6,2,28,6,1598,1,12,1,1,1
2018430386016,1,9,4,7,0,5,0,0,0,0,4,1,6,1,28,6,-1,-1,-1,7,1,7
2018430386033,1,9,0,18,0,0,0,0,0,0,3,1,6,1,32,6,1998,2,14,6,1,6
2018430386033,2,1,0,18,0,0,0,0,0,0,4,1,6,1,38,7,-1,-1,-1,4,1,4
2018430386205,1,9,0,9,0,4,0,0,0,0,1,1,1,1,51,8,-1,-1,-1,2,1,2
2018430386205,2,1,0,18,0,8,0,0,0,0,4,1,2,1,60,9,-1,-1,-1,6,1,6
2018430386309,1,9,0,18,0,5,0,0,0,0,1,1,6,2,57,9,1591,1,-1,7,3,7
2018430386309,2,9,0,18,0,8,0,0,0,0,3,1,6,2,56,9,1997,1,5,8,2,8
2018430386315,1,9,0,9,0,4,0,0,0,0,0,1,1,1,31,6,1598,2,-1,7,1,7
2018430386315,2,9,0,9,0,8,0,0,0,0,2,1,6,1,57,9,1798,8,3,6,2,6
2018430386315,3,9,0,9,0,8,0,0,0,0,1,1,6,1,61,9,1329,1,6,1,1,1
2018430386316,1,9,0,18,0,0,0,7,0,0,1,1,6,1,37,7,-1,-1,-1,5,1,5
2018430386316,2,9,0,18,0,0,0,0,0,0,0,1,6,1,50,8,1995,2,-1,5,1,5
2018430386328,1,9,0,9,0,6,1,0,0,0,3,1,6,1,72,10,1598,1,5,7,3,7
2018430386328,2,9,0,18,0,8,1,0,0,0,1,1,2,2,28,6,-1,-1,-1,7,3,7
2018430386340,1,9,0,18,0,0,0,0,7,1,1,1,6,2,67,10,1395,1,-1,5,2,5
2018430386354,1,10,0,17,0,0,1,0,1,9,4,1,1,1,34,6,-1,-1,-1,3,1,3
2018430386368,1,9,0,18,0,0,0,0,0,0,1,1,6,3,-1,-1,-1,-1,-1,-1,-1,-1
2018430386368,2,9,0,4,0,0,0,0,0,0,2,1,6,2,39,7,1995,2,12,6,1,6
2018430386368,3,8,0,4,0,0,0,0,0,0,2,1,1,1,27,6,2143,2,4,3,1,3
2018430386379,1,17,0,18,0,4,0,0,0,0,1,1,1,1,57,9,4400,2,10,10,2,10
2018430386379,2,9,0,9,0,8,0,0,0,0,4,1,6,2,76,11,998,1,-1,5,1,5
2018430386381,1,5,0,18,0,1,0,0,0,0,1,1,6,1,20,4,-1,-1,-1,-1,-1,-1
2018430386381,2,9,0,9,0,8,0,0,0,0,3,1,2,1,35,6,2993,2,1,8,3,8
2018430386390,1,9,0,18,0,0,0,0,0,0,1,1,6,1,29,6,-1,-1,-1,8,2,8
2018430386390,2,9,0,3,0,0,0,0,0,0,2,1,6,1,59,9,1499,8,2,7,3,7
2018430386390,3,9,0,3,0,0,0,0,0,0,2,1,6,1,41,7,1560,2,2,9,1,9
2018430386423,1,9,0,5,0,8,0,0,0,0,4,1,1,1,23,5,1461,2,1,9,1,9
2018430386423,2,9,0,18,0,1,0,0,0,0,1,1,6,1,40,7,1995,2,12,-1,-1,-1
2018430386438,1,9,0,18,0,4,0,0,0,0,1,1,6,3,34,6,-1,-1,-1,5,1,5
2018430386438,2,1,0,18,0,8,0,0,0,0,2,1,6,1,23,5,-1,-1,-1,10,1,10
2018430386553,1,9,0,9,0,6,0,0,0,0,1,1,6,2,79,11,898,1,2,10,1,10
2018430386553,2,2,0,18,0,8,0,0,0,0,4,1,6,2,16,4,49,1,-1,8,1,8
2018430386600,1,9,0,9,0,4,0,0,0,0,1,1,1,2,19,4,1299,1,10,8,3,8
2018430386600,2,9,0,18,0,8,0,0,0,0,1,1,1,2,20,4,1368,1,1,3,1,3
2018430386846,1,9,0,18,0,1,0,0,0,0,1,1,6,1,-1,-1,-1,-1,-1,-1,-1,-1
2018430386846,2,9,0,10,0,1,0,0,0,0,2,1,2,1,-1,-1,-1,-1,-1,-1,-1,-1
2018430387202,1,9,0,9,0,8,0,0,0,0,1,1,6,3,40,7,998,1,19,5,1,5
2018430387364,1,8,0,18,0,0,0,0,0,0,1,1,6,1,-1,-1,-1,-1,-1,-1,-1,-1
2018430387364,2,1,0,18,0,0,0,0,0,0,1,1,6,1,15,3,-1,-1,-1,2,1,2
2018430387372,1,9,0,9,0,5,0,0,0,0,1,1,6,1,88,11,-1,-1,-1,10,1,10
2018430387372,2,3,0,18,0,8,0,0,0,0,1,1,6,1,25,5,-1,-1,-1,3,1,3
2018430387383,1,9,0,18,0,4,0,0,0,0,1,1,6,2,40,7,1598,1,11,-1,-1,-1
2018430387383,2,1,0,18,0,8,0,0,0,0,4,1,2,1,26,6,-1,-1,-1,7,1,7
2018430387391,1,9,0,18,0,4,0,0,0,0,3,1,6,1,-1,-1,1596,1,7,5,1,5
2018430387391,2,9,0,9,0,8,0,0,0,0,1,1,6,3,-1,-1,-1,-1,-1,-1,-1,-1
2018430387395,1,1,0,14,0,8,0,0,0,0,1,1,6,1,17,4,-1,-1,-1,8,3,8
2018430387395,2,9,0,9,0,6,0,0,0,0,3,1,6,2,55,8,2179,2,3,8,1,8
2018430387399,1,9,0,18,0,8,0,7,0,0,1,1,6,1,75,10,1242,1,14,10,1,10
2018430387401,1,19,0,9,0,8,0,0,0,0,1,1,6,1,44,7,-1,-1,-1,4,1,4
2018430387401,2,9,0,9,0,8,0,0,0,0,2,1,2,2,39,7,1229,1,-1,9,2,9
2018430387405,1,9,0,7,5,6,0,0,0,0,1,1,6,1,41,7,1969,8,1,8,1,8
2018430387405,2,1,0,18,5,8,0,0,0,0,1,1,6,1,60,9,-1,-1,-1,6,1,6
2018430387406,1,9,0,4,0,0,0,0,0,0,1,1,2,2,19,4,1149,1,11,8,1,8
2018430387406,2,9,0,4,0,0,0,0,0,0,2,1,6,1,37,7,-1,-1,-1,8,1,8
2018430387417,1,9,0,18,0,1,0,0,0,0,1,1,6,1,34,6,1968,2,5,5,1,5
2018430387417,2,9,0,4,0,1,0,0,0,0,2,1,6,1,73,10,1968,2,1,10,1,10
2018430387502,1,9,0,18,0,1,0,0,3,0,1,1,6,1,56,9,-1,-1,-1,9,1,9
2018430387513,1,9,0,3,0,8,0,0,0,0,4,1,6,2,32,6,1242,1,9,10,2,10
2018430387513,2,9,0,18,0,8,0,0,0,0,3,1,6,3,-1,-1,-1,3,2,-1,-1,-1
2018430387539,1,19,0,18,0,8,0,0,0,0,4,1,6,1,27,6,2298,2,-1,3,1,3
2018430387539,2,19,0,18,0,4,0,0,0,0,1,1,6,3,-1,-1,-1,-1,-1,-1,-1,-1
2018430387558,1,9,0,9,0,8,0,0,0,0,1,1,1,1,37,7,1124,1,14,9,1,9
2018430387558,2,9,0,18,0,4,0,0,0,0,3,1,6,2,34,6,1896,2,10,2,1,2
2018430387584,1,9,0,7,0,6,0,0,0,0,1,1,6,2,75,10,1149,1,12,-1,-1,-1
2018430387584,2,1,0,18,0,8,0,0,0,0,4,1,6,1,25,5,-1,-1,-1,9,1,9
2018430388100,1,9,0,18,0,0,0,0,0,0,1,1,1,2,28,6,1242,1,10,8,2,8
2018430388100,2,19,0,3,0,0,0,0,0,0,2,1,1,1,42,7,2287,2,9,-1,-1,-1
2018430388100,3,19,0,3,0,0,0,0,0,0,2,1,1,1,38,7,1995,2,1,-1,-1,-1
2018430388197,1,9,0,9,0,8,0,0,0,0,4,1,6,2,74,10,1299,1,17,5,1,5
2018430388197,2,3,0,18,0,1,0,0,0,0,1,1,6,1,16,4,49,1,1,4,1,4
2018430388476,1,9,0,9,0,5,0,0,0,0,3,1,6,2,63,9,1999,1,9,10,1,10
2018430388506,1,98,0,18,0,0,0,0,0,0,1,1,6,1,58,9,-1,-1,-1,3,1,3
2018430388506,2,9,0,18,0,0,0,0,0,0,1,1,6,1,20,4,1999,2,2,8,3,8
2018430388530,1,9,0,18,0,0,2,0,0,0,1,1,6,1,18,4,1598,1,12,10,1,10
2018430388538,1,9,0,16,0,0,1,0,8,11,3,1,6,1,22,5,1956,2,4,-1,-1,-1
2018430388540,1,9,0,-1,0,6,0,0,0,0,4,1,6,1,28,6,1997,2,-1,-1,-1,-1
2018430388540,2,9,0,18,0,1,0,0,0,0,3,1,6,2,21,5,1398,1,3,-1,-1,-1
2018430388541,1,9,0,18,0,0,0,0,0,0,1,1,6,1,21,5,1395,1,-1,6,1,6
2018430388541,2,9,0,18,0,0,0,0,0,0,2,1,6,1,-1,-1,1398,2,5,4,1,4
2018430388545,1,19,0,9,0,6,0,0,0,0,1,1,1,1,-1,-1,2143,2,2,-1,-1,-1
2018430388553,1,9,0,18,0,1,0,0,0,0,3,1,6,1,43,7,1596,1,12,4,1,4
2018430388553,2,4,0,18,0,1,0,0,0,0,1,1,6,1,25,5,-1,-1,-1,7,2,7
2018430388568,1,9,0,18,0,0,0,0,0,0,2,1,6,3,-1,-1,-1,-1,-1,-1,-1,-1
2018430388570,1,9,0,18,0,0,0,0,0,0,1,1,6,1,35,6,1499,2,2,8,3,8
2018430388570,2,9,0,2,0,0,0,0,0,0,2,1,6,2,26,6,1149,1,5,-1,-1,-1
2018430388604,1,9,0,14,9,0,0,0,0,0,4,1,6,3,-1,-1,1596,1,10,-1,-1,-1
2018430388604,2,98,0,2,0,0,0,0,0,0,0,1,1,3,-1,-1,-1,-1,-1,-1,-1,-1
2018430388714,1,9,0,9,0,5,0,0,0,0,3,1,2,2,48,8,1497,1,15,9,1,9
2018430388773,1,9,0,13,0,0,0,0,0,0,1,1,2,1,42,7,1896,2,13,8,1,8
2018430388773,2,9,0,16,0,0,0,0,0,0,1,1,2,1,46,8,-1,-1,-1,9,1,9
2018430388773,3,9,0,18,0,0,0,0,0,0,3,1,6,2,49,8,1248,1,7,10,2,10
2018430388850,1,19,0,18,0,0,0,0,0,0,1,1,6,1,70,10,1995,2,2,3,1,3
2018430388850,2,9,0,3,0,0,0,0,0,0,2,1,6,2,25,5,1200,1,2,5,1,5
2018430388934,1,9,0,18,0,0,0,0,0,0,1,1,6,1,-1,-1,1796,1,14,-1,-1,-1
2018430388934,2,9,0,3,0,0,0,0,0,0,2,1,6,2,44,7,-1,-1,-1,8,1,8
2018430390038,1,9,0,18,0,2,0,0,0,0,4,1,6,2,81,11,1596,1,5,10,1,10
2018430390088,1,9,0,18,0,1,5,0,0,0,1,1,6,1,62,9,1332,1,-1,9,1,9
2018430390088,2,9,0,4,0,1,0,0,0,0,2,1,2,1,20,4,1248,1,-1,9,2,9
2018430390088,3,90,0,14,0,1,0,0,0,0,1,1,1,1,24,5,2987,2,5,9,1,9
2018430390149,1,9,0,1,9,6,0,0,0,0,2,1,6,1,71,10,-1,-1,-1,10,1,10
2018430390289,1,1,0,18,0,8,0,0,0,0,3,1,6,1,51,8,-1,-1,-1,5,1,5
2018430390289,2,9,0,18,0,8,0,0,0,0,1,1,2,2,29,6,1399,2,11,5,1,5
2018430390381,1,8,0,9,0,6,0,0,0,0,1,1,1,1,28,6,1798,8,2,9,1,9
2018430390470,1,9,0,18,0,0,0,0,0,0,1,1,6,1,28,6,2967,2,6,4,1,4
2018430390470,2,1,0,18,0,0,0,0,0,0,2,1,6,2,31,6,-1,-1,-1,4,1,4
2018430390470,3,1,0,18,0,0,0,0,0,0,2,1,6,1,28,6,-1,-1,-1,7,1,7
2018430390518,1,9,0,9,0,6,0,0,0,0,1,1,6,2,18,4,1299,1,15,10,1,10
2018430390518,2,3,0,17,0,8,0,0,0,0,1,1,6,1,16,4,124,1,12,5,1,5
2018430390523,1,9,0,6,0,0,0,7,0,0,1,1,6,1,31,6,1969,2,1,9,1,9
2018430390709,1,4,0,18,0,1,0,0,0,0,1,1,6,1,23,5,-1,-1,-1,5,1,5
2018430390709,2,19,0,9,0,1,0,0,0,0,3,1,1,1,57,9,-1,-1,-1,9,1,9
2018430390986,1,9,0,18,0,2,1,0,0,0,1,1,6,1,70,10,1591,1,10,3,1,3
2018430390986,2,9,0,8,0,1,0,0,0,0,2,1,6,1,48,8,2993,2,6,8,3,8
2018430391028,1,9,0,18,0,0,0,0,0,0,3,1,6,1,53,8,1461,2,7,10,1,10
2018430391116,1,9,0,18,0,0,1,0,1,4,1,1,1,1,50,8,2231,2,13,-1,-1,-1
2018430391119,1,9,0,5,0,1,0,0,0,0,1,1,6,3,-1,-1,-1,-1,-1,-1,-1,-1
2018430391119,2,98,0,2,0,8,0,0,0,0,0,1,1,1,-1,-1,-1,-1,-1,-1,-1,-1
2018430391134,1,9,0,1,0,0,0,0,0,0,1,1,6,1,40,7,-1,-1,-1,9,1,9
2018430391134,2,9,0,3,0,0,0,0,0,0,2,1,6,2,38,7,1896,2,10,-1,-1,-1
2018430391138,1,9,0,18,0,0,1,0,0,0,1,1,2,1,22,5,1149,1,15,9,3,9
2018430391138,2,9,0,18,0,0,0,0,0,0,1,1,6,1,60,9,1598,1,14,4,1,4
2018430391138,3,11,0,18,0,0,0,0,1,0,1,1,1,1,43,7,-1,-1,-1,3,1,3
2018430391151,1,19,0,18,0,0,0,0,0,0,4,1,6,1,55,8,-1,-1,-1,8,1,8
2018430391158,1,9,0,18,0,3,0,0,0,0,1,1,6,2,45,7,1598,1,15,-1,-1,-1
2018430391336,1,9,0,17,0,2,1,0,2,1,1,1,6,2,20,4,1598,2,5,1,1,1
2018430391559,1,9,0,7,0,1,0,0,0,0,4,1,1,2,43,7,1999,2,1,10,1,10
2018430391559,2,1,0,7,0,1,0,0,0,0,3,1,1,2,49,8,-1,-1,-1,2,1,2
2018430391643,1,9,0,17,0,0,0,0,2,2,1,1,6,1,24,5,1598,1,16,10,1,10
2018430391832,1,9,0,18,0,0,0,0,0,0,4,1,6,3,-1,-1,-1,-1,-1,-1,-1,-1
2018430392286,1,9,0,9,0,8,0,0,0,0,1,1,6,1,22,5,1598,1,17,5,1,5
2018430392286,2,90,0,18,0,8,0,0,0,0,1,1,1,1,29,6,2299,2,-1,-1,2,-1
2018430392376,1,9,0,18,0,1,0,0,0,0,1,1,6,1,24,5,1339,1,9,7,1,7
2018430392376,2,9,0,9,0,8,0,0,0,0,4,1,6,1,34,6,1968,2,3,6,1,6
2018430392600,1,2,0,18,0,1,0,0,0,0,1,1,6,1,46,8,49,1,8,5,1,5
2018430392600,2,9,0,4,0,1,0,0,0,0,2,1,6,1,55,8,1390,1,9,10,1,10
2018430392884,1,9,0,18,0,0,0,0,0,0,1,1,6,1,-1,-1,1794,1,13,-1,-1,-1
2018430392898,1,9,0,9,0,5,0,0,0,0,1,1,6,3,-1,-1,-1,-1,-1,-1,-1,-1
2018430392898,2,1,0,10,0,1,0,0,0,0,1,1,1,1,24,5,-1,-1,-1,7,1,7
2018430392902,1,8,0,18,0,4,1,9,0,0,1,1,1,1,38,7,1798,8,6,2,1,2
2018430392916,1,9,0,7,0,2,1,0,0,0,1,1,6,1,19,4,1390,1,9,7,3,7
2018430392916,2,9,0,10,0,1,0,0,1,4,2,1,6,1,65,9,1968,2,5,7,3,7
2018430392916,3,9,0,3,0,1,0,0,0,0,2,1,6,2,68,10,1997,2,-1,10,2,10
2018430392923,1,9,0,18,0,0,0,0,0,0,1,1,6,1,-1,-1,-1,-1,-1,-1,-1,-1
2018430392923,2,9,0,3,0,0,0,0,0,0,2,1,6,2,56,9,2179,2,11,8,3,8
2018430392937,1,19,0,18,0,1,0,0,0,0,1,1,1,1,63,9,2148,2,10,10,3,10
2018430392937,2,9,0,3,0,1,0,0,0,0,2,1,2,1,47,8,1598,1,10,10,1,10
2018430392937,3,9,0,4,0,1,0,0,0,0,2,1,2,1,39,7,1498,1,-1,8,1,8
2018430392937,4,19,0,4,0,1,0,0,0,0,2,1,1,1,64,9,2402,2,11,4,1,4
2018430392939,1,9,0,18,0,0,0,0,0,0,1,1,6,1,23,5,1364,1,9,5,1,5
2018430392939,2,9,0,3,0,0,0,0,0,0,2,1,6,2,22,5,1956,2,4,-1,-1,-1
2018430392939,3,9,0,3,0,0,0,0,0,0,2,1,6,1,33,6,1395,1,1,7,1,7
2018430392944,1,9,0,1,0,0,0,0,0,0,2,1,6,2,35,6,1686,2,12,-1,-1,-1
2018430392980,1,8,0,18,0,0,0,0,0,0,1,1,1,1,-1,-1,-1,-1,-1,-1,-1,-1
2018430393038,1,9,0,18,0,8,0,0,0,0,1,1,6,2,62,9,1299,1,15,10,1,10
2018430393038,2,9,0,7,0,6,0,0,0,0,3,1,6,2,-1,-1,1368,1,5,-1,-1,-1
2018430393271,1,9,0,18,0,0,0,0,0,0,3,1,1,1,20,4,1596,1,12,2,1,2
2018430393271,2,19,0,18,0,0,0,0,0,0,3,1,1,1,54,8,1995,2,-1,-1,3,-1
2018430393271,3,9,0,18,0,0,0,0,0,0,3,1,1,1,33,6,1956,2,7,1,1,1
2018430393522,1,9,0,9,0,2,0,0,0,0,1,1,1,2,74,10,1600,1,13,-1,-1,-1
2018430393612,1,9,0,18,0,0,0,0,0,0,1,1,6,1,-1,-1,-1,-1,-1,-1,-1,-1
2018430393612,2,9,0,4,0,0,0,0,0,0,2,1,6,1,77,11,1200,1,2,10,1,10
2018430393612,3,9,0,4,0,0,0,0,0,0,2,1,6,1,-1,-1,1995,1,7,-1,-1,-1
2018430393635,1,9,0,18,0,8,0,0,0,0,1,1,1,2,68,10,1995,2,3,10,1,10
2018430393652,1,9,0,17,0,8,0,0,0,0,1,1,6,1,37,7,1995,2,4,1,1,1
2018430393652,2,9,0,17,0,8,0,0,0,0,1,1,6,1,28,6,1995,1,10,5,1,5
2018430393788,1,19,0,1,0,0,0,0,0,0,2,1,6,1,-1,-1,2488,2,11,-1,-1,-1
2018430393788,2,19,0,1,0,0,0,0,0,0,4,1,1,2,27,6,1968,2,-1,6,1,6
2018430393800,1,9,0,18,0,4,0,0,0,0,1,1,6,1,23,5,1390,1,4,-1,-1,-1
2018430393800,2,9,0,18,0,8,0,0,0,0,4,1,6,2,30,6,999,1,3,1,1,1
2018430393904,1,9,0,7,0,5,0,0,0,0,4,1,6,1,-1,-1,-1,-1,-1,-1,-1,-1
2018430393904,2,1,0,18,0,1,1,0,0,0,3,1,6,1,15,3,-1,-1,-1,-1,-1,-1
2018430393906,1,9,0,5,0,1,0,0,7,1,1,1,6,1,30,6,2499,1,13,5,1,5
2018430393923,1,21,1,18,0,0,0,0,0,0,1,1,1,1,29,6,10837,2,7,1,1,1
2018430393923,2,1,0,18,0,0,0,0,0,0,2,1,6,1,23,5,-1,-1,-1,-1,-1,-1
2018430393934,1,9,0,9,0,8,0,0,0,0,4,1,1,2,28,6,1499,1,3,8,3,8
2018430393934,2,5,0,18,0,8,0,0,0,0,1,1,1,1,32,6,600,1,15,-1,-1,-1
2018430393939,1,9,0,18,0,4,0,0,0,0,1,1,6,1,-1,-1,1598,2,7,10,1,10
2018430393939,2,9,0,4,0,4,0,0,0,0,2,1,6,2,42,7,1461,2,2,10,1,10
2018430393950,1,9,0,7,0,6,0,0,0,0,3,1,6,1,32,6,1995,2,4,-1,1,-1
2018430393950,2,8,0,18,0,8,0,0,0,0,4,1,1,1,38,7,1968,2,2,5,1,5
2018430393951,1,9,0,9,0,5,0,0,0,0,3,1,6,2,-1,-1,-1,-1,-1,-1,-1,-1
2018430393951,2,9,0,14,0,1,0,0,0,0,1,1,6,3,-1,-1,-1,-1,-1,-1,-1,-1
2018430394000,1,9,0,18,0,1,0,0,0,0,1,1,6,1,-1,-1,-1,-1,-1,-1,-1,-1
2018430394000,2,3,0,3,0,1,0,0,0,0,2,1,6,1,30,6,125,1,-1,7,1,7
2018430394190,1,9,0,18,0,8,0,0,0,0,4,1,1,1,28,6,1598,2,-1,8,1,8
2018430394190,2,9,0,9,0,6,0,0,0,0,1,1,6,2,50,8,1997,2,1,10,1,10
2018430394280,1,9,0,18,0,0,0,0,0,0,1,1,6,1,47,8,-1,-1,-1,6,1,6
2018430394280,2,9,0,18,0,0,0,0,0,0,2,1,6,1,37,7,1560,2,6,8,3,8
2018430394280,3,9,0,18,0,0,0,0,0,0,4,1,6,1,45,7,1242,8,1,7,3,7
2018430394280,4,9,0,18,0,0,0,0,0,0,4,1,6,2,52,8,1997,1,14,10,1,10
2018430394341,1,9,0,5,0,8,0,0,7,0,4,1,6,1,47,8,1590,1,-1,2,1,2
2018430394341,2,9,0,18,0,8,0,0,0,0,1,1,6,2,26,6,1198,1,1,9,1,9
2018430394496,1,9,0,18,0,1,0,0,0,0,3,1,6,2,38,7,1999,1,11,5,1,5
2018430394669,1,9,0,18,0,4,0,0,0,0,0,1,1,1,40,7,2993,2,1,-1,-1,-1
2018430394669,2,9,0,18,0,4,0,9,0,0,1,1,6,1,21,5,1984,1,17,6,2,6
2018430394684,1,9,0,18,0,4,0,0,0,0,3,1,6,2,81,11,1390,1,12,8,3,8
2018430394684,2,1,0,18,0,8,0,0,0,0,1,1,6,1,56,9,-1,-1,-1,9,1,9
2018430394975,1,9,0,5,0,8,0,0,0,0,1,1,6,1,72,10,1461,2,4,10,2,10
2018430395001,1,9,0,9,0,6,0,0,0,0,3,1,6,2,32,6,1339,1,11,5,1,5
2018430395001,2,9,0,18,0,8,0,0,0,0,1,1,6,1,33,6,-1,-1,-1,2,1,2
2018430395219,1,9,0,9,0,8,0,0,0,0,1,1,6,2,52,8,989,1,10,10,1,10
2018430395219,2,9,0,18,0,1,0,0,0,0,1,1,6,1,23,5,1499,1,4,10,1,10
2018430395219,3,9,0,8,0,1,0,0,0,0,1,1,1,1,47,8,-1,-1,-1,8,3,8
2018430395471,1,9,0,18,0,8,0,0,3,0,1,1,6,2,43,7,998,1,-1,8,3,8
2018430395471,2,1,0,9,0,8,0,0,0,0,4,1,6,2,42,7,-1,-1,-1,9,1,9
2018430395473,1,8,0,18,0,6,0,0,0,0,3,1,1,1,28,6,-1,-1,-1,1,1,1
2018430395473,2,9,0,18,0,8,0,0,1,9,1,1,6,1,57,9,1390,1,12,6,2,6
2018430395522,1,9,0,18,0,0,5,0,1,10,1,1,6,2,20,4,996,1,7,9,1,9
2018430395637,1,9,0,18,0,0,5,0,7,4,1,1,2,1,22,5,1493,2,11,3,1,3
2018430395670,1,9,0,18,0,1,0,0,0,0,1,1,6,1,54,8,1896,2,12,5,1,5
2018430395670,2,9,0,10,0,1,0,0,0,0,2,1,6,1,56,9,1598,2,3,3,1,3
2018430396013,1,9,0,9,0,8,0,0,0,0,1,1,2,2,40,7,2143,12,5,7,1,7
2018430396013,2,9,0,18,0,8,0,0,0,0,1,1,2,1,68,10,1560,2,5,3,1,3
2018430396013,3,9,0,18,0,1,0,0,0,0,1,1,2,2,43,7,1796,1,10,4,1,4
2018430396058,1,21,1,11,0,0,0,0,0,0,4,1,6,1,-1,-1,-1,-1,-1,-1,-1,-1
2018430396058,2,9,0,18,0,0,0,0,1,0,3,1,2,2,-1,-1,-1,-1,-1,-1,-1,-1
2018430396059,1,9,0,18,0,1,0,0,0,0,1,1,6,1,30,6,2199,2,6,8,3,8
2018430396059,2,9,0,3,0,1,0,0,0,0,2,1,6,1,23,5,1124,1,14,10,2,10
2018430396065,1,1,0,18,0,0,0,0,0,0,3,1,6,1,40,7,-1,-1,-1,6,1,6
2018430396065,2,9,0,18,0,0,0,0,0,0,3,1,6,3,-1,-1,-1,-1,-1,-1,-1,-1
2018430396071,1,9,0,11,0,0,0,0,0,0,4,1,6,3,-1,-1,-1,-1,-1,-1,-1,-1
2018430396071,2,9,0,18,0,0,0,0,0,0,3,1,2,1,35,6,1560,2,11,4,1,4
2018430396074,1,9,0,17,0,0,0,0,0,0,1,1,6,1,-1,-1,-1,-1,-1,-1,-1,-1
2018430396077,1,9,0,18,0,1,0,0,0,0,3,1,6,3,-1,-1,-1,-1,-1,-1,-1,-1
2018430396077,2,9,0,10,0,2,0,0,0,0,3,1,6,1,79,11,-1,-1,-1,-1,-1,-1
2018430396077,3,9,0,18,0,1,0,0,0,0,3,1,6,3,-1,-1,-1,-1,-1,-1,-1,-1
2018430396078,1,9,0,18,0,1,0,0,0,0,1,1,6,2,42,7,1343,1,18,4,1,4
2018430396078,2,1,0,4,0,1,0,0,0,0,2,1,6,2,39,7,-1,-1,-1,8,2,8
2018430396079,1,9,0,9,0,0,0,0,0,0,1,1,6,2,40,7,1197,1,2,10,1,10
2018430396079,2,9,0,18,0,0,0,0,0,0,3,1,2,2,31,6,1200,1,2,6,1,6
2018430396092,1,9,0,9,0,5,0,0,0,0,1,1,6,2,32,6,-1,-1,-1,10,2,10
2018430396092,2,1,0,17,0,8,0,0,0,0,1,1,6,1,59,9,-1,-1,-1,6,1,6
2018430396096,1,9,0,18,0,0,0,4,0,0,1,1,6,1,24,5,2143,2,6,3,1,3
2018430396096,2,9,0,2,0,0,0,0,0,0,1,1,6,3,-1,-1,1197,1,-1,-1,-1,-1
2018430396096,3,9,0,2,0,0,0,0,0,0,1,1,6,3,-1,-1,1461,2,-1,-1,-1,-1
2018430396101,1,9,0,16,0,0,0,0,0,0,2,1,6,1,18,4,1798,8,-1,2,1,2
2018430396101,2,9,0,16,0,0,0,0,0,0,1,1,6,2,-1,-1,-1,-1,-1,-1,-1,-1
2018430396121,1,19,0,18,0,1,0,0,0,0,1,1,1,1,44,7,1968,2,1,5,1,5