Accident_Index,Vehicle_Reference,Vehicle_Type,Towing_and_Articulation,Vehicle_Manoeuvre,Vehicle_Location-Restricted_Lane,Junction_Location,Skidding_and_Overturning,Hit_Object_in_Carriageway,Vehicle_Leaving_Carriageway,Hit_Object_off_Carriageway,1st_Point_of_Impact,Was_Vehicle_Left_Hand_Drive?,Journey_Purpose_of_Driver,Sex_of_Driver,Age_of_Driver,Age_Band_of_Driver,Engine_Capacity_(CC),Propulsion_Code,Age_of_Vehicle,Driver_IMD_Decile,Driver_Home_Area_Type,Vehicle_IMD_Decile
2018430396121,2,9,0,3,0,1,0,0,0,0,2,1,6,1,52,8,1560,2,2,7,1,7
2018430396121,3,9,0,3,0,1,0,0,0,0,2,1,6,2,30,6,1299,1,17,5,1,5
2018430396121,4,9,0,9,0,5,0,0,0,0,0,1,6,3,-1,-1,-1,-1,-1,-1,-1,-1
2018430396186,1,9,0,17,0,1,0,0,0,0,1,1,2,2,63,9,1598,1,17,9,3,9
2018430396186,2,9,0,16,0,2,0,0,8,10,1,1,6,1,-1,-1,1968,2,2,-1,-1,-1
2018430396203,1,9,0,9,0,6,0,0,0,0,4,1,6,2,75,10,1299,1,12,9,1,9
2018430396203,2,9,0,18,0,8,0,0,0,0,1,1,6,1,74,10,-1,-1,-1,6,2,6
2018430396761,1,9,0,18,0,1,0,0,0,0,1,1,6,1,29,6,998,1,5,6,1,6
2018430396761,2,9,0,4,0,1,0,0,0,0,2,1,6,2,28,6,1896,2,16,10,2,10
2018430396761,3,9,0,10,0,1,0,0,0,0,2,1,6,1,24,5,1968,2,3,7,3,7
2018431801259,1,17,0,7,0,5,1,0,7,11,1,1,6,1,25,5,-1,-1,-1,9,3,9
2018431801786,1,9,0,18,0,8,0,0,0,0,1,1,6,2,91,11,1796,1,13,9,1,9
2018431801786,2,9,0,18,0,8,0,0,1,3,4,1,6,2,66,10,1339,1,13,8,2,8
2018431802523,1,1,0,18,0,1,1,0,0,0,1,1,6,1,31,6,-1,-1,-1,5,1,5
2018431802523,2,9,0,4,0,1,0,0,0,0,2,1,6,1,79,11,1590,1,7,9,1,9
2018438003584,1,9,0,9,0,5,0,0,0,0,1,1,6,1,43,7,1896,2,13,2,1,2
2018438003584,2,9,0,18,0,8,0,0,0,0,1,1,6,2,25,5,1364,1,2,5,1,5
2018438342104,1,9,0,18,0,0,0,0,0,0,3,1,6,2,31,6,1995,2,1,5,1,5
2018438342104,2,9,0,11,0,0,0,0,0,0,4,1,6,3,-1,-1,-1,-1,-1,-1,-1,-1
2018439002583,1,9,0,14,0,1,0,0,0,0,1,1,6,2,71,10,1398,1,5,-1,-1,-1
2018439199483,1,9,0,16,0,2,2,0,5,6,1,1,2,1,23,5,1199,1,15,8,1,8
2018440000162,1,9,0,1,0,2,0,0,0,0,2,1,6,3,-1,-1,1124,1,16,-1,-1,-1
2018440000162,2,9,0,2,0,2,0,0,0,0,1,1,1,1,-1,-1,2993,2,1,4,1,4
2018440000171,1,9,0,12,0,0,2,0,1,0,1,1,6,2,22,5,1598,1,14,1,1,1
2018440000171,2,9,0,18,0,0,1,0,0,0,2,1,6,1,45,7,1995,2,15,9,1,9
2018440000298,1,8,0,5,0,2,0,0,0,0,3,1,1,3,-1,-1,-1,-1,-1,-1,-1,-1
2018440000708,1,3,0,17,0,0,1,0,0,0,0,1,6,1,40,7,124,1,6,9,1,9
2018440001202,1,9,0,9,0,8,0,0,0,0,1,1,6,2,19,4,1199,1,14,4,1,4
2018440001202,2,9,0,18,0,8,0,0,0,0,1,1,2,1,35,6,1796,1,13,8,1,8
2018440001685,1,9,0,1,0,1,0,0,0,0,2,1,1,1,-1,-1,1560,2,5,4,1,4
2018440001870,1,9,0,18,0,0,0,0,0,0,1,1,6,1,30,6,1781,1,18,3,1,3
2018440001870,2,9,0,4,0,0,0,0,0,0,2,1,1,1,52,8,1560,2,5,4,1,4
2018440001870,3,9,0,4,0,0,0,0,0,0,2,1,6,1,29,6,1461,2,11,7,1,7
2018440001870,4,9,0,4,0,0,0,0,0,0,2,1,6,2,64,9,1598,1,13,2,1,2
2018440001870,5,9,0,4,0,0,0,0,0,0,2,1,6,1,82,11,1598,2,3,10,1,10
2018440001973,1,9,0,9,0,8,0,0,0,0,1,1,2,1,33,6,1796,1,10,9,1,9
2018440001994,1,9,0,18,0,8,0,0,0,0,1,1,6,2,18,4,1299,1,13,6,3,6
2018440001994,2,9,0,3,0,8,0,0,0,0,2,1,6,2,52,8,1198,1,3,7,3,7
2018440001994,3,9,0,3,0,8,0,0,0,0,2,1,6,2,57,9,1332,1,8,10,1,10
2018440002069,1,9,0,9,0,8,0,0,0,0,3,1,2,2,25,5,1329,1,9,-1,-1,-1
2018440002069,2,3,0,18,0,8,0,0,0,0,1,1,2,1,25,5,124,1,6,2,1,2
2018440002151,1,2,0,18,0,0,1,0,0,0,4,1,6,1,18,4,49,1,7,1,1,1
2018440002151,2,9,0,12,0,0,0,0,0,0,3,1,6,3,-1,-1,-1,-1,-1,-1,-1,-1
2018440002236,1,9,0,17,0,0,2,0,6,4,1,1,6,1,21,5,1229,1,10,7,1,7
2018440002300,1,3,0,17,0,0,1,0,0,0,0,1,2,1,19,4,124,1,3,6,1,6
2018440002331,1,9,0,17,0,0,1,0,1,4,1,1,6,1,23,5,1988,1,15,9,1,9
2018440002357,1,9,0,18,0,0,0,11,0,0,1,1,6,1,36,7,1596,1,14,3,1,3
2018440002469,1,9,0,4,0,1,0,0,0,0,1,1,2,2,26,6,998,1,1,5,1,5
2018440002469,2,9,0,3,0,1,0,0,0,0,2,1,2,2,50,8,1984,1,17,8,3,8
2018440002478,1,3,0,9,0,8,0,0,0,0,4,1,2,1,39,7,124,1,9,3,1,3
2018440002478,2,9,0,18,0,8,0,0,0,0,1,1,2,2,60,9,1198,1,5,7,1,7
2018440002585,1,19,0,9,0,8,0,0,0,0,4,1,1,1,28,6,5132,2,3,4,1,4
2018440002585,2,19,0,18,0,8,0,0,1,2,3,1,1,1,32,6,-1,-1,-1,7,1,7
2018440002639,1,9,0,7,0,6,0,0,0,0,1,1,6,1,-1,-1,1596,1,13,4,1,4
2018440002922,1,9,0,18,0,0,0,0,0,0,4,1,6,3,-1,-1,-1,-1,-1,-1,-1,-1
2018440003336,1,9,0,16,0,3,0,0,0,0,4,1,1,1,25,5,1997,1,17,2,1,2
2018440003386,1,9,0,18,0,8,0,0,0,0,1,1,6,1,33,6,1796,1,5,10,1,10
2018440003386,2,1,0,18,0,8,0,0,0,0,4,1,6,1,71,10,-1,-1,-1,10,1,10
2018440003409,1,9,0,18,0,0,0,0,0,0,1,1,6,2,65,9,1339,1,11,10,1,10
2018440003409,2,9,0,18,0,0,0,0,0,0,1,1,6,2,57,9,1275,1,18,5,3,5
2018440003419,1,9,0,17,0,0,0,0,1,4,4,1,6,1,83,11,1997,1,5,9,1,9
2018440003457,1,9,0,4,0,1,0,0,0,0,1,1,6,2,86,11,1386,1,9,6,1,6
2018440003457,2,9,0,3,0,1,0,0,0,0,2,1,2,1,45,7,2495,2,16,3,1,3
2018440003886,1,9,0,9,0,8,0,0,0,0,3,1,6,1,80,11,1198,1,2,5,1,5
2018440003886,2,1,0,18,0,8,0,0,0,0,1,1,6,2,33,6,-1,-1,-1,-1,-1,-1
2018440004358,1,9,0,18,0,0,0,0,0,0,1,1,6,2,61,9,1798,1,3,6,3,6
2018440004359,1,5,0,10,0,8,0,0,0,0,2,1,6,1,32,6,782,1,3,3,1,3
2018440004359,2,9,0,18,0,8,0,0,0,0,1,1,6,2,72,10,1198,1,5,6,1,6
2018440004534,1,1,0,18,0,0,0,0,0,0,2,1,6,1,23,5,-1,-1,-1,6,3,6
2018440004534,2,9,0,18,0,0,0,0,0,0,1,1,6,3,-1,-1,-1,-1,-1,-1,-1,-1
2018440004718,1,9,0,17,0,0,0,0,0,0,1,1,2,1,38,7,1598,1,12,10,1,10
2018440004718,2,9,0,16,0,0,0,0,0,0,1,1,2,2,59,9,1686,2,10,4,1,4
2018440004786,1,1,0,18,0,8,0,0,0,0,3,1,6,1,15,3,-1,-1,-1,9,1,9
2018440004786,2,9,0,18,0,8,0,0,0,0,1,1,6,1,42,7,1997,2,14,5,1,5
2018440004836,1,1,0,3,0,1,0,0,0,0,1,1,6,1,53,8,-1,-1,-1,4,1,4
2018440004836,2,9,0,18,0,2,0,0,0,0,1,1,6,3,-1,-1,-1,-1,-1,-1,-1,-1
2018440005040,1,8,0,9,0,2,0,0,0,0,3,1,1,1,39,7,1686,2,7,1,1,1
2018440005119,1,9,0,18,0,0,1,0,1,7,3,1,6,1,19,4,1995,2,1,9,1,9
2018440005249,1,9,0,18,0,0,0,0,7,10,1,1,6,2,56,9,1395,1,1,9,3,9
2018440005300,1,19,0,18,0,1,1,0,2,11,1,1,2,1,42,7,1870,2,12,10,3,10
2018440005381,1,21,1,18,0,0,0,0,1,4,1,1,1,1,43,7,12902,2,5,7,2,7
2018440005605,1,9,0,18,0,2,0,0,0,0,1,1,6,1,-1,-1,-1,-1,-1,-1,-1,-1
2018440006048,1,8,0,1,0,0,0,0,0,0,2,1,3,1,45,7,-1,-1,-1,4,1,4
2018440006075,1,9,0,7,0,8,0,0,0,0,4,1,6,2,52,8,2987,2,6,2,1,2
2018440006075,2,1,0,18,0,8,0,0,0,0,1,1,6,1,19,4,-1,-1,-1,3,1,3
2018440006275,1,1,0,18,0,8,0,0,0,0,2,1,6,1,19,4,-1,-1,-1,4,1,4
2018440006275,2,9,0,5,0,8,0,0,0,0,1,1,6,2,52,8,1248,1,9,2,1,2
2018440006462,1,9,0,18,0,8,0,0,0,0,1,1,6,1,27,6,1399,2,11,1,1,1
2018440006462,2,9,0,18,0,8,0,0,0,0,3,1,6,1,51,8,1229,1,10,6,1,6
2018440006545,1,9,0,5,0,8,0,0,1,1,1,1,6,2,46,8,1396,1,18,4,1,4
2018440006545,2,9,0,18,0,8,0,0,0,0,4,1,6,2,51,8,1339,1,9,8,1,8
2018440006661,1,9,0,16,0,0,0,0,0,0,1,1,6,1,22,5,3195,1,11,10,1,10
2018440006661,2,11,0,17,0,0,0,0,4,6,1,1,1,1,50,8,10837,2,2,3,1,3
2018440006700,1,9,0,18,0,2,2,10,8,4,1,1,6,1,28,6,2987,2,5,7,3,7
2018440006766,1,9,0,18,0,0,1,0,7,0,0,1,2,2,34,6,1461,2,14,2,1,2
2018440007044,1,1,0,17,0,0,0,0,0,0,3,1,6,1,56,9,-1,-1,-1,5,3,5
2018440007044,2,19,0,13,0,0,0,0,0,0,4,1,6,1,56,9,1870,2,12,10,3,10
2018440007158,1,9,0,18,0,0,0,0,0,0,4,1,6,3,-1,-1,-1,-1,-1,-1,-1,-1
2018440007183,1,1,0,18,0,8,0,0,0,0,1,1,6,1,26,6,-1,-1,-1,1,1,1
2018440007183,2,9,0,5,0,8,0,0,0,0,3,1,6,1,59,9,1995,2,2,6,1,6
2018440007292,1,1,0,5,0,0,0,0,0,0,3,1,6,2,12,3,-1,-1,-1,4,1,4
2018440007292,2,8,0,1,0,0,0,0,0,0,2,1,6,3,-1,-1,-1,-1,-1,-1,-1,-1
2018440007336,1,1,0,18,0,0,0,0,0,0,0,1,6,1,59,9,-1,-1,-1,7,1,7
2018440007358,1,9,0,18,0,8,0,0,0,0,1,1,6,1,65,9,1988,1,17,9,1,9
2018440007358,2,9,0,18,0,8,0,0,0,0,4,1,6,1,19,4,1248,2,9,9,1,9
2018440007458,1,9,0,18,0,8,0,0,0,0,1,1,6,2,64,9,1248,1,7,3,1,3
2018440007458,2,9,0,5,0,8,0,0,7,1,4,1,6,1,30,6,1968,2,6,10,1,10
2018440007615,1,8,0,18,0,2,0,0,0,0,1,1,6,3,-1,-1,-1,-1,-1,-1,-1,-1
2018440007912,1,9,0,18,0,8,5,7,0,0,1,1,6,1,77,11,1149,1,11,3,1,3
2018440007912,2,9,0,3,0,8,0,0,0,0,3,1,6,1,59,9,2438,1,23,8,1,8
2018440007912,3,9,0,3,0,1,0,0,0,0,1,1,6,2,24,5,1598,2,6,9,1,9
2018440008042,1,9,0,4,0,1,0,0,0,0,1,1,6,2,36,7,1685,2,5,6,1,6
2018440008042,2,1,0,18,0,1,0,0,0,0,1,1,6,1,12,3,-1,-1,-1,1,1,1
2018440008172,1,1,0,18,0,0,0,0,0,0,3,1,6,2,53,8,-1,-1,-1,4,1,4
2018440008172,2,9,0,13,0,0,0,0,0,0,4,1,6,1,78,11,1997,1,4,4,1,4
2018440008248,1,9,0,18,0,1,0,10,2,11,1,1,6,1,84,11,1834,1,20,5,1,5
2018440008311,1,9,0,5,0,8,0,0,0,0,0,1,6,2,85,11,1590,1,13,10,1,10
2018440008311,2,9,0,4,0,1,0,0,0,0,2,1,6,2,27,6,-1,-1,-1,10,1,10
2018440008311,3,3,0,4,0,1,0,0,0,0,1,1,6,1,27,6,124,1,2,9,1,9
2018440008346,1,9,0,4,0,0,0,0,0,0,1,1,6,1,-1,-1,1968,2,3,6,1,6
2018440008346,2,9,0,4,0,0,0,0,0,0,2,1,6,1,25,5,1597,1,10,4,1,4
2018440008372,1,9,0,9,0,8,0,0,0,0,1,1,6,1,86,11,1339,1,11,5,1,5
2018440008372,2,9,0,18,0,8,0,0,0,0,1,1,6,2,60,9,1997,2,14,7,1,7
2018440008443,1,9,0,18,0,0,0,0,0,0,1,1,6,1,22,5,1229,1,6,4,1,4
2018440008443,2,9,0,4,0,0,0,0,0,0,2,1,6,1,58,9,2720,2,12,10,1,10
2018440008443,3,9,0,4,0,0,0,0,0,0,2,1,6,1,62,9,1329,1,9,7,1,7
2018440008443,4,9,0,4,0,0,0,0,0,0,2,1,6,1,31,6,1560,2,4,-1,-1,-1
2018440008673,1,9,0,18,0,8,0,0,0,0,1,1,2,1,51,8,1398,2,8,8,1,8
2018440008673,2,1,0,17,0,8,0,0,0,0,4,1,2,1,48,8,-1,-1,-1,7,1,7
2018440008909,1,19,0,18,0,0,0,0,0,0,1,1,1,1,44,7,1968,2,4,1,1,1
2018440008909,2,9,0,18,0,0,0,0,0,0,3,1,2,1,46,8,1995,2,10,-1,-1,-1
2018440008909,3,19,0,18,0,0,0,0,0,0,3,1,1,1,35,6,2463,2,12,2,1,2
2018440009048,1,9,0,3,0,0,0,0,0,0,2,1,1,1,35,6,1896,2,16,-1,-1,-1
2018440009048,2,9,0,3,0,0,0,0,0,0,2,1,6,2,29,6,2148,2,10,7,2,7
2018440009048,3,9,0,18,0,0,0,0,0,0,1,1,6,2,30,6,1242,1,17,9,1,9
2018440009182,1,9,0,18,0,8,0,0,0,0,3,1,6,2,55,8,-1,-1,-1,9,1,9
2018440009182,2,1,0,9,0,8,0,0,0,0,1,1,6,1,50,8,-1,-1,-1,6,1,6
2018440009286,1,1,0,7,0,2,0,0,0,0,3,1,6,1,35,6,-1,-1,-1,1,1,1
2018440009286,2,9,0,4,0,2,0,0,0,0,4,1,1,1,-1,-1,1598,2,2,-1,-1,-1
2018440009498,1,3,0,9,0,8,1,0,0,0,0,1,6,1,17,4,124,1,33,6,1,6
2018440009576,1,19,4,18,0,0,0,0,7,11,2,1,1,1,50,8,2402,2,14,9,1,9
2018440009576,2,9,0,18,0,0,0,0,0,0,3,1,6,2,55,8,1598,1,18,7,3,7
2018440009626,1,5,0,18,0,8,0,0,0,0,1,1,6,1,21,5,660,1,12,10,3,10
2018440009626,2,19,0,9,0,8,0,0,0,0,4,1,6,1,38,7,2198,2,2,-1,-1,-1
2018440009667,1,9,0,18,0,0,0,4,0,0,1,1,6,2,31,6,989,1,17,1,1,1
2018440009667,2,9,0,2,0,0,0,0,0,0,2,1,6,3,-1,-1,2179,2,5,-1,-1,-1
2018440009667,3,9,0,2,0,0,0,0,0,0,2,1,6,3,-1,-1,1197,1,3,-1,-1,-1
2018440009669,1,9,0,9,0,8,0,0,0,0,3,1,6,2,48,8,1796,1,8,3,1,3
2018440009669,2,1,0,18,0,8,0,0,0,0,1,1,4,1,14,3,-1,-1,-1,3,1,3
2018440009684,1,3,0,18,0,8,0,0,0,0,4,1,2,1,43,7,124,1,3,8,1,8
2018440009684,2,9,0,5,0,8,0,0,0,0,1,1,6,3,-1,-1,-1,-1,-1,-1,-1,-1
2018440009689,1,9,0,3,0,0,0,0,0,0,2,1,6,1,55,8,1997,1,10,10,1,10
2018440009689,2,9,0,18,0,0,0,0,0,0,1,1,6,2,24,5,1398,1,3,5,1,5
2018440009783,1,9,0,18,0,8,0,0,0,0,1,1,6,1,25,5,1995,2,10,1,1,1
2018440009783,2,9,0,18,0,8,0,0,0,0,4,1,6,2,32,6,1499,2,1,6,1,6
2018440009784,1,9,0,9,0,2,0,0,0,0,1,1,6,1,49,8,1685,2,2,6,1,6
2018440009784,2,1,0,14,0,1,0,0,0,0,1,1,6,1,13,3,-1,-1,-1,10,1,10
2018440010141,1,9,0,18,0,1,0,0,0,0,1,1,2,2,51,8,1397,1,16,3,1,3
2018440010650,1,9,0,18,0,2,0,0,1,0,4,1,6,3,-1,-1,-1,-1,-1,-1,-1,-1
2018440010662,1,9,0,9,0,8,0,0,0,0,1,1,6,1,73,10,3724,1,14,7,1,7
2018440010662,2,9,0,18,0,8,0,0,0,0,1,1,6,3,-1,-1,1896,2,18,-1,-1,-1
2018440010858,1,9,0,18,0,8,1,0,1,10,4,1,6,2,48,8,1242,1,9,10,1,10
2018440010858,2,9,0,7,0,8,0,0,0,0,1,1,6,2,37,7,1870,2,13,10,1,10
2018440010876,1,97,0,9,0,8,0,0,0,0,0,1,6,1,39,7,-1,-1,-1,6,1,6
2018440010895,1,19,0,17,0,0,0,0,0,0,1,1,1,1,48,8,1997,2,-1,10,1,10
2018440010895,2,9,0,16,0,0,0,0,1,0,1,1,6,2,47,8,2495,2,16,9,1,9
2018440010907,1,9,0,9,0,8,0,0,0,0,4,1,6,2,27,6,1200,1,4,4,1,4
2018440010907,2,1,0,18,0,8,0,0,0,0,1,1,1,1,36,7,-1,-1,-1,7,1,7
2018440010956,1,9,0,4,0,8,0,0,0,0,2,1,6,2,70,10,1988,2,15,10,1,10
2018440010956,2,9,0,18,0,8,0,0,0,0,1,1,6,1,19,4,1242,1,12,9,3,9
2018440010970,1,9,0,15,0,0,2,0,5,6,1,1,2,1,39,7,1396,1,15,3,1,3
2018440010970,2,19,0,18,0,0,0,0,0,0,1,1,2,1,59,9,2402,2,12,6,1,6
2018440010996,1,9,0,5,0,8,0,0,0,0,0,1,6,2,20,4,1242,1,2,1,1,1
2018440010996,2,9,0,18,0,8,0,0,0,0,1,1,6,1,34,6,1999,1,5,2,1,2
2018440010996,3,9,0,2,0,2,0,0,0,0,2,1,6,3,-1,-1,2995,1,17,-1,-1,-1
2018440010996,4,9,0,2,0,2,0,0,0,0,1,1,6,3,-1,-1,1796,1,17,-1,-1,-1
2018440011029,1,3,0,13,0,8,0,0,0,0,4,1,6,1,29,6,125,1,2,2,1,2
2018440011029,2,9,0,12,0,8,0,0,0,0,3,1,1,1,56,9,2495,2,19,4,1,4
2018440011034,1,9,0,18,0,2,0,0,0,0,3,1,6,1,40,7,1956,2,1,1,1,1
2018440011034,2,9,4,18,0,1,0,0,0,0,3,1,6,1,34,6,-1,-1,-1,5,1,5
2018440011038,1,9,0,7,0,3,0,0,0,0,1,1,6,3,-1,-1,-1,-1,-1,-1,-1,-1
2018440011454,1,9,0,17,0,2,0,0,0,0,1,1,6,1,46,8,1596,1,12,9,1,9
2018440011523,1,9,0,4,0,8,0,0,0,0,2,1,3,1,42,7,1686,2,5,3,1,3
2018440011523,2,9,0,18,0,8,0,0,0,0,1,1,3,2,31,6,1596,1,8,5,1,5
2018440011567,1,9,0,6,0,0,0,0,0,0,3,1,2,2,33,6,1997,1,3,10,3,10
2018440011567,2,3,0,13,0,0,0,0,7,0,1,1,2,1,29,6,125,1,5,10,2,10
2018440011610,1,9,0,4,0,2,0,0,0,0,4,1,6,2,26,6,1461,2,8,9,2,9
2018440011610,2,1,0,18,0,2,0,0,0,0,1,1,4,1,12,3,-1,-1,-1,7,1,7
2018440011645,1,9,0,9,0,8,0,0,0,0,3,1,6,1,65,9,1596,1,10,9,1,9
2018440011645,2,19,0,18,0,8,0,0,0,0,1,1,6,1,47,8,1968,2,5,10,2,10
2018440011935,1,5,0,18,0,8,0,0,0,0,1,1,2,1,21,5,689,1,4,10,3,10
2018440011935,2,9,0,9,0,8,0,0,0,0,3,1,6,2,51,8,1242,1,3,10,2,10
2018440012042,1,9,0,18,0,0,1,0,2,7,4,1,6,1,86,11,1560,2,7,5,1,5
2018440012042,2,9,0,18,0,0,0,0,0,0,4,1,6,1,49,8,1685,2,2,8,3,8
2018440012329,1,19,0,9,0,8,0,0,0,0,1,2,1,1,41,7,-1,-1,-1,2,1,2
2018440012329,2,3,0,18,0,8,0,0,0,0,4,1,6,1,30,6,124,1,8,9,1,9
2018440012432,1,9,0,18,0,8,0,0,0,0,1,1,2,1,35,6,1900,2,12,4,1,4
2018440012432,2,19,0,9,0,8,0,0,0,0,4,1,6,1,31,6,2299,2,6,3,1,3
2018440012443,1,9,0,9,0,8,0,0,0,0,1,1,6,1,35,6,1896,2,16,6,1,6
2018440012443,2,9,0,18,0,8,0,0,0,0,1,1,6,1,57,9,1997,2,12,6,1,6
2018440012466,1,9,0,4,0,0,0,0,0,0,1,1,6,1,27,6,1395,1,1,4,1,4
2018440012466,2,9,0,3,0,0,0,0,0,0,2,1,6,2,38,7,1590,1,13,2,1,2
2018440012492,1,9,0,9,0,8,0,0,0,0,3,1,2,2,24,5,998,1,2,8,1,8
2018440012492,2,9,0,18,0,8,0,0,0,0,1,1,2,1,47,8,-1,-1,-1,10,1,10
2018440012624,1,21,0,18,0,0,5,0,0,0,0,1,1,1,56,9,11967,2,5,-1,1,-1
2018440012667,1,9,0,18,0,8,0,0,0,0,1,1,6,2,65,9,1461,2,3,9,2,9
2018440012667,2,9,0,7,0,8,0,0,0,0,1,1,6,1,29,6,1984,2,5,9,3,9
2018440012815,1,9,0,5,0,8,0,0,0,0,1,1,2,1,58,9,1149,1,12,10,1,10
2018440012815,2,9,0,9,0,8,0,0,0,0,1,1,2,1,35,6,-1,-1,-1,10,-1,10
2018440012978,1,9,0,10,0,8,0,0,0,0,3,1,6,2,33,6,1798,1,2,10,3,10
2018440012978,2,9,0,18,0,8,0,0,0,0,1,1,2,2,-1,-1,1991,2,8,10,-1,10
2018440013038,1,2,0,18,0,0,1,0,0,0,0,1,6,1,16,4,49,1,12,2,1,2
2018440013058,1,9,0,18,0,3,0,0,0,0,3,1,6,2,77,11,999,1,6,7,1,7
2018440013058,2,3,0,18,0,3,0,0,0,0,4,1,1,2,24,5,-1,-1,-1,4,1,4
2018440013302,1,9,0,18,0,2,0,0,0,0,4,1,6,2,62,9,1596,1,12,2,1,2
2018440013581,1,9,0,9,0,8,0,0,0,0,3,1,6,1,75,10,1461,2,9,9,1,9
2018440013581,2,9,0,18,0,8,0,0,0,0,1,1,6,1,67,10,1896,2,15,6,1,6
2018440013752,1,5,0,9,0,8,0,0,0,0,1,1,6,1,24,5,599,1,21,1,1,1
2018440013752,2,9,0,18,0,8,0,0,0,0,1,1,6,2,54,8,1598,2,1,2,1,2
2018440013760,1,9,0,17,0,0,2,0,7,10,1,1,2,2,23,5,1388,1,13,8,1,8
2018440013767,1,2,0,4,0,1,1,0,0,0,0,1,6,1,17,4,49,1,12,6,1,6
2018440013767,2,3,0,18,0,1,1,0,0,0,0,1,6,1,17,4,124,1,14,4,1,4
2018440013946,1,2,0,18,0,0,0,4,0,0,1,1,2,1,37,7,49,1,16,7,1,7
2018440013946,2,19,0,2,0,0,0,0,0,0,2,1,6,3,-1,-1,2198,2,3,-1,-1,-1
2018440014065,1,9,0,16,0,8,1,9,5,7,1,1,6,2,19,4,998,1,12,4,1,4
2018440014335,1,9,0,18,0,0,0,0,8,4,1,1,2,1,45,7,2496,1,17,10,1,10
2018440014398,1,9,0,13,0,0,0,0,7,4,3,1,2,2,43,7,1390,1,12,10,1,10
2018440014398,2,9,0,13,0,0,0,0,7,0,1,1,2,1,40,7,1997,1,15,9,2,9
2018440014427,1,1,0,7,0,8,0,0,0,0,0,1,2,1,63,9,-1,-1,-1,8,1,8
2018440014603,1,9,0,4,0,1,1,0,0,0,1,1,1,1,24,5,1997,2,13,2,1,2
2018440014603,2,9,0,4,0,1,0,0,0,0,2,1,6,2,86,11,1598,1,3,9,3,9
2018440014746,1,9,0,18,0,8,0,0,0,0,1,1,6,2,43,7,1560,2,11,6,3,6
2018440014746,2,9,0,5,0,8,0,0,0,0,3,1,6,2,50,8,1796,1,10,9,3,9
2018440015100,1,1,0,18,0,8,0,0,0,0,1,1,6,1,26,6,-1,-1,-1,6,1,6
2018440015100,2,11,0,18,0,8,0,0,0,0,3,1,1,1,66,10,4461,2,2,9,1,9
2018440015248,1,9,0,4,0,0,1,0,0,0,1,1,6,1,68,10,1587,1,13,6,2,6
2018440015248,2,9,0,4,0,0,0,0,0,0,2,1,6,1,33,6,1840,1,19,4,2,4
2018440015271,1,19,0,7,0,8,0,0,0,0,1,1,1,1,45,7,1560,2,3,4,1,4
2018440015271,2,3,0,7,0,8,0,0,0,0,2,1,1,1,27,6,125,1,2,6,2,6
2018440015276,1,9,0,5,0,8,0,0,0,0,1,1,2,1,39,7,1591,1,1,4,1,4
2018440015276,2,1,0,18,0,8,0,0,0,0,4,1,2,1,33,6,-1,-1,-1,8,1,8
2018440015402,1,9,0,10,0,8,0,0,0,0,3,1,6,2,52,8,1388,1,12,7,1,7
2018440015402,2,9,0,18,0,8,0,0,0,0,1,1,6,1,-1,-1,-1,-1,-1,-1,-1,-1
2018440015937,1,9,0,9,0,0,0,0,0,0,4,1,6,2,65,9,1995,2,-1,8,1,8
2018440015937,2,3,0,18,0,0,0,0,0,0,1,1,6,1,21,5,125,1,3,9,1,9
2018440016055,1,9,0,3,0,4,0,0,0,0,2,1,6,2,27,6,1598,1,11,3,1,3
2018440016055,2,9,0,5,0,4,0,0,0,0,1,1,6,1,31,6,1995,1,12,3,1,3
2018440016487,1,9,0,11,0,0,0,2,1,4,4,1,6,2,82,11,998,1,11,8,1,8
2018440016487,2,21,1,18,0,0,0,0,0,0,3,1,1,1,66,10,12740,2,5,8,2,8
2018440016521,1,9,0,18,0,1,0,0,0,0,1,1,6,1,26,6,1598,1,8,6,1,6
2018440016521,2,9,0,3,0,1,0,0,0,0,2,1,6,1,69,10,1198,1,4,3,1,3
2018440016679,1,9,0,6,0,8,0,0,0,0,3,1,6,1,19,4,1598,1,15,7,3,7
2018440016679,2,9,0,13,0,8,0,0,0,0,1,1,6,1,74,10,2401,2,12,10,2,10
2018440016895,1,9,0,18,0,0,5,7,0,0,1,1,6,1,25,5,1108,1,10,8,1,8
2018440016964,1,1,0,18,0,1,0,0,0,0,4,1,2,1,28,6,-1,-1,-1,3,1,3
2018440016964,2,9,0,18,0,1,0,0,0,0,1,1,6,3,-1,-1,-1,-1,-1,-1,-1,-1
2018440017440,1,9,0,18,0,2,5,4,0,0,1,1,6,2,84,11,-1,-1,-1,10,1,10
2018440017440,2,9,0,2,0,2,0,0,0,0,3,1,6,3,-1,-1,1598,1,14,-1,-1,-1
2018440017496,1,1,0,17,0,8,0,0,0,0,1,1,2,1,54,8,-1,-1,-1,2,1,2
2018440017496,2,9,0,16,0,8,0,0,0,0,3,1,6,1,73,10,1388,1,8,5,1,5
2018440017551,1,5,0,17,0,0,0,0,2,4,1,1,6,1,40,7,1441,1,1,8,1,8
2018440017637,1,9,0,9,0,8,0,0,0,0,1,1,6,1,67,10,-1,-1,-1,10,1,10