Accident_Index,Vehicle_Reference,Vehicle_Type,Towing_and_Articulation,Vehicle_Manoeuvre,Vehicle_Location-Restricted_Lane,Junction_Location,Skidding_and_Overturning,Hit_Object_in_Carriageway,Vehicle_Leaving_Carriageway,Hit_Object_off_Carriageway,1st_Point_of_Impact,Was_Vehicle_Left_Hand_Drive?,Journey_Purpose_of_Driver,Sex_of_Driver,Age_of_Driver,Age_Band_of_Driver,Engine_Capacity_(CC),Propulsion_Code,Age_of_Vehicle,Driver_IMD_Decile,Driver_Home_Area_Type,Vehicle_IMD_Decile
2018440017637,2,9,0,18,0,8,0,0,0,0,1,1,6,1,57,9,1499,1,2,2,1,2
2018440017640,1,9,0,18,0,0,0,0,0,0,1,1,2,1,22,5,1995,2,14,7,3,7
2018440017795,1,9,0,18,0,1,0,0,0,0,4,1,6,2,42,7,2993,2,13,7,1,7
2018440018042,1,9,0,9,0,8,0,0,0,0,1,1,2,2,61,9,1596,1,12,5,1,5
2018440018042,2,9,0,18,0,8,0,7,0,0,4,1,2,2,55,8,1796,1,9,9,1,9
2018440018116,1,9,0,12,0,0,0,0,0,0,3,1,2,1,59,9,1499,2,1,9,1,9
2018440018116,2,9,0,18,0,0,0,0,0,0,4,1,2,1,44,7,1896,2,16,3,1,3
2018440018121,1,9,0,7,0,8,0,0,0,0,3,1,6,2,29,6,1796,1,15,3,1,3
2018440018121,2,1,0,18,0,8,0,0,0,0,1,1,6,1,16,4,-1,-1,-1,3,1,3
2018440018153,1,9,0,18,0,8,0,0,0,0,1,1,3,2,45,7,2400,2,1,10,1,10
2018440018153,2,9,0,9,0,8,0,0,0,0,4,1,6,1,70,10,1600,1,6,10,1,10
2018440018153,3,9,0,8,0,8,0,0,0,0,1,1,2,2,21,5,-1,-1,-1,10,1,10
2018440018306,1,9,0,18,0,0,0,4,0,0,1,1,6,2,43,7,2400,2,1,9,3,9
2018440018306,2,9,0,2,0,0,0,0,0,0,2,1,6,3,-1,-1,3950,1,16,-1,-1,-1
2018440018340,1,9,0,18,0,0,1,0,1,9,1,1,6,2,24,5,1796,1,8,10,1,10
2018440018415,1,9,0,18,0,0,1,0,1,4,1,1,6,1,26,6,2987,2,5,4,1,4
2018440018625,1,9,0,9,0,8,5,10,7,10,1,1,6,1,54,8,1596,1,12,5,3,5
2018440018754,1,9,0,18,0,8,0,0,0,0,1,1,2,1,70,10,1995,2,5,-1,-1,-1
2018440018754,2,9,0,7,0,8,0,0,0,0,3,1,2,2,31,6,1999,1,9,8,1,8
2018440018772,1,9,0,5,0,8,0,0,0,0,1,1,6,1,76,11,1587,1,15,2,1,2
2018440018772,2,9,0,18,0,8,0,0,0,0,4,1,6,1,-1,-1,1200,1,1,6,3,6
2018440019339,1,9,0,18,0,8,0,0,0,0,1,1,6,1,37,7,2231,2,5,4,1,4
2018440019339,2,8,0,18,0,8,0,0,0,0,1,1,1,1,64,9,1995,2,7,9,1,9
2018440019533,1,9,0,3,0,1,0,0,0,0,2,1,6,1,33,6,1984,1,10,3,1,3
2018440019533,2,19,0,4,0,1,1,0,0,0,1,1,1,1,-1,-1,1995,2,6,-1,-1,-1
2018440019676,1,9,0,7,0,8,0,0,0,0,3,1,6,1,30,6,1248,1,7,7,3,7
2018440019676,2,19,0,18,0,8,0,0,0,0,1,1,1,1,53,8,2198,2,5,4,1,4
2018440019752,1,9,0,4,0,0,0,0,0,0,1,1,6,1,44,7,1995,2,8,9,1,9
2018440019752,2,19,0,3,0,0,0,0,0,0,2,1,1,1,54,8,1995,2,1,2,1,2
2018440020245,1,10,0,9,0,8,0,0,0,0,4,1,1,1,52,8,2999,2,7,9,1,9
2018440020245,2,5,0,18,0,8,0,0,0,0,1,1,2,1,54,8,599,1,10,2,1,2
2018440020359,1,90,0,18,0,0,2,0,1,0,1,1,1,1,33,6,-1,-1,-1,9,2,9
2018440020359,2,9,0,18,0,0,0,0,0,0,2,1,6,1,37,7,1595,1,19,10,1,10
2018440020360,1,9,0,18,0,8,0,0,0,0,4,1,6,2,18,4,1598,2,2,10,2,10
2018440020360,2,9,0,9,0,8,0,0,0,0,1,1,6,1,23,5,1242,1,11,10,2,10
2018440020369,1,9,0,18,0,1,0,0,0,0,1,1,6,2,46,8,1229,1,5,8,3,8
2018440020369,2,9,0,4,0,1,0,0,0,0,2,1,1,1,51,8,998,1,10,10,3,10
2018440020437,1,1,0,18,0,8,0,0,0,0,1,1,6,2,19,4,-1,-1,-1,3,1,3
2018440020437,2,9,0,9,0,8,0,0,0,0,1,1,6,3,-1,-1,-1,-1,-1,-1,-1,-1
2018440020611,1,19,0,18,0,5,1,0,0,0,1,1,6,1,23,5,1560,2,7,9,3,9
2018440020611,2,9,0,18,0,5,1,0,7,7,2,1,6,1,45,7,1360,1,12,7,1,7
2018440020611,3,90,0,18,0,5,0,0,0,0,3,1,1,1,-1,-1,-1,-1,-1,-1,-1,-1
2018440020636,1,9,0,9,0,8,1,10,7,10,1,1,6,1,17,4,-1,-1,-1,9,1,9
2018440020653,1,9,0,2,0,0,0,0,0,0,2,1,6,2,38,7,1769,1,16,9,1,9
2018440020653,2,9,0,18,0,0,0,0,0,0,1,1,6,1,49,8,-1,-1,-1,7,3,7
2018440021138,1,9,0,18,0,8,0,0,0,0,3,1,6,1,73,10,1000,1,3,8,1,8
2018440021138,2,1,0,18,0,8,0,0,0,0,1,1,6,1,57,9,-1,-1,-1,3,1,3
2018440021192,1,9,0,17,0,8,0,0,0,0,1,1,6,2,49,8,1598,1,4,10,1,10
2018440021192,2,9,0,18,0,8,0,0,0,0,1,1,6,1,-1,-1,1900,2,18,4,1,4
2018440021289,1,19,0,17,0,0,0,0,0,0,1,1,6,1,39,7,-1,-1,-1,10,2,10
2018440021289,2,19,0,16,0,0,0,0,0,0,1,1,6,1,-1,-1,1870,2,14,6,1,6
2018440021487,1,9,0,18,0,2,0,0,1,1,1,1,6,1,77,11,1951,2,14,10,1,10
2018440021596,1,3,0,18,0,8,0,0,0,0,4,1,6,1,28,6,124,1,3,7,1,7
2018440021596,2,9,0,7,0,8,0,0,0,0,4,1,6,1,49,8,1388,1,8,10,1,10
2018440021630,1,19,0,7,0,8,0,0,0,0,1,1,6,3,-1,-1,-1,-1,-1,-1,-1,-1
2018440021674,1,9,0,18,0,0,0,0,7,4,1,1,6,1,19,4,1388,1,12,4,1,4
2018440021695,1,9,0,17,0,0,1,0,7,4,1,1,6,1,50,8,1598,1,12,1,1,1
2018440021701,1,9,0,17,0,0,1,0,2,10,1,1,2,1,26,6,1368,1,7,10,2,10
2018440021701,2,9,0,16,0,0,0,0,0,0,1,1,2,1,28,6,1997,2,3,4,1,4
2018440022205,1,9,0,3,0,0,0,0,0,0,2,1,2,2,31,6,1968,2,7,10,1,10
2018440022205,2,9,0,4,0,0,0,0,0,0,1,1,6,1,-1,-1,1998,2,14,-1,-1,-1
2018440022336,1,9,0,3,0,1,0,0,0,0,2,1,2,2,31,6,1390,1,16,6,1,6
2018440022336,2,9,0,4,0,1,0,0,0,0,1,1,6,3,-1,-1,-1,-1,-1,-1,-1,-1
2018440022382,1,9,0,9,0,8,0,0,0,0,4,1,3,1,54,8,1600,1,16,3,1,3
2018440022382,2,9,0,18,0,8,0,0,0,0,1,1,1,1,47,8,1461,2,3,9,1,9
2018440022382,3,9,0,8,0,8,0,0,0,0,3,1,1,2,36,7,1995,2,7,6,1,6
2018440022409,1,9,0,18,0,0,0,0,0,0,3,1,6,2,63,9,1596,1,9,4,2,4
2018440022409,2,9,0,18,0,0,0,0,0,0,3,1,6,1,32,6,1685,2,7,2,1,2
2018440022644,1,9,0,18,0,0,0,0,0,0,4,1,6,2,-1,-1,-1,-1,-1,-1,-1,-1
2018440022761,1,9,0,18,0,8,0,0,0,0,1,1,6,2,75,10,1199,1,17,10,1,10
2018440022761,2,9,0,18,0,8,0,0,0,0,3,1,6,2,31,6,1490,1,9,3,1,3
2018440022945,1,9,0,18,0,8,0,0,0,0,3,1,6,1,62,9,1599,1,18,6,1,6
2018440022950,1,9,0,9,0,8,0,0,1,1,3,1,1,1,50,8,1329,1,6,6,1,6
2018440022950,2,9,0,18,0,8,0,0,0,0,1,1,6,1,60,9,2400,2,2,8,3,8
2018440022950,3,19,0,10,0,8,0,0,0,0,1,1,1,1,55,8,2198,2,5,9,2,9
2018440022958,1,9,0,4,0,8,0,0,0,0,2,1,6,1,72,10,1685,2,5,-1,-1,-1
2018440022958,2,9,0,18,0,8,0,0,0,0,1,1,6,1,51,8,1896,2,14,3,1,3
2018440023027,1,19,0,18,0,8,0,0,0,0,1,1,1,1,-1,-1,2198,2,6,10,3,10
2018440023027,2,9,0,5,0,8,0,0,0,0,4,1,6,2,37,7,1587,1,13,4,1,4
2018440023078,1,9,0,18,0,0,0,0,0,0,0,1,6,3,-1,-1,-1,-1,-1,-1,-1,-1
2018440023290,1,9,0,18,0,2,0,0,0,0,1,1,6,1,35,6,1995,2,12,6,1,6
2018440023305,1,9,0,18,0,8,0,0,0,0,1,1,6,3,-1,-1,-1,-1,-1,-1,-1,-1
2018440023745,1,9,0,9,0,8,0,0,0,0,4,1,2,1,38,7,1598,1,10,1,1,1
2018440023745,2,3,0,18,0,8,0,0,0,0,1,1,2,1,57,9,124,1,8,1,1,1
2018440023845,1,9,0,18,0,2,0,0,0,0,1,1,6,1,26,6,-1,-1,-1,7,1,7
2018440023845,2,9,0,18,0,2,0,0,0,0,2,1,6,2,43,7,1398,1,1,4,1,4
2018440023845,3,9,0,18,0,2,0,0,0,0,2,1,6,2,45,7,1956,2,6,4,1,4
2018440023899,1,8,0,18,0,8,0,0,0,0,1,1,1,1,36,7,1598,2,6,5,1,5
2018440023899,2,9,0,5,0,8,0,0,0,0,4,1,2,1,31,6,1796,1,11,5,1,5
2018440023952,1,9,0,18,0,2,0,0,0,0,1,1,6,2,73,10,1590,1,17,10,1,10
2018440023952,2,19,0,2,0,2,0,0,0,0,2,1,6,3,-1,-1,2198,2,5,-1,-1,-1
2018440023996,1,9,0,7,0,2,0,0,0,0,1,1,6,2,55,8,1995,1,14,10,2,10
2018440024108,1,9,0,10,0,8,0,0,0,0,2,1,6,2,29,6,999,1,9,2,1,2
2018440024108,2,9,0,18,0,8,1,0,0,0,1,1,6,1,70,10,1905,2,23,-1,-1,-1
2018440024202,1,9,0,9,0,8,0,0,0,0,3,1,6,1,60,9,1598,1,10,3,1,3
2018440024202,2,9,0,18,0,8,0,0,0,0,1,1,6,1,24,5,1229,1,7,4,1,4
2018440024385,1,11,0,18,0,8,0,0,0,0,0,1,1,1,60,9,9000,2,10,7,1,7
2018440024385,2,9,0,7,0,8,0,0,0,0,0,1,6,2,46,8,998,1,8,2,1,2
2018440024444,1,9,0,9,0,8,0,0,0,0,1,1,6,2,48,8,1364,1,14,1,1,1
2018440024444,2,8,0,18,2,8,0,0,0,0,1,1,1,1,42,7,1598,2,7,9,1,9
2018440024467,1,21,0,9,0,8,0,0,0,0,1,1,1,1,54,8,12900,2,5,10,1,10
2018440024467,2,5,0,18,0,8,1,0,0,0,1,1,6,1,54,8,1002,1,22,5,1,5
2018440024575,1,9,0,18,0,0,0,0,1,9,1,1,6,1,25,5,1997,2,16,9,2,9
2018440024613,1,1,0,18,9,0,0,0,0,0,1,1,6,1,-1,-1,-1,-1,-1,-1,-1,-1
2018440024622,1,9,0,18,0,8,0,0,0,0,1,1,2,1,43,7,1582,2,6,3,1,3
2018440024622,2,9,0,18,0,8,0,0,0,0,1,1,2,2,54,8,1984,2,6,8,3,8
2018440024650,1,9,0,18,0,0,0,0,0,0,1,1,6,1,-1,-1,-1,-1,-1,-1,-1,-1
2018440024771,1,9,0,1,9,8,0,0,0,0,2,1,6,1,33,6,1896,2,13,2,1,2
2018440025164,1,9,0,9,0,8,0,0,1,0,4,1,6,1,87,11,2231,2,8,10,1,10
2018440025164,2,9,0,18,0,8,0,0,0,0,1,1,6,1,26,6,1998,1,14,7,2,7
2018440025187,1,9,0,18,0,0,2,0,1,7,1,1,6,1,33,6,1248,2,6,2,1,2
2018440025317,1,9,0,18,0,1,0,0,0,0,4,1,1,1,52,8,1896,2,10,4,1,4
2018440025708,1,9,0,18,0,8,1,0,0,0,4,1,6,1,30,6,1998,1,10,8,3,8
2018440025708,2,9,0,9,0,8,0,0,2,11,1,1,6,2,65,9,1390,1,7,8,3,8
2018440025728,1,9,0,12,0,2,0,0,0,0,3,1,6,2,55,8,1968,2,1,8,1,8
2018440025728,2,2,0,18,0,2,0,0,0,0,4,1,2,1,17,4,49,1,15,4,1,4
2018440025748,1,1,0,17,0,8,0,0,0,0,4,1,2,1,51,8,-1,-1,-1,5,1,5
2018440025748,2,90,0,9,0,8,0,0,0,0,1,1,1,1,51,8,-1,-1,-1,7,1,7
2018440025774,1,9,0,5,0,8,0,0,7,0,4,1,6,2,87,11,1339,1,11,10,3,10
2018440025774,2,9,0,18,0,8,0,0,0,0,1,1,1,1,17,4,1086,1,9,4,1,4
2018440025907,1,9,0,18,0,8,0,0,0,0,3,1,6,2,75,10,1598,1,11,10,1,10
2018440025907,2,19,0,18,0,8,0,0,0,0,1,1,6,1,33,6,1560,2,3,3,1,3
2018440026604,1,5,0,9,0,8,0,0,0,0,1,1,6,1,41,7,599,1,9,10,1,10
2018440026604,2,9,0,18,0,8,0,0,0,0,3,1,6,3,-1,-1,1364,1,9,8,1,8
2018440026647,1,9,0,18,0,8,1,0,1,11,4,1,6,2,39,7,1968,2,11,4,1,4
2018440026647,2,9,0,7,0,8,0,0,0,0,1,1,6,1,39,7,1596,1,12,3,1,3
2018440027056,1,9,0,7,0,2,0,0,0,0,1,1,6,1,-1,-1,1796,1,16,-1,-1,-1
2018440027078,1,9,0,18,0,0,0,0,1,7,4,1,6,1,36,7,1969,2,4,10,1,10
2018440027078,2,9,0,18,0,0,0,0,1,7,3,1,6,1,53,8,2969,2,9,10,1,10
2018440027094,1,1,0,9,0,8,0,0,0,0,1,1,6,1,42,7,-1,-1,-1,6,1,6
2018440027094,2,9,0,18,0,8,0,0,0,0,3,1,6,3,-1,-1,-1,-1,-1,-1,-1,-1
2018440027174,1,9,0,18,0,8,0,0,0,0,1,1,6,2,39,7,1587,1,17,2,1,2
2018440027174,2,19,0,18,0,8,0,0,0,0,4,1,6,1,49,8,1461,2,13,9,3,9
2018440027275,1,9,0,17,0,0,1,0,7,4,4,1,6,1,22,5,1781,1,16,2,1,2
2018440027606,1,9,0,4,0,0,0,0,0,0,2,1,1,1,47,8,1968,2,11,5,3,5
2018440027606,2,9,0,4,0,0,0,0,0,0,2,1,6,1,81,11,898,1,5,9,2,9
2018440027606,3,19,4,18,0,0,0,0,0,0,1,1,1,1,22,5,-1,-1,-1,7,1,7
2018440027779,1,19,0,4,0,0,0,0,0,0,2,1,6,3,-1,-1,-1,-1,-1,-1,-1,-1
2018440027779,2,1,0,18,0,0,0,0,0,0,1,1,6,1,39,7,-1,-1,-1,4,1,4
2018440027837,1,9,0,18,0,8,1,10,7,4,1,1,3,2,33,6,2720,2,11,8,1,8
2018440027850,1,9,0,18,0,0,0,0,0,0,1,1,6,2,62,9,1299,1,13,7,1,7
2018440027892,1,9,0,12,0,2,0,0,0,0,2,1,6,1,71,10,1591,1,2,7,1,7
2018440027892,2,11,0,18,0,2,0,0,0,0,1,1,1,1,24,5,4500,2,3,5,1,5
2018440028236,1,9,0,7,0,8,0,0,0,0,3,1,6,2,41,7,1968,2,1,10,1,10
2018440028236,2,9,0,18,0,8,0,0,0,0,1,1,6,2,18,4,1229,1,9,9,1,9
2018440028412,1,9,0,9,0,8,0,0,0,0,3,1,6,1,-1,-1,1998,1,21,-1,-1,-1
2018440028412,2,1,0,17,0,8,0,0,0,0,1,1,6,1,56,9,-1,-1,-1,7,1,7
2018440028496,1,9,0,18,0,0,0,0,1,4,3,1,6,1,82,11,3200,2,14,7,3,7
2018440028496,2,9,0,18,0,0,0,0,0,0,3,1,6,3,-1,-1,-1,-1,-1,-1,-1,-1
2018440028498,1,9,0,9,0,8,0,0,0,0,1,1,6,2,23,5,1991,2,13,8,1,8
2018440028498,2,19,0,18,0,8,0,0,0,0,1,1,2,1,53,8,1868,2,15,7,1,7
2018440028500,1,2,0,13,0,8,0,0,0,0,1,1,6,1,26,6,49,1,6,10,1,10
2018440028500,2,19,0,9,0,8,0,0,0,0,3,1,1,1,50,8,1995,2,4,10,1,10
2018440028645,1,9,0,13,0,0,5,0,0,0,1,1,6,1,20,4,998,1,1,10,1,10
2018440028645,2,9,0,18,0,0,1,0,0,0,1,1,6,2,50,8,1997,1,11,9,2,9
2018440028649,1,9,0,18,0,0,0,0,0,0,1,1,6,1,33,6,1390,1,18,6,1,6
2018440028649,2,9,0,18,0,0,0,0,0,0,1,1,6,2,20,4,998,1,19,6,2,6
2018440029313,1,9,0,5,0,8,0,0,0,0,3,1,2,2,35,6,1496,1,3,6,3,6
2018440029313,2,3,0,17,0,8,0,0,0,0,1,1,1,1,20,4,-1,-1,-1,10,3,10
2018440029440,1,9,0,17,0,0,2,0,1,4,4,1,6,2,49,8,-1,-1,-1,5,1,5
2018440029674,1,9,0,18,0,0,0,0,1,11,1,1,6,1,77,11,1197,1,2,7,2,7
2018440029772,1,9,0,9,0,8,0,0,0,0,3,1,6,2,42,7,1995,2,4,4,1,4
2018440029772,2,9,0,11,0,8,0,0,0,0,4,1,6,1,73,10,1781,1,17,8,1,8
2018440029985,1,9,0,18,0,0,0,0,1,7,1,1,2,1,33,6,2401,2,16,2,1,2
2018440029985,2,9,0,4,0,0,0,0,0,0,2,1,2,1,21,5,1968,2,5,8,1,8
2018440030169,1,9,0,18,0,8,1,0,7,10,1,1,6,1,25,5,1598,2,-1,3,1,3
2018440030169,2,9,0,18,0,8,0,0,0,0,4,1,6,1,58,9,1598,1,16,6,3,6
2018440030433,1,2,0,14,0,0,0,4,0,0,1,1,2,1,44,7,-1,-1,-1,9,1,9
2018440030433,2,9,0,2,0,0,0,0,0,0,2,1,6,3,-1,-1,-1,-1,-1,-1,-1,-1
2018440030457,1,9,0,18,0,8,0,0,0,0,1,1,2,1,25,5,1229,1,2,3,1,3
2018440030457,2,9,0,18,0,8,0,0,0,0,4,1,1,1,44,7,1596,1,3,3,1,3
2018440030480,1,9,0,4,0,0,0,0,0,0,2,1,6,2,54,8,1339,1,13,9,2,9
2018440030480,2,9,0,18,0,0,0,0,0,0,1,1,1,1,46,8,1753,2,10,6,3,6
2018440030523,1,9,0,4,0,0,0,0,0,0,2,1,2,1,34,6,1997,2,13,4,1,4
2018440030523,2,9,0,18,0,0,0,0,0,0,1,1,6,1,-1,-1,1956,2,7,10,1,10
2018440030523,3,9,0,4,0,0,0,0,0,0,2,1,6,1,24,5,1397,1,9,9,1,9
2018440030546,1,9,0,9,0,8,0,0,0,0,4,1,6,1,38,7,1364,1,10,3,1,3
2018440030546,2,9,0,18,0,8,0,0,0,0,1,1,6,2,49,8,-1,-1,-1,6,1,6
2018440030564,1,9,0,5,0,8,0,0,0,0,1,1,6,2,39,7,1368,1,3,10,1,10
2018440030564,2,1,0,18,0,8,0,0,0,0,1,1,6,1,32,6,-1,-1,-1,4,1,4
2018440030950,1,9,0,18,0,0,1,0,0,0,4,1,6,2,34,6,1968,2,4,9,1,9
2018440030950,2,21,0,18,0,0,0,0,0,0,3,1,1,1,-1,-1,11967,2,7,-1,-1,-1
2018440031103,1,19,0,9,0,8,0,0,0,0,1,1,6,1,25,5,1499,2,2,7,1,7
2018440031103,2,9,0,17,0,8,0,0,0,0,4,1,6,1,29,6,1390,1,9,6,1,6
2018440031295,1,9,0,18,0,0,2,0,1,4,1,1,2,2,28,6,1582,2,9,2,1,2
2018440031344,1,1,0,18,5,8,0,0,0,0,0,1,2,2,51,8,-1,-1,-1,6,1,6
2018440031344,2,19,0,9,0,8,0,0,0,0,0,1,1,1,-1,-1,-1,-1,-1,7,1,7
2018440031349,1,21,1,11,0,0,0,0,0,0,4,1,1,1,-1,-1,12902,2,2,4,1,4
2018440031349,2,9,0,18,0,0,0,0,0,0,3,1,2,2,32,6,1560,2,14,3,3,3
2018440031349,3,9,0,18,0,0,0,0,0,0,4,1,2,2,32,6,1242,1,9,8,2,8
2018440031376,1,9,0,18,0,0,0,0,2,7,1,1,1,1,39,7,1499,2,3,2,1,2
2018440031376,2,9,0,18,0,0,0,0,0,0,2,1,1,1,33,6,1598,2,6,4,1,4
2018440031518,1,9,0,9,0,8,0,0,0,0,1,1,2,1,36,7,1560,2,3,6,1,6
2018440031518,2,3,0,9,0,8,1,0,0,0,4,1,2,1,29,6,124,1,10,5,1,5
2018440031575,1,9,0,18,0,1,0,0,0,0,1,1,6,1,61,9,1598,1,5,8,1,8
2018440032043,1,9,0,18,0,8,0,0,0,0,1,1,2,2,54,8,1497,1,15,10,2,10
2018440032043,2,9,0,18,0,8,0,0,0,0,3,1,6,1,49,8,1968,2,4,10,3,10
2018440032076,1,9,0,18,0,0,0,0,0,0,1,1,1,1,50,8,4367,2,7,2,1,2
2018440032142,1,19,0,18,0,0,5,0,2,7,1,1,1,2,50,8,-1,-1,-1,9,2,9
2018440032142,2,9,0,13,0,0,0,0,0,0,1,1,6,1,70,10,2143,2,3,3,1,3
2018440032159,1,9,0,18,0,2,1,0,7,0,3,1,3,1,36,7,1596,1,15,6,1,6
2018440032159,2,9,0,18,0,2,0,0,0,0,0,1,6,1,32,6,1360,1,9,9,1,9
2018440032203,1,9,0,18,0,8,0,0,1,2,1,1,6,2,41,7,1200,1,4,7,1,7
2018440032203,2,9,0,9,0,8,0,0,1,2,1,1,6,2,19,4,1149,1,11,3,1,3
2018440032222,1,9,0,12,0,2,0,0,0,0,3,1,6,1,68,10,1896,2,14,6,1,6
2018440032222,2,19,0,18,0,2,0,0,4,6,3,1,6,1,54,8,1560,2,2,4,1,4
2018440032225,1,3,0,18,0,1,0,0,0,0,1,1,6,1,20,4,125,1,2,3,1,3
2018440032261,1,9,0,18,0,2,0,0,0,0,3,1,6,1,25,5,1997,2,1,-1,-1,-1
2018440032490,1,9,0,9,0,8,0,0,0,0,1,1,6,1,20,4,1598,1,16,9,1,9
2018440032490,2,9,0,18,0,8,0,0,0,0,1,1,6,2,25,5,1598,1,16,3,1,3
2018440032559,1,9,0,6,0,0,0,10,7,0,3,1,6,1,87,11,1498,1,5,9,1,9
2018440032559,2,90,0,18,0,0,0,0,0,0,1,1,1,1,55,8,6370,2,8,6,1,6
2018440032656,1,9,0,9,0,8,0,0,0,0,1,1,6,1,34,6,1587,1,16,3,1,3
2018440032656,2,1,0,18,0,8,0,0,0,0,4,1,6,1,51,8,-1,-1,-1,9,1,9
2018440032661,1,9,0,9,0,8,0,0,0,0,4,1,6,2,70,10,998,1,4,10,1,10
2018440032661,2,1,0,18,0,8,0,0,0,0,1,1,6,1,54,8,-1,-1,-1,4,1,4
2018440032766,1,9,0,4,0,1,0,0,0,0,4,1,6,2,68,10,1198,1,9,8,1,8
2018440032851,1,9,0,12,0,0,0,0,0,0,2,1,6,1,43,7,998,1,4,1,1,1
2018440032851,2,5,0,18,0,0,1,0,0,0,1,1,2,1,41,7,-1,-1,-1,2,1,2
2018440032904,1,3,0,18,0,0,1,0,0,0,1,1,2,1,48,8,918,1,20,4,1,4
2018440033006,1,9,0,5,0,8,0,0,0,0,1,1,6,1,20,4,1364,1,1,4,-1,4
2018440033126,1,9,0,5,0,0,0,0,0,0,1,1,6,1,54,8,1596,1,17,10,1,10
2018440033126,2,9,0,2,0,0,0,0,0,0,2,1,6,3,-1,-1,1368,1,1,-1,-1,-1
2018440033262,1,9,0,18,0,8,1,0,7,0,3,1,6,1,24,5,1596,1,4,10,1,10
2018440033262,2,90,0,18,0,8,1,0,0,0,1,1,1,1,31,6,-1,-1,-1,5,1,5
2018440033262,3,1,0,18,0,1,0,0,0,0,3,1,6,1,42,7,-1,-1,-1,-1,-1,-1
2018440033640,1,9,0,3,0,1,0,0,0,0,2,1,1,2,60,9,1598,2,6,7,1,7
2018440033640,2,9,0,4,0,1,0,0,0,0,1,1,1,2,39,7,1229,1,12,9,1,9
2018440033724,1,9,0,18,0,0,1,0,4,9,3,1,6,1,48,8,2993,2,12,9,1,9
2018440033725,1,9,0,7,0,8,0,0,0,0,3,1,6,2,26,6,-1,-1,-1,2,1,2
2018440033725,2,1,0,18,0,8,0,0,0,0,1,1,6,1,70,10,-1,-1,-1,9,1,9
2018440034004,1,9,0,10,0,8,0,0,0,0,2,1,6,1,31,6,1560,2,7,7,3,7
2018440034004,2,9,0,3,0,8,0,0,0,0,2,1,1,2,33,6,1398,1,4,9,2,9
2018440034004,3,19,0,4,0,8,1,0,0,0,1,1,1,1,22,5,2198,2,9,9,2,9
2018440034212,1,9,0,18,0,8,1,0,0,0,1,1,6,1,64,9,1588,1,26,9,1,9
2018440034212,2,9,0,9,0,8,0,0,0,0,4,1,2,1,48,8,1499,2,3,8,1,8
2018440034212,3,9,0,8,0,8,0,0,0,0,3,1,2,2,55,8,1349,1,7,10,1,10
2018440034311,1,9,0,18,0,1,0,0,0,0,1,1,6,1,71,10,1968,2,5,5,1,5
2018440034311,2,9,0,2,0,1,0,0,0,0,1,1,6,3,-1,-1,998,1,14,-1,-1,-1
2018440034311,3,9,0,2,0,1,0,0,0,0,2,1,6,3,-1,-1,1560,2,5,-1,-1,-1
2018440034442,1,1,0,18,0,8,0,0,0,0,4,1,6,1,17,4,-1,-1,-1,9,1,9
2018440034442,2,9,0,1,0,8,0,0,0,0,2,1,6,2,26,6,1198,1,6,7,1,7
2018440034448,1,9,0,9,0,8,0,0,0,0,4,1,6,2,56,9,-1,-1,-1,7,1,7
2018440034448,2,5,0,18,0,8,0,0,0,0,1,1,6,1,24,5,865,1,4,10,1,10
2018440034471,1,9,0,8,0,1,0,0,0,0,2,1,6,2,42,7,1497,1,14,3,1,3
2018440034471,2,9,0,4,0,1,0,0,0,0,1,1,6,3,-1,-1,-1,-1,-1,-1,-1,-1
2018440034512,1,9,0,5,0,8,0,0,4,1,3,1,6,1,19,4,1956,2,8,6,3,6
2018440034512,2,9,0,18,0,8,0,0,0,0,1,1,6,1,34,6,1399,2,10,6,3,6
2018440034649,1,9,0,4,0,1,0,0,0,0,2,1,6,2,25,5,1198,1,3,10,1,10
2018440034649,2,9,0,4,0,1,0,0,0,0,1,1,6,1,21,5,2993,2,2,10,-1,10
2018440034728,1,3,0,18,0,0,0,0,0,0,3,1,6,1,21,5,125,1,3,5,2,5
2018440034728,2,9,0,18,0,0,0,0,0,0,3,1,6,1,51,8,2993,2,6,10,1,10
2018440034799,1,9,0,18,0,0,1,11,0,0,1,1,6,1,49,8,1389,1,16,10,2,10
2018440034851,1,9,0,18,0,0,0,4,0,0,1,1,6,1,38,7,1598,1,14,3,1,3
2018440034851,2,9,0,2,0,0,0,0,0,0,1,1,6,3,-1,-1,1590,1,15,-1,-1,-1
2018440034851,3,9,0,2,0,0,0,0,0,0,3,1,6,3,-1,-1,2400,2,9,-1,-1,-1
2018440034851,4,9,0,2,0,0,0,0,0,0,1,1,6,3,-1,-1,1398,1,7,-1,-1,-1
2018440034885,1,3,0,4,0,0,0,0,0,0,2,1,6,1,17,4,125,1,3,4,1,4
2018440034885,2,3,0,4,0,0,1,0,0,0,1,1,6,1,18,4,125,1,2,4,1,4
2018440035109,1,19,0,4,0,0,0,0,0,0,2,1,1,1,30,6,1753,2,7,5,1,5
2018440035109,2,9,0,18,0,0,0,0,0,0,1,1,6,1,-1,-1,1995,2,7,-1,-1,-1