Accident_Index,Vehicle_Reference,Vehicle_Type,Towing_and_Articulation,Vehicle_Manoeuvre,Vehicle_Location-Restricted_Lane,Junction_Location,Skidding_and_Overturning,Hit_Object_in_Carriageway,Vehicle_Leaving_Carriageway,Hit_Object_off_Carriageway,1st_Point_of_Impact,Was_Vehicle_Left_Hand_Drive?,Journey_Purpose_of_Driver,Sex_of_Driver,Age_of_Driver,Age_Band_of_Driver,Engine_Capacity_(CC),Propulsion_Code,Age_of_Vehicle,Driver_IMD_Decile,Driver_Home_Area_Type,Vehicle_IMD_Decile
2018440077602,1,9,0,18,0,2,0,0,0,0,1,1,6,1,28,6,1582,2,1,5,1,5
2018440077602,2,9,0,18,0,1,0,0,0,0,1,1,6,1,20,4,1242,1,9,10,1,10
2018440077603,1,9,0,18,0,2,0,0,0,0,1,1,6,1,43,7,1598,1,8,7,1,7
2018440077612,1,9,0,16,0,0,1,0,1,0,1,1,6,1,17,4,-1,-1,-1,10,1,10
2018440077768,1,9,0,18,0,2,0,0,1,2,1,1,2,2,28,6,999,1,17,10,1,10
2018440077936,1,1,0,9,0,8,0,0,0,0,3,1,1,1,15,3,-1,-1,-1,10,1,10
2018440077936,2,9,0,14,0,8,0,0,0,0,4,1,6,2,-1,-1,1390,1,12,10,1,10
2018440077987,1,9,0,18,0,1,1,0,0,0,1,1,2,2,39,7,1984,1,-1,10,1,10
2018440077987,2,9,0,4,0,1,0,0,0,0,2,1,2,1,42,7,1995,2,4,10,1,10
2018440077987,3,9,0,18,0,8,0,0,1,0,1,1,2,1,40,7,1597,2,1,10,1,10
2018440078003,1,9,0,17,0,0,2,0,1,0,4,1,6,2,35,6,1598,1,17,6,1,6
2018440078104,1,9,0,9,0,8,0,0,0,0,1,1,6,2,76,11,1200,1,-1,7,3,7
2018440078104,2,3,0,18,0,8,0,0,0,0,4,1,6,1,20,4,124,1,-1,4,1,4
2018440078219,1,9,0,4,0,1,0,0,0,0,1,1,6,1,71,10,1560,2,5,6,1,6
2018440078219,2,9,0,3,0,1,0,0,0,0,2,1,1,2,34,6,999,1,4,3,1,3
2018440078262,1,9,0,18,0,8,1,0,0,0,1,1,6,1,36,7,1997,2,18,10,1,10
2018440078262,2,19,0,4,0,8,0,0,0,0,2,1,1,1,27,6,1248,2,3,5,1,5
2018440078262,3,9,0,4,0,8,0,0,0,0,2,1,3,2,40,7,1968,2,4,-1,-1,-1
2018440078435,1,9,0,5,0,8,0,0,0,0,1,1,6,1,33,6,1339,1,15,4,1,4
2018440078435,2,1,0,18,0,8,0,0,0,0,1,1,6,1,32,6,-1,-1,-1,4,1,4
2018440078449,1,9,0,9,0,8,0,0,0,0,3,1,6,1,74,10,3960,1,22,9,2,9
2018440078449,2,9,0,18,0,8,0,0,0,0,1,1,6,2,68,10,1198,1,2,10,1,10
2018440078476,1,19,0,4,0,1,0,0,0,0,2,1,6,1,25,5,1997,2,3,5,2,5
2018440078476,2,9,0,4,0,1,0,0,0,0,1,1,6,3,-1,-1,1685,2,1,-1,-1,-1
2018440078611,1,1,0,18,0,8,0,0,0,0,1,1,2,1,22,5,-1,-1,-1,5,1,5
2018440078611,2,9,0,9,0,8,0,0,0,0,4,1,6,3,-1,-1,1997,2,10,-1,-1,-1
2018440079099,1,9,0,17,0,2,0,4,1,0,1,1,6,1,48,8,1598,1,12,6,1,6
2018440079099,2,9,0,2,0,2,0,0,0,0,2,1,2,1,60,9,-1,-1,-1,2,1,2
2018440079240,1,9,0,4,0,1,0,0,0,0,2,1,2,2,32,6,-1,-1,-1,5,1,5
2018440079240,2,9,0,4,0,1,0,0,0,0,1,1,2,2,35,6,1364,1,5,10,1,10
2018440079289,1,21,0,4,0,0,1,0,1,7,3,1,1,1,32,6,12902,2,1,3,1,3
2018440079289,2,9,0,4,0,0,1,0,0,0,4,1,6,1,58,9,2000,2,7,4,2,4
2018440079289,3,21,0,18,0,0,1,0,1,0,1,1,1,1,53,8,12902,2,2,7,1,7
2018440079309,1,21,1,18,0,0,1,0,6,6,3,1,1,1,60,9,12777,2,1,9,1,9
2018440079309,2,19,0,18,0,0,5,0,0,0,1,1,1,1,44,7,1968,2,4,4,1,4
2018440079600,1,9,0,2,0,0,0,0,7,11,1,1,6,3,-1,-1,1598,2,3,-1,-1,-1
2018440079630,1,9,0,3,0,0,0,0,0,0,2,1,6,1,47,8,1596,1,13,4,1,4
2018440079630,2,19,0,3,0,0,0,0,0,0,2,1,6,3,-1,-1,1598,2,3,-1,-1,-1
2018440079630,3,19,0,3,0,0,0,0,0,0,1,1,6,1,47,8,1997,2,11,7,1,7
2018440079925,1,9,0,18,0,0,0,0,1,0,0,1,6,1,21,5,999,1,3,8,1,8
2018440080164,1,9,0,18,0,0,1,0,0,0,2,1,6,3,-1,-1,-1,-1,-1,-1,-1,-1
2018440080164,2,19,0,18,0,0,0,0,0,0,2,1,1,1,45,7,1461,2,-1,9,2,9
2018440080164,3,9,0,18,0,0,0,0,0,0,1,1,6,2,28,6,1364,1,11,9,1,9
2018440080583,1,9,0,18,0,0,0,0,7,4,1,1,6,1,26,6,1995,1,18,7,3,7
2018440081018,1,9,0,17,0,0,0,0,1,9,1,1,6,1,32,6,1461,2,10,10,1,10
2018440081187,1,9,0,11,0,0,0,0,1,7,4,1,6,2,22,5,1240,1,13,2,1,2
2018440081187,2,9,0,18,0,0,0,0,0,0,1,1,2,1,31,6,1598,1,11,10,1,10
2018440082084,1,9,0,18,0,8,5,0,7,1,1,1,6,1,48,8,1395,1,4,-1,-1,-1
2018440082597,1,19,0,3,0,8,0,0,0,0,2,1,6,3,-1,-1,-1,-1,-1,-1,-1,-1
2018440082597,2,9,0,3,0,8,0,0,0,0,2,1,6,1,53,8,1242,1,4,7,1,7
2018440082597,3,19,0,18,0,8,0,0,0,0,1,1,6,1,48,8,1753,2,12,3,1,3
2018440082602,1,9,0,10,0,8,0,0,0,0,2,1,6,1,57,9,1398,1,-1,4,1,4
2018440082602,2,9,0,18,0,8,0,0,0,0,1,1,6,1,25,5,1149,1,4,1,1,1
2018440082880,1,1,0,18,9,0,0,0,0,0,1,1,6,3,-1,-1,-1,-1,-1,-1,-1,-1
2018440082926,1,5,0,18,0,0,1,0,1,1,1,1,6,1,45,7,-1,-1,-1,4,1,4
2018440083069,1,9,0,9,0,8,0,0,0,0,1,1,6,1,44,7,1798,1,13,10,1,10
2018440083069,2,3,0,18,0,8,0,0,0,0,1,1,6,2,25,5,125,1,2,4,1,4
2018440083189,1,9,0,5,0,0,0,0,0,0,1,1,6,1,44,7,1497,1,16,2,1,2
2018440083189,2,1,0,18,0,0,0,0,0,0,1,1,6,1,47,8,-1,-1,-1,1,1,1
2018440083194,1,1,0,18,0,1,0,0,0,0,2,1,6,1,22,5,-1,-1,-1,-1,-1,-1
2018440083194,2,9,0,18,0,1,0,0,0,0,1,1,6,3,-1,-1,-1,-1,-1,-1,-1,-1
2018440083316,1,9,0,16,0,8,0,0,0,0,0,1,6,3,-1,-1,2261,1,1,-1,-1,-1
2018440083316,2,90,0,4,0,8,0,11,0,0,2,1,1,1,43,7,-1,-1,-1,4,1,4
2018440083316,3,90,0,16,0,8,0,11,0,0,1,1,1,1,-1,-1,-1,-1,-1,9,3,9
2018440083411,1,9,0,17,0,8,0,0,0,0,4,1,6,1,60,9,1998,1,15,1,1,1
2018440083411,2,9,0,7,0,8,0,0,0,0,1,1,6,1,57,9,1988,1,16,2,1,2
2018440083430,1,9,0,9,0,8,0,0,0,0,1,1,2,1,25,5,-1,-1,-1,8,1,8
2018440083430,2,1,0,18,9,8,0,0,0,0,3,1,6,1,24,5,-1,-1,-1,10,-1,10
2018440083559,1,9,0,9,0,2,0,0,0,0,1,1,6,2,31,6,1149,1,12,10,1,10
2018440083573,1,9,0,18,0,0,0,0,0,0,1,1,6,1,30,6,1968,2,9,2,1,2
2018440083573,2,9,0,18,0,0,0,0,0,0,1,1,6,2,35,6,1596,1,12,1,1,1
2018440083772,1,9,0,18,0,0,0,0,0,0,1,1,6,2,20,4,1229,1,4,9,1,9
2018440083772,2,9,0,4,0,0,0,0,0,0,2,1,6,1,41,7,1753,2,9,7,3,7
2018440083772,3,9,0,4,0,0,0,0,0,0,2,1,6,1,49,8,1997,2,9,9,1,9
2018440084061,1,9,0,18,0,0,0,0,0,0,1,1,1,1,47,8,1995,2,1,6,1,6
2018440084061,2,9,0,11,0,0,0,0,0,0,2,1,6,3,-1,-1,-1,-1,-1,-1,-1,-1
2018440084321,1,9,0,18,0,1,2,0,7,9,1,1,6,1,70,10,1390,1,7,9,3,9
2018440084425,1,9,0,13,0,0,0,0,5,6,1,1,6,1,71,10,-1,-1,-1,5,3,5
2018440084425,2,9,0,13,0,0,0,0,0,0,2,1,6,1,36,7,2199,2,5,8,1,8
2018440084459,1,9,0,9,0,2,0,0,0,0,1,1,6,2,51,8,999,1,2,-1,-1,-1
2018440084479,1,9,0,18,0,0,0,0,0,0,1,1,6,2,58,9,1997,2,12,9,1,9
2018440084479,2,9,0,2,0,0,0,0,0,0,3,1,6,2,63,9,-1,-1,-1,2,1,2
2018440084606,1,9,0,14,0,0,1,0,0,0,1,1,6,1,32,6,1229,1,11,5,1,5
2018440084606,2,9,0,2,0,0,0,0,0,0,1,1,6,1,40,7,1560,2,4,10,1,10
2018440084606,3,9,0,2,0,0,0,0,0,0,1,1,6,1,38,7,1997,2,6,10,1,10
2018440084750,1,1,0,18,0,2,0,0,0,0,4,1,6,1,56,9,-1,-1,-1,8,1,8
2018440084750,2,19,0,2,0,1,0,0,0,0,4,1,6,3,-1,-1,-1,-1,-1,-1,-1,-1
2018440085010,1,9,0,5,0,8,0,0,0,0,2,1,6,2,42,7,1968,2,3,8,1,8
2018440085010,2,19,0,5,0,8,0,0,0,0,1,1,1,2,34,6,1995,2,1,4,1,4
2018440085116,1,19,0,9,0,8,0,0,0,0,2,1,1,1,24,5,5193,2,10,6,1,6
2018440085116,2,9,0,17,0,8,0,0,0,0,4,1,6,2,42,7,1598,1,17,9,1,9
2018440085354,1,9,0,9,0,8,0,0,0,0,1,1,6,2,80,11,973,1,18,5,1,5
2018440085354,2,3,0,18,0,8,0,0,0,0,3,1,6,1,29,6,124,1,1,4,1,4
2018440085354,3,9,0,10,0,8,0,0,0,0,0,1,6,3,-1,-1,-1,-1,-1,-1,-1,-1
2018440085362,1,1,0,18,0,0,0,0,1,0,3,1,4,1,12,3,-1,-1,-1,2,1,2
2018440085362,2,8,0,13,0,0,0,0,0,0,4,1,1,3,-1,-1,-1,-1,-1,-1,-1,-1
2018440085581,1,9,0,18,0,0,0,0,0,0,1,1,2,1,33,6,1798,1,13,1,1,1
2018440085581,2,9,0,3,0,0,0,0,0,0,2,1,2,2,29,6,1398,2,14,3,1,3
2018440085581,3,9,0,3,0,0,0,0,0,0,2,1,2,2,50,8,1124,1,14,1,1,1
2018440085609,1,9,0,5,0,8,0,0,0,0,1,1,6,2,69,10,1296,1,12,8,1,8
2018440085609,2,1,0,18,0,8,0,0,0,0,3,1,6,1,14,3,-1,-1,-1,4,1,4
2018440085665,1,9,0,18,0,2,0,0,0,0,4,1,6,1,33,6,1910,2,12,3,1,3
2018440085701,1,19,0,9,0,8,0,0,0,0,1,1,6,1,-1,-1,1995,2,4,3,1,3
2018440085701,2,9,0,18,0,8,0,0,0,0,3,1,6,2,45,7,1781,1,17,10,1,10
2018440085701,3,9,0,2,0,8,0,0,0,0,3,1,6,3,-1,-1,1560,2,9,-1,-1,-1
2018440086233,1,9,0,1,0,8,0,0,0,0,2,1,3,1,49,8,1199,1,-1,10,2,10
2018440086432,1,9,0,18,0,2,0,0,0,0,1,1,6,1,34,6,1368,1,9,2,2,2
2018440086446,1,9,0,14,0,0,0,0,0,0,1,1,6,1,86,11,-1,-1,-1,5,1,5
2018440086446,2,19,0,3,0,0,0,0,0,0,2,1,6,1,27,6,1896,2,14,4,1,4
2018440086446,3,9,0,3,0,0,0,0,0,0,3,1,6,1,31,6,1595,1,16,3,1,3
2018440086655,1,9,0,10,0,8,0,0,0,0,2,1,1,1,25,5,1598,2,3,6,1,6
2018440086655,2,9,0,18,0,8,0,0,0,0,1,1,6,1,28,6,1781,1,16,2,1,2
2018440086656,1,1,0,18,0,8,0,0,0,0,1,1,2,1,31,6,-1,-1,-1,1,1,1
2018440086656,2,9,0,9,0,8,0,0,0,0,3,1,1,1,56,9,1598,2,6,2,1,2
2018440086715,1,9,0,18,0,8,0,0,0,0,0,1,6,1,25,5,999,1,9,10,2,10
2018440086715,2,9,0,18,0,8,0,0,0,0,0,1,6,3,-1,-1,-1,-1,-1,-1,-1,-1
2018440086791,1,9,0,4,0,1,0,0,0,0,2,1,2,2,41,7,1461,2,2,8,3,8
2018440086791,2,9,0,18,0,1,0,0,0,0,1,1,6,2,25,5,1248,2,3,9,1,9
2018440086907,1,9,0,18,0,8,0,0,5,6,1,1,6,2,24,5,2143,2,1,6,1,6
2018440086979,1,19,0,4,0,0,0,0,0,0,2,1,6,1,60,9,2198,2,7,3,1,3
2018440086979,2,19,0,4,0,0,0,0,0,0,2,1,6,1,56,9,2198,2,2,10,1,10
2018440086979,3,9,0,18,0,0,0,0,0,0,1,1,6,1,33,6,1248,2,4,8,1,8
2018440087182,1,9,0,4,0,8,2,0,1,4,2,1,2,2,44,7,1397,1,9,7,1,7
2018440087182,2,19,0,4,0,8,0,0,0,0,1,1,1,1,42,7,-1,-1,-1,7,1,7
2018440087182,3,5,0,4,0,8,0,0,0,0,1,1,2,1,30,6,670,1,5,4,1,4
2018440087198,1,9,0,18,0,0,0,0,1,10,1,1,6,1,-1,-1,1798,1,12,-1,-1,-1
2018440087378,1,20,0,11,0,2,0,0,0,0,1,1,6,1,52,8,-1,-1,-1,3,1,3
2018440087378,2,9,0,18,0,2,0,0,0,0,3,1,6,2,57,9,1124,1,12,1,1,1
2018440087389,1,3,0,18,0,0,0,4,0,0,1,1,6,1,21,5,125,1,13,2,1,2
2018440087389,2,19,0,2,0,0,0,0,0,0,2,1,6,3,-1,-1,-1,-1,-1,-1,-1,-1
2018440087653,1,9,0,18,0,8,0,0,0,0,4,1,6,2,36,7,-1,-1,-1,8,1,8
2018440087653,2,9,0,18,0,8,0,0,0,0,1,1,6,2,59,9,-1,-1,-1,10,1,10
2018440087711,1,19,0,18,0,0,0,0,0,0,2,1,2,1,-1,-1,1686,2,10,5,1,5
2018440087711,2,9,0,18,0,0,0,0,0,0,1,1,2,2,26,6,-1,-1,-1,4,1,4
2018440087711,3,19,0,18,0,0,0,0,0,0,1,1,2,1,39,7,1997,2,14,8,3,8
2018440087711,4,9,0,18,0,0,0,0,0,0,1,1,2,1,45,7,1968,2,4,6,3,6
2018440087711,5,9,0,18,0,0,0,0,0,0,1,1,2,2,27,6,1598,2,4,6,3,6
2018440087888,1,1,0,18,4,0,0,0,0,0,1,1,4,1,15,3,-1,-1,-1,10,1,10
2018440087888,2,9,0,2,0,0,0,0,0,0,2,1,6,3,-1,-1,-1,-1,-1,-1,-1,-1
2018440088175,1,5,0,18,0,8,0,0,0,0,1,1,6,1,26,6,599,1,18,3,1,3
2018440088175,2,9,0,9,0,8,0,0,0,0,1,1,6,2,20,4,1598,2,5,6,1,6
2018440088454,1,9,0,4,0,0,0,0,0,0,2,1,6,1,22,5,1199,1,15,4,1,4
2018440088454,2,19,0,18,0,0,0,0,0,0,1,1,6,3,-1,-1,-1,-1,-1,-1,-1,-1
2018440088491,1,9,0,10,0,8,0,0,0,0,2,1,6,1,38,7,1198,1,8,7,1,7
2018440088491,2,1,0,18,0,8,0,0,0,0,1,1,6,1,14,3,-1,-1,-1,6,1,6
2018440088491,3,9,0,18,0,8,0,0,0,0,3,1,6,1,78,11,1998,1,4,7,3,7
2018440088523,1,9,0,5,0,8,0,0,0,0,1,1,6,2,19,4,1299,1,15,10,1,10
2018440088523,2,9,0,17,0,8,0,0,0,0,1,1,6,2,17,4,1299,1,15,8,1,8
2018440088571,1,8,0,1,0,2,0,0,0,0,2,1,1,3,-1,-1,-1,-1,-1,-1,-1,-1
2018440088640,1,9,0,18,0,0,0,0,7,11,1,1,6,1,30,6,1560,2,6,5,3,5
2018440088818,1,9,4,17,0,8,0,0,0,0,2,1,6,1,39,7,2495,2,25,8,3,8
2018440088818,2,9,0,18,0,8,0,0,0,0,1,1,6,2,46,8,1798,2,5,9,1,9
2018440088932,1,11,0,13,0,2,0,0,0,0,0,1,1,1,65,9,8268,2,16,10,1,10
2018440088932,2,1,0,18,0,2,0,0,0,0,0,1,6,1,53,8,-1,-1,-1,1,1,1
2018440089166,1,9,0,1,0,0,0,0,0,0,2,1,6,2,38,7,1995,2,2,9,1,9
2018440089166,2,9,0,18,0,0,0,0,0,0,4,1,6,2,43,7,2204,2,14,5,1,5
2018440089166,3,19,0,2,0,0,0,0,0,0,2,1,6,3,-1,-1,1560,2,2,-1,-1,-1
2018440089321,1,9,0,4,0,1,0,0,0,0,1,1,6,3,-1,-1,-1,-1,-1,-1,-1,-1
2018440089321,2,9,0,3,0,1,0,0,0,0,2,1,2,2,23,5,998,1,5,5,1,5
2018440089409,1,1,0,18,0,0,0,0,0,0,0,1,6,1,29,6,-1,-1,-1,6,1,6
2018440089505,1,9,0,18,0,1,0,0,0,0,2,1,3,1,32,6,1560,2,3,7,1,7
2018440089505,2,9,0,18,0,1,1,0,0,0,1,1,6,2,27,6,1686,2,9,8,1,8
2018440089505,3,9,0,15,0,1,0,0,0,0,0,1,6,2,61,9,1248,2,4,8,3,8
2018440089759,1,3,0,18,0,8,0,0,0,0,0,1,6,1,30,6,124,1,10,5,1,5
2018440089759,2,19,0,5,0,8,0,0,0,0,0,1,6,1,49,8,2488,2,4,10,1,10
2018440089985,1,9,0,3,0,1,0,0,0,0,2,1,6,2,45,7,1299,1,13,9,2,9
2018440089985,2,9,0,3,0,1,0,0,0,0,2,1,6,2,40,7,1598,2,5,8,1,8
2018440089985,3,9,0,18,0,1,0,0,0,0,1,1,3,2,77,11,1461,2,8,10,3,10
2018440090097,1,9,0,18,0,0,0,0,7,0,3,1,6,1,28,6,2496,1,16,9,1,9
2018440090097,2,9,0,18,0,0,0,0,0,0,3,1,6,1,61,9,1995,2,3,10,1,10
2018440090103,1,9,0,4,0,0,0,0,0,0,2,1,6,3,-1,-1,-1,-1,-1,-1,-1,-1
2018440090103,2,9,0,4,0,0,0,0,0,0,2,1,6,3,-1,-1,-1,-1,-1,-1,-1,-1
2018440090103,3,9,0,4,0,0,0,0,0,0,2,1,6,1,34,6,1398,1,13,1,1,1
2018440090103,4,9,0,4,0,0,0,0,0,0,1,1,6,3,-1,-1,1560,2,6,-1,-1,-1
2018440090125,1,9,0,4,0,0,0,0,0,0,2,1,2,2,20,4,1149,1,11,4,3,4
2018440090125,2,9,0,4,0,0,0,0,0,0,2,1,2,2,23,5,1598,1,11,6,1,6
2018440090125,3,9,0,4,0,0,0,0,0,0,2,1,2,2,24,5,1995,2,3,4,1,4
2018440090125,4,9,0,4,0,0,0,0,0,0,1,1,2,2,20,4,1229,1,8,10,1,10
2018440090171,1,9,0,18,0,0,1,0,4,6,1,1,6,1,62,9,1995,2,1,8,3,8
2018440090194,1,9,0,3,0,2,0,0,0,0,2,1,2,1,-1,-1,1686,2,7,-1,-1,-1
2018440090194,2,1,0,18,0,2,0,0,0,0,1,1,6,2,19,4,-1,-1,-1,5,1,5
2018440090561,1,19,0,18,0,8,0,0,8,4,1,1,6,3,-1,-1,2461,2,16,-1,-1,-1
2018440090592,1,9,0,18,0,0,0,0,1,10,3,1,1,1,24,5,1995,2,11,3,1,3
2018440090613,1,1,0,18,0,0,0,0,0,0,0,1,6,1,28,6,-1,-1,-1,-1,-1,-1
2018440090613,2,9,0,18,0,0,0,0,0,0,0,1,6,3,-1,-1,-1,-1,-1,-1,-1,-1
2018440090721,1,1,0,18,0,8,0,0,0,0,1,1,6,1,49,8,-1,-1,-1,4,1,4
2018440090721,2,9,0,9,0,8,0,0,0,0,4,1,6,1,22,5,1596,1,21,5,1,5
2018440090742,1,9,0,5,0,0,0,0,0,0,1,1,6,1,-1,-1,-1,-1,-1,-1,-1,-1
2018440090822,1,9,0,4,0,0,0,0,0,0,2,1,6,3,-1,-1,-1,-1,-1,-1,-1,-1
2018440090822,2,9,0,18,0,0,0,0,0,0,1,1,6,2,22,5,1596,1,11,9,-1,9
2018440090859,1,8,0,9,0,8,0,0,0,0,1,1,1,3,-1,-1,1995,2,6,-1,-1,-1
2018440090918,1,9,0,5,0,8,0,0,0,0,3,1,6,2,86,11,1598,1,9,1,1,1
2018440090918,2,9,0,18,0,8,0,0,0,0,1,1,6,1,46,8,998,1,5,9,1,9
2018440090918,3,9,0,10,0,8,0,0,0,0,2,1,6,2,57,9,998,1,5,4,2,4
2018440091010,1,9,0,12,0,0,0,0,4,6,3,1,6,2,25,5,1388,1,11,6,1,6
2018440091118,1,9,0,18,0,8,0,0,0,0,4,1,6,1,76,11,1796,1,12,6,1,6
2018440091118,2,19,0,7,0,8,0,0,0,0,1,1,6,1,-1,-1,-1,-1,-1,3,1,3
2018440091314,1,9,0,18,0,0,0,4,0,0,1,1,6,1,18,4,1229,1,9,1,1,1
2018440091314,2,9,0,2,0,0,0,0,0,0,1,1,6,2,57,9,1999,1,9,1,1,1
2018440091511,1,9,0,18,0,0,0,0,0,0,1,1,6,1,40,7,-1,-1,-1,10,1,10
2018440091714,1,9,0,17,0,0,0,0,1,11,1,1,6,1,26,6,1598,1,15,3,1,3
2018440091752,1,8,0,5,0,1,0,0,0,0,0,1,1,3,-1,-1,-1,-1,-1,-1,-1,-1
2018440091826,1,9,0,18,0,0,5,0,7,10,1,1,2,2,19,4,1398,1,3,4,1,4
2018440091911,1,19,0,9,0,8,0,0,0,0,1,1,6,1,56,9,2198,2,8,5,1,5
2018440091911,2,9,0,18,0,8,0,0,0,0,4,1,6,2,21,5,1598,1,5,4,1,4
2018440092016,1,9,0,18,0,8,0,0,0,0,1,1,6,1,78,11,1560,2,5,8,1,8
2018440092016,2,9,0,4,0,8,0,0,0,0,2,1,6,1,32,6,1968,2,9,6,1,6
2018440092016,3,90,0,17,0,8,0,0,0,0,0,1,1,1,53,8,-1,-1,-1,5,1,5
2018440092187,1,19,0,18,0,1,1,0,0,0,1,1,6,1,43,7,1868,2,13,2,1,2
2018440092187,2,9,0,3,0,1,0,0,0,0,2,1,6,1,48,8,1596,1,14,8,1,8
2018440092187,3,9,0,3,0,1,0,0,0,0,2,1,6,1,48,8,1597,1,20,4,1,4
2018440092187,4,9,0,10,0,1,0,0,0,0,2,1,6,1,40,7,1753,2,10,8,1,8
2018440092429,1,3,0,18,0,0,0,0,1,0,1,1,6,1,26,6,125,1,1,7,3,7
2018440092805,1,1,0,17,0,8,0,0,0,0,3,1,6,1,31,6,-1,-1,-1,1,1,1
2018440092805,2,8,0,13,0,8,0,0,0,0,4,1,6,2,43,7,1560,2,8,1,1,1
2018440093223,1,3,0,18,0,1,0,0,0,0,3,1,6,1,27,6,123,1,3,2,1,2
2018440093270,1,19,0,18,0,2,1,0,0,0,1,1,1,1,31,6,2998,2,4,5,2,5
2018440093270,2,19,0,4,0,1,0,0,0,0,2,1,1,1,40,7,-1,-1,-1,9,1,9
2018440093270,3,9,0,4,0,1,0,0,0,0,3,1,6,1,34,6,1984,1,8,2,1,2
2018440093270,4,5,0,18,0,2,0,0,0,0,2,1,6,2,34,6,689,1,2,4,1,4
2018440093270,5,9,0,18,0,2,0,0,0,0,2,1,6,1,54,8,1560,2,8,-1,-1,-1
2018440093342,1,9,0,13,0,1,5,0,0,0,1,1,6,1,76,11,898,1,1,10,1,10
2018440093342,2,9,0,18,0,1,0,0,0,0,2,1,6,2,59,9,1598,1,11,5,1,5
2018440093552,1,9,0,18,0,1,0,0,0,0,1,1,6,3,-1,-1,-1,-1,-1,-1,-1,-1
2018440093635,1,19,0,18,0,1,0,0,0,0,4,1,6,1,54,8,2198,2,6,4,2,4
2018440093814,1,9,0,9,0,8,0,0,0,0,3,1,6,2,19,4,998,1,16,10,1,10
2018440093814,2,3,0,18,0,8,0,0,0,0,1,1,6,1,20,4,124,1,18,2,1,2
2018440093968,1,11,0,4,0,1,0,0,0,0,0,1,1,3,-1,-1,6370,2,12,-1,-1,-1
2018440094592,1,9,0,18,0,0,0,0,0,0,1,1,6,3,-1,-1,1998,2,13,-1,-1,-1
2018440094603,1,9,0,4,0,0,0,0,0,0,1,1,2,1,39,7,1591,1,2,5,1,5
2018440094603,2,9,0,3,0,0,0,0,0,0,2,1,2,1,19,4,1560,2,8,-1,-1,-1
2018440094603,3,19,0,3,0,0,0,0,0,0,2,1,1,1,26,6,1560,2,3,2,1,2
2018440094603,4,9,0,3,0,0,0,0,0,0,2,1,2,2,25,5,-1,-1,-1,2,-1,2
2018440094992,1,9,0,18,0,0,0,0,0,0,4,1,6,2,28,6,1998,1,11,3,1,3
2018440095073,1,9,0,9,0,2,0,0,0,0,4,1,6,1,64,9,1598,1,11,5,1,5
2018440095095,1,9,0,18,0,1,0,0,0,0,4,1,6,2,-1,-1,-1,-1,-1,-1,-1,-1
2018440095105,1,9,0,4,0,1,0,0,0,0,2,1,6,2,69,10,1560,2,9,9,1,9
2018440095105,2,9,0,4,0,1,0,0,0,0,1,1,6,1,59,9,1995,2,4,7,3,7
2018440095359,1,9,0,18,0,0,0,0,7,0,3,1,2,2,19,4,1229,1,10,9,2,9
2018440095359,2,9,0,18,0,0,0,0,0,0,3,1,1,1,31,6,-1,-1,-1,10,1,10
2018440095381,1,9,0,11,0,0,0,0,0,0,1,1,6,1,42,7,1796,1,15,4,1,4
2018440095381,2,9,0,18,0,0,1,0,0,0,3,1,2,2,50,8,1798,8,1,7,1,7
2018440095423,1,9,0,18,0,1,0,0,0,0,1,1,2,1,45,7,1200,1,1,9,1,9
2018440095423,2,5,0,18,0,1,0,0,0,0,2,1,6,1,33,6,649,1,1,8,3,8
2018440096057,1,98,0,5,0,2,0,0,0,0,0,1,6,3,-1,-1,-1,-1,-1,-1,-1,-1
2018440096260,1,1,0,4,0,1,0,0,0,0,3,1,6,1,19,4,-1,-1,-1,6,1,6
2018440096260,2,9,0,17,0,2,0,0,0,0,1,1,6,1,32,6,1395,1,2,7,1,7
2018440096457,1,9,0,18,0,2,0,0,0,11,1,1,6,1,88,11,1360,1,11,-1,-1,-1
2018440096560,1,5,0,18,0,8,0,0,0,0,1,1,6,1,58,9,599,1,20,6,1,6
2018440096560,2,9,0,9,0,8,0,0,0,0,4,1,6,2,32,6,1398,1,7,10,1,10
2018440096648,1,9,0,9,0,8,0,0,0,0,3,1,6,1,85,11,1364,1,12,10,1,10
2018440096648,2,19,0,18,0,8,0,0,0,0,1,1,6,1,25,5,-1,-1,-1,10,1,10
2018440096773,1,8,0,1,0,8,0,0,0,0,2,1,1,3,-1,-1,-1,-1,-1,-1,-1,-1
2018440096813,1,9,0,12,0,0,0,0,0,0,3,1,6,3,-1,-1,-1,-1,-1,-1,-1,-1
2018440096813,2,5,0,18,0,0,0,0,4,0,4,1,6,1,55,8,599,1,13,6,1,6
2018440096877,1,9,0,3,0,1,0,0,0,0,2,1,6,2,25,5,1242,1,6,9,1,9
2018440096877,2,9,0,4,0,1,0,0,0,0,1,1,6,1,40,7,1498,1,1,9,3,9
2018440096924,1,9,0,18,0,0,0,0,0,0,1,1,6,2,72,10,1396,1,15,9,1,9
2018440096924,2,1,0,18,0,0,0,0,0,0,1,1,6,1,20,4,-1,-1,-1,10,1,10
2018440097008,1,8,0,18,0,8,0,0,0,0,1,1,1,1,37,7,1598,2,1,1,1,1