Accident_Index,Vehicle_Reference,Vehicle_Type,Towing_and_Articulation,Vehicle_Manoeuvre,Vehicle_Location-Restricted_Lane,Junction_Location,Skidding_and_Overturning,Hit_Object_in_Carriageway,Vehicle_Leaving_Carriageway,Hit_Object_off_Carriageway,1st_Point_of_Impact,Was_Vehicle_Left_Hand_Drive?,Journey_Purpose_of_Driver,Sex_of_Driver,Age_of_Driver,Age_Band_of_Driver,Engine_Capacity_(CC),Propulsion_Code,Age_of_Vehicle,Driver_IMD_Decile,Driver_Home_Area_Type,Vehicle_IMD_Decile
2018440097008,2,1,0,18,0,8,0,0,0,0,4,1,6,2,32,6,-1,-1,-1,2,1,2
2018440097022,1,5,0,18,0,0,0,12,1,0,1,1,2,1,35,6,1062,1,15,10,1,10
2018440097113,1,9,0,18,0,0,1,0,4,6,1,1,1,1,60,9,1598,1,13,1,1,1
2018440097423,1,9,0,10,0,1,0,0,0,0,2,1,6,1,24,5,1396,1,5,4,1,4
2018440097423,2,9,0,4,0,1,0,0,0,0,2,1,6,2,57,9,1149,1,8,10,1,10
2018440097423,3,9,0,4,0,1,0,0,0,0,2,1,6,2,31,6,999,1,-1,7,3,7
2018440097423,4,9,0,18,0,1,0,0,0,0,1,1,6,1,23,5,998,1,5,8,1,8
2018440097472,1,9,0,18,0,0,5,0,2,10,4,1,2,1,26,6,1149,1,16,4,1,4
2018440097480,1,1,0,18,0,1,0,10,0,0,1,1,6,1,35,6,-1,-1,-1,3,1,3
2018440097946,1,9,0,4,0,1,0,0,0,0,1,1,6,2,49,8,1560,2,10,9,1,9
2018440097946,2,9,0,4,0,1,0,0,0,0,2,1,6,1,81,11,1762,1,21,9,1,9
2018440097946,3,9,0,10,0,1,0,0,0,0,2,1,6,1,56,9,1995,2,8,8,3,8
2018440098336,1,9,0,18,0,1,0,0,0,0,3,1,6,1,24,5,1995,2,15,4,1,4
2018440098336,2,1,0,18,0,8,0,0,0,0,1,1,6,1,28,6,-1,-1,-1,2,1,2
2018440098424,1,9,0,18,0,2,0,0,0,0,1,1,2,1,37,7,1998,1,13,7,1,7
2018440098424,2,1,0,18,0,2,0,0,0,0,3,1,6,1,16,4,-1,-1,-1,8,1,8
2018440098549,1,9,0,4,0,8,0,0,0,0,2,1,6,2,34,6,1999,2,1,3,1,3
2018440098549,2,3,0,18,0,8,0,0,0,0,1,1,6,1,19,4,124,1,10,2,1,2
2018440098651,1,2,0,18,0,8,0,0,0,0,1,1,6,1,26,6,125,1,3,10,3,10
2018440098651,2,9,0,9,0,8,0,0,0,0,3,1,6,2,64,9,1956,2,2,-1,-1,-1
2018440098846,1,20,0,18,0,0,0,0,1,4,1,1,1,1,31,6,-1,-1,-1,9,1,9
2018440099007,1,9,0,18,0,8,2,0,1,11,1,1,2,2,19,4,1490,1,11,7,1,7
2018440099012,1,3,0,5,0,1,0,0,0,0,1,1,4,1,18,4,125,1,5,6,1,6
2018440099012,2,9,0,3,0,1,0,0,0,0,2,1,6,2,71,10,999,1,17,10,1,10
2018440099078,1,9,0,1,0,8,0,0,0,0,2,1,6,2,66,10,1598,1,8,9,1,9
2018440099320,1,2,0,18,0,8,0,0,0,0,1,1,6,1,16,4,-1,-1,-1,9,3,9
2018440099320,2,9,0,18,0,8,0,0,0,0,1,1,6,2,31,6,1298,1,16,10,3,10
2018440099320,3,9,0,18,0,1,0,0,0,0,1,1,6,1,53,8,1968,2,1,10,1,10
2018440099385,1,1,0,18,0,1,0,0,0,0,1,1,6,1,37,7,-1,-1,-1,9,1,9
2018440099385,2,19,0,4,0,1,0,0,0,0,2,1,1,1,26,6,1870,2,13,-1,-1,-1
2018440099573,1,1,0,18,0,8,1,0,0,0,1,1,6,1,54,8,-1,-1,-1,9,1,9
2018440099573,2,9,0,18,0,8,0,0,0,0,4,1,6,1,46,8,1198,1,9,1,1,1
2018440099639,1,8,0,6,0,0,2,0,0,0,3,1,1,1,48,8,1598,2,2,1,1,1
2018440099639,2,11,0,13,0,0,0,0,0,0,1,1,1,1,52,8,4461,2,5,3,1,3
2018440099665,1,9,0,11,0,8,0,0,0,0,4,1,6,1,34,6,-1,-1,-1,1,1,1
2018440099665,2,9,0,17,0,8,0,0,0,0,3,1,6,2,28,6,899,1,4,4,1,4
2018440099665,3,19,0,17,0,8,0,0,0,0,2,1,1,1,35,6,2198,2,3,2,1,2
2018440099701,1,9,0,4,0,1,0,0,0,0,2,1,6,1,42,7,-1,-1,-1,10,2,10
2018440099701,2,19,0,4,0,1,0,0,0,0,1,1,1,1,45,7,6370,2,9,8,3,8
2018440099733,1,9,0,4,0,0,0,0,0,0,2,1,6,1,57,9,1997,2,6,6,1,6
2018440099733,2,9,0,4,0,0,0,0,0,0,1,1,6,3,-1,-1,1198,1,6,-1,-1,-1
2018440099741,1,9,0,18,0,8,0,0,0,0,3,1,6,1,57,9,-1,-1,-1,10,1,10
2018440099741,2,1,0,9,0,8,0,0,0,0,4,1,6,1,44,7,-1,-1,-1,10,1,10
2018440100053,1,9,0,9,0,8,0,0,0,0,1,1,6,2,29,6,1390,1,13,7,1,7
2018440100053,2,9,0,18,0,8,0,0,1,4,1,1,6,2,25,5,1390,1,14,4,1,4
2018440100131,1,9,0,9,0,8,0,0,0,0,1,1,6,2,18,4,1597,2,2,6,1,6
2018440100131,2,5,0,18,0,8,0,0,0,0,3,1,6,1,53,8,-1,-1,-1,1,1,1
2018440100247,1,5,0,16,0,0,0,0,0,0,1,1,6,1,27,6,599,1,22,4,1,4
2018440100247,2,9,0,17,0,0,0,0,0,0,1,1,6,1,57,9,1364,1,9,-1,-1,-1
2018440100412,1,9,0,18,0,0,5,0,2,4,1,1,6,1,24,5,1497,1,14,7,3,7
2018440100422,1,3,0,4,0,1,0,0,0,0,0,1,6,2,22,5,-1,-1,-1,8,1,8
2018440100622,1,9,0,4,0,8,0,0,0,0,2,1,6,2,61,9,1398,2,15,7,1,7
2018440100622,2,9,0,4,0,8,0,0,0,0,1,1,6,1,45,7,1398,2,15,8,1,8
2018440100622,3,9,0,10,0,8,0,0,0,0,4,1,6,2,76,11,1248,1,4,-1,-1,-1
2018440100631,1,9,0,18,0,8,0,0,0,0,4,1,6,3,-1,-1,-1,-1,-1,-1,-1,-1
2018440100644,1,5,0,13,0,0,0,0,7,4,1,1,6,1,34,6,782,1,2,9,1,9
2018440100644,2,20,0,17,0,0,0,0,0,0,0,1,1,1,53,8,4500,2,1,6,1,6
2018440100748,1,19,0,18,0,8,0,0,0,0,3,1,6,1,33,6,2402,2,7,6,1,6
2018440100748,2,9,0,18,0,8,0,0,0,0,1,1,6,2,58,9,2000,1,24,4,1,4
2018440100749,1,9,0,4,0,1,0,0,0,0,2,1,6,1,71,10,1798,1,9,3,1,3
2018440100749,2,9,0,18,0,1,0,0,0,0,1,1,6,3,-1,-1,-1,-1,-1,-1,-1,-1
2018440100788,1,9,0,9,0,8,0,0,0,0,4,1,6,1,23,5,1798,1,11,7,3,7
2018440100788,2,9,0,18,0,8,0,0,0,0,1,1,6,1,65,9,1783,1,15,9,3,9
2018440100837,1,9,0,18,0,0,0,0,0,0,1,1,6,3,-1,-1,-1,-1,-1,-1,-1,-1
2018440100845,1,9,0,4,0,1,0,0,0,0,1,1,6,1,51,8,1968,2,7,1,1,1
2018440100845,2,9,0,4,0,1,0,0,0,0,2,1,6,2,22,5,998,1,6,8,1,8
2018440100873,1,1,0,18,0,0,0,0,0,0,1,1,6,1,33,6,-1,-1,-1,6,1,6
2018440100873,2,9,0,2,0,0,0,0,0,0,3,1,6,2,32,6,-1,-1,-1,4,1,4
2018440101294,1,9,0,17,0,0,0,0,1,3,1,1,6,2,43,7,998,1,4,7,2,7
2018440101453,1,9,0,7,0,2,0,0,0,0,1,1,6,1,53,8,2495,2,16,4,1,4
2018440101453,2,9,0,18,0,1,0,0,0,0,1,1,6,1,31,6,2698,2,10,5,1,5
2018440101482,1,9,0,18,0,0,0,0,1,9,1,1,6,2,39,7,1124,1,15,3,1,3
2018440102165,1,9,0,18,0,0,0,0,1,10,1,1,6,2,26,6,2987,2,9,9,1,9
2018440102368,1,9,0,18,0,0,1,0,7,4,1,1,6,1,34,6,-1,-1,-1,5,1,5
2018440102372,1,5,0,18,0,0,0,0,0,0,0,1,6,1,21,5,645,1,12,4,1,4
2018440102458,1,9,0,3,0,0,0,0,0,0,2,1,6,1,19,4,973,1,16,4,2,4
2018440102458,2,9,0,17,0,0,0,0,0,0,2,1,6,1,36,7,973,1,16,6,2,6
2018440102467,1,9,0,7,0,2,0,0,1,11,1,1,6,1,43,7,1390,1,9,9,1,9
2018440102467,2,9,0,2,0,2,0,0,0,0,2,1,6,3,-1,-1,999,1,-1,-1,-1,-1
2018440102471,1,9,0,17,0,0,1,0,1,11,1,1,6,1,27,6,1596,1,12,-1,-1,-1
2018440102506,1,9,0,17,0,8,1,10,1,0,1,1,6,2,47,8,988,1,-1,9,3,9
2018440102506,2,9,0,10,0,8,0,0,0,0,3,1,6,1,38,7,1968,2,6,7,1,7
2018440102571,1,9,0,17,0,0,1,0,2,11,4,1,2,2,20,4,1360,1,14,10,1,10
2018440102571,2,9,0,18,0,0,0,0,1,11,1,1,2,2,27,6,1995,2,4,10,3,10
2018440102782,1,9,0,18,0,0,1,0,7,0,3,1,2,2,50,8,1596,1,12,8,3,8
2018440102782,2,9,0,18,0,0,0,0,1,0,3,1,6,1,62,9,1686,2,8,4,2,4
2018440103081,1,3,0,9,0,8,0,0,0,0,1,1,2,1,21,5,124,1,14,3,1,3
2018440103081,2,9,0,5,0,8,0,0,0,0,3,1,6,1,76,11,1986,1,3,-1,-1,-1
2018440103092,1,9,0,3,0,0,0,0,0,0,2,1,2,2,42,7,1598,1,4,9,1,9
2018440103092,2,9,0,18,0,0,1,0,0,0,1,1,2,2,-1,-1,1399,2,13,8,1,8
2018440103120,1,9,0,18,0,0,1,0,1,4,1,1,6,1,34,6,2953,1,9,3,1,3
2018440103502,1,9,0,18,0,8,0,0,0,0,1,1,6,1,29,6,4966,1,14,5,1,5
2018440103588,1,9,0,18,0,0,0,0,7,4,1,1,6,1,79,11,1248,1,6,7,1,7
2018440103593,1,9,0,18,0,2,1,0,7,3,1,1,6,2,28,6,1197,1,5,4,1,4
2018440103723,1,9,0,18,0,8,0,0,1,4,1,1,6,1,31,6,1997,1,10,9,2,9
2018440103815,1,9,0,9,0,8,0,0,0,0,3,1,6,1,35,6,1598,1,4,5,1,5
2018440103815,2,9,0,18,0,8,0,0,0,0,1,1,6,1,29,6,1229,1,10,3,1,3
2018440103819,1,9,0,1,0,0,0,0,0,0,2,1,2,1,56,9,1896,2,11,4,1,4
2018440103819,2,1,0,18,0,0,0,0,0,0,3,1,2,2,35,6,-1,-1,-1,4,1,4
2018440103828,1,9,0,5,0,1,0,0,0,0,2,1,2,1,51,8,996,1,6,8,3,8
2018440103828,2,9,0,18,0,1,0,0,0,0,1,1,2,2,25,5,1461,2,4,4,1,4
2018440103872,1,9,0,18,0,8,0,0,0,0,1,1,6,2,52,8,1240,1,13,1,1,1
2018440103872,2,9,0,18,0,8,0,0,0,0,1,1,6,1,25,5,1600,1,20,3,1,3
2018440104324,1,9,0,18,0,1,0,0,0,0,1,1,6,2,77,11,1197,1,7,10,3,10
2018440104324,2,9,0,4,0,1,0,0,0,0,2,1,6,2,60,9,1590,1,18,6,3,6
2018440104343,1,9,0,16,0,0,2,0,7,9,3,1,6,1,61,9,3946,1,19,4,3,4
2018440104430,1,90,0,18,0,2,0,0,0,0,1,1,6,1,43,7,3108,2,7,8,1,8
2018440104549,1,9,0,4,0,1,0,0,0,0,2,1,6,1,-1,-1,1248,1,6,-1,-1,-1
2018440104549,2,2,0,18,0,1,0,0,0,0,1,1,6,1,16,4,49,1,5,8,1,8
2018440104677,1,9,0,18,0,0,0,0,0,0,4,1,6,2,36,7,1398,1,3,3,1,3
2018440104804,1,9,0,17,0,0,2,0,1,0,4,1,6,2,24,5,1299,1,17,7,2,7
2018440104862,1,9,0,9,0,8,0,0,0,0,1,1,6,1,17,4,1198,1,7,10,1,10
2018440104862,2,9,0,18,0,8,0,0,0,0,1,1,6,2,22,5,1248,2,6,9,1,9
2018440105195,1,9,0,16,0,0,2,0,7,0,1,1,6,1,61,9,2179,2,5,9,3,9
2018440105195,2,9,0,16,0,0,1,0,7,0,0,1,6,1,65,9,1496,2,2,1,1,1
2018440105195,3,9,0,16,0,0,1,0,7,11,1,1,6,1,29,6,1598,2,2,10,1,10
2018440105226,1,9,0,18,0,8,0,0,0,0,1,1,6,1,74,10,1997,2,10,3,1,3
2018440105226,2,9,0,18,0,8,0,0,0,0,3,1,6,1,54,8,1998,2,3,2,1,2
2018440105361,1,9,0,15,0,1,0,0,0,0,1,1,6,1,25,5,1599,1,10,3,1,3
2018440105361,2,9,0,3,0,8,0,0,0,0,2,1,6,1,60,9,-1,-1,-1,8,3,8
2018440105380,1,1,0,18,0,0,0,0,0,0,3,1,4,1,11,3,-1,-1,-1,10,1,10
2018440105380,2,9,0,18,0,0,0,0,0,0,4,1,6,3,-1,-1,-1,-1,-1,-1,-1,-1
2018440105418,1,9,0,4,0,0,0,0,0,0,2,1,6,1,66,10,1798,1,-1,4,1,4
2018440105418,2,19,0,18,0,0,0,0,0,0,1,1,1,1,30,6,2402,2,8,-1,-1,-1
2018440105470,1,19,0,5,0,8,0,0,0,0,1,1,1,1,45,7,2499,2,2,2,1,2
2018440105470,2,9,0,18,0,8,0,0,0,0,3,1,6,2,59,9,1395,1,1,9,1,9
2018440105565,1,9,0,9,0,8,0,0,0,0,1,1,6,1,44,7,1956,2,5,1,1,1
2018440105615,1,9,0,10,0,8,0,0,0,0,1,1,6,2,19,4,1388,1,11,6,1,6
2018440105615,2,9,0,18,0,8,0,0,0,0,1,1,6,2,52,8,1796,1,12,4,1,4
2018440105680,1,9,0,18,0,2,0,0,0,0,1,1,6,2,75,10,1388,1,13,4,1,4
2018440105680,2,9,0,4,0,2,0,0,0,0,2,1,6,2,31,6,1242,1,17,9,1,9
2018440105681,1,9,0,7,0,8,0,0,7,1,1,1,6,1,20,4,-1,-1,-1,8,1,8
2018440105829,1,9,0,6,0,0,0,0,0,0,1,1,6,3,-1,-1,-1,-1,-1,-1,-1,-1
2018440106011,1,9,0,16,0,8,0,0,0,0,4,1,6,1,56,9,1997,2,7,5,1,5
2018440106011,2,1,0,18,0,8,0,0,0,0,1,1,6,1,8,2,-1,-1,-1,5,1,5
2018440106082,1,1,0,18,0,8,0,0,0,0,0,1,6,1,20,4,-1,-1,-1,2,1,2
2018440106082,2,9,0,7,0,8,0,0,0,0,0,1,6,1,40,7,-1,-1,-1,4,1,4
2018440106179,1,3,0,18,0,1,1,0,1,0,1,1,6,1,22,5,124,1,5,6,1,6
2018440106179,2,9,0,18,0,1,0,0,0,0,2,1,6,1,41,7,1686,2,9,6,3,6
2018440106225,1,9,0,4,0,0,0,0,0,0,2,1,2,3,-1,-1,1995,2,5,-1,-1,-1
2018440106225,2,5,0,18,0,0,0,0,0,0,1,1,2,1,29,6,600,1,16,4,1,4
2018440106418,1,9,0,18,0,0,0,0,7,4,1,1,6,1,-1,-1,1998,1,23,-1,-1,-1
2018440106432,1,9,0,18,0,0,0,6,0,0,1,1,6,1,70,10,1994,2,15,-1,-1,-1
2018440106450,1,1,0,18,0,0,0,0,0,0,2,1,6,1,19,4,-1,-1,-1,10,1,10
2018440106450,2,9,0,13,0,0,0,0,0,0,1,1,6,3,-1,-1,-1,-1,-1,-1,-1,-1
2018440106731,1,9,0,9,0,8,0,0,0,0,1,1,2,2,39,7,1388,1,13,4,1,4
2018440106823,1,9,0,7,0,8,0,0,0,0,1,1,6,1,-1,-1,1999,2,2,-1,-1,-1
2018440106823,2,1,0,18,0,8,0,0,0,0,4,1,2,2,28,6,-1,-1,-1,5,1,5
2018440106825,1,9,0,5,0,8,0,0,0,0,2,1,1,2,47,8,1339,1,4,9,1,9
2018440106825,2,9,0,5,0,8,0,0,0,0,1,1,6,1,32,6,1598,1,9,3,1,3
2018440106883,1,9,0,5,4,8,0,0,0,0,1,1,6,1,39,7,1968,2,5,-1,-1,-1
2018440106883,2,1,0,18,4,8,0,0,0,0,4,1,6,1,42,7,-1,-1,-1,6,1,6
2018440106985,1,9,0,17,0,8,0,0,0,0,1,1,6,2,70,10,999,1,3,10,2,10
2018440106985,2,9,0,5,0,8,0,0,0,0,1,1,6,1,21,5,1598,1,17,10,1,10
2018440107362,1,9,0,7,0,8,0,0,0,0,1,1,6,1,45,7,-1,-1,-1,-1,-1,-1
2018440107451,1,19,0,4,0,0,0,0,0,0,2,1,6,1,52,8,1598,2,3,5,1,5
2018440107451,2,9,0,4,0,0,0,0,0,0,1,1,6,1,-1,-1,-1,-1,-1,-1,-1,-1
2018440107478,1,9,0,11,0,0,0,0,0,0,0,1,2,2,21,5,1200,1,3,1,1,1
2018440107478,2,5,0,18,0,0,0,0,0,0,0,1,2,1,49,8,1130,1,16,-1,-1,-1
2018440107548,1,9,0,7,0,3,0,0,0,0,1,1,6,2,-1,-1,-1,-1,-1,-1,-1,-1
2018440107555,1,9,0,7,0,8,0,0,1,10,3,1,6,1,21,5,1341,1,21,3,1,3
2018440107555,2,9,0,18,0,8,1,0,1,0,1,1,6,1,58,9,-1,-1,-1,5,3,5
2018440107806,1,9,0,18,0,0,0,0,0,0,1,1,6,1,-1,-1,1560,2,9,-1,-1,-1
2018440108002,1,9,0,18,0,8,0,0,0,0,3,1,6,1,56,9,-1,-1,-1,2,1,2
2018440108002,2,1,0,18,0,8,0,0,0,0,1,1,6,1,33,6,-1,-1,-1,3,1,3
2018440108006,1,9,0,9,0,8,0,0,0,0,1,1,6,2,51,8,1586,1,10,8,1,8
2018440108006,2,9,0,18,0,8,0,0,0,0,4,1,6,2,32,6,1398,1,8,8,1,8
2018440108146,1,3,0,18,0,0,1,0,1,0,0,1,1,1,43,7,125,1,2,8,1,8
2018440108307,1,1,0,18,0,0,0,0,0,0,3,1,6,1,13,3,-1,-1,-1,5,1,5
2018440108307,2,9,0,18,0,0,0,0,0,0,4,1,6,3,-1,-1,-1,-1,-1,-1,-1,-1
2018440108587,1,9,0,5,0,0,0,0,0,0,3,1,6,2,69,10,1598,1,16,7,1,7
2018440108587,2,1,0,13,0,0,0,0,0,0,4,1,6,1,28,6,-1,-1,-1,3,1,3
2018440108668,1,1,0,18,0,8,0,0,0,0,0,1,2,1,47,8,-1,-1,-1,10,1,10
2018440108682,1,1,0,18,0,2,0,0,0,10,0,1,6,2,25,5,-1,-1,-1,5,1,5
2018440108685,1,9,0,18,0,0,0,0,0,0,2,1,6,2,32,6,1197,1,4,5,1,5
2018440108685,2,9,0,18,0,0,0,0,0,0,1,1,1,1,51,8,-1,-1,-1,1,1,1
2018440108951,1,5,0,16,0,2,1,0,0,0,0,1,6,1,43,7,599,1,13,5,1,5
2018440109076,1,8,0,9,0,8,0,0,0,0,1,1,6,1,52,8,1896,2,9,4,1,4
2018440109076,2,3,0,18,0,8,0,0,0,0,1,1,6,1,20,4,124,1,4,-1,-1,-1
2018440109103,1,9,0,18,0,0,0,0,0,0,1,1,6,1,57,9,1242,1,2,8,1,8
2018440109568,1,19,0,18,0,1,0,0,0,0,1,1,6,1,48,8,2198,2,3,7,1,7
2018440109593,1,9,0,14,0,0,0,0,0,0,1,1,1,2,26,6,-1,-1,-1,4,1,4
2018440109593,2,3,0,14,0,0,1,0,0,0,3,1,6,1,48,8,125,1,6,8,1,8
2018440109708,1,9,0,18,0,0,0,0,0,0,1,1,6,2,32,6,-1,-1,-1,4,1,4
2018440110145,1,9,0,9,0,8,0,0,0,0,4,1,6,1,33,6,2231,2,11,3,1,3
2018440110145,2,9,0,18,0,8,0,0,0,0,1,1,6,1,57,9,1598,1,13,9,1,9
2018440110438,1,9,0,9,0,8,0,0,0,0,3,1,6,1,21,5,1242,1,10,5,1,5
2018440110438,2,9,0,18,0,8,0,0,0,0,1,1,6,1,-1,-1,3950,1,22,2,1,2
2018440110799,1,9,0,17,0,0,0,4,0,0,4,1,6,2,71,10,1149,1,16,9,1,9
2018440110799,2,9,0,2,0,0,0,0,0,0,4,1,6,3,-1,-1,1796,1,10,-1,-1,-1
2018440110844,1,8,0,18,0,8,0,0,0,0,4,1,1,1,25,5,1598,2,1,1,1,1
2018440110844,2,9,0,9,0,8,0,0,0,0,1,1,6,1,57,9,1598,2,1,3,1,3
2018440111000,1,5,0,16,0,0,1,0,0,0,1,1,6,1,60,9,773,1,4,8,1,8
2018440111000,2,9,0,16,0,0,0,0,0,0,2,1,6,1,50,8,1686,2,4,6,1,6
2018440111014,1,9,0,18,0,1,0,0,0,0,1,1,6,1,32,6,1796,1,10,5,1,5
2018440111028,1,1,0,9,0,8,0,0,0,0,3,1,2,2,25,5,-1,-1,-1,4,1,4
2018440111028,2,9,0,13,0,8,0,0,0,0,4,1,6,2,43,7,1461,2,1,4,1,4
2018440111573,1,9,0,18,0,0,1,0,1,4,3,1,6,1,27,6,1796,1,16,-1,-1,-1
2018440111736,1,9,0,1,0,0,0,0,0,0,2,1,6,3,-1,-1,1364,1,7,-1,-1,-1
2018440111736,2,9,0,18,0,0,0,0,0,0,1,1,6,1,42,7,1956,2,8,4,1,4
2018440111745,1,9,0,4,0,0,0,0,0,0,2,1,6,2,50,8,998,1,6,10,1,10
2018440111745,2,9,0,4,0,0,1,0,0,0,2,1,6,1,33,6,1896,2,11,4,2,4
2018440111745,3,9,0,4,0,0,5,0,0,0,1,1,6,1,47,8,1197,1,1,3,1,3
2018440111745,4,9,0,4,0,0,1,0,0,0,3,1,6,1,45,7,-1,-1,-1,1,1,1
2018440112033,1,1,0,18,9,0,0,0,0,0,1,1,6,1,74,10,-1,-1,-1,9,1,9
2018440112033,2,9,0,18,0,0,0,0,0,0,1,1,6,1,19,4,1388,1,15,8,1,8
2018440112081,1,2,0,18,0,8,0,0,0,0,3,1,6,1,21,5,49,1,11,2,1,2
2018440112081,2,9,0,9,0,8,0,0,0,0,1,1,6,2,37,7,1499,2,2,1,1,1
2018440112097,1,90,0,14,0,8,0,0,0,0,4,1,1,1,-1,-1,-1,-1,-1,3,1,3
2018440112097,2,9,0,9,0,8,0,0,0,0,3,1,6,2,46,8,1956,2,8,6,1,6
2018440112156,1,9,0,3,0,2,0,0,0,0,2,1,6,2,19,4,1242,1,12,7,2,7
2018440112156,2,9,0,18,0,2,0,0,0,0,1,1,6,2,26,6,1200,1,5,4,2,4
2018440112375,1,5,0,18,0,0,0,0,0,0,1,1,6,1,66,10,750,1,31,7,1,7
2018440112375,2,9,0,4,0,0,0,12,0,0,2,1,6,1,77,11,998,1,1,10,1,10
2018440112575,1,9,0,5,0,2,0,0,0,0,1,1,6,2,44,7,1198,1,5,7,2,7
2018440112590,1,9,0,18,0,0,0,0,7,0,1,1,6,1,19,4,1390,1,15,6,1,6
2018440112590,2,9,0,18,0,0,0,0,0,0,1,1,6,2,49,8,1197,1,5,10,1,10
2018440112762,1,9,0,1,0,0,0,0,0,0,2,1,6,1,41,7,2993,2,8,-1,-1,-1
2018440113105,1,9,0,5,0,4,0,0,0,0,1,1,4,2,34,6,1968,2,1,10,1,10
2018440113105,2,1,0,18,0,8,0,0,0,0,4,1,6,1,15,3,-1,-1,-1,9,1,9
2018440113138,1,19,0,9,0,8,0,0,0,0,4,1,6,1,48,8,2464,2,9,4,1,4
2018440113138,2,9,0,5,0,8,0,0,0,0,1,1,6,1,23,5,1560,2,12,9,1,9
2018440113357,1,9,0,18,0,0,0,0,0,0,2,1,2,2,39,7,998,1,5,10,1,10
2018440113357,2,9,0,18,0,0,0,0,0,0,1,1,6,1,30,6,1242,1,10,9,1,9
2018440113436,1,9,0,1,0,2,0,0,0,0,2,1,6,3,-1,-1,1496,1,2,-1,-1,-1
2018440113542,1,3,0,18,0,8,0,0,0,0,1,1,6,1,32,6,125,1,2,6,1,6
2018440113542,2,9,0,5,0,8,0,0,0,0,4,1,6,2,34,6,2400,1,13,7,1,7
2018440113799,1,9,0,18,0,1,0,4,3,0,1,1,6,3,-1,-1,-1,-1,-1,-1,-1,-1
2018440113799,2,9,0,18,0,1,0,0,0,0,3,1,6,3,-1,-1,-1,-1,-1,-1,-1,-1
2018440113799,3,9,0,2,0,1,0,0,0,0,1,1,6,3,-1,-1,1197,1,4,-1,-1,-1
2018440114017,1,9,0,18,0,8,0,0,0,0,3,1,6,1,40,7,1595,1,5,6,1,6
2018440114017,2,10,0,5,0,8,0,0,0,0,1,1,2,1,58,9,-1,-1,-1,10,1,10
2018440114035,1,9,0,7,0,8,0,0,0,0,0,1,6,1,-1,-1,1360,1,13,-1,-1,-1
2018440114035,2,9,0,18,0,8,0,0,1,3,2,1,6,2,19,4,999,1,1,9,1,9
2018440114035,3,9,0,18,0,1,0,0,0,0,1,1,6,2,45,7,2987,2,4,4,1,4
2018440114093,1,9,0,8,0,1,0,0,0,0,2,1,6,1,30,6,1598,1,14,10,3,10
2018440114093,2,9,0,4,0,1,0,0,0,0,1,1,6,3,-1,-1,2204,2,11,-1,-1,-1
2018440114098,1,9,0,9,0,8,0,0,0,0,4,1,6,2,27,6,1995,2,6,10,1,10
2018440114098,2,9,0,18,0,8,0,0,0,0,1,1,6,1,84,11,1910,2,13,9,1,9
2018440114591,1,9,0,18,0,0,1,0,1,4,3,1,6,2,18,4,1242,1,6,8,1,8
2018440114756,1,9,0,10,0,8,0,0,0,0,4,1,6,1,30,6,1560,2,6,10,2,10
2018440114756,2,9,0,18,0,8,0,0,0,0,1,1,6,2,28,6,1598,1,13,5,2,5
2018440115239,1,11,0,18,0,8,0,0,0,0,4,1,1,1,29,6,4500,2,3,10,2,10
2018440115539,1,1,0,18,0,8,0,0,0,0,1,1,2,2,49,8,-1,-1,-1,7,1,7
2018440115539,2,9,0,9,0,8,0,0,0,0,4,1,6,3,-1,-1,1229,1,5,-1,-1,-1
2018440115787,1,9,0,18,0,1,0,0,0,0,4,1,6,2,26,6,1398,1,2,8,1,8
2018440116070,1,1,0,18,0,8,0,0,0,0,1,1,6,1,41,7,-1,-1,-1,4,2,4
2018440116070,2,9,0,7,0,8,0,0,0,0,4,1,6,3,-1,-1,-1,-1,-1,-1,-1,-1
2018440116083,1,9,0,18,0,8,0,7,0,0,4,1,2,2,35,6,1560,2,5,5,1,5
2018440116083,2,9,0,9,0,8,0,0,0,0,1,1,6,1,17,4,1896,2,13,7,1,7
2018440116200,1,1,0,18,0,8,0,0,0,0,3,1,6,1,42,7,-1,-1,-1,3,1,3
2018440116200,2,9,0,18,0,8,0,0,0,0,4,1,6,3,-1,-1,-1,-1,-1,-1,-1,-1
2018440116447,1,9,0,9,0,1,0,0,0,0,3,1,6,2,49,8,1796,1,16,9,1,9
2018440116447,2,9,0,13,0,1,0,0,0,0,1,1,6,1,21,5,1149,1,7,10,1,10
2018440116594,1,9,0,9,0,8,0,0,0,0,3,1,2,1,42,7,1988,1,16,1,1,1
2018440116594,2,9,0,14,0,8,0,0,0,0,1,1,1,1,41,7,-1,-1,-1,2,1,2
2018440116603,1,9,0,18,0,0,0,0,0,0,1,1,6,2,62,9,1197,1,1,9,1,9
2018440116798,1,9,0,18,0,1,0,0,0,0,1,1,6,1,55,8,1461,2,8,4,1,4
2018440116798,2,1,0,18,0,1,0,0,0,0,2,1,6,1,39,7,-1,-1,-1,8,1,8
2018440116883,1,9,0,18,0,1,0,0,0,0,1,1,6,3,-1,-1,-1,-1,-1,-1,-1,-1
2018440116888,1,1,0,18,0,8,0,0,0,0,1,1,2,1,37,7,-1,-1,-1,5,1,5
2018440116888,2,9,0,9,0,8,0,0,0,0,3,1,6,1,37,7,1598,1,7,4,1,4