Accident_Index,Vehicle_Reference,Vehicle_Type,Towing_and_Articulation,Vehicle_Manoeuvre,Vehicle_Location-Restricted_Lane,Junction_Location,Skidding_and_Overturning,Hit_Object_in_Carriageway,Vehicle_Leaving_Carriageway,Hit_Object_off_Carriageway,1st_Point_of_Impact,Was_Vehicle_Left_Hand_Drive?,Journey_Purpose_of_Driver,Sex_of_Driver,Age_of_Driver,Age_Band_of_Driver,Engine_Capacity_(CC),Propulsion_Code,Age_of_Vehicle,Driver_IMD_Decile,Driver_Home_Area_Type,Vehicle_IMD_Decile
2018440117073,1,9,0,17,0,0,2,0,1,9,0,1,6,2,31,6,1798,1,2,6,3,6
2018440117113,1,9,0,18,0,1,0,12,0,0,1,1,6,1,33,6,1598,1,6,1,1,1
2018440117159,1,9,0,2,0,0,0,0,0,0,3,1,6,1,38,7,1995,2,13,3,1,3
2018440117159,2,3,0,18,0,0,0,0,0,0,4,1,1,1,39,7,125,1,2,10,1,10
2018440117751,1,9,0,3,0,0,0,0,0,0,1,1,6,1,31,6,1999,2,-1,9,1,9
2018440117751,2,9,0,4,0,0,0,0,0,0,1,1,6,1,36,7,-1,-1,-1,1,1,1
2018440117856,1,9,0,18,0,0,1,0,0,0,4,1,6,1,36,7,5000,1,4,9,2,9
2018440117856,2,9,0,18,0,0,1,0,1,11,3,1,6,1,34,6,1988,1,14,9,3,9
2018440118254,1,9,0,18,0,8,0,0,0,0,4,1,2,1,38,7,1968,2,1,10,1,10
2018440118254,2,1,0,18,0,8,0,0,0,0,1,1,6,1,27,6,-1,-1,-1,2,1,2
2018440118427,1,9,0,18,0,8,0,0,2,4,1,1,6,1,24,5,1995,1,13,5,1,5
2018440118897,1,9,0,8,0,1,0,0,0,0,2,1,6,2,24,5,1248,1,3,8,3,8
2018440118897,2,9,0,4,0,1,0,0,0,0,1,1,6,3,-1,-1,1398,2,14,-1,-1,-1
2018440118988,1,9,0,10,0,1,0,0,0,0,2,1,6,2,48,8,698,1,12,7,3,7
2018440118988,2,9,0,18,0,1,1,0,0,0,1,1,6,2,17,4,1598,1,16,4,1,4
2018440119661,1,1,0,17,0,0,0,0,0,0,0,1,6,1,62,9,-1,-1,-1,8,1,8
2018440119981,1,1,0,9,0,8,0,0,0,0,3,1,6,1,55,8,-1,-1,-1,4,1,4
2018440119981,2,9,0,14,0,8,0,0,0,0,4,1,6,1,-1,-1,-1,-1,-1,-1,-1,-1
2018440120130,1,3,0,5,0,0,1,0,0,0,0,1,6,1,31,6,125,1,-1,1,1,1
2018440120341,1,5,0,18,0,0,0,0,0,0,4,1,6,1,66,10,745,1,13,1,1,1
2018440120821,1,9,0,16,0,2,2,0,1,0,0,1,6,1,52,8,1998,1,8,10,3,10
2018440120950,1,9,0,9,0,8,0,0,0,0,3,1,6,1,32,6,1246,1,11,5,1,5
2018440120950,2,9,0,18,0,8,1,0,0,0,1,1,6,1,29,6,-1,-1,-1,9,1,9
2018440121232,1,1,0,18,0,0,1,4,0,0,1,1,6,2,64,9,-1,-1,-1,6,1,6
2018440121232,2,9,0,2,0,0,0,0,0,0,2,1,6,1,20,4,1968,2,10,6,1,6
2018440121375,1,9,0,18,0,0,1,0,0,6,1,1,6,1,35,6,2497,2,15,2,1,2
2018440121380,1,9,0,18,0,1,2,0,5,6,1,1,6,1,17,4,-1,-1,-1,7,2,7
2018440121552,1,9,0,10,0,1,0,0,0,0,2,1,6,1,25,5,-1,-1,-1,8,1,8
2018440121552,2,9,0,10,0,1,0,0,0,0,2,1,6,1,28,6,-1,-1,-1,9,3,9
2018440121552,3,9,0,3,0,1,0,0,0,0,2,1,6,1,40,7,-1,-1,-1,4,1,4
2018440121552,4,9,0,18,0,1,0,0,0,0,1,1,6,2,52,8,-1,-1,-1,3,2,3
2018440121680,1,9,0,3,0,1,0,0,0,0,2,1,6,1,51,8,-1,-1,-1,8,1,8
2018440121680,2,9,0,4,0,1,0,0,0,0,1,1,6,1,-1,-1,1461,2,8,-1,-1,-1
2018440122098,1,9,0,13,0,0,0,0,0,0,4,1,6,3,-1,-1,-1,-1,-1,-1,-1,-1
2018440122323,1,2,0,18,0,8,0,0,0,0,1,1,6,1,18,4,50,1,2,3,1,3
2018440122323,2,9,0,14,0,8,0,0,0,0,1,1,6,1,-1,-1,1796,1,14,-1,-1,-1
2018440122367,1,3,0,18,0,8,0,0,0,0,2,1,6,1,19,4,124,1,3,10,1,10
2018440122367,2,9,0,18,0,8,0,0,0,0,1,1,6,1,-1,-1,1229,1,6,-1,-1,-1
2018440122399,1,9,0,18,0,1,0,0,0,0,1,1,6,1,60,9,-1,-1,-1,5,3,5
2018440122399,2,9,0,18,0,2,0,0,0,0,1,1,6,2,27,6,1968,2,12,7,2,7
2018440122753,1,9,0,18,0,0,0,0,0,0,1,1,6,1,39,7,1598,2,8,3,1,3
2018440122755,1,9,0,7,0,8,0,0,1,0,0,1,6,1,17,4,998,1,14,3,1,3
2018440123089,1,9,0,3,0,1,0,0,0,0,1,1,6,2,22,5,-1,-1,-1,6,3,6
2018440123089,2,9,0,18,0,1,0,0,0,0,2,1,6,1,61,9,1975,1,12,5,1,5
2018440123266,1,9,0,3,0,1,0,0,0,0,2,1,6,1,24,5,1199,1,17,-1,-1,-1
2018440123266,2,9,0,18,0,1,0,0,0,0,1,1,6,1,48,8,1997,2,4,6,1,6
2018440123383,1,1,0,18,0,8,0,0,0,0,4,1,6,1,16,4,-1,-1,-1,3,1,3
2018440123383,2,9,0,7,0,8,0,0,0,0,1,1,6,1,-1,-1,-1,-1,-1,-1,-1,-1
2018440123389,1,19,0,18,0,8,0,0,0,0,1,1,6,1,59,9,1368,1,3,10,1,10
2018440123414,1,1,0,14,0,0,0,0,0,0,1,1,6,2,20,4,-1,-1,-1,2,1,2
2018440123414,2,9,0,2,0,0,0,0,0,0,3,1,6,2,64,9,999,1,4,3,1,3
2018440123737,1,9,0,18,0,0,2,0,2,10,1,1,6,2,23,5,1461,2,1,1,1,1
2018440123769,1,9,0,18,0,1,0,0,0,0,1,1,6,1,57,9,1364,1,11,7,1,7
2018440123769,2,9,0,3,0,1,0,0,0,0,3,1,6,2,43,7,1796,1,11,6,1,6
2018440123769,3,9,0,3,0,1,0,0,0,0,3,1,6,1,29,6,1968,2,2,2,1,2
2018440123769,4,9,0,3,0,1,0,0,0,0,3,1,6,1,68,10,1497,8,3,10,1,10
2018440123769,5,9,0,3,0,1,0,0,0,0,3,1,6,2,33,6,1399,1,1,7,1,7
2018440123769,6,9,0,3,0,1,0,0,0,0,3,1,6,2,25,5,1598,1,6,8,1,8
2018440123769,7,9,0,3,0,1,0,0,0,0,3,1,6,2,52,8,-1,-1,-1,7,1,7
2018440123811,1,9,0,17,0,0,0,10,1,2,1,1,6,2,22,5,1242,1,14,8,1,8
2018440123914,1,9,0,4,0,1,0,0,0,0,2,1,6,1,58,9,1299,1,13,10,1,10
2018440123914,2,9,0,18,0,1,0,0,0,0,1,1,6,1,41,7,1796,1,18,7,1,7
2018440124005,1,9,0,3,0,0,0,0,0,0,1,1,1,2,33,6,1896,2,15,2,1,2
2018440124005,2,3,0,14,0,0,0,0,0,0,1,1,6,2,24,5,125,1,3,2,1,2
2018440124313,1,9,0,16,0,0,1,0,1,4,3,1,2,1,26,6,1299,1,16,9,1,9
2018440124425,1,9,0,5,0,8,0,0,0,0,1,1,6,1,50,8,1595,1,12,9,1,9
2018440124425,2,1,0,18,0,8,0,0,0,0,2,1,6,1,32,6,-1,-1,-1,10,1,10
2018440124578,1,5,0,18,0,2,0,0,0,0,0,1,6,1,28,6,599,1,6,10,1,10
2018440124601,1,9,0,3,0,0,0,0,0,0,2,1,6,1,84,11,898,1,1,10,1,10
2018440124601,2,19,0,18,0,0,0,0,0,0,1,1,1,1,71,10,2198,2,5,9,1,9
2018440124649,1,9,0,5,0,0,0,0,0,0,1,1,6,1,45,7,1999,1,10,6,1,6
2018440124757,1,5,0,9,0,2,0,0,0,0,4,1,6,1,53,8,599,1,16,6,2,6
2018440124771,1,9,0,18,0,0,0,0,0,0,3,1,6,3,-1,-1,-1,-1,-1,-1,-1,-1
2018440124925,1,9,0,3,0,0,0,0,0,0,2,1,6,2,22,5,-1,-1,-1,5,1,5
2018440124925,2,9,0,18,0,0,0,0,0,0,1,1,6,2,49,8,1796,1,14,3,1,3
2018440124965,1,9,0,9,0,2,0,0,0,0,1,1,6,2,75,10,1596,1,9,8,1,8
2018440124965,2,1,0,18,0,2,0,0,0,0,4,1,6,2,59,9,-1,-1,-1,5,1,5
2018440125186,1,9,0,4,0,1,0,0,0,0,1,1,6,2,30,6,1598,1,12,1,1,1
2018440125186,2,9,0,9,0,8,0,0,0,0,3,1,6,1,28,6,2435,1,15,4,1,4
2018440125189,1,9,0,18,0,2,0,0,0,0,2,1,6,1,33,6,1968,2,8,10,1,10
2018440125189,2,20,0,18,0,2,0,0,0,0,1,1,6,1,31,6,-1,-1,-1,9,1,9
2018440125197,1,9,0,18,0,8,0,0,0,0,1,1,6,1,53,8,-1,-1,-1,6,1,6
2018440125197,2,3,0,18,0,8,0,0,0,0,4,1,2,1,54,8,-1,-1,-1,4,1,4
2018440125453,1,9,0,4,0,8,0,0,0,0,2,1,6,1,71,10,1968,2,9,10,1,10
2018440125453,2,9,0,18,0,8,0,0,0,0,1,1,6,2,36,7,1598,1,18,9,2,9
2018440125510,1,9,0,18,0,0,2,0,1,8,1,1,6,1,21,5,1490,1,15,9,1,9
2018440125620,1,9,0,18,0,0,0,0,4,4,0,1,2,1,40,7,-1,-1,-1,5,1,5
2018440126230,1,5,0,18,0,0,1,0,7,0,0,1,6,1,27,6,599,1,14,2,1,2
2018440126264,1,9,0,18,0,1,0,4,0,0,1,1,6,1,18,4,2496,1,15,-1,-1,-1
2018440126264,2,21,0,2,0,1,0,0,0,0,2,1,6,1,-1,-1,-1,-1,-1,-1,-1,-1
2018440126375,1,11,0,4,0,1,0,0,0,0,3,1,1,1,61,9,-1,-1,-1,-1,-1,-1
2018440126375,2,9,0,1,0,2,0,0,0,0,3,1,6,2,28,6,-1,-1,-1,-1,-1,-1
2018440126631,1,9,0,18,0,0,0,0,0,0,1,1,6,1,54,8,1997,2,2,10,1,10
2018440126631,2,9,0,18,0,0,0,0,0,0,1,1,6,1,33,6,2926,2,16,3,1,3
2018440126843,1,9,0,18,0,0,0,0,0,0,1,1,6,2,20,4,1242,1,6,8,1,8
2018440126843,2,9,0,4,0,0,0,0,0,0,2,1,2,2,29,6,1995,2,6,-1,-1,-1
2018440127052,1,9,0,18,0,0,5,0,2,4,0,1,6,1,21,5,-1,-1,-1,5,1,5
2018440127423,1,9,0,9,0,8,0,0,0,0,4,1,6,1,89,11,1596,1,3,4,1,4
2018440127423,2,1,0,18,0,8,0,0,0,0,1,1,6,2,36,7,-1,-1,-1,10,1,10
2018440127425,1,9,0,4,0,8,0,0,0,0,2,1,6,2,40,7,1769,1,16,4,1,4
2018440127425,2,9,0,18,0,8,0,0,0,0,1,1,6,1,-1,-1,-1,-1,-1,-1,-1,-1
2018440127441,1,9,0,4,0,1,0,0,0,0,2,1,6,1,-1,-1,-1,-1,-1,10,1,10
2018440127441,2,9,0,18,0,1,0,0,0,0,1,1,6,2,62,9,1368,1,8,10,1,10
2018440127520,1,9,0,17,0,0,0,0,0,0,3,1,6,1,25,5,-1,-1,-1,5,1,5
2018440127520,2,9,0,16,0,0,0,0,0,0,3,1,6,1,26,6,-1,-1,-1,2,1,2
2018440127551,1,9,0,9,0,8,0,0,0,0,4,1,6,1,37,7,1000,1,4,4,1,4
2018440127551,2,9,0,18,0,8,0,0,0,0,1,1,6,1,51,8,1596,1,13,4,1,4
2018440127665,1,9,0,9,0,8,0,0,0,0,1,1,6,2,75,10,-1,-1,-1,4,1,4
2018440127665,2,9,0,18,0,8,0,0,0,0,3,1,6,2,26,6,-1,-1,-1,1,1,1
2018440127791,1,9,0,18,0,0,0,12,0,0,1,1,6,2,33,6,1998,1,14,5,2,5
2018440128179,1,9,0,18,0,8,0,0,3,1,1,1,6,1,70,10,1598,1,17,3,1,3
2018440128230,1,9,0,18,0,0,0,0,0,0,1,1,6,1,39,7,1896,2,16,8,3,8
2018440128669,1,3,0,9,0,8,0,0,0,0,1,1,6,2,30,6,124,1,8,8,1,8
2018440128762,1,2,0,18,0,8,1,0,0,0,3,1,2,1,19,4,124,1,9,10,1,10
2018440128762,2,9,0,7,0,8,0,0,0,0,0,1,6,1,56,9,-1,-1,-1,7,1,7
2018440128772,1,3,0,9,0,8,0,0,0,0,4,1,6,1,74,10,124,1,11,6,1,6
2018440128772,2,9,0,18,0,8,0,0,0,0,1,1,6,1,48,8,-1,-1,-1,9,3,9
2018440129297,1,9,0,9,0,8,0,0,0,0,1,1,6,3,-1,-1,1390,1,19,-1,-1,-1
2018440129297,2,9,0,18,0,8,0,0,0,0,3,1,1,1,31,6,2231,2,5,-1,-1,-1
2018440129439,1,19,0,4,0,1,0,0,0,0,1,1,2,1,26,6,1560,2,2,10,1,10
2018440129439,2,9,0,4,0,1,0,0,0,0,2,1,2,1,26,6,2393,2,1,4,1,4
2018440129439,3,19,0,4,0,1,0,0,0,0,2,1,2,1,57,9,1248,2,3,1,1,1
2018440129688,1,9,0,18,0,1,0,0,0,0,1,1,6,3,-1,-1,-1,-1,-1,-1,-1,-1
2018440129688,2,1,0,18,0,1,0,0,0,0,2,1,6,1,15,3,-1,-1,-1,4,1,4
2018440129713,1,9,0,5,0,8,0,0,0,0,3,1,6,1,86,11,1560,2,4,8,1,8
2018440129713,2,9,0,18,0,8,0,0,0,0,1,1,6,1,55,8,1769,1,16,5,1,5
2018440129734,1,9,0,18,0,8,0,0,0,0,1,1,6,2,26,6,2179,2,6,9,1,9
2018440129734,2,9,0,5,0,8,0,0,0,0,3,1,6,1,54,8,2179,2,6,10,2,10
2018440130035,1,9,0,18,0,0,0,0,0,0,4,1,6,1,77,11,898,1,1,5,2,5
2018440130035,2,9,0,2,0,0,0,0,0,0,0,1,6,3,-1,-1,-1,-1,-1,-1,-1,-1
2018440130150,1,9,0,2,0,0,0,0,0,0,3,1,6,1,27,6,999,1,3,4,1,4
2018440130150,2,1,0,18,0,0,0,0,0,0,1,1,6,2,26,6,-1,-1,-1,4,1,4
2018440130272,1,9,0,18,0,0,0,0,0,0,2,1,6,3,-1,-1,-1,-1,-1,-1,-1,-1
2018440130565,1,9,0,7,0,8,0,0,0,0,1,1,6,3,-1,-1,-1,-1,-1,-1,-1,-1
2018440131045,1,9,0,4,0,1,0,0,0,0,2,1,6,1,41,7,-1,-1,-1,4,1,4
2018440131045,2,21,0,4,0,1,0,0,0,0,1,1,1,1,48,8,-1,-1,-1,3,2,3
2018440131074,1,9,0,16,0,0,5,0,8,4,1,1,6,1,19,4,1124,1,19,7,1,7
2018440131079,1,9,0,9,0,8,0,0,0,0,1,1,6,2,23,5,-1,-1,-1,4,1,4
2018440131079,2,9,0,17,0,8,0,0,0,0,1,1,6,1,64,9,-1,-1,-1,7,1,7
2018440131446,1,9,0,12,0,8,1,0,0,0,1,1,6,2,73,10,-1,-1,-1,5,1,5
2018440131446,2,9,0,18,0,8,5,0,0,7,4,1,6,1,78,11,1200,1,3,5,1,5
2018440131744,1,19,0,9,0,8,0,0,0,0,1,1,6,1,25,5,1868,2,13,4,1,4
2018440131744,2,1,0,18,0,8,0,0,0,0,1,1,6,1,47,8,-1,-1,-1,5,1,5
2018440131745,1,9,0,18,0,2,0,0,0,0,4,1,6,2,43,7,-1,-1,-1,9,3,9
2018440131863,1,19,0,18,0,1,0,0,0,0,1,1,6,1,-1,-1,1686,2,10,-1,-1,-1
2018440132248,1,3,0,18,0,1,0,0,0,0,1,1,6,1,18,4,124,1,14,6,1,6
2018440132248,2,9,0,4,0,1,0,0,0,0,2,1,1,2,33,6,1997,2,1,9,2,9
2018440132255,1,9,0,17,0,0,1,0,2,3,1,1,2,1,25,5,1299,1,11,8,1,8
2018440132271,1,9,0,4,0,0,0,0,0,0,1,1,6,2,47,8,-1,-1,-1,-1,-1,-1
2018440132271,2,9,0,4,0,0,0,0,0,0,2,1,6,2,32,6,1796,1,14,9,1,9
2018440132271,3,9,0,4,0,0,0,0,0,0,2,1,6,1,27,6,1598,1,2,1,1,1
2018440132271,4,9,0,4,0,0,0,0,0,0,2,1,6,1,42,7,2000,1,11,7,1,7
2018440132271,5,9,0,4,0,0,0,0,0,0,2,1,6,2,26,6,1390,1,6,5,1,5
2018440132482,1,19,0,1,0,0,0,0,0,0,2,1,1,1,37,7,2402,2,17,6,1,6
2018440132621,1,11,0,18,0,1,0,0,0,0,4,1,1,1,-1,-1,6700,2,1,8,1,8
2018440132621,2,90,0,2,0,1,0,0,0,0,2,1,6,1,-1,-1,-1,-1,-1,-1,-1,-1
2018440132937,1,9,0,18,0,0,0,0,0,0,1,1,6,1,61,9,1796,1,17,4,1,4
2018440132937,2,9,0,18,0,0,0,0,0,0,1,1,6,1,33,6,3456,8,8,7,1,7
2018440133145,1,9,0,9,0,8,0,0,0,0,1,1,6,1,73,10,-1,-1,-1,4,1,4
2018440133268,1,9,0,4,0,1,0,0,0,0,2,1,6,2,30,6,1398,1,2,9,3,9
2018440133268,2,9,0,4,0,1,0,0,0,0,2,1,6,1,28,6,-1,-1,-1,4,1,4
2018440133268,3,9,0,18,0,1,0,0,0,0,1,1,6,1,53,8,-1,-1,-1,8,1,8
2018440133268,4,9,0,18,0,1,0,0,0,0,1,1,6,1,47,8,1995,2,10,6,1,6
2018440133975,1,9,0,18,0,0,2,0,1,9,1,1,2,1,83,11,1910,2,11,6,3,6
2018440134685,1,9,0,4,0,0,0,0,0,0,1,1,6,1,32,6,2993,2,1,7,3,7
2018440134685,2,9,0,1,0,0,0,0,0,0,2,1,6,2,57,9,1398,1,5,8,1,8
2018440134880,1,9,0,9,0,8,0,0,0,0,1,1,6,2,29,6,1598,2,5,9,3,9
2018440134880,2,9,0,18,0,8,0,0,0,0,4,1,6,1,30,6,1997,2,4,10,3,10
2018440134880,3,9,0,10,0,8,0,0,0,0,3,1,6,2,19,4,1390,1,16,10,1,10
2018440134885,1,9,0,18,0,0,1,0,1,4,3,1,6,1,-1,-1,2497,1,15,-1,-1,-1
2018440135087,1,9,0,18,0,8,0,0,0,0,1,1,1,2,43,7,1796,1,5,1,1,1
2018440135087,2,1,0,18,0,8,0,0,0,0,4,1,1,1,46,8,-1,-1,-1,9,1,9
2018440135426,1,9,0,7,0,8,0,0,0,0,1,1,6,1,46,8,2488,2,12,4,1,4
2018440135426,2,22,0,18,0,8,0,0,0,0,3,1,6,1,80,11,-1,-1,-1,9,1,9
2018440135452,1,9,0,9,0,8,0,0,0,0,4,1,6,2,23,5,1799,1,11,6,1,6
2018440135452,2,9,0,18,0,8,0,0,0,0,1,1,6,3,-1,-1,1798,8,1,-1,-1,-1
2018440135519,1,9,0,9,0,8,0,0,0,0,1,1,6,3,-1,-1,-1,-1,-1,-1,-1,-1
2018440135717,1,3,0,18,0,1,0,0,0,0,1,1,6,1,39,7,124,1,11,1,1,1
2018440135717,2,9,0,4,0,1,0,0,0,0,2,1,1,1,-1,-1,1461,2,4,-1,-1,-1
2018440135969,1,1,0,18,0,0,0,0,1,4,1,1,6,1,15,3,-1,-1,-1,10,1,10
2018440135969,2,9,0,18,0,0,0,0,0,0,0,1,6,1,-1,-1,-1,-1,-1,-1,-1,-1
2018440135991,1,9,0,7,0,1,0,0,0,0,2,1,6,1,36,7,1796,1,12,1,1,1
2018440135991,2,9,0,18,0,1,0,0,0,0,2,1,1,1,42,7,2495,2,28,5,1,5
2018440136108,1,9,0,18,0,8,0,0,0,0,4,1,6,2,25,5,1299,1,10,5,3,5
2018440136108,2,9,0,9,0,8,0,0,0,0,1,1,2,1,21,5,1496,2,2,4,1,4
2018440136182,1,9,0,17,0,0,2,0,4,4,1,1,6,2,20,4,1242,1,10,7,1,7
2018440136184,1,9,0,18,0,1,0,0,0,0,1,1,6,3,-1,-1,-1,-1,-1,-1,-1,-1
2018440136184,2,9,0,10,0,1,0,0,0,0,2,1,6,1,50,8,1248,1,5,2,1,2
2018440136369,1,9,0,18,0,0,0,0,0,0,1,1,6,1,31,6,-1,-1,-1,9,1,9
2018440136369,2,9,0,4,0,0,0,0,0,0,2,1,6,1,62,9,-1,-1,-1,10,1,10
2018440136369,3,9,0,4,0,0,0,0,0,0,2,1,6,1,37,7,-1,-1,-1,4,1,4
2018440136425,1,3,0,18,0,0,0,0,1,0,1,1,6,1,33,6,125,1,2,4,1,4
2018440136425,2,19,0,18,0,0,0,0,0,0,1,1,6,1,27,6,2298,2,2,4,3,4
2018440136764,1,5,0,17,0,8,0,0,0,0,0,1,6,1,23,5,749,1,17,4,1,4
2018440136817,1,1,0,18,0,8,0,0,0,0,1,1,6,2,49,8,-1,-1,-1,4,1,4
2018440136817,2,9,0,9,0,8,0,0,0,0,4,1,6,2,32,6,1497,8,10,4,1,4
2018440137091,1,9,0,18,0,8,0,0,0,0,1,1,6,1,83,11,1197,1,1,3,1,3
2018440137091,2,9,0,18,0,8,0,0,0,0,3,1,6,2,21,5,1229,1,5,10,1,10
2018440137091,3,9,0,18,0,8,0,0,0,0,1,1,6,2,52,8,1686,2,3,4,1,4
2018440137147,1,5,0,16,0,0,1,0,4,0,0,1,6,1,30,6,675,1,10,2,1,2
2018440137450,1,5,0,13,0,8,1,0,1,3,1,1,6,1,26,6,750,1,12,5,1,5
2018440137450,2,9,0,5,0,8,0,0,0,0,0,1,6,2,52,8,1229,1,7,3,1,3
2018440137557,1,9,0,18,0,0,0,0,0,0,0,1,6,1,45,7,3596,1,16,10,1,10
2018440137557,2,9,0,18,0,0,1,0,0,0,4,1,6,1,26,6,-1,-1,-1,10,2,10
2018440137557,3,9,0,18,0,0,1,0,0,0,3,1,6,1,33,6,1596,1,8,5,1,5
2018440138133,1,9,0,18,0,8,0,0,0,0,1,1,6,1,33,6,1968,2,-1,7,1,7
2018440138133,2,9,0,17,0,8,0,0,0,0,1,1,6,1,63,9,998,1,4,4,1,4
2018440138160,1,17,0,18,0,0,0,0,0,0,4,1,6,1,36,7,898,2,8,5,3,5
2018440138160,2,1,0,18,0,0,0,0,0,0,3,1,6,1,54,8,-1,-1,-1,7,1,7
2018440138168,1,9,0,3,0,1,0,0,0,0,2,1,6,1,38,7,1560,2,4,6,3,6
2018440138168,2,19,0,18,0,1,0,0,0,0,1,1,6,3,-1,-1,1461,2,6,-1,-1,-1
2018440138221,1,9,0,5,0,1,0,0,0,0,1,1,6,2,47,8,1339,1,9,9,1,9
2018440138293,1,9,0,18,0,1,5,0,0,0,1,1,2,2,19,4,1596,1,15,10,1,10
2018440138293,2,9,0,18,0,1,0,0,0,0,2,1,6,1,26,6,1240,1,15,-1,-1,-1
2018440138297,1,9,0,9,0,8,0,0,0,0,4,1,6,1,30,6,1991,2,11,3,1,3
2018440138297,2,5,0,18,0,8,0,0,0,0,1,1,6,1,32,6,599,1,14,9,1,9
2018440138437,1,9,0,18,0,2,0,0,3,4,1,1,6,2,73,10,999,1,2,2,1,2
2018440138627,1,9,0,9,0,8,0,0,0,0,3,1,6,1,71,10,1900,2,19,3,1,3
2018440138627,2,9,0,18,0,8,0,0,0,0,1,1,6,1,24,5,1461,2,10,10,1,10
2018440138870,1,1,0,9,0,8,0,0,0,0,1,1,6,1,21,5,-1,-1,-1,4,1,4
2018440138870,2,9,0,18,0,8,0,0,0,0,3,1,6,1,-1,-1,1197,1,-1,-1,-1,-1
2018440138939,1,9,0,18,0,8,0,0,0,0,1,1,6,1,38,7,1998,1,19,5,1,5
2018440138939,2,9,0,9,0,8,0,0,0,0,1,1,6,1,24,5,1968,2,6,3,1,3
2018440138958,1,2,0,17,0,8,1,0,1,0,0,1,6,1,16,4,50,1,3,10,1,10
2018440138958,2,2,0,17,0,8,1,0,0,0,0,1,6,1,16,4,49,1,15,3,1,3
2018440139129,1,9,0,18,0,8,0,0,0,0,1,1,6,2,78,11,1598,1,15,-1,-1,-1
2018440139129,2,9,0,18,0,8,0,0,0,0,3,1,2,2,37,7,1396,1,16,-1,-1,-1
2018440139228,1,9,0,1,0,0,0,0,0,0,2,1,6,2,26,6,1388,1,10,2,1,2
2018440139228,2,9,0,18,0,0,0,0,0,0,3,1,6,1,64,9,1991,2,11,2,1,2
2018440139794,1,9,0,10,0,1,0,0,0,0,2,1,6,1,52,8,2926,2,15,3,1,3
2018440139794,2,9,0,3,0,1,0,0,0,0,2,1,6,1,35,6,-1,-1,-1,6,1,6
2018440139794,3,9,0,18,0,1,0,0,0,0,1,1,6,1,17,4,1198,1,13,8,1,8
2018440139795,1,9,0,18,0,1,0,0,0,0,1,1,6,2,66,10,1798,1,5,10,1,10
2018440139860,1,9,0,18,0,1,0,0,1,0,1,1,6,2,81,11,1399,1,10,4,1,4
2018440139860,2,9,0,3,0,1,0,0,0,0,2,1,6,1,67,10,1997,2,2,7,1,7
2018440139875,1,9,0,4,0,1,0,0,0,0,1,1,6,1,32,6,998,1,9,2,1,2
2018440139875,2,9,0,3,0,1,0,0,0,0,2,1,6,1,43,7,2993,2,2,8,1,8
2018440140157,1,9,0,5,0,1,0,0,0,0,1,1,6,1,71,10,1242,1,6,9,1,9
2018440140235,1,9,0,9,0,8,0,0,0,0,1,1,6,2,52,8,1298,1,17,4,1,4
2018440140235,2,5,0,18,0,8,0,0,0,0,1,1,6,1,43,7,745,1,15,6,1,6
2018440140254,1,9,0,18,0,0,0,0,0,0,1,1,6,1,29,6,1242,1,3,8,1,8
2018440140254,2,1,0,18,0,0,0,0,0,0,1,1,6,1,19,4,-1,-1,-1,7,1,7
2018440140366,1,9,0,17,0,0,1,0,7,11,1,1,6,2,30,6,1598,1,15,10,2,10
2018440140532,1,9,0,3,0,8,0,0,0,0,0,1,6,2,50,8,1242,1,13,4,1,4
2018440140532,2,9,0,9,0,8,0,0,0,0,3,1,6,1,48,8,1598,1,8,2,1,2
2018440140532,3,3,0,14,0,8,0,0,0,0,1,1,6,1,20,4,124,1,2,7,1,7
2018440140603,1,1,0,18,0,0,0,0,0,4,1,1,2,1,32,6,-1,-1,-1,3,1,3
2018440140751,1,9,0,10,0,8,0,0,0,0,3,1,2,1,25,5,1598,1,9,10,1,10
2018440140751,2,5,0,18,0,8,0,0,0,0,1,1,6,1,35,6,636,1,13,3,1,3
2018440140755,1,11,0,4,0,0,0,0,0,0,0,1,1,2,-1,-1,6370,2,12,-1,-1,-1
2018440140908,1,9,0,18,0,0,0,0,0,0,1,1,6,1,90,11,1339,1,7,10,2,10
2018440140908,2,9,0,2,0,0,0,0,0,0,2,1,6,2,55,8,1984,1,17,8,3,8
2018440140908,3,9,0,2,0,0,0,0,0,0,2,1,6,2,50,8,1997,2,15,10,1,10
2018440140908,4,9,0,2,0,0,0,0,0,0,2,1,6,2,30,6,1461,2,4,7,2,7
2018440140932,1,5,0,18,0,0,0,0,1,2,1,1,6,1,28,6,1198,1,6,8,1,8
2018440141115,1,3,0,13,0,2,1,0,0,0,1,1,6,1,28,6,124,1,3,3,1,3
2018440141115,2,9,0,18,0,2,0,0,0,0,0,1,6,2,64,9,1395,1,3,5,1,5
2018440141115,3,9,0,18,0,1,1,0,0,0,1,1,6,2,79,11,1395,1,3,10,1,10
2018440141205,1,9,0,18,0,0,0,0,0,0,1,1,6,1,55,8,-1,-1,-1,3,1,3
2018440141205,2,21,0,18,0,0,0,0,0,0,0,1,6,3,-1,-1,-1,-1,-1,-1,-1,-1
2018440141315,1,9,0,7,0,8,0,0,0,0,1,1,6,1,33,6,-1,-1,-1,1,1,1
2018440141315,2,1,0,18,0,8,0,0,0,0,1,1,6,1,45,7,-1,-1,-1,8,1,8