Accident_Index,Vehicle_Reference,Vehicle_Type,Towing_and_Articulation,Vehicle_Manoeuvre,Vehicle_Location-Restricted_Lane,Junction_Location,Skidding_and_Overturning,Hit_Object_in_Carriageway,Vehicle_Leaving_Carriageway,Hit_Object_off_Carriageway,1st_Point_of_Impact,Was_Vehicle_Left_Hand_Drive?,Journey_Purpose_of_Driver,Sex_of_Driver,Age_of_Driver,Age_Band_of_Driver,Engine_Capacity_(CC),Propulsion_Code,Age_of_Vehicle,Driver_IMD_Decile,Driver_Home_Area_Type,Vehicle_IMD_Decile
2018440158843,1,19,0,12,0,0,0,0,0,0,3,1,1,1,50,8,1248,2,10,7,1,7
2018440158843,2,3,0,17,0,0,1,0,7,2,1,1,6,1,17,4,124,1,3,7,2,7
2018440158882,1,1,0,18,0,0,0,0,0,0,3,1,4,1,19,4,-1,-1,-1,5,1,5
2018440158882,2,9,0,13,0,0,0,0,0,0,4,1,6,3,-1,-1,-1,-1,-1,-1,-1,-1
2018440158994,1,9,0,18,0,0,0,0,0,0,3,1,6,2,73,10,1390,1,9,10,2,10
2018440158994,2,9,0,18,0,0,0,0,0,0,3,1,6,1,66,10,1242,1,3,6,1,6
2018440159203,1,1,0,18,0,1,0,0,0,0,1,1,6,1,13,3,-1,-1,-1,8,1,8
2018440159203,2,9,0,7,0,8,0,0,0,0,1,1,6,3,-1,-1,-1,-1,-1,-1,-1,-1
2018440159232,1,9,0,18,0,1,0,0,0,0,4,1,6,2,55,8,1968,2,8,10,1,10
2018440159251,1,9,0,18,0,0,0,0,0,0,1,1,1,3,-1,-1,1598,1,6,-1,-1,-1
2018440159429,1,9,0,18,0,0,0,0,0,0,1,1,6,1,56,9,1461,2,8,10,1,10
2018440159429,2,9,0,18,0,0,0,0,0,0,2,1,6,1,32,6,-1,-1,-1,6,1,6
2018440159453,1,21,0,4,0,1,0,0,0,0,1,1,6,1,25,5,12902,2,5,6,1,6
2018440159453,2,9,0,3,0,1,0,0,0,0,2,1,6,2,34,6,1956,2,5,6,1,6
2018440159947,1,9,0,3,0,1,0,0,0,0,2,1,2,2,26,6,1242,1,9,3,1,3
2018440159947,2,9,0,4,0,1,0,0,0,0,1,1,6,1,30,6,1988,1,15,4,1,4
2018440159947,3,9,0,3,0,1,0,0,0,0,2,1,6,2,27,6,1388,1,4,9,1,9
2018440160331,1,9,0,18,0,8,0,0,0,0,1,1,6,1,42,7,1499,1,1,10,1,10
2018440160331,2,9,0,7,0,8,0,0,0,0,3,1,6,1,39,7,1388,1,12,10,1,10
2018440160456,1,1,0,4,0,1,0,0,0,0,4,1,2,2,23,5,-1,-1,-1,2,1,2
2018440160456,2,8,0,4,0,1,0,0,0,0,1,1,1,1,37,7,1598,2,5,2,1,2
2018440160498,1,19,0,18,0,0,0,0,0,0,1,1,6,1,28,6,2198,2,3,7,1,7
2018440160498,2,9,0,4,0,0,0,0,0,0,2,1,6,1,62,9,3724,1,15,8,1,8
2018440160498,3,9,0,4,0,0,0,0,0,0,2,1,6,2,59,9,1968,2,3,6,1,6
2018440160708,1,9,0,18,0,8,0,0,0,0,1,1,2,2,59,9,1242,1,6,9,1,9
2018440160708,2,9,0,9,0,8,0,0,0,0,4,1,6,3,-1,-1,1582,2,-1,-1,-1,-1
2018440160735,1,9,0,15,0,0,0,0,0,0,1,1,6,1,32,6,1781,1,14,2,1,2
2018440160735,2,9,0,18,0,0,1,0,0,0,3,1,6,1,62,9,1596,1,14,3,3,3
2018440160741,1,9,0,4,0,1,0,0,0,0,2,1,2,1,22,5,1598,1,12,6,1,6
2018440160741,2,9,0,4,0,1,0,0,0,0,1,1,2,2,28,6,1242,1,8,3,1,3
2018440160770,1,9,0,18,0,8,0,0,7,0,4,1,6,2,58,9,2286,2,37,10,1,10
2018440160770,2,9,0,18,0,8,0,0,0,0,1,1,6,2,29,6,1587,1,16,10,2,10
2018440160816,1,9,0,9,0,8,0,0,0,0,4,1,6,2,75,10,1493,1,19,5,1,5
2018440160816,2,1,0,18,0,8,0,0,0,0,1,1,6,1,60,9,-1,-1,-1,5,1,5
2018440160973,1,9,0,18,0,0,0,0,0,4,1,1,6,1,65,9,1595,1,16,10,1,10
2018440161414,1,9,0,9,0,8,0,0,0,0,1,1,6,1,50,8,1999,1,12,7,1,7
2018440161414,2,9,0,18,0,8,0,0,0,0,1,1,6,2,40,7,1596,1,13,10,1,10
2018440161456,1,9,0,16,0,0,5,0,7,0,1,1,2,1,21,5,1360,1,12,6,1,6
2018440161612,1,3,0,17,0,8,0,10,1,0,0,1,6,1,38,7,124,1,9,10,1,10
2018440161679,1,9,0,18,0,0,1,0,2,10,3,2,6,2,40,7,-1,-1,-1,7,1,7
2018440161957,1,9,0,4,0,0,0,0,0,0,1,1,6,2,20,4,1910,2,10,6,3,6
2018440161957,2,9,0,4,0,0,0,0,0,0,2,1,6,1,34,6,998,1,6,6,1,6
2018440161957,3,9,0,4,0,0,0,0,0,0,2,1,6,2,40,7,1968,2,7,10,1,10
2018440162072,1,9,0,18,0,0,0,0,0,0,1,1,6,2,35,6,1591,1,8,1,1,1
2018440162072,2,1,0,18,0,0,0,0,0,0,3,1,6,1,16,4,-1,-1,-1,1,1,1
2018440162416,1,9,0,3,0,0,0,0,0,0,2,1,6,2,23,5,1400,1,12,8,1,8
2018440162416,2,9,0,4,0,0,0,0,0,0,1,1,6,3,-1,-1,1198,1,13,-1,-1,-1
2018440162525,1,1,0,18,0,8,0,0,0,0,1,1,2,2,36,7,-1,-1,-1,4,1,4
2018440162525,2,9,0,9,0,8,0,0,0,0,1,1,6,1,39,7,-1,-1,-1,2,1,2
2018440162941,1,9,0,18,0,0,0,0,0,0,1,1,6,1,39,7,1349,1,8,4,1,4
2018440162966,1,9,0,3,0,8,0,0,0,0,1,1,6,1,25,5,1493,1,20,2,1,2
2018440162966,2,9,0,1,0,8,0,0,0,0,2,1,6,3,-1,-1,1398,1,8,-1,-1,-1
2018440162971,1,3,0,14,0,1,0,0,7,11,1,1,6,1,30,6,125,1,2,3,1,3
2018440162971,2,9,0,5,0,8,0,0,0,0,1,1,6,2,34,6,1968,2,13,9,1,9
2018440163006,1,9,0,18,0,0,1,0,5,6,1,1,1,2,48,8,1995,2,8,8,1,8
2018440163006,2,17,0,2,0,0,0,0,0,0,3,1,6,1,30,6,-1,-1,-1,-1,-1,-1
2018440163073,1,9,0,9,0,8,0,0,0,0,1,1,6,1,65,9,1395,1,2,5,1,5
2018440163073,2,9,0,18,0,8,0,0,0,0,1,1,6,2,23,5,1229,1,3,4,1,4
2018440163098,1,9,0,9,0,8,0,0,0,0,1,1,6,3,-1,-1,-1,-1,-1,-1,-1,-1
2018440163098,2,1,0,18,0,8,0,0,0,0,1,1,6,1,22,5,-1,-1,-1,10,1,10
2018440163274,1,9,0,4,0,1,0,0,0,0,1,1,6,2,39,7,2497,2,1,9,1,9
2018440163274,2,9,0,7,0,1,0,0,0,0,2,1,6,2,31,6,1461,2,3,8,3,8
2018440163365,1,9,0,18,0,1,0,0,0,0,2,1,6,1,41,7,1896,2,16,10,1,10
2018440163365,2,9,0,18,0,1,0,0,0,0,1,1,6,3,-1,-1,1399,2,16,-1,-1,-1
2018440163365,3,21,0,18,0,1,0,0,0,0,1,1,1,3,-1,-1,12902,2,5,-1,-1,-1
2018440163477,1,9,0,9,0,8,0,0,0,0,1,1,1,1,44,7,-1,-1,-1,5,1,5
2018440163612,1,9,0,9,0,8,0,0,0,0,2,1,6,2,54,8,998,1,2,10,1,10
2018440163612,2,3,0,18,0,8,0,0,0,0,1,1,6,1,32,6,125,1,1,5,1,5
2018440163622,1,9,0,9,0,8,0,0,0,0,3,1,6,1,61,9,-1,-1,-1,5,1,5
2018440163622,2,5,0,13,0,1,0,0,0,0,4,1,6,1,44,7,998,1,16,8,-1,8
2018440163759,1,9,0,3,0,1,0,0,0,0,4,1,6,3,-1,-1,-1,-1,-1,-1,-1,-1
2018440163759,2,1,0,15,0,1,1,0,0,0,1,1,6,1,39,7,-1,-1,-1,7,1,7
2018440163791,1,9,0,18,0,8,0,0,0,0,1,1,6,2,19,4,1242,1,3,10,1,10
2018440163791,2,9,0,5,0,1,0,0,0,0,3,1,6,1,51,8,1986,2,11,10,1,10
2018440163842,1,1,0,18,0,0,0,0,0,0,0,1,6,1,51,8,-1,-1,-1,6,1,6
2018440163842,2,9,0,13,0,0,0,0,0,0,0,1,6,3,-1,-1,-1,-1,-1,-1,-1,-1
2018440163842,3,9,0,13,0,0,0,0,0,0,0,1,6,3,-1,-1,-1,-1,-1,-1,-1,-1
2018440164140,1,9,0,18,0,0,0,0,0,0,2,1,6,1,74,10,1498,1,8,3,1,3
2018440164140,2,9,0,18,0,0,0,0,0,0,1,1,6,3,-1,-1,2993,2,1,-1,-1,-1
2018440164202,1,9,0,18,0,0,0,0,0,6,4,1,6,1,35,6,1598,1,12,6,1,6
2018440164210,1,9,0,17,0,0,1,12,2,4,3,1,6,1,24,5,1242,1,11,8,3,8
2018440164319,1,9,0,18,0,2,0,0,0,0,1,1,6,1,30,6,2143,2,9,6,1,6
2018440164319,2,9,0,3,0,2,0,0,0,0,2,1,6,1,25,5,1400,1,14,5,1,5
2018440164319,3,9,0,4,0,2,0,0,0,0,2,1,6,2,50,8,1796,1,9,8,1,8
2018440164319,4,9,0,4,0,2,0,0,0,0,2,1,6,1,38,7,-1,-1,-1,2,1,2
2018440164501,1,9,0,16,0,0,0,0,7,11,1,1,6,1,37,7,999,1,1,4,1,4
2018440164501,2,9,0,17,0,0,0,0,1,11,1,1,6,1,36,7,2143,2,-1,9,1,9
2018440164540,1,5,0,7,0,8,0,0,0,0,1,1,6,1,51,8,689,1,3,2,1,2
2018440164540,2,9,0,10,0,1,0,0,0,0,3,1,6,3,-1,-1,1229,1,8,-1,-1,-1
2018440164635,1,9,0,16,0,0,1,0,7,9,1,1,6,2,29,6,1198,1,13,9,3,9
2018440164664,1,9,0,18,0,1,0,0,0,0,1,1,6,1,72,10,1991,2,12,5,1,5
2018440164664,2,9,0,10,0,1,0,0,0,0,2,1,6,1,53,8,2979,1,16,7,3,7
2018440164739,1,9,0,4,0,0,0,0,0,0,2,1,6,1,60,9,-1,-1,-1,8,1,8
2018440164739,2,9,0,18,0,0,0,0,0,0,1,1,6,1,64,9,1349,1,3,6,1,6
2018440164838,1,5,0,13,0,8,1,0,0,0,1,1,6,1,37,7,750,1,10,4,1,4
2018440164838,2,9,0,9,0,8,0,0,0,0,1,1,6,2,37,7,1598,1,16,1,1,1
2018440164932,1,9,0,18,0,1,0,0,0,0,1,1,6,2,61,9,1240,1,13,3,1,3
2018440164940,1,5,0,4,0,0,0,0,0,0,0,1,6,1,65,9,-1,-1,-1,1,1,1
2018440164940,2,98,0,18,0,0,0,0,0,0,1,1,6,3,-1,-1,-1,-1,-1,-1,-1,-1
2018440165097,1,9,0,9,0,8,0,0,0,0,2,1,6,2,56,9,898,1,4,8,2,8
2018440165097,2,9,0,18,0,8,0,0,0,0,1,1,6,1,51,8,1998,1,12,10,1,10
2018440165130,1,9,0,4,0,0,0,0,0,0,3,1,6,2,52,8,1497,8,4,5,1,5
2018440165247,1,9,0,11,0,0,1,0,0,0,1,1,6,2,41,7,2993,2,12,7,1,7
2018440165247,2,9,0,3,0,0,0,0,0,0,2,1,6,2,34,6,1794,1,13,3,1,3
2018440165247,3,9,0,3,0,0,0,0,0,0,2,1,6,2,58,9,999,1,1,6,1,6
2018440165428,1,9,0,18,0,0,0,0,0,0,4,1,6,3,-1,-1,1999,2,3,-1,-1,-1
2018440165587,1,9,0,18,0,0,0,0,2,7,1,1,6,2,19,4,1560,2,3,4,1,4
2018440165669,1,5,0,18,0,1,1,10,4,0,0,1,6,1,38,7,649,1,9,10,1,10
2018440165682,1,22,0,18,0,2,0,0,0,0,1,1,6,2,86,11,-1,-1,-1,5,1,5
2018440165938,1,9,0,18,0,8,0,0,0,0,1,1,6,1,72,10,1994,1,14,7,1,7
2018440165938,2,9,0,18,0,8,0,0,0,0,3,1,6,2,25,5,1395,1,4,10,1,10
2018440166171,1,10,0,18,0,0,0,0,0,0,4,1,1,1,63,9,-1,-1,-1,6,1,6
2018440166295,1,9,0,18,0,8,0,0,0,0,4,1,6,1,39,7,1242,1,1,9,2,9
2018440166295,2,1,0,18,0,8,0,0,0,0,1,1,6,1,49,8,-1,-1,-1,7,1,7
2018440166328,1,9,0,9,0,0,0,0,1,0,1,1,6,1,31,6,1995,2,8,3,1,3
2018440166328,2,9,0,3,0,0,0,0,0,0,3,1,6,2,19,4,998,1,6,4,1,4
2018440166368,1,9,0,7,0,8,0,0,0,0,0,1,6,1,56,9,1984,1,1,8,3,8
2018440166368,2,5,0,18,0,1,1,0,0,0,1,1,6,1,51,8,865,1,5,3,1,3
2018440166368,3,9,0,18,0,1,0,0,0,0,1,1,6,1,32,6,998,1,2,8,1,8
2018440166422,1,9,0,13,0,0,0,0,0,0,1,1,6,1,36,7,1685,2,1,2,1,2
2018440166422,2,19,0,16,0,0,0,0,0,0,1,1,6,1,28,6,2143,2,-1,9,2,9
2018440166468,1,5,0,17,0,2,1,0,0,0,0,1,6,1,56,9,501,1,1,10,1,10
2018440166565,1,9,0,9,0,8,0,0,0,0,1,1,6,1,34,6,1497,8,6,9,1,9
2018440166565,2,9,0,18,0,8,0,0,0,0,3,1,6,2,68,10,1493,1,22,8,1,8
2018440166604,1,9,0,18,0,8,1,0,0,0,1,1,6,2,18,4,1120,2,4,10,2,10
2018440166604,2,9,0,18,0,8,1,0,0,0,2,1,6,2,40,7,1591,1,1,10,1,10
2018440166662,1,9,0,17,0,0,0,0,1,4,4,1,6,2,33,6,1598,1,11,9,3,9
2018440166671,1,9,0,4,0,0,0,0,0,0,2,1,6,1,24,5,1396,1,13,5,1,5
2018440166671,2,9,0,18,0,0,0,0,0,0,1,1,6,1,41,7,1998,1,11,3,3,3
2018440166722,1,3,0,18,0,0,0,0,0,0,3,1,6,1,20,4,125,1,2,-1,-1,-1
2018440166722,2,9,0,18,0,0,0,0,0,0,4,1,6,3,-1,-1,-1,-1,-1,-1,-1,-1
2018440166784,1,9,0,18,0,0,1,0,0,0,1,1,6,1,39,7,1910,2,10,5,1,5
2018440166784,2,9,0,18,0,0,0,0,0,0,2,1,6,1,33,6,1896,2,14,10,1,10
2018440167225,1,9,0,9,0,8,0,0,0,0,1,1,2,1,33,6,1248,1,6,10,1,10
2018440167225,2,1,0,18,0,8,0,0,0,0,3,1,6,1,57,9,-1,-1,-1,8,1,8
2018440167319,1,9,0,18,0,0,0,0,0,0,1,1,6,1,40,7,1796,1,12,5,1,5
2018440167319,2,9,0,4,0,0,0,0,0,0,2,1,6,1,45,7,1968,2,2,10,1,10
2018440167319,3,9,0,4,0,0,0,0,0,0,2,1,6,2,34,6,1596,1,6,5,1,5
2018440167319,4,9,0,4,0,0,0,0,0,0,2,1,6,1,31,6,1968,2,10,10,1,10
2018440167319,5,9,0,4,0,0,0,0,0,0,2,1,6,1,31,6,1997,2,11,10,1,10
2018440167319,6,9,0,4,0,0,0,0,0,0,2,1,6,1,27,6,1200,1,1,10,1,10
2018440167319,7,9,0,4,0,0,0,0,0,0,2,1,6,3,-1,-1,1796,1,11,6,1,6
2018440167323,1,9,0,18,0,0,0,0,0,0,1,1,6,2,32,6,1339,1,15,8,1,8
2018440167323,2,9,0,4,0,0,0,0,0,0,2,1,6,1,57,9,1498,1,1,8,1,8
2018440167323,3,9,0,3,0,0,0,0,0,0,2,1,6,1,44,7,-1,-1,-1,6,1,6
2018440167336,1,9,0,12,0,0,0,0,0,6,1,1,6,2,41,7,1798,1,11,10,1,10
2018440167336,2,9,0,4,0,0,0,0,0,0,2,1,6,1,52,8,1618,1,3,8,1,8
2018440167360,1,9,0,18,0,0,0,0,0,0,1,1,6,1,23,5,1332,1,9,7,1,7
2018440167560,1,9,0,4,0,8,0,0,0,0,1,1,6,2,48,8,1390,1,13,1,1,1
2018440167560,2,9,0,18,0,8,0,0,0,0,4,1,6,1,41,7,1686,2,13,6,1,6
2018440167560,3,9,0,18,0,8,0,0,0,0,3,1,6,1,44,7,1686,2,11,1,1,1
2018440167725,1,9,0,9,0,8,0,0,0,0,1,1,6,1,18,4,998,1,-1,4,1,4
2018440167725,2,9,0,18,0,8,0,0,0,0,1,1,6,1,18,4,998,1,10,10,1,10
2018440167751,1,9,0,18,0,8,0,0,0,0,1,1,6,1,33,6,1461,2,10,9,1,9
2018440167751,2,9,0,9,0,8,0,0,0,0,2,1,6,1,63,9,1499,8,1,8,3,8
2018440167880,1,9,0,4,0,0,0,0,0,0,2,1,6,2,24,5,1798,8,-1,9,1,9
2018440167880,2,9,0,18,0,0,0,0,0,0,1,1,6,1,34,6,1968,2,6,9,1,9
2018440168198,1,19,0,17,0,0,0,0,7,0,1,1,6,1,53,8,-1,-1,-1,2,1,2
2018440168198,2,9,0,16,0,0,0,0,0,0,1,1,6,1,27,6,1596,1,12,-1,-1,-1
2018440168250,1,9,0,16,0,0,0,0,0,0,3,1,2,2,53,8,1596,1,16,10,1,10
2018440168250,2,9,0,17,0,0,0,0,0,0,3,1,2,3,-1,-1,2967,2,2,-1,-1,-1
2018440168383,1,3,0,18,0,0,0,0,0,0,1,1,6,1,24,5,124,1,6,-1,-1,-1
2018440168383,2,9,0,5,0,0,0,0,0,0,1,1,6,2,26,6,1998,1,12,-1,-1,-1
2018440168606,1,5,0,18,0,0,0,0,0,0,2,1,6,1,46,8,1690,1,2,4,1,4
2018440168606,2,5,0,18,0,0,0,0,0,0,1,1,6,1,62,9,1634,1,11,6,1,6
2018440168606,3,5,0,18,0,0,0,0,0,0,2,1,6,1,25,5,599,1,13,6,1,6
2018440168606,4,5,0,18,0,0,0,0,0,0,1,1,6,1,71,10,1202,1,6,-1,-1,-1
2018440168676,1,1,0,18,0,8,0,0,0,0,4,1,6,1,23,5,-1,-1,-1,3,1,3
2018440168676,2,9,0,18,0,8,0,0,0,0,1,1,6,3,-1,-1,1995,2,11,-1,-1,-1
2018440168700,1,9,0,9,0,2,0,0,0,0,1,1,6,1,18,4,1242,1,10,2,1,2
2018440168766,1,9,0,9,0,8,0,0,0,0,3,1,6,1,45,7,1968,2,9,9,1,9
2018440168766,2,5,0,18,0,8,0,0,0,0,1,1,6,1,36,7,790,1,14,4,1,4
2018440168780,1,9,0,17,0,0,2,0,8,10,1,1,6,1,20,4,1242,1,16,8,3,8
2018440168785,1,8,0,18,0,1,0,0,0,0,1,1,6,1,37,7,1995,2,3,6,1,6
2018440168785,2,9,0,10,0,1,0,0,0,0,2,1,6,2,57,9,1400,1,13,7,2,7
2018440168810,1,3,0,17,0,0,0,0,0,0,4,1,6,1,17,4,125,1,9,10,1,10
2018440168872,1,9,0,18,0,0,0,0,0,0,1,1,6,1,28,6,1997,2,4,4,1,4
2018440168872,2,9,0,4,0,0,0,0,0,0,2,1,6,1,37,7,1197,1,3,10,1,10
2018440168872,3,9,0,4,0,0,0,0,0,0,2,1,6,1,36,7,1968,2,5,10,1,10
2018440168872,4,9,0,4,0,0,0,0,0,0,2,1,6,1,36,7,1197,1,3,10,1,10
2018440168940,1,5,0,17,0,0,0,0,1,11,3,1,6,1,31,6,1284,1,8,2,1,2
2018440169003,1,9,0,3,0,0,0,0,0,0,2,1,6,3,-1,-1,2198,1,11,-1,-1,-1
2018440169003,2,9,0,3,0,0,0,0,0,0,2,1,6,2,38,7,1781,1,15,2,1,2
2018440169003,3,9,0,4,0,0,0,0,0,0,1,1,6,3,-1,-1,-1,-1,-1,-1,-1,-1
2018440169039,1,9,0,7,0,8,0,0,0,0,4,1,6,1,29,6,1986,2,13,3,1,3
2018440169039,2,1,0,15,0,8,0,0,0,0,3,1,6,1,48,8,-1,-1,-1,5,1,5
2018440169292,1,3,0,13,0,2,0,0,0,0,0,1,6,1,22,5,125,1,15,8,1,8
2018440169326,1,9,0,3,0,1,0,0,0,0,2,1,6,1,52,8,1686,2,9,9,1,9
2018440169326,2,9,0,18,0,1,0,0,0,0,1,1,6,1,22,5,1968,2,8,9,1,9
2018440169348,1,5,0,13,0,0,0,0,0,0,1,1,6,1,26,6,748,1,11,10,-1,10
2018440169348,2,9,0,18,0,0,0,0,0,0,1,1,6,1,36,7,2198,2,13,8,3,8
2018440169936,1,9,0,4,0,0,0,0,0,0,2,1,6,1,54,8,1997,2,4,7,1,7
2018440169936,2,9,0,4,0,0,0,0,0,0,2,1,6,1,21,5,1596,1,3,4,1,4
2018440169936,3,9,0,4,0,0,0,0,0,0,1,1,6,1,36,7,1799,1,12,7,1,7
2018440170141,1,21,0,4,0,0,0,0,0,0,2,1,6,1,-1,-1,11967,2,5,-1,-1,-1
2018440170141,2,21,0,4,0,0,0,0,0,0,2,1,1,1,28,6,12777,2,5,2,1,2
2018440170141,3,9,0,18,0,0,0,0,0,0,4,1,1,1,56,9,1595,1,-1,6,3,6
2018440170366,1,9,0,4,0,2,0,0,0,0,2,1,6,1,39,7,1364,1,14,1,1,1
2018440170366,2,3,0,4,0,8,0,0,0,0,1,1,1,1,19,4,114,1,3,2,1,2
2018440170369,1,9,0,3,0,1,0,0,0,0,2,1,6,2,26,6,-1,-1,-1,6,3,6
2018440170369,2,9,0,3,0,1,0,0,0,0,2,1,6,3,-1,-1,1461,2,4,-1,-1,-1
2018440170369,3,9,0,4,0,1,0,0,0,0,1,1,6,3,-1,-1,1598,2,1,-1,-1,-1
2018440170400,1,9,0,3,0,1,0,0,0,0,2,1,3,2,28,6,1896,2,10,4,1,4
2018440170400,2,9,0,18,0,1,0,0,0,0,1,1,2,1,24,5,1360,1,15,5,1,5
2018440170515,1,9,0,9,0,8,0,0,0,0,1,1,6,1,47,8,1390,1,4,7,1,7
2018440170515,2,9,0,17,0,8,0,0,0,0,4,1,6,2,38,7,1598,2,4,10,1,10
2018440170516,1,9,0,9,0,8,0,0,0,0,1,1,6,3,-1,-1,-1,-1,-1,-1,-1,-1
2018440170888,1,11,0,18,0,0,0,11,0,0,0,1,1,3,-1,-1,-1,-1,-1,-1,-1,-1
2018440170931,1,1,0,18,0,8,0,0,0,0,2,1,6,2,47,8,-1,-1,-1,6,1,6
2018440170931,2,8,0,7,0,8,0,0,0,0,1,1,6,1,45,7,1560,2,4,2,1,2
2018440170960,1,9,0,9,0,8,0,0,0,0,3,1,6,2,30,6,1598,2,7,5,1,5
2018440170960,2,1,0,18,0,8,0,0,0,0,1,1,6,1,30,6,-1,-1,-1,7,1,7
2018440170997,1,9,0,7,0,8,0,0,0,0,3,1,3,2,43,7,2995,1,1,10,1,10
2018440170997,2,1,0,18,0,8,0,0,0,0,1,1,1,1,59,9,-1,-1,-1,10,1,10
2018440171031,1,9,0,9,0,8,0,0,0,0,3,1,6,2,40,7,1461,2,4,10,1,10
2018440171031,2,5,0,13,0,1,0,0,0,0,1,1,6,1,37,7,1200,1,11,8,1,8
2018440171037,1,9,0,9,0,8,0,0,0,0,4,1,2,2,19,4,1124,1,14,10,1,10
2018440171037,2,9,0,18,0,8,0,0,0,0,1,1,1,1,79,11,1896,2,8,4,1,4
2018440171043,1,9,0,18,0,8,0,0,0,0,1,1,6,1,38,7,1242,1,9,1,1,1
2018440171043,2,9,0,18,0,8,0,0,0,0,3,1,6,2,27,6,-1,-1,-1,7,1,7
2018440171043,3,9,0,18,0,8,0,0,0,0,1,1,6,1,58,9,1596,1,14,8,1,8
2018440171052,1,9,0,6,0,0,0,0,0,0,3,1,6,2,20,4,999,1,2,10,1,10
2018440171052,2,3,0,14,0,0,0,0,0,0,1,1,6,2,27,6,124,1,7,10,1,10
2018440171141,1,9,0,7,0,8,0,0,0,0,1,1,6,2,50,8,1198,1,3,9,2,9
2018440171141,2,9,0,18,0,8,0,0,0,0,1,1,6,1,46,8,1200,1,16,2,1,2
2018440171196,1,8,0,2,0,0,0,0,0,0,3,1,1,3,-1,-1,-1,-1,-1,-1,-1,-1
2018440171196,2,1,0,18,0,0,0,0,0,0,4,1,6,2,71,10,-1,-1,-1,7,1,7
2018440171462,1,9,0,18,0,1,0,0,0,0,0,1,6,1,31,6,1229,1,12,7,3,7
2018440171463,1,9,0,10,0,1,0,0,0,0,1,1,6,2,62,9,1461,2,1,6,1,6
2018440171463,2,1,0,18,0,1,0,0,0,0,2,1,6,1,17,4,-1,-1,-1,6,1,6
2018440171698,1,2,0,18,0,0,1,0,0,0,1,1,6,1,26,6,-1,-1,-1,4,1,4
2018440171698,2,19,0,9,0,0,0,0,0,0,1,1,6,1,67,10,2402,2,17,4,1,4
2018440171698,3,9,0,18,0,0,0,0,0,0,3,1,6,1,32,6,1364,1,7,1,1,1
2018440171698,4,9,0,2,0,0,0,0,0,0,3,1,6,1,77,11,1995,2,9,3,1,3
2018440171737,1,9,0,9,0,8,0,0,0,0,3,1,6,2,36,7,1399,2,5,1,1,1
2018440171737,2,9,0,3,0,1,0,0,0,0,0,1,6,1,52,8,-1,-1,-1,2,1,2
2018440171737,3,9,0,18,0,8,0,0,0,0,1,1,6,2,36,7,2170,2,14,3,1,3
2018440171857,1,2,0,16,0,0,1,0,0,0,3,1,6,1,16,4,49,1,4,3,1,3
2018440171857,2,9,0,17,0,0,0,0,0,0,2,1,6,1,60,9,1341,1,13,3,1,3
2018440171896,1,9,0,18,0,8,0,10,0,0,1,1,6,2,25,5,1198,1,6,6,2,6
2018440171896,2,19,0,5,0,8,0,0,0,0,1,1,6,1,32,6,1968,2,1,8,1,8
2018440171919,1,9,0,18,0,0,0,0,0,0,1,1,6,2,44,7,1598,1,14,8,1,8
2018440172403,1,9,0,18,0,0,0,0,0,0,1,1,6,1,36,7,1968,2,3,6,-1,6
2018440172403,2,9,0,4,0,0,0,0,0,0,2,1,6,2,48,8,1997,2,1,9,3,9
2018440172403,3,9,0,4,0,0,0,0,0,0,2,1,6,1,48,8,1896,2,14,10,3,10
2018440172588,1,9,0,9,0,8,0,0,0,0,1,1,6,2,29,6,2993,2,9,1,1,1
2018440172588,2,9,0,18,0,8,0,0,0,0,1,1,6,1,35,6,1560,2,5,4,1,4
2018440172609,1,9,0,16,0,8,0,0,0,0,1,1,6,1,62,9,1560,2,11,7,3,7
2018440172609,2,3,0,17,0,8,0,0,1,9,1,1,6,1,62,9,125,1,1,3,1,3
2018440172637,1,11,0,5,0,0,0,0,0,0,1,1,1,1,56,9,5132,2,3,5,1,5
2018440172673,1,9,0,18,0,0,0,0,0,0,1,1,6,1,47,8,1496,2,3,9,1,9
2018440172673,2,9,0,16,0,0,0,0,0,0,1,1,6,2,45,7,1598,2,4,-1,-1,-1
2018440172676,1,5,0,18,0,0,1,0,0,0,2,1,6,2,29,6,675,1,6,1,1,1
2018440172676,2,5,0,18,0,0,1,0,0,0,1,1,6,1,55,8,1202,1,3,1,1,1
2018440172728,1,1,0,18,0,0,0,0,0,0,4,1,6,1,40,7,-1,-1,-1,3,1,3
2018440172728,2,9,0,3,0,0,0,0,0,0,3,1,6,3,-1,-1,1390,1,16,-1,-1,-1
2018440172905,1,19,0,1,0,2,0,0,0,0,2,1,6,2,45,7,1997,2,15,8,1,8
2018440173111,1,9,0,9,0,0,0,0,0,0,4,1,6,3,-1,-1,1199,1,17,-1,-1,-1
2018440173111,2,3,0,18,0,0,0,0,0,0,1,1,6,1,23,5,124,1,19,-1,-1,-1
2018440173247,1,9,0,7,0,8,0,0,0,0,1,1,6,2,30,6,1598,1,16,4,1,4
2018440173247,2,9,0,18,0,8,0,0,0,0,2,1,6,1,53,8,1560,2,9,5,1,5