Accident_Index,Vehicle_Reference,Vehicle_Type,Towing_and_Articulation,Vehicle_Manoeuvre,Vehicle_Location-Restricted_Lane,Junction_Location,Skidding_and_Overturning,Hit_Object_in_Carriageway,Vehicle_Leaving_Carriageway,Hit_Object_off_Carriageway,1st_Point_of_Impact,Was_Vehicle_Left_Hand_Drive?,Journey_Purpose_of_Driver,Sex_of_Driver,Age_of_Driver,Age_Band_of_Driver,Engine_Capacity_(CC),Propulsion_Code,Age_of_Vehicle,Driver_IMD_Decile,Driver_Home_Area_Type,Vehicle_IMD_Decile
2018440244672,1,9,0,18,0,0,0,0,0,0,2,1,6,1,59,9,1997,2,3,3,1,3
2018440244672,2,9,0,18,0,0,0,0,0,0,1,1,6,1,76,11,1968,2,7,9,3,9
2018440244672,3,9,0,18,0,0,0,0,0,0,1,1,6,2,26,6,1496,2,2,7,1,7
2018440244672,4,9,0,18,0,0,0,0,0,0,1,1,6,1,40,7,1995,2,1,6,1,6
2018440244760,1,9,0,1,0,0,0,0,0,0,2,1,6,1,-1,-1,-1,-1,-1,-1,-1,-1
2018440244764,1,2,0,9,0,8,0,0,1,10,1,1,6,2,22,5,49,1,7,6,1,6
2018440244779,1,9,0,7,0,2,0,0,0,0,3,1,6,1,20,4,1242,1,12,10,1,10
2018440244779,2,19,0,4,0,1,0,0,0,0,3,1,6,1,50,8,1461,2,3,3,1,3
2018440244784,1,1,0,18,0,1,0,0,0,0,3,1,6,2,14,3,-1,-1,-1,3,1,3
2018440244784,2,9,0,18,0,1,0,0,0,0,1,1,6,3,-1,-1,-1,-1,-1,-1,-1,-1
2018440244928,1,9,0,5,0,8,0,0,0,0,3,1,6,2,41,7,1685,2,1,9,1,9
2018440244928,2,5,0,18,0,8,0,0,0,0,1,1,6,1,61,9,599,1,16,7,3,7
2018440244969,1,9,0,3,0,0,0,0,0,0,2,1,6,1,56,9,1587,1,15,3,1,3
2018440244969,2,9,0,18,0,0,0,0,0,0,1,1,6,2,31,6,1229,1,7,3,1,3
2018440244971,1,9,0,18,0,1,0,0,0,0,2,1,1,1,60,9,1910,2,8,5,1,5
2018440244971,2,9,0,4,0,1,0,0,0,0,1,1,6,3,-1,-1,-1,-1,-1,-1,-1,-1
2018440244973,1,8,0,5,0,1,0,0,0,0,1,1,1,1,34,6,1968,2,5,9,1,9
2018440245464,1,1,0,18,0,2,0,0,0,0,1,1,6,1,41,7,-1,-1,-1,4,2,4
2018440245464,2,20,0,18,0,2,0,0,0,0,2,1,6,3,-1,-1,2800,2,16,-1,-1,-1
2018440245712,1,1,0,17,0,8,0,0,0,0,1,1,2,1,45,7,-1,-1,-1,8,2,8
2018440245712,2,19,0,5,0,8,0,0,0,0,3,1,6,1,30,6,1968,2,-1,8,3,8
2018440245779,1,1,0,18,0,0,0,0,0,0,1,1,6,1,53,8,-1,-1,-1,1,1,1
2018440245779,2,19,0,18,0,0,0,0,0,0,3,1,6,2,36,7,2460,2,9,10,1,10
2018440245842,1,9,0,9,0,8,0,0,0,0,1,1,6,2,93,11,1598,1,10,10,1,10
2018440245842,2,9,0,2,0,8,0,0,0,0,1,1,6,1,-1,-1,1968,2,6,5,1,5
2018440246323,1,9,0,18,0,8,0,0,0,0,1,1,6,1,39,7,1596,1,12,2,1,2
2018440246323,2,9,0,8,0,8,0,0,0,0,2,1,6,1,37,7,1399,1,3,2,1,2
2018440246545,1,9,0,18,0,0,0,0,0,0,1,1,6,1,35,6,1896,2,11,6,1,6
2018440246545,2,9,0,4,0,0,0,0,0,0,2,1,6,2,54,8,1997,2,-1,6,1,6
2018440246795,1,19,0,18,0,0,0,0,0,0,1,1,6,1,55,8,2143,2,8,6,1,6
2018440246795,2,9,0,4,0,0,0,0,0,0,2,1,6,2,35,6,1339,1,16,2,1,2
2018440246795,3,19,0,4,0,0,0,0,0,0,2,1,6,1,48,8,2198,2,8,8,1,8
2018440246957,1,9,0,18,0,1,0,0,0,0,1,1,6,2,24,5,1329,1,9,9,1,9
2018440246957,2,9,0,10,0,1,0,0,0,0,2,1,6,1,53,8,-1,-1,-1,7,3,7
2018440246969,1,9,0,18,0,1,0,0,0,0,1,1,6,1,49,8,1396,1,15,-1,-1,-1
2018440246969,2,9,0,3,0,1,0,0,0,0,2,1,6,2,38,7,1781,1,19,5,1,5
2018440246969,3,9,0,3,0,1,0,0,0,0,2,1,6,2,44,7,1398,1,2,6,1,6
2018440247016,1,9,0,4,0,0,1,0,0,0,2,1,6,1,22,5,998,1,9,9,3,9
2018440247016,2,9,0,18,0,0,1,0,0,0,1,1,6,2,50,8,2148,2,8,9,3,9
2018440247016,3,9,0,18,0,0,1,0,0,0,1,1,6,2,31,6,1598,2,3,5,1,5
2018440247245,1,9,0,9,0,8,0,0,0,0,4,1,6,1,65,9,1388,1,13,5,1,5
2018440247245,2,3,0,18,0,8,0,0,0,0,1,1,6,1,19,4,125,1,2,2,1,2
2018440247555,1,9,0,18,0,8,0,0,0,0,1,1,6,1,34,6,1968,2,5,10,1,10
2018440247555,2,9,0,18,0,8,0,0,1,11,3,1,2,2,32,6,1968,2,8,2,1,2
2018440247631,1,1,0,18,0,0,0,0,0,0,2,1,6,1,16,4,-1,-1,-1,1,1,1
2018440247631,2,1,0,18,0,0,0,0,0,0,1,1,6,1,15,3,-1,-1,-1,1,1,1
2018440247712,1,9,0,5,0,8,0,0,0,0,1,1,6,1,59,9,1560,2,5,10,1,10
2018440247712,2,5,0,5,0,8,0,0,0,0,2,1,6,1,50,8,1170,1,5,9,1,9
2018440247801,1,5,0,18,0,0,0,0,0,0,1,1,6,1,47,8,1199,1,12,7,1,7
2018440247801,2,9,0,4,0,0,0,0,0,0,2,1,6,1,38,7,-1,-1,-1,6,1,6
2018440247907,1,9,0,9,0,8,0,0,0,0,3,1,6,1,19,4,1149,1,9,3,1,3
2018440247907,2,3,0,13,0,8,0,0,0,0,4,1,6,1,19,4,124,1,16,3,1,3
2018440247909,1,9,0,18,0,0,1,0,4,6,1,1,6,1,26,6,1998,1,5,10,1,10
2018440247909,2,9,0,13,0,0,1,0,1,4,2,1,6,2,68,10,1910,2,10,10,1,10
2018440248192,1,9,0,9,0,8,0,4,0,0,1,1,6,1,25,5,2993,2,7,7,1,7
2018440248192,2,9,0,2,0,2,0,0,0,0,2,1,6,3,-1,-1,1598,2,3,-1,-1,-1
2018440248192,3,9,0,2,0,2,0,0,0,0,2,1,6,3,-1,-1,1332,1,19,-1,-1,-1
2018440248192,4,9,0,2,0,2,0,0,0,0,2,1,6,3,-1,-1,1229,1,13,-1,-1,-1
2018440248192,5,9,0,2,0,2,0,0,0,0,2,1,6,3,-1,-1,-1,-1,-1,-1,-1,-1
2018440248330,1,9,0,5,0,8,0,0,0,0,1,1,6,2,40,7,1493,2,10,10,1,10
2018440248330,2,1,0,18,0,8,0,0,0,0,4,1,6,1,29,6,-1,-1,-1,10,1,10
2018440248346,1,1,0,5,0,2,0,0,0,0,3,1,4,1,11,3,-1,-1,-1,3,1,3
2018440248346,2,9,0,18,0,2,0,0,0,0,1,1,2,2,37,7,1197,1,2,7,1,7
2018440248401,1,9,0,9,0,8,0,0,0,0,4,1,6,1,37,7,1997,2,11,3,1,3
2018440248401,2,9,0,17,0,8,0,0,0,0,3,1,6,2,69,10,1397,1,16,-1,-1,-1
2018440248425,1,9,0,7,0,8,0,0,0,0,4,1,6,3,-1,-1,-1,-1,-1,-1,-1,-1
2018440248607,1,9,0,7,0,8,0,0,0,0,1,1,6,1,-1,-1,-1,-1,-1,-1,-1,-1
2018440248607,2,1,0,18,0,8,0,0,0,0,1,1,6,1,16,4,-1,-1,-1,8,3,8
2018440248725,1,9,0,9,0,8,0,0,0,0,3,1,6,2,71,10,1388,1,7,6,1,6
2018440248725,2,9,0,18,0,8,0,0,0,0,1,1,6,1,68,10,1329,1,9,4,1,4
2018440248729,1,9,0,18,0,0,0,0,0,0,1,1,3,2,41,7,1360,1,13,2,1,2
2018440248729,2,9,0,4,0,0,0,0,0,0,2,1,1,1,-1,-1,2035,1,13,5,1,5
2018440248742,1,97,0,18,0,0,0,0,0,0,1,1,6,1,58,9,-1,-1,-1,9,1,9
2018440248742,2,9,0,18,0,0,0,0,0,0,0,1,6,3,-1,-1,-1,-1,-1,-1,-1,-1
2018440248829,1,9,0,5,0,8,0,0,0,0,1,1,6,2,30,6,2143,2,1,9,1,9
2018440248829,2,9,0,9,0,8,0,0,0,0,1,1,6,2,-1,-1,1242,1,5,5,1,5
2018440248882,1,9,0,9,0,8,0,0,0,0,1,1,6,1,87,11,1318,1,1,8,1,8
2018440248882,2,5,0,18,0,8,0,0,0,0,1,1,6,1,64,9,1000,1,10,6,1,6
2018440248886,1,21,1,18,0,0,3,1,2,7,1,1,1,1,40,7,12902,2,1,3,1,3
2018440248886,2,19,0,2,0,0,0,0,1,7,2,1,6,1,49,8,-1,-1,-1,9,3,9
2018440248886,3,9,0,2,0,0,0,0,1,7,2,1,6,1,43,7,1364,2,3,6,1,6
2018440248891,1,9,0,7,0,8,0,0,0,0,1,1,6,1,80,11,2198,2,10,7,1,7
2018440249225,1,97,0,16,0,0,0,10,0,1,1,1,6,1,40,7,-1,-1,-1,5,1,5
2018440249239,1,9,0,18,0,1,0,0,0,0,1,1,6,2,38,7,1896,2,13,10,1,10
2018440249239,2,1,0,18,0,8,0,0,0,0,3,1,6,1,24,5,-1,-1,-1,7,1,7
2018440249337,1,3,0,17,0,8,0,0,1,2,1,1,6,1,20,4,-1,-1,-1,6,3,6
2018440249775,1,9,0,10,0,1,0,0,0,0,2,1,6,2,25,5,1461,2,3,10,1,10
2018440249775,2,19,0,4,0,1,0,0,0,0,1,1,6,3,-1,-1,-1,-1,-1,-1,-1,-1
2018440249917,1,9,0,18,0,8,0,0,0,0,3,1,6,2,31,6,998,1,3,9,1,9
2018440249917,2,9,0,4,0,8,0,0,0,0,2,1,2,2,27,6,1149,1,11,10,1,10
2018440249917,3,9,0,18,0,1,0,0,0,0,1,1,2,2,22,5,998,1,3,3,1,3
2018440250099,1,1,0,17,0,8,0,0,0,0,1,1,6,1,38,7,-1,-1,-1,10,1,10
2018440250099,2,9,0,9,0,8,0,0,0,0,3,1,6,3,-1,-1,2179,2,7,-1,-1,-1
2018440250154,1,9,0,18,0,8,0,0,0,0,1,1,6,2,36,7,1496,2,1,5,1,5
2018440250154,2,9,0,9,0,8,0,0,0,0,1,1,6,1,53,8,1598,2,2,4,1,4
2018440250219,1,9,0,18,0,0,2,0,7,11,2,1,6,1,73,10,1395,1,1,10,2,10
2018440250219,2,9,0,13,0,0,1,0,7,0,1,1,6,1,32,6,-1,-1,-1,10,2,10
2018440250358,1,9,0,5,0,8,0,0,0,0,4,1,6,2,45,7,2993,2,6,6,3,6
2018440250358,2,5,0,18,0,8,0,0,1,4,1,1,6,1,53,8,1301,1,4,9,3,9
2018440250429,1,1,0,18,0,2,0,0,0,0,4,1,6,2,50,8,-1,-1,-1,5,1,5
2018440250429,2,9,0,1,0,2,0,0,0,0,2,1,6,1,63,9,-1,-1,-1,4,1,4
2018440250443,1,9,0,4,0,1,0,0,0,0,2,1,6,1,69,10,1798,1,11,2,1,2
2018440250443,2,9,0,4,0,1,0,0,0,0,2,1,6,2,42,7,1360,1,15,1,1,1
2018440250443,3,9,0,18,0,1,0,0,0,0,1,1,6,1,28,6,2720,2,10,2,1,2
2018440250524,1,9,0,2,0,1,0,0,0,0,3,1,6,3,-1,-1,1997,1,10,-1,-1,-1
2018440250524,2,1,0,18,0,1,0,8,0,0,4,1,6,2,34,6,-1,-1,-1,3,1,3
2018440250612,1,9,0,18,0,8,0,0,0,0,4,1,2,2,28,6,999,1,-1,7,1,7
2018440250612,2,9,0,9,0,8,0,0,0,0,3,1,6,1,20,4,1461,2,2,10,1,10
2018440250686,1,9,0,18,0,1,1,0,0,0,1,1,2,1,60,9,2953,2,15,7,3,7
2018440250686,2,9,0,3,0,1,0,0,0,0,2,1,2,1,20,4,-1,-1,-1,-1,-1,-1
2018440250686,3,9,0,3,0,1,0,0,0,0,2,1,2,1,17,4,1388,1,6,6,3,6
2018440250686,4,9,0,3,0,1,0,0,0,0,2,1,2,1,-1,-1,1296,1,10,7,1,7
2018440250706,1,9,0,18,0,8,0,0,7,0,3,1,6,2,42,7,1798,8,4,6,1,6
2018440250706,2,9,0,18,0,8,0,0,0,0,1,1,3,2,34,6,1339,1,9,3,1,3
2018440250903,1,9,0,18,0,1,0,4,0,0,1,1,6,2,73,10,1242,1,3,2,1,2
2018440250903,2,9,0,2,0,1,0,0,0,0,2,1,6,3,-1,-1,1229,1,6,-1,-1,-1
2018440250967,1,9,0,18,0,8,0,0,0,0,1,1,6,2,31,6,-1,-1,-1,1,1,1
2018440250967,2,9,0,10,0,8,0,0,0,0,2,1,6,2,30,6,1968,2,6,4,1,4
2018440250980,1,9,0,18,0,0,0,0,7,0,1,1,6,1,18,4,1229,1,11,5,1,5
2018440251402,1,9,0,5,0,8,0,0,0,0,3,1,2,1,39,7,1997,1,14,10,1,10
2018440251402,2,1,0,18,0,8,0,0,0,0,1,1,6,2,50,8,-1,-1,-1,-1,-1,-1
2018440251538,1,9,0,8,0,1,0,0,0,0,2,1,2,2,58,9,999,1,1,8,3,8
2018440251538,2,9,0,4,0,1,0,0,0,0,1,1,2,2,-1,-1,1498,1,11,10,3,10
2018440251552,1,9,0,5,0,8,0,0,0,0,3,1,6,2,68,10,1598,1,10,3,1,3
2018440251552,2,9,0,18,0,8,0,0,0,0,1,1,2,2,33,6,1461,2,9,7,-1,7
2018440251570,1,1,0,14,0,8,0,0,0,0,1,1,2,1,62,9,-1,-1,-1,7,3,7
2018440251570,2,9,0,9,0,8,0,0,0,0,3,1,6,3,-1,-1,1242,1,18,-1,-1,-1
2018440251637,1,1,0,18,0,1,0,0,0,0,3,1,4,1,14,3,-1,-1,-1,7,1,7
2018440251637,2,10,0,18,0,2,0,0,0,0,3,1,1,3,-1,-1,-1,-1,-1,-1,-1,-1
2018440251785,1,1,0,18,0,0,0,0,0,0,3,1,2,1,35,6,-1,-1,-1,4,1,4
2018440251785,2,9,0,3,0,0,0,0,0,0,4,1,6,1,40,7,1598,1,13,8,1,8
2018440251882,1,9,0,18,0,0,0,0,0,0,1,1,6,3,-1,-1,-1,-1,-1,-1,-1,-1
2018440252046,1,1,0,18,0,8,0,0,0,0,4,1,6,1,52,8,-1,-1,-1,10,1,10
2018440252046,2,9,0,18,0,8,0,0,0,0,4,1,6,2,68,10,1229,1,10,5,1,5
2018440252105,1,1,0,18,0,0,0,0,0,0,3,1,2,1,32,6,-1,-1,-1,3,1,3
2018440252105,2,9,0,18,0,0,0,0,0,0,1,1,6,1,40,7,1794,1,16,8,1,8
2018440252233,1,9,0,9,0,8,0,0,0,0,4,1,6,1,88,11,1242,1,9,9,1,9
2018440252233,2,3,0,15,0,8,0,0,0,0,1,1,6,1,23,5,124,1,4,4,1,4
2018440252320,1,9,0,3,0,1,0,0,0,0,2,1,6,2,-1,-1,1499,2,1,-1,-1,-1
2018440252320,2,9,0,4,0,1,0,0,0,0,1,1,6,3,-1,-1,1896,2,12,-1,-1,-1
2018440252332,1,9,0,5,0,0,0,0,0,0,1,1,6,1,74,10,1399,2,15,2,1,2
2018440252343,1,9,0,18,0,1,0,0,0,0,3,1,2,2,37,7,1598,1,11,5,1,5
2018440252343,2,9,0,5,0,1,0,0,0,0,4,1,6,3,-1,-1,1995,2,6,-1,-1,-1
2018440252450,1,9,0,18,0,8,0,0,0,0,3,1,6,2,60,9,998,1,-1,10,1,10
2018440252450,2,9,0,18,0,8,0,0,0,0,1,1,6,2,54,8,998,1,5,10,2,10
2018440252484,1,20,0,4,0,0,1,0,0,0,2,1,2,1,53,8,7698,2,4,5,1,5
2018440252484,2,9,0,4,0,0,0,0,0,0,1,1,1,1,24,5,-1,-1,-1,9,2,9
2018440252484,3,9,0,4,0,0,0,0,0,0,1,1,6,1,49,8,-1,-1,-1,7,1,7
2018440252602,1,9,0,18,0,0,0,0,0,0,4,1,6,1,30,6,-1,-1,-1,9,3,9
2018440252632,1,9,0,18,0,0,0,0,0,0,1,1,6,1,31,6,1598,1,11,9,1,9
2018440252632,2,9,0,4,0,0,0,0,0,0,2,1,6,2,53,8,1398,2,7,8,1,8
2018440252669,1,9,0,5,0,1,0,0,0,0,3,1,6,2,25,5,1398,1,7,4,1,4
2018440252669,2,9,0,18,0,8,0,0,0,0,4,1,6,1,47,8,-1,-1,-1,10,2,10
2018440252798,1,9,0,18,0,0,1,0,1,11,1,1,6,1,19,4,-1,-1,-1,3,3,3
2018440252961,1,9,0,6,0,0,0,0,0,0,3,1,6,1,36,7,1989,1,18,1,1,1
2018440252961,2,3,0,18,0,0,0,0,0,0,1,1,6,1,19,4,125,1,1,2,1,2
2018440253137,1,9,0,18,0,2,0,0,0,0,1,1,6,3,-1,-1,-1,-1,-1,-1,-1,-1
2018440253309,1,9,0,18,0,2,0,0,0,0,1,1,6,2,32,6,998,1,7,4,1,4
2018440253309,2,9,0,2,0,2,0,0,0,0,2,1,6,3,-1,-1,-1,-1,-1,-1,-1,-1
2018440253309,3,9,0,2,0,2,0,0,0,0,2,1,6,3,-1,-1,1984,1,11,-1,-1,-1
2018440253476,1,9,0,18,0,2,0,0,0,0,1,1,6,1,39,7,1461,2,12,4,1,4
2018440253476,2,9,0,18,0,2,0,0,0,0,2,1,6,1,36,7,-1,-1,-1,6,1,6
2018440253476,3,9,0,18,0,2,0,0,0,0,2,1,6,1,36,7,-1,-1,-1,3,1,3
2018440253487,1,1,0,18,0,1,0,0,0,0,4,1,2,1,47,8,-1,-1,-1,4,1,4
2018440253487,2,8,0,2,0,2,0,0,0,0,3,1,1,3,-1,-1,1991,2,11,-1,-1,-1
2018440253577,1,1,0,18,0,0,0,0,0,0,3,1,6,1,52,8,-1,-1,-1,6,1,6
2018440253577,2,9,0,18,0,0,0,0,0,0,4,1,6,3,-1,-1,-1,-1,-1,-1,-1,-1
2018440253879,1,9,0,18,0,8,0,0,0,0,1,1,6,1,67,10,1870,2,15,9,1,9
2018440253879,2,9,0,3,0,8,0,0,0,0,2,1,6,1,77,11,1596,1,5,8,1,8
2018440253946,1,9,0,18,0,0,0,0,0,0,1,1,1,2,67,10,2400,2,5,2,1,2
2018440253946,2,9,0,2,0,0,0,0,0,0,1,1,6,3,-1,-1,1242,1,9,-1,-1,-1
2018440253946,3,9,0,2,0,0,0,0,0,0,3,1,6,3,-1,-1,2199,2,10,-1,-1,-1
2018440254024,1,9,0,18,0,0,0,0,1,0,3,1,6,1,19,4,1596,1,12,1,1,1
2018440254024,2,9,0,18,0,0,0,0,7,0,1,1,6,2,49,8,1248,1,7,8,1,8
2018440254390,1,9,0,9,0,8,0,0,0,0,4,1,6,1,64,9,1124,1,16,4,1,4
2018440254390,2,1,0,18,0,8,0,0,0,0,1,1,6,1,24,5,-1,-1,-1,2,-1,2
2018440254440,1,3,0,17,0,0,1,0,1,1,1,1,6,1,25,5,125,1,11,6,3,6
2018440254505,1,9,0,18,0,8,0,0,0,0,4,1,6,2,23,5,1397,1,10,10,1,10
2018440254505,2,9,0,18,0,8,2,0,1,0,1,1,6,1,38,7,1997,2,3,8,3,8
2018440254620,1,5,0,16,0,0,0,0,0,0,0,1,6,1,26,6,599,1,18,2,-1,2
2018440254786,1,9,0,1,0,0,0,0,0,0,2,1,6,1,71,10,-1,-1,-1,10,3,10
2018440254786,2,1,0,3,0,0,0,0,0,0,1,1,6,1,49,8,-1,-1,-1,10,1,10
2018440254857,1,9,0,9,0,8,0,0,0,0,1,1,6,1,75,10,3199,1,19,7,1,7
2018440254857,2,5,0,13,0,8,0,0,0,0,1,1,6,1,56,9,984,1,16,8,2,8
2018440254873,1,1,0,18,0,0,1,0,0,0,1,1,6,1,53,8,-1,-1,-1,10,-1,10
2018440254884,1,3,0,18,0,0,1,0,0,0,1,1,6,1,90,11,125,1,4,7,3,7
2018440254888,1,9,0,4,0,0,0,0,0,0,1,1,6,2,23,5,1242,1,6,-1,-1,-1
2018440254888,2,9,0,4,0,0,0,0,0,0,2,1,6,1,53,8,1197,1,3,9,1,9
2018440254888,3,9,0,4,0,0,0,0,0,0,2,1,6,2,21,5,1598,1,13,5,1,5
2018440254978,1,3,0,18,0,0,0,0,0,0,1,1,6,1,32,6,125,1,3,6,1,6
2018440254978,2,9,0,4,0,0,0,0,0,0,2,1,6,1,65,9,998,1,2,9,3,9
2018440255058,1,9,0,9,0,0,0,0,0,0,1,1,6,2,73,10,1360,1,14,2,2,2
2018440255058,2,9,0,18,0,0,0,0,7,0,1,1,6,2,75,10,1461,2,1,-1,-1,-1
2018440255058,3,9,0,18,0,0,0,0,0,0,1,1,6,1,50,8,-1,-1,-1,5,3,5
2018440255160,1,9,0,18,0,2,0,0,0,0,3,1,6,3,-1,-1,-1,-1,-1,-1,-1,-1
2018440255410,1,11,0,18,0,0,0,0,0,0,1,1,1,1,31,6,6653,2,12,8,1,8
2018440255528,1,1,0,15,0,8,0,0,0,0,1,1,2,2,45,7,-1,-1,-1,9,1,9
2018440255528,2,9,0,7,0,8,0,0,0,0,4,1,6,3,-1,-1,1499,1,14,-1,-1,-1
2018440255563,1,3,0,17,0,0,0,0,1,4,1,1,6,1,26,6,123,1,-1,4,1,4
2018440255649,1,9,0,18,0,0,0,0,1,0,1,1,6,1,22,5,1997,2,13,-1,-1,-1
2018440255649,2,9,0,18,0,0,0,0,1,0,1,1,6,2,52,8,1968,2,11,2,1,2
2018440255704,1,9,0,9,0,8,0,0,0,0,4,1,6,3,-1,-1,-1,-1,-1,-1,-1,-1
2018440255801,1,9,0,18,0,0,0,0,0,0,0,1,6,3,-1,-1,1596,1,7,-1,-1,-1
2018440255801,2,9,0,15,0,0,1,0,1,6,3,1,2,1,62,9,1596,1,11,8,1,8
2018440255964,1,9,0,17,0,0,0,0,1,4,1,1,6,2,34,6,1956,2,7,6,3,6
2018440256007,1,9,0,18,0,0,0,0,0,0,4,1,6,3,-1,-1,-1,-1,-1,-1,-1,-1
2018440256224,1,19,0,18,0,8,0,0,0,0,1,1,1,1,28,6,1248,2,6,10,1,10
2018440256224,2,1,0,18,0,8,0,0,0,0,3,1,6,1,43,7,-1,-1,-1,10,1,10
2018440256244,1,9,0,9,0,8,0,0,0,0,3,1,6,1,87,11,-1,-1,-1,5,1,5
2018440256244,2,5,0,18,0,8,0,0,0,0,1,1,6,1,55,8,1285,1,3,10,3,10
2018440256364,1,5,0,18,0,0,0,0,0,0,1,1,6,1,35,6,675,1,7,4,1,4
2018440256364,2,9,0,18,0,0,0,0,0,0,2,1,6,3,-1,-1,-1,-1,-1,-1,-1,-1
2018440256546,1,5,0,18,0,2,0,0,0,0,2,1,6,2,35,6,645,1,5,9,2,9
2018440256619,1,1,0,18,0,0,0,0,0,0,0,1,6,1,52,8,-1,-1,-1,8,1,8
2018440256812,1,9,0,12,0,0,0,0,2,7,1,1,6,1,24,5,998,1,4,4,1,4
2018440256812,2,9,0,18,0,0,0,0,1,4,2,1,6,2,58,9,1598,1,8,6,1,6
2018440256879,1,9,0,2,0,0,0,0,0,0,3,1,1,1,33,6,2143,2,8,2,1,2
2018440256879,2,1,0,18,0,0,0,0,0,0,4,1,6,1,69,10,-1,-1,-1,7,1,7
2018440257139,1,9,0,17,0,2,2,0,3,1,3,1,6,2,29,6,998,1,7,6,3,6
2018440257243,1,1,0,18,0,8,0,0,0,0,2,1,2,2,26,6,-1,-1,-1,4,1,4
2018440257243,2,9,0,7,0,8,0,0,0,0,1,1,6,2,43,7,1248,2,11,6,1,6
2018440257565,1,9,0,7,0,8,0,0,0,0,4,1,6,3,-1,-1,-1,-1,-1,-1,-1,-1
2018440257848,1,9,0,18,0,1,0,0,0,0,0,1,6,1,-1,-1,1598,2,2,4,1,4
2018440257848,2,9,0,18,0,8,0,0,0,0,0,1,6,3,-1,-1,-1,-1,-1,-1,-1,-1
2018440258083,1,9,0,3,0,1,0,0,0,0,2,1,2,2,29,6,1560,2,3,8,1,8
2018440258083,2,9,0,4,0,1,0,0,0,0,1,1,2,3,-1,-1,1499,2,3,-1,-1,-1
2018440258221,1,9,0,18,0,0,5,0,1,0,0,1,6,1,49,8,-1,-1,-1,7,1,7
2018440258491,1,5,0,18,0,8,0,0,0,0,4,1,6,1,31,6,689,1,1,4,1,4
2018440258491,2,9,0,9,0,8,0,0,0,0,3,1,6,1,90,11,1198,1,13,7,1,7
2018440258631,1,3,0,18,0,0,0,0,0,0,0,1,6,1,19,4,125,1,12,8,3,8
2018440258631,2,9,0,5,0,0,0,0,0,0,0,1,6,1,21,5,1598,1,17,7,1,7
2018440258674,1,2,0,16,0,2,0,0,0,0,0,1,6,1,17,4,49,1,1,3,1,3
2018440258674,2,9,0,16,0,2,0,0,0,0,0,1,6,3,-1,-1,-1,-1,-1,-1,-1,-1
2018440258913,1,1,0,18,0,8,0,0,0,0,1,1,4,1,14,3,-1,-1,-1,5,-1,5
2018440258913,2,9,0,7,0,8,0,0,0,0,1,1,6,1,85,11,1229,1,5,6,1,6
2018440259008,1,9,0,18,0,8,0,0,0,0,1,1,6,2,29,6,1390,1,13,1,1,1
2018440259008,2,9,0,9,0,8,0,0,0,0,4,1,6,3,-1,-1,1390,1,13,-1,-1,-1
2018440259098,1,9,0,18,0,8,0,0,0,0,4,1,6,2,24,5,1796,1,16,8,3,8
2018440259098,2,19,0,5,0,8,0,0,0,0,1,1,6,1,63,9,-1,-1,-1,10,3,10
2018440259229,1,98,0,2,0,0,0,0,0,0,2,1,1,1,42,7,-1,-1,-1,-1,-1,-1
2018440259229,2,1,0,18,0,0,0,0,0,0,1,1,6,1,24,5,-1,-1,-1,-1,-1,-1
2018440259252,1,22,0,9,0,8,5,0,0,0,4,1,6,1,69,10,-1,-1,-1,4,1,4
2018440259252,2,19,0,18,0,8,0,0,0,0,1,1,6,1,51,8,1499,2,3,3,1,3
2018440259255,1,1,0,18,0,0,0,0,0,0,0,1,6,1,59,9,-1,-1,-1,8,1,8
2018440259299,1,9,0,6,0,8,0,0,0,0,3,1,6,1,32,6,1910,2,12,3,1,3
2018440259299,2,5,0,13,0,8,0,0,0,0,1,1,6,1,24,5,645,1,16,9,1,9
2018440259323,1,19,0,18,0,8,0,0,0,0,3,1,6,1,43,7,1560,2,3,3,1,3
2018440259323,2,3,0,9,0,8,0,0,0,0,1,1,6,3,-1,-1,124,1,2,-1,-1,-1
2018440259638,1,9,0,18,0,1,0,0,0,0,4,1,6,2,26,6,1598,1,14,4,1,4
2018440259638,2,1,0,18,0,1,0,0,0,0,1,1,6,1,12,3,-1,-1,-1,2,1,2
2018440259723,1,9,0,18,0,8,0,0,0,0,1,1,6,2,48,8,898,1,3,7,3,7
2018440259723,2,19,0,10,0,8,0,0,0,0,2,1,6,1,45,7,1499,2,1,4,1,4
2018440259812,1,9,0,18,0,1,0,0,0,0,1,1,6,1,29,6,2480,1,3,10,1,10
2018440259812,2,9,0,3,0,1,0,0,0,0,2,1,6,2,32,6,1596,1,10,8,1,8
2018440259812,3,9,0,10,0,1,0,0,0,0,2,1,6,2,28,6,1229,1,5,9,2,9
2018440259825,1,9,0,5,0,8,0,0,0,0,1,1,6,2,49,8,2800,2,25,6,1,6
2018440259825,2,1,0,17,0,8,0,0,0,0,4,1,6,1,53,8,-1,-1,-1,8,1,8
2018440259853,1,1,0,4,0,2,0,0,0,0,1,1,6,2,10,2,-1,-1,-1,10,1,10
2018440260048,1,9,0,6,0,0,0,0,0,0,2,1,6,2,29,6,999,1,-1,9,3,9
2018440260048,2,3,0,16,0,0,0,0,0,0,1,1,6,1,21,5,124,1,6,-1,-1,-1