Accident_Index,Vehicle_Reference,Vehicle_Type,Towing_and_Articulation,Vehicle_Manoeuvre,Vehicle_Location-Restricted_Lane,Junction_Location,Skidding_and_Overturning,Hit_Object_in_Carriageway,Vehicle_Leaving_Carriageway,Hit_Object_off_Carriageway,1st_Point_of_Impact,Was_Vehicle_Left_Hand_Drive?,Journey_Purpose_of_Driver,Sex_of_Driver,Age_of_Driver,Age_Band_of_Driver,Engine_Capacity_(CC),Propulsion_Code,Age_of_Vehicle,Driver_IMD_Decile,Driver_Home_Area_Type,Vehicle_IMD_Decile
2018440277114,1,9,0,9,0,8,0,0,0,0,1,1,6,1,45,7,-1,-1,-1,10,3,10
2018440277114,2,9,0,18,0,8,0,0,0,0,1,1,6,2,19,4,1198,1,15,10,2,10
2018440277554,1,9,0,18,0,0,1,0,7,4,3,1,1,1,53,8,1998,8,-1,5,3,5
2018440277807,1,9,0,18,0,0,0,0,0,0,0,1,6,1,28,6,1910,2,10,9,1,9
2018440277807,2,9,0,18,0,0,0,0,0,0,2,1,6,1,31,6,1995,2,3,6,1,6
2018440277807,3,9,0,18,0,0,0,0,0,0,1,1,6,1,47,8,1560,2,12,10,1,10
2018440277807,4,9,0,18,0,0,0,0,0,0,1,1,6,1,58,9,2993,2,14,2,1,2
2018440277807,5,9,0,18,0,0,0,0,0,0,2,1,6,1,47,8,1598,2,2,5,1,5
2018440277807,6,9,0,18,0,0,0,0,0,0,2,1,6,1,48,8,2143,2,4,9,1,9
2018440277807,7,9,0,18,0,0,0,0,0,0,2,1,6,2,32,6,1896,2,9,3,1,3
2018440277807,8,9,0,18,0,0,1,0,0,0,1,1,6,2,31,6,1499,2,2,3,1,3
2018440277807,9,9,0,18,0,0,0,0,0,0,2,1,6,2,39,7,1595,1,8,9,1,9
2018440277807,10,9,0,18,0,0,1,0,0,0,1,1,6,2,30,6,1149,1,8,10,1,10
2018440277890,1,9,0,9,0,8,0,0,0,0,4,1,6,2,20,4,998,1,12,6,2,6
2018440277890,2,1,0,18,0,8,0,0,0,0,1,1,6,1,26,6,-1,-1,-1,6,1,6
2018440278027,1,19,0,18,0,0,0,0,0,0,4,1,6,3,-1,-1,1995,2,8,-1,-1,-1
2018440278027,2,1,0,3,0,0,0,0,0,0,1,1,6,1,51,8,-1,-1,-1,8,3,8
2018440278383,1,9,0,18,0,8,0,0,0,0,1,1,6,2,31,6,1497,8,10,5,1,5
2018440278383,2,5,0,18,0,8,0,10,1,0,3,1,6,1,32,6,1202,1,3,6,1,6
2018440278575,1,9,0,18,0,1,0,0,0,0,1,1,6,1,36,7,1994,2,14,1,1,1
2018440278575,2,9,0,4,0,1,0,0,0,0,2,1,6,2,36,7,1596,1,9,6,1,6
2018440278666,1,9,0,18,0,8,0,0,0,0,0,1,6,1,67,10,2231,2,12,2,1,2
2018440278666,2,5,0,18,0,8,0,0,0,0,0,1,6,1,34,6,649,1,6,6,1,6
2018440278667,1,9,0,5,0,2,0,0,0,0,1,1,2,2,26,6,1498,1,13,9,1,9
2018440278667,2,1,0,18,0,2,0,0,0,0,4,1,2,1,30,6,-1,-1,-1,9,1,9
2018440278670,1,9,0,17,0,8,0,0,0,0,3,1,6,1,29,6,1598,1,15,2,1,2
2018440278670,2,9,0,16,0,8,0,0,0,0,1,1,6,3,-1,-1,-1,-1,-1,-1,-1,-1
2018440278739,1,9,0,4,0,0,0,0,0,0,2,1,6,2,59,9,1598,1,11,4,1,4
2018440278739,2,9,0,4,0,0,0,0,0,0,1,1,6,1,16,4,-1,-1,-1,6,2,6
2018440278896,1,1,0,18,0,8,0,0,0,0,2,1,6,1,38,7,-1,-1,-1,1,1,1
2018440278896,2,9,0,7,0,8,0,0,0,0,1,1,6,1,46,8,-1,-1,-1,6,1,6
2018440279424,1,1,0,18,0,2,0,0,0,0,1,1,6,1,11,3,-1,-1,-1,3,1,3
2018440279424,2,9,0,7,0,2,0,0,0,0,4,1,6,3,-1,-1,-1,-1,-1,-1,-1,-1
2018440279581,1,9,0,18,0,0,0,0,0,0,0,1,6,1,46,8,1390,1,16,5,1,5
2018440279713,1,9,0,3,0,1,0,0,0,0,2,1,1,2,20,4,1200,1,2,8,1,8
2018440279713,2,9,0,4,0,1,0,0,0,0,1,1,6,1,-1,-1,1360,1,14,-1,-1,-1
2018440279721,1,21,0,5,0,8,0,0,0,0,2,1,6,1,62,9,6692,2,6,-1,-1,-1
2018440279721,2,1,0,18,0,8,0,0,0,0,4,1,6,1,75,10,-1,-1,-1,6,1,6
2018440279914,1,9,0,4,0,0,1,0,0,0,0,1,6,1,57,9,-1,-1,-1,2,1,2
2018440279914,2,9,0,4,0,0,0,0,0,0,0,1,6,3,-1,-1,1461,2,2,-1,-1,-1
2018440279966,1,9,0,17,0,8,0,0,0,0,4,1,6,2,23,5,1995,2,3,6,1,6
2018440279966,2,9,0,9,0,8,0,0,0,0,3,1,6,1,49,8,1968,2,8,10,1,10
2018440279983,1,9,0,18,0,8,0,0,0,0,3,1,6,2,32,6,3246,1,16,7,1,7
2018440279983,2,1,0,17,0,8,0,0,0,0,4,1,6,1,18,4,-1,-1,-1,10,1,10
2018440280049,1,9,0,9,0,8,0,0,0,0,3,1,6,1,26,6,1598,1,17,9,1,9
2018440280049,2,9,0,18,0,8,0,0,0,0,1,1,6,1,28,6,1995,2,11,2,1,2
2018440280110,1,1,0,18,0,8,0,0,0,0,4,1,6,1,18,4,-1,-1,-1,8,1,8
2018440280110,2,9,0,7,0,8,0,0,0,0,1,1,6,3,-1,-1,-1,-1,-1,-1,-1,-1
2018440280141,1,9,0,18,0,0,0,0,0,0,1,1,2,1,45,7,2290,1,16,6,1,6
2018440280141,2,9,0,4,0,0,0,0,0,0,2,1,6,2,27,6,1398,1,5,4,1,4
2018440280141,3,9,0,4,0,0,0,0,0,0,2,1,3,2,34,6,1995,2,7,-1,-1,-1
2018440280141,4,9,0,4,0,0,0,0,0,0,2,1,6,2,23,5,1242,1,11,10,1,10
2018440280141,5,9,0,4,0,0,0,0,0,0,2,1,1,1,51,8,1995,2,7,9,2,9
2018440280308,1,9,0,18,0,8,0,0,0,0,1,1,6,3,-1,-1,1598,1,8,-1,-1,-1
2018440280308,2,1,0,18,0,8,0,0,0,0,3,1,6,1,46,8,-1,-1,-1,4,1,4
2018440280333,1,8,0,2,0,0,0,0,0,0,2,1,1,1,56,9,-1,-1,-1,6,1,6
2018440280333,2,9,0,18,0,0,0,0,0,0,1,1,6,1,83,11,1229,1,13,6,1,6
2018440280373,1,9,0,18,0,0,0,0,4,6,1,1,6,2,75,10,1497,8,-1,6,1,6
2018440280377,1,9,0,17,0,0,2,0,7,4,1,1,6,1,25,5,1229,1,6,9,1,9
2018440280668,1,19,0,5,0,1,0,0,0,0,4,1,1,1,58,9,-1,-1,-1,8,2,8
2018440280668,2,1,0,18,9,1,0,0,0,0,1,1,6,1,22,5,-1,-1,-1,5,1,5
2018440280765,1,1,0,3,0,1,0,0,0,0,2,1,2,1,45,7,-1,-1,-1,7,1,7
2018440280765,2,11,0,5,0,1,0,0,0,0,1,1,1,1,64,9,2402,2,11,-1,-1,-1
2018440280765,3,19,0,5,0,1,0,0,0,0,1,1,1,1,53,8,1995,2,-1,1,1,1
2018440280938,1,3,0,13,0,0,0,0,0,0,4,1,2,1,33,6,124,1,10,5,1,5
2018440280938,2,9,0,6,0,0,0,0,0,0,3,1,6,1,-1,-1,1198,1,7,10,3,10
2018440280959,1,5,0,16,0,0,0,0,0,0,1,1,6,1,64,9,1170,1,3,5,1,5
2018440280959,2,9,0,17,0,0,0,0,0,0,3,1,6,2,46,8,1399,1,11,5,1,5
2018440280960,1,11,0,18,0,0,0,0,0,0,0,1,1,1,65,9,6696,2,5,2,1,2
2018440281206,1,9,0,18,0,2,0,0,0,0,1,1,6,1,17,4,1905,2,22,10,1,10
2018440281206,2,1,0,18,0,1,0,0,0,0,1,1,6,1,8,2,-1,-1,-1,6,1,6
2018440281211,1,9,0,18,0,1,0,0,0,0,1,1,6,2,40,7,-1,-1,-1,9,3,9
2018440281211,2,9,0,10,0,1,0,0,0,0,2,1,6,2,52,8,2400,2,10,10,3,10
2018440281219,1,9,0,18,0,0,0,0,0,0,1,1,6,2,65,9,1587,1,14,5,1,5
2018440281346,1,9,0,18,0,1,0,0,0,0,1,1,6,1,55,8,-1,-1,-1,8,1,8
2018440281465,1,9,0,5,0,8,0,0,0,0,3,1,6,2,77,11,1596,1,14,-1,-1,-1
2018440281465,2,9,0,18,0,8,0,0,0,0,1,1,6,2,58,9,2993,2,7,7,3,7
2018440281484,1,9,0,9,0,8,0,0,0,0,0,1,6,2,64,9,1796,1,15,1,1,1
2018440281758,1,1,0,18,0,1,0,0,1,1,1,1,6,1,39,7,-1,-1,-1,2,1,2
2018440281991,1,5,0,16,0,0,0,0,1,10,1,1,6,1,51,8,998,1,13,2,1,2
2018440281991,2,21,0,16,0,0,0,0,0,0,2,1,6,1,28,6,6370,2,12,10,-1,10
2018440282758,1,9,0,18,0,0,0,0,0,0,2,1,6,2,57,9,998,1,11,7,1,7
2018440282758,2,9,0,18,0,0,0,0,0,0,1,1,6,1,24,5,1997,2,5,5,1,5
2018440282758,3,19,0,13,0,0,0,0,0,0,0,1,6,3,-1,-1,-1,-1,-1,-1,-1,-1
2018440282835,1,9,0,18,0,2,0,0,0,0,1,1,6,1,58,9,1998,2,11,5,1,5
2018440282835,2,3,0,3,0,2,0,0,0,0,2,1,6,1,17,4,125,1,6,-1,-1,-1
2018440282836,1,3,0,9,0,8,0,0,7,0,3,1,6,2,16,4,-1,-1,-1,6,1,6
2018440282836,2,9,0,13,0,8,0,0,0,0,1,1,6,1,85,11,1242,1,11,9,1,9
2018440282898,1,5,0,17,0,8,1,0,2,2,4,1,6,1,50,8,999,1,31,4,1,4
2018440283090,1,11,0,16,0,0,0,0,7,4,1,1,1,1,45,7,8268,2,12,8,2,8
2018440283111,1,9,0,1,0,0,0,0,0,0,2,1,6,1,58,9,2435,1,16,4,1,4
2018440283181,1,9,0,12,0,0,0,0,0,0,1,1,2,2,39,7,1968,2,4,9,1,9
2018440283181,2,9,0,4,0,0,0,0,0,0,2,1,6,2,46,8,2354,1,15,4,1,4
2018440283182,1,19,0,9,0,8,0,0,1,4,4,1,6,1,26,6,2442,2,1,10,3,10
2018440283182,2,20,0,18,0,8,0,0,0,0,1,1,1,1,56,9,5900,2,11,10,2,10
2018440283196,1,9,0,3,0,1,0,0,0,0,2,1,2,2,24,5,1390,1,8,9,1,9
2018440283196,2,9,0,18,0,1,0,0,0,0,1,1,2,1,35,6,-1,-1,-1,3,1,3
2018440283278,1,1,0,17,0,8,0,0,0,0,1,1,2,1,30,6,-1,-1,-1,4,1,4
2018440283278,2,19,0,1,0,8,0,0,0,0,2,1,1,3,-1,-1,1870,2,15,-1,-1,-1
2018440283370,1,9,0,18,0,8,0,0,0,0,1,1,6,2,33,6,998,1,16,2,1,2
2018440283370,2,9,0,6,0,2,0,0,0,0,3,1,6,1,35,6,1392,1,19,2,1,2
2018440283457,1,9,0,5,0,8,0,0,0,0,1,1,6,1,25,5,998,1,-1,9,1,9
2018440283457,2,5,0,17,0,8,1,0,0,0,4,1,6,1,46,8,1352,1,7,1,1,1
2018440283465,1,9,0,18,0,1,0,0,0,0,1,1,2,1,19,4,-1,-1,-1,9,3,9
2018440283601,1,1,0,18,0,1,0,0,0,0,1,1,6,1,49,8,-1,-1,-1,9,1,9
2018440283601,2,9,0,2,0,2,0,0,0,0,4,1,6,3,-1,-1,1339,1,16,-1,-1,-1
2018440284104,1,9,0,4,0,0,0,0,0,0,1,1,6,2,37,7,1598,1,5,10,1,10
2018440284104,2,9,0,4,0,0,0,0,0,0,2,1,6,2,35,6,2460,2,11,8,1,8
2018440284199,1,8,0,9,0,8,0,0,0,0,1,1,1,1,-1,-1,1560,2,5,3,-1,3
2018440284204,1,9,0,18,0,1,0,0,0,0,1,1,6,1,-1,-1,-1,-1,-1,-1,-1,-1
2018440284204,2,1,0,18,0,2,0,0,0,0,1,1,6,1,11,3,-1,-1,-1,8,1,8
2018440284281,1,5,0,13,0,0,0,0,0,0,1,1,6,1,29,6,800,1,18,2,1,2
2018440284281,2,19,0,18,0,0,0,0,0,0,1,1,6,2,50,8,-1,-1,-1,7,1,7
2018440284482,1,19,0,18,0,8,0,0,0,0,1,1,1,1,57,9,1598,2,2,6,1,6
2018440284482,2,9,0,7,0,8,0,0,0,0,3,1,6,1,70,10,1596,1,13,3,1,3
2018440284505,1,9,0,4,0,1,0,0,0,0,1,1,2,1,35,6,1596,1,7,9,2,9
2018440284505,2,9,0,3,0,1,0,0,0,0,2,1,2,1,29,6,1499,2,4,4,1,4
2018440284659,1,9,0,7,0,8,1,0,2,4,1,1,1,2,59,9,-1,-1,-1,10,3,10
2018440284876,1,9,0,16,0,0,1,0,0,0,1,1,6,1,60,9,2199,2,5,8,3,8
2018440284876,2,1,0,17,0,0,0,0,0,0,1,1,6,1,32,6,-1,-1,-1,5,3,5
2018440284975,1,3,0,18,0,0,0,4,0,0,1,1,6,1,17,4,125,1,8,7,3,7
2018440284975,2,9,0,2,0,0,0,0,0,0,3,1,6,3,-1,-1,2435,1,19,-1,-1,-1
2018440285221,1,9,0,18,0,8,5,0,3,1,1,1,6,1,28,6,1998,1,10,10,1,10
2018440285346,1,19,0,1,0,1,0,0,0,0,2,1,1,1,47,8,2402,2,15,2,1,2
2018440285346,2,3,0,4,0,1,0,0,0,0,1,1,1,1,28,6,125,1,10,4,1,4
2018440285456,1,9,0,3,0,1,0,0,0,0,2,1,6,2,41,7,1950,2,-1,-1,-1,-1
2018440285456,2,9,0,18,0,1,0,0,0,0,1,1,6,3,-1,-1,-1,-1,-1,-1,-1,-1
2018440285503,1,1,0,9,0,8,0,0,0,0,0,1,6,3,-1,-1,-1,-1,-1,-1,-1,-1
2018440285503,2,9,0,18,0,8,0,7,0,0,0,1,6,1,40,7,1749,1,16,6,1,6
2018440285520,1,9,0,18,0,0,0,0,0,0,1,1,6,2,58,9,1598,1,4,9,1,9
2018440285520,2,9,0,2,0,0,0,0,0,0,4,1,6,3,-1,-1,-1,-1,-1,-1,-1,-1
2018440285520,3,1,0,18,0,0,0,0,0,0,3,1,6,1,22,5,-1,-1,-1,4,1,4
2018440285584,1,1,0,18,0,8,0,0,0,0,4,1,1,1,41,7,-1,-1,-1,5,1,5
2018440285584,2,9,0,7,0,8,0,0,0,0,1,1,6,3,-1,-1,1329,1,6,-1,-1,-1
2018440285601,1,9,0,18,0,0,0,0,0,0,1,1,6,2,33,6,2199,2,3,8,1,8
2018440285601,2,9,0,18,0,0,0,0,1,4,1,1,6,2,37,7,1999,1,9,10,1,10
2018440285613,1,9,0,9,0,8,0,0,0,0,1,1,6,2,67,10,1339,1,5,3,1,3
2018440285613,2,8,0,13,0,1,0,0,0,0,1,1,1,1,31,6,1582,2,3,1,1,1
2018440285651,1,9,0,18,0,0,0,0,0,0,1,1,6,2,29,6,2143,2,3,10,1,10
2018440285916,1,1,0,18,0,8,0,0,0,0,1,1,6,1,13,3,-1,-1,-1,10,1,10
2018440285916,2,9,0,5,0,8,0,0,0,0,1,1,1,1,46,8,-1,-1,-1,10,1,10
2018440285919,1,9,0,18,0,0,0,0,1,0,4,1,6,2,77,11,1242,1,3,3,1,3
2018440285919,2,9,0,2,0,0,0,0,0,0,3,1,6,3,-1,-1,999,1,3,-1,-1,-1
2018440286397,1,9,0,18,0,0,0,0,7,1,1,1,6,1,32,6,1686,2,6,5,2,5
2018440286397,2,9,0,2,0,0,0,0,0,0,2,1,6,3,-1,-1,1753,2,10,-1,-1,-1
2018440286397,3,9,0,2,0,0,0,0,0,0,2,1,6,3,-1,-1,1995,1,7,-1,-1,-1
2018440286605,1,9,0,18,0,0,1,0,0,0,4,1,6,1,33,6,2993,2,6,4,1,4
2018440286605,2,9,0,18,0,0,1,0,1,7,3,1,6,1,34,6,1685,2,2,10,1,10
2018440286624,1,9,0,16,0,0,1,0,1,4,1,1,6,1,26,6,1248,2,9,6,1,6
2018440286668,1,9,0,4,0,1,0,0,0,0,1,1,6,2,31,6,1598,1,4,6,1,6
2018440286668,2,9,0,3,0,1,0,0,0,0,2,1,6,1,21,5,998,1,8,10,1,10
2018440286767,1,9,0,9,0,8,1,0,1,11,1,1,6,2,24,5,1596,1,14,4,1,4
2018440286954,1,9,0,3,0,8,0,0,0,0,2,1,6,2,26,6,1197,1,1,3,1,3
2018440286954,2,9,0,4,0,8,0,0,0,0,1,1,1,1,-1,-1,1124,1,16,-1,-1,-1
2018440286985,1,9,0,17,0,8,1,10,1,2,1,1,6,2,29,6,1798,8,2,9,1,9
2018440286991,1,9,0,17,0,0,2,0,8,10,1,1,6,2,20,4,1299,1,15,5,2,5
2018440287010,1,9,0,16,0,8,1,0,1,7,1,1,6,2,25,5,1388,1,12,8,1,8
2018440287037,1,9,0,18,0,2,1,0,7,4,1,1,6,1,22,5,998,1,15,7,2,7
2018440287123,1,3,0,4,0,1,1,0,0,0,4,1,6,2,25,5,124,1,9,4,1,4
2018440287223,1,5,0,13,0,0,1,0,0,10,1,1,6,1,35,6,599,1,16,10,1,10
2018440287504,1,9,0,18,0,0,0,0,0,0,1,1,2,2,20,4,1242,1,11,7,1,7
2018440287504,2,9,0,4,0,0,0,0,0,0,2,1,2,1,39,7,1997,1,11,9,2,9
2018440287550,1,9,0,16,0,1,0,0,0,0,1,1,6,2,62,9,1896,2,14,4,3,4
2018440287550,2,9,0,17,0,2,0,0,0,0,3,1,6,2,47,8,1975,1,12,-1,-1,-1
2018440287550,3,9,0,17,0,2,0,0,0,0,1,1,6,2,36,7,1598,1,13,4,1,4
2018440287554,1,9,0,4,0,2,0,0,0,0,2,1,6,3,-1,-1,-1,-1,-1,-1,-1,-1
2018440287554,2,9,0,4,0,8,0,0,0,0,2,1,6,2,49,8,1968,2,7,2,1,2
2018440287554,3,9,0,4,0,8,0,0,0,0,1,1,6,1,46,8,2402,2,9,6,1,6
2018440287571,1,9,0,16,0,0,1,0,4,7,3,1,1,2,30,6,1587,1,14,1,1,1
2018440287939,1,9,0,18,0,0,0,0,0,0,1,1,6,2,22,5,1242,1,8,-1,-1,-1
2018440287939,2,98,0,4,0,0,0,0,0,0,2,1,6,3,-1,-1,-1,-1,-1,-1,-1,-1
2018440287941,1,9,0,18,0,1,0,0,0,0,1,1,6,2,45,7,898,1,3,5,1,5
2018440287941,2,9,0,3,0,1,0,0,0,0,2,1,6,2,57,9,2926,2,14,1,1,1
2018440288003,1,1,0,18,0,0,0,0,0,0,1,1,6,1,35,6,-1,-1,-1,3,1,3
2018440288182,1,9,0,18,0,8,0,0,0,0,4,1,6,1,58,9,1560,2,7,3,1,3
2018440288182,2,1,0,18,0,8,0,0,0,0,1,1,6,1,23,5,-1,-1,-1,-1,-1,-1
2018440288190,1,9,0,18,0,8,5,0,6,9,1,1,2,1,35,6,1798,1,17,3,1,3
2018440288240,1,11,0,18,0,8,0,0,0,0,0,1,1,1,36,7,6696,2,5,-1,-1,-1
2018440288240,2,98,0,7,0,8,0,0,0,0,0,1,6,3,-1,-1,-1,-1,-1,-1,-1,-1
2018440288244,1,19,0,2,0,0,0,0,0,0,2,1,6,3,-1,-1,-1,-1,-1,-1,-1,-1
2018440288244,2,9,0,18,0,0,0,0,4,0,1,1,6,1,43,7,1956,2,6,5,-1,5
2018440288506,1,9,0,13,0,0,1,0,0,0,1,1,6,1,23,5,1999,1,13,5,1,5
2018440288506,2,9,0,18,0,0,2,0,7,0,2,1,6,2,60,9,1198,1,1,10,1,10
2018440288506,3,9,0,18,0,0,0,0,0,0,3,1,6,1,43,7,1950,2,1,6,1,6
2018440288715,1,5,0,9,0,8,0,0,0,0,4,1,2,2,37,7,1690,1,4,10,1,10
2018440288715,2,9,0,18,0,8,0,0,0,0,1,1,2,2,69,10,1197,1,7,10,1,10
2018440288820,1,9,0,18,0,0,0,0,0,0,2,1,6,3,-1,-1,2979,1,13,-1,-1,-1
2018440288820,2,9,0,18,0,0,0,0,0,0,1,1,1,3,-1,-1,2987,2,8,-1,-1,-1
2018440288833,1,9,0,16,0,1,0,0,0,0,1,1,2,2,22,5,1242,1,7,8,2,8
2018440288833,2,19,0,16,0,1,0,0,0,0,2,1,1,1,34,6,2198,2,8,8,1,8
2018440288833,3,9,0,16,0,1,0,0,0,0,2,1,2,2,50,8,998,1,1,8,2,8
2018440288859,1,19,0,5,0,8,0,0,0,0,1,1,6,1,59,9,1968,2,2,-1,-1,-1
2018440288859,2,1,0,18,0,8,0,0,0,0,3,1,6,1,86,11,-1,-1,-1,9,3,9
2018440288952,1,9,0,1,0,0,0,0,0,0,2,1,6,2,27,6,1560,2,5,7,1,7
2018440289049,1,1,0,18,0,8,0,0,0,0,4,1,2,1,63,9,-1,-1,-1,3,1,3
2018440289049,2,19,0,7,0,8,0,0,0,0,1,1,2,3,-1,-1,2198,2,8,-1,-1,-1
2018440289122,1,9,0,18,0,8,0,2,0,0,1,1,6,1,66,10,3950,6,18,2,1,2
2018440289257,1,9,0,18,0,0,0,0,0,0,1,1,6,1,38,7,1796,1,12,4,1,4
2018440289257,2,9,0,18,0,0,0,0,0,0,1,1,6,1,85,11,1560,2,8,9,1,9
2018440289308,1,9,0,18,0,8,0,0,0,0,1,1,6,2,71,10,1986,2,12,3,1,3
2018440289308,2,9,0,18,0,8,0,0,0,0,3,1,6,1,40,7,1896,2,16,10,1,10
2018440289355,1,9,0,18,0,0,0,0,0,0,1,1,6,1,34,6,1968,2,1,4,-1,4
2018440289355,2,9,0,18,0,0,0,0,0,0,2,1,6,2,44,7,1248,1,1,6,3,6
2018440289586,1,9,0,9,0,8,0,0,0,0,1,1,6,1,49,8,-1,-1,-1,4,1,4
2018440289586,2,9,0,18,0,8,1,0,0,0,3,1,6,1,46,8,-1,-1,-1,7,1,7
2018440289746,1,9,0,9,0,8,0,0,0,0,1,1,6,1,36,7,1956,2,4,4,1,4
2018440289746,2,9,0,18,0,8,0,0,0,0,3,1,6,1,40,7,1598,1,18,4,1,4
2018440290365,1,9,0,17,0,0,0,0,4,0,4,1,2,2,58,9,875,1,5,10,1,10
2018440290365,2,9,0,17,0,0,0,0,0,0,3,1,6,3,-1,-1,-1,-1,-1,-1,-1,-1
2018440290489,1,9,0,16,0,8,5,0,7,1,1,1,6,1,19,4,998,1,1,6,1,6
2018440290494,1,9,0,16,0,0,0,0,8,4,1,1,6,1,32,6,1399,2,9,2,1,2
2018440290736,1,9,0,4,0,0,0,0,0,0,1,1,6,2,44,7,1997,1,13,4,1,4
2018440290736,2,9,0,4,0,0,0,0,0,0,2,1,6,2,69,10,1197,1,7,8,1,8
2018440290736,3,9,0,4,0,0,0,0,0,0,2,1,6,1,45,7,1390,1,18,7,1,7
2018440290736,4,9,0,4,0,0,0,0,0,0,2,1,6,2,55,8,1398,1,4,10,1,10
2018440291013,1,1,0,18,0,0,0,0,0,0,0,1,6,1,54,8,-1,-1,-1,7,2,7
2018440291013,2,11,0,13,0,0,0,0,0,0,0,1,1,3,-1,-1,-1,-1,-1,-1,-1,-1
2018440291081,1,5,0,18,0,0,0,0,0,0,1,1,6,1,70,10,645,1,3,9,3,9
2018440291081,2,9,0,4,0,0,0,0,0,0,2,1,6,1,57,9,1368,1,1,7,1,7
2018440291183,1,5,0,13,0,8,0,0,0,0,3,1,6,1,55,8,487,1,14,1,1,1
2018440291183,2,9,0,9,0,8,0,0,0,0,0,1,6,3,-1,-1,-1,-1,-1,-1,-1,-1
2018440291263,1,3,0,7,0,8,0,0,0,0,4,1,1,1,29,6,-1,-1,-1,2,1,2
2018440291302,1,9,0,12,0,0,0,0,0,0,3,1,6,2,51,8,1198,1,12,10,1,10
2018440291302,2,3,0,13,0,0,0,0,0,0,1,1,6,1,64,9,125,1,56,9,1,9
2018440291515,1,1,0,18,0,0,0,0,0,0,0,1,6,1,35,6,-1,-1,-1,3,1,3
2018440291813,1,1,0,18,0,0,0,0,0,0,1,1,6,1,46,8,-1,-1,-1,7,1,7
2018440291813,2,9,0,18,0,0,0,0,0,0,1,1,6,1,71,10,1587,1,16,7,1,7
2018440291823,1,9,0,10,0,1,0,0,0,0,2,1,6,1,17,4,1388,1,10,9,3,9
2018440291823,2,9,0,10,0,1,0,0,0,0,1,1,6,3,-1,-1,1198,1,13,-1,-1,-1
2018440291858,1,1,0,18,0,8,0,0,0,0,3,1,2,2,30,6,-1,-1,-1,8,1,8
2018440291858,2,9,0,18,0,8,0,0,0,0,4,1,6,3,-1,-1,-1,-1,-1,-1,-1,-1
2018440292021,1,9,0,4,0,0,0,0,0,0,2,1,6,1,40,7,1796,1,11,8,1,8
2018440292021,2,9,0,4,0,0,0,0,0,0,2,1,6,1,52,8,1969,1,-1,6,1,6
2018440292021,3,9,0,18,0,0,0,0,0,0,1,1,1,1,-1,-1,2967,2,3,6,3,6
2018440292021,4,9,0,18,0,0,0,0,0,0,1,1,6,1,37,7,998,1,4,3,1,3
2018440292239,1,11,0,16,0,8,0,0,0,0,3,1,1,1,39,7,6700,2,6,2,1,2
2018440292239,2,17,4,17,0,8,0,0,0,0,3,1,1,3,-1,-1,-1,-1,-1,-1,-1,-1
2018440292274,1,9,0,16,0,8,0,0,0,0,1,1,6,2,25,5,1248,1,5,7,1,7
2018440292274,2,9,0,17,0,8,0,0,0,0,2,1,6,2,36,7,1229,1,10,8,1,8
2018440292541,1,3,0,18,0,0,1,0,0,0,0,1,6,1,51,8,125,1,2,9,1,9
2018440292714,1,9,0,9,0,8,1,0,1,0,3,1,6,1,31,6,2494,1,15,5,1,5
2018440292714,2,9,0,18,0,8,0,0,0,0,1,1,6,1,42,7,1560,2,3,7,1,7
2018440292715,1,5,0,4,0,0,0,0,0,0,1,1,6,1,32,6,883,1,-1,5,1,5
2018440292715,2,9,0,4,0,0,0,0,0,0,2,1,6,3,-1,-1,-1,-1,-1,-1,-1,-1
2018440292735,1,9,0,18,0,0,0,0,0,0,1,1,6,1,75,10,1995,2,7,7,3,7
2018440292960,1,9,0,18,0,0,1,0,0,0,1,1,6,2,27,6,1422,2,14,8,1,8
2018440293003,1,9,0,4,0,1,0,0,0,0,2,1,2,2,50,8,1108,1,13,6,1,6
2018440293003,2,8,0,4,0,1,0,0,0,0,1,1,1,3,-1,-1,-1,-1,-1,-1,-1,-1
2018440293003,3,9,0,3,0,1,0,0,0,0,2,1,6,3,-1,-1,1596,1,5,-1,-1,-1
2018440293243,1,9,0,18,0,0,0,0,0,0,1,1,6,1,83,11,1598,1,5,4,2,4
2018440293243,2,19,0,4,0,0,0,0,0,0,2,1,6,1,54,8,2446,2,20,8,2,8
2018440293289,1,1,0,18,0,8,0,0,0,0,1,1,6,1,55,8,-1,-1,-1,10,1,10
2018440293289,2,9,0,9,0,8,0,0,0,0,3,1,6,1,60,9,-1,-1,-1,8,2,8
2018440293443,1,9,0,7,0,8,0,0,0,0,1,1,6,1,79,11,2720,2,11,10,1,10
2018440293443,2,1,0,17,0,8,0,0,0,0,3,1,6,1,67,10,-1,-1,-1,10,3,10
2018440293453,1,22,0,18,0,8,0,0,0,0,3,1,6,2,73,10,-1,-1,-1,8,2,8
2018440293453,2,9,0,18,0,8,0,0,0,0,1,1,6,3,-1,-1,1997,2,4,-1,-1,-1
2018440293475,1,9,0,3,0,0,0,0,0,0,2,1,6,2,47,8,998,1,3,8,1,8
2018440293475,2,9,0,4,0,0,0,0,0,0,1,1,6,2,47,8,1242,1,6,5,1,5
2018440293475,3,9,0,4,0,0,0,0,0,0,1,1,6,1,31,6,1896,2,15,1,1,1
2018440293562,1,9,0,18,0,0,0,0,0,0,1,1,6,2,37,7,1999,2,-1,9,3,9