Accident_Index,Vehicle_Reference,Vehicle_Type,Towing_and_Articulation,Vehicle_Manoeuvre,Vehicle_Location-Restricted_Lane,Junction_Location,Skidding_and_Overturning,Hit_Object_in_Carriageway,Vehicle_Leaving_Carriageway,Hit_Object_off_Carriageway,1st_Point_of_Impact,Was_Vehicle_Left_Hand_Drive?,Journey_Purpose_of_Driver,Sex_of_Driver,Age_of_Driver,Age_Band_of_Driver,Engine_Capacity_(CC),Propulsion_Code,Age_of_Vehicle,Driver_IMD_Decile,Driver_Home_Area_Type,Vehicle_IMD_Decile
2018440293562,2,9,0,18,0,0,0,0,0,0,2,1,6,1,27,6,1896,2,15,10,1,10
2018440293562,3,9,0,18,0,0,0,0,0,0,2,1,6,1,26,6,1995,2,2,8,1,8
2018440293566,1,9,0,18,0,1,1,0,2,6,1,1,6,2,19,4,998,1,6,6,1,6
2018440293566,2,90,0,11,0,1,0,0,0,0,0,1,6,3,-1,-1,-1,-1,-1,-1,-1,-1
2018440293664,1,3,0,16,0,0,1,0,7,10,1,1,6,1,25,5,124,1,1,8,1,8
2018440293815,1,9,0,4,0,2,0,0,0,0,2,1,6,2,33,6,1995,2,4,6,1,6
2018440293815,2,9,0,18,0,2,0,0,0,0,1,1,6,1,25,5,1229,1,7,2,1,2
2018440293885,1,5,0,17,0,8,0,0,0,0,0,1,6,1,54,8,-1,-1,-1,10,1,10
2018440293885,2,9,0,9,0,8,0,0,0,0,0,1,6,2,48,8,2000,2,7,7,1,7
2018440293886,1,9,0,13,0,0,0,0,0,0,4,1,6,2,80,11,1339,1,7,10,1,10
2018440293886,2,9,0,14,0,0,0,0,0,0,3,1,6,1,31,6,1995,2,6,8,3,8
2018440294130,1,9,0,9,0,8,5,0,0,0,4,1,6,1,18,4,1198,1,-1,2,1,2
2018440294130,2,9,0,18,0,8,1,0,0,0,1,1,6,2,74,10,1296,1,11,10,1,10
2018440294267,1,9,0,9,0,8,0,0,0,0,4,1,6,1,35,6,1686,2,7,4,1,4
2018440294267,2,3,0,18,0,8,0,0,0,0,1,1,6,1,17,4,125,1,3,4,1,4
2018440294338,1,9,0,9,0,8,5,0,0,0,4,1,6,1,28,6,1368,1,8,5,1,5
2018440294338,2,9,0,18,0,8,0,0,0,0,1,1,6,1,34,6,2969,2,11,2,1,2
2018440294478,1,9,0,9,0,8,0,0,0,0,0,1,6,1,-1,-1,2204,2,11,-1,-1,-1
2018440294478,2,9,0,2,0,2,0,0,0,0,0,1,6,3,-1,-1,2457,1,19,-1,-1,-1
2018440294762,1,9,0,18,0,2,0,0,0,0,1,1,6,1,51,8,1399,2,8,2,1,2
2018440294795,1,9,0,9,0,8,0,0,0,0,1,1,6,1,87,11,999,1,7,7,1,7
2018440294795,2,5,0,18,0,8,0,0,0,0,1,1,6,1,48,8,-1,-1,-1,4,1,4
2018440294827,1,9,0,9,0,8,0,0,0,0,0,1,6,1,-1,-1,1999,1,12,-1,-1,-1
2018440294827,2,1,0,4,0,8,1,0,0,0,0,1,6,1,44,7,-1,-1,-1,5,1,5
2018440294832,1,5,0,18,0,8,0,0,0,0,1,1,6,1,35,6,599,1,13,8,1,8
2018440294832,2,9,0,9,0,8,0,0,0,0,3,1,6,1,19,4,1242,1,17,1,1,1
2018440294836,1,9,0,9,0,8,0,0,0,0,4,1,6,1,57,9,1560,2,10,4,1,4
2018440294836,2,9,0,18,0,8,0,0,0,0,1,1,6,1,30,6,2171,1,16,9,1,9
2018440294852,1,22,0,18,0,0,0,0,0,0,0,1,6,1,82,11,-1,-1,-1,9,1,9
2018440294932,1,9,0,10,0,8,0,0,0,0,2,1,6,1,75,10,1386,1,12,-1,-1,-1
2018440294932,2,9,0,18,0,8,0,0,0,0,1,1,6,1,-1,-1,2143,2,7,-1,-1,-1
2018440295326,1,8,0,18,0,0,0,0,0,0,1,1,1,1,41,7,1598,2,4,9,1,9
2018440295431,1,19,0,18,0,0,0,0,0,0,4,1,6,1,39,7,2198,2,4,1,1,1
2018440295841,1,1,0,18,0,1,0,0,0,0,1,1,6,1,53,8,-1,-1,-1,10,1,10
2018440295841,2,9,0,2,0,1,0,0,0,0,2,1,6,1,57,9,2497,2,16,3,1,3
2018440295863,1,1,0,18,4,8,1,0,0,0,3,1,2,1,41,7,-1,-1,-1,9,1,9
2018440295863,2,9,0,9,0,8,0,0,0,0,1,1,6,2,19,4,-1,-1,-1,9,1,9
2018440295988,1,9,0,4,0,0,0,0,0,0,2,1,6,2,35,6,1968,2,2,9,3,9
2018440295988,2,9,0,18,0,0,0,0,0,0,1,1,6,1,34,6,1997,2,8,9,3,9
2018440295996,1,9,0,18,0,1,0,0,0,0,1,1,6,2,23,5,999,1,3,8,1,8
2018440295996,2,9,0,10,0,8,0,0,0,0,2,1,6,2,17,4,1399,2,13,10,1,10
2018440296019,1,9,0,1,0,1,0,0,0,10,2,1,1,2,31,6,-1,-1,-1,3,1,3
2018440296088,1,9,0,18,0,8,0,0,0,0,1,1,6,2,41,7,1995,2,7,8,2,8
2018440296088,2,9,0,18,0,8,0,0,0,0,1,1,6,1,50,8,-1,-1,-1,3,1,3
2018440296088,3,9,0,18,0,1,0,0,0,0,1,1,6,1,35,6,2268,2,4,7,3,7
2018440296247,1,9,0,3,0,1,0,0,0,0,1,1,6,1,52,8,1598,2,2,2,1,2
2018440296247,2,9,0,1,0,1,0,0,0,0,2,1,6,1,-1,-1,1596,1,15,-1,-1,-1
2018440296320,1,9,0,18,0,1,0,0,0,0,1,1,6,1,64,9,1910,2,11,4,1,4
2018440296320,2,3,0,4,0,1,0,0,0,0,2,1,6,1,19,4,124,1,2,-1,-1,-1
2018440296320,3,90,0,18,0,1,0,0,0,0,0,1,6,1,33,6,-1,-1,-1,9,1,9
2018440296370,1,5,0,18,0,0,0,0,1,0,1,1,6,2,45,7,599,1,8,1,1,1
2018440296486,1,9,0,9,0,8,0,0,0,0,0,1,6,3,-1,-1,2993,2,8,-1,-1,-1
2018440296486,2,3,0,9,0,8,0,0,0,0,3,1,1,1,22,5,125,1,-1,9,1,9
2018440296523,1,9,0,12,0,0,0,0,0,0,2,1,6,2,20,4,1229,1,9,5,1,5
2018440296523,2,5,0,12,0,0,0,0,0,0,2,1,6,1,38,7,700,1,32,7,1,7
2018440296720,1,19,0,18,0,8,0,0,1,2,1,1,1,1,47,8,2198,2,4,8,1,8
2018440296723,1,9,0,18,0,0,0,0,0,0,3,1,6,1,37,7,998,1,17,10,1,10
2018440296723,2,9,0,18,0,0,0,0,0,0,3,1,6,2,20,4,1368,1,8,4,1,4
2018440296920,1,9,0,3,0,1,0,0,0,0,1,1,6,2,62,9,1956,2,6,10,1,10
2018440296920,2,19,0,1,0,1,0,0,0,0,2,1,1,3,-1,-1,2287,2,5,-1,-1,-1
2018440297221,1,9,0,18,0,1,0,0,0,0,1,1,6,1,50,8,1997,2,9,9,1,9
2018440297472,1,9,0,18,0,8,0,0,0,0,1,1,6,1,54,8,1956,2,3,7,-1,7
2018440297472,2,9,0,18,0,8,0,0,0,0,2,1,6,2,19,4,1248,2,10,7,1,7
2018440297558,1,9,0,18,0,8,0,0,0,0,1,1,6,2,48,8,1339,1,14,9,1,9
2018440297601,1,1,0,18,0,0,0,0,1,10,0,1,6,1,61,9,-1,-1,-1,8,3,8
2018440297601,2,17,0,18,0,0,0,0,0,0,0,1,1,3,-1,-1,-1,2,14,-1,-1,-1
2018440297733,1,9,0,18,0,8,0,0,0,0,4,1,2,2,57,9,1229,1,4,5,1,5
2018440297733,2,1,0,18,0,8,0,0,0,0,1,1,6,2,14,3,-1,-1,-1,2,1,2
2018440297756,1,9,0,18,0,0,0,0,0,0,1,1,6,1,66,10,998,1,15,7,3,7
2018440297756,2,9,0,2,0,0,0,0,0,0,3,1,6,3,-1,-1,1968,2,8,-1,-1,-1
2018440297817,1,2,0,7,0,8,1,0,0,0,1,1,6,1,16,4,48,1,1,9,1,9
2018440297817,2,9,0,4,0,8,0,0,0,0,1,1,6,1,39,7,1984,2,11,5,1,5
2018440297830,1,9,0,18,0,0,0,0,7,0,3,1,2,2,19,4,999,1,3,4,1,4
2018440297830,2,11,0,18,0,0,0,0,0,0,3,1,1,1,40,7,6370,2,12,7,1,7
2018440297830,3,9,0,18,0,0,0,0,1,0,3,1,2,1,35,6,1995,2,6,6,1,6
2018440297857,1,9,0,18,0,0,0,4,0,0,1,1,6,1,83,11,1242,1,7,7,1,7
2018440297857,2,9,0,2,0,0,0,0,0,0,1,1,6,3,-1,-1,1984,1,15,-1,-1,-1
2018440298067,1,9,0,18,0,0,0,0,1,6,2,1,6,1,62,9,1798,8,2,7,1,7
2018440298067,2,19,0,18,0,0,0,0,0,0,2,1,6,1,62,9,1995,2,2,3,1,3
2018440298067,3,9,0,18,0,0,0,0,0,0,1,1,6,1,46,8,1753,2,8,8,1,8
2018440298141,1,9,0,16,0,0,1,0,8,4,1,1,6,1,23,5,1364,1,10,6,3,6
2018440298331,1,9,0,2,0,1,0,0,0,0,3,1,6,3,-1,-1,1242,1,8,-1,-1,-1
2018440298331,2,1,0,18,9,1,0,8,0,0,1,1,6,1,14,3,-1,-1,-1,3,1,3
2018440298488,1,9,4,13,0,0,0,0,0,0,2,1,6,1,51,8,1956,2,9,10,1,10
2018440298488,2,1,0,18,0,0,0,0,0,0,1,1,6,1,34,6,-1,-1,-1,9,1,9
2018440298792,1,9,0,5,0,1,0,0,0,0,1,1,1,1,-1,-1,2987,2,9,6,1,6
2018440298792,2,9,0,3,0,1,0,0,0,0,2,1,6,2,31,6,1560,2,8,9,2,9
2018440298911,1,9,0,18,0,8,0,0,0,0,3,1,6,1,73,10,2231,2,12,10,1,10
2018440298911,2,1,0,18,0,8,0,0,0,0,4,1,6,1,31,6,-1,-1,-1,3,1,3
2018440298919,1,9,0,18,0,8,0,0,2,1,1,1,6,1,27,6,1984,1,11,3,1,3
2018440298919,2,9,0,9,0,8,0,0,0,0,3,1,6,2,47,8,1596,1,1,6,1,6
2018440298919,3,9,0,9,0,8,0,0,0,0,1,1,6,1,73,10,1242,1,10,6,3,6
2018440299102,1,9,0,18,0,8,0,0,0,0,1,1,6,2,19,4,1248,2,14,9,1,9
2018440299102,2,1,0,18,0,8,0,0,0,0,4,1,6,1,39,7,-1,-1,-1,3,1,3
2018440299113,1,9,0,18,0,1,0,0,0,0,1,1,6,1,51,8,1461,2,1,10,3,10
2018440299113,2,9,0,4,0,1,0,0,0,0,2,1,6,1,41,7,1398,1,3,3,1,3
2018440299121,1,19,0,9,0,8,0,0,0,0,1,1,6,1,45,7,1461,2,5,3,1,3
2018440299121,2,8,0,18,0,8,0,0,0,0,1,1,6,1,59,9,1998,2,4,3,1,3
2018440299127,1,9,0,4,0,1,0,0,0,0,2,1,6,2,20,4,1108,1,9,10,3,10
2018440299127,2,5,0,18,0,1,0,0,0,0,1,1,6,1,34,6,1868,1,-1,8,1,8
2018440299720,1,9,0,18,0,0,1,4,1,11,1,1,2,1,25,5,2979,1,2,10,1,10
2018440299720,2,9,0,2,0,0,0,0,0,0,2,1,6,3,-1,-1,1124,1,13,-1,-1,-1
2018440299823,1,9,0,1,0,0,0,0,0,0,2,1,1,1,47,8,-1,-1,-1,3,1,3
2018440299866,1,9,0,9,0,8,0,0,0,0,1,1,6,2,74,10,1595,1,1,10,1,10
2018440299866,2,1,0,18,0,8,0,0,0,0,3,1,6,1,81,11,-1,-1,-1,9,3,9
2018440299924,1,9,0,18,0,0,0,0,0,0,4,1,6,1,23,5,-1,-1,-1,6,3,6
2018440300019,1,19,0,3,0,1,0,0,0,0,2,1,1,1,68,10,1598,2,3,10,1,10
2018440300019,2,21,0,4,0,1,0,0,0,0,1,1,1,1,39,7,5132,2,3,3,1,3
2018440300104,1,9,0,9,0,8,0,0,0,0,1,1,6,2,32,6,1461,2,6,9,1,9
2018440300104,2,9,0,18,0,8,0,0,0,0,3,1,6,2,76,11,1198,1,9,9,1,9
2018440300403,1,9,0,5,0,8,0,0,0,0,1,1,6,1,41,7,-1,-1,-1,7,3,7
2018440300403,2,9,0,18,0,8,0,0,0,0,1,1,6,1,20,4,1686,2,15,4,3,4
2018440300412,1,5,0,18,0,0,0,0,1,0,3,1,6,1,19,4,599,1,-1,7,1,7
2018440300659,1,19,0,18,0,0,1,0,0,0,1,1,1,1,22,5,1560,2,4,5,1,5
2018440300659,2,1,0,18,0,0,0,0,0,0,3,1,6,1,28,6,-1,-1,-1,10,1,10
2018440300771,1,5,0,18,0,1,1,0,0,0,1,1,6,1,25,5,998,1,11,10,1,10
2018440300983,1,90,0,5,0,8,0,0,0,0,3,1,1,1,40,7,-1,-1,-1,9,1,9
2018440300983,2,5,0,18,0,8,0,0,0,0,1,1,2,1,49,8,847,1,4,8,1,8
2018440300988,1,9,0,7,0,8,0,0,0,11,1,1,6,1,32,6,998,1,3,3,1,3
2018440300988,2,19,0,18,0,1,0,0,0,0,1,1,6,1,21,5,1753,2,12,4,1,4
2018440301109,1,9,0,3,0,0,0,0,0,0,2,1,6,1,51,8,-1,-1,-1,7,1,7
2018440301109,2,9,0,18,0,0,0,0,0,0,1,1,6,1,30,6,1598,1,9,-1,-1,-1
2018440301449,1,3,0,4,0,1,1,0,0,0,3,1,6,1,17,4,-1,-1,-1,7,1,7
2018440301813,1,9,0,9,0,8,0,0,0,0,1,1,6,2,85,11,1910,2,10,7,3,7
2018440301813,2,9,0,18,0,8,0,0,0,0,1,1,6,1,20,4,1597,1,10,6,1,6
2018440301915,1,1,0,18,0,1,0,0,0,0,1,1,6,3,-1,-1,-1,-1,-1,-1,-1,-1
2018440301995,1,9,0,4,0,0,0,0,0,0,1,1,6,3,-1,-1,1668,1,16,-1,-1,-1
2018440302011,1,19,0,16,0,0,0,0,0,0,1,1,6,1,30,6,1998,2,14,9,1,9
2018440302011,2,9,0,17,0,0,0,0,0,0,1,1,6,2,29,6,1997,2,3,7,-1,7
2018440302329,1,9,0,18,0,0,1,0,1,11,1,1,6,1,24,5,1587,1,14,3,1,3
2018440302466,1,19,0,18,0,1,0,0,0,0,1,1,6,1,33,6,1560,2,3,9,1,9
2018440302466,2,19,0,3,0,1,0,0,0,0,2,1,6,1,49,8,1248,2,2,8,1,8
2018440302814,1,9,0,13,0,0,0,10,7,0,3,1,6,1,87,11,998,1,13,10,1,10
2018440302887,1,9,0,16,0,0,5,0,0,0,1,1,6,1,63,9,1753,2,16,7,3,7
2018440303016,1,9,0,3,0,1,0,0,0,0,2,1,6,2,43,7,1591,1,-1,5,1,5
2018440303016,2,9,0,18,0,1,0,0,0,0,1,1,6,2,20,4,1108,1,15,3,1,3
2018440303114,1,9,0,18,0,8,0,0,0,0,1,1,6,2,38,7,-1,-1,-1,8,3,8
2018440303114,2,9,0,9,0,8,0,0,0,0,3,1,6,1,33,6,1995,2,14,5,1,5
2018440303388,1,9,0,4,0,1,0,0,0,0,2,1,6,2,42,7,1598,2,3,3,1,3
2018440303388,2,9,0,4,0,1,0,0,0,0,1,1,6,1,-1,-1,-1,-1,-1,-1,-1,-1
2018440303789,1,9,0,18,0,2,0,0,1,0,1,1,6,1,42,7,1598,2,8,7,3,7
2018440303789,2,9,0,18,0,1,0,0,0,0,1,1,6,2,66,10,1298,1,8,4,2,4
2018440303944,1,9,0,5,0,8,0,0,0,0,1,1,6,1,31,6,1598,2,2,8,2,8
2018440303944,2,9,0,18,0,8,0,0,0,0,1,1,6,2,29,6,1240,1,14,6,1,6
2018440303986,1,9,0,13,0,0,0,0,0,0,4,1,6,3,-1,-1,-1,-1,-1,-1,-1,-1
2018440303986,2,9,0,18,0,0,0,0,0,0,3,1,6,2,22,5,1199,1,15,10,1,10
2018440303986,3,9,0,18,0,0,0,0,0,0,4,1,6,3,-1,-1,-1,-1,-1,-1,-1,-1
2018440304097,1,9,0,5,0,8,0,0,0,0,3,1,6,2,83,11,1600,1,14,10,1,10
2018440304097,2,9,0,18,0,8,0,0,4,0,1,1,6,1,29,6,1995,2,1,8,3,8
2018440304127,1,9,0,18,0,8,0,0,0,0,1,1,6,2,45,7,1229,1,11,2,1,2
2018440304127,2,3,0,4,0,8,1,0,0,0,4,1,6,1,25,5,124,1,4,4,1,4
2018440304264,1,9,0,1,0,0,0,0,0,0,2,1,6,1,50,8,1499,2,1,4,1,4
2018440304264,2,8,0,18,0,0,0,0,0,0,1,1,6,3,-1,-1,1997,2,7,-1,-1,-1
2018440304287,1,1,0,3,0,8,0,0,0,0,2,1,6,1,58,9,-1,-1,-1,7,3,7
2018440304287,2,9,3,7,0,8,0,0,0,0,3,1,6,1,40,7,3628,2,10,7,1,7
2018440304506,1,9,0,5,0,8,0,0,0,0,3,1,6,2,-1,-1,1597,2,3,3,1,3
2018440304506,2,9,0,18,0,8,0,0,0,0,4,1,6,1,51,8,1598,1,8,6,2,6
2018440305163,1,9,0,18,0,0,0,0,0,0,1,1,6,1,34,6,1998,1,1,4,1,4
2018440305163,2,9,0,4,0,0,0,0,0,0,2,1,6,3,-1,-1,1796,1,7,-1,-1,-1
2018440305266,1,2,0,18,0,2,1,0,0,0,0,1,6,2,19,4,49,1,2,2,1,2
2018440305306,1,9,0,12,0,0,1,0,6,0,1,1,6,2,31,6,1686,2,11,2,1,2
2018440305485,1,5,0,9,0,8,1,0,0,0,0,1,6,1,67,10,752,1,47,7,1,7
2018440305566,1,5,0,18,0,8,0,0,0,0,0,1,6,1,60,9,124,1,10,5,1,5
2018440305702,1,9,0,18,0,8,1,0,3,0,1,1,6,1,17,4,1598,2,4,5,1,5
2018440305885,1,9,0,18,0,8,0,0,4,1,1,1,1,2,21,5,1198,1,3,10,1,10
2018440305894,1,19,0,2,0,0,0,0,0,0,2,1,6,3,-1,-1,1598,2,3,-1,-1,-1
2018440305894,2,3,0,18,0,0,0,0,0,0,1,1,6,1,36,7,125,1,1,3,1,3
2018440306498,1,9,0,5,0,8,0,0,0,0,3,1,6,1,62,9,-1,-1,-1,7,1,7
2018440306498,2,9,0,18,0,8,0,0,0,0,1,1,6,1,25,5,1198,1,14,6,1,6
2018440306703,1,9,0,5,0,1,0,0,0,0,1,1,6,1,28,6,1360,1,9,4,1,4
2018440306758,1,9,0,18,0,1,0,0,0,0,1,1,6,3,-1,-1,1124,1,12,-1,-1,-1
2018440306758,2,9,0,3,0,1,0,0,0,0,2,1,6,2,24,5,1598,1,12,6,1,6
2018440306836,1,9,0,5,0,8,0,0,0,0,1,1,6,2,29,6,1968,2,8,2,1,2
2018440306836,2,9,0,18,0,8,0,0,0,0,3,1,6,1,27,6,1995,2,15,5,1,5
2018440306866,1,9,0,18,0,0,0,0,0,0,1,1,6,2,85,11,1995,2,9,8,3,8
2018440306866,2,9,0,18,0,0,0,0,0,0,1,1,6,1,17,4,1968,2,12,9,1,9
2018440307222,1,9,0,18,0,8,0,0,0,0,1,1,6,2,21,5,1598,1,-1,5,1,5
2018440307222,2,9,0,18,0,8,0,0,0,0,3,1,6,2,29,6,-1,-1,-1,1,1,1
2018440307259,1,9,0,18,0,8,0,0,0,0,1,1,6,1,19,4,2494,1,17,9,1,9
2018440307259,2,9,0,18,0,8,1,0,1,2,3,1,6,1,35,6,1582,2,3,4,1,4
2018440307281,1,3,0,9,0,8,0,0,0,0,3,1,6,2,20,4,124,1,-1,5,2,5
2018440307281,2,9,0,18,0,8,0,0,0,0,1,1,6,1,73,10,1149,1,8,3,1,3
2018440307713,1,9,0,18,0,0,0,0,0,0,3,1,6,2,31,6,1995,2,6,6,1,6
2018440307713,2,9,0,11,0,0,0,0,0,0,4,1,6,3,-1,-1,-1,-1,-1,-1,-1,-1
2018440307961,1,9,0,18,0,8,0,0,0,0,1,1,6,2,41,7,1685,2,6,10,1,10
2018440307961,2,1,0,9,0,8,0,0,0,0,2,1,6,1,72,10,-1,-1,-1,10,3,10
2018440307977,1,9,0,18,0,0,0,0,7,0,1,1,6,1,51,8,2143,2,2,4,1,4
2018440307977,2,9,0,18,0,0,0,0,0,0,1,1,6,2,60,9,1988,1,16,7,1,7
2018440307986,1,19,0,18,0,0,2,0,1,7,1,1,6,1,48,8,1995,2,-1,7,1,7
2018440308034,1,9,0,18,0,1,0,0,0,0,1,1,6,2,76,11,1248,1,-1,-1,-1,-1
2018440308155,1,9,0,7,0,8,0,0,0,0,4,1,6,2,27,6,2401,2,12,8,1,8
2018440308155,2,1,0,18,0,8,0,0,0,0,1,1,6,2,47,8,-1,-1,-1,10,1,10
2018440308333,1,2,0,18,0,8,0,0,0,0,1,1,6,2,29,6,49,1,2,3,1,3
2018440308333,2,9,0,9,0,8,0,0,0,0,3,1,6,3,-1,-1,-1,-1,-1,-1,-1,-1
2018440308338,1,5,0,17,0,0,1,0,1,0,1,1,6,1,50,8,748,1,22,9,1,9
2018440308428,1,9,0,18,0,0,0,0,0,0,1,1,6,1,47,8,1360,1,13,7,3,7
2018440308428,2,9,0,18,0,0,0,0,0,0,1,1,6,1,62,9,1360,1,8,10,1,10
2018440308477,1,9,0,9,0,8,1,0,1,11,1,1,6,1,25,5,1968,2,1,5,1,5
2018440308492,1,9,0,17,0,0,2,0,2,10,1,1,6,1,17,4,1364,1,11,10,2,10
2018440308663,1,3,0,18,0,8,0,0,0,0,4,1,6,1,40,7,998,1,1,7,3,7
2018440308952,1,19,0,12,0,0,0,0,0,0,3,1,1,1,53,8,1560,2,1,3,1,3
2018440308952,2,3,0,18,0,0,0,0,0,0,4,1,6,1,19,4,125,1,2,3,1,3
2018440308972,1,9,0,9,0,8,0,0,0,0,1,1,6,2,29,6,1461,2,11,3,1,3
2018440308972,2,1,0,18,0,8,0,0,0,0,3,1,6,1,66,10,-1,-1,-1,4,1,4
2018440309118,1,9,0,1,0,1,0,0,0,0,2,1,6,3,-1,-1,2793,1,19,-1,-1,-1
2018440309281,1,19,0,18,0,0,0,0,0,0,1,1,6,1,60,9,2299,2,5,10,1,10
2018440309281,2,1,0,18,0,0,0,0,0,0,1,1,6,1,15,3,-1,-1,-1,6,3,6
2018440309361,1,9,0,18,0,0,0,0,0,0,3,1,6,1,62,9,1598,1,8,8,1,8
2018440309650,1,9,0,9,0,8,1,0,0,0,3,1,6,2,48,8,1461,2,7,6,1,6
2018440309650,2,9,0,7,0,8,0,0,0,0,3,1,6,1,21,5,1896,2,14,7,1,7
2018440309754,1,9,0,18,0,0,1,0,1,4,3,1,6,1,19,4,1229,1,10,6,2,6
2018440310130,1,98,0,1,0,8,0,0,0,0,2,1,6,3,-1,-1,-1,-1,-1,-1,-1,-1
2018440310130,2,1,0,3,0,8,0,0,0,0,1,1,6,2,63,9,-1,-1,-1,2,1,2
2018440310165,1,2,0,7,0,8,1,0,0,0,0,1,2,1,47,8,49,1,8,2,1,2
2018440310224,1,3,0,4,0,0,1,0,0,0,1,1,6,2,28,6,-1,-1,-1,10,2,10
2018440310235,1,9,0,9,0,8,0,0,0,0,1,1,6,1,28,6,1499,2,1,10,3,10
2018440310235,2,9,0,18,0,8,0,0,0,0,1,1,6,1,22,5,1560,2,5,-1,2,-1
2018440310330,1,5,0,7,0,8,0,0,0,0,4,1,6,1,51,8,1092,1,21,7,1,7
2018440310462,1,19,0,6,0,2,0,0,0,0,3,1,1,1,62,9,1598,2,3,4,1,4
2018440310462,2,9,0,18,0,1,0,0,0,0,1,1,1,1,48,8,2393,2,1,4,3,4
2018440311332,1,9,0,18,0,0,0,0,0,0,1,1,6,1,30,6,1242,1,14,2,1,2
2018440311332,2,9,0,2,0,0,0,0,0,0,2,1,6,3,-1,-1,1200,1,1,-1,-1,-1
2018440311588,1,9,0,7,0,0,0,0,0,0,1,1,6,1,72,10,1275,1,20,-1,-1,-1
2018440311588,2,1,0,18,0,0,0,0,0,0,3,1,6,1,41,7,-1,-1,-1,6,1,6
2018440311688,1,3,0,18,0,0,0,0,0,0,1,1,6,1,21,5,124,1,3,7,1,7
2018440311688,2,9,0,18,0,0,0,0,0,0,1,1,6,2,77,11,1248,1,4,10,1,10
2018440311691,1,9,0,4,0,1,5,0,0,0,1,1,1,1,66,10,-1,-1,-1,6,1,6
2018440311735,1,9,0,7,0,8,0,0,0,0,1,1,6,2,44,7,2656,1,15,4,1,4
2018440311740,1,9,0,3,0,1,0,0,0,0,2,1,6,2,23,5,875,1,3,3,1,3
2018440311740,2,9,0,18,0,1,0,0,0,0,1,1,6,3,-1,-1,-1,-1,-1,-1,-1,-1
2018440311783,1,9,0,18,0,0,0,0,1,11,1,1,6,2,60,9,1984,1,7,10,2,10
2018440312130,1,9,0,18,0,0,0,0,0,0,4,1,6,1,51,8,1998,1,14,5,1,5
2018440312130,2,9,0,18,0,0,0,0,0,0,3,1,6,1,42,7,-1,-1,-1,6,1,6
2018440312158,1,9,0,18,0,0,1,0,0,0,1,1,6,2,36,7,1596,1,15,8,1,8
2018440312158,2,9,0,3,0,0,0,0,0,0,2,1,6,2,23,5,1329,1,2,10,3,10
2018440312158,3,9,0,3,0,0,0,0,0,0,2,1,6,2,43,7,1968,2,10,10,3,10
2018440312206,1,9,0,9,0,8,0,0,0,0,1,1,6,1,29,6,2987,2,1,10,1,10
2018440312206,2,9,0,18,0,1,0,0,0,0,1,1,6,1,41,7,1596,1,16,8,1,8
2018440312792,1,9,0,18,0,0,0,0,2,7,3,1,6,1,24,5,1396,1,16,5,2,5
2018440312923,1,2,0,18,0,2,0,4,0,0,1,1,6,1,22,5,-1,-1,-1,1,1,1
2018440312923,2,9,0,2,0,2,0,0,0,0,2,1,6,3,-1,-1,1995,2,4,-1,-1,-1
2018440313043,1,9,0,7,0,8,0,0,0,0,4,1,6,1,19,4,1299,1,10,7,1,7
2018440313043,2,11,0,18,0,8,0,0,0,0,1,1,1,3,-1,-1,8268,2,14,-1,-1,-1
2018440313310,1,9,0,16,0,0,0,0,7,7,1,1,6,1,-1,-1,1560,2,3,-1,-1,-1
2018440313360,1,9,0,5,0,8,0,0,0,0,2,1,6,2,69,10,998,1,16,7,2,7
2018440313360,2,9,0,3,0,8,0,0,0,0,1,1,6,3,-1,-1,-1,-1,-1,-1,-1,-1
2018440313467,1,9,0,13,0,0,0,0,0,0,2,1,6,3,-1,-1,-1,-1,-1,-1,-1,-1
2018440313467,2,1,0,18,0,0,0,0,0,0,1,1,1,2,26,6,-1,-1,-1,9,1,9
2018440313583,1,8,0,18,0,8,0,0,0,0,1,1,1,1,55,8,1997,2,7,9,1,9
2018440313583,2,9,0,9,0,8,0,0,0,0,4,1,6,2,19,4,1197,1,8,10,1,10
2018440313678,1,9,0,4,0,8,1,0,0,0,1,1,6,1,28,6,1834,1,15,3,1,3
2018440313678,2,9,0,18,0,8,0,0,7,10,4,1,6,1,43,7,2179,2,4,9,1,9
2018440313832,1,9,0,12,0,0,0,0,0,0,4,1,1,1,41,7,1598,2,7,1,1,1
2018440313832,2,3,0,18,0,0,0,0,0,0,1,1,2,1,34,6,125,1,9,3,1,3
2018440314084,1,9,0,18,0,0,0,0,0,0,1,1,6,1,73,10,1398,1,14,9,1,9
2018440314084,2,9,0,2,0,0,0,0,0,0,3,1,6,3,-1,-1,1586,1,12,-1,-1,-1
2018440314084,3,9,0,2,0,0,0,0,0,0,3,1,6,3,-1,-1,1956,2,4,-1,-1,-1
2018440314134,1,9,0,7,0,2,5,0,0,0,1,1,6,1,64,9,1200,1,3,1,1,1
2018440314134,2,9,0,2,0,2,0,0,0,0,1,1,6,3,-1,-1,1149,1,4,-1,-1,-1
2018440314134,3,9,0,2,0,2,0,0,0,0,1,1,6,3,-1,-1,1598,2,5,-1,-1,-1
2018440314372,1,3,0,13,0,8,0,0,0,0,1,1,1,1,27,6,125,1,1,2,1,2