Accident_Index,Vehicle_Reference,Vehicle_Type,Towing_and_Articulation,Vehicle_Manoeuvre,Vehicle_Location-Restricted_Lane,Junction_Location,Skidding_and_Overturning,Hit_Object_in_Carriageway,Vehicle_Leaving_Carriageway,Hit_Object_off_Carriageway,1st_Point_of_Impact,Was_Vehicle_Left_Hand_Drive?,Journey_Purpose_of_Driver,Sex_of_Driver,Age_of_Driver,Age_Band_of_Driver,Engine_Capacity_(CC),Propulsion_Code,Age_of_Vehicle,Driver_IMD_Decile,Driver_Home_Area_Type,Vehicle_IMD_Decile
2018440331062,1,1,0,18,0,0,0,0,0,0,1,1,6,1,13,3,-1,-1,-1,4,1,4
2018440331062,2,9,0,18,0,0,0,0,0,0,1,1,6,1,34,6,1597,2,3,4,1,4
2018440331178,1,9,0,13,0,0,0,0,0,0,3,1,6,1,-1,-1,2998,1,1,10,2,10
2018440331178,2,5,0,18,0,0,0,0,0,0,4,1,6,1,25,5,1043,1,6,7,2,7
2018440331646,1,9,0,18,0,1,0,0,1,2,1,1,6,1,40,7,2720,2,10,5,1,5
2018440331664,1,9,0,18,0,0,1,0,2,4,1,1,6,1,32,6,1781,1,18,5,1,5
2018440332066,1,9,0,18,0,0,0,0,0,0,3,1,6,2,51,8,1086,1,11,3,1,3
2018440332066,2,1,0,18,0,0,0,0,0,0,1,1,6,1,11,3,-1,-1,-1,1,1,1
2018440332153,1,9,0,18,0,0,0,0,0,0,1,1,6,3,-1,-1,1197,1,1,-1,-1,-1
2018440332266,1,5,0,13,0,8,0,0,7,0,1,1,6,1,33,6,-1,-1,-1,1,1,1
2018440332266,2,9,0,9,0,8,0,0,0,0,3,1,6,2,71,10,1799,1,8,10,2,10
2018440332545,1,9,0,9,0,8,0,0,0,0,3,1,6,3,-1,-1,2231,2,3,-1,-1,-1
2018440332705,1,5,0,18,0,0,0,0,2,7,4,1,6,1,25,5,645,1,16,10,-1,10
2018440332705,2,9,0,18,0,0,0,0,0,0,1,1,6,1,32,6,2967,2,10,2,1,2
2018440332705,3,9,0,18,0,0,0,0,0,0,1,1,6,1,52,8,-1,-1,-1,7,2,7
2018440332714,1,19,0,18,0,8,0,0,0,0,1,1,1,1,53,8,4580,2,5,1,1,1
2018440332714,2,1,0,18,0,8,0,0,0,0,3,1,2,1,22,5,-1,-1,-1,5,1,5
2018440332744,1,1,0,18,0,8,0,0,0,0,1,1,6,1,77,11,-1,-1,-1,3,1,3
2018440332744,2,9,0,7,0,8,0,0,0,0,1,1,6,1,46,8,998,1,3,9,1,9
2018440333164,1,9,0,9,0,8,0,0,0,0,4,1,6,1,-1,-1,1560,2,5,2,1,2
2018440333164,2,9,0,18,0,8,0,0,0,0,1,1,6,1,18,4,1398,1,1,6,1,6
2018440333385,1,1,0,18,0,0,0,0,0,0,3,1,6,2,66,10,-1,-1,-1,4,1,4
2018440333385,2,9,0,18,0,0,0,0,0,0,1,1,2,2,18,4,1242,1,4,-1,-1,-1
2018440333432,1,1,0,18,0,0,0,0,0,0,3,1,6,1,37,7,-1,-1,-1,7,1,7
2018440333432,2,9,0,18,0,0,0,0,0,0,4,1,6,3,-1,-1,-1,-1,-1,-1,-1,-1
2018440333548,1,9,0,3,0,0,0,0,0,0,2,1,6,2,66,10,998,1,17,2,1,2
2018440333548,2,9,0,18,0,0,0,0,0,0,1,1,6,3,-1,-1,1991,2,12,-1,-1,-1
2018440333698,1,9,0,18,0,0,0,0,0,0,1,1,6,1,60,9,1997,2,9,10,1,10
2018440333698,2,9,0,18,0,0,0,0,0,0,2,1,6,3,-1,-1,-1,-1,-1,-1,-1,-1
2018440334083,1,9,0,18,0,8,0,0,1,4,3,1,6,1,13,3,1870,2,12,1,1,1
2018440334083,2,9,0,9,0,8,0,0,0,0,4,1,6,2,26,6,1999,1,11,7,1,7
2018440334083,3,9,0,18,0,1,0,0,0,0,0,1,6,3,-1,-1,2993,2,2,-1,-1,-1
2018440334269,1,9,0,18,0,8,0,0,7,1,1,1,6,1,30,6,-1,-1,-1,10,1,10
2018440334269,2,9,0,9,0,8,0,0,0,0,1,1,6,1,35,6,1596,1,9,1,1,1
2018440334269,3,9,0,4,0,8,0,0,0,0,1,1,6,1,30,6,-1,-1,-1,7,1,7
2018440334269,4,9,0,4,0,1,0,0,0,0,1,1,6,1,36,7,1598,2,3,1,1,1
2018440334273,1,9,0,18,0,0,1,10,1,0,4,1,6,3,-1,-1,2494,1,19,-1,-1,-1
2018440334284,1,19,0,4,0,1,0,0,0,0,2,1,6,2,61,9,1753,2,14,5,1,5
2018440334284,2,9,0,18,0,1,0,0,0,0,1,1,6,1,26,6,1995,2,-1,4,1,4
2018440334550,1,9,0,18,0,0,0,0,0,0,1,1,6,1,84,11,2351,1,17,10,1,10
2018440334576,1,11,0,18,0,1,0,0,0,0,0,1,1,3,-1,-1,6696,2,5,-1,-1,-1
2018440334576,2,9,0,5,0,8,0,0,0,0,0,1,6,3,-1,-1,-1,-1,-1,-1,-1,-1
2018440334707,1,9,0,4,0,1,0,0,0,0,1,1,6,2,35,6,1560,2,8,2,-1,2
2018440334707,2,9,0,4,0,1,0,0,0,0,2,1,6,2,21,5,1200,1,-1,3,1,3
2018440334728,1,98,0,11,0,0,0,0,0,0,1,1,6,1,55,8,-1,-1,-1,6,1,6
2018440334728,2,9,0,18,0,0,0,0,0,0,2,1,6,2,44,7,1390,1,12,9,1,9
2018440334736,1,9,0,10,0,8,0,0,0,0,2,1,6,2,52,8,1598,1,15,10,1,10
2018440334736,2,9,0,18,0,1,0,0,0,0,1,1,6,1,23,5,1198,1,1,3,1,3
2018440334762,1,9,0,18,0,0,0,0,0,0,1,1,6,1,17,4,1229,1,11,4,1,4
2018440334952,1,9,0,18,0,0,0,0,0,0,1,1,6,3,-1,-1,-1,-1,-1,-1,-1,-1
2018440335004,1,9,0,18,0,0,0,0,0,0,1,1,6,1,34,6,1910,2,9,10,2,10
2018440335004,2,9,0,4,0,0,0,0,0,0,2,1,6,1,42,7,-1,-1,-1,9,3,9
2018440335062,1,1,0,18,0,0,0,0,0,0,0,1,2,1,46,8,-1,-1,-1,1,1,1
2018440335062,2,9,0,13,0,0,0,0,0,0,0,1,6,3,-1,-1,-1,-1,-1,-1,-1,-1
2018440335077,1,9,0,7,0,8,0,0,0,0,1,1,6,1,33,6,1796,1,14,4,1,4
2018440335077,2,1,0,18,0,8,0,0,0,0,2,1,6,1,36,7,-1,-1,-1,4,1,4
2018440335139,1,9,0,3,0,0,0,0,0,0,2,1,1,2,28,6,-1,-1,-1,5,2,5
2018440335139,2,9,0,4,0,0,0,0,0,0,1,1,6,3,-1,-1,1368,1,11,-1,-1,-1
2018440335216,1,1,0,18,0,8,0,0,0,0,3,1,6,1,16,4,-1,-1,-1,7,1,7
2018440335216,2,9,0,18,0,8,0,0,0,0,1,1,6,2,36,7,1398,2,15,2,1,2
2018440335235,1,3,0,16,0,8,0,0,0,0,0,1,6,1,23,5,124,1,2,1,1,1
2018440335235,2,9,0,17,0,8,0,0,0,0,0,1,6,3,-1,-1,-1,-1,-1,-1,-1,-1
2018440335304,1,9,0,18,0,0,0,0,8,4,3,1,6,1,27,6,2521,1,11,5,3,5
2018440335462,1,9,0,4,0,0,0,0,0,0,0,1,6,1,46,8,1997,2,6,4,1,4
2018440335462,2,9,0,18,0,0,1,0,0,0,2,1,6,1,29,6,-1,-1,-1,5,1,5
2018440335462,3,9,0,18,0,0,1,0,0,0,1,1,6,1,34,6,-1,-1,-1,7,1,7
2018440335490,1,9,0,18,0,0,1,0,0,0,1,1,6,1,49,8,-1,-1,-1,9,1,9
2018440335490,2,9,0,11,0,0,0,0,2,6,2,1,6,1,71,10,1997,2,13,9,3,9
2018440335567,1,9,0,9,0,2,0,0,0,0,3,1,6,1,-1,-1,1598,1,5,-1,-1,-1
2018440335567,2,1,0,18,0,1,0,0,0,0,3,1,6,1,53,8,-1,-1,-1,6,1,6
2018440335599,1,9,0,18,0,8,0,0,0,0,1,1,2,2,62,9,1198,1,11,6,1,6
2018440335599,2,5,0,18,0,8,0,0,0,0,4,1,2,1,21,5,998,1,2,9,1,9
2018440335630,1,9,0,18,0,0,0,0,1,0,3,1,6,2,23,5,1248,2,4,8,1,8
2018440335630,2,9,4,18,0,0,0,0,0,0,3,1,6,1,39,7,2393,2,-1,5,1,5
2018440335837,1,9,0,1,0,0,0,0,0,0,2,1,6,3,-1,-1,1560,2,3,-1,-1,-1
2018440336085,1,9,0,18,0,0,0,0,0,0,4,1,6,2,63,9,2184,2,9,-1,-1,-1
2018440336462,1,9,0,9,0,8,0,0,0,0,3,1,6,1,35,6,998,1,4,1,1,1
2018440336462,2,1,0,18,0,8,0,0,0,0,1,1,6,1,40,7,-1,-1,-1,10,2,10
2018440336504,1,9,0,1,0,1,0,0,0,0,2,1,6,1,39,7,1598,1,4,4,1,4
2018440336504,2,9,0,2,0,2,0,0,0,0,2,1,6,2,39,7,1598,1,5,4,1,4
2018440336508,1,1,0,18,0,1,0,0,0,0,4,1,6,1,34,6,-1,-1,-1,6,1,6
2018440336508,2,19,0,2,0,1,0,0,0,0,3,1,6,3,-1,-1,-1,-1,-1,-1,-1,-1
2018440336541,1,9,0,9,0,8,0,0,0,0,3,1,6,2,85,11,1248,1,7,8,1,8
2018440336541,2,9,0,18,0,8,0,0,7,4,4,1,6,2,18,4,1229,1,11,5,1,5
2018440336563,1,9,0,18,0,8,0,0,4,0,3,1,6,2,25,5,1840,1,15,10,3,10
2018440336563,2,9,0,18,0,8,0,0,0,0,1,1,2,2,24,5,-1,-1,-1,8,3,8
2018440336603,1,5,0,5,0,8,0,0,0,0,4,1,6,1,49,8,998,1,-1,6,3,6
2018440336609,1,9,0,18,0,1,0,0,0,0,1,1,6,1,50,8,1364,1,11,10,1,10
2018440336609,2,9,0,10,0,1,0,0,0,0,2,1,6,2,53,8,1598,1,9,9,1,9
2018440336618,1,9,0,5,0,0,0,0,0,0,1,1,6,1,25,5,1598,1,12,2,1,2
2018440336618,2,1,0,14,0,0,0,0,0,0,2,1,6,1,52,8,-1,-1,-1,3,1,3
2018440336974,1,9,0,7,0,8,0,0,0,0,3,1,6,3,-1,-1,-1,-1,-1,-1,-1,-1
2018440336974,2,1,0,18,0,8,0,0,0,0,1,1,6,1,70,10,-1,-1,-1,10,3,10
2018440337011,1,5,0,11,0,1,0,0,0,0,4,1,6,1,23,5,670,1,6,8,1,8
2018440337011,2,9,0,18,0,1,0,0,0,0,1,1,6,1,48,8,1395,1,2,-1,-1,-1
2018440337051,1,21,0,18,0,0,2,0,1,0,3,1,6,1,51,8,-1,-1,-1,10,2,10
2018440337116,1,9,0,16,0,0,0,0,1,4,1,1,6,1,69,10,1596,1,8,9,1,9
2018440337347,1,9,0,9,0,8,0,0,0,0,1,1,6,2,82,11,1124,1,14,7,1,7
2018440337347,2,9,0,18,0,8,0,0,0,0,1,1,6,1,70,10,1390,1,4,7,1,7
2018440337348,1,9,0,18,0,8,0,0,0,0,1,1,6,1,59,9,2184,2,15,2,1,2
2018440337348,2,9,0,9,0,8,0,0,0,0,4,1,1,1,30,6,1598,2,2,4,1,4
2018440337419,1,9,0,18,0,0,0,0,1,9,3,1,6,1,73,10,1796,2,5,10,1,10
2018440337419,2,9,0,18,0,0,0,0,0,0,3,1,6,2,59,9,998,1,3,10,1,10
2018440337582,1,5,0,16,0,0,0,0,0,0,3,1,6,1,57,9,948,1,-1,10,2,10
2018440337582,2,11,0,17,0,0,0,0,0,0,3,1,6,1,51,8,8300,2,12,-1,-1,-1
2018440337659,1,1,0,18,0,8,0,0,0,0,1,1,6,1,14,3,-1,-1,-1,10,1,10
2018440337659,2,9,0,8,0,8,0,0,0,0,1,1,6,1,37,7,1910,2,10,9,1,9
2018440337748,1,9,0,18,0,0,0,0,0,0,1,1,6,1,27,6,1242,1,10,1,1,1
2018440337748,2,1,0,18,0,0,0,0,0,0,3,1,6,1,11,3,-1,-1,-1,4,1,4
2018440337825,1,9,0,5,0,1,0,0,0,0,2,1,6,2,28,6,1396,1,4,6,1,6
2018440337825,2,9,0,5,0,1,0,0,0,0,1,1,6,3,-1,-1,1686,2,4,-1,-1,-1
2018440338078,1,9,0,9,0,8,0,0,0,0,4,1,1,1,52,8,1968,2,2,7,1,7
2018440338078,2,9,0,18,0,8,0,0,0,0,1,1,2,1,42,7,1798,1,8,5,1,5
2018440338082,1,9,0,10,0,1,0,0,0,0,2,1,6,1,39,7,1997,2,3,8,1,8
2018440338082,2,9,0,3,0,1,0,0,0,0,2,1,6,2,30,6,1586,1,2,7,1,7
2018440338082,3,9,0,18,0,1,0,0,0,0,1,1,6,1,22,5,1995,2,6,9,1,9
2018440338217,1,9,0,18,0,0,2,0,1,4,4,1,6,2,34,6,1951,2,14,6,3,6
2018440338297,1,9,0,18,0,2,0,0,0,0,1,1,6,3,-1,-1,-1,-1,-1,-1,-1,-1
2018440338400,1,5,0,14,0,8,0,0,0,0,1,1,6,1,27,6,750,1,4,3,1,3
2018440338400,2,9,0,9,0,8,0,0,0,0,3,1,6,2,33,6,1997,2,5,10,1,10
2018440338412,1,5,0,5,0,8,1,0,0,0,1,1,6,1,44,7,599,1,15,4,1,4
2018440338566,1,9,0,18,0,8,0,0,0,0,3,1,6,1,72,10,4196,1,12,10,2,10
2018440338666,1,1,0,18,0,1,0,0,0,0,3,1,6,2,34,6,-1,-1,-1,7,1,7
2018440338666,2,9,0,13,0,1,0,0,0,0,4,1,6,3,-1,-1,2496,1,16,-1,-1,-1
2018440338761,1,9,0,13,0,0,0,0,0,0,4,1,6,2,75,10,1587,1,12,4,1,4
2018440338761,2,1,0,18,0,0,0,0,0,0,3,1,6,1,57,9,-1,-1,-1,8,3,8
2018440338810,1,9,0,18,0,8,0,0,0,0,4,1,6,1,64,9,1198,1,4,10,1,10
2018440338810,2,3,0,18,0,8,0,0,0,0,1,1,6,1,19,4,124,1,-1,10,1,10
2018440338815,1,9,0,18,0,0,0,0,0,0,3,1,6,2,27,6,1998,2,11,10,3,10
2018440338815,2,1,0,18,0,0,0,0,0,0,3,1,6,1,67,10,-1,-1,-1,9,3,9
2018440339057,1,1,0,9,0,8,0,0,0,0,1,1,2,2,28,6,-1,-1,-1,9,1,9
2018440339057,2,9,0,5,0,8,0,0,0,0,1,1,2,2,65,9,1242,1,1,8,3,8
2018440339747,1,9,0,18,0,8,0,0,0,0,1,1,6,2,46,8,1395,1,1,5,1,5
2018440339747,2,1,0,18,0,8,0,0,0,0,3,1,6,1,19,4,-1,-1,-1,5,1,5
2018440339831,1,3,0,7,0,8,0,0,0,0,0,1,6,2,44,7,124,1,1,7,1,7
2018440339900,1,19,0,9,0,8,0,0,0,0,3,1,1,1,52,8,2143,2,7,1,1,1
2018440339900,2,5,0,14,0,8,0,0,0,0,1,1,6,1,56,9,1202,1,4,5,1,5
2018440339911,1,22,0,18,0,0,0,0,0,0,1,1,6,1,62,9,-1,-1,-1,1,1,1
2018440340001,1,9,0,18,0,8,0,0,0,0,1,1,6,1,35,6,1896,2,13,2,1,2
2018440340001,2,9,0,9,0,8,0,0,0,0,1,1,6,1,28,6,1200,1,3,7,1,7
2018440340084,1,3,0,18,0,8,0,0,0,0,0,1,6,1,37,7,124,1,13,3,1,3
2018440340112,1,2,0,18,0,0,1,0,1,0,0,1,6,1,16,4,49,1,9,9,1,9
2018440340330,1,9,0,18,0,0,0,0,4,0,1,1,6,1,20,4,1910,2,12,7,1,7
2018440340330,2,9,0,18,0,0,0,0,0,0,1,1,6,1,34,6,1796,1,10,8,3,8
2018440340904,1,9,0,9,0,8,0,0,0,0,1,1,6,1,53,8,-1,-1,-1,6,-1,6
2018440340904,2,1,0,18,0,8,0,0,0,0,1,1,6,1,39,7,-1,-1,-1,8,1,8
2018440340963,1,9,0,9,0,8,0,0,0,0,3,1,6,2,38,7,1995,2,3,9,1,9
2018440340963,2,4,0,18,0,8,0,0,0,0,1,1,6,1,31,6,449,1,11,3,1,3
2018440340981,1,8,0,4,0,1,0,0,0,0,2,1,1,1,45,7,1968,2,-1,3,1,3
2018440340981,2,9,0,18,0,1,0,0,0,0,1,1,6,1,31,6,1390,1,14,6,1,6
2018440341330,1,9,0,3,0,1,0,0,0,0,2,1,6,2,22,5,1596,1,5,6,1,6
2018440341330,2,9,0,18,0,1,0,0,0,0,1,1,6,2,26,6,1499,1,-1,7,2,7
2018440341368,1,9,0,9,0,8,0,0,0,0,1,1,6,2,73,10,1248,1,8,8,1,8
2018440341368,2,5,0,18,0,8,0,0,0,0,1,1,6,1,51,8,1745,1,-1,5,1,5
2018440341407,1,9,0,18,0,0,0,0,0,0,1,1,6,1,73,10,2987,2,3,9,1,9
2018440341407,2,9,0,18,0,0,0,0,0,0,2,1,2,1,27,6,1248,1,1,9,1,9
2018440341407,3,9,0,18,0,0,0,0,0,0,2,1,6,2,54,8,1339,1,6,3,1,3
2018440341407,4,9,0,18,0,0,0,0,0,0,2,1,6,2,-1,-1,1995,2,-1,10,1,10
2018440341407,5,9,0,18,0,0,0,0,0,0,2,1,6,2,35,6,1598,1,11,10,2,10
2018440341426,1,9,0,4,0,1,0,0,0,0,2,1,6,2,33,6,1242,1,8,3,1,3
2018440341426,2,9,0,5,0,8,0,0,0,0,1,1,6,1,30,6,1595,1,12,3,1,3
2018440341747,1,9,0,17,0,0,0,0,0,0,4,1,6,3,-1,-1,1781,1,21,-1,-1,-1
2018440341858,1,9,0,12,0,0,0,0,4,0,3,1,6,1,68,10,1124,1,19,9,1,9
2018440341858,2,9,0,18,0,0,0,0,0,0,4,1,6,1,50,8,-1,-1,-1,10,2,10
2018440341858,3,21,0,18,0,0,0,0,0,0,3,1,6,1,49,8,10837,2,1,-1,-1,-1
2018440341977,1,5,0,18,0,1,0,0,0,0,0,1,6,2,55,8,618,1,16,3,1,3
2018440341977,2,9,0,9,0,8,0,0,0,0,0,1,6,1,25,5,-1,-1,-1,3,1,3
2018440342089,1,9,0,18,0,1,0,0,0,0,1,1,6,3,-1,-1,-1,-1,-1,-1,-1,-1
2018440342089,2,9,0,3,0,1,0,0,0,0,2,1,6,1,64,9,998,1,1,2,1,2
2018440342089,3,9,0,3,0,1,0,0,0,0,2,1,6,3,-1,-1,-1,-1,-1,-1,-1,-1
2018440342112,1,19,0,7,0,8,0,0,0,0,1,1,6,3,-1,-1,1995,2,-1,-1,-1,-1
2018440342112,2,1,0,18,0,8,0,0,0,0,4,1,6,1,72,10,-1,-1,-1,8,1,8
2018440342297,1,1,0,18,0,0,0,0,0,0,3,1,6,1,64,9,-1,-1,-1,9,2,9
2018440342297,2,9,0,18,0,0,0,0,0,0,4,1,6,2,65,9,1242,1,10,10,1,10
2018440342530,1,5,0,18,0,0,1,0,0,0,1,1,6,1,20,4,124,1,-1,6,1,6
2018440342633,1,5,0,13,0,8,0,0,0,0,1,1,6,1,26,6,1050,1,11,5,1,5
2018440342633,2,19,0,9,0,8,0,0,0,0,3,1,6,1,51,8,1968,2,1,5,1,5
2018440342997,1,9,0,18,0,8,0,0,0,0,1,1,6,1,41,7,1896,2,12,10,1,10
2018440342997,2,9,0,9,0,8,0,0,0,0,3,1,6,1,18,4,1360,1,16,8,3,8
2018440343112,1,9,0,6,0,8,0,0,0,0,3,1,1,2,28,6,1995,2,-1,6,1,6
2018440343112,2,3,0,18,0,1,0,0,0,0,1,1,1,1,33,6,108,1,-1,1,1,1
2018440343124,1,9,0,18,0,0,0,10,0,11,1,1,6,2,19,4,1395,1,2,9,1,9
2018440343334,1,5,0,18,0,8,0,0,0,0,0,1,2,1,43,7,-1,-1,-1,3,1,3
2018440343334,2,9,0,7,0,8,0,0,0,0,0,1,2,2,49,8,998,1,12,9,1,9
2018440343390,1,9,0,4,0,0,0,0,0,0,2,1,6,2,51,8,1598,1,12,8,1,8
2018440343390,2,9,0,18,0,0,0,0,0,0,1,1,6,1,57,9,1598,2,5,5,1,5
2018440343568,1,9,0,3,0,2,0,0,0,0,2,1,6,2,34,6,2179,2,6,6,1,6
2018440343568,2,9,0,9,0,8,0,0,0,0,1,1,6,1,88,11,1248,1,7,10,1,10
2018440343656,1,9,0,18,0,8,0,0,0,0,1,1,6,1,39,7,1150,1,11,6,1,6
2018440343656,2,9,0,5,0,8,0,0,0,0,1,1,6,2,43,7,2987,2,8,4,3,4
2018440344023,1,1,0,18,0,8,0,0,0,0,4,1,6,2,23,5,-1,-1,-1,4,1,4
2018440344023,2,9,0,18,0,8,0,0,0,0,1,1,6,1,-1,-1,-1,-1,-1,-1,-1,-1
2018440344075,1,9,0,18,0,0,1,0,0,0,1,1,6,2,76,11,1242,1,13,5,1,5
2018440344075,2,9,0,4,0,0,0,0,0,0,2,1,6,2,47,8,998,1,14,-1,-1,-1
2018440344075,3,9,0,4,0,0,0,0,0,0,2,1,6,2,38,7,1461,2,14,4,1,4
2018440344396,1,9,0,18,0,0,0,0,7,4,1,1,6,1,31,6,1197,1,1,8,1,8
2018440344635,1,9,0,9,0,8,0,0,0,0,1,1,6,2,21,5,1299,1,18,9,1,9
2018440344635,2,3,0,18,0,8,0,0,0,0,1,1,6,1,23,5,124,1,-1,1,1,1
2018440344724,1,9,0,9,0,8,0,0,0,0,1,1,6,2,18,4,1242,1,13,-1,-1,-1
2018440344724,2,9,0,18,0,8,0,0,0,0,3,1,6,2,34,6,1596,1,8,1,1,1
2018440344895,1,9,0,7,0,8,0,0,0,0,1,1,6,2,52,8,1298,1,16,7,1,7
2018440344895,2,1,0,18,0,8,0,0,0,0,1,1,6,1,12,3,-1,-1,-1,3,1,3
2018440344942,1,1,0,7,0,1,0,0,0,0,1,1,1,1,21,5,-1,-1,-1,4,1,4
2018440344942,2,9,0,18,0,1,0,0,0,0,3,1,1,1,50,8,1797,8,4,8,1,8
2018440345349,1,3,0,4,0,0,1,0,0,0,0,1,6,2,34,6,114,1,4,6,1,6
2018440345454,1,9,0,18,0,8,0,0,0,0,3,1,6,2,19,4,1461,2,5,7,3,7
2018440345454,2,9,0,18,0,8,0,0,0,0,4,1,6,3,-1,-1,-1,-1,-1,-1,-1,-1
2018440345496,1,9,0,18,0,0,0,0,0,0,1,1,2,2,24,5,1390,1,3,4,1,4
2018440345496,2,1,0,18,0,0,0,0,0,0,4,1,6,1,17,4,-1,-1,-1,5,1,5
2018440345696,1,9,0,18,0,0,0,0,0,0,1,1,6,3,-1,-1,-1,-1,-1,-1,-1,-1
2018440345699,1,3,0,18,0,8,0,0,0,0,1,1,6,1,22,5,124,1,13,4,1,4
2018440345699,2,9,0,9,0,8,0,0,0,0,1,1,6,1,45,7,1968,2,4,3,1,3
2018440345895,1,9,0,18,0,0,1,0,7,0,1,1,6,1,24,5,1995,2,7,7,1,7
2018440345895,2,9,0,18,0,0,2,0,1,0,1,1,6,1,24,5,1998,1,15,4,1,4
2018440345961,1,9,0,18,0,1,0,0,0,0,2,1,2,1,40,7,1783,1,16,2,1,2
2018440345961,2,9,0,18,0,1,0,0,0,0,1,1,2,1,48,8,1598,1,18,3,1,3
2018440345962,1,9,0,4,0,0,0,0,0,0,2,1,6,2,28,6,1386,1,6,6,1,6
2018440345962,2,19,0,18,0,0,0,0,0,0,1,1,6,1,23,5,1598,2,2,6,1,6
2018440345966,1,9,0,7,0,8,0,0,0,0,1,1,1,2,60,9,998,1,2,9,1,9
2018440345966,2,1,0,18,0,8,0,0,0,0,4,1,6,2,59,9,-1,-1,-1,9,1,9
2018440345970,1,21,0,18,0,8,0,0,0,0,1,1,1,1,32,6,10518,2,7,8,1,8
2018440345970,2,1,0,18,0,8,0,0,0,0,4,1,2,1,35,6,-1,-1,-1,10,1,10
2018440345986,1,9,0,9,0,8,0,0,0,0,3,1,6,2,34,6,1242,1,4,8,1,8
2018440345986,2,3,0,18,0,8,0,0,0,0,1,1,6,1,23,5,125,1,-1,8,1,8
2018440346110,1,5,0,18,0,0,1,0,0,0,0,1,6,1,39,7,998,1,11,6,1,6
2018440346434,1,9,0,9,0,8,0,0,0,0,3,1,6,1,60,9,1229,1,12,6,1,6
2018440346434,2,21,0,18,0,8,0,0,4,6,1,1,6,1,47,8,5861,2,19,6,1,6
2018440346441,1,19,0,18,0,0,0,0,0,0,1,1,1,1,23,5,2143,2,4,5,1,5
2018440346441,2,9,0,18,0,0,0,0,0,0,2,1,1,2,85,11,1689,2,16,6,1,6
2018440346441,3,9,0,2,0,0,0,0,0,0,2,1,6,3,-1,-1,1598,1,13,-1,-1,-1
2018440346479,1,9,0,9,0,8,0,0,0,0,4,1,6,1,39,7,1598,2,5,10,1,10
2018440346479,2,9,0,18,0,8,0,0,0,0,1,1,6,1,51,8,-1,-1,-1,-1,-1,-1
2018440346479,3,9,0,18,0,1,0,0,0,0,1,1,6,2,34,6,1968,2,2,-1,-1,-1
2018440346495,1,9,0,18,0,0,0,0,0,0,1,1,6,1,28,6,2000,2,8,9,1,9
2018440346495,2,9,0,13,0,0,0,0,0,0,1,1,6,1,47,8,1997,1,8,6,1,6
2018440346675,1,9,0,3,0,1,0,0,0,0,2,1,4,2,47,8,1248,1,7,9,1,9
2018440346675,2,9,0,4,0,1,0,0,0,0,1,1,6,3,-1,-1,1198,1,1,-1,-1,-1
2018440346829,1,1,0,18,0,0,0,0,0,0,4,1,6,1,43,7,-1,-1,-1,5,1,5
2018440347043,1,9,0,18,0,8,0,0,3,4,1,1,6,1,30,6,1998,1,11,10,3,10
2018440347154,1,90,0,18,0,0,0,0,1,9,1,1,6,3,-1,-1,-1,-1,-1,-1,-1,-1
2018440347154,2,9,0,18,0,0,0,0,0,0,1,1,1,1,-1,-1,1968,2,5,6,1,6
2018440347250,1,9,0,3,0,1,0,0,0,0,2,1,6,1,49,8,-1,-1,-1,7,1,7
2018440347250,2,19,0,18,0,1,0,0,0,0,1,1,6,1,29,6,-1,-1,-1,4,1,4
2018440347281,1,9,0,18,0,0,0,0,0,0,0,1,6,3,-1,-1,-1,-1,-1,-1,-1,-1
2018440347281,2,1,0,18,0,0,0,0,0,0,0,1,6,1,26,6,-1,-1,-1,3,1,3
2018440347434,1,1,0,18,0,8,0,0,0,0,3,1,6,1,15,3,-1,-1,-1,8,1,8
2018440347434,2,19,0,7,0,8,0,0,0,0,1,1,6,3,-1,-1,-1,-1,-1,-1,-1,-1
2018440347454,1,9,0,18,0,1,0,0,0,0,1,1,1,1,31,6,1968,2,6,5,1,5
2018440347454,2,19,0,10,0,1,0,0,0,0,2,1,1,1,39,7,1968,2,-1,7,1,7
2018440347635,1,4,0,13,0,1,0,0,0,0,1,1,6,2,21,5,487,1,21,10,1,10
2018440347635,2,9,0,12,0,1,0,0,0,0,2,1,6,2,68,10,999,1,6,10,1,10
2018440347676,1,9,0,14,0,2,0,0,0,0,1,1,1,3,-1,-1,1360,1,15,-1,-1,-1
2018440347676,2,9,0,2,0,2,0,0,0,0,2,1,1,3,-1,-1,1560,2,14,-1,-1,-1
2018440347797,1,9,0,9,0,8,0,0,0,0,1,1,6,1,36,7,1995,2,1,4,1,4
2018440347797,2,1,0,18,0,8,0,0,0,0,1,1,6,1,30,6,-1,-1,-1,7,2,7
2018440347871,1,9,0,18,0,0,0,0,0,0,4,1,6,3,-1,-1,1339,8,9,-1,-1,-1
2018440347981,1,9,0,3,0,0,0,0,0,0,2,1,6,1,47,8,-1,-1,-1,4,1,4
2018440347981,2,9,0,4,0,0,0,0,0,0,1,1,6,3,-1,-1,-1,-1,-1,-1,-1,-1
2018440347999,1,9,0,9,0,8,0,0,0,0,3,1,6,1,52,8,1997,2,12,2,1,2
2018440347999,2,1,0,9,0,8,0,0,0,0,3,1,6,1,11,3,-1,-1,-1,5,1,5
2018440348043,1,4,0,18,0,0,0,0,0,0,1,1,6,1,35,6,471,1,-1,4,1,4