Accident_Index,Vehicle_Reference,Vehicle_Type,Towing_and_Articulation,Vehicle_Manoeuvre,Vehicle_Location-Restricted_Lane,Junction_Location,Skidding_and_Overturning,Hit_Object_in_Carriageway,Vehicle_Leaving_Carriageway,Hit_Object_off_Carriageway,1st_Point_of_Impact,Was_Vehicle_Left_Hand_Drive?,Journey_Purpose_of_Driver,Sex_of_Driver,Age_of_Driver,Age_Band_of_Driver,Engine_Capacity_(CC),Propulsion_Code,Age_of_Vehicle,Driver_IMD_Decile,Driver_Home_Area_Type,Vehicle_IMD_Decile
2018440348043,2,9,0,4,0,0,0,0,0,0,2,1,6,1,24,5,1242,1,6,5,1,5
2018440348086,1,1,0,18,0,1,0,0,0,0,3,1,6,1,16,4,-1,-1,-1,5,1,5
2018440348086,2,9,0,13,0,1,0,0,0,0,4,1,6,1,59,9,1968,2,11,7,1,7
2018440348106,1,1,0,4,0,1,0,0,0,0,1,1,6,2,10,2,-1,-1,-1,4,2,4
2018440348106,2,19,0,7,0,8,0,0,0,0,1,1,6,3,-1,-1,-1,-1,-1,-1,-1,-1
2018440348313,1,1,0,18,0,0,0,0,0,0,1,1,6,1,49,8,-1,-1,-1,10,1,10
2018440348407,1,4,0,17,0,0,1,0,1,9,1,1,6,1,58,9,250,1,4,7,1,7
2018440348407,2,9,0,16,0,0,1,0,0,0,1,1,6,1,26,6,2993,2,12,7,1,7
2018440348808,1,1,0,18,0,0,0,0,0,0,3,1,6,1,23,5,-1,-1,-1,9,1,9
2018440348808,2,19,0,13,0,0,0,0,0,0,4,1,6,1,-1,-1,-1,-1,-1,-1,-1,-1
2018440348953,1,9,0,18,0,8,1,0,0,0,3,1,6,1,38,7,1499,1,3,4,1,4
2018440348953,2,9,0,9,0,8,1,0,0,0,1,1,6,2,25,5,1242,1,9,2,1,2
2018440349003,1,5,0,3,0,1,0,0,0,0,2,1,6,1,48,8,645,1,9,5,3,5
2018440349003,2,9,0,18,0,1,0,0,0,0,1,1,2,1,18,4,1198,1,15,8,2,8
2018440349104,1,9,0,17,0,8,0,0,1,4,1,1,6,1,18,4,1341,1,13,6,1,6
2018440349135,1,9,0,18,0,0,0,4,0,0,4,1,6,1,19,4,-1,-1,-1,10,1,10
2018440349135,2,9,0,2,0,0,0,0,0,0,3,1,6,1,51,8,3199,1,16,5,1,5
2018440349214,1,11,0,4,0,8,0,0,0,0,0,1,1,3,-1,-1,6696,2,5,-1,-1,-1
2018440349346,1,1,0,18,0,0,0,0,0,0,0,1,6,1,13,3,-1,-1,-1,2,1,2
2018440349359,1,9,0,3,0,1,0,0,0,0,2,1,6,2,25,5,1388,1,11,7,1,7
2018440349359,2,1,0,18,0,1,0,0,0,0,1,1,6,1,22,5,-1,-1,-1,9,1,9
2018440349626,1,9,0,18,0,0,0,0,0,0,0,1,6,1,19,4,999,1,3,10,2,10
2018440349626,2,9,0,18,0,0,0,0,0,0,1,1,6,1,18,4,999,1,1,10,1,10
2018440349830,1,9,0,5,0,8,0,0,0,0,1,1,6,3,-1,-1,1998,1,7,-1,-1,-1
2018440349830,2,1,0,18,0,8,0,0,0,0,1,1,6,1,55,8,-1,-1,-1,10,3,10
2018440349902,1,9,0,18,0,8,0,0,0,0,1,1,6,2,77,11,999,1,12,9,1,9
2018440349902,2,9,0,18,0,8,0,0,0,0,4,1,6,2,36,7,1796,1,15,2,1,2
2018440349977,1,9,0,3,0,8,0,0,0,0,4,1,6,2,40,7,1991,2,13,7,3,7
2018440349977,2,5,0,18,0,8,0,0,0,0,3,1,6,1,36,7,510,1,-1,5,1,5
2018440350448,1,9,0,16,0,0,1,0,0,0,1,1,6,1,16,4,1994,1,15,-1,-1,-1
2018440350448,2,9,0,17,0,0,1,0,1,0,1,1,6,1,52,8,2993,2,2,10,2,10
2018440350729,1,9,0,18,0,0,0,0,1,4,1,1,6,2,20,4,999,1,5,10,1,10
2018440350986,1,19,0,4,0,0,0,0,0,0,1,1,6,1,36,7,2299,2,7,6,1,6
2018440350986,2,9,0,4,0,0,0,0,0,0,2,1,6,1,30,6,1956,2,4,8,1,8
2018440350986,3,9,0,4,0,0,0,0,0,0,2,1,6,2,45,7,1896,2,9,6,3,6
2018440350995,1,9,0,9,0,8,0,0,0,0,1,1,6,2,32,6,1598,1,13,2,1,2
2018440351010,1,19,0,18,0,1,0,0,0,0,1,1,1,1,64,9,1753,2,10,8,1,8
2018440351010,2,9,0,10,0,1,0,0,0,0,2,1,2,2,23,5,1499,1,1,10,1,10
2018440351162,1,90,0,18,9,1,5,0,0,0,0,1,6,2,49,8,-1,-1,-1,4,1,4
2018440351416,1,1,0,9,0,8,0,0,0,0,1,1,4,1,15,3,-1,-1,-1,9,1,9
2018440351416,2,9,0,13,0,8,0,0,0,0,4,1,6,1,61,9,1329,1,9,8,1,8
2018440351453,1,9,0,9,0,8,0,0,0,0,1,1,6,2,86,11,1587,1,13,10,2,10
2018440351453,2,20,0,18,0,8,1,0,0,0,1,1,6,1,55,8,4250,2,11,3,1,3
2018440351505,1,9,0,18,0,0,1,0,0,0,1,1,6,1,57,9,-1,-1,-1,6,1,6
2018440351505,2,9,0,18,0,0,0,0,1,0,3,1,6,2,51,8,1997,2,18,5,1,5
2018440351553,1,9,0,13,0,1,0,0,0,0,3,1,6,3,-1,-1,-1,-1,-1,-1,-1,-1
2018440351553,2,1,0,18,0,1,0,0,0,0,3,1,6,2,46,8,-1,-1,-1,7,1,7
2018440351564,1,9,0,2,0,0,0,0,0,0,3,1,6,1,22,5,1560,2,13,10,1,10
2018440351564,2,9,0,18,0,0,0,0,0,0,1,1,6,2,67,10,1596,1,5,9,1,9
2018440351584,1,9,0,17,0,8,0,0,0,0,1,1,6,2,44,7,-1,-1,-1,6,1,6
2018440351584,2,5,0,16,0,8,0,0,0,0,1,1,6,2,46,8,-1,-1,-1,1,1,1
2018440351687,1,9,0,18,0,0,0,0,0,0,2,1,6,2,32,6,1998,1,13,3,1,3
2018440351687,2,9,0,18,0,0,0,0,0,0,1,1,6,1,57,9,2198,1,15,5,1,5
2018440351740,1,9,0,18,0,8,0,0,0,0,3,1,6,1,49,8,2793,1,17,3,1,3
2018440351740,2,1,0,18,0,8,0,0,0,0,1,1,6,1,30,6,-1,-1,-1,5,1,5
2018440351812,1,9,0,18,0,1,0,0,0,0,1,1,2,1,28,6,-1,-1,-1,10,1,10
2018440351812,2,9,0,3,0,1,0,0,0,0,2,1,2,1,38,7,1596,1,10,10,1,10
2018440351812,3,9,0,10,0,1,0,0,0,0,2,1,6,2,59,9,1461,2,7,10,1,10
2018440351837,1,9,0,4,0,0,0,0,0,0,0,1,6,2,22,5,-1,-1,-1,9,2,9
2018440351837,2,9,0,4,0,0,0,0,0,0,0,1,6,1,-1,-1,1560,2,3,-1,-1,-1
2018440351953,1,9,0,18,0,0,0,0,7,0,1,1,6,2,72,10,1798,1,14,10,1,10
2018440351953,2,9,0,3,0,0,0,0,0,0,2,1,6,2,24,5,998,1,2,6,1,6
2018440351953,3,9,0,3,0,0,0,0,0,0,2,1,6,2,21,5,999,1,-1,3,1,3
2018440352503,1,9,0,18,0,0,0,0,0,0,1,1,6,2,57,9,1496,2,2,10,1,10
2018440352633,1,19,0,9,0,8,0,0,0,0,1,1,1,1,54,8,2143,2,1,2,1,2
2018440352633,2,9,0,18,0,8,0,0,0,0,1,1,6,2,61,9,1685,2,5,10,1,10
2018440352759,1,9,0,5,0,8,0,0,0,0,1,1,6,2,35,6,898,1,4,9,1,9
2018440352759,2,9,0,17,0,8,0,0,0,0,4,1,6,2,47,8,1598,1,9,10,1,10
2018440352801,1,1,0,18,0,0,0,0,0,0,1,1,6,1,42,7,-1,-1,-1,1,1,1
2018440352914,1,9,0,18,0,0,0,0,7,4,1,1,6,1,65,9,5998,1,10,8,3,8
2018440353073,1,9,0,18,0,0,0,0,0,0,1,1,6,2,49,8,1991,1,16,7,3,7
2018440353073,2,21,0,18,0,0,0,0,0,0,3,1,6,1,23,5,6871,2,9,5,2,5
2018440353101,1,9,0,6,0,0,0,0,0,0,0,1,6,1,70,10,1753,2,10,10,1,10
2018440353101,2,5,0,13,0,0,0,0,0,0,1,1,6,1,24,5,675,1,12,10,1,10
2018440353275,1,17,0,13,0,0,0,0,0,0,4,1,6,1,68,10,-1,2,13,9,2,9
2018440353275,2,1,0,18,0,0,0,0,0,0,1,1,6,1,52,8,-1,-1,-1,9,1,9
2018440353348,1,97,0,17,0,0,0,0,0,0,0,1,6,3,-1,-1,-1,-1,-1,-1,-1,-1
2018440353348,2,16,0,17,0,0,0,0,0,0,0,1,6,2,25,5,-1,-1,-1,3,1,3
2018440353771,1,3,0,4,0,1,0,0,0,0,0,1,6,2,21,5,124,1,6,-1,-1,-1
2018440353858,1,3,0,17,0,8,1,0,0,0,3,1,6,1,24,5,125,1,2,4,1,4
2018440354004,1,9,5,18,0,0,4,0,5,6,3,1,6,2,40,7,2487,2,18,9,1,9
2018440354225,1,3,0,4,0,8,0,0,0,0,0,1,2,2,43,7,125,1,8,8,1,8
2018440354388,1,19,0,9,0,8,0,0,0,0,1,1,6,1,77,11,-1,-1,-1,10,2,10
2018440354388,2,9,0,18,0,8,1,0,0,0,4,1,6,2,21,5,995,1,14,10,1,10
2018440354458,1,9,0,18,0,2,0,0,0,0,1,1,6,2,80,11,1242,1,13,8,1,8
2018440354558,1,9,0,3,0,1,0,0,0,0,2,1,1,1,64,9,1388,1,12,10,1,10
2018440354558,2,9,0,5,0,1,0,0,0,0,1,1,6,2,51,8,1242,1,6,10,1,10
2018440354625,1,5,0,17,0,0,0,0,1,4,1,1,6,1,40,7,1170,1,6,8,1,8
2018440354653,1,9,0,18,0,8,0,0,0,0,1,1,6,2,37,7,1496,1,4,1,1,1
2018440355057,1,9,0,18,0,0,0,0,0,0,1,1,1,1,42,7,-1,-1,-1,10,1,10
2018440355057,2,9,0,18,0,0,0,0,0,0,1,1,2,2,19,4,1499,1,-1,10,1,10
2018440355429,1,9,0,1,0,0,0,0,0,0,2,1,6,3,-1,-1,1995,2,7,-1,-1,-1
2018440355724,1,3,0,16,0,0,0,0,1,0,1,1,6,2,18,4,125,1,10,1,1,1
2018440355724,2,19,0,17,0,0,0,0,0,0,1,1,6,1,39,7,2402,2,17,1,1,1
2018440355806,1,9,0,18,0,0,0,0,0,0,1,1,6,2,41,7,1896,2,9,10,1,10
2018440355966,1,21,0,18,0,0,0,0,1,4,1,1,1,1,56,9,10837,2,7,1,1,1
2018440355966,2,11,0,4,0,0,0,0,0,0,2,1,1,1,76,11,-1,-1,-1,8,1,8
2018440356021,1,9,0,9,0,8,0,0,0,0,1,1,6,2,31,6,1586,1,1,8,1,8
2018440356021,2,3,0,18,0,8,1,0,0,0,1,1,6,1,19,4,124,1,7,3,1,3
2018440356095,1,9,0,18,0,0,0,0,1,0,1,1,6,2,35,6,1753,2,11,2,1,2
2018440356095,2,9,0,2,0,0,0,0,1,11,1,1,6,3,-1,-1,1389,1,14,-1,-1,-1
2018440356108,1,1,0,18,0,2,0,0,0,0,2,1,6,1,34,6,-1,-1,-1,8,1,8
2018440356108,2,9,0,18,0,2,0,0,0,0,1,1,6,1,37,7,1794,1,14,2,1,2
2018440356108,3,9,0,18,0,2,0,0,0,0,1,1,6,2,21,5,1598,1,13,6,1,6
2018440356108,4,9,0,18,0,2,0,0,0,0,1,1,6,1,18,4,1598,1,4,6,1,6
2018440356114,1,9,0,18,0,8,0,0,0,0,1,1,6,2,23,5,1200,1,-1,8,1,8
2018440356114,2,1,0,18,0,8,0,0,0,0,3,1,6,1,13,3,-1,-1,-1,2,1,2
2018440356116,1,3,0,18,0,0,1,0,0,0,0,1,6,1,51,8,124,1,17,3,1,3
2018440356144,1,9,0,18,0,1,5,0,0,0,4,1,6,1,87,11,-1,-1,-1,10,1,10
2018440356144,2,9,0,2,0,8,0,0,0,0,3,1,6,3,-1,-1,1598,1,6,-1,-1,-1
2018440356144,3,11,0,18,0,1,0,0,0,0,1,1,6,1,58,9,5132,2,3,8,1,8
2018440356146,1,1,0,4,0,1,0,0,0,0,0,1,6,1,20,4,-1,-1,-1,4,1,4
2018440356146,2,9,0,9,0,8,0,0,0,0,0,1,6,3,-1,-1,-1,-1,-1,-1,-1,-1
2018440356220,1,9,0,3,0,1,0,0,0,0,2,1,6,2,35,6,1596,1,16,10,1,10
2018440356220,2,9,0,4,0,1,0,0,0,0,1,1,6,3,-1,-1,-1,-1,-1,-1,-1,-1
2018440356229,1,9,0,18,0,8,1,0,0,0,1,1,6,1,26,6,1997,2,11,-1,-1,-1
2018440356229,2,9,0,9,0,8,1,0,1,0,3,1,6,2,22,5,1197,1,5,9,2,9
2018440356242,1,2,0,9,0,8,0,0,0,0,3,1,6,1,16,4,49,1,2,10,1,10
2018440356242,2,9,0,13,0,8,0,0,0,0,1,1,6,3,-1,-1,-1,-1,-1,-1,-1,-1
2018440356354,1,9,0,17,0,0,1,0,3,10,1,1,6,1,20,4,2143,2,3,-1,-1,-1
2018440356477,1,9,0,9,0,8,0,0,0,0,1,1,6,1,23,5,1968,2,3,6,-1,6
2018440356477,2,1,0,15,0,8,0,0,0,0,3,1,6,1,46,8,-1,-1,-1,10,1,10
2018440356556,1,1,0,12,0,0,0,0,0,0,3,1,2,2,42,7,-1,-1,-1,8,1,8
2018440356556,2,9,0,18,0,0,0,0,0,0,1,1,6,3,-1,-1,1995,2,11,-1,-1,-1
2018440356841,1,9,0,3,0,0,0,0,0,0,2,1,6,1,44,7,1598,1,19,7,1,7
2018440356841,2,9,0,3,0,0,0,0,0,0,2,1,6,2,26,6,2143,2,2,8,1,8
2018440356841,3,9,0,18,0,0,0,0,0,0,1,1,6,2,51,8,1242,1,15,3,1,3
2018440356886,1,9,0,17,0,0,2,0,7,9,4,1,6,2,23,5,-1,-1,-1,7,3,7
2018440357047,1,9,0,18,0,8,2,0,7,11,1,1,6,1,75,10,1198,1,5,8,-1,8
2018440357047,2,9,0,2,0,2,0,0,0,0,0,1,6,1,35,6,2979,1,-1,10,2,10
2018440357047,3,9,0,2,0,2,0,0,0,0,0,1,6,1,66,10,3189,1,13,10,1,10
2018440357047,4,9,0,2,0,2,0,0,0,0,0,1,6,1,33,6,3189,1,13,10,1,10
2018440357047,5,19,0,2,0,2,0,0,0,0,0,1,6,1,28,6,-1,-1,-1,7,-1,7
2018440357118,1,5,0,9,0,8,0,0,0,0,4,1,6,1,26,6,650,1,17,7,1,7
2018440357118,2,9,0,18,0,8,0,0,0,0,1,1,6,2,24,5,-1,-1,-1,4,1,4
2018440357202,1,9,0,18,0,0,0,0,0,0,1,1,6,2,42,7,1329,1,4,2,1,2
2018440357220,1,9,0,10,0,1,0,0,0,0,2,1,6,1,56,9,1796,1,13,10,1,10
2018440357220,2,3,0,18,0,1,0,0,0,0,2,1,6,1,18,4,124,1,-1,10,1,10
2018440357453,1,9,0,9,0,8,0,0,0,0,1,1,6,1,58,9,1596,1,23,5,1,5
2018440357453,2,1,0,18,0,8,0,0,0,0,1,1,6,1,17,4,-1,-1,-1,2,1,2
2018440358014,1,9,0,18,0,8,0,0,0,0,1,1,6,1,69,10,3199,1,14,-1,-1,-1
2018440358014,2,22,0,18,0,8,0,0,0,0,3,1,6,1,82,11,-1,-1,-1,7,1,7
2018440358088,1,97,0,4,0,8,0,0,0,0,0,1,6,2,51,8,-1,-1,-1,10,1,10
2018440358107,1,9,0,1,0,0,0,0,1,11,2,1,6,1,66,10,1596,1,16,3,2,3
2018440358166,1,2,0,4,0,8,0,0,0,0,0,1,6,1,16,4,49,1,7,8,1,8
2018440358244,1,9,0,18,0,0,0,0,0,0,1,1,6,1,40,7,-1,-1,-1,-1,-1,-1
2018440358285,1,9,0,7,0,8,0,0,0,0,1,1,6,2,43,7,1499,2,3,10,3,10
2018440358285,2,1,0,18,0,8,0,0,0,0,4,1,6,1,71,10,-1,-1,-1,8,3,8
2018440358378,1,9,0,1,0,8,0,0,0,0,2,1,6,2,45,7,2231,2,13,3,1,3
2018440358378,2,1,0,18,0,1,0,0,0,0,1,1,6,2,56,9,-1,-1,-1,3,1,3
2018440358444,1,9,0,17,0,8,1,0,3,4,1,1,6,3,-1,-1,1910,2,13,-1,-1,-1
2018440358461,1,9,0,9,0,8,0,0,0,0,1,1,6,2,56,9,1398,1,3,1,1,1
2018440358461,2,9,0,18,0,8,1,0,0,0,1,1,6,1,30,6,1299,1,17,7,1,7
2018440358530,1,9,0,18,0,0,2,0,1,4,1,1,6,2,27,6,875,1,7,8,1,8
2018440358550,1,9,0,18,0,0,1,0,1,1,4,1,6,1,45,7,-1,-1,-1,9,2,9
2018440358737,1,9,0,18,0,0,0,0,0,0,0,1,6,1,21,5,1124,1,15,10,2,10
2018440358814,1,9,0,16,0,0,0,0,0,0,3,1,6,2,19,4,1198,1,11,9,2,9
2018440358814,2,9,0,17,0,0,0,0,0,0,3,1,6,1,36,7,1997,2,9,1,1,1
2018440358821,1,9,0,7,0,1,0,0,1,2,1,1,1,2,32,6,1360,1,9,9,1,9
2018440359004,1,9,0,4,0,0,0,0,4,6,1,1,6,1,46,8,1497,1,12,9,1,9
2018440359029,1,21,0,18,0,0,1,0,1,4,1,1,1,1,57,9,-1,-1,-1,10,1,10
2018440359039,1,9,0,18,0,0,5,0,1,9,3,1,6,2,28,6,1388,1,10,8,1,8
2018440359040,1,9,0,17,0,0,5,0,1,11,1,1,6,1,72,10,2987,2,4,10,1,10
2018440359086,1,9,0,18,0,0,1,0,0,6,4,1,6,1,55,8,1968,2,6,10,2,10
2018440359086,2,9,0,18,0,0,0,0,0,6,3,1,6,2,45,7,1560,2,3,10,1,10
2018440359233,1,9,0,18,0,0,1,0,1,4,1,1,6,1,23,5,1296,1,10,9,3,9
2018440359330,1,9,0,5,0,8,0,0,0,0,1,1,6,1,26,6,1798,1,11,1,1,1
2018440359330,2,1,0,17,0,8,0,0,0,0,4,1,6,1,50,8,-1,-1,-1,1,1,1
2018440359377,1,9,0,4,0,1,0,0,0,0,1,1,1,1,55,8,998,1,1,5,1,5
2018440359377,2,9,0,18,0,1,0,0,0,0,2,1,3,1,48,8,1200,1,2,8,1,8
2018440359616,1,9,0,18,0,0,0,0,0,0,1,1,6,1,19,4,-1,-1,-1,-1,2,-1
2018440359616,2,9,0,18,0,0,0,0,0,0,2,1,6,1,30,6,1598,2,1,5,1,5
2018440359616,3,9,0,18,0,0,0,0,0,0,2,1,6,1,50,8,1598,1,2,2,1,2
2018440359670,1,9,0,18,0,1,0,7,1,0,1,1,6,1,20,4,-1,-1,-1,4,1,4
2018440359685,1,9,0,16,0,0,0,0,7,4,1,1,6,2,19,4,999,1,17,8,1,8
2018440359954,1,9,0,18,0,2,0,4,0,0,1,1,1,2,25,5,1200,1,5,6,1,6
2018440359954,2,19,0,2,0,1,0,0,0,0,1,1,1,1,39,7,2299,2,6,6,1,6
2018440359989,1,9,0,18,0,2,0,0,0,0,2,1,6,1,44,7,-1,-1,-1,5,1,5
2018440359989,2,1,0,18,0,2,0,0,0,0,1,1,6,1,11,3,-1,-1,-1,1,1,1
2018440359994,1,9,0,9,0,8,0,0,0,0,1,1,6,2,23,5,1390,1,16,3,1,3
2018440359994,2,3,0,18,0,8,0,0,0,0,1,1,6,1,43,7,124,1,3,3,1,3
2018440360028,1,2,0,13,0,8,1,0,0,0,4,1,6,1,16,4,49,1,9,9,1,9
2018440360028,2,9,0,9,0,8,0,0,0,0,3,1,6,2,-1,-1,998,1,5,9,1,9
2018440360031,1,9,0,18,0,8,0,0,0,0,1,1,1,2,31,6,2184,2,14,6,1,6
2018440360031,2,9,0,9,0,8,0,0,0,0,4,1,6,3,-1,-1,-1,-1,-1,-1,-1,-1
2018440360111,1,9,0,5,0,8,0,0,0,0,3,1,6,1,74,10,-1,-1,-1,9,1,9
2018440360111,2,1,0,18,0,8,0,0,0,0,1,1,6,1,61,9,-1,-1,-1,10,1,10
2018440360276,1,1,0,18,0,8,0,0,0,0,4,1,2,1,29,6,-1,-1,-1,6,1,6
2018440360276,2,9,0,7,0,8,0,0,0,0,1,1,6,2,56,9,1998,1,16,6,1,6
2018440360328,1,1,0,18,0,0,0,0,0,0,3,1,6,1,15,3,-1,-1,-1,10,1,10
2018440360328,2,9,0,18,0,0,0,0,0,0,1,1,6,3,-1,-1,1997,2,13,-1,-1,-1
2018440360658,1,1,0,5,0,8,0,0,0,0,3,1,6,1,22,5,-1,-1,-1,3,1,3
2018440360658,2,9,0,5,0,8,0,0,0,0,1,1,6,3,-1,-1,-1,-1,-1,-1,-1,-1
2018440360724,1,1,0,18,0,8,0,0,0,0,4,1,6,1,14,3,-1,-1,-1,1,1,1
2018440360724,2,19,0,5,0,8,0,0,0,0,1,1,6,3,-1,-1,1995,2,1,-1,-1,-1
2018440360793,1,9,0,18,0,8,0,0,0,0,1,1,6,1,30,6,-1,-1,-1,2,1,2
2018440360793,2,9,0,18,0,8,0,0,0,0,2,1,6,1,24,5,-1,-1,-1,5,1,5
2018440360793,3,9,0,18,0,8,0,0,0,0,2,1,6,1,30,6,1781,1,16,2,1,2
2018440360793,4,9,0,18,0,8,0,0,0,0,2,1,6,1,62,9,1598,2,4,4,1,4
2018440360793,5,9,0,18,0,8,0,0,0,0,2,1,6,1,53,8,1499,2,-1,1,1,1
2018440360797,1,9,0,9,0,8,0,0,0,0,3,1,6,3,-1,-1,2204,2,11,-1,-1,-1
2018440360797,2,9,0,13,0,8,0,0,0,0,4,1,6,1,20,4,-1,-1,-1,5,1,5
2018440360874,1,9,0,18,0,8,0,0,0,0,0,1,6,1,29,6,2204,2,12,-1,-1,-1
2018440360874,2,3,0,9,0,8,0,0,0,0,3,1,6,1,17,4,125,1,2,4,1,4
2018440361022,1,21,0,18,0,0,0,0,0,0,4,1,1,1,40,7,9200,2,13,8,1,8
2018440361064,1,1,0,18,0,8,0,0,0,0,2,1,6,2,28,6,-1,-1,-1,9,1,9
2018440361064,2,9,0,18,0,8,0,0,0,0,1,1,6,3,-1,-1,-1,-1,-1,-1,-1,-1
2018440361067,1,9,0,18,0,0,0,0,0,0,1,1,6,1,56,9,1396,1,9,2,1,2
2018440361250,1,9,0,17,0,0,1,0,0,0,1,1,2,1,44,7,2398,1,20,3,1,3
2018440361250,2,9,0,16,0,0,0,0,0,0,1,1,6,2,63,9,998,1,6,5,1,5
2018440361290,1,9,0,7,0,8,0,0,0,0,1,1,2,2,23,5,1149,1,14,9,2,9
2018440361290,2,9,0,18,0,8,0,0,0,0,1,1,2,1,57,9,2099,1,14,4,2,4
2018440361314,1,9,0,18,0,0,0,4,0,0,1,1,2,2,21,5,1399,1,1,8,1,8
2018440361314,2,9,0,2,0,0,0,0,0,0,1,1,6,3,-1,-1,998,1,10,-1,-1,-1
2018440361367,1,1,0,9,0,8,0,0,0,0,2,1,6,1,27,6,-1,-1,-1,7,2,7
2018440361367,2,9,0,18,0,8,0,0,0,0,1,1,6,1,70,10,1591,1,9,10,1,10
2018440361369,1,19,0,9,0,8,0,0,0,0,1,1,1,1,67,10,-1,3,-1,2,1,2
2018440361369,2,3,0,9,0,8,0,0,0,0,3,1,2,1,40,7,998,1,7,4,1,4
2018440361432,1,9,0,3,0,0,0,0,0,0,2,1,2,2,38,7,2400,2,6,6,1,6
2018440361432,2,9,0,3,0,0,0,0,0,0,2,1,2,1,34,6,1968,2,3,10,1,10
2018440361432,3,9,0,18,0,0,0,0,0,0,1,1,2,2,38,7,647,8,4,10,1,10
2018440361565,1,9,0,18,0,8,0,0,0,0,1,1,6,1,85,11,1997,2,7,5,1,5
2018440361565,2,9,0,18,0,8,0,0,0,0,4,1,6,2,38,7,1598,1,3,7,-1,7
2018440361601,1,1,0,18,0,8,0,0,0,0,4,1,6,2,46,8,-1,-1,-1,10,1,10
2018440361601,2,9,0,18,0,8,0,0,0,0,1,1,6,3,-1,-1,998,1,3,-1,-1,-1
2018440361785,1,5,0,7,0,8,0,0,0,0,1,1,6,1,74,10,1215,1,3,10,1,10
2018440361785,2,9,0,18,0,8,0,0,0,0,4,1,6,1,32,6,1496,1,2,4,1,4
2018440361832,1,19,0,9,0,8,0,0,0,0,1,1,1,1,51,8,1560,2,4,10,1,10
2018440361832,2,5,0,18,0,8,0,0,0,0,4,1,6,1,42,7,900,1,-1,9,3,9
2018440361874,1,9,0,18,0,0,0,0,0,0,1,1,1,3,-1,-1,5998,1,3,-1,-1,-1
2018440361982,1,9,0,13,0,0,0,0,0,0,1,1,6,1,87,11,796,1,12,3,1,3
2018440361982,2,9,0,18,0,0,0,0,0,0,3,1,6,2,58,9,1598,2,1,-1,-1,-1
2018440361982,3,9,0,18,0,0,0,0,0,0,3,1,6,2,38,7,1598,1,12,1,1,1
2018440361982,4,9,0,18,0,0,0,0,0,0,1,1,6,1,38,7,2198,2,5,1,1,1
2018440362120,1,9,0,18,0,0,0,0,0,0,1,1,2,2,34,6,1618,1,2,4,1,4
2018440362201,1,9,0,18,0,8,0,0,0,0,1,1,6,1,63,9,1242,1,10,9,1,9
2018440362201,2,1,0,18,0,8,0,0,0,0,4,1,6,1,57,9,-1,-1,-1,6,1,6
2018440362460,1,9,0,7,0,8,0,0,1,7,1,1,6,2,29,6,-1,-1,-1,3,2,3
2018440362489,1,8,0,1,0,1,0,0,0,0,2,1,1,3,-1,-1,-1,-1,-1,-1,-1,-1
2018440362549,1,3,0,18,0,0,1,0,0,0,1,1,6,1,49,8,124,1,5,3,1,3
2018440362591,1,9,0,18,0,2,0,0,0,0,1,1,2,2,44,7,1598,1,13,6,1,6
2018440362591,2,9,0,2,0,2,0,0,0,0,2,1,6,3,-1,-1,1753,2,11,-1,-1,-1
2018440362828,1,1,0,18,0,8,0,0,0,0,1,1,6,1,37,7,-1,-1,-1,1,1,1
2018440362828,2,1,0,18,0,8,0,0,0,0,1,1,6,1,56,9,-1,-1,-1,9,1,9
2018440362909,1,1,0,18,0,2,0,11,0,0,1,1,6,1,92,11,-1,-1,-1,4,1,4
2018440362936,1,9,0,5,0,0,0,0,0,0,0,1,6,2,79,11,1248,1,7,5,3,5
2018440362969,1,19,0,1,0,8,0,0,0,0,2,1,6,1,42,7,2143,2,2,3,1,3
2018440362969,2,22,0,18,0,8,5,0,0,0,4,1,6,2,89,11,-1,-1,-1,10,2,10
2018440362971,1,9,0,9,0,8,0,0,0,0,1,1,6,2,75,10,1396,1,20,8,3,8
2018440362971,2,9,0,18,0,8,0,0,0,0,1,1,6,1,87,11,1598,1,16,9,3,9
2018440363288,1,9,0,18,0,0,0,0,0,0,2,1,6,1,28,6,1590,1,15,2,1,2
2018440363288,2,21,0,18,0,0,1,0,0,0,1,1,6,1,27,6,12419,2,5,9,3,9
2018440363288,3,19,0,18,0,0,1,0,0,0,1,1,6,1,36,7,2198,2,2,-1,-1,-1
2018440363322,1,9,0,6,0,0,0,0,0,0,1,1,6,2,69,10,1197,1,3,9,1,9
2018440363322,2,9,0,13,0,0,0,0,0,0,1,1,1,1,61,9,-1,-1,-1,10,1,10
2018440363338,1,9,0,18,0,8,0,0,0,0,4,1,1,2,53,8,1968,2,6,9,1,9
2018440363338,2,9,0,18,0,8,0,0,0,0,3,1,2,1,43,7,-1,-1,-1,6,1,6
2018440363430,1,19,0,3,0,1,0,0,0,0,2,1,1,1,46,8,2287,2,1,2,1,2
2018440363430,2,9,0,18,0,1,0,0,0,0,1,1,6,2,24,5,1799,1,11,6,1,6
2018440363691,1,9,0,12,0,0,0,0,0,0,1,1,6,1,51,8,1560,2,4,4,1,4