Accident_Index,Vehicle_Reference,Vehicle_Type,Towing_and_Articulation,Vehicle_Manoeuvre,Vehicle_Location-Restricted_Lane,Junction_Location,Skidding_and_Overturning,Hit_Object_in_Carriageway,Vehicle_Leaving_Carriageway,Hit_Object_off_Carriageway,1st_Point_of_Impact,Was_Vehicle_Left_Hand_Drive?,Journey_Purpose_of_Driver,Sex_of_Driver,Age_of_Driver,Age_Band_of_Driver,Engine_Capacity_(CC),Propulsion_Code,Age_of_Vehicle,Driver_IMD_Decile,Driver_Home_Area_Type,Vehicle_IMD_Decile
2018440376299,1,9,0,18,0,0,1,0,7,11,3,1,6,1,31,6,-1,-1,-1,3,1,3
2018440376610,1,9,0,17,0,0,0,0,0,0,0,1,6,1,-1,-1,1498,1,-1,-1,-1,-1
2018440376610,2,9,0,16,0,0,0,0,1,0,1,1,6,2,30,6,1997,1,11,9,1,9
2018440376686,1,9,0,16,0,2,1,0,0,0,1,1,6,1,80,11,1988,1,17,10,1,10
2018440376686,2,9,0,16,0,2,1,0,1,9,2,1,6,2,36,7,1798,1,11,10,1,10
2018440376702,1,21,0,18,0,1,0,0,0,0,1,1,1,1,24,5,-1,-1,-1,7,1,7
2018440376702,2,9,0,3,0,1,0,0,0,0,2,1,6,2,20,4,1124,1,10,10,1,10
2018440376702,3,9,0,10,0,8,0,0,0,0,2,1,6,3,-1,-1,1798,1,6,-1,-1,-1
2018440376736,1,9,0,18,0,0,0,0,7,9,1,1,6,1,85,11,1796,1,11,10,2,10
2018440376739,1,9,0,16,0,0,1,0,1,4,1,1,6,2,26,6,1598,1,8,10,2,10
2018440376759,1,8,0,5,0,8,0,0,0,0,1,1,1,1,26,6,1598,2,4,8,1,8
2018440376819,1,9,0,7,0,8,0,0,0,0,3,1,6,1,54,8,2993,2,3,10,1,10
2018440376819,2,9,0,18,0,8,0,0,0,0,1,1,6,1,53,8,1499,1,-1,9,1,9
2018440376827,1,3,0,7,0,8,1,0,0,0,0,1,6,2,18,4,125,1,-1,6,1,6
2018440376965,1,9,0,18,0,1,0,0,0,0,1,1,6,2,51,8,2143,2,7,8,1,8
2018440376965,2,9,0,4,0,1,0,0,0,0,2,1,6,2,53,8,1461,2,3,10,1,10
2018440377081,1,9,0,18,0,0,0,0,1,4,1,1,6,1,25,5,1398,1,2,7,1,7
2018440377162,1,8,0,18,0,0,0,0,0,0,1,1,1,3,-1,-1,-1,-1,-1,-1,-1,-1
2018440377170,1,9,0,18,0,0,0,0,2,7,1,1,6,1,50,8,1968,2,10,6,2,6
2018440377664,1,5,0,17,0,0,0,0,1,0,1,1,6,2,30,6,649,1,-1,8,1,8
2018440377754,1,9,0,18,0,0,0,0,1,4,1,1,6,1,29,6,1896,2,16,9,1,9
2018440377838,1,9,0,18,0,1,0,0,0,0,1,1,6,1,-1,-1,1997,2,12,-1,-1,-1
2018440377838,2,9,0,8,0,1,0,0,0,0,2,1,6,1,32,6,-1,-1,-1,9,1,9
2018440377839,1,1,0,7,0,8,0,0,0,0,1,1,6,1,48,8,-1,-1,-1,10,1,10
2018440377839,2,9,0,7,0,8,0,0,0,0,4,1,6,3,-1,-1,-1,-1,-1,-1,-1,-1
2018440377877,1,9,0,18,0,0,0,0,0,0,3,1,6,2,37,7,1339,1,13,2,1,2
2018440377898,1,5,0,5,0,1,0,0,0,0,2,1,6,1,43,7,599,1,20,1,1,1
2018440377898,2,9,0,5,0,1,0,0,0,0,1,1,1,1,51,8,1968,2,2,1,1,1
2018440377945,1,3,0,18,0,8,0,0,0,0,1,1,6,1,18,4,125,1,3,10,2,10
2018440377945,2,9,0,18,0,8,0,0,0,0,4,1,6,1,82,11,1298,1,15,10,1,10
2018440378034,1,9,0,18,0,8,0,0,0,0,1,1,6,1,62,9,1598,2,5,9,2,9
2018440378130,1,9,0,18,0,0,0,0,1,4,1,1,6,1,56,9,2143,2,4,10,2,10
2018440378241,1,9,0,9,0,8,0,0,0,0,1,1,6,1,64,9,1798,1,11,6,1,6
2018440378241,2,1,0,18,0,8,0,0,0,0,1,1,6,1,31,6,-1,-1,-1,7,1,7
2018440378314,1,21,1,7,0,8,0,0,0,0,4,1,1,1,52,8,12902,2,5,8,1,8
2018440378314,2,1,0,5,0,8,0,0,0,0,3,1,2,2,26,6,-1,-1,-1,7,1,7
2018440378322,1,9,0,5,0,8,0,0,0,0,3,1,6,1,26,6,1747,1,10,8,1,8
2018440378322,2,1,0,18,0,7,0,0,0,0,1,1,6,2,33,6,-1,-1,-1,8,1,8
2018440378327,1,9,0,18,0,2,0,0,0,0,1,1,6,2,53,8,1248,1,9,10,1,10
2018440378356,1,9,0,18,0,8,0,0,0,0,1,1,1,2,17,4,1560,2,8,10,1,10
2018440378356,2,1,0,18,0,8,0,0,0,0,4,1,4,1,13,3,-1,-1,-1,8,1,8
2018440378364,1,9,0,4,0,0,0,0,0,0,1,1,6,1,45,7,1995,2,2,8,1,8
2018440378364,2,9,0,4,0,0,0,0,0,0,2,1,6,1,20,4,1598,2,2,6,1,6
2018440378364,3,9,0,4,0,0,0,0,0,0,2,1,6,1,61,9,-1,-1,-1,6,1,6
2018440378371,1,21,0,18,0,0,0,0,0,0,3,1,6,1,58,9,5880,2,11,6,1,6
2018440378371,2,19,0,13,0,0,5,0,1,1,1,1,6,1,56,9,2198,2,7,3,1,3
2018440378371,3,9,0,18,0,0,0,0,0,0,1,1,6,1,41,7,1798,1,13,1,1,1
2018440378635,1,9,0,13,0,0,0,0,0,0,0,1,6,3,-1,-1,-1,-1,-1,-1,-1,-1
2018440378635,2,9,0,18,0,0,0,0,0,0,1,1,6,2,57,9,-1,-1,-1,10,1,10
2018440378876,1,9,0,9,0,8,0,0,0,0,4,1,6,2,42,7,1398,1,6,6,1,6
2018440378876,2,1,0,9,0,8,0,0,0,0,1,1,6,1,37,7,-1,-1,-1,-1,-1,-1
2018440378998,1,97,0,18,0,8,1,0,0,0,0,1,6,1,44,7,-1,-1,-1,2,1,2
2018440379179,1,9,0,10,0,1,0,0,0,0,2,1,6,1,39,7,2979,1,2,9,2,9
2018440379179,2,9,0,18,0,8,1,0,0,0,1,1,1,1,43,7,-1,-1,-1,7,1,7
2018440379418,1,9,0,18,0,0,0,0,4,6,1,1,6,2,19,4,1598,1,11,3,1,3
2018440379650,1,9,0,9,0,8,0,0,0,0,3,1,6,1,52,8,1686,2,13,9,1,9
2018440379650,2,3,0,18,0,8,0,0,0,0,1,1,6,1,22,5,125,1,7,7,1,7
2018440379771,1,9,0,4,0,1,0,0,0,0,1,1,6,3,-1,-1,1910,2,11,-1,-1,-1
2018440379771,2,9,0,4,0,1,0,0,0,0,2,1,6,1,31,6,1995,2,6,9,1,9
2018440379932,1,1,0,4,0,0,0,0,0,0,3,1,6,2,21,5,-1,-1,-1,5,1,5
2018440379932,2,11,0,5,0,0,0,0,0,0,2,1,1,3,-1,-1,8300,2,13,-1,-1,-1
2018440379932,3,9,0,13,0,0,0,0,0,0,4,1,6,3,-1,-1,-1,-1,-1,-1,-1,-1
2018440380118,1,11,0,18,0,1,0,0,0,0,1,1,6,3,-1,-1,9000,2,14,-1,-1,-1
2018440380118,2,9,0,7,0,8,0,0,0,0,2,1,6,2,38,7,1364,1,14,3,1,3
2018440380425,1,9,0,18,0,1,0,0,0,0,1,1,6,1,25,5,1596,1,8,9,1,9
2018440380425,2,9,0,3,0,1,0,0,0,0,2,1,6,2,53,8,1749,1,13,6,1,6
2018440380472,1,9,0,17,0,0,0,0,0,0,1,1,6,2,19,4,1896,2,11,7,3,7
2018440380551,1,9,0,18,0,1,0,0,0,0,1,1,6,1,31,6,1461,2,7,-1,1,-1
2018440380586,1,3,0,17,0,0,0,0,0,0,1,1,6,1,63,9,125,1,-1,9,1,9
2018440380586,2,9,0,16,0,0,0,0,0,0,1,1,6,3,-1,-1,1333,1,-1,-1,-1,-1
2018440380622,1,9,0,18,0,0,0,0,0,0,1,1,6,1,18,4,1229,1,8,7,1,7
2018440380622,2,1,0,18,0,0,0,0,0,0,4,1,6,2,12,3,-1,-1,-1,4,1,4
2018440380774,1,5,0,18,0,2,1,0,0,0,0,1,6,1,56,9,750,1,8,9,1,9
2018440380774,2,9,0,18,0,1,0,0,0,0,1,1,6,2,36,7,1560,2,3,10,1,10
2018440380786,1,9,0,1,0,8,0,0,0,0,2,1,1,1,64,9,1560,2,4,6,1,6
2018440380786,2,1,0,18,0,1,0,0,0,0,1,1,6,1,20,4,-1,-1,-1,1,1,1
2018440381095,1,3,0,18,0,0,0,0,0,0,1,1,6,1,17,4,124,1,7,10,3,10
2018440381095,2,9,0,4,0,0,0,0,0,0,2,1,6,1,33,6,1242,1,6,-1,-1,-1
2018440381154,1,9,0,18,0,0,0,0,0,0,2,1,6,3,-1,-1,1197,1,6,-1,-1,-1
2018440381154,2,9,0,18,0,0,0,0,0,0,1,1,6,2,20,4,998,1,20,8,1,8
2018440381259,1,9,0,3,0,1,0,0,0,0,2,1,1,1,46,8,1598,2,6,3,1,3
2018440381259,2,9,0,18,0,1,0,0,0,0,1,1,6,3,-1,-1,1910,2,14,-1,-1,-1
2018440381504,1,5,0,12,0,0,0,0,0,0,1,1,6,1,21,5,656,1,13,4,1,4
2018440381504,2,9,0,18,0,0,0,0,0,0,2,1,6,3,-1,-1,-1,-1,-1,-1,-1,-1
2018440381612,1,9,0,10,0,8,0,0,0,0,3,1,6,2,21,5,1896,2,13,6,3,6
2018440381612,2,9,0,18,0,8,0,0,1,11,1,1,6,2,30,6,1600,1,19,10,1,10
2018440381688,1,9,0,9,0,8,0,0,0,0,3,1,6,1,-1,-1,-1,-1,-1,-1,-1,-1
2018440381927,1,19,0,18,0,0,0,0,0,0,2,1,6,1,68,10,1905,2,17,7,1,7
2018440381927,2,5,0,18,0,0,0,0,0,0,1,1,6,1,55,8,675,1,1,6,1,6
2018440382032,1,9,0,18,0,0,0,0,0,0,4,1,2,3,-1,-1,1248,1,2,-1,-1,-1
2018440382090,1,1,0,18,0,1,0,0,0,0,4,1,6,2,14,3,-1,-1,-1,-1,-1,-1
2018440382090,2,9,0,18,0,1,0,0,0,0,1,1,6,1,64,9,1596,1,8,8,1,8
2018440382115,1,9,0,18,0,0,0,0,0,0,1,1,6,2,51,8,1984,1,2,5,1,5
2018440382115,2,9,0,4,0,0,0,0,0,0,2,1,6,3,-1,-1,-1,-1,-1,-1,-1,-1
2018440382116,1,5,0,16,0,0,0,0,0,0,1,1,6,2,48,8,865,1,5,8,3,8
2018440382116,2,9,0,17,0,0,0,0,0,0,3,1,6,1,18,4,1560,2,9,8,3,8
2018440382147,1,9,0,9,0,8,0,0,0,0,4,1,6,2,31,6,998,1,13,4,1,4
2018440382147,2,5,0,18,0,8,0,0,0,0,1,1,6,1,28,6,645,1,17,3,1,3
2018440382149,1,5,0,16,0,0,1,0,7,9,2,1,6,1,41,7,-1,-1,-1,9,1,9
2018440382323,1,9,0,17,0,0,2,0,1,1,1,1,2,1,45,7,2987,2,7,10,1,10
2018440382331,1,9,0,9,0,8,0,0,0,0,3,1,6,1,18,4,1598,2,6,4,1,4
2018440382331,2,1,0,18,0,8,0,0,0,0,1,1,6,1,24,5,-1,-1,-1,2,1,2
2018440382494,1,9,0,18,0,1,2,0,1,11,1,1,6,1,31,6,1984,1,11,7,1,7
2018440382494,2,9,0,2,0,1,0,0,0,0,3,1,6,3,-1,-1,1598,1,2,-1,-1,-1
2018440382494,3,9,0,2,0,1,0,0,0,0,3,1,6,3,-1,-1,1364,1,4,-1,-1,-1
2018440382494,4,9,0,2,0,1,0,0,0,0,3,1,6,3,-1,-1,2198,1,10,-1,-1,-1
2018440382494,5,9,0,2,0,1,0,0,0,0,3,1,6,3,-1,-1,1948,1,18,-1,-1,-1
2018440382512,1,9,0,18,0,0,1,0,0,0,2,1,6,1,26,6,989,1,18,3,1,3
2018440382512,2,9,0,18,0,0,0,0,0,0,1,1,6,1,70,10,1896,2,15,1,1,1
2018440382726,1,9,0,9,0,8,0,0,0,0,3,1,2,1,28,6,1248,2,13,7,3,7
2018440382726,2,5,0,18,0,8,0,0,0,0,1,1,2,2,55,8,1255,1,8,3,1,3
2018440382888,1,9,0,5,0,1,0,0,0,0,2,1,2,1,38,7,1896,2,12,6,1,6
2018440382888,2,9,0,18,0,1,0,0,0,0,1,1,6,3,-1,-1,999,1,1,-1,-1,-1
2018440383003,1,21,0,18,0,0,0,0,0,0,4,1,6,3,-1,-1,-1,-1,-1,-1,-1,-1
2018440383198,1,9,0,2,0,0,0,0,0,0,2,1,6,1,78,11,1968,2,2,10,1,10
2018440383198,2,9,0,16,0,0,0,4,0,0,1,1,6,2,34,6,2204,2,12,8,3,8
2018440383380,1,3,0,5,0,0,1,0,0,0,0,1,2,1,23,5,124,1,3,10,1,10
2018440383419,1,19,0,18,0,1,1,0,0,0,1,1,1,1,49,8,1868,2,11,6,3,6
2018440383419,2,9,0,8,0,1,0,0,0,0,2,1,6,1,55,8,1560,2,6,2,1,2
2018440383419,3,9,0,8,0,1,0,0,0,0,2,1,6,2,25,5,1229,1,7,10,1,10
2018440383444,1,9,0,4,0,0,0,0,0,0,1,1,6,1,41,7,1328,1,14,10,1,10
2018440383444,2,9,0,4,0,0,0,0,0,0,2,1,2,2,50,8,1999,1,10,9,3,9
2018440383444,3,19,0,4,0,0,0,0,0,0,2,1,6,1,51,8,1968,2,2,10,2,10
2018440383445,1,97,0,18,0,0,1,0,0,0,1,1,6,1,36,7,-1,-1,-1,3,1,3
2018440383445,2,9,0,4,0,0,0,0,0,0,2,1,6,1,31,6,2993,2,-1,1,1,1
2018440383612,1,9,0,7,0,8,0,0,1,2,1,1,6,1,67,10,1587,1,26,6,1,6
2018440383657,1,9,0,7,0,3,0,0,0,0,1,1,6,3,-1,-1,-1,-1,-1,-1,-1,-1
2018440383746,1,9,0,18,0,8,0,0,0,0,1,1,6,1,46,8,2198,2,3,4,1,4
2018440383746,2,9,0,1,0,8,0,0,0,0,2,1,6,3,-1,-1,998,1,2,-1,-1,-1
2018440383954,1,9,0,18,0,0,0,0,0,0,1,1,4,1,41,7,1198,1,3,5,1,5
2018440383955,1,3,0,18,0,0,1,0,0,0,0,1,2,1,17,4,125,1,-1,6,1,6
2018440384213,1,21,0,11,0,0,0,0,0,0,4,1,6,1,21,5,11705,2,12,-1,-1,-1
2018440384213,2,9,0,18,0,0,0,0,0,0,3,1,6,2,51,8,1086,1,13,5,1,5
2018440384366,1,9,0,18,0,1,0,0,0,0,1,1,6,2,32,6,1598,1,10,2,1,2
2018440384366,2,9,0,4,0,1,0,0,0,0,2,1,6,1,72,10,1870,2,15,9,1,9
2018440384505,1,9,0,5,0,2,0,0,0,0,1,1,6,1,58,9,-1,-1,-1,3,1,3
2018440384505,2,1,0,18,0,1,0,0,0,0,1,1,6,1,21,5,-1,-1,-1,5,1,5
2018440384545,1,8,0,18,0,8,0,0,0,0,4,1,6,3,-1,-1,-1,-1,-1,-1,-1,-1
2018440384545,2,1,0,18,0,8,0,0,0,0,1,1,3,1,20,4,-1,-1,-1,-1,-1,-1
2018440384655,1,9,0,18,0,1,0,0,0,0,4,1,6,3,-1,-1,-1,-1,-1,-1,-1,-1
2018440384670,1,1,0,18,0,8,0,0,0,0,1,1,6,1,66,10,-1,-1,-1,10,1,10
2018440384670,2,9,0,9,0,8,0,0,0,0,3,1,6,3,-1,-1,1461,2,2,-1,-1,-1
2018440384771,1,9,0,9,0,8,0,0,0,0,1,1,6,1,42,7,999,1,3,4,1,4
2018440384771,2,9,0,18,0,8,0,0,0,0,4,1,6,2,27,6,-1,-1,-1,4,1,4
2018440384849,1,9,0,9,0,8,0,0,0,0,1,1,6,2,49,8,1398,1,3,7,1,7
2018440384849,2,3,0,7,0,8,0,0,0,0,1,1,6,1,36,7,125,1,3,5,1,5
2018440385019,1,9,0,9,0,8,0,0,0,0,1,1,6,2,21,5,1388,1,16,3,1,3
2018440385133,1,9,0,18,0,8,0,0,0,0,1,1,6,1,21,5,1398,1,8,1,1,1
2018440385133,2,9,0,18,0,8,0,0,0,0,3,1,6,1,70,10,1582,2,-1,5,1,5
2018440385310,1,9,0,18,0,8,0,0,0,0,1,1,6,1,65,9,1560,2,2,7,2,7
2018440385310,2,9,0,9,0,8,0,0,0,0,4,1,6,2,32,6,1596,1,17,7,2,7
2018440385736,1,9,0,11,0,0,0,0,4,1,1,1,6,1,18,4,1360,1,12,6,3,6
2018440385799,1,9,0,9,0,8,0,0,0,0,4,1,6,1,40,7,1396,1,5,8,1,8
2018440385799,2,9,0,18,0,8,0,0,0,0,1,1,6,1,69,10,1995,2,7,10,1,10
2018440385882,1,1,0,18,0,8,0,0,0,0,2,1,6,1,48,8,-1,-1,-1,4,1,4
2018440385882,2,9,0,18,0,8,0,0,0,0,1,1,6,3,-1,-1,-1,-1,-1,-1,-1,-1
2018440385947,1,9,0,9,0,8,0,0,0,0,1,1,6,1,24,5,1395,1,2,9,3,9
2018440385947,2,9,0,4,0,1,0,0,0,0,0,1,6,2,31,6,998,1,-1,10,1,10
2018440385947,3,5,0,13,0,8,0,0,0,0,1,1,6,1,25,5,599,1,19,6,1,6
2018440385965,1,9,0,18,0,8,0,0,0,0,3,1,6,3,-1,-1,3982,1,3,-1,-1,-1
2018440385965,2,1,0,18,0,8,0,0,0,0,1,1,6,1,20,4,-1,-1,-1,4,1,4
2018440386051,1,9,0,9,0,8,0,0,0,0,1,1,6,2,41,7,1968,2,3,2,1,2
2018440386051,2,9,0,3,0,1,0,0,0,0,3,1,6,1,36,7,-1,-1,-1,1,1,1
2018440386051,3,9,0,3,0,1,0,0,0,0,3,1,6,1,61,9,1596,1,6,3,1,3
2018440386052,1,9,0,9,0,0,0,0,0,0,1,1,6,1,47,8,1499,1,-1,9,3,9
2018440386052,2,4,0,13,0,0,1,0,0,0,4,1,6,1,52,8,250,1,5,7,1,7
2018440386282,1,9,0,4,0,8,0,0,0,0,3,1,6,1,57,9,3699,1,83,9,2,9
2018440386282,2,1,0,7,0,8,0,0,0,0,1,1,6,1,6,2,-1,-1,-1,9,2,9
2018440386320,1,1,0,9,0,8,0,0,0,0,0,1,6,1,33,6,-1,-1,-1,5,1,5
2018440386383,1,9,0,18,0,8,1,10,0,0,1,1,6,1,18,4,1390,1,9,3,1,3
2018440386383,2,9,0,18,0,8,1,0,0,0,4,1,6,1,45,7,1969,2,1,8,1,8
2018440386600,1,9,0,18,0,0,0,0,7,4,1,1,1,1,25,5,1769,1,14,3,1,3
2018440386647,1,9,0,18,0,0,0,0,1,0,0,1,6,1,47,8,2143,2,3,2,3,2
2018440386692,1,9,0,1,0,0,0,0,0,0,2,1,6,3,-1,-1,1000,1,18,-1,-1,-1
2018440386692,2,1,0,18,0,0,0,0,0,0,3,1,1,1,21,5,-1,-1,-1,4,1,4
2018440386752,1,9,0,11,0,0,1,0,4,0,3,1,6,1,35,6,1995,2,-1,10,3,10
2018440386824,1,9,0,9,0,1,0,0,0,0,3,1,6,2,50,8,998,1,3,5,3,5
2018440386829,1,9,0,18,0,0,0,0,0,0,1,1,6,3,-1,-1,2926,2,13,-1,-1,-1
2018440387016,1,9,0,18,0,2,1,0,4,6,1,1,6,2,26,6,1991,2,11,6,1,6
2018440387016,2,9,0,18,0,2,1,0,4,6,3,1,6,2,35,6,1796,1,9,10,1,10
2018440387017,1,9,0,9,0,2,0,0,0,0,4,1,6,2,87,11,1461,1,6,9,1,9
2018440387033,1,9,0,18,0,0,0,0,1,10,1,1,6,1,70,10,2299,1,29,5,1,5
2018440387117,1,9,0,18,0,0,1,0,7,0,1,1,6,1,33,6,1997,2,12,2,1,2
2018440387117,2,9,0,3,0,0,0,0,0,0,2,1,6,1,40,7,1398,1,3,10,1,10
2018440387247,1,19,0,18,0,8,0,0,0,0,3,1,6,1,37,7,2287,2,11,4,1,4
2018440387247,2,9,0,9,0,8,0,0,0,0,3,1,6,1,24,5,1364,1,13,4,1,4
2018440387267,1,9,0,18,0,8,0,0,0,0,4,1,6,1,46,8,1560,2,9,5,1,5
2018440387267,2,9,0,9,0,8,0,0,0,0,1,1,6,1,32,6,1598,1,16,7,1,7
2018440387297,1,1,0,18,0,0,0,0,0,0,1,1,6,1,32,6,-1,-1,-1,9,1,9
2018440387338,1,9,0,18,0,0,5,0,7,0,0,1,6,1,65,9,-1,-1,-1,6,2,6
2018440387411,1,5,0,18,0,0,0,0,7,0,3,1,6,1,52,8,918,1,18,4,1,4
2018440387451,1,9,0,18,0,0,1,0,1,1,3,1,6,1,29,6,2600,1,23,4,1,4
2018440387498,1,9,0,18,0,8,0,0,0,0,1,1,6,1,51,8,1998,1,15,10,1,10
2018440387498,2,9,0,18,0,8,0,0,0,0,4,1,6,1,46,8,2993,2,3,10,1,10
2018440387529,1,1,0,18,0,8,0,0,0,0,0,1,6,1,35,6,-1,-1,-1,6,1,6
2018440387534,1,9,0,9,0,8,0,0,0,0,3,1,6,2,58,9,1229,1,13,10,1,10
2018440387534,2,5,0,13,0,8,0,0,0,0,1,1,6,1,32,6,656,1,10,6,1,6
2018440387553,1,9,0,9,0,8,0,0,0,0,1,1,6,2,65,9,2996,2,9,9,3,9
2018440387553,2,9,0,18,0,8,0,0,0,0,1,1,6,1,48,8,1896,2,15,9,1,9
2018440387564,1,9,0,9,0,8,0,0,0,0,1,1,2,2,30,6,1995,2,8,10,1,10
2018440387564,2,3,0,18,0,8,0,0,0,0,3,1,2,2,47,8,125,1,2,5,1,5
2018440387725,1,9,0,17,0,0,2,0,7,0,1,1,2,2,55,8,1328,1,14,8,1,8
2018440387882,1,9,0,10,0,8,0,0,0,0,2,1,6,2,23,5,998,1,5,9,1,9
2018440387882,2,9,0,18,0,8,0,0,0,0,1,1,6,2,23,5,1397,1,9,6,1,6
2018440388067,1,19,0,4,0,0,0,0,0,0,2,1,6,1,62,9,1560,2,8,2,1,2
2018440388067,2,3,0,18,0,0,1,0,0,0,1,1,6,1,22,5,125,1,9,10,2,10
2018440388204,1,9,0,10,0,8,0,0,0,0,2,1,6,1,49,8,1986,2,13,9,1,9
2018440388204,2,9,0,18,0,8,0,0,0,0,1,1,6,3,-1,-1,1368,1,6,-1,-1,-1
2018440388256,1,8,0,4,0,1,0,0,0,0,3,1,2,1,33,6,1598,2,3,3,1,3
2018440388256,2,3,0,18,0,1,0,0,0,0,1,1,6,1,18,4,125,1,-1,6,1,6
2018440388428,1,9,0,17,0,8,0,0,0,0,3,1,6,2,37,7,1919,2,10,7,1,7
2018440388428,2,9,0,11,0,8,0,0,0,0,4,1,6,1,70,10,1360,1,14,4,1,4
2018440388553,1,9,0,17,0,0,0,0,8,4,1,1,6,2,19,4,1149,1,11,10,1,10
2018440388618,1,19,0,4,0,0,1,0,0,0,1,1,1,1,27,6,2143,2,2,2,1,2
2018440388618,2,17,0,18,0,0,0,0,0,0,1,1,1,1,23,5,6788,2,2,9,3,9
2018440388933,1,9,0,18,0,0,0,0,4,4,1,1,2,2,45,7,1497,8,3,10,1,10
2018440388980,1,9,0,9,0,8,0,0,0,0,3,1,6,2,34,6,1364,1,11,5,1,5
2018440388980,2,9,0,18,0,8,0,0,0,0,3,1,6,1,50,8,1397,1,10,3,1,3
2018440389279,1,9,0,1,0,8,0,0,0,0,2,1,6,1,18,4,1242,1,9,10,1,10
2018440389279,2,9,0,18,0,8,0,0,0,0,3,1,6,2,62,9,1997,2,11,-1,-1,-1
2018440389309,1,3,0,17,0,1,0,0,0,0,1,1,6,1,17,4,124,1,15,4,1,4
2018440389309,2,5,0,18,0,1,0,0,0,0,2,1,6,1,48,8,749,1,4,2,1,2
2018440389368,1,9,0,9,0,8,0,0,1,0,3,1,6,1,76,11,2496,2,15,8,2,8
2018440389368,2,9,0,18,0,8,0,0,0,0,1,1,6,1,64,9,5935,1,2,10,3,10
2018440389649,1,9,0,18,0,0,0,0,0,0,1,1,6,1,70,10,1248,1,3,4,1,4
2018440389700,1,9,0,9,0,8,0,0,0,0,3,1,6,2,39,7,1498,1,-1,9,1,9
2018440389700,2,9,0,18,0,8,0,0,0,0,1,1,6,2,20,4,1686,2,14,8,1,8
2018440389918,1,1,0,18,0,8,0,0,0,0,1,1,6,1,18,4,-1,-1,-1,1,1,1
2018440389918,2,9,0,18,0,8,0,0,0,0,3,1,6,2,69,10,1200,1,-1,-1,-1,-1
2018440390349,1,9,0,18,0,8,0,0,1,0,1,1,3,3,-1,-1,1995,2,1,-1,-1,-1
2018440390349,2,1,0,18,0,8,0,0,0,0,2,1,6,1,55,8,-1,-1,-1,8,1,8
2018440390380,1,9,0,6,0,0,0,0,0,0,4,1,1,2,29,6,-1,-1,-1,10,2,10
2018440390380,2,5,0,18,0,0,1,0,0,0,1,1,1,1,57,9,848,1,16,9,2,9
2018440390425,1,9,0,18,0,0,0,0,0,0,2,1,6,2,41,7,1197,1,2,4,1,4
2018440390425,2,9,0,18,0,0,0,0,0,0,1,1,6,1,21,5,1388,1,11,2,1,2
2018440390444,1,9,0,18,0,8,0,0,0,0,1,1,1,1,24,5,1797,8,3,3,1,3
2018440390444,2,9,0,9,0,8,0,0,0,0,4,1,3,2,38,7,-1,-1,-1,9,1,9
2018440390634,1,9,0,4,0,8,1,0,1,1,4,1,6,2,22,5,1910,2,11,4,1,4
2018440390841,1,9,0,9,0,8,0,0,0,0,3,1,6,2,42,7,1240,1,10,9,3,9
2018440390841,2,9,0,18,0,8,0,0,0,0,1,1,6,2,42,7,1999,2,2,9,3,9
2018440390903,1,9,0,18,0,8,0,0,0,0,1,1,6,2,24,5,1399,1,7,6,1,6
2018440390903,2,1,0,18,0,8,0,0,0,0,1,1,6,1,37,7,-1,-1,-1,1,1,1
2018440390938,1,9,0,4,0,0,0,0,0,0,2,1,6,1,58,9,-1,-1,-1,6,1,6
2018440390938,2,19,0,18,0,0,0,0,0,0,1,1,6,1,40,7,-1,-1,-1,4,3,4
2018440390938,3,19,0,18,0,0,0,0,0,0,1,1,6,1,24,5,2300,2,13,4,2,4
2018440391285,1,1,0,18,0,8,0,0,0,0,4,1,6,1,58,9,-1,-1,-1,5,1,5
2018440391285,2,9,0,18,0,8,0,0,0,0,1,1,6,1,22,5,1296,1,11,3,1,3
2018440391328,1,9,0,18,0,8,0,0,0,0,3,1,6,2,46,8,1998,1,12,9,1,9
2018440391328,2,9,0,18,0,8,0,0,0,0,1,1,6,1,32,6,1995,2,4,9,1,9
2018440391514,1,9,0,17,0,0,1,0,2,4,1,1,6,1,20,4,2231,2,11,2,1,2
2018440391528,1,9,0,18,0,0,0,0,0,0,2,1,6,1,54,8,1997,1,20,5,1,5
2018440391528,2,9,0,18,0,0,0,0,0,0,1,1,6,1,75,10,998,1,6,5,2,5
2018440391845,1,9,0,18,0,1,0,0,0,0,4,1,6,2,22,5,1242,1,2,4,1,4
2018440391845,2,3,0,18,0,1,0,0,0,0,1,1,6,1,18,4,124,1,5,3,1,3
2018440391845,3,9,0,2,0,1,0,0,0,0,2,1,6,3,-1,-1,1124,1,16,-1,-1,-1
2018440391986,1,9,0,4,0,1,0,0,0,0,2,1,6,2,56,9,1248,1,6,9,1,9
2018440391986,2,9,0,18,0,1,0,0,0,0,1,1,6,3,-1,-1,1390,1,15,-1,-1,-1
2018440392051,1,1,0,18,0,1,0,10,0,0,0,1,6,1,72,10,-1,-1,-1,9,1,9
2018440392051,2,20,0,13,0,1,0,0,0,0,0,1,6,1,-1,-1,10837,2,7,5,1,5
2018440392119,1,19,0,1,0,1,0,0,0,0,2,1,1,1,26,6,2143,2,1,4,1,4