Accident_Index,Vehicle_Reference,Vehicle_Type,Towing_and_Articulation,Vehicle_Manoeuvre,Vehicle_Location-Restricted_Lane,Junction_Location,Skidding_and_Overturning,Hit_Object_in_Carriageway,Vehicle_Leaving_Carriageway,Hit_Object_off_Carriageway,1st_Point_of_Impact,Was_Vehicle_Left_Hand_Drive?,Journey_Purpose_of_Driver,Sex_of_Driver,Age_of_Driver,Age_Band_of_Driver,Engine_Capacity_(CC),Propulsion_Code,Age_of_Vehicle,Driver_IMD_Decile,Driver_Home_Area_Type,Vehicle_IMD_Decile
2018440392269,1,9,0,5,0,8,0,0,0,0,3,1,6,2,39,7,1598,2,1,7,1,7
2018440392269,2,1,0,18,0,8,0,0,0,0,2,1,6,2,47,8,-1,-1,-1,5,1,5
2018440392288,1,5,0,11,0,0,0,0,0,0,0,1,6,1,31,6,599,1,20,-1,-1,-1
2018440392362,1,9,0,16,0,0,0,0,0,0,1,1,6,1,30,6,1956,2,5,4,1,4
2018440392362,2,9,0,17,0,0,0,0,0,0,1,1,6,1,33,6,2179,2,5,10,1,10
2018440392471,1,9,0,18,0,0,0,0,0,0,1,1,6,2,41,7,1598,1,7,8,1,8
2018440392525,1,9,0,4,0,1,0,0,0,0,2,1,6,1,41,7,1997,2,6,2,1,2
2018440392525,2,9,0,18,0,1,0,0,0,0,1,1,6,1,24,5,1995,2,6,10,1,10
2018440392531,1,9,0,9,0,8,0,0,0,0,4,1,6,1,82,11,1984,1,12,7,3,7
2018440392531,2,9,0,18,0,8,0,0,0,0,1,1,6,2,51,8,2993,2,9,9,3,9
2018440392618,1,9,0,9,0,8,0,0,0,0,1,1,6,1,32,6,1200,1,2,2,1,2
2018440392618,2,9,0,3,0,8,0,0,0,0,0,1,6,1,56,9,1584,1,14,1,1,1
2018440392618,3,1,0,18,0,8,0,0,0,0,3,1,6,2,80,11,-1,-1,-1,5,1,5
2018440392645,1,9,0,3,0,0,0,0,0,0,2,1,6,1,35,6,1197,1,2,-1,-1,-1
2018440392645,2,9,0,3,0,0,0,0,0,0,2,1,2,1,36,7,1339,1,14,3,1,3
2018440392645,3,9,0,18,0,0,0,0,0,0,1,1,6,1,25,5,999,1,2,-1,-1,-1
2018440392653,1,5,0,13,0,0,0,0,0,0,3,1,6,1,24,5,765,1,-1,-1,-1,-1
2018440392680,1,9,0,18,0,0,0,12,0,0,1,1,2,1,76,11,1498,1,6,10,2,10
2018440392680,2,9,0,18,0,0,0,0,0,0,0,1,6,1,47,8,1498,1,6,-1,-1,-1
2018440393067,1,9,0,18,0,0,0,0,0,0,1,1,2,1,42,7,1998,1,3,7,1,7
2018440393079,1,9,0,16,0,8,0,0,0,0,0,1,6,2,26,6,1198,1,12,-1,-1,-1
2018440393079,2,19,0,9,0,8,0,0,0,0,0,1,6,1,48,8,1598,2,-1,3,1,3
2018440393096,1,9,0,18,0,0,0,4,0,0,1,1,6,1,20,4,1398,1,3,3,1,3
2018440393096,2,9,0,2,0,0,0,4,0,0,2,1,6,3,-1,-1,2000,2,13,-1,-1,-1
2018440393096,3,9,0,2,0,0,0,4,0,0,2,1,6,3,-1,-1,1956,2,4,-1,-1,-1
2018440393096,4,9,0,2,0,0,0,0,0,0,3,1,6,3,-1,-1,-1,-1,-1,-1,-1,-1
2018440393292,1,5,0,5,0,8,0,0,1,1,1,1,2,1,22,5,599,1,23,3,1,3
2018440393306,1,21,0,18,0,1,0,0,0,0,0,1,1,1,39,7,9290,2,1,9,3,9
2018440393306,2,9,0,18,0,1,0,0,0,0,2,1,6,3,-1,-1,1597,2,4,-1,-1,-1
2018440393306,3,19,0,18,0,1,0,0,0,0,1,1,1,3,-1,-1,4485,2,2,-1,-1,-1
2018440393328,1,19,0,18,0,1,0,0,0,0,1,1,1,1,28,6,2287,2,2,8,1,8
2018440393328,2,9,0,3,0,1,0,0,0,0,2,1,6,1,29,6,1998,1,12,7,3,7
2018440393378,1,9,0,18,0,2,0,0,0,0,1,1,6,1,73,10,1560,2,1,7,1,7
2018440393378,2,1,0,18,0,2,0,0,0,0,4,1,6,1,19,4,-1,-1,-1,7,1,7
2018440393390,1,19,0,18,0,8,0,0,0,0,4,1,1,1,49,8,1870,2,15,4,1,4
2018440393390,2,9,0,9,0,8,0,0,0,0,1,1,6,2,24,5,1398,1,1,8,3,8
2018440393468,1,2,0,18,0,0,0,0,0,0,1,1,6,1,16,4,847,1,5,8,1,8
2018440393468,2,9,0,18,0,0,0,0,0,0,1,1,6,1,20,4,1390,1,20,9,1,9
2018440393468,3,19,0,4,0,0,0,0,0,0,0,1,1,1,41,7,1898,2,-1,4,1,4
2018440393469,1,11,0,5,0,0,0,0,0,0,0,1,1,3,-1,-1,-1,-1,-1,-1,-1,-1
2018440393616,1,9,0,18,0,0,0,0,0,0,2,1,6,1,29,6,1999,1,7,4,1,4
2018440393616,2,19,0,18,0,0,0,0,0,0,1,1,6,3,-1,-1,-1,-1,-1,-1,-1,-1
2018440393668,1,9,0,9,0,8,0,0,0,0,1,1,6,2,26,6,1984,1,5,8,1,8
2018440393668,2,3,0,18,0,8,0,0,0,0,3,1,6,1,46,8,-1,-1,-1,6,1,6
2018440393771,1,9,0,18,0,0,0,0,0,0,3,1,6,2,27,6,999,1,1,6,3,6
2018440393771,2,21,0,18,0,0,0,0,0,0,1,1,6,1,50,8,12777,2,-1,1,1,1
2018440393902,1,9,0,9,0,0,0,0,0,0,1,1,6,1,33,6,998,1,6,6,1,6
2018440393902,2,3,0,18,0,0,0,0,0,0,1,1,6,1,37,7,124,1,10,10,1,10
2018440393969,1,4,0,18,0,8,0,0,0,0,4,1,6,1,23,5,398,1,11,10,1,10
2018440393969,2,19,0,7,0,8,0,0,0,0,0,1,6,3,-1,-1,-1,-1,-1,-1,-1,-1
2018440393969,3,9,0,9,0,8,0,0,0,0,1,1,6,2,39,7,1995,2,4,6,1,6
2018440394007,1,5,0,16,0,0,1,0,0,0,0,1,6,1,32,6,-1,-1,-1,6,1,6
2018440394040,1,19,0,9,0,8,0,0,0,0,1,1,6,1,26,6,2402,2,9,5,1,5
2018440394040,2,9,0,18,0,8,0,0,0,0,1,1,6,1,58,9,1499,2,3,4,1,4
2018440394092,1,9,0,18,0,0,0,0,1,1,1,1,6,2,26,6,1400,2,11,10,2,10
2018440394136,1,2,0,13,0,8,0,0,0,0,1,1,6,1,16,4,49,1,5,5,1,5
2018440394136,2,9,0,9,0,8,0,0,0,0,3,1,6,1,50,8,1968,2,3,6,1,6
2018440394412,1,5,0,13,0,0,0,0,0,0,4,1,6,1,19,4,599,1,21,2,1,2
2018440394412,2,9,0,18,0,0,0,0,0,0,3,1,6,2,17,4,1240,1,13,6,1,6
2018440394438,1,9,0,5,0,8,0,0,0,0,3,1,6,3,-1,-1,-1,-1,-1,-1,-1,-1
2018440394438,2,3,0,14,0,8,0,0,0,0,4,1,6,1,20,4,125,1,-1,2,1,2
2018440394595,1,9,0,18,0,1,5,0,0,0,0,1,6,1,39,7,1598,1,9,7,2,7
2018440394857,1,9,0,18,0,0,0,0,0,0,1,1,6,1,65,9,999,1,-1,10,1,10
2018440394895,1,9,0,3,0,2,0,0,0,0,2,1,2,2,47,8,1248,2,5,10,1,10
2018440394895,2,9,0,18,0,2,0,0,0,0,1,1,6,1,18,4,-1,-1,-1,9,1,9
2018440394896,1,9,0,9,0,8,0,0,0,0,1,1,6,3,-1,-1,1580,8,1,-1,-1,-1
2018440394896,2,1,0,18,0,8,0,0,0,0,3,1,6,2,38,7,-1,-1,-1,9,1,9
2018440394914,1,9,0,4,0,8,0,0,0,0,4,1,6,1,57,9,1397,1,15,2,1,2
2018440394914,2,9,0,9,0,8,0,0,0,0,0,1,6,3,-1,-1,-1,-1,-1,-1,-1,-1
2018440395088,1,9,0,9,0,8,0,0,0,0,1,1,6,1,36,7,1398,1,-1,-1,-1,-1
2018440395088,2,9,0,18,0,8,0,0,0,0,3,1,6,1,62,9,1560,2,7,8,1,8
2018440395233,1,9,0,13,0,0,0,0,0,0,3,1,6,1,43,7,1896,2,12,5,1,5
2018440395233,2,5,0,13,0,0,0,0,0,0,4,1,6,1,38,7,1215,1,1,2,1,2
2018440395267,1,9,0,18,0,8,0,0,0,0,1,1,6,1,43,7,1995,2,3,10,1,10
2018440395515,1,9,0,18,0,8,0,0,0,0,1,1,6,1,35,6,998,1,15,1,1,1
2018440395515,2,9,0,9,0,8,0,0,0,0,3,1,6,1,41,7,1199,1,15,6,1,6
2018440395533,1,8,0,18,0,8,0,0,0,0,0,1,6,1,56,9,-1,-1,-1,3,1,3
2018440395974,1,9,0,18,0,0,0,0,1,11,1,1,6,2,63,9,1390,1,9,9,1,9
2018440396159,1,11,0,9,0,8,0,0,0,0,4,1,1,3,-1,-1,4461,2,5,-1,-1,-1
2018440396159,2,19,0,9,0,8,0,0,2,10,3,1,6,3,-1,-1,1461,2,6,-1,-1,-1
2018440396262,1,19,0,12,0,1,0,0,0,0,2,1,6,2,74,10,2496,2,18,8,1,8
2018440396262,2,3,0,18,0,1,0,0,0,0,1,1,6,1,24,5,125,1,1,8,1,8
2018440396340,1,9,0,18,0,0,0,0,0,0,2,1,6,2,41,7,1598,1,5,7,3,7
2018440396340,2,9,0,18,0,0,0,0,0,0,2,1,6,2,26,6,1198,1,1,9,1,9
2018440396340,3,9,0,18,0,0,0,0,0,0,1,1,6,1,48,8,1896,2,16,9,1,9
2018440396513,1,9,0,7,0,8,0,0,7,3,1,1,6,1,22,5,1242,1,15,3,1,3
2018440397063,1,9,0,18,0,1,0,0,0,0,1,1,6,3,-1,-1,1995,2,13,-1,-1,-1
2018440397063,2,9,0,3,0,1,0,0,0,0,2,1,6,1,72,10,-1,-1,-1,10,2,10
2018440397266,1,9,0,17,0,0,5,0,0,0,4,1,6,1,81,11,1997,2,17,-1,-1,-1
2018440397292,1,9,0,18,0,1,0,0,0,0,4,1,6,3,-1,-1,-1,-1,-1,-1,-1,-1
2018440397292,2,1,0,9,0,1,0,0,0,0,3,1,6,1,19,4,-1,-1,-1,2,1,2
2018440397547,1,9,0,13,0,0,0,0,0,0,4,1,6,2,86,11,-1,-1,-1,9,2,9
2018440397547,2,1,0,18,0,0,0,0,0,0,3,1,6,2,54,8,-1,-1,-1,8,3,8
2018440397692,1,9,0,18,0,8,0,0,0,0,1,1,6,2,55,8,1560,2,13,4,1,4
2018440397794,1,9,0,9,0,8,0,0,0,0,4,1,6,1,39,7,1968,2,9,9,2,9
2018440397794,2,3,0,18,0,8,0,0,0,0,1,1,6,1,27,6,125,1,6,7,1,7
2018440397832,1,1,0,10,0,8,0,0,0,0,2,1,6,1,64,9,-1,-1,-1,4,1,4
2018440397832,2,9,0,9,0,8,0,0,0,0,1,1,6,2,32,6,1598,1,4,-1,-1,-1
2018440397956,1,9,0,18,0,0,0,0,0,0,4,1,6,1,65,9,1398,2,5,10,1,10
2018440397956,2,9,0,18,0,0,0,0,0,0,3,1,6,3,-1,-1,1998,1,14,-1,-1,-1
2018440397993,1,9,0,18,0,0,0,0,1,1,2,1,6,1,67,10,1998,1,18,3,1,3
2018440397993,2,9,0,18,0,0,0,0,0,0,1,1,6,1,44,7,1560,2,-1,4,1,4
2018440398226,1,9,0,4,0,0,0,0,0,0,2,1,6,1,33,6,-1,-1,-1,4,1,4
2018440398226,2,9,0,18,0,0,0,0,0,0,1,1,6,1,44,7,1461,2,4,-1,-1,-1
2018440398245,1,9,0,18,0,2,0,0,0,0,1,1,6,1,23,5,1995,2,6,7,1,7
2018440398245,2,1,0,18,0,2,0,0,0,0,4,1,6,2,34,6,-1,-1,-1,3,1,3
2018440398251,1,3,0,13,0,8,0,0,0,0,1,1,6,1,25,5,124,1,-1,6,1,6
2018440398251,2,9,0,9,0,8,0,0,0,0,3,1,6,2,47,8,1242,1,1,6,3,6
2018440398556,1,11,0,5,0,1,0,0,0,0,0,1,1,3,-1,-1,4461,2,5,-1,-1,-1
2018440398843,1,9,0,2,0,0,0,0,0,0,3,1,6,2,25,5,1242,1,7,10,1,10
2018440398843,2,9,0,18,0,0,0,0,0,0,4,1,1,1,34,6,-1,-1,-1,7,1,7
2018440398941,1,3,0,17,0,0,0,0,1,11,1,1,2,1,17,4,124,1,2,2,1,2
2018440399071,1,9,0,7,0,8,0,0,0,0,1,1,6,1,74,10,998,1,1,3,1,3
2018440399071,2,2,0,18,0,8,0,0,0,0,1,1,6,1,16,4,48,1,1,5,1,5
2018440399155,1,9,0,18,0,8,0,0,0,0,4,1,6,1,42,7,1598,2,1,2,1,2
2018440399155,2,1,0,18,0,8,0,0,0,0,3,1,6,1,57,9,-1,-1,-1,5,1,5
2018440399174,1,9,0,18,0,8,0,0,1,0,4,1,6,1,-1,-1,2993,2,8,-1,-1,-1
2018440399191,1,9,0,18,0,8,0,0,0,0,4,1,6,2,28,6,-1,-1,-1,10,2,10
2018440399191,2,9,0,18,0,8,0,0,0,0,1,1,6,2,64,9,1390,1,11,8,1,8
2018440399200,1,9,0,9,0,2,0,0,0,0,4,1,6,2,59,9,1398,1,14,8,1,8
2018440399245,1,5,0,16,0,0,1,0,7,7,3,1,6,1,26,6,689,1,-1,2,1,2
2018440399324,1,1,0,18,0,1,0,0,0,0,4,1,6,2,18,4,-1,-1,-1,4,1,4
2018440399324,2,9,0,18,0,1,0,0,0,0,1,1,6,3,-1,-1,1349,1,9,-1,-1,-1
2018440399658,1,9,0,18,0,8,0,0,0,0,1,1,6,1,39,7,1956,2,7,9,3,9
2018440399658,2,9,0,18,0,8,0,0,1,1,3,1,6,2,50,8,1329,1,2,9,2,9
2018440399662,1,1,0,18,0,8,0,0,0,0,4,1,6,1,28,6,-1,-1,-1,8,1,8
2018440399662,2,9,0,18,0,8,0,0,0,0,1,1,6,1,53,8,4367,2,7,9,1,9
2018440399892,1,21,0,18,0,8,0,0,0,0,1,1,6,1,45,7,4462,2,5,9,1,9
2018440399892,2,9,0,9,0,8,0,0,0,0,3,1,6,2,72,10,1339,1,15,7,1,7
2018440400077,1,9,0,18,0,8,0,0,0,0,1,1,6,2,74,10,999,1,4,3,1,3
2018440400077,2,9,0,9,0,8,0,0,0,0,1,1,1,1,67,10,-1,-1,-1,6,1,6
2018440400087,1,9,0,2,0,0,0,0,0,0,2,1,6,1,26,6,-1,-1,-1,4,1,4
2018440400087,2,9,0,18,0,0,0,0,0,0,1,1,6,3,-1,-1,-1,-1,-1,-1,-1,-1
2018440400149,1,21,0,18,0,0,0,0,0,0,1,1,1,1,64,9,12777,2,2,-1,-1,-1
2018440400149,2,9,0,4,0,0,0,0,0,0,2,1,6,1,45,7,-1,-1,-1,9,1,9
2018440400149,3,9,0,4,0,0,0,0,0,0,2,1,6,1,57,9,1618,1,3,10,1,10
2018440400149,4,9,0,4,0,0,0,0,0,0,2,1,6,1,68,10,999,1,6,10,1,10
2018440400149,5,9,0,4,0,0,0,0,0,0,2,1,6,1,46,8,1896,2,11,8,1,8
2018440400430,1,2,0,18,0,8,0,0,0,0,1,1,6,1,16,4,-1,-1,-1,1,1,1
2018440400430,2,9,0,18,0,8,0,0,0,0,4,1,6,2,21,5,1229,1,3,4,1,4
2018440400579,1,9,0,9,0,8,0,0,0,0,4,1,6,1,38,7,1910,2,12,9,1,9
2018440400579,2,1,0,18,0,8,0,0,0,0,1,1,6,1,31,6,-1,-1,-1,5,1,5
2018440400589,1,5,0,18,0,0,0,0,0,0,1,1,6,2,27,6,645,1,14,3,1,3
2018440400589,2,9,0,12,0,0,0,0,0,0,2,1,6,2,26,6,1560,2,8,2,1,2
2018440400589,3,9,0,18,0,0,0,0,0,0,2,1,6,1,60,9,1591,1,2,5,1,5
2018440400594,1,9,0,1,0,0,0,0,7,0,3,1,6,1,35,6,1364,1,10,1,1,1
2018440400594,2,1,0,18,0,0,0,0,0,0,3,1,6,2,13,3,-1,-1,-1,2,1,2
2018440400723,1,9,0,5,0,1,0,0,0,0,1,1,6,1,26,6,-1,-1,-1,5,1,5
2018440400723,2,1,0,3,0,8,0,0,0,0,2,1,6,2,37,7,-1,-1,-1,1,1,1
2018440400741,1,1,0,18,0,1,0,0,0,0,3,1,6,1,48,8,-1,-1,-1,7,1,7
2018440400741,2,9,0,18,0,1,0,0,0,0,1,1,6,3,-1,-1,-1,-1,-1,-1,-1,-1
2018440401006,1,9,0,18,0,8,0,0,0,0,1,1,6,1,27,6,1995,2,6,7,1,7
2018440401006,2,1,0,18,0,8,0,0,0,0,4,1,6,1,58,9,-1,-1,-1,4,1,4
2018440401072,1,5,0,8,0,1,0,0,0,0,2,1,6,1,63,9,1584,1,9,3,1,3
2018440401072,2,9,0,5,0,1,0,0,0,0,1,1,6,2,32,6,1984,1,8,2,1,2
2018440401220,1,21,0,1,0,0,0,0,0,0,2,1,6,1,31,6,-1,-1,-1,4,1,4
2018440401220,2,9,0,3,0,0,0,0,0,0,1,1,6,2,39,7,1995,2,1,10,1,10
2018440401306,1,9,0,9,0,8,0,0,0,0,1,1,6,1,19,4,998,1,1,9,1,9
2018440401306,2,1,0,18,0,8,0,0,0,0,4,1,6,1,16,4,-1,-1,-1,4,1,4
2018440401583,1,1,0,18,0,2,0,0,0,0,2,1,6,1,51,8,-1,-1,-1,2,1,2
2018440401583,2,9,0,18,0,2,0,0,0,0,1,1,6,3,-1,-1,-1,-1,-1,-1,-1,-1
2018440401604,1,9,0,11,0,8,0,0,0,0,4,1,6,3,-1,-1,998,1,2,-1,-1,-1
2018440401604,2,9,0,7,0,8,0,0,0,0,3,1,6,2,22,5,1598,1,12,7,1,7
2018440401737,1,9,0,9,0,8,0,0,0,0,1,1,6,1,44,7,1299,1,15,5,3,5
2018440401737,2,3,0,18,0,8,0,0,0,0,3,1,6,1,27,6,125,1,1,2,1,2
2018440401766,1,3,0,18,0,2,0,0,0,0,0,1,1,1,20,4,108,1,-1,9,1,9
2018440401868,1,21,0,18,0,1,0,0,0,0,1,1,6,1,18,4,15607,2,14,-1,-1,-1
2018440401868,2,9,0,10,0,1,0,0,0,0,2,1,6,1,25,5,1328,1,15,5,3,5
2018440402014,1,9,0,9,0,8,0,0,0,0,1,1,1,1,48,8,-1,-1,-1,2,1,2
2018440402275,1,9,0,18,0,0,5,0,0,0,0,1,6,2,20,4,1242,1,10,3,2,3
2018440402342,1,8,0,5,0,1,0,0,0,0,0,1,1,1,39,7,1598,2,3,7,1,7
2018440402342,2,1,0,14,0,1,0,0,0,0,0,1,6,1,17,4,-1,-1,-1,1,1,1
2018440402494,1,1,0,18,0,1,0,0,0,0,3,1,6,1,37,7,-1,-1,-1,9,1,9
2018440402494,2,9,0,18,0,1,0,0,0,0,1,1,6,1,-1,-1,1468,1,9,3,1,3
2018440402511,1,9,0,18,0,0,0,0,0,0,1,1,6,1,39,7,-1,-1,-1,5,1,5
2018440402511,2,1,0,18,0,0,0,0,0,0,4,1,6,2,18,4,-1,-1,-1,9,2,9
2018440402514,1,11,0,5,0,0,0,0,0,0,0,1,1,1,40,7,-1,-1,-1,1,1,1
2018440402515,1,19,0,3,0,8,0,0,0,0,2,1,6,1,59,9,2198,2,3,9,2,9
2018440402515,2,19,0,4,0,1,0,0,0,0,1,1,6,1,31,6,2287,2,2,6,3,6
2018440402670,1,9,0,18,0,0,0,0,0,0,1,1,6,3,-1,-1,1973,1,17,-1,-1,-1
2018440402735,1,9,0,17,0,0,1,0,2,11,1,1,2,1,40,7,1242,1,9,8,3,8
2018440402830,1,19,0,3,0,0,0,0,0,0,2,1,1,1,47,8,2287,2,7,6,1,6
2018440402830,2,9,0,4,0,0,0,0,0,0,2,1,6,2,33,6,999,1,3,3,1,3
2018440402830,3,8,0,18,0,0,0,0,0,0,1,1,1,2,46,8,1461,2,3,-1,-1,-1
2018440402835,1,9,0,9,0,8,0,0,1,0,1,1,6,1,77,11,998,1,20,9,1,9
2018440402835,2,21,0,18,0,8,0,0,0,0,1,1,1,1,62,9,6692,2,10,10,1,10
2018440402835,3,9,0,10,0,8,0,0,0,0,3,1,6,1,66,10,1200,1,1,9,1,9
2018440403042,1,1,0,18,0,8,0,0,0,0,3,1,2,1,54,8,-1,-1,-1,5,1,5
2018440403042,2,8,0,7,0,8,0,0,0,0,4,1,6,3,-1,-1,1798,8,2,-1,-1,-1
2018440403161,1,9,0,18,0,0,0,0,0,0,1,1,6,1,19,4,1390,1,5,4,1,4
2018440403161,2,9,0,3,0,0,0,0,0,0,2,1,6,1,42,7,2401,2,14,-1,-1,-1
2018440403193,1,9,0,4,0,0,0,0,0,0,1,1,6,1,44,7,1496,2,3,7,3,7
2018440403193,2,9,0,4,0,0,0,0,0,0,2,1,6,1,44,7,2993,2,7,8,3,8
2018440403193,3,9,0,4,0,0,0,0,0,0,2,1,6,1,46,8,1598,1,7,10,1,10
2018440403214,1,9,0,18,0,0,0,0,1,11,1,1,6,1,21,5,1360,1,16,3,3,3
2018440403214,2,9,0,18,0,0,0,0,0,0,1,1,6,2,30,6,1388,1,9,1,1,1
2018440403291,1,9,0,18,0,1,0,0,0,0,4,1,6,1,35,6,2967,2,3,10,1,10
2018440403369,1,9,0,4,0,0,0,0,0,0,1,1,2,1,20,4,1388,1,9,7,1,7
2018440403369,2,9,0,18,0,0,0,0,0,0,2,1,2,1,68,10,1968,2,9,9,1,9
2018440403369,3,9,0,4,0,0,0,0,0,0,2,1,2,1,46,8,4244,1,8,8,3,8
2018440403410,1,1,0,18,0,2,0,0,0,0,3,1,6,1,62,9,-1,-1,-1,3,1,3
2018440403410,2,9,0,18,0,2,0,0,0,0,4,1,6,2,55,8,1242,1,9,10,1,10
2018440403906,1,9,0,17,0,0,0,0,0,0,1,1,6,1,22,5,1560,2,7,10,1,10
2018440403906,2,9,0,17,0,0,0,0,0,0,2,1,6,1,56,9,1997,1,3,7,1,7
2018440403965,1,9,0,3,0,8,0,0,0,0,2,1,6,2,48,8,1461,2,2,9,1,9
2018440403965,2,9,0,18,0,8,0,0,0,0,1,1,6,1,20,4,1598,1,15,5,1,5
2018440403986,1,9,0,9,0,8,0,0,0,0,1,1,6,2,52,8,1498,1,-1,3,1,3
2018440403986,2,1,0,18,0,8,0,0,0,0,1,1,6,2,59,9,-1,-1,-1,3,1,3
2018440404853,1,9,0,18,0,1,0,0,0,0,1,1,6,1,55,8,1798,1,16,1,1,1
2018440405229,1,9,0,5,0,1,0,0,0,0,1,1,6,3,-1,-1,-1,-1,-1,-1,-1,-1
2018440405229,2,9,0,7,0,8,0,0,0,0,2,1,6,2,46,8,1339,1,9,6,1,6
2018440405543,1,9,0,18,0,0,0,0,0,0,2,1,6,2,21,5,1598,2,1,3,3,3
2018440405543,2,9,0,18,0,0,0,0,0,0,2,1,6,2,19,4,1229,1,10,7,1,7
2018440405543,3,9,0,18,0,0,0,0,0,0,1,1,6,1,18,4,1388,1,10,9,1,9
2018440405654,1,9,0,18,0,8,0,0,0,0,1,1,6,1,50,8,2993,2,6,7,3,7
2018440405654,2,3,0,18,0,8,0,0,7,0,3,1,6,1,32,6,124,1,2,8,3,8
2018440405664,1,9,0,18,0,8,0,0,0,0,1,1,6,1,26,6,-1,-1,-1,9,1,9
2018440405664,2,9,0,18,0,8,0,0,0,0,1,1,6,1,57,9,1796,1,9,10,1,10
2018440405762,1,9,0,17,0,0,0,0,1,4,1,1,2,1,23,5,1796,2,4,7,1,7
2018440406077,1,9,0,4,0,1,0,0,0,0,1,1,2,2,24,5,1998,1,2,-1,-1,-1
2018440406077,2,9,0,2,0,1,0,0,0,0,2,1,2,3,-1,-1,-1,-1,-1,-1,-1,-1
2018440406077,3,9,0,4,0,1,0,0,0,0,2,1,2,1,44,7,1364,1,3,9,1,9
2018440406077,4,9,0,3,0,1,0,0,0,0,2,1,6,3,-1,-1,1968,2,2,-1,-1,-1
2018440406378,1,9,0,16,0,0,1,0,0,0,1,1,6,2,71,10,1395,1,-1,7,1,7
2018440406378,2,9,0,4,0,0,0,0,0,0,2,1,6,2,40,7,1997,2,6,10,1,10
2018440406378,3,21,0,17,0,0,0,0,0,0,3,1,6,1,53,8,12777,2,1,6,1,6
2018440406778,1,5,0,18,0,0,0,0,0,0,1,1,6,1,57,9,599,1,20,5,1,5
2018440406778,2,1,0,18,0,0,0,0,0,0,3,1,6,1,15,3,-1,-1,-1,-1,-1,-1
2018440406790,1,9,0,9,0,8,0,0,1,10,1,1,6,1,95,11,1248,1,9,3,1,3
2018440406884,1,9,0,18,0,8,0,0,0,0,1,1,6,2,79,11,998,1,3,10,3,10
2018440406884,2,9,0,10,0,8,0,0,0,0,2,1,6,2,66,10,1461,2,2,8,3,8
2018440406886,1,9,0,18,0,8,0,0,0,0,1,1,6,3,-1,-1,-1,-1,-1,-1,-1,-1
2018440406886,2,9,0,9,0,8,0,0,0,0,4,1,6,2,24,5,1595,1,12,7,1,7
2018440407050,1,9,0,18,0,8,0,0,0,0,1,1,6,1,29,6,1390,1,14,6,1,6
2018440407050,2,9,0,9,0,8,0,0,0,0,3,1,6,1,68,10,1798,8,5,4,1,4
2018440407067,1,9,0,9,0,8,0,0,3,0,3,1,6,1,19,4,1360,1,9,10,1,10
2018440407067,2,9,0,18,0,8,0,0,0,0,1,1,6,1,18,4,998,1,8,10,1,10
2018440407320,1,9,0,12,0,0,0,0,0,0,3,1,6,1,28,6,-1,-1,-1,1,1,1
2018440407320,2,9,0,13,0,0,0,0,0,0,4,1,6,1,24,5,-1,-1,-1,2,1,2
2018440407660,1,98,0,6,0,2,0,0,0,0,3,1,6,3,-1,-1,-1,-1,-1,-1,-1,-1
2018440407660,2,5,0,13,0,2,1,0,0,0,4,1,6,1,60,9,598,1,16,5,1,5
2018440407813,1,9,0,14,0,0,0,10,0,0,3,1,6,1,38,7,2926,2,15,6,3,6
2018440408096,1,9,0,18,0,8,0,0,0,0,1,1,6,2,25,5,1783,1,18,4,1,4
2018440408096,2,3,0,18,0,8,0,0,0,0,1,1,2,1,17,4,125,1,2,5,1,5
2018440408272,1,9,0,7,0,8,0,0,0,0,1,1,1,2,52,8,1596,1,14,8,2,8
2018440408272,2,1,0,18,0,8,0,0,0,0,4,1,6,2,55,8,-1,-1,-1,1,1,1
2018440408688,1,20,0,18,0,0,0,0,0,0,1,1,6,1,34,6,4250,2,14,4,1,4
2018440408688,2,9,0,4,0,0,0,0,0,0,2,1,6,2,65,9,1995,2,1,8,1,8
2018440408689,1,21,0,18,0,0,0,0,0,0,0,1,6,1,54,8,12777,2,4,8,2,8
2018440408689,2,9,0,2,0,0,0,0,0,0,2,1,6,1,57,9,1596,1,14,6,1,6
2018440408729,1,5,0,18,0,0,0,0,0,0,3,1,1,1,22,5,471,1,1,6,1,6
2018440408729,2,9,0,11,0,0,0,0,0,0,4,1,1,1,25,5,1242,1,13,7,1,7
2018440408729,3,9,0,18,0,0,0,0,0,0,2,1,1,2,50,8,2400,2,4,7,3,7
2018440408809,1,9,0,9,0,8,0,0,0,0,1,1,6,2,74,10,1242,1,3,9,1,9
2018440408809,2,1,0,18,0,8,0,0,0,0,4,1,6,1,37,7,-1,-1,-1,4,1,4
2018440408918,1,19,0,18,0,0,0,0,7,4,1,1,1,1,23,5,1598,2,7,8,1,8
2018440408918,2,9,0,18,0,0,0,0,0,0,0,1,6,3,-1,-1,-1,-1,-1,-1,-1,-1
2018440408981,1,1,0,18,0,0,0,0,0,0,1,1,6,1,24,5,-1,-1,-1,3,1,3
2018440408981,2,9,0,18,0,0,0,0,0,0,2,1,6,3,-1,-1,-1,-1,-1,-1,-1,-1
2018440409462,1,9,0,18,0,0,1,0,0,0,1,1,6,2,52,8,1499,2,2,10,2,10
2018440409462,2,9,0,18,0,0,2,0,0,0,1,1,6,1,50,8,-1,-1,-1,7,3,7
2018440409678,1,2,0,18,0,0,0,0,0,0,1,1,6,1,16,4,50,1,1,10,1,10