Accident_Index,Vehicle_Reference,Vehicle_Type,Towing_and_Articulation,Vehicle_Manoeuvre,Vehicle_Location-Restricted_Lane,Junction_Location,Skidding_and_Overturning,Hit_Object_in_Carriageway,Vehicle_Leaving_Carriageway,Hit_Object_off_Carriageway,1st_Point_of_Impact,Was_Vehicle_Left_Hand_Drive?,Journey_Purpose_of_Driver,Sex_of_Driver,Age_of_Driver,Age_Band_of_Driver,Engine_Capacity_(CC),Propulsion_Code,Age_of_Vehicle,Driver_IMD_Decile,Driver_Home_Area_Type,Vehicle_IMD_Decile
2018440424953,2,9,0,4,0,0,0,0,0,0,2,1,6,2,29,6,1390,1,6,10,1,10
2018440425034,1,19,0,7,0,8,0,0,0,0,0,1,1,1,-1,-1,2198,2,5,2,1,2
2018440425156,1,9,0,9,0,8,0,0,0,0,4,1,2,1,38,7,1598,2,1,9,1,9
2018440425156,2,9,0,18,0,8,0,0,0,0,1,1,2,2,41,7,1197,1,6,10,1,10
2018440425185,1,9,0,18,0,0,0,0,0,0,1,1,6,1,67,10,1968,2,6,10,1,10
2018440425185,2,9,0,4,0,0,0,0,0,0,2,1,6,2,17,4,1242,1,8,7,3,7
2018440425185,3,9,0,4,0,0,0,0,0,0,2,1,6,1,22,5,1598,2,5,8,1,8
2018440425218,1,9,0,11,0,0,2,0,2,10,2,1,6,2,68,10,1560,2,9,9,2,9
2018440425218,2,98,0,18,0,0,1,0,0,0,1,1,1,1,48,8,-1,-1,-1,-1,-1,-1
2018440425338,1,1,0,18,0,8,0,0,0,0,4,1,2,1,25,5,-1,-1,-1,5,1,5
2018440425338,2,9,0,18,0,8,0,0,0,0,1,1,2,2,28,6,1398,1,8,4,1,4
2018440425421,1,9,0,9,0,8,0,10,0,0,4,1,6,2,26,6,1390,1,5,8,-1,8
2018440425421,2,19,0,18,0,8,0,0,0,0,1,1,6,1,61,9,2402,2,12,7,3,7
2018440425467,1,9,0,18,0,8,0,0,0,0,3,1,6,1,29,6,1896,2,17,5,1,5
2018440425467,2,9,0,18,0,8,0,0,3,11,1,1,6,1,34,6,998,1,16,3,1,3
2018440425486,1,9,0,9,0,8,0,0,0,0,3,1,6,1,35,6,1582,2,5,10,1,10
2018440425486,2,9,0,18,0,8,0,0,0,0,1,1,6,1,57,9,2979,1,16,10,2,10
2018440425488,1,9,0,9,0,8,0,0,0,0,3,1,6,1,71,10,2435,1,19,4,1,4
2018440425488,2,9,0,18,0,8,0,0,7,11,1,1,2,1,24,5,1968,2,4,4,1,4
2018440425502,1,9,0,18,0,2,0,0,0,0,4,1,4,2,22,5,1242,1,3,8,1,8
2018440425601,1,9,0,5,0,8,0,0,0,0,4,1,6,3,-1,-1,1598,1,5,-1,-1,-1
2018440425601,2,1,0,18,0,8,1,0,0,0,1,1,6,2,23,5,-1,-1,-1,6,1,6
2018440425756,1,1,0,18,0,8,0,0,0,0,4,1,6,1,14,3,-1,-1,-1,3,1,3
2018440425756,2,9,0,7,0,8,0,0,0,0,1,1,6,3,-1,-1,-1,-1,-1,-1,-1,-1
2018440425792,1,1,0,17,0,8,0,0,0,0,2,1,2,1,38,7,-1,-1,-1,7,1,7
2018440425792,2,9,0,18,0,8,0,0,0,0,1,1,6,3,-1,-1,2993,2,1,-1,-1,-1
2018440425876,1,1,0,18,0,0,0,0,0,0,4,1,4,1,12,3,-1,-1,-1,8,1,8
2018440425876,2,9,0,18,0,0,0,0,0,0,1,1,2,3,-1,-1,2967,1,15,-1,-1,-1
2018440426025,1,9,0,11,0,2,0,0,0,0,1,1,6,1,61,9,1799,1,8,10,1,10
2018440426025,2,9,0,18,0,2,0,0,0,0,2,1,6,2,35,6,1799,1,8,7,1,7
2018440426025,3,9,0,18,0,2,0,0,0,0,2,1,6,2,45,7,1339,1,12,8,1,8
2018440426025,4,9,0,18,0,2,0,0,0,0,2,1,6,2,35,6,1398,1,3,10,1,10
2018440426256,1,1,0,18,0,8,0,0,0,0,4,1,6,1,49,8,-1,-1,-1,6,1,6
2018440426256,2,9,0,7,0,8,0,0,0,0,1,1,6,1,-1,-1,1364,2,11,10,1,10
2018440426315,1,9,0,18,0,8,0,0,0,0,1,1,6,2,34,6,1399,1,1,6,1,6
2018440426315,2,9,0,9,0,8,0,0,0,0,1,1,6,2,35,6,1388,1,14,8,1,8
2018440426392,1,9,0,3,0,0,0,0,0,0,2,1,1,1,28,6,1461,2,-1,3,1,3
2018440426392,2,9,0,3,0,0,0,0,0,0,2,1,6,1,76,11,1796,1,13,5,1,5
2018440426392,3,19,0,18,0,0,0,0,1,4,1,1,1,1,52,8,2148,2,9,2,1,2
2018440426632,1,21,0,11,0,0,0,0,0,0,1,1,6,1,63,9,12777,2,5,5,1,5
2018440426632,2,9,0,18,0,0,0,0,0,0,3,1,6,1,33,6,-1,-1,-1,9,1,9
2018440426632,3,9,0,18,0,0,0,0,0,0,3,1,6,1,39,7,1799,1,11,10,1,10
2018440426721,1,9,0,18,0,0,0,0,0,0,3,1,6,1,78,11,2143,2,2,9,1,9
2018440426721,2,9,0,18,0,0,0,0,0,0,3,1,2,1,24,5,1398,1,-1,6,1,6
2018440426734,1,9,0,18,0,0,0,0,0,0,1,1,6,1,28,6,2143,2,6,-1,-1,-1
2018440426818,1,9,0,9,0,8,0,0,0,0,1,1,6,1,64,9,1598,1,12,8,1,8
2018440426947,1,1,0,18,0,0,0,0,0,0,0,1,6,1,17,4,-1,-1,-1,3,1,3
2018440427097,1,9,0,18,0,1,0,0,0,0,1,1,1,1,44,7,1968,2,3,1,1,1
2018440427276,1,8,0,18,0,1,0,0,0,0,4,1,6,3,-1,-1,-1,-1,-1,-1,-1,-1
2018440427276,2,1,0,18,0,1,0,0,0,0,4,1,6,1,31,6,-1,-1,-1,2,1,2
2018440427359,1,1,0,18,0,8,0,0,0,0,1,1,6,1,28,6,-1,-1,-1,2,1,2
2018440427359,2,9,0,7,0,8,1,0,0,0,1,1,6,1,63,9,2231,2,9,3,1,3
2018440427375,1,9,0,18,0,0,0,0,0,0,1,1,6,1,49,8,1686,2,14,5,1,5
2018440427375,2,9,0,4,0,0,0,0,0,0,2,1,6,3,-1,-1,1896,2,14,-1,-1,-1
2018440427411,1,9,0,18,0,1,0,0,0,0,1,1,6,1,45,7,2495,2,14,10,1,10
2018440427411,2,9,0,4,0,1,0,0,0,0,2,1,6,2,42,7,1956,2,3,5,1,5
2018440427411,3,9,0,3,0,1,0,0,0,0,2,1,6,1,70,10,1686,2,7,9,2,9
2018440427411,4,9,0,3,0,1,0,0,0,0,2,1,6,2,20,4,998,1,12,8,1,8
2018440427988,1,9,0,9,0,8,0,0,0,0,3,1,1,1,25,5,998,1,15,4,1,4
2018440427988,2,1,0,18,0,8,0,0,0,0,1,1,6,1,55,8,-1,-1,-1,-1,-1,-1
2018440428121,1,9,0,5,0,8,0,0,0,0,3,1,6,1,84,11,1598,1,15,6,1,6
2018440428121,2,1,0,17,0,8,0,0,0,0,1,1,6,2,42,7,-1,-1,-1,8,1,8
2018440428211,1,9,0,18,0,8,0,0,0,0,1,1,2,1,43,7,2199,2,5,5,1,5
2018440428211,2,9,0,2,0,2,0,0,0,0,1,1,6,3,-1,-1,1199,2,7,-1,-1,-1
2018440428335,1,1,0,18,0,0,0,0,0,0,3,1,6,1,27,6,-1,-1,-1,6,1,6
2018440428335,2,9,0,18,0,0,0,0,0,0,4,1,6,3,-1,-1,-1,-1,-1,-1,-1,-1
2018440428594,1,3,0,18,0,8,0,0,0,0,1,1,2,1,28,6,124,1,13,1,1,1
2018440428594,2,19,0,9,0,8,0,0,0,0,3,1,2,3,-1,-1,1598,2,3,-1,-1,-1
2018440428665,1,1,0,18,0,8,0,0,0,0,1,1,6,1,12,3,-1,-1,-1,7,3,7
2018440428665,2,9,0,18,0,8,0,0,0,0,4,1,6,1,51,8,2401,2,15,6,1,6
2018440428764,1,9,0,7,0,8,0,0,0,0,2,1,6,2,29,6,1200,1,2,2,1,2
2018440428764,2,1,0,18,0,8,0,0,0,0,1,1,6,1,19,4,-1,-1,-1,5,1,5
2018440429482,1,97,0,18,0,0,0,0,0,0,1,1,6,3,-1,-1,-1,-1,-1,-1,-1,-1
2018440429482,2,1,0,18,0,0,0,0,0,0,1,1,6,1,13,3,-1,-1,-1,2,1,2
2018440429539,1,3,0,13,0,8,0,0,0,0,1,1,6,1,24,5,124,1,12,3,1,3
2018440429539,2,9,0,9,0,8,0,0,0,0,3,1,6,1,37,7,1995,2,6,4,1,4
2018440429728,1,9,0,9,0,8,0,0,0,0,1,1,6,2,62,9,998,1,4,6,3,6
2018440429728,2,19,0,18,0,8,0,0,0,0,4,1,6,1,50,8,1995,2,7,10,2,10
2018440429799,1,9,0,18,0,0,1,0,8,4,1,1,6,2,24,5,1598,1,9,1,1,1
2018440430112,1,9,0,18,0,8,0,0,4,1,1,1,2,1,23,5,1200,1,4,10,1,10
2018440430148,1,9,0,9,0,8,0,0,0,0,3,1,2,2,50,8,1997,1,6,10,1,10
2018440430148,2,9,0,18,0,8,0,0,0,0,1,1,2,2,38,7,1598,1,8,4,1,4
2018440430234,1,9,0,17,0,0,1,0,0,0,1,1,2,1,23,5,1998,1,14,-1,-1,-1
2018440430234,2,9,0,16,0,0,0,0,0,0,1,1,2,1,27,6,1368,1,6,8,1,8
2018440430241,1,9,0,18,0,0,5,0,0,0,3,1,6,2,26,6,1598,1,11,7,1,7
2018440430297,1,11,0,18,0,0,0,0,0,0,1,1,1,3,20,4,6700,2,-1,1,1,1
2018440430304,1,9,0,18,0,8,0,0,0,0,4,1,6,2,27,6,1598,2,3,7,2,7
2018440430304,2,9,0,9,0,8,0,0,0,0,1,1,6,2,88,11,1332,1,11,7,2,7
2018440430507,1,1,0,18,0,8,0,0,0,0,4,1,1,1,51,8,-1,-1,-1,5,1,5
2018440430507,2,9,0,7,0,8,0,0,0,0,1,1,6,1,17,4,1242,1,7,7,1,7
2018440430594,1,19,0,18,0,0,0,0,0,0,1,1,1,1,50,8,2198,2,5,1,1,1
2018440430724,1,9,0,18,0,8,0,0,0,0,3,1,6,3,-1,-1,-1,-1,-1,-1,-1,-1
2018440430724,2,1,0,18,0,8,0,0,0,0,1,1,6,2,19,4,-1,-1,-1,4,1,4
2018440430923,1,9,0,18,0,0,0,0,0,0,0,1,6,3,-1,-1,-1,-1,-1,-1,-1,-1
2018440430923,2,5,0,18,0,0,1,0,0,0,0,1,6,2,42,7,984,1,15,3,1,3
2018440430942,1,9,0,18,0,0,0,0,0,0,1,1,6,1,43,7,-1,-1,-1,6,1,6
2018440430942,2,9,0,18,0,0,0,0,0,0,1,1,6,1,27,6,-1,-1,-1,-1,-1,-1
2018440430953,1,9,0,9,0,8,0,0,0,0,4,1,6,2,74,10,-1,-1,-1,9,1,9
2018440430953,2,5,0,18,0,8,0,0,0,0,1,1,6,1,54,8,598,1,22,1,1,1
2018440430970,1,9,0,1,0,1,0,0,0,0,2,1,6,1,21,5,-1,-1,-1,9,2,9
2018440430970,2,9,0,2,0,1,0,0,0,0,1,1,6,2,60,9,1598,1,14,1,1,1
2018440431002,1,9,0,18,0,0,1,0,1,6,3,1,6,1,21,5,1388,1,13,10,1,10
2018440431002,2,9,0,18,0,0,0,0,0,0,1,1,6,1,24,5,1496,2,3,9,3,9
2018440431070,1,11,0,9,0,8,0,0,0,0,1,1,6,1,49,8,4461,2,1,6,1,6
2018440431124,1,9,0,18,0,1,0,0,0,0,1,1,6,1,18,4,1596,1,9,4,1,4
2018440431124,2,9,0,3,0,1,0,0,0,0,2,1,6,1,29,6,973,1,18,7,1,7
2018440431124,3,9,0,3,0,1,0,0,0,0,2,1,6,2,23,5,2143,2,5,10,1,10
2018440431240,1,9,0,18,0,0,1,0,1,4,1,1,6,1,19,4,1596,1,12,6,1,6
2018440431517,1,9,0,7,0,8,0,0,0,0,1,1,6,2,83,11,1248,1,1,6,2,6
2018440431712,1,1,0,18,0,0,0,0,0,0,1,1,6,1,15,3,-1,-1,-1,2,1,2
2018440431712,2,9,0,2,0,0,0,0,0,0,2,1,6,3,-1,-1,2143,2,5,-1,-1,-1
2018440431726,1,9,0,18,0,1,0,0,0,0,2,1,6,1,62,9,1193,1,2,4,1,4
2018440431726,2,9,0,18,0,1,0,0,0,0,1,1,6,1,46,8,1598,1,4,5,2,5
2018440431798,1,9,0,18,0,8,0,0,0,0,4,1,6,3,-1,-1,1560,2,7,-1,-1,-1
2018440431798,2,9,0,5,0,8,0,0,0,0,1,1,6,3,-1,-1,1799,1,11,-1,-1,-1
2018440431798,3,9,0,18,0,8,0,0,0,0,1,1,6,2,51,8,1242,1,2,10,1,10
2018440431860,1,9,0,18,0,1,0,0,0,0,1,1,6,2,52,8,1395,1,-1,4,1,4
2018440431990,1,19,0,9,0,8,0,0,0,0,1,1,1,1,26,6,2143,2,1,6,1,6
2018440432314,1,9,0,9,0,8,1,0,0,0,1,1,6,1,19,4,1242,1,11,9,3,9
2018440432314,2,9,0,18,0,8,1,0,0,0,3,1,6,1,35,6,-1,-1,-1,6,3,6
2018440432336,1,9,0,18,0,8,0,0,2,11,1,1,6,3,-1,-1,2987,2,10,-1,-1,-1
2018440432388,1,9,0,18,0,0,0,0,0,0,1,1,6,3,-1,-1,-1,-1,-1,-1,-1,-1
2018440432545,1,9,0,18,0,0,0,0,7,4,3,1,6,1,33,6,1596,1,11,3,1,3
2018440432926,1,3,0,18,0,0,0,0,7,10,1,1,6,1,17,4,124,1,5,6,2,6
2018440432931,1,9,0,18,0,0,0,0,0,0,1,1,6,2,76,11,1596,1,9,10,1,10
2018440432931,2,1,0,18,9,0,0,0,0,0,3,1,6,1,6,2,-1,-1,-1,9,1,9
2018440432962,1,2,0,18,0,0,0,0,1,9,0,1,6,1,17,4,125,1,-1,6,1,6
2018440433224,1,9,0,18,0,0,0,0,0,0,1,1,6,2,27,6,999,1,2,3,1,3
2018440433293,1,9,0,17,0,8,0,0,0,0,1,1,2,1,19,4,999,1,4,6,3,6
2018440433800,1,9,0,18,0,0,0,0,0,0,4,1,6,2,41,7,899,1,4,2,1,2
2018440433896,1,5,0,18,0,0,1,0,0,0,0,1,6,1,55,8,1050,1,7,10,1,10
2018440434025,1,9,0,18,0,8,0,0,0,0,3,1,1,1,30,6,1995,2,13,10,1,10
2018440434025,2,1,0,18,0,8,0,0,0,0,1,1,6,1,20,4,-1,-1,-1,5,1,5
2018440434085,1,9,0,9,0,8,0,0,0,0,1,1,6,2,73,10,1248,1,-1,9,1,9
2018440434085,2,9,0,18,0,1,0,0,0,0,1,1,6,2,48,8,1388,1,6,10,1,10
2018440434222,1,17,0,9,0,8,0,0,0,0,3,1,1,1,37,7,6788,2,11,4,3,4
2018440434222,2,1,0,18,0,1,0,0,0,0,1,1,6,1,51,8,-1,-1,-1,7,1,7
2018440434297,1,9,0,5,0,8,0,0,0,0,1,1,6,2,51,8,2179,2,8,9,1,9
2018440434297,2,1,0,18,0,8,0,0,0,0,0,1,6,1,37,7,-1,-1,-1,6,1,6
2018440434370,1,9,0,18,0,0,0,0,0,0,2,1,6,2,41,7,1560,2,11,3,1,3
2018440434370,2,9,0,18,0,0,0,0,0,0,1,1,6,2,59,9,1798,1,5,9,1,9
2018440434467,1,9,0,18,0,0,0,0,0,0,2,1,6,1,54,8,1368,1,9,3,1,3
2018440434467,2,9,0,18,0,0,0,0,0,0,1,1,6,2,30,6,1499,1,2,9,1,9
2018440434467,3,9,0,4,0,0,0,0,0,0,2,1,6,1,43,7,1968,2,-1,3,1,3
2018440434467,4,9,0,4,0,0,0,0,0,0,2,1,6,1,59,9,2993,2,6,7,1,7
2018440434467,5,9,0,18,0,0,0,0,0,0,1,1,6,1,54,8,1598,2,1,3,1,3
2018440434526,1,9,0,18,0,0,0,0,0,0,1,1,6,3,-1,-1,1968,2,9,-1,-1,-1
2018440434526,2,9,0,3,0,0,0,0,0,0,2,1,6,2,60,9,1596,1,14,4,1,4
2018440434850,1,3,0,13,0,8,0,0,0,0,1,1,6,1,22,5,125,1,1,3,1,3
2018440434850,2,9,0,9,0,8,0,0,0,0,3,1,6,2,51,8,1197,1,5,9,1,9
2018440434878,1,19,0,13,0,0,0,0,0,0,4,1,6,1,53,8,2460,2,14,5,2,5
2018440434878,2,1,0,18,0,0,1,0,0,0,3,1,6,1,46,8,-1,-1,-1,5,3,5
2018440435072,1,9,0,9,0,8,0,0,0,0,1,1,6,2,52,8,1995,2,4,9,2,9
2018440435072,2,9,0,18,0,8,0,0,0,0,3,1,6,1,75,10,1229,1,12,8,1,8
2018440435072,3,19,0,10,0,8,0,0,0,0,1,1,1,1,31,6,-1,-1,-1,5,3,5
2018440435153,1,9,0,3,0,0,0,0,0,0,2,1,6,1,64,9,1796,1,8,5,1,5
2018440435153,2,9,0,3,0,0,0,0,0,0,2,1,6,3,-1,-1,-1,-1,-1,-1,-1,-1
2018440435153,3,9,0,18,0,0,0,0,0,0,1,1,6,3,-1,-1,1399,1,10,-1,-1,-1
2018440435237,1,9,0,3,0,1,0,0,0,0,2,1,6,2,46,8,1596,1,14,10,1,10
2018440435237,2,9,0,5,0,1,0,0,0,0,1,1,6,1,-1,-1,1798,1,14,-1,-1,-1
2018440435281,1,3,0,13,0,8,0,0,0,0,4,1,2,1,17,4,124,1,-1,-1,-1,-1
2018440435281,2,9,0,9,0,8,0,0,0,0,3,1,1,1,32,6,-1,-1,-1,4,1,4
2018440435337,1,9,0,18,0,8,0,0,0,0,1,1,6,1,21,5,-1,-1,-1,4,1,4
2018440435337,2,9,0,18,0,8,0,0,0,0,4,1,6,1,53,8,2387,2,10,10,1,10
2018440435373,1,19,0,18,0,1,5,0,1,2,1,1,1,1,43,7,1968,2,5,2,1,2
2018440435373,2,9,0,3,0,1,0,0,0,0,2,1,6,1,72,10,998,1,-1,9,1,9
2018440435537,1,3,0,9,0,8,0,0,0,0,4,1,4,1,19,4,124,1,-1,9,3,9
2018440435537,2,11,0,9,0,8,0,0,0,0,3,1,1,1,65,9,12000,2,8,9,1,9
2018440435636,1,3,0,13,0,0,0,0,0,0,1,1,6,1,59,9,125,1,56,6,1,6
2018440435636,2,9,0,6,0,0,0,0,0,0,3,1,6,1,19,4,1360,1,14,-1,-1,-1
2018440435654,1,19,0,7,0,8,0,0,0,0,4,1,6,3,-1,-1,-1,-1,-1,-1,-1,-1
2018440435654,2,5,0,7,0,8,1,0,1,0,3,1,6,1,29,6,745,1,3,10,1,10
2018440435700,1,9,0,12,0,8,0,0,0,0,1,1,2,1,27,6,1398,1,2,9,2,9
2018440435700,2,9,0,12,0,8,0,0,0,0,2,1,6,2,24,5,998,1,9,7,3,7
2018440435853,1,9,0,7,0,8,1,0,1,11,1,1,6,1,20,4,1390,1,12,4,1,4
2018440435918,1,3,0,18,0,0,0,0,0,0,1,1,6,2,23,5,108,1,-1,10,2,10
2018440435918,2,9,0,2,0,0,0,0,0,0,2,1,6,3,-1,-1,1975,1,9,-1,-1,-1
2018440436124,1,8,0,18,0,0,0,0,0,0,1,1,6,2,26,6,1968,2,1,-1,-1,-1
2018440436124,2,9,0,18,0,0,0,0,0,0,3,1,6,3,-1,-1,1582,2,8,-1,-1,-1
2018440436144,1,9,0,5,0,8,0,0,0,0,3,1,6,1,38,7,1149,1,11,9,2,9
2018440436144,2,9,0,18,0,8,0,0,0,0,1,1,6,2,34,6,-1,-1,-1,7,3,7
2018440436162,1,19,0,18,0,1,0,0,0,0,1,1,6,3,-1,-1,-1,-1,-1,-1,-1,-1
2018440436162,2,9,0,3,0,1,0,0,0,0,2,1,6,2,27,6,1388,1,10,9,1,9
2018440436162,3,9,0,3,0,1,0,0,0,0,2,1,6,3,-1,-1,1200,1,2,-1,-1,-1
2018440436173,1,3,0,4,0,1,1,0,0,0,0,1,1,1,40,7,124,1,9,6,1,6
2018440436187,1,9,0,4,0,1,0,0,0,0,1,1,6,2,32,6,1461,2,6,8,1,8
2018440436187,2,9,0,4,0,1,0,0,0,0,2,1,6,2,38,7,1968,2,6,9,1,9
2018440436211,1,9,0,18,0,8,0,0,0,0,4,1,6,1,57,9,1999,1,3,3,1,3
2018440436211,2,9,0,9,0,8,0,0,0,0,1,1,6,2,23,5,-1,-1,-1,7,1,7
2018440436296,1,1,0,18,0,8,0,0,0,0,3,1,6,1,22,5,-1,-1,-1,3,1,3
2018440436296,2,9,0,9,0,8,0,0,0,0,1,1,6,2,-1,-1,1598,1,12,-1,-1,-1
2018440436577,1,9,0,9,0,8,0,0,0,0,1,1,6,2,-1,-1,1591,1,5,-1,-1,-1
2018440436943,1,9,0,18,0,8,0,0,0,0,4,1,6,1,39,7,1598,2,1,4,1,4
2018440436943,2,1,0,18,0,8,0,0,0,0,1,1,6,1,22,5,-1,-1,-1,6,1,6
2018440436985,1,9,0,4,0,0,0,0,0,0,2,1,6,2,27,6,998,1,2,6,1,6
2018440436985,2,19,0,18,0,0,0,0,0,0,1,1,6,1,30,6,1598,2,1,3,-1,3
2018440437056,1,9,0,9,0,8,0,0,0,0,1,1,6,1,46,8,1969,2,-1,3,1,3
2018440437056,2,5,0,17,0,8,0,0,0,0,1,1,6,1,22,5,600,1,12,2,1,2
2018440437097,1,9,0,9,0,8,0,0,0,0,3,1,6,2,45,7,998,1,8,4,1,4
2018440437097,2,9,0,18,0,8,0,0,0,0,1,1,6,2,38,7,1799,1,9,5,1,5
2018440437202,1,9,0,18,0,0,1,0,7,0,1,1,6,1,26,6,1398,1,6,10,-1,10
2018440437202,2,9,0,18,0,0,0,0,0,0,1,1,6,2,50,8,1796,1,9,-1,-1,-1
2018440437220,1,9,0,18,0,0,0,0,1,4,1,1,6,1,25,5,973,1,15,5,1,5
2018440437228,1,9,0,16,0,0,2,0,7,0,2,1,6,1,26,6,2000,1,13,5,1,5
2018440437307,1,9,0,18,0,2,0,0,0,0,1,1,6,3,-1,-1,-1,-1,-1,-1,-1,-1
2018440437429,1,1,0,9,0,8,0,0,0,0,4,1,6,2,28,6,-1,-1,-1,10,1,10
2018440437429,2,9,0,18,0,8,0,0,0,0,1,1,6,3,-1,-1,-1,-1,-1,-1,-1,-1
2018440437450,1,9,0,9,0,8,0,0,0,0,1,1,6,2,35,6,1587,1,17,10,1,10
2018440437450,2,1,0,18,0,8,0,0,0,0,4,1,6,1,14,3,-1,-1,-1,6,1,6
2018440437620,1,9,0,14,0,2,0,0,0,0,1,1,6,3,-1,-1,-1,-1,-1,-1,-1,-1
2018440437671,1,9,0,4,0,1,0,0,0,0,2,1,2,2,29,6,-1,-1,-1,5,1,5
2018440437671,2,9,0,4,0,1,0,0,0,0,1,1,6,1,-1,-1,2231,2,10,-1,-1,-1
2018440437707,1,9,0,9,0,8,0,0,0,0,1,1,6,2,70,10,1598,2,3,8,1,8
2018440437707,2,9,0,18,0,8,0,0,0,0,3,1,6,1,59,9,998,1,-1,8,1,8
2018440438162,1,9,0,18,0,8,0,0,0,0,1,1,6,3,-1,-1,-1,-1,-1,-1,-1,-1
2018440438162,2,1,0,9,0,8,1,0,0,0,4,1,6,1,18,4,-1,-1,-1,4,1,4
2018440438231,1,1,0,13,0,0,0,0,0,0,1,1,2,1,34,6,-1,-1,-1,8,1,8
2018440438231,2,9,0,6,0,0,0,0,0,0,3,1,2,1,57,9,4966,1,18,4,1,4
2018440438323,1,4,0,10,0,8,0,0,0,0,2,1,6,1,44,7,500,1,68,4,1,4
2018440438323,2,9,0,18,0,1,0,0,0,0,1,1,6,1,78,11,1398,1,8,5,1,5
2018440438323,3,9,0,18,0,1,0,0,0,0,1,1,6,1,19,4,-1,-1,-1,6,1,6
2018440438393,1,9,0,13,0,0,0,0,0,0,4,1,6,1,-1,-1,1598,1,8,-1,-1,-1
2018440438393,2,9,0,18,0,0,0,0,0,0,3,1,2,3,-1,-1,-1,-1,-1,-1,-1,-1
2018440438393,3,9,0,3,0,0,0,0,0,0,2,1,2,1,31,6,1896,2,11,4,1,4
2018440438393,4,9,0,3,0,0,0,0,0,0,2,1,2,3,-1,-1,2179,2,7,-1,-1,-1
2018440438393,5,9,0,3,0,0,0,0,0,0,2,1,6,3,-1,-1,2987,2,2,-1,-1,-1
2018440438562,1,9,0,18,0,0,1,0,0,0,1,1,6,1,20,4,2996,1,11,4,1,4
2018440438562,2,9,0,18,0,0,0,0,0,0,1,1,6,2,61,9,1496,1,1,-1,-1,-1
2018440438562,3,9,0,2,0,0,0,0,0,0,3,1,6,3,-1,-1,-1,-1,-1,-1,-1,-1
2018440438584,1,9,0,18,0,0,2,0,0,0,1,1,6,2,28,6,1896,2,17,6,1,6
2018440438620,1,9,0,18,0,8,0,0,0,0,1,1,6,1,59,9,1995,2,8,10,1,10
2018440438620,2,9,0,18,0,8,0,0,0,0,3,1,6,1,62,9,1998,8,3,10,1,10
2018440438620,3,9,0,18,0,8,0,0,0,0,0,1,6,1,-1,-1,1560,2,4,3,1,3
2018440438633,1,9,0,17,0,0,5,0,2,4,1,1,2,2,27,6,1198,1,10,8,3,8
2018440438754,1,9,0,18,0,8,0,0,0,0,1,1,6,2,27,6,1598,2,1,9,1,9
2018440438754,2,1,0,18,0,8,0,0,0,0,3,1,6,1,54,8,-1,-1,-1,6,1,6
2018440438887,1,5,0,18,0,0,1,0,5,6,2,1,6,1,33,6,1050,1,7,4,1,4
2018440439196,1,9,0,9,0,8,0,0,0,0,1,1,6,1,69,10,2148,2,10,6,1,6
2018440439243,1,9,0,18,0,0,0,0,0,0,1,1,6,1,84,11,1498,1,12,10,1,10
2018440439243,2,9,0,2,0,0,0,0,0,0,2,1,6,3,-1,-1,-1,-1,-1,-1,-1,-1
2018440439243,3,9,0,2,0,0,0,0,0,0,1,1,6,3,-1,-1,1596,1,7,-1,-1,-1
2018440439439,1,3,0,18,0,8,0,0,0,0,4,1,2,1,29,6,124,1,10,2,1,2
2018440439552,1,19,0,1,0,8,0,0,0,0,2,1,6,1,38,7,1499,2,1,6,1,6
2018440439659,1,1,0,18,0,8,0,0,0,0,3,1,6,1,54,8,-1,-1,-1,3,1,3
2018440439659,2,9,0,7,0,8,0,0,0,0,1,1,6,1,25,5,998,1,3,10,1,10
2018440439672,1,9,0,4,0,1,0,0,0,0,1,1,6,1,43,7,1796,1,14,4,1,4
2018440439672,2,9,0,3,0,1,0,0,0,0,2,1,6,2,28,6,1248,1,4,8,1,8
2018440439804,1,9,0,18,0,0,5,0,0,0,0,1,6,1,43,7,2982,2,4,7,3,7
2018440439899,1,11,0,2,0,1,0,0,0,0,0,1,1,3,-1,-1,-1,-1,-1,-1,-1,-1
2018440440031,1,9,0,18,0,8,0,0,0,0,1,1,6,1,25,5,1896,2,15,4,1,4
2018440440031,2,9,0,18,0,8,0,0,0,0,3,1,1,1,34,6,1598,2,6,4,1,4
2018440440230,1,9,0,9,0,8,0,0,0,0,3,1,2,1,44,7,2179,2,6,8,1,8
2018440440230,2,9,0,18,0,8,0,0,0,0,1,1,2,1,48,8,-1,-1,-1,8,1,8
2018440440331,1,9,0,18,0,8,0,0,0,0,1,1,6,2,24,5,1200,1,1,10,1,10
2018440440331,2,9,0,9,0,8,0,0,0,0,4,1,6,1,27,6,1364,1,3,4,1,4
2018440440331,3,9,0,10,0,8,0,0,0,0,1,1,6,2,44,7,1798,1,9,9,3,9
2018440440403,1,9,0,18,0,0,0,0,1,4,1,1,6,2,18,4,875,1,4,8,3,8
2018440440443,1,9,0,18,0,8,0,0,1,0,1,1,6,1,37,7,1596,1,9,2,1,2
2018440440443,2,9,0,18,0,8,0,0,0,0,4,1,6,1,54,8,1596,1,9,9,1,9
2018440440536,1,9,0,4,0,1,0,0,0,0,2,1,6,2,39,7,1997,2,6,5,1,5
2018440440536,2,9,0,4,0,1,0,0,0,0,1,1,6,3,-1,-1,-1,-1,-1,-1,-1,-1