Accident_Index,Vehicle_Reference,Vehicle_Type,Towing_and_Articulation,Vehicle_Manoeuvre,Vehicle_Location-Restricted_Lane,Junction_Location,Skidding_and_Overturning,Hit_Object_in_Carriageway,Vehicle_Leaving_Carriageway,Hit_Object_off_Carriageway,1st_Point_of_Impact,Was_Vehicle_Left_Hand_Drive?,Journey_Purpose_of_Driver,Sex_of_Driver,Age_of_Driver,Age_Band_of_Driver,Engine_Capacity_(CC),Propulsion_Code,Age_of_Vehicle,Driver_IMD_Decile,Driver_Home_Area_Type,Vehicle_IMD_Decile
2018440440548,1,9,0,18,0,0,0,0,1,4,1,1,6,2,55,8,1798,1,10,9,1,9
2018440440619,1,9,0,1,0,0,0,0,0,0,4,1,6,1,29,6,995,1,14,3,1,3
2018440440731,1,9,0,8,0,1,0,0,0,0,2,1,6,2,26,6,1390,1,5,10,2,10
2018440440731,2,9,0,4,0,1,0,0,0,0,1,1,1,3,-1,-1,1956,2,-1,-1,-1,-1
2018440440966,1,9,0,3,0,1,0,0,0,0,2,1,6,2,48,8,898,1,-1,7,1,7
2018440440966,2,9,0,4,0,1,0,0,0,0,1,1,1,3,-1,-1,1596,1,12,-1,-1,-1
2018440440992,1,9,0,18,0,8,1,0,0,0,4,1,6,2,52,8,998,1,1,4,1,4
2018440440992,2,9,0,18,0,8,0,0,0,0,1,1,6,1,23,5,-1,-1,-1,5,1,5
2018440441053,1,9,0,5,0,8,0,0,0,0,1,1,6,1,65,9,1910,2,11,6,1,6
2018440441053,2,1,0,18,0,8,0,0,0,0,4,1,6,1,27,6,-1,-1,-1,4,1,4
2018440441367,1,1,0,18,0,8,0,0,0,0,1,1,2,1,30,6,-1,-1,-1,1,1,1
2018440441367,2,9,0,7,0,8,0,0,0,0,2,1,6,2,36,7,1598,1,14,3,1,3
2018440441400,1,9,0,18,0,1,0,0,0,0,1,1,6,1,65,9,1496,2,1,9,3,9
2018440441543,1,9,0,18,0,0,0,0,0,0,1,1,6,2,42,7,1598,2,2,3,1,3
2018440441543,2,9,0,18,0,0,0,0,0,0,1,1,6,3,-1,-1,999,1,1,-1,-1,-1
2018440441685,1,9,0,18,0,0,0,0,0,0,1,1,6,3,-1,-1,1753,2,12,-1,-1,-1
2018440441690,1,9,0,5,0,8,0,0,0,0,3,1,6,1,34,6,1896,2,15,1,1,1
2018440441690,2,2,0,18,0,8,0,0,0,0,1,1,6,1,16,4,50,1,16,2,1,2
2018440441715,1,9,0,7,0,8,0,0,0,0,2,1,6,2,25,5,1968,2,3,6,1,6
2018440441715,2,5,0,18,0,8,0,0,0,0,1,1,6,3,-1,-1,599,1,18,-1,-1,-1
2018440441787,1,9,0,2,0,0,0,0,0,0,4,1,6,2,32,6,-1,-1,-1,7,1,7
2018440441787,2,9,0,18,0,0,0,0,0,0,1,1,6,3,-1,-1,-1,-1,-1,-1,-1,-1
2018440441790,1,3,0,18,0,8,0,0,0,0,3,1,6,1,55,8,125,1,7,6,1,6
2018440441822,1,19,0,1,0,8,0,0,0,0,2,1,1,3,-1,-1,2299,2,2,-1,-1,-1
2018440441885,1,1,0,18,0,8,0,0,0,0,2,1,6,1,23,5,-1,-1,-1,4,1,4
2018440441885,2,9,0,5,0,8,0,0,0,0,1,1,6,2,23,5,1242,1,3,3,1,3
2018440442080,1,19,0,9,0,8,0,0,0,0,1,1,1,1,36,7,-1,-1,-1,1,1,1
2018440442080,2,1,0,18,0,8,0,0,0,0,3,1,1,1,20,4,-1,-1,-1,5,1,5
2018440442170,1,1,0,18,0,8,0,0,0,0,3,1,1,2,31,6,-1,-1,-1,10,-1,10
2018440442170,2,9,0,7,0,8,0,0,0,0,1,1,6,3,-1,-1,-1,-1,-1,-1,-1,-1
2018440442207,1,5,0,13,0,0,0,0,0,0,1,1,2,1,20,4,599,1,8,4,1,4
2018440442207,2,9,0,18,0,0,0,0,0,0,2,1,6,1,-1,-1,1984,1,14,9,-1,9
2018440442207,3,9,0,18,0,0,0,0,0,0,1,1,6,2,49,8,1248,1,-1,6,1,6
2018440442217,1,1,0,18,0,8,0,0,0,0,4,1,6,2,27,6,-1,-1,-1,2,1,2
2018440442217,2,1,0,18,0,8,0,0,0,0,4,1,6,2,6,2,-1,-1,-1,2,1,2
2018440442217,3,9,0,18,0,8,0,0,0,0,1,1,6,3,-1,-1,-1,-1,-1,-1,-1,-1
2018440442225,1,9,0,18,0,0,0,0,0,0,3,1,6,2,24,5,1242,1,7,9,1,9
2018440442226,1,9,0,18,0,1,0,0,0,0,1,1,6,3,-1,-1,2171,1,15,-1,-1,-1
2018440442226,2,9,0,3,0,1,0,0,0,0,2,1,6,1,42,7,1896,2,16,3,1,3
2018440442313,1,3,0,16,0,1,0,10,0,0,1,1,6,1,17,4,124,1,9,1,1,1
2018440442379,1,90,0,18,0,0,0,0,0,0,1,1,1,1,53,8,2298,2,3,8,1,8
2018440442379,2,1,0,7,0,0,0,0,0,0,1,1,6,2,45,7,-1,-1,-1,3,1,3
2018440442513,1,9,0,3,0,1,0,0,0,0,2,1,6,2,49,8,1973,1,18,2,1,2
2018440442513,2,19,0,18,0,1,0,0,0,0,1,1,6,1,32,6,1598,2,2,2,1,2
2018440442521,1,9,0,9,0,8,0,0,0,0,1,1,6,2,22,5,1329,1,3,1,1,1
2018440442521,2,5,0,13,0,8,0,0,0,0,4,1,6,1,57,9,1063,1,13,3,1,3
2018440442564,1,9,0,18,0,8,0,0,0,0,3,1,6,2,33,6,1999,1,13,4,3,4
2018440442564,2,9,0,18,0,8,0,0,0,0,3,1,6,2,30,6,1368,1,11,8,1,8
2018440442573,1,1,0,18,0,2,0,0,0,0,1,1,6,1,51,8,-1,-1,-1,8,1,8
2018440442593,1,9,0,18,0,8,0,0,0,0,1,1,6,2,50,8,2698,2,10,9,1,9
2018440442593,2,9,0,9,0,8,0,0,0,0,4,1,6,1,30,6,1969,2,1,10,1,10
2018440442732,1,9,0,3,0,1,0,0,0,0,2,1,6,2,56,9,1685,2,5,10,2,10
2018440442732,2,9,0,3,0,1,0,0,0,0,2,1,1,1,33,6,-1,-1,-1,8,1,8
2018440442732,3,9,0,4,0,1,0,0,0,0,1,1,6,1,63,9,1984,1,15,9,3,9
2018440443051,1,9,0,4,0,0,1,0,0,0,1,1,6,2,18,4,1199,1,17,4,1,4
2018440443051,2,9,0,4,0,0,0,0,0,0,2,1,6,1,76,11,1596,1,1,9,1,9
2018440443051,3,9,0,4,0,0,0,0,0,0,2,1,6,1,71,10,1490,1,-1,2,1,2
2018440443052,1,19,0,18,0,0,0,0,0,0,1,1,6,1,50,8,2198,2,2,9,1,9
2018440443052,2,9,0,4,0,0,0,0,0,0,2,1,6,1,30,6,1969,2,3,6,3,6
2018440443094,1,9,0,3,0,0,0,0,0,0,2,1,6,1,38,7,-1,-1,-1,5,1,5
2018440443094,2,3,0,3,0,0,0,0,0,0,2,1,6,1,27,6,108,1,-1,2,1,2
2018440443094,3,9,0,18,0,0,0,0,0,0,1,1,6,1,19,4,993,1,18,7,1,7
2018440443140,1,9,0,18,0,0,0,0,0,0,1,1,6,1,18,4,1349,1,8,6,1,6
2018440443140,2,9,0,4,0,0,0,0,0,0,2,1,6,2,49,8,1597,2,2,8,3,8
2018440443450,1,9,0,18,0,0,0,0,0,0,1,1,6,3,-1,-1,1997,2,8,-1,-1,-1
2018440443450,2,9,0,4,0,0,0,0,0,0,2,1,6,2,21,5,1391,1,18,8,1,8
2018440443450,3,9,0,4,0,0,0,0,0,0,2,1,6,3,-1,-1,1598,2,1,-1,-1,-1
2018440443493,1,9,0,13,0,1,0,0,0,0,4,1,6,3,-1,-1,1498,1,-1,-1,-1,-1
2018440443493,2,9,0,9,0,8,0,0,0,0,3,1,6,2,55,8,1395,1,2,3,1,3
2018440443548,1,9,0,18,0,0,0,0,0,0,0,1,6,1,31,6,-1,-1,-1,3,1,3
2018440443548,2,2,0,18,0,0,0,0,0,0,0,1,2,1,22,5,50,1,1,1,1,1
2018440443761,1,1,0,18,0,8,0,0,0,0,4,1,6,1,18,4,-1,-1,-1,8,1,8
2018440443761,2,9,0,5,0,8,0,0,0,0,1,1,1,2,56,9,-1,-1,-1,3,1,3
2018440443845,1,21,0,18,0,8,5,0,0,0,0,1,1,1,31,6,12900,2,7,2,1,2
2018440443853,1,8,0,3,0,2,0,0,0,0,2,1,1,3,-1,-1,1598,2,1,-1,-1,-1
2018440443853,2,9,0,18,0,2,0,0,0,0,1,1,6,3,-1,-1,-1,-1,-1,-1,-1,-1
2018440443930,1,9,0,9,0,8,0,0,0,0,0,1,6,1,27,6,1396,1,18,7,2,7
2018440443930,2,9,0,18,0,8,0,0,1,0,4,1,6,2,42,7,1388,1,11,10,2,10
2018440443948,1,9,0,18,0,1,0,0,0,0,1,1,6,1,53,8,-1,-1,-1,10,1,10
2018440443948,2,9,0,4,0,1,0,0,0,0,2,1,6,2,26,6,1997,2,6,8,3,8
2018440443948,3,9,0,10,0,1,0,0,0,0,2,1,6,2,45,7,1991,2,9,9,1,9
2018440443960,1,19,0,18,0,4,0,0,0,0,3,1,6,1,64,9,-1,-1,-1,-1,-1,-1
2018440443960,2,1,0,18,0,8,0,0,0,0,1,1,1,2,23,5,-1,-1,-1,1,1,1
2018440444022,1,9,0,9,0,8,0,0,0,0,1,1,1,3,-1,-1,-1,-1,-1,-1,-1,-1
2018440444148,1,9,0,18,0,0,0,0,0,0,1,1,2,2,52,8,1498,1,2,7,1,7
2018440444148,2,9,0,18,0,0,0,0,0,0,2,1,6,2,22,5,999,1,1,6,1,6
2018440444194,1,9,0,18,0,0,0,0,0,0,4,1,6,3,-1,-1,1596,1,14,-1,-1,-1
2018440444199,1,9,0,4,0,0,0,0,0,0,2,1,2,1,60,9,1397,1,8,10,1,10
2018440444199,2,19,0,4,0,0,0,0,0,0,2,1,1,2,36,7,1753,2,14,3,1,3
2018440444199,3,9,0,18,0,0,0,0,0,0,1,1,2,1,44,7,1968,2,7,5,1,5
2018440444228,1,9,0,18,0,0,0,0,7,0,3,1,6,2,88,11,1242,1,8,8,3,8
2018440444232,1,9,0,13,0,8,0,0,0,0,0,1,6,1,20,4,1229,1,11,6,1,6
2018440444232,2,3,0,9,0,8,0,0,0,0,0,1,6,1,24,5,125,1,-1,5,1,5
2018440444246,1,9,0,18,0,0,2,0,1,0,1,1,1,1,59,9,3999,1,8,10,1,10
2018440444343,1,9,0,18,0,1,0,0,0,0,1,1,6,3,-1,-1,-1,-1,-1,-1,-1,-1
2018440444343,2,1,0,18,0,2,0,0,0,0,1,1,6,2,55,8,-1,-1,-1,4,1,4
2018440444451,1,3,0,13,0,0,1,4,0,0,1,1,6,1,21,5,125,1,3,3,1,3
2018440444451,2,9,0,2,0,0,0,0,0,0,4,1,6,3,-1,-1,1753,2,10,-1,-1,-1
2018440444596,1,9,0,18,0,2,0,0,0,0,1,1,1,1,38,7,1997,2,13,3,3,3
2018440444717,1,2,0,18,0,8,0,0,0,0,3,1,6,1,16,4,49,1,8,2,1,2
2018440444717,2,9,0,9,0,8,0,0,0,0,0,1,6,2,41,7,1397,1,16,3,1,3
2018440444823,1,3,0,18,0,0,1,0,0,0,4,1,6,2,40,7,125,1,2,6,1,6
2018440444834,1,9,0,9,0,0,0,0,0,0,1,1,6,3,-1,-1,1598,1,5,-1,-1,-1
2018440444834,2,1,0,18,0,0,0,0,0,0,1,1,6,1,59,9,-1,-1,-1,9,1,9
2018440445188,1,9,0,11,0,0,0,0,0,0,4,1,6,1,58,9,2496,1,14,5,1,5
2018440445188,2,19,0,18,0,0,5,0,0,0,3,1,1,2,38,7,1461,2,6,4,1,4
2018440445397,1,9,0,5,0,8,0,0,0,0,1,1,6,1,-1,-1,1968,2,3,9,1,9
2018440445397,2,9,0,18,0,8,0,0,0,0,1,1,6,2,24,5,1229,1,5,9,1,9
2018440445403,1,9,0,18,0,2,0,0,0,0,1,1,6,1,93,11,999,1,5,-1,-1,-1
2018440445495,1,9,0,7,0,8,0,0,0,0,1,1,6,2,24,5,1299,1,13,6,1,6
2018440445495,2,9,0,18,0,8,0,0,0,0,4,1,6,1,72,10,995,1,8,1,1,1
2018440445497,1,9,0,5,0,0,0,0,0,0,3,1,6,2,37,7,998,1,12,7,1,7
2018440445497,2,5,0,13,0,0,0,0,0,0,1,1,2,1,61,9,1261,1,16,1,1,1
2018440445500,1,9,0,9,0,8,1,0,0,0,3,1,6,1,64,9,1796,1,17,7,1,7
2018440445500,2,9,0,18,0,8,1,0,0,0,1,1,6,1,18,4,1199,1,16,10,1,10
2018440445525,1,9,0,5,0,8,0,0,0,0,3,1,6,1,65,9,1598,1,11,7,3,7
2018440445525,2,1,0,18,0,8,0,0,0,0,1,1,6,1,34,6,-1,-1,-1,3,1,3
2018440445553,1,9,0,5,0,8,0,0,0,0,4,1,6,1,56,9,1999,2,1,6,1,6
2018440445553,2,97,0,18,0,8,0,0,0,0,1,1,6,2,53,8,-1,-1,-1,2,1,2
2018440445569,1,3,0,14,0,0,0,0,0,0,4,1,6,1,19,4,124,1,19,-1,-1,-1
2018440445569,2,9,0,5,0,0,0,0,0,0,3,1,6,1,40,7,2982,2,7,5,3,5
2018440445618,1,9,0,18,0,8,0,0,0,0,1,1,6,2,55,8,998,1,4,8,2,8
2018440445618,2,9,0,18,0,8,0,0,0,0,3,1,6,1,80,11,1798,1,3,8,2,8
2018440445867,1,9,0,17,0,1,0,0,1,7,4,1,6,1,31,6,1781,1,16,3,1,3
2018440445915,1,9,0,18,0,8,0,0,0,0,1,1,6,1,41,7,2000,1,11,3,1,3
2018440445915,2,1,0,18,0,8,0,0,0,0,4,1,6,1,33,6,-1,-1,-1,5,1,5
2018440445964,1,9,0,6,0,8,0,0,0,0,4,1,6,3,-1,-1,1598,2,1,-1,-1,-1
2018440445964,2,1,0,18,0,8,0,0,0,0,1,1,6,1,14,3,-1,-1,-1,9,1,9
2018440445985,1,9,0,18,0,0,0,0,0,0,3,1,2,1,57,9,1998,1,9,10,1,10
2018440446015,1,9,0,18,0,0,0,0,0,0,3,1,6,3,-1,-1,1968,2,11,-1,-1,-1
2018440446086,1,9,0,3,0,1,0,0,0,0,2,1,6,2,41,7,1124,1,13,8,1,8
2018440446086,2,9,0,4,0,1,0,0,0,0,1,1,6,2,18,4,1398,2,14,4,1,4
2018440446109,1,9,0,1,0,8,0,0,0,0,2,1,2,2,26,6,1995,2,6,10,1,10
2018440446109,2,10,0,1,0,8,0,0,0,0,2,1,1,2,35,6,2198,2,3,6,1,6
2018440446194,1,9,0,18,0,1,0,0,0,0,1,1,2,2,25,5,1496,1,2,9,1,9
2018440446194,2,9,0,10,0,1,0,0,0,0,2,1,3,1,22,5,1968,2,5,4,1,4
2018440446368,1,9,0,18,0,8,0,0,0,0,1,1,6,1,18,4,1198,1,15,2,1,2
2018440446368,2,9,0,7,0,8,0,0,0,0,2,1,6,2,41,7,1598,1,11,5,1,5
2018440446368,3,9,0,18,0,8,0,0,0,0,3,1,6,1,39,7,-1,-1,-1,9,1,9
2018440446924,1,9,0,18,0,8,0,0,0,0,1,1,6,3,-1,-1,1998,1,10,-1,-1,-1
2018440446924,2,9,0,9,0,8,0,0,0,0,4,1,6,2,55,8,1398,1,7,4,1,4
2018440446947,1,1,0,18,0,8,0,0,0,0,3,1,2,1,26,6,-1,-1,-1,5,1,5
2018440446947,2,9,0,9,0,8,0,0,0,0,1,1,6,2,72,10,1318,1,3,-1,-1,-1
2018440446990,1,1,0,9,0,8,0,0,0,0,4,1,6,1,48,8,-1,-1,-1,4,1,4
2018440446990,2,9,0,18,0,8,0,0,0,0,1,1,6,1,72,10,1341,1,13,6,1,6
2018440447012,1,9,0,6,0,0,0,0,0,0,3,1,6,1,46,8,1997,1,8,1,1,1
2018440447012,2,3,0,14,0,0,0,0,0,0,1,1,6,1,48,8,125,1,2,1,1,1
2018440447061,1,9,0,18,0,1,0,4,0,0,1,1,2,2,34,6,1198,1,2,10,1,10
2018440447061,2,9,0,2,0,1,0,0,0,0,2,1,6,3,-1,-1,1397,1,11,-1,-1,-1
2018440447075,1,9,0,4,0,0,0,0,0,0,2,1,6,2,27,6,998,1,4,8,1,8
2018440447075,2,9,0,4,0,0,0,0,0,0,1,1,6,1,48,8,2987,2,2,8,3,8
2018440447076,1,9,0,4,0,0,0,0,0,0,2,1,6,2,46,8,1560,2,7,8,1,8
2018440447076,2,9,0,18,0,0,0,0,0,0,1,1,6,1,70,10,1799,1,7,8,1,8
2018440447151,1,9,0,18,0,2,0,0,0,0,1,1,6,1,82,11,1596,1,4,9,1,9
2018440447151,2,9,0,18,0,1,0,0,0,0,1,1,6,2,66,10,1794,1,15,8,1,8
2018440447276,1,9,0,18,0,8,0,10,7,4,1,1,6,1,26,6,2993,2,4,2,1,2
2018440447439,1,9,0,9,0,8,0,0,0,0,1,1,6,1,21,5,1896,2,12,9,1,9
2018440447439,2,9,0,18,0,8,0,0,0,0,1,1,6,2,54,8,1198,1,7,6,1,6
2018440447498,1,9,0,4,0,1,0,0,0,0,2,1,6,2,25,5,1591,1,5,9,1,9
2018440447498,2,9,0,4,0,1,0,0,0,0,2,1,6,1,54,8,1595,1,7,9,1,9
2018440447498,3,9,0,18,0,1,1,0,0,0,1,1,6,2,22,5,-1,-1,-1,10,1,10
2018440447574,1,9,0,18,0,1,0,0,0,0,1,1,2,1,35,6,1149,1,12,10,2,10
2018440447574,2,9,0,4,0,1,0,0,0,0,2,1,2,2,56,9,1200,1,1,5,2,5
2018440447574,3,9,0,4,0,1,0,0,0,0,2,1,2,1,34,6,-1,-1,-1,10,1,10
2018440447592,1,9,0,9,0,8,0,0,0,0,1,1,6,2,59,9,1995,2,6,8,1,8
2018440447741,1,9,0,18,0,0,0,0,0,0,1,1,3,1,-1,-1,1796,1,14,-1,-1,-1
2018440447763,1,9,0,9,0,8,0,0,0,0,4,1,6,2,39,7,1598,1,6,10,1,10
2018440447763,2,9,0,18,0,8,0,0,0,0,1,1,6,2,45,7,1598,1,6,10,1,10
2018440447781,1,1,0,9,0,8,0,0,0,0,4,1,6,2,25,5,-1,-1,-1,3,1,3
2018440447781,2,9,0,5,0,8,0,0,0,0,1,1,6,2,29,6,1910,2,10,5,1,5
2018440447809,1,9,0,18,0,0,0,0,0,0,1,1,6,2,45,7,1242,1,10,9,1,9
2018440447809,2,9,0,18,0,0,0,0,0,0,2,1,6,1,26,6,2998,1,2,10,1,10
2018440447809,3,9,0,18,0,0,0,0,0,0,2,1,6,2,64,9,1399,2,9,5,1,5
2018440447809,4,9,0,18,0,0,0,0,0,0,2,1,6,2,50,8,1984,1,6,10,3,10
2018440447879,1,9,0,4,0,0,0,0,0,0,2,1,6,2,30,6,1600,2,9,8,1,8
2018440447879,2,9,0,18,0,0,0,0,0,0,1,1,6,1,48,8,1598,2,8,1,1,1
2018440447879,3,9,0,18,0,0,0,0,0,0,1,1,6,2,53,8,1560,2,8,2,1,2
2018440447968,1,9,0,18,0,1,0,0,0,0,1,1,6,1,41,7,1360,1,16,7,1,7
2018440447968,2,19,0,10,0,1,0,0,0,0,2,1,6,2,74,10,2143,2,1,4,1,4
2018440448065,1,9,0,18,0,8,0,0,0,0,3,1,6,2,57,9,2231,2,5,8,3,8
2018440448065,2,4,0,18,0,8,1,0,0,0,1,1,6,1,43,7,470,1,5,8,3,8
2018440448075,1,9,0,4,0,1,0,0,0,0,2,1,6,1,65,9,1461,2,3,6,1,6
2018440448075,2,9,0,18,0,1,0,0,0,0,1,1,6,2,75,10,1328,1,14,7,3,7
2018440448198,1,9,0,18,0,8,0,0,0,0,4,1,6,1,36,7,1560,2,10,6,1,6
2018440448198,2,9,0,5,0,8,0,0,0,0,1,1,6,1,49,8,1995,1,16,9,1,9
2018440448224,1,9,0,9,0,2,0,0,0,0,1,1,6,1,46,8,1397,1,10,2,1,2
2018440448283,1,9,0,18,0,8,0,0,0,0,1,1,2,2,51,8,1339,1,14,10,1,10
2018440448283,2,9,0,4,0,8,0,0,0,0,2,1,6,2,19,4,1422,2,8,9,3,9
2018440448283,3,9,0,4,0,8,0,0,0,0,2,1,2,2,58,9,1582,2,6,9,1,9
2018440448291,1,9,0,9,0,8,0,0,0,0,4,1,2,2,26,6,999,1,-1,9,1,9
2018440448291,2,1,0,18,0,8,0,0,0,0,1,1,2,1,33,6,-1,-1,-1,2,1,2
2018440448319,1,9,0,9,0,8,0,0,0,0,1,1,6,1,20,4,1242,1,15,9,1,9
2018440448319,2,3,0,13,0,8,0,0,0,0,1,1,6,1,17,4,125,1,2,10,1,10
2018440448319,3,9,0,7,0,8,0,0,0,0,0,1,6,3,-1,-1,-1,-1,-1,-1,-1,-1
2018440448392,1,9,0,9,0,8,0,0,0,0,1,1,6,2,34,6,1596,1,14,6,1,6
2018440448392,2,9,0,18,0,8,0,0,7,11,3,1,6,2,18,4,1956,2,4,9,3,9
2018440448392,3,9,0,18,0,8,0,0,0,0,1,1,6,1,31,6,1598,2,7,5,2,5
2018440448581,1,9,0,18,0,0,0,0,1,4,1,1,6,1,24,5,2495,2,14,-1,-1,-1
2018440448731,1,8,0,9,0,8,0,0,0,0,1,1,1,2,53,8,1598,2,4,3,1,3
2018440448731,2,90,0,18,0,1,0,0,0,0,1,1,1,2,32,6,-1,-1,-1,2,1,2
2018440448734,1,9,0,18,0,2,2,10,1,0,4,1,6,1,29,6,1595,1,9,3,1,3
2018440448816,1,9,0,18,0,0,2,0,0,0,0,1,6,1,29,6,1390,1,8,6,1,6
2018440448869,1,9,0,18,0,0,1,0,1,7,3,1,6,1,25,5,1496,2,2,4,1,4
2018440449180,1,9,0,18,0,0,0,0,2,4,1,1,6,2,23,5,1299,1,13,6,1,6
2018440449338,1,8,0,18,0,8,0,0,0,0,1,1,1,1,33,6,1968,2,3,9,1,9
2018440449338,2,9,0,3,0,8,0,0,0,0,2,1,1,1,-1,-1,1248,2,12,10,1,10
2018440449499,1,9,0,5,0,1,0,0,0,0,1,1,6,1,29,6,1584,1,12,8,1,8
2018440449499,2,19,0,18,0,1,0,0,0,0,2,1,6,1,47,8,1753,2,18,2,-1,2
2018440449564,1,3,0,16,0,0,1,0,0,0,0,1,6,1,20,4,124,1,2,1,1,1
2018440449672,1,9,0,5,0,8,0,0,0,0,1,1,6,1,47,8,1248,1,5,3,1,3
2018440449672,2,9,0,18,0,8,0,0,0,0,4,1,6,2,42,7,1997,2,6,9,2,9
2018440449728,1,9,0,5,0,0,0,0,0,0,3,1,6,2,57,9,1685,2,6,7,1,7
2018440449840,1,9,0,3,0,1,0,0,0,0,2,1,6,1,67,10,1364,1,2,4,1,4
2018440449840,2,9,0,4,0,1,0,0,0,0,1,1,1,1,29,6,1995,2,7,5,1,5
2018440449921,1,1,0,18,0,8,0,0,0,0,4,1,6,1,17,4,-1,-1,-1,10,1,10
2018440449921,2,9,0,18,0,8,0,0,0,0,1,1,6,3,-1,-1,-1,-1,-1,-1,-1,-1
2018440449950,1,3,0,7,0,8,0,0,0,0,4,1,6,2,25,5,125,1,3,10,1,10
2018440450300,1,9,0,18,0,8,0,0,0,0,1,1,6,1,44,7,3200,1,11,1,1,1
2018440450321,1,9,0,18,0,0,0,0,0,0,1,1,6,1,22,5,1896,2,16,6,3,6
2018440450902,1,10,0,18,0,8,0,0,0,0,1,1,1,3,-1,-1,2198,2,6,-1,-1,-1
2018440450902,2,9,0,9,0,8,0,0,0,0,3,1,6,2,20,4,1248,1,5,9,1,9
2018440451301,1,9,0,18,0,0,0,0,0,0,1,1,6,3,-1,-1,-1,-1,-1,-1,-1,-1
2018440451301,2,1,0,18,0,0,1,0,0,0,2,1,6,1,22,5,-1,-1,-1,4,1,4
2018440451308,1,9,0,18,0,0,0,0,0,0,1,1,6,1,42,7,1968,2,8,3,1,3
2018440451308,2,9,0,3,0,0,0,0,0,0,2,1,6,2,61,9,2979,1,11,6,3,6
2018440451471,1,9,0,17,0,0,0,0,0,0,1,1,6,2,64,9,1598,1,12,10,1,10
2018440451471,2,9,0,16,0,0,0,0,0,0,1,1,6,2,69,10,1368,1,7,10,3,10
2018440451561,1,9,0,18,0,8,0,0,0,0,4,1,6,1,23,5,1598,1,13,6,1,6
2018440451561,2,9,0,18,0,8,0,0,0,0,1,1,6,1,55,8,-1,3,-1,3,2,3
2018440451568,1,9,0,13,0,8,0,0,7,0,1,1,2,1,49,8,-1,-1,-1,3,1,3
2018440451568,2,9,0,9,0,8,0,0,0,0,3,1,6,1,63,9,1149,1,10,8,3,8
2018440451619,1,9,0,9,0,8,0,0,0,0,1,1,6,2,30,6,998,1,8,9,1,9
2018440451619,2,9,0,18,0,8,0,0,0,0,4,1,6,2,67,10,998,1,8,-1,-1,-1
2018440451992,1,9,0,18,0,0,0,0,7,4,1,1,6,1,22,5,2967,2,5,6,1,6
2018440452116,1,97,0,3,0,1,0,0,0,0,4,1,6,1,40,7,-1,-1,-1,10,2,10
2018440452116,2,9,0,18,0,1,0,0,0,0,3,1,6,2,55,8,1398,1,3,9,1,9
2018440452198,1,9,0,18,0,4,0,0,0,0,1,1,6,1,58,9,2967,2,6,10,1,10
2018440452198,2,9,0,9,0,8,0,0,0,0,1,1,6,2,41,7,1598,1,11,6,3,6
2018440452225,1,19,0,9,0,3,0,0,0,0,1,1,1,1,-1,-1,2287,2,6,-1,-1,-1
2018440452235,1,9,0,18,0,8,0,0,0,0,1,1,2,2,24,5,1198,1,13,10,1,10
2018440452235,2,1,0,18,0,8,0,0,0,0,4,1,4,2,16,4,-1,-1,-1,8,1,8
2018440452333,1,9,0,18,0,0,0,0,0,0,4,1,6,3,-1,-1,-1,-1,-1,-1,-1,-1
2018440452599,1,1,0,18,0,0,0,0,0,0,3,1,2,2,52,8,-1,-1,-1,7,1,7
2018440452599,2,9,0,13,0,0,0,0,0,0,4,1,6,3,-1,-1,-1,-1,-1,-1,-1,-1
2018440452604,1,9,0,18,0,8,0,0,0,0,1,1,6,2,34,6,2143,2,-1,8,3,8
2018440452604,2,5,0,18,0,8,0,0,0,0,3,1,6,1,51,8,650,1,50,8,3,8
2018440453144,1,1,0,18,0,1,0,0,0,0,3,1,6,2,43,7,-1,-1,-1,4,1,4
2018440453144,2,9,0,7,0,8,0,0,0,0,1,1,6,3,-1,-1,-1,-1,-1,-1,-1,-1
2018440453195,1,9,0,18,0,0,0,0,0,0,1,1,6,1,38,7,1596,1,12,6,1,6
2018440453195,2,9,0,4,0,0,0,0,0,0,2,1,6,1,42,7,1995,2,3,8,1,8
2018440453195,3,9,0,4,0,0,0,0,0,0,2,1,6,1,28,6,1686,2,7,10,1,10
2018440453195,4,9,0,4,0,0,0,0,0,0,2,1,6,1,52,8,1618,1,1,4,1,4
2018440453207,1,9,0,18,0,0,0,0,4,6,1,1,6,1,18,4,-1,-1,-1,7,3,7
2018440453207,2,9,0,18,0,0,0,0,0,0,1,1,6,1,30,6,-1,-1,-1,8,3,8
2018440453262,1,5,0,4,0,0,1,0,0,0,1,1,6,1,27,6,649,1,12,4,1,4
2018440453262,2,9,0,4,0,0,0,0,0,0,2,1,6,1,52,8,1399,2,15,2,1,2
2018440453266,1,1,0,18,0,8,0,0,0,0,1,1,6,1,61,9,-1,-1,-1,8,3,8
2018440453266,2,9,0,9,0,8,0,0,0,0,4,1,6,1,23,5,1229,1,5,10,3,10
2018440453336,1,9,0,18,0,0,0,0,7,0,1,1,6,2,48,8,1242,1,6,4,1,4
2018440453336,2,9,0,18,0,0,0,0,0,0,3,1,6,1,52,8,1397,1,8,3,1,3
2018440453336,3,9,0,18,0,0,0,0,0,0,3,1,6,2,52,8,1360,1,10,5,3,5
2018440453336,4,9,0,18,0,0,0,0,0,0,3,1,6,1,66,10,2204,2,12,5,1,5