Accident_Index,Vehicle_Reference,Vehicle_Type,Towing_and_Articulation,Vehicle_Manoeuvre,Vehicle_Location-Restricted_Lane,Junction_Location,Skidding_and_Overturning,Hit_Object_in_Carriageway,Vehicle_Leaving_Carriageway,Hit_Object_off_Carriageway,1st_Point_of_Impact,Was_Vehicle_Left_Hand_Drive?,Journey_Purpose_of_Driver,Sex_of_Driver,Age_of_Driver,Age_Band_of_Driver,Engine_Capacity_(CC),Propulsion_Code,Age_of_Vehicle,Driver_IMD_Decile,Driver_Home_Area_Type,Vehicle_IMD_Decile
2018440453347,1,9,0,18,0,0,0,0,0,0,1,1,6,2,79,11,-1,-1,-1,6,1,6
2018440453397,1,9,0,18,0,1,0,0,0,0,1,1,6,1,24,5,1799,1,8,8,1,8
2018440453397,2,9,0,4,0,1,0,0,0,0,2,1,6,2,41,7,796,1,11,2,1,2
2018440453497,1,9,0,17,0,0,1,0,7,4,3,1,2,1,18,4,1299,1,11,-1,-1,-1
2018440453585,1,1,0,17,0,0,0,0,1,0,4,1,2,1,40,7,-1,-1,-1,10,2,10
2018440453592,1,9,0,4,0,1,0,0,0,0,2,1,6,1,25,5,1200,1,15,6,1,6
2018440453592,2,9,0,18,0,1,0,0,0,0,1,1,6,2,21,5,1390,1,9,3,1,3
2018440453595,1,9,0,18,0,0,0,0,0,0,1,1,6,3,-1,-1,-1,-1,-1,-1,-1,-1
2018440453653,1,9,0,16,0,0,0,0,0,0,1,1,2,2,62,9,1200,1,3,6,3,6
2018440453745,1,9,0,9,0,8,0,0,0,0,1,1,1,1,25,5,1499,1,1,3,1,3
2018440453745,2,9,0,18,0,8,0,0,0,0,3,1,6,1,88,11,1598,1,10,10,2,10
2018440453745,3,9,0,7,0,8,0,0,0,0,3,1,6,2,72,10,1560,2,10,6,1,6
2018440453803,1,9,0,18,0,1,0,0,0,0,1,1,1,1,-1,-1,999,1,2,8,1,8
2018440453803,2,19,0,10,0,8,0,0,0,0,2,1,1,1,34,6,1560,2,4,7,1,7
2018440453821,1,9,0,5,0,8,0,0,0,0,3,1,2,1,21,5,-1,-1,-1,8,1,8
2018440453821,2,9,0,18,0,8,0,0,0,0,1,1,6,1,59,9,1242,1,7,10,1,10
2018440453981,1,9,0,3,0,8,0,0,0,0,2,1,1,3,-1,-1,-1,-1,-1,-1,-1,-1
2018440453981,2,3,0,18,0,8,0,0,0,0,1,1,1,1,24,5,-1,-1,-1,3,1,3
2018440454098,1,9,0,9,0,8,0,0,0,0,4,1,6,2,52,8,1997,2,4,6,1,6
2018440454098,2,9,0,18,0,8,1,0,0,0,1,1,6,2,57,9,-1,-1,-1,9,1,9
2018440454197,1,19,4,18,0,0,3,0,0,0,0,1,6,1,55,8,1896,2,9,7,1,7
2018440454197,2,9,0,18,0,0,0,0,0,0,0,1,6,1,76,11,1995,2,6,10,1,10
2018440454197,3,9,0,18,0,0,0,0,0,0,0,1,6,1,42,7,1998,2,8,-1,-1,-1
2018440454197,4,19,0,18,0,0,0,0,0,0,0,1,6,1,43,7,2143,2,1,9,1,9
2018440454197,5,9,0,18,0,0,0,0,0,0,0,1,6,1,21,5,999,1,-1,9,1,9
2018440454197,6,19,0,18,0,0,0,0,0,0,0,1,6,1,35,6,1560,2,-1,6,1,6
2018440454390,1,19,0,5,0,8,0,0,0,0,1,1,2,1,43,7,2198,2,7,7,1,7
2018440454390,2,9,0,18,0,8,0,0,0,0,4,1,6,2,48,8,1997,1,15,6,2,6
2018440454411,1,9,0,9,0,8,0,0,0,0,1,1,6,2,40,7,1598,1,11,7,3,7
2018440454488,1,9,0,5,0,8,0,0,0,0,2,1,6,2,58,9,1591,1,6,5,2,5
2018440454488,2,9,0,18,0,8,0,0,0,0,1,1,6,2,45,7,1395,1,-1,8,1,8
2018440454787,1,9,0,7,0,8,0,0,0,0,1,1,2,2,50,8,1199,1,1,9,1,9
2018440454849,1,9,0,18,0,2,0,0,0,0,1,1,6,1,30,6,1242,1,4,7,1,7
2018440454892,1,9,0,5,0,8,0,0,0,0,1,1,6,3,-1,-1,1995,2,8,-1,-1,-1
2018440454892,2,1,0,18,0,8,1,0,0,0,4,1,6,1,43,7,-1,-1,-1,5,1,5
2018440454964,1,9,0,18,0,0,0,0,0,0,1,1,6,2,26,6,1997,2,10,7,1,7
2018440454964,2,9,0,18,0,0,0,0,0,0,2,1,6,2,54,8,1198,1,1,10,2,10
2018440455023,1,9,0,18,0,8,0,0,3,11,4,1,6,2,21,5,1364,1,14,8,1,8
2018440455023,2,9,0,18,0,8,0,0,1,11,1,1,6,2,52,8,1598,1,16,9,2,9
2018440455055,1,9,0,9,0,8,5,0,0,0,4,1,6,1,70,10,1598,1,8,10,1,10
2018440455055,2,9,0,18,0,8,0,0,0,0,1,1,6,1,73,10,1364,1,12,7,1,7
2018440455562,1,19,0,18,0,1,0,0,0,0,1,1,1,1,37,7,1560,2,3,6,2,6
2018440455562,2,9,0,4,0,1,0,0,0,0,2,1,2,2,37,7,1999,2,3,9,3,9
2018440455562,3,9,0,4,0,1,0,0,0,0,2,1,2,1,46,8,1198,1,12,8,2,8
2018440455562,4,9,0,10,0,8,0,0,0,0,2,1,6,1,61,9,1390,1,12,10,1,10
2018440455594,1,9,0,9,0,8,0,0,0,0,3,1,1,1,20,4,-1,-1,-1,5,1,5
2018440455594,2,9,0,18,0,8,0,0,0,0,1,1,3,2,48,8,2198,1,16,6,1,6
2018440455669,1,9,0,9,0,8,0,0,0,0,3,1,6,2,35,6,1360,1,12,4,1,4
2018440455669,2,1,0,9,0,8,0,0,0,0,1,1,6,1,36,7,-1,-1,-1,4,1,4
2018440455688,1,9,0,18,0,0,0,0,0,0,4,1,6,3,-1,-1,-1,-1,-1,-1,-1,-1
2018440455696,1,9,0,18,0,0,0,0,1,11,1,1,6,1,91,11,998,1,9,5,3,5
2018440455704,1,9,0,18,0,8,0,0,0,0,1,1,2,1,41,7,1595,1,2,10,1,10
2018440455704,2,9,0,18,0,8,0,0,0,0,1,1,6,2,38,7,1364,1,11,4,1,4
2018440455809,1,4,0,14,0,8,0,0,0,0,1,1,6,1,28,6,471,1,3,1,1,1
2018440455809,2,9,0,9,0,8,0,0,0,0,3,1,6,2,33,6,1242,1,12,-1,-1,-1
2018440456069,1,9,0,18,0,0,5,0,0,0,4,1,6,2,19,4,1490,1,12,6,1,6
2018440456113,1,1,0,18,0,0,0,10,1,1,1,1,6,1,41,7,-1,-1,-1,10,1,10
2018440456207,1,9,0,18,0,8,0,0,0,0,1,1,2,2,27,6,998,1,18,10,1,10
2018440456207,2,9,0,18,0,8,0,0,0,0,1,1,2,1,43,7,2495,2,24,8,1,8
2018440456256,1,9,0,18,0,0,0,0,0,0,1,1,6,2,17,4,1149,1,6,6,3,6
2018440456256,2,9,0,4,0,0,0,0,0,0,2,1,6,2,35,6,1299,1,14,7,2,7
2018440456256,3,9,0,4,0,0,0,0,0,0,2,1,2,2,28,6,1461,2,6,3,1,3
2018440456257,1,9,0,5,0,8,0,0,0,0,3,1,6,2,17,4,999,1,3,10,3,10
2018440456257,2,9,0,18,0,8,0,0,0,0,1,1,6,2,60,9,999,1,4,10,2,10
2018440456280,1,21,0,17,0,0,0,0,0,0,1,1,1,1,66,10,6700,2,1,3,1,3
2018440456280,2,9,0,17,0,0,0,0,0,0,3,1,1,1,40,7,-1,-1,-1,7,2,7
2018440456469,1,9,0,18,0,0,0,0,0,0,1,1,6,1,23,5,1198,1,15,5,1,5
2018440456469,2,9,0,18,0,0,0,0,0,0,1,1,6,1,43,7,-1,-1,-1,9,2,9
2018440456469,3,9,0,4,0,0,0,0,0,0,2,1,6,1,47,8,5439,1,13,6,1,6
2018440456469,4,9,0,4,0,0,0,0,0,0,2,1,6,1,37,7,998,1,-1,4,1,4
2018440456504,1,9,0,16,0,0,1,0,7,4,1,1,6,1,24,5,1398,1,7,10,1,10
2018440456565,1,21,0,18,0,0,1,0,0,0,1,1,1,1,57,9,12809,2,3,8,1,8
2018440456565,2,20,0,4,0,0,0,0,0,0,2,1,1,1,23,5,-1,-1,-1,10,1,10
2018440456565,3,9,0,4,0,0,0,0,0,0,2,1,6,1,-1,-1,1598,2,3,-1,-1,-1
2018440456583,1,9,0,18,0,0,1,0,1,4,3,1,6,1,29,6,2993,2,6,4,1,4
2018440456603,1,9,0,18,0,0,0,0,0,0,1,1,2,1,39,7,1896,2,13,1,1,1
2018440456603,2,9,0,4,0,0,0,0,0,0,2,1,6,1,59,9,1968,2,3,9,1,9
2018440456603,3,9,0,4,0,0,0,0,0,0,2,1,6,1,71,10,1497,1,-1,10,1,10
2018440456639,1,19,0,18,0,8,0,0,0,0,1,1,6,1,-1,-1,1995,2,-1,-1,-1,-1
2018440456639,2,9,0,18,0,8,0,0,0,0,2,1,6,1,25,5,1995,2,4,-1,2,-1
2018440456908,1,19,0,4,0,0,1,7,0,0,0,1,2,1,38,7,1560,2,-1,9,1,9
2018440456908,2,9,0,3,0,0,0,0,0,0,2,1,2,2,44,7,-1,-1,-1,8,2,8
2018440456908,3,9,0,3,0,0,0,0,0,0,2,1,2,1,74,10,1398,1,1,8,1,8
2018440456908,4,9,0,3,0,0,0,0,0,0,2,1,2,1,38,7,-1,-1,-1,9,1,9
2018440456920,1,9,0,5,0,8,0,0,0,0,3,1,4,3,-1,-1,1364,1,4,6,1,6
2018440456920,2,1,0,18,9,8,0,0,0,0,1,1,6,1,11,3,-1,-1,-1,4,1,4
2018440456922,1,8,0,9,0,8,0,0,0,0,1,1,2,1,53,8,1798,8,3,4,1,4
2018440456930,1,9,0,18,0,1,0,0,0,0,1,1,6,1,74,10,1995,2,10,8,3,8
2018440456930,2,9,0,10,0,1,0,0,0,0,2,1,6,2,49,8,1395,1,1,10,-1,10
2018440456960,1,9,0,18,0,8,0,0,0,0,1,1,2,1,28,6,-1,-1,-1,9,1,9
2018440456960,2,9,0,18,0,8,0,0,0,0,1,1,6,1,59,9,1598,2,4,8,1,8
2018440457008,1,9,0,18,0,0,0,0,0,0,1,1,6,1,52,8,1968,2,9,-1,-1,-1
2018440457008,2,9,0,4,0,0,0,0,0,0,2,1,6,2,38,7,1242,1,2,10,1,10
2018440457131,1,19,0,5,0,8,0,0,0,0,1,1,6,1,50,8,2143,2,7,1,1,1
2018440457131,2,9,0,18,0,8,0,0,0,0,4,1,6,1,29,6,1598,2,6,5,2,5
2018440457243,1,9,0,18,0,0,2,10,7,11,1,1,6,1,28,6,1398,2,10,8,1,8
2018440457306,1,3,0,18,0,8,0,0,0,0,1,1,6,1,21,5,125,1,2,4,1,4
2018440457306,2,9,0,9,0,8,0,0,0,0,3,1,2,1,48,8,1275,1,19,1,1,1
2018440457329,1,9,0,18,0,0,0,0,0,0,2,1,6,1,27,6,1396,1,13,1,1,1
2018440457329,2,19,0,18,0,0,0,0,0,0,1,1,6,3,-1,-1,-1,-1,-1,-1,-1,-1
2018440457759,1,9,0,5,0,6,0,0,0,0,2,1,6,2,67,10,1198,1,10,10,2,10
2018440457759,2,9,0,16,0,8,0,0,0,0,1,1,6,1,18,4,1596,1,8,10,1,10
2018440457852,1,3,0,4,0,1,1,0,0,0,3,1,6,1,17,4,124,1,6,3,1,3
2018440458171,1,9,0,18,0,8,0,0,0,0,4,1,6,1,26,6,1600,2,9,4,1,4
2018440458171,2,2,0,5,0,6,0,0,0,0,1,1,6,1,16,4,-1,-1,-1,5,1,5
2018440458486,1,9,0,16,0,0,1,0,7,4,1,1,6,1,18,4,1360,1,15,4,1,4
2018440458575,1,9,0,18,0,0,0,0,7,1,1,1,6,1,56,9,2149,2,11,2,1,2
2018440458594,1,9,0,18,0,0,2,0,0,0,1,1,6,1,20,4,1596,1,11,9,3,9
2018440458805,1,9,0,3,0,0,0,0,0,0,2,1,6,1,54,8,2199,2,6,7,3,7
2018440458805,2,9,0,3,0,0,0,0,0,0,2,1,6,1,62,9,999,1,-1,8,1,8
2018440458805,3,9,0,4,0,0,0,0,0,0,0,1,6,1,53,8,-1,-1,-1,4,1,4
2018440458816,1,3,0,7,0,8,0,0,0,0,3,1,6,1,53,8,250,1,12,10,2,10
2018440458816,2,9,0,18,0,8,0,0,0,0,1,1,6,1,23,5,1390,1,10,3,1,3
2018440458929,1,9,0,18,0,0,1,0,0,0,1,1,6,1,40,7,1598,1,15,4,1,4
2018440458929,2,9,0,4,0,0,0,0,0,0,2,1,6,2,53,8,1248,2,6,5,1,5
2018440458991,1,9,0,3,0,1,0,0,0,0,2,1,6,2,24,5,973,1,19,10,2,10
2018440458991,2,9,0,4,0,1,0,0,0,0,1,1,6,3,-1,-1,2967,2,10,-1,-1,-1
2018440459048,1,9,0,13,0,8,0,0,1,0,4,1,6,1,45,7,1968,2,6,-1,-1,-1
2018440459048,2,19,0,9,0,8,0,0,0,0,3,1,1,1,46,8,1995,2,1,6,1,6
2018440459124,1,9,0,18,0,0,0,0,5,6,2,1,6,1,71,10,1395,1,4,9,1,9
2018440459124,2,9,0,18,0,0,0,0,0,0,1,1,6,1,35,6,1598,2,3,5,1,5
2018440459159,1,9,0,4,0,0,0,0,0,0,2,1,6,1,41,7,-1,-1,-1,1,1,1
2018440459159,2,9,0,4,0,0,0,0,0,0,1,1,6,1,28,6,998,1,1,9,1,9
2018440459286,1,9,0,18,0,8,0,0,0,0,4,1,6,2,79,11,1198,1,4,9,1,9
2018440459286,2,9,0,18,0,8,0,0,0,0,1,1,6,2,47,8,1086,1,12,-1,-1,-1
2018440459370,1,9,0,16,0,0,2,0,1,0,0,1,6,1,19,4,1124,1,15,4,1,4
2018440459573,1,9,0,18,0,1,0,0,0,0,1,1,2,1,19,4,-1,-1,-1,7,3,7
2018440459573,2,9,0,4,0,1,0,0,0,0,2,1,2,2,59,9,-1,-1,-1,7,3,7
2018440459679,1,9,0,18,0,1,0,0,0,0,1,1,6,1,55,8,2143,2,8,10,2,10
2018440459723,1,9,0,18,0,1,0,0,0,0,1,1,2,2,34,6,1984,1,4,9,1,9
2018440459723,2,5,0,3,0,1,0,0,0,0,2,1,2,1,26,6,599,1,8,9,1,9
2018440459730,1,9,0,9,0,8,0,0,0,0,1,1,6,2,70,10,1590,1,17,9,1,9
2018440459870,1,9,0,18,0,0,0,4,0,0,1,1,6,1,19,4,1242,1,11,6,1,6
2018440459870,2,9,0,2,0,0,0,0,0,0,2,1,6,3,-1,-1,1994,1,18,-1,-1,-1
2018440460010,1,1,0,18,0,0,0,0,0,0,1,1,6,2,55,8,-1,-1,-1,2,1,2
2018440460313,1,9,0,4,0,1,0,0,0,0,2,1,6,2,59,9,1339,1,11,6,2,6
2018440460313,2,9,0,18,0,1,0,0,0,0,1,1,6,2,32,6,2000,2,14,10,3,10
2018440460348,1,1,0,18,0,1,0,0,0,0,3,1,4,1,14,3,-1,-1,-1,6,1,6
2018440460348,2,9,0,18,0,1,0,0,0,0,4,1,6,3,-1,-1,-1,-1,-1,-1,-1,-1
2018440460350,1,9,0,8,0,8,0,0,0,0,4,1,2,1,73,10,2143,2,2,10,1,10
2018440460350,2,1,0,18,0,8,0,0,0,0,1,1,6,1,16,4,-1,-1,-1,4,1,4
2018440460468,1,19,0,9,0,8,0,0,0,0,1,1,6,1,45,7,1560,2,4,2,1,2
2018440460468,2,1,0,18,0,8,0,0,0,0,3,1,2,1,26,6,-1,-1,-1,3,1,3
2018440460613,1,9,0,18,0,0,0,0,0,0,1,1,6,2,59,9,1149,1,9,9,3,9
2018440460613,2,9,0,18,0,0,0,0,0,0,1,1,6,1,87,11,1200,1,1,9,1,9
2018440460725,1,9,0,18,0,0,5,4,0,0,1,1,6,2,20,4,1229,1,10,9,2,9
2018440460725,2,9,0,2,0,0,0,0,0,0,3,1,6,3,-1,-1,1242,1,1,-1,-1,-1
2018440460725,3,9,0,2,0,0,0,0,0,0,2,1,6,3,-1,-1,-1,-1,-1,-1,-1,-1
2018440460728,1,9,0,18,0,8,1,0,0,0,1,1,6,3,18,4,1995,1,8,10,2,10
2018440460916,1,9,0,4,0,1,0,0,0,0,1,1,2,1,52,8,2231,2,10,10,1,10
2018440460923,1,1,0,7,0,8,0,0,0,0,3,1,6,2,48,8,-1,-1,-1,3,1,3
2018440460923,2,9,0,7,0,8,0,0,0,0,4,1,1,1,22,5,1242,1,13,2,1,2
2018440460972,1,9,0,9,0,8,0,0,0,0,1,1,6,1,25,5,1968,2,4,4,1,4
2018440461023,1,11,0,7,0,8,0,0,0,0,4,1,1,1,32,6,9000,2,4,3,1,3
2018440461091,1,9,0,5,0,8,0,0,0,0,3,1,6,2,90,11,989,1,17,5,3,5
2018440461091,2,9,0,18,0,8,0,0,0,0,4,1,1,2,29,6,1560,2,9,5,3,5
2018440461127,1,9,0,18,0,2,0,0,0,0,2,1,2,2,46,8,1332,1,21,2,1,2
2018440461127,2,9,0,18,0,2,0,0,0,0,2,1,6,1,68,10,2401,2,10,3,1,3
2018440461215,1,9,0,9,0,8,0,0,0,0,3,1,6,1,71,10,1997,2,16,7,1,7
2018440461215,2,1,0,17,0,8,0,0,0,0,1,1,6,1,60,9,-1,-1,-1,7,1,7
2018440461220,1,9,0,18,0,0,0,0,0,0,1,1,6,1,24,5,1124,1,18,1,1,1
2018440461220,2,21,0,2,0,0,0,0,0,0,2,1,6,1,-1,-1,11946,2,10,-1,-1,-1
2018440461247,1,9,0,9,0,8,0,0,0,0,1,1,6,1,89,11,-1,-1,-1,5,1,5
2018440461321,1,5,0,18,0,0,1,0,0,0,1,1,2,1,36,7,599,1,15,6,1,6
2018440461355,1,1,0,18,0,0,0,0,0,0,0,1,4,1,15,3,-1,-1,-1,6,1,6
2018440461371,1,11,0,18,0,0,1,0,1,11,1,1,1,1,51,8,-1,-1,-1,4,1,4
2018440461381,1,9,0,5,0,0,0,0,0,0,1,1,6,2,87,11,1318,1,-1,9,1,9
2018440461381,2,9,0,2,0,0,0,0,0,0,2,1,6,3,-1,-1,999,1,6,-1,-1,-1
2018440461381,3,9,0,2,0,0,0,0,0,0,2,1,6,3,-1,-1,1910,2,13,-1,-1,-1
2018440461529,1,1,0,18,0,8,0,0,0,0,3,1,2,2,46,8,-1,-1,-1,8,3,8
2018440461529,2,9,0,9,0,8,0,0,0,0,1,1,6,2,36,7,1995,2,9,5,1,5
2018440461531,1,9,0,18,0,8,0,0,0,0,1,1,6,2,24,5,1596,1,16,4,1,4
2018440461531,2,9,0,14,0,8,0,0,0,0,1,1,6,1,30,6,-1,-1,-1,2,-1,2
2018440461538,1,1,0,18,9,0,0,0,1,0,1,1,2,1,57,9,-1,-1,-1,2,1,2
2018440461688,1,9,0,7,0,8,0,0,0,0,1,1,6,1,18,4,1389,1,16,5,1,5
2018440461688,2,1,0,18,0,8,0,0,0,0,4,1,6,1,43,7,-1,-1,-1,6,1,6
2018440461714,1,9,0,4,0,0,0,0,0,0,2,1,6,2,30,6,1598,1,4,6,1,6
2018440461714,2,9,0,4,0,0,0,0,0,0,2,1,6,1,21,5,1769,1,16,5,1,5
2018440461714,3,9,0,18,0,0,0,0,0,0,1,1,6,1,35,6,1120,2,2,7,3,7
2018440461747,1,9,0,4,0,0,0,0,0,0,2,1,2,1,56,9,998,1,5,3,1,3
2018440461747,2,19,0,18,0,0,0,0,0,0,1,1,6,3,-1,-1,-1,-1,-1,-1,-1,-1
2018440461793,1,19,0,18,0,1,0,0,0,0,0,1,2,1,61,9,1753,2,14,2,1,2
2018440461793,2,3,0,18,0,1,0,0,0,0,2,1,6,1,21,5,125,1,10,6,1,6
2018440461793,3,3,0,18,0,1,0,0,0,0,2,1,6,1,19,4,124,1,8,-1,-1,-1
2018440461801,1,9,0,6,0,0,0,0,0,0,0,1,2,1,34,6,1598,2,1,7,1,7
2018440461801,2,9,0,12,0,0,0,0,6,4,1,1,2,1,27,6,2319,1,21,10,1,10
2018440461831,1,1,0,18,9,0,1,0,0,0,1,1,6,1,17,4,-1,-1,-1,3,1,3
2018440461879,1,9,0,18,0,0,0,0,0,0,1,1,1,1,33,6,2967,2,3,4,1,4
2018440461879,2,90,0,18,0,0,0,0,0,0,2,1,1,1,24,5,-1,-1,-1,4,1,4
2018440461879,3,9,0,18,0,0,1,0,0,0,1,1,2,2,43,7,1686,2,7,4,-1,4
2018440461987,1,9,0,9,0,8,0,0,0,0,1,1,6,1,27,6,1398,1,13,3,1,3
2018440461987,2,3,0,18,0,8,0,0,0,0,3,1,6,1,33,6,125,1,2,4,1,4
2018440462235,1,9,0,18,-1,1,0,0,0,0,1,1,6,1,24,5,1968,2,13,10,3,10
2018440462235,2,9,0,3,0,1,0,0,0,0,2,1,6,2,31,6,1598,1,1,8,2,8
2018440462235,3,9,0,3,0,1,0,0,0,0,2,1,6,2,46,8,1598,2,2,7,2,7
2018440462674,1,9,0,6,0,8,0,0,0,0,1,1,6,3,-1,-1,-1,-1,-1,-1,-1,-1
2018440462959,1,9,0,9,0,8,0,0,0,0,4,1,6,1,76,11,1968,2,4,10,2,10
2018440462959,2,9,0,18,0,8,0,0,0,0,1,1,6,1,26,6,-1,-1,-1,7,1,7
2018440462959,3,19,0,3,0,1,0,0,0,0,1,1,6,1,21,5,-1,-1,-1,10,1,10
2018440462993,1,3,0,13,0,8,0,0,0,0,1,1,2,1,20,4,124,1,3,3,1,3
2018440462993,2,9,0,7,0,8,0,0,0,0,3,1,2,1,24,5,999,1,3,4,1,4
2018440463052,1,9,0,9,0,8,0,0,3,9,3,1,6,1,72,10,1242,1,14,8,1,8
2018440463052,2,19,0,18,0,8,0,0,0,0,1,1,1,1,23,5,1968,2,3,7,1,7
2018440463428,1,9,0,12,0,0,0,0,0,0,2,1,1,1,46,8,1598,2,6,3,1,3
2018440463428,2,9,0,12,0,0,0,0,5,6,3,1,2,1,25,5,1896,2,12,7,2,7
2018440463428,3,21,0,18,0,0,0,0,0,0,3,1,1,1,50,8,6700,2,1,-1,-1,-1
2018440463510,1,9,0,7,0,2,0,0,0,0,1,1,6,1,-1,-1,1499,1,-1,-1,3,-1
2018440463510,2,9,0,7,0,2,0,0,0,0,2,1,6,2,32,6,1986,2,11,1,1,1
2018440463824,1,9,0,9,0,8,0,0,0,0,1,1,6,1,71,10,-1,-1,-1,6,1,6
2018440463824,2,4,0,14,0,8,0,0,0,0,4,1,6,1,27,6,-1,-1,-1,4,1,4
2018440463887,1,9,0,18,0,2,0,0,0,0,1,1,6,3,-1,-1,-1,-1,-1,-1,-1,-1
2018440463887,2,1,0,18,0,1,0,0,0,0,4,1,6,1,14,3,-1,-1,-1,2,1,2
2018440464040,1,9,0,4,0,0,0,0,0,0,2,1,6,2,56,9,1560,2,3,9,1,9
2018440464040,2,9,0,18,0,0,0,0,0,0,1,1,6,2,21,5,1461,2,8,10,1,10
2018440464146,1,9,0,18,0,0,0,0,0,0,1,1,6,2,32,6,1242,1,10,9,2,9
2018440464148,1,9,0,4,0,2,0,0,0,0,0,1,6,2,32,6,1200,1,3,7,1,7
2018440464257,1,19,0,1,0,0,0,0,0,0,2,1,1,3,-1,-1,-1,-1,-1,-1,-1,-1
2018440464257,2,3,0,3,0,0,0,0,0,0,1,1,6,1,45,7,100,1,10,1,1,1
2018440464277,1,9,0,18,0,2,0,0,0,0,1,1,6,3,-1,-1,1995,2,1,-1,-1,-1
2018440464277,2,9,0,18,0,2,0,0,0,0,2,1,6,2,27,6,1896,2,15,6,1,6
2018440464293,1,9,0,9,0,8,0,0,0,0,1,1,6,2,75,10,998,1,4,10,1,10
2018440464293,2,9,0,18,0,8,0,0,0,0,3,1,6,2,25,5,1587,1,13,8,-1,8
2018440464768,1,1,0,18,0,8,0,0,0,0,3,1,6,1,72,10,-1,-1,-1,9,1,9
2018440464822,1,9,0,2,0,0,0,0,0,0,4,1,6,2,-1,-1,1598,1,10,7,1,7
2018440464822,2,9,0,18,0,0,0,0,0,0,1,1,6,1,35,6,1991,1,1,-1,-1,-1
2018440464880,1,9,0,5,0,8,0,0,0,0,1,1,1,2,34,6,995,1,5,4,1,4
2018440464880,2,1,0,18,0,8,0,0,0,0,4,1,6,1,64,9,-1,-1,-1,5,1,5
2018440464913,1,9,0,9,0,8,0,0,0,0,1,1,6,2,56,9,1598,2,4,-1,-1,-1
2018440464913,2,9,0,18,0,8,0,0,0,0,4,1,3,2,40,7,1198,1,11,6,3,6
2018440464987,1,21,0,9,0,8,0,0,0,0,1,1,1,1,62,9,-1,-1,-1,2,1,2
2018440464987,2,9,0,18,0,8,0,0,0,0,4,1,6,1,86,11,1870,2,16,9,1,9
2018440465286,1,9,0,17,0,0,0,0,0,0,1,1,6,2,71,10,1995,2,12,-1,-1,-1
2018440465286,2,9,0,16,0,0,0,0,0,0,1,1,6,1,19,4,1149,1,13,4,1,4
2018440465408,1,9,0,18,0,8,0,0,0,0,1,1,6,2,22,5,1197,1,3,9,1,9
2018440465408,2,9,0,18,0,8,0,0,0,0,3,1,6,1,41,7,1596,1,7,4,1,4
2018440465506,1,9,0,18,0,0,0,0,0,0,1,1,2,1,29,6,1995,2,14,6,1,6
2018440465506,2,9,0,18,0,0,0,0,4,6,2,1,6,1,69,10,1995,2,14,-1,-1,-1
2018440465642,1,11,0,18,0,2,0,0,0,0,1,1,1,1,41,7,9000,2,4,8,2,8
2018440465860,1,19,0,18,0,0,2,0,0,0,4,1,6,1,27,6,-1,-1,-1,1,1,1
2018440465898,1,8,0,18,0,0,0,0,0,0,3,1,1,1,35,6,1997,2,6,5,1,5
2018440466103,1,9,0,7,0,8,0,0,0,0,1,1,6,1,63,9,2402,2,11,7,1,7
2018440466212,1,22,0,18,9,1,0,0,0,0,1,1,6,1,89,11,-1,-1,-1,6,1,6
2018440466228,1,9,0,18,0,1,5,0,6,1,1,1,6,2,38,7,998,1,1,4,1,4
2018440466316,1,1,0,5,0,8,0,0,0,0,3,1,2,2,47,8,-1,-1,-1,1,1,1
2018440466316,2,9,0,9,0,8,0,0,0,0,1,1,2,1,57,9,1360,1,16,2,1,2
2018440466349,1,9,0,17,0,0,0,0,0,0,1,1,6,1,21,5,-1,-1,-1,2,1,2
2018440466349,2,19,0,16,0,0,0,0,0,0,3,1,1,1,37,7,1598,2,5,2,1,2
2018440466381,1,4,0,5,0,1,0,0,0,0,1,1,6,1,35,6,745,1,-1,9,2,9
2018440466440,1,9,0,18,0,0,0,0,0,0,1,1,6,1,49,8,2179,2,6,2,1,2
2018440466440,2,9,0,18,0,0,0,0,0,0,1,1,6,1,36,7,1896,2,14,3,1,3
2018440466844,1,9,0,2,0,0,0,0,0,0,3,1,6,3,-1,-1,-1,-1,-1,-1,-1,-1
2018440466844,2,2,0,14,0,0,0,0,0,0,1,1,6,1,17,4,49,1,1,1,1,1
2018440466895,1,8,0,18,0,1,0,0,0,0,1,1,1,1,36,7,2198,2,4,1,1,1
2018440466993,1,9,0,5,0,8,0,0,0,0,3,1,2,2,40,7,1998,2,9,6,3,6
2018440466993,2,1,0,18,0,8,0,0,0,0,1,1,6,1,41,7,-1,-1,-1,5,1,5
2018440467356,1,2,0,7,0,8,1,0,0,0,1,1,6,1,16,4,49,1,-1,9,1,9
2018440467415,1,9,0,7,0,8,0,0,0,0,1,1,2,1,33,6,1999,1,11,-1,-1,-1
2018440467515,1,9,0,18,0,1,1,0,0,0,1,1,6,1,48,8,1200,1,15,4,1,4
2018440467515,2,9,0,3,0,1,0,0,0,0,2,1,6,2,22,5,1998,1,13,7,1,7
2018440467518,1,9,0,9,0,8,1,0,0,0,4,1,3,2,52,8,999,1,2,6,1,6
2018440467518,2,9,0,18,0,8,1,0,0,0,1,1,3,1,65,9,-1,-1,-1,5,1,5