Accident_Index,Vehicle_Reference,Vehicle_Type,Towing_and_Articulation,Vehicle_Manoeuvre,Vehicle_Location-Restricted_Lane,Junction_Location,Skidding_and_Overturning,Hit_Object_in_Carriageway,Vehicle_Leaving_Carriageway,Hit_Object_off_Carriageway,1st_Point_of_Impact,Was_Vehicle_Left_Hand_Drive?,Journey_Purpose_of_Driver,Sex_of_Driver,Age_of_Driver,Age_Band_of_Driver,Engine_Capacity_(CC),Propulsion_Code,Age_of_Vehicle,Driver_IMD_Decile,Driver_Home_Area_Type,Vehicle_IMD_Decile
2018440467523,1,9,0,18,0,8,0,0,0,0,4,1,6,1,38,7,1600,2,9,8,3,8
2018440467523,2,9,0,18,0,8,0,0,0,0,1,1,6,1,-1,-1,2199,2,7,6,1,6
2018440467551,1,21,0,18,0,0,5,0,0,0,1,1,2,1,41,7,10837,2,1,5,1,5
2018440467551,2,9,0,18,0,0,0,0,1,0,1,1,1,1,-1,-1,2494,2,29,6,3,6
2018440467554,1,9,0,4,0,1,0,0,0,0,1,1,6,2,54,8,995,1,9,3,1,3
2018440467554,2,9,0,4,0,1,0,0,0,0,1,1,6,2,34,6,1997,1,17,3,1,3
2018440467554,3,9,0,4,0,1,0,0,0,0,2,1,6,1,53,8,2776,2,11,10,1,10
2018440467559,1,9,0,5,0,8,0,0,0,0,3,1,6,2,30,6,1997,2,8,2,1,2
2018440467559,2,3,0,18,0,8,0,0,0,0,1,1,2,1,25,5,124,1,-1,4,1,4
2018440467568,1,9,0,14,0,0,0,0,0,0,3,1,6,1,33,6,-1,-1,-1,5,3,5
2018440467568,2,9,0,18,0,0,0,0,0,0,3,1,6,2,75,10,1197,1,8,5,2,5
2018440467576,1,9,0,18,0,1,1,0,0,0,1,1,6,1,77,11,1998,1,13,10,2,10
2018440467576,2,9,0,10,0,1,0,0,0,0,2,1,6,2,44,7,1999,2,3,-1,2,-1
2018440467693,1,9,0,14,0,0,0,0,0,0,1,1,6,1,35,6,1796,1,14,1,1,1
2018440467805,1,9,0,18,0,0,0,0,0,0,1,1,6,1,35,6,1598,1,5,10,1,10
2018440467805,2,9,0,18,0,0,0,0,0,0,2,1,6,3,-1,-1,1339,1,7,-1,-1,-1
2018440467810,1,9,0,7,0,8,0,0,1,4,1,1,6,1,34,6,1396,1,21,7,3,7
2018440468059,1,9,0,9,0,8,0,0,0,0,1,1,2,1,50,8,1598,2,3,9,1,9
2018440468059,2,9,0,18,0,8,0,0,0,0,3,1,2,2,34,6,1560,2,11,4,1,4
2018440468088,1,9,0,7,0,8,0,0,0,0,1,1,2,1,29,6,1396,1,9,8,2,8
2018440468088,2,9,0,18,0,8,1,0,0,0,1,1,6,1,74,10,1798,1,6,10,3,10
2018440468343,1,3,0,13,0,8,1,0,0,0,4,1,6,1,25,5,124,1,4,10,1,10
2018440468343,2,19,0,4,0,8,0,0,0,0,0,1,6,3,-1,-1,-1,-1,-1,-1,-1,-1
2018440468447,1,9,0,13,0,0,0,0,0,0,4,1,6,3,-1,-1,-1,-1,-1,-1,-1,-1
2018440468447,2,1,0,18,0,0,1,0,0,0,3,1,6,1,63,9,-1,-1,-1,4,1,4
2018440468571,1,9,0,3,0,1,0,0,0,0,0,1,1,1,-1,-1,1560,2,5,-1,-1,-1
2018440468571,2,9,0,4,0,1,0,0,0,0,2,1,6,1,21,5,998,1,8,5,1,5
2018440468571,3,9,0,18,0,1,0,0,0,0,1,1,1,1,42,7,-1,-1,-1,5,1,5
2018440468765,1,9,0,9,0,8,0,0,0,0,3,1,6,2,31,6,1753,2,10,1,1,1
2018440468765,2,97,0,18,0,8,0,0,0,0,1,1,6,1,20,4,-1,-1,-1,2,1,2
2018440468787,1,9,0,1,0,0,0,0,0,0,3,1,6,1,19,4,1995,2,12,3,1,3
2018440468787,2,9,0,2,0,0,0,0,0,0,2,1,6,2,36,7,1560,2,2,3,1,3
2018440468787,3,9,0,18,0,0,0,0,0,0,1,1,6,1,50,8,1997,2,7,2,1,2
2018440468876,1,9,0,4,0,0,0,0,0,0,2,1,1,1,36,7,998,1,16,4,1,4
2018440468876,2,9,0,18,0,0,0,0,0,0,1,1,6,3,-1,-1,-1,-1,-1,-1,-1,-1
2018440468892,1,9,0,1,0,2,0,0,0,0,2,1,6,3,-1,-1,-1,-1,-1,-1,-1,-1
2018440468991,1,9,0,18,0,0,0,0,0,0,1,1,6,1,22,5,1200,1,2,8,1,8
2018440468991,2,9,0,18,0,0,0,0,0,0,2,1,6,1,50,8,1461,2,8,9,1,9
2018440469283,1,9,0,3,0,1,0,0,0,0,2,1,2,2,22,5,1364,1,11,6,3,6
2018440469283,2,9,0,18,0,1,0,0,0,0,1,1,2,1,55,8,998,1,4,4,1,4
2018440469291,1,9,0,18,0,8,0,0,0,0,1,1,2,2,47,8,-1,-1,-1,10,1,10
2018440469291,2,19,0,18,0,8,0,0,0,0,1,1,6,3,-1,-1,2198,2,2,-1,-1,-1
2018440469294,1,3,0,18,0,0,0,0,0,0,0,1,6,1,17,4,124,1,22,1,1,1
2018440469313,1,9,0,18,0,0,0,0,1,7,1,1,6,1,45,7,1332,1,19,5,1,5
2018440469377,1,9,0,18,0,0,0,0,0,0,3,1,6,2,70,10,1198,1,16,10,1,10
2018440469377,2,9,0,18,0,0,0,0,0,0,3,1,6,1,58,9,1995,2,1,9,3,9
2018440469377,3,9,0,18,0,0,0,0,0,0,3,1,6,1,55,8,1995,2,2,10,1,10
2018440469394,1,9,0,18,0,0,0,0,0,0,4,1,6,3,-1,-1,999,1,1,-1,-1,-1
2018440469394,2,9,0,2,0,0,0,0,0,0,3,1,6,1,39,7,1984,1,2,-1,-1,-1
2018440469608,1,9,0,3,0,1,0,0,0,0,2,1,2,2,55,8,1242,1,-1,8,1,8
2018440469608,2,9,0,4,0,1,0,0,0,0,1,1,6,3,-1,-1,1598,1,8,-1,-1,-1
2018440469619,1,9,0,9,0,8,0,0,0,0,1,1,6,1,70,10,2179,2,12,2,1,2
2018440469619,2,9,0,18,0,8,0,0,0,0,1,1,6,2,27,6,1598,2,6,1,1,1
2018440469686,1,9,0,18,0,8,0,0,0,0,1,1,6,2,73,10,1364,1,1,4,1,4
2018440469686,2,9,0,18,0,8,0,0,1,0,1,1,1,1,19,4,998,1,-1,9,1,9
2018440469744,1,20,0,4,0,0,0,0,0,0,1,1,1,1,88,11,-1,-1,-1,8,2,8
2018440469744,2,9,0,4,0,0,0,0,0,0,2,1,6,2,49,8,1560,2,4,2,1,2
2018440469744,3,9,0,4,0,0,0,0,0,0,2,1,6,1,80,11,1997,1,13,6,1,6
2018440469750,1,9,0,4,0,1,0,0,0,0,1,1,6,2,51,8,1149,1,10,4,1,4
2018440469983,1,9,0,18,0,1,0,0,0,0,1,1,6,3,-1,-1,1149,1,11,-1,-1,-1
2018440469983,2,9,0,10,0,1,0,0,0,0,2,1,3,2,40,7,1896,2,15,4,1,4
2018440469984,1,19,0,18,0,8,0,0,0,0,1,1,2,1,29,6,2402,2,9,5,1,5
2018440470000,1,9,0,18,0,1,0,0,0,0,1,1,6,3,-1,-1,-1,-1,-1,-1,-1,-1
2018440470000,2,4,0,3,0,1,0,0,0,0,2,1,6,1,29,6,498,1,20,4,1,4
2018440470012,1,9,0,18,0,8,0,0,0,0,4,1,6,1,33,6,1968,2,6,6,1,6
2018440470012,2,9,0,18,0,8,0,0,0,0,1,1,2,2,53,8,2494,8,2,10,1,10
2018440470045,1,9,0,18,0,8,0,0,0,0,1,1,6,2,64,9,1086,1,13,3,1,3
2018440470045,2,9,0,18,0,8,0,0,0,0,1,1,6,1,66,10,1997,2,-1,2,1,2
2018440470048,1,19,0,18,0,0,0,0,0,0,1,1,2,1,70,10,1560,2,4,3,1,3
2018440470108,1,9,0,9,0,8,0,0,0,0,1,1,6,2,57,9,1299,1,16,10,3,10
2018440470108,2,19,0,18,0,8,0,0,0,0,1,1,2,1,54,8,1968,2,2,9,1,9
2018440470147,1,9,0,5,0,4,0,0,0,0,1,1,6,2,42,7,1685,2,6,2,1,2
2018440470147,2,9,0,18,0,8,1,0,0,0,4,1,6,1,44,7,1956,2,5,1,1,1
2018440470269,1,9,0,18,0,0,0,0,7,11,1,1,6,2,25,5,1896,2,17,9,3,9
2018440470270,1,3,0,18,0,0,0,0,0,0,3,1,6,1,17,4,124,1,-1,10,1,10
2018440470270,2,9,0,18,0,0,0,0,0,0,4,1,6,2,31,6,1995,2,12,7,3,7
2018440470297,1,9,0,18,0,1,0,0,0,0,3,1,6,1,59,9,1998,1,13,2,1,2
2018440470297,2,1,0,18,0,1,0,0,0,0,1,1,2,2,59,9,-1,-1,-1,1,1,1
2018440470513,1,9,0,18,0,8,0,0,0,0,3,1,2,2,45,7,1582,2,2,1,1,1
2018440470513,2,9,0,11,0,8,0,0,0,0,4,1,6,3,-1,-1,-1,-1,-1,-1,-1,-1
2018440470554,1,9,0,9,0,8,0,0,0,0,4,1,1,2,46,8,1997,2,5,10,1,10
2018440470555,1,9,0,18,0,1,0,0,0,0,1,1,2,2,59,9,1246,1,10,7,1,7
2018440470555,2,9,0,10,0,1,0,0,0,0,2,1,2,1,43,7,1900,2,11,5,1,5
2018440470575,1,9,0,18,0,8,0,0,0,0,3,1,6,1,79,11,1242,1,3,7,2,7
2018440470575,2,9,0,18,0,8,0,0,0,0,1,1,2,1,-1,-1,1364,2,12,-1,-1,-1
2018440470687,1,9,0,18,0,0,0,0,0,0,4,1,6,2,17,4,999,1,9,1,1,1
2018440471161,1,1,0,18,0,0,0,0,0,0,1,1,6,1,32,6,-1,-1,-1,4,1,4
2018440471245,1,9,0,18,0,0,0,4,0,0,4,1,6,2,77,11,1591,1,3,2,1,2
2018440471245,2,9,0,2,0,0,0,0,0,0,3,1,6,3,-1,-1,1248,2,7,-1,-1,-1
2018440471265,1,9,0,18,0,8,0,0,0,0,1,1,6,2,92,11,1390,1,7,9,1,9
2018440471265,2,9,0,18,0,8,0,0,0,0,1,1,6,1,21,5,1598,1,16,1,1,1
2018440471323,1,9,0,6,0,8,0,0,0,0,3,1,2,1,32,6,2993,2,6,6,1,6
2018440471323,2,5,0,18,0,8,0,0,0,0,1,1,2,1,44,7,1137,1,17,-1,-1,-1
2018440471394,1,9,0,7,0,8,0,0,0,0,1,1,1,2,24,5,1596,1,7,10,1,10
2018440471394,2,9,0,18,0,8,1,0,0,0,1,1,6,1,21,5,1242,1,16,10,1,10
2018440471394,3,19,0,18,0,8,0,0,0,0,1,1,1,1,52,8,2143,2,1,9,1,9
2018440471413,1,9,0,9,0,8,0,0,0,0,1,1,6,1,27,6,1988,1,15,5,2,5
2018440471413,2,9,0,3,0,1,0,0,0,0,0,1,1,1,-1,-1,2993,2,2,-1,-1,-1
2018440471567,1,9,0,18,0,8,0,0,3,1,1,1,6,2,30,6,1596,1,17,5,2,5
2018440471947,1,9,0,18,0,0,1,0,0,0,4,1,6,1,73,10,1397,1,15,7,1,7
2018440471947,2,9,0,12,0,0,0,0,0,0,3,1,6,3,-1,-1,-1,-1,-1,-1,-1,-1
2018440472135,1,9,0,1,9,0,0,0,0,0,1,1,6,3,-1,-1,-1,-1,-1,-1,-1,-1
2018440472138,1,1,0,4,0,1,0,0,0,0,2,1,2,1,42,7,-1,-1,-1,10,1,10
2018440472138,2,9,0,4,0,1,0,0,0,0,1,1,6,2,68,10,1995,2,-1,6,-1,6
2018440472463,1,9,0,18,0,1,0,0,0,0,1,1,1,1,33,6,1242,1,16,9,1,9
2018440472463,2,9,0,18,0,2,0,0,0,0,1,1,6,3,-1,-1,-1,-1,-1,-1,-1,-1
2018440472495,1,9,0,18,0,0,5,0,0,0,1,1,6,1,47,8,1598,1,14,2,1,2
2018440472651,1,9,0,3,0,1,0,0,0,0,2,1,6,2,47,8,1597,1,15,7,1,7
2018440472651,2,9,0,18,0,1,0,0,0,0,1,1,6,2,51,8,1598,2,5,9,1,9
2018440472757,1,9,0,18,0,0,1,0,7,9,1,1,6,1,38,7,1499,1,4,10,2,10
2018440473158,1,9,0,9,0,8,0,0,0,0,3,1,6,3,-1,-1,-1,-1,-1,-1,-1,-1
2018440473244,1,9,0,9,0,8,0,0,0,0,1,1,2,1,35,6,1560,2,6,7,1,7
2018440473244,2,4,0,18,0,8,0,0,0,0,1,1,6,1,50,8,398,1,13,4,1,4
2018440473258,1,1,0,7,0,8,0,0,0,0,1,1,6,1,14,3,-1,-1,-1,6,1,6
2018440473258,2,19,0,4,0,1,0,0,0,0,3,1,1,1,59,9,1499,2,-1,5,1,5
2018440473353,1,9,0,7,0,2,0,0,0,0,1,1,6,1,18,4,1199,1,15,5,1,5
2018440473424,1,9,0,5,0,8,0,0,0,0,1,1,6,3,-1,-1,-1,-1,-1,-1,-1,-1
2018440473479,1,1,0,18,0,8,0,0,0,0,1,1,6,1,14,3,-1,-1,-1,7,1,7
2018440473479,2,19,0,18,0,8,0,0,0,0,4,1,1,1,56,9,1995,2,2,6,1,6
2018440473489,1,5,0,13,0,1,1,0,0,0,0,1,2,1,27,6,645,1,7,7,1,7
2018440473489,2,19,0,9,0,8,0,0,0,0,0,1,6,3,-1,-1,-1,-1,-1,-1,-1,-1
2018440473493,1,1,0,3,0,0,0,0,0,0,3,1,2,1,54,8,-1,-1,-1,3,1,3
2018440473493,2,19,0,18,0,0,0,0,0,0,3,1,6,3,-1,-1,-1,-1,-1,-1,-1,-1
2018440473729,1,1,0,18,0,8,0,0,0,0,4,1,6,1,31,6,-1,-1,-1,9,1,9
2018440473729,2,9,0,7,0,8,0,0,0,0,1,1,6,2,72,10,1390,1,5,10,1,10
2018440473743,1,9,0,18,0,1,0,0,0,0,1,1,2,2,24,5,2000,1,9,9,1,9
2018440473743,2,9,0,3,0,1,0,0,0,0,2,1,6,2,49,8,-1,-1,-1,10,1,10
2018440473743,3,9,0,3,0,1,0,0,0,0,2,1,6,2,31,6,1388,1,10,9,1,9
2018440473803,1,9,0,9,0,8,0,0,0,0,1,1,6,1,58,9,1840,1,18,10,1,10
2018440474028,1,9,0,18,0,0,0,0,1,11,1,1,6,1,19,4,1995,2,5,5,1,5
2018440474050,1,8,0,18,0,0,1,0,1,4,1,1,1,1,48,8,1968,2,6,7,1,7
2018440474089,1,9,0,17,0,0,5,0,0,0,4,1,6,1,58,9,1998,1,15,8,3,8
2018440474160,1,9,0,18,0,0,0,0,1,11,1,1,6,1,48,8,1587,1,14,5,1,5
2018440474203,1,9,0,5,0,2,0,0,0,0,4,1,6,3,-1,-1,-1,-1,-1,-1,-1,-1
2018440474420,1,9,0,5,0,0,0,0,0,0,0,1,6,1,-1,-1,1399,1,2,-1,-1,-1
2018440474420,2,3,0,18,0,0,0,0,0,0,0,1,1,2,24,5,125,1,7,6,1,6
2018440474470,1,9,0,9,0,8,0,0,0,0,4,1,1,2,52,8,1242,1,8,10,1,10
2018440474470,2,9,0,18,0,8,0,0,0,0,3,1,6,1,47,8,1781,1,19,4,1,4
2018440474506,1,19,0,9,0,8,0,0,0,0,4,1,6,1,33,6,1560,2,1,3,1,3
2018440474723,1,9,0,9,0,8,0,0,0,0,4,1,6,2,51,8,2720,2,13,5,3,5
2018440474723,2,5,0,18,0,8,0,0,0,0,1,1,6,1,58,9,1402,1,14,-1,-1,-1
2018440474991,1,9,0,18,0,0,0,0,0,0,1,1,2,1,42,7,1596,1,14,4,1,4
2018440474991,2,5,0,18,0,0,0,0,0,0,1,1,2,1,35,6,675,1,8,5,1,5
2018440475075,1,9,0,18,0,8,0,0,0,0,4,1,6,2,39,7,1242,1,15,1,1,1
2018440475138,1,9,0,17,0,0,2,0,8,4,3,1,6,2,21,5,1364,1,11,-1,-1,-1
2018440475472,1,9,0,18,0,0,1,0,7,4,1,1,2,2,35,6,1987,1,2,7,3,7
2018440475523,1,9,0,18,0,0,0,0,0,0,1,1,6,2,52,8,1086,1,9,9,1,9
2018440475523,2,9,0,18,0,0,0,0,0,0,2,1,6,2,30,6,1598,1,7,9,1,9
2018440475600,1,5,0,13,0,0,0,0,0,0,4,1,6,1,26,6,1215,1,4,5,1,5
2018440475600,2,9,0,13,0,0,0,0,0,0,3,1,6,2,21,5,1461,2,3,7,3,7
2018440475633,1,9,0,9,0,8,0,0,0,0,1,1,6,2,34,6,1598,1,11,8,3,8
2018440475633,2,9,0,18,0,8,0,0,0,0,1,1,6,2,70,10,1599,1,14,4,2,4
2018440476437,1,9,0,18,0,0,1,0,0,0,1,1,6,1,27,6,998,1,6,10,1,10
2018440476437,2,9,0,18,0,0,0,0,0,0,2,1,6,1,41,7,1560,2,12,10,1,10
2018440476437,3,9,0,2,0,0,0,0,0,0,3,1,1,1,-1,-1,-1,-1,-1,-1,-1,-1
2018440476510,1,9,0,9,0,8,0,0,0,0,1,1,6,1,48,8,1395,1,-1,9,2,9
2018440476510,2,9,0,18,0,8,0,0,0,0,4,1,6,1,47,8,1783,1,16,10,1,10
2018440476528,1,9,0,18,0,0,5,0,1,4,3,1,6,2,19,4,1390,1,17,10,1,10
2018440476528,2,9,0,18,0,0,0,0,0,0,4,1,6,1,43,7,1984,1,8,9,3,9
2018440476785,1,9,0,18,0,1,0,0,0,0,1,1,6,1,50,8,1388,1,9,2,1,2
2018440476785,2,9,0,4,0,1,0,0,0,0,2,1,2,1,18,4,1149,1,15,7,1,7
2018440476785,3,9,0,4,0,1,0,0,0,0,2,1,6,1,-1,-1,1796,1,6,-1,-1,-1
2018440476812,1,9,0,18,0,0,0,0,0,0,4,1,6,1,76,11,1318,1,1,-1,-1,-1
2018440476824,1,9,0,9,0,8,0,0,0,0,1,1,6,1,-1,-1,1397,1,9,10,1,10
2018440476824,2,1,0,18,0,8,1,0,0,0,1,1,6,1,46,8,-1,-1,-1,10,1,10
2018440476870,1,9,0,18,0,8,0,0,0,0,4,1,6,2,46,8,1248,1,-1,3,1,3
2018440476870,2,9,0,7,0,8,0,0,0,0,1,1,6,1,65,9,1397,1,17,3,1,3
2018440476882,1,19,0,18,0,0,0,0,0,0,3,1,1,1,56,9,2299,2,-1,2,1,2
2018440476882,2,9,0,18,0,0,1,0,1,4,1,1,6,1,51,8,1988,2,14,3,1,3
2018440477394,1,9,0,18,0,0,1,7,1,5,4,1,6,2,31,6,1596,1,14,7,2,7
2018440477420,1,9,0,18,0,8,0,0,0,0,1,1,6,1,90,11,1242,1,9,9,1,9
2018440477512,1,9,0,7,0,8,0,0,0,0,3,1,6,1,65,9,898,1,4,-1,-1,-1
2018440477512,2,9,0,18,0,8,0,0,0,0,1,1,6,1,20,4,-1,-1,-1,7,1,7
2018440477521,1,9,0,9,0,8,0,0,0,0,4,1,2,1,61,9,1461,2,1,4,1,4
2018440477521,2,9,0,18,0,8,0,0,0,0,1,1,2,1,21,5,1998,1,11,6,1,6
2018440477565,1,1,0,13,0,8,0,0,0,0,1,1,6,1,20,4,-1,-1,-1,4,1,4
2018440477565,2,8,0,6,0,8,0,0,0,0,1,1,1,1,45,7,1968,2,-1,9,1,9
2018440477726,1,9,0,4,0,4,2,0,0,0,3,1,6,1,27,6,1679,1,18,2,1,2
2018440477760,1,9,0,18,0,8,2,0,1,0,0,1,6,1,20,4,1242,1,11,5,1,5
2018440477938,1,9,0,18,0,3,0,0,0,0,1,1,1,1,39,7,2993,2,2,-1,-1,-1
2018440477938,2,9,0,6,0,3,0,0,0,0,3,1,6,1,62,9,2494,8,-1,10,1,10
2018440477939,1,9,0,4,0,0,0,0,0,0,1,1,6,1,88,11,1395,1,3,10,1,10
2018440477939,2,9,0,4,0,0,0,0,0,0,2,1,6,1,70,10,1995,2,10,8,1,8
2018440477939,3,9,0,4,0,0,0,0,0,0,2,1,6,2,54,8,1968,2,3,6,1,6
2018440477964,1,9,0,4,0,0,0,0,0,0,2,1,6,1,27,6,1248,2,12,2,1,2
2018440477964,2,9,0,4,0,0,1,0,4,0,1,1,6,2,87,11,1998,1,14,6,3,6
2018440477995,1,9,0,11,0,8,0,0,0,0,1,1,6,3,-1,-1,1997,1,12,-1,-1,-1
2018440477995,2,9,0,18,0,8,0,0,0,0,1,1,6,2,22,5,1596,1,8,1,1,1
2018440478134,1,9,0,18,0,8,0,0,0,0,3,1,6,3,-1,-1,1796,1,17,-1,-1,-1
2018440478134,2,3,0,13,0,8,1,0,0,0,1,1,1,1,29,6,108,1,1,4,1,4
2018440478197,1,9,0,18,0,0,0,0,0,0,4,1,6,1,19,4,1149,1,12,8,1,8
2018440478688,1,9,0,18,0,0,0,0,0,0,1,1,6,2,44,7,999,1,-1,4,1,4
2018440478688,2,9,0,2,0,0,0,0,0,0,2,1,6,3,-1,-1,998,1,11,-1,-1,-1
2018440478688,3,9,0,2,0,0,0,0,0,0,1,1,6,3,-1,-1,1896,2,16,-1,-1,-1
2018440478803,1,9,0,4,0,0,0,0,0,0,2,1,1,1,30,6,1498,1,-1,5,1,5
2018440478803,2,9,0,18,0,0,1,0,0,0,1,1,1,1,30,6,1498,1,-1,2,1,2
2018440478893,1,9,0,18,0,0,0,0,0,0,4,1,6,1,53,8,1364,1,2,8,1,8
2018440479110,1,9,0,18,0,0,0,0,0,0,1,1,6,1,35,6,1364,1,12,8,1,8
2018440479110,2,1,0,18,0,0,0,0,0,0,3,1,6,1,12,3,-1,-1,-1,1,1,1
2018440479236,1,9,0,18,0,0,1,0,0,0,4,1,6,1,53,8,1968,2,12,4,1,4
2018440479236,2,9,0,2,0,0,0,0,0,0,3,1,6,3,-1,-1,1991,1,-1,-1,-1,-1
2018440479236,3,9,0,2,0,0,0,0,0,0,3,1,6,3,-1,-1,1461,2,6,-1,-1,-1
2018440479236,4,9,0,2,0,0,0,0,0,0,3,1,6,3,-1,-1,-1,-1,-1,-1,-1,-1
2018440479264,1,9,0,18,0,4,0,0,0,0,1,1,6,1,34,6,1390,1,11,6,1,6
2018440479892,1,9,0,18,0,8,0,0,0,0,1,1,1,1,47,8,1798,8,1,8,3,8
2018440479892,2,9,0,9,0,8,0,0,0,0,4,1,6,2,54,8,1598,1,11,3,1,3
2018440479992,1,9,0,7,0,8,0,0,0,0,4,1,6,2,23,5,1242,1,6,10,1,10
2018440479992,2,1,0,18,9,8,0,0,0,0,3,1,6,1,14,3,-1,-1,-1,6,1,6
2018440480194,1,1,0,18,0,0,0,0,0,0,1,1,6,1,80,11,-1,-1,-1,4,1,4
2018440480194,2,19,0,18,0,0,0,0,0,0,1,1,1,1,34,6,2143,2,6,8,1,8
2018440480240,1,4,0,18,0,0,0,0,0,0,4,1,6,1,19,4,124,1,19,8,1,8
2018440480325,1,9,0,18,0,8,0,0,0,0,1,1,6,1,56,9,1596,1,14,3,1,3
2018440480325,2,9,0,18,0,8,0,0,0,0,4,1,6,1,56,9,1596,1,19,3,1,3
2018440480334,1,9,0,4,0,0,0,0,0,0,2,1,6,2,17,4,1461,2,-1,7,1,7
2018440480334,2,9,0,4,0,0,0,0,0,0,1,1,2,1,44,7,1339,1,6,9,1,9
2018440480464,1,9,0,16,0,0,2,0,1,4,1,1,6,1,19,4,1984,1,8,10,1,10
2018440480979,1,9,0,5,0,8,0,0,0,0,3,1,6,2,29,6,1360,1,11,6,1,6
2018440480979,2,1,0,18,0,8,0,0,0,0,1,1,6,1,37,7,-1,-1,-1,9,2,9
2018440481097,1,9,0,11,0,8,0,0,0,0,1,1,6,1,24,5,1329,1,2,8,3,8
2018440481097,2,5,0,7,0,8,0,0,0,0,2,1,6,1,46,8,1352,1,10,3,1,3
2018440481225,1,9,0,5,0,4,0,0,0,0,1,1,6,1,71,10,1461,2,8,8,1,8
2018440481225,2,1,0,18,0,8,0,0,0,0,4,1,6,2,46,8,-1,-1,-1,3,1,3
2018440481346,1,5,0,18,0,8,1,0,0,0,3,1,2,1,25,5,998,1,14,3,1,3
2018440481346,2,9,0,9,0,8,0,0,0,0,1,1,6,1,71,10,2494,2,8,10,3,10
2018440481411,1,5,0,18,0,0,1,0,0,0,0,1,6,1,46,8,-1,-1,-1,9,1,9
2018440481604,1,9,0,18,0,0,0,0,7,4,1,1,6,2,21,5,1242,1,14,9,3,9
2018440481705,1,1,0,18,0,0,0,0,0,0,0,1,6,2,35,6,-1,-1,-1,1,1,1
2018440481705,2,9,0,13,0,0,0,0,0,0,0,1,6,3,-1,-1,-1,-1,-1,-1,-1,-1
2018440481785,1,9,0,18,0,8,0,0,0,0,1,1,6,2,34,6,1582,2,2,9,1,9
2018440481785,2,9,0,18,0,8,0,0,0,0,4,1,6,2,55,8,1998,1,14,6,3,6
2018440482192,1,3,0,18,0,8,1,0,0,0,3,1,6,2,17,4,125,1,-1,1,1,1
2018440482459,1,9,0,18,0,0,2,0,8,3,1,1,6,1,19,4,1896,2,14,7,1,7
2018440482666,1,9,0,9,0,8,0,0,0,0,1,1,6,2,34,6,-1,-1,-1,9,1,9
2018440482666,2,1,0,18,0,8,1,0,0,0,1,1,1,1,16,4,-1,-1,-1,-1,-1,-1
2018440483156,1,1,0,18,0,2,0,0,0,0,3,1,6,1,15,3,-1,-1,-1,3,1,3
2018440483156,2,9,0,13,0,2,0,0,0,0,4,1,6,3,-1,-1,-1,-1,-1,-1,-1,-1
2018440483528,1,9,0,17,0,0,0,0,2,4,1,1,6,2,34,6,-1,-1,-1,3,2,3
2018448021655,1,9,0,18,0,2,0,0,1,2,1,1,6,2,48,8,1198,1,4,1,1,1
2018450253082,1,9,0,17,0,2,0,0,0,0,1,1,2,1,39,7,2143,2,4,10,1,10
2018450253823,1,9,0,4,0,6,0,0,0,0,2,1,5,2,46,8,1242,1,1,9,3,9
2018450253823,2,9,0,4,0,7,0,0,0,0,1,1,5,1,29,6,2987,2,1,8,1,8
2018450253823,3,19,0,18,0,8,0,0,0,0,1,1,1,1,28,6,1996,2,5,8,1,8
2018450254085,1,10,0,17,0,0,0,0,1,7,1,1,6,1,36,7,-1,-1,-1,9,1,9
2018450254230,1,9,0,17,0,1,0,0,1,10,1,1,2,1,46,8,-1,-1,-1,2,1,2
2018450254309,1,9,0,18,0,0,0,0,0,0,4,1,5,2,56,9,1197,1,1,7,3,7
2018450254309,2,90,1,12,0,0,0,0,0,0,3,2,1,1,46,8,-1,-1,-1,-1,-1,-1
2018450254626,1,90,0,9,0,5,0,0,0,0,3,1,1,1,24,5,-1,-1,-1,4,1,4
2018450254626,2,3,0,13,0,1,0,0,0,0,3,1,1,1,26,6,125,1,1,5,1,5
2018450254760,1,90,1,12,0,8,0,0,0,0,3,2,1,1,33,6,-1,-1,-1,-1,-1,-1
2018450254760,2,9,0,18,0,1,1,0,0,0,4,1,5,2,42,7,1398,1,3,9,1,9
2018450254760,3,90,0,18,0,1,0,0,0,0,3,1,1,1,47,8,5193,2,5,4,1,4
2018450254833,1,90,1,12,0,1,0,0,0,0,3,2,1,1,57,9,-1,-1,-1,-1,-1,-1
2018450254833,2,9,0,11,0,7,0,0,0,0,3,1,2,2,31,6,1364,1,8,1,1,1
2018450254835,1,9,0,16,0,3,0,0,0,0,1,1,5,1,37,7,1984,1,3,5,1,5
2018450254858,1,9,0,18,0,8,1,0,1,2,4,1,2,1,54,8,1242,1,13,10,3,10
2018450254917,1,9,0,18,0,0,0,0,0,0,1,1,5,1,19,4,999,1,2,10,1,10
2018450254917,2,19,0,18,0,0,0,0,0,0,3,1,1,1,29,6,2463,2,13,8,1,8
2018450254917,3,9,0,18,0,0,1,7,0,0,4,1,5,1,53,8,2967,2,7,7,3,7
2018450254997,1,9,0,18,0,1,0,0,0,0,4,1,2,2,30,6,1149,1,16,8,1,8
2018450255430,1,9,0,18,0,0,0,0,1,4,1,1,5,1,18,4,2143,2,2,5,1,5
2018450255919,1,9,0,9,0,3,0,0,0,0,4,1,6,2,50,8,-1,-1,-1,9,1,9