Accident_Index,Vehicle_Reference,Vehicle_Type,Towing_and_Articulation,Vehicle_Manoeuvre,Vehicle_Location-Restricted_Lane,Junction_Location,Skidding_and_Overturning,Hit_Object_in_Carriageway,Vehicle_Leaving_Carriageway,Hit_Object_off_Carriageway,1st_Point_of_Impact,Was_Vehicle_Left_Hand_Drive?,Journey_Purpose_of_Driver,Sex_of_Driver,Age_of_Driver,Age_Band_of_Driver,Engine_Capacity_(CC),Propulsion_Code,Age_of_Vehicle,Driver_IMD_Decile,Driver_Home_Area_Type,Vehicle_IMD_Decile
2018450260584,1,9,0,17,0,0,1,10,7,0,4,1,6,1,45,7,1896,2,11,9,3,9
2018450260584,2,19,0,17,0,0,0,0,0,0,1,1,5,1,40,7,2500,2,10,9,1,9
2018450260585,1,9,0,18,0,0,5,0,0,0,1,1,5,1,18,4,1360,1,9,8,3,8
2018450260585,2,9,0,2,0,0,0,0,0,0,3,1,6,3,-1,-1,-1,-1,-1,-1,-1,-1
2018450260687,1,9,0,9,0,8,0,0,0,0,3,1,6,2,55,8,973,1,17,7,3,7
2018450260687,2,9,0,7,0,8,0,0,6,0,1,1,6,1,41,7,1124,1,15,5,1,5
2018450260698,1,9,0,18,0,8,0,0,0,0,1,1,2,1,19,4,1118,1,25,10,1,10
2018450260698,2,9,0,3,0,1,0,0,0,0,2,1,6,1,42,7,1596,1,13,5,1,5
2018450260703,1,9,0,9,0,1,0,0,0,0,3,1,2,1,50,8,1910,2,11,9,1,9
2018450260703,2,1,0,13,0,1,2,0,0,0,1,1,6,1,19,4,-1,-1,-1,6,1,6
2018450260716,1,1,0,18,0,0,0,0,0,0,2,1,6,1,47,8,-1,-1,-1,10,1,10
2018450260716,2,9,0,18,0,0,0,0,0,0,1,1,6,3,30,6,-1,-1,-1,-1,-1,-1
2018450260727,1,3,0,18,0,0,0,0,0,0,1,1,5,1,17,4,124,1,3,10,1,10
2018450260727,2,9,0,18,0,0,0,0,0,0,2,1,5,1,50,8,1797,8,7,6,1,6
2018450260727,3,9,0,18,0,0,0,0,0,0,0,1,5,2,50,8,1461,2,4,4,1,4
2018450260774,1,9,0,18,0,0,0,0,0,0,1,1,6,1,31,6,2993,2,10,10,1,10
2018450260774,2,9,0,5,0,0,0,0,0,0,1,1,6,1,39,7,1598,2,4,10,2,10
2018450260789,1,9,0,5,0,1,0,0,0,0,1,1,6,1,66,10,1968,2,12,10,1,10
2018450260789,2,9,0,9,0,5,0,0,0,0,4,1,2,1,19,4,1400,1,11,8,1,8
2018450260920,1,9,0,9,0,8,0,0,1,10,3,1,6,1,44,7,1995,2,2,9,1,9
2018450260920,2,9,0,18,0,8,0,0,0,0,1,1,6,2,28,6,1598,1,13,9,1,9
2018450261047,1,19,0,3,0,0,0,0,0,0,2,1,1,1,34,6,1968,2,3,10,3,10
2018450261047,2,9,0,4,0,0,0,0,0,0,2,1,6,1,44,7,2995,1,3,8,2,8
2018450261047,3,9,0,18,0,0,0,0,0,0,1,1,1,1,64,9,1197,1,1,-1,-1,-1
2018450261049,1,9,0,18,0,1,0,0,0,0,1,1,5,2,66,10,-1,-1,-1,10,1,10
2018450261049,2,9,0,18,0,1,0,0,0,0,2,1,2,2,52,8,1496,2,1,7,1,7
2018450261099,1,9,0,18,0,0,0,0,0,0,1,1,6,3,36,7,4461,2,4,10,1,10
2018450261099,2,9,0,1,0,0,0,0,0,0,2,1,6,1,56,9,1590,1,14,5,1,5
2018450261132,1,9,0,18,0,0,0,0,0,0,1,1,6,1,30,6,1997,2,5,10,1,10
2018450261132,2,10,0,5,0,0,0,0,0,0,1,1,6,1,36,7,-1,-1,-1,4,1,4
2018450261164,1,9,0,18,0,0,0,0,0,0,1,1,6,1,27,6,1598,2,3,6,1,6
2018450261167,1,9,0,3,0,0,0,0,0,0,1,1,6,1,48,8,2969,2,11,10,2,10
2018450261193,1,9,0,18,0,0,0,0,0,0,1,1,6,1,27,6,1242,1,15,9,1,9
2018450261193,2,9,0,18,0,0,0,0,0,0,1,1,6,1,45,7,2143,2,4,9,3,9
2018450261199,1,21,0,3,0,1,0,0,0,0,2,1,6,1,53,8,10800,2,4,3,1,3
2018450261199,2,9,0,4,0,1,0,0,0,0,1,1,1,1,41,7,1598,2,1,-1,-1,-1
2018450261231,1,9,0,18,0,0,0,0,0,0,1,1,6,2,54,8,1598,1,12,6,1,6
2018450261231,2,4,0,5,0,0,1,0,1,0,4,1,6,1,20,4,649,1,12,9,1,9
2018450261233,1,9,0,3,0,1,0,0,0,0,4,1,3,1,53,8,1968,2,11,9,1,9
2018450261233,2,1,0,18,0,1,0,0,0,0,1,1,4,1,12,3,-1,-1,-1,10,1,10
2018450261238,1,9,0,18,0,0,0,0,0,0,0,1,5,2,27,6,1560,2,5,8,3,8
2018450261238,2,21,0,18,0,0,0,0,0,0,0,1,5,3,50,8,-1,-1,-1,-1,-1,-1
2018450261238,3,9,0,18,0,0,0,0,0,0,1,1,5,1,38,7,1197,1,3,8,1,8
2018450261238,4,9,0,2,0,0,0,0,0,0,0,1,5,2,52,8,1389,1,20,8,3,8
2018450261253,1,9,0,10,0,1,0,0,0,0,2,1,6,1,54,8,2720,2,11,9,1,9
2018450261253,2,9,0,3,0,1,0,0,0,0,2,1,6,1,21,5,1968,2,5,5,1,5
2018450261253,3,9,0,4,0,1,0,0,0,0,1,1,6,1,50,8,-1,-1,-1,9,1,9
2018450261277,1,9,0,4,0,1,0,4,0,0,1,1,6,1,40,7,1595,1,17,7,1,7
2018450261277,2,9,0,3,0,1,0,0,0,0,2,1,6,1,37,7,1198,1,6,6,1,6
2018450261289,1,9,0,17,0,0,1,0,1,4,1,1,2,1,24,5,1595,1,14,10,1,10
2018450261400,1,19,0,17,0,0,1,0,0,0,1,1,6,1,31,6,2198,2,9,8,1,8
2018450261400,2,9,0,16,0,0,0,0,1,10,1,1,6,2,24,5,1598,2,3,10,2,10
2018450261431,1,9,0,18,0,0,0,0,0,0,0,1,6,1,35,6,1598,1,14,-1,-1,-1
2018450261440,1,9,0,16,0,0,1,10,0,0,1,1,6,1,20,4,1598,2,7,8,1,8
2018450261463,1,9,0,18,0,0,1,0,1,2,1,1,5,1,34,6,1781,1,18,10,1,10
2018450261470,1,9,0,5,0,0,0,0,0,0,1,1,2,1,41,7,1997,2,14,4,1,4
2018450261471,1,9,0,18,0,0,1,0,1,4,1,1,5,1,26,6,2143,2,8,8,3,8
2018450261510,1,1,0,18,0,8,0,0,0,0,1,1,5,1,29,6,-1,-1,-1,10,1,10
2018450261510,2,9,0,9,0,6,0,0,0,0,1,1,5,2,80,11,1200,1,3,10,2,10
2018450261538,1,1,0,18,0,8,0,0,0,0,3,1,6,1,43,7,-1,-1,-1,10,2,10
2018450261538,2,21,0,18,0,8,0,0,0,0,1,1,6,1,33,6,-1,-1,-1,9,1,9
2018450261572,1,9,0,18,0,1,0,0,0,0,1,1,6,2,34,6,1229,1,3,4,1,4
2018450261572,2,20,0,18,0,1,0,0,0,0,3,1,6,1,29,6,-1,-1,-1,3,1,3
2018450261572,3,20,0,3,0,2,0,0,0,0,1,1,6,1,50,8,2198,2,5,4,1,4
2018450261607,1,9,0,4,0,1,0,0,0,0,0,1,1,1,41,7,1798,8,2,10,1,10
2018450261607,2,9,0,4,0,1,0,0,0,0,1,1,6,2,35,6,1798,1,12,9,1,9
2018450261607,3,9,0,18,0,1,0,0,0,0,1,1,6,1,84,11,1994,1,20,8,1,8
2018450261623,1,9,0,4,0,1,0,0,0,0,4,1,6,1,63,9,1461,2,5,8,1,8
2018450261646,1,9,0,18,0,1,0,0,0,0,1,1,1,1,31,6,1956,2,9,7,1,7
2018450261646,2,9,0,18,0,8,0,0,0,0,1,1,6,2,35,6,1497,8,13,8,1,8
2018450261670,1,9,0,18,0,0,0,0,0,0,1,1,2,2,32,6,1248,1,5,10,1,10
2018450261670,2,9,0,18,0,0,0,0,1,7,1,1,6,2,26,6,1598,2,5,9,1,9
2018450261688,1,9,0,17,0,0,0,0,7,4,1,1,2,2,45,7,1995,2,7,10,1,10
2018450261688,2,9,0,18,0,0,0,0,1,0,1,1,1,2,35,6,1596,1,10,8,1,8
2018450261793,1,9,0,18,0,0,0,0,7,11,1,1,6,1,46,8,2993,2,3,8,1,8
2018450261824,1,9,0,18,0,0,0,0,0,0,0,1,6,3,30,6,-1,-1,-1,-1,-1,-1
2018450261824,2,9,0,18,0,0,0,0,0,0,0,1,6,2,18,4,1618,1,2,7,1,7
2018450261874,1,9,0,18,0,0,0,0,0,0,3,1,5,2,71,10,1496,2,1,5,1,5
2018450261874,2,9,0,18,0,0,0,0,0,0,1,1,5,1,34,6,998,1,21,5,3,5
2018450261917,1,9,0,18,0,4,0,0,0,0,1,1,6,1,23,5,-1,-1,-1,10,2,10
2018450261917,2,19,0,18,0,8,0,0,0,0,1,1,6,1,50,8,1598,1,9,8,3,8
2018450261945,1,9,0,17,0,0,0,0,0,0,1,1,3,2,36,7,2494,8,1,3,1,3
2018450261945,2,9,0,4,0,0,1,0,1,0,3,1,1,1,25,5,-1,-1,-1,5,1,5
2018450261960,1,9,0,9,0,1,0,0,7,0,3,1,5,2,42,7,1984,2,7,9,3,9
2018450261960,2,9,0,13,0,1,0,0,0,0,4,1,5,1,59,9,1995,2,9,8,3,8
2018450261973,1,9,0,18,0,0,0,0,0,0,1,1,6,1,-1,-1,1598,2,2,9,1,9
2018450261981,1,9,0,18,0,0,0,0,0,0,1,1,1,1,63,9,2231,2,9,3,1,3
2018450261981,2,1,0,18,4,0,0,0,0,0,3,1,3,1,12,3,-1,-1,-1,5,1,5
2018450261981,3,9,0,18,0,0,0,0,0,0,3,1,5,1,23,5,1242,1,7,7,1,7
2018450262110,1,9,0,9,0,8,0,0,0,0,1,1,5,2,71,10,1229,1,12,9,1,9
2018450262110,2,9,0,18,0,1,0,0,0,0,1,1,5,2,32,6,1242,1,1,10,1,10
2018450262133,1,1,0,18,0,0,0,0,0,0,1,1,6,1,49,8,-1,-1,-1,10,1,10
2018450262133,2,9,0,18,0,0,0,0,0,0,1,1,6,1,36,7,999,1,1,-1,-1,-1
2018450262140,1,9,0,18,0,0,0,0,0,0,1,1,6,3,36,7,-1,-1,-1,-1,-1,-1
2018450262154,1,19,0,5,0,6,0,0,0,0,1,1,1,1,66,10,1560,2,3,5,1,5
2018450262154,2,9,0,18,0,8,0,0,1,4,4,1,5,1,33,6,1995,2,6,8,1,8
2018450262168,1,9,0,9,0,6,0,0,0,0,1,2,5,1,27,6,-1,-1,-1,2,1,2
2018450262168,2,3,0,17,0,1,2,0,0,0,1,1,2,1,17,4,124,1,4,6,1,6
2018450262169,1,9,0,18,0,0,1,0,1,11,1,1,5,1,21,5,1368,1,8,8,1,8
2018450262169,2,9,0,18,0,0,0,0,5,6,2,1,1,2,34,6,999,1,2,10,2,10
2018450262188,1,9,0,9,0,2,0,0,0,0,1,1,5,1,41,7,1598,1,12,6,1,6
2018450262188,2,1,0,10,0,8,0,0,0,0,3,1,5,1,48,8,-1,-1,-1,10,1,10
2018450262203,1,9,0,18,0,0,1,0,1,4,1,1,5,1,21,5,998,1,11,2,1,2
2018450262214,1,9,0,18,0,0,1,0,0,0,1,1,5,2,23,5,998,1,5,6,1,6
2018450262214,2,9,0,18,0,0,0,0,0,0,2,1,5,1,35,6,1968,2,7,4,1,4
2018450262225,1,9,0,18,0,0,1,0,1,4,2,1,5,2,31,6,1399,2,12,3,1,3
2018450262231,1,90,0,9,0,8,0,0,0,0,1,1,1,1,39,7,2287,2,5,7,1,7
2018450262231,2,5,0,18,0,8,0,0,0,0,4,1,5,1,27,6,745,1,1,6,1,6
2018450262239,1,9,0,18,0,1,0,4,0,0,1,1,5,1,22,5,-1,-1,-1,9,1,9
2018450262239,2,9,0,18,0,1,0,0,0,0,3,1,5,1,23,5,1497,8,3,9,1,9
2018450262239,3,9,0,2,0,1,0,4,1,11,2,1,6,1,33,6,-1,-1,-1,9,1,9
2018450262239,4,9,0,2,0,2,0,0,0,0,2,1,6,1,33,6,-1,-1,-1,3,1,3
2018450262240,1,9,0,4,0,0,0,0,0,0,1,1,5,1,44,7,1999,2,1,8,1,8
2018450262240,2,9,0,4,0,0,1,0,0,0,4,1,5,1,31,6,1997,1,9,9,1,9
2018450262240,3,9,0,18,0,0,0,0,0,0,3,2,5,2,70,10,1493,2,11,6,1,6
2018450262240,4,9,0,3,0,0,0,0,0,0,2,1,5,1,71,10,1197,1,1,10,1,10
2018450262254,1,9,0,9,0,5,0,0,0,0,4,1,5,1,39,7,6208,1,5,10,1,10
2018450262254,2,1,0,18,0,8,0,0,0,0,1,1,5,1,36,7,-1,-1,-1,9,1,9
2018450262264,1,9,0,18,0,0,1,0,0,0,1,1,5,1,29,6,1995,2,4,10,1,10
2018450262272,1,9,0,18,0,0,0,0,0,0,3,1,5,1,22,5,1229,1,10,10,1,10
2018450262341,1,9,0,17,0,0,2,0,0,0,4,1,6,2,72,10,1360,1,18,6,1,6
2018450262341,2,9,0,12,0,0,0,0,0,0,3,1,2,2,44,7,1598,1,13,3,1,3
2018450262342,1,9,0,18,0,0,0,0,0,0,1,1,5,2,39,7,998,1,13,6,3,6
2018450262342,2,9,0,18,0,0,0,0,0,0,2,1,5,2,41,7,1995,2,14,3,1,3
2018450262354,1,9,0,18,0,0,0,0,0,0,1,1,6,2,39,7,1992,2,13,10,1,10
2018450262354,2,9,0,18,0,0,0,0,0,0,1,1,6,2,36,7,998,1,16,3,1,3
2018450262394,1,1,0,18,0,0,0,0,0,0,1,1,5,1,60,9,-1,-1,-1,10,1,10
2018450262394,2,9,0,18,0,0,0,0,0,0,1,1,5,2,50,8,-1,-1,-1,-1,-1,-1
2018450262395,1,1,0,18,0,0,0,0,0,0,1,1,6,1,24,5,-1,-1,-1,3,1,3
2018450262395,2,21,0,18,0,0,0,0,0,0,4,1,6,3,36,7,-1,-1,-1,-1,-1,-1
2018450262458,1,1,0,15,0,1,0,0,0,0,1,1,1,2,60,9,-1,-1,-1,5,1,5
2018450262458,2,9,0,18,0,1,0,0,0,0,3,1,6,1,85,11,1997,1,17,4,1,4
2018450262514,1,9,0,18,0,1,0,0,0,0,4,1,6,2,70,10,1598,1,8,9,1,9
2018450262514,2,9,0,9,0,8,0,0,0,0,3,1,6,1,83,11,1461,2,5,10,1,10
2018450262641,1,9,0,4,0,1,0,0,0,0,2,1,5,2,48,8,1968,2,9,3,1,3
2018450262641,2,21,0,18,0,1,0,0,0,0,0,1,6,3,50,8,-1,-1,-1,-1,-1,-1
2018450262649,1,9,0,9,0,1,0,0,7,0,3,1,5,1,19,4,1299,1,16,9,1,9
2018450262649,2,9,0,18,0,1,0,0,7,4,1,1,5,1,20,4,1242,1,12,8,1,8
2018450262698,1,9,0,6,0,5,0,0,0,0,1,1,6,2,73,10,1198,1,4,9,1,9
2018450262719,1,9,0,18,0,0,0,0,0,0,3,1,6,1,20,4,1988,1,13,9,1,9
2018450262719,2,9,0,2,0,0,0,0,0,0,3,1,6,2,30,6,1242,1,12,6,1,6
2018450262769,1,9,0,18,0,0,0,0,0,0,1,1,6,2,68,10,998,1,4,10,3,10
2018450262810,1,10,0,9,0,6,0,0,0,0,1,1,6,1,48,8,-1,-1,-1,4,1,4
2018450262810,2,19,0,18,0,8,0,0,0,0,1,1,6,1,76,11,1998,2,15,4,1,4
2018450262854,1,9,0,18,0,0,0,0,0,0,1,1,6,2,43,7,875,1,2,4,1,4
2018450262854,2,9,0,2,0,0,0,0,0,0,1,1,6,1,30,6,1896,2,14,-1,-1,-1
2018450263064,1,9,0,9,0,0,0,0,0,0,1,1,6,3,30,6,-1,-1,-1,-1,-1,-1
2018450263078,1,3,0,18,0,0,0,0,0,0,1,1,6,1,23,5,471,1,1,2,1,2
2018450263078,2,9,0,18,0,0,0,0,0,0,1,1,6,3,36,7,-1,-1,-1,-1,-1,-1
2018450263100,1,21,0,12,0,0,0,0,0,0,3,2,1,1,43,7,-1,-1,-1,-1,-1,-1
2018450263100,2,9,0,18,0,0,0,0,5,7,2,1,1,2,26,6,1399,2,6,8,1,8
2018450263100,3,9,0,18,0,0,0,0,0,0,4,1,2,1,37,7,1796,1,13,4,1,4
2018450263101,1,9,0,3,0,6,0,0,0,0,3,1,2,2,26,6,998,1,3,9,1,9
2018450263101,2,9,0,3,0,6,0,0,0,0,3,1,2,1,42,7,1598,2,4,8,1,8
2018450263101,3,9,0,3,0,4,0,0,0,0,3,1,5,1,43,7,1896,2,11,4,1,4
2018450263101,4,9,0,3,0,1,0,0,0,0,2,1,5,1,56,9,1242,1,10,7,1,7
2018450263101,5,9,0,18,0,1,0,0,0,0,1,1,6,3,33,6,3199,1,14,-1,-1,-1
2018450263104,1,8,0,18,0,0,0,0,0,0,3,1,5,1,42,7,2402,2,13,9,1,9
2018450263104,2,9,0,18,0,0,0,0,0,0,3,1,5,1,52,8,-1,-1,-1,10,1,10
2018450263157,1,9,0,18,0,1,0,0,0,0,1,1,6,1,-1,-1,2497,2,13,6,1,6
2018450263157,2,9,0,18,0,1,0,0,0,0,1,1,6,2,29,6,1598,1,12,3,1,3
2018450263161,1,9,0,7,0,1,0,0,0,0,4,1,6,2,54,8,1149,1,10,6,1,6
2018450263161,2,11,0,18,0,1,0,0,0,0,1,1,1,1,53,8,9000,2,9,5,1,5
2018450263185,1,1,0,18,0,0,0,0,0,0,3,1,5,1,12,3,-1,-1,-1,8,2,8
2018450263185,2,9,0,5,0,0,0,0,0,0,1,1,6,1,85,11,1598,1,19,10,1,10
2018450263224,1,9,0,16,0,0,0,0,7,4,1,1,6,1,17,4,1229,1,9,7,1,7
2018450263227,1,9,0,18,0,0,0,0,0,0,1,1,6,1,66,10,-1,-1,-1,10,1,10
2018450263236,1,9,0,9,0,1,0,0,0,0,0,1,5,2,34,6,-1,-1,-1,-1,3,-1
2018450263267,1,9,0,5,0,8,0,0,0,0,4,1,6,2,47,8,1086,1,13,3,1,3
2018450263267,2,9,0,18,0,8,0,0,0,0,1,1,6,2,61,9,999,1,1,3,1,3
2018450263286,1,9,0,18,0,0,0,0,0,0,1,1,6,2,55,8,1995,2,5,5,1,5
2018450263286,2,9,0,18,0,0,0,0,0,0,1,1,5,2,46,8,1968,2,8,9,1,9
2018450263293,1,9,0,9,0,0,0,0,7,11,4,1,1,1,38,7,1598,1,11,4,1,4
2018450263293,2,9,0,18,0,0,0,0,0,0,1,1,2,1,28,6,1991,2,10,7,1,7
2018450263305,1,9,0,18,0,5,1,0,1,0,1,1,1,2,47,8,2198,2,3,2,1,2
2018450263335,1,9,0,18,0,0,0,0,0,0,1,1,6,1,30,6,-1,-1,-1,4,1,4
2018450263488,1,9,0,18,0,0,0,0,0,0,1,1,6,2,33,6,1598,1,5,9,3,9
2018450263488,2,9,0,18,0,0,0,0,0,0,1,1,6,1,53,8,898,1,3,10,1,10
2018450263488,3,9,0,3,0,0,0,0,0,0,2,1,6,1,48,8,1396,1,3,1,1,1
2018450263564,1,19,0,16,0,1,0,0,1,0,1,1,1,1,31,6,12740,2,4,8,1,8
2018450263564,2,9,0,9,0,5,0,0,0,0,4,1,5,1,55,8,1796,1,15,9,1,9
2018450263624,1,1,0,18,0,1,0,0,1,0,3,1,6,1,48,8,-1,-1,-1,8,3,8
2018450263624,2,9,0,18,0,1,0,0,0,0,4,1,6,1,70,10,1595,1,6,10,1,10
2018450263666,1,9,0,18,0,0,0,0,0,0,1,1,6,1,42,7,-1,-1,-1,7,1,7
2018450263707,1,21,0,18,0,8,0,0,0,0,3,1,1,1,51,8,-1,-1,-1,-1,-1,-1
2018450263707,2,9,0,17,0,8,1,0,0,0,4,1,6,1,45,7,1582,2,1,7,1,7
2018450263716,1,9,0,18,0,0,0,0,0,0,3,1,6,3,50,8,2401,2,13,-1,-1,-1
2018450263840,1,1,0,18,0,0,0,0,0,0,1,1,6,1,50,8,-1,-1,-1,10,1,10
2018450263840,2,9,0,18,0,0,0,0,0,0,1,1,6,2,-1,-1,1995,2,1,9,1,9
2018450264078,1,9,0,18,0,2,0,0,0,0,3,1,6,1,46,8,1956,2,6,4,1,4
2018450264078,2,9,0,5,0,1,0,0,0,0,1,1,6,1,67,10,1969,2,2,4,1,4
2018450264128,1,9,0,4,0,0,0,0,0,0,1,1,6,2,27,6,1796,1,14,5,1,5
2018450264128,2,9,0,18,0,0,0,0,0,0,1,1,6,2,21,5,599,1,16,5,1,5
2018450264150,1,21,0,14,0,0,0,0,0,0,1,1,5,1,27,6,-1,-1,-1,10,1,10
2018450264150,2,9,0,18,0,0,0,0,0,0,1,1,6,1,61,9,1242,1,8,10,1,10
2018450264164,1,9,0,18,0,6,0,0,0,0,1,1,6,1,30,6,1798,8,2,-1,-1,-1
2018450264164,2,9,0,18,0,6,0,0,0,0,2,1,6,1,59,9,1997,2,3,7,1,7
2018450264275,1,9,0,18,6,0,0,0,0,0,1,1,5,1,30,6,2143,12,4,-1,-1,-1
2018450264578,1,9,0,18,0,0,0,0,0,0,3,1,6,1,36,7,1753,2,9,4,1,4
2018450264578,2,20,0,18,0,0,0,0,0,0,1,1,6,1,66,10,-1,-1,-1,6,1,6
2018450264594,1,1,0,5,0,1,0,0,0,0,4,1,2,1,52,8,-1,-1,-1,6,1,6
2018450264594,2,5,0,18,0,1,0,0,0,0,1,1,2,1,51,8,1199,1,2,10,1,10
2018450264612,1,9,0,18,0,0,1,0,0,0,3,1,6,2,24,5,1339,1,14,8,1,8
2018450264612,2,9,0,3,0,0,0,0,0,0,3,1,6,1,23,5,2000,2,7,6,1,6
2018450264626,1,9,0,5,0,4,0,0,0,0,4,1,6,1,79,11,1839,1,24,8,3,8
2018450264626,2,9,0,5,0,3,0,0,0,0,3,1,6,1,59,9,2996,1,11,4,1,4
2018450264629,1,9,0,18,0,0,0,0,0,0,1,1,6,1,30,6,-1,-1,-1,3,1,3
2018450264629,2,9,0,18,0,0,0,0,0,0,1,1,6,1,47,8,2400,2,2,7,1,7
2018450264646,1,9,0,18,0,0,0,0,0,0,1,1,6,3,-1,-1,-1,-1,-1,-1,-1,-1
2018450264666,1,9,0,9,0,6,0,0,0,0,1,1,6,2,33,6,998,1,21,8,1,8
2018450264666,2,3,0,18,0,1,0,0,0,0,1,1,6,1,29,6,124,1,4,3,1,3
2018450264670,1,9,0,18,0,0,0,0,0,0,1,1,6,2,18,4,1198,1,1,6,3,6
2018450264677,1,9,0,18,0,0,0,0,1,11,1,1,2,1,29,6,2143,2,3,2,1,2
2018450264685,1,9,0,18,0,8,0,0,0,0,2,1,6,2,60,9,1396,1,6,9,1,9
2018450264685,2,3,0,18,0,8,0,0,0,0,1,1,6,1,40,7,124,1,17,8,1,8
2018450264747,1,9,0,18,0,0,1,0,1,0,3,1,6,1,34,6,1997,2,19,9,1,9
2018450264747,2,9,0,18,0,0,0,0,0,0,3,1,6,1,50,8,2143,2,3,9,3,9
2018450264908,1,11,0,10,0,1,0,0,0,0,0,1,1,1,53,8,9600,2,20,6,1,6
2018450264908,2,3,0,18,0,1,2,0,0,0,0,1,2,1,24,5,123,1,3,8,2,8
2018450264918,1,9,0,18,0,1,0,0,0,0,2,1,5,1,42,7,1995,2,7,9,1,9
2018450264918,2,9,0,18,0,1,0,0,0,0,1,1,6,2,50,8,1349,1,10,-1,1,-1
2018450264918,3,9,0,18,0,1,0,0,0,0,2,1,5,1,63,9,1398,1,10,7,3,7
2018450264918,4,9,0,18,0,1,0,0,0,0,1,1,5,1,39,7,2179,2,4,10,1,10
2018450264918,5,9,0,18,0,8,0,0,0,0,1,1,5,1,78,11,1339,1,3,10,1,10
2018450264924,1,9,0,18,0,0,0,0,0,0,1,1,5,1,19,4,1124,1,14,10,1,10
2018450264924,2,8,0,18,0,0,0,0,0,0,1,1,1,2,53,8,1598,2,3,10,1,10
2018450264925,1,9,0,18,0,0,1,0,8,11,3,1,5,1,25,5,1398,1,3,9,3,9
2018450264956,1,9,0,3,0,0,0,0,0,0,2,1,6,2,21,5,1999,1,11,8,3,8
2018450264956,2,9,0,3,0,0,0,0,0,0,1,1,6,1,37,7,1798,1,4,10,2,10
2018450264978,1,9,0,18,0,0,0,0,0,0,4,1,6,2,18,4,1149,1,13,5,1,5
2018450264978,2,9,0,18,0,0,0,0,0,0,3,1,6,1,41,7,2335,2,21,10,3,10
2018450264986,1,9,0,18,0,4,0,0,0,0,1,1,6,1,34,6,1998,1,16,8,1,8
2018450264986,2,19,0,18,0,4,0,0,0,0,4,1,1,1,28,6,2198,2,4,9,1,9
2018450264988,1,5,0,18,0,0,2,0,0,0,1,1,5,1,55,8,999,1,1,5,1,5
2018450265002,1,9,0,12,0,0,0,0,0,0,1,1,5,2,20,4,1388,1,8,8,2,8
2018450265002,2,1,0,18,0,0,0,0,0,0,1,1,5,1,26,6,-1,-1,-1,6,1,6
2018450265015,1,9,0,18,0,8,0,0,7,1,1,1,6,2,77,11,1229,1,11,10,1,10
2018450265015,2,9,0,7,0,8,0,0,0,0,3,1,6,1,73,10,1339,1,9,10,1,10
2018450265038,1,9,0,10,0,0,0,0,0,0,2,1,5,2,77,11,999,1,15,9,1,9
2018450265038,2,9,0,18,0,0,0,0,0,0,1,1,5,2,79,11,1339,1,3,10,1,10
2018450265039,1,9,0,18,0,0,0,0,0,0,1,1,6,1,24,5,1390,1,16,10,3,10
2018450265039,2,9,0,18,0,0,0,0,0,0,1,1,1,2,46,8,1598,1,18,9,1,9
2018450265043,1,1,0,18,0,1,0,0,0,0,1,1,2,1,47,8,-1,-1,-1,2,1,2
2018450265043,2,9,0,18,0,2,0,0,0,0,1,1,6,3,30,6,-1,-1,-1,-1,-1,-1
2018450265063,1,9,0,18,0,0,0,0,0,0,3,1,6,1,36,7,-1,-1,-1,7,1,7
2018450265063,2,9,0,18,0,0,0,0,0,0,4,1,6,2,56,9,1997,2,2,3,1,3
2018450265066,1,9,0,18,0,0,0,0,0,0,1,1,6,2,34,6,1598,1,7,5,3,5
2018450265066,2,9,0,17,0,0,0,0,0,0,1,1,6,1,68,10,2184,2,12,5,3,5
2018450265089,1,9,0,18,0,3,0,0,0,0,4,1,6,1,22,5,1598,1,15,8,1,8
2018450265136,1,9,0,17,0,0,0,0,0,0,1,1,6,2,25,5,1248,1,8,10,1,10
2018450265153,1,9,0,15,0,0,0,0,0,0,1,1,6,2,72,10,1992,2,10,8,3,8
2018450265153,2,9,0,2,0,0,0,0,0,0,2,1,6,1,47,8,2720,2,9,8,1,8
2018450265187,1,9,0,18,0,0,0,0,0,0,1,1,6,1,44,7,1248,1,1,10,1,10
2018450265187,2,9,0,16,0,0,1,0,0,0,4,1,6,2,22,5,1242,1,8,10,1,10
2018450265201,1,9,0,18,0,0,0,0,0,0,0,1,5,2,19,4,1363,2,16,4,1,4
2018450265250,1,9,0,9,0,6,0,0,0,0,4,1,6,2,26,6,1242,1,17,5,1,5
2018450265250,2,9,0,18,0,8,0,0,0,0,1,1,6,2,32,6,1686,2,5,4,1,4
2018450265252,1,9,0,18,0,1,1,0,0,0,1,1,5,1,64,9,1368,1,5,10,1,10
2018450265252,2,9,0,18,0,1,0,0,0,0,1,1,5,2,51,8,1323,1,17,9,3,9
2018450265273,1,9,0,9,0,1,0,0,0,0,3,1,6,1,70,10,1595,1,16,6,1,6
2018450265273,2,9,0,9,0,1,0,0,0,0,4,1,6,1,37,7,2198,1,12,10,1,10