Accident_Index,Vehicle_Reference,Vehicle_Type,Towing_and_Articulation,Vehicle_Manoeuvre,Vehicle_Location-Restricted_Lane,Junction_Location,Skidding_and_Overturning,Hit_Object_in_Carriageway,Vehicle_Leaving_Carriageway,Hit_Object_off_Carriageway,1st_Point_of_Impact,Was_Vehicle_Left_Hand_Drive?,Journey_Purpose_of_Driver,Sex_of_Driver,Age_of_Driver,Age_Band_of_Driver,Engine_Capacity_(CC),Propulsion_Code,Age_of_Vehicle,Driver_IMD_Decile,Driver_Home_Area_Type,Vehicle_IMD_Decile
2018450265383,1,9,0,13,0,8,0,0,7,11,1,1,2,2,25,5,1398,1,3,7,1,7
2018450265383,2,1,0,9,0,8,0,0,0,0,3,1,2,1,53,8,-1,-1,-1,10,1,10
2018450265427,1,90,0,18,0,0,0,0,1,4,1,1,2,1,44,7,-1,-1,-1,9,1,9
2018450265429,1,9,0,18,0,0,0,0,0,0,3,1,6,1,33,6,1598,2,1,-1,-1,-1
2018450265429,2,9,0,7,0,0,0,0,0,0,4,1,1,1,21,5,2993,2,1,10,1,10
2018450265429,3,9,0,18,0,0,0,0,0,0,4,2,1,1,43,7,2993,2,3,10,1,10
2018450265429,4,9,0,18,0,0,0,0,0,0,1,1,1,1,29,6,1997,2,2,4,1,4
2018450265429,5,9,0,18,0,0,0,0,0,0,0,1,1,1,33,6,2993,2,2,7,1,7
2018450265429,6,9,0,2,0,0,0,0,0,0,3,1,1,1,43,7,999,1,1,1,1,1
2018450265438,1,1,0,18,0,0,0,0,0,0,4,1,6,1,31,6,-1,-1,-1,8,3,8
2018450265438,2,9,0,7,0,0,0,0,0,0,1,1,6,3,33,6,1999,2,1,8,3,8
2018450265461,1,9,0,10,0,0,0,0,0,0,3,1,5,1,22,5,1242,1,14,5,1,5
2018450265461,2,4,0,18,0,0,0,0,0,0,1,1,5,1,31,6,865,1,3,10,1,10
2018450265466,1,9,0,18,0,1,0,0,0,0,1,1,6,3,30,6,-1,-1,-1,-1,-1,-1
2018450265466,2,9,0,4,0,1,0,0,0,0,2,1,1,1,47,8,1560,2,12,5,1,5
2018450265466,3,9,0,18,0,3,0,0,0,0,2,1,2,1,26,6,1999,2,1,9,3,9
2018450265472,1,9,0,18,0,0,0,0,0,0,3,1,6,1,45,7,1598,1,9,7,1,7
2018450265472,2,9,0,18,0,0,0,0,0,0,3,1,6,3,33,6,-1,-1,-1,-1,-1,-1
2018450265478,1,9,0,3,0,0,0,0,0,0,2,1,5,2,62,9,1200,1,2,8,1,8
2018450265478,2,11,0,4,0,0,0,0,0,0,1,1,5,1,29,6,4580,2,10,10,2,10
2018450265481,1,9,0,18,0,0,0,0,0,0,1,1,6,1,48,8,1796,1,13,5,1,5
2018450265481,2,1,0,18,0,0,0,0,0,0,1,1,6,1,32,6,-1,-1,-1,10,1,10
2018450265496,1,9,0,4,0,0,0,0,1,0,2,1,6,1,34,6,1997,2,16,3,1,3
2018450265496,2,9,0,4,0,0,0,0,0,0,1,1,1,1,45,7,1797,8,7,1,1,1
2018450265502,1,9,0,9,0,5,0,0,0,0,1,1,6,2,35,6,2198,2,10,8,1,8
2018450265505,1,1,0,18,0,0,0,0,0,0,1,1,6,1,21,5,-1,-1,-1,10,3,10
2018450265505,2,9,0,18,0,0,0,0,0,0,1,1,6,3,-1,-1,-1,-1,-1,-1,-1,-1
2018450265517,1,9,0,3,0,0,0,0,0,0,1,1,6,3,32,6,-1,-1,-1,-1,-1,-1
2018450265527,1,9,0,15,0,0,0,0,0,0,4,1,4,1,17,4,998,1,11,9,1,9
2018450265527,2,1,0,18,0,0,0,0,0,0,3,1,4,1,13,3,-1,-1,-1,10,1,10
2018450265533,1,9,0,18,0,0,0,0,0,0,1,1,6,1,69,10,999,1,-1,9,1,9
2018450265533,2,9,0,18,0,0,0,0,0,0,1,1,6,1,64,9,1749,1,17,10,1,10
2018450265740,1,9,0,18,0,0,0,4,0,0,1,1,5,2,40,7,1995,2,9,9,1,9
2018450265740,2,9,0,2,0,0,0,0,0,0,1,1,6,2,19,4,1198,1,15,9,1,9
2018450265740,3,19,0,2,0,0,0,0,0,0,1,1,6,1,57,9,2461,2,10,9,1,9
2018450265740,4,9,0,2,0,0,0,0,0,0,1,1,6,1,44,7,1969,2,2,9,1,9
2018450265753,1,9,0,18,0,0,0,0,0,0,1,1,2,1,55,8,1995,2,6,6,3,6
2018450265753,2,9,0,18,0,0,0,0,0,0,2,1,1,1,38,7,2143,2,3,6,1,6
2018450265753,3,9,0,4,0,0,0,0,0,0,2,1,2,1,37,7,1560,2,1,7,1,7
2018450265758,1,9,0,18,0,0,0,0,0,0,1,1,1,1,41,7,2143,2,3,10,2,10
2018450265758,2,9,0,18,0,0,0,0,0,0,2,1,1,1,32,6,1598,2,3,1,1,1
2018450265768,1,9,0,18,0,8,0,0,0,0,1,1,5,2,37,7,1840,1,17,4,1,4
2018450265768,2,9,0,18,0,8,0,0,0,0,1,1,1,2,53,8,2231,2,5,9,1,9
2018450265805,1,21,0,18,0,8,0,0,0,0,1,1,6,1,36,7,-1,-1,-1,10,1,10
2018450265805,2,1,0,18,0,8,0,0,0,0,1,1,6,1,21,5,-1,-1,-1,8,3,8
2018450265829,1,9,0,17,0,0,0,0,0,0,1,1,6,2,57,9,1590,1,14,7,3,7
2018450265829,2,9,0,16,0,0,0,0,0,0,1,1,6,1,50,8,1798,1,5,7,2,7
2018450265848,1,9,0,5,0,6,0,0,0,0,0,1,2,1,20,4,1242,1,1,6,1,6
2018450265886,1,9,0,18,0,0,0,0,0,0,1,1,5,1,24,5,1242,1,6,6,3,6
2018450265888,1,1,0,18,0,1,0,0,0,0,1,1,6,1,50,8,-1,-1,-1,10,3,10
2018450265888,2,1,0,18,0,1,0,0,0,0,1,1,6,1,53,8,-1,-1,-1,10,1,10
2018450265894,1,9,0,5,0,2,0,0,0,0,1,1,6,2,40,7,1796,1,12,9,1,9
2018450265894,2,9,0,3,0,1,0,0,0,0,3,1,6,1,30,6,999,1,4,3,1,3
2018450265903,1,9,0,1,0,0,0,0,0,0,1,1,6,3,32,6,-1,-1,-1,-1,-1,-1
2018450265903,2,9,0,1,0,0,0,0,0,0,2,1,6,2,41,7,1896,2,17,7,3,7
2018450265908,1,5,0,3,0,0,0,0,0,0,2,1,5,2,56,9,798,1,9,8,3,8
2018450265908,2,9,0,3,0,0,0,0,0,0,1,1,5,2,27,6,1242,1,13,4,1,4
2018450265927,1,9,0,4,0,0,0,0,0,0,1,1,5,2,56,9,1995,2,2,2,1,2
2018450265927,2,9,0,5,0,0,0,0,0,0,2,1,5,1,63,9,1598,2,1,8,1,8
2018450265950,1,9,0,18,0,3,0,0,7,1,1,1,6,1,26,6,1968,2,3,9,1,9
2018450265990,1,2,0,5,0,8,0,0,0,0,1,1,6,1,56,9,124,1,10,10,1,10
2018450265990,2,9,0,9,0,5,0,0,0,0,3,1,6,1,20,4,1497,8,1,10,1,10
2018450266198,1,4,0,18,0,8,5,0,0,0,3,1,2,1,36,7,-1,-1,-1,9,1,9
2018450266198,2,9,0,18,0,8,0,0,0,0,4,1,2,1,55,8,2792,1,23,10,1,10
2018450266257,1,9,0,18,0,0,0,0,0,0,1,1,6,1,34,6,2457,1,13,6,3,6
2018450266257,2,9,0,18,0,0,0,0,0,0,1,1,6,2,51,8,1997,2,5,10,1,10
2018450266286,1,9,0,18,0,1,0,0,0,0,1,1,6,2,84,11,1242,1,6,9,1,9
2018450266286,2,9,0,4,0,1,0,0,0,0,3,1,6,1,32,6,-1,-1,-1,8,1,8
2018450266296,1,9,0,18,0,0,0,0,0,0,1,1,6,2,36,7,1598,1,10,6,1,6
2018450266296,2,1,0,18,0,0,0,0,0,0,1,1,6,1,55,8,-1,-1,-1,8,1,8
2018450266312,1,9,0,4,0,0,0,0,0,0,1,1,6,1,87,11,1339,1,11,5,1,5
2018450266312,2,20,0,3,0,0,0,0,0,0,1,1,6,1,51,8,-1,-1,-1,5,1,5
2018450266319,1,9,0,9,0,6,0,0,0,0,3,1,6,1,25,5,999,1,2,4,1,4
2018450266319,2,3,0,18,0,1,0,0,0,0,1,1,6,1,33,6,125,1,1,6,1,6
2018450266328,1,9,0,18,0,1,0,0,0,0,1,1,6,2,57,9,898,1,1,9,1,9
2018450266328,2,9,0,18,0,2,0,0,0,0,3,1,6,3,35,6,1896,2,14,-1,-1,-1
2018450266340,1,9,0,18,0,0,0,0,0,0,1,1,6,3,36,7,-1,-1,-1,-1,-1,-1
2018450266340,2,9,0,18,0,0,1,0,0,0,3,1,6,2,68,10,1461,2,4,7,2,7
2018450266396,1,9,0,18,0,2,0,0,0,0,1,1,2,1,31,6,1368,1,3,9,1,9
2018450266396,2,9,0,18,0,1,0,0,0,0,2,1,2,2,58,9,1397,1,9,9,1,9
2018450266484,1,21,0,18,0,1,5,5,0,0,1,1,1,1,36,7,-1,-1,-1,-1,-1,-1
2018450266559,1,9,0,4,0,0,0,0,0,0,2,1,2,1,60,9,2387,2,12,5,2,5
2018450266559,2,9,0,18,0,0,0,0,0,0,1,1,5,2,27,6,1329,1,9,4,1,4
2018450266562,1,9,0,18,0,1,0,0,0,0,0,1,5,1,35,6,2967,2,12,6,1,6
2018450266562,2,1,0,18,0,1,2,0,0,0,2,1,5,1,16,4,-1,-1,-1,7,1,7
2018450266562,3,1,0,18,0,2,0,0,1,0,0,1,5,1,17,4,-1,-1,-1,7,1,7
2018450266564,1,9,0,18,0,0,0,0,1,4,4,1,2,2,22,5,998,1,8,9,3,9
2018450266629,1,9,0,10,0,8,0,0,0,0,0,1,2,1,19,4,1229,1,6,5,1,5
2018450266629,2,1,0,18,0,1,0,0,0,0,1,1,5,1,57,9,-1,-1,-1,9,1,9
2018450266639,1,21,0,18,0,0,0,0,0,0,1,2,1,1,44,7,-1,-1,-1,-1,-1,-1
2018450266639,2,9,0,18,0,0,0,0,1,11,2,1,5,1,73,10,2143,2,4,8,1,8
2018450266796,1,9,0,18,0,0,1,7,5,6,1,1,2,1,56,9,1799,1,7,8,3,8
2018450266835,1,9,0,3,0,1,0,0,0,0,2,1,6,2,24,5,1390,1,14,8,1,8
2018450266835,2,9,0,4,0,1,0,0,0,0,1,1,6,1,33,6,1956,2,4,5,1,5
2018450266888,1,20,0,18,0,0,1,4,0,0,4,1,6,1,28,6,-1,-1,-1,4,1,4
2018450266888,2,9,0,2,9,0,0,0,0,0,1,1,6,1,38,7,1968,2,10,7,1,7
2018450266910,1,9,0,18,0,0,0,0,0,0,1,1,6,2,71,10,1597,2,5,10,1,10
2018450266910,2,9,0,18,0,0,0,0,0,0,1,1,6,1,29,6,1598,2,1,7,2,7
2018450267221,1,9,0,16,0,0,0,0,7,3,1,1,5,1,92,11,1596,1,15,10,1,10
2018450267322,1,9,0,9,0,1,0,0,0,0,1,1,5,1,36,7,1197,1,1,8,1,8
2018450267323,1,9,0,18,0,0,1,0,5,6,1,1,5,1,80,11,1598,1,10,10,1,10
2018450267330,1,8,0,18,0,0,0,0,0,0,1,1,1,1,34,6,2143,2,1,3,1,3
2018450267330,2,9,0,4,0,0,0,0,0,0,2,1,5,1,73,10,1398,1,15,3,1,3
2018450267330,3,9,0,18,0,0,0,0,0,0,2,1,5,2,36,7,1596,1,12,1,1,1
2018450267336,1,9,0,18,0,2,0,0,0,0,0,1,1,1,33,6,1499,2,2,-1,-1,-1
2018450267336,2,9,0,18,0,1,0,0,0,0,1,1,5,1,61,9,-1,-1,-1,6,3,6
2018450267337,1,9,0,17,0,0,1,0,2,7,1,1,5,2,23,5,1388,1,9,9,1,9
2018450267337,2,9,0,18,0,0,0,0,0,0,3,1,5,1,54,8,-1,-1,-1,9,2,9
2018450267341,1,9,0,17,0,0,1,0,1,0,1,1,5,1,17,4,1984,1,11,8,3,8
2018450267418,1,9,0,18,0,0,0,0,0,0,0,1,5,2,64,9,1596,1,15,6,1,6
2018450267418,2,1,0,18,0,0,0,0,0,0,0,1,5,1,61,9,-1,-1,-1,9,1,9
2018450267424,1,9,0,18,0,0,0,0,0,0,1,1,6,1,57,9,1600,2,8,9,1,9
2018450267424,2,9,0,18,0,0,0,0,0,0,1,1,6,1,39,7,1598,2,4,10,1,10
2018450267494,1,9,0,18,0,2,0,0,0,0,3,1,6,1,19,4,1229,1,10,8,1,8
2018450267503,1,9,0,3,0,0,0,0,0,0,1,1,6,2,50,8,1598,2,6,9,1,9
2018450267503,2,9,0,1,0,0,0,0,0,0,2,1,6,1,66,10,2151,2,18,10,1,10
2018450267510,1,9,0,18,0,0,0,0,0,0,1,1,6,3,36,7,-1,-1,-1,-1,-1,-1
2018450267602,1,9,0,18,0,1,0,0,0,0,1,1,6,1,32,6,1229,1,9,10,1,10
2018450267602,2,9,0,9,0,8,0,0,0,0,1,1,6,2,35,6,1198,1,15,10,1,10
2018450267910,1,9,0,18,0,1,0,0,0,0,1,1,6,1,70,10,1796,1,9,9,1,9
2018450267910,2,9,0,2,0,1,1,4,0,0,2,1,6,1,34,6,2987,2,8,10,1,10
2018450267910,3,9,0,2,0,1,0,4,0,0,2,1,6,2,25,5,1988,1,1,8,1,8
2018450267910,4,9,0,2,0,1,0,4,0,0,1,1,6,2,35,6,1242,1,3,4,1,4
2018450267910,5,9,0,2,0,1,0,0,0,0,1,1,6,1,45,7,1968,2,4,4,1,4
2018450267988,1,9,0,18,0,1,0,0,0,0,1,1,5,2,40,7,1968,2,4,9,1,9
2018450267988,2,9,0,4,0,1,0,0,0,0,2,1,1,1,51,8,-1,-1,-1,10,1,10
2018450267988,3,9,0,4,0,1,0,0,0,0,2,1,5,2,31,6,1749,1,14,7,1,7
2018450268114,1,9,0,18,0,1,0,7,5,0,3,1,6,3,28,6,-1,-1,-1,-1,-1,-1
2018450268114,2,9,0,18,0,1,0,0,0,0,0,1,6,3,27,6,2480,1,3,-1,-1,-1
2018450268118,1,9,0,17,0,0,2,0,1,2,1,1,5,1,48,8,6200,1,5,10,1,10
2018450268134,1,9,0,5,0,7,0,0,0,0,1,1,5,2,43,7,1368,1,2,7,1,7
2018450268134,2,9,0,18,0,7,0,0,0,0,1,1,5,2,70,10,1318,1,2,7,1,7
2018450268134,3,9,0,4,0,6,0,0,0,0,2,1,5,1,47,8,1124,1,17,7,3,7
2018450268174,1,9,0,18,0,0,1,7,0,0,1,1,5,1,47,8,1197,1,2,8,1,8
2018450268181,1,9,0,4,0,0,0,0,0,0,2,1,6,3,60,9,1968,2,11,-1,-1,-1
2018450268181,2,9,0,4,0,0,0,0,0,0,1,1,6,3,60,9,1242,1,8,-1,-1,-1
2018450268181,3,19,0,18,0,0,1,0,0,0,1,1,2,1,38,7,1248,2,3,8,1,8
2018450268218,1,9,0,18,0,0,0,0,0,0,1,1,6,1,40,7,1984,1,2,9,1,9
2018450268218,2,9,0,18,0,0,0,0,0,0,1,1,6,2,43,7,1956,2,1,8,1,8
2018450268218,3,9,0,18,0,0,0,0,0,0,1,1,6,2,41,7,2993,2,4,5,3,5
2018450268224,1,2,0,18,0,0,0,0,0,0,4,1,5,2,19,4,108,1,4,10,3,10
2018450268237,1,9,0,17,0,0,0,0,0,0,1,1,5,1,18,4,1368,1,11,8,1,8
2018450268237,2,9,0,18,0,0,0,0,0,0,1,1,2,1,30,6,1248,2,9,9,1,9
2018450268238,1,1,0,7,0,0,0,0,0,0,2,1,5,1,40,7,-1,-1,-1,3,1,3
2018450268238,2,9,0,18,0,0,0,0,0,0,1,1,6,1,20,4,1598,1,16,8,1,8
2018450268278,1,9,0,12,0,0,0,0,0,0,0,1,2,1,36,7,2993,2,6,10,1,10
2018450268278,2,9,0,18,0,0,2,0,5,6,1,1,2,2,25,5,1299,1,10,7,1,7
2018450268306,1,9,0,15,0,0,0,0,0,0,3,1,5,1,22,5,6063,1,12,10,1,10
2018450268306,2,5,0,18,0,0,0,0,1,0,1,1,5,1,48,8,599,1,26,5,1,5
2018450268307,1,9,0,18,0,6,0,0,0,0,3,1,3,1,37,7,2993,2,10,9,2,9
2018450268307,2,9,0,5,0,1,0,0,0,0,1,1,1,1,27,6,-1,-1,-1,8,1,8
2018450268316,1,9,0,18,0,0,0,0,0,0,1,1,6,2,18,4,998,1,6,10,1,10
2018450268331,1,9,0,18,0,0,0,0,0,0,0,1,5,1,50,8,-1,-1,-1,-1,-1,-1
2018450268340,1,9,0,18,0,0,1,0,7,0,1,1,6,2,29,6,1399,2,9,9,1,9
2018450268344,1,1,0,17,0,0,1,0,0,0,4,1,5,1,47,8,-1,-1,-1,10,1,10
2018450268352,1,9,0,18,0,1,0,0,0,0,1,1,6,1,85,11,1389,1,23,9,1,9
2018450268352,2,9,0,18,0,1,0,0,0,0,0,1,6,1,69,10,1997,1,14,10,1,10
2018450268356,1,9,0,3,0,0,0,0,0,0,2,1,5,2,51,8,1995,2,8,9,1,9
2018450268356,2,9,0,3,0,0,0,0,0,0,2,1,5,1,29,6,1598,1,15,9,1,9
2018450268356,3,9,0,3,0,0,0,0,0,0,1,1,6,1,32,6,-1,-1,-1,8,1,8
2018450268364,1,9,0,5,0,1,0,7,0,0,1,1,5,2,58,9,1995,2,7,10,1,10
2018450268382,1,9,0,4,0,0,0,0,0,0,2,1,6,1,43,7,2199,2,9,7,1,7
2018450268382,2,9,0,4,0,0,0,0,0,0,1,1,2,1,20,4,998,1,5,9,1,9
2018450268382,3,9,0,4,0,0,0,0,0,0,2,1,6,2,45,7,1598,1,15,10,1,10
2018450268394,1,9,0,9,0,0,0,0,0,0,3,1,5,2,83,11,1339,1,14,10,1,10
2018450268394,2,9,0,18,0,0,0,0,4,0,4,1,5,2,48,8,2400,2,4,10,1,10
2018450268396,1,3,0,18,0,0,1,0,0,0,1,1,2,1,23,5,865,1,2,9,1,9
2018450268454,1,11,0,18,0,0,0,0,0,0,0,1,1,3,40,7,-1,2,16,8,2,8
2018450268601,1,9,0,17,0,1,0,0,1,7,1,1,6,1,35,6,1999,2,2,5,1,5
2018450268609,1,21,0,11,0,0,0,0,0,0,1,1,1,1,72,10,11946,2,12,3,1,3
2018450268609,2,9,0,18,0,0,0,0,0,0,2,1,5,2,30,6,1984,2,5,10,1,10
2018450268609,3,9,0,4,0,0,0,7,0,0,2,1,5,2,27,6,1242,1,5,4,1,4
2018450268609,4,21,0,18,0,0,0,0,0,0,3,1,1,1,50,8,-1,-1,-1,9,1,9
2018450268612,1,9,0,16,0,0,0,0,0,0,0,1,6,3,50,8,-1,-1,-1,-1,-1,-1
2018450268612,2,4,0,17,0,0,1,0,1,9,3,1,5,1,50,8,644,1,10,6,1,6
2018450268616,1,9,0,9,0,0,0,0,0,0,3,1,5,1,54,8,1386,1,10,9,1,9
2018450268616,2,5,0,14,0,0,1,0,1,0,1,1,5,1,30,6,1301,1,-1,5,1,5
2018450268619,1,9,0,18,0,8,0,0,0,0,1,1,5,2,29,6,1229,1,8,6,1,6
2018450268619,2,9,0,16,0,3,0,0,0,0,2,1,5,2,38,7,1560,2,4,10,1,10
2018450268667,1,9,0,4,0,0,0,0,0,0,1,1,5,2,35,6,1149,1,12,5,1,5
2018450268667,2,9,0,3,0,0,0,0,0,0,2,1,5,1,21,5,1390,1,7,6,1,6
2018450268667,3,9,0,3,0,0,0,0,0,0,2,1,5,1,32,6,1598,1,18,9,-1,9
2018450268667,4,9,0,3,0,0,0,0,0,0,2,1,5,2,63,9,1596,1,17,10,1,10
2018450268742,1,9,0,18,0,1,0,0,1,0,1,1,6,1,32,6,1986,2,12,8,1,8
2018450268742,2,9,0,9,0,8,0,0,0,0,1,1,6,1,42,7,1248,2,11,9,3,9
2018450268754,1,9,0,9,0,1,0,0,0,0,3,1,2,1,22,5,-1,-1,-1,10,1,10
2018450268754,2,9,0,18,0,1,0,0,0,0,1,1,5,2,56,9,1598,1,1,9,3,9
2018450268756,1,9,0,9,0,1,0,0,0,0,1,1,2,1,58,9,1248,1,7,10,1,10
2018450268756,2,1,0,18,0,1,0,0,0,0,1,1,6,1,53,8,-1,-1,-1,10,1,10
2018450268759,1,9,0,17,0,0,1,10,7,0,1,1,5,2,19,4,998,1,16,8,1,8
2018450268843,1,3,0,18,0,4,5,0,0,0,0,1,5,2,60,9,125,1,7,9,3,9
2018450268951,1,9,0,11,0,0,0,0,0,0,1,1,5,1,38,7,1956,2,3,7,1,7
2018450268951,2,4,0,18,0,0,2,0,0,0,3,1,2,1,42,7,278,1,7,9,1,9
2018450268958,1,19,0,18,0,1,0,0,0,0,1,1,1,1,50,8,2143,2,5,3,1,3
2018450268958,2,9,0,3,0,4,0,0,0,0,2,1,5,1,43,7,2199,2,4,10,1,10
2018450268978,1,9,0,18,0,0,1,0,5,6,3,1,2,1,32,6,1399,1,13,5,1,5
2018450268978,2,9,0,18,0,0,0,0,0,0,1,1,6,3,32,6,-1,-1,-1,-1,-1,-1
2018450269045,1,9,0,9,0,8,0,0,0,0,1,1,1,1,69,10,3222,2,15,10,1,10
2018450269045,2,1,0,17,0,1,0,0,7,9,1,1,5,1,55,8,-1,-1,-1,8,1,8
2018450269045,3,9,0,2,0,8,0,0,0,0,0,1,5,1,54,8,2198,2,6,10,3,10
2018450269065,1,9,0,18,0,0,1,0,0,0,1,1,5,1,23,5,1990,1,14,8,1,8
2018450269065,2,9,0,18,0,0,0,0,1,4,1,1,5,2,47,8,1997,1,5,10,1,10
2018450269109,1,9,0,9,0,6,0,0,0,0,1,1,5,1,61,9,2179,2,4,4,3,4
2018450269109,2,9,0,18,0,8,0,0,0,0,4,1,5,2,31,6,2993,2,3,10,1,10
2018450269110,1,9,0,17,0,1,5,0,1,10,1,1,5,2,27,6,1796,1,14,6,1,6
2018450269116,1,9,0,18,0,1,0,0,0,0,1,1,6,1,36,7,1248,1,7,-1,-1,-1
2018450269116,2,9,0,2,0,1,0,0,0,0,0,1,1,1,50,8,2993,2,3,4,2,4
2018450269120,1,9,0,9,0,8,0,0,0,0,1,1,5,1,46,8,1749,1,16,8,1,8
2018450269120,2,23,0,18,0,8,5,0,0,0,4,1,2,1,62,9,85,1,31,9,1,9
2018450269250,1,9,0,18,0,0,0,0,0,0,1,1,5,1,27,6,-1,-1,-1,5,1,5
2018450269250,2,9,0,18,0,0,0,0,0,0,0,1,2,1,42,7,998,1,5,5,1,5
2018450269257,1,1,0,16,0,0,1,0,0,0,3,1,5,1,51,8,-1,-1,-1,10,1,10
2018450269257,2,9,4,17,0,0,0,0,0,0,3,1,6,3,50,8,-1,-1,-1,-1,-1,-1
2018450269261,1,9,0,18,0,0,0,0,0,0,1,1,5,1,20,4,1200,1,1,7,1,7
2018450269261,2,19,0,4,0,0,0,0,0,0,2,1,2,2,63,9,1560,2,2,8,1,8
2018450269262,1,9,0,5,0,6,0,0,0,0,3,1,5,1,78,11,1560,2,2,4,2,4
2018450269262,2,9,0,16,0,1,0,0,0,0,1,1,5,1,78,11,1968,2,4,7,1,7
2018450269304,1,1,0,5,0,8,0,0,0,0,0,1,5,1,43,7,-1,-1,-1,8,1,8
2018450269308,1,9,0,3,0,0,0,0,0,0,1,1,6,1,40,7,2199,2,6,10,2,10
2018450269327,1,9,0,4,0,0,0,0,0,0,1,1,6,1,31,6,-1,-1,-1,3,1,3
2018450269327,2,9,0,18,0,0,0,0,0,0,1,1,6,2,77,11,1398,1,3,8,2,8
2018450269353,1,21,1,3,0,2,0,0,0,0,0,1,6,1,26,6,5193,2,2,3,1,3
2018450269353,2,9,0,4,0,8,1,4,0,0,1,1,6,1,61,9,1598,1,11,8,1,8
2018450269402,1,9,0,18,0,8,1,0,1,4,4,1,6,1,18,4,1198,1,11,10,1,10
2018450269426,1,5,0,18,0,0,0,0,0,0,1,1,2,1,36,7,599,1,21,1,1,1
2018450269426,2,19,0,18,0,0,0,0,0,0,3,1,1,1,39,7,1968,2,2,10,1,10
2018450269426,3,9,0,18,0,0,0,0,0,0,2,1,5,2,53,8,1395,1,5,5,1,5
2018450269499,1,1,0,18,0,1,0,0,0,0,1,1,6,1,59,9,-1,-1,-1,10,1,10
2018450269499,2,9,0,18,0,1,0,0,0,0,2,1,6,3,-1,-1,-1,-1,-1,-1,-1,-1
2018450269572,1,9,0,5,0,8,0,0,0,0,1,1,2,2,30,6,1198,1,6,5,1,5
2018450269572,2,9,0,18,0,1,0,0,0,0,4,1,1,1,48,8,-1,-1,-1,8,2,8
2018450269622,1,9,0,17,0,0,1,0,0,0,1,1,6,2,26,6,1998,1,1,8,1,8
2018450269627,1,9,0,9,0,0,0,0,0,0,4,1,6,2,81,11,1360,1,12,8,2,8
2018450269627,2,9,0,18,0,0,0,0,0,0,1,1,6,1,21,5,1124,1,11,10,1,10
2018450269656,1,9,0,11,0,0,0,0,0,0,0,1,6,1,23,5,2495,2,26,6,1,6
2018450269656,2,9,0,18,0,0,0,0,0,0,4,1,6,2,26,6,1396,1,13,4,1,4
2018450269656,3,9,0,18,0,0,0,0,0,0,3,1,6,2,36,7,1598,2,6,10,1,10
2018450269657,1,9,0,18,0,0,2,0,7,9,1,1,5,1,19,4,1984,1,14,10,1,10
2018450269660,1,9,0,18,0,0,0,0,0,0,1,1,2,2,51,8,1598,1,13,6,1,6
2018450269660,2,19,0,4,0,0,0,0,0,0,2,1,1,1,63,9,1870,2,13,8,3,8
2018450269660,3,9,0,4,0,0,0,0,0,0,2,1,5,1,50,8,1797,8,3,4,1,4
2018450269663,1,1,0,18,0,0,5,0,0,0,1,1,5,1,46,8,-1,-1,-1,-1,-1,-1
2018450269725,1,9,0,4,0,0,5,0,1,0,4,1,1,1,27,6,-1,-1,-1,1,1,1
2018450269725,2,9,0,4,0,0,0,0,0,0,1,1,1,1,30,6,-1,-1,-1,3,1,3
2018450269738,1,21,1,18,0,0,0,0,0,0,1,1,1,1,35,6,6700,2,3,5,1,5
2018450269738,2,9,0,18,0,0,0,0,0,0,2,1,6,1,39,7,1995,2,5,7,1,7
2018450269738,3,9,0,18,0,0,0,0,0,0,2,1,1,1,52,8,2993,2,4,10,1,10
2018450269738,4,21,0,4,0,0,0,0,0,0,2,1,1,1,41,7,-1,-1,-1,4,1,4
2018450269738,5,21,1,18,0,0,0,0,0,0,4,1,1,1,60,9,12740,2,3,9,1,9
2018450269750,1,9,0,4,0,0,0,0,0,0,1,1,6,2,27,6,1242,1,4,4,1,4
2018450269750,2,9,0,4,0,0,0,0,0,0,2,1,5,2,34,6,1598,1,9,9,3,9
2018450269767,1,9,0,18,0,0,0,0,0,0,1,1,6,1,46,8,1198,1,11,9,1,9
2018450269767,2,9,0,18,0,0,0,0,0,0,1,1,6,3,43,7,2993,2,2,8,1,8
2018450269818,1,9,0,18,0,0,0,0,0,0,1,1,6,1,21,5,1984,1,4,10,2,10
2018450269833,1,9,0,4,0,0,0,0,0,0,1,1,2,1,31,6,1560,2,8,5,1,5
2018450269833,2,9,0,2,0,0,0,0,0,0,2,1,1,1,24,5,-1,-1,-1,5,1,5
2018450269891,1,9,0,18,0,1,0,0,0,0,1,1,3,2,36,7,1364,1,10,3,1,3
2018450270040,1,9,0,18,0,0,0,0,0,0,1,1,6,2,60,9,1386,1,11,7,1,7
2018450270040,2,90,0,18,0,0,0,0,0,0,1,1,6,3,32,6,-1,-1,-1,-1,-1,-1
2018450270054,1,9,0,18,0,0,0,0,0,0,0,1,6,3,30,6,-1,-1,-1,-1,-1,-1
2018450270054,2,9,0,17,0,0,1,0,7,4,1,1,1,1,21,5,-1,-1,-1,10,1,10
2018450270077,1,21,0,11,0,0,0,0,0,0,1,1,6,3,50,8,-1,-1,-1,-1,-1,-1