Accident_Index,Vehicle_Reference,Vehicle_Type,Towing_and_Articulation,Vehicle_Manoeuvre,Vehicle_Location-Restricted_Lane,Junction_Location,Skidding_and_Overturning,Hit_Object_in_Carriageway,Vehicle_Leaving_Carriageway,Hit_Object_off_Carriageway,1st_Point_of_Impact,Was_Vehicle_Left_Hand_Drive?,Journey_Purpose_of_Driver,Sex_of_Driver,Age_of_Driver,Age_Band_of_Driver,Engine_Capacity_(CC),Propulsion_Code,Age_of_Vehicle,Driver_IMD_Decile,Driver_Home_Area_Type,Vehicle_IMD_Decile
2018450270077,2,9,0,18,0,0,0,0,0,0,4,1,5,1,27,6,2143,2,4,6,1,6
2018450270128,1,9,0,18,0,0,0,0,0,0,1,1,6,1,25,5,1390,1,14,6,3,6
2018450270128,2,9,0,18,0,0,0,0,0,0,1,1,6,2,52,8,1997,2,8,5,1,5
2018450270140,1,9,0,5,0,0,0,0,0,0,1,1,6,2,50,8,3628,2,9,10,1,10
2018450270168,1,1,0,18,0,0,0,0,0,0,1,1,6,1,51,8,-1,-1,-1,10,1,10
2018450270172,1,9,0,18,0,0,0,0,0,0,1,1,6,1,89,11,1910,2,11,10,1,10
2018450270258,1,9,0,16,0,1,1,0,1,0,1,1,1,1,43,7,1560,2,4,-1,-1,-1
2018450270308,1,9,0,18,0,0,0,0,0,0,3,1,6,2,57,9,2204,2,9,5,1,5
2018450270308,2,9,0,18,0,0,0,0,0,0,1,1,2,1,23,5,1896,2,11,7,2,7
2018450270320,1,9,0,18,0,0,0,0,0,0,1,1,6,1,60,9,2496,1,16,10,1,10
2018450270320,2,9,0,18,0,0,0,0,0,0,2,1,6,2,50,8,1388,1,11,8,1,8
2018450270357,1,9,0,12,0,0,1,0,0,0,1,1,5,2,69,10,1598,1,7,9,1,9
2018450270357,2,9,0,11,0,0,0,0,0,0,1,1,6,2,42,7,1968,2,9,10,1,10
2018450270357,3,9,0,18,0,0,0,0,0,0,4,1,5,1,33,6,1969,2,3,10,1,10
2018450270449,1,1,0,16,0,0,2,0,0,0,1,1,5,1,19,4,-1,-1,-1,10,1,10
2018450270449,2,9,0,17,0,0,0,0,0,0,1,1,5,1,41,7,1596,1,7,9,1,9
2018450270449,3,1,0,16,0,0,2,0,0,0,1,1,5,1,19,4,-1,-1,-1,10,1,10
2018450270450,1,1,0,14,0,0,0,11,7,0,1,1,3,1,14,3,-1,-1,-1,6,1,6
2018450270450,2,9,0,18,0,0,0,0,0,0,1,1,6,2,37,7,1998,1,14,10,1,10
2018450270456,1,5,0,18,0,1,0,0,0,0,1,1,2,1,47,8,680,1,10,8,1,8
2018450270456,2,9,0,5,0,6,0,0,0,0,3,1,5,1,59,9,2179,2,5,5,1,5
2018450270492,1,19,0,18,0,0,0,0,0,0,1,1,1,1,26,6,1248,2,4,7,1,7
2018450270492,2,9,0,18,0,0,0,0,0,0,2,1,2,1,45,7,1587,1,13,6,3,6
2018450270518,1,9,0,18,0,2,0,0,0,0,1,1,1,1,23,5,1995,1,13,7,1,7
2018450270524,1,9,0,4,0,0,0,0,0,0,2,1,6,1,21,5,1598,1,5,8,1,8
2018450270524,2,9,0,18,0,0,0,0,0,0,1,1,6,1,71,10,1799,1,21,8,1,8
2018450270554,1,9,0,16,0,0,0,10,0,0,1,1,6,1,20,4,1968,2,8,-1,-1,-1
2018450270618,1,9,0,18,0,0,0,0,0,0,4,1,6,1,26,6,1229,1,10,4,1,4
2018450270618,2,9,0,7,0,0,0,0,0,0,1,1,6,2,27,6,1798,1,9,3,1,3
2018450270660,1,3,0,7,0,5,1,0,0,0,1,1,2,1,59,9,124,1,6,10,1,10
2018450270660,2,9,0,18,0,1,0,0,0,0,0,1,1,1,43,7,1995,2,1,8,1,8
2018450270683,1,9,0,18,0,0,0,4,1,0,1,1,2,2,41,7,1995,2,4,6,1,6
2018450270683,2,19,0,2,0,0,0,0,0,0,2,1,6,1,30,6,2198,2,7,10,1,10
2018450270683,3,9,0,2,0,0,0,0,0,0,2,1,6,1,30,6,-1,-1,-1,7,1,7
2018450270683,4,9,0,2,0,0,0,0,0,0,2,1,6,1,30,6,2993,2,7,10,1,10
2018450270822,1,9,0,4,0,0,0,0,0,0,2,1,1,1,58,9,1368,1,1,9,1,9
2018450270822,2,19,0,4,0,0,0,0,0,0,1,1,6,1,50,8,-1,-1,-1,6,1,6
2018450270839,1,9,0,18,0,0,0,0,0,0,1,1,6,1,75,10,3996,1,19,9,3,9
2018450270851,1,9,0,16,0,0,1,0,2,6,4,1,5,1,63,9,1461,2,2,8,1,8
2018450270857,1,9,0,5,0,2,0,0,0,0,1,1,5,1,45,7,1499,1,3,10,1,10
2018450270857,2,1,0,17,0,2,5,0,0,0,2,1,2,2,32,6,-1,-1,-1,10,1,10
2018450270858,1,9,0,4,0,4,0,0,0,0,4,1,6,1,32,6,1990,1,22,10,1,10
2018450270858,2,5,0,4,0,4,0,0,0,0,3,1,2,1,38,7,821,1,1,3,1,3
2018450270875,1,2,0,18,0,1,1,0,0,0,0,1,2,1,37,7,50,1,10,5,1,5
2018450270887,1,9,0,5,0,1,0,0,0,0,2,1,6,1,19,4,1197,1,7,7,1,7
2018450270887,2,3,0,18,0,1,0,0,0,0,1,1,6,1,18,4,124,1,6,4,1,4
2018450270901,1,19,0,5,0,2,0,0,0,0,3,1,6,3,50,8,-1,-1,-1,-1,-1,-1
2018450270901,2,9,0,3,0,1,0,0,0,0,1,1,6,2,23,5,1084,1,1,8,1,8
2018450270911,1,9,0,18,0,0,0,0,1,0,4,1,6,1,19,4,1149,1,14,5,1,5
2018450270911,2,9,0,18,0,0,0,0,0,0,3,1,6,3,33,6,-1,-1,-1,-1,-1,-1
2018450270929,1,9,0,18,0,0,0,0,0,0,0,1,6,2,37,7,1595,1,9,9,1,9
2018450270929,2,9,0,3,0,0,0,0,0,0,2,1,6,2,42,7,998,1,3,8,3,8
2018450270929,3,9,0,18,0,0,0,0,0,0,1,1,6,1,80,11,998,1,4,6,1,6
2018450270942,1,9,0,18,0,0,0,0,0,0,0,1,6,2,72,10,998,1,3,8,3,8
2018450270942,2,19,0,18,0,0,0,0,0,0,1,1,6,1,26,6,2151,2,15,10,1,10
2018450270943,1,9,0,18,0,0,0,0,0,0,1,1,2,2,35,6,1796,1,9,5,1,5
2018450270943,2,9,0,3,0,0,0,0,0,0,2,1,6,1,48,8,1582,2,2,7,3,7
2018450270947,1,9,0,16,0,1,5,0,0,0,1,1,1,2,54,8,1242,1,13,8,1,8
2018450270960,1,9,0,18,0,1,1,0,0,0,1,1,6,1,18,4,1000,1,18,4,1,4
2018450270960,2,9,0,18,0,1,0,0,0,0,1,1,6,1,53,8,1798,8,5,10,3,10
2018450271115,1,9,0,9,0,7,0,0,7,0,4,1,2,1,68,10,1596,1,11,10,1,10
2018450271115,2,8,0,18,0,1,0,0,0,0,1,1,1,1,39,7,1798,8,3,3,1,3
2018450271118,1,9,0,18,0,0,0,0,0,0,1,1,6,1,69,10,973,1,15,2,1,2
2018450271118,2,9,0,18,0,0,0,0,0,0,2,1,6,2,31,6,1339,1,14,7,1,7
2018450271122,1,19,0,18,0,1,1,0,8,3,1,1,6,1,36,7,2402,2,14,7,1,7
2018450271123,1,9,0,3,0,1,0,0,0,0,2,2,5,2,50,8,1896,2,16,8,1,8
2018450271123,2,9,0,18,0,1,0,0,0,0,1,2,5,1,31,6,2204,2,12,5,1,5
2018450271142,1,9,0,18,0,0,0,0,0,0,4,1,5,1,69,10,1968,2,7,10,1,10
2018450271145,1,9,0,18,0,0,0,0,5,6,1,1,5,1,22,5,1199,2,5,7,1,7
2018450271149,1,9,0,18,0,0,0,0,0,0,1,1,5,1,25,5,1299,1,15,10,1,10
2018450271149,2,9,0,18,0,0,0,0,0,0,1,1,5,1,40,7,999,1,3,2,1,2
2018450271153,1,9,0,16,0,4,0,0,0,0,4,1,6,1,28,6,1299,1,13,5,1,5
2018450271153,2,8,0,4,0,4,0,0,0,0,3,1,1,1,35,6,1797,8,9,7,1,7
2018450271217,1,9,0,9,0,3,0,0,0,0,1,1,5,1,28,6,1229,1,3,-1,3,-1
2018450271217,2,9,0,18,0,8,0,0,0,0,1,1,5,1,33,6,998,1,6,4,1,4
2018450271227,1,3,0,17,0,0,0,0,1,11,1,1,5,2,21,5,124,1,-1,8,3,8
2018450271229,1,9,0,18,0,0,0,0,8,0,3,1,5,1,66,10,1798,8,1,8,1,8
2018450271237,1,9,0,4,0,0,0,0,7,0,2,1,3,1,42,7,1995,2,6,10,1,10
2018450271237,2,9,0,4,0,0,0,0,0,0,1,1,1,2,31,6,1242,1,15,10,1,10
2018450271237,3,9,0,4,0,0,0,0,0,0,1,1,6,2,24,5,1598,2,5,8,1,8
2018450271251,1,9,0,16,0,1,0,0,1,2,1,1,5,1,56,9,1198,1,2,3,2,3
2018450271259,1,9,0,18,0,0,0,0,0,0,2,1,5,2,54,8,1395,1,-1,-1,-1,-1
2018450271259,2,9,0,18,0,0,0,0,0,0,1,1,5,2,58,9,1598,2,1,3,1,3
2018450271260,1,4,0,18,0,0,0,0,0,0,4,1,6,2,51,8,471,1,1,6,1,6
2018450271260,2,9,0,16,0,0,0,0,0,0,3,2,5,1,30,6,-1,-1,-1,10,1,10
2018450271261,1,8,0,17,0,0,2,0,0,0,3,1,5,1,18,4,1328,1,15,6,1,6
2018450271261,2,9,0,16,0,0,0,0,0,0,1,1,5,1,17,4,1242,1,13,10,1,10
2018450271262,1,9,0,18,0,0,1,0,7,2,4,1,3,1,38,7,1595,1,10,4,1,4
2018450271262,2,9,0,9,0,0,0,0,0,0,1,1,3,2,43,7,2993,2,11,9,1,9
2018450271262,3,19,0,3,0,0,0,0,0,0,1,1,2,1,27,6,1598,2,3,5,1,5
2018450271265,1,9,0,17,0,0,1,0,7,4,2,1,5,1,20,4,1242,1,7,9,3,9
2018450271285,1,1,0,18,0,0,0,0,0,0,0,1,5,1,60,9,-1,-1,-1,9,1,9
2018450271287,1,9,0,5,0,8,0,0,7,0,3,1,2,2,46,8,1997,2,18,10,1,10
2018450271287,2,9,0,18,0,8,1,0,7,0,4,1,2,2,72,10,1999,1,2,-1,-1,-1
2018450271308,1,9,0,5,0,6,0,0,0,0,1,1,5,2,28,6,999,1,1,9,1,9
2018450271308,2,9,0,18,0,1,0,0,0,0,1,1,5,1,54,8,1229,1,3,5,1,5
2018450271316,1,9,0,18,0,4,0,0,0,0,3,1,5,1,20,4,1399,1,9,10,1,10
2018450271316,2,9,0,9,0,8,0,0,0,0,1,1,5,2,20,4,1198,1,8,10,1,10
2018450271316,3,9,0,18,0,4,0,0,0,0,1,1,5,2,22,5,1242,1,4,10,1,10
2018450271318,1,4,0,16,0,0,2,0,1,0,1,1,5,1,30,6,398,1,27,8,1,8
2018450271321,1,9,0,12,0,0,1,0,7,10,3,1,5,2,21,5,1197,1,1,8,1,8
2018450271321,2,19,0,12,0,0,0,0,0,0,3,1,1,1,42,7,-1,-1,-1,7,1,7
2018450271325,1,9,0,18,0,1,5,4,0,0,1,1,5,1,70,10,1461,2,15,2,1,2
2018450271325,2,9,0,2,0,1,0,0,0,0,3,1,6,1,55,8,1598,1,10,4,1,4
2018450271325,3,9,0,2,0,1,0,0,0,0,2,1,6,1,55,8,1984,1,11,10,1,10
2018450271327,1,19,0,18,0,0,1,0,0,0,2,2,5,1,39,7,-1,-1,-1,-1,-1,-1
2018450271327,2,9,0,18,0,0,1,0,0,0,4,1,5,1,26,6,1781,1,16,6,1,6
2018450271425,1,9,0,9,0,2,0,0,0,0,1,1,6,2,27,6,1896,2,17,5,1,5
2018450271425,2,9,0,18,0,1,0,0,0,0,4,1,6,2,47,8,1390,1,5,8,3,8
2018450271456,1,1,0,18,0,0,0,0,0,0,1,1,6,1,14,3,-1,-1,-1,5,1,5
2018450271456,2,9,0,18,0,0,0,0,0,0,1,1,6,1,44,7,1395,1,3,7,1,7
2018450271460,1,1,0,18,0,0,0,0,0,0,0,1,6,2,63,9,-1,-1,-1,10,1,10
2018450271467,1,20,0,18,0,8,0,0,7,0,1,1,2,1,47,8,-1,-1,-1,6,1,6
2018450271467,2,9,0,5,0,8,0,0,0,0,1,1,6,1,49,8,1969,1,-1,10,1,10
2018450271467,3,9,0,5,0,8,0,0,0,0,1,1,6,1,45,7,999,1,4,10,1,10
2018450271479,1,9,0,18,0,0,0,0,0,0,1,1,6,1,53,8,2893,1,9,8,3,8
2018450271487,1,9,0,18,0,0,0,12,0,0,1,1,6,2,25,5,1598,2,7,8,3,8
2018450271645,1,9,0,17,0,5,0,0,7,0,4,1,5,1,71,10,-1,-1,-1,9,1,9
2018450271645,2,9,0,18,0,1,0,0,1,0,1,1,5,1,32,6,1595,1,26,10,1,10
2018450271645,3,9,0,18,0,1,0,0,0,0,0,1,5,1,38,7,1364,1,1,7,1,7
2018450271678,1,9,0,9,0,1,0,0,0,0,2,1,5,2,51,8,1240,1,8,7,1,7
2018450271678,2,19,0,18,0,1,0,0,0,0,1,1,1,1,27,6,12777,2,4,7,1,7
2018450271712,1,9,0,18,0,8,0,0,0,0,1,1,3,1,35,6,1997,2,11,10,1,10
2018450271712,2,4,0,18,0,8,5,0,0,0,1,1,1,1,22,5,645,1,15,9,1,9
2018450271716,1,9,0,18,0,1,2,4,0,0,4,1,1,2,44,7,1997,1,7,10,1,10
2018450271716,2,9,0,18,0,1,0,0,0,0,1,1,5,1,68,10,1598,1,7,4,1,4
2018450271716,3,9,0,2,0,1,0,0,0,0,2,1,6,2,49,8,1598,1,17,4,1,4
2018450271716,4,9,0,2,0,2,0,4,0,0,2,1,6,1,74,10,1596,1,16,4,1,4
2018450271716,5,9,0,2,0,1,0,0,0,0,2,1,6,2,68,10,1360,1,18,4,1,4
2018450271716,6,9,0,2,0,1,0,0,0,0,3,1,6,1,68,10,1997,2,10,4,1,4
2018450271717,1,9,0,18,0,0,0,0,0,0,1,1,2,2,23,5,898,1,3,10,1,10
2018450271717,2,9,0,18,0,0,0,0,0,0,2,1,5,1,18,4,998,1,5,10,1,10
2018450271823,1,9,0,17,0,0,0,0,0,0,1,1,6,1,23,5,1595,1,18,7,1,7
2018450271938,1,9,0,16,0,0,0,0,0,0,1,1,1,1,44,7,3980,1,21,4,1,4
2018450271938,2,19,0,17,0,0,0,0,0,0,3,1,1,1,51,8,1598,2,1,6,1,6
2018450272040,1,9,0,4,0,0,0,0,0,0,2,1,5,2,27,6,1200,1,5,9,1,9
2018450272040,2,9,0,9,8,0,0,0,0,0,1,1,6,2,37,7,1598,1,12,8,1,8
2018450272041,1,9,0,17,0,8,0,0,0,0,3,1,5,2,53,8,1242,1,5,6,1,6
2018450272041,2,9,0,5,0,6,0,0,0,0,1,1,3,2,39,7,1995,2,7,9,1,9
2018450272054,1,9,0,18,0,0,1,0,0,0,1,1,2,2,61,9,1339,8,6,6,3,6
2018450272054,2,19,0,18,0,0,1,0,0,0,1,1,1,1,48,8,2402,2,11,7,1,7
2018450272058,1,1,0,18,0,0,0,0,0,0,1,1,6,3,20,4,-1,-1,-1,-1,-1,-1
2018450272072,1,19,0,18,0,0,1,0,0,0,1,1,1,1,55,8,2143,2,3,8,1,8
2018450272072,2,9,0,18,0,0,0,0,1,7,2,1,1,1,34,6,1798,1,12,3,1,3
2018450272072,3,9,0,18,0,0,0,0,5,6,4,1,5,1,23,5,1084,1,1,4,1,4
2018450272081,1,9,0,18,0,0,0,0,0,0,1,1,5,2,22,5,1248,2,10,5,1,5
2018450272081,2,8,0,4,0,0,0,0,1,0,2,1,5,1,55,8,1229,1,10,9,1,9
2018450272081,3,9,0,4,0,0,0,0,0,0,1,1,5,2,77,11,1400,1,13,10,3,10
2018450272081,4,9,0,18,0,0,0,0,0,0,2,1,5,2,84,11,1598,1,11,7,2,7
2018450272081,5,9,0,4,0,0,0,0,0,0,2,1,5,1,27,6,1498,1,1,2,1,2
2018450272085,1,5,0,18,0,0,2,0,0,0,1,1,2,1,27,6,656,1,6,10,1,10
2018450272085,2,19,0,18,0,0,0,0,0,0,2,1,1,1,62,9,-1,-1,-1,1,1,1
2018450272087,1,9,0,18,0,0,1,0,0,0,1,1,3,1,23,5,1997,1,26,10,1,10
2018450272087,2,9,0,18,0,0,1,0,0,0,1,1,6,2,49,8,1968,2,5,10,1,10
2018450272088,1,9,0,11,0,0,0,0,0,0,1,1,5,1,44,7,-1,-1,-1,10,3,10
2018450272088,2,19,0,2,6,0,0,0,0,0,2,1,1,1,54,8,2198,2,5,4,1,4
2018450272089,1,21,0,12,0,0,0,0,0,0,3,2,1,1,47,8,-1,-1,-1,-1,-1,-1
2018450272089,2,9,0,18,0,0,1,0,0,0,4,1,5,2,60,9,1598,2,5,9,3,9
2018450272090,1,9,0,9,6,0,0,0,0,0,3,1,5,1,76,11,1598,1,15,3,1,3
2018450272094,1,9,0,17,0,2,1,0,1,4,1,1,5,1,18,4,1229,1,12,7,3,7
2018450272101,1,9,0,4,0,4,1,9,0,0,3,1,5,2,20,4,1390,1,7,8,1,8
2018450272160,1,9,0,18,0,0,1,0,0,0,3,1,6,2,55,8,1339,1,15,9,1,9
2018450272210,1,9,0,18,0,2,0,0,0,0,3,1,6,1,42,7,1968,2,-1,9,3,9
2018450272210,2,9,0,10,0,1,0,0,0,0,4,1,6,2,50,8,2793,1,20,9,3,9
2018450272214,1,9,0,18,0,0,0,0,0,0,2,1,5,1,32,6,-1,-1,-1,6,3,6
2018450272214,2,21,0,18,0,0,0,0,0,0,1,1,6,1,50,8,2402,2,9,4,1,4
2018450272220,1,9,0,4,0,0,0,0,0,0,2,1,6,2,25,5,1598,1,12,9,1,9
2018450272220,2,9,0,18,0,0,0,0,0,0,1,1,6,3,50,8,-1,-1,-1,-1,-1,-1
2018450272232,1,20,0,18,0,8,0,0,0,0,0,1,6,3,30,6,-1,-1,-1,-1,-1,-1
2018450272232,2,11,0,18,0,1,0,0,0,0,1,1,1,1,36,7,3900,2,13,7,1,7
2018450272232,3,9,0,4,0,1,1,0,0,0,1,1,2,1,59,9,1360,1,7,3,1,3
2018450272358,1,90,0,18,0,0,1,0,0,0,2,1,1,1,38,7,-1,-1,-1,6,1,6
2018450272358,2,19,0,18,0,0,1,0,0,0,1,1,2,1,34,6,1560,2,3,9,3,9
2018450272360,1,9,0,9,0,8,0,0,0,0,1,1,5,1,17,4,1242,1,12,10,1,10
2018450272360,2,9,0,18,0,1,0,0,0,0,1,1,5,2,35,6,1997,2,14,9,3,9
2018450272361,1,19,0,16,0,2,0,0,0,0,1,1,1,1,49,8,2299,2,6,10,1,10
2018450272363,1,9,0,18,0,1,0,0,0,0,1,1,2,1,20,4,1242,1,15,10,1,10
2018450272363,2,9,0,16,0,1,0,0,0,0,2,1,2,1,53,8,-1,-1,-1,10,1,10
2018450272363,3,9,0,5,0,2,0,0,0,0,0,1,6,3,30,6,-1,-1,-1,-1,-1,-1
2018450272364,1,9,0,18,0,0,1,10,7,0,1,1,2,1,43,7,1388,1,9,5,1,5
2018450272366,1,9,0,13,0,0,0,0,0,0,1,1,6,1,37,7,1461,2,2,5,1,5
2018450272366,2,9,0,18,0,0,0,0,7,0,1,1,5,2,56,9,1197,1,1,8,1,8
2018450272366,3,9,0,18,0,0,0,10,0,0,2,1,5,2,34,6,1242,1,12,6,1,6
2018450272426,1,9,0,18,0,1,0,0,0,0,4,1,6,1,44,7,1587,1,11,9,1,9
2018450272426,2,9,0,18,0,1,0,0,0,0,3,1,6,2,31,6,1398,1,3,6,1,6
2018450272454,1,19,0,11,0,0,0,0,0,0,1,1,1,1,31,6,-1,-1,-1,9,3,9
2018450272454,2,9,0,18,0,0,0,0,0,0,1,1,2,2,57,9,1582,2,3,4,1,4
2018450272460,1,9,0,18,0,1,1,0,0,0,1,1,5,1,17,4,1999,1,12,7,1,7
2018450272460,2,9,0,18,0,1,0,0,0,0,1,1,5,2,49,8,1598,2,7,10,1,10
2018450272484,1,9,0,18,0,1,0,0,0,0,0,1,6,2,51,8,1395,1,2,1,1,1
2018450272484,2,9,0,2,0,1,0,0,0,0,1,1,5,1,39,7,1798,1,7,8,3,8
2018450272599,1,9,0,18,0,1,2,10,7,10,4,1,1,1,25,5,1296,1,12,5,1,5
2018450272599,2,1,0,18,0,8,0,0,0,0,1,1,2,1,23,5,-1,-1,-1,10,1,10
2018450272605,1,9,0,18,0,4,0,0,0,0,3,1,5,2,18,4,1200,1,1,2,1,2
2018450272605,2,9,0,9,0,3,0,4,0,0,1,1,5,1,57,9,1396,2,6,8,2,8
2018450272611,1,9,0,17,0,0,2,0,2,2,1,1,5,1,19,4,1149,1,15,9,1,9
2018450272612,1,9,0,4,0,0,0,0,0,0,2,1,2,2,42,7,1560,2,2,3,1,3
2018450272612,2,9,0,4,0,0,0,0,0,0,1,1,5,2,23,5,999,1,8,10,1,10
2018450272615,1,9,0,16,0,0,1,0,1,0,1,1,6,2,44,7,1368,1,10,9,1,9
2018450272665,1,9,0,3,0,1,0,0,0,0,1,1,6,2,56,9,1248,1,7,10,1,10
2018450272665,2,4,0,4,0,1,0,0,0,0,3,1,6,1,40,7,998,1,12,4,1,4
2018450272682,1,9,0,18,0,0,5,0,0,0,1,1,6,2,62,9,1968,2,7,10,1,10
2018450272682,2,9,0,2,0,0,0,0,1,0,3,1,6,1,55,8,998,1,-1,10,1,10
2018450272716,1,9,0,18,0,0,0,0,0,0,1,1,6,3,55,8,-1,-1,-1,-1,-1,-1
2018450272753,1,9,0,3,0,0,0,0,0,0,1,1,6,1,58,9,1997,2,2,9,1,9
2018450272753,2,20,0,1,0,0,0,0,0,0,2,1,1,1,33,6,1995,2,1,4,1,4
2018450272818,1,9,0,17,0,8,1,11,0,0,1,1,2,2,29,6,1598,1,7,8,1,8
2018450272822,1,9,0,18,1,0,1,0,1,3,1,1,5,2,25,5,2926,2,17,5,1,5
2018450272823,1,9,0,4,0,8,0,0,0,0,1,1,6,3,33,6,1598,1,15,-1,-1,-1
2018450272823,2,9,0,2,0,8,0,0,0,0,2,1,5,1,21,5,998,1,3,4,1,4
2018450272831,1,9,0,18,0,2,1,0,0,0,1,2,5,1,29,6,1950,2,1,8,1,8
2018450272831,2,9,0,18,0,2,1,0,1,0,1,1,5,2,68,10,1398,1,3,10,1,10
2018450272831,3,9,0,18,0,2,0,0,0,0,1,1,2,1,37,7,1329,1,9,3,1,3
2018450272833,1,9,0,17,0,0,1,0,1,7,4,1,5,1,19,4,1590,1,17,4,1,4
2018450272834,1,9,0,16,0,0,1,0,0,0,4,1,5,1,42,7,1461,2,12,4,1,4
2018450272834,2,9,0,16,0,0,0,0,0,0,1,1,2,1,44,7,1598,2,1,6,1,6
2018450272840,1,9,0,2,0,0,0,0,1,0,4,1,6,1,49,8,-1,3,2,-1,-1,-1
2018450272840,2,9,0,17,0,0,1,4,0,0,1,1,1,1,24,5,1560,2,5,4,1,4
2018450272866,1,9,0,2,0,0,0,1,1,0,2,1,6,1,60,9,1388,1,16,9,3,9
2018450272866,2,9,0,17,0,0,1,4,1,11,3,1,5,1,38,7,-1,-1,-1,6,1,6
2018450272876,1,9,0,18,0,1,1,0,0,0,1,1,1,1,26,6,-1,-1,-1,8,1,8
2018450272876,2,9,0,2,0,1,0,4,0,0,1,1,5,1,46,8,1794,1,14,5,1,5
2018450272876,3,9,0,4,0,1,0,0,0,0,0,1,6,3,50,8,-1,-1,-1,-1,-1,-1
2018450272917,1,9,0,2,0,0,0,0,0,0,1,1,2,1,37,7,-1,-1,-1,4,1,4
2018450272917,2,9,0,4,0,0,1,0,0,0,1,1,5,2,25,5,-1,-1,-1,3,1,3
2018450272917,3,8,0,4,0,0,1,0,0,0,1,1,1,2,56,9,1968,2,3,8,3,8
2018450272917,4,9,0,4,0,0,1,0,0,0,4,1,5,1,53,8,1999,1,11,7,1,7
2018450272928,1,9,0,9,0,2,1,0,1,11,1,1,5,1,24,5,1900,2,14,10,1,10
2018450272928,2,9,0,18,0,1,0,0,0,0,0,1,1,1,40,7,2993,2,3,-1,-1,-1
2018450272942,1,9,0,17,0,0,1,0,2,7,1,1,5,1,31,6,2480,1,-1,2,1,2
2018450272942,2,9,0,18,0,0,1,0,1,7,3,1,2,1,42,7,1598,2,7,8,1,8
2018450272957,1,9,0,18,0,0,1,0,7,11,1,1,2,1,61,9,1242,1,13,6,3,6
2018450272986,1,9,0,9,0,8,0,0,0,0,1,1,5,2,76,11,1689,2,19,3,1,3
2018450272986,2,1,0,18,0,8,0,0,0,0,1,1,5,1,35,6,-1,-1,-1,6,1,6
2018450273074,1,9,0,17,0,0,0,0,0,0,1,1,6,2,20,4,1560,2,6,8,1,8
2018450273074,2,9,0,18,0,0,0,0,0,0,3,1,6,2,49,8,1399,1,8,10,1,10
2018450273534,1,9,0,18,0,0,1,0,1,0,4,1,6,1,33,6,1390,1,20,9,1,9
2018450273675,1,9,0,12,0,3,5,0,1,2,1,1,3,1,43,7,5461,1,7,9,1,9
2018450273887,1,1,0,18,0,0,0,0,0,0,2,1,2,1,23,5,-1,-1,-1,10,1,10
2018450273887,2,9,0,18,0,0,0,0,0,0,1,1,6,3,35,6,-1,-1,-1,-1,-1,-1
2018450273930,1,9,0,18,0,0,0,0,0,0,1,1,6,2,48,8,1598,1,14,9,1,9
2018450273930,2,9,0,18,0,0,0,0,0,0,1,1,6,1,45,7,1242,1,7,9,1,9
2018450273967,1,9,0,5,0,8,0,0,0,0,3,1,5,2,57,9,1329,1,7,10,3,10
2018450273967,2,9,0,18,0,1,0,0,0,0,4,1,5,2,40,7,1598,2,4,10,1,10
2018450274222,1,9,0,18,0,8,0,0,0,0,3,1,3,2,58,9,1797,8,4,7,1,7
2018450274222,2,9,0,18,0,8,0,0,0,0,4,1,1,1,59,9,1598,2,5,10,1,10
2018450274231,1,9,0,16,0,8,0,0,0,0,2,1,1,1,34,6,1797,8,8,6,1,6
2018450274231,2,9,0,11,0,3,0,0,0,0,1,1,5,2,28,6,1896,2,16,10,1,10
2018450274232,1,3,0,17,0,0,0,0,1,2,4,1,5,1,22,5,125,1,1,10,1,10
2018450274244,1,9,0,12,0,0,0,0,0,0,4,1,2,1,32,6,1799,1,11,8,1,8
2018450274244,2,3,0,18,0,0,2,0,0,0,4,1,2,2,52,8,125,1,3,4,1,4
2018450274265,1,9,0,10,0,0,0,0,0,0,2,1,6,1,26,6,2199,2,8,10,1,10
2018450274265,2,9,0,18,0,0,0,0,0,0,1,1,6,2,71,10,1242,1,4,10,1,10
2018450274460,1,21,0,18,0,0,1,0,0,0,1,1,1,1,39,7,10837,2,4,5,1,5
2018450274460,2,21,0,4,0,0,0,0,0,0,2,2,1,1,34,6,-1,-1,-1,-1,-1,-1
2018450274460,3,21,0,4,0,0,0,0,0,0,2,1,1,1,51,8,15607,2,4,8,1,8
2018450274543,1,9,0,4,0,0,0,0,0,0,2,1,3,2,49,8,898,1,5,7,3,7
2018450274543,2,9,0,4,0,0,0,0,0,0,1,1,1,1,61,9,898,1,2,10,1,10
2018450274571,1,9,0,18,0,1,0,0,0,0,3,1,2,2,42,7,1596,1,3,9,1,9
2018450274571,2,9,0,18,0,1,0,0,0,0,1,1,5,1,25,5,1995,2,6,6,1,6
2018450274595,1,3,0,12,0,8,0,0,0,0,3,1,1,1,24,5,125,1,2,3,1,3