Accident_Index,Vehicle_Reference,Vehicle_Type,Towing_and_Articulation,Vehicle_Manoeuvre,Vehicle_Location-Restricted_Lane,Junction_Location,Skidding_and_Overturning,Hit_Object_in_Carriageway,Vehicle_Leaving_Carriageway,Hit_Object_off_Carriageway,1st_Point_of_Impact,Was_Vehicle_Left_Hand_Drive?,Journey_Purpose_of_Driver,Sex_of_Driver,Age_of_Driver,Age_Band_of_Driver,Engine_Capacity_(CC),Propulsion_Code,Age_of_Vehicle,Driver_IMD_Decile,Driver_Home_Area_Type,Vehicle_IMD_Decile
2018450274595,2,9,0,18,0,3,0,0,0,0,4,1,5,1,40,7,1499,2,1,9,1,9
2018450274633,1,9,0,17,0,0,0,0,0,0,1,1,5,2,22,5,998,1,5,8,1,8
2018450274633,2,9,0,17,0,0,0,0,0,0,1,1,6,2,89,11,1490,1,12,9,1,9
2018450274638,1,9,0,18,0,8,0,0,0,0,1,1,5,1,26,6,1968,2,9,3,1,3
2018450274638,2,9,0,9,0,4,0,0,0,0,1,1,5,1,29,6,2204,2,12,1,1,1
2018450274644,1,9,0,18,0,8,0,0,1,0,3,1,5,1,18,4,1598,2,6,5,1,5
2018450274644,2,9,0,18,0,8,0,0,0,0,3,1,2,2,32,6,1242,1,4,7,1,7
2018450274646,1,5,0,18,0,2,1,4,0,0,1,1,2,1,30,6,645,1,11,7,1,7
2018450274646,2,9,0,2,0,2,0,0,0,0,4,1,1,1,32,6,2993,2,3,7,1,7
2018450274646,3,20,4,18,0,2,0,0,0,0,3,1,1,1,56,9,-1,-1,-1,5,1,5
2018450274646,4,9,0,2,0,7,0,0,0,0,0,1,1,1,41,7,1997,2,5,8,1,8
2018450274648,1,9,0,16,0,0,0,0,0,0,1,1,5,1,46,8,1497,8,10,9,3,9
2018450274648,2,5,0,17,0,0,0,0,7,0,1,1,5,1,47,8,998,1,1,10,1,10
2018450274649,1,9,0,18,0,0,5,0,1,0,0,1,5,1,49,8,1398,1,1,3,1,3
2018450274650,1,9,0,16,0,0,0,0,0,0,4,1,2,1,26,6,1461,2,13,-1,-1,-1
2018450274707,1,9,0,3,0,0,0,0,0,0,1,1,5,2,26,6,1596,1,4,4,1,4
2018450274707,2,9,0,1,0,0,0,0,0,0,1,1,5,1,50,8,1956,2,8,9,3,9
2018450274709,1,90,1,18,0,0,0,0,0,0,4,1,6,1,42,7,6692,2,6,8,1,8
2018450274709,2,9,0,18,0,0,0,0,0,0,3,1,6,1,38,7,1968,2,3,10,1,10
2018450274748,1,9,0,18,0,0,0,0,0,0,3,1,2,2,26,6,1995,2,2,8,1,8
2018450274748,2,1,0,18,0,0,0,0,0,0,1,1,4,1,17,4,-1,-1,-1,9,1,9
2018450274765,1,9,0,18,0,8,0,0,0,0,1,1,2,2,29,6,1799,1,10,8,1,8
2018450274765,2,9,0,4,0,8,0,0,0,0,2,1,2,2,40,7,1598,1,8,8,1,8
2018450274850,1,9,0,18,0,0,0,0,0,0,0,1,2,1,60,9,1599,1,8,7,1,7
2018450274850,2,9,0,13,0,0,5,0,1,0,1,1,2,1,48,8,-1,-1,-1,9,1,9
2018450274850,3,9,0,18,0,0,1,0,7,0,1,1,5,2,75,10,1299,1,16,10,1,10
2018450274924,1,5,0,5,0,6,0,0,0,0,0,1,2,1,53,8,998,1,7,9,1,9
2018450274928,1,19,0,5,0,8,0,0,0,0,1,2,1,1,38,7,2198,2,3,10,1,10
2018450274928,2,1,0,17,0,8,0,0,0,0,4,1,2,1,34,6,-1,-1,-1,9,1,9
2018450274938,1,9,0,5,0,3,0,0,0,0,1,1,2,1,37,7,3222,2,14,3,1,3
2018450274938,2,4,0,18,0,4,5,0,0,0,2,1,2,2,47,8,948,1,1,8,3,8
2018450274939,1,9,0,18,0,0,0,0,0,0,1,1,1,1,33,6,1999,1,11,6,1,6
2018450274939,2,19,0,18,0,0,0,11,0,0,3,1,2,1,27,6,1753,2,14,4,1,4
2018450274941,1,1,0,18,0,0,0,0,0,0,1,1,2,1,38,7,-1,-1,-1,7,1,7
2018450274941,2,9,0,9,0,0,0,0,0,0,1,1,1,1,55,8,-1,-1,-1,9,1,9
2018450274944,1,9,0,18,0,4,0,0,0,0,1,1,6,1,61,9,1395,1,5,9,1,9
2018450274944,2,1,0,17,0,1,0,0,0,0,4,1,6,2,29,6,-1,-1,-1,6,1,6
2018450274945,1,9,0,18,0,0,0,0,1,11,1,1,6,1,54,8,1796,1,13,3,1,3
2018450274951,1,9,0,18,0,0,0,0,0,0,1,1,5,2,33,6,1299,1,14,5,1,5
2018450274951,2,9,0,3,0,0,0,0,0,0,2,1,2,2,58,9,1984,1,7,10,1,10
2018450274951,3,10,0,4,0,0,0,0,0,0,2,1,5,1,64,9,2143,2,1,10,1,10
2018450274961,1,9,0,5,0,0,0,0,0,0,1,1,5,1,18,4,1248,2,12,5,2,5
2018450275018,1,3,0,7,0,0,0,0,0,0,4,1,5,1,18,4,125,1,2,7,1,7
2018450275025,1,9,0,18,0,2,0,0,0,0,1,1,5,2,74,10,1991,2,7,10,1,10
2018450275026,1,9,0,4,0,0,0,0,0,0,2,1,5,1,68,10,2179,2,3,10,1,10
2018450275026,2,3,0,18,0,0,0,0,0,0,1,1,5,1,19,4,124,1,2,7,1,7
2018450275028,1,9,0,18,0,0,0,0,0,0,1,1,5,1,32,6,1796,1,11,8,1,8
2018450275028,2,9,0,2,9,0,0,0,0,0,1,1,6,2,38,7,1329,1,5,8,1,8
2018450275047,1,3,0,18,0,0,0,0,0,0,1,1,1,1,38,7,125,1,2,-1,-1,-1
2018450275058,1,9,0,4,0,0,0,0,0,0,2,1,5,2,87,11,1598,1,23,9,1,9
2018450275058,2,9,0,18,0,0,0,0,0,0,1,1,5,2,17,4,1242,1,4,10,1,10
2018450275060,1,9,0,18,0,0,2,0,1,10,1,1,2,1,23,5,1197,1,1,9,1,9
2018450275064,1,9,0,18,0,1,0,0,0,0,1,1,1,2,75,10,1598,1,9,5,2,5
2018450275064,2,9,0,5,0,8,0,0,0,0,3,1,6,1,37,7,1781,1,14,-1,-1,-1
2018450275223,1,3,0,18,0,1,1,0,0,0,1,1,5,2,17,4,125,1,1,8,1,8
2018450275223,2,9,0,18,0,2,0,0,0,0,1,1,5,2,36,7,1248,1,9,8,1,8
2018450275374,1,9,0,17,9,0,1,0,1,4,2,1,5,2,20,4,998,1,15,5,3,5
2018450275463,1,9,0,18,0,1,0,0,0,0,1,1,6,3,55,8,-1,-1,-1,-1,-1,-1
2018450275463,2,9,0,18,0,8,0,0,0,0,1,1,5,1,25,5,998,1,4,6,1,6
2018450275463,3,9,0,18,0,1,0,0,0,0,1,1,5,2,64,9,1390,1,10,9,1,9
2018450275464,1,9,0,18,0,0,0,0,0,0,2,1,2,1,43,7,999,1,-1,10,1,10
2018450275464,2,9,0,18,0,0,0,0,0,0,2,1,2,2,48,8,1200,1,2,9,1,9
2018450275464,3,9,0,18,0,0,0,0,0,0,2,1,2,1,40,7,1896,2,11,5,1,5
2018450275464,4,9,0,18,0,0,0,0,0,0,1,1,2,2,23,5,1197,1,6,10,1,10
2018450275468,1,19,0,11,0,0,0,0,0,0,4,1,2,1,35,6,1560,2,4,10,3,10
2018450275468,2,5,0,18,0,0,0,0,0,0,3,1,2,1,33,6,750,1,3,4,1,4
2018450275469,1,9,0,4,0,0,0,0,0,0,1,1,5,2,64,9,1995,1,7,7,1,7
2018450275469,2,9,0,18,0,0,0,0,0,0,2,1,2,1,60,9,999,1,18,9,1,9
2018450275474,1,9,0,18,0,0,0,0,0,0,4,1,5,1,28,6,1998,1,14,10,1,10
2018450275475,1,1,0,18,0,0,0,11,0,0,1,1,2,1,52,8,-1,-1,-1,-1,-1,-1
2018450275478,1,9,0,18,0,0,0,0,1,9,3,1,5,1,18,4,1600,2,9,5,1,5
2018450275478,2,9,0,18,0,0,0,0,0,0,3,1,1,1,33,6,2993,2,1,8,1,8
2018450275478,3,9,0,18,0,0,0,0,0,0,1,1,6,3,35,6,3200,2,14,-1,-1,-1
2018450275480,1,9,0,18,0,1,0,0,0,0,1,1,2,2,60,9,1598,2,6,10,1,10
2018450275480,2,9,0,4,0,1,0,0,0,0,2,1,5,1,37,7,2993,2,10,9,1,9
2018450275642,1,19,0,16,0,4,0,0,0,0,1,1,1,1,46,8,2143,2,1,7,1,7
2018450275642,2,9,0,16,0,4,0,0,0,0,2,1,2,2,61,9,1229,1,9,7,1,7
2018450275682,1,9,0,18,0,0,0,0,0,0,3,1,6,1,32,6,1956,2,3,4,1,4
2018450275682,2,9,0,18,0,0,0,0,0,0,4,1,6,3,40,7,2171,1,17,-1,-1,-1
2018450275697,1,9,0,7,0,0,0,0,0,0,4,1,6,1,63,9,1997,2,5,9,1,9
2018450275697,2,2,0,18,0,0,1,0,0,0,1,1,6,1,20,4,-1,-1,-1,-1,-1,-1
2018450275702,1,9,0,18,0,1,0,0,0,0,1,1,6,3,25,5,1999,2,1,-1,-1,-1
2018450275855,1,9,0,18,0,0,0,0,0,0,1,1,6,1,40,7,1461,1,8,5,1,5
2018450275855,2,9,0,5,0,0,0,0,0,0,3,1,6,1,30,6,1598,2,2,5,1,5
2018450275877,1,9,0,14,0,0,0,0,0,0,1,1,5,2,89,11,1339,1,9,10,1,10
2018450275877,2,9,0,18,0,0,0,0,0,0,1,1,5,2,34,6,-1,-1,-1,4,1,4
2018450275889,1,9,0,18,0,3,0,0,0,0,2,1,1,1,53,8,1997,2,1,10,1,10
2018450275889,2,4,0,18,0,3,0,0,0,0,1,1,1,1,50,8,530,1,3,8,1,8
2018450275915,1,1,0,18,0,0,0,0,0,0,0,1,5,1,37,7,-1,-1,-1,3,1,3
2018450275918,1,9,0,18,0,0,0,0,0,0,4,1,2,1,48,8,1968,2,8,4,1,4
2018450275922,1,9,0,18,0,0,0,0,0,0,1,1,6,1,44,7,1229,1,11,5,1,5
2018450275922,2,9,0,18,0,0,0,0,0,0,1,1,6,1,50,8,1796,1,20,9,1,9
2018450275922,3,9,0,18,0,0,0,0,0,0,1,1,6,1,60,9,2143,2,8,4,1,4
2018450275970,1,9,0,3,0,1,0,0,0,0,1,1,1,2,23,5,-1,-1,-1,10,1,10
2018450275970,2,9,0,3,0,1,0,0,0,0,2,1,6,2,45,7,2204,2,11,10,1,10
2018450275971,1,9,0,18,0,0,0,0,0,0,1,1,6,1,59,9,1596,1,3,2,1,2
2018450276113,1,9,0,18,0,0,0,0,0,0,1,1,6,1,-1,-1,-1,-1,-1,7,1,7
2018450276113,2,1,0,18,0,0,0,0,0,0,2,1,6,1,43,7,-1,-1,-1,9,3,9
2018450276275,1,9,0,9,0,5,0,0,0,0,1,1,2,1,71,10,999,1,9,4,1,4
2018450276275,2,4,0,18,0,1,2,0,0,0,1,1,5,1,37,7,583,1,19,10,1,10
2018450276285,1,9,0,18,0,3,0,0,1,2,1,1,5,1,88,11,1988,1,14,10,1,10
2018450276344,1,9,0,18,0,2,0,0,0,0,1,1,1,1,31,6,1797,8,7,7,1,7
2018450276344,2,9,0,6,0,6,0,0,1,0,1,1,1,1,32,6,1499,2,3,3,1,3
2018450276504,1,9,0,18,0,1,0,0,0,0,4,1,5,2,32,6,1596,1,15,9,3,9
2018450276504,2,9,0,18,0,1,0,0,0,0,1,1,6,3,24,5,-1,-1,-1,-1,-1,-1
2018450276584,1,9,0,18,0,0,0,0,0,0,2,1,6,2,40,7,1968,2,4,6,3,6
2018450276584,2,20,0,18,0,0,0,0,0,0,1,1,6,1,30,6,-1,-1,-1,-1,-1,-1
2018450276626,1,9,0,7,0,5,0,0,0,0,4,1,5,1,26,6,2143,2,7,7,3,7
2018450276626,2,9,0,18,9,2,0,0,0,0,3,1,5,1,23,5,1395,1,1,1,1,1
2018450276637,1,9,0,16,0,1,1,0,7,10,1,1,5,2,19,4,1560,2,7,1,1,1
2018450276650,1,9,0,2,0,0,0,0,0,0,3,1,6,1,44,7,1988,1,14,8,1,8
2018450276650,2,19,0,1,0,0,0,0,0,0,0,1,6,3,40,7,1998,2,12,-1,-1,-1
2018450276740,1,9,0,18,0,0,0,0,0,0,3,1,6,2,41,7,1248,2,4,8,1,8
2018450276740,2,9,0,18,0,0,0,0,0,0,2,1,6,1,45,7,-1,-1,-1,8,1,8
2018450276955,1,9,0,4,0,0,0,0,0,0,1,1,2,2,21,5,1242,1,8,4,1,4
2018450276955,2,9,0,18,0,0,0,0,0,0,2,1,5,1,22,5,1596,1,5,10,1,10
2018450276960,1,9,0,18,0,0,0,0,1,4,1,1,2,1,23,5,1998,1,4,9,1,9
2018450276966,1,9,0,18,0,0,0,0,0,0,1,1,5,2,28,6,1461,2,1,10,1,10
2018450276966,2,9,0,18,0,0,0,0,0,0,2,1,2,2,28,6,-1,-1,-1,10,1,10
2018450276966,3,9,0,18,0,0,0,0,0,0,2,2,5,1,36,7,-1,-1,-1,7,3,7
2018450276973,1,9,0,18,0,8,1,0,0,0,4,1,2,2,53,8,1598,1,13,10,1,10
2018450276973,2,9,0,5,0,4,0,0,0,0,1,1,5,1,84,11,2179,2,3,8,3,8
2018450276974,1,20,0,18,0,0,0,0,0,0,1,1,6,3,20,4,-1,-1,-1,-1,-1,-1
2018450276980,1,9,0,18,0,1,0,0,0,0,1,1,5,2,40,7,1598,1,10,7,1,7
2018450277004,1,19,0,18,0,0,0,0,1,4,1,1,2,1,34,6,1968,2,8,10,1,10
2018450277037,1,9,0,18,0,8,0,0,0,0,1,1,5,2,37,7,1499,2,1,9,1,9
2018450277037,2,9,0,18,0,6,0,0,7,0,1,1,2,2,23,5,1242,1,11,5,1,5
2018450277037,3,9,0,18,0,2,0,4,0,0,1,1,5,2,42,7,2987,2,4,8,1,8
2018450277044,1,21,0,16,0,0,1,4,0,0,1,1,1,1,37,7,10837,2,1,4,1,4
2018450277044,2,19,0,2,0,0,0,0,0,0,2,1,1,1,43,7,2143,2,8,2,1,2
2018450277056,1,9,0,10,0,1,0,0,0,0,2,1,2,1,30,6,1686,2,4,6,1,6
2018450277056,2,9,0,4,0,1,0,0,0,0,2,1,5,1,54,8,1596,1,15,5,1,5
2018450277056,3,9,0,5,0,1,0,0,0,0,1,1,5,2,17,4,1242,1,1,10,1,10
2018450277059,1,9,0,17,9,0,1,0,1,10,1,1,6,3,36,7,1995,2,6,3,1,3
2018450277067,1,9,0,7,0,0,1,0,0,0,1,1,2,2,18,4,1086,1,10,10,1,10
2018450277078,1,9,0,14,0,0,1,0,0,0,1,1,1,2,53,8,1870,2,12,4,1,4
2018450277078,2,8,0,18,0,0,0,0,0,0,1,1,2,1,61,9,1686,2,6,7,1,7
2018450277092,1,9,0,12,0,0,1,0,1,0,2,1,5,1,23,5,1242,1,8,10,1,10
2018450277093,1,9,0,17,0,0,2,0,1,10,4,1,2,1,50,8,1390,2,16,5,1,5
2018450277104,1,9,0,18,0,1,0,0,0,0,1,1,6,3,50,8,-1,-1,-1,-1,-1,-1
2018450277109,1,9,0,18,0,0,0,0,0,0,1,1,5,1,19,4,1396,1,9,6,3,6
2018450277109,2,9,0,4,0,0,0,0,0,0,2,1,5,2,54,8,1618,1,4,4,2,4
2018450277110,1,9,0,18,0,0,1,0,0,0,1,1,6,1,19,4,1198,1,5,10,1,10
2018450277113,1,9,0,18,0,0,0,0,1,7,1,1,5,1,64,9,1398,1,4,6,1,6
2018450277116,1,9,0,18,0,0,1,7,0,0,1,1,2,1,39,7,1716,2,17,9,2,9
2018450277185,1,16,0,18,0,0,0,0,0,0,0,1,6,2,51,8,-1,-1,-1,10,1,10
2018450277185,2,9,0,13,0,0,0,0,0,0,0,1,6,3,35,6,-1,-1,-1,-1,-1,-1
2018450277198,1,9,0,18,0,0,0,0,0,0,1,1,6,1,38,7,1956,2,8,4,1,4
2018450277198,2,9,0,4,0,0,0,0,0,0,2,1,6,2,55,8,1582,2,2,7,1,7
2018450277267,1,9,0,17,0,8,1,0,0,0,1,1,5,2,62,9,1587,1,16,10,2,10
2018450277346,1,9,0,18,0,0,1,0,1,4,1,1,2,1,25,5,1796,1,23,5,1,5
2018450277380,1,9,0,16,0,0,1,0,1,3,1,1,2,1,23,5,1399,1,9,7,3,7
2018450277476,1,3,0,18,0,0,0,0,7,0,1,1,5,2,25,5,125,1,2,4,1,4
2018450277476,2,19,0,1,0,0,0,0,0,0,1,1,1,1,59,9,1598,2,3,9,1,9
2018450277477,1,9,0,18,0,0,1,0,0,0,1,1,5,1,50,8,1560,2,5,6,1,6
2018450277477,2,9,0,3,0,0,0,0,0,0,2,2,5,1,36,7,5700,1,16,8,1,8
2018450277480,1,9,0,18,0,0,0,0,5,6,1,1,5,1,26,6,1896,2,12,8,1,8
2018450277484,1,9,0,18,0,2,0,0,3,0,1,1,5,2,55,8,4163,1,11,5,3,5
2018450277612,1,9,0,18,0,0,2,0,0,0,3,1,5,2,58,9,998,1,4,8,1,8
2018450277612,2,21,0,11,0,0,0,0,0,0,4,1,1,1,53,8,12902,2,5,4,1,4
2018450277770,1,9,0,16,0,0,1,0,0,0,1,1,5,1,78,11,1598,1,15,6,1,6
2018450277770,2,9,0,18,0,0,1,0,0,0,1,1,2,1,36,7,1799,1,12,9,1,9
2018450277770,3,9,0,4,0,0,0,0,0,0,1,1,6,1,50,8,1596,1,14,10,1,10
2018450277778,1,9,0,18,0,0,0,0,0,0,3,1,5,1,22,5,1395,1,-1,2,1,2
2018450277778,2,9,0,18,0,0,0,0,0,0,1,1,5,2,50,8,1598,1,14,6,1,6
2018450277905,1,19,0,18,0,0,0,0,0,0,1,2,1,1,23,5,-1,-1,-1,-1,-1,-1
2018450277905,2,9,0,18,0,0,0,0,5,6,2,1,2,1,50,8,-1,-1,-1,3,1,3
2018450277905,3,9,0,18,0,0,0,0,1,11,3,1,6,3,50,8,2993,2,14,10,1,10
2018450277905,4,21,5,18,0,0,0,0,0,0,2,1,1,1,31,6,7790,2,6,2,1,2
2018450277909,1,5,0,4,0,1,0,0,0,0,1,1,2,2,41,7,599,1,14,8,1,8
2018450277909,2,9,0,4,0,1,0,0,0,0,2,1,5,2,67,10,1395,1,3,9,1,9
2018450277911,1,9,0,18,0,0,0,0,2,0,1,1,6,1,29,6,1560,2,7,6,1,6
2018450277911,2,9,0,2,6,0,0,0,0,0,2,1,2,1,41,7,2148,2,15,8,1,8
2018450277911,3,9,0,18,0,0,0,0,0,0,4,1,5,2,25,5,1242,1,17,4,3,4
2018450277911,4,9,0,18,6,0,0,0,0,0,2,1,2,2,36,7,1395,1,3,8,1,8
2018450277911,5,9,0,18,0,0,0,0,0,0,4,1,1,1,39,7,1796,1,12,5,1,5
2018450278004,1,11,0,18,0,0,0,0,0,0,4,1,1,3,50,8,-1,-1,-1,-1,-1,-1
2018450278144,1,3,0,18,0,1,1,0,1,11,3,1,2,1,18,4,124,1,3,9,1,9
2018450278144,2,9,0,9,0,8,0,0,0,0,1,1,2,1,38,7,2401,2,15,9,3,9
2018450278205,1,9,0,18,0,1,0,0,0,0,1,1,2,1,52,8,1998,1,1,10,1,10
2018450278205,2,9,0,7,0,5,5,0,7,4,2,1,2,2,23,5,2191,2,-1,-1,1,-1
2018450278223,1,9,0,18,0,1,0,0,0,0,1,1,5,2,55,8,1395,1,2,10,1,10
2018450278240,1,9,0,18,0,0,0,0,0,0,1,1,2,2,49,8,1968,2,2,10,1,10
2018450278240,2,8,0,18,0,0,1,0,0,0,1,1,5,1,56,9,1499,2,3,-1,1,-1
2018450278240,3,9,0,18,0,0,0,0,0,0,4,1,2,1,37,7,1968,2,1,9,1,9
2018450278241,1,9,0,18,0,0,0,0,0,0,1,1,1,1,53,8,2993,2,3,2,1,2
2018450278241,2,9,0,2,0,0,1,0,0,0,2,1,5,1,48,8,1598,2,3,4,1,4
2018450278247,1,9,0,18,0,1,0,0,0,0,1,1,5,2,67,10,1991,1,1,10,1,10
2018450278247,2,4,0,18,0,1,0,0,0,0,2,1,2,1,39,7,599,1,11,6,1,6
2018450278250,1,9,0,18,0,0,0,0,1,9,4,1,5,1,38,7,1997,1,14,6,1,6
2018450278251,1,9,0,18,0,2,0,0,0,0,1,2,5,2,19,4,1198,1,5,10,1,10
2018450278251,2,1,0,18,0,1,0,0,0,0,1,1,6,1,18,4,-1,-1,-1,8,1,8
2018450278253,1,9,0,16,0,4,2,9,6,2,1,1,5,1,27,6,2993,2,8,2,1,2
2018450278253,2,9,0,18,0,4,0,0,0,0,0,1,1,1,33,6,2993,2,2,-1,-1,-1
2018450278255,1,19,0,9,0,0,0,0,0,0,1,1,1,1,32,6,1968,2,1,5,1,5
2018450278255,2,4,0,18,0,0,0,0,8,0,4,1,5,1,55,8,782,1,13,5,1,5
2018450278267,1,21,0,11,0,0,0,0,0,0,4,1,1,1,42,7,10837,2,1,7,3,7
2018450278267,2,9,0,18,0,0,0,0,0,0,2,1,2,2,19,4,1229,1,12,5,1,5
2018450278590,1,9,0,18,0,0,0,0,0,0,1,1,6,1,45,7,3311,8,12,7,2,7
2018450278590,2,19,0,4,0,0,0,0,0,0,2,1,2,1,29,6,1248,2,5,5,1,5
2018450278597,1,19,0,18,0,0,0,0,0,0,1,1,1,1,42,7,1598,2,1,7,1,7
2018450278597,2,9,0,2,0,0,0,0,0,0,4,1,1,1,53,8,-1,-1,-1,8,1,8
2018450278743,1,9,0,5,0,2,0,0,0,0,1,1,2,1,27,6,1968,2,6,10,1,10
2018450278743,2,1,0,18,0,1,5,0,0,0,2,1,2,1,47,8,-1,-1,-1,10,1,10
2018450278806,1,9,0,9,0,0,0,0,0,0,1,1,6,1,31,6,1498,1,7,2,1,2
2018450278806,2,2,0,18,0,0,0,0,0,0,3,1,4,1,18,4,125,1,1,8,1,8
2018450278891,1,1,0,18,0,0,0,0,0,0,1,1,6,1,42,7,-1,-1,-1,10,1,10
2018450278892,1,19,0,18,0,0,0,0,0,0,1,2,1,1,79,11,-1,-1,-1,-1,-1,-1
2018450278892,2,19,0,18,0,0,0,0,0,0,1,1,1,1,49,8,2198,2,6,10,1,10
2018450278893,1,5,0,17,0,1,2,0,0,0,1,1,6,1,52,8,689,1,3,5,1,5
2018450278893,2,9,0,18,0,6,0,0,0,0,3,1,5,1,49,8,1991,1,2,10,3,10
2018450278899,1,9,0,16,0,0,0,0,0,0,1,1,1,2,61,9,1998,8,3,10,1,10
2018450278899,2,9,0,4,0,0,0,0,0,0,2,1,2,1,39,7,1968,2,5,7,1,7
2018450279028,1,1,0,18,0,1,5,0,0,0,1,1,5,1,37,7,-1,-1,-1,8,1,8
2018450279028,2,9,0,7,0,5,0,0,0,0,1,2,5,1,54,8,3600,1,28,7,3,7
2018450279037,1,1,0,18,0,1,0,0,0,0,1,1,2,1,29,6,-1,-1,-1,10,1,10
2018450279063,1,19,0,1,0,8,0,0,0,0,2,1,1,1,55,8,2143,2,3,6,1,6
2018450279063,2,4,0,3,0,8,0,0,0,0,1,1,2,2,19,4,124,1,7,4,1,4
2018450279071,1,9,0,4,0,1,0,0,0,0,1,1,5,1,53,8,1995,2,9,10,1,10
2018450279071,2,1,0,18,0,4,0,0,0,0,4,1,5,1,15,3,-1,-1,-1,10,1,10
2018450279073,1,9,0,18,0,1,0,0,0,0,1,1,5,1,30,6,1995,2,5,9,1,9
2018450279073,2,9,0,17,0,8,0,0,0,0,4,1,5,2,51,8,2993,2,-1,7,3,7
2018450279075,1,9,0,18,0,4,0,0,0,0,1,1,5,1,30,6,1499,1,1,8,1,8
2018450279075,2,9,0,18,0,8,0,0,0,0,4,1,5,1,40,7,999,1,1,3,1,3
2018450279091,1,5,0,4,0,1,0,0,0,0,4,1,5,1,53,8,1200,1,19,4,1,4
2018450279101,1,9,0,4,0,0,5,0,0,0,3,1,5,2,40,7,1242,1,14,6,1,6
2018450279108,1,9,0,17,0,0,0,0,1,0,1,1,5,1,38,7,2198,2,4,9,3,9
2018450279108,2,9,0,16,0,0,0,0,1,0,1,1,5,2,79,11,1498,1,10,-1,-1,-1
2018450279114,1,9,0,18,0,0,0,0,7,10,1,1,6,1,46,8,-1,-1,-1,6,3,6
2018450279385,1,9,0,18,0,0,0,0,0,0,2,1,5,2,67,10,1560,2,2,10,3,10
2018450279385,2,9,0,18,0,0,0,0,0,0,2,1,2,2,67,10,1461,2,6,5,3,5
2018450279385,3,9,0,18,0,0,0,0,0,0,2,1,5,2,38,7,1968,2,11,6,3,6
2018450279385,4,19,0,18,0,0,0,0,0,0,1,1,1,1,26,6,1499,2,-1,9,1,9
2018450279385,5,9,0,18,0,0,0,0,0,0,1,1,2,2,18,4,1198,1,7,10,2,10
2018450279533,1,21,0,16,0,2,0,0,0,0,1,1,1,1,23,5,-1,-1,-1,8,1,8
2018450279533,2,1,0,18,0,1,0,0,0,0,2,1,6,2,54,8,-1,-1,-1,6,1,6
2018450279580,1,9,0,5,0,0,0,0,0,0,4,1,5,1,44,7,1796,1,13,2,1,2
2018450279580,2,9,0,18,0,0,0,0,0,0,1,1,6,1,25,5,1598,1,13,4,1,4
2018450279586,1,9,0,3,0,4,0,0,0,0,2,1,1,2,26,6,1229,1,3,9,3,9
2018450279586,2,9,0,18,0,4,0,0,0,0,1,1,1,1,32,6,1388,1,7,10,1,10
2018450279587,1,9,0,18,0,0,0,0,0,0,1,1,5,1,27,6,1895,1,19,9,2,9
2018450279587,2,9,0,18,0,0,0,0,0,0,2,1,5,2,25,5,1360,1,12,4,1,4
2018450279587,3,9,0,4,0,0,0,0,0,0,2,1,2,1,56,9,2179,2,5,7,3,7
2018450279787,1,9,0,5,0,8,0,0,7,0,4,1,1,1,61,9,1798,8,5,10,1,10
2018450279787,2,9,0,18,0,8,1,0,0,0,1,1,5,2,43,7,1598,1,11,8,1,8
2018450279923,1,21,0,18,0,0,0,0,0,0,1,2,1,1,49,8,-1,-1,-1,-1,-1,-1
2018450279923,2,21,0,4,0,0,0,0,0,0,2,1,1,1,45,7,12419,2,1,4,1,4
2018450279923,3,19,0,4,0,0,0,0,0,0,2,1,1,2,39,7,1995,2,2,4,1,4
2018450280028,1,9,0,16,0,1,0,0,0,0,1,1,5,2,28,6,1200,1,-1,8,1,8
2018450280032,1,9,0,1,0,0,0,0,0,0,2,1,5,1,72,10,2967,2,3,10,1,10
2018450280032,2,9,0,2,0,0,0,0,0,0,3,1,5,1,79,11,996,1,9,10,1,10
2018450280034,1,9,0,18,0,1,0,0,0,0,1,1,5,2,61,9,2776,2,3,10,1,10
2018450280034,2,9,0,3,0,1,0,0,0,0,2,1,5,1,39,7,4799,1,11,9,1,9
2018450280104,1,9,0,18,0,0,0,0,0,0,1,1,2,2,23,5,1198,1,15,7,3,7
2018450280104,2,9,0,4,0,0,0,0,0,0,2,1,2,1,33,6,2993,2,11,9,1,9
2018450280106,1,9,0,18,0,0,0,0,0,0,1,1,6,2,54,8,1527,2,19,9,1,9
2018450280106,2,9,0,18,0,0,0,0,0,0,1,1,6,1,20,4,998,1,2,8,1,8
2018450280263,1,19,0,2,0,8,0,0,0,0,3,1,1,1,54,8,2143,2,6,4,1,4
2018450280263,2,21,1,18,0,8,0,0,0,0,4,1,1,1,31,6,12740,2,5,6,1,6
2018450280288,1,5,0,10,0,1,2,0,0,0,3,1,2,1,44,7,1170,1,14,10,2,10
2018450280298,1,9,0,16,0,0,1,0,4,0,1,1,5,2,19,4,1198,1,8,4,1,4