Accident_Index,Vehicle_Reference,Vehicle_Type,Towing_and_Articulation,Vehicle_Manoeuvre,Vehicle_Location-Restricted_Lane,Junction_Location,Skidding_and_Overturning,Hit_Object_in_Carriageway,Vehicle_Leaving_Carriageway,Hit_Object_off_Carriageway,1st_Point_of_Impact,Was_Vehicle_Left_Hand_Drive?,Journey_Purpose_of_Driver,Sex_of_Driver,Age_of_Driver,Age_Band_of_Driver,Engine_Capacity_(CC),Propulsion_Code,Age_of_Vehicle,Driver_IMD_Decile,Driver_Home_Area_Type,Vehicle_IMD_Decile
2018450280327,1,19,0,17,0,0,2,0,0,0,1,1,1,1,26,6,2402,2,12,7,1,7
2018450280327,2,9,0,18,0,0,0,0,0,0,1,1,6,1,68,10,-1,-1,-1,8,3,8
2018450280371,1,9,0,18,0,8,0,0,0,0,4,1,5,1,83,11,2656,1,15,8,3,8
2018450280371,2,9,0,5,0,6,0,0,0,0,1,1,5,2,25,5,1991,2,13,10,1,10
2018450280384,1,8,0,9,0,8,0,0,0,0,1,1,1,1,42,7,1968,2,6,8,1,8
2018450280384,2,9,0,18,0,8,0,0,0,0,1,1,5,2,82,11,1198,1,-1,10,1,10
2018450280387,1,9,0,18,0,0,0,0,1,1,1,1,5,1,85,11,1197,1,3,10,1,10
2018450280389,1,9,0,17,0,0,1,6,0,0,1,1,5,1,51,8,1995,2,10,9,3,9
2018450280664,1,9,0,18,0,0,0,0,0,0,1,1,5,1,24,5,2143,2,3,9,1,9
2018450280664,2,90,1,18,0,0,0,0,0,0,2,1,1,1,64,9,-1,-1,-1,3,1,3
2018450280736,1,19,0,18,0,4,0,0,0,0,4,1,2,1,51,8,1560,2,6,8,1,8
2018450280736,2,9,0,18,0,4,0,0,0,0,2,1,5,1,22,5,1600,1,6,8,1,8
2018450280785,1,9,0,18,0,0,0,0,0,0,1,1,5,2,29,6,2993,2,1,6,3,6
2018450280785,2,19,0,18,0,0,0,0,0,0,2,1,1,1,50,8,1968,2,1,5,1,5
2018450280785,3,9,0,18,0,0,0,0,0,0,3,1,5,1,27,6,1399,2,11,7,1,7
2018450280799,1,9,0,18,0,0,1,0,1,2,3,1,2,1,37,7,2979,1,5,7,1,7
2018450280805,1,9,0,18,0,8,0,0,1,0,1,1,1,1,37,7,2143,2,4,8,1,8
2018450280805,2,21,1,18,0,2,0,0,0,0,2,1,1,1,32,6,12740,2,2,8,1,8
2018450280806,1,9,0,18,0,0,0,0,1,10,4,1,5,1,49,8,2993,2,5,9,1,9
2018450280806,2,90,1,2,6,0,0,0,0,0,2,1,1,1,46,8,-1,-1,-1,4,1,4
2018450280807,1,3,0,18,0,8,0,0,7,0,3,1,5,1,21,5,107,1,5,10,1,10
2018450280813,1,9,0,17,0,0,1,0,1,3,3,1,5,2,19,4,1390,1,17,5,1,5
2018450280817,1,9,0,2,0,0,0,0,1,10,2,1,6,3,-1,-1,-1,-1,-1,-1,-1,-1
2018450280817,2,9,0,18,0,0,0,4,0,0,1,1,6,1,49,8,1199,1,14,7,1,7
2018450280909,1,9,0,16,0,1,5,0,3,1,1,1,5,1,26,6,1598,1,8,10,1,10
2018450280913,1,9,0,16,0,1,0,0,0,0,1,1,6,1,46,8,-1,-1,-1,8,1,8
2018450280913,2,9,0,3,0,1,0,0,0,0,2,1,5,1,26,6,1753,2,11,7,1,7
2018450280918,1,5,0,18,0,0,0,0,0,0,3,1,2,1,30,6,125,1,4,5,1,5
2018450280982,1,1,0,18,0,8,0,0,0,0,1,1,5,1,47,8,-1,-1,-1,9,1,9
2018450280982,2,9,0,18,0,7,0,0,0,0,3,1,5,2,41,7,1598,2,1,10,1,10
2018450280996,1,9,0,4,0,0,0,0,0,0,2,1,5,1,50,8,1200,1,3,8,1,8
2018450280996,2,9,0,3,0,0,0,0,0,0,2,1,5,2,21,5,1198,1,5,10,2,10
2018450280996,3,9,0,4,0,0,0,0,0,0,1,1,5,2,33,6,-1,-1,-1,10,2,10
2018450280999,1,4,0,17,0,0,1,0,1,0,1,1,5,1,47,8,1084,1,20,10,1,10
2018450281001,1,9,0,18,0,0,1,0,1,10,1,1,5,2,33,6,1390,1,12,2,1,2
2018450281042,1,9,0,18,0,0,0,7,0,0,1,1,5,1,24,5,2993,2,4,7,1,7
2018450281060,1,9,0,17,0,0,1,7,6,10,1,1,5,1,40,7,1395,1,2,4,1,4
2018450281060,2,9,0,18,0,0,0,0,1,11,3,1,5,1,49,8,2099,1,15,3,1,3
2018450281066,1,9,0,18,0,0,1,0,1,4,3,1,6,1,26,6,2979,1,1,5,3,5
2018450281069,1,9,0,12,0,1,0,0,0,0,2,1,2,1,23,5,898,1,2,10,1,10
2018450281069,2,9,0,18,0,1,0,0,0,0,1,1,5,1,45,7,1388,1,16,4,1,4
2018450281079,1,9,0,18,0,1,0,0,0,0,1,1,5,1,69,10,1896,2,12,4,1,4
2018450281079,2,9,0,18,0,1,0,0,0,0,2,1,5,1,46,8,2993,2,4,10,1,10
2018450281091,1,9,0,16,0,0,1,0,0,0,1,1,5,2,18,4,1781,1,17,7,2,7
2018450281092,1,9,0,18,0,0,1,10,1,4,1,1,5,1,19,4,1995,2,6,9,3,9
2018450281121,1,9,0,7,0,0,0,0,0,0,4,1,2,1,35,6,1339,1,10,3,1,3
2018450281121,2,1,0,18,0,0,0,0,0,0,3,1,6,1,64,9,-1,-1,-1,9,3,9
2018450281159,1,9,0,13,0,0,0,0,0,0,1,1,5,1,58,9,1998,1,9,7,1,7
2018450281159,2,9,0,13,0,0,0,0,0,0,1,1,5,1,38,7,2793,1,18,7,1,7
2018450281217,1,9,0,1,0,0,0,0,0,0,2,1,6,1,47,8,1390,1,16,9,1,9
2018450281311,1,21,0,4,0,0,0,0,0,0,1,1,1,1,52,8,6700,2,3,7,1,7
2018450281311,2,19,0,5,0,0,0,0,0,0,2,1,1,1,61,9,2143,2,3,6,1,6
2018450281377,1,9,0,10,0,1,0,0,0,0,2,1,5,2,51,8,1242,1,5,4,1,4
2018450281377,2,9,0,18,0,8,0,0,0,0,1,1,5,2,39,7,1598,1,8,3,1,3
2018450281407,1,9,0,18,0,0,0,0,0,0,2,1,5,1,51,8,1995,1,8,7,1,7
2018450281407,2,9,0,11,0,0,1,0,1,0,1,1,5,1,36,7,1995,2,1,8,1,8
2018450281456,1,3,0,16,0,0,1,0,0,0,4,1,5,1,39,7,124,1,20,-1,-1,-1
2018450281499,1,9,0,2,0,0,0,0,0,0,3,1,6,1,26,6,999,1,3,9,1,9
2018450281499,2,9,0,18,0,0,0,0,0,0,3,1,6,1,41,7,-1,-1,-1,4,1,4
2018450281499,3,9,0,2,0,0,0,0,0,0,1,1,6,2,46,8,1997,2,11,9,1,9
2018450281585,1,9,0,18,0,4,0,0,0,0,2,1,6,2,57,9,1596,1,15,9,1,9
2018450281585,2,9,0,18,0,4,0,0,0,0,1,1,6,1,40,7,1995,2,4,-1,-1,-1
2018450281697,1,9,0,17,0,0,0,0,0,0,1,1,2,1,36,7,1997,2,11,8,1,8
2018450281697,2,9,0,16,0,0,0,0,1,11,1,1,2,2,52,8,2926,2,15,10,1,10
2018450281781,1,9,0,18,0,0,0,0,0,0,1,1,5,2,17,4,1229,1,5,8,1,8
2018450281781,2,9,0,4,0,0,0,0,0,0,2,1,5,1,55,8,1149,1,11,3,1,3
2018450281819,1,9,0,18,0,0,0,0,0,0,1,1,5,2,40,7,1360,1,14,5,1,5
2018450281819,2,9,0,4,0,0,0,0,1,7,2,1,5,1,71,10,2435,1,15,10,3,10
2018450281820,1,9,0,13,0,0,0,0,0,0,4,1,5,1,78,11,1998,1,17,8,3,8
2018450281820,2,1,0,18,0,0,5,0,0,0,3,1,5,2,85,11,-1,-1,-1,7,1,7
2018450281822,1,9,0,18,0,0,5,0,0,0,4,1,5,2,18,4,1397,1,11,7,3,7
2018450281961,1,9,0,18,0,0,0,0,0,0,1,1,6,2,33,6,1364,1,4,6,1,6
2018450281961,2,1,0,18,0,0,0,0,0,0,1,1,6,1,50,8,-1,-1,-1,-1,-1,-1
2018450281977,1,9,0,4,0,1,0,0,0,0,2,1,6,1,53,8,2143,2,3,3,1,3
2018450281977,2,9,0,4,0,1,0,0,0,0,1,1,6,2,18,4,1598,1,13,5,1,5
2018450282193,1,9,0,4,0,0,0,0,0,0,2,1,1,1,57,9,1998,2,5,6,1,6
2018450282193,2,21,0,18,0,0,0,0,0,0,1,1,6,3,27,6,2198,2,5,2,1,2
2018450282195,1,9,0,5,0,4,0,0,0,0,1,1,5,2,19,4,1248,1,5,10,1,10
2018450282195,2,9,0,18,0,3,1,0,1,1,4,1,5,1,19,4,999,1,16,10,1,10
2018450282262,1,4,0,18,0,1,0,0,0,0,1,1,5,1,71,10,150,1,4,8,1,8
2018450282262,2,9,0,9,0,1,0,0,0,0,2,1,6,1,50,8,1596,1,12,6,1,6
2018450282296,1,1,0,18,4,1,0,0,0,0,1,1,6,1,18,4,-1,-1,-1,8,1,8
2018450282296,2,9,0,9,0,1,0,0,0,0,1,1,6,2,50,8,1339,1,5,10,1,10
2018450282526,1,9,0,2,0,0,0,0,0,0,1,1,5,1,79,11,1799,1,10,4,1,4
2018450282526,2,9,0,2,0,0,0,0,0,0,2,1,5,2,54,8,1198,1,16,8,1,8
2018450282527,1,9,0,18,0,0,0,0,1,9,1,1,5,1,19,4,998,1,3,9,1,9
2018450282535,1,9,0,18,0,1,0,0,0,0,1,1,2,1,20,4,1999,1,17,6,1,6
2018450282539,1,19,0,18,0,0,0,0,0,0,1,1,1,1,24,5,2143,2,5,1,1,1
2018450282539,2,9,0,4,0,0,0,0,0,0,2,1,1,1,47,8,-1,-1,-1,6,3,6
2018450282541,1,9,0,18,0,0,2,0,8,10,1,1,6,1,35,6,1598,1,13,8,3,8
2018450282639,1,3,0,17,0,0,2,11,1,9,1,1,5,1,63,9,1237,1,6,9,2,9
2018450282642,1,9,0,7,0,6,0,0,7,11,1,1,5,2,74,10,1200,1,1,10,1,10
2018450282647,1,9,0,18,0,0,0,0,0,0,1,1,6,1,45,7,1598,1,6,6,1,6
2018450282647,2,9,0,18,0,0,0,0,0,0,2,1,6,1,55,8,1781,1,17,6,1,6
2018450282652,1,9,0,18,0,0,0,0,0,0,1,1,1,1,63,9,1956,2,4,4,1,4
2018450282652,2,9,0,3,0,0,0,0,0,0,2,1,5,1,42,7,1242,1,14,8,1,8
2018450282652,3,9,0,3,0,0,0,0,0,0,2,1,5,1,71,10,1497,8,1,10,1,10
2018450282683,1,3,0,17,0,0,1,0,2,7,1,1,5,1,21,5,124,1,4,7,1,7
2018450282685,1,9,0,18,0,0,0,5,0,0,1,1,5,1,21,5,1242,1,1,9,1,9
2018450282685,2,9,0,18,0,0,0,0,0,0,2,1,5,1,44,7,1999,2,2,10,1,10
2018450282685,3,9,0,18,0,0,0,0,0,0,2,1,5,1,77,11,1999,2,2,9,1,9
2018450282690,1,9,0,18,0,0,1,11,4,0,1,1,5,1,37,7,1984,1,10,6,1,6
2018450282811,1,1,0,18,0,1,0,0,0,0,4,1,6,1,18,4,-1,-1,-1,10,1,10
2018450282811,2,9,0,9,0,1,0,0,0,0,1,1,6,1,50,8,2979,1,16,-1,-1,-1
2018450282819,1,1,0,5,0,0,0,0,0,0,4,1,6,1,15,3,-1,-1,-1,10,1,10
2018450282819,2,19,5,3,0,0,0,0,0,0,1,1,6,3,59,9,1995,2,1,2,1,2
2018450282972,1,8,0,18,0,1,0,0,0,0,1,1,1,1,37,7,2143,2,6,6,1,6
2018450282982,1,3,0,18,0,0,2,0,0,0,4,1,2,1,26,6,124,1,5,10,1,10
2018450283015,1,9,0,6,0,0,0,0,0,0,3,1,1,1,25,5,999,1,4,6,3,6
2018450283015,2,5,0,18,0,0,0,0,0,0,1,1,5,1,54,8,1157,1,19,5,1,5
2018450283038,1,9,0,18,0,7,0,0,0,0,1,1,5,1,31,6,1781,1,17,10,1,10
2018450283038,2,9,0,18,0,7,0,0,0,0,2,1,5,1,25,5,1391,1,21,9,1,9
2018450283041,1,9,0,3,0,1,0,0,0,0,2,1,5,1,65,9,996,1,4,10,1,10
2018450283041,2,19,0,18,0,1,0,0,0,0,1,1,6,1,53,8,1995,2,10,10,1,10
2018450283043,1,9,0,18,0,2,0,0,0,0,1,1,5,1,18,4,1200,1,-1,7,3,7
2018450283218,1,9,0,9,0,8,0,0,0,0,1,1,5,1,52,8,1998,2,11,5,1,5
2018450283306,1,9,0,18,0,8,5,0,6,6,4,1,2,1,25,5,1600,1,18,10,1,10
2018450283306,2,9,0,18,0,1,2,0,1,0,4,1,5,1,47,8,1598,2,5,6,3,6
2018450283324,1,9,0,9,0,8,0,0,0,0,1,1,5,2,49,8,1794,1,13,7,3,7
2018450283324,2,1,0,13,0,1,0,0,0,0,2,1,5,2,56,9,-1,-1,-1,10,1,10
2018450283329,1,9,0,4,0,8,0,0,0,0,2,1,5,1,21,5,2191,2,2,9,2,9
2018450283329,2,19,0,4,0,8,0,0,0,0,1,1,1,1,42,7,1560,2,1,10,1,10
2018450283386,1,9,0,18,0,0,0,0,7,9,3,1,6,3,50,8,1951,2,16,-1,-1,-1
2018450283416,1,9,0,18,0,0,0,0,0,0,1,1,6,3,50,8,-1,-1,-1,-1,-1,-1
2018450283542,1,9,0,9,0,8,0,0,0,0,4,1,5,2,42,7,1596,1,15,6,1,6
2018450283542,2,9,0,18,0,1,0,0,0,0,1,1,5,1,28,6,2143,2,1,9,1,9
2018450283542,3,9,0,4,0,1,0,0,0,0,3,1,1,2,53,8,1598,2,2,10,2,10
2018450283604,1,9,0,18,0,1,0,0,0,0,4,1,6,2,45,7,1999,2,1,8,3,8
2018450283604,2,1,0,18,0,1,0,0,0,0,1,1,6,1,50,8,-1,-1,-1,10,1,10
2018450283639,1,9,0,7,0,0,0,0,0,0,3,1,2,1,30,6,1968,2,8,7,-1,7
2018450283639,2,17,0,18,0,0,0,0,0,0,1,1,6,3,50,8,-1,-1,-1,-1,-1,-1
2018450283703,1,21,1,12,0,0,0,0,0,0,4,1,1,1,43,7,-1,-1,-1,-1,-1,-1
2018450283703,2,9,0,18,0,0,1,0,0,0,2,1,5,2,42,7,1397,1,8,6,1,6
2018450283759,1,9,0,18,0,1,0,0,1,0,3,1,5,2,48,8,1597,2,1,9,1,9
2018450283759,2,19,0,5,0,6,0,0,0,0,1,1,1,1,20,4,1598,2,3,6,1,6
2018450283760,1,9,0,18,0,0,0,0,5,6,1,1,5,2,57,9,1198,1,3,8,2,8
2018450283786,1,9,0,16,0,3,0,0,1,2,1,1,6,1,26,6,1995,2,2,4,1,4
2018450283786,2,9,0,18,0,8,0,0,0,0,0,1,1,1,32,6,2993,2,3,8,1,8
2018450283821,1,1,0,18,0,0,0,0,0,0,2,1,6,1,56,9,-1,-1,-1,10,1,10
2018450283821,2,9,0,13,0,0,0,0,0,0,1,1,6,1,51,8,1969,2,1,10,1,10
2018450283837,1,9,0,18,0,0,5,0,0,0,1,1,5,2,56,9,1395,1,1,10,3,10
2018450283884,1,1,0,17,0,0,2,0,0,0,3,1,5,1,41,7,-1,-1,-1,8,1,8
2018450283928,1,1,0,18,9,0,0,0,0,0,1,1,6,1,15,3,-1,-1,-1,-1,-1,-1
2018450283974,1,9,0,5,0,1,0,0,0,0,1,1,2,1,53,8,4367,2,8,9,1,9
2018450283974,2,9,0,4,0,8,0,0,0,0,1,1,5,2,49,8,1499,2,1,9,1,9
2018450284058,1,9,0,12,0,8,0,0,0,0,3,1,5,1,70,10,1598,1,4,10,1,10
2018450284058,2,19,0,17,0,8,0,0,0,0,1,1,1,1,52,8,-1,-1,-1,2,1,2
2018450284059,1,9,0,7,0,2,0,0,0,0,0,1,5,1,80,11,1598,1,16,6,2,6
2018450284059,2,1,0,17,0,1,5,0,0,0,0,1,5,2,70,10,-1,-1,-1,5,1,5
2018450284159,1,1,0,18,0,0,0,0,0,0,3,1,2,1,46,8,-1,-1,-1,8,3,8
2018450284159,2,9,0,18,0,0,0,0,0,0,3,1,6,1,50,8,-1,-1,-1,-1,-1,-1
2018450284191,1,9,0,4,0,0,0,0,0,0,2,1,5,1,31,6,1995,2,8,10,1,10
2018450284191,2,9,0,18,0,0,0,0,0,0,1,1,6,2,28,6,-1,-1,-1,3,1,3
2018450284218,1,3,0,14,0,8,0,0,0,0,1,1,6,1,32,6,125,1,3,8,1,8
2018450284218,2,9,0,9,0,6,0,0,0,0,3,1,6,2,50,8,1240,1,9,6,1,6
2018450284226,1,9,0,3,0,1,0,0,0,0,2,1,6,1,41,7,1242,1,7,6,1,6
2018450284226,2,9,0,18,0,1,0,0,0,0,1,1,6,1,69,10,1598,1,3,9,2,9
2018450284302,1,9,0,4,0,8,0,0,0,0,1,1,6,2,17,4,1598,1,13,9,1,9
2018450284302,2,9,0,18,0,8,0,0,0,0,4,1,6,1,31,6,1560,2,13,10,1,10
2018450284396,1,90,5,14,0,0,0,2,0,0,1,1,2,1,26,6,-1,2,20,7,3,7
2018450284396,2,21,0,2,0,0,0,0,0,0,0,1,1,1,52,8,-1,-1,-1,2,1,2
2018450284396,3,19,0,2,0,0,0,0,0,0,2,1,1,1,35,6,2287,2,1,2,1,2
2018450284396,4,11,0,4,0,0,0,0,1,0,1,1,1,1,62,9,4500,2,9,2,1,2
2018450284411,1,1,0,14,0,8,1,0,0,0,4,1,5,1,57,9,-1,-1,-1,10,3,10
2018450284411,2,9,0,9,0,8,0,0,0,0,1,1,5,1,68,10,1364,1,10,9,1,9
2018450284435,1,9,0,10,0,4,0,0,0,0,1,1,5,2,38,7,1950,2,2,10,1,10
2018450284435,2,9,0,18,0,4,0,0,0,0,4,1,5,1,86,11,1299,1,16,10,1,10
2018450284438,1,9,0,18,0,1,0,0,0,0,4,1,6,1,20,4,2143,2,3,7,2,7
2018450284439,1,9,0,16,0,0,1,0,2,7,4,1,5,1,46,8,1799,1,18,4,1,4
2018450284450,1,9,0,16,0,0,0,10,7,2,1,1,1,1,40,7,1995,2,6,8,1,8
2018450284456,1,19,0,3,0,1,0,0,0,0,2,1,1,1,45,7,2143,2,5,4,1,4
2018450284456,2,9,0,18,0,2,0,0,0,0,2,1,5,1,62,9,-1,-1,-1,2,1,2
2018450284456,3,8,0,18,0,2,0,0,0,0,1,1,1,1,41,7,2143,2,2,2,1,2
2018450284461,1,9,0,18,0,1,0,0,0,0,1,1,5,1,78,11,1781,1,24,10,1,10
2018450284461,2,9,0,3,0,1,0,0,0,0,2,1,5,2,68,10,1991,2,7,10,1,10
2018450284461,3,9,0,3,0,1,0,0,0,0,2,1,5,1,56,9,1499,1,-1,10,1,10
2018450284461,4,9,0,3,0,1,0,0,0,0,1,1,5,2,39,7,999,1,4,6,1,6
2018450284462,1,1,0,18,0,1,2,0,0,0,4,1,5,2,40,7,-1,-1,-1,8,1,8
2018450284462,2,1,0,4,0,1,0,0,0,0,0,1,5,1,38,7,-1,-1,-1,2,1,2
2018450284465,1,9,0,7,0,6,0,0,7,11,1,1,5,1,89,11,2143,2,6,9,1,9
2018450284468,1,5,0,18,0,0,2,0,0,0,4,1,5,1,48,8,1050,1,4,10,1,10
2018450284475,1,9,0,18,0,1,0,0,0,0,1,1,5,2,37,7,1598,2,3,10,1,10
2018450284475,2,9,0,10,0,8,0,0,0,0,2,1,5,2,21,5,1229,1,6,9,1,9
2018450284483,1,9,0,7,0,1,0,0,0,0,1,1,6,3,33,6,-1,-1,-1,-1,-1,-1
2018450284483,2,3,0,10,0,8,0,0,0,0,3,1,5,1,18,4,124,1,8,4,1,4
2018450284484,1,9,0,4,0,1,0,0,0,0,2,1,5,2,77,11,1339,1,6,10,1,10
2018450284484,2,9,0,18,0,1,1,0,0,0,1,1,2,1,18,4,1364,1,8,10,1,10
2018450284486,1,1,0,18,0,0,0,0,0,0,3,1,5,1,69,10,-1,-1,-1,5,1,5
2018450284486,2,3,0,18,0,0,0,0,0,0,4,1,6,1,35,6,110,1,10,3,1,3
2018450284491,1,9,0,5,9,0,1,0,0,0,1,2,6,1,20,4,1997,2,13,-1,-1,-1
2018450284547,1,3,0,18,0,1,2,0,0,0,1,1,5,1,18,4,123,1,2,5,1,5
2018450284547,2,9,0,2,0,1,0,0,0,0,0,1,6,2,59,9,1998,1,10,9,1,9
2018450284547,3,9,0,2,0,1,0,0,0,0,3,1,6,2,38,7,1999,2,-1,9,-1,9
2018450284548,1,9,0,4,0,1,0,0,0,0,1,1,5,2,35,6,1686,2,6,3,1,3
2018450284548,2,9,0,4,0,1,0,0,0,0,2,1,2,2,22,5,1242,1,1,3,1,3
2018450284548,3,9,0,4,0,1,0,0,0,0,2,1,2,1,28,6,1896,2,16,10,1,10
2018450284549,1,9,0,9,0,8,0,0,0,0,3,1,2,2,46,8,1994,1,15,9,3,9
2018450284549,2,3,0,18,0,8,1,0,0,0,3,1,5,1,17,4,125,1,1,7,1,7
2018450284550,1,9,0,4,0,0,0,0,0,0,0,1,1,2,32,6,1995,2,-1,5,1,5
2018450284550,2,19,0,18,0,0,0,0,0,0,0,1,1,1,31,6,1968,2,2,9,3,9
2018450284550,3,9,0,18,0,0,5,0,1,4,1,1,5,1,57,9,1975,1,12,9,1,9
2018450284550,4,19,0,18,0,0,0,0,0,0,0,1,1,1,47,8,1997,2,1,10,1,10
2018450284551,1,9,0,10,0,5,0,0,0,0,4,1,2,1,31,6,1598,1,11,7,1,7
2018450284551,2,9,0,3,0,1,0,0,1,0,2,1,5,2,18,4,1124,1,15,4,1,4
2018450284551,3,9,0,18,0,1,0,0,0,0,1,1,2,2,45,7,1198,1,9,8,3,8
2018450284553,1,9,0,4,0,1,1,0,0,0,4,1,5,1,20,4,2261,1,10,10,1,10
2018450284560,1,90,0,18,9,0,0,0,1,0,1,1,6,3,33,6,-1,-1,-1,-1,-1,-1
2018450284796,1,19,0,12,0,0,0,0,0,0,1,1,6,3,40,7,-1,-1,-1,-1,-1,-1
2018450284796,2,9,0,18,0,0,0,0,0,0,4,1,5,2,53,8,1968,2,-1,9,1,9
2018450284796,3,21,1,18,0,0,0,0,0,0,1,2,1,1,36,7,-1,-1,-1,-1,-1,-1
2018450284847,1,9,0,3,0,1,0,0,0,0,2,1,5,1,31,6,1339,1,9,8,1,8
2018450284847,2,9,0,18,0,1,0,0,0,0,1,1,6,1,36,7,-1,-1,-1,-1,-1,-1
2018450284881,1,19,0,16,0,0,0,0,0,0,3,1,2,1,37,7,2402,2,8,3,1,3
2018450284881,2,9,0,17,0,0,0,1,0,0,3,1,5,2,65,9,1364,1,9,6,1,6
2018450284882,1,9,0,2,0,0,0,0,0,0,0,1,6,3,-1,-1,-1,-1,-1,-1,-1,-1
2018450284883,1,9,0,17,0,0,0,0,0,0,1,1,6,3,40,7,-1,-1,-1,-1,-1,-1
2018450284885,1,9,0,18,0,1,1,0,0,0,1,1,6,1,36,7,1396,1,17,6,1,6
2018450284885,2,9,0,18,0,8,0,0,1,2,3,1,1,1,30,6,1998,2,9,5,1,5
2018450284886,1,9,0,11,0,0,1,0,5,6,1,1,5,2,29,6,1560,2,12,7,1,7
2018450284894,1,9,0,18,0,1,0,0,0,0,1,1,5,2,20,4,1200,1,1,6,1,6
2018450284988,1,21,0,1,0,0,0,0,0,0,0,1,5,3,50,8,2198,2,4,-1,-1,-1
2018450284988,2,9,0,3,0,0,0,0,0,0,0,1,5,3,50,8,2993,2,4,-1,-1,-1
2018450285040,1,9,0,3,0,0,0,0,0,0,1,1,6,1,30,6,1496,2,2,4,1,4
2018450285040,2,1,0,13,0,0,0,0,0,0,1,1,6,2,10,2,-1,-1,-1,-1,-1,-1
2018450285163,1,19,0,18,0,1,0,0,0,0,1,1,1,1,64,9,2287,2,6,7,2,7
2018450285163,2,9,0,9,0,8,0,0,0,0,1,1,3,2,30,6,1248,1,9,9,3,9
2018450285180,1,9,0,18,0,1,0,0,0,0,1,1,5,2,91,11,998,1,16,7,3,7
2018450285180,2,19,0,10,0,8,0,0,0,0,4,1,1,1,34,6,1598,2,3,3,1,3
2018450285235,1,9,0,17,0,0,1,0,1,4,1,1,5,1,20,4,1242,1,14,9,2,9
2018450285286,1,19,0,9,0,8,0,0,0,0,4,1,1,1,39,7,1995,2,11,3,1,3
2018450285286,2,5,0,18,0,1,1,0,0,0,1,1,5,1,25,5,998,1,11,5,1,5
2018450285287,1,9,0,17,0,1,0,0,0,0,1,1,1,2,51,8,1386,1,8,9,2,9
2018450285287,2,9,0,18,0,8,0,0,0,0,1,1,5,1,39,7,1560,2,2,4,2,4
2018450285308,1,9,0,9,0,8,1,0,1,0,4,1,2,1,20,4,1299,1,13,4,1,4
2018450285308,2,19,0,18,9,8,1,7,1,1,1,1,1,1,38,7,2143,2,4,4,1,4
2018450285689,1,9,0,18,0,0,0,0,0,0,1,1,1,1,29,6,-1,-1,-1,4,1,4
2018450285689,2,19,0,18,0,0,0,0,0,0,1,1,1,1,28,6,1598,2,2,7,1,7
2018450286134,1,9,0,13,0,0,1,7,0,0,4,1,6,1,18,4,1149,1,13,8,1,8
2018450286134,2,21,1,15,0,0,0,0,0,0,3,1,6,3,50,8,-1,-1,-1,-1,-1,-1
2018450286797,1,1,0,18,0,0,0,0,0,0,1,1,6,1,13,3,-1,-1,-1,8,1,8
2018450286797,2,9,0,18,0,0,0,0,0,0,1,1,6,1,-1,-1,1461,2,5,10,2,10
2018450286868,1,9,0,5,0,4,0,0,0,0,0,1,2,1,40,7,2597,1,16,9,2,9
2018450286868,2,9,0,5,0,3,0,0,0,0,2,1,2,1,51,8,-1,-1,-1,9,1,9
2018450287156,1,1,0,18,0,1,1,0,0,0,2,1,6,1,39,7,-1,-1,-1,8,1,8
2018450287156,2,1,0,18,0,1,1,0,0,0,2,1,6,1,33,6,-1,-1,-1,9,1,9
2018450287156,3,9,0,7,0,1,0,0,0,0,0,1,5,1,68,10,1999,2,1,10,1,10
2018450287218,1,9,0,4,0,0,0,0,0,0,2,1,6,2,49,8,998,1,5,9,1,9
2018450287218,2,9,0,18,0,0,0,0,0,0,1,1,6,3,40,7,1910,2,12,-1,-1,-1
2018450287485,2,9,0,18,0,8,0,0,0,0,1,1,6,1,52,8,1200,1,2,9,1,9
2018450287783,1,1,0,18,0,0,0,0,0,0,1,1,6,1,30,6,-1,-1,-1,3,1,3
2018450287783,2,9,0,5,0,0,0,0,0,0,1,1,6,2,39,7,1242,1,5,9,1,9
2018450287807,1,1,0,18,0,0,0,0,0,0,1,1,6,1,25,5,-1,-1,-1,5,1,5
2018450287807,2,9,0,18,0,0,0,0,0,0,1,1,6,1,35,6,999,1,-1,-1,-1,-1
2018450287826,1,9,0,18,0,0,0,0,0,0,1,1,6,2,73,10,1400,1,11,4,1,4
2018450287826,2,1,0,18,0,0,0,0,0,0,1,1,6,1,44,7,-1,-1,-1,10,1,10
2018450287835,1,9,0,18,0,0,0,0,0,0,1,1,6,2,43,7,1197,1,2,4,1,4
2018450287835,2,1,0,18,0,0,0,0,0,0,1,1,6,1,10,2,-1,-1,-1,7,1,7
2018450287844,1,9,0,18,0,1,0,0,0,0,1,1,6,1,62,9,2324,1,15,7,1,7
2018450287844,2,1,0,18,0,1,0,0,0,0,2,1,6,1,33,6,-1,-1,-1,-1,-1,-1
2018450287848,1,9,0,18,0,0,0,0,0,0,1,1,6,1,34,6,2499,1,13,6,1,6
2018450287848,2,5,0,18,0,0,0,0,0,0,2,1,6,1,30,6,279,1,2,5,1,5
2018450287862,1,9,0,1,0,0,0,0,0,0,2,1,6,2,-1,-1,1149,1,5,5,1,5