Accident_Index,Vehicle_Reference,Vehicle_Type,Towing_and_Articulation,Vehicle_Manoeuvre,Vehicle_Location-Restricted_Lane,Junction_Location,Skidding_and_Overturning,Hit_Object_in_Carriageway,Vehicle_Leaving_Carriageway,Hit_Object_off_Carriageway,1st_Point_of_Impact,Was_Vehicle_Left_Hand_Drive?,Journey_Purpose_of_Driver,Sex_of_Driver,Age_of_Driver,Age_Band_of_Driver,Engine_Capacity_(CC),Propulsion_Code,Age_of_Vehicle,Driver_IMD_Decile,Driver_Home_Area_Type,Vehicle_IMD_Decile
2018450287910,1,9,0,9,0,5,0,0,0,0,4,1,6,1,48,8,1995,1,6,9,1,9
2018450287910,2,1,0,18,0,8,0,0,0,0,1,1,6,1,69,10,-1,-1,-1,9,1,9
2018450288221,1,9,0,18,0,0,0,0,0,0,2,1,6,1,43,7,-1,-1,-1,10,1,10
2018450288221,2,9,0,18,0,0,0,0,0,0,1,1,6,1,-1,-1,4799,1,12,6,1,6
2018450288263,1,9,0,18,0,0,0,0,0,0,2,1,1,1,40,7,2967,2,8,10,1,10
2018450288263,2,9,0,18,0,0,0,0,0,0,1,1,6,3,-1,-1,-1,-1,-1,-1,-1,-1
2018450288286,1,3,0,18,0,0,0,0,0,0,3,1,6,1,28,6,124,1,2,8,1,8
2018450288299,1,9,0,18,0,0,0,0,0,0,1,1,6,2,43,7,1364,1,9,7,3,7
2018450288299,2,9,0,18,0,0,0,0,0,0,1,1,6,3,45,7,2696,2,4,6,3,6
2018450288658,1,9,0,18,0,0,0,0,0,0,1,1,6,2,46,8,-1,-1,-1,10,1,10
2018450288658,2,9,0,18,0,0,0,0,0,0,1,1,6,1,42,7,1598,2,3,8,2,8
2018450288727,1,9,0,9,0,8,0,0,0,0,4,1,5,1,33,6,-1,-1,-1,10,3,10
2018450288727,2,9,0,18,0,8,0,0,0,0,1,1,5,1,67,10,1329,1,8,10,1,10
2018450288730,1,9,0,10,0,0,0,0,0,0,2,1,5,1,67,10,2143,2,7,10,2,10
2018450288730,2,9,0,4,0,0,0,0,0,0,2,1,5,2,19,4,1229,1,8,7,3,7
2018450288730,3,9,0,18,0,0,5,0,0,0,1,1,6,1,24,5,1560,2,10,8,1,8
2018450288730,4,9,0,18,0,0,0,0,0,0,3,1,1,1,46,8,1499,2,2,8,3,8
2018450288732,1,9,0,18,0,1,0,0,0,0,3,1,6,2,54,8,1560,2,3,8,1,8
2018450288732,2,9,0,18,0,1,0,0,0,0,1,1,5,2,35,6,1910,2,12,4,1,4
2018450288733,1,9,0,18,0,1,0,0,0,0,3,1,5,1,46,8,1997,2,5,3,-1,3
2018450288733,2,9,0,9,0,2,0,0,0,0,1,1,6,1,21,5,1595,1,13,10,1,10
2018450288737,1,9,0,5,0,6,0,0,0,0,1,1,5,1,64,9,2993,2,2,10,1,10
2018450288739,1,9,0,11,0,0,0,0,0,0,4,1,5,1,60,9,1248,2,7,2,3,2
2018450288739,2,4,0,13,0,0,2,0,0,0,3,1,6,1,28,6,471,1,4,7,2,7
2018450288741,1,9,0,18,0,0,2,0,2,7,3,1,2,2,50,8,996,1,5,8,1,8
2018450288741,2,9,0,11,0,0,0,0,0,0,4,1,2,1,58,9,1995,2,3,7,1,7
2018450288742,1,9,0,12,0,4,0,0,0,0,3,2,5,1,18,4,1995,2,6,9,1,9
2018450288742,2,3,0,15,0,4,0,0,0,0,4,1,2,1,36,7,124,1,8,9,1,9
2018450288743,1,9,0,12,0,0,0,0,0,0,1,1,5,2,22,5,1598,1,13,4,1,4
2018450288743,2,9,0,18,0,0,0,0,0,0,4,1,5,2,58,9,2497,2,12,9,1,9
2018450288746,1,9,0,9,0,0,0,0,0,0,4,1,5,2,88,11,898,1,1,9,1,9
2018450288746,2,9,0,18,0,0,0,0,0,0,3,1,5,2,71,10,1197,1,2,10,1,10
2018450288747,1,9,0,9,0,2,0,0,0,0,3,1,2,2,19,4,1598,1,9,9,1,9
2018450288747,2,9,0,18,0,1,0,0,0,0,1,1,5,1,24,5,1598,1,4,10,1,10
2018450288750,1,19,0,7,8,6,0,0,0,0,1,1,1,1,42,7,2402,2,13,2,1,2
2018450288750,2,9,0,18,0,1,0,0,0,0,4,1,5,1,78,11,1900,2,13,6,1,6
2018450288750,3,9,0,18,0,1,0,0,0,0,1,1,5,2,34,6,1986,2,11,9,1,9
2018450288752,1,9,0,12,0,0,0,4,0,0,1,1,5,1,67,10,1995,2,15,10,1,10
2018450288752,2,19,0,2,0,0,0,0,0,0,2,1,6,1,57,9,2198,2,9,7,2,7
2018450288756,1,9,0,2,0,0,0,0,0,0,0,1,6,3,28,6,1910,2,12,-1,-1,-1
2018450288757,1,9,0,18,0,1,0,4,0,0,3,1,5,2,59,9,1598,1,10,10,1,10
2018450288757,2,9,0,2,0,8,0,0,1,0,4,1,6,3,-1,-1,-1,-1,-1,-1,-1,-1
2018450288763,1,9,0,9,0,1,0,0,0,0,1,1,2,2,53,8,998,1,4,8,1,8
2018450288763,2,1,0,7,0,1,0,0,0,0,1,1,6,1,61,9,-1,-1,-1,8,1,8
2018450288768,1,21,0,2,0,0,0,0,0,0,2,1,1,1,38,7,7790,2,6,7,1,7
2018450288768,2,9,0,18,0,0,0,0,0,0,1,1,2,1,67,10,1598,2,5,10,1,10
2018450288771,1,9,0,3,0,4,0,0,0,0,4,1,5,2,31,6,1124,1,18,2,1,2
2018450288771,2,9,0,16,0,4,0,0,0,0,1,1,5,2,37,7,1598,1,5,8,1,8
2018450288774,1,9,0,18,0,0,0,0,1,4,4,1,5,2,23,5,1598,1,12,9,1,9
2018450288774,2,9,0,18,0,0,0,0,0,0,1,1,6,3,45,7,-1,-1,-1,-1,-1,-1
2018450288786,1,9,0,12,0,0,5,0,0,0,1,1,5,1,75,10,5998,1,4,9,2,9
2018450288786,2,17,0,18,0,0,0,0,0,0,3,1,1,1,23,5,6056,2,1,6,3,6
2018450288788,1,19,0,18,0,0,0,0,0,0,1,1,1,1,25,5,1995,2,1,8,1,8
2018450288788,2,9,0,18,0,0,0,0,0,0,2,1,2,1,43,7,2148,2,9,3,1,3
2018450288788,3,9,0,18,0,0,0,0,0,0,1,1,5,1,34,6,1995,2,2,3,1,3
2018450288788,4,9,0,18,0,0,0,0,0,0,2,1,5,2,34,6,1685,2,3,8,1,8
2018450288797,1,9,0,12,0,0,0,0,0,0,3,1,2,2,54,8,1461,2,12,8,1,8
2018450288797,2,4,0,18,0,0,5,0,5,0,3,1,2,1,53,8,125,1,2,8,1,8
2018450288803,1,22,0,18,0,0,5,10,0,0,1,1,5,1,72,10,-1,-1,-1,5,3,5
2018450288805,1,21,1,18,0,0,0,0,0,0,3,2,1,1,42,7,-1,-1,-1,-1,-1,-1
2018450288805,2,9,0,18,0,0,0,0,0,0,4,1,2,1,37,7,1895,1,18,7,1,7
2018450288806,1,9,0,5,0,6,0,0,0,0,1,1,2,1,51,8,2143,2,3,5,1,5
2018450288806,2,9,0,18,0,1,0,0,0,0,1,1,2,2,28,6,898,1,3,8,1,8
2018450288809,1,9,0,9,0,8,0,0,0,0,4,1,5,2,65,9,1596,1,15,8,1,8
2018450288809,2,4,0,18,0,8,5,0,0,0,1,1,5,1,36,7,748,1,6,9,1,9
2018450288811,1,9,0,11,0,3,0,0,0,0,1,1,5,1,29,6,2720,2,13,6,1,6
2018450288811,2,1,0,18,0,1,0,0,0,0,1,1,6,1,65,9,-1,-1,-1,10,1,10
2018450288814,1,19,0,18,0,0,1,4,1,11,3,1,6,1,21,5,1560,2,5,9,1,9
2018450288814,2,9,0,2,0,0,0,0,0,0,1,1,6,3,-1,-1,-1,-1,-1,-1,-1,-1
2018450288814,3,9,0,2,0,0,0,0,0,0,2,1,6,3,-1,-1,-1,-1,-1,-1,-1,-1
2018450288816,1,9,0,18,0,0,1,10,1,11,1,1,5,1,25,5,1998,1,1,10,3,10
2018450288825,1,4,0,18,0,1,0,0,0,0,1,1,5,1,25,5,847,1,1,5,2,5
2018450288825,2,9,0,9,0,1,0,0,0,0,1,1,5,2,67,10,1199,2,5,10,2,10
2018450288827,1,9,0,9,0,1,0,0,0,0,1,1,5,2,57,9,1910,2,12,10,1,10
2018450288827,2,1,0,18,0,6,0,0,0,0,1,1,5,1,15,3,-1,-1,-1,10,1,10
2018450288830,1,9,0,18,0,0,0,0,0,0,1,1,5,1,38,7,1240,1,15,5,1,5
2018450288830,2,9,0,4,0,0,0,0,0,0,2,1,5,2,78,11,1598,2,1,-1,-1,-1
2018450288831,1,3,0,18,0,0,0,0,1,0,1,1,2,1,22,5,124,1,11,10,2,10
2018450288835,1,9,0,5,0,0,0,0,1,0,3,1,5,2,32,6,1149,1,10,8,1,8
2018450288835,2,21,0,18,0,0,0,0,0,0,2,1,6,3,45,7,-1,-1,-1,-1,-1,-1
2018450288839,1,4,0,17,0,0,2,0,7,6,4,1,5,1,30,6,999,1,6,1,1,1
2018450288843,1,9,0,18,0,1,0,0,0,0,1,1,2,1,74,10,1587,1,8,10,1,10
2018450288845,1,9,0,18,0,0,0,0,0,0,1,1,2,2,28,6,1995,2,5,5,1,5
2018450288845,2,9,0,4,0,0,0,0,5,0,2,1,1,1,40,7,2143,2,3,8,1,8
2018450288847,1,9,0,9,0,8,0,0,0,0,3,1,5,2,28,6,1388,1,13,3,1,3
2018450288847,2,9,0,18,0,8,0,0,0,0,1,1,6,1,33,6,1591,1,1,5,1,5
2018450288848,1,9,0,4,0,2,0,0,0,0,2,1,5,1,22,5,2720,2,11,9,1,9
2018450288848,2,9,0,18,0,2,0,0,0,0,1,1,5,2,69,10,1599,1,9,9,1,9
2018450288851,1,9,0,18,0,0,0,0,0,0,3,1,1,1,39,7,2993,2,1,4,2,4
2018450288851,2,19,0,2,0,0,0,0,0,0,0,1,6,3,-1,-1,-1,-1,-1,-1,-1,-1
2018450288852,1,1,0,18,0,0,2,0,0,0,4,1,5,1,29,6,-1,-1,-1,9,1,9
2018450288855,1,9,0,17,0,2,0,0,1,11,4,1,5,1,24,5,1388,1,11,6,1,6
2018450288857,1,9,0,9,0,3,0,7,0,0,1,1,5,2,20,4,1595,1,13,7,1,7
2018450288859,1,9,0,18,0,0,0,0,0,0,1,1,5,1,86,11,1396,1,15,5,3,5
2018450288859,2,9,0,18,0,0,0,0,1,4,1,1,5,2,23,5,2993,2,2,10,1,10
2018450288861,1,5,0,13,0,0,5,0,7,4,1,1,5,2,46,8,599,1,11,8,1,8
2018450288861,2,9,0,18,0,0,0,0,0,0,0,1,5,2,58,9,998,1,3,4,1,4
2018450288867,1,9,0,9,0,8,0,0,7,0,3,1,6,2,52,8,998,1,1,10,1,10
2018450288867,2,19,0,18,0,1,0,0,4,10,4,1,1,1,68,10,2494,2,12,5,1,5
2018450288869,1,9,0,18,0,0,5,4,0,0,3,2,5,2,41,7,1395,1,1,10,1,10
2018450288869,2,9,0,2,0,0,0,0,0,0,3,1,6,2,45,7,1798,2,7,7,1,7
2018450288869,3,9,0,2,0,0,0,4,0,0,3,1,6,1,45,7,1968,2,5,7,1,7
2018450288869,4,9,0,2,0,0,0,0,0,0,1,1,6,2,45,7,1997,1,4,7,1,7
2018450288872,1,9,0,18,0,0,1,4,0,0,3,1,5,1,29,6,-1,-1,-1,7,1,7
2018450288872,2,9,0,2,6,0,0,4,1,0,2,1,6,3,44,7,1364,1,9,-1,-1,-1
2018450288872,3,9,0,2,6,0,0,0,1,0,2,1,6,3,45,7,1198,1,8,9,1,9
2018450288872,4,9,0,12,0,0,0,0,0,0,0,1,6,3,45,7,-1,-1,-1,-1,-1,-1
2018450288874,1,9,0,13,0,0,0,0,7,0,1,1,2,1,38,7,-1,-1,-1,4,2,4
2018450288874,2,9,0,18,0,0,0,0,0,0,1,1,5,2,59,9,1995,1,7,7,2,7
2018450288876,1,5,0,8,0,1,0,0,0,0,1,1,2,1,56,9,1170,1,10,9,1,9
2018450288876,2,9,0,18,0,3,0,0,0,0,2,1,2,2,49,8,996,1,6,7,1,7
2018450288879,1,4,0,18,0,1,5,0,0,0,1,1,5,1,22,5,50,1,1,8,1,8
2018450288879,2,9,0,18,0,1,0,0,0,0,1,1,6,2,67,10,1339,1,11,10,1,10
2018450288882,1,9,0,10,0,2,0,0,0,0,1,1,5,2,32,6,1390,1,10,10,1,10
2018450288882,2,3,0,13,0,1,0,0,0,0,1,1,5,1,19,4,125,1,1,6,1,6
2018450288889,1,9,0,6,0,5,0,0,0,0,3,1,5,1,80,11,1598,1,5,9,1,9
2018450288889,2,5,0,14,0,1,0,0,0,0,1,1,5,1,49,8,999,1,7,8,1,8
2018450288890,1,9,0,18,0,0,0,0,0,0,1,1,6,1,35,6,1984,1,18,8,3,8
2018450288893,1,5,0,18,0,0,1,0,0,0,0,1,2,1,50,8,599,1,10,9,1,9
2018450288893,2,9,0,11,0,0,0,0,0,0,0,1,2,1,32,6,1598,1,14,4,1,4
2018450288893,3,11,0,18,0,0,0,0,0,0,0,1,3,1,25,5,5900,2,16,6,2,6
2018450288895,1,9,0,18,0,0,0,0,0,0,4,1,6,3,33,6,-1,-1,-1,-1,-1,-1
2018450288895,2,1,0,18,0,0,5,0,0,0,2,1,5,1,12,3,-1,-1,-1,8,1,8
2018450288898,1,4,0,4,0,4,0,0,0,0,2,1,2,1,56,9,1170,1,12,9,1,9
2018450288898,2,9,0,3,0,4,0,0,0,0,1,1,2,2,33,6,1422,2,16,5,3,5
2018450288904,1,9,0,18,0,0,0,0,0,0,2,1,5,1,48,8,2987,2,1,10,1,10
2018450288904,2,9,0,18,0,0,0,0,0,0,2,1,5,1,60,9,1984,1,1,6,3,6
2018450288904,3,9,0,18,0,0,0,0,0,0,1,1,5,2,88,11,1240,1,10,7,1,7
2018450288908,1,9,0,18,0,0,0,0,0,0,3,1,5,2,25,5,1560,2,8,10,1,10
2018450288908,2,9,0,2,0,0,0,0,0,0,3,1,5,1,75,10,2143,2,5,10,1,10
2018450288913,1,9,0,18,0,0,0,0,0,0,1,1,5,2,29,6,1598,1,7,10,3,10
2018450288913,2,9,0,9,0,0,0,0,0,0,2,1,5,2,47,8,2198,2,3,7,1,7
2018450288916,1,1,0,18,0,0,0,0,1,0,1,1,6,1,57,9,-1,-1,-1,4,1,4
2018450288926,1,20,0,18,0,0,0,0,0,0,1,1,6,1,24,5,-1,-1,-1,6,3,6
2018450288930,1,9,0,18,0,3,0,0,0,0,3,1,6,3,30,6,-1,-1,-1,-1,-1,-1
2018450288930,2,1,0,18,0,1,0,0,0,0,3,1,6,1,37,7,-1,-1,-1,5,1,5
2018450288932,1,9,0,18,0,0,1,0,8,4,1,1,5,1,17,4,1197,1,3,10,1,10
2018450288937,1,9,0,18,0,0,0,0,0,0,1,1,2,1,22,5,1390,1,9,10,1,10
2018450288937,2,8,0,4,0,0,0,0,0,0,2,1,1,1,64,9,2143,2,3,10,2,10
2018450288939,1,21,0,18,0,0,0,0,0,0,3,2,1,1,39,7,-1,-1,-1,-1,-1,-1
2018450288939,2,9,0,18,0,0,1,0,1,0,4,1,2,2,47,8,-1,-1,-1,9,1,9
2018450288941,1,9,0,18,0,0,5,4,0,0,1,1,5,1,87,11,1699,1,9,7,1,7
2018450288941,2,9,0,2,0,0,0,0,0,0,3,1,6,2,33,6,1968,2,10,9,-1,9
2018450288941,3,9,0,2,0,0,0,4,0,0,1,1,6,2,33,6,1560,2,5,10,1,10
2018450288946,1,1,0,11,0,3,0,0,0,0,4,1,2,1,32,6,-1,-1,-1,8,2,8
2018450288946,2,9,0,7,0,1,0,0,0,0,4,1,6,1,24,5,1591,1,11,10,1,10
2018450288949,1,9,0,9,0,6,0,0,0,0,1,1,5,2,17,4,1248,2,10,10,1,10
2018450288949,2,9,0,18,0,1,0,0,0,0,1,1,2,2,40,7,1598,2,4,10,1,10
2018450288954,1,9,0,18,0,0,0,0,0,0,1,1,5,2,21,5,1598,2,7,7,2,7
2018450288954,2,9,0,18,0,0,0,0,0,0,2,1,5,1,36,7,1968,2,1,1,1,1
2018450288954,3,9,0,18,0,0,5,0,0,0,2,1,1,1,51,8,1368,1,2,7,1,7
2018450288955,1,5,0,18,0,1,1,0,0,0,1,1,1,1,44,7,599,1,8,8,1,8
2018450288955,2,9,0,3,0,1,0,0,0,0,4,1,1,1,44,7,2993,2,7,9,3,9
2018450288959,1,9,0,18,0,0,0,0,0,0,3,1,5,2,54,8,1498,1,9,10,1,10
2018450288959,2,90,0,2,0,0,0,0,0,0,0,1,1,1,62,9,7201,2,5,8,1,8
2018450288960,1,9,0,18,0,0,0,0,0,0,3,1,5,2,54,8,1498,1,9,10,1,10
2018450288960,2,90,0,2,0,0,0,0,0,0,0,1,1,1,62,9,7201,2,5,-1,-1,-1
2018450288962,1,16,0,3,0,0,0,0,0,0,0,1,5,2,53,8,-1,-1,-1,9,3,9
2018450288962,2,3,0,18,0,0,0,0,0,0,0,1,6,3,30,6,-1,-1,-1,-1,-1,-1
2018450288964,1,9,0,7,0,6,0,0,0,0,1,1,5,2,89,11,1390,1,5,9,1,9
2018450288964,2,9,0,9,0,2,0,0,0,0,4,1,5,2,64,9,1997,1,5,10,1,10
2018450288967,1,2,0,18,0,0,0,0,0,0,1,1,5,1,18,4,125,1,2,10,1,10
2018450288967,2,9,0,3,0,0,0,0,0,0,2,1,5,2,54,8,1399,1,1,10,1,10
2018450288970,1,9,0,7,9,0,0,0,0,0,1,1,2,2,25,5,1329,1,5,10,1,10
2018450288975,1,9,0,18,0,0,0,0,0,0,1,1,1,1,35,6,-1,-1,-1,8,3,8
2018450288975,2,9,0,9,0,0,0,0,0,0,1,1,2,2,32,6,1995,2,7,10,1,10
2018450288975,3,9,0,18,0,0,0,0,0,0,3,1,2,2,47,8,1598,1,13,7,3,7
2018450288978,1,9,0,18,0,1,0,0,0,0,2,1,2,1,38,7,1995,1,15,5,1,5
2018450288978,2,9,0,18,0,1,0,0,0,0,2,1,2,2,25,5,1998,2,9,3,1,3
2018450288978,3,9,0,4,0,1,0,0,0,0,1,1,3,2,38,7,1796,1,11,7,1,7
2018450288978,4,9,0,18,0,1,0,0,0,0,0,1,6,2,31,6,1497,8,10,4,1,4
2018450288981,1,90,0,18,0,0,1,0,0,0,1,1,6,1,32,6,-1,-1,-1,-1,-1,-1
2018450288981,2,9,0,4,0,0,0,0,0,0,1,1,5,2,31,6,1910,2,11,3,1,3
2018450288988,1,9,0,18,0,3,0,0,8,10,1,1,5,1,20,4,1390,1,17,8,1,8
2018450288990,1,9,0,18,0,8,0,0,0,0,4,1,5,2,56,9,-1,-1,-1,10,1,10
2018450288990,2,1,0,18,0,6,0,0,0,0,4,1,5,1,59,9,-1,-1,-1,10,1,10
2018450288992,1,9,0,18,0,0,0,0,1,4,4,1,5,1,22,5,1596,1,15,10,2,10
2018450288996,1,9,0,16,0,0,0,0,1,0,3,1,5,2,85,11,1598,1,9,10,2,10
2018450288996,2,9,0,17,0,0,0,0,1,0,3,1,5,1,56,9,1598,2,8,10,1,10
2018450288999,1,4,0,18,0,0,5,0,0,0,4,1,5,1,52,8,250,1,1,6,1,6
2018450289000,1,9,0,5,0,0,0,4,1,10,1,1,5,1,74,10,2400,2,8,10,1,10
2018450289000,2,9,0,2,0,0,0,0,0,0,2,1,6,3,45,7,1997,2,1,4,1,4
2018450289000,3,9,0,2,0,0,0,0,0,0,2,1,6,1,45,7,1197,1,2,-1,-1,-1
2018450289010,1,9,0,18,0,1,0,0,0,0,1,1,5,2,21,5,1242,1,4,8,1,8
2018450289010,2,9,0,18,0,1,0,0,0,0,2,1,5,1,55,8,1995,2,10,9,1,9
2018450289019,1,9,0,9,0,6,0,0,0,0,1,1,2,2,24,5,1597,2,2,10,1,10
2018450289019,2,9,4,18,0,8,0,0,0,0,4,1,5,1,66,10,1995,2,11,5,3,5
2018450289020,1,9,0,7,0,8,0,11,0,0,4,1,6,1,32,6,1598,2,3,5,1,5
2018450289020,2,1,0,17,0,8,5,0,0,0,3,1,1,1,55,8,-1,-1,-1,6,2,6
2018450289023,1,9,0,16,0,8,0,0,0,0,1,1,2,2,46,8,996,1,4,4,1,4
2018450289023,2,9,0,18,0,1,0,0,0,0,2,1,1,1,25,5,2996,1,9,9,1,9
2018450289031,1,9,0,12,0,3,0,0,0,0,2,1,5,1,62,9,1242,1,9,-1,3,-1
2018450289031,2,9,0,18,0,3,1,0,0,0,1,1,1,1,33,6,1598,2,1,5,-1,5
2018450289033,1,9,0,9,0,6,0,0,0,0,4,1,5,1,76,11,1596,1,14,5,1,5
2018450289033,2,4,0,18,0,1,1,0,0,0,1,1,4,1,18,4,125,1,8,4,1,4
2018450289035,1,9,0,1,0,0,0,0,0,0,2,1,6,2,65,9,1896,2,15,8,1,8
2018450289037,1,9,0,18,0,0,0,0,0,0,1,1,6,3,45,7,-1,-1,-1,-1,-1,-1
2018450289037,2,9,0,18,0,0,0,0,1,0,1,1,5,2,25,5,1124,1,17,3,1,3
2018450289037,3,9,0,18,0,0,0,0,0,0,1,1,5,2,33,6,1796,1,10,6,1,6
2018450289038,1,9,0,18,0,0,0,0,7,4,1,1,1,2,27,6,1598,1,16,9,1,9
2018450289038,2,19,0,5,0,0,0,0,0,0,1,1,1,1,45,7,2143,2,4,10,1,10
2018450289042,1,9,0,18,0,0,1,7,5,0,1,1,5,2,53,8,1598,1,11,10,1,10
2018450289042,2,21,1,18,0,0,0,0,0,0,2,1,1,1,35,6,10677,2,1,4,1,4
2018450289045,1,19,0,16,0,8,0,0,1,2,1,1,6,1,26,6,2143,2,3,-1,-1,-1
2018450289045,2,9,0,18,0,3,0,0,0,0,2,1,1,1,39,7,-1,-1,-1,4,2,4
2018450289045,3,9,0,16,0,7,0,0,0,0,1,1,1,1,47,8,2993,2,1,6,1,6
2018450289045,4,9,0,11,0,4,0,0,0,0,1,1,1,1,27,6,2993,2,1,6,1,6
2018450289045,5,9,0,16,0,7,1,0,1,0,1,1,1,1,43,7,2993,2,1,4,1,4
2018450289045,6,9,0,18,0,3,0,0,0,0,2,1,1,1,38,7,2993,2,3,6,1,6
2018450289217,1,21,0,4,0,1,0,0,0,0,4,1,1,1,36,7,3920,2,5,2,1,2
2018450289227,1,9,0,9,0,6,0,0,0,0,1,1,2,2,33,6,998,1,13,8,1,8
2018450289227,2,1,0,14,0,1,0,0,0,0,1,1,5,2,30,6,-1,-1,-1,9,1,9
2018450289227,3,19,0,2,0,1,0,0,0,0,0,1,6,3,-1,-1,-1,-1,-1,-1,-1,-1
2018450289260,1,9,0,18,0,0,0,0,0,0,0,1,6,3,50,8,-1,-1,-1,-1,-1,-1
2018450289260,2,1,0,18,0,0,0,0,0,0,0,1,6,2,38,7,-1,-1,-1,8,1,8
2018450289264,1,9,0,2,0,0,0,0,0,0,2,1,2,1,50,8,1364,1,2,3,1,3
2018450289264,2,90,0,18,0,0,0,4,1,0,1,1,5,1,44,7,-1,-1,-1,9,1,9
2018450289267,1,9,0,4,0,8,0,0,0,0,1,1,1,2,54,8,599,1,16,10,1,10
2018450289267,2,9,0,4,0,1,0,0,0,0,2,1,3,2,42,7,1995,2,4,6,1,6
2018450289277,1,9,0,18,0,0,0,0,0,0,1,1,2,2,45,7,1339,1,4,7,1,7
2018450289279,1,9,0,18,0,0,0,0,2,6,4,1,6,1,38,7,2995,1,-1,10,-1,10
2018450289280,1,9,0,18,0,1,0,0,0,0,3,1,5,1,56,9,1998,1,12,7,1,7
2018450289280,2,9,0,18,0,1,0,0,1,0,3,1,1,1,39,7,1997,2,1,8,1,8
2018450289401,1,1,0,18,0,0,0,0,0,0,1,1,6,1,47,8,-1,-1,-1,8,1,8
2018450289401,2,19,0,18,0,0,0,0,0,0,1,1,6,1,45,7,1995,2,8,8,1,8
2018450289402,1,9,0,4,0,0,0,0,0,0,2,1,6,1,36,7,1360,1,14,10,1,10
2018450289402,2,9,0,4,0,0,0,0,0,0,1,1,6,1,33,6,1590,1,13,10,1,10
2018450289459,1,9,0,9,0,2,0,0,0,0,4,1,6,3,33,6,-1,-1,-1,-1,-1,-1
2018450289459,2,9,0,9,0,2,0,0,0,0,3,1,6,2,22,5,1398,1,16,5,1,5
2018450289528,1,9,0,18,0,8,0,0,0,0,3,1,6,2,30,6,1396,1,8,5,1,5
2018450289528,2,9,0,18,0,8,0,0,0,0,1,1,6,1,19,4,1248,2,7,5,1,5
2018450289556,1,9,0,18,0,0,0,0,0,0,4,1,6,1,52,8,2993,2,1,7,2,7
2018450289556,2,9,0,18,0,0,0,0,0,0,3,1,6,3,33,6,-1,-1,-1,-1,-1,-1
2018450289598,1,9,0,18,0,0,1,0,5,0,1,1,5,1,30,6,1995,2,5,7,1,7
2018450289598,2,9,0,18,0,0,1,0,0,0,1,1,5,2,19,4,2143,2,5,8,1,8
2018450289686,1,9,0,18,0,0,0,0,0,0,1,1,5,1,33,6,898,1,1,9,1,9
2018450289686,2,9,0,18,0,0,0,0,0,0,2,1,5,1,49,8,1598,1,5,9,1,9
2018450289711,1,90,0,4,0,2,0,0,0,0,0,1,1,1,33,6,-1,-1,-1,9,1,9
2018450289711,2,4,0,4,0,2,1,0,0,0,1,1,5,1,18,4,125,1,4,5,1,5
2018450289711,3,9,0,18,0,1,0,0,0,0,1,1,5,1,59,9,1120,2,6,4,1,4
2018450289734,1,9,0,9,0,0,0,0,0,0,0,1,1,1,66,10,1242,1,14,10,1,10
2018450289734,2,9,0,18,0,0,0,0,0,0,2,1,2,1,64,9,1595,1,8,6,1,6
2018450289734,3,9,0,4,0,0,0,0,0,0,2,1,3,2,33,6,1598,1,7,5,1,5
2018450289734,4,9,0,18,0,0,0,0,0,0,1,1,2,2,32,6,1991,2,10,3,1,3
2018450289737,1,3,0,18,0,0,0,11,0,0,3,1,2,1,45,7,125,1,7,6,1,6
2018450289748,1,9,0,18,0,0,0,0,0,0,1,1,5,2,49,8,2199,2,4,7,3,7
2018450289748,2,9,0,17,0,0,0,0,1,4,3,1,5,1,39,7,1390,1,11,8,3,8
2018450289751,1,9,0,5,8,6,0,0,0,0,1,1,2,2,37,7,1368,1,2,10,3,10
2018450289751,2,1,0,18,9,1,0,0,0,0,1,1,6,1,44,7,-1,-1,-1,6,1,6
2018450289752,1,9,0,7,0,1,0,0,0,0,1,1,5,1,21,5,1422,2,10,9,1,9
2018450289752,2,11,0,7,0,1,0,0,0,0,3,1,1,1,39,7,4500,2,11,4,1,4
2018450289754,1,9,0,18,0,0,0,0,0,0,1,1,1,1,47,8,2143,2,5,7,1,7
2018450289868,1,9,0,18,0,0,0,0,0,0,4,1,6,1,75,10,5900,1,17,8,2,8
2018450289881,1,19,0,18,0,0,0,0,0,0,1,1,1,1,31,6,2143,2,3,9,1,9
2018450289881,2,9,0,18,0,0,0,0,0,0,2,1,5,2,73,10,1339,1,14,9,1,9
2018450289881,3,9,0,18,0,0,0,0,0,0,2,1,2,2,39,7,1395,1,1,7,1,7
2018450289881,4,19,0,18,0,0,0,0,0,0,2,1,1,1,56,9,1598,2,3,10,1,10
2018450289912,1,9,0,6,0,0,0,0,0,0,2,1,5,1,43,7,1242,1,9,3,1,3
2018450289912,2,9,0,14,0,0,0,0,0,0,1,1,2,1,39,7,1995,2,11,5,1,5
2018450289921,1,9,0,4,0,0,0,0,0,0,1,1,2,1,52,8,1794,1,12,9,1,9
2018450289921,2,9,0,18,0,0,0,0,0,0,2,1,6,1,-1,-1,-1,-1,-1,1,1,1