Accident_Index,Vehicle_Reference,Vehicle_Type,Towing_and_Articulation,Vehicle_Manoeuvre,Vehicle_Location-Restricted_Lane,Junction_Location,Skidding_and_Overturning,Hit_Object_in_Carriageway,Vehicle_Leaving_Carriageway,Hit_Object_off_Carriageway,1st_Point_of_Impact,Was_Vehicle_Left_Hand_Drive?,Journey_Purpose_of_Driver,Sex_of_Driver,Age_of_Driver,Age_Band_of_Driver,Engine_Capacity_(CC),Propulsion_Code,Age_of_Vehicle,Driver_IMD_Decile,Driver_Home_Area_Type,Vehicle_IMD_Decile
2018450289953,1,9,0,9,0,8,0,0,0,0,3,1,3,1,49,8,1497,8,9,3,1,3
2018450289953,2,1,0,18,0,1,0,0,0,0,1,1,5,1,18,4,-1,-1,-1,10,1,10
2018450289955,1,9,0,18,9,0,0,0,0,0,1,1,6,2,28,6,1461,2,6,7,1,7
2018450290185,1,9,0,4,0,0,0,0,0,0,1,1,1,1,33,6,1995,2,1,8,1,8
2018450290208,1,9,0,18,0,0,0,0,0,0,1,1,2,1,18,4,1242,1,5,10,1,10
2018450290208,2,19,0,3,0,0,0,0,0,0,2,1,2,1,60,9,1753,2,10,5,1,5
2018450290273,1,9,0,18,0,0,0,0,0,0,1,1,6,1,17,4,1229,1,4,10,2,10
2018450290294,1,9,0,18,0,0,0,0,0,0,1,1,6,2,26,6,1242,1,6,7,2,7
2018450290294,2,9,0,18,0,0,0,0,1,0,1,1,6,2,48,8,998,1,5,5,2,5
2018450290306,1,9,0,18,0,0,0,0,0,0,4,1,5,3,33,6,-1,-1,-1,-1,-1,-1
2018450290348,1,9,0,4,0,0,0,0,0,0,2,1,2,1,45,7,1598,1,11,-1,2,-1
2018450290348,2,4,0,13,0,0,1,0,0,0,1,1,2,1,36,7,1164,1,15,9,1,9
2018450290474,1,9,0,18,0,0,0,0,0,0,4,1,5,1,40,7,1499,1,3,6,3,6
2018450290474,2,9,0,18,0,0,0,0,0,0,1,1,5,2,17,4,1199,1,14,10,1,10
2018450290480,1,9,0,16,0,1,5,0,7,1,1,1,5,2,20,4,1229,1,5,9,1,9
2018450290481,1,9,0,5,0,2,0,0,1,0,3,1,6,1,34,6,1598,1,10,6,1,6
2018450290481,2,9,0,18,0,1,0,0,6,0,1,1,5,1,25,5,2143,2,3,3,1,3
2018450290510,1,1,0,18,0,8,5,0,0,0,4,1,5,1,49,8,-1,-1,-1,10,1,10
2018450290510,2,9,0,18,0,1,0,0,0,0,1,1,5,1,57,9,1968,2,2,8,1,8
2018450290516,1,9,0,9,0,6,0,0,0,0,3,1,5,1,76,11,1595,1,5,10,1,10
2018450290516,2,9,0,18,0,1,0,0,0,0,1,1,5,2,29,6,1390,1,7,3,1,3
2018450290521,1,19,0,13,0,7,0,0,0,0,4,1,1,1,67,10,1995,2,-1,10,1,10
2018450290521,2,3,0,16,0,7,0,0,0,0,3,1,5,1,25,5,125,1,1,2,1,2
2018450290530,1,9,0,18,0,0,0,0,0,0,1,1,5,1,69,10,1396,1,9,10,1,10
2018450290532,1,9,0,18,0,2,0,0,0,0,1,1,5,1,23,5,1598,1,8,10,1,10
2018450290542,1,9,0,9,0,0,0,0,0,0,1,1,6,1,77,11,1968,2,9,9,3,9
2018450290542,2,9,0,18,0,0,0,0,0,0,1,1,6,1,22,5,2494,1,24,10,1,10
2018450290544,1,9,0,4,0,0,1,0,0,0,1,1,5,1,41,7,1560,2,3,6,2,6
2018450290544,2,9,0,4,0,0,0,0,0,0,4,1,5,1,27,6,1995,2,9,10,1,10
2018450290544,3,9,0,4,0,0,0,0,0,0,2,1,5,1,21,5,2979,1,16,7,1,7
2018450290544,4,9,0,4,0,0,0,0,0,0,3,1,5,1,75,10,2979,1,14,7,1,7
2018450290551,1,9,0,5,0,4,0,0,0,0,3,1,5,2,69,10,1235,1,26,9,1,9
2018450290551,2,9,0,18,0,8,0,0,0,0,1,1,2,1,43,7,998,1,3,8,1,8
2018450290563,1,9,0,9,0,6,0,0,0,0,4,1,5,2,30,6,1968,2,1,5,1,5
2018450290563,2,19,0,18,0,1,0,0,7,10,4,1,1,1,31,6,1560,2,1,3,1,3
2018450290570,1,9,0,3,0,0,0,0,0,0,1,1,5,2,22,5,1242,1,4,9,1,9
2018450290570,2,9,0,3,0,0,0,0,0,0,2,1,5,2,23,5,998,1,5,7,1,7
2018450290570,3,9,0,3,0,0,0,0,0,0,2,1,5,1,33,6,1598,1,15,9,3,9
2018450290570,4,9,0,3,0,0,0,0,0,0,2,1,5,2,23,5,1598,1,12,7,1,7
2018450290571,1,1,0,18,0,0,0,0,0,0,1,1,6,1,45,7,-1,-1,-1,9,1,9
2018450290585,1,9,0,4,0,1,0,0,0,0,3,1,5,1,49,8,1397,1,6,5,1,5
2018450290585,2,5,0,9,0,2,5,0,7,0,3,1,5,1,66,10,1441,1,6,5,1,5
2018450290587,1,5,0,4,0,1,0,0,0,0,0,1,2,2,52,8,599,1,5,9,3,9
2018450290587,2,9,0,9,0,5,0,0,0,0,0,1,3,2,51,8,1598,1,9,10,1,10
2018450290591,1,9,0,4,0,0,0,0,0,0,2,1,5,2,48,8,2400,2,5,10,1,10
2018450290591,2,9,0,4,0,0,0,0,0,0,2,1,5,2,52,8,1598,1,5,10,3,10
2018450290591,3,19,0,18,0,0,0,4,0,0,1,1,1,1,24,5,2198,2,4,9,2,9
2018450290593,1,9,0,18,0,0,5,0,7,0,1,1,6,3,30,6,2495,2,24,-1,-1,-1
2018450290608,1,9,0,18,0,4,5,0,0,0,1,2,6,1,55,8,1598,2,6,9,1,9
2018450290608,2,1,0,18,0,8,0,0,0,0,4,1,5,1,31,6,-1,-1,-1,4,3,4
2018450290611,1,9,0,9,0,8,0,0,0,0,4,1,4,1,39,7,1968,2,4,10,1,10
2018450290611,2,1,0,18,0,1,0,0,0,0,3,1,5,1,41,7,-1,-1,-1,9,1,9
2018450290612,1,9,0,16,0,3,1,0,1,4,1,1,5,1,58,9,2295,1,22,9,1,9
2018450290612,2,9,0,2,0,4,0,0,0,0,4,1,2,1,46,8,1968,2,9,10,1,10
2018450290613,1,9,0,7,0,8,1,0,7,4,1,1,5,1,18,4,1560,2,5,8,1,8
2018450290624,1,19,0,18,0,8,5,0,0,0,2,1,1,1,45,7,1995,2,1,4,1,4
2018450290624,2,9,0,18,0,1,0,0,0,0,1,1,5,1,29,6,1984,1,17,4,1,4
2018450290625,1,3,0,17,0,0,0,0,1,4,1,1,5,1,62,9,998,1,2,6,1,6
2018450290673,1,9,0,18,0,0,0,0,0,0,1,1,6,1,91,11,1598,2,1,9,1,9
2018450290687,1,21,1,12,0,0,0,0,0,0,3,2,1,1,59,9,-1,-1,-1,-1,-1,-1
2018450290687,2,9,0,18,0,0,1,0,0,0,4,1,2,1,71,10,1590,1,25,10,1,10
2018450290720,1,9,0,3,0,0,0,0,0,0,1,1,6,2,30,6,-1,-1,-1,7,1,7
2018450290720,2,20,0,18,0,0,0,0,0,0,2,1,6,1,30,6,-1,-1,-1,6,1,6
2018450290820,1,9,0,18,0,0,0,0,0,0,2,1,2,1,20,4,2143,2,5,8,1,8
2018450290820,2,9,0,18,0,0,0,0,0,0,1,1,2,2,28,6,1986,2,13,10,1,10
2018450290820,3,9,0,18,0,0,0,0,0,0,2,1,2,2,32,6,1995,2,4,9,1,9
2018450290820,4,9,0,18,0,0,0,0,0,0,1,1,2,2,47,8,1910,2,12,9,1,9
2018450290820,5,9,0,4,0,0,0,0,0,0,0,1,6,3,18,4,-1,-1,-1,-1,-1,-1
2018450290883,1,9,0,18,0,0,0,0,0,0,1,1,5,1,38,7,2231,2,10,6,2,6
2018450290883,2,9,0,4,0,0,0,0,0,0,2,1,5,2,26,6,1197,1,1,10,1,10
2018450290883,3,9,0,4,0,0,0,0,0,0,2,1,2,2,51,8,1398,1,4,8,1,8
2018450290901,1,9,0,5,0,0,0,0,1,0,1,1,5,1,83,11,1339,1,10,10,1,10
2018450290901,2,9,0,18,0,0,0,0,0,0,4,1,6,2,31,6,2231,2,6,7,1,7
2018450290913,1,9,0,18,0,0,0,0,0,0,1,1,5,2,41,7,1910,2,12,6,3,6
2018450290913,2,1,0,12,0,0,0,0,0,0,1,1,5,1,78,11,-1,-1,-1,6,1,6
2018450290945,1,9,0,1,0,0,0,0,0,0,2,1,5,1,27,6,1496,2,1,9,1,9
2018450290972,1,9,0,18,0,0,1,0,1,7,1,1,5,2,37,7,1246,1,13,3,1,3
2018450290979,1,5,0,11,0,0,0,0,0,0,1,1,1,1,28,6,999,1,6,5,1,5
2018450290979,2,9,0,18,0,0,0,0,0,0,3,1,5,2,57,9,1896,2,12,4,1,4
2018450291105,1,21,0,12,0,0,0,0,0,0,1,2,1,1,34,6,-1,-1,-1,-1,-1,-1
2018450291105,2,9,0,18,0,0,1,0,1,0,4,1,2,1,60,9,1769,1,14,6,1,6
2018450291370,1,9,0,18,0,0,0,0,0,0,1,1,5,1,21,5,1242,1,7,8,1,8
2018450291370,2,9,0,18,0,0,0,0,0,0,2,1,5,1,31,6,1598,2,-1,9,1,9
2018450291370,3,9,0,18,0,0,0,0,0,0,2,1,5,1,47,8,1910,2,10,4,1,4
2018450291370,4,9,0,4,0,0,0,0,0,0,2,1,5,1,40,7,1796,1,11,9,1,9
2018450291376,1,9,0,18,0,8,0,4,0,0,4,1,2,2,64,9,999,1,5,9,1,9
2018450291376,2,9,0,2,0,2,0,0,0,0,4,1,6,1,39,7,1339,1,15,9,1,9
2018450291382,1,9,0,7,0,5,0,0,0,0,0,1,6,3,33,6,-1,-1,-1,-1,-1,-1
2018450291382,2,19,0,18,0,1,0,0,0,0,0,1,2,1,28,6,1995,2,1,5,1,5
2018450291382,3,9,0,18,0,1,0,0,1,0,1,1,5,2,79,11,1587,1,11,10,1,10
2018450291390,1,4,0,18,0,1,0,0,0,0,1,1,5,1,30,6,750,1,3,6,1,6
2018450291393,1,9,0,9,0,6,0,0,0,0,3,1,5,2,35,6,1596,1,11,7,1,7
2018450291393,2,9,0,16,0,1,0,0,0,0,1,1,5,1,20,4,1997,1,6,6,3,6
2018450291394,1,9,0,9,0,0,0,0,0,0,1,1,1,1,22,5,1498,1,-1,10,1,10
2018450291394,2,9,0,13,0,0,2,0,0,0,4,1,2,1,53,8,-1,-1,-1,3,1,3
2018450291464,1,9,0,3,0,1,0,0,0,0,2,1,6,2,33,6,1997,2,13,6,1,6
2018450291464,2,9,0,4,0,1,0,0,0,0,1,1,6,2,33,6,1600,2,7,-1,-1,-1
2018450291468,1,9,0,18,0,0,0,0,0,0,1,1,5,1,74,10,1591,1,4,8,1,8
2018450291473,1,9,0,18,0,0,0,0,0,0,1,1,1,2,44,7,2400,2,4,10,1,10
2018450291480,1,9,0,18,0,8,0,0,0,0,3,1,5,1,30,6,1598,1,8,3,1,3
2018450291480,2,9,0,9,0,8,0,0,0,0,4,1,5,2,46,8,1368,1,11,10,1,10
2018450291481,1,9,0,5,0,0,0,0,0,0,3,1,1,1,20,4,1390,1,6,10,1,10
2018450291481,2,9,0,5,0,0,0,0,0,0,3,1,1,2,40,7,1364,1,2,2,1,2
2018450291551,1,9,0,18,0,0,0,0,0,0,1,1,5,1,19,4,-1,-1,-1,8,1,8
2018450291551,2,9,0,4,0,0,0,0,0,0,2,1,2,1,51,8,1798,8,-1,4,1,4
2018450291613,1,9,0,18,0,1,0,0,0,0,4,1,2,2,31,6,1596,1,3,10,3,10
2018450291613,2,1,0,18,0,1,0,0,0,0,1,1,4,1,16,4,-1,-1,-1,10,1,10
2018450291623,1,9,0,18,0,8,0,0,0,0,4,1,6,2,45,7,1968,2,9,8,1,8
2018450291623,2,1,0,9,0,8,0,0,0,0,4,1,5,2,43,7,-1,-1,-1,10,1,10
2018450291669,1,9,0,18,0,0,0,0,0,0,1,1,2,1,48,8,-1,-1,-1,10,1,10
2018450291669,2,19,0,18,0,0,0,0,0,0,1,1,2,1,26,6,2198,2,3,10,1,10
2018450291748,1,9,0,18,0,0,0,0,1,7,4,1,6,1,31,6,1598,1,16,2,1,2
2018450291751,1,9,0,4,0,0,0,0,0,0,2,1,2,1,70,10,1796,1,14,8,1,8
2018450291751,2,9,0,4,0,0,0,0,0,0,2,1,2,1,50,8,2993,2,7,2,1,2
2018450291751,3,9,0,4,0,0,0,0,0,0,2,1,2,1,43,7,1753,2,13,5,1,5
2018450291751,4,19,0,18,0,0,0,0,0,0,1,1,2,1,50,8,2463,2,13,3,1,3
2018450291752,1,9,0,7,0,0,0,0,0,0,1,1,2,1,63,9,1339,1,6,6,1,6
2018450291752,2,1,0,6,0,0,0,0,0,0,3,1,5,1,28,6,-1,-1,-1,10,1,10
2018450291754,1,9,0,18,0,8,0,0,0,0,1,1,3,1,38,7,1499,2,2,9,1,9
2018450291754,2,19,0,2,0,8,0,0,0,0,1,1,6,3,-1,-1,-1,-1,-1,-1,-1,-1
2018450291756,1,19,0,1,0,0,0,0,0,0,2,1,1,1,37,7,2198,2,1,-1,-1,-1
2018450291756,2,5,0,18,0,0,0,0,0,0,1,1,5,1,66,10,865,1,6,6,1,6
2018450291759,1,9,0,18,0,0,0,11,1,2,1,1,5,1,17,4,1595,1,16,3,1,3
2018450291760,1,9,0,18,0,0,0,4,0,0,1,1,5,2,80,11,1298,1,11,10,1,10
2018450291760,2,9,0,2,0,0,0,0,0,0,2,1,6,2,17,4,1199,1,18,10,1,10
2018450291894,1,90,0,18,0,0,0,0,0,0,1,1,6,1,45,7,-1,-1,-1,-1,-1,-1
2018450291894,2,9,0,18,0,0,0,0,0,0,1,1,6,1,48,8,1995,1,11,9,1,9
2018450292068,1,9,0,18,0,8,0,0,1,11,1,1,5,1,88,11,1596,1,8,10,1,10
2018450292078,1,9,0,9,0,8,0,0,0,0,1,1,5,2,19,4,1388,1,17,8,1,8
2018450292078,2,9,0,18,0,8,0,0,0,0,1,1,2,2,31,6,1242,1,9,10,1,10
2018450292081,1,9,0,17,0,0,0,0,1,4,1,1,5,1,28,6,1596,1,13,10,1,10
2018450292082,1,21,0,18,0,0,1,0,0,0,1,1,1,1,54,8,10518,2,2,3,1,3
2018450292082,2,9,0,3,0,0,0,0,0,0,2,1,5,1,28,6,1580,8,-1,10,1,10
2018450292127,1,1,0,18,0,0,5,0,0,0,4,1,5,1,43,7,-1,-1,-1,10,1,10
2018450292141,1,9,0,18,0,0,0,0,0,0,1,1,6,3,55,8,-1,-1,-1,-1,-1,-1
2018450292155,1,9,0,17,0,1,0,0,7,4,4,1,5,1,17,4,1149,1,16,8,3,8
2018450292162,1,90,0,18,0,1,1,0,0,0,0,1,6,1,17,4,-1,-1,-1,6,1,6
2018450292171,1,9,0,18,0,0,0,0,0,0,1,1,5,1,22,5,1242,1,14,10,1,10
2018450292171,2,9,0,18,0,0,0,0,0,0,1,1,5,1,71,10,1685,2,3,10,1,10
2018450292179,1,19,0,9,0,1,0,0,7,0,3,1,1,1,29,6,2198,2,9,7,3,7
2018450292179,2,5,0,18,0,1,0,0,0,0,1,1,2,1,38,7,600,1,13,6,1,6
2018450292204,1,9,0,18,6,0,5,0,8,9,3,1,5,1,39,7,1229,1,11,8,1,8
2018450292206,1,9,0,18,0,0,0,0,0,0,3,1,2,1,68,10,4197,1,11,9,3,9
2018450292206,2,19,0,18,0,0,0,0,0,0,3,1,1,1,56,9,-1,-1,-1,10,2,10
2018450292206,3,9,0,18,0,0,0,0,0,0,1,1,5,1,66,10,1968,2,11,10,2,10
2018450292209,1,9,0,4,0,5,0,0,0,0,1,1,5,1,49,8,1598,2,1,8,1,8
2018450292209,2,9,0,15,0,1,0,0,7,2,4,1,2,2,18,4,1598,1,14,4,1,4
2018450292216,1,21,0,18,0,0,0,0,0,0,1,1,6,3,-1,-1,-1,-1,-1,-1,-1,-1
2018450292216,2,9,0,18,0,0,1,0,5,0,2,1,5,1,23,5,1995,2,5,5,1,5
2018450292227,1,9,0,3,0,0,0,0,0,0,1,1,5,1,34,6,1390,1,9,9,1,9
2018450292227,2,9,0,7,0,0,0,0,0,0,2,1,5,1,43,7,1398,1,8,6,1,6
2018450292356,1,9,0,6,0,0,0,0,0,0,1,1,2,2,26,6,998,1,5,10,3,10
2018450292356,2,9,0,18,0,0,0,0,0,0,1,1,2,2,53,8,1998,1,16,10,3,10
2018450292398,1,9,0,3,0,0,0,0,0,0,3,1,6,2,17,4,1108,1,9,9,1,9
2018450292398,2,9,0,18,0,0,0,0,0,0,1,1,6,1,18,4,1149,1,16,9,1,9
2018450292411,1,9,0,13,0,1,0,0,0,0,1,1,5,2,65,9,1896,2,15,8,3,8
2018450292411,2,1,0,18,0,1,5,0,0,0,1,1,5,1,34,6,-1,-1,-1,10,1,10
2018450292552,1,5,0,5,0,3,0,0,7,4,4,1,5,1,51,8,645,1,8,10,1,10
2018450292565,1,9,0,18,0,8,0,0,1,0,3,1,5,1,51,8,-1,-1,-1,10,1,10
2018450292565,2,9,0,18,0,1,0,0,0,0,1,1,6,1,25,5,-1,-1,-1,9,3,9
2018450292565,3,9,0,18,0,8,0,0,0,0,4,1,5,1,42,7,1598,2,4,5,1,5
2018450292583,1,9,0,18,0,0,0,0,0,0,3,1,5,1,85,11,2987,2,8,10,3,10
2018450292583,2,9,0,18,0,0,1,0,7,0,3,1,5,2,18,4,999,1,5,10,3,10
2018450292584,1,9,0,10,0,5,0,0,0,0,2,1,2,1,33,6,-1,-1,-1,5,1,5
2018450292584,2,9,0,3,0,1,0,0,0,0,2,1,5,2,50,8,1248,1,4,7,1,7
2018450292584,3,9,0,18,0,1,0,0,0,0,1,1,5,1,61,9,1596,1,19,3,1,3
2018450292585,1,9,0,9,0,6,0,0,0,0,1,1,2,2,30,6,1364,1,12,8,1,8
2018450292585,2,9,0,17,1,1,0,0,0,0,1,1,5,2,51,8,1229,1,3,7,3,7
2018450292587,1,9,0,18,0,8,0,0,0,0,1,1,6,3,30,6,-1,-1,-1,-1,-1,-1
2018450292589,1,9,0,18,0,0,0,0,0,0,1,1,2,1,20,4,1390,1,8,10,1,10
2018450292589,2,9,0,18,0,0,0,0,0,0,1,1,2,1,27,6,1248,1,3,10,1,10
2018450292590,1,9,0,18,0,8,0,0,0,0,1,1,5,2,84,11,999,1,5,9,1,9
2018450292590,2,3,0,9,0,8,0,0,0,0,1,1,2,1,26,6,124,1,20,3,1,3
2018450292595,1,19,0,17,0,1,0,0,0,0,1,1,2,1,36,7,1968,2,7,8,1,8
2018450292595,2,9,0,18,0,1,0,0,0,0,1,1,1,2,46,8,875,1,7,5,1,5
2018450292596,1,9,0,3,0,0,5,0,4,7,3,1,5,2,84,11,1984,1,2,-1,-1,-1
2018450292596,2,9,0,12,0,0,0,0,0,0,3,1,5,1,45,7,1968,2,11,10,1,10
2018450292596,3,9,0,3,0,0,0,0,0,0,3,1,5,1,32,6,1596,1,12,8,1,8
2018450292597,1,9,0,18,0,0,0,0,1,11,1,1,5,2,48,8,1598,1,6,5,1,5
2018450292693,1,1,0,18,0,0,0,0,0,0,1,1,6,2,24,5,-1,-1,-1,10,1,10
2018450292693,2,9,0,18,0,0,0,0,0,0,1,1,6,3,22,5,-1,-1,-1,-1,-1,-1
2018450292768,1,9,0,18,0,0,0,0,0,0,1,1,6,1,50,8,1248,1,5,3,1,3
2018450292768,2,9,0,18,0,0,0,0,0,0,2,1,6,2,45,7,1197,1,3,7,3,7
2018450292878,1,9,0,1,9,0,0,0,0,0,2,1,2,2,55,8,1598,1,14,10,2,10
2018450293008,1,9,0,7,0,6,0,0,0,0,1,1,5,2,38,7,2488,2,6,9,3,9
2018450293008,2,9,0,18,0,8,0,0,0,0,4,1,6,2,80,11,1396,1,6,9,1,9
2018450293008,3,9,0,18,0,1,0,0,1,0,3,1,5,2,54,8,1388,1,14,10,1,10
2018450293021,1,9,0,18,0,0,0,0,0,0,1,1,6,3,30,6,-1,-1,-1,-1,-1,-1
2018450293021,2,9,0,18,0,0,0,0,0,0,3,1,5,2,31,6,1586,1,1,10,1,10
2018450293046,1,9,0,5,0,0,5,4,0,0,1,1,5,1,59,9,898,1,5,10,1,10
2018450293046,2,9,0,18,0,0,5,0,0,0,2,1,6,3,-1,-1,-1,-1,-1,-1,-1,-1
2018450293049,1,9,0,18,0,1,0,0,0,0,1,1,2,1,35,6,2148,2,14,8,1,8
2018450293049,2,9,0,4,0,1,0,0,0,0,2,1,2,2,43,7,1329,1,9,5,1,5
2018450293049,3,9,0,9,0,1,0,0,0,0,2,1,5,2,47,8,2993,2,5,8,3,8
2018450293052,1,9,0,18,0,6,0,0,0,0,1,1,5,1,22,5,1598,1,13,8,1,8
2018450293052,2,9,0,5,0,8,0,0,0,0,3,1,5,1,22,5,1390,1,15,8,1,8
2018450293053,1,9,0,6,0,0,0,0,0,0,4,1,3,2,41,7,1395,1,5,10,1,10
2018450293053,2,5,0,14,0,0,0,0,1,0,1,1,2,1,54,8,1198,1,3,7,1,7
2018450293055,1,9,0,18,0,3,0,0,0,0,1,1,2,1,37,7,1995,2,4,10,1,10
2018450293055,2,1,0,18,0,4,0,0,0,0,3,1,6,1,94,11,-1,-1,-1,10,1,10
2018450293061,1,9,0,18,0,1,0,0,0,0,1,1,5,2,69,10,1149,1,1,10,1,10
2018450293063,1,11,0,18,0,0,0,0,0,0,1,1,1,1,38,7,6700,2,-1,10,1,10
2018450293070,1,9,0,1,0,0,0,0,0,0,2,1,5,1,68,10,1229,1,10,5,1,5
2018450293167,1,11,0,2,0,0,0,0,0,0,2,1,6,1,52,8,4500,2,10,4,1,4
2018450293167,2,9,0,14,0,0,0,0,0,0,4,1,6,2,25,5,1582,2,2,9,1,9
2018450293167,3,20,0,13,0,0,0,0,0,0,3,1,6,1,30,6,-1,-1,-1,7,2,7
2018450293237,1,9,0,18,0,0,0,0,0,0,2,1,6,2,49,8,1461,2,8,4,1,4
2018450293237,2,9,0,18,0,0,0,0,0,0,1,1,6,2,-1,-1,1242,1,-1,5,1,5
2018450293273,1,9,0,18,0,0,0,0,0,0,2,1,6,2,-1,-1,2149,2,11,7,3,7
2018450293273,2,9,0,18,0,0,0,0,0,0,1,1,6,2,-1,-1,1598,1,4,9,1,9
2018450293322,1,9,0,18,0,0,0,0,0,0,1,1,2,1,55,8,-1,-1,-1,10,2,10
2018450293322,2,9,0,18,0,0,0,0,0,0,3,1,6,1,62,9,1995,2,4,9,3,9
2018450293388,1,9,0,9,0,6,0,0,0,0,1,1,5,1,72,10,1197,1,1,3,1,3
2018450293388,2,9,0,18,0,8,0,0,0,0,1,1,1,1,33,6,1242,1,8,10,1,10
2018450293404,1,9,0,18,0,0,0,0,1,4,1,1,2,1,27,6,1388,1,12,9,1,9
2018450293415,1,9,0,18,0,0,0,0,0,0,1,1,6,1,34,6,1395,1,3,4,1,4
2018450293415,2,9,0,4,0,0,0,0,0,0,2,1,6,2,50,8,1591,1,6,6,1,6
2018450293415,3,9,0,2,0,0,0,0,0,0,3,1,1,2,46,8,1956,2,4,8,1,8
2018450293447,1,9,0,2,9,0,0,0,0,0,1,1,3,2,31,6,1798,1,9,10,1,10
2018450293447,2,9,0,2,9,0,0,0,0,0,1,1,3,2,28,6,1596,1,13,4,3,4
2018450293470,1,9,0,18,0,0,0,0,7,0,1,1,5,2,55,8,875,1,-1,9,3,9
2018450293470,2,9,0,18,0,0,1,0,0,0,1,1,5,2,17,4,1149,1,1,10,2,10
2018450293470,3,9,0,18,0,0,0,0,1,0,3,1,5,1,69,10,2496,1,11,10,1,10
2018450293473,1,9,0,18,1,0,0,0,0,0,1,1,6,1,36,7,999,1,-1,6,1,6
2018450293473,2,9,0,18,0,0,0,0,0,0,2,1,5,1,52,8,1598,1,8,4,1,4
2018450293473,3,9,0,18,0,0,0,0,0,0,3,1,2,1,56,9,1896,2,16,9,1,9
2018450293475,1,9,0,5,0,0,0,0,0,0,3,1,2,1,25,5,1560,2,6,5,1,5
2018450293475,2,3,0,18,0,0,0,0,0,0,1,1,2,1,22,5,499,1,13,10,2,10
2018450293478,1,9,0,18,0,0,0,0,0,0,1,1,2,1,30,6,-1,-1,-1,9,1,9
2018450293478,2,19,0,2,0,0,0,0,0,0,2,1,1,1,69,10,1560,2,2,9,1,9
2018450293479,1,4,0,18,0,3,1,0,0,0,4,1,5,2,47,8,998,1,13,10,1,10
2018450293482,1,9,0,18,0,8,0,0,0,0,0,1,6,3,30,6,-1,-1,-1,-1,-1,-1
2018450293522,1,9,0,18,0,0,0,0,0,0,0,1,6,1,51,8,1368,1,3,9,1,9
2018450293522,2,1,0,18,0,0,0,0,0,0,2,1,6,1,18,4,-1,-1,-1,6,1,6
2018450293530,1,1,0,18,0,8,0,0,0,0,3,1,6,2,33,6,-1,-1,-1,4,1,4
2018450293530,2,9,0,7,0,8,0,0,0,0,4,1,6,1,33,6,1388,1,10,7,1,7
2018450293580,1,9,0,18,0,0,0,0,0,0,1,1,6,2,31,6,1560,2,10,6,1,6
2018450293580,2,4,0,18,0,0,0,0,0,0,3,1,6,3,35,6,-1,-1,-1,-1,-1,-1
2018450293633,1,90,0,18,0,1,0,0,0,0,1,1,1,1,34,6,9200,2,10,3,1,3
2018450293633,2,9,0,6,0,7,0,0,0,0,4,1,5,1,70,10,2393,1,8,-1,3,-1
2018450293652,1,19,0,18,0,1,0,4,0,0,1,1,5,1,40,7,2198,2,7,8,1,8
2018450293652,2,19,0,2,0,1,0,0,1,0,3,1,1,1,36,7,2287,2,6,5,1,5
2018450293680,1,9,0,5,0,1,0,0,0,0,1,1,6,1,99,11,1248,1,7,9,1,9
2018450293680,2,1,0,18,0,2,0,0,0,0,3,1,6,1,17,4,-1,-1,-1,10,1,10
2018450293726,1,9,0,2,6,0,0,0,0,0,3,1,6,2,58,9,1968,2,14,10,1,10
2018450293726,2,1,0,18,0,0,0,0,0,0,4,1,5,2,68,10,-1,-1,-1,3,2,3
2018450293839,1,1,0,18,0,0,0,0,0,0,1,1,6,3,22,5,-1,-1,-1,-1,-1,-1
2018450293847,1,4,0,14,0,1,2,0,0,0,4,1,5,1,50,8,1585,2,9,7,1,7
2018450293847,2,19,0,3,0,1,0,0,0,0,1,1,2,1,32,6,1995,2,1,10,1,10
2018450293847,3,9,0,12,0,1,0,0,0,0,1,1,5,1,32,6,1998,1,24,10,2,10
2018450293849,1,9,0,18,0,0,1,0,7,4,1,1,5,1,60,9,1984,1,10,10,1,10
2018450293852,1,9,0,11,0,0,1,0,1,11,3,1,5,1,21,5,1364,1,9,6,1,6
2018450293852,2,21,0,18,0,0,0,0,0,0,2,1,1,1,37,7,12740,2,5,5,1,5
2018450293852,3,9,0,18,0,0,0,0,0,0,1,1,6,3,-1,-1,-1,-1,-1,-1,-1,-1
2018450293898,1,9,0,18,0,0,0,0,0,0,1,1,6,1,59,9,-1,-1,-1,4,1,4
2018450293898,2,9,0,4,0,0,0,0,0,0,2,1,6,2,32,6,2987,2,11,8,1,8
2018450293979,1,9,0,1,0,0,0,0,0,0,2,1,6,2,42,7,1499,1,2,10,1,10
2018450293979,2,23,0,18,0,0,0,0,0,0,1,1,6,1,20,4,-1,-1,-1,4,1,4
2018450294018,1,9,0,18,0,0,1,0,1,9,1,1,6,2,28,6,1995,2,8,7,2,7
2018450294018,2,19,0,18,0,0,0,0,0,0,0,1,6,3,30,6,-1,-1,-1,-1,-1,-1
2018450294117,1,5,0,18,0,8,5,0,6,0,4,1,6,1,68,10,670,1,5,10,1,10