Accident_Index,Vehicle_Reference,Vehicle_Type,Towing_and_Articulation,Vehicle_Manoeuvre,Vehicle_Location-Restricted_Lane,Junction_Location,Skidding_and_Overturning,Hit_Object_in_Carriageway,Vehicle_Leaving_Carriageway,Hit_Object_off_Carriageway,1st_Point_of_Impact,Was_Vehicle_Left_Hand_Drive?,Journey_Purpose_of_Driver,Sex_of_Driver,Age_of_Driver,Age_Band_of_Driver,Engine_Capacity_(CC),Propulsion_Code,Age_of_Vehicle,Driver_IMD_Decile,Driver_Home_Area_Type,Vehicle_IMD_Decile
2018450298373,1,9,0,18,0,0,0,0,0,0,2,1,5,1,69,10,1999,1,12,9,1,9
2018450298373,2,9,0,4,0,0,0,0,0,0,2,1,5,1,35,6,1997,2,4,4,1,4
2018450298373,3,9,0,4,0,0,0,0,0,0,1,1,5,1,47,8,1995,2,5,10,2,10
2018450298399,1,19,0,1,0,0,0,0,0,0,2,1,6,1,53,8,2148,2,11,10,1,10
2018450298451,1,9,0,18,0,0,0,0,0,0,1,1,6,1,45,7,998,1,5,7,1,7
2018450298502,1,9,0,18,0,0,0,0,0,0,1,1,6,1,36,7,1242,1,4,9,1,9
2018450298502,2,9,0,18,0,0,0,0,0,0,1,1,6,1,45,7,1794,1,16,8,1,8
2018450298502,3,9,0,18,0,0,0,0,0,0,1,1,6,3,45,7,-1,-1,-1,-1,-1,-1
2018450298677,1,9,0,9,0,1,0,0,0,0,2,1,5,1,62,9,1368,1,1,9,3,9
2018450298677,2,9,0,18,0,1,0,0,0,0,1,1,5,2,32,6,1339,1,15,9,3,9
2018450298677,3,9,0,18,0,1,0,0,0,0,1,1,5,1,72,10,1582,2,8,10,2,10
2018450298701,1,9,0,17,0,0,0,0,1,9,1,1,5,1,57,9,1796,1,10,7,2,7
2018450298706,1,9,0,18,0,0,0,0,0,0,1,1,5,2,27,6,999,1,2,8,1,8
2018450298706,2,9,0,17,0,0,5,0,0,0,1,1,1,1,25,5,1896,2,15,5,1,5
2018450298726,1,9,0,18,0,0,0,0,0,0,1,1,5,1,36,7,1596,1,13,3,1,3
2018450298726,2,9,0,4,0,0,0,0,0,0,2,1,5,1,45,7,1598,1,4,9,1,9
2018450298726,3,9,0,4,0,0,0,0,0,0,2,1,5,1,52,8,1995,2,4,7,3,7
2018450298741,1,9,0,18,0,1,0,0,0,0,1,1,1,1,51,8,1956,2,5,9,1,9
2018450298741,2,9,0,18,0,1,0,0,0,0,3,1,2,1,31,6,1997,1,6,5,1,5
2018450298780,1,19,0,18,0,3,0,0,1,2,1,1,1,1,34,6,1968,2,3,6,1,6
2018450298821,1,9,0,9,0,8,0,0,0,0,1,1,2,1,24,5,1198,1,11,8,1,8
2018450298821,2,1,0,18,0,1,0,0,0,0,1,1,5,1,72,10,-1,-1,-1,10,1,10
2018450298824,1,9,0,9,0,1,0,0,0,0,2,1,5,2,54,8,1596,1,7,10,3,10
2018450298824,2,9,0,18,0,1,0,0,0,0,1,1,6,1,69,10,-1,-1,-1,8,3,8
2018450298825,1,9,0,4,0,0,0,0,0,0,3,1,5,2,39,7,1200,1,1,6,1,6
2018450298825,2,4,0,4,0,0,0,0,0,0,1,1,5,1,19,4,124,1,5,7,1,7
2018450298825,3,4,0,13,0,0,0,0,0,0,0,1,5,1,19,4,660,1,5,3,1,3
2018450298893,1,1,0,18,0,0,0,0,0,0,1,1,6,1,19,4,-1,-1,-1,9,1,9
2018450298893,2,9,0,18,0,0,0,0,0,0,1,1,6,1,45,7,2188,2,11,9,1,9
2018450298899,1,1,0,18,0,0,1,0,0,0,1,1,6,1,34,6,-1,-1,-1,9,1,9
2018450298899,2,9,0,18,0,0,0,0,0,0,0,1,6,2,-1,-1,2698,2,11,9,3,9
2018450298899,3,1,0,18,0,0,0,0,0,0,1,1,6,3,-1,-1,-1,-1,-1,9,1,9
2018450299097,1,9,0,18,0,0,0,0,0,0,1,1,5,1,83,11,1332,1,7,5,1,5
2018450299097,2,9,0,9,0,0,0,0,0,0,4,1,5,1,39,7,1364,1,-1,8,1,8
2018450299139,1,19,0,18,0,0,0,0,0,0,0,1,1,1,63,9,2198,2,5,2,1,2
2018450299139,2,5,0,18,0,0,2,0,0,0,0,1,1,1,32,6,592,1,25,4,1,4
2018450299157,1,9,0,9,0,1,0,0,0,0,1,2,5,1,28,6,1796,1,19,5,1,5
2018450299157,2,4,0,18,0,1,0,0,0,0,1,1,5,1,51,8,1078,1,2,8,1,8
2018450299157,3,4,0,18,0,1,0,0,0,0,1,1,5,1,34,6,999,1,7,7,1,7
2018450299213,1,9,0,18,0,1,0,4,0,0,4,1,6,2,51,8,1997,1,20,6,1,6
2018450299213,2,9,0,2,0,2,0,0,0,0,3,1,6,3,-1,-1,-1,-1,-1,-1,-1,-1
2018450299220,1,9,0,7,0,6,0,0,0,0,1,1,2,2,21,5,1149,1,15,4,1,4
2018450299220,2,21,0,18,0,1,0,0,7,5,1,1,1,1,34,6,6692,2,7,4,1,4
2018450299220,3,9,0,9,0,1,0,0,0,0,1,1,2,2,47,8,1995,2,4,7,1,7
2018450299222,1,9,0,5,0,1,0,0,0,0,1,1,5,2,20,4,998,1,3,10,1,10
2018450299222,2,9,0,18,0,1,0,0,3,0,1,1,1,2,43,7,2199,2,8,8,3,8
2018450299224,1,9,0,18,0,1,0,0,0,0,4,1,6,3,33,6,-1,-1,-1,-1,-1,-1
2018450299561,1,9,0,17,0,2,1,0,0,0,1,1,3,1,49,8,2480,1,1,9,2,9
2018450299561,2,8,0,16,0,1,1,0,7,4,1,1,1,1,47,8,1598,2,7,3,1,3
2018450299585,1,9,0,18,0,1,0,0,0,0,2,1,5,2,22,5,1968,2,6,5,1,5
2018450299585,2,19,0,4,0,1,0,0,0,0,2,1,2,1,37,7,1248,2,7,2,1,2
2018450299585,3,9,0,18,0,1,0,0,0,0,1,1,5,2,71,10,1248,1,2,9,1,9
2018450299591,1,9,0,18,0,0,1,0,1,10,4,1,5,1,30,6,2000,1,8,9,1,9
2018450299591,2,90,0,12,0,0,0,0,0,0,3,1,1,2,22,5,2987,2,5,8,1,8
2018450299591,3,19,0,12,0,0,0,0,0,0,0,1,1,1,41,7,1499,2,1,3,1,3
2018450299592,1,9,0,18,0,1,0,0,0,0,1,1,5,1,36,7,1390,1,15,6,1,6
2018450299592,2,9,0,4,0,1,0,0,0,0,2,1,2,2,29,6,1422,2,10,8,1,8
2018450299592,3,9,0,2,0,1,0,0,0,0,2,1,5,2,37,7,1368,1,12,9,1,9
2018450299593,1,9,0,4,0,0,0,0,0,0,1,1,1,1,20,4,1242,1,14,7,1,7
2018450299593,2,9,0,4,0,0,0,0,0,0,2,1,5,1,75,10,1499,1,2,9,1,9
2018450299597,1,9,0,18,0,6,0,0,1,0,1,1,5,1,46,8,2495,1,25,7,1,7
2018450299597,2,9,0,18,0,8,2,0,0,0,4,1,5,1,73,10,999,1,3,10,1,10
2018450299598,1,9,0,18,0,0,0,0,0,0,1,1,5,1,19,4,998,1,2,6,3,6
2018450299598,2,9,0,6,0,0,0,0,0,0,3,1,6,2,29,6,1798,1,13,10,2,10
2018450299601,1,9,0,18,0,0,0,0,0,0,1,1,5,1,76,11,2993,2,3,10,1,10
2018450299601,2,9,0,4,0,0,0,0,0,0,2,1,5,1,44,7,1991,8,2,10,1,10
2018450299692,1,9,0,18,0,0,0,0,0,0,1,1,6,3,33,6,-1,-1,-1,-1,-1,-1
2018450299779,1,4,0,18,0,0,0,0,0,0,1,1,6,3,22,5,-1,-1,-1,-1,-1,-1
2018450299814,1,20,0,18,0,0,0,0,0,0,1,1,6,1,45,7,-1,-1,-1,-1,-1,-1
2018450299814,2,9,0,4,0,0,0,0,0,0,2,1,6,1,38,7,2993,2,4,6,1,6
2018450299899,1,1,0,18,0,0,0,0,1,0,4,1,5,1,70,10,-1,-1,-1,9,1,9
2018450299928,1,9,0,10,0,0,0,0,0,0,2,1,5,2,59,9,1834,1,15,10,1,10
2018450299928,2,9,0,16,0,0,0,0,0,0,1,1,5,2,73,10,1896,2,11,5,1,5
2018450299947,1,9,0,18,0,0,1,0,0,0,1,1,5,1,76,11,1995,1,10,10,1,10
2018450299947,2,9,0,18,0,0,1,0,0,0,2,1,1,1,29,6,1461,2,1,9,1,9
2018450299947,3,9,0,18,0,0,0,0,0,0,2,1,1,1,49,8,1968,2,9,10,3,10
2018450299953,1,9,0,5,0,0,0,0,0,0,3,1,5,2,57,9,1998,1,22,6,1,6
2018450299953,2,3,0,18,0,0,0,0,0,0,1,1,2,1,25,5,124,1,19,3,2,3
2018450299991,1,9,0,5,0,0,0,0,7,0,1,1,5,1,35,6,1390,1,17,6,1,6
2018450299991,2,1,0,18,0,0,0,0,0,0,1,1,5,2,39,7,-1,-1,-1,8,1,8
2018450299997,1,9,0,9,0,8,0,0,0,0,4,1,5,2,37,7,2290,1,12,9,1,9
2018450299997,2,1,0,18,0,1,0,0,0,0,1,1,6,1,28,6,-1,-1,-1,10,1,10
2018450300009,2,9,0,17,0,2,0,0,0,0,3,1,5,1,34,6,2993,2,1,6,-1,6
2018450300009,3,4,0,18,0,1,0,0,0,0,1,1,5,1,16,4,-1,-1,-1,8,1,8
2018450300011,1,9,0,18,0,0,0,10,1,2,1,1,5,1,44,7,1240,1,12,4,1,4
2018450300025,1,9,0,18,0,2,0,0,0,0,3,1,5,2,44,7,1598,1,7,9,1,9
2018450300029,1,9,0,10,0,0,0,0,0,0,1,1,6,1,40,7,1999,1,11,8,1,8
2018450300036,1,9,0,18,0,1,0,0,0,0,1,1,5,2,18,4,1149,1,11,8,1,8
2018450300036,2,2,0,4,0,1,0,0,0,0,2,1,5,1,19,4,124,1,6,8,1,8
2018450300037,1,9,0,3,0,0,0,0,0,0,2,1,5,1,49,8,1998,8,3,10,1,10
2018450300037,2,9,0,3,0,0,0,0,0,0,2,1,5,1,17,4,1390,1,7,8,1,8
2018450300037,3,9,0,18,0,0,0,0,0,0,1,1,5,2,24,5,1197,1,1,8,1,8
2018450300038,1,9,0,4,9,0,0,0,0,0,2,1,5,1,29,6,2996,1,10,2,1,2
2018450300038,2,9,0,18,0,0,0,0,0,0,1,1,6,1,40,7,-1,-1,-1,5,1,5
2018450300039,1,9,0,18,0,0,0,0,1,7,1,1,5,1,22,5,-1,-1,-1,6,1,6
2018450300046,1,9,0,3,0,4,0,0,0,0,1,1,6,1,33,6,1991,2,12,6,1,6
2018450300056,1,9,0,18,0,0,0,0,0,0,1,1,2,2,23,5,1390,1,4,10,2,10
2018450300056,2,1,0,16,0,0,2,0,0,0,1,1,5,1,33,6,-1,-1,-1,9,1,9
2018450300062,1,9,0,18,0,2,0,0,0,0,1,1,1,2,29,6,1598,1,11,10,1,10
2018450300062,3,1,0,18,0,8,0,0,0,0,1,1,6,2,28,6,-1,-1,-1,10,1,10
2018450300066,1,9,0,18,0,8,0,0,0,0,1,1,5,1,49,8,1582,2,5,10,1,10
2018450300066,2,3,0,9,0,8,0,0,0,0,3,1,5,1,61,9,125,1,9,10,1,10
2018450300082,1,4,0,18,6,0,0,0,0,0,1,1,1,1,52,8,599,1,17,9,3,9
2018450300082,2,9,0,18,0,0,0,0,0,0,1,1,6,1,46,8,1995,1,11,4,1,4
2018450300090,1,9,0,18,0,0,1,0,0,0,1,1,5,1,35,6,1798,1,10,5,1,5
2018450300090,2,9,0,18,0,0,2,0,1,0,2,1,2,1,50,8,1560,2,5,4,2,4
2018450300138,1,1,0,18,0,0,0,0,0,0,1,1,6,1,51,8,-1,-1,-1,10,1,10
2018450300138,2,9,0,18,0,0,0,0,0,0,1,1,6,3,33,6,-1,-1,-1,-1,-1,-1
2018450300264,1,9,0,16,0,0,0,0,0,0,4,1,5,1,31,6,1968,2,13,4,1,4
2018450300264,2,3,0,17,0,0,2,0,2,0,3,1,2,1,23,5,124,1,5,4,1,4
2018450300286,1,9,0,11,0,0,5,0,2,7,4,1,2,1,52,8,1991,2,12,7,1,7
2018450300366,1,9,0,15,0,0,0,4,0,0,4,1,5,1,19,4,-1,-1,-1,10,1,10
2018450300366,2,19,0,2,9,0,0,0,0,0,3,1,1,1,58,9,1560,2,4,8,1,8
2018450300368,1,9,0,18,0,0,0,0,0,0,1,1,2,1,60,9,2987,2,4,10,2,10
2018450300368,2,9,0,4,0,0,0,0,0,0,2,1,1,2,19,4,998,1,5,9,1,9
2018450300368,3,9,0,18,0,0,0,0,0,0,2,1,6,1,44,7,1368,1,8,10,1,10
2018450300371,1,9,0,18,0,0,0,0,0,0,3,1,2,1,47,8,1240,1,14,5,1,5
2018450300371,2,9,0,18,0,0,0,0,0,0,3,1,6,1,48,8,1798,8,2,9,1,9
2018450300374,1,9,0,5,6,6,0,0,0,0,1,1,2,1,25,5,1360,1,14,3,1,3
2018450300374,2,9,0,5,6,1,0,0,0,0,2,1,5,2,45,7,1596,1,9,7,3,7
2018450300375,1,9,0,18,9,2,5,0,3,11,3,1,2,1,38,7,1560,2,6,8,1,8
2018450300375,2,9,0,18,9,1,0,7,7,2,1,1,3,2,68,10,1991,2,7,10,1,10
2018450300377,1,9,0,4,0,0,0,0,0,0,0,1,2,2,31,6,1496,2,-1,1,1,1
2018450300377,2,9,0,4,0,0,0,0,0,0,4,1,1,2,54,8,1950,2,1,7,1,7
2018450300377,3,9,0,18,0,0,0,0,0,0,1,1,5,2,20,4,1242,1,13,2,1,2
2018450300377,4,19,0,18,0,0,0,0,0,0,2,1,2,1,61,9,1560,2,2,4,3,4
2018450300377,5,9,0,18,0,0,0,0,0,0,1,1,5,1,58,9,1197,1,-1,8,1,8
2018450300380,1,9,0,18,0,0,0,0,8,10,1,1,5,1,42,7,1798,1,7,10,1,10
2018450300380,2,9,0,18,0,0,0,0,0,0,1,1,1,2,19,4,1299,1,17,9,2,9
2018450300381,1,9,0,9,0,8,0,0,0,0,1,1,2,1,22,5,1422,2,12,8,1,8
2018450300381,2,9,0,18,0,8,0,0,7,0,4,1,3,1,49,8,1968,2,6,10,1,10
2018450300384,1,9,0,18,0,0,0,0,0,0,1,1,5,1,74,10,-1,3,3,10,3,10
2018450300384,2,9,0,18,0,0,0,0,0,0,1,1,5,2,54,8,2143,2,3,10,3,10
2018450300520,1,1,0,18,0,0,0,10,0,0,1,1,4,1,11,3,-1,-1,-1,6,1,6
2018450300766,1,9,0,18,0,1,0,0,0,0,1,1,5,2,29,6,2497,1,17,9,1,9
2018450300766,2,9,0,9,0,8,0,0,0,0,3,1,5,2,83,11,1197,1,4,9,1,9
2018450300769,1,1,0,5,0,4,0,0,6,0,1,1,5,2,66,10,-1,-1,-1,8,1,8
2018450300769,2,9,0,17,0,3,0,0,0,0,1,1,5,2,44,7,1598,1,5,9,1,9
2018450300773,1,9,0,18,0,0,0,0,0,0,3,1,6,1,19,4,1995,2,5,3,1,3
2018450300773,2,9,0,18,0,0,0,0,0,0,4,1,1,1,34,6,1984,1,3,4,2,4
2018450300773,3,9,0,18,0,0,0,0,0,0,1,1,1,1,31,6,2993,2,1,7,1,7
2018450300773,4,9,0,18,0,0,0,0,0,0,1,1,1,1,40,7,2993,2,2,8,1,8
2018450300773,5,9,0,18,0,0,0,0,0,0,1,1,1,1,38,7,2993,2,4,9,2,9
2018450300898,1,9,0,3,0,0,0,0,0,0,4,1,6,1,33,6,1360,1,12,10,1,10
2018450300898,2,1,0,18,0,0,0,0,0,0,1,1,6,1,33,6,-1,-1,-1,-1,-1,-1
2018450300963,1,9,0,18,0,0,0,0,0,0,2,1,2,1,61,9,1991,1,2,10,1,10
2018450300963,2,9,0,12,0,0,0,0,0,0,1,1,2,2,48,8,1587,1,13,10,1,10
2018450301106,1,9,0,18,0,0,1,0,4,0,1,1,2,2,40,7,1461,2,1,5,1,5
2018450301106,2,9,0,18,0,0,0,0,0,0,2,1,5,1,30,6,998,1,9,8,2,8
2018450301106,3,9,0,4,0,0,0,0,0,0,2,1,2,1,42,7,999,1,2,5,1,5
2018450301178,1,1,0,18,0,0,5,0,0,0,0,1,5,1,47,8,-1,-1,-1,6,1,6
2018450301279,1,3,0,18,0,8,0,0,0,0,4,1,6,1,18,4,124,1,6,5,1,5
2018450301279,2,9,0,18,0,8,0,0,0,0,3,1,6,2,33,6,1560,2,3,3,1,3
2018450301309,1,9,0,18,0,1,0,0,0,0,3,1,6,1,54,8,-1,-1,-1,9,1,9
2018450301309,2,9,0,18,0,1,0,0,0,0,4,1,6,2,39,7,1598,1,8,4,1,4
2018450301347,1,9,0,1,0,0,0,0,0,0,2,1,6,2,62,9,1468,1,11,9,1,9
2018450301347,2,1,0,18,0,0,0,0,0,0,1,1,6,1,33,6,-1,-1,-1,6,2,6
2018450301556,1,9,0,4,0,0,0,0,0,0,2,1,5,2,70,10,1984,1,2,10,1,10
2018450301556,2,9,0,18,0,0,0,0,0,0,2,1,5,2,23,5,1598,1,8,8,1,8
2018450301556,3,9,0,4,0,0,0,0,0,0,1,1,2,1,57,9,1388,1,11,8,1,8
2018450301560,1,1,0,18,0,0,0,0,0,0,0,1,4,1,14,3,-1,-1,-1,8,1,8
2018450301567,1,9,0,1,0,0,0,0,0,0,1,1,6,1,73,10,-1,-1,-1,5,3,5
2018450301567,2,9,0,3,0,0,0,0,0,0,1,1,6,2,83,11,1498,1,1,5,1,5
2018450301567,3,9,0,3,0,0,0,0,0,0,3,1,6,2,27,6,1598,2,8,6,1,6
2018450301569,1,9,0,16,0,0,0,0,0,0,1,1,5,2,50,8,1598,1,12,3,1,3
2018450301569,2,9,0,17,0,0,0,0,0,0,3,1,2,2,52,8,1900,2,12,4,1,4
2018450301573,1,9,0,9,0,4,0,0,3,10,3,1,5,1,83,11,1598,1,10,8,1,8
2018450301573,2,9,0,18,0,3,0,0,0,0,1,1,1,2,21,5,1461,2,6,8,1,8
2018450301575,1,9,0,10,0,5,0,0,0,0,2,1,2,2,43,7,1560,2,7,10,1,10
2018450301575,2,9,0,18,0,1,0,0,0,0,1,1,6,1,68,10,2544,1,18,10,1,10
2018450301578,1,9,0,12,0,0,1,0,7,11,1,1,5,1,18,4,1198,1,14,9,1,9
2018450301722,1,9,0,18,0,0,0,0,0,0,0,1,6,3,33,6,-1,-1,-1,-1,-1,-1
2018450301862,1,1,0,18,0,0,5,0,0,0,4,1,5,2,37,7,-1,-1,-1,8,1,8
2018450301867,1,9,0,18,0,0,0,0,0,0,1,1,5,2,26,6,1598,1,9,4,1,4
2018450301867,2,9,0,3,0,0,0,0,0,0,2,1,2,1,53,8,1999,2,1,5,1,5
2018450301867,3,9,0,4,0,0,0,0,0,0,2,1,5,2,52,8,1999,1,7,6,3,6
2018450301869,1,3,0,15,0,0,0,0,0,0,1,1,2,2,41,7,125,1,2,7,1,7
2018450301869,2,9,0,9,0,0,0,0,0,0,4,1,4,1,64,9,3993,1,2,9,1,9
2018450301878,1,9,0,3,0,1,0,0,0,0,2,1,2,1,35,6,1995,2,1,3,1,3
2018450301878,2,9,0,3,0,1,0,0,0,0,2,1,2,1,67,10,1968,2,5,10,1,10
2018450301878,3,9,0,18,0,1,0,0,0,0,1,1,1,1,34,6,2143,2,6,5,1,5
2018450301900,1,19,0,18,0,0,0,0,0,0,1,1,5,1,28,6,1560,2,3,8,3,8
2018450301900,2,11,0,18,0,0,0,0,0,0,3,1,1,1,62,9,4500,2,9,4,1,4
2018450301904,1,5,0,16,0,0,2,0,0,0,1,1,5,1,59,9,-1,-1,-1,5,1,5
2018450301904,2,9,0,9,0,0,0,0,0,0,1,1,5,2,64,9,1896,2,15,3,1,3
2018450301907,1,9,0,7,0,8,0,0,0,0,1,1,5,1,76,11,1761,1,18,8,1,8
2018450301907,2,5,0,18,0,1,0,0,0,0,2,1,1,1,43,7,670,1,5,8,2,8
2018450301911,1,9,0,18,0,1,0,0,1,0,1,1,2,1,49,8,2148,2,12,10,1,10
2018450301911,2,9,0,2,6,1,0,0,0,0,2,1,5,1,30,6,1598,1,7,7,1,7
2018450301911,3,9,0,2,0,2,0,0,0,0,3,1,6,2,31,6,1598,1,5,7,1,7
2018450301915,1,9,0,18,0,8,0,0,0,0,1,1,1,1,27,6,1497,8,10,10,1,10
2018450301915,2,9,0,17,0,8,0,0,0,0,1,1,5,1,24,5,1299,1,13,10,1,10
2018450301990,1,9,0,17,0,0,0,0,0,0,4,1,5,1,65,9,1968,2,12,8,1,8
2018450301990,2,1,0,16,0,0,0,0,0,0,1,1,5,1,45,7,-1,-1,-1,9,1,9
2018450301991,1,9,0,18,0,0,0,0,0,0,1,1,5,1,50,8,-1,-1,-1,4,1,4
2018450301996,1,9,0,6,0,3,0,0,0,0,1,1,5,1,38,7,1198,1,3,8,1,8
2018450301996,2,9,0,18,0,3,0,0,0,0,1,1,5,1,68,10,1197,1,1,4,2,4
2018450301996,3,9,0,18,0,4,0,0,0,0,0,1,1,1,50,8,2967,2,4,4,2,4
2018450302001,1,9,0,1,0,0,0,0,0,0,2,1,6,1,38,7,2979,1,4,10,1,10
2018450302006,1,19,0,9,0,6,0,0,0,0,1,1,2,1,25,5,1598,2,6,10,1,10
2018450302006,2,9,0,18,0,1,0,0,0,0,4,1,5,1,68,10,2362,1,15,5,1,5
2018450302013,1,5,0,18,0,0,5,0,0,0,1,1,2,1,45,7,1000,1,10,8,1,8
2018450302013,2,9,0,12,0,0,0,0,0,0,0,1,5,1,43,7,1598,2,-1,6,1,6
2018450302017,1,9,0,18,0,1,0,0,0,0,1,1,6,2,45,7,1598,1,2,6,3,6
2018450302021,1,9,0,13,0,0,0,0,0,0,4,1,5,1,21,5,1582,2,4,10,1,10
2018450302021,2,9,0,4,0,0,0,0,0,0,4,1,1,1,42,7,2993,2,3,9,1,9
2018450302021,3,9,0,4,0,0,0,0,0,0,3,1,1,1,33,6,2993,2,1,10,1,10
2018450302021,4,9,0,4,0,0,0,0,0,0,0,1,1,1,38,7,2967,2,4,8,1,8
2018450302024,1,9,0,18,0,1,0,0,0,0,1,1,5,1,41,7,-1,-1,-1,10,1,10
2018450302024,2,9,0,3,0,1,0,0,0,0,2,1,5,1,26,6,999,1,1,1,1,1
2018450302045,1,9,0,18,0,0,1,0,0,0,3,1,1,1,34,6,2891,1,2,5,1,5
2018450302052,1,11,0,18,0,0,0,0,0,0,3,1,3,1,60,9,1997,2,1,6,1,6
2018450302052,2,9,0,18,0,0,0,0,0,0,1,1,2,1,59,9,-1,-1,-1,8,3,8
2018450302058,1,2,0,9,0,6,5,0,0,0,3,1,5,1,22,5,49,1,14,6,1,6
2018450302073,1,9,0,4,0,8,0,0,0,0,1,1,5,2,64,9,1497,8,-1,1,1,1
2018450302073,2,8,0,3,0,1,0,0,0,0,2,1,1,1,47,8,1598,2,3,1,1,1
2018450302075,1,5,0,16,0,8,0,0,1,0,1,1,5,1,74,10,1745,1,2,5,1,5
2018450302075,2,21,0,17,0,8,0,0,0,0,4,1,1,1,52,8,10837,2,-1,4,2,4
2018450302076,1,19,0,18,0,0,0,11,1,1,1,1,5,1,28,6,1598,2,2,7,1,7
2018450302092,1,9,0,16,0,1,0,0,2,4,1,1,1,1,42,7,1149,1,16,4,1,4
2018450302094,1,9,0,5,0,4,0,0,0,0,1,1,5,1,21,5,1991,1,5,2,1,2
2018450302094,2,9,0,5,0,4,0,0,0,0,1,1,5,1,19,4,1598,2,3,6,1,6
2018450302095,1,9,0,18,0,0,5,0,0,0,2,1,5,1,41,7,1349,1,5,10,1,10
2018450302095,2,9,0,11,0,0,2,0,0,0,4,1,5,2,44,7,1498,1,8,9,1,9
2018450302096,1,9,0,18,0,0,1,11,1,11,1,1,5,1,26,6,1598,1,17,10,1,10
2018450302096,2,9,0,18,0,0,0,0,0,0,1,1,5,1,27,6,1390,1,10,10,1,10
2018450302096,3,9,0,2,0,0,0,4,0,0,4,1,6,3,-1,-1,-1,-1,-1,-1,-1,-1
2018450302097,1,9,0,17,0,0,0,0,1,0,1,1,5,2,75,10,1339,8,8,5,3,5
2018450302097,2,19,0,11,0,0,0,0,0,0,3,1,5,2,52,8,2198,2,6,8,2,8
2018450302164,1,9,0,18,0,0,0,0,0,0,3,1,1,1,57,9,2477,2,12,4,1,4
2018450302164,2,9,0,18,0,0,0,0,0,0,4,1,1,3,-1,-1,-1,-1,-1,-1,-1,-1
2018450302195,1,9,0,18,0,0,0,0,0,0,4,1,6,1,56,9,2993,2,-1,6,3,6
2018450302195,2,21,0,18,0,0,0,0,0,0,3,1,1,1,27,6,12777,2,12,7,1,7
2018450302231,1,1,0,18,0,0,0,0,0,0,1,1,6,1,49,8,-1,-1,-1,9,1,9
2018450302231,2,9,0,18,0,0,0,0,0,0,1,1,6,3,44,7,-1,-1,-1,-1,-1,-1
2018450302333,1,9,0,4,0,0,0,0,0,0,1,1,2,2,34,6,1984,1,12,8,1,8
2018450302333,2,19,0,18,0,0,0,0,0,0,2,1,5,2,48,8,-1,-1,-1,9,1,9
2018450302333,3,9,0,18,0,0,0,0,0,0,2,1,6,1,65,9,2987,2,6,7,1,7
2018450302379,1,3,0,9,0,2,1,0,0,0,4,1,6,1,22,5,-1,-1,-1,4,1,4
2018450302379,2,9,0,9,0,1,0,0,0,0,0,2,1,1,45,7,2993,2,2,-1,-1,-1
2018450302442,1,1,0,18,0,0,5,0,0,0,1,1,6,1,71,10,-1,-1,-1,10,2,10
2018450302452,1,8,0,4,0,0,0,0,0,0,2,1,1,1,41,7,1968,2,3,3,1,3
2018450302452,2,9,0,18,0,0,0,0,0,0,2,1,2,1,42,7,2198,2,10,9,1,9
2018450302452,3,9,0,18,0,0,0,0,0,0,1,1,2,1,37,7,1498,1,9,1,1,1
2018450302466,1,9,0,4,0,0,0,0,0,0,2,1,5,2,54,8,1149,1,10,10,2,10
2018450302466,2,9,0,4,0,0,0,0,0,0,2,1,5,2,38,7,1198,1,11,4,1,4
2018450302466,3,19,4,18,0,0,1,0,0,0,1,1,2,1,29,6,2198,2,6,7,1,7
2018450302472,1,9,0,18,9,0,0,7,3,11,1,1,6,2,69,10,2993,2,4,10,1,10
2018450302476,1,9,0,5,0,6,0,0,0,0,1,1,5,2,34,6,1229,1,7,4,1,4
2018450302476,2,9,0,18,0,8,0,0,0,0,1,1,5,2,47,8,2967,2,3,10,1,10
2018450302507,1,1,0,16,0,0,5,0,7,4,4,1,5,1,23,5,-1,-1,-1,9,1,9
2018450302552,1,9,0,18,0,0,0,0,0,0,1,1,6,1,28,6,2204,2,9,5,1,5
2018450302552,2,9,0,18,0,0,0,0,0,0,1,1,6,2,30,6,999,1,3,9,1,9
2018450302568,1,9,0,18,0,0,0,0,0,0,2,1,5,1,70,10,1461,2,3,9,1,9
2018450302568,2,9,0,18,0,0,0,0,0,0,1,1,6,1,20,4,1124,1,17,5,1,5
2018450302581,1,1,0,10,0,1,0,0,0,0,1,1,6,1,29,6,-1,-1,-1,7,3,7
2018450302581,2,20,0,10,0,1,0,0,0,0,3,1,6,1,33,6,-1,-1,-1,5,1,5
2018450302623,1,9,0,18,0,0,0,0,0,0,1,1,6,3,33,6,-1,-1,-1,-1,-1,-1
2018450302661,1,2,0,4,0,0,0,0,0,0,1,1,6,2,17,4,49,1,2,5,1,5
2018450302676,1,9,0,18,0,0,0,0,0,0,1,1,6,1,17,4,1229,1,11,5,1,5
2018450302676,2,9,0,18,0,0,0,0,0,0,0,1,6,3,50,8,-1,-1,-1,-1,-1,-1
2018450302705,1,9,0,18,0,0,0,0,0,0,1,1,1,1,27,6,2179,2,10,10,1,10