Accident_Index,Vehicle_Reference,Vehicle_Type,Towing_and_Articulation,Vehicle_Manoeuvre,Vehicle_Location-Restricted_Lane,Junction_Location,Skidding_and_Overturning,Hit_Object_in_Carriageway,Vehicle_Leaving_Carriageway,Hit_Object_off_Carriageway,1st_Point_of_Impact,Was_Vehicle_Left_Hand_Drive?,Journey_Purpose_of_Driver,Sex_of_Driver,Age_of_Driver,Age_Band_of_Driver,Engine_Capacity_(CC),Propulsion_Code,Age_of_Vehicle,Driver_IMD_Decile,Driver_Home_Area_Type,Vehicle_IMD_Decile
2018450307441,1,9,0,16,0,0,0,0,1,4,1,1,5,1,31,6,1298,1,17,6,1,6
2018450307554,1,5,0,17,0,0,2,0,1,0,3,1,5,1,75,10,904,1,22,6,3,6
2018450307561,1,3,0,16,0,0,2,0,0,0,3,1,2,1,18,4,102,1,1,8,3,8
2018450307561,2,21,0,18,0,0,0,0,0,0,1,2,1,1,53,8,-1,-1,-1,8,1,8
2018450307580,1,9,0,9,0,8,0,0,0,0,1,1,5,2,72,10,1360,1,9,10,1,10
2018450307580,2,1,0,18,0,1,0,0,0,0,1,1,5,1,29,6,-1,-1,-1,-1,-1,-1
2018450307627,1,8,0,13,0,0,0,0,0,0,4,1,1,1,64,9,1995,2,8,-1,-1,-1
2018450307627,2,9,0,3,0,0,0,0,0,0,3,1,5,2,64,9,1364,1,1,8,1,8
2018450307627,3,90,0,6,0,0,0,0,0,0,0,1,1,1,56,9,2970,2,2,6,1,6
2018450307633,1,19,0,18,0,0,0,0,0,0,0,1,1,1,57,9,2488,2,8,6,1,6
2018450307633,2,9,0,18,0,0,0,11,1,0,1,1,5,2,39,7,1991,2,10,8,3,8
2018450307633,3,9,0,17,0,0,0,11,0,0,1,1,5,2,26,6,1364,1,11,10,2,10
2018450307700,1,8,0,12,0,0,0,0,0,0,1,1,1,1,48,8,1997,2,10,10,1,10
2018450307700,2,9,0,4,0,0,0,0,0,0,2,1,1,1,36,7,1998,8,2,2,1,2
2018450307783,1,9,0,18,0,0,0,0,0,0,3,1,6,1,-1,-1,-1,-1,-1,6,1,6
2018450307783,2,9,0,18,0,0,0,0,0,0,4,1,6,1,23,5,1229,1,5,7,1,7
2018450307925,1,9,0,18,0,0,0,0,0,0,1,1,5,1,66,10,1000,1,5,9,1,9
2018450307925,2,9,0,17,0,0,0,0,1,0,1,1,1,1,31,6,1968,2,11,10,1,10
2018450307978,1,9,0,6,0,0,0,0,0,0,3,1,5,1,19,4,2720,2,11,7,3,7
2018450307978,2,4,0,13,0,0,0,0,0,0,1,1,5,1,60,9,500,1,-1,6,1,6
2018450307980,1,5,0,18,0,0,1,11,0,0,4,1,5,1,23,5,649,1,18,7,1,7
2018450307981,1,9,0,9,0,6,0,0,0,0,3,1,5,1,84,11,1339,1,12,8,3,8
2018450307981,2,5,0,18,0,1,1,0,0,0,3,1,5,1,58,9,865,1,2,9,1,9
2018450307982,1,9,0,14,0,0,0,0,0,0,1,1,5,1,56,9,2231,2,12,6,1,6
2018450307982,2,9,0,4,0,0,0,0,0,0,4,1,5,1,21,5,1986,2,13,8,1,8
2018450307982,3,9,0,2,0,0,0,0,0,0,0,1,6,3,45,7,3199,1,16,-1,-1,-1
2018450307984,1,5,0,18,0,0,5,0,0,0,4,1,2,1,53,8,847,1,2,7,1,7
2018450307984,2,9,0,12,0,0,0,0,0,0,3,1,5,1,53,8,2967,2,5,4,1,4
2018450307984,3,9,0,18,0,0,0,0,0,0,4,1,2,2,55,8,1968,2,11,9,1,9
2018450307984,4,9,0,18,0,0,0,0,0,0,2,1,2,1,45,7,-1,-1,-1,7,3,7
2018450307986,1,9,0,18,0,1,0,0,0,0,1,1,6,2,35,6,998,1,7,10,1,10
2018450307986,2,9,0,4,0,8,0,0,0,0,3,1,5,2,21,5,1995,2,1,10,1,10
2018450307986,3,9,0,12,0,7,5,0,5,6,4,1,2,2,36,7,1956,2,3,10,1,10
2018450308230,1,9,0,9,0,2,0,0,0,0,3,1,2,2,49,8,1596,1,13,5,1,5
2018450308230,2,9,0,18,0,3,0,0,0,0,1,1,2,1,32,6,-1,-1,-1,10,1,10
2018450308254,1,21,0,18,0,0,0,0,0,0,1,1,1,1,48,8,4485,2,-1,3,1,3
2018450308254,2,9,0,4,0,0,0,0,0,0,2,1,5,1,27,6,1591,1,3,4,1,4
2018450308261,1,1,0,18,9,1,0,0,0,0,0,1,5,1,14,3,-1,-1,-1,4,1,4
2018450308267,1,9,0,11,0,0,0,0,0,0,0,1,5,2,-1,-1,1998,2,11,-1,-1,-1
2018450308271,1,9,0,18,0,0,0,0,0,0,1,1,6,1,30,6,1984,1,16,5,1,5
2018450308273,1,1,0,17,0,0,0,0,0,0,2,1,5,1,14,3,-1,-1,-1,4,1,4
2018450308273,2,9,0,18,0,0,0,0,0,0,1,1,5,2,29,6,1229,1,8,3,1,3
2018450308334,1,1,0,18,5,0,0,0,0,0,1,1,6,3,20,4,-1,-1,-1,-1,-1,-1
2018450308336,1,9,0,18,0,0,5,4,0,0,1,1,5,1,69,10,1798,8,-1,-1,-1,-1
2018450308336,2,9,0,2,0,0,0,0,0,0,4,1,6,1,50,8,3189,1,9,10,1,10
2018450308336,3,9,0,2,0,0,5,4,0,0,2,1,6,2,50,8,1597,2,4,9,1,9
2018450308353,1,9,0,18,0,1,0,0,0,0,3,1,6,3,25,5,1598,2,2,-1,-1,-1
2018450308353,2,9,0,18,0,8,0,0,0,0,3,1,2,2,49,8,1968,2,14,7,3,7
2018450308353,3,9,0,18,0,8,0,0,0,0,1,1,6,1,35,6,2993,2,2,-1,-1,-1
2018450308357,1,9,0,18,0,0,0,0,0,0,1,1,6,3,40,7,-1,-1,-1,-1,-1,-1
2018450308357,2,9,0,18,0,0,0,0,1,4,0,1,5,1,50,8,-1,-1,-1,9,1,9
2018450308362,1,9,0,16,0,0,0,0,0,0,3,1,5,1,48,8,1975,1,14,7,1,7
2018450308362,2,9,0,17,0,0,0,0,0,0,3,1,5,1,42,7,-1,-1,-1,8,1,8
2018450308362,3,9,0,2,0,0,0,0,0,0,4,1,6,1,60,9,1968,2,3,3,1,3
2018450308364,1,1,0,6,0,0,5,0,0,0,4,1,5,1,52,8,-1,-1,-1,-1,-1,-1
2018450308366,1,3,0,18,0,0,1,0,0,0,1,1,5,1,17,4,124,1,17,5,1,5
2018450308366,2,9,0,9,0,0,0,0,0,0,3,1,5,1,30,6,1360,1,14,8,1,8
2018450308368,1,9,0,2,0,0,0,0,0,0,2,1,5,2,41,7,1560,2,13,10,1,10
2018450308368,2,9,0,18,0,0,0,0,0,0,1,1,6,1,25,5,1388,1,9,5,1,5
2018450308371,1,9,0,7,0,0,0,0,0,0,1,1,5,1,18,4,1149,1,4,9,1,9
2018450308373,1,9,0,9,0,1,0,0,0,0,1,1,5,1,62,9,2495,2,22,9,1,9
2018450308373,2,5,0,17,0,1,0,0,0,0,3,1,5,1,59,9,828,1,43,8,3,8
2018450308375,1,16,0,18,0,1,0,0,0,0,0,1,5,2,18,4,-1,-1,-1,10,1,10
2018450308375,2,16,0,18,0,1,0,0,0,0,0,1,5,2,66,10,-1,-1,-1,6,1,6
2018450308375,3,5,0,18,0,1,0,0,0,0,0,1,6,1,33,6,1137,1,20,10,1,10
2018450308390,1,9,0,16,0,1,0,0,0,0,1,1,1,2,51,8,1796,1,14,5,1,5
2018450308390,2,9,0,17,0,1,0,0,0,0,1,1,2,2,33,6,1796,1,12,9,1,9
2018450308403,1,1,0,9,0,1,0,0,7,9,2,1,5,1,60,9,-1,-1,-1,10,2,10
2018450308403,2,9,0,18,0,1,0,0,0,0,1,1,5,1,26,6,1328,1,10,9,1,9
2018450308406,1,9,0,9,0,0,0,4,0,0,1,1,5,1,66,10,1399,1,1,8,1,8
2018450308406,2,9,0,2,0,0,0,0,0,0,3,1,5,1,56,9,1984,1,-1,9,2,9
2018450308406,3,19,0,2,0,0,0,0,0,0,2,1,5,1,51,8,1560,2,5,10,1,10
2018450308406,4,19,0,2,0,0,0,0,0,0,2,1,5,1,40,7,-1,-1,-1,8,1,8
2018450308423,1,9,0,18,0,0,0,0,0,0,1,1,5,1,75,10,998,1,9,10,2,10
2018450308423,2,1,0,18,0,0,0,0,0,0,1,1,5,1,14,3,-1,-1,-1,7,3,7
2018450308426,1,9,0,9,0,8,0,0,0,0,1,1,5,1,41,7,1969,2,-1,-1,-1,-1
2018450308426,2,4,0,18,0,1,0,0,0,0,1,1,5,1,35,6,750,1,1,4,1,4
2018450308427,1,9,0,18,0,2,0,0,0,0,1,1,3,2,42,7,1242,1,9,9,1,9
2018450308427,2,9,0,18,0,1,0,0,1,0,1,1,5,1,58,9,1783,1,15,5,1,5
2018450308450,1,9,0,3,0,0,0,0,0,0,2,1,6,2,47,8,1368,1,5,8,1,8
2018450308450,2,9,0,4,0,0,0,0,0,0,1,1,6,1,30,6,1364,1,12,5,1,5
2018450308472,1,1,0,18,0,1,5,0,0,0,1,1,4,1,14,3,-1,-1,-1,8,1,8
2018450308472,2,9,0,12,0,1,0,0,0,0,3,1,6,2,-1,-1,1598,1,10,7,1,7
2018450308492,1,9,0,18,0,0,0,0,0,0,1,1,6,2,69,10,2995,1,16,7,1,7
2018450308492,2,1,0,18,0,0,0,0,0,0,1,1,5,2,46,8,-1,-1,-1,8,3,8
2018450308539,1,9,0,18,0,1,0,0,0,0,1,1,6,2,88,11,998,1,17,10,1,10
2018450308539,2,9,0,11,0,1,0,0,0,0,2,1,6,2,37,7,1781,1,17,10,1,10
2018450308566,1,9,0,18,0,2,0,0,0,0,4,1,6,2,32,6,1197,1,3,1,1,1
2018450308566,2,9,0,18,0,7,0,0,0,0,3,1,6,1,30,6,1598,1,12,10,-1,10
2018450308611,1,9,0,2,0,0,0,0,0,0,2,1,3,2,44,7,1598,1,10,10,1,10
2018450308611,2,9,0,4,0,0,0,0,0,0,2,1,3,2,40,7,-1,3,1,10,1,10
2018450308611,3,9,0,18,0,0,0,0,0,0,1,1,5,2,36,7,1598,2,2,9,1,9
2018450308631,1,2,0,18,0,0,0,0,0,0,1,1,6,1,31,6,-1,-1,-1,10,1,10
2018450308631,2,9,0,18,0,0,0,0,0,0,3,1,6,2,25,5,1390,1,15,-1,-1,-1
2018450308759,1,9,0,9,0,5,0,0,0,0,3,1,3,2,32,6,1200,1,4,7,1,7
2018450308759,2,9,0,10,0,6,0,0,0,0,1,1,5,1,18,4,1995,1,8,4,1,4
2018450308781,1,1,0,9,0,3,0,0,0,0,4,1,5,1,48,8,-1,-1,-1,10,1,10
2018450308781,2,9,0,9,0,4,0,0,0,0,1,1,5,2,85,11,1499,1,-1,8,3,8
2018450308784,1,9,0,18,0,0,0,0,0,0,0,1,5,1,-1,-1,1229,1,11,10,1,10
2018450308785,1,9,0,18,0,0,0,0,1,7,1,1,6,1,60,9,1769,1,14,1,2,1
2018450308786,1,9,0,18,0,0,5,4,0,0,1,1,6,1,43,7,1149,1,17,5,1,5
2018450308786,2,19,0,2,0,0,0,0,0,0,0,1,6,1,34,6,-1,-1,-1,7,2,7
2018450308786,3,9,0,2,0,0,0,0,0,0,3,1,6,1,36,7,-1,-1,-1,7,2,7
2018450308787,1,9,0,14,0,0,0,0,0,0,1,1,6,1,-1,-1,1341,1,17,-1,-1,-1
2018450308787,2,9,0,2,0,0,0,0,0,0,2,1,6,2,65,9,998,1,14,5,1,5
2018450308789,1,9,0,18,0,0,0,0,0,0,4,1,6,3,-1,-1,-1,-1,-1,-1,-1,-1
2018450308790,1,9,0,7,0,6,0,0,0,0,1,1,1,1,62,9,2143,2,8,5,1,5
2018450308790,2,9,0,9,0,1,0,0,0,0,3,1,5,1,20,4,1248,2,8,4,1,4
2018450308796,1,9,0,9,0,6,0,0,0,0,1,1,2,1,33,6,1995,2,5,7,1,7
2018450308796,2,1,0,17,0,1,1,0,0,0,2,1,5,1,30,6,-1,-1,-1,5,3,5
2018450308797,1,3,0,18,0,1,0,7,0,0,4,1,2,1,25,5,125,1,1,4,1,4
2018450308818,1,9,0,18,0,0,0,0,0,0,3,1,6,1,62,9,999,1,1,5,1,5
2018450308834,1,9,0,7,0,6,0,0,0,0,3,1,2,2,50,8,1598,2,3,5,1,5
2018450308834,2,1,0,18,0,1,0,0,1,0,1,1,5,2,63,9,-1,-1,-1,4,1,4
2018450308837,1,19,0,18,0,0,0,0,0,0,1,1,6,1,54,8,2287,2,6,1,1,1
2018450308884,1,9,0,18,0,0,0,0,0,0,1,1,6,2,44,7,1198,1,11,7,1,7
2018450308884,2,9,0,18,0,0,0,0,0,0,1,1,6,2,22,5,2000,2,12,10,1,10
2018450308921,1,9,0,18,0,2,0,0,0,0,1,1,6,2,27,6,1598,1,11,7,1,7
2018450308921,2,9,0,4,0,1,0,0,0,0,2,1,2,2,41,7,2993,2,3,10,1,10
2018450308940,1,9,0,18,0,0,0,0,0,0,1,1,6,1,26,6,1229,1,7,10,1,10
2018450308940,2,3,0,18,0,0,0,0,0,0,1,1,6,1,33,6,1170,1,1,-1,-1,-1
2018450308940,3,9,0,18,0,0,0,0,0,0,1,1,6,3,33,6,-1,-1,-1,-1,-1,-1
2018450309137,1,9,0,9,0,5,0,0,0,0,1,1,5,2,32,6,1596,1,13,4,1,4
2018450309137,2,9,0,18,0,8,0,0,0,0,1,1,5,2,25,5,1997,2,14,5,1,5
2018450309149,1,9,0,5,0,8,0,0,0,0,4,1,2,2,18,4,1242,1,1,10,1,10
2018450309149,2,1,0,18,0,1,0,0,0,0,1,1,2,1,47,8,-1,-1,-1,8,1,8
2018450309151,1,9,0,18,0,2,0,0,0,0,1,1,5,2,21,5,1360,1,11,10,1,10
2018450309151,2,9,0,18,0,8,0,0,1,0,3,1,2,2,35,6,1798,1,13,3,1,3
2018450309152,1,9,0,9,0,8,0,0,0,0,1,1,5,2,34,6,1910,2,11,10,1,10
2018450309152,2,1,0,18,0,8,0,0,0,0,1,1,5,1,36,7,-1,-1,-1,9,1,9
2018450309153,1,9,0,9,0,2,0,0,0,0,4,1,5,2,27,6,998,1,18,6,1,6
2018450309153,2,4,0,18,0,1,2,0,0,0,3,1,2,1,32,6,599,1,8,3,1,3
2018450309241,1,9,0,18,0,0,0,0,0,0,3,1,6,2,58,9,999,1,2,-1,-1,-1
2018450309241,2,3,0,18,0,0,0,0,0,0,1,1,6,1,57,9,599,1,9,-1,-1,-1
2018450309256,1,9,0,18,0,2,0,0,0,0,1,1,6,1,47,8,1995,2,1,9,1,9
2018450309256,2,9,0,18,0,1,0,0,0,0,4,1,6,3,35,6,1124,1,14,-1,-1,-1
2018450309267,1,9,-1,18,0,1,0,0,0,0,-1,1,6,3,-1,-1,-1,-1,-1,-1,-1,-1
2018450309267,2,1,-1,18,0,1,2,0,0,0,-1,1,5,1,31,6,-1,-1,-1,-1,-1,-1
2018450309313,1,19,0,10,0,0,0,0,0,0,1,1,5,1,27,6,1995,2,1,8,1,8
2018450309313,2,9,0,4,0,0,0,0,0,0,1,1,6,2,60,9,1968,2,4,10,2,10
2018450309319,1,9,0,18,0,0,0,0,0,0,2,1,6,2,25,5,1598,1,7,9,1,9
2018450309319,2,9,0,18,0,0,0,0,0,0,1,1,6,2,-1,-1,1796,2,6,5,1,5
2018450309347,1,9,0,18,0,0,0,0,0,0,0,1,6,3,-1,-1,-1,-1,-1,-1,-1,-1
2018450309407,1,9,0,18,0,0,0,0,3,0,1,1,6,2,26,6,1198,1,3,4,1,4
2018450309407,2,9,0,18,0,0,0,0,0,0,1,1,6,3,30,6,-1,-1,-1,-1,-1,-1
2018450309493,1,9,0,18,0,1,0,0,0,0,1,1,5,2,20,4,1242,1,4,10,1,10
2018450309493,2,9,0,18,0,1,0,0,0,0,2,1,2,1,29,6,1339,1,6,4,1,4
2018450309498,1,19,0,9,0,5,0,0,0,0,2,1,2,1,54,8,2198,2,3,6,1,6
2018450309498,2,4,0,18,0,1,0,0,0,0,1,1,5,1,25,5,499,1,14,4,1,4
2018450309501,1,9,0,18,0,1,0,0,0,0,4,1,5,2,32,6,1461,2,11,5,1,5
2018450309501,2,9,0,5,0,8,0,0,0,0,1,1,5,2,28,6,998,1,-1,10,3,10
2018450309503,1,9,0,18,0,0,0,0,0,0,1,1,5,2,66,10,1995,2,3,10,1,10
2018450309503,2,9,0,18,0,0,0,0,0,0,2,1,2,1,60,9,1798,8,2,10,1,10
2018450309503,3,9,0,4,0,0,0,0,0,0,2,1,2,1,44,7,-1,-1,-1,3,1,3
2018450309507,1,9,0,18,0,4,0,0,4,9,1,1,5,2,21,5,1596,1,13,9,1,9
2018450309509,1,9,0,9,0,5,0,0,0,0,1,1,5,1,31,6,4999,1,11,10,1,10
2018450309509,2,1,0,18,0,8,0,0,0,0,1,1,5,1,26,6,-1,-1,-1,10,1,10
2018450309753,1,9,0,18,0,0,0,0,0,0,2,1,2,1,26,6,1910,2,10,5,2,5
2018450309753,2,9,0,18,0,0,0,0,0,0,1,1,1,1,59,9,2993,2,2,9,1,9
2018450309753,3,5,0,18,0,0,1,0,0,0,1,1,2,1,48,8,652,1,16,5,1,5
2018450309778,1,9,0,1,0,0,5,0,0,0,1,1,5,2,51,8,1197,1,1,9,1,9
2018450309809,1,9,0,18,0,0,1,0,0,0,4,1,5,1,77,11,2143,2,3,7,1,7
2018450309809,2,21,1,18,0,0,1,0,0,0,1,2,1,1,32,6,-1,-1,-1,-1,-1,-1
2018450309881,1,9,0,18,0,1,0,0,0,0,3,1,6,2,25,5,1799,1,11,9,1,9
2018450309881,2,1,0,18,0,2,0,0,0,0,4,1,6,1,75,10,-1,-1,-1,-1,-1,-1
2018450309890,1,9,0,18,0,0,0,0,0,0,3,1,6,2,30,6,999,1,1,10,1,10
2018450309909,1,9,0,9,0,0,0,0,0,0,3,1,6,2,53,8,1995,1,10,6,1,6
2018450309909,2,9,0,18,0,0,0,0,0,0,1,1,6,3,-1,-1,-1,-1,-1,-1,-1,-1
2018450310041,1,4,0,4,0,0,0,0,0,0,2,1,5,2,34,6,124,1,17,8,1,8
2018450310041,2,9,0,4,0,0,0,0,0,0,1,1,5,1,25,5,1242,1,9,10,1,10
2018450310055,1,11,0,2,0,1,0,0,0,0,0,1,1,1,53,8,4250,2,14,2,1,2
2018450310055,2,9,0,18,0,6,0,0,0,0,1,1,5,2,21,5,1598,1,14,7,1,7
2018450310055,3,3,0,15,0,1,0,0,0,0,1,1,1,1,27,6,49,1,10,2,1,2
2018450310056,1,9,0,18,0,2,1,0,0,0,1,1,5,2,58,9,998,1,1,8,1,8
2018450310056,2,9,0,18,0,1,5,0,7,2,1,1,6,1,48,8,2496,1,16,6,1,6
2018450310056,3,9,0,18,0,2,0,0,0,0,4,1,6,1,77,11,1596,1,5,10,1,10
2018450310058,1,9,0,3,0,3,0,0,0,0,2,1,2,1,49,8,1496,2,3,10,1,10
2018450310058,2,9,0,5,0,4,0,4,0,0,1,1,5,2,66,10,1968,2,4,10,2,10
2018450310066,1,9,0,4,0,1,0,0,0,0,2,1,5,1,51,8,1598,1,8,5,1,5
2018450310066,2,9,0,18,0,1,0,0,0,0,2,1,5,2,56,9,1685,2,1,5,1,5
2018450310066,3,9,0,9,0,5,0,0,0,0,2,1,5,1,44,7,1968,2,11,10,1,10
2018450310067,1,9,0,1,0,0,0,0,0,0,2,1,5,1,20,4,-1,-1,-1,10,2,10
2018450310068,1,1,0,18,9,0,5,0,0,0,1,1,5,1,45,7,-1,-1,-1,7,1,7
2018450310068,2,9,0,1,0,0,0,0,0,0,4,1,5,2,38,7,1598,1,10,7,1,7
2018450310074,1,9,0,16,0,0,0,4,0,0,1,1,6,1,33,6,2979,1,15,10,1,10
2018450310074,2,9,0,18,0,0,0,4,0,0,3,1,5,1,37,7,1995,2,1,8,1,8
2018450310074,3,9,0,2,6,0,0,4,0,0,2,1,5,2,66,10,1596,1,9,10,1,10
2018450310074,4,9,0,2,6,0,0,0,1,11,2,1,5,1,40,7,1995,2,8,10,1,10
2018450310074,5,9,0,2,0,0,0,0,0,0,4,1,5,1,45,7,1968,2,4,10,1,10
2018450310075,1,9,0,16,0,0,1,0,0,0,1,1,5,1,24,5,2494,1,27,6,1,6
2018450310076,1,3,0,16,0,0,0,0,0,0,3,1,5,1,17,4,124,1,4,3,1,3
2018450310077,1,9,0,15,0,0,0,0,0,0,1,1,5,1,21,5,2000,1,12,9,1,9
2018450310077,2,1,0,18,9,0,0,0,0,0,2,1,5,1,13,3,-1,-1,-1,6,1,6
2018450310078,1,9,0,18,0,1,0,0,0,0,1,1,6,1,60,9,1498,1,6,10,1,10
2018450310111,1,3,0,16,0,0,1,0,0,0,4,1,5,1,34,6,125,1,13,9,1,9
2018450310120,1,9,0,5,0,8,0,0,0,0,1,1,5,1,43,7,2993,2,6,8,1,8
2018450310120,2,19,0,4,0,1,0,0,0,0,2,1,1,1,39,7,1968,2,-1,8,1,8
2018450310130,1,9,0,5,0,8,0,0,0,0,1,1,1,1,63,9,1798,1,4,9,1,9
2018450310130,2,1,0,18,0,1,0,0,0,0,1,1,5,1,32,6,-1,-1,-1,9,1,9
2018450310176,1,9,0,18,0,8,0,0,0,0,1,1,5,2,43,7,1560,2,6,6,2,6
2018450310176,2,9,0,18,0,8,0,0,0,0,1,1,1,1,35,6,-1,-1,-1,7,1,7
2018450310177,1,9,0,12,0,0,0,0,0,0,1,1,5,2,24,5,2143,2,5,5,1,5
2018450310177,2,9,0,18,0,0,0,0,0,0,2,1,5,1,37,7,1997,1,5,9,1,9
2018450310181,1,1,0,18,9,0,5,0,0,0,1,1,5,2,46,8,-1,-1,-1,5,1,5
2018450310185,1,9,0,5,0,2,0,0,0,0,0,1,6,3,32,6,-1,-1,-1,-1,-1,-1
2018450310185,2,9,0,4,0,1,0,0,0,0,2,1,5,1,45,7,1998,1,8,9,1,9
2018450310185,3,9,0,18,0,1,0,0,0,0,1,1,5,1,55,8,1360,1,7,9,1,9
2018450310190,1,9,0,18,0,8,0,0,0,0,1,1,5,1,54,8,998,1,1,10,1,10
2018450310190,2,9,0,18,0,1,0,0,0,0,1,1,5,2,55,8,1995,2,2,10,2,10
2018450310191,1,9,0,7,0,8,0,0,0,0,3,1,5,1,69,10,1997,1,4,9,2,9
2018450310191,2,9,0,16,0,7,0,0,0,0,1,1,6,1,27,6,1117,1,30,8,3,8
2018450310196,1,3,0,18,0,2,2,0,0,0,3,1,5,1,34,6,900,1,2,6,1,6
2018450310196,2,9,0,18,0,2,0,0,0,0,4,1,5,2,63,9,1368,1,2,8,1,8
2018450310201,1,1,0,16,0,0,0,0,0,0,1,1,5,2,27,6,-1,-1,-1,10,3,10
2018450310201,2,9,0,17,0,0,0,0,0,0,3,1,5,1,47,8,2495,2,16,8,3,8
2018450310203,1,1,0,18,0,0,0,0,0,0,3,1,5,1,50,8,-1,-1,-1,9,1,9
2018450310207,1,9,0,18,0,0,1,7,0,0,1,1,6,3,19,4,-1,-1,-1,-1,-1,-1
2018450310207,2,9,0,18,0,0,5,0,7,4,4,1,6,3,19,4,-1,-1,-1,-1,-1,-1
2018450310210,1,9,0,18,0,0,0,0,0,0,2,1,5,1,59,9,1598,2,6,9,1,9
2018450310210,2,9,0,18,0,0,0,0,0,0,1,1,5,2,38,7,1386,1,7,4,1,4
2018450310211,1,1,0,18,0,1,0,0,0,0,1,1,5,2,33,6,-1,-1,-1,5,1,5
2018450310214,1,19,0,7,0,8,2,0,0,0,1,1,6,3,20,4,1753,2,15,-1,-1,-1
2018450310214,2,9,0,18,0,8,0,0,0,0,0,1,1,1,38,7,2993,2,3,-1,-1,-1
2018450310214,3,9,0,18,0,8,0,0,0,0,0,1,1,1,39,7,2993,2,2,-1,-1,-1
2018450310214,4,9,0,3,0,1,0,0,0,0,2,1,1,1,40,7,2967,2,1,-1,-1,-1
2018450310239,1,9,0,18,0,0,0,0,0,0,1,1,6,1,25,5,1995,2,10,3,1,3
2018450310239,2,1,0,18,0,0,0,0,0,0,2,1,6,1,20,4,-1,-1,-1,8,2,8
2018450310264,1,9,0,18,0,0,0,0,0,0,4,1,6,2,41,7,2776,2,12,9,1,9
2018450310264,2,20,0,18,0,0,0,0,0,0,3,1,6,1,54,8,-1,-1,-1,4,1,4
2018450310354,1,9,0,17,0,1,0,0,0,0,1,1,6,2,52,8,1329,1,9,7,3,7
2018450310354,2,9,0,5,0,2,0,0,0,0,1,1,6,2,26,6,1242,1,9,10,2,10
2018450310365,1,1,0,18,0,0,0,0,0,0,1,1,4,1,16,4,-1,-1,-1,9,1,9
2018450310365,2,9,0,5,0,0,0,0,0,0,1,1,6,2,71,10,1339,1,3,5,1,5
2018450310378,1,1,0,18,0,2,0,0,0,0,2,1,6,1,40,7,-1,-1,-1,9,1,9
2018450310378,2,9,0,18,0,1,0,0,0,0,1,1,6,2,35,6,1560,2,7,-1,-1,-1
2018450310380,1,9,0,4,0,0,0,0,0,0,2,1,6,1,62,9,1598,1,12,7,1,7
2018450310380,2,9,0,18,0,0,0,0,0,0,1,1,6,2,-1,-1,2199,2,5,7,3,7
2018450310414,1,9,0,5,0,1,0,0,0,0,4,1,6,1,69,10,1560,2,7,9,1,9
2018450310414,2,1,0,16,9,1,0,0,0,0,1,1,6,1,51,8,-1,-1,-1,10,1,10
2018450310438,1,9,0,9,0,1,0,0,1,11,1,1,5,1,74,10,1560,2,3,5,1,5
2018450310501,1,9,0,18,0,0,0,0,0,0,1,1,5,2,30,6,1796,1,9,3,1,3
2018450310501,2,3,0,2,0,0,0,0,0,0,2,1,5,1,19,4,124,1,18,3,1,3
2018450310547,1,1,0,18,0,4,0,0,0,0,0,1,5,1,54,8,-1,-1,-1,8,1,8
2018450310547,2,21,0,18,0,2,0,0,0,0,0,1,6,3,41,7,-1,-1,-1,-1,-1,-1
2018450310552,1,9,0,1,0,0,0,0,0,0,2,1,6,1,64,9,1968,2,5,9,1,9
2018450310552,2,9,0,2,0,0,0,0,0,0,1,1,6,1,18,4,998,1,1,10,1,10
2018450310553,1,5,0,18,0,0,2,12,0,0,1,1,2,1,21,5,599,1,18,7,1,7
2018450310553,2,9,0,18,0,0,0,0,0,0,0,1,1,1,57,9,1984,1,2,10,1,10
2018450310554,1,1,0,18,0,8,0,0,0,0,1,1,5,1,11,3,-1,-1,-1,9,1,9
2018450310554,2,9,0,18,0,1,0,0,0,0,3,1,2,1,40,7,2967,2,2,10,1,10
2018450310594,1,1,0,18,0,0,0,0,0,0,1,1,6,2,-1,-1,-1,-1,-1,5,3,5
2018450310594,2,9,0,18,0,0,0,0,0,0,1,1,6,1,-1,-1,1798,8,2,-1,-1,-1
2018450310686,1,11,0,18,0,0,0,0,0,0,0,1,6,1,57,9,9000,2,9,5,1,5
2018450310722,1,1,0,18,0,0,0,0,0,0,1,1,6,2,54,8,-1,-1,-1,10,1,10
2018450310722,2,9,0,18,0,0,0,0,0,0,3,1,6,1,37,7,-1,-1,-1,4,1,4
2018450310743,1,3,0,18,2,8,0,0,1,0,1,1,2,1,38,7,125,1,4,3,1,3
2018450310743,2,9,0,16,2,1,0,0,1,0,4,1,5,1,49,8,1596,1,10,6,1,6
2018450310805,1,21,1,12,0,0,0,0,0,0,3,2,1,1,45,7,-1,-1,-1,-1,-1,-1
2018450310805,2,9,0,18,0,0,0,0,0,0,4,1,6,2,20,4,1242,1,11,8,1,8
2018450310805,3,9,0,18,0,0,0,0,0,0,1,1,5,1,46,8,1388,1,12,3,1,3
2018450310940,1,19,0,18,0,2,0,0,1,11,3,1,6,1,33,6,-1,-1,-1,3,1,3