Accident_Index,Vehicle_Reference,Vehicle_Type,Towing_and_Articulation,Vehicle_Manoeuvre,Vehicle_Location-Restricted_Lane,Junction_Location,Skidding_and_Overturning,Hit_Object_in_Carriageway,Vehicle_Leaving_Carriageway,Hit_Object_off_Carriageway,1st_Point_of_Impact,Was_Vehicle_Left_Hand_Drive?,Journey_Purpose_of_Driver,Sex_of_Driver,Age_of_Driver,Age_Band_of_Driver,Engine_Capacity_(CC),Propulsion_Code,Age_of_Vehicle,Driver_IMD_Decile,Driver_Home_Area_Type,Vehicle_IMD_Decile
2018450310940,2,9,0,18,0,1,0,0,1,10,4,1,1,1,39,7,2993,2,3,4,2,4
2018450310940,3,9,0,18,0,2,0,0,0,0,3,1,1,2,32,6,2993,2,1,7,1,7
2018450310940,4,9,0,4,0,1,0,0,0,0,3,1,1,2,47,8,1997,1,8,6,1,6
2018450310941,1,4,0,18,0,0,1,0,0,0,1,1,2,1,41,7,530,1,2,2,1,2
2018450310941,2,9,0,4,0,0,0,0,0,0,2,1,2,2,27,6,2401,2,15,6,1,6
2018450310962,1,9,0,18,0,0,0,0,0,0,3,1,6,1,47,8,1598,2,3,9,1,9
2018450310962,2,9,0,18,0,0,0,0,0,0,4,1,6,1,35,6,1124,1,17,10,1,10
2018450311072,1,1,0,18,0,8,0,0,0,0,1,1,6,1,48,8,-1,-1,-1,-1,-1,-1
2018450311072,2,9,0,9,0,8,0,0,0,0,4,1,6,2,23,5,1198,1,10,10,1,10
2018450311271,1,3,0,18,0,1,1,0,0,0,4,1,2,1,26,6,125,1,2,5,1,5
2018450311271,2,9,0,18,0,1,5,0,0,0,3,1,6,3,33,6,-1,-1,-1,-1,-1,-1
2018450311272,1,19,0,2,0,0,0,0,0,0,2,1,2,1,21,5,1560,2,2,5,1,5
2018450311272,2,19,0,16,0,0,1,0,0,0,1,1,6,1,33,6,1686,2,15,8,3,8
2018450311282,1,9,0,5,0,4,0,0,0,0,1,1,5,1,75,10,1999,2,1,5,3,5
2018450311282,2,9,0,5,0,8,0,0,0,0,2,1,5,1,82,11,1240,1,13,8,1,8
2018450311285,1,5,0,13,0,1,1,0,7,11,1,1,5,1,51,8,803,1,1,6,1,6
2018450311285,2,9,0,9,0,1,0,0,0,0,3,1,5,1,48,8,2993,2,13,-1,-1,-1
2018450311291,1,2,0,18,0,0,0,0,0,0,1,1,5,2,18,4,50,1,11,6,1,6
2018450311291,2,9,0,4,0,0,0,0,0,0,2,1,5,1,44,7,3311,8,12,10,1,10
2018450311292,1,9,0,17,0,0,1,0,7,4,1,1,2,2,83,11,1582,2,6,9,1,9
2018450311293,1,9,0,18,0,8,0,0,0,0,4,1,6,1,32,6,1499,2,2,-1,-1,-1
2018450311293,2,9,0,18,0,8,0,0,0,0,1,1,6,2,18,4,998,1,5,10,3,10
2018450311294,1,8,0,18,0,0,0,4,0,0,1,1,1,1,39,7,1798,8,6,1,1,1
2018450311294,2,9,0,2,0,0,0,0,0,0,2,1,6,2,29,6,1796,1,19,10,3,10
2018450311385,1,9,0,3,0,4,0,0,0,0,1,1,2,1,50,8,-1,-1,-1,9,1,9
2018450311385,2,9,0,3,0,4,0,0,0,0,2,1,2,2,34,6,1968,2,3,8,1,8
2018450311439,1,9,0,18,0,0,0,0,0,0,2,1,6,1,63,9,1796,1,5,10,1,10
2018450311439,2,9,0,18,0,0,0,0,0,0,1,1,6,1,36,7,1197,1,5,10,1,10
2018450311468,1,9,0,2,0,0,0,0,1,11,1,1,2,1,64,9,1686,2,17,9,1,9
2018450311503,1,1,0,18,0,0,5,0,1,0,1,1,5,1,45,7,-1,-1,-1,7,3,7
2018450311503,2,9,0,7,0,0,0,0,0,0,4,1,3,2,40,7,1896,2,13,10,3,10
2018450311565,1,9,0,18,0,4,0,0,0,0,4,1,2,2,44,7,1596,1,13,10,1,10
2018450311565,2,9,0,18,0,4,0,0,0,0,1,1,3,2,71,10,1318,1,-1,9,1,9
2018450311572,1,9,0,18,0,0,0,0,0,0,4,1,6,1,27,6,1598,1,7,7,1,7
2018450311572,2,9,0,9,0,0,0,4,0,0,1,1,5,2,71,10,1984,1,1,9,3,9
2018450311572,3,9,0,2,0,0,0,0,0,0,2,1,6,1,42,7,1498,1,1,6,1,6
2018450311620,1,9,0,18,0,0,0,0,0,0,1,1,6,3,44,7,-1,-1,-1,-1,-1,-1
2018450311651,1,1,0,18,0,3,0,0,0,0,0,1,2,1,64,9,-1,-1,-1,7,1,7
2018450311653,1,9,0,9,0,8,0,0,0,0,1,1,5,2,22,5,1390,1,16,5,1,5
2018450311653,2,1,0,17,0,8,0,0,0,0,3,1,1,1,64,9,-1,-1,-1,10,1,10
2018450311666,1,11,0,4,0,2,0,0,0,0,4,1,3,1,44,7,6700,2,7,1,1,1
2018450311671,1,19,0,18,0,0,0,0,0,0,1,1,1,1,54,8,2143,2,3,2,1,2
2018450311671,2,9,0,4,0,0,0,0,0,0,2,1,5,2,37,7,1461,2,7,3,1,3
2018450311676,1,9,0,18,0,0,0,0,0,0,2,1,1,1,33,6,1995,2,5,3,1,3
2018450311676,2,9,0,11,0,0,0,0,0,0,1,1,1,1,48,8,-1,-1,-1,8,1,8
2018450311679,1,9,0,18,0,0,0,0,0,0,4,1,6,2,53,8,998,1,7,8,1,8
2018450311679,2,9,0,2,0,0,0,0,0,0,0,1,6,1,71,10,1998,1,15,8,1,8
2018450311680,1,9,0,18,0,0,0,2,0,0,1,1,5,2,19,4,1496,1,2,9,3,9
2018450311680,2,9,0,18,0,0,0,0,0,0,3,1,1,1,51,8,-1,-1,-1,6,1,6
2018450311706,1,1,0,18,9,6,0,0,0,0,1,1,6,1,6,2,-1,-1,-1,6,1,6
2018450311706,2,9,0,18,0,1,0,0,0,0,4,1,2,2,28,6,1199,2,6,6,1,6
2018450311713,1,9,0,18,0,0,0,0,0,0,1,1,6,2,36,7,1600,1,7,10,1,10
2018450311713,2,1,0,18,0,0,0,0,0,0,2,1,6,2,48,8,-1,-1,-1,8,1,8
2018450311922,1,9,0,5,0,0,0,0,0,0,1,1,3,2,32,6,2191,2,5,10,1,10
2018450311922,2,9,0,18,0,0,0,0,0,0,1,1,1,2,23,5,1397,1,18,10,1,10
2018450311923,1,19,0,18,0,1,0,0,0,0,4,1,1,1,58,9,2198,2,3,8,1,8
2018450311923,2,1,0,15,0,2,0,0,0,0,1,1,4,1,12,3,-1,-1,-1,9,1,9
2018450311950,1,9,0,10,0,8,0,0,0,0,0,1,5,1,47,8,1598,1,14,3,1,3
2018450311950,2,19,0,9,0,6,0,0,0,0,1,1,1,1,22,5,2198,2,2,10,1,10
2018450311950,3,9,0,17,0,1,0,0,0,0,4,1,5,2,47,8,1598,1,12,10,1,10
2018450311969,1,9,0,18,0,1,0,0,0,0,4,1,5,2,34,6,998,1,1,2,1,2
2018450311969,2,9,0,18,0,1,0,0,0,0,3,1,3,2,38,7,-1,-1,-1,6,1,6
2018450311972,1,19,0,18,3,0,5,0,7,3,1,1,1,1,29,6,1995,2,-1,5,1,5
2018450311974,1,5,0,13,0,1,0,0,0,0,1,1,1,1,30,6,660,1,9,9,1,9
2018450311974,2,9,0,6,0,1,0,0,0,0,3,1,2,1,43,7,1998,2,11,6,2,6
2018450311982,1,9,0,9,0,5,0,0,0,0,3,1,1,2,48,8,1995,2,1,5,1,5
2018450311982,2,90,0,14,0,1,0,0,0,0,1,1,5,1,48,8,9290,2,6,9,1,9
2018450311985,1,9,0,18,0,0,0,0,0,0,1,1,6,1,39,7,1598,2,5,2,1,2
2018450311985,2,9,0,18,0,0,0,0,0,0,1,1,6,1,49,8,-1,-1,-1,4,1,4
2018450311990,1,9,0,18,0,0,5,0,1,4,1,1,6,1,64,9,1998,1,17,8,1,8
2018450311990,2,9,0,13,0,0,0,0,0,0,0,1,6,1,21,5,1596,1,9,10,1,10
2018450311991,1,4,0,18,0,0,0,0,4,6,1,1,6,1,18,4,124,1,7,7,1,7
2018450312012,1,1,0,18,0,1,0,11,0,0,1,1,5,2,47,8,-1,-1,-1,9,1,9
2018450312072,1,1,0,4,0,1,0,0,0,0,4,1,5,2,80,11,-1,-1,-1,7,1,7
2018450312088,1,90,0,18,0,0,0,0,7,0,1,1,6,2,59,9,-1,-1,-1,10,1,10
2018450312096,1,1,0,18,0,0,0,11,1,0,0,1,5,1,36,7,-1,-1,-1,9,1,9
2018450312102,1,9,0,12,0,1,0,0,0,0,1,1,5,1,53,8,2143,2,2,9,1,9
2018450312102,2,9,0,18,0,1,0,0,0,0,1,1,1,2,62,9,998,1,1,5,1,5
2018450312103,1,9,0,18,0,8,0,0,2,7,3,1,5,1,40,7,1686,2,7,7,1,7
2018450312103,2,9,0,11,0,7,1,0,0,0,4,1,5,1,20,4,1999,1,11,7,2,7
2018450312104,1,20,1,17,0,3,5,0,0,0,4,1,1,1,54,8,-1,-1,-1,1,1,1
2018450312105,1,9,0,12,0,0,0,10,8,11,1,1,5,1,24,5,1242,1,10,10,1,10
2018450312105,2,9,0,18,0,0,0,0,0,0,4,1,5,1,19,4,1242,1,7,6,1,6
2018450312105,3,9,0,18,0,0,0,0,0,0,2,1,1,1,53,8,1997,2,-1,2,1,2
2018450312106,1,9,0,18,0,2,0,0,0,0,1,1,2,2,22,5,1248,1,3,8,1,8
2018450312110,1,9,0,9,0,5,0,0,0,0,1,1,3,2,37,7,1999,1,10,7,1,7
2018450312110,2,9,0,18,0,1,0,0,1,0,1,1,5,1,21,5,1149,1,11,7,1,7
2018450312119,1,9,0,7,0,8,0,0,0,0,4,1,5,2,84,11,1198,1,3,10,3,10
2018450312119,2,1,0,15,0,1,0,0,0,0,3,1,5,2,63,9,-1,-1,-1,10,1,10
2018450312129,1,9,0,9,0,5,0,0,0,0,3,1,5,1,22,5,1388,1,12,9,1,9
2018450312129,2,3,0,14,0,1,0,0,0,0,4,1,2,1,26,6,125,1,3,8,1,8
2018450312134,1,9,0,13,0,0,0,0,0,0,4,1,5,1,54,8,2143,2,1,8,1,8
2018450312134,2,1,0,18,0,0,0,0,0,0,2,1,5,1,65,9,-1,-1,-1,5,1,5
2018450312135,1,9,0,9,0,1,0,0,0,0,1,1,5,1,52,8,1248,2,6,9,1,9
2018450312135,2,3,0,18,0,8,0,0,1,0,1,1,5,1,50,8,765,1,-1,6,1,6
2018450312171,1,9,0,3,0,0,0,0,0,0,3,1,5,2,28,6,1200,1,-1,6,1,6
2018450312171,2,1,0,18,0,0,0,0,0,0,1,1,5,1,41,7,-1,-1,-1,7,1,7
2018450312206,1,9,0,18,0,0,0,0,0,0,4,1,6,1,33,6,1598,2,9,5,1,5
2018450312241,1,9,0,18,0,4,0,0,0,0,1,1,6,2,49,8,1995,2,2,10,1,10
2018450312241,2,1,0,18,0,3,0,0,0,0,4,1,6,1,20,4,-1,-1,-1,-1,-1,-1
2018450312243,1,9,0,18,0,2,0,0,0,0,2,1,6,1,26,6,1364,1,12,8,2,8
2018450312243,2,9,0,18,0,2,0,0,0,0,1,1,6,2,33,6,1364,1,12,10,1,10
2018450312484,1,9,0,18,0,1,0,0,0,0,4,1,5,2,85,11,1896,2,13,8,1,8
2018450312484,2,19,0,8,0,6,0,0,0,0,1,1,1,1,30,6,2198,2,3,6,1,6
2018450312485,1,9,0,5,0,1,0,0,0,0,2,1,1,2,45,7,998,1,6,10,1,10
2018450312485,2,19,0,5,0,1,0,0,0,0,1,1,1,1,51,8,2287,2,8,6,1,6
2018450312487,1,4,0,18,0,0,0,0,0,0,1,1,5,1,23,5,100,1,10,6,1,6
2018450312487,2,9,0,6,0,0,0,0,0,0,3,1,5,1,35,6,2143,2,3,4,1,4
2018450312489,1,20,0,18,9,1,0,0,0,0,1,1,6,3,65,9,-1,-1,-1,-1,-1,-1
2018450312489,2,1,0,18,0,1,0,0,0,0,0,1,6,1,15,3,-1,-1,-1,8,1,8
2018450312491,1,9,0,18,0,1,1,0,2,0,3,1,6,1,74,10,2438,1,23,3,1,3
2018450312491,2,9,0,18,0,1,1,0,1,6,4,1,2,1,23,5,1968,2,9,4,3,4
2018450312493,1,9,0,18,0,0,0,2,2,7,1,1,5,1,25,5,1968,2,5,2,1,2
2018450312494,1,9,0,16,0,0,0,0,0,0,3,1,5,2,59,9,2993,2,1,8,3,8
2018450312494,2,9,0,17,0,0,0,0,0,0,3,1,5,2,29,6,1598,1,10,6,1,6
2018450312756,1,9,0,18,0,4,0,0,0,0,3,2,2,1,31,6,2179,2,5,8,1,8
2018450312756,2,1,0,18,0,3,0,0,0,0,1,1,2,1,32,6,-1,-1,-1,10,1,10
2018450312756,3,9,0,18,0,4,0,0,0,0,0,2,2,3,33,6,999,1,2,-1,-1,-1
2018450312815,1,9,0,18,0,0,0,0,0,0,1,1,2,2,26,6,2987,2,8,10,3,10
2018450312815,2,9,0,18,0,0,0,0,0,0,1,1,2,2,26,6,1560,2,4,8,-1,8
2018450312829,1,9,0,18,0,1,0,0,1,0,1,1,2,2,65,9,1984,1,13,8,1,8
2018450312829,2,9,0,5,0,4,0,0,0,0,2,1,2,1,35,6,-1,-1,-1,9,1,9
2018450312844,1,8,0,1,0,8,0,0,0,0,2,1,1,1,49,8,1798,8,6,3,1,3
2018450312849,1,21,0,18,0,0,0,11,1,4,1,1,1,1,68,10,6700,2,2,10,1,10
2018450312865,1,9,0,18,0,0,1,0,0,0,4,1,5,2,18,4,1242,1,2,8,1,8
2018450312865,2,9,0,18,0,0,1,0,0,0,1,1,1,1,45,7,-1,-1,-1,5,3,5
2018450312865,3,9,0,18,0,0,1,0,0,0,1,1,1,1,24,5,1984,1,2,8,1,8
2018450312865,4,9,0,4,0,0,0,0,0,0,1,1,5,1,37,7,2993,2,11,7,1,7
2018450312865,5,9,0,18,0,0,0,0,0,0,1,1,5,2,38,7,1461,2,8,10,1,10
2018450312883,1,1,0,18,0,1,0,0,0,0,2,1,2,1,45,7,-1,-1,-1,4,1,4
2018450312883,2,9,0,18,0,1,0,0,0,0,1,1,5,2,76,11,996,1,4,10,3,10
2018450312883,3,9,0,18,0,1,0,0,0,0,0,1,6,3,44,7,-1,-1,-1,-1,-1,-1
2018450312888,1,9,0,3,0,1,0,0,0,0,2,1,6,3,40,7,-1,-1,-1,-1,-1,-1
2018450312888,2,1,0,4,0,1,0,0,0,0,1,1,1,1,32,6,-1,-1,-1,10,1,10
2018450312890,1,9,0,18,0,8,0,0,0,0,1,1,5,1,17,4,1198,1,7,6,1,6
2018450312890,2,9,0,4,0,1,0,0,0,0,1,1,6,1,30,6,1870,2,14,6,1,6
2018450312895,1,9,0,9,0,8,0,0,0,0,1,1,5,2,22,5,796,1,17,9,1,9
2018450312895,2,1,0,18,0,8,0,0,0,0,1,1,6,1,52,8,-1,-1,-1,6,1,6
2018450312897,1,19,0,9,0,8,0,0,0,0,1,1,2,1,46,8,1560,2,1,8,1,8
2018450312897,2,9,0,18,0,8,0,0,0,0,1,1,5,2,32,6,1997,2,9,9,1,9
2018450312903,1,3,0,12,0,0,5,10,7,11,1,1,2,1,18,4,125,1,1,10,1,10
2018450312903,2,9,0,11,0,0,0,0,0,0,0,1,5,1,79,11,1998,1,9,7,1,7
2018450312903,3,11,0,5,8,0,0,0,0,0,0,1,6,1,30,6,4500,2,4,4,1,4
2018450313205,1,9,0,4,0,1,0,0,0,0,2,1,1,1,37,7,4806,1,10,5,1,5
2018450313205,2,9,0,18,0,2,0,0,0,0,1,1,5,1,47,8,999,1,10,9,1,9
2018450313217,1,8,0,9,0,0,0,0,0,0,3,1,1,1,31,6,1997,2,6,8,1,8
2018450313217,2,1,0,18,0,0,0,0,0,0,1,1,5,1,52,8,-1,-1,-1,9,1,9
2018450313267,1,1,0,18,9,0,0,0,0,0,1,1,5,2,53,8,-1,-1,-1,9,3,9
2018450313269,1,21,0,11,0,0,0,0,0,0,4,1,1,1,52,8,6374,2,5,6,1,6
2018450313269,2,9,0,18,0,0,1,0,0,0,3,1,1,2,27,6,1242,1,6,7,1,7
2018450313269,3,9,0,18,0,0,0,0,0,0,4,1,5,2,45,7,2000,2,9,9,1,9
2018450313270,1,5,0,13,0,8,0,0,0,0,4,1,5,1,28,6,1250,1,18,6,1,6
2018450313270,2,9,0,9,0,5,0,0,0,0,3,1,1,1,43,7,1497,8,3,10,1,10
2018450313274,1,9,0,4,0,1,0,0,0,0,2,1,5,1,31,6,1995,2,8,5,1,5
2018450313274,2,19,0,4,0,1,0,0,0,0,2,1,2,1,28,6,2198,2,6,10,3,10
2018450313274,3,19,0,18,0,1,0,0,0,0,1,1,1,1,37,7,1968,2,2,7,1,7
2018450313276,1,9,0,10,0,0,0,0,0,0,1,1,5,1,17,4,998,1,9,10,1,10
2018450313276,2,4,0,18,0,0,0,0,0,0,1,1,5,1,19,4,510,1,2,7,1,7
2018450313277,1,9,0,18,0,0,0,0,0,0,3,1,2,1,34,6,1598,1,8,5,1,5
2018450313277,2,1,0,7,0,0,0,0,0,0,2,1,4,2,43,7,-1,-1,-1,10,2,10
2018450313281,1,3,0,15,1,0,0,0,0,0,1,1,5,1,18,4,125,1,5,7,3,7
2018450313281,2,9,0,7,0,0,0,0,0,0,4,1,5,2,40,7,1390,1,11,9,3,9
2018450313281,3,9,0,2,6,0,0,0,0,0,2,1,6,2,57,9,2148,2,13,10,1,10
2018450313285,1,4,0,16,0,0,2,0,7,11,3,1,5,1,38,7,-1,-1,-1,7,1,7
2018450313374,1,9,0,18,0,0,0,0,0,0,0,1,6,1,-1,-1,1242,1,18,7,1,7
2018450313418,1,3,0,18,0,0,0,0,0,0,1,1,6,1,25,5,125,1,1,4,1,4
2018450313497,1,9,0,18,0,0,0,0,0,0,2,1,6,3,33,6,2198,1,12,2,1,2
2018450313497,2,8,0,18,0,0,0,0,0,0,1,1,6,1,36,7,1797,8,8,7,1,7
2018450313509,1,9,0,18,0,0,1,0,1,7,4,1,1,2,55,8,1598,2,6,8,1,8
2018450313509,2,19,0,12,0,0,0,0,0,0,3,2,1,1,48,8,-1,-1,-1,-1,-1,-1
2018450313607,1,21,0,3,0,1,0,0,0,0,2,1,1,1,46,8,-1,-1,-1,3,1,3
2018450313607,2,9,0,3,0,1,1,4,0,0,2,1,6,2,42,7,1686,2,7,8,1,8
2018450313607,3,21,0,18,0,1,0,0,0,0,1,1,1,1,64,9,4461,2,8,4,1,4
2018450313613,1,21,0,18,0,0,0,0,1,0,1,1,1,1,42,7,12740,2,4,9,2,9
2018450313613,2,9,0,18,0,0,0,0,0,0,3,1,2,1,74,10,-1,-1,-1,7,1,7
2018450313615,1,9,0,5,0,6,0,0,0,0,1,1,5,1,31,6,1598,1,4,2,1,2
2018450313615,2,23,0,18,0,8,1,0,0,0,1,1,5,1,55,8,1052,1,19,8,3,8
2018450313621,1,1,0,18,0,0,0,0,0,0,0,1,5,1,21,5,-1,-1,-1,8,1,8
2018450313623,1,9,0,18,0,0,0,0,0,0,1,1,5,1,40,7,1595,1,1,9,1,9
2018450313623,2,9,0,18,0,0,0,0,0,0,3,1,2,2,38,7,1995,2,3,10,2,10
2018450313623,3,9,0,17,0,0,0,0,1,11,1,1,2,1,38,7,1910,2,10,10,1,10
2018450313624,1,9,0,7,0,6,0,0,0,0,3,1,2,1,58,9,2993,2,12,8,1,8
2018450313624,2,1,0,18,0,8,0,0,0,0,1,1,5,1,24,5,-1,-1,-1,8,1,8
2018450313645,1,9,0,4,0,1,0,0,0,0,4,1,3,2,38,7,1395,1,-1,10,1,10
2018450313719,1,1,0,18,0,0,0,0,0,0,1,1,6,1,42,7,-1,-1,-1,8,1,8
2018450313719,2,9,0,18,0,0,0,0,0,0,1,1,6,3,-1,-1,-1,-1,-1,-1,-1,-1
2018450313748,1,9,0,9,0,0,0,0,0,0,1,1,6,2,45,7,1968,2,4,7,3,7
2018450313748,2,9,0,18,0,0,0,0,0,0,3,1,6,1,33,6,1798,1,12,3,1,3
2018450313776,1,3,0,18,0,0,0,0,0,0,1,1,1,1,30,6,125,1,-1,4,1,4
2018450313776,2,9,0,18,0,0,0,0,0,0,0,1,1,1,34,6,1686,2,6,7,1,7
2018450313840,1,9,0,16,0,0,0,0,1,7,4,1,2,1,54,8,1461,2,2,8,1,8
2018450313893,1,9,0,5,0,0,0,0,0,0,3,1,5,2,73,10,1974,2,27,10,1,10
2018450313893,2,9,0,18,0,0,0,0,0,0,1,1,1,1,57,9,1598,2,2,6,1,6
2018450313899,1,8,0,18,0,0,0,0,0,0,4,1,5,2,60,9,1995,2,7,10,1,10
2018450313899,2,9,0,18,0,0,0,0,0,0,4,1,5,1,47,8,1973,1,21,5,1,5
2018450313902,1,9,0,17,9,2,0,0,1,11,1,1,6,2,18,4,998,1,4,9,1,9
2018450313914,1,9,0,18,0,0,0,0,1,7,1,1,2,1,26,6,-1,-1,-1,10,1,10
2018450313916,1,9,0,18,0,0,0,0,0,0,2,1,5,1,35,6,1468,1,9,8,1,8
2018450313916,2,9,0,18,0,0,0,0,0,0,1,1,2,2,50,8,1995,2,4,9,1,9
2018450313949,1,9,0,4,0,0,0,0,0,0,2,1,5,2,71,10,1318,1,-1,10,2,10
2018450313949,2,9,0,18,0,0,0,0,0,0,1,1,1,1,43,7,-1,-1,-1,7,1,7
2018450313957,1,9,0,18,0,0,0,4,0,0,4,1,6,1,85,11,1598,1,4,10,1,10
2018450313957,2,19,0,2,0,0,0,0,0,0,1,1,6,1,38,7,2198,2,3,6,3,6
2018450313958,1,4,0,18,1,0,0,0,0,0,1,1,1,1,26,6,123,1,2,10,1,10
2018450313978,1,9,0,4,0,1,0,0,0,0,2,1,5,2,66,10,2993,2,1,10,1,10
2018450313978,2,9,0,18,0,1,0,0,0,0,1,1,1,1,28,6,-1,-1,-1,10,2,10
2018450313987,1,9,0,9,0,1,0,0,0,0,1,1,6,3,35,6,-1,-1,-1,-1,-1,-1
2018450313987,2,1,0,9,0,2,0,0,0,0,1,1,5,1,30,6,-1,-1,-1,5,1,5
2018450313991,1,5,0,18,0,0,2,0,0,0,1,1,2,1,36,7,599,1,19,10,1,10
2018450313991,2,9,0,18,0,0,0,0,0,0,3,1,5,2,47,8,2400,2,7,8,3,8
2018450313991,3,9,0,18,0,0,0,0,0,0,3,1,5,2,59,9,1598,1,12,9,1,9
2018450313996,1,9,0,2,0,0,0,0,0,0,2,1,6,1,32,6,1997,2,2,10,1,10
2018450313996,2,9,0,18,0,0,0,4,0,0,1,1,5,1,40,7,1399,2,12,6,1,6
2018450313997,1,9,0,9,0,7,0,0,0,0,1,1,5,1,59,9,2995,1,1,-1,-1,-1
2018450313997,2,9,0,18,0,1,0,0,0,0,1,1,5,1,47,8,1598,2,-1,-1,-1,-1
2018450314001,1,9,0,13,0,2,1,0,7,0,1,1,5,1,79,11,1798,8,-1,6,1,6
2018450314001,2,9,0,9,0,1,0,0,7,0,3,1,5,2,40,7,-1,-1,-1,8,1,8
2018450314001,3,9,0,2,9,1,0,0,0,0,2,1,6,2,44,7,1086,1,9,8,1,8
2018450314004,1,4,0,13,0,8,2,10,1,2,3,1,2,1,28,6,-1,-1,-1,7,1,7
2018450314004,2,9,0,9,0,8,0,0,0,0,1,1,1,2,40,7,1596,1,14,5,1,5
2018450314005,1,9,0,18,7,6,0,0,0,0,1,1,2,1,29,6,1984,1,2,4,1,4
2018450314005,2,9,0,18,0,6,0,0,0,0,2,1,5,2,66,10,1197,1,4,10,1,10
2018450314007,1,9,0,16,0,0,1,0,0,0,3,1,5,1,62,9,-1,-1,-1,8,1,8
2018450314011,1,1,0,18,0,0,0,0,0,0,1,1,5,2,48,8,-1,-1,-1,10,1,10
2018450314029,1,9,0,16,0,0,0,0,0,0,1,1,5,2,50,8,1995,2,-1,-1,-1,-1
2018450314029,2,9,0,4,0,0,0,0,0,0,2,1,5,2,26,6,1197,1,2,10,2,10
2018450314030,1,9,0,16,0,1,1,0,7,1,1,1,2,1,36,7,1240,1,11,9,1,9
2018450314031,1,9,0,11,0,1,1,0,1,4,1,1,5,2,29,6,1598,1,15,3,1,3
2018450314032,1,1,0,18,0,0,0,0,0,0,0,1,5,1,69,10,-1,-1,-1,10,1,10
2018450314043,1,9,0,9,0,8,0,0,0,0,1,1,5,2,25,5,1198,1,3,9,1,9
2018450314043,2,9,0,18,0,8,0,0,1,4,1,1,5,1,21,5,-1,-1,-1,8,1,8
2018450314043,3,9,0,18,0,2,0,0,0,0,3,1,5,2,64,9,1386,1,10,6,1,6
2018450314044,1,9,0,18,0,0,1,0,1,4,1,1,5,1,30,6,1984,1,7,8,1,8
2018450314047,1,1,0,18,0,0,0,0,0,0,1,1,6,3,38,7,-1,-1,-1,-1,-1,-1
2018450314048,1,9,0,16,0,0,0,0,7,10,4,1,5,1,48,8,1198,1,13,10,2,10
2018450314048,2,9,0,16,0,0,0,0,0,0,1,1,5,2,48,8,2967,2,3,9,1,9
2018450314052,1,9,0,18,0,0,0,0,0,0,1,1,5,1,27,6,1999,1,3,9,1,9
2018450314054,1,19,0,7,0,0,0,0,7,4,1,1,5,1,29,6,1996,2,7,3,1,3
2018450314149,1,9,0,18,0,1,0,0,0,0,2,1,6,1,56,9,-1,-1,-1,8,1,8
2018450314149,2,9,0,18,0,1,0,0,0,0,1,1,6,2,27,6,1762,1,18,4,1,4
2018450314150,1,9,0,4,0,0,0,0,0,0,2,1,6,2,50,8,2993,2,2,8,3,8
2018450314150,2,9,0,18,0,0,0,0,0,0,1,1,6,2,30,6,1198,1,11,-1,-1,-1
2018450314166,1,9,0,3,0,0,0,0,0,0,2,1,6,2,50,8,1998,8,1,8,3,8
2018450314166,2,20,0,18,0,0,0,0,0,0,1,1,6,1,50,8,-1,-1,-1,2,1,2
2018450314233,1,9,0,12,0,0,2,0,4,7,1,1,5,2,30,6,1422,2,11,5,1,5
2018450314323,1,9,0,18,0,7,0,0,0,0,1,1,5,1,47,8,-1,-1,-1,10,1,10
2018450314323,2,21,0,18,0,2,0,0,0,0,2,2,1,1,41,7,-1,-1,-1,-1,-1,-1
2018450314323,3,21,0,18,0,8,0,0,0,0,1,1,1,1,52,8,12809,2,4,8,1,8
2018450314336,1,9,0,17,0,1,0,0,1,0,1,1,6,1,45,7,1149,1,10,-1,-1,-1
2018450314410,1,9,0,4,0,1,0,0,0,0,1,1,5,1,82,11,1595,1,18,5,1,5
2018450314410,2,9,0,9,0,5,0,0,0,0,2,1,5,1,53,8,1560,2,6,6,1,6
2018450314411,1,9,0,18,0,8,2,0,2,2,1,1,5,2,22,5,1388,1,15,10,1,10
2018450314415,1,9,0,16,9,2,0,0,7,10,1,1,6,1,26,6,1198,1,3,10,1,10
2018450314422,1,19,0,18,0,0,1,0,1,4,4,1,1,1,21,5,4500,2,3,8,1,8
2018450314506,1,3,0,17,0,0,0,0,0,0,1,1,6,1,18,4,124,1,7,7,1,7
2018450314506,2,11,0,16,0,0,0,0,0,0,1,1,6,1,56,9,9600,2,22,4,1,4
2018450314546,1,2,0,18,0,0,0,0,0,0,1,1,6,2,34,6,124,1,5,9,1,9
2018450314546,2,9,0,9,0,0,0,0,0,0,3,1,6,1,25,5,-1,-1,-1,10,1,10
2018450314562,1,9,0,18,0,0,0,0,0,0,1,1,1,2,50,8,998,1,3,9,1,9
2018450314575,1,1,0,18,0,0,0,0,0,0,1,1,6,1,11,3,-1,-1,-1,-1,-1,-1
2018450314575,2,9,0,18,0,0,0,0,0,0,4,1,6,1,57,9,4163,1,3,8,1,8
2018450314600,1,9,0,9,0,1,0,0,0,0,2,1,6,2,19,4,998,1,3,9,3,9