Accident_Index,Vehicle_Reference,Vehicle_Type,Towing_and_Articulation,Vehicle_Manoeuvre,Vehicle_Location-Restricted_Lane,Junction_Location,Skidding_and_Overturning,Hit_Object_in_Carriageway,Vehicle_Leaving_Carriageway,Hit_Object_off_Carriageway,1st_Point_of_Impact,Was_Vehicle_Left_Hand_Drive?,Journey_Purpose_of_Driver,Sex_of_Driver,Age_of_Driver,Age_Band_of_Driver,Engine_Capacity_(CC),Propulsion_Code,Age_of_Vehicle,Driver_IMD_Decile,Driver_Home_Area_Type,Vehicle_IMD_Decile
2018450314600,2,9,0,18,0,1,0,0,0,0,1,1,6,2,62,9,1896,2,12,10,1,10
2018450314600,3,9,0,9,0,1,0,0,0,0,1,1,6,1,45,7,2967,2,7,8,3,8
2018450314659,1,9,0,18,0,0,0,0,0,0,3,1,6,1,-1,-1,1995,2,6,7,3,7
2018450314659,2,3,0,18,0,0,0,0,0,0,1,1,6,2,-1,-1,124,1,1,6,1,6
2018450314739,1,1,0,18,4,0,1,0,0,0,2,1,5,1,65,9,-1,-1,-1,-1,3,-1
2018450314766,1,9,0,17,0,0,0,0,0,0,1,2,5,1,87,11,1390,1,8,3,1,3
2018450314766,2,19,0,2,0,0,0,0,0,0,2,2,6,3,-1,-1,-1,-1,-1,-1,-1,-1
2018450314769,1,9,0,18,0,0,0,0,0,0,2,1,5,1,27,6,2143,2,2,2,1,2
2018450314769,2,9,0,18,0,0,0,0,0,0,1,1,5,2,17,4,999,1,1,10,1,10
2018450314774,1,9,0,17,0,1,1,0,0,0,1,1,5,1,27,6,2401,2,15,9,1,9
2018450314774,2,9,0,16,0,1,0,0,0,0,1,1,1,2,52,8,1999,1,15,10,1,10
2018450314778,1,9,0,4,0,2,0,0,0,0,2,1,5,1,53,8,1560,2,6,8,1,8
2018450314778,2,9,0,4,0,2,0,0,0,0,1,1,1,1,47,8,2987,2,7,10,1,10
2018450314825,1,9,0,18,0,4,0,0,0,0,3,1,6,1,76,11,2993,2,3,10,1,10
2018450314853,1,20,0,1,0,0,0,0,0,0,2,1,6,1,50,8,-1,-1,-1,6,3,6
2018450314853,2,22,0,18,0,0,0,0,0,0,3,1,6,1,37,7,-1,-1,-1,4,1,4
2018450315226,1,9,0,9,0,0,0,0,0,0,4,1,6,2,85,11,1124,1,9,10,1,10
2018450315226,2,1,0,18,0,0,0,0,0,0,4,1,6,1,37,7,-1,-1,-1,9,1,9
2018450315289,1,1,0,18,0,0,0,0,0,0,4,1,6,2,40,7,-1,-1,-1,10,1,10
2018450315289,2,9,0,5,0,0,0,0,0,0,0,1,6,1,45,7,2000,2,9,4,1,4
2018450315306,1,9,0,7,0,2,1,0,1,10,1,1,1,2,21,5,1390,1,12,5,1,5
2018450315306,2,9,0,18,0,1,0,0,0,0,1,1,6,2,24,5,999,1,-1,7,1,7
2018450315306,3,20,0,2,9,1,0,0,0,0,1,1,6,1,54,8,-1,-1,-1,5,1,5
2018450315378,1,9,0,18,0,1,0,0,0,0,3,1,6,2,30,6,1968,2,10,6,1,6
2018450315378,2,9,0,18,0,1,0,0,0,0,1,1,6,1,30,6,-1,-1,-1,7,1,7
2018450315400,1,9,0,5,0,6,0,0,1,11,1,1,5,2,87,11,1197,1,4,10,2,10
2018450315449,1,9,0,16,9,0,0,0,1,4,1,1,5,1,87,11,1997,2,10,8,1,8
2018450315449,2,9,0,4,0,0,0,0,0,0,0,1,1,2,19,4,999,1,5,9,1,9
2018450315456,1,9,0,5,0,6,0,0,0,0,1,1,2,2,61,9,1124,1,16,10,1,10
2018450315456,2,11,0,18,0,3,0,0,0,0,3,1,1,1,59,9,4461,2,5,4,1,4
2018450315459,1,9,0,18,0,0,0,0,0,0,2,1,5,2,35,6,1598,1,7,10,1,10
2018450315459,2,9,0,18,0,0,0,0,0,0,1,1,2,1,28,6,1984,1,13,7,2,7
2018450315479,1,9,0,18,0,0,0,0,0,0,1,1,1,1,54,8,1248,1,1,9,3,9
2018450315479,2,9,0,18,0,0,0,0,0,0,2,1,5,1,65,9,1997,1,-1,9,1,9
2018450315487,1,9,0,9,0,5,0,0,0,0,3,1,2,1,25,5,2979,1,2,10,1,10
2018450315487,2,4,0,13,0,8,0,0,0,0,1,1,5,1,19,4,471,1,-1,10,1,10
2018450315491,1,9,0,17,0,0,2,0,7,0,1,1,5,2,22,5,1200,1,4,5,1,5
2018450315555,1,9,0,18,0,0,0,0,0,0,1,1,6,3,44,7,1496,2,2,-1,-1,-1
2018450315555,2,1,0,18,0,0,0,0,0,0,2,1,6,2,28,6,-1,-1,-1,9,1,9
2018450315563,1,9,0,3,0,0,0,0,0,0,2,1,6,1,37,7,1968,2,3,10,1,10
2018450315563,2,21,0,3,0,0,0,0,0,0,1,1,1,1,27,6,8970,2,12,8,1,8
2018450315582,1,9,0,18,0,2,0,0,0,0,1,1,6,1,61,9,1998,1,15,10,1,10
2018450315582,2,1,0,18,0,1,0,0,0,0,2,1,6,1,30,6,-1,-1,-1,10,1,10
2018450315592,1,9,0,9,0,1,0,0,0,0,4,1,6,2,68,10,1240,1,14,9,1,9
2018450315592,2,1,0,18,0,1,1,0,0,0,1,1,5,1,32,6,-1,-1,-1,6,1,6
2018450315690,1,9,0,18,0,0,0,0,0,0,1,1,1,1,35,6,1796,1,15,6,1,6
2018450315690,2,9,0,18,0,0,0,0,0,0,1,1,5,2,51,8,1499,2,4,5,1,5
2018450315690,3,9,0,18,0,0,0,0,0,0,2,1,1,1,34,6,1997,2,4,2,1,2
2018450315736,1,3,0,18,0,1,5,0,0,0,1,1,2,1,21,5,124,1,2,10,1,10
2018450315736,2,19,0,5,0,6,0,0,0,0,1,1,1,1,23,5,1896,2,9,6,1,6
2018450315789,1,9,0,1,0,0,0,0,0,0,2,1,5,2,66,10,2494,1,18,10,1,10
2018450315790,1,9,0,4,0,0,0,0,0,0,2,1,5,1,50,8,1598,1,13,10,1,10
2018450315790,2,9,0,4,0,0,0,0,0,0,1,1,5,1,70,10,1997,2,10,10,3,10
2018450315806,1,9,0,7,0,0,0,0,0,0,1,1,1,2,28,6,999,1,3,7,3,7
2018450315806,2,1,0,18,0,0,0,0,0,0,3,1,1,1,62,9,-1,-1,-1,6,1,6
2018450315811,1,9,0,9,0,1,0,0,0,0,1,1,5,1,85,11,1998,2,10,10,1,10
2018450315811,2,9,0,18,0,1,0,0,0,0,1,1,5,1,51,8,1995,2,12,9,2,9
2018450315812,1,5,0,18,0,1,0,0,0,0,1,1,2,1,41,7,1255,1,10,3,1,3
2018450315812,2,9,0,10,0,1,0,0,0,0,2,1,2,1,65,9,1992,2,13,10,1,10
2018450315814,1,9,0,18,0,0,5,4,0,0,4,1,5,2,71,10,1598,1,14,7,1,7
2018450315814,2,9,0,2,0,0,1,0,0,0,2,1,5,1,26,6,-1,-1,-1,6,3,6
2018450315815,1,5,0,16,0,1,2,0,4,0,1,1,5,1,26,6,649,1,4,6,1,6
2018450315815,2,9,0,9,0,6,0,0,0,0,4,1,5,2,46,8,1395,1,3,6,1,6
2018450315862,1,4,0,18,0,0,5,10,1,0,4,1,2,2,24,5,471,1,1,6,1,6
2018450315879,1,9,0,18,0,4,0,0,0,0,1,1,2,1,43,7,1968,2,1,10,2,10
2018450315879,2,9,0,2,0,1,0,0,0,0,2,1,5,2,50,8,1248,1,6,3,1,3
2018450315895,1,9,0,18,0,1,0,0,0,0,1,1,5,2,33,6,1781,1,16,9,1,9
2018450315895,2,9,0,4,0,8,0,0,0,0,2,1,5,1,45,7,1968,2,4,9,1,9
2018450315895,3,9,0,4,0,8,0,0,0,0,2,1,5,1,48,8,2979,1,16,9,1,9
2018450315897,1,9,0,4,0,1,0,0,0,0,1,1,5,2,61,9,1497,8,11,9,1,9
2018450315897,2,1,0,18,0,8,5,0,0,0,2,1,2,1,54,8,-1,-1,-1,9,1,9
2018450315925,1,90,0,18,0,0,0,0,0,0,1,1,1,1,48,8,-1,-1,-1,7,2,7
2018450315925,2,9,0,10,0,0,0,0,0,0,2,1,5,2,18,4,1229,1,8,7,1,7
2018450315925,3,9,0,18,0,0,0,0,0,0,1,1,6,2,87,11,1596,1,17,9,1,9
2018450315926,1,9,0,18,0,0,1,0,0,0,1,1,5,2,70,10,999,1,1,5,1,5
2018450315926,2,9,0,18,0,0,0,0,0,0,1,1,1,2,39,7,1798,8,3,2,1,2
2018450315932,1,9,0,18,0,0,0,0,0,0,4,1,5,1,34,6,1580,8,1,10,1,10
2018450315932,2,9,0,18,0,0,0,0,0,0,3,1,2,2,54,8,1339,8,13,7,3,7
2018450315996,1,1,0,16,0,0,1,0,0,0,4,1,5,2,57,9,-1,-1,-1,8,1,8
2018450316002,1,9,0,3,0,0,0,0,0,0,1,1,5,1,55,8,2143,2,2,10,1,10
2018450316002,2,9,0,2,0,0,0,0,0,0,2,1,6,1,53,8,-1,-1,-1,7,1,7
2018450316011,1,5,0,16,0,0,0,0,0,0,1,1,5,2,58,9,900,1,38,10,1,10
2018450316011,2,9,0,17,0,0,0,0,0,0,1,1,5,1,59,9,1997,2,3,7,2,7
2018450316016,1,9,0,18,0,2,0,0,0,0,1,1,6,2,32,6,1498,1,3,10,2,10
2018450316016,2,1,0,17,0,1,0,0,0,0,1,1,5,1,52,8,-1,-1,-1,9,1,9
2018450316025,1,1,0,18,0,0,0,0,0,0,1,1,5,1,17,4,-1,-1,-1,8,1,8
2018450316025,2,9,0,18,0,0,0,0,0,0,1,1,6,3,-1,-1,-1,-1,-1,-1,-1,-1
2018450316142,1,1,0,18,0,8,0,0,0,0,1,1,6,1,21,5,-1,-1,-1,9,1,9
2018450316142,2,9,0,18,0,1,0,0,0,0,1,1,6,2,-1,-1,2000,2,14,8,1,8
2018450316226,1,9,0,9,0,8,0,0,0,0,3,1,6,2,38,7,1798,1,1,5,1,5
2018450316226,2,1,0,18,0,8,0,0,0,0,1,1,6,1,22,5,-1,-1,-1,5,1,5
2018450316338,1,4,0,12,0,0,5,0,0,0,3,1,5,1,17,4,125,1,2,5,2,5
2018450316338,2,9,0,18,0,0,0,0,0,0,4,1,5,2,57,9,1560,2,6,9,2,9
2018450316416,1,19,0,11,0,0,0,0,0,0,1,1,1,1,56,9,2402,2,9,9,1,9
2018450316416,2,9,0,3,0,0,0,0,7,6,2,1,2,2,66,10,1595,1,1,10,1,10
2018450316416,3,9,0,3,0,0,0,0,0,0,0,1,5,1,27,6,1598,1,9,4,1,4
2018450316420,1,21,0,12,0,0,0,0,0,0,1,2,1,1,60,9,-1,-1,-1,-1,-1,-1
2018450316420,2,9,0,18,0,0,1,0,1,0,4,1,5,1,42,7,1399,1,-1,8,1,8
2018450316421,1,9,0,9,0,1,0,0,0,0,2,1,5,2,30,6,1995,2,10,7,3,7
2018450316421,2,9,0,18,0,1,0,0,0,0,1,1,5,2,23,5,1240,1,13,9,1,9
2018450316495,1,19,0,18,0,0,0,0,0,0,0,1,6,1,45,7,10837,2,1,6,3,6
2018450316495,2,9,0,18,0,0,0,0,0,0,1,1,6,2,28,6,1968,2,4,9,-1,9
2018450316718,1,9,0,18,0,0,0,0,0,0,1,1,2,1,52,8,1997,2,8,1,1,1
2018450316718,2,9,0,18,0,0,0,0,0,0,2,1,5,1,31,6,1560,2,9,4,1,4
2018450316781,1,4,0,18,0,0,1,4,0,0,1,1,6,1,51,8,1170,1,2,10,1,10
2018450316781,2,9,0,2,6,0,0,0,0,0,3,1,6,1,19,4,1399,2,8,5,2,5
2018450316828,1,9,0,18,0,0,0,0,0,0,1,1,1,2,39,7,1685,2,-1,2,1,2
2018450316828,2,9,0,18,0,0,0,0,0,0,1,1,6,3,50,8,-1,-1,-1,-1,-1,-1
2018450316844,1,9,0,5,0,1,0,0,0,0,1,1,5,1,40,7,1910,2,10,9,1,9
2018450316844,2,9,0,2,0,1,0,0,0,0,2,1,1,1,51,8,1496,2,-1,2,1,2
2018450316845,1,3,0,18,0,0,0,0,0,0,1,1,2,1,30,6,999,1,-1,5,1,5
2018450316845,2,8,0,6,0,0,0,0,0,0,4,1,1,1,49,8,2987,2,6,3,1,3
2018450316871,1,9,0,18,0,0,0,0,0,0,1,1,6,1,50,8,2987,2,3,8,1,8
2018450316871,2,9,0,18,0,0,0,0,0,0,1,1,6,2,34,6,998,1,-1,4,1,4
2018450316871,3,9,0,18,0,0,0,0,0,0,0,1,6,1,35,6,1950,2,1,-1,-1,-1
2018450316938,1,9,0,18,0,0,0,0,0,0,2,1,5,1,53,8,2179,2,11,8,1,8
2018450316938,2,9,0,18,0,0,0,4,0,0,2,1,1,1,57,9,1968,2,6,7,1,7
2018450316938,3,9,0,18,0,0,0,0,0,0,1,1,5,1,39,7,1968,2,10,4,1,4
2018450316938,4,19,0,18,0,0,0,0,0,0,2,1,1,1,38,7,1995,2,-1,-1,-1,-1
2018450316938,5,19,0,18,0,0,0,0,0,0,1,1,1,1,35,6,2299,2,2,3,1,3
2018450316941,1,9,0,18,0,0,0,0,2,2,1,1,5,2,20,4,1242,1,5,10,1,10
2018450316942,1,5,0,16,0,0,0,0,7,0,1,1,2,1,34,6,898,1,4,5,1,5
2018450316942,2,9,0,9,0,0,0,0,0,0,1,1,5,2,42,7,-1,-1,-1,10,3,10
2018450316942,3,19,0,2,6,0,0,0,0,0,2,1,6,3,-1,-1,-1,-1,-1,-1,-1,-1
2018450316943,1,9,0,18,0,1,1,0,7,11,1,1,2,1,31,6,1595,1,2,7,1,7
2018450316943,2,9,0,18,0,6,1,10,3,0,1,1,2,1,65,9,2987,2,5,10,3,10
2018450316944,1,1,0,15,4,1,0,0,1,0,3,1,5,1,49,8,-1,-1,-1,10,1,10
2018450316944,2,9,0,7,0,8,0,0,0,0,1,1,6,1,21,5,1461,2,1,1,1,1
2018450316975,1,9,0,3,0,1,0,0,0,0,3,1,6,2,48,8,1598,1,14,4,1,4
2018450316975,2,20,1,3,0,1,0,0,0,0,4,1,1,3,33,6,-1,-1,-1,-1,-1,-1
2018450316985,1,9,0,18,0,0,2,0,1,2,1,1,2,1,25,5,1229,1,4,7,1,7
2018450317041,1,1,0,18,0,1,0,0,0,0,1,1,6,1,15,3,-1,-1,-1,5,3,5
2018450317041,2,9,0,18,0,1,0,0,0,0,1,1,6,3,33,6,-1,-1,-1,-1,-1,-1
2018450317118,1,9,0,18,0,0,0,0,0,0,0,1,6,1,42,7,-1,-1,-1,9,1,9
2018450317155,1,9,0,18,0,0,0,0,7,0,1,1,6,1,67,10,1498,1,12,5,1,5
2018450317177,1,9,0,12,0,0,0,0,0,0,1,1,5,1,45,7,2993,2,4,10,1,10
2018450317177,2,9,0,18,0,0,0,0,0,0,2,1,5,2,28,6,1999,1,3,3,1,3
2018450317177,3,9,0,18,0,0,0,0,0,0,2,1,5,2,34,6,1991,1,1,10,1,10
2018450317228,1,9,0,7,0,1,0,0,0,0,4,1,5,2,17,4,1229,1,12,10,1,10
2018450317228,2,1,0,18,0,8,5,0,0,0,1,1,6,2,31,6,-1,-1,-1,9,1,9
2018450317275,1,21,1,12,0,0,0,0,0,0,3,2,1,1,53,8,-1,-1,-1,-1,-1,-1
2018450317275,2,9,0,18,0,0,0,0,7,7,4,1,5,2,62,9,2179,2,8,10,1,10
2018450317280,1,9,0,18,0,8,1,0,0,0,1,1,2,1,21,5,1598,2,3,10,1,10
2018450317280,2,11,0,9,0,8,0,0,0,0,2,1,1,1,42,7,7300,2,4,4,1,4
2018450317280,3,9,0,18,0,8,0,0,1,1,3,1,2,1,62,9,-1,-1,-1,9,1,9
2018450317308,1,9,0,9,0,6,0,0,0,0,1,1,5,2,25,5,1781,1,16,10,1,10
2018450317308,2,4,0,18,0,1,0,0,0,0,1,1,5,1,19,4,125,1,1,9,1,9
2018450317310,1,9,0,18,0,0,0,0,0,0,1,1,2,2,36,7,1596,1,13,8,3,8
2018450317310,2,9,0,4,0,0,0,0,0,0,0,1,5,2,22,5,1242,1,5,3,1,3
2018450317315,1,9,0,18,0,0,1,0,0,0,1,1,1,1,31,6,2926,2,15,10,1,10
2018450317315,2,19,0,9,0,0,0,0,0,0,2,1,5,1,56,9,2982,2,10,6,3,6
2018450317400,1,5,0,18,0,0,0,0,0,0,1,1,2,1,37,7,660,1,9,5,1,5
2018450317400,2,1,0,17,0,0,0,0,0,0,1,1,2,1,22,5,-1,-1,-1,4,1,4
2018450317420,1,9,0,18,0,8,1,0,0,0,1,1,2,1,41,7,1596,1,5,8,2,8
2018450317432,1,1,0,18,0,0,0,0,0,0,3,1,6,1,15,3,-1,-1,-1,10,1,10
2018450317432,2,9,0,7,0,0,0,0,0,0,1,1,6,2,20,4,999,1,4,-1,-1,-1
2018450317463,1,20,0,18,0,8,0,0,0,0,0,1,6,1,38,7,-1,-1,-1,9,1,9
2018450317463,2,9,0,4,0,8,0,0,0,0,2,1,2,1,39,7,1896,2,15,4,1,4
2018450317463,3,9,0,4,0,8,0,0,0,0,1,1,2,2,73,10,998,1,17,5,1,5
2018450317463,4,9,0,4,0,8,0,0,0,0,1,1,5,2,56,9,1998,1,10,9,1,9
2018450317479,1,9,0,17,0,0,0,0,0,0,1,1,6,2,46,8,2993,2,2,10,3,10
2018450317479,2,9,0,16,0,0,0,0,0,0,1,1,6,1,33,6,1595,1,9,7,1,7
2018450317483,1,20,0,18,0,0,0,0,0,0,1,1,6,1,60,9,-1,-1,-1,8,3,8
2018450317483,2,9,0,18,0,0,0,0,0,0,3,1,6,1,27,6,998,1,7,7,1,7
2018450317537,1,21,1,11,0,0,0,0,0,0,1,1,1,1,32,6,12742,2,-1,7,3,7
2018450317537,2,9,0,18,0,0,0,0,4,0,3,1,5,1,72,10,2143,2,5,6,3,6
2018450317538,1,9,0,18,0,0,0,0,0,0,1,1,1,2,47,8,1797,8,3,1,1,1
2018450317538,2,9,0,4,0,0,0,0,0,0,2,1,1,1,69,10,1968,2,-1,5,1,5
2018450317581,1,19,0,9,0,1,0,0,0,0,3,1,2,2,31,6,1686,2,14,7,3,7
2018450317581,2,1,0,9,0,5,0,0,0,0,2,1,1,1,54,8,-1,-1,-1,9,1,9
2018450317597,1,9,0,18,0,1,0,0,0,0,1,1,2,1,30,6,1390,1,12,2,1,2
2018450317597,2,9,0,18,0,2,0,0,0,0,2,1,1,1,35,6,2143,2,6,5,1,5
2018450317603,1,1,0,18,9,0,0,0,0,0,3,1,2,2,43,7,-1,-1,-1,9,1,9
2018450317616,1,9,0,18,9,0,0,0,7,0,4,1,6,2,20,4,1229,1,13,7,3,7
2018450317616,2,9,0,2,0,0,0,0,0,0,3,1,6,2,-1,-1,1984,1,10,9,3,9
2018450317656,1,9,0,18,0,1,0,0,0,0,2,1,6,1,52,8,998,1,1,10,1,10
2018450317656,2,9,0,18,0,1,0,0,0,0,1,1,6,3,-1,-1,-1,-1,-1,-1,-1,-1
2018450317768,1,9,0,18,0,0,0,0,0,0,1,1,6,2,42,7,1997,2,6,8,1,8
2018450317768,2,9,0,18,0,0,0,0,0,0,1,1,6,3,33,6,-1,-1,-1,-1,-1,-1
2018450317823,1,19,0,18,0,0,0,0,0,0,1,1,1,1,31,6,1499,2,1,8,1,8
2018450317823,2,5,0,18,0,0,1,0,0,0,3,1,5,1,31,6,1293,1,3,9,3,9
2018450317823,3,9,0,18,0,0,0,0,0,0,2,1,6,1,59,9,2993,2,2,9,1,9
2018450317825,1,2,0,18,0,4,1,0,0,0,1,1,5,1,17,4,-1,-1,-1,4,1,4
2018450317825,2,9,0,18,0,4,0,0,0,0,2,1,5,2,44,7,1360,1,8,10,1,10
2018450317827,1,9,0,18,0,0,1,0,2,7,4,1,5,1,75,10,2987,2,5,9,1,9
2018450317849,1,9,0,18,0,0,0,4,0,0,1,1,5,1,18,4,1600,1,14,8,1,8
2018450317849,2,9,0,2,0,0,0,0,1,0,1,1,6,2,31,6,1598,1,10,7,1,7
2018450317896,1,9,0,18,0,1,0,0,0,0,1,1,1,1,17,4,1229,1,10,9,1,9
2018450317896,2,11,0,3,0,1,0,0,0,0,2,1,1,1,54,8,4461,2,5,4,1,4
2018450317901,1,9,0,16,0,6,0,0,0,0,2,1,5,1,51,8,1560,2,6,2,1,2
2018450317901,2,9,0,16,0,2,0,0,0,0,1,1,1,1,26,6,-1,-1,-1,5,1,5
2018450317906,1,9,0,5,0,3,0,0,0,0,3,1,2,1,21,5,1598,2,3,7,1,7
2018450317906,2,1,0,17,0,3,0,0,0,0,4,1,5,1,41,7,-1,-1,-1,10,1,10
2018450317910,1,9,0,17,0,4,0,0,0,0,0,1,5,1,70,10,2179,2,10,9,1,9
2018450317910,2,1,0,9,0,3,0,0,0,0,3,1,5,1,59,9,-1,-1,-1,8,1,8
2018450317918,1,9,0,18,0,3,0,0,0,0,1,1,6,2,28,6,1598,2,2,5,1,5
2018450317918,2,9,0,18,0,1,0,0,0,0,3,1,5,1,85,11,1598,1,3,8,3,8
2018450317936,1,9,0,18,0,8,0,0,0,0,1,1,5,1,32,6,1995,2,1,10,1,10
2018450317959,1,9,0,18,0,8,0,0,0,0,4,1,5,2,39,7,1499,1,10,5,1,5
2018450317959,2,9,0,18,0,8,0,0,0,0,1,1,5,2,53,8,1618,1,1,9,2,9
2018450317997,1,9,0,9,0,2,0,0,0,0,3,1,5,2,38,7,1596,1,6,5,1,5
2018450317997,2,1,0,14,0,2,2,0,0,0,1,1,5,1,42,7,-1,-1,-1,8,1,8
2018450318002,1,9,0,9,0,5,0,0,0,0,3,1,5,1,56,9,2995,1,16,7,3,7
2018450318002,2,1,0,18,0,8,0,0,0,0,1,1,6,1,46,8,-1,-1,-1,8,1,8
2018450318016,1,9,0,18,0,0,0,0,0,0,1,1,5,1,22,5,2993,2,11,4,1,4
2018450318016,2,9,0,18,0,0,1,0,0,0,2,1,5,1,27,6,1986,2,13,2,1,2
2018450318020,1,9,0,18,0,0,0,0,0,0,1,1,5,2,31,6,2494,1,16,3,1,3
2018450318020,2,21,0,11,0,0,0,0,0,0,2,1,1,1,42,7,9290,2,-1,9,1,9
2018450318021,1,9,0,12,0,0,0,0,0,0,1,1,5,1,19,4,1364,1,11,7,1,7
2018450318021,2,9,0,18,0,0,1,0,0,0,2,1,2,1,56,9,1360,1,13,4,1,4
2018450318058,1,9,0,18,0,0,0,0,0,0,3,1,6,2,27,6,1598,1,10,9,2,9
2018450318058,2,9,0,18,0,0,0,0,0,0,4,1,6,3,30,6,-1,-1,-1,-1,-1,-1
2018450318071,1,9,0,18,0,0,0,0,0,0,1,1,6,2,17,4,1242,1,12,3,1,3
2018450318071,2,9,0,2,0,0,0,0,0,0,2,1,6,2,55,8,1598,1,14,5,1,5
2018450318071,3,9,0,2,0,0,0,0,0,0,2,1,6,1,50,8,1896,2,14,5,1,5
2018450318270,1,9,0,8,0,8,0,0,0,0,1,1,5,2,33,6,1995,2,6,4,1,4
2018450318283,1,90,0,18,0,1,1,0,0,0,1,1,1,1,58,9,-1,-1,-1,6,3,6
2018450318283,2,9,0,18,0,1,1,0,0,0,2,1,2,1,60,9,1999,2,2,5,1,5
2018450318283,3,9,0,9,0,1,1,0,0,0,2,1,5,2,36,7,2000,1,9,9,1,9
2018450318283,4,90,1,18,0,1,1,0,0,0,1,1,6,1,38,7,-1,-1,-1,6,2,6
2018450318290,1,9,0,18,0,0,0,0,0,0,1,1,5,1,24,5,1396,1,3,7,1,7
2018450318313,1,9,0,2,0,0,0,0,0,0,2,1,5,2,35,6,1998,1,16,9,1,9
2018450318313,2,1,0,18,0,0,0,0,0,0,4,1,6,1,40,7,-1,-1,-1,-1,-1,-1
2018450318317,1,9,0,9,0,1,1,0,1,4,1,1,5,1,18,4,1390,1,8,8,3,8
2018450318430,1,9,0,18,0,0,0,0,0,0,0,1,6,3,-1,-1,-1,-1,-1,-1,-1,-1
2018450318694,1,9,0,18,0,2,0,0,0,0,1,1,6,3,30,6,-1,-1,-1,-1,-1,-1
2018450318699,1,9,0,17,0,8,0,0,0,0,1,1,1,2,26,6,1242,1,4,10,1,10
2018450318699,2,19,0,17,0,1,1,0,0,0,1,1,1,1,46,8,2148,2,12,5,1,5
2018450318700,1,9,0,5,0,0,0,0,0,0,3,1,5,1,23,5,1598,1,15,6,3,6
2018450318700,2,19,0,18,0,0,0,4,7,0,1,1,5,2,29,6,2198,2,5,3,1,3
2018450318700,3,9,0,2,0,0,0,0,0,0,3,1,5,2,58,9,1198,1,3,8,1,8
2018450318700,4,9,0,2,0,0,0,0,0,0,3,1,6,3,-1,-1,-1,-1,-1,-1,-1,-1
2018450318700,5,9,0,2,0,0,0,0,0,0,3,1,6,3,-1,-1,-1,-1,-1,-1,-1,-1
2018450318701,1,9,0,18,0,0,0,0,1,0,1,1,5,1,20,4,1590,1,17,-1,-1,-1
2018450318701,2,9,0,18,0,0,0,0,1,0,2,1,5,1,33,6,2993,2,3,8,1,8
2018450318701,3,9,0,13,0,0,1,0,7,4,4,1,1,1,28,6,2993,2,3,8,1,8
2018450318701,4,9,0,18,0,0,0,0,0,0,1,1,5,1,33,6,1984,1,3,8,1,8
2018450318701,5,9,0,18,0,0,0,0,1,0,0,1,5,1,33,6,2993,2,3,8,1,8
2018450318710,1,21,0,11,0,0,0,0,0,0,4,1,1,1,33,6,9290,2,6,1,1,1
2018450318710,2,9,0,18,0,0,0,0,0,0,3,1,5,1,33,6,1968,2,4,9,2,9
2018450318710,3,9,0,4,0,0,0,0,0,0,2,1,5,1,51,8,1968,2,2,10,1,10
2018450318710,4,9,0,18,0,0,0,0,0,0,1,1,5,1,53,8,-1,-1,-1,6,1,6
2018450318730,1,9,0,9,9,0,0,0,0,0,3,1,6,1,61,9,2967,2,1,6,3,6
2018450318779,1,19,0,18,0,2,0,0,0,0,1,1,1,1,32,6,2298,2,1,3,1,3
2018450318779,2,9,0,3,0,2,0,0,0,0,2,1,1,1,54,8,-1,-1,-1,7,2,7
2018450318779,3,9,0,3,0,2,0,0,0,0,2,1,1,1,56,9,-1,-1,-1,6,3,6
2018450318836,1,1,0,3,0,0,0,0,0,0,1,1,6,2,34,6,-1,-1,-1,8,1,8
2018450318836,2,9,0,3,0,0,0,0,0,0,2,1,6,1,58,9,2488,1,20,4,1,4
2018450319025,1,19,0,4,6,0,0,0,0,0,3,1,2,1,51,8,1995,2,-1,7,2,7
2018450319025,2,90,0,2,0,0,0,0,0,0,4,1,1,1,47,8,-1,-1,-1,5,1,5
2018450319066,1,3,0,17,0,0,1,0,7,0,4,1,5,1,45,7,125,1,3,9,1,9
2018450319066,2,9,0,18,0,0,0,0,0,0,1,1,2,2,61,9,1998,1,8,9,3,9
2018450319066,3,9,0,18,0,0,0,0,0,0,0,1,6,2,55,8,1995,2,14,8,1,8
2018450319069,1,9,0,2,0,1,0,0,0,0,3,1,6,2,67,10,1499,1,2,8,1,8
2018450319074,1,19,0,16,0,0,5,0,8,9,3,1,5,1,25,5,1896,2,11,9,3,9
2018450319079,1,9,0,18,0,0,0,0,0,0,1,1,6,3,45,7,-1,-1,-1,-1,-1,-1
2018450319079,2,3,0,16,0,0,1,0,0,0,3,1,5,1,19,4,125,1,3,10,1,10
2018450319280,1,21,0,18,0,0,0,0,0,0,4,1,1,1,35,6,-1,-1,-1,3,1,3
2018450319345,1,9,0,18,0,0,0,0,1,0,1,1,6,1,24,5,-1,-1,-1,8,3,8
2018450319350,1,20,0,18,0,0,0,0,0,0,1,1,6,1,32,6,-1,-1,-1,9,1,9
2018450319382,1,9,0,11,0,0,0,0,0,0,4,1,5,1,18,4,998,1,3,10,1,10