Accident_Index,Vehicle_Reference,Vehicle_Type,Towing_and_Articulation,Vehicle_Manoeuvre,Vehicle_Location-Restricted_Lane,Junction_Location,Skidding_and_Overturning,Hit_Object_in_Carriageway,Vehicle_Leaving_Carriageway,Hit_Object_off_Carriageway,1st_Point_of_Impact,Was_Vehicle_Left_Hand_Drive?,Journey_Purpose_of_Driver,Sex_of_Driver,Age_of_Driver,Age_Band_of_Driver,Engine_Capacity_(CC),Propulsion_Code,Age_of_Vehicle,Driver_IMD_Decile,Driver_Home_Area_Type,Vehicle_IMD_Decile
2018450319382,2,3,0,18,0,0,0,0,0,0,3,1,2,2,43,7,645,1,9,8,1,8
2018450319388,1,9,0,9,0,8,0,0,0,0,3,1,5,1,36,7,2148,2,13,4,1,4
2018450319388,2,3,0,18,0,1,0,0,0,0,1,1,2,1,31,6,125,1,-1,2,1,2
2018450319392,1,9,0,17,0,2,0,0,2,10,1,1,5,1,22,5,-1,-1,-1,7,2,7
2018450319405,1,3,0,18,0,0,0,0,0,0,1,1,2,1,16,4,-1,-1,-1,8,1,8
2018450319405,2,9,0,4,0,0,0,0,0,0,2,1,6,1,53,8,1870,2,10,7,1,7
2018450319405,3,9,0,18,0,0,0,0,0,0,3,1,6,2,45,7,2204,2,10,7,1,7
2018450319431,1,19,0,18,0,1,0,0,0,0,1,1,1,1,41,7,2198,2,6,5,1,5
2018450319431,2,9,0,9,0,6,0,0,0,0,1,1,2,2,38,7,1598,2,5,8,1,8
2018450319452,1,9,0,17,0,0,2,0,1,0,1,1,5,1,55,8,2979,1,9,5,2,5
2018450319463,1,9,0,18,0,0,0,12,1,0,1,1,6,1,23,5,1198,1,9,10,1,10
2018450319644,1,9,0,9,0,8,0,0,0,0,1,2,5,2,27,6,1364,1,6,8,1,8
2018450319644,2,9,0,18,0,1,0,0,0,0,1,1,5,1,70,10,1468,1,15,5,1,5
2018450319676,1,9,0,18,0,0,0,0,0,0,1,1,2,1,27,6,1390,1,9,8,1,8
2018450319676,2,19,0,18,0,0,0,0,0,0,2,1,2,1,58,9,1560,2,1,6,1,6
2018450319691,1,9,0,4,0,0,0,0,0,0,1,1,5,1,31,6,2497,2,13,6,1,6
2018450319691,2,9,0,4,0,0,0,0,0,0,2,1,5,1,79,11,1997,2,8,10,1,10
2018450319695,1,9,0,17,0,0,0,0,0,0,1,1,5,1,18,4,1229,1,4,9,1,9
2018450319695,2,9,0,18,0,0,0,0,0,0,1,1,6,1,21,5,1198,1,11,8,3,8
2018450319700,1,9,0,9,0,6,0,0,0,0,3,1,5,2,17,4,1199,2,5,9,3,9
2018450319700,2,9,0,18,0,1,0,0,0,0,1,1,5,1,61,9,998,1,19,5,1,5
2018450319701,1,9,0,18,0,1,0,0,0,0,3,1,5,2,43,7,1560,2,11,9,1,9
2018450319701,2,9,0,5,0,8,0,0,0,0,1,1,2,1,55,8,1598,1,12,5,1,5
2018450319702,1,9,0,5,0,4,0,0,0,0,2,1,2,1,18,4,1242,1,18,6,1,6
2018450319702,2,9,0,7,0,3,0,0,3,2,2,1,1,2,31,6,1796,1,12,5,1,5
2018450319793,1,9,0,9,0,0,0,0,0,0,4,1,2,2,18,4,999,1,1,2,1,2
2018450319793,2,9,0,18,0,0,0,0,0,0,1,1,5,1,45,7,2993,2,6,5,1,5
2018450319800,1,5,0,16,0,1,0,0,0,0,1,1,5,1,55,8,885,1,20,4,1,4
2018450319800,2,9,0,9,0,1,0,0,0,0,4,1,1,1,23,5,998,1,10,10,1,10
2018450319862,1,9,0,7,0,8,2,0,1,10,1,1,5,2,18,4,1388,1,12,7,1,7
2018450319882,1,9,0,18,0,1,0,0,0,0,1,1,5,2,44,7,1798,1,5,10,1,10
2018450319882,2,5,0,18,0,3,1,0,0,0,4,1,5,1,31,6,599,1,14,4,1,4
2018450319891,1,9,0,18,0,0,1,0,1,0,1,1,5,1,93,11,1198,1,8,9,1,9
2018450319891,2,9,0,18,0,0,1,0,1,11,1,1,5,1,89,11,1390,1,8,6,3,6
2018450319902,1,9,0,18,9,1,1,0,1,11,1,1,2,1,21,5,1364,1,12,4,1,4
2018450319910,1,9,0,18,0,1,0,0,1,2,1,1,6,1,25,5,1598,1,11,6,1,6
2018450319926,1,9,0,3,0,0,0,0,0,0,2,1,6,1,68,10,1461,2,1,10,1,10
2018450319926,2,3,0,18,0,0,0,0,0,0,1,1,6,1,19,4,125,1,7,7,1,7
2018450319943,1,5,0,18,0,8,0,0,0,0,1,1,2,1,52,8,1157,1,11,9,1,9
2018450319943,2,9,0,18,0,8,0,0,0,0,2,1,6,3,40,7,-1,-1,-1,-1,-1,-1
2018450319964,1,9,0,4,0,0,0,0,0,0,0,1,6,1,78,11,1242,1,4,8,3,8
2018450319988,1,9,0,3,0,1,0,0,0,0,1,1,6,2,62,9,1560,2,12,10,1,10
2018450319988,2,9,0,3,0,1,0,0,0,0,2,1,6,2,33,6,-1,-1,-1,-1,-1,-1
2018450319988,3,9,0,3,0,1,0,0,0,0,1,1,6,2,66,10,-1,-1,-1,-1,-1,-1
2018450319992,1,9,0,4,0,1,0,0,0,0,1,1,5,1,30,6,1998,1,13,8,1,8
2018450319992,2,1,0,16,0,2,5,0,0,0,1,1,6,1,40,7,-1,-1,-1,8,1,8
2018450320060,1,19,0,18,0,2,0,4,8,0,1,1,1,1,53,8,2198,2,8,7,1,7
2018450320060,2,9,0,2,9,8,0,0,0,0,1,1,6,1,35,6,1390,1,8,7,2,7
2018450320146,1,1,0,4,5,0,1,0,0,0,0,1,5,2,45,7,-1,-1,-1,-1,-1,-1
2018450320196,1,9,0,18,0,1,0,0,0,0,1,1,6,1,33,6,999,1,-1,9,1,9
2018450320196,2,9,0,17,0,1,0,0,0,0,1,1,5,1,72,10,2996,1,12,5,3,5
2018450320265,1,9,0,18,0,0,0,0,0,0,1,1,6,1,57,9,2199,2,5,10,1,10
2018450320331,1,9,0,18,0,8,0,0,4,0,1,1,5,1,21,5,1388,1,7,7,1,7
2018450320331,2,19,0,9,0,1,0,0,0,0,3,1,1,1,31,6,2143,2,8,7,1,7
2018450320477,1,9,0,10,0,1,0,0,0,0,2,1,6,1,38,7,1970,1,17,6,1,6
2018450320477,2,9,0,18,0,1,1,0,0,0,1,1,6,2,41,7,1086,1,9,9,1,9
2018450320493,1,9,0,3,0,0,0,0,0,0,1,1,1,1,49,8,1582,2,3,3,1,3
2018450320493,2,9,0,3,0,0,0,0,0,0,2,1,5,1,52,8,1198,1,12,10,3,10
2018450320511,1,5,0,17,0,8,0,0,1,11,1,1,5,1,34,6,883,1,4,5,1,5
2018450320588,1,9,0,18,0,0,0,0,0,0,2,1,6,1,22,5,1149,1,6,6,3,6
2018450320588,2,1,0,16,0,0,0,4,0,0,1,1,6,1,50,8,-1,-1,-1,5,1,5
2018450320593,1,9,0,5,0,2,0,0,0,0,1,1,5,2,88,11,998,1,17,10,2,10
2018450320593,2,9,0,18,0,2,0,10,7,9,3,1,5,2,58,9,1199,1,15,9,1,9
2018450320633,1,9,0,18,0,0,0,0,0,0,1,1,6,2,24,5,1390,1,9,10,1,10
2018450320633,2,9,0,18,0,0,0,0,0,0,1,1,6,1,75,10,1999,1,6,6,1,6
2018450320829,1,19,0,9,0,6,0,0,0,0,3,1,5,1,70,10,-1,-1,-1,5,1,5
2018450320829,2,9,0,18,0,1,0,0,0,0,1,1,5,2,26,6,1560,2,8,4,3,4
2018450320877,1,9,0,9,0,5,0,0,7,10,1,1,5,1,91,11,1997,1,18,10,1,10
2018450321030,1,9,0,4,0,0,0,0,0,0,2,1,5,1,39,7,1968,2,3,10,1,10
2018450321030,2,21,1,18,0,0,0,0,0,0,1,1,1,1,34,6,12902,2,2,3,2,3
2018450321050,1,90,0,18,0,0,0,0,0,0,4,2,1,1,47,8,-1,-1,-1,-1,-1,-1
2018450321050,2,9,0,18,0,0,0,0,0,0,4,1,5,1,28,6,1596,1,8,5,1,5
2018450321063,1,9,0,12,0,0,0,0,0,0,3,1,5,2,62,9,898,1,2,9,2,9
2018450321063,2,5,0,18,0,0,2,0,7,0,4,1,2,1,31,6,675,1,2,9,2,9
2018450321068,1,9,0,9,0,6,0,0,0,0,1,1,5,1,40,7,1796,1,12,8,1,8
2018450321068,2,9,0,18,0,1,0,0,0,0,1,1,5,2,71,10,993,1,16,9,1,9
2018450321069,1,1,0,18,0,0,0,0,0,0,0,1,2,1,25,5,-1,-1,-1,10,1,10
2018450321069,2,1,0,18,0,0,0,0,0,0,1,1,2,1,26,6,-1,-1,-1,4,1,4
2018450321069,3,1,0,18,0,0,0,4,0,0,1,1,2,1,24,5,-1,-1,-1,9,1,9
2018450321069,4,9,0,2,0,0,0,0,0,0,3,1,6,3,-1,-1,-1,-1,-1,-1,-1,-1
2018450321074,1,19,0,18,0,0,5,0,1,2,1,1,6,1,35,6,-1,-1,-1,9,1,9
2018450321075,1,90,1,12,0,0,0,0,0,0,1,2,5,1,60,9,-1,-1,-1,-1,-1,-1
2018450321075,2,9,0,18,0,0,0,0,0,0,4,1,5,2,44,7,1149,1,13,6,1,6
2018450321158,1,9,0,3,0,0,0,0,0,0,2,1,6,1,18,4,998,1,21,8,3,8
2018450321158,2,9,0,18,0,0,0,0,0,0,1,1,6,2,44,7,2987,2,7,6,1,6
2018450321233,1,9,0,18,0,0,0,0,0,0,1,1,5,2,28,6,1242,1,10,8,1,8
2018450321335,1,5,0,14,0,0,0,0,0,0,1,1,2,1,29,6,599,1,15,10,1,10
2018450321385,1,9,0,18,0,0,0,0,2,11,1,1,5,1,88,11,1388,1,15,3,1,3
2018450321385,2,9,0,2,9,0,0,0,0,0,0,1,6,3,-1,-1,-1,-1,-1,-1,-1,-1
2018450321398,1,3,0,18,0,1,0,0,0,0,4,1,2,1,28,6,125,1,3,4,1,4
2018450321398,2,9,0,9,0,6,0,0,0,0,1,1,2,1,27,6,1598,1,6,2,1,2
2018450321415,1,8,0,18,0,0,0,0,0,0,1,1,1,1,41,7,1797,8,5,6,1,6
2018450321415,2,9,0,18,0,0,0,0,0,0,1,1,5,1,23,5,1229,1,5,8,1,8
2018450321415,3,9,0,4,0,0,0,0,0,0,2,1,5,1,48,8,2993,2,3,5,1,5
2018450321425,1,9,0,18,0,8,0,0,0,0,1,1,5,2,81,11,1587,1,11,9,3,9
2018450321425,2,9,0,18,0,8,0,0,8,6,4,1,5,1,72,10,1598,1,15,-1,-1,-1
2018450321426,1,9,0,16,0,0,0,0,0,0,1,1,2,1,33,6,1968,2,4,9,3,9
2018450321426,2,9,0,17,0,0,0,0,0,0,1,1,6,1,36,7,1598,2,4,10,1,10
2018450321427,1,9,0,18,0,0,0,0,0,0,1,1,2,1,21,5,1395,1,2,8,1,8
2018450321427,2,9,0,4,0,0,0,0,0,0,1,1,2,1,19,4,1598,1,5,10,1,10
2018450321575,1,9,0,3,0,0,0,0,0,0,2,1,6,2,54,8,1248,1,1,10,1,10
2018450321575,2,20,0,18,0,0,0,0,0,0,1,1,6,2,38,7,-1,-1,-1,3,1,3
2018450321669,1,4,0,18,0,0,0,0,0,0,1,1,5,1,22,5,675,1,4,9,1,9
2018450321669,2,19,0,18,0,0,0,0,0,0,4,1,1,1,59,9,2143,2,5,6,3,6
2018450321701,1,9,0,18,0,0,5,0,0,0,3,1,2,1,18,4,1595,1,10,5,1,5
2018450321706,1,9,0,16,0,0,0,6,0,0,1,1,5,1,35,6,1598,2,5,4,3,4
2018450321707,1,9,0,18,0,4,0,0,0,0,1,1,5,1,24,5,-1,-1,-1,9,1,9
2018450321707,2,9,0,9,0,4,1,0,7,10,3,1,5,2,24,5,1995,2,2,9,3,9
2018450321708,1,3,0,18,0,0,0,0,0,0,2,1,5,1,27,6,675,1,4,4,1,4
2018450321708,2,9,0,18,2,0,0,0,0,0,1,1,5,1,29,6,1598,1,9,7,-1,7
2018450321711,1,9,0,18,0,0,0,0,8,4,1,1,5,1,21,5,1248,2,11,5,1,5
2018450321750,1,9,0,9,0,1,5,0,0,0,2,1,5,1,60,9,1968,2,9,5,1,5
2018450321750,2,9,0,18,0,1,0,0,0,0,1,1,5,1,86,11,3199,1,19,6,1,6
2018450321755,1,9,0,18,0,0,2,0,1,4,1,1,5,1,71,10,1598,1,14,7,1,7
2018450321755,2,9,0,4,0,0,0,0,0,0,2,1,5,2,46,8,1997,1,1,10,1,10
2018450321774,1,9,0,18,0,0,0,0,0,0,1,1,5,2,53,8,1339,1,15,4,1,4
2018450321774,2,9,0,4,0,0,0,0,0,0,2,1,5,1,66,10,1364,1,4,3,1,3
2018450321774,3,9,0,4,0,0,0,0,0,0,2,1,5,1,30,6,1600,1,18,8,1,8
2018450321780,1,9,0,18,0,1,0,0,0,0,1,1,6,3,45,7,1596,1,6,9,1,9
2018450321795,1,9,0,17,0,1,0,0,7,0,1,1,2,1,34,6,1997,2,7,6,1,6
2018450321795,2,9,0,9,0,6,0,0,0,0,3,1,5,1,24,5,1390,1,7,9,1,9
2018450321800,1,9,0,11,0,0,1,0,2,7,1,1,5,2,45,7,1198,1,13,4,1,4
2018450321801,1,9,0,16,0,0,5,0,7,4,1,1,5,1,25,5,1910,2,17,10,2,10
2018450321812,1,90,1,12,0,0,0,0,0,0,1,2,1,1,45,7,-1,-1,-1,-1,-1,-1
2018450321812,2,9,0,18,0,0,0,0,0,0,4,1,5,2,61,9,1461,2,2,9,1,9
2018450321823,1,9,0,18,0,0,0,0,1,0,1,1,5,2,53,8,1495,1,11,5,3,5
2018450321835,1,9,0,18,0,1,0,0,4,1,1,1,5,1,19,4,1248,2,11,6,1,6
2018450321835,2,9,0,18,0,1,0,0,0,0,2,1,5,2,47,8,1360,1,12,9,1,9
2018450321835,3,9,0,18,0,8,0,0,0,0,2,1,5,1,23,5,1299,1,13,9,1,9
2018450321835,4,8,0,2,0,1,0,0,0,0,2,1,1,1,45,7,1968,2,7,9,1,9
2018450321836,1,9,0,17,0,0,2,0,1,0,1,1,1,2,19,4,1364,1,9,3,1,3
2018450321838,1,9,0,17,0,0,5,0,1,0,3,1,5,1,31,6,-1,-1,-1,5,3,5
2018450321858,1,9,0,9,0,1,0,0,0,0,3,1,5,2,64,9,1240,1,12,10,1,10
2018450321858,2,1,0,18,0,8,0,0,0,0,1,1,6,2,25,5,-1,-1,-1,6,1,6
2018450321865,1,9,0,17,0,0,1,0,1,4,1,1,2,1,20,4,1388,1,14,7,1,7
2018450321904,1,1,0,18,0,8,0,0,0,0,1,1,6,1,15,3,-1,-1,-1,10,1,10
2018450321904,2,9,0,18,0,8,0,0,0,0,3,1,6,1,20,4,999,1,1,4,1,4
2018450321916,1,9,0,18,0,0,0,0,0,0,2,1,6,2,33,6,2400,2,8,3,1,3
2018450321916,2,9,0,18,0,0,0,0,0,0,1,1,6,2,39,7,1598,1,8,10,1,10
2018450321916,3,9,0,18,0,0,0,0,0,0,1,1,6,1,62,9,1395,1,1,7,1,7
2018450321916,4,9,0,18,0,0,0,0,0,0,1,1,6,1,30,6,1397,1,16,9,1,9
2018450321987,1,19,0,18,0,0,0,0,0,0,1,1,6,3,44,7,-1,-1,-1,-1,-1,-1
2018450321987,2,21,0,18,0,0,0,0,0,0,1,1,1,1,25,5,10518,2,5,3,1,3
2018450321987,3,9,0,18,0,0,0,0,0,0,1,1,2,1,30,6,1598,1,4,8,1,8
2018450322009,1,9,0,18,0,0,0,0,0,0,0,1,6,1,23,5,1198,1,9,10,1,10
2018450322203,1,19,0,5,0,4,0,0,0,0,0,1,6,1,32,6,1968,2,2,4,1,4
2018450322203,2,19,0,18,0,8,0,0,0,0,1,1,6,1,58,9,1995,2,2,10,1,10
2018450322203,3,9,0,18,0,8,0,0,0,0,2,1,3,1,44,7,1398,2,10,10,1,10
2018450322206,1,9,0,18,0,0,0,0,1,4,1,1,6,1,34,6,1968,2,6,8,3,8
2018450322213,1,3,0,18,0,8,0,0,0,0,3,1,2,1,47,8,108,1,6,10,1,10
2018450322213,2,9,0,12,0,3,0,0,0,0,3,1,5,1,57,9,1796,1,14,2,1,2
2018450322214,1,9,0,18,0,0,0,0,0,0,1,1,5,2,19,4,1242,1,12,7,3,7
2018450322214,2,9,0,4,0,0,0,0,0,0,2,1,2,2,32,6,1984,1,10,5,1,5
2018450322215,1,9,0,18,0,0,1,0,7,11,3,1,5,2,17,4,998,1,8,10,3,10
2018450322216,1,20,0,18,0,0,0,0,0,0,0,1,6,3,30,6,-1,-1,-1,-1,-1,-1
2018450322216,2,9,0,18,0,0,1,0,0,0,3,1,1,2,41,7,1968,2,-1,6,3,6
2018450322217,1,9,0,4,0,0,0,0,0,0,1,1,6,2,20,4,1461,2,7,7,1,7
2018450322217,2,9,0,18,0,0,0,0,0,0,2,1,2,2,24,5,1248,1,1,4,1,4
2018450322217,3,9,0,4,1,0,0,0,0,0,2,1,2,1,34,6,1396,1,9,10,1,10
2018450322292,1,1,0,18,9,0,0,0,0,0,1,1,6,1,20,4,-1,-1,-1,3,1,3
2018450322302,1,9,0,18,0,0,0,0,0,0,0,1,6,3,30,6,-1,-1,-1,-1,-1,-1
2018450322379,1,9,0,5,0,0,0,0,0,0,1,1,6,1,60,9,1591,1,4,7,1,7
2018450322435,1,9,0,18,0,4,0,0,3,10,1,1,5,1,77,11,1910,2,13,4,1,4
2018450322601,1,9,0,18,0,0,5,0,8,2,1,1,2,2,53,8,1499,1,1,4,1,4
2018450322601,2,9,0,9,0,0,0,0,0,0,3,1,5,1,54,8,1995,2,2,10,1,10
2018450322606,1,9,0,2,0,0,0,0,1,0,1,1,6,1,65,9,-1,-1,-1,10,1,10
2018450322606,2,9,0,2,0,0,0,0,0,0,1,1,6,3,50,8,1596,1,3,10,1,10
2018450322606,3,9,0,2,0,0,0,0,0,0,1,1,6,3,58,9,898,1,1,10,1,10
2018450322606,4,9,0,17,0,0,0,0,0,0,1,1,5,1,28,6,1997,2,12,8,1,8
2018450322610,1,5,0,16,0,0,0,0,0,0,1,1,5,1,56,9,647,1,21,4,3,4
2018450322610,2,9,0,17,0,0,0,0,0,0,1,1,2,2,49,8,2401,2,13,5,1,5
2018450322611,1,9,0,2,0,0,1,11,4,6,2,1,5,1,19,4,998,1,-1,10,-1,10
2018450322611,2,9,0,18,0,0,0,4,0,0,1,1,5,1,41,7,1984,1,4,10,3,10
2018450322618,1,9,0,5,0,1,0,0,0,0,1,1,5,2,30,6,1968,2,4,9,1,9
2018450322618,2,9,0,18,0,1,0,0,0,0,0,1,6,1,26,6,1598,1,11,5,1,5
2018450322618,3,9,0,18,0,1,0,0,0,0,0,1,6,1,45,7,998,1,-1,6,-1,6
2018450322618,4,1,0,11,0,1,0,0,0,0,4,1,6,1,12,3,-1,-1,-1,5,1,5
2018450322978,1,9,0,18,0,0,0,0,0,0,1,1,2,1,45,7,999,1,-1,7,3,7
2018450322978,2,9,0,18,0,0,0,0,7,0,3,1,2,2,54,8,998,1,5,4,1,4
2018450323000,1,9,0,18,0,0,0,0,0,0,0,1,2,2,33,6,998,1,1,10,1,10
2018450323000,2,1,0,18,0,0,0,10,1,0,1,1,5,2,33,6,-1,-1,-1,6,3,6
2018450323001,1,3,0,18,0,0,1,0,0,0,1,1,2,1,60,9,980,1,25,8,2,8
2018450323001,2,19,0,4,0,0,0,0,0,0,2,2,1,1,23,5,-1,-1,-1,-1,-1,-1
2018450323001,3,21,0,18,0,0,0,0,0,0,0,1,6,3,-1,-1,-1,-1,-1,-1,-1,-1
2018450323002,1,9,0,18,0,1,1,0,0,0,1,1,2,2,41,7,2000,2,14,3,1,3
2018450323002,2,9,0,4,0,1,0,0,1,0,2,1,5,2,89,11,1124,1,13,10,1,10
2018450323002,3,9,0,10,0,1,0,0,0,0,2,1,5,2,49,8,1984,1,11,-1,-1,-1
2018450323031,1,9,0,2,0,0,0,0,0,0,2,1,6,1,31,6,1995,1,13,9,1,9
2018450323031,2,9,0,2,0,0,0,0,0,0,2,1,6,1,71,10,2495,2,17,8,3,8
2018450323031,3,9,0,18,0,0,0,0,0,0,1,1,6,2,-1,-1,1339,1,16,6,1,6
2018450323097,1,9,0,18,0,0,0,0,0,0,1,1,5,2,25,5,1242,1,15,5,1,5
2018450323097,2,9,0,18,0,0,0,0,0,0,1,1,6,1,28,6,2143,2,4,5,1,5
2018450323097,3,9,0,18,0,0,0,0,0,0,1,1,6,3,65,9,1598,1,10,-1,-1,-1
2018450323164,1,9,0,9,0,8,0,0,0,0,2,1,2,2,33,6,1596,1,4,8,1,8
2018450323164,2,3,0,13,0,1,0,0,0,0,1,1,1,1,18,4,124,1,2,10,2,10
2018450323172,1,9,0,1,0,0,0,0,0,0,2,1,6,1,74,10,1998,8,3,10,1,10
2018450323296,1,1,0,5,0,8,0,0,0,0,1,1,2,1,58,9,-1,-1,-1,5,1,5
2018450323296,2,21,1,7,0,8,0,0,0,0,4,1,1,1,53,8,12777,2,4,-1,-1,-1
2018450323298,1,21,0,18,0,0,0,0,0,0,1,1,1,1,45,7,5193,2,2,8,1,8
2018450323298,2,9,0,18,0,0,0,0,0,0,1,1,6,1,45,7,1995,2,4,-1,-1,-1
2018450323298,3,21,0,17,0,0,0,0,0,0,1,2,1,1,34,6,4500,2,1,8,1,8
2018450323356,1,9,0,9,0,2,0,0,0,0,1,1,5,1,81,11,1396,1,17,8,1,8
2018450323356,2,9,0,18,0,1,0,0,4,0,1,1,5,2,36,7,1997,1,3,10,-1,10
2018450323368,1,9,0,18,0,0,0,0,0,0,2,1,5,1,27,6,1200,1,1,8,1,8
2018450323368,2,9,0,18,0,0,0,0,0,0,2,1,5,2,44,7,1598,1,10,6,1,6
2018450323368,3,98,0,4,0,0,0,0,0,0,1,1,6,3,30,6,-1,-1,-1,-1,-1,-1
2018450323369,1,2,0,18,0,0,0,0,0,0,0,1,5,2,22,5,49,1,4,-1,-1,-1
2018450323373,1,9,0,3,0,0,0,0,0,0,4,1,5,1,64,9,1998,1,15,5,1,5
2018450323373,2,9,0,3,0,0,1,0,0,0,2,1,5,1,49,8,1560,2,11,5,1,5
2018450323373,3,9,0,18,0,0,0,0,0,0,1,1,5,1,31,6,1496,2,2,9,2,9
2018450323379,1,1,0,18,0,0,0,0,0,0,1,1,5,1,42,7,-1,-1,-1,7,1,7
2018450323379,2,1,0,18,0,0,0,0,1,0,1,1,5,1,52,8,-1,-1,-1,4,1,4
2018450323379,3,1,0,18,0,0,0,0,0,0,1,1,5,2,55,8,-1,-1,-1,10,1,10
2018450323379,4,1,0,18,0,0,0,0,0,0,2,1,5,1,57,9,-1,-1,-1,7,1,7
2018450323388,1,9,0,16,0,4,0,0,7,4,1,1,5,1,20,4,1498,1,-1,3,1,3
2018450323388,2,9,0,18,0,1,0,0,0,0,0,1,1,1,33,6,2993,2,6,7,1,7
2018450323400,1,9,0,18,0,0,1,0,0,0,1,1,5,1,30,6,1995,2,15,9,1,9
2018450323400,2,9,0,18,0,0,1,0,1,11,1,1,5,2,17,4,1242,1,10,7,1,7
2018450323404,1,9,0,18,9,0,5,0,7,2,1,1,6,1,26,6,1229,1,13,6,1,6
2018450323406,1,9,0,17,0,0,0,0,7,4,1,1,6,2,38,7,1368,1,9,8,1,8
2018450323413,1,9,0,9,0,1,0,0,0,0,4,1,5,2,64,9,1796,1,5,10,1,10
2018450323413,2,1,0,18,4,8,5,0,1,0,1,1,6,1,53,8,-1,-1,-1,3,1,3
2018450323458,1,21,0,18,0,1,0,0,0,0,1,1,1,2,24,5,-1,-1,-1,2,1,2
2018450323458,2,8,0,9,0,1,0,0,0,0,2,1,1,1,28,6,1950,2,-1,9,1,9
2018450323464,1,9,0,4,0,1,0,0,0,0,1,1,5,2,27,6,1598,2,4,5,2,5
2018450323464,2,9,0,5,0,1,0,0,0,0,2,1,5,2,52,8,1242,1,8,8,1,8
2018450323467,1,9,0,5,0,0,1,0,0,0,3,1,5,1,48,8,2143,2,3,8,1,8
2018450323467,2,9,0,18,0,0,0,0,0,0,1,1,1,1,29,6,1598,2,-1,-1,-1,-1
2018450323513,1,9,0,18,0,0,0,0,0,0,1,1,6,1,21,5,1193,1,3,10,2,10
2018450323513,2,19,0,18,0,0,0,0,0,0,1,1,6,1,22,5,2400,2,10,4,1,4
2018450323600,1,1,0,18,0,0,0,0,0,0,2,1,6,1,-1,-1,-1,-1,-1,10,1,10
2018450323600,2,9,0,18,0,0,0,0,0,0,1,1,6,1,-1,-1,1560,2,-1,8,1,8
2018450323794,1,1,0,4,0,0,5,0,0,0,0,1,6,1,18,4,-1,-1,-1,-1,-1,-1
2018450323795,1,9,0,4,0,0,0,0,0,0,2,1,6,3,-1,-1,1984,1,7,6,1,6
2018450323795,2,19,0,4,0,0,0,0,0,0,1,1,5,1,45,7,2198,2,2,4,1,4
2018450323795,3,9,0,4,0,0,0,0,0,0,1,1,5,2,39,7,1995,2,9,9,1,9
2018450323797,1,3,0,3,0,8,0,0,0,0,2,1,1,1,59,9,125,1,1,6,1,6
2018450323797,2,9,0,7,0,6,0,0,0,0,1,1,5,2,44,7,1598,1,14,9,1,9
2018450323852,1,9,0,12,0,0,0,0,0,0,3,1,6,1,43,7,-1,-1,-1,7,1,7
2018450323852,2,9,0,18,0,0,0,0,0,0,4,1,6,1,30,6,1895,1,17,3,1,3
2018450323872,1,1,0,18,0,0,0,0,0,0,1,1,5,1,54,8,-1,-1,-1,10,2,10
2018450323872,2,1,0,18,0,0,0,0,0,0,1,1,5,2,59,9,-1,-1,-1,10,2,10
2018450323872,3,9,0,13,0,0,0,0,0,0,3,1,6,1,57,9,1969,2,3,6,1,6
2018450324089,1,21,1,18,0,0,0,0,0,0,3,1,1,1,56,9,12900,2,7,3,1,3
2018450324089,2,9,0,18,0,0,1,0,5,6,3,1,5,1,52,8,1598,1,13,5,1,5
2018450324157,1,9,0,18,0,1,0,0,0,0,1,1,6,1,45,7,1968,2,1,9,1,9
2018450324157,2,1,0,18,0,1,0,0,0,0,1,1,6,2,26,6,-1,-1,-1,6,1,6
2018450324193,1,9,0,18,0,2,0,4,0,0,3,1,5,1,19,4,1499,2,-1,3,1,3
2018450324193,2,9,0,2,0,1,0,0,0,0,3,1,6,2,54,8,1388,1,7,3,1,3
2018450324198,1,1,0,18,0,8,0,0,0,0,4,1,6,1,33,6,-1,-1,-1,9,1,9
2018450324198,2,9,0,5,0,8,0,0,0,0,1,1,2,2,40,7,1995,2,1,8,1,8
2018450324199,1,9,0,17,0,0,0,0,0,0,4,1,5,1,23,5,-1,-1,-1,10,1,10
2018450324204,1,5,0,17,0,0,0,0,0,0,1,1,2,1,26,6,745,1,2,3,1,3
2018450324245,1,19,0,5,0,1,0,0,0,0,2,1,1,1,33,6,2299,2,5,7,1,7
2018450324245,2,1,0,5,0,1,0,0,0,0,1,1,6,1,50,8,-1,-1,-1,5,1,5
2018450324279,1,9,0,18,0,0,0,0,0,0,1,1,6,1,56,9,1240,1,14,5,1,5
2018450324300,1,9,0,10,0,6,0,0,0,0,1,1,5,2,79,11,1995,1,12,8,1,8
2018450324300,2,9,0,17,0,1,0,0,0,0,4,1,5,2,43,7,1968,2,1,8,1,8
2018450324347,1,9,0,18,0,0,0,0,0,0,1,1,6,2,20,4,1587,1,13,10,1,10
2018450324347,2,1,0,18,0,0,0,0,0,0,1,1,6,1,52,8,-1,-1,-1,5,1,5
2018450324406,1,9,0,18,0,0,0,0,0,0,2,1,6,2,58,9,3199,1,20,9,1,9
2018450324406,2,20,0,18,0,0,0,0,0,0,1,1,6,1,33,6,-1,-1,-1,-1,-1,-1