Accident_Index,Vehicle_Reference,Vehicle_Type,Towing_and_Articulation,Vehicle_Manoeuvre,Vehicle_Location-Restricted_Lane,Junction_Location,Skidding_and_Overturning,Hit_Object_in_Carriageway,Vehicle_Leaving_Carriageway,Hit_Object_off_Carriageway,1st_Point_of_Impact,Was_Vehicle_Left_Hand_Drive?,Journey_Purpose_of_Driver,Sex_of_Driver,Age_of_Driver,Age_Band_of_Driver,Engine_Capacity_(CC),Propulsion_Code,Age_of_Vehicle,Driver_IMD_Decile,Driver_Home_Area_Type,Vehicle_IMD_Decile
2018450324426,1,9,0,1,0,0,0,12,0,0,1,1,5,1,27,6,1498,1,-1,10,2,10
2018450324455,1,5,0,13,0,0,0,0,0,0,1,1,6,1,52,8,1255,1,10,10,1,10
2018450324455,2,9,0,9,0,0,0,0,0,0,2,1,6,2,35,6,1329,1,7,10,1,10
2018450324571,1,1,0,18,0,0,0,0,0,0,3,1,5,1,46,8,-1,-1,-1,9,1,9
2018450324571,2,9,0,18,0,0,0,0,0,0,4,1,6,3,33,6,1229,1,8,-1,-1,-1
2018450324602,1,9,0,18,0,0,5,0,5,0,1,1,5,1,18,4,1124,1,15,8,1,8
2018450324604,1,11,0,18,0,0,0,0,0,0,1,1,1,1,58,9,12902,2,2,10,1,10
2018450324607,1,3,0,16,0,0,0,0,0,0,4,1,6,1,15,3,108,1,-1,7,1,7
2018450324656,1,19,0,18,0,1,0,0,0,0,1,1,1,1,32,6,2287,2,1,8,1,8
2018450324656,2,9,0,18,0,1,1,0,0,0,1,1,1,2,58,9,998,1,3,6,1,6
2018450324813,1,1,0,18,0,0,0,0,0,0,3,1,6,1,-1,-1,-1,-1,-1,10,1,10
2018450324813,2,9,0,18,0,0,0,0,0,0,4,1,6,1,-1,-1,1900,2,13,9,3,9
2018450324878,1,9,0,18,0,0,1,0,7,0,1,1,1,2,28,6,998,1,9,10,2,10
2018450324934,1,9,0,18,0,0,0,4,0,0,4,1,5,2,83,11,1197,1,2,10,1,10
2018450324934,2,9,0,2,0,0,0,0,0,0,2,1,6,1,28,6,2902,2,16,10,1,10
2018450324965,1,9,0,9,0,8,0,0,0,0,3,1,5,1,70,10,1991,1,4,9,1,9
2018450324965,2,1,0,18,0,8,0,0,0,0,1,1,5,1,56,9,-1,-1,-1,10,1,10
2018450324965,3,9,0,7,0,8,0,0,0,0,3,1,5,1,54,8,1997,2,3,10,3,10
2018450324990,1,9,0,18,0,4,0,0,0,0,4,1,5,1,75,10,2996,1,2,10,1,10
2018450324990,2,9,0,18,0,4,1,0,0,0,1,1,5,1,27,6,2171,1,12,4,1,4
2018450324992,1,9,0,18,0,0,0,0,0,0,1,1,6,1,78,11,2198,1,13,7,1,7
2018450325022,1,9,0,18,0,0,0,0,0,0,1,1,6,1,68,10,1995,2,3,9,1,9
2018450325022,2,9,0,18,0,0,0,0,0,0,1,1,6,2,32,6,1582,2,8,5,1,5
2018450325036,1,9,0,17,0,0,5,0,2,4,4,1,5,2,22,5,1998,2,6,5,2,5
2018450325055,1,1,0,18,0,0,0,0,0,0,2,1,6,1,37,7,-1,-1,-1,5,1,5
2018450325055,2,9,0,18,0,0,0,0,0,0,0,1,6,1,30,6,2993,2,5,8,1,8
2018450325245,1,9,0,9,0,5,0,0,0,0,2,1,2,1,29,6,-1,-1,-1,3,1,3
2018450325245,2,5,0,18,0,1,5,0,0,0,1,1,2,1,49,8,955,1,19,10,1,10
2018450325247,1,9,0,9,0,6,0,0,0,0,1,1,3,2,39,7,1997,2,3,10,1,10
2018450325247,2,4,0,14,0,6,0,0,0,0,4,1,5,1,43,7,400,1,9,2,1,2
2018450325252,1,9,0,18,0,0,0,0,0,0,1,1,2,2,20,4,1200,1,-1,10,2,10
2018450325252,2,9,0,4,0,0,0,0,0,0,2,1,5,2,35,6,1995,2,8,6,3,6
2018450325262,1,9,0,16,0,0,0,0,1,0,1,1,5,1,24,5,1995,1,11,4,1,4
2018450325294,1,9,0,14,0,0,0,4,0,0,1,1,5,1,50,8,1896,2,12,9,3,9
2018450325294,2,9,0,18,0,0,0,0,0,0,1,1,5,1,88,11,1896,2,11,7,1,7
2018450325294,3,9,0,2,0,0,0,0,0,0,2,1,5,2,69,10,2993,2,7,7,3,7
2018450325336,1,9,0,18,0,0,0,0,0,0,1,1,2,2,20,4,1600,1,7,6,3,6
2018450325339,1,9,0,18,0,0,0,10,1,4,1,1,2,2,22,5,1229,1,11,3,1,3
2018450325355,1,9,0,18,0,0,0,0,7,11,1,1,5,2,81,11,1395,1,-1,7,3,7
2018450325356,1,9,0,18,0,3,0,0,0,0,4,1,5,1,24,5,1598,1,12,3,1,3
2018450325356,2,9,0,18,0,1,0,0,0,0,1,1,5,1,20,4,1968,2,9,9,1,9
2018450325362,1,9,0,18,0,4,1,0,1,0,1,1,1,1,28,6,-1,-1,-1,8,1,8
2018450325365,1,9,0,9,0,8,1,11,0,0,1,1,6,1,23,5,1596,1,7,2,1,2
2018450325373,1,9,0,9,0,5,0,0,0,0,1,1,5,1,21,5,1598,1,8,4,1,4
2018450325373,2,9,0,17,0,8,0,0,0,0,1,1,5,1,26,6,898,1,-1,6,1,6
2018450325389,1,1,0,9,0,8,0,0,0,0,2,1,5,1,54,8,-1,-1,-1,9,2,9
2018450325389,2,9,0,18,0,4,0,0,0,0,1,1,1,2,66,10,898,1,-1,5,1,5
2018450325423,1,9,0,18,0,8,0,0,0,0,0,1,6,3,30,6,-1,-1,-1,-1,-1,-1
2018450325423,2,9,0,16,0,8,0,0,0,0,1,1,5,2,32,6,1995,2,8,10,1,10
2018450325423,3,9,0,16,0,8,0,0,0,0,2,1,5,1,71,10,1396,1,5,10,1,10
2018450325424,1,9,0,18,0,0,0,0,0,0,1,1,6,3,45,7,-1,-1,-1,-1,-1,-1
2018450325425,1,9,0,16,0,0,5,0,7,9,1,1,5,2,53,8,1339,1,8,9,2,9
2018450325428,1,9,0,2,0,1,0,0,0,0,4,1,5,2,40,7,1896,2,17,6,2,6
2018450325428,2,1,0,18,0,1,0,0,0,0,1,1,2,1,38,7,-1,-1,-1,5,1,5
2018450325429,1,9,0,18,0,8,0,0,0,0,1,1,5,1,80,11,1242,1,4,-1,-1,-1
2018450325429,2,9,0,10,0,8,0,0,0,0,4,1,5,1,18,4,1390,1,9,10,1,10
2018450325429,3,9,0,4,0,1,0,0,0,0,0,1,5,1,30,6,2967,2,2,10,1,10
2018450325430,1,19,0,18,0,0,0,0,0,0,1,1,1,1,42,7,2402,2,11,5,1,5
2018450325430,2,9,0,18,0,0,0,0,0,0,2,1,5,2,32,6,998,1,2,9,1,9
2018450325430,3,9,0,4,0,0,0,0,0,0,2,1,2,1,17,4,-1,-1,-1,8,1,8
2018450325469,1,9,0,18,0,0,0,0,0,0,1,1,6,2,23,5,1198,1,5,9,2,9
2018450325469,2,9,0,18,0,0,0,0,0,0,1,1,6,3,45,7,-1,-1,-1,-1,-1,-1
2018450325489,1,9,0,18,0,0,0,0,0,0,1,1,6,2,78,11,-1,-1,-1,2,1,2
2018450325489,2,19,0,18,0,0,0,0,0,0,1,1,6,1,45,7,1870,2,14,10,1,10
2018450325498,1,9,0,1,0,0,0,0,0,0,2,1,6,3,33,6,1998,8,3,-1,-1,-1
2018450325507,1,1,0,18,0,0,0,0,0,0,1,1,6,1,14,3,-1,-1,-1,3,1,3
2018450325507,2,9,0,18,0,0,0,0,0,0,1,1,6,3,-1,-1,-1,-1,-1,-1,-1,-1
2018450325658,1,9,0,15,0,0,0,0,0,0,4,1,1,1,33,6,2179,2,10,8,1,8
2018450325658,2,9,0,5,0,0,0,0,0,0,3,1,2,1,54,8,1197,1,2,9,1,9
2018450325685,1,2,0,18,9,0,0,0,0,0,1,1,6,1,16,4,49,1,27,7,1,7
2018450325685,2,9,0,4,0,0,0,0,0,0,2,1,3,2,57,9,999,1,1,10,1,10
2018450325810,1,9,0,18,0,1,0,0,0,0,1,1,6,3,44,7,-1,-1,-1,-1,-1,-1
2018450325810,2,3,0,18,0,8,0,0,0,0,3,1,5,1,57,9,1450,1,17,9,-1,9
2018450325810,3,3,0,18,0,8,0,0,0,0,2,1,5,1,56,9,1450,1,18,10,1,10
2018450325812,1,9,0,9,0,6,0,0,0,0,3,1,2,1,38,7,1794,1,10,7,1,7
2018450325812,2,3,0,18,0,1,0,0,0,0,1,1,2,1,27,6,125,1,-1,10,1,10
2018450325813,1,9,0,18,0,1,0,0,1,4,1,1,6,1,53,8,2000,2,17,8,1,8
2018450325813,2,19,0,5,0,1,0,0,0,0,4,1,2,1,38,7,2402,2,12,9,1,9
2018450325817,1,9,0,18,0,1,0,0,0,0,0,1,6,3,39,7,-1,-1,-1,-1,-1,-1
2018450325817,2,1,0,18,0,1,5,0,0,0,2,1,6,1,45,7,-1,-1,-1,3,1,3
2018450325819,1,9,0,18,0,1,0,0,0,0,3,1,5,2,32,6,1497,8,4,3,1,3
2018450325819,2,9,0,18,0,1,5,0,4,0,4,1,2,1,38,7,1998,1,5,7,1,7
2018450325820,1,3,0,9,0,2,0,0,0,0,4,1,5,2,37,7,124,1,7,8,3,8
2018450325880,1,9,0,18,0,0,0,0,0,0,1,1,6,1,23,5,-1,-1,-1,9,1,9
2018450325880,2,9,0,18,0,0,0,0,0,0,1,1,6,1,23,5,-1,-1,-1,3,1,3
2018450326060,1,9,0,16,0,0,0,0,0,0,3,1,2,2,56,9,1242,1,6,8,1,8
2018450326060,2,9,0,18,0,0,0,0,1,0,1,1,5,1,67,10,1968,2,5,8,1,8
2018450326171,1,9,0,11,0,0,0,0,1,0,4,1,1,2,57,9,1388,1,8,10,1,10
2018450326171,2,11,0,18,2,0,0,0,0,0,3,1,1,1,47,8,4500,2,1,9,1,9
2018450326173,1,9,0,18,0,8,0,0,0,0,1,1,2,2,29,6,1753,2,11,5,1,5
2018450326173,2,9,0,18,0,8,0,0,0,0,4,1,5,2,68,10,1580,8,1,9,1,9
2018450326197,1,9,0,18,0,0,0,0,0,0,3,1,2,1,36,7,1596,1,15,3,1,3
2018450326197,2,9,0,18,0,0,0,0,0,0,3,1,5,1,19,4,1995,2,-1,6,1,6
2018450326201,1,2,0,18,0,0,1,12,0,0,1,1,5,1,17,4,49,1,14,8,1,8
2018450326204,1,9,0,18,0,0,0,0,0,0,1,1,2,2,31,6,1560,2,7,9,1,9
2018450326204,2,1,0,18,9,0,0,0,0,0,4,1,2,1,29,6,-1,-1,-1,8,1,8
2018450326205,1,9,0,18,0,0,0,0,0,0,0,1,5,2,54,8,2799,1,17,5,1,5
2018450326215,1,17,0,18,0,0,0,0,0,0,4,1,1,1,20,4,3387,2,3,9,1,9
2018450326215,2,9,0,18,0,0,0,4,0,0,1,1,5,2,83,11,1498,1,6,10,2,10
2018450326215,3,9,0,2,6,0,0,0,0,0,3,1,5,1,73,10,1498,1,1,8,2,8
2018450326217,1,3,0,18,0,1,2,0,0,0,0,1,1,1,51,8,1050,1,6,6,1,6
2018450326228,1,9,0,18,0,1,0,0,0,0,1,1,5,2,56,9,998,1,8,8,3,8
2018450326228,2,9,0,9,0,1,0,0,0,0,2,1,2,2,45,7,1496,2,1,10,1,10
2018450326244,1,9,0,18,0,0,0,0,0,0,1,1,6,2,24,5,1242,1,4,9,1,9
2018450326244,2,9,0,18,0,0,0,0,0,0,1,1,6,1,33,6,-1,-1,-1,-1,-1,-1
2018450326363,1,9,0,7,0,3,0,0,0,0,3,1,1,2,74,10,2835,2,22,10,1,10
2018450326363,2,9,0,18,0,8,0,0,0,0,4,1,3,2,33,6,1388,1,8,2,1,2
2018450326608,1,9,0,18,0,0,1,0,0,0,1,1,5,2,48,8,1968,2,4,10,3,10
2018450326608,2,9,0,18,0,0,1,0,0,0,3,1,2,1,32,6,1968,2,1,8,1,8
2018450326611,1,1,0,7,0,0,0,0,0,0,1,1,5,1,48,8,-1,-1,-1,6,1,6
2018450326707,1,1,0,18,0,0,0,0,0,0,3,1,6,1,73,10,-1,-1,-1,5,1,5
2018450326707,2,9,0,5,0,0,0,0,0,0,1,1,6,2,53,8,1796,1,11,3,1,3
2018450326844,1,19,0,18,0,1,0,0,1,0,1,1,1,1,56,9,1968,2,3,10,1,10
2018450326844,2,1,0,18,0,6,0,0,0,0,4,1,5,1,50,8,-1,-1,-1,2,1,2
2018450326853,1,9,0,2,0,0,0,0,0,0,2,1,6,1,30,6,1799,1,21,10,1,10
2018450326853,2,1,0,18,0,0,0,0,0,0,1,1,6,1,72,10,-1,-1,-1,5,1,5
2018450326928,1,9,0,18,0,0,0,0,0,0,1,1,5,2,60,9,1586,1,1,10,2,10
2018450326928,2,19,0,14,0,0,0,0,0,0,1,1,1,1,34,6,2198,2,3,4,1,4
2018450326933,1,9,0,18,0,0,2,0,1,1,3,1,5,1,27,6,1998,2,10,7,1,7
2018450326941,1,9,0,18,0,0,0,0,7,10,1,1,2,2,35,6,2191,2,1,9,1,9
2018450326941,2,21,0,2,9,0,0,0,0,0,2,1,1,1,28,6,12740,2,3,5,2,5
2018450326941,3,9,0,2,0,0,0,0,0,0,3,1,1,1,37,7,1598,1,11,8,1,8
2018450326956,1,1,0,18,0,0,0,0,0,0,1,1,6,1,51,8,-1,-1,-1,10,3,10
2018450326956,2,9,0,18,0,0,0,0,0,0,1,1,6,1,55,8,1834,1,13,10,2,10
2018450326961,1,9,0,18,0,0,0,0,0,0,2,1,6,1,22,5,1995,2,7,9,-1,9
2018450326961,2,9,0,18,0,0,0,0,0,0,1,1,6,2,50,8,2143,2,6,7,1,7
2018450327107,1,1,0,18,0,0,0,0,0,0,3,1,6,1,17,4,-1,-1,-1,5,1,5
2018450327107,2,9,0,11,0,0,0,0,0,0,0,1,6,2,59,9,1798,8,1,6,1,6
2018450327110,1,5,0,18,0,1,2,0,4,0,4,1,2,1,44,7,798,1,-1,4,3,4
2018450327110,2,9,0,12,0,1,0,0,4,0,3,1,2,1,57,9,1870,2,14,6,1,6
2018450327197,1,3,0,13,0,0,2,7,0,0,3,1,1,2,34,6,125,1,-1,4,1,4
2018450327205,1,3,0,16,0,2,1,0,0,0,3,1,5,1,26,6,124,1,6,4,1,4
2018450327334,1,9,0,6,0,7,0,0,0,0,1,1,1,2,18,4,1124,1,14,10,1,10
2018450327334,2,9,0,18,0,1,0,0,0,0,3,1,5,2,42,7,1997,1,14,7,1,7
2018450327347,1,3,0,18,0,0,5,0,0,0,1,1,5,1,53,8,1352,1,9,6,3,6
2018450327347,2,9,0,18,0,0,0,0,0,0,2,1,1,1,61,9,3222,2,13,9,1,9
2018450327359,1,9,0,9,0,6,0,0,0,0,1,1,2,1,44,7,1399,1,3,10,1,10
2018450327359,2,3,0,18,0,8,0,0,0,0,4,1,2,1,38,7,125,1,7,10,1,10
2018450327363,1,9,0,16,0,0,1,0,0,0,1,1,2,2,24,5,1229,1,5,5,1,5
2018450327397,1,1,0,10,0,1,1,0,0,0,1,1,6,1,56,9,-1,-1,-1,9,1,9
2018450327397,2,9,0,9,0,5,0,0,0,0,0,1,5,1,66,10,2835,2,20,9,3,9
2018450327448,1,9,0,18,0,1,0,0,0,0,1,1,5,1,18,4,1242,1,10,10,1,10
2018450327448,2,9,0,4,0,1,0,0,0,0,2,1,2,1,53,8,1968,2,10,6,1,6
2018450327451,1,9,0,2,0,0,0,0,0,0,2,1,1,1,33,6,1560,2,3,-1,-1,-1
2018450327451,2,1,0,18,0,0,0,0,0,0,1,1,6,1,33,6,-1,-1,-1,5,1,5
2018450327456,1,19,0,9,0,1,1,0,0,0,2,1,5,1,42,7,-1,-1,-1,10,1,10
2018450327456,2,9,0,4,0,1,0,0,0,0,2,1,5,2,26,6,898,1,3,6,1,6
2018450327456,3,9,0,18,0,1,0,0,0,0,1,1,5,1,34,6,2179,2,6,8,1,8
2018450327458,1,9,0,17,0,1,0,0,0,0,4,1,5,2,77,11,1339,1,11,10,3,10
2018450327458,2,9,0,5,0,6,0,0,0,0,4,1,5,2,21,5,1389,1,15,10,3,10
2018450327459,1,9,0,4,0,1,0,0,0,0,2,1,2,2,66,10,1781,1,12,8,1,8
2018450327459,2,9,0,4,0,1,0,0,0,0,1,1,5,1,40,7,1956,2,3,3,1,3
2018450327463,1,9,0,18,0,0,0,0,0,0,1,1,5,2,54,8,2597,1,14,10,1,10
2018450327463,2,1,0,18,0,0,0,0,0,0,1,1,5,1,42,7,-1,-1,-1,5,1,5
2018450327464,1,9,0,18,0,0,0,0,7,0,1,1,5,1,35,6,1796,1,12,10,1,10
2018450327464,2,5,0,18,0,0,0,0,7,9,1,1,6,1,54,8,-1,-1,-1,9,2,9
2018450327466,1,9,0,18,0,0,0,0,0,0,2,1,5,2,25,5,1242,1,4,7,1,7
2018450327466,2,19,0,18,0,0,0,0,0,0,1,1,1,1,34,6,-1,-1,-1,4,1,4
2018450327510,1,1,0,18,0,0,0,0,0,0,1,1,6,1,55,8,-1,-1,-1,10,1,10
2018450327510,2,9,0,18,0,0,0,0,0,0,1,1,6,2,31,6,1910,2,10,7,1,7
2018450327517,1,9,0,18,0,0,0,0,0,0,1,1,6,1,68,10,1395,1,1,7,2,7
2018450327517,2,9,0,18,0,0,0,0,0,0,1,1,6,2,19,4,1242,1,5,6,1,6
2018450327530,1,9,0,18,0,0,0,0,0,0,0,1,6,3,30,6,-1,-1,-1,-1,-1,-1
2018450327530,2,1,0,18,0,0,0,0,0,0,2,1,6,1,13,3,-1,-1,-1,7,1,7
2018450327586,1,9,0,4,0,0,0,0,0,0,2,1,6,1,45,7,1896,2,13,8,1,8
2018450327586,2,9,0,18,0,0,0,0,0,0,1,1,6,1,23,5,1796,1,14,3,1,3
2018450327587,1,9,0,18,0,0,1,10,0,0,3,1,6,1,22,5,2979,1,2,7,3,7
2018450327587,2,11,0,18,0,0,0,0,0,0,0,1,6,3,30,6,-1,-1,-1,-1,-1,-1
2018450327735,1,9,0,17,0,0,0,0,0,0,1,1,5,1,19,4,1200,1,-1,4,1,4
2018450327735,2,9,0,16,0,0,0,0,0,0,1,1,5,2,29,6,1968,2,7,9,-1,9
2018450327766,1,1,0,18,0,1,0,0,0,0,0,1,5,1,59,9,-1,-1,-1,7,3,7
2018450327766,2,1,0,7,0,6,0,0,0,0,1,1,6,3,45,7,-1,-1,-1,-1,-1,-1
2018450327768,1,1,0,11,0,0,0,0,0,0,1,1,4,1,14,3,-1,-1,-1,6,1,6
2018450327773,1,9,0,3,0,1,0,0,0,0,2,1,5,2,18,4,998,1,14,7,1,7
2018450327773,2,9,0,18,0,1,0,0,0,0,1,1,6,1,44,7,-1,-1,-1,-1,-1,-1
2018450327853,1,9,0,18,0,0,2,0,2,0,3,1,6,2,18,4,973,1,17,7,2,7
2018450327853,2,3,0,18,0,0,0,0,0,0,1,1,6,1,22,5,125,1,28,8,3,8
2018450327853,3,9,0,18,0,0,0,0,0,0,0,1,6,1,51,8,1999,1,12,9,1,9
2018450327923,1,9,0,18,0,0,0,0,0,0,1,1,6,2,40,7,1997,2,4,9,1,9
2018450327923,2,1,0,18,0,0,0,0,0,0,4,1,6,1,-1,-1,-1,-1,-1,10,1,10
2018450327927,1,1,0,18,0,0,0,0,0,0,3,1,6,2,38,7,-1,-1,-1,10,1,10
2018450327927,2,9,0,12,0,0,0,0,0,0,0,1,6,1,30,6,1988,1,14,10,1,10
2018450328067,1,9,0,16,0,3,0,0,0,0,2,1,1,2,31,6,1560,2,8,-1,-1,-1
2018450328067,2,9,0,16,0,3,0,4,0,0,1,1,6,2,58,9,1995,2,9,10,1,10
2018450328080,1,9,0,16,0,8,0,0,1,10,1,1,5,2,24,5,999,1,5,10,1,10
2018450328080,2,9,0,18,0,8,0,0,0,0,0,1,6,3,30,6,-1,-1,-1,-1,-1,-1
2018450328092,1,19,0,18,0,8,0,0,0,0,1,1,1,1,32,6,1598,2,3,8,1,8
2018450328092,2,1,0,18,0,8,0,0,0,0,3,1,4,1,11,3,-1,-1,-1,10,1,10
2018450328093,1,19,0,9,0,5,0,0,0,0,0,1,2,1,44,7,2198,2,10,5,1,5
2018450328093,2,1,0,17,0,1,1,0,1,0,3,1,5,1,39,7,-1,-1,-1,8,1,8
2018450328093,3,1,0,17,0,1,1,0,1,11,3,1,5,1,52,8,-1,-1,-1,6,1,6
2018450328170,1,9,0,18,0,0,0,0,0,0,2,1,6,1,58,9,1497,8,-1,7,1,7
2018450328170,2,9,0,18,0,0,0,0,0,0,1,1,6,2,29,6,1240,1,8,9,1,9
2018450328181,1,9,0,18,0,0,0,0,0,0,1,1,6,2,33,6,1198,1,1,7,2,7
2018450328220,1,22,0,18,9,0,0,0,0,0,1,1,6,3,-1,-1,-1,-1,-1,-1,-1,-1
2018450328226,1,9,0,18,0,0,0,0,0,0,4,1,6,1,63,9,998,1,4,8,1,8
2018450328444,1,9,0,5,0,2,0,0,0,0,3,1,5,2,78,11,1197,1,3,8,3,8
2018450328444,2,21,0,18,0,1,0,0,0,0,4,1,1,1,53,8,7201,2,11,10,2,10
2018450328451,1,9,0,18,0,2,0,0,0,0,1,1,5,2,56,9,980,1,27,7,3,7
2018450328457,1,1,0,18,5,4,5,0,0,0,0,1,5,2,63,9,-1,-1,-1,10,1,10
2018450328457,2,9,0,7,0,3,0,0,0,0,0,1,5,2,26,6,1598,2,7,8,1,8
2018450328458,1,9,0,18,0,0,0,0,0,0,0,1,6,3,30,6,-1,-1,-1,-1,-1,-1
2018450328462,1,9,0,7,0,1,0,0,0,0,1,1,5,2,88,11,998,1,18,10,1,10
2018450328462,2,9,0,18,0,1,0,0,0,0,1,1,5,1,19,4,1598,2,5,10,1,10
2018450328509,1,9,0,18,0,0,0,0,0,0,2,1,6,1,30,6,3498,1,13,8,1,8
2018450328509,2,9,0,18,0,0,0,0,0,0,1,1,6,2,-1,-1,2148,2,10,5,1,5
2018450328523,1,9,0,9,0,1,0,0,0,0,1,1,6,1,30,6,1968,2,11,10,1,10
2018450328523,2,5,0,18,0,1,0,0,0,0,1,1,6,1,54,8,599,1,16,10,1,10
2018450328565,1,9,0,3,0,0,0,0,0,0,2,1,3,1,78,11,1598,1,6,5,1,5
2018450328565,2,9,0,18,0,0,0,0,0,0,1,1,6,3,33,6,-1,-1,-1,-1,-1,-1
2018450328569,1,19,0,18,0,0,0,0,0,0,1,1,1,1,25,5,2143,2,5,7,2,7
2018450328587,1,9,0,18,0,0,0,0,0,0,2,1,6,2,-1,-1,1398,1,4,6,1,6
2018450328587,2,2,0,18,0,0,0,0,0,0,1,1,6,1,-1,-1,124,1,15,9,3,9
2018450328624,1,9,0,18,0,0,0,0,0,0,0,1,6,2,30,6,1242,1,7,9,1,9
2018450328624,2,9,0,18,0,0,0,0,0,0,0,1,6,1,35,6,-1,-1,-1,10,3,10
2018450328640,1,9,0,18,0,0,0,0,0,0,2,1,6,2,26,6,1461,2,2,-1,-1,-1
2018450328640,2,20,0,18,0,0,0,0,0,0,1,1,6,1,40,7,-1,-1,-1,10,1,10
2018450328662,1,11,0,17,0,0,0,0,0,0,4,1,5,1,54,8,4461,2,2,9,2,9
2018450328683,1,3,0,7,0,3,2,0,0,0,1,1,5,1,18,4,124,1,-1,10,2,10
2018450328707,1,9,0,17,0,0,1,0,1,11,1,1,1,2,44,7,2776,2,15,10,1,10
2018450328736,1,9,0,18,0,8,0,0,0,0,1,1,6,3,25,5,-1,-1,-1,-1,-1,-1
2018450328788,1,9,0,9,0,0,0,0,0,0,1,1,2,2,62,9,1598,1,12,6,1,6
2018450328788,2,19,0,18,0,0,0,0,0,0,1,1,1,1,32,6,-1,-1,-1,8,1,8
2018450328805,1,3,0,18,0,0,0,0,0,0,1,1,5,1,24,5,124,1,-1,9,1,9
2018450328805,2,9,0,10,0,0,0,0,0,0,3,1,5,2,67,10,1349,1,6,10,1,10
2018450328819,1,5,0,18,0,0,0,0,0,0,1,1,6,1,58,9,1450,1,14,8,3,8
2018450328819,2,9,0,2,0,0,0,4,0,0,2,1,6,1,48,8,1242,1,5,5,1,5
2018450328823,1,9,0,18,0,0,0,0,0,0,1,1,6,1,23,5,1397,1,11,5,3,5
2018450328867,1,9,0,2,0,0,0,0,0,0,2,1,6,2,50,8,-1,-1,-1,4,1,4
2018450328867,2,9,0,18,0,0,0,0,0,0,1,1,6,1,32,6,1198,1,4,8,1,8
2018450328904,1,9,0,4,0,8,0,0,0,0,4,1,6,2,50,8,1968,2,12,6,2,6
2018450328904,2,1,0,15,0,8,0,0,0,0,1,1,6,1,43,7,-1,-1,-1,10,1,10
2018450328918,1,1,0,18,0,0,0,0,0,0,1,1,6,3,33,6,-1,-1,-1,-1,-1,-1
2018450328918,2,1,0,18,0,0,0,0,0,0,0,1,6,3,33,6,-1,-1,-1,-1,-1,-1
2018450329027,1,9,0,18,0,0,0,0,0,0,1,1,2,2,62,9,898,1,1,8,1,8
2018450329027,2,9,0,2,0,0,0,4,0,0,1,1,6,1,68,10,998,1,16,5,1,5
2018450329027,3,19,0,2,0,0,0,0,0,0,1,1,5,1,20,4,1560,2,5,8,1,8
2018450329061,1,9,0,18,0,0,0,0,0,0,1,1,5,2,19,4,1395,1,4,9,1,9
2018450329074,1,9,0,18,0,0,0,0,0,0,1,1,2,1,31,6,1948,1,18,10,1,10
2018450329074,2,9,0,3,0,0,0,0,0,0,2,1,5,2,35,6,1591,1,1,10,1,10
2018450329074,3,9,0,3,0,0,0,0,0,0,2,1,2,1,29,6,1242,1,6,10,1,10
2018450329074,4,9,0,3,0,0,0,0,0,0,2,1,2,2,32,6,1598,1,5,6,1,6
2018450329101,1,90,0,4,0,0,0,0,0,0,2,2,1,1,48,8,6700,2,3,7,1,7
2018450329101,2,9,0,16,0,0,0,2,0,0,1,1,5,1,30,6,1332,1,-1,10,-1,10
2018450329103,1,9,0,3,0,0,0,0,0,0,4,1,2,2,55,8,1149,1,8,10,1,10
2018450329103,2,1,0,15,0,0,0,0,1,0,3,1,2,1,39,7,-1,-1,-1,5,1,5
2018450329114,1,9,0,9,0,1,0,0,0,0,3,1,1,1,44,7,1798,8,1,8,1,8
2018450329114,2,9,0,18,0,1,1,0,0,0,1,1,5,1,19,4,1968,2,10,6,1,6
2018450329221,1,9,0,17,0,0,2,0,1,4,1,1,5,2,18,4,1242,1,7,10,1,10
2018450329237,1,9,0,17,0,0,1,0,0,0,1,1,2,2,44,7,1975,1,17,5,1,5
2018450329251,1,9,0,4,0,1,0,0,0,0,2,1,5,2,37,7,1984,1,9,10,1,10
2018450329251,2,3,0,18,0,1,1,0,0,0,1,1,1,1,23,5,125,1,2,8,1,8
2018450329286,1,9,0,13,0,8,1,0,0,0,1,1,2,1,23,5,1975,1,16,5,1,5
2018450329286,2,1,0,9,0,5,0,0,0,0,2,1,5,1,67,10,-1,-1,-1,10,2,10
2018450329292,1,9,0,18,0,1,2,0,7,0,1,1,2,2,44,7,1240,1,10,3,1,3
2018450329293,1,9,0,7,0,4,0,0,0,0,2,1,5,2,29,6,1586,1,3,8,1,8
2018450329293,2,9,0,7,0,4,1,0,0,0,1,1,2,1,63,9,-1,-1,-1,9,1,9
2018450329296,1,9,0,18,0,1,1,4,0,0,4,1,5,2,26,6,1242,1,9,10,3,10
2018450329296,2,9,0,2,0,8,0,0,0,0,3,1,5,2,33,6,1199,1,14,6,1,6
2018450329299,1,9,0,17,0,0,2,0,2,10,2,1,6,1,20,4,1299,1,16,9,1,9