Accident_Index,Vehicle_Reference,Vehicle_Type,Towing_and_Articulation,Vehicle_Manoeuvre,Vehicle_Location-Restricted_Lane,Junction_Location,Skidding_and_Overturning,Hit_Object_in_Carriageway,Vehicle_Leaving_Carriageway,Hit_Object_off_Carriageway,1st_Point_of_Impact,Was_Vehicle_Left_Hand_Drive?,Journey_Purpose_of_Driver,Sex_of_Driver,Age_of_Driver,Age_Band_of_Driver,Engine_Capacity_(CC),Propulsion_Code,Age_of_Vehicle,Driver_IMD_Decile,Driver_Home_Area_Type,Vehicle_IMD_Decile
2018450329302,1,9,0,16,0,0,1,0,0,0,1,1,5,1,20,4,1991,1,23,-1,-1,-1
2018450329302,2,8,0,17,0,0,0,0,0,0,3,1,1,1,44,7,-1,-1,-1,5,1,5
2018450329306,1,9,0,18,0,0,0,0,0,0,1,1,5,1,26,6,1781,1,17,5,1,5
2018450329306,2,9,0,18,0,0,0,0,0,0,2,1,5,1,31,6,2993,2,11,5,1,5
2018450329307,1,9,0,17,0,0,1,0,1,4,3,1,6,1,24,5,1596,1,17,5,1,5
2018450329309,1,9,0,9,0,2,0,0,0,0,3,1,5,1,34,6,1598,1,7,9,1,9
2018450329309,2,9,0,18,0,8,1,0,0,0,1,1,1,2,23,5,1984,1,1,8,3,8
2018450329332,1,9,0,18,0,0,0,0,0,0,1,1,1,2,76,11,999,1,1,9,3,9
2018450329347,1,9,0,18,0,0,0,0,1,11,1,1,5,2,20,4,1229,1,6,10,3,10
2018450329350,1,9,0,18,9,0,1,10,1,10,1,1,5,2,25,5,1587,1,15,10,1,10
2018450329357,1,3,0,18,9,1,5,0,1,2,1,1,2,1,33,6,124,1,-1,8,3,8
2018450329362,1,9,0,7,0,5,0,0,0,0,0,1,1,1,29,6,-1,-1,-1,-1,-1,-1
2018450329378,1,5,0,16,0,0,1,0,7,0,4,1,2,1,32,6,599,1,17,7,2,7
2018450329416,1,5,0,18,0,1,0,0,0,0,3,1,6,1,54,8,1170,1,12,10,1,10
2018450329416,2,20,0,18,0,1,0,0,0,0,4,1,1,1,40,7,-1,-1,-1,10,1,10
2018450329419,1,9,0,18,0,0,0,0,0,0,1,1,6,1,33,6,2993,2,3,6,-1,6
2018450329419,2,1,0,18,0,0,0,0,0,0,1,1,6,1,40,7,-1,-1,-1,9,1,9
2018450329439,1,9,0,18,0,0,0,0,0,0,1,1,2,2,24,5,2777,2,9,8,1,8
2018450329439,2,9,0,4,0,0,0,0,0,0,2,1,2,2,52,8,1598,1,7,8,1,8
2018450329439,3,9,0,4,0,0,0,0,0,0,2,1,2,2,26,6,1149,1,12,8,1,8
2018450329636,1,9,0,17,0,0,0,0,1,11,1,1,4,2,17,4,998,1,8,7,3,7
2018450329669,1,9,0,18,0,1,0,0,0,0,1,1,2,1,67,10,999,1,5,9,1,9
2018450329669,2,9,0,18,0,4,0,0,0,0,2,2,5,2,64,9,1598,1,9,9,1,9
2018450329682,1,9,0,18,0,0,0,0,0,0,1,1,5,1,41,7,1984,1,1,6,1,6
2018450329682,2,9,0,16,0,0,0,0,0,0,1,1,5,2,38,7,998,1,5,7,1,7
2018450329685,1,4,0,18,0,1,0,0,0,0,3,1,1,1,18,4,108,1,4,7,1,7
2018450329685,2,9,0,9,0,5,0,0,0,0,4,1,1,2,53,8,998,1,19,10,1,10
2018450329689,1,9,0,1,0,1,0,0,0,0,2,1,6,3,33,6,1998,1,4,-1,-1,-1
2018450329689,2,9,0,18,0,1,0,0,0,0,3,1,5,2,37,7,1968,2,2,8,1,8
2018450329691,1,9,0,4,0,0,0,0,0,0,1,1,1,1,45,7,2996,1,11,6,1,6
2018450329701,1,9,0,18,0,1,0,0,0,0,4,1,5,2,79,11,999,1,4,5,1,5
2018450329701,2,1,0,18,9,1,0,0,0,0,2,1,5,1,55,8,-1,-1,-1,10,1,10
2018450329757,1,9,0,18,0,0,0,0,0,0,1,1,6,1,37,7,1968,2,3,10,1,10
2018450329757,2,1,0,18,0,0,0,0,0,0,1,1,6,1,48,8,-1,-1,-1,8,1,8
2018450329821,1,9,0,9,0,6,0,0,0,0,1,1,3,2,30,6,999,1,2,10,1,10
2018450329821,2,9,0,18,0,1,0,0,0,0,1,1,5,2,53,8,1596,1,8,9,1,9
2018450329835,1,9,0,9,0,6,0,0,0,0,1,1,2,1,33,6,2143,2,2,10,1,10
2018450329835,2,9,0,18,0,1,0,0,0,0,1,1,5,1,21,5,1197,1,1,9,1,9
2018450329848,1,9,0,18,0,0,1,0,2,0,4,1,5,1,32,6,1796,1,21,2,1,2
2018450329891,1,9,0,9,9,2,0,0,7,11,1,1,5,1,61,9,1198,1,5,9,1,9
2018450329894,1,9,0,3,0,0,0,0,0,0,2,1,2,1,54,8,1995,2,6,10,1,10
2018450329894,2,9,0,18,0,0,0,0,0,0,1,1,6,1,35,6,-1,-1,-1,9,1,9
2018450329980,1,9,0,9,0,8,0,0,0,0,1,1,5,2,54,8,1995,2,14,8,1,8
2018450329980,2,9,0,18,0,1,0,0,0,0,1,1,3,2,43,7,1560,2,5,8,1,8
2018450330029,1,9,0,9,0,8,0,0,0,0,4,1,1,1,36,7,-1,-1,-1,4,1,4
2018450330029,2,3,0,18,0,1,0,0,0,0,1,1,5,1,20,4,124,1,-1,10,1,10
2018450330031,1,9,0,3,0,0,0,0,0,0,2,1,5,1,52,8,-1,3,2,10,1,10
2018450330031,2,9,0,18,0,0,0,0,0,0,1,1,5,1,74,10,1984,1,5,8,1,8
2018450330032,1,9,0,16,0,0,0,0,1,0,1,1,5,2,78,11,1124,1,15,7,2,7
2018450330032,2,9,0,18,0,0,0,0,0,0,1,1,2,1,60,9,1781,1,14,10,2,10
2018450330032,3,9,0,17,0,0,1,0,0,0,3,1,5,1,26,6,1951,2,14,4,1,4
2018450330033,1,9,0,18,0,1,0,0,0,0,1,1,5,1,23,5,1598,1,8,7,2,7
2018450330033,2,9,0,18,0,1,0,0,0,0,2,1,3,1,43,7,1248,2,6,9,3,9
2018450330033,3,9,0,3,0,1,0,0,0,0,2,1,5,2,85,11,1197,1,1,10,2,10
2018450330040,1,5,0,17,0,0,1,7,0,0,1,1,5,1,60,9,745,1,1,8,1,8
2018450330040,2,21,0,18,0,0,0,0,0,0,0,1,6,3,45,7,-1,-1,-1,-1,-1,-1
2018450330048,1,1,0,18,0,0,0,0,0,0,3,1,5,1,14,3,-1,-1,-1,10,3,10
2018450330048,2,9,0,18,0,0,0,0,0,0,4,1,5,1,53,8,2993,2,6,5,1,5
2018450330052,1,9,0,9,0,1,1,0,0,0,1,1,5,2,75,10,1339,1,11,10,1,10
2018450330052,2,1,0,18,0,1,0,0,0,0,3,1,5,1,38,7,-1,-1,-1,10,1,10
2018450330054,1,19,0,1,0,1,0,0,0,0,2,1,2,1,37,7,2198,2,2,3,1,3
2018450330054,2,9,0,5,0,1,0,0,0,0,1,1,5,2,30,6,1242,1,2,3,1,3
2018450330180,1,9,0,9,0,1,0,0,0,0,3,1,1,2,31,6,1498,1,10,-1,-1,-1
2018450330180,2,4,0,9,0,8,0,0,0,0,3,1,4,1,21,5,398,1,11,10,1,10
2018450330329,1,1,0,18,0,8,0,0,0,0,3,1,6,1,16,4,-1,-1,-1,6,2,6
2018450330329,2,9,0,18,0,8,0,0,0,0,0,1,6,3,30,6,-1,-1,-1,-1,-1,-1
2018450330465,1,9,0,9,0,5,0,0,0,0,2,1,5,2,20,4,1242,1,5,6,3,6
2018450330465,2,9,0,18,0,1,0,0,0,0,1,1,5,2,49,8,1498,1,-1,5,1,5
2018450330474,1,3,0,18,0,1,5,0,0,0,1,1,6,1,18,4,125,1,3,4,1,4
2018450330474,2,9,0,18,0,8,0,0,0,0,0,1,6,1,31,6,1781,1,14,-1,-1,-1
2018450330475,1,9,0,18,0,0,0,0,0,0,2,1,6,1,33,6,2979,1,2,5,-1,5
2018450330475,2,9,0,18,0,0,0,0,0,0,1,1,6,2,41,7,1499,1,1,6,1,6
2018450330607,1,9,0,6,0,0,0,0,0,0,1,1,5,1,60,9,2696,2,13,9,1,9
2018450330800,1,9,0,18,9,2,0,0,0,0,3,1,5,1,91,11,1590,1,13,10,1,10
2018450330848,1,9,0,18,0,0,0,0,0,0,1,1,1,1,33,6,1560,2,6,9,3,9
2018450330848,2,9,0,18,0,0,0,0,0,0,3,1,2,2,29,6,1296,1,10,7,1,7
2018450330850,1,9,0,9,0,0,0,0,0,0,1,1,5,1,88,11,1998,1,2,9,1,9
2018450330850,2,9,0,18,0,0,0,0,1,9,1,1,5,2,67,10,1999,1,13,10,1,10
2018450330854,1,9,0,7,0,4,0,0,0,0,4,1,2,1,28,6,1229,1,4,9,1,9
2018450330854,2,1,0,18,0,4,0,0,0,0,1,1,2,1,57,9,-1,-1,-1,9,1,9
2018450330855,1,9,0,9,0,8,0,0,0,0,1,1,5,1,18,4,2143,2,8,5,1,5
2018450330855,2,9,0,17,0,8,1,0,1,0,1,1,5,2,17,4,1299,1,11,8,1,8
2018450330856,1,9,0,9,9,5,0,0,7,0,1,1,5,1,58,9,1590,1,14,8,1,8
2018450330856,2,1,0,18,9,1,0,0,0,0,1,1,5,1,27,6,-1,-1,-1,9,1,9
2018450330857,1,3,0,9,0,6,0,0,0,0,4,1,5,1,18,4,124,1,-1,4,1,4
2018450330857,2,9,0,18,0,8,0,0,0,0,1,1,5,1,46,8,1997,1,14,4,1,4
2018450330861,1,9,0,1,0,0,0,0,0,0,4,1,1,2,24,5,1596,1,17,10,1,10
2018450330862,1,9,0,5,0,0,0,0,0,0,1,1,2,2,41,7,1598,1,14,10,1,10
2018450330862,2,1,0,18,1,0,0,0,0,0,1,1,5,1,52,8,-1,-1,-1,8,1,8
2018450330958,1,9,0,18,0,0,0,0,0,0,1,1,6,1,17,4,998,1,7,6,1,6
2018450330992,1,5,0,2,0,0,0,0,0,0,0,1,2,1,46,8,1170,1,10,5,3,5
2018450330992,2,9,0,18,0,0,0,0,0,0,0,1,6,1,50,8,-1,3,2,5,3,5
2018450330997,1,9,0,2,0,0,0,0,0,0,2,1,6,1,52,8,1995,2,-1,10,2,10
2018450330997,2,1,0,18,0,0,0,4,0,0,1,1,6,2,66,10,-1,-1,-1,4,1,4
2018450331112,1,9,0,17,0,0,2,0,1,4,4,1,2,2,17,4,1248,2,10,4,1,4
2018450331170,1,9,0,9,0,0,0,0,0,0,1,1,5,2,80,11,1560,2,8,10,1,10
2018450331170,2,3,0,18,0,0,0,0,0,0,1,1,5,1,61,9,124,1,2,7,1,7
2018450331194,1,19,0,18,0,0,0,0,0,0,1,1,1,1,30,6,2198,2,3,3,1,3
2018450331194,2,9,0,18,0,0,0,0,0,0,1,1,2,2,23,5,1242,1,10,6,1,6
2018450331206,1,9,0,18,0,0,0,0,0,0,1,1,2,2,18,4,998,1,20,10,1,10
2018450331206,2,9,0,18,0,0,0,0,0,0,2,1,5,1,46,8,1995,1,13,10,1,10
2018450331206,3,9,0,18,0,0,0,0,0,0,0,1,5,1,20,4,1390,1,14,9,1,9
2018450331208,1,90,0,18,0,1,0,0,0,0,1,1,2,1,54,8,-1,-1,-1,10,1,10
2018450331208,2,19,0,18,0,1,1,0,3,4,1,1,5,1,18,4,1560,2,2,5,3,5
2018450331220,1,9,0,18,0,1,0,0,0,0,1,1,6,3,45,7,1997,2,11,7,2,7
2018450331220,2,9,0,3,0,1,0,0,0,0,3,1,2,1,22,5,998,1,34,3,1,3
2018450331220,3,9,0,3,0,2,0,0,0,0,2,1,1,1,36,7,1396,1,15,5,1,5
2018450331222,1,21,0,18,0,0,0,0,0,0,3,1,1,1,40,7,10837,2,5,5,1,5
2018450331222,2,9,0,18,0,0,0,0,5,0,4,1,5,1,64,9,998,1,3,10,1,10
2018450331263,1,9,0,18,0,0,1,10,0,0,1,1,5,2,46,8,1499,2,5,8,1,8
2018450331267,1,4,0,18,0,8,0,0,0,0,3,1,2,1,56,9,883,1,13,6,1,6
2018450331267,2,9,0,9,0,8,0,0,3,0,4,1,5,1,20,4,1149,1,14,8,2,8
2018450331269,1,4,0,18,5,0,5,0,0,0,0,1,5,1,26,6,249,1,16,10,1,10
2018450331283,1,4,0,18,0,1,1,0,0,0,2,1,5,1,55,8,865,1,4,10,1,10
2018450331283,2,9,0,3,0,1,0,0,0,0,2,1,5,2,28,6,1598,1,13,10,1,10
2018450331295,1,9,0,18,0,0,0,0,0,0,1,1,5,2,31,6,1910,2,13,7,2,7
2018450331295,2,9,0,2,0,0,0,4,0,0,2,1,6,1,71,10,1498,1,10,10,2,10
2018450331295,3,9,0,2,0,0,0,0,0,0,2,1,6,1,58,9,1798,1,15,10,2,10
2018450331301,1,3,0,18,0,1,1,0,0,0,1,1,6,3,-1,-1,124,1,5,-1,-1,-1
2018450331301,2,9,0,18,0,1,0,0,0,0,2,1,6,3,-1,-1,-1,-1,-1,-1,-1,-1
2018450331311,1,1,0,18,0,0,0,10,0,0,1,1,6,1,49,8,-1,-1,-1,10,1,10
2018450331336,1,21,1,5,0,4,0,0,0,0,1,1,1,1,40,7,12777,2,9,6,1,6
2018450331336,2,9,0,4,0,1,0,0,0,0,2,1,5,1,59,9,1796,1,14,6,1,6
2018450331336,3,9,0,4,0,4,0,0,3,0,3,1,5,2,71,10,1198,1,4,7,3,7
2018450331342,1,9,0,18,0,1,0,0,0,0,4,1,5,1,20,4,1229,1,11,10,1,10
2018450331342,2,9,0,3,0,1,0,0,0,0,2,1,1,1,45,7,1968,2,9,5,1,5
2018450331350,1,9,0,4,0,0,0,0,0,0,2,1,5,1,27,6,1198,1,7,4,1,4
2018450331350,2,9,0,18,0,0,0,0,0,0,2,1,5,1,22,5,1299,1,12,7,1,7
2018450331350,3,9,0,4,0,0,0,0,0,0,1,1,5,2,33,6,1198,1,13,3,1,3
2018450331356,1,9,0,18,0,0,0,0,0,0,0,1,5,1,22,5,1598,1,4,10,2,10
2018450331356,2,9,0,18,0,0,0,0,0,0,1,1,5,2,20,4,1395,1,3,9,1,9
2018450331402,1,9,0,18,0,0,0,0,0,0,1,1,6,2,37,7,2698,2,8,10,1,10
2018450331415,1,19,0,4,0,0,1,0,0,0,2,1,2,1,32,6,1995,2,1,10,1,10
2018450331415,2,11,0,18,0,0,1,0,0,0,1,1,6,1,61,9,2151,2,17,6,1,6
2018450331429,1,9,0,7,0,0,0,0,0,0,4,1,6,2,33,6,1686,2,4,8,1,8
2018450331429,2,9,0,18,0,0,0,0,0,0,3,1,6,1,33,6,1395,1,-1,-1,-1,-1
2018450331449,1,9,0,18,0,1,0,7,0,0,1,1,5,1,79,11,1360,1,11,10,1,10
2018450331638,1,9,0,18,0,0,0,0,0,0,3,1,5,2,47,8,1598,1,12,3,1,3
2018450331638,2,9,0,16,0,0,0,0,0,0,1,1,5,1,64,9,1995,2,11,6,1,6
2018450331643,1,9,0,18,0,1,0,0,0,0,2,1,5,2,55,8,1390,1,14,5,1,5
2018450331643,2,9,0,18,0,1,0,0,0,0,1,1,2,2,36,7,1686,2,4,4,1,4
2018450331651,1,9,0,2,0,0,0,0,0,0,2,1,5,2,64,9,1598,1,11,9,1,9
2018450331651,2,8,0,18,0,0,0,0,0,0,1,1,1,1,40,7,1968,2,2,5,3,5
2018450331651,3,9,0,18,0,0,0,1,0,0,1,1,1,1,37,7,1798,8,4,1,1,1
2018450331651,4,9,0,18,0,0,0,0,0,0,1,1,1,1,31,6,-1,-1,-1,4,1,4
2018450331651,5,9,0,18,0,0,0,0,0,0,1,1,5,2,33,6,1398,2,6,8,3,8
2018450331652,1,9,0,18,0,1,0,0,0,0,1,1,5,1,35,6,1910,2,10,-1,-1,-1
2018450331652,2,9,0,18,0,1,0,0,0,0,1,1,5,2,29,6,1400,2,12,6,3,6
2018450331681,1,9,0,16,0,0,1,0,0,0,1,1,1,1,35,6,1398,1,16,5,1,5
2018450331681,2,9,0,18,0,0,0,0,0,0,1,1,6,1,48,8,2993,2,5,8,1,8
2018450331689,1,9,0,18,0,7,0,0,0,0,1,1,5,1,79,11,1968,2,5,-1,-1,-1
2018450331689,2,9,0,18,0,7,0,0,0,0,1,1,6,1,36,7,1598,2,1,-1,-1,-1
2018450332082,1,9,0,9,0,8,0,0,0,0,3,1,1,1,30,6,1968,2,6,6,1,6
2018450332082,2,5,0,17,0,1,0,0,0,0,1,1,5,1,40,7,647,1,-1,8,1,8
2018450332086,1,9,0,18,0,0,0,0,0,0,1,1,6,1,65,9,2435,1,19,5,1,5
2018450332086,2,9,0,18,0,0,0,0,0,0,1,1,6,2,45,7,1229,1,13,6,3,6
2018450332113,1,9,0,18,0,0,0,4,0,0,1,1,2,2,69,10,1360,1,17,6,1,6
2018450332113,2,9,0,2,1,0,0,0,0,0,2,1,6,3,-1,-1,-1,-1,-1,-1,-1,-1
2018450332136,1,9,0,18,0,1,0,0,0,0,1,1,2,1,19,4,1390,1,15,9,1,9
2018450332136,2,9,0,18,0,1,0,0,0,0,2,1,5,1,67,10,1685,2,1,8,1,8
2018450332160,1,9,0,18,0,0,0,0,0,0,1,1,6,1,43,7,1388,1,14,6,1,6
2018450332160,2,9,0,18,0,0,0,0,0,0,1,1,6,2,33,6,1339,1,14,7,1,7
2018450332160,3,9,0,18,0,0,0,0,0,0,1,1,6,2,33,6,1598,1,12,7,1,7
2018450332456,1,21,0,18,0,2,5,2,1,0,1,1,1,1,64,9,12902,2,3,4,2,4
2018450332459,1,1,0,18,0,6,0,0,0,0,1,1,4,1,14,3,-1,-1,-1,-1,-1,-1
2018450332459,2,9,0,18,0,8,0,0,0,0,3,1,5,1,71,10,1956,2,3,5,1,5
2018450332509,1,9,0,18,0,0,0,0,8,6,1,1,2,2,25,5,1499,1,10,6,-1,6
2018450332524,1,19,0,7,0,1,0,0,0,0,4,1,6,3,33,6,-1,-1,-1,-1,-1,-1
2018450332530,1,9,0,7,0,0,0,0,0,0,1,1,2,2,45,7,2993,2,11,10,1,10
2018450332530,2,1,0,18,4,0,0,0,0,0,1,1,4,1,14,3,-1,-1,-1,10,1,10
2018450332531,1,5,0,18,0,0,1,0,1,9,0,1,5,1,27,6,599,1,16,5,1,5
2018450332562,1,9,0,3,0,1,0,0,0,0,1,1,6,2,28,6,1599,1,10,10,1,10
2018450332562,2,9,0,1,0,1,0,0,0,0,2,1,6,2,50,8,-1,-1,-1,4,1,4
2018450332808,1,11,0,9,0,5,0,0,0,0,0,1,1,1,47,8,9000,2,10,4,1,4
2018450332814,1,4,0,3,0,0,5,0,0,0,1,1,1,1,48,8,250,1,3,8,1,8
2018450332814,2,19,0,1,0,0,0,0,0,0,2,1,5,1,33,6,1995,2,1,4,1,4
2018450332837,1,9,0,15,0,0,0,0,0,0,3,1,5,1,24,5,1598,2,1,6,1,6
2018450332837,2,9,0,11,0,0,0,0,0,0,4,1,2,2,35,6,1999,2,2,8,1,8
2018450332840,1,9,0,18,0,1,1,10,1,4,1,1,5,2,78,11,1124,1,18,10,1,10
2018450332855,1,9,0,9,0,5,0,0,0,0,1,1,3,2,45,7,1499,1,2,10,3,10
2018450332855,2,9,0,14,0,1,0,0,0,0,1,1,5,1,54,8,1582,2,6,7,2,7
2018450332902,1,9,0,18,0,1,0,0,0,0,1,1,1,1,22,5,1149,1,10,3,1,3
2018450332902,2,9,0,9,0,1,0,0,1,1,4,1,1,2,46,8,-1,-1,-1,8,1,8
2018450332914,1,9,0,18,0,0,0,0,0,0,1,1,2,2,27,6,1248,1,7,4,1,4
2018450332914,2,9,0,3,0,0,0,0,0,0,2,1,5,1,37,7,1968,2,2,5,3,5
2018450332914,3,9,0,9,0,0,0,0,0,0,2,1,6,2,35,6,-1,-1,-1,-1,-1,-1
2018450332915,1,3,0,4,0,0,0,0,0,0,2,1,5,1,54,8,1690,1,7,9,2,9
2018450332915,2,9,0,4,0,0,0,0,0,0,1,1,5,1,29,6,1560,2,10,7,2,7
2018450332917,1,3,0,18,0,0,0,0,0,0,1,1,6,3,30,6,-1,-1,-1,-1,-1,-1
2018450332917,2,1,0,18,0,0,0,0,0,0,4,1,4,1,14,3,-1,-1,-1,7,1,7
2018450332980,1,5,0,18,0,2,0,0,0,0,4,1,6,1,26,6,1854,1,11,9,3,9
2018450332980,2,9,0,18,0,1,0,0,0,0,2,1,1,2,31,6,1560,2,7,7,1,7
2018450332980,3,90,0,18,0,1,5,0,0,0,0,1,1,2,22,5,-1,-1,-1,6,1,6
2018450333256,1,9,0,4,0,1,0,4,0,0,1,1,1,1,21,5,1587,1,13,4,1,4
2018450333256,2,9,0,3,0,1,0,0,0,0,2,1,5,1,54,8,1997,2,14,8,3,8
2018450333256,3,9,0,9,0,8,0,0,0,0,2,1,3,2,37,7,-1,-1,-1,10,1,10
2018450333267,1,5,0,18,0,0,0,0,0,0,1,1,5,1,28,6,-1,-1,-1,9,1,9
2018450333267,2,9,0,2,0,0,0,0,0,0,2,1,6,2,39,7,1339,1,9,4,1,4
2018450333295,1,19,0,18,0,2,0,0,1,1,1,1,6,1,35,6,2198,2,12,10,2,10
2018450333299,1,9,0,18,0,1,0,0,0,0,1,1,5,2,48,8,1598,2,5,9,1,9
2018450333299,2,9,0,10,0,1,0,0,0,0,2,1,5,1,28,6,1242,1,11,7,1,7
2018450333299,3,9,0,18,0,1,0,0,0,0,3,1,5,1,68,10,4398,1,20,8,1,8
2018450333303,1,9,0,9,0,2,0,0,0,0,3,1,5,2,18,4,998,1,1,10,1,10
2018450333303,2,3,0,18,0,8,0,0,0,0,3,1,5,1,22,5,124,1,7,6,1,6
2018450333305,1,9,0,17,0,0,1,0,1,10,3,1,5,1,28,6,973,1,15,10,3,10
2018450333308,1,9,0,5,0,8,2,0,0,0,3,1,5,2,18,4,1390,1,5,10,3,10
2018450333308,2,8,0,18,0,1,0,0,0,0,1,1,1,1,40,7,1995,2,5,3,1,3
2018450333316,1,9,0,17,0,0,1,0,0,0,1,1,5,1,22,5,1896,1,21,9,1,9
2018450333316,2,19,0,16,0,0,0,0,0,0,1,1,5,2,40,7,-1,-1,-1,9,1,9
2018450333317,1,3,0,16,0,3,0,0,0,0,1,1,5,1,19,4,124,1,-1,2,1,2
2018450333317,2,9,0,3,0,4,0,0,0,0,3,1,5,1,74,10,1796,1,14,8,3,8
2018450333318,1,9,0,18,0,1,0,0,0,0,3,1,2,2,27,6,998,1,13,10,1,10
2018450333318,2,3,0,18,0,1,2,0,0,0,1,1,2,1,23,5,125,1,3,5,1,5
2018450333320,1,9,0,4,0,0,0,0,0,0,1,1,5,1,18,4,1198,1,11,7,-1,7
2018450333320,2,9,0,17,0,0,0,0,0,0,3,1,6,3,17,4,1796,1,17,-1,-1,-1
2018450333325,1,9,0,16,0,0,1,0,1,3,4,1,2,1,51,8,1587,1,19,7,1,7
2018450333327,1,9,0,9,0,2,5,0,0,0,3,1,5,2,48,8,1298,1,13,9,1,9
2018450333345,1,2,0,4,0,0,0,0,0,0,1,1,4,1,16,4,50,1,2,5,3,5
2018450333345,2,9,0,4,0,0,0,0,0,0,2,1,3,2,37,7,1598,1,16,6,1,6
2018450333364,1,9,0,16,0,0,0,0,0,0,1,1,5,1,17,4,1198,1,13,9,2,9
2018450333364,2,9,0,18,0,0,0,0,2,0,1,1,5,2,62,9,1753,2,10,6,1,6
2018450333369,1,9,0,18,0,0,0,0,1,0,3,1,5,2,75,10,1461,2,4,9,1,9
2018450333369,2,9,0,16,0,0,1,0,7,0,2,1,6,3,63,9,1995,2,14,-1,-1,-1
2018450333488,1,1,0,18,0,0,0,0,0,0,1,1,6,1,34,6,-1,-1,-1,9,1,9
2018450333488,2,9,0,9,0,0,0,0,0,0,4,1,6,2,58,9,1598,2,8,8,1,8
2018450333663,1,9,0,18,0,1,0,0,0,0,4,1,6,1,45,7,999,1,2,9,1,9
2018450333747,1,1,0,18,0,8,1,0,0,0,4,1,5,1,43,7,-1,-1,-1,10,1,10
2018450333747,2,9,0,18,0,4,0,0,0,0,1,1,5,1,30,6,2143,2,3,6,1,6
2018450333785,1,1,0,18,0,0,0,0,0,0,0,1,6,1,65,9,-1,-1,-1,9,1,9
2018450333788,1,9,0,4,0,2,0,0,0,0,1,1,2,2,34,6,999,1,3,10,1,10
2018450333800,1,9,0,9,0,1,0,0,0,0,1,1,5,1,77,11,998,1,9,8,1,8
2018450333800,2,9,0,9,0,8,0,0,0,0,1,1,3,2,30,6,2497,2,2,4,1,4
2018450333803,1,3,0,18,0,0,0,0,0,0,4,1,5,1,50,8,988,1,13,8,3,8
2018450333803,2,8,0,2,6,0,0,0,0,0,0,1,5,1,49,8,1598,2,7,6,1,6
2018450333805,1,9,0,2,6,0,1,0,1,4,2,1,6,3,33,6,1240,1,12,5,1,5
2018450333805,2,9,0,18,0,0,0,4,0,0,1,1,2,1,40,7,1685,2,-1,4,1,4
2018450333853,1,9,0,18,9,1,5,0,7,0,1,1,6,1,23,5,1896,2,16,-1,-1,-1
2018450333853,2,9,0,18,0,1,0,0,1,0,3,1,6,1,39,7,1797,8,9,5,1,5
2018450333883,1,1,0,18,0,0,0,0,0,0,1,1,6,1,67,10,-1,-1,-1,10,1,10
2018450333883,2,9,0,18,0,0,0,0,0,0,1,1,6,1,33,6,1598,1,17,10,1,10
2018450333896,1,9,0,18,0,0,0,0,0,0,1,1,6,2,21,5,1598,1,8,5,1,5
2018450333896,2,9,0,18,0,0,0,0,0,0,1,1,6,1,33,6,1984,1,6,9,1,9
2018450333896,3,9,0,18,0,0,0,0,0,0,1,1,6,3,33,6,-1,3,3,10,1,10
2018450333914,1,9,0,18,0,0,0,0,0,0,1,1,6,1,43,7,1598,1,13,5,1,5
2018450333914,2,9,0,18,0,0,0,0,0,0,4,1,6,1,50,8,2099,1,15,-1,-1,-1
2018450333931,1,9,0,18,0,0,0,0,0,0,1,1,6,1,42,7,-1,-1,-1,4,1,4
2018450333931,2,9,0,18,0,0,0,0,0,0,2,1,6,2,61,9,1896,2,10,10,1,10
2018450333931,3,9,0,18,0,0,0,0,0,0,2,1,3,2,55,8,998,1,3,4,1,4
2018450334030,1,9,0,9,0,8,0,0,0,0,3,1,2,1,40,7,2497,1,13,9,1,9
2018450334030,2,1,0,18,0,8,5,0,0,0,1,1,6,2,55,8,-1,-1,-1,6,1,6
2018450334119,1,9,0,18,0,0,0,0,0,0,1,1,6,1,22,5,-1,-1,-1,4,3,4
2018450334119,2,19,0,4,0,0,0,0,0,0,2,1,1,1,30,6,1560,2,3,10,1,10
2018450334119,3,9,0,4,0,0,0,0,0,0,2,1,1,2,45,7,-1,-1,-1,10,1,10
2018450334138,1,5,0,18,0,0,5,0,0,0,4,1,6,1,25,5,749,1,10,10,1,10
2018450334339,1,9,0,4,0,8,0,0,0,0,2,1,6,1,17,4,1229,1,6,8,1,8
2018450334339,2,20,0,18,0,8,0,0,0,0,0,1,6,3,30,6,-1,-1,-1,-1,-1,-1
2018450334412,1,90,1,2,0,1,0,0,0,0,2,1,1,1,53,8,-1,-1,-1,9,2,9
2018450334412,2,9,0,15,0,1,0,4,0,0,1,1,5,2,39,7,2179,2,9,9,1,9
2018450334441,1,9,0,18,0,0,0,0,0,0,1,1,3,2,40,7,1598,1,10,7,1,7
2018450334455,1,21,0,18,0,8,0,4,0,0,1,1,1,1,41,7,6374,2,5,4,1,4
2018450334455,2,19,0,4,0,1,0,0,0,0,3,1,2,1,47,8,-1,-1,-1,3,1,3
2018450334455,3,9,0,18,0,8,0,0,0,0,2,1,5,2,80,11,1198,1,4,8,1,8