Accident_Index,Vehicle_Reference,Vehicle_Type,Towing_and_Articulation,Vehicle_Manoeuvre,Vehicle_Location-Restricted_Lane,Junction_Location,Skidding_and_Overturning,Hit_Object_in_Carriageway,Vehicle_Leaving_Carriageway,Hit_Object_off_Carriageway,1st_Point_of_Impact,Was_Vehicle_Left_Hand_Drive?,Journey_Purpose_of_Driver,Sex_of_Driver,Age_of_Driver,Age_Band_of_Driver,Engine_Capacity_(CC),Propulsion_Code,Age_of_Vehicle,Driver_IMD_Decile,Driver_Home_Area_Type,Vehicle_IMD_Decile
2018450334503,1,9,0,18,0,0,0,0,0,0,2,1,5,2,39,7,1769,1,15,7,1,7
2018450334503,2,19,0,18,0,0,0,0,0,0,2,1,1,1,24,5,1995,2,1,7,1,7
2018450334503,3,19,0,18,0,0,1,0,0,0,1,1,1,1,36,7,2287,2,-1,8,1,8
2018450334541,1,9,0,18,0,8,0,0,0,0,1,1,2,2,37,7,1149,1,-1,5,2,5
2018450334541,2,9,0,7,0,8,0,0,0,0,2,1,6,1,40,7,1580,8,-1,10,1,10
2018450334546,1,9,0,4,0,0,0,0,0,0,2,1,1,1,45,7,-1,-1,-1,10,1,10
2018450334546,2,9,0,18,0,0,0,0,0,0,2,1,5,2,54,8,1349,1,9,6,3,6
2018450334546,3,9,0,4,0,0,0,0,0,0,2,1,5,1,33,6,1339,1,3,6,1,6
2018450334546,4,21,0,16,0,0,0,0,0,0,1,1,1,1,42,7,12740,2,4,3,1,3
2018450334572,1,9,0,18,0,0,0,0,0,0,2,1,2,1,49,8,2993,2,5,9,3,9
2018450334572,2,19,0,18,0,0,0,0,1,0,2,1,2,1,23,5,1560,2,1,4,1,4
2018450334572,3,9,0,18,0,0,0,0,0,0,1,1,2,1,39,7,2401,2,14,6,1,6
2018450334586,1,9,0,18,0,1,0,0,0,0,1,1,5,1,25,5,1242,1,6,9,1,9
2018450334586,2,9,0,4,0,5,0,0,0,0,2,1,5,2,50,8,1598,1,13,8,1,8
2018450334587,1,90,0,18,0,0,0,0,0,0,1,1,1,1,25,5,-1,-1,-1,7,1,7
2018450334587,2,1,0,5,0,0,5,0,1,0,1,1,5,2,9,2,-1,-1,-1,10,1,10
2018450334588,1,9,0,6,0,1,0,0,0,0,3,1,5,1,26,6,2148,2,16,4,1,4
2018450334588,2,9,0,18,0,1,0,0,0,0,1,1,5,2,34,6,1242,1,2,8,1,8
2018450334589,1,9,0,9,0,1,0,0,0,0,4,1,5,1,22,5,1242,1,3,8,1,8
2018450334589,2,1,0,17,0,1,0,0,0,0,1,1,2,1,39,7,-1,-1,-1,10,1,10
2018450334590,1,9,0,18,0,1,0,0,0,0,3,1,5,2,18,4,998,1,8,10,-1,10
2018450334590,2,9,0,9,0,6,0,0,0,0,3,1,6,1,68,10,1596,1,10,10,1,10
2018450334591,1,9,0,18,0,0,0,0,0,0,1,1,5,1,32,6,1289,1,20,5,1,5
2018450334591,2,9,0,2,0,0,0,0,7,0,2,1,6,3,-1,-1,-1,-1,-1,-1,-1,-1
2018450334779,1,9,0,6,0,0,0,0,0,0,1,1,1,2,47,8,2199,2,3,10,1,10
2018450334779,2,9,0,3,0,0,0,0,0,0,3,1,3,2,45,7,1198,1,4,10,1,10
2018450334803,1,9,0,16,0,0,0,0,0,0,1,1,6,1,19,4,1390,1,6,7,1,7
2018450334803,2,9,0,4,0,0,0,0,0,0,2,1,6,1,40,7,1997,2,5,5,1,5
2018450334815,1,19,0,18,0,1,0,0,0,0,4,1,1,1,27,6,2143,2,1,7,3,7
2018450334815,2,5,0,18,0,1,2,0,0,0,2,1,5,1,42,7,649,1,14,10,1,10
2018450334815,3,9,0,18,0,1,1,0,0,0,1,1,1,1,55,8,1598,1,15,6,3,6
2018450334836,1,9,0,17,0,0,5,0,7,9,1,1,5,1,62,9,1999,1,14,10,2,10
2018450334947,1,9,0,18,0,0,0,0,0,0,3,1,5,2,18,4,998,1,-1,10,1,10
2018450334979,1,9,0,10,0,5,0,0,0,0,0,1,2,2,51,8,1124,1,12,7,1,7
2018450334979,2,1,0,18,0,1,0,0,0,0,0,1,2,2,28,6,-1,-1,-1,4,1,4
2018450334984,1,9,0,4,0,1,1,0,0,0,1,1,5,1,89,11,1389,1,17,8,3,8
2018450334984,2,9,0,3,0,1,0,0,0,0,2,1,3,1,43,7,2993,2,6,10,1,10
2018450334985,1,9,0,9,0,0,0,0,0,0,3,1,5,1,68,10,1998,1,2,8,3,8
2018450334985,2,9,0,9,0,0,0,0,0,0,1,1,5,2,58,9,998,1,4,7,1,7
2018450334986,1,9,0,18,0,0,1,0,7,0,1,1,5,1,24,5,1298,1,18,7,1,7
2018450334986,2,9,0,18,0,0,1,0,0,0,1,1,5,2,27,6,1995,2,17,9,1,9
2018450334988,1,9,0,18,0,0,0,0,0,0,1,1,2,1,61,9,-1,-1,-1,7,1,7
2018450334988,2,9,0,18,0,0,0,0,0,0,3,1,5,2,40,7,998,1,5,9,1,9
2018450334990,1,9,0,18,0,1,0,0,0,0,1,1,5,1,67,10,-1,-1,-1,6,1,6
2018450334992,1,9,0,10,0,1,0,0,0,0,2,1,5,1,36,7,1995,2,6,8,1,8
2018450334992,2,9,0,18,0,1,1,0,0,0,1,1,6,3,30,6,1400,1,13,-1,-1,-1
2018450334993,1,9,0,18,0,0,1,0,0,0,3,1,2,2,40,7,1598,2,4,10,1,10
2018450334993,2,21,1,11,0,0,0,0,0,0,4,1,1,1,29,6,12740,2,3,6,1,6
2018450334993,3,19,0,18,0,0,0,1,0,0,1,1,1,1,52,8,1968,2,-1,4,1,4
2018450334993,4,9,0,18,0,0,1,1,0,0,1,1,1,1,35,6,1598,2,3,3,1,3
2018450334993,5,9,0,18,0,0,0,0,0,0,1,1,2,1,37,7,2143,2,2,6,1,6
2018450335006,1,9,0,16,0,0,1,10,1,3,4,1,1,2,35,6,1339,1,15,3,1,3
2018450335020,1,9,0,18,0,0,0,0,0,0,1,1,6,1,-1,-1,-1,-1,-1,10,1,10
2018450335020,2,9,0,18,0,0,0,0,0,0,2,1,6,2,56,9,1197,1,2,7,1,7
2018450335030,1,1,0,18,0,0,0,0,0,0,1,1,6,1,22,5,-1,-1,-1,9,1,9
2018450335030,2,9,0,18,0,0,0,0,0,0,1,1,6,1,19,4,1242,1,17,8,1,8
2018450335045,1,3,0,18,0,0,0,0,0,0,1,1,6,1,26,6,124,1,3,7,1,7
2018450335045,2,9,0,18,0,0,0,0,0,0,1,1,6,3,33,6,-1,-1,-1,-1,-1,-1
2018450335070,1,9,0,3,0,0,0,0,0,0,2,1,6,1,68,10,1598,1,1,10,1,10
2018450335070,2,9,0,18,0,0,0,0,0,0,1,1,2,2,23,5,1422,2,13,10,1,10
2018450335159,1,90,0,4,0,1,0,0,0,0,1,1,1,1,60,9,-1,-1,-1,9,1,9
2018450335159,2,9,0,18,0,1,0,0,0,0,2,1,2,1,32,6,1968,2,5,10,1,10
2018450335280,1,9,0,18,0,5,0,0,0,0,4,1,5,2,55,8,1796,1,19,9,1,9
2018450335321,1,9,0,18,0,0,0,0,0,0,2,1,2,2,40,7,1390,1,7,8,1,8
2018450335321,2,9,0,18,0,0,0,0,0,0,1,1,5,2,55,8,1596,1,10,9,1,9
2018450335333,1,9,0,18,0,0,0,4,1,11,3,1,1,1,25,5,1582,2,4,6,1,6
2018450335333,2,9,0,2,0,0,0,4,1,0,2,1,6,3,-1,-1,-1,-1,-1,-1,-1,-1
2018450335333,3,9,0,2,0,0,0,0,0,0,2,1,6,3,-1,-1,-1,-1,-1,-1,-1,-1
2018450335387,1,9,0,10,0,1,0,0,0,0,1,1,2,1,43,7,2401,2,11,3,1,3
2018450335387,2,9,0,18,0,1,0,0,0,0,1,1,6,3,50,8,2464,1,25,7,1,7
2018450335409,1,1,0,18,9,0,0,0,0,0,0,1,6,1,45,7,-1,-1,-1,6,1,6
2018450335410,1,9,0,18,0,2,0,0,0,0,1,1,5,1,27,6,1995,2,12,7,2,7
2018450335410,2,9,0,2,0,1,0,0,1,0,1,1,5,1,44,7,1796,1,14,6,2,6
2018450335412,1,3,0,18,0,1,5,0,0,0,1,1,5,1,34,6,124,1,5,5,2,5
2018450335412,2,9,0,10,0,6,0,0,0,0,2,1,5,1,48,8,-1,-1,-1,10,1,10
2018450335415,1,9,0,18,0,2,2,0,7,0,1,1,5,1,19,4,1198,1,5,5,1,5
2018450335418,1,9,0,18,0,6,0,0,0,0,3,1,5,1,90,11,2496,1,15,9,1,9
2018450335418,2,21,0,18,0,1,1,0,0,0,1,1,1,1,32,6,6871,2,4,4,1,4
2018450335450,1,9,0,18,0,1,0,0,0,0,1,1,5,1,26,6,2993,2,4,2,1,2
2018450335450,2,9,0,3,0,4,0,0,0,0,2,1,1,2,42,7,1198,1,13,8,1,8
2018450335458,1,9,0,9,0,2,0,0,0,0,1,1,5,2,54,8,1461,2,1,1,3,1
2018450335463,1,3,0,18,0,0,1,0,0,0,4,1,6,2,19,4,124,1,-1,6,1,6
2018450335466,1,9,0,9,0,8,0,0,0,0,1,1,2,2,17,4,1397,1,10,10,1,10
2018450335466,2,3,0,18,0,1,0,0,0,0,4,1,5,1,28,6,124,1,12,10,1,10
2018450335467,1,9,0,5,0,0,0,0,0,0,1,1,5,1,43,7,1598,1,10,8,1,8
2018450335467,2,5,0,18,0,0,5,0,0,0,1,1,2,1,36,7,1000,1,16,6,-1,6
2018450335468,1,3,0,18,0,1,1,0,0,0,0,1,5,1,20,4,-1,-1,-1,9,1,9
2018450335468,2,8,0,9,0,1,0,0,0,0,0,1,1,1,37,7,1798,8,4,2,1,2
2018450335481,1,9,0,9,0,1,0,0,0,0,2,1,5,1,45,7,2993,2,9,10,1,10
2018450335481,2,9,0,18,0,1,0,0,0,0,1,1,5,1,57,9,1796,1,15,6,1,6
2018450335557,1,9,0,17,0,0,2,0,7,0,3,1,2,1,25,5,995,1,10,10,1,10
2018450335638,1,19,0,16,0,0,2,0,2,10,1,1,1,1,64,9,2494,2,15,7,1,7
2018450335648,1,9,0,1,0,2,0,0,0,0,2,1,1,1,31,6,1242,1,7,5,1,5
2018450335657,1,3,0,16,0,0,5,0,0,0,4,1,6,1,34,6,125,1,-1,9,1,9
2018450335698,1,9,0,14,0,1,0,0,0,0,1,1,5,2,66,10,1396,1,-1,6,1,6
2018450335753,1,9,0,18,0,1,0,0,0,0,1,1,6,3,36,7,-1,-1,-1,-1,-1,-1
2018450335902,1,9,0,2,9,0,0,0,0,0,4,1,6,2,45,7,1796,1,8,10,1,10
2018450335902,2,1,0,18,9,0,0,0,0,0,1,1,5,1,17,4,-1,-1,-1,4,1,4
2018450335959,1,9,0,18,0,0,0,0,0,0,1,1,6,1,40,7,1124,1,11,9,1,9
2018450335959,2,9,0,18,0,0,0,0,0,0,1,1,6,1,33,6,1895,1,19,8,1,8
2018450335982,1,3,0,9,0,6,0,0,0,0,3,1,6,1,20,4,124,1,17,9,1,9
2018450335982,2,3,0,18,0,8,0,0,0,0,1,1,6,1,19,4,125,1,3,10,1,10
2018450335982,3,9,0,3,0,2,0,0,0,0,2,1,6,2,25,5,1984,1,8,7,1,7
2018450335987,1,9,0,18,0,0,0,0,0,0,1,1,6,1,35,6,1995,2,15,6,1,6
2018450335987,2,9,0,18,0,0,0,0,0,0,1,1,6,1,58,9,1598,1,11,4,1,4
2018450335987,3,9,0,18,0,0,0,0,0,0,1,1,6,1,64,9,1998,2,7,2,1,2
2018450336010,1,9,0,16,0,0,1,0,2,0,4,1,2,1,27,6,1397,1,10,10,1,10
2018450336010,2,9,0,18,0,0,0,0,0,0,1,1,2,2,42,7,1969,1,-1,10,1,10
2018450336016,1,9,0,18,0,0,0,0,0,0,1,1,5,1,28,6,1242,1,10,-1,-1,-1
2018450336016,2,9,0,2,0,0,0,0,0,0,2,1,5,2,54,8,1956,2,2,9,2,9
2018450336017,1,9,0,18,0,0,0,0,0,0,1,1,6,1,45,7,-1,-1,-1,8,3,8
2018450336017,2,9,0,18,0,0,0,0,0,0,2,1,6,2,74,10,1591,1,4,7,1,7
2018450336017,3,9,0,18,0,0,0,0,0,0,2,1,6,2,41,7,1995,2,5,9,3,9
2018450336155,1,9,0,18,0,1,1,0,0,0,1,1,5,1,29,6,-1,3,-1,4,1,4
2018450336155,2,9,0,9,0,6,0,0,0,0,1,1,5,1,39,7,1598,1,8,3,1,3
2018450336173,1,8,0,4,0,0,0,0,0,0,2,1,1,1,50,8,1797,8,8,3,1,3
2018450336173,2,9,0,18,0,0,0,0,0,0,1,1,2,2,64,9,1395,1,1,10,1,10
2018450336177,1,9,0,18,0,0,0,0,0,0,1,1,6,3,45,7,-1,-1,-1,-1,-1,-1
2018450336210,1,9,0,18,9,0,0,0,0,0,1,1,6,2,-1,-1,1999,1,11,9,1,9
2018450336305,1,9,0,18,0,0,0,0,0,0,4,1,6,1,33,6,1598,1,11,-1,-1,-1
2018450336565,1,9,0,18,0,1,0,0,0,0,1,1,5,2,30,6,1587,1,8,6,1,6
2018450336565,2,19,0,18,0,8,0,0,0,0,2,1,1,1,26,6,1995,2,1,3,1,3
2018450336567,1,1,0,18,0,3,2,0,0,0,1,1,2,1,55,8,-1,-1,-1,10,1,10
2018450336567,2,9,0,16,0,4,0,0,0,0,1,1,2,1,40,7,1968,2,14,8,1,8
2018450336578,1,9,0,18,0,0,0,0,0,0,1,1,1,1,39,7,1242,1,-1,7,1,7
2018450336578,2,9,0,10,0,0,0,0,0,0,2,1,5,1,29,6,2979,1,13,9,1,9
2018450336579,1,9,0,17,0,0,1,0,1,4,1,1,5,2,27,6,998,1,11,6,3,6
2018450336580,1,9,0,6,0,0,0,0,0,0,3,1,5,2,32,6,1598,1,8,9,1,9
2018450336580,2,3,0,18,0,0,0,0,0,0,1,1,2,1,23,5,124,1,8,5,1,5
2018450336581,1,9,0,16,9,0,0,0,7,11,4,1,5,1,23,5,796,1,11,9,1,9
2018450336583,1,9,0,18,0,8,0,0,0,0,3,1,6,3,29,6,-1,-1,-1,8,1,8
2018450336583,2,9,0,17,0,8,0,0,0,0,3,1,1,1,29,6,1968,2,9,9,1,9
2018450336593,1,9,0,12,0,0,1,10,1,0,4,1,5,1,28,6,1390,1,7,10,-1,10
2018450336848,1,9,0,18,0,1,0,0,0,0,1,1,1,1,22,5,1398,1,2,5,1,5
2018450336848,2,1,0,18,0,8,0,0,0,0,1,1,5,1,66,10,-1,-1,-1,9,1,9
2018450336904,1,3,0,18,0,0,1,0,7,0,1,1,6,1,43,7,125,1,2,7,1,7
2018450336904,2,9,0,2,0,0,0,0,0,0,1,1,6,3,-1,-1,-1,-1,-1,-1,-1,-1
2018450336910,1,9,0,18,0,0,0,0,1,0,1,1,5,1,22,5,1781,1,18,10,1,10
2018450336910,2,9,0,18,0,0,0,0,7,0,1,2,5,1,29,6,-1,-1,-1,-1,-1,-1
2018450336937,1,9,0,18,0,0,0,0,0,0,3,1,6,2,22,5,1995,2,12,6,1,6
2018450336937,2,9,0,11,0,0,0,0,0,0,4,1,6,1,34,6,1796,1,6,7,1,7
2018450337107,1,9,0,18,0,0,0,0,7,6,1,1,5,1,41,7,1968,2,3,8,1,8
2018450337107,2,9,0,18,0,0,0,0,0,0,1,1,2,2,50,8,2987,2,6,7,3,7
2018450337196,1,9,0,18,0,1,0,0,0,0,1,1,2,1,39,7,1560,2,9,10,1,10
2018450337196,2,9,0,9,0,6,0,0,0,0,1,1,2,2,25,5,1390,1,15,6,1,6
2018450337214,1,20,0,18,0,8,0,0,0,0,3,1,1,1,65,9,2198,2,5,10,3,10
2018450337216,1,9,0,12,0,3,0,0,0,0,3,1,6,1,31,6,2967,2,2,10,1,10
2018450337216,2,9,0,16,0,3,0,0,0,0,4,1,5,1,49,8,4701,7,12,4,1,4
2018450337233,1,9,0,18,0,0,5,0,2,6,3,1,5,2,20,4,1242,1,6,9,1,9
2018450337233,2,9,0,18,0,0,0,0,0,0,1,1,5,2,24,5,1200,1,2,3,1,3
2018450337234,1,9,0,9,0,6,1,0,0,0,3,1,5,1,18,4,1229,1,11,5,1,5
2018450337234,2,9,0,18,0,1,0,0,0,0,1,1,2,2,44,7,1598,2,2,6,2,6
2018450337254,1,9,0,18,0,0,0,0,0,0,1,1,2,1,25,5,1598,2,9,6,1,6
2018450337254,2,9,0,3,0,0,0,0,0,0,2,1,1,1,39,7,1968,2,4,2,1,2
2018450337254,3,9,0,18,0,0,0,0,0,0,4,1,5,2,58,9,1999,2,-1,7,3,7
2018450337291,1,21,0,11,0,0,0,0,0,0,4,2,1,1,29,6,-1,-1,-1,-1,-1,-1
2018450337291,2,9,0,18,0,0,0,0,1,7,4,1,5,2,54,8,1598,1,17,8,2,8
2018450337298,1,9,0,9,0,1,0,0,0,0,1,1,1,2,38,7,998,1,6,9,1,9
2018450337298,2,9,0,18,0,8,0,0,0,0,1,1,5,1,62,9,1298,1,-1,8,3,8
2018450337320,1,9,0,18,0,0,0,0,2,0,1,1,2,1,26,6,1124,1,17,6,1,6
2018450337326,1,9,0,18,0,1,0,0,0,0,1,1,5,1,18,4,998,1,1,10,3,10
2018450337326,2,21,0,9,0,5,0,0,0,0,2,1,1,1,40,7,4462,2,5,10,1,10
2018450337329,1,8,0,9,0,1,0,0,0,0,1,1,1,1,42,7,1796,1,12,2,1,2
2018450337332,1,1,0,10,0,0,0,0,0,0,3,1,5,1,22,5,-1,-1,-1,6,1,6
2018450337375,1,3,0,17,0,4,1,0,0,0,3,1,5,1,21,5,124,1,-1,6,1,6
2018450337379,1,9,0,18,0,4,0,0,0,0,1,1,6,1,40,7,1796,1,10,9,2,9
2018450337379,2,1,0,18,0,3,0,0,0,0,4,1,5,1,62,9,-1,-1,-1,9,1,9
2018450337392,1,9,0,18,0,2,0,0,0,0,3,1,6,1,39,7,2698,2,10,5,1,5
2018450337392,2,9,0,18,0,8,0,0,0,0,1,1,5,2,18,4,1242,1,9,6,1,6
2018450337393,1,9,0,4,0,0,0,0,0,0,3,1,1,1,40,7,1997,2,1,10,1,10
2018450337393,2,9,0,18,0,0,0,0,0,0,1,1,6,1,62,9,998,1,3,9,2,9
2018450337394,1,9,0,18,0,0,0,0,0,0,0,1,6,3,33,6,-1,-1,-1,-1,-1,-1
2018450337394,2,9,0,18,0,0,0,0,1,0,2,1,2,2,28,6,1598,1,8,5,1,5
2018450337394,3,21,1,18,0,0,0,0,0,0,4,1,1,1,55,8,10837,2,1,1,1,1
2018450337394,4,9,0,18,0,0,0,0,0,0,2,1,5,2,38,7,1242,1,10,6,1,6
2018450337395,1,9,0,18,0,0,0,2,0,0,1,1,5,2,54,8,1360,1,16,8,1,8
2018450337395,2,9,0,18,0,0,0,0,0,0,1,1,5,2,63,9,1396,1,7,7,1,7
2018450337402,1,9,0,3,0,4,0,0,0,0,2,1,5,2,40,7,1984,1,13,9,1,9
2018450337402,2,9,0,3,0,4,0,0,0,0,2,1,5,2,46,8,1390,1,6,7,1,7
2018450337402,3,9,0,18,0,1,0,0,0,0,1,1,6,1,57,9,2993,2,12,7,1,7
2018450337404,1,19,0,18,0,2,0,0,0,0,3,1,1,1,42,7,2198,2,6,6,1,6
2018450337404,2,3,0,18,0,2,5,0,0,0,4,1,5,1,77,11,124,1,6,9,1,9
2018450337406,1,5,0,4,0,1,0,0,0,0,1,1,6,1,52,8,1299,1,16,5,1,5
2018450337406,2,9,0,4,0,1,0,0,0,0,4,1,2,1,52,8,1968,2,4,4,1,4
2018450337406,3,9,0,3,0,1,0,0,0,0,3,1,5,2,47,8,1498,1,2,7,1,7
2018450337406,4,9,0,4,0,1,0,0,0,0,4,1,5,1,47,8,1984,1,12,10,2,10
2018450337406,5,9,0,3,0,1,0,0,0,0,3,1,5,1,53,8,1999,2,3,8,1,8
2018450337407,1,9,0,18,0,0,0,0,0,0,3,1,5,1,19,4,1242,1,5,10,1,10
2018450337407,2,9,0,18,0,0,0,0,1,5,3,1,5,2,76,11,1198,1,9,9,1,9
2018450337408,1,5,0,17,9,0,0,10,1,2,1,1,5,1,16,4,847,1,4,9,1,9
2018450337408,2,9,0,18,0,0,0,0,0,0,1,1,6,3,45,7,1596,1,4,-1,-1,-1
2018450337411,1,5,0,18,0,0,0,10,1,0,3,1,1,1,52,8,647,1,11,9,1,9
2018450337502,1,9,0,18,0,0,0,0,0,0,1,1,6,2,19,4,1598,1,15,9,1,9
2018450337502,2,9,0,18,0,0,0,0,0,0,2,1,6,1,31,6,1242,1,7,5,1,5
2018450337502,3,9,0,18,0,0,0,0,0,0,2,1,6,1,83,11,2997,1,22,9,1,9
2018450800538,1,1,0,18,0,1,0,0,0,0,1,1,5,1,48,8,-1,-1,-1,10,1,10
2018450800538,2,9,0,18,0,1,0,0,0,0,1,1,6,1,24,5,-1,-1,-1,6,1,6
2018450800540,1,5,0,4,0,1,5,0,1,2,1,1,5,1,66,10,955,1,18,9,3,9
2018450800541,1,21,0,9,0,8,0,0,0,0,1,1,1,1,59,9,15256,2,3,7,1,7
2018450800541,2,1,0,18,0,8,0,0,0,0,1,1,1,2,47,8,-1,-1,-1,6,1,6
2018450800571,1,9,0,17,0,8,0,0,7,0,1,1,5,1,35,6,1400,1,10,4,1,4
2018450800580,1,9,0,17,0,2,0,0,0,0,1,1,5,1,74,10,1318,1,3,9,1,9
2018450800580,2,9,0,16,0,1,0,0,0,0,1,1,5,1,85,11,1388,1,8,7,1,7
2018450800581,1,9,0,9,0,0,0,0,0,0,3,1,1,1,28,6,1956,2,3,8,1,8
2018450800581,2,9,0,18,0,0,0,0,0,0,1,1,5,1,69,10,1246,1,13,10,1,10
2018450800583,1,9,0,9,0,8,0,0,0,0,3,1,5,1,69,10,1796,1,10,7,1,7
2018450800583,2,5,0,5,0,7,1,2,0,0,1,1,2,1,26,6,599,1,15,9,1,9
2018450800584,1,9,0,18,0,4,0,0,0,0,3,1,5,2,78,11,1242,1,2,10,1,10
2018450800584,2,4,0,9,0,8,5,0,0,0,4,1,5,1,49,8,248,1,-1,10,1,10
2018450800595,1,9,0,4,0,0,0,0,0,0,1,1,5,1,43,7,1685,2,3,10,1,10
2018450800595,2,9,0,3,0,0,0,0,0,0,2,1,1,1,43,7,1995,2,1,10,3,10
2018450800595,3,9,0,18,0,0,0,0,0,0,2,1,5,2,25,5,1956,2,8,6,1,6
2018450800618,1,9,0,18,0,0,0,0,0,0,1,1,5,1,29,6,1969,1,2,3,1,3
2018450800618,2,9,0,2,0,0,0,0,0,0,2,1,5,1,49,8,1560,2,10,8,1,8
2018450800618,3,19,0,18,0,0,0,0,0,0,2,1,5,1,30,6,1968,2,-1,10,1,10
2018450800626,1,9,0,18,0,0,0,0,0,0,1,1,6,2,20,4,1242,1,5,-1,-1,-1
2018450800629,1,9,0,18,0,0,1,0,7,6,1,1,2,1,46,8,1598,1,14,2,1,2
2018450800629,2,9,0,18,0,0,0,0,4,6,1,1,5,2,59,9,2400,2,8,9,1,9
2018450800629,3,9,0,18,0,0,0,0,0,0,1,1,5,2,51,8,-1,-1,-1,9,1,9
2018450800629,4,9,0,18,0,0,0,0,0,0,1,1,5,2,51,8,2143,2,-1,5,1,5
2018450800630,1,9,0,9,9,0,0,0,0,0,2,1,5,1,67,10,1896,2,18,6,1,6
2018450800630,2,5,0,16,0,0,0,0,0,0,1,1,5,1,23,5,645,1,13,6,1,6
2018450800631,1,9,0,18,0,0,0,0,0,0,3,1,5,2,61,9,1461,2,1,10,1,10
2018450800631,2,11,0,3,0,0,0,0,0,0,0,1,1,1,21,5,4500,2,1,10,1,10
2018450800634,1,9,0,12,0,8,0,0,0,0,3,1,5,2,40,7,1995,1,8,7,1,7
2018450800634,2,5,0,18,0,8,0,0,0,0,4,1,5,1,41,7,955,1,15,8,3,8
2018450800636,1,3,0,18,0,0,0,0,0,0,1,1,1,1,24,5,125,1,2,9,1,9
2018450800636,2,9,0,9,0,0,0,0,0,0,1,1,2,1,36,7,1499,2,1,3,1,3
2018450800637,1,9,0,18,0,1,0,0,0,0,1,1,5,2,84,11,1242,1,14,10,1,10
2018450800637,2,9,0,9,0,1,0,0,0,0,1,1,5,2,24,5,1240,1,13,10,1,10
2018450800650,1,9,0,16,0,0,1,0,1,3,1,1,5,2,33,6,1999,1,11,6,1,6
2018450800653,1,19,0,18,0,1,0,0,0,0,1,1,6,1,31,6,1870,2,15,5,1,5
2018450800653,2,9,0,3,0,1,0,0,0,0,2,1,6,2,25,5,1120,2,6,5,1,5
2018450800660,1,9,0,9,0,1,0,0,0,0,1,1,6,2,40,7,998,1,9,9,1,9
2018450800660,2,4,0,18,0,1,0,0,0,0,1,1,6,1,25,5,249,1,6,10,1,10
2018450800671,1,21,1,18,0,0,0,0,0,0,4,1,1,1,30,6,12777,2,4,9,1,9
2018450800671,2,9,0,18,0,0,5,0,1,7,3,1,5,2,62,9,1242,1,14,9,3,9
2018450800672,1,9,0,18,0,8,0,0,0,0,3,1,5,2,22,5,1390,1,8,4,1,4
2018450800672,2,1,0,18,0,8,0,0,0,0,3,1,5,1,25,5,-1,-1,-1,8,1,8
2018450800673,1,9,0,18,0,0,0,0,0,0,1,2,6,1,19,4,1242,1,11,4,1,4
2018450800673,2,98,0,2,0,0,0,0,0,0,1,2,6,3,-1,-1,-1,-1,-1,-1,-1,-1
2018450800674,1,1,0,18,0,1,1,0,0,0,1,1,5,1,51,8,-1,-1,-1,8,1,8
2018450800675,1,9,0,18,0,0,0,0,0,0,1,1,5,2,28,6,1108,1,9,9,1,9
2018450800675,2,9,0,18,0,0,0,0,0,0,2,1,2,2,26,6,1198,1,15,10,1,10
2018450800675,3,9,0,18,0,0,0,0,0,0,2,1,5,1,32,6,1997,1,5,10,1,10
2018450800676,1,9,0,18,0,0,0,0,0,0,1,1,5,1,47,8,2351,1,14,4,1,4
2018450800677,1,1,0,18,0,0,0,0,1,0,2,1,5,1,14,3,-1,-1,-1,7,1,7
2018450800677,2,9,0,18,0,0,0,0,7,10,1,1,5,1,25,5,1781,1,17,7,1,7
2018450800677,3,1,0,18,0,0,0,0,0,0,0,1,6,1,13,3,-1,-1,-1,7,1,7
2018450800678,1,21,0,4,0,0,1,0,0,0,1,1,1,1,46,8,7698,2,1,10,1,10
2018450800678,2,21,0,18,0,0,0,0,0,0,2,1,1,1,31,6,6700,2,-1,6,1,6
2018450800679,1,9,0,12,0,0,0,0,1,1,1,1,1,1,38,7,1968,2,2,8,1,8
2018450800681,1,9,0,9,0,8,0,0,0,0,1,1,5,1,59,9,1248,2,7,8,1,8
2018450800681,2,5,0,17,0,1,5,0,0,0,1,1,2,1,46,8,598,1,22,6,2,6
2018450800697,1,9,0,18,0,0,0,0,0,0,1,1,6,2,49,8,1998,1,16,10,2,10
2018450800697,2,9,0,18,0,0,0,0,0,0,1,1,6,1,32,6,1598,1,11,9,1,9
2018450800702,1,9,0,16,0,0,1,0,1,3,1,1,5,2,29,6,999,1,-1,9,3,9
2018450800706,1,9,0,5,0,4,0,0,0,0,4,1,5,2,38,7,2967,2,11,7,3,7
2018450800706,2,9,0,5,0,4,0,0,0,0,1,1,5,2,28,6,1395,1,1,9,1,9
2018450800708,1,9,0,18,0,0,0,0,0,0,1,1,5,2,71,10,1398,1,-1,8,1,8
2018450800708,2,9,0,4,0,0,1,0,0,0,2,1,5,1,41,7,1618,1,3,9,1,9