Accident_Index,Vehicle_Reference,Vehicle_Type,Towing_and_Articulation,Vehicle_Manoeuvre,Vehicle_Location-Restricted_Lane,Junction_Location,Skidding_and_Overturning,Hit_Object_in_Carriageway,Vehicle_Leaving_Carriageway,Hit_Object_off_Carriageway,1st_Point_of_Impact,Was_Vehicle_Left_Hand_Drive?,Journey_Purpose_of_Driver,Sex_of_Driver,Age_of_Driver,Age_Band_of_Driver,Engine_Capacity_(CC),Propulsion_Code,Age_of_Vehicle,Driver_IMD_Decile,Driver_Home_Area_Type,Vehicle_IMD_Decile
2018450801269,2,9,0,18,0,1,0,0,0,0,1,1,6,1,67,10,1242,1,16,7,3,7
2018450801270,1,1,0,18,0,0,0,0,0,0,0,1,5,2,71,10,-1,-1,-1,10,1,10
2018450801271,1,9,0,9,0,2,0,0,7,0,3,1,5,2,81,11,3189,1,11,10,3,10
2018450801271,2,9,0,18,0,2,0,0,7,0,1,1,6,2,36,7,2494,8,3,8,3,8
2018450801272,1,1,0,18,0,1,0,0,0,0,2,1,5,1,17,4,-1,-1,-1,9,1,9
2018450801272,2,9,0,18,0,1,0,0,0,0,1,1,5,1,28,6,1968,2,8,10,1,10
2018450801274,1,19,0,18,0,8,0,0,0,0,1,1,2,1,21,5,1560,2,1,5,1,5
2018450801274,2,3,0,18,0,8,2,0,7,10,4,1,5,1,18,4,124,1,-1,5,1,5
2018450801275,1,9,0,3,0,0,0,0,0,0,2,1,5,2,64,9,1197,1,2,9,1,9
2018450801275,2,9,0,18,0,0,0,0,0,0,1,1,2,1,55,8,875,1,5,8,3,8
2018450801275,3,9,0,18,0,0,0,0,0,0,2,1,2,1,46,8,2790,1,10,6,1,6
2018450801275,4,9,0,18,0,0,0,0,0,0,1,1,2,2,30,6,998,1,-1,2,1,2
2018450801276,1,9,0,18,0,0,0,7,0,0,3,1,5,1,19,4,1596,1,18,10,1,10
2018450801281,1,9,0,9,0,0,0,0,0,0,1,1,5,1,82,11,1386,1,10,9,1,9
2018450801281,2,19,0,18,0,0,1,0,6,2,4,1,1,1,47,8,2402,2,7,3,1,3
2018450801285,1,3,0,18,0,0,0,0,0,0,0,1,6,1,28,6,125,1,1,10,1,10
2018450801285,2,9,0,18,0,0,0,0,0,0,0,1,6,1,22,5,-1,-1,-1,9,1,9
2018450801288,1,9,0,8,0,1,0,0,0,0,1,1,6,2,72,10,1596,1,4,9,1,9
2018450801308,1,3,0,18,0,0,0,0,0,0,1,1,6,1,22,5,125,1,-1,7,1,7
2018450801308,2,9,0,18,0,0,0,0,0,0,3,1,6,1,33,6,999,1,1,8,1,8
2018450801323,1,9,0,16,0,0,1,0,5,6,1,1,5,2,30,6,1149,1,11,9,2,9
2018450801324,1,9,0,4,0,0,0,0,0,0,2,1,1,1,35,6,1997,2,3,10,1,10
2018450801324,2,9,0,11,0,0,0,0,0,0,1,1,5,1,37,7,1991,2,9,3,1,3
2018450801326,1,9,0,18,0,1,0,11,0,0,1,1,5,2,17,4,1596,1,12,10,2,10
2018450801326,2,19,0,18,0,8,0,0,1,0,4,1,1,1,35,6,2143,2,2,7,2,7
2018450801328,1,9,0,5,0,4,0,0,0,0,3,2,2,1,31,6,-1,-1,-1,5,1,5
2018450801328,2,3,0,18,0,4,0,0,0,0,1,1,1,1,52,8,125,1,-1,5,1,5
2018450801329,1,9,0,9,0,8,0,0,0,0,1,1,2,1,25,5,1388,1,9,10,1,10
2018450801330,1,20,0,18,0,0,0,0,0,0,1,1,6,1,53,8,4250,2,12,6,2,6
2018450801330,2,9,0,18,0,0,0,0,0,0,2,1,5,1,36,7,1596,1,9,7,2,7
2018450801330,3,9,0,18,0,0,0,0,0,0,2,1,6,1,38,7,1591,1,-1,-1,-1,-1
2018450801344,1,1,0,18,0,0,5,0,0,0,0,1,6,1,23,5,-1,-1,-1,9,1,9
2018450801344,2,19,0,13,0,0,0,0,0,0,0,1,6,1,44,7,1998,2,13,3,1,3
2018450801362,1,19,0,11,0,0,0,0,0,0,4,1,1,1,35,6,1598,2,1,5,1,5
2018450801362,2,5,0,18,0,0,0,0,0,0,3,1,2,1,30,6,1301,1,1,8,3,8
2018450801367,1,9,0,18,0,6,0,0,0,0,1,1,6,2,44,7,2993,2,8,10,1,10
2018450801367,2,9,0,10,0,6,0,0,0,0,1,1,6,1,21,5,998,1,1,6,1,6
2018450801367,3,9,0,18,0,1,0,0,0,0,1,1,6,1,55,8,1997,2,3,8,1,8
2018450801375,1,9,0,18,0,8,1,0,0,0,3,1,3,2,34,6,1587,1,15,7,1,7
2018450801375,2,9,0,18,0,8,0,0,0,0,3,1,1,1,50,8,2143,2,5,10,2,10
2018450801375,3,9,0,7,0,5,0,0,0,0,0,1,5,2,54,8,1497,8,8,10,1,10
2018450801376,1,9,0,18,0,0,0,0,0,0,1,1,6,2,37,7,1798,8,2,5,1,5
2018450801376,2,9,0,18,0,0,0,0,0,0,1,1,6,2,33,6,-1,-1,-1,3,1,3
2018450801379,1,1,0,18,0,0,5,0,0,0,3,1,6,1,49,8,-1,-1,-1,5,1,5
2018450801379,2,9,0,13,0,0,0,0,0,0,4,1,6,1,58,9,-1,-1,-1,7,1,7
2018450801386,1,9,0,17,0,0,0,0,7,4,3,1,2,2,28,6,2143,2,2,10,2,10
2018450801391,1,9,0,18,0,0,0,0,0,0,0,1,6,1,59,9,1997,1,10,5,1,5
2018450801391,2,9,0,18,0,0,0,0,0,0,2,1,6,3,33,6,1388,1,11,-1,-1,-1
2018450801393,1,9,0,18,0,0,0,0,0,0,0,1,6,1,74,10,1461,2,9,3,1,3
2018450801393,2,9,0,18,0,0,0,0,0,0,2,1,6,2,54,8,1298,1,21,10,1,10
2018450801393,3,19,0,18,0,0,0,0,0,0,1,1,6,1,32,6,1995,2,-1,1,1,1
2018450801396,1,19,0,4,0,0,1,0,0,0,1,1,1,1,42,7,2143,2,3,6,1,6
2018450801396,2,9,0,12,0,0,0,0,0,0,2,1,2,1,53,8,-1,-1,-1,7,1,7
2018450801397,1,9,0,18,0,2,0,0,0,0,1,1,5,2,60,9,1388,1,13,9,3,9
2018450801398,1,9,0,9,0,6,0,0,0,0,1,1,2,2,48,8,1299,1,14,9,1,9
2018450801398,2,9,0,18,0,8,0,0,0,0,1,1,3,2,49,8,1900,2,12,10,1,10
2018450801399,1,9,0,9,0,1,0,0,0,0,3,1,5,1,38,7,2143,2,1,9,1,9
2018450801399,2,9,0,7,0,1,0,0,1,0,3,1,5,1,17,4,1199,1,13,10,1,10
2018450801400,1,90,0,18,0,0,0,11,0,0,3,1,1,1,57,9,-1,-1,-1,6,1,6
2018450801403,1,9,0,16,0,0,1,0,0,0,1,1,6,1,29,6,1997,1,4,7,1,7
2018450801403,2,9,0,18,0,0,0,0,0,0,1,1,5,2,33,6,1584,1,13,9,3,9
2018450801407,1,1,0,18,0,1,1,0,0,0,0,1,6,1,41,7,-1,-1,-1,9,1,9
2018450801407,2,9,0,10,0,1,0,0,0,0,0,1,6,1,72,10,1560,2,7,7,2,7
2018450801434,1,9,0,9,0,1,0,0,0,0,1,1,3,2,47,8,1398,1,6,7,1,7
2018450801434,2,3,0,4,0,1,2,0,7,7,4,1,4,1,17,4,125,1,23,10,1,10
2018450801434,3,9,0,4,0,1,0,0,0,0,3,1,6,3,30,6,-1,-1,-1,-1,-1,-1
2018450801435,1,9,0,18,0,0,0,0,1,1,1,1,5,1,84,11,1998,1,17,10,2,10
2018450801437,1,3,0,18,0,0,0,0,0,0,4,1,2,1,40,7,125,1,1,7,1,7
2018450801438,1,9,0,9,0,1,0,0,0,0,1,2,1,1,60,9,-1,-1,-1,10,1,10
2018450801438,2,9,0,16,0,1,0,0,0,0,1,1,5,2,77,11,1388,1,8,7,3,7
2018450801439,1,11,0,4,0,1,0,0,0,0,1,1,1,1,24,5,4250,2,8,9,1,9
2018450801440,1,9,0,18,0,1,0,0,0,0,1,1,2,2,43,7,1390,1,12,10,1,10
2018450801440,2,9,0,18,0,1,0,0,0,0,2,1,2,1,45,7,2199,2,-1,-1,-1,-1
2018450801440,3,9,0,18,0,1,0,0,0,0,2,1,1,1,41,7,2979,1,14,4,1,4
2018450801441,1,9,0,18,0,0,2,0,0,0,4,1,5,1,17,4,1991,1,-1,8,3,8
2018450801470,1,11,0,18,0,3,0,0,0,0,1,1,1,1,53,8,-1,2,10,8,1,8
2018450801470,2,19,0,4,0,8,0,0,0,0,2,1,2,1,30,6,2143,2,3,9,1,9
2018450801471,1,9,0,18,0,0,0,0,0,0,1,1,2,1,19,4,1398,1,2,8,1,8
2018450801473,1,9,0,18,0,0,0,0,0,0,2,1,5,1,69,10,2143,2,2,10,1,10
2018450801473,2,9,0,18,0,0,1,0,0,0,1,1,1,1,24,5,1598,2,2,5,1,5
2018450801473,3,9,0,18,0,0,0,0,0,0,1,1,2,2,26,6,998,1,3,8,1,8
2018450801477,1,9,0,2,0,0,0,0,0,0,3,1,5,2,47,8,1618,1,3,6,1,6
2018450801477,2,19,0,18,0,0,0,0,0,0,4,1,6,3,33,6,-1,-1,-1,-1,-1,-1
2018450801480,1,9,0,18,0,0,0,0,0,0,3,1,6,1,35,6,1968,2,-1,7,1,7
2018450801480,2,9,0,18,0,0,0,0,0,0,1,1,6,2,33,6,1390,1,15,4,1,4
2018450801483,1,9,0,1,0,0,0,0,0,0,2,1,6,2,66,10,1390,1,4,10,1,10
2018450801484,1,9,0,15,0,0,0,0,0,0,4,1,6,1,50,8,2143,2,6,7,3,7
2018450801484,2,1,0,18,0,0,0,0,0,0,3,1,5,1,34,6,-1,-1,-1,9,3,9
2018450801499,1,9,0,18,0,0,0,0,0,0,4,1,5,2,86,11,1329,1,3,10,1,10
2018450801501,1,9,0,18,0,0,0,0,0,0,1,1,6,1,92,11,998,1,5,5,1,5
2018450801501,2,9,0,2,0,0,0,0,1,0,2,1,6,2,35,6,1200,1,2,9,1,9
2018450801502,1,19,0,18,0,0,0,0,0,0,1,1,2,1,20,4,1360,1,10,10,1,10
2018450801503,1,19,0,3,0,0,0,0,0,0,2,1,2,1,36,7,1968,2,8,3,1,3
2018450801503,2,9,0,3,0,0,0,0,0,0,2,1,5,1,31,6,1598,2,1,4,3,4
2018450801503,3,9,0,4,0,0,0,0,0,0,2,1,5,1,42,7,1560,2,10,3,1,3
2018450801503,4,9,0,18,0,0,0,0,0,0,1,1,6,2,29,6,999,1,4,5,1,5
2018450801505,1,9,0,18,0,6,0,0,0,0,1,1,5,2,17,4,1995,2,5,8,1,8
2018450801505,2,9,0,18,0,1,0,0,0,0,3,1,2,2,51,8,1999,2,1,5,3,5
2018450801527,1,1,0,18,0,0,0,0,0,0,4,1,6,1,25,5,-1,-1,-1,10,1,10
2018450801527,2,9,0,18,0,0,0,0,0,0,1,1,6,1,69,10,1896,2,9,5,1,5
2018450801538,1,9,0,18,0,0,0,0,0,0,4,1,5,3,33,6,-1,-1,-1,-1,-1,-1
2018450801550,1,9,0,18,0,0,0,0,0,0,3,1,6,2,24,5,1390,1,8,10,1,10
2018450801550,2,9,0,4,0,0,0,0,0,0,1,1,6,1,31,6,1396,1,17,2,1,2
2018450801553,1,9,0,9,0,6,0,0,0,0,3,1,5,1,73,10,2179,2,10,4,2,4
2018450801553,2,5,0,18,0,1,5,0,0,0,1,1,2,1,48,8,1170,1,-1,10,1,10
2018450801554,1,5,0,4,0,0,5,0,0,0,2,1,2,1,36,7,1261,1,16,2,1,2
2018450801554,2,9,0,4,0,0,0,0,0,0,2,1,2,1,22,5,-1,-1,-1,8,1,8
2018450801554,3,9,0,18,0,0,0,0,0,0,1,1,2,1,32,6,-1,-1,-1,8,1,8
2018450801555,1,9,0,5,0,0,0,0,0,0,1,1,2,2,63,9,1198,1,3,7,2,7
2018450801555,2,5,0,18,0,0,0,0,0,0,1,1,5,1,66,10,1043,1,-1,9,2,9
2018450801557,1,9,0,17,0,0,0,0,0,0,1,1,2,1,40,7,1598,2,1,8,1,8
2018450801557,2,9,0,17,0,0,0,0,0,0,2,1,5,2,22,5,1398,1,4,5,1,5
2018450801557,3,9,0,17,0,0,0,0,0,0,2,1,5,1,24,5,1910,2,11,2,1,2
2018450801559,1,9,0,18,0,8,0,0,0,0,1,1,5,1,63,9,1995,1,10,9,1,9
2018450801559,2,1,0,18,0,8,0,0,0,0,2,1,5,1,85,11,-1,-1,-1,8,1,8
2018450801560,1,4,0,18,0,0,2,4,0,0,3,1,5,1,20,4,471,1,2,1,1,1
2018450801560,2,9,0,2,0,0,0,0,0,0,1,1,6,3,30,6,2969,2,11,-1,-1,-1
2018450801561,1,9,0,7,0,1,0,0,0,0,3,1,5,2,33,6,1995,2,3,7,1,7
2018450801561,2,9,0,18,0,1,0,0,0,0,1,1,5,1,29,6,-1,-1,-1,9,1,9
2018450801561,3,9,0,18,0,1,0,0,0,0,3,1,6,3,44,7,1600,2,8,10,1,10
2018450801562,1,9,0,7,0,8,0,0,0,0,4,1,5,1,66,10,1339,1,10,6,1,6
2018450801562,2,1,0,18,5,8,0,0,0,0,4,1,5,1,43,7,-1,-1,-1,6,1,6
2018450801563,1,19,0,18,0,0,0,0,0,0,1,1,6,1,30,6,1870,2,14,3,1,3
2018450801563,2,9,0,16,0,0,0,0,0,0,2,1,6,2,40,7,1685,2,-1,4,1,4
2018450801565,1,97,0,11,0,1,0,0,0,0,3,1,5,1,64,9,-1,-1,-1,4,1,4
2018450801566,1,9,0,17,0,8,0,11,0,0,1,1,5,2,62,9,998,1,6,8,3,8
2018450801567,1,9,0,16,0,0,0,0,0,0,1,1,2,2,21,5,1198,1,12,7,1,7
2018450801569,1,9,0,18,0,0,0,0,0,0,1,1,1,1,39,7,-1,-1,-1,6,1,6
2018450801570,1,9,0,18,0,0,0,0,1,0,3,1,2,1,53,8,3628,2,11,7,1,7
2018450801570,2,9,0,18,0,0,1,0,0,0,4,1,5,1,51,8,2179,2,4,9,1,9
2018450801572,1,9,0,18,0,1,0,0,0,0,1,1,5,1,60,9,2000,2,12,9,1,9
2018450801572,2,9,0,9,0,1,0,0,0,0,1,1,5,1,59,9,1999,1,16,9,3,9
2018450801573,1,9,0,18,0,0,0,7,0,0,1,1,6,1,20,4,1995,2,8,8,3,8
2018450801574,1,9,0,4,0,2,0,0,0,0,0,1,5,2,34,6,1968,2,10,5,1,5
2018450801576,1,19,0,18,0,0,0,0,0,0,4,1,2,1,30,6,1598,2,-1,6,1,6
2018450801576,2,19,0,18,0,0,0,0,0,0,3,1,1,1,36,7,2148,2,10,6,2,6
2018450801576,3,19,0,18,0,0,0,0,0,0,3,1,2,1,57,9,1997,2,1,9,1,9
2018450801579,1,9,0,18,0,0,0,0,0,0,0,1,6,3,55,8,2179,2,7,8,1,8
2018450801579,2,9,0,18,0,0,0,0,0,0,3,1,6,1,21,5,1229,1,7,8,1,8
2018450801579,3,9,0,18,0,0,0,0,0,0,4,1,6,1,45,7,1598,2,1,5,1,5
2018450801587,1,19,0,18,0,0,0,0,0,0,1,1,6,1,31,6,1499,2,3,3,1,3
2018450801587,2,9,0,18,0,0,0,0,0,0,1,1,6,2,33,6,1388,1,12,3,1,3
2018450801591,1,19,0,3,0,1,0,0,0,0,3,1,6,1,29,6,1598,2,-1,6,2,6
2018450801591,2,9,0,1,0,1,0,0,0,0,2,1,6,1,57,9,1995,2,7,9,1,9
2018450801609,1,9,0,18,0,0,0,0,0,0,1,1,6,2,39,7,1398,1,1,-1,-1,-1
2018450801609,2,9,0,18,0,0,0,0,0,0,1,1,6,2,33,6,1240,1,14,3,1,3
2018450801611,1,9,0,18,0,0,0,0,0,0,1,1,6,2,39,7,1398,1,1,4,1,4
2018450801611,2,9,0,18,0,0,0,0,0,0,1,1,6,2,48,8,1240,1,14,3,1,3
2018450801625,1,9,0,18,0,8,0,0,0,0,1,1,6,3,30,6,1386,1,12,-1,-1,-1
2018450801625,2,9,0,18,0,8,0,0,0,0,2,1,6,2,28,6,1910,2,9,3,1,3
2018450801633,1,9,0,18,0,0,0,11,7,9,1,1,2,1,21,5,998,1,2,5,1,5
2018450801648,1,9,0,9,0,2,0,0,0,0,3,1,5,1,38,7,1995,2,10,10,1,10
2018450801648,2,1,0,18,0,8,2,0,0,0,4,1,5,1,29,6,-1,-1,-1,-1,-1,-1
2018450801652,1,1,0,18,0,0,0,0,0,0,4,1,6,1,28,6,-1,-1,-1,8,1,8
2018450801652,2,9,0,5,0,0,0,0,0,0,1,1,6,1,59,9,1596,1,13,8,1,8
2018450801653,1,9,0,18,0,1,0,0,7,2,1,1,5,1,74,10,1999,1,13,9,1,9
2018450801663,1,9,0,18,0,8,0,0,0,0,1,1,5,1,63,9,1995,1,10,9,1,9
2018450801663,2,1,0,18,0,8,0,0,0,0,3,1,5,1,85,11,-1,-1,-1,8,1,8
2018450801665,1,9,0,16,0,1,0,0,0,0,1,1,2,1,41,7,1896,2,13,4,1,4
2018450801665,2,9,0,10,0,8,0,0,0,0,2,1,5,2,17,4,998,1,3,8,1,8
2018450801666,1,9,0,18,0,3,1,0,3,10,1,1,2,1,41,7,1364,2,10,6,3,6
2018450801667,1,9,0,18,0,8,0,0,0,0,1,1,5,2,20,4,1200,1,6,9,3,9
2018450801667,2,1,0,18,0,8,0,0,0,0,0,1,6,1,30,6,-1,-1,-1,-1,-1,-1
2018450801668,1,9,0,18,0,1,0,0,0,0,1,1,2,1,18,4,1124,1,15,10,3,10
2018450801668,2,9,0,18,0,1,0,0,0,0,2,1,1,2,54,8,1685,2,5,10,1,10
2018450801669,1,9,0,7,0,6,0,0,0,0,3,1,2,1,27,6,1598,1,9,8,1,8
2018450801669,2,9,0,9,0,8,0,0,0,0,2,1,5,2,30,6,2143,2,-1,8,1,8
2018450801669,3,11,0,4,0,8,0,0,0,0,1,1,1,1,51,8,12000,2,15,10,1,10
2018450801671,1,9,0,9,0,1,0,0,0,0,4,1,1,1,27,6,1560,2,5,8,1,8
2018450801671,2,9,0,18,0,1,0,0,7,4,1,1,5,2,27,6,998,1,1,10,1,10
2018450801672,1,9,0,18,0,0,0,0,0,0,1,1,2,2,35,6,1499,2,1,10,1,10
2018450801672,2,9,0,18,0,0,0,0,0,0,1,1,6,2,55,8,1390,1,11,10,1,10
2018450801673,1,9,0,5,0,6,1,0,0,0,1,1,2,1,32,6,1422,2,9,3,1,3
2018450801673,2,9,0,18,0,8,0,0,0,0,1,1,4,1,17,4,999,1,3,9,2,9
2018450801673,3,9,0,4,0,1,0,0,0,0,3,1,5,1,44,7,2967,2,11,8,1,8
2018450801676,1,19,0,4,0,1,0,0,0,0,0,1,2,1,55,8,1995,2,11,10,1,10
2018450801676,2,98,1,4,0,1,0,0,0,0,2,1,1,1,45,7,-1,-1,-1,6,1,6
2018450801676,3,9,0,18,0,1,0,0,0,0,2,1,2,2,49,8,998,1,7,3,1,3
2018450801676,4,9,0,18,0,1,1,0,0,0,1,1,3,2,44,7,1598,1,5,7,1,7
2018450801749,1,9,0,16,0,0,1,10,7,3,3,1,5,1,45,7,2995,1,14,10,1,10
2018450801754,1,9,0,7,0,6,0,0,0,0,3,1,6,2,24,5,1998,1,13,9,1,9
2018450801754,2,9,0,18,0,1,0,0,0,0,1,1,6,2,33,6,1400,1,11,9,1,9
2018450801760,1,1,0,4,0,0,0,0,0,0,3,1,6,2,54,8,-1,-1,-1,10,1,10
2018450801760,2,9,0,4,0,0,0,0,0,0,1,1,6,2,30,6,2996,1,12,10,1,10
2018450801771,1,3,0,18,0,1,0,0,0,0,1,1,5,1,24,5,125,1,8,6,1,6
2018450801771,2,9,0,9,0,2,0,0,0,0,3,1,6,1,21,5,2143,2,4,4,1,4
2018450801772,1,9,0,9,0,8,0,0,0,0,1,1,5,2,71,10,3200,2,16,9,2,9
2018450801772,2,97,0,18,0,4,5,0,0,0,3,1,5,1,38,7,-1,-1,-1,3,1,3
2018450801773,1,9,0,18,0,0,2,11,7,9,1,1,6,1,17,4,-1,-1,-1,9,1,9
2018450801774,1,9,0,9,0,2,0,0,0,0,1,1,5,1,38,7,1197,1,-1,7,1,7
2018450801774,2,9,0,18,0,8,0,0,0,0,4,1,2,1,57,9,1998,8,2,8,1,8
2018450801787,1,9,0,18,0,0,0,0,0,0,2,1,6,1,24,5,1398,1,3,6,1,6
2018450801787,2,9,0,18,0,0,0,0,0,0,1,1,6,2,37,7,2000,1,12,10,1,10
2018450801787,3,9,0,18,0,0,0,0,0,0,1,1,6,3,45,7,-1,-1,-1,-1,-1,-1
2018450801791,1,4,0,17,0,0,2,0,1,0,4,1,1,1,22,5,398,1,32,10,1,10
2018450801801,1,9,0,18,0,0,1,0,5,0,1,1,1,1,37,7,2179,2,10,10,1,10
2018450801801,2,19,0,2,0,0,0,0,0,0,2,1,1,1,32,6,2198,2,2,4,1,4
2018450801801,3,19,0,18,0,0,0,0,1,0,3,1,1,1,32,6,-1,-1,-1,7,1,7
2018450801807,1,9,0,18,0,0,0,0,0,0,0,1,6,2,48,8,2706,1,3,10,1,10
2018450801807,2,3,0,18,0,0,2,0,0,0,0,1,6,1,27,6,125,1,-1,10,1,10
2018450801807,3,9,0,2,0,0,0,0,0,0,0,1,1,1,35,6,2993,2,-1,8,1,8
2018450801820,1,9,0,18,0,1,0,0,0,0,1,1,1,1,23,5,-1,-1,-1,6,1,6
2018450801820,2,9,0,9,0,6,0,0,0,0,3,1,5,1,86,11,1598,1,15,10,1,10
2018450801828,1,9,0,18,0,0,0,0,0,0,3,1,3,1,45,7,1461,2,2,5,1,5
2018450801828,2,9,0,18,0,0,0,4,7,0,1,1,3,2,45,7,1197,1,2,9,1,9
2018450801828,3,9,0,2,9,0,0,0,0,0,1,1,1,2,51,8,1339,1,15,4,1,4
2018450801834,1,19,0,4,0,1,0,0,0,0,1,1,5,1,45,7,1995,2,1,10,1,10
2018450801834,2,1,0,18,0,1,0,0,0,0,4,1,5,2,57,9,-1,-1,-1,10,1,10
2018450801857,1,9,0,18,0,1,0,0,0,0,1,1,2,1,64,9,1598,1,11,10,1,10
2018450801857,2,9,0,9,0,4,0,0,0,0,4,1,2,1,42,7,1995,2,3,10,-1,10
2018450801862,1,3,0,18,0,1,0,0,0,0,1,1,5,1,55,8,124,1,5,8,2,8
2018450801862,2,9,0,9,6,6,0,0,0,0,3,1,5,1,76,11,1999,1,11,10,1,10
2018450801863,1,9,0,9,0,0,0,0,0,0,1,1,5,1,69,10,1596,1,4,10,1,10
2018450801863,2,9,0,9,0,0,0,0,0,0,3,1,5,2,38,7,1986,2,11,8,3,8
2018450801864,1,9,0,4,0,0,0,0,0,0,2,1,6,1,60,9,1968,2,4,2,1,2
2018450801864,2,9,0,18,0,0,0,0,0,0,1,1,2,2,25,5,1368,1,2,3,-1,3
2018450801866,1,5,0,18,0,1,1,0,0,0,3,1,1,1,44,7,1050,1,13,9,1,9
2018450801867,1,9,0,18,0,1,0,0,0,0,1,1,1,1,49,8,2143,2,6,5,1,5
2018450801867,2,9,0,18,0,1,0,0,0,0,2,1,3,2,60,9,5998,1,8,8,3,8
2018450801867,3,9,0,18,0,2,0,0,0,0,2,1,5,1,35,6,2148,2,8,8,1,8
2018450801868,1,98,0,12,0,0,0,0,0,0,1,2,1,1,34,6,-1,-1,-1,-1,-1,-1
2018450801868,2,19,0,18,0,0,0,0,0,0,2,1,1,1,55,8,1995,2,-1,9,1,9
2018450801868,3,9,0,18,0,0,5,0,0,0,4,1,5,2,56,9,2204,2,13,10,3,10
2018450801869,1,9,0,17,0,0,1,10,7,0,1,1,5,1,19,4,1388,1,13,5,1,5
2018450801870,1,9,0,18,0,1,0,0,0,0,1,1,2,3,35,6,1299,1,11,6,1,6
2018450801870,2,9,0,10,0,1,0,0,0,0,2,1,2,2,59,9,1997,1,8,5,1,5
2018450801876,1,9,0,17,0,0,1,0,4,6,3,1,5,2,24,5,1360,1,14,10,1,10
2018450801876,2,19,0,17,0,0,0,0,0,0,3,1,1,1,65,9,2299,2,1,8,1,8
2018450801876,3,19,0,17,0,0,0,0,0,0,3,2,1,1,77,11,2143,2,3,9,1,9
2018450801902,1,9,0,9,0,5,0,0,0,0,4,1,1,1,53,8,1598,2,7,10,1,10
2018450801902,2,9,0,18,0,8,0,0,0,0,1,1,2,2,55,8,-1,-1,-1,7,1,7
2018450801913,1,9,0,18,0,1,0,0,0,0,1,1,2,1,30,6,1999,1,8,6,1,6
2018450801913,2,9,0,18,0,1,0,0,0,0,1,1,2,2,56,9,1796,1,13,8,1,8
2018450801920,1,5,0,18,0,8,1,0,0,0,3,1,2,1,18,4,800,1,3,10,1,10
2018450801922,1,9,0,18,0,0,0,0,0,0,1,1,6,1,54,8,1997,2,10,9,1,9
2018450801922,2,9,0,18,0,0,0,0,0,0,2,1,6,1,20,4,1910,2,13,10,1,10
2018450801922,3,21,0,18,0,0,0,0,0,0,0,1,6,1,36,7,3920,2,10,7,1,7
2018450801974,1,9,0,18,9,1,0,0,1,0,1,1,5,1,77,11,1591,1,-1,5,1,5
2018450801975,1,4,0,18,0,0,0,0,0,0,3,1,1,1,23,5,125,1,8,9,2,9
2018450801976,1,9,0,18,0,0,0,0,0,0,1,1,5,1,76,11,1968,2,8,9,1,9
2018450801976,2,9,0,18,0,0,0,0,0,0,1,1,2,1,47,8,2497,1,13,6,3,6
2018450801976,3,9,0,11,0,0,0,0,0,0,1,1,2,1,23,5,998,1,6,10,1,10
2018450801977,1,9,0,18,0,2,0,0,0,0,1,1,2,1,27,6,1198,1,3,10,1,10
2018450801977,2,9,0,18,0,1,0,0,0,0,2,1,2,2,50,8,1368,1,14,6,1,6
2018450801977,3,19,0,18,0,8,0,0,0,0,4,1,2,1,56,9,2198,2,3,6,3,6
2018450801977,4,9,0,18,0,2,0,0,0,0,2,1,5,2,21,5,1398,1,3,9,3,9
2018450801977,5,9,0,3,0,1,0,0,0,0,2,1,2,2,36,7,1598,1,12,8,1,8
2018450801978,1,9,0,17,9,0,1,0,6,4,4,1,5,1,30,6,1396,1,15,7,1,7
2018450801980,1,9,0,9,0,8,0,0,1,2,4,1,5,1,21,5,1117,1,31,9,1,9
2018450801980,2,9,0,8,0,4,1,0,0,0,3,1,2,1,61,9,2967,2,1,10,1,10
2018450801981,1,9,0,18,0,0,0,0,0,0,1,1,6,3,33,6,-1,-1,-1,-1,-1,-1
2018450801981,2,9,0,18,0,0,0,0,1,7,1,1,5,1,64,9,1997,2,15,3,1,3
2018450801994,1,9,0,18,0,0,0,0,0,0,4,1,6,2,27,6,1992,2,11,5,2,5
2018450801994,2,1,0,7,0,0,5,0,0,0,3,1,6,1,45,7,-1,-1,-1,10,1,10
2018450802007,1,9,0,16,0,1,0,0,0,0,3,1,5,2,45,7,1560,2,1,8,1,8
2018450802007,2,9,0,17,0,1,0,0,0,0,3,1,6,2,44,7,999,1,3,10,1,10
2018450802012,1,98,0,18,0,0,0,0,0,0,4,1,1,3,33,6,-1,-1,-1,-1,-1,-1
2018450802025,1,9,0,18,0,0,0,0,0,0,2,1,6,2,25,5,998,1,3,9,1,9
2018450802025,2,9,0,18,0,0,0,0,0,0,1,1,6,1,45,7,1199,1,16,2,1,2
2018450802065,1,9,0,17,0,0,1,0,8,11,1,1,3,2,41,7,1598,1,17,10,1,10
2018450802086,1,1,0,17,0,0,0,0,0,0,1,1,5,1,48,8,-1,-1,-1,9,1,9