Accident_Index,Vehicle_Reference,Vehicle_Type,Towing_and_Articulation,Vehicle_Manoeuvre,Vehicle_Location-Restricted_Lane,Junction_Location,Skidding_and_Overturning,Hit_Object_in_Carriageway,Vehicle_Leaving_Carriageway,Hit_Object_off_Carriageway,1st_Point_of_Impact,Was_Vehicle_Left_Hand_Drive?,Journey_Purpose_of_Driver,Sex_of_Driver,Age_of_Driver,Age_Band_of_Driver,Engine_Capacity_(CC),Propulsion_Code,Age_of_Vehicle,Driver_IMD_Decile,Driver_Home_Area_Type,Vehicle_IMD_Decile
2018450802096,1,9,0,18,0,0,0,0,0,0,1,2,2,2,27,6,1796,1,14,4,1,4
2018450802096,2,9,0,18,0,0,0,0,0,0,3,1,2,1,51,8,1598,1,12,9,1,9
2018450802099,1,11,0,18,0,0,0,0,0,0,1,1,1,1,40,7,3900,2,15,5,1,5
2018450802099,2,1,0,12,0,0,0,0,0,0,3,1,2,1,63,9,-1,-1,-1,6,1,6
2018450802101,1,9,0,5,0,6,0,0,1,2,1,1,5,2,29,6,1968,2,15,2,1,2
2018450802101,2,21,0,18,0,1,0,0,0,0,1,1,1,1,31,6,12900,2,6,7,1,7
2018450802101,3,9,0,2,0,8,0,0,0,0,3,1,6,1,55,8,1339,1,14,7,1,7
2018450802111,1,9,0,17,0,0,5,0,0,0,3,1,5,2,41,7,1390,1,13,9,3,9
2018450802120,1,9,0,18,0,1,1,0,0,0,1,1,5,1,43,7,1461,2,13,5,1,5
2018450802120,2,9,0,18,0,1,0,0,0,0,2,1,5,2,55,8,1390,1,5,10,1,10
2018450802120,3,9,0,18,0,1,0,0,0,0,2,1,5,2,83,11,1246,1,12,8,1,8
2018450802121,1,3,0,18,0,0,0,4,0,0,1,1,1,1,45,7,124,1,11,8,1,8
2018450802121,2,9,0,3,0,0,0,0,0,0,2,1,2,1,35,6,1560,2,7,4,1,4
2018450802122,1,9,0,18,0,0,0,0,0,0,1,1,6,1,83,11,2143,2,5,10,2,10
2018450802122,2,9,0,18,0,0,0,0,1,0,3,1,5,1,22,5,1388,1,15,9,1,9
2018450802122,3,9,0,18,0,0,0,0,0,0,1,1,6,3,33,6,-1,-1,-1,-1,-1,-1
2018450802123,1,9,0,16,0,0,1,0,1,4,1,1,5,1,26,6,1149,1,15,9,1,9
2018450802126,1,9,0,18,0,0,0,0,8,4,3,1,5,1,29,6,1798,1,8,10,1,10
2018450802135,1,9,0,18,0,1,0,0,0,0,1,1,5,1,40,7,1398,2,10,5,1,5
2018450802135,2,9,0,18,0,2,0,0,0,0,3,1,2,2,33,6,1388,1,7,10,1,10
2018450802137,1,9,0,11,0,0,0,0,0,0,0,1,1,1,67,10,1598,2,-1,9,1,9
2018450802137,2,9,0,18,0,0,1,0,1,11,0,1,2,2,19,4,1242,1,4,10,1,10
2018450802138,1,9,0,9,0,8,0,0,0,0,1,1,5,2,70,10,1598,2,2,6,1,6
2018450802138,2,9,0,9,0,8,0,0,0,0,2,1,5,2,39,7,1395,1,4,10,1,10
2018450802138,3,9,0,4,0,1,0,0,0,0,0,1,1,1,30,6,1499,2,2,7,1,7
2018450802139,1,9,0,18,0,0,2,0,1,0,1,1,1,1,45,7,1761,1,22,10,1,10
2018450802186,1,9,0,3,0,0,0,0,0,0,1,1,6,2,48,8,1390,1,7,9,-1,9
2018450802186,2,19,0,3,0,0,0,0,0,0,2,1,1,1,61,9,-1,-1,-1,7,1,7
2018450802201,1,1,0,18,0,0,0,0,0,0,1,1,6,2,68,10,-1,-1,-1,6,1,6
2018450802201,2,9,0,18,0,0,0,0,0,0,1,1,6,2,53,8,1498,1,-1,4,1,4
2018450802225,1,9,0,18,0,0,0,0,0,0,1,1,5,2,79,11,1332,1,19,-1,-1,-1
2018450802225,2,9,0,18,0,0,0,0,0,0,2,1,5,2,54,8,1598,1,-1,9,1,9
2018450802225,3,9,0,3,0,0,0,0,0,0,2,1,5,1,36,7,2993,2,8,10,1,10
2018450802225,4,9,0,18,0,0,0,0,0,0,2,1,6,3,33,6,-1,-1,-1,-1,-1,-1
2018450802247,1,1,0,3,0,0,0,0,0,0,2,1,6,1,33,6,-1,-1,-1,9,1,9
2018450802247,2,9,0,4,0,0,0,0,0,0,1,1,6,1,33,6,2993,2,2,9,2,9
2018450802256,1,9,0,2,0,0,0,0,0,0,4,1,6,1,37,7,2993,2,2,10,1,10
2018450802256,2,9,0,18,0,0,0,0,0,0,3,1,6,3,33,6,-1,-1,-1,-1,-1,-1
2018450802270,1,3,0,13,0,0,5,0,0,0,4,1,2,1,45,7,124,1,6,5,1,5
2018450802270,2,9,0,12,0,0,0,0,0,0,3,1,2,1,63,9,2198,2,10,9,1,9
2018450802277,1,9,0,18,0,0,0,0,0,0,1,1,6,1,30,6,1999,2,3,10,1,10
2018450802277,2,9,0,18,0,0,0,0,0,0,1,1,6,1,33,6,1997,2,-1,-1,-1,-1
2018450802283,1,11,0,18,0,0,0,0,0,0,0,1,1,1,33,6,4500,2,8,8,1,8
2018450802287,1,1,0,3,0,0,0,0,0,0,1,1,6,1,27,6,-1,-1,-1,5,1,5
2018450802287,2,9,0,2,0,0,0,0,0,0,3,1,6,1,45,7,1596,1,13,-1,-1,-1
2018450802287,3,1,0,18,0,0,0,0,0,0,1,1,6,1,26,6,-1,-1,-1,-1,-1,-1
2018450802309,1,3,0,18,0,1,1,0,0,0,4,1,2,1,25,5,125,1,4,6,1,6
2018450802309,2,9,0,9,0,1,0,0,0,0,3,1,3,2,48,8,1995,2,8,7,1,7
2018450802311,1,9,0,12,0,0,0,0,0,0,1,1,5,1,20,4,1299,1,16,2,1,2
2018450802311,2,9,0,18,0,0,1,0,0,0,1,1,2,1,53,8,-1,-1,-1,9,3,9
2018450802311,3,9,0,18,0,0,1,0,1,0,2,1,5,1,20,4,1124,1,8,8,1,8
2018450802313,1,9,0,18,0,8,0,0,0,0,4,1,5,2,33,6,1390,1,7,9,1,9
2018450802313,2,9,0,18,0,1,1,0,0,0,3,1,5,1,23,5,1149,1,13,10,3,10
2018450802315,1,9,0,5,0,8,0,0,0,0,1,1,5,1,51,8,2967,2,1,9,1,9
2018450802315,2,5,0,18,0,1,5,0,1,3,3,1,5,2,27,6,599,1,6,3,1,3
2018450802318,1,9,0,4,0,0,0,0,0,0,2,1,2,1,22,5,999,1,1,6,1,6
2018450802318,2,9,0,18,0,0,0,0,0,0,1,1,6,3,33,6,-1,-1,-1,-1,-1,-1
2018450802366,1,9,0,4,0,1,0,0,0,0,1,1,5,1,33,6,1956,2,3,10,1,10
2018450802366,2,9,0,4,0,8,0,0,0,0,2,1,2,1,34,6,1998,1,4,8,1,8
2018450802374,1,19,0,9,0,7,0,0,0,0,3,1,1,1,56,9,1997,2,-1,6,1,6
2018450802383,1,9,0,9,0,1,0,0,0,0,3,1,5,2,27,6,1587,1,13,10,1,10
2018450802383,2,1,0,18,0,1,0,0,0,0,1,1,2,1,21,5,-1,-1,-1,6,1,6
2018450802394,1,3,0,18,2,0,1,0,0,0,1,1,5,1,21,5,125,1,2,5,1,5
2018450802395,1,21,0,11,0,0,0,0,0,0,3,1,1,1,34,6,12740,2,1,8,2,8
2018450802395,2,9,0,18,0,0,1,0,0,0,4,1,2,2,55,8,1999,1,4,9,3,9
2018450802397,1,9,0,9,0,8,0,0,0,0,0,1,2,2,73,10,1798,1,11,4,1,4
2018450802397,2,2,0,14,0,1,2,0,0,0,0,1,4,1,16,4,49,1,-1,6,2,6
2018450802398,1,9,0,18,0,0,0,0,0,0,3,1,5,1,66,10,3946,1,17,8,1,8
2018450802398,2,98,0,18,0,0,0,0,0,0,1,1,6,3,33,6,-1,-1,-1,-1,-1,-1
2018450802399,1,9,0,9,0,1,0,0,0,0,3,1,5,2,25,5,799,2,7,6,1,6
2018450802399,2,5,0,13,0,1,0,0,0,0,3,1,5,1,56,9,600,1,5,10,1,10
2018450802416,1,9,0,18,0,6,0,0,0,0,1,1,5,2,44,7,1796,1,10,8,1,8
2018450802416,2,9,0,18,0,8,0,0,0,0,1,1,5,2,56,9,1968,2,5,9,1,9
2018450802419,1,19,0,4,0,0,1,0,0,0,1,1,2,1,23,5,1753,2,15,7,2,7
2018450802419,2,9,0,4,0,0,0,0,0,0,2,1,2,2,32,6,1422,2,9,10,1,10
2018450802420,1,9,0,18,0,0,1,0,5,0,4,1,5,1,27,6,1968,2,3,9,3,9
2018450802420,2,9,0,4,0,0,0,0,0,0,0,1,2,1,49,8,2969,2,9,6,1,6
2018450802420,3,9,0,4,0,0,0,0,0,0,0,1,6,1,39,7,-1,-1,-1,8,1,8
2018450802420,4,19,0,18,0,0,0,0,0,0,1,1,5,1,27,6,2198,2,2,10,1,10
2018450802420,5,9,0,18,0,0,0,1,0,0,2,1,5,1,48,8,1598,2,6,6,1,6
2018450802420,6,9,0,4,0,0,1,0,0,0,2,1,5,1,34,6,1596,1,14,8,1,8
2018450802420,7,9,0,4,0,0,0,1,0,0,2,1,5,1,41,7,1796,2,6,2,1,2
2018450802420,8,9,0,3,0,0,0,0,0,0,2,1,5,1,74,10,1598,1,5,6,1,6
2018450802420,9,19,0,4,0,0,1,0,0,0,3,1,1,1,29,6,2198,2,5,-1,-1,-1
2018450802421,1,3,0,16,0,0,2,0,0,0,4,1,2,1,32,6,124,1,7,8,1,8
2018450802422,1,9,0,9,0,6,0,0,0,0,1,1,5,1,82,11,1197,1,4,7,1,7
2018450802422,2,3,0,18,0,1,5,0,0,0,4,1,5,1,24,5,124,1,5,3,1,3
2018450802424,1,9,0,16,0,0,0,0,1,0,3,1,2,2,45,7,1781,1,13,10,1,10
2018450802424,2,9,0,17,0,0,0,0,1,0,1,1,5,1,47,8,2993,2,7,10,3,10
2018450802425,1,9,0,18,0,0,0,0,0,0,1,1,1,2,54,8,-1,-1,-1,3,1,3
2018450802425,2,9,0,18,0,0,0,0,0,0,2,1,2,2,49,8,2987,2,6,10,1,10
2018450802425,3,9,0,18,0,0,0,0,3,0,2,1,2,2,46,8,1591,1,-1,10,1,10
2018450802426,1,9,0,18,0,1,0,0,0,0,3,1,2,2,57,9,1198,1,4,8,1,8
2018450802426,2,9,0,18,0,1,0,0,0,0,4,1,2,2,27,6,1995,2,6,8,1,8
2018450802427,1,9,0,18,0,1,0,0,0,0,4,1,5,1,65,9,1794,1,10,7,1,7
2018450802428,1,3,0,3,0,1,0,0,0,0,3,1,2,1,26,6,125,1,12,9,1,9
2018450802430,1,21,0,18,0,2,0,4,0,0,1,1,1,1,34,6,12419,2,3,2,1,2
2018450802430,2,19,0,2,0,1,0,0,0,0,2,1,1,1,55,8,1995,2,1,9,1,9
2018450802431,1,9,0,2,0,0,0,0,0,0,2,1,1,1,67,10,1997,2,10,8,2,8
2018450802431,2,9,0,18,0,0,0,0,0,0,1,1,1,2,65,9,1968,2,3,7,1,7
2018450802459,1,9,0,3,9,0,0,0,0,0,3,1,6,2,-1,-1,1998,1,7,10,1,10
2018450802506,1,9,0,18,0,1,0,4,0,0,1,1,5,2,81,11,1339,1,6,9,1,9
2018450802506,2,9,0,2,0,2,0,0,0,0,2,1,6,1,42,7,1149,1,14,4,1,4
2018450802511,1,9,0,18,0,0,1,0,0,0,1,1,1,2,57,9,999,1,-1,8,1,8
2018450802511,2,9,0,3,0,0,0,0,0,0,2,1,5,2,60,9,998,1,5,10,1,10
2018450802511,3,9,0,4,0,0,0,0,0,0,2,1,5,1,46,8,1995,2,15,2,1,2
2018450802532,1,9,0,9,0,8,0,0,0,0,3,1,5,2,38,7,1596,1,2,10,1,10
2018450802532,2,4,0,18,0,8,5,0,0,0,1,1,5,1,52,8,499,1,18,5,1,5
2018450802533,1,9,0,18,0,0,0,0,0,0,1,1,6,2,29,6,1390,1,10,10,1,10
2018450802533,2,9,0,18,0,0,0,0,1,0,1,1,5,2,34,6,1796,1,10,3,1,3
2018450802534,1,9,0,9,0,8,0,0,0,0,1,1,5,1,31,6,1796,1,10,7,1,7
2018450802534,2,9,0,18,0,1,0,0,0,0,1,1,5,2,51,8,1598,1,5,10,1,10
2018450802535,1,1,0,18,0,0,0,0,0,0,0,1,2,1,49,8,-1,-1,-1,10,1,10
2018450802537,1,9,0,18,0,0,1,0,0,0,1,1,5,1,41,7,2000,2,14,7,1,7
2018450802540,1,9,0,18,0,0,1,0,0,0,1,1,1,1,28,6,1995,2,14,-1,1,-1
2018450802540,2,9,0,18,0,0,0,0,0,0,1,1,1,1,28,6,1905,2,19,8,1,8
2018450802540,3,9,0,18,0,0,0,0,0,0,2,1,1,1,40,7,1995,2,1,10,1,10
2018450802540,4,9,0,18,0,0,0,0,0,0,1,1,1,1,45,7,1995,2,3,9,1,9
2018450802540,5,9,0,18,0,0,0,0,0,0,2,1,5,2,74,10,1329,1,4,10,1,10
2018450802540,6,9,0,3,0,0,0,0,0,0,3,1,1,2,30,6,1598,2,4,7,1,7
2018450802573,1,1,0,18,0,0,0,0,0,0,1,1,6,1,55,8,-1,-1,-1,10,1,10
2018450802589,1,9,0,18,0,0,0,0,0,0,3,1,2,2,28,6,1596,1,11,5,1,5
2018450802589,2,9,0,18,0,0,0,0,0,0,1,1,5,2,51,8,1988,1,15,9,1,9
2018450802590,1,9,0,18,0,0,0,0,0,0,1,1,3,2,30,6,1395,1,2,8,1,8
2018450802618,1,3,0,4,0,4,5,0,0,0,4,1,2,1,31,6,124,1,1,10,1,10
2018450802622,1,3,0,18,0,0,0,0,0,0,1,1,1,1,47,8,124,1,5,10,2,10
2018450802622,2,9,0,18,0,0,0,0,0,0,2,1,2,1,32,6,1199,2,6,10,1,10
2018450802626,1,9,0,18,0,0,0,11,0,0,1,1,1,1,34,6,1461,2,2,10,1,10
2018450802627,1,9,0,18,0,0,0,0,0,0,1,1,2,2,49,8,1992,2,12,10,1,10
2018450802627,2,9,0,16,0,0,0,0,0,0,1,1,5,2,45,7,2980,2,22,4,1,4
2018450802628,1,9,0,9,0,2,0,0,7,0,4,1,1,1,54,8,-1,-1,-1,9,1,9
2018450802628,2,9,0,18,0,8,0,0,7,0,1,1,5,1,24,5,1998,2,10,10,1,10
2018450802629,1,9,0,18,0,0,0,0,0,0,1,1,1,1,54,8,1388,1,22,4,1,4
2018450802629,2,5,0,18,0,0,1,0,0,0,1,1,5,1,40,7,599,1,15,3,1,3
2018450802630,1,9,0,4,0,1,5,0,0,0,2,1,5,2,41,7,2199,2,8,7,1,7
2018450802630,2,9,0,4,0,1,0,0,0,0,2,1,5,1,43,7,1124,1,13,8,2,8
2018450802630,3,9,0,18,0,1,1,0,0,0,1,1,5,1,18,4,999,1,4,10,1,10
2018450802631,1,9,0,17,0,0,1,0,0,0,1,1,1,1,45,7,1339,1,14,8,1,8
2018450802631,2,9,0,18,0,0,0,0,0,0,1,1,1,2,32,6,1560,2,7,5,3,5
2018450802632,1,9,0,4,0,0,0,0,0,0,1,1,2,2,24,5,1798,8,2,6,1,6
2018450802632,2,9,0,4,0,0,0,0,0,0,2,1,2,1,23,5,-1,-1,-1,9,1,9
2018450802632,3,9,0,4,0,0,0,0,0,0,2,1,2,2,37,7,1995,2,7,5,1,5
2018450802634,1,97,0,9,9,2,1,0,1,0,1,1,5,1,59,9,-1,-1,-1,10,1,10
2018450802635,1,9,0,16,0,0,0,0,7,11,1,1,5,1,64,9,1197,1,4,6,1,6
2018450802635,2,9,0,17,0,0,0,0,0,0,3,1,5,1,64,9,1598,1,10,9,1,9
2018450802636,1,9,0,18,0,0,5,0,7,0,1,1,5,1,44,7,1390,1,11,2,1,2
2018450802637,1,9,0,16,0,0,1,0,0,0,1,1,5,2,63,9,1360,1,15,6,1,6
2018450802639,1,9,0,18,0,0,1,0,1,0,1,1,5,1,31,6,1998,2,11,3,1,3
2018450802639,2,19,0,4,0,0,0,0,0,0,2,1,1,1,29,6,2287,2,5,6,3,6
2018450802639,3,9,0,3,0,0,0,0,0,0,2,1,2,2,41,7,1896,2,12,10,1,10
2018450802640,1,9,0,17,1,0,2,0,1,11,4,1,5,1,47,8,998,1,19,10,1,10
2018450802641,1,9,0,16,0,0,0,0,0,0,1,1,5,1,27,6,1149,1,7,4,1,4
2018450802642,1,19,0,16,0,0,0,0,0,0,4,1,2,2,34,6,2402,2,7,2,1,2
2018450802645,1,9,0,7,9,1,0,0,1,0,0,1,6,1,37,7,1995,2,13,9,1,9
2018450802646,1,9,0,17,0,1,0,6,0,0,1,1,5,2,24,5,1242,1,5,4,1,4
2018450802648,1,9,0,17,6,0,1,0,1,3,1,1,2,1,36,7,998,1,9,2,1,2
2018450802649,1,9,0,18,0,0,0,0,0,0,1,1,5,2,46,8,1229,1,10,3,1,3
2018450802650,1,9,0,18,0,0,0,0,0,0,4,1,5,1,48,8,1975,1,14,2,1,2
2018450802651,1,9,0,18,0,0,1,0,5,6,3,1,5,1,29,6,1997,2,10,2,1,2
2018450802653,1,9,0,18,0,1,0,0,0,0,1,1,5,1,36,7,1968,2,14,6,1,6
2018450802653,2,9,0,9,0,8,0,0,0,0,1,1,5,1,36,7,-1,-1,-1,5,2,5
2018450802653,3,9,0,9,0,8,0,0,0,0,1,1,1,1,57,9,1686,2,6,8,1,8
2018450802699,1,9,0,18,0,0,0,0,0,0,3,1,6,1,55,8,2268,2,4,7,3,7
2018450802699,2,9,0,18,0,0,0,0,0,0,1,1,6,1,22,5,998,1,-1,10,1,10
2018450802719,1,9,0,18,0,0,0,0,0,0,1,1,1,1,42,7,2497,2,1,3,1,3
2018450802719,2,9,0,4,0,0,0,0,0,0,2,1,2,1,26,6,1200,1,1,7,1,7
2018450802740,1,9,0,18,0,1,0,0,0,0,1,1,5,2,29,6,1360,1,12,6,1,6
2018450802744,1,9,0,17,0,0,1,10,0,0,1,1,2,1,54,8,1587,1,13,10,1,10
2018450802744,2,19,0,18,0,0,0,0,1,0,1,1,2,1,53,8,1995,2,-1,9,1,9
2018450802752,1,1,0,18,0,8,0,0,1,0,1,1,5,2,67,10,-1,-1,-1,6,1,6
2018450802757,1,9,0,18,0,0,0,0,7,7,1,1,5,2,36,7,1995,2,7,8,1,8
2018450802757,2,9,0,18,0,0,0,0,0,0,3,1,5,1,26,6,1997,2,9,7,1,7
2018450802758,1,9,0,7,0,6,0,0,1,0,3,1,2,1,58,9,1686,2,13,6,1,6
2018450802758,2,1,0,18,0,8,0,0,0,0,4,1,1,1,40,7,-1,-1,-1,9,3,9
2018450802812,1,1,0,18,0,1,5,0,0,0,1,1,2,1,48,8,-1,-1,-1,8,1,8
2018450802812,2,9,0,18,0,1,0,0,0,0,4,1,6,1,-1,-1,1997,2,3,-1,-1,-1
2018450802833,1,3,0,18,0,4,1,0,0,0,1,1,4,1,18,4,125,1,5,9,1,9
2018450802833,2,9,0,18,0,4,0,0,0,0,3,1,5,2,29,6,998,1,13,4,1,4
2018450802837,1,19,0,18,0,0,0,0,0,0,1,1,6,1,56,9,2143,2,2,6,1,6
2018450802838,1,5,0,18,0,8,0,0,0,0,4,1,6,1,49,8,645,1,13,5,1,5
2018450802841,1,9,0,16,0,0,0,0,0,0,1,1,5,1,73,10,1595,1,4,9,1,9
2018450802875,1,9,0,18,0,8,0,0,0,0,4,1,5,2,38,7,1390,1,11,6,1,6
2018450802875,2,9,0,5,0,8,0,0,0,0,1,1,1,2,19,4,1364,1,11,7,3,7
2018450802887,1,9,0,4,0,0,0,0,0,0,2,1,6,1,80,11,1197,1,-1,9,2,9
2018450802887,2,9,0,18,0,0,0,0,0,0,1,1,6,1,30,6,1796,1,10,10,1,10
2018450802887,3,9,0,3,0,0,0,0,0,0,2,1,6,2,33,6,1242,1,9,3,1,3
2018450802908,1,9,0,18,0,1,0,0,1,11,1,1,6,1,58,9,1364,1,1,7,2,7
2018450802908,2,9,0,18,0,1,0,0,1,11,1,1,6,1,23,5,1240,1,13,6,3,6
2018450802908,3,9,0,18,0,1,0,0,0,0,2,1,6,1,66,10,1498,1,-1,10,1,10
2018450802908,4,9,0,2,0,1,0,0,0,0,2,1,6,2,35,6,1396,1,4,10,3,10
2018450802913,1,9,0,18,0,0,0,0,0,0,1,1,6,1,63,9,1969,2,-1,9,2,9
2018450802928,1,9,0,9,0,8,1,0,0,0,3,1,5,2,82,11,1595,1,11,8,3,8
2018450802934,1,9,0,5,0,4,0,0,0,0,2,1,5,2,71,10,998,1,6,10,1,10
2018450802934,2,9,0,5,0,4,0,0,0,0,1,1,1,1,59,9,-1,-1,-1,6,1,6
2018450802949,1,9,0,12,0,0,1,0,0,0,3,1,2,1,35,6,1999,1,1,10,1,10
2018450802949,2,9,0,18,0,0,0,0,0,0,0,1,6,1,34,6,3982,1,1,8,-1,8
2018450802954,1,9,0,18,0,1,1,0,0,0,1,1,2,2,61,9,999,1,6,-1,-1,-1
2018450802954,2,21,0,9,0,5,0,0,0,0,1,1,1,1,44,7,10837,2,3,6,3,6
2018450802956,1,1,0,18,0,6,0,0,0,0,4,1,2,2,55,8,-1,-1,-1,10,1,10
2018450802956,2,9,0,5,0,1,0,0,0,0,1,1,5,2,44,7,1499,2,-1,9,1,9
2018450802961,1,98,0,18,0,0,0,0,0,0,0,1,6,3,45,7,-1,-1,-1,-1,-1,-1
2018450802961,2,9,0,18,0,0,0,0,0,0,0,1,6,3,45,7,-1,-1,-1,-1,-1,-1
2018450802961,3,9,0,18,0,0,0,0,0,0,4,1,1,1,40,7,1399,2,15,3,1,3
2018450802963,1,5,0,14,0,0,0,0,0,0,4,1,2,1,48,8,900,1,-1,10,1,10
2018450802964,1,3,0,9,0,1,0,0,0,0,0,1,5,1,23,5,125,1,6,3,1,3
2018450802967,1,9,0,18,0,0,0,0,0,0,2,1,2,1,50,8,2143,2,1,8,1,8
2018450802967,2,9,0,18,0,0,1,0,0,0,1,1,5,1,29,6,1300,1,-1,-1,-1,-1
2018450802967,3,9,0,3,0,0,0,0,0,0,2,1,2,1,62,9,1685,2,-1,6,1,6
2018450802967,4,19,0,4,0,0,0,0,0,0,2,1,2,1,48,8,1598,2,2,5,1,5
2018450802967,5,19,0,3,0,0,0,0,0,0,2,1,1,2,47,8,2143,2,-1,5,1,5
2018450802967,6,98,0,18,0,0,0,0,0,0,1,2,1,1,59,9,-1,-1,-1,-1,-1,-1
2018450802970,1,9,0,18,0,0,0,0,0,0,4,1,6,2,46,8,1461,2,9,7,1,7
2018450802990,1,9,0,18,0,0,1,10,0,0,3,1,2,1,19,4,1242,1,12,9,1,9
2018450802990,2,9,0,7,0,0,0,0,0,0,1,1,6,3,30,6,-1,-1,-1,-1,-1,-1
2018450803003,1,9,0,3,0,1,0,0,0,0,1,1,5,2,35,6,1242,1,3,7,1,7
2018450803003,2,5,0,3,0,1,0,0,0,0,2,1,2,1,43,7,689,1,4,10,1,10
2018450803004,1,1,0,9,0,5,0,0,0,0,1,1,6,1,64,9,-1,-1,-1,9,1,9
2018450803004,2,9,0,13,0,8,0,0,0,0,3,1,6,3,33,6,2000,2,10,8,1,8
2018450803017,1,9,0,11,0,0,0,0,0,0,3,1,6,2,55,8,998,1,11,8,1,8
2018450803017,2,9,0,18,0,0,0,0,0,0,4,1,6,1,-1,-1,5461,1,10,6,1,6
2018450803056,1,9,0,18,9,0,0,0,1,0,1,1,6,1,40,7,1995,2,7,5,1,5
2018450803066,1,9,0,18,0,1,0,0,0,0,2,1,2,2,29,6,1200,1,-1,10,-1,10
2018450803066,2,19,0,18,0,1,0,0,0,0,1,1,6,1,34,6,2198,2,2,9,-1,9
2018450803073,1,2,0,18,0,1,1,0,0,0,0,1,5,1,16,4,49,1,8,6,1,6
2018450803073,2,9,0,5,0,8,0,0,0,0,1,1,6,1,55,8,1598,1,19,10,1,10
2018450803076,1,9,0,18,0,1,0,0,0,0,1,1,5,2,21,5,1296,1,11,3,1,3
2018450803076,2,9,0,18,0,2,0,0,0,0,2,1,2,1,34,6,1984,2,7,9,1,9
2018450803077,1,9,0,17,0,0,0,0,1,9,1,2,5,1,50,8,3387,1,20,8,3,8
2018450803079,1,9,0,9,0,6,0,0,0,0,3,1,5,1,17,4,999,1,3,10,1,10
2018450803079,2,9,0,18,0,1,0,0,0,0,1,1,5,2,38,7,2720,2,11,8,1,8
2018450803080,1,9,0,17,0,1,1,0,1,0,1,1,5,1,22,5,1399,1,9,3,1,3
2018450803080,2,9,0,3,0,1,0,0,0,0,2,1,5,1,63,9,2143,2,3,8,1,8
2018450803080,3,19,0,3,0,1,0,0,0,0,2,1,1,1,30,6,1598,2,5,2,1,2
2018450803080,4,9,0,3,0,1,0,0,0,0,4,1,1,1,53,8,1595,1,6,5,3,5
2018450803083,1,9,0,18,0,1,0,4,0,0,1,1,5,1,24,5,999,1,2,10,2,10
2018450803083,2,9,0,2,0,1,0,0,0,0,1,1,6,3,-1,-1,-1,-1,-1,-1,-1,-1
2018450803111,1,9,0,18,0,0,0,0,0,0,1,1,6,1,49,8,1896,2,11,10,1,10
2018450803162,1,9,0,9,0,0,0,0,0,0,3,1,1,2,33,6,1396,1,7,6,1,6
2018450803162,2,1,0,18,0,0,0,0,0,0,1,1,2,2,40,7,-1,-1,-1,9,1,9
2018450803164,1,9,0,18,0,0,0,0,0,0,1,2,5,2,74,10,998,1,5,6,3,6
2018450803164,2,19,0,4,0,0,0,0,0,0,2,1,1,1,29,6,2198,2,6,10,2,10
2018450803166,1,98,0,18,0,0,0,0,0,0,1,1,6,3,33,6,-1,-1,-1,-1,-1,-1
2018450803167,1,3,0,18,0,0,2,0,0,0,3,1,2,1,30,6,125,1,-1,10,1,10
2018450803168,1,90,0,18,0,0,0,0,0,0,1,1,6,3,55,8,-1,-1,-1,-1,-1,-1
2018450803169,1,9,0,5,0,6,0,0,0,0,1,1,6,3,33,6,-1,-1,-1,-1,-1,-1
2018450803169,2,2,0,18,0,8,0,0,0,0,4,1,6,1,16,4,49,1,4,10,1,10
2018450803178,1,9,0,18,0,0,0,0,7,0,1,1,5,1,19,4,1368,1,6,6,3,6
2018450803179,1,9,0,10,0,7,0,0,0,0,1,1,5,2,23,5,1242,1,10,9,1,9
2018450803179,2,9,0,18,0,1,0,0,7,10,4,1,5,2,78,11,999,1,-1,5,1,5
2018450803179,3,9,0,18,0,1,0,0,0,0,1,1,5,1,73,10,1248,2,10,8,1,8
2018450803181,1,90,0,15,0,1,0,0,0,0,3,1,1,1,52,8,-1,-1,-1,9,2,9
2018450803181,2,9,0,5,0,6,0,0,0,0,1,1,3,2,41,7,2987,2,12,4,1,4
2018450803196,1,9,0,9,0,0,0,0,0,0,1,1,1,1,30,6,1560,2,7,5,1,5
2018450803197,1,19,0,2,0,0,0,0,1,7,3,1,1,1,41,7,2500,2,13,2,1,2
2018450803197,2,9,0,12,0,0,1,4,0,0,1,1,1,1,62,9,2143,2,5,9,1,9
2018450803198,1,9,0,4,0,0,0,0,0,0,1,1,5,2,42,7,1461,2,9,2,1,2
2018450803198,2,9,0,4,0,0,0,0,0,0,2,1,5,2,54,8,2143,2,1,8,1,8
2018450803198,3,9,0,4,0,0,0,0,0,0,2,1,5,1,72,10,1798,1,13,2,1,2
2018450803199,1,9,0,17,0,0,5,0,0,0,4,1,5,2,22,5,1149,1,6,10,1,10
2018450803200,1,9,0,18,0,0,0,0,0,0,1,1,5,2,47,8,1596,1,3,7,1,7
2018450803200,2,9,0,18,0,0,5,0,0,0,1,1,5,2,44,7,1686,2,5,8,1,8