Accident_Index,Vehicle_Reference,Vehicle_Type,Towing_and_Articulation,Vehicle_Manoeuvre,Vehicle_Location-Restricted_Lane,Junction_Location,Skidding_and_Overturning,Hit_Object_in_Carriageway,Vehicle_Leaving_Carriageway,Hit_Object_off_Carriageway,1st_Point_of_Impact,Was_Vehicle_Left_Hand_Drive?,Journey_Purpose_of_Driver,Sex_of_Driver,Age_of_Driver,Age_Band_of_Driver,Engine_Capacity_(CC),Propulsion_Code,Age_of_Vehicle,Driver_IMD_Decile,Driver_Home_Area_Type,Vehicle_IMD_Decile
2018450804728,1,9,0,18,0,0,0,0,7,0,3,1,5,2,75,10,1364,1,1,10,1,10
2018450804728,2,9,0,17,0,0,0,0,1,0,3,1,5,1,50,8,1560,2,5,10,1,10
2018450804731,1,9,0,4,0,4,0,0,0,0,2,1,5,2,61,9,1968,2,1,6,2,6
2018450804731,2,9,0,4,0,4,0,0,0,0,2,1,5,1,44,7,1968,2,5,10,1,10
2018450804731,3,9,0,4,0,4,0,0,0,0,1,1,5,1,25,5,1598,1,11,10,1,10
2018450804736,1,19,0,18,0,8,0,0,0,0,1,1,1,1,57,9,1968,2,3,9,1,9
2018450804736,2,9,0,9,0,8,0,0,0,0,4,1,5,2,19,4,1461,2,2,1,1,1
2018450804738,1,9,0,18,0,0,1,0,0,0,3,1,2,2,34,6,1242,1,18,9,1,9
2018450804738,2,9,0,11,0,0,0,0,0,0,4,1,5,1,71,10,1364,1,1,9,-1,9
2018450804739,1,5,0,18,0,0,5,0,0,0,3,1,5,1,32,6,998,1,9,4,1,4
2018450804740,1,19,0,17,0,0,2,0,0,0,1,1,5,1,36,7,1995,2,9,9,1,9
2018450804745,1,9,0,18,0,0,0,0,1,4,1,1,2,2,18,4,1086,1,9,9,1,9
2018450804746,1,9,0,17,0,1,1,0,1,4,3,1,6,1,44,7,1598,1,11,8,1,8
2018450804748,1,5,0,18,0,0,5,0,1,0,1,1,2,1,44,7,1137,1,22,9,3,9
2018450804748,2,9,0,4,0,0,0,0,0,0,4,1,1,1,31,6,1997,2,4,5,1,5
2018450804748,3,9,0,18,0,0,0,0,0,0,1,1,5,2,52,8,1968,2,10,-1,1,-1
2018450804750,1,9,0,9,0,1,0,0,0,0,1,1,5,2,40,7,1499,1,2,7,1,7
2018450804750,2,19,0,18,0,1,0,0,0,0,1,1,1,2,28,6,2148,2,13,8,1,8
2018450804750,3,9,0,18,0,1,0,0,1,10,1,1,5,2,43,7,1796,1,13,4,2,4
2018450804753,1,9,0,15,0,1,0,11,0,0,1,1,5,1,86,11,1399,1,1,3,1,3
2018450804753,2,9,0,5,0,8,0,0,0,0,1,1,1,2,34,6,1598,1,7,9,1,9
2018450804754,1,9,0,9,0,1,0,0,0,0,4,1,5,1,51,8,2400,2,8,10,1,10
2018450804754,2,3,0,18,0,1,0,0,0,0,1,1,5,2,24,5,125,1,2,10,1,10
2018450804757,1,9,0,12,0,0,0,0,0,0,1,1,5,2,32,6,1991,2,13,10,2,10
2018450804757,2,9,0,18,0,0,0,0,0,0,2,1,5,1,67,10,1580,8,1,6,3,6
2018450804760,1,9,0,18,0,0,0,7,7,11,4,1,5,1,27,6,2720,2,13,8,3,8
2018450804760,2,9,0,9,0,0,0,0,0,0,3,1,6,1,78,11,1598,1,12,9,1,9
2018450804764,1,9,0,16,0,0,5,0,0,0,4,1,2,1,18,4,1199,1,14,6,2,6
2018450804803,1,9,0,18,0,1,0,0,0,0,1,1,5,2,23,5,1198,1,7,3,1,3
2018450804867,1,9,0,18,0,0,0,0,0,0,2,1,5,1,37,7,1995,2,4,9,1,9
2018450804867,2,9,0,18,0,0,0,0,0,0,1,1,6,3,43,7,-1,-1,-1,-1,-1,-1
2018450804872,1,9,0,18,0,1,0,0,0,0,0,1,6,2,28,6,1968,2,8,8,3,8
2018450804872,2,9,0,4,0,1,0,0,0,0,0,1,6,2,35,6,4999,1,7,9,1,9
2018450804874,1,1,0,18,0,3,5,0,0,0,2,1,5,1,60,9,-1,-1,-1,4,1,4
2018450804874,2,9,0,18,0,1,0,0,0,0,1,1,2,2,43,7,1248,1,10,9,1,9
2018450804876,1,9,0,5,0,0,0,0,0,0,3,1,5,2,41,7,1998,1,11,8,3,8
2018450804876,2,9,0,18,0,0,0,0,0,0,1,1,1,2,39,7,1197,1,1,8,1,8
2018450804876,3,9,0,7,0,0,0,0,0,0,0,1,5,1,57,9,1781,1,11,8,3,8
2018450804878,1,9,0,18,0,0,0,4,0,0,4,1,5,1,68,10,1950,2,1,9,1,9
2018450804878,2,9,0,2,9,0,0,0,0,0,3,1,6,3,33,6,1998,2,11,6,1,6
2018450804879,1,9,0,18,0,1,0,0,0,0,1,1,1,1,47,8,1598,1,6,1,1,1
2018450804882,1,9,0,18,0,0,5,4,0,0,3,1,5,1,19,4,999,1,1,7,1,7
2018450804882,2,9,0,2,0,0,0,0,0,0,4,1,5,2,60,9,1349,1,6,9,1,9
2018450804882,3,9,0,2,0,0,0,0,0,0,1,1,5,2,33,6,1968,2,11,8,1,8
2018450804884,1,9,0,9,0,8,0,0,0,0,1,1,5,2,66,10,1364,1,3,6,1,6
2018450804884,2,3,0,18,0,1,5,0,0,0,1,1,6,1,28,6,125,1,-1,6,1,6
2018450804894,1,9,0,18,0,0,5,0,1,0,4,1,5,2,34,6,1396,1,15,10,1,10
2018450804895,1,9,0,9,0,1,0,0,0,0,3,1,5,2,62,9,1397,1,10,7,3,7
2018450804895,2,5,0,13,0,1,2,0,1,9,4,1,5,1,54,8,690,1,1,10,3,10
2018450804896,1,9,0,9,0,8,0,0,1,10,1,1,5,1,63,9,2967,2,1,3,1,3
2018450804897,1,5,0,18,0,1,0,0,7,4,1,1,5,1,28,6,748,1,12,4,1,4
2018450804897,2,9,0,18,0,8,0,0,0,0,0,1,6,1,24,5,1043,1,28,6,3,6
2018450804913,1,19,0,18,0,0,0,0,0,0,1,1,6,1,31,6,2198,2,12,7,3,7
2018450804944,1,9,0,18,0,2,0,0,7,0,1,1,2,2,61,9,1390,1,14,4,1,4
2018450804956,1,9,0,5,0,8,0,0,0,0,2,1,5,1,43,7,-1,-1,-1,5,1,5
2018450804956,2,9,0,5,0,8,0,0,0,0,1,1,5,1,65,9,1896,2,14,9,1,9
2018450804956,3,9,0,3,0,8,0,0,0,0,0,1,1,1,39,7,2993,2,3,-1,-1,-1
2018450804979,1,9,0,18,0,1,1,0,0,0,4,1,5,1,33,6,-1,-1,-1,9,3,9
2018450804979,2,9,0,18,0,1,0,0,7,4,3,1,5,1,90,11,1197,1,2,9,1,9
2018450804992,1,9,0,9,0,0,1,0,0,0,3,1,5,2,83,11,1318,1,2,9,3,9
2018450804992,2,5,0,18,0,0,0,0,0,0,1,1,5,2,46,8,918,1,22,5,1,5
2018450804994,1,9,0,9,0,0,2,0,0,0,3,1,5,1,42,7,1998,1,14,7,3,7
2018450804994,2,9,0,4,0,0,0,0,0,0,3,1,5,2,74,10,1386,1,8,7,3,7
2018450804998,1,9,0,3,0,0,0,0,0,0,2,1,5,2,48,8,1395,1,2,7,2,7
2018450804998,2,19,0,4,0,0,0,0,0,0,1,1,1,1,25,5,2143,2,3,4,1,4
2018450804999,1,9,0,18,0,0,1,0,1,7,4,1,5,1,41,7,1598,1,17,10,1,10
2018450805001,1,19,0,4,0,0,0,0,0,0,1,1,1,1,48,8,2143,2,1,5,1,5
2018450805002,1,9,0,18,0,0,0,0,1,4,1,1,5,1,17,4,1398,1,-1,10,3,10
2018450805003,1,9,0,17,0,8,1,0,0,0,1,1,5,1,26,6,2499,1,11,6,1,6
2018450805003,2,9,0,4,0,1,0,0,0,0,2,1,2,2,53,8,1498,2,-1,10,1,10
2018450805004,1,9,0,11,0,0,5,0,1,0,1,1,6,1,30,6,1997,2,8,6,1,6
2018450805024,1,9,0,18,0,8,0,0,0,0,1,1,6,1,59,9,1796,1,4,10,3,10
2018450805024,2,9,0,18,0,8,0,0,0,0,0,1,6,2,60,9,-1,-1,-1,-1,-1,-1
2018450805041,1,19,0,16,0,2,0,0,0,0,1,1,6,1,31,6,1499,2,1,9,3,9
2018450805041,2,9,0,16,0,1,0,0,0,0,1,1,6,1,41,7,2179,2,6,10,1,10
2018450805049,1,9,0,18,0,1,0,0,0,0,1,1,5,2,40,7,1328,1,14,1,1,1
2018450805049,2,11,0,4,0,1,0,0,0,0,2,1,1,1,68,10,2143,2,2,3,1,3
2018450805066,1,9,0,4,0,0,0,0,0,0,2,1,6,1,62,9,1968,2,1,8,1,8
2018450805066,2,9,0,4,0,0,0,0,0,0,2,1,5,1,50,8,1968,2,1,8,1,8
2018450805066,3,9,0,18,0,0,0,0,0,0,1,1,5,1,48,8,1999,1,10,4,1,4
2018450805110,1,9,0,18,0,0,0,0,0,0,1,1,2,1,32,6,998,1,1,9,1,9
2018450805110,2,9,0,16,0,0,1,0,2,11,1,1,2,2,38,7,1998,1,21,8,1,8
2018450805136,1,5,0,18,0,0,0,0,0,0,1,1,5,1,32,6,1261,1,14,3,1,3
2018450805136,2,9,0,18,0,0,0,0,0,0,2,1,5,1,60,9,998,1,-1,5,1,5
2018450805149,1,9,0,18,0,0,0,4,0,0,1,1,6,2,75,10,1390,1,4,10,1,10
2018450805149,2,9,0,2,0,0,0,0,0,0,4,1,6,2,31,6,1197,1,1,10,1,10
2018450805154,1,9,0,4,0,1,0,0,0,0,2,1,5,1,44,7,1956,2,3,10,1,10
2018450805154,2,9,0,18,0,1,0,0,0,0,1,1,5,1,24,5,1368,1,8,3,1,3
2018450805157,1,9,0,18,0,0,5,0,0,0,1,1,1,2,44,7,1598,1,8,8,1,8
2018450805157,2,19,0,2,0,0,0,0,0,0,4,1,6,1,47,8,2198,2,11,8,1,8
2018450805157,3,9,0,2,0,0,0,0,0,0,3,1,6,1,59,9,1461,2,6,8,1,8
2018450805159,1,9,0,18,0,0,0,0,0,0,2,1,5,1,35,6,2148,2,12,7,3,7
2018450805159,2,9,0,18,0,0,0,0,0,0,1,1,6,1,55,8,-1,-1,-1,-1,-1,-1
2018450805165,1,9,0,2,0,1,0,0,0,0,2,1,5,1,30,6,1797,8,8,7,1,7
2018450805165,2,9,0,18,0,2,0,4,0,0,3,1,6,1,35,6,1598,1,11,5,1,5
2018450805184,1,9,0,5,0,4,0,0,0,0,1,1,5,1,44,7,1598,2,3,9,1,9
2018450805184,2,1,0,5,0,4,5,0,0,0,2,1,5,1,48,8,-1,-1,-1,-1,-1,-1
2018450805186,1,5,0,7,0,0,0,0,0,0,4,1,5,1,19,4,645,1,1,7,1,7
2018450805194,1,9,0,4,0,0,0,0,0,0,2,1,5,2,36,7,1968,2,7,5,1,5
2018450805194,2,9,0,4,0,0,0,0,0,0,2,1,5,1,37,7,2993,2,-1,8,1,8
2018450805194,3,9,0,4,0,0,0,0,0,0,1,1,5,1,61,9,1498,1,18,10,1,10
2018450805196,1,9,0,16,0,0,5,0,0,0,3,1,5,1,28,6,2700,1,14,9,1,9
2018450805206,1,9,0,5,0,8,0,0,0,0,4,1,5,2,28,6,2143,2,5,10,1,10
2018450805206,2,9,0,18,0,1,0,0,0,0,1,1,5,1,23,5,1598,2,5,9,1,9
2018450805210,1,9,0,18,0,1,0,0,7,9,1,1,5,1,37,7,1497,2,3,10,2,10
2018450805210,2,9,0,18,0,8,0,0,0,0,0,1,5,1,21,5,1120,2,6,8,1,8
2018450805211,1,9,0,18,0,0,1,7,3,10,1,1,6,1,20,4,1560,2,13,2,1,2
2018450805211,2,9,0,2,0,0,0,0,1,0,1,1,6,3,-1,-1,-1,-1,-1,-1,-1,-1
2018450805211,3,9,0,2,0,0,0,0,7,0,1,1,6,3,-1,-1,-1,-1,-1,-1,-1,-1
2018450805212,1,9,0,18,0,1,0,0,0,0,1,1,5,2,19,4,1364,1,11,7,3,7
2018450805212,2,9,0,18,0,1,1,0,1,0,3,1,1,1,43,7,1598,2,3,8,1,8
2018450805214,1,9,0,17,0,1,0,0,0,0,1,1,5,1,31,6,2987,2,2,9,1,9
2018450805214,2,9,0,9,0,2,1,0,0,0,1,1,5,1,57,9,-1,-1,-1,6,1,6
2018450805231,1,9,0,18,0,8,0,0,0,0,0,1,6,3,30,6,-1,-1,-1,-1,-1,-1
2018450805231,2,9,0,18,0,8,0,0,0,0,0,1,6,3,45,7,-1,-1,-1,-1,-1,-1
2018450805236,1,9,0,9,0,8,0,0,0,0,1,1,2,2,59,9,1461,2,3,7,1,7
2018450805236,2,9,0,18,0,8,0,0,0,0,3,1,2,2,32,6,1339,1,10,3,1,3
2018450805236,3,9,0,10,0,1,0,0,0,0,1,1,5,2,71,10,1390,1,6,8,1,8
2018450805239,1,9,0,18,0,1,0,0,2,4,1,1,5,1,46,8,1997,2,11,-1,-1,-1
2018450805239,2,9,0,17,0,2,0,0,0,0,1,1,2,1,39,7,-1,-1,-1,7,1,7
2018450805239,3,9,0,18,0,1,0,0,0,0,0,1,1,2,29,6,1560,2,4,-1,-1,-1
2018450805313,1,9,0,18,0,8,0,0,0,0,4,1,1,1,50,8,1995,2,-1,8,1,8
2018450805313,2,9,0,18,0,8,0,0,0,0,1,1,5,1,70,10,1598,1,7,4,1,4
2018450805378,1,9,0,12,0,1,0,0,0,0,3,1,6,1,58,9,-1,-1,-1,9,1,9
2018450805378,2,9,0,18,0,5,0,0,4,0,4,1,2,2,45,7,1397,1,8,8,1,8
2018450805394,1,9,0,9,0,5,0,0,0,0,4,1,1,1,50,8,1997,2,9,2,1,2
2018450805394,2,3,0,18,0,1,5,0,0,0,1,1,5,1,16,4,125,1,4,3,1,3
2018450805406,1,9,0,16,0,7,2,9,5,6,1,1,5,1,26,6,1598,1,6,2,1,2
2018450805772,1,9,0,17,0,0,5,10,0,0,1,1,6,2,21,5,1390,1,14,8,3,8
2018450806026,1,9,0,18,0,0,0,0,5,0,1,1,1,1,41,7,1995,2,1,-1,-1,-1
2018450806026,2,9,0,18,0,0,0,0,1,7,1,1,6,1,66,10,1968,2,7,3,1,3
2018450806148,1,90,0,18,0,1,0,0,0,0,4,1,6,3,55,8,-1,-1,-1,-1,-1,-1
2018450806155,1,9,0,18,0,0,0,0,0,0,1,1,6,1,18,4,1242,1,5,6,1,6
2018450806155,2,90,0,2,0,0,0,0,0,0,3,1,6,1,-1,-1,-1,-1,-1,4,1,4
2018450807056,1,9,0,18,0,0,1,0,0,0,1,1,1,2,67,10,1461,2,-1,10,1,10
2018450807056,2,9,0,18,0,0,0,0,0,0,1,1,6,1,70,10,1598,1,4,10,1,10
2018450807775,1,2,0,18,0,1,0,0,0,0,4,1,6,2,25,5,49,1,15,10,1,10
2018450807775,2,19,0,9,0,1,0,0,0,0,1,1,6,1,28,6,2198,2,4,4,1,4
2018450807803,1,9,0,18,0,0,0,0,0,0,2,1,6,1,51,8,-1,-1,-1,10,1,10
2018450807803,2,9,0,9,0,0,0,0,0,0,1,1,6,3,55,8,1685,2,1,7,1,7
2018450808087,1,1,0,18,0,1,0,0,0,0,3,1,6,1,54,8,-1,-1,-1,10,1,10
2018450808087,2,9,0,9,0,1,0,0,0,0,1,1,6,1,45,7,1499,1,2,8,1,8
2018450808480,1,9,0,18,0,0,0,0,0,0,1,1,6,3,55,8,-1,-1,-1,-1,-1,-1
2018450808499,1,19,0,18,0,8,0,0,0,0,0,1,6,1,30,6,1995,2,-1,9,1,9
2018450808499,2,9,0,18,0,8,0,0,0,0,3,1,6,1,25,5,2000,1,12,5,1,5
2018450808756,1,9,0,18,0,0,0,0,0,0,3,1,6,1,67,10,1461,2,-1,10,1,10
2018450808756,2,9,0,2,0,0,0,0,1,11,3,1,6,1,70,10,1598,1,4,10,1,10
2018450809684,1,9,0,1,0,0,0,0,0,0,2,1,6,2,66,10,998,1,2,4,1,4
2018450809684,2,9,0,18,0,0,0,0,0,0,1,1,6,1,39,7,1798,1,11,4,1,4
2018450812630,1,9,0,18,0,0,0,0,0,0,2,1,6,2,26,6,1461,2,2,4,1,4
2018450812630,2,9,0,18,0,0,0,0,0,0,1,1,6,1,52,8,-1,-1,-1,-1,-1,-1
2018450812652,1,9,0,4,0,0,0,0,0,0,1,1,6,2,65,9,1984,1,3,7,1,7
2018450812652,2,9,0,3,0,0,0,0,0,0,2,1,6,2,24,5,-1,-1,-1,4,1,4
2018450812652,3,9,0,3,0,0,0,0,0,0,2,1,6,1,36,7,1998,1,2,6,1,6
2018450812969,1,9,0,18,0,0,0,0,0,0,1,1,6,1,65,9,1591,1,-1,9,1,9
2018450819982,1,9,0,9,0,4,0,0,0,0,1,1,6,3,55,8,2393,1,13,-1,-1,-1
2018450819982,2,9,0,5,0,4,0,0,0,0,1,1,5,1,31,6,-1,-1,-1,8,1,8
2018450822786,1,9,0,9,0,5,0,0,0,0,1,1,2,2,24,5,1242,1,3,3,1,3
2018450822786,2,9,0,18,0,1,0,0,0,0,1,1,2,1,34,6,1560,2,10,8,3,8
2018450823181,1,9,0,18,0,0,0,0,0,0,2,1,6,2,-1,-1,1398,1,-1,-1,-1,-1
2018450823181,2,9,0,18,0,0,0,0,0,0,3,1,6,1,58,9,-1,-1,-1,3,1,3
2018450823181,3,19,0,18,0,0,0,0,0,0,1,1,6,1,51,8,-1,-1,-1,6,2,6
2018450824010,1,9,0,18,0,1,0,0,0,0,4,1,5,2,74,10,1995,2,7,10,1,10
2018450824010,2,9,0,9,0,6,0,0,0,0,1,1,5,1,37,7,2993,2,6,7,3,7
2018450824356,1,9,0,18,0,0,0,4,0,0,1,1,6,1,79,11,1560,2,5,9,1,9
2018450824356,2,1,0,2,0,0,0,0,0,0,2,1,6,1,49,8,-1,-1,-1,10,1,10
2018450829546,1,9,0,18,0,0,0,0,0,0,1,1,6,1,25,5,2993,2,8,8,3,8
2018450829546,2,9,0,5,0,0,0,0,0,0,3,1,6,1,63,9,2993,2,8,9,3,9
2018450847452,1,19,0,2,0,0,0,0,0,0,3,1,1,1,41,7,1598,2,1,7,1,7
2018450847452,2,9,0,18,0,0,0,4,0,0,1,1,3,2,38,7,1149,1,5,10,-1,10
2018450847466,1,9,0,9,0,6,0,0,0,0,1,1,6,2,61,9,1598,1,2,10,1,10
2018450847466,2,9,0,18,0,1,0,0,0,0,3,1,6,1,62,9,-1,-1,-1,9,1,9
2018450847485,1,9,0,18,0,1,1,0,1,0,1,1,6,1,22,5,1299,1,16,4,1,4
2018450847490,1,9,0,3,0,0,0,0,0,0,2,1,6,1,28,6,2143,2,1,8,1,8
2018450847490,2,9,0,3,0,0,0,0,0,0,2,1,6,2,60,9,1798,1,5,7,1,7
2018450847490,3,9,0,4,0,0,0,0,0,0,1,1,6,1,30,6,1910,2,11,5,1,5
2018450847507,1,9,0,7,0,0,0,0,0,0,4,1,2,2,43,7,1998,1,15,6,1,6
2018450847528,1,9,0,16,0,0,5,0,0,0,1,1,6,2,39,7,1839,1,14,7,3,7
2018450847528,2,1,0,17,0,0,0,0,0,0,1,1,6,1,54,8,-1,-1,-1,9,2,9
2018450849762,1,9,0,18,0,1,0,0,0,0,1,1,6,3,50,8,1120,2,3,6,1,6
2018450849762,2,9,0,18,0,1,0,0,0,0,2,1,6,2,41,7,1397,1,14,8,1,8
2018450850390,1,9,0,9,0,6,0,0,0,0,1,1,2,2,50,8,998,1,1,6,1,6
2018450850390,2,3,0,18,0,1,0,0,0,0,1,1,6,1,21,5,124,1,5,5,1,5
2018460253024,1,9,0,18,0,1,0,0,0,0,1,1,6,1,21,5,898,1,2,2,1,2
2018460253024,2,19,0,2,0,2,0,0,0,0,2,1,6,3,-1,-1,-1,-1,-1,-1,-1,-1
2018460253441,1,9,0,13,0,1,0,0,0,0,1,1,6,1,22,5,1753,2,11,2,1,2
2018460253441,2,3,0,9,0,6,0,0,0,0,3,1,6,1,19,4,124,1,2,9,1,9
2018460254860,1,9,0,18,0,8,0,4,0,0,4,1,5,2,43,7,1968,2,5,2,1,2
2018460254860,2,19,0,2,0,8,0,0,0,0,3,1,6,3,-1,-1,-1,-1,-1,-1,-1,-1
2018460254895,1,9,0,9,0,1,0,0,0,0,4,1,6,1,50,8,1598,1,14,9,1,9
2018460254895,2,9,0,18,0,1,1,0,0,0,1,1,6,1,20,4,-1,-1,-1,3,1,3
2018460255733,1,9,0,4,0,8,0,0,0,0,2,1,6,1,-1,-1,1598,1,8,1,1,1
2018460255733,2,9,0,18,0,8,0,0,0,0,1,1,6,1,49,8,1995,2,3,5,1,5
2018460256843,1,9,0,18,9,4,0,7,1,0,1,1,6,1,30,6,-1,-1,-1,2,1,2
2018460256843,2,-1,0,2,0,2,0,0,0,0,2,1,5,3,-1,-1,-1,-1,-1,-1,-1,-1
2018460256843,3,-1,0,2,0,2,0,0,0,0,2,1,5,3,-1,-1,-1,-1,-1,-1,-1,-1
2018460257081,1,9,0,18,7,0,0,0,0,0,1,1,1,1,31,6,2143,2,2,1,1,1
2018460257081,2,21,1,2,6,0,0,0,0,0,2,2,1,1,35,6,-1,-1,-1,-1,-1,-1
2018460257110,1,9,0,18,0,0,1,0,0,0,3,1,5,1,64,9,-1,-1,-1,6,1,6
2018460257110,2,21,4,18,0,0,0,0,0,0,2,1,1,1,55,8,10837,2,1,5,1,5
2018460257144,1,9,0,18,0,3,0,10,8,7,0,1,6,1,17,4,1364,1,8,10,1,10
2018460257185,1,9,0,9,0,1,0,0,0,0,1,1,6,1,82,11,875,1,6,7,1,7
2018460257185,2,1,0,10,0,1,0,0,0,0,1,1,6,1,73,10,-1,-1,-1,10,1,10
2018460257283,1,9,0,18,0,0,0,4,1,0,1,1,2,2,49,8,1598,1,9,6,1,6
2018460257283,2,9,0,2,9,0,0,0,0,0,1,1,6,1,30,6,-1,-1,-1,5,1,5
2018460257283,3,9,0,18,0,0,0,0,0,0,2,1,6,2,31,6,1995,2,16,9,1,9
2018460257615,1,11,0,18,0,2,0,0,0,0,1,1,1,1,42,7,3900,2,14,8,1,8
2018460257710,1,9,0,18,0,0,0,11,0,0,1,1,6,1,37,7,-1,-1,-1,-1,-1,-1
2018460257710,2,9,0,18,0,0,0,11,0,0,1,1,6,2,55,8,1598,1,13,3,1,3
2018460257764,1,9,0,18,0,4,1,0,0,0,2,1,1,1,62,9,-1,-1,-1,9,1,9
2018460257764,2,9,0,3,0,4,0,0,0,0,2,1,6,2,61,9,1388,1,15,1,1,1
2018460257764,3,9,0,3,0,4,0,0,0,0,1,1,6,2,32,6,2993,2,3,4,1,4
2018460257825,1,9,0,18,0,0,0,0,0,0,1,1,6,1,-1,-1,2967,2,11,-1,-1,-1
2018460257825,2,9,0,2,0,0,0,0,0,0,2,1,5,2,-1,-1,1598,1,16,1,1,1
2018460257825,3,9,0,2,0,0,0,0,0,0,1,1,5,1,-1,-1,1149,1,15,1,1,1
2018460257839,1,9,0,16,0,0,5,4,7,0,3,1,2,1,36,7,-1,-1,-1,9,2,9
2018460257839,2,9,0,2,6,0,0,0,0,0,1,1,6,1,71,10,998,1,18,7,3,7
2018460257855,1,9,0,18,0,0,0,0,0,0,1,1,6,1,43,7,-1,-1,-1,6,1,6
2018460257867,1,9,0,18,0,4,0,0,0,0,1,1,6,1,45,7,1968,2,7,10,1,10
2018460257867,2,1,0,18,0,8,0,0,0,0,3,1,6,1,46,8,-1,-1,-1,9,1,9
2018460257930,1,9,0,18,0,0,0,0,0,0,1,1,6,1,24,5,1229,1,5,9,1,9
2018460257930,2,9,0,3,0,0,0,0,0,0,2,1,6,1,73,10,2793,1,23,3,1,3
2018460258096,1,98,0,11,0,4,0,0,0,0,4,1,6,1,-1,-1,-1,-1,-1,-1,-1,-1
2018460258096,2,9,0,18,0,4,0,0,0,0,3,1,2,2,28,6,1390,1,10,4,1,4
2018460258147,1,19,0,9,0,1,0,0,0,0,1,1,1,1,56,9,1598,2,4,6,3,6
2018460258147,2,9,0,17,0,1,0,0,0,0,1,1,6,2,60,9,1399,1,1,10,3,10
2018460258254,1,9,0,17,0,0,0,0,1,10,4,1,2,1,20,4,-1,-1,-1,10,2,10
2018460258286,1,9,0,18,0,0,5,0,2,0,4,1,6,1,17,4,-1,-1,-1,8,2,8
2018460258296,1,9,0,18,0,0,1,0,2,0,1,1,5,2,24,5,998,1,8,4,1,4
2018460258296,2,9,0,18,0,0,0,0,0,0,3,1,5,2,49,8,1968,2,4,8,1,8
2018460258296,3,9,0,18,0,0,0,0,0,0,3,1,2,1,-1,-1,1197,1,1,7,3,7
2018460258320,1,9,0,16,0,0,0,0,7,0,1,1,4,1,18,4,-1,-1,-1,7,1,7
2018460258320,2,9,0,17,0,0,5,0,0,0,1,1,2,2,66,10,1198,1,13,10,1,10
2018460258328,1,9,0,15,0,0,0,0,0,0,1,1,6,2,59,9,1598,1,7,7,3,7
2018460258328,2,16,0,18,0,0,0,0,0,0,0,1,6,2,13,3,-1,-1,-1,3,1,3
2018460258399,1,9,0,7,0,5,0,0,0,0,4,1,5,2,56,9,1997,2,2,4,1,4
2018460258399,2,9,0,18,0,1,0,0,0,0,3,1,5,1,30,6,1997,2,8,3,1,3
2018460258411,1,98,0,18,0,0,0,0,0,0,1,1,6,3,-1,-1,-1,-1,-1,-1,-1,-1
2018460258411,2,1,0,18,0,0,0,0,0,0,3,1,4,1,13,3,-1,-1,-1,2,1,2
2018460258442,1,9,0,18,0,1,0,0,0,0,1,1,6,1,67,10,1598,2,3,2,1,2
2018460258443,1,9,0,5,0,1,0,0,0,0,4,1,6,2,39,7,1997,2,10,9,1,9
2018460258458,1,9,0,18,0,8,0,0,0,0,1,1,6,1,47,8,1798,1,15,1,1,1
2018460258458,2,1,0,18,0,8,0,0,0,0,1,1,6,1,26,6,-1,-1,-1,4,1,4
2018460258470,1,9,0,18,0,1,1,0,0,0,1,1,3,2,51,8,1968,2,2,7,1,7
2018460258470,2,8,0,3,0,1,0,0,0,0,1,1,1,1,49,8,1598,2,3,7,2,7
2018460258470,3,9,0,3,0,1,0,0,0,0,2,1,6,2,57,9,1598,1,12,6,3,6
2018460258477,1,8,0,12,0,1,0,0,0,0,1,1,1,1,53,8,1560,2,4,4,1,4
2018460258477,2,9,0,16,0,3,0,0,0,0,1,1,5,1,31,6,1461,2,5,9,1,9
2018460258483,1,9,0,5,0,0,0,0,0,0,1,1,6,1,-1,-1,1995,1,15,5,1,5
2018460258483,2,9,0,3,0,0,0,0,0,0,2,1,6,1,20,4,999,1,1,2,1,2
2018460258524,1,9,0,5,0,0,0,0,0,0,0,1,6,1,27,6,1995,2,11,6,1,6
2018460258549,1,9,0,18,0,0,5,10,0,0,4,1,6,1,28,6,1598,1,17,4,1,4
2018460258556,1,9,0,1,0,0,0,0,0,0,2,1,6,1,55,8,2183,2,7,5,3,5
2018460258561,1,9,0,18,0,0,0,0,0,0,4,1,1,1,71,10,-1,-1,-1,3,2,3
2018460258561,2,19,0,2,0,0,0,0,0,0,3,1,1,1,60,9,2143,2,2,9,1,9
2018460258561,3,9,0,2,0,0,0,0,0,0,2,1,6,2,-1,-1,-1,-1,-1,4,3,4
2018460258571,1,9,0,18,0,1,0,0,0,0,1,1,6,2,31,6,1587,1,11,4,1,4
2018460258571,2,1,0,8,0,1,0,0,3,0,2,1,2,1,44,7,-1,-1,-1,8,3,8
2018460258573,1,9,0,9,0,1,0,0,0,0,4,1,6,1,81,11,1598,1,6,10,2,10
2018460258573,2,1,0,18,0,1,0,0,0,0,1,1,6,1,73,10,-1,-1,-1,7,1,7
2018460258595,1,9,0,18,0,3,0,0,0,0,1,1,6,1,41,7,1246,1,13,7,1,7
2018460258595,2,1,0,18,0,3,0,0,0,0,4,1,6,1,41,7,-1,-1,-1,4,1,4