Accident_Index,Vehicle_Reference,Vehicle_Type,Towing_and_Articulation,Vehicle_Manoeuvre,Vehicle_Location-Restricted_Lane,Junction_Location,Skidding_and_Overturning,Hit_Object_in_Carriageway,Vehicle_Leaving_Carriageway,Hit_Object_off_Carriageway,1st_Point_of_Impact,Was_Vehicle_Left_Hand_Drive?,Journey_Purpose_of_Driver,Sex_of_Driver,Age_of_Driver,Age_Band_of_Driver,Engine_Capacity_(CC),Propulsion_Code,Age_of_Vehicle,Driver_IMD_Decile,Driver_Home_Area_Type,Vehicle_IMD_Decile
2018460258603,1,9,0,9,0,5,0,0,0,0,1,1,6,3,-1,-1,-1,-1,-1,-1,-1,-1
2018460258603,2,1,0,18,0,5,0,0,0,0,2,1,6,1,10,2,-1,-1,-1,4,1,4
2018460258603,3,1,0,18,0,5,0,0,0,0,1,1,6,1,18,4,-1,-1,-1,3,2,3
2018460258621,1,9,0,18,0,0,1,0,0,0,1,1,1,2,25,5,999,1,1,7,3,7
2018460258621,2,9,0,18,0,0,0,0,0,0,2,1,1,1,59,9,1242,1,2,8,3,8
2018460258621,3,19,0,18,0,0,0,0,0,0,2,1,1,1,51,8,-1,-1,-1,9,2,9
2018460258656,1,9,0,18,0,0,0,0,0,0,1,1,6,2,59,9,1997,2,4,5,1,5
2018460258656,2,5,0,18,0,0,0,0,0,0,2,1,6,1,64,9,599,1,9,5,1,5
2018460258683,1,97,0,18,0,0,1,0,0,0,1,1,6,1,37,7,-1,-1,-1,-1,-1,-1
2018460258683,2,9,0,18,0,0,0,0,0,0,2,1,6,1,33,6,898,1,2,8,1,8
2018460258683,3,98,0,18,0,0,0,0,0,0,2,1,6,3,37,7,-1,-1,-1,-1,-1,-1
2018460258707,1,9,0,18,0,0,0,0,0,0,1,1,6,2,49,8,1360,1,14,8,1,8
2018460258760,1,9,0,9,0,6,0,0,0,0,3,1,5,2,29,6,1598,1,3,6,1,6
2018460258760,2,9,0,18,0,1,0,0,0,0,1,1,5,2,43,7,1499,2,2,6,1,6
2018460258806,1,9,0,9,0,1,0,0,0,0,1,1,5,1,44,7,2198,1,15,9,1,9
2018460258841,1,9,0,16,0,0,0,0,7,0,1,1,5,1,69,10,1997,2,9,6,1,6
2018460258849,1,9,0,18,0,2,1,0,0,0,3,1,6,1,28,6,1796,1,15,4,3,4
2018460258849,2,9,0,18,0,2,0,0,0,0,0,1,1,1,-1,-1,1598,2,2,7,1,7
2018460258858,1,9,0,18,0,0,5,0,0,0,3,1,6,2,61,9,1199,2,6,2,1,2
2018460258858,2,9,0,2,0,0,0,0,0,0,3,1,6,1,34,6,1598,1,15,2,1,2
2018460258897,1,9,0,18,0,0,0,0,0,0,1,1,6,2,18,4,-1,-1,-1,4,2,4
2018460258909,1,9,0,6,0,0,0,0,0,0,3,1,6,2,51,8,1197,1,-1,7,3,7
2018460258909,2,9,0,18,0,0,0,0,0,0,1,1,6,1,22,5,-1,-1,-1,5,3,5
2018460258940,1,9,0,18,0,0,0,12,0,0,1,1,2,1,37,7,1229,1,11,3,1,3
2018460258942,1,9,0,17,0,0,5,0,1,0,1,1,5,1,76,11,1242,1,9,10,3,10
2018460258949,1,9,0,5,0,8,0,0,0,0,4,1,2,2,50,8,1598,2,4,9,1,9
2018460258949,2,11,0,5,0,8,0,0,0,0,1,1,1,1,55,8,4461,2,4,9,1,9
2018460258949,3,9,0,18,0,2,0,0,0,0,0,1,1,1,-1,-1,1968,2,4,-1,-1,-1
2018460258950,1,9,0,18,0,0,1,0,1,3,1,1,5,1,26,6,2000,1,14,8,3,8
2018460258956,1,5,0,13,0,1,0,0,0,0,1,1,6,1,-1,-1,600,1,17,-1,-1,-1
2018460258956,2,9,0,10,0,8,0,0,0,0,3,1,5,2,27,6,1497,1,12,7,1,7
2018460258979,1,3,0,18,0,1,0,0,0,0,1,1,2,1,19,4,125,1,3,4,1,4
2018460258979,2,9,0,9,0,5,0,0,0,0,3,1,2,1,54,8,1598,1,17,7,1,7
2018460258984,1,9,0,18,0,0,0,0,0,0,1,1,6,1,69,10,1598,2,5,9,1,9
2018460258984,2,19,0,18,0,0,0,0,0,0,1,1,6,1,49,8,2402,2,8,-1,-1,-1
2018460258984,3,9,0,18,0,0,0,0,0,0,1,1,6,1,75,10,998,1,2,1,1,1
2018460258984,4,9,0,2,0,0,0,0,0,0,4,1,6,1,78,11,1896,2,9,8,1,8
2018460259012,1,9,0,18,0,2,0,0,0,0,4,1,6,2,21,5,1586,1,12,7,3,7
2018460259012,2,9,0,18,0,1,0,0,0,0,1,1,2,1,35,6,-1,-1,-1,3,1,3
2018460259025,1,9,0,18,0,2,1,0,1,4,1,1,5,2,20,4,1388,1,11,8,1,8
2018460259066,1,9,0,17,0,0,1,0,1,0,1,1,6,1,75,10,1956,2,8,-1,3,-1
2018460259066,2,21,0,17,0,0,1,0,1,0,2,1,1,1,55,8,9290,2,5,2,1,2
2018460259076,1,11,0,5,0,0,0,0,0,0,0,1,1,1,21,5,4500,2,4,3,1,3
2018460259081,1,9,0,11,0,0,1,0,0,0,1,1,6,1,-1,-1,1749,1,17,8,1,8
2018460259081,2,9,0,18,0,0,1,0,0,0,1,1,6,1,72,10,1396,1,9,9,1,9
2018460259081,3,9,0,3,0,0,0,0,0,0,2,1,2,2,21,5,-1,-1,-1,6,1,6
2018460259081,4,9,0,3,0,0,0,0,0,0,2,1,6,1,66,10,-1,-1,-1,10,1,10
2018460259189,1,9,0,18,0,6,0,0,0,0,1,1,6,1,50,8,-1,-1,-1,4,1,4
2018460259192,1,9,0,18,9,0,0,0,1,2,1,1,6,1,74,10,1582,2,3,3,1,3
2018460259197,1,9,0,18,0,0,0,0,0,0,0,1,6,3,-1,-1,-1,-1,-1,-1,-1,-1
2018460259203,1,9,0,18,0,4,0,0,0,0,1,1,6,1,53,8,1388,1,8,1,1,1
2018460259203,2,1,0,18,0,8,0,0,0,0,3,1,6,1,58,9,-1,-1,-1,8,3,8
2018460259228,1,9,0,7,0,1,0,0,0,0,1,1,5,1,20,4,1364,1,13,8,1,8
2018460259252,1,21,4,15,0,1,0,0,0,0,1,1,1,1,57,9,7698,2,1,1,1,1
2018460259252,2,2,0,12,0,5,0,0,0,0,3,1,2,1,16,4,49,1,18,10,1,10
2018460259268,1,9,0,5,0,1,0,0,0,0,3,1,6,1,56,9,1796,1,14,1,1,1
2018460259268,2,90,0,18,0,1,0,0,0,0,3,1,1,1,74,10,-1,-1,-1,7,3,7
2018460259269,1,9,0,18,0,0,1,0,0,0,1,1,6,1,18,4,-1,-1,-1,4,1,4
2018460259269,2,9,0,4,0,0,0,0,0,0,2,1,6,2,54,8,2148,2,9,2,1,2
2018460259269,3,11,0,18,0,0,0,0,0,0,4,1,1,1,55,8,10837,2,3,6,3,6
2018460259269,4,9,0,18,0,0,0,0,0,0,4,1,2,2,43,7,2191,2,2,8,1,8
2018460259286,1,9,0,18,0,0,0,0,0,0,1,1,6,1,20,4,1753,2,17,6,1,6
2018460259286,2,9,0,18,0,0,0,0,0,0,2,1,6,2,58,9,1783,1,14,9,1,9
2018460259296,1,9,0,18,0,0,0,0,0,0,1,1,6,1,24,5,1149,1,8,4,1,4
2018460259296,2,19,0,18,0,0,0,0,0,0,2,1,6,1,32,6,1499,2,1,9,1,9
2018460259304,1,9,0,18,0,3,1,9,2,0,4,1,6,1,16,4,1749,1,17,2,1,2
2018460259304,2,9,0,18,0,3,1,0,0,0,1,1,1,1,-1,-1,2993,2,2,3,1,3
2018460259338,1,9,0,18,0,3,0,0,0,0,1,1,2,1,22,5,1896,2,13,7,2,7
2018460259338,2,9,0,4,0,4,0,0,0,0,3,1,2,2,63,9,1598,2,2,8,1,8
2018460259349,1,10,0,18,0,0,0,0,0,0,1,1,2,1,23,5,-1,-1,-1,-1,-1,-1
2018460259349,2,9,0,3,0,0,0,0,0,0,2,1,6,1,40,7,1995,2,6,3,1,3
2018460259356,1,98,0,6,0,2,0,0,0,0,2,2,1,1,37,7,-1,-1,-1,-1,-1,-1
2018460259356,2,9,0,18,0,1,0,0,0,0,1,1,6,1,38,7,1598,2,1,1,1,1
2018460259366,1,9,0,18,0,0,0,11,0,0,-1,1,5,2,-1,-1,-1,-1,-1,-1,-1,-1
2018460259369,1,2,0,15,0,0,5,0,0,0,1,1,1,1,20,4,50,1,14,7,1,7
2018460259369,2,9,0,3,0,0,0,0,0,0,2,1,1,2,39,7,1998,1,10,7,1,7
2018460259371,1,9,0,18,0,0,0,0,4,0,1,1,6,1,33,6,-1,-1,-1,1,1,1
2018460259395,1,9,0,18,0,0,1,0,0,0,1,1,6,2,24,5,1598,1,10,6,1,6
2018460259395,2,9,0,18,0,0,0,0,0,0,1,1,6,1,24,5,2993,2,7,10,1,10
2018460259397,1,9,0,18,0,0,0,0,0,0,1,1,6,1,36,7,2720,2,12,5,2,5
2018460259397,2,9,0,4,0,0,0,0,0,0,2,1,6,1,23,5,998,1,3,4,2,4
2018460259398,1,9,0,7,0,5,0,0,1,7,1,1,6,1,68,10,1390,1,23,2,1,2
2018460259410,1,9,0,18,0,1,0,0,0,0,1,1,6,1,21,5,1896,2,14,2,1,2
2018460259410,2,9,0,10,0,1,0,0,0,0,2,1,6,1,63,9,1373,1,2,6,1,6
2018460259416,1,9,0,18,0,0,0,0,0,0,0,1,6,3,37,7,-1,-1,-1,-1,-1,-1
2018460259421,1,19,0,18,0,0,0,0,0,0,1,1,1,1,55,8,2143,2,4,5,2,5
2018460259421,2,3,0,12,0,0,0,0,0,0,3,1,1,1,29,6,124,1,3,5,1,5
2018460259430,1,9,0,9,0,1,0,0,0,0,1,1,6,2,40,7,2400,2,8,9,1,9
2018460259430,2,9,0,18,0,1,0,0,2,11,3,1,6,1,41,7,1200,1,2,8,1,8
2018460259451,1,9,0,18,0,4,0,0,0,0,1,1,6,2,-1,-1,1995,2,10,7,1,7
2018460259451,2,9,0,18,0,8,0,0,0,0,4,1,6,2,54,8,1560,2,4,8,1,8
2018460259473,1,9,0,11,0,0,0,0,0,0,0,1,6,3,-1,-1,-1,-1,-1,-1,-1,-1
2018460259473,2,9,0,18,0,0,1,0,0,0,1,1,2,2,25,5,1390,1,11,3,1,3
2018460259473,3,9,0,18,0,0,0,0,0,0,1,1,6,1,18,4,-1,-1,-1,2,2,2
2018460259476,1,9,0,1,0,6,0,0,0,0,2,1,6,2,45,7,-1,-1,-1,-1,-1,-1
2018460259497,1,9,0,18,0,0,0,0,0,0,1,1,6,1,42,7,1399,2,10,2,1,2
2018460259497,2,9,0,2,0,0,0,0,0,0,2,1,6,3,-1,-1,-1,-1,-1,-1,-1,-1
2018460259503,1,9,0,18,0,0,0,0,0,0,1,1,5,1,83,11,1398,2,11,7,3,7
2018460259503,2,9,0,8,0,0,0,0,0,0,2,1,5,2,39,7,1360,1,6,6,2,6
2018460259558,1,9,0,18,0,6,0,0,0,0,3,1,6,1,42,7,2494,1,18,6,1,6
2018460259558,2,9,0,18,0,1,0,0,0,0,1,1,6,1,23,5,-1,-1,-1,6,1,6
2018460259564,1,21,0,5,0,2,0,0,0,0,1,1,6,3,-1,-1,-1,-1,-1,-1,-1,-1
2018460259564,2,1,0,18,0,1,0,0,0,0,4,1,2,2,58,9,-1,-1,-1,4,3,4
2018460259597,1,9,0,18,0,0,0,0,7,0,1,1,2,2,61,9,-1,-1,-1,6,3,6
2018460259597,2,9,0,18,0,0,0,0,0,0,1,1,2,1,49,8,1339,1,12,10,1,10
2018460259604,1,9,0,13,0,1,1,0,0,0,1,1,6,1,37,7,1397,1,17,-1,-1,-1
2018460259604,2,9,0,9,0,3,0,0,0,0,3,1,6,1,35,6,-1,-1,-1,7,1,7
2018460259613,1,19,0,4,0,0,0,0,0,0,1,1,2,1,62,9,1248,2,1,8,1,8
2018460259613,2,9,0,3,0,0,0,0,0,0,2,1,2,1,23,5,-1,-1,-1,10,1,10
2018460259613,3,98,0,3,0,0,0,0,0,0,2,1,2,1,26,6,-1,-1,-1,1,1,1
2018460259613,4,9,0,3,0,0,0,0,0,0,2,1,2,1,34,6,2143,2,5,9,1,9
2018460259626,1,9,0,18,0,1,0,0,0,0,1,1,2,2,26,6,1149,1,14,9,3,9
2018460259626,2,9,0,3,0,1,0,0,0,0,2,1,2,1,56,9,4197,1,12,6,3,6
2018460259626,3,9,0,8,0,1,0,0,0,0,2,1,2,1,36,7,1560,2,7,9,2,9
2018460259707,1,9,0,1,6,0,0,0,7,0,2,1,5,1,82,11,1560,2,7,3,1,3
2018460259724,1,5,0,18,0,2,1,0,0,0,1,1,2,1,33,6,599,1,19,3,1,3
2018460259738,1,9,0,9,0,1,0,0,0,0,1,1,6,1,31,6,2967,2,7,3,1,3
2018460259738,2,9,0,10,0,6,0,0,0,0,2,1,3,2,51,8,1339,1,14,3,1,3
2018460259745,1,9,0,11,0,0,0,0,0,0,1,1,2,2,42,7,1997,1,13,1,2,1
2018460259765,1,9,0,4,0,0,0,7,1,10,1,1,5,1,83,11,1596,1,21,9,1,9
2018460259791,1,9,0,18,0,1,0,0,0,0,1,1,2,1,71,10,-1,-1,-1,3,1,3
2018460259791,2,9,0,3,0,2,0,0,0,0,0,1,5,1,29,6,1997,2,3,4,1,4
2018460259796,1,9,-1,17,0,1,0,0,5,1,1,1,5,2,88,11,1229,1,13,5,1,5
2018460259827,1,9,0,9,0,1,0,0,0,0,3,1,6,1,81,11,1229,1,7,5,1,5
2018460259827,2,9,0,3,0,1,0,0,0,0,3,1,6,1,40,7,1560,2,4,5,1,5
2018460259852,1,9,0,9,0,6,0,0,0,0,3,1,6,2,51,8,1461,2,7,5,1,5
2018460259852,2,3,0,18,0,1,2,0,0,0,1,1,6,1,23,5,125,1,2,10,1,10
2018460259896,1,3,0,13,0,1,2,0,0,0,1,1,6,1,17,4,124,1,15,10,1,10
2018460259896,2,9,0,10,0,1,0,0,0,0,3,1,6,2,45,7,1998,1,2,9,1,9
2018460259896,3,9,0,3,0,1,0,0,0,0,2,1,6,1,58,9,-1,-1,-1,7,3,7
2018460259900,1,9,0,9,0,5,0,10,0,0,1,1,6,1,17,4,1229,1,4,7,3,7
2018460259900,2,9,0,18,0,2,0,0,1,0,4,1,6,1,71,10,2495,2,15,7,2,7
2018460259923,1,9,0,9,0,6,0,0,0,0,3,1,2,1,33,6,2995,1,1,3,1,3
2018460259923,2,9,0,18,0,1,0,0,0,0,1,1,2,2,31,6,1999,2,1,1,1,1
2018460259934,1,9,0,18,0,0,0,0,0,0,0,1,1,1,29,6,1798,8,6,2,1,2
2018460259934,2,9,0,18,0,0,0,0,0,0,0,1,1,1,64,9,1591,1,8,3,1,3
2018460259957,1,9,0,4,0,4,0,0,0,0,1,1,6,2,21,5,-1,-1,-1,7,1,7
2018460259957,2,5,0,3,0,4,0,0,0,0,2,1,6,1,51,8,599,1,27,6,1,6
2018460260214,1,9,0,16,0,0,1,0,1,0,0,1,2,1,36,7,1796,1,15,4,2,4
2018460260222,1,9,0,18,0,0,1,0,0,0,1,1,2,1,34,6,2993,2,2,2,1,2
2018460260222,2,9,0,3,0,0,0,0,0,0,2,1,6,1,30,6,1956,2,5,2,1,2
2018460260242,1,-1,-1,18,0,0,0,0,0,0,1,1,6,3,-1,-1,-1,-1,-1,-1,-1,-1
2018460260242,2,8,0,2,0,0,0,0,0,0,2,1,6,1,20,4,1997,2,17,8,1,8
2018460260261,1,9,0,18,0,0,0,0,0,0,3,1,1,1,31,6,-1,-1,-1,-1,-1,-1
2018460260261,2,9,0,13,0,0,1,0,1,0,4,1,5,2,69,10,1199,1,17,5,1,5
2018460260285,1,1,0,18,0,0,1,0,1,9,0,1,5,2,54,8,-1,-1,-1,8,2,8
2018460260307,1,5,0,18,0,4,1,0,0,0,1,1,6,1,52,8,645,1,2,6,1,6
2018460260341,1,9,0,18,0,0,1,0,5,6,2,1,1,2,18,4,1349,1,7,9,1,9
2018460260362,1,9,0,7,0,3,0,0,0,0,1,1,6,1,35,6,2987,2,10,7,1,7
2018460260362,2,9,0,7,0,3,0,0,0,0,2,1,6,1,64,9,1984,1,11,7,2,7
2018460260377,1,9,0,18,0,8,0,0,0,0,3,1,6,1,55,8,2993,2,3,6,1,6
2018460260377,2,9,0,18,0,1,0,0,0,0,1,1,6,2,67,10,1197,1,3,6,3,6
2018460260406,1,9,0,18,0,4,0,0,0,0,1,1,6,1,-1,-1,1248,1,2,7,3,7
2018460260406,2,9,0,5,0,4,0,0,0,0,2,1,5,1,17,4,1198,1,10,10,1,10
2018460260409,1,19,0,18,0,1,0,0,0,0,0,1,6,1,-1,-1,1248,2,4,9,1,9
2018460260437,1,9,0,18,0,2,0,0,0,0,1,1,6,2,22,5,1598,1,5,3,1,3
2018460260437,2,9,0,2,0,2,0,0,0,0,2,1,5,1,40,7,1598,1,5,-1,-1,-1
2018460260437,3,9,0,2,0,2,0,0,0,0,2,1,5,2,30,6,1560,2,8,-1,-1,-1
2018460260451,1,9,0,3,0,0,0,0,1,0,1,1,6,2,34,6,1400,1,12,9,2,9
2018460260492,1,9,0,18,0,0,0,0,0,0,1,1,6,1,18,4,1197,1,4,-1,-1,-1
2018460260492,2,5,0,18,0,0,0,0,0,0,2,1,6,1,30,6,996,1,17,4,1,4
2018460260540,1,90,0,18,0,2,0,0,4,6,1,1,6,1,27,6,-1,-1,-1,8,1,8
2018460260579,1,9,0,3,0,0,0,0,0,0,3,1,6,2,20,4,1197,1,1,8,2,8
2018460260579,2,5,0,3,0,0,0,0,0,0,4,1,6,1,69,10,1237,1,2,4,2,4
2018460260579,3,9,0,18,0,0,0,0,0,0,1,1,6,2,18,4,1242,1,11,6,1,6
2018460260601,1,9,0,18,0,2,0,0,0,0,1,1,2,1,21,5,1761,1,18,3,1,3
2018460260601,2,22,0,7,0,2,0,0,0,0,4,1,5,1,79,11,-1,-1,-1,10,1,10
2018460260609,1,9,0,18,0,0,0,0,0,0,1,1,3,2,76,11,1388,1,14,10,1,10
2018460260622,1,9,0,18,0,0,0,0,1,0,4,1,6,2,17,4,1388,1,16,9,1,9
2018460260622,2,9,0,18,0,0,0,0,0,0,1,1,2,2,62,9,1498,1,10,7,1,7
2018460260635,1,9,0,15,0,1,0,0,0,0,0,1,6,3,37,7,-1,-1,-1,-1,-1,-1
2018460260635,2,9,0,16,0,2,0,0,0,0,2,1,6,1,60,9,1461,2,3,5,3,5
2018460260635,3,9,0,16,0,2,0,0,0,0,1,1,1,1,42,7,-1,-1,-1,8,3,8
2018460260640,1,9,0,18,0,4,0,0,0,0,1,1,2,2,24,5,1499,1,1,9,1,9
2018460260640,2,9,0,18,0,4,0,0,0,0,2,1,5,1,53,8,1753,2,12,6,1,6
2018460260652,1,9,0,18,0,1,0,0,0,0,1,1,3,2,67,10,1599,1,14,2,1,2
2018460260652,2,11,0,9,0,8,0,0,0,0,3,1,1,1,68,10,4461,2,4,9,2,9
2018460260666,1,9,0,9,0,2,0,0,0,0,1,1,3,2,39,7,1386,1,9,4,1,4
2018460260666,2,1,0,18,0,2,0,0,0,0,1,1,6,1,34,6,-1,-1,-1,1,1,1
2018460260674,1,3,-1,4,0,0,1,0,0,0,3,1,1,1,47,8,124,1,5,3,1,3
2018460260684,1,9,0,18,0,0,0,0,0,0,1,1,6,3,37,7,-1,-1,-1,-1,-1,-1
2018460260715,1,9,0,8,0,8,0,0,0,0,3,1,6,1,37,7,-1,-1,-1,2,1,2
2018460260715,2,9,0,18,0,1,0,0,0,0,1,1,6,1,21,5,1796,1,12,6,1,6
2018460260719,1,9,0,1,0,0,0,0,0,0,2,1,1,1,35,6,-1,-1,-1,6,1,6
2018460260721,1,9,0,12,0,0,0,0,0,0,0,1,2,2,35,6,999,1,1,7,-1,7
2018460260721,2,3,0,18,0,0,2,0,0,0,0,1,2,1,39,7,124,1,9,3,1,3
2018460260728,1,2,0,5,0,1,0,0,0,0,1,1,1,2,26,6,49,1,16,4,1,4
2018460260763,1,9,0,9,0,6,0,0,0,0,1,1,6,1,43,7,1499,1,2,9,1,9
2018460260763,2,9,0,18,0,1,0,0,0,0,1,1,6,1,47,8,1560,2,10,7,1,7
2018460260767,1,9,0,12,0,0,0,0,0,0,2,1,6,1,17,4,1560,2,11,9,2,9
2018460260767,2,9,0,18,0,0,0,0,0,0,0,1,6,2,54,8,998,1,7,6,1,6
2018460260767,3,9,0,18,0,0,1,0,0,0,1,1,2,1,52,8,-1,-1,-1,9,1,9
2018460260795,1,21,1,17,0,8,0,0,0,0,3,2,1,1,49,8,-1,-1,-1,-1,-1,-1
2018460260795,2,9,0,17,0,8,0,0,0,0,4,1,1,1,30,6,1968,2,9,1,1,1
2018460260842,1,9,0,18,0,0,0,4,0,0,1,1,3,1,41,7,1124,1,15,4,1,4
2018460260842,2,9,0,2,0,0,-1,4,0,0,2,1,5,2,-1,-1,1598,1,12,4,1,4
2018460260842,3,9,0,2,0,0,-1,4,0,0,2,1,5,2,-1,-1,1398,1,2,6,2,6
2018460260842,4,9,0,2,0,0,-1,0,0,0,2,1,5,2,-1,-1,1995,2,8,1,1,1
2018460260852,1,9,0,18,0,0,1,0,0,0,3,1,6,1,25,5,1596,1,11,6,1,6
2018460260852,2,98,1,18,0,0,0,0,0,0,2,1,1,1,36,7,-1,-1,-1,-1,-1,-1
2018460260896,1,9,0,18,0,0,0,0,0,0,1,1,5,1,29,6,-1,-1,-1,8,2,8
2018460260896,2,9,0,3,0,0,0,0,0,0,1,1,5,2,41,7,1598,1,12,9,1,9
2018460260897,1,-1,0,18,0,1,0,0,0,0,0,1,6,3,-1,-1,-1,-1,-1,-1,-1,-1
2018460260897,2,8,0,18,0,1,0,0,7,0,0,1,6,1,45,7,1997,2,6,2,1,2
2018460260912,1,9,0,9,0,6,0,0,0,0,1,1,6,1,41,7,-1,-1,-1,4,3,4
2018460260912,2,9,0,18,0,1,0,0,0,0,4,1,2,2,33,6,3189,1,12,10,1,10
2018460260929,1,9,0,2,0,8,0,0,0,0,1,1,6,1,59,9,1596,1,5,1,1,1
2018460260929,2,9,0,18,0,8,0,0,0,0,2,1,6,1,34,6,1242,1,10,5,1,5
2018460260977,1,9,0,3,0,1,0,0,0,0,4,1,6,3,-1,-1,-1,-1,-1,-1,-1,-1
2018460260977,2,9,0,3,0,1,0,0,0,0,3,1,6,1,54,8,1988,1,16,5,1,5
2018460260986,1,90,0,1,0,0,0,0,0,0,2,1,6,1,26,6,-1,-1,-1,3,1,3
2018460261008,1,9,0,4,0,0,0,0,0,0,1,1,6,1,54,8,-1,-1,-1,8,2,8
2018460261008,2,9,0,4,0,0,0,0,0,0,2,1,6,2,46,8,1598,1,14,6,1,6
2018460261008,3,9,0,2,0,0,0,0,0,0,2,1,6,2,70,10,-1,-1,-1,8,1,8
2018460261008,4,9,0,2,0,0,0,0,0,0,2,1,6,2,39,7,1998,2,5,6,1,6
2018460261017,1,9,0,14,0,0,0,0,0,0,3,1,6,1,84,11,2261,1,9,7,1,7
2018460261017,2,9,0,3,0,0,0,0,0,0,3,1,6,2,47,8,1968,2,6,6,1,6
2018460261017,3,9,0,2,0,0,0,0,0,0,1,1,6,3,-1,-1,-1,-1,-1,-1,-1,-1
2018460261071,1,9,0,18,0,2,0,0,0,0,3,1,6,1,55,8,5998,1,11,8,3,8
2018460261101,1,9,0,16,3,0,5,0,7,0,4,1,2,1,30,6,-1,-1,-1,2,1,2
2018460261123,1,19,0,18,0,0,0,0,0,0,4,1,1,1,-1,-1,2287,2,7,-1,-1,-1
2018460261123,2,9,0,2,0,0,0,0,0,0,3,1,3,2,38,7,999,1,2,4,1,4
2018460261160,1,21,0,16,0,3,0,0,1,0,0,1,6,1,-1,-1,12809,2,2,5,1,5
2018460261160,2,9,0,16,0,3,0,0,1,0,3,1,6,2,38,7,998,1,1,6,1,6
2018460261175,1,9,0,9,0,1,0,0,0,0,1,1,6,1,-1,-1,1229,1,13,-1,-1,-1
2018460261175,2,9,0,9,0,5,0,0,0,0,3,1,6,2,28,6,1242,1,7,6,1,6
2018460261196,1,21,1,12,0,0,0,0,0,0,4,2,1,1,61,9,-1,-1,-1,-1,-1,-1
2018460261196,2,9,0,13,0,0,0,0,2,0,3,1,2,2,47,8,1229,1,13,1,1,1
2018460261247,1,9,0,10,0,5,1,0,0,0,4,1,5,1,25,5,1995,2,2,10,1,10
2018460261247,2,9,0,18,0,1,1,0,0,0,1,1,5,1,55,8,1997,2,6,5,1,5
2018460261256,1,11,0,18,0,1,0,0,0,0,1,1,1,1,44,7,4250,2,14,7,1,7
2018460261256,2,9,0,18,0,1,0,0,0,0,2,1,6,2,59,9,2199,2,8,9,1,9
2018460261257,1,9,0,18,0,2,0,11,7,0,1,1,2,2,30,6,1229,1,4,8,1,8
2018460261257,2,9,0,18,0,2,0,11,0,0,1,1,2,1,30,6,1968,2,11,7,3,7
2018460261261,1,9,0,18,0,0,0,0,0,0,1,1,3,2,29,6,-1,-1,-1,7,3,7
2018460261261,2,9,0,10,0,0,0,0,0,0,2,1,3,2,43,7,1753,2,15,4,1,4
2018460261307,1,9,0,-1,-1,-1,0,-1,-1,0,4,1,6,1,-1,-1,-1,-1,-1,-1,-1,-1
2018460261307,2,1,0,18,0,1,0,0,0,0,3,1,4,1,15,3,-1,-1,-1,3,1,3
2018460261308,1,9,0,18,0,1,0,0,0,0,1,1,5,1,23,5,1587,1,11,4,1,4
2018460261308,2,9,0,3,0,1,0,0,0,0,2,1,5,2,24,5,1200,1,5,10,1,10
2018460261336,1,9,0,18,0,0,0,0,0,0,1,1,1,1,32,6,-1,-1,-1,2,1,2
2018460261336,2,9,0,2,0,0,0,0,0,0,2,1,6,1,-1,-1,1364,1,1,7,3,7
2018460261356,1,9,0,7,0,0,0,0,0,0,2,1,6,2,27,6,1984,2,9,7,3,7
2018460261356,2,9,0,18,0,0,0,0,0,0,1,1,6,1,22,5,1968,2,4,7,3,7
2018460261364,1,97,0,18,0,0,1,0,0,0,1,1,1,1,46,8,-1,-1,-1,3,1,3
2018460261364,2,9,0,18,0,0,0,0,0,0,2,1,2,1,44,7,1995,1,5,10,2,10
2018460261364,3,9,0,4,0,0,0,0,0,0,0,1,6,3,-1,-1,-1,-1,-1,-1,-1,-1
2018460261371,1,9,0,18,0,1,2,0,7,10,1,1,5,2,20,4,1124,1,17,6,3,6
2018460261386,1,9,0,9,0,1,0,0,0,0,1,1,2,1,28,6,-1,-1,-1,3,1,3
2018460261408,1,9,0,13,0,1,0,0,0,0,1,1,6,1,70,10,1997,2,15,8,1,8
2018460261408,2,9,0,9,0,5,0,0,0,0,3,1,6,1,20,4,-1,-1,-1,1,1,1
2018460261416,1,9,0,18,0,8,1,0,0,0,1,1,5,1,60,9,-1,-1,-1,8,2,8
2018460261416,2,9,0,18,0,8,1,0,0,0,1,1,3,2,60,9,1997,2,6,8,3,8
2018460261456,1,19,0,9,0,8,0,0,0,0,4,1,1,1,24,5,2402,2,15,5,1,5
2018460261456,2,9,0,18,0,8,0,0,0,0,1,1,1,1,51,8,1598,2,1,1,1,1
2018460261493,1,9,0,2,0,0,0,0,0,0,3,1,6,1,-1,-1,-1,-1,-1,-1,-1,-1
2018460261493,2,1,0,18,0,0,5,0,0,0,1,1,6,2,37,7,-1,-1,-1,4,1,4
2018460261494,1,9,0,17,0,8,0,0,0,0,4,1,1,1,29,6,-1,-1,-1,8,1,8
2018460261494,2,9,0,3,0,1,0,0,0,0,1,1,6,2,50,8,1686,2,7,7,1,7
2018460261507,1,9,0,5,0,2,0,0,1,0,1,1,6,2,32,6,1997,2,8,3,1,3
2018460261524,1,9,0,9,0,8,0,0,0,0,4,1,6,1,23,5,1368,1,12,3,1,3
2018460261524,2,9,0,18,0,8,0,0,0,0,1,1,2,1,39,7,2494,1,17,-1,-1,-1