Accident_Index,Vehicle_Reference,Vehicle_Type,Towing_and_Articulation,Vehicle_Manoeuvre,Vehicle_Location-Restricted_Lane,Junction_Location,Skidding_and_Overturning,Hit_Object_in_Carriageway,Vehicle_Leaving_Carriageway,Hit_Object_off_Carriageway,1st_Point_of_Impact,Was_Vehicle_Left_Hand_Drive?,Journey_Purpose_of_Driver,Sex_of_Driver,Age_of_Driver,Age_Band_of_Driver,Engine_Capacity_(CC),Propulsion_Code,Age_of_Vehicle,Driver_IMD_Decile,Driver_Home_Area_Type,Vehicle_IMD_Decile
2018460265480,4,9,0,4,0,0,0,0,0,0,2,1,6,2,40,7,1461,2,4,10,1,10
2018460265485,1,21,1,11,0,0,0,0,0,0,4,1,1,1,48,8,12740,2,2,3,1,3
2018460265485,2,9,0,18,0,0,0,0,0,0,3,1,5,2,20,4,998,1,2,3,1,3
2018460265487,1,9,0,4,0,1,0,0,0,0,1,1,6,1,42,7,1590,1,15,6,3,6
2018460265487,2,9,0,4,0,1,0,0,0,0,2,1,6,2,46,8,-1,-1,-1,4,1,4
2018460265487,3,9,0,4,0,1,0,0,0,0,2,1,6,1,30,6,-1,-1,-1,1,1,1
2018460265509,1,9,0,14,0,1,0,0,0,0,4,1,5,1,42,7,1997,2,7,6,1,6
2018460265519,1,21,1,18,0,4,0,0,0,0,1,1,1,1,38,7,11021,2,15,3,1,3
2018460265530,1,1,0,17,0,0,5,0,0,0,1,1,6,1,53,8,-1,-1,-1,8,1,8
2018460265549,1,9,0,9,0,0,0,0,0,0,3,1,6,1,18,4,1390,1,5,7,3,7
2018460265549,2,9,0,18,0,0,0,0,0,0,1,1,2,2,54,8,1360,1,19,6,1,6
2018460265554,1,9,0,5,0,0,0,0,0,0,0,1,6,3,-1,-1,-1,-1,-1,-1,-1,-1
2018460265554,2,9,0,18,0,0,1,0,0,0,2,1,6,1,34,6,2993,2,4,8,3,8
2018460265554,3,9,0,18,0,0,1,0,0,0,1,1,6,2,60,9,1388,1,14,4,2,4
2018460265579,1,9,5,3,0,0,0,0,0,0,1,1,6,2,64,9,1895,1,18,9,1,9
2018460265579,2,9,0,3,0,0,0,0,0,0,1,1,6,1,37,7,2143,2,2,8,1,8
2018460265631,1,9,0,3,0,1,0,0,0,0,0,1,6,2,42,7,1364,1,11,10,1,10
2018460265641,1,5,0,18,0,4,0,0,0,0,1,1,2,1,31,6,998,1,2,4,1,4
2018460265641,2,90,0,11,0,4,0,0,0,0,3,1,6,1,38,7,-1,-1,-1,8,1,8
2018460265693,1,9,0,9,0,5,0,0,0,0,1,1,2,2,48,8,1598,1,11,7,1,7
2018460265693,2,9,0,3,0,2,0,0,0,0,1,1,6,1,50,8,1461,2,8,2,1,2
2018460265693,3,2,0,18,0,1,2,0,0,0,1,1,6,1,19,4,49,1,3,4,1,4
2018460265693,4,2,0,18,0,1,2,0,0,0,1,1,6,1,18,4,49,1,6,4,1,4
2018460265694,1,9,0,3,0,1,0,0,0,0,1,1,6,1,43,7,973,1,21,2,1,2
2018460265694,2,9,0,3,0,1,0,0,0,0,3,1,6,2,67,10,999,1,1,3,1,3
2018460265708,1,9,0,3,0,0,0,0,0,0,1,1,6,1,24,5,1248,1,5,6,1,6
2018460265719,1,9,0,9,0,8,0,0,0,0,4,1,6,1,26,6,-1,-1,-1,2,1,2
2018460265719,2,9,0,18,0,1,0,0,0,0,1,1,6,2,19,4,1242,1,4,3,1,3
2018460265735,1,9,0,9,0,5,0,0,0,0,1,1,6,2,26,6,1598,2,4,8,3,8
2018460265735,2,9,0,16,0,5,0,0,0,0,1,1,6,2,69,10,1390,1,17,7,1,7
2018460265809,1,3,0,13,0,8,1,0,0,0,4,1,2,1,32,6,125,1,1,7,1,7
2018460265809,2,11,0,18,0,8,0,0,0,0,3,1,1,1,65,9,9000,2,9,4,3,4
2018460265855,1,9,0,18,0,0,0,0,0,0,1,1,2,2,41,7,1086,1,13,5,1,5
2018460265855,2,9,0,18,0,0,0,0,0,0,2,1,2,1,52,8,2191,2,-1,9,1,9
2018460265858,1,9,0,18,0,1,0,0,0,0,1,1,5,2,43,7,-1,-1,-1,3,2,3
2018460265858,2,19,0,3,0,1,0,0,0,0,2,1,1,1,47,8,1560,2,4,9,3,9
2018460265872,1,9,0,12,0,0,0,0,0,0,3,1,3,2,38,7,1999,1,13,5,3,5
2018460265872,2,23,0,15,0,0,0,0,0,0,0,1,6,1,41,7,675,1,6,4,1,4
2018460265906,1,9,0,18,0,3,0,0,0,0,1,1,6,1,20,4,1997,2,16,7,1,7
2018460265910,1,9,0,18,0,8,0,0,0,0,1,1,1,2,29,6,1560,2,7,10,1,10
2018460265910,2,5,0,7,0,8,0,0,1,0,3,1,1,1,53,8,996,1,13,8,1,8
2018460265953,1,3,0,7,0,7,2,0,0,0,0,1,2,1,24,5,124,1,7,2,1,2
2018460265975,1,19,0,11,0,0,0,0,0,0,4,1,6,1,43,7,2198,2,10,8,1,8
2018460265975,2,5,0,18,0,0,0,0,0,0,3,1,6,1,29,6,599,1,13,3,1,3
2018460265976,1,9,0,18,0,0,1,0,0,0,1,1,6,1,70,10,1995,2,9,7,1,7
2018460265976,2,9,0,18,0,0,0,0,0,0,2,1,6,2,44,7,1995,2,4,3,1,3
2018460265976,3,9,0,18,0,0,0,0,0,0,0,1,6,3,-1,-1,-1,-1,-1,-1,-1,-1
2018460265976,4,11,0,18,0,0,0,0,0,0,0,1,1,1,22,5,9000,2,4,7,1,7
2018460265982,1,9,0,4,0,2,0,0,3,0,1,1,5,1,20,4,1229,1,6,2,1,2
2018460266060,1,8,0,5,0,6,0,0,0,0,0,1,6,1,23,5,1560,2,8,5,1,5
2018460266060,2,2,0,18,0,8,1,0,0,0,0,1,6,1,23,5,49,1,2,6,1,6
2018460266074,1,9,0,16,0,0,0,0,0,0,2,1,6,1,37,7,1796,1,13,10,2,10
2018460266074,2,9,0,3,0,0,0,0,0,0,1,1,6,1,25,5,1984,1,7,3,1,3
2018460266093,1,9,0,3,0,0,0,0,0,0,1,1,6,1,26,6,1560,2,4,1,1,1
2018460266093,2,9,0,3,0,0,0,0,0,0,1,1,6,2,29,6,1910,2,12,3,1,3
2018460266093,3,9,0,3,0,0,0,0,0,0,2,1,6,1,40,7,1242,1,3,5,1,5
2018460266098,1,9,0,16,0,0,1,0,1,1,1,1,1,2,22,5,1398,1,8,4,3,4
2018460266107,1,9,0,18,0,0,1,0,1,4,1,1,5,2,32,6,1149,1,11,9,3,9
2018460266136,1,9,0,18,0,0,0,11,0,0,4,1,3,2,39,7,1968,2,3,5,3,5
2018460266168,1,9,0,3,0,0,0,0,0,0,3,1,6,2,30,6,1149,1,9,4,1,4
2018460266168,2,90,0,3,0,0,0,0,0,0,1,1,1,1,20,4,6700,2,1,2,1,2
2018460266227,1,11,0,4,0,1,0,0,0,0,0,1,1,1,30,6,4250,2,5,8,1,8
2018460266246,1,9,0,18,0,6,0,0,0,0,1,1,1,1,34,6,998,1,2,5,2,5
2018460266246,2,2,0,18,0,6,2,0,0,0,2,1,2,1,17,4,49,1,5,5,1,5
2018460266250,1,3,0,9,0,3,0,0,0,0,3,1,6,1,20,4,124,1,4,1,1,1
2018460266250,2,9,0,18,0,3,0,0,0,0,4,1,6,2,31,6,998,1,4,1,1,1
2018460266272,1,9,0,9,0,6,0,0,0,0,3,1,1,2,50,8,1364,1,9,7,3,7
2018460266272,2,9,0,18,0,1,0,0,0,0,4,1,1,2,21,5,1395,1,3,7,1,7
2018460266307,1,9,0,18,0,8,1,0,-1,0,3,1,5,2,37,7,1596,1,14,8,1,8
2018460266338,1,9,0,3,0,1,0,0,0,0,1,1,1,1,-1,-1,1398,1,15,7,1,7
2018460266338,2,9,0,3,0,1,0,0,0,0,2,1,6,2,32,6,1497,8,4,6,2,6
2018460266390,1,98,0,4,0,1,0,0,0,0,3,1,6,3,-1,-1,-1,-1,-1,-1,-1,-1
2018460266390,2,9,0,5,0,1,0,0,0,0,4,1,6,1,32,6,2143,2,6,1,1,1
2018460266433,1,-1,0,18,0,0,0,0,0,0,1,1,6,3,-1,-1,-1,-1,-1,-1,-1,-1
2018460266482,1,9,0,16,0,1,0,0,0,0,4,1,6,2,25,5,1796,1,10,1,1,1
2018460266494,1,19,0,4,0,0,0,0,0,0,1,1,1,1,57,9,2198,2,3,4,3,4
2018460266494,2,9,0,4,0,0,0,0,0,0,2,1,6,1,31,6,1956,2,9,1,1,1
2018460266529,1,9,0,16,0,0,1,0,8,3,4,1,6,1,22,5,-1,-1,-1,3,1,3
2018460266537,1,9,0,16,0,0,1,0,1,4,2,1,6,3,-1,-1,1229,1,12,-1,-1,-1
2018460266570,1,9,0,18,0,1,0,0,0,0,1,1,5,1,43,7,998,1,4,2,1,2
2018460266801,1,9,0,18,0,0,0,0,0,0,1,1,6,1,43,7,1968,2,1,9,1,9
2018460266801,2,9,0,18,0,0,0,0,0,0,2,1,1,1,29,6,-1,-1,-1,8,3,8
2018460266801,3,9,0,18,0,0,0,0,0,0,3,1,6,1,37,7,1968,2,7,-1,1,-1
2018460266953,1,5,0,4,0,1,1,0,0,0,1,1,6,1,22,5,999,1,5,5,1,5
2018460266953,2,9,0,10,0,1,0,0,0,0,4,1,5,1,53,8,2143,2,4,4,3,4
2018460267047,1,9,0,18,0,0,0,0,0,0,1,1,6,2,84,11,1197,1,5,-1,-1,-1
2018460267091,1,11,-1,4,0,0,0,0,0,0,0,1,1,1,63,9,6692,2,7,2,1,2
2018460267117,1,9,0,18,0,0,1,0,0,0,1,1,6,1,30,6,1998,2,8,6,1,6
2018460267117,2,9,0,9,0,0,1,0,0,0,2,1,3,2,47,8,1587,1,13,7,1,7
2018460267138,1,3,0,5,0,1,0,10,7,10,1,1,6,1,24,5,125,1,1,2,1,2
2018460267138,2,2,0,18,0,2,0,0,0,0,0,1,6,3,-1,-1,-1,-1,-1,-1,-1,-1
2018460267138,3,2,0,18,0,2,0,0,0,0,0,1,6,3,-1,-1,-1,-1,-1,-1,-1,-1
2018460267142,1,9,0,9,0,5,0,0,0,0,4,1,6,2,-1,-1,-1,-1,-1,-1,-1,-1
2018460267142,2,1,0,18,0,1,2,0,0,0,1,1,4,1,16,4,-1,-1,-1,10,1,10
2018460267172,1,19,0,18,0,0,5,0,1,0,4,1,2,1,28,6,1560,2,5,3,1,3
2018460267172,2,90,1,18,0,0,0,0,0,0,1,1,1,1,41,7,-1,-1,-1,-1,-1,-1
2018460267172,3,90,1,18,0,0,0,0,0,0,3,1,2,1,23,5,-1,-1,-1,-1,-1,-1
2018460267176,1,4,0,14,0,3,0,0,0,0,1,1,2,1,34,6,670,1,6,3,1,3
2018460267176,2,9,0,6,0,2,0,0,0,0,3,1,2,1,70,10,-1,-1,-1,6,3,6
2018460267357,1,9,0,18,0,0,0,12,0,0,4,1,1,1,53,8,-1,-1,-1,5,1,5
2018460267358,1,3,0,5,0,4,0,0,0,0,1,1,5,2,58,9,125,1,3,3,2,3
2018460267358,2,9,0,3,0,8,0,0,0,0,4,1,1,1,39,7,1997,2,9,5,1,5
2018460267375,1,9,0,13,0,0,0,0,0,0,1,1,2,1,47,8,-1,-1,-1,5,1,5
2018460267375,2,9,0,18,0,0,0,0,0,0,1,1,2,1,34,6,1198,1,4,6,1,6
2018460267390,1,9,0,5,0,0,0,0,0,0,0,1,6,3,37,7,-1,-1,-1,-1,-1,-1
2018460267390,2,5,0,18,0,0,1,0,0,0,0,1,1,1,47,8,803,1,2,9,1,9
2018460267406,1,9,0,17,0,0,2,0,7,0,0,1,6,1,24,5,2171,2,14,6,3,6
2018460267480,1,9,0,18,0,0,5,0,0,0,3,1,6,2,29,6,1461,2,4,3,1,3
2018460267480,2,9,0,18,0,0,0,0,0,0,1,1,6,1,66,10,-1,-1,-1,7,1,7
2018460267487,1,3,0,18,0,2,1,0,0,0,0,1,6,2,20,4,125,1,2,3,1,3
2018460267565,1,9,0,18,0,0,0,0,0,0,1,1,6,1,31,6,1783,1,19,7,1,7
2018460267565,2,9,0,3,0,0,0,0,0,0,2,1,5,2,29,6,1560,2,6,5,2,5
2018460267575,1,9,0,18,0,0,2,0,1,0,4,1,2,1,21,5,1341,1,14,6,1,6
2018460267575,2,9,0,4,0,0,1,6,0,0,1,1,2,1,37,7,998,1,6,7,1,7
2018460267601,1,90,1,18,0,0,0,0,0,0,1,1,2,1,45,7,-1,-1,-1,3,1,3
2018460267601,2,90,1,18,0,0,0,0,0,0,2,1,2,1,55,8,-1,-1,-1,7,1,7
2018460267601,3,9,0,13,0,0,0,0,0,0,0,1,6,3,-1,-1,-1,-1,-1,-1,-1,-1
2018460267634,1,-1,0,18,0,4,0,0,0,0,1,1,1,1,52,8,-1,-1,-1,1,1,1
2018460267634,2,1,0,18,0,8,0,0,0,0,1,1,1,1,30,6,-1,-1,-1,9,1,9
2018460267700,1,9,0,18,0,1,0,0,1,0,1,1,6,2,45,7,1199,1,18,4,1,4
2018460267711,1,9,0,16,0,2,0,0,0,0,1,1,6,2,42,7,1198,1,5,9,1,9
2018460267830,1,9,0,18,0,0,0,0,0,0,4,1,1,1,40,7,-1,-1,-1,5,1,5
2018460267846,1,9,0,2,0,0,0,0,0,0,3,1,6,1,48,8,1796,1,7,1,1,1
2018460267846,2,9,0,18,0,0,0,4,0,0,4,1,6,1,21,5,1598,1,6,7,1,7
2018460267846,3,9,0,18,0,0,0,4,0,0,4,1,2,2,35,6,-1,-1,-1,8,1,8
2018460267846,4,9,0,18,0,0,0,0,0,0,1,1,6,1,50,8,1399,2,9,1,1,1
2018460267846,5,9,0,18,0,0,0,4,0,0,4,1,6,2,22,5,1582,2,1,8,2,8
2018460267851,1,9,0,18,0,0,0,0,0,0,4,1,6,1,82,11,1595,1,2,9,1,9
2018460267868,1,9,0,18,0,0,0,0,0,0,4,1,6,2,73,10,1560,2,8,7,1,7
2018460267868,2,9,0,2,0,0,0,0,0,0,3,1,6,2,43,7,1560,2,4,1,1,1
2018460267895,1,9,0,18,0,0,1,0,1,0,0,1,6,1,29,6,2995,1,2,5,1,5
2018460267895,2,98,0,18,0,0,1,1,0,0,1,1,6,1,40,7,-1,-1,-1,-1,-1,-1
2018460267895,3,9,0,18,0,0,1,1,0,0,4,1,6,1,47,8,-1,-1,-1,-1,-1,-1
2018460267895,4,9,0,18,0,0,1,1,0,0,2,1,6,1,44,7,2494,2,5,8,1,8
2018460267895,5,9,0,18,0,0,1,1,0,0,4,1,5,1,63,9,1950,2,1,6,1,6
2018460267900,1,9,0,1,0,1,0,0,0,0,2,1,6,3,-1,-1,1587,1,17,-1,-1,-1
2018460267900,2,5,0,18,0,6,0,0,0,0,1,1,2,1,31,6,675,1,12,2,1,2
2018460267904,1,9,0,14,0,0,0,0,0,0,4,1,6,2,-1,-1,1498,1,6,6,1,6
2018460267904,2,90,0,2,0,0,0,4,0,0,0,1,1,1,43,7,7146,2,5,7,1,7
2018460267930,1,9,0,18,0,0,1,0,1,0,4,1,2,2,19,4,1000,1,4,8,2,8
2018460267936,1,9,0,9,0,1,0,0,0,0,4,1,2,1,59,9,1499,2,3,3,1,3
2018460267936,2,2,0,18,0,1,0,0,0,0,1,1,6,1,16,4,49,1,3,4,1,4
2018460267946,1,9,0,18,0,0,0,0,0,0,3,1,6,2,45,7,1998,1,12,6,1,6
2018460267946,2,9,0,18,0,0,0,0,0,0,3,1,2,1,49,8,3498,1,13,6,3,6
2018460267977,1,9,0,18,0,0,0,0,0,0,1,1,6,1,67,10,2488,1,14,3,1,3
2018460268003,1,9,0,12,0,1,0,0,0,0,3,1,6,2,35,6,1598,1,9,4,1,4
2018460268003,2,9,0,18,0,1,0,0,0,0,4,1,6,2,17,4,-1,-1,-1,6,1,6
2018460268018,1,9,0,3,0,0,0,0,0,0,1,1,6,1,54,8,1199,1,17,2,3,2
2018460268035,1,9,0,3,0,0,0,0,0,0,1,1,6,3,-1,-1,-1,-1,-1,-1,-1,-1
2018460268035,2,9,0,3,0,0,0,0,0,0,2,1,6,2,54,8,1086,1,12,4,1,4
2018460268039,1,9,0,18,0,1,0,0,0,0,1,1,2,1,52,8,1364,1,10,3,1,3
2018460268039,2,9,0,10,0,1,0,0,0,0,2,1,5,2,38,7,-1,-1,-1,6,3,6
2018460268040,1,9,0,18,0,0,2,0,2,4,1,1,6,2,25,5,2143,2,1,8,1,8
2018460268045,1,9,0,5,0,0,0,0,0,0,4,1,6,2,39,7,2184,2,9,4,1,4
2018460268045,2,1,0,18,0,0,0,0,0,0,3,1,2,1,54,8,-1,-1,-1,4,1,4
2018460268063,1,19,0,18,0,0,0,0,7,0,1,1,6,2,54,8,2143,2,3,2,1,2
2018460268063,2,9,0,10,0,0,1,0,7,0,2,1,6,2,46,8,2199,2,7,9,2,9
2018460268090,1,19,0,5,0,1,0,0,0,0,1,1,6,1,30,6,2198,2,2,3,3,3
2018460268090,2,1,0,18,0,1,0,0,0,0,3,1,6,1,39,7,-1,-1,-1,8,1,8
2018460268103,1,9,0,4,0,0,0,0,0,0,1,1,2,1,22,5,1499,2,5,9,1,9
2018460268103,2,9,0,4,0,0,0,0,0,0,2,1,2,1,33,6,1950,2,2,4,1,4
2018460268103,3,9,0,4,0,0,0,0,0,0,2,1,1,2,39,7,1197,1,2,9,2,9
2018460268105,1,9,0,18,0,0,0,0,0,0,4,1,6,1,-1,-1,1999,1,13,4,1,4
2018460268105,2,1,0,18,0,0,0,0,0,0,3,1,6,1,18,4,-1,-1,-1,1,1,1
2018460268119,1,9,0,9,0,8,0,0,0,0,4,1,6,1,38,7,2967,2,1,10,3,10
2018460268119,2,9,0,18,0,1,0,0,0,0,1,1,6,2,58,9,998,1,10,8,1,8
2018460268140,1,9,0,18,0,3,0,0,0,0,1,1,2,2,33,6,1198,1,11,1,1,1
2018460268140,2,1,0,18,0,8,0,0,0,0,4,1,4,1,12,3,-1,-1,-1,2,1,2
2018460268156,1,9,0,16,0,0,0,0,0,0,3,1,6,1,27,6,1596,1,15,3,1,3
2018460268156,2,9,0,17,0,0,0,0,0,0,3,1,2,2,40,7,1685,2,5,3,1,3
2018460268208,1,9,0,18,0,1,1,0,0,0,4,1,3,2,55,8,1397,1,15,8,1,8
2018460268208,2,9,0,9,0,8,0,0,0,0,1,1,6,1,24,5,1390,1,12,8,1,8
2018460268220,1,9,0,11,0,3,0,0,0,0,4,1,6,1,31,6,2926,2,15,1,1,1
2018460268220,2,98,0,17,0,3,0,0,0,0,1,1,1,1,20,4,-1,-1,-1,-1,-1,-1
2018460268302,1,90,0,18,0,5,0,0,0,0,1,1,1,1,11,3,-1,-1,-1,8,1,8
2018460268302,2,9,0,9,0,6,0,0,0,0,1,1,1,1,-1,-1,1998,1,10,6,1,6
2018460268334,1,9,0,4,0,0,0,0,0,0,1,1,3,2,35,6,1598,2,1,10,1,10
2018460268334,2,19,0,4,0,0,0,0,0,0,2,1,1,1,47,8,1753,2,7,4,1,4
2018460268334,3,19,0,4,0,0,0,0,0,0,2,1,1,1,28,6,2198,2,8,5,1,5
2018460268425,1,9,0,5,0,2,0,0,0,0,1,1,2,2,22,5,1149,1,15,4,1,4
2018460268425,2,9,0,18,0,2,0,0,0,0,1,1,2,2,-1,-1,1248,1,5,7,1,7
2018460268446,1,9,0,14,0,1,0,4,0,0,1,1,6,1,-1,-1,1200,1,5,-1,-1,-1
2018460268446,2,9,0,18,0,2,0,0,0,0,4,1,6,1,48,8,1598,1,10,4,1,4
2018460268446,3,9,0,2,0,2,0,0,0,0,3,1,6,2,46,8,1997,2,6,2,1,2
2018460268573,1,9,0,5,0,1,0,0,0,0,1,1,6,1,66,10,1197,1,3,9,1,9
2018460268573,2,9,0,3,0,1,0,0,0,0,2,1,6,1,44,7,1493,2,10,9,1,9
2018460268598,1,9,0,18,0,0,0,0,0,0,1,1,6,1,37,7,1994,2,14,-1,-1,-1
2018460268598,2,9,0,2,0,0,0,0,0,0,2,1,6,2,20,4,-1,-1,-1,7,1,7
2018460268623,1,9,0,18,0,0,0,0,0,0,1,1,6,1,29,6,1896,2,17,8,1,8
2018460268623,2,8,0,18,0,0,0,0,1,0,1,1,1,1,48,8,1598,2,7,7,1,7
2018460268626,1,19,0,18,0,0,0,4,0,0,4,1,6,1,26,6,2143,2,-1,5,1,5
2018460268626,2,9,0,2,0,0,0,0,0,0,2,1,6,2,-1,-1,1229,1,5,3,1,3
2018460268647,1,9,0,18,0,4,0,0,0,0,4,1,1,1,74,10,2495,2,19,8,1,8
2018460268649,1,1,0,18,0,0,0,4,0,0,1,1,6,1,56,9,-1,-1,-1,5,3,5
2018460268649,2,9,0,2,0,0,0,0,0,0,2,1,1,1,65,9,1395,1,2,3,3,3
2018460268668,1,9,0,9,0,1,0,0,0,0,4,1,6,2,29,6,1364,1,13,8,2,8
2018460268668,2,3,0,18,0,1,1,0,0,0,1,1,6,1,17,4,125,1,12,10,2,10
2018460268672,1,9,0,18,0,0,0,0,0,0,4,1,6,2,-1,-1,1596,1,14,8,1,8
2018460268672,2,1,0,18,0,0,5,0,0,0,3,1,6,1,11,3,-1,-1,-1,7,1,7
2018460268686,1,9,0,4,0,2,0,0,0,0,1,1,5,1,33,6,2499,2,15,1,1,1
2018460268686,2,9,0,4,0,2,0,0,0,0,2,1,5,2,23,5,1198,1,15,8,2,8
2018460268686,3,9,0,9,0,5,0,0,0,0,2,1,1,1,38,7,1997,2,11,2,1,2
2018460268687,1,9,0,10,0,0,0,0,0,0,4,1,6,2,57,9,1339,1,3,1,1,1
2018460268687,2,9,0,18,0,0,0,0,0,0,1,1,6,2,27,6,1753,2,15,5,-1,5
2018460268746,1,9,0,4,0,1,0,0,0,0,1,1,6,2,24,5,1596,1,17,4,1,4
2018460268746,2,1,0,10,0,1,5,0,0,0,2,1,6,2,29,6,-1,-1,-1,5,1,5
2018460268766,1,19,0,18,0,1,1,0,0,0,1,1,1,1,25,5,1248,2,6,4,3,4
2018460268766,2,19,0,3,0,1,0,0,0,0,2,1,1,1,30,6,2143,2,1,4,2,4
2018460268766,3,9,0,18,0,1,0,0,1,0,1,1,6,2,52,8,1198,1,1,4,1,4
2018460268775,1,9,0,18,0,0,0,0,0,0,0,1,6,3,-1,-1,-1,-1,-1,-1,-1,-1
2018460268775,2,9,0,18,0,0,0,0,0,0,2,1,5,1,74,10,1997,2,7,9,1,9
2018460268775,3,9,0,18,0,0,0,0,0,0,1,1,5,1,35,6,1598,2,4,2,1,2
2018460268778,1,9,-1,-1,-1,0,-1,-1,-1,0,-1,1,6,3,-1,-1,-1,-1,-1,-1,-1,-1
2018460268799,1,9,0,9,0,5,0,0,0,0,1,1,6,1,47,8,1590,1,17,5,3,5
2018460268799,2,9,0,18,0,1,0,0,0,0,4,1,6,1,53,8,1968,2,8,7,2,7
2018460268810,1,9,0,18,0,0,1,0,2,0,4,1,1,1,50,8,2993,2,11,8,3,8
2018460268814,1,9,0,7,0,2,0,0,0,0,3,1,6,3,-1,-1,-1,-1,-1,-1,-1,-1
2018460268814,2,1,0,18,0,1,0,0,0,0,3,1,2,1,31,6,-1,-1,-1,4,1,4
2018460268846,1,9,0,16,0,0,1,4,7,0,1,1,5,1,19,4,1149,1,16,7,2,7
2018460268846,2,9,0,2,0,0,0,0,0,0,1,1,5,3,-1,-1,1968,2,5,-1,-1,-1
2018460268864,1,1,0,18,0,0,0,0,0,0,3,1,5,1,15,3,-1,-1,-1,5,1,5
2018460268864,2,9,0,18,0,0,0,0,0,0,3,1,5,1,73,10,1461,2,5,7,1,7
2018460268865,1,19,0,18,0,0,0,0,0,0,4,1,1,1,23,5,2198,2,2,4,2,4
2018460268911,1,9,0,18,0,0,0,0,0,0,1,1,6,1,80,11,1998,8,3,7,1,7
2018460268911,2,9,0,12,0,0,0,0,0,0,2,1,6,1,20,4,1596,1,13,1,1,1
2018460268920,1,1,0,18,0,0,0,0,0,0,1,1,1,1,49,8,-1,-1,-1,10,1,10
2018460269058,1,9,0,4,0,1,1,0,0,0,1,1,5,1,41,7,1995,2,6,5,3,5
2018460269058,2,4,0,2,0,2,0,0,0,0,3,1,5,1,68,10,250,1,-1,9,1,9
2018460269272,1,9,0,15,0,0,1,0,0,0,2,1,5,1,22,5,1598,1,12,5,1,5
2018460269272,2,9,0,15,0,0,0,0,0,0,3,1,5,1,26,6,1390,1,17,6,1,6
2018460269272,3,9,0,10,0,0,0,0,0,0,2,1,5,1,17,4,1197,1,2,6,3,6
2018460269272,4,9,0,10,0,0,0,0,0,0,2,1,5,1,20,4,2995,1,5,8,3,8
2018460269279,1,5,0,18,0,1,0,0,0,0,1,1,6,1,23,5,599,1,15,5,3,5
2018460269279,2,9,0,10,0,6,0,0,0,0,3,1,6,1,26,6,1968,2,3,4,1,4
2018460269283,1,98,0,18,0,0,0,0,0,0,4,1,1,1,27,6,-1,-1,-1,-1,-1,-1
2018460269283,2,9,0,18,0,0,0,0,0,0,4,1,6,2,66,10,1399,2,7,8,1,8
2018460269317,1,9,0,18,0,0,0,0,0,0,2,1,2,2,44,7,1995,2,10,1,1,1
2018460269317,2,21,1,18,0,0,0,0,0,0,1,1,2,1,26,6,12900,2,9,2,1,2
2018460269329,1,9,0,18,0,1,0,0,7,0,3,1,2,2,33,6,1242,1,14,8,1,8
2018460269329,2,17,0,7,0,1,0,0,0,0,3,1,1,1,33,6,-1,2,11,4,1,4
2018460269329,3,9,0,18,0,1,0,0,7,0,3,1,2,1,44,7,1329,1,6,7,1,7
2018460269338,1,9,0,9,0,8,0,0,0,0,0,1,6,1,21,5,1598,1,7,2,1,2
2018460269338,2,4,0,18,0,1,2,0,0,0,0,1,6,1,30,6,249,1,9,7,1,7
2018460269358,1,9,0,18,0,0,0,0,0,0,1,1,6,1,83,11,1199,1,15,9,2,9
2018460269358,2,11,0,18,2,0,0,0,0,0,4,1,1,1,34,6,9000,2,9,3,1,3
2018460269379,1,9,0,17,0,0,0,0,0,0,1,1,6,1,33,6,-1,-1,-1,-1,-1,-1
2018460269379,2,9,0,16,0,0,0,0,0,0,1,1,6,1,45,7,1968,2,6,4,3,4
2018460269395,1,9,0,18,0,0,0,0,0,0,1,1,6,1,22,5,1149,1,10,9,2,9
2018460269395,2,9,0,18,0,0,0,0,0,0,2,1,6,1,54,8,2179,2,5,7,3,7
2018460269431,1,9,0,4,0,0,0,0,0,0,1,1,2,1,38,7,1598,1,14,7,1,7
2018460269431,2,9,0,4,0,0,0,0,0,0,2,1,5,1,32,6,1390,1,9,10,1,10
2018460269460,1,9,0,11,0,0,0,0,0,0,4,1,1,1,37,7,1999,1,10,6,1,6
2018460269460,2,9,0,18,0,0,0,0,0,0,3,1,1,1,44,7,1968,2,5,10,1,10
2018460269460,3,9,0,18,0,0,0,0,0,0,2,1,6,2,40,7,2179,2,6,9,1,9
2018460269479,1,9,0,9,0,6,0,0,0,0,0,1,3,1,39,7,-1,-1,-1,9,1,9
2018460269495,1,2,0,18,0,0,2,0,0,0,1,1,5,1,58,9,49,1,5,5,1,5
2018460269500,1,9,0,18,0,1,0,0,1,0,4,1,6,1,43,7,2993,2,2,9,3,9
2018460269501,1,9,0,18,0,8,0,0,0,0,1,1,6,2,-1,-1,1398,2,14,-1,-1,-1
2018460269501,2,9,0,9,0,5,0,0,1,0,2,1,6,1,32,6,1386,1,15,4,1,4
2018460269542,1,90,1,18,0,0,0,0,0,0,3,1,5,1,58,9,-1,-1,-1,-1,-1,-1
2018460269542,2,9,0,18,0,0,0,0,0,0,4,1,5,2,24,5,1995,2,13,2,1,2
2018460269564,1,9,0,5,0,3,0,0,0,0,4,1,6,2,50,8,2982,2,18,8,2,8
2018460269564,2,1,0,5,0,3,0,0,0,0,3,1,6,1,48,8,-1,-1,-1,7,1,7