Accident_Index,Vehicle_Reference,Vehicle_Type,Towing_and_Articulation,Vehicle_Manoeuvre,Vehicle_Location-Restricted_Lane,Junction_Location,Skidding_and_Overturning,Hit_Object_in_Carriageway,Vehicle_Leaving_Carriageway,Hit_Object_off_Carriageway,1st_Point_of_Impact,Was_Vehicle_Left_Hand_Drive?,Journey_Purpose_of_Driver,Sex_of_Driver,Age_of_Driver,Age_Band_of_Driver,Engine_Capacity_(CC),Propulsion_Code,Age_of_Vehicle,Driver_IMD_Decile,Driver_Home_Area_Type,Vehicle_IMD_Decile
2018460269617,1,9,0,17,0,0,2,0,7,9,2,1,6,2,30,6,1242,1,11,6,2,6
2018460269617,2,9,0,16,0,0,0,0,0,0,1,1,6,2,46,8,1997,1,1,5,3,5
2018460269662,1,9,0,18,0,0,1,0,0,0,1,1,6,1,23,5,1199,1,15,3,1,3
2018460269662,2,9,0,18,0,0,1,0,0,0,3,1,1,1,38,7,1798,8,2,7,1,7
2018460269672,1,9,0,18,0,8,0,0,0,0,4,1,6,1,20,4,1149,1,13,1,1,1
2018460269672,2,9,0,18,0,8,0,0,0,0,1,1,6,2,45,7,1248,2,9,7,1,7
2018460269681,1,9,0,9,0,5,0,0,0,0,3,1,6,1,69,10,1395,1,1,2,1,2
2018460269681,2,5,0,18,0,8,0,0,0,0,1,1,6,1,24,5,675,1,6,2,1,2
2018460269696,1,3,0,14,0,1,0,0,0,0,1,1,2,1,26,6,124,1,10,2,1,2
2018460269696,2,9,0,9,0,6,0,0,0,0,1,1,2,1,39,7,2143,2,5,8,1,8
2018460269703,1,9,0,18,0,0,0,0,0,0,1,1,6,1,37,7,1999,2,1,6,3,6
2018460269703,2,1,0,18,0,0,0,0,7,0,1,1,6,1,41,7,-1,-1,-1,6,3,6
2018460269703,3,1,0,18,0,0,0,0,7,0,1,1,6,1,36,7,-1,-1,-1,8,3,8
2018460269727,1,9,0,11,0,0,0,0,0,0,1,1,6,1,32,6,-1,-1,-1,7,3,7
2018460269727,2,21,1,18,0,0,0,0,0,0,2,1,1,1,31,6,11967,2,7,6,1,6
2018460269727,3,21,1,18,0,0,0,0,0,0,1,1,1,1,43,7,-1,-1,-1,-1,-1,-1
2018460269727,4,9,0,18,0,0,0,0,0,0,1,1,6,2,42,7,1200,1,1,2,1,2
2018460269766,1,9,0,18,0,0,1,0,7,10,1,1,5,2,21,5,1242,1,8,6,3,6
2018460269773,1,9,0,18,0,2,0,0,0,0,3,1,1,2,35,6,-1,-1,-1,3,1,3
2018460269778,1,98,0,18,0,4,5,0,3,0,1,1,1,1,34,6,-1,-1,-1,8,2,8
2018460269785,1,9,0,18,0,0,0,0,0,0,1,1,6,2,63,9,1086,1,14,2,1,2
2018460269827,1,9,0,18,0,0,0,0,0,0,1,1,5,2,51,8,1242,1,8,4,1,4
2018460269827,2,9,0,3,0,0,0,0,0,0,2,1,5,1,69,10,1995,2,2,9,1,9
2018460269838,1,90,0,18,0,2,0,0,0,0,4,1,1,2,22,5,2987,2,8,8,1,8
2018460269840,1,98,0,5,0,0,0,0,0,0,4,1,6,1,-1,-1,-1,-1,-1,-1,-1,-1
2018460269897,1,9,0,18,0,0,0,0,0,0,4,1,5,1,27,6,1784,1,10,9,1,9
2018460269904,1,9,0,18,0,0,0,0,0,0,3,1,6,2,-1,-1,1388,1,15,3,2,3
2018460269904,2,9,0,5,0,0,0,0,0,0,4,1,6,2,49,8,1364,1,1,7,1,7
2018460269924,1,9,0,6,0,8,0,0,0,0,3,1,5,1,23,5,1598,1,16,1,1,1
2018460269924,2,9,0,18,0,8,0,0,0,0,1,1,5,2,43,7,3724,1,15,6,1,6
2018460269937,1,9,0,18,0,0,1,0,0,0,1,1,5,1,46,8,1997,2,13,1,1,1
2018460269937,2,19,0,18,0,0,0,0,0,0,2,1,5,1,45,7,2499,2,16,6,3,6
2018460269991,1,9,0,17,0,0,0,0,0,0,1,1,1,1,51,8,-1,-1,-1,7,1,7
2018460269991,2,9,0,16,0,0,0,0,0,0,1,1,6,2,66,10,1998,1,12,6,1,6
2018460270021,1,9,0,18,0,2,0,0,0,0,3,1,5,2,54,8,1997,2,2,10,1,10
2018460270021,2,9,0,18,0,2,0,0,0,0,4,1,5,2,33,6,1560,2,10,2,1,2
2018460270021,3,90,0,15,0,2,0,0,0,0,4,1,1,1,42,7,4250,2,16,1,1,1
2018460270100,1,9,0,18,0,1,0,0,0,0,1,1,6,3,-1,-1,-1,-1,-1,-1,-1,-1
2018460270103,1,9,0,18,0,0,1,0,0,0,1,1,2,1,49,8,5461,1,6,4,3,4
2018460270103,2,9,0,18,0,0,1,0,0,0,1,1,2,1,38,7,1968,2,2,4,2,4
2018460270108,1,19,0,4,0,1,1,0,0,0,4,1,2,1,19,4,1753,2,14,8,3,8
2018460270130,1,9,0,7,0,1,0,0,0,0,4,1,6,2,48,8,1398,2,12,3,1,3
2018460270130,2,19,0,18,0,1,0,0,0,0,3,1,2,1,65,9,2198,2,2,6,1,6
2018460270182,1,9,0,18,0,0,0,4,0,0,4,1,6,1,29,6,1596,1,15,5,1,5
2018460270182,2,9,0,2,0,0,0,4,0,0,1,1,6,1,61,9,1896,2,17,8,3,8
2018460270182,3,9,0,2,0,0,0,0,0,0,2,1,6,2,39,7,998,1,2,2,1,2
2018460270182,4,19,0,2,0,0,0,0,0,0,2,1,6,1,-1,-1,1461,2,7,2,1,2
2018460270182,5,9,0,2,0,0,0,0,0,0,2,1,6,2,-1,-1,1339,1,9,2,1,2
2018460270200,1,9,0,11,0,5,2,0,1,0,1,1,5,2,49,8,1339,1,15,2,1,2
2018460270200,2,9,0,4,0,1,0,0,0,0,2,1,5,1,55,8,1995,2,4,10,1,10
2018460270203,1,19,0,18,0,0,0,0,0,0,1,1,6,2,29,6,2402,2,9,7,3,7
2018460270203,2,9,0,3,0,0,0,0,0,0,2,1,6,1,29,6,1910,2,11,7,1,7
2018460270264,1,9,0,11,0,0,0,0,0,0,1,1,6,2,25,5,1560,2,12,6,1,6
2018460270264,2,98,0,18,0,0,0,0,0,0,3,1,6,1,50,8,-1,-1,-1,-1,-1,-1
2018460270273,1,9,0,5,0,0,0,0,0,0,1,1,6,3,-1,-1,1598,1,11,-1,-1,-1
2018460270286,1,9,0,18,0,0,0,0,1,0,4,1,6,1,38,7,1360,1,14,8,3,8
2018460270290,1,9,0,17,0,5,0,0,0,0,3,1,6,2,32,6,1598,1,9,4,1,4
2018460270291,1,9,0,18,0,0,0,0,0,0,1,1,6,1,25,5,1299,1,16,6,2,6
2018460270291,2,9,0,18,0,0,0,0,0,0,2,1,6,1,32,6,1995,2,8,7,1,7
2018460270304,1,9,0,4,0,0,1,11,7,3,1,1,2,2,27,6,1362,1,4,10,1,10
2018460270317,1,9,0,9,0,6,0,0,0,0,3,1,6,1,22,5,1598,2,1,3,1,3
2018460270317,2,9,0,18,0,1,0,0,0,0,1,1,2,2,35,6,1686,2,6,3,1,3
2018460270323,1,9,0,18,0,0,1,0,0,0,1,1,6,1,28,6,3996,1,21,2,1,2
2018460270323,2,9,0,18,0,0,0,0,1,9,1,1,6,2,51,8,998,1,8,7,3,7
2018460270372,1,9,0,10,0,1,0,0,0,0,0,1,5,2,45,7,1399,1,2,3,1,3
2018460270383,1,9,0,9,0,1,0,0,0,0,4,1,5,1,35,6,1995,2,13,6,1,6
2018460270383,2,1,0,18,0,1,0,0,0,0,1,1,5,1,25,5,-1,-1,-1,5,1,5
2018460270460,1,9,0,7,0,1,0,0,0,0,1,1,6,2,22,5,1390,1,17,3,1,3
2018460270460,2,1,0,18,0,1,0,0,0,0,1,1,6,2,24,5,-1,-1,-1,7,1,7
2018460270473,1,2,0,18,0,0,1,0,0,0,4,1,2,1,48,8,49,1,7,8,3,8
2018460270555,1,19,0,18,0,4,0,0,0,0,1,1,6,1,39,7,2143,2,5,1,1,1
2018460270555,2,1,0,18,0,3,0,0,0,0,0,1,6,1,41,7,-1,-1,-1,4,1,4
2018460270590,1,9,0,18,0,1,0,0,1,0,1,1,6,1,27,6,973,1,16,3,1,3
2018460270600,1,9,0,18,0,4,0,0,0,0,1,1,5,1,-1,-1,-1,-1,-1,-1,-1,-1
2018460270600,2,90,0,18,0,6,0,0,0,0,1,1,5,2,12,3,-1,-1,-1,5,3,5
2018460270637,1,9,0,9,0,0,0,0,0,0,0,1,6,1,77,11,2179,2,7,6,1,6
2018460270637,2,1,0,16,0,0,0,0,0,0,0,1,6,1,32,6,-1,-1,-1,4,1,4
2018460270645,1,2,0,18,0,1,0,0,0,0,4,1,6,1,16,4,49,1,4,5,1,5
2018460270645,2,9,0,9,0,1,0,0,0,0,3,1,6,2,20,4,1598,1,17,1,1,1
2018460270646,1,5,0,18,0,2,1,0,0,0,3,1,6,1,59,9,647,1,16,5,1,5
2018460270662,1,9,0,18,0,0,2,10,0,0,0,1,5,1,72,10,1197,1,3,7,2,7
2018460270662,2,9,0,18,0,0,0,0,1,0,0,1,1,1,48,8,899,1,3,7,2,7
2018460270668,1,9,0,4,0,0,0,0,0,0,1,1,6,2,71,10,1997,2,3,10,1,10
2018460270668,2,9,0,4,0,0,0,0,0,0,2,1,6,2,31,6,1242,1,4,9,1,9
2018460270669,1,9,0,18,0,1,0,0,0,0,4,1,5,2,28,6,1598,1,18,10,1,10
2018460270695,1,9,0,7,0,6,0,0,0,0,2,1,6,1,25,5,1329,1,4,4,3,4
2018460270695,2,19,0,18,0,1,0,0,0,0,1,1,6,1,24,5,1968,2,4,6,3,6
2018460270733,1,9,0,1,0,0,0,0,0,0,2,1,6,1,-1,-1,1798,1,14,4,1,4
2018460270733,2,9,0,4,0,0,0,0,0,0,1,1,1,1,36,7,2993,2,1,7,1,7
2018460270769,1,-1,0,18,0,0,0,0,0,0,1,1,6,3,-1,-1,-1,-1,-1,-1,-1,-1
2018460270784,1,9,0,18,0,1,0,11,0,0,4,1,5,2,25,5,998,1,6,5,1,5
2018460270881,1,9,0,18,0,0,0,0,0,0,1,1,6,2,-1,-1,1998,2,12,-1,-1,-1
2018460270881,2,9,0,18,0,0,0,0,0,0,2,1,6,1,30,6,2616,1,11,5,3,5
2018460270883,1,9,0,7,0,0,0,-1,0,0,1,1,5,1,-1,-1,1386,1,13,4,1,4
2018460270890,1,9,0,1,9,0,0,0,0,0,1,1,6,2,30,6,1299,1,19,-1,-1,-1
2018460270920,1,9,0,4,0,0,0,0,0,0,1,1,6,1,-1,-1,1995,2,14,6,1,6
2018460270920,2,9,0,3,0,0,0,0,0,0,2,1,6,1,49,8,2148,2,12,9,3,9
2018460270934,1,9,0,18,0,1,0,0,0,0,2,1,6,3,-1,-1,-1,-1,-1,-1,-1,-1
2018460270934,2,1,0,18,0,1,0,0,0,0,1,1,6,1,19,4,-1,-1,-1,3,1,3
2018460270950,1,9,0,17,0,0,1,0,1,0,0,1,6,1,20,4,1390,1,13,6,1,6
2018460270955,1,19,0,16,0,3,0,0,0,0,1,1,1,1,57,9,2402,2,11,4,1,4
2018460270956,1,9,0,12,0,0,0,0,0,0,2,1,5,2,19,4,1198,1,10,5,2,5
2018460270956,2,9,0,18,0,0,0,0,0,0,1,1,5,2,34,6,1796,1,6,1,1,1
2018460270963,1,9,0,4,0,0,0,0,0,0,4,1,6,2,30,6,2179,2,11,4,3,4
2018460270963,2,9,0,18,0,0,0,0,0,0,4,1,6,2,19,4,1242,1,11,2,2,2
2018460270966,1,9,0,4,0,0,1,11,0,0,0,1,2,2,60,9,998,1,12,6,3,6
2018460270970,1,9,0,18,0,6,0,0,0,0,1,1,6,3,-1,-1,-1,-1,-1,-1,-1,-1
2018460270970,2,1,0,7,0,6,0,0,0,0,1,1,6,1,13,3,-1,-1,-1,5,1,5
2018460270971,1,9,0,18,0,0,5,0,1,0,4,1,6,1,23,5,1398,1,5,2,1,2
2018460270976,1,9,0,16,0,0,0,0,0,0,3,1,5,2,52,8,1339,1,5,9,1,9
2018460270976,2,9,0,17,0,0,0,0,0,0,3,1,5,1,79,11,-1,-1,-1,7,1,7
2018460270987,1,9,0,1,9,0,0,0,0,0,2,1,6,1,80,11,1086,1,12,2,1,2
2018460270994,1,97,0,1,0,0,0,0,0,0,1,1,1,1,24,5,-1,-1,-1,1,1,1
2018460270994,2,19,0,11,0,0,0,0,0,0,1,1,1,1,55,8,2198,2,7,8,1,8
2018460271002,1,9,0,18,0,0,1,0,0,0,1,1,2,1,37,7,1339,8,10,1,1,1
2018460271002,2,9,0,18,0,0,0,0,0,0,1,1,2,1,40,7,1598,2,7,10,1,10
2018460271077,1,9,0,9,0,5,0,0,0,0,3,1,2,1,43,7,1796,1,15,6,3,6
2018460271095,1,9,0,18,0,1,0,0,0,0,1,1,6,1,37,7,1399,2,12,8,1,8
2018460271095,2,1,0,18,0,1,0,0,0,0,3,1,6,1,13,3,-1,-1,-1,1,1,1
2018460271349,1,9,0,5,0,0,0,0,0,0,1,1,2,1,59,9,-1,-1,-1,8,1,8
2018460271349,2,5,0,3,0,0,0,0,0,0,2,1,6,1,58,9,599,1,12,6,1,6
2018460271399,1,9,0,9,0,8,0,0,0,0,1,1,1,1,46,8,1197,1,1,8,1,8
2018460271399,2,9,0,9,0,8,0,0,0,0,2,1,5,2,39,7,1590,1,13,6,1,6
2018460271469,1,9,0,9,0,6,0,0,0,0,1,1,5,2,65,9,1198,1,16,3,1,3
2018460271469,2,9,0,18,0,1,0,0,0,0,4,1,5,1,49,8,-1,-1,-1,7,1,7
2018460271613,1,9,0,18,0,0,0,0,0,0,1,1,6,1,-1,-1,1108,1,12,1,1,1
2018460271613,2,90,1,18,0,0,0,0,0,0,2,1,1,1,43,7,-1,-1,-1,1,1,1
2018460271624,1,9,0,18,0,0,5,0,1,0,1,1,6,2,21,5,973,1,16,8,1,8
2018460271647,1,98,0,3,0,1,0,0,0,0,1,1,6,1,-1,-1,-1,-1,-1,-1,-1,-1
2018460271647,2,1,0,5,0,1,0,0,0,0,2,1,6,1,10,2,-1,-1,-1,2,1,2
2018460271730,1,9,0,18,0,8,1,0,2,10,1,1,6,1,37,7,1968,2,4,6,-1,6
2018460271730,2,9,0,18,0,8,0,0,0,0,4,1,6,2,69,10,1248,2,9,10,1,10
2018460271906,1,9,0,18,0,0,0,0,0,0,1,1,6,2,20,4,1198,1,10,8,2,8
2018460271906,2,98,0,2,0,0,0,0,0,0,2,1,6,3,-1,-1,-1,-1,-1,-1,-1,-1
2018460271966,1,9,0,18,0,0,5,4,0,0,1,1,1,1,25,5,-1,-1,-1,2,1,2
2018460271966,2,9,0,2,0,0,0,0,0,0,1,1,5,2,44,7,998,1,9,5,1,5
2018460271966,3,9,0,2,0,0,0,0,0,0,1,1,5,1,37,7,1997,2,13,5,1,5
2018460272307,1,9,0,18,0,1,1,0,1,0,1,1,6,1,-1,-1,2993,2,6,-1,-1,-1
2018460272307,2,9,0,3,0,1,0,0,0,0,4,1,6,2,23,5,1968,2,5,8,1,8
2018460272307,3,9,0,3,0,4,0,0,7,0,2,1,6,2,63,9,-1,-1,-1,7,3,7
2018460272307,4,19,0,18,0,4,0,0,7,0,1,1,6,2,50,8,2198,2,2,10,1,10
2018460272307,5,9,0,18,0,7,0,0,0,0,0,1,1,1,37,7,2993,2,2,3,1,3
2018460272307,6,9,0,3,0,8,0,0,0,0,2,1,6,1,70,10,1997,2,8,9,1,9
2018460272316,1,9,0,18,0,0,0,0,0,0,1,1,6,3,-1,-1,1149,1,16,-1,-1,-1
2018460272316,2,9,0,2,0,0,0,0,0,0,3,1,1,1,27,6,1598,2,7,1,1,1
2018460272338,1,9,0,18,0,0,0,0,0,0,1,1,6,1,67,10,998,1,2,9,2,9
2018460272338,2,1,0,18,0,0,0,0,0,0,2,1,6,1,53,8,-1,-1,-1,5,2,5
2018460272468,1,9,0,9,0,1,0,0,0,0,1,1,5,2,27,6,1896,2,15,9,2,9
2018460272486,1,9,0,18,0,0,0,0,0,0,1,1,6,1,71,10,1797,8,5,10,2,10
2018460272486,2,9,0,10,0,0,0,0,0,0,2,1,6,1,17,4,1364,1,11,6,1,6
2018460272486,3,9,0,10,0,0,0,0,0,0,2,1,6,1,62,9,1956,2,6,8,1,8
2018460272496,1,9,0,18,0,0,0,0,0,0,1,1,6,1,19,4,1397,1,6,10,1,10
2018460272496,2,9,0,18,0,0,0,0,0,0,1,1,6,1,45,7,2179,2,4,9,1,9
2018460272543,1,9,0,18,0,8,0,0,0,0,4,1,6,1,43,7,2926,2,15,1,1,1
2018460272543,2,9,0,18,0,8,0,0,0,0,1,1,6,2,57,9,1598,2,5,8,3,8
2018460272544,1,9,0,17,0,0,0,0,0,0,1,1,6,1,19,4,998,1,3,3,1,3
2018460272544,2,9,0,2,0,0,0,0,0,0,2,1,6,2,-1,-1,1997,2,8,3,1,3
2018460272544,3,9,0,2,0,0,0,0,0,0,2,1,6,2,49,8,1398,2,8,3,1,3
2018460272558,1,9,0,4,0,0,0,0,1,0,3,1,5,2,31,6,1584,1,15,5,1,5
2018460272558,2,9,0,18,0,0,0,0,0,0,3,1,5,2,45,7,1991,2,8,8,2,8
2018460272622,1,9,0,18,0,2,1,0,2,0,1,1,1,1,28,6,1598,2,1,2,1,2
2018460272622,2,9,0,1,0,2,0,0,0,0,1,1,6,1,54,8,2231,2,7,5,1,5
2018460272622,3,9,0,2,0,2,0,0,0,0,1,1,6,3,-1,-1,-1,-1,-1,-1,-1,-1
2018460272622,4,9,0,2,0,2,0,0,0,0,2,1,6,3,-1,-1,-1,-1,-1,-1,-1,-1
2018460272628,1,98,0,11,0,0,0,0,0,0,4,1,1,1,31,6,-1,-1,-1,6,3,6
2018460272628,2,9,0,18,0,0,0,0,0,0,3,1,1,2,58,9,1242,1,3,4,1,4
2018460272638,1,9,0,17,0,0,0,0,0,0,1,1,6,1,80,11,1298,1,17,8,2,8
2018460272650,1,9,0,18,0,0,0,0,0,0,0,1,6,2,25,5,2143,2,1,4,1,4
2018460272650,2,5,0,18,0,0,5,0,0,0,2,1,2,1,54,8,998,1,19,6,1,6
2018460272653,1,9,0,18,0,1,0,0,0,0,1,1,6,2,-1,-1,1769,1,13,2,1,2
2018460272653,2,9,0,9,0,8,0,0,0,0,1,1,6,1,44,7,1956,2,4,1,1,1
2018460272684,1,9,0,7,0,2,0,0,0,0,1,1,3,1,17,4,1388,1,14,8,1,8
2018460272684,2,9,0,18,0,1,0,4,0,0,1,1,6,1,30,6,1686,2,7,8,1,8
2018460272684,3,9,0,2,0,1,0,0,0,0,2,1,6,3,-1,-1,1596,1,19,-1,-1,-1
2018460272691,1,9,0,5,8,6,0,0,0,0,1,1,6,2,64,9,1596,1,15,9,2,9
2018460272691,2,9,0,18,0,8,0,0,6,0,4,1,1,1,34,6,1598,2,1,8,1,8
2018460272710,1,9,0,3,0,0,0,0,0,0,1,1,6,1,51,8,1598,1,9,2,1,2
2018460272710,2,9,0,3,0,0,0,0,0,0,2,1,6,1,59,9,1686,2,4,4,1,4
2018460272711,1,9,0,4,0,5,0,0,0,0,1,1,2,2,31,6,1360,1,13,3,1,3
2018460272711,2,9,0,4,0,5,0,0,0,0,0,1,2,1,53,8,1798,8,1,1,1,1
2018460272746,1,9,0,18,0,4,0,0,0,0,1,1,6,1,34,6,1149,1,11,5,3,5
2018460272746,2,9,0,18,0,4,0,0,0,0,2,1,6,2,22,5,1390,1,14,6,2,6
2018460272841,1,9,0,18,0,0,1,0,0,0,1,1,6,1,35,6,1995,2,14,8,1,8
2018460272841,2,9,0,18,0,0,0,0,0,0,1,1,6,1,50,8,1997,2,6,4,1,4
2018460272841,3,9,0,18,0,0,0,0,0,0,2,1,6,1,52,8,2967,2,3,7,1,7
2018460272841,4,9,0,18,0,0,0,0,0,0,1,1,6,1,47,8,2184,2,12,5,2,5
2018460272841,5,8,0,18,0,0,0,0,0,0,1,1,6,1,51,8,1995,2,2,2,1,2
2018460272858,1,8,0,18,0,0,0,0,0,0,1,1,1,1,36,7,1797,8,4,5,1,5
2018460272862,1,9,0,18,0,0,0,0,0,0,1,1,1,1,60,9,-1,-1,-1,8,1,8
2018460272862,2,9,0,2,0,0,0,0,0,0,2,1,6,1,59,9,1685,2,6,2,1,2
2018460272897,1,9,0,18,0,0,0,0,0,0,1,1,6,2,29,6,1364,1,4,7,1,7
2018460272897,2,9,0,18,0,0,0,0,0,0,2,1,6,1,39,7,1198,1,9,4,1,4
2018460272897,3,9,0,18,0,0,0,0,0,0,2,1,6,1,28,6,1598,2,2,5,2,5
2018460272897,4,9,0,18,0,0,0,0,0,0,2,1,6,1,40,7,1999,2,1,8,1,8
2018460272910,1,9,0,18,0,0,0,0,0,0,4,1,6,2,37,7,1198,1,9,10,1,10
2018460272910,2,1,0,18,0,0,0,0,0,0,3,1,6,1,48,8,-1,-1,-1,7,1,7
2018460272929,1,9,0,1,0,1,0,0,0,0,1,1,6,3,37,7,1999,1,13,-1,-1,-1
2018460272931,1,9,0,18,0,0,0,0,0,0,-1,1,6,3,-1,-1,998,1,18,-1,-1,-1
2018460272931,2,9,0,18,0,0,0,0,0,0,1,1,6,1,79,11,1997,2,14,7,1,7
2018460272931,3,9,0,18,0,0,0,0,0,0,2,1,6,2,46,8,1560,2,11,3,1,3
2018460272934,1,98,4,18,0,0,0,0,0,0,1,1,1,1,42,7,-1,-1,-1,-1,-1,-1
2018460272934,2,9,0,18,0,0,0,0,0,0,2,1,2,1,51,8,1600,2,7,6,2,6
2018460272934,3,9,0,18,0,0,0,0,0,0,2,1,2,2,31,6,1896,2,12,2,1,2
2018460272934,4,9,0,18,0,0,0,0,0,0,2,1,2,1,31,6,1797,8,7,7,3,7
2018460272934,5,9,0,18,0,0,0,0,0,0,2,1,2,1,43,7,2148,2,10,5,1,5
2018460272938,1,9,0,18,0,0,1,0,0,0,4,1,2,1,41,7,1197,1,5,8,1,8
2018460272938,2,9,0,18,0,0,1,0,0,0,3,1,6,2,42,7,1461,2,3,5,1,5
2018460272938,3,9,0,2,0,0,0,0,0,0,3,1,6,3,-1,-1,1390,1,12,-1,-1,-1
2018460272938,4,9,0,2,0,0,0,0,0,0,3,1,6,1,52,8,2179,2,10,5,1,5
2018460272938,5,9,0,2,0,0,0,0,0,0,3,1,6,3,-1,-1,1560,2,5,-1,-1,-1
2018460272944,1,9,0,9,0,1,0,0,0,0,4,1,6,1,82,11,2148,2,11,6,3,6
2018460272944,2,9,0,18,0,1,0,0,1,0,1,1,6,2,55,8,998,1,9,-1,-1,-1
2018460272955,1,19,0,11,0,3,0,0,0,0,4,1,2,1,70,10,2148,2,10,7,1,7
2018460272955,2,19,4,18,0,3,0,0,0,0,3,1,1,1,52,8,1598,2,3,5,-1,5
2018460272962,1,9,0,17,0,0,0,0,0,0,1,1,6,1,50,8,1968,2,11,8,3,8
2018460272962,2,9,0,16,0,0,0,0,0,0,1,1,6,1,63,9,1998,1,1,7,3,7
2018460273071,1,9,0,7,0,6,0,0,0,0,1,1,6,1,41,7,1686,2,13,9,1,9
2018460273071,2,5,0,17,0,1,0,0,0,0,2,1,6,1,37,7,652,1,16,1,1,1
2018460273093,1,9,0,17,0,0,0,0,0,0,1,1,5,1,50,8,1998,8,4,10,2,10
2018460273093,2,9,0,18,0,0,0,0,1,0,4,1,5,2,60,9,998,1,5,9,3,9
2018460273116,1,9,0,6,0,0,0,0,0,0,4,1,6,1,48,8,1242,1,11,6,2,6
2018460273116,2,9,0,18,0,0,0,0,0,0,1,1,6,1,49,8,2995,1,7,5,1,5
2018460273127,1,9,0,5,0,0,0,10,1,0,4,1,6,1,25,5,1995,2,6,8,1,8
2018460273132,1,9,0,10,0,1,0,0,0,0,1,1,6,1,-1,-1,1910,2,12,2,1,2
2018460273132,2,1,0,18,0,2,0,0,0,0,4,1,1,1,36,7,-1,-1,-1,5,1,5
2018460273159,1,9,0,18,0,8,0,0,0,0,1,1,6,1,33,6,-1,-1,-1,2,1,2
2018460273159,2,9,0,10,0,8,0,0,0,0,2,1,2,2,40,7,998,1,10,8,1,8
2018460273167,1,9,0,7,0,0,0,0,0,0,1,1,6,1,24,5,1968,2,11,7,-1,7
2018460273167,2,9,0,18,0,0,0,0,0,0,4,1,6,1,27,6,2393,1,18,3,1,3
2018460273174,1,9,0,18,0,0,1,0,0,0,1,1,6,1,29,6,1149,1,11,3,1,3
2018460273221,1,9,0,9,0,1,0,0,7,0,4,1,1,1,19,4,-1,-1,-1,1,1,1
2018460273221,2,2,0,18,0,1,0,0,0,0,1,1,2,1,20,4,49,1,1,7,1,7
2018460273233,1,9,0,9,0,1,0,0,0,0,0,1,6,1,62,9,1998,1,15,6,1,6
2018460273233,2,3,0,18,0,1,1,0,1,0,0,1,6,1,20,4,124,1,10,6,1,6
2018460273277,1,9,0,18,0,0,1,0,0,0,1,1,2,2,37,7,1242,1,11,9,1,9
2018460273286,1,9,0,10,0,6,0,0,0,0,1,1,6,2,61,9,1389,1,13,6,1,6
2018460273286,2,9,0,18,0,1,0,0,0,0,3,1,6,2,42,7,1997,1,4,10,1,10
2018460273388,1,9,0,3,0,0,0,0,0,0,1,1,6,3,-1,-1,2199,2,4,-1,-1,-1
2018460273402,1,9,0,18,0,0,1,0,0,0,1,1,6,1,30,6,1598,1,17,3,1,3
2018460273402,2,9,0,18,0,0,0,4,0,0,3,1,6,1,32,6,1995,2,8,2,1,2
2018460273402,3,9,0,1,0,0,0,0,0,0,4,1,6,3,-1,-1,-1,-1,-1,-1,-1,-1
2018460273407,1,9,0,3,0,0,0,0,0,0,3,1,6,1,39,7,-1,-1,-1,9,2,9
2018460273407,2,9,0,3,0,0,0,0,0,0,3,1,6,2,31,6,-1,-1,-1,8,3,8
2018460273420,1,9,0,18,0,0,0,0,0,0,1,1,6,2,24,5,2000,2,12,1,1,1
2018460273420,2,9,0,18,0,0,0,0,0,0,2,1,6,2,20,4,998,1,11,5,2,5
2018460273424,1,9,0,7,0,6,0,0,0,0,1,1,2,1,48,8,1991,8,2,9,1,9
2018460273424,2,1,0,18,0,8,0,0,0,0,1,1,2,2,56,9,-1,-1,-1,7,1,7
2018460273431,1,9,0,9,0,0,0,0,0,0,1,1,1,1,35,6,1598,2,2,1,1,1
2018460273431,2,1,0,9,0,0,0,0,0,0,1,1,2,1,28,6,-1,-1,-1,4,1,4
2018460273455,1,9,0,7,0,2,0,0,0,0,3,1,6,2,54,8,1229,1,1,9,1,9
2018460273455,2,1,0,18,0,1,0,0,0,0,1,1,2,1,41,7,-1,-1,-1,10,2,10
2018460273465,1,9,0,5,0,0,0,0,0,0,1,1,6,2,38,7,1997,2,7,9,1,9
2018460273467,1,9,0,9,0,1,0,0,0,0,3,1,6,1,50,8,1598,2,5,8,1,8
2018460273467,2,9,0,18,0,1,0,0,0,0,4,1,6,1,32,6,1461,2,5,3,1,3
2018460273527,1,9,0,9,0,6,0,0,0,0,3,1,6,1,33,6,-1,-1,-1,2,1,2
2018460273527,2,2,0,18,0,1,1,0,0,0,1,1,2,1,16,4,49,1,2,2,1,2
2018460273533,1,90,0,12,0,0,0,0,0,0,0,1,6,3,-1,-1,-1,-1,-1,-1,-1,-1
2018460273533,2,9,0,18,0,0,1,0,0,0,4,1,6,1,29,6,1596,1,9,3,1,3
2018460273533,3,9,0,18,0,0,0,0,0,0,3,1,6,1,44,7,1598,1,8,7,1,7
2018460273541,1,9,0,17,0,0,0,0,0,0,3,1,6,2,34,6,1360,1,16,7,1,7
2018460273557,1,19,0,18,0,0,1,7,0,0,4,1,1,1,37,7,1248,2,3,1,1,1
2018460273557,2,9,0,18,0,0,0,0,0,0,1,1,6,2,59,9,1796,1,10,2,1,2