Accident_Index,Vehicle_Reference,Vehicle_Type,Towing_and_Articulation,Vehicle_Manoeuvre,Vehicle_Location-Restricted_Lane,Junction_Location,Skidding_and_Overturning,Hit_Object_in_Carriageway,Vehicle_Leaving_Carriageway,Hit_Object_off_Carriageway,1st_Point_of_Impact,Was_Vehicle_Left_Hand_Drive?,Journey_Purpose_of_Driver,Sex_of_Driver,Age_of_Driver,Age_Band_of_Driver,Engine_Capacity_(CC),Propulsion_Code,Age_of_Vehicle,Driver_IMD_Decile,Driver_Home_Area_Type,Vehicle_IMD_Decile
2018460273585,1,9,0,18,0,0,1,0,2,0,1,1,1,1,42,7,-1,-1,-1,2,1,2
2018460273585,2,9,0,18,0,0,0,0,0,0,1,1,2,1,78,11,1598,1,11,8,1,8
2018460273587,1,9,0,16,0,0,0,0,0,0,3,1,6,2,29,6,1398,1,15,9,1,9
2018460273587,2,17,0,16,0,0,0,0,0,0,3,1,1,1,73,10,-1,-1,-1,5,3,5
2018460273605,1,9,0,18,0,8,0,0,0,0,4,1,2,2,37,7,2148,2,13,7,3,7
2018460273605,2,9,0,18,0,8,0,0,0,0,4,1,2,2,43,7,1910,2,13,3,2,3
2018460273625,1,11,0,4,0,0,0,0,0,0,4,1,1,1,37,7,-1,-1,-1,5,1,5
2018460273631,1,9,0,5,0,0,0,0,0,0,1,1,6,1,24,5,2494,1,17,4,1,4
2018460273631,2,1,0,18,0,0,0,0,0,0,1,1,6,1,14,3,-1,-1,-1,4,1,4
2018460273643,1,3,0,5,0,6,0,0,0,0,1,1,2,1,23,5,124,1,1,6,1,6
2018460273643,2,9,0,5,0,5,0,0,0,0,4,1,6,2,48,8,1197,1,5,4,1,4
2018460273644,1,9,0,9,0,8,0,0,0,0,3,1,5,1,47,8,1461,2,1,-1,-1,-1
2018460273644,2,9,0,18,0,1,0,0,0,0,1,1,1,1,26,6,-1,-1,-1,6,2,6
2018460273644,3,9,0,18,0,1,0,0,0,0,1,1,2,1,63,9,1796,1,13,6,1,6
2018460273645,1,9,0,18,0,1,0,0,1,0,1,1,6,1,-1,-1,1956,2,9,1,1,1
2018460273645,2,9,0,9,0,1,0,0,0,0,3,1,6,1,64,9,-1,-1,-1,-1,-1,-1
2018460273658,1,90,0,18,0,1,0,0,0,0,0,1,6,3,-1,-1,-1,-1,-1,-1,-1,-1
2018460273658,2,5,0,18,0,1,1,10,0,0,1,1,6,1,27,6,-1,-1,-1,5,3,5
2018460273667,1,9,0,3,0,1,0,0,0,0,1,1,6,2,67,10,998,1,8,6,3,6
2018460273667,2,9,0,3,0,1,0,0,0,0,2,1,6,2,42,7,1598,1,15,4,3,4
2018460273684,1,9,0,18,-1,0,0,0,0,0,4,1,6,1,25,5,-1,-1,-1,7,3,7
2018460273686,1,9,0,18,0,1,0,0,0,0,-1,1,6,1,84,11,1197,1,3,10,1,10
2018460273686,2,9,0,18,0,8,0,10,1,0,-1,1,6,2,19,4,1397,1,9,4,2,4
2018460273694,1,9,0,18,0,0,0,0,0,0,2,1,6,3,-1,-1,1368,1,8,6,1,6
2018460273694,2,9,0,18,0,0,0,0,0,0,1,1,2,1,45,7,1360,1,8,1,1,1
2018460273724,1,9,0,18,0,1,0,0,0,0,1,1,6,2,27,6,1388,1,8,9,1,9
2018460273724,2,9,0,18,0,1,0,0,0,0,2,1,6,1,48,8,1149,1,7,2,1,2
2018460273761,1,9,0,18,0,4,2,9,3,0,1,1,6,1,18,4,1995,2,3,6,1,6
2018460273761,2,9,0,18,0,4,0,0,0,0,0,1,1,1,-1,-1,2993,2,2,3,1,3
2018460273797,1,9,0,7,0,0,0,0,0,0,4,1,5,1,75,10,2494,8,3,9,2,9
2018460273802,1,9,0,18,0,1,0,0,0,0,4,1,5,1,84,11,2231,2,11,7,2,7
2018460273811,1,9,0,5,0,0,0,0,0,0,1,1,6,1,80,11,-1,-1,-1,6,3,6
2018460273811,2,9,0,18,0,0,0,0,0,0,1,1,6,1,19,4,998,1,4,1,3,1
2018460273823,1,9,0,9,0,6,0,0,0,0,1,1,5,2,39,7,2184,2,6,8,1,8
2018460273823,2,9,0,9,0,1,0,0,0,0,3,1,5,2,36,7,1997,2,5,5,1,5
2018460273828,1,9,0,4,0,0,0,0,0,0,1,1,3,1,28,6,1598,1,9,1,1,1
2018460273828,2,9,0,4,0,0,0,0,0,0,2,1,2,2,37,7,1956,2,3,7,1,7
2018460273829,1,9,0,18,0,1,0,0,0,0,1,1,6,2,18,4,1596,1,13,3,1,3
2018460273869,1,9,0,4,0,1,0,0,0,0,2,1,2,1,-1,-1,2198,2,12,-1,-1,-1
2018460273869,2,9,0,4,0,1,1,0,0,0,1,1,6,1,48,8,-1,-1,-1,7,1,7
2018460273893,1,9,0,18,0,0,1,0,0,0,1,1,1,1,28,6,1590,1,20,5,3,5
2018460273899,1,9,0,18,0,8,0,0,0,0,1,1,6,1,51,8,1339,1,11,8,3,8
2018460273899,2,9,0,18,0,8,0,0,0,0,4,1,6,2,18,4,999,1,16,9,1,9
2018460273936,1,9,0,7,0,0,1,0,1,0,1,1,6,1,23,5,1999,1,11,10,1,10
2018460273939,1,9,0,9,0,1,0,0,0,0,1,1,6,2,69,10,1364,2,6,5,1,5
2018460273939,2,9,0,18,0,1,0,0,0,0,3,1,6,1,35,6,-1,-1,-1,4,1,4
2018460273956,1,9,0,4,0,0,0,0,0,0,1,1,2,2,39,7,1769,1,16,7,1,7
2018460273956,2,9,0,4,0,0,0,0,0,0,2,1,2,1,26,6,1399,2,6,2,1,2
2018460273957,1,9,0,18,0,1,0,0,0,0,1,1,6,1,61,9,1560,2,10,8,3,8
2018460273957,2,9,0,3,0,1,0,0,0,0,2,1,6,1,18,4,1368,1,8,6,2,6
2018460273957,3,9,0,10,0,1,0,0,0,0,2,1,6,2,56,9,2143,2,4,5,3,5
2018460273964,1,9,0,14,0,1,5,4,1,0,3,1,6,1,75,10,1200,1,3,4,1,4
2018460273964,2,21,0,3,0,2,0,0,0,0,4,1,2,1,39,7,11705,2,15,6,3,6
2018460273975,1,98,0,18,0,0,0,0,0,0,4,1,6,1,-1,-1,-1,-1,-1,-1,-1,-1
2018460273986,1,19,0,18,0,0,0,0,0,0,1,1,6,1,-1,-1,2198,2,4,9,1,9
2018460273986,2,1,0,18,0,0,0,0,0,0,0,1,6,1,51,8,-1,-1,-1,8,1,8
2018460273988,1,9,-1,18,0,0,0,0,0,0,1,1,1,1,52,8,1997,2,14,2,1,2
2018460273993,1,9,0,9,0,0,0,0,0,0,1,1,6,2,50,8,1997,2,15,5,3,5
2018460273993,2,9,0,18,0,0,0,0,0,0,3,1,5,1,20,4,998,1,3,7,1,7
2018460273998,1,10,0,12,0,0,5,0,8,0,3,1,6,1,31,6,-1,-1,-1,7,3,7
2018460274022,1,9,0,18,0,0,0,0,0,0,3,1,6,1,55,8,1997,2,16,-1,-1,-1
2018460274022,2,9,0,18,0,0,0,0,0,0,3,1,2,1,51,8,1995,2,5,7,2,7
2018460274023,1,9,0,18,0,1,0,0,0,0,3,1,2,2,59,9,1397,1,8,3,1,3
2018460274024,1,9,0,18,0,8,0,0,0,0,4,1,6,2,46,8,1968,2,6,7,3,7
2018460274024,2,9,0,7,0,5,0,0,0,0,3,1,6,2,33,6,898,1,5,10,-1,10
2018460274033,1,19,0,18,0,0,0,0,0,0,2,1,1,1,47,8,2198,2,2,8,1,8
2018460274033,2,9,0,18,0,0,0,0,0,0,2,1,6,2,38,7,998,1,8,2,1,2
2018460274033,3,19,0,18,0,0,1,0,0,0,1,1,1,1,38,7,1560,2,2,4,2,4
2018460274046,1,9,0,18,0,1,0,0,0,0,0,1,1,1,30,6,1499,2,3,6,1,6
2018460274046,2,9,0,9,0,8,1,0,0,0,1,1,6,1,19,4,1395,1,-1,2,1,2
2018460274046,3,9,0,18,0,1,0,0,0,0,1,1,6,2,43,7,1598,1,10,3,1,3
2018460274055,1,9,0,9,0,0,0,0,0,0,1,1,6,1,59,9,998,1,4,2,1,2
2018460274055,2,1,0,18,0,0,0,0,0,0,4,1,5,1,18,4,-1,-1,-1,2,1,2
2018460274074,1,9,0,18,9,0,1,10,0,0,1,1,6,1,26,6,3222,2,15,5,3,5
2018460274085,1,9,0,9,0,6,0,0,0,0,1,1,6,2,44,7,1360,1,15,8,3,8
2018460274085,2,19,0,18,0,1,0,0,0,0,2,1,1,1,27,6,1686,2,14,2,1,2
2018460274120,1,3,0,17,0,0,1,0,0,0,3,1,6,1,47,8,125,1,5,1,1,1
2018460274121,1,9,0,18,0,0,1,0,0,0,1,1,5,1,19,4,1596,1,15,4,1,4
2018460274121,2,90,0,18,0,0,1,0,0,0,2,1,5,1,48,8,-1,-1,-1,3,1,3
2018460274121,3,9,0,18,0,0,1,0,0,0,2,1,5,2,49,8,1399,1,1,6,1,6
2018460274130,1,9,0,3,0,0,0,0,0,0,2,1,6,3,-1,-1,1461,2,8,-1,-1,-1
2018460274130,2,9,0,3,0,0,0,0,0,0,1,1,6,1,32,6,1999,1,16,4,2,4
2018460274130,3,9,0,18,0,0,0,0,0,0,1,1,1,1,39,7,2993,2,2,3,1,3
2018460274130,4,9,0,3,0,0,0,0,0,0,2,1,6,1,-1,-1,2143,2,4,5,1,5
2018460274162,1,5,0,3,0,1,0,0,0,0,1,1,6,1,25,5,600,1,14,1,1,1
2018460274162,2,9,0,7,0,1,0,0,1,0,4,1,1,1,33,6,1499,2,2,6,1,6
2018460274165,1,9,0,5,0,3,0,0,0,0,3,1,6,2,39,7,1956,2,9,2,1,2
2018460274165,2,9,0,18,0,8,0,0,0,0,1,1,6,2,29,6,1295,1,19,7,1,7
2018460274212,1,9,0,13,0,0,0,0,4,0,1,1,2,2,27,6,1299,1,14,7,3,7
2018460274243,1,9,0,9,0,8,0,0,0,0,3,1,6,1,42,7,1968,2,11,10,1,10
2018460274243,2,1,0,18,0,1,0,0,0,0,1,1,6,1,19,4,-1,-1,-1,2,1,2
2018460274275,1,9,0,18,0,0,1,0,4,0,4,1,6,2,35,6,1598,1,12,5,1,5
2018460274313,1,9,0,18,0,1,1,0,0,0,1,1,1,2,23,5,1461,2,14,8,1,8
2018460274313,2,9,0,18,0,1,1,0,0,0,1,1,1,1,23,5,1799,1,12,6,1,6
2018460274313,3,9,0,3,0,1,0,0,0,0,2,1,1,1,36,7,998,1,4,5,1,5
2018460274316,1,9,0,18,0,4,1,0,0,0,1,1,6,1,35,6,1598,2,5,6,1,6
2018460274316,2,9,0,10,0,2,0,0,0,0,3,1,6,1,-1,-1,1598,1,10,8,3,8
2018460274331,1,9,0,5,0,1,0,0,0,0,1,1,5,2,52,8,2231,2,3,9,1,9
2018460274331,2,9,0,18,0,8,0,0,1,0,1,1,5,2,27,6,2429,1,13,3,1,3
2018460274352,1,9,0,9,0,5,0,0,0,0,4,1,6,1,22,5,998,1,5,2,1,2
2018460274352,2,9,0,18,0,8,0,0,0,0,1,1,6,2,56,9,1560,2,5,6,1,6
2018460274391,1,9,0,18,0,1,0,0,0,0,1,1,6,1,55,8,1598,2,3,4,1,4
2018460274392,1,19,0,1,9,0,0,11,0,0,2,1,2,1,45,7,1995,2,1,1,1,1
2018460274394,1,9,0,17,0,0,1,11,7,0,1,1,2,1,52,8,2400,2,8,7,3,7
2018460274421,1,9,0,18,0,0,0,0,0,0,1,1,6,2,37,7,1590,1,17,4,1,4
2018460274433,1,9,0,4,0,1,0,0,0,0,1,1,6,2,33,6,1591,1,2,10,1,10
2018460274433,2,9,0,18,0,1,0,0,0,0,2,1,6,2,43,7,1968,2,4,5,2,5
2018460274450,1,9,0,14,0,1,0,0,0,0,0,1,6,2,24,5,1799,1,12,6,3,6
2018460274450,2,8,0,18,0,1,1,0,0,0,0,1,1,1,61,9,1598,2,2,3,2,3
2018460274468,1,3,0,13,0,3,1,0,0,0,2,1,6,1,41,7,-1,3,1,8,3,8
2018460274468,2,9,0,16,0,3,0,0,0,0,3,1,6,1,55,8,1598,1,8,5,2,5
2018460274476,1,2,0,18,0,1,1,0,0,0,0,1,6,1,20,4,49,1,4,1,1,1
2018460274484,1,9,0,4,0,0,0,0,0,0,3,1,5,2,40,7,1560,2,7,9,1,9
2018460274501,1,9,0,18,0,0,0,0,0,0,1,1,6,3,-1,-1,-1,-1,-1,-1,-1,-1
2018460274506,1,9,0,18,0,0,0,0,0,0,2,1,6,1,40,7,2967,2,11,3,1,3
2018460274506,2,9,0,18,0,0,0,0,0,0,1,1,6,3,-1,-1,998,1,6,-1,-1,-1
2018460274506,3,9,0,18,0,0,0,0,0,0,2,1,6,1,44,7,1900,2,13,3,1,3
2018460274506,4,9,0,18,0,0,0,0,0,0,1,1,6,1,47,8,1582,2,3,5,1,5
2018460274506,5,9,0,18,0,0,0,0,0,0,1,1,6,1,33,6,2143,12,6,9,1,9
2018460274517,1,9,0,11,0,0,2,0,1,0,1,1,6,1,23,5,1781,1,14,6,3,6
2018460274525,1,9,0,18,0,0,0,0,0,0,0,1,1,3,-1,-1,-1,-1,-1,-1,-1,-1
2018460274525,2,9,0,18,0,0,0,0,0,0,1,1,1,1,29,6,-1,-1,-1,7,1,7
2018460274525,3,9,0,18,0,0,0,0,0,0,1,1,1,2,39,7,-1,-1,-1,5,2,5
2018460274525,4,9,0,18,0,0,0,0,0,0,1,1,1,1,35,6,1968,2,9,2,1,2
2018460274585,1,9,0,3,0,0,0,0,0,0,1,1,6,1,65,9,1598,1,8,10,2,10
2018460274601,1,9,0,18,0,1,0,0,0,0,1,1,6,1,24,5,1199,1,15,1,1,1
2018460274601,2,9,0,18,0,1,0,0,0,0,3,1,6,1,43,7,1685,2,1,10,1,10
2018460274605,1,9,0,3,0,1,0,0,0,0,1,1,6,1,64,9,-1,-1,-1,4,1,4
2018460274605,2,9,0,3,0,1,0,0,0,0,1,1,6,1,74,10,1497,8,10,4,1,4
2018460274605,3,9,0,3,0,1,0,0,0,0,2,1,6,1,33,6,1686,2,7,5,1,5
2018460274616,1,11,-1,18,0,1,0,0,0,0,4,1,1,1,55,8,5132,2,4,7,1,7
2018460274661,1,9,0,18,0,0,1,0,1,0,4,1,6,2,50,8,2143,2,7,10,3,10
2018460274698,1,19,0,17,0,3,1,0,1,0,1,1,1,1,33,6,1560,2,1,1,1,1
2018460274732,1,9,0,8,0,0,1,10,7,9,4,1,1,1,55,8,1968,2,3,9,1,9
2018460274760,1,9,0,18,0,1,1,0,8,0,1,1,2,1,30,6,1339,1,11,10,1,10
2018460274771,1,3,0,13,0,8,0,0,0,0,1,1,5,1,21,5,124,1,8,8,1,8
2018460274771,2,9,0,9,0,6,0,0,0,0,3,1,1,2,28,6,2494,8,1,6,2,6
2018460274774,1,9,0,17,0,0,0,0,0,0,1,1,3,2,45,7,1999,1,10,4,1,4
2018460274774,2,9,0,16,0,0,0,0,0,0,1,1,3,1,39,7,1598,2,4,8,1,8
2018460274778,1,19,0,18,0,0,0,0,0,0,1,1,1,1,40,7,2198,2,7,2,1,2
2018460274803,1,9,0,18,0,0,0,0,0,0,1,1,2,1,37,7,1984,1,14,4,1,4
2018460274833,1,3,0,18,0,0,0,0,0,0,3,1,6,1,19,4,124,1,2,9,1,9
2018460274833,2,9,0,2,0,0,0,0,0,0,2,1,6,3,-1,-1,-1,-1,-1,-1,-1,-1
2018460274853,1,9,0,3,0,0,0,0,0,0,1,1,6,1,-1,-1,1560,2,7,-1,-1,-1
2018460274853,2,9,0,3,0,0,0,0,0,0,1,1,6,2,42,7,-1,-1,-1,4,1,4
2018460274853,3,9,0,2,0,0,0,0,0,0,1,1,6,2,50,8,998,1,15,6,1,6
2018460274853,4,9,0,2,0,0,0,0,0,0,2,1,6,1,62,9,1598,1,18,6,1,6
2018460274869,1,9,0,7,0,0,1,0,0,0,0,1,1,2,26,6,1248,1,5,6,1,6
2018460274869,2,9,0,16,0,0,0,0,0,0,0,1,5,1,73,10,1968,2,4,6,3,6
2018460274870,1,19,0,18,0,0,0,0,0,0,1,1,1,1,28,6,1248,2,9,2,1,2
2018460274870,2,9,0,18,0,0,0,0,0,0,1,1,2,1,35,6,-1,-1,-1,6,1,6
2018460274877,1,9,0,2,0,0,0,0,0,0,2,1,1,1,28,6,1968,2,13,3,1,3
2018460274877,2,9,0,12,0,0,0,0,0,0,1,1,1,1,21,5,1199,1,14,1,3,1
2018460274881,1,9,0,18,0,1,1,0,0,0,1,1,1,1,33,6,2979,1,14,4,1,4
2018460274881,2,9,0,18,0,1,1,11,1,10,1,1,1,1,39,7,1968,2,9,1,1,1
2018460274881,3,9,0,18,0,1,1,0,0,0,1,1,5,2,67,10,1598,2,3,4,1,4
2018460274881,4,21,0,18,0,1,1,0,0,0,0,1,1,1,52,8,-1,-1,-1,4,1,4
2018460274881,5,9,0,18,0,1,1,0,0,0,1,1,3,2,51,8,1968,2,2,2,1,2
2018460274881,6,9,0,10,0,1,1,0,0,0,2,1,1,1,63,9,1686,2,7,2,1,2
2018460274881,7,19,0,18,0,1,1,0,0,0,1,1,5,2,30,6,2198,2,4,4,1,4
2018460274881,8,9,0,2,0,1,0,0,0,0,1,1,5,1,-1,-1,1995,1,11,4,1,4
2018460275009,1,9,0,18,0,0,0,0,0,0,1,1,6,1,42,7,-1,-1,-1,7,1,7
2018460275009,2,1,0,18,9,0,5,0,0,0,4,1,2,1,20,4,-1,-1,-1,4,1,4
2018460275027,1,9,0,18,0,0,0,0,0,0,1,1,6,2,37,7,1422,2,3,4,1,4
2018460275027,2,9,0,18,0,0,0,0,0,0,2,1,6,1,35,6,1598,1,16,4,1,4
2018460275030,1,98,1,18,0,3,0,0,0,0,0,2,1,1,62,9,-1,-1,-1,-1,-1,-1
2018460275062,1,9,0,18,0,0,0,0,0,0,1,1,6,1,18,4,1240,1,14,7,3,7
2018460275085,1,9,0,18,0,0,1,0,7,0,1,1,2,2,28,6,1686,2,6,4,1,4
2018460275087,1,9,0,18,0,0,1,10,7,0,1,1,6,2,50,8,1600,2,7,4,2,4
2018460275087,2,9,0,2,5,0,0,0,0,0,1,1,1,1,-1,-1,1242,1,4,8,2,8
2018460275122,1,9,0,18,0,4,1,9,0,0,1,1,1,1,18,4,1198,1,12,5,1,5
2018460275133,1,9,0,17,0,8,0,0,3,0,1,1,6,2,35,6,1560,2,2,4,1,4
2018460275148,1,9,0,18,0,0,1,0,1,0,1,1,2,2,20,4,998,1,2,9,1,9
2018460275148,2,9,0,18,0,0,0,0,0,0,2,1,2,1,22,5,1781,1,17,5,1,5
2018460275181,1,9,0,17,0,0,2,0,1,10,1,1,6,2,26,6,1242,1,10,3,1,3
2018460275368,1,9,0,18,0,0,0,0,1,0,1,1,6,1,49,8,1499,2,1,8,1,8
2018460275368,2,9,0,2,8,0,0,0,2,0,2,1,2,1,38,7,-1,-1,-1,9,1,9
2018460275482,1,9,0,18,0,0,1,0,0,0,1,1,6,1,34,6,1360,1,11,5,2,5
2018460275482,2,9,0,18,0,0,0,0,0,0,2,1,6,1,21,5,-1,-1,-1,10,1,10
2018460275482,3,9,0,18,0,0,1,0,1,0,1,1,6,1,31,6,1686,2,13,3,2,3
2018460275498,1,9,0,4,0,1,1,0,0,0,1,1,6,1,60,9,2199,2,6,10,1,10
2018460275498,2,9,0,4,0,2,0,0,0,0,2,1,2,1,40,7,1798,8,1,2,1,2
2018460275498,3,9,0,4,0,2,0,0,0,0,2,1,6,1,51,8,1968,2,1,9,1,9
2018460275515,1,9,0,18,0,2,1,0,0,0,3,1,2,1,46,8,1796,1,18,6,3,6
2018460275515,2,9,0,18,0,1,1,0,0,0,3,1,2,1,31,6,3175,1,15,9,3,9
2018460275537,1,9,0,18,0,0,1,0,0,0,1,1,1,1,57,9,-1,-1,-1,6,1,6
2018460275547,1,9,0,9,0,8,1,0,4,1,1,1,3,2,34,6,1499,1,3,9,1,9
2018460275583,1,2,0,13,0,8,0,0,0,0,1,1,6,1,16,4,49,1,13,10,1,10
2018460275583,2,9,0,9,0,8,0,0,0,0,3,1,6,1,27,6,1995,2,6,6,1,6
2018460275590,1,9,0,13,0,0,0,0,0,0,3,1,5,1,86,11,1560,2,5,3,1,3
2018460275590,2,9,0,2,0,0,0,0,0,0,4,1,3,1,32,6,1968,2,5,3,1,3
2018460275600,1,9,0,18,0,1,0,0,0,0,1,1,1,1,45,7,-1,-1,-1,2,1,2
2018460275600,2,9,0,18,0,1,0,0,1,0,3,1,1,1,27,6,1968,2,3,7,1,7
2018460275600,3,90,0,9,0,1,0,0,0,0,0,1,6,3,-1,-1,-1,-1,-1,-1,-1,-1
2018460275621,1,21,0,7,0,3,0,0,1,0,3,1,1,1,56,9,-1,-1,-1,-1,-1,-1
2018460275621,2,-1,0,7,0,3,0,0,7,0,4,1,6,2,31,6,-1,-1,-1,2,1,2
2018460275694,1,9,0,18,0,0,1,0,0,0,1,1,6,1,25,5,998,1,11,7,1,7
2018460275694,2,9,0,18,0,0,0,0,1,0,1,1,6,1,38,7,1968,2,3,9,1,9
2018460275728,1,9,0,18,0,0,0,0,0,0,4,1,6,1,37,7,-1,-1,-1,-1,-1,-1
2018460275728,2,9,0,12,0,0,0,0,0,0,3,1,6,2,30,6,1499,2,-1,8,1,8
2018460275783,1,9,0,9,0,4,0,0,0,0,1,1,6,1,29,6,998,1,9,2,1,2
2018460275783,2,11,0,18,0,2,0,0,0,0,1,1,1,1,24,5,3900,2,14,1,1,1
2018460275816,1,98,0,18,0,1,0,0,0,0,0,1,6,3,-1,-1,-1,-1,-1,-1,-1,-1
2018460275816,2,5,0,18,0,1,0,0,0,0,1,1,6,1,51,8,955,1,19,4,3,4
2018460275820,1,9,0,3,0,0,0,0,0,0,1,1,6,2,26,6,1596,1,12,6,3,6
2018460275865,1,9,0,18,0,0,1,0,0,0,1,1,6,1,54,8,1995,2,8,8,1,8
2018460275865,2,9,0,5,0,0,0,0,0,0,2,1,6,1,55,8,-1,-1,-1,6,1,6
2018460275865,3,9,0,2,0,0,0,0,0,0,4,1,6,3,-1,-1,-1,-1,-1,-1,-1,-1
2018460275904,1,9,0,9,0,1,0,0,0,0,4,1,6,1,40,7,1242,1,3,3,1,3
2018460275904,2,5,0,18,0,1,0,0,0,0,1,1,6,1,47,8,998,1,7,6,1,6
2018460275948,1,9,0,4,0,1,1,0,0,0,1,1,2,2,41,7,1997,2,10,10,1,10
2018460275948,2,9,0,2,6,1,1,0,0,0,2,1,2,2,24,5,1229,1,12,3,1,3
2018460275972,1,9,0,18,0,0,1,0,1,10,1,1,5,2,22,5,1229,1,3,9,1,9
2018460275992,1,9,0,14,0,0,1,4,0,0,1,1,6,1,30,6,1796,1,11,3,1,3
2018460275992,2,21,0,18,0,0,0,0,0,0,2,1,6,1,57,9,4500,2,2,1,1,1
2018460275992,3,19,0,2,0,0,0,0,0,0,2,1,6,3,-1,-1,1560,2,5,-1,-1,-1
2018460275992,4,9,0,2,0,0,0,0,0,0,2,1,5,3,-1,-1,1388,1,14,-1,-1,-1
2018460276019,1,9,0,13,0,0,1,0,0,0,4,1,5,1,46,8,1229,1,11,2,1,2
2018460276019,2,9,0,18,0,0,1,0,0,0,3,1,5,1,63,9,1998,8,3,8,1,8
2018460276019,3,9,0,18,0,0,1,0,1,0,1,1,5,2,37,7,2204,2,11,4,1,4
2018460276112,1,9,0,18,0,0,1,0,1,4,1,1,6,1,66,10,1997,2,14,3,1,3
2018460276230,1,9,0,18,0,0,1,0,0,0,1,1,6,2,24,5,1240,1,10,3,3,3
2018460276235,1,98,1,12,0,0,0,0,0,0,1,1,1,1,38,7,-1,-1,-1,-1,-1,-1
2018460276235,2,21,1,4,0,0,0,0,0,0,2,1,1,1,50,8,10308,2,8,2,1,2
2018460276235,3,19,0,4,0,0,0,0,0,0,2,1,1,1,37,7,1997,2,2,3,1,3
2018460276235,4,21,1,4,0,0,0,0,0,0,2,1,1,1,38,7,12900,2,7,9,1,9
2018460276293,1,9,0,18,0,0,1,0,4,6,1,1,1,2,27,6,1240,1,12,2,1,2
2018460276295,1,9,0,18,0,0,2,0,0,0,1,1,5,1,28,6,1248,2,11,2,1,2
2018460276295,2,9,0,18,0,0,1,0,0,0,1,1,5,1,19,4,1560,2,7,9,1,9
2018460276295,3,9,0,18,0,0,1,0,0,0,1,1,5,1,34,6,1398,1,5,2,1,2
2018460276295,4,9,0,18,0,0,1,0,0,0,1,1,5,1,51,8,1197,1,1,5,1,5
2018460276295,5,9,0,18,0,0,1,0,0,0,1,1,5,2,39,7,1149,1,11,4,2,4
2018460276323,1,9,0,18,0,0,0,0,0,0,3,1,6,2,40,7,698,1,14,1,1,1
2018460276323,2,9,0,18,0,0,0,0,0,0,1,1,6,2,23,5,1395,1,1,6,1,6
2018460276323,3,9,0,18,0,0,1,0,0,0,1,1,6,1,24,5,998,1,9,7,3,7
2018460276345,1,9,0,18,0,0,0,0,0,0,1,1,6,1,41,7,1596,1,9,4,2,4
2018460276373,1,9,0,18,0,0,1,0,0,0,1,1,6,2,45,7,1390,1,5,10,2,10
2018460276373,2,9,0,18,0,0,0,0,0,0,1,1,6,1,50,8,-1,-1,-1,5,2,5
2018460276421,1,9,0,18,0,0,0,0,0,0,1,1,6,1,37,7,1995,2,6,5,1,5
2018460276421,2,9,0,18,0,0,0,0,1,7,1,1,6,2,38,7,1390,1,6,6,1,6
2018460276422,1,9,0,4,0,8,0,0,0,0,1,1,1,1,40,7,1968,2,3,10,1,10
2018460276422,2,9,0,3,0,8,0,0,0,0,2,1,5,2,22,5,1600,1,7,10,-1,10
2018460276433,1,9,0,18,0,0,0,4,0,0,1,1,6,1,54,8,1596,1,13,7,1,7
2018460276433,2,9,0,2,0,0,0,0,0,0,2,1,3,2,42,7,1595,1,5,9,1,9
2018460276453,1,9,0,18,0,1,0,0,0,0,1,1,6,2,49,8,1968,2,5,3,1,3
2018460276453,2,9,0,10,0,1,0,0,0,0,2,1,1,2,39,7,1395,1,-1,6,1,6
2018460276467,1,90,0,18,0,0,1,0,0,0,0,1,6,3,-1,-1,-1,-1,-1,-1,-1,-1
2018460276484,1,9,0,18,0,0,1,0,0,0,1,1,6,1,-1,-1,1000,1,5,-1,-1,-1
2018460276484,2,9,0,18,0,0,0,0,0,0,1,1,6,1,39,7,2487,2,18,7,2,7
2018460276491,1,9,0,18,0,0,1,0,1,0,4,1,1,1,18,4,1242,1,14,5,3,5
2018460276494,1,98,0,18,0,0,0,0,0,0,0,1,6,3,-1,-1,-1,-1,-1,-1,-1,-1
2018460276494,2,9,0,18,0,0,0,0,0,0,1,1,6,1,44,7,2616,1,12,4,2,4
2018460276530,1,9,0,3,0,0,0,0,0,0,1,1,6,1,41,7,1598,1,15,9,1,9
2018460276530,2,9,0,3,0,0,0,0,0,0,1,1,6,1,53,8,1999,2,1,8,1,8
2018460276594,1,9,0,18,0,0,1,0,0,0,1,1,6,3,-1,-1,1598,1,13,-1,-1,-1
2018460276594,2,9,-1,-1,-1,0,-1,-1,-1,0,-1,1,6,2,38,7,1461,2,1,4,1,4
2018460276632,1,9,0,18,0,2,0,0,0,0,1,1,6,3,-1,-1,1390,1,12,-1,-1,-1
2018460276647,1,19,0,18,0,3,0,0,0,0,3,1,1,1,37,7,2151,2,17,5,1,5
2018460276751,1,9,0,18,0,0,0,0,0,0,1,1,6,1,38,7,1598,1,8,6,1,6
2018460276751,2,19,0,2,0,0,0,0,0,0,2,1,1,1,23,5,1560,2,3,5,1,5
2018460276774,1,9,0,18,0,0,1,0,1,10,3,1,6,2,42,7,1796,1,13,9,2,9
2018460276825,1,9,0,1,0,1,0,0,0,0,2,1,3,2,31,6,1560,2,10,2,1,2