Accident_Index,Vehicle_Reference,Vehicle_Type,Towing_and_Articulation,Vehicle_Manoeuvre,Vehicle_Location-Restricted_Lane,Junction_Location,Skidding_and_Overturning,Hit_Object_in_Carriageway,Vehicle_Leaving_Carriageway,Hit_Object_off_Carriageway,1st_Point_of_Impact,Was_Vehicle_Left_Hand_Drive?,Journey_Purpose_of_Driver,Sex_of_Driver,Age_of_Driver,Age_Band_of_Driver,Engine_Capacity_(CC),Propulsion_Code,Age_of_Vehicle,Driver_IMD_Decile,Driver_Home_Area_Type,Vehicle_IMD_Decile
2018460276841,1,19,0,18,0,0,0,0,0,0,1,1,2,1,36,7,1560,2,3,5,1,5
2018460276841,2,9,0,4,0,0,0,0,0,0,2,1,1,1,34,6,1968,2,5,2,1,2
2018460276878,1,9,0,3,0,0,0,0,0,0,1,1,6,1,48,8,-1,-1,-1,2,1,2
2018460276878,2,9,0,3,0,0,0,0,0,0,2,1,6,1,23,5,1598,1,9,4,1,4
2018460276957,1,9,0,9,0,1,0,0,0,0,4,1,5,1,46,8,1560,2,4,-1,-1,-1
2018460276957,2,5,0,18,2,1,0,0,0,0,1,1,6,1,41,7,656,1,11,7,1,7
2018460276985,1,9,0,3,0,0,0,0,0,0,1,1,6,1,-1,-1,1399,2,10,3,1,3
2018460276985,2,9,0,3,0,0,0,0,0,0,2,1,6,1,53,8,2198,2,12,5,1,5
2018460276991,1,9,0,3,0,0,0,0,0,0,3,1,6,1,53,8,3690,7,16,4,3,4
2018460276994,1,8,0,3,0,0,0,0,0,0,2,1,6,1,-1,-1,-1,-1,-1,-1,-1,-1
2018460276994,2,1,0,3,0,0,0,0,0,0,1,1,6,1,20,4,-1,-1,-1,4,1,4
2018460276999,1,9,0,3,0,0,0,0,0,0,2,1,6,1,23,5,1995,2,12,1,1,1
2018460276999,2,9,0,3,0,0,0,0,0,0,3,1,6,1,30,6,-1,-1,-1,10,1,10
2018460277000,1,9,0,16,0,0,1,0,1,0,1,1,6,1,27,6,-1,-1,-1,3,3,3
2018460277001,1,9,0,3,0,0,0,0,0,0,1,1,6,2,41,7,1999,2,1,6,1,6
2018460277001,2,9,0,3,0,0,0,0,0,0,2,1,6,1,28,6,3969,1,22,2,1,2
2018460277007,1,9,0,3,0,2,0,0,0,0,3,1,6,2,75,10,1339,1,8,7,3,7
2018460277007,2,9,0,3,0,1,0,0,0,0,4,1,6,1,27,6,1398,1,3,2,-1,2
2018460277057,1,9,0,16,0,0,0,0,0,0,1,1,6,1,66,10,2143,2,2,5,3,5
2018460277057,2,9,0,18,0,0,0,0,1,0,1,1,6,2,28,6,1242,1,11,-1,-1,-1
2018460277079,1,3,0,14,0,0,1,0,0,0,0,1,6,1,25,5,125,1,1,7,1,7
2018460277119,1,9,0,18,0,1,0,7,6,2,1,1,6,1,36,7,1997,2,2,3,1,3
2018460277143,1,90,0,18,0,0,0,0,0,0,0,1,6,3,-1,-1,-1,-1,-1,-1,-1,-1
2018460277143,2,5,0,18,0,0,2,0,0,0,1,1,6,2,28,6,599,1,21,4,1,4
2018460277143,3,-1,-1,3,0,0,0,0,0,0,2,1,6,3,-1,-1,-1,-1,-1,-1,-1,-1
2018460277204,1,1,0,18,0,6,2,0,0,0,3,1,2,1,58,9,-1,-1,-1,5,1,5
2018460277204,2,9,0,18,0,8,0,0,0,0,4,1,2,1,17,4,1242,1,9,2,1,2
2018460277234,1,9,0,18,0,0,0,0,0,0,1,1,6,1,33,6,-1,-1,-1,6,1,6
2018460277234,2,9,0,18,0,0,0,0,4,0,2,1,6,1,66,10,1499,2,2,10,1,10
2018460277306,1,90,1,18,0,0,0,0,0,0,1,1,6,3,-1,-1,-1,-1,-1,-1,-1,-1
2018460277306,2,9,0,18,0,0,0,0,0,0,2,1,6,1,55,8,1242,1,5,1,3,1
2018460277348,1,9,0,18,0,1,0,0,0,0,1,1,6,3,-1,-1,1800,1,18,-1,-1,-1
2018460277348,2,9,0,9,0,1,0,0,0,0,2,1,6,1,25,5,1587,1,20,1,1,1
2018460277418,1,9,0,16,0,0,2,10,0,0,1,1,6,1,18,4,1360,1,11,7,1,7
2018460277418,2,9,0,3,0,0,0,0,0,0,1,1,6,2,39,7,1598,1,6,4,2,4
2018460277442,1,9,0,18,0,0,0,0,0,0,1,1,1,1,45,7,1968,2,3,4,1,4
2018460277442,2,9,0,18,0,0,0,0,0,0,2,1,6,1,48,8,2400,2,9,6,1,6
2018460277457,1,9,0,18,0,1,0,0,0,0,1,1,5,1,19,4,1328,1,8,5,3,5
2018460277457,2,9,0,18,0,1,0,0,0,0,1,1,5,2,82,11,1339,8,9,9,3,9
2018460277457,3,9,0,3,0,1,0,0,0,0,3,1,5,2,72,10,1390,1,11,9,2,9
2018460277570,1,11,0,4,2,0,0,0,0,0,4,1,1,1,44,7,9000,2,2,-1,-1,-1
2018460277577,1,9,0,18,0,3,0,0,0,0,1,1,6,2,-1,-1,2143,2,1,7,1,7
2018460277577,2,1,0,18,0,3,0,0,0,0,2,1,5,1,36,7,-1,-1,-1,4,1,4
2018460277588,1,9,0,11,0,0,0,0,0,0,1,1,6,1,37,7,998,1,19,2,1,2
2018460277588,2,21,1,18,0,0,0,0,0,0,2,1,1,1,43,7,-1,-1,-1,-1,-1,-1
2018460277660,1,9,0,9,0,6,0,0,0,0,1,1,6,3,-1,-1,1997,2,19,-1,-1,-1
2018460277660,2,19,0,3,0,1,0,0,0,0,3,1,6,1,32,6,2198,2,2,1,1,1
2018460277661,1,11,0,16,0,0,0,0,0,0,4,1,1,1,-1,-1,4461,2,5,4,1,4
2018460277669,1,9,0,18,0,0,1,0,0,0,1,1,2,1,21,5,2497,2,20,6,2,6
2018460277669,2,9,0,18,0,0,1,0,1,0,1,1,6,1,66,10,1598,2,5,6,3,6
2018460277797,1,9,0,18,0,4,0,0,0,0,0,1,1,1,50,8,1997,2,2,1,1,1
2018460277797,2,1,0,18,0,8,0,0,0,0,3,1,6,2,63,9,-1,-1,-1,5,1,5
2018460277809,1,9,0,18,0,8,0,0,0,0,1,1,6,1,32,6,1956,2,4,5,1,5
2018460277809,2,9,0,9,0,8,0,0,0,0,3,1,6,2,21,5,1461,2,11,2,1,2
2018460277853,1,9,0,18,0,0,2,0,0,0,4,1,6,1,23,5,1399,2,8,4,2,4
2018460277864,1,9,0,18,0,0,0,0,0,0,3,1,6,2,32,6,1896,2,12,4,1,4
2018460277869,1,98,0,2,0,0,0,0,0,0,2,1,1,1,55,8,-1,-1,-1,6,1,6
2018460277869,2,9,0,18,0,0,0,4,0,0,1,1,2,2,48,8,1197,1,2,9,1,9
2018460277932,1,9,0,17,0,0,1,10,2,0,1,1,6,1,27,6,1995,2,15,4,1,4
2018460277936,1,4,0,18,0,1,0,0,0,0,1,1,1,1,62,9,278,1,-1,2,1,2
2018460277937,1,9,0,16,0,0,0,0,0,0,1,1,6,3,-1,-1,2401,2,12,-1,-1,-1
2018460277937,2,9,0,3,0,0,0,0,0,0,0,1,6,1,-1,-1,1997,1,12,3,1,3
2018460277951,1,9,0,18,0,0,1,0,1,0,3,1,1,1,37,7,1339,1,10,8,1,8
2018460277966,1,9,0,18,0,0,1,0,4,0,4,1,6,1,37,7,3500,1,16,3,1,3
2018460277966,2,98,1,18,0,0,0,0,0,0,3,1,1,1,43,7,-1,-1,-1,-1,-1,-1
2018460277966,3,9,0,18,0,0,0,0,4,0,1,1,6,2,39,7,1596,1,13,7,1,7
2018460277979,1,9,0,18,0,6,0,0,0,0,0,1,6,3,-1,-1,1968,2,11,-1,-1,-1
2018460277979,2,11,0,18,0,1,0,0,0,0,0,1,2,1,35,6,7300,2,14,3,1,3
2018460277994,1,9,0,3,0,0,0,0,0,0,1,1,6,2,47,8,1248,2,6,2,1,2
2018460277994,2,9,0,3,0,0,0,0,0,0,2,1,2,1,55,8,1499,2,2,4,1,4
2018460278030,1,9,0,18,0,0,0,0,0,0,0,1,5,1,77,11,1598,2,6,5,1,5
2018460278030,2,1,0,18,0,0,2,0,0,0,0,1,6,1,18,4,-1,-1,-1,2,1,2
2018460278047,1,9,0,18,0,0,0,0,0,0,4,1,2,2,69,10,1242,1,5,3,1,3
2018460278050,1,9,0,18,0,1,1,0,2,0,1,1,1,1,37,7,1997,2,5,7,-1,7
2018460278053,1,9,0,17,0,2,0,0,0,0,4,1,5,1,52,8,1968,2,11,3,1,3
2018460278080,1,9,0,7,0,1,0,0,0,0,1,1,6,1,37,7,1587,1,12,7,1,7
2018460278080,2,1,0,18,0,1,0,0,0,0,1,1,6,2,44,7,-1,-1,-1,6,1,6
2018460278089,1,9,0,18,0,0,0,0,0,0,1,1,3,1,49,8,1794,1,14,10,2,10
2018460278089,2,9,0,18,0,0,0,0,0,0,2,1,6,2,38,7,2993,2,2,8,3,8
2018460278102,1,90,5,18,0,0,1,0,0,0,1,1,1,1,-1,-1,-1,-1,-1,-1,-1,-1
2018460278102,2,90,1,18,0,0,1,0,0,0,3,1,1,1,61,9,-1,-1,-1,2,1,2
2018460278102,3,98,0,18,0,0,1,0,0,0,1,1,6,1,48,8,-1,-1,-1,9,1,9
2018460278102,4,9,0,18,0,0,1,0,0,0,1,1,6,1,53,8,1799,1,11,5,1,5
2018460278102,5,90,1,18,0,0,1,0,0,0,1,1,1,1,-1,-1,-1,-1,-1,-1,-1,-1
2018460278151,1,21,0,18,0,1,0,0,1,0,2,1,1,1,43,7,4580,2,2,6,1,6
2018460278151,2,9,0,18,0,1,0,0,0,0,1,1,6,1,75,10,1794,1,16,4,1,4
2018460278193,1,9,0,4,0,0,0,0,0,0,1,1,6,3,37,7,1998,1,19,-1,-1,-1
2018460278193,2,9,0,4,0,0,0,0,0,0,1,1,6,1,35,6,1499,2,2,2,1,2
2018460278194,1,9,0,18,0,1,0,0,0,0,1,1,6,2,24,5,1240,1,9,4,3,4
2018460278194,2,9,0,2,0,1,0,0,0,0,2,1,6,3,-1,-1,-1,-1,-1,-1,-1,-1
2018460278194,3,9,0,2,0,1,0,0,0,0,2,1,6,3,-1,-1,-1,-1,-1,-1,-1,-1
2018460278194,4,9,0,2,0,1,0,0,0,0,2,1,6,3,-1,-1,-1,-1,-1,-1,-1,-1
2018460278230,1,9,0,18,0,0,0,0,0,0,1,1,1,2,38,7,2231,2,5,5,1,5
2018460278230,2,9,0,18,0,0,0,0,0,0,1,1,1,1,29,6,-1,-1,-1,7,1,7
2018460278285,1,19,0,18,0,0,0,0,0,0,1,1,1,1,28,6,1560,2,3,3,1,3
2018460278285,2,9,0,2,0,0,0,4,0,0,2,1,6,3,-1,-1,1998,1,1,-1,-1,-1
2018460278323,1,9,0,18,0,0,5,7,2,7,3,1,6,1,38,7,1995,1,10,9,1,9
2018460278333,1,9,0,12,0,0,0,0,0,0,3,1,6,1,41,7,-1,-1,-1,-1,-1,-1
2018460278333,2,9,0,18,0,0,0,0,0,0,4,1,6,1,53,8,2393,2,2,2,1,2
2018460278349,1,97,0,18,0,0,0,0,0,0,3,1,6,1,26,6,-1,-1,-1,9,2,9
2018460278349,2,9,0,18,0,0,0,0,0,0,3,1,6,2,58,9,1968,2,3,6,2,6
2018460278382,1,9,0,18,0,0,0,0,7,0,1,1,2,1,36,7,1560,2,4,3,1,3
2018460278386,1,98,1,11,0,0,0,0,0,0,1,2,1,1,43,7,-1,-1,-1,-1,-1,-1
2018460278386,2,9,0,18,0,0,0,0,0,0,2,1,6,1,25,5,2993,2,12,5,1,5
2018460278419,1,9,0,18,0,0,0,0,0,0,2,1,6,1,28,6,1968,2,4,8,1,8
2018460278419,2,9,0,18,0,0,0,0,0,0,1,1,6,1,65,9,2143,2,6,3,-1,3
2018460278419,3,9,0,18,0,0,0,0,0,0,1,1,6,1,56,9,1598,2,2,8,2,8
2018460278419,4,9,0,18,0,0,0,0,0,0,1,1,6,2,22,5,1242,1,6,9,1,9
2018460278419,5,9,0,18,0,0,0,0,0,0,1,1,6,2,71,10,-1,-1,-1,8,1,8
2018460278477,1,98,0,5,0,1,0,0,0,0,1,1,2,1,27,6,-1,-1,-1,6,1,6
2018460278477,2,9,0,5,0,3,0,0,0,0,2,1,6,2,43,7,1796,1,7,10,1,10
2018460278588,1,9,0,16,0,0,0,0,0,0,1,1,6,1,40,7,-1,-1,-1,9,1,9
2018460278588,2,9,0,3,0,0,0,0,0,0,3,1,6,1,41,7,1910,2,12,2,1,2
2018460278588,3,9,0,18,0,0,0,0,0,0,1,1,6,1,62,9,1596,1,4,-1,-1,-1
2018460278588,4,11,0,3,0,0,0,0,0,0,3,1,1,1,38,7,4500,2,9,1,1,1
2018460278588,5,10,0,3,0,0,0,0,0,0,3,1,1,1,71,10,2198,2,8,7,1,7
2018460278588,6,9,0,18,0,0,0,0,0,0,0,1,1,1,29,6,1560,2,4,7,1,7
2018460278588,7,9,0,18,0,0,0,0,0,0,0,1,1,1,30,6,1560,2,6,7,1,7
2018460278588,8,9,0,18,0,0,0,0,0,0,0,1,1,1,35,6,1560,2,6,7,1,7
2018460278599,1,9,0,4,0,0,0,0,0,0,1,1,6,1,77,11,2143,2,5,9,2,9
2018460278599,2,9,0,4,0,0,0,0,0,0,1,1,6,2,24,5,1198,1,7,2,1,2
2018460278599,3,9,0,4,0,0,0,0,0,0,1,1,6,1,54,8,-1,-1,-1,7,3,7
2018460278599,4,9,0,4,0,0,0,0,0,0,0,1,6,2,41,7,1364,1,1,2,1,2
2018460278607,1,9,0,9,0,8,0,0,0,0,1,1,6,1,-1,-1,998,1,7,9,1,9
2018460278607,2,9,0,18,-1,8,0,0,0,0,3,1,6,1,34,6,1398,2,6,4,1,4
2018460278613,1,9,0,18,0,1,0,0,0,0,4,1,6,1,-1,-1,-1,-1,-1,6,1,6
2018460278613,2,9,0,5,0,1,0,0,0,0,3,1,6,1,76,11,1596,1,12,7,1,7
2018460278619,1,9,0,7,8,1,0,0,0,0,3,1,6,1,41,7,2993,2,-1,4,1,4
2018460278619,2,9,0,18,0,1,0,0,0,0,4,1,2,1,38,7,1798,8,5,1,1,1
2018460278628,1,19,0,17,0,0,1,0,7,0,1,1,6,1,29,6,2151,2,17,4,1,4
2018460278637,1,19,0,18,0,0,0,0,0,0,1,1,5,1,-1,-1,1995,2,1,-1,-1,-1
2018460278637,2,9,0,3,0,0,0,0,0,0,2,1,5,2,58,9,1198,1,10,7,1,7
2018460278637,3,9,0,3,0,0,0,0,0,0,2,1,5,1,-1,-1,1390,1,10,10,1,10
2018460278654,1,9,0,17,0,8,0,0,0,0,3,1,6,2,-1,-1,1349,1,9,4,1,4
2018460278654,2,9,0,17,0,8,0,0,0,0,4,1,6,1,58,9,1198,1,10,4,1,4
2018460278674,1,9,0,4,0,0,0,0,0,0,1,1,6,1,75,10,1796,1,15,1,1,1
2018460278674,2,9,0,4,0,0,0,0,0,0,2,1,3,2,34,6,999,1,12,8,1,8
2018460278676,1,90,1,18,0,8,0,0,0,0,3,1,6,1,-1,-1,-1,-1,-1,5,1,5
2018460278676,2,9,0,17,0,8,0,0,0,0,3,1,6,2,52,8,1956,2,2,3,1,3
2018460278714,1,9,0,3,0,0,0,0,0,0,1,1,6,1,51,8,1995,2,14,2,1,2
2018460278714,2,9,0,3,0,0,0,0,0,0,2,1,6,2,63,9,1197,1,1,7,3,7
2018460278714,3,9,0,3,0,0,0,0,0,0,1,1,6,1,26,6,-1,-1,-1,1,1,1
2018460278714,4,9,0,3,0,0,0,0,0,0,1,1,6,2,27,6,998,1,1,7,1,7
2018460278714,5,9,0,3,0,0,0,0,0,0,2,1,6,1,31,6,-1,-1,-1,7,1,7
2018460278762,1,9,0,3,0,1,0,0,0,0,1,1,6,3,-1,-1,-1,-1,-1,-1,-1,-1
2018460278762,2,9,0,3,0,1,0,0,0,0,1,1,6,2,28,6,1400,1,18,9,1,9
2018460278778,1,9,0,3,0,1,0,0,0,0,1,1,6,2,49,8,2231,2,11,8,3,8
2018460278805,1,9,0,3,0,1,0,0,0,0,1,1,6,1,74,10,2148,2,10,7,1,7
2018460278805,2,9,0,3,0,2,0,0,0,0,2,1,6,1,64,9,1598,1,10,8,1,8
2018460278818,1,9,0,18,0,0,0,0,0,0,1,1,6,1,21,5,1229,1,9,5,1,5
2018460278818,2,9,0,3,0,0,0,0,0,0,2,1,6,2,23,5,1149,1,13,2,1,2
2018460278818,3,9,0,3,0,0,0,0,0,0,2,1,6,1,82,11,1388,1,6,7,1,7
2018460278859,1,9,0,18,0,0,1,0,8,6,1,1,6,1,33,6,875,1,7,4,1,4
2018460278869,1,9,0,18,0,2,1,0,0,0,4,1,6,1,34,6,1998,2,16,2,1,2
2018460279171,1,9,0,6,0,1,0,0,0,0,1,1,6,3,-1,-1,-1,-1,-1,-1,-1,-1
2018460279171,2,9,0,18,0,1,1,0,0,0,3,1,6,2,28,6,1275,1,18,4,1,4
2018460279205,1,9,0,5,8,7,0,0,0,0,1,1,6,2,28,6,1598,2,-1,7,3,7
2018460279205,2,9,0,18,0,1,0,0,0,0,4,1,6,2,18,4,1242,1,8,10,1,10
2018460279244,1,9,0,17,0,0,0,0,0,0,1,1,6,1,71,10,1388,1,9,9,2,9
2018460279276,1,9,0,9,0,0,0,0,0,0,4,1,6,1,45,7,1686,2,4,2,1,2
2018460279276,2,3,0,18,0,0,0,0,0,0,1,1,6,2,32,6,125,1,3,4,1,4
2018460279299,1,9,0,3,0,1,0,0,0,0,2,1,6,1,-1,-1,-1,-1,-1,-1,-1,-1
2018460279301,1,9,0,1,9,0,0,0,0,0,2,1,1,2,21,5,1242,1,4,10,1,10
2018460279312,1,9,0,18,0,0,5,0,1,0,0,1,6,1,30,6,1968,2,4,5,2,5
2018460279330,1,9,0,18,0,0,0,0,0,0,1,1,6,1,22,5,1242,1,14,5,1,5
2018460279330,2,9,0,4,0,0,0,0,0,0,2,1,6,2,29,6,1956,2,4,4,1,4
2018460279564,1,9,0,18,0,0,0,0,0,0,0,1,6,1,26,6,1397,1,17,8,1,8
2018460279564,2,4,0,18,0,0,5,0,8,0,1,1,6,1,33,6,250,1,3,3,1,3
2018460279601,1,4,0,18,0,0,1,0,0,0,3,1,6,1,51,8,198,1,21,7,3,7
2018460279605,1,9,0,16,0,0,5,0,0,0,4,1,1,1,25,5,-1,-1,-1,5,1,5
2018460279705,1,90,0,1,0,1,0,0,0,0,0,1,6,3,-1,-1,-1,-1,-1,-1,-1,-1
2018460279718,1,9,0,9,0,0,0,0,0,0,0,1,1,1,17,4,999,1,1,9,1,9
2018460279718,2,9,0,4,0,0,0,0,0,0,1,1,1,2,18,4,998,1,11,10,1,10
2018460279718,3,9,0,18,0,0,0,0,0,0,1,1,1,2,19,4,-1,-1,-1,8,3,8
2018460279760,1,98,0,18,0,0,1,0,0,0,1,1,1,1,24,5,-1,-1,-1,-1,-1,-1
2018460279760,2,9,0,18,0,0,0,0,0,0,1,1,2,1,53,8,-1,-1,-1,6,3,6
2018460279779,1,9,0,18,0,1,1,0,0,0,1,1,2,2,24,5,1598,2,3,7,1,7
2018460279779,2,9,0,2,0,1,0,0,0,0,1,1,6,3,28,6,3189,1,13,1,1,1
2018460279779,3,9,0,18,0,1,0,0,0,0,1,1,2,2,48,8,-1,-1,-1,3,1,3
2018460279779,4,9,0,2,0,1,0,0,0,0,1,1,6,2,47,8,1364,1,4,1,1,1
2018460279800,1,9,0,9,0,1,0,0,0,0,1,1,6,1,56,9,1796,1,13,5,1,5
2018460279800,2,9,0,18,0,1,0,0,0,0,4,1,6,2,27,6,1968,2,11,5,1,5
2018460279815,1,5,0,18,0,0,0,0,0,0,3,1,6,1,55,8,749,1,13,6,1,6
2018460279815,2,5,0,11,0,0,0,0,0,0,4,1,6,1,52,8,745,1,1,4,1,4
2018460279815,3,9,0,12,0,0,0,0,0,0,2,1,1,1,31,6,-1,-1,-1,2,1,2
2018460279815,4,9,0,18,0,0,0,0,0,0,0,1,6,1,45,7,1995,1,8,4,1,4
2018460279842,1,3,0,5,0,1,2,0,0,0,4,1,6,1,53,8,124,1,8,2,1,2
2018460279864,1,9,0,5,0,2,0,0,0,0,1,1,6,2,47,8,2143,2,2,8,1,8
2018460279876,1,9,0,3,0,1,0,0,0,0,1,1,6,2,61,9,1364,1,2,3,1,3
2018460279876,2,4,0,3,0,1,0,0,0,0,1,1,6,1,53,8,471,1,-1,3,1,3
2018460279894,1,9,0,18,2,1,0,0,0,0,1,1,2,2,28,6,1598,1,11,2,1,2
2018460279894,2,11,0,18,2,6,0,0,0,0,4,1,5,1,47,8,4500,2,1,2,1,2
2018460279896,1,9,0,17,0,0,0,0,1,0,0,1,6,1,25,5,1796,1,13,3,1,3
2018460279896,2,9,0,17,0,0,0,0,0,0,0,1,6,1,68,10,1171,1,20,5,2,5
2018460279969,1,9,0,9,0,8,0,0,0,0,3,1,6,2,19,4,1149,1,7,10,1,10
2018460279969,2,1,0,18,0,1,0,0,0,0,1,1,6,1,18,4,-1,-1,-1,4,1,4
2018460279984,1,9,0,18,0,0,0,0,0,0,3,1,6,2,55,8,1997,1,3,9,1,9
2018460280070,1,9,0,18,0,0,1,0,0,0,2,1,1,2,42,7,1560,2,2,3,2,3
2018460280070,2,9,0,18,0,0,1,0,0,0,1,1,1,1,53,8,1560,2,5,6,1,6
2018460280070,3,9,0,18,0,0,1,0,0,0,1,1,1,2,18,4,1995,2,1,4,1,4
2018460280070,4,9,0,18,0,0,1,0,0,0,1,1,1,1,43,7,1988,1,16,3,2,3
2018460280091,1,19,0,18,0,1,0,0,0,0,1,1,6,1,33,6,2402,2,10,5,1,5
2018460280091,2,9,0,18,0,1,0,0,0,0,2,1,6,2,50,8,-1,-1,-1,10,1,10
2018460280091,3,9,0,18,0,1,0,0,1,10,1,1,6,2,56,9,2494,8,-1,10,2,10
2018460280092,1,9,0,9,0,1,0,0,0,0,1,1,1,2,32,6,899,1,5,7,1,7
2018460280092,2,9,0,18,0,1,0,0,0,0,2,1,2,1,26,6,-1,-1,-1,5,1,5
2018460280109,1,9,0,9,0,1,0,0,0,0,1,1,6,2,30,6,1229,1,12,2,1,2
2018460280109,2,9,0,18,0,8,0,0,0,0,1,1,6,2,18,4,-1,-1,-1,3,1,3
2018460280116,1,9,0,18,0,0,0,0,0,0,1,1,6,1,30,6,1968,2,3,3,1,3
2018460280124,1,21,1,18,0,0,0,0,0,0,1,1,1,1,51,8,10837,2,7,-1,1,-1
2018460280124,2,21,1,18,0,0,0,0,0,0,1,1,1,1,55,8,12777,2,1,3,1,3
2018460280124,3,98,1,18,0,0,0,0,0,0,1,1,1,1,55,8,-1,-1,-1,-1,-1,-1
2018460280145,1,9,0,9,0,6,0,0,0,0,3,1,6,1,54,8,1992,2,13,10,1,10
2018460280145,2,1,0,18,0,8,0,0,0,0,1,1,2,1,31,6,-1,-1,-1,9,1,9
2018460280148,1,9,0,18,0,0,0,0,0,0,4,1,2,2,58,9,998,1,1,3,1,3
2018460280171,1,9,0,18,0,0,1,0,1,0,1,1,5,1,19,4,1242,1,10,4,1,4
2018460280197,1,9,0,18,0,0,0,0,0,0,4,1,6,3,-1,-1,-1,-1,-1,-1,-1,-1
2018460280219,1,9,0,18,0,0,0,0,0,0,0,1,6,1,63,9,1997,2,6,9,1,9
2018460280220,1,21,1,5,0,5,1,0,1,0,1,1,2,1,29,6,10837,2,2,4,1,4
2018460280220,2,9,0,5,0,4,0,0,1,0,2,1,6,2,27,6,1997,2,2,4,3,4
2018460280223,1,9,0,17,0,0,2,0,1,0,3,1,6,1,21,5,1598,1,15,10,1,10
2018460280238,1,9,0,17,0,0,1,0,1,0,4,1,6,1,30,6,4196,1,15,4,3,4
2018460280266,1,9,0,18,0,4,0,0,0,0,3,1,6,2,90,11,1299,1,16,9,1,9
2018460280266,2,21,0,18,0,4,0,0,0,0,4,1,1,1,60,9,-1,2,15,4,1,4
2018460280285,1,2,0,18,0,8,0,0,0,0,1,1,6,1,17,4,50,1,2,1,1,1
2018460280285,2,9,0,3,0,8,0,0,0,0,2,1,6,2,57,9,1560,2,3,4,2,4
2018460280296,1,9,0,16,0,0,1,0,0,0,1,1,6,2,47,8,1598,1,16,8,3,8
2018460280296,2,9,0,4,0,0,0,0,0,0,2,1,6,2,55,8,2179,2,5,-1,-1,-1
2018460280296,3,9,0,4,0,0,0,0,0,0,2,1,6,1,73,10,1997,2,14,4,1,4
2018460280383,1,19,0,18,0,0,0,0,0,0,1,1,1,1,34,6,1968,2,4,6,1,6
2018460280391,1,9,0,18,0,0,0,0,0,0,3,1,6,2,26,6,1968,2,4,9,1,9
2018460280391,2,9,0,18,0,0,0,0,0,0,1,1,6,2,59,9,998,1,10,9,2,9
2018460280402,1,9,0,18,0,0,2,0,0,0,1,1,2,2,57,9,1997,2,14,6,1,6
2018460280404,1,9,0,18,0,8,0,0,0,0,1,1,2,1,41,7,2198,2,13,5,1,5
2018460280404,2,9,0,3,0,1,0,0,0,0,1,1,2,1,41,7,1970,1,11,6,1,6
2018460280412,1,9,0,4,0,4,0,0,0,0,1,1,6,2,27,6,1348,1,11,3,1,3
2018460280412,2,9,0,18,0,4,0,0,0,0,2,1,6,1,55,8,2204,2,10,4,1,4
2018460280412,3,9,0,4,0,4,0,0,0,0,0,1,1,1,33,6,2993,2,2,6,3,6
2018460280419,1,19,0,18,0,0,1,0,1,0,3,1,6,1,-1,-1,1998,2,14,4,3,4
2018460280419,2,19,0,18,0,0,0,0,0,0,3,1,1,1,27,6,2287,2,1,6,3,6
2018460280443,1,9,0,18,0,6,0,0,0,0,1,1,6,2,22,5,1598,1,13,10,2,10
2018460280443,2,9,0,18,0,8,1,0,1,0,3,1,6,1,56,9,1596,1,4,10,2,10
2018460280461,1,9,0,14,0,0,0,0,0,0,4,1,5,2,57,9,1598,1,9,8,2,8
2018460280461,2,9,0,18,0,0,0,0,0,0,4,1,5,1,75,10,2495,1,17,6,3,6
2018460280461,3,9,0,2,0,0,0,0,0,0,3,1,5,3,-1,-1,1349,1,12,-1,-1,-1
2018460280472,1,9,0,18,0,0,0,0,0,0,1,1,6,2,39,7,2687,1,13,8,1,8
2018460280477,1,9,0,9,0,5,0,0,0,0,2,1,6,1,-1,-1,1796,1,12,3,1,3
2018460280477,2,1,0,13,0,1,0,0,0,0,1,1,2,1,51,8,-1,-1,-1,6,3,6
2018460280485,1,9,0,18,0,0,0,0,0,0,1,1,6,1,29,6,1995,2,3,9,1,9
2018460280485,2,9,0,18,0,0,0,0,0,0,2,1,6,1,33,6,1339,1,10,7,1,7
2018460280491,1,11,0,5,0,0,0,0,0,0,0,1,1,1,45,7,9000,2,9,1,1,1
2018460280496,1,3,0,17,0,0,1,0,1,0,1,1,6,1,23,5,124,1,6,7,1,7
2018460280502,1,9,0,18,0,0,1,0,4,0,1,1,6,2,43,7,1870,2,10,2,1,2
2018460280507,1,9,0,18,0,0,1,0,0,0,1,1,2,1,28,6,1769,1,16,7,1,7
2018460280507,2,9,0,18,0,0,0,0,0,0,1,1,6,2,48,8,1781,1,11,9,1,9
2018460280511,1,9,0,18,0,0,1,0,0,0,1,1,6,1,72,10,1984,1,11,10,1,10
2018460280511,2,9,0,18,0,0,0,0,0,0,1,1,6,1,68,10,995,1,8,6,3,6
2018460280522,1,9,0,8,0,6,0,0,0,0,3,1,6,2,22,5,-1,-1,-1,10,1,10
2018460280522,2,9,0,18,0,1,0,0,0,0,1,1,1,2,71,10,1400,1,18,9,1,9
2018460280526,1,9,0,16,0,0,2,0,0,0,1,1,6,1,19,4,1368,1,10,4,3,4
2018460280526,2,9,0,17,0,0,0,0,0,0,3,1,6,1,45,7,-1,-1,-1,4,2,4