Accident_Index,Vehicle_Reference,Vehicle_Type,Towing_and_Articulation,Vehicle_Manoeuvre,Vehicle_Location-Restricted_Lane,Junction_Location,Skidding_and_Overturning,Hit_Object_in_Carriageway,Vehicle_Leaving_Carriageway,Hit_Object_off_Carriageway,1st_Point_of_Impact,Was_Vehicle_Left_Hand_Drive?,Journey_Purpose_of_Driver,Sex_of_Driver,Age_of_Driver,Age_Band_of_Driver,Engine_Capacity_(CC),Propulsion_Code,Age_of_Vehicle,Driver_IMD_Decile,Driver_Home_Area_Type,Vehicle_IMD_Decile
2018460280560,1,9,0,1,0,0,0,0,0,0,2,1,6,1,43,7,2494,8,2,9,3,9
2018460280634,1,9,0,4,0,0,0,0,0,0,2,1,2,2,48,8,1198,1,15,6,1,6
2018460280634,2,9,0,4,0,0,0,0,0,0,1,1,6,1,30,6,1995,2,11,6,1,6
2018460280634,3,9,0,4,0,0,0,0,0,0,1,1,3,2,41,7,1596,1,13,4,1,4
2018460280648,1,9,0,18,0,0,1,0,1,0,1,1,6,1,44,7,1596,1,9,6,1,6
2018460281127,1,9,0,18,0,8,1,0,0,0,1,1,1,1,21,5,1399,2,12,9,2,9
2018460281127,2,9,0,18,0,8,1,0,7,11,4,1,5,1,21,5,1995,2,7,7,3,7
2018460281127,3,9,0,2,0,2,0,0,0,0,3,1,5,2,34,6,1242,1,3,7,2,7
2018460281135,1,9,0,1,0,0,0,0,0,0,2,1,6,1,19,4,1198,1,7,8,1,8
2018460281135,2,9,0,5,0,0,0,0,0,0,1,1,6,2,56,9,998,1,6,9,1,9
2018460281150,1,9,0,18,0,1,0,0,0,0,4,1,6,1,37,7,-1,-1,-1,-1,-1,-1
2018460281150,2,9,0,18,0,1,0,0,0,0,3,1,6,2,25,5,1349,1,10,9,1,9
2018460281157,1,9,0,18,0,0,0,0,0,0,1,1,6,2,24,5,1124,1,13,2,1,2
2018460281157,2,19,0,4,0,0,0,0,0,0,2,1,5,1,53,8,1968,2,3,5,1,5
2018460281157,3,9,0,18,0,0,0,0,0,0,1,1,2,2,53,8,1343,1,15,1,1,1
2018460281168,1,9,0,18,0,0,0,0,0,0,0,1,6,3,37,7,-1,-1,-1,-1,-1,-1
2018460281207,1,9,0,18,0,0,1,0,7,0,1,1,6,1,34,6,1596,1,14,3,1,3
2018460281235,1,9,0,18,0,1,0,0,0,0,1,1,6,1,81,11,2495,2,20,7,2,7
2018460281235,2,21,0,18,0,2,0,0,0,0,1,1,1,1,40,7,12740,2,4,3,1,3
2018460281238,1,9,0,9,0,6,0,0,0,0,4,1,2,2,22,5,1598,2,7,5,3,5
2018460281238,2,11,0,4,0,1,0,0,0,0,3,1,1,1,32,6,7300,2,14,8,1,8
2018460281273,1,9,0,18,0,0,0,0,0,0,1,1,6,2,65,9,-1,-1,-1,7,1,7
2018460281273,2,9,0,18,0,0,0,0,0,0,2,1,6,1,42,7,1997,2,6,9,1,9
2018460281283,1,9,0,18,0,0,1,0,0,0,3,1,6,2,53,8,-1,3,4,6,2,6
2018460281283,2,9,0,18,0,0,1,0,0,0,3,1,6,1,69,10,1797,8,3,6,3,6
2018460281300,1,9,0,18,0,0,0,0,0,0,1,1,6,1,17,4,1198,1,3,3,1,3
2018460281300,2,9,0,3,0,0,0,0,0,0,2,1,6,2,51,8,998,1,1,6,2,6
2018460281301,1,5,0,18,0,0,5,0,0,0,1,1,6,1,49,8,1250,1,18,6,1,6
2018460281333,1,9,0,15,0,0,0,0,0,0,1,1,6,1,-1,-1,1390,1,10,6,3,6
2018460281333,2,9,0,2,0,0,0,0,0,0,1,1,6,2,-1,-1,998,1,4,7,1,7
2018460281338,1,9,0,18,0,1,1,0,1,0,1,1,6,2,51,8,1798,1,12,3,1,3
2018460281338,2,9,0,18,0,8,1,0,1,0,1,1,6,2,31,6,1600,1,18,3,1,3
2018460281393,1,9,0,17,0,0,1,0,7,0,2,1,6,1,42,7,1149,1,12,5,2,5
2018460281404,1,9,0,18,0,0,0,0,0,0,1,1,6,1,36,7,1986,2,12,6,1,6
2018460281404,2,1,0,16,0,0,0,0,0,0,1,1,6,1,23,5,-1,-1,-1,4,1,4
2018460281434,1,9,0,18,0,1,1,0,0,0,1,1,6,1,28,6,1997,2,1,7,1,7
2018460281434,2,9,0,4,0,5,0,0,0,0,3,1,6,2,46,8,1596,1,10,9,1,9
2018460281513,1,17,0,18,0,0,0,0,0,0,3,1,6,3,-1,-1,-1,-1,-1,-1,-1,-1
2018460281513,2,9,0,18,0,0,0,0,0,0,3,1,6,2,56,9,-1,-1,-1,9,2,9
2018460281533,1,21,0,18,0,0,0,0,0,0,1,1,6,1,-1,-1,6700,2,1,4,3,4
2018460281533,2,9,0,18,0,0,0,0,0,0,1,1,6,1,-1,-1,1560,2,8,5,1,5
2018460281537,1,9,0,18,0,0,0,0,0,0,3,1,6,2,18,4,999,1,3,10,1,10
2018460281568,1,9,0,9,0,0,0,0,0,0,1,1,6,1,79,11,1598,1,23,8,1,8
2018460281568,2,19,0,18,0,0,0,0,0,0,4,1,1,1,49,8,2402,2,10,9,1,9
2018460281579,1,9,0,18,0,0,1,0,1,4,1,1,2,2,17,4,1198,1,14,7,2,7
2018460281608,1,9,0,18,0,0,0,0,0,0,1,1,6,1,-1,-1,1390,1,7,8,1,8
2018460281608,2,9,0,3,0,0,0,0,0,0,2,1,6,2,19,4,999,1,-1,10,1,10
2018460281688,1,9,0,18,0,0,0,0,0,0,3,1,6,3,37,7,1398,1,1,-1,-1,-1
2018460281688,2,9,0,18,0,0,1,0,5,0,4,1,6,2,31,6,1998,1,1,8,1,8
2018460281824,1,9,0,18,0,1,0,0,0,0,1,1,5,1,79,11,1498,1,-1,10,1,10
2018460281824,2,9,0,3,0,1,0,0,0,0,2,1,1,1,37,7,1968,2,3,3,1,3
2018460281875,1,9,0,18,0,0,0,0,0,0,4,1,3,2,35,6,2497,2,14,4,1,4
2018460281908,1,9,0,18,0,8,0,0,0,0,1,1,6,2,18,4,1198,1,11,5,3,5
2018460281922,1,9,0,9,0,1,1,0,0,0,1,1,6,1,19,4,1368,1,9,6,3,6
2018460281922,2,9,0,18,0,1,1,0,1,0,1,1,6,2,32,6,-1,-1,-1,2,2,2
2018460281929,1,9,0,1,0,0,0,0,0,0,1,1,6,1,44,7,1391,1,22,6,2,6
2018460281929,2,9,0,2,0,0,0,0,0,0,1,1,3,2,32,6,1240,1,15,1,1,1
2018460281929,3,9,0,2,0,0,0,0,0,0,1,1,6,1,37,7,1796,1,11,5,2,5
2018460281980,1,9,0,11,0,0,0,0,0,0,3,1,6,2,31,6,1956,2,6,4,1,4
2018460281980,2,2,0,18,0,0,0,0,0,0,1,1,6,1,31,6,49,1,5,1,1,1
2018460282073,1,9,0,18,0,2,5,0,0,0,4,1,2,2,53,8,1896,2,15,8,1,8
2018460282080,1,9,0,18,0,0,0,0,0,0,1,1,6,1,24,5,1796,1,11,9,1,9
2018460282080,2,9,0,3,0,0,0,0,0,0,2,1,2,2,29,6,1390,1,13,6,1,6
2018460282205,1,98,1,12,0,4,0,0,0,0,1,1,1,1,-1,-1,-1,-1,-1,-1,-1,-1
2018460282205,2,9,0,18,0,4,1,0,0,0,4,1,6,2,53,8,1200,1,1,7,3,7
2018460282220,1,2,0,5,0,2,0,0,0,0,4,1,6,1,16,4,49,1,4,5,1,5
2018460282220,2,9,0,4,0,2,0,0,0,0,1,1,6,2,38,7,1328,1,11,1,1,1
2018460282257,1,9,0,9,0,6,0,0,0,0,2,1,6,2,-1,-1,1198,1,11,1,1,1
2018460282257,2,3,0,18,0,1,0,0,0,0,1,1,6,1,17,4,124,1,26,3,1,3
2018460282265,1,9,0,18,0,0,1,0,1,0,1,1,6,1,31,6,1686,2,13,3,2,3
2018460282268,1,9,0,13,0,0,0,0,0,0,4,1,6,1,18,4,1390,1,14,1,1,1
2018460282268,2,90,0,2,0,0,0,0,0,0,2,1,1,1,36,7,-1,-1,-1,1,1,1
2018460282284,1,9,0,18,0,6,0,0,0,0,1,1,6,2,69,10,998,1,3,4,1,4
2018460282298,1,9,0,9,0,6,0,0,1,0,1,1,6,2,45,7,1598,1,15,5,3,5
2018460282298,2,3,0,18,0,3,1,0,1,0,4,1,6,1,23,5,124,1,1,1,1,1
2018460282304,1,9,0,16,0,1,0,0,0,0,1,1,2,1,47,8,1560,2,2,4,1,4
2018460282304,2,9,0,10,0,5,0,0,0,0,3,1,1,1,45,7,1299,1,13,9,1,9
2018460282307,1,3,0,14,0,8,0,0,0,0,4,1,4,1,17,4,124,1,3,10,1,10
2018460282307,2,9,0,9,0,6,0,0,0,0,4,1,2,1,24,5,1398,1,2,6,1,6
2018460282323,1,98,1,4,0,0,0,0,0,0,1,1,2,3,-1,-1,-1,-1,-1,-1,-1,-1
2018460282323,2,9,0,3,0,0,0,0,0,0,0,1,6,1,43,7,1910,2,12,10,1,10
2018460282325,1,22,0,5,9,0,5,0,0,0,0,1,6,1,85,11,-1,-1,-1,7,1,7
2018460282338,1,9,0,18,0,0,1,0,0,0,1,1,6,2,22,5,1388,1,15,6,3,6
2018460282339,1,9,0,13,0,1,0,0,0,0,1,1,6,1,-1,-1,1988,1,16,-1,-1,-1
2018460282339,2,9,0,18,0,1,0,0,0,0,1,1,1,1,46,8,1997,2,16,1,1,1
2018460282343,1,9,0,18,0,0,0,0,0,0,1,1,6,1,21,5,1240,1,14,6,1,6
2018460282343,2,9,0,9,0,0,0,0,0,0,2,1,2,2,28,6,1149,1,2,7,1,7
2018460282347,1,9,0,7,0,1,0,0,0,0,1,1,6,3,-1,-1,-1,-1,-1,-1,-1,-1
2018460282371,1,98,0,17,0,0,1,0,0,0,1,1,6,2,50,8,-1,-1,-1,4,1,4
2018460282371,2,9,0,16,0,0,1,0,0,0,1,1,6,1,17,4,1242,1,11,2,1,2
2018460282382,1,9,0,16,0,8,0,0,0,0,1,1,6,1,24,5,999,1,4,9,1,9
2018460282382,2,9,0,17,0,8,0,0,0,0,1,1,2,1,32,6,1896,2,12,2,1,2
2018460282384,1,9,0,18,0,1,0,0,0,0,1,1,6,2,17,4,999,1,3,5,3,5
2018460282384,2,9,0,18,0,1,0,0,0,0,1,1,6,1,77,11,-1,-1,-1,8,3,8
2018460282392,1,19,0,4,0,0,0,0,0,0,1,1,1,1,61,9,1968,2,2,10,1,10
2018460282392,2,9,0,4,0,0,0,0,0,0,2,1,5,2,29,6,1461,2,8,6,3,6
2018460282427,1,9,0,11,0,2,0,0,0,0,1,1,6,1,55,8,1248,1,2,7,1,7
2018460282427,2,5,0,18,0,1,0,0,0,0,3,1,6,1,41,7,937,1,23,7,3,7
2018460282441,1,19,0,18,0,0,0,0,0,0,4,1,1,1,51,8,2998,2,1,7,1,7
2018460282441,2,1,0,7,0,0,0,0,0,0,3,1,6,1,53,8,-1,-1,-1,6,1,6
2018460282491,1,21,0,18,0,0,0,0,0,0,4,1,6,1,61,9,-1,-1,-1,-1,-1,-1
2018460282644,1,98,1,18,0,1,0,0,0,0,1,2,1,3,-1,-1,-1,-1,-1,-1,-1,-1
2018460282721,1,5,0,18,0,0,1,4,0,0,1,1,2,1,38,7,806,1,2,2,1,2
2018460282721,2,9,0,2,0,0,0,0,0,0,4,1,6,3,-1,-1,-1,-1,-1,-1,-1,-1
2018460282725,1,9,0,9,0,6,0,0,0,0,1,1,3,2,25,5,1995,1,16,10,1,10
2018460282725,2,9,0,9,0,5,0,0,0,0,3,1,3,2,36,7,1598,1,8,10,1,10
2018460282749,1,9,0,9,0,8,0,0,0,0,1,1,6,1,20,4,1995,2,8,-1,-1,-1
2018460282749,2,4,0,18,0,8,0,0,0,0,1,1,2,1,57,9,471,1,5,9,1,9
2018460282758,1,9,0,18,0,8,0,0,0,0,3,1,5,1,34,6,1685,2,6,5,1,5
2018460282758,2,9,0,18,0,8,0,0,0,0,4,1,1,1,66,10,1395,1,2,6,3,6
2018460282767,1,9,0,18,0,6,0,0,0,0,4,1,6,2,19,4,2179,2,9,7,3,7
2018460282767,2,11,0,18,2,6,0,0,0,0,1,1,1,2,52,8,9000,2,9,4,1,4
2018460282774,1,9,0,18,0,1,0,0,0,0,1,1,6,1,21,5,1995,2,11,8,1,8
2018460282774,2,9,0,2,0,1,0,0,0,0,2,1,6,3,-1,-1,-1,-1,-1,-1,-1,-1
2018460282774,3,9,0,2,0,1,0,0,0,0,1,1,6,3,-1,-1,-1,-1,-1,-1,-1,-1
2018460282781,1,9,0,18,0,1,0,0,0,0,4,1,6,3,-1,-1,-1,-1,-1,-1,-1,-1
2018460282781,2,9,0,2,0,1,0,0,0,0,3,1,6,3,-1,-1,-1,-1,-1,-1,-1,-1
2018460282792,1,21,1,18,0,0,0,0,7,0,1,1,1,1,43,7,11000,2,18,9,3,9
2018460282826,1,9,0,18,0,5,0,0,0,0,1,1,6,2,35,6,1198,1,5,2,1,2
2018460282826,2,19,0,2,0,1,0,0,0,0,4,1,6,1,35,6,2151,2,18,2,1,2
2018460282835,1,9,0,18,0,1,0,0,0,0,1,1,5,2,-1,-1,1395,1,4,-1,-1,-1
2018460282835,2,3,0,18,0,1,0,0,0,0,0,1,5,1,22,5,125,1,3,5,1,5
2018460282837,1,9,0,18,0,6,0,0,0,0,1,1,6,1,-1,-1,1596,1,13,-1,-1,-1
2018460282837,2,9,0,18,0,8,0,0,0,0,1,1,1,1,56,9,1999,8,2,3,1,3
2018460282843,1,9,0,7,0,5,0,0,0,0,1,1,2,2,55,8,1248,1,8,7,3,7
2018460282843,2,3,0,18,0,1,5,0,0,0,4,1,2,1,23,5,125,1,2,9,2,9
2018460282844,1,9,0,18,0,1,0,0,0,0,1,1,5,2,78,11,1896,2,12,7,3,7
2018460282844,2,9,0,3,0,1,0,0,0,0,2,1,5,1,49,8,1995,1,14,7,3,7
2018460282844,3,9,0,9,0,1,0,0,0,0,2,1,5,2,35,6,1422,2,3,10,-1,10
2018460282847,1,1,0,18,0,6,0,0,0,0,1,1,6,1,10,2,-1,-1,-1,8,1,8
2018460282847,2,9,0,7,0,8,0,0,0,0,4,1,2,1,28,6,1997,2,2,2,1,2
2018460282868,1,9,0,18,0,0,0,0,0,0,1,1,2,1,23,5,1242,1,3,8,1,8
2018460282912,1,9,0,9,0,2,0,0,0,0,3,1,6,1,51,8,1596,1,3,1,1,1
2018460282912,2,11,0,18,0,1,0,0,0,0,4,1,1,1,47,8,4500,2,11,3,1,3
2018460282922,1,9,0,18,0,3,0,0,0,0,1,1,6,3,-1,-1,1461,2,1,-1,-1,-1
2018460282922,2,9,0,18,0,3,0,0,0,0,2,1,6,1,44,7,1975,1,12,4,2,4
2018460282957,1,9,0,18,0,3,0,0,0,0,3,1,1,2,20,4,998,1,1,2,1,2
2018460282957,2,3,0,18,0,4,0,0,0,0,1,1,6,1,20,4,124,1,4,2,1,2
2018460282976,1,9,0,18,0,1,0,0,0,0,1,1,6,1,-1,-1,1686,2,11,-1,-1,-1
2018460282976,2,9,0,9,0,2,0,0,0,0,4,1,6,2,61,9,1995,2,14,10,2,10
2018460282994,1,9,0,18,0,0,1,0,0,0,1,1,1,2,45,7,998,1,5,6,1,6
2018460282994,2,19,0,18,0,0,0,0,1,0,1,1,1,2,29,6,1598,2,1,2,1,2
2018460283010,1,9,0,9,0,5,0,0,0,0,3,1,5,1,66,10,2967,1,17,2,1,2
2018460283010,2,9,0,18,0,8,1,0,0,0,1,1,5,1,20,4,1124,1,17,5,1,5
2018460283010,3,19,0,8,0,1,0,0,0,0,3,1,1,1,49,8,2198,2,11,4,1,4
2018460283023,1,9,0,16,0,0,0,0,0,0,1,1,5,1,29,6,1299,1,16,3,1,3
2018460283023,2,9,0,17,0,0,0,0,0,0,1,1,5,1,18,4,1149,1,12,6,3,6
2018460283057,1,9,0,13,0,1,0,0,0,0,4,1,6,1,21,5,-1,-1,-1,7,3,7
2018460283057,2,21,0,18,0,1,0,0,0,0,3,1,1,1,23,5,-1,-1,-1,9,1,9
2018460283072,1,3,0,16,0,0,1,10,0,0,1,1,6,1,26,6,124,1,20,2,1,2
2018460283072,2,9,0,17,0,0,0,0,0,0,1,1,6,1,51,8,2993,2,8,6,1,6
2018460283107,1,9,0,5,0,1,0,0,0,0,3,1,6,2,21,5,1242,1,9,7,3,7
2018460283107,2,11,0,18,0,1,0,0,0,0,4,1,1,1,42,7,6692,2,7,10,1,10
2018460283107,3,9,0,2,0,1,0,0,0,0,2,1,6,3,50,8,1797,8,3,-1,-1,-1
2018460283168,1,9,0,18,0,0,0,0,0,0,1,1,6,1,66,10,1998,1,15,1,1,1
2018460283168,2,9,0,18,0,0,0,0,0,0,1,1,6,1,56,9,1388,1,14,7,2,7
2018460283221,1,9,0,7,0,0,0,0,0,0,1,1,6,1,25,5,1598,2,6,3,1,3
2018460283221,2,9,0,18,0,0,0,0,0,0,4,1,6,2,26,6,1398,1,4,3,1,3
2018460283231,1,9,0,12,0,1,0,0,0,0,3,1,6,2,20,4,998,1,5,10,3,10
2018460283231,2,9,0,18,0,1,0,0,0,0,4,1,6,1,60,9,1797,1,24,4,1,4
2018460283237,1,9,0,18,0,2,0,0,0,0,1,1,1,1,27,6,1994,2,18,2,1,2
2018460283237,2,9,0,18,0,1,0,0,0,0,1,1,6,1,42,7,-1,-1,-1,8,1,8
2018460283263,1,9,0,18,0,0,0,0,0,0,1,1,2,1,20,4,999,1,6,5,1,5
2018460283345,1,9,0,18,0,0,0,0,0,0,1,1,6,1,59,9,1598,1,14,4,1,4
2018460283345,2,9,0,18,0,0,0,0,0,0,1,1,6,1,41,7,1560,2,6,7,1,7
2018460283347,1,9,0,18,0,8,0,0,0,0,1,1,2,1,34,6,2521,1,11,6,2,6
2018460283347,2,9,0,4,0,8,0,0,0,0,2,1,2,2,24,5,1598,1,11,4,1,4
2018460283370,1,9,0,16,0,0,0,0,0,0,1,1,6,1,43,7,1598,2,-1,6,2,6
2018460283370,2,9,0,3,0,0,0,0,0,0,2,1,6,1,27,6,1200,1,2,6,3,6
2018460283377,1,9,0,5,0,4,0,0,0,0,1,1,6,2,55,8,1299,1,14,2,1,2
2018460283377,2,1,0,7,0,3,5,0,0,0,4,1,6,1,48,8,-1,-1,-1,9,1,9
2018460283383,1,9,0,18,0,0,1,0,1,0,1,1,6,1,18,4,1198,1,11,4,1,4
2018460283428,1,9,0,4,0,0,0,0,0,0,4,1,1,2,19,4,-1,-1,-1,2,1,2
2018460283428,2,21,0,2,0,0,0,0,0,0,4,1,1,1,34,6,4461,2,10,7,2,7
2018460283470,1,9,0,4,0,1,0,0,0,0,1,1,6,1,70,10,1968,2,9,10,2,10
2018460283471,1,9,0,18,0,0,0,0,0,0,1,1,6,2,40,7,1242,1,9,2,1,2
2018460283471,2,9,0,2,0,0,0,0,0,0,2,1,6,2,-1,-1,1587,1,12,6,1,6
2018460283487,1,9,0,4,0,1,0,0,0,0,1,1,6,2,26,6,1685,2,-1,4,1,4
2018460283487,2,9,0,4,0,1,0,0,0,0,2,1,6,2,48,8,1596,1,14,1,1,1
2018460283526,1,9,0,7,0,2,0,0,0,0,3,1,6,1,17,4,1198,1,5,7,3,7
2018460283526,2,9,0,18,0,1,0,0,0,0,1,1,6,2,49,8,1598,1,14,6,1,6
2018460283528,1,9,0,12,0,6,1,0,2,7,1,1,6,1,56,9,2099,1,14,2,1,2
2018460283531,1,9,0,16,0,1,0,0,0,0,1,1,6,1,58,9,1498,1,1,4,2,4
2018460283531,2,9,0,1,0,6,0,0,0,0,0,1,6,2,26,6,2685,2,14,6,3,6
2018460283551,1,1,0,18,0,0,0,0,0,0,1,1,6,1,38,7,-1,-1,-1,1,1,1
2018460283584,1,9,0,3,0,1,0,0,0,0,1,1,6,1,-1,-1,-1,-1,-1,-1,-1,-1
2018460283602,1,9,0,1,0,0,0,10,7,0,2,1,6,1,59,9,1596,1,10,2,1,2
2018460283602,2,9,0,18,0,0,0,0,0,0,1,1,1,1,-1,-1,1598,2,1,7,1,7
2018460283629,1,9,0,3,0,0,0,0,0,0,1,1,6,1,23,5,1560,2,11,9,1,9
2018460283629,2,9,0,3,0,0,0,0,0,0,2,1,6,2,50,8,2959,1,14,5,1,5
2018460283629,3,9,0,3,0,0,0,0,0,0,2,1,6,2,56,9,1600,1,13,5,1,5
2018460283694,1,9,0,3,0,0,0,0,0,0,1,1,6,1,84,11,1242,1,8,10,2,10
2018460283694,2,9,0,3,0,0,0,0,0,0,3,1,6,1,38,7,-1,-1,-1,9,3,9
2018460283700,1,9,0,18,0,0,0,0,1,0,3,1,6,1,22,5,1396,1,9,3,1,3
2018460283724,1,5,0,18,0,8,0,0,0,0,1,1,6,1,44,7,749,1,19,8,1,8
2018460283724,2,9,0,18,0,4,0,0,0,0,3,1,6,2,62,9,1240,1,10,10,1,10
2018460283801,1,90,0,18,0,1,0,0,0,0,1,1,1,1,-1,-1,9200,2,7,5,1,5
2018460283801,2,9,0,3,0,2,0,0,0,0,2,1,6,1,64,9,1596,1,15,5,1,5
2018460283801,3,9,0,18,0,2,0,0,0,0,2,1,6,2,31,6,1596,1,10,1,-1,1
2018460283808,1,9,0,4,0,1,2,0,0,0,1,1,6,2,23,5,1461,2,6,8,2,8
2018460283853,1,9,0,18,0,0,1,0,0,0,1,1,2,2,46,8,1948,1,17,9,1,9
2018460283865,1,9,0,13,0,0,0,0,0,0,4,1,1,1,57,9,1995,2,1,8,1,8
2018460283865,2,17,5,18,0,0,0,0,0,0,3,1,1,1,33,6,4485,2,1,5,1,5
2018460283868,1,9,0,18,0,0,1,0,0,0,4,1,6,1,20,4,1984,2,9,7,1,7
2018460283868,2,9,0,18,0,0,0,0,0,0,1,1,6,1,39,7,2191,2,-1,3,1,3
2018460283879,1,9,0,3,0,0,0,0,0,0,1,1,6,2,-1,-1,1395,8,1,-1,-1,-1
2018460283879,2,9,0,3,0,0,0,0,0,0,1,1,6,2,25,5,1395,1,5,7,1,7
2018460283885,1,9,0,18,0,0,1,0,0,0,1,1,1,1,21,5,1496,2,3,4,3,4
2018460283885,2,9,0,18,0,0,0,0,0,0,1,1,2,1,41,7,2494,8,1,4,3,4
2018460283894,1,1,0,5,0,2,0,0,0,0,1,1,6,1,84,11,-1,-1,-1,3,1,3
2018460283894,2,9,0,5,0,2,0,0,0,0,1,1,6,1,36,7,1997,2,11,7,1,7
2018460283899,1,19,0,1,0,0,0,0,0,0,2,1,6,1,50,8,1499,2,1,2,2,2
2018460283899,2,9,0,2,0,0,0,0,0,0,1,1,6,2,36,7,1598,1,15,4,1,4
2018460283901,1,19,0,12,0,0,0,0,0,0,3,1,5,1,20,4,1499,2,1,8,1,8
2018460283901,2,3,0,18,0,0,0,0,0,0,4,1,5,1,50,8,395,1,11,4,1,4
2018460283908,1,9,0,18,0,1,0,0,0,0,1,1,2,1,48,8,-1,-1,-1,2,1,2
2018460283908,2,9,0,3,0,1,0,0,0,0,2,1,3,2,31,6,1968,2,9,6,1,6
2018460283923,1,9,0,3,0,0,0,0,0,0,3,1,6,2,62,9,2149,2,10,7,3,7
2018460283925,1,21,0,18,0,0,0,0,0,0,3,1,1,1,32,6,-1,-1,-1,-1,-1,-1
2018460283925,2,9,0,18,0,0,1,0,5,0,4,1,1,1,48,8,1995,2,1,8,1,8
2018460283932,1,9,0,4,0,0,0,0,0,0,3,1,6,2,26,6,998,1,16,8,2,8
2018460283932,2,9,0,18,0,0,0,0,0,0,3,1,6,2,21,5,1149,1,8,6,1,6
2018460283942,1,9,0,18,0,1,0,0,0,0,1,1,6,3,-1,-1,999,1,2,2,1,2
2018460283942,2,1,0,3,0,1,0,0,0,0,0,1,6,1,14,3,-1,-1,-1,1,1,1
2018460283978,1,9,0,3,0,0,0,0,0,0,1,1,6,2,28,6,1560,2,7,-1,-1,-1
2018460283978,2,9,0,3,0,0,0,0,0,0,2,1,6,2,53,8,1870,2,14,4,1,4
2018460284000,1,9,0,18,0,0,0,0,0,0,1,1,6,1,48,8,2199,2,2,6,3,6
2018460284000,2,9,0,18,0,0,0,0,0,0,2,1,6,1,49,8,2231,2,11,5,1,5
2018460284000,3,19,0,18,0,0,0,0,0,0,2,1,6,1,50,8,1995,2,1,8,1,8
2018460284029,1,9,0,3,0,1,0,0,0,0,1,1,6,1,18,4,1298,1,18,7,1,7
2018460284029,2,9,0,3,0,1,0,0,0,0,1,1,6,1,17,4,1560,2,10,5,1,5
2018460284044,1,9,0,18,0,0,0,0,0,0,1,1,6,1,68,10,2231,2,10,4,1,4
2018460284044,2,1,0,18,0,0,0,0,0,0,1,1,6,1,11,3,-1,-1,-1,7,1,7
2018460284050,1,3,0,18,0,0,0,0,0,0,1,1,6,3,-1,-1,124,1,17,6,1,6
2018460284050,2,9,0,9,0,0,0,0,0,0,3,1,6,2,73,10,1591,1,2,4,3,4
2018460284100,1,9,0,18,0,0,0,0,0,0,1,1,6,2,25,5,998,1,5,8,2,8
2018460284120,1,9,0,18,0,1,0,0,0,0,1,1,6,2,17,4,875,1,4,9,1,9
2018460284170,1,19,0,1,0,0,0,0,0,0,2,1,6,3,-1,-1,2295,2,17,-1,-1,-1
2018460284170,2,19,0,2,0,0,0,0,0,0,1,1,6,1,-1,-1,2198,2,5,6,3,6
2018460284181,1,9,0,6,0,0,0,0,0,0,4,1,6,2,50,8,1596,1,10,6,3,6
2018460284181,2,5,0,18,0,0,1,0,0,0,1,1,6,1,61,9,955,1,16,6,1,6
2018460284198,1,9,0,12,0,0,2,0,2,0,1,1,6,2,48,8,1461,2,8,9,1,9
2018460284199,1,98,0,1,0,0,0,0,0,0,2,1,1,1,-1,-1,-1,-1,-1,-1,-1,-1
2018460284213,1,19,4,4,0,0,0,0,0,0,1,1,6,1,39,7,1998,2,16,5,1,5
2018460284213,2,9,0,4,0,0,0,0,0,0,2,1,6,2,37,7,1197,1,2,7,2,7
2018460284216,1,9,0,4,0,0,2,0,7,0,3,1,6,2,80,11,1341,1,13,7,2,7
2018460284235,1,9,0,4,0,0,0,0,0,0,1,1,6,2,30,6,2179,2,4,6,1,6
2018460284235,2,9,0,4,0,0,0,0,0,0,2,1,6,2,49,8,2143,2,2,10,1,10
2018460284249,1,9,0,18,0,0,0,0,0,0,1,1,5,1,26,6,1229,1,11,7,3,7
2018460284249,2,1,0,18,0,0,0,0,0,0,1,1,5,1,16,4,-1,-1,-1,10,2,10
2018460284262,1,9,0,15,0,0,1,0,2,4,1,1,6,1,28,6,1796,1,12,10,1,10
2018460284282,1,5,0,18,0,6,1,0,0,0,0,1,5,1,41,7,745,1,6,6,2,6
2018460284289,1,19,0,18,0,0,0,0,1,0,1,1,1,1,30,6,1461,2,5,3,1,3
2018460284289,2,9,0,18,0,0,0,0,2,0,2,1,6,1,58,9,1796,1,16,5,3,5
2018460284289,3,9,0,18,0,0,0,0,2,0,2,1,6,2,49,8,1197,1,2,5,3,5
2018460284291,1,22,0,18,0,0,0,0,0,0,1,1,6,1,-1,-1,-1,-1,-1,-1,-1,-1
2018460284318,1,9,0,18,0,0,0,0,2,0,3,1,5,1,32,6,1596,1,17,5,1,5
2018460284318,2,9,0,18,0,0,0,0,0,0,4,1,2,1,49,8,2143,2,1,9,3,9
2018460284318,3,9,0,18,0,0,0,0,0,0,4,1,5,1,61,9,-1,-1,-1,9,3,9
2018460284370,1,9,0,17,0,0,0,0,0,0,0,1,2,2,61,9,1388,1,8,6,1,6
2018460284370,2,19,0,16,0,0,1,0,0,0,0,1,1,1,52,8,1753,2,5,9,2,9
2018460284402,1,9,0,18,0,0,1,0,0,0,1,1,5,1,23,5,1968,2,9,4,3,4
2018460284414,1,9,0,9,0,0,0,0,0,0,3,1,6,1,46,8,1598,2,1,8,1,8