Accident_Index,Vehicle_Reference,Vehicle_Type,Towing_and_Articulation,Vehicle_Manoeuvre,Vehicle_Location-Restricted_Lane,Junction_Location,Skidding_and_Overturning,Hit_Object_in_Carriageway,Vehicle_Leaving_Carriageway,Hit_Object_off_Carriageway,1st_Point_of_Impact,Was_Vehicle_Left_Hand_Drive?,Journey_Purpose_of_Driver,Sex_of_Driver,Age_of_Driver,Age_Band_of_Driver,Engine_Capacity_(CC),Propulsion_Code,Age_of_Vehicle,Driver_IMD_Decile,Driver_Home_Area_Type,Vehicle_IMD_Decile
2018460284414,2,9,0,16,0,0,0,0,0,0,1,1,6,1,25,5,1956,2,4,7,3,7
2018460284419,1,9,0,18,0,4,0,0,0,0,3,1,6,2,88,11,1242,1,6,8,1,8
2018460284419,2,21,0,18,0,4,0,0,0,0,4,1,6,1,54,8,12740,2,5,4,1,4
2018460284472,1,9,0,18,0,8,0,0,0,0,4,1,6,2,31,6,1598,1,4,8,1,8
2018460284557,1,9,0,18,0,0,0,0,0,0,1,1,6,1,63,9,1461,2,-1,3,1,3
2018460284557,2,9,0,3,0,0,0,0,0,0,2,1,1,1,28,6,-1,-1,-1,3,1,3
2018460284573,1,9,0,9,0,1,0,0,0,0,3,1,6,1,24,5,999,1,11,3,1,3
2018460284586,1,9,0,18,0,7,0,0,0,0,1,1,1,1,25,5,1399,2,9,2,1,2
2018460284586,2,9,0,3,0,7,0,0,0,0,4,1,2,1,42,7,-1,-1,-1,3,1,3
2018460284604,1,9,0,9,0,8,0,0,0,0,1,1,6,1,22,5,1229,1,12,4,1,4
2018460284604,2,9,0,18,0,8,0,0,0,0,1,1,6,1,57,9,1398,1,5,5,2,5
2018460284609,1,9,0,18,0,4,0,0,0,0,1,1,6,2,82,11,1896,2,13,8,1,8
2018460284609,2,9,0,18,0,4,0,0,0,0,1,1,6,1,55,8,1997,1,13,4,3,4
2018460284636,1,2,0,7,0,0,1,0,0,0,0,1,5,1,18,4,49,1,13,8,3,8
2018460284666,1,9,0,9,0,8,0,0,0,0,1,1,2,1,35,6,-1,-1,-1,2,1,2
2018460284666,2,9,0,18,0,8,0,0,0,0,1,1,2,1,30,6,-1,-1,-1,5,1,5
2018460284684,1,98,1,12,0,0,0,0,0,0,3,1,1,1,50,8,-1,-1,-1,-1,-1,-1
2018460284684,2,9,0,18,0,0,1,0,0,0,4,1,5,1,18,4,1242,1,10,3,1,3
2018460284690,1,9,0,18,0,0,0,0,5,0,1,1,5,2,23,5,998,1,11,9,2,9
2018460284690,2,9,0,18,0,0,0,1,0,0,1,1,5,1,27,6,-1,-1,-1,2,1,2
2018460284715,1,9,0,18,0,0,1,0,1,0,1,1,5,1,18,4,1398,1,8,7,1,7
2018460284719,1,9,0,18,0,1,0,0,0,0,4,1,2,1,30,6,1598,1,15,1,1,1
2018460284720,1,9,0,18,0,0,2,0,2,0,1,1,6,2,81,11,1198,1,5,4,1,4
2018460284734,1,9,0,11,0,0,1,0,0,0,1,1,1,1,22,5,1598,1,14,9,1,9
2018460284734,2,9,0,13,0,0,0,0,0,0,4,1,2,1,32,6,1995,2,4,5,1,5
2018460284749,1,9,0,9,0,4,0,0,0,0,1,1,6,2,35,6,1910,2,8,2,1,2
2018460284749,2,9,0,17,0,1,0,0,0,0,1,1,6,1,67,10,1598,1,8,5,1,5
2018460284783,1,9,0,3,0,0,0,0,0,0,0,1,6,1,49,8,1240,1,13,10,1,10
2018460284824,1,3,0,17,0,0,2,0,0,0,1,1,5,1,19,4,125,1,2,6,1,6
2018460284836,1,9,0,18,0,0,0,0,1,0,1,1,5,1,25,5,1390,1,9,5,3,5
2018460284838,1,9,0,4,0,1,0,0,0,0,1,1,6,2,28,6,1968,2,3,7,1,7
2018460284838,2,9,0,3,0,1,0,0,0,0,2,1,6,1,66,10,1242,1,5,9,1,9
2018460284838,3,9,0,3,0,1,0,0,0,0,2,1,6,2,32,6,1598,1,11,10,1,10
2018460284896,1,9,0,4,0,0,0,0,0,0,1,1,6,1,22,5,1595,1,2,9,1,9
2018460284896,2,9,0,4,0,0,0,0,0,0,2,1,6,1,49,8,1796,1,10,3,1,3
2018460284898,1,9,0,18,0,1,0,0,0,0,3,1,6,1,58,9,1242,1,6,10,1,10
2018460284898,2,5,0,9,0,1,5,0,1,0,2,1,1,1,41,7,998,1,1,8,1,8
2018460284909,1,-1,0,8,0,0,0,0,0,0,1,1,6,1,-1,-1,-1,-1,-1,-1,-1,-1
2018460284909,2,1,0,18,0,0,0,0,0,0,4,1,4,1,11,3,-1,-1,-1,6,1,6
2018460284934,1,9,0,18,0,3,1,0,1,4,1,1,6,1,31,6,2979,1,2,7,1,7
2018460284970,1,9,0,15,0,0,0,4,0,0,3,1,6,1,36,7,1969,2,1,4,3,4
2018460284970,2,9,0,18,0,0,0,0,0,0,3,1,6,2,34,6,1560,2,10,4,3,4
2018460284970,3,9,0,2,0,0,0,0,0,0,4,1,6,2,54,8,2000,2,12,4,3,4
2018460285000,1,9,0,5,0,6,0,0,0,0,1,1,6,1,19,4,1461,2,5,9,1,9
2018460285000,2,9,0,18,0,1,0,0,0,0,1,1,6,1,40,7,1796,1,10,2,1,2
2018460285007,1,9,0,3,0,0,0,0,0,0,1,1,6,1,36,7,-1,-1,-1,9,1,9
2018460285007,2,9,0,3,0,0,0,0,0,0,1,1,6,2,36,7,1995,2,3,8,1,8
2018460285009,1,9,0,7,0,6,0,0,0,0,1,1,6,2,54,8,1956,2,7,9,2,9
2018460285009,2,9,0,4,0,1,0,0,0,0,4,1,6,2,24,5,1596,1,12,4,1,4
2018460285018,1,98,0,11,0,0,0,0,0,0,4,1,1,1,57,9,-1,-1,-1,-1,-1,-1
2018460285018,2,9,0,18,0,0,0,0,0,0,3,1,6,1,53,8,1368,1,12,8,1,8
2018460285030,1,9,0,4,0,1,0,0,0,0,1,1,2,1,26,6,1997,2,17,4,1,4
2018460285030,2,9,0,3,0,1,0,0,0,0,2,1,1,2,70,10,1149,1,5,6,1,6
2018460285030,3,9,0,3,0,1,0,0,0,0,2,1,1,1,19,4,1198,1,14,6,1,6
2018460285030,4,19,0,3,0,1,0,0,0,0,2,1,1,1,40,7,1560,2,1,4,1,4
2018460285034,1,90,0,18,0,0,0,0,0,0,1,1,1,1,40,7,-1,-1,-1,7,2,7
2018460285034,2,9,0,18,0,0,0,0,0,0,2,1,1,1,51,8,-1,-1,-1,8,1,8
2018460285046,1,9,0,3,0,1,0,0,0,0,4,1,6,1,74,10,998,1,1,6,1,6
2018460285056,1,9,0,3,0,0,0,0,0,0,1,1,6,1,78,11,1598,1,11,3,1,3
2018460285056,2,9,0,3,0,0,0,0,0,0,2,1,6,2,30,6,1198,1,4,8,1,8
2018460285070,1,9,0,18,0,1,0,0,0,0,1,1,2,2,20,4,973,1,19,4,1,4
2018460285070,2,9,0,9,0,6,0,0,0,0,4,1,2,2,34,6,1968,2,11,6,1,6
2018460285084,1,9,0,9,0,6,0,0,0,0,1,1,6,2,-1,-1,999,1,1,4,1,4
2018460285084,2,9,0,18,0,8,0,0,0,0,1,1,6,2,56,9,1968,2,2,6,1,6
2018460285105,1,9,0,3,0,0,0,0,0,0,1,1,6,1,45,7,-1,-1,-1,6,1,6
2018460285105,2,9,0,3,0,0,0,0,0,0,1,1,6,1,37,7,1368,1,6,9,2,9
2018460285105,3,9,0,3,0,0,0,0,0,0,2,1,6,1,40,7,-1,-1,-1,5,3,5
2018460285212,1,9,0,9,0,3,0,0,0,0,1,2,6,1,53,8,-1,-1,-1,-1,-1,-1
2018460285212,2,9,0,18,0,3,0,0,0,0,2,1,6,1,21,5,1248,2,11,4,1,4
2018460285221,1,1,0,18,9,1,0,0,0,0,4,1,6,1,20,4,-1,-1,-1,-1,-1,-1
2018460285221,2,9,0,4,0,1,0,0,0,0,1,1,6,1,47,8,1998,2,9,3,1,3
2018460285247,1,9,0,18,0,1,0,0,0,0,1,1,6,1,38,7,-1,-1,-1,-1,-1,-1
2018460285247,2,9,0,18,0,1,0,0,0,0,2,1,6,1,45,7,1998,1,9,10,1,10
2018460285283,1,2,0,18,0,8,1,10,0,0,4,1,6,2,16,4,49,1,3,1,1,1
2018460285297,1,19,0,10,0,1,0,0,0,0,3,1,6,1,29,6,1997,2,1,6,2,6
2018460285297,2,9,0,13,0,1,0,0,0,0,4,1,6,2,45,7,1685,2,2,8,3,8
2018460285310,1,9,0,18,0,2,0,0,0,0,4,1,6,1,26,6,1595,1,4,2,1,2
2018460285321,1,9,0,18,0,1,0,0,0,0,1,1,1,1,30,6,1587,1,11,1,1,1
2018460285321,2,8,0,18,0,1,0,0,0,0,1,1,6,1,39,7,1968,2,3,7,1,7
2018460285329,1,9,0,9,0,0,0,0,0,0,1,1,6,2,25,5,1796,1,9,2,1,2
2018460285329,2,9,0,18,0,0,0,0,0,0,4,1,6,1,32,6,1332,1,11,4,1,4
2018460285343,1,9,0,18,0,0,0,0,0,0,1,1,6,1,35,6,1896,2,14,4,1,4
2018460285343,2,9,0,17,0,0,1,0,1,3,1,1,2,1,28,6,2495,2,25,4,3,4
2018460285381,1,9,0,18,0,0,0,0,0,0,1,1,6,2,27,6,998,1,1,4,1,4
2018460285385,1,9,0,7,0,1,0,0,0,0,1,1,6,1,50,8,1995,2,11,3,1,3
2018460285385,2,9,0,18,0,2,0,0,0,0,4,1,6,2,36,7,1798,8,-1,3,1,3
2018460285387,1,9,0,18,0,0,0,0,0,0,1,1,6,2,56,9,1598,1,2,7,1,7
2018460285434,1,9,0,13,0,1,0,0,0,0,1,1,1,2,25,5,-1,-1,-1,7,1,7
2018460285434,2,9,0,9,0,1,0,0,0,0,3,1,2,2,18,4,1399,1,2,6,1,6
2018460285439,1,9,0,9,0,5,0,0,0,0,1,1,6,1,58,9,1598,1,1,4,1,4
2018460285439,2,9,0,18,0,1,0,0,0,0,1,1,6,2,34,6,1242,1,9,9,1,9
2018460285448,1,1,0,18,0,8,0,0,0,0,1,1,6,1,10,2,-1,-1,-1,8,3,8
2018460285448,2,8,0,18,0,8,0,0,0,0,1,1,1,1,56,9,2143,2,4,7,1,7
2018460285475,1,9,0,18,0,0,0,0,0,0,1,1,2,1,41,7,1364,1,13,9,1,9
2018460285475,2,9,0,13,0,0,2,0,0,0,2,1,1,1,30,6,1318,1,2,2,1,2
2018460285487,1,19,0,18,0,0,0,0,0,0,4,1,1,1,42,7,1248,2,9,8,1,8
2018460285487,2,19,0,18,0,0,0,0,0,0,3,1,1,1,39,7,2198,2,3,8,1,8
2018460285487,3,21,0,18,0,0,0,0,0,0,1,1,1,1,56,9,99999,2,18,-1,1,-1
2018460285487,4,9,0,18,0,0,0,11,0,0,4,1,1,1,32,6,1968,2,7,6,1,6
2018460285489,1,9,0,18,0,3,0,0,0,0,4,1,6,1,49,8,2967,2,4,6,3,6
2018460285489,2,9,0,18,0,3,0,0,0,0,1,1,5,1,47,8,1560,2,10,6,1,6
2018460285507,1,9,0,18,0,0,0,0,7,4,1,1,6,2,57,9,1969,2,3,6,3,6
2018460285516,1,9,0,4,0,1,0,0,0,0,1,1,6,2,42,7,1984,1,12,2,1,2
2018460285525,1,9,0,18,0,0,0,0,0,0,1,1,6,1,37,7,1360,1,14,4,1,4
2018460285539,1,9,0,16,0,0,1,0,0,0,1,1,2,1,55,8,1600,1,19,3,1,3
2018460285539,2,9,0,16,0,0,1,0,0,0,2,1,6,1,55,8,2494,2,30,7,1,7
2018460285539,3,9,0,16,0,0,1,0,0,0,1,1,2,2,54,8,1798,1,7,5,3,5
2018460285539,4,9,0,16,0,0,1,0,0,0,3,1,6,1,58,9,1997,1,15,8,3,8
2018460285545,1,9,0,18,0,0,0,0,0,0,4,1,6,2,22,5,998,1,3,6,1,6
2018460285562,1,9,0,18,0,0,0,0,0,0,1,1,6,2,54,8,1560,2,8,2,1,2
2018460285604,1,9,0,18,0,1,0,0,0,0,4,1,6,1,37,7,1229,1,10,3,1,3
2018460285604,2,9,0,18,0,1,0,0,0,0,1,1,6,1,64,9,1596,1,2,3,1,3
2018460285765,1,9,0,18,0,0,0,0,0,0,3,1,6,1,20,4,1299,1,15,-1,-1,-1
2018460285765,2,9,0,18,0,0,0,0,0,0,3,1,6,1,24,5,1968,2,6,7,3,7
2018460285771,1,9,0,6,0,0,0,0,0,0,3,1,6,2,32,6,1395,1,1,1,1,1
2018460285771,2,9,0,18,0,0,0,0,0,0,1,1,6,1,40,7,1586,1,8,4,2,4
2018460285779,1,9,0,18,0,1,0,0,0,0,1,1,6,2,27,6,1395,1,-1,4,3,4
2018460285779,2,9,0,18,0,1,0,0,0,0,2,1,6,1,66,10,1399,1,1,4,1,4
2018460285791,1,9,0,5,0,8,0,0,0,0,3,1,6,2,68,10,1988,1,1,8,1,8
2018460285791,2,9,0,9,0,8,0,0,0,0,3,1,2,1,20,4,4973,1,23,8,3,8
2018460285792,1,9,0,18,0,3,0,0,3,0,1,1,6,1,34,6,1242,1,14,1,1,1
2018460285794,1,9,0,18,0,8,0,0,0,0,1,1,6,1,26,6,1229,1,5,3,1,3
2018460285794,2,9,0,18,0,8,0,0,0,0,1,1,6,1,45,7,1997,2,3,6,1,6
2018460285802,1,1,0,5,0,4,0,0,0,0,4,1,5,1,24,5,-1,-1,-1,3,1,3
2018460285802,2,9,0,5,0,3,0,0,0,0,4,1,5,2,69,10,1984,1,1,6,3,6
2018460285804,1,9,0,18,0,0,1,0,4,6,4,1,6,2,36,7,1950,2,1,3,2,3
2018460285804,2,9,0,18,0,0,1,0,5,6,3,1,6,1,29,6,2143,2,4,6,1,6
2018460285809,1,9,0,18,0,1,0,0,0,0,4,1,2,1,21,5,1796,1,10,6,1,6
2018460285813,1,9,0,18,0,0,0,0,0,0,4,1,6,1,63,9,1461,2,5,1,1,1
2018460285813,2,9,0,18,0,0,0,0,0,0,1,1,6,2,59,9,-1,-1,-1,8,1,8
2018460285820,1,9,0,9,0,8,0,0,0,0,4,1,6,2,84,11,1998,1,17,7,1,7
2018460285820,2,9,0,18,0,8,0,0,0,0,1,1,6,1,46,8,1496,2,2,7,1,7
2018460285827,1,3,0,4,0,4,1,0,0,0,0,1,2,1,45,7,125,1,-1,4,1,4
2018460285848,1,4,0,7,0,3,2,0,0,0,2,1,6,1,58,9,885,1,19,3,1,3
2018460285848,2,9,0,4,0,3,0,0,0,0,1,1,6,1,63,9,1398,1,3,4,3,4
2018460285854,1,9,0,18,0,0,0,0,0,0,3,1,6,1,38,7,1968,2,1,9,1,9
2018460285854,2,9,0,18,0,0,0,11,1,0,3,1,6,1,62,9,2720,2,12,4,3,4
2018460285867,1,9,0,5,0,6,0,0,0,0,1,1,6,1,32,6,1560,2,4,5,1,5
2018460285867,2,3,0,18,0,8,0,0,0,0,3,1,6,1,21,5,125,1,4,4,1,4
2018460285870,1,19,0,18,0,0,0,0,1,0,1,1,1,1,63,9,1560,2,4,1,1,1
2018460285882,1,9,0,9,0,5,0,0,0,0,4,1,6,2,32,6,2191,2,3,1,1,1
2018460285882,2,9,0,18,0,1,0,0,0,0,1,1,6,1,17,4,1388,1,16,3,1,3
2018460285893,1,5,0,18,0,0,0,0,0,0,1,1,6,1,31,6,1000,1,1,9,2,9
2018460285893,2,9,0,3,0,0,0,0,0,0,1,1,6,1,58,9,-1,-1,-1,7,1,7
2018460285893,3,9,0,9,0,0,0,0,0,0,0,1,1,2,54,8,2179,2,8,8,3,8
2018460285905,1,21,0,18,0,0,1,0,0,0,1,1,1,2,27,6,11946,2,7,1,3,1
2018460285922,1,9,0,14,0,0,0,0,0,0,4,1,6,1,37,7,973,1,17,2,1,2
2018460285922,2,9,0,7,0,0,0,0,0,0,1,1,6,1,44,7,1796,1,15,2,1,2
2018460285926,1,9,0,3,0,0,0,0,0,0,0,1,6,3,-1,-1,2987,2,10,-1,-1,-1
2018460285936,1,9,0,14,0,2,0,0,0,0,3,1,6,1,84,11,1499,2,3,7,1,7
2018460285936,2,9,0,14,0,2,0,0,0,0,4,1,1,1,29,6,1598,2,1,6,1,6
2018460285938,1,5,0,18,0,0,0,0,0,0,1,1,6,1,52,8,670,1,6,1,1,1
2018460285979,1,98,0,4,0,0,0,0,0,0,1,1,6,1,34,6,-1,-1,-1,6,1,6
2018460285979,2,9,0,12,0,0,0,0,0,0,3,1,1,1,53,8,1598,1,1,7,2,7
2018460285989,1,5,0,17,0,0,0,0,0,0,3,1,6,1,39,7,1450,1,12,9,-1,9
2018460286029,1,1,0,17,0,8,0,0,0,0,1,1,6,1,30,6,-1,-1,-1,3,1,3
2018460286029,2,9,0,18,0,8,0,0,0,0,1,1,2,2,52,8,1598,2,2,4,1,4
2018460286043,1,9,0,18,0,4,0,0,0,0,4,1,6,1,18,4,1364,1,10,6,1,6
2018460286043,2,1,0,18,0,4,0,0,0,0,1,1,6,1,61,9,-1,-1,-1,4,3,4
2018460286053,1,9,4,13,0,0,0,0,0,0,2,1,6,3,-1,-1,-1,-1,-1,-1,-1,-1
2018460286053,2,1,0,18,0,0,0,0,0,0,2,1,6,1,43,7,-1,-1,-1,6,1,6
2018460286064,1,9,0,1,0,0,0,0,0,0,2,1,1,1,24,5,-1,-1,-1,10,3,10
2018460286069,1,19,0,18,0,1,0,0,0,0,1,1,2,1,-1,-1,-1,-1,-1,9,1,9
2018460286069,2,9,0,10,0,1,0,0,0,0,2,1,6,2,39,7,1798,1,1,7,1,7
2018460286069,3,9,0,18,0,1,0,0,0,0,2,1,2,1,-1,-1,-1,-1,-1,2,1,2
2018460286072,1,17,0,9,0,5,0,0,0,0,3,1,2,1,36,7,6788,2,8,8,3,8
2018460286072,2,9,0,13,0,1,0,0,7,0,4,1,5,1,69,10,2290,1,19,8,1,8
2018460286080,1,9,0,18,0,1,0,0,1,0,1,1,6,3,-1,-1,1200,1,1,-1,-1,-1
2018460286080,2,9,0,3,0,1,0,0,0,0,2,1,6,1,52,8,1598,1,9,8,1,8
2018460286092,1,9,0,18,0,0,0,0,0,0,0,1,1,2,24,5,999,1,16,4,1,4
2018460286097,1,9,0,5,0,1,0,0,0,0,1,1,6,1,50,8,1598,1,14,6,1,6
2018460286097,2,9,0,18,0,2,0,0,0,0,4,1,6,1,30,6,-1,-1,-1,6,1,6
2018460286118,1,9,0,18,0,1,0,0,0,0,1,1,2,1,47,8,1598,1,15,4,1,4
2018460286120,1,9,0,5,0,0,0,0,0,0,1,1,6,3,-1,-1,-1,-1,-1,-1,-1,-1
2018460286120,2,3,0,18,0,0,0,0,0,0,4,1,6,1,21,5,125,1,2,2,1,2
2018460286124,1,9,0,18,0,0,0,0,0,0,1,1,6,2,30,6,1248,1,5,4,1,4
2018460286124,2,9,0,4,0,0,0,0,0,0,1,1,6,2,47,8,-1,-1,-1,8,1,8
2018460286124,3,9,0,4,0,0,0,0,0,0,2,1,6,1,51,8,-1,-1,-1,9,1,9
2018460286141,1,9,0,5,0,1,0,0,0,0,3,1,3,1,46,8,4951,1,-1,8,1,8
2018460286141,2,9,0,18,0,1,0,0,0,0,4,1,6,2,19,4,998,1,3,5,2,5
2018460286184,1,5,0,18,0,1,0,0,0,0,0,1,6,1,34,6,649,1,16,6,1,6
2018460286227,1,3,0,18,0,0,0,0,0,0,1,1,6,1,24,5,124,1,9,8,1,8
2018460286316,1,9,0,17,0,0,2,0,7,4,3,1,6,1,23,5,1397,1,15,5,1,5
2018460286638,1,9,0,18,0,8,0,0,0,0,3,1,6,1,22,5,1798,1,1,3,1,3
2018460286638,2,9,0,5,0,8,0,0,0,0,4,1,6,2,19,4,1200,1,1,8,1,8
2018460286669,1,19,0,18,0,0,0,0,7,0,1,1,2,1,28,6,1995,2,-1,6,1,6
2018460286689,1,9,0,9,0,2,0,0,0,0,1,1,6,2,50,8,1461,2,4,8,1,8
2018460286707,1,9,0,18,0,1,1,0,2,7,2,1,6,2,46,8,999,1,-1,2,1,2
2018460286707,2,9,0,18,0,1,1,0,0,0,1,1,6,2,40,7,1769,1,16,1,1,1
2018460286719,1,17,0,18,0,8,0,0,0,0,1,1,6,1,-1,-1,-1,-1,-1,-1,-1,-1
2018460286719,2,9,0,18,0,8,0,0,0,0,2,1,6,2,39,7,1461,2,7,5,1,5
2018460286745,1,9,0,9,0,6,0,0,0,0,1,1,2,1,64,9,1995,2,7,10,2,10
2018460286745,2,9,0,18,0,1,0,0,0,0,1,1,2,2,25,5,-1,-1,-1,7,1,7
2018460286764,1,9,0,18,0,0,0,0,0,0,4,1,1,1,35,6,-1,-1,-1,2,1,2
2018460286764,2,17,0,18,0,0,0,0,0,0,1,1,6,1,70,10,4400,2,7,6,3,6
2018460286764,3,9,0,18,0,0,0,0,0,0,4,1,6,2,67,10,1368,1,-1,6,3,6
2018460286764,4,9,0,18,0,0,0,0,0,0,2,1,6,2,28,6,1242,1,8,8,1,8
2018460286781,1,9,0,11,0,3,0,0,0,0,1,1,6,3,-1,-1,-1,-1,-1,-1,-1,-1
2018460286781,2,9,0,18,0,8,0,0,0,0,2,1,2,2,20,4,1242,1,9,2,1,2
2018460286802,1,9,0,18,0,0,0,0,0,0,1,1,1,1,38,7,-1,-1,-1,3,1,3
2018460286802,2,9,0,18,0,0,1,0,0,0,2,1,1,2,18,4,1200,1,1,6,3,6
2018460286802,3,9,0,18,0,0,0,0,0,0,2,1,1,2,30,6,1995,2,12,4,1,4
2018460286808,1,9,0,18,0,0,0,0,0,0,1,1,2,1,49,8,-1,-1,-1,4,1,4
2018460286808,2,9,0,18,0,0,0,0,0,0,2,1,2,2,61,9,1686,2,3,9,3,9
2018460286828,1,9,0,3,0,8,0,0,0,0,2,1,6,1,72,10,1499,2,3,7,1,7
2018460286828,2,9,0,3,0,8,0,0,0,0,2,1,6,2,44,7,1598,1,7,10,1,10
2018460286828,3,9,0,3,0,8,0,0,0,0,2,1,6,1,53,8,999,1,2,1,1,1
2018460286828,4,9,0,4,0,8,0,0,0,0,1,1,6,2,32,6,1896,2,9,2,1,2
2018460286830,1,9,0,18,0,0,0,0,0,0,1,1,6,1,-1,-1,1995,2,4,3,1,3
2018460286830,2,9,0,18,0,0,0,0,0,0,2,1,6,1,56,9,1686,2,6,8,1,8
2018460286843,1,9,0,18,0,0,0,0,0,0,3,1,6,1,20,4,1368,1,10,6,3,6
2018460286843,2,9,0,18,0,0,0,0,0,0,3,1,1,1,73,10,1995,1,7,6,2,6
2018460286847,1,9,0,7,0,1,0,0,0,0,3,1,6,2,17,4,1242,1,3,6,3,6
2018460286847,2,9,0,18,0,1,0,0,0,0,1,1,6,2,35,6,1499,1,3,8,-1,8
2018460286866,1,9,0,9,0,1,0,0,0,0,1,1,6,2,34,6,2997,1,11,5,2,5
2018460286866,2,9,0,18,0,1,0,10,1,0,1,1,6,2,22,5,1997,2,3,5,2,5
2018460286866,3,9,0,7,0,1,0,0,0,0,2,1,6,1,80,11,1598,1,3,6,3,6
2018460286869,1,9,0,18,0,0,0,0,0,0,0,1,6,3,-1,-1,-1,-1,-1,-1,-1,-1
2018460286869,2,9,0,18,0,0,0,0,1,0,1,1,6,2,22,5,1197,1,3,8,1,8
2018460286896,1,9,0,18,0,0,0,0,0,0,1,1,1,2,49,8,1200,1,-1,3,1,3
2018460286896,2,9,0,4,0,0,0,0,0,0,2,1,6,1,44,7,2995,1,1,8,1,8
2018460286896,3,9,0,4,0,0,0,0,1,0,0,1,6,1,24,5,1598,1,12,7,1,7
2018460286912,1,4,0,18,0,8,0,0,0,0,1,1,6,1,23,5,689,1,1,2,1,2
2018460286912,2,9,0,18,0,8,0,0,0,0,1,1,6,1,30,6,998,1,3,5,1,5
2018460286916,1,9,0,18,0,1,0,0,0,0,1,1,6,2,23,5,1386,1,5,6,1,6
2018460286916,2,9,0,4,0,1,0,0,0,0,2,1,6,1,69,10,1598,2,7,2,2,2
2018460286916,3,9,0,9,0,6,0,0,0,0,3,1,6,1,27,6,1461,2,11,5,-1,5
2018460286977,1,9,0,18,0,1,0,0,7,0,1,1,2,1,35,6,1956,2,1,5,3,5
2018460286977,2,9,0,9,0,8,5,0,7,0,3,1,2,2,61,9,998,1,4,6,3,6
2018460287207,1,9,0,7,0,6,0,0,0,0,1,1,6,1,56,9,1753,2,17,2,1,2
2018460287207,2,9,0,10,0,2,0,0,0,0,2,1,6,1,29,6,1242,1,8,1,1,1
2018460287208,1,9,0,18,0,3,0,9,3,10,1,1,2,1,18,4,-1,-1,-1,4,2,4
2018460287215,1,9,0,18,0,0,0,0,0,0,1,1,6,3,-1,-1,-1,-1,-1,-1,-1,-1
2018460287215,2,9,0,18,0,0,0,0,0,0,3,1,1,2,30,6,1390,1,12,1,1,1
2018460287246,1,9,0,1,0,1,0,0,0,0,2,1,5,2,72,10,1598,1,10,9,1,9
2018460287246,2,9,0,9,0,1,0,0,0,0,4,1,5,1,24,5,1242,1,9,9,1,9
2018460287246,3,9,0,2,0,2,0,0,0,0,1,1,5,2,78,11,1240,1,12,9,1,9
2018460287247,1,9,0,18,0,8,0,0,0,0,1,1,6,1,90,11,1399,1,2,3,1,3
2018460287247,2,9,0,18,0,8,0,0,0,0,3,1,6,1,49,8,1390,1,10,7,1,7
2018460287249,1,19,0,18,0,0,0,0,0,0,3,1,6,1,19,4,2402,2,8,7,3,7
2018460287249,2,90,1,18,0,0,0,0,0,0,2,1,1,1,31,6,6788,2,5,5,3,5
2018460287250,1,5,0,4,0,0,1,0,0,0,0,1,2,1,30,6,749,1,1,6,1,6
2018460287262,1,9,0,18,0,0,0,0,0,0,1,1,6,1,34,6,1598,1,13,4,1,4
2018460287262,2,9,0,2,0,0,0,0,0,0,2,1,1,1,42,7,1149,1,16,2,1,2
2018460287270,1,9,0,12,0,6,0,0,0,0,1,1,6,2,48,8,1968,2,1,5,1,5
2018460287270,2,9,0,18,0,1,0,0,0,0,1,1,6,1,63,9,1242,1,2,6,1,6
2018460287303,1,9,0,18,0,0,0,0,0,0,0,1,6,1,35,6,2179,2,11,6,2,6
2018460287329,1,9,0,10,0,1,0,0,0,0,1,1,2,1,31,6,2995,8,3,6,1,6
2018460287329,2,98,0,18,0,1,0,0,0,0,3,1,2,1,49,8,-1,-1,-1,3,1,3
2018460287339,1,9,0,18,0,0,0,0,0,0,3,1,6,2,71,10,1197,1,-1,6,3,6
2018460287339,2,9,0,4,6,0,0,0,0,0,3,1,6,2,25,5,1968,2,10,9,1,9
2018460287364,1,9,0,3,0,0,0,0,0,0,0,1,6,3,-1,-1,-1,-1,-1,-1,-1,-1
2018460287364,2,9,0,3,0,0,0,0,0,0,4,1,6,2,42,7,998,1,2,7,3,7
2018460287365,1,9,0,9,0,5,0,0,0,0,1,1,5,2,24,5,1499,2,1,3,1,3
2018460287365,2,19,0,18,0,8,0,0,0,0,1,1,1,1,70,10,1998,2,12,7,3,7
2018460287371,1,21,1,18,0,0,1,0,0,0,3,1,1,1,67,10,12777,2,3,8,2,8
2018460287384,1,21,0,3,0,0,0,0,0,0,0,1,6,1,45,7,4250,2,9,10,1,10
2018460287384,2,9,0,3,0,0,0,0,0,0,1,1,6,2,20,4,1598,1,10,4,2,4
2018460287396,1,3,0,13,0,0,0,11,4,1,1,1,5,1,16,4,125,1,6,5,1,5
2018460287396,2,9,0,18,0,0,0,0,0,0,3,1,6,2,38,7,2401,2,13,3,1,3
2018460287460,1,9,0,18,0,0,1,0,1,4,2,1,6,1,-1,-1,1596,1,13,6,1,6
2018460287462,1,9,0,9,0,5,0,0,0,0,1,1,6,1,25,5,4163,1,11,5,2,5
2018460287467,1,9,0,6,0,1,0,0,0,0,1,1,6,1,59,9,1596,1,16,6,1,6