Accident_Index,Vehicle_Reference,Vehicle_Type,Towing_and_Articulation,Vehicle_Manoeuvre,Vehicle_Location-Restricted_Lane,Junction_Location,Skidding_and_Overturning,Hit_Object_in_Carriageway,Vehicle_Leaving_Carriageway,Hit_Object_off_Carriageway,1st_Point_of_Impact,Was_Vehicle_Left_Hand_Drive?,Journey_Purpose_of_Driver,Sex_of_Driver,Age_of_Driver,Age_Band_of_Driver,Engine_Capacity_(CC),Propulsion_Code,Age_of_Vehicle,Driver_IMD_Decile,Driver_Home_Area_Type,Vehicle_IMD_Decile
2018460287467,2,5,0,18,0,1,0,0,0,0,1,1,6,1,30,6,599,1,14,5,2,5
2018460287471,1,9,0,9,0,1,0,0,0,0,1,1,6,1,26,6,1596,1,16,5,1,5
2018460287471,2,9,0,18,0,1,0,0,0,0,1,1,6,1,40,7,1999,2,15,3,1,3
2018460287489,1,9,0,5,0,8,0,0,0,0,3,1,6,1,45,7,-1,-1,-1,6,1,6
2018460287489,2,9,0,4,0,1,0,0,0,0,1,1,6,2,18,4,1086,1,14,6,2,6
2018460287494,1,98,1,18,0,0,0,0,2,0,1,1,1,1,41,7,-1,-1,-1,4,1,4
2018460287511,1,9,0,17,0,0,0,0,0,0,1,1,6,1,26,6,-1,-1,-1,-1,-1,-1
2018460287511,2,9,0,16,0,0,0,0,0,0,1,1,6,1,26,6,998,1,2,9,1,9
2018460287523,1,9,0,14,0,1,5,0,7,0,1,1,6,1,23,5,1596,1,16,1,1,1
2018460287544,1,9,0,18,0,0,0,0,0,0,1,1,6,1,65,9,-1,-1,-1,2,1,2
2018460287544,2,9,0,18,0,0,0,0,0,0,2,1,6,2,40,7,1499,2,1,2,1,2
2018460287544,3,9,0,18,0,0,0,0,0,0,1,1,6,2,23,5,-1,-1,-1,4,1,4
2018460287554,1,5,0,18,0,0,0,0,0,0,4,1,2,1,26,6,599,1,17,6,1,6
2018460287585,1,9,0,6,0,0,0,0,0,0,4,1,2,1,69,10,1390,1,13,5,1,5
2018460287585,2,5,0,18,0,0,0,0,0,0,1,1,2,1,43,7,988,1,15,5,1,5
2018460287601,1,90,1,10,0,1,0,0,0,0,1,1,1,1,46,8,-1,-1,-1,-1,-1,-1
2018460287601,2,9,0,13,0,1,0,0,0,0,4,1,2,2,60,9,1598,1,5,9,1,9
2018460287602,1,9,0,9,0,2,0,0,0,0,0,1,6,1,30,6,1799,1,12,1,1,1
2018460287602,2,3,0,18,0,1,0,0,0,0,1,1,6,1,17,4,124,1,3,1,1,1
2018460287631,1,9,0,18,0,0,0,0,0,0,0,1,6,1,34,6,1299,1,15,5,1,5
2018460287631,2,5,0,18,0,0,0,0,0,0,3,1,6,1,25,5,649,1,8,3,1,3
2018460287647,1,9,0,18,0,0,0,0,0,0,1,1,5,2,28,6,998,1,3,5,1,5
2018460287650,1,9,0,18,0,0,5,0,1,0,4,1,1,2,50,8,1596,1,5,1,1,1
2018460287650,2,9,0,18,0,0,0,0,0,0,3,1,1,2,47,8,1968,2,11,10,1,10
2018460287656,1,19,0,5,0,0,0,0,0,0,2,1,1,1,55,8,2143,2,3,9,2,9
2018460287671,1,9,0,7,0,4,0,0,0,0,0,1,2,2,25,5,1598,2,5,9,1,9
2018460287671,2,5,0,18,0,4,0,0,0,0,0,1,2,1,35,6,998,1,8,3,1,3
2018460287700,1,9,0,6,0,0,0,0,0,0,3,1,1,1,33,6,2497,1,13,3,-1,3
2018460287700,2,97,0,16,0,0,1,0,0,0,1,1,1,1,50,8,-1,-1,-1,2,1,2
2018460287776,1,9,0,7,0,8,0,0,0,0,1,1,6,1,24,5,1968,2,11,5,1,5
2018460287776,2,9,0,18,0,8,0,0,0,0,3,1,6,2,28,6,1598,1,14,10,1,10
2018460287794,1,9,0,9,0,1,0,0,0,0,1,1,6,3,-1,-1,-1,-1,-1,-1,-1,-1
2018460287822,1,3,0,5,0,0,1,0,0,0,0,1,6,1,18,4,124,1,-1,8,1,8
2018460287845,1,9,0,13,0,1,0,0,0,0,3,1,6,1,17,4,1296,1,10,8,1,8
2018460287845,2,9,0,4,0,1,0,0,0,0,3,1,6,1,48,8,1197,1,3,8,1,8
2018460287845,3,9,0,18,0,1,0,0,0,0,3,1,6,1,55,8,1984,1,15,4,1,4
2018460287911,1,9,0,18,0,8,0,0,0,0,4,1,6,2,22,5,1968,2,4,3,1,3
2018460287911,2,98,0,18,0,8,0,0,0,0,3,1,1,1,40,7,-1,-1,-1,-1,-1,-1
2018460287920,1,19,0,18,0,0,0,0,0,0,3,1,6,1,55,8,2446,2,17,7,1,7
2018460287920,2,19,0,18,0,0,0,0,0,0,3,1,6,1,37,7,2442,2,1,4,2,4
2018460287927,1,9,0,18,0,0,0,0,0,0,0,1,1,1,53,8,-1,-1,-1,9,1,9
2018460287927,2,98,0,2,0,0,0,0,4,0,4,1,1,1,44,7,-1,-1,-1,-1,-1,-1
2018460287997,1,9,0,18,0,0,0,0,0,0,1,1,1,1,23,5,-1,-1,-1,6,1,6
2018460287997,2,98,0,18,0,0,0,0,0,0,2,1,1,1,56,9,-1,-1,-1,8,2,8
2018460288196,1,9,0,9,0,1,0,0,0,0,3,1,1,1,37,7,1198,1,15,3,1,3
2018460288196,2,9,0,18,0,1,0,0,0,0,1,1,6,1,28,6,1360,1,15,9,2,9
2018460288220,1,9,0,9,0,1,0,0,0,0,1,1,6,1,58,9,1968,2,1,4,3,4
2018460288220,2,9,0,18,0,1,0,0,0,0,1,1,6,2,87,11,1769,1,16,5,3,5
2018460288236,1,9,0,18,0,0,0,0,0,0,1,1,6,1,50,8,-1,-1,-1,6,3,6
2018460288236,2,9,0,18,0,0,0,0,0,0,2,1,6,1,43,7,1798,1,4,9,1,9
2018460288246,1,9,0,18,0,0,0,0,0,0,1,1,6,1,38,7,1968,2,6,3,1,3
2018460288246,2,9,0,18,0,0,0,0,0,0,2,1,6,1,41,7,1461,2,2,4,1,4
2018460288287,1,9,0,18,0,0,2,0,0,0,1,1,2,1,25,5,999,1,1,10,1,10
2018460288287,2,9,0,18,0,0,1,0,0,0,1,1,1,1,66,10,1587,1,16,6,1,6
2018460288320,1,5,0,18,0,8,2,0,0,0,1,1,6,1,30,6,645,1,11,6,1,6
2018460288320,2,-1,0,18,0,8,0,0,0,0,2,1,6,3,-1,-1,-1,-1,-1,-1,-1,-1
2018460288338,1,9,0,18,9,0,0,0,7,3,1,1,6,1,76,11,1360,1,13,1,1,1
2018460288370,1,3,0,5,0,0,1,0,0,0,3,1,6,1,26,6,124,1,3,3,1,3
2018460288370,2,19,0,5,0,0,0,0,0,0,1,1,1,3,62,9,998,1,1,1,1,1
2018460288411,1,9,0,18,0,5,0,0,0,0,1,1,6,3,-1,-1,-1,-1,-1,-1,-1,-1
2018460288411,2,2,0,18,0,1,0,0,0,0,1,1,6,1,16,4,49,1,3,1,1,1
2018460288425,1,2,0,18,0,1,0,0,0,0,1,1,6,1,16,4,50,1,1,6,1,6
2018460288425,2,9,0,18,0,1,0,0,0,0,4,1,6,1,30,6,1596,1,4,3,1,3
2018460288479,1,1,0,18,0,0,0,0,0,0,1,1,1,1,36,7,-1,-1,-1,8,3,8
2018460288479,2,9,0,18,0,0,0,0,0,0,2,1,1,1,54,8,2993,2,4,8,3,8
2018460288579,1,9,0,18,0,0,0,4,0,0,1,1,6,1,27,6,1910,2,11,6,1,6
2018460288579,2,9,0,2,0,0,0,0,0,0,1,1,6,2,27,6,1582,2,5,2,1,2
2018460288579,3,9,0,2,0,0,0,0,0,0,1,1,6,2,27,6,999,1,4,9,1,9
2018460288579,4,9,0,2,0,0,0,0,0,0,4,1,6,2,20,4,1339,1,13,4,1,4
2018460288637,1,19,0,18,0,0,0,0,0,0,4,1,1,1,53,8,1997,2,1,4,1,4
2018460288637,2,1,0,18,0,0,0,0,0,0,3,1,6,1,50,8,-1,-1,-1,3,2,3
2018460288648,1,11,0,4,0,0,0,0,0,0,4,1,1,1,59,9,9000,2,7,4,3,4
2018460288653,1,9,0,9,0,8,1,0,7,0,1,1,2,1,23,5,1997,2,15,-1,-1,-1
2018460288653,2,9,0,18,0,1,0,0,0,0,0,1,6,1,32,6,1598,2,1,8,1,8
2018460288656,1,9,0,18,0,0,0,0,0,0,1,1,2,1,37,7,1198,1,4,1,1,1
2018460288656,2,9,0,18,0,0,0,0,0,0,2,1,6,2,41,7,1910,2,10,1,1,1
2018460288656,3,9,0,18,0,0,0,0,0,0,2,1,6,2,67,10,1198,1,4,5,3,5
2018460288659,1,9,0,5,0,6,0,0,0,0,3,1,6,1,72,10,1896,2,15,8,2,8
2018460288659,2,9,0,18,0,8,0,0,0,0,1,1,6,1,25,5,1598,2,4,6,1,6
2018460288681,1,9,0,9,0,8,0,0,0,0,3,1,6,1,39,7,1796,1,12,6,1,6
2018460288681,2,9,0,7,0,3,0,0,0,0,4,1,2,2,52,8,1242,1,10,7,3,7
2018460288690,1,9,0,16,0,0,0,0,0,0,4,1,6,1,46,8,1968,2,2,7,1,7
2018460288690,2,9,0,18,0,0,0,0,0,0,3,1,6,2,61,9,1596,1,7,6,3,6
2018460288702,1,9,0,18,0,0,1,0,4,0,1,1,6,2,23,5,1997,1,13,2,1,2
2018460288702,2,9,0,4,0,0,0,0,0,0,2,1,6,1,33,6,1995,2,3,6,2,6
2018460288702,3,9,0,4,0,0,0,0,0,0,4,1,6,1,26,6,1968,2,12,3,1,3
2018460288710,1,17,0,18,0,1,0,0,0,0,3,1,6,1,33,6,-1,-1,-1,-1,-1,-1
2018460288710,2,1,0,18,0,1,0,0,0,0,1,1,6,1,43,7,-1,-1,-1,9,1,9
2018460288714,1,9,0,4,0,1,0,0,0,0,1,1,6,3,-1,-1,1149,1,14,-1,-1,-1
2018460288714,2,9,0,5,0,1,0,0,0,0,2,1,2,1,55,8,1560,2,4,9,3,9
2018460288719,1,98,0,15,0,0,0,0,0,0,0,1,6,3,-1,-1,-1,-1,-1,-1,-1,-1
2018460288719,2,5,0,16,0,0,0,0,0,0,1,1,6,1,52,8,1198,1,6,9,1,9
2018460288719,3,9,0,17,0,0,0,0,0,0,4,1,6,1,26,6,1968,2,11,9,2,9
2018460288719,4,9,0,16,0,0,0,0,0,0,0,1,6,1,78,11,1461,2,11,6,1,6
2018460288837,1,9,0,3,0,1,0,0,0,0,1,1,6,2,30,6,3628,2,11,5,3,5
2018460288837,2,9,0,18,0,1,0,0,0,0,2,1,6,2,50,8,998,1,5,3,1,3
2018460288883,1,98,0,17,0,0,0,0,0,0,1,1,6,3,-1,-1,-1,-1,-1,-1,-1,-1
2018460288883,2,16,0,16,0,0,0,0,1,0,1,1,5,2,40,7,-1,-1,-1,5,3,5
2018460288934,1,9,0,5,0,0,0,0,0,0,1,1,2,1,27,6,1396,1,7,7,3,7
2018460288934,2,3,0,18,0,0,0,0,0,0,4,1,2,1,32,6,124,1,7,7,1,7
2018460289072,1,9,0,18,0,0,5,0,0,0,1,1,6,2,37,7,1587,1,11,3,1,3
2018460289072,2,9,0,2,0,0,5,0,0,0,1,1,6,1,65,9,-1,-1,-1,3,1,3
2018460289072,3,9,0,2,0,0,0,0,0,0,1,1,5,2,73,10,1998,1,15,3,1,3
2018460289072,4,9,0,2,0,0,5,0,0,0,1,1,6,1,65,9,1200,1,1,3,1,3
2018460289100,1,9,0,18,0,1,0,7,0,0,1,1,6,2,52,8,1299,1,19,3,1,3
2018460289100,2,9,0,18,0,1,1,0,0,0,1,1,6,1,60,9,-1,-1,-1,5,3,5
2018460289100,3,9,0,3,0,1,0,0,0,0,2,1,6,1,52,8,2987,2,12,5,3,5
2018460289159,1,97,0,9,0,6,0,0,0,0,1,1,5,2,-1,-1,-1,-1,-1,-1,-1,-1
2018460289159,2,9,0,18,0,5,0,0,0,0,1,1,5,2,34,6,1299,1,16,1,1,1
2018460289183,1,9,0,17,0,0,1,0,0,0,1,1,1,2,67,10,1197,1,1,5,1,5
2018460289183,2,9,0,18,0,0,0,0,0,0,1,1,5,2,19,4,796,1,17,2,1,2
2018460289274,1,5,0,18,0,8,2,0,0,0,1,1,2,1,26,6,1137,1,21,7,2,7
2018460289274,2,9,0,9,0,8,0,0,0,0,3,1,1,1,36,7,1997,2,2,3,1,3
2018460289328,1,9,0,4,0,4,0,7,0,0,1,1,1,1,52,8,-1,-1,-1,3,1,3
2018460289328,2,98,0,4,0,4,0,9,0,0,2,1,1,1,52,8,-1,-1,-1,8,1,8
2018460289328,3,9,0,4,0,4,0,0,0,0,2,1,1,1,49,8,1896,2,18,4,2,4
2018460289419,1,9,0,18,0,3,0,0,0,0,1,1,6,2,30,6,1968,2,5,7,1,7
2018460289419,2,9,0,18,0,3,0,0,0,0,2,1,6,2,61,9,1896,2,10,5,1,5
2018460289434,1,19,0,18,0,6,0,0,0,0,3,1,6,1,35,6,2198,2,2,6,2,6
2018460289434,2,9,0,18,0,1,0,0,0,0,1,1,6,1,62,9,1997,2,14,5,1,5
2018460289447,1,5,0,11,0,0,0,0,0,0,2,1,6,1,58,9,998,1,2,3,1,3
2018460289447,2,9,0,18,0,0,0,0,0,0,2,1,6,1,19,4,1229,1,4,10,1,10
2018460289447,3,9,0,18,0,0,0,0,0,0,0,1,6,1,36,7,-1,-1,-1,3,2,3
2018460289517,1,9,0,14,0,0,0,0,7,4,1,1,2,1,30,6,1796,1,13,5,1,5
2018460289517,2,19,0,18,0,0,0,0,1,4,1,1,2,1,46,8,2143,2,3,6,1,6
2018460289517,3,9,0,4,0,0,0,0,0,0,4,1,2,1,58,9,-1,-1,-1,5,2,5
2018460289536,1,9,0,18,8,0,0,0,0,0,2,1,6,1,69,10,1896,2,12,7,3,7
2018460289536,2,23,0,17,0,0,0,0,0,0,1,1,6,2,47,8,471,1,1,10,2,10
2018460289599,1,9,0,15,0,0,0,0,0,0,3,1,6,1,52,8,1398,1,4,3,1,3
2018460289599,2,9,0,18,0,0,0,0,0,0,4,1,6,1,29,6,1560,2,4,6,1,6
2018460289688,1,9,0,18,0,0,0,0,0,0,1,1,6,1,-1,-1,-1,-1,-1,-1,-1,-1
2018460289688,2,9,0,3,0,0,0,0,0,0,2,1,6,1,23,5,1396,1,7,7,1,7
2018460289756,1,11,0,4,0,1,0,0,0,0,0,1,1,1,48,8,4461,2,4,4,1,4
2018460289761,1,9,0,18,0,0,0,0,0,0,0,1,6,3,-1,-1,-1,-1,-1,-1,-1,-1
2018460289761,2,11,0,18,0,0,0,0,0,0,0,1,1,1,23,5,-1,-1,-1,10,1,10
2018460289773,1,9,0,3,0,0,0,4,0,0,2,1,6,1,48,8,1124,1,16,2,1,2
2018460289773,2,9,0,2,0,0,0,0,0,0,2,1,6,1,69,10,1997,2,10,4,1,4
2018460289788,1,9,0,9,0,0,0,0,0,0,2,1,2,1,62,9,2179,2,5,7,1,7
2018460289788,2,5,0,18,0,0,0,0,0,0,4,1,6,1,69,10,689,1,3,5,1,5
2018460289808,1,9,0,9,0,6,0,0,0,0,1,1,6,1,21,5,1242,1,5,4,1,4
2018460289808,2,9,0,18,0,1,0,0,0,0,1,1,6,2,72,10,1596,1,15,4,1,4
2018460289816,1,9,0,18,0,0,5,0,5,0,1,1,1,1,46,8,999,1,-1,10,3,10
2018460289816,2,9,0,18,0,0,0,0,0,0,2,1,1,1,30,6,1248,1,3,8,3,8
2018460289834,1,9,0,3,0,3,0,0,0,0,0,1,6,2,28,6,1364,1,9,2,1,2
2018460289834,2,9,0,3,0,3,0,0,0,0,1,1,6,2,37,7,1341,1,20,10,1,10
2018460289836,1,9,0,18,0,2,0,0,0,0,1,1,1,1,25,5,1582,2,6,4,-1,4
2018460289840,1,9,0,9,0,1,0,0,0,0,1,1,6,1,81,11,1796,1,19,7,1,7
2018460289852,1,9,0,1,0,1,0,0,0,0,2,1,6,1,56,9,1997,2,-1,3,1,3
2018460289876,1,19,0,9,0,8,0,0,0,0,3,1,2,1,21,5,2198,2,2,9,1,9
2018460289876,2,5,0,13,0,1,0,0,0,0,4,1,2,1,48,8,645,1,4,6,1,6
2018460289878,1,19,0,18,0,0,0,0,0,0,1,1,1,1,57,9,1461,2,2,4,3,4
2018460289878,2,9,0,18,0,0,0,0,0,0,2,1,6,1,49,8,2688,2,17,2,1,2
2018460289878,3,9,0,18,0,0,0,1,0,0,3,1,6,1,34,6,2926,2,14,8,1,8
2018460289880,1,9,0,18,0,1,1,0,0,0,1,1,6,1,23,5,1248,1,6,7,1,7
2018460289880,2,9,0,18,0,2,1,0,0,0,3,1,2,1,32,6,1968,2,4,9,3,9
2018460289891,1,1,0,18,0,0,1,0,0,0,1,1,6,1,-1,-1,-1,-1,-1,-1,-1,-1
2018460289891,2,9,0,7,0,0,0,0,0,0,3,1,6,1,18,4,1461,2,11,5,2,5
2018460289903,1,9,0,18,0,0,0,4,0,0,3,1,6,1,75,10,2993,2,3,7,3,7
2018460289903,2,9,0,2,0,0,0,0,0,0,0,1,6,1,40,7,1598,1,9,-1,3,-1
2018460289903,3,9,0,2,0,0,0,0,0,0,0,1,6,2,-1,-1,1560,2,10,3,1,3
2018460289910,1,9,0,18,0,1,0,0,0,0,1,1,6,2,52,8,1598,1,6,7,1,7
2018460289910,2,4,0,8,0,1,0,0,0,0,2,1,2,1,44,7,-1,-1,-1,4,1,4
2018460289910,3,9,0,3,0,1,0,0,0,0,1,1,6,1,-1,-1,1799,1,8,7,1,7
2018460289933,1,9,0,5,0,8,0,0,0,0,1,1,6,1,55,8,2793,1,19,9,1,9
2018460289933,2,9,0,10,0,1,0,0,0,0,3,1,6,2,41,7,1240,1,13,7,2,7
2018460289939,1,1,0,18,5,6,0,0,0,0,3,1,4,1,13,3,-1,-1,-1,7,1,7
2018460289939,2,9,0,18,0,8,0,0,0,0,4,1,6,2,38,7,998,1,1,7,1,7
2018460290236,1,19,0,18,0,0,1,0,1,7,3,1,1,1,32,6,1995,2,4,7,3,7
2018460290240,1,3,0,15,0,0,0,0,0,0,1,1,2,1,44,7,125,1,-1,8,1,8
2018460290240,2,9,0,3,0,0,0,0,0,0,3,1,6,1,88,11,1998,1,14,9,1,9
2018460290240,3,11,0,9,0,0,0,0,0,0,3,1,1,1,67,10,7300,2,14,-1,-1,-1
2018460290246,1,9,0,5,0,1,0,0,0,0,1,1,6,2,71,10,1086,1,12,5,1,5
2018460290264,1,9,0,5,0,4,0,0,0,0,0,1,3,1,53,8,1591,1,2,4,1,4
2018460290309,1,90,0,4,0,0,0,0,1,0,1,1,5,1,32,6,448,1,10,4,1,4
2018460290309,2,9,0,4,0,0,0,0,0,0,2,1,2,1,26,6,1248,1,3,6,1,6
2018460290361,1,9,0,18,0,0,0,0,0,0,1,1,5,1,53,8,2400,2,8,3,1,3
2018460290361,2,9,0,3,0,0,0,0,0,0,2,1,5,1,75,10,1248,1,2,3,1,3
2018460290361,3,9,0,3,0,0,0,0,0,0,2,1,5,1,27,6,1968,2,7,8,3,8
2018460290370,1,9,0,18,0,0,0,0,0,0,1,1,3,2,37,7,1596,1,14,10,2,10
2018460290370,2,19,0,2,0,0,0,0,0,0,0,1,1,1,27,6,2198,2,4,6,1,6
2018460290483,1,9,0,7,0,4,0,0,0,0,1,1,6,1,37,7,1461,2,11,4,2,4
2018460290483,2,1,0,18,0,8,0,0,0,0,4,1,6,1,38,7,-1,-1,-1,2,1,2
2018460290485,1,9,0,17,0,5,0,0,0,0,1,1,6,3,-1,-1,-1,-1,-1,-1,-1,-1
2018460290485,2,22,0,18,0,8,5,0,0,0,4,1,6,2,64,9,-1,-1,-1,4,1,4
2018460290575,1,9,0,17,0,1,5,0,0,0,1,1,5,1,81,11,1197,1,2,8,1,8
2018460290575,2,9,0,17,0,1,0,0,0,0,2,1,6,1,39,7,1896,2,11,8,1,8
2018460290575,3,9,0,17,0,1,0,0,0,0,1,1,6,1,73,10,1984,2,5,6,3,6
2018460290575,4,9,0,17,0,3,0,0,0,0,4,1,6,2,70,10,1490,1,12,7,1,7
2018460290614,1,9,0,9,0,6,0,0,0,0,1,1,5,1,38,7,1997,1,-1,9,3,9
2018460290614,2,4,0,18,0,1,1,0,0,0,1,1,2,1,54,8,124,1,2,2,1,2
2018460290622,1,3,0,18,0,0,0,11,0,0,4,1,6,1,22,5,125,1,9,4,1,4
2018460290694,1,9,0,9,0,6,0,0,0,0,1,1,6,2,37,7,1995,2,14,5,1,5
2018460290694,2,9,0,18,0,2,0,0,0,0,3,1,6,2,52,8,898,1,4,2,1,2
2018460290927,1,9,-1,-1,-1,0,-1,-1,-1,0,-1,1,6,3,-1,-1,1242,1,9,-1,-1,-1
2018460290927,2,8,-1,-1,-1,0,-1,-1,-1,0,-1,1,1,1,-1,-1,1968,2,13,-1,-1,-1
2018460290930,1,9,-1,17,0,0,0,0,-1,0,1,1,2,1,47,8,-1,-1,-1,10,1,10
2018460290947,1,3,0,18,0,1,0,0,0,0,0,1,6,1,-1,-1,124,1,16,2,1,2
2018460290947,2,-1,0,18,0,1,0,0,0,0,0,1,6,3,-1,-1,-1,-1,-1,-1,-1,-1
2018460291030,1,9,0,18,0,0,0,0,0,0,1,1,6,1,33,6,1753,2,9,2,1,2
2018460291030,2,9,0,3,0,0,0,0,0,0,2,1,6,2,27,6,1598,1,5,1,1,1
2018460291056,1,97,0,18,0,0,0,0,0,0,0,1,6,1,17,4,-1,-1,-1,4,3,4
2018460291056,2,9,0,18,0,0,0,0,0,0,0,1,1,1,53,8,1499,2,3,6,1,6
2018460291057,1,9,0,4,0,1,1,0,0,0,1,1,2,2,18,4,1299,1,13,7,1,7
2018460291057,2,9,0,4,0,1,0,0,0,0,2,1,2,2,41,7,1368,1,11,3,1,3
2018460291078,1,9,0,18,0,0,5,4,0,0,4,1,5,2,28,6,1396,1,7,4,1,4
2018460291078,2,9,0,2,0,0,0,4,0,0,2,1,5,2,-1,-1,1296,1,12,-1,-1,-1
2018460291078,3,9,0,2,0,0,0,0,0,0,2,1,5,2,-1,-1,1598,1,6,6,1,6
2018460291126,1,19,0,9,0,4,0,0,0,0,2,1,1,1,43,7,1598,2,5,2,1,2
2018460291126,2,1,0,18,0,3,0,0,0,0,1,1,6,1,44,7,-1,-1,-1,7,1,7
2018460291133,1,9,0,17,0,0,1,0,7,0,1,1,5,1,22,5,2143,2,2,2,1,2
2018460291144,1,9,0,9,0,2,0,0,0,0,1,1,1,1,39,7,1686,2,13,1,1,1
2018460291144,2,9,0,18,0,1,0,0,0,0,3,1,2,2,43,7,1360,1,11,3,1,3
2018460291144,3,11,0,18,0,1,0,0,0,0,0,1,1,3,-1,-1,-1,-1,-1,-1,-1,-1
2018460291147,1,19,0,1,0,0,0,0,0,0,2,1,6,1,-1,-1,2402,2,14,3,1,3
2018460291147,2,4,0,3,0,0,0,0,0,0,1,1,6,1,21,5,286,1,2,5,3,5
2018460291156,1,9,0,18,0,8,0,0,0,0,1,1,1,1,34,6,-1,-1,-1,5,1,5
2018460291156,2,9,0,18,0,8,1,0,0,0,4,1,6,2,18,4,998,1,10,4,1,4
2018460291156,3,9,0,18,0,8,0,0,0,0,1,1,6,2,49,8,3430,1,29,4,1,4
2018460291159,1,9,0,18,0,0,5,0,0,0,1,1,6,1,37,7,1198,1,12,-1,-1,-1
2018460291159,2,9,0,18,0,0,0,0,0,0,0,1,1,1,39,7,2993,2,2,-1,-1,-1
2018460291229,1,19,0,4,0,0,0,0,0,0,1,1,2,1,30,6,1995,2,1,4,1,4
2018460291229,2,9,0,4,0,0,0,0,0,0,2,1,6,2,48,8,1999,2,-1,2,1,2
2018460291229,3,9,0,4,0,0,0,0,0,0,2,1,2,2,46,8,1798,1,10,8,1,8
2018460291241,1,9,0,9,0,5,0,0,0,0,4,1,6,3,37,7,-1,-1,-1,-1,-1,-1
2018460291241,2,9,0,4,0,1,0,0,0,0,3,1,6,2,47,8,1999,2,1,7,3,7
2018460291298,1,5,0,17,0,0,0,10,1,0,1,1,5,1,23,5,689,1,3,3,1,3
2018460291323,1,9,0,18,0,0,1,2,0,0,1,1,5,1,25,5,1969,2,2,8,3,8
2018460291323,2,9,0,18,0,0,0,0,0,0,2,1,5,1,60,9,1988,2,13,5,3,5
2018460291354,1,9,0,18,0,0,0,0,0,0,1,1,6,1,18,4,1242,1,11,5,1,5
2018460291354,2,9,0,18,0,0,0,0,0,0,2,1,6,1,60,9,1997,2,10,3,1,3
2018460291365,1,9,0,5,0,4,0,0,0,0,1,1,6,2,46,8,2400,2,1,6,1,6
2018460291365,2,1,0,5,0,4,0,0,0,0,1,1,6,1,47,8,-1,-1,-1,7,3,7
2018460291368,1,9,0,18,0,0,1,0,0,0,1,1,6,1,21,5,998,1,14,10,3,10
2018460291414,1,9,0,7,0,0,0,0,3,10,1,1,6,1,22,5,1242,1,9,9,1,9
2018460291511,1,9,0,1,0,0,0,0,0,0,2,1,6,1,28,6,999,1,-1,2,1,2
2018460291511,2,1,0,18,0,0,0,0,0,0,1,1,6,1,61,9,-1,-1,-1,4,1,4
2018460291542,1,9,0,18,0,0,1,10,8,0,3,1,6,2,32,6,1496,2,2,6,3,6
2018460291542,2,98,1,18,0,0,0,0,0,0,3,1,1,1,51,8,-1,-1,-1,-1,-1,-1
2018460291542,3,9,0,18,0,0,0,0,0,0,0,1,6,1,-1,-1,-1,-1,-1,-1,-1,-1
2018460291542,4,9,0,18,0,0,0,0,0,0,3,1,6,2,58,9,1499,1,1,6,3,6
2018460291670,1,9,0,18,0,0,0,0,0,0,3,1,6,1,29,6,1769,1,13,1,2,1
2018460291670,2,9,0,18,0,0,0,0,0,0,3,1,6,2,31,6,1493,2,14,7,3,7
2018460291670,3,9,0,18,0,0,0,0,1,0,3,1,6,1,64,9,1956,2,3,1,3,1
2018460291834,1,9,0,14,0,0,0,0,0,0,1,1,6,2,48,8,1998,1,2,8,1,8
2018460291834,2,9,0,14,0,0,0,0,0,0,1,1,6,1,35,6,1997,2,7,6,3,6
2018460291834,3,19,0,2,0,0,0,0,0,0,0,1,6,3,-1,-1,1560,2,3,-1,-1,-1
2018460291834,4,9,0,2,0,0,0,0,0,0,0,1,6,1,58,9,2488,2,8,8,1,8
2018460291855,1,5,0,14,0,2,5,0,0,0,1,1,6,1,33,6,1043,1,7,6,1,6
2018460291855,2,17,0,5,0,2,0,0,0,0,2,1,1,3,-1,-1,-1,-1,-1,-1,-1,-1
2018460291876,1,9,0,5,0,1,0,0,0,0,1,1,6,1,43,7,-1,-1,-1,-1,-1,-1
2018460291876,2,9,0,18,0,3,0,0,0,0,2,1,6,1,21,5,1596,1,3,4,3,4
2018460291883,1,9,0,18,0,1,0,0,0,0,1,1,6,2,43,7,1560,2,3,3,1,3
2018460291883,2,9,0,7,0,5,0,0,1,0,2,1,6,1,43,7,2494,1,16,6,2,6
2018460291952,1,9,0,5,0,1,0,0,0,0,1,1,6,1,28,6,1242,1,11,4,1,4
2018460291952,2,8,0,18,0,1,0,0,0,0,2,1,2,1,44,7,1798,8,1,3,1,3
2018460291952,3,9,0,2,0,2,0,0,0,0,1,1,6,3,-1,-1,-1,-1,-1,5,3,5
2018460291952,4,9,0,2,0,2,0,0,0,0,0,1,6,2,36,7,1997,2,2,4,1,4
2018460291974,1,9,0,5,0,1,0,0,0,0,1,1,6,3,-1,-1,1994,2,19,-1,-1,-1
2018460291974,2,9,0,18,0,8,0,0,0,0,1,1,6,2,51,8,1997,1,13,1,1,1
2018460291988,1,9,0,18,0,0,0,11,0,0,1,1,2,2,25,5,1149,1,16,9,1,9
2018460291988,2,9,0,2,0,0,0,0,0,0,2,1,6,1,40,7,1395,1,-1,8,1,8
2018460292034,1,9,0,18,0,0,0,0,0,0,1,1,6,1,41,7,-1,-1,-1,-1,-1,-1