Accident_Index,Vehicle_Reference,Vehicle_Type,Towing_and_Articulation,Vehicle_Manoeuvre,Vehicle_Location-Restricted_Lane,Junction_Location,Skidding_and_Overturning,Hit_Object_in_Carriageway,Vehicle_Leaving_Carriageway,Hit_Object_off_Carriageway,1st_Point_of_Impact,Was_Vehicle_Left_Hand_Drive?,Journey_Purpose_of_Driver,Sex_of_Driver,Age_of_Driver,Age_Band_of_Driver,Engine_Capacity_(CC),Propulsion_Code,Age_of_Vehicle,Driver_IMD_Decile,Driver_Home_Area_Type,Vehicle_IMD_Decile
2018460292034,2,98,0,18,0,0,0,0,0,0,1,1,6,1,39,7,-1,-1,-1,-1,-1,-1
2018460292136,1,9,0,18,0,0,0,0,0,0,1,1,6,2,48,8,995,1,9,8,1,8
2018460292158,1,9,0,4,0,0,0,1,0,0,1,1,5,1,35,6,2143,2,4,6,1,6
2018460292158,2,9,0,4,0,0,0,0,0,0,1,2,5,1,35,6,1995,2,7,4,1,4
2018460292158,3,9,0,4,0,0,0,0,0,0,2,1,5,2,32,6,1318,1,3,6,3,6
2018460292180,1,1,0,18,4,8,0,0,0,0,1,1,2,1,23,5,-1,-1,-1,7,1,7
2018460292180,2,19,0,18,0,8,0,0,0,0,3,1,1,1,49,8,2148,2,8,-1,-1,-1
2018460292239,1,9,0,18,0,0,1,0,1,0,1,1,6,1,18,4,1242,1,4,2,1,2
2018460292239,2,9,0,18,0,0,0,0,0,0,1,1,2,1,54,8,-1,-1,-1,6,3,6
2018460292243,1,19,0,18,0,0,0,0,0,0,1,1,6,1,35,6,1870,2,14,9,2,9
2018460292243,2,9,0,18,0,0,0,0,0,0,2,1,6,2,30,6,1124,1,14,4,1,4
2018460292278,1,9,0,9,0,8,0,0,0,0,4,1,6,1,36,7,1984,1,15,4,1,4
2018460292278,2,9,0,18,0,8,0,0,0,0,1,1,6,1,34,6,2198,2,13,7,1,7
2018460292302,1,9,0,10,0,1,0,0,0,0,3,1,1,2,-1,-1,1560,2,3,10,1,10
2018460292302,2,1,0,14,0,1,0,0,0,0,1,1,6,1,31,6,-1,-1,-1,9,1,9
2018460292304,1,9,0,18,0,0,0,0,0,0,3,1,2,2,24,5,1364,1,2,6,1,6
2018460292304,2,21,0,4,0,0,0,0,0,0,4,1,1,1,56,9,6728,2,1,10,1,10
2018460292306,1,9,0,18,0,2,0,0,0,0,1,1,6,1,-1,-1,-1,-1,-1,-1,-1,-1
2018460292306,2,1,0,18,0,8,0,0,0,0,0,1,6,1,5,1,-1,-1,-1,6,1,6
2018460292307,1,9,0,18,0,0,0,0,0,0,1,1,6,2,20,4,1248,2,11,4,1,4
2018460292307,2,9,0,4,0,0,0,0,0,0,2,1,6,2,47,8,1560,2,4,1,1,1
2018460292321,1,11,0,4,0,1,0,0,0,0,0,1,1,1,71,10,7300,2,14,4,1,4
2018460292324,1,9,0,15,0,0,0,0,0,0,1,1,6,2,28,6,1390,1,20,6,1,6
2018460292324,2,9,0,2,0,0,0,0,0,0,2,1,6,2,29,6,1991,2,12,8,1,8
2018460292324,3,9,0,2,0,0,0,0,0,0,2,1,6,2,69,10,1242,1,7,8,1,8
2018460292339,1,9,0,3,0,1,0,0,0,0,1,1,6,2,34,6,1598,1,12,6,2,6
2018460292339,2,5,0,3,0,1,0,0,0,0,0,1,6,2,31,6,592,1,22,6,2,6
2018460292348,1,5,0,18,0,0,0,0,0,0,1,1,6,1,62,9,999,1,3,7,1,7
2018460292348,2,9,0,18,0,0,1,0,0,0,2,1,6,2,47,8,1360,1,13,3,1,3
2018460292348,3,9,0,2,0,0,0,0,0,0,3,1,6,3,-1,-1,1395,1,2,-1,-1,-1
2018460292348,4,9,0,2,0,0,0,0,0,0,3,1,6,3,-1,-1,2295,1,19,-1,-1,-1
2018460292355,1,9,0,18,0,0,0,0,0,0,3,1,6,1,58,9,2494,2,4,3,1,3
2018460292449,1,9,0,18,0,0,0,0,0,0,1,1,6,2,32,6,1560,2,7,5,1,5
2018460292449,2,9,0,18,0,0,0,0,0,0,1,1,6,1,45,7,1999,1,-1,5,1,5
2018460292557,1,1,0,18,0,0,0,0,0,0,1,1,2,1,34,6,-1,-1,-1,5,2,5
2018460292557,2,9,0,10,0,0,0,0,0,0,4,1,6,2,30,6,2191,2,4,9,1,9
2018460292594,1,19,0,9,0,0,0,0,0,0,3,1,2,1,26,6,1560,2,3,10,1,10
2018460292594,2,5,0,14,0,0,0,0,7,0,4,1,6,1,73,10,998,1,19,8,1,8
2018460292603,1,9,0,18,0,0,1,0,0,0,1,1,2,1,21,5,1399,2,15,2,1,2
2018460292603,2,9,0,18,0,0,0,0,0,0,1,1,2,2,50,8,1968,2,6,4,3,4
2018460292610,1,2,0,18,0,0,0,0,0,0,1,1,6,1,20,4,125,1,2,4,1,4
2018460292610,2,9,0,5,0,0,0,0,0,0,2,1,6,2,24,5,1560,2,7,7,1,7
2018460292612,1,9,0,16,0,0,0,0,1,0,1,1,2,1,55,8,1998,2,3,1,1,1
2018460292612,2,9,0,17,0,0,0,0,7,0,1,1,6,2,57,9,1198,1,9,8,1,8
2018460292620,1,19,0,16,0,0,0,4,0,0,1,1,6,1,32,6,1598,2,7,3,1,3
2018460292620,2,9,0,2,0,0,0,0,0,0,2,1,6,1,61,9,1242,1,11,7,3,7
2018460292626,1,9,0,18,0,0,0,0,0,0,1,1,6,2,33,6,2979,1,15,4,1,4
2018460292626,2,9,0,3,0,0,0,0,0,0,2,1,6,3,-1,-1,1587,1,16,-1,-1,-1
2018460292628,1,9,0,1,0,0,0,0,0,0,2,1,6,2,-1,-1,1595,1,1,6,1,6
2018460292635,1,9,0,18,0,0,1,0,0,0,4,1,6,1,53,8,2231,2,11,3,1,3
2018460292635,2,9,0,18,0,0,1,0,0,0,1,1,6,1,52,8,1988,1,2,9,1,9
2018460292643,1,9,0,18,0,0,0,0,0,0,1,1,5,2,28,6,1560,2,6,4,1,4
2018460292643,2,9,0,9,0,0,0,0,0,0,2,1,5,1,53,8,1999,1,12,9,1,9
2018460292658,1,9,0,18,0,1,0,0,0,0,1,1,6,2,22,5,1242,1,15,2,1,2
2018460292659,1,9,0,18,0,0,1,0,0,0,2,1,6,1,35,6,2143,2,4,3,1,3
2018460292678,1,3,0,18,0,0,0,0,0,0,1,1,6,1,19,4,124,1,4,1,1,1
2018460292696,1,9,0,17,0,0,1,0,7,3,2,1,5,1,23,5,1999,1,11,6,3,6
2018460292719,1,9,0,18,0,0,0,0,0,0,1,1,2,2,34,6,1598,2,6,9,1,9
2018460292731,1,9,0,3,0,1,0,0,0,0,1,1,5,1,54,8,1896,2,18,2,1,2
2018460292731,2,9,0,3,0,1,0,0,0,0,1,1,2,2,27,6,1794,1,13,5,1,5
2018460292731,3,9,0,3,0,1,0,0,0,0,1,1,5,2,45,7,1587,1,11,8,-1,8
2018460292783,1,19,0,4,0,1,0,0,0,0,1,1,1,1,73,10,-1,-1,-1,7,1,7
2018460292800,1,9,0,18,0,1,1,0,0,0,4,1,6,1,38,7,-1,-1,-1,3,1,3
2018460292813,1,9,0,18,0,0,1,0,0,0,1,1,6,1,37,7,-1,-1,-1,8,1,8
2018460292824,1,9,0,18,0,8,0,0,0,0,1,1,6,1,26,6,1395,1,1,3,1,3
2018460292824,2,9,0,3,0,8,0,0,0,0,2,1,2,1,53,8,-1,-1,-1,2,1,2
2018460292824,3,9,0,3,0,8,0,0,0,0,2,1,2,1,63,9,1398,1,3,6,1,6
2018460292830,1,9,0,4,0,0,0,0,0,0,1,1,6,1,40,7,1388,1,14,8,2,8
2018460292830,2,9,0,4,0,0,0,0,0,0,2,1,2,2,43,7,1388,1,16,5,1,5
2018460292830,3,9,0,5,0,0,0,0,0,0,2,1,2,2,49,8,1686,2,3,1,1,1
2018460292853,1,22,0,18,0,0,0,0,0,0,1,1,6,1,72,10,-1,-1,-1,9,2,9
2018460292854,1,9,0,18,0,0,0,0,0,0,0,1,1,1,63,9,1991,2,11,8,1,8
2018460292857,1,9,0,7,0,8,0,0,0,0,4,1,6,1,-1,-1,-1,-1,-1,-1,-1,-1
2018460292881,1,9,0,4,0,0,0,0,0,0,1,1,1,1,20,4,-1,-1,-1,7,1,7
2018460292881,2,9,0,3,0,0,0,0,0,0,2,1,2,2,61,9,1968,2,11,7,1,7
2018460292881,3,9,0,3,0,0,0,0,0,0,2,1,2,1,62,9,1598,2,2,7,1,7
2018460292889,1,9,0,4,0,0,1,0,0,0,0,1,2,1,26,6,1398,1,6,1,1,1
2018460292889,2,21,1,3,0,0,0,0,0,0,1,1,1,1,59,9,10837,2,7,7,1,7
2018460292903,1,3,0,18,0,1,0,0,0,0,1,1,1,1,49,8,125,1,9,2,1,2
2018460293032,1,9,0,18,0,3,0,9,0,0,1,1,5,2,46,8,2143,2,1,7,1,7
2018460293108,1,9,0,18,0,8,0,0,0,0,1,1,6,1,37,7,1360,1,12,2,1,2
2018460293108,2,9,0,3,0,1,0,0,0,0,3,1,6,1,71,10,998,1,1,10,1,10
2018460293108,3,9,0,18,0,1,0,0,0,0,0,1,6,3,-1,-1,-1,-1,-1,-1,-1,-1
2018460293110,1,9,0,18,0,1,0,0,0,0,0,1,6,1,55,8,1499,1,2,6,2,6
2018460293110,2,9,0,18,0,1,1,12,7,0,1,1,6,1,65,9,1246,1,14,5,3,5
2018460293110,3,9,0,2,7,1,0,0,0,0,2,1,6,3,-1,-1,1198,1,12,-1,-1,-1
2018460293110,4,9,0,2,7,1,0,0,0,0,1,1,6,3,-1,-1,1597,2,3,-1,-1,-1
2018460293126,1,9,0,18,0,0,0,0,0,0,1,1,6,1,37,7,1499,1,1,6,1,6
2018460293126,2,9,0,3,0,0,0,0,0,0,2,1,6,2,26,6,1598,1,12,7,3,7
2018460293154,1,98,0,6,0,1,0,0,0,0,3,1,5,1,36,7,-1,-1,-1,3,1,3
2018460293154,2,5,0,18,0,1,1,0,0,0,1,1,2,1,43,7,1340,1,8,7,-1,7
2018460293161,1,9,0,18,0,0,1,10,0,0,1,1,6,1,17,4,1388,1,14,9,1,9
2018460293161,2,11,0,2,0,0,0,0,0,0,0,1,6,2,38,7,4461,2,3,3,1,3
2018460293175,1,9,-1,18,0,0,0,0,0,0,4,1,6,3,-1,-1,-1,-1,-1,-1,-1,-1
2018460293195,1,9,0,5,0,8,0,0,0,0,0,1,2,1,34,6,1968,2,10,6,1,6
2018460293195,2,9,0,18,0,8,0,0,0,0,2,1,6,1,47,8,1797,8,8,2,1,2
2018460293196,1,9,0,9,0,2,0,0,0,0,3,1,6,2,49,8,1560,2,11,2,1,2
2018460293196,2,5,0,16,0,2,1,0,0,0,1,1,2,1,52,8,742,1,14,2,1,2
2018460293199,1,9,0,18,0,0,0,0,0,0,1,1,6,1,33,6,2495,2,17,5,3,5
2018460293199,2,9,0,18,0,0,0,0,0,0,2,1,6,2,55,8,1998,2,7,8,3,8
2018460293216,1,9,0,12,0,0,0,0,0,0,2,1,1,2,34,6,1995,2,8,1,1,1
2018460293216,2,9,0,13,0,0,0,0,0,0,1,1,2,2,68,10,2261,1,10,10,3,10
2018460293249,1,9,0,9,0,0,0,0,0,0,3,1,5,3,-1,-1,-1,-1,-1,-1,-1,-1
2018460293256,1,3,0,18,0,0,0,0,1,0,1,1,6,1,61,9,1170,1,2,5,1,5
2018460293261,1,9,0,18,0,1,0,0,0,0,1,1,6,1,91,11,1398,1,5,9,1,9
2018460293261,2,9,0,18,0,1,0,0,0,0,2,1,2,2,43,7,1560,2,11,3,1,3
2018460293272,1,3,0,4,0,0,1,0,0,0,1,1,2,1,24,5,125,1,13,4,3,4
2018460293278,1,9,0,18,0,0,0,0,0,0,4,1,5,1,52,8,1598,1,1,1,1,1
2018460293278,2,9,0,2,0,0,0,0,0,0,4,1,2,1,33,6,1997,1,13,5,1,5
2018460293278,3,19,0,3,0,0,0,0,0,0,3,1,2,1,38,7,2198,2,4,1,1,1
2018460293304,1,9,0,16,0,0,1,0,0,0,1,1,6,1,20,4,1390,1,12,3,1,3
2018460293304,2,9,0,2,0,0,0,0,0,0,2,1,6,2,45,7,1598,1,3,9,2,9
2018460293304,3,9,0,2,0,0,0,0,0,0,2,1,6,2,52,8,1398,1,5,8,3,8
2018460293304,4,9,0,18,0,0,0,0,0,0,1,1,6,1,52,8,2835,2,24,2,1,2
2018460293306,1,9,0,18,0,1,0,0,0,0,1,1,6,1,21,5,973,1,20,8,1,8
2018460293306,2,9,0,9,0,1,0,0,0,0,2,1,6,2,18,4,1388,1,14,8,2,8
2018460293315,1,19,0,7,0,1,0,0,0,0,3,1,2,1,51,8,2198,2,10,3,1,3
2018460293315,2,9,0,18,0,1,0,0,0,0,1,1,6,1,68,10,1984,1,22,6,2,6
2018460293528,1,9,0,18,0,0,0,0,0,0,1,1,2,1,52,8,-1,-1,-1,7,1,7
2018460293547,1,21,1,-1,0,0,-1,0,-1,0,-1,1,6,1,30,6,12902,2,4,7,2,7
2018460293547,2,9,0,18,0,0,0,0,0,0,2,1,5,1,60,9,998,1,2,7,3,7
2018460293547,3,9,0,-1,-1,0,-1,-1,-1,0,-1,1,6,2,-1,-1,2179,2,10,8,2,8
2018460293554,1,9,0,18,0,0,0,0,0,0,1,1,6,1,28,6,-1,-1,-1,3,1,3
2018460293563,1,19,0,18,0,0,0,0,0,0,4,1,6,1,57,9,1995,2,-1,6,3,6
2018460293563,2,9,0,2,0,0,0,0,0,0,4,1,6,1,39,7,1685,2,1,8,1,8
2018460293565,1,9,0,18,0,0,0,0,1,0,1,1,6,1,24,5,1995,1,8,1,1,1
2018460293565,2,98,0,18,0,0,0,0,0,0,2,1,6,1,47,8,-1,-1,-1,7,1,7
2018460293572,1,98,0,4,0,0,0,0,0,0,0,1,6,3,37,7,-1,-1,-1,-1,-1,-1
2018460293572,2,4,0,4,0,0,1,7,1,0,4,1,2,2,59,9,2294,1,14,8,1,8
2018460293607,1,9,0,5,0,6,0,0,1,0,3,1,6,2,85,11,1242,1,5,10,2,10
2018460293607,2,21,0,18,0,1,0,0,0,0,1,1,1,1,56,9,10800,2,4,10,1,10
2018460293620,1,9,0,18,0,0,0,0,0,0,1,1,5,1,26,6,2993,2,4,9,1,9
2018460293620,2,9,0,2,6,0,0,0,0,0,2,1,5,1,26,6,1968,2,15,9,1,9
2018460293620,3,9,0,2,6,0,0,0,0,0,3,1,5,2,-1,-1,2967,2,4,9,1,9
2018460293670,1,9,0,9,0,6,0,0,0,0,4,1,6,1,73,10,1364,1,2,7,1,7
2018460293670,2,9,0,18,0,1,0,0,0,0,1,1,6,2,40,7,1497,8,4,3,1,3
2018460293822,1,9,0,18,0,7,5,0,0,0,2,1,6,1,52,8,1461,2,1,2,-1,2
2018460293822,2,98,0,18,0,2,0,0,0,0,1,1,1,1,21,5,-1,-1,-1,-1,-1,-1
2018460293838,1,19,0,16,0,0,2,0,0,0,1,1,6,1,18,4,2198,2,6,7,3,7
2018460293838,2,9,0,17,0,0,0,0,0,0,1,1,6,1,50,8,1798,1,14,2,1,2
2018460293856,1,9,0,1,0,0,0,0,0,0,1,1,6,2,89,11,-1,-1,-1,4,1,4
2018460293872,1,9,4,18,0,1,0,0,0,0,2,1,6,1,47,8,-1,-1,-1,6,3,6
2018460293872,2,9,0,18,0,1,0,0,0,0,1,1,6,2,23,5,1197,1,3,4,-1,4
2018460293883,1,9,0,18,0,2,0,0,0,0,1,1,6,1,68,10,1560,2,1,-1,-1,-1
2018460293883,2,9,0,18,0,1,0,0,0,0,3,1,6,1,41,7,1910,2,11,6,2,6
2018460293886,1,9,0,17,0,0,1,4,0,0,1,1,6,1,24,5,-1,-1,-1,4,1,4
2018460293886,2,9,0,2,0,0,0,0,0,0,2,1,6,2,37,7,1124,1,14,9,1,9
2018460293889,1,98,0,18,0,0,0,0,0,0,1,1,6,1,74,10,-1,-1,-1,3,1,3
2018460293912,1,9,0,18,0,0,0,0,0,0,1,1,6,1,18,4,1242,1,11,8,2,8
2018460293912,2,9,0,18,0,0,0,0,0,0,2,1,6,1,17,4,1422,2,15,9,1,9
2018460293919,1,3,0,18,0,2,0,0,0,0,3,1,5,1,23,5,124,1,1,1,1,1
2018460293919,2,9,0,9,0,3,0,0,0,0,4,1,5,1,23,5,1397,1,10,2,1,2
2018460293934,1,9,0,18,0,0,0,4,0,0,1,1,6,1,29,6,2148,2,11,6,3,6
2018460293934,2,9,0,2,0,0,0,0,0,0,2,1,6,3,-1,-1,1360,1,17,-1,-1,-1
2018460293934,3,9,0,2,0,0,0,0,0,0,2,1,6,3,-1,-1,1596,1,7,-1,-1,-1
2018460293961,1,9,0,4,0,0,0,0,0,0,1,1,2,1,32,6,-1,-1,-1,8,3,8
2018460293961,2,9,0,4,0,0,0,0,0,0,2,1,5,1,29,6,1968,2,11,5,1,5
2018460293961,3,9,0,4,0,0,0,0,0,0,2,1,5,1,71,10,1685,2,3,1,1,1
2018460293968,1,9,0,18,0,8,0,0,0,0,4,1,6,2,36,7,2967,1,17,2,1,2
2018460293968,2,9,0,18,0,8,0,0,0,0,3,1,6,2,39,7,1242,1,10,4,1,4
2018460293970,1,9,0,10,0,6,0,0,0,0,3,1,6,1,80,11,1984,1,2,4,1,4
2018460293970,2,9,0,18,0,8,0,0,-1,0,1,1,6,2,67,10,1197,1,1,8,2,8
2018460293980,1,9,0,18,0,0,0,0,0,0,3,1,6,2,23,5,1360,1,7,7,2,7
2018460293980,2,9,0,18,0,0,0,0,0,0,3,1,6,1,71,10,2100,1,-1,7,3,7
2018460294015,1,9,0,18,0,0,1,0,0,0,3,1,6,3,-1,-1,-1,-1,-1,-1,-1,-1
2018460294015,2,90,0,3,0,0,0,0,0,0,3,1,6,1,32,6,448,1,10,4,1,4
2018460294015,3,9,0,2,0,0,0,0,0,0,3,1,6,1,37,7,2148,2,13,2,1,2
2018460294056,1,9,0,18,0,2,0,0,0,0,1,1,6,1,50,8,2000,1,13,9,3,9
2018460294056,2,9,0,2,0,2,0,0,0,0,1,1,6,1,31,6,1995,2,2,7,1,7
2018460294068,1,9,0,11,0,1,0,0,0,0,3,1,6,1,52,8,-1,-1,-1,4,1,4
2018460294068,2,9,0,18,0,1,0,0,0,0,4,1,6,1,61,9,1968,2,3,10,1,10
2018460294073,1,9,0,5,0,8,0,0,0,0,1,1,6,2,27,6,1398,1,7,8,1,8
2018460294073,2,1,0,18,0,4,0,0,0,0,1,1,6,1,60,9,-1,-1,-1,4,1,4
2018460294089,1,9,0,4,0,0,0,0,0,0,1,1,6,2,34,6,1299,1,18,10,1,10
2018460294089,2,9,0,3,0,0,0,0,0,0,2,1,6,1,56,9,1124,1,13,7,3,7
2018460294089,3,9,0,3,0,0,0,0,0,0,2,1,6,2,55,8,1086,1,8,7,1,7
2018460294135,1,97,0,18,0,1,5,0,0,0,0,1,6,1,56,9,-1,-1,-1,-1,-1,-1
2018460294135,2,9,0,18,0,1,1,0,0,0,1,1,6,2,49,8,1910,2,13,4,1,4
2018460294135,3,9,0,18,0,1,1,0,0,0,2,1,6,1,63,9,1598,1,12,1,1,1
2018460294155,1,9,0,18,0,0,0,0,0,0,1,1,2,1,39,7,-1,-1,-1,-1,-1,-1
2018460294155,2,9,0,18,0,0,0,0,0,0,3,1,2,1,43,7,1997,2,6,8,2,8
2018460294162,1,9,0,18,0,0,0,0,0,0,4,1,6,3,-1,-1,-1,-1,-1,-1,-1,-1
2018460294162,2,97,0,18,0,0,0,0,1,0,1,1,6,1,37,7,-1,-1,-1,3,1,3
2018460294172,1,9,0,18,0,0,0,0,0,0,1,1,6,3,-1,-1,1995,2,15,3,1,3
2018460294172,2,9,0,3,0,0,0,0,0,0,2,1,6,1,56,9,1598,1,16,4,1,4
2018460294174,1,9,0,18,0,0,0,4,0,0,1,1,1,2,35,6,1461,2,6,1,1,1
2018460294174,2,9,0,18,0,0,0,0,0,0,3,1,5,1,58,9,1584,1,13,2,3,2
2018460294174,3,9,0,18,0,0,0,0,0,0,1,1,5,1,35,6,1968,2,10,2,1,2
2018460294176,1,9,0,18,0,0,0,0,0,0,4,1,6,2,57,9,1368,1,2,-1,-1,-1
2018460294356,1,9,5,18,0,0,5,0,1,0,1,1,6,1,21,5,1798,1,9,10,1,10
2018460294359,1,9,0,6,0,0,0,0,0,0,4,1,6,1,39,7,-1,-1,-1,8,1,8
2018460294359,2,3,0,18,0,0,5,0,0,0,1,1,6,1,24,5,296,1,5,2,1,2
2018460294378,1,9,0,7,0,5,0,4,0,0,1,1,6,1,33,6,1796,1,10,3,1,3
2018460294378,2,19,0,2,0,2,0,4,0,0,2,1,1,1,30,6,2198,2,6,5,1,5
2018460294378,3,19,0,2,0,2,0,0,0,0,0,1,1,1,45,7,1598,2,3,5,1,5
2018460294379,1,1,0,18,0,0,0,0,0,0,1,1,6,1,12,3,-1,-1,-1,-1,-1,-1
2018460294379,2,9,0,18,0,0,0,0,0,0,1,1,6,1,44,7,1798,8,3,6,1,6
2018460294391,1,9,0,18,0,0,5,12,1,10,3,1,6,1,18,4,1229,1,11,3,1,3
2018460294411,1,19,0,9,0,0,0,0,0,0,3,1,2,1,43,7,1560,2,5,6,1,6
2018460294411,2,4,0,13,0,0,5,0,0,0,4,1,6,1,-1,-1,636,1,2,2,1,2
2018460294431,1,9,0,18,0,0,0,0,0,0,3,1,6,1,26,6,2497,2,20,1,1,1
2018460294455,1,9,0,18,0,1,0,0,0,0,1,1,6,2,19,4,1198,1,15,2,1,2
2018460294455,2,9,0,10,0,1,0,0,0,0,2,1,6,1,48,8,998,1,7,8,1,8
2018460294464,1,9,0,18,0,0,0,0,0,0,1,1,6,2,33,6,1499,2,2,2,1,2
2018460294464,2,9,0,18,0,0,0,0,0,0,2,1,6,1,33,6,1796,1,15,3,1,3
2018460294464,3,9,0,18,0,0,0,0,0,0,2,1,6,1,39,7,2143,2,4,6,1,6
2018460294464,4,9,0,18,0,0,0,0,0,0,2,1,6,1,30,6,1461,2,1,5,1,5
2018460294464,5,9,0,18,0,0,0,0,0,0,1,1,6,1,49,8,1461,2,2,1,1,1
2018460294465,1,19,0,9,0,2,0,0,0,0,1,1,1,1,32,6,2143,2,4,7,1,7
2018460294465,2,1,0,18,0,1,0,0,0,0,3,1,6,1,21,5,-1,-1,-1,2,1,2
2018460294476,1,98,1,12,0,0,0,0,0,0,3,2,1,1,38,7,-1,-1,-1,-1,-1,-1
2018460294476,2,21,0,18,0,0,0,0,1,0,4,1,6,1,58,9,3920,2,5,6,1,6
2018460294476,3,9,0,2,6,0,0,0,0,0,2,1,1,2,56,9,1349,1,5,6,2,6
2018460294500,1,21,0,18,0,0,0,0,0,0,3,1,6,1,-1,-1,5880,2,7,7,1,7
2018460294500,2,21,0,18,0,0,0,0,0,0,4,1,1,1,64,9,4485,2,-1,2,1,2
2018460294500,3,19,-1,-1,-1,0,-1,-1,-1,0,-1,1,6,1,-1,-1,1499,2,2,2,1,2
2018460294503,1,98,1,18,0,0,0,0,0,0,3,1,1,1,64,9,-1,-1,-1,5,1,5
2018460294503,2,98,5,18,0,0,0,0,0,0,3,1,6,1,34,6,-1,-1,-1,-1,-1,-1
2018460294527,1,19,0,18,0,0,0,0,0,0,1,1,6,3,-1,-1,2148,2,10,-1,-1,-1
2018460294527,2,9,0,9,0,0,0,0,0,0,2,1,1,1,58,9,2143,2,2,4,1,4
2018460294532,1,9,0,17,0,8,0,0,0,0,1,1,6,1,28,6,2993,2,8,5,3,5
2018460294532,2,9,0,17,0,8,5,0,0,0,2,1,6,1,28,6,1461,2,2,6,1,6
2018460294555,1,9,0,18,0,8,0,0,0,0,4,1,6,1,65,9,1598,1,15,8,3,8
2018460294555,2,9,0,18,0,8,0,0,0,0,3,1,6,2,26,6,1896,2,11,4,-1,4
2018460294559,1,9,0,4,0,0,0,0,0,0,2,1,2,1,38,7,2995,1,2,6,2,6
2018460294559,2,9,0,4,0,0,0,0,0,0,1,1,6,1,46,8,1995,2,-1,7,2,7
2018460294588,1,9,0,18,0,0,0,0,0,0,1,1,6,2,37,7,1999,1,11,1,1,1
2018460294588,2,9,0,18,0,0,0,0,0,0,4,1,6,2,25,5,998,1,4,5,3,5
2018460294608,1,9,0,4,0,0,0,0,8,0,1,1,6,1,88,11,1399,1,8,3,1,3
2018460294608,2,9,0,9,0,0,0,0,0,0,2,1,1,1,21,5,-1,-1,-1,9,1,9
2018460294608,3,9,0,2,0,0,0,0,0,0,1,1,6,3,-1,-1,1595,1,13,-1,-1,-1
2018460294639,1,9,0,18,0,0,1,0,0,0,1,1,6,2,52,8,998,1,3,1,1,1
2018460294639,2,9,0,18,0,0,0,0,0,0,2,1,6,2,31,6,1910,2,10,7,1,7
2018460294639,3,9,0,18,0,0,0,0,0,0,2,1,6,2,59,9,998,1,3,5,1,5
2018460294722,1,21,1,18,0,0,0,0,0,0,1,1,1,1,48,8,12900,2,7,6,1,6
2018460294722,2,19,0,18,0,0,0,0,0,0,2,1,1,1,58,9,2143,2,3,3,3,3
2018460294722,3,9,0,18,0,0,0,0,1,0,0,1,6,2,49,8,2295,1,17,1,1,1
2018460294727,1,9,0,11,0,3,0,0,0,0,4,1,6,1,27,6,2143,2,-1,6,1,6
2018460294727,2,9,0,18,0,3,0,0,0,0,3,1,2,2,29,6,1400,1,12,4,1,4
2018460294743,1,9,0,3,0,0,0,0,0,0,1,1,6,1,29,6,-1,-1,-1,1,1,1
2018460294743,2,9,0,3,0,0,0,0,0,0,2,1,6,1,27,6,1200,1,2,3,1,3
2018460294749,1,9,0,4,0,0,0,0,0,0,1,1,6,1,23,5,2000,2,8,4,2,4
2018460294749,2,9,0,4,0,0,0,0,0,0,2,1,6,1,45,7,1753,2,9,3,1,3
2018460294808,1,9,0,5,0,1,0,0,0,0,3,1,6,3,-1,-1,-1,-1,-1,-1,-1,-1
2018460294808,2,9,0,18,0,1,0,0,0,0,1,1,2,1,59,9,1997,2,15,5,1,5
2018460294813,1,9,0,5,0,5,0,0,0,0,1,1,2,1,25,5,1390,1,14,8,3,8
2018460294817,1,98,0,18,0,0,0,0,0,0,0,1,6,3,-1,-1,-1,-1,-1,-1,-1,-1
2018460294822,1,9,0,1,0,0,0,0,0,0,2,1,6,1,38,7,-1,-1,-1,7,1,7
2018460294822,2,9,0,4,0,0,0,0,0,0,1,1,6,1,34,6,2993,2,2,-1,-1,-1
2018460294827,1,1,0,13,0,1,0,0,0,0,1,1,2,1,34,6,-1,-1,-1,10,1,10
2018460294827,2,9,0,9,0,1,0,0,0,0,3,1,6,1,48,8,1197,1,6,10,1,10
2018460294832,1,9,0,18,0,0,0,4,0,0,1,1,6,3,-1,-1,-1,-1,-1,-1,-1,-1
2018460294832,2,9,0,2,0,0,0,0,0,0,1,1,6,1,60,9,2000,1,20,7,1,7
2018460294924,1,9,0,18,0,0,2,0,1,9,4,1,5,1,68,10,2138,1,-1,8,1,8
2018460294924,2,9,0,18,0,0,5,0,1,9,3,2,5,1,46,8,-1,-1,-1,-1,-1,-1
2018460294936,1,-1,0,18,0,8,0,0,0,0,1,1,6,3,-1,-1,-1,-1,-1,-1,-1,-1
2018460294936,2,9,0,5,0,8,0,0,0,0,1,1,2,1,59,9,1995,2,6,4,1,4
2018460294946,1,9,0,4,0,1,0,0,0,0,1,1,6,2,32,6,1229,1,6,7,2,7
2018460294946,2,9,0,4,0,1,0,0,0,0,2,1,2,2,63,9,998,1,5,5,1,5
2018460294955,1,9,0,4,0,0,0,0,0,0,4,1,2,1,25,5,1339,1,7,6,3,6
2018460294955,2,5,0,15,0,0,0,0,0,0,1,1,5,1,27,6,599,1,18,10,1,10