Accident_Index,Vehicle_Reference,Vehicle_Type,Towing_and_Articulation,Vehicle_Manoeuvre,Vehicle_Location-Restricted_Lane,Junction_Location,Skidding_and_Overturning,Hit_Object_in_Carriageway,Vehicle_Leaving_Carriageway,Hit_Object_off_Carriageway,1st_Point_of_Impact,Was_Vehicle_Left_Hand_Drive?,Journey_Purpose_of_Driver,Sex_of_Driver,Age_of_Driver,Age_Band_of_Driver,Engine_Capacity_(CC),Propulsion_Code,Age_of_Vehicle,Driver_IMD_Decile,Driver_Home_Area_Type,Vehicle_IMD_Decile
2018460301256,1,9,0,15,0,0,0,0,1,7,1,1,6,1,55,8,1794,1,16,2,1,2
2018460301256,2,9,0,4,0,0,0,0,0,0,2,1,6,1,33,6,1461,2,1,5,3,5
2018460301257,1,9,0,18,0,1,1,0,0,0,1,1,6,1,37,7,1389,1,22,1,1,1
2018460301257,2,9,0,7,0,1,0,0,0,0,2,1,6,1,27,6,1910,2,12,5,2,5
2018460301329,1,9,0,9,0,0,0,0,0,0,1,1,6,3,-1,-1,-1,-1,-1,-1,-1,-1
2018460301329,2,4,0,14,0,0,0,0,0,0,4,1,6,1,69,10,865,1,4,9,1,9
2018460301349,1,9,0,9,0,1,0,0,0,0,1,1,6,2,22,5,1388,1,9,2,1,2
2018460301349,2,9,0,18,0,1,0,0,0,0,1,1,6,2,42,7,1197,1,5,7,3,7
2018460301406,1,9,0,9,0,0,1,0,1,0,1,1,6,1,16,4,1896,2,16,1,1,1
2018460301460,1,9,0,18,0,0,0,0,0,0,4,1,6,1,37,7,-1,-1,-1,-1,-1,-1
2018460301473,1,9,0,11,0,0,1,11,1,0,4,1,6,1,43,7,1388,1,14,4,1,4
2018460301473,2,17,0,18,0,0,0,0,0,0,1,1,6,1,33,6,-1,-1,-1,9,1,9
2018460301473,3,9,0,18,0,0,0,0,0,0,3,1,6,2,27,6,998,1,10,3,1,3
2018460301498,1,9,0,14,0,0,0,0,0,0,1,1,6,2,26,6,-1,-1,-1,4,1,4
2018460301498,2,9,0,2,0,0,0,0,0,0,3,1,6,1,31,6,2497,2,14,2,1,2
2018460301510,1,9,0,18,0,1,0,0,0,0,1,1,6,2,27,6,1242,1,8,4,1,4
2018460301510,2,1,0,18,0,1,0,0,0,0,1,1,6,2,38,7,-1,-1,-1,4,1,4
2018460301594,1,19,0,9,0,0,0,0,0,0,3,1,6,1,21,5,2402,2,8,6,1,6
2018460301594,2,3,0,13,0,0,0,0,0,0,1,1,6,1,37,7,124,1,6,4,1,4
2018460301606,1,9,0,18,0,0,0,0,0,0,1,1,6,2,72,10,-1,-1,-1,-1,-1,-1
2018460301606,2,98,1,18,0,0,0,0,0,0,2,1,1,1,44,7,-1,-1,-1,-1,-1,-1
2018460301627,1,9,0,9,0,0,0,0,0,0,1,1,6,2,34,6,1461,2,1,6,2,6
2018460301627,2,9,0,18,0,0,0,0,0,0,1,1,6,2,69,10,1086,1,10,6,-1,6
2018460301628,1,19,0,18,0,0,0,0,0,0,1,1,6,2,53,8,2461,2,11,3,1,3
2018460301628,2,9,0,8,0,0,0,0,0,0,2,1,6,1,36,7,1598,1,17,4,3,4
2018460301738,1,9,0,6,0,0,0,0,0,0,4,1,6,1,27,6,1995,2,10,2,1,2
2018460301738,2,9,0,18,0,0,0,0,0,0,1,1,6,2,40,7,1995,2,14,2,1,2
2018460301779,1,3,0,18,0,3,1,0,0,0,1,1,2,1,23,5,125,1,10,1,1,1
2018460301795,1,9,0,18,0,0,0,0,0,0,0,1,6,3,-1,-1,-1,-1,-1,-1,-1,-1
2018460301795,2,1,0,18,0,0,0,0,0,0,1,1,2,1,21,5,-1,-1,-1,4,1,4
2018460301798,1,9,0,5,0,4,0,0,0,0,3,1,5,2,27,6,999,1,-1,-1,-1,-1
2018460301798,2,5,0,4,0,3,5,0,0,0,1,1,5,1,21,5,599,1,19,9,1,9
2018460301857,1,9,0,18,0,1,0,0,0,0,-1,1,6,1,30,6,1364,1,2,4,3,4
2018460301857,2,9,0,8,0,1,0,0,0,0,2,1,1,1,61,9,998,1,18,1,1,1
2018460301860,1,11,0,18,2,0,0,4,1,0,1,1,1,1,48,8,3900,2,13,4,1,4
2018460301860,2,9,0,2,0,0,0,0,0,0,2,1,6,1,27,6,1390,1,7,4,1,4
2018460301860,3,9,0,2,0,0,0,0,0,0,2,1,6,1,22,5,1995,2,11,5,1,5
2018460301885,1,9,0,18,0,0,0,0,0,0,1,1,6,1,37,7,1598,2,1,4,1,4
2018460301923,1,9,0,18,9,8,0,0,0,0,3,1,6,2,46,8,1587,1,11,7,-1,7
2018460301923,2,1,0,18,9,8,0,0,0,0,1,1,4,1,14,3,-1,-1,-1,7,2,7
2018460301940,1,9,0,4,0,1,0,0,0,0,1,1,2,2,52,8,1390,1,16,6,2,6
2018460301940,2,9,0,18,0,1,0,0,7,9,4,1,6,1,80,11,1248,1,8,6,1,6
2018460301952,1,11,0,5,0,0,0,0,0,0,0,1,1,1,26,6,-1,-1,-1,5,1,5
2018460301959,1,19,0,18,0,0,0,0,0,0,1,1,6,1,56,9,1870,2,15,8,1,8
2018460301959,2,9,0,3,0,0,0,0,1,0,2,1,6,2,50,8,1598,2,8,7,1,7
2018460301959,3,9,0,18,0,0,0,0,1,0,1,1,6,1,21,5,1598,2,6,2,1,2
2018460301959,4,9,0,3,0,0,0,0,1,0,3,1,6,1,69,10,999,1,2,10,2,10
2018460301959,5,9,0,18,0,0,0,0,7,4,3,1,6,1,69,10,1582,2,3,10,1,10
2018460301965,1,9,0,5,0,0,0,0,0,0,3,1,6,1,32,6,1896,2,12,6,1,6
2018460301965,2,9,0,18,0,0,0,0,0,0,1,1,6,2,20,4,1995,2,7,7,3,7
2018460301965,3,9,0,2,0,0,0,0,0,0,4,1,6,2,54,8,1596,1,3,9,3,9
2018460301971,1,9,0,4,0,3,0,0,0,0,1,1,2,1,20,4,1560,2,5,2,1,2
2018460301971,2,9,0,4,0,3,0,0,0,0,2,1,2,1,38,7,1595,1,-1,7,-1,7
2018460301973,1,9,0,9,0,6,0,0,0,0,1,1,6,2,18,4,1598,1,15,9,2,9
2018460301973,2,3,0,18,0,1,0,0,0,0,1,1,6,1,25,5,125,1,3,3,2,3
2018460302146,1,9,0,18,0,0,0,0,0,0,3,1,1,1,54,8,1598,1,16,3,1,3
2018460302146,2,9,0,18,0,0,0,0,0,0,3,1,1,2,49,8,1968,2,5,7,1,7
2018460302161,1,9,0,9,0,1,0,0,0,0,1,1,6,2,46,8,2184,2,14,4,1,4
2018460302161,2,9,0,18,0,1,0,0,0,0,1,1,6,2,23,5,998,1,3,8,3,8
2018460302176,1,9,0,4,0,4,0,0,0,0,1,1,6,2,55,8,2967,2,-1,8,2,8
2018460302176,2,19,0,4,0,4,0,0,0,0,2,1,6,1,40,7,2402,2,9,7,1,7
2018460302205,1,9,0,9,0,1,0,0,0,0,3,1,3,2,34,6,1240,1,14,5,1,5
2018460302205,2,4,0,16,0,1,5,0,7,0,1,1,6,1,30,6,599,1,18,6,3,6
2018460302206,1,9,0,4,0,0,1,0,0,0,1,1,6,1,55,8,1686,2,11,5,3,5
2018460302206,2,9,0,4,0,0,0,0,0,0,2,1,6,2,29,6,1560,2,6,1,1,1
2018460302245,1,4,0,18,0,1,0,0,0,0,1,1,6,2,55,8,325,1,44,10,1,10
2018460302245,2,4,0,9,0,5,0,0,0,0,3,1,6,1,68,10,350,1,-1,3,1,3
2018460302269,1,9,0,9,0,6,0,0,0,0,3,1,2,1,48,8,2993,2,10,10,3,10
2018460302269,2,9,0,18,0,1,0,0,0,0,1,1,2,2,62,9,1390,1,4,5,3,5
2018460302298,1,9,0,18,0,8,0,0,0,0,3,1,6,1,36,7,1596,1,16,1,1,1
2018460302298,2,3,0,18,0,8,0,0,0,0,1,1,2,1,25,5,125,1,3,2,1,2
2018460302298,3,19,0,2,0,1,0,0,0,0,0,1,5,1,47,8,1248,2,3,1,1,1
2018460302316,1,9,0,4,0,0,1,0,0,0,1,1,1,2,23,5,-1,-1,-1,9,2,9
2018460302316,2,9,0,3,0,0,0,0,0,0,1,1,6,1,83,11,1769,1,16,4,1,4
2018460302412,1,9,0,9,0,1,0,0,0,0,3,1,6,1,46,8,5204,1,1,5,1,5
2018460302412,2,1,0,18,0,1,0,0,0,0,4,1,6,2,38,7,-1,-1,-1,7,1,7
2018460302482,1,9,0,18,0,5,1,0,0,0,1,1,2,1,21,5,1560,2,8,3,1,3
2018460302482,2,9,0,18,0,2,0,0,0,0,1,1,2,2,25,5,1598,1,8,3,1,3
2018460302615,1,9,0,18,0,0,0,0,0,0,1,1,6,1,23,5,1198,1,16,5,1,5
2018460302615,2,98,1,2,0,0,0,0,0,0,2,1,6,3,-1,-1,-1,-1,-1,-1,-1,-1
2018460302636,1,9,0,18,0,0,1,0,8,10,1,1,6,1,30,6,1896,2,13,7,3,7
2018460302659,1,9,0,18,0,8,0,0,0,0,1,1,6,1,45,7,1388,1,15,4,1,4
2018460302659,2,9,0,7,0,3,0,0,0,0,4,1,6,1,21,5,1598,1,21,4,2,4
2018460302669,1,9,-1,4,0,1,0,0,0,0,1,1,5,1,20,4,998,1,6,1,1,1
2018460302669,2,9,0,18,0,1,0,0,0,0,2,1,6,2,-1,-1,1197,1,2,10,1,10
2018460302687,1,9,0,4,0,1,0,0,0,0,1,1,6,1,79,11,1997,1,17,5,1,5
2018460302687,2,9,0,18,0,1,0,0,0,0,1,1,6,2,32,6,1956,2,5,5,1,5
2018460302687,3,9,0,2,0,1,0,0,0,0,4,1,6,2,-1,-1,1995,2,14,-1,-1,-1
2018460302690,1,9,0,18,0,6,0,0,0,0,4,1,6,1,18,4,1390,1,13,2,1,2
2018460302690,2,9,0,18,0,1,0,0,0,0,1,1,6,1,32,6,-1,-1,-1,7,2,7
2018460302712,1,9,0,3,0,1,0,0,0,0,1,1,6,1,22,5,1149,1,8,3,1,3
2018460302712,2,5,0,3,0,1,0,0,0,0,1,1,6,1,32,6,535,1,28,3,1,3
2018460302717,1,9,0,18,0,2,0,0,0,0,4,1,6,1,-1,-1,-1,-1,-1,-1,-1,-1
2018460302717,2,9,0,18,0,1,0,0,0,0,1,1,6,1,20,4,-1,-1,-1,9,2,9
2018460302738,1,11,0,5,0,0,0,0,0,0,4,1,1,1,-1,-1,4500,2,9,7,1,7
2018460302756,1,9,0,3,0,0,0,0,0,0,0,1,6,1,35,6,1598,2,2,7,1,7
2018460302766,1,19,0,3,0,0,0,0,0,0,1,1,6,1,38,7,2143,2,2,1,1,1
2018460302766,2,9,0,3,0,0,0,0,0,0,2,1,6,1,51,8,2977,2,17,10,3,10
2018460302840,1,9,0,18,0,0,1,0,0,0,1,1,6,2,61,9,1397,1,8,5,3,5
2018460302840,2,9,0,18,0,0,0,0,0,0,1,1,6,2,21,5,1229,1,10,5,1,5
2018460302895,1,9,0,13,0,0,2,0,2,0,4,1,6,2,27,6,2993,2,13,8,2,8
2018460302895,2,9,0,18,0,0,0,0,0,0,0,1,5,1,25,5,1796,1,16,-1,-1,-1
2018460302895,3,9,0,18,0,0,0,0,0,0,0,1,6,1,30,6,1896,2,16,10,1,10
2018460302931,1,19,0,6,0,1,1,0,0,0,1,1,6,1,-1,-1,1753,2,7,1,1,1
2018460302931,2,9,0,3,0,1,0,0,0,0,2,1,6,1,60,9,1598,1,16,1,1,1
2018460302962,1,19,0,18,0,1,0,0,0,0,1,1,1,1,-1,-1,1560,2,1,-1,-1,-1
2018460302962,2,9,0,3,0,1,0,0,0,0,2,1,6,2,45,7,998,1,2,6,1,6
2018460302968,1,9,0,13,0,0,0,0,0,0,1,1,1,1,18,4,1198,1,12,10,1,10
2018460302968,2,9,0,16,0,0,0,0,2,0,1,1,6,1,49,8,1618,1,-1,4,3,4
2018460302979,1,5,0,18,0,0,1,0,0,0,1,1,6,1,25,5,847,1,4,7,2,7
2018460302979,2,9,0,18,0,0,0,0,0,0,2,1,6,1,21,5,2483,1,-1,6,3,6
2018460302992,1,4,0,18,0,7,1,0,7,0,0,1,6,1,28,6,865,1,2,2,1,2
2018460303058,1,9,0,1,9,0,0,0,0,0,2,1,6,1,-1,-1,-1,-1,-1,7,1,7
2018460303058,2,1,0,18,5,0,0,0,0,0,3,1,6,1,39,7,-1,-1,-1,9,1,9
2018460303112,1,9,0,17,0,8,0,0,0,0,4,1,1,1,65,9,1798,1,13,4,1,4
2018460303122,1,9,0,11,0,3,1,0,0,0,2,1,6,1,46,8,1600,1,18,4,1,4
2018460303122,2,98,1,18,0,3,0,0,0,0,1,1,1,1,52,8,-1,-1,-1,-1,-1,-1
2018460303124,1,5,0,16,0,0,1,0,0,0,3,1,6,1,59,9,618,1,14,7,3,7
2018460303124,2,9,0,17,0,0,0,0,0,0,3,1,2,1,30,6,-1,-1,-1,10,1,10
2018460303139,1,9,0,7,8,0,0,0,0,0,1,1,6,1,29,6,1998,2,11,4,1,4
2018460303139,2,9,0,18,0,0,0,0,0,0,4,1,6,2,29,6,1999,2,3,7,2,7
2018460303148,1,9,0,3,0,0,0,0,0,0,3,1,6,1,44,7,-1,-1,-1,3,1,3
2018460303148,2,9,0,3,0,0,0,0,0,0,4,1,6,1,34,6,2967,2,8,3,1,3
2018460303211,1,1,0,18,9,0,0,0,0,0,1,1,6,1,16,4,-1,-1,-1,1,1,1
2018460303256,1,5,0,18,0,0,0,0,0,0,4,1,6,1,46,8,999,1,9,10,1,10
2018460303256,2,19,0,3,0,0,0,0,0,0,3,1,6,1,31,6,2198,2,9,7,1,7
2018460303276,1,9,0,18,0,0,0,0,0,0,1,2,6,1,42,7,-1,-1,-1,5,2,5
2018460303276,2,9,0,18,0,0,0,0,0,0,2,1,6,1,39,7,1984,1,8,6,1,6
2018460303365,1,9,0,18,0,1,0,0,0,0,1,1,6,2,18,4,998,1,16,2,1,2
2018460303365,2,9,0,10,0,1,0,0,0,0,2,1,6,2,26,6,1596,1,16,6,1,6
2018460303394,1,9,0,4,0,0,0,0,0,0,1,1,2,1,41,7,1753,2,11,4,1,4
2018460303394,2,9,0,4,0,0,0,0,0,0,2,1,2,1,35,6,-1,-1,-1,2,1,2
2018460303398,1,9,0,4,0,0,0,0,0,0,1,1,6,1,34,6,999,1,2,5,1,5
2018460303398,2,98,0,4,0,0,0,0,0,0,2,1,6,1,33,6,-1,-1,-1,4,1,4
2018460303398,3,9,0,4,0,0,0,0,0,0,2,1,6,1,26,6,1560,2,7,1,1,1
2018460303440,1,9,0,18,0,0,0,0,0,0,4,1,6,1,57,9,1248,1,1,8,1,8
2018460303440,2,98,0,18,0,0,0,0,0,0,3,1,6,1,63,9,-1,-1,-1,-1,-1,-1
2018460303440,3,19,0,18,0,0,0,0,0,0,1,1,6,1,24,5,1560,2,1,3,1,3
2018460303440,4,98,0,18,0,0,0,0,0,0,1,1,6,1,25,5,-1,-1,-1,-1,-1,-1
2018460303440,5,21,0,18,0,0,0,0,0,0,1,1,6,1,47,8,6870,2,10,7,3,7
2018460303467,1,9,0,3,0,4,0,0,0,0,1,1,5,3,-1,-1,-1,-1,-1,-1,-1,-1
2018460303467,2,9,0,3,0,4,0,0,0,0,2,1,1,1,53,8,1998,1,12,3,1,3
2018460303481,1,5,0,7,0,0,2,0,0,0,4,1,6,2,58,9,749,1,10,6,1,6
2018460303485,1,21,0,18,0,0,0,0,0,0,1,1,1,1,50,8,12130,2,13,5,1,5
2018460303485,2,9,0,4,0,0,0,0,0,0,2,1,1,1,27,6,-1,-1,-1,8,1,8
2018460303485,3,9,0,4,0,0,0,0,0,0,2,1,1,1,36,7,999,1,2,6,1,6
2018460303497,1,9,0,18,0,4,0,0,0,0,3,1,6,2,67,10,1598,1,7,5,1,5
2018460303497,2,9,0,18,0,8,0,0,0,0,1,1,6,1,67,10,1596,1,10,5,2,5
2018460303500,1,9,0,5,8,0,0,0,0,0,1,1,6,2,37,7,1200,1,-1,1,1,1
2018460303500,2,2,0,18,0,0,0,0,0,0,1,1,6,1,16,4,49,1,2,3,1,3
2018460303520,1,9,0,18,0,0,0,0,0,0,4,1,3,1,46,8,1997,2,1,4,1,4
2018460303556,1,9,0,3,0,0,0,0,0,0,0,1,6,2,44,7,1995,2,11,9,1,9
2018460303556,2,9,0,3,0,0,0,0,0,0,2,1,6,1,28,6,1496,2,1,2,1,2
2018460303563,1,19,0,1,0,0,0,0,0,0,2,1,6,1,28,6,1598,2,1,2,1,2
2018460303563,2,1,0,18,0,0,0,0,0,0,1,1,6,2,11,3,-1,-1,-1,1,1,1
2018460303564,1,9,0,3,0,0,0,0,0,0,1,1,6,2,37,7,2967,2,5,9,1,9
2018460303564,2,9,0,3,0,0,0,0,0,0,2,1,6,2,46,8,1400,1,15,10,2,10
2018460303581,1,9,0,16,0,0,1,4,0,0,1,1,6,1,21,5,1242,1,17,4,1,4
2018460303581,2,9,0,2,0,0,0,4,7,0,2,1,6,3,-1,-1,-1,-1,-1,-1,-1,-1
2018460303581,3,9,0,2,0,0,0,4,0,0,3,1,6,3,-1,-1,-1,-1,-1,-1,-1,-1
2018460303616,1,9,0,9,0,1,0,0,0,0,3,1,1,1,39,7,2179,2,10,4,1,4
2018460303616,2,9,0,9,0,1,0,0,0,0,4,1,2,1,26,6,-1,-1,-1,5,1,5
2018460303621,1,9,0,18,0,0,0,0,0,0,3,1,6,1,-1,-1,1598,1,5,7,1,7
2018460303621,2,1,0,18,0,0,0,0,0,0,2,1,6,1,-1,-1,-1,-1,-1,9,1,9
2018460303631,1,1,0,18,0,0,0,0,0,0,1,1,6,1,37,7,-1,-1,-1,4,1,4
2018460303631,2,1,0,18,0,0,0,0,0,0,1,1,6,1,59,9,-1,-1,-1,9,1,9
2018460303650,1,3,0,18,0,0,0,0,0,0,1,1,6,1,20,4,124,1,27,3,1,3
2018460303650,2,9,0,4,0,0,0,0,0,0,2,1,6,1,31,6,1598,1,10,3,1,3
2018460303684,1,1,0,18,0,1,1,0,0,0,0,1,6,1,13,3,-1,-1,-1,4,3,4
2018460303684,2,98,0,18,0,1,0,0,0,0,0,1,6,1,37,7,-1,-1,-1,-1,-1,-1
2018460303699,1,98,0,18,0,0,2,0,1,0,4,1,1,1,51,8,-1,-1,-1,-1,-1,-1
2018460303726,1,9,0,9,0,8,0,0,0,0,1,1,6,1,80,11,1197,1,2,7,2,7
2018460303726,2,9,0,18,0,1,0,0,0,0,1,1,6,2,41,7,1910,2,11,2,2,2
2018460303786,1,9,0,18,0,0,0,0,0,0,1,1,6,2,55,8,1598,2,1,10,1,10
2018460303786,2,9,0,2,0,0,0,0,0,0,3,1,3,2,31,6,1998,1,15,8,1,8
2018460303793,1,2,0,18,0,0,0,0,0,0,1,1,6,1,16,4,49,1,11,2,1,2
2018460303793,2,9,0,1,0,0,0,0,0,0,2,1,6,2,47,8,999,1,4,6,3,6
2018460303818,1,9,0,18,0,0,0,0,1,1,1,1,6,1,50,8,1596,1,4,8,1,8
2018460303896,1,9,0,3,0,1,0,0,0,0,1,1,6,1,47,8,2497,1,13,6,1,6
2018460303896,2,1,0,3,0,1,0,0,0,0,1,1,6,1,61,9,-1,-1,-1,4,1,4
2018460304051,1,4,0,18,0,1,1,0,0,0,1,1,6,1,65,9,279,1,2,2,3,2
2018460304051,2,17,5,18,0,2,0,0,0,0,2,1,1,1,63,9,6788,2,2,5,3,5
2018460304846,1,9,0,9,0,5,0,0,0,0,3,1,6,2,42,7,1999,2,2,10,1,10
2018460304846,2,5,0,18,0,1,0,0,0,0,4,1,6,1,50,8,1215,1,-1,5,1,5
2018460304856,1,9,0,4,0,1,0,0,0,0,3,1,6,2,22,5,875,1,6,8,1,8
2018460304856,2,9,0,18,0,1,0,0,7,0,1,1,6,2,79,11,1598,1,5,7,3,7
2018460304856,3,9,0,3,0,1,0,0,0,0,4,1,6,1,38,7,1598,2,4,6,2,6
2018460304887,1,9,0,16,0,0,0,0,0,0,1,1,6,2,44,7,1598,1,13,5,1,5
2018460304887,2,11,0,17,0,0,0,0,0,0,1,1,1,1,60,9,4250,2,10,3,1,3
2018460304887,3,9,0,17,0,0,0,0,0,0,3,1,6,1,73,10,1968,2,1,3,1,3
2018460304893,1,9,0,9,0,6,0,0,0,0,1,1,6,2,37,7,1461,2,5,9,2,9
2018460304893,2,5,0,13,0,8,0,0,0,0,1,1,6,1,36,7,1050,1,12,10,1,10
2018460304905,1,9,0,5,0,1,0,0,0,0,0,1,3,2,45,7,4395,1,6,4,1,4
2018460304905,2,1,0,18,0,1,2,0,0,0,1,1,2,1,48,8,-1,-1,-1,6,1,6
2018460304929,1,9,0,18,0,8,0,0,0,0,1,1,6,1,52,8,1951,2,15,4,1,4
2018460304943,1,9,0,9,0,0,0,0,0,0,1,1,6,3,-1,-1,1560,2,11,8,1,8
2018460304943,2,9,0,18,0,0,0,0,0,0,4,1,6,2,31,6,3999,1,10,8,1,8
2018460304950,1,9,0,18,0,0,0,0,0,0,1,1,6,1,34,6,1995,2,1,2,1,2
2018460304950,2,9,0,18,0,0,0,0,0,0,3,1,6,2,45,7,998,1,18,5,3,5
2018460304970,1,9,0,18,0,0,0,0,0,0,0,1,6,2,38,7,-1,-1,-1,2,1,2
2018460304974,1,9,0,18,0,8,0,0,1,3,1,1,6,1,-1,-1,1390,1,15,-1,-1,-1
2018460304992,1,19,0,18,0,0,0,0,0,0,3,1,6,1,54,8,1753,2,10,10,1,10
2018460304992,2,3,0,18,0,0,0,0,0,0,1,1,6,1,20,4,124,1,2,6,1,6
2018460304994,1,9,0,7,0,5,0,0,0,0,0,1,6,3,-1,-1,-1,-1,-1,-1,-1,-1
2018460304994,2,9,0,18,0,1,0,0,0,0,3,1,1,1,33,6,1798,8,1,9,1,9
2018460305026,1,9,0,18,0,1,0,0,0,0,1,1,6,2,30,6,1240,1,12,9,1,9
2018460305029,1,3,0,18,0,4,0,0,0,0,1,1,6,1,20,4,125,1,3,6,1,6
2018460305029,2,9,0,7,0,4,0,0,0,0,3,1,6,2,21,5,1598,2,7,8,1,8
2018460305044,1,9,0,2,0,2,0,0,0,0,1,1,6,3,-1,-1,1997,2,10,-1,-1,-1
2018460305044,2,9,0,5,0,1,0,0,0,0,3,1,6,1,45,7,1951,2,16,3,1,3
2018460305063,1,19,0,18,0,2,0,0,0,0,0,1,6,1,-1,-1,1598,2,3,6,1,6
2018460305063,2,11,0,18,0,2,0,0,0,0,0,1,1,1,57,9,3900,2,15,6,3,6
2018460305068,1,9,0,18,0,4,0,0,0,0,1,1,6,2,39,7,2143,2,4,10,1,10
2018460305068,2,9,0,18,0,3,0,0,0,0,4,1,6,1,25,5,1349,1,10,9,1,9
2018460305083,1,9,0,13,0,1,1,0,0,0,1,1,6,1,-1,-1,4999,1,2,4,1,4
2018460305083,2,9,0,4,0,1,0,0,0,0,2,1,6,2,21,5,999,1,4,7,1,7
2018460305110,1,19,0,3,0,1,0,0,0,0,1,1,6,1,65,9,2686,2,13,7,2,7
2018460305110,2,9,0,3,0,1,0,0,0,0,2,1,6,1,43,7,1598,1,15,7,3,7
2018460305110,3,9,0,3,0,1,0,0,0,0,1,1,6,1,67,10,1598,1,10,6,1,6
2018460305110,4,9,0,3,0,1,0,0,0,0,2,1,6,2,44,7,1686,2,8,7,1,7
2018460305124,1,9,0,4,0,8,0,0,0,0,1,1,2,1,48,8,1995,1,9,8,1,8
2018460305124,2,9,0,4,0,8,0,0,0,0,2,1,2,1,27,6,1242,1,15,5,2,5
2018460305229,1,9,0,12,0,0,0,0,0,0,3,1,6,3,-1,-1,-1,-1,-1,-1,-1,-1
2018460305229,2,9,0,18,0,0,0,0,0,0,4,1,6,2,27,6,998,1,18,10,1,10
2018460305231,1,9,0,3,0,0,0,0,1,0,1,1,6,1,-1,-1,2393,1,15,-1,-1,-1
2018460305231,2,9,0,3,0,0,0,0,0,0,2,1,1,2,53,8,1349,1,4,4,2,4
2018460305231,3,9,0,3,0,0,0,0,0,0,2,1,1,1,32,6,1999,1,13,6,2,6
2018460305231,4,9,0,3,0,0,0,0,0,0,2,1,1,1,27,6,1596,1,14,1,1,1
2018460305231,5,9,0,3,0,0,0,0,0,0,2,1,1,1,44,7,1798,8,4,3,1,3
2018460305235,1,90,0,18,0,1,0,0,0,0,3,1,6,1,16,4,-1,-1,-1,5,1,5
2018460305235,2,9,0,18,0,1,0,0,0,0,1,1,2,2,45,7,1198,1,2,5,1,5
2018460305237,1,1,0,18,1,8,0,0,0,0,1,1,6,3,-1,-1,-1,-1,-1,-1,-1,-1
2018460305240,1,9,0,18,0,0,0,0,0,0,1,1,6,1,-1,-1,1986,2,9,9,1,9
2018460305240,2,9,0,7,0,0,0,0,0,0,4,1,6,2,45,7,1995,2,1,6,1,6
2018460305242,1,9,0,18,0,5,0,0,0,0,3,1,6,2,18,4,1229,1,6,9,1,9
2018460305242,2,9,0,9,0,1,0,0,0,0,4,1,6,2,21,5,1598,1,5,6,1,6
2018460305243,1,22,0,4,0,0,0,0,0,0,3,1,6,2,82,11,-1,-1,-1,2,1,2
2018460305245,1,9,0,18,0,5,0,0,0,0,1,1,6,1,42,7,1895,1,16,1,1,1
2018460305248,1,9,0,18,0,4,0,0,0,0,1,1,6,2,37,7,1596,1,16,6,1,6
2018460305248,2,3,0,3,0,4,0,0,0,0,2,1,1,1,33,6,125,1,3,6,1,6
2018460305266,1,9,0,18,0,8,0,0,0,0,4,1,6,1,17,4,2495,2,23,6,3,6
2018460305266,2,9,0,2,0,8,0,0,0,0,3,1,6,1,25,5,-1,-1,-1,-1,-1,-1
2018460305269,1,9,0,18,0,0,0,0,0,0,3,1,6,2,30,6,1149,1,14,3,1,3
2018460305269,2,9,0,18,0,0,0,0,0,0,4,1,6,1,47,8,3200,2,7,3,1,3
2018460305270,1,19,0,11,0,8,0,0,0,0,1,1,1,1,-1,-1,1598,2,2,8,3,8
2018460305270,2,9,0,18,0,8,0,0,0,0,3,1,5,1,48,8,1968,2,11,10,1,10
2018460305348,1,5,0,18,0,0,0,0,0,0,1,1,6,1,29,6,749,1,9,4,3,4
2018460305348,2,9,0,18,0,0,0,0,0,0,2,1,6,1,83,11,1995,1,16,5,1,5
2018460305378,1,3,0,18,0,0,0,0,0,0,3,1,2,1,19,4,124,1,2,10,1,10
2018460305378,2,9,0,9,0,0,0,0,0,0,1,1,6,1,35,6,1798,1,11,7,1,7
2018460305413,1,5,0,9,0,1,5,0,0,0,3,1,6,1,56,9,647,1,16,6,1,6
2018460305413,2,9,0,18,-1,1,0,0,0,0,1,1,2,2,49,8,1598,1,10,9,1,9
2018460305419,1,9,0,18,0,0,0,0,0,0,1,1,6,1,61,9,2231,2,7,5,1,5
2018460305419,2,1,0,10,0,0,0,0,0,0,2,1,2,2,34,6,-1,-1,-1,5,1,5
2018460305458,1,97,0,15,0,1,0,0,0,0,1,1,6,3,-1,-1,-1,-1,-1,-1,-1,-1
2018460305458,2,9,0,3,0,1,0,0,0,0,2,1,6,1,50,8,1956,2,6,1,1,1
2018460305465,1,9,0,9,0,8,0,0,0,0,4,1,1,1,23,5,1560,2,4,4,1,4
2018460305465,2,1,0,18,0,1,0,0,0,0,1,1,6,1,28,6,-1,-1,-1,2,1,2
2018460305481,1,5,0,11,0,0,0,0,0,0,1,1,6,1,31,6,649,1,-1,8,3,8
2018460305481,2,19,0,3,0,0,0,0,0,0,2,1,2,1,53,8,1248,2,11,1,1,1
2018460305498,1,9,0,18,0,0,0,0,0,0,1,1,6,1,59,9,2179,2,3,4,1,4
2018460305502,1,19,0,18,0,8,0,0,0,0,1,1,1,1,58,9,2198,2,3,3,1,3