Accident_Index,Vehicle_Reference,Vehicle_Type,Towing_and_Articulation,Vehicle_Manoeuvre,Vehicle_Location-Restricted_Lane,Junction_Location,Skidding_and_Overturning,Hit_Object_in_Carriageway,Vehicle_Leaving_Carriageway,Hit_Object_off_Carriageway,1st_Point_of_Impact,Was_Vehicle_Left_Hand_Drive?,Journey_Purpose_of_Driver,Sex_of_Driver,Age_of_Driver,Age_Band_of_Driver,Engine_Capacity_(CC),Propulsion_Code,Age_of_Vehicle,Driver_IMD_Decile,Driver_Home_Area_Type,Vehicle_IMD_Decile
2018460305502,2,9,0,18,0,1,0,0,1,0,1,1,5,2,67,10,1339,8,6,10,1,10
2018460305526,1,9,0,5,0,8,0,0,0,0,3,1,6,2,44,7,1598,1,2,9,3,9
2018460305526,2,4,0,13,0,8,0,0,0,0,1,1,6,1,28,6,499,1,21,8,1,8
2018460305568,1,9,0,18,0,1,0,0,0,0,1,1,6,2,24,5,1242,1,4,4,1,4
2018460305568,2,9,0,18,0,1,0,0,0,0,2,1,6,1,46,8,1796,1,14,7,1,7
2018460305573,1,1,0,18,0,8,0,0,0,0,4,1,5,1,16,4,-1,-1,-1,3,1,3
2018460305573,2,9,0,18,0,1,0,0,0,0,1,1,5,2,33,6,1398,1,5,2,1,2
2018460305597,1,9,0,4,0,0,0,0,0,0,1,1,6,2,57,9,1798,1,12,6,1,6
2018460305597,2,9,0,4,0,0,0,0,0,0,2,1,6,1,23,5,1242,1,11,2,1,2
2018460305631,1,5,0,16,0,0,2,0,0,0,1,1,5,1,52,8,1584,1,10,6,1,6
2018460305631,2,21,0,17,0,0,0,0,0,0,3,1,1,1,48,8,6871,2,1,6,3,6
2018460305631,3,5,0,16,0,0,0,1,0,0,4,1,5,1,62,9,1050,1,-1,-1,-1,-1
2018460305640,1,9,0,16,0,7,2,10,3,0,1,1,6,2,44,7,1242,1,2,9,1,9
2018460305640,2,9,0,16,0,7,0,0,0,0,0,1,6,1,37,7,1598,1,3,2,1,2
2018460305670,1,9,0,1,0,0,0,0,0,0,2,1,6,1,-1,-1,1360,1,10,6,1,6
2018460305671,1,98,1,18,0,0,0,0,0,0,4,1,6,1,37,7,-1,-1,-1,-1,-1,-1
2018460305671,2,9,0,18,0,0,0,0,0,0,4,1,1,1,36,7,1360,1,11,1,1,1
2018460305671,3,9,0,18,0,0,0,0,0,0,1,1,6,1,37,7,-1,-1,-1,-1,-1,-1
2018460305671,4,9,0,18,0,0,0,0,0,0,1,1,6,1,45,7,1390,1,17,4,1,4
2018460305671,5,9,0,18,0,0,0,0,0,0,1,1,6,2,38,7,1560,2,5,10,1,10
2018460305677,1,9,0,17,0,3,0,0,0,0,1,1,6,1,38,7,1995,2,1,3,1,3
2018460305677,2,1,0,17,0,3,0,0,0,0,4,1,6,1,52,8,-1,-1,-1,4,1,4
2018460305682,1,9,0,9,0,2,0,0,0,0,4,1,6,2,83,11,2198,1,11,2,1,2
2018460305682,2,90,0,18,0,2,0,0,0,0,4,1,6,1,49,8,8300,2,15,9,1,9
2018460305698,1,9,0,18,0,1,0,0,0,0,1,1,6,1,80,11,1796,1,9,7,1,7
2018460305698,2,9,0,18,0,1,0,0,0,0,2,1,6,3,-1,-1,1968,2,7,-1,-1,-1
2018460305716,1,9,0,5,0,0,0,0,0,0,0,1,1,1,63,9,2401,2,10,7,1,7
2018460305719,1,9,0,7,0,1,0,7,1,10,4,1,6,1,32,6,1596,1,14,3,1,3
2018460305729,1,9,0,7,0,1,0,0,0,0,1,1,6,1,83,11,1149,1,15,6,3,6
2018460305729,2,9,0,5,0,6,0,0,0,0,3,1,1,1,22,5,1910,2,15,1,1,1
2018460305742,1,9,0,18,0,0,0,0,0,0,1,1,6,2,58,9,1598,1,9,7,1,7
2018460305742,2,9,0,3,0,0,0,0,0,0,2,1,6,2,42,7,1461,2,2,3,1,3
2018460305742,3,9,0,3,0,0,0,0,0,0,2,1,6,3,-1,-1,-1,-1,-1,-1,-1,-1
2018460305742,4,9,0,3,0,0,0,0,0,0,0,1,6,3,-1,-1,-1,-1,-1,-1,-1,-1
2018460305752,1,9,0,3,0,1,0,0,0,0,1,1,6,3,-1,-1,2198,1,16,-1,-1,-1
2018460305752,2,9,0,3,0,1,0,0,0,0,1,1,6,1,27,6,1364,2,5,4,1,4
2018460305770,1,9,0,18,0,4,0,0,0,0,1,1,6,1,28,6,2987,2,8,8,1,8
2018460305770,2,5,0,2,0,4,0,0,0,0,2,1,6,1,38,7,599,1,13,5,3,5
2018460305787,1,9,0,6,0,2,0,0,0,0,3,1,6,2,34,6,1995,2,13,3,1,3
2018460305787,2,3,0,18,0,2,0,0,0,0,1,1,6,1,20,4,124,1,2,5,1,5
2018460305792,1,9,0,4,0,7,0,0,0,0,1,1,6,1,-1,-1,1896,2,10,4,1,4
2018460305792,2,9,0,3,0,7,0,0,0,0,2,1,1,1,-1,-1,1999,2,2,7,1,7
2018460305808,1,9,0,3,0,3,0,0,0,0,4,1,1,1,21,5,1968,2,3,3,1,3
2018460305808,2,5,0,15,0,3,0,0,0,0,1,1,6,1,47,8,636,1,12,9,1,9
2018460305858,1,21,0,18,0,0,0,0,0,0,3,1,6,1,40,7,6700,2,3,7,1,7
2018460305858,2,9,0,18,0,0,0,0,5,0,4,1,6,1,-1,-1,-1,-1,-1,5,1,5
2018460305923,1,9,0,11,0,8,5,0,7,0,4,1,3,1,71,10,2987,2,12,9,3,9
2018460305923,2,21,1,18,0,8,1,0,0,0,3,1,1,1,49,8,10837,2,1,10,1,10
2018460305947,1,9,0,9,0,1,0,0,0,0,1,1,1,1,40,7,1399,1,-1,6,1,6
2018460305947,2,9,0,5,0,6,0,0,0,0,1,1,6,1,69,10,1598,1,11,6,2,6
2018460306045,1,9,0,4,0,1,0,0,0,0,1,1,6,1,64,9,1364,1,7,8,1,8
2018460306045,2,1,0,18,0,1,0,0,0,0,1,1,6,1,60,9,-1,-1,-1,3,1,3
2018460306062,1,9,0,18,0,1,0,0,0,0,4,1,6,3,40,7,-1,-1,-1,-1,-1,-1
2018460306062,2,1,0,18,0,1,0,0,0,0,1,1,6,1,21,5,-1,-1,-1,7,1,7
2018460306065,1,9,0,18,0,1,0,0,1,0,1,1,5,2,44,7,4999,1,3,10,1,10
2018460306065,2,9,0,11,0,1,0,0,0,0,2,1,5,1,27,6,1596,1,15,3,1,3
2018460306078,1,9,0,16,0,0,0,0,1,0,1,1,6,2,21,5,1598,1,3,10,3,10
2018460306148,1,9,0,18,0,0,0,0,0,0,1,1,6,1,37,7,-1,-1,-1,-1,-1,-1
2018460306148,2,9,0,3,0,0,0,0,0,0,2,1,6,1,39,7,1360,1,8,10,1,10
2018460306228,1,9,0,3,0,1,0,0,0,0,1,1,6,1,71,10,1560,2,6,2,1,2
2018460306228,2,9,0,3,0,1,0,0,0,0,2,1,6,2,20,4,1198,1,6,3,1,3
2018460306241,1,9,0,18,0,0,1,0,0,0,1,1,6,1,31,6,-1,-1,-1,5,3,5
2018460306241,2,9,0,4,0,0,0,0,0,0,2,1,6,2,22,5,-1,-1,-1,8,-1,8
2018460306241,3,9,0,4,0,0,0,0,0,0,2,1,6,1,26,6,1598,2,4,6,3,6
2018460306315,1,9,0,9,0,8,0,0,0,0,3,1,2,2,19,4,1242,1,4,8,1,8
2018460306315,2,9,0,18,0,8,0,0,0,0,4,1,2,2,49,8,1388,1,8,5,1,5
2018460306325,1,19,0,17,0,0,0,0,0,0,1,1,1,2,22,5,1248,2,3,8,1,8
2018460306325,2,9,0,16,0,0,0,0,0,0,3,1,1,1,31,6,1995,1,7,4,1,4
2018460306435,1,9,0,1,0,2,0,11,0,0,2,1,6,1,37,7,1900,2,13,2,1,2
2018460306448,1,98,0,5,0,0,0,0,0,0,1,1,6,2,24,5,-1,-1,-1,-1,-1,-1
2018460306448,2,9,0,18,0,0,0,0,0,0,1,1,6,2,48,8,1527,2,18,8,1,8
2018460306453,1,9,0,18,0,0,0,0,0,0,1,1,6,1,57,9,1389,1,13,6,1,6
2018460306453,2,9,0,18,0,0,0,0,0,0,1,1,6,3,-1,-1,-1,-1,-1,-1,-1,-1
2018460306464,1,17,0,12,0,0,0,0,0,0,3,1,1,1,26,6,-1,-1,-1,-1,-1,-1
2018460306464,2,9,0,18,0,0,2,0,1,0,4,1,1,2,27,6,1968,2,2,4,1,4
2018460306468,1,3,0,10,0,0,0,0,0,0,1,1,6,1,19,4,125,1,9,5,1,5
2018460306468,2,9,0,3,0,0,0,0,0,0,1,1,2,2,40,7,1968,2,12,10,1,10
2018460306468,3,-1,0,18,0,0,0,0,0,0,1,1,6,3,37,7,-1,-1,-1,-1,-1,-1
2018460306476,1,9,0,18,0,0,1,0,1,4,1,1,6,2,18,4,1398,1,3,6,2,6
2018460306478,1,9,0,18,0,1,1,0,0,0,1,1,6,2,19,4,1199,1,16,4,1,4
2018460306494,1,9,0,18,0,0,0,0,0,0,1,1,6,2,-1,-1,-1,-1,-1,-1,-1,-1
2018460306502,1,9,0,18,0,0,1,0,1,0,4,1,6,3,38,7,-1,-1,-1,-1,-1,-1
2018460306502,2,9,0,18,0,0,0,0,1,0,3,1,6,1,58,9,1598,1,16,8,1,8
2018460306508,1,9,0,18,0,1,0,0,0,0,1,1,6,1,24,5,1598,1,13,2,1,2
2018460306508,2,9,0,9,0,2,0,0,0,0,2,1,6,1,50,8,1398,1,4,2,1,2
2018460306511,1,9,0,18,0,0,0,0,0,0,1,1,6,1,29,6,1997,2,13,1,1,1
2018460306511,2,9,0,2,0,0,0,0,0,0,4,1,6,2,50,8,1794,1,15,2,1,2
2018460306511,3,9,0,2,0,0,0,0,0,0,3,1,6,1,-1,-1,1598,1,14,2,1,2
2018460306511,4,9,0,2,0,0,0,0,0,0,1,1,6,1,-1,-1,1995,2,2,8,1,8
2018460306517,1,9,0,17,0,0,2,10,7,0,4,1,6,2,18,4,1198,1,10,9,3,9
2018460306534,1,9,0,13,0,0,1,0,0,0,3,1,6,1,18,4,1299,1,15,9,1,9
2018460306534,2,9,0,16,0,0,0,0,0,0,4,1,6,2,30,6,1461,2,14,3,1,3
2018460306534,3,9,0,18,0,0,0,0,0,0,0,1,6,1,65,9,998,1,3,9,1,9
2018460306555,1,9,0,18,0,0,0,0,0,0,0,1,6,2,30,6,1598,1,8,4,1,4
2018460306557,1,9,0,18,0,0,1,0,1,4,1,1,6,1,34,6,1900,1,18,6,1,6
2018460306575,1,9,0,18,0,0,0,0,1,0,1,1,6,2,19,4,1242,1,15,5,1,5
2018460306592,1,9,0,16,0,2,0,0,0,0,1,1,6,2,34,6,1999,1,8,4,1,4
2018460306592,2,9,0,17,0,2,0,0,0,0,1,1,6,1,85,11,1895,1,19,10,1,10
2018460306593,1,9,0,18,0,0,0,0,0,0,4,1,5,1,43,7,2976,1,13,6,1,6
2018460306608,1,5,0,9,0,8,0,0,0,0,3,1,6,1,51,8,1157,1,11,9,1,9
2018460306608,2,9,0,18,0,8,0,0,0,0,4,1,6,1,35,6,-1,-1,-1,4,3,4
2018460306643,1,9,0,3,0,1,0,0,0,0,1,1,6,1,29,6,999,1,2,5,3,5
2018460306643,2,9,0,3,0,1,0,0,0,0,3,1,6,1,83,11,1598,1,6,3,1,3
2018460306670,1,9,0,3,0,1,0,0,0,0,1,1,6,1,59,9,2967,2,5,7,1,7
2018460306773,1,9,0,18,6,0,0,0,0,0,4,1,6,2,52,8,1299,1,12,3,1,3
2018460306779,1,9,0,1,0,1,0,0,0,0,1,1,6,3,-1,-1,1587,1,13,-1,-1,-1
2018460306779,2,9,0,18,0,1,0,0,0,0,4,1,1,1,40,7,1598,2,1,3,1,3
2018460306780,1,9,0,9,0,1,0,0,0,0,4,1,6,1,21,5,-1,-1,-1,4,-1,4
2018460306780,2,9,0,18,0,1,0,0,0,0,1,1,6,1,41,7,1388,1,12,6,1,6
2018460306797,1,9,0,9,0,8,0,0,0,0,1,1,6,1,27,6,1242,1,4,1,1,1
2018460306797,2,1,0,18,0,8,0,0,0,0,1,1,2,1,39,7,-1,-1,-1,6,1,6
2018460306800,1,9,0,18,0,0,0,0,0,0,1,1,6,2,27,6,1598,1,10,4,1,4
2018460306800,2,9,0,18,0,0,0,0,0,0,1,1,6,1,19,4,998,1,1,6,1,6
2018460306800,3,9,0,18,0,0,0,0,0,0,2,1,6,1,51,8,1995,2,1,3,1,3
2018460306841,1,9,0,18,0,0,0,0,0,0,0,1,6,1,21,5,1388,1,11,4,1,4
2018460306854,1,2,0,5,0,0,0,0,0,0,0,1,1,1,24,5,49,1,2,4,1,4
2018460306861,1,9,0,9,0,0,0,0,0,0,1,1,6,2,65,9,1951,2,14,8,1,8
2018460306861,2,1,0,18,0,0,0,0,0,0,1,1,6,1,50,8,-1,-1,-1,7,1,7
2018460306885,1,9,0,16,0,0,0,0,0,0,0,1,6,3,-1,-1,-1,-1,-1,-1,-1,-1
2018460306885,2,9,0,17,0,0,0,0,0,0,0,1,6,1,81,11,-1,-1,-1,10,1,10
2018460306912,1,9,0,18,0,0,0,0,0,0,1,1,6,2,38,7,1896,2,12,9,1,9
2018460306913,1,9,0,18,0,0,0,11,8,0,1,1,6,1,28,6,1398,1,4,3,1,3
2018460306913,2,9,0,2,0,0,0,0,0,0,2,1,6,3,-1,-1,-1,-1,-1,-1,-1,-1
2018460306921,1,19,0,1,0,0,0,0,0,0,2,1,2,1,23,5,2198,2,3,10,1,10
2018460306921,2,5,0,3,0,0,0,0,0,0,1,1,6,1,29,6,599,1,19,7,1,7
2018460306931,1,9,0,4,0,6,0,0,0,0,1,1,6,1,32,6,1749,1,17,2,1,2
2018460306931,2,9,0,18,0,1,0,0,0,0,4,1,6,1,71,10,1582,2,9,3,1,3
2018460306936,1,5,0,13,0,0,0,0,0,0,1,1,5,1,23,5,675,1,3,5,1,5
2018460306936,2,98,0,18,0,0,0,0,0,0,2,1,6,1,-1,-1,-1,-1,-1,-1,-1,-1
2018460306946,1,21,0,9,0,8,0,0,0,0,3,1,1,1,46,8,-1,-1,-1,-1,-1,-1
2018460306946,2,9,0,18,0,8,0,0,0,0,4,1,6,2,34,6,1596,1,9,6,3,6
2018460306957,1,9,0,18,0,6,0,0,0,0,1,1,6,1,85,11,2494,1,16,5,3,5
2018460306957,2,9,0,18,0,1,0,11,1,10,3,1,6,1,70,10,996,1,9,3,3,3
2018460306969,1,9,0,18,0,0,0,0,0,0,1,1,6,2,24,5,1596,1,6,6,1,6
2018460306969,2,9,0,4,0,0,0,0,0,0,2,1,6,1,59,9,1950,2,-1,1,3,1
2018460306969,3,9,0,4,0,0,0,0,0,0,2,1,6,1,52,8,3960,1,21,4,1,4
2018460306970,1,9,0,11,0,0,0,0,0,0,2,1,6,2,51,8,1956,2,-1,10,3,10
2018460306970,2,5,0,13,0,0,0,0,0,0,1,1,6,1,41,7,1150,1,6,7,3,7
2018460306981,1,9,0,18,0,2,0,0,0,0,4,1,6,1,76,11,1798,8,6,8,1,8
2018460306982,1,9,0,4,0,0,0,0,0,0,1,1,6,2,62,9,1299,1,14,4,1,4
2018460306982,2,9,0,3,0,0,0,0,0,0,3,1,6,1,38,7,1395,1,-1,6,1,6
2018460306982,3,19,0,3,0,0,0,0,0,0,2,1,6,1,45,7,1248,2,5,-1,-1,-1
2018460306983,1,2,0,18,0,0,0,0,1,0,1,1,6,1,17,4,50,1,1,4,1,4
2018460306999,1,1,0,3,9,0,0,0,0,0,0,1,6,1,12,3,-1,-1,-1,9,1,9
2018460306999,2,98,0,18,0,0,0,0,0,0,4,1,6,3,50,8,-1,-1,-1,-1,-1,-1
2018460307000,1,19,0,18,0,0,0,0,0,0,1,1,6,1,34,6,2298,2,2,4,1,4
2018460307006,1,9,0,18,0,1,0,0,0,0,1,1,6,2,20,4,1198,1,4,3,1,3
2018460307008,1,9,0,18,0,0,0,0,0,0,1,1,6,2,76,11,1339,1,11,9,1,9
2018460307008,2,9,0,18,0,0,0,0,0,0,1,1,6,1,71,10,1373,1,1,7,1,7
2018460307013,1,9,0,18,0,2,0,0,0,0,1,1,1,2,20,4,2497,2,1,10,1,10
2018460307013,2,9,0,3,0,2,0,0,0,0,2,1,6,2,51,8,996,1,8,4,1,4
2018460307013,3,19,0,3,0,2,0,0,0,0,2,1,1,1,21,5,1995,2,9,7,2,7
2018460307014,1,9,0,5,0,0,0,0,0,0,1,1,6,2,-1,-1,-1,-1,-1,-1,-1,-1
2018460307014,2,3,0,18,0,0,0,0,0,0,1,1,6,1,22,5,124,1,9,2,1,2
2018460307018,1,9,0,18,0,2,0,0,0,0,1,1,6,2,42,7,1997,2,9,7,2,7
2018460307039,1,19,0,6,0,0,0,0,0,0,3,1,6,1,61,9,2198,2,2,4,1,4
2018460307039,2,5,0,13,0,0,0,0,0,0,4,1,6,1,54,8,918,1,22,9,2,9
2018460307040,1,9,0,18,0,0,0,0,0,0,2,1,6,3,-1,-1,-1,-1,-1,-1,-1,-1
2018460307055,1,5,0,16,0,0,0,0,0,0,1,1,6,1,32,6,999,1,13,2,1,2
2018460307055,2,9,0,17,0,0,0,0,0,0,3,1,6,1,87,11,1493,2,14,6,1,6
2018460307064,1,9,0,8,0,1,0,0,0,0,4,1,1,2,28,6,1598,1,14,1,1,1
2018460307064,2,3,0,13,0,1,0,0,0,0,1,1,6,1,19,4,124,1,9,7,1,7
2018460307075,1,9,0,9,0,1,0,0,0,0,3,1,6,1,89,11,1242,1,7,8,1,8
2018460307075,2,9,0,7,0,1,0,0,0,0,1,1,6,2,77,11,999,1,2,8,1,8
2018460307082,1,1,-1,7,0,0,1,0,0,0,1,1,6,1,13,3,-1,-1,-1,1,1,1
2018460307082,2,9,0,2,0,0,-1,0,0,0,2,1,6,3,-1,-1,1339,1,12,-1,-1,-1
2018460307096,1,9,0,17,0,1,0,0,0,0,3,1,6,1,50,8,1997,2,3,6,3,6
2018460307096,2,23,0,16,0,1,0,0,0,0,4,1,6,1,33,6,-1,-1,-1,2,1,2
2018460307097,1,1,0,18,0,6,0,0,0,0,1,1,5,1,32,6,-1,-1,-1,3,1,3
2018460307097,2,9,0,9,0,1,0,0,0,0,4,1,5,1,45,7,1798,8,1,4,1,4
2018460307112,1,21,0,18,0,0,0,0,0,0,1,1,1,1,22,5,7698,2,-1,2,1,2
2018460307112,2,9,0,18,0,0,0,0,0,0,2,1,6,2,55,8,1968,2,14,2,1,2
2018460307117,1,9,0,18,0,0,0,0,0,0,1,1,6,1,17,4,1242,1,13,2,3,2
2018460307158,1,3,0,3,0,0,0,0,0,0,1,1,6,1,18,4,124,1,9,4,1,4
2018460307158,2,19,0,9,0,0,0,0,0,0,0,1,6,1,63,9,1560,2,4,6,1,6
2018460307179,1,9,0,16,0,1,0,0,0,0,1,1,2,2,39,7,1390,1,18,10,2,10
2018460307179,2,9,0,17,0,1,0,0,0,0,1,1,2,1,53,8,2495,2,18,3,1,3
2018460307206,1,9,0,17,0,0,0,0,0,0,4,1,6,1,19,4,1995,2,11,2,1,2
2018460307206,2,5,0,17,0,0,0,0,0,0,1,1,6,1,46,8,998,1,9,6,1,6
2018460307208,1,9,0,18,0,0,0,0,0,0,1,1,6,1,23,5,1895,1,17,4,1,4
2018460307208,2,9,0,4,0,0,0,0,0,0,2,1,6,1,46,8,1598,1,6,6,1,6
2018460307258,1,9,-1,18,0,0,0,0,0,0,1,1,6,3,25,5,-1,-1,-1,-1,-1,-1
2018460307258,2,9,0,18,0,0,0,0,0,0,3,1,6,2,25,5,1364,1,13,2,1,2
2018460307264,1,1,0,18,9,1,0,0,0,0,1,1,1,1,33,6,-1,-1,-1,1,1,1
2018460307264,2,9,0,9,0,2,0,0,0,0,3,1,6,1,54,8,2496,1,16,3,1,3
2018460307280,1,19,0,1,0,1,0,0,0,0,2,1,1,1,43,7,2198,2,4,6,3,6
2018460307280,2,9,0,3,0,1,0,0,0,0,1,1,6,2,42,7,1991,2,9,1,1,1
2018460307283,1,9,0,18,0,2,0,0,0,0,0,1,6,2,26,6,1984,1,16,3,1,3
2018460307287,1,9,0,18,0,1,0,0,0,0,1,1,6,1,33,6,2993,2,13,1,1,1
2018460307287,2,22,0,5,0,7,0,0,0,0,3,1,6,1,90,11,-1,-1,-1,4,1,4
2018460307295,1,9,0,18,9,0,0,0,7,0,1,1,3,2,32,6,1995,2,4,5,1,5
2018460307295,2,9,0,18,0,0,0,0,0,0,3,1,1,2,45,7,1395,1,-1,8,3,8
2018460307299,1,9,0,7,0,0,0,0,0,0,1,1,6,2,54,8,1461,2,2,9,2,9
2018460307308,1,9,0,18,0,0,5,0,0,0,1,1,6,1,24,5,1390,1,13,2,1,2
2018460307308,2,9,0,2,0,0,0,0,0,0,2,1,6,3,-1,-1,-1,-1,-1,-1,-1,-1
2018460307318,1,9,0,13,0,1,0,0,0,0,1,1,6,3,-1,-1,-1,-1,-1,-1,-1,-1
2018460307318,2,3,0,4,0,1,0,0,0,0,3,1,6,1,30,6,124,1,11,4,1,4
2018460307323,1,9,0,17,0,0,5,4,0,0,1,1,5,2,27,6,1398,1,2,2,1,2
2018460307323,2,9,4,2,0,0,0,0,0,0,1,1,6,1,-1,-1,1988,1,19,1,1,1
2018460307323,3,9,0,2,0,0,0,0,0,0,2,1,6,1,-1,-1,1896,2,16,1,1,1
2018460307323,4,9,0,2,0,0,0,0,0,0,2,1,6,1,-1,-1,1598,1,13,4,1,4
2018460307332,1,9,0,4,0,0,0,0,0,0,1,1,6,1,61,9,1968,2,11,9,1,9
2018460307332,2,9,0,4,0,0,0,0,0,0,2,1,6,1,25,5,2720,2,10,6,1,6
2018460307332,3,9,0,4,0,0,0,0,0,0,1,1,6,2,61,9,3518,1,11,8,1,8
2018460307339,1,9,0,14,0,1,0,0,0,0,1,1,6,2,20,4,1242,1,8,8,1,8
2018460307339,2,9,0,2,0,1,0,0,0,0,2,1,6,1,53,8,1781,1,26,2,1,2
2018460307354,1,5,0,17,0,0,0,10,1,0,1,1,6,1,43,7,998,1,17,3,1,3
2018460307365,1,9,0,18,0,0,0,0,0,0,1,1,6,2,37,7,2157,2,1,6,2,6
2018460307365,2,9,0,18,0,0,0,0,0,0,2,1,6,1,50,8,1597,2,5,2,1,2
2018460307365,3,9,0,18,0,0,0,0,0,0,1,1,6,2,29,6,-1,-1,-1,4,2,4
2018460307367,1,9,0,5,0,6,0,0,0,0,1,1,6,1,40,7,1796,1,6,8,1,8
2018460307367,2,9,0,18,0,8,1,4,0,0,4,1,6,2,50,8,1229,1,4,4,1,4
2018460307367,3,9,0,2,0,8,0,0,0,0,1,1,6,1,76,11,1198,1,14,1,1,1
2018460307373,1,1,0,7,0,1,0,0,0,0,1,1,6,1,58,9,-1,-1,-1,-1,-1,-1
2018460307373,2,1,0,18,0,1,0,0,0,0,1,1,6,1,40,7,-1,-1,-1,3,1,3
2018460307374,1,9,0,18,0,0,0,0,0,0,1,1,6,2,19,4,1242,1,9,10,1,10
2018460307374,2,9,0,2,0,0,-1,0,0,0,1,1,6,2,-1,-1,1364,1,9,8,1,8
2018460307381,1,9,0,2,0,0,0,0,0,0,1,1,2,2,46,8,1242,1,11,4,1,4
2018460307394,1,9,0,18,0,0,0,0,0,0,1,1,6,2,19,4,1242,1,15,8,1,8
2018460307394,2,9,0,18,0,0,0,0,0,0,1,1,6,1,38,7,1598,1,7,6,1,6
2018460307395,1,-1,0,13,0,1,0,0,0,0,4,1,6,3,-1,-1,-1,-1,-1,-1,-1,-1
2018460307395,2,9,0,6,0,1,0,0,0,0,3,1,6,1,43,7,1399,2,12,4,1,4
2018460307402,1,9,0,18,0,4,0,0,0,0,3,1,6,2,23,5,1086,1,9,4,2,4
2018460307402,2,1,0,18,0,3,0,0,0,0,1,1,6,1,80,11,-1,-1,-1,4,3,4
2018460307405,1,1,0,9,0,1,0,0,0,0,1,1,6,1,12,3,-1,-1,-1,4,1,4
2018460307405,2,9,0,4,0,2,0,0,0,0,1,1,6,1,24,5,1598,1,15,6,1,6
2018460307409,1,19,0,16,0,0,0,0,0,0,0,1,6,3,-1,-1,-1,-1,-1,-1,-1,-1
2018460307409,2,9,0,17,0,0,2,0,7,0,1,1,1,1,22,5,2402,2,11,10,2,10
2018460307428,1,9,0,12,0,0,0,0,0,0,3,1,6,1,18,4,1197,1,2,8,1,8
2018460307428,2,9,0,18,0,0,0,0,0,0,4,1,6,1,34,6,1995,2,10,9,1,9
2018460307435,1,5,0,18,0,0,1,10,1,0,0,1,6,1,67,10,999,1,10,3,1,3
2018460307436,1,9,0,9,0,8,0,0,7,0,4,1,4,2,41,7,2993,2,2,8,1,8
2018460307436,2,9,0,4,0,1,0,0,0,0,4,1,1,2,31,6,1598,2,4,10,1,10
2018460307438,1,9,0,5,0,0,0,0,0,0,4,1,6,1,24,5,1587,1,11,1,1,1
2018460307443,1,9,0,16,0,4,0,0,0,0,1,1,6,3,-1,-1,-1,-1,-1,-1,-1,-1
2018460307443,2,9,-1,-1,-1,-1,-1,-1,-1,0,-1,1,5,2,-1,-1,1198,1,12,10,2,10
2018460307443,3,9,-1,-1,-1,-1,-1,-1,-1,0,-1,1,6,2,-1,-1,2231,2,12,6,1,6
2018460307448,1,9,0,18,0,0,0,0,0,0,3,1,6,1,19,4,1229,1,10,7,3,7
2018460307448,2,5,0,18,0,0,0,0,0,0,1,1,6,1,60,9,649,1,9,8,1,8
2018460307449,1,21,0,1,6,0,0,0,0,0,2,1,1,1,67,10,2998,2,3,9,1,9
2018460307449,2,4,0,2,6,0,0,0,0,0,1,1,2,1,56,9,499,1,12,4,1,4
2018460307450,1,9,0,18,0,2,0,4,0,0,3,1,6,2,82,11,1598,1,4,10,1,10
2018460307450,2,9,0,15,0,2,0,0,0,0,4,1,6,1,82,11,1997,2,9,6,1,6
2018460307450,3,9,0,2,0,2,0,0,0,0,3,1,6,1,46,8,2993,2,9,7,1,7
2018460307458,1,9,0,5,0,0,0,0,0,0,1,1,6,2,25,5,1390,1,6,5,1,5
2018460307458,2,9,0,2,0,0,0,12,0,0,3,1,6,2,22,5,1229,1,7,5,1,5
2018460307458,3,9,0,2,0,0,0,12,0,0,2,1,6,2,57,9,1339,1,9,5,1,5
2018460307472,1,9,0,7,0,0,0,0,0,0,4,1,6,2,23,5,998,1,11,4,2,4
2018460307472,2,9,0,18,0,0,0,0,0,0,4,1,6,1,32,6,1968,2,4,-1,1,-1
2018460307482,1,9,0,18,0,0,0,0,0,0,1,1,5,1,40,7,1596,1,13,4,1,4
2018460307495,1,9,0,18,0,0,0,0,0,0,3,1,6,2,30,6,1910,2,11,6,1,6
2018460307495,2,1,0,18,0,0,0,0,0,0,4,1,6,1,9,2,-1,-1,-1,6,1,6
2018460307508,1,98,0,18,0,0,0,0,0,0,1,1,6,1,30,6,-1,-1,-1,7,1,7
2018460307515,1,9,0,5,0,1,0,0,0,0,1,1,6,1,22,5,1968,2,4,6,1,6
2018460307515,2,9,0,8,0,1,0,0,0,0,1,1,6,1,61,9,1997,2,3,1,1,1
2018460307515,3,9,0,18,0,1,0,0,0,0,1,1,6,1,40,7,2499,2,16,1,2,1
2018460307517,1,3,0,9,0,6,0,0,0,0,1,1,6,1,66,10,1298,1,12,4,1,4
2018460307517,2,9,0,18,0,1,0,0,0,0,4,1,6,1,59,9,1896,2,17,5,3,5
2018460307534,1,9,0,18,0,0,0,0,0,0,1,1,6,1,58,9,1493,2,11,3,1,3
2018460307539,1,9,0,5,0,0,0,0,0,0,1,1,6,2,44,7,1560,2,11,3,1,3
2018460307539,2,9,0,18,0,0,0,0,0,0,3,1,6,1,50,8,1364,1,1,1,1,1
2018460307569,1,9,0,3,0,0,0,0,0,0,1,1,6,1,38,7,-1,-1,-1,4,3,4