Accident_Index,Vehicle_Reference,Vehicle_Type,Towing_and_Articulation,Vehicle_Manoeuvre,Vehicle_Location-Restricted_Lane,Junction_Location,Skidding_and_Overturning,Hit_Object_in_Carriageway,Vehicle_Leaving_Carriageway,Hit_Object_off_Carriageway,1st_Point_of_Impact,Was_Vehicle_Left_Hand_Drive?,Journey_Purpose_of_Driver,Sex_of_Driver,Age_of_Driver,Age_Band_of_Driver,Engine_Capacity_(CC),Propulsion_Code,Age_of_Vehicle,Driver_IMD_Decile,Driver_Home_Area_Type,Vehicle_IMD_Decile
2018460307569,2,9,0,3,0,0,0,0,0,0,2,1,6,1,61,9,1600,1,19,2,1,2
2018460307651,1,98,0,12,0,0,0,0,0,0,3,1,1,1,45,7,-1,-1,-1,-1,-1,-1
2018460307651,2,9,0,18,0,0,0,0,0,0,4,1,6,2,31,6,1686,2,16,7,1,7
2018460307664,1,9,0,18,0,2,0,0,0,0,1,1,2,1,19,4,1248,2,10,3,1,3
2018460307665,1,1,0,5,0,4,0,0,0,0,2,1,2,2,25,5,-1,-1,-1,2,1,2
2018460307665,2,3,0,5,0,4,0,0,0,0,1,1,6,1,17,4,124,1,3,8,1,8
2018460307668,1,-1,0,16,0,3,0,0,0,0,1,1,6,3,-1,-1,-1,-1,-1,-1,-1,-1
2018460307668,2,1,0,16,0,3,0,0,0,0,4,1,2,1,51,8,-1,-1,-1,8,3,8
2018460307698,1,9,0,18,0,0,0,0,0,0,1,1,6,2,54,8,1598,1,11,1,1,1
2018460307698,2,9,0,4,0,0,0,0,0,0,2,1,6,1,58,9,1496,2,3,3,1,3
2018460307705,1,3,0,16,0,0,0,0,0,0,3,1,5,1,30,6,124,1,7,6,1,6
2018460307706,1,9,0,9,0,6,0,0,0,0,4,1,6,2,24,5,1461,2,1,4,1,4
2018460307706,2,3,0,18,0,8,0,0,0,0,3,1,6,1,18,4,124,1,21,2,1,2
2018460307723,1,9,0,4,0,2,0,0,0,0,1,1,6,1,89,11,1798,8,5,10,2,10
2018460307723,2,9,0,4,0,2,0,0,0,0,2,1,6,1,80,11,1388,1,13,8,2,8
2018460307723,3,9,0,4,0,2,0,0,0,0,2,1,6,2,66,10,1368,1,14,2,1,2
2018460307726,1,9,0,18,0,0,0,0,0,0,3,1,6,2,29,6,1339,1,7,3,1,3
2018460307749,1,1,0,12,0,0,0,0,0,0,1,1,6,1,15,3,-1,-1,-1,1,1,1
2018460307749,2,9,0,18,0,0,0,0,0,0,3,1,6,2,34,6,1560,2,4,5,1,5
2018460307752,1,9,0,5,0,7,0,0,0,0,1,1,1,2,-1,-1,-1,-1,-1,2,1,2
2018460307752,2,3,0,16,0,3,0,0,0,0,2,1,2,2,43,7,125,1,3,4,3,4
2018460307769,1,9,0,4,0,1,0,0,0,0,1,1,5,2,30,6,1499,2,1,2,1,2
2018460307769,2,9,0,8,0,1,0,0,0,0,2,1,5,2,46,8,1997,2,15,3,1,3
2018460307770,1,1,0,9,0,0,0,0,0,0,3,1,6,1,13,3,-1,-1,-1,7,1,7
2018460307770,2,9,0,18,0,0,0,0,0,0,3,1,6,2,48,8,1388,1,8,4,1,4
2018460307778,1,9,0,18,0,4,0,0,0,0,0,1,6,2,51,8,1560,2,1,7,1,7
2018460307778,2,1,0,18,0,4,0,0,0,0,0,1,6,2,45,7,-1,-1,-1,6,1,6
2018460307786,1,2,0,18,0,0,0,0,1,0,1,1,6,1,17,4,50,1,2,1,1,1
2018460307789,1,19,0,18,0,2,0,0,0,0,1,1,6,1,-1,-1,-1,-1,-1,-1,-1,-1
2018460307789,2,1,0,18,0,1,0,0,0,0,1,1,6,1,13,3,-1,-1,-1,4,1,4
2018460307806,1,9,0,18,0,3,0,0,0,0,4,1,6,1,22,5,1995,2,9,2,1,2
2018460307806,2,9,0,18,0,3,0,0,0,0,3,1,1,2,57,9,1997,2,10,1,1,1
2018460307807,1,1,0,3,0,0,0,0,0,0,1,1,6,1,58,9,-1,-1,-1,4,1,4
2018460307807,2,1,0,3,0,0,0,0,0,0,1,1,6,1,40,7,-1,-1,-1,3,1,3
2018460307811,1,9,0,3,0,4,0,0,0,0,1,1,6,1,71,10,5998,1,10,-1,-1,-1
2018460307811,2,9,0,9,0,3,0,0,0,0,1,1,6,1,36,7,1598,1,8,6,1,6
2018460307823,1,9,0,18,0,0,0,0,0,0,1,1,6,1,44,7,1796,1,7,7,3,7
2018460307844,1,1,0,3,0,0,0,0,0,0,2,1,6,1,14,3,-1,-1,-1,8,2,8
2018460307844,2,9,0,3,0,0,0,0,0,0,1,1,6,1,59,9,-1,-1,-1,-1,-1,-1
2018460307868,1,9,0,18,0,1,0,0,0,0,1,1,6,1,31,6,1995,2,12,3,1,3
2018460307868,2,9,0,18,0,1,0,0,0,0,2,1,6,2,54,8,999,1,4,10,2,10
2018460307899,1,2,0,7,0,3,0,0,0,0,1,1,6,1,16,4,50,1,8,4,3,4
2018460307899,2,1,0,18,0,8,0,0,0,0,2,1,6,2,27,6,-1,-1,-1,5,3,5
2018460307936,1,9,0,18,0,0,0,0,0,0,1,1,6,3,-1,-1,1968,2,6,-1,-1,-1
2018460307936,2,9,0,18,0,0,0,0,0,0,2,1,6,2,31,6,1149,1,13,1,1,1
2018460307959,1,9,0,18,0,0,0,0,0,0,1,1,6,3,-1,-1,1399,2,11,-1,-1,-1
2018460307959,2,9,0,4,0,0,0,0,0,0,2,1,3,1,42,7,1560,2,12,6,1,6
2018460308000,1,9,0,16,0,0,0,0,0,0,3,1,6,3,-1,-1,-1,-1,-1,-1,-1,-1
2018460308000,2,9,0,17,0,0,0,0,0,0,3,1,1,1,27,6,1796,1,9,3,1,3
2018460308029,1,1,0,4,0,0,0,0,0,0,1,1,6,1,58,9,-1,-1,-1,-1,1,-1
2018460308029,2,1,0,18,0,0,0,0,0,0,2,1,6,1,45,7,-1,-1,-1,7,1,7
2018460308033,1,5,0,18,0,0,0,0,0,0,0,1,2,1,51,8,1298,1,9,9,1,9
2018460308058,1,9,0,1,0,6,0,0,1,0,2,1,6,3,-1,-1,-1,-1,-1,-1,-1,-1
2018460308058,2,9,0,2,0,6,0,0,0,0,1,1,6,2,25,5,-1,-1,-1,10,1,10
2018460308065,1,9,0,9,0,0,0,0,0,0,1,1,6,1,29,6,1686,2,7,1,1,1
2018460308065,2,9,0,18,0,0,0,0,0,0,1,1,6,2,61,9,998,1,4,6,1,6
2018460308077,1,9,0,18,0,1,0,0,0,0,1,1,6,1,65,9,1591,1,-1,7,1,7
2018460308096,1,21,0,15,6,7,0,0,0,0,4,1,1,1,64,9,12902,2,2,5,3,5
2018460308096,2,9,0,18,0,7,0,0,0,0,3,1,2,2,44,7,1598,2,8,4,1,4
2018460308098,1,9,0,18,0,1,0,0,0,0,1,1,6,1,39,7,1560,2,6,9,1,9
2018460308098,2,9,0,18,0,1,0,0,0,0,2,1,6,2,36,7,1995,2,5,7,-1,7
2018460308114,1,9,0,1,0,0,0,0,0,0,0,1,6,1,32,6,-1,-1,-1,4,2,4
2018460308123,1,9,0,18,0,1,0,0,0,0,1,1,6,1,41,7,1397,1,18,1,1,1
2018460308123,2,9,0,10,0,1,0,0,0,0,2,1,6,1,33,6,1399,2,10,2,1,2
2018460308123,3,9,0,18,0,1,0,0,0,0,1,1,6,2,19,4,1586,1,3,8,1,8
2018460308134,1,9,0,9,0,1,0,0,0,0,1,1,6,2,40,7,1896,2,13,8,3,8
2018460308134,2,9,0,18,0,1,1,0,0,0,1,1,6,1,44,7,1497,1,15,8,2,8
2018460308147,1,9,0,18,0,0,0,0,0,0,1,1,5,2,22,5,1149,1,14,6,1,6
2018460308153,1,9,0,18,0,0,0,0,0,0,1,1,6,1,19,4,1229,1,13,3,1,3
2018460308153,2,9,0,18,0,0,0,0,0,0,1,1,6,2,59,9,-1,-1,-1,10,1,10
2018460308156,1,98,1,9,0,7,0,0,0,0,2,1,1,1,36,7,-1,-1,-1,-1,-1,-1
2018460308156,2,9,0,18,0,1,0,0,0,0,1,1,6,2,-1,-1,998,1,2,8,3,8
2018460308169,1,9,0,18,0,0,0,0,0,0,1,1,6,1,22,5,1995,1,13,1,1,1
2018460308169,2,9,0,2,0,0,0,0,0,0,3,1,6,2,-1,-1,1596,1,15,9,1,9
2018460308169,3,9,0,2,0,0,0,0,0,0,3,1,6,2,29,6,1560,2,5,9,1,9
2018460308169,4,9,0,2,0,0,0,0,0,0,2,1,6,1,31,6,1686,2,16,9,1,9
2018460308169,5,9,0,2,0,0,0,0,0,0,2,1,6,2,-1,-1,1910,2,12,9,1,9
2018460308182,1,19,0,18,0,0,0,0,0,0,1,1,2,1,35,6,1995,2,1,6,3,6
2018460308182,2,9,0,2,9,0,0,0,0,0,2,1,6,1,53,8,1951,2,14,5,2,5
2018460308202,1,5,0,18,0,0,0,0,0,0,1,1,6,1,24,5,689,1,4,10,1,10
2018460308202,2,9,0,2,0,0,0,0,0,0,2,1,6,1,37,7,998,1,10,3,1,3
2018460308211,1,9,0,4,0,0,0,0,0,0,1,1,6,2,30,6,1461,2,3,3,1,3
2018460308211,2,19,0,4,0,0,0,0,0,0,0,1,6,1,27,6,1560,2,1,3,1,3
2018460308217,1,9,0,3,0,0,0,0,0,0,1,1,6,1,36,7,2967,2,1,4,3,4
2018460308217,2,9,0,2,0,0,0,0,0,0,2,1,6,2,41,7,-1,-1,-1,4,3,4
2018460308228,1,9,0,18,0,1,0,0,0,0,1,1,6,1,79,11,1497,8,3,5,3,5
2018460308228,2,9,0,3,0,1,0,0,0,0,2,1,6,1,33,6,1968,2,8,4,2,4
2018460308229,1,9,0,3,0,0,0,0,0,0,1,1,6,1,25,5,1968,2,12,2,1,2
2018460308229,2,9,0,3,0,0,0,0,0,0,1,1,6,1,40,7,996,1,6,1,1,1
2018460308240,1,9,0,9,0,1,0,0,0,0,1,1,3,2,41,7,2401,2,12,4,1,4
2018460308240,2,3,0,18,0,1,0,0,0,0,1,1,1,1,19,4,-1,-1,-1,10,2,10
2018460308242,1,9,0,4,0,0,0,0,0,0,2,1,6,2,-1,-1,1984,1,3,4,2,4
2018460308242,2,9,0,4,0,0,0,0,0,0,1,1,2,1,33,6,1997,2,6,9,1,9
2018460308245,1,9,0,18,0,0,0,0,0,0,1,1,5,2,71,10,1398,1,3,4,1,4
2018460308245,2,9,0,18,0,0,0,0,0,0,1,1,3,2,44,7,1685,2,4,3,3,3
2018460308248,1,3,0,13,0,1,0,0,0,0,1,1,6,1,19,4,-1,-1,-1,1,1,1
2018460308248,2,9,0,9,0,6,0,0,0,0,3,1,6,2,40,7,1498,1,7,2,1,2
2018460308249,1,9,0,3,0,0,0,0,0,0,4,1,6,1,59,9,-1,-1,-1,7,3,7
2018460308251,1,9,0,4,0,0,0,0,0,0,1,1,6,1,51,8,2457,1,13,8,3,8
2018460308251,2,9,0,3,0,0,0,0,0,0,2,1,6,1,35,6,1242,1,15,4,1,4
2018460308251,3,9,0,3,0,0,0,0,0,0,2,1,6,2,19,4,-1,-1,-1,4,1,4
2018460308251,4,9,0,3,0,0,0,0,0,0,2,1,6,2,28,6,1560,2,8,7,2,7
2018460308255,1,9,0,18,0,3,0,0,-1,0,1,1,6,1,17,4,1124,1,6,10,3,10
2018460308258,1,9,0,18,0,0,0,0,0,0,1,1,6,2,-1,-1,1997,2,2,6,1,6
2018460308435,1,9,0,4,0,0,0,0,0,0,1,1,6,2,19,4,1360,1,15,5,2,5
2018460308435,2,8,0,4,0,0,0,0,0,0,2,1,3,1,56,9,1598,2,5,3,1,3
2018460308464,1,9,0,2,0,0,0,0,0,0,4,1,6,1,-1,-1,2401,2,15,7,3,7
2018460308464,2,9,0,18,0,0,0,0,0,0,3,1,6,1,53,8,-1,-1,-1,-1,-1,-1
2018460308477,1,9,0,4,0,0,0,0,0,0,1,1,6,2,46,8,1995,1,8,6,-1,6
2018460308477,2,9,0,9,0,0,0,0,0,0,2,1,6,2,60,9,1390,1,5,4,3,4
2018460308477,3,9,0,18,0,0,0,0,0,0,1,1,1,1,24,5,-1,-1,-1,4,1,4
2018460308540,1,9,0,18,0,1,0,0,0,0,4,1,6,2,66,10,996,1,5,1,1,1
2018460308553,1,9,0,7,0,5,0,0,0,0,1,1,6,1,35,6,1990,1,25,6,1,6
2018460308558,1,9,0,7,0,6,0,0,0,0,1,1,6,1,-1,-1,1968,2,12,10,1,10
2018460308558,2,9,0,18,0,1,0,0,0,0,4,1,1,2,22,5,1149,1,2,10,1,10
2018460308572,1,9,0,18,0,1,0,0,0,0,4,1,6,1,58,9,1796,1,11,5,2,5
2018460308593,1,9,0,18,0,0,0,0,0,0,4,1,6,2,47,8,1461,2,8,6,2,6
2018460308593,2,9,0,13,0,0,0,0,0,0,3,1,6,2,52,8,2967,2,2,6,2,6
2018460308602,1,9,0,7,0,3,0,0,0,0,4,1,6,2,34,6,1364,1,14,2,1,2
2018460308609,1,19,0,18,0,0,0,0,0,0,1,1,1,1,35,6,1248,2,2,5,3,5
2018460308609,2,9,0,18,0,0,0,0,0,0,2,1,5,2,64,9,999,1,2,7,1,7
2018460308620,1,9,0,10,0,0,0,0,0,0,4,1,2,1,40,7,2198,1,11,2,1,2
2018460308620,2,9,0,18,0,0,0,0,0,0,4,1,6,1,22,5,1200,1,3,7,2,7
2018460308637,1,9,0,18,0,0,0,0,1,1,1,1,6,2,70,10,1598,1,7,9,1,9
2018460308639,1,9,0,18,0,1,2,0,0,0,1,1,6,1,-1,-1,2143,2,6,3,1,3
2018460308639,2,1,0,10,0,1,0,0,0,0,3,1,2,1,49,8,-1,-1,-1,5,1,5
2018460308642,1,9,0,3,0,0,0,0,0,0,0,1,6,1,70,10,1968,2,4,3,1,3
2018460308657,1,5,0,18,0,0,0,0,0,0,1,1,6,1,41,7,599,1,21,6,1,6
2018460308673,1,9,0,3,0,1,0,0,0,0,4,1,6,2,25,5,1560,2,5,3,1,3
2018460308673,2,9,0,3,0,1,0,0,0,0,1,1,6,1,24,5,1598,1,12,5,1,5
2018460308690,1,3,0,18,0,0,0,0,0,0,1,1,6,1,50,8,124,1,8,4,1,4
2018460308690,2,9,0,18,0,0,0,0,0,0,3,1,6,2,62,9,1560,2,4,7,1,7
2018460308727,1,9,0,3,0,1,0,0,0,0,1,1,6,2,46,8,1598,2,8,7,2,7
2018460308727,2,9,0,3,0,1,0,0,0,0,1,1,6,2,58,9,1398,2,12,3,1,3
2018460308739,1,9,0,3,0,1,0,0,0,0,1,1,6,1,36,7,1968,2,13,1,1,1
2018460308739,2,97,0,3,0,1,0,0,0,0,3,1,6,1,54,8,-1,-1,-1,1,1,1
2018460308805,1,19,0,4,0,0,0,0,0,0,1,1,5,2,20,4,1598,2,4,6,1,6
2018460308805,2,19,0,4,0,0,0,0,0,0,2,1,5,1,74,10,1461,2,-1,8,1,8
2018460308805,3,9,0,4,0,0,0,0,0,0,2,1,5,2,51,8,1422,2,4,9,1,9
2018460308805,4,9,0,4,0,0,0,0,0,0,2,1,5,2,45,7,1299,1,13,1,1,1
2018460308805,5,9,0,4,0,0,0,0,0,0,2,1,5,2,21,5,1798,8,1,8,1,8
2018460308805,6,9,0,4,0,0,0,0,0,0,2,1,5,2,72,10,1461,2,8,5,1,5
2018460308805,7,9,0,4,0,0,0,0,0,0,2,1,5,2,24,5,1995,2,12,7,1,7
2018460308816,1,2,0,18,0,0,0,0,0,0,0,1,6,1,16,4,-1,-1,-1,6,1,6
2018460308848,1,9,0,18,0,0,0,0,0,0,3,1,6,3,-1,-1,-1,-1,-1,-1,-1,-1
2018460308848,2,9,0,18,0,0,0,0,0,0,3,1,6,1,46,8,1995,1,14,3,1,3
2018460308902,1,9,0,17,0,1,0,0,0,0,1,1,6,3,-1,-1,-1,-1,-1,-1,-1,-1
2018460308902,2,9,0,4,0,1,0,0,0,0,1,1,1,1,37,7,1399,2,16,5,3,5
2018460308968,1,9,0,18,0,0,0,0,0,0,1,1,6,2,26,6,1390,1,6,1,1,1
2018460308991,1,9,0,18,0,0,0,0,0,0,1,1,6,2,-1,-1,-1,-1,-1,-1,-1,-1
2018460309038,1,9,0,4,0,1,0,0,0,0,4,1,6,2,51,8,1422,2,10,10,2,10
2018460309038,2,3,0,3,0,1,0,0,0,0,1,1,6,1,21,5,125,1,1,10,1,10
2018460309038,3,98,0,2,0,1,0,0,0,0,0,1,6,3,-1,-1,-1,-1,-1,-1,-1,-1
2018460309106,1,9,0,9,0,1,0,0,0,0,1,1,2,2,36,7,1061,1,13,6,3,6
2018460309106,2,1,0,18,0,1,0,0,0,0,4,1,2,1,51,8,-1,-1,-1,9,1,9
2018460309129,1,9,0,18,0,0,0,0,0,0,1,1,5,1,26,6,1896,2,10,8,1,8
2018460309179,1,21,1,18,0,0,0,0,0,0,1,1,1,1,40,7,12740,2,3,1,1,1
2018460309179,2,9,0,18,0,0,0,0,0,0,2,1,6,2,44,7,1364,1,2,7,1,7
2018460309199,1,9,0,18,0,1,0,0,0,0,1,1,6,1,25,5,999,1,2,9,1,9
2018460309199,2,9,0,18,0,1,0,0,0,0,2,1,6,2,22,5,1398,1,2,1,1,1
2018460309225,1,9,0,18,0,4,0,9,0,0,1,1,6,1,29,6,1900,2,14,2,1,2
2018460309229,1,9,0,18,0,0,0,0,0,0,1,1,6,2,19,4,1229,1,4,6,1,6
2018460309229,2,8,0,7,0,0,0,0,0,0,2,1,6,1,63,9,2499,2,5,10,1,10
2018460309297,1,9,0,18,0,0,0,0,0,0,1,1,6,3,-1,-1,-1,-1,-1,-1,-1,-1
2018460309297,2,9,0,18,0,0,0,0,0,0,2,1,6,2,26,6,1910,2,11,8,3,8
2018460309334,1,9,0,18,0,0,0,0,0,0,1,1,5,1,26,6,1753,2,14,6,2,6
2018460309341,1,9,0,9,0,6,0,0,0,0,3,1,6,2,81,11,998,1,17,4,1,4
2018460309341,2,9,0,18,0,1,0,0,0,0,1,1,1,1,-1,-1,-1,-1,-1,3,1,3
2018460309369,1,9,0,18,0,0,0,0,0,0,0,1,6,1,79,11,2204,2,7,9,2,9
2018460309393,1,9,0,18,0,0,5,0,0,0,1,1,6,2,40,7,1360,1,8,1,1,1
2018460309393,2,9,0,2,0,0,0,0,0,0,1,1,6,3,-1,-1,-1,-1,-1,-1,-1,-1
2018460309393,3,98,0,2,0,0,0,0,0,0,4,1,6,3,-1,-1,-1,-1,-1,-1,-1,-1
2018460309430,1,9,0,18,0,0,0,4,7,4,4,1,2,2,49,8,1240,1,13,7,3,7
2018460309430,2,9,0,2,0,0,0,0,0,0,3,1,5,2,26,6,1598,1,6,5,1,5
2018460309483,1,19,0,9,0,1,0,0,0,0,1,1,6,1,-1,-1,1560,2,5,6,3,6
2018460309483,2,1,0,18,0,1,0,0,0,0,1,1,6,1,25,5,-1,-1,-1,10,1,10
2018460309502,1,9,0,1,9,6,0,0,1,0,2,1,5,2,37,7,1991,2,9,3,1,3
2018460309711,1,9,0,17,0,1,0,7,0,0,3,1,6,2,70,10,1390,1,4,7,3,7
2018460309721,1,9,0,18,0,0,0,0,0,0,1,1,6,1,65,9,1299,1,14,9,2,9
2018460309721,2,9,0,18,0,0,0,0,0,0,1,1,6,2,37,7,1796,1,11,9,1,9
2018460309802,1,2,0,18,0,0,0,0,0,0,1,1,6,1,16,4,49,1,2,9,1,9
2018460309802,2,9,0,18,0,0,1,0,0,0,1,1,6,2,34,6,1896,2,9,2,1,2
2018460309836,1,9,0,18,0,0,0,0,0,0,1,1,6,1,-1,-1,2000,2,14,2,1,2
2018460309905,1,11,0,18,0,0,0,0,0,0,3,1,6,1,75,10,9600,2,22,3,1,3
2018460309905,2,9,0,18,0,0,0,0,0,0,4,1,6,1,23,5,1496,2,2,7,1,7
2018460309980,1,9,0,5,0,1,0,0,7,0,1,1,5,1,24,5,1598,1,6,4,2,4
2018460309980,2,9,0,9,0,1,0,0,1,0,1,1,5,2,20,4,1598,2,5,4,3,4
2018460310073,1,9,0,6,0,1,0,0,0,0,3,1,6,1,37,7,1339,1,16,7,2,7
2018460310073,2,3,0,13,0,1,0,0,0,0,1,1,6,1,21,5,124,1,3,9,1,9
2018460310168,1,9,0,16,0,1,5,0,1,3,4,1,6,1,30,6,1360,1,8,-1,-1,-1
2018460310232,1,9,0,18,0,0,0,0,0,0,1,1,1,1,33,6,1995,2,-1,2,1,2
2018460310232,2,9,0,4,0,0,0,0,0,0,2,1,6,2,21,5,998,1,4,8,1,8
2018460310232,3,9,0,5,0,0,0,0,0,0,2,1,6,1,39,7,1598,1,19,6,1,6
2018460310250,1,9,0,7,0,0,0,0,0,0,3,1,6,2,84,11,-1,-1,-1,8,1,8
2018460310250,2,9,0,18,0,0,0,0,0,0,1,1,6,1,89,11,2685,2,14,9,1,9
2018460310250,3,9,0,4,0,0,0,0,0,0,1,1,6,1,80,11,1598,2,-1,9,1,9
2018460310274,1,19,0,13,0,2,0,0,0,0,4,1,6,1,38,7,2198,2,11,4,1,4
2018460310274,2,9,0,18,0,2,0,0,0,0,3,1,6,1,48,8,898,1,1,4,1,4
2018460310277,1,19,0,18,0,0,0,0,0,0,1,1,2,1,27,6,2198,2,3,5,3,5
2018460310277,2,9,0,18,0,0,5,0,1,0,1,1,6,2,43,7,1248,1,9,7,2,7
2018460310277,3,9,0,18,0,0,0,0,0,0,0,1,6,2,25,5,1198,1,10,2,1,2
2018460310377,1,9,0,18,0,0,1,11,1,0,1,1,6,1,30,6,1798,1,14,8,3,8
2018460310416,1,19,0,9,0,3,0,0,0,0,1,1,6,1,48,8,-1,-1,-1,-1,-1,-1
2018460310416,2,9,0,18,0,3,1,0,0,0,4,1,6,2,53,8,-1,-1,-1,3,1,3
2018460310447,1,9,0,18,0,0,0,11,0,0,4,1,6,3,-1,-1,-1,-1,-1,-1,-1,-1
2018460310458,1,9,0,2,0,0,0,4,0,0,1,1,6,2,53,8,1198,1,3,4,1,4
2018460310458,2,9,0,2,0,0,0,0,0,0,4,1,6,3,-1,-1,2148,2,13,-1,-1,-1
2018460310458,3,9,0,2,0,0,0,4,0,0,1,1,6,3,-1,-1,1686,2,3,-1,-1,-1
2018460310458,4,9,0,2,0,0,0,0,0,0,1,1,6,3,-1,-1,998,1,4,-1,-1,-1
2018460310476,1,9,0,9,9,1,0,4,0,0,1,1,6,2,88,11,998,1,3,7,1,7
2018460310476,2,9,0,2,9,1,0,0,0,0,2,1,6,3,-1,-1,1560,2,9,-1,-1,-1
2018460310476,3,9,0,2,9,1,0,0,0,0,2,1,6,3,-1,-1,1396,2,4,-1,-1,-1
2018460310500,1,3,0,18,0,0,5,11,1,1,1,1,6,1,44,7,125,1,3,1,1,1
2018460310527,1,9,0,14,0,0,0,0,0,0,1,1,6,2,45,7,999,1,6,6,1,6
2018460310527,2,9,0,4,0,0,0,0,0,0,2,1,6,1,31,6,1388,1,13,5,3,5
2018460310527,3,9,0,4,0,0,0,0,0,0,2,1,6,1,46,8,-1,-1,-1,1,2,1
2018460310536,1,9,0,13,0,0,0,0,0,0,3,1,5,1,41,7,1395,8,-1,2,1,2
2018460310536,2,5,0,12,0,0,0,0,0,0,4,1,1,2,21,5,883,1,3,5,1,5
2018460310702,1,98,1,11,0,0,0,0,0,0,4,1,6,1,45,7,-1,-1,-1,-1,-1,-1
2018460310702,2,9,0,18,0,0,1,0,1,0,3,1,6,2,53,8,1599,1,15,5,3,5
2018460310725,1,21,1,18,0,0,0,0,0,0,1,1,1,1,58,9,12740,2,2,-1,-1,-1
2018460310725,2,21,1,2,0,0,0,0,0,0,2,1,1,1,59,9,12740,2,6,6,2,6
2018460310747,1,98,1,18,0,0,0,0,0,0,3,1,1,1,37,7,-1,-1,-1,-1,-1,-1
2018460310747,2,9,0,18,0,0,0,0,0,0,4,1,5,1,62,9,1560,2,5,1,3,1
2018460310769,1,9,0,5,0,0,0,0,0,0,1,1,6,1,65,9,1896,2,12,5,1,5
2018460310769,2,9,0,2,0,0,0,0,0,0,2,1,6,1,48,8,-1,-1,-1,1,1,1
2018460310769,3,9,0,2,0,0,0,0,0,0,1,1,6,1,55,8,-1,-1,-1,1,1,1
2018460310770,1,9,0,17,0,0,1,0,1,0,2,1,6,1,57,9,998,1,10,10,1,10
2018460310785,1,9,0,9,0,5,0,0,0,0,1,1,6,1,27,6,999,1,3,6,3,6
2018460310785,2,9,0,18,0,1,0,0,0,0,4,1,6,2,27,6,995,1,13,6,1,6
2018460310816,1,9,0,18,0,0,0,0,0,0,1,1,6,2,31,6,-1,-1,-1,7,2,7
2018460310816,2,9,0,18,0,0,0,0,0,0,0,1,6,2,54,8,1598,1,6,4,2,4
2018460310845,1,9,0,18,0,0,0,0,0,0,1,1,6,1,84,11,1956,2,3,6,1,6
2018460310845,2,9,0,2,0,0,0,0,0,0,2,1,6,3,-1,-1,1560,2,11,-1,-1,-1
2018460310845,3,9,0,2,0,0,0,0,0,0,2,1,6,3,-1,-1,1686,2,5,-1,-1,-1
2018460310869,1,19,0,12,0,1,0,0,0,0,1,1,1,1,43,7,-1,-1,-1,-1,-1,-1
2018460310869,2,9,0,13,0,1,1,0,0,0,2,1,6,1,60,9,-1,-1,-1,6,1,6
2018460310890,1,9,0,10,0,6,0,0,0,0,3,1,6,2,37,7,1461,2,2,8,3,8
2018460310890,2,9,0,18,0,1,0,0,0,0,4,1,6,2,43,7,1587,1,17,10,2,10
2018460310903,1,9,0,18,0,0,0,0,0,0,1,1,6,3,-1,-1,-1,-1,-1,-1,-1,-1
2018460310920,1,9,0,4,0,0,0,0,0,0,4,1,6,1,35,6,1596,1,14,9,1,9
2018460310943,1,21,0,18,0,0,0,0,0,0,4,1,1,1,56,9,5193,2,11,6,3,6
2018460310943,2,1,0,18,0,0,5,0,0,0,3,1,6,1,62,9,-1,-1,-1,9,1,9
2018460310943,3,9,0,18,0,0,0,0,0,0,0,1,6,1,22,5,1388,1,11,6,3,6
2018460310958,1,9,0,18,0,0,0,0,0,0,1,1,6,2,33,6,1995,2,4,5,1,5
2018460310958,2,9,0,13,0,0,0,0,0,0,3,1,6,1,42,7,-1,-1,-1,7,1,7
2018460311063,1,3,0,18,0,4,1,0,0,0,0,1,6,1,26,6,124,1,1,4,1,4
2018460311147,1,9,0,18,0,0,0,0,0,0,1,1,6,2,58,9,1498,1,-1,-1,-1,-1
2018460311147,2,9,0,2,0,0,0,0,0,0,2,1,3,2,64,9,1368,1,9,9,2,9
2018460311147,3,9,0,2,0,0,0,0,0,0,2,1,3,2,40,7,1956,2,5,2,2,2
2018460311204,1,19,0,16,0,0,0,0,1,0,1,1,6,1,32,6,1753,2,10,2,1,2
2018460311204,2,9,0,18,0,0,0,0,0,0,1,1,6,2,50,8,1422,2,10,7,3,7
2018460311204,3,9,0,18,0,0,0,0,1,0,1,1,6,2,55,8,1586,1,11,7,2,7
2018460311326,1,9,0,18,0,0,0,0,0,0,1,1,6,3,-1,-1,1895,1,18,-1,-1,-1
2018460311326,2,9,0,4,0,0,0,0,0,0,2,1,2,1,53,8,1598,1,6,5,1,5
2018460311330,1,9,0,11,0,0,0,0,0,0,1,1,6,2,-1,-1,1242,1,6,10,3,10
2018460311330,2,9,0,11,0,0,0,0,0,0,2,1,6,1,-1,-1,-1,-1,-1,7,3,7
2018460311330,3,9,0,11,0,0,0,0,0,0,2,1,6,3,-1,-1,-1,-1,-1,-1,-1,-1
2018460311342,1,19,0,2,0,0,0,0,0,0,2,1,6,1,34,6,1248,2,12,2,1,2
2018460311342,2,9,0,18,0,0,0,0,0,0,1,1,2,1,33,6,1968,2,14,6,3,6
2018460311351,1,9,0,18,0,8,0,0,0,0,1,1,2,2,36,7,1685,2,1,7,3,7
2018460311351,2,1,0,18,0,6,0,0,0,0,1,1,2,1,19,4,-1,-1,-1,5,3,5