Accident_Index,Vehicle_Reference,Vehicle_Type,Towing_and_Articulation,Vehicle_Manoeuvre,Vehicle_Location-Restricted_Lane,Junction_Location,Skidding_and_Overturning,Hit_Object_in_Carriageway,Vehicle_Leaving_Carriageway,Hit_Object_off_Carriageway,1st_Point_of_Impact,Was_Vehicle_Left_Hand_Drive?,Journey_Purpose_of_Driver,Sex_of_Driver,Age_of_Driver,Age_Band_of_Driver,Engine_Capacity_(CC),Propulsion_Code,Age_of_Vehicle,Driver_IMD_Decile,Driver_Home_Area_Type,Vehicle_IMD_Decile
2018460311352,1,9,0,9,0,6,0,0,0,0,1,1,2,2,-1,-1,1798,1,14,-1,-1,-1
2018460311352,2,1,0,18,0,6,0,0,0,0,1,1,2,1,17,4,-1,-1,-1,2,1,2
2018460311364,1,9,0,18,0,0,0,0,0,0,1,1,6,2,37,7,1229,1,4,4,1,4
2018460311364,2,9,0,18,0,0,0,0,0,0,2,1,6,1,37,7,1997,2,4,9,2,9
2018460311375,1,10,0,18,0,0,0,0,0,0,1,1,1,1,40,7,-1,-1,-1,1,3,1
2018460311375,2,9,0,2,0,0,0,0,0,0,2,1,6,2,42,7,1560,2,9,7,1,7
2018460311375,3,9,0,2,0,0,0,0,0,0,2,1,1,2,57,9,998,1,2,1,3,1
2018460311379,1,9,0,6,0,0,0,0,0,0,3,1,6,2,32,6,1995,2,4,7,3,7
2018460311379,2,9,0,13,0,0,0,0,0,0,1,1,6,1,61,9,-1,-1,-1,4,1,4
2018460311381,1,9,0,11,0,0,0,0,0,0,0,1,6,3,-1,-1,-1,-1,-1,-1,-1,-1
2018460311381,2,9,0,18,0,0,1,0,0,0,4,1,2,1,29,6,1390,1,11,10,1,10
2018460311398,1,11,0,2,0,0,0,0,0,0,0,1,1,1,61,9,6692,2,7,7,3,7
2018460311401,1,2,0,18,0,0,1,0,0,0,1,1,4,1,16,4,50,1,12,7,3,7
2018460311401,2,22,0,18,0,0,0,0,0,0,1,1,6,1,82,11,-1,-1,-1,3,1,3
2018460311413,1,9,0,9,0,1,0,0,0,0,1,1,6,1,51,8,-1,-1,-1,2,1,2
2018460311413,2,9,0,18,0,1,0,0,0,0,1,1,6,1,45,7,-1,-1,-1,4,3,4
2018460311416,1,9,0,18,0,5,0,0,0,0,1,1,6,3,-1,-1,1461,2,-1,-1,-1,-1
2018460311416,2,9,0,18,0,5,0,0,0,0,2,1,1,1,37,7,-1,-1,-1,-1,-1,-1
2018460311426,1,19,0,5,0,0,0,4,0,0,2,1,1,1,37,7,2287,2,2,7,3,7
2018460311429,1,9,0,4,0,0,0,0,0,0,1,1,6,2,42,7,1796,1,14,5,1,5
2018460311429,2,9,0,4,0,0,0,0,0,0,2,1,1,1,33,6,1598,2,1,-1,-1,-1
2018460311435,1,9,0,18,0,0,0,0,0,0,1,1,6,2,82,11,1229,1,13,9,1,9
2018460311435,2,19,0,18,0,0,0,0,0,0,3,1,6,1,23,5,1560,2,4,7,1,7
2018460311436,1,9,0,18,0,0,0,0,0,0,1,1,6,1,28,6,1364,1,12,7,2,7
2018460311436,2,9,0,4,0,0,0,0,0,0,2,1,6,2,50,8,1781,1,12,6,3,6
2018460311436,3,9,0,4,0,0,0,0,0,0,2,1,6,1,36,7,1299,1,16,3,1,3
2018460311436,4,9,0,4,0,0,0,0,0,0,2,1,6,1,18,4,998,1,13,-1,-1,-1
2018460311436,5,9,0,18,0,0,0,0,0,0,0,1,6,2,37,7,1496,2,3,4,1,4
2018460311446,1,9,0,18,0,1,0,0,0,0,1,1,6,3,-1,-1,2143,2,4,-1,-1,-1
2018460311459,1,9,0,18,0,0,0,0,0,0,1,1,6,2,23,5,1388,1,11,5,2,5
2018460311515,1,9,0,18,0,0,0,0,1,9,1,1,6,1,70,10,1598,1,3,8,1,8
2018460311522,1,9,0,18,0,0,0,0,0,0,1,1,6,2,37,7,999,1,3,1,1,1
2018460311522,2,9,0,18,0,0,0,0,0,0,2,1,6,3,-1,-1,1968,2,5,-1,-1,-1
2018460311542,1,9,0,9,0,7,0,0,0,0,1,1,6,2,60,9,1242,1,8,6,3,6
2018460311542,2,9,0,11,0,1,0,0,0,0,4,1,6,2,29,6,1364,1,9,6,1,6
2018460311578,1,9,0,9,0,8,0,0,0,0,3,1,6,1,-1,-1,2393,2,1,5,2,5
2018460311578,2,1,0,18,0,8,0,0,0,0,4,1,6,1,30,6,-1,-1,-1,10,1,10
2018460311587,1,9,0,17,0,8,0,0,0,0,3,1,5,1,56,9,-1,-1,-1,-1,-1,-1
2018460311587,2,9,0,16,0,8,0,0,0,0,4,1,5,1,68,10,1597,1,10,3,-1,3
2018460311603,1,9,0,4,0,1,0,0,0,0,1,1,6,1,30,6,1798,1,4,3,1,3
2018460311603,2,9,0,18,0,1,0,0,0,0,2,1,6,1,69,10,1685,2,3,8,2,8
2018460311604,1,9,0,18,0,0,0,0,0,0,3,1,6,1,55,8,1796,2,6,7,3,7
2018460311604,2,9,0,18,0,0,0,0,0,0,4,1,6,2,47,8,1951,2,14,5,1,5
2018460311623,1,9,0,5,0,2,0,0,0,0,1,1,5,2,32,6,1685,2,2,6,1,6
2018460311623,2,4,0,10,0,2,0,0,0,0,2,1,5,1,55,8,399,1,16,6,1,6
2018460311636,1,9,0,18,0,0,0,0,0,0,1,1,6,1,28,6,2148,2,17,10,1,10
2018460311636,2,9,0,18,0,0,0,0,0,0,2,1,6,1,38,7,1796,1,13,2,1,2
2018460311645,1,90,0,18,0,0,0,0,0,0,1,1,6,1,17,4,-1,-1,-1,3,1,3
2018460311645,2,9,0,7,0,0,0,0,0,0,4,1,1,2,53,8,1798,1,14,4,1,4
2018460311652,1,9,0,7,0,1,0,0,0,0,1,1,6,2,28,6,1329,1,8,3,2,3
2018460311652,2,1,0,4,0,1,0,0,0,0,3,1,1,1,14,3,-1,-1,-1,3,1,3
2018460311689,1,9,0,18,0,0,0,0,0,0,1,1,2,1,65,9,1398,1,5,8,1,8
2018460311689,2,21,4,2,0,0,0,0,0,0,2,1,1,1,56,9,9200,2,16,2,1,2
2018460311693,1,1,0,9,0,0,0,0,0,0,1,1,6,1,14,3,-1,-1,-1,4,3,4
2018460311693,2,9,0,5,0,0,0,0,0,0,2,1,2,1,54,8,1998,1,15,3,1,3
2018460311697,1,9,0,9,0,1,0,0,0,0,1,1,6,1,56,9,1598,1,12,2,1,2
2018460311697,2,4,0,18,0,1,0,0,0,0,1,1,6,1,60,9,599,1,18,6,3,6
2018460311698,1,9,0,18,0,6,0,0,0,0,1,1,6,1,60,9,1968,2,5,7,2,7
2018460311698,2,3,0,18,0,1,0,0,0,0,1,1,6,1,60,9,124,1,6,2,1,2
2018460311701,1,9,0,16,0,0,0,0,1,0,3,1,2,1,24,5,1368,1,12,7,3,7
2018460311701,2,9,0,17,0,0,0,0,1,0,4,1,6,1,49,8,-1,-1,-1,5,3,5
2018460311708,1,9,0,18,0,0,1,0,4,0,1,1,6,1,19,4,1229,1,5,4,1,4
2018460311708,2,9,0,4,0,0,0,0,0,0,2,1,2,2,65,9,1329,1,2,7,2,7
2018460311723,1,9,0,18,0,0,5,0,1,0,0,1,6,1,20,4,1599,1,15,2,1,2
2018460311727,1,9,0,11,0,5,1,0,0,0,0,1,6,1,48,8,1560,2,3,2,1,2
2018460311727,2,9,0,12,0,5,0,0,0,0,1,1,6,2,19,4,-1,-1,-1,3,1,3
2018460311732,1,9,0,18,0,1,0,0,0,0,1,1,1,1,52,8,1798,8,3,6,1,6
2018460311742,1,5,0,18,0,0,2,0,0,0,0,1,6,1,34,6,998,1,14,4,2,4
2018460311771,1,98,0,1,9,0,0,0,0,0,3,1,1,1,58,9,-1,-1,-1,7,1,7
2018460311802,1,5,0,17,0,0,5,0,1,11,1,1,6,1,58,9,1200,1,25,8,1,8
2018460311810,1,9,0,18,0,1,0,0,0,0,1,1,5,1,55,8,1995,2,13,2,1,2
2018460311810,2,97,0,4,0,1,0,0,0,0,2,1,5,1,52,8,-1,-1,-1,1,1,1
2018460311836,1,9,0,14,0,0,0,0,0,0,1,1,5,1,18,4,999,1,-1,10,1,10
2018460311836,2,9,0,18,0,0,5,10,0,0,3,1,5,1,75,10,1461,2,-1,6,2,6
2018460311836,3,9,0,18,0,0,0,0,0,0,1,1,5,1,22,5,1968,2,4,6,2,6
2018460311862,1,9,0,18,0,0,0,0,0,0,1,1,5,1,42,7,1388,1,7,4,1,4
2018460311862,2,9,0,3,0,0,0,0,0,0,2,1,5,2,19,4,998,1,9,5,1,5
2018460311862,3,9,0,3,0,0,0,0,0,0,2,1,5,2,30,6,1995,2,7,6,3,6
2018460311870,1,11,0,2,0,1,0,0,0,0,0,1,1,2,43,7,3900,2,14,4,2,4
2018460311887,1,9,0,1,0,6,0,0,0,0,2,1,1,1,26,6,-1,-1,-1,7,1,7
2018460311887,2,9,0,18,0,8,0,0,0,0,1,1,6,2,59,9,1360,1,6,1,1,1
2018460311887,3,9,0,2,0,8,0,4,0,0,3,1,6,1,53,8,1796,1,14,6,3,6
2018460311887,4,9,0,2,0,8,0,4,0,0,2,1,6,1,36,7,1968,2,12,1,1,1
2018460311889,1,9,0,18,0,1,0,0,0,0,1,1,2,1,41,7,1461,2,1,3,1,3
2018460311889,2,9,0,18,0,2,0,0,0,0,1,1,2,1,49,8,1950,2,-1,10,1,10
2018460311891,1,9,0,18,0,0,2,0,0,0,4,1,6,1,64,9,1596,1,11,4,1,4
2018460311919,1,9,0,18,0,0,0,0,0,0,4,1,6,1,23,5,1968,2,8,7,1,7
2018460311919,2,1,0,18,0,0,0,0,0,0,4,1,6,2,10,2,-1,-1,-1,3,1,3
2018460311925,1,9,0,14,0,0,0,0,0,0,1,1,5,1,51,8,998,1,1,5,1,5
2018460311925,2,9,0,15,0,0,0,0,0,0,1,1,5,1,24,5,1796,1,19,5,1,5
2018460312143,1,98,1,11,0,0,0,0,0,0,1,1,1,1,48,8,-1,-1,-1,-1,-1,-1
2018460312143,2,9,0,18,0,0,1,0,1,0,2,1,5,2,33,6,1995,2,15,10,1,10
2018460312273,1,9,0,18,0,0,0,0,2,7,1,1,6,1,50,8,1299,1,14,4,1,4
2018460312279,1,97,0,18,0,1,0,0,0,0,1,1,6,3,37,7,-1,-1,-1,-1,-1,-1
2018460312321,1,9,0,18,0,2,0,4,0,0,1,1,6,2,26,6,1596,1,14,4,1,4
2018460312321,2,9,0,2,0,1,0,0,1,11,4,1,6,3,-1,-1,1796,1,11,-1,-1,-1
2018460312346,1,9,0,9,0,6,0,0,0,0,3,1,6,2,47,8,1984,1,8,7,3,7
2018460312346,2,3,0,18,0,1,0,0,0,0,1,1,6,1,22,5,124,1,8,8,1,8
2018460312392,1,9,0,18,0,0,2,0,0,0,1,1,6,1,23,5,1390,1,11,9,1,9
2018460312392,2,9,0,2,0,0,2,0,0,0,3,1,6,2,-1,-1,-1,-1,-1,3,1,3
2018460312392,3,9,0,2,0,0,2,0,0,0,3,1,6,1,-1,-1,1461,2,4,8,1,8
2018460312392,4,9,0,2,0,0,2,0,0,0,3,1,6,2,-1,-1,998,1,3,3,1,3
2018460312392,5,9,0,2,0,0,0,0,0,0,4,1,6,2,-1,-1,1995,2,8,3,1,3
2018460312407,1,9,0,5,0,0,0,0,0,0,4,1,6,1,58,9,2993,2,9,10,2,10
2018460312446,1,9,0,18,0,0,0,0,0,0,4,1,6,2,30,6,1360,1,13,3,1,3
2018460312448,1,9,0,18,0,3,1,10,7,0,-1,1,6,1,17,4,1461,2,-1,3,1,3
2018460312448,2,9,0,18,0,1,0,0,0,0,1,1,6,2,31,6,998,1,3,2,1,2
2018460312448,3,9,0,-1,-1,-1,-1,-1,-1,0,-1,1,6,2,26,6,1398,1,2,-1,-1,-1
2018460312512,1,9,0,18,0,0,0,0,0,0,0,1,6,1,38,7,1991,1,3,5,1,5
2018460312514,1,9,0,9,0,8,0,0,0,0,3,1,6,1,19,4,1124,1,16,5,2,5
2018460312514,2,9,0,18,0,1,0,0,0,0,1,1,6,2,52,8,999,1,2,7,1,7
2018460312515,1,9,0,9,0,1,0,0,0,0,1,1,6,1,84,11,1905,2,23,4,3,4
2018460312515,2,3,0,18,0,8,0,0,0,0,1,1,2,1,-1,-1,125,1,8,7,2,7
2018460312530,1,9,0,18,0,1,2,0,0,0,0,1,6,1,-1,-1,-1,-1,-1,-1,-1,-1
2018460312532,1,9,0,18,0,1,0,0,0,0,1,1,6,1,37,7,1798,8,-1,4,1,4
2018460312532,2,9,0,18,0,1,0,0,0,0,2,1,6,2,46,8,1364,1,12,5,1,5
2018460312534,1,9,0,18,0,0,0,0,0,0,1,1,6,1,43,7,1968,2,14,6,1,6
2018460312534,2,9,0,3,0,0,0,0,0,0,2,1,6,2,50,8,1248,2,5,10,1,10
2018460312534,3,9,0,3,0,0,0,0,0,0,2,1,6,2,53,8,-1,-1,-1,5,2,5
2018460312556,1,9,0,18,0,0,0,0,0,0,1,1,6,1,25,5,1956,2,4,2,1,2
2018460312584,1,9,0,18,0,0,0,2,0,0,1,1,6,2,61,9,999,1,4,5,3,5
2018460312648,1,21,0,17,0,0,0,0,0,0,3,1,1,1,54,8,4500,2,1,4,1,4
2018460312648,2,1,0,16,0,0,0,0,0,0,1,1,6,1,57,9,-1,-1,-1,5,1,5
2018460312648,3,1,0,16,0,0,0,0,0,0,1,1,6,1,51,8,-1,-1,-1,3,1,3
2018460312648,4,1,0,16,0,0,0,0,0,0,1,1,6,1,48,8,-1,-1,-1,10,1,10
2018460312648,5,1,0,16,0,0,0,0,0,0,1,1,6,1,46,8,-1,-1,-1,3,-1,3
2018460312669,1,9,0,9,0,1,0,0,0,0,0,1,6,1,26,6,1686,2,7,3,1,3
2018460312669,2,9,0,4,0,1,0,0,0,0,2,1,2,1,35,6,1364,1,9,3,1,3
2018460312669,3,9,0,4,0,1,0,0,0,0,1,1,2,1,22,5,1229,1,10,6,1,6
2018460312700,1,19,0,9,0,1,0,0,0,0,1,1,6,1,30,6,1968,2,3,2,1,2
2018460312700,2,9,0,3,0,1,0,0,0,0,2,1,5,1,31,6,698,1,13,2,1,2
2018460312707,1,5,0,9,0,0,0,0,0,0,0,1,6,1,60,9,998,1,11,7,1,7
2018460312726,1,21,0,12,0,8,0,0,0,0,4,1,1,1,50,8,10837,2,1,1,1,1
2018460312726,2,9,0,18,0,2,0,0,0,0,1,1,5,2,30,6,1498,1,7,2,1,2
2018460312731,1,9,0,18,0,1,0,0,0,0,1,1,6,2,36,7,1600,1,13,1,1,1
2018460312738,1,19,0,18,0,0,0,0,0,0,1,1,6,1,35,6,2461,2,8,1,1,1
2018460312738,2,9,0,18,0,0,0,0,0,0,4,1,6,1,42,7,-1,-1,-1,7,1,7
2018460312738,3,9,0,4,0,0,0,0,1,0,2,1,6,1,42,7,1950,2,2,8,1,8
2018460312738,4,98,1,4,0,0,0,0,0,0,3,1,1,1,62,9,-1,-1,-1,-1,-1,-1
2018460312738,5,9,0,4,0,0,0,0,0,0,4,1,6,1,43,7,1499,2,4,9,1,9
2018460312740,1,9,0,1,0,0,0,0,0,0,1,1,6,1,78,11,1596,1,3,10,1,10
2018460312740,2,9,0,2,0,0,0,0,0,0,2,1,6,1,-1,-1,2685,2,16,2,2,2
2018460312740,3,9,0,2,0,0,0,0,0,0,1,1,6,1,-1,-1,-1,-1,-1,4,2,4
2018460312743,1,19,0,18,0,1,0,0,0,0,1,1,6,1,-1,-1,2300,2,13,-1,-1,-1
2018460312743,2,9,0,3,0,1,0,0,0,0,2,1,5,1,21,5,1797,8,8,3,1,3
2018460312743,3,9,0,3,0,1,0,0,0,0,2,1,5,1,58,9,1560,2,6,3,1,3
2018460312743,4,9,0,3,0,1,0,0,0,0,2,1,5,2,40,7,1598,1,14,1,1,1
2018460312746,1,9,0,10,0,1,0,12,0,0,4,1,6,2,32,6,1248,1,3,9,1,9
2018460312746,2,9,0,18,0,1,0,12,0,0,1,1,6,2,18,4,1560,2,3,9,3,9
2018460312752,1,9,0,12,0,0,0,0,0,0,0,1,6,1,52,8,1461,2,9,5,1,5
2018460312752,2,3,0,5,0,0,1,0,0,0,4,1,6,1,20,4,124,1,11,6,1,6
2018460312753,1,9,0,4,6,0,0,0,0,0,2,1,6,1,47,8,1797,8,4,5,1,5
2018460312753,2,9,0,4,6,0,0,0,0,0,2,1,6,1,56,9,1997,2,9,9,1,9
2018460312753,3,9,0,4,6,0,0,0,0,0,1,1,6,1,28,6,1596,1,13,4,1,4
2018460312753,4,9,0,4,6,0,0,0,0,0,2,1,6,1,27,6,1197,1,3,9,1,9
2018460312753,5,9,0,4,0,0,0,0,0,0,1,1,6,1,-1,-1,1398,1,6,10,1,10
2018460312769,1,9,0,16,0,5,0,0,0,0,1,1,6,2,39,7,1461,2,8,5,1,5
2018460312771,1,21,1,5,0,4,0,0,0,0,3,1,1,1,36,7,12130,2,13,4,1,4
2018460312771,2,1,0,9,0,8,0,0,0,0,1,1,6,1,59,9,-1,-1,-1,7,1,7
2018460312798,1,5,0,15,0,0,0,0,0,0,1,1,2,1,61,9,892,1,23,7,1,7
2018460312798,2,98,0,11,0,0,0,0,0,0,2,1,2,1,26,6,-1,-1,-1,5,1,5
2018460312856,1,9,0,14,0,0,0,0,0,0,1,1,6,2,40,7,1388,1,15,1,1,1
2018460312856,2,9,0,10,0,0,0,0,0,0,3,1,6,2,41,7,2143,2,2,7,3,7
2018460312858,1,9,0,9,0,6,0,0,0,0,1,1,6,2,42,7,1598,1,7,9,1,9
2018460312858,2,9,0,18,0,1,0,0,0,0,1,1,6,2,34,6,1560,2,1,10,1,10
2018460312862,1,9,0,18,0,0,0,0,0,0,1,1,6,2,18,4,1198,1,11,3,1,3
2018460312864,1,9,0,1,0,8,0,0,0,0,1,1,6,1,53,8,1591,1,3,9,1,9
2018460312864,2,3,0,1,0,8,0,0,0,0,1,1,6,1,45,7,653,1,43,7,1,7
2018460312878,1,21,0,18,0,0,0,0,1,0,1,2,2,1,60,9,5880,2,11,1,2,1
2018460312878,2,21,1,18,0,0,0,0,0,0,2,1,1,1,30,6,12809,2,3,8,1,8
2018460313178,1,9,0,18,0,0,5,0,1,0,3,1,6,2,-1,-1,1598,1,10,-1,-1,-1
2018460313178,2,9,0,18,0,0,0,0,0,0,3,1,1,2,30,6,1389,1,16,7,1,7
2018460313200,1,9,0,18,0,2,0,0,0,0,1,1,3,2,43,7,1598,1,16,2,1,2
2018460313200,2,9,0,6,0,2,0,0,0,0,3,1,3,2,41,7,1995,1,12,5,1,5
2018460313209,1,9,0,18,0,0,0,0,0,0,1,1,6,2,36,7,1795,1,16,1,1,1
2018460313209,2,9,0,10,0,0,0,0,0,0,2,1,6,2,27,6,1242,1,7,5,1,5
2018460313224,1,9,0,5,0,0,0,0,0,0,1,1,2,2,50,8,1560,2,7,3,1,3
2018460313224,2,9,0,18,0,0,0,0,0,0,4,1,6,2,59,9,1598,1,6,3,1,3
2018460313238,1,9,0,18,0,0,0,0,0,0,1,1,6,1,64,9,1796,1,11,8,2,8
2018460313238,2,9,0,18,0,0,0,0,0,0,2,1,6,2,49,8,-1,-1,-1,7,1,7
2018460313241,1,9,0,18,0,1,0,0,0,0,0,1,6,1,-1,-1,-1,-1,-1,-1,-1,-1
2018460313241,2,11,0,18,0,1,0,0,0,0,0,1,1,1,34,6,4461,2,3,9,1,9
2018460313303,1,9,0,9,0,1,0,0,0,0,1,1,6,1,25,5,1900,2,18,3,1,3
2018460313303,2,9,0,10,0,1,0,0,0,0,3,1,6,1,37,7,-1,-1,-1,9,1,9
2018460313321,1,9,0,2,0,0,0,4,1,0,4,1,6,3,-1,-1,1798,1,7,-1,-1,-1
2018460313321,2,9,0,2,0,0,0,0,0,0,3,1,6,3,-1,-1,1242,1,5,-1,-1,-1
2018460313327,1,9,0,17,0,0,5,0,1,2,4,1,6,1,62,9,1339,1,16,4,2,4
2018460313328,1,98,0,17,0,0,5,0,1,0,0,1,6,1,20,4,-1,-1,-1,8,2,8
2018460313342,1,5,0,18,0,0,0,0,1,0,4,1,6,1,50,8,1340,1,8,5,3,5
2018460313357,1,9,0,18,0,1,0,0,0,0,1,1,6,2,59,9,1388,1,16,8,2,8
2018460313357,2,9,0,10,0,1,0,0,0,0,2,1,6,2,31,6,1499,2,2,1,1,1
2018460313363,1,9,0,4,0,0,0,0,0,0,0,1,6,2,28,6,1956,2,5,5,3,5
2018460313373,1,9,0,9,0,1,0,0,0,0,4,1,6,1,45,7,1685,2,5,6,1,6
2018460313373,2,1,0,18,0,1,2,0,0,0,1,1,6,1,43,7,-1,-1,-1,6,1,6
2018460313425,1,9,0,9,0,6,0,0,0,0,4,1,6,1,-1,-1,-1,-1,-1,6,1,6
2018460313425,2,9,0,18,0,1,0,0,0,0,4,1,6,2,71,10,1995,2,12,5,2,5
2018460313432,1,9,0,13,0,1,0,0,0,0,4,1,1,1,64,9,1461,2,1,4,1,4
2018460313432,2,1,0,9,0,1,0,0,0,0,3,1,1,1,17,4,-1,-1,-1,2,1,2
2018460313436,1,9,0,18,0,1,0,0,0,0,3,1,6,1,18,4,1242,1,8,7,1,7
2018460313436,2,9,0,10,0,1,0,0,0,0,3,1,6,2,35,6,1991,8,2,10,1,10
2018460313444,1,9,0,18,0,0,0,0,0,0,4,1,6,3,-1,-1,-1,-1,-1,-1,-1,-1
2018460313450,1,9,0,18,0,0,0,0,0,0,3,1,6,3,-1,-1,-1,-1,-1,-1,-1,-1
2018460313450,2,1,0,18,0,0,0,0,0,0,1,1,4,1,10,2,-1,-1,-1,8,1,8
2018460313462,1,5,0,18,0,0,0,0,0,0,1,1,6,1,58,9,1170,1,2,9,3,9
2018460313462,2,9,0,9,0,0,0,0,0,0,1,1,6,2,55,8,1086,1,12,9,1,9
2018460313465,1,9,0,18,0,6,0,0,0,0,1,1,6,1,-1,-1,1796,1,7,5,3,5
2018460313465,2,9,0,18,0,8,0,0,0,0,4,1,6,1,76,11,1360,1,13,5,1,5
2018460313491,1,9,0,17,0,0,1,0,1,0,2,1,6,1,35,6,1396,1,14,2,1,2
2018460313511,1,9,0,18,0,0,0,0,0,0,4,1,6,1,37,7,-1,-1,-1,-1,-1,-1
2018460313516,1,9,0,15,0,3,0,0,0,0,0,1,1,1,46,8,-1,-1,-1,9,1,9
2018460313516,2,5,0,17,0,3,0,0,0,0,0,1,6,1,60,9,1200,1,10,6,2,6
2018460313522,1,9,0,1,0,6,0,0,0,0,2,1,5,2,72,10,1364,1,10,4,1,4
2018460313533,1,1,0,18,0,0,0,0,0,0,0,1,6,1,37,7,-1,-1,-1,7,1,7
2018460313533,2,9,0,18,0,0,0,0,0,0,0,1,6,1,63,9,999,1,1,-1,-1,-1
2018460313548,1,9,0,18,0,1,0,10,0,0,1,1,5,1,65,9,2148,2,15,9,1,9
2018460313548,2,9,0,4,0,1,0,0,0,0,2,1,5,1,47,8,1995,2,7,9,1,9
2018460313625,1,9,0,17,0,0,0,0,0,0,3,1,5,2,43,7,1597,2,3,10,1,10
2018460313625,2,5,0,13,0,0,1,0,0,0,4,1,6,1,32,6,749,1,10,-1,-1,-1
2018460313648,1,9,0,18,0,0,0,0,0,0,1,1,1,1,37,7,-1,-1,-1,-1,-1,-1
2018460313648,2,9,0,4,0,0,0,0,0,0,2,1,6,2,31,6,1998,1,5,4,1,4
2018460313649,1,19,0,15,0,0,0,0,0,0,1,1,1,1,45,7,2148,2,11,10,1,10
2018460313649,2,1,0,18,0,0,0,0,0,0,3,1,6,1,43,7,-1,-1,-1,8,1,8
2018460313650,1,19,0,3,0,0,0,0,0,0,1,1,1,1,24,5,2198,2,4,1,1,1
2018460313650,2,9,0,3,0,0,0,0,0,0,1,1,1,1,-1,-1,2993,2,2,-1,-1,-1
2018460313650,3,9,0,3,0,0,0,0,0,0,2,1,1,1,-1,-1,2993,2,1,-1,-1,-1
2018460313650,4,98,0,3,0,0,0,0,0,0,2,1,1,3,-1,-1,-1,-1,-1,-1,-1,-1
2018460313680,1,9,0,18,0,0,5,4,0,0,4,1,2,2,21,5,1360,1,8,9,1,9
2018460313680,2,9,0,2,0,0,0,4,0,0,3,1,6,3,-1,-1,1598,1,9,-1,-1,-1
2018460313680,3,9,0,2,0,0,0,0,0,0,2,1,6,3,-1,-1,1598,1,12,-1,-1,-1
2018460313683,1,9,0,9,0,6,0,0,0,0,1,1,1,1,30,6,-1,-1,-1,2,1,2
2018460313683,2,19,0,18,0,8,0,0,0,0,4,1,1,1,31,6,2198,2,3,8,1,8
2018460313687,1,9,0,14,0,0,0,0,0,0,1,1,1,1,46,8,1598,2,3,4,1,4
2018460313704,1,9,0,18,0,0,0,0,0,0,1,1,6,1,26,6,1686,2,11,9,1,9
2018460313704,2,98,1,18,0,0,0,0,0,0,4,1,6,1,50,8,-1,-1,-1,-1,-1,-1
2018460313708,1,9,0,18,0,8,0,0,1,0,1,1,6,2,25,5,1200,1,1,6,1,6
2018460313708,2,9,0,4,0,8,0,0,0,0,2,1,1,1,39,7,1422,2,10,1,1,1
2018460313727,1,9,0,9,0,2,0,0,0,0,1,1,5,1,20,4,1995,2,9,9,3,9
2018460313727,2,5,0,16,0,1,2,0,0,0,1,1,5,1,39,7,599,1,16,5,2,5
2018460313766,1,9,0,18,0,0,0,0,0,0,1,1,6,1,-1,-1,1461,2,6,-1,-1,-1
2018460313810,1,9,0,13,0,0,1,0,0,0,4,1,6,1,32,6,1598,1,12,2,1,2
2018460313810,2,9,0,18,0,0,1,0,0,0,3,1,6,1,37,7,2967,2,11,8,3,8
2018460313814,1,19,0,12,0,0,0,0,0,0,4,1,1,1,62,9,2143,2,2,3,1,3
2018460313814,2,9,0,18,0,0,1,0,0,0,2,1,2,1,51,8,1248,2,15,4,1,4
2018460313849,1,9,0,1,0,0,0,4,0,0,2,1,1,1,56,9,-1,-1,-1,3,1,3
2018460313849,2,9,0,2,0,0,0,0,0,0,4,1,6,2,29,6,1699,1,13,2,1,2
2018460314023,1,9,0,16,0,0,0,0,2,0,1,1,6,1,-1,-1,1991,1,2,-1,-1,-1
2018460314059,1,9,0,5,0,6,0,0,0,0,0,1,6,3,37,7,-1,-1,-1,-1,-1,-1
2018460314059,2,21,0,4,0,7,0,0,0,0,2,1,1,1,37,7,6370,2,11,1,2,1
2018460314059,3,19,0,4,0,7,0,0,0,0,2,1,1,1,47,8,2198,2,5,5,2,5
2018460314059,4,21,0,4,0,7,0,0,0,0,1,1,1,1,51,8,4462,2,5,-1,-1,-1
2018460314063,1,9,0,4,0,0,0,0,0,0,1,1,6,2,74,10,1386,1,7,9,2,9
2018460314063,2,19,0,4,0,0,0,0,0,0,2,1,1,1,-1,-1,1560,2,1,1,1,1
2018460314094,1,9,0,17,0,1,0,0,2,0,4,1,6,2,27,6,1498,1,-1,4,3,4
2018460314106,1,1,0,18,0,0,0,0,0,0,3,1,6,1,15,3,-1,-1,-1,9,2,9
2018460314106,2,9,0,13,0,0,0,0,0,0,4,1,2,2,37,7,999,1,4,7,1,7
2018460314113,1,9,0,18,0,1,0,0,3,0,3,1,6,3,-1,-1,-1,-1,-1,-1,-1,-1
2018460314113,2,9,0,18,0,1,0,0,3,0,4,1,6,2,-1,-1,2148,2,9,-1,-1,-1
2018460314125,1,9,0,16,0,1,5,0,7,0,1,1,2,2,72,10,1600,1,13,5,1,5
2018460314140,1,9,0,18,0,2,0,0,0,0,1,1,6,1,78,11,1598,2,3,5,1,5
2018460314141,1,9,0,18,0,0,0,0,0,0,1,1,6,1,19,4,1995,2,8,8,1,8
2018460314141,2,19,0,2,0,0,0,4,0,0,0,1,6,3,-1,-1,1499,2,1,-1,-1,-1