Accident_Index,Vehicle_Reference,Vehicle_Type,Towing_and_Articulation,Vehicle_Manoeuvre,Vehicle_Location-Restricted_Lane,Junction_Location,Skidding_and_Overturning,Hit_Object_in_Carriageway,Vehicle_Leaving_Carriageway,Hit_Object_off_Carriageway,1st_Point_of_Impact,Was_Vehicle_Left_Hand_Drive?,Journey_Purpose_of_Driver,Sex_of_Driver,Age_of_Driver,Age_Band_of_Driver,Engine_Capacity_(CC),Propulsion_Code,Age_of_Vehicle,Driver_IMD_Decile,Driver_Home_Area_Type,Vehicle_IMD_Decile
2018460316311,2,9,0,17,0,0,0,0,0,0,3,1,6,1,28,6,2143,2,5,4,1,4
2018460316311,3,3,0,16,0,0,1,0,0,0,1,1,6,2,20,4,125,1,2,2,2,2
2018460316323,1,9,0,18,0,0,0,0,0,0,1,1,6,1,38,7,1995,2,6,9,1,9
2018460316323,2,9,0,2,0,0,0,0,0,0,2,1,6,1,40,7,-1,-1,-1,10,1,10
2018460316323,3,9,0,2,0,0,0,0,0,0,2,1,6,1,72,10,1198,1,4,4,1,4
2018460316323,4,9,0,2,0,0,0,0,0,0,2,1,6,1,60,9,1598,1,15,4,1,4
2018460316323,5,9,0,2,0,0,0,0,0,0,2,1,6,1,50,8,1248,1,4,4,1,4
2018460316330,1,9,0,18,0,0,5,0,0,0,3,1,6,1,17,4,1368,1,8,6,1,6
2018460316332,1,-1,0,18,0,0,0,0,0,0,1,1,6,2,-1,-1,-1,-1,-1,4,2,4
2018460316332,2,9,0,3,0,0,0,0,0,0,2,1,6,2,20,4,998,1,3,4,2,4
2018460316334,1,9,0,18,0,0,0,0,0,0,1,1,6,2,24,5,1299,1,15,6,1,6
2018460316340,1,9,0,18,0,1,0,0,0,0,1,1,6,2,46,8,2685,2,14,6,1,6
2018460316340,2,9,0,4,0,1,0,0,0,0,2,1,6,1,44,7,1997,2,12,6,1,6
2018460316340,3,9,0,3,0,1,0,0,0,0,2,1,6,1,41,7,1896,2,10,8,1,8
2018460316358,1,9,0,18,0,0,0,0,0,0,1,1,2,1,21,5,-1,-1,-1,6,1,6
2018460316358,2,9,0,18,0,0,0,0,0,0,2,1,2,2,43,7,1995,2,2,8,1,8
2018460316358,3,9,0,18,0,0,0,0,0,0,2,1,2,1,67,10,-1,-1,-1,8,1,8
2018460316358,4,9,0,18,0,0,0,0,0,0,3,1,2,1,29,6,2995,1,-1,7,3,7
2018460316370,1,9,0,7,0,1,0,0,1,0,1,1,6,1,31,6,2494,1,16,10,1,10
2018460316370,2,22,0,18,0,1,0,0,0,0,3,1,6,1,86,11,-1,-1,-1,8,1,8
2018460316376,1,9,0,13,0,0,2,0,1,0,0,1,6,1,53,8,1199,1,14,10,2,10
2018460316376,2,9,0,18,0,0,0,0,0,0,0,1,1,2,64,9,1124,1,14,9,1,9
2018460316380,1,19,0,7,0,3,0,0,0,0,4,1,1,1,43,7,1997,2,1,3,1,3
2018460316380,2,2,0,18,0,3,0,0,0,0,3,1,1,1,55,8,244,1,10,3,1,3
2018460316394,1,3,-1,16,0,0,0,0,0,0,4,1,2,1,23,5,124,1,3,3,1,3
2018460316397,1,9,0,16,0,1,2,0,0,0,3,1,6,1,22,5,-1,-1,-1,1,1,1
2018460316401,1,9,0,13,0,0,0,0,0,0,1,1,6,1,28,6,1364,1,12,1,1,1
2018460316401,2,9,0,4,0,0,0,0,0,0,2,1,6,1,52,8,1910,2,11,2,1,2
2018460316403,1,9,0,18,0,0,0,0,7,0,0,1,6,2,22,5,1599,1,13,3,1,3
2018460316407,1,9,0,18,0,2,5,0,0,0,3,1,6,1,19,4,1995,2,8,4,3,4
2018460316409,1,9,0,18,0,1,0,0,0,0,0,1,6,1,23,5,1398,1,12,2,1,2
2018460316444,1,19,0,18,0,1,5,0,0,0,1,1,6,1,-1,-1,1998,2,13,9,2,9
2018460316444,2,9,0,4,0,1,0,0,0,0,1,1,6,2,49,8,1373,1,-1,2,1,2
2018460316448,1,9,0,4,0,1,0,4,0,0,1,1,2,2,37,7,2191,2,2,7,1,7
2018460316448,2,9,0,4,0,1,0,0,0,0,2,1,1,1,37,7,1598,2,-1,6,1,6
2018460316453,1,3,0,18,0,0,0,4,0,0,1,1,6,1,23,5,124,1,16,3,1,3
2018460316453,2,9,0,2,0,0,0,0,0,0,1,1,6,1,26,6,-1,-1,-1,-1,-1,-1
2018460316453,3,9,0,2,0,0,0,0,0,0,3,1,6,1,50,8,2261,1,10,4,1,4
2018460316479,1,9,0,15,0,6,0,0,0,0,4,1,6,1,35,6,1596,1,12,5,1,5
2018460316521,1,9,0,5,0,4,0,0,0,0,0,1,6,3,-1,-1,-1,-1,-1,-1,-1,-1
2018460316521,2,5,0,11,0,8,1,0,0,0,1,1,2,1,56,9,599,1,10,2,1,2
2018460316521,3,98,1,3,0,8,0,0,0,0,1,1,2,1,55,8,-1,-1,-1,1,1,1
2018460316554,1,9,0,9,0,8,0,0,0,0,1,1,6,1,23,5,1598,2,5,9,1,9
2018460316554,2,9,0,18,0,8,0,0,0,0,3,1,6,1,43,7,1998,1,3,7,1,7
2018460316554,3,9,0,10,0,6,0,0,0,0,3,1,6,1,49,8,2494,8,2,2,1,2
2018460316600,1,9,0,18,0,1,0,0,0,0,1,1,6,1,20,4,1461,2,1,2,2,2
2018460316600,2,9,0,10,0,1,0,0,0,0,2,1,6,2,38,7,1896,2,9,4,3,4
2018460316601,1,9,0,8,0,0,0,0,0,0,3,1,6,1,39,7,1596,1,10,9,1,9
2018460316601,2,1,0,18,0,0,0,0,0,0,1,1,6,2,62,9,-1,-1,-1,1,1,1
2018460316602,1,9,0,10,0,0,0,0,0,0,0,1,6,2,39,7,-1,-1,-1,2,1,2
2018460316602,2,3,0,18,0,0,0,0,0,0,3,1,6,1,17,4,125,1,1,4,1,4
2018460316636,1,19,0,3,0,0,0,0,0,0,3,1,2,1,31,6,1968,2,6,10,1,10
2018460316653,1,9,0,18,0,0,0,0,2,0,1,1,6,2,61,9,1242,1,10,8,1,8
2018460316661,1,9,0,18,0,0,0,0,0,0,0,1,6,3,-1,-1,1598,2,-1,-1,-1,-1
2018460316661,2,9,0,2,0,0,0,0,0,0,4,1,6,2,-1,-1,1388,1,17,-1,-1,-1
2018460316662,1,9,0,9,0,5,0,0,7,0,3,1,6,1,30,6,1997,2,2,9,1,9
2018460316662,2,9,0,18,0,1,0,0,0,0,3,1,6,1,26,6,1995,2,13,8,1,8
2018460316673,1,9,0,3,0,0,0,0,0,0,2,1,5,2,43,7,1587,1,10,8,1,8
2018460316673,2,9,0,18,0,0,0,0,0,0,1,1,1,1,41,7,-1,-1,-1,4,1,4
2018460316698,1,9,0,18,0,1,0,0,7,0,1,1,6,1,37,7,-1,-1,-1,-1,-1,-1
2018460316698,2,9,0,10,0,1,0,0,0,0,3,1,6,2,27,6,1200,1,2,7,-1,7
2018460316700,1,9,0,10,0,1,0,0,0,0,1,1,4,2,46,8,1968,2,7,5,1,5
2018460316700,2,11,0,18,0,8,0,0,0,0,3,1,1,1,54,8,4500,2,1,4,3,4
2018460316702,1,5,0,4,0,0,1,0,0,0,1,1,6,1,23,5,999,1,5,5,1,5
2018460316722,1,9,0,18,0,8,0,0,1,2,1,1,6,1,63,9,-1,-1,-1,6,2,6
2018460316733,1,9,0,9,0,3,0,0,0,0,3,1,6,1,37,7,-1,-1,-1,-1,-1,-1
2018460316733,2,9,0,18,0,3,0,0,0,0,4,1,6,2,29,6,1587,1,14,4,1,4
2018460316767,1,9,0,4,0,0,0,0,0,0,1,1,6,1,26,6,1149,1,14,4,2,4
2018460316767,2,9,0,4,0,0,0,0,0,0,2,1,6,2,18,4,1598,2,6,2,1,2
2018460316767,3,9,0,4,0,0,0,0,0,0,2,1,6,1,39,7,1999,2,2,8,1,8
2018460316817,1,9,0,18,0,0,0,0,0,0,1,1,6,2,37,7,1390,1,7,4,1,4
2018460316817,2,21,0,18,0,0,0,0,0,0,2,1,6,1,53,8,6700,2,1,7,1,7
2018460316837,1,9,0,18,0,0,0,0,0,0,1,1,6,3,-1,-1,-1,-1,-1,-1,-1,-1
2018460316837,2,3,0,18,0,0,0,0,0,0,3,1,2,1,18,4,125,1,10,9,1,9
2018460316851,1,9,0,18,0,0,0,0,0,0,4,1,6,1,28,6,1753,2,13,3,3,3
2018460316851,2,9,0,18,0,0,0,0,0,0,3,1,6,2,53,8,2143,2,5,8,2,8
2018460316890,1,9,0,5,0,6,0,0,0,0,1,1,6,2,38,7,1498,1,2,3,1,3
2018460316890,2,9,0,18,0,8,0,0,0,0,3,1,6,1,39,7,1995,2,7,8,2,8
2018460316914,1,9,0,1,0,0,0,0,0,0,2,1,6,1,-1,-1,6750,1,-1,5,1,5
2018460316914,2,5,0,4,0,0,0,0,0,0,1,1,5,1,59,9,1450,1,13,2,1,2
2018460316952,1,9,0,1,9,0,0,0,0,0,3,1,2,2,38,7,1199,1,-1,7,2,7
2018460316952,2,22,0,18,9,0,0,0,0,0,1,1,6,2,23,5,-1,-1,-1,7,2,7
2018460316960,1,19,0,18,0,1,0,0,0,0,1,1,6,1,-1,-1,1995,2,11,8,1,8
2018460316960,2,9,0,8,0,1,0,0,0,0,2,1,5,2,25,5,1598,1,6,7,1,7
2018460316960,3,9,0,8,0,1,0,0,0,0,2,1,6,1,-1,-1,1364,1,11,3,1,3
2018460316978,1,9,0,18,0,0,0,0,0,0,1,1,6,1,31,6,1686,2,6,6,2,6
2018460316978,2,9,0,18,0,0,0,0,0,0,2,1,6,1,64,9,1364,1,2,5,2,5
2018460316999,1,5,0,16,0,0,0,0,7,10,3,1,5,1,26,6,1450,1,18,5,1,5
2018460316999,2,9,0,17,0,0,0,0,0,0,3,1,5,2,34,6,1796,1,13,5,3,5
2018460317019,1,3,0,18,0,0,0,0,0,0,1,1,6,1,28,6,124,1,13,5,1,5
2018460317019,2,9,0,2,0,0,0,0,0,0,2,1,6,3,-1,-1,1995,2,12,-1,-1,-1
2018460317028,1,9,0,17,0,0,1,0,7,0,0,1,6,2,59,9,1360,1,13,2,2,2
2018460317038,1,19,0,18,0,0,5,0,2,2,1,1,6,1,42,7,1248,2,3,6,2,6
2018460317045,1,19,5,18,0,0,0,10,1,0,4,1,2,1,46,8,2464,2,11,8,2,8
2018460317093,1,9,0,18,0,1,0,0,0,0,3,1,1,1,50,8,1598,2,3,6,3,6
2018460317093,2,9,0,18,0,1,1,0,0,0,4,1,6,1,52,8,2987,2,10,10,1,10
2018460317132,1,9,0,10,0,3,0,0,0,0,1,1,6,2,61,9,1796,1,8,9,2,9
2018460317132,2,9,0,18,0,3,0,0,0,0,2,1,6,2,25,5,1995,2,-1,9,1,9
2018460317183,1,9,0,11,0,0,5,0,0,0,4,1,6,1,-1,-1,2143,2,6,3,1,3
2018460317183,2,9,0,18,0,0,1,0,0,0,3,1,6,1,27,6,1364,1,14,4,2,4
2018460317188,1,19,0,1,0,1,0,0,0,0,2,1,6,1,-1,-1,2148,2,10,9,2,9
2018460317188,2,1,0,17,0,1,0,0,0,0,1,1,6,1,55,8,-1,-1,-1,4,3,4
2018460317190,1,9,0,18,0,0,0,0,0,0,1,1,6,1,39,7,-1,-1,-1,4,1,4
2018460317190,2,9,0,4,0,0,0,0,0,0,2,1,6,1,45,7,1248,2,13,10,1,10
2018460317207,1,9,0,18,0,6,0,4,0,0,3,1,6,1,22,5,1560,2,6,8,1,8
2018460317207,2,9,0,18,0,1,0,0,0,0,1,1,6,1,29,6,1995,2,7,1,1,1
2018460317207,3,9,0,2,0,2,0,0,0,0,0,1,6,3,-1,-1,-1,-1,-1,-1,-1,-1
2018460317221,1,9,0,5,0,4,0,0,0,0,3,1,6,2,51,8,1995,2,4,8,1,8
2018460317221,2,9,0,9,0,4,0,0,0,0,1,1,2,2,24,5,1398,1,-1,7,3,7
2018460317239,1,9,0,18,0,0,1,0,4,6,1,1,6,1,51,8,-1,-1,-1,7,1,7
2018460317259,1,9,0,18,0,1,0,0,7,4,1,1,6,2,78,11,1299,1,13,9,2,9
2018460317445,1,9,0,9,0,6,0,0,0,0,3,1,6,2,21,5,1598,2,3,7,3,7
2018460317445,2,1,0,18,0,8,0,0,0,0,1,1,6,1,50,8,-1,-1,-1,10,1,10
2018460317471,1,9,0,18,0,0,0,0,0,0,1,1,6,1,29,6,1598,1,12,2,1,2
2018460317471,2,9,0,2,0,0,0,0,0,0,2,1,6,1,52,8,1796,1,14,-1,-1,-1
2018460317471,3,9,0,18,0,0,0,0,0,0,0,1,1,1,43,7,1598,2,-1,3,1,3
2018460317488,1,9,0,18,0,0,0,10,4,6,1,1,6,1,68,10,1499,1,-1,6,1,6
2018460317793,1,9,0,18,0,0,0,0,0,0,1,1,6,2,35,6,1560,2,4,8,3,8
2018460317883,1,9,0,18,0,0,0,0,0,0,1,1,2,1,31,6,3370,1,17,7,2,7
2018460317883,2,9,0,18,0,0,0,0,0,0,2,1,2,2,27,6,1995,2,7,4,3,4
2018460317883,3,9,0,2,0,0,0,0,0,0,2,1,6,1,-1,-1,1497,1,14,7,2,7
2018460318137,1,9,0,18,0,0,0,0,2,0,1,1,2,2,58,9,1685,2,4,9,1,9
2018460318137,2,19,0,2,6,0,0,0,1,0,2,1,1,1,33,6,1968,2,3,10,1,10
2018460318189,1,9,0,17,0,0,0,0,0,0,1,1,2,1,38,7,2231,2,10,9,2,9
2018460318189,2,9,0,16,0,0,0,0,0,0,1,1,5,1,17,4,1364,1,11,10,2,10
2018460318227,1,90,0,18,0,1,0,0,0,0,0,1,6,3,37,7,-1,-1,-1,-1,-1,-1
2018460318227,2,9,0,18,0,2,5,0,1,0,0,1,6,1,26,6,1229,1,4,10,2,10
2018460318232,1,9,0,5,0,0,0,0,0,0,3,1,6,3,-1,-1,1997,2,3,-1,-1,-1
2018460318232,2,2,0,18,0,0,0,0,0,0,4,1,6,1,16,4,49,1,1,1,1,1
2018460318244,1,9,0,18,0,0,0,0,0,0,1,1,2,1,30,6,1399,2,10,4,2,4
2018460318244,2,19,0,18,0,0,5,0,7,0,3,1,2,1,57,9,1995,2,1,4,3,4
2018460318320,1,9,0,9,0,2,0,10,0,0,3,1,1,2,81,11,1598,1,10,4,2,4
2018460318320,2,9,0,18,0,1,0,0,0,0,3,1,1,1,54,8,1390,1,6,5,3,5
2018460318333,1,9,0,5,0,8,0,0,0,0,3,1,6,1,43,7,1598,1,11,6,3,6
2018460318333,2,9,0,18,0,1,0,0,0,0,1,1,6,2,49,8,1339,1,11,7,2,7
2018460318339,1,98,0,12,0,0,0,0,0,0,1,1,1,1,56,9,-1,-1,-1,-1,-1,-1
2018460318339,2,9,0,18,0,0,0,0,1,0,4,1,6,2,28,6,1364,1,10,2,1,2
2018460318383,1,9,0,4,0,0,1,0,0,0,1,1,2,2,38,7,1398,2,15,4,1,4
2018460318383,2,9,0,4,0,0,0,0,0,0,2,1,2,1,59,9,1686,2,9,8,2,8
2018460318391,1,9,0,4,0,0,0,0,0,0,1,1,6,1,-1,-1,1986,2,10,5,2,5
2018460318391,2,9,0,4,0,0,0,0,0,0,2,1,6,2,28,6,2198,2,12,3,1,3
2018460318391,3,9,0,4,0,0,0,0,0,0,2,1,6,1,-1,-1,2987,2,5,9,1,9
2018460318411,1,9,0,18,0,0,1,11,1,0,1,1,2,2,55,8,1461,2,4,6,1,6
2018460318418,1,9,0,7,0,2,0,0,0,0,3,1,6,1,84,11,1329,1,8,7,1,7
2018460318418,2,19,0,18,0,1,0,0,0,0,1,1,1,1,25,5,2148,2,12,8,1,8
2018460318454,1,9,0,5,0,5,0,0,0,0,3,1,1,1,57,9,1298,1,17,5,1,5
2018460318454,2,9,0,18,0,1,0,0,0,0,1,1,1,1,31,6,1598,2,3,2,1,2
2018460318455,1,9,0,18,0,6,0,0,0,0,1,1,6,1,60,9,1560,2,6,4,1,4
2018460318455,2,9,0,18,0,8,5,0,1,10,4,1,6,2,29,6,1598,2,-1,6,1,6
2018460318462,1,19,0,18,0,0,0,0,0,0,1,1,1,1,52,8,2198,2,4,5,1,5
2018460318462,2,9,0,18,0,0,0,0,0,0,2,1,6,1,56,9,1598,1,12,9,1,9
2018460318475,1,9,0,18,0,3,1,0,0,0,2,1,6,1,-1,-1,2179,2,3,-1,-1,-1
2018460318475,2,9,0,2,0,3,0,0,0,0,1,1,1,1,-1,-1,2993,2,2,-1,-1,-1
2018460318475,3,9,0,2,0,3,0,0,0,0,1,1,1,1,-1,-1,1969,2,-1,-1,-1,-1
2018460318480,1,9,0,1,0,6,0,0,0,0,2,1,1,1,50,8,1798,1,4,8,1,8
2018460318480,2,9,0,18,0,1,0,0,0,0,1,1,1,2,54,8,898,1,1,10,1,10
2018460318483,1,9,0,18,0,0,0,0,0,0,3,1,6,1,30,6,2148,2,9,4,1,4
2018460318497,1,9,0,17,0,7,5,10,1,0,1,1,6,1,52,8,1968,2,8,4,1,4
2018460318504,1,9,0,17,0,0,0,0,0,0,1,1,2,1,21,5,1149,1,9,7,2,7
2018460318505,1,9,0,18,0,8,0,0,0,0,4,1,6,1,30,6,1991,2,8,6,3,6
2018460318505,2,9,0,18,0,8,0,0,0,0,1,1,6,1,75,10,2720,2,10,6,3,6
2018460318506,1,9,0,16,0,0,0,0,0,0,1,1,6,2,45,7,1598,1,14,10,3,10
2018460318506,2,19,0,17,0,0,0,0,0,0,1,1,1,1,35,6,2148,2,10,5,1,5
2018460318514,1,3,0,18,0,1,0,0,0,0,1,1,6,1,19,4,125,1,11,9,1,9
2018460318514,2,9,0,9,0,1,0,0,0,0,2,1,6,1,43,7,1600,1,14,10,3,10
2018460318531,1,3,0,9,0,2,0,7,8,0,3,1,2,1,21,5,125,1,-1,7,2,7
2018460318540,1,9,0,5,0,0,0,0,0,0,1,1,2,2,20,4,1197,1,3,5,2,5
2018460318540,2,9,0,3,0,0,0,0,0,0,2,1,6,1,44,7,1398,1,2,6,1,6
2018460318543,1,9,0,18,0,0,5,0,0,0,1,1,6,1,59,9,1197,1,1,10,1,10
2018460318543,2,9,0,18,0,0,1,0,0,0,4,1,6,2,55,8,1242,1,-1,9,1,9
2018460318548,1,9,0,18,0,0,5,0,1,0,4,1,2,1,38,7,1596,1,11,8,1,8
2018460318549,1,9,0,18,0,0,0,0,0,0,4,1,6,2,73,10,1368,1,9,5,2,5
2018460318549,2,9,0,9,0,0,0,0,0,0,3,1,6,2,81,11,1956,2,6,9,2,9
2018460318560,1,1,0,18,9,0,0,0,0,0,3,1,6,1,60,9,-1,-1,-1,5,1,5
2018460318565,1,97,-1,4,0,1,0,0,0,0,3,1,6,1,48,8,-1,-1,-1,3,1,3
2018460318571,1,5,0,18,0,0,1,0,0,0,1,1,6,1,23,5,999,1,-1,2,1,2
2018460318571,2,9,0,5,0,0,0,0,0,0,2,1,6,1,37,7,1390,1,14,3,1,3
2018460318574,1,9,0,18,0,7,0,0,0,0,1,1,6,2,-1,-1,1598,2,5,4,3,4
2018460318574,2,9,0,4,0,7,0,0,0,0,2,1,6,1,38,7,1997,2,10,2,1,2
2018460318574,3,9,0,4,0,7,0,0,0,0,2,1,6,2,29,6,1275,1,18,4,1,4
2018460318575,1,9,0,18,0,2,0,0,0,0,1,1,6,2,86,11,-1,-1,-1,9,1,9
2018460318586,1,5,0,18,0,0,0,0,0,0,1,1,6,1,20,4,599,1,10,2,1,2
2018460318586,2,9,0,18,0,0,0,0,0,0,2,1,6,2,24,5,1598,1,9,4,1,4
2018460318588,1,9,0,18,0,0,0,0,0,0,1,1,6,1,22,5,1995,2,8,2,1,2
2018460318609,1,98,0,18,0,0,0,0,0,0,1,1,1,1,45,7,-1,-1,-1,-1,-1,-1
2018460318609,2,9,0,18,0,0,1,0,0,0,4,1,6,2,59,9,1328,1,10,9,2,9
2018460318650,1,9,0,4,0,0,0,0,0,0,3,1,6,1,37,7,-1,-1,-1,1,1,1
2018460318650,2,9,0,8,0,0,0,0,0,0,3,1,6,1,35,6,1598,1,5,2,1,2
2018460318849,1,9,0,18,0,0,0,0,0,0,3,1,6,1,-1,-1,1995,2,14,4,3,4
2018460318849,2,9,0,18,0,0,0,0,0,0,4,1,6,2,46,8,1910,2,11,5,3,5
2018460318872,1,9,0,18,0,1,0,0,0,0,1,1,6,1,21,5,1598,1,15,1,1,1
2018460318872,2,9,0,3,0,1,0,0,0,0,2,1,1,1,44,7,1995,2,4,7,1,7
2018460318876,1,9,0,6,9,0,0,0,0,0,4,1,6,1,-1,-1,1339,1,11,-1,-1,-1
2018460319022,1,9,0,18,0,0,0,0,0,0,2,1,6,2,37,7,-1,-1,-1,-1,-1,-1
2018460319057,1,9,0,5,0,3,0,0,0,0,3,1,6,1,37,7,1968,2,5,-1,-1,-1
2018460319057,2,5,0,5,0,3,0,0,0,0,4,1,2,1,60,9,847,1,2,9,2,9
2018460319084,1,9,0,18,0,1,0,0,0,0,1,1,6,2,71,10,1461,2,3,7,1,7
2018460319084,2,9,0,17,0,1,0,0,1,0,3,1,6,2,33,6,1395,1,1,4,1,4
2018460319106,1,9,0,18,0,0,0,0,0,0,0,1,6,2,37,7,-1,-1,-1,-1,-1,-1
2018460319106,2,9,0,18,0,0,0,0,0,0,1,1,6,2,36,7,-1,-1,-1,2,1,2
2018460319106,3,9,0,18,0,0,0,0,0,0,2,1,6,1,75,10,1587,1,12,3,1,3
2018460319114,1,9,0,18,0,0,0,0,0,0,1,1,6,1,88,11,998,1,9,5,1,5
2018460319114,2,9,0,3,0,0,0,0,0,0,2,1,6,2,39,7,1596,1,9,7,1,7
2018460319118,1,9,0,18,0,0,0,0,0,0,1,1,6,2,19,4,1198,1,5,5,1,5
2018460319118,2,9,0,2,0,0,0,0,0,0,1,1,5,2,51,8,1388,1,16,2,1,2
2018460319118,3,19,0,2,0,0,0,0,0,0,2,1,6,2,45,7,2477,2,12,2,1,2
2018460319140,1,9,0,7,0,1,1,0,7,4,1,1,6,2,19,4,998,1,10,6,3,6
2018460319148,1,9,0,1,0,0,0,0,0,0,1,1,2,1,33,6,-1,-1,-1,4,1,4
2018460319148,2,9,0,1,0,0,0,0,6,0,2,1,2,2,60,9,-1,-1,-1,7,3,7
2018460319148,3,9,0,1,0,0,0,0,0,0,1,1,2,1,50,8,-1,-1,-1,6,1,6
2018460319158,1,9,0,18,0,2,0,0,0,0,1,1,6,2,30,6,1086,1,13,2,1,2
2018460319158,2,9,0,18,0,2,0,0,0,0,1,1,6,1,35,6,998,1,3,4,1,4
2018460319161,1,98,1,12,0,1,0,0,0,0,3,1,1,1,51,8,-1,-1,-1,-1,-1,-1
2018460319161,2,9,0,18,0,1,0,0,0,0,4,1,6,1,21,5,1995,2,8,2,1,2
2018460319163,1,5,0,18,0,0,2,0,0,0,1,1,6,1,48,8,1402,1,10,3,1,3
2018460319163,2,9,0,18,0,0,0,0,0,0,2,1,1,2,23,5,875,1,1,10,1,10
2018460319174,1,9,0,9,0,1,0,0,0,0,1,1,6,1,42,7,1598,2,6,2,1,2
2018460319174,2,9,0,9,0,1,0,0,0,0,2,1,6,1,32,6,1968,2,8,6,1,6
2018460319178,1,9,0,9,0,1,0,0,0,0,1,1,6,1,28,6,1595,1,13,3,1,3
2018460319178,2,9,0,18,0,1,0,0,0,0,1,1,6,2,40,7,1390,1,3,6,1,6
2018460319191,1,9,0,4,0,6,0,7,0,0,3,1,6,1,69,10,1998,1,2,8,2,8
2018460319191,2,9,0,18,0,1,0,0,0,0,1,1,6,1,71,10,2687,1,10,4,3,4
2018460319192,1,9,0,18,0,0,0,0,0,0,1,1,6,1,37,7,-1,-1,-1,4,1,4
2018460319192,2,9,0,4,0,0,0,0,0,0,2,1,6,2,59,9,1986,2,9,9,1,9
2018460319194,1,9,0,18,0,0,5,0,0,0,4,1,6,1,75,10,1242,1,7,5,1,5
2018460319194,2,9,0,2,0,0,0,0,0,0,2,1,6,2,39,7,1149,1,17,2,1,2
2018460319194,3,9,0,2,0,0,0,0,0,0,1,1,6,2,32,6,1199,1,17,2,1,2
2018460319195,1,1,0,9,0,4,0,0,0,0,1,1,6,1,56,9,-1,-1,-1,9,1,9
2018460319200,1,9,0,18,0,1,0,0,0,0,1,1,1,1,28,6,-1,-1,-1,9,1,9
2018460319200,2,9,0,9,0,6,0,0,0,0,3,1,6,1,46,8,1999,1,3,2,1,2
2018460319212,1,9,0,2,0,0,0,0,0,0,3,1,6,3,-1,-1,-1,-1,-1,-1,-1,-1
2018460319212,2,9,0,18,0,0,0,0,0,0,4,1,6,1,54,8,1149,1,16,10,1,10
2018460319215,1,9,0,11,0,0,0,0,0,0,4,1,6,1,37,7,-1,-1,-1,2,1,2
2018460319215,2,11,0,18,0,0,0,0,0,0,3,1,1,1,47,8,4500,2,1,4,1,4
2018460319220,1,9,0,17,0,0,1,0,1,9,1,1,6,1,29,6,999,1,3,3,-1,3
2018460319234,1,9,0,3,0,1,0,0,0,0,1,1,6,1,20,4,1229,1,5,6,2,6
2018460319234,2,9,0,3,0,1,0,0,0,0,2,1,6,1,-1,-1,1796,1,11,2,1,2
2018460319234,3,9,0,3,0,1,0,0,0,0,2,1,6,1,55,8,2993,2,7,5,1,5
2018460319235,1,9,0,3,0,7,0,0,0,0,1,1,6,2,37,7,1686,2,7,3,1,3
2018460319235,2,9,0,3,0,7,0,0,0,0,2,1,6,3,37,7,-1,-1,-1,-1,-1,-1
2018460319236,1,9,0,18,0,1,0,0,0,0,4,1,2,2,18,4,1598,2,8,10,1,10
2018460319236,2,5,0,4,0,1,0,0,0,0,1,1,6,2,46,8,689,1,1,7,2,7
2018460319243,1,9,0,11,0,0,0,0,0,0,3,1,2,1,23,5,2401,2,16,10,1,10
2018460319243,2,20,0,18,0,0,0,0,2,6,4,1,1,1,38,7,3900,2,21,1,1,1
2018460319257,1,9,0,18,0,1,0,0,0,0,1,1,6,1,54,8,3980,1,26,8,1,8
2018460319257,2,9,0,18,0,1,0,0,0,0,2,1,6,1,45,7,1968,2,2,7,2,7
2018460319259,1,9,0,11,0,0,0,0,0,0,4,1,1,1,54,8,-1,-1,-1,4,3,4
2018460319259,2,9,0,18,0,0,0,0,0,0,3,1,1,2,22,5,1461,2,5,6,1,6
2018460319260,1,9,0,18,0,0,0,0,0,0,1,1,6,1,62,9,1783,1,14,-1,-1,-1
2018460319260,2,9,0,18,0,0,0,0,0,0,2,1,6,1,35,6,1896,2,13,7,1,7
2018460319260,3,9,0,18,0,0,0,0,0,0,2,1,6,1,67,10,2967,2,6,8,3,8
2018460319277,1,5,0,17,0,0,1,0,0,0,1,1,2,1,29,6,649,1,7,8,3,8
2018460319284,1,9,0,18,0,0,0,0,0,0,1,1,1,1,55,8,-1,-1,-1,4,1,4
2018460319284,2,9,0,4,0,0,0,0,0,0,2,1,1,1,30,6,-1,-1,-1,2,1,2
2018460319287,1,9,0,7,0,6,0,0,0,0,1,1,6,1,28,6,1197,1,-1,3,1,3
2018460319287,2,9,0,18,0,1,0,0,0,0,4,1,6,1,80,11,1598,1,16,5,1,5
2018460319289,1,9,0,11,0,8,0,0,0,0,4,1,6,2,47,8,1332,1,8,2,1,2
2018460319289,2,9,0,17,0,8,0,0,0,0,3,1,2,1,24,5,999,1,1,9,2,9
2018460319302,1,9,0,18,0,0,5,0,1,0,0,1,6,1,22,5,-1,-1,-1,10,3,10
2018460319305,1,9,0,18,0,8,0,0,0,0,3,1,6,2,43,7,1910,2,12,5,1,5
2018460319305,2,5,0,18,0,8,0,0,0,0,1,1,6,1,60,9,600,1,16,3,1,3
2018460319325,1,9,0,18,0,0,0,0,0,0,1,1,6,3,-1,-1,-1,-1,-1,-1,-1,-1
2018460319325,2,9,0,18,0,0,0,0,0,0,2,1,6,2,28,6,1242,1,15,4,1,4