Accident_Index,Vehicle_Reference,Vehicle_Type,Towing_and_Articulation,Vehicle_Manoeuvre,Vehicle_Location-Restricted_Lane,Junction_Location,Skidding_and_Overturning,Hit_Object_in_Carriageway,Vehicle_Leaving_Carriageway,Hit_Object_off_Carriageway,1st_Point_of_Impact,Was_Vehicle_Left_Hand_Drive?,Journey_Purpose_of_Driver,Sex_of_Driver,Age_of_Driver,Age_Band_of_Driver,Engine_Capacity_(CC),Propulsion_Code,Age_of_Vehicle,Driver_IMD_Decile,Driver_Home_Area_Type,Vehicle_IMD_Decile
2018460319325,3,19,0,18,0,0,0,0,0,0,2,1,1,1,22,5,1560,2,3,5,1,5
2018460319325,4,9,0,18,0,0,0,0,0,0,2,1,6,1,42,7,1997,2,4,5,1,5
2018460319325,5,9,0,18,0,0,0,0,0,0,2,1,6,2,30,6,1560,2,8,7,1,7
2018460319339,1,9,0,18,0,1,0,0,1,10,1,1,5,2,59,9,1399,2,12,7,1,7
2018460319397,1,98,0,14,0,0,0,0,0,0,3,1,6,3,37,7,-1,-1,-1,-1,-1,-1
2018460319397,2,9,0,18,0,0,0,0,0,0,3,1,2,2,29,6,-1,-1,-1,4,1,4
2018460319402,1,9,0,4,0,1,0,0,0,0,2,1,6,2,29,6,2959,2,13,2,1,2
2018460319402,2,9,0,4,0,1,0,0,0,0,2,1,6,2,73,10,998,1,5,2,1,2
2018460319402,3,9,0,4,0,1,0,0,0,0,1,1,6,1,76,11,1395,1,-1,7,3,7
2018460319414,1,9,0,18,0,0,0,0,0,0,1,1,1,1,25,5,998,1,-1,7,3,7
2018460319414,2,9,0,3,0,0,0,0,0,0,2,1,1,1,22,5,1200,1,1,6,-1,6
2018460319414,3,9,0,3,0,0,0,0,0,0,2,1,1,1,74,10,2143,2,7,10,1,10
2018460319414,4,9,0,3,0,0,0,0,0,0,2,1,1,2,41,7,1995,2,2,10,1,10
2018460319446,1,1,0,18,0,0,1,10,0,0,1,1,6,1,61,9,-1,-1,-1,8,3,8
2018460319466,1,21,0,18,0,4,5,9,0,0,1,1,1,1,40,7,10837,2,4,5,1,5
2018460319484,1,9,0,5,0,6,1,0,1,0,1,1,2,1,49,8,-1,-1,-1,1,1,1
2018460319484,2,9,0,18,0,8,0,0,0,0,1,1,2,1,44,7,1910,2,8,2,1,2
2018460319488,1,9,0,18,0,0,1,0,1,3,3,1,2,1,20,4,1198,1,15,9,1,9
2018460319491,1,9,0,18,0,1,1,0,0,0,1,1,6,2,24,5,-1,-1,-1,2,1,2
2018460319491,2,9,0,5,0,6,0,0,0,0,4,1,6,1,82,11,3199,1,18,7,1,7
2018460319492,1,9,0,17,0,0,1,0,0,0,4,1,6,1,29,6,998,1,13,9,1,9
2018460319492,2,9,0,16,0,0,0,0,0,0,1,1,6,2,24,5,1596,1,14,9,2,9
2018460319495,1,9,0,18,0,1,0,0,0,0,1,1,6,2,26,6,954,1,23,1,1,1
2018460319495,2,9,0,4,0,1,0,0,0,0,2,1,6,1,67,10,1997,2,8,2,1,2
2018460319498,1,3,0,4,0,0,1,0,0,0,0,1,6,1,25,5,1200,1,11,9,1,9
2018460319500,1,9,0,18,0,0,0,0,0,0,1,1,6,1,37,7,1124,1,13,1,1,1
2018460319500,2,9,0,3,0,0,0,0,0,0,2,1,6,1,64,9,998,1,3,-1,-1,-1
2018460319500,3,9,0,3,0,0,0,0,0,0,2,1,6,1,37,7,1951,2,14,7,1,7
2018460319501,1,9,0,18,0,0,0,0,0,0,1,1,6,1,83,11,1956,2,6,6,1,6
2018460319501,2,9,0,18,0,0,0,0,1,0,2,1,1,1,51,8,1968,2,2,1,1,1
2018460319508,1,9,0,18,0,0,0,0,0,0,1,1,6,1,41,7,1200,1,-1,-1,-1,-1
2018460319508,2,19,0,4,0,0,0,0,0,0,2,1,1,1,31,6,2953,2,13,4,3,4
2018460319508,3,19,0,4,0,0,0,0,0,0,2,1,1,1,29,6,2464,2,10,3,3,3
2018460319513,1,9,0,9,0,6,0,0,0,0,1,1,6,1,63,9,1399,1,8,4,-1,4
2018460319513,2,3,0,7,0,5,0,0,0,0,1,1,6,1,31,6,600,1,6,2,1,2
2018460319529,1,3,0,7,0,4,0,0,0,0,1,1,1,1,21,5,108,1,3,2,1,2
2018460319543,1,9,0,18,0,1,1,10,7,0,1,1,6,2,18,4,1229,1,9,9,1,9
2018460319549,1,9,0,18,0,0,2,0,7,0,4,1,6,2,25,5,1598,1,18,6,2,6
2018460319562,1,3,0,7,0,5,1,0,0,0,1,1,6,2,57,9,125,1,-1,4,2,4
2018460319562,2,3,0,7,0,5,1,0,0,0,4,1,6,1,49,8,124,1,20,8,1,8
2018460319564,1,19,0,16,0,0,2,0,7,0,3,1,1,1,39,7,2198,2,3,7,1,7
2018460319567,1,9,0,6,0,0,0,0,0,0,1,1,6,1,25,5,-1,-1,-1,5,1,5
2018460319567,2,9,0,18,0,0,0,0,0,0,1,1,6,2,24,5,1798,1,1,10,1,10
2018460319567,3,9,0,18,0,0,0,0,0,0,1,1,6,2,37,7,1200,1,-1,9,2,9
2018460319637,1,9,0,18,0,8,0,0,0,0,2,1,1,2,55,8,998,1,-1,2,1,2
2018460319637,2,9,0,18,0,8,0,0,0,0,1,1,2,2,36,7,1399,2,10,6,3,6
2018460319637,3,19,0,18,0,8,0,0,0,0,1,1,1,1,35,6,2151,2,15,1,1,1
2018460319637,4,19,0,18,0,8,0,0,0,0,1,1,1,1,46,8,1499,2,1,3,-1,3
2018460319645,1,9,0,4,0,0,0,0,0,0,1,1,6,1,21,5,1596,1,7,1,2,1
2018460319645,2,9,0,4,0,0,0,0,0,0,2,1,6,1,44,7,1797,8,7,3,1,3
2018460319648,1,9,0,14,0,0,0,0,0,0,4,1,5,1,75,10,-1,-1,-1,10,1,10
2018460319660,1,9,0,18,0,0,0,0,0,0,1,1,1,1,40,7,2143,2,3,1,1,1
2018460319664,1,9,0,18,0,0,2,11,4,0,0,1,6,2,19,4,1422,2,4,5,-1,5
2018460319705,1,9,0,5,0,0,0,0,0,0,1,1,6,3,37,7,-1,-1,-1,-1,-1,-1
2018460319705,2,1,0,4,0,0,0,0,0,0,4,1,6,2,11,3,-1,-1,-1,10,2,10
2018460319707,1,9,0,18,0,0,0,0,0,0,1,1,6,1,21,5,1149,1,15,2,1,2
2018460319707,2,9,0,3,0,0,0,0,0,0,2,1,6,2,32,6,1598,2,2,6,2,6
2018460319711,1,9,0,18,0,0,0,0,0,0,1,1,2,1,44,7,-1,-1,-1,2,1,2
2018460319711,2,9,0,3,0,0,0,0,1,0,2,1,2,1,54,8,-1,-1,-1,6,3,6
2018460319711,3,9,0,10,0,0,0,0,0,0,0,1,6,2,42,7,1242,1,7,3,1,3
2018460319717,1,9,0,7,0,5,0,0,1,10,1,1,6,2,22,5,1596,1,9,8,2,8
2018460319721,1,9,0,7,0,-1,0,0,0,0,4,1,6,1,73,10,1493,2,11,7,3,7
2018460319730,1,9,0,1,0,0,0,0,0,0,2,1,6,2,27,6,2198,7,17,5,1,5
2018460319730,2,1,0,18,0,0,0,0,0,0,1,1,1,1,33,6,-1,-1,-1,5,1,5
2018460319735,1,9,0,18,0,0,0,0,0,0,3,1,6,1,30,6,1395,1,2,6,1,6
2018460319745,1,5,0,15,0,8,5,0,0,0,1,1,2,1,29,6,599,1,10,3,1,3
2018460319745,2,19,0,9,0,5,0,0,0,0,1,1,2,1,35,6,1753,2,10,6,1,6
2018460319762,1,19,0,9,0,8,0,0,0,0,1,1,1,1,42,7,2143,2,8,4,3,4
2018460319762,2,9,0,18,0,1,0,0,0,0,3,1,2,1,19,4,998,1,2,3,1,3
2018460319786,1,9,0,1,0,0,0,0,0,0,2,1,6,1,86,11,1560,2,5,6,3,6
2018460319792,1,9,0,18,0,0,0,0,0,0,3,1,6,1,22,5,1364,1,9,5,3,5
2018460319792,2,9,0,18,0,0,0,0,0,0,3,1,6,2,56,9,1328,1,8,5,3,5
2018460319807,1,19,0,9,0,1,0,0,0,0,3,1,6,1,37,7,1896,2,9,10,1,10
2018460319807,2,2,0,18,0,1,0,0,0,0,1,1,6,1,16,4,49,1,6,9,1,9
2018460319820,1,9,0,18,0,0,0,0,0,0,1,1,6,1,19,4,998,1,11,2,1,2
2018460319820,2,9,0,18,0,0,0,0,0,0,4,1,6,2,49,8,1595,1,13,3,1,3
2018460319831,1,9,0,18,0,4,0,0,0,0,1,1,6,1,69,10,1396,1,16,8,1,8
2018460319831,2,9,0,8,0,4,0,0,0,0,2,1,2,2,28,6,1149,1,11,5,1,5
2018460319835,1,9,0,18,0,0,5,0,1,0,1,1,1,2,26,6,999,1,14,3,1,3
2018460319840,1,9,0,5,0,4,0,0,7,0,3,1,1,2,23,5,1242,1,1,7,-1,7
2018460319840,2,9,0,9,0,3,0,0,0,0,4,1,1,2,24,5,998,1,5,3,1,3
2018460320009,1,9,0,18,0,0,1,0,1,7,4,1,5,2,53,8,1242,1,13,6,1,6
2018460320035,1,3,0,6,0,0,2,10,0,0,3,1,5,1,30,6,599,1,12,5,1,5
2018460320065,1,9,0,16,0,0,0,0,0,0,4,1,6,1,47,8,-1,-1,-1,-1,-1,-1
2018460320065,2,9,0,17,0,0,0,0,0,0,3,1,6,1,57,9,2400,2,2,4,1,4
2018460320068,1,9,0,2,0,0,1,0,0,0,1,1,6,2,74,10,1388,1,8,6,1,6
2018460320080,1,5,0,5,0,8,0,0,0,0,3,1,2,1,36,7,999,1,8,7,1,7
2018460320080,2,9,0,5,0,8,0,0,0,0,4,1,2,1,59,9,-1,-1,-1,4,1,4
2018460320097,1,9,0,18,0,0,0,0,0,0,1,1,6,1,29,6,-1,-1,-1,10,1,10
2018460320097,2,9,0,4,0,0,0,0,0,0,2,1,6,2,21,5,1242,1,15,6,1,6
2018460320195,1,-1,0,18,0,0,0,0,0,0,1,1,6,3,-1,-1,-1,-1,-1,-1,-1,-1
2018460320195,2,9,0,18,0,0,0,0,0,0,2,1,6,1,28,6,-1,-1,-1,3,1,3
2018460320200,1,9,0,18,0,0,0,0,0,0,1,1,6,1,21,5,1984,1,16,6,1,6
2018460320200,2,19,0,2,0,0,0,0,0,0,3,1,6,1,44,7,2198,2,4,6,1,6
2018460320227,1,9,0,3,0,6,0,0,0,0,3,1,6,2,50,8,1991,2,7,10,3,10
2018460320227,2,9,0,18,0,1,0,0,7,11,1,1,6,1,30,6,-1,-1,-1,7,2,7
2018460320238,1,9,0,4,0,1,0,0,0,0,1,1,6,1,41,7,1968,2,7,9,1,9
2018460320238,2,9,0,10,0,1,0,0,0,0,2,1,6,1,39,7,1198,1,9,9,1,9
2018460320238,3,9,0,10,0,1,0,0,0,0,2,1,6,1,66,10,1461,2,1,6,3,6
2018460320255,1,98,1,5,0,4,0,0,0,0,1,1,1,3,50,8,-1,-1,-1,-1,-1,-1
2018460320255,2,19,0,8,0,3,0,0,0,0,4,1,6,1,64,9,1870,2,14,1,1,1
2018460320305,1,9,0,18,0,0,0,0,0,0,1,1,1,1,35,6,998,1,1,3,1,3
2018460320337,1,90,1,18,0,0,0,0,0,0,0,2,6,3,-1,-1,-1,-1,-1,-1,-1,-1
2018460320337,2,9,0,18,0,0,0,0,0,0,2,1,6,1,56,9,1995,2,1,4,1,4
2018460320337,3,9,0,18,0,0,0,0,0,0,2,1,6,1,27,6,1798,1,2,4,1,4
2018460320337,4,9,0,18,0,0,0,0,0,0,2,1,6,1,58,9,-1,-1,-1,9,3,9
2018460320337,5,9,0,18,0,0,0,0,0,0,1,1,6,2,25,5,1796,1,13,7,2,7
2018460320346,1,9,0,13,0,0,1,0,0,0,1,1,6,1,22,5,1197,1,4,3,1,3
2018460320377,1,9,0,18,0,6,0,0,0,0,1,1,5,2,51,8,1591,1,9,5,1,5
2018460320377,2,9,0,18,0,1,0,0,0,0,1,1,5,1,41,7,1997,1,9,8,1,8
2018460320408,1,9,0,18,0,8,0,0,0,0,1,1,5,1,23,5,-1,-1,-1,-1,-1,-1
2018460320408,2,9,0,18,0,3,0,0,0,0,4,1,5,2,39,7,1461,2,2,6,1,6
2018460320418,1,9,0,3,0,0,0,0,0,0,1,1,6,2,30,6,1598,1,13,1,1,1
2018460320418,2,19,0,3,0,0,0,0,0,0,2,1,1,1,41,7,2198,2,11,2,1,2
2018460320418,3,9,0,18,0,0,0,0,0,0,2,1,6,3,-1,-1,1596,1,15,-1,-1,-1
2018460320429,1,1,0,4,0,1,0,0,0,0,4,1,5,1,18,4,-1,-1,-1,4,1,4
2018460320429,2,9,0,4,0,1,0,0,0,0,1,1,5,1,59,9,2199,2,6,4,1,4
2018460320458,1,3,0,4,0,8,0,0,0,0,2,1,6,2,64,9,-1,-1,-1,-1,-1,-1
2018460320458,2,3,0,4,0,8,0,0,0,0,0,1,6,1,56,9,-1,-1,-1,-1,-1,-1
2018460320528,1,3,0,18,9,0,2,0,0,0,1,1,6,1,18,4,124,1,8,7,1,7
2018460320551,1,9,0,18,0,0,0,0,0,0,4,1,6,1,29,6,1242,1,10,7,3,7
2018460320551,2,9,0,2,0,0,0,0,0,0,0,1,6,3,-1,-1,2496,2,16,-1,-1,-1
2018460320551,3,9,0,2,0,0,0,0,0,0,2,1,6,3,-1,-1,2148,2,12,-1,-1,-1
2018460320582,1,9,0,16,0,8,0,0,1,10,3,1,6,1,95,11,1242,1,8,-1,-1,-1
2018460320742,1,9,0,18,0,0,0,0,0,0,1,1,6,1,38,7,998,1,2,3,1,3
2018460320742,2,98,0,18,0,0,0,0,0,0,2,1,6,1,62,9,-1,-1,-1,-1,-1,-1
2018460320750,1,9,0,17,0,0,2,0,2,0,3,1,6,2,20,4,998,1,15,6,3,6
2018460320750,2,9,0,16,0,0,0,0,0,0,3,1,6,2,73,10,1598,1,11,5,3,5
2018460320756,1,11,0,2,0,0,0,0,0,0,0,1,1,1,36,7,4500,2,1,4,1,4
2018460320790,1,8,0,4,0,0,0,0,0,0,1,1,6,3,-1,-1,1997,2,2,-1,-1,-1
2018460320793,1,98,0,18,0,0,0,0,0,0,1,1,5,1,18,4,-1,-1,-1,4,2,4
2018460320793,2,9,0,3,0,0,0,0,0,0,2,1,2,1,30,6,1781,1,13,5,1,5
2018460320800,1,9,0,18,0,0,0,0,8,0,0,1,5,1,20,4,1124,1,12,4,1,4
2018460320817,1,9,0,9,0,6,0,0,0,0,4,1,6,3,37,7,1590,1,15,-1,-1,-1
2018460320902,1,9,0,4,0,1,1,0,0,0,1,1,6,1,46,8,1197,1,8,3,1,3
2018460320902,2,9,0,4,0,1,0,0,0,0,1,1,6,2,69,10,1364,1,12,6,1,6
2018460320921,1,9,0,18,0,0,0,0,7,4,1,1,6,2,34,6,1200,1,4,2,1,2
2018460320941,1,9,0,9,0,6,0,0,0,0,2,1,6,1,65,9,1499,2,3,10,1,10
2018460320941,2,9,0,3,0,1,1,0,0,0,1,1,6,1,29,6,1596,1,9,6,2,6
2018460320965,1,9,-1,17,9,0,0,0,-1,0,1,1,1,1,23,5,-1,-1,-1,5,2,5
2018460320969,1,9,0,18,0,3,1,0,0,0,1,1,6,1,26,6,1360,1,16,3,1,3
2018460320969,2,9,0,18,0,4,0,0,0,0,3,1,1,1,72,10,1598,2,2,9,1,9
2018460320980,1,-1,0,18,0,1,0,8,0,0,1,1,6,3,-1,-1,-1,-1,-1,-1,-1,-1
2018460320980,2,9,0,2,0,2,0,0,0,0,4,1,3,1,63,9,2720,2,12,5,1,5
2018460320997,1,9,0,9,0,1,0,0,0,0,3,1,6,1,73,10,999,1,6,6,1,6
2018460320997,2,9,0,17,0,1,0,0,0,0,1,1,2,2,48,8,-1,-1,-1,3,1,3
2018460321012,1,9,0,18,0,4,0,0,0,0,1,1,6,1,59,9,1956,2,5,5,1,5
2018460321012,2,1,0,9,0,3,0,0,0,0,1,1,6,1,37,7,-1,-1,-1,4,-1,4
2018460321021,1,9,0,18,0,0,0,0,0,0,1,1,6,1,31,6,2171,1,14,5,1,5
2018460321021,2,9,0,18,0,0,0,0,0,0,2,1,6,2,42,7,1598,1,7,4,3,4
2018460321021,3,9,0,18,0,0,0,0,0,0,2,1,6,2,30,6,1198,1,10,2,1,2
2018460321029,1,19,0,7,0,1,0,0,0,0,1,1,1,1,50,8,1598,2,3,6,1,6
2018460321029,2,1,0,18,0,1,0,0,0,0,1,1,6,1,-1,-1,-1,-1,-1,6,1,6
2018460321033,1,9,0,4,0,4,0,0,0,0,1,1,6,2,28,6,1242,1,7,6,3,6
2018460321033,2,9,0,4,0,4,0,0,0,0,2,1,6,2,22,5,1229,1,2,8,2,8
2018460321041,1,3,0,18,0,0,0,0,0,0,1,1,6,1,27,6,125,1,18,7,3,7
2018460321041,2,9,0,7,0,0,0,0,0,0,4,1,6,1,48,8,1360,1,17,10,1,10
2018460321049,1,21,0,11,0,0,0,0,0,0,1,1,1,1,53,8,6370,2,7,4,1,4
2018460321049,2,98,0,15,0,0,0,0,0,0,3,1,6,2,23,5,-1,-1,-1,8,1,8
2018460321070,1,9,0,13,0,1,0,0,0,0,1,1,6,1,44,7,-1,-1,-1,4,2,4
2018460321070,2,9,0,9,0,8,0,0,0,0,2,1,2,1,29,6,1198,1,13,8,1,8
2018460321094,1,2,0,13,0,1,0,0,0,0,1,1,1,1,21,5,49,1,3,3,1,3
2018460321094,2,9,0,10,0,1,0,0,0,0,3,1,1,2,57,9,1499,2,-1,3,1,3
2018460321096,1,9,0,5,0,0,0,0,0,0,4,1,6,3,-1,-1,-1,-1,-1,-1,-1,-1
2018460321128,1,9,0,5,0,1,0,0,0,0,4,1,6,1,50,8,1388,1,11,4,1,4
2018460321128,2,1,0,18,0,1,0,0,0,0,1,1,6,1,-1,-1,-1,-1,-1,2,1,2
2018460321131,1,98,0,18,0,0,0,0,0,0,2,1,6,1,-1,-1,-1,-1,-1,-1,-1,-1
2018460321131,2,1,0,18,0,0,0,0,0,0,1,1,6,1,14,3,-1,-1,-1,1,1,1
2018460321155,1,9,0,18,0,0,0,0,0,0,1,1,2,1,29,6,999,1,3,7,3,7
2018460321155,2,9,0,18,0,0,0,0,0,0,1,1,2,2,59,9,2179,2,6,7,3,7
2018460321192,1,19,0,18,0,1,0,0,0,0,1,1,6,1,50,8,2198,2,5,6,3,6
2018460321192,2,9,0,18,0,2,0,0,0,0,1,1,6,1,30,6,1596,1,13,2,1,2
2018460321207,1,9,0,18,0,1,0,0,0,0,1,1,6,2,25,5,1968,2,10,5,1,5
2018460321207,2,9,0,10,0,1,0,0,0,0,2,1,6,2,59,9,1248,1,9,2,1,2
2018460321227,1,9,0,12,0,0,0,0,0,0,3,1,6,1,37,7,1599,1,10,2,1,2
2018460321227,2,9,0,18,0,0,0,10,0,0,4,1,2,2,20,4,998,1,2,3,1,3
2018460321264,1,9,0,5,0,0,0,0,0,0,3,1,5,1,31,6,1997,2,2,4,1,4
2018460321264,2,97,0,18,0,0,0,0,0,0,1,1,1,1,32,6,-1,-1,-1,10,1,10
2018460321265,1,9,0,18,0,0,0,0,0,0,2,1,6,3,-1,-1,-1,-1,-1,-1,-1,-1
2018460321265,2,9,0,18,0,0,0,0,0,0,1,1,6,2,30,6,1242,1,8,8,3,8
2018460321265,3,9,0,18,0,0,0,0,0,0,1,1,6,1,-1,-1,1798,8,1,-1,-1,-1
2018460321271,1,9,0,18,0,1,0,0,0,0,1,1,6,3,-1,-1,-1,-1,-1,-1,-1,-1
2018460321271,2,9,0,3,0,1,0,0,0,0,2,1,6,2,38,7,1997,2,14,1,1,1
2018460321281,1,9,0,18,0,0,0,0,0,0,3,1,6,1,39,7,2000,2,12,7,1,7
2018460321282,1,9,0,12,0,7,0,0,0,0,3,1,6,1,40,7,1560,2,3,10,1,10
2018460321282,2,19,0,18,0,1,0,0,0,0,2,1,6,1,28,6,1995,2,1,4,1,4
2018460321282,3,9,0,18,0,7,0,0,0,0,4,1,6,2,76,11,1229,1,4,10,1,10
2018460321327,1,9,0,9,0,6,1,0,0,0,4,1,6,2,77,11,1461,2,11,7,3,7
2018460321327,2,9,0,18,0,1,0,0,0,0,1,1,6,1,24,5,2000,1,23,4,3,4
2018460321327,3,9,0,4,0,1,0,0,0,0,3,1,2,1,51,8,1240,1,8,4,1,4
2018460321435,1,9,0,18,0,0,0,0,0,0,1,1,6,1,68,10,-1,-1,-1,3,1,3
2018460321435,2,9,0,3,0,0,0,0,0,0,2,1,6,1,20,4,1398,1,5,3,1,3
2018460321435,3,9,0,3,0,0,0,0,0,0,3,1,6,2,58,9,2987,2,6,8,1,8
2018460321440,1,9,0,16,0,0,0,0,0,0,1,1,6,2,27,6,1242,1,3,4,1,4
2018460321440,2,9,0,17,0,0,0,0,0,0,1,1,1,2,50,8,1598,1,5,6,3,6
2018460321443,1,9,0,18,0,1,0,0,0,0,1,1,6,2,82,11,1596,1,13,10,1,10
2018460321443,2,9,0,18,0,2,0,0,1,0,2,1,1,1,30,6,1598,2,4,7,1,7
2018460321449,1,9,0,9,0,0,0,0,0,0,4,1,1,2,77,11,1396,2,7,6,2,6
2018460321449,2,9,0,18,0,0,0,0,0,0,4,1,1,1,37,7,1796,1,14,5,2,5
2018460321460,1,9,0,17,0,0,0,0,0,0,1,1,6,1,22,5,998,1,7,7,3,7
2018460321460,2,9,0,16,0,0,0,0,0,0,1,1,6,2,70,10,1598,1,9,8,3,8
2018460321520,1,9,0,18,0,1,0,0,0,0,1,1,6,2,20,4,1499,1,-1,3,1,3
2018460321520,2,3,0,18,0,1,0,0,0,0,3,1,1,1,17,4,124,1,13,6,1,6
2018460321564,1,3,0,16,0,0,1,0,0,0,1,1,2,1,18,4,124,1,9,5,1,5
2018460321564,2,9,0,17,0,0,0,0,0,0,1,1,6,1,59,9,1839,1,15,5,3,5
2018460321594,1,9,0,13,0,0,0,0,0,0,4,1,5,1,18,4,1360,1,12,6,1,6
2018460321594,2,9,0,9,0,0,0,0,1,9,3,1,5,1,-1,-1,1597,1,31,9,2,9
2018460321634,1,9,0,18,0,0,5,0,0,0,0,1,6,1,29,6,1461,2,4,4,1,4
2018460321867,1,9,0,9,0,6,0,11,0,0,1,1,6,2,44,7,1999,2,2,9,1,9
2018460321867,2,9,0,18,0,8,0,11,2,0,1,1,6,1,33,6,1796,1,10,3,1,3
2018460321867,3,9,0,3,0,6,0,0,0,0,1,1,6,1,25,5,1422,2,2,9,1,9
2018460321869,1,9,0,18,0,0,0,0,1,11,1,1,1,1,56,9,-1,-1,-1,5,2,5
2018460321876,1,9,0,1,0,1,0,0,0,0,1,1,6,1,29,6,-1,-1,-1,3,1,3
2018460321876,2,9,0,3,0,2,0,0,0,0,2,1,6,1,52,8,1461,2,1,8,1,8
2018460321880,1,9,0,18,0,1,0,0,2,0,1,1,6,1,33,6,1598,1,10,3,1,3
2018460321880,2,21,0,18,0,8,0,0,0,0,4,1,1,1,43,7,9200,2,7,4,1,4
2018460321883,1,9,0,16,0,0,0,0,0,0,1,1,6,1,54,8,1591,1,-1,8,2,8
2018460321883,2,9,0,17,0,0,0,0,0,0,1,1,6,1,71,10,1969,2,1,4,1,4
2018460321901,1,9,0,7,0,3,0,0,0,0,1,1,6,1,23,5,1397,1,15,2,1,2
2018460321901,2,3,0,5,0,3,0,0,0,0,2,1,6,1,23,5,125,1,8,2,1,2
2018460321941,1,9,0,9,0,1,0,0,0,0,1,1,6,1,29,6,1686,2,4,8,3,8
2018460321941,2,9,0,9,0,1,0,0,0,0,2,1,6,1,32,6,1762,1,19,1,1,1
2018460321965,1,19,0,18,0,0,0,0,0,0,4,1,6,1,32,6,1995,2,10,4,3,4
2018460321965,2,1,0,18,0,0,0,0,0,0,4,1,6,1,49,8,-1,-1,-1,7,3,7
2018460321995,1,9,0,16,0,0,5,0,1,0,1,1,6,2,63,9,1298,1,8,3,1,3
2018460322000,1,9,0,15,0,0,0,4,0,0,4,1,6,1,87,11,1240,1,15,5,1,5
2018460322000,2,9,0,2,0,0,0,0,0,0,3,1,5,3,-1,-1,1598,1,13,-1,-1,-1
2018460322021,1,9,0,18,0,0,0,0,0,0,1,1,6,1,33,6,999,1,1,7,1,7
2018460322021,2,9,0,18,0,0,0,0,0,0,2,1,6,1,52,8,1242,1,8,5,1,5
2018460322026,1,9,0,5,0,1,0,0,0,0,3,1,6,2,43,7,1984,1,18,8,1,8
2018460322026,2,9,0,18,0,1,0,0,0,0,1,1,6,1,22,5,-1,-1,-1,5,1,5
2018460322026,3,9,0,10,0,1,0,0,0,0,1,1,6,2,56,9,1598,1,6,9,1,9
2018460322054,1,-1,0,18,0,0,0,0,0,0,0,1,6,3,-1,-1,-1,-1,-1,-1,-1,-1
2018460322054,2,9,0,18,0,0,0,7,0,0,1,1,6,1,19,4,1229,1,5,5,3,5
2018460322102,1,19,0,18,0,0,0,8,0,0,1,1,1,1,24,5,1499,2,-1,10,1,10
2018460322102,2,9,0,2,0,0,0,0,0,0,4,1,3,2,34,6,1995,2,5,6,1,6
2018460322144,1,9,0,7,0,2,0,0,0,0,1,1,6,1,-1,-1,-1,-1,-1,-1,-1,-1
2018460322171,1,9,0,9,0,8,0,0,0,0,1,1,5,1,63,9,998,1,10,9,1,9
2018460322171,2,9,0,18,0,8,0,0,0,0,1,1,5,2,27,6,1461,2,12,5,1,5
2018460322186,1,90,0,18,0,0,0,0,0,0,4,1,6,3,37,7,-1,-1,-1,-1,-1,-1
2018460322186,2,9,0,2,0,0,0,0,0,0,3,1,6,2,43,7,1597,2,-1,3,1,3
2018460322232,1,21,5,18,0,0,0,0,0,0,1,1,6,1,41,7,3920,2,14,3,2,3
2018460322266,1,11,0,18,0,0,5,0,1,0,1,1,1,1,61,9,9360,2,9,1,1,1
2018460322276,1,9,0,18,0,0,0,0,0,0,1,1,6,2,68,10,1598,1,7,9,1,9
2018460322276,2,9,0,18,0,0,0,0,0,0,2,1,6,2,47,8,1995,2,-1,3,1,3
2018460322278,1,9,0,18,0,0,0,12,8,0,1,1,6,1,36,7,4999,1,10,4,2,4
2018460322334,1,9,0,17,0,0,0,4,0,0,1,1,6,1,31,6,-1,-1,-1,3,1,3
2018460322334,2,9,0,2,0,0,0,0,0,0,3,1,6,1,37,7,1895,1,19,3,1,3
2018460322334,3,9,0,2,0,0,0,0,1,0,2,1,6,1,30,6,1798,1,5,3,1,3
2018460322334,4,9,0,2,0,0,0,0,0,0,2,1,6,1,50,8,2499,1,13,3,1,3
2018460322392,1,9,0,18,0,1,0,0,0,0,1,1,2,1,33,6,2324,1,15,7,3,7
2018460322424,1,9,-1,4,0,0,0,0,0,0,1,1,6,1,35,6,2402,2,10,8,3,8
2018460322424,2,19,0,3,0,0,0,0,0,0,2,1,6,1,40,7,1753,2,9,6,3,6
2018460322446,1,9,0,4,0,0,0,0,0,0,1,1,2,2,25,5,1242,1,6,10,1,10
2018460322446,2,9,0,4,0,0,0,0,0,0,2,1,1,1,55,8,1998,8,-1,4,3,4
2018460322449,1,9,0,9,0,8,0,0,0,0,1,1,6,2,25,5,2000,2,12,1,1,1
2018460322449,2,11,0,18,0,8,0,0,0,0,2,1,1,1,40,7,8300,2,12,4,1,4
2018460322464,1,9,0,9,0,1,0,0,0,0,1,1,6,2,47,8,1969,8,1,7,3,7
2018460322464,2,9,0,3,0,1,0,0,0,0,2,1,6,2,58,9,1596,1,6,7,3,7
2018460322468,1,1,0,9,0,8,0,0,0,0,0,1,6,1,60,9,-1,-1,-1,8,3,8
2018460322477,1,9,0,18,0,1,0,0,0,0,1,1,6,1,71,10,998,1,1,6,1,6
2018460322477,2,5,0,9,0,2,0,0,0,0,2,1,6,1,52,8,599,1,17,5,1,5