Accident_Index,Vehicle_Reference,Vehicle_Type,Towing_and_Articulation,Vehicle_Manoeuvre,Vehicle_Location-Restricted_Lane,Junction_Location,Skidding_and_Overturning,Hit_Object_in_Carriageway,Vehicle_Leaving_Carriageway,Hit_Object_off_Carriageway,1st_Point_of_Impact,Was_Vehicle_Left_Hand_Drive?,Journey_Purpose_of_Driver,Sex_of_Driver,Age_of_Driver,Age_Band_of_Driver,Engine_Capacity_(CC),Propulsion_Code,Age_of_Vehicle,Driver_IMD_Decile,Driver_Home_Area_Type,Vehicle_IMD_Decile
2018460322479,1,1,0,18,9,0,0,0,7,2,1,1,6,1,56,9,-1,-1,-1,1,1,1
2018460322488,1,9,0,18,0,0,0,0,0,0,1,1,6,2,42,7,1242,1,13,6,1,6
2018460322488,2,9,0,18,0,0,0,0,0,0,1,1,6,2,40,7,1598,2,5,8,3,8
2018460322518,1,9,0,3,0,1,1,0,0,0,1,1,6,1,19,4,1398,1,1,6,1,6
2018460322518,2,9,0,5,0,1,0,0,0,0,2,1,6,2,50,8,1968,2,1,3,1,3
2018460322532,1,9,0,18,0,1,0,0,0,0,1,1,6,2,55,8,1598,1,2,9,1,9
2018460322532,2,9,0,3,0,1,0,0,0,0,2,1,6,2,-1,-1,1598,1,9,10,1,10
2018460322556,1,9,0,16,0,0,0,0,0,0,1,1,6,1,53,8,-1,-1,-1,8,3,8
2018460322556,2,9,0,17,0,0,0,0,0,0,1,1,1,2,29,6,1988,1,-1,10,2,10
2018460322589,1,9,0,18,0,0,0,0,0,0,1,1,6,3,-1,-1,-1,-1,-1,-1,-1,-1
2018460322589,2,5,0,6,0,0,0,0,0,0,1,1,5,2,46,8,1133,1,1,8,1,8
2018460322593,1,9,0,18,0,8,0,0,0,0,1,1,6,2,23,5,1898,1,17,10,1,10
2018460322593,2,9,0,18,0,8,0,10,0,0,4,1,6,1,52,8,1197,1,1,2,1,2
2018460322617,1,9,0,18,9,-1,0,0,1,0,1,1,6,3,37,7,-1,-1,-1,-1,-1,-1
2018460322627,1,3,0,4,6,0,1,0,0,0,0,1,6,1,27,6,-1,-1,-1,5,1,5
2018460322635,1,9,0,13,0,0,-1,7,7,0,3,1,1,1,38,7,1229,1,4,6,1,6
2018460322654,1,9,0,18,0,0,5,4,0,0,1,1,5,1,17,4,1598,1,14,2,1,2
2018460322654,2,9,0,2,0,0,0,0,0,0,2,1,5,2,38,7,1461,2,8,7,2,7
2018460322656,1,9,0,9,0,8,0,7,1,0,2,1,2,1,40,7,2191,2,1,5,1,5
2018460322656,2,9,0,3,0,4,0,0,0,0,1,1,1,2,37,7,1995,2,6,2,1,2
2018460322668,1,9,0,17,0,0,0,10,1,0,1,1,6,2,37,7,-1,-1,-1,2,1,2
2018460322669,1,9,0,18,0,0,0,0,0,0,1,1,6,1,19,4,1388,1,14,7,1,7
2018460322669,2,9,0,3,0,0,0,0,0,0,1,1,2,1,61,9,1461,2,4,3,1,3
2018460322689,1,9,0,16,0,0,0,0,0,0,1,1,6,2,38,7,-1,-1,-1,8,1,8
2018460322689,2,98,0,17,0,0,0,0,0,0,1,1,1,1,60,9,-1,-1,-1,6,2,6
2018460322711,1,9,0,17,0,8,0,0,0,0,1,1,6,2,21,5,1149,1,15,2,1,2
2018460322711,2,9,0,18,0,8,0,0,0,0,1,1,6,1,43,7,2993,2,2,7,1,7
2018460322715,1,9,0,18,0,0,0,0,0,0,1,1,6,2,40,7,1348,1,10,5,1,5
2018460322715,2,9,0,18,0,0,0,0,1,0,4,1,6,1,24,5,1984,1,7,10,1,10
2018460322801,1,9,0,18,0,0,0,0,0,0,1,1,6,1,78,11,999,1,8,6,3,6
2018460322801,2,9,0,4,0,0,0,0,0,0,1,1,6,1,79,11,1999,1,10,5,3,5
2018460322801,3,9,0,4,0,0,0,0,0,0,1,1,6,2,51,8,1596,1,15,5,1,5
2018460322801,4,9,0,4,0,0,0,0,0,0,1,1,6,1,22,5,1956,2,3,6,1,6
2018460322837,1,9,0,9,0,6,0,0,0,0,1,1,6,3,-1,-1,-1,-1,-1,-1,-1,-1
2018460322837,2,9,0,9,0,6,0,0,0,0,3,1,6,2,26,6,1596,1,16,2,1,2
2018460322842,1,9,0,18,0,0,0,0,0,0,4,1,6,1,38,7,1595,1,19,1,1,1
2018460322842,2,9,0,9,0,0,0,0,0,0,1,1,6,3,-1,-1,1598,1,12,-1,-1,-1
2018460322850,1,9,0,1,0,0,0,0,0,0,2,1,6,1,-1,-1,1422,2,15,3,1,3
2018460322850,2,4,0,2,0,0,0,0,0,0,3,1,5,1,39,7,471,1,2,2,1,2
2018460322865,1,9,0,5,0,6,0,0,0,0,1,1,6,2,63,9,1197,1,3,4,1,4
2018460322872,1,2,0,18,0,0,1,0,0,0,1,1,5,1,17,4,49,1,15,7,1,7
2018460322872,2,9,0,18,0,0,1,0,0,0,1,1,1,1,19,4,1368,1,12,8,1,8
2018460322881,1,19,0,13,0,3,0,0,0,0,3,1,6,2,32,6,1248,2,6,6,2,6
2018460322881,2,9,0,16,0,3,0,0,0,0,4,1,6,1,24,5,1668,1,17,8,3,8
2018460322881,3,9,0,16,0,3,0,0,0,0,0,1,6,3,-1,-1,-1,-1,-1,-1,-1,-1
2018460322934,1,9,0,4,0,1,0,0,0,0,0,1,6,1,61,9,1200,1,-1,-1,-1,-1
2018460322934,2,4,0,4,0,2,0,0,0,0,0,1,6,1,31,6,599,1,3,9,1,9
2018460322954,1,9,0,18,0,4,0,0,0,0,1,1,6,1,42,7,1598,1,11,6,1,6
2018460322954,2,1,0,18,0,8,0,0,-1,0,4,1,6,2,62,9,-1,-1,-1,8,1,8
2018460322963,1,9,0,18,0,0,0,0,0,0,1,1,6,1,-1,-1,-1,-1,-1,2,2,2
2018460322968,1,19,0,18,0,1,0,0,0,0,1,1,1,1,24,5,1560,2,4,3,1,3
2018460322968,2,17,0,18,0,1,0,0,0,0,2,1,1,1,31,6,854,2,2,6,3,6
2018460323007,1,9,0,3,0,1,0,0,0,0,1,1,6,1,34,6,1587,1,14,4,1,4
2018460323007,2,9,0,4,0,1,0,0,0,0,2,1,6,2,44,7,1242,1,9,1,1,1
2018460323013,1,9,0,18,0,0,0,0,0,0,2,1,6,2,39,7,1997,2,17,1,1,1
2018460323013,2,9,0,18,0,0,0,0,0,0,1,1,6,1,46,8,1968,2,6,3,1,3
2018460323018,1,9,0,17,0,0,5,0,1,0,1,1,1,1,44,7,2393,2,1,7,3,7
2018460323018,2,9,0,16,0,0,0,0,0,0,1,1,1,1,59,9,1422,2,11,1,3,1
2018460323024,1,9,0,4,0,0,0,0,0,0,1,1,6,2,49,8,1992,2,13,3,1,3
2018460323024,2,9,0,4,0,0,0,0,0,0,2,1,6,2,31,6,1685,2,-1,7,1,7
2018460323057,1,9,0,9,0,6,0,0,0,0,1,1,6,2,55,8,1796,1,10,6,3,6
2018460323057,2,9,0,18,0,1,1,0,0,0,3,1,2,1,40,7,1796,1,13,9,1,9
2018460323071,1,9,0,18,0,0,0,0,0,0,1,1,6,1,44,7,2000,1,14,3,1,3
2018460323071,2,3,0,18,0,0,0,0,0,0,1,1,2,2,48,8,124,1,4,5,2,5
2018460323073,1,9,0,3,0,0,0,0,0,0,1,1,6,1,63,9,1084,1,-1,4,3,4
2018460323073,2,9,0,18,0,0,0,0,0,0,2,1,6,2,35,6,1587,1,13,1,1,1
2018460323103,1,9,0,18,0,0,0,0,1,0,2,1,6,1,31,6,1796,2,5,5,3,5
2018460323103,2,9,0,18,0,0,0,0,0,0,1,1,6,1,40,7,-1,-1,-1,-1,-1,-1
2018460323106,1,9,0,1,0,0,0,4,0,0,2,1,6,1,31,6,1598,1,11,5,1,5
2018460323106,2,9,0,2,0,0,0,4,0,0,1,1,6,3,-1,-1,1781,1,18,-1,-1,-1
2018460323129,1,9,0,16,0,0,0,0,0,0,4,1,6,1,-1,-1,1598,1,4,-1,-1,-1
2018460323129,2,9,0,17,0,0,2,0,0,0,3,1,6,1,51,8,-1,-1,-1,7,3,7
2018460323130,1,9,0,18,0,1,0,0,0,0,1,1,6,1,20,4,1198,1,13,10,3,10
2018460323130,2,9,0,9,0,1,0,0,0,0,1,1,6,1,51,8,1560,2,3,6,1,6
2018460323130,3,9,0,10,0,1,0,0,0,0,2,1,6,1,35,6,1985,1,14,5,2,5
2018460323132,1,98,1,12,0,0,0,0,0,0,1,1,1,1,38,7,-1,-1,-1,-1,-1,-1
2018460323132,2,9,0,18,0,0,1,0,0,0,4,1,2,1,39,7,2143,2,1,3,1,3
2018460323132,3,9,0,18,0,0,0,0,0,0,4,1,2,1,24,5,1197,1,1,4,3,4
2018460323152,1,9,0,4,0,0,0,0,0,0,1,1,6,1,22,5,1968,2,5,5,2,5
2018460323152,2,9,0,3,0,0,0,0,0,0,2,1,6,1,52,8,1399,2,16,10,2,10
2018460323153,1,9,0,18,0,0,0,0,0,0,0,1,6,1,-1,-1,-1,-1,-1,-1,-1,-1
2018460323153,2,1,0,18,0,0,0,0,0,0,0,1,6,1,18,4,-1,-1,-1,1,1,1
2018460323166,1,4,0,4,0,0,0,0,0,0,1,1,6,1,28,6,599,1,10,6,1,6
2018460323166,2,9,0,4,0,0,0,0,0,0,2,1,6,1,24,5,1598,1,17,2,2,2
2018460323181,1,9,0,9,0,0,0,0,0,0,3,1,2,1,31,6,1598,2,-1,3,1,3
2018460323181,2,5,0,13,0,0,0,0,7,4,4,1,2,1,52,8,942,1,4,4,1,4
2018460323183,1,9,0,7,0,3,0,0,7,0,1,1,6,3,-1,-1,2993,2,11,-1,-1,-1
2018460323183,2,9,0,10,0,1,0,0,0,0,3,1,6,1,65,9,2143,2,2,8,3,8
2018460323194,1,1,0,18,0,0,0,0,0,0,1,1,6,1,-1,-1,-1,-1,-1,-1,-1,-1
2018460323194,2,9,0,9,0,0,0,0,0,0,3,1,5,1,37,7,2143,2,2,6,1,6
2018460323231,1,9,0,18,0,1,0,0,0,0,3,1,6,1,48,8,2460,2,12,6,2,6
2018460323231,2,9,0,9,0,5,0,0,0,0,3,1,6,2,36,7,1242,1,11,4,1,4
2018460323237,1,9,0,9,0,1,0,0,0,0,1,1,6,1,23,5,-1,-1,-1,3,1,3
2018460323489,1,9,0,18,0,1,0,0,1,2,4,1,6,1,24,5,2494,1,19,2,1,2
2018460323491,1,9,0,18,0,6,0,0,8,10,1,1,6,2,30,6,998,1,1,6,2,6
2018460323497,1,5,0,12,0,1,0,0,4,0,1,1,2,1,31,6,999,1,3,7,1,7
2018460323497,2,19,0,18,0,1,0,0,0,0,2,1,2,1,60,9,1998,2,13,2,1,2
2018460323509,1,9,0,18,0,0,0,0,1,0,1,1,6,2,19,4,1242,1,5,7,1,7
2018460323509,2,9,0,3,0,0,0,0,1,0,0,1,6,2,44,7,1086,1,12,4,1,4
2018460323510,1,9,0,17,0,4,0,0,0,0,1,1,6,2,58,9,1461,2,8,1,3,1
2018460323510,2,9,0,17,0,4,0,9,7,0,1,1,6,1,24,5,1998,1,-1,9,1,9
2018460323526,1,9,0,9,0,6,0,0,0,0,4,1,6,1,22,5,1991,2,9,-1,-1,-1
2018460323526,2,9,0,18,0,8,0,0,0,0,1,1,6,2,31,6,2179,2,3,8,2,8
2018460323547,1,5,0,18,0,0,0,0,0,0,1,1,6,1,28,6,847,1,-1,1,3,1
2018460323547,2,9,0,12,0,0,0,0,0,0,2,1,6,2,53,8,1997,2,4,7,1,7
2018460323569,1,9,0,18,0,0,0,0,0,0,1,1,6,1,75,10,998,1,4,7,1,7
2018460323569,2,9,0,2,0,0,0,0,0,0,2,1,1,1,28,6,1499,2,3,7,1,7
2018460323571,1,1,0,18,9,6,0,0,0,0,1,1,2,1,35,6,-1,-1,-1,2,1,2
2018460323571,2,9,0,4,0,1,0,0,0,0,1,1,5,1,48,8,1596,1,15,3,1,3
2018460323577,1,9,0,15,0,0,0,0,0,0,4,1,2,1,71,10,1995,2,6,6,1,6
2018460323577,2,1,0,18,0,0,0,0,0,0,3,1,6,1,55,8,-1,-1,-1,8,1,8
2018460323590,1,19,0,3,0,0,0,0,0,0,2,1,1,1,37,7,2198,2,2,1,1,1
2018460323590,2,19,0,3,0,0,0,0,0,0,2,1,1,1,64,9,1461,2,1,9,1,9
2018460323590,3,9,0,3,0,0,0,0,0,0,1,1,1,1,19,4,-1,-1,-1,1,3,1
2018460323593,1,9,0,18,0,1,0,0,0,0,4,1,6,2,24,5,1198,1,1,6,1,6
2018460323601,1,9,0,18,0,0,0,0,0,0,3,1,1,1,-1,-1,-1,-1,-1,-1,-1,-1
2018460323655,1,9,0,9,0,4,0,0,0,0,1,1,6,2,44,7,-1,-1,-1,4,3,4
2018460323655,2,9,0,7,0,3,0,0,0,0,1,1,1,1,48,8,1000,1,2,6,3,6
2018460323668,1,19,0,18,0,0,1,10,0,0,3,1,1,1,22,5,2402,2,11,2,1,2
2018460323668,2,19,0,18,0,0,1,0,0,0,3,1,1,1,26,6,1995,2,2,5,2,5
2018460323677,1,3,0,18,0,0,2,0,0,0,1,1,6,1,19,4,123,1,2,3,3,3
2018460323677,2,97,0,18,0,0,1,0,0,0,1,1,6,1,19,4,-1,-1,-1,4,2,4
2018460323680,1,98,0,16,0,0,0,0,0,0,3,1,2,1,35,6,-1,-1,-1,6,-1,6
2018460323680,2,9,0,17,0,0,0,0,0,0,4,1,6,2,50,8,1596,1,14,4,3,4
2018460323710,1,9,0,18,0,8,0,0,0,0,1,1,6,1,-1,-1,2316,1,20,1,1,1
2018460323716,1,19,0,16,0,0,1,0,0,0,1,1,1,1,39,7,1753,2,15,7,3,7
2018460323716,2,9,0,4,0,0,0,0,0,0,2,1,6,1,72,10,1200,1,-1,6,1,6
2018460323716,3,9,0,4,0,0,0,0,0,0,1,1,6,2,53,8,2204,2,12,9,1,9
2018460323743,1,98,0,11,0,0,0,0,0,0,3,1,1,1,29,6,-1,-1,-1,-1,-1,-1
2018460323743,2,9,0,18,0,0,2,0,0,0,4,1,6,2,23,5,1149,1,8,8,2,8
2018460323768,1,9,0,18,0,1,1,0,0,0,1,1,2,1,30,6,2499,1,5,7,1,7
2018460323768,2,9,0,4,0,5,0,0,1,0,3,1,6,1,55,8,2198,1,13,9,1,9
2018460323768,3,9,0,4,0,5,0,0,1,0,2,1,6,1,33,6,1968,2,6,4,1,4
2018460323814,1,9,0,18,0,1,0,0,0,0,4,1,6,1,17,4,1596,1,12,5,1,5
2018460323814,2,9,0,18,0,2,0,0,0,0,3,1,6,3,22,5,1598,1,9,3,1,3
2018460323832,1,9,0,18,0,0,1,0,0,0,1,1,6,2,22,5,1596,1,14,3,1,3
2018460323832,2,9,0,18,0,0,0,0,0,0,2,1,6,2,24,5,1388,1,19,1,1,1
2018460323832,3,9,0,18,0,0,0,0,0,0,0,1,1,1,40,7,1598,2,2,6,1,6
2018460323876,1,9,0,5,0,1,0,0,0,0,1,1,6,1,22,5,998,1,4,6,1,6
2018460323915,1,9,0,18,0,0,0,11,0,0,1,1,6,3,-1,-1,-1,-1,-1,-1,-1,-1
2018460323926,1,3,0,18,0,6,0,0,0,0,1,1,6,1,31,6,124,1,1,2,2,2
2018460323926,2,9,0,9,0,8,0,0,0,0,2,1,6,2,22,5,1248,2,10,7,1,7
2018460323931,1,9,0,18,0,2,0,4,0,0,1,1,6,2,43,7,1461,2,8,10,1,10
2018460323931,2,9,0,2,0,2,0,0,0,0,2,1,6,1,-1,-1,1598,1,10,9,1,9
2018460323938,1,11,0,2,3,0,0,0,0,0,0,1,1,1,49,8,4500,2,9,4,1,4
2018460323940,1,5,0,18,0,2,1,0,0,0,1,1,6,1,31,6,636,1,12,2,1,2
2018460323940,2,9,0,18,0,2,0,0,0,0,2,1,6,1,31,6,1560,2,3,3,1,3
2018460323955,1,9,0,18,0,0,0,0,0,0,1,1,1,3,-1,-1,-1,-1,-1,-1,-1,-1
2018460323959,1,9,0,18,0,0,0,0,0,0,1,1,6,1,62,9,1999,1,10,1,1,1
2018460323966,1,-1,0,18,0,0,0,0,0,0,1,1,6,3,-1,-1,-1,-1,-1,-1,-1,-1
2018460323966,2,1,0,18,0,0,0,0,0,0,4,1,6,1,25,5,-1,-1,-1,7,1,7
2018460323974,1,9,0,1,9,0,0,0,0,0,2,1,1,2,49,8,2143,2,4,2,1,2
2018460323976,1,9,0,18,0,0,0,0,2,0,1,1,6,1,46,8,4999,1,1,3,3,3
2018460323976,2,9,0,18,0,0,0,0,0,0,2,1,6,1,39,7,1986,2,11,1,1,1
2018460323982,1,9,0,17,0,0,0,0,1,1,0,1,6,2,43,7,3199,1,17,2,1,2
2018460323985,1,19,0,18,0,0,0,0,0,0,0,1,6,1,61,9,1870,2,12,9,3,9
2018460323985,2,9,0,4,0,0,0,0,0,0,1,1,6,1,29,6,1596,1,9,7,1,7
2018460323999,1,9,0,18,0,0,1,0,7,1,3,1,6,2,23,5,1349,1,6,5,1,5
2018460324021,1,9,0,18,0,0,0,0,0,0,1,1,6,1,17,4,-1,-1,-1,4,1,4
2018460324029,1,9,0,17,0,0,1,0,0,0,1,1,6,1,25,5,1598,1,12,3,1,3
2018460324033,1,9,0,5,0,4,0,0,0,0,1,1,6,2,27,6,1598,1,12,2,1,2
2018460324033,2,9,0,18,0,8,0,0,0,0,4,1,6,1,48,8,1560,2,5,3,1,3
2018460324048,1,3,0,18,0,0,0,0,0,0,1,1,6,1,25,5,124,1,9,5,1,5
2018460324048,2,9,0,9,0,0,0,0,0,0,2,1,6,1,38,7,1329,1,5,4,1,4
2018460324062,1,9,4,18,0,0,3,0,1,7,3,1,6,1,48,8,2495,2,20,8,1,8
2018460324070,1,9,0,11,0,0,0,0,1,0,2,1,6,2,54,8,1998,1,7,2,1,2
2018460324070,2,9,0,18,0,0,0,0,0,0,1,1,1,1,54,8,-1,-1,-1,9,1,9
2018460324207,1,9,0,6,0,0,0,0,0,0,3,1,6,1,64,9,-1,-1,-1,3,3,3
2018460324207,2,5,0,13,0,0,0,0,0,0,1,1,6,1,56,9,1200,1,2,4,1,4
2018460324248,1,9,0,4,0,0,0,0,0,0,1,1,6,1,-1,-1,1997,1,3,-1,-1,-1
2018460324248,2,9,0,4,0,0,0,0,0,0,2,1,6,1,59,9,1461,2,2,3,1,3
2018460324332,1,9,0,5,0,6,0,0,0,0,3,1,6,2,45,7,1796,1,10,2,1,2
2018460324332,2,9,0,16,0,1,0,0,0,0,3,1,6,1,35,6,1984,1,-1,10,1,10
2018460324350,1,3,0,5,0,0,0,0,0,0,3,1,1,1,51,8,108,1,-1,2,1,2
2018460324350,2,9,0,11,0,0,0,0,0,0,4,1,6,2,68,10,1198,1,3,5,3,5
2018460324411,1,9,0,3,0,0,0,0,0,0,1,1,6,1,19,4,1328,1,15,8,3,8
2018460324411,2,9,0,3,0,0,0,0,0,0,1,1,2,2,40,7,1329,1,3,5,1,5
2018460324414,1,97,0,13,0,1,0,0,0,0,0,1,6,3,-1,-1,-1,-1,-1,-1,-1,-1
2018460324414,2,9,0,4,0,1,0,0,0,0,0,1,6,1,67,10,1975,1,17,2,1,2
2018460324414,3,97,0,4,0,1,0,0,0,0,2,1,6,1,57,9,-1,-1,-1,2,1,2
2018460324414,4,5,0,4,0,1,0,0,0,0,1,1,6,1,25,5,599,1,18,1,3,1
2018460324440,1,9,0,18,0,8,0,4,0,0,1,1,6,1,23,5,2198,2,13,1,2,1
2018460324440,2,9,0,2,0,2,0,4,0,0,2,1,6,2,68,10,2393,1,14,4,1,4
2018460324440,3,9,0,2,0,2,0,0,0,0,2,1,6,1,-1,-1,2902,2,12,-1,-1,-1
2018460324440,4,1,0,18,0,8,0,0,0,0,4,1,6,2,67,10,-1,-1,-1,1,1,1
2018460324461,1,9,0,9,0,6,0,0,0,0,1,1,1,2,43,7,1753,2,10,8,2,8
2018460324461,2,5,0,18,0,1,0,0,0,0,3,1,1,1,28,6,675,1,10,6,1,6
2018460324475,1,9,0,9,0,5,0,0,0,0,0,1,6,3,-1,-1,-1,-1,-1,-1,-1,-1
2018460324475,2,9,0,18,0,1,1,0,0,0,0,1,6,1,73,10,1997,1,15,6,1,6
2018460324497,1,1,0,5,0,0,0,0,0,0,1,1,6,1,14,3,-1,-1,-1,9,1,9
2018460324497,2,9,0,18,0,0,0,0,0,0,2,1,6,2,46,8,1349,1,5,9,2,9
2018460324498,1,9,0,4,0,0,0,0,0,0,1,1,2,1,37,7,1796,1,10,5,1,5
2018460324498,2,9,0,4,0,0,0,0,0,0,2,1,6,2,50,8,998,1,-1,3,1,3
2018460324611,1,9,0,18,0,0,0,0,0,0,1,1,6,1,27,6,1753,2,11,7,1,7
2018460324611,2,9,0,18,0,0,0,0,0,0,2,1,6,1,58,9,2993,2,6,2,1,2
2018460324615,1,9,0,9,0,1,0,0,0,0,4,1,2,1,21,5,1197,1,4,6,1,6
2018460324615,2,3,0,18,0,1,0,0,0,0,1,1,6,1,24,5,125,1,7,2,1,2
2018460324680,1,3,0,4,0,1,5,0,0,0,1,1,5,1,47,8,125,1,2,1,1,1
2018460324680,2,9,0,4,0,1,0,0,0,0,2,1,5,2,46,8,1199,1,16,4,1,4
2018460324698,1,98,1,18,0,0,0,0,0,0,3,1,1,1,53,8,-1,-1,-1,-1,-1,-1
2018460324698,2,9,0,18,0,0,0,0,0,0,4,1,6,1,71,10,1896,2,15,10,1,10
2018460324698,3,9,0,18,0,0,0,0,0,0,2,1,6,1,33,6,-1,-1,-1,4,1,4
2018460324698,4,9,0,18,0,0,0,0,0,0,0,1,6,1,-1,-1,-1,-1,-1,-1,-1,-1
2018460324715,1,5,0,17,0,0,0,0,0,0,3,1,6,1,52,8,748,1,30,3,1,3
2018460324728,1,9,0,18,0,0,0,0,0,0,3,1,6,2,32,6,1461,2,2,2,1,2
2018460324728,2,9,0,18,0,0,0,0,0,0,3,1,6,1,87,11,1398,1,2,3,1,3
2018460324742,1,9,0,8,0,8,0,0,0,0,3,1,5,2,29,6,1896,2,14,1,1,1
2018460324742,2,9,0,18,0,1,0,0,0,0,4,1,5,1,29,6,-1,-1,-1,3,1,3
2018460324744,1,9,0,18,0,1,1,7,1,10,1,1,6,1,62,9,998,1,10,6,1,6
2018460324768,1,9,0,18,0,0,0,4,0,0,4,1,6,1,56,9,1781,1,16,8,1,8
2018460324768,2,9,0,2,0,0,0,0,0,0,3,1,6,1,-1,-1,1968,2,10,6,1,6
2018460324768,3,9,0,2,0,0,0,0,0,0,1,1,6,2,-1,-1,1896,2,8,6,1,6
2018460324818,1,19,0,11,0,3,5,0,0,0,0,1,1,1,31,6,2143,2,5,3,1,3
2018460324834,1,9,0,17,0,1,0,0,0,0,1,1,6,1,-1,-1,1560,2,6,10,2,10
2018460324834,2,9,0,16,0,1,0,0,0,0,1,1,1,1,64,9,-1,-1,-1,4,2,4
2018460324887,1,9,0,18,0,0,1,7,2,7,1,1,5,2,35,6,1582,2,6,8,-1,8
2018460325039,1,9,0,1,0,5,0,0,0,0,2,1,6,3,-1,-1,1390,1,13,-1,-1,-1
2018460325062,1,9,0,17,0,1,5,0,7,0,1,1,6,1,27,6,3200,2,14,-1,-1,-1
2018460325080,1,9,0,16,0,0,5,10,1,2,1,1,6,1,18,4,998,1,10,4,2,4
2018460325107,1,2,0,18,0,8,0,0,0,0,1,1,6,1,16,4,49,1,3,5,1,5
2018460325107,2,19,0,18,0,1,0,0,0,0,1,1,6,1,28,6,1968,2,12,5,1,5
2018460325147,1,9,0,9,0,8,0,0,0,0,1,1,6,2,29,6,1242,1,8,2,1,2
2018460325147,2,9,0,18,0,8,0,0,0,0,3,1,6,1,24,5,1956,2,3,4,2,4
2018460325147,3,90,0,18,0,8,0,0,2,0,0,1,6,1,25,5,-1,-1,-1,3,1,3
2018460325237,1,9,0,12,0,6,0,0,0,0,1,1,5,1,27,6,1896,2,13,2,1,2
2018460325237,2,9,0,18,0,8,0,0,0,0,1,1,6,2,52,8,1499,1,2,4,2,4
2018460325237,3,9,0,18,0,6,0,0,0,0,0,1,1,1,52,8,2993,2,4,7,1,7
2018460325358,1,9,0,18,0,0,0,0,1,0,4,1,6,1,58,9,1998,2,12,4,1,4
2018460325358,2,9,0,18,0,0,0,0,0,0,1,1,5,1,50,8,5379,1,16,10,1,10
2018460325380,1,9,0,18,0,8,0,0,1,0,1,1,6,1,33,6,4163,1,15,8,2,8
2018460325380,2,21,0,18,0,8,0,0,0,0,3,1,1,1,53,8,11020,2,12,2,1,2
2018460325380,3,9,0,18,0,8,0,0,1,0,1,1,6,1,61,9,1560,2,12,9,1,9
2018460325434,1,98,1,4,0,0,0,0,0,0,1,1,6,1,-1,-1,-1,-1,-1,-1,-1,-1
2018460325434,2,9,0,4,0,0,0,0,0,0,2,1,6,2,43,7,1242,1,1,9,1,9
2018460325437,1,9,5,18,9,1,5,0,1,0,1,1,6,2,33,6,1998,1,14,4,3,4
2018460325438,1,9,0,3,0,1,1,7,0,0,1,1,6,1,36,7,1968,2,9,4,1,4
2018460325438,2,9,0,3,0,1,0,10,0,0,2,1,6,2,48,8,-1,-1,-1,5,1,5
2018460325438,3,9,0,9,0,1,0,10,0,0,2,1,6,2,37,7,1769,1,13,4,1,4
2018460325438,4,9,0,18,0,1,0,10,0,0,2,1,6,1,26,6,1968,2,6,3,1,3
2018460325450,1,97,0,4,9,0,0,0,0,0,1,1,5,1,-1,-1,-1,-1,-1,-1,-1,-1
2018460325450,2,9,0,18,0,0,0,0,0,0,4,1,5,2,19,4,1199,1,15,2,1,2
2018460325452,1,9,0,6,0,0,0,0,1,0,4,1,1,2,55,8,2231,2,7,9,3,9
2018460325452,2,9,0,18,0,0,0,0,0,0,3,1,1,1,41,7,1598,2,2,-1,-1,-1
2018460325452,3,9,0,4,0,0,0,0,0,0,1,1,6,1,34,6,1248,1,-1,1,1,1
2018460325486,1,9,0,16,0,0,0,4,0,0,3,1,6,1,20,4,998,1,1,2,1,2
2018460325486,2,9,0,2,0,0,0,4,1,0,2,1,6,3,-1,-1,1598,1,13,-1,-1,-1
2018460325486,3,9,0,2,0,0,0,0,1,0,2,1,6,3,-1,-1,1598,1,15,-1,-1,-1
2018460325492,1,9,0,18,0,0,0,0,0,0,4,1,6,2,55,8,-1,-1,-1,4,3,4
2018460325509,1,90,0,11,0,0,0,0,0,0,4,1,6,1,65,9,-1,-1,-1,1,1,1
2018460325509,2,9,0,18,0,0,0,0,0,0,3,1,6,2,20,4,1229,1,7,5,1,5
2018460325517,1,1,0,18,0,0,2,4,0,0,1,1,6,1,13,3,-1,-1,-1,3,1,3
2018460325517,2,-1,0,2,0,0,0,0,0,0,2,1,6,3,-1,-1,-1,-1,-1,-1,-1,-1
2018460325545,1,9,0,18,0,0,0,0,0,0,4,1,6,1,74,10,1968,2,7,8,1,8
2018460325545,2,9,0,18,0,0,0,0,0,0,3,1,6,2,22,5,1910,2,10,4,3,4
2018460325556,1,9,0,4,0,0,0,0,0,0,1,1,6,1,43,7,1388,1,14,1,1,1
2018460325556,2,9,0,4,0,0,0,0,0,0,2,1,6,1,24,5,-1,-1,-1,8,1,8
2018460325587,1,9,0,18,0,2,0,0,0,0,4,1,2,1,26,6,2143,2,7,8,1,8
2018460325587,2,9,0,18,0,8,0,0,0,0,3,1,2,1,34,6,1988,1,15,5,3,5
2018460325611,1,9,0,5,0,6,5,0,0,0,4,1,5,1,89,11,999,1,1,-1,-1,-1
2018460325611,2,9,0,18,0,8,2,0,1,0,1,1,5,1,18,4,2179,2,4,2,2,2
2018460325612,1,9,0,18,0,0,0,0,0,0,1,1,2,1,30,6,-1,-1,-1,9,1,9
2018460325612,2,9,0,2,0,0,0,0,0,0,2,1,5,2,32,6,1149,1,14,2,1,2