Accident_Index,Vehicle_Reference,Vehicle_Type,Towing_and_Articulation,Vehicle_Manoeuvre,Vehicle_Location-Restricted_Lane,Junction_Location,Skidding_and_Overturning,Hit_Object_in_Carriageway,Vehicle_Leaving_Carriageway,Hit_Object_off_Carriageway,1st_Point_of_Impact,Was_Vehicle_Left_Hand_Drive?,Journey_Purpose_of_Driver,Sex_of_Driver,Age_of_Driver,Age_Band_of_Driver,Engine_Capacity_(CC),Propulsion_Code,Age_of_Vehicle,Driver_IMD_Decile,Driver_Home_Area_Type,Vehicle_IMD_Decile
2018460329505,1,9,0,18,0,0,0,0,0,0,1,1,1,1,44,7,1896,2,10,3,1,3
2018460329506,1,9,0,18,0,1,0,0,0,0,4,1,6,2,21,5,1399,2,14,4,1,4
2018460329506,2,11,0,12,0,2,0,0,0,0,3,1,1,1,19,4,4461,2,3,3,1,3
2018460329525,1,9,0,18,0,0,0,0,0,0,1,1,6,1,-1,-1,1596,1,16,-1,-1,-1
2018460329525,2,9,0,3,0,0,0,0,0,0,2,1,6,2,49,8,1796,1,13,9,1,9
2018460329525,3,9,0,3,0,0,0,0,0,0,2,1,6,1,34,6,1797,8,7,5,1,5
2018460329546,1,9,0,18,0,0,2,0,1,0,4,1,6,2,89,11,1598,1,16,10,2,10
2018460329569,1,9,0,9,0,0,1,0,0,0,1,1,2,1,26,6,-1,-1,-1,6,1,6
2018460329569,2,9,0,17,0,0,1,0,0,0,1,1,6,1,69,10,1997,2,1,8,1,8
2018460329583,1,9,0,9,0,1,0,0,1,0,1,1,6,1,86,11,1591,1,7,3,1,3
2018460329583,2,1,0,18,0,1,5,0,1,0,4,1,6,1,67,10,-1,-1,-1,9,1,9
2018460329614,1,9,0,4,0,1,0,0,0,0,1,1,6,2,30,6,1248,1,-1,2,1,2
2018460329614,2,9,0,2,0,1,0,0,0,0,1,1,6,1,25,5,1461,2,2,2,1,2
2018460329614,3,9,0,18,0,2,0,0,0,0,0,1,1,1,-1,-1,1598,2,-1,1,1,1
2018460329616,1,90,0,18,0,1,0,0,1,0,1,1,1,1,44,7,-1,-1,-1,9,3,9
2018460329616,2,19,0,3,0,1,0,0,0,0,2,1,1,1,35,6,1995,2,7,7,1,7
2018460329616,3,9,0,10,0,1,0,0,0,0,2,1,2,2,20,4,1000,1,4,10,1,10
2018460329652,1,9,0,18,0,0,0,0,0,0,0,1,6,1,23,5,1598,1,13,1,1,1
2018460329683,1,9,0,5,0,1,1,0,1,0,3,1,6,1,27,6,4163,1,7,4,3,4
2018460329683,2,9,0,18,0,1,1,0,0,0,1,1,1,1,70,10,2198,2,3,1,1,1
2018460329683,3,9,0,2,0,1,0,0,0,0,4,1,6,1,30,6,1968,2,12,2,1,2
2018460329734,1,9,0,5,0,8,0,0,0,0,1,1,6,2,-1,-1,1995,2,6,8,1,8
2018460329734,2,9,0,18,0,1,0,0,0,0,3,1,6,2,47,8,1995,2,12,8,1,8
2018460329871,1,9,0,18,0,0,0,10,7,0,1,1,6,1,88,11,1998,1,23,8,1,8
2018460329874,1,19,0,18,0,0,0,0,0,0,1,1,2,1,58,9,1560,2,-1,7,1,7
2018460329874,2,9,0,3,0,0,0,0,0,0,2,1,6,2,68,10,998,1,1,4,1,4
2018460329874,3,9,0,3,0,0,0,0,0,0,2,1,2,1,26,6,1896,2,16,7,1,7
2018460329879,1,19,0,18,0,8,0,0,0,0,1,1,6,1,33,6,2198,2,2,5,1,5
2018460329879,2,9,0,18,0,8,0,0,0,0,1,1,2,2,50,8,1999,1,16,6,3,6
2018460329895,1,3,0,14,0,0,0,0,7,9,1,1,2,1,17,4,124,1,2,3,1,3
2018460329895,2,9,0,9,0,0,0,0,0,0,3,1,2,1,43,7,-1,-1,-1,7,1,7
2018460329897,1,9,0,15,0,0,5,4,0,0,1,1,6,1,44,7,1364,1,-1,6,1,6
2018460329897,2,9,0,2,0,0,0,0,0,0,2,1,6,3,-1,-1,1968,2,6,-1,-1,-1
2018460329897,3,11,0,18,0,0,0,0,0,0,1,1,1,2,47,8,9000,2,2,10,3,10
2018460329927,1,9,0,18,0,8,2,0,0,0,4,1,6,2,83,11,998,1,4,10,1,10
2018460329927,2,9,0,2,0,8,0,0,0,0,3,1,6,2,79,11,-1,-1,-1,10,1,10
2018460329929,1,97,0,7,0,8,5,0,0,0,0,1,6,1,-1,-1,-1,-1,-1,-1,-1,-1
2018460329929,2,9,0,18,0,8,0,0,0,0,0,1,1,2,42,7,1248,2,9,6,1,6
2018460330035,1,9,0,4,0,0,0,0,0,0,1,1,1,1,58,9,1498,1,1,9,1,9
2018460330035,2,9,0,4,0,0,0,0,0,0,2,1,5,2,23,5,1398,1,2,1,1,1
2018460330065,1,9,0,18,0,0,0,0,1,0,1,1,6,2,86,11,1422,2,12,-1,-1,-1
2018460330065,2,19,0,10,0,0,0,0,0,0,1,1,1,1,28,6,1956,2,1,7,2,7
2018460330103,1,19,0,9,0,8,0,0,0,0,1,1,6,1,-1,-1,2198,2,4,3,1,3
2018460330103,2,1,0,18,0,1,5,0,0,0,1,1,2,1,33,6,-1,-1,-1,5,1,5
2018460330145,1,9,0,7,0,8,0,0,0,0,3,1,6,3,-1,-1,-1,-1,-1,-1,-1,-1
2018460330145,2,1,0,18,0,8,0,0,0,0,1,1,6,1,38,7,-1,-1,-1,3,1,3
2018460330176,1,9,0,16,0,0,5,0,1,0,4,1,6,1,26,6,1910,2,9,2,1,2
2018460330223,1,10,0,18,0,0,0,0,0,0,4,1,3,2,44,7,2402,2,9,2,1,2
2018460330312,1,9,0,18,0,0,0,0,0,0,0,1,6,2,33,6,1149,1,16,2,1,2
2018460330312,2,11,0,18,0,0,0,0,0,0,1,1,1,2,37,7,4250,2,12,-1,-1,-1
2018460330335,1,9,0,6,0,1,0,0,0,0,1,1,2,1,43,7,2793,1,19,6,1,6
2018460330335,2,5,0,13,0,1,0,0,0,0,2,1,2,1,54,8,765,1,1,9,1,9
2018460330357,1,9,4,10,0,1,0,0,0,0,1,1,6,1,69,10,2982,2,11,5,3,5
2018460330357,2,9,0,10,0,1,0,0,0,0,2,1,2,2,19,4,1596,1,14,6,1,6
2018460330386,1,9,0,16,0,0,1,0,0,0,4,1,6,1,21,5,-1,-1,-1,4,1,4
2018460330482,1,17,0,4,0,0,0,0,0,0,1,1,1,1,26,6,-1,-1,-1,-1,-1,-1
2018460330482,2,9,0,3,0,0,0,0,0,0,2,1,1,2,32,6,1399,2,6,3,1,3
2018460330490,1,9,0,18,0,0,0,0,8,0,1,1,6,1,57,9,1997,2,14,1,1,1
2018460330593,1,9,4,9,0,1,0,0,0,0,0,1,1,1,37,7,2495,2,25,7,3,7
2018460330593,2,1,0,18,0,1,0,0,0,0,0,1,6,1,46,8,-1,-1,-1,10,1,10
2018460330597,1,90,0,9,0,0,1,0,0,0,3,1,1,1,45,7,-1,-1,-1,-1,-1,-1
2018460330597,2,9,0,7,0,0,1,0,0,0,4,1,1,1,50,8,1598,2,1,3,1,3
2018460330652,1,9,0,18,0,0,0,0,0,0,1,1,6,1,23,5,1200,1,4,10,1,10
2018460330652,2,9,0,18,0,0,0,0,0,0,1,1,6,2,47,8,2993,2,3,9,1,9
2018460330670,1,21,1,18,0,8,0,0,0,0,4,1,6,1,-1,-1,12902,2,3,4,3,4
2018460330670,2,9,0,18,0,8,0,0,0,0,3,1,6,1,61,9,1598,1,4,8,3,8
2018460330686,1,9,0,9,0,6,0,0,0,0,1,1,6,2,47,8,1560,2,5,7,1,7
2018460330686,2,9,0,18,0,8,0,0,0,0,3,1,6,2,51,8,-1,-1,-1,1,1,1
2018460330719,1,3,0,18,0,0,0,0,0,0,4,1,6,2,45,7,125,1,11,3,1,3
2018460330719,2,9,0,9,0,0,0,0,0,0,1,1,6,1,54,8,1968,2,2,7,1,7
2018460330747,1,9,0,1,0,0,0,0,0,0,2,1,6,1,-1,-1,-1,-1,-1,-1,-1,-1
2018460330755,1,97,0,18,9,0,5,0,7,0,1,1,6,3,-1,-1,-1,-1,-1,-1,-1,-1
2018460330755,2,3,0,18,0,0,5,0,0,0,4,1,2,1,31,6,125,1,2,2,1,2
2018460330767,1,9,0,13,0,0,1,0,0,0,1,1,1,1,33,6,2793,1,20,7,1,7
2018460330767,2,9,0,18,0,0,0,0,0,0,0,1,1,1,49,8,2143,2,6,8,1,8
2018460330795,1,9,0,18,0,0,0,0,0,0,1,1,6,1,53,8,1871,2,17,6,2,6
2018460330833,1,9,0,18,0,0,0,0,0,0,4,1,6,2,31,6,1461,2,2,3,1,3
2018460330833,2,1,0,18,0,0,0,0,0,0,3,1,6,1,49,8,-1,-1,-1,9,2,9
2018460330849,1,9,0,18,0,0,0,0,0,0,3,1,6,1,28,6,2000,2,7,-1,-1,-1
2018460330849,2,1,0,13,0,0,0,0,7,10,4,1,6,1,65,9,-1,-1,-1,5,1,5
2018460330907,1,9,0,5,0,6,0,0,0,0,3,1,6,1,60,9,999,1,1,9,1,9
2018460330907,2,9,0,18,0,8,0,0,0,0,1,1,2,1,27,6,-1,-1,-1,5,1,5
2018460330928,1,9,0,18,0,0,0,0,0,0,3,1,6,1,45,7,2967,2,6,7,3,7
2018460330928,2,1,0,18,0,0,0,0,0,0,3,1,6,1,65,9,-1,-1,-1,9,1,9
2018460330955,1,9,0,18,0,1,0,0,0,0,1,1,3,2,39,7,1997,2,8,7,1,7
2018460330973,1,9,0,5,0,0,0,0,0,0,1,1,6,1,33,6,1997,2,1,9,1,9
2018460330973,2,9,0,18,0,0,0,0,0,0,4,1,6,2,70,10,1398,2,7,5,1,5
2018460330977,1,19,0,13,0,0,0,0,0,0,1,1,1,1,53,8,2143,2,4,5,2,5
2018460330977,2,19,0,2,0,0,0,0,0,0,2,1,1,1,38,7,2198,2,3,8,1,8
2018460330994,1,9,0,18,0,0,0,0,0,0,1,1,6,1,-1,-1,-1,-1,-1,-1,-1,-1
2018460331004,1,9,0,11,0,0,0,0,0,0,1,1,6,2,31,6,1997,2,3,4,3,4
2018460331004,2,9,0,3,0,0,0,0,0,0,2,1,6,2,20,4,998,1,9,3,1,3
2018460331018,1,19,0,1,0,0,0,0,0,0,2,1,1,1,49,8,2198,2,2,1,3,1
2018460331023,1,9,0,5,0,6,0,0,0,0,1,1,6,1,59,9,2401,2,15,6,3,6
2018460331023,2,9,0,17,0,1,0,0,0,0,4,1,6,1,20,4,1399,2,15,9,1,9
2018460331029,1,9,0,18,0,0,0,0,0,0,1,1,1,2,19,4,1242,1,3,5,1,5
2018460331029,2,9,0,2,9,0,0,0,0,0,1,1,6,1,-1,-1,-1,-1,-1,-1,-1,-1
2018460331030,1,9,0,18,0,0,0,0,0,0,1,1,2,2,34,6,1395,1,3,4,1,4
2018460331030,2,9,0,18,0,0,0,0,0,0,2,1,6,2,25,5,1299,1,14,3,1,3
2018460331064,1,9,0,18,0,4,1,9,0,0,3,1,6,1,32,6,-1,-1,-1,5,1,5
2018460331065,1,9,0,4,0,7,0,0,0,0,1,1,3,1,43,7,1360,1,15,2,1,2
2018460331065,2,9,0,4,0,7,0,0,0,0,2,1,1,1,57,9,1968,2,1,8,1,8
2018460331068,1,3,0,9,0,2,1,0,0,0,4,1,6,1,17,4,125,1,5,9,1,9
2018460331099,1,9,0,5,0,0,0,4,0,0,1,1,6,2,51,8,1364,1,-1,4,1,4
2018460331099,2,9,0,2,0,0,0,0,0,0,3,1,6,3,16,4,1200,1,3,-1,-1,-1
2018460331099,3,9,0,2,0,0,0,0,0,0,3,1,6,3,16,4,-1,-1,-1,-1,-1,-1
2018460331099,4,9,0,2,0,0,0,0,0,0,3,1,6,3,16,4,1461,2,4,-1,-1,-1
2018460331158,1,9,0,18,0,1,0,0,1,11,3,1,6,1,83,11,998,1,19,7,1,7
2018460331213,1,9,0,18,0,0,0,0,0,0,4,1,6,1,-1,-1,1398,1,4,6,1,6
2018460331213,2,1,0,18,0,0,0,0,0,0,1,1,6,1,21,5,-1,-1,-1,5,2,5
2018460331304,1,9,0,9,0,6,0,0,0,0,1,1,6,2,-1,-1,1560,2,4,9,1,9
2018460331305,1,19,0,1,0,0,0,0,0,0,2,1,1,2,25,5,1598,2,4,4,1,4
2018460331306,1,9,0,18,0,0,0,0,0,0,1,1,6,3,-1,-1,1343,1,18,5,3,5
2018460331306,2,2,0,3,0,0,0,0,0,0,3,1,6,1,16,4,49,1,2,6,1,6
2018460331308,1,1,-1,18,5,0,0,0,0,0,1,1,6,1,-1,-1,-1,-1,-1,8,1,8
2018460331313,1,9,-1,18,0,0,0,0,-1,0,1,1,6,1,18,4,1598,1,9,9,1,9
2018460331371,1,9,0,18,0,0,0,0,0,0,1,1,1,2,21,5,1598,2,8,5,1,5
2018460331371,2,9,0,4,0,0,0,0,0,0,2,1,6,2,39,7,1596,1,14,4,1,4
2018460331379,1,9,0,1,0,0,0,0,0,0,2,1,6,1,57,9,2295,1,16,3,1,3
2018460331379,2,1,0,18,0,0,0,0,0,0,2,1,6,1,8,2,-1,-1,-1,2,1,2
2018460331386,1,98,0,18,0,1,0,0,0,0,0,1,6,3,37,7,-1,-1,-1,-1,-1,-1
2018460331386,2,1,0,18,0,1,0,0,0,0,1,1,6,1,13,3,-1,-1,-1,6,3,6
2018460331417,1,9,0,18,0,1,1,0,0,0,1,1,6,2,25,5,1998,1,13,4,1,4
2018460331417,2,19,0,18,0,1,0,0,0,0,4,1,1,1,40,7,2198,2,12,4,1,4
2018460331423,1,98,0,18,0,8,0,0,0,0,4,1,6,3,-1,-1,-1,-1,-1,-1,-1,-1
2018460331453,1,9,0,4,0,4,0,0,0,0,2,1,6,1,24,5,1781,1,17,6,1,6
2018460331453,2,9,0,18,0,4,0,0,0,0,1,1,6,1,44,7,-1,-1,-1,2,1,2
2018460331454,1,9,0,18,0,0,1,0,5,6,1,1,6,2,42,7,1686,2,3,6,1,6
2018460331454,2,9,0,4,0,0,0,0,0,0,2,1,6,2,44,7,1896,2,12,10,1,10
2018460331454,3,9,0,4,0,0,0,0,0,0,3,1,6,1,57,9,999,1,1,3,1,3
2018460331477,1,9,0,10,0,1,0,0,0,0,4,1,6,1,52,8,1596,1,11,7,1,7
2018460331477,2,9,0,18,0,1,0,0,7,0,1,1,6,1,39,7,-1,-1,-1,3,1,3
2018460331484,1,9,0,18,0,0,1,0,7,0,1,1,1,2,26,6,998,1,7,7,1,7
2018460331491,1,9,0,18,0,0,0,0,0,0,1,1,1,1,19,4,1995,2,9,4,1,4
2018460331491,2,19,0,18,0,0,0,0,0,0,2,1,6,1,49,8,1870,2,13,10,1,10
2018460331498,1,3,0,18,0,0,0,0,0,0,1,1,6,1,-1,-1,125,1,4,-1,-1,-1
2018460331498,2,19,0,6,0,0,0,0,0,0,2,1,2,1,41,7,2198,2,4,2,1,2
2018460331505,1,9,0,5,0,0,0,0,0,0,3,1,6,1,35,6,1685,2,4,10,2,10
2018460331528,1,9,0,16,0,0,1,0,8,4,1,1,2,2,19,4,1299,1,18,6,3,6
2018460331578,1,9,0,18,0,0,0,0,7,0,1,1,2,2,34,6,1796,1,9,7,1,7
2018460331578,2,9,0,18,0,0,0,0,7,0,1,1,2,2,49,8,1248,2,6,4,2,4
2018460331735,1,9,0,18,9,3,0,0,1,11,4,1,6,1,19,4,1400,1,12,7,1,7
2018460331742,1,9,0,18,0,8,0,0,0,0,1,1,6,1,-1,-1,-1,-1,-1,6,1,6
2018460331742,2,9,0,18,0,8,0,0,0,0,2,1,6,2,41,7,999,1,2,4,1,4
2018460331742,3,9,0,18,0,8,0,0,0,0,2,1,6,1,-1,-1,1598,1,11,4,1,4
2018460331742,4,9,0,18,0,8,0,0,0,0,0,1,6,1,26,6,1368,1,9,5,1,5
2018460331742,5,5,0,18,0,8,2,0,0,0,1,1,6,1,59,9,1050,1,7,7,3,7
2018460331745,1,8,0,7,0,8,0,0,-1,0,1,1,6,1,55,8,1560,2,1,6,1,6
2018460331779,1,9,0,3,0,0,0,0,0,0,1,1,6,1,43,7,1796,1,17,4,1,4
2018460331779,2,9,0,10,0,0,0,0,0,0,2,1,6,2,33,6,2967,2,11,7,3,7
2018460331780,1,9,0,4,0,0,0,0,0,0,1,1,6,1,21,5,1388,1,10,3,1,3
2018460331780,2,19,0,4,0,0,0,0,0,0,2,1,1,1,41,7,1560,2,2,3,1,3
2018460331780,3,9,0,4,0,0,1,0,0,0,2,1,6,1,56,9,1598,2,2,4,3,4
2018460331818,1,9,0,18,0,1,1,0,0,0,1,1,2,1,28,6,-1,-1,-1,3,1,3
2018460331818,2,9,0,9,0,1,0,0,0,0,3,1,2,2,45,7,2993,2,14,8,3,8
2018460331831,1,9,0,5,0,0,0,0,0,0,1,1,3,2,29,6,1997,2,11,3,1,3
2018460331831,2,9,0,3,0,0,0,0,0,0,2,1,1,2,59,9,2199,2,4,4,3,4
2018460331871,1,9,0,18,0,0,0,0,0,0,1,1,6,2,63,9,-1,-1,-1,7,2,7
2018460331871,2,9,0,18,0,0,0,0,1,0,3,1,6,1,50,8,1398,2,5,7,2,7
2018460331875,1,9,0,18,0,0,0,0,0,0,1,1,2,1,54,8,1997,2,3,4,2,4
2018460331875,2,9,0,18,0,0,0,0,1,0,1,1,1,1,27,6,-1,-1,-1,7,3,7
2018460331915,1,3,0,4,0,1,1,0,0,0,3,1,6,1,17,4,124,1,19,7,3,7
2018460331989,1,9,0,7,0,6,0,0,0,0,1,1,2,1,42,7,-1,-1,-1,4,1,4
2018460331989,2,1,0,18,0,8,5,0,0,0,4,1,5,2,55,8,-1,-1,-1,5,1,5
2018460332075,1,9,0,18,0,0,0,0,0,0,1,1,6,3,25,5,-1,-1,-1,-1,-1,-1
2018460332075,2,9,0,18,0,0,0,0,0,0,2,1,6,2,20,4,1398,1,3,3,1,3
2018460332129,1,9,0,9,0,2,0,0,0,0,4,1,1,2,42,7,1598,1,13,1,1,1
2018460332129,2,11,0,5,0,2,0,0,0,0,1,1,1,1,53,8,4461,2,5,7,1,7
2018460332161,1,9,0,7,0,1,0,0,0,0,0,1,1,1,37,7,-1,-1,-1,6,1,6
2018460332184,1,9,0,18,0,6,0,0,0,0,1,1,6,2,30,6,1390,1,13,5,3,5
2018460332184,2,9,0,18,0,1,0,0,0,0,4,1,6,2,36,7,2597,1,16,4,1,4
2018460332226,1,9,0,18,0,0,0,0,0,0,1,1,6,1,30,6,2926,2,13,1,1,1
2018460332226,2,9,0,4,0,0,0,0,0,0,2,1,6,1,34,6,2143,2,1,10,1,10
2018460332226,3,9,0,4,0,0,0,0,0,0,2,1,6,1,58,9,1364,1,3,8,1,8
2018460332234,1,9,0,18,0,0,0,0,0,0,1,1,6,2,74,10,1198,1,4,4,1,4
2018460332234,2,9,0,4,0,0,0,0,0,0,2,1,6,2,54,8,2993,2,5,10,1,10
2018460332235,1,9,0,4,0,0,0,0,0,0,1,1,6,1,36,7,1997,2,2,7,3,7
2018460332235,2,9,0,4,0,0,0,0,0,0,1,1,6,1,67,10,1796,1,4,10,1,10
2018460332235,3,9,0,4,0,0,0,0,0,0,2,1,6,1,47,8,1994,1,18,3,1,3
2018460332235,4,9,0,4,0,0,0,0,0,0,2,1,6,2,57,9,1499,1,1,10,1,10
2018460332235,5,90,0,4,0,0,0,0,0,0,4,1,6,3,-1,-1,-1,-1,-1,-1,-1,-1
2018460332251,1,2,0,18,0,1,0,0,0,0,1,1,6,1,22,5,49,1,8,7,1,7
2018460332251,2,8,0,4,0,1,0,0,0,0,2,1,1,1,33,6,2143,2,4,4,1,4
2018460332253,1,9,0,18,0,0,0,0,0,0,1,1,6,1,78,11,1596,1,11,7,1,7
2018460332257,1,9,0,4,0,1,0,0,0,0,1,1,6,1,72,10,2231,2,10,1,1,1
2018460332257,2,9,0,18,0,4,0,0,0,0,4,1,6,1,-1,-1,1991,1,-1,8,2,8
2018460332274,1,9,0,18,0,8,0,0,0,0,1,1,6,1,56,9,-1,-1,-1,8,3,8
2018460332274,2,9,0,17,0,8,0,0,0,0,1,1,6,1,44,7,1390,1,9,10,1,10
2018460332286,1,9,0,11,0,1,0,0,0,0,1,1,6,1,58,9,-1,-1,-1,8,1,8
2018460332286,2,9,0,18,0,1,0,0,0,0,2,1,6,2,41,7,1995,2,3,10,1,10
2018460332304,1,9,0,1,0,1,0,0,0,0,2,1,1,1,29,6,1870,2,12,8,2,8
2018460332304,2,9,0,3,0,1,0,0,0,0,1,1,3,2,48,8,1998,2,4,3,1,3
2018460332314,1,19,0,18,0,0,1,0,0,0,1,1,2,1,32,6,1461,2,4,2,1,2
2018460332314,2,98,0,4,0,0,0,0,0,0,2,1,1,1,42,7,-1,-1,-1,-1,-1,-1
2018460332314,3,9,0,4,0,0,0,0,0,0,2,1,6,2,25,5,999,1,1,4,1,4
2018460332315,1,9,0,5,0,2,0,0,0,0,1,1,1,1,21,5,999,1,4,7,1,7
2018460332315,2,9,0,18,0,1,0,0,0,0,1,1,1,2,41,7,1968,2,10,6,1,6
2018460332320,1,9,0,18,0,1,0,0,0,0,1,1,6,2,40,7,1364,1,6,8,1,8
2018460332320,2,9,0,5,0,1,0,0,0,0,1,1,6,2,26,6,1199,1,4,2,1,2
2018460332333,1,1,0,7,0,3,0,10,0,0,1,1,6,1,29,6,-1,-1,-1,8,1,8
2018460332358,1,9,0,18,0,0,0,0,0,0,1,1,6,3,-1,-1,2171,1,17,-1,-1,-1
2018460332358,2,9,0,2,0,0,0,0,0,0,2,1,2,1,42,7,998,1,5,5,1,5
2018460332358,3,9,0,2,0,0,0,0,0,0,2,1,6,1,51,8,1598,2,7,2,1,2
2018460332358,4,9,0,2,0,0,0,0,0,0,2,1,6,1,18,4,1198,1,8,8,1,8
2018460332358,5,9,0,2,0,0,0,0,0,0,2,1,6,1,18,4,1206,1,10,9,1,9
2018460332359,1,9,0,3,0,0,0,0,0,0,1,1,6,2,60,9,1242,1,8,5,3,5
2018460332359,2,9,0,3,0,0,0,0,0,0,2,1,6,2,58,9,1200,1,1,5,1,5
2018460332371,1,9,0,14,0,0,0,0,0,0,1,1,6,1,91,11,1242,1,13,5,1,5
2018460332371,2,9,0,18,0,0,0,0,0,0,3,1,6,1,67,10,2179,2,3,7,3,7
2018460332392,1,9,0,5,0,6,0,0,0,0,3,1,6,3,-1,-1,-1,-1,-1,-1,-1,-1
2018460332392,2,3,0,18,0,1,0,0,0,0,1,1,6,1,-1,-1,125,1,4,3,1,3
2018460332396,1,9,0,18,0,1,0,0,1,0,1,1,6,1,33,6,2143,2,1,2,1,2
2018460332396,2,9,0,2,0,1,0,0,1,0,2,1,6,3,-1,-1,2143,2,3,-1,-1,-1
2018460332396,3,9,0,2,0,1,0,0,1,0,2,1,6,3,-1,-1,1499,1,3,-1,-1,-1
2018460332408,1,1,0,9,0,0,5,0,0,0,1,1,6,2,11,3,-1,-1,-1,8,1,8
2018460332408,2,9,0,18,0,0,0,0,0,0,1,1,6,2,21,5,998,1,22,5,1,5
2018460332432,1,9,0,18,0,0,0,0,0,0,0,1,6,2,52,8,1686,2,11,8,1,8
2018460332432,2,1,0,18,0,0,0,0,0,0,0,1,6,1,43,7,-1,-1,-1,3,1,3
2018460332443,1,9,0,18,0,0,0,0,0,0,0,1,2,2,40,7,1242,1,4,6,1,6
2018460332443,2,9,0,4,0,0,0,0,0,0,0,1,6,1,71,10,1399,1,1,8,1,8
2018460332449,1,11,0,15,0,0,0,0,0,0,3,1,1,1,31,6,4250,2,14,4,1,4
2018460332449,2,9,0,18,0,0,0,0,0,0,3,1,6,1,54,8,1560,2,7,6,1,6
2018460332475,1,9,0,18,0,0,0,0,0,0,1,1,1,1,52,8,1398,1,-1,4,1,4
2018460332475,2,9,0,3,0,0,0,0,0,0,2,1,6,2,74,10,1388,1,6,6,3,6
2018460332487,1,9,0,18,0,1,0,0,0,0,4,1,6,1,-1,-1,-1,-1,-1,5,1,5
2018460332487,2,1,0,18,0,1,0,0,0,0,3,1,6,1,60,9,-1,-1,-1,10,1,10
2018460332501,1,9,0,18,0,0,0,0,0,0,1,1,6,3,-1,-1,-1,-1,-1,-1,-1,-1
2018460332554,1,9,0,18,0,0,0,0,0,0,0,1,2,2,45,7,1686,2,3,6,3,6
2018460332554,2,16,0,9,0,0,0,0,0,0,3,1,6,2,26,6,-1,-1,-1,6,3,6
2018460332558,1,11,0,2,0,0,0,0,0,0,0,1,1,1,58,9,3900,2,15,5,1,5
2018460332558,2,9,0,14,0,0,0,0,0,0,0,1,6,1,49,8,1598,1,10,3,1,3
2018460332560,1,9,0,18,0,0,5,7,1,0,4,1,2,1,50,8,-1,-1,-1,4,1,4
2018460332560,2,9,0,18,0,0,0,0,1,0,0,1,6,3,-1,-1,-1,-1,-1,-1,-1,-1
2018460332566,1,4,0,5,0,5,0,0,0,0,1,1,6,1,59,9,885,1,21,5,1,5
2018460332566,2,9,0,18,0,8,1,0,0,0,1,1,2,2,55,8,1298,1,15,8,1,8
2018460332575,1,9,0,5,0,4,0,0,0,0,3,1,6,2,47,8,2993,2,1,6,1,6
2018460332575,2,9,0,18,0,3,0,0,0,0,4,1,6,1,30,6,1299,1,17,9,1,9
2018460332579,1,1,0,18,0,1,0,0,0,0,1,1,6,1,37,7,-1,-1,-1,-1,-1,-1
2018460332579,2,9,0,18,0,1,0,0,0,0,3,1,6,1,50,8,2993,2,11,3,1,3
2018460332585,1,9,0,18,0,1,0,0,0,0,1,1,6,2,17,4,1198,1,8,5,1,5
2018460332585,2,21,0,17,0,1,0,0,0,0,1,1,1,1,48,8,-1,-1,-1,8,1,8
2018460332586,1,9,0,18,0,0,1,0,1,9,2,1,6,2,18,4,1360,1,18,2,1,2
2018460332597,1,9,0,1,0,0,0,4,0,0,1,1,6,1,30,6,1598,1,15,6,1,6
2018460332597,2,9,0,2,0,0,0,0,0,0,2,1,6,2,37,7,875,1,2,7,3,7
2018460332597,3,9,0,2,0,0,0,0,0,0,2,1,6,1,37,7,1299,1,17,7,3,7
2018460332597,4,9,0,2,0,0,0,0,0,0,2,1,6,1,37,7,1968,2,8,6,3,6
2018460332602,1,9,0,18,0,0,0,0,0,0,1,1,6,1,26,6,1686,2,14,8,1,8
2018460332602,2,9,0,4,0,0,0,0,0,0,2,1,6,1,61,9,2179,2,5,4,1,4
2018460332605,1,9,0,17,0,0,0,0,2,4,1,1,2,1,-1,-1,-1,-1,-1,4,3,4
2018460332612,1,9,0,4,0,1,0,0,0,0,1,1,6,2,68,10,996,1,9,4,2,4
2018460332612,2,9,0,5,0,4,0,0,0,0,2,1,6,1,31,6,-1,-1,-1,6,1,6
2018460332626,1,2,0,5,0,0,0,0,1,0,1,1,6,1,18,4,49,1,12,5,2,5
2018460332626,2,9,0,5,0,0,0,0,0,0,3,1,1,1,54,8,1560,2,10,3,1,3
2018460332626,3,9,0,5,0,0,0,0,0,0,0,1,1,1,-1,-1,1598,2,1,5,1,5
2018460332633,1,9,0,16,0,8,0,0,0,0,1,1,6,2,51,8,2000,2,12,7,1,7
2018460332633,2,9,0,8,0,8,0,0,7,0,4,1,6,1,51,8,1364,1,14,8,1,8
2018460332642,1,9,0,18,0,1,0,10,1,0,1,1,6,1,27,6,1796,1,11,2,1,2
2018460332681,1,9,0,16,0,4,0,0,7,1,3,1,6,1,31,6,1461,2,2,7,1,7
2018460332682,1,19,0,18,0,0,0,0,0,0,1,1,5,1,28,6,1995,2,-1,2,1,2
2018460332682,2,19,0,18,0,0,0,0,0,0,2,1,5,1,59,9,1686,2,15,10,1,10
2018460332691,1,9,0,18,0,1,0,0,0,0,1,1,6,2,46,8,2198,1,12,8,2,8
2018460332691,2,9,0,18,0,1,0,0,0,0,1,1,6,1,-1,-1,-1,-1,-1,4,3,4