Accident_Index,Vehicle_Reference,Vehicle_Type,Towing_and_Articulation,Vehicle_Manoeuvre,Vehicle_Location-Restricted_Lane,Junction_Location,Skidding_and_Overturning,Hit_Object_in_Carriageway,Vehicle_Leaving_Carriageway,Hit_Object_off_Carriageway,1st_Point_of_Impact,Was_Vehicle_Left_Hand_Drive?,Journey_Purpose_of_Driver,Sex_of_Driver,Age_of_Driver,Age_Band_of_Driver,Engine_Capacity_(CC),Propulsion_Code,Age_of_Vehicle,Driver_IMD_Decile,Driver_Home_Area_Type,Vehicle_IMD_Decile
2018460332699,1,9,0,18,0,0,0,0,0,0,1,1,6,1,49,8,1999,1,16,6,3,6
2018460332699,2,9,0,18,0,0,0,0,0,0,1,1,6,1,20,4,1995,1,11,2,1,2
2018460332702,1,9,0,18,0,0,0,0,0,0,4,1,2,2,49,8,1242,1,18,2,1,2
2018460332709,1,9,0,18,0,1,0,0,0,0,3,1,1,2,36,7,1397,1,9,5,1,5
2018460332725,1,9,0,5,0,8,0,0,0,0,1,1,6,1,29,6,1149,1,14,6,1,6
2018460332725,2,9,0,5,0,8,0,0,0,0,2,1,6,1,64,9,3456,8,2,10,1,10
2018460332727,1,9,0,18,0,0,0,0,0,0,1,1,6,1,30,6,1598,1,12,3,1,3
2018460332727,2,9,0,18,0,0,5,0,0,0,2,1,6,1,64,9,1995,2,7,9,1,9
2018460332733,1,21,0,1,0,0,0,0,0,0,2,1,1,1,25,5,6700,2,1,5,1,5
2018460332733,2,9,0,3,0,0,0,0,0,0,1,1,3,1,45,7,1598,2,5,5,1,5
2018460332740,1,9,0,18,0,8,1,0,0,0,1,1,3,2,31,6,1995,2,7,6,1,6
2018460332740,2,19,0,18,0,8,0,0,0,0,2,1,1,1,30,6,2198,2,3,4,1,4
2018460332752,1,9,0,18,0,0,0,0,0,0,1,1,6,2,62,9,1997,2,11,3,1,3
2018460332752,2,9,0,5,0,0,0,0,0,0,4,1,6,1,88,11,998,1,3,4,1,4
2018460332759,1,9,0,17,0,1,2,0,7,0,1,1,6,1,22,5,1360,1,24,8,3,8
2018460332759,2,9,0,3,0,1,0,0,0,0,0,1,6,2,26,6,1560,2,3,8,3,8
2018460332829,1,9,0,2,0,2,0,0,0,0,1,1,3,1,72,10,1364,1,7,9,1,9
2018460332829,2,9,0,18,0,1,0,0,0,0,1,1,3,1,49,8,1598,1,15,3,2,3
2018460332880,1,9,0,9,0,1,0,0,0,0,3,1,2,2,22,5,1299,1,10,5,1,5
2018460332880,2,9,0,18,0,1,0,0,0,0,1,1,6,1,76,11,-1,-1,-1,5,2,5
2018460332884,1,9,0,18,0,0,1,0,0,0,1,1,6,1,19,4,1995,2,4,2,1,2
2018460332884,2,9,0,3,0,0,0,0,0,0,1,1,6,2,81,11,995,1,11,8,1,8
2018460332884,3,9,0,2,0,0,0,0,0,0,3,1,5,2,48,8,1598,1,7,5,1,5
2018460332891,1,9,0,5,0,4,0,0,0,0,4,1,6,2,32,6,1799,1,8,9,1,9
2018460332891,2,4,0,18,0,8,0,0,0,0,3,1,6,1,59,9,395,1,2,9,1,9
2018460332897,1,9,0,9,0,8,0,0,0,0,3,1,6,1,82,11,1398,1,6,4,1,4
2018460332897,2,9,0,4,0,1,0,0,0,0,1,1,3,2,54,8,1580,8,-1,7,3,7
2018460332933,1,9,0,15,0,8,0,0,0,0,4,1,6,1,63,9,1198,1,3,3,1,3
2018460332933,2,1,0,17,0,8,0,0,0,0,3,1,6,2,40,7,-1,-1,-1,4,1,4
2018460332938,1,9,0,6,0,0,0,0,0,0,4,1,6,2,59,9,1968,2,4,8,1,8
2018460332938,2,5,0,18,0,0,0,0,0,0,1,1,6,1,50,8,670,1,6,7,1,7
2018460332950,1,9,0,18,0,0,0,0,-1,0,1,1,6,1,27,6,1598,1,6,5,1,5
2018460332956,1,5,0,7,0,8,2,0,0,0,3,1,6,2,46,8,1584,1,9,10,1,10
2018460332956,2,9,0,8,0,1,0,0,0,0,3,1,6,1,56,9,1896,2,13,8,1,8
2018460332974,1,98,1,12,0,0,0,0,0,0,3,1,6,1,48,8,-1,-1,-1,-1,-1,-1
2018460332974,2,9,0,18,0,0,0,0,8,0,4,1,6,1,36,7,1596,1,21,1,1,1
2018460332979,1,19,0,18,0,0,0,0,0,0,1,1,1,1,45,7,2143,2,-1,6,1,6
2018460332979,2,11,0,18,0,0,0,0,0,0,2,1,1,1,51,8,9000,2,2,2,1,2
2018460332999,1,9,0,18,0,0,0,0,1,10,1,1,6,1,26,6,998,1,6,4,2,4
2018460333010,1,9,0,18,0,0,1,0,0,0,1,1,6,1,43,7,-1,-1,-1,-1,-1,-1
2018460333010,2,9,0,4,0,0,0,0,0,0,2,1,6,1,57,9,1598,1,10,8,1,8
2018460333027,1,9,0,17,0,0,5,0,0,0,1,1,6,1,28,6,1299,1,16,9,1,9
2018460333046,1,11,0,18,0,1,0,0,0,0,1,1,1,3,-1,-1,3900,2,12,7,1,7
2018460333048,1,9,0,18,0,0,0,0,0,0,1,1,1,1,50,8,1490,1,-1,10,1,10
2018460333048,2,19,0,4,0,0,0,0,0,0,2,1,1,2,63,9,2299,2,3,7,3,7
2018460333055,1,9,0,18,0,1,0,0,0,0,1,1,3,2,38,7,1396,1,4,7,3,7
2018460333055,2,9,0,9,0,6,0,0,0,0,1,1,6,1,64,9,1248,1,8,9,1,9
2018460333067,1,9,0,18,0,2,1,0,0,0,1,1,6,1,28,6,2993,2,3,2,1,2
2018460333067,2,9,0,18,0,1,0,0,0,0,1,1,1,1,44,7,1598,2,1,5,1,5
2018460333073,1,9,0,18,0,0,0,0,0,0,3,1,6,1,23,5,-1,-1,-1,7,1,7
2018460333073,2,9,0,4,0,0,0,0,0,0,3,1,6,1,46,8,1390,1,4,10,2,10
2018460333095,1,9,0,1,0,0,0,0,0,0,2,1,6,1,27,6,1999,1,9,3,1,3
2018460333095,2,9,0,3,0,0,0,0,0,0,2,1,6,2,21,5,1398,2,5,2,2,2
2018460333100,1,9,0,7,0,0,0,0,0,0,4,1,6,1,25,5,1995,2,12,2,1,2
2018460333100,2,9,0,15,0,0,0,0,0,0,3,1,6,1,36,7,-1,-1,-1,5,1,5
2018460333103,1,9,0,18,0,1,0,0,0,0,1,1,3,2,41,7,998,1,5,3,1,3
2018460333123,1,9,0,9,0,1,0,0,0,0,1,1,1,1,47,8,4367,2,7,9,1,9
2018460333123,2,9,0,18,0,1,0,0,0,0,1,1,1,2,53,8,1956,2,3,8,1,8
2018460333132,1,9,0,17,0,0,0,0,0,0,1,1,6,1,76,11,1242,1,15,6,3,6
2018460333132,2,98,0,16,0,0,0,0,0,0,1,1,1,2,22,5,-1,-1,-1,5,1,5
2018460333169,1,9,0,1,0,2,0,0,0,0,4,1,6,1,-1,-1,1197,1,5,2,1,2
2018460333188,1,9,4,18,0,0,4,0,0,0,3,1,1,1,56,9,1390,1,4,2,1,2
2018460333280,1,9,0,16,0,2,0,0,0,0,2,1,6,2,19,4,-1,-1,-1,5,1,5
2018460333280,2,19,0,18,0,1,0,0,0,0,2,1,2,1,24,5,1248,2,8,5,2,5
2018460333330,1,9,0,16,0,1,0,0,0,0,1,1,6,1,27,6,1124,1,17,5,1,5
2018460333375,1,9,0,17,0,0,1,0,1,0,1,1,6,1,26,6,1794,1,15,2,1,2
2018460333375,2,9,0,16,0,0,0,0,0,0,1,1,6,1,82,11,1242,1,2,-1,-1,-1
2018460333387,1,9,0,16,0,2,0,0,7,0,0,1,6,1,24,5,1360,1,10,-1,1,-1
2018460333390,1,9,0,18,0,0,0,12,0,0,0,1,6,3,-1,-1,-1,-1,-1,-1,-1,-1
2018460333390,2,9,0,18,0,0,0,12,4,6,1,1,6,2,43,7,-1,-1,-1,3,1,3
2018460333399,1,9,0,4,0,0,0,0,0,0,1,1,1,1,23,5,1360,1,6,5,1,5
2018460333399,2,98,0,4,0,0,0,0,0,0,1,1,1,1,67,10,-1,-1,-1,8,1,8
2018460333399,3,9,0,4,0,0,0,0,0,0,2,1,1,1,43,7,1364,1,1,3,1,3
2018460333399,4,9,0,4,0,0,0,0,0,0,1,1,1,1,18,4,1229,1,10,6,1,6
2018460333413,1,9,0,9,0,8,0,0,0,0,4,1,6,1,46,8,999,1,3,1,1,1
2018460333413,2,3,0,18,0,1,0,0,0,0,1,1,6,1,18,4,125,1,-1,2,1,2
2018460333420,1,11,0,2,0,0,0,0,0,0,0,1,1,1,66,10,4500,2,11,9,1,9
2018460333422,1,9,0,18,0,1,0,0,0,0,3,1,6,2,76,11,1396,1,20,5,1,5
2018460333429,1,9,0,18,0,0,0,0,1,0,2,1,2,1,23,5,1781,1,19,10,1,10
2018460333429,2,5,0,18,0,0,0,0,1,0,1,1,2,1,62,9,1250,1,16,2,1,2
2018460333453,1,9,0,10,0,1,0,0,0,0,3,1,6,2,65,9,1461,2,3,5,1,5
2018460333453,2,9,0,16,0,1,0,0,0,0,1,1,6,2,43,7,1796,1,8,7,1,7
2018460333462,1,9,0,1,0,2,0,0,0,0,2,1,6,1,27,6,1598,2,5,4,1,4
2018460333462,2,5,0,10,0,1,0,0,0,0,3,1,6,1,56,9,988,1,16,5,1,5
2018460333478,1,9,0,18,0,0,1,0,1,0,1,1,6,1,27,6,1242,1,11,2,1,2
2018460333497,1,3,0,13,0,0,0,0,0,0,1,1,6,1,23,5,124,1,3,-1,-1,-1
2018460333497,2,9,0,3,0,0,0,0,0,0,3,1,6,2,37,7,1498,1,-1,8,1,8
2018460333497,3,9,0,3,0,0,0,0,0,0,1,1,6,2,33,6,1598,2,1,8,1,8
2018460333507,1,9,0,18,0,0,0,0,0,0,1,1,6,3,-1,-1,-1,-1,-1,-1,-1,-1
2018460333514,1,9,0,5,0,0,0,0,0,0,4,1,6,1,37,7,1388,1,14,10,1,10
2018460333514,2,9,0,2,0,0,0,0,0,0,2,1,6,2,59,9,1587,1,13,8,3,8
2018460333514,3,19,0,2,0,0,0,0,0,0,2,1,6,1,32,6,1560,2,3,8,3,8
2018460333522,1,9,0,18,0,0,0,0,0,0,2,1,6,1,25,5,1360,1,14,8,1,8
2018460333522,2,9,0,4,0,0,0,0,0,0,1,1,6,1,64,9,1598,2,7,5,1,5
2018460333522,3,9,0,18,0,0,0,0,0,0,1,1,2,2,25,5,1995,2,5,8,1,8
2018460333525,1,9,0,10,0,0,0,0,0,0,1,1,5,2,75,10,1398,1,5,5,2,5
2018460333525,2,9,0,18,0,0,0,0,0,0,4,1,2,1,59,9,-1,-1,-1,7,3,7
2018460333532,1,9,-1,18,0,0,1,2,2,7,1,1,6,1,39,7,998,1,5,4,3,4
2018460333546,1,9,0,1,0,0,1,0,4,0,3,1,6,1,38,7,1582,2,8,4,1,4
2018460333561,1,9,0,4,0,0,0,0,0,0,1,1,6,1,39,7,-1,-1,-1,6,1,6
2018460333561,2,9,0,2,0,0,0,0,0,0,2,1,6,1,46,8,1582,2,8,9,1,9
2018460333564,1,3,0,18,0,0,0,0,0,0,1,1,6,1,31,6,125,1,10,10,1,10
2018460333566,1,9,-1,18,0,0,0,0,0,0,3,1,6,1,44,7,1796,1,9,4,1,4
2018460333589,1,9,0,18,0,3,0,0,0,0,1,1,6,1,-1,-1,1910,2,12,-1,-1,-1
2018460333589,2,3,0,4,0,1,0,0,0,0,1,1,6,1,20,4,108,1,3,6,1,6
2018460333597,1,9,0,18,0,0,1,0,1,9,1,1,6,1,28,6,1686,2,11,5,1,5
2018460333622,1,1,0,18,0,8,0,0,0,0,4,1,6,1,56,9,-1,-1,-1,4,1,4
2018460333622,2,9,0,13,0,8,0,0,0,0,3,1,6,2,35,6,1956,2,8,6,3,6
2018460333640,1,9,0,2,0,1,0,0,0,0,2,1,6,1,67,10,1596,1,9,1,1,1
2018460333640,2,9,0,1,0,1,0,0,-1,0,2,1,6,1,48,8,2720,2,12,8,1,8
2018460333646,1,1,0,18,0,0,0,0,0,0,0,1,6,1,30,6,-1,-1,-1,5,1,5
2018460333648,1,98,0,5,0,4,0,0,0,0,3,1,6,1,-1,-1,-1,-1,-1,1,3,1
2018460333648,2,9,0,5,0,4,0,0,0,0,4,1,2,1,36,7,999,1,2,8,1,8
2018460333653,1,9,0,16,0,0,0,0,1,0,4,1,6,1,23,5,1900,2,13,6,1,6
2018460333673,1,9,0,16,0,3,0,0,0,0,0,1,6,2,-1,-1,-1,-1,-1,-1,-1,-1
2018460333673,2,9,0,17,0,4,0,0,0,0,0,1,6,2,37,7,1798,1,11,8,1,8
2018460333685,1,9,0,18,0,1,0,0,0,0,1,1,6,1,24,5,1796,1,15,9,2,9
2018460333685,2,9,0,18,0,2,1,0,0,0,1,1,6,2,53,8,1499,2,1,7,1,7
2018460333703,1,9,0,12,0,0,0,0,0,0,3,1,1,2,37,7,1598,2,-1,7,1,7
2018460333703,2,9,0,13,0,0,0,0,0,0,4,1,6,1,35,6,2204,2,11,2,1,2
2018460333703,3,9,0,4,0,0,0,0,0,0,2,1,1,1,31,6,1956,2,5,1,1,1
2018460333709,1,98,1,4,0,8,0,0,0,0,2,1,6,1,43,7,-1,-1,-1,-1,-1,-1
2018460333709,2,9,0,4,0,8,0,0,0,0,1,1,6,1,30,6,1799,1,10,6,2,6
2018460333720,1,9,0,9,0,1,0,0,0,0,1,1,6,3,-1,-1,1796,1,14,-1,-1,-1
2018460333720,2,3,0,18,0,5,0,0,0,0,1,1,6,1,58,9,649,1,5,2,1,2
2018460333735,1,98,0,18,0,0,0,0,0,0,2,1,6,3,-1,-1,-1,-1,-1,-1,-1,-1
2018460333735,2,1,0,18,0,0,0,0,0,0,1,1,6,1,24,5,-1,-1,-1,1,1,1
2018460333751,1,9,0,18,0,0,0,0,0,0,4,1,5,2,47,8,1596,1,3,4,1,4
2018460333751,2,90,0,18,0,0,0,0,0,0,4,1,5,1,74,10,-1,3,-1,4,1,4
2018460333758,1,98,0,4,0,0,0,0,0,0,1,1,1,1,21,5,-1,-1,-1,7,1,7
2018460333758,2,9,0,4,0,0,0,0,0,0,2,1,1,1,62,9,1399,2,8,-1,-1,-1
2018460333758,3,19,0,4,0,0,0,0,0,0,2,1,1,1,45,7,1995,2,1,5,1,5
2018460333765,1,9,0,7,0,6,1,0,0,0,1,1,6,1,55,8,1248,2,7,8,1,8
2018460333765,2,9,0,15,0,8,1,0,0,0,1,1,6,1,24,5,2179,2,4,5,1,5
2018460333781,1,9,0,9,0,1,0,0,0,0,3,1,6,2,24,5,1753,2,10,2,1,2
2018460333781,2,1,0,18,0,2,0,0,0,0,0,1,5,1,30,6,-1,-1,-1,4,1,4
2018460333799,1,11,0,18,0,0,0,4,2,0,1,1,1,1,43,7,7300,2,15,5,1,5
2018460333799,2,19,0,2,0,0,5,0,0,0,2,1,1,1,60,9,1461,2,9,7,1,7
2018460333817,1,9,0,14,0,0,0,4,0,0,1,1,6,1,72,10,1997,1,15,4,2,4
2018460333817,2,19,0,2,0,0,0,0,1,0,2,1,1,1,42,7,2494,2,11,-1,-1,-1
2018460333823,1,9,0,18,0,0,0,0,0,0,1,1,2,1,19,4,-1,-1,-1,5,3,5
2018460333823,2,9,0,3,0,0,0,0,0,0,2,1,6,2,32,6,1560,2,4,5,3,5
2018460333832,1,9,0,18,0,1,0,0,0,0,4,1,6,2,18,4,1242,1,8,6,1,6
2018460333851,1,2,0,18,0,0,0,0,0,0,1,1,1,1,21,5,123,1,3,8,2,8
2018460333864,1,9,0,18,0,0,1,0,0,0,1,1,6,1,85,11,1360,1,15,6,2,6
2018460333864,2,9,0,18,0,0,0,0,0,0,2,1,6,1,32,6,-1,-1,-1,5,1,5
2018460333878,1,9,0,17,0,2,0,0,0,0,0,1,6,3,-1,-1,2993,2,8,-1,-1,-1
2018460333878,2,9,0,17,0,2,0,0,0,0,0,1,1,1,-1,-1,2993,2,-1,-1,-1,-1
2018460333878,3,9,0,16,0,2,0,0,0,0,0,1,6,2,56,9,1242,1,18,4,1,4
2018460333886,1,9,0,18,0,0,0,0,0,0,4,1,6,2,21,5,1499,2,6,3,1,3
2018460333907,1,9,0,9,0,1,0,0,0,0,1,1,6,2,25,5,1461,2,14,7,1,7
2018460333907,2,9,0,9,0,1,0,0,0,0,2,1,6,1,35,6,1149,1,14,1,1,1
2018460333911,1,9,0,18,0,8,0,0,1,1,3,1,6,1,21,5,1968,2,9,3,1,3
2018460333930,1,9,0,18,0,1,0,0,0,0,1,1,6,1,25,5,1242,1,5,10,1,10
2018460333930,2,1,0,9,0,1,0,0,0,0,1,1,6,1,44,7,-1,-1,-1,3,1,3
2018460333934,1,9,0,18,0,0,0,0,0,0,0,1,6,3,-1,-1,-1,-1,-1,-1,-1,-1
2018460333934,2,9,0,18,0,0,0,0,0,0,0,1,6,2,56,9,1229,1,3,2,1,2
2018460333952,1,9,0,18,0,1,0,0,1,0,4,1,6,1,43,7,1984,1,4,8,1,8
2018460333952,2,9,0,18,0,1,0,0,1,0,1,1,6,2,37,7,2199,2,3,6,2,6
2018460333953,1,1,0,9,0,1,0,0,0,0,0,1,2,1,45,7,-1,-1,-1,10,1,10
2018460333953,2,9,0,18,0,8,0,0,0,0,0,1,2,2,22,5,898,1,-1,9,1,9
2018460333954,1,98,0,9,0,2,0,0,0,0,1,1,1,1,26,6,-1,-1,-1,-1,-1,-1
2018460333954,2,9,0,18,0,1,0,0,0,0,1,1,1,1,40,7,-1,-1,-1,6,1,6
2018460333963,1,98,5,12,0,0,0,0,0,0,4,1,6,1,-1,-1,-1,-1,-1,-1,-1,-1
2018460333963,2,9,0,18,0,0,5,0,0,0,4,1,2,2,59,9,1242,1,9,5,2,5
2018460333978,1,9,0,18,0,0,0,0,0,0,0,1,6,1,-1,-1,-1,-1,-1,-1,-1,-1
2018460333998,1,9,0,1,0,0,0,0,0,0,0,1,6,1,37,7,1797,8,8,5,3,5
2018460334020,1,9,0,9,0,1,1,0,0,0,1,1,6,1,50,8,1560,2,11,2,1,2
2018460334020,2,98,0,18,0,1,0,0,1,0,1,1,2,1,19,4,-1,-1,-1,3,1,3
2018460334022,1,9,0,3,0,1,0,0,0,0,1,1,6,2,43,7,1390,1,9,7,1,7
2018460334022,2,9,0,3,0,1,0,0,0,0,2,1,6,2,50,8,2993,2,12,1,1,1
2018460334026,1,9,0,18,0,0,0,0,0,0,1,1,6,2,17,4,1242,1,8,9,1,9
2018460334028,1,9,0,7,0,6,0,0,0,0,3,1,6,1,87,11,1498,1,10,6,1,6
2018460334028,2,9,0,18,0,1,0,0,0,0,4,1,6,1,52,8,-1,-1,-1,5,1,5
2018460334034,1,9,0,14,0,1,0,0,0,0,1,1,6,1,44,7,1395,1,1,9,3,9
2018460334034,2,9,0,3,0,1,0,0,0,0,1,1,6,2,47,8,1598,1,8,7,2,7
2018460334034,3,9,0,3,0,1,0,0,0,0,3,1,6,2,31,6,1398,1,1,7,-1,7
2018460334043,1,11,0,7,0,6,0,0,0,0,3,1,1,1,64,9,4500,2,9,1,1,1
2018460334043,2,1,0,18,0,1,0,0,0,0,1,1,6,2,54,8,-1,-1,-1,10,1,10
2018460334048,1,19,0,18,0,0,1,0,0,0,1,1,1,1,33,6,2402,2,7,2,1,2
2018460334048,2,9,0,4,0,0,0,0,0,0,2,1,2,1,40,7,1598,1,11,2,1,2
2018460334048,3,9,0,4,0,0,0,0,0,0,2,1,6,2,38,7,4367,2,5,10,1,10
2018460334057,1,19,0,1,6,0,0,0,0,0,2,1,1,1,42,7,2143,2,1,5,1,5
2018460334069,1,3,0,4,0,0,0,0,0,0,1,1,6,1,25,5,113,1,-1,6,1,6
2018460334069,2,9,0,18,0,0,0,0,0,0,2,1,6,2,24,5,1390,1,3,9,3,9
2018460334079,1,11,0,18,0,6,0,0,0,0,0,1,1,2,49,8,6700,2,10,4,1,4
2018460334093,1,9,0,18,0,0,0,0,0,0,1,1,6,1,26,6,1200,1,3,8,1,8
2018460334093,2,9,0,18,0,0,0,0,0,0,2,1,6,1,51,8,1896,2,10,2,1,2
2018460334098,1,9,0,9,0,0,0,0,0,0,1,1,6,1,47,8,1329,1,4,7,1,7
2018460334098,2,1,0,18,4,0,0,0,0,0,3,1,6,1,57,9,-1,-1,-1,3,1,3
2018460334107,1,9,0,5,0,5,0,0,0,0,1,1,6,2,81,11,1389,1,15,7,1,7
2018460334107,2,9,0,18,0,1,0,0,7,0,1,1,6,2,32,6,1598,2,5,6,2,6
2018460334113,1,9,0,4,0,0,0,0,0,0,1,1,6,2,28,6,2179,2,6,5,2,5
2018460334113,2,9,0,4,0,0,0,0,0,0,2,1,6,1,40,7,1999,1,12,10,1,10
2018460334114,1,9,0,5,0,0,0,0,0,0,3,1,1,2,28,6,999,1,9,10,1,10
2018460334114,2,5,0,4,0,0,0,0,0,0,1,1,2,1,44,7,999,1,-1,2,1,2
2018460334141,1,9,0,18,0,0,1,0,0,0,1,1,6,1,46,8,1396,2,2,4,1,4
2018460334141,2,9,0,3,0,0,0,0,0,0,2,1,6,1,32,6,1956,2,7,2,1,2
2018460334160,1,5,0,10,0,1,0,0,0,0,3,1,6,1,23,5,599,1,9,8,2,8
2018460334160,2,9,0,4,0,1,0,0,0,0,1,1,6,1,25,5,998,1,-1,3,1,3
2018460334167,1,5,0,13,0,1,0,0,0,0,4,1,6,1,70,10,1584,1,11,4,1,4
2018460334167,2,19,0,9,0,5,0,0,0,0,3,1,6,1,36,7,1686,2,16,6,3,6
2018460334177,1,9,0,18,0,8,0,0,0,0,0,1,6,3,-1,-1,-1,-1,-1,-1,-1,-1
2018460334177,2,5,0,18,0,8,1,0,0,0,0,1,6,1,53,8,600,1,2,10,1,10
2018460334184,1,9,0,18,0,1,0,0,3,0,1,1,6,2,21,5,1364,1,14,1,1,1
2018460334184,2,9,0,18,0,1,0,0,0,0,4,1,6,1,57,9,-1,-1,-1,7,1,7
2018460334189,1,9,0,5,0,1,0,0,0,0,3,1,6,1,44,7,1797,8,3,3,1,3
2018460334200,1,3,0,18,0,0,0,0,0,0,3,1,6,1,25,5,124,1,1,5,1,5
2018460334251,1,19,0,17,0,0,0,0,0,0,1,1,1,1,28,6,2143,2,-1,6,1,6
2018460334251,2,9,0,16,0,0,0,0,0,0,1,1,6,2,35,6,1198,1,6,8,1,8
2018460334255,1,9,0,17,0,0,0,0,0,0,1,1,6,1,-1,-1,-1,-1,-1,-1,-1,-1
2018460334255,2,9,0,16,0,0,0,0,0,0,1,1,6,2,19,4,1240,1,13,6,2,6
2018460334262,1,9,0,5,0,1,0,0,0,0,4,1,2,2,42,7,1997,1,2,6,2,6
2018460334262,2,9,0,18,0,1,0,0,0,0,1,1,6,2,48,8,1560,2,3,4,1,4
2018460334275,1,9,0,18,0,0,0,0,0,0,1,1,6,3,-1,-1,-1,-1,-1,-1,-1,-1
2018460334282,1,9,0,18,0,0,0,0,0,0,1,1,6,1,35,6,-1,-1,-1,9,1,9
2018460334282,2,9,0,18,0,0,0,0,0,0,2,1,6,1,19,4,1229,1,5,10,1,10
2018460334292,1,9,0,9,0,1,0,0,0,0,3,1,6,1,81,11,1796,1,7,4,1,4
2018460334292,2,98,0,9,0,1,0,0,0,0,4,1,1,1,48,8,-1,-1,-1,3,1,3
2018460334303,1,9,0,9,0,6,0,0,0,0,1,1,6,2,33,6,1997,2,5,9,1,9
2018460334303,2,9,0,9,0,5,0,0,0,0,3,1,6,2,41,7,999,1,9,9,1,9
2018460334306,1,9,0,1,0,0,0,0,0,0,2,1,3,1,52,8,1968,2,10,10,1,10
2018460334308,1,98,1,4,0,0,0,0,0,0,1,1,6,1,31,6,-1,-1,-1,-1,-1,-1
2018460334308,2,19,1,4,0,0,0,0,0,0,2,1,6,1,-1,-1,2143,2,-1,6,2,6
2018460334308,3,98,1,4,0,0,0,0,0,0,2,1,6,1,63,9,-1,-1,-1,1,3,1
2018460334364,1,9,0,18,0,1,0,0,0,0,4,1,6,2,37,7,1398,1,14,7,1,7
2018460334364,2,1,0,18,0,1,0,0,0,0,1,1,6,1,55,8,-1,-1,-1,5,1,5
2018460334381,1,21,1,3,0,4,0,0,0,0,2,1,1,1,28,6,10677,2,1,1,1,1
2018460334381,2,9,0,3,0,4,0,0,0,0,3,1,6,2,20,4,1242,1,3,1,1,1
2018460334396,1,21,0,18,0,0,0,0,7,0,3,1,1,1,28,6,11021,2,15,5,3,5
2018460334397,1,9,0,5,2,2,0,0,0,0,1,1,1,1,51,8,1997,2,2,6,1,6
2018460334397,2,1,0,17,2,2,5,0,0,0,2,1,2,2,53,8,-1,-1,-1,6,3,6
2018460334415,1,9,0,18,0,2,0,0,0,0,1,1,6,2,17,4,999,1,4,8,1,8
2018460334415,2,9,0,3,0,2,0,0,0,0,2,1,3,1,34,6,1896,2,12,4,1,4
2018460334415,3,9,0,3,0,2,0,0,0,0,2,1,3,2,42,7,1998,1,13,2,1,2
2018460334437,1,9,0,18,0,0,0,0,0,0,1,1,6,2,25,5,1200,1,3,5,1,5
2018460334437,2,9,0,18,0,0,0,0,0,0,3,1,6,1,70,10,1598,2,3,10,1,10
2018460334465,1,8,0,10,0,0,0,0,0,0,4,1,6,2,57,9,1461,2,3,9,1,9
2018460334465,2,1,0,18,9,0,2,0,0,0,1,1,6,1,16,4,-1,-1,-1,6,1,6
2018460334471,1,9,0,18,0,8,0,0,0,0,1,1,6,1,19,4,1388,1,11,10,1,10
2018460334471,2,9,0,18,0,5,0,0,0,0,4,1,6,2,30,6,1248,2,4,6,3,6
2018460334471,3,9,0,2,0,1,0,0,0,0,3,1,6,1,60,9,1364,2,8,3,-1,3
2018460334494,1,9,0,18,0,2,0,0,0,0,4,1,6,1,30,6,1199,1,-1,4,1,4
2018460334494,2,9,0,5,0,1,0,0,0,0,1,1,6,1,62,9,1995,1,15,7,1,7
2018460334508,1,9,0,18,0,0,0,0,0,0,4,1,6,1,54,8,1598,1,17,1,1,1
2018460334522,1,9,0,18,0,0,0,0,0,0,1,1,6,1,48,8,2149,2,11,6,1,6
2018460334522,2,9,0,4,0,0,0,0,0,0,2,1,6,1,59,9,1596,1,14,6,1,6
2018460334522,3,9,0,4,0,0,0,0,0,0,2,1,6,1,25,5,1368,1,10,4,1,4
2018460334538,1,21,0,4,0,8,0,0,0,0,1,1,1,1,56,9,12900,2,9,1,2,1
2018460334538,2,9,0,4,0,8,0,0,0,0,2,1,1,2,49,8,999,1,6,4,2,4
2018460334538,3,9,0,3,0,8,0,0,0,0,2,1,3,1,-1,-1,1598,2,5,10,1,10
2018460334538,4,19,0,3,0,8,0,0,0,0,2,1,4,1,28,6,1995,2,-1,1,1,1
2018460334569,1,9,0,18,0,1,0,0,0,0,1,1,6,2,35,6,1398,1,5,4,3,4
2018460334578,1,9,0,18,0,1,0,0,0,0,0,1,6,2,58,9,1591,1,5,5,2,5
2018460334578,2,5,0,18,0,1,0,10,0,0,0,1,6,1,21,5,649,1,3,5,1,5
2018460334593,1,9,0,18,0,0,1,10,1,0,1,1,6,1,32,6,2967,1,18,1,3,1
2018460334593,2,9,0,18,0,0,0,0,0,0,2,1,6,1,31,6,1798,8,-1,4,1,4
2018460334593,3,9,0,18,0,0,0,0,0,0,2,1,6,1,21,5,1997,2,15,3,1,3
2018460334599,1,9,0,18,0,0,0,0,0,0,1,1,2,2,25,5,1360,1,12,2,1,2
2018460334599,2,9,0,2,0,0,0,0,0,0,0,1,6,1,-1,-1,1560,2,13,-1,-1,-1
2018460334622,1,9,0,4,0,0,0,0,0,0,1,1,6,2,44,7,1461,2,8,8,1,8
2018460334622,2,9,0,4,0,0,0,0,0,0,2,1,6,1,79,11,1329,1,6,8,1,8
2018460334622,3,9,0,4,0,0,0,0,0,0,1,1,6,1,67,10,2967,1,8,10,1,10