Accident_Index,Vehicle_Reference,Vehicle_Type,Towing_and_Articulation,Vehicle_Manoeuvre,Vehicle_Location-Restricted_Lane,Junction_Location,Skidding_and_Overturning,Hit_Object_in_Carriageway,Vehicle_Leaving_Carriageway,Hit_Object_off_Carriageway,1st_Point_of_Impact,Was_Vehicle_Left_Hand_Drive?,Journey_Purpose_of_Driver,Sex_of_Driver,Age_of_Driver,Age_Band_of_Driver,Engine_Capacity_(CC),Propulsion_Code,Age_of_Vehicle,Driver_IMD_Decile,Driver_Home_Area_Type,Vehicle_IMD_Decile
2018460334622,4,9,0,4,0,0,0,0,0,0,2,1,6,2,65,9,1998,1,-1,7,1,7
2018460334631,1,9,0,18,0,1,0,0,0,0,1,1,6,1,31,6,-1,-1,-1,4,1,4
2018460334631,2,9,0,18,0,1,0,0,0,0,2,1,6,1,86,11,1339,1,13,10,1,10
2018460334650,1,98,0,18,0,0,0,0,0,0,4,1,6,3,-1,-1,-1,-1,-1,-1,-1,-1
2018460334664,1,9,0,18,0,4,0,0,0,0,1,1,6,2,67,10,999,1,3,8,1,8
2018460334664,2,9,0,18,0,8,0,0,0,0,4,1,6,2,69,10,1200,1,4,9,1,9
2018460334675,1,9,0,18,0,0,0,0,0,0,1,1,6,3,-1,-1,-1,-1,-1,-1,-1,-1
2018460334675,2,9,0,18,0,0,0,0,0,0,2,1,6,1,-1,-1,1991,2,14,4,1,4
2018460334685,1,9,0,9,0,1,0,0,0,0,3,1,5,2,19,4,1240,1,10,6,1,6
2018460334685,2,9,0,18,0,1,0,0,0,0,1,1,5,1,18,4,998,1,3,2,1,2
2018460334700,1,19,0,10,0,5,0,0,0,0,3,1,2,1,28,6,1997,2,12,3,1,3
2018460334700,2,1,0,18,0,1,0,0,0,0,4,1,6,1,24,5,-1,-1,-1,7,1,7
2018460334707,1,1,0,18,0,1,0,0,0,0,1,1,1,1,19,4,-1,-1,-1,7,1,7
2018460334710,1,9,0,18,0,0,0,0,0,0,4,1,6,2,45,7,2500,2,23,9,1,9
2018460334711,1,9,0,4,0,0,0,0,0,0,0,1,6,1,49,8,1796,1,13,5,1,5
2018460334711,2,22,0,18,0,0,0,0,0,0,0,1,6,1,57,9,-1,-1,-1,-1,-1,-1
2018460334714,1,19,0,1,0,0,0,0,0,0,2,1,6,1,-1,-1,2402,2,10,-1,-1,-1
2018460334714,2,9,0,3,0,0,0,0,0,0,4,1,6,1,27,6,1984,1,3,6,1,6
2018460334716,1,9,0,18,0,1,0,0,0,0,1,1,1,2,28,6,-1,-1,-1,1,1,1
2018460334717,1,-1,-1,18,0,0,0,0,0,0,1,1,6,3,-1,-1,-1,-1,-1,-1,-1,-1
2018460334731,1,9,0,18,0,0,0,0,0,0,1,1,6,2,58,9,1598,1,3,10,3,10
2018460334731,2,1,0,18,0,0,0,0,0,0,2,1,6,1,47,8,-1,-1,-1,7,3,7
2018460334732,1,9,0,18,0,0,0,0,0,0,1,1,6,1,33,6,1995,2,13,7,1,7
2018460334732,2,9,0,18,0,0,0,0,1,0,2,1,6,1,53,8,1896,2,16,8,2,8
2018460334753,1,9,0,18,0,0,0,0,0,0,1,1,6,2,23,5,-1,-1,-1,5,1,5
2018460334753,2,9,0,8,0,0,0,0,0,0,2,1,6,1,23,5,1193,1,16,1,1,1
2018460334758,1,9,0,18,0,1,0,0,0,0,1,1,6,1,-1,-1,1388,1,14,-1,-1,-1
2018460334758,2,9,0,18,0,1,0,0,0,0,2,1,6,1,55,8,999,1,-1,-1,-1,-1
2018460334760,1,9,0,5,0,0,0,0,7,0,1,1,6,2,55,8,2393,1,7,5,-1,5
2018460334765,1,9,0,11,0,2,0,0,0,0,4,1,6,1,53,8,-1,-1,-1,10,1,10
2018460334765,2,3,0,18,0,8,0,0,0,0,3,1,6,1,56,9,1000,1,4,2,1,2
2018460334767,1,9,0,1,0,0,0,0,0,0,1,1,6,1,72,10,1397,1,16,2,1,2
2018460334767,2,9,0,18,0,0,0,0,0,0,2,1,6,1,78,11,-1,-1,-1,7,1,7
2018460334767,3,9,0,2,0,0,0,0,0,0,4,1,6,1,45,7,1968,2,9,2,1,2
2018460334767,4,9,0,2,0,0,0,0,0,0,4,1,6,1,58,9,1598,1,13,2,1,2
2018460334782,1,9,0,9,0,8,0,0,0,0,3,1,6,2,36,7,1248,1,8,5,1,5
2018460334782,2,9,0,15,0,1,0,0,0,0,4,1,1,2,31,6,1299,1,9,5,1,5
2018460334791,1,9,0,10,0,0,0,0,0,0,1,1,6,2,35,6,1598,2,2,5,1,5
2018460334791,2,9,0,10,0,0,0,0,0,0,2,1,3,2,46,8,1364,1,10,1,1,1
2018460334792,1,9,0,18,0,5,1,0,7,0,1,1,6,1,20,4,1798,1,13,-1,-1,-1
2018460334792,2,9,0,4,0,1,0,0,0,0,3,1,3,1,49,8,1685,2,1,9,3,9
2018460334799,1,9,0,17,0,0,5,10,2,0,3,1,6,1,32,6,1328,1,16,1,1,1
2018460334808,1,9,0,17,0,0,1,0,7,4,1,1,5,1,20,4,1124,1,18,8,3,8
2018460334825,1,19,0,18,0,1,0,0,1,0,1,1,1,1,-1,-1,2198,2,1,-1,-1,-1
2018460334825,2,9,0,10,0,1,0,0,0,0,2,1,2,2,34,6,1461,2,2,1,1,1
2018460334829,1,9,0,4,0,1,0,0,0,0,1,1,6,3,-1,-1,-1,-1,-1,-1,-1,-1
2018460334829,2,1,0,18,0,1,1,0,0,0,4,1,4,1,14,3,-1,-1,-1,3,1,3
2018460334845,1,8,0,10,0,1,0,0,0,0,1,1,3,1,70,10,1870,2,12,8,1,8
2018460334845,2,1,0,4,0,1,0,0,0,0,1,1,1,1,43,7,-1,-1,-1,3,1,3
2018460334846,1,9,0,18,0,8,0,0,0,0,3,1,5,2,19,4,1461,2,4,9,1,9
2018460334846,2,9,0,18,0,8,0,0,0,0,3,1,1,1,37,7,2204,2,12,2,1,2
2018460334847,1,98,1,18,0,0,0,0,0,0,1,1,6,3,-1,-1,-1,-1,-1,-1,-1,-1
2018460334847,2,9,0,18,0,0,0,0,0,0,2,1,6,2,44,7,2143,2,4,7,3,7
2018460334854,1,9,0,4,0,4,5,10,3,0,1,1,6,1,30,6,1896,2,12,6,3,6
2018460334864,1,9,0,18,0,8,0,0,0,0,3,1,1,1,-1,-1,1797,8,8,2,1,2
2018460334864,2,90,0,18,9,8,5,0,0,0,1,1,5,1,14,3,-1,-1,-1,2,1,2
2018460334871,1,9,0,9,0,0,0,0,0,0,1,1,6,1,53,8,1998,8,1,8,1,8
2018460334871,2,1,0,18,0,0,0,0,0,0,3,1,6,1,70,10,-1,-1,-1,8,3,8
2018460334908,1,98,0,12,0,0,0,0,0,0,3,1,6,3,-1,-1,-1,-1,-1,-1,-1,-1
2018460334908,2,9,0,18,0,0,0,0,5,0,4,1,6,2,27,6,999,1,2,3,1,3
2018460334924,1,9,0,-1,-1,0,-1,-1,-1,0,-1,1,6,1,33,6,1796,1,13,4,1,4
2018460334940,1,9,0,18,0,0,0,0,1,1,1,1,2,2,23,5,1399,2,9,4,1,4
2018460334954,1,9,0,18,0,0,0,0,0,0,1,1,5,1,20,4,1598,2,7,5,1,5
2018460334954,2,9,0,4,0,0,0,0,0,0,2,1,5,1,40,7,1598,1,7,3,1,3
2018460334957,1,9,0,18,0,0,0,0,0,0,4,1,6,2,74,10,1598,1,6,6,3,6
2018460334957,2,9,0,1,0,0,0,0,0,0,3,1,6,2,29,6,1997,2,9,3,1,3
2018460334960,1,9,0,18,0,8,0,0,0,0,1,1,1,1,26,6,-1,-1,-1,-1,-1,-1
2018460334960,2,9,0,9,0,8,0,0,0,0,1,1,6,2,31,6,998,1,3,8,1,8
2018460334970,1,9,0,18,0,0,0,0,0,0,1,1,2,1,42,7,1242,1,5,7,1,7
2018460334970,2,98,1,18,0,0,0,0,0,0,2,1,1,1,43,7,-1,-1,-1,-1,-1,-1
2018460334973,1,9,0,18,0,0,0,0,0,0,1,1,6,1,31,6,-1,-1,-1,-1,-1,-1
2018460334973,2,9,-1,18,0,0,0,0,0,0,1,1,6,1,61,9,2993,2,7,8,1,8
2018460335001,1,19,0,9,0,6,0,0,0,0,1,1,1,1,35,6,2402,2,11,3,1,3
2018460335001,2,9,0,18,0,1,1,0,0,0,4,1,6,1,44,7,1988,2,13,6,3,6
2018460335005,1,3,0,14,0,1,0,0,0,0,1,1,2,1,19,4,125,1,-1,1,1,1
2018460335005,2,9,0,10,0,2,0,0,0,0,1,1,6,2,21,5,1499,1,4,7,1,7
2018460335005,3,9,0,3,0,1,0,0,0,0,0,1,6,2,37,7,1242,1,4,9,2,9
2018460335014,1,9,0,18,0,0,0,0,0,0,0,1,6,1,58,9,-1,-1,-1,-1,-1,-1
2018460335025,1,9,0,9,0,0,0,0,0,0,1,1,6,1,75,10,1591,1,8,9,1,9
2018460335034,1,9,0,18,0,0,0,0,0,0,1,1,6,1,65,9,2488,1,15,1,1,1
2018460335034,2,9,0,18,0,0,0,0,0,0,2,1,6,1,41,7,1956,2,1,10,3,10
2018460335035,1,9,0,18,0,0,5,0,0,0,3,1,1,1,20,4,1242,1,8,10,1,10
2018460335035,2,9,0,18,0,0,0,0,0,0,3,1,2,1,58,9,1598,2,1,7,1,7
2018460335035,3,9,0,18,0,0,0,0,0,0,1,1,3,2,42,7,1499,1,1,4,1,4
2018460335039,1,9,0,4,0,1,0,0,0,0,1,1,6,2,70,10,1360,1,12,3,1,3
2018460335039,2,9,0,4,0,1,0,0,0,0,2,1,6,1,29,6,1339,1,9,5,1,5
2018460335043,1,9,0,7,0,2,0,0,0,0,3,1,6,1,43,7,1799,1,11,6,1,6
2018460335043,2,3,0,18,0,1,0,0,0,0,1,1,4,1,17,4,124,1,9,7,1,7
2018460335073,1,9,0,2,0,0,0,0,0,0,2,1,6,1,52,8,1124,1,13,5,1,5
2018460335073,2,9,0,18,0,0,0,0,0,0,1,1,6,1,19,4,1242,1,11,2,1,2
2018460335075,1,9,0,18,0,0,0,0,0,0,1,1,6,1,70,10,2987,2,11,9,1,9
2018460335086,1,9,0,5,0,2,0,0,0,0,4,1,2,1,54,8,1490,1,12,1,1,1
2018460335086,2,1,0,14,0,1,0,0,0,0,1,1,2,1,26,6,-1,-1,-1,4,2,4
2018460335096,1,9,0,17,0,0,0,0,7,0,1,1,6,2,41,7,1298,1,12,2,1,2
2018460335096,2,9,0,16,0,0,0,0,0,0,1,1,6,2,45,7,999,1,1,6,1,6
2018460335097,1,9,0,18,0,3,0,0,0,0,1,1,6,1,29,6,1896,2,10,1,1,1
2018460335097,2,9,0,18,0,3,0,0,0,0,2,1,6,1,35,6,1797,8,5,1,1,1
2018460335097,3,9,0,18,0,4,0,0,0,0,0,1,1,1,-1,-1,998,1,2,5,1,5
2018460335103,1,9,0,4,0,4,0,0,0,0,1,1,2,2,29,6,1461,2,8,6,3,6
2018460335103,2,9,0,4,0,4,0,0,0,0,2,1,2,1,50,8,-1,-1,-1,3,1,3
2018460335104,1,9,0,13,0,0,0,0,0,0,1,1,6,3,-1,-1,-1,-1,-1,-1,-1,-1
2018460335104,2,9,0,4,0,0,0,0,0,0,2,1,6,2,60,9,1329,1,2,3,1,3
2018460335104,3,9,0,2,0,0,0,0,0,0,2,1,6,1,34,6,1998,1,14,5,1,5
2018460335106,1,9,0,2,0,0,0,0,0,0,1,1,6,3,-1,-1,1248,2,11,-1,-1,-1
2018460335106,2,9,0,18,0,0,0,4,1,0,2,1,6,1,58,9,1598,1,8,6,1,6
2018460335115,1,9,0,18,0,4,0,0,0,0,1,1,6,2,-1,-1,998,1,-1,-1,-1,-1
2018460335115,2,9,0,7,0,3,0,0,0,0,2,1,5,1,43,7,1591,1,1,4,3,4
2018460335123,1,9,0,18,0,0,1,0,1,0,4,1,2,2,33,6,1596,1,16,3,1,3
2018460335130,1,9,0,18,0,1,0,0,0,0,1,1,6,1,54,8,-1,-1,-1,6,1,6
2018460335130,2,9,0,18,0,1,0,0,0,0,4,1,6,1,81,11,998,1,11,8,1,8
2018460335133,1,9,0,18,0,0,5,10,1,0,4,1,6,2,17,4,1364,1,10,2,1,2
2018460335135,1,9,3,18,0,0,5,0,0,0,3,1,6,1,46,8,-1,-1,-1,1,1,1
2018460335141,1,98,1,18,0,0,0,0,0,0,3,1,1,1,32,6,-1,-1,-1,-1,-1,-1
2018460335141,2,9,0,18,0,0,0,0,4,0,4,1,6,2,21,5,1197,1,7,5,1,5
2018460335152,1,9,0,9,0,0,0,0,0,0,1,1,6,2,49,8,-1,-1,-1,6,3,6
2018460335152,2,9,0,18,0,0,0,0,0,0,1,1,6,1,18,4,1598,1,12,8,1,8
2018460335152,3,9,0,10,0,0,0,0,0,0,1,1,6,1,79,11,1318,1,3,8,1,8
2018460335154,1,1,0,4,0,1,0,0,0,0,1,1,1,1,14,3,-1,-1,-1,7,1,7
2018460335154,2,9,0,4,0,1,0,0,0,0,4,1,2,1,42,7,2231,2,9,8,1,8
2018460335168,1,9,0,18,0,0,0,0,0,0,4,1,6,1,44,7,1390,1,13,6,2,6
2018460335168,2,9,0,2,9,0,0,0,0,0,2,1,6,1,24,5,1995,2,7,3,1,3
2018460335168,3,9,0,2,9,0,0,0,0,0,3,1,6,2,46,8,1596,1,17,2,1,2
2018460335175,1,9,0,14,0,1,0,0,0,0,3,1,6,1,66,10,1596,1,13,6,2,6
2018460335175,2,9,0,14,0,1,0,0,0,0,2,1,6,2,34,6,2231,2,12,10,1,10
2018460335175,3,9,0,18,0,1,0,0,0,0,3,1,6,1,35,6,1560,2,3,5,1,5
2018460335192,1,9,0,4,0,2,0,0,0,0,1,1,6,1,17,4,796,1,8,4,3,4
2018460335192,2,9,0,4,0,2,0,0,0,0,2,1,6,1,45,7,1995,1,15,2,1,2
2018460335203,1,9,0,3,0,8,0,0,0,0,1,1,6,1,39,7,2494,1,20,6,1,6
2018460335203,2,9,0,3,0,8,0,0,0,0,2,1,6,2,29,6,1398,1,8,4,1,4
2018460335224,1,9,0,18,0,0,0,0,0,0,4,1,2,1,62,9,1390,1,15,3,1,3
2018460335247,1,9,0,18,0,0,0,0,0,0,1,1,6,3,-1,-1,-1,-1,-1,-1,-1,-1
2018460335253,1,19,0,1,0,0,0,0,0,0,0,1,1,2,-1,-1,1248,2,3,-1,-1,-1
2018460335259,1,9,0,18,0,0,1,0,0,0,1,1,6,2,17,4,1368,1,9,4,1,4
2018460335259,2,9,0,2,0,0,0,0,0,0,2,1,6,1,24,5,1560,2,7,2,1,2
2018460335264,1,9,0,18,0,0,5,0,0,0,1,1,6,2,19,4,1229,1,3,2,1,2
2018460335291,1,9,0,16,0,0,0,0,0,0,1,1,5,1,48,8,1988,1,18,8,3,8
2018460335291,2,9,0,4,0,0,0,0,0,0,1,1,5,2,44,7,998,1,5,10,1,10
2018460335301,1,9,0,17,0,0,0,0,1,0,1,1,6,1,25,5,2926,2,15,-1,-1,-1
2018460335353,1,9,0,18,0,2,0,0,0,0,1,1,6,1,58,9,2967,2,4,2,1,2
2018460335357,1,9,0,18,0,2,0,0,1,0,4,1,6,1,66,10,2597,1,18,4,3,4
2018460335365,1,3,0,18,0,0,1,0,0,0,1,1,6,1,21,5,124,1,7,5,2,5
2018460335365,2,19,0,18,0,0,0,0,0,0,1,1,1,1,24,5,2143,2,1,3,1,3
2018460335372,1,9,0,18,0,1,0,0,0,0,4,1,6,2,58,9,1398,1,5,3,1,3
2018460335374,1,9,0,18,0,0,0,0,0,0,3,1,6,2,19,4,1395,1,1,8,1,8
2018460335417,1,19,0,16,0,4,1,-1,1,4,1,1,6,1,35,6,1560,2,1,-1,-1,-1
2018460335419,1,1,0,18,9,0,0,0,0,0,1,1,6,1,14,3,-1,-1,-1,5,1,5
2018460335420,1,9,0,5,0,8,0,0,7,4,1,1,6,3,-1,-1,1199,1,18,-1,-1,-1
2018460335474,1,9,0,18,0,0,0,0,0,0,1,1,6,1,21,5,1229,1,9,9,1,9
2018460335474,2,97,0,18,0,0,0,0,0,0,2,1,6,1,80,11,-1,-1,-1,-1,-1,-1
2018460335474,3,9,0,18,0,0,0,0,0,0,1,1,5,1,23,5,998,1,5,7,1,7
2018460335508,1,98,0,5,0,1,0,0,0,0,1,1,2,1,-1,-1,-1,-1,-1,-1,-1,-1
2018460335508,2,1,0,5,0,1,0,0,0,0,4,1,2,1,49,8,-1,-1,-1,10,3,10
2018460335561,1,9,0,18,0,0,1,0,0,0,1,1,6,2,25,5,999,1,15,2,1,2
2018460335561,2,9,0,18,0,0,0,0,0,0,2,1,6,2,32,6,1685,2,1,6,1,6
2018460335562,1,9,0,4,0,1,0,0,0,0,1,1,6,2,36,7,1686,2,8,4,1,4
2018460335583,1,3,0,4,0,1,0,0,0,0,1,1,6,1,32,6,124,1,1,8,1,8
2018460335583,2,9,0,4,0,1,0,0,0,0,2,1,6,2,26,6,2148,2,10,1,1,1
2018460335607,1,9,0,18,0,0,0,0,0,0,1,1,6,1,23,5,998,1,10,7,1,7
2018460335607,2,9,0,18,0,0,0,0,0,0,1,1,6,1,38,7,2996,1,12,8,1,8
2018460335641,1,9,0,18,0,0,0,0,0,0,1,1,6,3,-1,-1,-1,-1,-1,-1,-1,-1
2018460335641,2,9,0,3,0,0,0,0,0,0,2,1,6,1,60,9,1086,1,9,5,1,5
2018460335776,1,9,0,10,0,0,0,0,0,0,1,1,6,1,-1,-1,1395,1,2,4,3,4
2018460335776,2,3,0,18,0,0,5,0,0,0,1,1,6,1,20,4,124,1,12,7,1,7
2018460335790,1,9,0,18,0,2,0,12,7,0,1,1,6,1,41,7,1997,1,13,4,1,4
2018460335879,1,9,0,18,0,8,0,0,0,0,1,1,6,1,29,6,1200,1,6,2,1,2
2018460335879,2,9,0,18,0,8,0,0,0,0,1,1,6,2,26,6,1199,1,15,3,1,3
2018460335907,1,9,0,18,0,1,0,0,0,0,1,1,6,2,41,7,999,1,2,6,1,6
2018460335909,1,9,0,9,0,1,0,0,0,0,1,1,6,1,21,5,1490,1,10,4,1,4
2018460335909,2,9,0,18,0,1,0,0,0,0,3,1,6,2,21,5,1796,1,13,8,1,8
2018460335916,1,9,0,9,0,1,0,0,0,0,1,1,6,1,51,8,1390,1,7,4,1,4
2018460335916,2,9,0,18,0,1,0,0,0,0,4,1,6,1,73,10,1598,2,7,9,1,9
2018460335935,1,9,0,8,0,1,0,0,0,0,1,1,6,1,30,6,2435,1,16,5,1,5
2018460335935,2,1,0,18,5,1,0,0,0,0,1,1,2,1,27,6,-1,-1,-1,1,1,1
2018460335957,1,9,0,18,0,0,0,0,0,0,2,1,5,3,-1,-1,1198,1,16,-1,-1,-1
2018460335957,2,1,0,18,0,0,0,0,0,0,1,1,5,1,38,7,-1,-1,-1,7,1,7
2018460335978,1,9,0,9,0,0,0,0,0,0,1,1,6,2,47,8,-1,-1,-1,8,3,8
2018460335978,2,9,0,18,0,0,0,0,0,0,1,1,2,1,60,9,1339,1,12,8,1,8
2018460336004,1,9,0,18,0,1,0,0,0,0,1,1,5,1,25,5,1984,1,-1,5,1,5
2018460336004,2,19,0,7,0,6,0,0,0,0,3,1,5,1,66,10,1248,2,7,10,2,10
2018460336097,1,9,0,8,0,5,0,0,0,0,1,1,6,2,64,9,1197,1,3,3,1,3
2018460336097,2,1,0,18,0,8,0,0,0,0,4,1,6,1,14,3,-1,-1,-1,7,1,7
2018460336114,1,9,0,18,0,0,5,0,1,10,1,1,6,1,19,4,1390,1,10,4,2,4
2018460336138,1,9,0,9,0,0,0,0,0,0,3,1,6,2,22,5,1390,1,8,4,1,4
2018460336141,1,1,0,18,0,0,0,0,0,0,0,1,4,1,16,4,-1,-1,-1,9,1,9
2018460336141,2,9,0,18,0,0,0,0,0,0,0,1,6,1,76,11,1995,2,5,9,1,9
2018460336201,1,9,0,4,0,1,0,0,0,0,1,1,6,2,55,8,1600,1,16,1,1,1
2018460336201,2,9,0,3,0,1,0,0,0,0,2,1,6,1,35,6,1799,1,7,2,1,2
2018460336327,1,19,0,18,0,0,0,0,0,0,4,1,1,1,33,6,2143,2,4,6,1,6
2018460336327,2,19,0,12,0,0,0,4,0,0,2,1,1,1,58,9,2998,2,12,7,1,7
2018460336809,1,90,0,18,0,0,0,0,0,0,0,1,6,3,-1,-1,-1,-1,-1,-1,-1,-1
2018460336864,1,9,0,18,0,8,0,0,0,0,1,1,6,1,34,6,998,1,4,3,1,3
2018460336864,2,3,0,7,0,8,0,0,0,0,1,1,6,1,34,6,599,1,25,5,1,5
2018460336867,1,9,0,17,0,0,0,0,7,0,1,1,4,1,56,9,2993,2,2,7,1,7
2018460336867,2,9,0,16,0,0,0,0,0,0,1,1,6,1,52,8,1596,1,6,7,3,7
2018460336914,1,9,0,9,0,1,0,0,0,0,3,1,2,2,36,7,1968,2,10,10,2,10
2018460336914,2,1,0,18,0,1,0,0,0,0,1,1,6,1,15,3,-1,-1,-1,5,2,5
2018460336920,1,9,0,14,9,0,0,0,0,0,0,1,6,1,79,11,1242,1,12,8,1,8
2018460336939,1,9,0,18,0,0,0,0,0,0,3,1,6,1,52,8,1753,2,10,2,1,2
2018460336939,2,1,0,18,0,0,0,0,0,0,1,1,6,1,20,4,-1,-1,-1,3,1,3
2018460336944,1,9,0,3,0,1,0,0,0,0,1,1,3,2,41,7,2499,2,15,6,1,6
2018460336944,2,1,0,3,0,1,0,0,0,0,2,1,3,1,27,6,-1,-1,-1,3,1,3
2018460336971,1,9,0,9,0,4,0,0,0,0,1,1,1,1,33,6,1598,2,5,3,1,3
2018460336971,2,5,0,18,0,4,0,0,0,0,2,1,2,1,26,6,847,1,-1,6,1,6
2018460336981,1,22,0,18,9,1,0,0,0,0,1,1,6,1,81,11,-1,-1,-1,3,1,3
2018460336986,1,19,0,18,0,8,0,0,0,0,4,1,6,3,26,6,1499,2,1,1,1,1
2018460336986,2,1,0,18,0,8,0,0,0,0,3,1,6,2,32,6,-1,-1,-1,1,1,1
2018460337019,1,9,0,18,0,0,0,0,4,0,1,1,1,2,40,7,2191,2,4,2,1,2
2018460337019,2,98,0,18,0,0,0,0,0,0,1,1,1,1,41,7,-1,-1,-1,-1,-1,-1
2018460337019,3,19,0,18,0,0,0,0,0,0,3,1,1,1,50,8,1995,2,1,3,1,3
2018460337049,1,19,0,18,0,0,0,0,0,0,1,1,5,1,34,6,2198,2,5,6,2,6
2018460337052,1,9,0,18,0,1,0,0,0,0,4,1,6,1,-1,-1,1398,1,3,2,1,2
2018460337052,2,9,0,2,0,1,0,0,0,0,3,1,6,2,57,9,998,1,30,4,1,4
2018460337073,1,9,0,1,0,1,0,0,0,0,2,1,6,2,-1,-1,2995,1,-1,1,1,1
2018460337073,2,9,0,18,0,1,0,0,0,0,1,1,6,2,60,9,1686,2,5,9,1,9
2018460337125,1,9,0,16,0,5,1,11,0,0,1,1,6,1,46,8,1800,1,20,4,2,4
2018460337125,2,9,0,4,0,1,1,0,0,0,1,1,6,2,68,10,1388,1,14,5,2,5
2018460337202,1,90,0,5,0,0,0,0,0,0,1,1,6,1,-1,-1,-1,-1,-1,-1,-1,-1
2018460337202,2,9,0,18,0,0,0,0,0,0,4,1,6,2,29,6,1781,1,17,3,1,3
2018460337382,1,9,0,17,0,1,0,0,0,0,1,1,6,1,33,6,1598,1,6,4,1,4
2018460337420,1,3,0,18,0,0,0,0,0,0,1,1,1,1,26,6,125,1,2,4,2,4
2018460337462,1,9,0,18,0,0,0,0,0,0,2,1,6,3,-1,-1,-1,-1,-1,-1,-1,-1
2018460337462,2,9,0,18,0,0,0,0,0,0,1,1,6,2,36,7,1598,1,11,4,1,4
2018460337468,1,9,0,18,0,0,0,0,0,0,4,1,6,3,-1,-1,-1,-1,-1,-1,-1,-1
2018460337481,1,9,0,18,0,0,0,0,0,0,1,1,6,1,41,7,999,1,-1,4,2,4
2018460337552,1,9,0,7,0,6,0,0,0,0,1,1,6,2,73,10,1497,8,2,10,1,10
2018460337552,2,19,0,18,0,2,0,0,0,0,4,1,2,1,54,8,2494,2,7,2,1,2
2018460337596,1,9,0,7,0,6,0,0,0,0,1,1,2,2,29,6,1461,2,9,4,1,4
2018460337596,2,1,0,18,0,1,0,0,0,0,4,1,3,2,23,5,-1,-1,-1,8,1,8
2018460337597,1,9,0,18,0,0,0,0,0,0,1,1,2,1,25,5,1242,1,5,8,2,8
2018460337597,2,9,0,11,0,0,0,0,4,6,2,1,6,1,45,7,1997,2,3,2,1,2
2018460337597,3,98,1,4,0,0,0,0,0,0,0,1,1,1,55,8,-1,-1,-1,-1,-1,-1
2018460337611,1,9,0,12,0,1,0,0,0,0,1,1,6,1,30,6,-1,-1,-1,2,1,2
2018460337611,2,9,0,3,0,1,0,0,0,0,2,1,6,1,45,7,2143,2,1,1,1,1
2018460337617,1,9,0,4,0,4,0,0,0,0,1,1,6,3,-1,-1,-1,-1,-1,-1,-1,-1
2018460337617,2,9,0,4,0,4,0,0,0,0,2,1,2,1,55,8,1798,8,1,3,1,3
2018460337674,1,9,0,18,0,0,1,0,0,0,1,1,6,1,32,6,1589,1,30,5,3,5
2018460337674,2,90,0,18,0,0,0,0,0,0,0,1,6,3,-1,-1,-1,-1,-1,-1,-1,-1
2018460337712,1,1,0,14,0,0,0,0,0,0,1,1,1,1,60,9,-1,-1,-1,9,3,9
2018460337712,2,9,0,2,0,0,0,0,0,0,3,1,6,3,-1,-1,2290,1,13,-1,-1,-1
2018460337722,1,9,0,18,0,1,0,0,0,0,1,1,6,2,-1,-1,998,1,5,3,1,3
2018460337722,2,9,0,3,0,1,0,0,0,0,2,1,2,2,41,7,1598,2,6,10,3,10
2018460337734,1,9,0,18,0,0,0,0,0,0,1,1,6,2,52,8,1229,1,4,5,1,5
2018460337734,2,9,0,3,0,0,0,0,0,0,2,1,1,2,54,8,1248,2,6,5,3,5
2018460337737,1,11,0,3,0,0,0,0,0,0,0,1,1,2,59,9,7300,2,14,8,1,8
2018460337753,1,9,0,18,9,1,0,0,1,1,1,1,6,1,-1,-1,1968,2,10,-1,-1,-1
2018460337828,1,9,0,5,0,0,0,0,0,0,1,1,6,3,-1,-1,-1,-1,-1,-1,-1,-1
2018460337828,2,1,0,4,4,0,5,0,0,0,3,1,6,2,44,7,-1,-1,-1,9,1,9
2018460337833,1,9,0,18,0,8,1,0,1,0,4,1,6,1,34,6,1364,1,11,-1,-1,-1
2018460337833,2,9,0,18,0,8,0,0,0,0,0,1,1,1,37,7,1598,2,2,7,1,7
2018460337845,1,9,0,18,0,1,0,0,7,11,3,1,6,2,73,10,1596,1,3,6,1,6
2018460337865,1,9,0,18,0,1,0,0,0,0,1,1,2,1,26,6,1398,1,3,7,3,7
2018460337876,1,9,0,18,0,0,0,0,0,0,0,1,6,3,-1,-1,-1,-1,-1,-1,-1,-1
2018460337896,1,9,0,4,0,1,0,4,0,0,1,1,2,2,33,6,1998,1,22,2,1,2
2018460337896,2,9,5,2,9,2,0,0,0,0,2,1,6,1,66,10,2198,2,11,1,1,1
2018460337900,1,9,0,7,0,6,0,0,0,0,1,1,6,1,53,8,2993,2,-1,7,3,7
2018460337900,2,3,0,18,0,1,0,0,0,0,4,1,6,1,18,4,124,1,2,3,1,3
2018460337914,1,19,0,2,0,1,0,0,0,0,1,1,6,1,37,7,1995,2,4,-1,-1,-1
2018460337914,2,9,0,18,0,1,0,0,0,0,2,1,6,2,58,9,1598,1,12,4,1,4
2018460337925,1,9,0,18,0,1,0,0,0,0,4,1,6,2,85,11,1199,1,18,2,1,2
2018460337926,1,90,0,9,0,6,0,0,0,0,1,1,1,1,41,7,-1,-1,-1,8,1,8
2018460337926,2,9,0,18,0,5,0,0,0,0,3,1,2,1,56,9,1910,2,10,6,1,6