Accident_Index,Vehicle_Reference,Vehicle_Type,Towing_and_Articulation,Vehicle_Manoeuvre,Vehicle_Location-Restricted_Lane,Junction_Location,Skidding_and_Overturning,Hit_Object_in_Carriageway,Vehicle_Leaving_Carriageway,Hit_Object_off_Carriageway,1st_Point_of_Impact,Was_Vehicle_Left_Hand_Drive?,Journey_Purpose_of_Driver,Sex_of_Driver,Age_of_Driver,Age_Band_of_Driver,Engine_Capacity_(CC),Propulsion_Code,Age_of_Vehicle,Driver_IMD_Decile,Driver_Home_Area_Type,Vehicle_IMD_Decile
2018460341181,3,9,0,4,0,0,0,0,0,0,2,1,5,1,34,6,1984,2,4,7,1,7
2018460341181,4,9,0,4,0,0,0,0,0,0,2,1,6,1,26,6,2143,2,5,1,1,1
2018460341181,5,9,0,4,0,0,0,0,0,0,2,1,6,1,29,6,1598,2,2,7,1,7
2018460341202,1,9,0,9,0,7,0,0,0,0,1,1,6,2,21,5,1498,1,2,3,1,3
2018460341213,1,19,0,18,0,0,0,0,0,0,1,1,6,1,61,9,2402,2,18,-1,1,-1
2018460341213,2,9,0,18,0,0,0,0,0,0,4,1,2,2,20,4,999,1,6,2,1,2
2018460341213,3,9,0,2,0,0,0,4,0,0,4,1,6,1,27,6,1995,2,1,9,1,9
2018460341226,1,9,0,18,0,0,5,10,7,0,1,1,6,1,17,4,-1,-1,-1,9,1,9
2018460341269,1,21,0,4,0,1,0,0,0,0,1,1,6,1,-1,-1,12740,2,7,-1,-1,-1
2018460341269,2,9,0,18,0,1,0,0,0,0,2,1,6,2,27,6,1997,2,10,7,3,7
2018460341284,1,9,0,18,0,1,0,0,3,0,4,1,6,1,69,10,2099,1,14,9,1,9
2018460341284,2,9,0,18,0,1,0,0,2,0,1,1,6,2,62,9,1984,1,6,4,2,4
2018460341310,1,9,0,18,0,1,0,0,0,0,0,1,2,3,-1,-1,-1,-1,-1,-1,-1,-1
2018460341310,2,3,0,18,0,1,0,0,0,0,0,1,2,1,31,6,108,1,5,6,1,6
2018460341314,1,9,0,9,0,6,0,0,0,0,3,1,2,1,18,4,1686,2,11,5,2,5
2018460341314,2,9,0,18,0,1,1,0,7,0,1,1,6,2,29,6,1560,2,3,4,3,4
2018460341336,1,9,0,12,0,0,5,12,0,0,1,1,6,1,41,7,1968,2,3,4,1,4
2018460341336,2,9,0,18,0,0,5,12,0,0,1,1,6,2,57,9,1197,1,4,8,1,8
2018460341385,1,9,0,18,0,0,0,0,0,0,1,1,6,2,57,9,1560,2,3,8,3,8
2018460341385,2,1,0,18,0,0,0,0,0,0,2,1,6,1,10,2,-1,-1,-1,10,1,10
2018460341396,1,3,0,9,0,0,0,0,0,0,1,1,6,1,22,5,124,1,2,9,1,9
2018460341396,2,9,0,18,0,0,0,0,0,0,3,1,6,1,31,6,1796,1,4,2,1,2
2018460341398,1,19,0,16,0,0,0,0,0,0,3,1,1,1,30,6,1560,2,-1,2,1,2
2018460341398,2,19,0,17,0,0,0,0,0,0,4,1,1,1,61,9,2198,2,2,5,3,5
2018460341409,1,9,0,4,0,0,0,0,0,0,1,1,1,2,44,7,1560,2,7,3,1,3
2018460341409,2,9,0,4,0,0,0,0,0,0,2,1,2,1,56,9,1968,2,1,9,1,9
2018460341415,1,3,0,18,0,4,1,10,0,0,1,1,6,1,17,4,124,1,3,7,3,7
2018460341415,2,9,0,18,0,4,0,0,0,0,3,1,6,2,29,6,1968,2,7,9,1,9
2018460341416,1,9,0,7,0,0,0,0,0,0,1,1,6,3,-1,-1,1998,2,12,-1,-1,-1
2018460341416,2,9,0,18,0,0,0,0,0,0,1,1,6,2,47,8,1461,2,4,7,3,7
2018460341418,1,19,0,5,0,4,0,0,0,0,3,1,6,2,48,8,2402,2,8,8,1,8
2018460341418,2,1,0,18,0,8,0,0,0,0,1,1,6,1,31,6,-1,-1,-1,4,1,4
2018460341459,1,9,0,18,0,0,0,0,0,0,1,1,6,1,48,8,2776,2,15,2,1,2
2018460341459,2,9,0,18,0,0,0,0,0,0,2,1,6,1,52,8,1797,8,4,3,1,3
2018460341474,1,9,0,18,0,0,0,0,0,0,1,1,6,2,37,7,1560,2,4,4,3,4
2018460341490,1,21,0,7,0,1,0,0,0,0,0,1,2,1,45,7,16120,2,11,-1,-1,-1
2018460341495,1,9,0,9,0,0,0,0,0,0,1,1,6,1,28,6,1995,2,14,7,1,7
2018460341495,2,5,0,18,0,0,2,0,0,0,3,1,6,1,61,9,1352,1,11,8,2,8
2018460341508,1,17,0,18,0,0,0,0,0,0,1,1,6,3,-1,-1,-1,-1,-1,-1,-1,-1
2018460341508,2,9,0,18,0,0,0,7,0,0,2,1,2,2,55,8,1499,1,3,10,1,10
2018460341514,1,9,0,18,0,0,0,0,0,0,1,1,6,1,22,5,1995,2,10,2,1,2
2018460341514,2,9,0,3,0,0,0,0,0,0,2,1,6,1,41,7,-1,-1,-1,4,1,4
2018460341523,1,9,0,18,0,0,0,0,0,0,1,1,6,1,49,8,1499,2,4,4,1,4
2018460341523,2,9,0,18,0,0,0,0,0,0,2,1,6,2,26,6,1598,1,14,1,1,1
2018460341529,1,3,0,15,0,0,0,0,0,0,4,1,1,1,24,5,125,1,2,8,2,8
2018460341529,2,9,0,2,0,0,0,0,0,0,3,1,1,1,-1,-1,1997,2,7,-1,-1,-1
2018460341543,1,9,0,13,0,0,0,0,0,0,1,1,6,1,35,6,1984,2,7,4,1,4
2018460341543,2,9,0,9,0,0,0,0,0,0,3,1,6,1,35,6,1560,2,4,6,2,6
2018460341553,1,9,0,9,0,2,0,0,0,0,4,1,6,1,27,6,1796,1,10,6,1,6
2018460341564,1,9,0,7,0,0,0,0,0,0,1,1,1,1,39,7,1198,1,14,2,1,2
2018460341564,2,9,0,18,0,0,0,0,0,0,1,1,6,2,49,8,1798,1,11,4,1,4
2018460341573,1,19,0,18,0,0,0,0,0,0,3,1,1,3,30,6,2402,2,11,-1,-1,-1
2018460341573,2,9,0,18,0,0,0,0,0,0,4,1,1,1,58,9,3222,2,14,8,1,8
2018460341599,1,98,1,18,0,0,0,0,0,0,3,1,6,3,-1,-1,-1,-1,-1,-1,-1,-1
2018460341599,2,9,0,3,0,0,0,0,0,0,4,1,6,2,56,9,1197,1,-1,2,1,2
2018460341624,1,9,0,18,0,0,0,0,0,0,3,1,6,2,-1,-1,1598,1,7,3,1,3
2018460341624,2,9,0,18,0,0,0,0,0,0,4,1,2,1,49,8,-1,-1,-1,8,1,8
2018460341666,1,4,0,17,0,0,5,0,0,0,1,1,6,1,33,6,999,1,13,9,2,9
2018460341666,2,9,0,4,0,0,0,0,0,0,1,1,6,1,67,10,1398,1,5,8,1,8
2018460341711,1,9,0,17,0,1,1,7,4,6,1,1,1,1,31,6,2497,1,12,10,1,10
2018460341711,2,9,0,10,0,1,0,0,0,0,4,1,1,2,36,7,1799,1,12,7,3,7
2018460341727,1,9,0,3,0,0,0,0,0,0,1,1,6,1,80,11,1582,2,6,2,1,2
2018460341727,2,9,0,5,0,0,0,0,0,0,2,1,6,1,27,6,1240,1,15,3,1,3
2018460341742,1,9,0,18,0,0,1,0,0,0,1,1,6,1,34,6,2979,1,1,9,1,9
2018460341757,1,9,0,4,0,8,0,0,0,0,2,1,6,1,-1,-1,-1,-1,-1,-1,-1,-1
2018460341757,2,2,0,18,0,8,0,0,0,0,1,1,6,1,24,5,124,1,11,2,1,2
2018460341805,1,9,0,18,0,0,0,0,0,0,4,1,6,1,34,6,-1,-1,-1,2,1,2
2018460341805,2,9,0,2,0,0,0,0,0,0,3,1,6,2,23,5,999,1,-1,5,1,5
2018460341821,1,9,0,16,0,0,1,0,0,0,1,1,6,2,33,6,1753,2,11,7,3,7
2018460341821,2,9,0,17,0,0,1,0,0,0,1,1,6,1,25,5,1968,2,12,7,3,7
2018460341838,1,98,1,12,0,0,0,0,0,0,3,2,1,1,52,8,-1,-1,-1,-1,-1,-1
2018460341838,2,9,0,18,0,0,0,0,1,0,4,1,6,1,53,8,2099,1,14,4,3,4
2018460341840,1,9,0,18,0,0,0,0,1,0,4,1,6,1,44,7,1388,1,14,1,1,1
2018460341840,2,19,0,12,8,0,0,0,1,0,3,1,1,1,39,7,1499,2,-1,7,1,7
2018460341865,1,5,0,13,0,1,0,0,0,0,1,1,2,1,53,8,1215,1,6,8,1,8
2018460341865,2,9,0,9,0,1,0,0,0,0,3,1,6,1,49,8,1896,2,10,9,1,9
2018460341870,1,8,0,3,0,0,0,0,0,0,3,1,1,1,40,7,-1,-1,-1,8,1,8
2018460341882,1,9,0,5,0,2,0,0,0,0,1,1,2,1,77,11,1560,2,4,1,1,1
2018460341930,1,3,0,4,0,0,1,0,0,0,3,1,2,2,24,5,124,1,8,2,1,2
2018460341941,1,9,0,18,0,1,0,0,0,0,1,1,6,1,38,7,1995,2,3,3,1,3
2018460341941,2,9,0,4,0,1,0,0,0,0,2,1,6,1,70,10,998,1,-1,3,1,3
2018460341947,1,9,0,17,0,0,1,10,1,0,4,1,6,1,53,8,1995,2,16,3,1,3
2018460341962,1,9,0,18,0,0,2,0,0,0,1,1,1,1,19,4,1390,1,14,9,3,9
2018460341963,1,9,-1,10,0,1,0,0,0,0,3,1,6,2,83,11,-1,-1,-1,5,1,5
2018460341963,2,9,0,18,0,1,-1,0,0,0,4,1,1,3,-1,-1,1598,2,1,7,1,7
2018460341969,1,9,0,18,0,1,0,0,0,0,1,1,6,2,42,7,1596,1,12,6,3,6
2018460341969,2,9,0,10,0,1,0,0,0,0,2,1,6,1,53,8,1598,1,2,5,3,5
2018460341983,1,9,0,3,0,1,0,0,0,0,1,1,6,2,68,10,1595,1,-1,-1,-1,-1
2018460341983,2,9,0,3,0,1,0,0,0,0,2,1,6,2,40,7,1749,1,15,9,2,9
2018460341985,1,9,0,9,0,1,0,0,0,0,1,1,6,1,57,9,1397,1,9,2,1,2
2018460341985,2,9,0,18,0,1,0,0,0,0,1,1,6,2,55,8,1598,1,14,2,1,2
2018460342003,1,9,0,18,0,0,1,0,0,0,0,1,6,1,34,6,2893,1,9,6,1,6
2018460342003,2,9,0,18,0,0,1,0,0,0,1,1,6,2,65,9,998,1,1,-1,2,-1
2018460342003,3,21,0,18,0,0,0,0,0,0,3,1,1,1,-1,-1,10677,2,4,6,1,6
2018460342005,1,9,0,18,0,0,0,0,0,0,1,1,2,2,24,5,1997,2,15,6,1,6
2018460342005,2,9,0,3,0,0,0,0,0,0,2,1,2,1,24,5,1896,2,10,4,1,4
2018460342005,3,98,0,3,0,0,0,0,0,0,2,1,2,1,31,6,-1,-1,-1,6,1,6
2018460342051,1,9,0,18,0,0,0,0,0,0,3,1,1,1,44,7,-1,-1,-1,2,1,2
2018460342051,2,9,0,18,0,0,0,0,0,0,3,1,6,2,50,8,1598,1,11,5,1,5
2018460342076,1,9,0,18,0,8,0,0,0,0,1,1,6,1,59,9,1398,2,7,6,1,6
2018460342093,1,9,0,18,0,8,0,0,0,0,1,1,6,2,54,8,1598,1,11,5,1,5
2018460342093,2,1,0,9,0,8,0,0,0,0,4,1,6,1,47,8,-1,-1,-1,2,1,2
2018460342112,1,5,0,7,0,3,1,0,0,0,4,1,6,1,40,7,847,1,2,4,3,4
2018460342144,1,9,0,16,0,0,5,0,1,0,4,1,6,1,19,4,1598,1,2,8,1,8
2018460342146,1,9,0,18,0,4,0,0,0,0,1,1,6,2,27,6,1968,2,7,7,3,7
2018460342146,2,5,0,4,0,4,5,0,0,0,2,1,6,1,-1,-1,599,1,6,8,1,8
2018460342150,1,9,0,18,0,8,0,0,0,0,1,1,2,1,30,6,1398,1,4,4,1,4
2018460342150,2,1,0,18,0,8,0,0,0,0,4,1,6,1,17,4,-1,-1,-1,6,3,6
2018460342179,1,9,0,7,0,8,0,0,0,0,1,1,6,2,-1,-1,1388,1,11,9,1,9
2018460342179,2,1,0,4,0,8,0,0,0,0,3,1,6,1,-1,-1,-1,-1,-1,5,1,5
2018460342186,1,9,0,18,0,1,0,0,0,0,1,1,6,1,46,8,1685,2,4,4,1,4
2018460342186,2,19,0,10,0,1,0,0,0,0,2,1,6,2,-1,-1,2463,2,16,9,1,9
2018460342201,1,9,0,9,0,2,1,0,0,0,1,1,6,1,22,5,-1,-1,-1,2,1,2
2018460342248,1,9,0,16,0,1,1,0,0,0,1,1,1,1,37,7,1229,1,12,6,1,6
2018460342248,2,19,0,17,0,1,0,0,0,0,1,1,1,1,42,7,1868,2,11,6,3,6
2018460342252,1,9,0,1,0,0,0,0,0,0,2,1,6,1,37,7,1596,1,9,-1,-1,-1
2018460342254,1,9,0,18,0,2,0,0,0,0,4,1,6,1,46,8,1598,1,7,9,1,9
2018460342270,1,9,0,16,0,0,0,0,0,0,1,1,2,2,51,8,998,1,4,6,1,6
2018460342272,1,9,0,5,0,1,0,0,0,0,1,1,6,1,35,6,1560,2,4,8,3,8
2018460342272,2,9,0,5,0,1,0,0,0,0,2,1,6,2,44,7,1560,2,1,8,-1,8
2018460342319,1,9,0,13,0,0,0,0,0,0,4,1,6,1,31,6,2000,2,11,7,1,7
2018460342319,2,1,0,18,0,0,0,0,0,0,2,1,2,1,55,8,-1,-1,-1,10,1,10
2018460342329,1,9,0,9,0,3,0,0,0,0,1,1,6,1,68,10,1598,1,10,3,1,3
2018460342339,1,9,0,18,0,2,0,0,0,0,1,1,6,1,21,5,2996,1,10,2,1,2
2018460342349,1,9,0,18,0,0,0,0,1,9,1,1,6,2,20,4,1596,1,11,7,2,7
2018460342352,1,9,0,18,0,0,2,0,2,4,4,1,6,2,17,4,1229,1,8,6,1,6
2018460342353,1,1,0,17,0,4,0,0,0,0,0,1,6,1,55,8,-1,-1,-1,8,3,8
2018460342353,2,1,0,17,0,4,0,0,0,0,0,1,6,1,58,9,-1,-1,-1,8,3,8
2018460342362,1,9,0,18,0,2,0,0,0,0,1,1,1,1,24,5,1596,1,8,4,3,4
2018460342362,2,9,0,9,0,2,0,0,0,0,3,1,6,1,54,8,2143,2,2,5,3,5
2018460342368,1,9,0,18,0,0,0,0,0,0,0,1,6,2,59,9,1796,1,9,1,1,1
2018460342368,2,1,0,18,0,0,0,0,0,0,0,1,6,1,63,9,-1,-1,-1,6,1,6
2018460342378,1,9,0,4,0,0,0,0,0,0,1,1,6,2,23,5,1388,1,10,2,1,2
2018460342378,2,9,0,4,0,0,0,0,0,0,2,1,6,1,55,8,1753,2,7,2,1,2
2018460342389,1,9,0,18,0,0,1,0,0,0,1,1,1,1,74,10,1995,2,-1,5,1,5
2018460342389,2,9,0,18,0,0,0,0,0,0,1,1,2,1,46,8,1995,2,5,7,1,7
2018460342418,1,21,0,18,0,7,1,0,0,0,1,1,1,1,36,7,4250,2,6,4,1,4
2018460342418,2,9,0,12,0,7,0,0,0,0,2,1,6,2,40,7,1499,1,-1,7,1,7
2018460342422,1,8,0,5,0,0,0,0,0,0,1,1,1,1,41,7,1560,2,2,7,1,7
2018460342426,1,9,0,18,0,8,0,0,0,0,3,1,1,2,40,7,1461,2,8,3,1,3
2018460342426,2,9,0,18,0,8,0,0,0,0,1,1,1,2,19,4,1199,2,7,7,3,7
2018460342480,1,5,0,18,0,2,0,0,0,0,1,1,2,1,37,7,988,1,15,1,2,1
2018460342480,2,9,0,5,0,6,0,0,0,0,2,1,2,1,38,7,-1,-1,-1,1,2,1
2018460342487,1,9,0,18,0,0,0,0,0,0,1,1,6,2,75,10,1339,1,4,4,1,4
2018460342509,1,9,0,18,0,1,0,0,0,0,1,1,6,1,22,5,2497,2,16,2,1,2
2018460342509,2,9,0,3,0,2,0,0,0,0,2,1,6,1,35,6,1368,1,-1,2,1,2
2018460342551,1,9,0,18,0,0,0,0,0,0,1,1,6,1,37,7,1582,2,3,3,1,3
2018460342551,2,9,0,18,0,0,0,0,0,0,2,1,6,2,51,8,2597,1,13,1,3,1
2018460342560,1,9,0,5,0,1,0,0,0,0,3,1,6,2,51,8,1598,1,11,4,1,4
2018460342560,2,19,0,18,0,1,0,0,0,0,4,1,1,1,28,6,2402,2,17,1,1,1
2018460342576,1,9,0,18,0,0,0,0,7,0,0,1,6,1,77,11,2400,2,3,5,-1,5
2018460342576,2,9,0,2,9,0,0,0,0,0,4,1,5,2,23,5,1598,1,4,-1,-1,-1
2018460342578,1,9,0,5,0,0,0,0,0,0,3,1,6,1,32,6,1998,1,16,7,1,7
2018460342592,1,9,0,18,0,0,1,0,8,2,2,1,6,1,20,4,2184,2,16,-1,-1,-1
2018460342592,2,9,0,18,0,0,0,0,0,0,1,1,1,2,-1,-1,2993,2,2,3,1,3
2018460342592,3,9,0,18,0,0,0,0,0,0,1,1,1,1,-1,-1,2993,2,-1,3,1,3
2018460342601,1,3,0,13,0,0,0,0,0,0,1,1,6,1,20,4,124,1,2,-1,-1,-1
2018460342601,2,9,0,8,0,0,0,0,0,0,3,1,6,2,31,6,1360,1,11,5,2,5
2018460342808,1,3,0,18,0,0,0,0,0,0,1,1,2,1,35,6,125,1,5,3,1,3
2018460342871,1,9,0,18,0,1,0,0,0,0,1,1,5,1,26,6,-1,-1,-1,5,1,5
2018460342919,1,9,0,16,0,2,0,0,0,0,1,2,5,1,37,7,998,1,16,5,3,5
2018460342919,2,9,0,18,0,1,0,0,1,9,1,1,5,1,37,7,2967,2,3,8,2,8
2018460342956,1,9,0,18,0,0,0,0,0,0,1,1,6,1,31,6,2393,2,1,5,1,5
2018460342956,2,9,0,3,0,0,0,0,0,0,1,1,6,1,28,6,2993,2,4,3,1,3
2018460342958,1,9,0,18,0,0,0,0,0,0,1,1,6,2,22,5,998,1,5,5,-1,5
2018460342958,2,9,0,18,0,0,1,0,0,0,1,1,6,2,45,7,2268,2,3,5,1,5
2018460342958,3,9,0,18,0,0,1,0,0,0,1,1,6,1,25,5,996,1,5,6,1,6
2018460342958,4,9,0,4,0,0,1,0,0,0,2,1,6,1,48,8,1956,2,5,2,1,2
2018460342965,1,9,0,14,0,1,1,0,0,0,1,1,2,1,34,6,1124,1,15,5,1,5
2018460342965,2,9,0,18,0,2,0,0,0,0,1,1,2,1,60,9,1968,2,-1,6,3,6
2018460342972,1,9,0,18,0,2,1,0,0,0,1,1,2,1,30,6,1598,2,1,8,1,8
2018460342972,2,9,0,3,0,1,2,7,7,0,3,1,6,1,71,10,1598,1,8,4,1,4
2018460342972,3,9,0,5,0,1,0,0,0,0,1,1,6,1,41,7,1560,2,3,-1,-1,-1
2018460343007,1,21,0,15,0,0,0,0,0,0,1,1,1,1,57,9,6692,2,8,2,1,2
2018460343007,2,9,0,2,0,0,0,0,0,0,3,1,6,2,-1,-1,2497,1,7,9,1,9
2018460343007,3,9,0,2,0,0,0,0,0,0,3,1,6,1,49,8,1798,1,1,9,1,9
2018460343007,4,9,0,2,0,0,0,0,0,0,3,1,6,2,-1,-1,1390,1,6,5,1,5
2018460343007,5,9,0,2,0,0,0,0,0,0,3,1,6,2,-1,-1,1798,1,11,10,1,10
2018460343025,1,10,0,16,0,0,1,0,7,0,1,1,6,1,74,10,-1,-1,-1,8,2,8
2018460343025,2,9,0,18,0,0,0,0,1,0,1,1,6,2,48,8,998,1,8,8,2,8
2018460343049,1,9,0,18,0,8,0,4,0,0,1,1,5,1,25,5,1995,2,6,2,1,2
2018460343049,2,9,0,2,0,8,5,4,0,0,1,1,5,3,-1,-1,1685,2,-1,-1,-1,-1
2018460343049,3,9,0,2,0,8,0,4,0,0,2,1,5,3,-1,-1,1388,1,13,-1,-1,-1
2018460343049,4,9,0,18,0,8,0,0,0,0,0,1,1,1,35,6,1598,2,1,-1,-1,-1
2018460343296,1,9,0,18,0,0,0,0,0,0,3,1,6,2,61,9,1200,1,4,1,1,1
2018460343296,2,9,0,2,0,0,0,0,0,0,3,1,5,1,67,10,1398,1,7,9,1,9
2018460343296,3,9,0,2,0,0,0,0,0,0,3,1,5,2,75,10,1360,1,9,4,1,4
2018460343425,1,9,0,18,0,1,0,0,0,0,1,1,6,3,-1,-1,1997,2,14,-1,-1,-1
2018460343425,2,9,0,3,0,1,0,0,0,0,2,1,6,1,31,6,1198,1,13,2,1,2
2018460343433,1,9,0,10,0,3,0,0,0,0,1,1,6,1,65,9,1197,1,1,2,1,2
2018460343433,2,1,0,16,0,8,0,0,0,0,3,1,6,1,50,8,-1,-1,-1,1,1,1
2018460343437,1,9,0,18,0,1,0,0,0,0,1,1,6,1,54,8,2179,2,6,5,1,5
2018460343437,2,9,0,3,0,1,0,0,0,0,2,1,6,1,28,6,1995,2,11,7,1,7
2018460343437,3,9,0,3,0,1,0,0,0,0,2,1,6,1,68,10,1998,1,11,1,1,1
2018460343448,1,9,0,18,0,0,0,0,0,0,1,1,6,1,35,6,1149,1,11,1,1,1
2018460343448,2,9,0,18,0,0,0,0,0,0,2,1,6,1,63,9,1798,8,3,2,1,2
2018460343456,1,21,0,11,0,0,0,0,0,0,4,1,6,1,49,8,7698,2,-1,6,1,6
2018460343456,2,9,0,18,0,0,0,0,0,0,3,1,6,2,21,5,1229,1,11,6,1,6
2018460343456,3,19,0,18,0,0,0,0,0,0,3,1,6,1,39,7,2402,2,6,-1,-1,-1
2018460343488,1,9,0,11,0,0,0,0,0,0,3,1,2,1,42,7,1997,1,11,5,1,5
2018460343488,2,9,0,18,0,0,0,0,0,0,4,1,6,2,59,9,998,1,-1,6,-1,6
2018460343491,1,19,0,18,0,0,0,0,0,0,1,1,2,1,23,5,1870,2,13,4,2,4
2018460343491,2,9,0,10,0,0,0,0,0,0,0,1,6,2,38,7,998,1,13,3,1,3
2018460343499,1,9,0,9,0,8,0,0,0,0,3,1,6,2,17,4,1242,1,9,10,1,10
2018460343499,2,4,0,18,0,8,0,0,0,0,4,1,1,1,37,7,996,1,17,7,3,7
2018460343516,1,9,0,9,0,5,0,0,0,0,3,1,6,2,70,10,1598,2,1,5,-1,5
2018460343516,2,19,0,5,0,6,0,0,0,0,4,1,6,1,45,7,2402,2,7,4,3,4
2018460343536,1,9,0,18,0,0,0,0,0,0,1,1,6,1,18,4,-1,-1,-1,3,1,3
2018460343560,1,9,0,18,0,0,0,0,0,0,1,1,6,2,-1,-1,-1,-1,-1,-1,-1,-1
2018460343658,1,9,0,18,0,0,5,0,0,0,4,1,6,1,27,6,2995,1,13,7,1,7
2018460343658,2,9,1,18,0,0,0,0,8,0,3,1,6,1,34,6,-1,-1,-1,1,1,1
2018460343726,1,9,0,18,0,2,0,0,3,0,1,1,1,1,46,8,1997,2,4,7,1,7
2018460343726,2,9,0,18,0,8,0,0,0,0,1,1,5,1,54,8,1868,2,16,1,1,1
2018460343745,1,9,0,7,0,1,0,0,0,0,1,1,6,1,29,6,1339,1,9,2,1,2
2018460343745,2,9,0,18,0,8,0,0,0,0,4,1,6,1,51,8,2495,2,16,2,1,2
2018460343753,1,9,0,18,0,8,0,0,0,0,1,1,6,1,-1,-1,-1,-1,-1,-1,-1,-1
2018460343753,2,9,0,4,0,8,0,0,0,0,2,1,6,2,45,7,1796,1,8,4,1,4
2018460343768,1,9,0,18,0,0,0,0,0,0,1,1,6,1,26,6,1461,2,4,5,1,5
2018460343768,2,9,0,18,0,0,0,0,0,0,0,1,1,1,48,8,1598,2,2,2,1,2
2018460343768,3,9,0,18,0,0,0,0,0,0,1,1,6,2,58,9,1461,2,8,1,3,1
2018460343779,1,9,0,18,9,1,0,0,0,0,3,1,6,2,57,9,1390,1,11,2,1,2
2018460343801,1,9,0,18,0,8,0,0,0,0,1,1,6,1,-1,-1,-1,-1,-1,-1,-1,-1
2018460343801,2,9,0,10,0,8,0,0,0,0,2,1,2,2,59,9,1390,1,7,6,2,6
2018460343843,1,9,0,18,0,8,0,0,0,0,3,1,6,2,40,7,1248,2,9,10,1,10
2018460343843,2,9,0,4,0,4,0,0,0,0,3,1,6,1,45,7,1389,1,14,9,1,9
2018460343860,1,9,0,18,0,0,0,0,0,0,1,1,6,2,30,6,1968,2,5,9,1,9
2018460343860,2,9,0,18,0,0,0,0,0,0,4,1,6,2,36,7,1560,2,3,5,1,5
2018460343865,1,5,0,13,0,0,0,0,0,0,1,1,6,1,31,6,1731,1,1,4,1,4
2018460343865,2,9,0,18,0,0,0,0,0,0,1,1,6,2,70,10,2400,2,8,7,1,7
2018460343866,1,98,0,7,0,8,0,0,0,0,4,1,6,3,-1,-1,-1,-1,-1,-1,-1,-1
2018460343896,1,19,0,1,0,0,0,0,0,0,0,1,6,1,31,6,2148,2,9,7,1,7
2018460344041,1,9,0,18,0,0,0,0,0,0,1,1,2,1,24,5,1968,2,11,9,1,9
2018460344041,2,19,0,18,0,0,0,0,0,0,2,1,6,1,33,6,2442,2,2,7,3,7
2018460344093,1,9,0,4,0,0,0,0,0,0,0,1,6,1,-1,-1,1995,2,5,-1,-1,-1
2018460344093,2,11,0,18,0,0,0,0,0,0,0,1,1,3,-1,-1,-1,-1,-1,-1,-1,-1
2018460344132,1,9,0,18,0,0,0,0,0,0,4,1,6,3,-1,-1,1870,2,13,-1,-1,-1
2018460344132,2,9,0,2,0,0,0,0,0,0,4,1,6,1,31,6,1197,1,3,5,1,5
2018460344154,1,9,0,18,0,0,0,0,0,0,1,1,6,1,24,5,2179,2,4,7,1,7
2018460344222,1,9,0,17,0,0,0,0,0,0,1,1,6,1,18,4,2993,2,13,10,3,10
2018460344222,2,9,0,16,0,0,0,0,1,10,1,1,6,1,38,7,1598,1,9,4,1,4
2018460344348,1,9,0,17,0,2,2,0,0,0,1,1,6,1,18,4,998,1,10,6,2,6
2018460344393,1,9,0,3,0,1,0,0,0,0,1,1,6,2,35,6,1598,2,5,10,1,10
2018460344393,2,19,0,3,0,1,0,0,0,0,2,1,1,1,62,9,2198,2,4,2,1,2
2018460344397,1,5,0,4,0,1,0,0,0,0,1,1,6,1,69,10,1199,1,18,2,1,2
2018460344397,2,9,0,4,0,1,0,0,0,0,2,1,6,1,56,9,-1,-1,-1,8,3,8
2018460344449,1,9,0,13,0,0,0,0,0,0,1,1,6,1,20,4,2143,2,3,6,1,6
2018460344449,2,3,0,18,0,0,0,0,0,0,1,1,6,1,25,5,124,1,8,6,3,6
2018460344449,3,8,0,18,0,0,0,0,0,0,0,1,1,1,46,8,1598,2,3,6,1,6
2018460344452,1,9,0,5,0,0,0,0,0,0,1,1,6,2,23,5,1299,1,16,6,3,6
2018460344468,1,9,0,18,0,0,0,0,0,0,3,1,6,1,22,5,999,1,6,8,3,8
2018460344512,1,9,0,18,0,0,0,0,0,0,1,1,6,3,-1,-1,1229,1,10,-1,-1,-1
2018460344512,2,9,0,18,0,0,0,0,0,0,2,1,6,1,25,5,2143,2,4,5,1,5
2018460344533,1,98,0,18,0,0,0,0,0,0,1,1,6,3,-1,-1,-1,-1,-1,-1,-1,-1
2018460344533,2,3,0,18,0,0,0,0,0,0,1,1,6,1,-1,-1,124,1,4,-1,-1,-1
2018460344540,1,9,0,9,0,0,0,0,1,0,1,1,6,1,18,4,1390,1,15,8,1,8
2018460344815,1,9,0,4,0,0,0,0,0,0,1,1,6,2,25,5,1598,2,1,5,1,5
2018460344815,2,9,0,4,0,0,0,0,0,0,2,1,6,2,30,6,-1,-1,-1,7,1,7
2018460344815,3,9,0,4,0,0,0,0,0,0,2,1,1,2,37,7,1560,2,8,4,1,4
2018460344815,4,9,0,4,0,0,0,0,0,0,2,1,1,1,36,7,-1,-1,-1,-1,-1,-1
2018460344815,5,19,0,4,0,0,0,0,0,0,2,1,1,1,36,7,1560,2,-1,9,1,9
2018460344829,1,9,0,18,0,2,0,0,0,0,1,1,6,1,47,8,-1,-1,-1,7,1,7
2018460344841,1,9,0,18,0,0,0,0,0,0,1,1,6,1,45,7,1461,2,2,9,1,9