Accident_Index,Vehicle_Reference,Vehicle_Type,Towing_and_Articulation,Vehicle_Manoeuvre,Vehicle_Location-Restricted_Lane,Junction_Location,Skidding_and_Overturning,Hit_Object_in_Carriageway,Vehicle_Leaving_Carriageway,Hit_Object_off_Carriageway,1st_Point_of_Impact,Was_Vehicle_Left_Hand_Drive?,Journey_Purpose_of_Driver,Sex_of_Driver,Age_of_Driver,Age_Band_of_Driver,Engine_Capacity_(CC),Propulsion_Code,Age_of_Vehicle,Driver_IMD_Decile,Driver_Home_Area_Type,Vehicle_IMD_Decile
2018460344841,2,9,0,18,0,0,0,0,0,0,2,1,6,1,55,8,1598,1,3,5,1,5
2018460344841,3,9,0,18,0,0,0,0,0,0,1,1,6,1,37,7,1360,1,14,6,1,6
2018460344861,1,9,0,18,0,8,0,0,0,0,1,1,6,3,-1,-1,-1,-1,-1,-1,-1,-1
2018460344861,2,2,0,18,0,8,0,0,0,0,4,1,2,1,17,4,-1,-1,-1,5,1,5
2018460344875,1,5,0,18,0,4,0,0,0,0,3,1,6,1,61,9,1690,1,4,10,1,10
2018460344875,2,9,0,18,0,4,0,0,0,0,2,1,6,1,53,8,698,1,14,6,1,6
2018460344877,1,9,0,18,0,8,0,0,0,0,1,1,6,3,-1,-1,-1,-1,-1,-1,-1,-1
2018460344877,2,1,0,18,0,8,0,0,0,0,1,1,6,1,46,8,-1,-1,-1,1,1,1
2018460344887,1,19,0,4,0,1,0,0,0,0,1,1,1,1,22,5,2143,2,6,7,2,7
2018460344887,2,9,0,3,0,1,0,0,0,0,2,1,6,1,20,4,-1,-1,-1,5,1,5
2018460344903,1,9,0,18,2,0,0,0,0,0,4,1,6,1,28,6,1968,2,12,7,1,7
2018460344903,2,1,0,18,2,0,0,0,0,0,1,1,6,1,20,4,-1,-1,-1,7,1,7
2018460344905,1,9,0,18,0,2,0,0,0,0,2,1,1,1,24,5,-1,-1,-1,1,1,1
2018460344905,2,9,0,3,0,2,0,0,0,0,1,1,6,2,33,6,1598,1,7,8,1,8
2018460344931,1,9,0,18,0,0,0,0,0,0,1,1,6,1,40,7,2996,1,8,3,1,3
2018460344931,2,9,0,18,0,0,0,0,0,0,2,1,6,2,40,7,1587,1,14,3,1,3
2018460344931,3,9,0,18,0,0,0,0,0,0,2,1,6,1,54,8,1198,1,4,9,1,9
2018460344935,1,19,0,18,0,0,0,0,0,0,1,1,6,1,51,8,1560,2,2,5,3,5
2018460344935,2,19,0,18,0,0,0,0,0,0,2,1,6,1,60,9,1499,2,1,4,1,4
2018460344935,3,9,0,18,0,0,0,0,0,0,2,1,6,2,70,10,1586,1,3,6,1,6
2018460344935,4,9,0,18,0,0,0,0,0,0,2,1,6,1,55,8,-1,-1,-1,10,1,10
2018460345011,1,9,0,9,0,8,0,0,0,0,1,1,6,1,44,7,1968,2,1,8,1,8
2018460345011,2,1,0,18,0,8,0,0,0,0,3,1,6,1,27,6,-1,-1,-1,6,1,6
2018460345057,1,9,0,4,0,0,0,0,0,0,1,1,6,1,51,8,-1,-1,-1,9,1,9
2018460345057,2,9,0,18,0,0,1,0,0,0,2,1,1,1,29,6,1560,2,10,3,1,3
2018460345114,1,19,0,18,0,0,0,0,0,0,1,1,6,1,36,7,2402,2,15,-1,-1,-1
2018460345114,2,9,0,18,0,0,0,0,0,0,3,1,6,2,40,7,1968,2,13,4,1,4
2018460345134,1,9,0,17,0,0,2,0,7,3,1,1,6,2,35,6,1984,1,17,4,1,4
2018460345134,2,9,0,18,0,0,0,0,0,0,1,1,6,1,26,6,1560,2,8,5,-1,5
2018460345138,1,5,0,18,0,1,0,0,0,0,1,1,6,1,31,6,988,1,14,5,1,5
2018460345138,2,8,0,3,0,1,0,0,0,0,2,1,1,1,39,7,1997,2,7,8,-1,8
2018460345198,1,9,0,18,0,1,0,0,0,0,0,1,6,1,24,5,1999,1,2,3,1,3
2018460345228,1,9,0,4,0,1,1,0,0,0,1,1,6,1,24,5,1956,2,2,10,1,10
2018460345228,2,9,0,3,0,1,0,0,0,0,2,1,6,2,30,6,1968,2,11,6,1,6
2018460345245,1,9,0,18,0,3,0,0,0,0,1,1,6,2,32,6,1598,1,8,2,1,2
2018460345245,2,9,0,18,0,3,0,0,0,0,2,1,6,1,40,7,2987,2,5,6,1,6
2018460345256,1,3,0,18,0,1,1,0,0,0,3,1,6,1,37,7,125,1,1,4,1,4
2018460345256,2,9,0,3,0,1,0,0,0,0,0,1,6,2,48,8,1498,1,-1,10,3,10
2018460345258,1,9,0,9,0,5,0,0,0,0,1,1,6,1,48,8,1598,1,17,2,1,2
2018460345258,2,1,0,18,0,2,0,0,0,0,1,1,6,1,59,9,-1,-1,-1,3,1,3
2018460345263,1,9,0,16,0,2,2,0,0,0,1,1,2,1,38,7,1560,2,4,9,1,9
2018460345263,2,9,0,17,0,1,0,0,0,0,0,1,6,2,76,11,1398,1,8,5,3,5
2018460345263,3,9,0,3,0,1,0,0,0,0,3,1,6,2,30,6,1796,2,4,9,1,9
2018460345275,1,9,0,18,0,0,1,0,0,0,1,1,6,1,43,7,1984,1,1,4,2,4
2018460345275,2,9,0,2,0,0,0,0,0,0,4,1,6,3,-1,-1,-1,-1,-1,-1,-1,-1
2018460345275,3,9,0,2,0,0,0,0,0,0,2,1,6,3,-1,-1,-1,-1,-1,-1,-1,-1
2018460345275,4,9,0,2,0,0,0,0,0,0,2,1,6,3,-1,-1,-1,-1,-1,-1,-1,-1
2018460345275,5,98,0,2,0,0,0,0,0,0,2,1,6,3,-1,-1,-1,-1,-1,-1,-1,-1
2018460345320,1,1,0,4,0,0,0,0,0,0,0,1,6,1,54,8,-1,-1,-1,2,3,2
2018460345320,2,9,0,18,0,0,0,0,1,10,1,1,6,1,37,7,1969,2,3,7,3,7
2018460345400,1,9,0,18,0,0,0,0,1,0,0,1,6,1,45,7,1997,2,3,6,1,6
2018460345400,2,9,0,18,0,0,5,0,1,0,0,1,6,1,-1,-1,1796,1,14,6,1,6
2018460345400,3,9,0,18,0,0,0,0,1,0,0,1,6,1,26,6,2979,1,4,7,2,7
2018460345400,4,9,0,18,0,0,0,0,1,0,1,1,6,2,55,8,1956,2,6,6,1,6
2018460345400,5,19,0,18,0,0,0,0,0,0,2,1,6,1,50,8,1997,2,1,8,1,8
2018460345400,6,9,0,18,0,0,0,0,0,0,0,1,6,1,25,5,1200,1,-1,4,1,4
2018460345400,7,9,0,18,0,0,0,0,0,0,1,1,6,1,38,7,2143,2,3,5,1,5
2018460345435,1,1,0,17,0,1,2,0,0,0,4,1,6,2,47,8,-1,-1,-1,4,1,4
2018460345441,1,9,0,8,0,0,0,0,0,0,1,1,1,1,53,8,1798,8,-1,8,1,8
2018460345468,1,9,0,18,0,0,0,0,0,0,1,1,6,1,24,5,998,1,18,6,1,6
2018460345468,2,9,0,2,0,0,0,0,0,0,0,1,6,3,-1,-1,-1,-1,-1,-1,-1,-1
2018460345484,1,9,0,18,0,0,0,0,0,0,2,1,6,2,37,7,1248,2,11,6,1,6
2018460345484,2,9,0,18,0,0,0,0,0,0,2,1,6,2,31,6,1598,2,8,7,1,7
2018460345487,1,9,0,18,0,1,0,0,1,0,1,1,6,2,34,6,1461,2,14,1,1,1
2018460345505,1,19,0,18,0,0,0,0,0,0,1,1,6,1,34,6,2143,2,-1,6,2,6
2018460345505,2,9,0,18,0,0,1,0,1,0,2,1,6,2,18,4,998,1,14,6,2,6
2018460345510,1,9,0,18,0,0,0,0,0,0,4,1,6,3,-1,-1,-1,-1,-1,-1,-1,-1
2018460345549,1,9,0,2,0,0,0,4,0,0,2,1,3,2,38,7,1796,1,15,5,1,5
2018460345549,2,9,0,2,0,0,0,4,0,0,1,1,6,3,-1,-1,-1,-1,-1,-1,-1,-1
2018460345549,3,9,0,2,0,0,0,11,0,0,2,1,6,3,-1,-1,1360,1,10,-1,-1,-1
2018460345568,1,9,0,9,0,6,0,0,0,0,3,1,3,1,68,10,1968,2,9,7,3,7
2018460345568,2,5,0,14,0,1,0,0,0,0,1,1,2,1,29,6,675,1,4,2,1,2
2018460345606,1,9,0,18,0,0,0,0,0,0,1,1,6,1,29,6,1999,1,10,5,1,5
2018460345606,2,9,0,18,0,0,0,4,0,0,2,1,6,1,47,8,1198,1,15,2,1,2
2018460345606,3,9,0,2,0,0,0,0,0,0,0,1,6,3,-1,-1,2995,1,15,-1,-1,-1
2018460345606,4,9,0,2,0,0,0,4,0,0,4,1,6,3,-1,-1,1596,1,15,-1,-1,-1
2018460345606,5,9,0,2,0,0,0,0,0,0,0,1,6,3,-1,-1,1364,1,9,-1,-1,-1
2018460345641,1,9,0,18,0,0,5,0,1,0,4,1,6,1,82,11,1199,1,5,8,1,8
2018460345641,2,21,1,18,0,0,0,0,0,0,1,1,6,1,33,6,-1,-1,-1,-1,-1,-1
2018460345660,1,9,0,14,0,0,0,4,0,0,1,1,6,1,53,8,1984,1,16,3,1,3
2018460345660,2,90,1,2,0,0,0,0,0,0,3,1,6,1,32,6,12902,2,2,9,2,9
2018460345672,1,9,0,18,0,0,5,0,1,0,1,1,6,1,34,6,1998,1,14,6,1,6
2018460345690,1,9,0,18,0,0,0,4,0,0,1,1,6,2,22,5,1242,1,2,9,1,9
2018460345690,2,9,0,2,0,0,0,0,0,0,2,1,6,3,-1,-1,1598,1,15,-1,-1,-1
2018460345717,1,19,0,1,0,1,0,0,0,0,2,1,6,1,36,7,1753,2,12,1,1,1
2018460345722,1,9,0,18,0,0,0,7,0,0,1,1,6,1,23,5,1461,2,12,2,1,2
2018460345722,2,19,0,2,0,0,0,0,8,0,2,1,6,1,52,8,1598,2,2,7,1,7
2018460345722,3,19,0,2,0,0,0,0,8,0,3,1,6,1,25,5,1995,2,7,7,1,7
2018460345726,1,9,0,18,0,0,0,0,0,0,1,1,6,3,37,7,1998,2,13,-1,-1,-1
2018460345726,2,9,0,5,0,0,0,0,0,0,2,1,2,1,55,8,1686,2,5,5,1,5
2018460345733,1,9,0,18,0,0,0,0,0,0,3,1,6,1,67,10,999,1,1,5,1,5
2018460345739,1,9,0,6,0,0,0,0,0,0,4,1,6,3,37,7,-1,-1,-1,-1,-1,-1
2018460345739,2,3,0,13,0,0,5,0,0,0,1,1,2,2,32,6,124,1,6,4,-1,4
2018460345746,1,9,0,15,0,5,0,0,0,0,3,1,3,2,51,8,2494,1,17,5,3,5
2018460345746,2,9,0,18,0,3,0,0,0,0,1,1,2,1,39,7,-1,-1,-1,5,1,5
2018460345750,1,9,0,18,0,8,0,0,0,0,1,1,6,3,-1,-1,-1,-1,-1,-1,-1,-1
2018460345799,1,9,0,18,0,0,0,0,0,0,1,1,6,1,35,6,1781,1,14,5,1,5
2018460345799,2,9,0,4,0,0,0,0,0,0,2,1,1,1,52,8,1998,1,15,5,1,5
2018460345803,1,9,0,5,0,1,0,0,0,0,3,1,6,1,26,6,1242,1,16,1,1,1
2018460345803,2,9,0,18,0,1,0,0,0,0,1,1,6,2,70,10,1398,2,7,3,1,3
2018460345854,1,5,0,13,0,1,0,9,0,0,1,1,2,1,48,8,599,1,21,6,1,6
2018460345854,2,9,0,7,0,1,0,0,0,0,2,1,2,2,29,6,1587,1,13,4,3,4
2018460345863,1,9,0,18,0,1,1,0,0,0,1,1,6,1,-1,-1,-1,-1,-1,-1,-1,-1
2018460345863,2,9,0,18,0,1,0,0,0,0,2,1,6,1,33,6,1200,1,1,3,1,3
2018460345901,1,9,0,18,0,0,5,0,1,0,1,1,2,1,31,6,-1,-1,-1,6,3,6
2018460345915,1,3,0,18,0,1,1,0,0,0,4,1,6,1,34,6,125,1,3,3,1,3
2018460345917,1,9,0,18,0,8,0,0,0,0,1,1,6,1,32,6,1998,2,13,6,1,6
2018460345917,2,1,0,18,0,8,0,0,0,0,1,1,6,1,33,6,-1,-1,-1,6,1,6
2018460345938,1,9,0,18,0,0,0,0,0,0,1,1,6,2,-1,-1,2179,2,5,8,3,8
2018460345938,2,9,0,3,0,0,0,0,0,0,2,1,6,1,40,7,1997,2,16,7,1,7
2018460345940,1,9,0,9,0,3,0,0,0,0,1,1,2,1,50,8,1596,1,3,1,1,1
2018460345940,2,9,0,9,0,3,0,0,0,0,2,1,2,2,32,6,2979,1,17,8,1,8
2018460345940,3,9,0,5,0,4,0,0,0,0,0,1,2,2,30,6,1197,1,1,6,2,6
2018460345981,1,9,0,10,0,1,0,0,0,0,1,1,3,1,42,7,-1,-1,-1,4,1,4
2018460345981,2,9,0,18,0,1,0,0,0,0,2,1,3,2,34,6,1598,1,15,8,1,8
2018460346007,1,21,4,12,0,0,0,0,0,0,3,1,1,1,57,9,-1,-1,-1,-1,-1,-1
2018460346007,2,9,0,18,0,0,0,0,4,0,4,1,6,2,27,6,1248,2,9,1,1,1
2018460346014,1,9,0,3,0,1,0,0,0,0,1,1,6,1,19,4,1124,1,17,8,1,8
2018460346014,2,9,0,4,0,1,0,0,0,0,2,1,1,2,35,6,1587,1,13,8,1,8
2018460346053,1,9,0,9,0,0,0,0,0,0,1,1,6,2,61,9,1995,2,5,5,3,5
2018460346053,2,9,0,18,0,0,0,0,0,0,1,1,2,2,46,8,2993,2,-1,6,3,6
2018460346067,1,9,0,9,0,1,0,0,0,0,1,1,1,1,27,6,-1,-1,-1,6,3,6
2018460346067,2,9,0,18,0,1,0,0,0,0,1,1,1,2,25,5,1299,1,17,7,-1,7
2018460346099,1,19,0,16,0,1,0,0,7,0,0,1,6,1,17,4,1560,2,3,7,3,7
2018460346113,1,98,1,11,0,8,0,0,0,0,1,1,1,1,39,7,-1,-1,-1,-1,-1,-1
2018460346113,2,9,0,17,0,8,0,0,0,0,2,1,6,1,67,10,1618,1,-1,-1,-1,-1
2018460346142,1,9,0,18,0,0,1,0,1,0,1,1,2,2,21,5,998,1,16,6,1,6
2018460346153,1,19,0,9,0,1,0,0,0,0,3,1,1,1,32,6,1997,2,2,1,-1,1
2018460346153,2,1,0,18,0,1,0,0,0,0,1,1,6,1,31,6,-1,-1,-1,7,1,7
2018460346226,1,9,0,5,9,0,0,10,8,0,3,1,6,2,90,11,1390,1,8,9,1,9
2018460346226,2,19,0,3,0,0,0,12,0,0,0,1,6,1,38,7,2198,2,4,5,1,5
2018460346226,3,9,0,3,0,0,0,12,0,0,3,1,6,2,49,8,1999,2,2,6,3,6
2018460346232,1,9,0,18,0,0,0,0,0,0,4,1,6,1,36,7,1998,1,15,8,1,8
2018460346232,2,9,0,18,0,0,0,0,0,0,1,1,6,2,28,6,1598,2,5,8,-1,8
2018460346247,1,19,0,18,0,0,0,0,0,0,3,1,1,1,28,6,1598,2,1,8,1,8
2018460346247,2,9,0,4,0,0,0,0,0,0,2,1,5,1,31,6,1900,2,17,8,1,8
2018460346247,3,9,0,4,0,0,0,0,0,0,2,1,5,1,52,8,1596,1,15,7,1,7
2018460346247,4,21,0,4,0,0,0,0,0,0,2,1,1,1,49,8,12809,2,1,4,1,4
2018460346281,1,9,0,3,0,0,0,0,0,0,1,1,6,3,-1,-1,-1,-1,-1,-1,-1,-1
2018460346281,2,9,0,3,0,0,0,0,0,0,2,1,6,2,-1,-1,1999,1,15,4,1,4
2018460346283,1,9,0,14,0,0,0,0,0,0,3,1,6,2,50,8,999,1,2,10,1,10
2018460346283,2,3,0,14,0,0,0,0,0,0,4,1,6,1,25,5,125,1,7,3,1,3
2018460346289,1,9,0,1,9,0,0,0,0,0,2,1,6,2,87,11,1364,1,9,8,1,8
2018460346290,1,9,0,9,0,1,0,0,0,0,1,1,6,1,53,8,1600,1,18,1,1,1
2018460346290,2,1,0,9,0,1,0,0,0,0,1,1,2,1,42,7,-1,-1,-1,5,2,5
2018460346295,1,9,0,18,0,0,0,0,0,0,1,1,6,1,39,7,1598,1,14,6,1,6
2018460346295,2,9,0,2,0,0,0,0,0,0,2,1,6,1,-1,-1,3993,1,3,4,3,4
2018460346295,3,9,0,2,0,0,0,0,0,0,2,1,6,2,-1,-1,1499,2,1,3,1,3
2018460346295,4,9,0,2,0,0,0,0,0,0,2,1,6,1,-1,-1,1318,1,2,3,1,3
2018460346298,1,5,0,18,0,5,0,0,0,0,1,1,2,1,29,6,1157,1,17,5,1,5
2018460346298,2,9,0,3,0,5,0,0,0,0,3,1,2,2,68,10,2993,2,2,7,3,7
2018460346301,1,1,0,4,0,0,0,0,0,0,1,1,6,1,71,10,-1,-1,-1,10,2,10
2018460346301,2,98,0,4,0,0,0,0,0,0,2,1,6,3,-1,-1,-1,-1,-1,-1,-1,-1
2018460346302,1,1,0,18,0,8,0,0,0,0,1,1,6,1,-1,-1,-1,-1,-1,-1,-1,-1
2018460346302,2,10,0,18,0,8,0,0,0,0,2,1,6,1,54,8,2198,2,10,5,1,5
2018460346305,1,9,0,9,0,0,0,0,0,0,3,1,2,2,24,5,1598,1,8,2,1,2
2018460346305,2,9,0,18,0,0,0,0,0,0,3,1,2,1,48,8,1296,1,12,5,1,5
2018460346310,1,9,0,18,0,1,0,0,0,0,1,1,6,3,37,7,1840,1,16,-1,-1,-1
2018460346311,1,9,0,18,0,0,0,0,1,5,1,1,6,2,45,7,1591,1,-1,4,3,4
2018460346316,1,11,0,18,0,0,-1,0,0,0,0,1,1,1,32,6,4461,2,3,6,1,6
2018460346326,1,22,0,18,9,0,0,0,0,0,1,1,6,2,-1,-1,-1,-1,-1,4,1,4
2018460346331,1,9,0,6,0,0,0,0,0,0,3,1,1,1,24,5,1968,2,-1,8,1,8
2018460346331,2,9,0,14,0,0,1,0,0,0,1,1,1,1,54,8,-1,-1,-1,7,1,7
2018460346466,1,9,0,18,0,0,1,0,0,0,1,1,6,3,-1,-1,1991,2,15,-1,-1,-1
2018460346466,2,9,0,2,0,0,0,0,0,0,1,1,6,2,33,6,1995,2,10,1,1,1
2018460346466,3,9,0,2,0,0,0,0,0,0,1,1,6,1,54,8,1910,2,12,1,1,1
2018460346466,4,9,0,2,0,0,0,0,0,0,1,1,6,1,-1,-1,-1,-1,-1,1,1,1
2018460346466,5,9,0,2,0,0,0,0,0,0,1,1,6,1,32,6,1968,2,6,1,1,1
2018460346466,6,9,0,2,0,0,0,0,0,0,1,1,6,2,-1,-1,1242,1,7,2,1,2
2018460346467,1,9,0,18,0,4,0,0,0,0,1,1,6,1,22,5,1398,1,7,2,1,2
2018460346467,2,9,0,18,0,4,0,0,0,0,3,1,6,1,23,5,1229,1,11,3,1,3
2018460346467,3,9,0,18,0,4,0,0,0,0,2,1,6,2,58,9,1685,2,5,9,2,9
2018460346468,1,9,0,18,0,1,0,0,0,0,1,1,6,1,73,10,1497,1,15,2,1,2
2018460346472,1,9,0,18,0,0,0,0,0,0,1,1,2,1,24,5,1968,2,3,7,1,7
2018460346472,2,9,0,10,0,0,0,0,0,0,2,1,2,2,46,8,1956,2,8,2,1,2
2018460346474,1,9,0,9,0,0,0,0,0,0,2,1,6,2,58,9,1229,1,4,5,1,5
2018460346474,2,3,0,18,0,0,5,0,0,0,1,1,6,1,24,5,125,1,3,6,1,6
2018460346474,3,9,0,2,0,0,0,0,0,0,3,1,6,1,68,10,1368,1,2,9,1,9
2018460346477,1,9,0,18,0,1,0,0,1,0,1,1,6,1,40,7,1586,1,2,2,1,2
2018460346477,2,9,0,10,0,1,0,0,0,0,2,1,6,1,58,9,1598,1,16,6,1,6
2018460346477,3,9,0,18,0,8,0,0,1,0,3,1,6,1,34,6,-1,-1,-1,6,1,6
2018460346477,4,9,0,10,0,5,0,0,0,0,2,1,6,1,58,9,1598,2,3,5,2,5
2018460346522,1,9,0,18,0,0,2,0,1,0,1,1,1,1,71,10,1248,1,2,7,2,7
2018460346523,1,9,0,4,0,0,0,0,0,0,1,1,6,1,22,5,1560,2,8,7,1,7
2018460346523,2,9,0,3,0,0,0,0,0,0,2,1,6,2,49,8,1596,1,10,8,2,8
2018460346555,1,9,0,16,0,0,0,0,0,0,1,1,1,2,18,4,1299,1,11,3,1,3
2018460346555,2,9,0,17,0,0,0,0,0,0,3,1,6,1,67,10,1582,2,3,8,2,8
2018460346566,1,9,0,18,0,0,0,0,0,0,1,1,6,1,37,7,-1,-1,-1,-1,-1,-1
2018460346566,2,9,0,18,0,0,0,0,0,0,2,1,6,1,37,7,1399,1,2,2,1,2
2018460346585,1,9,0,8,0,1,1,0,0,0,3,1,6,2,74,10,1388,1,6,6,3,6
2018460346585,2,17,0,18,0,1,0,0,0,0,1,1,6,1,46,8,-1,2,6,7,3,7
2018460346634,1,9,0,15,0,1,0,0,0,0,1,1,5,1,43,7,1248,2,11,2,1,2
2018460346634,2,9,0,9,0,1,0,0,0,0,4,1,5,2,24,5,1753,2,11,3,1,3
2018460346645,1,9,0,18,0,1,0,0,0,0,1,1,6,1,-1,-1,-1,-1,-1,-1,-1,-1
2018460346645,2,9,0,18,0,1,0,0,0,0,4,1,1,1,-1,-1,1560,2,4,-1,-1,-1
2018460346645,3,9,0,18,0,1,0,0,0,0,3,1,1,1,-1,-1,-1,-1,-1,-1,-1,-1
2018460346645,4,9,0,18,0,1,0,0,0,0,3,1,1,1,-1,-1,-1,-1,-1,-1,-1,-1
2018460346645,5,9,0,18,0,1,0,0,0,0,3,1,1,1,-1,-1,-1,-1,-1,-1,-1,-1
2018460346645,6,9,0,18,0,1,0,0,0,0,3,1,1,1,37,7,-1,-1,-1,4,3,4
2018460346645,7,9,0,18,0,1,0,0,0,0,3,1,1,1,52,8,3199,1,18,6,1,6
2018460346764,1,9,0,18,0,0,0,0,0,0,4,1,6,2,22,5,999,1,4,7,1,7
2018460346764,2,9,0,2,0,0,0,0,0,0,0,1,6,1,35,6,1796,1,11,2,1,2
2018460346774,1,9,0,18,0,0,0,0,0,0,1,1,6,2,67,10,1339,1,13,3,1,3
2018460346774,2,9,0,18,0,0,0,0,0,0,2,1,3,2,35,6,1686,2,8,4,1,4
2018460346843,1,9,0,18,0,0,1,0,4,6,1,1,5,2,59,9,1299,1,12,8,1,8
2018460346845,1,8,0,1,9,0,0,0,0,0,2,1,1,1,45,7,1560,2,6,1,1,1
2018460346871,1,3,0,18,0,0,0,0,0,0,4,1,6,1,17,4,125,1,3,4,1,4
2018460346871,2,9,0,9,0,0,0,0,0,0,3,1,6,2,39,7,999,1,2,7,1,7
2018460346901,1,9,0,5,9,2,0,0,1,0,1,1,5,3,-1,-1,-1,-1,-1,-1,-1,-1
2018460346917,1,9,0,12,0,0,0,0,0,0,3,1,5,1,47,8,1598,2,-1,8,-1,8
2018460346917,2,5,0,18,0,0,0,0,0,0,4,1,1,1,30,6,1043,1,2,3,1,3
2018460347001,1,9,0,4,0,1,0,0,0,0,1,1,5,2,81,11,1599,1,13,8,3,8
2018460347001,2,9,0,4,0,1,0,0,0,0,2,1,3,1,48,8,1896,2,11,3,1,3
2018460347041,1,9,0,18,0,0,0,0,0,0,1,1,6,2,47,8,1497,8,4,5,3,5
2018460347041,2,9,0,18,0,0,0,0,0,0,3,1,6,2,51,8,1798,1,3,7,3,7
2018460347085,1,9,0,18,0,4,1,0,0,0,1,1,2,1,33,6,1794,1,15,1,1,1
2018460347085,2,9,0,3,0,4,0,0,0,0,2,1,2,1,25,5,998,1,2,5,3,5
2018460347087,1,9,0,18,0,0,5,0,1,4,1,1,6,1,58,9,1956,2,6,4,1,4
2018460347145,1,9,0,16,0,6,5,10,6,0,3,1,5,1,20,4,1595,1,11,2,1,2
2018460347181,1,9,0,18,0,1,0,0,0,0,2,1,5,2,44,7,2967,2,2,8,3,8
2018460347181,2,9,0,4,0,1,0,0,0,0,1,1,5,2,51,8,1598,2,1,5,1,5
2018460347228,1,9,0,7,9,0,0,0,0,0,4,1,6,2,-1,-1,-1,-1,-1,-1,-1,-1
2018460347228,2,22,0,3,9,0,0,0,0,0,1,1,5,2,41,7,-1,-1,-1,8,1,8
2018460347232,1,1,0,4,0,0,0,0,0,0,1,1,4,1,12,3,-1,-1,-1,1,1,1
2018460347232,2,9,0,1,0,0,0,0,0,0,4,1,5,2,44,7,1994,2,10,3,1,3
2018460347254,1,10,0,18,0,0,0,0,0,0,1,1,5,1,24,5,-1,-1,-1,-1,-1,-1
2018460347254,2,9,0,18,0,0,0,0,0,0,1,1,5,1,54,8,-1,-1,-1,3,1,3
2018460347254,3,10,0,18,0,0,0,0,0,0,0,1,5,1,35,6,-1,-1,-1,-1,-1,-1
2018460347262,1,9,0,7,0,5,0,0,0,0,3,1,5,1,19,4,1149,1,15,2,1,2
2018460347262,2,9,0,18,0,5,0,0,0,0,1,1,5,2,17,4,-1,-1,-1,4,2,4
2018460347319,1,21,0,18,0,0,0,0,1,0,1,1,1,1,32,6,12777,2,3,3,1,3
2018460347319,2,19,0,3,0,0,0,0,0,0,2,1,1,1,26,6,2143,2,-1,5,1,5
2018460347319,3,21,0,3,0,0,0,0,0,0,2,1,1,1,64,9,6871,2,13,2,3,2
2018460347324,1,9,0,18,0,0,0,0,0,0,1,1,1,1,44,7,1396,2,4,6,1,6
2018460347351,1,9,0,13,0,0,0,0,0,0,1,1,2,2,46,8,2401,2,12,5,1,5
2018460347351,2,9,0,18,0,0,0,7,1,0,1,1,1,1,53,8,1968,2,11,4,1,4
2018460347351,3,9,0,2,0,0,0,0,0,0,2,1,6,1,34,6,1995,2,13,5,1,5
2018460347352,1,9,0,18,0,0,0,0,0,0,1,1,6,1,65,9,1968,2,1,5,1,5
2018460347352,2,9,0,4,0,0,0,0,0,0,0,1,6,2,23,5,1388,1,6,7,1,7
2018460347352,3,9,0,2,0,0,0,0,0,0,4,1,2,1,37,7,998,1,2,2,1,2
2018460347352,4,98,0,2,0,0,0,0,0,0,2,1,6,1,44,7,-1,-1,-1,2,1,2
2018460347354,1,9,0,18,0,0,0,0,0,0,2,1,6,2,45,7,1596,1,1,2,1,2
2018460347357,1,21,1,5,0,8,0,0,0,0,1,2,1,1,51,8,-1,-1,-1,-1,-1,-1
2018460347357,2,9,0,18,0,8,0,0,0,0,2,1,2,1,50,8,1499,2,3,5,2,5
2018460347379,1,19,0,9,0,8,0,10,1,9,1,1,5,1,52,8,1753,2,13,7,3,7
2018460347397,1,9,0,18,0,0,0,0,0,0,4,1,6,1,65,9,1197,1,1,10,2,10
2018460347397,2,1,0,18,0,0,0,0,0,0,3,1,6,1,37,7,-1,-1,-1,-1,-1,-1
2018460347410,1,9,0,1,0,0,0,0,0,0,2,1,6,3,-1,-1,-1,-1,-1,-1,-1,-1
2018460347412,1,9,0,18,0,0,0,0,0,0,3,1,6,2,60,9,998,1,3,3,1,3
2018460347412,2,9,0,18,0,0,0,0,0,0,4,1,6,2,53,8,-1,-1,-1,7,1,7
2018460347421,1,19,0,18,0,0,0,0,0,0,4,1,1,1,52,8,1200,1,-1,7,3,7
2018460347442,1,9,0,5,0,4,0,0,2,0,1,1,1,2,50,8,1598,1,12,6,1,6
2018460347470,1,9,4,18,0,0,0,0,0,0,0,1,6,1,-1,-1,2495,2,18,7,3,7
2018460347470,2,9,0,18,0,0,0,0,1,0,4,1,6,1,76,11,2199,2,4,7,3,7
2018460347474,1,9,0,13,0,1,0,0,0,0,1,1,6,1,17,4,-1,-1,-1,1,3,1
2018460347474,2,9,0,4,0,1,0,0,0,0,1,1,6,1,67,10,1998,1,-1,7,3,7
2018460347499,1,9,0,15,0,0,0,0,0,0,1,1,1,1,59,9,1998,1,10,6,1,6
2018460347511,1,9,0,18,0,0,1,0,0,0,1,1,6,1,20,4,1595,1,9,3,1,3
2018460347511,2,9,0,18,0,0,0,0,0,0,1,1,6,2,43,7,1461,2,5,7,1,7
2018460347511,3,9,0,2,0,0,0,0,0,0,4,1,6,1,37,7,1910,2,8,2,1,2
2018460347511,4,9,0,2,0,0,0,0,0,0,4,1,6,1,37,7,-1,-1,-1,4,1,4