Accident_Index,Vehicle_Reference,Vehicle_Type,Towing_and_Articulation,Vehicle_Manoeuvre,Vehicle_Location-Restricted_Lane,Junction_Location,Skidding_and_Overturning,Hit_Object_in_Carriageway,Vehicle_Leaving_Carriageway,Hit_Object_off_Carriageway,1st_Point_of_Impact,Was_Vehicle_Left_Hand_Drive?,Journey_Purpose_of_Driver,Sex_of_Driver,Age_of_Driver,Age_Band_of_Driver,Engine_Capacity_(CC),Propulsion_Code,Age_of_Vehicle,Driver_IMD_Decile,Driver_Home_Area_Type,Vehicle_IMD_Decile
2018460347528,1,9,0,18,0,0,5,0,1,0,1,1,6,1,27,6,1598,1,14,5,1,5
2018460347537,1,9,0,18,0,0,0,0,0,0,4,1,6,1,37,7,-1,-1,-1,-1,-1,-1
2018460347537,2,1,0,18,0,0,0,0,0,0,3,1,6,1,60,9,-1,-1,-1,1,1,1
2018460347549,1,9,0,4,0,0,0,0,0,0,1,1,5,1,44,7,-1,-1,-1,8,2,8
2018460347566,1,19,0,16,0,0,1,0,0,0,1,1,6,1,28,6,2143,2,6,8,2,8
2018460347566,2,9,0,17,0,0,0,0,0,0,1,1,6,1,45,7,2982,2,3,5,1,5
2018460347570,1,19,4,18,0,0,0,0,0,0,3,1,6,3,-1,-1,-1,-1,-1,-1,-1,-1
2018460347574,1,9,0,5,0,4,0,0,0,0,1,1,1,1,51,8,1398,1,3,6,1,6
2018460347574,2,19,0,5,0,4,0,0,0,0,2,1,1,1,62,9,1248,2,4,4,1,4
2018460347577,1,9,0,18,0,8,0,0,0,0,3,1,1,1,22,5,998,1,14,4,1,4
2018460347577,2,3,0,18,0,1,0,0,0,0,1,1,2,1,21,5,-1,-1,-1,1,1,1
2018460347591,1,5,0,14,0,1,0,0,0,0,3,1,5,1,44,7,765,1,-1,10,1,10
2018460347614,1,9,0,16,0,0,0,0,0,0,4,1,6,3,-1,-1,-1,-1,-1,-1,-1,-1
2018460347614,2,9,0,17,0,0,0,0,0,0,2,1,2,2,42,7,1299,1,14,4,1,4
2018460347614,3,9,0,17,0,0,0,0,0,0,1,1,2,2,52,8,1598,1,9,7,1,7
2018460347615,1,9,0,18,0,0,0,0,0,0,4,1,6,2,24,5,1461,2,-1,7,1,7
2018460347620,1,9,0,5,0,6,0,0,0,0,1,1,6,1,46,8,-1,-1,-1,4,3,4
2018460347620,2,3,0,18,0,1,0,0,0,0,1,1,6,1,17,4,124,1,14,4,1,4
2018460347646,1,9,0,18,0,0,0,0,0,0,1,1,1,2,51,8,1596,1,13,1,1,1
2018460347661,1,19,0,1,0,2,0,0,0,0,2,1,6,1,55,8,1499,2,1,5,3,5
2018460347661,2,9,0,18,0,1,0,0,0,0,1,1,2,2,25,5,1598,1,15,9,3,9
2018460347685,1,9,0,18,0,0,0,0,0,0,1,1,1,1,60,9,-1,-1,-1,4,1,4
2018460347685,2,9,0,18,0,0,0,0,0,0,4,1,6,1,75,10,1618,1,1,7,1,7
2018460347688,1,9,0,18,0,0,0,0,0,0,0,1,6,2,80,11,998,1,2,9,1,9
2018460347688,2,1,0,9,0,0,0,0,0,0,0,1,6,1,74,10,-1,-1,-1,9,1,9
2018460347689,1,9,0,18,9,0,0,10,1,0,1,1,6,1,75,10,1998,2,13,7,1,7
2018460347693,1,3,0,18,0,0,0,0,0,0,1,1,5,2,32,6,125,1,-1,1,1,1
2018460347693,2,9,0,3,0,0,0,0,0,0,2,1,5,1,38,7,1995,2,7,4,1,4
2018460347698,1,9,0,9,0,1,0,0,0,0,1,1,6,2,37,7,1956,2,5,5,1,5
2018460347698,2,1,0,18,0,1,0,0,0,0,1,1,1,1,46,8,-1,-1,-1,3,1,3
2018460347700,1,9,0,7,0,7,0,0,0,0,1,1,6,2,55,8,998,1,18,6,1,6
2018460347700,2,1,0,18,0,1,0,0,0,0,4,1,6,1,57,9,-1,-1,-1,2,1,2
2018460347703,1,98,1,3,0,0,5,12,0,0,1,1,6,1,58,9,-1,-1,-1,-1,-1,-1
2018460347703,2,9,0,3,0,0,5,12,0,0,1,1,6,1,33,6,1400,2,12,7,1,7
2018460347703,3,9,0,3,0,0,5,12,0,0,1,1,6,2,29,6,1368,1,8,3,1,3
2018460347703,4,9,0,3,0,0,5,12,0,0,1,1,6,1,74,10,1896,2,11,9,1,9
2018460347703,5,19,0,3,0,0,5,12,0,0,1,1,6,1,23,5,1598,2,4,4,1,4
2018460347703,6,9,0,3,0,0,5,12,0,0,1,1,6,2,27,6,1598,2,2,1,1,1
2018460347703,7,9,0,3,0,0,5,12,0,0,1,1,6,2,48,8,998,1,-1,4,1,4
2018460347703,8,19,0,3,0,0,5,12,0,0,1,1,6,1,38,7,1995,2,6,7,2,7
2018460347703,9,9,-1,3,0,0,0,0,0,0,1,1,6,1,57,9,1197,1,2,8,3,8
2018460347723,1,3,0,18,0,1,2,0,0,0,0,1,5,1,63,9,125,1,-1,4,3,4
2018460347739,1,9,0,18,0,0,2,0,1,0,1,1,5,1,40,7,2967,2,4,6,1,6
2018460347749,1,9,0,18,0,5,2,0,0,0,1,1,6,1,33,6,1398,1,8,1,1,1
2018460347755,1,9,0,6,0,0,0,0,7,0,2,1,5,1,39,7,1998,1,14,8,1,8
2018460347755,2,5,0,18,0,0,0,0,0,0,1,1,1,1,37,7,599,1,7,5,1,5
2018460347775,1,9,0,18,0,0,2,0,0,0,1,1,1,1,26,6,1997,2,-1,2,1,2
2018460347775,2,9,0,2,0,0,0,0,1,0,2,1,5,1,65,9,1596,1,3,5,1,5
2018460347775,3,19,0,18,0,0,0,0,0,0,3,1,5,2,45,7,1998,2,14,3,1,3
2018460347775,4,9,0,2,0,0,0,0,7,0,2,1,5,2,-1,-1,1399,2,9,5,1,5
2018460347814,1,9,0,18,0,0,0,0,0,0,1,1,2,2,28,6,1299,1,13,2,1,2
2018460347814,2,9,0,3,0,0,0,0,0,0,2,1,2,2,37,7,1248,2,12,5,1,5
2018460347814,3,9,0,3,0,0,0,0,0,0,2,1,2,1,43,7,1998,1,9,1,1,1
2018460347842,1,9,0,2,0,0,0,0,0,0,1,1,5,1,63,9,1968,2,2,7,3,7
2018460347842,2,19,0,4,0,0,0,0,0,0,2,1,5,1,58,9,2143,2,2,8,1,8
2018460347842,3,9,0,4,0,0,0,0,0,0,2,1,5,1,33,6,2191,2,1,6,1,6
2018460347996,1,9,0,18,0,0,1,0,0,0,1,1,6,1,51,8,2982,2,5,4,1,4
2018460347996,2,9,0,2,0,0,1,0,0,0,2,1,6,3,-1,-1,1499,2,3,-1,-1,-1
2018460347996,3,9,0,2,0,0,0,0,0,0,2,1,6,1,23,5,1400,1,11,6,1,6
2018460348002,1,9,0,18,0,8,0,0,0,0,4,1,6,3,-1,-1,-1,-1,-1,-1,-1,-1
2018460348002,2,3,0,18,0,8,1,0,0,0,3,1,6,1,41,7,125,1,4,3,1,3
2018460348003,1,21,1,18,0,8,0,0,0,0,1,2,1,1,38,7,-1,-1,-1,-1,-1,-1
2018460348003,2,9,0,18,8,3,1,0,1,0,4,1,2,2,53,8,1398,1,3,10,1,10
2018460348006,1,9,0,18,5,6,0,0,0,0,1,1,2,1,37,7,1997,2,12,5,3,5
2018460348006,2,1,0,18,5,6,1,0,0,0,1,1,6,1,50,8,-1,-1,-1,5,3,5
2018460348011,1,1,0,18,0,0,0,0,0,0,3,1,5,1,29,6,-1,-1,-1,7,1,7
2018460348011,2,9,0,18,0,0,0,0,0,0,1,1,5,3,-1,-1,-1,-1,-1,-1,-1,-1
2018460348012,1,9,0,7,9,8,0,0,0,0,1,1,3,2,-1,-1,-1,-1,-1,-1,-1,-1
2018460348021,1,9,0,18,0,0,1,0,0,0,1,1,5,1,38,7,2143,2,1,8,1,8
2018460348021,2,9,0,4,0,0,0,0,0,0,2,1,1,1,47,8,1461,2,1,5,1,5
2018460348021,3,9,0,4,0,0,0,0,0,0,2,1,5,2,42,7,1896,2,11,8,3,8
2018460348022,1,9,0,18,0,0,0,0,0,0,3,1,6,1,29,6,1997,2,4,8,3,8
2018460348022,2,1,0,18,0,0,0,0,0,0,3,1,6,1,-1,-1,-1,-1,-1,-1,-1,-1
2018460348026,1,5,0,12,0,0,1,0,0,0,1,1,6,1,24,5,599,1,8,9,1,9
2018460348030,1,9,0,18,0,5,0,0,0,0,1,1,6,1,21,5,1968,2,13,6,1,6
2018460348030,2,9,0,18,0,5,0,0,0,0,2,1,6,2,55,8,1560,2,9,5,2,5
2018460348033,1,90,0,18,0,0,0,0,0,0,1,1,1,1,35,6,12800,2,3,7,2,7
2018460348033,2,98,0,5,0,0,0,0,0,0,2,1,6,1,56,9,-1,-1,-1,-1,-1,-1
2018460348047,1,9,0,18,0,0,0,0,0,0,1,1,6,1,73,10,1499,1,-1,8,3,8
2018460348047,2,19,0,18,0,0,0,0,0,0,2,1,6,1,44,7,2402,2,10,3,1,3
2018460348047,3,9,0,18,0,0,0,0,0,0,2,1,6,2,37,7,1595,1,9,10,1,10
2018460348062,1,1,0,18,0,8,0,0,0,0,1,1,6,1,22,5,-1,-1,-1,7,-1,7
2018460348062,2,9,0,5,0,8,0,0,0,0,1,1,6,1,50,8,1198,1,14,6,1,6
2018460348076,1,9,0,18,0,1,0,0,0,0,1,1,6,1,18,4,1975,1,13,5,1,5
2018460348076,2,9,0,18,0,1,0,0,0,0,2,1,6,1,82,11,999,1,2,-1,-1,-1
2018460348099,1,9,0,18,0,0,1,0,1,0,1,1,5,2,23,5,1769,1,14,3,1,3
2018460348099,2,9,0,4,0,0,5,0,0,0,2,1,5,1,58,9,1997,2,14,5,3,5
2018460348099,3,9,0,4,0,0,5,0,0,0,2,1,5,2,46,8,1360,1,12,6,-1,6
2018460348108,1,9,0,9,0,6,0,0,0,0,1,1,6,1,71,10,1199,1,-1,9,2,9
2018460348108,2,5,0,4,0,1,5,0,0,0,1,1,6,1,57,9,980,1,29,4,1,4
2018460348118,1,9,0,18,0,0,0,0,0,0,1,1,6,2,49,8,1796,1,16,2,1,2
2018460348118,2,1,0,7,0,0,0,0,0,0,4,1,6,1,46,8,-1,-1,-1,-1,-1,-1
2018460348132,1,9,0,18,0,0,0,0,0,0,4,1,3,1,37,7,1598,1,5,4,1,4
2018460348145,1,9,0,11,7,0,1,0,0,0,1,1,2,2,25,5,1399,1,13,10,1,10
2018460348145,2,21,1,2,6,0,0,0,0,0,2,1,5,1,57,9,7698,2,1,3,1,3
2018460348210,1,9,0,18,0,0,0,4,0,0,1,1,5,2,80,11,1560,2,4,3,1,3
2018460348210,2,9,0,2,0,0,0,0,1,0,2,1,5,1,26,6,1199,1,14,5,3,5
2018460348210,3,9,0,2,0,0,0,0,1,0,3,1,5,2,38,7,988,1,-1,3,1,3
2018460348261,1,-1,0,18,0,0,0,0,0,0,1,1,6,3,-1,-1,-1,-1,-1,-1,-1,-1
2018460348262,1,98,0,17,0,2,0,0,0,0,4,1,1,1,-1,-1,-1,-1,-1,-1,-1,-1
2018460348265,1,9,0,18,0,0,0,0,7,11,3,1,6,1,31,6,-1,-1,-1,5,2,5
2018460348265,2,9,0,18,0,0,0,0,0,0,4,1,1,1,62,9,1997,2,8,5,1,5
2018460348268,1,9,0,3,0,0,0,0,0,0,1,1,6,1,20,4,998,1,4,7,2,7
2018460348268,2,9,0,3,0,0,0,0,0,0,2,1,6,2,34,6,1499,2,2,4,1,4
2018460348268,3,9,0,18,0,0,0,0,0,0,2,1,6,2,59,9,1364,1,4,5,3,5
2018460348270,1,9,0,18,0,0,0,0,0,0,1,1,6,2,-1,-1,-1,-1,-1,-1,-1,-1
2018460348317,1,9,0,7,0,0,0,0,1,0,1,1,1,1,24,5,1600,1,27,8,3,8
2018460348317,2,9,0,4,0,0,0,0,0,0,1,1,5,1,84,11,1998,1,11,4,1,4
2018460348334,1,9,0,18,0,0,0,0,0,0,1,1,6,3,-1,-1,1796,1,15,-1,-1,-1
2018460348334,2,9,0,18,0,0,0,0,0,0,4,1,6,1,30,6,1242,1,12,6,1,6
2018460348357,1,9,0,18,0,0,0,0,0,0,4,1,6,1,37,7,2993,2,7,6,2,6
2018460348360,1,98,0,18,0,6,0,0,0,0,2,1,5,3,-1,-1,-1,-1,-1,-1,-1,-1
2018460348360,2,9,0,18,0,6,0,0,0,0,1,1,5,1,22,5,1124,1,17,9,1,9
2018460348390,1,3,0,9,0,1,0,0,0,0,1,1,6,1,17,4,124,1,8,2,1,2
2018460348390,2,98,0,18,0,1,0,0,0,0,4,1,6,1,62,9,-1,-1,-1,1,1,1
2018460348414,1,9,0,9,0,6,0,0,0,0,1,1,1,2,24,5,998,1,5,5,-1,5
2018460348414,2,21,1,18,0,1,0,0,0,0,1,1,1,1,60,9,12740,2,4,1,1,1
2018460348429,1,9,0,18,0,0,0,0,0,0,1,1,6,1,19,4,1198,1,14,7,1,7
2018460348447,1,9,0,18,0,0,0,0,0,0,1,1,6,1,35,6,2143,2,4,3,1,3
2018460348447,2,9,0,18,0,0,0,0,0,0,2,1,6,1,23,5,2993,2,12,5,1,5
2018460348489,1,9,0,3,0,0,0,0,0,0,1,1,1,2,25,5,1000,1,5,4,1,4
2018460348489,2,9,0,3,0,0,0,0,0,0,2,1,3,2,33,6,996,1,9,4,3,4
2018460348489,3,19,0,3,0,0,0,0,0,0,2,1,6,1,44,7,1560,2,3,7,1,7
2018460348502,1,1,0,18,5,0,0,0,0,0,0,1,2,2,41,7,-1,-1,-1,10,1,10
2018460348534,1,9,0,18,0,0,0,0,7,0,1,1,6,1,86,11,1248,1,4,9,1,9
2018460348534,2,9,0,4,0,0,0,0,0,0,3,1,6,2,36,7,1796,1,12,9,1,9
2018460348534,3,9,0,4,0,0,0,0,7,0,1,1,6,2,39,7,1798,1,2,7,1,7
2018460348536,1,9,0,3,0,0,0,0,0,0,1,1,1,1,61,9,-1,-1,-1,2,1,2
2018460348536,2,9,0,4,0,0,0,0,0,0,2,1,5,1,51,8,1200,1,-1,4,1,4
2018460348550,1,9,0,4,0,1,0,0,0,0,1,1,6,1,28,6,1798,1,11,9,3,9
2018460348550,2,9,0,4,0,1,0,0,0,0,2,1,6,1,76,11,1364,1,8,10,1,10
2018460348566,1,9,0,13,0,0,0,0,0,0,1,1,2,2,19,4,998,1,-1,10,3,10
2018460348566,2,9,0,18,0,0,0,0,1,0,1,1,6,2,31,6,1796,1,7,2,1,2
2018460348566,3,21,0,18,0,0,0,0,0,0,3,1,1,1,-1,-1,12740,2,5,6,3,6
2018460348606,1,9,0,15,0,0,0,0,0,0,3,1,6,1,-1,-1,1997,2,13,3,2,3
2018460348606,2,1,0,18,0,0,0,0,0,0,3,1,6,1,56,9,-1,-1,-1,5,3,5
2018460348611,1,3,0,17,0,0,2,0,0,0,3,1,2,1,35,6,124,1,4,1,1,1
2018460348623,1,9,0,18,0,0,0,0,0,0,1,1,5,2,82,11,1560,2,4,7,2,7
2018460348623,2,9,0,18,0,0,0,0,0,0,1,1,2,1,48,8,1587,1,13,4,1,4
2018460348632,1,9,0,18,0,6,0,0,0,0,1,1,2,2,31,6,1598,1,6,9,1,9
2018460348632,2,1,0,18,0,1,0,0,1,0,3,1,3,2,17,4,-1,-1,-1,4,1,4
2018460348633,1,98,0,18,6,0,0,0,0,0,1,1,1,1,27,6,-1,-1,-1,-1,-1,-1
2018460348633,2,98,0,2,0,0,0,0,0,0,2,1,1,1,46,8,-1,-1,-1,-1,-1,-1
2018460348650,1,19,0,18,0,0,1,0,0,0,3,1,5,1,18,4,2148,2,11,6,2,6
2018460348650,2,9,0,18,0,0,1,0,0,0,3,1,5,1,36,7,1968,2,11,5,1,5
2018460348662,1,9,0,7,0,0,5,0,1,1,4,1,2,2,43,7,1229,1,7,3,1,3
2018460348666,1,-1,0,18,0,0,0,0,0,0,1,1,6,3,-1,-1,-1,-1,-1,-1,-1,-1
2018460348666,2,9,0,2,0,0,0,0,0,0,3,1,3,2,32,6,1598,1,6,6,1,6
2018460348697,1,9,0,10,0,1,0,0,0,0,1,1,6,1,57,9,1598,1,15,6,1,6
2018460348697,2,9,0,18,0,1,0,0,0,0,4,1,6,2,31,6,1400,1,11,5,1,5
2018460348706,1,9,0,3,0,0,0,0,0,0,2,1,5,2,43,7,998,1,14,6,1,6
2018460348706,2,9,0,18,0,0,0,0,0,0,1,1,5,1,48,8,2143,2,7,10,1,10
2018460348738,1,19,0,18,0,4,0,9,3,0,1,1,1,1,37,7,2198,2,4,3,1,3
2018460348745,1,9,0,2,0,0,0,0,0,0,4,1,6,2,34,6,1360,1,13,3,1,3
2018460348745,2,1,0,18,9,0,0,0,0,0,4,1,6,1,14,3,-1,-1,-1,-1,-1,-1
2018460348793,1,9,0,18,0,0,0,4,0,0,4,1,5,2,85,11,998,1,6,10,1,10
2018460348793,2,9,0,3,0,0,0,0,0,0,3,1,5,2,67,10,1398,1,3,9,1,9
2018460348793,3,9,0,3,0,0,0,0,0,0,3,1,5,1,80,11,1984,1,10,10,1,10
2018460348793,4,9,0,2,0,0,0,0,0,0,2,1,5,1,29,6,1999,2,2,10,1,10
2018460348827,1,9,0,9,0,0,0,0,0,0,3,1,1,2,57,9,998,1,1,4,2,4
2018460348827,2,9,0,18,0,0,0,0,1,0,3,1,1,2,25,5,1299,1,14,3,1,3
2018460348836,1,9,0,11,0,5,5,10,1,4,1,1,5,1,21,5,1598,1,4,5,1,5
2018460348873,1,1,0,18,0,0,5,0,0,0,1,1,6,2,-1,-1,-1,-1,-1,-1,-1,-1
2018460348873,2,9,0,4,0,0,0,0,0,0,2,1,6,1,-1,-1,998,1,4,6,3,6
2018460348901,1,9,0,18,0,0,0,0,0,0,4,1,6,1,46,8,1399,1,1,8,1,8
2018460348940,1,9,0,18,0,0,1,0,4,0,1,1,5,1,31,6,1686,2,5,7,1,7
2018460348973,1,9,0,18,0,0,0,0,0,0,1,1,5,1,21,5,1598,2,2,7,1,7
2018460348973,2,9,0,18,0,0,0,0,0,0,2,1,5,2,21,5,1598,2,7,9,3,9
2018460348973,3,9,0,18,0,0,0,0,0,0,2,1,5,1,56,9,1560,2,9,4,1,4
2018460348973,4,9,0,18,0,0,0,0,0,0,2,1,5,1,40,7,1968,2,3,4,1,4
2018460349008,1,9,0,18,0,0,1,12,0,0,1,1,6,1,19,4,1198,1,9,4,1,4
2018460349008,2,9,0,11,0,0,1,4,0,0,1,1,1,1,56,9,1560,2,13,5,1,5
2018460349008,3,98,0,18,0,0,1,4,0,0,1,1,1,1,-1,-1,-1,-1,-1,-1,-1,-1
2018460349020,1,9,0,18,0,8,0,0,0,0,1,1,6,2,55,8,1995,2,-1,3,1,3
2018460349020,2,3,0,18,0,8,0,0,0,0,3,1,6,1,25,5,124,1,5,10,1,10
2018460349024,1,9,-1,-1,-1,0,-1,-1,-1,0,-1,1,6,3,-1,-1,1398,2,6,-1,-1,-1
2018460349033,1,9,0,11,0,0,0,0,0,0,0,1,5,3,-1,-1,-1,-1,-1,-1,-1,-1
2018460349033,2,9,0,18,0,0,0,0,0,0,4,1,5,1,26,6,1598,1,12,10,1,10
2018460349033,3,3,0,18,0,0,0,0,0,0,3,1,5,1,24,5,124,1,1,7,1,7
2018460349060,1,98,0,12,0,0,0,0,0,0,0,1,6,3,-1,-1,-1,-1,-1,-1,-1,-1
2018460349060,2,9,0,18,0,0,0,2,0,0,1,1,6,1,26,6,1124,1,18,7,1,7
2018460349169,1,9,0,4,0,0,0,0,0,0,1,1,6,1,29,6,1198,1,3,10,1,10
2018460349169,2,9,0,4,0,0,0,0,0,0,2,1,6,1,35,6,1896,2,15,1,1,1
2018460349171,1,9,0,6,0,0,0,0,0,0,3,1,2,2,31,6,1399,2,9,4,1,4
2018460349171,2,9,0,18,0,0,0,0,0,0,4,1,2,1,50,8,2231,2,11,4,1,4
2018460349189,1,9,0,18,0,0,0,0,0,0,1,1,5,2,74,10,1197,1,2,4,1,4
2018460349189,2,9,0,4,0,0,0,0,0,0,2,1,5,1,28,6,1997,2,9,7,1,7
2018460349231,1,9,0,16,0,0,0,0,7,0,3,1,5,1,85,11,1596,1,12,9,2,9
2018460349231,2,9,0,17,0,0,0,0,1,0,3,1,5,1,40,7,1968,2,-1,8,3,8
2018460349253,1,9,0,18,0,0,1,0,0,0,1,1,5,1,28,6,1998,1,14,2,1,2
2018460349253,2,9,0,18,0,0,0,0,0,0,1,1,1,1,61,9,1796,1,4,3,1,3
2018460349264,1,9,0,5,0,4,0,0,1,0,0,1,5,3,-1,-1,-1,-1,-1,-1,-1,-1
2018460349264,2,2,0,7,0,3,0,0,0,0,2,1,5,1,21,5,49,1,-1,4,1,4
2018460349264,3,9,0,5,0,4,0,0,0,0,1,1,5,2,30,6,1398,1,7,7,1,7
2018460349272,1,9,0,18,0,0,0,0,0,0,1,1,1,1,24,5,1999,2,2,8,1,8
2018460349272,2,9,0,10,0,0,0,0,0,0,3,1,5,1,50,8,2946,1,18,7,2,7
2018460349283,1,9,0,18,0,3,0,0,0,0,1,1,6,1,19,4,1997,1,2,1,1,1
2018460349283,2,9,0,18,0,3,0,0,0,0,0,1,1,1,35,6,2993,2,1,-1,-1,-1
2018460349292,1,9,0,18,0,0,0,0,0,0,4,1,2,2,37,7,1200,1,2,10,1,10
2018460349319,1,9,0,18,0,0,0,0,0,0,1,1,5,1,59,9,1910,2,10,4,1,4
2018460349320,1,9,0,18,0,1,0,0,0,0,1,1,6,2,24,5,1299,1,17,6,1,6
2018460349320,2,1,0,18,0,1,0,0,0,0,3,1,6,2,45,7,-1,-1,-1,8,1,8
2018460349333,1,9,0,18,0,1,0,0,0,0,1,1,6,2,49,8,1598,2,5,3,1,3
2018460349333,2,9,0,2,0,1,0,0,0,0,1,1,6,2,37,7,1242,1,18,-1,-1,-1
2018460349333,3,9,0,2,0,1,0,0,0,0,2,1,6,2,37,7,1197,1,3,-1,-1,-1
2018460349356,1,9,0,9,0,2,0,0,0,0,1,1,6,2,40,7,1753,2,11,4,2,4
2018460349356,2,9,0,18,0,2,0,0,0,0,4,1,6,2,65,9,1498,1,1,6,2,6
2018460349381,1,9,0,18,0,0,0,0,0,0,1,1,6,1,37,7,1685,2,4,10,1,10
2018460349381,2,9,0,3,0,0,0,0,0,0,2,1,6,1,29,6,2148,2,9,2,1,2
2018460349386,1,9,0,11,0,0,0,0,0,0,2,1,1,1,50,8,1995,2,10,4,1,4
2018460349386,2,11,0,4,0,0,0,0,0,0,1,1,1,1,32,6,4500,2,1,8,1,8
2018460349409,1,9,0,11,0,0,5,10,1,1,1,1,6,1,24,5,-1,-1,-1,8,3,8
2018460349409,2,9,0,18,0,0,0,0,0,0,4,1,6,1,44,7,1956,2,2,10,2,10
2018460349412,1,9,0,18,0,0,0,0,0,0,1,1,2,1,56,9,1199,1,2,2,1,2
2018460349418,1,9,0,18,0,0,2,7,1,10,4,1,6,2,30,6,1796,1,16,1,1,1
2018460349421,1,9,0,18,0,1,0,0,0,0,2,1,6,1,64,9,995,1,13,9,1,9
2018460349421,2,9,0,3,0,1,0,0,0,0,1,1,3,1,49,8,1997,2,2,6,1,6
2018460349426,1,9,0,18,0,6,0,0,3,0,1,1,6,1,15,3,-1,-1,-1,2,3,2
2018460349426,2,9,0,18,0,8,0,0,0,0,4,1,2,1,71,10,-1,-1,-1,6,3,6
2018460349482,1,9,0,18,0,4,2,0,1,2,1,1,6,3,-1,-1,1198,1,1,-1,-1,-1
2018460349526,1,9,0,18,0,2,0,0,0,0,4,1,6,1,25,5,1685,2,-1,4,1,4
2018460349526,2,9,0,2,0,8,0,0,0,0,3,1,6,1,44,7,1997,2,15,4,1,4
2018460349538,1,9,0,18,0,4,0,0,0,0,3,1,5,1,38,7,1560,2,3,5,1,5
2018460349540,1,9,0,1,9,6,0,0,0,0,0,1,6,1,73,10,1598,1,9,8,1,8
2018460349551,1,9,0,3,0,0,0,0,0,0,2,1,6,2,54,8,1995,2,12,3,1,3
2018460349551,2,9,0,18,0,0,0,0,0,0,1,1,6,2,18,4,1240,1,13,5,1,5
2018460349554,1,9,0,5,0,1,0,0,0,0,3,1,2,1,55,8,-1,-1,-1,4,3,4
2018460349554,2,9,0,18,0,1,0,0,0,0,4,1,2,1,52,8,-1,-1,-1,4,1,4
2018460349567,1,9,0,12,0,0,0,0,0,0,1,1,1,1,58,9,2993,2,-1,8,3,8
2018460349567,2,9,0,18,0,0,0,0,0,0,2,1,1,1,28,6,-1,-1,-1,3,1,3
2018460349577,1,9,0,4,0,0,0,0,0,0,1,1,6,1,34,6,1999,2,-1,4,3,4
2018460349577,2,9,0,4,0,0,0,0,0,0,2,1,6,1,54,8,1999,2,11,5,1,5
2018460349594,1,9,0,18,0,0,1,0,7,0,0,1,6,2,18,4,1124,1,13,7,2,7
2018460349609,1,9,0,18,0,1,0,0,0,0,4,1,5,2,49,8,1598,1,9,6,3,6
2018460349609,2,5,0,9,0,5,0,0,0,0,3,1,5,1,52,8,599,1,27,6,1,6
2018460349631,1,9,0,17,0,8,1,0,0,0,1,1,1,1,34,6,-1,-1,-1,1,1,1
2018460349631,2,9,0,10,0,1,0,0,0,0,0,1,1,1,24,5,-1,-1,-1,4,1,4
2018460349655,1,9,0,18,0,0,0,0,0,0,0,1,6,3,-1,-1,-1,-1,-1,-1,-1,-1
2018460349655,2,2,0,18,0,0,0,0,0,0,3,1,2,1,24,5,124,1,-1,5,1,5
2018460349661,1,9,0,5,0,1,0,0,0,0,3,1,1,1,70,10,2495,2,17,7,3,7
2018460349661,2,9,0,18,0,8,0,0,0,0,1,1,2,2,34,6,1596,1,9,5,3,5
2018460349712,1,9,0,18,0,0,0,0,0,0,1,1,6,2,21,5,1242,1,6,9,2,9
2018460349712,2,9,0,18,0,0,0,0,0,0,1,1,6,1,74,10,1798,1,7,9,2,9
2018460349786,1,98,0,18,0,0,0,0,0,0,1,1,6,3,-1,-1,-1,-1,-1,-1,-1,-1
2018460349789,1,3,0,13,0,1,0,0,7,0,1,1,2,1,35,6,125,1,-1,1,3,1
2018460349789,2,9,0,9,0,1,0,0,0,0,3,1,2,2,50,8,-1,-1,-1,6,1,6
2018460349796,1,9,0,18,0,1,0,0,4,0,1,1,6,1,27,6,1995,2,2,10,1,10
2018460349832,1,9,0,18,0,0,1,0,4,6,3,1,6,2,41,7,1598,1,4,9,1,9
2018460349832,2,9,0,18,0,0,5,0,1,0,4,1,1,1,42,7,1398,1,5,1,1,1
2018460349834,1,9,0,9,0,6,0,0,0,0,3,1,6,2,72,10,2982,2,16,-1,-1,-1
2018460349834,2,9,0,18,0,8,0,0,0,0,1,1,6,1,26,6,-1,-1,-1,8,1,8
2018460349855,1,9,0,18,0,1,0,0,0,0,1,1,6,1,76,11,2435,1,14,7,1,7
2018460349855,2,9,0,6,0,1,0,0,1,0,2,1,6,1,31,6,1229,1,13,1,1,1
2018460349855,3,9,0,2,0,1,0,0,0,0,2,1,6,3,30,6,1997,2,8,-1,-1,-1
2018460349856,1,19,0,18,0,0,1,0,7,0,1,1,1,1,40,7,1248,2,2,9,1,9
2018460349856,2,9,0,3,0,0,0,0,0,0,2,1,6,2,34,6,1461,2,2,8,1,8
2018460349896,1,8,0,18,0,1,0,0,0,0,1,1,1,2,42,7,-1,-1,-1,10,2,10
2018460349896,2,9,0,4,0,1,0,0,0,0,2,1,1,1,20,4,1598,2,2,10,1,10
2018460349896,3,9,0,3,0,1,0,0,0,0,2,1,1,1,20,4,1197,1,4,10,1,10
2018460349900,1,5,0,18,0,0,2,0,0,0,4,1,1,1,41,7,1199,1,6,2,1,2
2018460349918,1,9,0,18,0,0,0,0,0,0,1,1,6,1,75,10,1796,1,12,6,1,6
2018460349934,1,9,0,3,0,4,0,0,0,0,1,1,5,3,-1,-1,1242,1,14,-1,-1,-1