Accident_Index,Vehicle_Reference,Vehicle_Type,Towing_and_Articulation,Vehicle_Manoeuvre,Vehicle_Location-Restricted_Lane,Junction_Location,Skidding_and_Overturning,Hit_Object_in_Carriageway,Vehicle_Leaving_Carriageway,Hit_Object_off_Carriageway,1st_Point_of_Impact,Was_Vehicle_Left_Hand_Drive?,Journey_Purpose_of_Driver,Sex_of_Driver,Age_of_Driver,Age_Band_of_Driver,Engine_Capacity_(CC),Propulsion_Code,Age_of_Vehicle,Driver_IMD_Decile,Driver_Home_Area_Type,Vehicle_IMD_Decile
2018460349934,2,9,0,3,0,4,0,0,0,0,2,1,2,1,43,7,1598,2,2,-1,-1,-1
2018460349962,1,9,0,18,0,0,0,0,0,0,1,1,6,3,-1,-1,-1,-1,-1,-1,-1,-1
2018460349972,1,5,0,7,0,0,1,0,0,0,4,1,5,1,45,7,1690,1,6,10,1,10
2018460349978,1,9,0,18,0,0,0,0,0,0,4,1,1,2,27,6,1149,1,9,5,1,5
2018460349988,1,9,0,12,0,4,0,0,0,0,0,1,6,3,-1,-1,-1,-1,-1,-1,-1,-1
2018460349988,2,9,0,18,0,8,0,1,0,0,1,1,2,1,27,6,1242,1,21,9,1,9
2018460349988,3,9,0,18,0,8,1,1,0,0,2,1,2,1,36,7,1598,1,12,4,1,4
2018460350015,1,9,0,18,0,0,0,0,0,0,2,1,2,1,28,6,1200,1,1,6,2,6
2018460350015,2,19,0,18,0,0,0,0,0,0,1,1,2,1,51,8,1753,2,15,9,1,9
2018460350015,3,9,0,18,0,0,0,0,0,0,1,1,2,2,36,7,1461,2,8,5,1,5
2018460350035,1,98,0,9,0,5,0,0,0,0,1,1,6,1,-1,-1,-1,-1,-1,-1,-1,-1
2018460350039,1,98,0,18,0,8,0,0,0,0,2,1,1,1,46,8,-1,-1,-1,-1,-1,-1
2018460350039,2,9,0,8,0,1,0,0,0,0,2,1,1,1,-1,-1,1968,2,5,-1,-1,-1
2018460350053,1,9,0,14,0,8,0,0,0,0,1,1,6,2,39,7,-1,-1,-1,2,1,2
2018460350053,2,9,0,18,0,6,0,0,0,0,4,1,6,1,29,6,-1,-1,-1,9,1,9
2018460350054,1,98,1,12,0,0,0,0,0,0,1,2,1,1,32,6,-1,-1,-1,-1,-1,-1
2018460350054,2,9,0,18,0,0,0,0,2,0,4,1,6,2,50,8,1839,1,15,7,1,7
2018460350058,1,9,0,18,0,0,0,0,0,0,1,1,6,1,22,5,1242,1,17,7,1,7
2018460350075,1,9,0,5,0,2,0,0,0,0,3,1,2,2,18,4,1368,1,9,2,1,2
2018460350075,2,3,0,18,0,1,0,0,0,0,1,1,2,1,29,6,125,1,2,5,1,5
2018460350090,1,19,0,18,0,0,0,0,0,0,1,1,6,1,32,6,2198,2,3,7,3,7
2018460350090,2,9,0,18,0,0,0,0,0,0,2,1,6,1,21,5,999,1,1,9,3,9
2018460350090,3,9,0,18,0,0,0,0,0,0,2,1,6,2,46,8,1560,2,2,9,3,9
2018460350104,1,98,0,17,0,8,1,11,7,0,1,1,1,1,44,7,-1,-1,-1,4,1,4
2018460350104,2,97,0,9,0,4,0,0,0,0,0,1,5,3,-1,-1,-1,-1,-1,-1,-1,-1
2018460350123,1,9,0,7,0,6,0,0,1,0,1,1,6,1,34,6,1796,1,9,3,1,3
2018460350123,2,21,1,18,0,1,3,0,1,0,1,1,1,1,55,8,12900,2,9,2,1,2
2018460350123,3,9,0,2,0,1,0,0,0,0,3,1,6,1,-1,-1,1497,8,11,8,1,8
2018460350142,1,9,0,18,0,0,0,12,8,1,1,1,1,1,25,5,1598,1,3,3,1,3
2018460350155,1,9,0,9,0,6,0,0,0,0,1,1,2,2,52,8,1995,2,7,10,1,10
2018460350155,2,9,0,18,0,1,0,0,0,0,3,1,6,2,58,9,998,1,-1,1,1,1
2018460350165,1,19,0,18,0,0,0,0,0,0,1,1,1,1,61,9,-1,-1,-1,-1,-1,-1
2018460350165,2,9,0,18,0,0,0,0,1,0,2,1,6,1,67,10,1998,2,13,8,1,8
2018460350166,1,1,0,18,0,0,0,0,0,0,1,1,6,1,12,3,-1,-1,-1,8,1,8
2018460350166,2,9,0,18,0,0,0,0,0,0,1,1,6,1,22,5,998,1,3,3,-1,3
2018460350175,1,9,1,18,0,0,0,11,0,0,1,1,1,1,60,9,-1,-1,-1,-1,-1,-1
2018460350176,1,9,0,9,0,6,0,0,0,0,4,1,6,1,31,6,1499,2,3,9,1,9
2018460350176,2,9,0,18,0,2,0,7,0,0,1,1,6,2,85,11,999,1,3,9,3,9
2018460350176,3,9,0,4,0,2,0,0,0,0,3,1,6,1,76,11,2204,2,10,10,2,10
2018460350192,1,9,0,16,0,0,1,0,2,0,1,1,6,2,20,4,1248,1,4,9,1,9
2018460350276,1,9,0,18,0,6,0,0,0,0,4,1,6,3,-1,-1,-1,-1,-1,-1,-1,-1
2018460350276,2,9,0,18,0,8,0,0,0,0,3,1,6,2,23,5,1229,1,4,3,1,3
2018460350334,1,11,0,3,0,1,0,0,0,0,0,1,1,1,59,9,6370,2,6,1,1,1
2018460350391,1,97,0,18,9,2,0,0,0,0,1,1,6,1,-1,-1,-1,-1,-1,-1,-1,-1
2018460350391,2,97,0,18,9,2,0,0,0,0,4,1,6,1,-1,-1,-1,-1,-1,-1,-1,-1
2018460350391,3,97,0,18,9,2,0,0,0,0,4,1,6,1,-1,-1,-1,-1,-1,-1,-1,-1
2018460350428,1,9,0,16,0,0,0,0,0,0,1,1,6,2,32,6,1984,1,5,6,1,6
2018460350428,2,9,0,17,0,0,0,0,0,0,1,1,1,2,24,5,1598,2,1,6,1,6
2018460350471,1,19,0,9,0,5,0,0,0,0,4,1,1,1,26,6,2800,2,17,10,1,10
2018460350488,1,5,0,18,0,0,1,0,0,0,1,1,1,1,53,8,998,1,10,5,1,5
2018460350488,2,9,0,18,0,0,0,0,0,0,0,1,5,2,32,6,998,1,9,4,1,4
2018460350498,1,9,0,18,0,0,0,0,0,0,4,1,6,1,37,7,1686,2,5,-1,-1,-1
2018460350498,2,9,0,2,0,0,0,0,0,0,3,1,6,2,37,7,-1,-1,-1,4,2,4
2018460350516,1,9,0,18,0,4,0,0,0,0,1,1,5,2,56,9,2191,2,4,4,1,4
2018460350516,2,9,0,9,0,3,0,0,1,0,4,1,5,2,19,4,998,1,10,9,1,9
2018460350516,3,9,0,8,0,4,0,0,0,0,1,1,5,1,47,8,1498,1,3,4,1,4
2018460350545,1,9,0,18,0,8,0,0,0,0,3,1,1,1,54,8,1586,1,11,10,1,10
2018460350545,2,9,0,10,0,5,0,0,0,0,3,1,1,1,29,6,1364,1,14,7,3,7
2018460350558,1,9,0,3,0,1,0,0,0,0,4,1,6,1,27,6,1598,1,9,6,1,6
2018460350558,2,9,0,18,0,1,0,0,0,0,1,1,6,2,27,6,1149,1,9,4,1,4
2018460350713,1,9,0,7,0,6,0,0,7,0,1,1,6,1,50,8,1598,2,2,7,2,7
2018460350713,2,9,0,18,0,1,0,0,7,0,3,1,6,2,57,9,1496,1,1,7,2,7
2018460350718,1,2,0,4,0,0,1,0,0,0,1,1,6,1,16,4,50,1,5,6,1,6
2018460350718,2,9,0,5,0,0,0,0,0,0,3,1,6,3,-1,-1,-1,-1,-1,-1,-1,-1
2018460350720,1,9,0,18,0,0,0,0,1,0,1,1,6,1,22,5,-1,-1,-1,5,3,5
2018460350726,1,9,0,5,0,2,0,0,0,0,3,1,2,1,57,9,998,1,3,6,1,6
2018460350726,2,3,0,17,0,1,2,0,0,0,1,1,2,1,26,6,125,1,-1,5,1,5
2018460350729,1,9,0,18,0,0,0,0,0,0,1,1,6,1,-1,-1,1999,1,17,-1,-1,-1
2018460350729,2,9,0,18,0,0,0,0,0,0,2,1,6,1,35,6,2401,2,15,6,2,6
2018460350729,3,9,0,2,0,0,0,0,0,0,4,1,6,1,-1,-1,1997,2,12,5,3,5
2018460350733,1,9,0,18,0,0,2,0,1,0,1,1,6,1,49,8,998,1,2,7,1,7
2018460350735,1,9,0,18,0,1,1,0,0,0,1,1,6,1,23,5,998,1,16,6,1,6
2018460350735,2,9,0,9,0,1,0,0,0,0,2,1,6,2,33,6,2494,8,1,6,3,6
2018460350737,1,9,0,12,0,7,1,7,7,0,3,1,1,2,26,6,1149,1,11,5,1,5
2018460350737,2,9,0,18,0,2,1,0,0,0,4,1,1,2,57,9,1560,2,9,5,1,5
2018460350741,1,5,0,18,0,5,1,0,0,0,3,1,1,1,35,6,656,1,11,9,1,9
2018460350760,1,9,0,5,0,1,1,0,0,0,4,1,5,1,21,5,1360,1,13,4,1,4
2018460350760,2,9,0,18,0,1,0,0,0,0,1,1,5,1,46,8,999,1,7,4,1,4
2018460350772,1,9,0,14,0,0,1,0,0,0,1,1,6,1,59,9,-1,-1,-1,6,1,6
2018460350772,2,9,0,18,0,0,0,0,0,0,1,1,6,1,56,9,1984,1,-1,10,2,10
2018460350772,3,9,0,18,0,0,0,0,0,0,1,1,6,2,19,4,998,1,3,7,1,7
2018460350773,1,9,0,18,0,1,0,0,0,0,1,1,6,1,48,8,1560,2,3,10,1,10
2018460350773,2,9,0,18,0,1,0,0,0,0,2,1,6,1,38,7,1995,1,14,8,1,8
2018460350775,1,9,0,17,0,2,0,0,0,0,0,1,6,1,27,6,1995,2,13,3,1,3
2018460350775,2,9,0,17,0,2,0,0,0,0,1,1,1,1,37,7,2993,2,1,-1,-1,-1
2018460350775,3,9,0,17,0,2,0,0,0,0,1,1,1,1,24,5,2993,2,3,-1,-1,-1
2018460350775,4,9,0,16,0,2,0,0,1,10,1,1,6,1,54,8,2894,1,-1,7,3,7
2018460350775,5,9,0,18,0,2,0,0,7,0,1,1,1,1,30,6,1968,2,5,-1,-1,-1
2018460350775,6,9,0,17,0,2,0,0,0,0,0,1,6,3,34,6,1968,2,7,7,3,7
2018460350775,7,9,0,18,0,2,0,0,0,0,0,1,6,3,37,7,3498,1,9,9,1,9
2018460350785,1,9,0,18,0,0,1,0,0,0,1,1,1,1,20,4,-1,-1,-1,3,1,3
2018460350785,2,9,0,18,0,0,0,0,0,0,2,1,1,1,25,5,-1,-1,-1,3,1,3
2018460350805,1,9,0,18,0,1,0,0,0,0,1,1,6,1,23,5,1796,1,14,2,1,2
2018460350805,2,9,0,7,0,1,0,0,0,0,2,1,3,2,51,8,1590,1,13,1,1,1
2018460350831,1,9,0,18,0,3,0,11,1,0,1,1,5,1,26,6,1596,1,11,1,1,1
2018460350831,2,9,0,2,0,2,0,0,0,0,2,1,5,1,22,5,1360,1,10,7,1,7
2018460350846,1,9,0,5,0,5,0,0,0,0,4,1,6,2,30,6,1796,1,16,1,1,1
2018460350846,2,9,0,9,0,2,0,0,0,0,4,1,6,1,49,8,2494,1,29,3,1,3
2018460350852,1,9,0,11,0,3,0,0,1,0,4,1,6,1,40,7,1797,8,3,2,1,2
2018460350852,2,9,0,17,0,8,0,0,0,0,3,1,6,1,48,8,-1,-1,-1,2,1,2
2018460350854,1,9,0,7,0,6,1,0,1,0,1,1,6,2,57,9,1796,1,11,7,2,7
2018460350854,2,9,0,18,0,8,0,0,0,0,1,1,6,2,37,7,1390,1,12,6,1,6
2018460350860,1,9,0,9,0,0,0,0,0,0,1,1,6,2,50,8,1296,1,9,8,2,8
2018460350860,2,9,0,5,0,0,0,0,0,0,1,1,6,1,54,8,1388,1,12,10,3,10
2018460350868,1,9,0,18,0,2,0,0,0,0,1,1,5,2,36,7,1560,2,10,2,1,2
2018460350868,2,9,0,9,0,2,0,0,0,0,4,1,5,2,26,6,1200,1,4,5,-1,5
2018460350879,1,90,0,4,0,0,0,0,0,0,0,1,1,2,-1,-1,2143,2,3,9,1,9
2018460350886,1,98,0,13,0,8,0,0,0,0,3,1,6,3,-1,-1,-1,-1,-1,-1,-1,-1
2018460350886,2,9,0,18,0,8,0,0,0,0,4,1,6,1,31,6,1896,2,10,3,1,3
2018460350905,1,9,0,17,0,0,0,0,2,0,4,1,6,1,82,11,1998,1,11,7,1,7
2018460350909,1,9,0,18,0,4,0,0,0,0,3,1,5,1,43,7,2148,2,9,1,1,1
2018460350909,2,9,0,18,0,4,0,0,0,0,2,1,5,1,75,10,1498,1,1,7,1,7
2018460350933,1,9,0,8,0,6,0,0,0,0,1,1,5,2,32,6,1461,2,2,5,1,5
2018460350935,1,9,0,4,0,0,0,0,0,0,1,1,2,2,39,7,1560,2,6,6,3,6
2018460350935,2,9,0,18,0,0,0,0,0,0,2,1,5,2,35,6,1499,1,-1,7,2,7
2018460350959,1,9,0,18,0,0,0,0,7,2,1,1,5,1,27,6,1242,1,9,7,-1,7
2018460350959,2,9,0,18,0,0,0,0,0,0,1,1,5,2,41,7,2401,2,9,5,3,5
2018460351040,1,9,0,1,0,1,0,4,0,0,1,1,6,2,64,9,1618,1,1,4,1,4
2018460351040,2,9,0,1,0,1,0,0,0,0,4,1,5,1,35,6,2996,1,12,1,1,1
2018460351040,3,9,0,1,0,1,0,0,0,0,4,1,5,1,66,10,1560,2,9,5,3,5
2018460351040,4,9,0,2,0,1,0,0,0,0,4,1,5,1,49,8,1998,1,11,1,1,1
2018460351040,5,9,0,2,0,1,0,0,0,0,4,1,5,1,58,9,1560,2,2,1,1,1
2018460351040,6,9,0,2,0,1,0,0,0,0,4,1,5,1,41,7,1598,1,7,1,1,1
2018460351056,1,4,0,18,0,0,1,0,0,0,0,1,2,1,38,7,955,1,17,3,1,3
2018460351061,1,9,0,18,0,5,0,0,0,0,1,1,6,1,35,6,-1,-1,-1,2,1,2
2018460351061,2,9,0,9,0,6,0,0,0,0,3,1,6,1,42,7,1360,1,13,8,3,8
2018460351063,1,9,0,18,0,4,0,9,3,4,1,1,6,1,52,8,996,1,2,9,1,9
2018460351075,1,9,0,9,0,6,0,4,0,0,3,1,5,1,17,4,1328,1,9,6,3,6
2018460351075,2,11,0,4,0,1,0,0,0,0,1,1,2,2,43,7,4580,2,9,6,1,6
2018460351075,3,9,0,2,0,1,0,0,0,0,3,1,6,2,37,7,-1,-1,-1,2,1,2
2018460351096,1,9,0,17,0,0,2,0,2,0,4,1,6,1,19,4,999,1,1,7,1,7
2018460351130,1,9,0,7,0,0,0,0,0,0,3,1,2,1,62,9,1598,1,9,7,1,7
2018460351139,1,9,0,7,0,6,0,0,0,0,1,1,6,1,26,6,1395,1,3,10,2,10
2018460351139,2,9,0,18,0,1,0,0,0,0,1,1,6,2,47,8,2143,2,-1,5,3,5
2018460351150,1,9,0,7,0,6,0,0,0,0,4,1,6,2,40,7,1686,2,12,8,1,8
2018460351150,2,1,0,18,0,1,0,0,0,0,1,1,1,1,37,7,-1,-1,-1,9,1,9
2018460351162,1,9,0,9,0,1,0,0,0,0,1,1,6,1,19,4,1839,1,15,7,3,7
2018460351264,1,9,0,18,0,0,5,0,1,0,1,1,2,1,42,7,1995,2,13,1,2,1
2018460351306,1,9,0,15,0,1,0,0,0,0,4,1,6,1,49,8,2143,2,4,6,1,6
2018460351306,2,9,0,7,0,5,0,0,0,0,3,1,6,2,25,5,1149,1,6,2,2,2
2018460351314,1,9,0,9,0,5,0,0,0,0,1,1,6,2,27,6,999,1,6,5,1,5
2018460351314,2,9,0,8,0,6,0,0,0,0,1,1,6,2,31,6,1242,1,6,5,1,5
2018460351319,1,9,0,18,0,1,0,0,0,0,1,1,2,1,22,5,1229,1,11,4,2,4
2018460351322,1,9,0,17,0,1,1,10,7,0,1,1,6,1,-1,-1,973,1,15,-1,-1,-1
2018460351322,2,9,0,4,0,1,0,0,2,0,1,1,6,1,29,6,2498,2,22,2,1,2
2018460351342,1,9,0,6,0,0,0,0,0,0,3,1,2,1,21,5,2993,2,7,10,2,10
2018460351342,2,9,0,18,0,0,0,0,0,0,1,1,6,2,40,7,2494,8,3,9,1,9
2018460351345,1,9,0,18,0,0,1,0,1,4,4,1,5,1,18,4,998,1,7,7,2,7
2018460351347,1,9,0,18,0,6,0,0,0,0,3,1,1,2,37,7,4511,1,14,5,1,5
2018460351347,2,1,0,9,0,6,0,0,0,0,1,1,6,1,40,7,-1,-1,-1,6,1,6
2018460351360,1,9,0,18,0,1,0,0,0,0,1,1,6,3,37,7,-1,-1,-1,-1,-1,-1
2018460351360,2,22,0,18,0,1,0,0,0,0,1,1,6,2,36,7,-1,-1,-1,3,1,3
2018460351364,1,-1,-1,-1,-1,0,-1,-1,-1,0,-1,1,6,3,-1,-1,-1,-1,-1,-1,-1,-1
2018460351371,1,9,0,9,0,0,0,0,0,0,1,1,6,3,-1,-1,-1,-1,-1,-1,-1,-1
2018460351380,1,19,0,18,0,1,0,0,0,0,1,1,1,1,36,7,-1,-1,-1,1,1,1
2018460351380,2,9,0,3,0,1,0,0,0,0,2,1,1,1,51,8,-1,-1,-1,-1,-1,-1
2018460351380,3,9,0,18,0,1,0,0,0,0,3,1,2,2,51,8,1560,2,2,7,3,7
2018460351385,1,9,0,9,0,6,0,0,0,0,1,1,6,2,36,7,1422,2,9,8,3,8
2018460351385,2,1,0,18,0,1,0,0,0,0,1,1,6,1,64,9,-1,-1,-1,8,1,8
2018460351387,1,9,0,18,0,0,0,0,0,0,1,1,6,1,23,5,1399,1,1,4,1,4
2018460351387,2,9,0,4,0,0,0,0,0,0,2,1,6,2,61,9,1388,1,10,5,1,5
2018460351402,1,19,0,1,0,1,0,0,0,0,2,1,1,1,43,7,2151,2,17,1,1,1
2018460351420,1,9,0,18,0,0,2,0,0,0,1,1,5,2,18,4,1198,1,1,10,2,10
2018460351420,2,9,0,18,0,0,1,0,1,9,1,1,5,2,78,11,1086,1,11,5,2,5
2018460351426,1,9,0,18,0,0,0,0,0,0,1,1,6,1,-1,-1,1990,1,21,-1,-1,-1
2018460351426,2,9,0,18,0,0,0,0,0,0,2,1,1,1,32,6,2143,2,6,4,1,4
2018460351432,1,9,0,7,0,6,0,0,0,0,3,1,6,1,40,7,1598,2,5,7,1,7
2018460351432,2,9,0,18,0,8,0,0,0,0,1,1,6,1,66,10,1560,2,6,6,2,6
2018460351438,1,3,0,18,0,0,0,0,0,0,4,1,6,1,25,5,124,1,3,2,1,2
2018460351466,1,9,0,3,0,1,0,0,0,0,1,1,5,1,32,6,1229,1,5,6,-1,6
2018460351466,2,9,0,7,0,6,0,0,1,0,3,1,1,2,22,5,1499,1,1,8,1,8
2018460351468,1,9,0,4,0,0,0,0,0,0,1,1,6,1,25,5,1968,2,4,5,1,5
2018460351468,2,9,0,4,0,0,0,0,0,0,2,1,6,2,29,6,1997,1,16,9,1,9
2018460351476,1,9,0,9,0,0,0,0,0,0,4,1,6,1,41,7,-1,-1,-1,9,3,9
2018460351476,2,19,0,18,0,0,0,0,0,0,1,1,6,1,39,7,2198,2,8,2,1,2
2018460351481,1,9,0,18,0,0,0,0,0,0,1,1,6,3,-1,-1,-1,-1,-1,-1,-1,-1
2018460351481,2,5,0,18,0,0,0,0,0,0,2,1,6,1,29,6,748,1,6,5,1,5
2018460351503,1,9,0,18,0,1,0,0,0,0,4,1,6,1,35,6,2199,2,2,-1,-1,-1
2018460351506,1,9,0,18,0,1,0,0,0,0,1,1,1,1,44,7,1968,2,4,5,3,5
2018460351506,2,9,0,18,0,1,0,0,0,0,3,1,5,2,43,7,1998,2,4,10,1,10
2018460351527,1,9,0,18,0,0,0,0,0,0,3,1,2,1,29,6,-1,-1,-1,3,1,3
2018460351527,2,9,0,18,0,0,0,0,0,0,3,1,6,2,65,9,1596,1,8,5,2,5
2018460351551,1,19,0,15,0,0,0,0,0,0,1,1,1,1,56,9,2298,2,2,6,1,6
2018460351551,2,9,0,18,0,0,0,0,1,0,1,1,1,2,21,5,1560,2,10,10,1,10
2018460351556,1,9,0,18,0,0,1,0,1,0,1,1,6,1,61,9,1998,1,14,10,2,10
2018460351565,1,9,0,16,0,1,1,0,1,0,1,1,1,1,23,5,1461,2,13,7,3,7
2018460351573,1,9,0,9,0,1,0,0,0,0,1,1,2,1,35,6,1461,2,7,7,2,7
2018460351573,2,9,0,18,0,1,0,0,0,0,3,1,2,1,35,6,-1,-1,-1,7,1,7
2018460351579,1,9,0,5,9,0,0,0,0,0,1,1,6,2,43,7,1398,1,13,2,1,2
2018460351579,2,9,0,18,9,0,0,0,0,0,3,1,6,1,32,6,1753,2,9,3,1,3
2018460351585,1,9,0,18,0,0,0,0,0,0,3,1,6,2,29,6,1686,2,4,2,1,2
2018460351585,2,9,0,18,0,0,0,0,0,0,3,1,6,2,25,5,1390,1,6,6,1,6
2018460351588,1,9,0,1,8,6,0,0,0,0,2,1,6,2,29,6,1995,2,-1,4,1,4
2018460351588,2,9,0,2,0,2,0,0,0,0,3,1,6,2,-1,-1,1596,1,14,8,1,8
2018460351597,1,9,0,5,0,8,0,0,0,0,3,1,5,2,41,7,1598,2,5,2,1,2
2018460351597,2,9,0,9,0,8,0,0,0,0,1,1,5,2,18,4,1206,1,8,8,1,8
2018460351603,1,9,0,5,0,0,0,0,0,0,1,1,1,1,58,9,1956,2,2,3,1,3
2018460351624,1,9,0,5,0,0,0,0,0,0,2,1,1,1,55,8,1686,2,4,7,1,7
2018460351624,2,3,0,18,0,0,0,0,0,0,0,1,6,1,44,7,299,1,1,4,1,4
2018460351637,1,20,0,18,0,0,0,0,0,0,1,1,1,1,40,7,-1,-1,-1,4,1,4
2018460351637,2,19,0,4,0,0,0,0,0,0,2,1,1,1,34,6,1499,2,1,9,1,9
2018460351637,3,19,4,10,0,0,0,0,0,0,2,1,1,1,53,8,2287,2,1,9,1,9
2018460351644,1,19,0,18,0,0,0,0,0,0,4,1,6,1,41,7,1998,2,18,6,3,6
2018460351659,1,9,0,7,0,0,0,0,0,0,1,1,6,1,27,6,1950,2,-1,2,1,2
2018460351659,2,9,0,18,0,0,0,0,0,0,4,1,6,1,26,6,1364,1,9,4,2,4
2018460351665,1,21,0,11,0,0,0,0,0,0,4,1,1,1,46,8,7146,2,7,5,1,5
2018460351665,2,9,0,18,0,0,0,0,1,0,3,1,6,2,44,7,1997,1,5,8,1,8
2018460351666,1,19,0,1,0,0,0,0,0,0,2,1,6,3,-1,-1,1997,2,16,-1,-1,-1
2018460351666,2,9,0,3,0,0,0,0,0,0,1,1,3,2,40,7,1596,1,14,2,1,2
2018460351672,1,9,0,18,0,0,0,0,7,0,1,1,6,1,48,8,2231,2,5,4,1,4
2018460351672,2,9,0,18,0,0,0,0,0,0,1,1,6,1,19,4,1198,1,10,3,2,3
2018460351687,1,9,0,16,0,0,0,4,7,10,1,1,1,1,25,5,1200,1,2,6,1,6
2018460351687,2,9,0,2,0,0,0,0,1,0,3,1,5,2,56,9,1242,1,6,5,1,5
2018460351687,3,19,0,2,0,0,0,0,0,0,3,1,5,1,54,8,2198,2,11,6,1,6
2018460351688,1,9,0,5,0,8,0,0,0,0,4,1,2,1,45,7,1984,1,16,5,3,5
2018460351688,2,1,0,5,0,8,0,0,0,0,3,1,6,1,74,10,-1,-1,-1,7,1,7
2018460351693,1,9,0,18,0,1,0,0,0,0,1,1,6,1,34,6,-1,-1,-1,5,3,5
2018460351693,2,21,1,18,0,1,0,0,0,0,1,1,6,1,54,8,6692,2,10,5,-1,5
2018460351698,1,19,0,18,0,1,0,0,0,0,1,1,1,1,56,9,2300,2,13,1,1,1
2018460351698,2,9,0,2,0,1,0,0,0,0,3,1,6,1,47,8,2231,2,4,3,1,3
2018460351698,3,9,0,2,0,1,0,0,0,0,3,1,6,1,48,8,-1,-1,-1,7,1,7
2018460351698,4,19,0,2,0,1,0,0,0,0,3,1,6,1,38,7,2198,2,3,3,1,3
2018460351708,1,9,0,18,0,1,0,0,0,0,1,1,5,1,56,9,1997,2,4,7,1,7
2018460351708,2,1,0,18,0,1,0,0,0,0,1,1,4,1,13,3,-1,-1,-1,10,1,10
2018460351709,1,9,0,5,0,1,0,0,0,0,1,1,6,1,26,6,1995,2,6,3,1,3
2018460351709,2,1,0,18,0,8,0,0,1,0,1,1,6,1,58,9,-1,-1,-1,2,1,2
2018460351717,1,9,0,18,0,0,0,0,0,0,1,1,2,2,66,10,1560,2,12,3,1,3
2018460351775,1,9,0,15,0,4,0,0,0,0,1,1,6,1,23,5,1242,1,11,4,1,4
2018460351775,2,9,0,4,0,4,0,0,0,0,2,1,5,1,31,6,1995,2,11,3,1,3
2018460351784,1,9,0,11,0,0,0,0,0,0,1,1,6,1,18,4,1461,2,9,2,1,2
2018460351784,2,21,0,18,0,0,0,0,0,0,2,1,1,1,43,7,9200,2,7,8,2,8
2018460351784,3,9,0,18,0,0,0,0,0,0,1,1,6,2,38,7,1598,2,2,5,1,5
2018460351791,1,9,0,5,0,0,0,0,0,0,2,1,6,2,33,6,1560,2,11,2,1,2
2018460351792,1,9,0,18,0,0,0,0,0,0,1,1,6,2,48,8,2993,2,7,10,1,10
2018460351792,2,9,0,4,0,0,0,0,0,0,2,1,6,1,45,7,-1,-1,-1,4,1,4
2018460351803,1,9,0,18,0,0,0,0,0,0,0,1,6,1,53,8,1968,2,5,8,1,8
2018460351804,1,9,0,9,0,1,0,0,0,0,3,1,6,1,74,10,1798,1,9,9,2,9
2018460351804,2,1,-1,18,0,1,0,0,0,0,1,1,6,1,15,3,-1,-1,-1,10,2,10
2018460351808,1,21,1,18,0,1,1,0,0,0,0,1,1,1,46,8,10837,2,-1,3,1,3
2018460351814,1,9,0,11,0,0,0,0,0,0,4,1,2,1,23,5,1798,1,12,2,1,2
2018460351814,2,9,0,18,0,0,0,0,0,0,2,1,2,2,54,8,1242,1,2,7,1,7
2018460351823,1,9,0,18,0,0,0,0,0,0,1,1,6,3,-1,-1,-1,-1,-1,-1,-1,-1
2018460351823,2,9,0,18,0,0,0,0,0,0,1,1,6,3,-1,-1,-1,-1,-1,-1,-1,-1
2018460351823,3,9,0,18,0,0,0,0,0,0,1,1,2,2,21,5,1397,1,10,4,2,4
2018460351823,4,9,0,18,0,0,0,0,0,0,2,1,5,1,21,5,1590,1,17,6,2,6
2018460351829,1,9,0,9,9,5,0,0,0,0,1,1,6,1,30,6,1910,2,11,4,1,4
2018460351830,1,2,0,18,0,0,0,0,0,0,1,1,6,2,16,4,49,1,-1,10,1,10
2018460351830,2,9,0,2,0,0,0,0,0,0,2,1,6,2,59,9,1598,1,12,8,2,8
2018460351835,1,9,0,18,0,4,0,0,0,0,1,1,6,2,21,5,-1,-1,-1,8,1,8
2018460351835,2,1,0,18,0,3,0,0,0,0,1,1,2,1,37,7,-1,-1,-1,8,1,8
2018460351836,1,9,0,11,0,0,1,0,1,0,1,1,6,1,32,6,1598,1,18,1,1,1
2018460351852,1,9,0,18,0,4,0,0,0,0,1,1,6,2,56,9,1389,1,18,1,1,1
2018460351852,2,1,0,18,0,4,5,0,0,0,1,1,6,1,40,7,-1,-1,-1,6,1,6
2018460351863,1,1,0,18,9,1,2,0,1,0,1,1,6,1,47,8,-1,-1,-1,6,1,6
2018460351883,1,9,0,9,0,1,0,0,0,0,1,1,5,1,20,4,1388,1,12,7,3,7
2018460351883,2,9,0,18,0,1,0,0,0,0,1,1,5,2,36,7,2995,1,-1,9,3,9
2018460351884,1,98,0,16,0,0,5,0,5,7,3,1,1,1,42,7,-1,-1,-1,-1,1,-1
2018460351891,1,9,0,18,0,0,0,0,0,0,3,1,6,3,-1,-1,-1,-1,-1,-1,-1,-1
2018460351891,2,9,0,2,0,0,0,0,0,0,4,1,6,1,71,10,-1,-1,-1,10,1,10
2018460351901,1,9,0,18,0,0,0,0,0,0,1,1,6,2,39,7,998,1,5,5,2,5
2018460351901,2,9,0,10,0,0,0,0,0,0,2,1,6,2,47,8,1968,2,10,7,1,7
2018460351906,1,8,0,18,0,0,0,0,0,0,1,1,1,1,38,7,-1,-1,-1,9,3,9