Accident_Index,Vehicle_Reference,Vehicle_Type,Towing_and_Articulation,Vehicle_Manoeuvre,Vehicle_Location-Restricted_Lane,Junction_Location,Skidding_and_Overturning,Hit_Object_in_Carriageway,Vehicle_Leaving_Carriageway,Hit_Object_off_Carriageway,1st_Point_of_Impact,Was_Vehicle_Left_Hand_Drive?,Journey_Purpose_of_Driver,Sex_of_Driver,Age_of_Driver,Age_Band_of_Driver,Engine_Capacity_(CC),Propulsion_Code,Age_of_Vehicle,Driver_IMD_Decile,Driver_Home_Area_Type,Vehicle_IMD_Decile
2018460353833,1,9,0,18,0,0,0,0,0,0,1,1,2,1,46,8,1240,1,14,8,1,8
2018460353833,2,9,0,7,9,0,0,0,0,0,3,1,2,1,22,5,1388,1,15,3,1,3
2018460353836,1,9,0,18,0,0,1,0,1,0,1,1,2,1,46,8,1248,1,9,5,3,5
2018460353836,2,9,0,18,0,0,1,0,7,0,1,1,2,1,27,6,1796,1,13,4,1,4
2018460353841,1,9,0,18,0,2,0,0,0,0,1,1,6,1,74,10,2776,2,13,4,1,4
2018460353842,1,9,0,18,0,0,0,0,0,0,1,1,6,1,28,6,-1,-1,-1,3,1,3
2018460353842,2,9,0,18,0,0,0,0,0,0,3,1,1,2,23,5,875,1,3,7,1,7
2018460353842,3,9,0,18,0,0,0,0,0,0,2,1,1,1,72,10,1910,2,12,5,1,5
2018460353842,4,9,0,18,0,0,0,0,0,0,0,1,1,1,-1,-1,-1,-1,-1,-1,-1,-1
2018460353849,1,9,0,14,0,1,0,0,0,0,4,1,6,1,31,6,1598,1,7,4,2,4
2018460353849,2,9,0,3,0,1,0,0,0,0,3,1,2,1,46,8,1995,2,4,4,1,4
2018460353849,3,9,0,3,0,1,0,0,0,0,3,1,2,2,34,6,1240,1,9,3,1,3
2018460353854,1,9,0,5,0,8,0,0,0,0,1,1,6,1,-1,-1,-1,-1,-1,-1,-1,-1
2018460353854,2,1,0,18,-1,6,1,0,0,0,2,1,4,2,13,3,-1,-1,-1,3,1,3
2018460353855,1,9,0,18,0,0,0,0,0,0,1,1,6,2,34,6,1596,1,12,9,1,9
2018460353864,1,9,0,13,0,1,0,0,0,0,1,1,6,2,21,5,1587,1,14,10,1,10
2018460353864,2,4,0,9,0,6,0,0,0,0,2,1,6,2,19,4,298,1,2,5,3,5
2018460353864,3,9,0,18,0,1,0,0,0,0,0,1,6,1,25,5,-1,-1,-1,9,2,9
2018460353873,1,9,0,16,0,0,0,0,0,0,1,1,6,2,44,7,-1,-1,-1,10,1,10
2018460353880,1,9,0,18,0,0,0,0,0,0,3,1,6,3,-1,-1,1461,2,8,-1,-1,-1
2018460353880,2,9,0,18,0,0,1,0,0,0,3,1,1,1,35,6,1798,8,4,2,1,2
2018460353885,1,9,0,18,0,0,1,0,0,0,1,1,6,1,32,6,1398,2,9,1,3,1
2018460353885,2,9,0,4,0,0,0,0,0,0,2,1,6,1,29,6,2993,2,7,3,-1,3
2018460353893,1,9,0,18,0,0,0,0,0,0,1,1,6,1,39,7,2967,2,4,6,-1,6
2018460353893,2,1,0,18,0,0,0,0,0,0,2,1,6,1,58,9,-1,-1,-1,7,1,7
2018460353894,1,9,0,18,0,8,0,0,0,0,1,1,6,2,43,7,-1,-1,-1,6,2,6
2018460353894,2,9,0,18,0,8,0,0,0,0,2,1,6,1,63,9,2157,2,1,5,1,5
2018460353899,1,9,0,18,0,1,0,0,0,0,1,1,1,2,40,7,1598,1,12,6,1,6
2018460353899,2,9,0,18,0,1,0,0,0,0,1,1,6,1,42,7,-1,-1,-1,4,1,4
2018460353902,1,11,0,4,0,1,0,0,0,0,0,1,1,1,42,7,8268,2,12,7,1,7
2018460353905,1,9,0,4,0,1,0,0,0,0,1,1,6,1,-1,-1,1596,1,11,10,1,10
2018460353905,2,9,0,3,0,1,0,0,0,0,2,1,3,2,47,8,1968,2,1,10,1,10
2018460353909,1,-1,0,18,0,0,0,0,0,0,3,1,6,3,-1,-1,-1,-1,-1,-1,-1,-1
2018460353909,2,9,0,18,0,0,0,0,0,0,4,1,6,2,49,8,1390,1,14,6,3,6
2018460353910,1,9,0,18,0,1,0,0,7,0,1,1,6,1,31,6,1490,1,-1,8,3,8
2018460353912,1,9,0,9,0,4,0,0,0,0,1,1,6,3,-1,-1,1870,2,14,-1,-1,-1
2018460353912,2,9,0,9,0,4,0,0,0,0,2,1,6,1,45,7,1753,2,16,6,1,6
2018460353917,1,9,0,16,0,0,1,0,2,0,1,1,2,1,27,6,2993,2,10,4,2,4
2018460353933,1,11,0,18,0,2,0,0,0,0,1,1,1,1,51,8,7300,2,16,5,1,5
2018460353933,2,1,0,18,4,2,0,0,0,0,2,1,2,1,64,9,-1,-1,-1,10,1,10
2018460353945,1,9,0,18,0,1,0,0,0,0,4,1,2,2,36,7,1598,2,3,7,3,7
2018460353945,2,9,0,5,0,1,0,0,0,0,1,1,6,2,25,5,1984,1,11,7,3,7
2018460353949,1,9,0,9,0,1,0,0,0,0,1,1,6,1,71,10,2295,1,20,8,1,8
2018460353949,2,1,0,18,0,1,5,0,0,0,1,1,6,1,37,7,-1,-1,-1,6,1,6
2018460353968,1,9,0,4,0,4,0,0,0,0,1,1,6,2,27,6,998,1,12,5,1,5
2018460353968,2,1,0,18,0,4,0,0,0,0,4,1,2,2,30,6,-1,-1,-1,1,1,1
2018460353972,1,9,0,18,0,0,0,0,0,0,4,1,6,2,49,8,-1,-1,-1,7,1,7
2018460353979,1,9,0,18,0,8,0,0,0,0,1,1,6,3,-1,-1,2993,2,3,-1,-1,-1
2018460353979,2,19,0,5,0,6,0,0,0,0,3,1,1,1,-1,-1,2143,2,2,4,1,4
2018460353982,1,9,0,18,0,0,2,0,0,0,4,1,2,2,45,7,996,1,9,7,3,7
2018460353985,1,9,0,15,0,0,0,0,0,0,4,1,6,1,29,6,1798,8,4,6,1,6
2018460353988,1,9,0,5,0,0,0,0,0,0,1,1,6,1,58,9,1560,2,8,7,2,7
2018460353988,2,9,0,5,0,0,0,0,0,0,2,1,6,1,41,7,1799,1,11,2,1,2
2018460354012,1,9,0,3,0,1,0,0,0,0,0,1,6,2,-1,-1,1968,2,7,9,2,9
2018460354024,1,9,0,16,0,0,0,0,8,0,3,1,6,1,32,6,1364,1,-1,7,2,7
2018460354030,1,9,0,4,0,0,1,0,0,0,1,1,6,2,53,8,1199,1,16,3,2,3
2018460354030,2,9,0,3,0,0,0,0,0,0,2,1,6,2,36,7,2400,2,12,7,3,7
2018460354043,1,9,0,18,0,0,0,0,0,0,1,1,6,2,25,5,1242,1,2,6,2,6
2018460354043,2,9,0,4,0,0,0,0,0,0,2,1,6,2,-1,-1,1198,1,1,10,1,10
2018460354061,1,9,0,12,0,0,0,0,0,0,1,1,2,2,29,6,1685,2,4,6,-1,6
2018460354061,2,9,0,4,0,0,0,0,1,7,2,1,6,2,72,10,1598,1,8,10,1,10
2018460354076,1,9,0,18,0,1,0,0,0,0,1,1,6,1,20,4,1149,1,13,8,3,8
2018460354076,2,9,0,2,0,1,0,0,0,0,1,1,6,1,62,9,2204,2,10,5,1,5
2018460354078,1,98,0,18,0,4,0,0,0,0,0,1,1,2,38,7,-1,-1,-1,6,1,6
2018460354078,2,9,0,18,0,4,0,0,0,0,1,1,6,2,42,7,1995,2,7,1,1,1
2018460354078,3,9,0,2,0,4,0,0,0,0,2,1,6,2,37,7,1398,2,11,10,1,10
2018460354086,1,9,0,16,0,0,1,0,1,0,1,1,6,1,37,7,2496,2,12,-1,-1,-1
2018460354086,2,9,0,16,0,0,1,0,1,0,1,1,6,1,37,7,1590,1,4,3,1,3
2018460354086,3,9,0,18,0,0,0,0,0,0,1,1,6,1,27,6,999,1,3,6,1,6
2018460354086,4,9,0,18,0,0,0,0,1,0,3,1,6,2,69,10,1499,1,1,5,1,5
2018460354099,1,1,0,18,0,1,0,0,0,0,1,1,6,1,-1,-1,-1,-1,-1,-1,-1,-1
2018460354099,2,19,0,18,0,6,0,0,0,0,1,1,6,1,47,8,1560,2,-1,4,1,4
2018460354101,1,9,0,18,0,0,0,0,0,0,4,1,6,1,40,7,-1,-1,-1,7,1,7
2018460354124,1,9,0,17,0,8,0,0,0,0,1,1,5,2,50,8,1368,1,9,5,1,5
2018460354124,2,9,0,5,0,8,0,0,0,0,4,1,5,1,48,8,1685,2,2,3,1,3
2018460354128,1,9,0,2,0,0,0,4,0,0,1,1,6,1,24,5,-1,-1,-1,-1,-1,-1
2018460354128,2,9,0,2,0,0,0,4,0,0,2,1,6,1,37,7,1994,2,16,-1,-1,-1
2018460354128,3,9,0,2,0,0,0,0,0,0,2,1,6,1,37,7,1686,2,7,-1,-1,-1
2018460354131,1,9,0,5,0,1,0,0,0,0,4,1,1,1,41,7,999,1,-1,2,1,2
2018460354131,2,9,0,18,0,1,0,0,0,0,0,1,1,2,22,5,1596,1,3,1,1,1
2018460354146,1,9,0,9,0,2,0,0,0,0,3,1,6,2,67,10,1242,1,15,3,1,3
2018460354146,2,3,0,18,0,1,5,0,0,0,1,1,2,1,19,4,124,1,8,2,1,2
2018460354149,1,3,0,13,0,8,0,0,0,0,1,1,6,1,18,4,124,1,11,2,1,2
2018460354149,2,9,0,7,0,8,0,0,0,0,3,1,5,2,33,6,1598,1,13,6,1,6
2018460354153,1,3,0,18,0,0,0,0,0,0,1,1,2,1,41,7,998,1,15,7,3,7
2018460354153,2,9,0,18,0,0,0,0,0,0,2,1,2,1,56,9,1597,2,2,1,1,1
2018460354156,1,9,0,18,0,1,0,0,0,0,1,1,6,2,35,6,1598,1,10,5,1,5
2018460354156,2,9,0,7,0,1,0,0,0,0,1,1,6,2,49,8,3301,1,12,5,1,5
2018460354165,1,19,-1,18,0,1,0,0,0,0,1,1,6,1,-1,-1,2198,2,12,-1,-1,-1
2018460354165,2,9,-1,18,0,1,0,0,0,0,2,1,6,1,18,4,1364,1,10,4,2,4
2018460354173,1,11,0,2,2,0,0,0,0,0,0,1,6,1,35,6,9000,2,10,8,1,8
2018460354176,1,9,0,7,0,6,0,0,0,0,1,1,5,2,42,7,1618,1,3,3,1,3
2018460354183,1,9,0,18,0,0,0,0,0,0,3,1,6,3,-1,-1,-1,-1,-1,-1,-1,-1
2018460354183,2,9,0,2,0,0,0,-1,0,0,4,1,6,2,39,7,1598,1,8,4,3,4
2018460354190,1,9,0,18,0,0,5,0,8,10,1,1,6,1,30,6,1796,1,15,3,1,3
2018460354221,1,9,0,18,8,6,0,0,0,0,1,1,1,3,37,7,-1,-1,-1,-1,-1,-1
2018460354221,2,98,0,18,0,1,0,0,0,0,2,1,1,1,38,7,-1,-1,-1,2,1,2
2018460354221,3,19,0,18,0,1,0,0,0,0,2,1,6,1,25,5,2402,2,12,7,2,7
2018460354222,1,2,0,18,0,1,1,0,0,0,3,1,1,1,58,9,49,1,6,10,1,10
2018460354224,1,19,0,9,0,1,0,0,0,0,1,1,1,1,26,6,2198,2,2,6,2,6
2018460354224,2,1,0,9,0,1,0,0,0,0,1,1,2,1,61,9,-1,-1,-1,4,1,4
2018460354230,1,11,0,18,0,1,0,0,0,0,1,1,1,1,37,7,3900,2,14,6,1,6
2018460354230,2,9,0,8,0,4,0,0,0,0,2,1,6,2,25,5,998,1,1,6,2,6
2018460354231,1,9,0,18,0,0,1,7,5,0,3,1,6,1,45,7,2993,2,10,6,1,6
2018460354232,1,9,0,18,0,0,1,0,0,0,1,1,5,1,41,7,1390,1,16,1,1,1
2018460354233,1,9,0,9,0,1,0,0,0,0,0,1,2,1,22,5,1206,1,9,2,1,2
2018460354233,2,9,0,18,0,1,0,0,0,0,1,1,1,1,68,10,2143,2,3,2,1,2
2018460354235,1,9,0,9,0,0,0,0,0,0,1,1,2,1,51,8,1598,1,14,2,1,2
2018460354235,2,4,0,18,0,0,0,0,0,0,1,1,2,1,22,5,487,1,24,4,1,4
2018460354235,3,9,0,2,0,0,0,0,0,0,3,1,2,1,27,6,1995,2,13,6,1,6
2018460354237,1,-1,0,1,0,1,0,0,0,0,1,1,6,1,45,7,-1,-1,-1,6,1,6
2018460354246,1,9,0,18,0,0,0,0,0,0,1,1,6,3,37,7,-1,-1,-1,-1,-1,-1
2018460354251,1,9,0,18,0,0,0,0,0,0,1,1,6,2,33,6,1995,2,8,2,1,2
2018460354264,1,9,0,18,0,0,0,0,0,0,1,1,5,2,21,5,1086,1,11,10,3,10
2018460354264,2,9,0,18,0,0,0,0,0,0,2,1,5,1,37,7,1796,1,16,10,2,10
2018460354267,1,5,0,4,0,2,0,0,0,0,4,1,6,1,22,5,636,1,13,5,1,5
2018460354271,1,9,0,7,0,6,0,0,0,0,1,1,6,3,-1,-1,1198,1,6,-1,-1,-1
2018460354274,1,9,0,9,0,1,0,0,0,0,1,1,2,2,25,5,2999,2,12,-1,-1,-1
2018460354274,2,5,0,10,0,1,5,0,0,0,4,1,2,1,51,8,749,1,18,8,1,8
2018460354275,1,9,0,18,0,0,0,0,0,0,1,1,6,2,30,6,1398,1,4,4,1,4
2018460354280,1,9,0,9,0,8,0,0,0,0,1,1,6,2,67,10,659,1,10,2,1,2
2018460354281,1,90,0,18,0,0,0,0,0,0,3,1,2,1,36,7,-1,-1,-1,9,1,9
2018460354281,2,9,0,18,0,0,0,0,0,0,3,1,6,2,53,8,1084,1,1,4,1,4
2018460354281,3,9,0,2,0,0,0,0,0,0,4,1,5,2,32,6,1598,1,12,4,1,4
2018460354285,1,9,0,18,0,1,0,0,0,0,1,1,6,2,20,4,1242,1,7,8,1,8
2018460354285,2,9,0,18,0,1,0,0,0,0,1,1,6,1,34,6,-1,-1,-1,2,1,2
2018460354288,1,9,0,6,0,1,0,0,0,0,0,1,6,3,-1,-1,1685,2,2,-1,-1,-1
2018460354288,2,11,0,18,0,1,0,0,0,0,0,1,1,1,49,8,9000,2,12,5,1,5
2018460354298,1,9,0,18,0,8,0,0,0,0,3,1,6,1,71,10,2720,2,11,10,1,10
2018460354298,2,20,0,18,0,8,0,0,0,0,3,1,2,1,33,6,2998,2,3,6,3,6
2018460354308,1,9,0,18,0,0,0,0,0,0,1,1,6,1,60,9,1364,1,8,7,1,7
2018460354308,2,17,0,18,0,0,0,0,0,0,2,1,1,1,28,6,4910,2,-1,5,3,5
2018460354313,1,9,0,18,0,1,0,0,0,0,1,1,6,1,52,8,998,1,-1,3,1,3
2018460354313,2,11,0,2,0,1,0,0,0,0,2,1,5,1,35,6,3900,2,16,1,1,1
2018460354316,1,9,0,5,0,3,0,4,0,0,1,1,6,1,41,7,1364,1,11,5,1,5
2018460354316,2,19,0,2,0,2,0,0,0,0,2,1,6,1,51,8,2402,2,16,6,1,6
2018460354316,3,9,0,2,0,2,0,0,0,0,2,1,6,1,20,4,1368,1,8,10,1,10
2018460354335,1,9,0,18,0,0,0,0,0,0,1,1,5,1,26,6,1598,1,13,6,1,6
2018460354335,2,19,0,2,0,0,0,0,0,0,2,1,5,1,34,6,2402,2,18,6,2,6
2018460354360,1,9,0,18,0,0,0,10,2,10,1,1,6,2,37,7,1995,2,13,6,1,6
2018460354368,1,19,0,6,0,0,0,0,0,0,3,1,6,3,-1,-1,1868,2,12,8,3,8
2018460354368,2,9,0,2,0,0,0,0,0,0,0,1,6,1,47,8,1896,2,12,3,1,3
2018460354374,1,19,0,18,0,1,0,0,0,0,1,1,1,1,48,8,1995,2,10,1,1,1
2018460354374,2,9,0,9,0,1,0,0,0,0,3,1,5,2,69,10,1598,1,12,6,2,6
2018460354375,1,9,0,18,0,0,0,0,0,0,1,1,6,3,37,7,1968,2,13,-1,-1,-1
2018460354375,2,9,0,18,0,0,0,0,0,0,1,1,6,2,24,5,1997,2,13,3,1,3
2018460354377,1,9,0,11,0,0,0,0,0,0,1,1,6,1,73,10,2460,2,14,4,3,4
2018460354379,1,9,0,18,0,0,2,0,1,3,1,1,6,1,32,6,1242,1,9,8,2,8
2018460354391,1,9,0,18,0,0,0,0,0,0,1,1,6,1,80,11,3200,2,14,3,1,3
2018460354391,2,9,0,2,0,0,0,0,0,0,2,1,6,1,-1,-1,1560,2,10,2,1,2
2018460354391,3,9,0,2,0,0,0,0,0,0,2,1,6,1,-1,-1,2143,2,3,5,1,5
2018460354391,4,9,0,2,0,0,0,0,0,0,2,1,6,2,-1,-1,1229,1,11,5,1,5
2018460354391,5,19,0,2,0,0,0,0,0,0,2,1,6,3,-1,-1,2198,2,3,-1,-1,-1
2018460354393,1,9,0,5,0,1,0,0,0,0,0,1,3,1,41,7,1968,2,1,10,1,10
2018460354397,1,19,0,18,0,8,0,0,0,0,4,1,1,1,42,7,1560,2,1,9,1,9
2018460354397,2,9,0,18,0,8,0,0,0,0,3,1,5,1,58,9,1598,2,2,4,1,4
2018460354415,1,9,0,18,0,1,0,0,0,0,1,1,6,2,64,9,1998,2,19,4,3,4
2018460354415,2,9,0,9,0,1,0,0,0,0,1,1,6,1,19,4,1242,1,12,3,1,3
2018460354424,1,9,0,16,0,1,1,10,7,0,0,1,6,1,35,6,1587,1,14,7,1,7
2018460354432,1,9,0,2,0,0,0,0,0,0,3,1,6,2,-1,-1,1587,1,11,2,1,2
2018460354432,2,1,0,18,9,0,0,0,0,0,1,1,6,1,-1,-1,-1,-1,-1,-1,-1,-1
2018460354435,1,9,0,18,0,0,0,0,0,0,2,1,6,1,37,7,998,1,12,4,1,4
2018460354439,1,9,0,1,0,0,0,0,0,0,2,1,6,2,74,10,1395,1,3,10,1,10
2018460354439,2,9,0,2,0,0,0,0,0,0,3,1,6,1,37,7,1388,1,13,9,1,9
2018460354444,1,9,0,5,0,6,0,0,0,0,3,1,6,1,-1,-1,998,1,3,3,1,3
2018460354444,2,9,0,18,0,1,0,0,0,0,1,1,6,1,-1,-1,1956,2,5,-1,-1,-1
2018460354447,1,4,0,18,0,0,0,0,0,0,0,1,6,1,52,8,1150,1,8,7,1,7
2018460354452,1,19,0,9,0,0,0,0,0,0,1,1,1,1,-1,-1,1968,2,1,-1,-1,-1
2018460354452,2,9,0,18,0,0,0,0,0,0,3,1,2,2,26,6,1390,1,11,4,1,4
2018460354454,1,9,0,5,0,4,0,0,0,0,1,1,6,2,20,4,-1,-1,-1,5,3,5
2018460354454,2,1,0,9,0,8,0,0,0,0,2,1,6,1,40,7,-1,-1,-1,4,1,4
2018460354457,1,9,0,18,0,0,0,0,0,0,1,1,6,1,-1,-1,-1,-1,-1,-1,-1,-1
2018460354464,1,9,0,9,0,5,0,0,0,0,1,1,5,1,78,11,1997,2,9,10,1,10
2018460354477,1,9,0,4,0,2,2,0,2,10,3,1,5,1,26,6,1149,1,9,1,1,1
2018460354477,2,9,0,4,0,1,0,0,0,0,3,1,5,1,63,9,2987,2,9,1,1,1
2018460354479,1,98,0,2,0,0,0,0,0,0,0,1,6,1,-1,-1,-1,-1,-1,-1,-1,-1
2018460354490,1,9,0,9,0,2,0,0,0,0,1,1,6,1,17,4,2231,2,12,2,1,2
2018460354490,2,8,0,5,0,2,0,0,0,0,3,1,1,1,45,7,1798,8,3,6,1,6
2018460354518,1,9,0,8,0,1,0,0,0,0,4,1,6,3,-1,-1,-1,-1,-1,-1,-1,-1
2018460354518,2,22,0,10,0,1,0,0,0,0,3,1,6,2,-1,-1,-1,-1,-1,3,1,3
2018460354541,1,9,0,18,0,1,0,0,0,0,1,1,6,2,50,8,2493,1,18,1,1,1
2018460354541,2,1,0,18,0,1,0,0,0,0,1,1,6,1,-1,-1,-1,-1,-1,-1,-1,-1
2018460354542,1,9,0,18,0,0,0,0,1,1,1,1,6,1,59,9,1395,1,-1,8,1,8
2018460354544,1,98,0,1,0,0,0,0,0,0,2,1,6,3,-1,-1,-1,-1,-1,-1,-1,-1
2018460354546,1,9,0,15,0,1,0,0,0,0,1,1,6,1,25,5,1360,1,10,7,2,7
2018460354546,2,9,0,4,0,1,0,0,0,0,2,1,6,1,35,6,1598,1,7,5,1,5
2018460354546,3,9,0,4,0,-1,0,0,0,0,2,1,6,1,55,8,1985,1,20,10,2,10
2018460354548,1,5,0,15,0,0,0,0,0,0,1,1,1,1,23,5,600,1,5,2,1,2
2018460354548,2,19,0,4,0,0,0,0,0,0,4,1,1,1,45,7,2402,2,12,2,1,2
2018460354549,1,9,0,18,0,1,0,0,0,0,3,1,6,1,84,11,1422,2,10,6,1,6
2018460354549,2,9,0,18,0,1,0,0,0,0,1,1,6,2,51,8,1396,1,7,5,1,5
2018460354550,1,9,0,9,0,8,0,0,0,0,1,1,6,1,67,10,2401,2,12,5,1,5
2018460354550,2,1,0,18,0,8,0,0,0,0,1,1,6,1,-1,-1,-1,-1,-1,4,1,4
2018460354554,1,9,0,9,0,2,0,0,0,0,3,1,6,1,21,5,1991,2,13,5,3,5
2018460354554,2,9,0,18,0,1,0,0,0,0,1,1,6,2,70,10,999,1,18,4,2,4
2018460354556,1,1,0,7,0,8,0,0,0,0,1,1,6,1,-1,-1,-1,-1,-1,-1,-1,-1
2018460354556,2,9,0,3,0,1,0,0,0,0,4,1,1,1,18,4,1242,1,9,5,1,5
2018460354558,1,9,0,18,0,0,1,0,0,0,1,1,6,1,47,8,1910,2,11,3,3,3
2018460354558,2,9,0,4,0,0,0,0,0,0,2,1,6,1,36,7,1341,1,14,7,3,7
2018460354561,1,9,0,18,0,1,0,0,0,0,4,1,6,1,66,10,2268,2,2,10,2,10
2018460354561,2,9,0,2,0,1,0,0,0,0,2,1,6,1,-1,-1,1360,1,12,4,1,4
2018460354561,3,9,0,2,0,2,0,0,0,0,-1,1,6,1,-1,-1,-1,-1,-1,10,2,10
2018460354561,4,9,0,2,0,2,0,0,0,0,-1,1,6,3,-1,-1,898,1,-1,3,1,3
2018460354618,1,9,0,9,0,0,2,0,1,10,1,1,5,1,18,4,1248,2,10,8,3,8
2018460354628,1,19,0,5,0,1,0,0,0,0,1,1,1,1,63,9,1995,2,-1,6,3,6
2018460354628,2,9,0,5,0,1,0,0,0,0,2,1,2,2,37,7,1248,1,5,9,1,9
2018460354635,1,9,0,9,0,1,0,0,0,0,3,1,6,1,20,4,1461,2,1,7,1,7
2018460354635,2,9,0,18,0,1,0,0,0,0,1,1,6,1,33,6,1984,1,4,6,1,6
2018460354637,1,9,0,9,0,8,0,0,0,0,4,1,5,2,22,5,1560,2,12,2,1,2
2018460354637,2,9,0,2,0,8,0,0,0,0,3,1,5,1,63,9,1997,2,6,5,1,5
2018460354643,1,9,-1,18,0,0,0,0,1,7,1,1,6,1,45,7,1968,2,2,8,3,8
2018460354647,1,9,0,18,0,0,0,0,0,0,3,1,6,3,37,7,1587,1,12,-1,-1,-1
2018460354647,2,9,0,4,0,0,0,0,0,0,3,1,6,2,65,9,1329,1,5,3,1,3
2018460354648,1,9,0,17,0,0,1,0,4,6,3,1,6,1,29,6,1124,1,13,1,1,1
2018460354666,1,9,0,4,0,0,0,0,0,0,1,1,6,1,25,5,1999,1,11,6,1,6
2018460354666,2,9,0,3,0,0,0,0,0,0,2,1,1,2,24,5,1299,1,11,5,1,5
2018460354666,3,9,0,4,0,0,0,0,0,0,1,1,6,1,65,9,2171,1,17,9,1,9
2018460354667,1,5,0,18,0,0,0,0,0,0,1,1,6,1,33,6,953,1,9,1,2,1
2018460354675,1,9,0,9,0,0,0,0,0,0,3,1,5,2,88,11,999,1,3,3,1,3
2018460354675,2,9,0,17,0,0,0,0,0,0,1,1,5,1,34,6,1364,1,10,3,1,3
2018460354694,1,9,0,18,9,0,0,0,0,0,0,1,6,1,46,8,1896,2,10,10,1,10
2018460354696,1,9,0,18,0,0,0,0,0,0,1,1,6,1,52,8,1560,2,4,10,1,10
2018460354708,1,19,0,18,0,1,0,0,0,0,1,1,6,1,38,7,2198,2,7,1,1,1
2018460354708,2,9,0,4,0,1,0,0,0,0,2,1,6,1,69,10,1998,2,10,6,1,6
2018460354709,1,9,0,18,0,8,1,0,0,0,1,1,2,2,56,9,1390,1,14,10,1,10
2018460354720,1,19,0,9,0,6,0,0,0,0,4,1,2,1,48,8,2402,2,13,1,1,1
2018460354720,2,9,0,16,0,8,0,0,0,0,1,1,6,2,35,6,1197,1,1,9,1,9
2018460354728,1,9,0,5,0,8,0,0,0,0,1,1,6,1,28,6,1199,1,16,3,1,3
2018460354728,2,3,0,18,0,8,0,0,0,0,3,1,6,1,26,6,125,1,5,4,1,4
2018460354738,1,9,0,5,0,1,0,0,0,0,1,1,6,2,58,9,1496,1,3,5,3,5
2018460354738,2,9,0,5,0,1,0,0,0,0,2,1,6,2,33,6,1598,2,6,7,-1,7
2018460354738,3,9,0,3,0,1,0,0,0,0,2,1,6,1,22,5,1364,1,12,8,1,8
2018460354744,1,9,0,18,0,0,0,4,0,0,1,1,6,1,21,5,1242,1,12,8,2,8
2018460354744,2,9,0,4,0,0,0,0,0,0,2,1,6,2,65,9,1598,2,2,8,2,8
2018460354745,1,9,0,5,0,8,0,0,0,0,1,1,5,1,39,7,1968,2,3,7,-1,7
2018460354745,2,1,0,5,0,8,0,0,0,0,2,1,1,1,54,8,-1,-1,-1,7,2,7
2018460354753,1,9,0,18,0,0,1,0,0,0,2,1,2,1,48,8,1248,2,8,1,1,1
2018460354753,2,9,0,4,0,0,0,0,0,0,1,1,2,2,35,6,1798,1,11,3,1,3
2018460354762,1,9,0,18,0,1,1,0,7,0,1,1,6,2,36,7,1598,1,15,3,2,3
2018460354762,2,9,0,18,9,2,0,11,1,0,1,1,6,2,39,7,898,1,-1,10,1,10
2018460354796,1,9,0,18,0,4,0,10,7,10,4,1,5,3,-1,-1,1900,2,13,-1,-1,-1
2018460354796,2,9,0,18,0,4,0,0,0,0,1,1,5,1,37,7,1896,2,14,4,1,4
2018460354801,1,9,0,5,0,4,0,0,0,0,3,1,5,1,31,6,1796,1,12,1,1,1
2018460354801,2,9,0,5,0,4,5,0,0,0,4,1,1,1,45,7,-1,-1,-1,1,1,1
2018460354811,1,9,0,18,0,1,5,0,0,0,0,1,5,2,39,7,1388,1,8,3,1,3
2018460354813,1,9,0,13,0,1,1,0,0,0,1,1,6,2,83,11,998,1,3,6,1,6
2018460354813,2,9,0,2,0,1,0,0,0,0,2,1,6,2,-1,-1,1399,2,8,8,1,8
2018460354813,3,9,0,18,0,1,0,0,0,0,1,1,2,1,49,8,1749,1,14,7,1,7
2018460354824,1,9,0,3,0,6,0,0,0,0,1,1,5,2,28,6,1560,2,6,10,1,10
2018460354824,2,9,0,18,0,8,1,0,0,0,1,1,5,1,19,4,1595,1,28,9,1,9
2018460354835,1,9,0,18,0,6,0,0,0,0,3,1,5,2,35,6,2199,2,8,1,1,1
2018460354835,2,21,1,18,0,1,0,0,0,0,1,1,1,1,58,9,12902,2,-1,3,1,3
2018460354837,1,9,0,4,0,0,0,0,0,0,1,1,5,1,31,6,1596,1,10,9,1,9
2018460354837,2,9,0,4,0,0,0,0,0,0,2,1,5,1,27,6,-1,-1,-1,6,1,6
2018460354837,3,9,0,4,0,0,0,0,0,0,2,1,5,1,51,8,2998,1,1,10,1,10
2018460354857,1,9,0,16,0,0,1,0,0,0,1,1,5,2,26,6,1199,1,19,7,1,7
2018460354857,2,9,0,17,0,0,0,0,0,0,4,1,5,1,57,9,-1,-1,-1,4,1,4
2018460354870,1,9,0,11,0,0,0,0,0,0,1,1,6,2,22,5,1984,1,6,7,3,7
2018460354870,2,9,0,3,0,0,0,0,0,0,2,1,6,2,46,8,1388,1,13,3,1,3
2018460354872,1,19,0,18,0,0,0,0,0,0,3,1,1,1,26,6,1995,2,1,4,2,4
2018460354872,2,9,0,18,0,0,0,0,0,0,4,1,6,3,-1,-1,-1,-1,-1,-1,-1,-1