Accident_Index,Vehicle_Reference,Vehicle_Type,Towing_and_Articulation,Vehicle_Manoeuvre,Vehicle_Location-Restricted_Lane,Junction_Location,Skidding_and_Overturning,Hit_Object_in_Carriageway,Vehicle_Leaving_Carriageway,Hit_Object_off_Carriageway,1st_Point_of_Impact,Was_Vehicle_Left_Hand_Drive?,Journey_Purpose_of_Driver,Sex_of_Driver,Age_of_Driver,Age_Band_of_Driver,Engine_Capacity_(CC),Propulsion_Code,Age_of_Vehicle,Driver_IMD_Decile,Driver_Home_Area_Type,Vehicle_IMD_Decile
2018471800049,2,9,0,18,0,0,1,0,5,6,3,1,2,2,54,8,1587,1,13,10,2,10
2018471800050,1,19,0,18,0,2,0,0,0,0,1,1,1,1,41,7,1995,2,1,9,1,9
2018471800050,2,9,0,4,0,2,0,0,0,0,2,1,2,1,41,7,1329,1,5,9,1,9
2018471800051,1,19,0,1,0,2,0,0,0,0,2,1,6,1,30,6,1560,2,4,9,2,9
2018471800051,2,1,0,3,0,2,0,0,0,0,1,1,6,2,46,8,-1,-1,-1,10,2,10
2018471800053,1,9,0,18,0,8,0,0,1,2,1,1,2,1,57,9,2435,1,16,2,1,2
2018471800055,1,9,0,18,0,1,0,0,0,0,1,1,6,1,33,6,1968,2,6,4,1,4
2018471800055,2,9,0,3,0,1,0,0,0,0,2,1,2,2,54,8,1108,1,13,6,1,6
2018471800057,1,9,0,8,0,1,0,0,0,0,4,1,6,1,19,4,998,1,15,8,1,8
2018471800057,2,1,0,8,0,1,0,0,0,0,3,1,6,1,42,7,-1,-1,-1,2,-1,2
2018471800059,1,9,0,10,0,1,0,0,0,0,1,1,1,2,27,6,1299,1,11,4,1,4
2018471800059,2,2,0,18,0,8,1,0,0,0,3,1,1,1,61,9,49,1,13,7,1,7
2018471800060,1,9,0,17,0,0,0,0,0,0,1,1,6,1,36,7,2996,1,13,3,1,3
2018471800060,2,19,0,16,0,0,0,0,0,0,1,1,6,1,55,8,1968,2,2,6,3,6
2018471800060,3,9,0,17,0,0,0,0,0,0,0,1,1,1,39,7,2993,2,2,9,2,9
2018471800061,1,9,0,18,0,0,0,0,0,0,1,1,1,1,28,6,1149,1,9,6,3,6
2018471800061,2,19,0,18,0,0,0,0,0,0,2,1,1,1,38,7,2198,2,11,2,1,2
2018471800062,1,9,0,18,0,0,0,11,0,4,1,1,6,1,66,10,1995,2,10,6,1,6
2018471800062,2,9,0,18,0,0,0,0,0,0,1,1,6,2,39,7,-1,-1,-1,10,1,10
2018471800062,3,9,0,18,0,0,0,0,0,0,0,1,6,1,-1,-1,-1,-1,-1,-1,-1,-1
2018471800063,1,9,0,18,0,8,0,11,0,0,1,1,6,1,88,11,1390,1,17,7,2,7
2018471800064,1,9,0,9,0,4,0,0,0,0,1,1,6,2,26,6,1991,1,1,6,1,6
2018471800064,2,9,0,3,0,3,0,0,0,0,2,1,1,2,36,7,1398,1,1,5,1,5
2018471800067,1,19,0,18,0,4,0,0,0,0,1,1,2,1,27,6,1753,2,12,4,1,4
2018471800067,2,9,0,5,0,4,0,0,0,0,2,1,2,2,21,5,1200,1,2,10,1,10
2018471800068,1,9,0,6,0,8,0,0,0,0,3,1,6,2,46,8,1995,2,10,7,1,7
2018471800068,2,9,0,18,0,8,0,0,0,0,2,1,6,1,34,6,-1,-1,-1,-1,-1,-1
2018471800069,1,19,0,6,0,0,0,0,0,0,3,1,1,1,50,8,2198,2,8,2,1,2
2018471800069,2,3,0,18,0,0,0,0,0,0,1,1,6,1,28,6,124,1,7,3,1,3
2018471800070,1,9,0,4,0,6,1,10,3,0,4,1,6,1,52,8,1998,8,2,9,1,9
2018471800070,2,9,0,18,0,8,0,0,0,0,1,1,6,2,32,6,-1,-1,-1,6,3,6
2018471800071,1,9,0,10,0,6,0,0,1,5,3,1,6,2,54,8,2148,2,12,5,3,5
2018471800071,2,9,0,18,0,1,0,0,7,0,1,1,6,1,56,9,-1,-1,-1,7,1,7
2018471800072,1,9,0,18,0,0,0,0,0,0,1,1,1,1,33,6,1598,1,13,6,1,6
2018471800072,2,9,0,2,0,0,0,0,0,0,2,1,6,3,-1,-1,1598,1,7,-1,-1,-1
2018471800079,1,9,0,18,0,3,0,0,0,0,4,1,6,2,31,6,1596,1,6,4,1,4
2018471800091,1,9,0,18,0,0,0,0,0,0,1,1,6,1,35,6,-1,-1,-1,4,1,4
2018471800091,2,9,0,2,0,0,0,0,0,0,0,1,6,1,35,6,1797,8,4,9,1,9
2018471800093,1,9,0,18,0,1,0,0,0,0,1,1,6,1,29,6,1995,2,4,10,1,10
2018471800093,2,9,0,5,0,4,0,0,0,0,2,1,6,1,45,7,1997,2,4,10,1,10
2018471800096,1,5,0,18,0,1,0,0,0,0,1,1,6,2,60,9,-1,-1,-1,10,1,10
2018471800096,2,9,0,10,0,1,0,0,0,0,2,1,6,2,35,6,1596,1,6,6,3,6
2018471800100,1,1,0,4,0,8,0,0,0,0,1,1,6,1,14,3,-1,-1,-1,9,1,9
2018471800100,2,9,0,18,0,8,0,0,0,0,4,1,6,2,44,7,2295,1,14,10,1,10
2018471800102,1,9,0,9,0,8,0,0,0,0,4,1,2,1,41,7,-1,-1,-1,4,1,4
2018471800102,2,9,0,18,0,4,0,0,1,11,3,1,6,1,57,9,1968,2,11,9,1,9
2018471800103,1,9,0,18,0,2,0,0,0,0,1,1,6,1,40,7,2926,2,15,4,1,4
2018471800103,2,9,0,3,0,2,0,0,0,0,2,1,6,1,53,8,1598,1,7,4,1,4
2018471800107,1,9,0,18,0,1,0,0,0,0,4,1,6,2,81,11,796,1,18,2,1,2
2018471800107,2,9,0,2,0,1,0,0,0,0,4,1,6,3,-1,-1,998,1,14,-1,-1,-1
2018471800108,1,9,0,9,0,8,0,0,0,0,1,1,6,1,17,4,-1,-1,-1,5,3,5
2018471800108,2,9,0,18,0,8,0,0,0,0,1,1,6,1,29,6,1995,2,14,5,1,5
2018471800109,1,9,0,4,0,1,0,0,1,2,1,1,6,1,70,10,-1,-1,-1,3,1,3
2018471800111,1,1,0,18,0,0,0,0,0,10,1,1,6,1,53,8,-1,-1,-1,9,3,9
2018471800112,1,9,0,9,0,1,0,0,0,0,1,1,2,1,30,6,1968,2,2,6,1,6
2018471800112,2,9,0,18,0,8,0,0,0,0,1,1,6,1,55,8,1598,2,8,8,1,8
2018471800116,1,19,0,18,0,0,0,0,0,0,1,1,1,1,41,7,1997,2,1,3,1,3
2018471800116,2,11,0,5,0,0,0,0,0,0,2,1,1,1,32,6,3900,2,12,3,1,3
2018471800117,1,1,0,7,0,0,0,0,0,0,1,1,4,1,16,4,-1,-1,-1,7,1,7
2018471800117,2,9,0,18,0,0,0,0,0,0,1,1,6,2,30,6,1995,2,3,9,1,9
2018471800119,1,9,0,18,0,1,0,0,0,0,1,1,6,1,26,6,1198,1,7,3,1,3
2018471800119,2,9,0,3,0,1,0,0,0,0,2,1,6,2,22,5,1242,1,6,3,1,3
2018471800120,1,9,0,5,0,8,0,0,0,0,1,1,6,2,51,8,1200,1,1,5,1,5
2018471800120,2,1,0,3,0,8,0,0,0,0,2,1,6,1,23,5,-1,-1,-1,1,1,1
2018471800121,1,9,0,17,0,0,2,10,7,4,1,1,6,1,21,5,998,1,13,8,3,8
2018471800122,1,19,0,9,0,6,0,0,0,0,3,1,1,1,62,9,1560,2,1,9,1,9
2018471800122,2,5,0,18,0,8,0,0,0,0,1,1,6,1,49,8,1215,1,1,6,1,6
2018471800123,1,9,0,16,0,1,0,0,0,0,3,1,6,1,57,9,1388,1,14,3,1,3
2018471800123,2,9,0,7,0,1,0,0,0,0,3,1,6,2,29,6,1242,1,4,9,1,9
2018471800125,1,19,0,5,0,8,0,0,0,0,3,1,6,1,22,5,2198,2,3,8,3,8
2018471800125,2,9,0,18,0,1,0,0,0,0,1,1,6,2,65,9,1398,1,14,8,1,8
2018471800127,1,9,0,18,0,0,1,0,7,4,1,1,6,1,32,6,1997,1,17,9,2,9
2018471800128,1,9,0,18,0,0,1,0,1,2,4,1,6,1,29,6,2979,1,3,6,1,6
2018471800129,1,9,0,11,0,0,0,0,0,0,1,1,2,2,42,7,1198,1,1,3,1,3
2018471800129,2,9,0,16,0,0,0,0,0,0,2,1,2,1,42,7,1560,2,4,8,1,8
2018471800129,3,9,0,16,0,0,0,0,0,0,2,1,2,2,46,8,-1,-1,-1,10,1,10
2018471800130,1,9,0,18,0,0,0,0,5,6,1,1,1,1,27,6,1560,2,9,9,2,9
2018471800130,2,9,0,18,0,0,0,0,0,0,3,1,2,1,47,8,1995,1,9,6,3,6
2018471800130,3,19,0,18,0,0,0,0,0,0,3,1,1,1,35,6,1995,2,1,2,1,2
2018471800131,1,9,0,18,0,0,0,0,0,0,1,1,2,1,68,10,1329,1,3,7,1,7
2018471800132,1,19,0,18,0,1,1,0,0,0,1,1,6,1,-1,-1,2402,2,16,6,1,6
2018471800132,2,9,0,4,0,1,0,0,0,0,2,1,6,2,51,8,1999,2,-1,7,3,7
2018471800132,3,9,0,9,0,5,0,0,0,0,0,1,6,3,-1,-1,-1,-1,-1,-1,-1,-1
2018471800134,1,9,0,7,0,6,0,0,0,0,4,1,6,3,-1,-1,-1,-1,-1,-1,-1,-1
2018471800134,2,1,0,18,0,8,0,0,0,0,1,1,6,1,18,4,-1,-1,-1,2,-1,2
2018471800135,1,9,0,18,0,1,0,0,0,0,1,1,6,3,-1,-1,2143,2,1,-1,-1,-1
2018471800135,2,9,0,3,0,1,0,0,0,0,2,1,6,2,46,8,1242,1,6,8,1,8
2018471800140,1,1,0,18,0,0,0,4,0,0,1,1,6,1,77,11,-1,-1,-1,10,1,10
2018471800140,2,19,0,2,0,0,0,0,0,0,2,1,6,3,-1,-1,1996,2,4,-1,-1,-1
2018471800143,1,9,0,18,0,1,0,0,0,0,3,1,2,1,29,6,1124,1,15,8,1,8
2018471800144,1,9,0,18,0,8,0,0,0,0,1,1,6,2,28,6,1229,1,5,3,1,3
2018471800144,2,9,0,9,0,8,1,0,0,0,1,1,2,1,53,8,1397,1,11,2,1,2
2018471800145,1,9,0,1,0,6,0,0,0,0,2,1,3,2,34,6,2401,2,15,5,1,5
2018471800145,2,9,0,18,0,1,0,0,0,0,1,1,2,2,21,5,998,1,15,5,1,5
2018471800147,1,9,0,4,0,1,0,0,0,0,0,1,6,1,48,8,2497,2,21,1,1,1
2018471800147,2,9,0,4,0,1,0,0,0,0,1,1,6,2,58,9,998,1,5,1,1,1
2018471800148,1,9,0,17,0,0,1,0,7,11,4,1,6,1,31,6,1598,1,14,5,3,5
2018471800148,2,9,0,16,0,0,0,0,0,0,1,1,2,1,36,7,1248,2,7,5,3,5
2018471800149,1,9,0,12,2,1,0,0,0,0,0,1,1,2,29,6,1997,2,1,2,1,2
2018471800149,2,1,0,7,2,1,0,0,1,0,4,1,6,2,57,9,-1,-1,-1,3,1,3
2018471800151,1,9,0,18,0,8,0,0,0,0,3,1,6,1,44,7,1896,2,13,3,1,3
2018471800152,1,1,0,18,0,1,0,0,0,0,1,1,6,3,30,6,-1,-1,-1,-1,-1,-1
2018471800155,1,9,0,18,0,0,5,0,1,1,1,1,2,2,37,7,1149,1,9,8,1,8
2018471800156,1,19,0,18,0,0,0,0,0,0,0,1,1,1,23,5,1995,2,7,9,1,9
2018471800157,1,9,0,18,0,0,1,0,1,4,1,1,6,2,19,4,-1,-1,-1,8,3,8
2018471800160,1,9,0,14,0,8,0,0,0,0,1,1,6,2,62,9,1390,1,15,9,2,9
2018471800160,2,20,0,4,0,1,0,0,0,0,0,2,6,3,-1,-1,-1,-1,-1,-1,-1,-1
2018471800163,1,9,0,5,0,6,0,0,0,0,1,1,6,1,20,4,1600,1,14,3,1,3
2018471800163,2,9,0,18,0,2,0,0,1,5,1,1,6,2,46,8,1968,2,10,8,2,8
2018471800166,1,9,0,14,0,1,0,0,0,0,4,1,2,2,27,6,-1,-1,-1,2,1,2
2018471800166,2,9,0,9,0,6,0,0,0,0,1,1,2,1,33,6,1896,2,14,6,1,6
2018471800166,3,90,0,4,0,1,0,0,0,0,0,1,1,2,52,8,2198,2,5,7,1,7
2018471800169,1,9,0,9,0,1,0,0,0,0,1,1,6,2,22,5,998,1,10,4,1,4
2018471800169,2,9,0,18,0,1,0,0,0,0,1,1,6,1,33,6,1229,1,9,6,3,6
2018471800169,3,9,0,10,0,1,0,0,0,0,1,1,6,1,33,6,1242,1,1,6,2,6
2018471800170,1,3,0,7,0,5,0,0,0,0,4,1,6,2,56,9,124,1,1,9,3,9
2018471800171,1,9,0,18,0,8,0,0,0,0,1,1,2,1,45,7,1796,1,7,4,1,4
2018471800171,2,9,0,18,0,8,1,10,0,0,3,1,1,2,51,8,1968,2,3,6,3,6
2018471800172,1,9,0,18,0,0,0,0,0,0,4,1,6,2,58,9,1587,1,16,2,1,2
2018471800173,1,9,0,18,0,1,0,0,0,0,1,1,6,2,80,11,1587,1,14,10,1,10
2018471800173,2,9,0,10,0,1,0,0,0,0,1,1,6,1,47,8,1956,2,7,7,1,7
2018471800174,1,19,0,4,0,0,0,0,0,0,1,1,1,1,51,8,2143,2,3,7,1,7
2018471800174,2,9,0,3,0,0,0,0,0,0,2,1,2,1,39,7,1598,1,13,5,1,5
2018471800174,3,9,0,3,0,0,0,0,0,0,2,1,1,2,42,7,1149,1,15,3,1,3
2018471800175,1,9,0,17,0,0,5,0,1,11,1,1,6,1,27,6,-1,-1,-1,5,2,5
2018471800176,1,9,0,5,0,4,0,0,0,0,1,1,2,2,24,5,1242,1,3,9,2,9
2018471800176,2,5,0,5,0,4,0,0,0,0,2,1,6,1,52,8,1298,1,2,7,1,7
2018471800177,1,9,0,9,0,6,0,0,0,0,3,1,6,1,39,7,-1,-1,-1,9,1,9
2018471800177,2,9,0,18,0,8,0,0,7,9,1,1,6,2,21,5,1198,1,5,7,1,7
2018471800178,1,9,0,18,0,0,1,0,1,2,1,1,2,2,24,5,1149,1,10,8,1,8
2018471800178,2,9,0,18,0,0,0,11,4,0,1,1,6,1,50,8,1461,2,12,2,1,2
2018471800178,3,9,0,18,0,0,0,11,0,0,1,1,1,1,47,8,-1,-1,-1,5,1,5
2018471800178,4,9,0,18,0,0,0,11,0,0,1,1,6,1,23,5,1596,1,11,7,2,7
2018471800182,1,19,0,9,0,8,0,0,0,0,1,1,1,1,24,5,2198,2,3,4,1,4
2018471800182,2,9,0,18,0,1,0,0,0,0,4,1,6,2,34,6,1997,2,1,3,1,3
2018471800182,3,9,0,7,0,2,0,0,0,0,0,1,6,1,-1,-1,-1,-1,-1,-1,-1,-1
2018471800185,1,9,0,7,0,8,0,0,0,0,1,1,6,1,50,8,3700,1,16,4,1,4
2018471800186,1,9,0,18,0,6,0,0,0,0,1,1,6,1,99,11,1229,1,6,-1,-1,-1
2018471800186,2,9,0,18,0,8,0,0,0,0,3,1,6,2,36,7,1910,2,12,1,1,1
2018471800187,1,9,0,5,0,8,0,0,0,0,1,1,6,1,71,10,996,1,4,8,3,8
2018471800187,2,9,0,18,0,8,0,0,0,0,3,1,6,1,67,10,1200,1,4,3,1,3
2018471800188,1,9,0,4,0,1,0,0,0,0,1,1,6,2,35,6,1396,1,9,7,1,7
2018471800188,2,9,0,3,0,1,0,0,0,0,2,1,6,1,38,7,998,1,4,7,1,7
2018471800189,1,19,0,18,0,1,0,0,0,0,1,1,1,1,59,9,2299,2,3,7,1,7
2018471800189,2,9,0,3,0,1,0,0,0,0,2,1,6,1,33,6,998,1,14,10,1,10
2018471800189,3,9,0,10,0,1,0,0,0,0,2,1,6,1,27,6,1598,1,15,3,1,3
2018471800190,1,9,0,10,0,5,0,0,0,0,1,1,6,1,56,9,2179,2,6,5,1,5
2018471800190,2,3,0,15,0,1,0,0,0,0,1,1,6,1,40,7,124,1,1,3,1,3
2018471800192,1,9,0,14,0,0,0,0,0,0,1,1,2,1,31,6,1399,2,16,1,1,1
2018471800192,2,11,0,2,0,0,0,0,0,0,0,1,1,1,40,7,-1,-1,-1,-1,-1,-1
2018471800192,3,1,0,14,0,0,0,0,0,0,0,1,6,1,40,7,-1,-1,-1,-1,-1,-1
2018471800193,1,1,0,9,9,6,0,0,0,0,1,1,6,2,43,7,-1,-1,-1,1,1,1
2018471800193,2,3,0,4,0,1,0,0,0,0,1,1,6,1,30,6,124,1,16,5,1,5
2018471800194,1,9,0,17,0,8,1,0,1,4,4,1,6,2,18,4,-1,-1,-1,2,1,2
2018471800194,2,9,0,16,0,8,0,0,0,0,0,1,6,3,40,7,-1,-1,-1,-1,-1,-1
2018471800196,1,9,0,18,0,0,0,0,7,10,4,1,6,1,33,6,1995,2,6,5,2,5
2018471800197,1,9,0,18,0,2,0,0,0,0,1,1,6,1,31,6,999,1,1,6,1,6
2018471800198,1,9,0,18,0,0,0,0,0,0,1,1,6,1,48,8,2967,2,1,4,1,4
2018471800199,1,9,0,18,0,8,0,0,0,0,1,1,6,3,-1,-1,-1,-1,-1,-1,-1,-1
2018471800199,2,9,0,18,0,3,0,0,0,0,4,1,6,2,34,6,1970,1,13,5,2,5
2018471800202,1,9,0,18,0,0,0,4,0,0,1,1,6,1,49,8,1995,2,4,6,3,6
2018471800202,2,9,5,2,0,0,0,0,0,11,2,1,6,3,-1,-1,2688,2,17,-1,-1,-1
2018471800203,1,9,0,18,0,0,0,0,0,0,1,1,3,2,54,8,1896,2,14,9,2,9
2018471800207,1,9,0,9,0,6,0,0,0,0,1,1,6,1,25,5,1796,1,8,7,1,7
2018471800207,2,9,0,18,0,2,0,0,0,0,3,1,6,2,29,6,-1,-1,-1,2,1,2
2018471800207,3,9,0,18,0,1,0,0,0,0,2,1,6,1,38,7,1396,1,17,1,1,1
2018471800208,1,9,0,9,0,6,0,0,0,0,2,1,6,2,25,5,1596,1,12,7,1,7
2018471800208,2,9,0,18,0,8,1,0,0,0,1,1,6,1,26,6,1388,1,16,9,2,9
2018471800211,1,9,0,18,0,0,0,0,0,0,0,1,6,3,-1,-1,-1,-1,-1,-1,-1,-1
2018471800211,2,3,0,14,0,0,0,4,0,0,1,1,6,1,32,6,125,1,3,4,1,4
2018471800211,3,8,0,2,0,0,0,0,0,0,2,1,1,1,41,7,1997,2,3,7,1,7
2018471800213,1,9,0,9,0,6,0,0,0,0,1,1,6,1,30,6,1999,1,5,3,1,3
2018471800213,2,9,0,18,0,8,0,0,0,0,1,1,6,1,55,8,-1,-1,-1,6,1,6
2018471800214,1,8,0,5,0,8,0,0,0,0,3,1,1,2,48,8,1796,1,8,8,1,8
2018471800217,1,9,0,18,0,8,0,0,0,0,1,1,6,1,31,6,1968,2,4,8,1,8
2018471800217,2,3,0,18,0,8,0,0,0,0,1,1,6,1,22,5,124,1,11,5,1,5
2018471800218,1,9,0,5,0,6,1,0,0,0,1,1,6,2,26,6,998,1,3,4,1,4
2018471800218,2,5,0,18,0,1,1,0,0,0,1,1,6,1,46,8,1170,1,2,4,1,4
2018471800219,1,9,0,18,0,0,5,0,2,10,4,1,6,1,19,4,1896,2,12,7,1,7
2018471800220,1,21,0,9,0,8,0,0,0,0,4,1,1,1,48,8,12900,2,11,7,2,7
2018471800220,2,2,0,5,0,1,0,0,0,0,3,1,6,1,42,7,49,1,5,3,1,3
2018471800224,1,19,0,18,0,4,0,0,0,0,1,1,6,1,60,9,2400,2,8,4,1,4
2018471800224,2,5,0,18,0,8,0,0,0,0,3,1,6,1,65,9,1199,1,18,5,3,5
2018471800226,1,9,0,18,0,0,0,0,0,0,4,1,6,3,30,6,-1,-1,-1,-1,-1,-1
2018471800226,2,9,0,2,0,0,0,0,0,0,3,1,6,3,-1,-1,2496,1,16,-1,-1,-1
2018471800228,1,9,0,18,0,8,0,0,0,0,1,1,6,2,37,7,1596,1,12,6,1,6
2018471800229,1,8,0,18,0,3,0,0,0,0,1,1,6,3,-1,-1,-1,-1,-1,-1,-1,-1
2018471800229,2,9,0,18,0,4,0,0,1,0,1,1,6,2,87,11,1497,1,14,6,3,6
2018471800231,1,9,0,7,0,6,0,0,0,0,1,1,6,1,75,10,1968,2,12,4,1,4
2018471800231,2,9,0,18,0,8,1,0,0,0,4,1,6,2,36,7,-1,-1,-1,4,1,4
2018471800236,1,9,0,11,0,0,0,0,0,0,4,1,6,2,46,8,2191,2,1,4,2,4
2018471800236,2,4,0,18,0,0,0,10,0,0,3,1,6,1,21,5,124,1,2,5,-1,5
2018471800242,1,9,0,16,0,0,0,0,7,11,1,1,6,1,30,6,1591,1,1,1,1,1
2018471800242,2,9,0,2,0,0,0,0,0,0,2,1,6,3,-1,-1,1598,1,13,-1,-1,-1
2018471800243,1,9,0,7,0,4,0,0,0,0,1,2,1,1,55,8,1910,2,8,3,1,3
2018471800243,2,1,0,18,0,6,0,0,0,0,4,1,6,1,34,6,-1,-1,-1,3,1,3
2018471800245,1,9,0,18,0,1,0,0,0,0,1,1,6,2,29,6,1598,1,8,6,1,6
2018471800248,1,8,0,9,0,6,0,0,0,0,4,1,1,1,60,9,1997,2,5,4,1,4
2018471800251,1,9,0,17,0,0,0,0,0,0,1,1,6,1,59,9,2490,2,22,7,3,7
2018471800251,2,9,0,17,0,0,0,0,0,0,2,1,2,1,28,6,1968,2,4,8,1,8
2018471800252,1,9,0,18,0,1,0,0,0,0,1,1,6,2,48,8,2993,2,7,8,1,8
2018471800253,1,9,0,9,0,6,0,0,0,0,1,1,6,2,45,7,1598,1,18,3,1,3
2018471800254,1,9,0,2,0,0,0,0,0,0,3,1,6,1,51,8,1910,2,10,7,1,7
2018471800254,2,1,0,18,0,0,0,4,0,0,1,1,6,2,72,10,-1,-1,-1,8,1,8
2018471800258,1,21,1,18,0,0,0,0,0,0,1,1,6,3,-1,-1,-1,-1,-1,-1,-1,-1
2018471800258,2,1,0,18,0,0,0,0,0,0,2,1,6,2,27,6,-1,-1,-1,5,2,5
2018471800259,1,9,0,18,0,0,0,0,0,0,1,1,6,1,49,8,2993,2,2,6,3,6
2018471800259,2,9,0,18,0,0,0,0,0,0,2,1,6,2,83,11,1398,1,3,6,2,6
2018471800259,3,19,0,18,0,0,0,0,0,0,2,1,1,1,28,6,1248,2,2,6,3,6
2018471800259,4,9,0,18,0,0,0,0,0,0,2,1,6,2,33,6,1598,1,15,6,1,6
2018471800262,1,9,0,18,0,2,0,0,0,0,1,1,6,2,48,8,1390,1,17,8,2,8
2018471800262,2,9,0,4,0,2,0,0,0,0,2,1,1,1,43,7,1364,1,12,5,1,5
2018471800264,1,9,0,4,0,0,0,0,0,0,1,1,6,1,19,4,1798,8,1,9,1,9
2018471800264,2,9,0,3,0,0,0,0,0,0,2,1,6,1,24,5,1984,1,10,9,1,9
2018471800264,3,9,0,3,0,0,0,0,0,0,2,1,6,1,19,4,1197,1,3,8,1,8
2018471800266,1,9,0,18,0,2,0,0,0,0,1,1,6,1,30,6,1968,2,7,8,1,8
2018471800266,2,9,0,4,0,2,0,0,0,0,2,1,6,2,26,6,1386,1,5,4,1,4
2018471800268,1,9,0,18,0,0,0,0,0,0,1,1,6,2,48,8,-1,-1,-1,3,1,3
2018471800268,2,9,0,2,0,0,0,0,0,0,2,1,6,3,-1,-1,1364,1,12,-1,-1,-1
2018471800268,3,9,0,2,0,0,0,0,0,0,2,1,6,3,-1,-1,1598,1,16,-1,-1,-1
2018471800268,4,9,0,2,0,0,0,0,0,0,2,1,6,3,-1,-1,2494,1,15,-1,-1,-1
2018471800269,1,9,0,18,0,0,0,0,0,0,1,1,6,1,31,6,1995,2,7,3,1,3
2018471800269,2,9,0,18,0,0,0,0,0,0,2,1,2,1,42,7,1560,2,9,7,1,7
2018471800270,1,9,0,18,0,0,0,0,0,0,1,1,6,1,66,10,1895,1,17,8,1,8
2018471800272,1,9,0,9,0,5,0,0,0,0,1,1,2,2,71,10,1395,1,3,5,1,5
2018471800274,1,1,0,5,0,0,0,0,0,0,1,1,6,1,30,6,-1,-1,-1,4,1,4
2018471800274,2,9,0,18,0,0,0,0,0,0,4,1,1,2,41,7,1198,1,6,4,1,4
2018471800274,3,19,0,2,0,0,0,0,0,0,0,1,6,3,-1,-1,-1,-1,-1,-1,-1,-1
2018471800277,1,9,0,18,0,6,0,0,0,0,1,1,6,1,63,9,1685,2,4,10,1,10
2018471800277,2,21,0,18,0,8,0,0,0,0,1,1,1,1,32,6,-1,-1,-1,6,3,6
2018471800278,1,9,0,9,0,6,0,0,0,0,1,1,6,2,63,9,1388,1,12,5,3,5
2018471800278,2,9,0,9,0,5,0,0,0,0,3,1,6,2,37,7,998,1,3,9,1,9
2018471800279,1,19,0,18,0,1,0,0,0,0,1,1,1,1,27,6,1870,2,13,7,1,7
2018471800279,2,9,0,4,0,1,0,0,1,0,2,1,6,2,69,10,1198,1,10,4,1,4
2018471800283,1,9,0,15,0,1,0,0,0,0,0,1,6,3,30,6,-1,-1,-1,-1,-1,-1
2018471800283,2,9,0,15,0,1,1,0,1,11,3,1,6,1,35,6,1984,1,10,9,1,9
2018471800287,1,9,0,1,0,1,0,0,0,0,2,1,6,2,41,7,1598,1,17,4,1,4
2018471800287,2,9,0,3,0,1,0,0,0,0,1,1,6,2,29,6,1968,2,9,6,1,6
2018471800290,1,20,5,7,0,6,0,0,0,0,3,1,2,1,29,6,2402,2,11,7,1,7
2018471800290,2,9,0,17,0,1,0,0,0,0,1,1,1,1,63,9,1900,2,12,9,1,9
2018471800291,1,9,0,9,0,1,0,0,0,0,3,1,6,2,57,9,1598,1,7,4,1,4
2018471800291,2,1,0,18,0,1,0,0,0,0,1,1,6,1,33,6,-1,-1,-1,2,1,2
2018471800296,1,9,0,5,0,8,0,0,0,0,4,1,6,1,20,4,1198,1,8,-1,-1,-1
2018471800296,2,1,0,16,0,8,0,0,0,0,1,1,6,1,24,5,-1,-1,-1,10,1,10
2018471800298,1,9,0,9,0,6,0,0,0,0,1,1,6,2,43,7,-1,-1,-1,3,1,3
2018471800298,2,1,0,18,0,8,0,0,0,0,4,1,6,1,26,6,-1,-1,-1,6,1,6
2018471800300,1,9,0,18,0,1,0,0,0,0,4,1,6,3,30,6,-1,-1,-1,-1,-1,-1
2018471800302,1,19,0,18,0,0,0,0,0,0,1,1,1,1,29,6,1499,2,1,4,1,4
2018471800302,2,9,0,18,0,0,0,0,0,0,2,1,6,1,39,7,1995,2,4,7,1,7
2018471800302,3,19,0,18,0,0,0,0,0,0,2,1,6,1,53,8,1753,2,10,6,3,6
2018471800303,1,9,0,5,8,6,0,0,0,0,2,1,6,1,27,6,1796,1,11,5,1,5
2018471800303,2,9,0,18,0,1,1,0,0,0,1,1,6,2,47,8,998,1,18,6,1,6
2018471800305,1,9,0,18,0,0,0,0,0,0,1,1,2,1,21,5,1995,2,1,2,1,2
2018471800305,2,9,0,18,0,0,0,0,0,0,2,1,6,1,55,8,1242,1,12,8,1,8
2018471800305,3,9,0,18,0,0,0,0,0,0,2,1,6,2,35,6,998,1,7,5,1,5
2018471800306,1,9,0,9,0,6,0,0,0,0,1,1,3,1,38,7,1598,1,4,3,1,3
2018471800306,2,9,0,18,0,1,0,0,0,0,4,1,3,2,31,6,1896,2,11,6,1,6
2018471800306,3,9,0,4,0,1,0,0,0,0,0,1,6,1,-1,-1,-1,-1,-1,-1,-1,-1
2018471800308,1,9,0,7,0,1,0,0,0,0,4,1,6,2,65,9,2429,1,12,9,1,9
2018471800308,2,1,0,18,4,1,0,0,0,0,1,1,6,1,31,6,-1,-1,-1,3,1,3
2018471800309,1,9,0,9,0,4,0,0,0,0,1,1,6,2,86,11,-1,-1,-1,5,1,5
2018471800309,2,1,0,18,0,8,0,0,0,0,1,1,6,1,45,7,-1,-1,-1,6,1,6