Accident_Index,Vehicle_Reference,Vehicle_Type,Towing_and_Articulation,Vehicle_Manoeuvre,Vehicle_Location-Restricted_Lane,Junction_Location,Skidding_and_Overturning,Hit_Object_in_Carriageway,Vehicle_Leaving_Carriageway,Hit_Object_off_Carriageway,1st_Point_of_Impact,Was_Vehicle_Left_Hand_Drive?,Journey_Purpose_of_Driver,Sex_of_Driver,Age_of_Driver,Age_Band_of_Driver,Engine_Capacity_(CC),Propulsion_Code,Age_of_Vehicle,Driver_IMD_Decile,Driver_Home_Area_Type,Vehicle_IMD_Decile
2018471800310,1,9,0,9,0,8,0,0,0,0,1,1,6,3,30,6,-1,-1,-1,-1,-1,-1
2018471800318,1,21,0,7,0,8,0,0,0,0,4,1,2,1,44,7,9200,2,13,6,3,6
2018471800319,1,9,0,5,0,1,0,0,0,0,1,1,6,2,63,9,1796,1,12,1,1,1
2018471800319,2,9,0,3,0,1,0,0,0,0,2,1,6,2,42,7,1796,1,14,5,1,5
2018471800325,1,9,0,17,0,8,0,0,1,11,1,1,6,2,36,7,1968,2,12,9,3,9
2018471800325,2,9,0,6,0,8,0,0,0,0,1,1,6,1,31,6,1299,1,18,6,1,6
2018471800326,1,9,0,9,0,8,0,0,0,0,1,1,1,2,42,7,2148,2,11,3,1,3
2018471800326,2,19,0,18,0,8,0,0,0,0,0,1,6,3,-1,-1,-1,-1,-1,-1,-1,-1
2018471800326,3,3,0,13,0,8,0,0,0,0,1,1,6,1,32,6,124,1,2,3,1,3
2018471800327,1,9,0,9,0,8,0,0,0,0,1,1,6,1,69,10,1896,2,10,6,1,6
2018471800327,2,3,0,18,0,8,0,0,0,0,1,1,6,1,27,6,124,1,18,6,-1,6
2018471800328,1,9,0,18,0,1,0,0,0,0,1,1,6,2,77,11,1298,1,15,4,1,4
2018471800328,2,9,0,3,0,1,0,0,0,0,2,1,6,2,34,6,998,1,1,2,1,2
2018471800329,1,9,0,18,0,0,0,0,0,0,1,1,6,1,28,6,1496,1,1,10,1,10
2018471800329,2,19,0,3,0,0,0,0,0,0,2,1,1,1,56,9,1995,2,1,9,2,9
2018471800330,1,3,0,16,0,1,1,0,0,0,3,1,4,1,16,4,-1,-1,-1,7,1,7
2018471800330,2,9,0,17,0,1,0,0,0,0,3,1,6,2,43,7,1998,1,3,6,3,6
2018471800332,1,9,0,18,0,2,0,0,0,0,1,1,6,2,69,10,1198,1,6,10,1,10
2018471800332,2,9,0,4,0,2,0,0,0,0,2,1,6,2,67,10,1461,2,11,10,1,10
2018471800333,1,19,0,18,0,1,0,0,0,0,1,1,6,1,31,6,2143,2,4,8,1,8
2018471800333,2,2,0,3,0,1,0,0,0,0,2,1,6,2,25,5,124,1,1,6,1,6
2018471800334,1,20,0,18,0,3,0,0,0,0,4,1,1,1,56,9,-1,-1,-1,7,1,7
2018471800335,1,9,0,18,0,4,0,0,0,0,1,1,6,1,69,10,1769,1,16,4,1,4
2018471800335,2,9,0,18,0,3,0,0,0,0,4,1,6,2,54,8,1796,1,14,3,1,3
2018471800337,1,9,0,18,0,8,0,0,0,0,1,1,6,2,54,8,-1,-1,-1,4,1,4
2018471800337,2,9,0,3,0,8,0,0,0,0,2,1,6,2,61,9,1149,1,11,6,1,6
2018471800340,1,9,0,17,0,0,1,0,1,4,1,1,6,1,37,7,998,1,1,8,1,8
2018471800342,1,9,0,9,0,8,0,0,0,0,4,1,6,2,73,10,1590,1,17,10,3,10
2018471800342,2,10,0,18,0,1,0,0,0,0,1,1,6,2,24,5,2402,2,16,7,-1,7
2018471800344,1,9,0,18,0,0,0,0,0,0,1,1,6,1,31,6,1997,2,11,3,1,3
2018471800344,2,9,0,18,0,0,5,0,1,0,2,1,6,2,53,8,1397,1,8,3,1,3
2018471800346,1,1,0,18,0,1,0,0,0,0,3,1,6,1,30,6,-1,-1,-1,1,1,1
2018471800346,2,9,0,7,0,8,0,0,0,0,1,1,6,1,26,6,1200,1,3,4,1,4
2018471800349,1,9,0,16,0,0,5,0,0,11,1,1,6,1,47,8,1248,2,12,10,3,10
2018471800350,1,9,0,16,0,0,2,0,7,9,1,1,6,1,18,4,2967,1,17,8,3,8
2018471800352,1,9,0,16,0,8,5,10,7,9,1,1,6,2,54,8,1995,1,8,10,1,10
2018471800354,1,9,0,18,0,0,5,0,0,0,3,1,6,1,30,6,1984,1,3,-1,-1,-1
2018471800354,2,9,0,18,0,0,0,0,0,0,3,1,6,2,44,7,1582,2,5,8,1,8
2018471800356,1,9,0,16,0,0,0,0,7,4,1,1,6,1,58,9,-1,-1,-1,7,2,7
2018471800357,1,9,0,18,0,0,0,0,0,0,1,1,6,2,82,11,-1,-1,-1,2,1,2
2018471800357,2,9,0,2,0,0,0,0,0,0,2,1,6,2,61,9,1364,1,4,6,1,6
2018471800358,1,9,0,17,0,4,0,0,0,0,4,1,6,3,30,6,-1,-1,-1,-1,-1,-1
2018471800358,2,1,0,17,0,4,0,0,0,0,3,1,6,1,50,8,-1,-1,-1,-1,-1,-1
2018471800359,1,9,0,18,0,0,0,0,0,0,1,1,1,1,35,6,-1,-1,-1,3,1,3
2018471800359,2,9,0,18,0,0,1,10,1,0,1,1,6,2,82,11,1229,1,12,4,1,4
2018471800360,1,9,0,18,0,0,0,0,1,3,1,1,6,1,51,8,2000,2,8,8,3,8
2018471800361,1,9,0,18,0,0,1,0,1,4,2,1,6,1,37,7,1598,1,15,4,2,4
2018471800362,1,9,0,18,0,0,5,0,7,4,1,1,6,2,39,7,1200,1,2,10,1,10
2018471800366,1,4,0,18,0,0,0,0,0,6,1,1,6,1,23,5,471,1,1,7,3,7
2018471800366,2,9,0,4,0,0,0,0,0,0,2,1,2,1,45,7,1968,2,8,7,1,7
2018471800367,1,9,0,4,0,1,0,0,0,0,1,1,6,2,41,7,998,1,3,8,3,8
2018471800367,2,9,0,3,0,4,0,0,0,0,2,1,6,2,36,7,1390,1,12,2,1,2
2018471800369,1,9,0,18,0,6,0,0,0,0,4,1,6,2,21,5,1299,1,11,8,1,8
2018471800369,2,9,0,18,0,8,0,0,0,0,0,1,1,2,50,8,1582,2,5,10,1,10
2018471800372,1,19,0,9,0,5,0,0,0,0,4,1,1,1,64,9,2198,2,1,9,2,9
2018471800373,1,9,0,10,0,6,0,0,0,0,1,1,6,1,24,5,1796,1,12,4,1,4
2018471800373,2,9,0,18,0,8,0,0,0,0,2,1,1,2,50,8,1598,1,5,4,1,4
2018471800373,3,9,0,10,0,8,0,0,0,0,3,1,1,1,47,8,1968,2,1,10,1,10
2018471800374,1,9,0,4,0,5,0,0,1,0,4,1,6,1,53,8,1197,1,1,3,1,3
2018471800375,1,9,0,13,0,0,0,0,0,0,1,1,1,1,22,5,-1,-1,-1,2,1,2
2018471800375,2,1,0,18,0,0,0,0,0,0,2,1,6,1,26,6,-1,-1,-1,2,1,2
2018471800376,1,9,0,9,0,6,0,0,0,0,1,1,6,2,48,8,1390,1,14,7,2,7
2018471800376,2,9,0,18,0,1,0,0,0,0,1,1,6,2,47,8,1995,2,10,6,3,6
2018471800376,3,9,0,2,0,1,0,0,0,0,2,1,6,3,-1,-1,1197,1,2,-1,-1,-1
2018471800378,1,9,0,17,0,0,0,0,0,0,1,1,2,2,28,6,2354,1,13,2,1,2
2018471800381,1,9,0,18,0,0,2,10,0,0,4,1,6,1,29,6,1398,1,5,10,1,10
2018471800382,1,9,0,9,0,8,0,0,0,0,1,1,2,1,26,6,1598,1,9,7,3,7
2018471800382,2,9,0,18,0,8,1,0,4,6,3,1,2,1,40,7,1742,1,7,10,3,10
2018471800384,1,21,0,4,0,1,0,0,0,0,1,1,1,1,45,7,11967,2,6,7,2,7
2018471800384,2,9,0,3,0,1,0,0,0,0,2,1,2,2,38,7,1582,2,3,6,1,6
2018471800385,1,9,0,4,0,0,0,0,0,0,1,1,6,3,-1,-1,-1,-1,-1,-1,-1,-1
2018471800385,2,9,0,3,0,0,0,0,0,0,2,1,6,2,62,9,1388,1,11,9,1,9
2018471800388,1,9,0,7,0,1,0,0,0,0,4,1,6,1,30,6,1840,1,17,7,1,7
2018471800388,2,1,0,18,0,1,0,0,0,0,3,1,6,1,50,8,-1,-1,-1,5,1,5
2018471800389,1,1,0,7,0,6,0,0,0,0,0,1,6,1,74,10,-1,-1,-1,7,1,7
2018471800389,2,3,0,17,0,1,1,0,0,0,1,1,6,2,18,4,124,1,1,10,2,10
2018471800389,3,90,0,17,0,1,0,0,0,0,2,1,1,1,58,9,5480,2,13,6,3,6
2018471800390,1,9,0,18,0,2,0,0,0,0,1,1,6,1,21,5,1968,2,14,4,1,4
2018471800390,2,19,0,18,0,1,0,0,0,0,0,1,1,1,21,5,2143,2,8,5,2,5
2018471800391,1,9,0,17,0,0,2,0,1,4,1,1,6,2,20,4,1242,1,10,7,1,7
2018471800392,1,9,0,16,0,0,0,0,0,0,1,1,6,1,36,7,1598,1,16,3,1,3
2018471800392,2,9,0,17,0,0,0,0,0,0,1,1,6,1,28,6,-1,-1,-1,5,1,5
2018471800398,1,9,0,18,0,0,5,0,1,4,1,1,6,1,23,5,998,1,17,6,3,6
2018471800399,1,19,0,18,0,0,0,0,0,0,1,1,6,1,35,6,1248,2,6,6,3,6
2018471800399,2,9,0,4,0,0,0,0,0,0,2,1,2,2,43,7,1997,2,1,10,1,10
2018471800402,1,9,0,18,0,8,0,0,0,0,1,1,1,1,40,7,-1,-1,-1,-1,-1,-1
2018471800402,2,1,0,18,0,8,0,0,0,0,4,1,6,1,25,5,-1,-1,-1,2,1,2
2018471800406,1,9,0,5,0,0,0,0,0,0,1,1,6,2,25,5,1240,1,8,3,1,3
2018471800406,2,9,0,3,0,0,0,0,0,0,2,1,3,2,26,6,1229,1,11,2,1,2
2018471800407,1,1,0,18,0,8,0,0,0,0,1,1,6,1,99,11,-1,-1,-1,1,1,1
2018471800407,2,9,0,7,0,6,0,0,0,0,3,1,6,1,99,11,-1,-1,-1,-1,-1,-1
2018471800408,1,9,0,5,0,4,0,0,0,0,1,1,6,1,38,7,2496,2,16,10,2,10
2018471800408,2,2,0,18,0,8,0,0,0,0,4,1,6,1,52,8,49,1,7,10,2,10
2018471800411,1,9,0,18,0,1,1,0,0,0,1,1,6,1,20,4,1896,2,15,10,1,10
2018471800411,2,9,0,9,0,2,0,0,0,0,2,1,6,1,25,5,998,1,1,10,1,10
2018471800412,1,1,0,18,0,0,0,0,0,0,1,1,2,2,51,8,-1,-1,-1,5,1,5
2018471800413,1,9,0,18,0,4,0,0,0,0,1,1,2,1,24,5,1229,1,10,2,1,2
2018471800413,2,9,0,3,0,4,0,0,0,0,2,1,2,2,36,7,1242,1,7,6,1,6
2018471800414,1,20,0,9,0,1,0,0,0,0,3,1,1,2,54,8,-1,-1,-1,3,1,3
2018471800414,2,1,0,18,4,1,0,0,0,0,3,1,6,1,19,4,-1,-1,-1,-1,-1,-1
2018471800414,3,9,0,3,0,1,0,0,0,0,0,1,6,1,-1,-1,-1,-1,-1,-1,-1,-1
2018471800415,1,9,0,16,0,0,1,0,0,0,1,1,2,2,19,4,1199,1,15,5,3,5
2018471800415,2,9,0,17,0,0,0,0,0,0,1,1,6,1,32,6,1390,1,7,6,2,6
2018471800416,1,19,0,18,0,1,0,0,0,0,1,1,2,1,56,9,1499,2,2,4,1,4
2018471800416,2,9,0,4,0,2,0,0,0,0,0,1,6,2,32,6,1390,1,5,7,1,7
2018471800417,1,9,0,9,0,8,0,0,0,0,3,1,6,2,63,9,1364,1,1,9,1,9
2018471800417,2,5,0,18,0,8,0,0,0,0,1,1,6,1,24,5,600,1,17,3,1,3
2018471800422,1,1,0,18,9,8,0,0,0,0,4,1,4,1,13,3,-1,-1,-1,10,1,10
2018471800422,2,9,0,3,0,8,0,0,0,0,4,1,2,2,49,8,1999,1,10,5,1,5
2018471800424,1,9,0,18,0,4,0,0,0,0,1,1,6,1,41,7,1461,2,3,1,1,1
2018471800424,2,2,0,18,0,3,1,0,0,0,4,1,2,1,32,6,49,1,10,1,1,1
2018471800425,1,9,0,5,0,8,0,0,0,0,3,1,6,1,18,4,999,1,3,5,1,5
2018471800425,2,19,0,18,0,1,0,0,0,0,1,1,1,1,27,6,2198,2,2,2,1,2
2018471800426,1,9,0,4,0,0,1,0,0,0,1,1,6,1,78,11,1794,1,15,6,1,6
2018471800426,2,9,0,4,0,0,0,0,0,0,2,1,6,2,56,9,1995,1,9,4,1,4
2018471800426,3,9,0,3,0,0,0,0,0,0,0,1,1,1,-1,-1,2993,2,2,6,1,6
2018471800427,1,9,0,18,0,0,0,0,0,0,1,1,6,1,76,11,1598,1,9,4,1,4
2018471800427,2,20,0,2,0,0,0,0,0,0,3,1,6,3,-1,-1,2402,2,9,-1,-1,-1
2018471800428,1,9,0,18,0,8,0,0,3,11,3,1,6,2,40,7,1596,1,7,3,1,3
2018471800428,2,9,0,18,0,1,0,0,0,0,1,1,6,2,31,6,1560,2,11,6,3,6
2018471800429,1,5,0,7,0,6,0,0,0,0,0,1,6,1,52,8,1200,1,28,10,1,10
2018471800430,1,9,0,18,0,0,0,0,0,0,1,1,6,1,75,10,1206,1,8,10,1,10
2018471800434,1,9,0,18,0,0,1,0,0,0,1,1,6,1,29,6,1596,1,16,10,1,10
2018471800434,2,9,0,3,0,0,0,0,0,0,2,1,6,1,55,8,1598,1,18,9,3,9
2018471800435,1,9,0,18,0,2,0,0,0,0,1,1,6,2,18,4,1149,1,13,10,1,10
2018471800436,1,9,0,18,0,1,1,0,0,0,1,1,2,1,37,7,1587,1,11,5,1,5
2018471800436,2,20,0,18,0,1,0,0,0,0,0,1,6,1,-1,-1,-1,-1,-1,-1,-1,-1
2018471800437,1,9,0,18,0,1,1,0,0,0,1,1,6,2,70,10,1289,1,22,4,1,4
2018471800437,2,9,0,10,0,1,0,0,0,0,2,1,2,2,49,8,1197,1,4,6,1,6
2018471800438,1,9,0,18,0,0,0,0,0,0,1,1,6,1,40,7,2993,2,8,2,1,2
2018471800438,2,9,0,18,0,0,0,0,1,10,1,1,6,1,73,10,2435,1,19,5,3,5
2018471800438,3,9,0,18,0,0,0,0,0,0,1,1,6,1,27,6,1193,1,4,9,1,9
2018471800439,1,9,0,18,0,0,0,0,1,0,4,1,6,2,36,7,1598,1,11,9,1,9
2018471800439,2,9,0,2,0,0,0,0,0,0,2,1,1,1,49,8,1796,1,16,6,2,6
2018471800440,1,9,0,18,0,1,1,0,0,0,1,1,6,1,33,6,2993,2,9,6,1,6
2018471800440,2,9,0,4,0,1,1,0,0,0,2,1,6,1,25,5,1798,8,-1,2,1,2
2018471800441,1,9,0,7,0,6,0,0,0,0,3,1,6,1,31,6,1597,1,11,6,1,6
2018471800443,1,9,0,9,0,6,0,0,0,0,3,1,6,2,72,10,999,1,1,8,1,8
2018471800443,2,9,0,18,0,8,0,0,0,0,1,1,6,2,80,11,1248,1,4,5,1,5
2018471800444,1,1,0,18,0,0,1,4,0,0,2,1,6,1,51,8,-1,-1,-1,3,1,3
2018471800444,2,9,0,2,0,0,0,0,0,0,0,1,6,3,-1,-1,1781,1,13,-1,-1,-1
2018471800445,1,9,0,18,0,0,1,0,7,9,1,1,2,1,66,10,1598,1,11,8,1,8
2018471800448,1,9,0,9,0,4,0,0,0,0,1,1,6,1,79,11,1496,1,-1,-1,-1,-1
2018471800448,2,9,0,18,0,8,0,0,1,10,3,1,6,1,70,10,1596,1,14,2,1,2
2018471800449,1,9,0,18,0,1,0,0,0,0,1,1,6,2,21,5,998,1,13,3,1,3
2018471800449,2,9,0,3,0,1,0,0,0,0,2,1,6,1,30,6,1956,2,4,4,1,4
2018471800453,1,9,0,18,0,2,0,0,0,0,4,1,6,3,-1,-1,-1,-1,-1,-1,-1,-1
2018471800453,2,1,0,18,0,2,0,0,0,0,3,1,6,1,42,7,-1,-1,-1,9,1,9
2018471800458,1,19,0,18,0,8,0,0,0,0,1,1,1,1,30,6,2198,2,3,6,1,6
2018471800458,2,9,0,18,0,8,0,0,0,0,2,1,6,2,30,6,1388,1,11,8,1,8
2018471800458,3,9,0,9,0,5,0,0,0,0,0,1,6,1,-1,-1,-1,-1,-1,-1,-1,-1
2018471800460,1,11,0,5,2,0,0,0,0,0,0,1,6,1,33,6,11967,2,10,2,1,2
2018471800464,1,9,0,17,0,0,2,0,2,10,1,1,2,1,23,5,1242,1,13,7,1,7
2018471800466,1,9,0,18,0,1,0,0,0,0,1,1,6,1,44,7,1998,1,15,7,1,7
2018471800468,1,19,0,9,0,8,0,0,7,0,3,1,6,1,30,6,2299,2,8,6,1,6
2018471800468,2,3,0,18,0,8,0,0,0,0,1,1,6,1,31,6,125,1,6,2,1,2
2018471800469,1,9,0,18,0,8,0,0,0,0,1,1,6,3,-1,-1,-1,-1,-1,-1,-1,-1
2018471800476,1,19,0,18,0,0,0,0,0,0,1,1,1,1,27,6,2198,2,3,10,1,10
2018471800476,2,9,0,18,0,0,0,0,0,0,1,1,6,1,17,4,1995,2,9,9,3,9
2018471800477,1,9,0,18,0,2,0,0,0,0,1,1,6,2,66,10,1198,1,10,4,1,4
2018471800477,2,9,0,4,0,2,0,0,0,0,2,1,6,1,27,6,-1,-1,-1,8,3,8
2018471800478,1,19,0,13,0,3,0,0,0,0,1,1,6,1,45,7,1997,2,13,4,1,4
2018471800478,2,9,0,18,0,3,0,0,0,0,0,1,6,2,33,6,1299,1,13,6,1,6
2018471800479,1,9,0,9,0,2,0,0,0,0,1,1,6,1,33,6,-1,-1,-1,9,1,9
2018471800480,1,9,0,17,0,0,5,0,2,4,4,1,6,1,57,9,-1,-1,-1,7,1,7
2018471800481,1,9,0,18,0,8,1,0,1,2,3,1,6,1,18,4,998,1,1,7,2,7
2018471800482,1,8,0,18,0,8,0,0,0,0,1,1,1,1,37,7,2231,2,11,9,1,9
2018471800484,1,9,0,9,0,6,0,0,0,0,3,1,6,1,52,8,1799,1,8,5,3,5
2018471800484,2,19,0,18,0,8,0,0,0,0,1,1,6,2,48,8,1298,1,12,1,1,1
2018471800485,1,19,0,18,0,0,0,0,0,0,0,1,1,1,35,6,1995,2,1,6,1,6
2018471800485,2,9,0,18,0,0,0,11,0,0,2,1,1,1,57,9,1598,2,3,6,3,6
2018471800485,3,9,0,18,0,0,0,0,0,0,1,1,6,2,64,9,1999,2,-1,9,3,9
2018471800486,1,9,0,18,0,0,0,0,0,0,1,1,2,1,61,9,1560,2,1,4,1,4
2018471800487,1,9,0,18,0,8,0,4,0,0,1,1,6,1,32,6,1999,1,10,2,1,2
2018471800487,2,10,0,2,0,1,0,0,0,0,2,1,6,3,-1,-1,2193,2,6,-1,-1,-1
2018471800487,3,9,0,2,0,1,0,0,0,0,1,1,6,3,-1,-1,1398,1,8,-1,-1,-1
2018471800488,1,9,0,18,0,0,1,10,1,0,4,1,6,1,42,7,3902,1,1,4,1,4
2018471800488,2,9,0,18,0,0,0,0,0,0,4,1,6,1,67,10,1398,1,14,8,2,8
2018471800493,1,1,0,18,0,0,0,0,0,0,1,1,6,1,40,7,-1,-1,-1,5,3,5
2018471800494,1,19,0,18,0,0,0,0,0,0,1,1,6,1,56,9,1995,2,11,8,1,8
2018471800494,2,9,0,18,0,0,0,0,0,0,1,1,6,1,54,8,2490,2,17,8,1,8
2018471800494,3,9,0,4,0,0,0,0,0,0,2,1,6,2,38,7,1598,1,10,3,1,3
2018471800494,4,9,0,4,0,0,0,0,0,0,2,1,6,1,57,9,2401,2,11,7,1,7
2018471800496,1,9,0,18,0,8,0,0,3,10,1,1,6,1,20,4,-1,-1,-1,9,1,9
2018471800497,1,9,0,18,0,3,0,0,0,0,1,1,2,1,35,6,2987,2,13,7,1,7
2018471800497,2,9,0,18,0,8,0,0,0,0,4,1,6,1,63,9,1299,1,26,8,1,8
2018471800498,1,9,0,11,0,8,0,0,1,7,4,1,6,1,57,9,1990,1,13,6,1,6
2018471800499,1,9,0,3,0,8,0,0,0,0,1,1,6,1,30,6,-1,-1,-1,-1,-1,-1
2018471800499,2,9,0,3,0,8,0,0,0,0,2,1,6,1,76,11,1339,1,12,8,1,8
2018471800503,1,9,0,18,0,2,0,0,0,0,4,1,6,1,24,5,1598,1,10,9,1,9
2018471800504,1,9,0,18,0,1,0,0,0,0,1,1,6,2,30,6,1296,1,10,-1,-1,-1
2018471800506,1,9,0,18,0,1,0,0,0,0,1,1,6,2,50,8,1248,2,11,-1,-1,-1
2018471800506,2,9,0,18,0,2,0,0,0,0,1,1,6,1,20,4,998,1,14,5,1,5
2018471800508,1,9,0,18,0,1,0,0,0,0,1,1,6,2,73,10,998,1,18,6,1,6
2018471800508,2,9,0,4,0,1,0,0,0,0,2,1,6,1,67,10,1242,1,11,5,3,5
2018471800512,1,9,0,18,0,0,0,0,0,0,1,1,6,3,-1,-1,-1,-1,-1,-1,-1,-1
2018471800513,1,9,0,18,0,3,0,0,0,0,1,1,6,1,55,8,1598,1,9,8,1,8
2018471800513,2,1,0,18,0,3,0,0,0,0,3,1,1,2,44,7,-1,-1,-1,5,1,5
2018471800514,1,1,0,18,0,8,0,0,0,0,1,1,6,3,25,5,-1,-1,-1,-1,-1,-1
2018471800514,2,1,0,5,0,8,0,0,0,0,1,1,4,2,11,3,-1,-1,-1,8,1,8
2018471800516,1,9,0,9,0,5,0,0,0,0,1,1,6,2,21,5,1496,1,1,6,3,6
2018471800516,2,9,0,18,0,8,0,0,0,0,1,1,2,1,37,7,1753,2,10,3,1,3
2018471800518,1,9,0,18,0,0,0,0,1,11,1,1,6,1,28,6,2998,1,2,7,1,7
2018471800519,1,4,0,13,0,1,0,0,0,0,4,1,6,1,25,5,125,1,5,7,2,7
2018471800519,2,9,0,9,0,5,0,0,0,0,3,1,6,1,62,9,2148,2,10,2,1,2
2018471800520,1,9,0,9,0,5,0,0,0,0,1,1,6,2,30,6,1364,1,10,4,1,4
2018471800520,2,1,0,10,0,6,0,0,0,0,1,1,6,1,30,6,-1,-1,-1,3,1,3
2018471800524,1,9,0,18,0,1,0,0,0,0,1,1,6,2,20,4,1242,1,16,4,1,4
2018471800524,2,8,0,7,0,1,0,0,0,0,2,1,1,1,65,9,1910,2,8,2,1,2
2018471800526,1,9,0,18,0,0,0,0,0,0,4,1,6,1,74,10,1390,1,4,10,1,10
2018471800526,2,9,0,2,0,0,0,0,0,0,0,1,6,3,-1,-1,1587,1,15,-1,-1,-1
2018471800528,1,9,0,18,0,8,0,0,0,0,1,1,6,1,62,9,1995,2,1,7,3,7
2018471800528,2,1,0,18,0,8,0,0,0,0,1,1,6,1,32,6,-1,-1,-1,3,1,3
2018471800529,1,19,0,7,0,4,0,0,0,0,1,1,6,1,65,9,1870,2,16,6,1,6
2018471800529,2,9,0,18,0,8,0,0,0,0,4,1,6,2,22,5,1398,1,8,10,1,10
2018471800532,1,9,0,9,0,2,0,0,0,0,1,1,6,1,27,6,1399,1,1,-1,-1,-1
2018471800532,2,1,0,18,0,1,0,0,0,0,1,1,6,1,42,7,-1,-1,-1,3,1,3
2018471800535,1,9,0,2,0,0,0,0,0,0,3,1,6,1,81,11,998,1,19,8,1,8
2018471800535,2,1,0,18,0,0,0,4,0,0,1,1,6,2,31,6,-1,-1,-1,2,1,2
2018471800536,1,9,0,18,0,8,0,0,0,0,1,1,6,1,32,6,1360,1,16,6,1,6
2018471800536,2,9,0,18,0,8,0,0,0,0,1,1,6,1,72,10,1397,1,16,10,1,10
2018471800537,1,9,0,7,0,6,0,0,0,0,1,1,6,1,84,11,1598,1,11,7,3,7
2018471800537,2,9,0,18,0,8,0,0,0,0,1,1,6,1,18,4,1582,2,4,9,3,9
2018471800537,3,9,0,10,0,1,0,0,0,0,1,1,6,1,34,6,1200,1,1,9,1,9
2018471800538,1,9,0,17,0,2,1,0,1,9,1,1,6,2,17,4,1084,1,1,9,3,9
2018471800539,1,9,0,18,0,4,0,0,0,0,3,1,6,2,35,6,1560,2,6,7,1,7
2018471800539,2,9,0,9,0,8,0,0,0,0,1,1,6,2,65,9,998,1,1,10,1,10
2018471800545,1,3,0,10,0,1,0,0,0,0,0,1,2,1,22,5,124,1,8,7,1,7
2018471800547,1,4,0,16,0,0,1,0,0,0,0,1,2,1,58,9,399,1,12,4,1,4
2018471800551,1,19,0,1,0,8,0,0,0,0,0,1,1,2,32,6,1995,2,1,3,1,3
2018471800554,1,9,0,17,0,0,0,0,0,0,1,1,6,2,34,6,1998,1,16,10,2,10
2018471800554,2,19,0,16,0,0,0,0,1,0,1,1,6,1,64,9,2500,2,8,10,3,10
2018471800555,1,9,0,17,0,2,0,4,0,0,1,1,6,1,54,8,1599,1,13,1,1,1
2018471800555,2,90,0,2,0,2,0,0,0,0,2,1,1,3,-1,-1,1997,2,1,-1,-1,-1
2018471800558,1,9,0,18,0,0,0,0,0,0,1,1,6,1,26,6,1995,2,13,9,1,9
2018471800558,2,9,0,3,0,0,0,0,0,0,2,1,6,1,40,7,1461,2,6,6,1,6
2018471800559,1,9,0,18,0,1,0,0,0,0,1,1,6,1,-1,-1,1798,8,3,-1,-1,-1
2018471800559,2,9,0,18,0,1,0,0,0,0,2,1,6,1,27,6,1598,2,8,4,1,4
2018471800560,1,2,0,6,0,0,0,0,0,0,1,1,6,2,18,4,125,1,2,9,1,9
2018471800560,2,9,0,2,0,0,0,0,0,0,1,1,6,3,-1,-1,1397,1,8,-1,-1,-1
2018471800561,1,9,0,18,0,0,1,0,7,2,4,1,6,1,17,4,1299,1,12,10,1,10
2018471800563,1,9,0,18,0,1,0,0,0,0,3,1,3,2,45,7,1582,2,5,4,1,4
2018471800566,1,9,0,4,0,0,0,0,0,0,2,1,6,1,32,6,2143,2,2,7,1,7
2018471800566,2,9,0,18,0,0,0,0,0,0,1,1,6,1,65,9,1595,1,14,7,1,7
2018471800566,3,19,0,18,0,0,0,0,0,0,1,1,1,1,28,6,2287,2,4,2,1,2
2018471800567,1,1,0,4,0,1,1,0,0,0,0,1,6,1,30,6,-1,-1,-1,-1,-1,-1
2018471800567,2,9,0,3,0,1,0,0,0,0,0,1,6,1,56,9,-1,-1,-1,10,1,10
2018471800569,1,21,4,18,0,1,3,0,0,0,4,1,6,3,-1,-1,-1,-1,-1,-1,-1,-1
2018471800569,2,4,0,18,0,1,0,0,0,0,3,1,1,1,28,6,498,1,15,3,1,3
2018471800570,1,9,0,3,0,1,0,0,0,0,1,1,6,1,64,9,1598,1,3,4,1,4
2018471800570,2,9,0,3,0,1,0,0,0,0,2,1,1,1,41,7,1598,1,2,3,1,3
2018471800571,1,9,0,18,0,2,0,0,0,0,1,1,2,1,48,8,4266,1,18,7,1,7
2018471800573,1,1,0,7,0,1,0,0,0,0,1,1,4,1,15,3,-1,-1,-1,3,1,3
2018471800573,2,9,0,5,0,1,0,0,0,0,1,1,6,2,28,6,1596,1,7,3,1,3
2018471800574,1,21,0,18,0,0,0,0,0,0,3,2,6,1,49,8,-1,-1,-1,2,1,2
2018471800574,2,21,0,18,0,0,0,0,0,0,3,2,6,1,53,8,-1,-1,-1,8,1,8
2018471800574,3,21,0,18,0,0,0,0,0,0,3,1,1,1,72,10,5880,2,12,7,1,7
2018471800574,4,9,0,18,0,0,0,0,0,0,1,1,6,1,19,4,1242,1,13,3,1,3
2018471800577,1,9,0,18,0,0,2,0,7,10,1,1,6,2,19,4,1398,1,13,2,1,2
2018471800578,1,9,0,5,0,8,0,0,0,0,1,2,6,2,54,8,1598,1,18,9,1,9
2018471800578,2,1,0,18,0,8,0,0,0,0,4,1,6,1,47,8,-1,-1,-1,9,1,9
2018471800580,1,9,0,18,0,0,1,0,0,0,1,1,1,1,31,6,1360,1,12,8,1,8