Accident_Index,Vehicle_Reference,Vehicle_Type,Towing_and_Articulation,Vehicle_Manoeuvre,Vehicle_Location-Restricted_Lane,Junction_Location,Skidding_and_Overturning,Hit_Object_in_Carriageway,Vehicle_Leaving_Carriageway,Hit_Object_off_Carriageway,1st_Point_of_Impact,Was_Vehicle_Left_Hand_Drive?,Journey_Purpose_of_Driver,Sex_of_Driver,Age_of_Driver,Age_Band_of_Driver,Engine_Capacity_(CC),Propulsion_Code,Age_of_Vehicle,Driver_IMD_Decile,Driver_Home_Area_Type,Vehicle_IMD_Decile
2018471800866,3,9,0,3,0,1,0,0,0,0,2,1,6,2,63,9,1995,2,3,7,1,7
2018471800867,1,19,0,18,0,0,0,10,0,0,1,1,1,1,22,5,1968,2,2,10,1,10
2018471800867,2,9,0,18,0,0,0,0,0,0,1,1,2,2,23,5,1461,2,1,4,1,4
2018471800868,1,3,0,18,0,8,1,0,1,0,1,1,6,1,28,6,125,1,4,3,1,3
2018471800868,2,21,1,18,0,1,0,0,0,0,1,1,1,1,52,8,11967,2,7,3,1,3
2018471800869,1,9,0,6,0,0,0,0,0,0,3,1,6,1,30,6,-1,-1,-1,7,3,7
2018471800869,2,3,0,18,0,0,0,0,0,0,1,1,6,1,24,5,124,1,4,7,3,7
2018471800871,1,9,0,11,0,8,0,0,0,0,4,1,6,1,51,8,1994,2,14,4,1,4
2018471800871,2,8,0,18,2,8,0,0,0,0,1,1,1,1,36,7,1996,2,7,2,1,2
2018471800873,1,9,0,18,0,0,0,0,0,0,1,1,6,1,28,6,1781,1,16,7,1,7
2018471800873,2,19,0,4,0,0,0,0,0,0,2,1,6,1,29,6,2198,2,2,8,1,8
2018471800875,1,9,0,16,0,0,0,0,0,0,1,1,6,2,20,4,1248,2,8,4,1,4
2018471800875,2,9,0,17,0,0,0,0,0,0,1,1,6,2,47,8,1590,1,6,7,1,7
2018471800876,1,9,0,18,0,8,0,0,0,0,1,1,6,2,51,8,1896,2,16,6,3,6
2018471800878,1,9,0,5,0,8,0,0,0,0,3,2,6,2,52,8,-1,-1,-1,8,1,8
2018471800878,2,8,0,18,0,8,0,0,0,0,1,1,1,1,49,8,1968,2,5,1,1,1
2018471800879,1,9,0,9,0,6,0,0,0,0,1,1,6,1,46,8,1598,1,14,8,1,8
2018471800879,2,9,0,18,0,8,0,0,7,4,3,1,6,2,56,9,1781,1,16,10,1,10
2018471800881,1,9,0,18,0,0,1,0,0,0,1,1,2,2,20,4,1596,1,4,9,2,9
2018471800881,2,9,0,4,0,0,1,0,0,0,2,1,2,2,21,5,1598,2,3,4,1,4
2018471800881,3,9,0,3,0,0,1,0,0,0,2,1,2,1,26,6,1995,2,1,10,1,10
2018471800881,4,9,0,3,0,0,0,0,0,0,2,1,6,2,31,6,2143,2,7,10,1,10
2018471800882,1,9,0,18,0,0,0,0,0,0,1,1,6,1,32,6,-1,-1,-1,7,1,7
2018471800882,2,9,0,18,0,0,0,0,0,0,2,1,6,1,29,6,1995,2,10,4,-1,4
2018471800883,1,9,0,18,0,8,0,0,0,0,1,1,6,2,40,7,1598,1,9,9,1,9
2018471800883,2,1,0,18,0,8,0,0,0,0,4,1,6,1,57,9,-1,-1,-1,2,1,2
2018471800884,1,9,0,11,0,0,1,0,5,6,1,1,6,1,42,7,1598,1,12,6,3,6
2018471800888,1,9,0,9,0,5,0,0,0,0,1,1,6,2,57,9,1598,1,17,10,1,10
2018471800888,2,1,0,18,0,8,1,0,0,0,3,1,6,1,25,5,-1,-1,-1,3,1,3
2018471800889,1,9,0,4,0,0,0,0,0,0,1,1,6,2,34,6,1560,2,7,7,1,7
2018471800889,2,9,0,4,0,0,0,0,0,0,2,1,6,1,66,10,2143,2,2,9,1,9
2018471800889,3,9,0,4,0,0,0,0,0,0,2,1,6,1,70,10,1598,1,15,1,1,1
2018471800892,1,9,0,18,0,1,1,0,0,0,1,1,2,1,57,9,1248,1,4,6,1,6
2018471800892,2,9,0,3,0,1,0,0,0,0,2,1,6,2,47,8,1598,1,13,9,2,9
2018471800896,1,9,0,18,0,1,0,0,0,0,1,1,6,3,40,7,-1,-1,-1,-1,-1,-1
2018471800896,2,9,0,18,0,1,0,0,0,0,2,1,6,2,21,5,1398,2,5,4,1,4
2018471800897,1,8,0,7,0,6,0,0,0,0,3,1,1,1,32,6,1968,2,9,6,1,6
2018471800897,2,1,0,18,0,1,0,0,0,0,1,1,6,1,28,6,-1,-1,-1,4,1,4
2018471800898,1,19,0,18,0,0,0,0,0,0,1,1,6,3,-1,-1,-1,-1,-1,-1,-1,-1
2018471800898,2,19,0,18,0,0,0,0,0,0,2,1,6,2,22,5,1461,2,7,3,1,3
2018471800900,1,4,0,9,0,8,1,0,0,0,4,1,6,1,47,8,330,1,1,10,1,10
2018471800901,1,19,0,18,0,1,5,4,0,0,1,1,6,1,67,10,1753,2,6,9,1,9
2018471800901,2,9,0,2,0,1,0,0,0,0,2,1,6,3,-1,-1,1242,1,5,-1,-1,-1
2018471800903,1,9,0,18,0,8,0,0,0,0,1,1,1,1,37,7,1596,1,14,10,1,10
2018471800903,2,1,0,9,0,8,0,0,0,0,4,1,2,1,58,9,-1,-1,-1,10,1,10
2018471800904,1,9,0,9,0,8,0,0,0,0,1,1,6,2,87,11,1600,1,14,9,1,9
2018471800904,2,8,0,18,0,1,0,0,0,0,3,1,6,2,28,6,1360,1,13,8,1,8
2018471800906,1,9,0,16,0,1,0,0,1,0,1,1,2,1,35,6,2982,2,10,5,2,5
2018471800906,2,9,0,3,0,1,0,0,0,0,2,1,6,2,53,8,1396,1,6,6,1,6
2018471800906,3,9,0,10,0,1,0,0,0,0,0,1,6,2,71,10,998,1,23,9,1,9
2018471800907,1,9,0,18,0,1,0,0,0,0,1,1,6,2,36,7,1598,2,2,7,1,7
2018471800907,2,9,0,9,0,1,0,0,0,0,2,1,6,2,41,7,1360,1,12,4,1,4
2018471800908,1,9,0,9,0,8,0,0,0,0,1,1,6,3,28,6,1582,2,5,6,1,6
2018471800908,2,9,0,5,0,8,0,0,0,0,3,1,6,1,51,8,998,1,7,3,1,3
2018471800916,1,9,0,18,0,0,0,0,0,0,4,1,6,1,30,6,-1,-1,-1,-1,-1,-1
2018471800917,1,9,0,18,0,2,0,0,0,0,1,1,6,3,-1,-1,-1,-1,-1,-1,-1,-1
2018471800918,1,9,0,18,0,1,0,0,0,0,3,1,6,1,40,7,-1,-1,-1,-1,-1,-1
2018471800919,1,9,0,7,0,8,0,0,0,0,1,1,1,2,44,7,998,1,7,9,1,9
2018471800919,2,1,0,18,0,1,0,0,0,0,4,1,6,1,82,11,-1,-1,-1,7,1,7
2018471800921,1,11,0,18,0,2,0,0,0,0,4,1,1,1,50,8,9360,2,7,6,1,6
2018471800922,1,9,0,18,0,0,0,0,0,0,4,1,1,1,69,10,-1,-1,-1,8,2,8
2018471800922,2,1,0,18,0,0,0,0,0,0,3,1,2,1,37,7,-1,-1,-1,7,2,7
2018471800923,1,9,0,9,0,6,0,0,0,0,1,1,6,1,30,6,2231,2,10,6,1,6
2018471800923,2,1,0,18,0,1,0,0,0,0,1,1,6,1,28,6,-1,-1,-1,4,1,4
2018471800924,1,9,0,9,0,2,0,0,0,0,3,1,6,1,62,9,1910,2,10,9,1,9
2018471800924,2,9,0,18,0,1,0,0,0,0,3,1,6,1,30,6,1797,8,3,8,1,8
2018471800925,1,9,0,2,0,2,0,0,0,0,2,1,6,3,-1,-1,1598,1,14,-1,-1,-1
2018471800927,1,9,0,17,0,8,0,0,0,0,3,1,1,2,24,5,1560,2,1,-1,1,-1
2018471800927,2,5,0,7,0,3,0,0,0,0,1,1,6,1,21,5,645,1,9,10,2,10
2018471800929,1,9,0,9,0,4,0,0,0,0,1,1,6,2,46,8,1560,2,5,3,1,3
2018471800929,2,9,0,18,0,8,0,0,0,0,3,1,6,1,30,6,1598,2,4,3,1,3
2018471800932,1,9,0,5,0,1,0,0,0,0,1,1,6,1,36,7,1339,1,6,2,1,2
2018471800933,1,19,0,18,0,8,0,0,1,2,1,1,1,2,24,5,1560,2,4,6,2,6
2018471800933,2,9,0,18,0,8,0,0,0,0,4,1,1,1,25,5,-1,-1,-1,3,1,3
2018471800934,1,19,0,9,0,6,0,0,0,0,1,1,1,1,33,6,1560,2,4,4,1,4
2018471800934,2,5,0,4,0,6,0,0,0,0,2,1,2,1,28,6,599,1,18,5,1,5
2018471800935,1,9,0,9,0,8,0,0,0,0,1,1,6,2,19,4,1299,1,10,8,1,8
2018471800935,2,9,0,18,0,8,0,0,0,0,4,1,6,1,36,7,1598,1,9,10,1,10
2018471800936,1,9,0,9,0,4,0,0,0,0,1,1,6,2,69,10,1995,1,11,10,1,10
2018471800936,2,9,0,18,0,8,0,0,0,0,4,1,6,1,35,6,1896,2,13,1,1,1
2018471800939,1,17,5,16,0,2,0,0,0,0,0,1,1,1,34,6,6788,2,1,5,3,5
2018471800939,2,9,0,16,0,2,0,0,0,0,2,1,6,2,37,7,2995,1,1,8,1,8
2018471800939,3,9,0,16,0,2,0,0,0,0,1,1,6,2,33,6,3200,1,12,10,2,10
2018471800941,1,9,0,18,0,6,0,0,0,0,1,1,6,2,40,7,2198,2,5,8,3,8
2018471800941,2,1,0,9,0,2,0,0,0,0,2,1,6,1,44,7,-1,-1,-1,3,1,3
2018471800942,1,9,0,18,0,0,0,0,0,0,4,1,6,1,73,10,1951,2,16,2,1,2
2018471800944,1,9,0,9,0,6,5,4,0,0,3,1,6,2,78,11,1086,1,10,5,1,5
2018471800944,2,9,0,18,0,8,0,0,0,0,1,1,6,2,24,5,1248,1,-1,3,1,3
2018471800944,3,9,0,2,0,1,0,0,0,0,4,1,6,3,-1,-1,1985,1,9,-1,-1,-1
2018471800946,1,9,0,18,0,8,0,0,3,1,3,1,6,1,86,11,1299,1,16,7,3,7
2018471800946,2,9,0,18,0,8,0,0,0,0,1,1,6,1,21,5,1595,1,12,6,3,6
2018471800947,1,9,0,6,0,0,0,0,1,10,1,1,6,2,85,11,998,1,4,3,1,3
2018471800947,2,9,0,2,0,0,0,0,0,0,4,1,6,3,-1,-1,1560,2,2,-1,-1,-1
2018471800951,1,9,0,18,0,2,0,4,0,0,1,1,6,1,26,6,1368,1,8,3,1,3
2018471800951,2,9,0,2,0,2,0,0,2,2,1,1,6,3,-1,-1,998,1,4,-1,-1,-1
2018471800951,3,9,0,2,0,2,0,0,0,0,3,1,6,3,-1,-1,1796,1,13,-1,-1,-1
2018471800953,1,9,0,14,0,1,0,0,0,0,1,1,6,1,61,9,-1,-1,-1,2,1,2
2018471800953,2,11,0,2,0,1,0,0,0,0,0,1,1,1,66,10,9360,2,6,6,1,6
2018471800957,1,9,0,9,0,8,0,0,0,0,1,1,6,2,52,8,1242,1,10,4,1,4
2018471800958,1,9,0,18,0,0,5,0,0,0,1,1,6,1,89,11,1951,2,17,8,1,8
2018471800958,2,9,0,2,0,0,0,0,0,0,4,1,6,3,-1,-1,1910,2,11,-1,-1,-1
2018471800958,3,9,0,2,0,0,0,0,0,0,1,1,6,3,-1,-1,996,1,7,-1,-1,-1
2018471800961,1,9,0,18,0,0,0,0,0,0,1,1,6,1,22,5,1896,2,16,9,1,9
2018471800961,2,9,0,9,0,0,0,0,0,0,3,1,6,2,18,4,999,1,2,7,3,7
2018471800962,1,9,0,18,0,8,0,0,0,0,1,1,6,1,54,8,1995,2,7,9,1,9
2018471800964,1,9,0,17,0,0,1,0,0,0,3,1,6,1,26,6,2993,2,10,6,1,6
2018471800964,2,9,0,16,0,0,0,0,0,0,3,1,6,1,78,11,1991,2,9,8,1,8
2018471800970,1,9,0,16,0,0,0,0,1,3,1,1,2,2,19,4,1198,1,5,6,3,6
2018471800972,1,9,0,18,0,0,0,0,0,0,1,1,6,3,-1,-1,-1,-1,-1,-1,-1,-1
2018471800972,2,9,0,18,0,0,0,0,0,0,2,1,6,1,17,4,999,1,4,6,1,6
2018471800972,3,9,0,18,0,0,0,0,0,0,2,1,6,1,23,5,2987,2,10,6,1,6
2018471800975,1,9,0,18,0,0,0,0,0,0,1,1,2,1,55,8,1999,1,13,8,1,8
2018471800975,2,9,0,4,0,0,0,0,0,0,2,1,2,1,65,9,1586,1,2,9,1,9
2018471800976,1,9,0,9,0,6,0,0,0,0,3,1,3,2,46,8,2993,2,2,8,3,8
2018471800976,2,19,0,18,0,8,0,0,0,0,1,1,2,1,52,8,1995,2,5,5,3,5
2018471800977,1,9,0,1,0,0,0,0,0,0,2,1,6,1,30,6,-1,-1,-1,-1,-1,-1
2018471800980,1,9,0,17,0,0,5,0,7,11,4,1,6,2,21,5,1363,2,16,6,2,6
2018471800981,1,9,0,18,0,1,0,0,0,0,1,1,6,3,-1,-1,1796,1,15,-1,-1,-1
2018471800981,2,9,0,3,0,1,0,0,0,0,2,1,6,1,50,8,1598,1,14,6,1,6
2018471800983,1,9,0,9,0,8,0,0,0,0,1,1,6,1,49,8,1998,1,3,9,1,9
2018471800983,2,9,0,9,0,8,0,0,0,0,3,1,6,1,74,10,2143,2,9,6,2,6
2018471800984,1,9,0,18,0,0,0,0,0,0,1,1,6,2,20,4,1598,1,9,5,3,5
2018471800987,1,9,0,9,0,3,1,0,1,2,4,1,6,2,63,9,1598,1,8,9,1,9
2018471800989,1,9,0,2,0,0,0,0,0,0,3,1,6,3,-1,-1,-1,-1,-1,-1,-1,-1
2018471800989,2,1,0,14,0,0,0,0,0,0,1,1,2,2,41,7,-1,-1,-1,3,1,3
2018471800990,1,9,0,18,0,0,0,8,0,0,4,1,6,1,29,6,998,1,16,9,1,9
2018471800990,2,9,0,2,0,0,0,0,0,0,3,1,2,3,-1,-1,1798,1,7,-1,-1,-1
2018471800991,1,9,0,18,0,1,0,0,0,0,1,1,2,3,37,7,996,1,6,8,1,8
2018471800991,2,9,0,3,0,1,0,0,0,0,2,1,3,1,43,7,1995,2,6,8,1,8
2018471800992,1,9,0,9,0,1,0,0,0,0,1,1,6,3,-1,-1,-1,-1,-1,-1,-1,-1
2018471800995,1,9,0,18,0,0,1,0,5,7,3,1,6,2,17,4,1242,1,6,6,1,6
2018471800999,1,8,0,18,0,1,0,0,0,0,4,1,1,1,56,9,1796,1,5,3,1,3
2018471800999,2,9,0,18,0,2,1,0,0,0,4,1,6,1,65,9,1240,1,12,6,1,6
2018471801000,1,10,0,9,0,6,0,0,0,0,4,1,1,1,46,8,2198,2,3,10,1,10
2018471801000,2,9,0,18,0,1,0,0,0,0,1,1,6,2,46,8,1368,1,10,9,2,9
2018471801001,1,9,0,18,0,0,1,0,0,0,4,1,1,1,33,6,1587,1,17,9,3,9
2018471801001,2,9,0,18,0,0,0,0,0,0,1,1,6,2,70,10,1360,1,6,5,1,5
2018471801002,1,9,0,18,0,0,0,0,0,0,1,1,2,1,28,6,1461,2,12,10,2,10
2018471801002,2,9,0,18,0,0,0,0,0,0,3,1,2,1,23,5,1198,1,10,10,2,10
2018471801002,3,11,0,2,2,0,0,0,0,0,3,1,1,1,61,9,9000,2,9,7,1,7
2018471801003,1,9,0,16,0,0,1,0,0,0,1,1,6,1,53,8,1686,2,8,7,1,7
2018471801003,2,21,0,2,6,0,0,0,0,0,2,1,6,1,47,8,11946,2,6,5,2,5
2018471801004,1,9,0,17,0,0,1,0,2,4,4,1,6,2,28,6,1951,2,13,9,3,9
2018471801006,1,9,0,4,0,1,0,0,0,0,1,1,6,2,32,6,1998,1,16,2,1,2
2018471801007,1,9,0,18,0,0,0,0,1,0,1,1,6,1,19,4,1199,1,14,8,1,8
2018471801007,2,9,0,18,0,0,0,0,1,4,1,1,1,2,22,5,1242,1,13,7,1,7
2018471801008,1,9,0,13,0,8,0,0,0,0,1,1,1,1,26,6,1596,1,15,7,1,7
2018471801008,2,9,0,6,0,8,0,0,0,0,4,1,1,1,44,7,1998,1,12,7,1,7
2018471801009,1,9,0,5,0,2,0,0,0,0,1,1,6,1,70,10,2494,8,2,8,1,8
2018471801009,2,5,0,18,0,1,0,0,0,0,1,1,6,1,30,6,996,1,11,7,1,7
2018471801010,1,9,0,18,0,1,0,0,0,0,1,1,6,1,20,4,1275,1,20,4,1,4
2018471801010,2,9,0,3,0,1,0,0,0,0,2,1,6,1,53,8,1686,2,16,7,1,7
2018471801018,1,9,0,9,0,6,0,0,0,0,0,1,6,3,40,7,-1,-1,-1,-1,-1,-1
2018471801018,2,3,0,18,0,8,1,0,0,0,3,1,6,1,18,4,125,1,2,6,3,6
2018471801020,1,4,0,18,0,0,0,0,0,0,1,1,6,1,28,6,124,1,5,9,1,9
2018471801020,2,9,0,3,0,0,0,0,0,0,2,1,6,2,69,10,1364,1,4,3,1,3
2018471801022,1,9,0,1,0,8,0,0,0,0,2,1,6,3,-1,-1,-1,-1,-1,-1,-1,-1
2018471801022,2,9,0,2,0,1,0,0,0,0,0,1,6,3,-1,-1,1461,2,13,-1,-1,-1
2018471801023,1,8,0,7,0,1,0,0,0,0,1,1,1,1,44,7,1598,2,5,7,1,7
2018471801023,2,5,0,10,0,1,0,0,0,0,2,1,6,1,27,6,1202,1,1,7,1,7
2018471801024,1,9,0,9,0,6,0,0,0,0,1,1,2,2,44,7,2179,2,7,3,1,3
2018471801024,2,9,0,18,0,1,0,0,0,0,3,1,1,2,52,8,1686,2,5,7,3,7
2018471801024,3,9,0,18,0,1,0,0,0,0,1,1,1,1,34,6,1794,1,15,2,1,2
2018471801025,1,9,0,18,0,0,5,0,8,10,1,1,6,1,22,5,998,1,6,5,3,5
2018471801032,1,1,0,18,0,1,0,0,0,0,1,1,6,1,44,7,-1,-1,-1,-1,-1,-1
2018471801032,2,19,0,9,0,6,0,0,0,0,3,1,1,1,38,7,2148,2,9,9,1,9
2018471801034,1,9,0,18,0,8,0,10,0,0,4,1,6,1,20,4,1360,1,16,-1,-1,-1
2018471801034,2,9,0,10,0,1,0,0,0,0,2,1,6,2,31,6,1248,1,9,8,1,8
2018471801038,1,9,0,18,0,0,0,0,0,0,1,1,2,1,41,7,1796,1,15,8,1,8
2018471801042,1,5,0,18,0,1,0,0,0,0,1,1,6,1,39,7,650,1,3,8,1,8
2018471801042,2,9,0,9,0,5,0,0,0,0,3,1,6,1,36,7,1598,2,4,1,1,1
2018471801044,1,9,0,18,0,0,0,0,0,0,1,1,6,1,47,8,1587,1,12,6,1,6
2018471801044,2,19,0,18,0,0,0,0,0,0,2,1,1,1,41,7,1686,2,8,8,1,8
2018471801044,3,19,0,18,0,0,0,0,0,0,2,1,1,1,33,6,2198,2,4,9,1,9
2018471801044,4,9,0,18,0,0,0,0,0,0,2,1,6,2,31,6,-1,-1,-1,7,1,7
2018471801045,1,9,0,4,0,0,0,0,0,0,1,1,6,2,51,8,2967,2,4,9,1,9
2018471801045,2,9,0,4,0,0,0,0,0,0,2,1,2,1,38,7,1596,1,7,4,1,4
2018471801045,3,9,0,18,0,0,1,0,0,0,1,1,6,1,38,7,1910,2,16,4,1,4
2018471801045,4,9,0,18,0,0,1,0,0,0,1,1,6,1,41,7,2143,2,2,3,1,3
2018471801046,1,3,0,4,0,0,0,0,0,0,1,1,6,1,22,5,125,1,2,7,1,7
2018471801046,2,9,0,3,0,0,0,0,0,0,2,1,6,1,86,11,2179,2,8,5,1,5
2018471801048,1,9,0,18,0,0,0,10,1,11,4,1,6,1,91,11,1495,1,10,6,3,6
2018471801048,2,9,0,3,0,0,0,0,0,0,4,1,6,2,64,9,1598,1,12,6,1,6
2018471801050,1,9,0,9,0,6,0,0,0,0,3,1,6,2,60,9,998,1,5,9,1,9
2018471801050,2,2,0,18,0,1,1,0,0,0,1,1,6,1,16,4,50,1,11,1,1,1
2018471801051,1,9,0,5,0,1,0,0,0,0,1,1,2,2,50,8,1400,1,18,8,1,8
2018471801051,2,9,0,5,0,1,0,0,0,0,2,1,6,2,24,5,898,1,1,5,-1,5
2018471801053,1,1,0,18,0,1,0,0,0,0,1,1,6,1,17,4,-1,-1,-1,5,1,5
2018471801053,2,9,0,4,0,1,0,0,0,0,2,1,6,1,39,7,1997,2,7,3,1,3
2018471801056,1,8,0,18,0,0,0,0,0,0,0,1,1,1,-1,-1,1997,2,3,-1,-1,-1
2018471801056,2,11,0,18,0,0,0,0,0,0,0,1,1,1,26,6,11967,2,10,4,1,4
2018471801058,1,8,0,7,2,1,0,0,1,0,4,1,3,1,22,5,1968,2,5,6,1,6
2018471801058,2,1,0,18,4,1,0,0,0,0,1,1,2,1,49,8,-1,-1,-1,9,1,9
2018471801059,1,9,0,17,0,0,1,0,7,4,4,1,3,2,25,5,1598,1,10,5,3,5
2018471801060,1,9,0,5,0,4,0,0,0,0,1,1,2,1,28,6,1242,1,5,6,1,6
2018471801060,2,9,0,4,0,4,0,0,0,0,1,1,6,2,28,6,1798,1,8,7,3,7
2018471801060,3,9,0,4,0,4,0,0,0,0,2,2,1,1,47,8,1997,2,3,6,1,6
2018471801061,1,9,0,9,0,8,0,0,0,0,3,1,6,1,48,8,1339,1,7,5,1,5
2018471801061,2,5,0,9,0,8,0,0,0,0,4,1,6,1,44,7,749,1,21,6,1,6
2018471801065,1,9,0,18,0,0,0,0,0,0,1,1,6,1,68,10,1198,1,2,8,1,8
2018471801065,2,9,0,3,0,0,0,0,0,0,2,1,6,2,76,11,1240,1,12,8,1,8
2018471801065,3,9,0,18,0,0,0,0,0,0,1,1,6,1,39,7,1749,1,13,6,1,6
2018471801067,1,5,0,15,2,1,0,0,0,0,1,1,6,1,50,8,916,1,22,8,1,8
2018471801067,2,9,0,9,2,8,0,0,0,0,4,1,1,1,32,6,1896,2,14,7,3,7
2018471801069,1,9,0,17,0,0,0,0,0,0,1,1,2,1,32,6,1910,2,10,6,2,6
2018471801070,1,9,0,18,0,0,0,0,0,0,3,1,6,1,20,4,1242,1,5,6,3,6
2018471801070,2,9,0,18,0,0,0,0,0,0,3,1,6,2,29,6,2996,1,13,6,3,6
2018471801071,1,9,0,16,0,0,1,0,0,7,1,1,6,1,25,5,1248,1,8,3,1,3
2018471801073,1,9,0,18,0,0,0,0,0,0,1,1,6,1,22,5,1595,1,4,10,1,10
2018471801073,2,9,0,3,0,0,0,0,5,6,2,1,6,1,38,7,1969,2,2,7,1,7
2018471801073,3,9,0,3,0,0,0,0,0,0,2,1,6,2,34,6,1598,2,5,4,1,4
2018471801074,1,9,0,18,0,0,0,0,0,0,1,1,6,2,61,9,1399,1,13,4,1,4
2018471801074,2,9,0,2,0,0,0,0,0,0,4,1,6,3,-1,-1,1598,1,12,-1,-1,-1
2018471801074,3,9,0,2,0,0,0,0,0,0,2,1,6,3,-1,-1,1598,1,8,-1,-1,-1
2018471801079,1,9,0,18,0,0,5,0,1,4,1,1,6,2,40,7,1242,1,6,7,1,7
2018471801079,2,9,0,18,0,0,0,0,0,0,1,1,2,1,44,7,-1,-1,-1,6,3,6
2018471801081,1,9,0,18,0,0,1,0,7,0,1,1,6,1,51,8,1389,1,18,6,1,6
2018471801082,1,9,0,18,0,0,0,0,7,10,1,1,6,2,76,11,1968,2,14,8,1,8
2018471801082,2,21,0,4,0,0,1,0,1,0,2,1,1,1,44,7,5193,2,5,9,1,9
2018471801083,1,1,0,18,9,1,0,0,0,0,1,1,4,1,14,3,-1,-1,-1,4,1,4
2018471801083,2,9,0,1,0,6,0,0,0,0,3,1,6,2,55,8,1329,1,6,6,1,6
2018471801084,1,9,0,18,0,0,1,0,1,9,1,1,6,2,75,10,1986,1,25,9,3,9
2018471801085,1,3,0,18,0,0,0,0,0,0,1,1,6,3,-1,-1,-1,-1,-1,-1,-1,-1
2018471801086,1,9,0,18,0,1,0,10,0,0,1,1,6,1,21,5,1598,2,3,10,1,10
2018471801086,2,19,0,2,0,1,0,0,0,0,2,1,1,1,65,9,2287,2,3,10,1,10
2018471801087,1,9,0,18,0,0,0,0,0,0,0,1,3,2,35,6,1598,2,1,9,3,9
2018471801092,1,9,0,18,0,1,0,0,0,0,1,1,6,1,24,5,1396,1,16,8,1,8
2018471801092,2,1,0,18,0,8,0,0,0,0,4,1,4,1,12,3,-1,-1,-1,8,1,8
2018471801093,1,9,0,9,0,8,0,0,0,0,3,1,6,1,35,6,2685,2,16,1,1,1
2018471801093,2,1,0,18,0,1,0,0,0,0,1,1,6,1,22,5,-1,-1,-1,7,1,7
2018471801094,1,9,0,9,0,2,0,0,0,0,1,1,6,2,29,6,1299,1,15,1,1,1
2018471801094,2,9,0,18,0,1,0,0,0,0,4,1,6,2,83,11,2198,2,11,4,1,4
2018471801096,1,1,0,17,0,8,0,0,0,0,1,1,6,1,33,6,-1,-1,-1,6,1,6
2018471801096,2,9,0,16,0,8,0,0,0,0,1,1,6,3,-1,-1,-1,-1,-1,-1,-1,-1
2018471801098,1,11,0,18,0,1,0,0,0,0,1,1,1,1,49,8,9360,2,7,3,1,3
2018471801100,1,9,0,8,0,2,0,0,0,0,0,1,6,3,-1,-1,-1,-1,-1,-1,-1,-1
2018471801100,2,3,0,9,0,8,0,10,0,0,1,1,6,1,23,5,125,1,14,5,1,5
2018471801109,1,9,0,18,0,0,0,0,0,0,1,1,6,1,24,5,2143,2,1,10,1,10
2018471801109,2,9,0,4,0,0,0,0,0,0,2,1,6,2,45,7,1560,2,10,4,1,4
2018471801110,1,9,0,18,0,0,0,0,0,0,4,1,6,1,52,8,1588,1,17,7,3,7
2018471801113,1,4,0,5,0,1,0,0,0,0,1,1,1,1,31,6,125,1,2,1,1,1
2018471801113,2,9,0,18,0,1,0,0,0,0,4,1,6,1,27,6,1968,2,1,3,1,3
2018471801117,1,9,0,18,0,2,0,0,0,0,4,1,6,1,59,9,1596,1,17,1,1,1
2018471801118,1,9,0,7,0,1,1,0,0,0,1,1,6,1,70,10,1598,1,13,6,1,6
2018471801118,2,9,0,10,0,1,0,0,0,0,2,1,6,1,32,6,1781,1,18,3,1,3
2018471801118,3,9,0,10,0,1,0,0,0,0,2,1,6,2,37,7,999,1,2,6,1,6
2018471801119,1,9,0,18,0,4,0,0,0,0,1,1,6,1,81,11,1499,2,1,6,1,6
2018471801119,2,9,0,18,0,2,0,0,0,0,4,1,6,1,33,6,-1,-1,-1,7,1,7
2018471801120,1,3,0,5,0,1,0,0,0,0,1,1,1,1,20,4,125,1,7,2,1,2
2018471801120,2,9,0,9,0,1,0,0,0,0,1,1,6,2,68,10,1998,1,3,3,1,3
2018471801122,1,9,0,5,0,4,0,0,0,0,3,1,6,1,24,5,1299,1,13,2,1,2
2018471801122,2,1,0,9,0,8,0,0,0,0,1,1,6,2,22,5,-1,-1,-1,5,1,5
2018471801123,1,9,0,10,0,0,0,0,0,0,1,1,6,1,17,4,999,1,5,4,3,4
2018471801123,2,9,0,18,0,0,5,0,1,10,1,1,6,1,54,8,1596,1,14,3,2,3
2018471801124,1,9,0,18,0,1,0,0,0,0,1,1,6,2,25,5,1598,1,12,4,1,4
2018471801124,2,9,0,18,0,8,0,0,0,0,1,1,6,2,38,7,1968,2,2,3,1,3
2018471801125,1,4,0,3,0,1,0,0,0,0,1,1,1,1,27,6,125,1,1,3,1,3
2018471801126,1,5,0,13,0,0,0,0,7,11,1,1,6,1,44,7,649,1,1,9,2,9
2018471801126,2,9,0,17,0,0,0,0,0,0,1,1,6,1,77,11,1395,1,-1,10,1,10
2018471801126,3,9,0,16,0,0,0,0,0,0,0,1,6,1,72,10,2993,2,7,9,1,9
2018471801129,1,9,0,18,0,0,2,0,1,0,4,1,6,2,20,4,1598,1,7,9,1,9
2018471801130,1,9,0,11,0,0,0,0,0,0,0,1,6,3,-1,-1,-1,-1,-1,-1,-1,-1