Accident_Index,Vehicle_Reference,Vehicle_Type,Towing_and_Articulation,Vehicle_Manoeuvre,Vehicle_Location-Restricted_Lane,Junction_Location,Skidding_and_Overturning,Hit_Object_in_Carriageway,Vehicle_Leaving_Carriageway,Hit_Object_off_Carriageway,1st_Point_of_Impact,Was_Vehicle_Left_Hand_Drive?,Journey_Purpose_of_Driver,Sex_of_Driver,Age_of_Driver,Age_Band_of_Driver,Engine_Capacity_(CC),Propulsion_Code,Age_of_Vehicle,Driver_IMD_Decile,Driver_Home_Area_Type,Vehicle_IMD_Decile
2018471801130,2,9,0,18,0,0,2,0,2,10,1,1,6,1,28,6,1598,1,15,4,1,4
2018471801131,1,9,0,9,0,6,0,0,0,0,3,1,3,2,34,6,1364,1,10,1,1,1
2018471801131,2,1,0,17,0,8,0,0,0,0,1,1,6,2,45,7,-1,-1,-1,9,1,9
2018471801134,1,9,0,9,0,2,0,0,0,0,3,1,6,2,51,8,1422,2,3,3,1,3
2018471801134,2,9,0,18,0,1,0,0,0,0,1,1,1,1,32,6,-1,-1,-1,5,1,5
2018471801137,1,9,0,7,0,6,0,0,0,0,4,1,6,1,42,7,1968,2,9,1,1,1
2018471801139,1,19,0,18,0,8,1,0,0,0,1,1,1,1,30,6,2198,2,3,6,1,6
2018471801139,2,9,0,3,0,8,0,0,0,0,2,1,1,2,67,10,1242,1,3,6,1,6
2018471801140,1,9,0,18,0,1,0,0,0,0,1,1,6,1,42,7,1796,1,16,7,1,7
2018471801140,2,9,0,18,0,1,0,0,0,0,2,1,6,1,36,7,1360,1,16,7,3,7
2018471801141,1,9,0,7,0,6,0,0,0,0,1,1,6,2,33,6,2204,2,10,4,1,4
2018471801146,1,9,0,10,9,6,0,0,0,0,1,1,6,3,-1,-1,-1,-1,-1,-1,-1,-1
2018471801146,2,1,0,18,9,8,0,0,0,0,1,1,6,1,13,3,-1,-1,-1,4,1,4
2018471801147,1,11,0,9,0,6,0,0,0,0,0,1,1,1,31,6,9000,2,14,4,1,4
2018471801148,1,9,0,9,0,6,0,0,0,0,1,1,6,1,31,6,1398,1,7,8,1,8
2018471801148,2,9,0,18,0,1,0,0,0,0,1,1,6,2,40,7,1797,8,6,3,1,3
2018471801148,3,9,0,18,0,1,0,0,0,0,1,1,6,2,53,8,1998,1,14,10,2,10
2018471801149,1,9,0,18,0,0,1,4,1,7,3,1,2,1,27,6,1988,2,11,8,1,8
2018471801149,2,9,0,2,0,0,0,0,0,0,2,1,1,1,43,7,2993,2,4,9,2,9
2018471801151,1,9,0,18,0,1,1,0,0,0,1,1,1,1,45,7,1598,2,1,1,1,1
2018471801151,2,9,0,4,0,1,0,0,0,0,2,1,6,2,52,8,1149,1,14,10,2,10
2018471801151,3,9,0,3,0,4,0,0,0,0,2,1,1,1,51,8,996,1,8,10,2,10
2018471801152,1,9,0,9,9,6,1,0,7,4,1,1,6,1,73,10,998,1,17,7,1,7
2018471801154,1,9,0,18,0,0,0,0,0,0,0,1,6,3,-1,-1,-1,-1,-1,-1,-1,-1
2018471801154,2,1,0,18,0,0,0,0,0,0,0,1,2,1,38,7,-1,-1,-1,9,1,9
2018471801157,1,9,0,4,0,1,1,4,0,0,1,1,1,1,63,9,998,1,3,5,3,5
2018471801157,2,20,0,2,0,1,0,0,0,0,4,1,6,1,46,8,2402,2,11,4,1,4
2018471801160,1,9,0,18,0,0,1,0,2,4,2,1,6,1,38,7,1998,2,15,4,1,4
2018471801162,1,19,0,16,0,0,1,0,0,0,4,1,1,1,31,6,2198,2,3,7,3,7
2018471801162,2,9,0,17,0,0,0,0,0,0,4,1,6,2,56,9,1596,1,9,5,2,5
2018471801165,1,9,0,4,0,1,1,0,0,0,1,1,2,2,34,6,1796,1,14,5,1,5
2018471801165,2,1,0,18,0,8,0,0,0,0,4,1,6,2,50,8,-1,-1,-1,6,1,6
2018471801169,1,9,0,18,0,2,0,0,0,0,1,1,6,2,70,10,1398,1,7,9,1,9
2018471801169,2,9,0,18,0,1,0,0,0,0,4,1,6,2,38,7,1198,1,3,8,1,8
2018471801170,1,19,0,18,0,0,0,0,0,0,4,1,6,3,30,6,-1,-1,-1,-1,-1,-1
2018471801172,1,9,0,18,0,0,1,0,0,0,1,1,2,2,50,8,2179,2,11,10,1,10
2018471801172,2,19,0,18,0,0,0,0,0,0,2,1,2,2,44,7,-1,-1,-1,8,1,8
2018471801172,3,9,0,18,0,0,0,0,0,0,0,1,6,1,-1,-1,-1,-1,-1,-1,-1,-1
2018471801173,1,9,0,17,0,0,1,0,5,6,3,1,2,1,58,9,2720,2,10,5,1,5
2018471801173,2,9,0,17,0,0,0,0,0,0,0,1,6,2,63,9,1242,1,1,6,1,6
2018471801181,1,9,0,18,0,1,0,0,0,0,2,1,6,1,24,5,2720,2,12,4,1,4
2018471801181,2,19,0,18,0,1,1,0,0,0,1,1,1,1,52,8,2148,2,12,6,2,6
2018471801181,3,9,0,18,0,1,1,0,0,0,1,1,6,2,32,6,-1,-1,-1,2,1,2
2018471801181,4,9,0,7,0,5,0,0,0,0,0,1,6,3,-1,-1,-1,-1,-1,-1,-1,-1
2018471801182,1,9,0,9,0,1,0,0,0,0,3,1,6,1,58,9,998,1,7,9,1,9
2018471801182,2,9,0,18,0,1,0,0,0,0,1,1,6,1,21,5,1598,1,20,1,1,1
2018471801183,1,9,0,18,0,0,1,0,0,0,2,1,6,1,38,7,1998,8,1,4,1,4
2018471801183,2,9,0,18,0,0,0,0,0,0,1,1,6,1,33,6,2143,2,2,5,1,5
2018471801184,1,9,0,17,0,0,1,7,0,0,1,1,6,1,20,4,2143,2,2,4,1,4
2018471801189,1,9,0,17,0,2,1,0,0,0,1,1,2,1,24,5,1999,1,11,9,1,9
2018471801189,2,9,0,16,0,1,0,0,0,0,3,1,2,2,35,6,1399,2,6,10,1,10
2018471801190,1,9,0,18,0,0,1,0,0,0,1,1,6,2,40,7,1598,2,3,6,1,6
2018471801190,2,9,0,18,0,0,0,0,0,0,2,1,6,1,80,11,1598,1,4,10,1,10
2018471801196,1,21,0,18,0,1,1,0,7,0,3,1,1,1,28,6,3920,2,7,1,1,1
2018471801196,2,20,0,18,0,2,0,0,0,0,0,1,6,3,-1,-1,-1,-1,-1,-1,-1,-1
2018471801198,1,9,0,4,0,4,0,0,0,0,1,1,6,1,35,6,2143,2,-1,8,2,8
2018471801198,2,9,0,4,0,4,0,0,0,0,2,1,6,2,39,7,1956,2,7,6,3,6
2018471801198,3,9,0,5,0,8,0,0,0,0,0,1,6,3,-1,-1,-1,-1,-1,-1,-1,-1
2018471801199,1,9,0,18,0,0,1,4,0,0,1,1,6,1,17,4,1242,1,7,6,1,6
2018471801199,2,9,0,2,6,0,0,0,0,0,2,1,6,3,-1,-1,2143,2,3,-1,-1,-1
2018471801202,1,9,0,5,0,4,0,0,0,0,3,1,6,3,-1,-1,-1,-1,-1,-1,-1,-1
2018471801202,2,9,0,18,0,8,0,0,0,0,1,1,6,1,70,10,1598,2,2,9,2,9
2018471801204,1,19,0,18,0,1,0,0,3,11,1,1,6,1,63,9,1753,2,13,7,1,7
2018471801210,1,9,0,18,0,0,0,0,7,10,1,1,6,3,30,6,1493,2,14,5,2,5
2018471801210,2,9,0,2,9,0,0,0,0,0,3,1,6,3,-1,-1,1461,2,8,-1,-1,-1
2018471801210,3,9,0,2,9,0,0,0,0,0,1,1,6,3,-1,-1,1956,2,3,-1,-1,-1
2018471801212,1,19,0,18,9,8,0,0,1,2,1,1,1,1,39,7,2198,2,2,2,1,2
2018471801218,1,9,0,7,9,6,0,0,0,0,1,1,6,1,36,7,1124,1,16,3,1,3
2018471801219,1,9,0,18,0,2,0,0,0,0,3,1,6,1,45,7,1598,1,11,6,1,6
2018471801219,2,9,0,9,0,6,0,0,0,0,3,1,6,2,26,6,998,1,9,9,1,9
2018471801222,1,9,0,18,0,1,0,0,0,0,4,1,6,1,55,8,1796,1,12,3,1,3
2018471801222,2,8,0,2,0,2,0,0,0,0,0,1,1,1,50,8,1995,2,4,3,1,3
2018471801225,1,9,0,12,0,0,0,0,0,0,3,1,6,3,-1,-1,-1,-1,-1,-1,-1,-1
2018471801225,2,9,0,11,0,0,5,0,1,0,4,1,2,1,48,8,1587,1,12,5,1,5
2018471801227,1,9,0,18,0,0,1,0,4,6,1,1,2,1,46,8,-1,-1,-1,5,1,5
2018471801232,1,9,0,9,0,8,0,0,0,0,4,1,6,1,50,8,1598,1,8,-1,-1,-1
2018471801232,2,9,0,18,0,8,0,0,0,0,3,1,6,1,35,6,1997,2,4,4,1,4
2018471801235,1,1,0,7,0,2,0,0,0,0,3,1,6,1,39,7,-1,-1,-1,-1,-1,-1
2018471801235,2,9,0,18,0,2,0,0,0,0,4,1,6,2,54,8,998,1,7,3,1,3
2018471801238,1,9,0,7,0,5,0,0,0,0,4,1,6,1,30,6,-1,-1,-1,-1,-1,-1
2018471801238,2,1,0,18,4,8,0,0,0,0,3,1,6,1,19,4,-1,-1,-1,3,1,3
2018471801239,1,9,0,17,0,0,2,0,1,4,1,1,6,2,61,9,1343,1,15,8,1,8
2018471801243,1,9,0,7,0,1,0,0,0,0,4,1,1,1,42,7,1598,2,1,2,1,2
2018471801243,2,1,0,15,0,1,0,0,0,0,1,1,6,2,26,6,-1,-1,-1,5,1,5
2018471801244,1,9,0,17,0,0,5,0,7,4,1,1,1,1,33,6,1398,1,5,5,2,5
2018471801245,1,8,0,6,0,8,0,0,0,0,1,1,6,3,-1,-1,-1,-1,-1,-1,-1,-1
2018471801245,2,9,0,3,0,2,0,0,0,0,0,1,6,1,28,6,1200,1,1,-1,-1,-1
2018471801246,1,9,0,14,0,0,0,0,0,0,1,1,6,1,64,9,2499,2,14,9,2,9
2018471801246,2,9,0,18,0,0,0,0,1,0,1,1,2,2,24,5,1968,2,2,10,1,10
2018471801246,3,19,0,2,0,0,0,0,0,0,0,1,6,3,-1,-1,-1,-1,-1,-1,-1,-1
2018471801248,1,11,0,1,2,1,0,0,0,0,2,1,6,1,43,7,9000,2,1,3,1,3
2018471801249,1,9,0,9,0,6,0,0,0,0,1,1,6,1,24,5,1598,1,12,7,1,7
2018471801249,2,9,0,18,0,8,2,0,7,9,3,1,6,1,55,8,1969,8,1,5,1,5
2018471801251,1,9,0,18,0,0,0,0,0,0,1,1,6,1,29,6,1910,2,13,7,1,7
2018471801251,2,9,0,13,0,0,0,0,0,0,3,1,2,1,56,9,1598,1,8,6,1,6
2018471801251,3,9,0,18,0,0,1,10,1,9,2,1,6,2,64,9,999,1,3,9,1,9
2018471801255,1,11,0,5,2,2,0,0,0,0,4,1,1,1,58,9,9000,2,9,4,1,4
2018471801257,1,8,0,5,0,4,0,0,0,0,3,1,1,1,36,7,1968,2,4,2,1,2
2018471801257,2,9,0,18,0,3,5,0,7,2,4,1,6,2,20,4,1364,1,11,10,1,10
2018471801259,1,11,0,17,0,0,0,0,0,0,0,1,6,1,47,8,6700,2,7,6,1,6
2018471801261,1,9,0,18,0,8,0,0,0,10,1,1,6,1,29,6,1598,1,14,6,1,6
2018471801263,1,9,0,9,0,8,0,0,0,0,4,1,6,1,22,5,1587,1,13,3,1,3
2018471801264,1,9,0,7,0,2,0,0,0,0,3,1,6,3,26,6,2000,1,17,6,1,6
2018471801264,2,9,0,18,0,1,1,0,0,0,1,1,6,1,42,7,1560,2,6,9,1,9
2018471801265,1,9,0,18,0,0,0,0,0,0,1,1,6,2,54,8,1229,1,4,8,3,8
2018471801265,2,9,0,2,0,0,0,0,0,0,2,1,6,3,-1,-1,1998,1,20,-1,-1,-1
2018471801266,1,11,0,5,8,8,0,0,0,0,0,1,1,1,33,6,9000,2,11,5,1,5
2018471801268,1,9,0,18,0,0,2,0,1,1,1,1,6,2,23,5,1868,2,17,10,1,10
2018471801268,2,9,0,18,0,0,1,0,1,0,3,1,6,2,35,6,1587,1,15,9,1,9
2018471801269,1,9,0,9,0,8,0,0,0,0,3,1,6,1,19,4,1198,1,9,8,1,8
2018471801269,2,9,0,2,0,1,0,0,0,0,3,1,6,1,72,10,1598,1,15,8,1,8
2018471801269,3,19,0,18,0,1,0,0,0,0,3,1,6,1,27,6,1560,2,4,8,1,8
2018471801274,1,9,0,1,0,1,0,0,0,0,2,1,6,1,65,9,2400,2,2,9,1,9
2018471801275,1,19,0,9,0,5,0,0,0,0,3,1,6,1,45,7,1870,2,14,7,3,7
2018471801275,2,8,0,16,0,8,0,0,0,0,4,1,1,1,56,9,1910,2,8,4,1,4
2018471801278,1,9,0,5,0,6,0,0,0,0,1,1,6,1,65,9,1461,2,3,3,1,3
2018471801278,2,9,0,2,0,8,0,0,0,0,4,1,6,1,45,7,2199,2,3,4,1,4
2018471801279,1,9,0,18,0,0,0,0,0,0,3,1,6,1,32,6,1598,2,3,4,1,4
2018471801279,2,1,0,18,0,0,0,0,0,0,1,1,4,1,10,2,-1,-1,-1,3,1,3
2018471801280,1,3,0,18,0,1,0,0,0,0,4,1,6,1,45,7,124,1,2,8,1,8
2018471801280,2,20,0,2,0,1,0,0,0,0,0,1,6,3,-1,-1,-1,-1,-1,-1,-1,-1
2018471801281,1,9,0,1,9,1,0,0,0,0,2,1,6,2,37,7,-1,-1,-1,-1,-1,-1
2018471801281,2,1,0,18,0,2,0,0,0,0,3,1,4,1,13,3,-1,-1,-1,6,1,6
2018471801282,1,9,0,4,0,0,0,0,0,0,1,1,6,2,50,8,1349,1,4,10,1,10
2018471801282,2,9,0,4,0,0,0,0,0,0,2,1,6,2,28,6,1598,1,12,2,1,2
2018471801282,3,9,0,4,0,0,0,0,0,0,0,1,6,1,25,5,-1,-1,-1,-1,-1,-1
2018471801282,4,4,0,9,0,0,0,0,0,0,0,1,6,3,29,6,-1,-1,-1,-1,-1,-1
2018471801284,1,9,0,18,0,0,1,0,1,4,1,1,6,2,27,6,1798,1,10,6,-1,6
2018471801285,1,8,0,9,0,6,0,0,0,0,3,1,1,1,32,6,-1,-1,-1,5,1,5
2018471801285,2,5,0,18,0,1,1,0,0,0,3,1,6,1,58,9,9488,1,26,8,1,8
2018471801287,1,9,0,9,0,6,0,0,0,0,3,1,6,2,37,7,1360,1,9,2,1,2
2018471801287,2,9,0,18,0,8,0,0,0,0,1,1,2,1,50,8,2494,2,31,5,2,5
2018471801288,1,9,0,18,0,1,0,0,0,0,4,1,6,1,24,5,1968,2,10,5,3,5
2018471801288,2,9,0,3,0,1,0,0,0,0,2,1,6,1,33,6,1200,1,5,3,1,3
2018471801292,1,9,0,13,0,0,1,0,1,2,1,1,2,1,24,5,2987,2,3,5,-1,5
2018471801292,2,9,0,18,0,0,0,0,0,0,3,1,6,2,33,6,1596,1,10,8,1,8
2018471801292,3,9,0,18,0,0,0,0,0,0,0,1,6,3,-1,-1,-1,-1,-1,-1,-1,-1
2018471801292,4,9,0,18,0,0,0,0,0,0,0,1,6,3,-1,-1,-1,-1,-1,-1,-1,-1
2018471801297,1,9,0,9,0,6,0,0,0,0,2,1,6,1,78,11,2099,1,15,6,1,6
2018471801297,2,9,0,18,0,1,0,0,0,0,2,1,6,1,31,6,1598,1,10,6,1,6
2018471801300,1,9,0,4,0,1,0,0,0,0,1,1,6,1,34,6,1388,1,12,4,1,4
2018471801300,2,9,0,4,0,1,0,0,0,0,2,1,6,2,39,7,998,1,6,8,1,8
2018471801300,3,9,0,4,0,1,0,0,0,0,0,1,6,3,-1,-1,-1,-1,-1,-1,-1,-1
2018471801301,1,9,0,1,0,8,0,0,0,0,2,1,6,1,60,9,1390,1,6,5,1,5
2018471801302,1,19,0,18,0,0,0,0,0,0,4,1,1,1,62,9,2143,2,4,4,1,4
2018471801303,1,21,0,18,0,0,0,0,0,0,3,1,6,3,-1,-1,-1,-1,-1,-1,-1,-1
2018471801303,2,21,0,18,0,0,0,0,0,0,3,1,1,1,64,9,4500,2,1,-1,-1,-1
2018471801304,1,9,0,12,0,1,0,0,0,0,3,1,6,3,33,6,1995,2,14,7,1,7
2018471801304,2,9,0,18,0,1,0,0,0,0,4,1,6,2,30,6,1997,1,15,9,1,9
2018471801305,1,9,0,18,0,0,0,0,0,0,4,1,2,1,74,10,1197,1,1,-1,-1,-1
2018471801306,1,9,0,17,0,8,0,0,0,0,1,1,6,2,66,10,1560,2,9,5,3,5
2018471801306,2,1,0,10,0,8,0,0,0,0,1,1,6,1,72,10,-1,-1,-1,4,1,4
2018471801311,1,9,0,18,0,1,0,0,0,0,1,1,6,3,-1,-1,-1,-1,-1,-1,-1,-1
2018471801316,1,9,0,18,0,0,0,0,7,4,1,1,1,1,78,11,1783,1,14,10,1,10
2018471801316,2,19,0,18,0,0,0,0,1,0,3,1,1,1,48,8,1997,2,1,2,-1,2
2018471801318,1,9,0,18,0,0,0,0,0,0,1,1,6,1,95,11,1388,1,13,7,2,7
2018471801318,2,9,0,4,0,0,0,0,0,0,2,1,6,2,69,10,1991,2,8,9,1,9
2018471801322,1,19,0,18,0,0,0,0,0,0,2,1,1,1,27,6,2198,2,3,6,1,6
2018471801322,2,9,0,4,0,0,0,0,0,0,2,1,1,1,39,7,1598,2,2,9,2,9
2018471801322,3,9,0,4,0,0,0,0,0,0,2,1,1,1,47,8,1598,1,9,10,1,10
2018471801323,1,3,0,4,0,0,0,0,0,0,1,1,2,2,20,4,124,1,10,5,1,5
2018471801323,2,9,0,4,0,0,1,0,0,0,1,1,6,1,46,8,1560,2,5,7,2,7
2018471801324,1,1,0,4,0,6,1,0,0,0,3,1,4,1,14,3,-1,-1,-1,5,1,5
2018471801324,2,8,0,4,0,1,0,0,0,0,0,1,1,1,40,7,-1,-1,-1,-1,-1,-1
2018471801325,1,9,0,7,0,5,0,0,0,0,4,1,6,2,25,5,998,1,3,5,1,5
2018471801325,2,1,0,18,4,8,0,0,0,0,1,1,6,1,19,4,-1,-1,-1,4,1,4
2018471801328,1,9,0,18,0,0,0,0,7,0,1,1,6,1,25,5,1200,1,4,10,1,10
2018471801328,2,9,0,18,0,0,0,0,0,0,4,1,6,2,41,7,1229,1,9,2,1,2
2018471801329,1,11,0,5,0,0,0,0,0,0,0,1,6,1,40,7,9000,2,12,7,1,7
2018471801329,2,4,0,18,0,0,0,0,0,0,0,1,6,1,39,7,125,1,2,3,1,3
2018471801330,1,9,0,9,0,1,0,0,1,0,1,1,6,1,81,11,1560,2,5,6,1,6
2018471801330,2,9,0,18,0,1,0,0,0,0,1,1,6,2,43,7,1998,1,-1,6,1,6
2018471801330,3,9,0,18,0,1,0,0,0,0,2,1,1,2,24,5,998,1,4,10,1,10
2018471801331,1,9,0,18,0,0,0,0,1,4,1,1,6,1,34,6,2720,2,12,9,1,9
2018471801339,1,9,0,18,0,4,0,0,0,0,1,1,6,2,20,4,998,1,14,5,1,5
2018471801339,2,1,0,18,0,8,0,0,0,0,4,1,2,1,43,7,-1,-1,-1,5,1,5
2018471801341,1,9,0,4,0,2,0,0,0,0,2,1,6,1,47,8,2446,2,17,6,3,6
2018471801343,1,9,0,10,0,1,0,0,0,0,1,1,6,2,27,6,2179,2,10,10,1,10
2018471801343,2,1,0,18,0,8,0,0,0,0,1,1,6,1,47,8,-1,-1,-1,9,1,9
2018471801345,1,9,0,18,0,1,5,4,0,0,1,1,6,1,42,7,1499,2,1,2,1,2
2018471801345,2,9,0,2,0,1,0,0,0,0,2,1,6,3,-1,-1,1149,1,9,-1,-1,-1
2018471801347,1,9,0,7,0,8,0,0,0,0,1,1,6,3,30,6,-1,-1,-1,-1,-1,-1
2018471801347,2,9,0,7,0,8,0,0,0,0,2,1,6,1,33,6,1598,2,3,9,1,9
2018471801350,1,9,0,5,0,0,0,0,0,0,3,1,6,1,26,6,1984,1,17,5,1,5
2018471801350,2,11,0,4,0,0,0,0,0,0,1,1,1,1,62,9,4760,2,6,7,1,7
2018471801353,1,9,0,4,0,0,0,0,0,0,1,1,6,1,31,6,2996,1,12,5,1,5
2018471801353,2,9,0,4,0,0,0,0,0,0,2,1,6,1,54,8,1242,1,15,2,1,2
2018471801354,1,9,0,18,0,1,1,0,0,0,1,1,6,2,34,6,1396,2,7,5,3,5
2018471801354,2,9,0,18,0,1,0,0,0,0,2,1,6,1,35,6,1968,2,1,6,1,6
2018471801354,3,9,0,18,0,1,0,0,0,0,2,1,6,2,23,5,1360,1,11,4,1,4
2018471801354,4,9,0,10,0,1,0,0,0,0,2,1,6,1,52,8,1600,1,19,6,1,6
2018471801355,1,9,0,9,0,6,0,0,0,0,1,1,6,1,37,7,1997,2,5,4,1,4
2018471801355,2,1,0,18,0,8,0,0,0,0,4,1,6,1,67,10,-1,-1,-1,10,1,10
2018471801356,1,9,0,16,0,0,0,0,7,9,1,1,6,1,21,5,998,1,10,7,1,7
2018471801356,2,9,0,17,0,0,0,0,1,9,1,1,6,2,18,4,-1,-1,-1,7,3,7
2018471801358,1,9,0,9,0,6,0,0,0,0,1,1,6,1,86,11,1390,1,8,8,3,8
2018471801358,2,9,0,18,0,1,0,0,0,0,4,1,6,2,24,5,1499,1,2,9,1,9
2018471801360,1,9,0,9,0,5,0,0,0,0,1,1,6,1,22,5,999,1,2,4,1,4
2018471801360,2,9,0,18,0,8,0,0,0,0,1,1,2,1,43,7,1896,2,15,9,1,9
2018471801365,1,19,0,9,0,6,0,0,0,0,3,1,6,1,27,6,2463,2,12,6,3,6
2018471801365,2,19,0,18,0,1,0,0,7,11,1,1,6,1,49,8,1968,2,7,8,1,8
2018471801367,1,9,0,3,0,1,0,0,0,0,4,1,6,1,60,9,1200,1,3,10,1,10
2018471801367,2,9,0,10,0,1,0,0,0,0,4,1,6,2,39,7,1598,1,11,10,1,10
2018471801367,3,9,0,18,0,1,0,0,0,0,3,1,6,1,74,10,1298,1,14,5,1,5
2018471801368,1,9,0,18,0,1,0,0,0,0,1,1,6,1,30,6,-1,-1,-1,-1,-1,-1
2018471801368,2,19,0,3,0,1,0,0,0,0,2,1,6,1,38,7,1560,2,2,7,1,7
2018471801368,3,9,0,3,0,1,0,0,0,0,2,1,6,2,42,7,1198,1,8,7,1,7
2018471801370,1,19,4,18,0,8,0,0,0,0,1,1,6,1,26,6,2402,2,15,9,2,9
2018471801370,2,1,0,7,0,8,0,0,0,0,2,1,6,2,33,6,-1,-1,-1,9,1,9
2018471801371,1,9,0,18,0,8,0,0,0,0,1,1,6,1,21,5,1995,1,11,8,3,8
2018471801372,1,9,0,1,0,2,0,0,0,0,2,1,1,1,39,7,-1,-1,-1,3,1,3
2018471801373,1,9,0,17,0,0,0,0,1,4,1,1,6,1,89,11,1595,1,6,9,1,9
2018471801375,1,9,0,15,0,0,1,0,4,0,1,1,6,3,-1,-1,1590,1,15,-1,-1,-1
2018471801375,2,9,0,18,0,0,0,0,4,1,2,1,6,2,35,6,998,1,18,4,1,4
2018471801377,1,9,0,5,0,8,0,0,0,0,1,1,6,1,46,8,1598,1,11,7,1,7
2018471801377,2,1,0,18,0,8,0,0,0,0,4,1,6,1,48,8,-1,-1,-1,4,1,4
2018471801378,1,21,0,12,0,0,0,0,0,0,3,1,1,1,36,7,-1,-1,-1,7,1,7
2018471801378,2,9,0,18,0,0,0,0,0,0,2,1,6,2,46,8,1497,1,15,4,1,4
2018471801378,3,19,4,18,0,0,1,0,0,0,1,1,1,1,30,6,2298,2,4,9,1,9
2018471801378,4,20,0,2,6,0,0,0,0,0,0,1,6,3,-1,-1,-1,-1,-1,-1,-1,-1
2018471801382,1,9,0,9,0,5,0,0,0,0,1,1,6,1,53,8,1497,8,4,1,1,1
2018471801383,1,9,0,18,0,1,0,0,0,0,1,1,6,1,40,7,1796,1,14,4,1,4
2018471801383,2,9,0,18,0,1,0,0,0,0,2,1,6,1,35,6,1596,1,18,5,3,5
2018471801383,3,9,0,18,0,1,0,0,0,0,2,1,6,1,33,6,1796,1,15,1,1,1
2018471801384,1,9,0,18,0,0,0,12,0,0,1,1,6,2,73,10,1339,1,8,9,2,9
2018471801385,1,9,0,17,0,2,5,0,1,9,4,1,6,1,73,10,1360,1,17,9,1,9
2018471801388,1,3,0,18,0,0,1,0,0,0,0,1,6,1,25,5,125,1,-1,10,1,10
2018471801390,1,2,0,18,0,0,1,0,0,0,0,1,6,2,16,4,50,1,6,6,1,6
2018471801397,1,9,0,18,0,1,0,0,0,0,1,1,6,1,83,11,1598,1,11,8,3,8
2018471801397,2,9,0,3,0,1,0,0,0,0,2,1,6,2,41,7,1199,1,15,7,1,7
2018471801405,1,9,0,5,0,8,0,0,0,0,1,1,1,3,30,6,999,1,5,-1,-1,-1
2018471801405,2,1,0,18,0,8,0,0,0,0,2,1,6,2,26,6,-1,-1,-1,8,1,8
2018471801406,1,19,0,4,0,4,0,0,0,0,1,1,6,1,40,7,1560,2,10,5,1,5
2018471801406,2,9,0,3,0,4,0,0,0,0,2,1,6,2,31,6,1198,1,4,7,1,7
2018471801407,1,9,0,9,0,6,0,0,0,0,0,1,6,1,23,5,-1,-1,-1,-1,-1,-1
2018471801407,2,5,0,18,0,1,0,0,0,0,0,1,2,1,45,7,599,1,20,2,1,2
2018471801408,1,9,0,10,0,6,0,0,7,0,3,1,6,2,51,8,1796,1,17,4,1,4
2018471801408,2,10,0,18,0,2,0,0,0,0,1,1,1,1,42,7,-1,-1,-1,5,1,5
2018471801412,1,11,0,18,0,0,0,0,0,0,1,1,1,2,55,8,4461,2,5,4,1,4
2018471801416,1,9,0,18,0,1,0,0,0,0,1,1,2,1,35,6,2179,2,11,3,1,3
2018471801416,2,8,0,4,0,1,0,0,0,0,2,1,1,1,45,7,1560,2,7,3,1,3
2018471801418,1,5,0,12,0,0,0,0,0,0,1,1,6,1,19,4,689,1,3,9,1,9
2018471801418,2,9,0,4,0,0,0,0,0,0,2,1,6,2,51,8,1997,1,2,3,1,3
2018471801418,3,9,0,11,0,0,0,0,0,0,0,1,6,2,30,6,1600,2,7,-1,-1,-1
2018471801420,1,9,0,9,0,5,0,0,0,0,0,1,6,1,77,11,1700,2,18,3,1,3
2018471801420,2,2,0,18,0,1,1,0,0,0,0,1,4,1,16,4,49,1,15,7,1,7
2018471801422,1,9,0,9,0,8,0,0,0,0,0,1,6,3,-1,-1,-1,-1,-1,-1,-1,-1
2018471801423,1,9,0,9,0,2,0,0,0,0,0,1,6,1,40,7,-1,-1,-1,-1,-1,-1
2018471801423,2,2,0,7,0,8,0,0,0,0,0,1,6,1,18,4,125,1,1,10,3,10
2018471801424,1,4,0,13,0,1,0,0,0,0,4,1,2,1,26,6,124,1,6,6,3,6
2018471801424,2,9,0,9,0,1,0,0,0,0,3,1,6,1,24,5,1398,2,14,7,1,7
2018471801425,1,9,0,18,0,1,0,0,1,0,1,1,6,1,19,4,1461,2,12,6,1,6
2018471801428,1,9,0,9,0,0,0,0,0,0,3,1,6,3,-1,-1,-1,-1,-1,-1,-1,-1
2018471801428,2,1,0,18,0,0,0,0,0,0,1,1,6,1,56,9,-1,-1,-1,5,1,5
2018471801432,1,9,0,16,0,0,0,0,0,0,1,1,6,1,37,7,1905,2,21,5,2,5
2018471801432,2,9,0,17,0,0,0,0,0,0,1,1,2,1,38,7,1598,1,15,10,3,10
2018471801434,1,11,0,4,7,0,0,0,0,0,0,1,1,1,56,9,9000,2,9,8,1,8
2018471801435,1,9,0,9,0,6,0,0,0,0,1,1,6,1,21,5,1368,1,10,3,1,3
2018471801435,2,9,0,18,0,8,0,0,0,0,1,1,6,1,35,6,1796,1,14,2,1,2
2018471801435,3,9,0,4,0,1,0,0,0,0,0,1,6,1,-1,-1,-1,-1,-1,-1,-1,-1
2018471801437,1,9,0,9,0,8,0,0,0,0,1,2,6,1,53,8,1995,2,13,6,2,6