Accident_Index,Vehicle_Reference,Vehicle_Type,Towing_and_Articulation,Vehicle_Manoeuvre,Vehicle_Location-Restricted_Lane,Junction_Location,Skidding_and_Overturning,Hit_Object_in_Carriageway,Vehicle_Leaving_Carriageway,Hit_Object_off_Carriageway,1st_Point_of_Impact,Was_Vehicle_Left_Hand_Drive?,Journey_Purpose_of_Driver,Sex_of_Driver,Age_of_Driver,Age_Band_of_Driver,Engine_Capacity_(CC),Propulsion_Code,Age_of_Vehicle,Driver_IMD_Decile,Driver_Home_Area_Type,Vehicle_IMD_Decile
2018471801437,2,9,0,18,0,1,0,0,0,0,1,2,6,2,25,5,1799,1,12,6,1,6
2018471801438,1,9,0,16,0,1,0,0,3,0,1,1,2,1,57,9,2993,2,7,9,1,9
2018471801438,2,9,0,18,0,1,0,0,0,0,1,1,6,2,20,4,1368,1,8,7,1,7
2018471801439,1,9,0,5,0,4,0,0,0,0,1,1,1,2,39,7,2494,1,14,5,1,5
2018471801440,1,9,0,10,0,6,0,0,0,0,1,1,6,1,50,8,1328,1,12,2,1,2
2018471801440,2,9,0,18,0,8,0,0,0,0,1,1,6,1,64,9,1686,2,4,7,1,7
2018471801443,1,19,0,16,0,0,1,10,0,11,1,1,1,1,55,8,2298,2,3,5,1,5
2018471801443,2,9,0,17,0,0,0,0,0,0,4,1,6,2,55,8,1968,2,6,7,1,7
2018471801448,1,1,0,18,0,1,0,0,0,0,3,1,1,1,49,8,-1,-1,-1,8,1,8
2018471801448,2,9,0,18,0,1,0,0,0,0,4,1,6,1,26,6,1995,1,7,4,1,4
2018471801453,1,3,0,17,0,0,0,0,0,0,1,1,6,1,17,4,124,1,2,4,1,4
2018471801453,2,3,0,17,0,0,0,0,0,0,1,1,6,1,24,5,124,1,30,2,1,2
2018471801453,3,9,0,18,0,0,0,0,0,0,0,1,6,1,22,5,998,1,11,6,1,6
2018471801453,4,9,0,16,0,0,0,0,0,0,1,1,6,2,20,4,998,1,2,4,1,4
2018471801455,1,9,0,9,0,8,0,0,0,0,1,1,3,2,45,7,1590,1,18,5,1,5
2018471801455,2,9,0,9,0,8,0,0,0,0,3,1,3,2,50,8,1781,1,16,4,1,4
2018471801457,1,9,0,18,0,1,0,0,0,0,4,1,6,2,45,7,1797,8,8,4,1,4
2018471801458,1,9,0,18,0,8,0,0,0,0,1,1,6,3,-1,-1,-1,-1,-1,-1,-1,-1
2018471801458,2,9,0,2,0,8,0,0,0,0,2,1,6,2,36,7,1586,1,2,6,1,6
2018471801459,1,9,0,18,0,0,0,0,0,0,1,1,6,2,39,7,1598,1,15,5,1,5
2018471801459,2,9,0,18,0,0,0,0,0,0,2,1,6,2,41,7,1998,1,2,8,1,8
2018471801460,1,9,0,4,0,2,0,0,0,0,1,1,6,1,50,8,2143,2,1,10,1,10
2018471801460,2,1,0,18,0,8,0,0,0,0,4,1,1,1,23,5,-1,-1,-1,7,1,7
2018471801460,3,1,0,18,0,8,0,0,0,0,1,1,1,1,35,6,-1,-1,-1,9,1,9
2018471801461,1,9,0,13,0,0,1,0,1,1,3,1,2,1,49,8,1995,2,6,9,1,9
2018471801461,2,21,0,18,0,0,0,0,0,0,0,1,6,1,-1,-1,-1,-1,-1,-1,-1,-1
2018471801462,1,9,0,5,0,1,0,0,0,0,1,1,6,3,-1,-1,-1,-1,-1,-1,-1,-1
2018471801462,2,1,0,5,0,8,0,0,0,0,1,1,4,1,15,3,-1,-1,-1,1,1,1
2018471801466,1,19,0,13,0,2,0,0,0,0,4,1,1,3,27,6,1995,2,2,8,1,8
2018471801466,2,1,0,14,0,2,0,0,0,0,3,1,2,1,25,5,-1,-1,-1,4,1,4
2018471801466,3,11,0,2,0,2,0,0,0,0,0,1,1,1,-1,-1,-1,-1,-1,-1,-1,-1
2018471801467,1,9,0,9,0,8,0,0,0,0,3,1,6,2,40,7,1598,1,11,10,1,10
2018471801467,2,1,0,17,0,8,0,0,0,0,1,1,6,1,39,7,-1,-1,-1,5,1,5
2018471801469,1,8,0,18,0,0,0,0,0,0,3,1,6,1,30,6,1999,1,11,10,1,10
2018471801469,2,9,0,18,0,0,0,0,0,0,3,1,6,2,22,5,1753,2,9,2,1,2
2018471801473,1,9,0,16,0,0,1,0,1,1,1,1,2,2,22,5,1598,1,9,4,1,4
2018471801476,1,19,0,18,0,3,0,0,0,0,1,1,6,1,61,9,1560,2,5,8,1,8
2018471801477,1,9,0,9,0,6,0,0,0,0,3,1,6,1,52,8,1685,2,6,9,3,9
2018471801477,2,9,0,18,0,8,0,0,0,0,1,1,6,2,32,6,1896,2,17,9,1,9
2018471801479,1,9,0,17,0,0,5,0,1,4,4,1,6,2,20,4,1229,1,5,9,3,9
2018471801480,1,9,0,9,0,8,0,0,0,0,4,1,1,2,35,6,2953,2,16,3,1,3
2018471801480,2,3,0,18,0,8,0,0,0,0,1,1,6,1,27,6,124,1,3,4,1,4
2018471801481,1,9,0,18,0,1,1,0,0,0,1,1,6,2,45,7,1397,1,15,6,1,6
2018471801481,2,9,0,18,0,8,1,0,0,0,4,1,6,2,27,6,2204,2,11,6,3,6
2018471801482,1,1,0,18,9,0,0,0,0,2,1,1,2,1,22,5,-1,-1,-1,3,1,3
2018471801483,1,9,0,18,0,0,1,0,1,9,1,1,1,1,32,6,1598,2,1,4,1,4
2018471801484,1,9,0,9,0,6,0,0,0,0,3,1,6,1,23,5,1390,1,12,9,1,9
2018471801484,2,9,0,18,0,1,0,0,0,0,1,1,6,2,39,7,1968,2,8,6,3,6
2018471801491,1,9,0,18,0,0,0,10,2,4,1,1,6,1,38,7,2979,1,2,10,1,10
2018471801493,1,9,0,18,0,2,0,0,0,0,4,1,6,1,39,7,1461,2,2,7,1,7
2018471801493,2,9,0,3,0,1,0,0,0,0,0,1,6,1,55,8,1598,1,10,2,1,2
2018471801497,1,9,0,16,0,2,0,0,1,10,4,1,6,2,52,8,1716,2,16,4,3,4
2018471801498,1,9,0,9,0,6,0,0,0,0,3,1,6,1,74,10,1499,1,2,9,3,9
2018471801498,2,2,0,18,0,8,1,0,0,0,1,1,6,2,25,5,125,1,4,2,1,2
2018471801501,1,19,0,16,0,0,1,0,7,4,1,1,1,1,22,5,2402,2,8,6,2,6
2018471801502,1,1,0,18,0,0,0,4,0,0,4,1,6,2,52,8,-1,-1,-1,5,3,5
2018471801502,2,9,0,2,6,0,0,0,0,0,0,1,6,3,-1,-1,1461,2,2,-1,-1,-1
2018471801503,1,9,0,18,0,4,0,0,0,0,1,1,6,1,28,6,1364,1,12,6,1,6
2018471801503,2,1,0,9,0,8,0,0,0,0,4,1,6,1,36,7,-1,-1,-1,8,1,8
2018471801506,1,9,0,18,0,0,0,0,0,0,3,1,6,1,69,10,1197,1,5,1,1,1
2018471801506,2,9,0,18,0,0,0,0,0,0,3,1,6,1,47,8,1364,1,12,5,1,5
2018471801507,1,8,0,18,0,1,0,0,0,0,1,1,1,1,33,6,1560,2,1,8,1,8
2018471801509,1,19,0,18,0,1,0,0,0,0,1,1,6,1,39,7,1248,2,10,3,1,3
2018471801509,2,9,0,18,0,2,0,0,0,0,1,1,6,1,28,6,1590,1,16,1,1,1
2018471801509,3,9,0,2,0,2,0,0,0,0,0,1,6,3,-1,-1,1753,2,12,-1,-1,-1
2018471801511,1,20,0,15,0,0,0,0,0,0,3,1,1,1,51,8,-1,-1,-1,7,1,7
2018471801511,2,1,0,18,0,0,0,0,0,0,1,1,1,2,55,8,-1,-1,-1,9,3,9
2018471801512,1,9,0,17,0,0,0,0,1,4,1,1,6,1,53,8,2979,1,3,6,1,6
2018471801521,1,9,0,18,0,0,0,0,0,0,1,1,6,1,21,5,1596,1,16,1,1,1
2018471801524,1,9,0,7,0,6,0,0,1,1,1,1,1,2,32,6,1395,1,2,8,1,8
2018471801524,2,11,0,18,0,2,0,0,0,0,4,1,1,1,47,8,5132,2,2,8,1,8
2018471801524,3,9,0,14,0,2,0,0,0,0,2,1,6,1,43,7,1998,1,9,8,1,8
2018471801525,1,9,0,18,0,0,5,0,1,1,3,1,6,2,20,4,1339,1,16,3,1,3
2018471801526,1,9,0,18,9,0,0,0,0,0,4,1,6,2,51,8,1997,1,15,6,1,6
2018471801531,1,9,0,7,0,8,0,0,0,0,4,1,6,2,29,6,1360,1,14,4,1,4
2018471801531,2,9,0,18,0,8,0,0,0,0,4,1,6,2,58,9,1798,1,3,4,1,4
2018471801532,1,19,0,5,0,4,0,0,0,0,3,1,1,1,52,8,1598,2,1,8,1,8
2018471801532,2,1,0,18,0,8,0,0,0,0,4,1,6,2,21,5,-1,-1,-1,6,1,6
2018471801534,1,9,0,9,0,5,0,0,0,0,3,1,6,2,26,6,1968,2,7,10,1,10
2018471801534,2,3,0,18,0,1,0,0,0,0,1,1,6,1,21,5,125,1,4,6,1,6
2018471801537,1,9,0,9,0,1,0,0,0,0,3,1,1,1,45,7,-1,-1,-1,8,1,8
2018471801537,2,3,0,9,0,1,0,0,0,0,4,1,1,2,29,6,125,1,2,7,1,7
2018471801538,1,9,0,18,0,4,0,0,0,0,1,1,6,2,19,4,1560,2,6,2,1,2
2018471801538,2,9,0,9,0,4,0,0,0,0,1,1,6,2,42,7,1398,1,5,4,1,4
2018471801544,1,9,0,18,0,8,0,0,0,0,1,1,6,1,27,6,-1,-1,-1,10,1,10
2018471801547,1,9,0,9,0,8,0,0,0,0,1,1,6,1,56,9,1360,1,18,-1,-1,-1
2018471801547,2,9,0,10,0,1,0,0,0,0,3,1,6,2,56,9,1461,2,6,7,1,7
2018471801550,1,5,0,18,0,1,0,0,0,0,1,1,6,1,44,7,999,1,3,5,1,5
2018471801551,1,9,0,18,0,8,1,4,0,0,1,1,6,1,66,10,2993,2,4,9,3,9
2018471801551,2,9,0,4,0,8,1,0,7,4,1,1,6,1,82,11,1598,1,16,7,3,7
2018471801551,3,9,0,4,0,8,1,11,0,10,1,1,6,1,46,8,1984,1,1,5,1,5
2018471801552,1,9,0,1,0,8,0,0,0,0,2,1,6,1,80,11,1968,2,9,6,3,6
2018471801552,2,19,0,2,0,8,0,0,0,0,4,1,1,3,-1,-1,1968,2,2,-1,-1,-1
2018471801553,1,9,0,18,0,8,0,0,0,0,1,1,6,1,79,11,1998,1,18,9,1,9
2018471801553,2,9,0,18,0,1,0,0,0,0,3,1,6,1,19,4,998,1,2,7,3,7
2018471801555,1,9,0,7,0,8,0,0,0,0,1,1,1,2,44,7,1368,1,3,5,1,5
2018471801555,2,19,0,18,0,8,0,0,0,0,2,1,1,1,50,8,-1,-1,-1,-1,-1,-1
2018471801557,1,19,0,18,0,0,0,0,0,0,1,1,1,1,30,6,2198,2,11,8,1,8
2018471801557,2,8,0,4,0,0,0,0,0,0,2,1,1,1,47,8,1997,2,8,7,1,7
2018471801559,1,9,0,7,0,2,0,0,0,0,3,1,3,1,46,8,1968,2,3,10,1,10
2018471801559,2,1,0,18,0,8,0,0,0,0,4,1,6,1,62,9,-1,-1,-1,7,1,7
2018471801562,1,9,0,18,0,1,0,0,7,11,1,1,6,1,39,7,1796,1,10,6,3,6
2018471801563,1,9,0,5,0,0,0,0,0,0,0,1,6,1,65,9,-1,-1,-1,5,1,5
2018471801563,2,90,0,5,0,0,0,0,0,0,0,1,6,1,50,8,-1,-1,-1,7,1,7
2018471801566,1,9,0,5,5,6,0,0,0,0,1,1,6,1,62,9,1422,2,14,3,1,3
2018471801566,2,1,0,18,5,8,0,0,0,0,1,1,6,2,27,6,-1,-1,-1,-1,-1,-1
2018471801567,1,9,0,7,0,5,0,0,0,0,1,1,6,1,54,8,1599,1,15,8,1,8
2018471801567,2,1,0,18,0,8,0,0,0,0,3,1,6,1,15,3,-1,-1,-1,4,1,4
2018471801567,3,1,0,18,9,1,0,0,0,0,0,1,6,1,15,3,-1,-1,-1,7,1,7
2018471801567,4,1,0,18,9,1,0,0,0,0,0,1,6,1,15,3,-1,-1,-1,10,1,10
2018471801568,1,9,0,18,0,0,0,0,0,0,1,1,6,3,-1,-1,-1,-1,-1,-1,-1,-1
2018471801568,2,9,0,3,0,0,0,0,0,0,2,1,6,1,62,9,1197,1,5,8,2,8
2018471801569,1,9,0,9,0,8,0,0,0,0,1,1,6,2,37,7,1461,2,7,8,1,8
2018471801569,2,5,0,18,0,8,0,0,0,0,1,1,6,1,59,9,645,1,1,2,1,2
2018471801570,1,3,0,13,0,8,0,0,0,0,4,1,6,1,21,5,124,1,2,1,1,1
2018471801570,2,9,0,9,0,8,0,0,0,0,3,1,6,1,37,7,1995,2,12,6,1,6
2018471801571,1,9,0,9,0,6,0,0,0,0,3,1,6,1,54,8,1896,2,19,4,1,4
2018471801571,2,1,0,18,0,1,0,0,0,0,1,1,6,1,49,8,-1,-1,-1,10,1,10
2018471801572,1,9,0,17,0,0,1,0,2,4,4,1,6,2,35,6,1397,1,16,7,3,7
2018471801573,1,9,0,9,0,6,0,0,0,0,3,1,6,2,44,7,998,1,1,9,1,9
2018471801573,2,9,0,9,0,6,0,0,0,0,4,1,6,2,59,9,1242,1,13,9,1,9
2018471801576,1,9,0,18,0,1,0,0,0,0,1,1,6,2,44,7,1761,1,18,4,3,4
2018471801576,2,19,0,4,0,1,0,0,0,0,2,1,1,1,44,7,2143,2,4,10,1,10
2018471801580,1,9,0,9,0,5,0,0,0,0,1,1,6,1,52,8,1598,1,9,1,1,1
2018471801584,1,9,0,1,0,0,0,0,0,0,2,1,6,1,75,10,1364,1,11,6,1,6
2018471801584,2,9,0,2,0,0,0,0,0,0,1,1,6,2,66,10,1598,1,5,8,3,8
2018471801585,1,9,0,18,0,8,0,0,0,0,3,1,6,1,76,11,4367,2,4,6,3,6
2018471801585,2,9,4,18,0,8,1,0,0,0,1,1,6,1,57,9,2495,2,21,9,2,9
2018471801587,1,9,0,9,0,6,0,0,0,0,3,1,6,1,61,9,1968,2,5,8,1,8
2018471801587,2,3,0,18,0,8,0,0,0,0,1,1,2,1,21,5,124,1,8,7,1,7
2018471801588,1,9,0,13,0,1,0,0,0,0,4,1,6,1,-1,-1,3999,1,7,6,1,6
2018471801588,2,1,0,18,0,1,0,0,0,0,3,1,2,1,51,8,-1,-1,-1,5,1,5
2018471801589,1,9,0,18,0,0,0,0,0,0,1,1,6,1,42,7,1498,1,1,6,-1,6
2018471801589,2,9,0,3,0,0,0,0,0,0,2,1,6,2,50,8,1242,1,6,5,1,5
2018471801589,3,9,0,3,0,0,0,0,0,0,2,1,6,1,41,7,1498,1,10,10,1,10
2018471801589,4,9,0,3,0,0,0,0,0,0,2,1,6,1,27,6,1596,1,15,5,1,5
2018471801591,1,9,0,9,0,6,0,0,0,0,1,1,6,1,23,5,-1,-1,-1,7,1,7
2018471801591,2,3,0,13,0,1,0,0,0,0,1,1,6,1,46,8,-1,-1,-1,8,1,8
2018471801592,1,9,0,9,0,5,0,0,0,0,1,1,2,1,27,6,1364,1,10,8,1,8
2018471801592,2,1,0,18,0,8,0,0,0,0,1,1,2,2,36,7,-1,-1,-1,8,1,8
2018471801593,1,9,0,18,0,1,0,2,0,0,1,1,6,1,51,8,-1,-1,-1,9,1,9
2018471801594,1,9,0,9,0,1,0,0,0,0,1,1,6,2,43,7,1296,1,10,7,1,7
2018471801595,1,9,0,7,0,8,0,0,0,0,1,1,1,1,25,5,-1,-1,-1,6,1,6
2018471801595,2,9,0,18,0,8,0,0,0,0,4,1,6,1,34,6,1999,1,8,1,1,1
2018471801595,3,1,0,4,0,8,0,0,0,0,3,1,6,1,37,7,-1,-1,-1,4,1,4
2018471801596,1,3,0,17,0,0,1,10,1,1,1,1,6,1,19,4,125,1,9,-1,-1,-1
2018471801603,1,9,0,7,0,3,0,0,0,0,1,1,6,1,60,9,1364,1,13,1,1,1
2018471801603,2,9,0,7,0,3,0,0,0,0,2,1,6,2,29,6,1598,1,1,4,1,4
2018471801605,1,9,0,18,0,8,0,0,0,0,1,1,6,2,23,5,1328,1,8,9,1,9
2018471801605,2,1,0,17,0,8,0,0,0,0,4,1,2,1,29,6,-1,-1,-1,6,1,6
2018471801606,1,9,0,18,0,3,0,0,0,0,4,1,2,1,36,7,1975,1,14,4,1,4
2018471801606,2,21,0,9,0,3,0,0,0,0,3,1,1,1,50,8,10837,2,6,1,1,1
2018471801607,1,9,0,18,0,0,0,0,0,0,1,1,1,1,44,7,-1,-1,-1,9,1,9
2018471801607,2,9,0,4,0,0,0,0,0,0,2,1,1,1,30,6,-1,-1,-1,1,1,1
2018471801607,3,9,0,18,0,0,0,0,0,0,2,1,6,1,44,7,-1,-1,-1,3,1,3
2018471801609,1,9,0,7,0,5,0,0,0,0,4,1,6,1,63,9,1329,1,5,1,1,1
2018471801609,2,1,0,18,0,1,0,0,0,0,3,1,6,1,20,4,-1,-1,-1,5,1,5
2018471801612,1,9,0,8,0,6,0,0,0,0,1,1,6,2,22,5,1598,1,5,8,3,8
2018471801612,2,9,0,18,0,8,0,0,0,0,4,1,6,2,48,8,1794,1,13,5,1,5
2018471801614,1,9,0,18,0,1,0,0,0,0,1,1,6,1,-1,-1,1798,1,5,4,1,4
2018471801614,2,9,0,3,0,1,0,0,0,0,2,1,6,1,58,9,1596,1,8,8,1,8
2018471801615,1,9,0,9,0,3,1,0,1,4,1,1,6,2,20,4,1339,1,13,6,1,6
2018471801616,1,2,0,1,9,1,0,0,0,0,2,1,1,3,-1,-1,-1,-1,-1,-1,-1,-1
2018471801619,1,9,0,7,0,8,0,0,0,0,0,1,6,1,30,6,-1,-1,-1,-1,-1,-1
2018471801619,2,5,0,18,0,8,0,0,0,0,0,1,6,2,60,9,660,1,10,8,1,8
2018471801620,1,9,0,18,0,0,0,0,0,0,4,1,6,2,46,8,1984,1,1,8,1,8
2018471801622,1,19,0,1,0,0,0,0,0,0,2,1,1,1,37,7,1368,1,3,5,1,5
2018471801622,2,9,0,2,0,0,0,0,0,0,2,1,3,2,31,6,1248,1,5,7,1,7
2018471801625,1,9,0,17,0,0,0,0,1,1,1,1,6,1,49,8,-1,-1,-1,6,1,6
2018471801627,1,20,0,1,0,0,0,0,0,0,3,1,6,2,49,8,12777,2,5,6,3,6
2018471801627,2,9,0,2,0,0,0,0,0,0,3,1,6,1,18,4,1198,1,14,10,1,10
2018471801631,1,9,0,18,0,8,0,0,0,0,3,1,6,1,30,6,-1,-1,-1,-1,-1,-1
2018471801631,2,4,0,18,0,8,0,0,0,0,1,1,6,1,21,5,471,1,2,3,1,3
2018471801632,1,9,0,18,0,0,0,0,2,2,1,1,6,1,59,9,1422,2,10,10,1,10
2018471801634,1,3,0,18,0,0,0,0,0,0,3,1,1,1,21,5,125,1,2,8,3,8
2018471801635,1,9,0,18,0,0,0,4,0,0,1,1,1,1,83,11,1198,1,15,10,1,10
2018471801635,2,9,0,2,0,0,0,0,0,0,3,1,1,3,-1,-1,1461,2,2,-1,-1,-1
2018471801635,3,8,0,2,0,0,0,0,0,0,2,1,1,3,-1,-1,1598,1,10,-1,-1,-1
2018471801639,1,9,0,2,0,2,0,0,0,0,4,1,6,1,36,7,999,1,5,3,1,3
2018471801639,2,1,0,18,0,1,0,0,0,0,1,1,6,2,68,10,-1,-1,-1,8,1,8
2018471801644,1,9,0,12,0,8,0,0,0,0,2,1,6,2,74,10,1390,1,9,8,1,8
2018471801644,2,9,0,18,0,2,1,0,0,0,1,1,6,1,32,6,1988,2,14,6,1,6
2018471801647,1,9,0,18,0,2,0,0,0,0,1,1,6,2,52,8,1995,2,1,6,3,6
2018471801649,1,9,0,9,0,6,0,0,0,0,0,1,6,3,90,11,-1,-1,-1,-1,-1,-1
2018471801649,2,9,0,18,0,8,0,0,0,0,0,1,1,2,45,7,1781,1,17,6,1,6
2018471801655,1,5,0,16,0,0,1,10,1,0,4,1,6,1,27,6,675,1,3,7,1,7
2018471801655,2,5,0,16,0,0,1,0,1,0,1,1,6,1,26,6,999,1,7,3,1,3
2018471801656,1,4,0,18,0,1,1,0,0,0,1,1,6,1,28,6,-1,-1,-1,6,1,6
2018471801656,2,9,0,2,0,1,0,0,0,0,4,1,1,2,33,6,1796,1,12,7,1,7
2018471801658,1,1,0,10,0,1,0,0,0,0,1,1,6,1,44,7,-1,-1,-1,9,1,9
2018471801658,2,9,0,5,0,2,0,0,0,0,3,1,6,1,50,8,599,1,17,4,1,4
2018471801660,1,9,0,9,0,5,0,0,0,0,4,1,6,1,49,8,1968,2,4,9,2,9
2018471801660,2,1,0,18,0,8,0,0,0,0,1,1,6,1,40,7,-1,-1,-1,10,1,10
2018471801661,1,1,0,16,0,0,0,0,0,0,1,1,4,1,16,4,-1,-1,-1,4,1,4
2018471801661,2,19,0,2,0,0,0,0,0,0,1,1,1,1,40,7,2143,2,2,5,1,5
2018471801661,3,9,0,14,0,0,0,0,0,0,0,1,6,3,-1,-1,-1,-1,-1,-1,-1,-1
2018471801662,1,9,0,18,0,0,0,0,0,0,1,1,6,2,39,7,1997,2,5,3,1,3
2018471801662,2,9,0,6,0,0,0,0,0,0,1,1,6,2,48,8,998,1,-1,4,1,4
2018471801662,3,9,0,2,0,0,0,0,0,0,3,1,6,3,-1,-1,1596,1,14,-1,-1,-1
2018471801663,1,9,0,4,0,4,0,0,0,0,1,1,3,2,35,6,1968,2,1,5,1,5
2018471801663,2,1,0,18,0,8,0,0,0,0,3,1,4,1,14,3,-1,-1,-1,8,1,8
2018471801665,1,21,1,1,0,0,0,0,0,0,2,1,6,3,-1,-1,-1,-1,-1,-1,-1,-1
2018471801665,2,9,0,3,0,0,0,0,0,0,1,1,1,2,29,6,998,1,12,8,3,8
2018471801665,3,9,0,18,0,0,0,0,0,0,0,1,6,1,30,6,-1,-1,-1,-1,-1,-1
2018471801668,1,9,0,5,9,6,0,0,0,0,0,1,6,3,-1,-1,-1,-1,-1,-1,-1,-1
2018471801668,2,1,0,18,9,1,0,0,0,0,0,1,2,1,44,7,-1,-1,-1,9,1,9
2018471801670,1,11,0,18,0,0,0,0,0,0,1,1,1,1,27,6,-1,-1,-1,2,1,2
2018471801670,2,9,0,2,0,0,0,0,0,0,3,1,1,3,-1,-1,1968,2,7,-1,-1,-1
2018471801670,3,9,0,2,0,0,0,0,0,0,4,1,1,3,-1,-1,1685,2,1,-1,-1,-1
2018471801672,1,19,0,11,2,1,0,0,0,0,0,1,6,3,-1,-1,-1,-1,-1,-1,-1,-1
2018471801672,2,11,0,18,2,8,0,0,0,0,0,1,1,1,21,5,5132,2,3,6,1,6
2018471801673,1,9,0,9,0,8,0,0,0,0,1,1,2,2,63,9,1229,1,5,7,1,7
2018471801673,2,9,0,18,0,8,0,0,0,0,1,1,2,1,23,5,1388,1,14,6,1,6
2018471801676,1,9,0,9,0,8,0,0,0,0,1,1,2,2,56,9,3200,2,6,7,3,7
2018471801676,2,9,0,18,0,8,0,0,0,0,2,1,6,1,25,5,1995,2,9,10,1,10
2018471801679,1,9,0,18,0,0,0,0,0,0,1,1,6,1,24,5,1999,1,5,8,3,8
2018471801679,2,9,0,18,0,0,0,0,1,0,2,1,6,2,57,9,1796,1,6,8,1,8
2018471801679,3,9,0,10,0,0,0,0,0,0,2,1,6,1,65,9,1120,1,20,4,1,4
2018471801680,1,9,0,9,0,2,0,0,0,0,1,1,6,1,76,11,-1,-1,-1,6,3,6
2018471801680,2,1,0,18,0,1,0,0,0,0,4,1,6,1,55,8,-1,-1,-1,4,1,4
2018471801682,1,9,0,17,0,0,5,0,1,9,1,1,6,2,18,4,1390,1,16,9,3,9
2018471801690,1,9,0,18,0,0,0,7,0,3,1,1,2,2,52,8,1399,1,1,5,1,5
2018471801691,1,9,0,18,0,2,0,4,0,0,1,1,6,1,74,10,1200,1,4,4,1,4
2018471801691,2,9,0,2,0,2,0,0,0,0,1,1,6,3,-1,-1,1360,1,15,-1,-1,-1
2018471801692,1,9,0,18,0,1,0,0,0,0,2,1,6,2,60,9,1598,1,3,4,1,4
2018471801692,2,9,0,18,0,1,0,0,0,0,1,1,6,2,29,6,1796,1,18,6,2,6
2018471801693,1,9,0,9,0,2,0,0,0,0,1,1,6,1,58,9,1390,1,16,4,1,4
2018471801696,1,9,0,18,0,1,0,0,0,0,1,1,6,1,33,6,1591,1,2,7,1,7
2018471801696,2,9,0,2,0,1,0,0,0,0,0,1,6,3,-1,-1,-1,-1,-1,-1,-1,-1
2018471801696,3,9,0,2,0,1,0,0,0,0,0,1,6,3,-1,-1,-1,-1,-1,-1,-1,-1
2018471801698,1,9,0,5,0,6,0,0,0,0,1,1,6,2,17,4,1399,2,10,6,3,6
2018471801698,2,9,0,18,0,8,0,0,0,0,3,1,6,2,19,4,998,1,11,5,1,5
2018471801699,1,5,0,17,0,0,0,0,1,0,3,1,1,2,36,7,1170,1,4,7,2,7
2018471801700,1,9,0,18,0,2,0,0,0,0,1,2,6,1,22,5,-1,-1,-1,-1,-1,-1
2018471801700,2,9,0,18,0,1,0,0,0,0,1,1,6,1,58,9,1248,2,8,3,1,3
2018471801702,1,9,0,9,0,8,0,0,0,0,4,1,6,1,17,4,1149,1,6,3,1,3
2018471801702,2,9,0,18,0,8,0,0,0,0,1,1,6,2,66,10,1339,1,5,4,1,4
2018471801704,1,9,0,1,0,2,0,4,1,11,3,1,6,2,78,11,1197,1,2,9,2,9
2018471801704,2,90,0,2,0,2,0,0,0,0,2,1,6,3,-1,-1,2460,2,14,-1,-1,-1
2018471801704,3,9,0,18,0,1,0,4,0,0,3,1,6,2,48,8,1461,2,1,3,1,3
2018471801704,4,9,0,2,0,2,0,0,0,0,3,1,6,3,-1,-1,1298,1,14,-1,-1,-1
2018471801704,5,9,0,2,0,2,0,0,0,0,2,1,6,3,-1,-1,2435,1,17,-1,-1,-1
2018471801705,1,21,4,4,0,0,0,0,0,0,1,1,1,1,69,10,9290,2,8,9,2,9
2018471801705,2,9,0,4,0,0,0,0,0,0,2,1,2,1,61,9,998,1,1,4,1,4
2018471801705,3,19,0,4,0,0,0,0,0,0,2,1,2,1,50,8,1995,2,11,7,1,7
2018471801706,1,9,0,18,0,0,0,0,0,0,1,1,6,2,21,5,998,1,16,4,1,4
2018471801706,2,9,0,4,0,0,0,0,0,0,2,1,6,2,65,9,1997,1,13,5,1,5
2018471801708,1,9,0,6,0,8,0,0,0,0,1,1,6,1,47,8,1998,1,14,5,1,5
2018471801708,2,5,0,18,0,1,1,0,0,0,1,1,6,1,52,8,748,1,22,4,1,4
2018471801709,1,19,0,9,0,8,0,0,0,0,3,1,6,1,44,7,2402,2,14,4,1,4
2018471801709,2,9,0,9,0,8,0,0,0,0,4,1,6,1,21,5,999,1,1,7,1,7
2018471801713,1,9,0,9,0,1,0,0,0,0,1,1,6,2,45,7,1242,1,15,3,1,3
2018471801717,1,9,0,18,0,1,1,0,1,1,1,1,6,1,31,6,3217,1,18,3,1,3
2018471801722,1,9,0,9,0,8,0,0,0,0,3,1,6,1,69,10,3628,2,11,5,3,5
2018471801722,2,9,0,17,0,8,0,0,0,0,1,1,2,2,59,9,1598,1,-1,6,2,6
2018471801726,1,9,0,9,0,8,0,0,0,0,1,1,6,1,80,11,1900,2,19,10,2,10
2018471801726,2,8,0,18,0,1,0,0,0,0,1,1,1,1,60,9,1560,2,6,9,1,9
2018471801726,3,9,0,18,0,1,0,0,0,0,1,1,6,2,57,9,2143,2,3,9,2,9
2018471801727,1,9,0,18,0,1,0,0,0,0,1,1,6,3,30,6,-1,-1,-1,-1,-1,-1
2018471801727,2,19,0,3,0,1,0,0,0,0,2,1,2,1,41,7,2461,2,15,10,1,10
2018471801729,1,9,0,18,0,0,2,0,7,9,1,1,6,2,40,7,1388,1,9,8,3,8
2018471801729,2,9,0,18,0,0,0,0,0,0,0,1,6,1,50,8,-1,-1,-1,-1,-1,-1
2018471801730,1,9,0,18,0,0,0,0,1,11,1,1,2,1,59,9,1769,1,12,3,1,3