Accident_Index,Vehicle_Reference,Vehicle_Type,Towing_and_Articulation,Vehicle_Manoeuvre,Vehicle_Location-Restricted_Lane,Junction_Location,Skidding_and_Overturning,Hit_Object_in_Carriageway,Vehicle_Leaving_Carriageway,Hit_Object_off_Carriageway,1st_Point_of_Impact,Was_Vehicle_Left_Hand_Drive?,Journey_Purpose_of_Driver,Sex_of_Driver,Age_of_Driver,Age_Band_of_Driver,Engine_Capacity_(CC),Propulsion_Code,Age_of_Vehicle,Driver_IMD_Decile,Driver_Home_Area_Type,Vehicle_IMD_Decile
2018471802236,1,9,0,9,0,2,0,0,0,0,3,1,6,1,33,6,1598,2,2,8,3,8
2018471802236,2,19,0,18,0,8,1,0,0,1,1,1,1,1,46,8,1995,2,-1,8,3,8
2018471802237,1,9,0,7,0,2,0,0,0,0,1,1,6,1,53,8,1596,1,14,7,1,7
2018471802237,2,1,0,18,0,1,0,0,0,0,4,1,6,2,46,8,-1,-1,-1,5,1,5
2018471802238,1,9,0,13,0,0,0,0,7,0,1,1,6,1,46,8,1598,1,15,6,2,6
2018471802238,2,9,0,18,0,0,0,0,0,0,1,1,6,1,51,8,1390,1,17,4,1,4
2018471802238,3,9,0,18,0,0,0,0,0,0,0,1,6,1,40,7,1896,2,9,9,1,9
2018471802240,1,9,0,18,0,0,0,0,0,0,1,1,6,1,34,6,1560,2,5,6,1,6
2018471802240,2,9,0,18,0,0,0,0,0,0,1,1,6,1,53,8,1969,2,1,6,1,6
2018471802240,3,9,0,18,0,0,0,0,0,0,2,1,6,1,35,6,1796,1,11,1,1,1
2018471802241,1,9,0,18,0,4,0,0,0,0,0,1,1,2,19,4,999,1,-1,8,2,8
2018471802241,2,1,0,18,0,4,0,0,0,0,0,1,1,1,60,9,-1,-1,-1,9,2,9
2018471802242,1,9,0,3,0,0,0,0,0,0,1,1,6,2,46,8,1600,1,17,2,1,2
2018471802242,2,9,0,3,0,0,0,0,0,0,2,1,1,1,40,7,2319,1,22,-1,-1,-1
2018471802242,3,9,0,3,0,0,0,0,0,0,2,1,1,1,38,7,999,1,1,-1,-1,-1
2018471802246,1,9,0,13,0,8,0,0,0,0,3,1,6,1,60,9,-1,-1,-1,-1,-1,-1
2018471802246,2,1,0,9,0,8,0,0,0,0,3,1,6,2,32,6,-1,-1,-1,4,1,4
2018471802248,1,5,0,13,0,8,0,0,7,11,4,1,2,1,40,7,1157,1,11,6,1,6
2018471802248,2,9,0,9,0,8,0,0,0,0,3,1,2,2,48,8,1753,2,12,6,1,6
2018471802254,1,19,0,18,0,6,0,0,0,0,3,1,6,1,-1,-1,-1,-1,-1,-1,-1,-1
2018471802254,2,9,0,18,0,1,0,0,0,0,1,1,3,2,70,10,1242,1,9,8,3,8
2018471802255,1,9,0,18,0,4,0,0,0,0,1,1,6,2,39,7,1197,1,1,7,1,7
2018471802255,2,3,0,18,0,1,0,0,0,0,2,1,2,2,28,6,125,1,1,4,1,4
2018471802256,1,9,0,18,0,0,0,0,0,0,3,1,6,2,20,4,998,1,5,9,2,9
2018471802256,2,3,0,18,0,0,0,0,0,0,1,1,6,1,17,4,124,1,9,7,1,7
2018471802256,3,19,0,18,0,0,0,0,0,0,0,1,6,3,-1,-1,-1,-1,-1,-1,-1,-1
2018471802259,1,9,0,7,0,8,0,0,0,0,3,1,1,1,34,6,1242,1,11,5,1,5
2018471802259,2,1,0,18,0,1,0,0,0,0,1,1,1,1,57,9,-1,-1,-1,5,1,5
2018471802260,1,1,0,4,9,1,1,0,0,0,2,1,6,1,11,3,-1,-1,-1,9,1,9
2018471802260,2,9,0,7,0,1,0,0,1,0,1,1,1,1,51,8,-1,-1,-1,6,1,6
2018471802262,1,9,0,9,0,6,0,0,0,0,1,1,6,1,50,8,-1,-1,-1,6,3,6
2018471802262,2,9,0,18,0,8,0,0,0,0,3,1,6,1,30,6,1798,1,9,7,1,7
2018471802264,1,9,0,18,0,1,0,0,0,0,1,1,6,1,30,6,2698,2,7,4,1,4
2018471802264,2,9,0,3,0,1,0,0,0,0,2,1,6,1,30,6,1389,1,17,3,1,3
2018471802264,3,9,0,3,0,1,0,0,0,0,2,1,6,3,-1,-1,1149,1,16,-1,-1,-1
2018471802265,1,9,0,18,0,8,0,0,0,0,3,1,3,2,75,10,1198,1,2,6,1,6
2018471802265,2,1,0,10,0,1,0,0,0,0,2,1,6,2,37,7,-1,-1,-1,2,1,2
2018471802270,1,9,0,9,0,2,0,0,1,0,1,1,6,1,94,11,2316,1,32,9,3,9
2018471802272,1,9,0,1,0,0,0,0,0,0,2,1,6,2,18,4,998,1,4,8,1,8
2018471802272,2,9,0,2,0,0,0,0,0,0,0,1,3,3,-1,-1,2143,2,2,9,1,9
2018471802272,3,9,0,2,0,0,0,0,0,0,0,1,6,3,-1,-1,-1,-1,-1,-1,-1,-1
2018471802273,1,5,0,16,0,0,0,0,0,0,0,1,6,1,23,5,-1,-1,-1,8,3,8
2018471802273,2,9,0,17,0,0,0,0,0,0,1,1,6,1,69,10,1390,1,8,8,2,8
2018471802276,1,3,0,13,0,1,0,0,0,0,1,1,2,1,58,9,125,1,-1,6,2,6
2018471802276,2,9,0,9,0,8,0,0,0,0,3,1,1,1,48,8,1895,1,19,9,3,9
2018471802277,1,2,0,18,0,0,0,0,1,0,2,1,6,1,17,4,-1,-1,-1,3,1,3
2018471802277,2,9,0,18,0,0,0,0,0,0,1,1,6,1,87,11,1206,1,8,7,1,7
2018471802280,1,9,0,3,0,4,0,0,3,0,1,1,6,1,42,7,1598,1,17,3,1,3
2018471802280,2,9,0,5,0,4,5,0,0,0,1,1,6,1,41,7,1086,1,10,3,1,3
2018471802281,1,9,0,5,0,2,0,0,0,0,1,1,6,3,-1,-1,-1,-1,-1,-1,-1,-1
2018471802282,1,9,0,9,0,6,0,0,0,0,1,1,6,1,51,8,2286,1,37,7,3,7
2018471802282,2,5,0,18,0,8,1,0,0,0,4,1,6,1,35,6,1000,1,10,8,2,8
2018471802282,3,9,0,10,0,5,0,0,0,0,0,1,6,1,63,9,1400,1,13,5,2,5
2018471802283,1,9,0,5,9,5,0,0,1,10,2,1,6,2,52,8,1598,1,20,-1,-1,-1
2018471802283,2,9,0,2,0,1,0,0,0,0,2,1,6,3,-1,-1,1596,1,11,-1,-1,-1
2018471802288,1,9,0,1,0,0,0,4,1,11,1,1,6,1,86,11,1242,1,4,6,1,6
2018471802288,2,9,0,2,6,0,0,0,0,0,2,1,6,3,-1,-1,1229,1,11,-1,-1,-1
2018471802289,1,9,0,18,0,0,0,0,0,0,1,1,6,1,22,5,1596,1,14,10,2,10
2018471802295,1,19,0,5,0,6,0,0,0,0,1,1,6,1,59,9,1461,2,13,4,2,4
2018471802295,2,9,0,18,0,8,0,0,7,9,4,1,6,1,56,9,2460,2,22,9,1,9
2018471802296,1,9,0,18,0,4,1,0,0,11,2,1,6,2,79,11,1587,1,17,8,1,8
2018471802296,2,9,0,18,0,4,0,0,0,11,2,1,6,2,45,7,1598,1,9,10,1,10
2018471802297,1,9,0,7,0,6,0,0,0,7,4,1,6,2,33,6,1461,2,2,4,1,4
2018471802297,2,9,0,18,0,8,1,0,7,0,4,1,6,1,61,9,1769,1,13,2,1,2
2018471802299,1,9,0,18,0,0,0,0,0,0,1,1,1,2,27,6,1398,1,3,6,3,6
2018471802299,2,9,0,3,0,0,0,0,0,0,2,1,1,2,24,5,1598,2,7,5,1,5
2018471802299,3,9,0,3,0,0,0,0,0,0,2,1,1,1,35,6,1598,2,3,3,1,3
2018471802301,1,9,0,16,0,8,0,0,7,0,1,1,6,1,57,9,-1,-1,-1,7,3,7
2018471802301,2,9,0,4,0,8,0,0,0,0,1,1,6,1,41,7,1994,1,20,10,1,10
2018471802302,1,9,0,18,0,0,2,0,1,0,0,1,6,1,19,4,1199,1,17,2,1,2
2018471802303,1,11,0,18,2,0,0,0,0,0,1,1,1,1,59,9,6370,2,14,7,1,7
2018471802307,1,4,0,18,0,0,1,0,0,0,1,1,1,2,20,4,124,1,8,1,1,1
2018471802307,2,9,0,5,0,0,0,0,0,0,2,1,2,1,31,6,1364,1,8,1,1,1
2018471802309,1,9,0,9,0,1,0,0,0,0,3,1,6,2,45,7,1120,2,3,10,1,10
2018471802309,2,2,0,18,0,1,0,0,0,0,3,1,6,1,50,8,49,1,16,10,1,10
2018471802312,1,21,0,2,0,1,0,0,0,0,1,1,1,1,38,7,6871,2,-1,7,1,7
2018471802312,2,21,0,2,0,1,0,0,0,0,2,1,1,1,26,6,10518,2,4,9,3,9
2018471802313,1,9,0,5,0,1,0,0,0,0,4,1,3,1,34,6,1999,2,2,1,1,1
2018471802318,1,19,0,18,0,1,0,0,0,0,1,1,1,2,37,7,2143,2,3,4,1,4
2018471802318,2,9,0,18,0,1,0,0,0,0,4,1,6,2,56,9,2495,2,16,7,1,7
2018471802319,1,9,0,18,0,1,0,0,0,0,1,1,6,1,73,10,1360,1,14,5,1,5
2018471802324,1,1,0,14,2,0,0,0,0,0,1,1,6,1,24,5,-1,-1,-1,4,1,4
2018471802324,2,11,0,2,2,0,0,0,0,0,0,1,1,1,30,6,-1,-1,-1,-1,-1,-1
2018471802325,1,9,0,9,0,1,0,0,0,0,3,1,6,2,28,6,1598,1,13,3,1,3
2018471802325,2,9,0,18,0,1,0,0,0,0,1,1,6,2,51,8,1796,1,10,3,1,3
2018471802329,1,9,0,18,0,0,1,0,0,0,1,1,6,3,-1,-1,1598,1,17,-1,-1,-1
2018471802329,2,9,0,11,0,0,1,0,1,10,3,1,2,1,25,5,1242,1,19,2,1,2
2018471802330,1,19,0,18,0,1,0,0,0,0,1,1,2,1,55,8,1598,2,1,6,1,6
2018471802335,1,9,0,9,0,8,0,0,0,0,3,1,2,1,60,9,-1,-1,-1,7,3,7
2018471802335,2,9,0,18,0,1,0,0,0,0,1,1,2,1,25,5,998,1,5,5,3,5
2018471802342,1,9,0,17,0,0,1,0,1,7,1,1,6,1,17,4,998,1,3,5,3,5
2018471802343,1,9,0,18,0,2,5,0,0,0,1,1,6,1,71,10,1968,2,2,9,3,9
2018471802343,2,9,0,2,0,2,0,0,0,0,3,1,6,3,-1,-1,1598,1,17,-1,-1,-1
2018471802344,1,9,0,17,0,0,0,0,0,0,1,1,6,1,17,4,999,1,2,9,3,9
2018471802344,2,21,1,17,0,0,0,0,0,0,2,1,1,1,44,7,12777,2,4,9,1,9
2018471802345,1,9,0,9,0,6,0,0,0,0,3,1,6,1,61,9,1242,1,12,6,1,6
2018471802345,2,1,0,18,0,6,0,0,0,0,1,1,6,1,18,4,-1,-1,-1,1,1,1
2018471802346,1,9,0,9,0,8,0,0,0,0,4,1,6,2,53,8,1598,1,4,10,1,10
2018471802346,2,1,0,18,0,1,0,0,0,0,1,1,6,1,27,6,-1,-1,-1,5,1,5
2018471802347,1,9,0,18,0,8,0,0,0,10,1,1,6,2,33,6,1598,2,5,8,1,8
2018471802349,1,5,0,16,0,7,0,10,8,10,3,1,2,1,61,9,1043,1,7,9,2,9
2018471802350,1,9,0,18,0,0,0,0,7,0,1,1,6,2,52,8,1598,1,3,5,1,5
2018471802350,2,9,0,18,0,0,1,0,0,0,1,1,6,1,20,4,1975,1,13,6,2,6
2018471802350,3,9,0,18,0,0,0,0,0,0,3,1,6,2,63,9,1461,2,3,9,1,9
2018471802355,1,9,0,9,0,8,1,0,2,11,1,1,6,1,77,11,1895,1,18,7,3,7
2018471802355,2,9,0,3,0,1,0,0,0,0,3,1,1,1,59,9,4367,2,6,8,3,8
2018471802357,1,9,0,9,0,6,0,0,0,0,1,1,6,2,79,11,1197,1,1,9,1,9
2018471802357,2,9,0,18,0,8,0,0,0,0,4,1,2,2,50,8,1197,1,3,2,1,2
2018471802358,1,19,0,18,0,6,0,0,0,0,1,1,1,1,53,8,1200,1,1,6,1,6
2018471802358,2,9,0,18,0,1,0,0,0,0,4,1,6,1,74,10,1582,2,5,8,2,8
2018471802361,1,9,0,18,0,0,0,0,1,0,3,1,6,3,30,6,1590,1,13,-1,-1,-1
2018471802361,2,9,0,3,0,0,0,0,0,0,4,1,6,2,28,6,1496,1,-1,6,3,6
2018471802362,1,9,0,18,0,0,0,0,0,0,1,1,6,3,40,7,-1,-1,-1,-1,-1,-1
2018471802363,1,9,0,14,0,0,0,0,0,0,4,1,6,2,30,6,1968,2,5,8,1,8
2018471802363,2,11,0,3,2,0,0,0,0,0,3,1,1,1,55,8,3900,2,13,7,1,7
2018471802367,1,9,0,8,0,4,0,0,0,0,1,1,6,1,21,5,1395,1,2,4,1,4
2018471802367,2,9,0,8,0,4,0,0,0,0,2,1,6,1,46,8,1798,1,10,8,3,8
2018471802371,1,9,0,18,0,6,0,0,0,0,1,1,6,1,30,6,1994,1,16,-1,-1,-1
2018471802371,2,9,0,18,0,1,0,0,0,0,1,1,6,2,22,5,1242,1,5,10,1,10
2018471802372,1,9,0,9,0,6,0,0,0,0,1,1,6,1,21,5,1242,1,5,9,1,9
2018471802372,2,9,0,18,0,1,0,0,0,0,1,1,6,2,55,8,1995,2,2,10,3,10
2018471802375,1,9,0,18,0,1,0,0,0,0,1,1,6,1,30,6,1797,8,6,-1,-1,-1
2018471802376,1,9,0,18,0,0,0,0,0,0,1,1,6,2,85,11,1248,1,9,10,1,10
2018471802376,2,9,0,4,0,0,0,0,0,0,2,1,6,2,19,4,1149,1,18,2,1,2
2018471802377,1,9,0,17,0,0,0,0,0,0,1,1,2,2,36,7,1395,1,1,6,2,6
2018471802377,2,9,0,16,0,0,0,0,0,0,1,1,6,1,36,7,2143,2,8,10,3,10
2018471802381,1,9,0,16,0,0,0,4,0,0,1,1,6,1,26,6,2987,2,6,5,1,5
2018471802381,2,9,0,17,0,0,0,0,0,0,1,1,6,1,69,10,998,1,5,4,1,4
2018471802381,3,9,0,2,0,0,0,0,0,0,3,1,6,3,-1,-1,1461,2,1,-1,-1,-1
2018471802381,4,9,0,2,0,0,0,0,0,0,3,1,6,3,-1,-1,1969,2,2,-1,-1,-1
2018471802381,5,9,0,2,0,0,0,0,0,0,1,1,6,3,-1,-1,1560,2,8,-1,-1,-1
2018471802383,1,9,0,18,0,0,0,0,0,0,1,1,6,2,35,6,1461,2,1,4,1,4
2018471802383,2,9,0,18,0,0,0,0,0,0,2,1,6,2,50,8,999,1,9,6,1,6
2018471802385,1,9,0,18,0,4,0,0,0,0,1,1,6,2,37,7,2198,2,3,8,1,8
2018471802385,2,5,0,18,0,1,0,0,0,0,2,1,6,1,61,9,1550,1,12,6,3,6
2018471802393,1,9,0,9,0,1,0,0,0,0,1,1,1,2,19,4,1199,1,16,5,1,5
2018471802393,2,9,0,18,0,1,0,0,0,0,3,1,6,1,65,9,1798,1,15,5,1,5
2018471802394,1,9,0,9,0,5,0,0,0,0,0,1,6,1,53,8,2830,2,24,4,1,4
2018471802395,1,9,0,8,0,4,0,0,0,0,1,1,2,2,52,8,2204,2,11,10,1,10
2018471802395,2,9,0,8,0,4,0,0,0,0,2,1,6,2,39,7,1497,8,2,9,2,9
2018471802398,1,9,0,18,0,0,2,0,1,4,1,1,6,1,25,5,1598,1,15,1,1,1
2018471802404,1,9,0,18,0,0,0,0,0,0,0,1,1,1,25,5,-1,-1,-1,3,1,3
2018471802404,2,11,0,18,0,0,0,0,0,0,0,1,1,2,35,6,-1,-1,-1,3,1,3
2018471802405,1,5,0,12,0,0,0,0,1,0,3,1,6,1,52,8,599,1,9,3,1,3
2018471802405,2,21,1,18,0,0,0,0,0,0,2,1,1,3,-1,-1,-1,-1,-1,-1,-1,-1
2018471802405,3,9,0,18,0,0,0,0,0,0,4,1,6,2,67,10,999,1,6,7,1,7
2018471802407,1,9,0,1,0,1,0,0,0,0,2,1,6,3,-1,-1,-1,-1,-1,-1,-1,-1
2018471802408,1,9,0,18,0,1,0,0,0,0,4,1,6,1,58,9,1995,1,8,2,1,2
2018471802408,2,1,0,7,0,1,0,0,0,0,1,1,6,1,29,6,-1,-1,-1,10,2,10
2018471802409,1,9,0,18,0,0,0,0,0,0,1,1,6,1,74,10,999,1,3,8,1,8
2018471802409,2,9,0,2,0,0,0,0,0,0,2,1,6,3,-1,-1,1560,2,4,-1,-1,-1
2018471802410,1,9,0,9,0,1,0,0,0,0,2,1,6,2,21,5,1395,1,1,8,1,8
2018471802410,2,1,0,18,4,8,0,0,0,0,1,1,6,1,56,9,-1,-1,-1,9,1,9
2018471802414,1,9,0,9,0,8,0,0,0,0,1,1,6,2,25,5,1242,1,10,4,1,4
2018471802414,2,9,0,18,0,8,0,0,0,0,1,1,6,1,50,8,2198,2,5,9,1,9
2018471802415,1,9,0,9,0,8,0,0,0,0,4,1,6,1,19,4,998,1,2,8,3,8
2018471802415,2,5,0,17,0,1,0,0,0,0,1,1,6,1,50,8,-1,-1,-1,6,3,6
2018471802416,1,9,0,18,0,2,0,0,0,0,4,1,6,2,39,7,1242,1,6,7,1,7
2018471802417,1,9,0,9,0,6,0,0,0,0,1,1,2,3,-1,-1,-1,-1,-1,-1,-1,-1
2018471802417,2,9,0,18,0,8,0,0,0,0,1,1,6,1,60,9,1399,1,-1,3,1,3
2018471802418,1,9,0,12,0,0,0,0,0,0,1,1,6,1,76,11,1248,2,9,8,1,8
2018471802418,2,9,0,18,0,0,0,0,0,0,2,1,6,2,31,6,1896,2,16,3,1,3
2018471802419,1,1,0,18,0,8,0,0,0,0,4,1,6,1,48,8,-1,-1,-1,4,1,4
2018471802419,2,9,0,18,0,8,0,0,0,0,1,1,6,2,40,7,1591,1,3,4,1,4
2018471802420,1,9,0,18,0,0,1,0,1,0,1,1,6,2,61,9,1200,1,1,7,3,7
2018471802420,2,9,0,13,0,0,1,0,0,0,4,1,6,1,21,5,1248,1,4,5,1,5
2018471802422,1,9,0,18,0,1,0,0,0,0,1,1,6,1,28,6,2993,2,10,2,1,2
2018471802422,2,9,0,1,0,5,0,0,0,0,3,1,6,1,19,4,1242,1,6,3,1,3
2018471802427,1,9,0,18,0,1,0,0,0,0,1,1,6,2,32,6,1895,1,18,6,3,6
2018471802427,2,9,0,10,0,8,0,0,0,0,2,1,6,1,71,10,1461,2,13,6,3,6
2018471802428,1,9,0,4,0,0,5,4,0,0,1,1,6,1,53,8,1248,1,6,1,1,1
2018471802428,2,9,0,2,0,0,0,0,0,0,1,1,6,3,-1,-1,1229,1,9,-1,-1,-1
2018471802429,1,9,0,9,0,8,0,0,0,0,3,1,6,2,46,8,-1,-1,-1,8,1,8
2018471802429,2,5,0,18,0,8,0,0,0,0,1,1,6,1,52,8,997,1,29,2,1,2
2018471802430,1,1,0,18,0,1,0,0,0,0,1,1,6,1,26,6,-1,-1,-1,1,1,1
2018471802434,1,9,0,9,0,1,0,0,0,0,1,2,6,2,84,11,1587,1,16,2,1,2
2018471802434,2,9,0,18,0,1,0,0,0,0,4,1,6,1,59,9,998,1,16,2,1,2
2018471802435,1,9,0,2,0,2,0,0,0,0,3,1,6,3,-1,-1,1598,1,18,-1,-1,-1
2018471802436,1,9,0,18,0,1,0,0,0,0,1,1,6,1,40,7,1598,1,5,1,1,1
2018471802436,2,9,0,18,0,1,0,0,0,0,4,1,6,1,56,9,1969,2,2,9,1,9
2018471802437,1,19,0,18,0,2,0,0,0,0,1,1,1,1,51,8,1995,2,8,5,1,5
2018471802438,1,4,0,17,0,0,1,0,0,0,0,1,6,1,26,6,599,1,23,3,1,3
2018471802440,1,19,0,18,0,0,0,0,0,0,1,1,1,1,25,5,2496,2,21,1,1,1
2018471802445,1,1,0,9,0,8,0,0,0,0,1,1,1,1,23,5,-1,-1,-1,9,1,9
2018471802445,2,9,0,18,0,8,0,0,0,0,1,1,2,1,61,9,1598,2,9,7,1,7
2018471802446,1,9,0,14,0,1,0,0,0,0,1,1,6,1,61,9,1598,1,12,2,1,2
2018471802446,2,1,0,18,0,1,0,0,0,0,1,1,6,1,28,6,-1,-1,-1,8,1,8
2018471802446,3,19,0,2,0,1,0,0,0,0,0,1,6,3,-1,-1,-1,-1,-1,-1,-1,-1
2018471802448,1,9,0,18,0,1,0,0,0,0,4,1,6,1,51,8,-1,-1,-1,1,1,1
2018471802452,1,9,0,16,0,0,0,0,7,0,1,1,6,1,17,4,1198,1,12,10,2,10
2018471802452,2,9,0,17,0,0,0,0,0,0,1,1,6,1,65,9,2184,2,12,9,-1,9
2018471802453,1,9,0,5,0,0,0,0,0,0,4,1,6,2,33,6,1796,1,18,1,1,1
2018471802453,2,5,0,18,0,0,0,0,0,0,3,1,6,1,26,6,600,1,19,2,1,2
2018471802454,1,1,0,18,0,1,0,0,0,0,1,1,1,1,38,7,-1,-1,-1,6,1,6
2018471802454,2,9,0,9,0,1,0,0,0,0,4,1,2,1,22,5,1796,1,7,4,1,4
2018471802458,1,9,0,9,0,5,0,0,0,0,1,1,2,1,59,9,-1,-1,-1,8,1,8
2018471802458,2,21,0,17,0,1,0,0,0,0,3,1,1,1,52,8,-1,2,39,6,3,6
2018471802464,1,9,0,13,0,1,0,0,0,0,3,1,6,1,44,7,1398,1,12,8,1,8
2018471802464,2,1,0,18,0,1,0,0,0,0,0,1,2,2,28,6,-1,-1,-1,9,1,9
2018471802465,1,21,0,18,0,0,0,0,0,0,1,1,1,1,59,9,-1,-1,-1,4,3,4
2018471802465,2,9,0,3,0,0,0,0,0,0,2,1,6,2,45,7,1598,1,4,4,1,4
2018471802465,3,9,0,3,0,0,0,0,0,0,2,1,6,1,17,4,1388,1,15,9,2,9
2018471802466,1,21,0,18,0,0,0,0,0,0,1,1,1,1,42,7,5132,2,3,7,1,7
2018471802466,2,9,0,4,0,0,0,0,0,0,2,1,2,2,38,7,1596,1,9,4,1,4
2018471802466,3,19,0,4,0,0,0,0,0,0,2,1,1,1,31,6,1995,2,-1,3,1,3
2018471802468,1,5,0,18,0,1,1,0,0,0,1,1,2,1,47,8,799,1,-1,10,2,10
2018471802468,2,19,0,9,0,5,0,0,0,0,2,1,1,1,59,9,1248,2,10,5,3,5
2018471802470,1,9,0,18,0,2,0,0,0,0,1,1,1,2,18,4,999,1,1,8,3,8
2018471802470,2,9,0,18,0,2,0,0,0,0,2,1,1,1,46,8,1400,1,12,7,1,7
2018471802470,3,9,0,18,0,2,0,0,0,0,2,1,6,1,64,9,1968,2,3,2,1,2
2018471802474,1,9,0,1,0,2,0,0,0,0,2,1,6,2,18,4,1598,2,6,7,3,7
2018471802475,1,9,0,18,0,0,0,0,2,10,1,1,6,2,20,4,1390,1,14,3,1,3
2018471802475,2,9,0,2,0,0,0,0,0,0,1,1,6,3,-1,-1,1339,1,3,-1,-1,-1
2018471802478,1,3,0,16,0,0,1,0,0,0,0,1,6,1,17,4,124,1,7,7,1,7
2018471802479,1,9,0,9,0,5,0,0,0,0,1,1,6,1,72,10,1364,1,12,2,1,2
2018471802479,2,9,0,18,0,1,0,0,0,0,1,1,6,1,52,8,1798,1,17,8,1,8
2018471802480,1,9,0,18,0,1,0,0,0,0,1,1,2,1,31,6,1086,1,13,1,1,1
2018471802480,2,9,0,10,0,1,0,0,0,0,2,1,6,2,54,8,1242,1,3,9,3,9
2018471802481,1,9,0,18,0,0,0,0,0,0,1,1,6,1,24,5,1984,1,15,7,1,7
2018471802482,1,9,0,18,0,0,0,0,0,0,1,1,6,1,75,10,998,1,-1,6,1,6
2018471802482,2,9,0,2,0,0,0,0,1,0,2,1,6,3,-1,-1,1242,1,1,-1,-1,-1
2018471802483,1,8,0,18,0,4,2,7,0,0,1,1,1,1,50,8,1598,2,7,3,1,3
2018471802484,1,1,0,18,0,0,0,0,0,0,3,1,6,1,31,6,-1,-1,-1,2,1,2
2018471802485,1,9,0,18,0,8,0,0,0,0,1,1,1,1,63,9,-1,-1,-1,10,1,10
2018471802485,2,5,0,3,0,8,0,0,0,0,2,1,1,1,58,9,1745,1,-1,8,2,8
2018471802485,3,9,0,9,0,8,0,0,0,0,0,1,6,2,58,9,1998,1,22,5,1,5
2018471802486,1,9,0,11,0,8,0,0,0,0,4,1,1,1,30,6,1499,2,2,4,1,4
2018471802486,2,1,0,18,0,8,0,0,0,0,3,1,2,1,30,6,-1,-1,-1,5,1,5
2018471802486,3,19,0,18,0,2,0,0,0,0,0,1,6,1,-1,-1,-1,-1,-1,-1,-1,-1
2018471802488,1,9,0,18,0,0,0,0,0,0,1,1,6,2,41,7,1598,1,16,7,1,7
2018471802490,1,3,0,4,0,1,1,0,0,0,1,1,2,1,28,6,125,1,5,1,1,1
2018471802490,2,9,0,3,0,1,0,0,0,0,2,1,2,2,61,9,1339,1,5,1,1,1
2018471802491,1,9,0,2,0,0,0,0,0,0,4,1,6,2,30,6,1995,2,12,2,1,2
2018471802491,2,9,0,18,0,0,0,0,0,0,4,1,1,1,78,11,2926,2,16,9,1,9
2018471802492,1,1,0,9,0,2,0,0,0,0,1,1,6,1,19,4,-1,-1,-1,7,1,7
2018471802492,2,9,0,18,0,8,1,0,0,0,1,1,6,1,27,6,1596,1,18,2,1,2
2018471802493,1,8,0,9,0,8,0,0,0,0,2,1,1,1,52,8,1598,2,1,10,1,10
2018471802493,2,3,0,18,0,8,0,0,1,0,1,1,6,1,17,4,124,1,5,6,2,6
2018471802493,3,1,0,18,0,1,0,0,0,0,3,1,6,2,59,9,-1,-1,-1,10,1,10
2018471802494,1,9,0,18,0,4,0,0,0,0,1,1,6,2,30,6,1598,1,7,4,1,4
2018471802494,2,9,0,18,0,4,0,0,0,0,2,1,6,2,33,6,1596,1,7,7,1,7
2018471802499,1,19,0,18,0,0,0,0,0,0,1,1,1,1,41,7,2299,2,1,5,1,5
2018471802499,2,9,0,3,0,0,0,0,0,0,2,1,6,2,33,6,1388,1,14,2,1,2
2018471802499,3,9,0,3,0,0,0,0,0,0,2,1,6,1,63,9,1618,1,4,10,2,10
2018471802502,1,9,0,18,0,0,0,0,0,0,4,1,6,1,22,5,1397,1,6,3,1,3
2018471802502,2,1,0,18,0,0,0,0,0,0,3,1,6,1,35,6,-1,-1,-1,2,1,2
2018471802503,1,19,0,18,0,4,0,0,0,0,1,1,6,1,30,6,2402,2,18,4,1,4
2018471802503,2,8,0,5,0,4,0,0,0,0,2,1,6,2,20,4,1496,2,1,8,3,8
2018471802506,1,9,0,18,0,0,0,0,0,0,0,1,6,1,51,8,2495,2,22,8,3,8
2018471802510,1,9,0,9,0,5,0,0,0,0,4,1,6,1,36,7,1396,1,16,3,1,3
2018471802510,2,1,0,18,4,8,0,0,0,0,1,1,6,1,15,3,-1,-1,-1,9,1,9
2018471802510,3,19,0,3,0,1,0,0,0,0,0,1,6,1,-1,-1,-1,-1,-1,-1,-1,-1
2018471802511,1,9,0,18,0,1,0,0,0,0,1,1,6,1,68,10,1769,1,12,6,1,6
2018471802511,2,11,0,3,0,2,0,0,0,0,0,1,1,1,-1,-1,-1,-1,-1,-1,-1,-1
2018471802515,1,9,0,18,0,0,5,0,1,0,1,1,6,1,25,5,1493,1,21,2,1,2
2018471802515,2,9,0,18,0,0,1,0,1,0,1,1,6,1,18,4,1596,1,12,7,1,7
2018471802517,1,9,0,6,0,8,0,0,0,0,1,1,6,2,32,6,1296,1,10,7,1,7
2018471802517,2,4,0,13,0,8,0,0,4,10,1,1,6,1,56,9,485,1,33,4,1,4
2018471802518,1,20,1,18,0,0,0,0,0,0,1,1,1,1,60,9,-1,-1,-1,5,3,5
2018471802518,2,1,0,18,0,0,0,0,0,0,2,1,6,1,50,8,-1,-1,-1,8,3,8
2018471802524,1,9,0,7,0,4,0,0,0,0,1,1,6,1,27,6,-1,-1,-1,6,1,6
2018471802524,2,2,0,8,0,4,0,0,0,0,2,1,2,1,63,9,865,1,2,5,1,5