Accident_Index,Vehicle_Reference,Vehicle_Type,Towing_and_Articulation,Vehicle_Manoeuvre,Vehicle_Location-Restricted_Lane,Junction_Location,Skidding_and_Overturning,Hit_Object_in_Carriageway,Vehicle_Leaving_Carriageway,Hit_Object_off_Carriageway,1st_Point_of_Impact,Was_Vehicle_Left_Hand_Drive?,Journey_Purpose_of_Driver,Sex_of_Driver,Age_of_Driver,Age_Band_of_Driver,Engine_Capacity_(CC),Propulsion_Code,Age_of_Vehicle,Driver_IMD_Decile,Driver_Home_Area_Type,Vehicle_IMD_Decile
2018471802525,1,9,0,18,0,1,0,0,0,0,1,1,6,1,40,7,1388,1,11,6,2,6
2018471802525,2,8,0,3,0,8,0,0,0,0,0,1,1,1,46,8,1968,2,7,3,1,3
2018471802527,1,9,0,18,0,0,0,0,0,0,1,1,6,1,17,4,1360,1,16,6,3,6
2018471802527,2,9,0,18,0,0,0,0,0,0,3,1,3,2,29,6,1399,2,9,6,3,6
2018471802528,1,9,0,18,0,3,0,0,0,0,4,1,6,2,21,5,1364,1,8,4,1,4
2018471802531,1,9,0,13,0,0,0,0,0,0,4,1,6,1,63,9,1198,1,3,4,1,4
2018471802531,2,1,0,17,0,0,0,0,0,0,3,1,6,1,35,6,-1,-1,-1,-1,-1,-1
2018471802534,1,20,0,9,0,8,0,0,0,0,3,1,1,1,46,8,-1,-1,-1,5,2,5
2018471802534,2,9,0,18,0,1,0,0,0,0,1,1,6,1,86,11,1108,1,16,6,3,6
2018471802537,1,3,0,14,0,8,0,0,0,0,4,1,6,1,19,4,124,1,7,3,1,3
2018471802537,2,9,0,9,0,6,0,0,0,0,1,1,6,1,69,10,1587,1,13,7,1,7
2018471802537,3,11,0,3,0,1,0,0,0,0,0,1,6,3,-1,-1,-1,-1,-1,-1,-1,-1
2018471802538,1,9,0,16,0,8,0,0,0,0,1,1,1,2,48,8,-1,-1,-1,7,1,7
2018471802538,2,9,0,4,0,4,0,0,0,0,3,1,1,2,55,8,3200,6,18,9,1,9
2018471802540,1,5,0,18,0,1,0,0,0,0,1,1,6,1,53,8,644,1,13,9,3,9
2018471802540,2,9,0,9,0,5,0,0,0,0,3,1,6,1,71,10,1242,1,4,7,1,7
2018471802541,1,5,0,7,0,3,0,0,0,0,1,1,2,1,23,5,1137,1,20,3,1,3
2018471802542,1,9,0,18,0,0,0,0,7,0,1,1,6,1,25,5,2996,1,-1,7,1,7
2018471802542,2,9,0,18,0,0,0,0,1,0,1,1,6,1,59,9,1796,1,9,6,1,6
2018471802543,1,9,0,18,0,0,2,0,1,10,1,1,6,1,55,8,1997,2,16,4,1,4
2018471802544,1,20,0,18,0,1,0,0,0,0,1,1,6,3,-1,-1,-1,-1,-1,-1,-1,-1
2018471802545,1,9,0,5,0,4,0,0,0,0,0,1,6,2,49,8,1956,2,5,6,2,6
2018471802545,2,1,0,18,0,8,0,0,0,0,0,1,6,1,29,6,-1,-1,-1,6,1,6
2018471802548,1,9,0,18,0,0,0,0,0,4,4,1,6,1,22,5,1596,1,15,10,2,10
2018471802552,1,9,0,1,0,0,0,0,0,0,2,1,6,1,65,9,1956,2,7,3,1,3
2018471802555,1,9,0,4,6,6,0,0,0,0,1,1,6,2,50,8,1798,1,12,4,1,4
2018471802555,2,3,0,10,0,6,0,0,0,0,2,1,6,1,71,10,279,1,3,8,1,8
2018471802556,1,9,0,9,0,6,0,0,0,0,1,1,1,1,49,8,1461,2,4,7,1,7
2018471802556,2,9,0,4,0,1,0,0,0,0,0,1,6,1,-1,-1,-1,-1,-1,-1,-1,-1
2018471802559,1,1,0,18,0,8,0,0,0,0,1,1,4,1,13,3,-1,-1,-1,4,1,4
2018471802559,2,9,0,18,0,8,0,0,0,0,4,1,6,1,54,8,1598,1,4,8,1,8
2018471802560,1,9,0,18,0,8,0,0,0,0,3,1,6,2,30,6,1753,2,14,4,1,4
2018471802560,2,9,0,18,0,1,0,0,0,0,1,1,6,1,28,6,-1,-1,-1,8,1,8
2018471802561,1,1,0,18,0,1,0,0,0,0,1,1,6,1,40,7,-1,-1,-1,-1,-1,-1
2018471802563,1,9,0,9,0,8,0,0,0,0,1,1,6,2,19,4,998,1,8,6,1,6
2018471802563,2,9,0,18,0,8,0,0,0,0,1,1,6,2,26,6,998,1,10,9,1,9
2018471802565,1,9,0,18,0,0,0,0,0,0,3,1,6,3,-1,-1,-1,-1,-1,-1,-1,-1
2018471802565,2,9,0,3,0,0,0,0,0,0,3,1,6,2,75,10,1299,1,15,7,1,7
2018471802567,1,8,0,18,0,1,0,0,0,0,2,1,6,1,46,8,1998,2,8,8,1,8
2018471802567,2,2,0,18,0,8,1,0,0,0,1,1,6,1,16,4,49,1,10,3,1,3
2018471802571,1,11,0,5,0,1,0,0,0,0,0,1,1,1,54,8,4500,2,6,1,1,1
2018471802573,1,9,0,15,0,0,0,0,0,0,0,1,6,1,60,9,1998,1,2,4,1,4
2018471802573,2,1,0,18,0,0,0,0,0,10,1,1,6,1,45,7,-1,-1,-1,8,1,8
2018471802574,1,9,0,11,0,8,0,0,0,0,4,1,6,1,46,8,-1,-1,-1,4,1,4
2018471802574,2,3,0,18,0,1,0,0,0,0,3,1,6,1,21,5,124,1,4,3,1,3
2018471802577,1,19,0,18,0,0,0,0,0,0,1,1,1,1,29,6,1995,2,1,3,1,3
2018471802577,2,9,0,4,0,0,0,0,0,0,2,1,6,1,30,6,998,1,5,4,1,4
2018471802577,3,9,0,4,0,0,0,0,0,0,2,1,6,1,66,10,1580,8,1,8,3,8
2018471802578,1,9,0,18,0,3,0,0,0,0,1,1,6,1,27,6,1984,1,1,8,3,8
2018471802578,2,21,1,4,0,3,0,0,0,0,2,1,1,1,43,7,5132,2,2,5,2,5
2018471802579,1,9,0,18,0,0,1,10,7,11,1,1,6,2,35,6,1586,1,10,7,3,7
2018471802584,1,9,0,7,0,6,0,0,0,0,1,1,6,1,55,8,1998,1,-1,10,1,10
2018471802584,2,9,0,18,0,1,0,0,0,0,1,1,6,1,64,9,1998,1,24,9,1,9
2018471802584,3,9,0,18,0,1,0,0,0,0,1,1,6,1,86,11,1242,1,7,6,1,6
2018471802590,1,9,0,13,0,8,1,0,0,0,1,1,6,2,53,8,2171,1,17,8,3,8
2018471802590,2,9,0,9,0,8,0,0,0,0,3,1,6,2,47,8,1997,2,3,9,3,9
2018471802591,1,1,0,13,0,1,1,0,3,0,1,1,6,1,25,5,-1,-1,-1,4,1,4
2018471802591,2,9,0,9,0,8,0,0,0,0,4,1,6,2,44,7,1390,1,11,4,1,4
2018471802593,1,9,0,18,0,3,0,0,1,11,1,1,6,1,48,8,1956,2,7,10,1,10
2018471802593,2,9,0,18,0,1,0,0,1,4,1,1,6,1,50,8,1497,1,14,6,1,6
2018471802594,1,9,0,9,0,8,0,10,0,0,1,1,6,1,48,8,2993,2,2,8,1,8
2018471802594,2,1,0,18,0,8,0,0,0,0,1,1,6,1,36,7,-1,-1,-1,8,1,8
2018471802596,1,9,0,16,0,5,5,0,1,0,1,1,6,1,24,5,1596,1,10,-1,-1,-1
2018471802596,2,9,0,16,0,1,0,0,0,0,0,1,1,1,38,7,1997,2,2,1,1,1
2018471802596,3,9,0,16,0,1,0,0,0,0,0,1,1,1,40,7,1997,2,7,3,1,3
2018471802599,1,9,0,18,0,1,0,0,0,0,1,1,6,2,19,4,1490,1,10,8,1,8
2018471802599,2,9,0,18,0,1,0,0,0,0,2,1,6,2,67,10,875,1,3,6,1,6
2018471802602,1,9,0,18,0,8,0,0,1,0,4,1,6,2,17,4,1360,1,14,6,2,6
2018471802603,1,9,0,18,0,1,0,0,0,0,1,1,6,2,43,7,1587,1,11,5,-1,5
2018471802603,2,9,0,10,0,1,0,0,0,0,2,1,2,2,28,6,1598,1,15,4,1,4
2018471802605,1,3,0,13,0,8,0,0,0,0,1,1,6,1,20,4,123,1,3,4,1,4
2018471802605,2,9,0,9,0,8,0,0,0,0,3,1,6,1,72,10,1560,2,9,8,3,8
2018471802607,1,1,0,18,0,8,1,0,0,0,3,1,4,1,11,3,-1,-1,-1,7,1,7
2018471802607,2,8,0,4,0,1,0,0,0,0,1,1,3,1,30,6,1995,2,13,7,1,7
2018471802608,1,11,0,4,2,2,0,0,0,0,0,1,1,1,31,6,5132,2,1,8,1,8
2018471802612,1,9,0,18,0,0,0,0,0,0,1,1,6,1,55,8,-1,-1,-1,9,3,9
2018471802612,2,9,0,18,0,0,0,0,0,0,3,1,6,2,28,6,1598,2,2,10,2,10
2018471802613,1,9,0,18,0,0,0,7,0,1,1,2,1,1,47,8,-1,-1,-1,8,1,8
2018471802616,1,9,0,18,0,2,0,0,0,0,1,1,6,1,40,7,1598,1,15,4,1,4
2018471802617,1,9,0,9,0,8,0,0,0,0,3,1,6,2,76,11,1329,1,3,8,1,8
2018471802617,2,9,0,18,0,1,0,0,0,0,1,1,6,1,35,6,-1,-1,-1,-1,-1,-1
2018471802619,1,9,0,9,0,8,0,0,0,0,3,1,6,1,43,7,1598,1,8,5,1,5
2018471802619,2,9,0,18,0,8,0,0,0,0,1,1,6,2,21,5,1229,1,6,10,1,10
2018471802628,1,9,0,13,0,1,0,0,0,0,1,1,6,2,27,6,2198,1,11,7,3,7
2018471802628,2,1,0,18,0,1,0,0,0,0,3,1,2,1,42,7,-1,-1,-1,7,3,7
2018471802629,1,11,0,7,0,8,0,0,0,0,4,1,6,1,55,8,5132,2,1,3,1,3
2018471802633,1,3,0,18,0,0,0,0,0,0,1,1,6,1,17,4,125,1,-1,6,3,6
2018471802633,2,9,0,18,0,0,0,0,0,0,2,2,6,1,42,7,1248,1,1,2,1,2
2018471802635,1,11,0,18,0,8,0,0,0,0,0,1,1,1,30,6,5132,2,2,8,1,8
2018471802636,1,9,0,9,0,6,0,0,0,0,1,1,6,1,54,8,2400,2,6,6,3,6
2018471802636,2,9,0,4,0,1,0,0,0,0,0,1,6,1,30,6,-1,-1,-1,-1,-1,-1
2018471802637,1,9,0,1,0,0,0,0,0,0,2,1,6,1,30,6,-1,-1,-1,5,1,5
2018471802637,2,1,0,3,0,0,0,0,0,0,1,1,6,1,37,7,-1,-1,-1,8,1,8
2018471802639,1,19,0,18,0,3,0,0,0,0,1,1,1,1,40,7,1499,2,1,2,1,2
2018471802643,1,9,0,18,0,1,0,0,0,0,1,1,6,1,35,6,1390,1,17,6,1,6
2018471802643,2,9,0,10,0,1,0,0,0,0,2,1,6,2,59,9,1598,1,12,6,1,6
2018471802644,1,9,0,18,0,1,0,0,0,0,1,1,6,1,79,11,1398,2,6,8,1,8
2018471802644,2,9,0,3,0,1,0,0,0,0,2,1,6,1,71,10,2967,2,12,8,1,8
2018471802644,3,9,0,3,0,1,0,0,0,0,2,1,6,1,57,9,-1,3,4,10,3,10
2018471802644,4,19,0,3,0,1,0,0,0,0,2,1,1,1,60,9,1995,2,-1,8,1,8
2018471802644,5,9,0,3,0,1,0,0,0,0,2,1,6,2,66,10,1332,1,-1,5,1,5
2018471802644,6,9,0,18,0,2,0,0,0,0,1,1,6,1,62,9,1396,1,2,4,1,4
2018471802644,7,8,0,3,0,1,0,0,0,0,2,1,6,1,65,9,-1,-1,-1,10,1,10
2018471802648,1,9,0,18,0,0,5,0,0,0,1,1,6,1,76,11,1242,1,-1,1,1,1
2018471802648,2,9,0,2,0,0,0,0,1,0,2,1,6,3,-1,-1,1242,1,7,-1,-1,-1
2018471802649,1,9,0,9,0,8,1,0,0,0,1,1,6,1,54,8,1910,2,12,2,1,2
2018471802649,2,5,0,18,0,8,1,0,0,0,1,1,6,1,21,5,885,1,24,6,3,6
2018471802652,1,20,0,17,0,0,2,0,1,11,1,1,1,1,47,8,-1,-1,-1,6,1,6
2018471802653,1,11,0,5,0,0,0,0,0,0,0,1,1,2,23,5,9000,2,14,3,1,3
2018471802656,1,9,0,18,0,0,2,0,0,0,3,1,6,2,18,4,1198,1,12,10,3,10
2018471802656,2,20,0,18,0,0,0,0,0,0,3,1,6,1,32,6,-1,-1,-1,9,1,9
2018471802660,1,90,0,18,0,0,0,0,0,0,0,1,6,1,55,8,-1,-1,-1,5,3,5
2018471802663,1,9,0,18,0,0,5,0,1,6,1,1,6,1,36,7,1796,1,16,7,1,7
2018471802666,1,9,0,18,0,2,0,0,0,0,1,1,2,2,51,8,1198,1,3,6,1,6
2018471802667,1,9,0,17,0,0,5,7,0,0,1,1,6,2,55,8,1332,1,22,2,1,2
2018471802667,2,9,0,16,0,0,0,0,0,0,1,1,6,2,19,4,1397,1,11,5,1,5
2018471802667,3,19,0,16,0,0,0,0,0,0,1,1,1,1,25,5,2299,2,2,4,1,4
2018471802671,1,11,0,5,0,0,0,0,0,0,0,1,1,1,59,9,9360,2,6,9,1,9
2018471802676,1,9,0,17,0,0,0,0,1,11,1,1,6,1,46,8,999,1,-1,9,1,9
2018471802677,1,9,0,18,0,0,0,0,0,0,1,1,6,2,38,7,1797,8,8,4,1,4
2018471802677,2,9,0,18,0,0,0,0,0,0,1,1,6,2,63,9,1968,2,8,7,3,7
2018471802677,3,9,0,18,0,0,0,0,0,0,1,1,6,1,65,9,1598,1,4,9,3,9
2018471802677,4,9,0,4,0,0,0,0,0,0,2,1,6,1,41,7,1368,1,-1,9,1,9
2018471802677,5,9,0,18,0,0,0,0,0,0,0,1,1,1,40,7,-1,-1,-1,10,1,10
2018471802677,6,9,0,18,0,0,0,0,0,0,0,1,1,3,40,7,-1,-1,-1,10,1,10
2018471802677,7,5,0,18,0,0,0,0,0,0,0,1,1,3,40,7,-1,-1,-1,10,1,10
2018471802679,1,9,0,18,0,1,0,0,0,0,1,1,6,2,38,7,1390,1,12,6,3,6
2018471802679,2,9,0,3,0,1,0,0,0,0,2,1,2,2,48,8,1997,2,19,9,3,9
2018471802679,3,9,0,10,0,8,0,0,0,0,0,1,6,1,40,7,-1,-1,-1,-1,-1,-1
2018471802680,1,9,0,18,0,1,0,0,0,0,1,1,6,2,62,9,1461,2,14,3,1,3
2018471802680,2,9,0,3,0,1,0,0,0,0,2,1,6,1,19,4,1968,2,9,1,1,1
2018471802683,1,9,0,4,0,1,0,0,0,0,1,1,2,2,58,9,1242,1,2,10,2,10
2018471802683,2,4,0,8,0,1,0,0,0,0,2,1,6,1,28,6,125,1,1,10,1,10
2018471802684,1,9,0,18,0,0,0,0,0,0,1,1,3,2,31,6,1798,1,13,7,1,7
2018471802684,2,9,0,18,0,0,0,0,0,0,1,1,6,2,46,8,998,1,13,7,1,7
2018471802686,1,9,0,18,0,1,0,0,0,0,4,1,2,2,53,8,1299,1,17,4,1,4
2018471802686,2,9,0,7,0,1,0,0,0,0,1,1,6,2,18,4,999,1,12,8,1,8
2018471802687,1,9,0,18,0,1,0,0,0,0,0,1,6,2,37,7,1798,8,4,9,1,9
2018471802688,1,9,0,4,0,2,0,0,0,0,1,1,6,2,41,7,1296,1,10,5,1,5
2018471802688,2,9,0,4,0,2,0,0,0,0,2,1,6,1,49,8,1591,1,1,1,1,1
2018471802688,3,9,0,4,0,2,0,0,0,0,2,1,6,1,69,10,1598,1,14,7,1,7
2018471802689,1,9,0,18,0,1,0,0,0,0,1,1,1,2,53,8,1998,1,1,9,1,9
2018471802689,2,9,0,3,0,1,0,0,0,0,2,1,6,1,62,9,2143,2,1,7,1,7
2018471802689,3,90,0,18,0,1,0,0,0,0,0,1,1,3,-1,-1,-1,-1,-1,-1,-1,-1
2018471802690,1,9,0,2,0,0,0,0,0,0,3,1,6,1,57,9,-1,-1,-1,7,1,7
2018471802690,2,1,0,18,0,0,0,0,0,0,1,1,6,2,44,7,-1,-1,-1,6,1,6
2018471802692,1,11,0,5,0,8,0,0,0,0,0,1,6,1,40,7,5132,2,1,6,1,6
2018471802694,1,9,0,18,0,0,0,0,7,2,1,1,6,2,75,10,1299,1,17,10,1,10
2018471802697,1,19,0,4,0,0,0,0,0,0,0,1,6,3,-1,-1,-1,-1,-1,-1,-1,-1
2018471802697,2,9,0,4,0,0,0,0,1,4,1,1,2,1,55,8,1124,1,16,4,1,4
2018471802699,1,9,0,9,0,6,0,0,0,0,3,1,6,1,37,7,1686,2,15,3,1,3
2018471802699,2,3,5,18,0,1,0,0,0,0,1,1,6,1,74,10,649,1,56,4,1,4
2018471802701,1,9,0,18,0,1,0,0,0,0,1,1,6,1,18,4,1990,1,17,9,1,9
2018471802701,2,9,0,3,0,1,0,0,0,0,2,2,3,2,44,7,1197,1,1,10,-1,10
2018471802704,1,9,0,5,0,4,0,0,0,0,3,1,6,1,80,11,1560,2,7,7,1,7
2018471802704,2,9,0,18,0,8,0,0,0,0,1,1,6,1,24,5,2698,2,10,7,1,7
2018471802705,1,9,0,18,0,1,0,0,0,0,4,1,6,1,77,11,1753,2,10,6,1,6
2018471802707,1,3,0,16,0,1,0,0,0,0,2,1,6,1,18,4,125,1,6,8,1,8
2018471802707,2,9,0,10,0,5,0,0,0,0,2,1,3,1,42,7,1968,2,3,1,1,1
2018471802712,1,9,0,6,0,8,0,0,0,0,3,1,6,2,74,10,2179,2,10,5,1,5
2018471802712,2,1,0,18,0,8,0,0,0,0,1,1,6,1,51,8,-1,-1,-1,7,1,7
2018471802713,1,9,0,9,0,8,0,0,0,0,1,1,6,1,56,9,1389,1,20,5,1,5
2018471802713,2,9,0,18,0,8,0,0,0,0,1,1,6,1,48,8,1910,2,9,2,1,2
2018471802714,1,19,0,18,0,1,0,0,0,0,1,1,6,3,-1,-1,-1,-1,-1,-1,-1,-1
2018471802714,2,9,0,3,0,1,0,0,0,0,2,1,2,1,18,4,1360,1,8,4,1,4
2018471802715,1,9,0,6,0,1,0,0,0,0,1,2,6,1,45,7,-1,-1,-1,-1,-1,-1
2018471802716,1,9,0,18,0,1,0,0,0,0,1,1,6,1,30,6,1686,2,13,5,1,5
2018471802716,2,9,0,10,0,1,0,0,0,0,2,1,6,1,48,8,1910,2,12,4,1,4
2018471802718,1,9,0,18,0,1,0,0,0,0,1,1,6,1,73,10,3800,1,15,9,1,9
2018471802718,2,9,0,4,0,1,0,0,0,0,2,1,6,2,36,7,1149,1,5,6,1,6
2018471802719,1,11,0,4,0,8,0,0,0,0,0,1,6,1,44,7,9000,2,9,2,1,2
2018471802720,1,9,0,9,0,6,0,0,0,0,1,1,6,1,52,8,2400,2,8,9,1,9
2018471802720,2,9,0,17,0,8,0,0,0,0,4,1,6,1,28,6,1149,1,7,6,3,6
2018471802721,1,1,0,18,0,0,0,0,0,0,0,1,6,1,52,8,-1,-1,-1,9,2,9
2018471802721,2,17,4,18,0,0,0,0,0,0,2,1,1,1,34,6,-1,2,17,9,1,9
2018471802721,3,1,0,18,0,0,0,0,0,0,2,1,6,1,17,4,-1,-1,-1,9,2,9
2018471802724,1,9,0,5,0,4,0,0,0,0,1,1,6,1,51,8,1968,2,1,5,1,5
2018471802724,2,9,0,5,0,4,0,0,0,0,2,1,6,2,48,8,1498,1,2,6,1,6
2018471802725,1,90,0,6,0,0,0,0,0,0,4,1,6,1,65,9,-1,-1,-1,5,3,5
2018471802725,2,9,0,1,0,0,0,0,0,0,4,1,6,2,36,7,2979,1,16,1,1,1
2018471802725,3,19,3,4,0,0,0,0,0,0,0,2,6,1,40,7,-1,-1,-1,-1,-1,-1
2018471802727,1,5,0,18,0,2,1,11,0,0,4,1,6,1,31,6,998,1,11,9,1,9
2018471802728,1,9,4,18,0,0,0,0,0,0,2,1,6,1,44,7,2685,2,15,4,1,4
2018471802728,2,9,0,4,0,0,0,0,0,0,2,1,6,2,43,7,1242,1,3,2,2,2
2018471802728,3,9,0,18,0,0,0,0,0,0,3,1,6,1,49,8,998,1,2,6,1,6
2018471802728,4,9,0,18,0,0,0,0,0,0,1,1,6,2,26,6,1490,1,12,6,1,6
2018471802729,1,9,0,9,0,6,0,0,0,0,3,1,6,1,73,10,1896,1,22,7,1,7
2018471802729,2,9,0,18,0,8,0,0,0,0,1,1,6,1,60,9,898,1,-1,6,3,6
2018471802731,1,9,0,7,4,2,0,0,0,0,1,1,6,1,35,6,1461,2,3,4,1,4
2018471802731,2,1,0,18,4,2,0,0,0,0,4,1,1,1,70,10,-1,-1,-1,4,1,4
2018471802732,1,9,0,9,0,8,0,0,0,0,4,1,6,2,19,4,1200,1,5,8,1,8
2018471802732,2,9,0,18,0,8,1,0,0,0,1,1,2,2,27,6,1595,2,8,6,3,6
2018471802735,1,9,0,7,0,5,0,0,0,0,4,1,6,1,37,7,1395,8,1,5,1,5
2018471802735,2,1,0,18,4,1,0,0,0,0,1,1,6,1,17,4,-1,-1,-1,4,1,4
2018471802737,1,9,0,9,0,8,0,0,0,0,3,1,6,2,77,11,1339,1,5,7,1,7
2018471802737,2,9,0,18,0,8,0,0,0,0,1,1,6,1,47,8,1749,1,16,5,2,5
2018471802738,1,9,0,9,0,8,0,0,0,0,1,1,2,1,40,7,2998,1,1,8,1,8
2018471802738,2,5,0,18,0,8,0,0,0,0,1,1,2,1,41,7,599,1,11,5,1,5
2018471802739,1,1,0,4,0,1,0,0,0,0,4,1,6,1,44,7,-1,-1,-1,9,-1,9
2018471802739,2,19,0,3,0,1,0,0,0,0,4,1,2,1,42,7,1896,2,14,6,1,6
2018471802740,1,9,0,5,0,8,0,0,0,0,4,1,6,1,49,8,-1,-1,-1,6,3,6
2018471802740,2,1,0,18,0,1,0,0,0,0,1,1,6,1,58,9,-1,-1,-1,9,1,9
2018471802741,1,9,0,18,0,1,0,0,0,0,1,1,1,1,35,6,-1,-1,-1,7,1,7
2018471802741,2,9,0,2,0,1,0,0,0,4,1,1,6,2,53,8,1896,2,10,3,1,3
2018471802743,1,9,0,17,0,0,0,0,7,9,1,1,6,2,68,10,1398,1,6,9,1,9
2018471802744,1,9,0,18,0,0,0,0,1,0,3,1,6,2,71,10,1395,1,-1,8,2,8
2018471802744,2,9,0,18,0,0,0,0,1,0,3,1,6,1,19,4,1896,2,13,8,3,8
2018471802745,1,19,0,9,0,6,0,0,0,0,3,1,6,1,34,6,1910,2,16,2,1,2
2018471802745,2,9,0,18,0,1,0,0,0,0,1,1,6,2,56,9,1598,1,17,2,1,2
2018471802748,1,9,0,17,0,0,0,0,1,4,1,1,6,2,18,4,998,1,6,6,1,6
2018471802749,1,9,0,16,0,0,5,0,0,4,3,1,6,2,21,5,1299,1,11,8,1,8
2018471802750,1,8,0,7,0,6,0,0,0,0,3,1,1,3,-1,-1,-1,-1,-1,-1,-1,-1
2018471802750,2,1,0,18,0,1,0,0,0,0,1,1,6,2,36,7,-1,-1,-1,2,1,2
2018471802751,1,9,0,7,0,3,0,0,0,0,3,1,6,1,31,6,1198,1,12,8,1,8
2018471802751,2,9,0,18,0,3,0,0,0,0,4,1,6,1,37,7,1197,1,2,5,1,5
2018471802755,1,9,0,5,0,6,0,0,0,0,2,1,6,1,76,11,2435,1,16,8,1,8
2018471802755,2,9,0,18,0,8,0,0,0,0,1,1,6,2,28,6,1598,1,15,2,1,2
2018471802756,1,9,0,16,0,0,0,0,0,0,1,1,6,3,40,7,-1,-1,-1,-1,-1,-1
2018471802756,2,3,0,16,0,0,0,0,7,11,2,1,6,1,24,5,124,1,2,6,2,6
2018471802760,1,9,0,17,0,8,0,0,0,0,1,1,3,2,47,8,1999,2,1,9,3,9
2018471802760,2,21,0,2,0,8,0,0,0,0,0,1,1,1,40,7,-1,-1,-1,3,1,3
2018471802761,1,9,0,7,0,1,0,0,0,0,4,1,6,1,39,7,1595,1,15,6,1,6
2018471802761,2,3,0,18,0,1,0,0,0,0,3,1,6,1,25,5,125,1,1,7,1,7
2018471802762,1,9,0,5,0,4,0,0,0,0,3,1,6,2,37,7,2143,2,1,5,1,5
2018471802762,2,1,0,9,0,8,0,0,0,0,1,1,6,1,52,8,-1,-1,-1,4,1,4
2018471802763,1,9,0,18,0,0,0,0,0,0,0,1,6,2,47,8,1299,1,10,3,1,3
2018471802763,2,9,0,18,0,0,5,0,2,7,4,1,6,1,49,8,-1,-1,-1,3,1,3
2018471802766,1,1,0,18,0,0,0,0,0,0,1,1,6,1,16,4,-1,-1,-1,5,1,5
2018471802766,2,9,0,18,0,0,0,0,0,0,1,1,6,1,21,5,-1,-1,-1,4,3,4
2018471802768,1,9,0,18,0,0,0,0,0,0,1,1,6,2,21,5,1242,1,10,10,1,10
2018471802770,1,19,0,18,0,2,0,0,0,0,4,1,1,1,36,7,2402,2,8,4,1,4
2018471802770,2,1,0,18,0,2,0,0,0,0,0,1,2,1,33,6,-1,-1,-1,2,1,2
2018471802772,1,9,0,9,0,8,0,0,0,0,4,1,6,2,43,7,1242,1,1,8,1,8
2018471802772,2,1,0,18,0,8,0,0,0,0,1,1,6,1,44,7,-1,-1,-1,4,1,4
2018471802772,3,19,0,18,0,1,0,0,0,0,0,1,6,3,-1,-1,-1,-1,-1,-1,-1,-1
2018471802773,1,9,0,18,0,0,0,4,0,0,1,1,6,2,45,7,1364,1,3,3,1,3
2018471802773,2,9,0,2,0,0,0,4,1,0,1,1,6,3,-1,-1,1560,2,9,-1,-1,-1
2018471802773,3,9,0,2,0,0,0,0,0,0,1,1,6,3,-1,-1,999,1,19,-1,-1,-1
2018471802773,4,9,0,2,0,0,0,0,0,0,1,1,6,3,-1,-1,1781,1,14,-1,-1,-1
2018471802774,1,3,0,13,0,2,1,0,7,2,1,1,2,1,20,4,124,1,6,7,1,7
2018471802774,2,20,0,18,0,1,0,0,0,0,0,1,6,3,-1,-1,-1,-1,-1,-1,-1,-1
2018471802775,1,9,0,12,0,0,0,0,0,0,3,1,6,3,-1,-1,-1,-1,-1,-1,-1,-1
2018471802775,2,5,0,18,0,0,1,0,4,0,4,1,2,1,28,6,782,1,12,3,1,3
2018471802776,1,5,0,18,0,0,1,0,0,2,1,1,6,1,30,6,998,1,14,1,1,1
2018471802777,1,19,0,9,0,8,0,0,0,0,1,1,6,1,30,6,-1,-1,-1,-1,-1,-1
2018471802777,2,1,0,18,0,8,0,0,0,0,3,1,6,2,55,8,-1,-1,-1,9,1,9
2018471802779,1,19,0,12,0,0,0,0,0,0,3,1,6,1,47,8,2402,2,8,8,1,8
2018471802779,2,9,0,2,0,0,0,0,0,0,4,1,6,3,-1,-1,1229,1,3,-1,-1,-1
2018471802781,1,19,0,9,4,8,0,0,0,0,1,1,1,1,29,6,2143,2,3,6,1,6
2018471802781,2,1,0,18,4,8,0,0,0,0,1,1,6,2,25,5,-1,-1,-1,3,1,3
2018471802782,1,11,0,4,0,0,0,0,0,0,1,1,1,1,60,9,9600,2,18,7,3,7
2018471802783,1,2,0,18,0,0,0,0,0,0,1,1,6,1,17,4,49,1,12,8,3,8
2018471802783,2,9,0,3,0,0,0,0,0,0,2,1,6,1,67,10,2179,2,3,6,3,6
2018471802786,1,9,0,13,0,0,0,0,0,0,1,1,6,1,51,8,1984,1,13,9,3,9
2018471802786,2,11,0,16,0,0,0,0,0,0,2,1,1,1,66,10,9200,2,13,10,1,10
2018471802786,3,20,0,17,0,0,0,0,0,0,1,1,1,1,37,7,2198,2,4,1,1,1
2018471802786,4,9,0,2,0,0,0,0,0,0,1,1,6,3,-1,-1,1598,2,1,-1,-1,-1
2018471802787,1,9,0,4,0,8,0,0,0,0,4,1,6,2,20,4,1399,1,2,9,1,9
2018471802787,2,9,0,2,0,8,0,0,0,0,3,1,6,3,-1,-1,1595,1,13,-1,-1,-1
2018471802789,1,3,0,16,0,0,0,0,0,0,1,1,6,1,18,4,125,1,1,8,3,8
2018471802789,2,3,0,17,0,0,0,0,0,0,1,1,6,1,24,5,645,1,1,7,1,7
2018471802790,1,5,0,14,0,1,0,0,0,0,1,1,6,1,44,7,1170,1,2,9,1,9
2018471802790,2,17,4,9,0,5,0,0,0,0,2,1,6,1,19,4,-1,-1,-1,10,3,10