Accident_Index,Vehicle_Reference,Vehicle_Type,Towing_and_Articulation,Vehicle_Manoeuvre,Vehicle_Location-Restricted_Lane,Junction_Location,Skidding_and_Overturning,Hit_Object_in_Carriageway,Vehicle_Leaving_Carriageway,Hit_Object_off_Carriageway,1st_Point_of_Impact,Was_Vehicle_Left_Hand_Drive?,Journey_Purpose_of_Driver,Sex_of_Driver,Age_of_Driver,Age_Band_of_Driver,Engine_Capacity_(CC),Propulsion_Code,Age_of_Vehicle,Driver_IMD_Decile,Driver_Home_Area_Type,Vehicle_IMD_Decile
2018471802791,1,3,0,18,0,1,1,0,1,11,1,1,6,1,29,6,125,1,5,5,1,5
2018471802791,2,9,0,7,0,5,0,0,0,0,4,1,6,1,39,7,-1,-1,-1,10,1,10
2018471802791,3,19,1,2,0,1,0,0,0,0,0,1,1,3,99,11,-1,-1,-1,-1,-1,-1
2018471802792,1,4,0,18,0,0,0,0,0,0,1,1,2,1,30,6,124,1,3,8,1,8
2018471802792,2,9,0,11,0,0,0,0,0,0,4,1,6,2,49,8,1149,1,7,8,3,8
2018471802792,3,19,0,18,0,0,0,0,0,0,0,1,1,1,46,8,2953,2,1,7,1,7
2018471802794,1,19,0,7,0,8,0,0,0,0,4,1,1,1,28,6,1968,2,2,1,1,1
2018471802794,2,11,0,18,2,8,0,0,0,0,3,1,1,1,52,8,7300,2,4,10,1,10
2018471802795,1,9,0,9,0,8,0,0,0,0,2,1,6,2,57,9,1598,1,14,9,3,9
2018471802795,2,9,0,7,0,8,0,0,0,0,1,1,6,2,24,5,1390,1,6,3,1,3
2018471802797,1,4,0,5,4,8,0,0,0,0,1,1,6,1,29,6,125,1,1,4,1,4
2018471802797,2,1,0,18,4,8,0,0,0,0,1,1,6,1,28,6,-1,-1,-1,4,1,4
2018471802799,1,8,0,7,0,6,0,0,0,0,3,1,1,1,50,8,1968,2,10,9,1,9
2018471802799,2,1,0,18,0,8,0,0,0,0,1,1,2,2,48,8,-1,-1,-1,3,1,3
2018471802800,1,9,0,18,0,1,5,4,2,10,1,1,6,1,18,4,1360,1,11,2,1,2
2018471802800,2,9,0,2,0,1,0,0,0,0,3,1,6,3,-1,-1,1598,1,9,-1,-1,-1
2018471802800,3,9,0,2,0,1,0,10,1,0,3,1,6,3,-1,-1,1999,1,11,-1,-1,-1
2018471802801,1,9,0,16,0,0,5,10,8,4,1,1,6,2,47,8,2400,2,7,9,2,9
2018471802802,1,9,0,9,0,6,0,0,0,0,1,1,6,1,69,10,1997,2,13,10,1,10
2018471802802,2,9,0,18,0,1,0,0,0,0,1,1,6,1,30,6,1397,1,15,5,1,5
2018471802803,1,9,0,4,0,0,1,0,1,3,1,1,6,1,25,5,-1,-1,-1,9,2,9
2018471802804,1,9,0,9,0,8,0,0,0,0,3,1,6,1,69,10,1198,1,3,9,1,9
2018471802804,2,9,0,18,0,1,0,0,0,0,1,1,6,2,44,7,1329,1,8,5,2,5
2018471802805,1,1,0,18,9,8,0,0,0,0,1,1,6,1,9,2,-1,-1,-1,2,1,2
2018471802805,2,9,0,1,9,8,0,0,0,0,3,1,6,2,30,6,1560,2,5,2,1,2
2018471802807,1,1,0,11,0,2,0,0,0,0,1,1,6,2,25,5,-1,-1,-1,7,1,7
2018471802807,2,9,0,5,0,2,0,0,0,0,3,1,1,2,52,8,898,1,3,7,1,7
2018471802809,1,9,0,9,0,8,0,0,0,0,3,1,6,1,42,7,1598,1,11,4,1,4
2018471802809,2,3,0,18,0,1,0,0,0,0,1,1,6,1,24,5,125,1,4,3,1,3
2018471802813,1,9,0,9,0,8,0,0,0,0,3,1,6,1,33,6,1600,2,8,9,1,9
2018471802813,2,1,0,18,0,1,0,0,0,0,1,1,6,1,37,7,-1,-1,-1,9,3,9
2018471802815,1,11,0,3,0,1,0,0,0,0,0,1,1,2,44,7,5132,2,3,4,1,4
2018471802815,2,21,0,2,0,1,0,0,0,0,0,1,6,3,-1,-1,-1,-1,-1,-1,-1,-1
2018471802817,1,4,0,4,0,1,0,0,0,0,1,1,6,1,41,7,125,1,-1,1,1,1
2018471802817,2,11,0,2,0,1,0,0,0,0,0,1,1,1,-1,-1,-1,-1,-1,-1,-1,-1
2018471802817,3,11,0,2,0,1,0,0,0,0,0,1,1,1,-1,-1,-1,-1,-1,-1,-1,-1
2018471802818,1,9,0,18,0,8,0,0,0,0,1,1,6,2,30,6,1968,2,3,7,1,7
2018471802818,2,8,0,10,0,8,0,0,0,0,2,1,1,1,72,10,1997,2,7,8,1,8
2018471802820,1,8,0,5,0,8,0,0,0,0,1,1,6,2,30,6,1388,1,9,8,2,8
2018471802820,2,8,0,5,0,8,0,0,0,0,3,1,6,2,48,8,1586,1,1,6,1,6
2018471802822,1,9,0,6,0,8,0,0,0,0,4,1,6,1,82,11,1796,1,14,4,1,4
2018471802822,2,5,0,18,0,1,1,0,0,0,1,1,6,1,28,6,798,1,8,7,1,7
2018471802825,1,3,0,17,0,0,1,0,0,0,0,1,4,1,18,4,125,1,1,3,1,3
2018471802826,1,9,0,16,0,8,0,0,0,0,1,1,6,1,51,8,1598,1,10,3,1,3
2018471802826,2,9,0,16,0,8,0,0,0,0,2,1,6,1,71,10,1794,1,15,5,1,5
2018471802827,1,9,0,18,0,0,0,0,0,0,1,1,6,3,40,7,-1,-1,-1,-1,-1,-1
2018471802828,1,21,0,18,0,0,0,0,0,0,0,1,1,1,33,6,6871,2,1,3,1,3
2018471802828,2,9,0,11,0,0,0,0,0,0,4,1,6,2,19,4,1198,1,6,6,2,6
2018471802828,3,9,0,18,0,0,0,0,1,0,3,1,2,1,40,7,1598,2,8,6,1,6
2018471802829,1,9,0,18,0,1,1,0,0,0,4,1,6,3,-1,-1,-1,-1,-1,-1,-1,-1
2018471802830,1,19,0,1,0,0,0,0,0,0,2,1,6,3,30,6,2402,2,10,2,1,2
2018471802830,2,3,0,4,0,0,0,0,0,0,1,1,6,1,20,4,125,1,1,5,1,5
2018471802830,3,9,0,2,0,0,0,0,0,0,1,1,6,3,-1,-1,-1,-1,-1,-1,-1,-1
2018471802831,1,9,0,18,0,0,1,0,1,11,1,1,6,2,24,5,1598,1,14,9,3,9
2018471802832,1,9,0,9,0,8,0,0,0,0,3,1,1,1,53,8,1995,2,-1,6,1,6
2018471802832,2,9,0,18,0,1,1,0,0,0,1,1,2,2,42,7,1299,1,15,4,1,4
2018471802833,1,9,0,16,0,1,0,0,0,0,1,1,1,2,24,5,1399,2,8,5,1,5
2018471802833,2,1,0,18,9,6,0,0,0,0,1,1,4,1,16,4,-1,-1,-1,7,1,7
2018471802834,1,9,0,5,0,6,0,0,0,0,1,1,6,3,-1,-1,1997,2,10,-1,-1,-1
2018471802834,2,9,0,18,0,8,0,0,0,0,3,1,6,1,49,8,1910,2,12,9,2,9
2018471802837,1,9,0,18,0,0,0,0,1,4,1,1,3,2,24,5,1199,1,15,7,2,7
2018471802837,2,17,0,18,0,0,0,0,0,0,1,1,1,1,17,4,-1,2,10,7,3,7
2018471802839,1,1,0,18,9,1,0,0,0,0,1,1,6,1,39,7,-1,-1,-1,3,1,3
2018471802839,2,9,0,3,8,2,0,0,0,0,4,1,6,2,72,10,1753,2,17,2,1,2
2018471802840,1,9,0,18,0,1,0,0,0,0,1,1,6,1,76,11,1796,1,4,9,2,9
2018471802840,2,9,0,2,0,2,0,0,0,0,0,1,6,2,68,10,-1,-1,-1,6,3,6
2018471802843,1,9,0,10,0,0,0,0,0,0,1,1,6,2,75,10,1242,1,5,8,1,8
2018471802843,2,9,0,18,0,0,0,0,0,0,1,1,6,1,23,5,1461,2,1,5,1,5
2018471802846,1,8,0,18,0,4,0,0,0,0,1,1,6,1,30,6,1332,1,20,2,1,2
2018471802846,2,8,0,3,0,1,0,0,0,0,2,1,3,2,28,6,1995,2,11,7,1,7
2018471802848,1,9,0,18,0,0,0,0,0,0,3,1,6,2,87,11,1240,1,9,9,1,9
2018471802848,2,9,0,18,0,0,0,0,0,0,3,1,6,1,52,8,1968,2,1,8,2,8
2018471802849,1,9,0,18,0,2,0,0,0,0,3,2,6,2,58,9,1997,2,7,4,1,4
2018471802849,2,19,0,18,0,1,0,0,0,0,3,1,1,1,30,6,1997,2,1,7,1,7
2018471802849,3,9,0,18,0,1,0,0,0,0,2,1,6,2,50,8,1149,1,11,8,1,8
2018471802849,4,9,0,18,0,1,0,0,0,0,1,1,6,2,80,11,1242,1,8,7,3,7
2018471802849,5,19,0,18,0,1,0,0,0,0,1,1,1,1,54,8,1598,2,5,4,1,4
2018471802850,1,1,0,18,0,1,0,0,0,0,1,1,6,1,33,6,-1,-1,-1,2,1,2
2018471802850,2,9,0,18,0,1,0,0,0,0,1,1,6,1,55,8,1248,1,9,5,1,5
2018471802851,1,19,0,6,0,0,0,0,0,0,3,1,6,1,47,8,-1,-1,-1,3,1,3
2018471802851,2,5,0,18,0,0,0,0,0,0,1,1,6,1,36,7,781,1,16,1,1,1
2018471802852,1,9,0,9,0,6,0,0,0,0,3,1,6,2,48,8,1968,2,5,4,1,4
2018471802852,2,1,0,18,0,8,0,0,0,0,1,1,6,1,32,6,-1,-1,-1,6,1,6
2018471802853,1,9,0,18,0,0,0,0,0,0,1,1,6,2,50,8,1248,1,3,7,3,7
2018471802853,2,9,0,18,0,0,0,0,0,0,1,1,6,2,52,8,1596,1,16,6,3,6
2018471802855,1,9,0,18,0,0,0,0,0,0,4,1,6,3,-1,-1,-1,-1,-1,-1,-1,-1
2018471802855,2,1,0,18,0,0,0,0,0,0,1,1,6,2,13,3,-1,-1,-1,6,1,6
2018471802857,1,9,0,4,0,1,0,0,0,0,1,1,6,2,42,7,1395,1,3,6,2,6
2018471802857,2,9,0,3,0,1,0,0,0,0,2,1,6,1,48,8,999,1,-1,4,2,4
2018471802857,3,9,0,3,0,1,0,0,0,0,2,1,6,1,75,10,1598,1,11,5,2,5
2018471802858,1,9,0,18,0,8,0,0,0,0,1,1,6,2,29,6,1329,1,3,2,1,2
2018471802858,2,8,0,18,0,8,0,0,0,0,4,1,6,1,49,8,1797,8,9,2,1,2
2018471802859,1,9,0,5,0,1,0,0,0,0,1,1,6,2,31,6,1995,2,13,6,2,6
2018471802859,2,9,0,5,0,1,0,0,0,0,2,1,6,1,50,8,3199,1,16,4,1,4
2018471802861,1,9,0,16,0,0,1,0,0,4,1,1,6,1,22,5,1796,1,15,6,2,6
2018471802861,2,9,0,17,0,0,0,0,0,0,0,1,6,3,-1,-1,-1,-1,-1,-1,-1,-1
2018471802863,1,9,0,7,0,4,1,0,1,0,1,1,6,1,19,4,1596,1,9,10,2,10
2018471802863,2,9,0,4,0,4,0,0,1,0,3,1,6,2,25,5,1395,1,1,4,3,4
2018471802864,1,20,0,16,0,2,0,0,7,4,1,1,1,1,26,6,-1,-1,-1,2,1,2
2018471802865,1,9,0,18,0,2,0,0,0,0,4,1,6,1,51,8,1984,1,8,6,3,6
2018471802865,2,9,0,2,0,2,0,0,0,0,0,1,3,3,-1,-1,-1,-1,-1,-1,-1,-1
2018471802872,1,9,0,18,0,1,1,10,7,0,1,1,6,1,24,5,1390,1,14,7,3,7
2018471802872,2,9,0,18,0,1,1,0,0,0,1,1,6,1,20,4,1596,1,8,5,3,5
2018471802874,1,3,0,16,0,8,0,0,0,0,1,1,6,1,17,4,125,1,1,1,1,1
2018471802874,2,3,0,16,0,8,0,0,0,0,1,1,6,1,18,4,125,1,9,1,1,1
2018471802874,3,9,0,17,0,1,0,0,0,0,1,1,6,2,30,6,2685,2,16,1,1,1
2018471802875,1,9,0,9,0,6,0,0,0,0,3,1,1,1,71,10,-1,-1,-1,3,1,3
2018471802875,2,1,0,18,0,1,0,0,0,0,1,1,6,1,42,7,-1,-1,-1,5,1,5
2018471802876,1,9,0,4,0,0,0,0,0,0,1,1,6,1,83,11,1197,1,5,6,1,6
2018471802876,2,9,0,4,0,0,0,0,0,0,2,1,6,1,61,9,1598,1,17,10,2,10
2018471802876,3,9,0,4,0,0,0,0,0,0,0,1,6,2,43,7,1587,1,14,6,1,6
2018471802879,1,1,0,18,9,5,0,0,0,0,1,1,6,1,13,3,-1,-1,-1,5,3,5
2018471802880,1,9,0,15,0,7,0,0,0,0,0,1,6,3,-1,-1,-1,-1,-1,-1,-1,-1
2018471802880,2,9,0,12,0,8,0,0,0,0,3,1,6,2,40,7,1999,1,16,10,1,10
2018471802880,3,19,0,18,0,1,0,0,4,0,4,1,1,2,37,7,2143,2,4,4,1,4
2018471802881,1,9,0,9,0,5,0,0,0,0,1,1,2,2,46,8,998,1,10,5,1,5
2018471802885,1,5,0,18,0,4,1,0,0,0,1,1,6,1,21,5,675,1,6,8,1,8
2018471802885,2,9,0,18,0,4,0,0,0,0,1,1,6,1,53,8,-1,-1,-1,10,1,10
2018471802885,3,9,0,18,0,1,0,0,0,0,0,1,1,2,44,7,2979,1,4,6,1,6
2018471802886,1,9,0,5,0,6,0,0,0,0,3,1,6,1,45,7,1598,2,1,7,1,7
2018471802886,2,3,0,18,0,1,0,0,0,0,1,1,6,1,37,7,109,1,5,9,1,9
2018471802890,1,9,0,18,0,2,0,4,0,0,1,1,6,1,39,7,1598,1,10,8,1,8
2018471802890,2,8,0,2,0,2,0,0,0,0,2,1,1,1,56,9,1598,2,8,1,1,1
2018471802891,1,9,0,18,0,0,0,0,1,3,1,1,6,1,21,5,1242,1,8,6,2,6
2018471802892,1,8,0,18,0,0,0,0,0,0,3,1,6,2,31,6,-1,-1,-1,8,1,8
2018471802892,2,9,0,2,9,0,0,0,0,0,3,1,6,3,-1,-1,-1,-1,-1,-1,-1,-1
2018471802895,1,9,0,6,0,0,0,0,0,0,3,1,6,1,61,9,2993,2,1,6,1,6
2018471802895,2,5,0,14,0,0,0,0,0,0,4,1,6,1,54,8,955,1,12,1,1,1
2018471802897,1,1,0,18,0,2,0,0,0,0,3,1,6,1,15,3,-1,-1,-1,2,1,2
2018471802897,2,9,0,18,0,1,0,0,0,0,1,1,6,1,56,9,1461,2,8,8,1,8
2018471802900,1,9,0,5,0,1,0,0,0,0,1,1,6,1,69,10,4554,7,17,7,3,7
2018471802900,2,9,0,2,0,1,0,0,0,0,2,1,6,3,-1,-1,1248,1,3,-1,-1,-1
2018471802900,3,9,0,2,0,1,0,0,0,0,1,1,6,3,-1,-1,1685,2,-1,-1,-1,-1
2018471802900,4,9,0,2,0,1,0,0,0,0,1,1,6,2,62,9,1299,1,14,8,3,8
2018471802901,1,9,0,17,0,0,0,0,0,0,1,1,6,1,21,5,1229,1,6,5,3,5
2018471802901,2,9,0,16,0,0,0,0,1,0,1,1,6,2,30,6,1248,1,8,5,3,5
2018471802904,1,9,0,4,0,4,0,0,0,0,1,1,6,1,31,6,1796,1,11,8,1,8
2018471802904,2,9,0,3,0,4,0,0,0,0,2,1,6,2,31,6,1798,1,10,6,1,6
2018471802905,1,9,0,18,0,0,0,0,0,0,1,1,2,2,24,5,1397,1,10,9,2,9
2018471802905,2,9,0,4,0,0,0,0,0,0,2,1,2,2,42,7,1242,1,7,4,1,4
2018471802905,3,9,0,3,0,0,0,0,0,0,2,1,6,1,62,9,1999,2,2,4,1,4
2018471802909,1,9,0,9,0,6,0,0,0,0,1,1,6,1,65,9,2184,2,11,10,1,10
2018471802909,2,9,0,18,0,8,0,0,0,0,0,1,1,1,40,7,1560,2,10,9,2,9
2018471802911,1,19,0,18,0,8,0,0,0,0,0,1,1,1,31,6,1995,2,9,3,1,3
2018471802912,1,1,0,5,0,2,0,0,0,0,1,1,6,2,13,3,-1,-1,-1,8,2,8
2018471802912,2,19,0,18,0,1,0,0,0,0,4,1,6,1,35,6,1968,2,2,3,1,3
2018471802915,1,9,0,9,0,4,0,0,0,0,1,1,6,2,29,6,1968,2,6,5,3,5
2018471802915,2,5,0,18,0,8,0,0,0,0,4,1,6,1,64,9,1200,1,1,8,3,8
2018471802916,1,9,0,5,0,1,0,0,0,0,1,1,6,1,45,7,2143,2,1,9,1,9
2018471802916,2,3,0,3,0,1,0,0,0,0,2,1,6,2,19,4,124,1,4,5,1,5
2018471802919,1,21,0,17,0,0,5,0,2,4,4,1,1,1,54,8,-1,-1,-1,4,1,4
2018471802923,1,9,0,18,0,1,0,0,0,0,3,1,6,1,19,4,1360,1,12,3,1,3
2018471802923,2,9,0,4,0,1,0,0,0,0,1,1,6,1,68,10,1951,2,12,8,1,8
2018471802924,1,8,0,6,0,1,0,0,0,0,1,1,1,1,55,8,1998,2,10,3,1,3
2018471802924,2,1,0,18,0,1,0,0,0,0,1,1,6,1,42,7,-1,-1,-1,4,1,4
2018471802924,3,9,0,18,0,8,0,0,0,0,4,1,6,1,27,6,1363,2,14,4,1,4
2018471802926,1,9,0,3,0,1,0,0,0,0,4,1,6,2,26,6,1086,1,11,2,1,2
2018471802926,2,3,0,15,0,1,0,8,0,0,1,1,1,1,50,8,125,1,1,2,1,2
2018471802926,3,8,0,3,0,1,0,0,0,0,4,1,1,1,31,6,1560,2,6,4,1,4
2018471802929,1,9,0,16,0,6,0,0,8,10,1,1,6,1,30,6,1598,1,6,4,1,4
2018471802930,1,9,0,9,0,8,1,0,0,0,1,1,6,2,22,5,1586,1,4,6,1,6
2018471802930,2,9,0,18,0,1,1,0,0,0,1,1,6,1,20,4,1995,2,7,2,1,2
2018471802931,1,5,0,16,0,1,1,0,0,0,1,1,6,1,51,8,847,1,2,5,1,5
2018471802931,2,9,0,17,0,2,0,0,0,0,3,1,6,1,59,9,1998,1,-1,7,3,7
2018471802933,1,9,0,9,0,6,0,0,0,0,1,1,6,2,40,7,1997,2,14,4,1,4
2018471802933,2,5,0,3,0,1,0,0,0,0,4,1,6,1,40,7,998,1,10,6,3,6
2018471802937,1,8,0,18,0,6,0,0,0,0,3,1,1,1,33,6,1560,2,1,8,1,8
2018471802937,2,1,0,18,4,8,0,0,0,0,1,1,6,1,19,4,-1,-1,-1,3,1,3
2018471802939,1,9,0,7,0,8,0,0,0,0,1,1,6,3,-1,-1,1988,2,15,-1,-1,-1
2018471802939,2,1,0,18,0,8,0,0,0,0,4,1,6,1,57,9,-1,-1,-1,10,1,10
2018471802940,1,9,0,5,0,4,0,0,0,0,3,1,2,2,54,8,1149,1,19,6,1,6
2018471802940,2,19,0,18,0,8,0,0,0,0,4,1,1,1,40,7,2143,2,3,5,1,5
2018471802944,1,9,0,9,0,6,0,0,0,0,0,1,6,2,60,9,1360,1,8,9,1,9
2018471802944,2,9,5,18,0,1,0,0,0,0,2,1,1,1,60,9,1399,2,12,5,1,5
2018471802944,3,9,5,18,0,1,0,0,0,0,1,1,6,1,60,9,998,1,6,6,1,6
2018471802947,1,9,0,7,0,8,0,0,0,0,3,1,6,2,36,7,1598,1,13,7,1,7
2018471802947,2,1,0,18,0,1,0,0,0,0,4,1,6,1,76,11,-1,-1,-1,7,1,7
2018471802948,1,11,0,18,0,0,0,0,0,0,3,1,1,1,66,10,7300,2,9,3,1,3
2018471802949,1,9,0,18,0,2,0,0,0,0,1,1,6,1,79,11,1598,1,8,4,1,4
2018471802949,2,9,0,18,0,1,0,0,0,0,1,1,6,1,45,7,1598,2,3,1,1,1
2018471802950,1,3,0,18,0,0,0,0,1,0,4,1,6,1,20,4,124,1,6,7,1,7
2018471802951,1,9,0,18,0,4,0,0,0,0,1,1,6,1,36,7,1149,1,11,1,1,1
2018471802951,2,1,0,18,0,8,0,0,0,0,4,1,6,1,37,7,-1,-1,-1,6,1,6
2018471802952,1,8,0,18,0,0,0,0,0,0,1,1,2,1,31,6,2143,2,2,4,1,4
2018471802952,2,9,0,18,0,0,0,0,0,0,1,1,2,1,25,5,1598,1,11,5,1,5
2018471802952,3,9,0,18,0,0,0,0,0,0,1,1,2,1,41,7,1686,2,5,9,1,9
2018471802953,1,8,0,5,0,0,0,0,0,0,4,1,6,1,65,9,1968,2,8,7,1,7
2018471802959,1,9,0,18,0,8,0,0,0,0,1,1,6,1,34,6,-1,-1,-1,1,1,1
2018471802959,2,8,0,18,0,8,0,0,0,0,2,1,1,1,50,8,1560,2,2,4,1,4
2018471802961,1,19,0,18,0,1,0,0,0,0,1,1,1,1,36,7,2402,2,16,7,1,7
2018471802961,2,20,0,10,0,5,0,0,0,0,2,1,1,1,47,8,6370,2,8,6,3,6
2018471802961,3,9,0,18,0,2,0,0,0,0,3,1,6,1,60,9,-1,-1,-1,10,2,10
2018471802962,1,9,0,9,0,6,0,0,0,0,1,1,6,1,65,9,4398,1,16,4,1,4
2018471802964,1,9,0,9,0,5,0,0,0,0,1,1,6,2,22,5,1368,1,2,6,1,6
2018471802964,2,9,0,18,0,8,0,0,0,0,1,1,6,2,36,7,1499,2,2,10,3,10
2018471802966,1,19,0,17,0,0,0,0,0,0,0,1,6,1,53,8,1560,2,11,4,1,4
2018471802967,1,9,0,16,0,0,2,10,2,10,1,1,6,1,23,5,1796,1,17,7,3,7
2018471802969,1,1,0,18,0,0,0,0,0,0,2,1,6,1,78,11,-1,-1,-1,9,1,9
2018471802969,2,1,0,18,0,0,0,0,0,0,1,1,6,1,69,10,-1,-1,-1,8,1,8
2018471802970,1,9,0,10,0,1,0,0,0,0,4,1,6,1,47,8,1598,1,6,9,2,9
2018471802970,2,9,0,18,0,1,0,0,0,0,1,1,6,2,66,10,1498,1,10,10,1,10
2018471802971,1,9,0,16,0,0,1,0,8,10,4,1,6,1,20,4,1686,2,16,5,2,5
2018471802971,2,19,0,18,0,0,0,0,0,0,1,1,1,1,50,8,2402,2,8,7,1,7
2018471802972,1,9,0,7,0,5,0,0,0,0,0,1,6,1,89,11,1598,1,13,10,1,10
2018471802972,2,3,0,15,2,8,0,0,0,0,0,1,1,1,50,8,125,1,1,2,1,2
2018471802973,1,9,0,18,0,0,0,0,0,0,1,1,2,2,29,6,1248,2,5,8,1,8
2018471802973,2,9,0,18,0,0,0,0,0,0,1,1,2,2,53,8,1968,2,12,5,1,5
2018471802974,1,9,0,18,0,0,0,0,0,0,1,1,6,1,23,5,1995,1,16,4,1,4
2018471802974,2,9,0,18,0,0,0,0,0,0,3,1,6,2,64,9,1395,1,3,8,1,8
2018471802979,1,9,0,9,0,6,0,0,0,0,1,1,6,2,25,5,1596,1,7,3,1,3
2018471802979,2,9,0,18,0,8,0,0,0,0,3,1,6,1,75,10,1329,1,8,8,1,8
2018471802980,1,9,0,7,0,6,0,0,0,0,1,1,6,2,60,9,1329,1,3,5,1,5
2018471802980,2,1,0,18,0,1,0,0,0,0,1,1,6,1,69,10,-1,-1,-1,8,1,8
2018471802981,1,9,0,9,0,8,0,0,0,0,1,1,6,1,24,5,1400,1,11,4,1,4
2018471802981,2,9,0,18,0,8,0,0,0,0,1,1,6,2,23,5,1198,1,2,8,-1,8
2018471802982,1,9,0,1,0,0,0,0,0,0,3,1,6,1,58,9,1229,1,12,9,2,9
2018471802983,1,9,0,4,0,0,0,0,0,0,1,1,6,1,42,7,1896,2,17,9,1,9
2018471802983,2,9,0,3,0,0,0,0,0,0,2,1,1,1,30,6,1242,1,-1,5,1,5
2018471802984,1,9,0,9,0,8,0,0,0,0,1,1,6,2,48,8,1997,2,5,9,1,9
2018471802984,2,9,0,18,0,8,0,0,0,0,3,1,6,2,63,9,1995,2,5,7,3,7
2018471802986,1,19,0,18,0,0,0,0,0,0,0,1,6,1,31,6,-1,-1,-1,6,1,6
2018471802986,2,9,0,18,0,0,0,0,0,0,3,1,6,1,21,5,1998,2,13,1,1,1
2018471802988,1,9,0,18,0,8,0,0,0,0,1,1,1,1,34,6,1200,1,1,7,1,7
2018471802988,2,1,0,18,0,8,0,0,0,0,3,1,6,1,42,7,-1,-1,-1,9,1,9
2018471802989,1,9,0,9,0,8,0,0,0,0,4,1,6,2,55,8,1339,1,9,4,1,4
2018471802989,2,3,0,17,0,8,0,0,0,0,1,1,6,1,17,4,124,1,3,4,1,4
2018471802990,1,9,0,18,0,0,0,0,0,0,3,1,6,1,59,9,2184,2,15,7,1,7
2018471802990,2,9,0,18,0,0,0,0,0,0,3,1,6,1,51,8,1998,1,11,6,1,6
2018471802993,1,9,0,1,2,1,0,0,0,0,2,1,1,1,53,8,1339,1,14,6,1,6
2018471802995,1,3,0,18,0,0,0,0,0,0,0,1,6,1,18,4,125,1,1,6,1,6
2018471802997,1,9,0,1,0,2,0,0,0,0,2,1,6,1,46,8,1995,2,4,10,1,10
2018471802997,2,3,0,3,0,2,0,0,0,0,1,1,6,2,43,7,125,1,2,3,1,3
2018471802998,1,9,0,4,0,1,0,0,0,0,3,1,6,2,69,10,1242,1,14,2,1,2
2018471802998,2,1,0,18,0,1,0,0,0,0,1,1,6,1,13,3,-1,-1,-1,2,1,2
2018471803000,1,9,0,18,0,0,0,0,0,0,1,1,6,2,71,10,1598,1,15,8,2,8
2018471803000,2,9,0,18,0,0,0,0,0,0,1,1,1,1,70,10,1984,1,1,8,3,8
2018471803001,1,9,0,12,0,0,0,0,0,0,2,1,6,2,36,7,998,1,1,3,1,3
2018471803001,2,9,0,18,0,0,0,0,0,0,1,1,6,1,69,10,875,1,-1,4,1,4
2018471803001,3,9,0,4,0,0,0,0,0,0,0,1,6,1,58,9,1968,2,4,10,1,10
2018471803002,1,4,0,12,0,1,1,0,0,0,1,1,6,1,34,6,125,1,3,3,1,3
2018471803002,2,9,0,10,0,1,0,0,0,0,2,1,6,1,54,8,998,1,3,8,1,8
2018471803005,1,5,0,13,0,0,0,0,7,10,1,1,6,1,29,6,909,1,11,8,1,8
2018471803005,2,9,0,18,0,0,0,0,0,0,1,1,6,1,27,6,1995,2,1,4,1,4
2018471803005,3,9,0,18,0,0,0,0,0,0,0,1,6,1,-1,-1,-1,-1,-1,-1,-1,-1
2018471803006,1,9,0,18,0,6,0,0,0,0,4,1,6,2,37,7,1596,1,7,8,1,8
2018471803006,2,3,0,18,0,8,0,0,0,0,1,1,1,1,41,7,125,1,2,2,1,2
2018471803007,1,1,0,4,0,0,0,0,0,0,1,1,6,1,20,4,-1,-1,-1,-1,-1,-1
2018471803007,2,9,0,4,0,0,0,0,0,0,0,1,6,1,19,4,1229,1,6,1,1,1
2018471803007,3,9,0,4,0,0,0,0,0,0,1,1,6,2,59,9,1248,2,13,6,1,6
2018471803013,1,5,0,13,0,0,0,0,7,0,1,1,6,1,32,6,599,1,15,4,1,4
2018471803013,2,9,0,9,0,0,0,0,0,0,3,1,6,2,42,7,1339,1,8,6,3,6
2018471803015,1,9,0,9,0,1,0,0,0,0,1,1,6,2,24,5,1197,1,1,7,-1,7
2018471803015,2,9,0,18,0,8,0,0,0,0,4,1,6,2,66,10,999,1,6,7,1,7
2018471803017,1,1,0,16,0,0,0,0,7,0,1,1,6,1,26,6,-1,-1,-1,1,1,1
2018471803017,2,9,0,2,0,0,0,0,0,0,1,1,6,3,-1,-1,1991,8,1,-1,-1,-1
2018471803019,1,9,0,18,0,0,0,0,0,0,1,1,1,2,31,6,1798,1,11,6,1,6
2018471803019,2,9,0,18,0,0,0,0,0,0,1,1,1,2,25,5,998,1,15,7,1,7
2018471803020,1,9,0,17,0,0,0,0,7,4,3,1,6,2,18,4,1248,2,10,6,3,6
2018471803021,1,9,0,9,0,8,0,0,0,0,1,1,6,1,52,8,2143,2,4,7,1,7
2018471803021,2,4,0,18,0,1,0,0,0,0,1,1,6,1,39,7,411,1,-1,6,1,6
2018471803022,1,9,4,3,0,0,0,0,0,0,2,1,6,1,72,10,2720,2,11,9,2,9
2018471803024,1,9,0,5,0,4,0,0,0,0,1,1,6,2,50,8,1598,1,11,10,3,10