Accident_Index,Vehicle_Reference,Vehicle_Type,Towing_and_Articulation,Vehicle_Manoeuvre,Vehicle_Location-Restricted_Lane,Junction_Location,Skidding_and_Overturning,Hit_Object_in_Carriageway,Vehicle_Leaving_Carriageway,Hit_Object_off_Carriageway,1st_Point_of_Impact,Was_Vehicle_Left_Hand_Drive?,Journey_Purpose_of_Driver,Sex_of_Driver,Age_of_Driver,Age_Band_of_Driver,Engine_Capacity_(CC),Propulsion_Code,Age_of_Vehicle,Driver_IMD_Decile,Driver_Home_Area_Type,Vehicle_IMD_Decile
2018471803253,2,1,0,18,0,8,0,0,0,0,1,1,6,1,25,5,-1,-1,-1,4,1,4
2018471803253,3,21,0,2,0,1,0,0,0,0,0,1,1,1,30,6,-1,-1,-1,-1,-1,-1
2018471803254,1,11,0,18,2,1,0,0,0,0,1,1,1,1,64,9,6700,2,8,7,1,7
2018471803255,1,9,0,18,0,0,1,0,0,0,1,1,6,1,26,6,1998,1,4,3,1,3
2018471803255,2,17,0,4,0,0,0,0,0,0,2,1,1,1,26,6,6728,2,-1,5,1,5
2018471803256,1,9,0,18,0,4,1,0,8,4,1,1,6,2,64,9,1998,1,16,9,1,9
2018471803256,2,9,0,9,0,8,0,0,0,0,1,1,6,1,19,4,1596,1,6,6,1,6
2018471803258,1,9,0,18,0,8,0,0,0,0,4,1,6,1,38,7,1896,1,20,7,3,7
2018471803258,2,9,0,18,0,8,0,0,0,0,3,1,6,2,35,6,1390,1,14,2,-1,2
2018471803260,1,5,0,9,0,6,0,0,0,0,1,1,6,1,20,4,690,1,2,10,1,10
2018471803260,2,9,0,17,0,1,0,0,0,0,1,1,6,2,17,4,1299,1,14,10,1,10
2018471803262,1,9,0,5,0,0,0,0,0,0,1,1,6,2,60,9,1796,1,16,2,1,2
2018471803263,1,9,0,9,0,6,0,0,0,0,1,1,6,2,21,5,1242,1,5,8,3,8
2018471803263,2,9,0,18,0,8,5,0,2,10,1,1,6,1,45,7,1598,1,11,7,3,7
2018471803264,1,5,0,11,0,8,0,10,1,2,1,1,6,1,59,9,1301,1,1,2,1,2
2018471803264,2,9,0,9,0,8,0,0,0,0,1,1,6,2,24,5,1397,1,10,7,2,7
2018471803266,1,9,0,16,0,0,0,0,0,0,1,1,6,1,70,10,898,1,1,5,1,5
2018471803266,2,9,0,3,0,0,0,0,0,0,2,1,6,2,29,6,1999,1,10,6,1,6
2018471803267,1,9,0,9,0,6,0,0,0,0,1,1,6,1,44,7,2993,2,3,8,1,8
2018471803267,2,9,0,18,0,1,0,0,0,0,4,1,6,1,66,10,998,1,2,10,1,10
2018471803268,1,9,0,9,0,8,5,0,0,1,1,1,6,2,18,4,998,1,8,4,1,4
2018471803268,2,19,0,18,0,8,0,0,0,0,1,1,1,1,31,6,2998,2,1,4,1,4
2018471803272,1,9,0,18,0,0,5,0,8,3,1,1,6,2,79,11,1590,1,13,10,1,10
2018471803274,1,9,0,17,0,8,2,7,7,7,1,1,6,1,19,4,1299,1,16,6,1,6
2018471803275,1,9,0,7,0,1,0,0,0,0,1,1,6,1,76,11,1197,1,1,1,1,1
2018471803275,2,1,0,18,0,8,0,0,0,0,2,1,6,1,31,6,-1,-1,-1,6,1,6
2018471803277,1,8,0,7,4,8,0,0,0,0,1,1,6,1,40,7,1560,2,5,1,1,1
2018471803277,2,1,0,18,4,8,0,0,0,0,3,1,6,1,51,8,-1,-1,-1,1,1,1
2018471803279,1,1,0,18,9,8,0,0,0,0,1,1,6,1,35,6,-1,-1,-1,1,1,1
2018471803279,2,9,0,18,0,1,0,0,0,0,1,1,6,1,41,7,1229,1,5,6,1,6
2018471803280,1,9,0,18,0,0,1,0,7,4,1,1,1,1,28,6,1591,1,1,9,3,9
2018471803281,1,8,0,5,0,8,0,0,0,0,3,1,1,1,52,8,1997,2,7,2,1,2
2018471803282,1,9,0,18,0,1,0,0,0,0,0,1,6,1,20,4,-1,-1,-1,-1,-1,-1
2018471803282,2,9,0,9,0,3,0,10,7,10,4,1,6,1,19,4,1248,2,13,4,1,4
2018471803284,1,9,0,18,0,0,5,0,2,10,1,1,2,1,19,4,1242,1,9,7,3,7
2018471803284,2,9,0,4,0,0,0,0,0,0,1,1,6,1,65,9,1896,2,12,5,3,5
2018471803285,1,11,0,2,0,1,0,0,0,0,0,1,1,1,33,6,11967,2,10,5,1,5
2018471803288,1,9,0,18,0,0,0,0,1,1,1,1,6,1,60,9,1998,1,14,4,3,4
2018471803289,1,9,0,18,0,0,0,0,0,0,1,1,6,2,42,7,1587,1,15,7,3,7
2018471803289,2,9,0,5,0,0,0,0,0,0,2,1,6,1,52,8,1461,2,9,4,1,4
2018471803289,3,9,0,18,0,0,0,0,0,0,0,1,1,1,43,7,-1,-1,-1,6,1,6
2018471803290,1,19,0,4,0,1,0,0,0,0,1,1,1,1,32,6,2143,2,5,9,1,9
2018471803290,2,9,0,3,0,1,0,0,0,0,2,1,6,2,53,8,1596,1,13,3,1,3
2018471803290,3,8,0,3,0,5,0,0,0,0,0,1,6,1,40,7,1248,1,1,4,1,4
2018471803291,1,9,0,18,0,1,5,0,0,0,1,1,6,2,17,4,1598,1,8,7,3,7
2018471803291,2,9,0,18,0,2,0,0,0,0,3,1,6,1,57,9,1582,2,3,9,1,9
2018471803293,1,9,0,18,0,8,5,0,1,4,1,1,1,2,31,6,1206,1,8,6,3,6
2018471803293,2,9,0,2,0,8,0,0,0,0,2,1,6,3,-1,-1,-1,-1,-1,-1,-1,-1
2018471803296,1,9,0,9,0,6,0,0,0,0,1,1,6,1,44,7,1364,2,10,5,1,5
2018471803297,1,9,0,18,0,0,2,0,5,6,1,1,6,1,21,5,1598,1,5,5,1,5
2018471803299,1,9,0,9,0,2,0,0,0,0,1,1,6,1,28,6,1799,1,9,-1,-1,-1
2018471803299,2,9,0,18,0,8,0,0,0,0,4,1,6,1,51,8,2143,2,2,7,1,7
2018471803301,1,9,0,18,0,0,1,4,1,0,1,1,6,1,19,4,1388,1,14,2,1,2
2018471803301,2,8,0,18,0,0,1,0,1,0,3,1,1,1,31,6,1995,2,7,5,1,5
2018471803301,3,9,0,2,0,0,0,0,0,0,4,1,6,3,-1,-1,1298,1,16,-1,-1,-1
2018471803302,1,9,0,1,0,1,0,0,0,0,2,1,6,2,46,8,1968,2,11,4,1,4
2018471803304,1,1,0,18,0,8,0,0,0,0,1,1,6,1,27,6,-1,-1,-1,5,1,5
2018471803304,2,9,0,18,0,1,0,0,0,0,4,1,1,1,29,6,1995,2,4,9,1,9
2018471803305,1,9,0,7,0,2,0,0,0,0,1,1,6,2,53,8,998,1,21,7,1,7
2018471803305,2,9,0,4,0,2,0,0,0,0,2,1,6,2,38,7,1364,1,13,4,1,4
2018471803306,1,1,0,18,0,0,0,0,0,0,1,1,6,1,53,8,-1,-1,-1,9,1,9
2018471803306,2,9,0,2,0,0,0,0,0,0,2,1,6,1,48,8,3189,1,15,4,1,4
2018471803308,1,9,0,18,0,8,0,0,0,0,1,1,2,2,31,6,1499,1,2,9,1,9
2018471803308,2,1,0,9,0,8,0,0,0,0,4,1,2,2,33,6,-1,-1,-1,8,1,8
2018471803311,1,1,0,18,0,0,0,0,0,0,1,1,6,1,16,4,-1,-1,-1,8,1,8
2018471803311,2,1,0,18,0,0,0,0,0,0,0,1,6,1,20,4,-1,-1,-1,-1,-1,-1
2018471803313,1,9,0,17,0,0,0,10,7,4,1,1,6,1,25,5,-1,-1,-1,6,1,6
2018471803314,1,9,0,18,0,0,0,0,0,0,1,1,6,2,64,9,1248,1,3,8,3,8
2018471803314,2,9,0,18,0,0,0,0,0,0,1,1,6,1,54,8,1197,1,8,7,1,7
2018471803315,1,9,0,9,0,8,0,0,0,0,3,1,6,2,73,10,1999,2,1,7,3,7
2018471803315,2,9,0,18,0,8,0,0,0,0,1,1,6,1,52,8,1999,1,15,6,1,6
2018471803317,1,9,0,16,0,1,0,0,1,4,1,1,6,1,40,7,1598,1,9,1,1,1
2018471803320,1,9,0,18,0,1,0,0,0,0,1,1,6,1,18,4,1198,1,5,9,1,9
2018471803320,2,9,0,18,0,1,0,0,0,0,1,1,2,1,35,6,998,1,14,9,3,9
2018471803322,1,1,0,17,0,0,0,0,0,0,1,1,2,1,44,7,-1,-1,-1,9,3,9
2018471803322,2,9,0,16,0,0,0,0,0,0,0,1,6,3,-1,-1,-1,-1,-1,-1,-1,-1
2018471803322,3,9,0,17,0,0,0,0,0,0,2,1,2,2,25,5,1200,1,3,10,1,10
2018471803323,1,9,0,12,0,8,0,0,0,0,1,1,6,1,72,10,1997,1,5,6,2,6
2018471803323,2,9,0,9,0,8,0,0,0,0,3,1,6,2,28,6,1598,1,16,5,1,5
2018471803329,1,9,0,18,0,4,0,0,0,0,1,1,6,2,40,7,3724,1,13,6,1,6
2018471803329,2,9,0,9,0,8,0,0,0,0,3,1,6,2,22,5,1400,1,12,2,1,2
2018471803330,1,19,0,18,0,0,0,0,0,0,3,1,6,3,30,6,-1,-1,-1,-1,-1,-1
2018471803330,2,9,0,18,0,0,0,0,0,0,3,1,6,2,25,5,1390,1,12,5,1,5
2018471803333,1,9,0,9,0,8,0,0,0,0,0,1,6,1,40,7,999,1,9,4,3,4
2018471803333,2,5,0,18,0,1,0,0,0,0,0,1,6,1,51,8,1783,1,11,5,2,5
2018471803333,3,11,0,3,0,1,0,0,0,0,0,1,6,1,30,6,-1,-1,-1,-1,-1,-1
2018471803334,1,1,0,18,0,1,0,0,0,0,0,1,2,1,30,6,-1,-1,-1,2,1,2
2018471803335,1,8,0,5,0,0,0,0,0,0,0,1,1,3,45,7,-1,-1,-1,-1,-1,-1
2018471803337,1,9,0,18,0,0,1,0,4,6,1,1,6,2,23,5,1591,1,8,9,3,9
2018471803340,1,21,0,18,0,4,0,0,0,0,1,1,6,3,-1,-1,-1,-1,-1,-1,-1,-1
2018471803340,2,9,0,3,0,1,0,0,0,0,2,1,6,1,32,6,1399,2,12,9,2,9
2018471803344,1,9,0,9,0,5,0,0,0,0,1,1,1,2,49,8,-1,-1,-1,1,1,1
2018471803344,2,1,0,8,0,1,0,0,0,0,1,1,6,1,49,8,-1,-1,-1,8,1,8
2018471803345,1,9,0,8,0,6,0,0,0,0,0,1,6,2,49,8,1461,2,5,1,1,1
2018471803345,2,11,0,5,0,1,0,0,0,0,0,1,1,1,26,6,4500,2,6,7,1,7
2018471803346,1,9,0,7,0,6,0,0,0,0,1,1,6,2,38,7,1598,1,11,8,1,8
2018471803346,2,9,0,3,0,2,0,0,0,0,2,1,6,2,38,7,1386,1,13,10,1,10
2018471803348,1,19,0,4,0,1,0,0,0,0,1,1,1,1,22,5,1997,2,1,2,1,2
2018471803348,2,9,0,3,0,1,0,0,0,0,2,1,6,2,26,6,1896,2,15,4,1,4
2018471803350,1,19,0,18,0,0,0,0,0,0,1,1,1,1,27,6,2402,2,10,7,1,7
2018471803350,2,19,0,3,0,0,0,0,0,0,2,1,6,1,70,10,1598,2,2,6,3,6
2018471803350,3,9,0,3,0,0,0,0,0,0,2,1,6,1,50,8,1598,1,5,10,2,10
2018471803352,1,9,0,18,0,8,0,0,0,0,1,1,6,1,27,6,1595,1,14,3,1,3
2018471803352,2,9,0,18,0,8,0,0,0,0,3,1,6,2,34,6,995,1,14,5,1,5
2018471803354,1,9,0,18,0,8,0,0,0,0,4,1,6,1,-1,-1,1197,1,1,1,1,1
2018471803359,1,9,0,9,0,5,0,0,0,0,4,1,6,2,17,4,1229,1,7,8,1,8
2018471803359,2,9,0,18,0,8,0,0,1,11,1,1,6,1,42,7,2967,2,5,1,1,1
2018471803360,1,9,0,9,0,5,0,0,0,0,1,1,6,2,43,7,1360,1,14,1,1,1
2018471803360,2,9,0,18,0,1,0,0,0,0,1,1,2,2,30,6,1198,1,15,3,1,3
2018471803360,3,11,0,18,0,1,0,0,0,0,0,1,1,3,-1,-1,-1,-1,-1,-1,-1,-1
2018471803367,1,11,0,4,0,0,0,0,0,0,0,1,1,1,57,9,5132,2,3,8,1,8
2018471803368,1,9,0,17,0,0,0,0,1,2,1,1,6,2,31,6,1596,1,6,3,1,3
2018471803369,1,19,0,18,0,0,0,0,0,0,1,1,6,1,30,6,2198,2,3,3,1,3
2018471803369,2,9,0,18,0,0,0,0,0,0,2,1,1,2,17,4,1200,1,1,7,1,7
2018471803371,1,9,0,9,0,2,0,0,0,0,1,1,6,2,58,9,2993,2,4,9,3,9
2018471803371,2,9,0,18,0,2,2,0,0,0,4,1,6,2,33,6,1329,1,3,5,3,5
2018471803373,1,9,0,7,0,8,0,0,0,0,4,1,6,2,24,5,998,1,-1,8,1,8
2018471803373,2,1,0,18,0,8,0,0,0,0,3,1,2,1,25,5,-1,-1,-1,6,1,6
2018471803375,1,17,0,16,0,0,0,0,0,0,1,1,1,1,32,6,6700,2,1,7,3,7
2018471803375,2,9,0,4,0,0,0,0,1,10,1,1,6,2,58,9,2993,2,12,5,3,5
2018471803376,1,9,0,9,0,8,0,0,0,0,1,1,6,2,49,8,1388,1,8,5,1,5
2018471803376,2,9,0,18,0,1,0,0,0,0,4,1,6,1,43,7,1968,2,4,4,1,4
2018471803377,1,9,0,18,0,8,0,0,0,0,1,1,6,2,76,11,1329,1,5,7,1,7
2018471803377,2,1,0,9,0,8,0,0,0,0,2,1,6,1,38,7,-1,-1,-1,6,1,6
2018471803381,1,9,0,4,0,2,0,0,0,0,4,1,6,1,45,7,1997,2,4,3,1,3
2018471803381,2,21,1,18,0,2,0,0,0,0,2,1,1,1,50,8,12777,2,2,4,1,4
2018471803382,1,9,0,4,0,1,0,0,0,0,1,1,6,1,35,6,2521,1,15,8,3,8
2018471803382,2,9,0,4,0,1,0,0,0,0,2,1,6,1,46,8,1560,2,9,6,1,6
2018471803383,1,2,0,9,0,6,0,0,0,0,3,1,6,1,29,6,49,1,6,4,1,4
2018471803383,2,19,0,5,0,1,0,0,0,0,4,1,1,1,35,6,2143,2,3,6,-1,6
2018471803383,3,19,0,18,0,1,0,0,0,0,0,1,1,3,-1,-1,-1,-1,-1,-1,-1,-1
2018471803386,1,9,0,17,0,0,1,0,0,0,3,1,6,1,59,9,1242,1,10,8,1,8
2018471803386,2,9,0,16,0,0,0,0,0,0,1,1,2,1,70,10,1397,1,10,3,1,3
2018471803387,1,19,0,10,0,6,0,0,0,0,1,1,6,1,52,8,1968,2,4,2,1,2
2018471803387,2,4,0,18,0,8,0,0,0,0,4,1,6,1,20,4,660,1,1,10,3,10
2018471803389,1,21,1,13,0,0,0,0,0,0,0,1,6,3,-1,-1,-1,-1,-1,-1,-1,-1
2018471803389,2,1,0,18,0,0,0,0,1,0,0,1,6,1,61,9,-1,-1,-1,8,3,8
2018471803391,1,3,0,14,0,0,0,0,0,0,0,1,2,1,18,4,124,1,7,5,2,5
2018471803392,1,9,0,5,0,0,0,4,0,0,3,1,6,3,-1,-1,-1,-1,-1,-1,-1,-1
2018471803392,2,9,0,2,0,0,0,0,0,0,4,1,6,3,-1,-1,1598,1,13,-1,-1,-1
2018471803392,3,19,0,2,0,0,0,0,0,0,3,1,6,3,-1,-1,1598,2,3,-1,-1,-1
2018471803392,4,19,0,2,0,0,0,0,0,0,4,1,6,3,-1,-1,1896,2,10,-1,-1,-1
2018471803393,1,9,0,18,0,7,0,0,0,0,1,1,1,1,55,8,1498,1,8,5,1,5
2018471803393,2,21,1,4,0,2,0,0,0,0,2,1,1,3,-1,-1,-1,-1,-1,-1,-1,-1
2018471803396,1,8,0,7,0,8,0,0,1,7,1,1,1,1,45,7,1950,2,2,2,1,2
2018471803397,1,1,0,18,0,0,1,0,0,0,0,1,6,1,40,7,-1,-1,-1,9,2,9
2018471803401,1,9,0,17,0,0,0,0,0,0,1,1,6,1,25,5,1997,2,14,-1,-1,-1
2018471803401,2,19,0,16,0,0,0,0,0,0,1,1,1,1,35,6,1995,2,-1,10,1,10
2018471803405,1,21,0,17,0,0,0,0,4,0,3,1,1,1,44,7,12777,2,8,5,1,5
2018471803405,2,9,0,17,0,0,0,0,1,4,4,1,6,2,69,10,1395,1,3,8,2,8
2018471803407,1,11,0,18,0,0,0,0,0,0,4,1,1,1,35,6,3900,2,15,5,1,5
2018471803407,2,20,0,2,0,0,0,0,0,0,4,1,6,3,-1,-1,-1,-1,-1,-1,-1,-1
2018471803409,1,9,0,2,9,0,0,0,0,0,3,1,6,1,60,9,-1,-1,-1,-1,-1,-1
2018471803409,2,1,0,18,0,0,0,0,0,0,1,1,6,1,21,5,-1,-1,-1,5,1,5
2018471803410,1,11,0,4,0,1,0,0,0,0,0,1,1,1,39,7,9360,2,5,2,1,2
2018471803414,1,9,0,5,0,1,0,0,0,0,1,1,6,1,53,8,2993,2,13,10,1,10
2018471803414,2,9,0,5,0,4,0,0,0,0,2,1,6,2,45,7,1395,1,2,7,1,7
2018471803415,1,3,0,18,0,0,0,0,0,0,1,1,2,1,19,4,125,1,9,6,1,6
2018471803415,2,1,0,9,0,0,0,0,0,0,3,1,6,2,23,5,-1,-1,-1,8,1,8
2018471803416,1,9,0,7,0,5,0,0,0,0,2,1,6,1,31,6,1998,2,11,4,1,4
2018471803416,2,1,0,18,0,8,0,0,0,0,1,1,6,1,26,6,-1,-1,-1,10,1,10
2018471803416,3,1,0,18,0,8,0,0,0,0,1,1,6,2,19,4,-1,-1,-1,7,1,7
2018471803417,1,8,0,4,0,0,0,0,0,0,0,1,1,1,38,7,2198,2,3,4,-1,4
2018471803418,1,9,0,18,0,4,0,0,1,11,1,1,6,1,30,6,1995,1,6,4,1,4
2018471803418,2,9,0,5,0,4,0,0,0,0,1,1,6,2,25,5,1229,1,9,5,1,5
2018471803418,3,9,0,4,0,1,0,0,0,0,3,1,6,2,32,6,1499,1,-1,5,1,5
2018471803419,1,9,0,9,0,6,0,0,0,0,3,1,6,2,60,9,999,1,2,5,2,5
2018471803419,2,9,0,18,0,1,0,0,0,0,1,1,6,2,46,8,1597,1,10,7,1,7
2018471803423,1,9,0,9,0,8,0,0,0,0,4,1,6,2,-1,-1,-1,-1,-1,-1,-1,-1
2018471803423,2,1,0,9,0,8,0,0,0,0,3,1,4,1,13,3,-1,-1,-1,9,2,9
2018471803424,1,19,0,18,0,6,1,0,0,0,1,1,1,1,26,6,1968,2,3,7,1,7
2018471803424,2,9,0,18,0,8,1,0,7,11,4,1,6,2,36,7,998,1,2,10,1,10
2018471803426,1,9,0,4,0,8,0,0,0,0,1,1,6,2,60,9,998,1,1,7,1,7
2018471803426,2,1,0,9,9,8,0,0,0,0,3,1,6,2,68,10,-1,-1,-1,2,1,2
2018471803428,1,5,0,13,0,0,0,0,0,0,3,1,6,1,39,7,599,1,9,9,3,9
2018471803428,2,9,0,18,0,0,0,0,0,0,1,1,6,1,57,9,2995,1,-1,9,3,9
2018471803428,3,21,0,18,0,0,0,0,0,0,0,1,6,1,-1,-1,-1,-1,-1,-1,-1,-1
2018471803429,1,21,1,7,0,8,0,0,0,0,4,1,1,1,33,6,-1,-1,-1,8,1,8
2018471803429,2,1,0,18,0,8,0,0,0,0,1,1,6,2,75,10,-1,-1,-1,7,1,7
2018471803431,1,9,0,9,0,6,0,0,0,0,3,1,6,2,69,10,1590,1,14,5,1,5
2018471803432,1,9,0,18,0,8,0,0,0,0,4,1,2,1,30,6,1798,1,11,8,1,8
2018471803433,1,9,0,7,0,5,0,0,0,0,0,1,6,2,34,6,1699,1,13,8,1,8
2018471803434,1,1,0,7,0,5,0,0,0,0,1,1,6,1,33,6,-1,-1,-1,2,1,2
2018471803435,1,9,0,18,0,1,0,0,0,0,4,2,3,2,23,5,1248,1,3,10,1,10
2018471803436,1,9,0,18,0,2,0,0,0,0,4,1,3,1,57,9,1390,1,11,4,1,4
2018471803436,2,9,0,2,0,2,0,0,0,0,3,1,6,2,26,6,1598,2,4,4,1,4
2018471803436,3,9,0,2,0,2,0,0,0,0,3,1,6,3,-1,-1,1783,1,15,-1,-1,-1
2018471803437,1,19,0,7,0,6,0,0,0,0,1,1,2,1,42,7,2198,2,2,6,1,6
2018471803437,2,1,0,18,0,8,0,0,0,0,3,1,6,1,56,9,-1,-1,-1,9,1,9
2018471803438,1,9,0,18,0,0,0,0,0,0,3,1,1,1,50,8,-1,-1,-1,6,1,6
2018471803440,1,9,0,18,0,0,1,6,1,1,1,1,6,1,32,6,1998,1,28,10,1,10
2018471803441,1,9,0,9,0,4,0,0,0,0,3,1,2,1,63,9,2000,2,14,4,2,4
2018471803441,2,1,0,18,0,4,0,0,0,0,4,1,6,1,10,2,-1,-1,-1,1,1,1
2018471803443,1,1,0,18,0,6,0,0,0,0,3,1,6,1,9,2,-1,-1,-1,7,3,7
2018471803443,2,9,0,18,0,1,0,0,0,0,1,1,6,1,60,9,-1,-1,-1,7,3,7
2018471803445,1,9,0,18,0,0,1,0,0,0,1,1,6,2,53,8,1499,1,-1,8,2,8
2018471803445,2,9,0,4,0,0,0,0,0,0,2,1,6,1,73,10,1997,2,10,7,1,7
2018471803447,1,19,0,18,0,0,0,0,0,0,1,1,6,1,37,7,1560,2,9,6,3,6
2018471803447,2,9,0,5,0,0,0,0,0,0,2,1,6,1,70,10,1999,2,1,10,3,10
2018471803448,1,9,0,13,0,0,0,0,0,0,1,1,6,2,46,8,2987,2,2,10,3,10
2018471803448,2,9,0,18,0,0,0,0,0,0,1,1,6,2,26,6,995,1,13,9,1,9
2018471803448,3,1,0,18,0,0,0,0,0,0,0,1,6,3,-1,-1,-1,-1,-1,-1,-1,-1
2018471803452,1,1,0,18,0,0,0,0,0,0,3,1,6,2,33,6,-1,-1,-1,7,1,7
2018471803452,2,9,0,2,0,0,0,0,0,0,3,1,6,3,-1,-1,1988,1,15,-1,-1,-1
2018471803453,1,5,0,5,0,0,1,0,0,0,0,1,6,1,23,5,599,1,14,6,1,6
2018471803455,1,1,0,18,0,8,0,7,1,0,1,1,4,1,13,3,-1,-1,-1,6,1,6
2018471803456,1,4,0,14,0,0,0,0,0,0,1,1,6,2,46,8,600,1,3,4,2,4
2018471803456,2,20,0,2,0,0,0,0,0,0,0,1,6,3,-1,-1,-1,-1,-1,-1,-1,-1
2018471803457,1,9,0,16,0,0,0,0,0,0,1,1,6,1,57,9,4293,1,13,7,1,7
2018471803457,2,9,0,16,0,0,0,0,0,0,2,1,6,1,42,7,1398,2,3,2,1,2
2018471803457,3,9,0,16,0,0,0,0,0,0,2,1,6,1,43,7,1341,1,16,2,1,2
2018471803457,4,9,0,17,0,0,0,0,0,0,0,1,1,1,49,8,2993,2,2,6,1,6
2018471803461,1,9,0,9,0,8,0,0,0,0,3,1,6,2,66,10,1149,1,8,10,1,10
2018471803461,2,1,0,18,0,8,0,0,0,0,1,1,6,1,33,6,-1,-1,-1,10,1,10
2018471803463,1,9,0,18,0,8,1,0,0,0,4,1,6,1,44,7,1364,1,1,8,2,8
2018471803463,2,9,0,18,0,8,1,0,1,7,1,1,6,2,47,8,1591,1,8,9,1,9
2018471803464,1,9,0,2,0,0,0,0,0,0,3,1,6,2,37,7,1997,1,9,6,3,6
2018471803464,2,1,0,18,0,0,0,0,0,0,4,1,6,1,84,11,-1,-1,-1,8,1,8
2018471803467,1,9,0,18,0,1,0,0,0,0,4,1,6,1,76,11,1686,2,13,7,2,7
2018471803469,1,9,0,9,0,8,0,0,0,0,3,1,6,2,49,8,1360,1,14,7,1,7
2018471803469,2,5,0,18,0,8,0,0,8,10,1,1,6,1,52,8,656,1,10,7,1,7
2018471803471,1,9,0,18,0,1,0,0,0,0,1,1,6,1,26,6,1499,1,1,8,1,8
2018471803472,1,9,0,13,0,0,0,0,7,9,1,1,6,1,72,10,2494,1,16,6,3,6
2018471803472,2,9,0,17,0,0,0,0,0,0,3,1,6,1,72,10,1999,2,-1,5,2,5
2018471803472,3,9,0,17,0,0,0,0,7,10,1,1,6,1,60,9,1896,2,11,7,1,7
2018471803472,4,9,0,16,0,0,0,0,0,0,3,1,6,1,38,7,1364,1,1,5,1,5
2018471803473,1,9,0,9,0,8,0,0,0,0,3,1,6,3,28,6,-1,-1,-1,-1,-1,-1
2018471803474,1,2,0,10,0,1,0,0,0,0,4,1,6,1,16,4,-1,-1,-1,-1,-1,-1
2018471803474,2,2,0,7,0,1,0,0,0,0,1,1,6,1,18,4,49,1,2,4,1,4
2018471803475,1,9,0,4,0,0,0,0,0,0,1,1,6,1,24,5,1329,1,1,6,2,6
2018471803475,2,9,0,4,0,0,0,0,0,0,2,1,6,1,21,5,1596,1,13,4,2,4
2018471803476,1,1,0,18,0,8,0,0,0,0,1,1,6,1,80,11,-1,-1,-1,8,1,8
2018471803476,2,9,0,5,0,8,0,0,0,0,1,1,6,2,64,9,1198,1,1,3,1,3
2018471803483,1,9,0,7,0,8,0,0,0,0,1,1,6,1,70,10,1242,1,10,5,1,5
2018471803483,2,9,0,9,0,8,0,0,0,0,4,1,2,1,18,4,1199,1,15,7,1,7
2018471803484,1,11,0,18,2,8,0,0,0,0,1,1,1,1,55,8,6700,2,8,6,2,6
2018471803486,1,8,0,11,0,8,0,0,0,0,2,1,6,1,31,6,1956,2,6,4,1,4
2018471803486,2,8,0,18,0,8,0,0,0,0,1,1,1,1,53,8,1598,2,3,4,1,4
2018471803489,1,9,0,5,0,0,0,0,0,0,1,1,6,2,67,10,1598,1,5,6,3,6
2018471803489,2,9,0,3,0,0,0,0,0,0,2,1,6,2,36,7,1896,2,16,9,1,9
2018471803492,1,9,0,18,0,2,0,0,0,0,1,1,6,1,73,10,1242,1,12,7,1,7
2018471803493,1,1,0,18,0,8,0,0,0,0,4,1,6,2,9,2,-1,-1,-1,2,1,2
2018471803493,2,9,0,18,0,8,0,0,0,0,1,1,6,2,30,6,2143,2,-1,4,1,4
2018471803494,1,9,0,7,0,5,0,0,0,0,4,1,6,1,72,10,1998,1,1,9,1,9
2018471803494,2,1,0,18,0,1,0,0,0,0,1,1,6,1,32,6,-1,-1,-1,2,1,2
2018471803498,1,9,0,9,0,6,0,0,0,0,1,1,6,1,38,7,1896,2,12,4,1,4
2018471803498,2,4,0,14,0,8,0,0,0,0,4,1,6,1,20,4,471,1,2,3,1,3
2018471803500,1,9,0,16,0,1,0,0,1,4,1,1,6,1,33,6,1461,2,5,4,1,4
2018471803500,2,9,0,17,0,2,0,0,0,0,3,1,6,1,70,10,999,1,2,9,3,9
2018471803501,1,1,0,18,0,8,0,0,0,0,1,1,6,1,10,2,-1,-1,-1,1,1,1
2018471803501,2,9,0,18,0,8,0,0,0,0,1,1,6,1,38,7,1598,1,11,4,1,4
2018471803502,1,9,0,17,0,0,1,0,7,11,1,1,6,1,17,4,1242,1,8,9,1,9
2018471803503,1,4,0,17,0,0,0,0,1,10,1,1,6,1,26,6,125,1,-1,8,1,8
2018471803504,1,9,0,5,0,0,0,0,0,0,3,1,6,1,-1,-1,-1,-1,-1,-1,-1,-1
2018471803504,2,2,0,18,0,0,0,0,0,0,1,1,6,1,16,4,50,1,4,1,1,1
2018471803504,3,9,0,18,0,0,0,0,0,0,4,1,6,1,27,6,1499,1,-1,3,1,3
2018471803506,1,19,0,9,0,8,0,0,0,0,1,1,6,1,40,7,2402,2,17,5,1,5
2018471803506,2,9,0,9,0,8,0,0,0,0,3,1,6,1,47,8,1998,8,2,9,2,9
2018471803509,1,9,0,6,0,0,0,0,0,0,1,1,6,1,60,9,1461,2,5,4,1,4
2018471803509,2,5,0,18,0,0,0,0,0,0,3,1,6,1,45,7,803,1,3,4,1,4
2018471803510,1,9,0,9,0,8,0,0,0,0,1,1,6,1,63,9,1597,2,4,8,3,8
2018471803510,2,1,0,18,0,8,0,0,0,0,1,1,6,2,34,6,-1,-1,-1,8,1,8