Accident_Index,Vehicle_Reference,Vehicle_Type,Towing_and_Articulation,Vehicle_Manoeuvre,Vehicle_Location-Restricted_Lane,Junction_Location,Skidding_and_Overturning,Hit_Object_in_Carriageway,Vehicle_Leaving_Carriageway,Hit_Object_off_Carriageway,1st_Point_of_Impact,Was_Vehicle_Left_Hand_Drive?,Journey_Purpose_of_Driver,Sex_of_Driver,Age_of_Driver,Age_Band_of_Driver,Engine_Capacity_(CC),Propulsion_Code,Age_of_Vehicle,Driver_IMD_Decile,Driver_Home_Area_Type,Vehicle_IMD_Decile
2018471803512,1,9,0,4,0,0,0,0,0,0,1,1,2,2,23,5,898,1,1,10,1,10
2018471803512,2,19,0,3,0,0,0,0,0,0,2,1,6,2,47,8,1686,2,8,9,1,9
2018471803512,3,9,0,3,0,0,0,0,0,0,2,1,6,1,54,8,1997,2,6,7,2,7
2018471803513,1,9,0,18,0,1,0,0,0,0,1,1,6,1,68,10,-1,-1,-1,6,2,6
2018471803513,2,9,0,4,0,1,0,0,0,0,2,1,6,1,68,10,1834,1,17,5,1,5
2018471803513,3,9,0,10,0,1,0,0,0,0,2,1,6,1,54,8,1200,1,-1,1,1,1
2018471803514,1,9,0,9,0,8,0,0,0,0,1,1,6,1,29,6,1596,1,16,10,1,10
2018471803514,2,9,0,18,0,8,0,0,0,0,1,1,6,2,51,8,999,1,16,5,3,5
2018471803516,1,9,0,9,0,8,0,0,0,0,1,1,6,2,50,8,1896,2,14,6,2,6
2018471803520,1,9,0,5,9,8,0,0,0,0,1,1,6,2,36,7,-1,-1,-1,3,1,3
2018471803525,1,9,0,9,0,5,0,0,0,0,4,1,6,1,27,6,1248,2,10,9,1,9
2018471803525,2,19,0,18,0,1,0,0,0,0,1,1,2,1,20,4,1248,2,13,4,1,4
2018471803526,1,9,0,18,0,0,0,0,0,0,3,1,6,1,49,8,1497,8,11,6,2,6
2018471803526,2,9,0,18,0,0,0,0,0,0,3,1,6,1,27,6,1998,1,1,8,1,8
2018471803527,1,9,0,18,0,4,0,0,0,0,1,1,6,2,37,7,1461,2,7,10,1,10
2018471803527,2,3,0,9,0,8,0,0,0,0,1,1,6,1,20,4,125,1,-1,6,1,6
2018471803528,1,9,0,18,0,1,0,0,0,0,1,1,6,2,25,5,1596,1,11,10,1,10
2018471803528,2,19,0,9,0,1,0,0,0,0,2,1,2,1,52,8,2143,2,1,5,1,5
2018471803529,1,5,0,16,0,2,0,0,0,0,1,1,6,1,21,5,689,1,2,10,1,10
2018471803529,2,19,0,9,0,6,0,0,0,0,3,1,6,1,49,8,1598,2,-1,9,2,9
2018471803530,1,9,0,9,0,8,0,0,0,0,1,1,6,1,84,11,1991,1,-1,8,1,8
2018471803530,2,9,0,18,0,1,0,0,0,0,4,1,1,2,47,8,1968,2,8,9,1,9
2018471803531,1,9,0,16,0,0,1,0,0,0,1,1,1,1,60,9,1794,1,12,6,1,6
2018471803531,2,9,0,16,0,0,1,0,0,0,2,1,3,2,50,8,1998,2,9,1,1,1
2018471803531,3,21,1,17,0,0,0,0,0,0,0,1,6,3,22,5,-1,-1,-1,-1,-1,-1
2018471803534,1,9,0,9,0,8,0,0,0,0,1,1,6,1,80,11,1998,1,15,5,1,5
2018471803534,2,9,0,18,0,8,0,0,0,0,1,1,6,1,43,7,1685,2,4,6,1,6
2018471803535,1,9,0,18,0,0,0,0,0,0,1,1,6,1,73,10,1598,1,6,10,1,10
2018471803535,2,9,0,4,0,0,0,0,0,0,2,1,6,1,67,10,647,8,1,8,1,8
2018471803536,1,9,0,2,0,1,0,0,0,0,3,1,6,2,58,9,999,1,1,4,1,4
2018471803536,2,1,0,18,0,1,0,0,0,0,4,1,6,2,32,6,-1,-1,-1,6,1,6
2018471803538,1,19,0,18,0,0,0,0,0,0,0,1,6,3,-1,-1,-1,-1,-1,-1,-1,-1
2018471803538,2,1,0,18,5,0,0,0,0,0,0,1,6,1,70,10,-1,-1,-1,4,1,4
2018471803544,1,19,0,18,0,0,0,0,0,0,4,1,6,1,40,7,-1,-1,-1,5,3,5
2018471803546,1,9,0,18,0,1,0,0,0,0,1,1,6,1,77,11,1560,2,1,10,1,10
2018471803546,2,9,0,8,0,1,0,0,0,0,2,1,6,2,67,10,1951,2,13,9,3,9
2018471803547,1,21,0,18,0,8,0,0,0,0,1,1,1,1,50,8,12777,2,2,6,1,6
2018471803547,2,11,0,9,0,8,0,0,0,0,3,1,6,1,26,6,4461,2,5,6,3,6
2018471803547,3,19,0,7,0,5,0,0,0,0,0,1,6,1,30,6,-1,-1,-1,-1,-1,-1
2018471803550,1,11,0,18,2,8,0,0,0,0,1,1,1,1,46,8,5132,2,1,6,1,6
2018471803552,1,9,0,18,0,8,0,0,0,0,4,1,6,2,46,8,1124,1,14,7,1,7
2018471803553,1,9,0,7,4,8,0,0,0,0,4,1,6,1,48,8,2231,2,5,9,3,9
2018471803553,2,1,0,18,4,8,0,0,0,0,1,1,6,1,54,8,-1,-1,-1,8,1,8
2018471803557,1,5,0,16,0,8,1,0,0,0,1,1,6,1,55,8,-1,-1,-1,10,1,10
2018471803557,2,9,0,17,0,8,0,0,0,0,1,1,6,2,20,4,998,1,3,2,1,2
2018471803558,1,1,0,18,0,8,0,0,0,0,1,1,6,1,18,4,-1,-1,-1,2,1,2
2018471803558,2,9,0,4,0,8,0,0,0,0,2,1,6,1,20,4,2143,2,1,3,1,3
2018471803560,1,9,0,18,0,3,0,0,0,0,1,1,6,1,50,8,1248,1,7,5,3,5
2018471803565,1,9,0,18,0,4,0,0,0,0,1,1,6,1,58,9,2199,2,9,4,1,4
2018471803565,2,1,0,18,0,3,0,0,0,0,2,1,1,1,46,8,-1,-1,-1,6,1,6
2018471803567,1,9,0,18,0,1,2,0,1,1,1,1,1,1,29,6,1999,1,12,7,1,7
2018471803567,2,9,0,2,0,8,0,0,0,0,3,1,6,3,-1,-1,1580,8,1,-1,-1,-1
2018471803568,1,20,0,18,0,0,0,0,0,0,3,1,1,1,32,6,-1,-1,-1,3,1,3
2018471803568,2,20,0,18,0,0,0,0,0,0,3,1,6,1,48,8,5861,2,17,5,3,5
2018471803569,1,19,0,18,0,3,0,0,0,0,0,1,6,3,40,7,-1,-1,-1,-1,-1,-1
2018471803569,2,9,0,18,0,8,0,0,1,0,3,1,1,2,45,7,1999,2,1,9,1,9
2018471803569,3,9,0,18,0,8,0,0,1,2,1,1,6,1,30,6,1596,1,17,4,1,4
2018471803572,1,9,0,7,0,3,0,0,0,0,4,1,6,2,72,10,1364,2,12,6,1,6
2018471803572,2,19,0,4,0,1,0,0,0,0,0,1,1,3,-1,-1,-1,-1,-1,-1,-1,-1
2018471803574,1,9,0,14,0,0,0,0,0,0,1,1,6,3,-1,-1,-1,-1,-1,-1,-1,-1
2018471803574,2,9,0,2,0,0,0,0,0,0,3,1,6,3,-1,-1,1197,1,2,-1,-1,-1
2018471803575,1,9,0,18,0,0,0,0,0,0,3,1,6,3,-1,-1,-1,-1,-1,-1,-1,-1
2018471803575,2,9,0,18,0,0,0,0,0,0,3,1,2,2,50,8,1999,1,12,9,1,9
2018471803576,1,9,0,18,0,8,0,0,0,0,4,1,2,2,62,9,1598,1,8,6,2,6
2018471803578,1,9,0,18,0,0,0,0,1,1,1,1,6,2,67,10,1242,1,3,10,2,10
2018471803580,1,9,0,18,0,4,0,0,0,0,1,1,2,1,39,7,1600,2,9,9,1,9
2018471803580,2,3,0,4,0,4,0,0,1,0,2,1,2,2,33,6,125,1,3,6,1,6
2018471803581,1,9,0,4,0,4,0,0,0,0,1,1,6,1,19,4,1199,1,15,8,1,8
2018471803581,2,9,0,4,0,1,0,0,0,0,2,1,6,1,45,7,2400,2,6,3,1,3
2018471803581,3,9,0,18,0,1,0,0,0,0,0,1,6,3,40,7,-1,-1,-1,-1,-1,-1
2018471803582,1,1,0,18,0,0,0,4,0,0,1,1,6,1,40,7,-1,-1,-1,10,1,10
2018471803582,2,9,0,2,0,0,0,0,0,0,0,1,6,3,-1,-1,2179,2,3,-1,-1,-1
2018471803584,1,9,0,18,0,0,0,0,0,0,1,1,6,1,46,8,1796,1,16,9,1,9
2018471803585,1,3,0,16,0,1,1,0,0,0,1,1,2,1,52,8,1137,1,18,5,2,5
2018471803585,2,9,0,9,0,6,0,0,0,0,3,1,2,1,63,9,1998,1,-1,5,2,5
2018471803587,1,19,4,9,0,6,0,0,0,0,1,1,1,1,52,8,2198,2,1,1,1,1
2018471803587,2,9,0,18,0,1,1,0,7,10,3,1,2,2,33,6,1997,1,12,8,3,8
2018471803588,1,19,0,18,0,1,0,0,0,0,4,1,6,3,-1,-1,-1,-1,-1,-1,-1,-1
2018471803588,2,1,0,4,0,1,0,0,0,0,0,1,6,1,14,3,-1,-1,-1,4,1,4
2018471803591,1,9,0,18,0,1,0,0,0,0,1,1,6,1,64,9,1896,2,17,4,1,4
2018471803591,2,9,0,8,0,1,0,0,0,0,2,1,6,1,39,7,1587,1,17,9,1,9
2018471803594,1,9,0,9,0,6,1,0,0,0,3,1,1,1,64,9,4367,2,5,8,3,8
2018471803594,2,9,0,18,0,8,1,0,0,0,1,1,1,1,43,7,-1,-1,-1,8,2,8
2018471803595,1,9,0,8,0,6,0,0,0,0,3,1,6,2,25,5,1560,2,7,7,1,7
2018471803595,2,1,0,18,5,1,0,0,0,0,1,1,2,1,49,8,-1,-1,-1,9,1,9
2018471803597,1,9,0,9,7,0,0,0,0,0,3,2,6,1,36,7,1799,1,10,3,1,3
2018471803597,2,1,0,18,0,0,0,0,0,0,1,1,6,2,38,7,-1,-1,-1,7,1,7
2018471803599,1,9,0,9,0,6,0,0,0,0,1,1,6,2,40,7,2967,2,1,7,1,7
2018471803599,2,3,0,14,0,8,1,0,0,0,1,1,6,1,28,6,124,1,-1,7,1,7
2018471803599,3,19,0,18,0,1,0,0,0,0,0,1,6,1,45,7,-1,-1,-1,-1,-1,-1
2018471803601,1,9,0,18,0,0,0,0,0,0,1,1,6,1,26,6,1388,1,7,1,1,1
2018471803601,2,9,0,3,0,0,0,0,0,0,2,1,6,2,49,8,-1,3,5,7,1,7
2018471803601,3,9,0,1,0,0,0,0,0,0,0,1,6,3,-1,-1,-1,-1,-1,-1,-1,-1
2018471803604,1,4,0,18,0,1,0,0,0,0,3,1,6,1,43,7,296,1,3,4,1,4
2018471803604,2,9,0,2,0,2,0,0,0,0,4,1,6,3,-1,-1,1200,1,-1,-1,-1,-1
2018471803605,1,9,0,5,0,8,0,0,0,0,1,1,6,1,46,8,1685,2,1,5,1,5
2018471803605,2,1,0,18,0,8,0,0,0,0,3,1,6,1,77,11,-1,-1,-1,9,1,9
2018471803606,1,9,0,9,0,6,0,0,0,0,1,1,6,2,30,6,1299,1,10,7,2,7
2018471803606,2,9,0,17,0,8,0,0,0,0,4,1,6,2,33,6,1560,2,7,10,2,10
2018471803608,1,22,0,18,5,1,0,0,0,0,1,1,6,1,80,11,-1,-1,-1,9,1,9
2018471803608,2,21,1,2,9,1,0,0,0,0,0,1,1,1,-1,-1,-1,-1,-1,-1,-1,-1
2018471803610,1,3,0,17,0,0,0,0,1,0,1,1,6,1,33,6,125,1,7,6,1,6
2018471803611,1,9,0,9,0,8,0,0,0,0,1,1,6,1,63,9,1299,1,16,3,1,3
2018471803611,2,2,0,18,0,8,0,0,0,0,3,1,6,2,16,4,49,1,4,9,1,9
2018471803611,3,9,0,2,0,2,0,0,0,0,3,1,6,3,-1,-1,1596,1,16,-1,-1,-1
2018471803613,1,9,0,9,0,8,0,0,7,0,3,1,6,2,31,6,2143,2,5,6,1,6
2018471803613,2,5,0,13,0,8,0,0,7,0,4,1,6,1,31,6,656,1,10,6,1,6
2018471803614,1,9,0,3,0,4,0,0,0,0,3,1,6,1,54,8,1999,1,16,4,1,4
2018471803614,2,1,0,18,0,3,0,0,0,0,1,1,6,1,46,8,-1,-1,-1,3,1,3
2018471803615,1,9,0,9,0,6,0,0,0,0,3,1,6,2,45,7,1198,1,1,10,1,10
2018471803615,2,9,0,17,0,1,0,0,0,0,1,1,2,1,25,5,1200,1,5,3,1,3
2018471803618,1,9,0,18,0,6,0,0,0,0,1,1,6,1,75,10,998,1,4,4,1,4
2018471803618,2,9,0,18,0,8,0,0,0,0,4,1,6,2,42,7,1596,1,11,3,1,3
2018471803620,1,9,0,17,0,0,0,0,0,0,1,1,6,2,27,6,1896,2,12,6,3,6
2018471803620,2,9,0,16,0,0,0,0,0,0,1,1,6,1,78,11,2967,1,17,6,3,6
2018471803621,1,19,0,1,0,0,0,0,0,0,2,1,1,1,32,6,2402,2,14,3,1,3
2018471803621,2,9,0,2,0,0,0,0,0,0,1,1,6,2,50,8,1997,2,9,7,1,7
2018471803622,1,19,0,9,0,5,0,0,0,0,4,1,1,1,24,5,2198,2,5,8,1,8
2018471803622,2,9,0,18,0,1,0,0,0,0,1,1,6,2,57,9,1390,1,5,10,1,10
2018471803624,1,5,0,18,0,0,0,0,0,0,1,1,6,1,31,6,998,1,9,6,1,6
2018471803625,1,9,0,9,0,5,0,0,0,0,3,1,6,2,64,9,1200,1,2,8,1,8
2018471803625,2,1,0,18,0,1,0,0,0,0,1,1,6,1,39,7,-1,-1,-1,7,1,7
2018471803628,1,9,0,18,0,0,0,0,7,0,3,1,1,2,35,6,998,1,2,3,1,3
2018471803628,2,9,0,18,0,0,0,0,1,0,3,1,6,2,65,9,1197,1,1,10,2,10
2018471803628,3,9,0,18,0,0,0,0,0,0,1,1,6,1,50,8,1598,1,12,5,2,5
2018471803629,1,1,0,5,0,8,0,0,0,0,1,1,4,1,11,3,-1,-1,-1,7,1,7
2018471803629,2,9,0,18,0,3,0,0,0,0,4,1,6,2,32,6,1995,2,2,7,1,7
2018471803632,1,9,0,3,0,0,0,0,0,0,3,1,6,1,28,6,1997,1,-1,10,1,10
2018471803632,2,5,0,14,0,0,0,0,0,0,1,1,6,1,56,9,1170,1,1,10,1,10
2018471803632,3,9,0,18,0,0,0,0,0,0,1,1,6,1,30,6,1461,2,-1,8,1,8
2018471803635,1,9,0,18,0,8,0,0,0,0,1,1,6,1,20,4,1296,1,11,9,1,9
2018471803635,2,9,0,9,0,8,0,0,0,0,4,1,6,2,63,9,1796,1,19,4,1,4
2018471803636,1,9,0,18,0,0,1,0,0,0,1,1,6,1,28,6,2179,2,6,10,1,10
2018471803636,2,9,0,18,0,0,1,0,0,0,1,1,6,2,61,9,1149,1,14,6,1,6
2018471803637,1,9,0,18,0,0,0,4,1,0,1,1,6,1,59,9,1996,2,8,3,1,3
2018471803637,2,9,0,2,0,0,0,0,0,0,1,1,6,3,-1,-1,1396,1,22,-1,-1,-1
2018471803637,3,9,0,2,0,0,0,4,1,11,4,1,6,3,-1,-1,1242,1,5,-1,-1,-1
2018471803638,1,9,0,18,0,0,0,0,0,0,1,1,6,2,28,6,1598,1,11,4,1,4
2018471803640,1,8,0,16,0,8,0,0,0,0,1,1,6,1,31,6,1598,2,4,4,1,4
2018471803640,2,9,0,17,0,8,0,0,0,0,3,1,6,2,28,6,1400,1,13,3,1,3
2018471803641,1,9,0,18,0,0,0,0,0,0,4,1,6,1,75,10,1422,2,10,8,1,8
2018471803642,1,3,0,18,0,0,0,0,1,0,3,1,2,1,29,6,125,1,14,4,1,4
2018471803645,1,9,0,9,0,5,0,0,0,0,1,1,6,2,21,5,1595,1,20,8,2,8
2018471803645,2,9,0,18,0,1,0,0,0,0,1,1,6,2,56,9,1968,2,4,7,3,7
2018471803646,1,9,0,18,0,1,5,0,0,10,1,1,6,1,53,8,2800,2,24,3,2,3
2018471803647,1,9,0,13,0,0,0,0,0,0,4,1,6,1,60,9,1753,2,10,9,1,9
2018471803647,2,16,0,18,0,0,0,0,0,0,3,1,6,1,24,5,-1,-1,-1,8,2,8
2018471803649,1,19,0,18,0,8,0,0,0,0,4,1,1,1,52,8,1968,2,-1,3,1,3
2018471803649,2,1,0,18,0,8,0,0,0,0,3,1,6,1,64,9,-1,-1,-1,5,1,5
2018471803650,1,9,0,18,0,2,0,0,0,0,1,1,6,1,30,6,-1,-1,-1,-1,-1,-1
2018471803651,1,9,0,9,0,1,1,4,0,0,3,1,2,2,51,8,1686,2,14,4,1,4
2018471803651,2,9,0,18,0,1,5,4,0,0,3,1,2,1,54,8,1461,2,12,6,1,6
2018471803651,3,9,0,2,0,1,0,0,0,0,1,1,1,3,-1,-1,1149,1,9,-1,-1,-1
2018471803657,1,9,0,5,0,4,0,0,0,0,1,1,6,2,40,7,1368,1,8,10,1,10
2018471803657,2,9,0,5,0,4,0,0,0,0,2,1,1,2,32,6,1422,2,9,10,1,10
2018471803658,1,9,0,18,0,1,0,0,0,0,1,1,6,1,30,6,998,1,9,8,1,8
2018471803658,2,9,0,3,0,1,0,0,0,0,2,1,6,1,43,7,999,1,-1,5,3,5
2018471803659,1,9,0,18,0,0,1,0,0,0,1,1,1,1,22,5,-1,-1,-1,1,1,1
2018471803659,2,19,0,18,0,0,0,0,0,0,0,1,6,1,31,6,-1,-1,-1,-1,-1,-1
2018471803660,1,8,0,7,0,6,0,0,0,0,3,1,6,1,40,7,1598,2,6,-1,-1,-1
2018471803660,2,1,0,18,0,1,0,0,0,0,4,1,6,2,20,4,-1,-1,-1,8,1,8
2018471803661,1,19,0,7,0,6,0,0,0,0,1,1,1,1,57,9,1248,2,12,5,1,5
2018471803661,2,1,0,18,0,1,0,0,0,0,1,1,6,1,55,8,-1,-1,-1,8,1,8
2018471803663,1,9,0,18,0,1,5,0,0,0,1,1,6,2,45,7,1984,1,-1,-1,-1,-1
2018471803663,2,8,0,2,0,1,0,0,0,0,2,1,6,1,55,8,-1,-1,-1,2,1,2
2018471803663,3,9,0,2,0,1,0,0,0,0,2,1,6,3,-1,-1,1995,2,2,-1,-1,-1
2018471803664,1,9,0,5,0,0,0,0,0,0,4,1,6,2,44,7,1968,2,6,7,2,7
2018471803664,2,9,0,18,0,0,0,0,0,0,1,1,6,1,77,11,1984,2,6,9,1,9
2018471803665,1,9,0,18,0,0,0,0,0,0,1,1,6,1,30,6,1956,2,8,-1,-1,-1
2018471803666,1,19,0,18,0,0,0,0,0,0,3,1,1,1,34,6,2143,2,5,7,1,7
2018471803666,2,9,0,18,0,0,0,0,2,4,3,1,2,1,36,7,2979,1,-1,7,1,7
2018471803666,3,9,0,18,0,0,0,0,1,4,1,1,2,2,27,6,1596,1,9,9,2,9
2018471803667,1,9,0,18,0,0,0,0,0,0,1,1,6,3,-1,-1,1997,2,14,-1,-1,-1
2018471803667,2,9,0,4,0,0,0,0,0,0,1,1,6,2,28,6,2967,2,5,7,3,7
2018471803669,1,9,0,18,0,0,0,0,0,0,1,1,6,1,64,9,2776,2,4,10,1,10
2018471803669,2,9,0,18,0,0,0,0,0,0,2,1,1,1,47,8,1596,1,14,7,1,7
2018471803669,3,9,0,18,0,0,0,0,0,0,2,1,6,1,54,8,2993,2,6,9,3,9
2018471803669,4,9,0,18,0,0,0,0,0,0,2,1,6,1,69,10,1398,1,1,6,1,6
2018471803670,1,9,0,18,0,0,0,0,0,0,4,1,6,1,30,6,1598,1,6,-1,-1,-1
2018471803670,2,1,0,18,0,0,0,0,0,0,3,1,6,1,54,8,-1,-1,-1,6,1,6
2018471803673,1,9,0,18,0,2,0,0,0,0,4,1,2,1,39,7,1596,1,18,3,1,3
2018471803673,2,9,0,18,0,1,1,0,0,0,1,1,1,1,31,6,1596,1,7,6,1,6
2018471803674,1,9,0,18,0,2,0,0,0,0,1,1,2,1,38,7,1560,2,4,4,2,4
2018471803674,2,9,0,4,0,2,0,0,0,0,2,1,2,2,41,7,1395,1,2,7,3,7
2018471803674,3,9,0,4,0,2,0,0,0,0,2,1,2,1,49,8,1968,2,2,9,1,9
2018471803679,1,9,0,13,0,0,0,0,0,0,4,1,6,3,40,7,-1,-1,-1,-1,-1,-1
2018471803679,2,1,0,18,0,0,0,0,0,0,3,1,6,1,50,8,-1,-1,-1,8,2,8
2018471803680,1,21,0,18,0,1,0,0,0,0,1,1,1,1,39,7,12740,2,6,2,1,2
2018471803680,2,9,0,3,0,1,0,0,0,0,0,1,2,1,55,8,1399,1,2,8,3,8
2018471803682,1,19,0,12,0,0,0,0,0,0,3,1,6,3,-1,-1,-1,-1,-1,-1,-1,-1
2018471803682,2,9,0,18,0,0,0,0,0,0,4,1,6,2,22,5,1198,1,5,5,3,5
2018471803683,1,3,0,18,0,0,0,0,0,0,1,1,6,1,37,7,125,5,-1,5,3,5
2018471803683,2,9,0,2,0,0,0,0,0,0,2,1,6,3,-1,-1,1796,1,10,-1,-1,-1
2018471803684,1,9,0,16,0,0,0,0,0,0,1,1,6,1,72,10,2720,2,10,7,1,7
2018471803684,2,9,0,17,0,0,0,0,0,0,3,1,6,1,68,10,1796,1,13,5,-1,5
2018471803684,3,9,0,17,0,0,0,0,0,0,1,1,6,2,48,8,1499,1,-1,6,3,6
2018471803685,1,21,1,5,0,4,0,0,0,0,1,1,1,1,44,7,10837,2,-1,4,1,4
2018471803685,2,9,0,3,0,4,0,0,0,0,2,1,6,2,26,6,1242,1,7,3,1,3
2018471803686,1,1,0,18,9,1,0,0,0,0,1,1,4,1,15,3,-1,-1,-1,5,1,5
2018471803686,2,9,0,1,9,6,0,0,0,0,0,1,3,2,40,7,1796,1,16,5,1,5
2018471803688,1,19,0,18,0,0,5,10,0,11,1,1,1,1,30,6,1753,2,12,2,1,2
2018471803688,2,9,0,2,0,0,0,0,0,0,2,1,6,3,-1,-1,1197,1,-1,-1,-1,-1
2018471803690,1,9,0,18,0,8,0,0,0,0,1,1,6,1,41,7,-1,-1,-1,10,2,10
2018471803690,2,9,0,3,0,8,0,0,0,0,2,1,6,1,37,7,1248,1,9,7,1,7
2018471803690,3,9,0,3,0,8,0,0,0,0,2,1,6,1,59,9,1200,1,1,7,3,7
2018471803690,4,9,0,9,0,5,0,0,0,0,0,1,6,2,35,6,1339,1,11,10,-1,10
2018471803691,1,9,0,18,0,1,0,0,0,0,0,1,6,2,30,6,1995,1,7,8,1,8
2018471803691,2,1,0,3,0,2,0,0,0,0,2,1,6,1,30,6,-1,-1,-1,10,2,10
2018471803697,1,9,0,5,0,2,0,0,0,0,3,1,6,1,72,10,1995,2,2,8,1,8
2018471803697,2,1,0,13,0,2,0,0,0,0,4,1,2,1,17,4,-1,-1,-1,8,1,8
2018471803700,1,9,0,18,0,0,0,0,0,0,3,1,3,2,50,8,1339,1,8,7,1,7
2018471803700,2,9,0,18,0,0,0,0,0,0,3,1,3,2,37,7,1796,1,7,7,1,7
2018471803702,1,5,0,18,0,2,0,10,1,11,3,1,6,1,19,4,689,1,1,4,1,4
2018471803703,1,19,0,12,0,2,0,0,0,0,0,1,6,1,50,8,1896,2,22,7,1,7
2018471803703,2,9,0,18,0,2,1,0,4,6,3,1,6,2,65,9,-1,-1,-1,5,1,5
2018471803704,1,9,0,5,0,6,0,0,0,0,1,1,6,1,30,6,1595,1,8,2,1,2
2018471803704,2,3,0,18,0,2,0,0,0,0,3,1,1,1,31,6,125,1,1,10,1,10
2018471803705,1,9,0,18,0,1,0,4,0,0,4,1,6,1,47,8,1950,2,-1,-1,-1,-1
2018471803705,2,9,0,2,0,1,0,0,0,0,3,1,6,3,-1,-1,1998,1,15,-1,-1,-1
2018471803705,3,9,0,2,0,1,0,0,0,0,3,1,6,3,-1,-1,1360,1,16,-1,-1,-1
2018471803705,4,9,0,2,0,1,0,0,0,0,1,1,6,3,-1,-1,1461,2,8,-1,-1,-1
2018471803706,1,90,0,18,0,8,1,0,0,0,4,1,1,1,43,7,9290,2,3,10,2,10
2018471803706,2,9,0,9,0,8,0,0,0,0,3,1,2,1,55,8,2993,2,6,10,1,10
2018471803707,1,9,0,18,0,8,1,0,2,7,1,1,6,2,19,4,1242,1,9,8,1,8
2018471803708,1,3,0,16,0,0,0,0,0,0,3,1,6,1,21,5,124,1,10,2,1,2
2018471803708,2,3,0,16,0,0,0,0,0,0,1,1,6,1,20,4,125,1,3,7,1,7
2018471803708,3,3,0,16,0,0,0,0,0,0,0,1,6,1,20,4,-1,-1,-1,-1,-1,-1
2018471803708,4,9,0,17,0,0,0,0,0,0,3,1,6,1,50,8,-1,-1,-1,-1,-1,-1
2018471803709,1,9,0,18,0,0,0,0,0,0,3,1,6,2,80,11,2495,1,17,5,3,5
2018471803709,2,9,0,18,0,0,0,0,7,0,3,1,6,2,18,4,1590,1,16,9,2,9
2018471803713,1,9,0,18,0,0,2,0,7,11,1,1,2,1,21,5,1396,1,27,8,1,8
2018471803714,1,21,1,18,0,1,0,0,0,0,1,1,1,1,59,9,12809,2,5,3,1,3
2018471803714,2,9,0,3,0,1,0,0,0,0,2,1,6,1,49,8,1997,2,11,4,3,4
2018471803714,3,19,0,3,0,1,0,0,0,0,2,1,6,1,82,11,1868,2,13,6,3,6
2018471803714,4,9,0,10,0,5,0,0,0,0,2,1,2,1,45,7,2198,2,11,6,3,6
2018471803717,1,9,0,11,0,0,1,0,0,0,4,1,6,1,21,5,1598,1,5,8,1,8
2018471803717,2,9,0,18,0,0,0,0,0,0,3,1,6,1,44,7,1329,1,6,3,1,3
2018471803722,1,9,0,9,0,8,0,0,0,0,1,1,6,1,28,6,998,1,18,4,1,4
2018471803722,2,3,0,18,0,8,0,0,0,0,1,1,6,1,23,5,-1,-1,-1,5,1,5
2018471803726,1,9,0,9,0,1,0,0,0,0,1,1,6,1,72,10,4196,1,16,9,1,9
2018471803726,2,8,0,18,0,1,0,0,0,0,1,1,1,1,53,8,1598,2,2,4,1,4
2018471803727,1,9,0,16,0,0,0,0,0,0,1,1,6,1,25,5,1498,1,10,-1,-1,-1
2018471803727,2,9,0,17,0,0,0,0,0,0,1,1,6,2,20,4,999,1,2,9,1,9
2018471803728,1,9,0,7,0,2,0,0,0,0,1,2,6,3,74,10,-1,-1,-1,-1,-1,-1
2018471803733,1,9,0,18,0,1,0,0,0,0,1,1,6,1,78,11,1599,1,13,5,2,5
2018471803733,2,9,0,4,0,1,0,0,0,0,2,1,6,1,22,5,-1,-1,-1,6,1,6
2018471803733,3,9,0,9,0,1,0,0,0,0,0,1,6,3,40,7,-1,-1,-1,-1,-1,-1
2018471803734,1,20,0,13,0,8,0,0,0,0,4,1,6,3,30,6,-1,-1,-1,-1,-1,-1
2018471803734,2,1,0,18,0,8,0,0,0,0,3,1,6,1,29,6,-1,-1,-1,9,1,9
2018471803736,1,5,0,15,0,0,0,0,0,0,1,1,6,1,27,6,649,1,1,5,1,5
2018471803736,2,9,0,11,0,0,0,0,0,0,2,1,1,1,22,5,1596,1,12,9,2,9
2018471803737,1,5,0,17,0,0,0,0,1,1,1,1,6,1,22,5,765,1,-1,10,1,10
2018471803738,1,90,0,18,0,1,0,0,0,0,1,1,6,1,55,8,-1,-1,-1,1,1,1
2018471803738,2,8,0,3,0,1,0,0,0,0,2,1,6,1,42,7,1995,2,4,1,1,1
2018471803740,1,9,0,18,0,3,0,0,0,0,0,1,2,2,28,6,1200,1,5,9,1,9
2018471803741,1,9,0,18,0,8,0,0,0,0,4,1,6,2,59,9,1390,1,14,4,1,4
2018471803742,1,9,0,18,0,0,1,0,0,0,1,1,6,2,47,8,1498,1,9,7,1,7
2018471803743,1,19,0,17,0,8,0,0,0,0,4,1,6,1,40,7,1560,2,4,8,1,8
2018471803743,2,9,0,16,0,8,0,0,1,0,1,1,6,2,47,8,1200,1,1,1,1,1
2018471803743,3,9,0,17,0,8,0,0,7,0,1,1,6,2,51,8,1395,1,4,4,1,4
2018471803747,1,9,0,18,0,2,0,0,0,0,1,1,6,2,46,8,1895,1,19,8,1,8