Accident_Index,Vehicle_Reference,Vehicle_Type,Towing_and_Articulation,Vehicle_Manoeuvre,Vehicle_Location-Restricted_Lane,Junction_Location,Skidding_and_Overturning,Hit_Object_in_Carriageway,Vehicle_Leaving_Carriageway,Hit_Object_off_Carriageway,1st_Point_of_Impact,Was_Vehicle_Left_Hand_Drive?,Journey_Purpose_of_Driver,Sex_of_Driver,Age_of_Driver,Age_Band_of_Driver,Engine_Capacity_(CC),Propulsion_Code,Age_of_Vehicle,Driver_IMD_Decile,Driver_Home_Area_Type,Vehicle_IMD_Decile
2018471803747,2,9,0,2,0,2,0,0,0,0,4,1,6,3,-1,-1,1390,1,6,-1,-1,-1
2018471803747,3,9,0,2,0,2,0,0,0,0,4,1,6,3,-1,-1,1398,1,8,-1,-1,-1
2018471803747,4,9,0,2,0,2,0,0,7,0,4,1,6,3,-1,-1,1422,2,14,-1,-1,-1
2018471803748,1,5,0,16,0,0,0,0,7,0,1,1,6,1,53,8,1690,1,2,8,1,8
2018471803748,2,9,0,17,0,0,0,0,0,0,3,1,6,1,77,11,1991,1,-1,5,2,5
2018471803748,3,9,0,17,0,0,0,0,0,0,1,1,2,2,41,7,1598,1,9,4,3,4
2018471803750,1,9,0,1,0,1,0,0,0,0,2,1,6,2,54,8,1998,1,17,3,1,3
2018471803750,2,19,0,7,0,5,0,0,0,0,0,1,6,3,40,7,-1,-1,-1,-1,-1,-1
2018471803751,1,9,0,9,0,6,0,0,0,0,3,1,2,2,20,4,1242,1,7,5,1,5
2018471803751,2,19,0,18,0,8,0,10,0,0,1,1,1,1,52,8,1956,2,1,8,1,8
2018471803755,1,9,0,18,0,0,0,0,0,0,1,1,2,2,56,9,1360,1,13,1,1,1
2018471803755,2,9,0,3,0,0,0,0,0,0,2,1,2,1,34,6,999,1,3,7,1,7
2018471803755,3,9,0,3,0,0,0,0,0,0,2,1,6,1,71,10,1969,2,3,10,1,10
2018471803756,1,9,0,16,0,0,1,0,0,0,1,1,4,1,17,4,998,1,11,6,2,6
2018471803756,2,9,0,3,0,0,0,0,0,0,2,1,6,1,60,9,1368,1,6,6,2,6
2018471803756,3,9,0,3,0,0,0,0,0,0,2,1,6,2,84,11,-1,-1,-1,5,3,5
2018471803756,4,9,0,17,0,0,0,0,1,9,1,1,6,2,49,8,1995,2,2,5,3,5
2018471803758,1,19,0,18,0,0,0,0,0,0,1,1,6,1,39,7,1995,2,1,8,1,8
2018471803758,2,9,0,18,0,0,0,0,0,0,2,1,6,1,44,7,1596,1,13,3,1,3
2018471803759,1,9,0,9,0,8,0,0,0,0,4,1,6,2,67,10,1248,1,6,6,2,6
2018471803759,2,20,0,18,0,8,0,0,0,0,1,1,2,1,50,8,5880,2,19,6,2,6
2018471803764,1,9,0,5,0,6,0,0,0,0,3,1,1,1,20,4,1240,1,15,2,1,2
2018471803764,2,5,0,18,0,8,1,0,0,0,1,1,6,1,45,7,1052,1,26,10,1,10
2018471803768,1,9,0,18,0,1,0,0,0,0,1,1,6,1,18,4,1598,1,12,9,3,9
2018471803768,2,9,0,3,0,1,0,0,0,0,2,1,6,1,34,6,1587,1,13,9,1,9
2018471803769,1,9,0,4,0,0,0,0,0,0,1,1,6,1,58,9,2435,1,13,6,1,6
2018471803769,2,9,0,3,0,0,0,0,0,0,2,1,6,2,36,7,1461,2,-1,-1,-1,-1
2018471803769,3,9,0,3,0,0,0,0,0,0,2,1,6,1,38,7,999,1,1,1,1,1
2018471803769,4,9,0,3,0,0,0,0,0,0,2,1,6,2,29,6,898,1,-1,1,1,1
2018471803776,1,9,0,17,0,0,0,0,1,11,4,1,6,1,74,10,-1,-1,-1,7,1,7
2018471803781,1,9,0,18,0,0,2,0,1,11,1,1,6,2,37,7,1388,1,14,2,1,2
2018471803783,1,9,0,9,0,6,0,0,0,0,3,1,6,1,22,5,1984,1,1,8,2,8
2018471803783,2,9,0,18,0,8,0,0,0,0,4,1,6,1,51,8,1598,1,11,3,1,3
2018471803784,1,1,0,18,4,8,0,0,0,0,1,1,2,1,57,9,-1,-1,-1,2,1,2
2018471803785,1,9,4,18,0,8,1,0,0,0,1,1,1,1,28,6,2402,2,7,7,3,7
2018471803785,2,9,0,18,0,8,0,0,0,0,2,1,6,2,17,4,1397,1,9,10,1,10
2018471803786,1,9,0,18,0,8,0,0,0,0,4,1,6,2,49,8,1968,2,7,8,-1,8
2018471803786,2,9,0,18,0,8,0,0,0,0,1,1,6,1,24,5,998,1,15,4,1,4
2018471803786,3,9,0,2,0,2,0,4,0,0,1,1,6,3,-1,-1,1242,1,10,-1,-1,-1
2018471803786,4,9,0,2,0,2,0,0,0,0,1,1,6,3,-1,-1,2001,1,16,-1,-1,-1
2018471803787,1,9,0,17,0,0,0,0,2,4,1,1,6,1,29,6,1360,1,19,9,1,9
2018471803788,1,9,0,3,0,2,0,0,0,0,1,1,6,1,34,6,1197,1,-1,7,1,7
2018471803788,2,9,0,2,0,2,0,0,0,0,3,1,6,1,80,11,2494,8,2,-1,-1,-1
2018471803789,1,3,0,18,0,0,0,0,1,7,1,1,6,2,21,5,125,1,4,4,1,4
2018471803790,1,9,0,18,0,0,5,0,0,0,1,1,1,1,26,6,1395,1,1,3,1,3
2018471803790,2,9,0,2,0,0,0,0,0,0,2,1,6,2,48,8,1388,1,8,9,1,9
2018471803791,1,9,0,4,0,0,0,0,0,0,1,1,6,2,36,7,1984,1,13,6,3,6
2018471803791,2,9,0,4,0,0,0,0,0,0,2,1,6,1,20,4,1229,1,12,7,3,7
2018471803793,1,5,0,18,0,0,1,0,1,9,0,1,6,1,36,7,929,1,18,7,1,7
2018471803794,1,9,0,18,0,0,0,0,0,0,1,1,6,2,29,6,1598,1,9,4,1,4
2018471803794,2,9,0,4,0,0,0,0,0,0,2,1,6,2,42,7,2926,2,15,2,1,2
2018471803796,1,9,0,7,0,8,0,0,0,0,4,1,6,2,40,7,998,1,1,6,1,6
2018471803796,2,1,0,18,0,8,0,0,0,0,3,1,6,1,32,6,-1,-1,-1,9,1,9
2018471803799,1,9,0,9,0,6,0,0,0,0,1,1,6,1,40,7,2979,1,3,10,1,10
2018471803799,2,4,0,14,0,1,1,0,0,0,1,1,6,1,39,7,124,1,12,3,1,3
2018471803805,1,9,0,18,0,0,0,0,1,11,1,1,6,2,49,8,1086,1,12,3,1,3
2018471803805,2,9,0,4,0,0,0,0,0,0,2,1,6,2,40,7,1560,2,7,7,1,7
2018471803805,3,90,0,18,0,0,0,0,0,0,0,1,1,1,28,6,-1,-1,-1,-1,-1,-1
2018471803806,1,9,0,18,0,1,0,0,0,0,1,1,6,3,-1,-1,-1,-1,-1,-1,-1,-1
2018471803810,1,1,0,18,0,8,0,0,0,0,1,1,6,1,12,3,-1,-1,-1,7,1,7
2018471803810,2,9,0,18,0,8,0,0,0,0,1,1,6,1,37,7,1339,1,15,3,1,3
2018471803812,1,9,0,18,0,1,0,0,0,0,1,1,6,2,30,6,2696,2,4,6,3,6
2018471803812,2,9,0,5,0,4,0,0,0,0,2,1,6,1,29,6,1197,1,2,7,1,7
2018471803814,1,9,0,18,0,8,0,0,0,0,3,1,6,1,65,9,2967,2,5,10,1,10
2018471803814,2,1,0,18,0,8,0,0,0,0,1,1,6,1,19,4,-1,-1,-1,7,-1,7
2018471803815,1,9,0,18,0,0,5,0,1,0,3,1,6,1,17,4,1397,1,18,9,3,9
2018471803817,1,9,0,16,0,0,0,0,0,0,1,1,6,1,48,8,1997,2,7,7,1,7
2018471803817,2,9,0,17,0,0,0,0,0,0,1,1,6,2,48,8,1984,1,2,10,2,10
2018471803818,1,9,0,18,0,0,5,0,1,0,1,1,6,2,18,4,1229,1,11,4,1,4
2018471803820,1,4,0,16,0,0,1,0,7,9,1,1,6,1,21,5,471,1,4,4,1,4
2018471803825,1,9,0,7,0,4,0,0,0,0,0,1,6,3,-1,-1,1598,2,4,-1,-1,-1
2018471803825,2,9,0,7,0,4,0,0,0,0,2,1,6,1,50,8,2987,2,7,9,3,9
2018471803825,3,4,0,4,0,4,0,0,0,0,1,1,6,1,33,6,-1,-1,-1,5,1,5
2018471803826,1,9,0,1,0,0,0,0,0,0,2,1,1,1,38,7,-1,-1,-1,-1,-1,-1
2018471803827,1,9,0,5,0,0,0,0,0,0,1,1,6,1,47,8,1560,2,4,2,1,2
2018471803827,2,1,0,18,0,0,0,0,0,0,1,1,1,1,30,6,-1,-1,-1,2,1,2
2018471803829,1,9,0,18,0,8,0,7,0,0,1,1,1,2,23,5,1598,1,5,2,1,2
2018471803830,1,9,0,5,0,4,0,0,0,0,3,1,2,1,32,6,1896,2,15,4,1,4
2018471803830,2,1,0,18,0,8,0,0,0,0,1,1,6,1,25,5,-1,-1,-1,4,1,4
2018471803831,1,1,0,18,0,6,0,0,0,0,1,1,6,1,10,2,-1,-1,-1,5,1,5
2018471803831,2,9,0,18,0,8,0,0,0,0,4,1,1,2,50,8,2706,1,5,10,1,10
2018471803833,1,9,0,6,8,2,0,0,0,0,2,1,6,2,-1,-1,1198,1,8,5,1,5
2018471803833,2,11,0,18,0,1,0,0,0,0,1,1,1,1,64,9,5132,2,3,4,1,4
2018471803834,1,3,0,18,0,0,0,0,1,10,4,1,6,2,67,10,124,1,10,7,1,7
2018471803838,1,9,0,9,0,8,0,0,0,0,4,1,6,1,61,9,1560,2,10,9,1,9
2018471803839,1,9,0,18,0,1,0,0,0,0,1,1,6,2,53,8,1598,1,17,4,1,4
2018471803839,2,9,0,18,0,1,0,0,0,0,2,1,6,2,22,5,999,1,3,7,1,7
2018471803840,1,8,0,9,0,5,0,0,0,0,4,1,1,1,51,8,1968,2,5,7,1,7
2018471803840,2,1,0,18,0,1,0,0,0,0,1,1,6,1,48,8,-1,-1,-1,2,1,2
2018471803841,1,9,0,1,9,6,0,0,0,0,3,1,2,2,-1,-1,1618,1,1,7,1,7
2018471803841,2,1,0,18,9,8,0,0,0,0,1,1,6,2,18,4,-1,-1,-1,-1,-1,-1
2018471803844,1,9,0,5,0,1,0,0,0,0,2,1,6,1,74,10,1248,1,6,4,1,4
2018471803844,2,11,0,5,0,1,0,0,0,0,1,1,1,1,34,6,3900,2,12,3,1,3
2018471803846,1,9,0,9,0,2,0,0,0,0,3,1,1,1,39,7,1596,1,10,9,-1,9
2018471803846,2,9,0,18,0,1,0,0,0,0,4,1,6,2,51,8,1968,2,9,5,3,5
2018471803849,1,9,0,9,0,8,0,0,0,0,1,1,6,1,36,7,1364,1,8,5,1,5
2018471803849,2,4,0,18,0,8,0,0,0,0,1,1,6,1,49,8,1200,1,1,4,1,4
2018471803850,1,9,0,18,0,1,0,0,0,0,1,1,6,2,26,6,1596,1,11,9,1,9
2018471803850,2,9,0,3,0,1,0,0,0,0,2,1,6,1,46,8,1968,2,1,9,1,9
2018471803851,1,19,0,18,0,2,5,10,1,11,4,1,2,1,34,6,1968,2,1,6,3,6
2018471803853,1,5,0,13,0,8,0,0,0,0,1,1,6,1,23,5,1077,1,-1,6,1,6
2018471803853,2,9,0,9,0,5,0,0,0,0,3,1,6,2,38,7,1364,1,11,9,2,9
2018471803854,1,9,0,7,0,2,0,0,0,0,1,1,6,2,35,6,2204,2,11,7,1,7
2018471803858,1,9,0,17,0,8,0,0,0,0,3,1,6,3,-1,-1,-1,-1,-1,-1,-1,-1
2018471803859,1,9,0,18,0,8,0,0,0,0,3,1,6,1,50,8,999,1,2,8,1,8
2018471803859,2,9,0,18,0,3,0,0,4,2,4,1,6,2,68,10,1388,1,9,8,1,8
2018471803860,1,9,0,18,0,0,0,0,0,0,1,1,6,1,23,5,-1,-1,-1,6,2,6
2018471803861,1,9,0,1,0,8,0,0,0,0,2,1,6,2,46,8,1598,1,9,7,1,7
2018471803862,1,9,0,18,0,0,0,0,0,0,1,1,6,2,49,8,1968,2,10,3,1,3
2018471803862,2,5,0,4,0,0,0,0,0,0,2,1,6,1,45,7,765,1,1,4,2,4
2018471803862,3,17,0,4,0,0,0,0,0,0,0,1,6,1,-1,-1,-1,-1,-1,-1,-1,-1
2018471803865,1,9,0,7,0,5,0,0,0,0,4,1,6,1,41,7,1968,2,13,8,1,8
2018471803865,2,1,0,18,0,8,0,0,0,0,1,1,6,1,14,3,-1,-1,-1,6,1,6
2018471803866,1,9,0,4,0,0,0,0,0,0,2,1,6,3,30,6,1560,2,8,-1,-1,-1
2018471803866,2,9,0,4,0,0,0,0,0,0,1,1,6,2,29,6,1997,2,9,5,1,5
2018471803867,1,20,0,9,0,4,0,0,0,0,1,1,1,1,62,9,2998,2,2,3,1,3
2018471803867,2,1,0,18,0,8,0,0,0,0,4,1,6,2,69,10,-1,-1,-1,8,1,8
2018471803868,1,8,0,18,0,0,2,0,1,9,1,1,6,2,50,8,1753,2,15,7,2,7
2018471803870,1,5,0,13,0,8,0,0,0,0,1,1,6,1,30,6,599,1,4,2,1,2
2018471803870,2,9,0,9,0,8,0,0,0,0,3,1,6,2,22,5,1598,2,6,9,1,9
2018471803871,1,1,0,18,0,2,0,0,0,0,1,1,6,2,11,3,-1,-1,-1,6,1,6
2018471803871,2,9,0,5,0,2,0,0,0,0,3,1,6,2,32,6,1685,2,1,5,2,5
2018471803872,1,9,0,9,0,6,0,0,0,0,1,1,6,2,-1,-1,4511,1,13,5,3,5
2018471803872,2,9,0,18,0,1,0,0,0,0,1,1,6,1,44,7,2188,2,11,8,1,8
2018471803873,1,11,0,18,0,0,0,0,0,11,1,1,1,1,61,9,4461,2,5,9,1,9
2018471803876,1,9,0,9,0,6,0,0,3,0,3,1,6,1,65,9,1951,2,15,8,1,8
2018471803876,2,9,0,17,0,8,1,0,1,9,1,1,6,1,23,5,1596,1,14,6,1,6
2018471803877,1,9,0,9,0,2,0,10,3,11,1,1,6,1,40,7,1149,1,10,-1,-1,-1
2018471803879,1,19,0,17,0,0,0,0,7,9,1,1,2,1,50,8,1000,1,3,7,1,7
2018471803881,1,9,0,4,0,0,0,0,0,0,1,1,2,2,21,5,1248,1,2,6,1,6
2018471803881,2,9,0,3,0,0,0,0,0,0,2,1,6,1,70,10,2143,2,4,8,2,8
2018471803882,1,9,0,18,0,1,0,0,0,0,1,1,1,2,44,7,1997,2,12,4,1,4
2018471803884,1,9,0,18,0,0,1,0,0,0,3,1,6,3,-1,-1,1596,1,17,-1,-1,-1
2018471803884,2,9,0,4,0,0,0,0,0,0,3,1,6,1,40,7,1769,1,13,3,1,3
2018471803885,1,9,0,7,0,8,0,0,0,0,1,1,6,2,41,7,1998,1,13,10,1,10
2018471803885,2,1,0,18,0,8,0,0,0,0,4,1,2,1,35,6,-1,-1,-1,10,1,10
2018471803887,1,9,0,13,0,1,0,0,0,0,4,1,6,1,35,6,1798,1,1,3,1,3
2018471803887,2,9,0,10,0,6,0,0,0,0,4,1,6,2,24,5,999,1,5,10,1,10
2018471803887,3,20,0,8,0,1,0,0,0,0,0,1,1,1,30,6,-1,-1,-1,-1,-1,-1
2018471803888,1,9,0,5,0,4,0,0,0,0,1,1,6,2,23,5,1591,1,9,8,1,8
2018471803888,2,1,0,18,0,8,0,0,0,0,4,1,6,1,69,10,-1,-1,-1,9,1,9
2018471803891,1,9,0,7,0,6,0,0,0,0,1,1,6,1,30,6,1299,1,16,5,1,5
2018471803891,2,9,0,18,0,1,0,0,0,0,4,1,6,1,43,7,1587,1,17,8,1,8
2018471803892,1,9,0,18,0,1,0,0,0,0,1,1,6,2,40,7,1995,2,10,9,2,9
2018471803892,2,9,0,3,0,1,0,0,0,0,2,1,6,2,24,5,1242,1,3,7,2,7
2018471803892,3,9,0,3,0,1,0,0,0,0,2,1,6,2,56,9,1968,2,9,9,3,9
2018471803892,4,9,0,7,0,1,0,0,0,0,0,1,6,1,40,7,-1,-1,-1,-1,-1,-1
2018471803893,1,9,0,9,0,8,0,0,0,0,1,1,6,1,60,9,1386,1,7,3,1,3
2018471803893,2,9,0,18,0,1,0,0,0,0,4,1,6,1,70,10,-1,-1,-1,3,1,3
2018471803897,1,19,0,18,0,8,0,0,0,0,1,1,1,1,35,6,2402,2,14,3,1,3
2018471803897,2,9,0,18,0,8,0,0,0,0,2,1,6,1,39,7,3456,1,7,10,1,10
2018471803897,3,9,0,18,0,8,0,0,0,0,2,1,6,2,39,7,-1,-1,-1,9,1,9
2018471803898,1,9,0,18,0,4,0,0,0,0,2,1,6,1,53,8,1149,1,4,9,2,9
2018471803898,2,9,0,18,0,8,0,0,0,0,1,1,2,1,24,5,2000,2,13,5,1,5
2018471803899,1,5,0,13,0,1,1,0,7,0,1,1,6,1,-1,-1,675,1,8,-1,-1,-1
2018471803899,2,8,0,9,0,1,0,0,0,0,3,1,6,1,45,7,1997,2,5,7,1,7
2018471803900,1,9,0,18,0,1,0,0,0,0,1,1,6,1,72,10,-1,-1,-1,4,1,4
2018471803900,2,9,0,3,0,1,0,0,0,0,2,1,6,2,35,6,-1,-1,-1,2,1,2
2018471803900,3,9,0,18,0,8,0,0,0,0,0,1,6,3,30,6,-1,-1,-1,-1,-1,-1
2018471803902,1,11,0,2,0,0,0,0,0,0,0,1,1,1,33,6,5132,2,1,7,1,7
2018471803903,1,9,0,18,0,6,0,0,0,0,1,1,1,1,31,6,-1,-1,-1,-1,-1,-1
2018471803903,2,9,0,18,0,1,0,0,0,0,1,1,6,2,55,8,1242,1,3,8,3,8
2018471803904,1,9,0,18,0,0,1,0,0,0,1,1,6,1,34,6,1995,2,12,10,2,10
2018471803904,2,9,0,18,0,0,0,0,7,0,2,1,6,2,25,5,1598,2,4,10,2,10
2018471803904,3,9,0,4,0,0,0,0,0,0,2,1,6,1,46,8,2616,1,16,6,3,6
2018471803905,1,9,0,18,0,0,0,0,0,0,1,1,6,1,20,4,1398,1,1,2,1,2
2018471803907,1,9,0,9,0,6,0,0,0,0,4,1,6,1,58,9,1598,1,6,7,1,7
2018471803907,2,5,0,18,0,1,0,0,0,0,4,1,6,1,22,5,998,1,-1,2,1,2
2018471803907,3,19,0,7,0,8,0,0,0,0,0,1,6,3,-1,-1,-1,-1,-1,-1,-1,-1
2018471803908,1,9,0,7,0,8,0,0,0,0,1,1,1,1,35,6,-1,-1,-1,8,1,8
2018471803908,2,9,0,17,0,8,0,0,0,0,4,1,1,2,42,7,998,1,2,6,3,6
2018471803909,1,8,0,11,2,8,0,0,0,0,4,1,1,1,56,9,2143,2,5,8,1,8
2018471803909,2,3,0,18,2,8,0,0,0,0,3,1,6,1,27,6,125,1,2,5,1,5
2018471803910,1,9,0,15,0,1,0,0,0,0,1,1,6,1,44,7,1685,2,4,6,1,6
2018471803910,2,8,0,7,0,1,0,0,0,0,0,1,1,1,60,9,1560,2,1,10,1,10
2018471803910,3,9,0,8,0,1,0,0,0,0,3,1,6,1,61,9,1898,1,17,10,1,10
2018471803911,1,9,0,4,0,0,0,0,0,0,1,1,6,1,32,6,2143,2,1,4,1,4
2018471803911,2,9,0,4,0,0,0,0,0,0,2,1,6,1,34,6,1229,1,6,4,1,4
2018471803911,3,9,0,4,0,0,0,0,0,0,2,1,6,2,47,8,1198,1,7,7,1,7
2018471803911,4,9,0,4,0,0,0,0,0,0,2,1,6,1,49,8,1560,2,9,10,2,10
2018471803912,1,9,0,18,0,3,0,0,0,0,1,1,6,1,86,11,6592,1,7,6,2,6
2018471803912,2,9,0,18,0,3,0,0,0,0,2,1,6,2,33,6,875,1,6,6,1,6
2018471803913,1,9,0,7,0,6,0,0,0,0,1,1,6,2,48,8,1198,1,1,8,1,8
2018471803913,2,1,0,18,0,8,0,0,0,0,2,1,6,1,53,8,-1,-1,-1,6,1,6
2018471803914,1,5,0,18,0,0,0,0,0,0,4,1,6,1,21,5,689,1,2,9,2,9
2018471803914,2,9,0,4,0,0,0,0,0,0,2,1,6,1,43,7,1598,2,4,10,1,10
2018471803915,1,9,0,14,0,0,5,0,0,0,1,1,6,1,85,11,1198,1,13,9,1,9
2018471803915,2,9,0,2,0,0,0,0,0,0,2,1,6,3,-1,-1,1086,1,10,-1,-1,-1
2018471803916,1,9,0,18,0,8,0,0,0,0,1,1,6,1,22,5,1364,1,14,2,1,2
2018471803916,2,9,0,18,0,1,0,0,0,10,1,1,6,1,57,9,1396,1,4,5,1,5
2018471803917,1,9,0,18,0,0,1,0,0,0,1,1,6,1,18,4,1124,1,18,7,1,7
2018471803917,2,9,0,1,0,0,0,0,0,0,4,1,6,1,27,6,1969,2,-1,6,1,6
2018471803919,1,9,0,18,0,0,2,0,2,3,1,1,1,1,29,6,1242,1,18,10,3,10
2018471803919,2,9,0,18,0,0,0,0,0,0,1,1,1,1,56,9,2143,2,5,9,1,9
2018471803921,1,1,0,18,9,1,0,0,0,0,1,1,6,1,16,4,-1,-1,-1,-1,-1,-1
2018471803924,1,9,0,16,0,0,0,4,0,0,1,1,6,2,68,10,1796,1,13,3,1,3
2018471803924,2,9,0,2,0,0,0,0,0,0,3,1,6,3,-1,-1,3980,1,21,-1,-1,-1
2018471803926,1,9,0,7,0,8,0,0,0,0,1,1,6,2,50,8,2993,2,6,5,3,5
2018471803926,2,1,0,18,0,8,0,0,0,0,4,1,6,1,16,4,-1,-1,-1,5,2,5
2018471803930,1,1,0,9,0,0,0,0,0,0,1,1,6,1,14,3,-1,-1,-1,4,1,4
2018471803930,2,19,0,18,0,0,0,0,0,0,1,1,6,1,39,7,1598,2,1,4,1,4
2018471803932,1,9,0,7,0,8,0,0,0,0,1,1,6,1,54,8,1956,2,5,5,1,5
2018471803932,2,1,0,18,0,8,0,0,0,0,3,1,6,1,49,8,-1,-1,-1,3,1,3
2018471803934,1,9,0,18,0,0,0,0,0,0,4,1,6,2,38,7,1598,1,13,7,3,7
2018471803934,2,9,0,18,0,0,0,0,7,0,4,1,6,1,43,7,1275,1,20,5,2,5
2018471803936,1,9,0,17,0,0,0,0,0,0,1,1,6,1,41,7,1397,1,10,6,3,6
2018471803936,2,9,0,16,0,0,0,0,0,0,1,1,6,1,66,10,1398,1,3,6,3,6
2018471803937,1,9,0,16,0,0,0,0,0,0,1,1,6,1,45,7,1598,1,9,9,1,9
2018471803937,2,9,0,17,0,0,0,0,0,0,1,1,6,1,42,7,2698,2,10,5,1,5
2018471803938,1,9,0,9,0,5,0,0,0,0,1,1,6,1,18,4,1560,2,10,6,3,6
2018471803938,2,9,0,18,0,8,0,0,0,0,1,1,6,2,23,5,1242,1,6,9,1,9
2018471803938,3,9,0,8,0,1,0,0,0,0,3,1,6,1,50,8,1995,1,10,10,2,10
2018471803939,1,9,0,18,0,0,0,0,0,0,1,1,1,1,34,6,1339,1,14,4,1,4
2018471803939,2,9,0,2,0,0,0,0,0,0,4,1,6,3,-1,-1,1398,1,6,-1,-1,-1
2018471803939,3,9,0,2,0,0,0,0,0,0,3,1,6,3,-1,-1,2290,1,15,-1,-1,-1
2018471803940,1,90,0,13,0,1,1,0,0,0,1,1,1,1,32,6,2987,2,5,4,1,4
2018471803940,2,9,0,9,0,5,1,0,0,0,3,1,6,2,37,7,1240,1,15,9,3,9
2018471803941,1,4,0,14,0,0,0,0,0,0,4,1,6,1,80,11,249,1,27,7,1,7
2018471803941,2,11,0,2,0,0,0,0,0,0,0,1,1,1,40,7,-1,-1,-1,-1,-1,-1
2018471803942,1,9,0,18,0,0,0,0,5,7,1,1,6,1,29,6,2979,1,4,3,1,3
2018471803944,1,9,0,18,0,8,0,0,0,0,1,1,6,2,74,10,1984,1,8,8,3,8
2018471803944,2,9,0,5,0,1,0,0,0,0,3,1,6,2,44,7,1242,1,11,5,1,5
2018471803946,1,9,0,18,0,8,0,0,0,0,3,1,2,2,60,9,1248,1,2,9,1,9
2018471803946,2,90,0,17,0,8,5,0,1,0,1,1,2,1,29,6,448,1,10,7,2,7
2018471803951,1,9,0,18,0,0,0,0,0,0,1,1,6,1,46,8,-1,-1,-1,7,3,7
2018471803951,2,9,0,3,0,0,0,0,0,0,1,1,6,2,51,8,2143,2,3,6,1,6
2018471803951,3,9,0,3,0,0,0,0,0,0,1,1,6,2,25,5,1598,1,6,3,1,3
2018471803951,4,9,0,3,0,0,0,0,0,0,1,1,6,1,31,6,2664,2,16,8,3,8
2018471803951,5,9,0,3,0,0,0,0,0,0,1,1,6,2,38,7,1896,2,17,8,1,8
2018471803953,1,9,0,9,0,5,0,0,0,0,1,1,6,1,83,11,1598,1,9,10,1,10
2018471803953,2,9,0,18,0,1,5,0,1,10,1,1,1,1,19,4,1995,2,10,7,2,7
2018471803954,1,11,0,4,0,0,0,0,0,0,1,1,1,1,45,7,11600,2,17,5,3,5
2018471803954,2,8,0,3,0,0,0,0,0,0,2,1,1,1,42,7,1598,2,3,6,1,6
2018471803954,3,9,0,3,0,0,0,0,0,0,2,1,6,1,23,5,1197,1,3,6,1,6
2018471803955,1,9,0,9,0,8,0,0,0,0,1,1,6,2,43,7,1560,2,11,4,1,4
2018471803955,2,9,0,18,0,8,0,0,0,0,1,1,6,1,65,9,2198,2,9,9,3,9
2018471803956,1,9,0,4,0,1,0,0,0,0,1,1,6,1,67,10,2435,1,19,4,1,4
2018471803956,2,19,0,4,0,1,1,0,0,0,2,1,6,1,22,5,1905,2,20,3,1,3
2018471803959,1,9,0,18,0,0,0,0,0,0,1,1,6,2,78,11,1198,1,8,7,3,7
2018471803959,2,9,0,18,0,0,0,0,0,0,3,1,6,1,58,9,-1,-1,-1,9,3,9
2018471803959,3,9,0,18,0,0,0,0,0,0,1,1,6,1,23,5,1968,2,1,7,1,7
2018471803961,1,9,0,9,0,6,0,0,0,0,1,1,6,2,40,7,1600,1,12,7,3,7
2018471803961,2,9,0,18,0,1,0,0,0,0,1,1,6,2,57,9,1364,1,8,3,1,3
2018471803962,1,9,0,18,0,1,0,0,0,0,1,1,6,1,74,10,1598,2,7,10,1,10
2018471803962,2,5,0,3,0,1,0,0,0,0,2,1,2,1,29,6,1261,1,9,7,1,7
2018471803964,1,9,0,9,0,6,0,0,0,0,1,1,1,1,29,6,-1,-1,-1,3,1,3
2018471803964,2,4,0,18,0,1,1,0,0,0,1,1,6,1,43,7,1050,1,8,4,1,4
2018471803965,1,9,0,6,0,0,0,0,0,0,2,1,6,2,50,8,1560,2,8,7,1,7
2018471803965,2,1,0,18,0,0,0,0,0,0,1,1,6,1,48,8,-1,-1,-1,4,1,4
2018471803966,1,9,0,1,0,5,0,0,0,0,1,1,6,1,36,7,998,1,9,2,1,2
2018471803966,2,1,0,7,0,8,0,0,0,0,4,1,2,2,34,6,-1,-1,-1,5,1,5
2018471803967,1,5,0,18,0,0,0,0,0,0,1,1,1,1,38,7,599,1,14,1,1,1
2018471803967,2,9,0,4,0,0,0,0,0,0,2,1,6,1,64,9,1390,1,15,5,1,5
2018471803968,1,9,0,3,0,1,0,0,0,0,1,1,6,1,51,8,1995,1,10,7,1,7
2018471803968,2,1,0,7,0,8,0,0,0,0,2,1,6,1,52,8,-1,-1,-1,6,1,6
2018471803969,1,9,0,9,0,5,0,0,0,0,4,1,6,2,58,9,1598,1,1,3,1,3
2018471803969,2,9,0,18,0,1,0,0,0,0,1,1,6,1,18,4,1242,1,18,9,1,9
2018471803974,1,9,0,18,0,1,0,0,1,11,1,1,6,2,69,10,2987,2,10,10,1,10
2018471803975,1,9,0,9,0,6,0,0,0,0,3,1,6,1,75,10,1598,2,6,10,1,10
2018471803975,2,5,0,14,0,8,0,0,0,0,1,1,6,1,56,9,1690,1,6,2,1,2
2018471803975,3,9,0,18,0,8,0,0,0,0,0,1,6,1,50,8,-1,-1,-1,-1,-1,-1
2018471803976,1,9,0,9,0,8,0,0,0,0,1,1,6,1,30,6,1560,2,5,9,1,9