Accident_Index,Vehicle_Reference,Vehicle_Type,Towing_and_Articulation,Vehicle_Manoeuvre,Vehicle_Location-Restricted_Lane,Junction_Location,Skidding_and_Overturning,Hit_Object_in_Carriageway,Vehicle_Leaving_Carriageway,Hit_Object_off_Carriageway,1st_Point_of_Impact,Was_Vehicle_Left_Hand_Drive?,Journey_Purpose_of_Driver,Sex_of_Driver,Age_of_Driver,Age_Band_of_Driver,Engine_Capacity_(CC),Propulsion_Code,Age_of_Vehicle,Driver_IMD_Decile,Driver_Home_Area_Type,Vehicle_IMD_Decile
2018471803976,2,9,0,18,0,8,0,0,0,0,3,1,6,2,70,10,1560,2,8,3,1,3
2018471803976,3,9,0,18,0,1,0,0,0,0,1,1,6,1,58,9,-1,-1,-1,9,1,9
2018471803978,1,9,0,18,0,8,0,7,1,0,4,1,6,1,45,7,2435,1,21,9,2,9
2018471803978,2,9,0,5,0,8,0,0,0,0,1,1,6,1,30,6,1995,2,1,10,-1,10
2018471803979,1,5,0,18,0,0,0,0,0,0,3,1,2,1,35,6,750,1,3,10,1,10
2018471803981,1,9,0,14,0,8,0,0,0,0,3,1,6,2,45,7,1499,1,2,10,1,10
2018471803981,2,90,0,14,0,8,0,0,0,0,4,1,1,1,33,6,2987,2,8,5,1,5
2018471803981,3,19,0,4,0,8,0,0,0,0,2,1,6,1,63,9,1248,2,6,10,1,10
2018471803982,1,9,0,18,0,0,0,0,0,0,1,1,6,1,31,6,2143,2,2,7,3,7
2018471803982,2,9,0,18,0,0,0,0,0,0,1,1,1,1,63,9,2393,2,-1,8,3,8
2018471803984,1,9,0,7,0,1,0,0,0,0,3,1,1,2,37,7,1390,1,14,4,1,4
2018471803984,2,9,0,18,0,1,0,0,1,2,4,1,1,2,52,8,1997,2,7,4,1,4
2018471803987,1,9,0,5,0,4,0,0,0,0,1,1,6,2,79,11,1242,1,5,10,1,10
2018471803987,2,1,0,3,0,1,0,0,0,0,2,1,2,1,39,7,-1,-1,-1,9,1,9
2018471803988,1,9,0,13,0,0,1,0,1,4,4,1,2,1,51,8,1598,1,6,7,1,7
2018471803988,2,19,0,18,0,0,2,0,1,4,3,1,2,1,39,7,2148,2,8,5,2,5
2018471803995,1,19,0,1,0,0,0,0,0,0,2,1,6,3,-1,-1,2198,2,11,-1,-1,-1
2018471803995,2,9,0,3,0,0,0,0,0,0,1,1,1,1,32,6,1560,2,4,6,1,6
2018471803995,3,9,0,2,0,0,0,0,0,0,1,1,6,3,-1,-1,1598,1,12,-1,-1,-1
2018471803998,1,9,0,1,0,6,0,0,0,2,4,1,6,1,79,11,2179,2,3,6,1,6
2018471804000,1,9,0,14,0,0,0,0,0,0,1,1,6,1,81,11,1968,2,4,7,1,7
2018471804000,2,9,0,3,0,0,0,0,0,0,3,1,6,2,18,4,1198,1,8,10,1,10
2018471804002,1,9,0,9,0,8,0,0,0,0,4,1,6,1,29,6,1896,2,11,6,1,6
2018471804002,2,1,0,18,0,8,0,0,0,0,1,1,4,1,11,3,-1,-1,-1,9,1,9
2018471804004,1,9,0,18,0,0,0,0,0,0,1,1,6,2,-1,-1,1398,2,15,-1,-1,-1
2018471804004,2,9,0,18,0,0,0,0,0,0,3,1,6,1,35,6,1388,1,6,3,1,3
2018471804005,1,4,0,18,0,8,1,0,0,0,0,1,6,1,28,6,125,1,3,6,3,6
2018471804005,2,9,0,18,0,4,0,0,0,0,0,1,6,1,73,10,1598,1,2,5,1,5
2018471804008,1,9,0,18,0,1,0,0,0,0,1,1,6,3,-1,-1,-1,-1,-1,-1,-1,-1
2018471804008,2,9,0,18,0,1,0,0,0,0,2,1,6,2,49,8,1998,1,12,7,1,7
2018471804009,1,9,0,6,0,6,0,0,0,0,3,1,6,1,40,7,1995,2,10,1,1,1
2018471804009,2,5,0,18,0,1,1,0,0,0,1,1,6,1,21,5,645,1,5,8,1,8
2018471804011,1,3,0,18,0,1,0,0,0,0,1,1,6,1,28,6,125,1,4,6,1,6
2018471804011,2,9,0,3,0,1,0,0,0,0,2,1,2,1,42,7,1199,1,17,1,1,1
2018471804011,3,9,0,2,0,1,0,0,0,0,0,1,1,3,-1,-1,-1,-1,-1,-1,-1,-1
2018471804012,1,9,0,17,0,0,1,10,8,4,2,1,6,1,40,7,1948,1,19,1,1,1
2018471804013,1,19,0,18,0,0,0,0,0,0,4,1,6,1,30,6,2198,2,5,7,1,7
2018471804013,2,1,0,18,0,0,0,0,0,0,1,1,6,1,25,5,-1,-1,-1,6,1,6
2018471804014,1,9,0,9,5,5,0,0,0,0,3,1,6,2,65,9,995,1,10,7,1,7
2018471804014,2,1,0,18,5,1,0,0,0,0,1,1,6,1,40,7,-1,-1,-1,6,1,6
2018471804014,3,9,0,4,0,1,0,0,0,0,0,1,6,1,40,7,-1,-1,-1,-1,-1,-1
2018471804015,1,9,0,12,0,3,0,0,0,0,3,1,6,2,38,7,1368,1,7,9,1,9
2018471804015,2,9,0,18,0,3,0,0,0,0,4,1,6,1,47,8,1596,1,5,5,1,5
2018471804017,1,3,0,13,0,8,0,0,0,0,1,1,6,1,18,4,124,1,1,5,1,5
2018471804017,2,9,0,9,0,5,0,0,0,0,3,1,2,1,48,8,-1,-1,-1,10,1,10
2018471804019,1,9,0,9,0,6,0,0,0,0,1,1,6,1,69,10,1984,1,13,4,1,4
2018471804019,2,5,0,18,0,1,0,0,0,0,1,1,6,1,25,5,660,1,11,4,1,4
2018471804020,1,9,0,13,0,0,0,0,7,4,1,1,6,1,29,6,1896,2,17,5,1,5
2018471804020,2,9,0,16,0,0,0,0,0,0,0,1,1,1,45,7,1200,1,2,6,1,6
2018471804020,3,11,0,16,0,0,0,0,0,0,0,1,1,1,36,7,3900,2,12,5,1,5
2018471804021,1,9,0,18,0,0,0,0,0,0,4,1,6,1,86,11,1329,1,7,3,1,3
2018471804022,1,9,0,16,0,0,5,0,0,0,1,1,6,2,31,6,1390,1,14,8,3,8
2018471804022,2,9,0,17,0,0,0,0,0,0,1,1,6,2,21,5,998,1,5,9,-1,9
2018471804023,1,9,0,18,0,0,0,0,0,0,1,1,6,1,58,9,1560,2,12,2,1,2
2018471804023,2,9,0,3,0,0,0,0,0,0,2,1,6,1,25,5,1595,1,15,7,1,7
2018471804023,3,9,0,3,0,0,0,0,0,0,2,1,6,2,66,10,1796,1,16,4,1,4
2018471804026,1,9,0,18,0,0,5,4,0,0,1,1,6,1,48,8,-1,-1,-1,9,2,9
2018471804026,2,8,0,2,0,0,0,0,1,1,2,1,6,1,40,7,1560,2,7,4,1,4
2018471804028,1,3,0,17,0,0,0,0,0,0,1,1,6,2,25,5,125,1,6,9,1,9
2018471804028,2,9,0,2,0,0,0,0,0,0,2,1,6,3,-1,-1,1461,2,13,-1,-1,-1
2018471804030,1,21,0,9,0,6,0,0,0,0,3,1,6,2,47,8,4580,2,17,7,3,7
2018471804030,2,5,0,16,0,1,1,0,2,11,1,1,6,1,36,7,998,1,20,10,3,10
2018471804031,1,9,0,9,9,2,0,0,1,11,1,1,6,2,59,9,1339,1,9,5,1,5
2018471804032,1,9,0,1,0,6,0,0,0,0,2,1,6,1,60,9,1799,1,11,5,1,5
2018471804032,2,9,0,18,0,8,0,0,0,0,1,1,6,2,29,6,1600,1,14,5,-1,5
2018471804033,1,9,0,5,0,6,0,0,0,0,1,1,6,1,30,6,1360,1,12,7,2,7
2018471804033,2,1,0,18,0,8,0,0,0,0,4,1,6,2,60,9,-1,-1,-1,4,2,4
2018471804034,1,9,0,18,0,0,0,0,1,1,1,1,6,2,18,4,998,1,12,2,1,2
2018471804035,1,5,0,18,0,0,1,0,0,6,3,1,6,1,23,5,599,1,10,9,1,9
2018471804041,1,9,0,2,0,0,0,0,0,0,3,1,6,3,-1,-1,1390,1,14,-1,-1,-1
2018471804041,2,1,0,18,0,0,0,0,0,0,1,1,6,1,36,7,-1,-1,-1,6,1,6
2018471804044,1,9,0,5,0,4,0,0,0,0,4,1,1,1,21,5,1998,1,2,3,1,3
2018471804044,2,9,0,5,0,8,0,0,0,0,4,1,1,1,33,6,2993,2,13,10,3,10
2018471804045,1,9,0,13,0,8,0,0,0,0,3,2,6,1,30,6,1781,1,16,6,3,6
2018471804045,2,9,0,9,0,5,0,0,0,0,4,1,6,1,57,9,1798,1,15,4,2,4
2018471804045,3,9,0,7,0,5,0,0,0,0,0,1,6,1,30,6,-1,-1,-1,-1,-1,-1
2018471804046,1,9,0,9,0,6,0,0,0,0,3,1,6,1,63,9,1997,2,3,7,3,7
2018471804046,2,9,0,18,0,8,0,0,0,0,1,1,6,2,27,6,1197,1,3,9,2,9
2018471804046,3,9,0,2,0,1,0,0,0,0,3,1,6,3,-1,-1,1968,2,8,-1,-1,-1
2018471804051,1,9,0,18,0,0,0,0,0,0,1,1,6,1,32,6,1598,1,5,2,1,2
2018471804051,2,9,0,18,0,0,0,0,0,0,2,1,6,1,33,6,-1,-1,-1,4,3,4
2018471804051,3,9,0,18,0,0,0,0,0,0,2,1,6,1,42,7,-1,-1,-1,7,1,7
2018471804052,1,9,0,8,0,5,0,0,0,0,1,1,6,1,58,9,1318,1,-1,6,2,6
2018471804057,1,5,0,15,0,3,0,0,0,0,3,1,6,1,35,6,998,1,16,5,1,5
2018471804057,2,9,0,11,0,3,0,0,0,0,4,1,6,1,24,5,1968,2,4,9,3,9
2018471804061,1,1,0,18,0,1,0,0,0,0,1,1,6,1,28,6,-1,-1,-1,9,1,9
2018471804061,2,9,0,3,0,1,0,0,0,0,2,1,6,2,20,4,1198,1,7,7,1,7
2018471804062,1,19,0,18,0,1,0,0,0,0,1,1,6,1,22,5,2143,2,8,5,1,5
2018471804062,2,9,0,3,0,1,0,0,0,0,2,1,6,2,32,6,1461,2,2,7,1,7
2018471804062,3,9,0,9,0,5,0,0,0,0,0,1,6,3,-1,-1,-1,-1,-1,-1,-1,-1
2018471804063,1,3,0,13,0,6,0,0,0,0,0,1,6,1,17,4,124,1,9,9,3,9
2018471804063,2,4,0,4,0,3,0,0,0,0,1,1,6,1,17,4,125,1,17,9,3,9
2018471804063,3,9,0,10,0,5,0,0,0,0,2,1,6,1,43,7,-1,-1,-1,4,-1,4
2018471804064,1,9,0,9,0,6,0,0,0,0,4,1,6,1,36,7,2698,2,10,7,1,7
2018471804064,2,9,0,9,0,1,0,0,0,0,1,1,6,2,40,7,1596,1,11,7,1,7
2018471804065,1,9,0,18,0,0,0,7,5,6,1,1,6,1,70,10,1598,1,9,10,1,10
2018471804066,1,9,0,4,0,1,0,0,0,0,1,1,1,1,76,11,998,1,3,5,1,5
2018471804066,2,3,0,3,0,2,0,0,0,0,2,1,6,1,33,6,124,1,6,7,1,7
2018471804067,1,9,0,18,0,2,0,0,0,0,1,1,6,3,45,7,1910,2,10,-1,-1,-1
2018471804068,1,9,0,7,9,3,0,0,0,0,1,1,6,1,85,11,3456,8,2,10,1,10
2018471804068,2,1,0,18,9,6,0,0,0,0,1,1,6,1,13,3,-1,-1,-1,10,1,10
2018471804069,1,1,0,18,0,6,0,0,0,0,1,1,6,2,40,7,-1,-1,-1,6,1,6
2018471804069,2,9,0,18,0,8,0,0,0,0,3,1,6,1,62,9,1995,2,7,6,1,6
2018471804075,1,9,0,9,0,5,0,0,0,0,3,1,6,1,49,8,1598,2,4,9,1,9
2018471804075,2,5,0,14,0,8,0,0,0,0,1,1,6,1,54,8,1237,1,6,10,1,10
2018471804077,1,9,0,18,0,1,0,0,0,0,1,1,6,1,73,10,1582,2,6,10,1,10
2018471804077,2,9,0,18,0,1,0,0,0,0,2,1,6,2,50,8,1390,1,5,10,1,10
2018471804077,3,9,0,18,0,1,0,0,0,0,3,1,6,2,23,5,1586,1,9,10,3,10
2018471804077,4,9,0,8,0,1,0,0,0,0,3,1,6,1,52,8,2179,2,9,9,1,9
2018471804078,1,5,0,14,0,0,0,0,0,0,1,1,2,1,63,9,745,1,1,1,1,1
2018471804079,1,9,0,14,0,8,0,0,0,0,1,1,6,2,70,10,1560,2,9,8,2,8
2018471804079,2,9,0,2,0,2,0,0,0,0,2,1,6,3,-1,-1,2400,1,19,-1,-1,-1
2018471804083,1,9,0,18,0,1,0,0,0,0,1,1,6,1,85,11,1341,1,13,9,1,9
2018471804083,2,3,0,3,0,1,0,0,0,0,2,1,2,1,19,4,124,1,2,6,1,6
2018471804085,1,8,0,7,0,8,0,0,0,0,4,1,6,3,99,11,-1,-1,-1,-1,-1,-1
2018471804085,2,1,0,18,0,1,0,0,0,0,1,1,6,1,16,4,-1,-1,-1,8,1,8
2018471804090,1,9,0,4,0,0,0,0,0,0,1,1,1,1,31,6,1390,1,17,7,3,7
2018471804090,2,9,0,4,0,0,0,0,0,0,2,1,1,1,27,6,1242,1,10,8,3,8
2018471804090,3,9,0,4,0,0,0,0,0,0,2,1,1,1,45,7,1968,2,1,7,1,7
2018471804091,1,9,0,10,0,1,0,0,0,0,1,1,6,2,84,11,1586,1,13,8,3,8
2018471804091,2,9,0,18,0,1,0,0,0,0,4,1,6,1,64,9,1997,2,11,8,1,8
2018471804093,1,9,0,18,0,0,0,0,1,2,1,1,6,1,63,9,1798,1,14,5,1,5
2018471804094,1,9,0,18,0,0,0,0,0,0,1,1,2,1,32,6,1363,2,14,6,1,6
2018471804094,2,1,0,18,0,0,0,0,0,0,3,1,6,1,11,3,-1,-1,-1,4,1,4
2018471804095,1,9,0,9,0,6,0,0,0,0,3,1,6,1,47,8,2967,2,2,9,3,9
2018471804095,2,5,0,18,0,8,0,0,0,0,1,1,6,1,29,6,649,1,1,10,2,10
2018471804097,1,9,0,18,0,4,0,0,0,0,1,1,6,1,40,7,-1,-1,-1,6,1,6
2018471804097,2,9,0,5,0,4,0,0,0,0,2,1,6,2,40,7,1199,2,6,7,1,7
2018471804099,1,3,0,13,0,8,0,0,7,11,1,1,2,1,21,5,125,1,1,3,1,3
2018471804099,2,8,0,9,0,8,0,0,0,0,3,1,2,1,41,7,-1,-1,-1,3,1,3
2018471804103,1,9,0,13,0,0,0,0,0,0,4,1,6,1,82,11,1397,1,8,7,1,7
2018471804103,2,1,0,18,0,0,0,0,0,0,3,1,2,1,51,8,-1,-1,-1,5,1,5
2018471804104,1,19,0,9,0,2,0,0,0,0,1,1,1,1,31,6,2143,2,8,5,1,5
2018471804104,2,2,0,9,0,8,0,0,0,0,3,1,6,2,16,4,49,1,3,3,1,3
2018471804106,1,9,0,5,0,4,0,0,0,0,3,1,6,1,78,11,1596,1,16,6,1,6
2018471804106,2,9,0,5,0,4,0,0,0,0,1,1,1,1,44,7,1339,1,11,10,1,10
2018471804107,1,9,0,9,0,8,0,0,0,0,1,1,2,2,24,5,999,1,-1,4,1,4
2018471804107,2,5,0,18,0,8,0,0,0,0,3,1,2,1,53,8,1170,1,-1,5,1,5
2018471804107,3,9,0,4,0,1,0,0,0,0,0,1,1,3,-1,-1,-1,-1,-1,-1,-1,-1
2018471804108,1,9,0,7,0,6,0,0,0,0,2,1,6,3,-1,-1,-1,-1,-1,-1,-1,-1
2018471804108,2,3,0,18,0,1,1,0,0,0,1,1,1,1,35,6,124,1,17,5,1,5
2018471804109,1,9,4,18,0,0,0,0,1,0,0,1,1,1,52,8,-1,-1,-1,2,1,2
2018471804113,1,3,0,16,0,8,0,0,0,0,0,1,6,1,29,6,124,1,3,-1,-1,-1
2018471804114,1,11,5,18,0,1,0,0,0,0,4,1,1,1,34,6,11967,2,10,1,1,1
2018471804114,2,1,0,18,0,1,0,0,0,0,3,1,6,1,39,7,-1,-1,-1,-1,-1,-1
2018471804117,1,1,0,18,4,8,0,0,0,0,1,1,6,1,45,7,-1,-1,-1,6,2,6
2018471804117,2,9,0,9,0,8,0,0,0,0,4,1,6,1,80,11,1598,1,9,10,1,10
2018471804118,1,9,0,5,0,6,0,0,0,0,2,1,2,2,31,6,1240,1,11,4,1,4
2018471804118,2,21,0,4,0,1,1,0,0,0,1,1,1,1,59,9,9200,2,10,7,2,7
2018471804119,1,9,0,18,0,0,5,0,7,2,1,1,6,2,53,8,1496,2,2,7,1,7
2018471804120,1,9,0,16,0,0,2,0,1,3,1,1,6,2,20,4,1368,1,8,7,1,7
2018471804123,1,11,0,18,0,0,0,0,0,0,4,1,1,1,45,7,6700,2,8,8,1,8
2018471804124,1,9,0,9,0,6,0,0,0,0,1,1,6,2,23,5,1896,2,10,7,-1,7
2018471804124,2,1,0,17,0,1,0,0,0,0,1,1,6,1,42,7,-1,-1,-1,4,1,4
2018471804125,1,9,0,18,0,0,0,0,0,0,1,1,1,2,66,10,1198,1,10,3,3,3
2018471804125,2,9,0,18,0,0,0,0,0,0,1,1,6,1,32,6,2993,2,7,3,1,3
2018471804126,1,9,0,18,0,0,0,0,0,0,4,1,1,2,40,7,1587,1,15,8,1,8
2018471804126,2,9,0,18,0,0,0,0,0,0,3,1,1,1,32,6,1596,1,6,9,2,9
2018471804127,1,9,0,18,0,1,0,0,0,0,1,1,6,1,51,8,1995,2,7,5,1,5
2018471804127,2,9,0,4,0,1,0,0,0,0,2,1,6,1,23,5,1499,1,3,9,2,9
2018471804127,3,9,0,4,0,1,0,0,0,0,2,1,6,1,21,5,1197,1,2,8,3,8
2018471804128,1,9,0,18,0,8,5,0,0,0,0,1,6,1,18,4,1149,1,14,8,1,8
2018471804129,1,3,0,4,0,0,0,0,0,0,1,1,6,1,21,5,125,1,3,2,1,2
2018471804129,2,9,0,4,0,0,0,0,0,0,2,1,1,1,42,7,1968,2,9,4,1,4
2018471804132,1,9,0,13,0,0,0,0,0,0,4,1,6,3,-1,-1,998,1,16,-1,-1,-1
2018471804132,2,1,0,14,0,0,0,0,0,0,3,1,6,1,34,6,-1,-1,-1,10,1,10
2018471804132,3,9,0,2,0,0,0,0,0,0,0,1,6,3,-1,-1,-1,-1,-1,-1,-1,-1
2018471804133,1,9,0,18,4,6,0,0,0,0,1,1,6,2,56,9,1896,2,15,6,1,6
2018471804133,2,1,0,18,4,8,0,0,0,0,4,1,2,2,39,7,-1,-1,-1,1,1,1
2018471804134,1,9,0,9,0,5,0,0,0,0,1,1,6,2,57,9,1299,1,14,7,1,7
2018471804134,2,1,0,18,0,1,0,0,0,0,1,1,6,1,45,7,-1,-1,-1,9,1,9
2018471804136,1,3,0,18,0,0,0,0,0,0,0,1,6,2,50,8,124,1,7,7,1,7
2018471804139,1,9,0,15,0,8,0,0,0,0,4,1,6,1,54,8,1753,2,14,5,1,5
2018471804139,2,1,0,17,0,8,0,0,0,0,0,1,6,1,40,7,-1,-1,-1,4,1,4
2018471804141,1,9,0,18,0,0,0,0,0,0,1,1,6,2,86,11,1299,1,13,7,1,7
2018471804142,1,9,0,9,0,4,0,0,0,0,1,1,2,1,42,7,1364,1,9,8,-1,8
2018471804142,2,1,0,18,0,8,0,0,0,0,4,1,6,1,40,7,-1,-1,-1,2,1,2
2018471804143,1,3,0,18,0,1,1,0,0,0,0,1,6,1,27,6,124,1,10,4,1,4
2018471804145,1,9,0,18,0,8,0,0,0,0,1,1,1,2,38,7,1968,2,9,3,1,3
2018471804145,2,9,0,5,0,6,0,0,0,0,3,1,6,2,19,4,999,1,-1,9,3,9
2018471804146,1,9,0,18,0,8,0,0,0,0,1,1,6,1,51,8,1968,2,7,9,1,9
2018471804146,2,9,0,4,0,8,0,0,0,0,2,1,6,1,51,8,2982,2,5,9,3,9
2018471804146,3,9,0,9,0,5,0,0,0,0,0,1,6,3,40,7,-1,-1,-1,-1,-1,-1
2018471804147,1,9,0,18,0,0,0,0,0,0,4,1,6,2,63,9,1998,1,14,10,1,10
2018471804147,2,9,0,18,0,0,0,0,0,0,3,1,6,2,38,7,1618,1,1,10,1,10
2018471804147,3,9,0,18,0,0,0,0,0,0,1,1,6,2,21,5,1600,2,6,6,1,6
2018471804148,1,9,0,16,0,0,1,0,0,0,3,1,6,1,37,7,1368,1,8,9,3,9
2018471804148,2,9,0,17,0,0,0,0,0,0,1,1,6,2,37,7,1896,2,15,7,3,7
2018471804149,1,8,0,5,0,1,0,0,0,0,1,1,2,1,40,7,1796,1,17,2,1,2
2018471804149,2,9,0,5,0,4,0,0,0,0,2,1,1,1,38,7,1582,2,5,6,1,6
2018471804150,1,9,0,17,0,0,1,0,0,0,1,1,2,1,23,5,1390,1,13,6,3,6
2018471804150,2,9,0,16,0,0,0,0,1,0,1,1,6,2,59,9,1461,2,3,7,-1,7
2018471804151,1,9,0,17,0,0,2,0,0,0,0,1,2,1,22,5,1895,1,18,6,3,6
2018471804153,1,9,0,16,0,0,0,0,1,0,1,1,6,1,19,4,1149,1,13,8,3,8
2018471804153,2,9,0,17,0,0,0,0,1,11,1,1,6,1,26,6,1390,1,11,8,1,8
2018471804154,1,9,0,9,0,8,0,0,0,0,1,1,6,1,18,4,1229,1,6,8,1,8
2018471804154,2,3,0,18,0,1,0,0,0,0,1,1,6,1,25,5,124,1,2,1,1,1
2018471804156,1,11,0,18,0,8,1,0,0,0,1,1,1,1,44,7,-1,2,18,9,1,9
2018471804156,2,19,0,4,0,8,0,0,0,0,2,1,1,1,59,9,2402,2,9,2,1,2
2018471804156,3,9,0,18,0,8,0,0,0,0,1,1,1,1,53,8,1968,2,1,6,1,6
2018471804157,1,1,0,18,0,0,0,0,0,0,0,1,6,1,19,4,-1,-1,-1,8,3,8
2018471804158,1,9,0,17,0,0,1,0,0,0,4,1,6,1,25,5,2393,1,16,4,1,4
2018471804158,2,9,0,16,0,0,0,0,0,0,1,1,6,1,71,10,1796,1,9,5,1,5
2018471804160,1,9,0,18,0,8,0,0,0,0,1,1,6,1,26,6,-1,-1,-1,6,1,6
2018471804160,2,9,0,4,0,8,0,0,0,0,3,1,2,2,22,5,998,1,4,-1,1,-1
2018471804162,1,9,0,12,0,0,0,0,0,0,0,1,6,1,40,7,-1,-1,-1,-1,-1,-1
2018471804162,2,11,0,18,0,0,0,0,0,0,0,1,1,1,32,6,11967,2,10,3,1,3
2018471804163,1,9,0,9,0,6,0,0,0,0,1,1,6,1,73,10,1596,1,4,10,1,10
2018471804166,1,19,0,18,0,0,0,0,0,0,1,1,1,1,42,7,1968,2,1,5,1,5
2018471804166,2,1,0,9,0,0,0,0,0,0,2,1,1,1,19,4,-1,-1,-1,10,3,10
2018471804167,1,9,0,18,0,8,0,0,0,0,1,1,6,1,34,6,1896,2,17,4,1,4
2018471804167,2,9,0,18,0,8,0,0,0,0,1,1,6,1,20,4,1968,2,13,8,1,8
2018471804168,1,9,0,9,0,8,0,0,0,0,1,1,6,1,85,11,1390,1,6,6,3,6
2018471804168,2,19,0,18,0,8,0,0,0,0,4,1,1,1,43,7,3920,2,7,4,1,4
2018471804168,3,9,0,9,0,1,0,0,0,0,1,1,6,2,36,7,3200,2,12,7,3,7
2018471804169,1,22,0,18,0,1,0,0,0,0,1,1,6,1,84,11,-1,-1,-1,7,1,7
2018471804169,2,9,0,18,0,2,0,0,0,0,3,1,6,2,56,9,1596,1,15,4,1,4
2018471804171,1,9,0,18,0,0,0,0,0,0,1,1,6,1,26,6,-1,-1,-1,10,2,10
2018471804171,2,9,0,2,0,0,0,0,0,0,2,1,6,3,-1,-1,1390,1,7,-1,-1,-1
2018471804171,3,9,0,2,0,0,0,0,0,0,0,1,6,3,-1,-1,1968,2,7,-1,-1,-1
2018471804171,4,9,0,2,0,0,0,0,0,0,4,1,6,3,-1,-1,1598,1,9,-1,-1,-1
2018471804171,5,9,0,7,0,0,0,0,0,0,1,1,6,2,50,8,3456,8,-1,10,1,10
2018471804175,1,9,0,16,0,2,0,0,0,0,3,1,6,1,78,11,2148,2,14,1,1,1
2018471804176,1,9,0,9,0,5,0,0,0,0,1,1,6,1,18,4,1587,1,17,2,1,2
2018471804179,1,1,0,18,0,0,0,2,0,0,1,1,6,1,60,9,-1,-1,-1,4,1,4
2018471804180,1,9,0,18,0,0,1,0,0,0,1,1,6,2,43,7,1999,1,4,7,1,7
2018471804180,2,9,0,18,0,0,0,0,1,1,1,1,6,1,37,7,2979,1,17,9,2,9
2018471804181,1,9,0,17,0,0,1,0,0,0,1,1,6,3,-1,-1,1596,1,17,-1,-1,-1
2018471804181,2,1,0,18,0,0,0,0,0,0,1,1,6,1,57,9,-1,-1,-1,6,1,6
2018471804182,1,9,0,18,0,0,0,0,0,0,1,1,6,2,29,6,1499,1,1,8,3,8
2018471804182,2,9,0,4,0,0,0,0,0,0,2,1,6,1,47,8,1560,2,4,9,1,9
2018471804183,1,9,0,17,0,1,0,0,1,11,1,1,6,2,25,5,1984,1,9,9,1,9
2018471804187,1,9,0,4,0,1,1,0,0,0,1,1,6,1,28,6,1769,2,23,6,3,6
2018471804187,2,9,0,3,0,1,0,0,0,0,2,1,6,2,40,7,1968,2,3,10,3,10
2018471804187,3,9,0,3,0,1,0,0,0,0,2,1,6,2,54,8,1986,2,11,7,3,7
2018471804189,1,8,0,1,0,1,0,0,0,0,2,1,1,1,49,8,1390,1,7,8,1,8
2018471804190,1,9,0,18,0,0,0,0,0,0,1,1,6,1,26,6,1587,1,15,3,1,3
2018471804190,2,9,0,2,0,0,0,0,1,4,2,1,2,2,18,4,1299,1,18,3,1,3
2018471804191,1,9,0,18,0,6,0,0,0,0,1,1,6,2,29,6,1896,2,12,7,1,7
2018471804191,2,9,0,18,0,8,0,0,1,10,3,1,6,2,44,7,1229,1,6,9,1,9
2018471804192,1,9,0,18,0,1,0,0,0,0,3,1,2,1,61,9,1598,1,15,6,1,6
2018471804193,1,9,0,9,0,8,0,0,0,0,1,1,6,2,57,9,2477,2,13,9,1,9
2018471804193,2,1,0,18,0,8,0,0,0,0,1,1,6,2,19,4,-1,-1,-1,10,1,10
2018471804194,1,19,0,9,0,6,0,0,0,0,3,1,1,1,52,8,2402,2,15,8,1,8
2018471804194,2,9,0,16,0,8,0,0,0,0,1,1,6,1,42,7,1242,1,2,3,1,3
2018471804196,1,9,0,18,0,3,0,0,3,2,1,1,6,1,79,11,1795,1,12,9,1,9
2018471804197,1,9,0,18,0,4,0,0,0,0,1,1,6,2,73,10,1991,2,7,10,1,10
2018471804197,2,9,0,4,0,4,0,0,0,0,2,1,6,1,57,9,1597,1,20,3,1,3
2018471804198,1,9,0,16,0,0,0,10,0,0,1,1,6,1,38,7,1598,1,16,9,1,9
2018471804198,2,9,0,17,0,0,0,0,7,10,1,1,6,2,28,6,1461,2,4,10,1,10
2018471804199,1,9,0,7,0,2,0,0,0,0,4,1,6,1,81,11,1796,1,13,7,3,7
2018471804200,1,9,0,17,0,0,1,0,7,3,4,1,2,1,27,6,1229,1,5,5,1,5
2018471804202,1,9,0,16,0,0,0,0,0,0,1,1,6,1,49,8,1386,1,12,8,1,8
2018471804203,1,9,0,18,0,3,0,0,0,0,1,1,6,1,-1,-1,1560,2,5,4,1,4
2018471804203,2,9,0,18,0,3,0,0,0,0,2,1,6,1,56,9,1560,2,3,5,1,5
2018471804205,1,9,0,18,0,0,0,0,2,7,2,1,1,2,39,7,1950,2,-1,3,1,3
2018471804207,1,5,0,18,0,1,0,0,0,0,1,1,6,1,59,9,599,1,17,6,1,6
2018471804207,2,9,0,18,0,1,0,0,0,0,2,1,6,1,39,7,1998,1,16,9,1,9
2018471804209,1,9,0,16,0,0,5,0,8,4,1,1,6,2,48,8,1299,1,16,6,1,6
2018471804211,1,9,0,18,0,4,0,0,0,0,1,1,6,2,43,7,1796,1,15,8,1,8
2018471804211,2,1,0,18,0,3,0,0,0,0,4,1,6,2,47,8,-1,-1,-1,2,1,2
2018471804213,1,5,0,9,0,8,0,0,0,0,1,1,6,1,56,9,-1,-1,-1,-1,-1,-1