Accident_Index,Vehicle_Reference,Vehicle_Type,Towing_and_Articulation,Vehicle_Manoeuvre,Vehicle_Location-Restricted_Lane,Junction_Location,Skidding_and_Overturning,Hit_Object_in_Carriageway,Vehicle_Leaving_Carriageway,Hit_Object_off_Carriageway,1st_Point_of_Impact,Was_Vehicle_Left_Hand_Drive?,Journey_Purpose_of_Driver,Sex_of_Driver,Age_of_Driver,Age_Band_of_Driver,Engine_Capacity_(CC),Propulsion_Code,Age_of_Vehicle,Driver_IMD_Decile,Driver_Home_Area_Type,Vehicle_IMD_Decile
2018471804213,2,21,0,18,0,8,0,0,0,0,3,1,1,1,43,7,9290,2,5,8,1,8
2018471804214,1,9,0,16,0,0,0,0,0,0,1,1,6,1,19,4,1124,1,13,6,3,6
2018471804214,2,19,0,2,6,0,0,0,0,0,2,1,1,1,55,8,1499,2,1,7,1,7
2018471804216,1,9,0,18,0,8,0,0,0,0,1,1,6,1,44,7,1498,1,8,4,1,4
2018471804216,2,1,0,9,0,3,0,0,0,0,4,1,6,1,44,7,-1,-1,-1,7,1,7
2018471804224,1,5,0,16,0,0,0,0,7,11,1,1,6,1,19,4,645,1,12,10,1,10
2018471804224,2,9,0,17,0,0,0,0,0,0,3,1,6,1,80,11,-1,-1,-1,6,1,6
2018471804225,1,9,0,18,0,4,0,10,1,11,1,1,6,1,25,5,-1,-1,-1,-1,-1,-1
2018471804226,1,9,0,18,0,0,1,0,7,11,1,1,6,1,18,4,1598,1,14,-1,-1,-1
2018471804226,2,19,0,2,6,0,0,0,0,0,1,1,6,3,-1,-1,1968,2,3,-1,-1,-1
2018471804226,3,9,0,2,6,0,0,0,0,0,4,1,6,3,-1,-1,1995,2,7,-1,-1,-1
2018471804226,4,9,0,2,6,0,0,0,0,0,4,1,6,3,-1,-1,1499,1,1,-1,-1,-1
2018471804226,5,9,0,2,6,0,0,0,0,0,4,1,6,3,-1,-1,898,1,2,-1,-1,-1
2018471804226,6,9,0,2,6,0,0,0,0,0,1,1,6,3,-1,-1,2993,2,6,-1,-1,-1
2018471804226,7,9,0,2,0,0,0,0,0,0,0,1,6,3,-1,-1,973,1,18,-1,-1,-1
2018471804229,1,9,0,18,0,1,0,0,0,0,1,1,2,1,48,8,2967,2,1,10,3,10
2018471804229,2,9,0,3,0,1,0,0,0,0,2,1,2,2,42,7,1796,1,15,4,1,4
2018471804229,3,9,0,10,0,1,0,0,0,0,2,1,2,2,33,6,1496,2,3,4,1,4
2018471804230,1,9,0,9,0,8,0,0,0,0,2,1,6,1,43,7,1390,1,17,1,1,1
2018471804230,2,9,0,18,0,8,0,0,0,0,1,1,6,2,30,6,1598,1,8,3,1,3
2018471804233,1,3,0,16,0,7,1,0,1,0,0,1,6,1,17,4,124,1,-1,4,1,4
2018471804239,1,9,0,18,0,8,0,0,0,0,1,1,6,2,18,4,1149,1,14,9,1,9
2018471804239,2,9,0,10,0,5,0,0,0,0,2,1,6,1,51,8,1560,2,7,8,2,8
2018471804242,1,9,0,18,0,1,0,0,0,0,1,1,6,2,50,8,-1,-1,-1,-1,-1,-1
2018471804242,2,9,0,3,0,1,0,0,0,0,2,1,6,2,27,6,1598,2,2,5,3,5
2018471804243,1,17,5,18,0,0,0,0,0,0,3,1,1,1,44,7,6728,2,4,6,3,6
2018471804243,2,9,0,18,0,0,1,0,0,0,3,1,6,2,30,6,599,1,15,4,1,4
2018471804243,3,19,0,18,0,0,0,0,0,0,3,1,6,1,41,7,1995,2,11,4,1,4
2018471804244,1,9,0,18,0,0,0,0,0,0,1,1,2,2,41,7,998,1,1,9,1,9
2018471804244,2,19,0,4,0,0,0,0,0,0,2,1,6,1,66,10,1870,2,12,2,1,2
2018471804245,1,3,0,13,0,1,0,0,0,0,4,1,6,1,38,7,125,1,1,5,1,5
2018471804245,2,9,0,9,0,5,0,0,0,0,3,1,6,3,-1,-1,-1,-1,-1,-1,-1,-1
2018471804246,1,9,0,15,0,0,0,0,0,0,1,1,6,2,42,7,1984,1,14,6,1,6
2018471804246,2,9,0,17,0,0,0,0,0,0,1,1,1,2,30,6,898,1,2,6,1,6
2018471804246,3,19,0,2,0,0,0,0,0,0,0,1,1,1,88,11,-1,-1,-1,-1,-1,-1
2018471804247,1,9,0,17,0,0,1,0,2,11,1,1,6,1,22,5,1595,1,13,9,2,9
2018471804252,1,9,0,18,0,0,0,0,0,0,1,1,6,1,47,8,-1,-1,-1,-1,-1,-1
2018471804252,2,1,0,18,0,0,0,0,0,0,2,1,6,2,34,6,-1,-1,-1,2,1,2
2018471804254,1,9,0,2,0,0,0,0,0,0,3,1,6,2,21,5,1398,1,2,3,1,3
2018471804254,2,9,0,18,0,0,0,0,0,0,1,1,6,1,46,8,1560,2,3,9,1,9
2018471804255,1,9,0,17,0,0,5,0,2,4,1,1,6,1,71,10,1149,1,13,9,1,9
2018471804256,1,9,0,5,8,7,0,0,0,0,0,1,6,1,28,6,-1,-1,-1,5,1,5
2018471804256,2,9,0,18,0,2,0,0,0,0,0,1,6,3,-1,-1,-1,-1,-1,-1,-1,-1
2018471804256,3,9,0,18,0,1,0,0,0,0,2,1,6,1,44,7,2496,2,14,7,2,7
2018471804256,4,9,0,18,0,1,0,0,0,0,1,1,6,1,29,6,1397,1,10,10,1,10
2018471804257,1,8,0,9,0,1,0,0,0,0,1,1,1,1,32,6,2143,2,4,3,1,3
2018471804257,2,1,0,18,0,1,0,0,0,0,1,1,6,1,83,11,-1,-1,-1,5,1,5
2018471804259,1,9,0,7,0,8,0,0,0,0,1,1,6,2,43,7,1597,2,2,4,1,4
2018471804259,2,9,0,18,0,8,0,0,0,0,4,1,6,2,25,5,998,1,6,6,1,6
2018471804263,1,5,0,13,0,1,0,0,0,0,1,1,6,1,29,6,1000,1,17,6,1,6
2018471804263,2,19,0,9,0,8,0,0,0,0,3,1,1,1,43,7,2143,2,-1,7,1,7
2018471804264,1,21,0,11,0,0,0,0,0,0,4,1,1,1,49,8,7698,2,1,8,3,8
2018471804264,2,9,0,18,0,0,0,0,0,6,3,1,6,2,33,6,1598,1,12,3,1,3
2018471804264,3,9,0,18,0,0,0,0,0,0,0,1,6,1,67,10,1200,1,1,8,1,8
2018471804266,1,19,0,4,0,2,0,0,0,0,1,1,2,1,45,7,2198,2,4,6,2,6
2018471804266,2,9,0,4,0,2,0,0,0,0,2,1,6,2,25,5,1364,1,3,6,1,6
2018471804266,3,9,0,4,0,2,0,0,0,0,2,1,2,1,23,5,-1,-1,-1,5,1,5
2018471804267,1,9,0,7,0,8,0,7,1,0,1,1,6,1,57,9,3982,1,2,8,1,8
2018471804268,1,19,0,18,0,0,0,0,0,0,0,1,1,1,31,6,2198,2,3,7,2,7
2018471804268,2,9,0,18,0,0,1,0,0,0,1,1,6,1,36,7,1968,2,2,5,1,5
2018471804268,3,9,0,18,0,0,1,0,0,0,0,1,6,1,38,7,1910,2,12,5,1,5
2018471804268,4,9,0,18,0,0,1,0,0,0,2,1,6,1,22,5,1968,2,1,4,1,4
2018471804268,5,9,0,18,0,0,0,0,0,0,0,1,6,3,30,6,-1,-1,-1,-1,-1,-1
2018471804270,1,9,0,18,0,4,0,0,0,0,1,1,6,2,21,5,1199,2,5,4,3,4
2018471804270,2,9,0,3,0,4,0,0,0,0,2,1,6,2,39,7,1598,1,11,4,1,4
2018471804271,1,9,0,18,0,0,0,11,2,4,4,1,6,1,28,6,1200,1,1,7,1,7
2018471804274,1,9,0,18,0,0,0,0,0,0,3,1,6,1,20,4,-1,-1,-1,7,3,7
2018471804274,2,9,0,18,0,0,0,0,0,0,3,1,6,1,43,7,2720,2,10,7,3,7
2018471804275,1,9,0,9,0,8,0,0,0,0,1,1,6,1,50,8,-1,-1,-1,6,1,6
2018471804275,2,9,0,18,0,8,0,0,0,0,1,1,6,1,33,6,2979,1,14,9,1,9
2018471804275,3,9,0,2,0,1,0,0,0,0,1,1,6,3,-1,-1,1586,1,1,-1,-1,-1
2018471804276,1,9,0,9,0,8,0,0,1,0,3,1,6,1,56,9,1242,1,11,6,1,6
2018471804276,2,9,0,18,0,8,0,0,1,0,4,1,6,2,42,7,1997,1,10,9,2,9
2018471804277,1,9,0,16,0,0,0,0,0,0,0,1,6,1,30,6,-1,-1,-1,-1,-1,-1
2018471804277,2,11,0,17,0,0,0,0,0,0,0,1,1,1,56,9,-1,-1,-1,8,1,8
2018471804278,1,9,0,18,0,0,0,0,0,0,1,1,6,2,35,6,1995,2,10,6,1,6
2018471804278,2,9,0,18,0,0,0,0,0,0,2,1,6,2,35,6,1991,2,9,8,1,8
2018471804278,3,19,0,18,0,0,0,0,0,0,1,1,1,1,36,7,2143,2,2,4,1,4
2018471804278,4,9,0,4,0,0,0,0,0,0,0,1,6,3,-1,-1,-1,-1,-1,-1,-1,-1
2018471804279,1,9,0,17,0,0,1,6,8,7,3,1,6,2,25,5,1360,1,12,4,3,4
2018471804279,2,9,0,16,0,0,0,0,0,0,4,1,1,1,67,10,-1,-1,-1,-1,-1,-1
2018471804280,1,5,0,16,0,3,1,0,1,0,4,1,2,1,21,5,645,1,5,8,1,8
2018471804281,1,9,0,1,0,8,0,0,0,0,2,1,6,1,50,8,1339,1,8,1,1,1
2018471804287,1,9,0,9,0,8,0,0,0,0,3,1,6,1,51,8,1998,2,9,8,3,8
2018471804287,2,3,0,17,0,8,0,0,0,0,1,1,6,1,24,5,124,1,3,6,3,6
2018471804288,1,9,0,18,0,0,0,7,0,0,1,1,6,2,72,10,1560,2,2,9,1,9
2018471804289,1,9,0,1,8,6,0,0,0,0,2,1,6,1,63,9,-1,-1,-1,3,1,3
2018471804289,2,9,0,18,0,2,0,0,0,0,4,1,6,1,44,7,1968,2,4,1,1,1
2018471804290,1,19,0,18,0,8,0,0,0,0,1,1,1,1,45,7,2442,2,2,9,1,9
2018471804290,2,19,0,7,0,8,0,0,1,3,2,1,1,1,61,9,1248,2,9,7,1,7
2018471804292,1,9,0,17,0,0,0,0,0,0,1,1,6,1,45,7,1598,1,10,5,1,5
2018471804293,1,19,0,18,0,0,0,0,0,0,1,1,1,1,57,9,2287,2,3,7,3,7
2018471804293,2,9,0,4,0,0,0,0,0,0,2,1,6,2,31,6,1200,1,4,6,1,6
2018471804293,3,19,0,4,0,0,0,0,0,0,2,1,6,1,61,9,-1,-1,-1,10,1,10
2018471804294,1,9,0,18,0,0,0,0,0,0,1,1,6,2,57,9,1499,2,1,3,1,3
2018471804294,2,9,0,18,0,0,0,0,0,0,2,1,6,1,57,9,1596,1,15,6,3,6
2018471804294,3,9,0,18,0,0,0,0,0,0,2,1,6,1,20,4,-1,-1,-1,7,1,7
2018471804294,4,9,0,18,0,0,0,0,0,0,2,1,6,2,31,6,1197,1,1,1,1,1
2018471804295,1,9,0,18,0,0,0,0,0,0,3,1,2,1,24,5,1368,1,7,10,2,10
2018471804295,2,9,0,18,0,0,0,0,2,10,3,1,6,1,60,9,1598,1,15,9,3,9
2018471804296,1,9,0,9,0,8,0,0,0,0,1,1,6,1,31,6,1596,1,13,6,1,6
2018471804296,2,4,0,7,0,8,0,0,0,0,4,1,6,1,33,6,124,1,2,4,1,4
2018471804297,1,2,0,18,0,1,0,0,0,0,1,1,6,1,42,7,1050,1,8,9,1,9
2018471804297,2,9,0,18,0,1,0,0,0,0,2,1,6,1,50,8,2982,2,3,7,3,7
2018471804297,3,9,0,18,0,1,0,0,0,0,2,1,6,1,40,7,1596,1,5,3,1,3
2018471804297,4,9,0,18,0,1,0,0,0,0,2,1,6,1,33,6,-1,-1,-1,8,1,8
2018471804297,5,9,0,18,0,1,0,0,0,0,2,1,6,2,28,6,1242,1,10,7,2,7
2018471804297,6,9,0,4,0,1,0,0,0,0,2,1,6,1,30,6,2494,1,17,7,1,7
2018471804297,7,19,0,9,0,8,0,0,0,0,2,1,6,1,27,6,-1,-1,-1,-1,-1,-1
2018471804298,1,1,0,9,0,2,1,0,0,0,1,1,6,1,31,6,-1,-1,-1,3,1,3
2018471804298,2,5,0,5,0,2,1,0,0,0,4,1,6,1,64,9,998,1,6,8,1,8
2018471804299,1,9,0,16,0,0,2,0,0,0,4,1,6,1,52,8,1587,1,10,7,1,7
2018471804300,1,9,0,11,0,2,0,0,1,11,2,1,2,1,27,6,1596,1,13,3,1,3
2018471804300,2,9,0,18,0,2,0,0,0,0,1,1,2,2,41,7,1956,2,6,7,1,7
2018471804301,1,9,0,18,0,3,5,10,1,4,1,1,2,1,45,7,1595,1,-1,5,2,5
2018471804304,1,9,0,17,0,0,1,0,8,4,1,1,6,1,33,6,1896,2,15,9,3,9
2018471804307,1,9,0,18,0,1,0,0,0,0,1,1,6,1,87,11,1994,1,9,7,3,7
2018471804307,2,9,0,18,0,1,0,0,0,0,2,1,6,2,27,6,1398,1,1,7,2,7
2018471804307,3,9,0,18,0,1,0,0,0,0,2,1,6,2,42,7,1591,1,9,9,1,9
2018471804307,4,9,0,4,0,1,0,0,0,0,2,1,6,1,34,6,2191,2,3,3,1,3
2018471804307,5,9,0,18,0,8,0,0,0,0,0,1,6,1,-1,-1,-1,-1,-1,-1,-1,-1
2018471804308,1,9,0,4,0,4,0,0,0,0,1,1,6,3,-1,-1,-1,-1,-1,-1,-1,-1
2018471804308,2,9,0,8,0,1,0,0,0,0,2,1,1,2,39,7,998,1,13,4,1,4
2018471804309,1,1,0,17,0,8,0,0,0,0,1,1,6,1,10,2,-1,-1,-1,10,1,10
2018471804309,2,9,0,16,0,8,0,0,0,0,1,1,6,1,44,7,1685,2,3,9,3,9
2018471804310,1,9,0,18,0,2,0,0,0,0,1,1,6,2,17,4,998,1,1,10,1,10
2018471804310,2,9,0,18,0,2,0,0,0,0,1,1,6,2,26,6,1120,2,5,9,3,9
2018471804310,3,19,0,18,0,2,0,0,0,0,1,1,1,1,33,6,1995,2,1,8,1,8
2018471804311,1,9,0,7,0,6,0,0,0,0,3,1,6,1,80,11,1796,1,8,7,1,7
2018471804311,2,5,0,18,0,8,0,0,4,0,1,1,6,1,73,10,1202,1,5,4,1,4
2018471804313,1,9,0,11,0,3,0,0,0,0,2,1,6,1,46,8,2148,2,17,2,1,2
2018471804313,2,9,0,18,0,3,0,0,0,0,1,1,6,2,26,6,1197,1,3,5,1,5
2018471804314,1,9,0,9,0,4,0,0,0,0,1,1,6,1,24,5,1995,1,8,7,1,7
2018471804314,2,9,0,9,0,4,0,0,0,0,2,1,6,1,82,11,1242,1,2,5,1,5
2018471804315,1,9,0,9,0,8,0,0,0,0,4,1,6,2,66,10,1248,1,1,6,1,6
2018471804315,2,1,0,18,0,8,0,0,0,0,1,1,6,1,41,7,-1,-1,-1,9,1,9
2018471804315,3,1,0,18,0,8,0,0,0,0,1,1,6,1,39,7,-1,-1,-1,9,1,9
2018471804316,1,9,0,5,0,4,0,0,0,0,3,1,6,2,18,4,1496,2,2,7,1,7
2018471804316,2,9,0,18,0,3,0,0,0,0,1,1,2,1,28,6,1598,1,10,2,1,2
2018471804317,1,9,0,18,0,1,0,0,0,0,1,1,6,1,33,6,1968,2,5,2,1,2
2018471804317,2,8,0,2,0,1,0,0,0,0,2,1,6,1,35,6,-1,-1,-1,3,1,3
2018471804318,1,3,0,9,0,8,0,0,0,0,1,1,6,1,19,4,125,1,-1,2,1,2
2018471804318,2,9,0,18,0,8,0,0,0,0,1,1,6,1,34,6,1560,2,12,3,1,3
2018471804320,1,9,0,9,0,5,0,0,0,0,4,1,6,2,38,7,999,1,1,10,1,10
2018471804320,2,9,0,18,0,8,0,0,0,0,1,1,6,1,53,8,1997,2,10,6,3,6
2018471804321,1,5,0,18,0,0,0,0,0,0,1,1,2,1,53,8,1261,1,16,7,1,7
2018471804321,2,19,0,4,0,0,0,0,0,0,2,1,2,1,55,8,1868,2,12,3,1,3
2018471804321,3,9,0,2,0,0,0,0,0,0,0,1,2,1,49,8,1298,1,23,6,1,6
2018471804326,1,9,0,11,0,8,0,0,0,0,1,1,6,2,39,7,1560,2,8,8,1,8
2018471804326,2,9,0,18,0,8,1,0,0,0,3,1,6,1,26,6,1598,2,1,9,1,9
2018471804327,1,9,0,18,0,4,0,0,0,0,1,1,6,2,66,10,1598,1,12,9,1,9
2018471804327,2,9,0,18,0,3,0,0,1,11,2,1,6,1,26,6,1242,1,2,6,1,6
2018471804328,1,9,0,9,0,8,0,0,0,0,3,1,6,1,52,8,1598,2,2,2,1,2
2018471804328,2,5,0,14,0,8,1,0,0,0,1,1,2,1,44,7,649,1,9,5,1,5
2018471804329,1,20,0,18,0,0,0,0,0,0,3,1,1,1,46,8,2287,2,-1,5,1,5
2018471804329,2,1,0,18,0,0,0,0,0,0,4,1,6,1,35,6,-1,-1,-1,5,1,5
2018471804330,1,3,0,18,0,1,0,0,0,0,1,1,6,1,18,4,125,1,1,4,1,4
2018471804330,2,9,0,9,0,5,0,0,0,0,3,1,6,1,44,7,1275,1,20,4,1,4
2018471804331,1,9,0,18,0,8,0,0,0,0,1,1,6,1,21,5,1598,1,4,6,3,6
2018471804331,2,8,0,18,0,8,0,0,0,0,2,1,1,1,30,6,1998,1,10,5,1,5
2018471804333,1,9,0,18,0,8,1,0,0,0,3,1,6,1,24,5,1248,2,10,5,3,5
2018471804333,2,9,0,9,0,6,0,0,0,0,1,1,6,1,75,10,1798,1,9,3,3,3
2018471804334,1,9,0,6,0,0,0,0,0,0,3,1,6,1,25,5,1242,1,6,2,1,2
2018471804334,2,5,0,13,0,0,0,0,0,0,4,1,6,1,24,5,599,1,21,5,1,5
2018471804335,1,9,0,18,0,8,0,0,0,11,1,1,6,2,46,8,1900,2,14,10,1,10
2018471804336,1,9,0,9,0,6,0,0,0,0,1,1,6,1,78,11,2979,1,16,5,1,5
2018471804336,2,9,0,18,0,1,0,0,0,0,4,1,6,1,45,7,2993,2,-1,3,1,3
2018471804337,1,9,0,18,0,0,1,0,1,4,3,1,2,2,32,6,1794,1,16,5,2,5
2018471804340,1,5,0,18,0,8,0,0,0,0,1,1,6,1,44,7,998,1,3,9,1,9
2018471804340,2,9,0,10,0,8,0,0,0,0,2,1,6,1,38,7,3824,1,11,9,1,9
2018471804341,1,5,0,18,0,1,0,0,0,0,1,1,6,1,30,6,999,1,3,6,1,6
2018471804341,2,9,0,10,0,1,0,0,0,0,2,1,6,1,66,10,1591,1,9,7,3,7
2018471804342,1,5,0,16,0,1,1,0,7,0,3,1,6,2,23,5,645,1,19,-1,3,-1
2018471804344,1,9,0,18,0,0,0,0,1,3,1,1,6,1,27,6,1840,1,17,7,2,7
2018471804345,1,5,0,16,0,1,1,0,7,0,1,1,6,1,60,9,1043,1,1,10,1,10
2018471804348,1,9,0,18,0,0,5,0,0,0,3,1,6,1,19,4,1248,1,1,2,1,2
2018471804348,2,9,0,2,0,0,0,0,0,0,4,1,6,3,-1,-1,1229,1,9,6,1,6
2018471804349,1,5,0,5,0,6,1,0,0,0,4,1,6,1,48,8,649,1,25,10,2,10
2018471804352,1,9,0,7,0,8,0,0,0,0,1,1,6,1,46,8,1398,1,15,1,1,1
2018471804352,2,1,0,18,4,1,0,0,0,0,1,1,6,2,25,5,-1,-1,-1,3,1,3
2018471804354,1,22,0,18,5,8,0,0,0,0,1,1,6,2,70,10,-1,-1,-1,-1,-1,-1
2018471804354,2,1,0,18,5,8,0,0,0,0,4,1,2,2,59,9,-1,-1,-1,10,1,10
2018471804356,1,19,0,18,0,8,0,0,0,0,4,1,6,3,30,6,-1,-1,-1,-1,-1,-1
2018471804356,2,1,0,18,0,8,0,0,0,0,1,1,6,1,21,5,-1,-1,-1,8,1,8
2018471804357,1,9,0,14,0,1,0,0,0,0,1,1,2,1,38,7,1598,1,12,6,1,6
2018471804357,2,5,0,14,0,1,0,0,0,0,2,1,2,1,62,9,471,1,-1,5,1,5
2018471804357,3,90,0,4,0,2,0,0,0,0,0,1,1,1,30,6,-1,-1,-1,-1,-1,-1
2018471804360,1,9,0,2,0,2,0,0,0,0,3,1,6,3,-1,-1,1761,1,17,-1,-1,-1
2018471804360,2,22,0,18,0,1,0,0,0,0,3,1,6,1,75,10,-1,-1,-1,4,2,4
2018471804362,1,90,0,5,0,8,0,0,0,0,4,2,6,1,67,10,-1,-1,-1,-1,-1,-1
2018471804362,2,9,0,18,0,8,0,0,0,0,1,1,6,2,46,8,1598,1,16,8,3,8
2018471804367,1,9,0,13,0,0,0,0,0,0,4,1,6,1,43,7,1596,1,5,10,1,10
2018471804367,2,1,0,18,0,0,0,0,1,0,3,1,6,1,29,6,-1,-1,-1,6,1,6
2018471804370,1,9,0,5,0,8,0,0,0,0,1,1,2,2,29,6,1796,1,11,2,1,2
2018471804370,2,1,0,18,9,8,0,0,0,0,4,1,6,1,15,3,-1,-1,-1,5,1,5
2018471804372,1,4,0,13,0,8,1,0,0,0,4,1,6,1,25,5,124,1,9,2,1,2
2018471804372,2,9,0,9,0,8,0,0,0,0,3,1,6,1,63,9,1597,2,3,8,1,8
2018471804378,1,19,0,13,0,0,0,0,0,0,1,1,6,1,23,5,-1,-1,-1,8,3,8
2018471804378,2,1,0,18,0,0,0,0,1,0,2,1,6,1,56,9,-1,-1,-1,2,1,2
2018471804379,1,11,0,5,0,1,0,0,0,0,1,1,1,1,32,6,9360,2,5,6,1,6
2018471804379,2,9,0,4,0,1,0,0,0,0,2,1,6,2,39,7,1586,1,-1,7,1,7
2018471804380,1,9,0,9,0,6,0,0,0,0,4,1,2,1,24,5,1364,1,3,5,1,5
2018471804380,2,5,0,18,0,8,0,0,0,0,3,1,6,1,55,8,1441,1,1,4,1,4
2018471804381,1,9,0,18,0,4,0,0,0,0,1,1,6,1,50,8,-1,-1,-1,-1,-1,-1
2018471804381,2,9,0,18,0,4,0,0,0,0,2,1,6,2,37,7,-1,-1,-1,10,1,10
2018471804387,1,9,0,7,0,2,0,0,0,0,1,1,6,1,27,6,1390,1,4,8,1,8
2018471804390,1,9,0,4,0,1,1,0,0,0,4,1,6,1,21,5,2400,2,27,6,1,6
2018471804390,2,19,0,3,0,1,0,0,0,0,0,1,1,1,18,4,-1,-1,-1,-1,-1,-1
2018471804390,3,9,0,18,0,2,0,0,1,0,3,1,6,2,61,9,1598,1,14,6,1,6
2018471804390,4,9,0,10,0,8,0,0,0,0,2,1,6,2,64,9,1596,1,5,10,1,10
2018471804392,1,9,0,7,0,5,0,0,0,0,1,1,6,1,65,9,1339,1,11,6,1,6
2018471804395,1,9,0,18,0,8,0,0,0,0,1,1,6,1,72,10,1560,2,5,7,1,7
2018471804398,1,9,0,6,0,6,0,0,0,0,1,1,6,2,26,6,1120,2,5,8,-1,8
2018471804398,2,1,0,18,0,1,0,0,0,0,3,1,6,1,24,5,-1,-1,-1,4,1,4
2018471804399,1,9,0,18,0,4,0,0,0,0,1,1,6,1,22,5,-1,-1,-1,-1,-1,-1
2018471804399,2,19,0,18,0,8,0,0,1,11,3,1,1,1,25,5,-1,-1,-1,6,1,6
2018471804400,1,9,0,18,0,1,5,0,7,10,1,1,6,1,83,11,1598,1,11,9,2,9
2018471804401,1,5,0,16,0,7,0,0,0,0,3,1,1,1,53,8,1098,1,17,8,1,8
2018471804401,2,21,1,18,0,8,0,0,0,0,4,1,1,3,-1,-1,-1,-1,-1,-1,-1,-1
2018471804402,1,20,0,9,0,6,0,0,0,0,1,1,1,1,31,6,-1,-1,-1,6,2,6
2018471804403,1,9,0,18,0,1,0,0,3,1,1,1,6,2,39,7,1781,1,20,3,1,3
2018471804407,1,9,0,16,0,0,0,4,0,0,1,1,6,2,32,6,1798,1,9,8,1,8
2018471804407,2,9,0,2,0,0,0,0,0,0,2,1,6,3,-1,-1,1999,1,12,-1,-1,-1
2018471804409,1,9,0,18,0,0,0,0,0,0,4,1,6,2,62,9,1596,1,4,3,1,3
2018471804410,1,9,0,18,0,1,0,0,0,0,1,1,6,2,68,10,1598,1,7,9,2,9
2018471804410,2,9,0,10,0,1,0,0,7,11,2,1,6,2,66,10,1794,1,13,5,1,5
2018471804413,1,9,0,18,0,0,0,0,0,0,1,1,1,1,24,5,1200,1,-1,4,1,4
2018471804413,2,9,0,4,0,0,0,0,0,0,2,1,6,1,38,7,1997,2,14,5,1,5
2018471804414,1,9,0,5,0,2,0,0,0,0,4,1,6,1,59,9,1997,2,3,6,1,6
2018471804414,2,1,0,5,0,2,0,0,0,0,1,1,2,1,66,10,-1,-1,-1,8,1,8
2018471804415,1,9,0,4,0,1,0,0,0,0,0,1,6,3,-1,-1,-1,-1,-1,-1,-1,-1
2018471804415,2,19,0,4,0,1,0,0,0,0,0,1,6,3,-1,-1,-1,-1,-1,-1,-1,-1
2018471804415,3,9,0,4,0,1,0,0,0,0,0,1,6,3,-1,-1,-1,-1,-1,-1,-1,-1
2018471804415,4,11,0,4,0,1,0,0,0,0,0,1,6,1,53,8,9000,2,9,5,1,5
2018471804417,1,9,0,18,0,4,0,0,0,0,1,1,6,2,37,7,1199,2,5,9,1,9
2018471804417,2,1,0,18,0,1,0,0,0,0,4,1,6,1,38,7,-1,-1,-1,3,1,3
2018471804420,1,3,0,7,0,8,0,0,0,0,4,1,6,1,18,4,125,1,1,10,1,10
2018471804420,2,20,0,10,0,2,0,0,0,0,3,1,6,1,47,8,-1,-1,-1,-1,3,-1
2018471804421,1,9,0,18,0,0,5,4,7,11,4,1,6,2,81,11,1390,1,7,9,3,9
2018471804421,2,9,0,2,0,0,0,0,0,0,3,1,6,3,-1,-1,1596,1,12,-1,-1,-1
2018471804422,1,9,0,17,0,2,0,0,1,4,1,1,6,1,20,4,1997,1,3,7,2,7
2018471804423,1,19,0,12,0,1,0,0,0,10,3,1,1,1,42,7,2402,2,12,-1,-1,-1
2018471804423,2,19,0,18,0,1,1,0,1,0,1,1,2,1,22,5,1560,2,1,4,1,4
2018471804426,1,9,0,18,0,0,2,0,5,6,1,1,2,2,20,4,1149,1,17,9,3,9
2018471804427,1,9,0,18,0,0,0,4,0,0,1,1,6,1,17,4,1248,1,7,8,1,8
2018471804427,2,9,0,2,0,0,0,0,0,0,3,1,6,3,-1,-1,1596,1,7,-1,-1,-1
2018471804427,3,9,0,2,0,0,0,0,0,0,4,1,6,3,-1,-1,1598,1,13,-1,-1,-1
2018471804428,1,11,0,17,0,8,0,0,0,0,0,1,1,1,28,6,5132,2,3,4,1,4
2018471804428,2,9,0,17,0,8,0,0,0,0,0,1,6,1,30,6,-1,-1,-1,-1,-1,-1
2018471804429,1,19,0,1,0,8,0,0,0,0,2,1,6,1,40,7,2460,2,14,7,3,7
2018471804429,2,9,0,9,0,8,0,0,0,0,1,1,6,2,42,7,1598,1,15,6,2,6
2018471804432,1,9,0,9,0,5,0,0,0,0,0,1,1,1,55,8,1968,2,8,6,1,6
2018471804432,2,1,0,18,0,8,0,0,0,0,0,1,1,2,59,9,-1,-1,-1,3,1,3
2018471804434,1,9,0,9,0,8,0,0,0,0,3,1,6,2,70,10,1968,2,2,5,1,5
2018471804434,2,9,0,18,0,3,0,0,0,0,4,1,6,2,42,7,1968,2,3,6,3,6
2018471804440,1,19,0,18,0,0,1,0,0,0,1,1,1,1,29,6,2148,2,13,9,1,9
2018471804440,2,9,0,3,0,0,0,0,0,0,1,1,6,1,52,8,1395,1,1,8,3,8
2018471804441,1,9,0,18,0,0,1,0,1,1,1,1,6,2,66,10,1598,1,4,9,-1,9
2018471804442,1,19,0,18,0,0,0,0,0,0,1,1,1,1,54,8,1560,2,6,8,1,8
2018471804442,2,9,0,18,0,0,0,0,0,0,2,1,2,2,53,8,1560,2,3,8,3,8
2018471804443,1,9,0,2,0,0,0,0,0,0,2,1,6,3,-1,-1,1149,1,6,-1,-1,-1
2018471804445,1,9,0,9,0,8,0,0,0,0,1,1,6,1,28,6,1295,1,27,9,2,9