Accident_Index,Vehicle_Reference,Vehicle_Type,Towing_and_Articulation,Vehicle_Manoeuvre,Vehicle_Location-Restricted_Lane,Junction_Location,Skidding_and_Overturning,Hit_Object_in_Carriageway,Vehicle_Leaving_Carriageway,Hit_Object_off_Carriageway,1st_Point_of_Impact,Was_Vehicle_Left_Hand_Drive?,Journey_Purpose_of_Driver,Sex_of_Driver,Age_of_Driver,Age_Band_of_Driver,Engine_Capacity_(CC),Propulsion_Code,Age_of_Vehicle,Driver_IMD_Decile,Driver_Home_Area_Type,Vehicle_IMD_Decile
2018471804445,2,2,0,18,0,8,0,0,0,0,1,1,6,1,35,6,125,1,11,5,1,5
2018471804446,1,9,0,18,0,0,0,0,1,0,1,1,6,2,40,7,998,1,-1,8,3,8
2018471804446,2,9,0,18,0,0,0,0,1,0,1,1,6,2,75,10,1596,1,16,6,3,6
2018471804447,1,3,0,16,0,1,1,0,0,0,1,1,6,1,14,3,124,1,11,3,1,3
2018471804447,2,3,0,16,0,1,0,0,0,0,1,1,6,3,-1,-1,-1,-1,-1,-1,-1,-1
2018471804448,1,9,0,18,0,2,0,0,1,2,1,1,6,1,35,6,1984,1,12,4,1,4
2018471804453,1,9,0,7,0,3,0,0,7,0,4,1,6,2,28,6,1840,1,18,7,3,7
2018471804453,2,9,0,18,0,4,0,0,0,0,1,1,1,1,37,7,1598,2,1,10,1,10
2018471804455,1,9,0,18,0,8,0,0,0,0,2,1,1,1,51,8,-1,-1,-1,8,1,8
2018471804455,2,9,0,18,0,8,0,0,0,0,1,1,6,1,69,10,2088,2,21,5,1,5
2018471804457,1,9,0,18,0,8,1,0,7,0,4,1,6,3,-1,-1,1149,1,18,-1,-1,-1
2018471804464,1,9,0,18,0,3,1,0,1,2,3,1,6,1,39,7,1995,2,14,3,1,3
2018471804465,1,9,0,18,0,0,0,0,0,0,1,1,6,1,20,4,1968,2,4,10,1,10
2018471804465,2,9,0,4,0,0,0,0,0,0,2,1,2,2,24,5,1398,1,3,5,1,5
2018471804467,1,9,0,18,0,4,0,0,0,0,1,2,3,2,33,6,1595,1,13,7,1,7
2018471804467,2,1,0,18,0,8,0,0,0,0,2,1,2,1,34,6,-1,-1,-1,3,1,3
2018471804469,1,9,0,18,0,0,0,0,0,0,1,1,6,1,34,6,-1,-1,-1,10,2,10
2018471804469,2,9,0,18,0,0,0,0,0,0,2,1,6,2,26,6,1242,1,4,3,1,3
2018471804469,3,9,0,18,0,0,0,0,0,0,2,1,6,1,44,7,998,1,3,8,3,8
2018471804471,1,3,0,18,0,0,0,0,0,0,1,1,1,1,17,4,124,1,-1,4,1,4
2018471804472,1,9,0,18,0,8,0,0,0,0,4,1,6,2,51,8,998,1,2,10,1,10
2018471804472,2,1,0,18,0,8,0,0,0,0,1,1,6,1,51,8,-1,-1,-1,6,1,6
2018471804474,1,9,0,18,0,2,5,0,2,2,1,1,6,1,32,6,1910,2,14,8,1,8
2018471804477,1,9,0,18,0,3,0,11,0,0,1,1,6,2,44,7,2400,2,5,2,1,2
2018471804477,2,9,0,4,0,3,0,0,0,0,2,1,6,2,46,8,1395,1,1,9,1,9
2018471804478,1,9,0,9,0,6,0,0,0,0,4,1,6,1,36,7,1910,2,13,1,1,1
2018471804478,2,9,0,18,0,1,0,0,0,0,1,1,6,1,50,8,1360,1,13,7,1,7
2018471804479,1,1,0,18,0,8,0,0,0,0,2,1,6,1,79,11,-1,-1,-1,-1,-1,-1
2018471804479,2,9,4,18,0,8,0,0,0,0,1,1,6,1,62,9,1591,1,3,9,1,9
2018471804480,1,9,0,4,0,1,0,0,0,0,1,1,6,1,85,11,1798,8,1,6,1,6
2018471804480,2,9,0,3,0,1,0,0,0,0,2,1,6,1,26,6,998,1,5,6,1,6
2018471804482,1,9,0,18,0,1,0,0,1,0,3,1,1,1,41,7,1598,2,1,-1,-1,-1
2018471804482,2,1,0,18,9,1,0,0,0,0,1,1,6,1,33,6,-1,-1,-1,8,1,8
2018471804489,1,19,0,18,0,0,0,0,1,2,1,1,6,1,40,7,1399,2,7,1,1,1
2018471804490,1,9,0,18,0,0,0,10,8,3,1,1,6,1,80,11,1242,1,17,6,3,6
2018471804492,1,9,0,18,0,0,0,0,0,0,1,1,2,1,34,6,1582,2,9,2,1,2
2018471804492,2,9,0,3,0,0,0,0,0,0,2,1,6,1,39,7,1968,2,4,10,1,10
2018471804494,1,9,0,9,0,8,0,0,0,0,4,1,6,1,30,6,1395,1,1,6,1,6
2018471804494,2,1,0,18,0,8,0,0,0,0,1,1,6,1,37,7,-1,-1,-1,4,1,4
2018471804494,3,1,0,18,0,8,0,0,0,0,1,1,6,1,40,7,-1,-1,-1,3,1,3
2018471804495,1,9,0,7,0,8,0,0,7,11,3,1,6,2,17,4,995,1,11,5,1,5
2018471804500,1,5,0,18,0,0,0,0,0,0,1,1,6,1,67,10,1170,1,10,9,2,9
2018471804501,1,4,0,9,0,6,0,0,0,0,1,1,6,2,24,5,124,1,18,5,1,5
2018471804501,2,5,0,18,0,8,0,0,0,0,1,1,1,1,53,8,650,1,20,2,1,2
2018471804502,1,9,0,9,0,2,0,0,0,0,3,1,6,1,34,6,1398,2,6,1,1,1
2018471804502,2,19,0,18,0,1,0,0,0,0,3,1,1,1,23,5,2143,2,-1,6,1,6
2018471804505,1,9,0,18,0,1,0,0,0,0,1,1,6,3,30,6,1248,1,6,-1,-1,-1
2018471804506,1,9,0,7,0,2,0,0,0,0,3,1,6,2,75,10,1339,1,6,9,1,9
2018471804506,2,9,0,18,0,8,0,0,0,0,1,1,6,1,21,5,1149,1,8,-1,-1,-1
2018471804507,1,9,0,5,0,1,0,0,0,0,1,1,1,3,30,6,-1,-1,-1,7,1,7
2018471804507,2,5,0,3,0,1,0,0,0,0,2,1,6,1,57,9,471,1,-1,10,1,10
2018471804509,1,9,0,18,0,4,0,0,0,0,1,1,6,1,61,9,1124,1,15,9,1,9
2018471804509,2,9,0,9,0,3,0,0,0,0,4,1,1,2,52,8,1598,1,13,4,1,4
2018471804510,1,9,0,18,0,0,0,0,0,0,1,1,6,1,26,6,1995,1,13,4,1,4
2018471804510,2,9,0,4,0,0,0,0,0,0,2,1,6,2,71,10,1198,1,3,10,1,10
2018471804510,3,9,0,4,0,0,0,0,0,0,2,1,6,2,38,7,1587,1,15,5,1,5
2018471804510,4,9,0,4,0,0,0,0,0,0,2,1,6,1,31,6,1995,1,11,7,1,7
2018471804512,1,19,0,18,0,1,0,0,0,0,1,1,6,1,40,7,2143,2,9,-1,-1,-1
2018471804512,2,9,0,3,0,1,0,0,0,0,2,1,6,2,42,7,998,1,3,8,1,8
2018471804513,1,9,0,17,0,0,0,0,0,0,1,1,6,1,39,7,1582,2,-1,6,1,6
2018471804513,2,9,0,16,0,0,0,0,0,0,1,1,6,2,56,9,1968,2,7,8,1,8
2018471804514,1,9,0,18,0,0,0,0,0,0,4,1,6,1,94,11,1360,1,8,10,1,10
2018471804515,1,9,0,4,0,1,0,0,0,0,4,1,6,1,38,7,1596,1,15,4,1,4
2018471804515,2,1,0,4,9,6,0,0,0,0,1,1,6,1,7,2,-1,-1,-1,4,1,4
2018471804516,1,1,0,18,5,8,0,0,0,0,1,1,6,1,21,5,-1,-1,-1,2,1,2
2018471804516,2,1,0,18,5,5,0,0,0,0,1,1,6,1,35,6,-1,-1,-1,8,1,8
2018471804517,1,9,0,7,0,4,0,0,0,0,1,1,6,1,19,4,998,1,15,7,1,7
2018471804517,2,3,0,4,0,4,0,0,0,0,2,1,1,1,25,5,125,1,-1,1,1,1
2018471804518,1,9,0,9,0,4,0,0,0,0,1,1,6,1,30,6,1229,1,13,-1,-1,-1
2018471804518,2,9,0,18,0,4,0,0,0,0,1,1,6,2,69,10,1390,1,6,8,1,8
2018471804519,1,1,0,18,0,1,0,0,0,0,0,1,6,2,34,6,-1,-1,-1,5,1,5
2018471804521,1,5,0,18,0,8,0,0,0,0,1,1,6,1,30,6,599,1,21,4,1,4
2018471804521,2,1,0,9,0,8,0,0,0,0,2,1,2,1,35,6,-1,-1,-1,9,1,9
2018471804525,1,5,0,18,0,8,0,0,0,0,1,1,6,1,43,7,599,1,16,1,1,1
2018471804525,2,5,0,18,0,8,0,0,0,0,2,1,6,1,20,4,599,1,12,3,1,3
2018471804527,1,9,0,18,0,2,0,0,0,0,1,1,6,1,86,11,1689,2,15,10,1,10
2018471804527,2,1,0,18,0,8,0,0,0,0,4,1,6,1,49,8,-1,-1,-1,5,2,5
2018471804529,1,1,0,17,0,0,0,0,1,0,0,1,6,1,55,8,-1,-1,-1,5,3,5
2018471804530,1,9,0,9,0,8,0,0,0,0,1,1,6,1,33,6,1596,1,13,1,1,1
2018471804530,2,19,0,18,0,8,0,0,0,0,4,1,6,1,44,7,2198,2,2,8,1,8
2018471804531,1,9,0,9,0,6,0,0,0,0,1,1,6,1,59,9,-1,-1,-1,7,3,7
2018471804531,2,9,0,18,0,8,0,0,0,0,4,1,6,2,31,6,1242,1,6,5,1,5
2018471804533,1,9,0,9,0,8,0,0,0,0,1,1,6,1,41,7,2143,2,7,9,1,9
2018471804533,2,9,0,3,0,8,0,0,0,0,2,1,6,2,28,6,1496,2,1,5,1,5
2018471804534,1,9,0,18,0,0,0,0,0,0,3,1,6,3,-1,-1,1198,1,11,-1,-1,-1
2018471804534,2,9,0,18,0,0,0,0,0,0,3,1,6,2,36,7,2400,2,8,1,1,1
2018471804535,1,9,0,18,0,1,0,0,0,0,1,1,6,1,32,6,1499,1,4,6,1,6
2018471804535,2,9,0,3,0,1,0,0,0,0,2,1,6,2,45,7,-1,-1,-1,2,1,2
2018471804536,1,9,0,18,0,8,0,0,0,0,3,1,6,2,46,8,796,1,15,6,2,6
2018471804538,1,9,0,9,0,6,0,0,0,0,3,1,6,1,58,9,1398,1,3,-1,-1,-1
2018471804538,2,1,0,18,4,1,0,0,0,0,1,1,6,1,26,6,-1,-1,-1,7,1,7
2018471804540,1,9,0,9,0,5,0,0,0,0,1,1,1,1,53,8,1496,2,2,8,1,8
2018471804540,2,9,0,18,0,8,0,0,0,0,1,1,6,1,59,9,1596,1,13,2,1,2
2018471804541,1,9,0,18,0,1,0,0,0,0,1,1,6,1,26,6,1461,2,6,3,1,3
2018471804541,2,9,0,18,0,1,0,0,0,0,2,1,6,1,45,7,1997,1,15,4,1,4
2018471804546,1,4,0,18,0,1,0,0,0,0,1,1,6,2,34,6,399,1,-1,3,1,3
2018471804546,2,9,0,3,0,1,0,0,0,0,2,1,6,2,53,8,1299,1,13,8,3,8
2018471804549,1,21,0,18,0,3,2,0,1,0,4,1,1,1,49,8,-1,-1,-1,3,1,3
2018471804552,1,9,0,18,0,1,0,0,0,0,1,1,6,2,33,6,1896,2,9,6,1,6
2018471804552,2,9,0,9,0,1,0,0,0,0,2,1,6,2,19,4,1299,1,16,7,1,7
2018471804553,1,5,0,18,0,0,0,10,0,0,1,1,6,2,55,8,-1,-1,-1,7,3,7
2018471804554,1,9,0,9,0,8,0,0,0,0,1,1,2,2,62,9,2494,1,15,10,1,10
2018471804554,2,1,0,16,0,8,0,0,0,0,1,1,2,1,63,9,-1,-1,-1,10,1,10
2018471804555,1,9,0,9,0,5,0,0,0,0,4,1,6,1,75,10,1596,1,11,6,3,6
2018471804555,2,4,0,18,0,1,0,0,0,0,1,1,6,1,62,9,344,1,42,10,1,10
2018471804556,1,19,0,1,0,8,0,0,0,0,2,1,6,1,53,8,1248,2,4,5,1,5
2018471804557,1,3,0,17,0,2,0,0,0,0,1,1,2,1,46,8,124,1,-1,8,1,8
2018471804557,2,9,0,16,0,1,0,0,0,0,1,1,6,1,54,8,1984,1,4,7,1,7
2018471804558,1,20,0,18,0,0,5,0,7,4,1,1,6,1,19,4,2999,2,9,7,3,7
2018471804561,1,9,0,18,0,5,0,4,2,10,4,1,6,3,-1,-1,-1,-1,-1,-1,-1,-1
2018471804561,2,90,0,2,0,1,0,0,0,0,4,1,6,1,57,9,-1,-1,-1,6,2,6
2018471804563,1,5,0,13,0,0,0,0,0,0,4,1,1,1,37,7,1170,1,4,8,3,8
2018471804563,2,19,0,18,0,0,0,0,0,0,0,1,1,1,36,7,1997,2,3,3,1,3
2018471804563,3,19,0,18,0,0,0,0,0,0,0,1,1,1,35,6,1995,2,5,2,1,2
2018471804564,1,9,0,18,0,8,0,0,0,0,1,1,6,3,-1,-1,1595,1,8,-1,-1,-1
2018471804564,2,9,0,3,0,8,0,0,0,0,2,1,6,2,71,10,1798,1,4,9,1,9
2018471804565,1,9,0,18,0,2,0,0,0,0,1,1,6,1,18,4,1364,1,9,5,1,5
2018471804565,2,9,0,18,0,2,0,0,0,0,2,1,6,1,45,7,973,1,16,6,1,6
2018471804565,3,8,0,4,0,2,0,0,0,0,2,1,6,1,44,7,1597,2,1,7,1,7
2018471804569,1,9,0,9,0,8,0,0,0,0,1,1,2,1,42,7,1997,2,8,3,1,3
2018471804569,2,9,0,18,0,8,1,0,0,0,1,1,1,1,46,8,-1,-1,-1,2,1,2
2018471804570,1,9,0,18,5,0,0,0,0,0,4,1,6,1,73,10,2199,2,1,7,1,7
2018471804573,1,9,0,16,0,0,0,0,7,0,1,1,6,2,89,11,1242,1,13,7,1,7
2018471804573,2,9,0,17,0,0,0,0,0,0,1,1,6,2,57,9,1598,1,11,9,1,9
2018471804581,1,9,0,18,0,0,0,0,0,0,0,1,6,3,-1,-1,-1,-1,-1,-1,-1,-1
2018471804581,2,9,0,18,0,0,2,4,0,0,1,1,6,1,30,6,2521,1,11,-1,-1,-1
2018471804581,3,9,0,2,0,0,0,0,0,0,1,1,6,3,-1,-1,1798,1,11,-1,-1,-1
2018471804581,4,9,0,2,0,0,0,0,0,0,1,1,6,3,-1,-1,1999,1,9,-1,-1,-1
2018471804581,5,9,0,2,0,0,0,0,0,0,4,1,6,3,-1,-1,998,1,8,-1,-1,-1
2018471804583,1,5,0,13,0,0,0,0,7,10,4,1,2,1,28,6,1050,1,11,9,1,9
2018471804583,2,9,0,13,0,0,0,0,0,0,0,1,6,1,19,4,1796,1,10,7,1,7
2018471804583,3,9,0,18,0,0,0,0,0,0,0,1,6,3,30,6,-1,-1,-1,-1,-1,-1
2018471804584,1,9,0,17,0,0,5,0,1,10,1,1,6,1,56,9,1596,1,12,3,1,3
2018471804586,1,9,0,18,0,0,0,11,0,0,1,1,6,2,37,7,1242,1,18,8,1,8
2018471804587,1,9,0,18,0,8,0,0,0,0,3,1,6,1,44,7,1242,1,2,6,3,6
2018471804587,2,19,0,18,0,8,0,0,0,0,1,1,6,1,44,7,1995,2,11,6,2,6
2018471804591,1,9,0,14,0,0,0,4,0,0,1,1,2,1,40,7,1329,1,3,5,1,5
2018471804591,2,19,0,2,0,0,0,0,0,0,2,1,6,1,26,6,1998,2,13,4,1,4
2018471804592,1,8,0,9,0,8,0,0,0,0,0,1,6,3,-1,-1,-1,-1,-1,-1,-1,-1
2018471804592,2,1,0,18,0,8,1,0,0,0,0,1,6,1,41,7,-1,-1,-1,1,1,1
2018471804595,1,9,0,18,0,8,0,0,0,0,4,1,6,1,37,7,1587,1,13,3,1,3
2018471804595,2,20,0,18,0,8,0,0,0,0,1,1,1,1,39,7,5132,2,4,4,1,4
2018471804596,1,9,0,18,0,4,0,0,0,0,1,1,6,1,71,10,3311,8,11,7,1,7
2018471804596,2,9,0,3,0,4,0,0,0,0,2,1,6,2,23,5,1242,1,5,7,1,7
2018471804599,1,9,0,5,0,8,0,0,0,0,3,1,1,2,47,8,2143,2,-1,7,1,7
2018471804599,2,9,0,18,0,8,0,0,0,0,1,1,6,1,19,4,1197,1,4,1,1,1
2018471804600,1,5,0,18,0,8,1,0,1,10,1,1,6,1,23,5,693,1,1,10,1,10
2018471804602,1,3,0,9,0,6,0,0,0,0,0,1,6,1,62,9,125,1,-1,9,1,9
2018471804603,1,9,0,18,0,2,0,0,0,0,1,1,6,1,71,10,999,1,3,9,2,9
2018471804603,2,11,0,18,0,1,0,0,0,0,1,1,6,1,49,8,4500,2,6,7,1,7
2018471804604,1,9,0,18,0,2,0,0,0,0,1,1,6,1,34,6,1995,2,3,3,1,3
2018471804604,2,9,0,4,0,2,0,0,0,0,2,1,6,1,21,5,-1,-1,-1,1,1,1
2018471804604,3,9,0,4,0,2,0,0,0,0,2,1,6,1,30,6,1560,2,9,6,1,6
2018471804604,4,9,0,4,0,2,0,0,0,0,2,1,6,1,43,7,-1,-1,-1,10,1,10
2018471804605,1,9,0,16,0,2,1,0,0,0,1,1,6,1,28,6,2000,2,13,8,1,8
2018471804605,2,9,0,3,0,1,0,0,0,0,3,1,6,1,21,5,998,1,2,3,1,3
2018471804607,1,9,0,7,0,6,0,0,0,0,3,1,6,2,31,6,1388,1,16,6,1,6
2018471804607,2,5,0,18,0,8,0,0,0,0,1,1,6,1,28,6,599,1,11,7,3,7
2018471804610,1,9,0,18,0,8,0,0,0,0,3,1,6,2,84,11,1396,1,6,7,3,7
2018471804610,2,9,0,9,0,3,0,0,0,0,1,1,6,2,88,11,1200,1,2,5,2,5
2018471804610,3,9,0,10,0,1,0,0,0,0,3,1,6,2,68,10,1124,1,19,9,2,9
2018471804617,1,9,0,18,0,2,0,0,0,0,1,1,6,1,59,9,1999,1,8,5,1,5
2018471804617,2,9,0,4,0,2,0,0,0,0,2,1,6,1,68,10,1598,1,11,8,1,8
2018471804617,3,9,0,18,0,1,0,0,0,0,0,1,6,2,31,6,1997,2,3,5,1,5
2018471804618,1,20,0,9,0,8,0,0,0,0,3,1,6,1,40,7,-1,-1,-1,-1,-1,-1
2018471804618,2,8,0,18,0,8,0,0,0,0,3,1,1,1,63,9,2148,2,9,8,1,8
2018471804619,1,9,5,18,0,8,0,0,0,0,0,1,6,1,-1,-1,-1,-1,-1,-1,-1,-1
2018471804619,2,11,0,5,0,8,0,0,0,0,0,1,6,1,44,7,9360,2,6,6,3,6
2018471804621,1,9,0,18,0,0,0,0,0,0,4,1,6,1,53,8,1999,1,11,6,1,6
2018471804621,2,4,0,18,0,0,0,0,0,0,3,1,6,1,60,9,996,1,17,8,1,8
2018471804623,1,3,0,18,0,8,0,0,0,0,3,1,1,1,30,6,125,1,5,9,1,9
2018471804623,2,1,0,18,4,2,0,0,0,0,2,1,6,1,21,5,-1,-1,-1,1,1,1
2018471804624,1,11,0,17,2,1,0,0,0,0,4,1,1,1,56,9,12778,2,6,6,1,6
2018471804624,2,1,0,17,0,1,0,0,0,0,3,1,6,1,68,10,-1,-1,-1,9,1,9
2018471804625,1,5,0,15,0,2,0,0,0,0,2,1,6,1,34,6,1043,1,2,5,1,5
2018471804625,2,9,0,4,0,2,0,0,0,0,4,1,6,1,19,4,2000,2,14,4,1,4
2018471804626,1,5,0,18,0,0,0,0,0,0,4,1,6,1,30,6,553,1,12,9,1,9
2018471804628,1,9,0,18,0,2,0,0,7,10,1,1,6,2,28,6,1910,2,9,1,1,1
2018471804632,1,5,0,18,0,8,0,12,0,0,1,1,6,1,53,8,1255,1,4,5,1,5
2018471804633,1,1,0,9,0,8,0,0,0,0,1,1,6,1,59,9,-1,-1,-1,9,1,9
2018471804633,2,9,0,9,0,8,0,0,0,0,1,1,6,1,69,10,2926,2,14,9,3,9
2018471804635,1,9,0,18,0,0,0,0,3,1,1,1,6,1,77,11,1584,1,14,1,1,1
2018471804635,2,9,0,18,0,0,0,0,0,0,2,1,6,1,66,10,4921,2,12,-1,-1,-1
2018471804637,1,5,0,13,0,8,0,0,0,0,1,1,6,1,66,10,998,1,10,4,1,4
2018471804637,2,9,0,9,0,8,0,0,0,0,3,1,6,1,67,10,1998,1,15,9,2,9
2018471804639,1,9,0,1,0,8,0,0,0,0,2,1,6,1,20,4,1422,2,17,-1,-1,-1
2018471804639,2,9,0,18,0,2,0,0,0,0,1,1,1,1,24,5,1997,2,2,6,1,6
2018471804647,1,9,0,18,0,5,0,0,0,0,1,1,6,1,64,9,2184,2,13,7,1,7
2018471804647,2,19,0,2,0,8,0,0,0,0,0,1,6,3,-1,-1,-1,-1,-1,-1,-1,-1
2018471804650,1,21,0,18,0,0,0,0,0,0,0,1,6,3,-1,-1,-1,-1,-1,-1,-1,-1
2018471804650,2,9,0,17,0,0,0,0,0,0,1,1,1,2,43,7,998,1,9,9,2,9
2018471804650,3,19,0,16,0,0,0,0,0,0,1,1,1,1,41,7,2464,2,9,7,1,7
2018471804650,4,9,0,16,0,0,0,0,0,0,1,1,1,2,65,9,1395,1,1,7,1,7
2018471804654,1,9,0,18,0,0,0,0,0,0,1,1,1,1,52,8,-1,-1,-1,7,1,7
2018471804654,2,9,0,4,0,0,0,0,0,0,2,1,6,1,26,6,2987,2,2,7,1,7
2018471804655,1,9,0,5,0,6,0,4,0,0,3,1,6,1,84,11,1240,1,10,3,1,3
2018471804655,2,9,0,18,0,8,0,0,0,0,1,1,6,2,56,9,1598,1,5,6,1,6
2018471804655,3,9,0,2,0,1,0,4,0,0,2,2,6,3,-1,-1,-1,-1,-1,-1,-1,-1
2018471804655,4,9,0,2,0,1,0,0,0,0,2,1,6,3,-1,-1,1389,1,17,-1,-1,-1
2018471804656,1,9,0,18,0,0,0,0,0,0,1,1,6,2,18,4,1598,1,13,7,1,7
2018471804656,2,9,0,4,0,0,0,0,0,0,2,1,6,1,76,11,1591,1,1,2,1,2
2018471804657,1,9,0,1,0,0,0,0,1,11,2,1,6,2,51,8,1364,1,4,6,1,6
2018471804658,1,9,0,18,0,8,0,0,0,0,1,1,6,3,-1,-1,1781,1,19,-1,-1,-1
2018471804658,2,9,0,18,0,8,0,0,0,0,1,1,6,2,24,5,1200,1,2,5,2,5
2018471804659,1,19,0,18,0,2,0,0,0,0,1,1,1,1,54,8,2143,2,7,3,1,3
2018471804659,2,9,0,3,0,2,0,0,0,0,2,1,2,2,25,5,1124,1,13,4,1,4
2018471804659,3,9,0,3,0,2,0,0,0,0,2,1,6,2,55,8,1242,1,1,9,1,9
2018471804663,1,8,0,7,0,3,0,0,0,0,3,1,6,1,24,5,1753,2,14,6,1,6
2018471804664,1,9,0,18,0,1,0,0,0,0,1,1,6,3,-1,-1,-1,-1,-1,-1,-1,-1
2018471804664,2,1,0,18,0,1,1,0,0,0,2,1,6,1,38,7,-1,-1,-1,2,1,2
2018471804666,1,9,0,18,0,3,0,0,0,0,3,1,6,1,27,6,1762,1,19,4,1,4
2018471804666,2,9,0,18,0,3,0,0,0,0,4,1,6,2,58,9,2982,2,3,9,1,9
2018471804669,1,9,0,2,0,1,0,0,0,0,3,1,1,1,44,7,1598,2,4,7,1,7
2018471804669,2,1,0,18,0,1,0,0,0,0,1,1,1,1,40,7,-1,-1,-1,2,1,2
2018471804671,1,21,0,18,0,0,0,0,0,0,1,1,1,1,54,8,6700,2,1,8,1,8
2018471804671,2,9,0,4,0,0,0,0,0,0,2,1,6,1,48,8,1248,2,10,6,1,6
2018471804671,3,9,0,4,0,0,0,0,0,0,2,1,6,2,60,9,1998,1,13,8,3,8
2018471804672,1,9,0,9,0,8,0,0,0,0,3,1,6,1,21,5,1388,1,20,2,1,2
2018471804672,2,3,0,18,0,8,0,0,0,0,1,1,1,1,40,7,125,1,3,8,1,8
2018471804675,1,9,0,18,0,0,0,0,0,0,1,1,6,1,50,8,-1,-1,-1,7,1,7
2018471804675,2,9,0,4,0,0,0,0,0,0,2,1,6,2,40,7,1596,1,14,3,1,3
2018471804675,3,9,0,4,0,0,0,0,0,0,2,1,1,1,35,6,1968,2,2,6,1,6
2018471804676,1,9,4,18,0,8,0,0,0,0,1,2,6,1,29,6,-1,-1,-1,-1,-1,-1
2018471804676,2,9,0,7,0,8,0,0,0,0,4,1,6,2,20,4,1398,1,-1,5,1,5
2018471804677,1,9,0,18,0,0,0,0,0,0,1,1,6,2,24,5,998,1,17,5,1,5
2018471804677,2,9,0,10,0,0,0,0,0,0,2,1,6,2,70,10,1397,1,17,8,3,8
2018471804678,1,9,0,1,0,0,0,0,0,0,2,1,6,2,40,7,1248,2,5,6,2,6
2018471804678,2,19,0,3,0,0,0,0,0,0,1,1,6,1,40,7,1248,2,10,6,3,6
2018471804680,1,9,0,18,0,8,0,0,0,0,1,1,2,1,45,7,1994,2,10,7,1,7
2018471804680,2,1,0,9,0,8,0,0,0,0,1,1,6,1,36,7,-1,-1,-1,8,3,8
2018471804681,1,9,0,9,0,8,0,0,0,0,4,1,6,1,75,10,1596,1,6,8,1,8
2018471804681,2,9,0,18,0,8,0,0,0,0,1,1,2,1,19,4,998,1,22,4,1,4
2018471804684,1,9,0,18,0,0,0,0,1,4,1,1,6,2,38,7,1398,1,2,4,1,4
2018471804687,1,9,0,18,0,1,0,0,1,0,1,1,6,3,54,8,-1,-1,-1,-1,-1,-1
2018471804687,2,9,0,4,0,1,0,0,0,0,2,1,6,2,20,4,1242,1,6,4,1,4
2018471804687,3,9,0,7,9,5,0,0,0,0,0,1,6,3,-1,-1,1598,1,12,-1,-1,-1
2018471804690,1,9,0,9,0,0,0,0,0,0,1,1,6,1,58,9,1796,1,18,5,3,5
2018471804690,2,9,0,18,0,0,0,0,0,1,1,1,6,1,70,10,1299,1,15,6,2,6
2018471804694,1,9,0,18,0,0,0,0,0,0,1,1,6,3,-1,-1,-1,-1,-1,-1,-1,-1
2018471804694,2,1,0,18,0,0,0,0,0,0,2,1,2,1,29,6,-1,-1,-1,6,1,6
2018471804695,1,9,0,5,0,1,0,0,0,0,3,1,2,2,27,6,1242,1,5,10,1,10
2018471804695,2,5,0,18,0,1,0,0,7,0,4,1,2,1,20,4,599,1,26,4,1,4
2018471804696,1,9,0,9,0,4,0,9,2,1,1,1,6,1,35,6,1999,1,12,6,1,6
2018471804698,1,9,0,9,0,8,0,0,0,0,1,1,6,2,28,6,1149,1,11,3,1,3
2018471804698,2,9,0,18,0,8,0,0,0,0,1,1,6,1,55,8,1398,1,12,2,1,2
2018471804699,1,9,0,18,0,1,0,0,0,0,1,1,2,1,39,7,1497,8,1,4,1,4
2018471804702,1,3,0,18,0,3,0,0,0,0,1,1,2,1,23,5,125,1,1,3,1,3
2018471804702,2,9,0,18,0,4,0,0,0,0,0,1,6,1,-1,-1,-1,-1,-1,-1,-1,-1
2018471804703,1,4,0,9,0,6,0,0,0,0,1,1,6,1,29,6,125,1,5,8,1,8
2018471804703,2,9,0,12,0,1,0,0,0,0,4,1,6,2,45,7,1595,1,15,7,1,7
2018471804706,1,9,0,18,0,4,0,0,0,0,3,1,6,1,60,9,1398,1,1,4,1,4
2018471804706,2,1,0,7,0,8,0,0,0,0,1,1,6,2,35,6,-1,-1,-1,6,1,6
2018471804708,1,19,0,18,0,1,0,0,0,0,1,1,6,1,49,8,1870,2,14,5,1,5
2018471804710,1,19,0,7,0,6,0,0,0,0,1,1,1,1,31,6,2287,2,-1,4,1,4
2018471804710,2,1,0,18,0,8,0,0,0,0,1,1,2,1,22,5,-1,-1,-1,3,1,3
2018471804711,1,9,0,18,0,2,0,0,0,0,3,1,2,1,44,7,1598,2,2,3,1,3
2018471804713,1,9,0,5,0,0,5,4,0,0,1,1,6,2,68,10,1360,1,9,6,1,6
2018471804713,2,9,0,2,0,0,0,0,0,0,4,1,6,3,-1,-1,1598,1,-1,-1,-1,-1
2018471804717,1,11,0,18,2,8,0,0,0,0,4,1,1,1,37,7,4500,2,3,9,1,9
2018471804732,1,9,0,17,0,0,0,0,7,10,1,1,6,1,55,8,1197,1,2,5,3,5
2018471804732,2,9,0,17,0,0,0,0,0,0,0,1,6,3,-1,-1,-1,-1,-1,-1,-1,-1
2018471804734,1,9,0,18,0,0,0,4,0,0,1,1,6,2,32,6,1598,1,10,10,1,10