Accident_Index,Vehicle_Reference,Vehicle_Type,Towing_and_Articulation,Vehicle_Manoeuvre,Vehicle_Location-Restricted_Lane,Junction_Location,Skidding_and_Overturning,Hit_Object_in_Carriageway,Vehicle_Leaving_Carriageway,Hit_Object_off_Carriageway,1st_Point_of_Impact,Was_Vehicle_Left_Hand_Drive?,Journey_Purpose_of_Driver,Sex_of_Driver,Age_of_Driver,Age_Band_of_Driver,Engine_Capacity_(CC),Propulsion_Code,Age_of_Vehicle,Driver_IMD_Decile,Driver_Home_Area_Type,Vehicle_IMD_Decile
2018471804734,2,9,0,2,0,0,0,0,0,0,2,1,6,3,-1,-1,1998,1,2,-1,-1,-1
2018471804734,3,9,0,2,0,0,0,0,0,0,2,1,6,3,-1,-1,1796,1,11,-1,-1,-1
2018471804735,1,9,0,18,0,0,1,0,7,4,4,2,6,1,40,7,3799,1,3,6,1,6
2018471804739,1,1,0,18,0,6,0,0,0,0,4,1,6,1,39,7,-1,-1,-1,6,1,6
2018471804739,2,9,0,18,0,1,0,0,0,0,1,1,6,1,48,8,-1,-1,-1,4,1,4
2018471804740,1,3,0,6,0,0,0,0,0,0,3,1,6,1,56,9,125,1,1,3,1,3
2018471804740,2,9,0,18,0,0,0,0,0,0,1,1,6,2,49,8,1984,1,-1,4,1,4
2018471804740,3,9,0,18,0,0,0,0,0,0,0,1,6,3,-1,-1,-1,-1,-1,-1,-1,-1
2018471804743,1,1,0,18,0,8,0,0,0,0,1,1,6,1,99,11,-1,-1,-1,-1,-1,-1
2018471804743,2,9,0,7,0,8,0,0,0,0,3,1,6,2,36,7,1685,2,2,6,1,6
2018471804744,1,9,0,18,0,8,0,0,0,0,3,1,6,1,40,7,1197,1,-1,-1,-1,-1
2018471804744,2,3,0,13,0,8,0,10,7,0,4,1,6,1,21,5,125,1,8,6,3,6
2018471804747,1,19,0,13,0,0,0,0,0,0,3,1,6,1,34,6,2148,2,9,3,1,3
2018471804747,2,9,0,11,0,0,0,0,0,0,3,1,6,1,19,4,998,1,8,3,1,3
2018471804748,1,4,0,18,0,0,0,0,0,0,2,1,6,1,53,8,180,1,47,9,1,9
2018471804748,2,90,0,11,0,0,0,0,0,0,1,2,1,1,42,7,7201,2,4,6,1,6
2018471804749,1,9,0,18,0,4,1,7,1,10,1,1,6,1,75,10,2968,1,46,5,3,5
2018471804749,2,9,0,9,0,8,0,0,7,0,4,1,6,2,59,9,1248,2,8,4,1,4
2018471804751,1,9,0,18,0,0,0,0,0,4,1,1,6,1,25,5,3199,1,19,-1,-1,-1
2018471804751,2,90,0,18,0,0,0,0,0,0,3,1,6,2,49,8,2151,2,16,4,1,4
2018471804751,3,9,0,18,0,0,0,0,0,0,0,1,1,1,48,8,1984,1,3,6,1,6
2018471804751,4,9,0,18,0,0,0,0,0,0,0,1,1,1,36,7,1997,2,1,6,1,6
2018471804751,5,9,0,2,0,0,0,0,0,0,0,1,6,3,-1,-1,2198,1,14,-1,-1,-1
2018471804753,1,19,0,16,0,0,5,0,0,0,1,1,6,1,44,7,1560,2,-1,-1,-1,-1
2018471804753,2,9,0,17,0,0,0,0,0,0,3,1,6,1,61,9,4164,2,12,5,1,5
2018471804755,1,19,0,12,0,3,1,0,0,0,1,1,6,1,31,6,2402,2,16,3,1,3
2018471804755,2,5,0,18,0,3,0,0,0,0,1,1,6,1,54,8,1352,1,8,7,1,7
2018471804756,1,9,0,9,0,8,0,0,0,0,1,1,6,1,56,9,999,1,7,6,1,6
2018471804756,2,8,0,18,0,8,0,0,1,11,1,1,1,1,47,8,1997,2,10,4,1,4
2018471804758,1,9,4,5,0,4,0,0,0,0,1,1,6,1,69,10,-1,-1,-1,6,1,6
2018471804758,2,9,0,4,0,4,0,0,0,0,2,1,6,2,33,6,1598,1,5,4,1,4
2018471804760,1,19,0,11,0,8,0,0,0,0,1,2,6,1,26,6,-1,-1,-1,-1,-1,-1
2018471804760,2,9,0,7,0,8,0,0,0,0,1,1,6,1,38,7,998,1,-1,8,3,8
2018471804761,1,9,0,17,0,2,2,0,7,9,1,1,1,1,27,6,1229,1,8,6,1,6
2018471804762,1,9,0,17,0,0,0,0,7,4,1,1,6,1,20,4,1598,1,16,9,1,9
2018471804768,1,9,0,18,0,4,0,0,0,0,1,1,6,1,29,6,1753,2,11,4,1,4
2018471804768,2,1,0,18,0,8,0,0,0,0,2,1,6,1,41,7,-1,-1,-1,8,1,8
2018471804769,1,9,0,9,0,2,0,0,0,0,3,1,6,1,30,6,1800,1,18,3,1,3
2018471804773,1,19,0,18,0,1,0,0,0,0,1,1,6,1,40,7,2198,2,3,8,1,8
2018471804773,2,9,0,10,0,1,0,0,0,0,2,1,6,2,55,8,2997,1,11,9,1,9
2018471804774,1,4,0,18,9,1,0,0,0,0,1,1,6,3,40,7,-1,-1,-1,-1,-1,-1
2018471804774,2,19,0,2,9,1,0,0,0,0,0,1,6,3,-1,-1,-1,-1,-1,-1,-1,-1
2018471804776,1,9,0,18,0,0,0,0,0,0,1,1,6,2,82,11,1360,1,15,4,1,4
2018471804776,2,9,0,3,0,0,0,0,0,0,2,1,6,1,47,8,2393,1,13,5,2,5
2018471804779,1,9,0,18,5,1,0,0,0,0,1,1,6,1,41,7,1995,2,16,7,1,7
2018471804779,2,1,0,18,5,1,0,0,0,0,3,1,6,2,27,6,-1,-1,-1,10,3,10
2018471804780,1,9,0,7,0,8,0,0,0,0,4,1,6,2,28,6,1499,1,3,7,1,7
2018471804780,2,9,0,18,0,8,0,0,0,0,3,1,6,2,29,6,1560,2,3,5,1,5
2018471804781,1,1,0,18,0,0,0,0,0,0,1,1,6,1,29,6,-1,-1,-1,9,2,9
2018471804781,2,9,0,17,0,0,0,0,0,0,1,1,6,1,47,8,1390,1,6,8,-1,8
2018471804785,1,5,0,16,0,0,0,0,0,0,1,1,6,1,57,9,999,1,8,10,1,10
2018471804785,2,19,0,17,0,0,1,0,0,0,1,1,1,1,31,6,2402,2,10,7,1,7
2018471804787,1,9,0,1,9,6,0,0,0,0,2,1,6,1,48,8,1984,1,11,8,1,8
2018471804787,2,9,0,18,0,1,0,0,0,0,4,1,1,1,50,8,1956,2,5,3,1,3
2018471804788,1,9,0,18,0,1,0,0,5,2,1,1,6,1,39,7,1599,1,14,8,2,8
2018471804790,1,4,0,7,0,1,0,0,0,0,1,1,6,1,29,6,124,1,1,3,1,3
2018471804790,2,9,0,7,0,1,0,0,0,0,2,1,6,2,40,7,796,1,15,-1,-1,-1
2018471804794,1,9,0,1,0,8,0,0,0,0,2,1,1,2,26,6,2000,2,9,8,2,8
2018471804794,2,1,0,18,0,8,0,0,0,0,4,1,6,2,30,6,-1,-1,-1,6,1,6
2018471804795,1,9,4,5,0,4,0,0,0,0,4,1,6,1,50,8,2393,2,1,3,1,3
2018471804795,2,9,0,2,0,4,0,0,0,0,0,1,6,3,-1,-1,-1,-1,-1,-1,-1,-1
2018471804796,1,9,0,18,0,1,0,0,1,2,1,1,6,1,70,10,2979,1,18,6,1,6
2018471804797,1,9,0,5,0,8,0,0,0,0,1,1,6,1,50,8,1596,1,9,6,1,6
2018471804797,2,4,0,18,0,8,0,0,0,0,4,1,6,1,48,8,108,1,7,1,1,1
2018471804802,1,9,0,14,0,0,0,0,0,0,1,1,6,1,73,10,3050,2,25,9,3,9
2018471804802,2,9,0,3,0,0,0,0,0,0,2,1,6,1,59,9,1997,2,10,9,2,9
2018471804802,3,9,0,3,0,0,0,0,0,0,2,1,6,1,53,8,1332,1,8,10,1,10
2018471804802,4,19,0,2,0,0,0,0,0,0,0,1,6,3,-1,-1,-1,-1,-1,-1,-1,-1
2018471804805,1,9,0,13,0,1,0,0,7,4,1,1,6,1,48,8,1560,2,7,6,3,6
2018471804805,2,17,0,9,0,8,0,0,0,0,0,1,1,1,29,6,-1,2,5,4,1,4
2018471804806,1,9,0,18,0,0,0,0,1,0,3,1,6,1,46,8,1560,2,8,4,1,4
2018471804806,2,9,0,18,0,0,0,0,0,0,3,1,6,1,78,11,1396,1,6,6,1,6
2018471804807,1,9,0,5,0,0,1,7,7,10,1,1,6,1,41,7,3500,1,15,4,1,4
2018471804807,2,9,0,2,6,0,0,0,0,0,2,1,6,3,-1,-1,1587,1,13,-1,-1,-1
2018471804807,3,9,0,2,6,0,0,0,0,0,2,1,6,3,-1,-1,999,1,1,-1,-1,-1
2018471804809,1,21,0,7,0,8,0,0,0,0,3,1,1,1,35,6,9290,2,7,2,1,2
2018471804809,2,9,0,17,0,8,0,0,0,0,4,1,6,2,61,9,2720,2,12,9,1,9
2018471804812,1,9,0,18,0,1,0,0,0,0,1,1,6,1,36,7,1390,1,6,2,1,2
2018471804812,2,9,0,3,0,1,0,0,0,0,2,1,6,2,36,7,1596,1,15,7,1,7
2018471804813,1,8,0,9,0,8,0,0,0,0,4,1,6,1,19,4,-1,-1,-1,5,1,5
2018471804813,2,9,0,18,0,1,0,0,0,0,1,1,6,2,27,6,1998,1,-1,10,1,10
2018471804816,1,19,0,18,0,0,2,0,1,9,1,1,6,1,71,10,1461,2,13,10,1,10
2018471804817,1,19,0,1,0,2,0,0,0,0,2,1,1,1,40,7,2488,2,6,5,1,5
2018471804820,1,9,0,6,0,0,1,0,0,0,1,1,6,1,37,7,1686,2,8,6,1,6
2018471804820,2,9,0,18,0,0,1,0,0,0,1,1,6,1,69,10,1395,1,3,7,3,7
2018471804820,3,19,0,18,0,0,0,0,0,0,1,1,6,1,51,8,1753,2,6,8,3,8
2018471804821,1,9,0,18,0,8,0,0,0,0,1,1,6,1,61,9,-1,-1,-1,10,1,10
2018471804821,2,9,0,2,0,8,0,0,0,0,4,1,6,3,-1,-1,1198,1,11,-1,-1,-1
2018471804821,3,9,0,2,0,8,0,0,0,0,2,1,6,3,-1,-1,1997,2,13,-1,-1,-1
2018471804821,4,9,0,2,0,8,0,0,0,0,3,1,6,3,-1,-1,2494,1,14,-1,-1,-1
2018471804821,5,9,0,2,0,8,0,0,7,0,1,1,6,3,-1,-1,1598,1,9,-1,-1,-1
2018471804821,6,9,0,2,0,8,0,0,0,0,2,1,6,3,-1,-1,3192,1,11,-1,-1,-1
2018471804824,1,4,0,18,0,1,0,0,0,0,0,1,1,1,24,5,398,1,13,2,1,2
2018471804824,2,9,0,18,0,1,1,0,0,0,2,1,6,1,38,7,1999,1,11,8,1,8
2018471804824,3,9,0,7,0,6,0,0,0,0,0,1,6,2,40,7,-1,-1,-1,-1,-1,-1
2018471804824,4,20,0,4,0,1,0,0,0,0,0,1,6,1,40,7,-1,-1,-1,-1,-1,-1
2018471804825,1,9,0,9,0,8,0,0,0,0,4,1,6,1,57,9,2497,2,16,8,3,8
2018471804827,1,9,0,5,0,4,0,0,0,0,1,1,6,1,19,4,998,1,5,8,1,8
2018471804827,2,9,0,4,0,4,0,0,0,0,2,1,6,2,36,7,998,1,-1,4,1,4
2018471804831,1,9,0,7,0,6,0,0,0,0,3,1,6,2,28,6,1587,1,12,7,1,7
2018471804831,2,1,0,18,9,1,0,0,0,0,1,1,6,1,63,9,-1,-1,-1,8,1,8
2018471804832,1,9,0,9,0,8,0,0,1,1,1,1,6,2,39,7,1499,1,1,8,1,8
2018471804833,1,9,0,9,0,6,0,0,0,0,1,1,6,2,51,8,-1,-1,-1,7,1,7
2018471804833,2,9,0,18,0,1,0,0,0,0,1,1,6,2,72,10,1248,1,9,4,1,4
2018471804835,1,9,0,9,0,6,0,0,0,0,1,1,6,1,81,11,1229,1,13,7,1,7
2018471804835,2,9,0,18,0,8,0,0,0,0,1,1,1,1,64,9,1598,2,1,6,1,6
2018471804836,1,9,0,18,0,0,0,0,0,0,1,1,6,1,36,7,1598,2,3,3,1,3
2018471804836,2,1,0,18,0,0,0,0,0,0,2,1,6,1,39,7,-1,-1,-1,7,2,7
2018471804837,1,9,0,7,0,8,0,0,0,0,3,1,1,1,35,6,1997,2,5,3,1,3
2018471804837,2,1,0,18,0,8,0,0,0,0,4,1,6,1,20,4,-1,-1,-1,1,1,1
2018471804838,1,9,0,18,0,2,0,0,0,0,1,1,6,3,24,5,-1,-1,-1,-1,-1,-1
2018471804838,2,1,0,18,0,2,0,0,0,0,2,1,6,1,24,5,-1,-1,-1,2,1,2
2018471804841,1,9,0,1,0,1,0,0,0,0,2,1,2,2,41,7,1586,1,15,-1,-1,-1
2018471804845,1,9,0,17,0,0,2,0,1,4,1,1,6,1,37,7,1598,1,12,8,3,8
2018471804846,1,9,0,11,0,0,0,0,0,0,3,1,6,1,20,4,999,1,6,10,1,10
2018471804846,2,5,0,18,0,0,0,0,0,0,1,1,6,1,41,7,1450,1,18,8,3,8
2018471804846,3,9,0,18,0,0,1,0,0,0,1,1,6,1,35,6,1986,2,10,5,1,5
2018471804848,1,9,0,18,0,8,0,0,0,0,4,1,6,1,57,9,1956,2,5,8,1,8
2018471804848,2,5,0,18,0,8,0,0,0,0,3,1,6,1,44,7,999,1,8,8,1,8
2018471804849,1,9,0,9,0,8,0,0,0,0,1,1,6,1,30,6,998,1,11,8,1,8
2018471804849,2,9,0,18,0,8,0,0,0,0,1,1,6,1,57,9,1598,2,4,4,1,4
2018471804852,1,9,0,18,0,0,1,0,0,0,1,1,6,1,36,7,2993,2,12,3,1,3
2018471804852,2,9,0,3,0,0,0,0,0,0,2,1,6,1,51,8,1896,2,14,4,1,4
2018471804852,3,9,0,3,0,0,0,0,0,0,2,1,6,2,39,7,1248,1,5,6,2,6
2018471804853,1,9,0,18,0,8,0,0,0,0,1,1,6,3,-1,-1,-1,-1,-1,-1,-1,-1
2018471804855,1,9,0,18,0,0,0,0,0,0,3,1,6,3,-1,-1,-1,-1,-1,-1,-1,-1
2018471804857,1,9,0,18,0,1,0,0,0,0,1,1,6,1,79,11,1968,2,1,2,2,2
2018471804857,2,9,0,18,0,1,0,0,0,0,3,1,6,2,28,6,1618,1,-1,7,1,7
2018471804857,3,9,0,18,0,8,0,0,0,0,1,1,6,1,62,9,999,1,-1,6,3,6
2018471804857,4,9,0,18,0,8,0,0,0,0,2,1,6,1,84,11,1968,2,5,4,2,4
2018471804857,5,9,0,18,0,2,0,0,0,0,2,1,1,1,65,9,2295,1,19,3,1,3
2018471804858,1,9,0,18,0,0,1,0,2,4,4,1,6,2,45,7,1598,1,20,10,2,10
2018471804860,1,9,0,5,0,6,0,0,0,0,3,1,6,2,41,7,998,1,5,7,1,7
2018471804860,2,3,0,18,0,8,0,0,0,0,1,1,2,1,22,5,125,1,5,1,1,1
2018471804861,1,9,0,9,0,5,0,0,0,0,1,1,6,1,86,11,1995,2,5,10,1,10
2018471804861,2,1,0,18,0,8,0,0,0,0,3,1,6,2,37,7,-1,-1,-1,2,1,2
2018471804862,1,9,0,18,0,8,0,0,0,0,1,1,1,1,67,10,2993,2,3,10,3,10
2018471804862,2,9,0,18,0,8,0,0,0,0,3,1,2,2,26,6,1242,1,11,9,1,9
2018471804863,1,9,0,18,0,0,2,0,1,9,1,1,6,1,44,7,1910,2,10,7,1,7
2018471804864,1,5,0,18,0,0,0,0,0,0,1,1,6,1,45,7,1170,1,-1,-1,-1,-1
2018471804864,2,20,0,7,0,0,0,0,0,0,2,1,1,1,38,7,-1,-1,-1,-1,-1,-1
2018471804870,1,9,0,18,0,0,0,0,0,0,1,1,6,1,59,9,1599,1,16,6,1,6
2018471804870,2,9,0,18,0,0,0,0,0,0,2,1,6,1,47,8,1596,1,7,10,1,10
2018471804871,1,9,0,17,0,0,2,0,1,4,4,1,6,1,18,4,998,1,8,8,1,8
2018471804874,1,9,0,18,0,0,0,0,0,0,1,1,6,1,18,4,1328,1,11,7,3,7
2018471804874,2,1,0,18,0,0,0,0,0,0,3,1,6,1,41,7,-1,-1,-1,7,1,7
2018471804875,1,1,0,18,0,1,0,0,0,0,1,1,6,1,13,3,-1,-1,-1,9,1,9
2018471804875,2,9,0,18,0,2,0,0,0,0,1,1,4,1,69,10,1596,1,16,6,1,6
2018471804878,1,9,0,5,0,0,0,0,0,0,3,1,6,1,78,11,1598,1,18,9,1,9
2018471804878,2,1,0,18,0,0,0,0,0,0,4,1,1,1,34,6,-1,-1,-1,9,1,9
2018471804881,1,21,1,16,0,0,0,0,0,0,4,1,6,3,-1,-1,-1,-1,-1,-1,-1,-1
2018471804882,1,9,0,2,0,0,0,0,0,0,3,1,6,3,-1,-1,1349,1,4,-1,-1,-1
2018471804882,2,1,0,18,0,0,0,0,0,0,4,1,6,2,64,9,-1,-1,-1,4,1,4
2018471804883,1,3,0,16,0,1,1,10,3,1,1,1,2,1,28,6,125,1,4,9,1,9
2018471804886,1,9,0,7,0,5,0,0,0,0,1,1,6,1,51,8,1341,1,15,3,1,3
2018471804887,1,2,0,18,0,0,0,0,0,0,1,1,6,1,18,4,49,1,11,-1,-1,-1
2018471804887,2,9,0,2,0,0,0,0,0,0,2,1,6,3,-1,-1,1200,1,-1,-1,-1,-1
2018471804888,1,9,0,18,0,1,0,0,0,0,1,1,6,1,18,4,1199,1,14,7,1,7
2018471804888,2,9,0,4,0,1,0,0,0,0,2,1,6,1,26,6,1600,1,7,4,1,4
2018471804888,3,20,0,3,0,1,0,0,0,0,0,1,6,1,-1,-1,-1,-1,-1,-1,-1,-1
2018471804892,1,11,0,4,0,2,0,0,0,0,0,1,1,1,30,6,9000,2,9,5,1,5
2018471804894,1,9,0,16,0,0,0,0,7,0,3,1,6,2,58,9,1689,2,14,6,3,6
2018471804894,2,9,0,17,0,0,0,0,0,0,3,1,6,1,62,9,-1,-1,-1,1,1,1
2018471804895,1,5,0,18,0,0,1,0,0,0,1,1,6,1,52,8,1052,1,24,2,1,2
2018471804895,2,9,0,4,0,0,0,0,0,0,2,1,6,2,39,7,1395,1,-1,6,3,6
2018471804895,3,9,0,12,0,0,0,0,0,0,0,1,6,3,-1,-1,-1,-1,-1,-1,-1,-1
2018471804895,4,9,0,11,0,0,0,0,0,0,0,1,6,3,-1,-1,-1,-1,-1,-1,-1,-1
2018471804896,1,9,0,5,0,4,0,0,0,0,1,1,6,1,39,7,3956,2,1,5,1,5
2018471804896,2,9,0,18,0,8,0,0,0,0,4,1,6,1,40,7,1461,2,1,6,1,6
2018471804897,1,9,0,4,0,1,0,0,0,0,1,1,6,1,35,6,1686,2,12,-1,-1,-1
2018471804897,2,9,0,4,0,1,0,0,0,0,2,1,6,1,22,5,-1,-1,-1,10,1,10
2018471804897,3,9,0,7,0,3,0,0,0,0,0,1,1,1,-1,-1,-1,-1,-1,-1,-1,-1
2018471804898,1,19,0,9,0,6,0,0,0,0,3,1,1,1,38,7,1598,2,3,2,1,2
2018471804898,2,4,0,14,0,8,0,0,0,0,1,1,6,1,24,5,249,1,2,8,2,8
2018471804898,3,9,0,4,0,1,0,0,0,0,0,1,6,2,39,7,1997,2,5,8,1,8
2018471804901,1,19,0,7,0,2,0,0,0,0,1,1,1,1,65,9,2402,2,7,4,1,4
2018471804901,2,8,0,18,0,1,1,4,1,11,1,1,1,1,38,7,1197,1,5,5,1,5
2018471804901,3,9,0,2,0,1,0,0,1,0,2,1,6,3,-1,-1,1598,2,5,-1,-1,-1
2018471804902,1,1,0,16,9,8,0,0,0,0,1,1,1,1,33,6,-1,-1,-1,5,1,5
2018471804902,2,9,0,9,0,8,0,0,0,0,4,1,2,1,20,4,998,1,1,5,1,5
2018471804903,1,19,0,18,0,2,0,0,0,0,1,1,1,1,25,5,2198,2,2,-1,-1,-1
2018471804903,2,3,0,3,0,2,0,0,0,0,4,1,2,1,34,6,125,1,11,3,1,3
2018471804903,3,9,0,3,0,2,0,0,0,0,2,1,1,1,27,6,-1,-1,-1,4,1,4
2018471804905,1,9,0,18,0,2,1,0,0,0,1,2,6,1,49,8,1796,1,4,8,1,8
2018471804905,2,9,0,18,0,2,0,0,0,0,1,2,6,1,72,10,1560,2,3,8,1,8
2018471804906,1,9,0,9,0,8,0,0,0,0,4,1,6,2,21,5,1360,1,12,1,1,1
2018471804906,2,3,0,18,0,8,0,0,0,0,1,1,6,1,27,6,125,1,3,1,1,1
2018471804908,1,9,0,18,0,0,0,0,0,0,1,1,6,1,53,8,2460,2,21,2,1,2
2018471804908,2,9,0,3,0,0,0,0,0,0,2,1,6,2,49,8,1984,1,5,7,1,7
2018471804908,3,9,0,3,0,0,0,0,0,0,2,1,6,1,41,7,1997,1,17,5,2,5
2018471804910,1,9,0,6,0,2,0,0,0,0,0,1,6,3,-1,-1,-1,-1,-1,-1,-1,-1
2018471804910,2,11,0,5,0,2,0,0,0,0,0,1,1,1,50,8,9360,2,5,3,1,3
2018471804913,1,9,0,18,0,0,0,0,0,0,1,1,6,1,19,4,1360,1,9,9,2,9
2018471804913,2,9,0,18,0,0,0,0,0,0,1,1,6,1,23,5,1197,1,2,5,1,5
2018471804913,3,9,0,18,0,0,0,0,0,0,1,1,6,1,29,6,2497,1,11,4,1,4
2018471804914,1,19,0,9,0,4,0,0,0,0,1,1,6,1,63,9,2198,2,8,9,-1,9
2018471804914,2,9,0,18,0,8,0,0,0,0,4,1,6,2,61,9,1339,1,7,7,1,7
2018471804918,1,9,0,9,0,8,0,0,0,0,1,1,1,1,57,9,2967,1,16,6,1,6
2018471804918,2,9,0,18,0,8,0,0,0,0,4,1,1,2,18,4,-1,-1,-1,7,3,7
2018471804919,1,3,0,14,0,8,0,0,0,0,4,1,6,1,24,5,125,1,2,8,1,8
2018471804919,2,9,0,7,0,6,0,0,0,0,1,1,6,1,54,8,1589,1,20,10,1,10
2018471804919,3,9,0,3,0,1,0,0,0,0,0,1,6,3,-1,-1,-1,-1,-1,-1,-1,-1
2018471804922,1,9,0,18,0,1,2,0,2,10,1,1,6,1,25,5,-1,-1,-1,3,1,3
2018471804922,2,9,0,4,0,1,0,0,0,0,2,1,6,2,44,7,1395,1,2,3,1,3
2018471804926,1,9,0,18,0,4,0,0,0,0,1,1,6,1,30,6,1796,1,12,9,1,9
2018471804926,2,9,0,3,0,4,0,0,0,0,2,1,2,2,29,6,999,1,2,6,1,6
2018471804928,1,9,0,9,0,6,0,0,0,0,1,1,6,1,40,7,1984,1,9,7,3,7
2018471804928,2,5,0,18,0,8,0,0,0,0,4,1,6,1,57,9,800,1,3,2,1,2
2018471804929,1,9,0,18,0,1,0,0,0,0,1,1,6,1,53,8,1984,1,17,7,1,7
2018471804930,1,9,5,9,0,8,0,0,0,0,0,1,6,1,24,5,-1,-1,-1,7,2,7
2018471804930,2,9,5,9,0,8,0,0,0,0,3,1,6,1,26,6,1598,1,14,7,1,7
2018471804930,3,9,0,18,0,8,0,0,0,0,1,1,6,1,48,8,1984,1,16,8,1,8
2018471804933,1,19,0,6,0,8,0,0,0,0,3,1,1,1,55,8,1995,2,1,5,1,5
2018471804933,2,5,0,18,0,8,1,0,0,0,1,1,6,1,25,5,847,1,3,8,3,8
2018471804934,1,9,0,18,0,4,0,0,1,1,1,1,6,1,40,7,1753,2,10,10,1,10
2018471804935,1,9,0,18,0,0,0,0,0,0,1,1,6,2,85,11,998,1,2,6,3,6
2018471804936,1,9,0,9,0,6,0,0,0,0,3,1,1,2,21,5,1242,1,7,9,1,9
2018471804936,2,3,0,15,0,8,0,0,0,0,1,1,6,1,21,5,125,1,4,5,1,5
2018471804937,1,1,0,18,9,0,0,0,0,0,3,1,6,2,22,5,-1,-1,-1,5,3,5
2018471804937,2,9,0,18,0,0,1,0,0,0,1,1,6,1,22,5,1598,1,21,10,1,10
2018471804937,3,9,0,3,0,0,0,0,0,0,0,1,6,2,57,9,1995,1,7,4,1,4
2018471804938,1,9,0,16,0,0,0,0,0,0,1,1,6,1,66,10,1679,1,21,5,3,5
2018471804938,2,19,0,4,0,0,0,0,0,0,2,1,1,1,50,8,1968,2,-1,6,1,6
2018471804940,1,9,0,17,0,0,1,0,1,0,1,1,6,1,20,4,1997,1,12,9,3,9
2018471804940,2,9,0,5,0,0,0,0,1,0,2,1,1,1,69,10,1560,2,7,5,2,5
2018471804942,1,9,0,18,0,0,0,0,1,3,1,1,6,1,17,4,-1,-1,-1,10,3,10
2018471804943,1,20,0,9,0,6,0,0,0,0,1,1,1,1,30,6,2143,2,-1,2,1,2
2018471804943,2,5,0,3,0,8,0,0,0,0,1,1,2,1,49,8,1140,1,-1,6,1,6
2018471804944,1,19,0,9,0,6,0,0,0,0,1,1,1,1,49,8,1998,2,13,7,3,7
2018471804944,2,9,0,7,0,6,0,0,0,0,1,1,1,2,38,7,1248,1,7,3,1,3
2018471804944,3,9,0,2,9,1,0,0,0,0,0,1,6,3,-1,-1,1997,2,11,-1,-1,-1
2018471804945,1,9,0,5,0,0,0,0,0,0,3,1,6,1,42,7,1560,2,4,1,1,1
2018471804945,2,19,0,18,0,0,0,0,0,0,1,1,1,1,41,7,2299,2,5,4,1,4
2018471804946,1,9,0,18,0,0,0,0,0,0,3,1,6,3,-1,-1,-1,-1,-1,-1,-1,-1
2018471804946,2,9,0,18,0,0,0,0,0,0,3,1,6,2,23,5,1598,1,5,5,1,5
2018471804947,1,9,0,9,0,8,0,0,0,0,4,1,6,2,43,7,1596,1,17,10,2,10
2018471804947,2,9,0,18,0,8,0,10,0,0,1,1,2,1,29,6,1988,1,15,7,3,7
2018471804951,1,9,0,18,0,1,0,0,0,0,4,1,6,3,40,7,-1,-1,-1,-1,-1,-1
2018471804951,2,1,0,18,0,1,0,0,0,0,3,1,6,1,20,4,-1,-1,-1,2,1,2
2018471804952,1,9,0,17,0,0,0,0,1,4,4,1,2,2,41,7,-1,-1,-1,10,3,10
2018471804954,1,19,0,18,0,1,0,0,0,0,1,1,6,1,37,7,2198,2,4,2,1,2
2018471804954,2,1,0,10,0,1,0,0,0,0,2,1,6,2,32,6,-1,-1,-1,3,1,3
2018471804955,1,9,0,9,0,8,0,0,0,0,1,1,6,1,59,9,2685,2,14,8,1,8
2018471804957,1,9,0,12,0,0,0,0,0,0,2,1,2,1,55,8,1397,1,7,5,3,5
2018471804957,2,5,0,18,0,0,0,0,0,0,1,1,6,1,29,6,599,1,11,6,1,6
2018471804960,1,9,0,17,0,0,1,0,1,0,1,1,6,1,21,5,1242,1,10,8,1,8
2018471804960,2,9,0,2,0,0,0,0,0,0,2,1,6,3,-1,-1,1390,1,5,-1,-1,-1
2018471804960,3,9,0,2,0,0,0,0,0,0,2,1,6,3,-1,-1,1149,1,8,-1,-1,-1
2018471804961,1,9,0,18,0,8,0,0,0,0,1,1,6,2,63,9,1600,1,14,9,1,9
2018471804961,2,2,0,9,0,4,0,0,0,0,3,1,2,2,63,9,108,1,4,4,1,4
2018471804962,1,9,3,18,0,0,0,0,0,0,1,1,6,1,71,10,1798,1,3,-1,-1,-1
2018471804962,2,21,0,18,0,0,0,0,0,0,3,1,1,2,23,5,-1,-1,-1,6,3,6
2018471804962,3,19,0,18,0,0,0,0,0,0,1,1,1,1,50,8,1997,2,1,5,1,5
2018471804963,1,9,0,18,0,0,0,0,0,0,4,1,3,2,33,6,2179,2,3,3,1,3
2018471804964,1,9,0,9,0,6,0,0,0,0,1,1,3,2,41,7,1796,1,9,8,1,8
2018471804964,2,1,0,18,0,8,0,0,0,0,1,1,2,1,45,7,-1,-1,-1,8,1,8
2018471804965,1,9,0,18,0,0,0,0,0,0,1,1,6,2,44,7,1560,2,-1,8,1,8
2018471804965,2,9,0,18,0,0,0,0,0,0,2,1,6,2,55,8,1248,1,4,9,1,9
2018471804965,3,9,0,2,0,0,0,0,0,0,0,1,1,1,48,8,2993,2,2,9,2,9
2018471804966,1,9,0,8,0,4,0,0,0,0,1,1,3,2,31,6,1596,1,12,9,1,9
2018471804968,1,9,0,7,0,1,0,0,0,0,1,1,2,2,46,8,1598,1,13,6,1,6