Accident_Index,Vehicle_Reference,Vehicle_Type,Towing_and_Articulation,Vehicle_Manoeuvre,Vehicle_Location-Restricted_Lane,Junction_Location,Skidding_and_Overturning,Hit_Object_in_Carriageway,Vehicle_Leaving_Carriageway,Hit_Object_off_Carriageway,1st_Point_of_Impact,Was_Vehicle_Left_Hand_Drive?,Journey_Purpose_of_Driver,Sex_of_Driver,Age_of_Driver,Age_Band_of_Driver,Engine_Capacity_(CC),Propulsion_Code,Age_of_Vehicle,Driver_IMD_Decile,Driver_Home_Area_Type,Vehicle_IMD_Decile
2018471804969,1,20,0,18,0,4,0,0,0,0,4,1,6,1,49,8,4500,2,1,5,1,5
2018471804969,2,9,0,18,0,4,0,0,0,0,3,1,6,2,47,8,2400,2,6,9,1,9
2018471804970,1,9,0,18,0,6,0,0,0,0,0,1,6,3,40,7,-1,-1,-1,-1,-1,-1
2018471804970,2,1,0,18,0,1,1,0,0,0,0,1,6,2,47,8,-1,-1,-1,2,1,2
2018471804971,1,9,0,18,0,1,0,0,0,0,1,1,1,1,59,9,1910,2,12,7,1,7
2018471804971,2,19,0,3,0,1,0,0,0,0,2,1,1,1,27,6,2402,2,11,7,1,7
2018471804971,3,19,0,10,0,1,0,0,0,0,0,1,6,1,52,8,-1,-1,-1,-1,-1,-1
2018471804972,1,9,0,5,0,0,0,0,0,0,4,1,1,1,22,5,1373,1,2,2,1,2
2018471804974,1,3,0,13,0,1,0,0,7,4,4,1,6,1,19,4,124,1,1,5,2,5
2018471804974,2,9,0,9,0,8,0,0,0,0,3,1,1,1,38,7,1200,1,4,8,3,8
2018471804978,1,9,0,18,0,2,0,0,0,0,4,1,2,1,19,4,1598,1,11,5,1,5
2018471804979,1,1,0,12,0,0,0,0,0,0,2,1,6,1,71,10,-1,-1,-1,8,3,8
2018471804979,2,11,0,18,0,0,0,0,7,0,1,1,1,1,59,9,6696,2,5,9,2,9
2018471804980,1,9,0,18,0,4,0,0,0,0,1,1,6,3,-1,-1,1596,1,11,-1,-1,-1
2018471804980,2,9,0,9,0,4,0,0,0,0,1,1,6,2,31,6,1586,1,9,6,1,6
2018471804981,1,20,0,18,0,0,0,0,0,0,1,1,1,1,48,8,5193,2,2,2,1,2
2018471804987,1,9,0,9,0,6,0,0,0,0,4,1,6,1,76,11,-1,-1,-1,7,1,7
2018471804987,2,5,0,18,0,8,0,4,0,0,1,1,6,1,47,8,599,1,10,10,1,10
2018471804987,3,9,0,2,0,2,0,0,0,0,2,1,6,3,-1,-1,1086,1,8,-1,-1,-1
2018471804987,4,19,0,2,0,2,0,0,0,0,3,1,1,1,42,7,1995,2,-1,8,-1,8
2018471804988,1,19,0,18,0,8,0,0,0,0,3,1,1,1,33,6,2198,2,2,7,-1,7
2018471804989,1,5,0,18,0,2,0,0,1,0,1,1,6,1,62,9,996,1,19,7,1,7
2018471804989,2,9,0,7,0,5,0,0,0,0,1,1,6,2,34,6,1149,1,14,8,1,8
2018471804991,1,5,0,15,0,0,0,0,0,0,3,1,6,1,51,8,821,1,4,5,1,5
2018471804991,2,9,0,11,0,0,0,0,0,0,4,1,6,1,24,5,1995,2,4,4,1,4
2018471804992,1,9,0,18,0,0,0,0,7,0,1,1,1,1,34,6,-1,-1,-1,6,2,6
2018471804992,2,9,0,18,0,0,0,0,0,0,3,1,1,1,52,8,2488,1,12,5,3,5
2018471804996,1,9,0,18,0,2,0,0,0,0,1,1,6,1,62,9,2401,2,11,9,2,9
2018471804996,2,5,0,18,0,1,1,0,0,0,1,1,6,1,59,9,644,1,10,9,2,9
2018471804996,3,9,0,18,0,1,0,0,0,0,3,1,6,1,66,10,1395,1,1,5,1,5
2018471804998,1,9,0,5,0,1,0,0,0,0,1,1,6,1,28,6,2143,2,3,5,1,5
2018471804998,2,4,0,3,0,1,0,0,0,0,2,1,6,1,46,8,1690,1,1,8,1,8
2018471804999,1,9,0,18,0,8,0,0,4,6,1,1,6,1,20,4,998,1,4,9,1,9
2018471804999,2,9,0,4,0,8,0,0,4,6,2,1,6,1,35,6,2400,2,8,8,1,8
2018471805000,1,4,0,18,0,1,0,4,1,0,4,1,6,1,29,6,-1,-1,-1,1,1,1
2018471805000,2,8,0,2,0,1,0,0,0,0,3,1,6,3,-1,-1,1995,2,5,-1,-1,-1
2018471805001,1,9,0,18,0,6,0,0,0,0,1,1,6,2,58,9,2987,2,5,6,1,6
2018471805001,2,9,0,18,0,8,0,0,0,0,3,1,6,2,42,7,1685,2,4,6,1,6
2018471805002,1,4,0,18,0,8,0,0,0,0,0,1,6,2,35,6,-1,-1,-1,4,1,4
2018471805004,1,9,0,7,0,8,0,0,0,0,3,1,6,1,40,7,-1,-1,-1,-1,-1,-1
2018471805004,2,1,0,18,0,8,0,0,0,0,1,1,6,1,14,3,-1,-1,-1,8,1,8
2018471805005,1,9,0,17,0,0,0,0,0,0,1,1,6,1,53,8,1997,1,11,5,1,5
2018471805006,1,4,0,18,0,0,0,0,0,0,1,1,6,1,20,4,-1,-1,-1,-1,-1,-1
2018471805006,2,1,0,18,5,0,0,0,0,0,3,1,6,1,53,8,-1,-1,-1,7,1,7
2018471805007,1,9,0,9,0,8,0,0,0,0,4,1,6,1,39,7,1910,2,9,4,1,4
2018471805007,2,9,0,18,0,8,0,0,0,0,1,1,1,1,36,7,1797,8,8,2,1,2
2018471805007,3,9,0,18,0,8,0,0,0,0,1,1,6,1,35,6,-1,-1,-1,9,2,9
2018471805009,1,9,0,9,0,6,0,0,0,0,1,1,6,2,54,8,1496,1,-1,10,1,10
2018471805009,2,9,0,18,0,1,0,0,1,11,4,1,6,2,64,9,3496,1,20,8,3,8
2018471805012,1,9,0,18,0,1,0,0,0,0,1,1,6,2,80,11,1386,1,15,7,2,7
2018471805012,2,9,0,3,0,1,0,0,0,0,2,1,6,2,51,8,1242,1,4,8,1,8
2018471805012,3,9,0,10,0,5,0,0,0,0,2,1,6,2,40,7,1995,2,6,7,2,7
2018471805014,1,9,0,16,0,0,0,0,0,0,4,1,6,1,19,4,1998,1,14,9,2,9
2018471805019,1,5,0,13,0,8,0,0,7,0,1,1,6,1,34,6,996,1,20,1,1,1
2018471805019,2,19,0,9,0,5,0,0,0,0,3,1,1,1,33,6,2298,2,2,6,1,6
2018471805023,1,9,0,18,0,0,0,0,0,0,4,1,6,1,75,10,-1,-1,-1,-1,-1,-1
2018471805023,2,1,0,18,0,0,0,0,0,0,1,1,6,1,15,3,-1,-1,-1,4,1,4
2018471805024,1,9,0,18,0,1,0,0,0,0,4,1,6,2,58,9,1598,1,5,7,1,7
2018471805025,1,19,0,18,0,0,1,0,0,0,1,1,2,1,39,7,2198,2,11,6,1,6
2018471805025,2,5,0,3,0,0,0,0,0,0,2,1,6,1,36,7,600,1,15,3,1,3
2018471805025,3,9,0,3,0,0,0,0,0,0,2,1,6,1,75,10,2435,1,13,9,3,9
2018471805027,1,9,0,9,0,8,0,0,0,0,1,1,1,1,71,10,1299,1,12,4,1,4
2018471805027,2,1,0,9,0,8,0,0,0,0,1,1,2,1,41,7,-1,-1,-1,6,1,6
2018471805028,1,1,0,18,0,8,0,0,7,0,4,1,6,1,17,4,-1,-1,-1,2,1,2
2018471805028,2,9,0,5,0,8,0,0,0,0,1,1,6,1,35,6,1968,2,1,5,1,5
2018471805030,1,1,0,12,0,0,0,0,0,0,3,1,6,1,41,7,-1,-1,-1,-1,-1,-1
2018471805030,2,11,0,13,0,0,0,0,0,0,4,1,1,1,47,8,11967,2,10,-1,-1,-1
2018471805033,1,9,0,7,0,8,0,0,0,0,1,1,3,2,36,7,1598,1,11,1,1,1
2018471805035,1,9,0,7,0,8,0,0,0,0,3,1,6,1,60,9,1339,1,9,1,1,1
2018471805035,2,1,0,17,0,1,0,0,0,0,4,1,6,1,36,7,-1,-1,-1,4,1,4
2018471805036,1,9,0,18,0,6,0,0,0,0,3,1,6,2,50,8,1998,1,3,6,1,6
2018471805036,2,1,0,18,0,8,0,0,0,0,1,1,2,1,45,7,-1,-1,-1,4,1,4
2018471805036,3,21,1,18,0,2,0,0,0,0,0,1,1,3,40,7,-1,-1,-1,-1,-1,-1
2018471805040,1,19,0,18,0,1,0,0,0,0,1,1,6,1,50,8,2198,2,5,-1,-1,-1
2018471805040,2,9,0,9,0,6,0,0,0,0,1,1,6,2,45,7,899,1,4,8,1,8
2018471805042,1,9,0,7,0,3,0,0,0,0,4,1,6,1,19,4,1896,2,15,7,1,7
2018471805042,2,9,0,7,0,3,0,0,0,0,3,1,6,1,21,5,1242,1,1,5,1,5
2018471805043,1,9,0,9,0,8,0,0,3,11,1,1,6,1,33,6,1910,2,12,1,1,1
2018471805044,1,9,0,18,0,1,0,0,1,3,1,1,6,1,76,11,1298,1,13,6,3,6
2018471805045,1,3,0,14,0,0,1,0,0,0,1,1,2,2,27,6,124,1,-1,2,1,2
2018471805046,1,5,0,18,0,0,0,0,0,0,4,1,2,1,24,5,535,1,21,6,1,6
2018471805047,1,11,0,5,0,0,0,0,0,0,0,1,1,1,52,8,9000,2,13,6,1,6
2018471805049,1,9,0,16,0,1,0,0,0,0,1,1,6,2,22,5,1586,1,1,7,1,7
2018471805049,2,19,0,10,0,1,0,0,0,0,2,1,1,1,50,8,1995,2,1,5,1,5
2018471805049,3,9,0,10,0,5,0,0,0,0,2,1,6,1,60,9,998,1,1,3,1,3
2018471805050,1,9,0,18,0,8,0,0,0,0,1,1,1,1,28,6,2993,2,15,4,1,4
2018471805050,2,9,0,9,0,8,0,0,4,0,4,1,1,1,34,6,1296,1,12,6,1,6
2018471805051,1,9,0,9,0,8,0,0,0,0,1,1,6,1,38,7,2231,2,11,1,1,1
2018471805051,2,11,0,17,0,1,0,0,0,0,1,1,1,1,31,6,4500,2,11,-1,-1,-1
2018471805051,3,11,0,9,0,2,0,0,0,0,0,1,1,1,-1,-1,-1,-1,-1,-1,-1,-1
2018471805053,1,9,0,6,0,0,0,0,0,0,3,1,6,2,32,6,-1,-1,-1,6,1,6
2018471805053,2,5,0,18,0,0,0,0,0,0,1,1,2,1,41,7,996,1,18,4,1,4
2018471805055,1,3,0,18,0,0,0,0,0,0,1,1,2,1,25,5,124,1,1,4,1,4
2018471805055,2,11,0,2,0,0,0,0,0,0,0,1,1,1,30,6,6700,2,-1,3,1,3
2018471805056,1,1,0,18,0,0,0,0,0,0,4,1,6,2,26,6,-1,-1,-1,6,1,6
2018471805056,2,9,0,18,0,0,0,0,0,0,3,1,1,2,37,7,1461,2,2,9,1,9
2018471805057,1,3,0,18,0,6,0,0,0,0,3,1,1,1,39,7,125,1,1,4,1,4
2018471805057,2,19,0,8,0,6,0,0,0,0,1,1,2,1,39,7,2461,2,16,6,1,6
2018471805059,1,9,0,18,0,2,0,0,0,0,1,1,6,2,33,6,2720,2,11,6,1,6
2018471805059,2,9,0,4,0,2,0,0,0,0,2,1,6,1,37,7,1598,1,19,10,1,10
2018471805059,3,9,0,4,0,2,0,0,0,0,2,1,6,2,68,10,1197,1,3,3,1,3
2018471805060,1,3,0,13,0,1,0,0,0,0,1,1,6,1,30,6,124,1,16,7,1,7
2018471805060,2,9,0,9,0,8,0,0,0,0,3,1,1,2,37,7,1197,1,4,8,1,8
2018471805062,1,9,0,18,0,0,0,0,0,0,4,1,6,2,25,5,1598,1,18,3,1,3
2018471805062,2,9,0,2,0,0,0,0,0,0,2,1,6,2,56,9,1968,2,2,2,1,2
2018471805062,3,20,0,18,0,0,0,0,0,0,0,1,6,3,40,7,-1,-1,-1,-1,-1,-1
2018471805062,4,9,0,2,0,0,0,0,0,0,3,1,6,3,-1,-1,973,1,17,-1,-1,-1
2018471805062,5,9,0,2,0,0,0,0,0,0,3,1,6,3,-1,-1,1598,1,10,-1,-1,-1
2018471805063,1,9,0,18,0,1,0,0,0,0,3,1,6,3,-1,-1,-1,-1,-1,-1,-1,-1
2018471805064,1,9,0,18,0,0,0,0,0,9,1,1,6,3,27,6,1796,1,13,-1,-1,-1
2018471805064,2,9,0,3,0,0,0,0,0,0,2,1,1,2,23,5,1596,1,11,4,1,4
2018471805065,1,1,0,18,0,0,0,0,0,0,1,1,2,2,31,6,-1,-1,-1,5,1,5
2018471805067,1,5,0,15,0,8,0,0,0,0,1,1,6,1,49,8,599,1,16,2,1,2
2018471805067,2,9,3,8,0,1,0,0,0,0,1,1,6,1,65,9,2972,1,15,3,1,3
2018471805068,1,9,0,18,0,2,0,0,0,0,4,1,1,1,36,7,1598,2,5,4,1,4
2018471805068,2,9,0,18,0,1,1,0,0,0,1,1,6,1,64,9,1229,1,4,6,1,6
2018471805070,1,19,0,18,0,2,0,0,0,0,1,1,6,1,-1,-1,1461,2,3,4,1,4
2018471805070,2,9,0,3,0,2,0,0,0,0,2,1,6,2,39,7,1560,2,11,4,1,4
2018471805071,1,9,0,18,0,1,0,0,0,0,4,1,6,2,60,9,1596,1,3,6,3,6
2018471805072,1,9,0,18,0,0,1,0,5,6,3,1,2,2,27,6,1149,1,13,4,1,4
2018471805075,1,9,0,9,0,5,0,0,0,0,1,1,6,2,51,8,1560,2,9,8,2,8
2018471805075,2,9,0,18,0,1,0,0,0,0,3,1,6,1,50,8,2179,2,6,6,1,6
2018471805076,1,19,4,13,0,0,0,0,0,0,4,1,6,1,27,6,2402,2,8,7,1,7
2018471805076,2,1,0,18,0,0,0,0,0,0,3,1,2,1,33,6,-1,-1,-1,7,1,7
2018471805076,3,9,0,18,0,0,0,0,0,0,0,1,6,2,41,7,1699,1,8,3,1,3
2018471805077,1,5,0,16,0,0,0,0,0,0,1,1,6,1,46,8,919,1,16,1,1,1
2018471805077,2,9,0,17,0,0,0,0,0,0,3,1,6,1,42,7,1968,2,9,6,1,6
2018471805078,1,9,0,12,0,8,1,0,7,2,1,1,6,1,26,6,1496,2,1,-1,-1,-1
2018471805078,2,9,0,18,0,1,0,0,0,0,0,1,1,1,46,8,1984,1,3,6,1,6
2018471805083,1,9,0,5,0,0,0,0,0,0,1,1,6,1,36,7,1598,1,13,7,1,7
2018471805084,1,9,0,17,0,0,0,0,1,4,1,1,6,1,21,5,1994,1,11,9,1,9
2018471805086,1,11,0,18,0,0,0,0,0,0,4,1,1,1,50,8,5132,2,1,2,1,2
2018471805086,2,20,0,2,0,0,0,0,0,0,0,1,1,3,-1,-1,4500,2,1,-1,-1,-1
2018471805087,1,9,0,18,0,3,0,0,0,0,1,1,6,1,28,6,1248,2,6,4,1,4
2018471805087,2,9,0,18,0,3,0,0,0,0,2,1,6,1,54,8,-1,-1,-1,5,1,5
2018471805088,1,3,0,17,0,2,0,10,1,4,1,1,6,1,35,6,124,1,-1,5,3,5
2018471805088,2,9,0,18,0,1,0,0,0,0,3,1,6,2,56,9,1388,1,8,5,1,5
2018471805090,1,9,0,18,0,0,0,0,7,4,1,1,6,1,27,6,1388,1,20,9,2,9
2018471805091,1,19,0,4,0,0,0,0,0,0,1,1,1,1,32,6,-1,-1,-1,-1,-1,-1
2018471805093,1,9,0,9,0,2,0,0,0,0,1,1,6,2,46,8,1598,2,4,10,1,10
2018471805093,2,1,0,18,4,1,0,0,0,0,1,1,6,1,42,7,-1,-1,-1,10,1,10
2018471805094,1,9,0,9,0,8,0,0,0,0,3,1,3,1,43,7,2362,1,6,10,2,10
2018471805094,2,5,0,14,0,8,1,0,7,4,1,1,6,1,29,6,645,1,2,-1,-1,-1
2018471805096,1,4,0,18,0,0,0,0,0,0,4,1,6,1,19,4,471,1,-1,4,1,4
2018471805098,1,9,0,18,0,0,5,4,0,0,4,1,2,1,63,9,998,1,4,1,1,1
2018471805098,2,9,0,2,0,0,0,0,0,0,3,1,6,3,-1,-1,1390,1,11,-1,-1,-1
2018471805100,1,9,0,16,0,0,0,0,0,0,1,1,6,1,86,11,1998,1,1,3,1,3
2018471805100,2,19,0,2,6,0,0,0,0,0,2,1,6,3,-1,-1,2198,2,8,-1,-1,-1
2018471805101,1,9,0,17,0,0,0,0,4,0,4,1,6,1,93,11,1248,1,9,3,1,3
2018471805101,2,90,5,17,0,0,0,0,0,0,3,1,1,1,63,9,-1,2,18,8,3,8
2018471805104,1,9,0,5,0,1,0,0,0,0,1,1,6,1,25,5,-1,-1,-1,8,1,8
2018471805104,2,9,0,18,0,1,0,0,0,0,2,1,6,2,32,6,1461,2,2,4,1,4
2018471805106,1,9,0,18,0,1,0,0,0,0,1,1,6,2,68,10,1248,1,4,9,1,9
2018471805106,2,9,0,3,0,1,0,0,0,0,2,1,6,2,52,8,2143,2,8,9,1,9
2018471805107,1,9,0,5,0,0,0,0,0,0,3,1,6,1,53,8,1956,2,5,4,1,4
2018471805107,2,5,0,14,0,0,0,0,0,0,4,1,6,1,33,6,592,1,25,9,2,9
2018471805110,1,9,0,17,0,1,0,0,0,0,1,1,6,2,21,5,1398,2,6,8,3,8
2018471805110,2,19,0,4,0,1,0,0,1,11,2,1,1,1,46,8,1248,2,9,8,3,8
2018471805112,1,9,0,18,0,0,0,0,1,11,1,1,6,1,30,6,1997,2,15,9,2,9
2018471805113,1,9,0,18,0,1,0,0,0,0,1,1,6,1,93,11,1248,1,9,3,1,3
2018471805113,2,1,0,4,0,1,0,0,0,0,2,1,2,2,36,7,-1,-1,-1,6,1,6
2018471805115,1,9,0,18,0,8,0,0,0,0,3,1,6,2,21,5,1390,1,12,6,1,6
2018471805115,2,9,0,18,0,8,0,0,0,0,0,1,6,3,30,6,-1,-1,-1,-1,-1,-1
2018471805116,1,9,0,13,0,1,0,0,0,0,1,1,6,1,74,10,998,1,1,10,1,10
2018471805116,2,9,0,9,0,5,0,0,0,0,3,1,1,1,58,9,1560,2,9,3,1,3
2018471805118,1,9,0,7,0,8,0,0,0,0,1,1,6,1,23,5,1399,2,6,6,1,6
2018471805118,2,9,0,4,0,8,1,0,0,0,2,1,6,1,40,7,2993,2,12,10,1,10
2018471805119,1,9,0,18,0,2,0,0,1,3,1,1,6,1,33,6,1587,1,17,3,1,3
2018471805120,1,20,0,16,0,0,5,0,1,0,4,1,1,1,22,5,2143,2,3,4,1,4
2018471805121,1,9,0,12,0,8,0,0,0,0,3,1,6,1,32,6,1995,2,6,5,1,5
2018471805121,2,9,0,18,0,8,0,0,0,0,4,1,6,1,44,7,1598,1,5,4,1,4
2018471805122,1,9,0,18,0,0,0,0,7,3,1,1,6,2,30,6,1400,1,12,8,1,8
2018471805123,1,9,0,1,9,6,0,0,0,0,2,1,6,2,69,10,1360,1,15,2,2,2
2018471805124,1,10,0,18,0,0,0,0,0,0,4,1,1,2,39,7,2987,2,6,7,1,7
2018471805126,1,3,0,18,0,8,0,0,1,0,1,1,6,1,29,6,125,1,2,2,2,2
2018471805127,1,8,0,18,0,0,0,0,0,0,4,1,6,1,59,9,1896,2,8,3,1,3
2018471805129,1,1,0,18,0,0,0,4,0,0,1,1,6,1,40,7,-1,-1,-1,10,1,10
2018471805129,2,9,5,2,0,0,0,0,0,0,2,1,6,2,49,8,1796,1,17,8,3,8
2018471805130,1,9,0,9,0,6,0,0,0,0,3,1,6,2,57,9,999,1,4,9,1,9
2018471805130,2,5,0,18,0,1,1,0,1,0,1,1,6,1,31,6,-1,-1,-1,3,1,3
2018471805131,1,9,0,7,0,5,0,0,0,0,4,1,6,2,46,8,998,1,8,7,1,7
2018471805131,2,1,0,9,4,8,0,0,0,0,1,1,6,2,59,9,-1,-1,-1,5,1,5
2018471805132,1,3,0,18,0,0,0,0,0,0,1,1,6,3,-1,-1,125,1,2,-1,-1,-1
2018471805132,2,9,0,2,0,0,0,0,0,0,0,1,6,3,-1,-1,1600,1,6,-1,-1,-1
2018471805133,1,3,0,16,0,8,0,0,0,0,1,1,6,1,37,7,124,1,7,7,3,7
2018471805133,2,9,0,17,0,8,0,0,0,0,1,1,6,2,78,11,1584,1,13,9,2,9
2018471805134,1,9,0,18,0,8,0,0,0,0,0,1,6,1,-1,-1,-1,-1,-1,-1,-1,-1
2018471805134,2,9,0,18,0,8,0,0,0,0,0,1,6,1,-1,-1,2143,2,2,4,2,4
2018471805134,3,5,0,18,0,8,0,0,0,0,0,1,6,1,50,8,800,1,15,10,1,10
2018471805136,1,1,0,16,9,8,0,0,0,0,1,1,6,1,20,4,-1,-1,-1,8,1,8
2018471805136,2,9,0,8,0,6,0,0,0,0,4,1,6,1,99,11,-1,-1,-1,-1,-1,-1
2018471805137,1,19,0,18,0,0,0,0,0,0,1,1,6,1,24,5,1560,2,2,6,1,6
2018471805137,2,9,0,3,0,0,0,0,0,0,2,1,6,2,39,7,1598,1,14,5,1,5
2018471805138,1,9,0,18,0,4,0,0,0,0,1,1,6,1,39,7,1598,2,3,10,1,10
2018471805138,2,9,0,8,0,4,0,0,0,0,2,1,6,2,17,4,1149,1,15,4,1,4
2018471805139,1,9,0,16,0,1,0,0,0,0,1,1,6,1,33,6,1124,1,13,5,1,5
2018471805139,2,8,0,3,0,1,0,0,0,0,2,1,1,1,40,7,1968,2,5,4,1,4
2018471805140,1,19,0,9,0,6,0,0,0,0,1,1,1,1,65,9,1560,2,-1,4,1,4
2018471805140,2,9,0,10,0,5,0,0,0,0,3,1,6,2,54,8,1618,1,2,9,1,9
2018471805141,1,9,0,18,0,0,0,0,0,0,4,1,6,2,27,6,2982,2,4,9,3,9
2018471805142,1,9,0,18,0,1,0,0,0,0,3,1,6,1,83,11,1798,1,3,9,1,9
2018471805144,1,3,0,18,0,0,1,0,0,0,4,1,6,2,22,5,125,1,8,7,1,7
2018471805147,1,20,0,17,0,1,0,0,0,0,1,1,1,1,29,6,-1,-1,-1,5,1,5
2018471805147,2,19,4,16,0,1,0,0,0,0,1,1,1,1,27,6,-1,-1,-1,4,3,4
2018471805148,1,9,0,18,0,1,0,0,0,0,1,1,2,1,22,5,1368,1,10,10,1,10
2018471805148,2,9,0,4,0,1,0,0,0,0,2,1,2,1,42,7,2993,2,9,5,1,5
2018471805148,3,9,0,5,0,6,0,0,0,0,0,1,6,1,-1,-1,-1,-1,-1,-1,-1,-1
2018471805150,1,9,0,18,0,0,0,0,0,0,1,1,1,1,25,5,1598,2,-1,-1,-1,-1
2018471805150,2,9,0,18,0,0,0,4,0,0,3,1,6,2,47,8,999,1,2,1,1,1
2018471805150,3,9,0,2,0,0,0,0,0,0,1,1,6,3,-1,-1,1950,2,-1,-1,-1,-1
2018471805151,1,19,0,3,0,0,0,0,0,0,1,1,1,1,40,7,2298,2,8,6,1,6
2018471805151,2,9,0,3,0,0,0,0,0,0,2,1,6,1,68,10,1560,2,3,1,1,1
2018471805151,3,9,0,3,0,0,0,0,0,0,2,1,6,2,59,9,1124,1,9,4,1,4
2018471805151,4,9,0,3,0,0,0,0,0,0,2,1,2,2,46,8,1686,2,9,1,1,1
2018471805154,1,9,0,9,0,2,0,0,0,0,4,1,1,2,45,7,-1,-1,-1,7,1,7
2018471805154,2,9,0,18,0,2,0,0,0,0,1,1,6,1,70,10,1596,1,11,2,1,2
2018471805156,1,9,0,18,0,1,0,0,0,0,3,1,6,1,30,6,1968,2,7,5,1,5
2018471805157,1,9,0,18,0,1,0,0,0,0,1,1,6,1,18,4,1229,1,7,7,1,7
2018471805157,2,9,0,3,0,1,0,0,0,0,2,1,6,1,28,6,998,1,12,7,1,7
2018471805158,1,19,0,9,0,0,0,0,0,0,4,1,1,1,29,6,2198,2,5,4,2,4
2018471805158,2,9,0,18,0,0,0,0,0,0,1,1,6,1,72,10,2496,1,12,8,1,8
2018471805162,1,9,0,17,0,0,0,0,0,0,0,1,6,3,-1,-1,-1,-1,-1,-1,-1,-1
2018471805162,2,4,0,17,0,0,0,0,1,10,0,1,4,2,24,5,113,1,-1,6,2,6
2018471805165,1,11,0,7,0,4,0,0,0,0,0,1,6,1,31,6,3900,2,12,1,1,1
2018471805165,2,9,0,4,0,3,0,0,0,0,0,1,6,1,50,8,-1,-1,-1,-1,-1,-1
2018471805168,1,9,0,18,0,0,0,0,0,0,1,1,6,1,66,10,1368,1,-1,9,1,9
2018471805168,2,19,0,4,0,0,0,0,0,0,2,1,1,1,26,6,2198,2,4,8,1,8
2018471805170,1,9,0,18,0,0,0,0,0,0,1,1,2,1,58,9,1332,1,8,4,1,4
2018471805171,1,9,0,18,0,8,0,0,0,0,1,1,6,2,28,6,1498,1,1,4,1,4
2018471805171,2,9,0,4,0,1,0,0,0,0,2,1,6,1,33,6,999,1,-1,5,3,5
2018471805173,1,9,0,9,0,8,0,0,0,0,4,1,6,1,35,6,1997,2,4,7,1,7
2018471805173,2,9,0,18,0,8,0,0,0,0,1,1,6,2,32,6,1796,1,12,1,1,1
2018471805174,1,9,0,18,0,0,0,0,0,0,1,1,6,1,39,7,1995,2,6,10,3,10
2018471805174,2,1,0,18,0,0,0,0,1,0,2,1,6,1,17,4,-1,-1,-1,5,3,5
2018471805178,1,9,0,9,0,6,0,0,0,0,3,1,6,2,45,7,1349,1,5,6,1,6
2018471805178,2,9,0,7,0,5,0,0,0,0,2,1,6,2,46,8,1242,1,10,5,1,5
2018471805179,1,9,0,18,0,0,0,0,0,0,0,1,6,3,-1,-1,-1,-1,-1,-1,-1,-1
2018471805179,2,9,0,18,0,0,1,0,1,11,4,1,6,1,21,5,1388,1,14,10,2,10
2018471805181,1,5,0,13,0,8,0,0,0,0,1,1,2,1,27,6,599,1,19,8,2,8
2018471805181,2,9,0,5,0,6,0,0,0,0,3,1,2,1,33,6,1461,2,9,8,1,8
2018471805183,1,9,0,12,0,0,0,0,0,0,3,1,6,1,42,7,-1,-1,-1,9,1,9
2018471805183,2,5,0,14,0,0,0,0,7,0,4,1,6,1,49,8,1050,1,8,10,1,10
2018471805185,1,9,0,18,0,0,0,0,0,0,3,1,6,2,67,10,1240,1,9,6,1,6
2018471805185,2,21,1,18,0,0,0,0,0,0,3,1,1,1,27,6,12902,2,3,-1,1,-1
2018471805187,1,19,0,1,0,1,0,0,0,0,2,1,6,1,-1,-1,1560,2,7,-1,-1,-1
2018471805187,2,9,0,3,0,1,0,0,0,0,1,1,6,2,34,6,1598,1,3,5,1,5
2018471805188,1,1,0,18,5,0,0,0,0,0,1,1,6,1,36,7,-1,-1,-1,10,1,10
2018471805189,1,19,0,6,0,8,0,0,0,0,3,1,2,1,37,7,2198,2,2,3,1,3
2018471805189,2,9,0,18,0,8,0,0,0,0,4,1,6,1,62,9,1200,1,-1,-1,-1,-1
2018471805193,1,8,0,4,0,0,0,0,0,0,0,1,6,3,-1,-1,-1,-1,-1,-1,-1,-1
2018471805193,2,4,0,4,0,0,0,0,0,0,2,1,6,1,20,4,124,1,3,4,1,4
2018471805193,3,4,0,18,0,0,0,0,0,0,4,1,6,1,19,4,124,1,2,2,1,2
2018471805194,1,9,0,17,0,0,0,0,0,0,3,1,6,1,18,4,1910,2,12,-1,-1,-1
2018471805194,2,9,0,16,0,0,0,0,7,4,3,1,6,1,62,9,1598,2,5,6,3,6
2018471805195,1,19,0,18,0,2,0,0,0,0,3,1,6,1,27,6,2402,2,14,5,3,5
2018471805195,2,9,0,18,0,1,0,0,0,0,3,1,6,1,29,6,2494,1,18,4,1,4
2018471805196,1,9,0,18,0,0,0,8,0,0,3,1,6,1,84,11,1596,1,17,3,1,3
2018471805196,2,9,0,2,6,0,0,0,0,0,4,1,6,3,-1,-1,2143,2,2,-1,-1,-1
2018471805197,1,1,0,18,0,0,0,0,0,0,2,1,4,2,13,3,-1,-1,-1,2,1,2
2018471805197,2,9,0,5,0,0,0,0,0,0,1,1,6,1,44,7,2143,2,3,7,1,7
2018471805200,1,9,0,9,0,6,0,0,0,0,1,1,1,1,40,7,1596,1,15,6,1,6
2018471805200,2,3,0,18,0,8,0,0,0,0,1,1,6,2,47,8,645,1,2,4,1,4