Accident_Index,Vehicle_Reference,Vehicle_Type,Towing_and_Articulation,Vehicle_Manoeuvre,Vehicle_Location-Restricted_Lane,Junction_Location,Skidding_and_Overturning,Hit_Object_in_Carriageway,Vehicle_Leaving_Carriageway,Hit_Object_off_Carriageway,1st_Point_of_Impact,Was_Vehicle_Left_Hand_Drive?,Journey_Purpose_of_Driver,Sex_of_Driver,Age_of_Driver,Age_Band_of_Driver,Engine_Capacity_(CC),Propulsion_Code,Age_of_Vehicle,Driver_IMD_Decile,Driver_Home_Area_Type,Vehicle_IMD_Decile
2018471805201,1,9,0,18,0,0,0,0,0,0,0,1,6,1,83,11,1368,1,6,7,1,7
2018471805201,2,9,0,18,0,0,0,0,0,0,2,1,6,1,22,5,1108,1,9,7,1,7
2018471805201,3,9,0,18,0,0,0,0,0,0,1,1,6,2,18,4,899,1,25,9,1,9
2018471805201,4,9,0,18,0,0,0,0,0,0,1,1,6,2,31,6,1198,1,3,9,1,9
2018471805202,1,9,0,18,0,8,0,0,0,0,1,1,6,1,73,10,1197,1,2,8,1,8
2018471805202,2,19,0,18,0,8,0,0,0,0,1,1,1,1,30,6,1753,2,5,8,1,8
2018471805203,1,9,0,18,0,0,0,0,0,0,1,1,6,1,18,4,-1,-1,-1,-1,-1,-1
2018471805203,2,9,0,4,0,0,0,0,0,0,2,1,6,1,48,8,1797,8,8,7,-1,7
2018471805204,1,9,0,5,0,1,0,0,0,0,3,1,6,2,50,8,998,1,4,5,1,5
2018471805205,1,1,0,18,0,8,0,0,0,0,3,1,6,2,53,8,-1,-1,-1,10,1,10
2018471805205,2,9,0,15,0,8,0,0,0,0,4,1,6,1,68,10,1796,1,13,4,1,4
2018471805208,1,9,0,17,0,1,0,0,0,0,4,1,6,2,48,8,1560,2,3,7,2,7
2018471805209,1,9,0,18,0,1,0,7,3,2,1,1,6,2,49,8,1197,1,4,8,1,8
2018471805211,1,9,0,9,0,6,0,0,0,0,3,1,6,2,50,8,1598,1,16,1,1,1
2018471805211,2,1,0,18,0,1,0,0,0,0,1,1,6,1,39,7,-1,-1,-1,5,1,5
2018471805213,1,9,0,18,0,4,0,0,0,0,1,1,6,2,48,8,998,1,13,4,1,4
2018471805213,2,9,0,18,0,4,0,0,0,0,2,1,6,1,35,6,1598,2,8,6,1,6
2018471805215,1,9,0,18,0,1,0,0,0,0,1,1,6,2,52,8,1390,2,14,10,1,10
2018471805215,2,9,0,10,0,1,0,0,0,0,1,1,1,1,66,10,1968,2,9,5,3,5
2018471805215,3,9,0,9,0,8,0,0,0,0,0,1,6,2,81,11,1242,1,6,5,3,5
2018471805217,1,9,0,18,0,0,0,0,0,0,1,1,6,2,47,8,1896,2,15,4,1,4
2018471805217,2,9,0,4,0,0,0,0,0,0,2,1,6,2,47,8,1200,1,3,4,1,4
2018471805217,3,9,0,4,0,0,0,0,0,0,2,1,6,1,22,5,-1,-1,-1,7,1,7
2018471805217,4,9,0,4,0,0,0,0,0,0,2,1,6,1,43,7,1498,1,4,6,1,6
2018471805218,1,9,0,18,0,8,0,0,0,0,1,1,6,1,79,11,1992,2,11,5,1,5
2018471805218,2,9,0,18,0,1,0,0,0,0,4,1,6,1,70,10,2597,1,15,8,1,8
2018471805218,3,9,0,4,0,1,0,0,0,0,1,1,6,1,31,6,1997,2,14,8,1,8
2018471805219,1,19,0,7,0,2,0,0,0,0,3,1,6,1,36,7,2143,2,4,3,1,3
2018471805221,1,9,0,18,0,0,0,0,0,0,1,1,6,1,28,6,1461,2,9,5,3,5
2018471805223,1,19,0,18,0,0,1,0,1,0,1,1,1,1,34,6,1968,2,2,4,1,4
2018471805223,2,9,0,4,0,0,0,0,0,0,2,1,2,2,32,6,2967,2,8,8,1,8
2018471805224,1,9,0,9,0,6,0,0,0,0,4,1,1,1,51,8,2231,2,12,1,1,1
2018471805224,2,9,0,18,0,8,5,0,1,3,3,1,6,1,45,7,1248,2,13,8,1,8
2018471805225,1,9,0,9,0,8,0,0,0,0,4,1,6,1,30,6,1783,1,17,5,2,5
2018471805225,2,5,0,18,0,8,1,0,0,0,1,1,6,1,53,8,649,1,1,6,1,6
2018471805226,1,9,0,6,0,2,0,0,0,0,3,1,6,1,46,8,1329,1,6,2,1,2
2018471805226,2,1,0,18,0,2,0,0,0,0,1,1,6,1,26,6,-1,-1,-1,6,1,6
2018471805230,1,9,0,7,0,8,0,10,1,4,1,1,6,1,80,11,1998,1,15,6,2,6
2018471805231,1,8,0,1,0,1,0,0,0,0,2,1,6,2,52,8,1968,2,3,5,1,5
2018471805235,1,21,0,18,0,0,0,0,0,0,1,1,1,1,51,8,12902,2,5,4,1,4
2018471805235,2,9,0,2,0,0,0,0,1,6,2,1,6,1,49,8,1598,1,16,8,1,8
2018471805236,1,9,0,4,0,0,2,0,1,1,4,1,2,1,18,4,2494,8,3,3,1,3
2018471805239,1,9,0,7,0,6,0,0,0,0,1,2,6,1,37,7,1560,2,1,4,1,4
2018471805239,2,20,0,18,0,8,0,0,0,0,4,1,1,1,29,6,-1,-1,-1,8,1,8
2018471805240,1,9,0,18,0,0,0,0,2,2,1,1,6,2,42,7,1591,1,-1,1,1,1
2018471805240,2,9,0,18,0,0,0,0,0,0,1,1,6,2,55,8,1229,1,4,5,1,5
2018471805241,1,9,0,5,0,6,0,0,0,0,4,1,6,2,65,9,1086,1,7,1,1,1
2018471805241,2,9,0,18,0,8,1,0,0,0,1,1,6,1,46,8,1969,2,1,8,1,8
2018471805241,3,9,0,10,0,1,0,0,0,0,3,1,6,2,39,7,995,1,14,4,1,4
2018471805242,1,9,0,7,0,6,0,0,1,0,2,1,6,1,21,5,1242,1,3,5,1,5
2018471805242,2,9,0,18,0,8,0,0,7,0,1,1,6,2,21,5,999,1,3,10,1,10
2018471805242,3,9,0,7,0,5,0,0,0,0,0,1,6,3,99,11,-1,-1,-1,-1,-1,-1
2018471805242,4,9,0,7,0,5,0,0,0,0,0,1,1,3,99,11,-1,-1,-1,-1,-1,-1
2018471805243,1,9,0,18,0,0,0,0,0,0,1,1,6,1,19,4,998,1,18,10,1,10
2018471805243,2,9,0,18,0,0,0,0,0,0,2,1,6,2,45,7,1598,2,5,7,3,7
2018471805244,1,3,0,9,0,8,1,0,0,0,3,1,6,2,20,4,125,1,2,3,1,3
2018471805245,1,9,0,17,0,0,1,0,1,9,1,1,6,2,18,4,1388,1,10,7,3,7
2018471805247,1,9,0,17,0,0,0,0,2,11,4,1,6,1,34,6,1395,1,2,8,1,8
2018471805248,1,9,0,17,0,0,2,0,1,10,1,1,6,2,24,5,1598,1,12,3,1,3
2018471805250,1,19,0,16,0,0,1,0,7,4,1,1,6,1,40,7,-1,-1,-1,7,3,7
2018471805251,1,9,0,17,0,2,1,0,1,4,1,1,6,2,51,8,1598,1,13,10,1,10
2018471805254,1,9,0,16,0,2,1,0,1,2,3,1,6,1,20,4,1229,1,11,4,1,4
2018471805255,1,9,0,18,0,1,0,0,0,0,1,1,2,1,35,6,1149,1,8,4,1,4
2018471805255,2,9,0,18,0,1,0,0,0,0,1,1,6,1,36,7,1997,2,15,7,1,7
2018471805256,1,9,0,9,0,6,0,0,0,0,3,1,6,2,89,11,1086,1,12,7,3,7
2018471805256,2,5,0,18,0,8,0,0,0,0,1,1,6,1,21,5,675,1,5,5,1,5
2018471805258,1,9,0,17,0,0,1,0,1,1,1,1,6,2,19,4,1242,1,10,6,2,6
2018471805258,2,9,0,16,0,0,0,0,1,0,1,1,6,1,21,5,1124,1,17,7,1,7
2018471805259,1,9,0,18,0,1,0,0,0,0,1,1,6,2,30,6,1973,1,17,4,1,4
2018471805263,1,9,0,18,0,0,1,0,2,4,1,1,6,1,24,5,1598,1,6,10,1,10
2018471805264,1,9,0,6,0,8,0,0,0,0,3,1,2,1,53,8,1597,2,2,4,1,4
2018471805264,2,5,0,13,0,8,0,0,0,0,1,1,6,1,43,7,998,1,2,8,1,8
2018471805265,1,9,0,18,0,0,0,0,0,0,1,1,6,2,50,8,1596,1,11,6,3,6
2018471805270,1,1,0,18,0,8,0,0,0,0,1,1,6,1,15,3,-1,-1,-1,8,1,8
2018471805270,2,9,0,5,0,8,0,0,0,0,1,1,6,2,49,8,1870,2,12,10,1,10
2018471805271,1,19,0,17,0,2,0,0,0,0,1,1,2,1,66,10,1598,2,1,8,1,8
2018471805272,1,9,0,5,0,0,0,0,0,0,1,1,1,1,22,5,1499,2,1,5,1,5
2018471805275,1,9,0,7,0,5,0,0,0,0,3,1,6,1,30,6,2171,1,16,-1,-1,-1
2018471805275,2,1,0,18,0,8,0,0,0,0,1,1,6,1,28,6,-1,-1,-1,5,1,5
2018471805276,1,3,0,18,0,0,0,0,0,0,0,1,6,1,18,4,124,1,10,2,1,2
2018471805276,2,9,0,4,0,0,0,0,0,0,0,1,6,3,-1,-1,-1,-1,-1,-1,-1,-1
2018471805276,3,9,0,4,0,0,0,0,0,0,0,1,6,1,36,7,-1,-1,-1,4,1,4
2018471805277,1,9,0,18,0,2,0,0,0,0,1,1,6,1,80,11,1590,1,17,6,1,6
2018471805280,1,9,0,18,0,0,1,0,1,9,2,1,6,2,19,4,1360,1,15,9,1,9
2018471805281,1,9,0,18,0,2,0,0,0,0,1,1,6,1,91,11,1399,2,13,10,1,10
2018471805281,2,9,0,3,0,2,0,0,0,0,2,1,6,2,41,7,1596,1,17,7,1,7
2018471805281,3,19,0,3,0,2,0,0,0,0,2,1,6,1,24,5,1499,2,1,2,1,2
2018471805284,1,9,0,18,0,8,0,0,0,0,1,1,6,2,22,5,1197,1,-1,2,1,2
2018471805284,2,4,0,18,0,8,0,0,0,0,1,1,6,1,22,5,125,1,2,8,3,8
2018471805286,1,19,0,18,0,0,0,0,0,0,1,1,1,1,27,6,2198,2,6,9,1,9
2018471805286,2,3,0,4,0,0,0,0,0,0,2,1,1,1,45,7,124,1,6,7,1,7
2018471805290,1,19,0,7,0,6,0,0,0,0,4,1,6,1,27,6,2198,2,3,8,1,8
2018471805290,2,1,0,7,0,6,0,0,0,0,3,1,6,2,39,7,-1,-1,-1,5,1,5
2018471805291,1,9,0,4,0,4,0,0,0,0,1,1,6,1,20,4,1242,1,12,3,1,3
2018471805291,2,9,0,5,0,4,0,0,0,0,2,1,6,1,31,6,1840,1,17,3,1,3
2018471805294,1,9,0,1,0,0,0,0,0,0,2,1,6,1,54,8,3200,2,5,8,3,8
2018471805295,1,9,0,18,0,1,0,0,0,0,1,1,6,2,31,6,1198,1,3,5,1,5
2018471805295,2,9,0,4,0,1,0,0,0,0,2,1,6,1,54,8,1242,1,2,3,1,3
2018471805295,3,9,0,7,0,6,0,0,0,0,0,1,6,3,-1,-1,-1,-1,-1,-1,-1,-1
2018471805296,1,9,0,9,0,8,0,0,0,0,3,1,6,1,45,7,1895,1,20,3,1,3
2018471805296,2,3,0,13,0,8,0,0,0,0,1,1,6,1,24,5,124,1,3,2,1,2
2018471805298,1,9,0,18,0,2,0,0,0,0,4,1,6,2,50,8,-1,-1,-1,-1,-1,-1
2018471805298,2,9,0,2,0,2,0,0,0,0,3,1,6,1,60,9,1098,1,-1,1,1,1
2018471805302,1,9,0,1,0,2,0,0,0,0,2,1,6,1,34,6,-1,-1,-1,3,1,3
2018471805302,2,9,0,2,0,2,0,0,0,0,1,1,6,1,46,8,1597,2,2,3,1,3
2018471805305,1,9,0,1,0,0,0,0,7,0,3,1,6,3,25,5,1910,2,10,-1,-1,-1
2018471805305,2,9,0,18,0,0,0,0,0,0,0,1,1,1,44,7,2993,2,-1,6,1,6
2018471805305,3,9,0,3,0,0,0,0,0,0,4,1,6,2,53,8,1598,1,8,8,1,8
2018471805307,1,8,0,9,0,8,0,0,0,0,4,1,1,1,41,7,1598,2,7,4,1,4
2018471805307,2,9,0,18,0,1,0,0,0,0,1,1,6,2,32,6,1360,1,12,6,1,6
2018471805308,1,9,0,18,0,0,5,4,0,0,1,1,2,1,51,8,3800,1,4,8,3,8
2018471805308,2,19,4,2,0,0,0,0,0,0,2,1,1,1,35,6,10837,2,7,3,1,3
2018471805313,1,19,0,7,0,8,0,0,0,0,1,1,1,1,62,9,2148,2,9,3,1,3
2018471805313,2,1,0,18,0,8,0,0,0,0,2,1,6,2,69,10,-1,-1,-1,8,1,8
2018471805315,1,9,0,9,0,8,0,0,0,0,0,1,6,3,30,6,-1,-1,-1,-1,-1,-1
2018471805315,2,3,0,18,0,1,0,0,0,0,0,1,6,1,50,8,125,1,1,2,1,2
2018471805317,1,9,0,17,0,0,0,0,0,0,1,1,6,1,20,4,1598,1,17,-1,3,-1
2018471805317,2,9,0,16,0,0,1,0,0,0,1,1,6,2,54,8,1299,1,18,5,1,5
2018471805319,1,8,0,18,0,0,0,0,0,0,1,1,6,2,32,6,2967,1,15,1,1,1
2018471805321,1,11,0,4,2,1,0,0,0,0,0,1,1,1,32,6,6374,2,11,2,1,2
2018471805321,2,11,0,4,2,1,0,0,0,0,0,1,1,1,22,5,11967,2,10,3,1,3
2018471805322,1,9,0,7,0,6,0,0,0,0,0,1,6,3,-1,-1,-1,-1,-1,-1,-1,-1
2018471805324,1,9,0,9,0,6,0,0,0,0,1,1,6,1,80,11,1560,2,10,1,1,1
2018471805324,2,9,0,9,0,5,0,0,0,0,3,1,6,1,71,10,1390,1,5,3,1,3
2018471805325,1,9,0,18,0,0,0,4,7,11,1,1,6,2,80,11,1229,1,9,5,2,5
2018471805325,2,9,0,2,0,0,0,0,0,0,1,1,6,3,-1,-1,2979,1,14,-1,-1,-1
2018471805330,1,9,0,17,0,0,0,0,0,0,1,1,2,1,38,7,1984,1,18,7,2,7
2018471805330,2,11,0,3,0,0,0,0,0,0,0,1,1,3,-1,-1,-1,-1,-1,-1,-1,-1
2018471805331,1,19,0,18,0,0,0,0,0,0,1,1,6,1,24,5,2198,2,3,3,1,3
2018471805331,2,9,0,3,0,0,0,0,0,0,2,1,6,2,31,6,1597,1,20,5,1,5
2018471805331,3,11,0,2,3,0,0,0,0,0,2,1,1,1,54,8,9360,2,5,4,2,4
2018471805332,1,9,0,9,0,6,0,0,0,0,1,1,1,1,48,8,-1,-1,-1,8,2,8
2018471805332,2,9,0,18,0,8,0,0,0,0,4,1,1,1,47,8,1997,2,3,6,1,6
2018471805332,3,9,0,18,0,2,0,0,0,0,0,1,6,1,-1,-1,-1,-1,-1,-1,-1,-1
2018471805333,1,9,0,4,0,1,0,0,0,0,1,1,2,1,57,9,2000,1,15,4,1,4
2018471805333,2,5,0,4,0,1,0,0,0,0,2,1,2,1,56,9,1085,1,22,5,1,5
2018471805336,1,9,0,18,0,0,5,0,0,0,1,1,6,1,21,5,1796,1,16,1,1,1
2018471805336,2,9,0,18,0,0,0,0,0,0,3,1,6,1,58,9,2993,2,1,7,3,7
2018471805336,3,19,0,18,0,0,0,0,0,0,4,1,1,1,20,4,2198,2,2,8,1,8
2018471805336,4,9,0,18,0,0,0,0,0,0,0,1,1,1,-1,-1,2993,2,2,6,1,6
2018471805336,5,9,0,18,0,0,0,0,0,0,0,1,1,1,47,8,2993,2,4,6,1,6
2018471805337,1,9,0,7,0,5,0,0,0,0,0,1,6,1,70,10,-1,-1,-1,-1,-1,-1
2018471805337,2,4,0,17,0,8,0,0,0,0,1,1,6,1,18,4,125,1,-1,4,1,4
2018471805338,1,9,0,5,0,0,0,0,0,0,1,1,2,1,45,7,1598,1,8,10,1,10
2018471805339,1,9,0,18,0,8,0,0,0,0,1,1,6,2,50,8,1995,2,7,6,2,6
2018471805339,2,9,0,18,0,8,0,0,0,0,2,1,6,1,44,7,2776,2,5,9,3,9
2018471805339,3,9,0,18,0,8,0,0,0,0,2,1,6,1,47,8,2198,2,6,2,3,2
2018471805339,4,9,0,9,0,5,0,0,0,0,0,1,6,2,72,10,1242,1,7,5,3,5
2018471805340,1,9,0,7,0,3,0,0,0,0,1,1,6,1,17,4,1229,1,12,5,1,5
2018471805340,2,19,0,3,0,6,0,0,0,0,2,1,6,1,32,6,1753,2,15,3,1,3
2018471805341,1,9,0,6,0,8,0,0,0,0,1,1,6,2,72,10,999,1,1,6,1,6
2018471805341,2,9,0,18,0,8,0,0,0,0,1,1,1,1,23,5,1396,1,16,3,1,3
2018471805345,1,9,0,18,0,0,5,0,1,3,1,1,6,2,61,9,1197,1,-1,10,1,10
2018471805345,2,19,0,18,0,0,0,0,1,0,2,1,1,1,36,7,1968,2,-1,7,1,7
2018471805345,3,9,0,18,0,0,0,0,0,0,1,1,1,1,60,9,1968,2,3,2,1,2
2018471805346,1,1,0,18,0,8,0,0,0,0,4,1,6,1,17,4,-1,-1,-1,9,1,9
2018471805346,2,9,0,18,0,8,0,0,0,0,1,1,6,2,71,10,1388,1,10,6,2,6
2018471805347,1,9,0,9,0,6,0,0,0,0,1,1,6,1,32,6,1598,1,11,7,1,7
2018471805347,2,3,0,14,0,8,0,0,0,0,3,1,6,1,20,4,-1,-1,-1,2,1,2
2018471805348,1,9,0,18,0,2,0,4,0,0,1,1,6,1,28,6,1984,1,8,8,2,8
2018471805348,2,9,0,2,0,2,0,0,0,0,2,1,6,3,-1,-1,1598,2,-1,-1,-1,-1
2018471805348,3,9,0,2,0,2,0,0,0,0,1,1,6,3,-1,-1,998,1,4,-1,-1,-1
2018471805351,1,9,0,4,0,1,0,0,0,0,1,1,6,1,27,6,1999,1,3,4,1,4
2018471805351,2,9,0,3,0,1,0,0,0,0,2,1,6,2,55,8,1149,1,15,4,1,4
2018471805352,1,19,0,9,0,8,0,0,0,0,4,1,6,1,30,6,1896,2,8,3,1,3
2018471805352,2,9,0,18,0,8,0,0,0,0,1,1,2,1,31,6,1598,1,2,6,1,6
2018471805354,1,9,0,9,0,8,0,0,0,0,1,1,6,1,74,10,1998,1,16,8,1,8
2018471805354,2,9,0,18,0,1,0,0,0,0,4,1,6,2,72,10,2495,2,17,8,3,8
2018471805355,1,9,0,5,0,1,0,0,0,0,1,1,6,1,30,6,1796,1,11,-1,-1,-1
2018471805355,2,9,0,4,0,1,0,0,0,0,2,1,1,2,28,6,1596,1,16,5,1,5
2018471805357,1,9,0,13,0,8,1,7,0,0,1,1,6,1,20,4,2143,2,4,1,1,1
2018471805357,2,9,0,18,0,8,5,7,0,0,2,1,6,2,56,9,1587,1,13,3,1,3
2018471805357,3,8,0,18,0,8,0,0,0,0,4,1,1,1,33,6,1968,2,3,2,1,2
2018471805359,1,9,0,9,0,6,0,0,0,0,3,1,6,2,29,6,-1,-1,-1,5,3,5
2018471805359,2,11,0,17,0,8,0,0,0,0,1,1,1,1,61,9,4500,2,5,5,1,5
2018471805359,3,21,0,16,0,1,0,0,0,0,0,1,1,1,-1,-1,-1,-1,-1,-1,-1,-1
2018471805362,1,1,0,7,0,8,0,0,0,0,3,1,4,1,11,3,-1,-1,-1,5,1,5
2018471805362,2,9,0,18,0,8,0,0,0,0,1,1,6,1,24,5,1296,1,12,5,1,5
2018471805364,1,9,0,16,0,0,5,4,0,0,1,1,6,1,17,4,1388,1,9,6,3,6
2018471805364,2,9,0,2,6,0,0,0,0,0,2,1,6,3,-1,-1,1582,2,8,-1,-1,-1
2018471805365,1,1,0,4,9,1,0,0,0,0,1,1,6,1,26,6,-1,-1,-1,5,1,5
2018471805365,2,9,0,10,0,1,0,0,0,0,3,1,6,1,57,9,2568,1,20,6,1,6
2018471805366,1,9,0,9,0,5,0,0,0,0,3,1,6,1,87,11,998,1,5,10,1,10
2018471805366,2,5,0,18,0,8,0,0,0,0,1,1,6,1,21,5,750,1,10,9,1,9
2018471805367,1,21,1,9,0,8,0,0,0,0,1,2,1,1,44,7,-1,-1,-1,-1,-1,-1
2018471805367,2,9,0,18,0,3,0,0,0,0,4,1,6,2,58,9,1395,1,-1,3,1,3
2018471805368,1,9,0,18,0,8,0,0,0,0,2,1,6,3,-1,-1,-1,-1,-1,-1,-1,-1
2018471805368,2,1,0,18,0,8,0,0,0,0,1,1,6,1,48,8,-1,-1,-1,3,1,3
2018471805369,1,19,0,17,0,0,5,0,7,11,1,1,1,1,21,5,1995,2,-1,7,1,7
2018471805371,1,9,0,9,0,6,0,0,0,0,3,1,6,1,84,11,1797,8,9,8,1,8
2018471805371,2,5,0,18,0,8,0,0,0,0,1,1,6,1,68,10,1402,1,17,9,1,9
2018471805372,1,9,0,12,0,7,0,0,1,0,1,1,6,2,80,11,1198,1,12,4,1,4
2018471805372,2,9,0,18,0,8,0,0,1,0,2,1,6,2,52,8,1198,1,9,9,1,9
2018471805373,1,5,0,18,0,8,0,0,0,0,1,1,6,1,26,6,649,1,4,2,1,2
2018471805373,2,9,0,9,0,8,0,0,0,0,4,1,6,1,55,8,2987,2,10,8,2,8
2018471805378,1,9,0,4,0,1,0,0,0,0,4,1,6,1,37,7,998,1,9,6,1,6
2018471805378,2,1,0,7,0,2,0,0,0,0,1,1,6,1,51,8,-1,-1,-1,10,1,10
2018471805379,1,9,0,14,0,8,0,0,0,0,0,1,6,2,64,9,1240,1,13,3,1,3
2018471805379,2,11,0,10,0,8,0,0,0,0,0,1,1,1,65,9,6700,2,2,5,3,5
2018471805380,1,9,0,5,0,4,0,0,0,0,1,1,6,1,71,10,1349,1,6,5,1,5
2018471805381,1,20,0,5,0,8,0,0,0,0,0,1,1,1,-1,-1,-1,-1,-1,9,3,9
2018471805381,2,9,0,9,0,8,0,0,1,4,1,1,6,1,83,11,1598,1,4,9,3,9
2018471805382,1,9,0,18,0,2,0,0,0,0,1,1,6,2,43,7,1560,2,4,4,1,4
2018471805383,1,3,0,18,0,0,0,0,0,0,1,1,6,1,20,4,125,1,4,7,1,7
2018471805383,2,9,0,11,0,0,0,0,0,0,2,1,6,1,18,4,1596,1,13,9,1,9
2018471805384,1,9,0,9,0,6,0,0,0,0,3,1,6,2,30,6,2401,2,15,4,1,4
2018471805384,2,9,0,17,0,1,0,0,0,0,1,1,2,1,81,11,1999,1,15,3,1,3
2018471805385,1,5,0,13,0,3,1,0,0,0,0,1,6,1,50,8,953,1,12,7,1,7
2018471805385,2,9,0,18,0,3,0,0,0,0,0,1,6,1,-1,-1,-1,-1,-1,-1,-1,-1
2018471805386,1,90,0,6,0,6,0,0,0,0,3,1,2,1,35,6,2300,2,15,6,2,6
2018471805386,2,9,0,18,0,8,0,0,0,0,1,1,2,2,24,5,1360,1,12,8,1,8
2018471805389,1,90,0,18,5,0,0,10,0,0,1,1,6,1,56,9,-1,-1,-1,10,1,10
2018471805391,1,9,0,18,0,0,0,7,7,0,1,1,6,2,35,6,1598,1,14,2,1,2
2018471805392,1,5,0,18,0,2,1,10,7,4,1,1,6,1,54,8,-1,-1,-1,9,1,9
2018471805392,2,9,0,12,0,2,0,0,0,0,3,1,6,1,39,7,1998,2,9,2,1,2
2018471805394,1,9,0,9,0,6,1,0,0,0,3,1,6,2,84,11,2000,1,14,8,2,8
2018471805394,2,1,0,18,0,8,0,0,0,0,1,1,6,1,32,6,-1,-1,-1,4,1,4
2018471805394,3,19,0,7,0,8,0,0,0,0,0,1,6,1,-1,-1,-1,-1,-1,-1,-1,-1
2018471805395,1,2,0,18,0,2,0,4,0,0,1,1,6,1,29,6,49,1,14,2,1,2
2018471805395,2,9,0,2,0,2,0,0,0,0,3,1,6,3,-1,-1,1242,1,8,-1,-1,-1
2018471805397,1,9,0,16,0,8,0,0,0,0,1,1,6,2,52,8,1596,1,3,4,1,4
2018471805397,2,9,0,17,0,8,0,0,0,0,1,1,6,2,46,8,1998,1,12,8,1,8
2018471805398,1,5,0,18,0,0,1,0,1,10,4,1,6,2,19,4,748,1,18,10,1,10
2018471805400,1,19,0,9,0,6,0,0,3,11,3,1,6,1,22,5,1248,2,12,7,3,7
2018471805400,2,9,0,18,0,8,0,0,0,0,1,1,6,2,46,8,1150,1,11,4,1,4
2018471805403,1,9,0,18,0,8,0,0,0,0,1,1,6,1,43,7,1390,1,12,1,1,1
2018471805403,2,4,0,18,0,8,0,0,0,0,1,1,6,2,27,6,471,1,-1,1,1,1
2018471805404,1,9,0,6,0,2,0,0,0,0,3,1,6,3,-1,-1,1197,1,2,-1,-1,-1
2018471805404,2,3,0,18,0,2,0,0,0,0,1,1,2,1,30,6,124,1,2,4,1,4
2018471805407,1,9,0,18,0,1,0,0,0,0,0,1,6,3,-1,-1,-1,-1,-1,-1,-1,-1
2018471805407,2,9,0,7,0,6,0,0,0,0,0,1,6,1,31,6,1200,1,1,5,2,5
2018471805408,1,9,0,13,0,0,0,0,7,4,1,1,6,1,39,7,1560,2,11,6,3,6
2018471805408,2,9,0,13,0,0,0,0,0,0,0,1,6,1,71,10,-1,-1,-1,7,1,7
2018471805408,3,9,0,18,0,0,0,0,0,0,0,1,6,2,17,4,1496,2,3,10,1,10
2018471805409,1,9,0,5,0,0,0,0,0,0,1,1,6,3,-1,-1,1968,2,10,-1,-1,-1
2018471805410,1,9,0,10,0,6,0,0,0,0,1,1,3,1,42,7,989,1,15,8,1,8
2018471805410,2,9,0,4,0,2,0,0,0,0,2,1,2,2,59,9,1198,1,12,7,3,7
2018471805410,3,9,0,3,0,2,0,0,0,0,2,1,2,1,23,5,1598,1,12,-1,-1,-1
2018471805410,4,19,0,4,0,2,0,0,0,0,1,1,1,1,34,6,2143,2,2,8,1,8
2018471805414,1,9,0,18,0,1,0,0,0,0,1,2,1,1,25,5,-1,-1,-1,3,1,3
2018471805414,2,9,0,4,0,1,0,0,0,0,2,1,6,1,73,10,1298,1,15,8,1,8
2018471805415,1,19,0,9,0,6,0,0,0,0,3,1,1,1,53,8,2200,2,16,8,3,8
2018471805415,2,5,0,16,0,1,1,0,0,0,1,1,6,1,26,6,599,1,14,7,2,7
2018471805417,1,9,0,18,0,8,0,0,1,10,1,1,6,1,68,10,2400,2,9,6,1,6
2018471805417,2,1,0,18,0,8,0,0,0,0,2,1,6,1,43,7,-1,-1,-1,6,3,6
2018471805417,3,1,0,18,0,8,0,0,0,0,2,1,6,1,29,6,-1,-1,-1,3,1,3
2018471805417,4,9,0,18,0,8,0,0,0,0,2,1,6,2,73,10,1991,1,2,10,1,10
2018471805418,1,3,0,18,0,1,0,0,0,0,1,1,2,1,30,6,125,1,1,4,1,4
2018471805418,2,11,0,2,0,1,0,0,0,0,0,1,1,1,99,11,-1,-1,-1,-1,-1,-1
2018471805420,1,9,0,17,0,0,5,0,2,4,4,1,6,1,17,4,1598,1,17,6,3,6
2018471805422,1,3,0,18,0,0,1,0,0,0,0,1,6,1,24,5,-1,-1,-1,7,1,7
2018471805423,1,9,0,16,0,1,0,0,0,0,1,1,6,1,67,10,2435,1,17,9,1,9
2018471805423,2,8,0,17,0,2,0,0,0,0,3,1,1,1,54,8,1798,8,2,4,1,4
2018471805425,1,9,0,7,0,8,0,0,0,0,4,1,6,1,51,8,1968,2,3,2,1,2
2018471805425,2,1,0,18,0,1,0,0,0,0,1,1,6,1,26,6,-1,-1,-1,4,1,4
2018471805426,1,9,0,7,0,1,0,0,0,0,3,1,6,2,27,6,1339,1,9,2,1,2
2018471805427,1,9,0,18,0,0,5,4,0,0,4,1,3,2,28,6,1560,2,10,8,3,8
2018471805427,2,9,0,2,0,0,0,0,0,0,3,2,6,3,-1,-1,1910,2,11,-1,-1,-1
2018471805429,1,9,0,9,0,6,0,0,0,0,1,1,6,1,45,7,1998,1,15,3,1,3
2018471805429,2,19,0,18,0,1,0,0,0,0,3,1,6,1,37,7,1968,2,5,10,2,10
2018471805429,3,9,0,18,0,1,0,0,0,0,1,1,6,2,57,9,1461,2,5,10,2,10
2018471805430,1,9,0,9,4,8,0,0,0,0,3,1,6,2,42,7,1198,1,3,8,1,8