Accident_Index,Vehicle_Reference,Vehicle_Type,Towing_and_Articulation,Vehicle_Manoeuvre,Vehicle_Location-Restricted_Lane,Junction_Location,Skidding_and_Overturning,Hit_Object_in_Carriageway,Vehicle_Leaving_Carriageway,Hit_Object_off_Carriageway,1st_Point_of_Impact,Was_Vehicle_Left_Hand_Drive?,Journey_Purpose_of_Driver,Sex_of_Driver,Age_of_Driver,Age_Band_of_Driver,Engine_Capacity_(CC),Propulsion_Code,Age_of_Vehicle,Driver_IMD_Decile,Driver_Home_Area_Type,Vehicle_IMD_Decile
2018471805663,2,16,0,18,0,2,0,0,0,0,3,1,6,2,15,3,-1,-1,-1,6,1,6
2018471805664,1,9,0,9,0,1,0,0,0,0,1,1,6,2,40,7,1598,1,12,1,1,1
2018471805664,2,4,0,18,0,1,0,0,0,0,1,1,6,1,65,9,198,1,38,8,1,8
2018471805665,1,1,0,18,0,0,0,0,0,0,4,1,6,1,14,3,-1,-1,-1,-1,-1,-1
2018471805665,2,9,0,18,0,0,0,0,0,0,4,1,6,1,47,8,1910,2,17,2,1,2
2018471805665,3,1,0,18,0,0,0,0,0,0,0,1,6,1,11,3,-1,-1,-1,1,1,1
2018471805668,1,9,0,18,0,0,0,0,0,0,1,1,6,1,32,6,1596,1,6,9,2,9
2018471805668,2,9,0,18,0,0,0,0,0,0,2,1,6,1,53,8,1999,2,-1,6,3,6
2018471805668,3,9,0,4,0,0,0,0,0,0,2,1,6,1,47,8,1991,1,2,3,1,3
2018471805669,1,9,0,17,0,0,0,0,2,10,1,1,6,2,77,11,1240,1,12,10,2,10
2018471805672,1,9,0,18,0,8,0,0,0,0,1,1,6,1,39,7,1968,2,15,8,1,8
2018471805672,2,9,0,4,0,1,0,0,0,0,2,1,6,2,54,8,2993,2,6,2,1,2
2018471805672,3,9,0,10,0,5,0,0,0,0,2,1,6,1,30,6,1995,2,9,4,1,4
2018471805673,1,9,0,18,0,0,0,4,0,0,1,1,6,1,77,11,1598,1,12,9,1,9
2018471805673,2,9,0,2,0,0,0,0,0,0,4,1,6,3,-1,-1,2179,2,6,-1,-1,-1
2018471805675,1,9,0,6,0,8,0,0,0,0,0,1,6,1,82,11,1364,1,1,5,1,5
2018471805675,2,5,0,18,0,8,1,0,0,0,0,1,6,1,42,7,1137,1,16,3,1,3
2018471805676,1,9,0,5,0,1,0,0,0,0,1,1,1,2,45,7,-1,-1,-1,1,1,1
2018471805676,2,9,0,4,0,1,0,0,0,0,2,1,6,1,36,7,1686,2,6,10,2,10
2018471805677,1,9,0,9,0,5,0,0,0,0,1,1,6,1,54,8,1997,2,3,5,1,5
2018471805679,1,9,0,18,0,1,1,0,0,0,1,1,6,1,35,6,3200,1,16,9,1,9
2018471805679,2,9,0,8,0,1,0,0,0,0,2,1,6,2,23,5,1248,2,7,8,1,8
2018471805681,1,9,0,7,0,8,0,0,0,0,1,1,6,1,25,5,-1,-1,-1,6,1,6
2018471805681,2,8,0,18,0,8,0,0,0,0,3,1,1,1,30,6,1968,2,7,3,1,3
2018471805684,1,9,0,3,0,0,0,0,0,0,4,1,6,2,40,7,-1,-1,-1,-1,-1,-1
2018471805684,2,1,0,18,0,0,0,0,0,0,1,1,6,1,43,7,-1,-1,-1,2,1,2
2018471805685,1,2,0,18,0,0,0,0,0,0,4,1,6,2,36,7,49,1,2,4,1,4
2018471805686,1,21,1,16,0,8,0,0,0,0,3,1,1,1,30,6,12900,2,6,2,1,2
2018471805686,2,9,0,17,0,8,1,0,7,9,1,1,6,1,56,9,1364,1,9,-1,-1,-1
2018471805687,1,9,0,7,0,1,0,0,0,0,1,1,6,2,53,8,1496,2,3,4,1,4
2018471805688,1,19,0,4,0,0,0,0,0,0,1,1,6,1,36,7,1870,2,13,4,2,4
2018471805688,2,9,0,3,0,0,0,0,0,0,2,1,6,1,18,4,1248,1,7,6,1,6
2018471805688,3,9,0,4,0,0,0,0,0,0,2,1,6,2,39,7,1995,2,3,9,1,9
2018471805689,1,9,0,18,0,0,5,0,2,4,1,1,6,1,50,8,1560,2,14,4,1,4
2018471805690,1,9,0,18,0,0,0,0,0,6,1,1,6,1,27,6,1388,1,9,2,1,2
2018471805690,2,9,0,18,0,0,0,0,0,0,3,1,6,2,42,7,1998,1,2,4,1,4
2018471805691,1,9,0,18,0,2,0,0,0,0,1,1,6,1,21,5,-1,-1,-1,5,3,5
2018471805691,2,9,0,18,0,1,0,0,0,0,0,1,1,1,41,7,2993,2,4,6,1,6
2018471805691,3,9,0,18,0,1,0,0,0,0,1,1,6,2,49,8,1951,2,15,3,2,3
2018471805692,1,90,0,18,0,0,0,0,0,0,1,1,6,1,54,8,2360,1,15,2,1,2
2018471805693,1,9,0,16,0,0,0,0,0,0,1,1,6,1,61,9,1582,2,9,6,3,6
2018471805693,2,9,0,17,0,0,0,0,0,0,4,1,6,1,55,8,1197,1,5,10,2,10
2018471805694,1,9,0,18,0,2,0,0,0,0,1,1,6,2,73,10,1998,2,11,7,1,7
2018471805697,1,90,4,18,0,8,0,0,0,0,1,1,6,1,67,10,-1,-1,-1,4,3,4
2018471805697,2,9,4,18,0,1,0,0,0,0,1,1,6,1,24,5,-1,-1,-1,10,3,10
2018471805700,1,3,0,18,0,0,0,0,1,0,1,1,6,1,47,8,998,1,46,8,3,8
2018471805701,1,9,0,13,0,1,0,0,0,0,3,1,6,1,45,7,1242,1,5,2,1,2
2018471805701,2,90,0,13,0,1,0,0,0,0,4,1,6,1,40,7,2987,2,8,4,1,4
2018471805702,1,9,0,17,0,8,0,0,0,0,4,1,6,2,26,6,998,1,12,4,1,4
2018471805702,2,11,0,3,0,1,0,0,0,0,0,1,1,1,-1,-1,-1,-1,-1,-1,-1,-1
2018471805704,1,11,0,5,0,0,0,0,0,0,4,1,1,3,40,7,6700,2,8,-1,-1,-1
2018471805707,1,3,0,15,0,1,1,0,0,0,4,1,6,1,17,4,124,1,-1,4,1,4
2018471805707,2,9,0,9,0,1,0,0,0,0,3,1,6,2,59,9,999,1,8,6,1,6
2018471805709,1,9,0,18,0,0,5,0,7,4,1,1,6,2,19,4,1242,1,3,9,1,9
2018471805711,1,9,0,18,0,0,0,0,2,3,1,1,2,1,25,5,998,1,15,5,1,5
2018471805713,1,9,0,18,0,8,0,0,0,0,1,1,6,1,43,7,1995,2,6,9,1,9
2018471805713,2,8,0,18,0,8,0,0,0,0,2,1,1,1,47,8,1598,2,5,7,1,7
2018471805714,1,9,0,18,0,2,0,0,0,0,1,1,2,1,40,7,1328,1,11,8,1,8
2018471805714,2,9,0,18,0,1,1,0,0,0,0,1,6,1,29,6,2143,2,4,8,1,8
2018471805716,1,3,0,18,0,1,0,0,0,0,4,1,2,1,24,5,125,1,2,5,1,5
2018471805716,2,9,0,7,0,8,0,0,0,0,0,1,2,1,57,9,1968,2,4,9,3,9
2018471805717,1,9,0,17,0,2,0,0,0,0,1,1,2,2,28,6,1229,1,7,4,1,4
2018471805717,2,11,0,3,0,2,0,0,0,0,2,1,1,1,48,8,7300,2,4,3,1,3
2018471805718,1,1,0,18,0,0,0,0,0,0,2,1,1,1,46,8,-1,-1,-1,7,1,7
2018471805718,2,9,0,18,0,0,0,0,0,0,1,1,2,1,61,9,-1,-1,-1,6,1,6
2018471805720,1,1,0,18,0,8,0,0,0,0,1,1,6,1,16,4,-1,-1,-1,7,1,7
2018471805720,2,9,0,8,0,1,0,0,0,0,3,1,6,2,47,8,1198,1,15,6,1,6
2018471805721,1,9,0,18,0,0,1,0,2,10,4,1,6,2,46,8,1362,1,5,8,1,8
2018471805722,1,9,0,18,0,0,0,4,0,0,1,1,1,2,72,10,1242,1,5,4,1,4
2018471805722,2,9,0,2,0,0,0,0,0,0,1,1,6,3,-1,-1,1242,1,11,-1,-1,-1
2018471805722,3,9,0,2,0,0,0,0,0,0,2,1,6,3,-1,-1,998,1,17,-1,-1,-1
2018471805723,1,21,0,18,0,0,0,0,0,0,0,1,1,1,57,9,-1,-1,-1,9,1,9
2018471805723,2,8,0,18,0,0,0,0,0,0,4,1,1,1,45,7,1685,2,6,2,1,2
2018471805724,1,9,0,7,0,8,0,0,0,0,1,1,6,2,36,7,1895,1,18,7,3,7
2018471805724,2,9,0,18,0,8,0,0,0,0,4,1,6,2,66,10,1360,1,9,4,1,4
2018471805725,1,9,0,18,0,0,0,0,0,0,1,1,6,3,-1,-1,-1,-1,-1,-1,-1,-1
2018471805726,1,9,0,18,0,0,0,0,2,10,1,1,2,1,44,7,1753,2,12,10,1,10
2018471805729,1,9,0,18,0,0,0,12,0,0,1,1,2,1,37,7,1198,1,3,10,1,10
2018471805730,1,9,0,18,0,2,0,0,0,0,1,1,6,1,30,6,-1,-1,-1,-1,-1,-1
2018471805730,2,9,0,2,0,2,0,0,0,0,2,1,6,1,30,6,2993,2,7,9,1,9
2018471805730,3,9,0,5,0,2,0,0,0,0,1,1,6,2,87,11,1588,1,15,8,3,8
2018471805731,1,3,0,9,9,5,1,10,0,0,0,1,2,1,26,6,125,1,2,1,1,1
2018471805732,1,9,0,18,0,1,0,0,0,0,4,1,1,1,36,7,-1,-1,-1,8,2,8
2018471805732,2,9,0,3,0,1,0,0,0,0,2,1,6,1,23,5,996,1,8,8,3,8
2018471805732,3,20,0,10,0,1,0,0,0,0,2,1,1,1,20,4,-1,2,8,2,1,2
2018471805733,1,9,0,18,0,8,0,0,0,0,4,1,6,2,25,5,1242,1,2,6,1,6
2018471805735,1,9,0,18,0,0,0,0,2,4,3,1,1,1,31,6,-1,3,1,10,1,10
2018471805735,2,9,0,10,0,0,0,0,0,0,4,1,1,2,25,5,2998,1,-1,9,2,9
2018471805737,1,9,0,9,0,8,0,0,0,0,3,1,6,2,20,4,1598,1,10,1,1,1
2018471805737,2,1,0,13,0,1,0,0,0,0,3,1,6,1,54,8,-1,-1,-1,1,1,1
2018471805738,1,9,0,9,0,8,0,0,0,0,1,1,6,1,44,7,-1,-1,-1,7,2,7
2018471805738,2,1,0,18,0,8,0,0,0,0,1,1,4,1,15,3,-1,-1,-1,7,2,7
2018471805740,1,9,0,17,0,0,5,0,1,11,4,1,2,2,27,6,1248,2,7,5,1,5
2018471805741,1,9,0,12,0,0,0,0,0,0,2,1,6,2,53,8,1799,1,9,7,1,7
2018471805741,2,5,0,18,0,0,0,0,0,0,1,1,6,1,55,8,996,1,15,6,1,6
2018471805743,1,9,0,18,0,1,0,0,0,0,1,1,2,2,23,5,1598,1,11,4,1,4
2018471805744,1,9,0,18,0,0,0,0,1,4,1,1,2,1,21,5,999,1,1,10,1,10
2018471805745,1,9,0,18,0,8,0,10,0,0,3,1,6,2,22,5,1598,1,3,5,2,5
2018471805745,2,9,0,18,0,8,0,0,0,0,0,1,6,3,-1,-1,2480,1,2,-1,-1,-1
2018471805746,1,9,0,9,0,6,0,0,0,0,3,1,6,2,25,5,1686,2,7,8,1,8
2018471805746,2,3,0,18,0,8,0,0,0,0,3,1,6,1,38,7,125,1,2,2,1,2
2018471805747,1,9,0,1,0,6,0,0,0,0,2,1,6,1,47,8,-1,-1,-1,-1,-1,-1
2018471805747,2,9,0,18,0,1,0,0,0,0,1,1,6,1,47,8,1422,2,16,7,3,7
2018471805747,3,9,0,2,0,1,0,0,0,0,1,1,6,3,-1,-1,2231,2,9,-1,-1,-1
2018471805747,4,9,0,2,0,1,0,0,0,0,0,1,6,3,-1,-1,-1,-1,-1,-1,-1,-1
2018471805751,1,11,0,18,0,2,0,0,0,0,0,1,1,1,61,9,7300,2,15,8,3,8
2018471805753,1,9,0,17,0,0,0,0,1,11,1,1,6,1,75,10,1248,1,1,8,3,8
2018471805754,1,9,0,11,0,0,0,0,0,0,3,1,6,1,26,6,2996,1,10,1,1,1
2018471805754,2,4,0,13,0,0,1,0,0,0,1,1,6,1,32,6,1602,1,15,4,1,4
2018471805754,3,19,0,18,0,0,0,0,0,0,4,1,6,1,40,7,2198,2,4,-1,-1,-1
2018471805756,1,9,0,9,0,8,0,0,0,0,3,1,6,2,51,8,1242,1,3,5,1,5
2018471805756,2,9,0,18,0,8,0,0,0,0,4,1,6,2,30,6,1598,1,8,5,1,5
2018471805757,1,3,0,16,0,0,0,0,0,0,3,1,6,1,31,6,645,1,-1,7,3,7
2018471805757,2,9,0,17,0,0,0,0,0,0,3,1,6,2,71,10,1397,1,9,6,2,6
2018471805758,1,19,0,18,0,1,1,0,0,0,1,1,6,1,52,8,1995,2,-1,6,3,6
2018471805758,2,9,0,3,0,1,0,0,0,0,2,1,6,2,45,7,1329,1,7,9,2,9
2018471805758,3,9,0,3,0,1,0,0,0,0,2,1,6,1,69,10,998,1,6,7,3,7
2018471805758,4,9,0,3,0,1,0,0,0,0,2,1,6,2,36,7,1956,2,3,10,2,10
2018471805758,5,9,0,3,0,1,0,0,0,0,2,1,6,1,56,9,998,1,5,6,1,6
2018471805763,1,9,0,17,0,4,0,0,0,0,3,1,6,2,68,10,-1,-1,-1,8,1,8
2018471805763,2,9,0,9,0,3,0,0,0,0,1,1,6,2,28,6,1995,2,12,2,1,2
2018471805765,1,19,0,5,0,8,0,0,0,0,3,1,1,2,50,8,1560,2,2,8,-1,8
2018471805765,2,9,0,18,0,8,0,0,0,0,4,1,6,1,28,6,1598,1,16,8,-1,8
2018471805767,1,9,0,18,0,8,0,0,0,0,3,1,3,2,43,7,3189,1,14,7,1,7
2018471805767,2,1,0,9,0,8,0,0,0,0,1,1,2,1,41,7,-1,-1,-1,4,1,4
2018471805768,1,5,0,16,0,0,1,0,0,0,3,1,6,1,30,6,996,1,19,4,1,4
2018471805770,1,9,0,18,0,0,5,0,1,10,1,1,6,1,35,6,1149,1,13,9,1,9
2018471805771,1,9,0,18,0,2,0,0,0,0,1,1,3,1,45,7,998,1,4,4,1,4
2018471805772,1,9,0,4,0,1,1,0,7,2,1,1,6,2,19,4,1388,1,16,6,1,6
2018471805772,2,9,0,18,0,8,0,0,0,0,0,1,6,3,-1,-1,-1,-1,-1,-1,-1,-1
2018471805773,1,1,0,12,0,1,0,0,0,0,1,1,6,1,53,8,-1,-1,-1,7,1,7
2018471805773,2,9,0,18,0,1,0,0,0,0,1,1,6,1,34,6,-1,-1,-1,5,1,5
2018471805775,1,9,0,18,0,0,0,4,0,0,1,1,3,2,35,6,996,1,2,4,1,4
2018471805775,2,9,0,2,0,0,0,0,0,0,2,1,6,2,30,6,1124,1,13,-1,-1,-1
2018471805777,1,9,0,1,0,8,0,0,0,0,2,1,6,2,20,4,1229,1,10,7,3,7
2018471805777,2,9,0,9,0,1,0,0,0,0,3,1,6,2,35,6,1339,1,12,6,3,6
2018471805778,1,8,0,5,0,4,0,0,0,0,1,1,1,1,62,9,1968,2,6,3,1,3
2018471805778,2,8,0,4,0,4,0,0,0,0,2,1,1,1,47,8,1598,2,8,4,1,4
2018471805781,1,9,0,18,0,1,0,0,0,0,1,1,6,1,62,9,1598,1,4,4,1,4
2018471805781,2,9,0,4,0,6,0,0,0,0,2,1,6,1,83,11,1597,1,14,7,1,7
2018471805782,1,9,0,18,0,8,1,0,0,0,1,1,6,1,20,4,2995,1,7,-1,-1,-1
2018471805782,2,9,0,18,0,8,0,0,0,0,1,1,6,1,26,6,1242,1,12,8,1,8
2018471805783,1,9,0,18,0,1,0,0,0,0,1,1,6,1,84,11,1598,1,5,10,1,10
2018471805783,2,19,0,9,0,1,0,0,0,0,2,1,1,1,38,7,-1,-1,-1,5,1,5
2018471805785,1,19,0,9,0,5,0,0,0,0,1,1,2,1,50,8,1248,2,10,4,1,4
2018471805785,2,9,0,18,0,8,0,0,0,0,1,1,2,1,49,8,1496,1,3,5,1,5
2018471805786,1,9,0,18,0,0,0,0,0,0,1,1,6,2,69,10,1299,1,10,9,1,9
2018471805786,2,9,0,4,0,0,0,0,0,0,2,1,6,2,60,9,1968,2,4,8,-1,8
2018471805786,3,9,0,18,0,0,0,0,0,0,0,1,6,1,27,6,-1,-1,-1,5,1,5
2018471805787,1,9,0,7,0,6,0,0,0,0,3,1,6,2,31,6,1998,1,14,5,1,5
2018471805787,2,11,0,18,0,8,0,0,0,0,1,1,1,1,19,4,5132,2,1,9,1,9
2018471805789,1,9,0,1,0,1,0,0,0,0,2,1,6,1,-1,-1,1373,1,2,-1,-1,-1
2018471805789,2,9,0,3,0,1,0,0,0,0,1,1,6,2,52,8,1796,1,24,3,1,3
2018471805790,1,9,0,11,0,2,0,0,0,0,4,1,6,1,-1,-1,998,1,16,2,1,2
2018471805790,2,9,0,2,0,2,0,0,0,0,3,1,6,3,-1,-1,1597,1,10,-1,-1,-1
2018471805792,1,9,0,5,0,4,0,0,0,0,1,1,6,1,66,10,1995,2,14,8,3,8
2018471805792,2,9,0,3,0,4,0,0,0,0,2,1,2,2,46,8,1364,1,5,10,1,10
2018471805794,1,9,0,10,0,8,0,0,0,0,1,1,6,2,76,11,998,1,5,3,1,3
2018471805794,2,9,0,9,0,8,0,0,0,0,2,1,6,1,37,7,1248,2,4,2,1,2
2018471805796,1,9,0,5,0,8,0,0,0,0,3,1,6,2,72,10,1395,1,1,4,1,4
2018471805796,2,90,0,18,0,8,0,0,0,0,4,1,6,1,53,8,1700,1,43,6,1,6
2018471805798,1,4,0,18,0,0,0,0,0,0,1,1,6,1,36,7,742,1,18,7,1,7
2018471805799,1,19,0,1,0,1,0,0,0,0,2,1,1,1,45,7,2143,2,2,7,1,7
2018471805800,1,9,0,18,0,0,0,0,0,0,1,1,6,1,56,9,1896,2,11,8,1,8
2018471805800,2,9,0,18,0,0,0,0,0,0,1,1,6,1,17,4,1388,1,7,9,1,9
2018471805801,1,9,0,18,0,8,0,0,0,0,1,1,6,2,20,4,1229,1,11,10,2,10
2018471805801,2,9,0,18,0,8,0,0,0,0,1,1,6,2,39,7,2400,2,7,8,3,8
2018471805802,1,9,0,18,0,0,0,4,0,0,4,1,6,1,48,8,1364,1,3,2,1,2
2018471805802,2,9,0,2,0,0,0,0,0,0,3,1,6,3,-1,-1,1910,2,12,-1,-1,-1
2018471805805,1,9,0,7,0,6,0,0,0,0,1,1,6,2,76,11,1248,1,8,7,1,7
2018471805805,2,9,0,18,0,1,0,0,0,0,0,1,6,1,67,10,998,1,1,1,1,1
2018471805806,1,9,0,18,0,8,0,0,0,0,1,1,2,2,30,6,1198,1,8,4,1,4
2018471805806,2,5,0,18,0,8,0,0,0,0,3,1,6,1,28,6,599,1,21,6,1,6
2018471805807,1,9,0,9,0,8,0,0,0,0,1,1,6,2,44,7,1998,1,16,7,1,7
2018471805807,2,22,0,18,0,8,5,0,0,0,3,1,6,1,88,11,-1,-1,-1,10,1,10
2018471805808,1,9,0,18,0,1,0,0,0,0,1,1,6,1,19,4,1198,1,12,6,3,6
2018471805808,2,9,0,16,0,8,0,0,1,11,1,1,6,2,47,8,1598,1,12,5,1,5
2018471805809,1,9,0,9,0,8,0,0,0,0,4,1,6,1,77,11,1339,1,11,9,1,9
2018471805809,2,3,0,18,0,8,0,0,0,0,1,1,6,1,17,4,-1,-1,-1,6,3,6
2018471805810,1,9,0,18,0,0,0,0,7,11,1,1,6,2,34,6,1560,2,11,3,1,3
2018471805813,1,3,0,18,0,8,1,0,0,10,1,1,6,1,54,8,124,1,4,1,1,1
2018471805813,2,9,0,10,0,8,0,0,0,0,3,1,6,1,36,7,1668,1,17,4,1,4
2018471805814,1,9,0,9,0,0,0,0,0,0,1,1,6,1,29,6,1149,1,10,7,1,7
2018471805814,2,9,0,18,0,0,0,0,0,0,1,1,6,1,34,6,1598,1,2,7,3,7
2018471805815,1,5,0,16,0,2,1,0,0,0,1,1,6,1,60,9,1679,1,7,9,1,9
2018471805815,2,9,0,17,0,1,0,0,1,0,1,1,6,1,70,10,1968,2,11,6,3,6
2018471805816,1,9,0,17,0,0,0,4,0,0,4,1,1,1,35,6,1798,8,1,1,1,1
2018471805816,2,19,0,2,0,0,0,0,0,0,2,1,6,3,-1,-1,-1,-1,-1,-1,-1,-1
2018471805816,3,9,0,2,0,0,0,0,0,0,1,1,6,3,-1,-1,1587,1,15,-1,-1,-1
2018471805821,1,1,0,13,0,0,0,0,0,0,2,1,6,1,48,8,-1,-1,-1,5,1,5
2018471805821,2,9,0,6,0,0,0,0,0,0,0,1,6,1,48,8,1299,1,14,3,1,3
2018471805822,1,19,0,5,0,8,0,0,0,0,3,1,6,1,50,8,1995,2,2,7,1,7
2018471805822,2,1,0,18,4,8,0,0,0,0,2,1,6,2,62,9,-1,-1,-1,8,1,8
2018471805823,1,9,0,18,0,0,0,0,0,0,1,1,2,1,37,7,1124,1,19,3,1,3
2018471805823,2,9,0,4,0,0,0,0,0,0,2,1,2,2,75,10,1364,1,10,4,1,4
2018471805824,1,9,0,9,0,8,0,0,0,0,1,1,6,2,70,10,1200,1,1,10,1,10
2018471805824,2,1,0,9,0,8,0,0,0,0,1,1,6,1,48,8,-1,-1,-1,10,1,10
2018471805829,1,9,0,18,0,0,0,0,7,4,1,1,6,1,59,9,1956,2,1,5,3,5
2018471805837,1,9,0,18,0,1,0,0,0,0,1,1,6,1,71,10,-1,-1,-1,9,2,9
2018471805837,2,19,0,10,0,8,0,0,0,0,2,1,1,1,53,8,1995,2,10,-1,-1,-1
2018471805838,1,9,0,18,0,0,1,0,1,4,1,1,6,2,58,9,1596,1,13,10,1,10
2018471805840,1,9,0,5,0,8,0,0,0,0,3,1,6,1,53,8,999,1,-1,3,1,3
2018471805840,2,1,0,18,0,8,0,0,0,0,1,1,6,1,54,8,-1,-1,-1,3,1,3
2018471805841,1,9,0,18,0,0,0,0,0,0,1,1,6,2,38,7,1598,1,15,6,1,6
2018471805841,2,9,0,18,0,0,0,0,0,0,2,1,6,2,56,9,1998,1,15,4,1,4
2018471805843,1,9,0,18,0,0,0,0,1,10,1,1,6,1,75,10,1396,2,2,8,3,8
2018471805843,2,19,0,18,0,0,0,0,1,0,3,1,6,1,61,9,2143,2,7,3,1,3
2018471805844,1,9,0,16,0,0,0,0,7,0,3,1,6,2,19,4,998,1,10,9,2,9
2018471805845,1,9,0,18,0,1,0,0,0,0,1,1,6,1,46,8,-1,-1,-1,5,1,5
2018471805845,2,9,0,18,0,1,0,0,0,0,4,1,6,2,32,6,1199,1,19,8,1,8
2018471805852,1,9,0,7,0,4,0,0,0,0,1,1,1,2,17,4,1240,1,11,6,1,6
2018471805852,2,1,0,18,0,8,0,0,0,0,4,1,6,1,61,9,-1,-1,-1,8,1,8
2018471805855,1,19,0,18,0,2,0,0,1,4,1,1,1,1,53,8,-1,-1,-1,6,1,6
2018471805856,1,9,0,18,0,8,0,0,0,0,3,1,6,2,39,7,-1,-1,-1,1,1,1
2018471805856,2,9,0,18,0,8,0,0,0,0,3,1,6,2,37,7,1896,2,12,3,1,3
2018471805858,1,19,0,4,0,6,0,0,0,0,3,1,6,1,40,7,2477,2,16,7,1,7
2018471805858,2,9,0,18,0,8,0,0,0,0,1,1,6,2,31,6,1560,2,7,7,1,7
2018471805858,3,9,0,18,0,8,0,0,0,0,1,1,6,1,39,7,2191,2,4,8,3,8
2018471805859,1,9,0,18,0,0,0,0,1,4,1,1,6,1,26,6,1595,1,10,4,1,4
2018471805859,2,9,0,4,0,0,0,0,0,0,2,1,6,2,32,6,1995,2,12,6,1,6
2018471805861,1,9,0,3,0,1,0,0,0,0,2,1,6,2,99,11,1796,2,4,-1,-1,-1
2018471805861,2,1,0,18,0,1,0,0,0,0,1,1,1,1,20,4,-1,-1,-1,5,1,5
2018471805864,1,9,0,16,0,0,0,0,1,11,1,1,6,1,38,7,1995,2,11,7,3,7
2018471805864,2,9,0,17,0,0,0,0,0,0,4,1,6,1,35,6,2993,2,2,5,3,5
2018471805864,3,9,0,16,0,0,0,0,0,0,0,1,6,1,60,9,999,1,6,7,3,7
2018471805864,4,19,0,17,0,0,0,0,0,0,0,1,2,1,29,6,2143,2,1,5,3,5
2018471805866,1,9,0,1,0,0,0,0,0,0,3,1,6,3,-1,-1,1596,1,16,-1,-1,-1
2018471805867,1,9,0,18,0,1,0,0,0,0,1,1,6,1,53,8,1560,2,6,8,1,8
2018471805867,2,9,0,3,0,1,0,0,0,0,2,1,6,2,45,7,1397,1,7,6,1,6
2018471805867,3,19,0,3,0,1,0,0,0,0,2,1,1,1,74,10,2402,2,8,2,2,2
2018471805869,1,9,0,7,0,4,0,0,0,0,1,1,1,1,33,6,-1,-1,-1,10,1,10
2018471805869,2,9,0,8,0,4,0,0,0,0,2,1,1,1,51,8,1560,2,3,-1,-1,-1
2018471805870,1,19,0,18,0,8,0,0,1,0,1,1,6,1,30,6,2143,2,2,4,1,4
2018471805870,2,9,0,7,0,8,0,0,0,0,2,1,6,2,21,5,1390,1,11,9,1,9
2018471805871,1,9,0,7,0,6,0,0,0,0,3,1,6,2,31,6,2993,2,13,8,1,8
2018471805871,2,9,0,18,0,8,0,0,0,0,1,1,6,2,28,6,1339,1,9,5,3,5
2018471805872,1,9,0,11,0,0,0,0,0,0,0,1,6,1,56,9,1149,1,9,9,1,9
2018471805872,2,9,0,18,0,0,0,0,5,6,1,1,6,2,24,5,1598,1,11,10,1,10
2018471805879,1,9,0,3,0,8,0,0,0,0,3,1,6,1,24,5,1796,2,4,5,1,5
2018471805879,2,1,0,18,0,8,0,0,0,0,1,1,6,1,48,8,-1,-1,-1,5,1,5
2018471805880,1,9,0,18,0,0,0,0,0,0,1,1,1,1,49,8,1329,1,6,9,1,9
2018471805881,1,9,0,11,0,0,0,0,0,0,4,1,2,1,60,9,2184,2,12,-1,1,-1
2018471805881,2,5,0,18,0,0,0,0,0,0,3,1,2,1,28,6,649,1,5,8,1,8
2018471805883,1,9,0,18,0,0,1,0,7,4,4,1,6,1,22,5,1781,1,16,5,3,5
2018471805884,1,19,0,18,0,0,1,0,5,6,1,1,6,1,29,6,1598,2,8,6,1,6
2018471805884,2,2,0,18,0,0,1,0,1,0,2,1,2,1,34,6,49,1,14,3,1,3
2018471805885,1,9,0,7,0,8,0,0,0,0,1,1,6,1,49,8,1598,1,15,3,1,3
2018471805885,2,1,0,18,9,1,0,0,0,0,4,1,6,1,48,8,-1,-1,-1,-1,-1,-1
2018471805886,1,9,0,1,0,0,0,0,0,0,2,1,1,1,67,10,-1,-1,-1,7,1,7
2018471805888,1,9,0,18,0,0,0,0,0,0,1,1,6,2,45,7,2967,2,6,5,3,5
2018471805888,2,5,0,3,0,0,0,0,0,0,2,1,6,1,63,9,-1,-1,-1,10,1,10
2018471805890,1,9,0,18,0,8,0,0,0,0,1,1,6,2,48,8,1686,2,6,3,1,3
2018471805890,2,19,0,4,0,8,0,0,0,0,2,1,1,1,49,8,2143,2,1,5,1,5
2018471805891,1,9,0,14,0,0,0,0,0,0,1,1,6,2,19,4,796,1,9,3,1,3
2018471805891,2,3,0,9,0,0,0,0,0,0,3,1,6,1,30,6,124,1,1,5,1,5
2018471805892,1,9,0,18,0,1,0,0,1,0,3,1,6,1,33,6,2324,1,17,4,1,4
2018471805892,2,9,0,18,0,1,2,10,1,0,4,1,6,1,66,10,1242,1,16,7,1,7
2018471805893,1,9,0,18,0,5,0,0,0,2,2,1,6,2,32,6,2148,2,11,1,1,1
2018471805893,2,9,0,18,0,1,1,10,1,2,2,1,6,1,23,5,1598,1,4,6,1,6
2018471805899,1,9,0,18,0,2,0,0,0,0,1,1,6,1,25,5,1995,2,6,4,1,4
2018471805900,1,19,0,7,0,8,0,0,0,0,2,1,6,1,48,8,1995,2,2,7,3,7
2018471805900,2,1,0,18,4,8,0,0,0,0,1,1,6,1,21,5,-1,-1,-1,9,1,9