Accident_Index,Vehicle_Reference,Vehicle_Type,Towing_and_Articulation,Vehicle_Manoeuvre,Vehicle_Location-Restricted_Lane,Junction_Location,Skidding_and_Overturning,Hit_Object_in_Carriageway,Vehicle_Leaving_Carriageway,Hit_Object_off_Carriageway,1st_Point_of_Impact,Was_Vehicle_Left_Hand_Drive?,Journey_Purpose_of_Driver,Sex_of_Driver,Age_of_Driver,Age_Band_of_Driver,Engine_Capacity_(CC),Propulsion_Code,Age_of_Vehicle,Driver_IMD_Decile,Driver_Home_Area_Type,Vehicle_IMD_Decile
2018471806195,1,9,0,4,0,0,0,0,0,0,1,1,6,1,35,6,2435,1,17,6,3,6
2018471806195,2,9,0,3,0,0,0,0,0,0,2,1,6,2,49,8,898,1,-1,9,1,9
2018471806197,1,3,0,18,0,1,0,0,0,0,1,1,6,1,20,4,125,1,18,1,1,1
2018471806197,2,9,0,10,0,1,0,0,0,0,3,1,6,1,23,5,1995,2,7,5,3,5
2018471806199,1,9,0,18,0,8,0,0,0,0,1,1,6,3,-1,-1,-1,-1,-1,-1,-1,-1
2018471806203,1,9,0,18,0,1,0,0,0,0,1,1,6,2,40,7,1753,2,12,5,1,5
2018471806203,2,9,0,3,0,4,0,0,0,0,2,1,6,2,41,7,1956,2,9,5,1,5
2018471806204,1,11,0,18,0,0,0,0,0,0,1,1,6,1,30,6,9400,2,13,10,1,10
2018471806204,2,1,0,5,0,0,0,0,0,0,3,1,6,1,21,5,-1,-1,-1,4,1,4
2018471806206,1,9,0,9,0,6,0,0,0,0,3,1,6,1,21,5,2982,2,6,7,3,7
2018471806206,2,9,0,18,0,1,0,0,7,1,1,1,2,1,33,6,1753,2,10,4,1,4
2018471806208,1,9,0,18,0,0,1,0,4,6,1,1,6,1,31,6,1596,1,14,8,1,8
2018471806209,1,9,0,2,0,0,0,4,0,0,3,1,6,2,51,8,998,1,5,8,1,8
2018471806209,2,9,0,2,0,0,0,0,0,0,4,1,6,3,-1,-1,1560,2,11,-1,-1,-1
2018471806209,3,9,0,2,0,0,0,0,0,0,3,1,6,2,40,7,1395,1,1,7,1,7
2018471806211,1,5,0,17,0,0,1,0,1,7,1,1,6,1,63,9,1215,1,1,4,1,4
2018471806213,1,9,0,18,0,0,1,0,2,7,1,1,2,2,20,4,1390,1,17,9,1,9
2018471806217,1,9,0,9,0,6,0,0,0,0,1,1,6,1,17,4,1598,1,12,7,3,7
2018471806219,1,9,0,5,0,4,0,0,0,0,1,1,6,1,84,11,1998,8,1,3,2,3
2018471806219,2,9,0,18,0,8,0,9,0,1,4,1,6,2,66,10,1388,1,16,10,1,10
2018471806220,1,19,0,16,0,1,1,0,0,0,1,1,2,1,17,4,1499,2,1,8,1,8
2018471806220,2,9,0,9,0,5,0,0,0,0,3,1,6,2,28,6,1988,1,15,5,1,5
2018471806222,1,8,0,1,0,1,0,0,0,0,2,1,6,1,82,11,998,1,5,6,1,6
2018471806222,2,8,0,2,0,1,0,0,0,0,2,1,3,2,25,5,1388,1,12,6,1,6
2018471806223,1,20,0,18,0,0,0,0,0,0,1,1,6,1,30,6,-1,-1,-1,-1,-1,-1
2018471806223,2,9,0,3,0,0,0,0,0,0,2,1,6,2,29,6,1598,1,7,4,1,4
2018471806227,1,9,0,18,0,1,0,0,0,0,1,1,6,2,65,9,1796,1,15,4,1,4
2018471806227,2,9,0,3,0,1,0,0,0,0,2,1,6,2,43,7,-1,-1,-1,7,1,7
2018471806233,1,1,0,18,0,1,0,0,0,0,1,1,6,1,39,7,-1,-1,-1,1,1,1
2018471806233,2,9,0,9,0,8,0,0,0,0,0,1,6,1,21,5,1999,1,3,4,1,4
2018471806235,1,9,0,16,0,1,5,0,7,11,1,1,6,2,26,6,1248,1,8,5,3,5
2018471806236,1,9,0,18,0,2,0,0,1,0,1,1,2,2,22,5,1499,1,-1,8,2,8
2018471806236,2,9,0,18,0,1,0,0,1,0,1,1,6,1,61,9,1797,8,5,7,3,7
2018471806238,1,9,0,9,0,6,0,0,0,0,1,1,6,1,74,10,1984,1,11,8,2,8
2018471806238,2,1,0,18,0,1,0,0,0,0,4,1,6,1,48,8,-1,-1,-1,3,1,3
2018471806245,1,9,0,18,0,0,0,0,7,4,4,1,2,1,28,6,1995,1,16,7,-1,7
2018471806246,1,9,0,4,9,8,0,0,0,0,4,1,6,3,35,6,-1,-1,-1,-1,-1,-1
2018471806248,1,9,0,17,0,0,0,0,1,4,1,1,2,2,18,4,1149,1,10,7,3,7
2018471806251,1,9,0,18,0,8,0,0,0,0,1,1,6,3,-1,-1,-1,-1,-1,-1,-1,-1
2018471806251,2,9,0,18,0,8,1,0,0,0,2,1,6,2,32,6,1560,2,8,7,1,7
2018471806252,1,11,0,4,0,0,0,0,0,0,0,1,6,1,61,9,4500,2,6,7,1,7
2018471806254,1,9,0,14,0,0,0,0,0,0,1,1,6,1,36,7,1968,2,3,10,1,10
2018471806254,2,9,0,14,0,0,0,0,0,0,2,1,6,2,31,6,999,1,2,5,1,5
2018471806254,3,9,0,4,0,0,0,0,0,0,2,1,6,2,46,8,1968,2,1,6,1,6
2018471806255,1,1,0,18,0,6,0,0,0,0,3,1,4,1,13,3,-1,-1,-1,6,1,6
2018471806255,2,9,0,16,0,8,0,0,0,0,1,1,6,2,26,6,1198,1,9,3,1,3
2018471806258,1,9,0,18,0,0,0,0,0,0,1,1,6,2,55,8,1329,1,9,5,2,5
2018471806258,2,19,0,4,0,0,0,0,0,0,2,1,6,1,44,7,1968,2,9,8,3,8
2018471806260,1,19,0,18,0,0,1,0,0,0,1,1,2,1,32,6,1461,2,1,10,2,10
2018471806260,2,21,0,2,0,0,0,0,0,0,2,1,2,1,33,6,-1,-1,-1,1,1,1
2018471806263,1,9,0,9,0,8,0,0,0,0,1,1,6,1,56,9,1299,1,13,10,1,10
2018471806263,2,9,0,17,0,1,0,0,0,0,1,1,6,1,41,7,1968,2,7,10,1,10
2018471806265,1,9,0,7,0,8,0,0,7,11,1,1,6,1,37,7,2987,2,6,7,1,7
2018471806267,1,9,0,18,0,1,0,0,0,0,1,1,6,2,24,5,1388,1,14,3,1,3
2018471806268,1,11,0,5,0,1,0,0,0,0,0,1,1,1,57,9,9000,2,14,8,2,8
2018471806269,1,9,0,2,0,2,0,0,0,0,3,1,6,2,66,10,1984,1,11,5,1,5
2018471806269,2,1,0,18,0,2,0,0,0,0,1,1,6,2,52,8,-1,-1,-1,8,1,8
2018471806271,1,11,0,3,0,1,0,0,0,0,0,1,6,1,46,8,9000,2,7,4,1,4
2018471806274,1,9,0,4,0,2,0,0,0,0,0,1,6,1,30,6,-1,-1,-1,-1,-1,-1
2018471806274,2,11,0,18,0,2,0,0,0,0,0,1,1,1,29,6,9000,2,7,4,2,4
2018471806276,1,3,0,17,0,1,1,0,0,0,4,1,2,1,21,5,125,1,1,3,1,3
2018471806276,2,9,0,8,0,1,0,0,0,0,3,1,2,1,48,8,1956,2,6,3,1,3
2018471806276,3,9,0,2,0,1,0,0,0,0,0,1,6,3,-1,-1,-1,-1,-1,-1,-1,-1
2018471806277,1,19,0,1,0,5,1,0,0,0,2,1,1,1,35,6,2402,2,7,10,1,10
2018471806277,2,9,0,13,0,8,1,4,0,0,1,1,1,1,39,7,2979,1,2,9,2,9
2018471806277,3,9,0,18,0,8,1,10,7,1,1,1,2,1,32,6,1984,1,1,7,1,7
2018471806279,1,1,0,9,0,1,0,0,0,0,1,1,6,1,23,5,-1,-1,-1,2,1,2
2018471806279,2,4,0,18,2,1,1,0,0,0,1,1,1,1,39,7,929,1,17,8,1,8
2018471806279,3,19,0,18,0,1,0,0,0,0,0,1,6,1,99,11,-1,-1,-1,-1,-1,-1
2018471806281,1,9,0,18,0,0,0,0,0,0,3,1,6,1,40,7,1582,2,3,9,-1,9
2018471806281,2,5,0,18,0,0,0,0,0,0,1,1,6,2,20,4,645,1,9,5,1,5
2018471806282,1,9,0,13,0,8,1,10,8,11,3,1,6,1,55,8,3200,2,7,10,2,10
2018471806282,2,11,0,18,0,8,0,10,7,0,1,1,3,1,42,7,-1,2,19,7,2,7
2018471806282,3,9,0,18,0,1,0,10,1,11,3,1,6,2,24,5,1329,1,5,5,2,5
2018471806283,1,9,0,9,0,6,0,0,0,0,1,1,6,2,43,7,1968,2,4,9,1,9
2018471806283,2,9,0,18,0,8,1,0,0,0,1,1,6,1,66,10,1997,2,14,5,1,5
2018471806283,3,9,0,18,0,8,0,0,0,0,0,1,6,3,-1,-1,-1,-1,-1,-1,-1,-1
2018471806284,1,4,0,13,0,8,0,0,0,0,1,1,2,1,30,6,124,1,2,3,1,3
2018471806284,2,9,0,10,0,8,0,0,0,0,3,1,6,2,52,8,2179,2,7,9,3,9
2018471806285,1,9,0,16,0,0,1,0,7,4,1,1,2,2,24,5,1242,1,19,9,2,9
2018471806287,1,9,0,18,0,1,0,0,0,0,1,1,6,2,33,6,-1,-1,-1,8,1,8
2018471806287,2,9,0,4,0,1,0,0,0,0,2,1,6,2,59,9,1242,1,4,9,1,9
2018471806289,1,9,0,5,0,8,0,0,0,0,1,1,6,3,-1,-1,-1,-1,-1,-1,-1,-1
2018471806289,2,9,0,9,0,8,0,0,0,0,4,1,6,1,27,6,1598,2,3,6,1,6
2018471806289,3,9,0,9,0,6,0,0,0,0,0,1,6,1,-1,-1,-1,-1,-1,-1,-1,-1
2018471806293,1,19,0,18,0,0,0,0,0,0,1,1,6,1,40,7,1896,2,17,6,1,6
2018471806293,2,19,0,4,0,0,0,0,0,0,2,1,6,1,48,8,2198,2,6,4,1,4
2018471806294,1,9,0,9,0,2,0,0,3,2,1,1,6,2,73,10,1600,1,3,7,3,7
2018471806294,2,8,0,2,0,1,0,0,0,0,4,1,6,3,-1,-1,1388,1,11,-1,-1,-1
2018471806295,1,9,0,18,0,0,0,8,0,0,4,1,6,1,66,10,1910,2,9,6,3,6
2018471806295,2,9,0,2,0,0,0,0,0,0,4,1,3,3,-1,-1,2179,2,6,-1,-1,-1
2018471806297,1,9,0,4,9,0,0,0,1,1,1,1,6,1,88,11,1248,1,2,7,1,7
2018471806298,1,21,4,18,0,0,0,0,0,0,4,2,1,1,54,8,-1,-1,-1,6,3,6
2018471806299,1,9,0,18,0,0,1,0,1,3,1,1,6,1,38,7,2993,2,-1,10,1,10
2018471806300,1,9,0,7,0,1,0,0,0,0,1,1,6,1,63,9,1999,1,9,5,1,5
2018471806300,2,9,0,7,0,6,0,0,0,0,2,1,6,1,22,5,1197,1,2,7,2,7
2018471806302,1,9,0,18,0,2,0,0,0,0,3,1,6,3,-1,-1,-1,-1,-1,-1,-1,-1
2018471806302,2,9,0,18,0,1,0,0,0,0,3,1,6,2,72,10,1329,1,5,10,1,10
2018471806303,1,9,0,1,0,1,0,0,0,0,2,1,6,2,50,8,1395,1,3,7,3,7
2018471806305,1,9,0,9,0,4,0,0,0,0,1,1,1,2,39,7,2199,2,4,4,1,4
2018471806305,2,19,0,18,0,8,0,0,0,0,1,1,2,2,55,8,1910,2,14,8,2,8
2018471806307,1,9,0,5,0,4,0,0,0,0,1,1,6,1,71,10,1399,2,10,4,1,4
2018471806307,2,1,0,18,0,3,0,0,0,0,4,1,2,1,47,8,-1,-1,-1,4,3,4
2018471806309,1,9,0,7,0,8,0,0,0,0,4,1,6,1,56,9,1364,1,11,4,1,4
2018471806309,2,1,0,18,0,8,0,0,0,0,3,1,6,1,30,6,-1,-1,-1,5,1,5
2018471806310,1,9,0,18,0,0,0,0,0,0,1,1,3,1,60,9,1997,1,8,8,1,8
2018471806311,1,9,0,4,0,1,0,0,0,0,1,1,6,1,46,8,1339,1,14,5,1,5
2018471806311,2,1,0,18,9,8,0,0,0,0,4,1,4,2,9,2,-1,-1,-1,5,1,5
2018471806312,1,9,0,4,0,0,0,0,0,0,1,1,6,1,81,11,1248,1,5,1,1,1
2018471806312,2,9,0,4,0,0,0,0,0,0,2,1,6,2,37,7,1390,1,16,6,1,6
2018471806313,1,9,0,9,0,5,0,0,0,0,1,1,6,1,83,11,1329,1,8,7,1,7
2018471806313,2,9,0,18,0,8,0,0,0,0,1,1,6,1,21,5,1994,2,12,8,1,8
2018471806316,1,9,0,7,0,0,0,0,0,0,4,1,1,1,38,7,1896,2,11,8,1,8
2018471806317,1,9,0,18,0,2,0,0,0,0,1,1,6,1,81,11,1200,1,-1,7,1,7
2018471806317,2,1,0,18,0,2,0,0,0,0,3,1,4,1,12,3,-1,-1,-1,4,1,4
2018471806319,1,9,0,7,0,6,0,0,0,0,3,1,6,1,63,9,2493,1,18,7,1,7
2018471806319,2,5,0,18,0,1,0,0,0,0,1,1,6,1,60,9,1085,1,23,7,1,7
2018471806321,1,9,0,18,0,0,0,0,0,0,1,1,1,1,38,7,-1,-1,-1,10,1,10
2018471806323,1,20,0,18,0,0,0,0,0,0,1,1,1,1,29,6,-1,-1,-1,5,1,5
2018471806323,2,9,0,4,0,0,0,0,0,0,2,1,6,2,44,7,1199,2,7,6,1,6
2018471806323,3,9,0,4,0,0,0,0,0,0,2,1,6,1,23,5,1490,1,12,7,1,7
2018471806329,1,9,0,10,0,6,0,0,0,0,3,1,6,1,20,4,1149,1,10,3,1,3
2018471806329,2,1,0,18,0,8,0,0,0,0,3,1,1,1,39,7,-1,-1,-1,8,1,8
2018471806331,1,9,0,18,0,1,0,0,0,0,1,1,6,1,87,11,1796,1,16,2,1,2
2018471806331,2,9,0,4,0,1,0,0,0,0,2,1,1,1,32,6,1968,2,5,5,1,5
2018471806331,3,9,0,3,0,1,0,0,0,0,2,1,6,1,34,6,1149,1,7,10,3,10
2018471806331,4,9,0,3,0,1,0,0,0,0,2,1,6,1,50,8,1390,1,20,10,2,10
2018471806331,5,9,0,10,0,5,0,0,0,0,0,1,6,3,-1,-1,-1,-1,-1,-1,-1,-1
2018471806332,1,9,0,16,0,1,0,0,7,2,1,1,6,1,19,4,1796,1,13,10,1,10
2018471806338,1,9,0,18,0,2,0,0,0,0,1,1,6,2,54,8,698,1,13,4,1,4
2018471806338,2,9,0,3,0,2,0,4,0,0,2,1,6,1,47,8,1461,2,2,10,1,10
2018471806338,3,9,0,2,0,2,0,0,0,0,3,1,6,3,40,7,1242,1,9,-1,-1,-1
2018471806338,4,9,0,2,0,2,0,0,0,0,3,1,6,3,40,7,1497,8,-1,-1,-1,-1
2018471806339,1,19,0,9,0,6,0,0,0,0,4,1,1,1,28,6,1598,2,2,5,1,5
2018471806339,2,11,0,18,0,8,0,0,0,0,3,1,1,1,23,5,4461,2,5,2,1,2
2018471806341,1,19,0,6,0,0,0,0,0,0,1,1,1,1,27,6,1996,2,8,3,1,3
2018471806341,2,9,0,16,0,0,0,0,7,0,1,1,6,2,93,11,1497,1,13,10,3,10
2018471806342,1,9,0,18,0,0,0,0,0,0,1,1,6,1,87,11,1995,2,3,8,1,8
2018471806342,2,9,0,2,0,0,0,0,0,0,2,1,6,2,35,6,2179,2,9,6,-1,6
2018471806342,3,9,0,18,0,0,0,0,0,0,0,1,6,1,-1,-1,-1,-1,-1,-1,-1,-1
2018471806343,1,9,0,6,0,0,0,0,0,0,3,1,6,1,36,7,1398,1,17,6,1,6
2018471806343,2,1,0,18,0,0,0,0,0,0,1,1,6,1,61,9,-1,-1,-1,1,1,1
2018471806344,1,9,0,16,0,0,0,0,7,11,1,1,6,1,71,10,1390,1,7,6,2,6
2018471806344,2,9,0,17,0,0,5,0,2,10,3,1,2,1,51,8,1685,2,4,3,1,3
2018471806345,1,9,0,18,0,0,0,0,0,0,3,1,6,3,30,6,1985,1,17,-1,-1,-1
2018471806345,2,9,0,18,0,0,0,0,0,0,3,1,1,2,37,7,1968,2,10,6,3,6
2018471806346,1,9,0,16,0,0,0,0,0,0,0,1,6,3,30,6,-1,-1,-1,-1,-1,-1
2018471806346,2,9,0,17,0,0,0,10,0,0,4,1,1,1,35,6,1997,2,1,6,1,6
2018471806351,1,9,0,18,0,3,2,9,0,0,3,1,6,1,24,5,1995,2,13,6,3,6
2018471806353,1,9,0,18,0,1,0,0,1,11,3,1,6,1,73,10,3248,1,16,5,-1,5
2018471806353,2,19,0,10,0,1,0,0,0,0,4,1,1,1,23,5,2402,2,7,5,1,5
2018471806354,1,11,0,4,0,8,0,0,0,0,0,1,1,1,41,7,5132,2,1,6,1,6
2018471806355,1,9,0,18,0,0,0,0,0,0,1,1,6,1,73,10,1242,1,2,5,1,5
2018471806356,1,9,0,18,0,8,0,0,0,0,1,1,6,2,47,8,1596,1,14,2,1,2
2018471806357,1,21,0,18,0,8,1,0,0,0,1,1,1,1,28,6,6700,2,1,1,1,1
2018471806357,2,9,0,18,0,8,0,0,0,0,2,1,6,1,32,6,1242,1,4,7,-1,7
2018471806358,1,9,0,5,0,4,0,0,0,0,1,1,6,1,74,10,1396,1,16,6,1,6
2018471806358,2,1,0,18,0,3,0,0,0,0,1,1,6,1,46,8,-1,-1,-1,6,3,6
2018471806359,1,9,0,18,0,4,0,0,0,0,1,1,6,2,77,11,1299,1,17,9,1,9
2018471806359,2,1,0,9,0,8,0,0,0,0,4,1,6,2,56,9,-1,-1,-1,9,1,9
2018471806360,1,9,0,9,0,8,0,0,0,0,4,1,6,3,-1,-1,1998,1,13,-1,-1,-1
2018471806360,2,9,0,18,0,1,0,0,0,0,1,1,2,1,39,7,1956,2,8,4,1,4
2018471806361,1,9,0,7,0,6,0,0,0,0,3,1,2,1,26,6,1299,1,10,8,3,8
2018471806361,2,9,0,18,0,8,0,0,0,0,4,1,6,2,60,9,1398,1,4,9,3,9
2018471806362,1,11,0,18,2,1,0,0,0,0,0,1,1,1,32,6,11967,2,10,3,1,3
2018471806362,2,9,0,11,0,1,0,0,0,0,0,1,6,1,-1,-1,-1,-1,-1,-1,-1,-1
2018471806363,1,9,0,16,0,0,1,0,1,1,3,1,6,1,22,5,2171,1,16,2,1,2
2018471806365,1,9,0,9,0,6,0,0,0,0,3,1,2,1,21,5,1332,1,19,10,1,10
2018471806365,2,9,0,18,0,1,0,0,0,0,1,1,2,1,60,9,1896,2,15,5,3,5
2018471806366,1,9,0,18,0,0,1,0,0,0,0,1,1,1,20,4,-1,-1,-1,5,2,5
2018471806368,1,21,0,18,0,0,0,0,0,0,4,1,6,3,-1,-1,-1,-1,-1,-1,-1,-1
2018471806368,2,1,0,18,0,0,0,0,0,0,2,1,6,1,42,7,-1,-1,-1,9,-1,9
2018471806369,1,20,0,18,0,8,0,0,0,0,1,1,1,1,39,7,-1,-1,-1,6,1,6
2018471806369,2,9,0,9,0,8,0,0,0,0,4,1,3,2,50,8,1560,2,7,8,1,8
2018471806370,1,3,0,18,0,8,0,0,0,0,3,1,2,1,17,4,124,1,-1,6,1,6
2018471806370,2,9,0,18,0,8,0,0,0,0,4,1,6,1,67,10,1599,1,9,7,1,7
2018471806372,1,9,0,18,0,7,0,0,0,0,1,1,6,1,46,8,1598,2,5,7,1,7
2018471806372,2,19,0,3,0,7,0,0,0,0,2,1,6,1,37,7,2143,2,4,5,1,5
2018471806372,3,9,0,3,0,7,0,0,0,0,0,1,6,3,40,7,-1,-1,-1,-1,-1,-1
2018471806373,1,9,0,9,0,5,0,0,0,0,4,1,6,2,86,11,1299,1,10,7,1,7
2018471806373,2,9,0,18,0,8,0,0,0,0,3,1,6,1,69,10,1329,1,4,3,1,3
2018471806377,1,8,0,9,0,8,0,0,0,0,3,1,6,1,17,4,-1,-1,-1,8,1,8
2018471806377,2,9,0,18,0,1,0,0,0,0,1,1,6,1,48,8,1968,2,11,-1,-1,-1
2018471806380,1,9,0,18,0,0,0,0,0,0,1,1,6,1,91,11,1299,1,16,6,1,6
2018471806380,2,9,0,3,0,0,0,0,0,0,2,1,6,2,53,8,1275,1,18,4,1,4
2018471806380,3,9,0,3,0,0,0,0,0,0,2,1,6,1,30,6,1200,1,1,5,1,5
2018471806383,1,9,0,18,0,0,0,0,0,0,1,1,6,2,18,4,1149,1,14,8,1,8
2018471806383,2,9,0,18,0,0,0,0,1,9,1,1,6,1,23,5,1248,2,11,4,1,4
2018471806384,1,5,0,5,0,8,1,0,0,0,0,1,6,1,43,7,998,1,-1,8,3,8
2018471806386,1,9,0,4,0,0,0,0,0,0,1,1,6,2,42,7,1968,2,6,10,1,10
2018471806386,2,19,0,18,0,0,0,0,0,0,2,1,1,1,20,4,1997,2,14,9,3,9
2018471806386,3,9,0,3,0,0,0,0,0,0,2,1,6,1,51,8,999,1,1,9,1,9
2018471806391,1,9,0,17,0,0,1,0,2,10,1,1,6,1,29,6,1398,2,7,1,1,1
2018471806392,1,21,0,18,0,0,0,0,0,0,4,1,1,1,53,8,12740,2,4,5,1,5
2018471806393,1,9,0,9,0,5,0,0,0,0,3,1,6,1,24,5,1956,2,8,-1,-1,-1
2018471806393,2,9,0,3,0,1,0,0,0,0,3,1,6,1,60,9,2495,1,16,10,1,10
2018471806394,1,19,0,9,0,6,0,0,0,0,1,1,6,1,22,5,1560,2,4,7,3,7
2018471806395,1,9,0,18,0,0,0,0,0,0,1,1,1,1,33,6,2800,2,23,3,1,3
2018471806395,2,9,0,18,0,0,0,0,0,0,2,1,6,1,19,4,1499,2,4,8,1,8
2018471806395,3,9,0,18,0,0,0,0,0,0,1,1,1,1,37,7,1798,8,-1,6,3,6
2018471806395,4,20,0,18,0,0,0,0,0,0,1,1,1,1,32,6,6700,2,4,8,1,8
2018471806398,1,1,0,18,9,0,0,0,0,0,1,1,1,2,49,8,-1,-1,-1,5,1,5
2018471806398,2,1,0,18,9,0,0,0,0,0,1,1,1,1,31,6,-1,-1,-1,3,1,3
2018471806398,3,19,0,2,9,0,0,0,0,0,0,1,6,3,-1,-1,1996,2,8,-1,-1,-1
2018471806400,1,9,0,7,0,6,0,0,0,0,1,1,6,1,30,6,1599,1,12,7,1,7
2018471806400,2,1,0,18,0,8,0,0,0,0,1,1,6,1,23,5,-1,-1,-1,3,1,3
2018471806401,1,9,0,18,0,0,0,0,1,3,4,1,6,2,47,8,1968,2,13,7,3,7
2018471806402,1,9,0,18,0,2,0,0,0,0,1,1,2,2,70,10,1596,1,12,6,3,6
2018471806403,1,9,0,18,0,0,0,0,0,0,1,1,1,2,54,8,1386,1,6,3,1,3
2018471806404,1,19,0,18,0,0,0,0,0,0,1,1,2,1,49,8,1995,2,2,-1,-1,-1
2018471806404,2,9,0,3,0,0,0,0,0,0,2,1,2,1,55,8,1968,2,5,8,1,8
2018471806404,3,9,0,3,0,0,0,0,0,0,2,1,2,2,47,8,1968,2,2,8,1,8
2018471806404,4,9,0,3,0,0,0,0,0,0,2,1,2,1,31,6,-1,-1,-1,5,1,5
2018471806405,1,9,0,17,0,8,0,0,0,4,1,1,6,1,40,7,1781,1,16,8,3,8
2018471806408,1,9,0,18,0,0,5,0,7,1,1,1,2,1,35,6,-1,-1,-1,3,1,3
2018471806408,2,9,0,18,0,0,0,0,0,0,0,1,6,3,-1,-1,-1,-1,-1,-1,-1,-1
2018471806409,1,9,0,7,0,3,0,0,0,0,4,1,6,2,30,6,999,1,2,-1,-1,-1
2018471806409,2,9,0,7,0,8,0,0,0,0,3,1,6,1,44,7,2143,2,5,4,1,4
2018471806414,1,9,0,18,0,0,0,0,2,4,4,1,2,1,55,8,1149,1,11,8,1,8
2018471806415,1,9,0,18,0,8,0,0,0,0,1,1,6,1,69,10,1598,1,15,3,1,3
2018471806417,1,9,0,18,0,0,0,0,0,0,1,1,6,1,54,8,-1,-1,-1,-1,-1,-1
2018471806417,2,9,0,18,0,0,0,0,0,0,1,1,6,1,37,7,-1,-1,-1,5,2,5
2018471806418,1,19,0,18,0,0,0,0,0,0,1,1,6,1,38,7,2143,2,1,5,3,5
2018471806419,1,1,0,18,0,1,0,0,0,0,1,1,6,1,17,4,-1,-1,-1,6,1,6
2018471806419,2,9,0,4,0,1,0,0,0,0,4,1,6,2,60,9,1596,1,17,6,1,6
2018471806420,1,19,0,7,0,6,0,0,0,0,1,1,2,1,49,8,1996,2,4,10,1,10
2018471806420,2,1,0,18,0,1,0,0,0,0,4,1,2,1,52,8,-1,-1,-1,6,1,6
2018471806422,1,9,0,16,0,0,1,0,0,0,2,1,6,2,19,4,1240,1,15,6,1,6
2018471806422,2,9,0,16,0,0,0,0,1,9,1,1,2,1,29,6,1997,2,2,8,1,8
2018471806423,1,9,0,18,0,2,0,0,0,0,1,1,6,3,-1,-1,-1,-1,-1,-1,-1,-1
2018471806424,1,9,0,18,0,4,0,0,0,0,1,1,6,1,45,7,1798,1,10,4,1,4
2018471806424,2,9,0,18,0,3,0,0,0,0,1,1,6,1,72,10,1984,1,-1,8,1,8
2018471806427,1,9,0,7,0,3,0,0,1,0,1,1,6,1,70,10,1598,1,8,6,2,6
2018471806427,2,9,0,4,0,1,0,0,0,0,3,1,6,2,21,5,1997,2,8,7,3,7
2018471806429,1,19,0,16,0,0,0,0,0,0,1,1,1,1,41,7,2198,2,2,5,1,5
2018471806429,2,20,0,17,0,0,0,0,0,0,1,1,1,1,57,9,4461,2,9,9,2,9
2018471806431,1,9,0,9,0,6,0,0,0,0,1,1,6,1,64,9,1596,1,12,7,1,7
2018471806431,2,9,0,13,0,8,0,0,0,0,4,1,2,1,38,7,2231,2,5,8,1,8
2018471806431,3,9,0,7,0,5,0,0,0,0,0,1,6,1,-1,-1,-1,-1,-1,-1,-1,-1
2018471806433,1,9,0,11,0,1,0,0,0,0,4,1,6,1,47,8,1229,1,12,3,1,3
2018471806433,2,19,0,18,0,1,0,0,0,0,3,1,1,1,35,6,1560,2,1,8,1,8
2018471806433,3,9,0,10,0,1,0,0,0,0,0,1,6,1,50,8,-1,-1,-1,-1,-1,-1
2018471806434,1,9,0,16,0,0,0,0,0,0,1,1,6,2,26,6,1798,1,10,7,1,7
2018471806434,2,9,0,3,0,0,0,0,0,0,2,1,1,1,52,8,1598,2,3,9,1,9
2018471806436,1,1,0,18,0,1,0,0,1,11,1,1,6,1,34,6,-1,-1,-1,-1,-1,-1
2018471806437,1,9,0,9,0,1,0,0,0,0,1,1,1,1,19,4,1299,1,17,4,1,4
2018471806437,2,3,0,18,0,1,0,0,0,0,1,1,1,1,51,8,125,1,10,7,1,7
2018471806439,1,9,0,18,0,0,0,0,0,0,1,1,6,2,84,11,1086,1,8,6,2,6
2018471806439,2,9,0,18,0,0,0,0,0,0,1,1,6,2,59,9,1388,1,15,9,1,9
2018471806441,1,9,0,18,0,0,0,0,1,7,1,1,6,1,28,6,1956,2,7,7,1,7
2018471806444,1,19,0,9,0,6,0,0,0,0,3,1,2,1,32,6,2198,2,3,4,1,4
2018471806448,1,1,0,18,0,0,0,0,0,0,1,1,4,2,14,3,-1,-1,-1,5,1,5
2018471806448,2,19,0,18,0,0,0,0,0,0,3,1,1,1,48,8,1995,2,5,5,1,5
2018471806449,1,9,0,4,0,0,0,0,0,0,1,1,1,2,34,6,1997,2,7,7,1,7
2018471806449,2,9,0,3,0,0,0,0,0,0,2,1,1,2,48,8,2488,2,5,5,3,5
2018471806449,3,9,0,3,0,0,0,0,0,0,2,1,1,2,77,11,1360,1,15,8,1,8
2018471806449,4,9,0,3,0,0,0,0,0,0,2,1,1,1,42,7,1591,1,9,-1,-1,-1
2018471806453,1,9,0,16,0,2,0,0,0,0,4,1,2,2,32,6,1339,8,10,8,1,8
2018471806453,2,9,0,2,6,2,0,0,0,0,0,1,6,3,-1,-1,1497,1,12,-1,-1,-1
2018471806454,1,9,0,17,0,0,0,0,1,11,1,1,6,1,20,4,998,1,4,8,1,8
2018471806455,1,9,0,9,0,5,0,0,0,0,4,1,2,2,37,7,1149,1,-1,4,1,4
2018471806455,2,19,0,18,0,1,0,0,0,0,1,1,1,1,25,5,1598,2,3,8,1,8