Accident_Index,Vehicle_Reference,Vehicle_Type,Towing_and_Articulation,Vehicle_Manoeuvre,Vehicle_Location-Restricted_Lane,Junction_Location,Skidding_and_Overturning,Hit_Object_in_Carriageway,Vehicle_Leaving_Carriageway,Hit_Object_off_Carriageway,1st_Point_of_Impact,Was_Vehicle_Left_Hand_Drive?,Journey_Purpose_of_Driver,Sex_of_Driver,Age_of_Driver,Age_Band_of_Driver,Engine_Capacity_(CC),Propulsion_Code,Age_of_Vehicle,Driver_IMD_Decile,Driver_Home_Area_Type,Vehicle_IMD_Decile
2018471806456,1,9,0,9,0,5,0,0,0,0,4,1,6,2,26,6,1598,1,8,6,1,6
2018471806456,2,3,0,18,0,1,0,0,0,0,1,1,6,1,49,8,124,1,2,3,1,3
2018471806458,1,9,0,1,0,2,0,0,0,0,2,1,1,1,28,6,1598,1,12,5,1,5
2018471806458,2,1,0,3,0,1,0,0,0,0,1,1,6,1,55,8,-1,-1,-1,8,1,8
2018471806459,1,9,0,1,0,0,0,0,0,0,2,2,6,1,-1,-1,1582,2,9,6,1,6
2018471806459,2,4,0,1,0,0,0,0,0,0,2,1,6,1,28,6,250,1,-1,8,1,8
2018471806460,1,9,0,7,0,4,0,0,0,0,1,1,2,1,29,6,1560,2,11,4,1,4
2018471806460,2,1,0,18,0,8,0,0,0,0,1,1,6,1,23,5,-1,-1,-1,7,3,7
2018471806461,1,9,0,17,0,0,0,0,1,0,1,1,6,2,73,10,1390,1,8,5,2,5
2018471806465,1,9,0,18,0,0,2,0,7,0,0,1,1,1,81,11,1339,1,12,10,1,10
2018471806468,1,9,0,18,0,0,0,0,0,0,1,1,1,1,62,9,-1,-1,-1,7,1,7
2018471806468,2,9,0,4,0,0,0,0,0,0,2,1,6,2,22,5,1999,2,1,8,1,8
2018471806469,1,9,0,7,0,8,0,0,0,0,1,1,6,2,89,11,1197,1,7,7,1,7
2018471806469,2,9,0,7,0,8,0,0,0,0,2,1,6,2,72,10,1360,1,18,4,1,4
2018471806470,1,9,0,4,0,8,0,0,0,0,1,1,2,2,60,9,1199,2,7,8,1,8
2018471806470,2,9,0,18,0,8,0,0,1,10,3,1,2,1,66,10,2435,1,16,7,1,7
2018471806471,1,9,0,1,0,1,0,0,0,0,2,1,6,1,65,9,1582,2,2,4,3,4
2018471806471,2,9,0,2,0,1,0,0,0,0,2,1,6,3,-1,-1,1396,1,19,-1,-1,-1
2018471806471,3,9,0,2,0,1,0,0,0,0,2,1,6,3,-1,-1,2993,2,8,-1,-1,-1
2018471806472,1,9,0,18,0,1,0,0,0,0,4,1,6,3,-1,-1,-1,-1,-1,-1,-1,-1
2018471806472,2,1,0,18,0,1,0,0,0,0,3,1,6,1,18,4,-1,-1,-1,2,1,2
2018471806475,1,9,0,9,0,6,0,0,0,0,1,1,6,1,66,10,1968,2,8,5,3,5
2018471806475,2,19,0,18,0,1,0,0,0,0,3,1,6,2,57,9,-1,-1,-1,5,3,5
2018471806478,1,3,0,18,0,8,1,0,0,0,1,1,6,1,15,3,125,1,1,6,1,6
2018471806478,2,9,0,2,0,1,0,0,0,0,2,1,6,3,-1,-1,2099,1,16,-1,-1,-1
2018471806478,3,9,0,2,0,1,0,0,0,0,3,1,6,3,-1,-1,1396,1,13,-1,-1,-1
2018471806479,1,9,0,5,0,2,0,0,0,0,4,1,6,2,26,6,1299,1,13,7,1,7
2018471806479,2,9,0,18,0,1,0,0,0,0,1,1,2,1,26,6,2979,1,13,3,1,3
2018471806480,1,9,0,9,0,6,0,0,0,0,1,1,2,1,44,7,-1,-1,-1,7,1,7
2018471806480,2,9,0,18,0,8,0,0,0,0,4,1,6,2,26,6,1396,1,15,1,1,1
2018471806484,1,9,0,9,0,6,0,0,0,0,1,1,6,2,43,7,1461,2,5,7,3,7
2018471806484,2,9,0,18,0,8,0,0,0,0,4,1,6,2,18,4,1200,1,15,5,3,5
2018471806487,1,5,0,5,0,3,1,0,0,0,3,1,6,1,26,6,675,1,11,8,2,8
2018471806488,1,2,0,18,0,2,0,0,0,0,1,1,6,1,18,4,49,1,2,8,1,8
2018471806488,2,9,0,6,0,1,0,0,0,0,3,1,6,1,63,9,2987,2,9,4,1,4
2018471806489,1,9,0,9,0,8,0,0,0,0,4,1,6,2,18,4,1229,1,8,9,2,9
2018471806489,2,9,0,17,0,8,0,0,0,0,1,1,6,2,49,8,1591,1,-1,7,1,7
2018471806491,1,9,0,7,0,1,0,0,0,0,4,1,6,1,34,6,898,1,4,8,1,8
2018471806493,1,19,0,4,0,2,0,0,0,0,1,1,1,1,27,6,2198,2,4,5,1,5
2018471806493,2,9,0,18,0,1,0,0,0,0,4,1,1,1,57,9,2993,2,4,10,2,10
2018471806495,1,9,0,18,0,0,0,0,0,0,1,1,6,1,34,6,1496,2,1,6,1,6
2018471806495,2,9,0,18,0,0,0,0,0,0,2,1,6,1,42,7,2982,2,11,7,2,7
2018471806495,3,9,0,18,0,0,0,0,0,0,0,1,6,3,-1,-1,-1,-1,-1,-1,-1,-1
2018471806496,1,9,0,9,0,8,0,0,0,0,4,1,6,1,28,6,1997,1,17,7,1,7
2018471806496,2,9,0,18,0,1,0,0,0,0,1,1,6,2,46,8,1242,1,8,3,1,3
2018471806498,1,9,0,16,0,0,5,0,7,4,3,1,6,1,19,4,2457,1,8,3,1,3
2018471806500,1,9,0,18,0,8,0,0,0,0,1,1,6,1,31,6,-1,-1,-1,5,3,5
2018471806500,2,9,0,18,0,8,0,0,0,0,3,1,6,1,44,7,998,1,-1,3,1,3
2018471806502,1,9,0,5,0,1,0,0,0,0,1,1,6,2,21,5,2148,2,12,8,1,8
2018471806502,2,5,0,8,0,1,0,0,0,0,2,1,6,2,65,9,1202,1,2,8,2,8
2018471806504,1,9,0,6,0,0,0,0,0,0,3,1,6,1,36,7,1149,1,13,9,1,9
2018471806504,2,3,0,18,0,0,0,0,0,0,1,1,1,1,40,7,108,1,1,8,1,8
2018471806506,1,9,0,18,0,0,0,0,1,11,1,1,6,2,78,11,1497,8,5,8,1,8
2018471806508,1,9,0,9,0,8,0,0,0,0,4,1,1,2,20,4,998,1,9,8,1,8
2018471806508,2,9,0,18,0,8,0,0,0,0,1,1,6,1,45,7,1984,1,17,5,3,5
2018471806509,1,9,0,18,0,8,0,12,0,0,1,1,6,2,31,6,1364,1,9,2,1,2
2018471806509,2,19,0,2,0,8,0,0,0,0,2,1,6,3,-1,-1,1995,2,2,-1,-1,-1
2018471806510,1,9,0,5,0,0,0,0,0,0,1,1,6,2,57,9,1598,2,2,10,1,10
2018471806510,2,3,0,18,0,0,0,0,0,0,1,1,6,1,36,7,125,1,6,9,1,9
2018471806511,1,19,0,4,0,0,0,0,0,0,3,1,6,3,-1,-1,1868,2,15,-1,-1,-1
2018471806512,1,9,0,8,9,1,0,0,1,0,4,1,6,1,31,6,1761,1,19,1,1,1
2018471806513,1,3,0,17,0,1,0,0,0,0,3,1,6,1,24,5,124,1,1,7,1,7
2018471806514,1,9,0,18,0,0,0,0,0,0,1,1,6,1,35,6,-1,-1,-1,6,3,6
2018471806514,2,9,0,4,0,0,0,0,0,0,2,1,1,2,45,7,1590,1,13,7,2,7
2018471806514,3,9,0,4,0,0,0,0,0,0,0,1,1,2,-1,-1,-1,-1,-1,-1,-1,-1
2018471806516,1,9,0,18,0,1,1,0,0,0,1,1,6,1,19,4,1995,1,12,8,3,8
2018471806516,2,9,0,3,0,1,0,0,0,0,2,1,2,2,21,5,1242,1,5,3,1,3
2018471806516,3,9,0,10,0,8,0,0,0,0,2,1,6,1,51,8,2148,2,9,8,1,8
2018471806518,1,9,0,18,0,0,0,0,0,0,1,1,3,2,38,7,1997,2,9,5,1,5
2018471806518,2,19,0,4,0,0,0,0,0,0,2,1,1,1,50,8,1598,2,2,7,1,7
2018471806519,1,9,0,7,0,8,0,0,0,0,4,1,6,1,78,11,1968,2,2,1,1,1
2018471806519,2,1,0,18,0,8,0,0,0,0,3,1,6,1,37,7,-1,-1,-1,8,1,8
2018471806520,1,9,0,18,0,0,0,0,0,0,1,1,2,1,59,9,1686,2,12,3,1,3
2018471806520,2,9,0,3,0,0,0,0,0,0,2,1,2,1,56,9,1496,2,3,10,1,10
2018471806520,3,9,0,3,0,0,0,0,0,0,2,1,6,2,31,6,1998,1,-1,5,1,5
2018471806521,1,9,0,9,0,1,0,0,0,0,1,2,6,1,78,11,1497,8,-1,7,1,7
2018471806521,2,9,0,18,0,8,1,0,0,0,1,1,6,1,30,6,-1,-1,-1,6,1,6
2018471806522,1,9,0,17,0,0,1,0,0,0,4,1,6,2,31,6,1600,1,19,6,1,6
2018471806522,2,9,0,16,0,0,0,0,0,0,1,1,6,1,35,6,-1,-1,-1,6,1,6
2018471806525,1,3,0,18,0,0,0,0,0,0,1,1,6,1,27,6,125,1,-1,4,1,4
2018471806525,2,19,0,4,0,0,0,0,0,0,2,1,1,1,45,7,1997,2,11,9,1,9
2018471806526,1,9,0,18,0,0,0,0,0,0,1,1,2,2,21,5,1600,1,6,6,1,6
2018471806526,2,9,0,18,0,0,0,0,4,6,2,1,2,2,21,5,1197,1,1,5,3,5
2018471806526,3,9,0,4,0,0,0,0,0,0,2,1,2,1,35,6,1799,1,12,6,1,6
2018471806527,1,9,0,9,0,6,0,0,0,0,3,1,6,2,68,10,2993,2,2,8,1,8
2018471806527,2,9,0,18,0,1,0,0,0,0,1,1,6,1,32,6,1390,1,20,8,1,8
2018471806528,1,9,0,18,0,0,0,0,7,4,1,1,2,1,34,6,1198,1,4,2,1,2
2018471806530,1,9,0,9,0,8,0,0,0,0,1,1,1,2,64,9,999,1,1,5,1,5
2018471806530,2,9,0,18,0,8,0,0,0,0,1,1,6,2,80,11,1388,1,10,8,1,8
2018471806532,1,9,0,18,0,0,0,0,1,4,3,1,2,1,55,8,-1,-1,-1,7,3,7
2018471806533,1,9,0,18,0,4,0,0,1,11,3,1,6,2,29,6,1242,1,17,7,1,7
2018471806533,2,19,0,9,0,3,0,0,1,0,3,1,1,1,34,6,1598,2,5,5,1,5
2018471806537,1,9,0,9,0,8,0,0,0,0,3,1,1,1,52,8,1499,8,-1,10,1,10
2018471806537,2,9,0,18,0,8,0,0,0,0,1,1,6,1,62,9,2987,2,9,6,3,6
2018471806538,1,9,0,15,0,1,0,0,1,0,3,1,6,2,22,5,1397,1,9,10,1,10
2018471806538,2,21,0,7,0,5,0,0,0,0,4,1,1,1,50,8,6871,2,5,7,3,7
2018471806540,1,9,0,9,0,8,0,0,0,0,3,1,6,2,45,7,1461,2,3,2,1,2
2018471806541,1,1,0,9,0,6,0,0,0,0,4,1,6,1,30,6,-1,-1,-1,6,1,6
2018471806541,2,19,0,18,0,2,0,0,0,0,1,1,2,1,39,7,1753,2,13,5,1,5
2018471806542,1,9,0,9,0,8,0,0,0,0,1,1,2,1,37,7,1798,1,11,4,1,4
2018471806542,2,1,0,4,0,1,0,0,0,0,1,1,2,1,60,9,-1,-1,-1,4,1,4
2018471806543,1,9,0,18,0,4,0,0,0,0,3,1,2,2,37,7,898,1,2,5,1,5
2018471806543,2,1,0,18,0,8,0,0,0,0,1,1,2,1,48,8,-1,-1,-1,8,1,8
2018471806544,1,9,0,11,0,0,1,0,1,4,1,1,2,1,39,7,2143,2,2,5,1,5
2018471806546,1,9,0,18,0,0,0,0,0,0,1,1,3,1,43,7,2362,1,16,1,1,1
2018471806548,1,21,0,18,0,8,0,0,0,0,1,1,6,1,55,8,12777,2,11,6,1,6
2018471806548,2,21,0,18,0,8,0,0,0,0,2,1,6,1,26,6,12900,2,5,3,-1,3
2018471806549,1,9,0,18,0,0,0,0,0,7,4,1,6,1,84,11,1587,1,11,1,1,1
2018471806550,1,9,0,18,0,8,0,0,0,0,3,1,6,1,33,6,1598,1,10,10,1,10
2018471806550,2,9,0,18,0,8,0,0,0,0,1,1,6,2,24,5,1595,1,6,4,1,4
2018471806551,1,9,0,18,0,8,0,0,0,0,1,1,6,3,38,7,2987,2,11,-1,-1,-1
2018471806551,2,9,0,18,0,8,0,0,0,0,1,1,6,1,48,8,1389,1,13,4,1,4
2018471806552,1,9,0,18,0,4,5,0,1,1,1,1,2,1,44,7,1796,1,10,8,1,8
2018471806553,1,1,0,18,0,8,0,0,0,0,1,1,6,1,19,4,-1,-1,-1,1,1,1
2018471806553,2,9,0,18,0,8,0,0,0,0,3,1,6,1,33,6,1590,1,4,6,1,6
2018471806554,1,9,0,18,0,1,0,0,0,0,4,1,6,1,71,10,1396,1,8,7,1,7
2018471806554,2,1,0,5,0,1,0,0,0,0,1,1,6,1,44,7,-1,-1,-1,4,1,4
2018471806555,1,9,0,9,0,1,0,0,0,0,4,1,3,1,29,6,1598,1,10,10,2,10
2018471806555,2,9,0,18,0,1,0,0,0,0,1,1,2,1,30,6,1461,2,2,5,1,5
2018471806555,3,9,0,3,0,1,0,0,0,0,0,1,6,1,-1,-1,-1,-1,-1,-1,-1,-1
2018471806557,1,19,0,18,0,1,0,0,0,0,1,1,1,1,30,6,2143,2,2,4,1,4
2018471806557,2,9,0,10,0,8,0,0,0,0,2,1,3,2,34,6,1796,1,14,8,3,8
2018471806558,1,9,0,18,0,1,0,0,0,0,1,1,6,1,84,11,3000,2,22,7,2,7
2018471806558,2,1,0,8,0,1,0,0,0,0,2,1,6,2,43,7,-1,-1,-1,10,1,10
2018471806560,1,9,0,18,0,1,0,0,0,0,1,1,6,1,25,5,1493,2,8,6,1,6
2018471806560,2,9,0,4,0,1,0,0,0,0,2,1,6,2,46,8,998,1,-1,-1,-1,-1
2018471806561,1,9,0,18,0,8,0,0,0,0,1,1,6,1,40,7,-1,-1,-1,-1,-1,-1
2018471806561,2,1,0,18,0,8,0,0,0,0,1,1,6,1,26,6,-1,-1,-1,9,1,9
2018471806562,1,9,0,9,0,5,0,0,0,0,4,1,2,1,38,7,1498,1,-1,6,1,6
2018471806562,2,9,0,18,0,8,0,0,0,0,1,1,2,2,48,8,1461,2,8,5,1,5
2018471806563,1,9,0,9,0,8,0,0,0,0,1,1,6,1,18,4,1364,1,11,1,1,1
2018471806564,1,19,0,9,0,1,0,0,0,0,1,1,6,1,36,7,1868,2,12,6,1,6
2018471806564,2,9,0,10,0,8,0,0,0,0,2,1,6,1,48,8,1997,1,8,3,1,3
2018471806568,1,9,0,4,0,1,0,0,0,0,1,1,2,1,22,5,1388,1,7,2,1,2
2018471806568,2,9,0,4,0,1,0,0,0,0,2,1,2,1,18,4,1560,2,10,9,3,9
2018471806568,3,9,0,4,0,1,0,0,0,0,2,1,6,2,40,7,-1,-1,-1,-1,-1,-1
2018471806569,1,9,0,9,0,8,1,7,1,7,1,1,6,2,42,7,1242,1,18,4,1,4
2018471806569,2,9,0,9,0,8,0,0,0,0,0,1,6,3,-1,-1,999,1,-1,-1,-1,-1
2018471806571,1,9,0,5,0,4,0,0,0,0,1,1,6,2,47,8,1242,1,4,9,3,9
2018471806571,2,1,0,7,0,4,0,0,0,0,1,1,2,1,40,7,-1,-1,-1,10,1,10
2018471806572,1,9,0,18,0,0,0,0,0,0,1,1,6,2,37,7,1199,1,13,5,1,5
2018471806573,1,4,0,18,0,4,0,9,3,0,1,1,6,1,56,9,599,1,14,8,3,8
2018471806576,1,9,0,17,0,0,1,0,1,9,1,1,6,1,24,5,1360,1,12,8,3,8
2018471806578,1,9,0,18,0,4,0,0,7,4,3,1,6,1,22,5,1149,1,15,3,1,3
2018471806578,2,9,0,17,0,8,0,0,0,0,4,1,2,1,29,6,1986,2,11,2,1,2
2018471806581,1,9,0,4,0,4,0,0,0,0,1,1,6,2,60,9,1596,1,6,10,1,10
2018471806581,2,9,0,18,0,8,0,0,0,0,4,1,2,1,52,8,1461,2,3,10,1,10
2018471806584,1,9,0,16,0,1,1,0,0,0,1,1,1,1,33,6,-1,-1,-1,7,1,7
2018471806584,2,9,0,17,0,8,0,0,1,0,1,1,2,2,46,8,2979,1,4,10,3,10
2018471806585,1,9,0,18,0,0,0,0,0,0,1,1,2,1,50,8,1362,1,5,9,1,9
2018471806586,1,9,0,9,0,5,0,0,0,0,1,1,6,1,72,10,1686,2,9,7,1,7
2018471806586,2,1,0,18,0,8,0,0,0,0,3,1,6,1,38,7,-1,-1,-1,6,1,6
2018471806587,1,9,0,18,0,8,0,0,0,0,2,1,6,1,39,7,1348,1,18,4,1,4
2018471806587,2,9,0,18,0,8,0,0,0,0,1,1,6,2,44,7,1242,1,-1,5,1,5
2018471806589,1,9,0,18,0,1,0,0,0,0,1,1,6,1,49,8,1596,1,18,6,1,6
2018471806589,2,9,0,10,0,1,0,0,0,0,2,1,6,1,29,6,1560,2,4,7,1,7
2018471806590,1,9,0,18,0,0,0,0,0,0,4,1,6,2,76,11,1242,1,4,4,1,4
2018471806590,2,9,0,2,0,0,0,0,0,0,4,1,1,3,-1,-1,1781,1,14,-1,-1,-1
2018471806591,1,9,0,18,0,1,0,0,0,0,1,1,6,2,58,9,1598,1,1,7,1,7
2018471806591,2,9,0,3,0,1,0,0,0,0,2,1,6,1,24,5,998,1,1,6,1,6
2018471806592,1,9,0,9,0,8,0,0,0,0,4,1,6,2,21,5,998,1,3,5,1,5
2018471806592,2,3,0,18,0,1,0,0,0,0,1,1,6,1,40,7,125,1,-1,4,1,4
2018471806594,1,9,0,9,0,8,0,0,7,0,1,1,6,2,34,6,1598,1,12,7,1,7
2018471806594,2,9,0,18,0,1,0,0,1,0,1,1,2,1,26,6,1781,1,18,5,1,5
2018471806595,1,9,0,7,0,6,0,0,0,0,1,1,2,1,61,9,1598,1,3,6,3,6
2018471806595,2,9,0,18,0,1,1,0,0,0,1,1,6,1,19,4,988,1,26,8,1,8
2018471806596,1,9,0,4,0,0,0,0,0,0,1,1,2,2,18,4,1598,1,13,9,1,9
2018471806596,2,9,0,3,0,0,0,0,0,0,2,1,6,1,50,8,1997,1,6,9,1,9
2018471806596,3,11,0,3,0,0,0,0,0,0,2,1,1,1,62,9,6700,2,8,10,1,10
2018471806599,1,9,0,18,0,8,0,0,0,0,3,1,2,1,38,7,1968,2,11,9,1,9
2018471806600,1,9,0,4,0,8,0,0,0,0,4,1,6,2,42,7,1997,2,15,2,2,2
2018471806601,1,8,0,9,0,8,0,0,0,0,1,1,1,2,58,9,1798,8,2,6,1,6
2018471806601,2,19,0,18,0,1,0,0,0,0,4,1,1,1,48,8,1996,2,11,8,1,8
2018471806602,1,9,0,18,0,8,5,0,0,0,1,1,2,2,58,9,1598,1,9,4,1,4
2018471806602,2,8,0,18,0,1,0,0,0,0,1,1,1,1,41,7,1797,8,8,5,1,5
2018471806602,3,9,0,2,0,2,0,0,0,0,2,1,6,3,-1,-1,-1,-1,-1,-1,-1,-1
2018471806604,1,9,0,2,0,2,0,0,0,0,3,1,6,2,42,7,1598,1,8,8,1,8
2018471806604,2,1,0,18,0,2,0,0,0,0,1,1,2,1,56,9,-1,-1,-1,6,1,6
2018471806606,1,9,0,9,0,6,0,0,0,0,1,1,6,1,33,6,1840,1,19,6,-1,6
2018471806606,2,19,0,18,0,8,0,0,1,9,1,1,1,1,37,7,1995,2,-1,6,3,6
2018471806607,1,19,0,9,0,8,0,0,0,0,1,1,1,1,22,5,1598,2,5,8,1,8
2018471806607,2,3,0,18,0,1,0,0,0,0,1,1,2,1,23,5,125,1,4,3,1,3
2018471806609,1,9,0,5,9,0,0,0,0,0,4,1,6,1,57,9,898,1,3,4,1,4
2018471806610,1,9,0,17,0,0,1,0,1,9,1,1,2,1,18,4,1198,1,15,6,1,6
2018471806611,1,9,0,9,0,8,0,0,0,0,4,1,6,2,72,10,1086,1,9,10,1,10
2018471806611,2,1,0,18,0,8,0,0,0,0,1,1,6,1,84,11,-1,-1,-1,9,3,9
2018471806612,1,11,0,18,0,2,0,0,0,0,4,1,1,1,61,9,6700,2,8,8,1,8
2018471806613,1,9,0,7,0,6,0,0,0,0,3,1,6,1,85,11,1995,1,5,9,2,9
2018471806613,2,21,0,18,0,8,0,0,0,0,1,1,1,1,37,7,12882,2,4,2,1,2
2018471806614,1,9,0,7,0,8,0,0,0,0,4,1,6,1,19,4,1390,1,11,9,1,9
2018471806616,1,3,0,18,0,1,0,0,0,0,1,1,6,1,20,4,125,1,4,5,1,5
2018471806616,2,9,0,9,0,5,0,0,0,0,4,1,6,2,22,5,998,1,8,9,1,9
2018471806616,3,9,0,3,0,1,0,0,0,0,0,1,6,2,-1,-1,-1,-1,-1,-1,-1,-1
2018471806617,1,5,0,18,0,0,0,0,0,0,3,1,6,1,59,9,998,1,13,8,1,8
2018471806618,1,9,0,18,0,0,0,0,0,0,1,1,2,1,36,7,1388,1,11,3,1,3
2018471806618,2,9,0,18,0,0,0,4,0,0,1,1,2,2,20,4,1248,1,9,7,1,7
2018471806618,3,20,0,2,0,0,0,0,0,0,2,1,1,1,55,8,2143,2,1,10,1,10
2018471806620,1,9,0,18,0,0,0,0,0,0,4,1,6,2,66,10,1339,1,7,8,1,8
2018471806621,1,19,0,1,9,6,0,0,0,0,2,1,1,1,28,6,2299,2,5,8,1,8
2018471806623,1,9,0,18,0,0,0,0,7,7,1,1,1,1,60,9,5000,1,7,6,1,6
2018471806624,1,9,0,9,0,6,0,0,0,0,1,1,3,2,40,7,2198,1,10,10,1,10
2018471806624,2,1,0,18,0,8,0,0,0,0,1,1,6,1,46,8,-1,-1,-1,9,1,9
2018471806625,1,9,0,2,0,6,0,0,0,0,3,1,1,1,58,9,-1,-1,-1,10,1,10
2018471806625,2,1,0,18,0,1,0,0,0,0,1,1,6,1,15,3,-1,-1,-1,1,1,1
2018471806626,1,9,0,17,0,0,1,0,1,3,1,1,6,1,83,11,1998,2,11,5,2,5
2018471806627,1,9,0,18,0,8,0,0,0,0,1,1,6,2,35,6,1984,1,3,3,1,3
2018471806627,2,9,0,18,0,8,0,0,0,0,2,1,6,1,32,6,1796,1,9,7,1,7
2018471806627,3,9,0,18,0,2,0,0,0,0,0,1,6,1,-1,-1,-1,-1,-1,-1,-1,-1
2018471806628,1,9,0,18,0,8,0,0,0,0,1,1,6,2,34,6,1895,1,17,7,1,7
2018471806628,2,9,0,4,0,8,0,0,0,0,2,1,6,1,59,9,1598,1,10,7,3,7
2018471806630,1,9,0,18,0,8,0,0,0,0,4,1,6,2,28,6,1360,1,12,1,1,1
2018471806630,2,20,0,18,0,8,0,0,0,0,3,2,1,1,50,8,-1,-1,-1,-1,-1,-1
2018471806631,1,9,0,9,0,6,0,0,0,1,2,1,6,1,48,8,1598,2,4,8,2,8
2018471806631,2,9,0,18,0,8,0,0,0,0,1,1,6,1,56,9,1685,2,-1,6,3,6
2018471806634,1,3,0,7,0,4,0,0,0,0,3,1,6,1,38,7,125,1,3,9,2,9
2018471806634,2,9,0,9,0,8,0,0,0,0,4,1,6,2,30,6,1461,2,6,3,1,3
2018471806636,1,9,0,6,0,2,0,0,0,0,1,1,6,1,68,10,1242,1,12,4,1,4
2018471806636,2,3,0,17,0,1,0,0,0,0,1,1,6,1,23,5,124,1,7,10,1,10
2018471806637,1,21,0,18,0,0,2,0,1,11,3,1,1,1,48,8,12900,2,7,8,1,8
2018471806638,1,9,0,7,0,6,0,0,0,0,1,1,6,2,19,4,1390,1,14,10,1,10
2018471806638,2,9,0,17,0,8,0,0,0,0,3,1,6,2,89,11,998,1,8,4,1,4
2018471806640,1,9,0,18,0,1,0,0,0,0,1,1,2,3,30,6,-1,-1,-1,-1,-1,-1
2018471806640,2,9,0,3,0,1,0,0,0,0,2,1,2,2,30,6,1461,2,6,6,1,6
2018471806644,1,19,0,18,0,1,0,0,0,0,1,1,1,1,29,6,1461,2,7,1,1,1
2018471806644,2,9,0,4,0,1,0,0,0,0,2,1,6,1,50,8,1560,2,1,7,1,7
2018471806646,1,19,0,18,0,4,1,0,0,0,1,1,6,1,66,10,2402,2,14,8,3,8
2018471806646,2,9,0,9,0,8,0,0,0,0,1,1,6,1,41,7,998,1,4,10,1,10
2018471806648,1,19,0,5,0,4,0,0,0,0,4,1,1,2,40,7,-1,-1,-1,-1,-1,-1
2018471806648,2,1,0,5,0,4,0,0,0,0,3,1,6,2,16,4,-1,-1,-1,2,1,2
2018471806650,1,9,0,16,0,0,2,0,8,3,1,1,6,1,29,6,1998,1,6,9,2,9
2018471806650,2,9,0,17,0,0,0,0,0,0,0,1,6,1,59,9,1984,1,1,10,1,10
2018471806651,1,9,0,18,0,2,0,0,0,0,1,1,6,1,76,11,1395,1,4,8,1,8
2018471806651,2,19,0,18,0,1,0,0,0,0,3,1,6,1,60,9,1870,2,12,6,1,6
2018471806653,1,9,0,16,0,0,1,0,1,11,4,1,6,2,42,7,-1,-1,-1,8,1,8
2018471806655,1,9,0,7,0,5,1,0,1,4,1,1,6,1,32,6,1995,2,3,2,1,2
2018471806656,1,9,0,16,0,0,1,0,1,4,2,1,6,1,17,4,1388,1,10,8,1,8
2018471806661,1,9,0,17,0,0,1,0,7,9,1,1,6,1,55,8,1994,1,11,2,1,2
2018471806664,1,9,0,18,0,0,0,4,0,0,1,1,1,1,62,9,1896,2,11,4,1,4
2018471806664,2,19,0,2,0,0,0,0,0,0,2,1,6,3,-1,-1,2402,2,14,-1,-1,-1
2018471806668,1,9,0,5,0,1,0,0,0,0,3,1,6,2,45,7,1242,1,6,6,1,6
2018471806668,2,3,0,18,0,1,0,0,0,0,1,1,1,1,41,7,125,1,-1,6,1,6
2018471806672,1,3,0,18,0,4,1,0,0,0,3,1,2,2,49,8,125,1,1,7,1,7
2018471806674,1,9,0,17,0,1,0,0,1,1,1,1,6,1,75,10,1248,1,2,8,1,8
2018471806676,1,9,0,9,0,8,0,0,0,0,3,1,6,1,27,6,1364,1,14,4,1,4
2018471806676,2,4,0,18,0,8,0,0,1,0,3,1,6,1,21,5,125,1,2,6,3,6
2018471806676,3,9,5,3,0,8,0,0,0,0,0,1,6,1,72,10,-1,-1,-1,10,2,10
2018471806679,1,9,0,18,0,1,0,0,0,0,4,1,6,1,55,8,2720,2,12,3,1,3
2018471806680,1,3,0,14,0,8,0,0,0,0,1,1,6,1,24,5,124,1,14,2,1,2
2018471806680,2,19,0,4,0,1,0,0,0,0,0,1,1,1,57,9,2198,2,6,1,1,1
2018471806680,3,9,0,7,0,6,0,0,0,0,1,1,6,1,23,5,1149,1,11,1,1,1
2018471806682,1,9,0,18,0,8,1,0,4,6,1,1,6,2,18,4,1198,1,11,10,1,10
2018471806682,2,9,0,18,0,8,0,0,0,0,3,1,6,1,43,7,-1,-1,-1,6,1,6
2018471806684,1,9,0,16,0,3,1,10,7,0,4,1,6,2,25,5,1598,1,13,7,1,7
2018471806685,1,9,0,18,0,0,0,0,0,0,1,1,6,1,22,5,5461,1,1,9,1,9
2018471806685,2,9,0,3,0,0,0,0,0,0,2,1,6,2,40,7,998,1,6,9,1,9
2018471806687,1,9,0,18,0,0,0,0,0,0,1,1,6,2,42,7,1586,1,3,8,-1,8
2018471806693,1,9,0,17,0,0,2,0,0,0,1,1,6,1,31,6,1599,1,14,8,3,8
2018471806694,1,19,0,17,0,0,2,0,7,0,2,2,6,2,28,6,-1,-1,-1,-1,-1,-1
2018471806695,1,19,0,6,0,5,0,0,0,0,3,1,6,1,24,5,2198,2,11,10,1,10
2018471806695,2,5,0,18,0,3,0,0,0,0,1,1,6,1,54,8,649,1,1,10,1,10
2018471806696,1,9,0,18,0,0,0,0,0,0,1,1,6,1,30,6,1995,2,-1,2,1,2
2018471806696,2,19,0,4,0,0,0,0,0,0,2,1,6,1,48,8,1598,2,-1,6,1,6