Accident_Index,Vehicle_Reference,Vehicle_Type,Towing_and_Articulation,Vehicle_Manoeuvre,Vehicle_Location-Restricted_Lane,Junction_Location,Skidding_and_Overturning,Hit_Object_in_Carriageway,Vehicle_Leaving_Carriageway,Hit_Object_off_Carriageway,1st_Point_of_Impact,Was_Vehicle_Left_Hand_Drive?,Journey_Purpose_of_Driver,Sex_of_Driver,Age_of_Driver,Age_Band_of_Driver,Engine_Capacity_(CC),Propulsion_Code,Age_of_Vehicle,Driver_IMD_Decile,Driver_Home_Area_Type,Vehicle_IMD_Decile
2018471806697,1,9,0,14,0,1,0,0,0,0,2,1,6,2,42,7,2143,2,2,10,2,10
2018471806697,2,9,0,3,0,1,0,10,1,0,1,1,6,1,28,6,1997,2,4,10,1,10
2018471806697,3,9,0,9,0,1,0,0,0,0,0,1,6,1,-1,-1,-1,-1,-1,-1,-1,-1
2018471806699,1,9,0,7,0,8,0,0,0,0,3,1,6,2,23,5,1242,1,-1,9,1,9
2018471806699,2,9,0,18,0,2,0,0,0,0,4,1,2,1,44,7,1560,2,11,4,1,4
2018471806700,1,9,0,18,0,0,0,0,0,0,1,1,6,1,20,4,1496,2,3,9,-1,9
2018471806700,2,9,0,3,0,0,0,0,0,0,2,1,6,1,23,5,1598,1,5,2,1,2
2018471806700,3,9,0,3,0,0,0,0,0,0,2,1,6,1,35,6,1598,2,-1,9,-1,9
2018471806700,4,9,0,3,0,0,0,0,0,0,2,1,6,1,48,8,999,1,6,7,1,7
2018471806700,5,9,0,3,0,0,0,0,0,0,2,1,6,2,45,7,1499,1,2,8,3,8
2018471806702,1,19,0,18,0,0,0,0,0,0,0,1,6,3,-1,-1,-1,-1,-1,-1,-1,-1
2018471806704,1,19,0,11,0,0,0,0,0,0,4,1,1,2,38,7,2143,2,-1,6,1,6
2018471806704,2,9,0,18,0,0,0,0,0,0,3,1,6,2,35,6,1796,1,13,1,1,1
2018471806709,1,9,0,9,0,6,0,0,0,0,3,1,6,1,42,7,1598,2,2,6,1,6
2018471806709,2,1,0,17,0,8,0,0,0,0,1,1,6,2,37,7,-1,-1,-1,3,1,3
2018471806710,1,9,0,18,0,0,0,0,0,0,3,1,6,1,30,6,-1,-1,-1,-1,-1,-1
2018471806710,2,9,0,18,0,0,0,0,0,0,3,1,6,2,49,8,1686,2,6,8,2,8
2018471806711,1,9,0,18,0,1,0,0,0,0,1,1,6,1,21,5,1390,1,10,1,1,1
2018471806711,2,9,0,10,0,1,0,0,0,0,2,1,6,2,57,9,1586,1,5,9,1,9
2018471806712,1,8,0,16,0,0,0,0,5,6,4,1,1,1,58,9,-1,-1,-1,6,1,6
2018471806716,1,9,0,18,0,0,0,0,0,0,1,1,2,1,17,4,1900,2,12,7,3,7
2018471806716,2,9,0,18,0,0,0,0,0,0,1,1,6,2,34,6,1242,1,8,10,1,10
2018471806718,1,9,0,3,0,0,0,0,0,0,1,1,6,2,41,7,1598,1,3,6,2,6
2018471806718,2,9,0,3,0,0,0,0,0,0,2,1,6,2,44,7,1973,1,17,8,1,8
2018471806719,1,9,0,9,0,5,0,0,0,0,1,1,6,1,-1,-1,1968,2,11,-1,-1,-1
2018471806721,1,9,0,7,0,5,0,0,0,0,4,1,6,1,40,7,2000,2,14,6,1,6
2018471806721,2,1,0,18,4,8,0,0,0,0,3,1,6,1,34,6,-1,-1,-1,9,1,9
2018471806722,1,9,0,18,0,1,0,0,6,7,1,2,6,1,45,7,1998,1,-1,3,-1,3
2018471806722,2,9,0,18,0,1,0,0,0,0,3,2,2,1,33,6,1685,2,-1,7,1,7
2018471806724,1,9,0,1,0,0,0,0,0,0,2,1,6,1,64,9,1596,1,4,9,1,9
2018471806724,2,3,0,18,0,0,1,0,0,0,1,1,6,1,21,5,125,1,2,3,1,3
2018471806724,3,9,0,2,0,0,0,0,0,0,2,1,6,3,-1,-1,1910,2,11,-1,-1,-1
2018471806725,1,9,0,16,0,1,0,0,7,2,1,1,6,1,30,6,1395,1,-1,9,1,9
2018471806725,2,9,0,16,0,2,0,0,0,0,0,1,1,1,38,7,2967,2,4,6,1,6
2018471806727,1,19,0,18,0,1,0,0,0,0,1,1,1,1,36,7,2143,2,-1,1,1,1
2018471806727,2,9,0,3,0,1,0,0,0,0,2,1,6,1,71,10,1999,1,7,3,1,3
2018471806728,1,19,0,18,0,1,0,0,0,0,4,2,6,1,53,8,1896,2,13,2,1,2
2018471806730,1,9,0,16,0,1,0,0,0,0,1,1,6,2,38,7,2157,2,2,9,3,9
2018471806730,2,9,0,4,0,1,0,0,0,0,2,1,6,1,19,4,1598,1,15,10,1,10
2018471806730,3,9,0,4,0,1,0,0,0,0,2,1,6,2,65,9,1149,1,9,9,1,9
2018471806730,4,9,0,4,0,1,0,0,0,0,2,1,6,2,54,8,1910,2,10,7,3,7
2018471806730,5,9,0,10,0,5,0,0,0,0,2,1,6,2,63,9,1339,1,4,8,1,8
2018471806731,1,9,0,13,0,2,0,0,0,0,4,1,6,3,99,11,-1,-1,-1,-1,-1,-1
2018471806731,2,1,0,18,0,2,0,0,0,0,3,1,1,1,26,6,-1,-1,-1,3,1,3
2018471806732,1,9,0,18,0,0,1,0,5,6,1,1,6,1,37,7,2400,2,8,3,-1,3
2018471806732,2,9,0,18,0,0,1,0,0,0,2,1,1,1,40,7,1598,1,9,8,1,8
2018471806734,1,9,0,5,0,0,0,0,0,0,3,1,2,2,49,8,1997,1,11,10,1,10
2018471806734,2,8,0,18,0,0,0,0,0,0,4,1,1,1,37,7,1968,2,7,3,1,3
2018471806735,1,9,0,18,0,0,0,0,0,0,1,1,2,1,28,6,-1,3,-1,9,1,9
2018471806735,2,9,0,3,0,0,0,0,0,0,0,1,6,1,40,7,-1,-1,-1,-1,-1,-1
2018471806736,1,9,0,7,0,5,0,0,1,0,4,1,3,2,42,7,1598,1,11,8,1,8
2018471806736,2,9,0,18,2,8,0,0,0,0,1,1,1,1,23,5,1997,2,2,6,1,6
2018471806742,1,9,0,9,4,5,0,0,0,0,3,1,6,1,73,10,2143,2,1,7,1,7
2018471806742,2,1,0,18,4,8,1,0,0,0,3,1,2,2,39,7,-1,-1,-1,2,1,2
2018471806744,1,9,0,18,0,1,0,0,0,0,1,1,6,1,60,9,1364,1,10,6,1,6
2018471806744,2,9,0,18,0,1,0,0,0,0,1,1,6,1,79,11,2494,1,17,10,3,10
2018471806745,1,8,0,5,0,4,0,0,0,0,4,1,6,2,76,11,1968,2,9,2,1,2
2018471806745,2,1,0,5,0,8,0,0,0,0,0,1,6,1,24,5,-1,-1,-1,8,1,8
2018471806746,1,1,0,18,0,0,0,0,0,0,3,1,6,2,30,6,-1,-1,-1,4,1,4
2018471806746,2,9,0,18,0,0,0,0,0,0,1,1,6,2,28,6,1242,1,7,4,1,4
2018471806747,1,8,0,9,0,6,0,0,0,0,1,1,1,1,45,7,1997,2,9,3,1,3
2018471806747,2,1,0,18,0,8,0,0,0,0,4,1,2,2,53,8,-1,-1,-1,9,1,9
2018471806749,1,9,0,5,0,0,0,0,0,0,1,1,6,3,-1,-1,-1,-1,-1,-1,-1,-1
2018471806749,2,1,0,18,0,0,0,0,0,0,1,1,6,1,13,3,-1,-1,-1,7,1,7
2018471806752,1,9,0,18,0,0,5,0,1,0,1,1,6,1,18,4,1229,1,12,7,1,7
2018471806757,1,9,0,18,0,1,1,0,7,10,1,1,6,1,22,5,1984,1,2,6,2,6
2018471806758,1,19,0,9,0,6,0,0,0,0,4,1,1,1,51,8,6700,2,1,8,1,8
2018471806758,2,9,0,18,0,1,0,0,0,0,1,1,6,2,36,7,2494,2,13,6,1,6
2018471806759,1,9,0,18,0,0,0,8,0,0,3,1,6,2,21,5,1598,1,8,4,1,4
2018471806759,2,9,0,2,0,0,0,0,0,0,3,1,6,3,-1,-1,1598,1,12,-1,-1,-1
2018471806762,1,9,0,13,0,0,0,0,0,0,1,1,2,1,35,6,1598,1,7,3,1,3
2018471806762,2,3,0,18,0,0,0,0,0,0,1,1,2,1,29,6,125,1,2,6,1,6
2018471806762,3,9,0,18,0,0,0,0,0,0,0,1,2,1,40,7,-1,3,2,8,1,8
2018471806762,4,11,0,18,0,0,0,0,0,0,0,1,1,1,62,9,12600,2,16,4,1,4
2018471806764,1,9,0,17,0,8,0,0,0,0,1,1,6,1,19,4,998,1,4,2,1,2
2018471806766,1,21,0,18,0,0,0,0,0,0,1,1,1,1,50,8,2998,2,3,4,1,4
2018471806766,2,9,0,3,0,0,0,0,0,0,2,1,2,2,44,7,1968,2,8,10,2,10
2018471806766,3,9,0,3,0,0,0,0,0,0,2,1,2,2,55,8,1200,1,2,5,2,5
2018471806771,1,19,0,18,0,0,0,0,0,0,1,1,6,1,38,7,2299,2,3,4,1,4
2018471806772,1,9,0,18,0,0,0,0,0,0,3,1,6,1,65,9,2143,2,8,8,3,8
2018471806772,2,20,0,2,0,0,0,0,0,0,0,1,6,3,-1,-1,-1,2,15,-1,-1,-1
2018471806773,1,8,0,5,0,8,0,0,0,0,1,1,1,1,38,7,1800,8,6,7,1,7
2018471806774,1,9,0,18,0,8,0,0,3,11,1,1,1,1,83,11,3456,8,11,6,3,6
2018471806774,2,9,0,18,0,1,0,0,0,0,0,1,6,2,46,8,1229,1,6,7,1,7
2018471806777,1,9,0,11,0,0,1,0,0,0,1,1,6,2,21,5,1086,1,8,2,1,2
2018471806777,2,9,0,4,0,0,1,0,0,0,2,1,6,2,32,6,2993,2,12,5,1,5
2018471806778,1,9,0,18,0,0,0,0,7,1,1,1,6,1,27,6,1149,1,14,10,1,10
2018471806780,1,19,0,1,6,0,0,0,0,0,2,1,6,1,45,7,1968,2,2,6,3,6
2018471806780,2,9,0,2,6,0,0,0,0,0,2,1,6,1,53,8,2143,12,3,9,1,9
2018471806781,1,1,0,18,0,2,0,0,0,0,1,1,6,1,56,9,-1,-1,-1,6,1,6
2018471806781,2,9,0,2,0,2,0,0,0,0,2,1,6,3,-1,-1,999,1,17,-1,-1,-1
2018471806782,1,9,0,9,0,1,0,0,0,0,4,1,6,1,35,6,1560,2,8,6,1,6
2018471806782,2,9,0,18,0,1,0,0,0,0,1,1,2,1,54,8,875,1,7,4,1,4
2018471806783,1,9,0,16,0,0,2,0,0,10,1,1,6,1,18,4,1242,1,12,6,3,6
2018471806784,1,9,0,5,0,1,0,0,0,0,1,1,6,3,-1,-1,1686,2,13,-1,-1,-1
2018471806784,2,8,0,4,0,1,0,0,0,0,4,1,1,1,48,8,1560,2,6,3,1,3
2018471806784,3,9,0,2,0,1,0,0,0,0,4,1,6,3,-1,-1,1341,1,14,-1,-1,-1
2018471806784,4,9,0,2,0,1,0,0,0,0,4,1,6,3,-1,-1,1995,1,15,-1,-1,-1
2018471806784,5,9,0,2,0,1,0,0,0,0,4,1,6,3,-1,-1,1596,1,14,-1,-1,-1
2018471806784,6,9,0,2,0,1,0,0,0,0,4,1,6,3,-1,-1,998,1,12,-1,-1,-1
2018471806786,1,19,0,9,0,6,0,0,0,0,3,1,2,1,44,7,1997,2,-1,6,1,6
2018471806788,1,19,0,18,0,0,0,0,0,0,0,1,1,1,49,8,2402,2,12,6,3,6
2018471806788,2,9,0,18,0,0,0,0,0,0,1,1,1,1,52,8,1461,2,8,4,1,4
2018471806789,1,9,0,9,0,4,0,0,0,0,0,1,6,1,46,8,2179,2,10,8,1,8
2018471806789,2,3,0,18,0,8,1,0,0,0,0,1,6,1,44,7,124,1,15,5,1,5
2018471806790,1,9,0,18,0,6,0,0,1,11,1,1,6,1,31,6,1968,2,7,9,1,9
2018471806790,2,9,0,18,0,8,0,0,1,10,1,1,6,2,56,9,1149,1,11,9,1,9
2018471806793,1,19,0,18,0,1,0,0,0,0,1,1,6,1,72,10,1686,2,14,10,1,10
2018471806793,2,9,0,3,0,1,0,0,0,0,2,1,6,2,38,7,1968,2,5,8,1,8
2018471806793,3,9,0,10,0,1,0,0,0,0,0,1,6,2,42,7,2143,2,3,5,1,5
2018471806794,1,9,0,18,0,4,0,0,0,0,1,1,1,2,50,8,1598,1,4,8,1,8
2018471806794,2,1,0,9,0,4,0,0,0,0,2,1,6,1,21,5,-1,-1,-1,3,1,3
2018471806795,1,9,0,9,0,3,0,0,0,0,0,1,6,2,20,4,1598,1,13,8,2,8
2018471806796,1,9,0,5,0,4,0,0,0,0,3,1,6,1,60,9,1197,1,3,5,1,5
2018471806796,2,1,0,18,0,8,0,0,0,0,1,1,6,1,48,8,-1,-1,-1,10,1,10
2018471806799,1,9,0,3,0,0,0,0,0,0,1,1,6,1,55,8,1791,8,6,1,1,1
2018471806799,2,9,0,3,0,0,0,0,0,0,2,1,6,1,21,5,1596,1,8,5,1,5
2018471806800,1,16,0,18,0,8,0,0,0,0,0,1,6,2,28,6,-1,-1,-1,6,3,6
2018471806801,1,9,0,7,0,4,0,0,1,0,1,1,1,1,70,10,1598,1,11,8,1,8
2018471806801,2,1,0,18,0,8,0,0,0,0,2,1,2,2,30,6,-1,-1,-1,10,-1,10
2018471806802,1,9,0,18,0,0,0,0,0,0,1,1,6,1,49,8,1461,2,4,5,1,5
2018471806802,2,9,0,18,0,0,0,0,0,0,2,1,2,1,55,8,1242,1,3,5,1,5
2018471806802,3,9,0,18,0,0,0,0,0,0,2,1,2,1,35,6,1596,1,11,4,1,4
2018471806803,1,9,0,18,0,1,0,0,0,0,1,1,6,1,58,9,2148,2,10,9,1,9
2018471806807,1,9,0,9,0,8,0,0,0,0,1,1,2,1,34,6,1598,1,8,7,1,7
2018471806809,1,8,0,4,0,1,0,0,0,0,4,2,1,1,43,7,1560,2,4,1,1,1
2018471806816,1,9,0,18,0,0,0,0,0,0,0,1,6,3,-1,-1,-1,-1,-1,-1,-1,-1
2018471806816,2,9,0,17,0,0,1,10,7,4,3,1,2,2,26,6,998,1,9,9,3,9
2018471806818,1,9,0,9,0,6,0,0,0,0,1,1,6,2,23,5,1149,1,9,6,1,6
2018471806818,2,9,0,9,0,5,0,0,0,0,3,1,6,2,22,5,1910,2,13,7,1,7
2018471806819,1,9,0,18,0,8,0,0,0,0,1,1,6,2,17,4,998,1,8,9,1,9
2018471806819,2,1,0,9,0,8,0,0,0,0,4,1,6,1,16,4,-1,-1,-1,10,2,10
2018471806822,1,9,0,18,0,0,0,0,0,0,1,1,6,2,29,6,1997,2,6,8,1,8
2018471806822,2,9,0,18,0,0,0,0,0,0,2,1,1,2,45,7,1149,1,9,7,1,7
2018471806824,1,9,0,7,0,5,0,0,0,0,1,1,6,2,30,6,1248,1,-1,7,1,7
2018471806824,2,1,0,7,0,8,0,0,0,0,3,1,6,1,30,6,-1,-1,-1,10,1,10
2018471806827,1,9,0,16,0,2,1,0,7,2,1,1,6,3,-1,-1,1685,2,1,-1,-1,-1
2018471806827,2,9,0,2,0,2,0,0,0,0,2,1,6,3,-1,-1,1296,1,10,-1,-1,-1
2018471806828,1,19,0,18,0,0,2,10,1,4,4,1,2,1,29,6,1870,2,12,1,1,1
2018471806830,1,9,0,18,0,8,0,0,0,0,4,1,1,1,71,10,1797,8,4,5,1,5
2018471806831,1,9,0,18,0,8,0,0,0,0,1,1,6,1,22,5,998,1,9,6,1,6
2018471806831,2,9,0,5,0,6,0,0,0,0,3,1,6,1,42,7,1968,2,7,4,1,4
2018471806833,1,9,0,18,0,0,0,0,1,1,2,1,6,2,31,6,1360,1,20,3,1,3
2018471806834,1,9,0,18,0,2,0,0,1,7,1,1,6,1,23,5,1998,1,12,9,-1,9
2018471806836,1,19,0,18,0,0,0,11,0,0,1,1,2,1,50,8,1896,2,13,10,1,10
2018471806837,1,9,0,9,0,6,0,10,0,10,4,1,6,2,72,10,1248,1,5,4,1,4
2018471806837,2,9,0,18,0,8,1,0,0,0,3,1,6,1,37,7,1590,1,17,2,1,2
2018471806837,3,19,0,2,0,2,0,0,0,0,2,1,6,3,-1,-1,1686,2,9,-1,-1,-1
2018471806838,1,9,0,9,0,6,0,0,0,0,1,1,1,1,52,8,-1,-1,-1,8,1,8
2018471806838,2,9,0,18,0,8,0,0,0,0,4,1,6,1,39,7,1598,1,16,7,1,7
2018471806840,1,5,0,7,0,5,1,0,0,0,3,1,1,1,58,9,865,1,6,8,1,8
2018471806841,1,9,0,18,0,4,0,10,2,4,1,1,2,1,42,7,1991,1,-1,4,1,4
2018471806842,1,9,0,18,0,0,0,0,0,0,1,1,6,2,81,11,1997,1,19,7,3,7
2018471806842,2,9,0,2,0,0,0,0,0,0,2,1,6,2,44,7,1968,2,5,4,1,4
2018471806843,1,19,0,1,0,1,0,0,0,0,2,1,6,1,43,7,1248,2,3,4,1,4
2018471806844,1,9,0,9,0,8,0,0,0,0,1,1,6,2,23,5,1496,2,2,5,-1,5
2018471806844,2,9,0,18,0,8,0,0,0,0,1,1,6,1,78,11,1318,1,3,2,1,2
2018471806844,3,9,0,18,0,8,0,0,0,0,1,1,6,2,35,6,1395,1,3,5,1,5
2018471806845,1,20,0,9,0,8,0,0,0,0,3,2,1,1,49,8,-1,-1,-1,-1,-1,-1
2018471806845,2,19,0,18,0,3,5,0,0,0,4,1,6,1,65,9,2198,2,4,4,1,4
2018471806849,1,4,0,7,0,8,0,0,0,0,4,1,6,1,73,10,499,1,9,4,2,4
2018471806849,2,9,0,18,0,8,0,0,0,0,3,1,6,1,45,7,1995,1,11,5,1,5
2018471806852,1,9,0,18,0,1,1,0,0,0,1,1,2,2,46,8,1997,2,7,5,1,5
2018471806855,1,9,0,7,0,6,0,0,0,0,3,1,6,1,36,7,1499,1,3,6,1,6
2018471806855,2,2,0,18,0,1,0,0,0,0,1,1,6,1,17,4,49,1,1,3,1,3
2018471806857,1,1,0,11,0,8,0,0,0,0,4,1,6,1,58,9,-1,-1,-1,-1,-1,-1
2018471806857,2,9,0,18,0,8,0,0,0,0,1,1,6,1,64,9,1596,1,7,6,1,6
2018471806864,1,9,0,17,0,1,0,10,7,0,1,1,6,2,58,9,2495,2,17,10,1,10
2018471806864,2,9,0,16,0,1,0,0,0,0,1,1,6,1,68,10,1796,1,8,6,3,6
2018471806865,1,9,0,18,0,0,0,0,0,0,1,1,6,1,19,4,1396,1,10,8,3,8
2018471806866,1,9,0,18,0,0,0,0,7,0,1,1,6,1,40,7,1598,1,8,10,1,10
2018471806866,2,9,0,18,0,0,0,0,1,0,1,1,6,2,47,8,998,1,4,6,3,6
2018471806867,1,9,0,18,0,8,0,0,0,0,1,1,6,2,23,5,1198,1,13,8,3,8
2018471806867,2,9,0,3,0,8,0,0,0,0,2,1,2,1,50,8,-1,-1,-1,6,2,6
2018471806867,3,9,0,10,0,8,0,0,0,0,2,1,6,1,42,7,1997,2,-1,8,1,8
2018471806869,1,9,0,17,0,0,5,0,8,4,1,1,6,3,-1,-1,1998,1,14,-1,-1,-1
2018471806876,1,9,0,18,0,8,0,0,0,0,4,1,6,1,74,10,1598,2,7,10,1,10
2018471806876,2,1,0,5,0,1,0,0,0,2,4,1,4,2,7,2,-1,-1,-1,5,1,5
2018471806877,1,5,0,18,0,0,0,0,1,0,1,1,6,1,74,10,980,1,40,7,1,7
2018471806877,2,9,0,18,0,0,0,0,1,0,1,1,6,1,18,4,1328,1,15,6,2,6
2018471806881,1,9,0,18,0,1,0,0,0,0,1,1,6,1,53,8,1598,1,12,2,1,2
2018471806881,2,9,0,10,0,1,0,0,0,0,2,1,4,2,35,6,1956,2,4,6,1,6
2018471806882,1,9,0,17,0,0,0,0,0,0,1,1,6,1,36,7,1368,1,11,7,1,7
2018471806882,2,9,0,2,0,0,0,0,0,0,2,1,6,3,-1,-1,1596,1,13,-1,-1,-1
2018471806885,1,9,0,16,0,0,0,0,0,0,1,1,6,2,70,10,1896,2,16,9,1,9
2018471806885,2,9,0,17,0,0,0,0,0,0,1,1,6,1,55,8,998,1,17,9,1,9
2018471806885,3,9,0,17,0,0,0,0,0,0,1,1,6,2,36,7,1461,2,2,9,1,9
2018471806885,4,9,0,16,0,0,0,0,0,0,1,1,6,2,66,10,1598,1,7,9,2,9
2018471806886,1,9,0,4,0,0,1,0,0,0,1,1,6,1,32,6,1997,1,15,7,1,7
2018471806886,2,9,0,4,0,0,0,0,0,0,2,1,6,1,52,8,1968,2,1,8,1,8
2018471806887,1,9,0,18,0,8,1,0,0,0,1,1,2,2,26,6,998,1,13,4,1,4
2018471806887,2,9,0,18,0,8,0,0,0,0,2,1,2,2,56,9,998,1,5,10,2,10
2018471806887,3,9,0,7,0,6,0,0,0,0,0,1,6,3,-1,-1,-1,-1,-1,-1,-1,-1
2018471806888,1,9,0,3,0,8,0,0,0,0,2,1,6,1,56,9,2429,1,12,8,1,8
2018471806888,2,11,0,18,0,8,0,0,0,0,1,1,1,2,28,6,7300,2,4,9,3,9
2018471806888,3,9,0,3,0,8,0,0,0,0,2,1,2,1,53,8,1995,2,7,10,1,10
2018471806889,1,9,0,14,0,1,0,0,0,0,1,1,3,2,32,6,1968,2,-1,7,-1,7
2018471806889,2,19,0,3,0,1,0,0,0,0,0,1,6,3,50,8,-1,-1,-1,-1,-1,-1
2018471806890,1,9,0,18,0,4,0,0,0,0,1,1,2,1,29,6,1796,1,19,4,1,4
2018471806890,2,1,0,18,0,8,0,0,0,0,4,1,6,1,54,8,-1,-1,-1,9,1,9
2018471806891,1,9,0,18,0,6,0,0,0,0,3,1,1,2,18,4,998,1,11,7,3,7
2018471806891,2,20,0,18,0,1,0,0,0,0,4,1,1,1,50,8,-1,-1,-1,3,1,3
2018471806892,1,9,0,18,0,1,0,0,0,0,1,1,1,1,55,8,1598,2,6,3,1,3
2018471806893,1,9,0,18,0,8,0,0,0,0,3,1,6,1,40,7,-1,-1,-1,6,2,6
2018471806893,2,1,0,18,0,8,0,0,0,0,1,1,6,1,60,9,-1,-1,-1,6,3,6
2018471806895,1,9,0,5,0,0,0,0,0,0,3,1,6,2,66,10,1586,1,10,10,1,10
2018471806896,1,9,0,18,0,1,0,0,0,0,1,1,6,2,18,4,1242,1,6,9,2,9
2018471806896,2,9,0,3,0,4,0,0,0,0,2,1,6,2,22,5,999,1,-1,1,1,1
2018471806897,1,9,0,4,0,0,0,0,0,0,0,1,6,3,-1,-1,-1,-1,-1,-1,-1,-1
2018471806897,2,9,0,4,0,0,0,0,0,0,2,1,6,1,44,7,998,1,-1,8,1,8
2018471806897,3,9,0,4,0,0,0,0,0,0,1,1,1,1,39,7,1497,8,3,2,1,2
2018471806897,4,9,0,4,0,0,0,0,0,0,1,1,2,2,26,6,1198,1,8,8,1,8
2018471806897,5,9,0,4,0,0,1,0,0,0,1,1,6,1,18,4,1990,1,15,2,1,2
2018471806898,1,9,0,7,0,1,0,0,0,0,1,1,1,1,53,8,898,1,2,6,1,6
2018471806898,2,9,0,8,0,1,0,0,0,0,2,1,6,2,18,4,998,1,12,7,3,7
2018471806902,1,9,0,18,0,4,0,0,0,0,1,1,6,1,80,11,1329,1,8,7,3,7
2018471806902,2,1,0,18,0,8,0,0,0,0,4,1,6,1,49,8,-1,-1,-1,9,1,9
2018471806909,1,9,0,9,0,8,0,0,0,0,1,1,6,1,25,5,-1,-1,-1,4,1,4
2018471806912,1,9,0,9,0,6,0,0,0,0,3,1,2,1,52,8,1995,2,2,6,1,6
2018471806912,2,9,0,18,0,8,1,0,0,0,1,1,6,2,49,8,1596,1,15,3,1,3
2018471806916,1,9,0,18,0,0,1,0,1,3,1,1,6,1,19,4,1299,1,19,8,2,8
2018471806920,1,9,0,4,0,1,0,0,0,0,1,1,6,1,19,4,998,1,12,8,1,8
2018471806920,2,9,0,3,0,1,0,0,0,0,2,1,6,2,44,7,1984,1,2,6,3,6
2018471806921,1,9,0,18,0,1,0,0,0,0,1,1,6,1,22,5,1686,2,17,6,2,6
2018471806921,2,9,0,4,0,1,0,0,0,0,2,1,2,2,47,8,1685,2,7,8,3,8
2018471806921,3,9,0,9,0,5,0,0,0,0,0,1,6,1,-1,-1,-1,-1,-1,-1,-1,-1
2018471806924,1,10,0,7,0,6,0,0,1,0,1,1,1,1,51,8,-1,-1,-1,6,1,6
2018471806924,2,9,0,18,0,8,0,0,0,0,1,1,1,1,42,7,2993,2,1,9,2,9
2018471806924,3,9,0,18,0,2,0,0,0,0,0,1,1,1,35,6,1997,2,2,4,1,4
2018471806925,1,9,0,18,0,8,0,0,0,0,1,1,6,3,-1,-1,-1,-1,-1,-1,-1,-1
2018471806925,2,9,0,2,0,8,0,0,0,0,1,1,6,3,-1,-1,1598,1,3,-1,-1,-1
2018471806926,1,9,0,18,0,8,0,0,0,0,1,1,2,2,58,9,1242,1,8,7,1,7
2018471806926,2,9,0,9,0,8,0,0,0,0,3,1,6,2,50,8,-1,-1,-1,1,1,1
2018471806928,1,5,0,13,0,0,0,0,0,0,3,1,6,1,21,5,781,1,18,6,1,6
2018471806928,2,9,0,18,0,0,0,0,0,0,3,1,6,3,99,11,-1,-1,-1,-1,-1,-1
2018471806928,3,9,0,18,0,0,0,0,0,0,0,1,6,1,99,11,-1,-1,-1,-1,-1,-1
2018471806930,1,9,0,18,0,0,0,0,0,0,1,1,2,2,51,8,988,1,-1,7,2,7
2018471806930,2,9,0,18,0,0,0,0,0,0,2,1,6,2,59,9,1598,1,7,6,2,6
2018471806930,3,9,0,18,0,0,0,0,0,0,1,1,6,1,59,9,-1,-1,-1,5,2,5
2018471806931,1,9,0,18,0,0,0,0,0,0,1,1,6,3,-1,-1,-1,-1,-1,-1,-1,-1
2018471806932,1,9,0,18,0,0,1,0,0,0,1,1,6,2,26,6,1399,2,11,5,2,5
2018471806932,2,9,0,18,0,0,0,0,0,0,2,1,6,2,60,9,1560,2,7,6,3,6
2018471806933,1,3,0,18,0,8,1,0,0,0,1,1,6,1,24,5,124,1,17,2,1,2
2018471806935,1,9,0,18,0,0,0,0,2,3,4,1,6,2,65,9,1794,1,15,10,3,10
2018471806935,2,9,0,18,0,0,0,0,0,0,3,1,6,1,43,7,1995,2,5,10,1,10
2018471806935,3,9,0,18,0,0,0,0,0,0,1,1,6,1,24,5,1999,1,10,10,1,10
2018471806937,1,9,0,16,0,0,2,0,0,0,0,1,2,2,36,7,1329,1,2,4,1,4
2018471806938,1,9,0,5,0,2,0,0,0,0,3,1,6,1,86,11,1798,1,13,9,1,9
2018471806938,2,9,0,18,0,1,0,0,0,0,1,1,1,1,27,6,1242,1,3,8,2,8
2018471806941,1,20,0,18,0,1,0,0,0,0,1,1,6,1,28,6,6871,2,3,6,1,6
2018471806941,2,8,0,3,0,1,0,0,0,0,2,1,1,1,33,6,1598,2,5,2,1,2
2018471806947,1,11,0,5,0,0,0,0,0,0,0,1,6,1,64,9,6700,2,10,10,1,10
2018471806949,1,9,0,9,0,6,0,0,0,0,1,1,6,1,31,6,2191,2,1,6,1,6
2018471806949,2,4,0,18,0,1,0,0,0,0,3,1,6,1,19,4,599,1,12,6,3,6
2018471806950,1,8,0,4,0,1,0,0,0,0,1,2,1,1,42,7,2143,2,-1,2,1,2
2018471806950,2,9,0,3,0,1,0,0,0,0,2,2,1,2,30,6,3528,1,31,7,3,7
2018471806950,3,8,0,3,0,1,0,0,0,0,2,1,1,2,38,7,1560,2,3,6,2,6
2018471806950,4,9,0,3,0,1,0,4,0,0,2,2,1,2,38,7,1896,2,13,5,3,5
2018471806950,5,9,0,3,0,1,0,0,0,0,2,2,1,2,55,8,1248,1,3,8,3,8
2018471806951,1,9,0,7,0,0,0,0,0,0,1,1,6,2,35,6,1461,2,7,6,1,6
2018471806951,2,9,0,4,0,0,0,0,0,0,2,1,1,2,41,7,1582,2,4,5,1,5
2018471806954,1,4,0,9,0,6,0,0,0,0,3,1,1,1,42,7,125,1,1,5,1,5