Accident_Index,Vehicle_Reference,Vehicle_Type,Towing_and_Articulation,Vehicle_Manoeuvre,Vehicle_Location-Restricted_Lane,Junction_Location,Skidding_and_Overturning,Hit_Object_in_Carriageway,Vehicle_Leaving_Carriageway,Hit_Object_off_Carriageway,1st_Point_of_Impact,Was_Vehicle_Left_Hand_Drive?,Journey_Purpose_of_Driver,Sex_of_Driver,Age_of_Driver,Age_Band_of_Driver,Engine_Capacity_(CC),Propulsion_Code,Age_of_Vehicle,Driver_IMD_Decile,Driver_Home_Area_Type,Vehicle_IMD_Decile
2018471806954,2,9,0,18,0,8,0,0,0,0,1,1,1,2,28,6,1349,1,7,7,1,7
2018471806955,1,9,0,9,0,5,0,0,0,0,1,1,6,2,71,10,998,1,4,4,3,4
2018471806955,2,9,0,18,0,8,0,0,0,0,1,1,6,2,42,7,1587,1,15,6,1,6
2018471806955,3,9,0,8,0,1,0,0,0,0,1,1,6,1,41,7,1586,1,1,3,1,3
2018471806956,1,9,0,18,0,0,0,0,0,0,4,1,6,1,80,11,1197,1,1,8,1,8
2018471806956,2,9,0,18,0,0,0,0,0,0,3,1,6,2,32,6,1598,1,11,2,1,2
2018471806957,1,11,0,18,0,1,0,0,0,0,1,1,1,1,59,9,9400,2,13,4,1,4
2018471806958,1,9,0,18,0,6,0,0,0,0,4,1,6,1,77,11,1598,1,8,8,1,8
2018471806958,2,9,0,18,0,8,0,0,0,0,1,1,6,2,55,8,1598,2,2,7,1,7
2018471806959,1,20,0,18,0,1,0,0,1,11,1,2,1,1,51,8,-1,-1,-1,2,1,2
2018471806959,2,9,0,2,0,1,0,0,0,0,4,1,6,3,-1,-1,1999,1,10,-1,-1,-1
2018471806960,1,9,0,17,0,0,5,0,1,4,1,1,6,1,-1,-1,1997,2,15,-1,-1,-1
2018471806961,1,9,0,17,0,0,0,0,1,1,1,1,6,1,73,10,-1,-1,-1,10,2,10
2018471806963,1,9,0,18,0,1,0,0,0,0,1,1,6,1,18,4,1997,2,13,4,2,4
2018471806963,2,9,0,3,0,2,0,0,0,0,2,1,6,2,40,7,1999,2,1,9,-1,9
2018471806964,1,9,0,9,0,5,0,0,0,0,1,1,6,2,75,10,2179,2,10,9,2,9
2018471806964,2,19,0,18,0,1,0,0,0,0,1,1,6,1,26,6,1995,2,8,4,1,4
2018471806964,3,9,0,3,0,1,0,0,0,0,1,1,6,2,64,9,1598,2,6,4,3,4
2018471806965,1,11,0,18,0,1,0,0,0,0,1,1,1,1,31,6,9360,2,6,3,1,3
2018471806965,2,9,0,10,0,5,0,0,0,0,2,1,6,1,72,10,1995,2,2,10,1,10
2018471806966,1,9,0,11,0,0,1,0,0,7,3,1,6,1,28,6,1686,2,8,1,1,1
2018471806966,2,9,0,18,0,0,0,0,0,0,1,1,6,1,32,6,1995,2,5,7,2,7
2018471806966,3,9,0,18,0,0,0,0,0,0,3,1,2,1,45,7,875,1,6,1,1,1
2018471806966,4,9,0,18,0,0,1,0,0,0,1,1,6,2,45,7,1242,1,11,2,1,2
2018471806966,5,9,0,18,0,0,1,0,0,0,1,1,6,2,25,5,998,1,6,8,1,8
2018471806967,1,9,0,18,9,3,0,10,1,11,1,1,2,2,49,8,1388,1,9,9,1,9
2018471806968,1,9,0,17,0,0,2,0,7,0,1,1,6,1,20,4,1360,1,13,6,3,6
2018471806972,1,9,0,16,0,0,0,0,0,0,1,1,6,1,48,8,-1,-1,-1,6,1,6
2018471806972,2,8,0,16,0,0,0,0,0,0,2,1,6,2,32,6,1896,2,14,2,1,2
2018471806973,1,9,0,9,0,6,0,0,0,0,3,1,6,1,52,8,1390,1,14,7,1,7
2018471806973,2,9,0,18,0,1,0,0,0,0,1,1,6,2,56,9,1598,1,11,9,1,9
2018471806976,1,19,0,9,0,6,0,0,0,0,1,1,1,1,58,9,2198,2,7,6,1,6
2018471806977,1,9,0,18,0,0,2,0,6,6,1,1,6,2,29,6,1329,1,8,9,1,9
2018471806977,2,19,0,18,0,0,0,11,0,0,1,1,6,2,51,8,2198,2,2,9,1,9
2018471806980,1,9,0,17,0,0,5,0,1,0,0,1,6,2,18,4,1242,1,4,6,1,6
2018471806981,1,9,0,18,0,2,0,0,0,0,4,1,6,1,48,8,998,1,10,1,1,1
2018471806982,1,19,0,18,0,0,0,0,0,0,3,1,6,3,-1,-1,-1,-1,-1,-1,-1,-1
2018471806983,1,9,0,17,0,0,0,0,1,11,1,1,2,2,42,7,1995,2,11,8,3,8
2018471806986,1,9,0,18,0,1,1,0,0,0,1,1,6,2,32,6,1398,2,14,4,3,4
2018471806986,2,9,0,10,0,1,0,0,0,0,2,1,6,1,20,4,2179,2,10,10,2,10
2018471806987,1,9,0,9,0,8,0,0,0,0,3,1,6,1,53,8,-1,-1,-1,3,1,3
2018471806987,2,90,0,18,0,1,0,0,0,0,3,1,6,2,19,4,-1,-1,-1,4,1,4
2018471806991,1,9,0,18,0,0,0,0,0,0,1,1,6,3,-1,-1,-1,-1,-1,-1,-1,-1
2018471806991,2,9,0,4,0,0,0,0,0,0,2,1,2,1,20,4,1124,1,11,3,1,3
2018471806992,1,9,0,18,0,0,1,6,0,0,3,1,6,2,58,9,998,1,16,10,2,10
2018471806992,2,9,0,18,0,0,1,6,0,0,3,1,2,2,24,5,1461,2,-1,10,2,10
2018471806993,1,9,0,18,0,8,0,0,0,0,1,1,1,1,57,9,1398,1,6,10,1,10
2018471806994,1,9,0,9,0,6,0,0,0,0,4,1,6,1,70,10,1798,1,13,1,1,1
2018471806994,2,9,0,18,0,1,0,0,0,0,1,1,6,2,45,7,1995,2,2,5,2,5
2018471806995,1,9,0,16,0,0,0,0,0,0,1,1,6,2,28,6,1000,1,5,6,1,6
2018471806995,2,9,0,17,0,0,0,0,0,0,1,1,6,1,70,10,1198,1,15,4,1,4
2018471806996,1,9,0,18,0,2,0,0,0,0,1,1,6,1,29,6,1299,1,23,8,1,8
2018471806996,2,9,0,4,0,2,0,0,0,0,2,1,6,2,22,5,1328,1,4,8,3,8
2018471806999,1,9,0,5,0,4,0,0,0,0,1,1,6,2,33,6,1197,1,1,7,1,7
2018471806999,2,2,0,5,0,4,0,0,0,0,2,1,6,2,32,6,124,1,4,3,1,3
2018471807000,1,90,0,16,0,0,0,0,1,9,1,1,6,2,53,8,1584,1,40,6,2,6
2018471807001,1,9,0,18,0,3,0,0,0,0,1,1,6,1,38,7,1598,2,6,10,1,10
2018471807003,1,9,0,18,0,6,0,0,0,0,1,1,6,1,42,7,2993,2,3,8,3,8
2018471807003,2,9,0,18,0,8,5,0,1,9,3,1,6,1,79,11,1997,1,9,9,3,9
2018471807004,1,9,0,9,0,8,0,0,0,0,1,1,6,1,24,5,1390,1,12,6,3,6
2018471807004,2,8,0,18,0,8,0,0,0,0,1,1,1,1,37,7,1398,1,4,1,1,1
2018471807006,1,9,0,18,0,0,1,0,1,4,1,1,1,2,33,6,1910,2,11,2,1,2
2018471807006,2,9,0,16,0,0,0,0,0,0,0,1,6,3,-1,-1,-1,-1,-1,-1,-1,-1
2018471807009,1,9,0,17,0,0,0,0,5,6,1,1,6,1,18,4,998,1,-1,9,1,9
2018471807011,1,19,0,18,0,2,0,0,0,0,4,1,1,1,53,8,2402,2,8,8,1,8
2018471807018,1,9,0,17,0,8,0,0,0,0,1,1,6,1,26,6,1398,1,3,6,1,6
2018471807019,1,9,0,18,0,8,0,0,0,0,1,1,6,2,68,10,1753,2,17,8,2,8
2018471807019,2,9,0,2,0,1,0,0,0,0,0,1,6,2,30,6,1461,2,4,9,2,9
2018471807020,1,9,0,5,0,1,0,0,0,0,1,1,2,2,48,8,1997,2,3,9,1,9
2018471807020,2,2,0,5,0,1,0,0,0,0,1,1,2,1,24,5,124,1,3,5,1,5
2018471807021,1,9,0,9,0,8,0,0,0,0,1,1,2,1,23,5,1242,1,9,6,1,6
2018471807021,2,9,0,18,0,8,0,0,0,0,3,1,1,2,62,9,1299,1,15,3,1,3
2018471807021,3,20,0,18,0,1,0,0,0,0,3,1,1,1,32,6,-1,-1,-1,6,1,6
2018471807021,4,9,0,18,0,1,0,0,0,0,1,1,1,1,30,6,2143,2,3,3,1,3
2018471807022,1,9,0,18,0,0,0,0,0,0,4,1,6,2,40,7,2497,2,6,10,1,10
2018471807026,1,9,0,18,0,0,5,0,7,11,1,1,6,1,60,9,1229,1,6,10,2,10
2018471807028,1,9,0,9,0,8,0,0,0,0,1,1,6,2,53,8,999,1,2,6,2,6
2018471807029,1,11,0,18,0,0,0,0,0,0,1,1,1,1,35,6,4500,2,8,3,1,3
2018471807029,2,19,0,2,0,0,0,0,0,0,2,1,1,3,-1,-1,1598,2,4,-1,-1,-1
2018471807029,3,9,0,2,0,0,0,0,0,0,2,1,6,3,-1,-1,2979,1,16,-1,-1,-1
2018471807030,1,9,0,18,0,1,0,0,0,0,1,1,2,1,32,6,1997,2,10,8,1,8
2018471807032,1,8,0,5,0,1,0,0,0,0,1,1,1,1,35,6,-1,-1,-1,8,1,8
2018471807032,2,11,0,2,0,1,0,0,0,0,0,1,1,3,-1,-1,-1,-1,-1,-1,-1,-1
2018471807038,1,9,0,5,0,4,0,0,0,0,1,1,6,2,65,9,1398,1,5,9,1,9
2018471807038,2,3,0,3,0,4,0,0,0,0,2,1,2,2,18,4,125,1,-1,9,1,9
2018471807039,1,9,0,9,0,8,0,0,0,0,1,1,6,2,39,7,2143,2,4,3,1,3
2018471807039,2,9,0,3,0,1,0,0,0,0,1,1,6,2,46,8,1596,1,15,2,1,2
2018471807041,1,9,0,18,0,1,0,0,0,0,1,1,6,1,62,9,1499,2,2,8,1,8
2018471807041,2,9,0,3,0,1,0,0,0,0,2,1,6,1,41,7,1995,2,11,2,1,2
2018471807044,1,19,0,9,0,8,0,0,0,0,1,1,1,1,64,9,1686,2,11,8,2,8
2018471807044,2,9,0,18,0,8,0,0,0,0,1,1,6,1,69,10,999,1,5,10,1,10
2018471807046,1,9,0,9,0,8,0,0,0,0,1,1,6,3,-1,-1,-1,-1,-1,-1,-1,-1
2018471807048,1,9,0,18,0,8,0,0,0,0,1,1,6,1,68,10,1997,1,19,4,1,4
2018471807050,1,8,0,18,0,8,0,0,0,0,1,1,1,1,40,7,1598,2,4,4,1,4
2018471807050,2,9,0,18,0,8,0,0,0,0,4,1,6,2,20,4,999,1,1,5,1,5
2018471807051,1,9,0,7,0,1,0,0,0,0,1,1,6,2,24,5,1198,1,4,2,1,2
2018471807051,2,4,0,18,0,1,1,0,1,0,1,1,6,1,20,4,125,1,5,5,1,5
2018471807054,1,8,0,9,0,2,0,0,0,0,1,1,6,1,52,8,1560,2,3,7,1,7
2018471807056,1,9,0,18,0,0,1,0,0,0,1,1,2,1,41,7,999,1,4,4,1,4
2018471807056,2,9,0,2,0,0,0,0,0,0,4,1,1,1,28,6,1997,2,1,8,1,8
2018471807056,3,9,0,18,0,0,1,0,1,9,1,1,1,1,36,7,-1,-1,-1,3,1,3
2018471807056,4,9,0,2,0,0,0,0,0,0,0,1,1,3,-1,-1,1598,1,18,-1,-1,-1
2018471807057,1,9,0,9,0,1,0,0,0,0,3,1,6,2,30,6,1781,1,21,1,1,1
2018471807057,2,9,0,18,0,2,0,0,0,0,1,1,6,2,94,11,998,1,7,5,3,5
2018471807062,1,1,0,18,0,3,0,0,0,0,2,1,2,1,19,4,-1,-1,-1,9,3,9
2018471807062,2,9,0,18,0,3,0,0,0,0,1,1,6,1,20,4,1560,2,6,7,2,7
2018471807063,1,9,0,9,0,6,0,0,0,0,3,1,6,2,22,5,1395,1,1,4,1,4
2018471807063,2,9,0,18,0,1,0,0,0,0,3,1,6,2,28,6,1329,1,2,6,1,6
2018471807063,3,9,0,18,0,1,0,0,0,0,0,1,6,1,40,7,-1,-1,-1,-1,-1,-1
2018471807065,1,9,0,18,0,1,0,0,0,0,1,1,6,2,74,10,1598,1,18,10,1,10
2018471807065,2,9,0,4,0,1,0,0,0,0,2,1,6,1,30,6,-1,-1,-1,10,1,10
2018471807067,1,9,0,18,0,8,0,0,0,0,1,1,1,1,33,6,1598,2,1,2,1,2
2018471807067,2,8,0,14,0,8,0,0,0,0,3,1,1,1,55,8,1560,2,8,6,1,6
2018471807068,1,9,0,18,0,0,1,0,2,4,1,1,6,1,25,5,1399,2,12,9,3,9
2018471807072,1,19,0,4,0,1,0,0,0,0,1,1,1,1,35,6,2198,2,5,7,1,7
2018471807072,2,9,0,9,0,1,0,0,7,0,2,1,6,2,36,7,1968,2,2,8,2,8
2018471807073,1,90,0,18,0,8,0,0,0,0,1,1,1,3,-1,-1,-1,-1,-1,-1,-1,-1
2018471807073,2,1,0,18,0,8,0,0,0,0,1,1,6,1,31,6,-1,-1,-1,4,1,4
2018471807075,1,9,0,16,0,1,0,0,0,0,3,1,6,1,44,7,3498,1,13,8,1,8
2018471807075,2,9,0,17,0,1,0,0,1,4,1,1,2,2,47,8,5000,1,5,6,2,6
2018471807075,3,9,0,10,0,1,0,0,0,0,0,1,6,3,-1,-1,-1,-1,-1,-1,-1,-1
2018471807077,1,9,0,9,0,1,0,0,0,0,1,1,6,1,64,9,1400,2,11,4,1,4
2018471807077,2,1,0,16,0,1,0,0,0,0,1,1,6,1,16,4,-1,-1,-1,6,1,6
2018471807080,1,9,0,18,0,1,0,0,0,0,1,1,6,1,89,11,998,1,1,10,3,10
2018471807084,1,19,0,18,0,0,0,0,0,0,1,1,1,1,40,7,2143,2,2,6,1,6
2018471807085,1,9,0,18,0,0,0,0,0,0,1,1,6,2,26,6,2157,2,2,7,2,7
2018471807085,2,9,0,3,0,0,0,0,0,0,2,1,6,2,44,7,1200,1,1,6,1,6
2018471807085,3,9,0,4,0,0,0,0,0,0,2,2,6,2,66,10,1689,2,17,5,3,5
2018471807086,1,9,0,9,0,6,0,0,0,0,1,1,6,2,44,7,2987,2,5,8,1,8
2018471807086,2,3,0,18,0,1,0,0,0,0,1,1,6,1,30,6,124,1,3,2,1,2
2018471807090,1,19,0,18,0,4,0,0,0,0,1,1,1,1,27,6,1499,2,1,4,1,4
2018471807090,2,9,0,9,0,8,0,0,0,0,4,2,1,2,68,10,599,1,17,8,3,8
2018471807092,1,9,0,18,0,0,5,0,1,0,1,1,1,1,23,5,2198,2,12,3,1,3
2018471807093,1,19,0,9,0,2,0,0,0,0,1,1,6,1,25,5,1560,2,1,7,1,7
2018471807098,1,9,0,16,0,0,0,0,0,0,1,1,1,2,59,9,1422,2,8,8,1,8
2018471807098,2,9,0,17,0,0,0,0,0,0,1,1,6,2,20,4,1229,1,3,6,1,6
2018471807102,1,9,0,18,0,1,0,0,0,0,1,1,1,1,29,6,1598,1,15,7,1,7
2018471807102,2,9,0,18,0,1,0,0,0,0,2,1,1,1,36,7,1598,1,12,7,1,7
2018471807103,1,9,0,16,0,0,0,0,8,11,3,1,6,1,76,11,1598,2,6,3,1,3
2018471807107,1,9,0,4,0,0,0,0,0,0,1,1,6,2,20,4,1199,1,19,7,1,7
2018471807107,2,5,0,18,0,0,0,0,0,0,4,1,6,1,71,10,790,1,15,8,1,8
2018471807108,1,9,0,18,0,8,1,0,2,2,1,1,6,1,27,6,999,1,-1,2,1,2
2018471807109,1,9,0,9,0,8,0,0,0,0,4,1,6,2,54,8,1229,1,13,4,1,4
2018471807109,2,8,0,18,0,8,0,0,0,0,1,1,1,1,27,6,1997,2,2,4,1,4
2018471807110,1,9,0,18,0,0,0,0,0,0,1,1,1,2,24,5,1797,8,4,3,1,3
2018471807110,2,9,0,18,0,0,0,0,0,0,2,1,6,2,26,6,1598,1,13,4,1,4
2018471807110,3,9,0,18,0,0,0,0,0,0,0,1,6,3,-1,-1,-1,-1,-1,-1,-1,-1
2018471807113,1,9,0,18,0,0,1,0,1,9,1,1,2,1,26,6,1598,1,10,3,1,3
2018471807113,2,9,0,18,0,0,0,0,0,0,1,1,6,3,-1,-1,-1,-1,-1,-1,-1,-1
2018471807115,1,9,0,5,0,3,0,0,0,0,1,1,6,1,35,6,-1,-1,-1,-1,-1,-1
2018471807115,2,1,0,5,0,3,0,0,0,0,2,1,6,1,40,7,-1,-1,-1,3,1,3
2018471807119,1,9,0,18,0,0,0,0,0,0,1,1,6,1,20,4,1598,1,3,9,1,9
2018471807119,2,19,0,18,0,0,5,0,0,0,1,1,1,1,41,7,2198,2,3,6,3,6
2018471807124,1,9,0,18,0,0,0,0,0,0,4,1,6,2,44,7,1598,1,9,8,3,8
2018471807125,1,1,0,5,0,1,0,0,0,0,4,1,6,1,16,4,-1,-1,-1,7,1,7
2018471807125,2,9,0,5,0,6,0,0,0,0,4,1,6,1,66,10,1598,1,12,2,1,2
2018471807129,1,9,0,1,0,1,0,0,0,0,2,1,6,1,27,6,1395,1,1,3,1,3
2018471807130,1,9,0,18,0,0,0,0,1,0,1,1,6,1,68,10,1341,1,15,5,1,5
2018471807130,2,9,0,18,0,0,5,0,0,0,2,1,6,1,62,9,1200,1,1,4,1,4
2018471807134,1,9,0,18,0,0,0,0,0,0,1,1,6,1,32,6,1686,2,16,7,2,7
2018471807134,2,9,0,18,0,0,0,0,0,0,1,1,6,1,62,9,1596,1,11,4,1,4
2018471807137,1,9,0,9,0,8,0,0,0,0,1,1,2,1,50,8,1461,2,7,9,1,9
2018471807137,2,1,0,9,0,8,0,0,0,0,2,1,2,1,73,10,-1,-1,-1,9,1,9
2018471807138,1,9,0,17,0,0,0,0,1,3,1,1,6,1,90,11,1598,1,15,9,1,9
2018471807138,2,9,0,13,0,0,0,0,0,0,0,1,6,3,40,7,-1,-1,-1,-1,-1,-1
2018471807139,1,8,0,18,0,1,0,0,0,0,1,1,1,1,39,7,1995,2,5,8,1,8
2018471807141,1,19,0,18,0,0,0,0,7,0,1,1,6,1,27,6,2198,2,11,5,1,5
2018471807141,2,9,0,18,0,0,0,0,0,0,1,1,6,2,63,9,1597,2,2,7,3,7
2018471807142,1,9,0,18,0,0,0,10,7,4,3,1,6,1,85,11,998,1,16,10,1,10
2018471807143,1,1,0,7,0,6,0,0,0,0,2,1,6,1,15,3,-1,-1,-1,5,1,5
2018471807143,2,9,0,18,0,8,0,0,0,0,1,1,6,1,32,6,2143,2,5,8,1,8
2018471807144,1,9,0,18,0,0,0,0,0,0,1,1,6,1,45,7,2987,2,11,6,1,6
2018471807144,2,9,0,4,0,0,0,0,0,0,2,1,6,2,35,6,1497,8,13,8,3,8
2018471807146,1,9,0,18,0,0,1,0,0,0,1,1,6,1,25,5,1598,1,12,4,1,4
2018471807146,2,9,0,2,0,0,0,0,0,0,4,1,6,3,-1,-1,1999,2,-1,-1,-1,-1
2018471807147,1,9,0,1,0,0,0,0,0,0,2,1,6,2,27,6,1968,2,10,7,1,7
2018471807149,1,9,0,18,0,0,0,0,8,10,1,1,6,1,46,8,2987,2,-1,7,3,7
2018471807150,1,9,0,17,0,1,0,0,1,2,1,1,6,1,25,5,1997,2,10,3,1,3
2018471807151,1,9,0,9,0,1,0,0,0,0,1,1,6,1,65,9,2198,1,16,5,1,5
2018471807151,2,1,0,10,0,1,0,0,0,0,2,1,6,2,54,8,-1,-1,-1,3,1,3
2018471807153,1,9,0,9,0,5,0,0,0,0,4,1,6,1,25,5,1596,1,2,3,1,3
2018471807153,2,9,0,18,0,8,0,0,0,0,1,1,6,2,54,8,898,1,-1,6,1,6
2018471807155,1,3,0,9,0,4,0,0,0,0,1,1,6,1,22,5,125,1,4,3,1,3
2018471807155,2,8,0,18,0,4,0,0,0,0,1,1,1,1,24,5,1995,2,5,2,1,2
2018471807156,1,9,0,16,0,0,2,10,0,10,4,1,6,1,31,6,998,1,2,1,-1,1
2018471807159,1,19,0,18,0,1,0,0,0,0,1,1,6,1,49,8,1997,2,8,4,1,4
2018471807159,2,9,0,3,0,1,0,0,0,0,2,1,6,2,30,6,1596,1,9,7,1,7
2018471807161,1,9,0,9,0,8,0,0,0,0,1,1,6,1,50,8,1968,2,4,5,3,5
2018471807161,2,9,0,9,0,8,0,0,0,0,2,1,6,2,53,8,1240,1,8,8,1,8
2018471807165,1,9,0,18,0,0,0,0,0,0,1,1,6,2,-1,-1,1995,1,11,-1,-1,-1
2018471807165,2,9,0,18,0,0,0,0,0,0,2,1,6,1,18,4,1198,1,11,1,1,1
2018471807165,3,21,0,2,0,0,0,0,0,0,0,1,6,1,-1,-1,-1,-1,-1,-1,-1,-1
2018471807166,1,9,0,18,0,1,0,0,0,0,1,1,6,1,26,6,1995,2,12,4,1,4
2018471807166,2,9,0,3,0,1,0,0,0,0,2,1,6,1,25,5,1390,1,3,10,1,10
2018471807170,1,11,0,2,0,0,0,0,0,0,0,1,1,1,39,7,5132,2,1,10,1,10
2018471807172,1,9,0,3,0,4,0,0,0,0,1,1,6,3,-1,-1,-1,-1,-1,-1,-1,-1
2018471807172,2,9,0,3,0,4,0,0,0,0,2,1,6,1,65,9,1895,1,20,9,2,9
2018471807173,1,9,0,18,0,0,0,4,0,0,1,1,6,1,45,7,1248,1,3,6,1,6
2018471807173,2,9,0,2,0,0,0,0,0,0,4,1,6,3,-1,-1,1995,2,7,-1,-1,-1
2018471807173,3,9,0,2,0,0,0,0,0,0,3,1,6,3,-1,-1,1560,2,9,-1,-1,-1
2018471807173,4,9,0,2,0,0,0,0,0,0,3,1,6,3,-1,-1,1198,1,1,-1,-1,-1
2018471807173,5,9,0,2,0,0,0,0,0,0,1,1,6,3,-1,-1,4163,1,14,-1,-1,-1
2018471807173,6,9,0,2,0,0,0,0,0,0,2,1,6,3,-1,-1,1598,1,10,-1,-1,-1
2018471807173,7,9,0,2,0,0,0,0,0,0,2,1,6,3,-1,-1,2993,2,10,-1,-1,-1
2018471807174,1,9,0,5,0,4,0,0,0,0,1,1,6,2,27,6,999,1,3,2,1,2
2018471807174,2,5,0,3,0,1,0,0,0,0,2,1,6,1,48,8,689,1,3,3,1,3
2018471807175,1,9,0,18,0,0,0,0,0,0,1,1,6,1,44,7,1998,1,-1,4,1,4
2018471807175,2,9,0,4,0,0,0,0,1,0,2,1,6,2,52,8,998,1,7,3,1,3
2018471807182,1,9,0,18,0,0,0,0,0,0,1,1,6,1,50,8,1995,2,11,5,1,5
2018471807187,1,9,0,17,0,0,1,0,1,4,1,1,6,1,17,4,1229,1,11,6,2,6
2018471807189,1,20,0,16,0,0,0,0,0,0,1,1,1,1,61,9,4462,2,5,8,1,8
2018471807189,2,9,0,17,0,0,0,0,0,0,1,1,2,1,65,9,1299,1,15,5,1,5
2018471807192,1,9,0,4,0,2,0,0,0,0,4,1,6,2,37,7,1200,1,-1,6,1,6
2018471807193,1,9,0,18,0,1,0,0,0,0,4,1,6,2,37,7,1242,1,11,9,2,9
2018471807193,2,9,0,18,0,1,0,0,0,0,3,1,6,1,34,6,1797,8,8,4,1,4
2018471807195,1,9,0,18,0,1,0,0,0,0,1,1,6,2,-1,-1,1986,2,11,-1,-1,-1
2018471807195,2,9,0,3,0,4,0,0,0,0,2,1,6,1,47,8,1596,1,8,6,1,6
2018471807201,1,9,0,18,0,1,0,0,0,0,1,1,6,3,-1,-1,-1,-1,-1,-1,-1,-1
2018471807201,2,22,0,5,0,6,0,0,0,0,1,1,6,2,45,7,-1,-1,-1,5,1,5
2018471807202,1,9,0,18,0,8,0,12,0,0,1,1,6,1,36,7,1587,1,10,5,1,5
2018471807203,1,9,0,18,0,8,0,0,6,1,1,1,6,1,75,10,1798,1,12,10,1,10
2018471807203,2,9,0,18,0,8,0,0,0,0,3,1,6,1,50,8,2400,2,6,6,1,6
2018471807204,1,9,0,4,0,3,0,0,0,0,1,1,6,1,71,10,1998,2,11,6,1,6
2018471807205,1,9,0,17,0,0,2,0,8,4,1,1,2,1,23,5,998,1,9,8,1,8
2018471807206,1,9,0,18,0,2,0,0,0,0,1,1,6,2,62,9,1968,2,12,2,1,2
2018471807206,2,9,0,2,0,2,0,0,0,0,2,1,6,3,-1,-1,1598,1,13,-1,-1,-1
2018471807208,1,9,0,18,0,0,0,0,0,0,1,1,6,1,77,11,1242,1,8,8,1,8
2018471807208,2,9,0,2,0,0,0,0,0,0,2,1,6,3,-1,-1,998,1,5,-1,-1,-1
2018471807208,3,9,0,2,0,0,0,0,0,0,2,1,6,3,-1,-1,3200,6,18,-1,-1,-1
2018471807208,4,9,0,2,0,0,0,0,0,0,2,1,6,3,-1,-1,1499,2,-1,-1,-1,-1
2018471807210,1,9,0,18,0,0,0,0,0,0,1,1,6,1,26,6,2987,2,12,6,3,6
2018471807210,2,9,0,18,0,0,0,0,0,0,1,1,6,2,53,8,1896,2,18,1,1,1
2018471807212,1,8,0,16,0,0,0,0,1,0,1,1,6,3,40,7,1997,2,12,-1,-1,-1
2018471807212,2,8,0,17,0,0,0,0,0,0,1,1,6,1,31,6,1390,1,14,5,1,5
2018471807214,1,9,0,9,0,8,0,0,0,0,1,1,6,1,66,10,1560,2,7,9,1,9
2018471807214,2,9,0,5,0,8,0,0,0,0,1,1,6,1,62,9,995,1,11,8,1,8
2018471807215,1,9,0,18,0,0,0,4,0,0,1,1,6,1,83,11,1596,1,11,7,3,7
2018471807215,2,9,0,2,0,0,0,0,0,0,1,1,6,3,-1,-1,1240,1,10,-1,-1,-1
2018471807216,1,9,0,7,0,6,0,0,0,0,3,1,2,1,34,6,1200,1,3,1,1,1
2018471807216,2,9,0,18,0,1,0,0,0,0,1,1,6,2,33,6,1395,1,2,4,1,4
2018471807224,1,9,0,18,0,0,1,0,4,7,1,1,6,1,33,6,1896,2,16,8,1,8
2018471807225,1,9,0,18,0,8,1,0,0,0,1,1,6,1,24,5,1197,1,3,10,1,10
2018471807225,2,9,0,8,0,1,0,0,0,0,1,1,6,2,37,7,1997,1,7,8,1,8
2018471807226,1,9,0,17,0,0,1,0,0,0,4,1,6,1,30,6,1997,1,18,9,2,9
2018471807226,2,19,0,16,0,0,0,0,0,0,1,1,1,1,40,7,2402,2,10,9,1,9
2018471807227,1,3,0,16,0,0,1,0,0,0,3,1,6,1,46,8,125,1,6,6,1,6
2018471807227,2,9,0,17,0,0,0,0,0,0,3,1,6,2,48,8,998,1,12,3,1,3
2018471807228,1,21,1,17,0,0,0,0,0,0,4,1,1,1,54,8,10837,2,9,3,1,3
2018471807228,2,9,0,17,0,0,1,0,7,3,4,1,2,1,35,6,1364,1,11,4,1,4
2018471807230,1,9,0,16,0,0,0,0,1,4,4,1,1,2,20,4,1149,1,15,7,3,7
2018471807233,1,5,0,17,0,0,0,10,1,0,4,1,6,1,26,6,649,1,-1,8,1,8
2018471807234,1,9,0,12,0,1,0,0,0,0,3,2,6,1,81,11,1905,2,21,6,1,6
2018471807234,2,9,0,9,0,1,0,0,0,0,4,2,6,2,55,8,1197,1,-1,7,1,7
2018471807235,1,9,0,18,0,0,1,0,0,0,1,1,6,3,30,6,-1,-1,-1,-1,-1,-1
2018471807238,1,9,0,18,0,4,0,0,0,0,3,1,6,1,31,6,-1,-1,-1,4,1,4
2018471807238,2,1,0,9,0,8,0,0,0,0,4,1,6,1,26,6,-1,-1,-1,7,1,7
2018471807239,1,9,0,5,0,6,0,0,0,0,1,1,6,1,18,4,999,1,1,10,1,10
2018471807239,2,9,0,18,0,2,0,0,0,0,3,1,1,1,38,7,1598,2,-1,5,1,5
2018471807240,1,9,0,6,0,1,0,0,0,0,4,1,6,1,28,6,1198,1,10,3,1,3
2018471807241,1,9,0,18,0,1,1,0,0,0,1,1,6,2,24,5,998,1,2,8,3,8
2018471807241,2,9,0,10,0,1,0,0,0,0,2,1,6,2,36,7,999,1,2,5,2,5