Accident_Index,Vehicle_Reference,Vehicle_Type,Towing_and_Articulation,Vehicle_Manoeuvre,Vehicle_Location-Restricted_Lane,Junction_Location,Skidding_and_Overturning,Hit_Object_in_Carriageway,Vehicle_Leaving_Carriageway,Hit_Object_off_Carriageway,1st_Point_of_Impact,Was_Vehicle_Left_Hand_Drive?,Journey_Purpose_of_Driver,Sex_of_Driver,Age_of_Driver,Age_Band_of_Driver,Engine_Capacity_(CC),Propulsion_Code,Age_of_Vehicle,Driver_IMD_Decile,Driver_Home_Area_Type,Vehicle_IMD_Decile
2018471807242,1,9,0,18,0,8,0,0,0,0,1,1,6,1,71,10,1586,1,3,6,1,6
2018471807242,2,1,0,18,0,8,0,0,0,0,4,1,6,1,51,8,-1,-1,-1,7,1,7
2018471807247,1,9,0,18,0,8,5,4,0,0,1,1,6,1,18,4,1124,1,13,5,1,5
2018471807247,2,9,0,2,0,2,0,0,0,0,1,1,6,3,-1,-1,1598,2,2,-1,-1,-1
2018471807248,1,9,0,18,0,0,0,0,0,0,1,1,6,2,17,4,999,1,5,6,3,6
2018471807248,2,3,0,18,0,0,0,0,0,0,1,1,6,1,23,5,125,1,8,7,1,7
2018471807249,1,19,0,18,0,4,0,0,0,0,1,1,1,1,41,7,2402,2,8,4,1,4
2018471807249,2,19,0,18,0,4,0,0,0,0,4,1,1,1,25,5,1995,2,1,-1,-1,-1
2018471807252,1,9,0,18,0,0,0,4,0,0,1,1,6,1,55,8,3222,2,14,7,1,7
2018471807252,2,19,0,2,0,0,0,0,0,0,1,1,6,3,-1,-1,1870,2,14,-1,-1,-1
2018471807252,3,19,0,2,0,0,0,0,0,0,2,1,6,3,-1,-1,2446,2,21,-1,-1,-1
2018471807255,1,9,0,18,0,1,0,0,0,0,1,1,6,1,71,10,1598,2,3,7,1,7
2018471807255,2,9,0,3,0,1,0,0,0,0,2,1,2,2,47,8,1199,1,-1,9,1,9
2018471807257,1,9,0,18,0,8,0,0,0,0,1,1,6,2,25,5,1229,1,12,7,1,7
2018471807257,2,9,0,18,0,1,0,0,0,0,2,1,1,2,34,6,2698,2,10,7,1,7
2018471807257,3,9,0,18,0,1,0,0,0,0,2,1,6,1,50,8,1422,2,17,5,1,5
2018471807258,1,9,0,7,0,5,0,0,0,0,2,1,6,3,-1,-1,-1,-1,-1,-1,-1,-1
2018471807258,2,1,0,18,0,1,0,0,0,0,1,1,6,1,42,7,-1,-1,-1,7,1,7
2018471807259,1,19,0,18,0,8,0,0,0,0,4,1,6,1,30,6,2198,2,8,3,2,3
2018471807259,2,9,0,18,0,8,0,0,0,0,3,1,6,2,36,7,1995,2,7,2,1,2
2018471807260,1,9,0,18,0,0,1,0,0,0,1,1,6,1,18,4,1124,1,17,9,2,9
2018471807260,2,9,0,18,0,0,0,0,0,0,1,1,6,2,64,9,1998,1,13,3,1,3
2018471807263,1,9,0,18,0,0,2,0,8,4,1,1,6,1,30,6,1988,1,16,8,3,8
2018471900002,1,9,0,18,0,0,5,0,1,0,1,1,6,1,35,6,1598,1,13,6,1,6
2018471900003,1,9,0,9,0,8,0,0,0,0,4,1,6,1,22,5,1598,1,12,1,1,1
2018471900003,2,1,0,18,0,8,0,0,0,0,1,1,6,1,42,7,-1,-1,-1,1,1,1
2018471900016,1,9,0,18,0,0,0,0,0,0,1,1,6,1,40,7,-1,-1,-1,1,1,1
2018471900016,2,9,0,3,0,0,0,0,0,0,2,1,6,1,21,5,1968,2,11,7,1,7
2018471900026,1,9,0,9,0,6,0,0,0,0,1,1,6,2,67,10,1149,1,4,9,1,9
2018471900026,2,9,0,10,0,1,0,0,0,0,3,1,6,2,39,7,1600,1,12,9,1,9
2018471900026,3,19,0,4,0,1,0,0,0,0,0,1,6,3,-1,-1,-1,-1,-1,-1,-1,-1
2018471900029,1,9,0,18,0,6,0,0,0,0,1,1,6,1,40,7,1598,1,9,6,2,6
2018471900029,2,9,0,18,0,1,0,0,0,0,3,1,6,2,53,8,1388,1,10,7,2,7
2018471900056,1,9,0,18,0,1,0,0,0,0,1,1,6,3,-1,-1,-1,-1,-1,-1,-1,-1
2018471900056,2,1,0,10,0,5,0,0,0,0,2,1,6,1,38,7,-1,-1,-1,6,1,6
2018471900071,1,9,0,17,0,0,1,0,1,0,1,1,1,2,27,6,1499,2,2,4,1,4
2018471900071,2,9,0,3,0,0,0,0,0,0,1,1,6,1,68,10,1197,1,2,6,2,6
2018471900103,1,9,0,18,0,3,0,0,0,0,4,1,6,2,50,8,2143,2,-1,8,-1,8
2018471900103,2,1,0,18,0,8,0,0,0,0,1,1,6,1,11,3,-1,-1,-1,9,2,9
2018471900112,1,9,0,9,0,5,5,0,1,11,4,1,6,3,-1,-1,1398,2,5,-1,-1,-1
2018471900119,1,9,0,18,0,1,0,0,0,0,1,1,6,1,-1,-1,-1,-1,-1,8,3,8
2018471900119,2,9,0,17,0,1,0,0,0,0,4,1,6,2,70,10,1199,1,5,6,3,6
2018471900254,1,9,0,4,0,1,0,0,0,0,1,1,6,1,33,6,-1,-1,-1,3,1,3
2018471900254,2,9,0,3,0,1,0,0,0,0,2,1,6,2,61,9,1364,1,1,3,1,3
2018471900660,1,19,0,3,0,0,0,0,0,0,1,1,6,1,55,8,1686,2,16,4,1,4
2018471900660,2,19,0,2,0,0,0,0,0,0,1,1,6,1,54,8,1896,2,17,5,1,5
2018471900790,1,9,0,9,0,6,0,0,7,4,1,1,6,2,32,6,1598,1,13,-1,-1,-1
2018471900791,1,9,0,17,0,0,1,0,1,4,1,1,6,1,37,7,1598,1,17,5,1,5
2018471901116,1,9,0,18,0,0,0,0,0,0,1,1,2,2,39,7,1991,2,11,4,1,4
2018471901184,1,9,0,18,0,1,0,0,0,0,1,1,6,1,42,7,1248,1,5,9,1,9
2018471901184,2,9,0,4,0,1,0,0,0,0,2,1,6,2,27,6,1400,2,12,4,1,4
2018471901184,3,9,0,4,0,1,0,0,0,0,2,1,6,1,71,10,2143,2,6,5,1,5
2018471901333,1,9,0,9,0,8,0,0,0,0,1,1,6,1,40,7,2204,2,12,-1,-1,-1
2018471901333,2,1,0,18,0,1,0,0,0,0,1,1,6,1,37,7,-1,-1,-1,8,1,8
2018471901405,1,19,0,18,0,0,0,0,1,4,1,1,6,1,29,6,-1,-1,-1,7,2,7
2018480258825,1,20,0,9,0,8,0,0,0,0,4,1,1,1,53,8,2143,2,2,2,1,2
2018480258825,2,1,0,18,0,8,0,0,0,0,1,1,2,1,44,7,-1,-1,-1,5,1,5
2018480263982,1,11,0,4,0,1,0,0,0,0,0,1,1,1,24,5,4461,2,4,3,1,3
2018480264271,1,19,0,7,0,8,0,0,0,0,3,1,1,1,56,9,2461,2,8,3,1,3
2018480264271,2,1,0,18,4,8,0,0,0,0,1,1,2,1,34,6,-1,-1,-1,4,1,4
2018480264277,1,11,0,18,0,0,0,0,0,0,4,1,1,1,24,5,5132,2,2,2,1,2
2018480264313,1,9,0,9,0,8,0,0,0,0,0,1,1,1,54,8,-1,-1,-1,1,1,1
2018480264313,2,3,0,18,0,8,0,0,0,0,0,1,1,1,25,5,108,1,1,3,1,3
2018480264318,1,3,0,4,0,1,0,0,0,0,2,1,1,1,34,6,108,1,5,2,1,2
2018480264318,2,21,1,4,0,1,0,0,0,0,2,1,1,1,29,6,12777,2,1,3,1,3
2018480264318,3,21,1,4,0,1,0,0,0,0,1,1,1,1,29,6,12740,2,4,3,1,3
2018480266402,1,8,0,18,0,8,0,0,0,0,1,1,1,1,63,9,1968,2,6,3,1,3
2018480266415,1,1,0,18,5,1,0,0,0,0,1,1,2,1,45,7,-1,-1,-1,8,1,8
2018480271007,1,1,0,18,0,1,0,0,0,0,1,1,2,1,53,8,-1,-1,-1,5,1,5
2018480271007,2,8,0,2,0,1,0,0,0,0,4,1,1,1,40,7,1999,8,2,-1,-1,-1
2018480271015,1,3,0,18,0,8,0,0,0,0,4,1,1,1,40,7,125,1,-1,2,1,2
2018480271015,2,9,0,9,0,8,0,0,0,0,3,1,1,1,49,8,-1,-1,-1,2,1,2
2018480271916,1,9,0,9,0,8,0,0,0,0,0,1,6,1,40,7,-1,-1,-1,-1,-1,-1
2018480271916,2,11,0,18,0,8,0,0,0,0,0,1,1,2,59,9,4500,2,2,2,1,2
2018480271928,1,8,0,18,0,8,0,0,0,0,1,1,1,1,30,6,1798,8,-1,-1,-1,-1
2018480272021,1,11,0,18,0,2,0,0,0,0,1,1,1,1,37,7,-1,-1,-1,2,1,2
2018480272033,1,1,0,18,4,8,0,0,0,0,3,1,2,2,40,7,-1,-1,-1,7,1,7
2018480272033,2,9,0,7,0,8,0,0,0,0,4,1,6,1,30,6,1968,2,5,-1,-1,-1
2018480272044,1,1,0,18,0,8,0,0,0,0,3,1,2,1,30,6,-1,-1,-1,5,1,5
2018480272044,2,9,0,7,0,8,0,0,0,0,4,1,6,1,60,9,1991,1,18,4,1,4
2018480274817,1,1,0,18,0,8,0,0,0,0,3,1,5,1,22,5,-1,-1,-1,1,1,1
2018480274817,2,8,0,18,0,8,0,0,0,0,4,1,1,1,50,8,-1,-1,-1,-1,-1,-1
2018480274828,1,19,0,7,0,8,0,0,0,0,1,1,1,1,48,8,-1,3,4,2,1,2
2018480277310,1,9,0,3,0,1,0,0,0,0,2,1,5,2,39,7,1598,1,6,10,1,10
2018480277310,2,3,0,18,0,1,0,0,0,0,1,1,2,1,33,6,124,1,5,-1,-1,-1
2018480277320,1,20,0,1,0,8,0,0,0,0,2,1,1,1,26,6,-1,-1,-1,9,1,9
2018480277374,1,1,0,18,5,2,0,0,0,0,1,1,2,2,41,7,-1,-1,-1,4,1,4
2018480278044,1,8,0,9,0,8,0,0,0,0,1,1,1,1,45,7,1896,2,10,8,1,8
2018480278044,2,1,0,18,0,8,0,0,0,0,3,1,2,2,31,6,-1,-1,-1,4,1,4
2018480282855,1,1,0,18,0,8,0,0,0,0,3,1,2,2,31,6,-1,-1,-1,4,1,4
2018480282855,2,8,0,9,0,8,0,0,0,0,1,1,1,1,45,7,1896,2,10,8,1,8
2018480282867,1,8,0,6,0,2,0,0,0,0,4,1,1,1,27,6,1598,2,6,4,1,4
2018480282867,2,1,0,18,0,2,0,0,0,0,3,1,1,1,37,7,-1,-1,-1,2,1,2
2018480282874,1,8,0,7,0,8,0,0,0,0,1,1,1,1,60,9,-1,-1,-1,7,1,7
2018480282874,2,1,0,18,4,8,0,0,0,0,3,1,2,1,27,6,-1,-1,-1,1,1,1
2018480282882,1,11,0,18,0,1,0,0,0,0,1,1,1,1,30,6,-1,3,2,3,1,3
2018480282926,1,11,0,18,0,1,0,0,0,0,0,1,1,2,29,6,4500,2,2,4,1,4
2018480282945,1,3,0,7,0,8,0,0,0,0,4,1,5,1,35,6,108,1,4,2,1,2
2018480282945,2,3,0,15,0,8,0,0,0,0,3,1,5,1,-1,-1,125,1,5,-1,-1,-1
2018480289354,1,9,0,3,0,1,0,0,0,0,1,1,2,2,42,7,1598,1,7,3,1,3
2018480289354,2,9,0,3,0,1,0,0,0,0,2,1,5,2,32,6,2143,2,3,3,1,3
2018480289354,3,8,0,18,0,1,0,0,0,0,1,1,1,1,47,8,1997,2,4,4,1,4
2018480289381,1,11,0,7,0,8,1,0,0,0,1,1,1,1,55,8,10838,2,2,6,2,6
2018480289381,2,3,0,3,0,8,0,0,0,0,2,1,5,1,23,5,125,1,4,4,1,4
2018480289396,1,1,0,18,0,8,0,0,0,0,4,1,2,1,27,6,-1,-1,-1,2,1,2
2018480289407,1,1,0,18,5,8,0,0,0,0,1,1,2,1,55,8,-1,-1,-1,2,1,2
2018480289407,2,9,0,9,0,8,0,0,0,0,4,1,1,1,43,7,2143,12,4,3,1,3
2018480289449,1,4,0,15,0,1,0,0,0,0,3,1,2,1,32,6,249,1,8,2,1,2
2018480289449,2,4,0,15,0,1,0,0,0,0,4,1,2,1,47,8,499,1,10,-1,-1,-1
2018480289470,1,3,0,18,0,1,0,0,0,0,1,1,2,1,38,7,124,1,5,2,1,2
2018480289486,1,3,0,15,0,0,0,0,0,0,3,1,2,2,28,6,124,1,5,4,1,4
2018480289486,2,1,0,12,0,0,0,0,0,0,4,1,2,1,44,7,-1,-1,-1,10,1,10
2018480289610,1,11,0,4,0,1,0,0,0,0,0,1,1,1,57,9,4500,2,2,3,1,3
2018480289631,1,3,0,7,0,1,0,0,0,0,4,1,1,1,35,6,108,1,4,2,1,2
2018480289631,2,3,0,15,0,1,0,0,0,0,3,1,6,1,20,4,125,1,5,-1,-1,-1
2018480289875,1,20,0,7,0,8,0,0,0,0,3,1,1,1,36,7,-1,-1,-1,1,1,1
2018480289875,2,1,0,18,0,8,0,0,0,0,1,1,5,1,31,6,-1,-1,-1,3,1,3
2018480289883,1,20,0,18,0,2,0,0,0,0,4,1,1,2,25,5,-1,-1,-1,2,1,2
2018480289893,1,3,0,18,0,1,0,0,0,0,4,1,6,1,33,6,125,1,3,6,1,6
2018480289893,2,8,0,2,0,1,0,0,0,0,3,1,1,1,40,7,1798,8,6,-1,-1,-1
2018480289924,1,5,0,9,0,8,0,0,0,0,4,1,2,1,45,7,670,1,5,6,3,6
2018480289924,2,1,0,18,0,8,0,0,0,0,1,1,2,1,30,6,-1,-1,-1,-1,-1,-1
2018480289937,1,3,0,18,0,1,0,0,0,0,1,1,1,1,41,7,125,1,3,3,1,3
2018480289969,1,8,0,6,0,1,0,0,0,0,3,1,1,1,52,8,2402,2,12,5,1,5
2018480289969,2,3,0,18,0,1,0,0,0,0,1,1,1,1,20,4,125,1,-1,2,1,2
2018480290249,1,8,0,9,0,8,0,0,0,0,4,1,1,1,57,9,2499,2,12,3,1,3
2018480290249,2,1,0,18,0,8,0,0,0,0,1,1,2,1,63,9,-1,-1,-1,10,1,10
2018480290253,1,8,0,6,0,1,0,0,0,0,4,1,1,1,38,7,1968,2,2,2,1,2
2018480290253,2,11,0,18,0,1,0,0,0,0,1,1,1,1,28,6,-1,-1,-1,9,1,9
2018480290268,1,8,0,1,0,2,0,0,0,0,2,1,1,1,50,8,-1,-1,-1,-1,-1,-1
2018480290278,1,1,0,18,0,8,0,0,0,0,1,1,1,1,25,5,-1,-1,-1,-1,-1,-1
2018480290288,1,1,0,18,0,2,0,0,0,0,1,1,6,1,55,8,-1,-1,-1,-1,-1,-1
2018480293939,1,8,0,18,0,2,0,0,0,0,3,1,1,1,40,7,-1,-1,-1,-1,-1,-1
2018480293946,1,8,0,18,0,2,0,0,0,0,3,1,1,1,50,8,2143,2,7,-1,-1,-1
2018480293946,2,5,0,18,0,2,0,0,0,0,4,1,2,1,27,6,745,1,4,2,1,2
2018480293963,1,1,0,18,0,8,0,0,0,0,1,1,6,1,30,6,-1,-1,-1,-1,-1,-1
2018480294026,1,4,0,18,0,8,0,0,0,0,1,1,5,1,35,6,292,1,1,2,1,2
2018480294026,2,9,0,9,0,8,0,0,0,0,1,1,5,1,28,6,2143,2,4,1,1,1
2018480294033,1,3,0,18,0,1,0,0,0,0,0,1,1,1,32,6,125,1,12,3,1,3
2018480294041,1,8,0,7,9,2,0,0,0,0,1,1,1,1,45,7,1797,8,7,2,1,2
2018480294053,1,5,0,18,0,2,0,0,0,0,1,1,2,1,48,8,745,1,4,4,3,4
2018480294071,1,4,0,18,0,0,0,0,0,0,1,1,6,1,35,6,-1,-1,-1,-1,-1,-1
2018480296201,1,1,0,18,0,2,0,0,0,0,3,1,2,2,42,7,-1,-1,-1,2,1,2
2018480296201,2,9,0,18,0,2,0,0,0,0,4,1,6,2,30,6,-1,3,5,-1,-1,-1
2018480296219,1,3,0,18,0,2,0,0,0,0,1,1,5,1,34,6,125,1,3,3,1,3
2018480296264,1,1,0,18,0,1,0,0,0,0,3,1,2,1,54,8,-1,-1,-1,2,1,2
2018480296264,2,20,0,6,0,1,0,0,0,0,2,1,1,1,43,7,-1,-1,-1,6,1,6
2018480296570,1,1,0,18,4,1,0,0,0,0,4,1,5,1,37,7,-1,-1,-1,7,1,7
2018480296570,2,1,0,12,4,1,0,0,0,0,3,1,5,1,30,6,-1,-1,-1,-1,-1,-1
2018480296589,1,3,0,18,0,1,0,0,0,0,1,1,1,1,29,6,113,1,2,4,1,4
2018480296601,1,8,0,11,0,0,0,0,0,0,4,1,1,1,55,8,-1,-1,-1,3,1,3
2018480296601,2,2,0,18,0,0,0,0,0,0,3,1,2,1,54,8,49,1,1,2,1,2
2018480296623,1,8,0,18,0,0,0,0,0,0,1,1,1,1,55,8,2499,2,11,1,1,1
2018480296653,1,8,0,18,0,2,0,0,0,0,0,1,1,1,51,8,2499,2,4,2,1,2
2018480296653,2,3,0,5,0,2,0,0,0,0,0,1,5,1,22,5,124,1,11,3,1,3
2018480296686,1,1,0,18,0,8,0,0,0,0,4,1,2,1,47,8,-1,-1,-1,10,1,10
2018480296686,2,8,0,7,0,8,0,0,0,0,1,1,1,1,60,9,2776,2,2,-1,-1,-1
2018480296710,1,5,0,18,0,1,0,0,0,0,1,1,1,1,40,7,1170,1,6,5,3,5
2018480297629,1,20,0,18,0,1,0,0,0,0,1,1,1,1,40,7,-1,-1,-1,-1,-1,-1
2018480297629,2,9,0,3,0,1,0,0,0,0,2,1,2,1,32,6,1997,2,5,5,1,5
2018480297629,3,8,0,3,0,1,0,0,0,0,2,1,1,1,58,9,2148,2,10,5,1,5
2018480297650,1,9,0,6,0,1,0,0,0,0,3,1,5,2,41,7,1229,1,6,2,1,2
2018480297650,2,3,0,18,0,1,0,0,0,0,1,1,1,1,26,6,124,1,11,2,1,2
2018480297678,1,17,0,9,0,8,0,0,0,0,4,1,1,1,28,6,3331,2,2,9,1,9
2018480297678,2,1,0,18,0,8,0,0,0,0,1,1,5,1,24,5,-1,-1,-1,4,1,4
2018480297714,1,1,0,18,0,2,0,0,0,0,1,1,5,2,26,6,-1,-1,-1,3,1,3
2018480297740,1,1,0,18,4,8,0,0,0,0,1,1,2,1,30,6,-1,-1,-1,1,1,1
2018480297740,2,8,0,9,4,8,0,0,0,0,4,1,1,1,50,8,2402,2,14,-1,-1,-1
2018480298535,1,8,0,2,0,2,0,0,0,0,3,1,1,1,39,7,1798,8,3,4,1,4
2018480298535,2,1,0,18,0,2,0,0,0,0,1,1,2,1,45,7,-1,-1,-1,-1,-1,-1
2018480298550,1,9,0,18,0,1,0,0,0,0,1,1,5,1,35,6,1997,2,4,3,1,3
2018480298566,1,8,0,5,0,2,0,0,0,0,3,1,1,1,44,7,1797,8,6,2,1,2
2018480298566,2,5,0,18,0,2,0,0,0,0,4,1,5,1,50,8,649,1,2,4,1,4
2018480298566,3,9,0,2,0,2,0,0,0,0,2,1,5,1,40,7,1496,2,3,5,3,5
2018480298621,1,1,0,18,0,2,0,0,0,0,1,1,6,1,30,6,-1,-1,-1,-1,-1,-1
2018480299389,1,4,0,18,0,2,0,0,0,0,1,1,2,1,27,6,373,1,-1,6,1,6
2018480299389,2,8,0,6,0,2,0,0,0,0,3,1,1,1,45,7,1950,2,2,-1,-1,-1
2018480299405,1,5,0,18,0,2,0,0,0,0,1,1,1,1,46,8,-1,-1,-1,3,1,3
2018480299438,1,8,0,6,0,1,0,0,0,0,4,1,1,1,64,9,1896,2,9,2,1,2
2018480299438,2,1,0,18,0,1,0,0,0,0,1,1,5,1,27,6,-1,-1,-1,6,1,6
2018480299444,1,1,0,14,0,1,0,0,0,0,1,1,6,1,52,8,-1,-1,-1,9,2,9
2018480300276,1,3,0,18,0,8,0,0,0,0,4,1,1,1,39,7,125,1,1,3,1,3
2018480300276,2,9,0,18,0,8,0,0,0,0,1,1,1,1,62,9,-1,-1,-1,8,1,8
2018480300276,3,8,0,18,0,8,0,0,0,0,1,1,1,1,48,8,1798,8,4,2,1,2
2018480301380,1,8,0,2,0,2,0,0,0,0,3,1,1,1,39,7,1798,8,3,4,1,4
2018480301380,2,1,0,18,0,2,0,0,0,0,1,1,2,1,45,7,-1,-1,-1,10,1,10
2018480301395,1,4,0,18,0,2,0,0,0,0,0,1,2,1,48,8,279,1,2,7,1,7
2018480306055,1,3,0,18,0,8,0,0,0,0,1,1,5,1,29,6,108,1,3,7,1,7
2018480306055,2,1,0,9,0,8,0,0,0,0,4,1,5,1,25,5,-1,-1,-1,-1,-1,-1
2018480306069,1,5,0,18,0,8,0,0,0,0,1,1,2,1,34,6,1200,1,1,4,1,4
2018480306069,2,1,0,9,0,8,0,0,0,0,4,1,2,1,24,5,-1,-1,-1,4,1,4
2018480306091,1,8,0,2,0,1,0,0,0,0,2,1,1,1,65,9,1598,2,7,3,1,3
2018480306091,2,1,0,18,0,1,0,0,0,0,1,1,1,1,22,5,-1,-1,-1,1,1,1
2018480306097,1,9,0,3,0,2,0,0,0,0,2,1,5,1,62,9,-1,-1,-1,10,1,10
2018480306097,2,3,0,7,0,8,0,0,0,0,1,1,1,1,30,6,124,1,1,3,1,3
2018480306108,1,9,0,9,0,8,0,0,0,0,1,1,6,1,45,7,-1,-1,-1,6,1,6
2018480306108,2,3,0,9,0,8,0,0,0,0,1,1,1,1,27,6,125,1,10,2,1,2
2018480306117,1,8,0,3,0,1,0,0,0,0,3,1,1,1,41,7,1968,2,2,4,1,4
2018480306117,3,5,0,14,0,1,0,0,0,0,1,1,2,1,53,8,745,1,1,2,1,2
2018480306180,1,8,0,12,0,1,0,0,0,0,3,1,1,1,48,8,1598,2,3,3,1,3
2018480306180,2,1,0,18,0,1,0,0,0,0,4,1,2,1,43,7,-1,-1,-1,8,1,8
2018480306547,1,20,0,11,0,1,0,0,0,0,4,1,1,1,33,6,-1,-1,-1,3,1,3
2018480306547,2,3,0,18,0,1,0,0,0,0,3,1,1,1,21,5,125,1,4,2,1,2
2018480306563,1,1,0,18,0,1,0,0,0,0,3,1,2,1,27,6,-1,-1,-1,10,1,10
2018480306563,2,9,0,11,0,1,0,0,0,0,4,1,1,1,45,7,-1,-1,-1,-1,-1,-1
2018480306568,1,1,0,18,0,2,0,0,0,0,1,1,2,1,35,6,-1,-1,-1,3,1,3
2018480306568,2,8,0,6,0,2,0,0,0,0,3,1,1,1,40,7,-1,-1,-1,-1,-1,-1
2018480307330,1,8,0,18,0,8,0,0,0,0,4,1,1,1,61,9,2402,2,15,3,1,3
2018480307330,2,1,0,18,0,8,0,0,0,0,1,1,5,1,24,5,-1,-1,-1,9,1,9
2018480307350,1,1,0,9,0,8,0,0,0,0,4,1,2,2,33,6,-1,-1,-1,2,1,2
2018480307350,2,20,0,18,0,8,0,0,0,0,1,1,1,1,40,7,-1,-1,-1,-1,-1,-1
2018480307363,1,1,0,14,0,8,0,0,0,0,4,1,2,1,27,6,-1,-1,-1,7,1,7
2018480307363,2,8,0,9,0,8,0,0,0,0,1,1,1,1,45,7,1997,2,2,-1,-1,-1
2018480307414,1,1,0,18,0,1,0,0,0,0,2,1,2,2,-1,-1,-1,-1,-1,2,1,2
2018480307414,2,98,0,18,0,1,0,0,0,0,1,1,1,1,35,6,-1,-1,-1,-1,-1,-1
2018480307842,1,3,0,3,0,1,0,0,0,0,2,1,1,1,21,5,125,1,4,5,1,5
2018480307842,2,9,0,18,0,1,0,0,0,0,1,1,1,1,53,8,1998,2,5,3,1,3
2018480307847,1,1,0,18,0,2,0,0,0,0,1,1,2,1,32,6,-1,-1,-1,5,3,5
2018480308897,1,11,0,4,0,1,0,0,0,0,0,1,1,1,59,9,5132,2,2,2,1,2
2018480308947,1,1,0,18,0,2,0,0,0,0,0,1,5,1,54,8,-1,-1,-1,4,1,4
2018480308961,1,5,0,18,0,2,0,0,0,0,1,1,5,1,25,5,999,1,1,4,1,4
2018480308975,1,1,0,18,5,1,0,0,0,0,1,1,5,1,41,7,-1,-1,-1,4,1,4
2018480308981,1,3,0,13,0,2,0,0,0,0,4,1,1,1,36,7,125,1,2,5,1,5
2018480308981,2,21,0,6,0,2,0,0,0,0,3,1,5,1,33,6,4500,2,1,4,1,4
2018480315220,1,11,0,5,0,2,0,0,0,0,0,1,1,1,44,7,4500,2,-1,-1,-1,-1
2018480315320,1,3,0,14,0,1,0,0,0,0,4,1,2,2,33,6,108,1,4,9,1,9
2018480315320,2,8,0,5,0,1,0,0,0,0,3,1,1,1,41,7,1997,2,3,7,1,7
2018480315580,1,8,0,2,0,2,0,0,0,0,4,1,1,1,38,7,1598,2,3,1,1,1
2018480315580,2,1,0,15,0,2,0,0,0,0,1,1,2,2,46,8,-1,-1,-1,8,1,8
2018480315596,1,1,0,18,0,0,0,0,0,0,1,1,2,1,35,6,-1,-1,-1,2,1,2
2018480315628,1,3,0,18,0,2,0,0,0,0,1,1,6,1,20,4,125,1,1,2,1,2
2018480315628,2,9,0,3,0,2,0,0,0,0,2,1,6,1,28,6,1598,1,1,4,1,4
2018480315668,1,1,0,18,5,2,0,0,0,0,1,1,2,2,22,5,-1,-1,-1,3,1,3
2018480316675,1,9,0,6,0,1,0,0,0,0,2,1,6,1,45,7,1295,1,20,-1,-1,-1
2018480316675,2,8,0,18,0,1,0,0,0,0,3,1,1,1,32,6,1797,8,7,4,1,4
2018480331567,1,8,0,18,0,0,0,0,0,0,4,1,1,1,50,8,2499,2,3,-1,-1,-1
2018480331581,1,8,0,18,0,8,0,0,0,0,1,1,1,1,30,6,2143,2,1,3,1,3
2018480331581,2,9,0,7,0,8,0,0,0,0,4,1,6,3,-1,-1,-1,-1,-1,-1,-1,-1
2018480331829,1,9,0,4,0,0,0,0,0,0,2,1,5,2,62,9,1197,1,1,2,1,2
2018480331829,2,19,0,18,0,0,0,0,0,0,1,1,1,1,33,6,2143,2,8,6,1,6
2018480331863,1,1,0,18,0,2,0,0,0,0,1,1,2,1,28,6,-1,-1,-1,3,1,3
2018480331876,1,9,0,1,0,0,0,0,0,0,2,1,6,1,45,7,1388,1,12,-1,-1,-1
2018480331891,1,1,0,18,5,0,0,0,0,0,1,1,6,1,30,6,-1,-1,-1,-1,-1,-1
2018480331904,1,8,0,7,0,8,0,0,0,0,1,1,1,1,53,8,2499,2,3,5,2,5
2018480331904,2,1,0,18,0,8,0,0,0,0,1,1,5,1,30,6,-1,-1,-1,5,1,5
2018480332187,1,9,0,18,0,2,0,0,0,0,4,1,5,1,45,7,1388,1,10,6,1,6
2018480332197,1,8,0,18,0,2,0,0,0,0,4,1,1,1,38,7,2776,2,3,3,1,3
2018480332634,1,8,0,18,0,8,0,0,0,0,1,1,1,1,64,9,2143,2,3,1,1,1
2018480332634,2,3,0,4,0,8,0,0,0,0,2,1,1,1,37,7,125,1,2,6,1,6
2018480332653,1,9,0,4,0,1,0,0,0,0,0,1,6,1,30,6,-1,-1,-1,-1,-1,-1
2018480332653,2,9,0,4,0,1,0,0,0,0,2,1,5,1,34,6,999,1,4,6,1,6
2018480332653,3,3,0,18,0,1,0,0,0,0,1,1,5,1,27,6,-1,-1,-1,5,1,5
2018480332675,1,8,0,13,0,2,0,0,0,0,4,1,1,1,39,7,1798,1,3,5,1,5
2018480332675,2,1,0,14,0,2,0,0,0,0,3,1,5,2,43,7,-1,-1,-1,-1,-1,-1
2018480332690,1,1,0,18,5,2,0,0,0,0,1,1,2,1,39,7,-1,-1,-1,7,2,7
2018480332747,1,3,0,18,0,1,0,0,0,0,1,1,5,1,43,7,124,1,2,2,1,2
2018480332955,1,9,0,7,0,8,0,0,0,0,4,1,1,1,40,7,-1,-1,-1,4,1,4
2018480332955,2,5,0,18,0,1,0,0,0,0,3,1,2,1,28,6,745,1,4,8,1,8
2018480332993,1,3,0,14,0,0,0,0,0,0,1,1,2,1,35,6,125,1,10,6,1,6
2018480333081,1,8,0,18,0,8,0,0,0,0,3,1,1,1,51,8,2143,2,3,9,1,9
2018480333105,1,20,0,9,0,8,0,0,0,0,4,1,1,1,50,8,-1,-1,-1,-1,-1,-1
2018480333105,2,1,0,9,0,8,0,0,0,0,3,1,2,1,52,8,-1,-1,-1,7,1,7
2018480333111,1,8,0,1,0,8,0,0,0,0,2,1,1,1,50,8,1798,8,2,-1,-1,-1