Accident_Index,Vehicle_Reference,Vehicle_Type,Towing_and_Articulation,Vehicle_Manoeuvre,Vehicle_Location-Restricted_Lane,Junction_Location,Skidding_and_Overturning,Hit_Object_in_Carriageway,Vehicle_Leaving_Carriageway,Hit_Object_off_Carriageway,1st_Point_of_Impact,Was_Vehicle_Left_Hand_Drive?,Journey_Purpose_of_Driver,Sex_of_Driver,Age_of_Driver,Age_Band_of_Driver,Engine_Capacity_(CC),Propulsion_Code,Age_of_Vehicle,Driver_IMD_Decile,Driver_Home_Area_Type,Vehicle_IMD_Decile
2018500260334,2,1,0,18,0,1,0,0,0,0,1,1,5,1,62,9,-1,-1,-1,6,1,6
2018500260355,1,9,0,18,0,0,0,0,0,0,1,1,5,1,70,10,1396,1,6,7,3,7
2018500260355,2,9,0,18,0,0,0,0,0,0,4,1,5,1,69,10,1591,1,5,9,1,9
2018500260370,1,9,0,18,0,0,0,0,0,0,3,1,5,2,90,11,995,1,15,4,1,4
2018500260370,2,19,0,18,0,0,0,0,0,0,3,1,1,1,51,8,2198,2,6,-1,-1,-1
2018500260370,3,9,0,18,0,0,0,0,0,0,3,1,6,1,51,8,-1,-1,-1,3,3,3
2018500260595,1,9,0,4,0,0,0,0,0,0,0,1,5,1,24,5,1461,2,2,7,2,7
2018500260603,1,19,0,18,0,0,0,0,0,0,4,1,1,1,54,8,2143,2,2,3,1,3
2018500260610,1,5,0,18,0,8,0,0,0,0,1,1,1,1,30,6,599,1,12,4,1,4
2018500260610,2,9,0,5,0,6,0,0,0,0,1,1,5,1,66,10,998,1,5,6,1,6
2018500260617,1,3,0,16,0,0,2,0,0,0,0,1,1,1,29,6,125,1,4,4,1,4
2018500260632,1,9,0,16,0,0,2,0,8,0,1,1,2,1,27,6,-1,-1,-1,1,1,1
2018500260633,1,19,0,18,0,7,0,0,4,6,1,1,5,2,35,6,1753,2,14,6,3,6
2018500260633,2,9,0,18,0,8,0,0,0,0,4,1,5,1,61,9,1910,2,11,5,2,5
2018500260641,1,9,0,18,0,0,2,0,1,0,1,1,1,1,35,6,-1,-1,-1,2,2,2
2018500260646,1,9,0,17,0,0,1,0,1,11,1,1,6,2,33,6,1399,2,9,4,1,4
2018500260655,1,9,0,17,0,0,5,0,0,0,4,1,1,2,49,8,1086,1,12,3,3,3
2018500260743,1,9,0,1,0,6,0,0,0,0,2,1,5,1,61,9,1968,2,13,4,1,4
2018500261076,1,9,0,9,0,8,0,0,0,0,3,1,2,2,24,5,1242,1,9,6,1,6
2018500261076,2,9,0,18,0,8,0,0,0,0,3,1,2,2,27,6,1360,1,11,4,1,4
2018500261077,1,9,0,16,0,0,2,10,1,4,1,1,6,1,28,6,-1,-1,-1,5,3,5
2018500261090,1,9,0,16,0,0,5,0,2,11,1,1,5,1,17,4,1149,1,14,8,2,8
2018500261104,1,3,0,16,0,1,1,0,0,0,1,1,5,1,19,4,124,1,16,10,1,10
2018500261104,2,19,0,2,0,2,0,0,0,0,2,1,5,1,-1,-1,2198,2,2,3,1,3
2018500261110,1,9,0,18,0,0,0,0,0,0,3,1,2,1,34,6,1242,1,4,4,1,4
2018500261110,2,9,0,18,0,0,0,0,0,0,3,1,2,2,57,9,1999,2,2,5,3,5
2018500261151,1,9,0,16,0,8,1,0,3,11,1,1,5,2,33,6,1997,2,13,6,3,6
2018500261205,1,9,0,18,0,0,0,0,0,0,0,1,5,1,41,7,1560,2,9,4,1,4
2018500261227,1,9,0,16,0,0,5,0,2,0,2,1,6,1,27,6,1796,1,17,8,3,8
2018500261240,1,9,0,4,0,0,0,0,0,0,2,1,6,2,28,6,1686,2,11,7,2,7
2018500261240,2,9,0,4,0,0,0,0,0,0,2,1,6,1,23,5,999,1,2,7,3,7
2018500261374,1,9,0,16,0,0,0,0,7,0,1,1,1,2,34,6,1422,2,10,1,1,1
2018500261374,2,9,0,18,0,0,0,0,0,0,1,1,5,1,30,6,1560,2,12,2,2,2
2018500261478,1,9,0,5,0,1,0,0,0,0,1,1,1,1,37,7,1598,2,8,7,1,7
2018500261478,2,3,0,18,0,8,0,0,0,0,1,1,1,1,17,4,124,1,21,7,3,7
2018500261489,1,9,0,18,0,5,0,0,0,0,2,1,6,1,72,10,996,1,4,7,1,7
2018500261489,2,9,0,18,0,6,1,0,0,0,1,1,6,1,30,6,1956,2,8,8,1,8
2018500261489,3,9,0,18,0,6,0,0,0,0,1,1,6,1,64,9,1951,2,13,1,1,1
2018500261489,4,9,0,18,0,6,0,0,0,0,1,1,6,2,40,7,1896,2,16,8,2,8
2018500261489,5,9,0,18,0,6,0,0,0,0,1,1,6,2,25,5,1618,1,4,1,1,1
2018500261489,6,9,0,18,0,6,0,0,0,0,1,1,6,2,37,7,-1,-1,-1,5,1,5
2018500261490,1,9,0,18,0,0,1,0,0,0,1,1,6,2,39,7,1360,1,14,4,1,4
2018500261490,2,9,0,18,0,0,1,0,0,0,2,1,6,1,29,6,1560,2,10,4,3,4
2018500261490,3,9,0,6,0,0,0,0,0,0,0,1,6,1,62,9,1198,1,15,6,2,6
2018500261506,1,9,0,9,0,0,0,0,0,0,1,1,1,2,61,9,1598,2,5,6,3,6
2018500261506,2,19,0,18,0,0,0,0,0,0,1,1,1,1,45,7,1598,2,2,4,3,4
2018500261512,1,9,0,18,0,1,0,0,0,0,1,1,1,1,40,7,1969,2,3,1,1,1
2018500261523,1,9,0,5,0,4,0,0,0,0,3,1,5,1,46,8,1197,1,2,9,1,9
2018500261523,2,1,0,18,0,8,0,0,0,0,1,1,5,1,32,6,-1,-1,-1,7,2,7
2018500261609,1,9,0,17,0,0,5,0,8,0,1,1,1,2,23,5,-1,-1,-1,2,1,2
2018500261609,2,9,0,2,0,0,0,0,0,0,2,1,1,2,40,7,1422,2,15,4,1,4
2018500261609,3,9,0,2,0,0,0,0,0,0,2,1,1,1,33,6,1242,1,3,4,-1,4
2018500261609,4,9,0,2,0,0,0,0,0,0,3,1,1,1,52,8,2198,2,4,3,1,3
2018500261613,1,3,0,17,0,0,0,0,0,0,3,1,4,1,19,4,124,1,16,-1,-1,-1
2018500261634,1,98,0,18,0,0,0,0,0,0,4,1,1,1,31,6,-1,-1,-1,5,2,5
2018500261634,2,9,0,18,0,0,0,0,0,0,3,1,1,1,43,7,1781,1,18,5,2,5
2018500261687,1,9,0,5,0,6,0,0,0,0,0,1,6,1,85,11,1968,2,7,6,3,6
2018500261687,2,2,0,18,0,1,0,0,0,0,0,1,1,1,17,4,49,1,5,3,3,3
2018500261705,1,9,0,18,0,0,2,0,2,0,1,1,2,1,18,4,1149,1,15,9,2,9
2018500261705,2,9,0,18,0,0,0,0,0,0,1,1,5,2,30,6,-1,-1,-1,5,1,5
2018500261710,1,9,0,18,0,0,5,0,2,0,3,1,6,2,42,7,2099,2,11,3,3,3
2018500261710,2,9,0,18,0,0,0,0,0,0,3,1,6,1,53,8,998,1,10,6,3,6
2018500261921,1,9,0,18,0,1,0,0,0,0,1,1,6,3,-1,-1,3000,1,18,-1,-1,-1
2018500261921,2,9,0,3,0,1,0,0,0,0,2,1,6,1,43,7,1390,1,14,7,1,7
2018500261923,1,9,0,18,0,0,0,0,0,0,1,1,5,1,55,8,-1,-1,-1,7,3,7
2018500262032,1,9,0,14,0,0,0,0,1,0,2,1,5,2,58,9,1587,1,19,2,1,2
2018500262032,2,9,0,13,0,0,0,0,0,0,1,1,4,1,60,9,1984,2,7,3,1,3
2018500262032,3,9,0,18,0,0,0,0,0,0,1,1,4,2,23,5,1242,1,1,3,1,3
2018500262078,1,9,0,18,0,0,0,0,0,0,1,1,6,2,36,7,1598,2,2,9,-1,9
2018500262078,2,9,0,18,0,0,0,0,0,0,2,1,5,1,43,7,-1,-1,-1,6,3,6
2018500262115,1,5,0,18,2,3,0,0,1,0,3,1,5,1,63,9,1352,1,8,3,1,3
2018500262115,2,9,0,7,0,3,0,0,0,0,1,1,5,1,22,5,1598,1,6,2,1,2
2018500262147,1,9,0,16,0,1,1,0,0,0,1,1,6,1,36,7,1390,1,19,-1,-1,-1
2018500262273,1,9,0,5,0,4,0,0,0,0,1,1,5,1,74,10,1997,1,14,4,3,4
2018500262273,2,9,0,5,0,4,0,0,0,0,2,1,5,2,36,7,2000,2,13,1,1,1
2018500262273,3,9,0,5,0,4,0,0,0,0,2,1,5,2,29,6,1242,1,18,5,1,5
2018500262275,1,9,0,18,0,0,0,0,0,0,1,1,6,3,-1,-1,-1,-1,-1,-1,-1,-1
2018500262275,2,9,0,4,0,0,0,0,0,0,2,1,5,2,63,9,1598,2,3,10,1,10
2018500262279,1,9,0,18,0,0,0,0,0,0,1,1,2,1,52,8,1560,2,6,5,-1,5
2018500262279,2,9,0,18,0,0,0,0,0,0,2,1,6,1,61,9,1560,2,1,4,2,4
2018500262281,1,9,0,18,0,0,0,0,0,0,1,1,6,1,32,6,1388,1,13,4,1,4
2018500262281,2,3,0,4,0,0,0,0,0,0,1,1,6,1,19,4,124,1,9,2,1,2
2018500262281,3,3,0,4,0,0,0,0,0,0,0,1,6,1,20,4,80,1,30,3,1,3
2018500262282,1,9,0,18,0,1,0,0,0,0,4,1,6,2,19,4,998,1,6,6,1,6
2018500262285,1,9,0,9,0,1,0,0,0,0,2,1,6,2,30,6,1582,2,4,5,3,5
2018500262285,2,9,0,4,0,1,0,0,0,0,1,1,6,2,53,8,1149,1,8,5,1,5
2018500262286,1,19,0,7,0,0,0,0,0,0,1,1,6,1,45,7,2460,2,10,4,1,4
2018500262286,2,9,0,18,0,0,0,0,0,0,3,1,6,2,42,7,-1,-1,-1,2,1,2
2018500262288,1,9,0,7,0,0,0,0,0,0,4,1,6,1,-1,-1,1149,1,3,-1,-1,-1
2018500262292,1,19,0,9,0,5,0,0,0,0,1,1,6,1,33,6,1996,2,7,4,1,4
2018500262294,1,9,0,18,0,0,5,0,0,0,1,1,6,2,48,8,1360,1,13,7,3,7
2018500262299,1,9,0,18,0,0,0,0,0,0,3,1,6,2,67,10,2972,1,19,2,1,2
2018500262299,2,19,0,2,0,0,0,0,0,0,3,1,6,1,36,7,2148,2,12,1,1,1
2018500262300,1,9,0,7,0,2,0,0,0,0,4,1,5,1,21,5,2967,1,14,2,1,2
2018500262315,1,9,0,18,0,0,2,0,0,0,1,1,1,2,37,7,1997,2,15,5,2,5
2018500262316,1,9,0,7,0,0,0,0,0,0,1,1,6,2,76,11,996,1,2,6,2,6
2018500262316,2,1,0,18,0,0,0,0,0,0,4,1,6,1,43,7,-1,-1,-1,6,2,6
2018500262321,1,9,0,18,0,0,0,0,0,0,1,1,6,1,45,7,2495,2,20,5,3,5
2018500262327,1,9,0,18,0,0,1,0,5,0,1,1,1,1,38,7,1968,2,3,4,1,4
2018500262409,1,9,0,18,0,3,1,7,7,0,1,1,5,1,52,8,1399,2,14,4,2,4
2018500262435,1,97,0,18,0,0,1,0,0,0,1,1,6,1,39,7,-1,-1,-1,8,1,8
2018500262454,1,9,0,18,0,0,1,0,8,0,1,1,2,2,52,8,1298,1,18,6,2,6
2018500262598,1,9,0,18,0,0,0,0,0,0,1,1,2,2,50,8,1753,2,10,6,1,6
2018500262598,2,9,0,18,0,0,0,0,0,0,2,1,2,1,52,8,995,1,11,9,1,9
2018500262600,1,9,0,17,0,0,2,0,0,0,1,1,1,2,41,7,-1,-1,-1,3,2,3
2018500262626,1,9,0,18,0,0,0,0,0,0,3,1,5,1,74,10,1968,2,7,5,1,5
2018500262626,2,9,0,18,0,0,0,0,0,0,3,1,5,2,23,5,1242,1,6,7,3,7
2018500262670,1,9,0,18,0,0,0,0,0,0,1,1,5,1,21,5,998,1,18,8,1,8
2018500262687,1,9,0,18,0,0,0,0,0,0,4,1,1,2,53,8,1364,2,4,8,1,8
2018500262687,2,1,0,5,0,0,0,0,0,0,1,1,3,1,14,3,-1,-1,-1,8,1,8
2018500262690,1,9,0,18,0,8,0,0,0,0,1,1,1,1,27,6,-1,-1,-1,1,1,1
2018500262690,2,1,0,18,0,8,0,0,1,0,3,1,5,1,16,4,-1,-1,-1,7,1,7
2018500262707,1,9,0,18,0,8,0,0,0,0,3,1,1,1,26,6,1229,1,9,6,1,6
2018500262707,2,1,0,18,9,8,0,0,0,0,1,1,1,1,51,8,-1,-1,-1,4,1,4
2018500262711,1,9,0,11,0,0,2,0,0,0,1,1,1,1,30,6,-1,-1,-1,2,1,2
2018500262711,2,98,0,18,0,0,2,0,0,0,0,1,5,2,34,6,-1,-1,-1,8,1,8
2018500262714,1,9,0,13,0,0,1,0,5,6,4,1,5,3,-1,-1,1461,2,10,-1,-1,-1
2018500262714,2,9,0,18,0,0,0,0,1,0,3,1,5,1,46,8,2616,1,12,-1,-1,-1
2018500262721,1,3,0,18,0,3,0,0,0,0,1,1,5,1,39,7,125,1,14,1,1,1
2018500262721,2,9,0,18,0,3,0,0,0,0,2,1,5,2,73,10,1329,1,1,3,1,3
2018500262729,1,9,0,18,0,8,0,0,0,0,1,1,6,2,26,6,1397,1,7,4,1,4
2018500262729,2,9,0,18,0,6,0,0,0,0,3,1,6,2,37,7,1598,1,8,4,1,4
2018500262731,1,9,0,5,0,1,0,0,0,0,1,1,5,1,39,7,1968,2,12,6,2,6
2018500262731,2,5,0,18,0,1,0,0,0,0,4,1,6,1,36,7,738,1,36,5,3,5
2018500262734,1,9,0,9,0,1,0,0,0,0,1,1,6,1,53,8,1968,2,2,4,3,4
2018500262734,2,19,0,4,0,1,0,0,0,0,3,1,6,1,47,8,1997,2,10,4,2,4
2018500262749,1,98,0,18,0,0,1,0,0,0,1,1,1,1,41,7,-1,-1,-1,4,1,4
2018500262749,2,9,0,3,0,0,0,0,0,0,2,1,6,1,72,10,1951,2,15,2,2,2
2018500262750,1,9,0,17,0,0,2,0,0,0,1,1,2,1,20,4,-1,-1,-1,7,2,7
2018500262750,2,9,0,16,0,0,0,0,0,0,1,1,2,1,56,9,2184,2,12,9,3,9
2018500262756,1,9,0,18,0,0,0,0,0,0,1,1,5,2,17,4,1242,1,12,6,3,6
2018500262791,1,9,0,18,0,0,0,0,0,0,1,1,5,1,78,11,999,1,1,6,2,6
2018500262791,2,1,0,18,0,0,0,0,0,0,2,1,5,1,47,8,-1,-1,-1,5,3,5
2018500262929,1,9,0,16,0,0,5,0,8,11,1,1,5,1,91,11,1339,1,5,3,2,3
2018500262985,1,9,0,14,0,8,0,4,0,0,1,1,6,1,60,9,1197,1,7,6,3,6
2018500262985,2,9,0,18,0,8,0,0,0,0,1,1,6,2,47,8,1968,2,1,4,3,4
2018500262985,3,9,0,2,0,2,0,0,0,0,2,1,6,2,26,6,2000,2,14,4,3,4
2018500263026,1,9,0,18,0,0,0,0,0,0,1,1,2,1,61,9,1599,1,14,1,1,1
2018500263136,1,9,0,17,0,0,0,0,1,11,1,1,6,1,44,7,1998,1,19,5,3,5
2018500263148,1,9,0,16,0,0,5,0,8,4,1,1,5,1,18,4,1242,1,7,7,2,7
2018500263151,1,9,0,18,0,0,0,0,0,0,3,1,5,2,26,6,1390,1,8,4,2,4
2018500263162,1,9,0,18,0,0,1,0,2,11,1,1,5,1,43,7,-1,-1,-1,4,2,4
2018500263194,1,9,0,9,0,6,0,0,0,0,1,1,4,2,78,11,998,1,1,5,2,5
2018500263214,1,9,0,7,0,6,0,0,0,0,1,1,2,1,57,9,1600,1,27,4,1,4
2018500263217,1,9,0,18,0,0,0,0,1,7,1,1,6,1,80,11,1197,1,3,6,1,6
2018500263217,2,19,0,4,0,0,0,0,0,0,1,1,1,1,56,9,2198,2,3,6,3,6
2018500263217,3,9,0,18,0,0,0,0,0,0,2,1,6,2,26,6,1242,1,7,5,-1,5
2018500263240,1,98,0,17,0,0,0,0,0,0,1,1,1,1,60,9,-1,-1,-1,7,3,7
2018500263287,1,9,0,18,0,0,2,0,1,9,1,1,6,1,21,5,-1,-1,-1,5,3,5
2018500263389,1,9,0,10,0,0,0,0,0,0,3,1,5,1,42,7,1396,1,15,1,1,1
2018500263389,2,3,0,18,0,0,0,0,0,0,3,1,2,1,21,5,125,1,13,8,1,8
2018500263394,1,9,0,18,0,8,0,0,0,0,1,1,5,2,43,7,1360,1,9,4,3,4
2018500263394,2,9,0,18,0,8,0,0,0,0,3,1,5,2,68,10,1200,1,1,6,3,6
2018500263586,1,9,0,1,0,8,0,0,0,0,1,1,2,2,20,4,1598,1,7,1,1,1
2018500263586,2,9,0,9,0,8,0,0,0,0,1,1,5,2,72,10,998,1,1,10,1,10
2018500263588,1,9,0,16,0,0,0,0,0,0,1,1,6,2,78,11,1595,1,10,8,2,8
2018500263602,1,9,0,18,0,1,0,0,0,0,1,1,5,2,23,5,1390,1,9,9,3,9
2018500263602,2,9,0,4,0,1,0,0,0,0,2,1,5,2,65,9,1339,1,14,5,3,5
2018500263604,1,9,0,9,0,8,0,0,0,0,1,1,6,1,54,8,1496,2,4,5,1,5
2018500263604,2,9,0,18,0,8,0,0,7,0,4,1,6,1,35,6,1969,2,2,3,3,3
2018500263648,1,3,0,13,0,1,5,0,0,0,1,1,6,1,22,5,124,1,13,3,1,3
2018500263648,2,9,0,18,0,2,0,0,0,0,1,1,6,2,31,6,1796,1,10,4,1,4
2018500263651,1,9,0,3,0,0,0,0,0,0,1,1,5,1,29,6,1753,2,11,5,3,5
2018500263651,2,9,0,3,0,0,0,0,0,0,2,1,6,2,35,6,1998,1,13,3,2,3
2018500263699,1,9,0,18,0,0,5,0,1,10,1,1,5,1,28,6,1796,1,14,3,1,3
2018500263717,1,9,0,16,0,0,5,0,8,3,1,1,2,2,73,10,998,1,7,4,3,4
2018500263750,1,9,0,1,0,0,0,0,0,0,2,1,6,2,43,7,1398,1,1,5,3,5
2018500263750,2,1,0,3,0,0,0,0,0,0,1,1,2,1,20,4,-1,-1,-1,1,1,1
2018500263872,1,19,0,18,0,2,0,0,0,0,4,1,1,1,46,8,1598,2,2,3,1,3
2018500263872,2,19,0,18,0,1,0,0,0,0,1,1,1,1,51,8,1968,2,2,5,1,5
2018500263958,1,9,0,18,0,4,0,0,0,0,0,1,1,1,53,8,-1,-1,-1,5,1,5
2018500263958,2,1,0,9,0,8,5,0,0,0,4,1,1,2,34,6,-1,-1,-1,8,1,8
2018500264002,1,11,0,5,0,0,0,0,0,0,4,1,1,1,58,9,3900,2,12,8,1,8
2018500264018,1,9,0,18,0,1,0,0,0,0,1,1,6,1,42,7,1910,2,12,4,1,4
2018500264018,2,9,0,3,0,1,0,0,0,0,1,1,6,2,45,7,-1,-1,-1,6,2,6
2018500264018,3,9,0,3,0,1,0,0,0,0,1,1,6,1,62,9,1390,1,7,7,1,7
2018500264018,4,19,0,3,0,1,0,0,0,0,2,1,6,1,33,6,1560,2,2,3,3,3
2018500264069,1,9,0,18,0,0,0,0,0,0,1,1,4,2,48,8,1596,1,16,5,2,5
2018500264069,2,9,0,5,0,0,0,0,0,0,3,1,6,2,19,4,1124,1,16,8,2,8
2018500264071,1,19,0,9,0,1,0,0,0,0,4,1,6,3,-1,-1,1560,2,2,-1,-1,-1
2018500264071,2,1,0,18,0,1,0,0,0,0,1,1,6,1,29,6,-1,-1,-1,7,1,7
2018500264088,1,9,0,7,0,2,0,0,0,0,1,1,1,1,39,7,1560,2,4,-1,-1,-1
2018500264088,2,9,0,18,0,2,0,0,0,0,1,1,2,2,22,5,-1,-1,-1,4,1,4
2018500264090,1,11,0,2,0,8,0,0,0,0,0,1,1,1,45,7,2148,2,11,3,1,3
2018500264092,1,9,0,17,0,1,0,0,0,0,3,1,6,1,51,8,1896,2,17,4,1,4
2018500264092,2,9,0,9,0,2,0,0,0,0,1,1,6,2,51,8,1596,1,17,2,1,2
2018500264095,1,21,0,8,0,0,0,0,0,0,4,1,6,1,41,7,12777,2,6,8,1,8
2018500264099,1,9,0,18,0,8,0,0,0,0,3,1,5,1,36,7,1685,2,6,4,1,4
2018500264099,2,9,0,18,0,8,0,0,0,0,1,1,5,2,41,7,1397,1,5,2,1,2
2018500264118,1,9,0,4,0,5,0,0,0,0,2,1,6,1,28,6,1796,1,11,5,1,5
2018500264118,2,9,0,4,0,5,1,0,0,0,1,1,6,2,21,5,1199,1,16,5,1,5
2018500264120,1,9,0,7,0,1,0,0,0,0,4,1,1,1,47,8,2987,2,11,6,3,6
2018500264120,2,1,0,17,0,1,0,0,0,0,4,1,1,1,28,6,-1,-1,-1,1,1,1
2018500264131,1,9,0,14,0,0,0,0,0,0,1,1,5,2,84,11,1396,1,21,3,1,3
2018500264131,2,9,0,2,0,0,0,0,0,0,2,1,5,1,83,11,1560,2,1,3,1,3
2018500264131,3,9,0,14,0,0,0,0,0,0,3,1,5,2,20,4,998,1,4,1,1,1
2018500264140,1,19,0,18,0,1,0,0,0,0,3,1,6,1,54,8,2496,2,19,8,3,8
2018500264140,2,9,0,17,0,8,0,0,0,0,1,1,5,1,38,7,2987,2,1,8,1,8
2018500264209,1,9,0,18,0,0,0,0,0,0,1,1,1,2,27,6,1599,1,15,2,1,2
2018500264219,1,9,0,18,0,0,0,4,1,0,1,1,5,1,79,11,1598,1,16,7,1,7
2018500264219,2,9,0,2,0,0,0,0,0,0,1,1,5,2,-1,-1,1997,1,12,7,1,7
2018500264223,1,21,0,5,0,6,0,0,0,0,1,1,1,1,51,8,12740,2,2,5,1,5
2018500264223,2,9,0,18,0,8,0,0,0,0,1,1,5,2,20,4,-1,-1,-1,7,1,7
2018500264245,1,9,0,17,0,0,1,0,0,0,1,1,5,2,60,9,1868,2,16,5,3,5
2018500264245,2,9,0,18,0,0,0,0,0,0,1,1,5,1,23,5,1997,2,16,6,3,6
2018500264533,1,9,0,16,0,0,0,0,0,0,1,1,5,1,81,11,1242,1,13,4,3,4
2018500264533,2,19,0,17,0,0,0,0,0,0,3,1,1,1,21,5,1598,2,4,7,3,7
2018500264533,3,9,0,17,0,0,0,0,0,0,1,1,6,2,56,9,1598,2,4,4,3,4
2018500264534,1,9,0,9,0,0,0,0,0,0,2,1,6,3,-1,-1,-1,-1,-1,-1,-1,-1
2018500264534,2,1,0,18,0,0,0,0,0,0,1,1,6,2,45,7,-1,-1,-1,4,1,4
2018500264554,1,9,0,17,0,0,0,0,0,0,1,1,3,1,45,7,2401,2,14,8,1,8
2018500264554,2,1,0,18,0,0,0,0,0,0,4,1,2,1,23,5,-1,-1,-1,3,1,3
2018500264566,1,9,0,9,0,8,0,0,0,0,1,1,6,2,39,7,1595,1,18,3,1,3
2018500264566,2,1,0,18,0,8,5,0,0,0,1,1,6,1,57,9,-1,-1,-1,7,1,7
2018500264572,1,9,0,4,0,0,0,0,0,0,1,1,2,1,31,6,1998,1,21,4,3,4
2018500264572,2,19,0,3,0,0,0,0,0,0,1,1,2,1,30,6,1896,2,19,7,3,7
2018500264572,3,9,0,3,0,0,0,0,0,0,2,1,2,1,29,6,2179,2,4,5,3,5
2018500264605,1,9,0,18,0,0,0,0,0,0,1,1,5,1,44,7,1796,1,15,3,1,3
2018500264627,1,9,0,9,0,8,0,0,0,0,0,1,6,2,55,8,1368,1,11,4,1,4
2018500264627,2,23,0,18,0,8,0,0,0,0,0,1,1,1,47,8,487,1,18,2,1,2
2018500264847,1,9,0,9,0,8,0,0,0,0,1,1,1,1,49,8,1968,2,3,3,2,3
2018500264847,2,1,0,15,0,8,0,0,0,0,4,1,1,1,40,7,-1,-1,-1,3,2,3
2018500264849,1,9,0,18,0,0,0,0,0,0,1,1,5,1,44,7,-1,-1,-1,7,1,7
2018500264849,2,1,0,18,0,0,0,0,0,0,1,1,5,1,-1,-1,-1,-1,-1,2,1,2
2018500264878,1,19,0,18,0,1,0,0,0,0,4,1,1,1,50,8,1995,2,10,7,1,7
2018500264929,1,3,0,2,0,0,1,0,0,0,0,1,2,1,53,8,125,1,2,2,1,2
2018500264929,2,9,0,16,0,0,1,4,0,0,1,1,2,1,20,4,1388,1,16,4,1,4
2018500264933,1,3,0,18,0,0,0,0,0,0,1,1,6,1,26,6,124,1,3,1,1,1
2018500264934,1,9,0,9,0,8,0,0,0,0,1,1,6,1,51,8,1242,1,15,6,1,6
2018500264934,2,9,0,18,0,8,0,0,0,0,1,1,6,1,30,6,1364,2,11,4,1,4
2018500264936,1,9,0,18,0,1,0,0,0,0,3,1,6,2,22,5,1339,1,9,9,1,9
2018500264954,1,9,0,9,0,5,0,0,0,0,3,1,1,1,49,8,1598,1,15,4,3,4
2018500264955,1,9,0,18,0,0,0,0,0,0,4,1,5,2,55,8,1398,2,7,3,1,3
2018500264955,2,1,0,18,0,0,0,0,0,0,3,1,4,1,15,3,-1,-1,-1,3,1,3
2018500264966,1,9,0,18,0,6,0,0,0,0,4,1,6,3,-1,-1,999,1,16,-1,-1,-1
2018500264975,1,9,0,18,0,7,0,0,0,0,1,1,6,1,39,7,1560,2,14,3,1,3
2018500264975,2,9,0,3,0,7,0,0,0,0,1,1,1,1,43,7,1390,1,5,1,1,1
2018500264975,3,9,0,3,0,7,0,0,0,0,2,1,6,1,55,8,898,1,2,3,1,3
2018500264977,1,9,0,6,0,0,0,0,0,0,4,1,5,1,58,9,1396,1,4,7,1,7
2018500264977,2,1,0,18,0,0,0,0,0,0,1,1,2,1,40,7,-1,-1,-1,8,1,8
2018500264982,1,9,0,18,0,0,0,0,0,0,1,1,6,2,50,8,2494,8,1,4,3,4
2018500264982,2,9,0,4,0,0,0,0,0,0,1,1,6,1,65,9,1896,2,13,4,3,4
2018500264984,1,9,0,16,0,0,2,0,0,0,4,1,5,2,20,4,-1,-1,-1,5,3,5
2018500264998,1,9,0,17,0,8,0,0,0,0,1,1,5,1,46,8,1968,2,4,6,1,6
2018500264998,2,9,0,18,0,4,0,0,0,0,4,1,5,1,24,5,1199,1,15,5,1,5
2018500265005,1,9,0,18,0,0,2,0,2,0,3,1,1,2,19,4,1149,1,15,3,3,3
2018500265035,1,19,0,4,0,1,0,0,0,0,1,1,5,1,28,6,2402,2,7,1,1,1
2018500265035,2,9,0,4,0,1,0,0,0,0,2,1,2,2,43,7,1596,1,6,5,2,5
2018500265331,1,9,0,17,0,0,2,4,1,11,1,1,6,2,58,9,-1,-1,-1,4,1,4
2018500265331,2,9,0,2,0,0,0,0,0,0,0,1,6,3,-1,-1,1598,2,6,4,3,4
2018500265390,1,9,0,3,0,0,0,0,0,0,1,1,1,2,43,7,1461,2,1,5,3,5
2018500265390,2,9,0,9,0,0,0,0,0,0,1,1,1,1,52,8,1061,1,14,6,2,6
2018500265390,3,9,0,18,0,0,0,0,0,0,1,1,1,1,47,8,2993,2,11,5,3,5
2018500265397,1,9,0,4,0,0,0,0,0,0,3,1,1,2,53,8,1229,1,7,2,1,2
2018500265407,1,9,0,18,0,0,0,0,7,0,3,1,1,1,35,6,1560,2,2,2,1,2
2018500265413,1,9,0,17,0,0,1,0,2,0,4,1,1,2,39,7,1910,2,10,4,2,4
2018500265425,1,9,0,9,0,3,1,0,1,0,1,1,6,2,44,7,2198,1,16,1,1,1
2018500265426,1,9,0,17,0,0,5,10,1,11,1,1,5,1,75,10,999,1,2,6,3,6
2018500265428,1,9,0,15,0,0,0,0,0,0,1,1,6,1,83,11,1299,1,15,4,2,4
2018500265428,2,9,0,18,0,0,0,0,0,0,1,1,5,1,62,9,1364,1,2,4,2,4
2018500265431,1,9,0,18,0,0,0,0,0,0,1,1,5,1,37,7,-1,-1,-1,8,3,8
2018500265431,2,17,4,18,0,0,0,0,0,0,2,1,1,1,47,8,6788,2,5,5,3,5
2018500265446,1,98,1,18,0,0,0,0,0,0,1,1,1,1,30,6,-1,-1,-1,4,1,4
2018500265446,2,9,0,18,0,0,0,0,7,0,1,1,6,1,35,6,2995,1,8,5,3,5