Accident_Index,Vehicle_Reference,Vehicle_Type,Towing_and_Articulation,Vehicle_Manoeuvre,Vehicle_Location-Restricted_Lane,Junction_Location,Skidding_and_Overturning,Hit_Object_in_Carriageway,Vehicle_Leaving_Carriageway,Hit_Object_off_Carriageway,1st_Point_of_Impact,Was_Vehicle_Left_Hand_Drive?,Journey_Purpose_of_Driver,Sex_of_Driver,Age_of_Driver,Age_Band_of_Driver,Engine_Capacity_(CC),Propulsion_Code,Age_of_Vehicle,Driver_IMD_Decile,Driver_Home_Area_Type,Vehicle_IMD_Decile
2018500270507,1,19,0,18,0,0,0,0,0,0,1,1,1,1,49,8,2143,2,1,6,2,6
2018500270507,2,17,4,18,0,0,0,0,0,0,2,1,1,1,56,9,6788,2,7,5,3,5
2018500270508,1,9,0,18,0,0,0,0,0,0,1,1,2,1,58,9,1753,2,11,5,1,5
2018500270508,2,1,0,18,0,0,0,0,0,0,2,1,2,1,27,6,-1,-1,-1,8,3,8
2018500270516,1,9,0,4,0,8,0,0,0,0,1,1,2,2,35,6,1769,1,15,1,1,1
2018500270516,2,9,0,18,0,8,0,0,0,0,1,1,6,3,-1,-1,1360,1,14,-1,-1,-1
2018500270521,1,9,0,17,0,0,2,0,0,0,1,1,5,1,47,8,1997,2,15,4,2,4
2018500270522,1,9,0,9,0,5,0,0,0,0,1,1,2,1,32,6,1296,1,12,6,2,6
2018500270534,1,9,0,5,0,4,0,0,0,0,3,1,2,2,49,8,2597,1,16,2,1,2
2018500270534,2,3,0,8,0,3,0,0,0,0,4,1,2,1,35,6,125,1,9,7,1,7
2018500270547,1,9,0,9,0,0,0,0,0,0,4,1,1,1,64,9,1998,1,13,1,1,1
2018500270547,2,9,0,18,0,0,0,0,0,0,1,1,5,2,28,6,1686,2,4,4,1,4
2018500270553,1,9,0,9,0,6,0,0,0,0,1,1,5,1,71,10,1868,2,20,1,1,1
2018500270553,2,9,0,18,0,1,0,0,0,0,3,1,5,2,82,11,1339,1,14,7,1,7
2018500270558,1,2,0,17,0,0,2,0,7,0,4,1,2,1,16,4,49,1,8,6,1,6
2018500270574,1,5,0,16,0,0,1,0,0,0,1,1,2,1,61,9,900,1,2,4,2,4
2018500270574,2,19,0,17,0,0,0,0,0,0,1,1,2,1,36,7,2198,2,7,6,3,6
2018500270611,1,9,0,10,0,1,0,0,0,0,1,1,6,1,63,9,2993,2,4,2,1,2
2018500270627,1,9,0,18,0,0,5,0,0,0,4,1,5,1,89,11,1299,1,12,7,2,7
2018500270627,2,9,0,2,0,0,0,0,0,0,4,1,6,2,54,8,1242,1,8,-1,-1,-1
2018500270728,1,9,0,5,0,1,0,0,0,0,1,1,6,2,20,4,1388,1,14,1,1,1
2018500270728,2,3,0,18,0,2,1,0,0,0,1,1,6,1,36,7,125,1,10,1,1,1
2018500270802,1,19,0,18,0,0,1,0,0,0,1,1,6,1,28,6,1686,2,5,5,3,5
2018500270802,2,9,0,4,0,0,0,0,0,0,1,1,6,2,28,6,1240,1,14,2,1,2
2018500270866,1,3,0,18,0,0,1,0,0,0,4,1,5,1,27,6,124,1,18,7,3,7
2018500270869,1,9,0,16,0,0,2,0,0,0,4,1,6,1,18,4,1753,2,13,3,3,3
2018500270870,1,9,0,18,0,0,0,0,0,0,1,1,3,2,40,7,1422,2,8,5,3,5
2018500270870,2,9,0,18,0,0,0,0,0,0,1,1,2,1,46,8,3436,1,4,8,1,8
2018500270878,1,9,0,5,8,0,0,0,0,0,4,1,6,1,23,5,1686,2,10,5,1,5
2018500270891,1,9,0,18,0,0,1,0,0,0,0,1,1,2,37,7,1997,2,16,4,2,4
2018500270900,1,9,0,9,0,8,0,0,0,0,1,1,6,1,63,9,1685,2,5,8,1,8
2018500270900,2,3,0,18,0,8,0,0,0,0,1,1,6,1,44,7,124,1,2,6,1,6
2018500270919,1,8,0,1,0,1,0,0,0,0,2,1,1,3,-1,-1,1997,2,10,-1,-1,-1
2018500270923,1,9,0,18,0,0,2,0,0,0,1,1,2,1,19,4,1390,1,13,7,3,7
2018500271330,1,3,0,18,0,0,0,0,0,0,0,1,5,1,17,4,108,1,10,5,1,5
2018500271332,1,4,0,15,0,8,0,0,0,0,1,1,2,1,50,8,263,1,8,9,1,9
2018500271332,2,9,0,9,0,8,0,0,0,0,4,1,2,1,25,5,1598,1,6,6,-1,6
2018500271334,1,9,0,18,0,0,0,0,0,0,1,1,5,1,26,6,1997,2,12,8,1,8
2018500271350,1,9,0,10,0,1,0,0,0,0,2,1,5,2,40,7,1199,1,17,8,1,8
2018500271350,2,19,0,18,0,1,1,0,0,0,1,1,1,1,68,10,2198,2,3,3,1,3
2018500271353,1,9,0,18,0,4,0,0,0,0,1,1,1,1,49,8,1753,2,11,8,1,8
2018500271353,2,9,0,17,0,3,0,0,0,0,4,1,6,2,53,8,1968,2,13,2,1,2
2018500271354,1,9,0,3,0,1,0,0,0,0,1,1,6,1,51,8,2400,2,8,7,3,7
2018500271354,2,9,0,3,0,1,0,0,0,0,2,1,6,1,30,6,1461,2,8,5,2,5
2018500271354,3,9,0,3,0,1,0,0,0,0,2,1,6,2,33,6,1896,2,14,5,3,5
2018500271356,1,1,0,3,0,0,0,0,0,0,1,1,5,1,20,4,-1,-1,-1,2,1,2
2018500271356,2,9,0,3,0,0,0,0,0,0,2,1,1,1,-1,-1,1686,2,5,-1,-1,-1
2018500271362,1,9,0,17,0,0,0,0,1,0,1,1,5,1,35,6,1798,1,19,6,2,6
2018500271367,1,9,0,17,0,8,1,0,7,7,1,1,6,1,28,6,1397,1,10,5,3,5
2018500271372,1,9,0,5,0,0,0,0,0,0,1,1,5,1,18,4,998,1,5,3,1,3
2018500271412,1,4,0,16,0,1,5,0,0,0,1,1,6,1,43,7,499,1,24,6,1,6
2018500271429,1,3,0,18,0,0,0,0,0,0,1,1,6,1,56,9,125,1,2,2,1,2
2018500271462,1,9,0,16,0,0,2,0,2,0,4,1,5,2,81,11,1596,1,11,5,3,5
2018500271486,1,9,0,18,0,0,2,0,0,0,1,1,2,2,30,6,1242,1,5,7,3,7
2018500271486,2,9,0,18,0,0,0,0,0,0,0,1,6,3,-1,-1,-1,-1,-1,-1,-1,-1
2018500271508,1,3,0,16,0,0,1,0,0,0,0,1,2,1,25,5,125,1,3,5,2,5
2018500271681,1,9,0,17,0,0,1,0,6,6,1,1,5,1,20,4,2793,1,18,8,1,8
2018500271681,2,17,4,16,0,0,0,0,0,0,1,1,1,1,21,5,5057,2,1,2,3,2
2018500271727,1,19,0,9,0,1,0,0,0,0,3,1,1,1,34,6,2143,2,1,6,3,6
2018500271727,2,9,0,18,0,1,0,0,0,0,1,1,5,1,17,4,973,1,17,4,3,4
2018500271742,1,9,0,16,0,0,1,0,7,10,1,1,5,2,53,8,1794,1,14,1,2,1
2018500271743,1,9,4,16,0,0,1,0,0,0,1,1,5,1,64,9,2495,2,22,4,3,4
2018500271743,2,17,0,17,0,0,0,0,0,0,3,1,1,1,29,6,6728,2,5,4,3,4
2018500271758,1,9,0,18,0,6,1,0,0,0,3,1,6,1,85,11,1197,1,1,8,1,8
2018500271758,2,9,0,18,0,8,1,0,0,0,1,1,6,1,28,6,1360,1,12,6,1,6
2018500271792,1,9,0,16,0,0,1,0,0,0,1,1,2,2,55,8,1461,2,9,7,1,7
2018500271792,2,21,1,17,0,0,0,0,0,0,1,1,1,1,55,8,12419,2,1,4,3,4
2018500271798,1,9,0,18,0,0,0,0,0,0,1,1,6,1,91,11,1339,1,15,6,3,6
2018500271798,2,1,0,18,0,0,0,0,0,0,2,1,6,1,75,10,-1,-1,-1,4,1,4
2018500271825,1,9,0,18,0,0,1,0,1,0,1,1,2,2,36,7,999,1,2,7,1,7
2018500271833,1,9,0,18,0,1,0,2,0,0,1,1,2,2,42,7,1796,1,19,6,3,6
2018500272105,1,9,0,4,0,1,0,0,0,0,1,1,6,2,51,8,1390,1,13,5,2,5
2018500272105,2,9,0,18,0,1,0,0,0,0,1,1,2,1,35,6,1461,2,1,5,1,5
2018500272105,3,9,0,3,0,1,0,0,0,0,2,1,5,2,35,6,1395,1,2,6,3,6
2018500272107,1,9,0,18,0,0,0,0,0,0,1,1,6,2,69,10,1397,1,10,5,3,5
2018500272108,1,98,0,18,0,0,1,0,0,0,1,1,6,3,-1,-1,-1,-1,-1,-1,-1,-1
2018500272108,2,9,0,4,0,0,0,0,0,0,2,1,5,2,18,4,1360,1,17,2,1,2
2018500272120,1,9,0,18,0,0,2,0,1,4,1,1,1,2,31,6,1498,1,5,6,3,6
2018500272120,2,9,0,18,0,0,0,0,0,0,4,1,1,1,34,6,1968,2,2,5,1,5
2018500272121,1,9,0,16,0,0,0,0,0,0,1,1,6,2,18,4,1242,1,12,3,3,3
2018500272121,2,9,0,17,0,0,0,0,0,0,1,1,6,2,24,5,1390,1,4,3,3,3
2018500272132,1,9,0,16,0,0,0,0,0,0,2,1,5,2,32,6,1390,1,8,1,1,1
2018500272137,1,3,0,13,0,1,1,0,0,0,3,1,1,1,25,5,124,1,17,7,3,7
2018500272142,1,19,0,18,0,1,1,0,0,0,1,1,2,1,22,5,2461,2,19,3,3,3
2018500272142,2,9,0,9,0,6,0,0,0,0,1,1,1,1,37,7,1124,1,18,3,3,3
2018500272146,1,9,0,18,0,0,0,0,0,0,1,1,5,1,70,10,1598,2,7,4,2,4
2018500272146,2,19,0,18,0,0,0,0,0,0,1,1,5,1,46,8,1968,2,1,3,1,3
2018500272153,1,9,0,18,0,0,1,0,1,0,1,1,2,2,27,6,3498,1,10,5,3,5
2018500272195,1,9,0,1,0,0,0,0,0,0,2,1,6,3,-1,-1,1598,1,17,-1,-1,-1
2018500272195,2,9,0,3,0,0,0,0,0,0,1,1,5,2,33,6,1587,1,14,4,1,4
2018500272205,1,9,0,18,0,0,1,0,0,0,1,1,5,1,25,5,1598,1,17,3,1,3
2018500272205,2,9,0,18,0,0,0,0,0,0,1,1,5,2,49,8,1896,2,10,6,3,6
2018500272240,1,9,0,7,0,0,1,0,1,11,1,1,6,1,20,4,1781,1,16,4,1,4
2018500272240,2,9,0,18,0,0,0,0,0,0,0,1,1,1,41,7,1598,2,1,4,1,4
2018500272256,1,9,0,7,0,5,0,0,0,0,1,1,1,1,26,6,1560,2,8,3,1,3
2018500272256,2,9,0,10,0,6,0,0,0,0,1,1,1,1,54,8,1248,2,10,9,3,9
2018500272265,1,9,0,4,0,0,0,0,0,0,1,1,6,1,28,6,1388,1,16,4,3,4
2018500272265,2,9,0,4,0,0,0,0,0,0,2,1,6,2,56,9,1242,1,3,2,3,2
2018500272265,3,9,0,4,0,0,0,0,0,0,2,1,6,2,53,8,1753,2,14,4,3,4
2018500272265,4,9,0,4,0,0,0,0,0,0,2,1,6,1,39,7,1968,2,8,4,3,4
2018500272293,1,9,0,18,0,0,0,0,0,0,1,1,6,1,78,11,2497,2,14,1,1,1
2018500272293,2,9,0,2,0,0,0,0,0,0,2,1,6,2,-1,-1,1229,1,12,1,1,1
2018500272293,3,9,0,2,0,0,0,0,0,0,1,1,6,2,-1,-1,1242,1,4,1,1,1
2018500272293,4,9,0,2,0,0,0,0,0,0,1,1,6,1,-1,-1,1598,2,8,6,1,6
2018500272293,5,9,0,2,0,0,0,0,0,0,1,1,6,2,-1,-1,1997,1,12,1,1,1
2018500273017,1,11,0,18,0,0,0,0,0,0,3,1,5,1,64,9,9000,2,5,2,1,2
2018500273022,1,9,0,1,0,0,0,0,0,0,2,1,6,3,-1,-1,-1,-1,-1,-1,-1,-1
2018500273026,1,9,0,18,0,1,0,0,0,0,4,1,2,2,34,6,1229,1,10,5,1,5
2018500273031,1,9,0,14,0,0,5,0,0,0,1,1,6,1,86,11,1242,1,11,8,1,8
2018500273031,2,19,0,10,0,0,0,0,0,0,1,1,1,1,24,5,1499,2,1,3,2,3
2018500273037,1,4,0,16,0,0,2,0,0,0,1,1,6,1,41,7,249,1,28,6,3,6
2018500273037,2,19,0,17,0,0,0,0,0,0,1,1,1,1,45,7,1995,2,1,9,1,9
2018500273044,1,9,0,16,0,4,0,9,7,4,1,1,5,1,47,8,2435,1,17,8,3,8
2018500273058,1,9,0,7,9,2,0,0,0,0,2,1,6,3,-1,-1,-1,-1,-1,-1,-1,-1
2018500273062,1,9,0,18,0,1,0,0,0,0,1,1,6,2,57,9,1597,1,19,5,2,5
2018500273062,2,9,0,18,0,1,0,0,0,0,2,1,6,1,37,7,2295,1,17,5,3,5
2018500273067,1,9,0,10,0,1,0,0,0,0,4,1,5,2,48,8,1124,1,25,8,1,8
2018500273067,2,9,0,18,0,1,0,0,0,0,1,1,5,2,57,9,2198,1,14,4,3,4
2018500273073,1,9,0,18,0,8,0,0,0,0,1,1,2,2,58,9,1896,2,12,4,1,4
2018500273073,2,1,0,18,0,8,5,0,0,0,4,1,2,1,51,8,-1,-1,-1,8,1,8
2018500273090,1,9,0,18,0,0,0,0,0,0,1,1,2,1,41,7,3982,1,1,9,1,9
2018500273109,1,1,0,5,0,0,0,0,0,0,3,1,1,1,56,9,-1,-1,-1,7,3,7
2018500273109,2,9,0,13,0,0,0,0,0,0,1,1,6,3,-1,-1,-1,-1,-1,-1,-1,-1
2018500273119,1,9,0,18,0,0,0,0,0,0,1,1,5,1,44,7,1499,2,1,1,2,1
2018500273119,2,9,0,3,0,0,0,0,0,0,1,1,5,2,54,8,1598,1,10,6,3,6
2018500273119,3,21,0,3,0,0,0,0,0,0,2,1,1,1,44,7,5900,2,15,4,3,4
2018500273143,1,9,0,7,0,5,0,0,0,0,2,1,6,1,62,9,2148,2,14,4,3,4
2018500273143,2,3,0,18,0,1,0,0,0,0,1,1,6,1,17,4,124,1,10,3,2,3
2018500273153,1,9,0,17,0,0,2,0,1,0,4,1,1,1,56,9,1998,1,17,2,1,2
2018500273342,1,9,0,14,0,1,0,0,0,0,1,1,6,2,44,7,1968,2,13,1,1,1
2018500273342,2,9,0,10,0,1,0,0,0,0,3,1,6,2,38,7,1390,1,17,1,1,1
2018500273385,1,19,0,18,0,0,0,0,0,0,1,1,1,1,40,7,1560,2,1,3,1,3
2018500273385,2,17,4,18,0,0,0,0,0,0,2,1,1,1,65,9,-1,2,10,5,3,5
2018500273463,1,9,0,17,0,0,1,0,1,0,1,1,5,2,83,11,1598,1,12,3,3,3
2018500273473,1,9,0,18,0,0,0,0,2,0,1,1,6,1,19,4,1149,1,17,6,1,6
2018500273475,1,9,0,18,0,0,2,0,0,0,1,1,1,2,50,8,1998,1,13,7,3,7
2018500273480,1,9,0,18,0,8,0,0,0,0,1,1,1,1,54,8,-1,-1,-1,10,1,10
2018500273480,2,9,0,18,0,1,0,0,0,0,3,1,2,2,46,8,1598,2,6,9,1,9
2018500273491,1,9,0,5,0,6,0,0,0,0,4,1,6,2,30,6,1398,2,16,2,1,2
2018500273491,2,5,0,18,0,1,0,0,0,0,4,1,6,1,59,9,582,1,11,4,1,4
2018500273492,1,9,0,16,0,0,2,0,1,0,1,1,5,1,26,6,1398,2,9,6,2,6
2018500273497,1,9,0,18,0,0,0,0,0,0,1,1,6,1,-1,-1,-1,-1,-1,-1,-1,-1
2018500273497,2,9,0,3,0,0,0,0,0,0,2,1,6,2,63,9,1398,1,3,9,1,9
2018500273506,1,9,0,18,0,8,0,0,0,0,4,1,5,2,28,6,1399,2,16,6,-1,6
2018500273506,2,9,0,18,0,8,0,0,0,0,1,1,5,2,25,5,1149,1,4,6,3,6
2018500273519,1,9,0,9,0,0,0,0,0,0,3,1,5,1,45,7,2179,2,13,1,1,1
2018500273519,2,9,0,18,0,0,0,0,0,0,1,1,5,1,72,10,2497,2,30,7,3,7
2018500273523,1,19,0,9,0,6,0,0,0,0,0,1,1,1,59,9,1310,1,2,4,3,4
2018500273523,2,4,0,17,0,1,5,0,0,0,3,1,2,1,58,9,400,1,11,5,-1,5
2018500273542,1,9,0,17,0,0,0,0,2,1,1,1,6,2,37,7,1984,1,18,4,2,4
2018500273555,1,9,0,18,0,0,0,0,0,0,3,1,6,1,64,9,1242,1,5,-1,-1,-1
2018500273577,1,3,0,18,0,8,0,0,0,0,1,1,1,1,28,6,108,1,-1,10,1,10
2018500273577,2,9,0,9,0,8,0,0,0,0,3,1,6,1,37,7,2967,1,17,7,1,7
2018500273579,1,9,0,18,0,6,0,0,0,0,0,1,5,2,76,11,1364,1,10,4,1,4
2018500273579,2,9,0,18,0,8,0,0,0,0,3,1,5,2,21,5,1798,1,11,5,1,5
2018500273607,1,9,0,4,0,1,0,0,0,0,2,1,6,2,48,8,1368,1,8,4,3,4
2018500273607,2,9,0,18,0,1,0,0,0,0,1,1,6,2,51,8,1339,1,16,2,1,2
2018500273609,1,9,0,18,0,0,0,0,0,0,1,1,6,3,-1,-1,-1,-1,-1,-1,-1,-1
2018500273632,1,3,0,18,0,0,1,0,7,0,1,1,2,1,24,5,124,1,7,4,2,4
2018500273836,1,10,0,18,0,0,0,0,0,0,0,1,1,1,29,6,-1,-1,-1,-1,-1,-1
2018500273836,2,9,0,18,0,0,0,11,0,0,1,1,5,1,51,8,1969,2,4,8,2,8
2018500273836,3,19,0,18,0,0,0,11,0,0,1,1,1,1,42,7,2143,2,5,6,3,6
2018500273836,4,9,0,18,0,0,0,11,0,0,1,1,1,1,63,9,-1,-1,-1,7,3,7
2018500273836,5,9,0,18,0,0,0,11,0,0,1,1,5,2,23,5,1598,2,4,6,-1,6
2018500273900,1,10,0,5,0,1,0,0,0,0,1,1,1,1,68,10,2198,2,9,4,3,4
2018500273900,2,1,0,2,0,1,0,0,0,0,2,1,1,1,44,7,-1,-1,-1,4,-1,4
2018500273915,1,1,0,5,0,1,0,0,0,0,3,1,6,1,54,8,-1,-1,-1,9,1,9
2018500273915,2,19,0,18,0,8,0,0,0,0,4,1,6,1,42,7,1998,2,15,2,1,2
2018500273918,1,9,0,18,0,2,1,0,0,0,1,1,2,2,56,9,1388,1,11,-1,-1,-1
2018500273918,2,9,0,18,0,2,1,0,0,0,1,1,2,1,47,8,1997,2,10,-1,-1,-1
2018500273918,3,9,0,18,0,2,1,0,0,0,1,1,2,1,29,6,2496,2,15,-1,-1,-1
2018500273918,4,9,0,18,0,2,0,0,0,0,2,1,2,1,63,9,1061,1,13,-1,-1,-1
2018500273968,1,9,0,9,0,1,0,0,0,0,3,1,5,1,36,7,1200,1,1,-1,-1,-1
2018500273968,2,9,0,18,0,1,0,0,0,0,1,1,5,1,62,9,1598,2,4,8,2,8
2018500273973,1,9,0,18,0,0,0,0,0,0,1,1,6,3,-1,-1,-1,-1,-1,-1,-1,-1
2018500273973,2,9,0,3,0,0,0,0,0,0,2,1,6,2,37,7,2204,2,11,1,1,1
2018500273987,1,9,0,18,0,0,0,0,0,0,1,1,6,2,-1,-1,-1,-1,-1,-1,-1,-1
2018500273987,2,9,0,18,0,0,0,0,0,0,2,1,5,2,48,8,1618,1,1,4,1,4
2018500273999,1,9,0,18,0,0,0,0,0,0,1,1,1,1,24,5,-1,-1,-1,5,3,5
2018500273999,2,9,0,3,0,0,0,0,0,0,2,1,1,1,53,8,1995,2,9,3,1,3
2018500274031,1,9,0,18,0,0,2,0,1,0,1,1,1,1,36,7,875,1,7,6,1,6
2018500274035,1,9,0,16,9,2,1,0,3,11,1,1,2,1,62,9,1598,1,7,7,2,7
2018500274056,1,9,0,7,0,3,0,0,0,0,1,1,5,1,33,6,1398,1,16,2,2,2
2018500274056,2,9,0,7,0,3,0,0,0,0,2,1,1,1,53,8,-1,-1,-1,8,1,8
2018500274100,1,9,0,18,0,0,0,0,0,0,1,1,5,1,75,10,1769,2,23,8,1,8
2018500274140,1,9,0,18,0,0,0,0,7,10,1,1,6,1,18,4,-1,-1,-1,4,1,4
2018500274246,1,9,0,18,0,0,5,0,0,0,1,1,5,1,81,11,1360,1,9,6,1,6
2018500274249,1,9,0,17,0,0,1,0,0,0,1,1,1,2,26,6,1390,1,14,5,2,5
2018500274271,1,9,0,17,0,0,2,0,2,0,1,1,6,2,23,5,1968,2,6,4,3,4
2018500274277,1,9,0,18,0,1,0,0,0,0,1,1,5,2,26,6,1388,1,9,6,1,6
2018500274277,2,9,0,8,0,1,0,0,0,0,2,1,5,2,50,8,1329,1,5,7,1,7
2018500274284,1,9,0,18,0,0,0,0,7,0,1,1,5,2,37,7,1398,1,2,4,1,4
2018500274284,2,19,0,18,0,0,0,0,1,0,1,1,1,1,30,6,2143,2,1,5,1,5
2018500274290,1,9,0,17,0,0,1,0,2,3,1,1,2,2,29,6,1124,1,13,4,2,4
2018500274308,1,2,0,9,0,8,0,0,0,0,0,1,2,2,35,6,49,1,2,6,3,6
2018500274312,1,9,0,12,0,1,1,0,1,10,3,1,6,2,52,8,1598,1,3,6,2,6
2018500274312,2,9,0,18,0,1,0,0,0,0,4,1,6,1,46,8,1997,2,3,10,1,10
2018500274322,1,9,0,18,0,0,0,0,0,0,1,1,2,1,32,6,1984,1,9,6,1,6
2018500274332,1,9,0,13,0,0,0,0,7,0,1,1,5,1,44,7,1368,1,1,3,2,3
2018500274344,1,9,0,18,0,1,0,0,0,0,1,1,6,2,64,9,2993,2,11,6,3,6
2018500274344,2,9,0,3,0,1,0,0,0,0,2,1,6,2,34,6,998,1,11,6,3,6
2018500274358,1,9,0,18,0,0,5,4,0,0,1,1,2,2,23,5,1390,1,12,8,2,8
2018500274358,2,9,0,2,0,0,0,4,0,0,3,1,5,2,47,8,1242,1,7,6,2,6
2018500274358,3,9,0,2,0,0,0,4,0,0,2,1,5,2,26,6,1590,1,17,5,3,5
2018500274358,4,9,0,2,0,0,0,0,0,0,2,1,5,2,30,6,1968,2,5,4,3,4
2018500274361,1,3,0,18,0,1,1,0,1,0,1,1,2,1,25,5,125,1,11,4,2,4
2018500274373,1,3,0,18,0,0,1,0,0,0,4,1,6,1,30,6,124,1,12,4,1,4
2018500274373,2,9,0,4,0,0,0,0,0,0,1,1,6,2,30,6,1598,1,12,3,1,3
2018500274386,1,9,0,18,0,4,2,9,3,10,1,1,5,1,28,6,-1,-1,-1,3,1,3
2018500274404,1,3,0,18,0,0,1,0,7,0,1,1,2,1,18,4,124,1,5,3,2,3
2018500274404,2,9,0,17,0,0,1,0,8,0,3,1,6,2,46,8,1388,1,7,4,3,4
2018500274408,1,9,0,17,0,0,2,0,0,0,3,1,2,1,21,5,1994,2,16,4,3,4
2018500274416,1,9,0,18,0,1,0,0,0,0,4,1,5,2,73,10,1364,1,7,7,2,7
2018500274416,2,1,0,18,5,1,0,0,0,0,1,1,6,2,63,9,-1,-1,-1,6,3,6
2018500274611,1,9,0,18,0,0,0,0,0,0,1,1,5,1,39,7,1998,1,16,8,1,8
2018500274611,2,9,0,18,0,0,0,0,0,0,2,1,5,2,27,6,1985,1,16,4,1,4
2018500274618,1,9,0,18,0,0,0,0,0,0,1,1,6,1,28,6,1388,1,16,2,1,2
2018500274618,2,9,0,2,0,0,0,0,0,0,2,1,5,1,-1,-1,-1,-1,-1,5,1,5
2018500274651,1,9,0,18,0,0,0,0,0,0,1,1,6,3,-1,-1,-1,-1,-1,-1,-1,-1
2018500274651,2,1,0,18,0,0,2,0,0,0,2,1,5,1,18,4,-1,-1,-1,3,1,3
2018500274655,1,9,0,5,0,6,0,0,0,0,3,1,6,1,21,5,1388,1,14,10,1,10
2018500274655,2,1,0,18,0,8,0,0,0,0,1,1,5,1,38,7,-1,-1,-1,4,1,4
2018500274660,1,3,0,18,0,0,1,0,0,0,1,1,5,1,24,5,124,1,7,3,1,3
2018500274660,2,1,0,6,0,0,1,0,0,0,1,1,5,1,64,9,-1,-1,-1,3,1,3
2018500274665,1,9,0,18,0,0,2,0,0,0,4,1,5,1,19,4,1149,1,15,4,1,4
2018500274671,1,9,0,16,0,0,5,0,1,0,1,1,6,2,58,9,1997,2,13,3,3,3
2018500274685,1,5,0,18,0,3,0,0,0,0,3,1,5,1,54,8,1050,1,1,5,1,5
2018500274686,1,9,0,16,0,0,1,0,0,0,1,1,1,1,51,8,1299,1,15,4,3,4
2018500274686,2,9,0,17,0,0,0,0,0,0,1,1,1,1,44,7,-1,-1,-1,5,3,5
2018500274741,1,9,0,18,0,0,0,0,8,0,4,1,6,1,48,8,2495,2,20,3,3,3
2018500274770,1,9,0,17,0,0,0,0,0,0,3,1,5,1,56,9,2993,2,9,3,1,3
2018500274770,2,9,0,16,0,0,0,0,0,0,1,1,5,1,-1,-1,1560,2,8,4,3,4
2018500274787,1,9,0,18,0,0,1,10,7,10,1,1,5,2,-1,-1,1560,2,7,3,-1,3
2018500275074,1,19,0,18,0,0,1,0,7,0,1,1,5,1,21,5,1968,2,8,3,3,3
2018500275076,1,9,0,4,0,0,0,0,0,0,1,1,2,1,30,6,2000,1,17,6,1,6
2018500275076,2,9,0,4,0,0,0,0,0,0,2,1,4,2,48,8,1299,1,16,7,1,7
2018500275088,1,19,0,4,0,1,1,0,0,0,1,1,1,1,40,7,2143,2,1,4,3,4
2018500275088,2,19,0,3,0,1,0,0,0,0,2,1,1,1,49,8,1870,2,12,2,1,2
2018500275088,3,9,0,3,0,1,0,0,0,0,2,1,1,2,53,8,1598,2,5,7,3,7
2018500275091,1,9,0,5,0,8,0,0,0,0,3,1,1,2,48,8,1968,2,3,6,1,6
2018500275104,1,9,0,18,0,0,1,0,7,10,3,1,5,1,36,7,1798,1,13,2,1,2
2018500275108,1,9,0,12,0,0,0,0,0,0,3,1,5,2,69,10,1386,1,12,4,2,4
2018500275108,2,2,0,18,0,0,0,0,0,0,3,1,5,1,30,6,50,1,10,2,3,2
2018500275138,1,21,4,18,0,1,0,0,7,3,1,1,1,1,43,7,9364,2,15,1,1,1
2018500275185,1,9,0,18,0,0,1,0,0,0,1,1,2,2,20,4,1149,1,12,3,2,3
2018500275185,2,9,0,4,0,0,0,0,0,0,2,1,2,2,24,5,1499,2,3,7,1,7
2018500275218,1,9,0,7,0,6,0,0,0,0,1,1,2,1,37,7,1364,1,9,6,1,6
2018500275218,2,8,0,18,0,1,0,0,0,0,4,1,1,1,50,8,1997,2,2,1,1,1
2018500275245,1,9,0,16,0,0,1,0,7,0,4,1,5,1,29,6,2494,1,19,6,1,6
2018500275321,1,9,0,18,0,6,0,0,0,0,1,1,6,1,74,10,1598,1,11,7,1,7
2018500275321,2,9,0,18,0,1,0,0,0,0,1,1,6,1,68,10,1197,1,7,3,2,3
2018500275371,1,9,0,5,0,6,0,0,0,0,1,1,6,1,79,11,1999,1,11,8,3,8
2018500275371,2,9,0,5,0,5,0,0,0,0,3,1,6,2,44,7,1997,2,3,7,2,7
2018500275402,1,9,0,5,0,2,0,0,0,0,1,1,6,2,81,11,1753,2,11,5,2,5
2018500275402,2,9,0,18,0,1,0,0,0,0,1,1,6,1,27,6,1968,2,8,4,1,4
2018500275402,3,9,0,18,0,8,0,0,0,0,4,1,6,2,48,8,1998,2,11,5,3,5
2018500275416,1,9,0,16,0,7,0,0,0,0,1,1,2,1,29,6,1595,1,12,5,1,5
2018500275416,2,9,0,3,0,7,0,0,0,0,2,1,5,2,26,6,1997,1,13,8,1,8
2018500275488,1,19,0,4,0,0,1,0,0,0,1,1,1,1,21,5,1499,2,2,4,1,4
2018500275488,2,9,0,3,0,0,0,0,0,0,2,1,6,2,27,6,1200,1,4,4,-1,4
2018500275488,3,9,0,3,0,0,0,0,0,0,2,1,6,2,43,7,2143,2,9,5,1,5
2018500275489,1,9,0,18,0,0,0,0,0,0,3,1,6,1,18,4,-1,-1,-1,4,3,4