Accident_Index,Vehicle_Reference,Vehicle_Type,Towing_and_Articulation,Vehicle_Manoeuvre,Vehicle_Location-Restricted_Lane,Junction_Location,Skidding_and_Overturning,Hit_Object_in_Carriageway,Vehicle_Leaving_Carriageway,Hit_Object_off_Carriageway,1st_Point_of_Impact,Was_Vehicle_Left_Hand_Drive?,Journey_Purpose_of_Driver,Sex_of_Driver,Age_of_Driver,Age_Band_of_Driver,Engine_Capacity_(CC),Propulsion_Code,Age_of_Vehicle,Driver_IMD_Decile,Driver_Home_Area_Type,Vehicle_IMD_Decile
2018500280430,1,9,0,4,0,0,1,0,0,0,1,1,1,2,29,6,1598,2,4,4,1,4
2018500280430,2,19,0,4,0,0,1,0,0,0,2,1,1,1,22,5,1499,2,1,8,1,8
2018500280430,3,19,0,4,0,0,1,0,0,0,1,1,1,1,28,6,1997,2,-1,10,1,10
2018500280444,1,9,0,4,0,0,0,0,0,0,4,1,1,1,42,7,1399,1,1,2,1,2
2018500280453,1,19,0,17,0,0,1,0,0,0,1,1,1,1,38,7,1598,2,5,4,2,4
2018500280453,2,9,0,16,0,0,0,0,0,0,1,1,1,2,43,7,1560,2,9,4,1,4
2018500280456,1,1,0,18,0,8,0,0,0,0,3,1,4,1,14,3,-1,-1,-1,5,3,5
2018500280456,2,9,0,1,0,1,0,0,0,0,2,1,6,1,-1,-1,-1,-1,-1,-1,-1,-1
2018500281097,1,9,0,18,0,8,0,0,0,0,1,1,2,1,30,6,1598,2,7,10,3,10
2018500281097,2,9,0,18,0,8,5,0,0,0,4,1,2,1,49,8,1685,2,4,6,1,6
2018500281102,1,9,0,16,0,0,5,7,0,0,1,1,1,1,77,11,1339,1,13,3,1,3
2018500281112,1,9,0,18,0,0,0,0,0,0,1,1,6,3,-1,-1,-1,-1,-1,-1,-1,-1
2018500281120,1,9,0,18,0,0,1,0,1,0,4,1,6,2,18,4,1390,1,13,7,2,7
2018500281133,1,19,0,18,0,0,0,0,0,0,1,1,6,2,47,8,2198,2,3,3,1,3
2018500281133,2,9,0,18,0,0,0,0,0,0,2,1,6,1,24,5,1199,1,16,3,2,3
2018500281133,3,9,0,18,0,0,0,0,0,0,2,1,6,1,85,11,1968,2,3,4,3,4
2018500281134,1,9,0,5,0,0,0,0,0,0,0,1,6,1,69,10,2496,2,14,8,1,8
2018500281151,1,9,0,3,0,2,0,0,0,0,1,1,5,1,32,6,2979,1,3,7,1,7
2018500281151,2,9,0,16,0,8,0,0,1,0,4,1,5,2,78,11,1248,1,9,4,2,4
2018500281158,1,9,0,18,0,0,2,0,7,3,1,1,5,1,67,10,1988,1,17,6,2,6
2018500281192,1,9,0,18,0,0,0,0,4,0,1,1,5,1,61,9,1951,2,13,6,3,6
2018500281206,1,9,0,18,0,0,0,0,0,0,1,1,6,1,52,8,2286,1,-1,3,1,3
2018500281206,2,3,0,18,0,0,2,0,0,0,1,1,6,2,38,7,124,1,5,9,3,9
2018500281480,1,9,0,4,0,0,1,0,0,0,1,1,5,1,86,11,1596,1,-1,1,1,1
2018500281480,2,9,0,3,0,0,0,0,0,0,2,1,5,1,44,7,1461,2,2,9,1,9
2018500281480,3,9,0,3,0,0,0,0,0,0,2,1,5,1,62,9,1461,2,5,1,1,1
2018500281493,1,9,0,6,8,0,0,0,0,0,1,1,5,2,75,10,1386,1,12,4,1,4
2018500281493,2,19,0,18,0,0,0,0,0,0,1,1,1,1,46,8,2402,2,9,3,1,3
2018500281505,1,9,0,10,0,1,0,0,0,0,4,1,6,3,-1,-1,-1,-1,-1,-1,-1,-1
2018500281505,2,1,0,7,4,1,0,0,0,0,1,1,1,1,18,4,-1,-1,-1,6,1,6
2018500281536,1,9,0,3,0,4,0,0,0,0,1,1,6,1,76,11,1108,1,8,1,1,1
2018500281536,2,9,0,3,0,4,0,0,0,0,2,1,6,2,37,7,2902,2,13,2,1,2
2018500281548,1,9,0,9,0,8,0,0,0,0,1,1,5,2,77,11,998,1,3,3,1,3
2018500281548,2,9,0,18,0,8,0,0,0,0,1,1,5,1,36,7,1560,2,10,1,1,1
2018500281631,1,9,0,18,0,0,1,11,8,0,1,1,6,1,71,10,2184,2,2,6,2,6
2018500281631,2,9,0,2,0,0,0,0,0,0,1,1,6,3,-1,-1,-1,-1,-1,-1,-1,-1
2018500281836,1,1,0,18,0,0,0,0,0,0,0,1,6,1,46,8,-1,-1,-1,7,1,7
2018500281839,1,9,0,18,0,0,0,0,0,0,3,1,1,1,37,7,1997,2,14,6,2,6
2018500281872,1,9,0,5,0,1,0,0,0,0,1,1,6,2,25,5,1560,2,7,3,1,3
2018500281872,2,9,0,3,0,1,0,0,0,0,2,1,6,2,44,7,1910,2,12,1,1,1
2018500281876,1,9,0,9,0,1,0,0,0,0,3,1,5,1,68,10,1560,2,12,4,3,4
2018500281876,2,9,0,18,0,1,0,0,0,0,1,1,5,1,65,9,1598,1,8,3,3,3
2018500281888,1,9,0,17,0,0,5,0,0,0,1,1,6,1,66,10,2401,2,15,5,3,5
2018500281896,1,1,0,14,0,1,0,0,0,0,1,1,2,1,51,8,-1,-1,-1,6,1,6
2018500281896,2,9,0,9,0,8,0,0,0,0,3,1,2,1,47,8,1968,2,2,-1,1,-1
2018500281913,1,9,0,18,0,1,0,0,0,0,1,1,6,1,28,6,2993,2,10,10,1,10
2018500281913,2,9,0,10,0,1,0,0,0,0,2,1,6,2,29,6,1461,2,8,2,1,2
2018500281914,1,9,0,18,0,0,1,0,7,0,1,1,5,2,47,8,1341,1,14,5,1,5
2018500281934,1,9,0,18,0,0,5,7,0,0,1,1,2,1,74,10,1991,2,11,7,2,7
2018500281963,1,5,0,18,0,0,0,0,0,0,1,1,2,1,50,8,600,1,18,2,1,2
2018500281963,2,9,0,18,0,0,0,0,0,0,1,1,2,1,37,7,-1,-1,-1,8,2,8
2018500281967,1,9,0,13,0,0,0,0,0,0,3,1,6,1,66,10,1968,2,11,9,1,9
2018500281967,2,9,0,16,0,0,0,0,0,0,1,1,6,2,27,6,1560,2,6,4,3,4
2018500281967,3,90,1,18,0,0,0,0,0,0,0,1,6,3,-1,-1,-1,-1,-1,-1,-1,-1
2018500281976,1,9,0,18,0,0,0,0,0,0,3,1,5,2,50,8,3200,2,1,7,1,7
2018500281976,2,9,0,18,0,0,0,0,0,0,1,1,5,1,59,9,1618,1,1,4,3,4
2018500282051,1,9,0,18,0,0,0,0,0,0,1,1,6,1,-1,-1,-1,-1,-1,-1,-1,-1
2018500282051,2,9,0,3,0,0,0,0,0,0,2,1,6,2,37,7,1781,1,17,4,3,4
2018500282166,1,9,0,12,0,1,0,11,0,0,1,1,1,1,32,6,-1,-1,-1,5,1,5
2018500282166,2,9,0,2,0,1,0,0,0,0,2,1,5,1,56,9,1597,1,14,4,2,4
2018500282203,1,9,0,16,0,0,0,0,0,0,1,1,6,3,-1,-1,1995,1,14,-1,-1,-1
2018500282203,2,9,0,17,0,0,0,0,0,0,2,1,6,1,38,7,1968,2,2,9,1,9
2018500282212,1,9,0,18,0,0,0,0,7,0,3,1,6,1,28,6,-1,-1,-1,5,2,5
2018500282219,1,9,0,17,0,0,2,0,2,4,4,1,1,1,63,9,1997,2,10,8,1,8
2018500282230,1,1,0,18,0,8,0,0,0,0,1,1,6,1,17,4,-1,-1,-1,4,1,4
2018500282243,1,9,0,16,0,0,0,0,0,0,3,1,2,2,52,8,1197,1,1,6,3,6
2018500282243,2,9,0,17,0,0,5,0,0,0,3,1,2,2,17,4,1248,2,11,6,3,6
2018500282254,1,9,0,9,0,3,0,0,0,0,1,1,2,2,26,6,1596,1,16,3,1,3
2018500282254,2,9,0,18,0,1,0,0,0,0,1,1,2,2,30,6,1390,1,10,6,1,6
2018500282267,1,4,0,18,0,0,2,0,0,0,1,1,5,1,66,10,234,1,19,9,1,9
2018500282309,1,1,0,18,0,0,0,4,0,0,1,1,6,1,34,6,-1,-1,-1,1,1,1
2018500282309,2,9,0,2,0,0,0,0,0,0,2,1,6,3,-1,-1,-1,-1,-1,-1,-1,-1
2018500282357,1,9,0,18,0,0,0,0,0,0,1,1,6,3,-1,-1,-1,-1,-1,-1,-1,-1
2018500282698,1,9,0,16,0,0,1,0,0,0,4,1,1,2,49,8,1248,1,9,9,1,9
2018500282698,2,21,0,4,0,0,0,0,0,0,1,1,1,1,52,8,6870,2,16,7,3,7
2018500282699,1,9,0,18,0,0,0,0,0,0,1,1,1,2,33,6,-1,-1,-1,4,1,4
2018500282702,1,9,0,9,0,1,0,0,0,0,1,1,6,1,26,6,1997,2,8,5,1,5
2018500282702,2,19,0,18,0,1,0,0,0,0,1,1,6,1,57,9,2198,2,6,7,2,7
2018500282705,1,9,4,18,0,1,0,0,0,0,3,1,6,3,-1,-1,-1,-1,-1,-1,-1,-1
2018500282717,1,9,0,16,0,0,0,0,0,0,3,1,1,2,23,5,1596,1,6,4,3,4
2018500282717,2,9,0,17,0,0,0,0,0,0,3,1,5,2,29,6,1896,2,8,3,3,3
2018500282719,1,5,0,16,0,0,1,0,0,0,1,1,5,1,21,5,600,1,19,3,1,3
2018500282719,2,9,0,2,0,0,0,0,0,0,2,1,5,2,36,7,1560,2,4,5,1,5
2018500282731,1,9,0,9,0,2,0,0,0,0,1,1,6,1,51,8,1995,2,9,8,1,8
2018500282731,2,3,0,18,0,1,0,0,0,0,4,1,6,1,17,4,124,1,3,9,1,9
2018500282736,1,9,0,18,0,0,1,0,0,0,2,1,2,2,51,8,1995,2,2,5,3,5
2018500282740,1,9,0,18,0,0,0,0,0,0,1,1,6,3,-1,-1,-1,-1,-1,-1,-1,-1
2018500282740,2,9,0,4,0,0,0,0,0,0,2,1,6,2,21,5,1229,1,13,4,-1,4
2018500282740,3,9,0,4,0,0,0,0,0,0,2,1,6,1,-1,-1,1560,2,4,5,1,5
2018500282748,1,9,0,9,0,8,0,0,0,0,3,1,2,1,52,8,2198,1,15,8,1,8
2018500282748,2,2,0,9,0,8,0,0,0,0,1,1,5,2,62,9,49,1,3,4,1,4
2018500282756,1,9,0,18,0,1,0,0,0,0,1,1,1,2,60,9,1598,2,1,3,1,3
2018500282756,2,9,0,4,0,1,0,0,0,0,2,1,1,1,65,9,1197,1,1,6,3,6
2018500282773,1,9,0,18,0,0,0,0,0,0,3,1,6,3,-1,-1,-1,-1,-1,-1,-1,-1
2018500282773,2,1,0,18,0,0,0,0,1,0,3,1,6,1,14,3,-1,-1,-1,5,3,5
2018500282784,1,9,0,18,0,1,0,0,0,0,1,1,5,2,60,9,1999,2,3,8,1,8
2018500282784,2,9,0,9,0,1,0,0,0,0,2,1,6,2,42,7,1200,1,2,2,1,2
2018500282804,1,9,0,3,0,0,0,0,0,0,1,1,3,2,40,7,1591,1,1,5,2,5
2018500282804,2,9,0,18,0,0,0,0,0,0,2,1,3,2,29,6,1149,1,8,5,2,5
2018500282825,1,9,0,17,0,0,1,0,1,9,1,1,5,1,22,5,2198,2,13,3,3,3
2018500282832,1,9,0,18,0,0,0,0,0,0,1,1,6,1,40,7,5204,1,2,4,3,4
2018500282832,2,9,0,18,0,0,0,0,0,0,1,1,3,2,52,8,2401,2,14,4,3,4
2018500282883,1,9,0,18,0,0,0,0,0,0,4,1,5,1,44,7,1596,1,16,5,3,5
2018500282900,1,3,0,13,0,1,0,0,0,0,4,1,6,1,23,5,124,1,1,4,1,4
2018500282900,2,9,0,7,0,1,0,0,0,0,3,1,6,3,-1,-1,-1,-1,-1,-1,-1,-1
2018500282916,1,9,0,18,0,0,1,0,7,0,1,1,5,2,84,11,996,1,4,4,2,4
2018500282916,2,9,0,9,0,0,0,0,7,0,4,1,1,1,49,8,-1,-1,-1,4,3,4
2018500283048,1,9,0,18,0,0,0,0,0,0,1,1,3,1,33,6,1753,2,11,3,3,3
2018500283048,2,9,0,18,0,0,0,0,0,0,1,1,3,2,33,6,1896,2,13,3,3,3
2018500283051,1,9,0,18,0,0,0,0,0,0,4,1,5,2,54,8,2967,2,5,8,2,8
2018500283051,2,9,0,18,0,0,0,0,0,0,1,1,1,2,35,6,1560,2,4,4,1,4
2018500283054,1,9,0,18,0,0,1,0,1,0,1,1,2,1,22,5,973,1,15,5,3,5
2018500283054,2,9,0,18,0,0,0,0,0,0,2,1,1,1,79,11,2993,2,9,5,3,5
2018500283055,1,9,0,1,0,0,0,0,0,0,1,1,2,2,48,8,1618,1,1,4,1,4
2018500283055,2,21,1,1,0,0,0,0,0,0,2,1,1,1,35,6,6700,2,2,5,1,5
2018500283063,1,9,0,1,0,0,0,0,0,0,2,1,6,3,-1,-1,-1,-1,-1,-1,-1,-1
2018500283063,2,9,0,4,0,0,0,0,0,0,1,1,1,2,52,8,1598,2,-1,4,1,4
2018500283067,1,9,0,18,0,8,0,0,0,0,1,1,2,2,34,6,1560,2,9,6,3,6
2018500283067,2,9,0,18,0,8,0,0,0,0,4,1,2,2,60,9,1398,1,2,6,3,6
2018500283086,1,9,0,18,0,0,0,0,0,0,1,1,5,2,23,5,1200,1,2,1,1,1
2018500283087,1,9,0,16,0,0,2,0,0,0,1,1,2,1,34,6,1229,1,12,4,2,4
2018500283097,1,9,0,18,0,0,0,0,0,0,1,1,5,2,61,9,1591,1,5,1,1,1
2018500283097,2,9,0,4,0,0,0,0,0,0,2,1,5,1,36,7,1995,2,3,3,1,3
2018500283099,1,9,0,18,0,1,0,0,0,0,2,1,2,2,60,9,1399,2,14,1,1,1
2018500283099,2,9,0,18,0,1,0,0,0,0,1,1,5,1,42,7,1396,1,15,4,1,4
2018500283105,1,9,0,12,0,0,0,10,5,0,3,1,5,1,27,6,1390,1,6,6,3,6
2018500283106,1,9,0,18,0,0,2,0,1,0,4,1,6,1,28,6,1360,1,17,4,2,4
2018500283138,1,9,0,17,0,0,0,0,1,0,1,1,6,2,24,5,996,1,4,8,1,8
2018500283163,1,19,0,9,0,1,0,0,0,0,1,1,3,2,40,7,1968,2,6,5,2,5
2018500283163,2,1,0,14,0,1,0,0,0,0,1,1,6,1,36,7,-1,-1,-1,8,2,8
2018500283174,1,9,0,18,0,0,2,0,0,0,0,1,5,1,19,4,1229,1,12,8,1,8
2018500283197,1,9,0,18,0,0,0,0,0,0,1,1,5,1,48,8,1995,2,2,6,2,6
2018500283208,1,9,0,18,0,0,0,0,0,0,4,1,1,2,30,6,1498,1,9,2,1,2
2018500283341,1,21,0,17,0,0,0,0,0,0,1,1,5,1,56,9,8970,2,14,1,1,1
2018500283341,2,9,0,4,0,0,0,0,0,0,2,1,5,1,35,6,1995,2,13,1,1,1
2018500283343,1,9,0,9,0,6,0,0,0,0,3,1,5,2,38,7,1586,1,12,7,1,7
2018500283343,2,9,0,18,0,1,0,0,0,0,1,1,5,2,55,8,1397,1,8,3,1,3
2018500283360,1,9,0,17,9,0,0,0,1,0,3,1,5,1,24,5,1896,2,16,4,2,4
2018500283360,2,9,0,4,9,0,0,0,1,2,3,1,5,2,62,9,2494,8,2,6,3,6
2018500283360,3,9,0,16,0,0,0,0,0,0,3,1,6,1,27,6,2993,2,10,6,3,6
2018500283375,1,9,0,4,0,0,0,4,0,0,4,1,6,1,86,11,1248,2,7,4,3,4
2018500283375,2,9,0,2,0,0,0,0,0,0,3,1,6,2,49,8,1461,2,4,5,3,5
2018500283384,1,9,0,1,0,1,0,0,0,0,2,1,5,1,76,11,1686,2,16,5,3,5
2018500283509,1,19,0,17,0,1,0,0,0,0,1,1,2,2,30,6,1870,2,15,4,2,4
2018500283509,2,9,0,17,0,1,0,0,0,0,2,1,5,1,29,6,1995,2,5,3,1,3
2018500283536,1,9,0,18,0,0,0,0,0,0,1,1,6,1,61,9,1364,1,-1,6,2,6
2018500283536,2,9,0,3,0,0,0,0,0,0,2,1,5,1,39,7,1461,2,8,6,2,6
2018500283589,1,9,0,18,0,0,0,10,5,1,1,1,6,1,21,5,1242,1,14,2,1,2
2018500283646,1,19,0,18,0,0,1,0,0,0,1,1,6,1,54,8,1248,2,2,8,1,8
2018500283646,2,9,0,3,0,0,0,0,0,0,2,1,6,1,72,10,2987,2,3,8,3,8
2018500283646,3,9,0,3,0,0,0,0,0,0,3,1,6,2,64,9,-1,-1,-1,5,3,5
2018500283646,4,90,0,3,0,0,0,0,0,0,3,1,6,1,67,10,2287,2,11,7,1,7
2018500283769,1,9,0,18,0,4,0,0,0,0,1,1,6,2,57,9,1598,1,8,6,1,6
2018500283769,2,2,0,18,0,4,0,0,0,0,2,1,6,1,16,4,50,1,5,4,3,4
2018500283771,1,9,0,18,0,0,0,4,0,0,4,1,6,2,64,9,1242,1,3,1,1,1
2018500283771,2,9,0,2,0,0,0,0,0,0,4,1,6,1,27,6,2993,2,7,3,1,3
2018500283782,1,9,0,5,0,8,0,0,0,0,3,1,6,1,57,9,1248,2,7,8,1,8
2018500283782,2,5,0,18,0,8,1,0,0,0,1,1,6,1,42,7,865,1,12,5,3,5
2018500283809,1,9,0,18,0,4,0,0,0,0,2,1,6,1,69,10,2993,2,6,5,1,5
2018500283809,2,9,0,18,0,4,1,0,0,0,1,1,5,2,35,6,2200,2,22,7,1,7
2018500283817,1,9,0,16,0,0,2,0,0,0,1,1,5,1,19,4,1229,1,8,8,1,8
2018500283825,1,5,0,9,0,5,0,0,0,0,1,1,6,1,49,8,800,1,40,4,3,4
2018500283825,2,19,0,18,0,1,0,0,0,0,1,1,5,1,68,10,1753,2,14,7,1,7
2018500283846,1,19,0,15,0,0,0,0,0,0,1,1,1,1,48,8,1560,2,4,7,1,7
2018500283984,1,9,0,3,0,4,0,4,0,0,1,1,6,2,61,9,1560,2,3,8,1,8
2018500283984,2,19,0,3,0,4,0,0,0,0,2,1,6,1,61,9,1896,2,20,4,1,4
2018500284098,1,9,0,9,0,0,0,0,0,0,1,1,2,2,19,4,999,1,-1,7,2,7
2018500284162,1,9,0,16,0,0,0,0,0,0,1,1,5,2,26,6,998,1,-1,4,1,4
2018500284162,2,19,0,17,0,0,0,0,0,0,1,1,2,1,40,7,2143,2,2,4,-1,4
2018500284162,3,9,0,16,0,0,0,0,0,0,3,1,2,2,56,9,1598,1,9,6,2,6
2018500284172,1,9,0,18,0,0,0,0,0,0,1,1,6,2,27,6,1968,2,12,5,3,5
2018500284172,2,9,0,18,0,0,0,0,0,0,1,1,6,1,22,5,1896,2,13,5,3,5
2018500284175,1,9,0,18,0,8,0,0,3,0,1,1,5,2,36,7,1753,2,12,2,-1,2
2018500284185,1,19,0,18,0,1,0,0,0,0,1,1,1,1,44,7,1248,2,1,5,1,5
2018500284185,2,9,0,5,0,6,0,0,0,0,1,1,5,1,82,11,1800,1,18,7,3,7
2018500284203,1,9,0,18,0,0,0,0,0,0,1,1,5,2,44,7,1461,2,7,4,3,4
2018500284222,1,5,0,4,0,0,0,0,0,0,1,1,2,1,52,8,1157,1,18,3,2,3
2018500284222,2,20,0,2,0,0,0,0,0,0,0,1,1,1,40,7,2998,2,9,7,3,7
2018500284267,1,19,0,17,0,0,0,0,0,0,1,1,5,1,27,6,1248,2,3,4,1,4
2018500284267,2,9,0,16,0,0,0,0,0,0,3,1,1,1,41,7,1753,2,16,1,1,1
2018500284558,1,9,0,18,0,1,1,0,0,0,1,1,1,1,31,6,-1,-1,-1,9,1,9
2018500284558,2,9,0,4,0,1,0,0,0,0,2,1,5,2,29,6,1896,2,14,5,3,5
2018500284568,1,9,0,17,0,0,0,0,0,0,1,1,6,1,64,9,1560,2,9,3,3,3
2018500284568,2,9,0,16,0,0,0,0,0,0,1,1,6,1,27,6,1587,1,11,5,3,5
2018500284569,1,9,0,18,0,0,0,0,0,0,1,1,5,1,74,10,1497,8,10,7,1,7
2018500284569,2,9,0,4,0,0,0,0,0,0,2,1,5,1,58,9,998,1,4,6,2,6
2018500284569,3,9,0,3,0,0,0,0,0,0,3,1,2,2,49,8,1598,2,3,3,1,3
2018500284579,1,9,0,4,0,1,5,4,0,0,1,1,6,2,52,8,1984,1,17,10,1,10
2018500284579,2,9,0,2,0,2,0,0,0,0,2,1,6,1,-1,-1,1997,2,10,8,1,8
2018500284579,3,9,0,2,0,1,0,0,0,0,1,1,6,2,-1,-1,1968,2,14,8,1,8
2018500284585,1,9,0,4,0,4,0,0,0,0,1,1,5,2,67,10,1086,1,8,6,2,6
2018500284585,2,9,0,18,0,8,0,0,0,0,4,1,5,1,75,10,1951,2,12,5,1,5
2018500284597,1,9,0,6,0,8,0,0,0,0,1,1,5,1,28,6,1986,2,11,1,1,1
2018500284597,2,9,0,18,0,1,0,0,0,0,1,1,1,2,54,8,1582,2,4,4,3,4
2018500284622,1,9,0,16,0,1,0,0,0,0,1,1,5,2,70,10,1499,2,3,8,1,8
2018500284622,2,9,0,16,0,1,0,0,0,0,2,1,5,1,30,6,1229,1,13,8,1,8
2018500284622,3,9,0,16,0,1,0,0,0,0,3,1,5,2,61,9,1560,2,12,5,3,5
2018500284622,4,9,0,16,0,1,0,0,0,0,4,1,5,1,28,6,1998,1,14,3,3,3
2018500284635,1,9,0,9,0,5,0,0,0,0,1,1,2,1,64,9,1587,1,12,7,1,7
2018500284635,2,9,0,18,0,1,0,0,0,0,1,1,1,2,40,7,1149,1,17,6,3,6
2018500284635,3,9,0,18,0,1,0,0,0,0,1,1,6,2,46,8,1461,2,3,6,3,6
2018500284635,4,9,0,3,0,1,0,0,0,0,1,1,6,1,79,11,2231,2,6,6,3,6
2018500284659,1,9,0,18,0,0,0,0,0,0,1,1,6,2,44,7,1995,2,15,5,3,5
2018500284659,2,9,0,18,0,0,0,0,0,0,4,1,6,1,71,10,2400,2,11,8,3,8
2018500284659,3,9,0,18,0,0,0,0,0,0,4,1,6,2,23,5,998,1,3,-1,-1,-1
2018500284670,1,9,0,17,0,1,0,0,0,0,1,1,6,1,81,11,1595,1,3,9,1,9
2018500284670,2,9,0,16,0,1,0,0,0,0,1,1,6,2,67,10,1498,1,1,7,1,7
2018500284671,1,9,0,9,0,1,0,0,0,0,1,1,2,1,53,8,1560,2,9,3,1,3
2018500284671,2,1,0,18,0,1,0,0,0,0,1,1,2,1,62,9,-1,-1,-1,9,1,9
2018500284723,1,9,0,18,0,0,0,0,1,0,1,1,5,1,53,8,1997,2,15,5,2,5
2018500284856,1,9,0,13,0,0,0,0,0,0,2,1,5,1,25,5,1360,1,15,3,2,3
2018500284856,2,9,4,18,0,0,3,0,0,0,1,1,5,2,61,9,3378,1,22,3,3,3
2018500284903,1,5,0,13,0,1,0,0,0,0,1,1,6,1,67,10,1202,1,5,5,1,5
2018500284903,2,9,0,10,0,1,0,0,0,0,3,1,5,1,55,8,1396,1,14,2,1,2
2018500284908,1,9,0,18,0,0,0,0,0,0,1,1,5,2,19,4,1598,1,13,4,1,4
2018500284908,2,9,0,4,0,0,0,0,0,0,1,1,2,2,21,5,1598,1,8,5,3,5
2018500284918,1,9,0,14,0,0,1,0,0,0,1,1,1,1,33,6,1461,2,10,5,3,5
2018500284918,2,19,0,2,0,0,0,0,0,0,2,1,1,1,50,8,2198,2,7,8,1,8
2018500284921,1,19,0,17,0,0,2,10,7,10,1,1,5,1,35,6,1968,2,5,8,1,8
2018500284926,1,3,0,18,0,0,0,0,0,0,1,1,5,1,21,5,124,1,5,2,1,2
2018500284926,2,1,0,18,0,0,0,0,0,0,2,1,1,1,25,5,-1,-1,-1,9,1,9
2018500284930,1,9,0,18,0,0,0,0,1,10,1,1,5,1,27,6,1248,2,10,10,1,10
2018500284930,2,9,0,18,0,0,0,0,1,10,1,1,5,2,28,6,999,1,5,10,1,10
2018500284931,1,9,0,10,0,8,0,0,0,0,4,1,1,2,42,7,1998,1,1,3,1,3
2018500284931,2,1,0,18,0,1,0,0,0,0,1,1,1,1,60,9,-1,-1,-1,5,1,5
2018500284959,1,9,0,5,0,0,0,0,0,0,1,1,5,1,94,11,1149,1,14,2,1,2
2018500284959,2,9,0,18,0,0,0,0,0,0,4,1,5,1,26,6,1984,1,11,6,1,6
2018500284960,1,5,4,16,0,0,0,0,8,0,1,1,5,1,63,9,1170,1,3,5,1,5
2018500284960,2,9,0,17,0,0,0,0,0,0,1,1,5,1,27,6,1560,2,5,3,3,3
2018500284960,3,9,0,16,0,0,0,0,0,0,3,1,5,2,33,6,1995,2,2,6,3,6
2018500284963,1,9,0,9,0,1,0,0,0,0,1,1,1,1,57,9,1149,1,14,2,1,2
2018500284963,2,1,0,18,0,1,0,0,0,0,3,1,5,1,38,7,-1,-1,-1,3,1,3
2018500284979,1,9,0,4,0,0,0,0,0,0,1,1,6,1,20,4,2148,2,14,7,1,7
2018500284979,2,9,0,3,0,0,0,0,0,0,2,1,5,1,31,6,1248,2,5,10,1,10
2018500284979,3,9,0,3,0,0,0,0,0,0,2,1,6,2,33,6,1598,1,12,8,1,8
2018500284985,1,9,0,5,0,1,0,0,0,0,1,1,1,1,38,7,1596,1,18,2,1,2
2018500284985,2,9,0,18,0,1,0,0,0,0,1,1,6,2,30,6,1360,1,12,6,2,6
2018500284992,1,9,0,18,0,0,0,0,0,0,1,1,5,1,20,4,1968,2,1,6,2,6
2018500285011,1,9,0,18,0,0,0,0,0,0,1,1,6,1,19,4,1596,1,16,4,3,4
2018500285011,2,9,0,18,0,0,0,0,0,0,1,1,6,1,45,7,1560,2,11,3,2,3
2018500285011,3,9,0,2,9,0,0,0,0,0,0,1,6,2,36,7,1997,2,13,4,2,4
2018500285316,1,9,0,15,0,0,1,0,0,0,1,1,5,1,20,4,1896,2,11,4,3,4
2018500285316,2,9,0,18,0,0,1,0,0,0,1,1,5,1,25,5,1956,2,7,4,1,4
2018500285316,3,19,0,2,0,0,0,0,0,0,3,1,6,3,-1,-1,2198,2,12,4,3,4
2018500285316,4,19,0,2,0,0,0,0,0,0,3,1,6,3,-1,-1,1997,2,13,-1,-1,-1
2018500285323,1,9,0,18,0,1,0,0,0,0,1,1,6,1,17,4,1753,2,11,5,1,5
2018500285323,2,19,0,9,0,8,0,0,0,0,2,1,6,1,36,7,2402,2,8,4,1,4
2018500285337,1,9,0,18,0,0,0,0,0,0,1,1,5,2,20,4,1364,1,11,5,1,5
2018500285337,2,9,0,4,0,0,0,0,0,0,2,1,5,2,31,6,1995,2,7,6,3,6
2018500285340,1,9,0,18,0,8,0,0,0,0,1,1,5,2,21,5,-1,-1,-1,6,1,6
2018500285340,2,19,0,18,0,8,0,0,0,0,3,1,2,1,54,8,2499,2,4,4,3,4
2018500285358,1,9,0,18,0,0,0,7,0,0,1,1,6,1,32,6,1598,1,15,7,3,7
2018500285358,2,19,0,18,0,0,0,0,0,0,1,1,6,1,28,6,1997,2,14,8,3,8
2018500285378,1,9,0,13,0,0,0,0,0,0,1,1,5,1,49,8,1299,1,11,7,2,7
2018500285378,2,9,0,18,0,0,1,0,0,0,1,1,5,1,39,7,1499,2,5,9,1,9
2018500285379,1,19,0,2,0,1,0,0,0,0,1,1,1,1,55,8,2143,2,4,1,1,1
2018500285379,2,9,0,4,0,1,0,0,0,0,2,1,5,1,29,6,1596,1,16,6,1,6
2018500285394,1,4,0,4,0,1,0,0,0,0,2,1,1,2,31,6,248,1,26,8,1,8
2018500285394,2,9,0,5,0,6,0,0,0,0,1,1,6,2,47,8,1560,2,11,7,1,7
2018500285397,1,9,0,18,0,0,0,11,0,0,3,1,5,1,40,7,1997,2,1,3,1,3
2018500285427,1,9,0,18,0,1,0,0,0,0,1,1,5,1,75,10,2993,2,5,4,1,4
2018500285427,2,9,0,3,0,1,0,0,0,0,4,1,5,2,35,6,1596,1,10,10,3,10