Accident_Index,Vehicle_Reference,Vehicle_Type,Towing_and_Articulation,Vehicle_Manoeuvre,Vehicle_Location-Restricted_Lane,Junction_Location,Skidding_and_Overturning,Hit_Object_in_Carriageway,Vehicle_Leaving_Carriageway,Hit_Object_off_Carriageway,1st_Point_of_Impact,Was_Vehicle_Left_Hand_Drive?,Journey_Purpose_of_Driver,Sex_of_Driver,Age_of_Driver,Age_Band_of_Driver,Engine_Capacity_(CC),Propulsion_Code,Age_of_Vehicle,Driver_IMD_Decile,Driver_Home_Area_Type,Vehicle_IMD_Decile
2018500285455,1,9,0,9,0,1,0,0,0,0,3,1,5,1,69,10,1999,2,2,10,2,10
2018500285455,2,9,0,18,0,1,0,0,0,0,1,1,5,1,71,10,1496,1,-1,9,1,9
2018500285481,1,9,0,18,0,0,0,11,0,0,3,1,6,3,-1,-1,-1,-1,-1,-1,-1,-1
2018500285481,2,21,0,2,0,0,0,0,0,0,0,1,1,1,34,6,4764,2,9,2,2,2
2018500285518,1,9,0,5,0,0,0,4,0,0,0,1,6,2,18,4,1299,1,12,1,1,1
2018500285518,2,9,0,2,0,0,0,0,0,0,0,1,6,2,37,7,1498,1,-1,1,1,1
2018500285692,1,9,0,18,0,1,5,0,0,0,1,1,5,2,73,10,1560,2,14,5,2,5
2018500285692,2,9,0,10,0,1,5,0,0,0,3,1,5,1,60,9,2993,2,1,10,3,10
2018500285692,3,9,0,18,0,1,0,0,0,0,3,1,6,1,64,9,-1,-1,-1,3,3,3
2018500285768,1,9,0,5,0,8,0,0,0,0,4,1,5,1,28,6,1242,1,10,4,3,4
2018500285768,2,9,0,18,0,8,0,0,0,0,1,1,5,2,22,5,1399,2,8,5,1,5
2018500285772,1,9,0,18,0,1,0,0,0,0,1,1,6,2,57,9,1598,1,8,9,1,9
2018500285772,2,9,0,3,0,1,0,0,0,0,2,1,6,1,33,6,1995,2,6,8,1,8
2018500285774,1,5,0,11,0,0,5,0,0,0,1,1,6,1,41,7,900,1,20,7,1,7
2018500285774,2,9,0,11,0,0,0,0,0,0,2,1,6,1,40,7,1997,2,9,9,1,9
2018500285783,1,9,0,14,0,0,1,0,0,0,1,1,6,1,27,6,1600,1,19,4,1,4
2018500285783,2,9,0,18,0,0,0,0,0,0,1,1,6,1,56,9,2179,2,5,4,3,4
2018500285801,1,19,0,18,0,0,2,0,1,0,2,1,6,1,28,6,1998,2,17,7,3,7
2018500285801,2,19,0,18,0,0,0,0,7,0,1,1,6,2,40,7,2461,2,15,9,1,9
2018500285814,1,9,0,18,0,0,0,0,0,0,1,1,6,2,61,9,1461,2,4,6,3,6
2018500285814,2,9,0,3,0,0,0,0,0,0,2,1,6,2,36,7,3200,2,8,8,2,8
2018500285828,1,19,0,18,0,0,1,0,1,0,1,1,5,1,31,6,2198,2,11,4,3,4
2018500285828,2,9,0,4,0,0,0,0,0,0,2,1,5,1,28,6,-1,-1,-1,-1,-1,-1
2018500285828,3,9,0,10,0,0,0,0,7,0,2,1,5,1,44,7,1968,2,7,5,1,5
2018500285855,1,1,0,9,0,8,0,0,0,0,3,1,6,1,66,10,-1,-1,-1,7,2,7
2018500285855,2,9,0,13,0,8,0,0,0,0,4,1,6,2,26,6,1124,1,11,5,1,5
2018500285856,1,19,0,17,0,0,2,0,1,1,1,1,6,1,31,6,1598,2,2,-1,-1,-1
2018500285866,1,9,0,18,0,0,0,0,0,0,1,1,6,2,27,6,2497,2,11,9,3,9
2018500285866,2,19,0,18,0,0,0,0,0,0,2,1,1,1,31,6,1968,2,-1,10,1,10
2018500285871,1,9,0,18,0,0,0,0,0,0,3,1,5,2,59,9,1995,2,11,7,3,7
2018500286028,1,9,0,18,0,0,0,0,0,0,1,1,6,1,52,8,1995,2,1,4,3,4
2018500286028,2,9,0,4,0,0,0,0,0,0,2,1,6,2,48,8,998,1,8,3,3,3
2018500286028,3,9,0,18,0,0,0,0,0,0,1,1,6,1,33,6,1685,2,1,4,2,4
2018500286075,1,9,0,9,0,5,0,0,0,0,4,1,6,2,65,9,2000,2,9,4,3,4
2018500286075,2,5,0,18,0,8,0,0,0,0,1,1,6,1,32,6,988,1,15,4,3,4
2018500286082,1,9,0,18,0,5,1,0,3,0,1,1,5,1,20,4,1799,1,12,2,2,2
2018500286146,1,9,0,9,0,0,0,0,0,0,1,1,2,1,59,9,1591,1,8,3,1,3
2018500286146,2,9,0,18,0,0,0,0,0,0,1,1,2,1,64,9,1910,2,11,3,3,3
2018500286146,3,9,0,18,0,0,0,0,1,0,1,1,2,2,53,8,1997,2,11,3,1,3
2018500286148,1,21,0,11,0,0,0,0,0,0,1,1,6,1,51,8,10837,2,4,2,1,2
2018500286148,2,9,0,18,0,0,0,0,0,0,2,1,6,1,22,5,1975,1,10,3,1,3
2018500286354,1,9,0,9,0,8,0,0,0,0,1,1,6,2,72,10,1150,1,15,3,1,3
2018500286354,2,9,0,18,0,8,0,0,0,0,1,1,6,2,49,8,1598,1,11,5,1,5
2018500286356,1,9,0,9,0,1,0,0,0,0,1,1,3,2,37,7,2967,2,11,3,1,3
2018500286360,1,9,0,5,0,0,0,0,0,0,1,1,6,2,32,6,1596,1,13,8,1,8
2018500286360,2,9,0,3,0,0,0,0,0,0,2,1,5,2,55,8,1896,2,12,8,1,8
2018500286361,1,9,0,4,0,0,0,0,0,0,1,1,6,2,54,8,1753,2,11,3,1,3
2018500286361,2,9,0,4,0,0,0,0,0,0,2,1,6,1,50,8,1499,1,2,3,1,3
2018500286366,1,9,0,17,0,0,1,0,1,0,1,1,5,2,56,9,1590,1,1,5,3,5
2018500286366,2,9,0,16,0,0,1,0,0,0,1,1,5,2,24,5,1798,1,10,8,1,8
2018500286405,1,9,0,17,0,1,5,0,0,0,4,1,6,1,40,7,1560,2,11,4,3,4
2018500286409,1,9,0,4,0,2,0,0,0,0,2,1,5,1,41,7,1364,1,6,6,3,6
2018500286409,2,9,0,4,0,2,0,0,0,0,1,1,5,2,26,6,1598,2,6,9,1,9
2018500286410,1,9,0,5,0,5,0,0,0,0,3,1,5,1,80,11,999,1,3,10,1,10
2018500286410,2,9,0,18,0,1,0,0,0,0,1,1,5,1,77,11,998,1,5,4,3,4
2018500286420,1,9,0,2,0,0,0,0,0,0,1,1,5,2,40,7,1995,2,3,5,3,5
2018500286420,2,9,0,18,0,0,0,0,0,0,1,1,6,3,-1,-1,1988,1,14,-1,-1,-1
2018500286423,1,9,0,18,0,1,0,0,0,0,1,1,6,1,83,11,1598,1,11,7,1,7
2018500286423,2,9,0,3,0,1,0,0,0,0,2,1,6,1,49,8,2435,1,18,9,1,9
2018500286440,1,9,0,16,0,0,5,0,0,0,1,1,2,2,19,4,1242,1,7,5,1,5
2018500286459,1,9,0,16,0,0,0,0,7,0,1,1,2,1,23,5,1598,2,3,2,1,2
2018500286465,1,9,0,5,0,8,0,0,0,0,1,1,6,2,34,6,1968,2,7,3,1,3
2018500286465,2,9,0,18,0,8,0,0,0,0,3,1,6,1,71,10,1398,1,3,3,1,3
2018500286498,1,9,0,17,0,2,0,0,0,0,3,1,5,2,83,11,2184,2,12,5,3,5
2018500286498,2,9,0,16,0,1,0,0,0,0,3,1,5,2,36,7,1968,2,9,6,3,6
2018500286679,1,9,0,9,0,4,0,0,0,0,1,1,6,2,24,5,2179,2,9,3,1,3
2018500286679,2,9,0,7,0,3,0,0,0,0,0,1,6,2,17,4,1242,1,10,2,1,2
2018500286687,1,9,0,18,0,1,1,0,0,0,1,1,5,1,40,7,1339,1,12,1,1,1
2018500286687,2,9,0,4,0,1,0,0,0,0,2,1,5,1,64,9,2143,2,2,10,1,10
2018500286701,1,9,0,16,0,0,2,0,0,0,1,1,2,2,33,6,1398,2,12,6,3,6
2018500286703,1,9,0,18,0,1,0,4,0,0,1,1,6,1,-1,-1,973,1,19,-1,-1,-1
2018500286703,2,9,0,3,0,4,0,0,0,0,2,1,6,2,33,6,1461,2,14,6,1,6
2018500286712,1,9,0,9,0,1,0,0,0,0,1,1,5,1,76,11,1560,2,10,6,3,6
2018500286742,1,9,0,18,0,0,0,0,0,0,1,1,6,1,21,5,1242,1,10,10,1,10
2018500286747,1,9,0,18,0,4,0,0,0,0,1,1,6,2,39,7,2500,2,22,8,3,8
2018500286747,2,9,0,9,0,8,0,0,0,0,1,1,1,1,38,7,1497,8,10,5,1,5
2018500286757,1,9,0,18,0,0,0,4,0,0,4,1,6,1,87,11,1968,2,4,4,1,4
2018500286757,2,9,0,2,0,0,0,0,0,0,3,1,6,2,32,6,1685,2,4,-1,1,-1
2018500286774,1,9,0,18,0,0,0,0,0,0,1,1,5,2,19,4,1149,1,11,8,1,8
2018500286774,2,9,0,4,0,0,0,0,0,0,2,1,5,2,35,6,1560,2,5,7,3,7
2018500286793,1,9,0,5,0,0,0,0,0,0,4,1,5,1,36,7,1596,1,7,9,1,9
2018500287095,1,9,0,18,0,0,0,0,0,0,1,1,2,1,19,4,1590,1,13,9,1,9
2018500287099,1,9,0,17,0,1,0,0,1,11,1,1,5,2,19,4,1388,1,15,4,3,4
2018500287100,1,9,0,18,0,0,0,0,0,0,1,1,1,2,21,5,998,1,7,10,2,10
2018500287113,1,9,0,18,0,0,0,0,0,0,1,1,5,1,20,4,1242,1,14,1,1,1
2018500287123,1,5,0,13,0,1,0,0,0,0,1,1,1,1,47,8,748,1,7,8,1,8
2018500287123,2,9,0,5,0,6,0,0,0,0,3,1,5,1,46,8,-1,-1,-1,7,3,7
2018500287139,1,9,0,16,0,0,2,0,0,0,1,1,6,1,18,4,1400,1,18,4,3,4
2018500287153,1,9,0,17,0,0,1,0,0,0,1,1,6,2,53,8,1368,1,7,4,3,4
2018500287153,2,19,0,16,0,0,1,0,0,0,1,1,1,1,30,6,1560,2,2,4,2,4
2018500287157,1,1,0,13,0,0,0,0,0,0,0,1,5,1,59,9,-1,-1,-1,3,1,3
2018500287157,2,98,0,9,0,0,0,0,0,0,0,1,5,1,51,8,-1,-1,-1,5,3,5
2018500287178,1,9,0,3,0,1,0,0,0,0,1,1,5,2,34,6,1598,2,2,6,3,6
2018500287183,1,8,0,18,0,0,0,0,0,0,1,1,1,1,53,8,1598,2,2,2,3,2
2018500287225,1,1,0,14,3,0,0,0,0,0,1,1,6,1,40,7,-1,-1,-1,5,1,5
2018500287454,1,9,0,18,0,0,5,0,2,0,1,1,6,1,17,4,-1,-1,-1,4,3,4
2018500287457,1,9,0,5,0,8,0,0,0,0,1,1,6,2,32,6,-1,-1,-1,-1,-1,-1
2018500287457,2,9,0,3,0,2,0,0,0,0,2,1,3,2,40,7,1587,1,12,7,2,7
2018500287461,1,9,0,7,0,2,0,0,0,0,0,1,1,1,-1,-1,1686,2,5,4,1,4
2018500287461,2,11,0,18,0,1,1,0,0,0,0,1,1,1,-1,-1,3900,2,16,4,3,4
2018500287477,1,9,0,16,0,0,0,0,1,0,4,1,5,1,21,5,1199,1,14,7,1,7
2018500287490,1,9,0,18,0,0,5,0,0,0,1,1,1,1,20,4,1229,1,5,6,3,6
2018500287506,1,9,0,18,0,0,2,0,0,0,3,1,5,1,37,7,1997,2,18,3,3,3
2018500287508,1,9,0,13,0,0,1,0,0,0,1,1,2,1,31,6,1781,1,17,8,2,8
2018500287508,2,9,0,18,0,0,0,0,0,0,0,1,6,3,-1,-1,1560,2,13,-1,-1,-1
2018500287508,3,9,0,18,0,0,0,0,0,0,0,1,6,3,-1,-1,-1,-1,-1,-1,-1,-1
2018500287512,1,9,0,1,9,5,0,0,0,0,2,1,6,1,-1,-1,-1,-1,-1,-1,-1,-1
2018500287536,1,9,0,17,0,0,1,0,0,0,1,1,6,1,29,6,1910,2,13,2,1,2
2018500287546,1,9,0,5,0,0,0,0,7,0,3,1,5,2,72,10,1968,2,2,4,3,4
2018500287546,2,9,0,18,0,0,0,0,7,0,4,1,5,2,25,5,1397,1,10,4,-1,4
2018500287548,1,9,0,18,0,0,2,11,1,0,2,1,5,2,69,10,1229,1,13,4,2,4
2018500287548,2,9,0,18,0,0,1,0,0,0,1,1,5,1,39,7,2926,2,15,4,2,4
2018500287560,1,3,0,5,0,1,2,0,0,0,0,1,1,2,20,4,124,1,7,4,1,4
2018500287576,1,9,0,17,0,0,5,0,2,11,4,1,5,2,17,4,1598,2,8,6,3,6
2018500287767,1,9,0,18,0,4,0,0,0,0,1,1,5,2,17,4,1395,1,1,3,3,3
2018500287767,2,98,0,18,0,3,0,0,1,0,1,1,5,1,60,9,-1,-1,-1,5,2,5
2018500287770,1,9,0,4,0,6,0,0,0,0,1,1,5,2,27,6,1598,1,10,4,1,4
2018500287770,2,1,0,18,0,1,1,0,0,0,1,1,2,1,18,4,-1,-1,-1,8,2,8
2018500287788,1,9,0,1,0,6,0,0,0,0,0,1,3,2,38,7,998,1,1,4,3,4
2018500287790,1,9,0,9,0,0,0,0,0,0,1,1,6,1,37,7,1395,1,1,4,2,4
2018500287800,1,9,0,9,0,1,0,0,0,0,3,1,5,1,24,5,1560,2,9,7,1,7
2018500287800,2,5,0,14,0,1,0,0,0,0,1,1,5,1,29,6,998,1,8,2,1,2
2018500287814,1,9,0,7,0,5,0,0,0,0,4,1,6,3,-1,-1,-1,-1,-1,-1,-1,-1
2018500287814,2,1,0,18,0,1,0,0,0,0,1,1,6,1,28,6,-1,-1,-1,1,1,1
2018500288155,1,3,0,16,0,0,0,0,7,0,1,1,6,2,18,4,124,1,18,-1,-1,-1
2018500288155,2,9,0,17,0,0,0,0,1,0,1,1,5,2,71,10,2982,2,19,8,1,8
2018500288159,1,9,0,18,0,0,0,0,0,0,1,1,5,2,29,6,1900,2,14,2,1,2
2018500288162,1,9,0,18,0,0,0,0,2,0,1,1,6,1,43,7,3996,1,21,4,2,4
2018500288170,1,9,0,17,0,1,1,0,0,0,1,1,6,1,64,9,1968,2,2,-1,-1,-1
2018500288170,2,9,0,16,0,1,0,0,0,0,1,1,6,1,28,6,1360,1,13,-1,-1,-1
2018500288193,1,1,0,5,0,0,0,0,0,0,4,1,6,1,10,2,-1,-1,-1,2,1,2
2018500288193,2,19,0,18,9,0,0,0,0,0,1,1,6,1,57,9,2198,2,3,3,2,3
2018500288206,1,9,0,9,0,0,0,0,0,0,4,1,6,1,50,8,1349,1,5,9,1,9
2018500288206,2,1,0,18,0,0,5,0,0,0,1,1,6,1,45,7,-1,-1,-1,10,1,10
2018500288212,1,9,0,7,0,6,0,0,0,0,1,1,6,3,-1,-1,-1,-1,-1,-1,-1,-1
2018500288212,2,5,0,18,0,1,5,0,0,0,1,1,6,1,38,7,750,1,21,4,3,4
2018500288215,1,9,0,3,0,0,0,0,0,0,1,1,5,1,18,4,1360,1,9,5,2,5
2018500288215,2,9,0,3,0,0,0,0,0,0,2,1,5,1,56,9,1422,2,10,3,2,3
2018500288216,1,5,0,18,0,1,0,0,0,0,1,1,6,1,71,10,1170,1,14,10,3,10
2018500288216,2,9,0,4,0,1,0,0,0,0,2,1,6,1,35,6,1560,2,2,2,2,2
2018500288227,1,21,0,7,0,5,0,0,0,0,4,1,1,1,50,8,-1,-1,-1,9,2,9
2018500288227,2,5,0,15,0,1,0,0,0,0,1,1,6,1,58,9,998,1,12,6,2,6
2018500288240,1,9,0,18,0,0,0,12,0,0,1,1,5,1,43,7,2926,2,15,5,1,5
2018500288245,1,20,0,17,0,0,0,0,1,0,1,1,1,1,39,7,4250,2,12,3,1,3
2018500288247,1,19,0,9,0,6,0,0,0,0,2,1,6,1,27,6,1995,2,1,-1,-1,-1
2018500288247,2,9,0,3,0,6,0,0,0,0,1,1,6,2,52,8,1360,1,14,8,1,8
2018500288258,1,9,0,17,0,0,2,0,7,0,1,1,6,2,26,6,1995,2,15,3,-1,3
2018500288311,1,9,0,5,0,1,0,0,0,0,1,1,5,2,77,11,998,1,4,6,2,6
2018500288311,2,9,0,4,0,8,0,0,0,0,4,1,5,2,54,8,1364,1,1,4,2,4
2018500288312,1,5,0,16,0,0,0,10,0,0,1,1,2,1,62,9,1584,1,12,9,1,9
2018500288312,2,19,0,15,0,0,0,0,0,0,0,1,2,1,53,8,2496,2,21,3,1,3
2018500288356,1,9,0,4,0,1,0,0,0,0,2,1,6,2,33,6,1686,2,13,1,1,1
2018500288356,2,3,0,4,0,1,1,0,0,0,1,1,6,1,25,5,124,1,1,4,1,4
2018500288376,1,9,0,16,0,0,5,0,1,0,1,1,5,2,61,9,1870,2,12,9,2,9
2018500288571,1,9,0,16,0,0,2,10,1,0,1,1,5,2,21,5,1198,1,15,6,3,6
2018500288581,1,9,0,9,0,1,0,0,0,0,2,1,1,2,44,7,1997,2,8,6,3,6
2018500288581,2,19,0,9,0,1,0,0,0,0,1,1,6,1,35,6,1686,2,14,8,3,8
2018500288583,1,9,0,18,0,0,0,0,1,0,4,1,5,1,69,10,999,1,1,5,2,5
2018500288588,1,5,0,18,0,0,0,0,0,0,0,1,6,1,27,6,1195,1,5,6,1,6
2018500288595,1,9,0,4,0,1,0,0,0,0,1,1,4,1,44,7,2179,2,9,7,3,7
2018500288595,2,9,0,4,0,1,0,0,0,0,2,1,4,1,68,10,1560,2,6,7,1,7
2018500288599,1,9,0,1,0,0,0,0,0,0,2,1,6,1,49,8,2521,1,11,7,1,7
2018500288601,1,11,0,18,0,0,0,0,0,0,1,1,1,1,48,8,4249,2,8,4,1,4
2018500288601,2,9,0,18,0,0,0,0,0,0,1,1,6,1,26,6,1149,1,13,4,3,4
2018500288602,1,21,0,16,0,8,0,0,0,0,1,1,1,1,64,9,6871,2,2,1,1,1
2018500288602,2,21,1,17,0,8,0,0,0,0,1,1,1,1,34,6,10837,2,8,5,2,5
2018500288604,1,9,0,18,0,1,0,0,0,0,1,1,2,1,43,7,1794,1,14,6,1,6
2018500288604,2,3,0,4,0,2,0,0,0,0,4,1,2,1,25,5,125,1,-1,3,1,3
2018500288609,1,3,0,14,0,0,0,0,0,0,1,1,2,1,21,5,124,1,2,9,1,9
2018500288609,2,9,0,5,0,0,0,0,0,0,1,1,5,1,69,10,1596,1,13,6,1,6
2018500288612,1,9,0,18,0,2,0,0,1,0,1,1,1,2,34,6,1910,2,11,4,1,4
2018500288616,1,97,0,9,0,0,0,0,0,0,1,1,6,1,-1,-1,-1,-1,-1,2,1,2
2018500288616,2,9,0,18,0,0,0,0,0,0,0,1,6,1,27,6,1242,1,11,2,1,2
2018500288620,1,9,0,16,0,0,5,0,1,0,1,1,5,2,19,4,1598,1,14,7,1,7
2018500288622,1,9,0,9,0,8,0,0,0,0,1,1,5,1,79,11,2143,2,1,9,3,9
2018500288622,2,3,0,18,0,8,0,0,0,0,1,1,2,1,39,7,599,1,19,5,1,5
2018500288632,1,9,0,17,0,0,1,0,1,0,1,1,2,1,22,5,1995,2,9,3,1,3
2018500288635,1,11,0,18,0,0,0,0,0,0,4,1,1,1,49,8,4500,2,7,3,1,3
2018500288650,1,9,0,16,0,5,0,0,3,1,1,1,5,2,21,5,1200,1,-1,1,-1,1
2018500288668,1,9,0,2,0,0,0,0,0,0,3,1,6,1,30,6,1598,2,3,7,1,7
2018500288668,2,1,0,18,0,0,0,0,0,0,1,1,5,1,48,8,-1,-1,-1,4,1,4
2018500288683,1,9,0,7,0,6,0,0,0,0,3,1,6,2,46,8,1229,1,1,7,3,7
2018500288683,2,3,0,18,0,1,0,0,0,0,1,1,6,1,25,5,124,1,5,4,1,4
2018500288699,1,3,0,18,0,6,1,0,1,10,3,1,6,2,18,4,125,1,4,4,2,4
2018500289284,1,19,0,9,0,2,0,0,0,0,1,1,1,1,29,6,1248,2,2,2,1,2
2018500289284,2,3,0,13,0,1,5,0,0,0,2,1,5,1,20,4,124,1,9,6,3,6
2018500289292,1,9,0,18,0,0,0,0,1,0,4,1,1,2,50,8,1197,1,1,6,1,6
2018500289302,1,9,0,18,0,0,0,4,2,0,1,1,1,2,52,8,1360,1,13,7,1,7
2018500289302,2,9,0,2,0,0,0,0,0,0,3,1,6,2,60,9,-1,-1,-1,3,1,3
2018500289315,1,9,0,3,0,0,0,0,0,0,2,1,6,2,31,6,1329,1,5,5,1,5
2018500289315,2,9,0,3,0,0,0,0,0,0,2,1,6,2,51,8,1598,2,2,9,1,9
2018500289315,3,9,0,4,0,0,0,0,0,0,1,1,6,2,51,8,1598,2,7,9,3,9
2018500289341,1,9,0,18,0,0,0,0,8,0,4,1,5,1,31,6,2494,1,18,1,1,1
2018500289352,1,98,0,18,0,0,0,0,0,0,4,1,6,3,-1,-1,-1,-1,-1,-1,-1,-1
2018500289357,1,3,0,18,0,0,2,0,0,0,3,1,5,2,18,4,125,1,8,4,3,4
2018500289362,1,5,0,4,0,4,2,0,0,0,0,1,6,1,68,10,749,1,28,3,1,3
2018500289365,1,98,0,18,0,1,0,0,0,0,4,1,6,1,71,10,-1,-1,-1,3,1,3
2018500289378,1,9,0,18,0,0,0,0,0,0,1,1,6,3,-1,-1,1398,2,10,-1,-1,-1
2018500289378,2,9,0,18,0,0,0,0,0,0,2,1,5,1,75,10,1229,1,5,3,2,3
2018500289385,1,17,4,9,0,5,0,0,0,0,4,1,1,2,21,5,3387,2,5,4,3,4
2018500289385,2,1,0,18,0,1,0,0,0,0,1,1,6,1,48,8,-1,-1,-1,4,3,4
2018500289423,1,9,0,18,0,0,0,0,0,0,4,1,5,2,85,11,1242,1,5,6,2,6
2018500289442,1,9,0,9,0,1,0,0,0,0,4,1,6,1,77,11,1198,1,11,6,1,6
2018500289442,2,9,0,18,0,1,0,0,0,0,1,1,6,1,72,10,-1,-1,-1,3,3,3
2018500289457,1,9,0,18,0,0,2,0,2,0,1,1,5,1,32,6,1968,2,9,6,2,6
2018500289477,1,19,0,18,0,2,0,0,0,0,3,1,1,1,42,7,2143,2,5,2,1,2
2018500289758,1,9,0,4,0,0,0,0,2,0,2,1,6,1,19,4,1297,1,28,5,2,5
2018500289758,2,9,0,4,0,0,1,0,0,0,1,1,6,2,19,4,1796,1,17,5,2,5
2018500289781,1,1,0,18,0,0,5,0,1,0,0,1,2,1,20,4,-1,-1,-1,8,1,8
2018500289781,2,-1,0,13,0,0,0,0,0,0,3,1,2,1,-1,-1,-1,-1,-1,-1,-1,-1
2018500289785,1,11,0,4,0,0,0,0,0,0,1,1,1,1,47,8,3900,2,12,6,1,6
2018500289785,2,9,0,4,0,0,0,0,0,0,2,1,6,2,45,7,1968,2,8,8,3,8
2018500289785,3,9,0,4,0,0,0,0,0,0,2,1,6,1,31,6,998,1,4,6,3,6
2018500289790,1,9,0,17,0,0,1,0,0,0,1,1,2,1,24,5,-1,-1,-1,6,1,6
2018500289790,2,9,0,18,0,0,0,0,0,0,3,1,2,1,28,6,1998,2,5,4,1,4
2018500289794,1,9,0,18,0,0,0,0,0,0,1,1,6,1,28,6,1560,2,11,1,1,1
2018500289794,2,9,0,3,0,0,0,0,0,0,2,1,1,2,50,8,1560,2,3,8,1,8
2018500289804,1,9,0,18,0,1,0,0,0,0,2,1,6,2,71,10,1598,2,4,10,1,10
2018500289804,2,9,0,18,0,1,0,0,0,0,1,1,6,2,81,11,-1,-1,-1,8,2,8
2018500289804,3,9,0,4,0,1,0,0,0,0,2,1,6,1,70,10,-1,-1,-1,6,1,6
2018500289809,1,11,0,1,3,0,0,0,0,0,2,1,1,1,63,9,3900,2,14,4,1,4
2018500289811,1,3,0,16,0,0,0,0,0,0,4,1,5,2,24,5,125,1,4,3,1,3
2018500289813,1,9,0,11,0,2,0,0,0,0,4,1,6,1,28,6,1968,2,10,1,1,1
2018500289813,2,4,0,18,0,2,0,0,0,0,3,1,6,1,34,6,373,1,1,7,1,7
2018500289814,1,3,0,17,0,3,0,10,0,0,1,1,5,1,22,5,124,1,8,6,1,6
2018500289824,1,21,0,13,0,0,0,0,0,0,0,1,6,1,32,6,-1,-1,-1,4,1,4
2018500289824,2,11,0,4,0,0,0,0,0,0,0,1,1,1,48,8,9000,2,3,5,1,5
2018500289826,1,19,0,5,0,8,0,0,0,0,1,1,6,1,54,8,2198,2,3,2,3,2
2018500289826,2,3,0,4,0,8,0,0,0,0,4,1,6,1,45,7,124,1,10,4,1,4
2018500289833,1,3,0,16,0,0,0,0,0,0,1,1,5,1,23,5,124,1,17,5,1,5
2018500289833,2,9,0,17,0,0,0,0,0,0,1,1,6,3,-1,-1,-1,-1,-1,-1,-1,-1
2018500289835,1,9,0,4,0,0,5,0,0,0,1,1,2,1,43,7,1781,1,17,6,1,6
2018500289835,2,9,0,18,0,0,0,0,0,0,2,1,5,2,49,8,1248,2,10,8,1,8
2018500289835,3,19,0,18,0,0,0,0,0,0,3,1,1,1,33,6,2198,2,4,8,1,8
2018500289835,4,9,0,4,0,0,0,0,0,0,2,1,5,2,37,7,1956,2,6,9,3,9
2018500289843,1,19,0,5,0,8,0,0,0,0,1,1,1,1,57,9,1560,2,11,4,3,4
2018500289843,2,9,0,18,0,8,5,0,7,10,1,1,1,1,30,6,1951,2,13,4,3,4
2018500289850,1,9,0,1,0,0,0,0,0,0,2,1,3,3,-1,-1,-1,-1,-1,-1,-1,-1
2018500289859,1,9,0,17,0,0,0,0,1,0,1,1,5,2,30,6,1997,2,15,8,3,8
2018500289859,2,9,0,16,0,0,0,0,7,0,1,1,5,1,39,7,1997,2,1,7,1,7
2018500289867,1,19,1,17,0,8,3,0,0,0,1,1,1,1,62,9,-1,-1,-1,8,1,8
2018500289867,2,9,0,17,0,8,0,0,0,0,3,1,5,1,69,10,-1,-1,-1,6,1,6
2018500289869,1,3,0,18,0,1,0,0,0,0,3,1,2,1,21,5,124,1,6,6,3,6
2018500289869,2,98,0,18,0,1,0,0,0,0,4,1,2,1,38,7,-1,-1,-1,8,1,8
2018500289872,1,3,0,18,0,0,0,0,0,0,1,1,5,1,17,4,125,1,3,6,3,6
2018500289874,1,9,0,18,0,2,5,10,0,0,1,1,6,2,77,11,1598,1,1,2,1,2
2018500289897,1,9,0,9,0,6,0,0,0,0,1,1,5,2,35,6,1968,2,14,2,3,2
2018500289898,1,9,0,18,0,0,0,0,0,0,1,1,5,2,53,8,1596,1,3,2,1,2
2018500289898,2,9,0,10,0,0,0,0,0,0,2,1,5,1,53,8,1896,2,15,5,1,5
2018500289908,1,9,0,18,0,8,0,0,0,0,1,1,5,1,81,11,1086,1,16,6,3,6
2018500289908,2,9,0,9,0,8,0,0,0,0,1,1,3,2,38,7,1968,2,3,5,3,5
2018500289913,1,9,0,1,0,0,0,0,0,0,2,1,6,1,23,5,1975,1,10,9,1,9
2018500289950,1,9,0,18,0,1,0,0,0,0,3,1,5,2,24,5,1896,2,15,7,2,7
2018500290082,1,9,0,16,0,0,0,0,0,0,1,1,5,1,68,10,2151,2,18,3,3,3
2018500290082,2,9,0,17,0,0,0,0,0,0,1,1,5,1,58,9,1598,1,10,8,1,8
2018500290082,3,9,0,17,0,0,0,0,0,0,1,1,5,1,42,7,899,1,4,8,1,8
2018500290233,1,9,0,1,0,0,0,0,0,0,2,1,6,1,-1,-1,1997,2,13,-1,-1,-1
2018500290233,2,3,0,2,0,0,0,0,0,0,1,1,5,1,18,4,124,1,22,4,2,4
2018500290276,1,3,0,3,0,4,5,0,0,0,2,1,6,1,21,5,125,1,3,3,1,3
2018500290276,2,9,0,18,0,4,0,0,0,0,1,1,6,3,-1,-1,2720,2,13,-1,-1,-1
2018500290312,1,9,0,17,7,0,0,12,0,0,3,1,6,3,-1,-1,1242,1,6,-1,-1,-1
2018500290491,1,9,0,18,0,0,1,0,7,0,4,1,6,2,32,6,1396,1,17,6,2,6
2018500290494,1,9,0,18,0,0,0,0,1,0,1,1,5,1,67,10,1242,1,7,5,3,5