Accident_Index,Vehicle_Reference,Vehicle_Type,Towing_and_Articulation,Vehicle_Manoeuvre,Vehicle_Location-Restricted_Lane,Junction_Location,Skidding_and_Overturning,Hit_Object_in_Carriageway,Vehicle_Leaving_Carriageway,Hit_Object_off_Carriageway,1st_Point_of_Impact,Was_Vehicle_Left_Hand_Drive?,Journey_Purpose_of_Driver,Sex_of_Driver,Age_of_Driver,Age_Band_of_Driver,Engine_Capacity_(CC),Propulsion_Code,Age_of_Vehicle,Driver_IMD_Decile,Driver_Home_Area_Type,Vehicle_IMD_Decile
2018500290500,1,9,0,5,4,1,0,0,0,0,1,1,1,1,61,9,1198,1,1,9,1,9
2018500290500,2,1,0,18,4,8,0,0,0,0,3,1,2,1,27,6,-1,-1,-1,8,1,8
2018500290512,1,9,0,18,0,1,0,0,0,0,1,1,6,3,-1,-1,-1,-1,-1,-1,-1,-1
2018500290512,2,9,0,18,0,1,0,0,0,0,2,1,6,1,57,9,1124,1,17,3,3,3
2018500290634,1,9,0,13,0,0,0,0,0,0,1,1,6,1,49,8,1997,1,13,5,1,5
2018500290634,2,9,0,18,0,0,0,0,0,0,1,1,6,1,21,5,1198,1,16,3,2,3
2018500290642,1,9,0,18,0,0,1,0,0,0,1,1,1,1,34,6,1499,1,2,4,2,4
2018500290642,2,9,0,18,0,0,0,0,0,0,1,1,1,1,46,8,-1,-1,-1,4,3,4
2018500290644,1,9,0,4,0,0,1,0,0,0,1,1,5,2,29,6,-1,-1,-1,6,3,6
2018500290644,2,90,0,16,0,0,2,0,0,0,1,1,5,1,35,6,234,1,13,6,3,6
2018500290646,1,9,0,18,0,0,0,0,0,0,3,1,5,2,22,5,1398,1,3,4,2,4
2018500290666,1,9,0,18,0,0,2,0,2,9,1,1,5,2,55,8,1560,2,8,7,3,7
2018500290683,1,9,0,9,0,1,0,0,0,0,0,1,6,3,-1,-1,-1,-1,-1,-1,-1,-1
2018500290776,1,9,0,12,0,0,0,0,7,0,2,1,6,1,66,10,1998,1,20,5,2,5
2018500290776,2,9,0,16,0,0,0,0,2,0,2,1,6,2,62,9,1560,2,5,6,1,6
2018500290776,3,9,0,16,0,0,0,0,2,0,1,1,6,2,26,6,1248,2,9,3,1,3
2018500290995,1,9,0,11,0,0,0,0,0,0,4,1,1,2,46,8,1560,2,10,5,1,5
2018500290995,2,98,0,13,0,0,0,0,0,0,1,1,1,1,62,9,-1,-1,-1,-1,-1,-1
2018500291016,1,3,0,5,0,0,1,0,0,0,2,1,5,1,66,10,124,1,5,4,1,4
2018500291016,2,9,0,18,0,0,1,0,0,0,1,1,5,1,40,7,1968,2,6,5,3,5
2018500291059,1,9,0,18,0,0,2,0,1,9,1,1,1,2,61,9,1422,2,9,8,2,8
2018500291060,1,9,0,18,9,0,0,0,1,0,1,1,1,1,30,6,1896,2,12,2,1,2
2018500291060,2,9,0,4,9,0,0,0,1,11,4,1,5,2,37,7,1998,1,14,4,1,4
2018500291132,1,9,0,13,0,4,0,9,8,6,3,1,5,1,20,4,995,1,14,7,3,7
2018500291163,1,9,0,18,0,0,0,0,0,0,1,1,5,1,80,11,1968,2,8,6,2,6
2018500291309,1,9,0,18,0,0,0,0,0,0,0,1,6,2,19,4,1360,1,7,7,3,7
2018500291309,2,9,0,18,0,0,0,0,0,0,0,1,6,1,-1,-1,2000,2,12,4,3,4
2018500291309,3,9,0,18,0,0,0,0,0,0,2,1,6,1,29,6,1197,1,1,1,1,1
2018500291309,4,5,0,18,0,0,2,0,0,0,1,1,6,1,61,9,1137,1,12,4,1,4
2018500291309,5,9,0,18,0,0,0,0,0,0,1,1,6,2,43,7,2204,2,13,4,1,4
2018500291309,6,9,0,18,0,0,0,0,0,0,1,1,6,1,23,5,1984,1,18,3,2,3
2018500291309,7,9,0,2,0,0,0,0,0,0,0,1,6,1,36,7,1896,2,13,3,3,3
2018500291309,8,19,0,18,0,0,0,0,0,0,0,1,6,1,24,5,1560,2,3,5,2,5
2018500291403,1,9,0,18,0,1,0,0,0,0,1,1,6,1,56,9,-1,-1,-1,10,2,10
2018500291403,2,9,0,3,0,8,0,0,0,0,2,1,6,2,22,5,1870,2,13,4,1,4
2018500291407,1,9,0,16,0,0,0,0,0,0,1,1,6,1,49,8,3123,1,12,5,1,5
2018500291407,2,9,0,17,0,0,0,0,0,0,1,1,6,2,55,8,875,1,2,6,2,6
2018500291408,1,19,0,9,0,5,0,0,0,0,1,1,6,1,31,6,1997,2,1,6,3,6
2018500291408,2,9,0,18,0,1,0,0,0,0,1,1,6,1,33,6,1198,1,12,8,1,8
2018500291413,1,9,0,17,0,0,0,0,1,0,1,1,6,2,33,6,1587,1,21,3,2,3
2018500291415,1,9,0,18,0,0,0,0,0,0,2,1,5,1,33,6,2183,2,6,2,1,2
2018500291416,1,1,0,18,0,0,0,0,1,11,1,1,5,1,35,6,-1,-1,-1,2,1,2
2018500291417,1,9,0,17,0,1,1,0,2,0,1,1,5,1,24,5,1248,2,8,1,1,1
2018500291426,1,9,0,18,0,0,0,0,0,0,1,1,1,2,24,5,998,1,5,4,1,4
2018500291426,2,9,0,18,0,0,0,0,0,0,2,1,1,1,54,8,2979,1,3,7,1,7
2018500291431,1,9,0,9,0,8,0,0,0,0,1,1,6,1,26,6,-1,-1,-1,1,1,1
2018500291431,2,9,0,18,0,1,0,0,0,0,1,1,1,2,35,6,1988,1,15,2,1,2
2018500291432,1,9,0,18,0,0,5,0,2,0,4,1,5,1,26,6,1781,1,17,10,1,10
2018500291432,2,9,0,18,0,0,0,0,0,0,0,1,5,1,75,10,1390,1,5,4,1,4
2018500291461,1,9,0,7,0,8,0,0,0,0,4,1,6,2,34,6,2457,1,10,5,2,5
2018500291461,2,9,0,18,0,8,0,0,0,0,1,1,6,1,58,9,1240,1,13,2,2,2
2018500291475,1,9,0,1,0,0,0,0,0,0,2,1,5,1,42,7,2204,2,11,4,1,4
2018500291476,1,9,0,9,0,5,0,0,0,0,0,1,5,1,55,8,1969,2,1,8,1,8
2018500291476,2,5,0,18,0,1,0,0,3,2,1,1,5,1,31,6,636,1,5,4,1,4
2018500291507,1,9,0,16,0,0,0,0,0,0,1,1,6,2,35,6,1398,1,5,3,1,3
2018500291507,2,9,0,17,0,0,0,0,0,0,1,1,6,2,-1,-1,1198,1,8,6,1,6
2018500291595,1,9,-1,17,0,0,2,0,1,0,4,1,6,3,-1,-1,2497,2,21,-1,-1,-1
2018500291795,1,1,0,4,0,0,0,0,0,0,0,1,1,1,47,8,-1,-1,-1,2,1,2
2018500291795,2,9,0,4,0,0,0,0,0,0,0,1,6,3,-1,-1,-1,-1,-1,-1,-1,-1
2018500291836,1,9,0,4,0,1,0,0,0,0,1,1,2,1,82,11,1400,1,11,6,3,6
2018500292233,1,1,0,18,0,1,0,0,0,0,1,1,6,1,44,7,-1,-1,-1,2,2,2
2018500292233,2,9,0,18,0,1,0,0,0,0,3,1,6,1,38,7,2179,2,9,4,1,4
2018500292235,1,9,0,9,0,2,0,0,0,0,3,1,6,1,50,8,1461,2,5,4,1,4
2018500292235,2,9,0,18,0,1,0,0,0,0,4,1,6,2,24,5,1240,1,16,1,1,1
2018500292242,1,9,0,7,0,6,0,0,0,0,1,1,6,1,53,8,2720,2,11,5,1,5
2018500292242,2,3,0,18,0,1,0,0,0,0,1,1,6,1,63,9,125,1,3,3,1,3
2018500292246,1,9,0,18,0,0,2,0,5,0,1,1,6,2,29,6,1598,1,10,3,1,3
2018500292246,2,9,0,18,0,0,0,0,0,0,4,1,5,1,52,8,1596,1,7,9,1,9
2018500292260,1,9,0,9,0,1,0,0,0,0,2,1,6,1,33,6,-1,-1,-1,9,1,9
2018500292260,2,9,0,18,0,1,0,0,0,0,1,1,6,2,54,8,1197,1,1,2,1,2
2018500292264,1,9,0,18,0,1,0,0,0,0,1,1,3,2,66,10,1968,2,3,8,1,8
2018500292268,1,9,0,8,0,0,0,0,0,0,1,1,6,1,29,6,2148,2,11,4,1,4
2018500292268,2,9,0,8,0,0,0,0,0,0,2,1,2,2,43,7,999,1,11,4,3,4
2018500292272,1,9,0,18,0,0,0,0,0,0,1,1,6,2,75,10,1991,1,2,4,3,4
2018500292273,1,9,0,18,0,1,0,0,0,0,4,1,5,2,45,7,1248,1,4,5,1,5
2018500292277,1,9,0,17,0,0,0,0,1,2,4,1,6,1,19,4,1199,1,15,4,3,4
2018500292291,1,9,0,9,0,6,0,0,0,0,1,1,5,1,83,11,2198,2,10,6,3,6
2018500292291,2,5,0,18,0,1,0,0,0,0,1,1,5,1,37,7,749,1,26,8,1,8
2018500292313,1,9,0,18,0,0,0,0,0,0,1,1,6,2,55,8,1399,2,16,5,3,5
2018500292605,1,3,0,18,0,0,0,0,0,0,1,1,5,1,33,6,124,1,4,2,1,2
2018500292605,2,1,0,18,0,0,0,0,0,0,1,1,6,1,18,4,-1,-1,-1,5,1,5
2018500292605,3,1,0,18,0,0,0,0,0,0,1,1,6,1,19,4,-1,-1,-1,1,1,1
2018500292623,1,9,0,18,0,8,0,0,0,0,1,1,5,2,51,8,998,1,2,7,1,7
2018500292623,2,9,0,5,0,6,0,0,0,0,1,1,5,2,73,10,996,1,4,3,1,3
2018500292630,1,90,0,18,0,0,0,0,0,0,4,1,5,2,23,5,633,1,13,4,3,4
2018500292644,1,3,0,4,0,4,1,0,0,0,1,1,2,1,19,4,124,1,6,7,1,7
2018500292644,2,9,0,9,0,4,0,0,0,0,2,1,5,2,20,4,-1,-1,-1,4,1,4
2018500292647,1,9,0,9,0,8,0,0,0,0,1,1,5,1,59,9,1794,1,13,2,1,2
2018500292647,2,9,0,18,0,4,0,0,0,0,1,1,5,1,21,5,1242,1,10,2,1,2
2018500292671,1,19,0,17,0,0,0,0,2,0,4,1,5,1,56,9,1248,2,6,5,2,5
2018500292702,1,9,0,5,0,0,0,0,0,0,1,1,2,2,53,8,998,1,9,4,1,4
2018500292702,2,3,0,18,0,0,0,0,0,0,4,1,2,1,17,4,125,1,3,1,1,1
2018500292794,1,9,0,16,0,0,0,0,0,0,4,1,5,1,82,11,898,1,-1,6,1,6
2018500293044,1,3,0,18,0,0,1,0,0,0,1,1,6,1,31,6,124,1,30,3,3,3
2018500293044,2,9,0,3,0,0,0,0,0,0,2,1,5,1,67,10,1461,2,5,4,2,4
2018500293077,1,9,0,18,0,0,1,0,0,0,3,1,2,1,18,4,1149,1,18,8,1,8
2018500293077,2,9,0,18,0,0,1,0,0,0,3,1,1,2,66,10,-1,-1,-1,5,3,5
2018500293087,1,9,0,5,0,6,0,0,3,10,3,1,4,2,20,4,998,1,10,6,3,6
2018500293087,2,9,0,18,0,1,0,0,1,0,1,1,2,1,43,7,1968,2,11,3,3,3
2018500293092,1,9,0,9,0,1,0,0,0,0,1,1,6,2,45,7,1595,1,17,2,1,2
2018500293092,2,9,0,18,0,1,0,0,0,0,4,1,3,2,32,6,1560,2,13,1,1,1
2018500293092,3,9,0,18,0,1,0,0,0,0,0,1,1,1,49,8,1598,2,3,4,1,4
2018500293124,1,9,0,5,0,0,0,0,0,0,1,1,5,2,42,7,1998,2,9,6,1,6
2018500293132,1,21,0,18,0,0,0,0,0,0,4,1,1,1,54,8,6692,2,7,6,1,6
2018500293144,1,9,0,18,0,4,0,0,0,0,1,1,6,1,26,6,1896,2,9,5,2,5
2018500293144,2,9,0,18,0,4,0,0,0,0,3,1,5,2,35,6,1998,1,2,8,1,8
2018500293159,1,9,0,16,0,0,1,0,0,0,1,1,5,1,24,5,1242,1,18,2,2,2
2018500293159,2,9,0,17,0,0,0,0,0,0,1,1,5,2,38,7,1360,1,11,4,3,4
2018500293165,1,19,0,18,0,0,0,0,0,0,4,1,6,3,-1,-1,-1,-1,-1,-1,-1,-1
2018500293189,1,9,0,16,0,0,0,0,0,0,1,1,6,1,25,5,1968,2,8,5,2,5
2018500293189,2,9,0,18,0,0,0,0,0,0,3,1,6,2,62,9,999,1,3,9,2,9
2018500293189,3,9,0,18,0,0,0,0,1,11,1,1,6,2,30,6,1796,1,10,9,2,9
2018500293189,4,9,0,18,0,0,0,0,0,0,1,1,6,1,22,5,1895,1,19,5,1,5
2018500293197,1,9,0,18,0,0,0,0,0,0,1,1,2,2,64,9,1299,1,11,4,2,4
2018500293226,1,9,0,1,0,0,0,0,0,0,2,1,5,2,37,7,1868,2,15,-1,-1,-1
2018500293245,1,9,0,13,0,0,0,0,0,0,4,1,6,3,-1,-1,-1,-1,-1,-1,-1,-1
2018500293245,2,1,0,18,0,0,0,0,1,0,1,1,2,1,34,6,-1,-1,-1,9,1,9
2018500293260,1,9,0,18,0,1,0,0,0,0,1,1,6,2,65,9,1242,1,4,6,1,6
2018500293260,2,19,0,18,0,1,0,0,0,0,1,1,1,1,76,11,1968,2,2,3,1,3
2018500293280,1,9,0,5,0,4,0,0,0,0,1,1,6,1,54,8,1596,1,16,5,1,5
2018500293280,2,3,0,5,0,4,2,0,0,0,1,1,6,1,17,4,124,1,4,4,1,4
2018500293286,1,9,0,17,0,0,2,0,1,0,1,1,5,1,83,11,1390,1,12,4,3,4
2018500293399,1,9,0,16,0,0,0,0,0,0,3,1,6,1,27,6,1598,1,16,3,1,3
2018500293399,2,21,1,17,0,0,0,0,0,0,3,1,1,1,52,8,15607,2,9,-1,1,-1
2018500293425,1,9,0,18,0,0,0,0,1,11,1,1,2,1,33,6,1242,1,5,8,2,8
2018500293425,2,19,0,18,0,0,0,0,0,0,1,1,6,1,36,7,1968,2,7,7,2,7
2018500293439,1,19,0,13,0,0,0,0,0,0,1,1,6,1,27,6,2198,2,2,4,2,4
2018500293439,2,98,0,16,0,0,0,0,0,0,2,1,2,1,44,7,-1,-1,-1,5,3,5
2018500293439,3,9,0,16,0,0,0,0,0,0,2,1,5,1,81,11,1248,1,4,7,1,7
2018500293500,1,9,0,18,0,0,0,0,7,10,1,1,5,1,83,11,1995,2,2,5,3,5
2018500293503,1,9,0,18,0,0,0,0,0,0,1,1,5,1,17,4,1390,1,10,7,2,7
2018500293503,2,11,0,18,0,0,0,0,0,0,1,1,5,1,76,11,11967,2,10,6,1,6
2018500293527,1,5,0,4,0,0,0,0,0,0,0,1,5,1,71,10,1298,1,3,2,1,2
2018500293531,1,19,0,7,0,2,0,0,0,0,4,1,1,1,29,6,2143,2,1,10,2,10
2018500293533,1,9,0,9,0,1,0,0,0,0,0,1,6,1,39,7,1172,1,-1,5,1,5
2018500293533,2,5,0,3,0,1,0,0,0,0,1,1,5,1,31,6,749,1,13,6,1,6
2018500293543,1,20,1,12,0,0,0,0,0,0,0,1,6,3,-1,-1,-1,-1,-1,-1,-1,-1
2018500293543,2,9,0,13,0,0,0,0,0,0,0,1,5,2,31,6,1395,1,1,-1,-1,-1
2018500293551,1,5,0,4,0,0,5,0,0,0,1,1,5,1,70,10,844,1,43,4,3,4
2018500293643,1,9,0,5,0,0,0,0,0,0,1,1,1,2,40,7,1328,1,12,7,1,7
2018500293860,1,8,0,7,0,4,0,0,0,0,1,1,6,3,-1,-1,-1,-1,-1,-1,-1,-1
2018500293860,2,1,0,18,0,8,0,0,0,0,1,1,4,1,14,3,-1,-1,-1,2,1,2
2018500293873,1,19,0,1,0,0,0,0,0,0,2,1,6,1,51,8,2198,2,5,5,3,5
2018500293873,2,3,0,3,0,0,5,0,0,0,1,1,6,1,17,4,124,1,10,6,3,6
2018500293879,1,9,0,18,0,1,0,0,0,0,1,1,6,2,44,7,1997,1,14,5,1,5
2018500293908,1,9,0,18,0,0,0,0,0,0,1,1,5,2,75,10,1598,1,9,7,3,7
2018500293908,2,9,0,18,0,0,0,0,1,0,1,1,5,2,51,8,1242,1,8,5,1,5
2018500293918,1,9,0,18,0,1,0,0,0,0,1,1,5,2,86,11,1240,1,8,5,3,5
2018500293918,2,9,0,18,0,1,0,0,0,0,1,1,5,2,28,6,1598,1,12,8,3,8
2018500293929,1,9,0,18,0,1,0,0,0,0,1,1,5,1,34,6,1598,1,16,2,1,2
2018500294007,1,9,0,18,0,1,0,0,0,0,1,1,6,2,50,8,999,1,2,9,1,9
2018500294007,2,9,0,3,0,1,0,0,0,0,2,1,1,2,25,5,1995,2,8,8,1,8
2018500294345,1,9,0,4,0,0,0,0,8,0,1,1,5,1,72,10,1596,1,13,4,3,4
2018500294345,2,9,0,4,0,0,0,0,0,0,1,1,5,1,58,9,998,1,2,5,2,5
2018500294354,1,19,0,17,0,0,1,10,0,0,3,1,1,1,61,9,1968,2,3,3,1,3
2018500294354,2,19,0,17,0,0,2,0,4,4,1,1,1,1,46,8,1461,2,6,6,2,6
2018500294358,1,21,0,16,0,0,0,0,0,0,1,1,1,1,30,6,11705,2,11,2,1,2
2018500294358,2,11,0,16,0,0,1,0,5,0,2,1,5,1,32,6,2400,2,16,7,1,7
2018500294358,3,21,0,18,0,0,0,0,0,0,2,1,1,1,58,9,12777,2,4,5,1,5
2018500294364,1,9,0,18,0,0,0,0,1,0,1,1,2,1,28,6,2000,2,13,5,2,5
2018500294364,2,9,0,4,0,0,0,0,0,0,2,1,2,1,38,7,-1,-1,-1,4,1,4
2018500294364,3,9,0,3,0,0,0,0,0,0,2,1,5,1,36,7,1997,2,14,5,2,5
2018500294364,4,9,0,3,0,0,0,0,0,0,3,1,5,1,62,9,1896,2,11,3,2,3
2018500294364,5,9,0,3,0,0,0,0,0,0,2,1,5,2,20,4,1598,1,8,5,2,5
2018500294377,1,2,0,17,7,0,1,0,0,0,4,1,5,1,18,4,49,1,7,4,3,4
2018500294377,2,9,0,2,6,0,0,0,0,0,3,1,5,1,61,9,1582,2,1,6,3,6
2018500294377,3,9,0,2,6,0,0,0,0,0,1,1,5,2,22,5,1149,1,15,6,3,6
2018500294381,1,9,0,17,0,0,0,0,0,0,3,1,1,1,32,6,1870,2,12,2,1,2
2018500294381,2,9,0,2,0,0,0,0,0,0,3,1,5,2,25,5,1396,1,14,1,1,1
2018500294381,3,9,0,2,0,0,0,0,0,0,3,1,5,2,22,5,1390,1,4,1,1,1
2018500294392,1,9,0,1,0,8,0,0,0,0,2,1,1,1,36,7,1461,2,4,8,2,8
2018500294403,1,19,0,18,0,0,0,0,0,0,1,1,1,1,37,7,2143,2,2,2,3,2
2018500294403,2,9,0,4,0,0,0,0,0,0,2,1,5,1,59,9,1596,1,9,9,1,9
2018500294403,3,9,0,4,0,0,0,0,0,0,2,1,5,1,33,6,1598,2,1,4,3,4
2018500294421,1,9,0,18,0,0,5,0,0,0,4,1,6,2,45,7,1598,1,12,6,2,6
2018500294432,1,9,0,9,0,8,0,0,0,0,1,1,5,1,82,11,1240,1,9,5,1,5
2018500294432,2,1,0,18,0,1,1,0,0,0,1,1,5,1,31,6,-1,-1,-1,8,2,8
2018500294483,1,9,0,18,0,1,1,0,0,0,4,1,5,1,69,10,989,1,8,7,3,7
2018500294483,2,9,0,18,0,1,5,0,0,0,1,1,5,1,19,4,1796,1,12,7,1,7
2018500294498,1,9,0,18,0,0,2,0,1,0,1,1,5,1,28,6,1388,1,10,4,1,4
2018500294517,1,9,0,18,0,0,1,0,1,0,1,1,6,1,86,11,1248,2,7,7,1,7
2018500294517,2,9,0,18,0,0,1,0,0,0,1,1,6,1,19,4,1686,2,11,5,3,5
2018500294539,1,9,0,16,0,0,0,0,0,0,3,1,2,2,38,7,1560,2,10,5,1,5
2018500294539,2,9,0,12,0,0,0,0,0,0,4,1,2,2,27,6,1587,1,12,5,1,5
2018500294539,3,9,0,16,0,0,0,0,0,0,1,1,2,1,52,8,1997,2,11,7,1,7
2018500294598,1,4,0,16,0,0,1,0,0,0,1,1,2,1,36,7,598,1,22,1,1,1
2018500294598,2,9,0,17,0,0,0,0,0,0,1,1,3,2,43,7,-1,3,1,2,1,2
2018500294649,1,9,0,18,0,0,0,0,0,0,4,1,5,1,25,5,-1,-1,-1,3,1,3
2018500294734,1,9,0,9,0,5,0,0,0,0,1,1,5,1,78,11,1999,1,16,8,2,8
2018500294734,2,9,0,18,0,1,0,0,0,0,1,1,5,1,40,7,1995,2,15,6,3,6
2018500294805,1,1,0,18,0,0,0,0,0,0,1,1,6,1,44,7,-1,-1,-1,3,1,3
2018500294805,2,9,0,4,0,0,0,0,0,0,0,1,6,1,65,9,1753,2,8,7,1,7
2018500294806,1,5,0,17,0,0,1,0,1,0,4,1,5,1,28,6,600,1,19,7,1,7
2018500294814,1,9,0,10,0,1,0,0,0,0,3,1,1,2,37,7,1198,1,11,3,1,3
2018500294814,2,5,0,5,0,1,0,0,0,0,4,1,1,1,51,8,998,1,20,1,1,1
2018500294815,1,9,0,17,0,0,0,0,1,0,4,1,5,2,68,10,1461,2,5,5,3,5
2018500294819,1,19,0,18,0,0,0,0,0,0,1,1,5,1,34,6,1896,2,13,5,3,5
2018500294819,2,19,0,4,0,0,0,0,0,0,2,1,5,1,56,9,2459,2,19,2,2,2
2018500294819,3,9,0,4,0,0,0,0,0,0,2,1,5,2,21,5,1149,1,15,2,2,2
2018500294819,4,9,0,4,0,0,0,0,0,0,2,1,5,1,68,10,2198,2,12,3,1,3
2018500294819,5,9,0,4,0,0,0,0,0,0,2,1,5,1,64,9,1560,2,6,4,3,4
2018500294826,1,9,0,1,0,0,0,0,0,0,2,1,5,1,29,6,2720,2,13,8,1,8
2018500294830,1,9,0,15,0,0,0,0,0,0,4,1,6,1,34,6,-1,-1,-1,7,1,7
2018500294831,1,19,0,18,0,8,1,0,0,0,4,1,1,1,34,6,-1,3,3,7,2,7
2018500294848,1,9,0,16,0,0,2,0,8,10,1,1,5,1,32,6,1968,2,2,4,1,4
2018500294848,2,9,0,18,0,0,0,0,0,0,0,1,5,1,-1,-1,2993,2,4,-1,-1,-1
2018500294852,1,9,0,17,0,0,0,0,0,0,1,1,5,1,25,5,1149,1,12,5,3,5
2018500294852,2,9,0,16,0,0,0,0,0,0,1,1,5,1,47,8,1686,2,12,5,2,5
2018500294856,1,9,0,5,0,1,0,7,3,11,1,1,5,2,72,10,1600,1,13,7,3,7
2018500294859,1,9,0,18,0,0,1,0,0,0,1,1,6,1,22,5,1590,1,20,5,3,5
2018500294859,2,9,0,9,0,0,0,0,0,0,3,1,6,2,26,6,1900,2,11,5,3,5
2018500294867,1,9,0,18,0,0,0,0,0,0,1,1,1,1,55,8,2993,2,2,8,3,8
2018500294867,2,9,0,10,0,0,0,0,0,0,3,1,5,2,61,9,1998,1,2,6,3,6
2018500294871,1,9,0,17,0,0,5,10,1,11,1,1,5,1,17,4,1390,1,14,5,2,5
2018500294875,1,9,0,5,0,1,0,0,0,0,1,1,1,1,69,10,1984,2,8,5,1,5
2018500294875,2,9,0,18,0,1,0,0,0,0,3,1,6,2,41,7,1397,1,9,9,1,9
2018500294885,1,9,0,18,0,8,0,0,0,0,1,1,5,2,46,8,1499,1,2,5,-1,5
2018500294885,2,19,0,5,0,8,0,0,0,0,1,1,5,1,18,4,1896,2,16,1,1,1
2018500294891,1,9,0,16,0,2,1,0,3,0,1,1,5,1,22,5,1527,2,21,3,1,3
2018500294900,1,9,0,9,0,1,0,0,0,0,3,1,5,1,74,10,1339,1,4,4,1,4
2018500294900,2,9,0,18,0,1,1,0,0,0,1,1,5,2,59,9,-1,-1,-1,4,2,4
2018500294915,1,9,0,18,0,0,0,0,0,0,1,1,1,2,39,7,1386,1,15,2,1,2
2018500294931,1,9,0,9,0,4,0,0,0,0,1,1,5,2,70,10,1398,1,5,6,3,6
2018500294931,2,9,0,18,0,3,0,0,0,0,4,1,5,2,51,8,1400,1,11,6,2,6
2018500294949,1,9,0,18,0,0,0,0,0,0,3,1,6,1,29,6,1560,2,4,6,1,6
2018500294949,2,9,0,18,0,0,0,0,0,0,3,1,6,1,23,5,1956,2,4,4,2,4
2018500294958,1,9,0,18,0,4,0,0,0,0,3,1,5,1,31,6,1995,2,8,1,1,1
2018500294958,2,1,0,18,0,8,0,0,0,0,1,1,2,1,52,8,-1,-1,-1,4,1,4
2018500294975,1,1,0,16,0,8,0,0,0,0,1,1,6,1,56,9,-1,-1,-1,3,1,3
2018500294975,2,9,0,17,0,8,0,0,0,0,1,1,5,2,59,9,1560,2,1,3,1,3
2018500295097,1,9,0,3,0,0,0,0,0,0,1,1,5,2,29,6,1368,1,11,4,-1,4
2018500295097,2,9,0,18,0,0,0,0,0,0,1,1,5,1,74,10,1598,1,14,4,3,4
2018500295097,3,3,0,2,0,0,5,0,0,0,3,1,5,2,57,9,124,1,2,4,3,4
2018500295097,4,5,0,2,0,0,5,0,0,0,3,1,5,1,59,9,942,1,2,4,3,4
2018500295107,1,19,0,18,0,1,0,0,0,0,2,1,6,1,45,7,2198,2,2,3,3,3
2018500295107,2,9,0,18,0,1,0,0,0,0,1,1,6,2,75,10,1598,1,7,4,3,4
2018500295145,1,9,0,18,0,0,0,0,0,0,1,1,6,2,70,10,1686,2,13,1,1,1
2018500295145,2,9,0,17,0,0,0,0,0,0,3,1,5,2,46,8,1598,1,6,2,1,2
2018500295145,3,9,0,3,0,0,0,0,0,0,2,1,2,1,39,7,1968,2,-1,8,1,8
2018500295145,4,9,0,3,0,0,0,0,0,0,2,1,6,1,53,8,1799,1,12,8,1,8
2018500295176,1,9,0,18,0,0,0,0,0,0,3,1,5,1,44,7,1398,1,2,3,1,3
2018500295176,2,21,0,11,0,0,0,0,0,0,4,1,1,1,23,5,12900,2,10,7,1,7
2018500295182,1,3,0,17,0,0,2,0,2,11,4,1,2,2,21,5,124,1,12,5,1,5
2018500295204,1,9,0,13,0,0,0,0,0,0,4,1,6,1,20,4,1686,2,12,8,3,8
2018500295204,2,9,0,18,0,0,0,0,0,0,3,1,6,1,69,10,2993,2,12,8,1,8
2018500295213,1,9,0,17,0,0,0,0,0,0,1,1,5,1,56,9,3947,1,19,2,1,2
2018500295213,2,9,0,5,0,0,0,0,0,0,4,1,5,1,50,8,2204,2,13,6,3,6
2018500295306,1,3,0,18,0,8,0,0,0,0,4,1,1,1,20,4,124,1,2,4,3,4
2018500295306,2,9,0,5,0,1,0,0,0,0,1,1,5,2,74,10,999,1,2,5,3,5
2018500295311,1,11,0,18,0,0,0,0,0,0,0,1,5,1,59,9,6871,2,9,4,2,4
2018500295314,1,9,0,18,0,1,0,0,0,0,1,1,5,2,59,9,2198,2,4,6,3,6
2018500295314,2,9,0,18,0,1,0,0,0,0,4,1,5,2,59,9,998,1,1,5,2,5
2018500295319,1,9,0,18,0,1,0,0,0,0,1,1,2,2,49,8,-1,-1,-1,2,1,2
2018500295319,2,9,0,4,0,1,0,0,0,0,2,1,6,2,47,8,998,1,5,2,1,2
2018500295332,1,9,0,10,0,1,0,0,0,0,2,1,6,2,47,8,1149,1,14,5,1,5
2018500295332,2,9,0,16,0,1,0,0,0,0,1,1,6,2,43,7,1997,2,4,10,2,10
2018500295333,1,5,0,18,0,0,0,0,1,0,3,1,1,1,21,5,600,1,21,4,1,4
2018500295333,2,19,0,18,0,0,0,0,0,0,3,1,6,3,-1,-1,-1,-1,-1,-1,-1,-1
2018500295345,1,9,0,18,0,0,0,0,0,0,2,1,5,2,26,6,1299,1,12,6,3,6
2018500295345,2,9,0,3,0,0,0,0,0,0,1,1,5,1,49,8,1600,1,20,8,2,8
2018500295345,3,9,0,3,0,0,0,0,0,0,2,1,5,2,39,7,1997,2,10,9,3,9
2018500295345,4,9,0,9,0,0,0,0,0,0,2,1,5,1,85,11,1193,1,1,9,3,9