Accident_Index,Vehicle_Reference,Vehicle_Type,Towing_and_Articulation,Vehicle_Manoeuvre,Vehicle_Location-Restricted_Lane,Junction_Location,Skidding_and_Overturning,Hit_Object_in_Carriageway,Vehicle_Leaving_Carriageway,Hit_Object_off_Carriageway,1st_Point_of_Impact,Was_Vehicle_Left_Hand_Drive?,Journey_Purpose_of_Driver,Sex_of_Driver,Age_of_Driver,Age_Band_of_Driver,Engine_Capacity_(CC),Propulsion_Code,Age_of_Vehicle,Driver_IMD_Decile,Driver_Home_Area_Type,Vehicle_IMD_Decile
2018500295346,1,9,0,7,8,0,1,0,0,0,1,1,5,1,71,10,1984,1,18,3,1,3
2018500295346,2,9,0,18,0,0,1,0,0,0,4,1,5,1,62,9,2143,2,4,8,1,8
2018500295366,1,3,0,18,0,3,1,0,0,0,3,1,2,1,19,4,124,1,10,2,1,2
2018500295369,1,9,0,9,0,6,0,0,0,0,3,1,5,1,59,9,1390,1,12,4,2,4
2018500295369,2,9,0,18,0,1,0,0,0,0,1,1,5,1,82,11,1360,1,16,6,1,6
2018500295374,1,9,0,9,0,5,0,0,0,0,1,1,6,1,28,6,1242,1,12,2,1,2
2018500295374,2,9,0,18,0,8,0,0,1,0,4,1,6,2,70,10,1339,1,3,8,1,8
2018500295411,1,9,0,5,0,5,0,0,0,0,4,1,2,2,25,5,998,1,4,7,2,7
2018500295411,2,5,0,18,0,8,1,0,0,0,1,1,6,1,31,6,599,1,19,5,1,5
2018500295435,1,9,0,16,0,0,0,0,0,0,1,1,5,1,34,6,1598,1,11,2,1,2
2018500295435,2,17,0,17,0,0,0,0,0,0,1,1,1,2,23,5,6788,2,7,4,3,4
2018500295453,1,9,0,18,0,0,0,0,0,0,1,1,5,1,60,9,1910,2,13,6,3,6
2018500295453,2,9,0,2,0,0,0,0,0,0,3,1,5,1,60,9,1753,2,9,4,2,4
2018500295454,1,9,0,5,0,6,0,0,0,0,4,1,5,1,63,9,1995,2,11,7,1,7
2018500295454,2,1,0,18,0,1,0,0,0,0,1,1,6,1,17,4,-1,-1,-1,2,2,2
2018500295468,1,9,0,5,0,0,0,0,0,0,1,1,5,1,58,9,1560,2,9,-1,-1,-1
2018500295468,2,1,0,18,0,0,0,0,0,0,4,1,5,1,41,7,-1,-1,-1,6,1,6
2018500295733,1,9,0,18,0,0,0,4,2,0,1,1,5,2,18,4,1596,1,16,4,3,4
2018500295733,2,9,0,2,0,0,0,4,7,0,0,1,5,2,57,9,1984,1,15,1,1,1
2018500295733,3,9,0,2,0,0,0,0,0,0,0,1,5,2,41,7,1686,2,4,1,1,1
2018500295733,4,9,0,2,0,0,0,0,0,0,0,1,5,2,60,9,1198,1,11,1,1,1
2018500295737,1,5,0,16,0,0,1,0,0,0,1,1,6,1,59,9,790,1,13,5,3,5
2018500295737,2,9,0,17,0,0,0,0,0,0,1,1,6,1,29,6,1582,2,3,7,1,7
2018500295745,1,9,0,18,0,0,2,0,1,0,4,1,3,1,34,6,-1,-1,-1,5,3,5
2018500295748,1,9,0,5,0,8,0,0,0,0,3,1,5,1,44,7,1910,2,8,4,1,4
2018500295748,2,9,0,18,0,8,0,0,0,0,1,1,5,1,53,8,4266,1,18,4,3,4
2018500295756,1,19,0,17,0,0,5,0,1,7,1,1,1,1,27,6,1598,2,1,1,1,1
2018500295767,1,9,0,12,0,8,0,0,0,0,3,1,2,2,40,7,1388,1,7,2,1,2
2018500295767,2,19,0,18,0,8,0,0,0,0,4,1,2,1,61,9,2874,2,21,7,1,7
2018500295785,1,2,0,16,0,0,2,0,0,0,1,1,2,1,18,4,50,1,2,2,1,2
2018500295785,2,9,0,17,0,0,0,0,0,0,1,1,5,1,74,10,1560,2,9,5,2,5
2018500295787,1,19,0,18,0,0,0,0,0,0,3,1,1,1,50,8,1499,2,1,8,-1,8
2018500295787,2,9,0,18,0,0,0,0,0,0,4,1,6,2,37,7,1560,2,2,1,1,1
2018500295816,1,9,0,7,0,5,1,0,3,0,1,1,5,1,29,6,1998,1,16,2,1,2
2018500295819,1,4,0,13,0,4,2,0,0,0,1,1,6,1,48,8,296,1,5,3,1,3
2018500295819,2,9,0,18,0,4,0,0,0,0,2,1,6,1,58,9,-1,-1,-1,-1,-1,-1
2018500295829,1,9,0,15,0,0,0,0,0,0,4,1,5,3,-1,-1,-1,-1,-1,-1,-1,-1
2018500295829,2,97,0,18,0,0,0,0,0,0,1,1,5,1,77,11,-1,-1,-1,3,3,3
2018500295851,1,9,0,9,0,8,0,0,0,0,1,1,1,2,50,8,1984,1,7,3,1,3
2018500295851,2,9,0,18,0,1,1,0,1,0,4,1,1,1,36,7,1598,1,11,6,3,6
2018500295858,1,5,0,17,0,0,0,0,0,0,0,1,5,1,80,11,865,1,4,4,2,4
2018500296116,1,9,0,9,0,8,0,0,0,0,1,1,6,1,58,9,1391,1,21,6,1,6
2018500296116,2,3,0,18,0,1,0,0,0,0,1,1,6,1,43,7,124,1,2,2,1,2
2018500296127,1,9,0,6,0,0,0,0,0,0,3,1,6,1,25,5,1997,1,14,4,1,4
2018500296127,2,5,0,18,0,0,0,0,0,0,1,1,6,1,70,10,892,1,15,3,1,3
2018500296130,1,9,0,5,0,0,0,0,0,0,0,1,5,2,21,5,1149,1,19,5,3,5
2018500296173,1,9,0,18,0,0,0,0,0,0,4,1,6,1,76,11,1329,1,5,2,1,2
2018500296173,2,5,0,18,0,0,0,0,0,0,3,1,6,1,53,8,1200,1,-1,-1,-1,-1
2018500296516,1,9,0,1,0,0,0,0,0,0,2,1,6,2,67,10,1595,1,7,8,2,8
2018500296516,2,9,0,2,0,0,0,0,0,0,1,1,6,2,25,5,1193,1,3,4,1,4
2018500296517,1,5,0,5,0,3,2,0,0,0,1,1,5,1,43,7,649,1,7,3,1,3
2018500296517,2,9,0,5,0,3,0,0,0,0,2,1,6,2,31,6,1753,2,15,4,1,4
2018500296524,1,9,0,18,0,1,0,0,0,0,1,1,5,2,27,6,2902,2,12,7,1,7
2018500296524,2,9,0,9,0,1,0,0,0,0,2,1,5,1,48,8,1398,2,13,7,1,7
2018500296525,1,9,0,5,0,8,0,0,0,0,0,1,6,2,27,6,1689,2,15,6,3,6
2018500296525,2,9,0,18,0,8,0,0,0,0,2,1,5,1,54,8,2143,2,8,10,2,10
2018500296525,3,9,0,18,0,1,0,0,0,0,1,1,6,1,48,8,4160,2,26,7,3,7
2018500296527,1,9,0,18,0,0,5,10,2,0,1,1,5,2,66,10,998,1,7,6,1,6
2018500296528,1,10,0,1,0,0,0,0,0,0,2,1,1,1,55,8,-1,-1,-1,7,3,7
2018500296533,1,4,0,18,0,0,0,0,0,0,1,1,5,1,56,9,499,1,14,3,1,3
2018500296533,2,9,0,6,0,0,0,0,0,0,1,1,5,1,73,10,1197,1,4,6,1,6
2018500296534,1,9,0,18,0,0,0,0,0,0,1,1,1,1,43,7,1364,2,4,5,1,5
2018500296538,1,9,0,17,0,0,0,0,1,2,1,1,5,1,24,5,1398,1,4,5,3,5
2018500296541,1,9,0,8,0,2,0,0,0,0,1,1,6,1,29,6,1590,1,15,4,1,4
2018500296541,2,9,0,9,0,1,0,0,0,0,1,1,6,1,70,10,1896,2,16,7,2,7
2018500296542,1,9,0,18,0,0,5,0,1,10,1,1,6,1,28,6,-1,-1,-1,6,3,6
2018500296544,1,9,0,18,0,0,5,0,1,0,1,1,5,2,23,5,1598,1,12,3,2,3
2018500296558,1,5,0,16,0,5,2,0,7,0,1,1,5,1,48,8,749,1,30,9,1,9
2018500296560,1,9,0,18,0,0,0,0,7,2,1,1,5,1,29,6,1388,1,14,10,2,10
2018500296586,1,9,0,6,0,0,0,0,0,0,4,1,5,1,43,7,1968,2,3,8,1,8
2018500296586,2,9,0,18,0,0,0,0,0,0,1,1,5,1,28,6,1360,1,12,5,3,5
2018500296586,3,9,0,18,0,0,0,0,0,0,3,1,5,1,23,5,1995,2,4,9,1,9
2018500296620,1,1,0,18,0,5,0,0,0,0,4,1,5,1,20,4,-1,-1,-1,1,1,1
2018500296620,2,9,0,18,0,8,0,0,0,0,1,1,2,1,53,8,1318,1,3,8,2,8
2018500296668,1,9,0,13,0,0,2,7,7,0,1,1,1,1,58,9,1998,7,16,7,2,7
2018500296668,2,9,0,18,0,0,0,0,0,0,3,1,1,1,28,6,1398,1,4,6,2,6
2018500296735,1,9,0,9,0,2,0,0,0,0,1,1,6,1,37,7,1560,2,9,4,1,4
2018500296735,2,9,0,4,0,1,0,0,0,0,1,1,6,1,50,8,1598,2,6,2,1,2
2018500296743,1,90,0,18,0,0,0,0,0,0,1,1,6,1,45,7,7146,2,6,4,2,4
2018500296743,2,19,0,18,0,0,0,0,0,0,1,1,6,1,22,5,12900,2,11,4,2,4
2018500296784,1,9,0,18,0,0,0,0,0,0,1,1,5,1,23,5,1598,1,12,5,2,5
2018500296784,2,19,0,18,0,0,0,0,0,0,1,1,1,1,33,6,2287,2,4,8,1,8
2018500296816,1,19,0,4,0,0,0,0,0,0,0,1,1,1,38,7,-1,-1,-1,5,1,5
2018500296816,2,9,0,18,0,0,0,0,0,0,2,1,5,2,71,10,-1,-1,-1,4,3,4
2018500296816,3,9,0,18,0,0,0,0,0,0,1,1,5,1,65,9,1896,2,11,7,1,7
2018500296816,4,9,0,18,0,0,0,0,0,0,1,1,5,2,31,6,1364,1,-1,1,1,1
2018500296816,5,9,0,18,0,0,0,0,0,0,4,1,5,2,35,6,1995,2,10,7,3,7
2018500296816,6,9,0,18,0,0,0,0,0,0,3,1,5,2,54,8,2191,2,5,4,3,4
2018500296825,1,9,0,1,0,6,0,0,0,0,2,1,2,1,66,10,1995,1,14,8,2,8
2018500296830,1,3,0,18,0,1,0,0,0,0,1,1,6,1,31,6,124,1,5,1,1,1
2018500296830,2,9,0,9,0,6,0,0,0,0,3,1,1,1,46,8,1598,2,4,9,1,9
2018500296846,1,9,0,18,0,0,0,0,0,0,1,1,1,2,28,6,998,1,6,3,1,3
2018500296846,2,1,0,18,0,0,0,0,0,0,1,1,6,1,16,4,-1,-1,-1,8,1,8
2018500296861,1,9,0,18,0,0,0,0,0,0,1,1,6,3,-1,-1,-1,-1,-1,-1,-1,-1
2018500296865,1,17,0,3,0,0,0,0,0,0,0,1,5,1,64,9,6788,2,6,8,3,8
2018500296865,2,-1,0,18,0,0,0,0,0,0,0,1,5,1,54,8,-1,-1,-1,1,1,1
2018500296910,1,9,0,16,0,0,2,12,0,0,1,1,5,1,24,5,1850,1,16,6,1,6
2018500296919,1,9,0,1,0,0,0,0,0,0,2,1,6,2,-1,-1,-1,-1,-1,-1,-1,-1
2018500296920,1,1,0,18,0,0,0,0,0,0,1,1,5,2,42,7,-1,-1,-1,5,2,5
2018500296920,2,9,0,9,0,0,0,0,0,0,4,1,3,2,48,8,998,1,2,6,2,6
2018500296922,1,19,3,4,0,1,0,0,0,0,1,1,5,2,61,9,1995,2,5,3,1,3
2018500296922,2,19,0,4,0,1,0,0,0,0,2,1,5,2,74,10,1995,2,6,6,2,6
2018500296930,1,9,0,17,0,0,2,0,2,0,1,1,5,2,55,8,1299,1,10,6,3,6
2018500296935,1,19,0,4,0,0,0,0,0,0,1,1,6,1,40,7,1560,2,4,4,3,4
2018500296935,2,9,0,4,0,0,0,0,0,0,1,1,6,1,31,6,-1,-1,-1,5,3,5
2018500296947,1,17,0,3,0,6,0,0,1,0,1,1,1,1,84,11,4400,2,5,6,3,6
2018500296947,2,98,0,17,0,1,0,0,0,0,4,1,1,1,57,9,-1,-1,-1,5,2,5
2018500296951,1,9,0,18,0,0,0,0,0,0,1,1,5,2,48,8,1560,2,4,9,1,9
2018500296969,1,9,0,9,0,6,0,0,1,7,3,1,6,1,73,10,2495,2,14,7,3,7
2018500296969,2,21,3,18,0,1,0,0,1,7,1,1,5,1,52,8,3990,2,20,5,3,5
2018500296971,1,3,0,18,0,0,5,4,0,0,1,1,6,1,21,5,99,1,38,2,1,2
2018500296971,2,9,0,2,0,0,0,0,0,0,2,1,5,1,35,6,1968,2,15,1,1,1
2018500296974,1,9,0,18,0,0,1,0,0,0,1,1,2,1,22,5,1149,1,16,1,1,1
2018500296974,2,9,0,4,0,0,0,0,1,11,1,1,2,2,21,5,1596,1,11,3,1,3
2018500297009,1,9,0,16,0,0,0,0,0,0,4,1,5,2,77,11,1240,1,12,7,2,7
2018500297009,2,9,0,2,0,0,0,0,0,0,3,1,5,1,66,10,1339,1,12,1,1,1
2018500297009,3,9,0,17,0,0,0,0,0,0,3,1,5,2,31,6,1984,1,11,1,1,1
2018500297011,1,9,0,13,0,0,1,10,1,11,1,1,5,1,27,6,1988,1,14,3,2,3
2018500297011,2,9,0,17,0,0,0,0,0,0,1,1,5,2,42,7,-1,3,1,5,1,5
2018500297043,1,9,0,18,0,0,0,0,0,0,1,1,6,1,19,4,998,1,4,6,3,6
2018500297043,2,9,0,3,0,0,0,0,0,0,2,1,6,1,23,5,2922,1,14,5,1,5
2018500297044,1,9,0,9,0,8,0,0,0,0,2,1,5,2,57,9,1896,2,10,8,1,8
2018500297044,2,1,0,18,0,8,0,0,0,0,1,1,5,2,52,8,-1,-1,-1,9,1,9
2018500297047,1,9,0,16,0,0,0,0,0,0,1,1,5,1,24,5,-1,-1,-1,10,1,10
2018500297047,2,9,0,17,0,0,0,0,0,0,1,1,5,2,68,10,1995,2,5,2,1,2
2018500297054,1,9,0,1,0,0,0,0,0,0,2,1,5,1,69,10,-1,-1,-1,2,3,2
2018500297054,2,3,0,2,0,0,0,0,0,0,4,1,5,1,29,6,125,1,2,4,1,4
2018500297074,1,9,0,1,0,1,0,0,0,0,2,1,6,2,85,11,1968,2,5,6,2,6
2018500297074,2,9,0,2,0,1,0,0,0,0,2,1,4,2,52,8,1596,1,15,10,1,10
2018500297075,1,5,0,18,0,0,1,0,0,0,1,1,5,1,60,9,1050,1,8,5,3,5
2018500297075,2,19,0,3,0,0,0,0,0,0,2,1,1,1,48,8,2198,2,3,4,2,4
2018500297082,1,9,0,9,0,1,0,0,0,0,1,1,2,1,21,5,1248,2,11,6,1,6
2018500297082,2,1,0,18,0,1,0,0,0,0,1,1,2,1,39,7,-1,-1,-1,9,1,9
2018500297089,1,9,0,18,0,0,2,0,1,4,1,1,6,2,53,8,1997,2,14,10,2,10
2018500297094,1,9,0,18,0,0,0,0,0,0,1,1,5,1,26,6,1794,1,15,1,1,1
2018500297157,1,9,0,18,0,0,0,0,0,0,0,1,6,1,86,11,1461,2,7,7,2,7
2018500297157,3,16,0,18,0,0,0,0,0,0,0,1,6,2,45,7,-1,-1,-1,7,2,7
2018500297166,1,9,0,18,0,0,0,0,0,0,1,1,5,1,-1,-1,-1,-1,-1,-1,-1,-1
2018500297166,2,9,0,4,0,0,0,0,0,0,2,1,5,2,39,7,1149,1,10,4,3,4
2018500297181,1,9,0,6,0,0,0,0,0,0,3,1,3,1,45,7,1560,2,5,4,1,4
2018500297181,2,1,0,14,0,0,0,0,7,0,1,1,2,1,30,6,-1,-1,-1,2,1,2
2018500297200,1,9,0,18,0,0,0,0,0,0,1,1,2,2,20,4,1242,1,1,3,2,3
2018500297200,2,9,0,18,0,0,0,0,2,0,1,1,2,1,29,6,1248,1,2,3,1,3
2018500297205,1,9,0,18,0,0,1,0,0,0,1,1,5,1,21,5,1997,2,19,4,3,4
2018500297205,2,21,0,18,0,0,0,0,0,0,2,1,1,1,25,5,7698,2,2,8,2,8
2018500297226,1,9,0,9,0,1,0,0,0,0,1,1,1,2,26,6,1560,2,5,4,1,4
2018500297226,2,2,0,18,0,1,2,0,0,0,1,1,5,1,20,4,49,1,4,2,2,2
2018500297364,1,9,0,17,0,0,1,0,0,0,4,1,6,2,20,4,1360,1,15,4,2,4
2018500297364,2,11,0,16,0,0,0,0,0,0,1,1,1,1,63,9,6700,2,1,5,3,5
2018500297582,1,9,0,18,0,1,5,0,2,0,1,1,2,1,21,5,1390,1,4,4,3,4
2018500297593,1,9,0,18,0,2,0,0,0,0,0,1,6,2,46,8,1461,2,4,5,3,5
2018500297598,1,9,0,1,0,0,0,0,0,0,2,1,6,1,25,5,1910,2,12,4,2,4
2018500297598,2,1,0,18,0,0,0,0,0,0,1,1,6,1,15,3,-1,-1,-1,1,1,1
2018500297610,1,9,0,18,0,8,0,0,0,0,4,1,6,1,22,5,898,1,-1,10,1,10
2018500297610,2,9,0,5,0,8,0,0,0,0,1,1,2,1,40,7,1368,1,2,9,1,9
2018500297612,1,5,0,17,0,0,1,0,0,0,1,1,6,1,57,9,865,1,3,6,1,6
2018500297630,1,5,0,18,0,0,2,0,0,0,1,1,6,1,74,10,582,1,14,7,3,7
2018500297636,1,9,0,9,0,0,0,0,0,0,1,1,1,1,45,7,1498,1,3,2,1,2
2018500297636,2,9,0,18,0,0,1,6,1,0,4,1,6,2,71,10,1389,1,23,1,1,1
2018500297644,1,9,0,18,0,1,0,0,0,0,1,1,6,1,21,5,1124,1,16,6,1,6
2018500297644,2,9,0,10,0,8,0,0,0,0,2,1,6,1,63,9,1497,1,15,5,1,5
2018500297657,1,9,0,2,0,0,0,4,0,0,2,1,5,1,38,7,-1,-1,-1,1,1,1
2018500297657,2,9,0,2,0,0,0,0,0,0,2,1,5,2,-1,-1,1198,1,11,6,1,6
2018500297663,1,9,0,9,0,1,0,0,0,0,1,1,5,1,50,8,2996,1,12,4,1,4
2018500297663,2,1,0,18,0,8,0,0,0,0,1,1,5,1,42,7,-1,-1,-1,4,1,4
2018500297680,1,19,0,18,0,0,0,0,0,0,1,1,1,1,45,7,2198,2,11,8,1,8
2018500297680,2,9,0,4,0,0,0,0,0,0,2,1,1,2,69,10,1896,2,15,6,1,6
2018500297680,3,9,0,4,0,0,0,0,0,0,2,1,1,2,52,8,1560,2,9,9,2,9
2018500297680,4,9,0,4,0,0,0,0,0,0,2,1,1,1,33,6,1499,2,3,7,1,7
2018500298014,1,9,0,4,0,1,0,0,0,0,1,1,6,2,76,11,1328,1,13,9,1,9
2018500298014,2,9,0,18,0,1,5,0,0,0,4,1,6,2,71,10,1198,1,9,3,1,3
2018500298014,3,19,0,10,0,1,0,0,0,0,3,1,6,2,39,7,1598,2,2,5,3,5
2018500298019,1,9,0,18,0,0,1,0,0,0,1,1,5,2,26,6,1399,2,13,8,1,8
2018500298019,2,9,0,15,0,0,0,0,0,0,1,1,5,1,41,7,1896,2,11,4,3,4
2018500298027,1,9,0,18,0,0,0,0,7,11,1,1,6,1,35,6,1870,2,12,8,3,8
2018500298027,2,9,0,2,9,0,0,0,0,0,1,1,6,2,85,11,999,1,5,8,3,8
2018500298045,1,11,0,18,0,0,0,4,0,0,1,1,1,1,53,8,4250,2,10,5,1,5
2018500298045,2,9,0,2,0,0,0,4,1,0,1,1,5,1,81,11,1242,1,7,7,1,7
2018500298045,3,9,0,2,0,0,0,0,0,0,3,1,5,2,43,7,1968,2,13,7,1,7
2018500298049,1,9,0,18,0,0,2,0,0,0,4,1,5,1,62,9,2495,2,15,4,3,4
2018500298053,1,9,0,18,0,8,0,0,0,0,1,1,6,1,49,8,2435,1,17,2,1,2
2018500298053,2,9,0,9,0,8,0,0,0,0,3,1,6,1,32,6,1870,2,13,1,1,1
2018500298060,1,9,0,18,0,0,0,0,0,0,1,1,1,1,59,9,1984,1,10,7,3,7
2018500298060,2,9,0,18,0,0,0,0,0,0,1,1,6,2,27,6,1388,1,10,7,1,7
2018500298113,1,19,0,18,0,0,0,0,0,0,1,1,6,1,47,8,2198,2,6,6,3,6
2018500298113,2,9,0,3,0,0,0,0,0,0,2,1,6,2,75,10,1364,1,1,10,2,10
2018500298116,1,9,0,16,0,0,0,0,0,0,1,1,6,1,62,9,996,1,4,9,1,9
2018500298116,2,9,0,17,0,0,0,0,0,0,1,1,6,1,54,8,1781,1,17,4,1,4
2018500298158,1,9,0,18,0,0,0,4,0,0,1,1,5,1,77,11,1781,1,17,8,2,8
2018500298158,2,9,0,2,0,0,0,0,0,0,2,1,5,2,55,8,1339,1,13,6,2,6
2018500298374,1,9,0,18,0,0,0,0,0,0,1,1,6,2,22,5,1242,1,6,10,1,10
2018500298374,2,2,0,18,0,0,0,0,0,0,1,1,6,1,16,4,50,1,4,8,1,8
2018500298375,1,9,0,18,0,0,1,0,0,0,2,1,2,1,30,6,-1,-1,-1,7,1,7
2018500298375,2,9,0,18,0,0,0,0,0,0,1,1,5,1,20,4,999,1,3,2,1,2
2018500298382,1,9,0,18,0,1,0,0,0,0,1,1,6,3,-1,-1,-1,-1,-1,-1,-1,-1
2018500298382,2,1,0,18,0,4,0,0,0,0,4,1,5,1,16,4,-1,-1,-1,2,1,2
2018500298384,1,9,0,18,9,0,0,0,7,11,1,1,6,1,24,5,-1,-1,-1,4,1,4
2018500298391,1,9,0,5,0,1,0,0,0,0,1,1,2,1,41,7,1395,1,4,3,1,3
2018500298391,2,1,0,5,0,1,0,0,0,0,1,1,2,1,44,7,-1,-1,-1,6,1,6
2018500298398,1,9,0,16,0,0,1,0,7,4,2,1,6,1,39,7,1360,1,13,5,3,5
2018500298419,1,9,0,16,0,1,0,0,0,0,4,1,6,1,21,5,1598,1,9,3,1,3
2018500298455,1,9,0,18,0,0,0,0,0,0,1,1,6,2,80,11,1198,1,11,7,1,7
2018500298455,2,9,0,3,0,0,0,0,0,0,2,1,1,2,35,6,1956,2,5,8,1,8
2018500298834,1,9,0,7,0,7,0,0,0,0,0,1,6,3,-1,-1,1398,1,7,-1,-1,-1
2018500298834,2,9,0,18,0,8,0,0,0,0,2,1,1,2,16,4,1560,2,2,5,-1,5
2018500298834,3,9,0,18,0,8,0,0,0,0,1,1,5,1,76,11,6750,1,27,1,1,1
2018500298838,1,19,0,18,0,0,5,0,0,0,1,1,5,1,24,5,2800,2,17,-1,3,-1
2018500298842,1,9,0,4,0,0,0,0,0,0,1,1,6,3,-1,-1,1995,2,5,-1,-1,-1
2018500298842,2,9,0,3,0,0,0,0,0,0,2,1,6,2,21,5,1997,2,1,7,1,7
2018500298853,1,9,0,9,0,1,0,0,0,0,4,1,5,1,20,4,1398,2,4,8,1,8
2018500298853,2,1,0,18,4,1,0,0,0,0,1,1,2,1,45,7,-1,-1,-1,9,1,9
2018500298868,1,19,0,18,0,0,2,0,0,0,1,1,1,1,30,6,2402,2,17,5,2,5
2018500298868,2,19,0,10,0,0,0,0,0,0,2,1,1,1,20,4,1910,2,10,4,3,4
2018500298886,1,9,0,18,0,1,0,0,0,0,1,1,5,2,60,9,998,1,4,6,3,6
2018500298886,2,9,0,18,0,8,0,0,0,0,1,1,5,2,72,10,1796,1,12,1,1,1
2018500298910,1,9,0,18,0,0,1,0,0,0,1,1,5,1,36,7,1896,2,11,2,1,2
2018500298910,2,11,0,18,0,0,0,0,0,0,3,1,1,1,38,7,4461,2,-1,2,1,2
2018500299036,1,9,0,18,0,0,0,0,0,0,0,1,6,2,51,8,1390,1,15,4,1,4
2018500299036,2,9,0,18,0,0,0,0,0,0,0,1,6,2,53,8,1389,1,20,6,3,6
2018500299231,1,9,0,12,0,0,0,0,0,0,2,1,6,1,61,9,1248,1,6,6,2,6
2018500299231,2,9,0,12,0,0,0,0,0,0,3,1,6,1,47,8,4163,1,13,3,1,3
2018500299231,3,9,0,18,0,0,0,0,0,0,2,1,6,1,31,6,1598,2,1,6,1,6
2018500299249,1,9,0,18,0,0,0,0,0,0,1,1,6,1,30,6,-1,-1,-1,3,1,3
2018500299280,1,9,0,5,0,0,0,0,0,0,1,1,6,1,53,8,1248,2,12,5,3,5
2018500299298,1,9,0,18,0,8,0,0,0,0,1,1,6,1,37,7,1299,1,13,5,1,5
2018500299298,2,1,0,18,0,8,0,0,0,0,4,1,6,2,41,7,-1,-1,-1,4,2,4
2018500299315,1,9,0,14,0,0,0,0,0,0,1,1,1,2,64,9,999,1,1,3,1,3
2018500299315,2,11,0,2,0,0,0,0,0,0,3,1,1,1,49,8,6700,2,1,3,1,3
2018500299357,1,3,0,18,0,0,1,4,0,0,1,1,6,1,19,4,125,1,-1,7,1,7
2018500299357,2,9,0,2,0,0,0,0,0,0,3,1,6,1,-1,-1,1086,1,9,10,1,10
2018500299357,3,9,0,2,0,0,0,0,0,0,3,1,6,1,-1,-1,1242,1,8,5,1,5
2018500299357,4,9,0,2,0,0,0,0,0,0,3,1,6,2,-1,-1,2204,2,9,5,1,5
2018500299357,5,9,0,2,0,0,0,0,0,0,0,1,6,2,-1,-1,1685,2,4,5,1,5
2018500299555,1,9,0,17,0,0,0,0,7,4,1,1,4,1,18,4,1598,1,14,2,1,2
2018500299610,1,19,0,13,0,1,1,0,0,0,1,1,6,1,65,9,2461,2,18,6,3,6
2018500299610,2,9,0,4,0,1,0,0,0,0,0,1,6,1,55,8,1086,1,10,6,3,6
2018500299621,1,9,0,18,0,0,2,0,7,10,3,1,6,2,41,7,1895,1,17,2,-1,2
2018500299621,2,19,0,18,0,0,0,0,0,0,0,1,6,1,51,8,2198,2,5,5,1,5
2018500299642,1,9,0,18,0,0,0,0,0,0,1,1,5,1,68,10,1985,1,16,6,1,6
2018500299649,1,11,0,18,0,0,0,0,0,0,4,1,1,1,61,9,4461,2,-1,4,2,4
2018500299660,1,9,0,18,0,8,0,0,0,0,1,1,6,2,60,9,1781,1,17,3,3,3
2018500299660,2,9,0,7,0,8,0,0,0,0,2,1,6,1,68,10,1997,2,11,2,1,2
2018500299678,1,9,0,18,0,0,1,0,0,0,1,1,6,1,25,5,1990,1,26,4,1,4
2018500299678,2,19,0,18,0,0,0,0,0,0,1,1,2,1,43,7,2460,2,12,7,3,7
2018500299678,3,9,0,18,0,0,0,0,0,0,1,1,6,1,17,4,1360,1,29,7,3,7
2018500299730,1,9,0,9,0,0,0,0,0,0,1,1,1,2,21,5,998,1,9,3,1,3
2018500299730,2,9,0,18,0,0,0,0,7,0,4,1,1,2,33,6,998,1,17,8,3,8
2018500299744,1,9,0,18,0,0,1,0,0,0,3,1,5,1,18,4,1598,1,12,6,1,6
2018500299744,2,1,0,18,0,0,0,0,0,0,0,1,5,1,66,10,-1,-1,-1,10,2,10
2018500299791,1,9,0,17,0,0,0,0,1,0,1,1,5,1,96,11,1798,1,11,-1,-1,-1
2018500300092,1,9,0,2,0,0,0,0,0,0,3,1,6,1,34,6,1587,1,12,7,2,7
2018500300092,2,1,0,14,0,0,0,0,0,0,1,1,6,1,71,10,-1,-1,-1,7,1,7
2018500300188,1,9,0,11,0,0,0,0,0,0,4,1,6,2,37,7,1598,2,5,3,2,3
2018500300188,2,9,0,17,0,0,0,0,0,0,3,1,5,1,30,6,1591,1,1,6,1,6
2018500300391,1,9,0,17,0,0,1,0,0,0,4,1,6,1,55,8,1984,1,20,-1,-1,-1
2018500300393,1,98,1,3,0,1,0,0,0,0,1,1,1,1,51,8,-1,-1,-1,-1,-1,-1
2018500300393,2,9,0,3,0,1,0,0,0,0,1,1,6,1,50,8,1968,2,3,8,3,8
2018500300393,3,19,0,8,0,1,0,0,0,0,1,1,6,1,56,9,2198,2,9,6,3,6
2018500300393,4,9,0,10,0,1,0,0,0,0,3,1,6,1,54,8,-1,-1,-1,6,3,6
2018500300400,1,9,0,5,0,0,0,0,0,0,2,1,5,2,76,11,-1,-1,-1,5,1,5
2018500300400,2,90,0,3,0,0,0,0,0,0,1,1,1,2,42,7,2198,2,5,4,1,4
2018500300418,1,9,0,5,0,1,0,0,0,0,1,1,5,1,56,9,2993,2,3,5,3,5
2018500300418,2,9,0,5,0,1,0,0,0,0,2,1,6,1,41,7,1399,1,12,4,1,4