Accident_Index,Vehicle_Reference,Vehicle_Type,Towing_and_Articulation,Vehicle_Manoeuvre,Vehicle_Location-Restricted_Lane,Junction_Location,Skidding_and_Overturning,Hit_Object_in_Carriageway,Vehicle_Leaving_Carriageway,Hit_Object_off_Carriageway,1st_Point_of_Impact,Was_Vehicle_Left_Hand_Drive?,Journey_Purpose_of_Driver,Sex_of_Driver,Age_of_Driver,Age_Band_of_Driver,Engine_Capacity_(CC),Propulsion_Code,Age_of_Vehicle,Driver_IMD_Decile,Driver_Home_Area_Type,Vehicle_IMD_Decile
2018500300421,1,9,0,4,0,0,0,0,0,0,2,1,2,1,30,6,1597,2,1,5,-1,5
2018500300421,2,9,0,16,0,0,0,0,0,0,1,1,2,1,20,4,1753,2,12,9,2,9
2018500300425,1,19,0,18,0,2,5,0,1,10,4,1,6,1,29,6,1753,2,12,7,1,7
2018500300432,1,9,0,18,0,0,0,0,1,11,4,1,1,1,46,8,2183,2,6,5,2,5
2018500300443,1,9,0,18,0,0,0,0,1,4,1,1,2,1,32,6,1995,2,12,4,3,4
2018500300443,2,21,1,18,0,0,1,0,7,4,1,1,1,1,58,9,12740,2,2,6,1,6
2018500300443,3,9,0,18,0,0,1,0,0,0,2,1,6,1,41,7,1598,2,2,10,1,10
2018500300458,1,9,0,18,0,0,0,0,0,0,1,1,6,2,42,7,1461,2,7,4,3,4
2018500300458,2,9,0,4,0,0,0,0,0,0,2,1,6,2,56,9,2494,1,15,1,1,1
2018500300458,3,9,0,4,0,0,0,0,0,0,2,1,6,1,52,8,1582,2,6,5,1,5
2018500300462,1,9,0,17,0,2,0,0,0,0,1,1,5,1,32,6,1399,1,2,2,1,2
2018500300469,1,90,4,18,0,1,0,0,7,0,1,1,5,2,11,3,-1,-1,-1,4,3,4
2018500300469,2,19,0,2,0,2,0,0,0,0,2,1,5,1,34,6,1968,2,2,4,3,4
2018500300477,1,19,0,18,0,8,1,0,0,0,3,1,1,1,62,9,1997,2,1,1,1,1
2018500300477,2,9,0,18,0,2,1,0,0,0,1,1,6,2,36,7,998,1,5,4,2,4
2018500300485,1,9,0,18,0,0,0,0,0,0,3,1,5,1,68,10,1560,2,10,4,1,4
2018500300485,2,9,0,18,0,0,0,0,0,0,4,1,5,1,66,10,1998,1,-1,10,1,10
2018500300485,3,1,0,12,0,0,0,0,0,0,1,1,6,1,20,4,-1,-1,-1,4,1,4
2018500300511,1,9,0,18,0,1,0,0,0,0,3,1,5,1,80,11,1951,2,16,6,3,6
2018500300522,1,9,0,18,0,0,5,0,0,0,1,1,5,2,85,11,1061,1,14,6,3,6
2018500300522,2,90,4,2,0,0,0,0,0,0,2,1,6,3,-1,-1,-1,-1,-1,-1,-1,-1
2018500300701,1,9,0,18,0,0,2,0,1,10,4,1,5,2,21,5,1490,1,14,8,2,8
2018500300717,1,9,0,15,0,0,0,0,0,0,1,1,2,1,21,5,1397,1,17,4,3,4
2018500300717,2,9,0,18,0,0,0,0,0,0,1,1,5,1,51,8,1386,1,11,4,1,4
2018500300775,1,9,0,7,0,1,0,0,0,0,4,1,5,1,51,8,1248,1,8,4,3,4
2018500300775,2,1,0,18,0,1,0,0,0,0,1,1,5,1,49,8,-1,-1,-1,8,1,8
2018500300779,1,9,0,13,0,0,0,0,0,0,3,1,5,2,74,10,1108,1,8,-1,3,-1
2018500300779,2,9,0,18,0,0,0,0,0,0,4,1,5,1,84,11,1769,1,16,3,1,3
2018500300779,3,21,1,18,0,0,0,0,0,0,2,1,1,1,43,7,10837,2,7,8,1,8
2018500300783,1,9,0,18,0,0,2,0,1,0,1,1,6,1,46,8,998,1,9,4,1,4
2018500300784,1,9,0,5,0,1,0,0,0,0,3,1,1,2,44,7,1395,1,2,4,2,4
2018500300784,2,1,0,18,0,1,0,0,0,0,1,1,6,1,21,5,-1,-1,-1,-1,1,-1
2018500300793,1,9,0,18,0,0,5,10,0,0,4,1,5,2,67,10,1368,1,3,4,3,4
2018500300804,1,9,0,7,0,6,0,0,0,0,2,1,1,1,42,7,1956,2,10,1,2,1
2018500300804,2,1,0,17,0,1,5,0,0,0,1,1,5,1,68,10,-1,-1,-1,2,1,2
2018500300839,1,9,0,17,0,0,2,0,7,0,1,1,2,1,19,4,1596,1,12,6,1,6
2018500300854,1,9,0,9,0,5,0,0,0,0,4,1,6,2,23,5,-1,-1,-1,-1,-1,-1
2018500300854,2,1,0,18,0,1,0,0,0,0,1,1,6,1,34,6,-1,-1,-1,5,2,5
2018500300863,1,5,0,18,0,1,0,0,0,0,1,1,6,1,38,7,998,1,11,5,1,5
2018500300863,2,9,0,12,0,1,0,0,0,0,2,1,6,1,56,9,1229,1,13,5,1,5
2018500300895,1,9,0,4,0,0,0,0,0,0,4,1,1,1,25,5,1598,2,2,9,1,9
2018500300895,2,1,0,18,0,0,0,0,0,0,1,1,2,1,37,7,-1,-1,-1,8,1,8
2018500300910,1,9,0,18,0,0,0,0,0,0,1,1,5,1,90,11,1398,1,6,4,3,4
2018500300910,2,19,0,4,0,0,0,0,0,0,1,1,1,2,26,6,1248,2,4,4,3,4
2018500300981,1,3,0,9,0,5,1,0,0,0,4,1,6,1,39,7,124,1,3,7,1,7
2018500300981,2,9,0,13,0,1,0,0,0,0,3,1,5,1,18,4,1397,1,11,3,1,3
2018500301008,1,19,0,5,0,0,0,0,0,0,4,1,6,1,24,5,2148,2,13,6,2,6
2018500301192,1,9,0,5,0,1,0,0,0,0,0,1,6,3,-1,-1,-1,-1,-1,-1,-1,-1
2018500301192,2,3,0,18,0,1,1,0,0,0,0,1,6,1,18,4,125,1,4,4,3,4
2018500301199,1,5,0,13,0,8,5,0,0,0,1,1,6,1,59,9,1170,1,1,4,1,4
2018500301199,2,9,0,9,0,8,0,0,0,0,1,1,6,2,45,7,1364,2,9,4,1,4
2018500301206,1,9,0,16,0,5,1,0,7,1,1,1,1,1,46,8,1560,2,4,9,1,9
2018500301220,1,19,0,18,0,0,0,0,0,0,4,1,6,3,-1,-1,-1,-1,-1,-1,-1,-1
2018500301246,1,19,0,9,0,8,0,0,0,0,1,1,1,1,57,9,2143,2,5,4,2,4
2018500301246,2,9,0,18,0,8,0,0,0,0,3,1,5,2,70,10,1497,1,15,5,3,5
2018500301265,1,9,0,18,0,0,0,0,0,0,0,1,5,2,71,10,1339,1,14,2,1,2
2018500301265,2,1,0,18,0,0,0,0,0,0,4,1,5,1,17,4,-1,-1,-1,1,1,1
2018500301270,1,9,0,5,0,0,0,0,0,0,3,1,6,1,-1,-1,-1,-1,-1,-1,-1,-1
2018500301270,2,9,0,2,0,0,0,0,0,0,3,1,5,1,83,11,1242,1,3,4,1,4
2018500301284,1,9,0,1,0,0,0,0,0,0,2,1,2,1,42,7,1275,1,19,6,1,6
2018500301292,1,9,0,18,0,1,0,0,0,0,3,1,6,1,-1,-1,-1,-1,-1,-1,-1,-1
2018500301292,2,5,0,18,0,1,0,0,0,0,4,1,2,1,49,8,645,1,19,7,2,7
2018500301292,3,9,0,18,0,1,0,0,0,0,4,1,2,2,50,8,1685,2,3,8,2,8
2018500301320,1,9,0,18,0,0,0,0,0,0,1,1,6,2,80,11,1796,1,12,5,3,5
2018500301320,2,9,0,18,0,0,0,0,0,0,2,1,6,1,68,10,1685,2,1,-1,1,-1
2018500301356,1,9,0,13,0,0,0,0,0,0,1,1,5,1,29,6,1596,1,6,10,1,10
2018500301365,1,9,0,16,0,0,0,0,0,0,1,1,6,2,22,5,1248,1,5,3,1,3
2018500301365,2,9,0,17,0,0,0,0,0,0,1,1,6,2,41,7,2720,2,13,3,3,3
2018500301585,1,5,0,17,0,0,0,0,1,0,1,1,5,1,54,8,656,1,10,4,1,4
2018500301592,1,9,0,2,0,0,0,0,0,0,0,1,1,2,39,7,1598,2,2,5,1,5
2018500301592,2,9,0,18,0,0,0,0,0,0,4,1,5,2,66,10,1248,1,4,10,1,10
2018500301595,1,9,0,18,0,0,0,0,7,11,3,1,5,1,18,4,1388,1,15,8,1,8
2018500301598,1,19,0,5,0,1,0,0,0,0,1,1,1,1,54,8,1598,2,2,3,1,3
2018500301598,2,9,0,18,0,1,0,0,0,0,4,1,4,2,17,4,998,1,5,6,2,6
2018500301603,1,9,0,4,0,1,0,0,0,0,1,1,2,1,37,7,1896,2,9,6,2,6
2018500301603,2,9,0,4,0,1,0,0,0,0,2,1,2,2,39,7,1490,1,1,6,1,6
2018500301607,1,9,0,17,0,0,0,0,0,0,1,1,6,1,51,8,1590,1,14,5,3,5
2018500301607,2,19,0,16,0,0,1,0,0,0,1,1,6,1,46,8,2143,2,1,2,1,2
2018500301610,1,9,0,10,0,1,0,0,0,0,1,1,5,1,63,9,1560,2,4,5,1,5
2018500301610,2,9,0,7,0,8,0,0,0,0,1,1,5,2,73,10,1997,2,17,9,1,9
2018500301624,1,9,0,18,0,0,5,0,0,0,4,1,5,2,18,4,1149,1,10,9,1,9
2018500301631,1,5,0,18,0,0,0,12,0,0,1,1,5,1,35,6,600,1,7,8,1,8
2018500301634,1,9,0,18,0,0,1,0,7,0,1,1,6,2,40,7,1242,1,19,5,3,5
2018500301634,2,8,0,18,0,0,1,0,0,0,1,1,6,1,43,7,-1,-1,-1,5,3,5
2018500301637,1,9,0,18,0,0,0,0,0,0,1,1,6,3,-1,-1,-1,-1,-1,-1,-1,-1
2018500301647,1,9,0,7,0,5,0,7,1,0,1,1,2,1,54,8,1560,2,7,10,2,10
2018500301648,1,9,0,9,0,5,0,0,0,0,4,1,2,2,23,5,1242,1,8,8,1,8
2018500301648,2,4,0,18,0,1,0,0,0,0,1,1,2,1,58,9,498,1,20,1,1,1
2018500301655,1,9,0,10,0,0,0,0,0,0,3,1,6,2,70,10,1242,1,6,4,1,4
2018500301655,2,9,0,18,0,0,0,0,0,0,3,1,6,2,60,9,1560,2,9,4,1,4
2018500301673,1,9,4,18,0,1,0,0,7,11,2,1,5,1,78,11,1956,2,7,4,2,4
2018500301673,2,9,0,9,0,6,0,0,0,0,1,1,1,2,24,5,1596,1,12,7,3,7
2018500301682,1,9,0,18,0,1,0,0,1,0,1,1,5,2,24,5,1398,2,13,8,-1,8
2018500301686,1,9,0,9,0,6,0,0,0,0,1,1,5,1,37,7,1896,2,13,8,1,8
2018500301686,2,3,0,18,0,1,0,0,0,0,4,1,5,1,21,5,124,1,12,3,1,3
2018500301705,1,1,0,18,0,8,0,0,0,0,3,1,2,1,24,5,-1,-1,-1,1,1,1
2018500301705,2,9,0,7,0,7,0,0,0,0,4,1,6,1,34,6,1796,1,14,1,1,1
2018500301723,1,9,0,1,9,0,0,0,0,0,2,1,5,1,72,10,1598,1,6,6,1,6
2018500301727,1,9,0,18,0,0,0,0,0,0,4,1,6,3,-1,-1,-1,-1,-1,-1,-1,-1
2018500301929,1,9,0,4,0,0,1,0,0,0,1,1,2,1,59,9,1686,2,5,-1,-1,-1
2018500301929,2,9,0,4,0,0,0,0,0,0,2,1,5,1,29,6,1349,1,10,-1,-1,-1
2018500301937,1,9,0,18,0,0,0,0,0,0,1,1,6,1,75,10,1120,2,4,2,1,2
2018500301943,1,9,0,5,0,2,0,0,0,0,1,1,5,1,78,11,1248,1,6,1,1,1
2018500301943,2,2,0,18,0,8,0,0,0,0,1,1,5,1,16,4,49,1,7,2,1,2
2018500301955,1,9,0,1,0,0,0,0,0,0,2,1,6,1,42,7,2979,1,-1,4,3,4
2018500301955,2,9,0,2,0,0,0,0,0,0,1,1,6,2,41,7,1896,2,14,4,3,4
2018500301955,3,9,0,2,0,0,0,0,0,0,4,1,6,1,21,5,1896,2,14,4,3,4
2018500302027,1,9,0,18,0,0,0,0,0,0,1,1,1,2,23,5,1242,1,11,4,1,4
2018500302032,1,5,0,5,0,0,1,0,1,0,1,1,5,1,29,6,998,1,13,3,1,3
2018500302037,1,1,0,13,0,0,0,0,0,0,1,1,2,1,32,6,-1,-1,-1,8,1,8
2018500302037,2,9,0,3,0,0,0,0,0,0,2,1,2,2,28,6,1598,1,6,2,1,2
2018500302043,1,5,0,16,0,0,0,0,0,0,1,1,5,1,33,6,599,1,17,6,2,6
2018500302043,2,9,0,17,0,0,0,0,0,0,1,1,5,1,51,8,1969,2,1,3,1,3
2018500302051,1,5,0,18,0,0,1,0,0,0,1,1,6,1,53,8,843,1,38,5,3,5
2018500302053,1,9,0,18,0,0,0,0,0,0,2,1,6,2,22,5,999,1,-1,9,3,9
2018500302053,2,9,0,18,0,0,0,0,0,0,1,1,6,2,46,8,1499,2,3,9,2,9
2018500302061,1,9,0,4,0,1,0,0,0,0,1,1,6,2,27,6,1391,1,19,2,1,2
2018500302061,2,9,0,4,0,1,0,0,0,0,2,1,6,2,42,7,1685,2,8,6,1,6
2018500302063,1,9,0,18,0,0,5,0,2,11,4,1,5,1,59,9,1598,1,16,2,2,2
2018500302067,1,9,0,17,0,0,2,0,1,0,4,1,6,1,26,6,1149,1,16,7,1,7
2018500302070,1,9,0,9,0,8,0,0,0,0,1,1,5,1,88,11,1753,2,15,5,3,5
2018500302070,2,4,0,18,0,8,0,0,0,0,4,1,5,1,43,7,249,1,9,5,1,5
2018500302071,1,9,0,9,0,8,0,0,0,0,1,1,5,1,29,6,2400,2,8,8,3,8
2018500302071,2,5,0,9,0,8,0,0,0,0,3,1,5,1,52,8,693,1,-1,7,3,7
2018500302107,1,9,0,4,0,1,0,0,0,0,1,1,6,2,18,4,998,1,17,2,1,2
2018500302107,2,9,0,17,0,1,0,0,0,0,3,1,6,1,31,6,-1,-1,-1,5,1,5
2018500302131,1,21,0,18,0,0,0,0,0,0,1,1,1,1,24,5,5480,2,17,6,1,6
2018500302131,2,9,0,18,0,0,0,0,0,0,1,1,5,1,49,8,2993,2,2,8,1,8
2018500302135,1,9,0,5,0,0,0,0,0,0,1,1,6,2,27,6,1798,1,6,3,1,3
2018500302135,2,9,0,18,0,0,0,0,0,0,1,1,6,1,48,8,-1,-1,-1,6,3,6
2018500302153,1,9,0,9,0,6,0,0,0,0,3,1,6,1,74,10,998,1,3,3,1,3
2018500302153,2,21,0,18,0,1,0,0,0,0,1,1,6,1,50,8,6693,2,5,3,1,3
2018500302177,1,9,0,9,0,5,0,0,0,0,1,1,6,2,58,9,1598,1,10,4,3,4
2018500302177,2,9,0,3,0,1,0,0,0,0,1,1,6,1,36,7,-1,-1,-1,8,1,8
2018500302198,1,9,0,18,0,0,0,4,0,0,1,1,1,2,64,9,1200,1,5,3,3,3
2018500302198,2,9,0,2,0,0,0,0,0,0,1,1,6,2,63,9,1998,1,15,3,3,3
2018500302198,3,9,0,2,0,0,0,0,0,0,1,1,6,3,-1,-1,2143,2,4,-1,-1,-1
2018500302485,1,98,0,18,0,0,0,0,0,0,1,1,1,3,-1,-1,-1,-1,-1,-1,-1,-1
2018500302492,1,9,0,12,0,0,0,0,0,0,1,1,5,2,20,4,2000,2,13,5,3,5
2018500302492,2,9,0,4,0,0,0,0,0,0,1,1,5,1,42,7,1781,1,15,7,1,7
2018500302492,3,9,0,4,0,0,0,0,0,0,2,1,5,1,29,6,1997,2,8,9,1,9
2018500302493,1,9,0,9,0,8,0,0,0,0,1,1,6,1,52,8,1910,2,9,6,3,6
2018500302493,2,9,0,18,0,8,0,0,0,0,1,1,6,2,29,6,1999,1,10,7,3,7
2018500302498,1,9,0,5,0,8,0,0,0,0,3,1,6,1,82,11,1596,1,9,8,3,8
2018500302498,2,1,0,18,0,8,0,0,0,0,1,1,6,1,43,7,-1,-1,-1,6,3,6
2018500302517,1,19,0,18,0,3,0,0,0,0,2,1,6,1,42,7,2143,2,1,5,1,5
2018500302517,2,19,0,18,0,3,0,0,0,0,1,1,6,1,48,8,1968,2,2,3,2,3
2018500302519,1,9,0,18,0,0,0,4,0,0,1,1,6,1,21,5,1395,1,3,2,1,2
2018500302519,2,19,0,2,0,0,0,0,0,0,3,1,6,3,-1,-1,2198,2,4,8,1,8
2018500302520,1,9,0,5,0,0,0,0,0,0,1,1,5,2,81,11,1339,1,4,6,3,6
2018500302520,2,21,0,16,0,0,1,0,0,0,3,1,5,1,48,8,12740,2,2,7,1,7
2018500302532,1,9,0,9,0,6,0,0,0,0,3,1,3,1,33,6,1796,1,14,3,1,3
2018500302532,2,5,0,17,0,1,0,0,0,0,1,1,5,1,54,8,599,1,21,3,1,3
2018500302537,1,9,0,18,0,0,0,0,7,0,3,1,6,1,26,6,999,1,-1,5,2,5
2018500302537,2,9,0,18,0,0,0,0,0,0,3,1,5,2,83,11,1248,1,3,3,1,3
2018500302539,1,3,0,18,9,8,0,0,0,0,1,1,6,1,19,4,124,1,7,1,1,1
2018500302539,2,9,0,5,0,1,0,0,0,0,1,1,1,2,32,6,1560,2,6,3,-1,3
2018500302542,1,9,0,16,0,0,1,0,1,11,4,1,1,1,21,5,1839,1,22,3,1,3
2018500302542,2,11,0,2,0,0,0,0,0,0,2,1,1,1,61,9,3900,2,13,2,1,2
2018500302559,1,9,0,18,0,0,1,0,0,0,1,1,5,1,71,10,1896,2,16,3,3,3
2018500302559,2,9,0,10,0,0,0,0,0,0,4,1,5,1,29,6,-1,-1,-1,3,3,3
2018500302560,1,9,0,18,0,1,0,0,0,0,1,1,1,1,35,6,1499,2,1,4,1,4
2018500302560,2,9,0,4,0,1,0,0,0,0,2,1,6,2,18,4,1598,1,15,4,1,4
2018500302562,1,5,0,3,0,0,0,0,0,0,2,1,5,1,42,7,798,1,8,6,3,6
2018500302562,2,19,0,1,0,0,0,0,0,0,1,1,6,1,36,7,1995,2,1,3,3,3
2018500302577,1,9,0,18,0,0,5,0,7,4,3,1,6,1,21,5,1560,2,1,4,3,4
2018500302582,1,9,0,14,0,0,0,4,0,0,4,1,5,2,36,7,1984,1,18,4,2,4
2018500302582,2,9,0,2,0,0,0,0,0,0,3,1,1,2,23,5,1598,1,12,4,2,4
2018500302601,1,9,0,9,0,5,0,0,0,0,4,1,5,1,86,11,1560,2,6,5,3,5
2018500302601,2,9,0,18,0,8,1,0,0,0,1,1,6,1,21,5,998,1,17,8,1,8
2018500302926,1,9,0,18,0,0,0,0,0,0,1,1,5,2,23,5,1461,2,11,6,1,6
2018500302926,2,9,0,18,0,0,0,0,0,0,2,1,5,1,25,5,-1,-1,-1,2,2,2
2018500302972,1,9,0,18,0,0,0,0,0,0,1,1,6,3,-1,-1,-1,-1,-1,-1,-1,-1
2018500303128,1,9,0,18,0,8,0,0,0,0,4,1,6,2,-1,-1,-1,-1,-1,-1,-1,-1
2018500303352,1,9,0,16,0,0,0,0,6,0,1,1,6,1,82,11,2720,2,10,-1,-1,-1
2018500303359,1,9,0,18,0,1,1,0,0,0,1,1,6,2,29,6,2477,2,14,4,3,4
2018500303359,2,9,0,10,0,5,1,0,0,0,2,1,6,1,22,5,1997,1,16,4,3,4
2018500303361,1,9,0,17,0,8,0,0,0,0,3,1,5,1,65,9,-1,-1,-1,5,1,5
2018500303374,1,9,0,18,0,0,0,0,0,0,1,1,5,1,18,4,1242,1,9,8,1,8
2018500303375,1,9,0,9,0,5,0,0,0,0,4,1,6,1,85,11,1388,1,8,3,1,3
2018500303375,2,9,0,18,0,1,0,0,0,0,1,1,6,1,67,10,1598,2,8,4,1,4
2018500303376,1,9,0,9,0,8,0,0,0,0,4,1,5,1,25,5,1398,2,4,6,1,6
2018500303376,2,9,0,18,0,8,0,0,0,0,1,1,1,1,50,8,1895,1,17,7,3,7
2018500303377,1,9,0,18,0,0,2,0,0,0,4,1,5,1,40,7,1360,1,11,6,2,6
2018500303377,2,9,0,18,0,0,0,0,0,0,1,1,5,2,32,6,1956,2,7,6,2,6
2018500303390,1,9,0,18,0,0,0,0,0,0,1,1,5,2,29,6,1388,1,13,7,3,7
2018500303396,1,9,0,5,0,6,0,0,0,0,3,1,5,1,84,11,1318,1,2,4,1,4
2018500303396,2,5,0,18,0,1,1,0,0,0,1,1,5,1,44,7,598,1,20,4,1,4
2018500303400,1,9,0,4,0,1,0,0,0,0,1,1,2,1,30,6,1582,2,10,9,1,9
2018500303400,2,9,0,4,0,1,0,0,0,0,2,1,5,1,67,10,1796,1,12,6,3,6
2018500303400,3,9,0,4,0,1,0,0,0,0,2,1,5,1,65,9,1399,1,2,7,1,7
2018500303418,1,9,0,18,0,6,0,10,7,11,1,1,6,1,60,9,998,1,7,6,1,6
2018500303425,1,1,0,16,0,0,2,0,0,0,3,1,5,1,43,7,-1,-1,-1,7,1,7
2018500303425,2,9,0,17,0,0,0,0,0,0,1,1,5,1,29,6,1798,8,-1,-1,-1,-1
2018500303430,1,9,0,18,0,0,0,4,0,0,1,1,5,2,65,9,1242,1,11,5,2,5
2018500303430,2,9,0,2,0,0,0,4,0,0,1,1,6,1,43,7,1997,2,12,5,2,5
2018500303430,3,9,0,2,0,0,0,4,0,0,1,1,6,1,58,9,1598,2,7,5,2,5
2018500303430,4,9,0,2,0,0,0,4,0,0,1,1,6,2,28,6,1796,2,4,6,2,6
2018500303430,5,9,0,2,0,0,0,4,0,0,1,1,6,1,67,10,2198,1,14,5,2,5
2018500303437,1,3,0,18,0,0,0,0,0,0,1,1,6,1,20,4,124,1,5,6,2,6
2018500303441,1,9,0,13,0,0,2,0,8,0,1,1,6,1,36,7,3604,1,1,-1,1,-1
2018500303446,1,9,0,9,0,0,0,0,0,0,4,1,5,1,60,9,1997,8,1,9,1,9
2018500303446,2,5,0,13,0,0,1,0,1,0,3,1,1,1,-1,-1,1170,1,4,-1,-1,-1
2018500303474,1,9,0,17,0,0,2,0,7,4,1,1,6,1,28,6,1781,1,17,4,3,4
2018500303480,1,19,0,18,0,1,0,0,0,0,1,1,1,1,28,6,2298,2,6,4,3,4
2018500303480,2,9,0,9,0,6,0,0,8,0,1,1,6,1,20,4,1390,1,17,2,3,2
2018500303482,1,21,0,18,0,0,0,0,0,0,1,1,1,1,36,7,6700,2,4,1,1,1
2018500303482,2,9,0,18,0,0,0,0,0,0,1,1,6,2,52,8,2967,2,3,9,1,9
2018500303529,1,9,0,18,0,8,0,0,0,0,3,1,3,2,31,6,1796,1,16,2,1,2
2018500303756,1,9,0,9,0,1,0,0,0,0,1,1,6,3,-1,-1,-1,-1,-1,-1,-1,-1
2018500303756,2,9,0,9,0,1,0,0,0,0,0,1,6,1,64,9,1998,1,15,1,1,1
2018500303778,1,3,0,18,0,0,0,4,0,0,1,1,6,1,22,5,100,1,18,1,1,1
2018500303778,2,19,0,2,0,0,0,0,0,0,3,1,6,1,27,6,1796,7,13,3,1,3
2018500303782,1,9,0,5,0,6,0,0,0,0,1,1,6,2,29,6,1598,1,11,4,1,4
2018500303782,2,1,0,18,0,8,0,0,0,0,3,1,6,2,24,5,-1,-1,-1,6,2,6
2018500303797,1,9,0,18,0,2,0,0,0,0,3,1,6,1,24,5,1587,1,17,2,3,2
2018500303798,1,9,0,18,0,0,0,0,0,0,4,1,6,1,62,9,2400,2,4,9,1,9
2018500303811,1,9,0,18,0,0,0,0,0,0,2,1,5,1,60,9,1198,1,8,1,1,1
2018500303811,2,3,0,12,0,0,2,0,4,6,1,1,6,2,25,5,125,1,4,5,1,5
2018500303830,1,9,0,15,0,0,5,0,0,0,1,1,5,1,33,6,1398,1,-1,-1,-1,-1
2018500303830,2,9,0,18,0,0,5,0,0,0,1,1,2,2,45,7,1598,1,15,4,1,4
2018500303830,3,9,0,2,0,0,0,0,0,0,2,1,5,1,21,5,1599,1,13,4,3,4
2018500303833,1,3,0,17,0,0,2,10,1,0,3,1,6,1,30,6,124,1,7,4,1,4
2018500303836,1,9,0,16,0,0,5,0,8,2,1,1,6,1,23,5,1796,1,11,2,1,2
2018500303845,1,9,0,7,0,6,1,0,7,10,1,1,5,1,17,4,1390,1,18,7,2,7
2018500303845,2,8,0,18,0,1,0,0,0,0,2,1,1,1,60,9,1968,2,11,5,1,5
2018500303845,3,9,0,18,0,1,0,0,0,0,1,1,5,2,50,8,1560,2,13,4,1,4
2018500303861,1,9,0,18,0,0,0,0,0,0,1,1,6,1,17,4,1242,1,19,10,2,10
2018500303861,2,9,0,4,0,0,0,0,0,0,2,1,2,2,56,9,3200,2,14,7,3,7
2018500303880,1,9,0,16,0,0,1,0,3,0,0,1,6,1,69,10,1999,2,1,7,2,7
2018500304058,1,9,0,16,0,0,2,0,0,0,1,1,5,2,38,7,-1,-1,-1,5,2,5
2018500304064,1,9,0,3,0,0,0,0,0,0,1,1,6,2,49,8,1600,1,18,9,1,9
2018500304064,2,9,0,3,0,0,0,0,0,0,2,1,5,2,43,7,1997,2,17,6,1,6
2018500304064,3,9,0,3,0,0,0,0,0,0,2,1,6,1,27,6,1598,1,13,9,2,9
2018500304069,1,9,0,18,0,0,0,0,0,0,1,1,6,1,21,5,1390,1,17,2,1,2
2018500304069,2,9,0,18,0,0,0,0,0,0,1,1,5,2,65,9,-1,-1,-1,-1,-1,-1
2018500304069,3,9,0,18,0,0,0,0,1,1,3,1,1,1,44,7,999,1,-1,9,1,9
2018500304070,1,3,0,7,0,0,5,0,0,0,1,1,5,1,17,4,125,1,7,8,2,8
2018500304070,2,9,0,4,0,0,0,0,0,0,1,1,6,1,40,7,1968,2,4,7,3,7
2018500304073,1,1,0,18,0,0,5,0,1,9,0,1,5,1,19,4,-1,-1,-1,6,3,6
2018500304073,2,21,1,18,0,0,0,0,0,0,0,1,1,1,46,8,12419,2,1,-1,1,-1
2018500304076,1,9,0,18,0,0,0,0,0,0,3,1,6,1,37,7,-1,-1,-1,5,3,5
2018500304076,2,1,0,18,0,0,0,0,0,0,4,1,6,1,81,11,-1,-1,-1,7,2,7
2018500304077,1,5,0,4,0,0,1,0,0,0,4,1,6,1,57,9,736,1,43,-1,-1,-1
2018500304077,2,19,0,4,0,0,0,0,0,0,0,1,6,1,57,9,2198,2,5,-1,-1,-1
2018500304083,1,9,0,5,0,2,0,0,0,0,3,1,5,2,60,9,2204,2,10,7,1,7
2018500304083,2,9,0,13,0,2,0,0,0,0,3,1,6,1,-1,-1,-1,-1,-1,-1,-1,-1
2018500304083,3,9,0,13,0,2,0,0,0,0,3,1,6,2,23,5,1587,1,15,3,1,3
2018500304084,1,9,0,18,0,0,0,0,1,0,4,1,6,2,81,11,1339,1,11,7,3,7
2018500304088,1,9,0,4,0,0,0,0,0,0,2,1,5,1,58,9,1364,1,2,6,1,6
2018500304088,2,9,0,18,0,0,0,0,0,0,1,1,1,1,54,8,2993,2,3,6,3,6
2018500304091,1,9,0,18,0,0,0,0,0,0,1,1,6,1,58,9,1399,1,2,2,2,2
2018500304095,1,9,0,18,0,0,0,0,0,0,4,1,5,1,52,8,1149,1,8,5,1,5
2018500304097,1,9,0,18,0,0,0,0,0,0,1,1,5,2,56,9,1496,1,2,5,1,5
2018500304191,1,9,0,18,0,0,0,0,0,0,3,1,5,2,29,6,1149,1,10,-1,-1,-1
2018500304191,2,9,0,18,0,0,0,0,0,0,3,1,5,1,55,8,1794,1,14,-1,-1,-1
2018500304200,1,9,0,1,0,0,0,0,0,0,2,1,2,1,41,7,1598,2,7,1,1,1
2018500304200,2,3,0,3,0,0,0,0,0,0,1,1,6,1,43,7,125,1,-1,3,2,3
2018500304209,1,9,0,18,0,0,0,0,0,0,1,1,1,1,33,6,2987,2,2,4,3,4
2018500304209,2,9,0,18,0,0,0,0,0,0,1,1,1,1,19,4,-1,-1,-1,5,2,5
2018500304227,1,9,0,3,9,0,0,0,0,0,4,1,6,2,23,5,1896,2,16,8,1,8
2018500304242,1,9,0,16,0,0,0,0,0,0,1,1,5,2,19,4,1242,1,13,2,1,2