Accident_Index,Vehicle_Reference,Vehicle_Type,Towing_and_Articulation,Vehicle_Manoeuvre,Vehicle_Location-Restricted_Lane,Junction_Location,Skidding_and_Overturning,Hit_Object_in_Carriageway,Vehicle_Leaving_Carriageway,Hit_Object_off_Carriageway,1st_Point_of_Impact,Was_Vehicle_Left_Hand_Drive?,Journey_Purpose_of_Driver,Sex_of_Driver,Age_of_Driver,Age_Band_of_Driver,Engine_Capacity_(CC),Propulsion_Code,Age_of_Vehicle,Driver_IMD_Decile,Driver_Home_Area_Type,Vehicle_IMD_Decile
2018500304242,2,9,0,18,0,0,0,0,0,0,1,1,5,1,70,10,1995,2,3,7,3,7
2018500304253,1,9,0,5,0,0,0,0,0,0,0,1,1,1,57,9,1997,2,11,4,1,4
2018500304331,1,11,0,18,0,0,0,0,0,0,0,1,5,1,64,9,6700,2,2,4,1,4
2018500304398,1,19,0,18,0,0,0,0,0,0,4,1,1,1,40,7,1753,2,15,4,3,4
2018500304408,1,9,0,18,0,0,0,0,0,0,1,1,5,1,21,5,1242,1,16,5,1,5
2018500304412,1,9,0,1,0,0,0,0,0,0,2,1,6,1,20,4,1596,1,13,6,1,6
2018500304427,1,19,0,1,0,8,0,0,0,0,2,1,6,1,61,9,2497,2,1,4,2,4
2018500304528,1,19,0,18,0,0,0,0,0,0,1,1,2,1,39,7,2198,2,10,6,1,6
2018500304528,2,19,0,4,0,0,0,0,0,0,2,1,5,1,64,9,-1,-1,-1,3,1,3
2018500304551,1,9,0,18,0,0,0,0,0,0,1,1,5,1,41,7,1560,2,10,3,3,3
2018500304551,2,19,0,18,0,0,0,0,0,0,1,1,5,2,44,7,1997,2,4,3,1,3
2018500304862,1,9,0,18,0,1,0,0,0,0,1,1,6,2,59,9,1360,1,10,3,1,3
2018500304862,2,9,0,18,0,1,0,0,0,0,2,1,6,1,71,10,2179,2,8,1,1,1
2018500304866,1,9,0,18,0,0,0,0,0,0,1,1,6,1,70,10,2494,8,2,8,1,8
2018500304866,2,9,0,2,0,0,0,0,0,0,2,1,6,2,71,10,1699,1,13,7,1,7
2018500304870,1,2,0,18,0,0,0,0,0,0,1,1,6,1,26,6,98,1,16,1,1,1
2018500304870,2,9,0,18,0,0,0,0,0,0,2,1,2,1,33,6,1998,8,1,3,1,3
2018500304890,1,9,0,12,0,0,0,0,0,0,1,1,5,2,29,6,1997,2,15,8,1,8
2018500304890,2,5,0,12,0,0,0,0,0,0,3,1,2,1,35,6,649,1,6,6,-1,6
2018500304897,1,19,0,18,0,0,0,0,0,0,1,1,1,2,37,7,1753,2,11,4,3,4
2018500304898,1,9,0,11,0,0,0,0,0,0,4,1,6,1,64,9,1796,1,13,5,1,5
2018500304898,2,1,0,18,0,0,0,0,0,0,3,1,5,1,60,9,-1,-1,-1,2,1,2
2018500304915,1,9,0,3,0,0,0,0,0,0,2,1,2,1,51,8,1956,2,6,4,3,4
2018500304915,2,9,0,3,0,0,0,0,0,0,2,1,2,2,47,8,1197,1,1,5,1,5
2018500304915,3,9,0,3,0,0,0,0,0,0,2,1,5,2,26,6,1198,1,9,4,1,4
2018500304915,4,19,0,18,0,0,1,0,0,0,1,1,1,1,30,6,1968,2,3,5,3,5
2018500304944,1,98,0,18,0,0,0,0,1,0,3,1,6,2,25,5,-1,-1,-1,3,3,3
2018500304944,2,9,0,18,0,0,0,0,0,0,3,1,6,2,27,6,1999,1,11,4,3,4
2018500304949,1,9,0,18,0,0,5,10,1,11,1,1,5,1,50,8,1598,1,13,9,3,9
2018500304949,2,9,0,4,0,0,0,0,0,0,2,1,5,2,53,8,1364,1,1,-1,-1,-1
2018500304949,3,9,0,18,0,0,0,0,0,0,3,1,5,2,65,9,2993,2,5,7,3,7
2018500304956,1,9,0,18,0,0,0,0,0,0,1,1,6,2,28,6,1995,2,3,1,2,1
2018500304956,2,9,0,18,0,0,0,0,0,0,1,1,6,1,70,10,2967,1,13,4,3,4
2018500304958,1,9,0,18,0,0,1,0,0,0,1,1,5,1,25,5,1397,1,15,10,2,10
2018500304984,1,9,0,11,0,3,0,0,0,0,4,1,5,1,18,4,1229,1,10,8,2,8
2018500304984,2,1,0,17,0,4,0,0,0,0,3,1,5,1,30,6,-1,-1,-1,3,1,3
2018500305257,1,19,0,1,0,0,0,0,0,0,2,1,6,3,-1,-1,1968,2,6,-1,-1,-1
2018500305257,2,3,0,18,0,0,0,0,0,0,3,1,6,2,20,4,108,1,10,3,1,3
2018500305259,1,5,0,17,0,0,2,0,0,0,4,1,5,1,26,6,955,1,16,1,1,1
2018500305259,2,90,1,2,0,0,0,0,0,0,1,1,1,1,53,8,-1,-1,-1,4,1,4
2018500305281,1,9,0,18,0,0,0,0,0,0,1,1,5,1,76,11,1699,1,12,5,2,5
2018500305302,1,9,0,18,0,0,0,0,0,0,1,1,3,2,42,7,1390,1,12,5,1,5
2018500305302,2,1,0,18,0,0,0,0,0,0,4,1,4,1,13,3,-1,-1,-1,3,1,3
2018500305376,1,9,0,9,0,6,0,0,0,0,3,1,5,1,18,4,1686,2,13,3,3,3
2018500305376,2,9,0,18,0,1,0,0,0,0,1,1,5,1,30,6,2987,2,12,3,2,3
2018500305643,1,9,0,9,0,0,0,0,7,0,3,1,6,1,39,7,1896,2,17,6,1,6
2018500305643,2,2,0,13,0,0,0,0,7,0,4,1,1,1,26,6,124,1,7,1,1,1
2018500305646,1,9,0,1,0,0,0,0,0,0,2,1,6,3,-1,-1,1796,1,14,-1,-1,-1
2018500305648,1,9,0,9,0,8,0,0,0,0,1,1,6,1,37,7,1600,1,14,2,1,2
2018500305648,2,1,0,18,0,8,0,0,0,0,1,1,6,1,49,8,-1,-1,-1,8,1,8
2018500305651,1,9,0,6,0,0,0,0,0,0,3,1,5,1,37,7,1598,2,3,9,1,9
2018500305651,2,3,0,13,0,0,0,0,0,0,1,1,5,1,17,4,125,1,4,5,1,5
2018500305673,1,9,0,17,0,7,0,0,1,0,3,1,5,1,18,4,1299,1,15,7,2,7
2018500305685,1,9,0,18,0,2,0,0,0,0,2,1,1,1,43,7,-1,-1,-1,5,-1,5
2018500305685,2,4,0,18,0,1,2,0,0,0,1,1,2,1,22,5,400,1,29,3,1,3
2018500305691,1,9,0,18,0,1,0,0,0,0,1,1,5,1,32,6,1149,1,10,5,3,5
2018500305691,2,9,0,18,0,1,0,0,0,0,1,1,5,1,36,7,1969,2,2,4,1,4
2018500305691,3,9,0,3,0,1,0,0,0,0,2,1,5,1,36,7,796,1,18,4,1,4
2018500305725,1,9,0,16,0,0,1,0,1,4,1,1,5,1,23,5,1999,1,12,3,1,3
2018500305745,1,9,0,18,0,8,0,0,0,0,1,1,5,1,49,8,1995,2,4,6,1,6
2018500305745,2,11,0,18,0,8,0,0,0,0,3,1,5,1,54,8,-1,-1,-1,8,1,8
2018500305950,1,3,0,16,0,1,0,0,0,0,1,1,2,1,21,5,125,1,1,4,1,4
2018500305950,2,9,0,5,0,6,0,0,0,0,1,1,5,1,24,5,1199,1,14,2,3,2
2018500305969,1,19,0,16,0,4,0,0,0,0,1,1,6,1,49,8,2143,2,-1,9,1,9
2018500305969,2,1,0,18,0,4,0,0,0,0,1,1,6,2,13,3,-1,-1,-1,1,1,1
2018500306009,1,9,0,17,0,0,0,0,0,0,1,1,5,1,-1,-1,-1,-1,-1,-1,-1,-1
2018500306009,2,9,0,16,0,0,0,0,0,0,1,1,6,2,42,7,1386,1,10,5,3,5
2018500306011,1,9,0,18,0,0,0,0,0,0,1,1,6,1,38,7,1984,1,11,-1,-1,-1
2018500306011,2,9,0,3,0,0,0,0,0,0,1,1,5,2,30,6,1968,1,9,-1,-1,-1
2018500306012,1,9,0,18,0,6,0,0,0,0,1,1,6,2,23,5,1086,1,11,3,1,3
2018500306012,2,9,0,9,0,2,0,0,0,0,3,1,6,2,39,7,1796,1,11,5,3,5
2018500306028,1,9,0,17,0,0,5,0,0,0,3,1,5,2,74,10,-1,-1,-1,4,3,4
2018500306080,1,9,0,4,0,0,0,0,0,0,2,1,6,2,45,7,2993,2,8,5,2,5
2018500306080,2,9,0,4,0,0,0,0,0,0,1,1,6,2,20,4,998,1,12,2,1,2
2018500306081,1,9,0,18,0,0,0,0,4,6,3,1,5,1,32,6,278,1,2,6,1,6
2018500306101,1,9,0,18,0,0,0,0,0,0,1,1,1,2,53,8,1332,1,19,3,1,3
2018500306286,1,9,0,18,0,0,0,0,0,0,1,1,6,2,18,4,998,1,9,8,3,8
2018500306290,1,19,0,16,0,0,0,0,0,0,1,1,1,1,23,5,2198,2,2,4,3,4
2018500306290,2,9,0,17,0,0,0,0,1,0,1,1,6,1,76,11,2993,2,13,3,3,3
2018500306307,1,9,0,18,0,0,5,0,1,9,4,1,5,2,77,11,2400,2,5,9,2,9
2018500306312,1,9,0,18,0,0,0,0,1,1,1,1,5,1,28,6,2000,2,14,5,1,5
2018500306324,1,4,0,16,0,0,0,11,2,10,1,1,5,1,67,10,499,1,10,5,3,5
2018500306329,1,9,0,17,0,0,2,0,1,10,4,1,2,2,56,9,1198,1,1,2,3,2
2018500306432,1,19,4,13,0,0,0,0,0,0,1,1,6,1,45,7,2499,2,2,5,2,5
2018500306432,2,1,0,18,0,0,0,0,0,0,2,1,6,1,44,7,-1,-1,-1,5,1,5
2018500306436,1,9,0,5,0,6,0,0,0,0,1,1,2,2,18,4,1596,1,12,5,2,5
2018500306438,1,5,0,3,0,0,0,0,0,0,2,1,5,1,57,9,1352,1,10,1,1,1
2018500306438,2,9,0,4,0,0,0,0,0,0,1,1,5,2,32,6,1968,2,9,1,1,1
2018500306444,1,9,0,14,0,0,0,0,0,0,1,1,6,2,21,5,1229,1,4,6,2,6
2018500306444,2,3,0,14,0,0,0,0,0,0,1,1,6,2,25,5,125,1,3,6,2,6
2018500306455,1,9,0,9,0,8,0,0,0,0,4,1,6,1,59,9,1339,1,13,4,1,4
2018500306455,2,1,0,18,0,8,0,0,0,0,3,1,5,1,41,7,-1,-1,-1,6,1,6
2018500306459,1,9,0,18,0,0,0,0,0,0,1,1,6,1,26,6,2231,2,11,4,3,4
2018500306459,2,9,0,6,0,0,0,0,0,0,2,1,6,1,22,5,898,1,-1,9,1,9
2018500306462,1,9,0,18,0,0,0,0,0,0,1,1,2,2,35,6,998,1,18,6,1,6
2018500306462,2,9,0,4,0,0,0,0,0,0,2,1,2,2,25,5,998,1,1,4,1,4
2018500306472,1,9,0,17,0,0,1,0,7,0,1,1,6,1,17,4,998,1,7,5,2,5
2018500306479,1,9,0,10,0,8,0,0,0,0,4,1,6,2,47,8,1995,2,11,6,2,6
2018500306479,2,1,0,18,0,8,0,0,0,0,1,1,2,2,30,6,-1,-1,-1,4,1,4
2018500306481,1,9,0,18,0,0,0,0,0,0,3,1,6,1,24,5,1995,2,12,8,3,8
2018500306481,2,9,0,18,0,0,0,0,0,0,3,1,6,1,52,8,898,1,1,9,2,9
2018500306483,1,9,0,18,0,1,0,0,0,0,1,1,6,3,-1,-1,1796,1,13,-1,-1,-1
2018500306492,1,9,0,18,0,8,0,0,0,0,4,1,2,2,73,10,1496,1,1,8,2,8
2018500306492,2,9,0,18,0,1,0,0,0,0,1,1,6,1,36,7,2688,2,18,2,1,2
2018500306492,3,9,0,10,0,2,0,0,0,0,1,1,5,1,37,7,1968,2,2,4,1,4
2018500306512,1,5,0,13,0,0,0,0,0,0,4,1,5,1,24,5,649,1,8,4,2,4
2018500306512,2,9,0,13,0,0,0,0,0,0,3,1,5,1,62,9,1995,2,1,4,2,4
2018500306513,1,9,0,18,0,0,0,0,0,0,1,1,1,2,25,5,1388,1,10,3,2,3
2018500306513,2,9,0,18,0,0,0,0,0,0,1,1,1,2,60,9,1560,2,3,6,2,6
2018500306513,3,9,0,18,0,0,0,0,0,0,3,1,6,2,35,6,998,1,2,8,1,8
2018500306516,1,9,0,18,0,0,0,4,0,0,1,1,6,3,-1,-1,-1,-1,-1,-1,-1,-1
2018500306516,2,9,0,3,0,0,0,0,0,0,2,1,6,1,67,10,1200,1,5,6,3,6
2018500306696,1,9,0,5,0,2,0,0,0,0,3,1,5,1,57,9,1796,1,13,4,1,4
2018500306696,2,9,0,18,0,2,0,0,0,0,1,1,5,1,51,8,1997,1,5,9,1,9
2018500306798,1,9,0,5,0,6,0,0,0,0,1,1,6,1,80,11,1339,1,5,5,2,5
2018500306798,2,9,0,18,0,1,0,0,0,0,1,1,6,2,25,5,1968,2,-1,5,2,5
2018500306817,1,9,0,3,0,2,0,0,0,0,2,1,5,1,20,4,1390,1,6,-1,1,-1
2018500306817,2,9,0,7,0,2,0,0,0,0,1,1,5,2,47,8,1248,1,8,4,2,4
2018500306846,1,3,0,18,0,0,1,0,0,0,0,1,2,1,23,5,125,1,9,2,1,2
2018500306852,1,9,0,18,0,4,0,0,0,0,0,1,5,1,49,8,-1,-1,-1,2,1,2
2018500306852,2,19,0,18,0,4,0,0,0,0,0,1,5,1,40,7,1998,2,13,5,3,5
2018500306852,3,1,0,18,0,4,0,0,0,0,1,1,2,1,50,8,-1,-1,-1,6,1,6
2018500306857,1,9,0,17,0,8,0,0,0,0,1,1,2,2,61,9,1560,2,8,5,3,5
2018500306857,2,9,0,9,0,6,0,0,0,0,1,1,2,2,52,8,1968,2,9,10,1,10
2018500306858,1,9,0,8,0,6,0,0,0,0,1,1,6,1,62,9,1248,2,10,3,3,3
2018500306858,2,9,0,18,0,1,1,0,0,0,1,1,6,2,48,8,2495,1,-1,5,3,5
2018500306888,1,9,0,12,0,0,0,0,0,0,2,1,5,1,55,8,1596,1,1,8,1,8
2018500306888,2,19,0,18,0,0,0,0,0,0,1,1,1,1,50,8,2299,2,2,10,1,10
2018500306889,1,90,0,18,0,0,0,0,0,0,4,1,6,1,16,4,-1,-1,-1,3,1,3
2018500306889,2,90,0,18,0,0,0,0,0,0,3,1,6,2,17,4,-1,-1,-1,5,1,5
2018500306893,1,9,0,5,0,0,0,0,0,0,1,1,5,1,47,8,1968,2,8,3,1,3
2018500306915,1,9,0,18,0,0,0,0,0,0,0,1,1,1,33,6,1598,2,5,4,1,4
2018500306915,2,3,0,4,0,0,5,10,1,0,1,1,1,1,20,4,108,1,2,6,3,6
2018500306947,1,9,0,18,0,8,0,0,7,7,1,1,1,1,31,6,1995,2,6,9,1,9
2018500306947,2,9,0,18,0,8,0,0,0,0,3,1,5,2,25,5,999,1,1,8,3,8
2018500306972,1,9,0,10,0,1,0,0,0,0,1,1,1,2,27,6,1329,1,5,10,-1,10
2018500306972,2,1,0,10,0,1,5,0,0,0,2,1,1,2,36,7,-1,-1,-1,6,1,6
2018500307029,1,9,4,18,0,0,0,0,0,0,4,1,1,1,61,9,2993,2,6,4,2,4
2018500307262,1,9,0,16,0,0,0,0,0,0,1,1,5,1,79,11,1395,1,-1,6,3,6
2018500307262,2,11,0,17,0,0,0,0,0,0,1,1,5,1,43,7,9000,2,13,3,2,3
2018500307265,1,9,0,18,0,1,0,0,0,0,1,1,5,2,59,9,998,1,3,4,1,4
2018500307276,1,9,0,4,0,0,0,0,0,0,2,1,5,1,53,8,1197,1,1,6,1,6
2018500307276,2,9,0,4,0,0,0,0,0,0,2,1,5,2,24,5,1242,1,8,5,1,5
2018500307276,3,9,0,4,0,0,1,0,0,0,1,1,5,1,35,6,1398,2,13,6,3,6
2018500307284,1,3,0,18,0,2,5,0,0,0,1,1,6,1,20,4,124,1,9,6,3,6
2018500307285,1,9,0,18,0,0,0,0,0,0,1,1,4,2,21,5,1086,1,13,1,1,1
2018500307285,2,9,0,4,0,0,0,0,0,0,2,1,1,2,34,6,1560,2,4,1,1,1
2018500307291,1,11,0,5,0,0,0,0,0,0,0,1,1,1,55,8,7300,2,6,7,2,7
2018500307294,1,9,0,18,0,1,0,0,0,0,1,1,1,1,37,7,1348,1,17,2,1,2
2018500307294,2,9,0,10,0,1,0,0,0,0,2,1,1,1,26,6,1360,1,15,5,1,5
2018500307296,1,9,0,13,0,0,2,0,0,0,1,1,2,1,33,6,-1,-1,-1,2,1,2
2018500307296,2,17,4,10,0,0,0,0,0,0,2,1,1,1,25,5,6788,2,1,6,3,6
2018500307302,1,9,0,18,0,8,0,0,0,0,4,1,5,2,31,6,-1,-1,-1,10,1,10
2018500307302,2,1,0,18,0,8,0,0,0,0,3,1,5,2,38,7,-1,-1,-1,4,1,4
2018500307310,1,9,0,18,0,1,0,0,1,11,1,1,5,1,67,10,-1,-1,-1,4,3,4
2018500307310,2,9,0,18,0,1,0,0,0,0,1,1,5,1,89,11,1198,1,1,4,-1,4
2018500307316,1,9,0,18,0,0,0,4,0,0,1,1,5,2,39,7,1124,1,17,4,1,4
2018500307316,2,9,0,2,0,0,0,0,0,0,2,1,6,2,-1,-1,1753,2,9,-1,-1,-1
2018500307316,3,9,0,2,0,0,0,0,0,0,2,1,6,1,-1,-1,2143,2,8,-1,-1,-1
2018500307344,1,9,0,2,0,0,0,0,0,0,1,1,5,2,-1,-1,1990,1,21,4,1,4
2018500307344,2,9,0,18,0,0,0,4,0,0,1,1,5,1,44,7,1997,1,20,1,1,1
2018500307344,3,9,0,18,0,0,0,0,1,0,1,1,5,2,33,6,1299,1,11,3,1,3
2018500307347,1,3,0,6,0,0,0,0,0,0,1,1,2,1,32,6,125,1,4,5,1,5
2018500307347,2,9,0,18,0,0,0,0,0,0,1,1,1,1,31,6,1968,2,9,7,3,7
2018500307453,1,3,0,14,0,0,0,0,0,0,4,1,6,1,36,7,124,1,7,6,1,6
2018500307453,2,9,0,17,0,0,0,0,0,0,3,1,6,2,39,7,1598,1,6,3,1,3
2018500307654,1,9,0,2,0,0,0,0,0,0,4,1,6,3,-1,-1,1596,1,12,-1,-1,-1
2018500307654,2,9,0,18,0,0,0,0,0,0,3,1,6,2,33,6,1896,2,14,7,1,7
2018500307658,1,9,0,18,0,0,0,0,0,0,3,1,5,1,69,10,1339,1,6,4,1,4
2018500307661,1,19,0,1,0,1,0,0,0,0,2,1,1,1,44,7,2143,2,4,5,3,5
2018500307661,2,4,0,18,0,1,5,0,0,0,1,1,2,1,56,9,-1,-1,-1,3,3,3
2018500307662,1,9,0,9,0,8,0,0,0,0,4,1,6,2,19,4,1198,1,13,4,3,4
2018500307662,2,9,0,18,0,1,0,0,0,0,3,1,6,1,67,10,1339,1,5,2,1,2
2018500307670,1,1,0,9,0,5,0,0,0,0,1,1,2,1,35,6,-1,-1,-1,8,1,8
2018500307670,2,9,0,18,0,8,0,0,0,0,1,1,2,1,23,5,1781,1,16,8,1,8
2018500307671,1,9,0,5,0,8,0,0,0,0,1,1,5,1,72,10,1248,2,10,4,3,4
2018500307671,2,9,0,3,0,1,0,0,0,0,3,1,5,1,41,7,1364,1,-1,4,1,4
2018500307673,1,19,0,18,0,0,0,0,1,11,4,1,2,2,43,7,1560,2,3,1,1,1
2018500307674,1,9,0,18,0,0,0,0,0,0,1,1,6,1,-1,-1,-1,-1,-1,-1,-1,-1
2018500307674,2,9,0,3,0,0,0,0,0,0,2,1,5,2,32,6,1388,1,7,1,1,1
2018500307675,1,9,0,5,0,2,0,0,0,0,1,1,6,1,67,10,1582,2,3,7,1,7
2018500307675,2,9,0,4,0,1,0,0,0,0,3,1,6,2,37,7,1896,2,12,4,2,4
2018500307675,3,9,0,18,0,1,0,0,0,0,3,1,6,2,33,6,1461,2,3,2,1,2
2018500307677,1,9,0,4,0,0,0,0,0,0,1,1,5,1,45,7,1984,1,12,3,3,3
2018500307677,2,21,0,18,0,0,0,0,0,0,1,1,6,1,46,8,12902,2,4,9,1,9
2018500307689,1,9,0,18,0,1,0,0,0,0,1,1,6,2,61,9,1598,1,11,8,2,8
2018500307689,2,1,0,9,0,6,0,0,0,0,1,1,6,2,14,3,-1,-1,-1,10,2,10
2018500307690,1,9,0,16,0,0,1,0,7,0,4,1,2,2,20,4,1390,1,12,5,2,5
2018500307701,1,9,0,18,0,8,0,0,0,0,1,1,5,1,39,7,2993,2,15,1,1,1
2018500307701,2,1,0,18,0,8,0,0,0,0,1,1,6,1,53,8,-1,-1,-1,9,2,9
2018500307708,1,9,0,18,0,0,0,0,0,0,3,1,1,1,69,10,1560,2,4,4,3,4
2018500307724,1,9,0,18,0,1,0,0,1,9,1,1,6,2,34,6,1198,1,16,5,1,5
2018500307724,2,9,0,9,0,5,0,0,7,9,2,1,6,1,71,10,1998,1,2,10,1,10
2018500307737,1,9,0,18,0,1,0,0,0,0,1,1,5,1,-1,-1,2494,1,19,7,1,7
2018500307737,2,1,0,18,0,1,0,0,0,0,2,1,5,1,38,7,-1,-1,-1,1,1,1
2018500307760,1,8,0,18,0,8,0,0,0,0,4,1,1,1,36,7,1997,2,10,6,1,6
2018500307760,2,8,0,2,2,8,0,0,0,0,0,1,1,1,39,7,1997,2,10,1,1,1
2018500307771,1,5,0,16,0,1,0,0,0,0,1,1,6,1,28,6,998,1,2,8,1,8
2018500307771,2,9,0,3,0,1,0,0,0,0,2,1,6,1,59,9,1197,1,6,8,1,8
2018500307771,3,9,0,18,0,1,0,0,0,0,3,1,6,1,44,7,1997,2,8,5,3,5
2018500307804,1,9,0,9,0,1,0,0,0,0,1,1,6,1,25,5,1796,1,12,3,1,3
2018500307804,2,1,0,18,0,1,5,0,0,0,4,1,5,1,22,5,-1,-1,-1,10,1,10
2018500307858,1,9,0,16,0,0,2,0,8,4,1,1,5,1,30,6,1839,1,24,4,2,4
2018500307990,1,2,0,9,0,2,0,0,0,0,1,1,5,1,16,4,49,1,3,5,3,5
2018500307990,2,9,0,18,0,1,0,0,0,0,1,1,5,2,41,7,1991,2,10,6,3,6
2018500307992,1,9,0,18,0,0,0,0,0,0,1,1,5,2,59,9,1242,1,11,6,1,6
2018500307998,1,9,0,5,0,6,0,0,0,0,3,1,6,1,20,4,1598,1,4,4,1,4
2018500307998,2,1,0,18,0,8,0,0,0,0,1,1,6,1,29,6,-1,-1,-1,4,1,4
2018500308001,1,9,0,18,0,0,0,0,0,0,0,1,6,1,56,9,998,1,1,3,1,3
2018500308001,2,9,0,4,0,0,0,0,0,0,1,1,6,1,17,4,1390,1,14,1,1,1
2018500308002,1,9,0,17,0,0,2,0,0,0,1,1,6,1,44,7,1248,1,6,-1,-1,-1
2018500308020,1,9,0,5,0,1,0,0,0,0,3,1,5,1,21,5,1598,2,1,8,2,8
2018500308020,2,9,0,11,0,1,0,0,0,0,4,1,6,1,75,10,2359,1,4,7,1,7
2018500308021,1,9,0,18,0,0,2,0,1,10,1,1,5,2,38,7,1299,1,10,6,3,6
2018500308028,1,3,0,4,0,0,2,0,0,0,4,1,6,1,32,6,125,1,-1,4,1,4
2018500308442,1,9,0,9,0,1,0,0,0,0,3,1,5,1,19,4,1399,2,10,5,3,5
2018500308442,2,9,0,13,0,1,0,0,0,0,1,1,1,2,43,7,1149,1,21,5,3,5
2018500308445,1,9,0,16,0,0,0,0,0,0,1,1,5,1,28,6,-1,-1,-1,2,1,2
2018500308445,2,9,0,17,0,0,0,0,0,0,1,1,5,2,57,9,2143,2,1,4,3,4
2018500308448,1,9,0,10,0,1,0,0,0,0,1,1,5,2,82,11,998,1,12,7,1,7
2018500308448,2,3,0,18,0,1,0,0,0,0,4,1,5,1,17,4,125,1,-1,2,1,2
2018500308448,3,9,0,2,0,1,0,0,0,0,0,1,5,1,21,5,1422,2,2,7,1,7
2018500308454,1,9,0,18,0,3,1,0,0,0,3,1,6,1,30,6,1988,1,19,6,3,6
2018500308454,2,9,0,4,0,4,0,0,0,0,1,1,6,1,60,9,1598,1,10,8,1,8
2018500308467,1,9,0,18,0,1,0,0,0,0,1,1,3,2,25,5,1499,2,-1,4,3,4
2018500308467,2,1,0,18,0,1,0,0,0,0,1,1,4,1,14,3,-1,-1,-1,2,1,2
2018500308474,1,5,0,5,0,1,0,0,0,0,1,1,5,1,49,8,738,1,15,2,1,2
2018500308474,2,9,0,15,0,8,0,0,0,0,3,1,5,2,53,8,1461,2,1,7,1,7
2018500308475,1,9,0,18,0,0,0,0,1,0,1,1,1,1,20,4,1598,1,16,-1,-1,-1
2018500308486,1,9,0,18,0,0,1,0,0,0,1,1,5,1,27,6,2793,1,18,1,1,1
2018500308486,2,9,0,18,0,0,1,0,0,0,1,1,5,2,18,4,1242,1,13,4,3,4
2018500308486,3,9,0,18,0,0,0,0,0,0,2,1,1,1,36,7,1797,8,4,6,2,6
2018500308495,1,9,0,4,0,1,0,0,0,0,1,1,2,1,36,7,1968,2,6,7,1,7
2018500308495,2,5,0,4,0,1,0,0,0,0,2,1,2,1,23,5,749,1,11,4,1,4
2018500308509,1,9,0,14,0,2,0,0,0,0,1,1,6,2,30,6,998,1,7,4,1,4
2018500308511,1,9,0,8,0,0,0,0,0,0,4,1,6,3,-1,-1,-1,-1,-1,-1,-1,-1
2018500308511,2,1,0,18,0,0,0,0,0,0,3,1,5,2,45,7,-1,-1,-1,8,1,8
2018500308517,1,9,0,9,0,5,0,0,0,0,1,1,5,2,58,9,1124,1,17,3,1,3
2018500308517,2,1,0,18,0,1,0,0,0,0,1,1,5,1,55,8,-1,-1,-1,6,1,6
2018500308803,1,3,0,18,0,0,0,0,0,0,0,1,6,1,20,4,125,1,5,3,1,3
2018500308803,2,9,0,18,0,0,0,0,0,0,0,1,1,1,37,7,1686,2,9,3,3,3
2018500308808,1,9,0,16,0,0,0,0,0,0,1,1,6,1,31,6,1587,1,13,4,2,4
2018500308808,2,9,0,17,0,0,0,0,0,0,1,1,6,2,59,9,1582,2,9,5,2,5
2018500308810,1,9,0,18,0,0,1,0,0,0,1,1,6,1,36,7,1999,1,13,4,3,4
2018500308810,2,9,0,18,0,0,0,0,0,0,1,1,5,2,44,7,1968,2,8,6,2,6
2018500308812,1,9,0,7,0,5,0,0,0,0,1,1,2,1,54,8,1242,1,18,6,1,6
2018500308812,2,1,0,18,0,1,0,0,0,0,1,1,6,2,44,7,-1,-1,-1,7,1,7
2018500308814,1,9,0,17,0,0,5,0,0,0,1,1,5,1,19,4,1388,1,13,8,2,8
2018500308820,1,9,0,18,0,0,0,0,1,4,1,1,6,1,47,8,1560,2,2,4,3,4
2018500308821,1,17,4,9,0,0,0,0,0,0,4,1,1,1,27,6,6728,2,3,6,3,6
2018500308821,2,5,0,16,0,0,0,0,0,0,1,1,2,1,56,9,1200,1,1,5,3,5
2018500308822,1,9,0,18,0,0,0,4,0,0,4,1,6,1,81,11,1390,1,9,5,3,5
2018500308822,2,9,0,2,0,0,0,0,0,0,4,1,6,2,33,6,999,1,2,5,-1,5
2018500308827,1,9,0,16,0,8,0,0,0,0,3,1,6,3,-1,-1,998,1,-1,-1,-1,-1
2018500308828,1,9,0,1,0,0,0,0,0,0,2,1,6,1,35,6,1595,1,17,6,2,6
2018500308832,1,9,0,18,0,0,0,0,0,0,4,1,5,1,63,9,1598,1,9,9,1,9
2018500308832,2,1,0,18,0,0,0,0,0,0,3,1,5,1,44,7,-1,-1,-1,4,1,4
2018500308843,1,3,0,18,0,0,2,0,0,0,1,1,1,1,27,6,124,1,9,4,1,4
2018500308843,2,9,0,5,0,0,0,0,0,0,4,1,1,1,59,9,-1,-1,-1,4,3,4
2018500308844,1,9,0,5,0,6,0,0,0,0,1,1,6,1,68,10,2993,2,7,9,1,9
2018500308844,2,9,0,3,0,6,0,0,0,0,2,1,6,2,53,8,1586,1,11,4,3,4
2018500308846,1,9,0,8,0,1,0,0,0,0,4,1,6,2,40,7,1461,2,-1,2,1,2
2018500308846,2,5,0,18,0,1,0,0,0,0,1,1,6,1,59,9,996,1,15,6,1,6