Accident_Index,Vehicle_Reference,Vehicle_Type,Towing_and_Articulation,Vehicle_Manoeuvre,Vehicle_Location-Restricted_Lane,Junction_Location,Skidding_and_Overturning,Hit_Object_in_Carriageway,Vehicle_Leaving_Carriageway,Hit_Object_off_Carriageway,1st_Point_of_Impact,Was_Vehicle_Left_Hand_Drive?,Journey_Purpose_of_Driver,Sex_of_Driver,Age_of_Driver,Age_Band_of_Driver,Engine_Capacity_(CC),Propulsion_Code,Age_of_Vehicle,Driver_IMD_Decile,Driver_Home_Area_Type,Vehicle_IMD_Decile
2018500313044,2,9,0,18,0,2,0,0,0,0,1,1,6,2,31,6,1197,1,4,4,2,4
2018500313061,1,9,0,18,0,1,0,0,0,0,1,1,6,1,37,7,1753,2,18,8,2,8
2018500313077,1,9,0,4,0,0,0,0,0,0,2,1,6,2,54,8,1997,2,10,-1,1,-1
2018500313077,2,9,0,18,0,0,0,0,0,0,1,1,6,1,60,9,2148,2,13,8,1,8
2018500313132,1,9,0,13,0,7,2,0,0,0,1,1,5,1,55,8,-1,-1,-1,3,3,3
2018500313132,2,9,0,18,0,2,0,0,0,0,4,1,5,1,58,9,1598,1,9,9,3,9
2018500313132,3,9,3,18,0,7,0,0,0,0,3,1,5,1,52,8,1995,2,4,7,1,7
2018500313151,1,9,0,9,0,5,0,0,0,0,1,1,6,1,18,4,1390,1,12,5,3,5
2018500313151,2,9,0,18,0,1,0,0,0,0,1,1,6,1,50,8,3199,1,15,8,1,8
2018500313230,1,9,0,18,0,0,0,0,1,11,1,1,5,1,49,8,2496,1,17,1,1,1
2018500313295,1,9,0,18,0,0,0,0,0,0,4,1,6,1,37,7,1995,2,6,9,1,9
2018500313301,1,19,0,18,0,1,0,0,0,0,4,1,6,1,64,9,2461,2,16,5,3,5
2018500313301,2,1,0,10,0,1,0,0,0,0,3,1,6,1,35,6,-1,-1,-1,4,-1,4
2018500313304,1,9,0,5,0,6,0,0,0,0,0,1,6,3,-1,-1,1396,1,14,-1,-1,-1
2018500313304,2,9,0,18,0,1,0,0,0,0,0,1,6,1,52,8,1896,2,9,8,2,8
2018500313311,1,17,0,18,0,0,5,0,7,11,3,1,1,1,88,11,-1,2,30,7,3,7
2018500313311,2,17,4,18,0,0,0,0,0,0,3,1,1,1,42,7,-1,2,4,7,3,7
2018500313326,1,9,0,4,0,0,0,0,0,0,1,1,6,1,62,9,1199,1,17,4,1,4
2018500313329,1,9,0,4,0,0,0,0,0,0,3,1,6,1,43,7,1999,1,11,8,3,8
2018500313329,2,1,0,4,0,0,0,0,0,0,2,1,6,1,38,7,-1,-1,-1,3,1,3
2018500313333,1,9,0,18,0,0,0,0,0,0,0,1,6,2,49,8,999,1,1,3,1,3
2018500313333,2,3,0,18,0,0,0,0,0,0,0,1,6,1,45,7,125,1,5,9,1,9
2018500313340,1,9,0,18,0,0,0,0,0,0,1,1,6,2,18,4,1560,2,6,5,1,5
2018500313340,2,9,0,4,0,0,0,0,0,0,2,1,6,2,38,7,-1,-1,-1,8,2,8
2018500313340,3,9,0,3,0,0,0,0,0,0,2,1,6,2,50,8,1998,1,15,9,3,9
2018500313345,1,9,0,17,0,0,0,0,0,0,1,1,5,1,42,7,1968,2,12,1,1,1
2018500313345,2,19,0,16,0,0,0,0,0,0,1,1,5,2,26,6,1753,2,13,5,2,5
2018500313347,1,9,0,18,0,0,0,0,0,0,4,1,6,1,81,11,1197,1,4,9,2,9
2018500313347,2,1,0,18,0,0,0,0,0,0,0,1,6,1,46,8,-1,-1,-1,8,1,8
2018500313370,1,9,0,18,0,1,0,0,1,0,1,1,5,2,19,4,1299,1,18,6,1,6
2018500313370,2,19,0,2,0,1,0,0,0,0,2,1,1,1,36,7,1995,2,-1,9,1,9
2018500313370,3,9,0,2,0,1,0,0,0,0,2,1,5,1,24,5,1398,2,16,6,1,6
2018500313377,1,1,0,18,0,0,1,0,0,0,1,1,5,1,73,10,-1,-1,-1,5,1,5
2018500313377,2,9,0,3,0,0,0,0,0,0,4,1,5,2,80,11,1995,2,6,6,3,6
2018500313646,1,9,0,18,0,1,0,0,0,0,1,1,6,1,25,5,1598,2,7,6,2,6
2018500313646,2,9,0,5,0,1,0,0,0,0,2,1,6,2,62,9,1560,2,6,4,3,4
2018500313824,1,5,0,18,0,0,0,0,0,0,1,1,6,1,61,9,885,1,22,3,1,3
2018500313824,2,1,0,18,0,0,0,0,0,0,2,1,6,1,15,3,-1,-1,-1,4,1,4
2018500314058,1,21,0,18,0,4,0,0,0,0,1,1,6,1,24,5,9186,2,5,2,1,2
2018500314058,2,1,0,18,0,4,0,0,0,0,1,1,6,1,47,8,-1,-1,-1,4,3,4
2018500314109,1,1,0,18,0,0,0,0,0,0,1,1,6,1,21,5,-1,-1,-1,9,3,9
2018500314432,1,9,0,9,0,1,0,0,0,0,1,1,1,1,47,8,-1,-1,-1,4,3,4
2018500314432,2,1,0,18,0,1,0,0,0,0,4,1,5,2,55,8,-1,-1,-1,4,3,4
2018500314436,1,21,0,18,0,0,1,0,0,0,1,1,1,1,47,8,2287,2,7,6,3,6
2018500314436,2,9,0,18,0,0,1,0,0,0,1,1,6,2,28,6,1587,1,18,8,2,8
2018500314436,3,9,0,18,0,0,0,0,0,0,2,1,1,2,47,8,1360,1,15,2,2,2
2018500314436,4,9,0,4,0,0,0,0,0,0,1,1,6,1,55,8,1498,1,2,8,2,8
2018500314447,1,9,0,7,0,6,0,0,0,0,1,1,6,1,70,10,1560,2,6,6,1,6
2018500314447,2,9,0,18,0,1,0,0,0,0,4,1,6,1,38,7,1368,1,8,4,3,4
2018500314452,1,9,0,18,0,0,0,0,0,0,1,1,6,3,73,10,1200,1,2,4,3,4
2018500314452,2,9,0,3,0,0,0,0,0,0,1,1,6,2,17,4,1242,1,10,4,3,4
2018500314464,1,9,0,18,0,6,0,0,0,0,3,1,6,2,42,7,1242,1,6,4,2,4
2018500314464,2,9,0,18,0,1,0,0,0,0,1,1,6,1,28,6,2000,2,14,4,1,4
2018500314474,1,9,0,18,0,0,0,0,0,0,4,1,5,1,82,11,1398,1,8,4,3,4
2018500314474,2,9,0,18,0,0,0,0,0,0,0,1,6,2,36,7,1197,1,2,4,3,4
2018500314491,1,9,0,9,0,0,0,0,0,0,3,1,5,1,79,11,1598,1,16,5,1,5
2018500314491,2,9,0,18,0,0,0,0,0,0,1,1,5,2,89,11,1596,1,15,6,1,6
2018500314525,1,19,0,18,0,4,0,0,0,0,1,1,5,1,54,8,2402,2,13,4,3,4
2018500314525,2,9,0,18,0,8,0,0,0,0,4,1,5,1,41,7,1799,1,8,7,2,7
2018500314547,1,10,0,17,0,0,0,0,0,0,3,1,1,1,25,5,2198,2,3,3,2,3
2018500314547,2,9,0,16,0,0,0,0,0,0,1,1,5,2,54,8,1242,1,11,6,2,6
2018500314695,1,9,0,16,0,0,0,0,0,0,1,1,5,1,68,10,1497,8,-1,2,3,2
2018500314695,2,19,0,17,0,0,0,0,0,0,1,1,1,1,31,6,2299,2,1,9,1,9
2018500314714,1,9,0,9,0,2,0,0,0,0,3,1,5,2,63,9,1798,8,2,4,1,4
2018500314783,1,9,0,18,0,0,0,0,0,0,3,1,5,1,61,9,-1,-1,-1,-1,-1,-1
2018500314783,2,21,0,18,0,0,0,0,0,0,3,1,1,1,36,7,4500,2,2,3,1,3
2018500314790,1,19,0,7,0,1,0,0,0,0,4,1,1,1,28,6,1248,2,1,4,1,4
2018500314790,2,22,0,18,0,1,0,0,0,0,3,1,6,2,96,11,-1,-1,-1,4,1,4
2018500314794,1,9,0,4,0,4,0,0,0,0,1,1,6,1,76,11,1997,2,8,5,2,5
2018500314794,2,9,0,3,0,1,0,0,0,0,2,1,4,2,44,7,1298,1,18,4,3,4
2018500314797,1,9,0,18,0,0,1,0,0,0,1,1,5,2,31,6,1598,1,11,4,1,4
2018500314797,2,9,0,18,0,0,0,0,0,0,1,1,5,2,29,6,1229,1,6,3,1,3
2018500314799,1,9,0,9,0,8,0,0,0,0,4,1,6,3,-1,-1,1995,2,6,-1,-1,-1
2018500314799,2,9,0,18,0,8,0,0,0,0,1,1,5,2,62,9,1360,1,15,6,1,6
2018500314822,1,9,0,5,0,1,0,0,0,0,1,1,6,3,-1,-1,1400,1,18,-1,-1,-1
2018500314822,2,9,0,3,0,1,0,0,0,0,2,1,6,1,37,7,1398,2,9,5,3,5
2018500314830,1,9,0,18,0,0,0,0,0,0,4,1,6,3,-1,-1,-1,-1,-1,-1,-1,-1
2018500314830,2,1,0,18,0,0,0,0,0,0,3,1,5,2,43,7,-1,-1,-1,8,1,8
2018500314838,1,5,0,12,0,0,2,0,1,11,1,1,6,1,24,5,649,1,3,1,1,1
2018500314838,2,9,0,18,0,0,0,0,0,0,1,1,1,1,40,7,-1,-1,-1,5,3,5
2018500314845,1,9,0,16,0,0,0,0,0,0,1,1,6,1,26,6,1332,1,18,4,3,4
2018500314845,2,90,0,17,0,0,0,0,0,0,1,1,1,1,49,8,2143,2,7,2,2,2
2018500314858,1,9,0,16,0,1,0,0,0,0,3,1,5,2,38,7,1995,2,6,5,2,5
2018500314858,2,9,0,17,0,2,0,4,0,0,1,1,6,1,31,6,1998,1,15,7,1,7
2018500314858,3,9,0,2,0,2,0,0,0,0,4,1,6,1,32,6,2000,2,13,3,2,3
2018500314875,1,9,0,18,0,2,0,0,0,0,1,1,5,2,34,6,1995,2,9,3,2,3
2018500314875,2,9,0,5,0,1,0,0,3,0,4,1,5,2,30,6,1499,2,1,5,2,5
2018500314889,1,9,0,18,0,0,0,4,7,0,1,1,5,2,53,8,1388,1,7,5,1,5
2018500314889,2,9,0,2,0,0,0,0,0,0,1,1,6,1,34,6,1995,1,13,4,1,4
2018500315055,1,9,0,18,0,0,0,0,0,0,1,1,5,1,30,6,998,1,4,3,1,3
2018500315055,2,9,0,2,0,0,0,0,0,0,1,1,6,3,-1,-1,1360,1,12,2,2,2
2018500315055,3,9,0,2,0,0,0,0,0,0,1,1,6,3,-1,-1,1598,1,14,2,2,2
2018500315119,1,19,0,5,0,1,0,0,0,0,0,1,6,1,49,8,1995,2,6,5,1,5
2018500315119,2,3,0,18,0,1,2,0,0,0,4,1,6,2,35,6,102,1,11,3,1,3
2018500315127,1,9,0,18,0,0,0,0,0,0,1,1,6,1,30,6,2495,2,22,6,2,6
2018500315127,2,1,0,18,0,0,0,0,0,0,1,1,6,1,11,3,-1,-1,-1,6,2,6
2018500315139,1,9,0,18,0,0,0,0,1,11,4,1,2,1,39,7,1587,1,12,6,1,6
2018500315141,1,19,0,9,0,5,0,0,0,0,2,1,1,2,29,6,1997,2,13,8,3,8
2018500315141,2,5,0,17,0,1,5,0,0,0,1,1,5,1,54,8,1203,1,11,8,3,8
2018500315157,1,9,0,18,0,0,5,0,1,10,4,1,6,2,30,6,1560,2,12,5,2,5
2018500315161,1,9,0,6,0,1,0,0,0,0,1,1,6,1,18,4,1388,1,10,2,1,2
2018500315161,2,9,0,10,0,1,0,0,0,0,3,1,6,1,29,6,1796,1,9,3,1,3
2018500315171,1,9,0,8,0,2,0,0,0,0,1,1,6,2,26,6,1360,1,8,3,1,3
2018500315179,1,9,0,9,0,1,0,0,0,0,4,1,5,1,17,4,1242,1,11,4,1,4
2018500315179,2,9,0,18,0,1,0,0,0,0,1,1,5,1,48,8,1587,1,16,8,1,8
2018500315192,1,9,0,9,0,5,0,0,0,0,1,1,6,2,41,7,1596,1,9,4,1,4
2018500315228,1,9,0,18,0,0,2,0,0,0,1,1,6,1,52,8,2497,1,15,4,1,4
2018500315228,2,9,0,18,0,0,0,0,0,0,1,1,6,1,35,6,1596,1,19,4,1,4
2018500315228,3,9,0,18,0,0,0,0,0,0,1,1,6,1,56,9,1398,2,12,7,2,7
2018500315254,1,9,0,15,0,0,0,0,0,0,4,1,5,1,62,9,1997,2,6,-1,-1,-1
2018500315502,1,9,0,5,8,6,0,0,1,0,1,1,5,1,79,11,1560,2,6,3,1,3
2018500315502,2,9,0,18,0,1,1,0,7,10,1,1,5,2,47,8,1598,1,8,7,3,7
2018500315514,1,9,0,18,0,0,0,0,0,0,3,1,5,2,92,11,1390,1,8,6,1,6
2018500315556,1,9,0,18,0,1,0,0,0,0,1,1,6,3,-1,-1,-1,-1,-1,-1,-1,-1
2018500316036,1,9,0,18,0,1,0,0,0,0,1,1,5,2,24,5,1560,2,2,4,3,4
2018500316036,2,9,0,18,0,1,0,0,0,0,2,1,5,2,34,6,1798,1,9,4,1,4
2018500316043,1,3,0,16,0,0,0,0,1,0,1,1,5,1,18,4,125,1,-1,4,1,4
2018500316043,2,9,0,17,0,0,0,0,0,0,3,1,5,1,38,7,2995,1,1,5,3,5
2018500316056,1,9,0,18,0,0,0,0,1,0,3,1,6,1,20,4,698,1,14,4,3,4
2018500316056,2,9,0,18,0,0,0,0,0,0,3,1,6,2,36,7,1124,1,12,5,3,5
2018500316059,1,9,0,18,0,8,0,0,0,0,1,1,2,1,32,6,1590,1,14,3,1,3
2018500316059,2,19,0,9,0,8,0,0,0,0,2,1,1,1,38,7,-1,-1,-1,5,2,5
2018500316076,1,9,0,2,0,0,0,0,0,0,2,1,5,2,23,5,1994,2,10,5,1,5
2018500316076,2,8,0,18,0,0,0,0,0,0,2,1,1,1,56,9,1997,2,7,5,1,5
2018500316086,1,9,0,18,0,0,0,0,0,0,1,1,5,1,35,6,999,1,17,3,1,3
2018500316086,2,9,0,5,0,0,0,0,0,0,1,1,5,2,45,7,1984,1,2,6,3,6
2018500316089,1,9,0,18,0,0,0,0,0,0,1,1,6,1,38,7,2401,2,16,2,1,2
2018500316089,2,9,0,3,0,0,0,0,0,0,2,1,2,2,47,8,1240,1,13,7,2,7
2018500316089,3,9,0,3,0,0,0,0,0,0,2,1,2,2,28,6,1242,1,2,7,1,7
2018500316094,1,9,0,18,0,3,1,0,0,0,1,1,5,1,24,5,1229,1,11,3,1,3
2018500316098,1,9,0,13,0,0,0,0,0,0,2,1,6,1,59,9,-1,-1,-1,6,3,6
2018500316098,2,1,0,18,0,0,0,0,0,0,1,1,6,1,54,8,-1,-1,-1,8,3,8
2018500316108,1,1,0,18,0,0,0,0,0,0,3,1,2,1,35,6,-1,-1,-1,3,1,3
2018500316108,2,9,0,15,0,0,0,0,0,0,4,1,6,3,-1,-1,-1,-1,-1,-1,-1,-1
2018500316113,1,9,0,18,0,0,0,0,0,0,1,1,2,2,30,6,1598,1,8,5,3,5
2018500316113,2,9,0,4,0,0,0,0,0,0,2,1,2,2,30,6,1149,1,5,4,1,4
2018500316119,1,1,0,18,0,8,0,0,1,0,1,1,1,1,48,8,-1,-1,-1,5,3,5
2018500316119,2,9,0,13,0,8,0,0,0,0,2,1,6,3,-1,-1,-1,-1,-1,-1,-1,-1
2018500316130,1,9,0,9,0,8,0,0,0,0,3,1,6,1,81,11,1598,1,11,4,1,4
2018500316146,1,3,0,13,0,0,0,0,0,0,1,1,1,1,26,6,125,1,17,5,1,5
2018500316146,2,9,0,18,0,0,0,0,0,0,2,1,1,1,46,8,-1,-1,-1,6,3,6
2018500316150,1,9,0,2,0,0,0,0,0,0,0,1,6,2,-1,-1,1390,1,18,-1,-1,-1
2018500316150,2,9,0,18,0,0,0,0,0,0,1,1,6,2,-1,-1,-1,-1,-1,-1,-1,-1
2018500316153,1,9,0,9,0,8,0,0,7,4,4,1,5,2,44,7,1598,2,4,4,3,4
2018500316153,2,9,0,18,0,8,0,0,0,0,1,1,5,1,63,9,1560,2,8,4,3,4
2018500316153,3,9,0,18,0,8,0,0,0,0,1,1,5,2,46,8,1896,2,12,4,3,4
2018500316193,1,9,0,18,0,0,0,0,0,0,1,1,5,1,36,7,1997,1,12,1,1,1
2018500316193,2,9,0,18,0,0,0,0,0,0,3,1,5,1,68,10,2199,2,2,8,1,8
2018500316193,3,9,0,18,0,0,0,0,0,0,3,1,2,1,38,7,1998,1,13,3,1,3
2018500316270,1,9,0,3,0,0,0,0,0,0,0,1,1,1,32,6,1686,2,4,4,1,4
2018500316270,2,9,0,4,0,0,0,0,0,0,2,1,5,2,43,7,-1,-1,-1,4,1,4
2018500316270,3,3,0,18,0,0,1,0,0,0,1,1,5,1,41,7,125,1,10,4,-1,4
2018500316309,1,9,0,5,5,6,0,0,0,0,1,1,6,1,49,8,1596,1,14,10,1,10
2018500316309,2,1,0,18,5,1,0,0,0,0,1,1,6,2,57,9,-1,-1,-1,9,2,9
2018500316312,1,9,0,15,0,0,0,0,0,0,0,1,1,2,-1,-1,-1,-1,-1,6,3,6
2018500316312,2,1,0,18,0,0,0,10,1,10,1,1,1,1,31,6,-1,-1,-1,6,1,6
2018500316339,1,9,0,18,0,0,0,0,0,0,1,1,6,2,26,6,1499,1,3,8,3,8
2018500316344,1,5,0,13,0,1,0,0,0,0,3,1,6,1,29,6,1301,1,1,6,2,6
2018500316344,2,9,0,9,0,1,0,0,0,0,0,1,6,2,24,5,1390,1,16,8,1,8
2018500316434,1,9,0,18,0,0,5,0,0,0,3,1,5,2,70,10,1364,1,1,9,2,9
2018500316434,2,9,0,18,0,0,0,0,1,0,3,1,5,2,42,7,2198,1,10,5,1,5
2018500316449,1,5,0,18,0,0,1,0,0,0,1,1,2,1,21,5,689,1,-1,8,1,8
2018500316449,2,9,0,4,0,0,0,0,0,0,2,1,2,1,36,7,-1,-1,-1,4,1,4
2018500316457,1,9,0,18,0,0,2,0,1,0,4,1,6,1,26,6,1796,1,16,4,2,4
2018500316457,2,9,0,18,0,0,0,0,0,0,3,1,1,1,-1,-1,2993,2,4,4,1,4
2018500316457,3,9,0,18,0,0,0,0,0,0,4,1,1,1,-1,-1,2993,2,2,4,1,4
2018500316457,4,9,0,18,0,0,0,0,0,0,0,1,1,1,-1,-1,2993,2,4,4,1,4
2018500316457,5,9,0,18,0,0,0,0,0,0,0,1,1,1,-1,-1,2993,2,1,4,1,4
2018500316464,1,9,0,5,0,6,0,0,0,0,3,1,5,2,27,6,1595,1,2,4,1,4
2018500316464,2,9,0,18,0,1,1,0,0,0,1,1,5,2,30,6,998,1,19,1,1,1
2018500316470,1,9,0,18,0,1,0,0,0,0,3,1,5,1,21,5,1242,1,12,1,1,1
2018500316470,2,9,0,18,0,1,0,0,0,0,1,1,6,2,11,3,-1,-1,-1,1,1,1
2018500316475,1,1,0,9,0,0,0,0,0,0,1,1,6,1,-1,-1,-1,-1,-1,1,1,1
2018500316475,2,9,0,13,0,0,0,0,0,0,4,1,6,2,82,11,1598,2,9,6,1,6
2018500316486,1,19,0,18,0,6,0,0,0,0,4,1,1,1,55,8,1598,2,6,4,3,4
2018500316486,2,9,0,18,0,8,0,0,0,0,1,1,5,2,65,9,1149,1,8,3,1,3
2018500316492,1,9,0,10,0,1,0,0,0,0,3,1,5,1,24,5,2199,2,6,4,3,4
2018500316492,2,5,0,15,0,1,0,10,7,0,4,1,6,1,60,9,1380,1,1,5,3,5
2018500316504,1,5,0,18,0,0,0,0,0,0,1,1,6,1,42,7,599,1,17,5,3,5
2018500316506,1,19,0,1,0,0,0,0,0,0,2,1,1,1,26,6,2143,2,1,6,-1,6
2018500316506,2,5,0,4,0,0,5,0,0,0,1,1,5,1,48,8,998,1,16,4,3,4
2018500316523,1,9,0,7,0,2,0,0,0,0,1,1,2,1,40,7,1910,2,13,6,2,6
2018500316523,2,9,0,7,0,2,0,0,0,0,2,1,6,2,68,10,1968,2,1,4,3,4
2018500316527,1,19,0,5,0,0,0,0,0,0,4,1,1,1,54,8,2198,2,3,6,3,6
2018500316527,2,1,0,18,0,0,0,0,0,0,1,1,2,1,43,7,-1,-1,-1,5,1,5
2018500316531,1,9,0,13,0,0,0,0,0,0,4,1,6,1,40,7,1995,1,12,1,1,1
2018500316531,2,9,0,17,0,0,0,0,1,6,3,1,6,1,26,6,-1,-1,-1,9,1,9
2018500316534,1,9,0,4,6,1,0,0,0,0,1,1,5,1,33,6,-1,-1,-1,8,1,8
2018500316549,1,9,0,2,0,1,0,0,0,0,1,1,2,2,86,11,1328,1,6,6,3,6
2018500316549,2,9,0,9,0,5,0,0,0,0,2,1,3,2,45,7,3436,1,6,7,3,7
2018500316552,1,9,0,18,0,1,0,0,0,0,4,1,6,2,39,7,2993,2,13,2,1,2
2018500316558,1,19,0,18,0,1,0,0,0,0,1,1,1,1,41,7,2143,2,-1,5,1,5
2018500316558,2,9,0,10,0,1,0,0,0,0,1,1,1,2,29,6,1242,1,14,6,2,6
2018500316562,1,5,0,18,0,8,0,0,0,0,1,1,5,1,58,9,600,1,22,6,3,6
2018500316562,2,9,0,9,0,5,0,0,0,0,3,1,5,2,20,4,1398,1,2,6,1,6
2018500316573,1,9,0,18,0,0,0,0,0,0,3,1,6,3,-1,-1,-1,-1,-1,-1,-1,-1
2018500316573,2,9,0,18,0,0,0,0,0,0,3,1,6,2,82,11,1386,1,9,4,2,4
2018500316584,1,19,0,18,0,3,0,0,1,0,1,1,5,1,26,6,2460,2,12,7,1,7
2018500316591,1,19,0,17,0,0,1,0,0,0,1,1,1,1,39,7,1598,2,5,5,1,5
2018500316591,2,9,0,16,0,0,0,0,0,0,1,1,2,2,19,4,998,1,4,3,1,3
2018500316594,1,19,0,18,0,0,0,0,0,0,1,1,1,1,49,8,2143,2,6,5,1,5
2018500316594,2,98,0,2,0,0,0,0,0,0,2,1,1,1,58,9,-1,-1,-1,4,3,4
2018500316594,3,9,0,2,0,0,0,0,0,0,2,1,5,2,58,9,1968,2,4,4,3,4
2018500316615,1,9,0,1,0,6,0,0,0,0,2,1,1,2,20,4,1498,1,-1,8,2,8
2018500316615,2,9,0,18,0,1,0,0,0,0,1,1,6,2,78,11,1390,1,9,7,3,7
2018500316616,1,9,0,10,0,6,0,0,0,0,3,1,2,2,52,8,973,1,19,8,1,8
2018500316616,2,5,0,18,0,8,0,0,0,0,1,1,2,1,55,8,649,1,9,5,1,5
2018500316625,1,9,0,18,0,0,0,0,0,0,1,1,5,1,48,8,3628,2,11,6,3,6
2018500316625,2,9,0,18,0,0,0,0,0,0,2,1,5,1,69,10,1598,1,3,6,1,6
2018500316629,1,9,0,18,0,0,0,0,0,0,3,1,6,2,78,11,1398,2,4,3,2,3
2018500316631,1,5,0,18,0,0,1,0,0,0,3,1,5,1,42,7,745,1,8,6,2,6
2018500316635,1,9,0,9,0,8,0,0,0,0,3,1,6,1,65,9,1149,1,9,8,1,8
2018500316635,2,9,0,18,0,8,0,0,0,0,1,1,1,1,39,7,2993,2,4,4,1,4
2018500316635,3,9,0,3,0,1,0,0,0,0,3,1,6,2,27,6,1390,1,5,6,1,6
2018500316637,1,9,0,3,0,0,0,0,0,0,1,1,6,1,68,10,4799,1,12,4,3,4
2018500316637,2,9,0,3,0,0,0,0,0,0,2,1,6,1,27,6,1275,1,23,7,-1,7
2018500316637,3,9,0,3,0,0,0,0,0,0,2,1,6,1,52,8,1598,2,2,5,3,5
2018500316638,1,5,0,18,0,0,0,0,0,0,1,1,6,1,31,6,937,1,19,4,3,4
2018500316638,2,9,0,18,0,0,0,0,0,0,2,1,6,2,30,6,1560,2,9,4,1,4
2018500316648,1,9,0,16,0,0,0,0,0,0,1,1,2,1,22,5,1560,2,6,6,3,6
2018500316648,2,9,0,17,0,0,0,0,0,0,1,1,2,1,24,5,-1,-1,-1,5,3,5
2018500316652,1,5,0,13,0,0,0,0,0,0,1,1,5,1,39,7,599,1,8,9,1,9
2018500316652,2,19,0,9,0,0,0,0,0,0,3,1,1,1,62,9,2143,2,8,9,1,9
2018500316658,1,9,0,16,0,0,2,0,7,11,1,1,6,1,30,6,-1,-1,-1,-1,-1,-1
2018500316666,1,19,0,4,0,0,0,0,0,0,1,1,1,1,62,9,4461,2,10,5,3,5
2018500316666,2,19,0,3,0,0,0,0,0,0,2,1,1,1,24,5,1598,2,1,7,1,7
2018500316667,1,9,0,18,0,0,1,0,1,11,1,1,5,1,48,8,1598,1,11,8,2,8
2018500316667,2,9,0,9,0,0,0,0,0,0,0,1,5,1,92,11,1496,1,2,9,1,9
2018500316677,1,9,0,4,0,0,0,0,0,0,1,1,5,1,20,4,2720,2,11,-1,-1,-1
2018500316677,2,9,0,3,0,0,0,0,0,0,2,1,2,2,26,6,1896,2,11,-1,-1,-1
2018500316677,3,9,0,3,0,0,0,0,0,0,2,1,5,1,72,10,1896,2,8,-1,-1,-1
2018500316683,1,9,0,18,0,0,0,0,0,0,1,1,5,1,52,8,1248,1,1,2,1,2
2018500316683,2,2,0,6,0,0,0,0,0,0,3,1,5,1,28,6,49,1,8,1,1,1
2018500316693,1,9,0,1,0,1,0,0,7,0,1,1,5,2,50,8,1998,1,14,5,3,5
2018500316693,2,9,0,2,0,1,0,0,0,0,1,1,6,1,82,11,1591,1,1,5,3,5
2018500316693,3,9,0,2,0,1,0,0,0,0,0,1,6,1,58,9,1360,1,15,5,3,5
2018500316711,1,9,0,18,0,0,0,0,0,0,1,1,6,1,27,6,1596,1,9,3,1,3
2018500316711,2,9,0,3,0,0,0,0,0,0,2,1,6,2,48,8,1560,2,14,5,1,5
2018500316712,1,9,0,3,0,1,0,0,0,0,1,1,5,1,21,5,1229,1,5,2,1,2
2018500316712,2,9,0,3,0,1,0,0,0,0,2,1,5,2,26,6,998,1,-1,4,1,4
2018500316716,1,9,0,17,0,1,0,0,0,0,1,1,5,1,43,7,-1,-1,-1,2,1,2
2018500316716,2,3,0,16,0,1,0,0,0,0,1,1,5,1,18,4,125,1,4,6,1,6
2018500316726,1,9,0,18,0,1,0,0,0,0,1,1,6,2,32,6,1587,1,12,6,3,6
2018500316726,2,1,0,5,0,7,0,0,0,0,1,1,6,2,54,8,-1,-1,-1,6,3,6
2018500316728,1,19,0,18,0,0,0,0,0,0,1,1,1,1,55,8,2287,2,6,7,3,7
2018500316728,2,9,0,18,0,0,0,0,0,0,2,1,1,2,46,8,1461,2,6,7,1,7
2018500316741,1,9,0,18,0,2,0,0,0,0,3,1,6,2,41,7,1242,1,10,2,1,2
2018500316741,2,9,0,9,0,2,0,0,0,0,3,1,6,2,48,8,1396,2,4,1,1,1
2018500316744,1,19,0,4,0,0,0,0,0,0,1,1,1,1,47,8,2460,2,12,8,1,8
2018500316744,2,9,0,3,0,0,0,0,0,0,2,1,1,1,67,10,-1,-1,-1,6,3,6
2018500316748,1,8,0,4,0,0,0,0,0,0,1,1,2,2,20,4,998,1,12,5,2,5
2018500316748,2,9,0,4,0,0,0,0,0,0,2,1,2,2,32,6,1198,1,10,6,3,6
2018500316752,1,9,0,18,0,0,5,0,1,9,4,1,6,1,78,11,1997,2,14,3,2,3
2018500316765,1,9,0,18,0,3,0,0,0,0,2,1,5,1,35,6,1560,2,8,8,1,8
2018500316765,2,9,0,18,0,3,0,0,0,0,1,1,5,1,78,11,1086,1,8,6,1,6
2018500316770,1,9,0,18,0,8,0,0,1,3,1,1,1,1,56,9,1968,2,-1,3,1,3
2018500316776,1,9,0,18,0,0,0,0,0,0,3,1,6,2,29,6,1461,2,5,4,-1,4
2018500316776,2,9,0,18,0,0,0,0,0,0,3,1,6,2,47,8,1796,1,15,4,3,4
2018500316780,1,9,0,18,0,8,0,0,0,0,1,1,5,2,56,9,1598,1,7,6,1,6
2018500316780,2,9,0,10,0,1,0,0,0,0,2,1,5,1,22,5,1198,1,11,4,2,4
2018500316793,1,5,0,4,0,0,5,0,0,0,1,1,5,1,21,5,599,1,20,7,3,7
2018500316793,2,9,0,4,0,0,0,0,0,0,3,1,5,2,38,7,1998,1,3,9,1,9
2018500316798,1,9,0,18,0,8,0,0,0,0,1,1,5,2,35,6,2143,2,8,9,1,9