Accident_Index,Vehicle_Reference,Vehicle_Type,Towing_and_Articulation,Vehicle_Manoeuvre,Vehicle_Location-Restricted_Lane,Junction_Location,Skidding_and_Overturning,Hit_Object_in_Carriageway,Vehicle_Leaving_Carriageway,Hit_Object_off_Carriageway,1st_Point_of_Impact,Was_Vehicle_Left_Hand_Drive?,Journey_Purpose_of_Driver,Sex_of_Driver,Age_of_Driver,Age_Band_of_Driver,Engine_Capacity_(CC),Propulsion_Code,Age_of_Vehicle,Driver_IMD_Decile,Driver_Home_Area_Type,Vehicle_IMD_Decile
2018500316798,2,9,0,18,0,8,0,0,0,0,1,1,5,1,68,10,1499,2,2,3,1,3
2018500316810,1,9,0,18,0,1,0,0,0,0,1,1,6,3,-1,-1,-1,-1,-1,-1,-1,-1
2018500316814,1,9,0,18,0,0,0,0,1,11,3,1,5,1,18,4,1399,1,9,1,2,1
2018500316814,2,9,0,18,0,0,0,0,0,0,3,1,5,2,52,8,1397,1,8,-1,1,-1
2018500316818,1,97,0,7,0,5,0,0,0,0,1,1,6,3,-1,-1,-1,-1,-1,-1,-1,-1
2018500316825,1,9,0,18,0,0,0,0,0,0,1,1,1,1,57,9,1248,1,5,4,1,4
2018500316825,2,9,0,4,0,0,0,0,0,0,2,1,5,1,36,7,1999,2,3,5,3,5
2018500316835,1,9,0,1,0,0,0,0,0,0,0,1,5,2,63,9,1198,1,2,9,2,9
2018500316848,1,9,0,9,0,8,0,0,0,0,4,1,5,1,23,5,1984,1,3,4,1,4
2018500316848,2,1,0,18,0,8,0,0,0,0,1,1,1,1,32,6,-1,-1,-1,6,3,6
2018500316853,1,9,0,18,0,0,0,0,0,0,1,1,1,1,68,10,1797,8,8,3,2,3
2018500316853,2,17,4,18,0,0,0,0,0,0,2,1,1,1,23,5,6728,2,1,5,3,5
2018500316855,1,-1,0,18,0,1,0,0,0,0,3,1,6,3,-1,-1,-1,-1,-1,-1,-1,-1
2018500316865,1,9,0,18,0,0,0,0,0,0,1,1,2,2,39,7,1596,1,13,8,1,8
2018500316867,1,9,0,4,0,0,1,4,1,11,1,1,1,1,26,6,-1,-1,-1,6,3,6
2018500316867,2,9,0,2,0,0,0,0,0,0,1,1,5,1,60,9,1593,1,32,6,3,6
2018500316868,1,9,0,9,0,6,0,12,0,0,0,1,6,1,74,10,2143,2,3,6,3,6
2018500316868,2,9,0,18,0,1,0,12,0,0,2,1,6,1,56,9,2982,2,3,4,3,4
2018500316868,3,5,0,18,0,1,2,12,7,0,1,1,6,1,60,9,600,1,17,2,2,2
2018500316873,1,5,0,18,0,0,1,12,0,0,1,1,6,1,70,10,1450,1,16,6,3,6
2018500316879,1,1,0,18,0,0,0,0,0,0,1,1,5,1,48,8,-1,-1,-1,4,3,4
2018500316892,1,9,0,18,0,0,0,0,0,0,3,1,5,1,41,7,1490,1,11,6,3,6
2018500316958,1,9,0,18,0,0,0,0,0,0,1,1,1,3,-1,-1,1896,2,15,-1,-1,-1
2018500316958,2,9,0,3,0,0,0,0,0,0,2,1,1,1,56,9,-1,-1,-1,5,3,5
2018500316966,1,97,0,17,0,0,2,0,8,10,3,1,5,1,54,8,-1,-1,-1,-1,-1,-1
2018500316979,1,9,0,16,0,0,2,0,7,4,1,1,5,1,19,4,1198,1,12,4,1,4
2018500316982,1,9,0,18,0,0,0,0,0,0,1,1,5,2,79,11,995,1,10,3,3,3
2018500316982,2,9,0,14,0,0,0,0,0,0,1,1,5,2,61,9,1086,1,13,5,2,5
2018500317007,1,9,0,7,0,8,0,0,0,0,4,1,6,1,39,7,1587,1,14,4,1,4
2018500317007,2,1,0,18,0,8,0,0,0,0,1,1,6,1,61,9,-1,-1,-1,5,3,5
2018500317036,1,19,0,9,0,1,0,0,0,0,1,1,1,1,31,6,1968,2,3,8,1,8
2018500317036,2,3,0,18,0,1,0,0,0,0,1,1,1,1,17,4,125,1,-1,5,2,5
2018500317066,1,3,0,18,0,3,0,0,0,0,3,1,5,1,17,4,125,1,2,8,1,8
2018500317066,2,9,0,18,0,3,0,0,0,0,3,1,5,2,35,6,998,1,6,3,1,3
2018500317324,1,19,0,1,0,0,0,0,0,0,2,1,1,1,52,8,1968,2,1,4,3,4
2018500317333,1,9,0,18,0,0,5,0,0,0,1,1,6,1,32,6,1197,1,4,5,1,5
2018500317335,1,9,0,1,0,8,0,0,7,1,4,1,5,1,65,9,2993,2,4,8,2,8
2018500317342,1,9,0,18,0,0,0,0,0,0,4,1,6,1,35,6,2993,2,2,-1,-1,-1
2018500317342,2,5,0,18,0,0,0,0,0,0,3,1,6,1,46,8,900,1,23,-1,-1,-1
2018500317345,1,9,0,7,0,6,1,0,0,0,4,1,5,1,22,5,1598,1,5,6,3,6
2018500317345,2,9,0,18,0,8,0,0,0,0,1,1,5,1,58,9,998,1,2,6,3,6
2018500317354,1,9,0,18,0,1,0,0,0,0,1,1,5,2,53,8,1388,1,12,1,1,1
2018500317354,2,9,0,10,0,1,0,0,0,0,2,1,2,2,30,6,1560,2,6,6,1,6
2018500317355,1,9,0,18,0,0,0,0,0,0,1,1,5,1,50,8,1995,2,9,4,1,4
2018500317355,2,9,0,18,0,0,0,0,1,11,1,1,5,1,60,9,1969,2,-1,5,3,5
2018500317355,3,9,0,18,0,0,0,0,0,0,4,1,5,2,32,6,1598,2,1,8,1,8
2018500317379,1,9,0,18,0,0,0,0,0,0,0,1,6,3,-1,-1,-1,-1,-1,-1,-1,-1
2018500317379,2,1,0,18,0,0,0,0,0,0,0,1,5,1,48,8,-1,-1,-1,7,1,7
2018500317390,1,19,0,5,0,8,0,0,0,0,3,1,1,1,24,5,2143,2,1,4,1,4
2018500317583,1,9,0,17,0,0,0,0,1,4,1,1,6,1,34,6,1598,1,16,-1,-1,-1
2018500317589,1,9,0,18,0,0,0,0,0,0,4,1,5,1,59,9,1997,2,2,3,1,3
2018500317589,2,1,0,18,0,0,0,0,0,0,1,1,5,2,5,1,-1,-1,-1,3,1,3
2018500317625,1,9,0,18,0,0,0,0,0,0,1,1,6,1,58,9,1968,2,11,8,1,8
2018500317625,2,9,0,3,0,0,0,0,0,0,2,1,6,2,25,5,1598,1,5,2,1,2
2018500317630,1,9,0,16,0,8,1,0,0,0,1,1,6,2,25,5,1560,2,8,2,-1,2
2018500317630,2,19,0,17,0,8,5,0,0,0,1,1,1,1,40,7,1968,2,-1,4,1,4
2018500317649,1,9,0,1,0,0,0,0,0,0,2,1,6,1,48,8,-1,-1,-1,6,2,6
2018500317649,2,1,0,3,0,0,0,0,0,0,1,1,5,1,57,9,-1,-1,-1,4,1,4
2018500317668,1,23,0,18,0,8,0,0,0,0,3,1,6,3,-1,-1,-1,-1,-1,-1,-1,-1
2018500317668,2,9,0,4,0,8,0,0,0,0,4,1,6,2,42,7,1984,1,14,2,1,2
2018500317941,1,9,0,16,0,0,0,0,0,0,3,1,6,1,78,11,1560,2,10,5,3,5
2018500317941,2,9,4,17,0,0,0,0,0,0,3,1,1,1,33,6,-1,-1,-1,4,3,4
2018500317943,1,9,0,18,0,0,0,0,0,0,1,1,5,1,63,9,1590,1,16,4,2,4
2018500317943,2,90,0,5,0,0,0,0,1,0,1,1,1,1,52,8,-1,-1,-1,4,3,4
2018500317961,1,19,0,4,0,1,1,0,0,0,1,1,1,1,49,8,1499,2,2,6,1,6
2018500317961,2,9,0,3,0,1,0,0,0,0,2,1,5,1,37,7,2204,2,12,10,2,10
2018500317961,3,9,0,3,0,1,0,0,0,0,2,1,5,1,60,9,2179,2,6,6,2,6
2018500318042,1,3,0,18,0,8,0,0,0,0,1,1,6,1,29,6,125,1,10,4,2,4
2018500318042,2,9,0,9,0,5,0,0,0,0,1,1,5,2,51,8,-1,-1,-1,-1,-1,-1
2018500318063,1,9,0,10,0,1,0,0,0,0,2,1,6,1,21,5,1896,2,17,4,2,4
2018500318063,2,5,0,18,0,1,0,0,0,0,1,1,6,1,57,9,800,1,2,6,3,6
2018500318065,1,9,0,5,0,1,0,0,0,0,1,1,6,1,38,7,1956,2,5,6,1,6
2018500318065,2,4,0,3,0,1,5,0,0,0,2,1,6,1,66,10,1099,1,24,9,1,9
2018500318075,1,9,0,18,0,1,0,0,0,0,1,1,5,1,53,8,1388,1,16,8,1,8
2018500318075,2,9,0,5,0,6,0,0,0,0,1,1,5,1,25,5,1596,1,13,3,1,3
2018500318091,1,9,0,7,0,3,0,4,0,0,1,1,6,2,87,11,1560,2,12,8,1,8
2018500318091,2,19,0,2,0,1,0,4,0,0,2,1,6,2,47,8,2461,2,18,3,1,3
2018500318091,3,19,0,2,0,1,0,0,0,0,2,1,6,1,50,8,2198,2,2,6,1,6
2018500318326,1,9,0,9,0,0,0,0,0,0,0,1,5,1,83,11,-1,-1,-1,3,2,3
2018500318326,2,1,0,18,0,0,1,0,0,0,0,1,5,1,55,8,-1,-1,-1,2,2,2
2018500318352,1,9,0,18,0,0,0,0,0,0,3,1,6,2,69,10,1598,1,3,5,1,5
2018500318354,1,9,0,5,0,8,0,0,0,0,3,1,5,1,58,9,1598,1,2,7,1,7
2018500318359,1,9,0,18,0,0,0,0,0,0,3,1,6,2,23,5,1197,1,2,-1,-1,-1
2018500318359,2,9,0,18,0,0,0,0,0,0,4,1,6,1,39,7,1896,2,12,-1,-1,-1
2018500318359,3,9,0,5,0,0,0,0,0,0,0,1,6,3,-1,-1,2926,2,15,-1,-1,-1
2018500318371,1,5,0,18,0,0,0,0,0,0,1,1,5,1,73,10,1200,1,16,1,1,1
2018500318371,2,9,0,1,0,0,0,0,0,0,2,1,5,2,46,8,2204,2,11,6,3,6
2018500318384,1,9,0,9,0,1,0,0,0,0,3,1,6,2,19,4,1149,1,13,4,3,4
2018500318384,2,3,0,18,0,1,0,0,0,0,1,1,6,1,28,6,124,1,2,2,1,2
2018500318389,1,9,0,18,0,2,0,0,1,0,1,1,5,2,29,6,1598,1,12,3,1,3
2018500318389,2,9,0,18,0,2,0,0,0,0,3,1,5,1,36,7,1753,2,13,3,1,3
2018500318423,1,9,0,9,0,1,0,0,0,0,1,1,5,1,24,5,1390,1,16,5,1,5
2018500318448,1,9,0,18,0,1,0,0,0,0,1,1,5,2,54,8,1339,1,14,4,3,4
2018500318448,2,9,0,4,0,1,0,0,0,0,2,1,5,2,21,5,1598,1,6,8,1,8
2018500318448,3,21,0,7,0,1,0,0,0,0,2,1,1,1,32,6,10837,2,2,2,3,2
2018500318994,1,21,0,18,0,0,0,0,1,0,1,1,1,1,53,8,4580,2,1,4,3,4
2018500318994,2,19,0,2,6,0,0,0,0,0,2,1,1,1,28,6,2287,2,5,6,1,6
2018500319090,1,1,0,3,0,0,0,0,1,0,3,1,5,1,26,6,-1,-1,-1,1,2,1
2018500319090,2,9,0,18,0,0,0,0,0,0,4,1,6,3,-1,-1,1796,1,16,-1,-1,-1
2018500319099,1,9,0,5,0,1,0,0,0,0,1,1,5,1,77,11,1984,1,17,6,1,6
2018500319099,2,1,0,5,0,1,0,0,0,0,2,1,5,1,47,8,-1,-1,-1,6,1,6
2018500319111,1,9,0,9,0,8,0,0,0,0,2,1,6,2,30,6,1896,2,9,6,1,6
2018500319111,2,5,0,13,0,1,0,0,0,0,1,1,5,1,71,10,599,1,15,6,3,6
2018500319133,1,9,0,18,0,0,0,4,0,0,1,1,6,3,-1,-1,1197,1,8,-1,-1,-1
2018500319133,2,9,0,2,0,0,0,0,0,0,3,1,6,2,32,6,998,1,1,2,1,2
2018500319197,1,9,0,17,0,0,0,0,1,4,1,1,5,1,71,10,1997,2,9,10,3,10
2018500319211,1,9,0,16,0,0,0,0,7,4,4,1,5,1,73,10,1390,1,9,4,3,4
2018500319238,1,9,0,5,0,0,0,0,0,0,1,1,5,2,37,7,1560,2,3,4,2,4
2018500319394,1,97,0,18,0,1,1,0,0,0,0,1,5,1,23,5,-1,-1,-1,5,1,5
2018500319394,2,9,0,9,0,6,0,0,0,0,0,1,5,1,32,6,1596,1,17,3,1,3
2018500319409,1,9,0,18,0,0,0,0,0,0,1,1,6,3,-1,-1,1968,2,12,-1,-1,-1
2018500319409,2,9,0,3,0,0,0,0,0,0,2,1,6,1,17,4,999,1,-1,3,2,3
2018500319443,1,9,0,18,0,1,0,0,0,0,1,1,6,2,32,6,1968,2,11,6,3,6
2018500319443,2,9,0,3,0,1,0,0,0,0,2,1,6,2,51,8,1560,2,3,8,1,8
2018500319443,3,9,0,3,0,1,0,0,0,0,2,1,6,1,64,9,1781,1,18,4,3,4
2018500319457,1,5,0,15,0,8,0,0,0,0,1,1,6,1,24,5,998,1,7,3,2,3
2018500319457,2,9,0,18,0,3,0,0,0,0,1,1,6,1,77,11,1499,2,-1,7,3,7
2018500319477,1,9,0,18,0,8,0,0,0,0,2,1,5,1,46,8,898,1,2,9,1,9
2018500319477,2,5,0,18,0,8,1,0,0,0,1,1,5,1,49,8,600,1,12,6,1,6
2018500319913,1,4,0,13,0,0,0,0,0,0,1,1,6,1,59,9,249,1,21,5,3,5
2018500319913,2,9,0,9,0,0,0,0,0,0,3,1,5,1,46,8,2488,1,15,5,3,5
2018500319915,1,9,0,2,0,0,0,0,0,0,1,1,5,2,57,9,1590,1,13,6,1,6
2018500319915,2,1,0,14,0,0,0,0,0,0,1,1,5,1,23,5,-1,-1,-1,1,2,1
2018500319915,3,9,0,2,0,0,0,0,0,0,3,1,5,2,34,6,1242,1,10,1,2,1
2018500319921,1,9,0,5,0,0,0,0,0,0,0,1,6,1,51,8,1598,2,1,8,1,8
2018500319921,2,9,0,18,0,0,0,0,0,0,0,1,5,2,32,6,1997,1,18,1,1,1
2018500319921,3,3,0,18,0,0,1,0,0,0,0,1,2,1,22,5,124,1,1,7,1,7
2018500319931,1,9,0,18,0,8,0,0,0,0,1,1,5,2,83,11,1399,1,11,4,3,4
2018500319931,2,9,0,18,0,2,0,0,0,0,1,1,5,2,63,9,1997,2,10,2,3,2
2018500319938,1,9,0,18,0,0,0,0,0,0,2,1,6,1,46,8,2521,1,12,-1,-1,-1
2018500319938,2,9,0,18,0,0,0,0,0,0,2,1,6,1,63,9,-1,-1,-1,-1,-1,-1
2018500319938,3,9,0,18,0,0,0,0,0,0,2,1,6,2,36,7,998,1,7,-1,-1,-1
2018500319938,4,9,0,18,0,0,0,0,0,0,2,1,6,2,33,6,1560,2,7,-1,-1,-1
2018500319938,5,9,0,18,0,0,0,0,0,0,2,1,5,1,43,7,1499,2,3,-1,-1,-1
2018500319938,6,9,0,18,0,0,0,0,0,0,1,1,5,1,72,10,1956,2,5,-1,-1,-1
2018500319938,7,9,0,18,0,0,0,0,0,0,0,1,5,2,22,5,1200,1,3,-1,-1,-1
2018500319949,1,9,0,5,0,0,0,0,0,0,0,1,6,2,24,5,1984,1,15,4,3,4
2018500319961,1,19,0,17,0,0,5,0,1,9,1,1,6,2,37,7,1995,2,10,5,2,5
2018500319977,1,9,0,9,0,2,0,0,0,0,3,1,5,1,18,4,1242,1,11,3,1,3
2018500319977,2,9,0,18,0,1,0,0,0,0,1,1,5,1,56,9,1991,2,13,1,1,1
2018500319995,1,3,0,16,0,8,1,0,0,0,1,1,5,1,27,6,125,1,14,1,1,1
2018500319995,2,9,0,17,0,8,0,0,0,0,3,1,5,1,23,5,1686,2,15,5,1,5
2018500320022,1,9,0,9,0,5,0,0,0,0,1,1,6,2,44,7,1388,1,15,2,2,2
2018500320022,2,4,0,18,0,1,0,0,0,0,1,1,6,1,25,5,249,1,6,5,1,5
2018500320042,1,19,0,18,0,8,0,0,0,0,1,1,5,1,28,6,1248,2,9,7,1,7
2018500320223,1,9,0,18,0,8,0,0,0,0,1,1,6,1,30,6,1596,1,12,5,3,5
2018500320223,2,9,0,18,0,8,0,0,0,0,2,1,6,2,71,10,1769,2,22,5,1,5
2018500320232,1,9,0,5,0,6,0,0,0,0,1,1,6,1,24,5,3189,1,14,3,1,3
2018500320232,2,9,0,18,0,8,0,0,0,0,1,1,6,2,41,7,1587,1,12,3,2,3
2018500320237,1,9,0,16,0,0,0,0,0,0,1,1,6,2,17,4,1390,1,12,4,3,4
2018500320237,2,21,0,17,0,0,1,0,0,0,1,1,1,1,58,9,6700,2,-1,4,2,4
2018500320245,1,3,0,18,0,0,1,0,0,0,1,1,5,1,27,6,125,1,2,3,1,3
2018500320245,2,9,0,18,0,0,0,0,0,0,1,1,5,1,67,10,1997,2,9,3,1,3
2018500320250,1,9,0,17,0,0,2,10,6,6,1,1,2,1,23,5,1149,1,12,6,1,6
2018500320250,2,9,0,16,0,0,0,0,0,0,1,1,2,2,36,7,1560,2,8,6,3,6
2018500320250,3,98,0,16,0,0,0,0,1,0,0,1,6,1,54,8,-1,-1,-1,4,1,4
2018500320256,1,9,0,18,0,0,0,0,0,0,1,1,1,1,41,7,1968,2,5,3,1,3
2018500320256,2,9,0,18,0,0,0,0,0,0,1,1,6,2,56,9,999,1,8,2,1,2
2018500320259,1,9,0,18,0,0,0,0,1,0,1,1,5,2,22,5,1197,1,2,7,3,7
2018500320262,1,9,0,18,0,8,0,0,0,0,1,1,6,1,42,7,1991,2,9,9,3,9
2018500320262,2,90,0,18,0,8,0,0,0,0,3,1,6,1,9,2,-1,-1,-1,9,1,9
2018500320268,1,9,0,18,0,6,0,0,0,0,1,1,6,2,66,10,1461,2,11,3,2,3
2018500320268,2,9,0,18,0,1,1,0,1,0,1,1,6,2,17,4,998,1,8,6,2,6
2018500320283,1,4,0,18,0,0,0,0,0,0,1,1,5,1,19,4,321,1,1,9,3,9
2018500320283,2,90,0,9,0,0,0,0,0,0,0,1,5,1,17,4,502,1,5,8,3,8
2018500320284,1,9,0,17,0,0,0,0,0,0,1,1,5,1,19,4,1390,1,11,8,2,8
2018500320284,2,9,0,16,0,0,0,0,0,0,1,1,2,1,20,4,1587,1,11,5,1,5
2018500320293,1,9,0,3,0,0,0,0,0,0,1,1,6,2,55,8,1685,2,2,3,2,3
2018500320314,1,9,0,7,0,0,0,0,0,0,3,1,2,1,45,7,1396,1,3,4,1,4
2018500320314,2,9,0,18,0,0,0,0,0,0,4,1,2,1,54,8,-1,-1,-1,4,1,4
2018500320339,1,9,0,5,0,0,0,0,0,0,1,1,6,1,64,9,1339,1,13,8,1,8
2018500320339,2,1,0,18,0,0,0,0,0,0,1,1,6,1,-1,-1,-1,-1,-1,2,1,2
2018500320359,1,9,0,18,0,8,0,0,0,0,1,1,5,2,40,7,1999,1,10,8,3,8
2018500320403,1,9,0,13,0,0,1,0,0,0,1,1,2,1,38,7,1587,1,16,5,2,5
2018500320403,2,9,0,17,0,0,0,0,0,0,1,1,5,3,66,10,-1,-1,-1,-1,-1,-1
2018500320562,1,9,0,16,0,0,5,0,8,11,1,1,6,1,21,5,1597,1,13,4,3,4
2018500320608,1,9,0,16,0,1,0,0,0,0,1,1,1,1,19,4,1796,1,18,10,2,10
2018500320608,2,9,0,17,0,1,0,0,0,0,1,1,5,1,21,5,999,1,-1,10,1,10
2018500320609,1,3,0,4,0,0,0,0,0,0,1,1,1,1,21,5,125,1,4,1,1,1
2018500320609,2,9,0,4,0,0,0,0,0,0,2,1,5,1,53,8,1560,2,3,7,1,7
2018500320614,1,9,0,13,0,0,0,0,1,7,1,1,5,2,30,6,1598,1,8,-1,-1,-1
2018500320615,1,98,0,18,0,0,0,0,0,0,1,1,5,2,60,9,-1,-1,-1,5,1,5
2018500320615,2,9,0,18,0,0,0,0,0,0,1,1,6,1,35,6,2199,2,8,10,1,10
2018500320622,1,9,0,13,0,0,0,0,0,0,1,1,6,1,22,5,-1,-1,-1,5,3,5
2018500320622,2,9,0,18,0,0,0,0,0,0,1,1,6,1,62,9,2179,2,4,6,3,6
2018500320628,1,9,0,18,0,8,0,0,0,0,3,1,5,1,68,10,-1,-1,-1,-1,1,-1
2018500320628,2,1,0,18,0,8,0,0,0,0,1,1,5,1,41,7,-1,-1,-1,7,1,7
2018500320629,1,9,0,18,0,1,1,0,5,6,3,1,6,1,31,6,1984,1,8,1,1,1
2018500320629,2,9,0,7,0,8,0,0,0,0,1,1,6,2,25,5,1968,2,2,10,1,10
2018500320636,1,9,3,18,0,4,0,0,0,0,2,1,6,1,52,8,-1,-1,-1,5,3,5
2018500320636,2,1,0,18,0,8,0,0,0,0,1,1,5,1,13,3,-1,-1,-1,4,2,4
2018500320637,1,9,0,3,0,0,0,0,0,0,2,1,6,2,47,8,1968,2,2,9,3,9
2018500320637,2,9,0,3,0,0,0,0,0,0,2,1,6,2,39,7,1968,2,3,6,3,6
2018500320637,3,9,0,4,0,0,0,0,0,0,1,1,6,1,31,6,2497,2,19,6,1,6
2018500320638,1,9,0,18,0,8,0,0,0,0,3,1,6,1,35,6,1995,2,1,-1,3,-1
2018500320642,1,9,0,18,0,0,2,0,0,0,1,1,6,1,35,6,2979,1,13,7,1,7
2018500320652,1,9,0,5,0,6,0,0,0,0,2,1,5,2,95,11,1339,1,15,10,2,10
2018500320652,2,9,0,18,0,1,0,0,0,0,1,1,6,2,18,4,998,1,16,10,2,10
2018500320658,1,5,0,14,0,0,2,0,0,0,1,1,6,1,37,7,600,1,18,4,3,4
2018500320658,2,9,0,18,0,0,0,0,0,0,1,1,2,1,48,8,1360,1,8,5,2,5
2018500320658,3,9,0,4,0,0,0,0,0,0,3,1,2,2,43,7,1753,2,11,4,3,4
2018500320668,1,9,0,4,0,0,0,0,0,0,1,1,1,1,45,7,875,1,2,5,1,5
2018500320668,2,2,0,3,0,0,0,0,0,0,2,1,1,1,16,4,49,1,7,10,2,10
2018500320670,1,9,0,18,0,0,1,0,0,0,1,1,6,3,-1,-1,998,1,-1,-1,-1,-1
2018500320670,2,9,0,3,0,0,0,0,0,0,2,1,1,1,63,9,1596,1,1,3,1,3
2018500320670,3,19,0,3,0,0,0,0,0,0,2,1,5,1,30,6,2198,2,8,8,1,8
2018500320670,4,9,0,3,0,0,0,0,0,0,4,1,1,1,38,7,1999,1,6,4,1,4
2018500320674,1,9,0,5,0,2,0,0,0,0,3,1,5,2,54,8,1242,1,9,2,2,2
2018500320674,2,9,0,17,0,2,0,0,0,0,1,1,5,1,84,11,1396,1,8,4,2,4
2018500320678,1,9,0,17,0,0,0,0,0,0,3,1,5,2,60,9,1951,2,14,4,3,4
2018500320678,2,2,0,16,0,0,0,0,0,0,1,1,5,1,16,4,49,1,11,3,2,3
2018500320680,1,9,0,17,0,0,5,0,1,0,1,1,5,2,68,10,998,1,9,8,1,8
2018500320683,1,9,0,7,0,5,0,0,0,0,1,1,5,1,38,7,1248,1,-1,-1,-1,-1
2018500320683,2,9,0,18,0,1,0,0,7,0,1,1,5,1,39,7,1997,2,8,4,1,4
2018500320693,1,9,0,9,0,6,0,0,0,0,3,1,6,3,-1,-1,-1,-1,-1,-1,-1,-1
2018500320693,2,5,0,18,0,1,1,0,0,0,1,1,5,1,59,9,738,1,25,5,1,5
2018500320694,1,9,0,3,0,1,0,0,0,0,1,1,5,1,70,10,-1,-1,-1,-1,-1,-1
2018500320694,2,9,0,3,0,1,0,0,0,0,2,1,5,2,44,7,1995,2,7,6,2,6
2018500320696,1,5,0,18,0,0,0,0,0,0,1,1,2,1,33,6,600,1,15,1,1,1
2018500320696,2,9,0,9,0,0,0,0,0,0,4,1,1,1,34,6,-1,-1,-1,8,1,8
2018500320699,1,9,0,18,0,8,0,0,0,0,1,1,5,1,25,5,-1,-1,-1,4,1,4
2018500320699,2,9,0,18,0,8,0,0,0,0,1,1,5,1,34,6,1896,2,15,6,1,6
2018500320715,1,3,0,18,0,0,0,0,0,0,1,1,2,1,18,4,125,1,4,2,1,2
2018500320716,1,1,0,18,0,0,5,0,0,0,1,1,6,1,-1,-1,-1,-1,-1,3,1,3
2018500320716,2,9,0,18,0,0,0,0,0,0,1,1,5,1,24,5,1968,2,1,3,1,3
2018500320720,1,9,0,18,0,8,0,0,0,0,1,1,6,1,77,11,1598,1,12,7,2,7
2018500320720,2,9,0,10,0,8,0,0,0,0,2,1,6,1,54,8,2184,2,12,9,1,9
2018500320724,1,3,0,13,0,0,0,0,0,0,1,1,6,1,29,6,124,1,3,6,2,6
2018500320724,2,9,0,10,0,0,0,0,0,0,3,1,6,2,51,8,1498,1,2,3,3,3
2018500320730,1,9,0,18,0,0,0,0,0,0,1,1,6,1,86,11,1240,1,15,5,3,5
2018500320730,2,9,0,18,0,0,0,0,0,0,2,1,6,2,43,7,2995,1,1,4,3,4
2018500320739,1,9,0,17,0,0,0,0,0,0,1,1,2,1,58,9,1395,1,5,-1,-1,-1
2018500320739,2,9,0,16,0,0,1,0,0,0,1,1,6,3,-1,-1,1997,1,16,-1,-1,-1
2018500320746,1,19,0,18,0,0,0,0,0,0,1,1,1,1,27,6,1996,2,7,1,1,1
2018500320746,2,9,0,18,0,0,0,0,0,0,2,1,6,1,76,11,1339,1,4,2,1,2
2018500320746,3,9,0,18,0,0,0,0,0,0,2,1,1,1,22,5,-1,-1,-1,8,2,8
2018500320753,1,9,0,9,0,6,0,0,0,0,2,1,1,1,28,6,1461,2,8,4,3,4
2018500320753,2,9,0,18,0,1,1,0,1,0,1,1,6,2,65,9,993,1,16,7,2,7
2018500320754,1,9,0,3,0,0,0,0,0,0,1,1,6,1,60,9,1560,2,2,2,1,2
2018500320760,1,9,0,16,0,0,0,0,0,0,1,1,5,2,45,7,2967,2,5,5,2,5
2018500320760,2,9,0,17,0,0,0,0,7,0,1,1,5,1,51,8,-1,-1,-1,-1,-1,-1
2018500320771,1,9,0,18,0,1,0,0,0,0,1,1,6,2,39,7,1390,1,16,4,2,4
2018500320771,2,9,0,3,0,1,0,0,0,0,2,1,6,1,77,11,2720,2,11,5,3,5
2018500320776,1,9,0,18,0,0,0,0,0,0,1,1,6,3,-1,-1,1910,2,12,-1,-1,-1
2018500320783,1,9,0,18,0,0,0,0,0,0,3,1,5,1,68,10,996,1,9,3,2,3
2018500320798,1,9,0,16,0,0,0,0,0,0,1,1,2,2,20,4,996,1,5,4,3,4
2018500320799,1,9,0,18,0,0,1,0,0,0,1,1,5,2,60,9,1598,1,3,8,2,8
2018500320807,1,9,0,4,0,0,1,0,0,0,1,1,5,2,41,7,1968,2,1,6,3,6
2018500320807,2,98,0,3,0,0,0,0,0,0,2,1,1,1,58,9,-1,-1,-1,8,1,8
2018500320808,1,9,0,18,0,1,0,0,0,0,1,1,5,1,34,6,1591,1,5,8,3,8
2018500320808,2,9,0,5,0,6,0,0,0,0,3,1,5,1,37,7,1989,1,17,4,3,4
2018500320810,1,9,0,16,0,0,0,0,7,0,1,1,6,1,21,5,1896,2,17,4,1,4
2018500320811,1,9,0,17,0,8,0,0,3,2,1,1,5,1,17,4,1149,1,18,5,1,5
2018500320830,1,9,0,5,0,0,0,0,0,0,1,1,5,2,39,7,1242,1,12,5,1,5
2018500320835,1,9,0,4,0,0,0,0,0,0,1,1,2,1,47,8,1999,1,13,5,3,5
2018500320835,2,3,0,4,0,0,0,0,0,0,2,1,2,1,30,6,124,1,6,2,1,2
2018500320845,1,9,0,8,0,1,0,0,0,0,1,1,5,1,86,11,1248,1,8,6,2,6
2018500320845,2,9,0,18,0,1,0,0,0,0,2,1,5,2,56,9,1560,2,11,4,3,4
2018500320846,1,9,0,18,0,8,0,0,0,0,4,1,6,2,21,5,1229,1,7,8,1,8
2018500320846,2,1,0,18,0,8,0,0,0,0,1,1,6,1,14,3,-1,-1,-1,2,1,2
2018500320851,1,9,0,9,0,0,0,0,0,0,4,1,5,1,42,7,1984,1,9,10,1,10
2018500320851,2,1,0,18,0,0,0,0,0,0,1,1,5,2,46,8,-1,-1,-1,8,2,8