Accident_Index,Vehicle_Reference,Vehicle_Type,Towing_and_Articulation,Vehicle_Manoeuvre,Vehicle_Location-Restricted_Lane,Junction_Location,Skidding_and_Overturning,Hit_Object_in_Carriageway,Vehicle_Leaving_Carriageway,Hit_Object_off_Carriageway,1st_Point_of_Impact,Was_Vehicle_Left_Hand_Drive?,Journey_Purpose_of_Driver,Sex_of_Driver,Age_of_Driver,Age_Band_of_Driver,Engine_Capacity_(CC),Propulsion_Code,Age_of_Vehicle,Driver_IMD_Decile,Driver_Home_Area_Type,Vehicle_IMD_Decile
2018500320851,3,1,0,18,0,0,0,0,0,0,1,1,5,1,50,8,-1,-1,-1,8,1,8
2018500320852,1,9,0,8,0,0,0,0,0,0,1,1,6,2,57,9,1248,2,7,10,1,10
2018500320852,2,1,0,18,0,0,0,0,0,0,3,1,6,1,28,6,-1,-1,-1,4,1,4
2018500320854,1,9,0,9,0,6,0,0,0,0,3,1,5,1,21,5,1596,1,1,7,1,7
2018500320854,2,9,0,18,0,1,1,0,0,0,1,1,5,2,21,5,1390,1,15,3,1,3
2018500320856,1,9,0,18,0,0,0,0,0,0,1,1,6,1,45,7,2496,2,15,7,2,7
2018500320856,2,9,0,18,0,0,0,0,0,0,3,1,6,2,57,9,1598,1,4,4,3,4
2018500320856,3,9,0,18,0,0,0,0,0,0,1,1,6,2,48,8,898,1,2,10,1,10
2018500320861,1,5,0,18,0,0,2,12,0,0,1,1,2,1,49,8,598,1,29,4,3,4
2018500320867,1,9,0,16,0,8,0,0,1,4,1,1,5,2,75,10,1560,2,8,5,2,5
2018500320872,1,9,0,17,0,0,0,6,0,0,1,1,5,2,17,4,1149,1,13,7,3,7
2018500320874,1,9,0,17,0,0,2,0,1,4,4,1,5,1,35,6,1870,2,11,2,1,2
2018500320879,1,9,0,18,0,0,5,0,7,11,1,1,6,1,29,6,1242,1,14,2,1,2
2018500320889,1,9,0,16,0,8,0,0,0,0,1,1,6,2,71,10,1798,2,3,4,3,4
2018500320891,1,9,0,18,0,0,0,0,7,0,1,1,5,1,19,4,998,1,-1,9,1,9
2018500320892,1,9,0,18,0,0,0,0,1,0,1,1,6,1,80,11,2191,2,4,6,3,6
2018500320896,1,9,0,16,0,0,0,0,0,0,1,1,6,3,-1,-1,-1,-1,-1,-1,-1,-1
2018500320896,2,9,0,17,0,0,0,0,0,0,1,1,6,2,55,8,1364,1,11,8,2,8
2018500320904,1,9,0,18,0,0,0,12,0,0,1,1,5,1,20,4,1798,1,9,4,3,4
2018500320904,2,9,0,18,0,0,2,12,2,0,1,1,5,1,59,9,998,1,2,5,1,5
2018500320908,1,9,0,3,0,0,0,0,0,0,2,1,1,1,39,7,-1,-1,-1,5,3,5
2018500320908,2,9,0,18,0,0,0,0,0,0,1,1,6,1,83,11,1248,1,5,7,2,7
2018500320914,1,9,0,16,0,1,0,0,0,0,1,1,5,1,43,7,1595,1,10,7,2,7
2018500320914,2,9,0,3,0,1,0,0,0,0,2,1,5,1,26,6,1968,2,5,6,2,6
2018500320917,1,9,0,18,0,0,0,0,0,0,1,1,6,2,-1,-1,-1,-1,-1,-1,-1,-1
2018500320918,1,1,0,16,0,0,1,0,0,0,0,1,5,1,66,10,-1,-1,-1,5,3,5
2018500320918,2,9,0,17,0,0,0,0,0,0,0,1,5,1,70,10,2199,2,8,8,1,8
2018500320922,1,3,0,18,0,0,2,0,0,0,1,1,2,1,20,4,124,1,1,5,2,5
2018500320922,2,9,0,18,0,0,1,0,0,0,2,1,2,1,42,7,1398,1,7,5,2,5
2018500320922,3,17,0,18,0,0,0,0,0,0,0,1,1,1,45,7,-1,-1,-1,4,2,4
2018500320923,1,11,0,18,0,0,0,0,0,0,0,1,1,2,24,5,4249,2,3,7,2,7
2018500320945,1,21,1,18,0,0,0,0,0,0,1,1,1,1,36,7,12740,2,4,2,1,2
2018500320945,2,9,0,4,0,0,0,0,0,0,2,1,2,1,58,9,1968,2,3,8,1,8
2018500320945,3,9,0,4,0,0,0,0,0,0,2,1,2,1,35,6,1596,1,4,4,1,4
2018500320945,4,9,0,4,0,0,0,0,0,0,2,1,2,2,64,9,1998,1,1,7,3,7
2018500320955,1,9,0,5,0,0,0,0,0,0,1,1,6,2,78,11,1198,1,4,9,2,9
2018500320955,2,9,0,3,0,0,0,0,0,0,2,1,6,1,68,10,1896,2,11,7,1,7
2018500320985,1,19,0,9,0,6,0,0,0,0,3,1,1,1,76,11,1461,2,6,1,1,1
2018500320985,2,9,0,9,0,5,0,0,0,0,3,1,5,2,75,10,1339,1,5,3,3,3
2018500320999,1,1,0,18,0,0,0,0,1,0,1,1,5,1,62,9,-1,-1,-1,7,3,7
2018500320999,2,9,0,16,0,0,0,0,0,0,0,1,6,3,-1,-1,-1,-1,-1,-1,-1,-1
2018500321004,1,3,0,18,0,0,0,0,0,0,0,1,6,1,18,4,124,1,8,3,2,3
2018500321006,1,98,0,18,0,1,0,0,0,0,1,1,1,1,26,6,-1,-1,-1,5,1,5
2018500321006,2,9,0,10,0,1,0,0,0,0,1,1,6,1,27,6,2148,2,9,8,1,8
2018500321031,1,9,0,7,0,8,0,0,0,0,1,1,6,2,49,8,1999,1,11,6,1,6
2018500321031,2,1,0,18,0,8,0,0,0,0,1,1,6,1,16,4,-1,-1,-1,6,1,6
2018500321079,1,9,0,18,0,2,0,0,0,0,4,1,6,3,-1,-1,-1,-1,-1,-1,-1,-1
2018500321080,1,9,0,18,0,0,0,0,1,0,1,1,5,1,50,8,2495,2,19,2,1,2
2018500321084,1,3,0,18,0,1,0,0,0,0,4,1,6,1,52,8,114,1,4,2,1,2
2018500321084,2,9,0,5,0,1,0,0,0,0,3,1,6,2,29,6,1598,2,2,3,1,3
2018500321099,1,3,0,16,0,0,2,0,1,0,4,1,5,2,44,7,124,1,18,3,3,3
2018500321099,2,9,0,18,0,0,0,0,0,0,0,1,1,2,31,6,1388,1,11,6,2,6
2018500321103,1,9,0,9,0,3,1,0,1,11,1,1,6,2,19,4,1360,1,15,2,1,2
2018500321104,1,9,0,18,0,1,0,0,0,0,3,1,6,2,67,10,1582,2,-1,-1,3,-1
2018500321105,1,9,0,5,0,6,0,0,0,0,4,1,5,2,52,8,998,1,14,4,3,4
2018500321105,2,9,0,18,0,8,0,0,0,0,1,1,5,2,38,7,1582,2,5,4,1,4
2018500321108,1,9,0,16,0,0,0,0,0,0,3,1,5,3,-1,-1,1951,2,14,-1,-1,-1
2018500321108,2,9,0,17,0,0,0,0,0,0,3,1,2,1,59,9,1599,1,12,4,3,4
2018500321112,1,9,0,17,0,0,1,0,1,11,1,1,5,1,31,6,1596,1,14,6,2,6
2018500321120,1,9,0,18,0,8,0,0,1,1,1,1,2,1,49,8,1598,2,5,8,3,8
2018500321120,2,1,0,18,0,8,0,0,0,0,2,1,2,2,26,6,-1,-1,-1,6,-1,6
2018500321126,1,4,0,17,0,0,5,0,0,0,4,1,6,1,27,6,675,1,4,6,1,6
2018500321126,2,2,0,17,0,0,0,0,0,0,0,1,6,3,-1,-1,-1,-1,-1,-1,-1,-1
2018500321135,1,9,0,5,0,1,0,0,1,0,3,1,5,1,59,9,1997,2,12,7,2,7
2018500321135,2,9,0,4,0,1,0,0,0,0,4,1,5,1,40,7,1995,2,12,8,2,8
2018500321138,1,9,0,16,0,0,0,0,0,0,1,1,2,2,34,6,999,1,8,7,2,7
2018500321138,2,9,0,17,0,0,0,0,0,0,1,1,6,3,-1,-1,998,1,15,-1,-1,-1
2018500321142,1,9,0,7,0,5,0,0,0,0,1,1,6,1,39,7,4163,1,15,2,1,2
2018500321142,2,3,0,18,0,8,0,0,0,0,1,1,6,1,18,4,124,1,3,2,1,2
2018500321153,1,3,0,18,0,0,0,0,0,0,1,1,5,1,36,7,125,1,1,7,2,7
2018500321153,2,9,0,4,0,0,0,0,0,0,1,1,5,2,64,9,1686,2,13,3,1,3
2018500321161,1,9,0,18,0,0,0,0,0,0,3,1,1,1,20,4,1242,1,10,7,3,7
2018500321193,1,9,0,18,0,0,0,0,0,0,2,1,5,1,45,7,1598,2,2,10,1,10
2018500321193,2,21,4,18,0,0,0,0,0,0,1,1,1,1,51,8,12902,2,2,5,2,5
2018500321215,1,9,0,18,0,6,0,0,0,0,1,1,6,2,18,4,1400,1,15,7,3,7
2018500321215,2,9,0,18,0,8,0,0,0,0,3,1,5,2,41,7,1598,2,5,6,1,6
2018500321247,1,11,0,2,0,0,0,0,0,0,1,1,1,1,53,8,4250,2,14,6,3,6
2018500321247,2,1,0,18,0,0,0,0,0,0,1,1,6,1,50,8,-1,-1,-1,6,2,6
2018500321441,1,98,0,5,0,8,0,0,0,0,0,1,6,1,46,8,-1,-1,-1,-1,-1,-1
2018500321441,2,5,0,16,0,1,1,0,7,0,3,1,6,1,45,7,999,1,5,9,1,9
2018500321451,1,9,0,1,0,1,0,0,0,0,2,1,6,2,46,8,1149,1,6,7,1,7
2018500321452,1,9,0,5,0,0,0,0,0,0,1,1,5,1,18,4,1242,1,16,6,3,6
2018500321452,2,9,0,5,0,0,0,0,0,0,2,1,5,1,35,6,1997,2,1,1,1,1
2018500321455,1,9,0,18,0,4,0,0,0,0,1,1,6,2,49,8,1997,2,2,5,1,5
2018500321455,2,9,0,9,0,4,0,0,0,0,4,1,1,2,24,5,1388,1,14,2,1,2
2018500321462,1,9,0,18,0,0,5,4,0,0,1,1,5,2,33,6,1685,2,5,9,1,9
2018500321462,2,9,0,2,0,0,0,0,0,0,1,1,5,2,83,11,1364,1,2,7,1,7
2018500321462,3,98,0,2,0,0,0,0,0,0,4,1,5,1,47,8,-1,-1,-1,9,1,9
2018500321462,4,19,0,2,0,0,0,0,0,0,3,1,5,3,-1,-1,2198,2,3,8,1,8
2018500321489,1,3,0,18,0,8,0,0,1,3,1,1,5,1,-1,-1,125,1,3,-1,-1,-1
2018500321503,1,9,0,18,0,8,0,0,0,0,1,1,6,2,19,4,1686,2,14,5,2,5
2018500321503,2,1,0,18,0,8,0,0,0,0,4,1,6,1,9,2,-1,-1,-1,5,2,5
2018500321513,1,3,0,4,0,1,2,0,0,0,4,1,1,2,27,6,124,1,14,5,1,5
2018500321552,1,9,0,17,0,1,1,10,2,1,4,1,5,1,19,4,1461,2,8,5,1,5
2018500321552,2,9,0,6,0,8,0,0,0,0,4,1,5,1,50,8,-1,-1,-1,8,1,8
2018500321727,1,9,0,18,0,0,0,0,0,0,4,1,1,1,69,10,1997,2,10,3,1,3
2018500321729,1,9,0,4,0,0,1,0,0,0,1,1,6,2,27,6,1910,2,12,3,1,3
2018500321729,2,9,0,3,0,0,0,0,0,0,2,1,5,1,75,10,1199,1,1,10,1,10
2018500321733,1,5,0,16,0,4,1,0,0,0,1,1,5,1,52,8,1050,1,9,2,1,2
2018500321735,1,9,0,4,0,8,0,0,0,0,4,1,5,2,68,10,1368,1,3,5,3,5
2018500321782,1,9,0,4,0,7,0,0,0,0,1,1,5,1,67,10,1242,1,4,8,3,8
2018500321782,2,9,0,3,0,7,0,0,0,0,2,1,5,1,64,9,1596,1,9,2,1,2
2018500321784,1,9,0,18,0,3,1,0,1,2,1,1,5,1,19,4,1242,1,12,6,3,6
2018500321786,1,9,0,4,0,0,0,0,0,0,1,1,5,2,61,9,1397,1,7,4,3,4
2018500321786,2,1,0,4,0,0,1,0,0,0,1,1,5,2,19,4,-1,-1,-1,5,1,5
2018500321790,1,9,0,17,0,0,2,6,0,0,1,1,1,2,20,4,1199,1,15,4,1,4
2018500321790,2,9,0,16,0,0,0,0,0,0,0,1,6,3,-1,-1,-1,-1,-1,-1,-1,-1
2018500321792,1,9,0,18,0,0,2,0,8,10,1,1,5,1,50,8,1398,2,15,9,3,9
2018500321796,1,9,0,18,0,0,0,0,5,6,1,1,5,2,20,4,1149,1,10,6,3,6
2018500321797,1,9,0,18,0,3,1,0,2,10,1,1,5,2,29,6,1995,2,14,1,1,1
2018500321799,1,9,0,18,0,0,5,0,1,0,4,1,5,2,25,5,1598,1,12,7,1,7
2018500321875,1,9,0,5,0,1,0,0,0,0,4,1,6,1,65,9,1598,1,12,9,1,9
2018500321875,2,9,0,2,0,1,0,0,0,0,1,1,6,2,42,7,1968,2,11,8,1,8
2018500321893,1,9,0,18,0,0,0,0,0,0,4,1,6,1,49,8,-1,-1,-1,4,3,4
2018500321903,1,19,0,18,0,1,0,0,0,0,1,1,6,1,53,8,2198,2,8,6,3,6
2018500321903,2,1,0,18,0,1,0,0,0,0,1,1,6,1,45,7,-1,-1,-1,9,1,9
2018500321918,1,9,0,9,0,8,0,0,0,0,4,1,1,2,57,9,1796,1,10,4,2,4
2018500321918,2,1,0,18,0,1,0,0,0,0,1,1,6,1,29,6,-1,-1,-1,7,2,7
2018500321951,1,9,0,4,0,0,0,0,0,0,1,1,6,1,70,10,2143,2,1,4,1,4
2018500321951,2,9,0,4,0,0,0,0,0,0,2,1,6,2,48,8,1200,1,1,6,2,6
2018500322236,1,9,0,18,0,0,0,4,0,0,1,1,6,1,27,6,998,1,2,4,2,4
2018500322236,2,9,0,2,0,0,0,4,0,0,2,1,6,2,68,10,1339,1,12,6,2,6
2018500322236,3,9,0,2,0,0,0,0,0,0,2,1,6,2,68,10,1198,1,7,5,2,5
2018500322244,1,9,0,16,0,0,1,0,0,0,1,1,6,1,20,4,1398,1,3,1,1,1
2018500322254,1,5,0,17,0,1,2,0,1,10,1,1,5,1,40,7,1854,1,9,3,1,3
2018500322264,1,9,0,17,0,0,0,0,0,0,1,1,6,2,28,6,1560,2,4,6,-1,6
2018500322289,1,9,0,18,0,0,1,0,1,0,3,1,6,1,27,6,-1,-1,-1,5,2,5
2018500322289,2,9,0,18,0,0,0,0,0,0,1,1,6,1,60,9,-1,-1,-1,10,2,10
2018500322297,1,9,0,15,0,1,1,0,0,0,1,1,6,1,32,6,1781,1,17,1,1,1
2018500322297,2,9,0,7,0,5,1,0,1,0,2,1,5,1,48,8,1984,1,14,3,1,3
2018500322315,1,97,0,18,0,2,5,0,0,0,1,1,6,1,22,5,-1,-1,-1,-1,-1,-1
2018500322315,2,21,0,3,0,1,0,0,0,0,3,1,1,1,48,8,4461,2,9,3,1,3
2018500322315,3,9,0,3,0,1,0,0,0,0,1,1,5,2,45,7,875,1,7,7,1,7
2018500322333,1,9,0,1,0,1,0,0,0,0,2,1,6,1,71,10,1461,2,3,3,1,3
2018500322352,1,11,0,18,0,2,0,0,0,0,0,1,1,1,28,6,9000,2,4,3,1,3
2018500322368,1,1,0,18,0,0,0,0,0,0,1,1,1,1,22,5,-1,-1,-1,4,1,4
2018500322375,1,9,0,18,0,1,0,0,0,0,1,1,5,2,27,6,1598,1,5,5,3,5
2018500322375,2,9,0,3,0,1,0,0,0,0,2,1,3,1,52,8,1395,1,1,5,1,5
2018500322401,1,2,0,16,0,0,1,0,0,0,3,1,6,2,16,4,50,1,11,4,3,4
2018500322401,2,9,0,17,0,0,0,0,0,0,3,1,5,2,35,6,1968,2,5,4,3,4
2018500322436,1,9,0,9,0,2,0,0,0,0,1,1,6,2,46,8,1598,1,15,7,2,7
2018500322436,2,2,0,18,0,1,0,0,0,0,1,1,6,1,26,6,49,1,5,5,3,5
2018500322620,1,9,0,9,0,5,0,0,0,0,1,1,5,2,50,8,2179,2,7,9,3,9
2018500322620,2,1,0,18,0,1,0,0,0,0,2,1,5,1,94,11,-1,-1,-1,9,2,9
2018500322625,1,9,0,1,0,0,0,0,0,0,2,1,5,1,79,11,1388,1,10,8,1,8
2018500322671,1,9,0,9,0,8,0,0,0,0,1,1,5,2,60,9,1591,1,-1,9,1,9
2018500322671,2,1,0,18,0,8,0,0,0,0,2,1,5,1,46,8,-1,-1,-1,4,2,4
2018500322675,1,9,0,18,0,2,0,0,0,0,3,1,6,2,46,8,998,1,-1,4,1,4
2018500322675,2,9,0,18,0,8,0,0,0,0,1,1,6,1,59,9,998,1,7,10,2,10
2018500322705,1,9,0,18,0,8,0,0,3,0,1,1,6,2,80,11,995,1,15,5,3,5
2018500322722,1,9,0,4,0,0,0,0,0,0,1,1,1,1,42,7,2400,2,5,4,1,4
2018500322722,2,9,0,18,0,0,0,0,0,0,1,1,6,1,27,6,1395,1,-1,8,1,8
2018500322730,1,9,0,17,0,0,5,0,2,0,1,1,6,2,35,6,1461,2,8,5,1,5
2018500322730,2,9,0,16,0,0,1,0,0,0,1,1,6,1,52,8,1360,1,8,7,2,7
2018500323046,1,9,0,18,0,8,0,0,0,0,1,1,6,1,25,5,3222,2,14,6,1,6
2018500323046,2,1,0,18,0,8,0,0,0,0,4,1,6,1,23,5,-1,-1,-1,3,1,3
2018500323065,1,9,0,18,0,0,1,0,0,0,1,1,2,1,19,4,1328,1,12,4,3,4
2018500323065,2,17,0,18,0,0,0,0,0,0,1,1,1,1,64,9,4525,2,2,3,3,3
2018500323486,1,19,0,18,0,0,0,0,0,0,4,1,1,1,48,8,1995,2,8,4,3,4
2018500323503,1,9,0,18,0,0,5,0,0,0,3,1,6,1,27,6,1896,2,11,5,1,5
2018500323505,1,9,0,15,0,0,0,0,0,0,4,1,6,1,56,9,2685,2,14,1,1,1
2018500323505,2,9,0,18,0,0,0,0,0,0,3,1,5,2,58,9,999,1,-1,4,1,4
2018500323511,1,9,0,18,0,0,2,0,0,0,1,1,6,1,30,6,1560,2,9,9,2,9
2018500323534,1,9,0,16,0,0,0,0,1,4,1,1,6,2,82,11,1197,1,-1,6,3,6
2018500323570,1,1,0,18,9,0,5,8,0,0,1,1,6,1,46,8,-1,-1,-1,1,1,1
2018500323570,2,9,0,2,0,0,0,0,0,0,3,1,6,1,29,6,1984,1,17,4,1,4
2018500323582,1,9,0,18,0,8,0,0,0,0,1,1,6,3,-1,-1,1984,1,12,-1,-1,-1
2018500323582,2,9,0,18,0,8,0,0,0,0,3,1,6,1,27,6,-1,-1,-1,3,2,3
2018500323664,1,9,0,7,0,0,0,0,0,0,1,1,6,2,53,8,1198,1,4,1,1,1
2018500323664,2,1,0,18,0,0,0,0,0,0,1,1,6,2,49,8,-1,-1,-1,8,1,8
2018500323893,1,9,0,13,0,0,2,10,2,0,4,1,1,1,27,6,1998,1,15,1,1,1
2018500323899,1,9,0,13,0,0,0,0,0,0,4,1,6,1,72,10,1597,2,3,7,2,7
2018500323899,2,9,0,18,0,0,0,0,0,0,3,1,6,1,42,7,-1,-1,-1,10,1,10
2018500323917,1,9,0,18,0,1,0,0,0,0,1,1,6,1,38,7,1560,2,5,1,1,1
2018500324216,1,9,0,3,0,1,0,0,0,0,2,1,6,2,51,8,1328,1,14,2,1,2
2018500324216,2,9,0,18,0,1,0,0,0,0,1,1,6,2,54,8,998,1,2,3,1,3
2018500324237,1,9,0,18,0,0,0,0,1,11,1,1,6,2,49,8,1968,2,5,5,-1,5
2018500324244,1,9,0,18,0,0,0,0,0,0,4,1,5,1,40,7,1991,2,13,3,1,3
2018500324246,1,9,0,18,0,2,0,4,1,11,1,1,5,1,20,4,1360,1,12,7,1,7
2018500324246,2,98,0,2,0,2,0,0,0,0,2,1,5,1,41,7,-1,-1,-1,5,1,5
2018500324299,1,9,0,18,0,1,0,0,0,0,1,1,6,1,64,9,-1,-1,-1,9,1,9
2018500324299,2,9,0,10,0,1,0,0,0,0,2,1,6,2,20,4,998,1,5,9,1,9
2018500324308,1,19,0,9,0,6,0,0,0,0,3,1,1,1,38,7,2198,2,3,8,1,8
2018500324308,2,3,0,18,0,1,0,0,0,0,1,1,2,1,19,4,125,1,2,8,1,8
2018500324315,1,9,0,5,0,1,0,0,0,0,1,1,1,1,68,10,1396,2,7,3,1,3
2018500324371,1,9,0,18,0,0,0,0,0,0,3,1,6,1,34,6,2987,2,6,9,2,9
2018500324371,2,9,0,18,0,0,0,0,0,0,4,1,5,3,-1,-1,1397,1,9,-1,-1,-1
2018500324623,1,9,0,18,0,1,0,0,0,0,1,1,5,1,27,6,2998,1,1,5,3,5
2018500324628,1,9,0,4,0,1,0,0,0,0,2,1,6,2,30,6,1998,1,12,3,3,3
2018500324628,2,3,0,18,0,1,0,0,0,0,1,1,6,2,18,4,108,1,2,3,2,3
2018500324633,1,9,0,17,0,0,2,0,0,0,1,1,6,1,29,6,1781,1,16,3,1,3
2018500324634,1,9,0,17,0,0,5,0,8,4,1,1,6,1,19,4,1761,1,17,7,2,7
2018500324638,1,9,0,9,0,6,0,0,0,0,1,1,5,1,24,5,1368,1,1,6,1,6
2018500324638,2,9,0,18,0,8,1,0,0,0,2,1,5,2,55,8,-1,-1,-1,3,3,3
2018500324650,1,9,0,16,0,0,0,0,0,0,1,1,6,1,20,4,998,1,5,7,1,7
2018500324650,2,9,0,17,0,0,0,0,0,0,1,1,6,1,53,8,-1,-1,-1,2,1,2
2018500324661,1,9,0,17,0,8,5,0,0,0,1,1,5,1,30,6,1149,1,13,7,2,7
2018500324672,1,3,0,9,0,3,1,0,0,0,3,1,5,1,22,5,124,1,3,4,1,4
2018500324672,2,9,0,5,0,4,0,0,0,0,1,1,5,2,68,10,1598,1,-1,6,3,6
2018500324677,1,9,0,7,0,1,0,0,0,0,1,1,2,1,19,4,1388,1,16,-1,-1,-1
2018500324677,2,9,0,9,0,1,0,0,0,0,1,1,5,1,65,9,2401,2,22,-1,-1,-1
2018500324679,1,5,0,9,8,0,0,0,2,10,3,1,6,1,51,8,1050,1,13,3,1,3
2018500324679,2,19,0,15,0,0,0,0,0,0,1,1,6,1,22,5,2143,2,2,7,1,7
2018500324699,1,9,0,17,0,0,2,0,1,0,1,1,6,1,32,6,1997,1,15,4,2,4
2018500324700,1,9,0,18,0,2,0,0,0,0,1,1,5,2,33,6,2179,2,3,6,2,6
2018500324714,1,9,0,17,0,0,5,0,1,3,1,1,5,1,36,7,1968,2,15,2,1,2
2018500324729,1,9,0,9,0,1,0,0,0,0,2,1,5,2,43,7,875,1,-1,6,3,6
2018500324729,2,5,0,18,0,1,0,0,0,0,1,1,5,1,37,7,1198,1,5,5,1,5
2018500324955,1,9,0,18,0,1,0,0,0,0,1,1,6,2,53,8,1796,1,18,3,1,3
2018500324955,2,9,0,3,0,1,0,0,0,0,2,1,5,2,39,7,1798,1,10,6,1,6
2018500324978,1,21,0,18,0,0,0,0,0,0,1,1,1,1,49,8,12740,2,1,5,2,5
2018500324991,1,3,0,18,0,0,1,0,0,0,1,1,5,1,75,10,113,1,15,9,1,9
2018500324997,1,3,0,17,0,0,1,0,0,0,3,1,6,1,23,5,101,1,18,6,3,6
2018500325021,1,9,0,4,0,2,0,4,0,0,4,1,6,1,52,8,1799,1,13,-1,-1,-1
2018500325021,2,9,0,2,0,2,0,0,0,0,4,1,6,3,-1,-1,-1,-1,-1,-1,-1,-1
2018500325060,1,9,0,6,0,1,0,0,0,0,1,1,6,3,-1,-1,1388,1,13,-1,-1,-1
2018500325060,2,9,0,18,0,1,0,0,0,0,1,1,6,1,28,6,1968,2,3,7,2,7
2018500325270,1,9,4,4,0,0,0,0,0,0,0,1,5,2,56,9,2664,2,14,6,3,6
2018500325270,2,16,0,4,0,0,0,0,0,0,1,1,5,2,10,2,-1,-1,-1,4,3,4
2018500325270,3,1,0,4,0,0,0,0,0,0,1,1,5,2,36,7,-1,-1,-1,7,1,7
2018500325270,4,1,0,4,0,0,0,0,0,0,3,1,5,1,12,3,-1,-1,-1,4,3,4
2018500325281,1,9,0,18,0,0,0,0,1,4,1,1,5,2,21,5,1796,1,13,2,1,2
2018500325287,1,9,0,18,0,0,1,0,2,10,4,1,5,1,17,4,1349,1,9,4,3,4
2018500325290,1,9,0,17,0,0,0,0,0,0,1,1,6,2,26,6,1422,2,8,4,1,4
2018500325290,2,9,0,16,0,0,0,0,0,0,1,1,6,1,26,6,1753,2,11,6,2,6
2018500325295,1,9,0,17,0,0,1,0,0,0,1,1,6,1,29,6,1834,1,15,7,3,7
2018500325295,2,9,0,16,0,0,0,0,0,0,1,1,6,1,35,6,1587,1,16,6,1,6
2018500325299,1,19,0,4,0,0,0,0,0,0,1,1,1,1,65,9,12130,2,13,3,2,3
2018500325299,2,9,0,4,0,0,0,0,0,0,2,1,6,1,66,10,1951,2,16,5,3,5
2018500325306,1,9,0,18,0,0,1,0,1,10,1,1,1,1,36,7,1598,1,13,2,3,2
2018500325310,1,11,0,18,0,0,1,0,0,0,1,1,1,2,61,9,4500,2,9,4,1,4
2018500325310,2,19,0,18,0,0,1,0,0,0,1,1,1,1,58,9,2198,2,9,1,1,1
2018500325327,1,9,0,14,0,0,0,0,0,0,4,1,6,3,-1,-1,-1,-1,-1,-1,-1,-1
2018500325327,2,1,0,18,0,0,0,0,0,0,3,1,6,1,30,6,-1,-1,-1,1,1,1
2018500325329,1,9,0,1,0,0,0,0,0,0,2,1,5,1,21,5,1991,1,3,7,2,7
2018500325330,1,3,0,18,0,0,0,0,0,0,1,1,6,1,20,4,125,1,13,8,1,8
2018500325330,2,9,0,9,0,0,0,0,0,0,2,1,1,1,33,6,1360,1,10,5,3,5
2018500325441,1,9,0,5,0,6,0,0,0,0,1,1,5,2,62,9,1997,2,-1,6,3,6
2018500325441,2,9,0,17,0,1,2,0,0,0,1,1,5,2,25,5,1560,2,5,6,-1,6
2018500325456,1,9,0,5,0,0,0,0,0,0,1,1,5,1,28,6,1149,1,16,2,2,2
2018500325456,2,9,0,18,0,0,0,0,0,0,1,1,5,1,44,7,1896,2,14,-1,3,-1
2018500325460,1,9,0,18,0,0,0,0,0,0,1,1,6,1,58,9,2993,2,3,9,1,9
2018500325460,2,9,0,18,0,0,0,0,0,0,1,1,6,1,51,8,1360,1,19,3,2,3
2018500325477,1,9,0,18,0,1,0,0,0,0,1,1,1,1,51,8,-1,-1,-1,4,3,4
2018500325477,2,9,0,9,0,1,0,0,0,0,2,1,5,2,31,6,1242,1,16,5,3,5
2018500325477,3,9,0,18,0,1,0,0,0,0,3,1,5,1,64,9,1598,2,10,6,2,6
2018500325491,1,9,0,5,0,2,0,4,0,0,1,1,6,2,55,8,1200,1,2,4,1,4
2018500325491,2,9,0,3,0,1,0,0,0,0,1,1,3,1,26,6,1560,2,5,4,1,4
2018500325491,3,9,0,2,0,1,0,0,0,0,2,1,5,1,45,7,1390,1,8,4,1,4
2018500325593,1,9,0,8,0,0,0,0,2,0,1,1,5,1,85,11,1868,2,16,4,1,4
2018500325697,1,9,0,17,0,1,0,0,0,0,1,1,5,2,80,11,1229,1,4,8,2,8
2018500325697,2,1,0,17,0,1,5,0,0,0,1,1,5,1,60,9,-1,-1,-1,7,1,7
2018500325842,1,19,0,16,0,0,0,0,0,0,1,1,6,1,52,8,-1,-1,-1,5,3,5
2018500325842,2,19,0,18,0,0,0,0,0,0,1,1,5,1,70,10,2151,2,16,4,2,4
2018500325852,1,9,0,5,0,7,0,0,0,0,0,1,6,2,33,6,-1,-1,-1,1,1,1
2018500325852,2,9,0,18,0,1,1,0,0,0,3,1,6,2,19,4,1229,1,13,6,2,6
2018500325852,3,9,0,18,0,1,0,0,0,0,4,1,6,1,53,8,1461,2,11,8,1,8
2018500325869,1,9,0,2,0,0,0,0,0,0,3,1,6,1,28,6,1397,1,14,4,1,4
2018500325869,2,1,0,18,0,0,0,0,0,0,1,1,6,1,27,6,-1,-1,-1,4,1,4
2018500325876,1,9,0,18,0,0,0,0,0,0,3,1,5,2,58,9,1240,1,9,7,1,7
2018500325876,2,9,0,18,0,0,0,0,0,0,4,1,5,2,50,8,1560,2,4,3,1,3
2018500326225,1,19,0,4,0,0,0,0,0,0,1,1,1,1,22,5,1968,2,1,5,1,5