Accident_Index,Vehicle_Reference,Vehicle_Type,Towing_and_Articulation,Vehicle_Manoeuvre,Vehicle_Location-Restricted_Lane,Junction_Location,Skidding_and_Overturning,Hit_Object_in_Carriageway,Vehicle_Leaving_Carriageway,Hit_Object_off_Carriageway,1st_Point_of_Impact,Was_Vehicle_Left_Hand_Drive?,Journey_Purpose_of_Driver,Sex_of_Driver,Age_of_Driver,Age_Band_of_Driver,Engine_Capacity_(CC),Propulsion_Code,Age_of_Vehicle,Driver_IMD_Decile,Driver_Home_Area_Type,Vehicle_IMD_Decile
2018500330513,3,9,0,4,0,0,0,0,0,0,2,1,1,2,63,9,1995,2,7,8,2,8
2018500330529,1,9,0,5,0,1,0,0,0,0,1,1,6,3,-1,-1,-1,-1,-1,-1,-1,-1
2018500330529,2,9,0,4,0,1,0,0,0,0,2,1,5,1,56,9,1197,1,7,7,1,7
2018500330538,1,9,0,9,0,6,0,0,0,0,0,1,1,2,55,8,1999,2,-1,5,2,5
2018500330538,2,2,0,18,0,1,2,0,0,0,0,1,1,1,62,9,49,1,5,5,3,5
2018500330564,1,9,0,16,0,0,0,0,0,0,3,1,5,2,56,9,1560,2,8,6,3,6
2018500330564,2,9,0,17,0,0,0,0,0,0,4,1,1,2,59,9,1560,2,5,10,1,10
2018500330577,1,9,0,5,0,8,0,0,0,0,1,1,5,1,63,9,698,1,15,6,-1,6
2018500330577,2,9,0,18,0,1,0,0,7,0,1,1,6,1,19,4,1298,1,18,7,2,7
2018500330591,1,9,0,17,0,0,2,0,1,0,1,1,6,2,21,5,1390,1,7,3,2,3
2018500330608,1,9,0,9,0,1,0,0,0,0,1,1,6,1,45,7,-1,-1,-1,-1,-1,-1
2018500330608,2,3,0,18,0,1,0,0,0,0,1,1,6,1,34,6,101,1,4,6,2,6
2018500330620,1,9,0,9,0,1,0,0,0,0,1,1,6,1,23,5,1595,1,17,6,3,6
2018500330620,2,9,0,18,0,1,1,0,0,0,1,1,6,1,46,8,1995,2,14,8,2,8
2018500330620,3,9,0,10,0,1,0,0,0,0,1,1,6,2,61,9,1461,2,2,4,3,4
2018500330627,1,5,0,18,0,0,5,0,0,0,3,1,6,1,63,9,649,1,8,5,3,5
2018500330645,1,9,0,18,0,8,0,0,0,0,4,1,5,1,62,9,1956,2,1,7,2,7
2018500330645,2,1,0,18,0,8,0,0,0,0,3,1,5,1,34,6,-1,-1,-1,5,2,5
2018500330665,1,9,0,1,0,0,0,0,0,0,2,1,6,1,51,8,1995,2,4,4,1,4
2018500330685,1,1,0,18,0,0,0,0,0,0,4,1,5,1,18,4,-1,-1,-1,5,1,5
2018500330685,2,9,0,18,0,0,0,0,0,0,1,1,2,2,50,8,1248,2,9,3,1,3
2018500330688,1,9,0,17,0,1,0,0,0,0,1,1,5,1,28,6,1108,1,11,3,1,3
2018500330688,2,9,0,9,0,1,0,0,0,0,2,1,5,2,42,7,1995,1,7,9,3,9
2018500330729,1,9,4,7,0,0,0,0,0,0,4,1,6,1,60,9,-1,-1,-1,4,3,4
2018500330729,2,3,0,18,0,0,0,0,0,0,3,1,6,1,21,5,124,1,3,3,2,3
2018500330739,1,9,0,16,0,0,0,0,1,0,1,1,1,1,54,8,-1,-1,-1,6,1,6
2018500330739,2,9,0,17,0,0,0,0,0,0,1,1,6,2,63,9,1598,1,12,8,2,8
2018500330776,1,9,0,16,0,0,2,0,0,0,4,1,6,1,48,8,-1,-1,-1,5,1,5
2018500330776,2,9,0,2,0,0,0,0,0,0,4,1,6,1,28,6,1995,2,15,2,1,2
2018500330865,1,9,0,3,0,0,0,0,0,0,2,1,6,2,31,6,1995,2,2,3,1,3
2018500330865,2,9,0,3,0,0,0,0,0,0,1,1,6,2,22,5,1149,1,17,7,1,7
2018500330865,3,9,0,18,0,0,0,0,0,0,1,1,6,2,29,6,1896,2,16,6,3,6
2018500330865,4,9,0,18,0,0,0,0,0,0,1,1,6,2,26,6,1124,1,16,4,-1,4
2018500330865,5,9,0,18,0,0,0,0,0,0,1,1,6,1,37,7,1390,1,7,9,1,9
2018500330869,1,9,0,16,0,0,0,0,0,0,1,1,5,1,48,8,-1,-1,-1,8,2,8
2018500330869,2,9,0,17,0,0,0,0,0,0,1,1,5,1,71,10,1299,1,10,5,3,5
2018500330877,1,9,0,18,0,0,0,0,0,0,1,1,5,2,45,7,1968,2,10,9,3,9
2018500330878,1,19,0,7,0,1,0,0,0,0,1,1,1,1,25,5,2198,2,2,9,1,9
2018500330878,2,9,0,3,0,1,0,0,0,0,2,1,6,1,47,8,1995,2,9,5,1,5
2018500330878,3,9,0,3,0,1,0,0,0,0,2,1,6,2,33,6,1596,1,16,4,1,4
2018500330879,1,9,0,18,0,1,0,0,0,0,1,1,5,1,89,11,998,1,3,6,1,6
2018500330879,2,9,0,10,0,1,0,0,0,0,2,1,5,1,63,9,2776,2,12,6,1,6
2018500330883,1,9,0,18,0,4,0,0,0,0,1,1,5,2,62,9,1596,1,16,5,1,5
2018500330883,2,9,0,5,0,3,0,0,0,0,1,1,5,2,26,6,1388,1,17,3,1,3
2018500330886,1,3,0,17,0,8,1,0,0,0,1,1,5,1,46,8,124,1,6,2,1,2
2018500330889,1,9,0,16,0,0,5,10,6,6,1,1,6,2,58,9,1753,2,14,4,3,4
2018500330890,1,9,0,5,0,2,0,0,0,0,1,1,6,1,62,9,1586,1,3,2,1,2
2018500330890,2,9,0,4,0,2,0,0,0,0,1,1,6,2,27,6,1798,1,13,1,1,1
2018500330891,1,19,0,16,0,0,1,0,0,0,1,1,1,1,38,7,2400,2,15,1,1,1
2018500330891,2,19,0,17,0,0,0,0,1,10,1,1,1,1,59,9,5480,2,21,2,1,2
2018500330897,1,2,0,4,0,4,1,0,0,0,4,1,5,1,17,4,49,1,12,7,1,7
2018500330899,1,9,0,18,0,1,0,0,0,0,1,1,5,2,53,8,1360,1,13,4,2,4
2018500330903,1,5,0,4,0,1,0,0,0,0,1,1,5,1,54,8,-1,-1,-1,-1,-1,-1
2018500330903,2,5,0,16,0,1,0,0,0,0,1,1,5,1,60,9,744,1,39,4,1,4
2018500330904,1,9,0,16,0,7,0,0,0,0,4,1,5,1,43,7,1248,2,7,3,1,3
2018500330908,1,9,0,17,0,0,2,0,7,0,2,1,5,1,55,8,1587,1,18,7,2,7
2018500330913,1,9,0,17,0,0,5,0,1,10,4,1,2,1,26,6,1199,1,14,8,2,8
2018500330914,1,3,0,13,0,0,1,0,0,0,1,1,1,1,17,4,124,1,8,4,3,4
2018500330914,2,9,0,18,0,0,0,0,0,0,1,1,1,1,35,6,1598,1,11,5,2,5
2018500330916,1,5,0,17,0,0,0,0,0,0,1,1,5,1,52,8,-1,-1,-1,-1,-1,-1
2018500330916,2,9,0,16,0,0,0,0,0,0,1,1,5,1,53,8,1398,2,3,9,2,9
2018500330935,1,9,0,4,0,0,0,0,0,0,2,1,6,1,25,5,1399,2,14,6,1,6
2018500330935,2,9,0,18,0,0,0,0,0,0,1,1,6,2,24,5,1399,1,12,2,1,2
2018500330945,1,9,0,4,0,1,0,0,0,0,1,1,5,2,39,7,1598,1,13,3,1,3
2018500330945,2,9,0,3,0,1,0,0,0,0,2,1,1,2,23,5,1390,1,11,8,1,8
2018500330945,3,9,0,3,0,1,0,0,0,0,2,1,6,1,36,7,1997,2,14,-1,-1,-1
2018500330949,1,9,0,18,0,0,0,0,0,0,1,1,6,1,21,5,1995,1,9,6,1,6
2018500330962,1,9,0,18,0,1,0,0,0,0,3,1,5,2,40,7,1598,1,10,2,1,2
2018500330962,2,9,0,9,0,6,0,0,0,0,1,1,5,2,55,8,1685,2,-1,6,1,6
2018500330972,1,9,0,18,0,1,0,0,0,0,0,1,1,1,-1,-1,1686,2,4,-1,-1,-1
2018500330972,2,9,0,18,0,8,0,7,0,0,1,1,6,1,26,6,2191,2,5,-1,-1,-1
2018500330972,3,9,0,18,0,8,0,0,0,0,1,1,5,1,39,7,1560,2,7,6,1,6
2018500331002,1,9,0,16,0,0,0,0,0,0,0,1,6,3,-1,-1,-1,-1,-1,-1,-1,-1
2018500331016,1,9,0,18,0,0,0,0,0,0,1,1,5,1,33,6,2199,2,9,5,3,5
2018500331016,2,9,0,18,0,0,0,0,0,0,2,1,5,2,31,6,1200,1,6,2,1,2
2018500331021,1,9,0,6,0,8,0,0,0,0,3,1,5,2,40,7,-1,-1,-1,7,1,7
2018500331021,2,9,0,13,0,8,0,0,7,0,1,1,5,2,47,8,1598,2,9,6,2,6
2018500331132,1,9,0,17,0,0,2,10,1,10,1,1,5,1,37,7,1199,1,17,6,2,6
2018500331160,1,9,0,8,0,8,0,0,1,2,1,1,5,2,35,6,1242,1,14,2,1,2
2018500331167,1,9,0,18,0,0,5,10,1,4,3,1,6,1,32,6,1798,1,13,4,1,4
2018500331167,2,9,0,18,0,0,0,0,0,0,2,1,6,1,65,9,2088,2,20,1,1,1
2018500331167,3,9,0,18,0,0,1,0,0,0,1,1,6,2,19,4,998,1,17,5,1,5
2018500331321,1,9,0,18,0,2,0,0,0,0,3,1,5,1,47,8,-1,-1,-1,-1,-1,-1
2018500331321,2,4,0,18,0,1,0,0,0,0,1,1,5,1,44,7,500,1,38,9,2,9
2018500331323,1,9,0,4,0,1,0,0,0,0,2,1,5,2,58,9,1242,1,4,8,1,8
2018500331323,2,9,0,18,0,1,0,0,0,0,1,1,5,2,76,11,1197,1,1,5,1,5
2018500331325,1,9,0,18,0,1,0,0,0,0,1,1,6,1,54,8,1398,1,5,1,1,1
2018500331325,2,1,0,18,0,1,0,0,0,0,1,1,5,1,14,3,-1,-1,-1,1,1,1
2018500331326,1,9,0,18,0,0,0,0,1,11,4,1,5,2,23,5,1149,1,13,3,1,3
2018500331326,2,9,0,18,0,0,0,0,0,0,0,1,6,3,-1,-1,-1,-1,-1,-1,-1,-1
2018500331328,1,9,0,18,0,0,2,0,2,10,1,1,1,1,27,6,1396,1,13,8,2,8
2018500331328,2,9,0,18,0,0,0,0,0,0,1,1,1,1,54,8,2179,2,8,6,1,6
2018500331329,1,9,0,4,0,0,0,0,0,0,1,1,6,2,29,6,1587,1,10,-1,2,-1
2018500331329,2,9,0,3,0,0,0,0,0,0,2,1,6,2,74,10,1242,1,8,2,2,2
2018500331331,1,9,0,9,0,1,0,0,0,0,3,1,6,1,32,6,1598,2,6,4,1,4
2018500331331,2,1,0,18,0,1,0,0,0,0,1,1,6,1,49,8,-1,-1,-1,7,1,7
2018500331332,1,19,0,18,0,0,0,0,1,10,4,1,1,1,43,7,1598,2,3,6,2,6
2018500331334,1,9,0,9,0,3,0,0,1,11,1,1,2,2,20,4,998,1,8,8,1,8
2018500331370,1,9,0,18,0,0,0,0,0,0,1,1,6,3,-1,-1,1896,2,11,-1,-1,-1
2018500331370,2,9,0,5,0,0,0,0,0,0,3,1,6,2,22,5,1995,1,12,1,1,1
2018500331373,1,9,0,18,0,0,5,0,1,0,1,1,2,1,49,8,1968,2,12,3,3,3
2018500331376,1,9,0,18,0,0,1,0,0,0,1,1,6,2,24,5,998,1,21,5,3,5
2018500331376,2,9,0,18,0,0,0,0,0,0,2,1,6,1,28,6,1796,1,11,7,1,7
2018500331376,3,9,0,6,0,0,0,0,0,0,0,1,1,1,51,8,2400,2,5,-1,-1,-1
2018500331380,1,9,0,4,0,1,0,0,0,0,1,1,6,2,30,6,1588,1,11,8,2,8
2018500331380,2,9,0,3,0,1,0,0,0,0,2,1,6,1,74,10,2495,2,13,3,3,3
2018500331385,1,9,0,9,0,0,0,0,0,0,2,1,6,1,48,8,1753,2,14,7,1,7
2018500331385,2,9,0,4,0,0,0,0,0,0,2,1,6,1,29,6,1995,2,6,9,1,9
2018500331385,3,9,0,18,0,0,0,0,0,0,1,1,6,1,50,8,1968,2,10,3,3,3
2018500331389,1,9,0,18,0,0,0,0,0,0,0,1,6,3,-1,-1,-1,-1,-1,-1,-1,-1
2018500331389,2,9,0,18,0,0,1,0,7,6,1,1,5,2,34,6,1086,1,7,3,1,3
2018500331397,1,9,0,16,0,0,5,0,1,10,1,1,5,2,46,8,1398,1,5,7,3,7
2018500331414,1,9,0,13,0,1,0,0,0,0,4,1,5,2,82,11,998,1,15,7,2,7
2018500331414,2,1,0,18,0,1,0,0,0,0,3,1,5,1,13,3,-1,-1,-1,5,2,5
2018500331442,1,98,0,18,0,0,0,0,0,0,1,1,5,1,41,7,-1,-1,-1,4,1,4
2018500331442,2,9,0,18,0,0,0,0,0,0,1,1,5,1,43,7,1896,2,15,6,2,6
2018500800000,1,4,0,18,0,0,0,7,7,10,1,1,2,1,22,5,125,1,1,3,1,3
2018500800002,1,9,0,18,0,0,0,12,0,0,1,1,6,1,18,4,1242,1,10,3,2,3
2018500800003,1,1,0,18,0,0,1,0,0,0,1,1,6,1,50,8,-1,-1,-1,10,2,10
2018500800003,2,20,0,18,0,0,0,0,0,0,1,1,1,1,52,8,2999,2,9,4,1,4
2018500800004,1,9,0,16,0,0,0,0,0,0,1,1,5,2,24,5,1197,1,2,4,3,4
2018500800005,1,11,0,18,0,0,0,0,0,0,1,1,1,1,53,8,4249,2,3,4,1,4
2018500800006,1,3,0,17,0,0,0,0,0,0,0,1,2,1,19,4,124,1,5,6,3,6
2018500800006,2,-1,-1,16,-1,0,-1,-1,0,0,0,1,1,3,-1,-1,-1,-1,-1,-1,-1,-1
2018500800007,1,9,0,1,0,0,0,0,0,0,2,1,6,1,24,5,1422,2,11,-1,3,-1
2018500800008,1,3,0,18,0,2,0,0,0,0,4,1,1,1,42,7,125,1,2,1,1,1
2018500800009,1,9,0,2,0,0,0,0,7,11,3,1,6,1,84,11,1248,1,7,4,3,4
2018500800010,1,9,0,18,0,3,0,0,0,0,2,1,6,2,54,8,1769,1,14,7,1,7
2018500800010,2,1,0,18,0,8,0,0,0,0,1,1,5,1,26,6,-1,-1,-1,1,1,1
2018500800011,1,1,0,18,0,0,0,0,0,0,0,1,1,1,16,4,-1,-1,-1,10,1,10
2018500800012,1,5,0,7,0,0,2,0,1,0,3,1,6,1,80,11,1450,1,16,6,3,6
2018500800013,1,9,0,16,0,0,1,0,7,4,1,1,5,2,36,7,1299,1,10,5,2,5
2018500800013,2,9,0,17,0,0,0,0,0,0,2,1,5,1,46,8,2402,2,8,-1,3,-1
2018500800013,3,9,0,18,0,0,0,0,0,0,3,1,5,1,33,6,1984,1,4,7,2,7
2018500800014,1,9,0,3,0,0,0,0,0,0,2,1,6,1,37,7,1968,2,14,7,1,7
2018500800014,2,9,0,17,0,0,1,0,0,0,1,1,6,1,29,6,1997,2,18,2,1,2
2018500800016,1,9,0,18,0,0,0,0,0,0,1,1,5,2,43,7,1598,1,16,7,1,7
2018500800016,2,9,0,18,0,0,0,0,7,0,3,1,2,2,60,9,1242,1,4,3,2,3
2018500800017,1,97,0,7,0,6,0,0,0,0,0,1,6,3,-1,-1,-1,-1,-1,-1,-1,-1
2018500800017,2,9,0,18,0,1,0,0,0,0,1,1,5,1,17,4,1399,1,2,6,2,6
2018500800017,3,1,0,18,0,1,0,0,0,0,1,1,5,1,42,7,-1,-1,-1,8,1,8
2018500800018,1,9,0,18,0,1,0,4,0,0,1,1,5,1,82,11,2720,2,11,9,2,9
2018500800018,2,9,0,2,0,1,0,0,1,11,3,1,6,1,66,10,1364,1,1,10,2,10
2018500800018,3,9,0,2,0,1,0,0,0,0,2,1,6,2,65,9,999,1,2,10,2,10
2018500800019,1,9,0,18,0,0,0,0,2,0,1,1,5,1,50,8,1591,1,-1,2,1,2
2018500800020,1,9,0,7,0,0,0,0,0,0,0,1,5,1,44,7,1997,2,3,4,1,4
2018500800020,2,2,0,14,0,0,1,0,0,0,0,1,5,1,44,7,1043,1,4,2,1,2
2018500800022,1,9,0,18,0,0,2,0,0,0,1,1,5,1,18,4,1390,1,12,3,3,3
2018500800023,1,3,0,13,0,0,0,0,0,0,1,1,6,1,20,4,125,1,8,2,1,2
2018500800023,2,9,0,4,0,0,0,0,0,0,2,1,6,1,35,6,2993,2,14,-1,-1,-1
2018500800024,1,9,0,2,0,1,0,0,8,0,1,1,1,1,74,10,1968,2,5,8,1,8
2018500800026,1,9,0,6,0,8,0,0,0,0,1,1,1,1,46,8,1798,8,3,9,1,9
2018500800026,2,9,0,18,0,8,0,0,0,0,1,1,1,1,39,7,2199,2,6,1,1,1
2018500800028,1,19,0,16,0,0,0,0,0,0,1,1,5,1,46,8,2198,2,3,9,3,9
2018500800028,2,9,0,3,0,0,0,0,0,0,2,1,5,2,74,10,1398,1,3,7,3,7
2018500800028,3,19,0,3,0,0,0,0,0,0,2,1,1,1,52,8,1995,2,1,9,3,9
2018500800029,1,9,0,18,0,0,0,12,0,0,1,1,5,2,54,8,1995,2,2,5,3,5
2018500800030,1,9,0,13,0,0,1,0,0,0,1,1,6,1,32,6,1597,1,27,2,1,2
2018500800030,2,21,0,18,0,0,1,0,1,10,1,1,6,1,26,6,10837,2,1,6,1,6
2018500800030,3,9,3,18,0,0,0,0,0,0,0,1,6,1,63,9,1999,2,2,5,2,5
2018500800031,1,9,3,9,0,0,0,0,0,0,0,1,5,2,37,7,2495,2,14,2,2,2
2018500800031,2,5,0,17,0,0,0,0,0,0,1,1,5,2,49,8,-1,-1,-1,-1,-1,-1
2018500800035,1,3,0,9,0,5,1,0,0,0,3,1,6,1,33,6,124,1,4,2,1,2
2018500800037,1,5,0,13,0,0,2,0,0,0,1,1,5,1,31,6,645,1,14,-1,-1,-1
2018500800037,2,9,0,18,0,0,0,0,0,0,1,1,5,1,61,9,1995,2,8,7,2,7
2018500800037,3,90,0,18,0,0,0,0,0,0,2,1,5,1,65,9,1997,2,14,5,2,5
2018500800038,1,5,0,16,0,0,2,0,0,0,4,1,5,1,41,7,1250,1,8,7,1,7
2018500800039,1,9,0,10,1,0,0,0,0,0,0,1,5,1,63,9,-1,-1,-1,4,2,4
2018500800039,2,9,0,3,1,0,0,0,0,0,1,1,5,2,55,8,2184,2,13,5,3,5
2018500800040,1,9,0,5,0,8,0,0,0,0,1,1,5,2,56,9,1497,8,5,6,3,6
2018500800040,2,3,0,5,0,8,0,0,0,0,3,1,5,1,17,4,125,1,6,4,1,4
2018500800041,1,9,0,18,0,0,0,0,0,0,1,1,5,1,58,9,2179,2,4,4,2,4
2018500800042,1,9,0,18,0,0,0,0,1,0,1,1,5,2,78,11,1560,2,3,4,3,4
2018500800042,2,9,0,4,0,0,0,0,0,0,2,1,5,1,77,11,1991,1,20,4,3,4
2018500800044,1,9,0,17,0,0,2,0,7,0,1,1,5,2,20,4,1242,1,12,6,3,6
2018500800045,1,17,4,7,0,0,0,0,0,0,1,1,1,1,62,9,-1,2,6,4,3,4
2018500800045,2,9,0,4,0,0,0,0,0,0,3,1,6,2,27,6,1686,2,6,3,3,3
2018500800046,1,9,0,18,0,6,0,0,0,0,1,1,6,1,-1,-1,2967,1,15,-1,-1,-1
2018500800046,2,9,0,18,0,1,0,0,0,0,4,1,6,2,61,9,1968,2,3,6,3,6
2018500800049,1,9,0,16,0,0,0,10,2,0,1,1,5,1,20,4,1999,1,9,1,1,1
2018500800050,1,9,0,9,0,5,0,0,0,0,1,1,6,2,54,8,998,1,4,6,2,6
2018500800050,2,1,0,18,0,1,0,0,0,0,1,1,6,2,61,9,-1,-1,-1,6,1,6
2018500800051,1,9,0,18,0,0,0,0,0,0,0,1,6,3,-1,-1,1397,1,11,-1,-1,-1
2018500800051,2,9,0,18,0,0,0,0,0,0,0,1,6,1,73,10,2143,2,5,2,1,2
2018500800052,1,9,0,17,0,0,0,0,0,0,3,1,5,2,41,7,2401,2,14,6,2,6
2018500800052,2,9,0,16,0,0,0,0,0,0,3,1,1,2,19,4,1598,1,15,5,2,5
2018500800053,1,9,0,5,0,0,0,0,0,0,1,1,5,1,35,6,1781,1,19,2,1,2
2018500800053,2,9,0,18,0,0,0,0,0,0,1,1,5,2,26,6,1600,2,9,6,3,6
2018500800054,1,5,0,18,0,0,0,0,0,0,1,1,5,1,24,5,749,1,2,3,1,3
2018500800054,2,9,0,4,0,0,0,0,0,0,2,1,5,2,24,5,1896,2,10,3,1,3
2018500800055,1,9,0,2,0,0,0,0,0,0,2,1,1,3,-1,-1,999,1,5,9,1,9
2018500800055,2,9,0,2,0,0,0,0,0,0,2,1,1,3,-1,-1,1686,2,5,9,1,9
2018500800062,1,19,0,5,0,0,0,0,0,0,1,1,1,1,61,9,2287,2,2,2,1,2
2018500800062,2,9,0,3,0,0,0,0,0,0,2,1,5,2,62,9,1339,1,12,5,1,5
2018500800064,1,9,0,17,0,0,1,0,1,0,4,1,5,2,19,4,1461,2,14,4,3,4
2018500800066,1,9,0,4,0,0,1,0,0,0,1,1,5,1,61,9,1998,2,13,7,3,7
2018500800066,2,19,0,4,0,0,1,0,0,0,1,1,2,1,43,7,2461,2,15,8,2,8
2018500800069,1,9,0,1,0,1,0,0,1,0,2,1,5,2,74,10,1596,1,8,5,1,5
2018500800071,1,9,0,9,0,1,0,0,0,0,1,1,1,1,29,6,-1,-1,-1,3,1,3
2018500800071,2,1,0,18,0,1,0,0,0,0,1,1,1,2,30,6,-1,-1,-1,5,3,5
2018500800072,1,2,0,16,0,0,2,0,0,0,4,1,6,2,17,4,49,1,1,5,1,5
2018500800073,1,9,0,5,0,3,0,0,0,0,1,1,6,2,33,6,1995,2,6,3,2,3
2018500800073,2,9,0,9,0,3,0,0,0,0,2,1,5,1,33,6,1598,2,2,8,1,8
2018500800076,1,9,0,5,0,2,0,0,0,0,3,1,5,1,60,9,1499,2,1,10,2,10
2018500800076,2,1,0,17,0,2,0,0,0,0,1,1,2,1,19,4,-1,-1,-1,4,3,4
2018500800079,1,3,0,16,0,0,0,0,0,0,4,1,6,1,18,4,124,1,6,4,3,4
2018500800079,2,21,0,16,0,0,0,0,0,0,4,1,1,1,42,7,10837,2,7,5,3,5
2018500800079,3,9,0,4,0,0,0,0,0,0,0,1,6,1,42,7,1998,1,1,10,1,10
2018500800079,4,19,0,4,0,0,0,0,0,0,2,1,6,1,26,6,2402,2,8,5,3,5
2018500800080,1,22,0,18,9,0,0,0,0,0,1,1,6,1,-1,-1,-1,-1,-1,-1,-1,-1
2018500800081,1,9,0,18,0,0,0,0,0,0,3,1,6,3,-1,-1,-1,-1,-1,-1,-1,-1
2018500800081,2,1,0,18,0,0,5,0,0,0,1,1,6,1,48,8,-1,-1,-1,5,1,5
2018500800083,1,9,0,18,0,0,5,0,0,0,1,1,5,1,24,5,-1,-1,-1,3,1,3
2018500800085,1,9,0,18,0,1,0,0,0,0,3,1,5,3,40,7,2996,2,21,7,1,7
2018500800085,2,9,0,9,0,2,0,0,0,0,3,1,5,2,22,5,2776,2,1,9,2,9
2018500800087,1,2,0,18,0,0,0,0,0,0,1,1,6,1,24,5,645,1,9,8,1,8
2018500800087,2,9,0,3,0,0,0,0,0,0,2,1,6,1,47,8,1364,1,9,5,1,5
2018500800087,3,9,0,4,0,0,0,0,0,0,1,1,6,1,46,8,2495,2,16,6,3,6
2018500800089,1,9,0,5,0,4,0,0,0,0,1,1,5,1,51,8,998,1,10,5,1,5
2018500800089,2,1,0,18,0,8,0,0,0,0,3,1,4,1,13,3,-1,-1,-1,6,1,6
2018500800090,1,19,0,3,0,0,1,0,0,0,1,1,6,1,41,7,1560,2,2,3,3,3
2018500800090,2,9,0,4,0,0,0,0,0,0,2,1,6,1,25,5,1461,2,4,4,2,4
2018500800094,1,9,0,18,0,0,5,0,8,0,1,1,6,1,45,7,1900,2,19,6,1,6
2018500800095,1,9,0,18,0,0,5,12,1,0,4,1,5,1,19,4,2996,7,13,-1,-1,-1
2018500800096,1,9,0,17,0,0,1,0,7,0,1,1,6,2,37,7,998,1,9,3,1,3
2018500800097,1,9,0,3,0,0,0,0,1,0,3,1,1,1,43,7,-1,-1,-1,4,3,4
2018500800097,2,9,0,3,0,0,0,0,0,0,4,1,5,1,73,10,1995,2,15,1,1,1
2018500800098,1,5,0,17,0,0,0,0,0,0,1,1,6,1,57,9,998,1,7,3,1,3
2018500800098,2,9,0,17,0,0,0,0,0,0,1,1,5,1,32,6,-1,-1,-1,7,1,7
2018500800098,3,9,0,16,0,0,0,0,0,0,1,1,5,1,26,6,1781,1,24,7,1,7
2018500800103,1,21,0,18,0,0,0,0,0,0,1,1,1,1,-1,-1,-1,-1,-1,-1,-1,-1
2018500800103,2,1,0,18,0,0,5,0,0,0,2,1,4,2,10,2,-1,-1,-1,5,3,5
2018500800104,1,-1,0,1,0,0,0,0,0,0,2,1,6,3,-1,-1,-1,-1,-1,-1,-1,-1
2018500800105,1,9,0,17,0,0,0,0,2,0,1,1,6,2,38,7,1598,1,15,4,3,4
2018500800106,1,9,0,5,0,8,0,0,0,0,1,1,6,1,-1,-1,1598,1,7,4,1,4
2018500800106,2,9,0,5,0,8,0,0,0,0,2,1,6,2,30,6,1242,1,7,3,3,3
2018500800108,1,9,0,9,0,6,0,0,0,0,1,1,1,1,44,7,1686,2,5,4,1,4
2018500800108,2,3,0,18,0,1,0,0,0,0,1,1,6,1,19,4,124,1,5,5,3,5
2018500800109,1,9,0,3,0,0,0,0,0,0,2,1,5,1,42,7,4398,1,17,9,1,9
2018500800109,2,9,0,18,0,0,0,0,0,0,1,1,5,2,44,7,1275,1,-1,5,1,5
2018500800110,1,9,0,18,0,1,0,0,0,0,4,1,6,2,83,11,1997,2,13,9,1,9
2018500800110,2,1,0,18,0,1,0,0,0,0,1,1,5,1,15,3,-1,-1,-1,7,2,7
2018500800111,1,19,0,13,0,4,0,0,0,0,0,1,2,1,39,7,-1,-1,-1,6,1,6
2018500800111,2,1,0,12,0,4,0,0,0,0,1,1,2,1,60,9,-1,-1,-1,10,1,10
2018500800113,1,9,0,9,0,6,0,0,0,0,1,1,6,1,17,4,1149,1,15,4,1,4
2018500800113,2,9,0,18,0,1,0,0,0,0,2,1,6,2,23,5,1798,1,11,7,1,7
2018500800114,1,9,0,16,0,0,5,0,0,0,4,1,2,1,18,4,1422,2,11,5,3,5
2018500800117,1,9,0,9,0,2,0,0,3,0,1,1,5,1,79,11,1328,1,12,5,1,5
2018500800118,1,9,0,18,0,0,0,0,0,0,1,1,6,1,-1,-1,1368,1,9,-1,-1,-1
2018500800118,2,1,0,18,0,0,0,0,0,0,2,1,4,1,12,3,-1,-1,-1,1,1,1
2018500800119,1,9,0,1,0,0,0,0,0,0,2,1,5,2,48,8,1992,2,10,9,1,9
2018500800120,1,9,0,5,0,3,0,0,0,0,1,1,6,2,18,4,1240,1,15,1,1,1
2018500800120,2,9,0,3,0,3,0,0,0,0,2,1,6,2,51,8,2198,1,18,1,1,1
2018500800120,3,9,0,3,0,3,0,0,0,0,2,1,2,2,59,9,1200,1,-1,4,3,4
2018500800121,1,9,0,4,0,0,0,0,0,0,2,1,5,2,21,5,1242,1,5,5,3,5
2018500800121,2,9,0,4,0,0,0,0,0,0,1,1,2,2,48,8,1598,1,12,8,1,8
2018500800122,1,9,0,18,0,0,1,0,4,7,1,1,6,1,23,5,1149,1,8,8,2,8
2018500800122,2,9,0,18,0,0,0,0,0,0,1,1,6,2,64,9,2199,2,8,7,3,7
2018500800123,1,5,0,18,0,0,0,12,0,0,3,1,5,1,57,9,-1,-1,-1,-1,-1,-1
2018500800126,1,9,0,18,0,0,5,0,0,0,1,1,6,1,38,7,-1,-1,-1,4,1,4
2018500800127,1,9,0,18,0,8,0,0,0,0,1,1,5,2,33,6,1242,1,6,8,1,8
2018500800127,2,1,0,18,0,8,0,0,0,0,3,1,5,1,42,7,-1,-1,-1,6,1,6