Accident_Index,Vehicle_Reference,Vehicle_Type,Towing_and_Articulation,Vehicle_Manoeuvre,Vehicle_Location-Restricted_Lane,Junction_Location,Skidding_and_Overturning,Hit_Object_in_Carriageway,Vehicle_Leaving_Carriageway,Hit_Object_off_Carriageway,1st_Point_of_Impact,Was_Vehicle_Left_Hand_Drive?,Journey_Purpose_of_Driver,Sex_of_Driver,Age_of_Driver,Age_Band_of_Driver,Engine_Capacity_(CC),Propulsion_Code,Age_of_Vehicle,Driver_IMD_Decile,Driver_Home_Area_Type,Vehicle_IMD_Decile
2018500800128,1,5,0,7,0,4,5,10,0,0,1,1,5,1,59,9,689,1,-1,4,1,4
2018500800128,2,5,0,7,0,4,0,0,0,0,2,1,5,3,-1,-1,-1,-1,-1,-1,-1,-1
2018500800129,1,9,0,18,0,4,0,9,3,0,1,1,6,2,55,8,898,1,1,8,1,8
2018500800130,1,9,0,17,0,0,5,0,1,0,1,1,3,2,63,9,-1,-1,-1,8,1,8
2018500800134,1,9,0,4,0,4,1,9,0,0,1,1,1,1,23,5,1399,2,15,5,1,5
2018500800135,1,9,0,18,0,0,0,0,0,0,1,1,3,1,32,6,1396,2,4,4,1,4
2018500800135,2,9,0,2,0,0,0,0,1,0,2,1,1,1,52,8,1461,2,-1,3,3,3
2018500800136,1,9,0,16,0,8,0,0,7,1,1,1,6,2,64,9,1108,1,8,3,2,3
2018500800138,1,9,0,18,0,2,0,0,1,4,1,1,5,1,38,7,1596,1,12,1,1,1
2018500800138,2,9,0,1,0,8,0,0,0,0,2,1,5,1,23,5,1299,1,12,1,1,1
2018500800138,3,9,0,1,0,8,0,0,0,0,2,1,5,1,35,6,-1,-1,-1,8,1,8
2018500800139,1,9,0,17,0,0,0,0,0,0,4,1,5,1,18,4,1896,2,15,5,3,5
2018500800142,1,9,0,9,0,1,0,0,0,0,1,1,5,1,21,5,-1,-1,-1,3,2,3
2018500800142,2,9,0,18,0,2,0,0,0,0,1,1,5,2,20,4,999,1,3,5,1,5
2018500800143,1,5,0,16,0,0,2,0,0,0,1,1,5,1,56,9,1200,1,14,4,3,4
2018500800143,2,20,0,4,0,0,0,0,0,0,1,1,5,2,48,8,4580,2,12,4,3,4
2018500800146,1,9,0,16,0,0,5,0,0,0,1,1,5,1,32,6,-1,-1,-1,4,3,4
2018500800146,2,9,0,18,0,0,0,0,0,0,1,1,2,1,51,8,1108,1,8,4,2,4
2018500800147,1,5,0,13,0,0,1,0,0,0,1,1,2,1,51,8,599,1,18,4,3,4
2018500800147,2,9,0,18,0,0,1,0,0,0,1,1,2,1,34,6,1896,2,15,6,1,6
2018500800147,3,20,0,18,0,0,0,0,0,0,3,1,1,1,46,8,-1,-1,-1,8,1,8
2018500800148,1,9,0,18,0,3,0,0,0,0,1,1,6,1,44,7,998,1,2,7,3,7
2018500800149,1,1,0,18,0,1,2,0,0,0,1,1,5,1,59,9,-1,-1,-1,3,1,3
2018500800149,2,9,0,9,0,5,0,0,0,0,4,1,1,2,20,4,1598,1,16,5,3,5
2018500800150,1,1,0,18,0,1,2,0,0,0,1,1,6,1,39,7,-1,-1,-1,4,1,4
2018500800150,2,9,0,9,0,5,0,0,0,0,1,1,6,1,23,5,2324,1,16,6,3,6
2018500800152,1,9,0,12,0,0,0,0,0,0,3,1,6,1,61,9,1461,2,12,3,1,3
2018500800152,2,1,0,18,0,0,0,0,0,0,3,1,6,1,34,6,-1,-1,-1,6,1,6
2018500800153,1,9,0,18,0,0,0,0,0,0,3,1,6,1,71,10,1197,1,3,9,1,9
2018500800153,2,9,0,18,0,0,0,0,0,0,1,1,6,1,24,5,1995,1,11,2,1,2
2018500800153,3,9,0,18,0,0,0,0,0,0,1,1,6,2,37,7,998,1,7,7,1,7
2018500800155,1,9,0,17,0,0,1,0,7,0,1,1,5,1,74,10,2993,2,14,4,3,4
2018500800157,1,9,0,5,0,4,0,0,0,0,3,1,5,1,52,8,1461,2,-1,-1,-1,-1
2018500800157,2,9,0,18,0,8,0,0,0,0,1,1,5,1,43,7,-1,-1,-1,5,2,5
2018500800158,1,9,0,3,0,0,0,0,0,0,2,1,5,1,66,10,1997,2,2,9,3,9
2018500800158,2,9,0,18,0,0,0,0,0,0,1,1,5,2,23,5,1995,2,10,5,1,5
2018500800160,1,19,0,1,0,0,0,0,0,0,2,1,6,1,51,8,1870,2,12,6,3,6
2018500800160,2,9,0,3,0,0,0,0,0,0,1,1,6,2,52,8,1199,2,7,5,3,5
2018500800161,1,8,0,18,0,0,0,0,0,0,1,1,6,3,-1,-1,-1,-1,-1,-1,-1,-1
2018500800162,1,9,0,18,0,0,2,0,1,10,1,1,6,1,26,6,1598,1,18,7,3,7
2018500800163,1,9,0,2,0,1,0,0,0,0,1,1,6,1,64,9,1781,1,17,1,1,1
2018500800163,2,8,0,18,0,1,0,0,0,0,2,1,1,2,32,6,1997,2,8,5,1,5
2018500800163,3,3,0,18,0,1,1,0,0,0,1,1,1,1,47,8,124,1,18,5,1,5
2018500800164,1,9,0,17,0,0,0,0,0,0,1,1,5,2,58,9,1397,1,17,5,3,5
2018500800164,2,9,0,16,0,0,0,0,0,0,3,1,2,1,37,7,2993,2,6,6,1,6
2018500800165,1,21,1,18,0,0,0,0,0,0,4,1,1,1,65,9,12902,2,-1,3,2,3
2018500800165,2,9,0,18,0,0,0,0,0,0,3,1,6,1,56,9,1598,2,5,10,2,10
2018500800166,1,9,0,18,0,1,0,0,0,0,1,1,6,2,35,6,1362,1,5,5,1,5
2018500800166,2,9,0,10,0,1,0,0,0,0,2,1,6,2,37,7,1398,1,3,5,1,5
2018500800169,1,9,0,18,0,1,0,0,0,0,1,1,5,1,71,10,2151,2,17,5,1,5
2018500800170,1,9,0,18,6,1,2,4,1,3,1,1,1,1,20,4,1587,1,17,4,3,4
2018500800170,2,9,0,2,6,1,0,0,0,0,3,1,5,2,39,7,1388,1,16,8,1,8
2018500800172,1,9,0,18,0,0,0,0,0,0,1,1,6,1,68,10,1742,1,6,3,2,3
2018500800172,2,1,0,10,0,0,0,0,0,0,3,1,2,1,37,7,-1,-1,-1,8,3,8
2018500800173,1,2,0,18,0,8,0,0,0,0,1,1,5,1,25,5,599,1,7,7,1,7
2018500800173,2,9,0,9,0,1,0,0,0,0,1,1,5,2,57,9,1198,1,11,8,1,8
2018500800174,1,9,0,17,0,0,2,0,0,0,1,1,5,1,-1,-1,1124,1,16,2,2,2
2018500800175,1,3,0,18,0,8,0,0,0,0,1,1,6,1,17,4,124,1,4,3,1,3
2018500800175,2,9,0,6,0,8,0,0,0,0,3,1,6,2,44,7,2204,2,9,3,1,3
2018500800176,1,9,0,4,0,0,0,0,0,0,1,1,5,1,41,7,1596,1,14,3,1,3
2018500800176,2,9,0,4,0,0,0,0,0,0,2,1,2,2,54,8,1580,8,2,6,3,6
2018500800177,1,9,0,4,0,4,0,0,0,0,1,1,5,1,49,8,2000,2,13,6,1,6
2018500800177,2,9,0,3,0,4,0,0,0,0,2,1,5,1,57,9,2143,2,1,8,1,8
2018500800178,1,9,0,9,0,6,0,0,0,0,1,1,5,1,75,10,1560,2,1,4,3,4
2018500800178,2,3,0,18,0,1,0,0,0,0,4,1,5,1,55,8,125,1,58,7,1,7
2018500800178,3,3,0,18,0,1,0,0,0,0,3,1,5,1,48,8,125,1,58,4,1,4
2018500800181,1,9,0,4,0,0,0,0,0,0,1,1,5,2,55,8,1999,2,1,10,1,10
2018500800181,2,9,0,4,0,0,0,0,0,0,2,1,6,1,66,10,2987,2,1,3,1,3
2018500800182,1,9,0,16,0,0,0,0,7,4,1,1,5,1,25,5,1598,1,12,4,1,4
2018500800186,1,9,0,3,0,1,0,0,0,0,2,1,5,2,31,6,1461,2,9,3,1,3
2018500800186,2,9,0,18,0,1,0,0,0,0,1,1,5,2,-1,-1,-1,-1,-1,-1,-1,-1
2018500800188,1,5,0,4,0,0,0,0,0,0,0,1,5,1,71,10,1170,1,10,4,3,4
2018500800188,2,5,0,18,0,0,0,0,0,0,0,1,6,1,65,9,1584,1,8,4,2,4
2018500800189,1,9,0,18,0,0,5,0,2,10,4,1,6,2,39,7,1968,2,7,4,1,4
2018500800193,1,9,0,4,0,0,2,0,0,0,1,1,6,1,35,6,1999,1,13,4,3,4
2018500800194,1,5,0,9,0,6,0,0,1,10,1,1,6,1,43,7,781,1,20,2,1,2
2018500800195,1,9,0,9,0,8,0,0,0,0,1,1,5,2,42,7,1896,2,14,3,1,3
2018500800195,2,9,0,18,0,8,0,0,0,0,1,1,1,1,57,9,1997,2,9,2,1,2
2018500800197,1,19,0,1,0,1,0,0,0,0,2,1,5,1,46,8,2459,2,20,4,2,4
2018500800199,1,9,0,18,0,8,0,0,0,0,1,1,5,3,-1,-1,-1,-1,-1,-1,-1,-1
2018500800201,1,9,0,18,0,0,0,0,0,0,3,1,6,1,39,7,-1,-1,-1,4,3,4
2018500800201,2,9,0,18,0,0,0,0,0,0,3,1,6,1,34,6,1968,2,4,2,2,2
2018500800203,1,19,0,15,0,0,0,0,0,0,3,1,1,1,33,6,2143,2,5,5,1,5
2018500800203,2,9,0,15,0,0,0,0,0,0,4,1,5,2,49,8,1498,1,-1,1,1,1
2018500800206,1,19,0,18,0,1,0,0,0,0,0,1,1,1,-1,-1,2198,2,4,4,1,4
2018500800208,1,9,0,10,0,0,0,0,0,0,4,1,5,1,60,9,2685,2,13,3,1,3
2018500800208,2,5,0,18,0,0,2,0,0,0,1,1,5,1,48,8,1255,1,7,8,1,8
2018500800209,1,9,0,17,0,0,0,0,0,0,1,1,6,1,46,8,1956,2,8,5,3,5
2018500800209,2,9,0,16,0,0,0,0,0,0,1,1,6,2,63,9,998,1,5,5,3,5
2018500800210,1,9,0,10,0,0,0,0,0,0,1,1,5,1,64,9,1995,2,14,7,1,7
2018500800210,2,1,0,18,0,0,0,0,0,0,1,1,5,1,33,6,-1,-1,-1,7,3,7
2018500800211,1,9,0,15,0,1,0,0,0,0,1,1,6,3,-1,-1,-1,-1,-1,-1,-1,-1
2018500800211,2,9,0,10,0,1,1,0,0,0,1,1,2,2,52,8,1560,2,4,5,2,5
2018500800212,1,9,0,6,0,0,0,0,0,0,1,1,5,2,70,10,1590,1,15,8,2,8
2018500800212,2,5,0,18,0,0,0,0,0,0,1,1,2,1,62,9,1050,1,1,3,1,3
2018500800213,1,1,0,10,0,1,5,0,0,0,3,1,6,1,39,7,-1,-1,-1,8,3,8
2018500800213,2,9,0,18,0,1,0,0,0,0,4,1,6,1,31,6,1998,1,19,8,3,8
2018500800214,1,9,0,9,0,0,0,0,0,0,0,1,1,2,46,8,-1,-1,-1,4,1,4
2018500800214,2,19,0,18,0,0,0,0,1,9,1,1,5,1,37,7,-1,-1,-1,9,2,9
2018500800215,1,3,0,18,0,1,0,0,0,0,1,1,5,1,20,4,124,1,12,4,1,4
2018500800215,2,9,0,9,0,1,0,0,0,0,1,1,5,2,27,6,1968,2,4,2,-1,2
2018500800216,1,9,0,18,0,0,0,0,0,0,1,1,5,1,42,7,1998,1,4,3,1,3
2018500800219,1,9,0,18,0,0,0,0,0,0,1,1,6,2,57,9,1896,2,16,5,3,5
2018500800219,2,9,0,4,7,0,0,0,0,0,2,1,6,1,64,9,1997,2,2,1,1,1
2018500800221,1,9,0,18,0,1,0,0,0,0,1,1,5,3,-1,-1,-1,-1,-1,-1,-1,-1
2018500800223,1,9,0,18,0,0,0,0,0,0,1,1,5,1,18,4,1399,1,9,4,1,4
2018500800223,2,8,0,4,0,0,0,0,0,0,2,1,1,1,33,6,-1,-1,-1,4,2,4
2018500800224,1,9,0,18,0,0,0,0,7,4,1,1,6,1,19,4,1248,2,12,9,1,9
2018500800225,1,9,0,4,0,0,0,0,0,0,1,1,2,1,49,8,2720,2,12,2,1,2
2018500800225,2,9,0,4,0,0,0,0,0,0,2,1,2,1,33,6,1910,2,12,3,1,3
2018500800225,3,9,0,4,0,0,0,0,0,0,2,1,2,2,55,8,1242,1,6,4,1,4
2018500800227,1,9,0,1,0,2,0,0,1,9,2,1,5,2,72,10,2993,2,12,5,3,5
2018500800228,1,3,0,4,0,1,0,0,0,0,4,1,2,1,20,4,125,1,2,1,1,1
2018500800229,1,9,0,18,0,1,0,0,1,0,4,1,5,1,72,10,1598,1,5,9,3,9
2018500800229,2,9,0,3,0,1,0,0,1,10,3,1,2,1,31,6,1896,2,16,4,3,4
2018500800230,1,9,0,17,0,0,0,0,0,0,1,1,6,1,18,4,1390,1,14,4,1,4
2018500800230,2,1,0,16,0,0,5,0,0,0,1,1,6,2,30,6,-1,-1,-1,4,1,4
2018500800231,1,9,0,11,0,0,1,0,1,4,1,1,5,2,21,5,1149,1,13,4,3,4
2018500800234,1,9,0,16,0,0,0,0,7,10,1,1,5,1,32,6,1796,1,11,5,3,5
2018500800235,1,3,0,9,0,3,0,0,0,0,3,1,2,1,22,5,125,1,6,1,1,1
2018500800236,1,9,0,18,0,0,0,0,0,0,1,1,5,1,47,8,1461,2,2,7,2,7
2018500800237,1,9,0,4,0,5,0,0,0,0,2,1,5,2,49,8,1200,1,1,6,1,6
2018500800237,2,9,0,18,0,8,0,0,0,0,1,1,5,1,43,7,2998,1,2,6,3,6
2018500800238,1,11,0,18,2,0,0,0,0,0,1,1,1,1,55,8,6700,2,2,1,1,1
2018500800239,1,9,0,12,0,8,0,0,0,0,1,1,6,1,81,11,1998,1,1,4,2,4
2018500800239,2,9,0,16,0,8,0,0,0,0,3,1,2,1,17,4,1868,2,18,2,1,2
2018500800242,1,9,0,18,0,8,0,0,0,0,4,1,6,1,84,11,1398,1,14,5,3,5
2018500800242,2,5,0,5,0,8,0,0,0,0,1,1,6,1,61,9,1202,1,1,6,2,6
2018500800243,1,9,0,18,0,0,1,0,0,0,1,1,5,1,18,4,1388,1,15,4,2,4
2018500800244,1,9,0,18,0,0,2,0,1,0,1,1,6,1,19,4,1364,1,9,4,3,4
2018500800246,1,9,0,16,0,0,0,0,1,0,4,1,5,2,65,9,998,1,3,-1,-1,-1
2018500800247,1,9,0,9,0,1,0,10,0,0,1,1,5,1,33,6,1968,2,8,6,2,6
2018500800247,2,9,0,2,0,1,0,4,0,0,2,1,5,1,21,5,1398,1,3,6,2,6
2018500800247,3,9,0,2,0,1,0,4,0,0,2,1,5,1,36,7,1896,2,16,8,1,8
2018500800247,4,9,0,2,0,1,0,4,0,0,2,1,5,1,44,7,1499,2,-1,4,2,4
2018500800249,1,9,0,18,0,0,0,0,0,0,1,1,6,2,25,5,1386,1,12,8,1,8
2018500800249,2,9,0,18,0,0,0,0,0,0,3,1,6,1,35,6,1999,1,12,4,1,4
2018500800250,1,9,0,18,0,8,0,0,0,0,1,1,6,1,30,6,1598,1,12,8,1,8
2018500800250,2,1,0,18,0,8,0,0,0,0,1,1,5,1,12,3,-1,-1,-1,1,1,1
2018500800254,1,9,0,18,0,0,1,0,0,0,1,1,5,1,28,6,1493,1,20,4,3,4
2018500800254,2,9,0,18,0,0,1,0,0,0,2,1,5,1,28,6,1197,1,2,2,2,2
2018500800254,3,9,0,18,0,0,1,0,0,0,3,1,1,1,38,7,-1,-1,-1,4,3,4
2018500800254,4,90,0,18,0,0,1,0,0,0,0,1,1,1,30,6,2987,2,5,4,1,4
2018500800256,1,9,0,4,0,3,0,0,0,0,2,1,1,1,31,6,1995,2,5,7,3,7
2018500800256,2,9,0,4,0,3,0,0,0,0,1,1,6,1,23,5,1390,1,3,2,1,2
2018500800257,1,9,5,17,0,0,5,0,7,9,3,1,5,2,21,5,1242,1,14,3,3,3
2018500800258,1,9,0,18,0,0,1,4,0,0,1,1,6,1,23,5,1781,1,26,3,3,3
2018500800258,2,9,0,2,0,0,0,4,0,0,2,1,6,1,40,7,-1,-1,-1,3,3,3
2018500800259,1,9,0,18,0,0,0,0,0,0,1,1,5,2,73,10,1796,1,14,5,3,5
2018500800259,2,21,0,10,0,0,0,0,0,0,2,1,1,1,52,8,3920,2,13,2,2,2
2018500800260,1,9,0,18,0,6,0,0,0,0,0,1,5,1,72,10,999,1,10,3,2,3
2018500800260,2,1,0,18,0,1,0,0,0,0,1,1,6,1,8,2,-1,-1,-1,3,2,3
2018500800262,1,9,0,17,0,8,0,0,3,10,3,1,5,1,27,6,1975,1,12,7,3,7
2018500800263,1,9,0,18,0,0,0,0,0,0,1,1,6,3,-1,-1,-1,-1,-1,-1,-1,-1
2018500800263,2,3,0,18,0,0,0,0,0,0,2,1,5,1,20,4,125,1,-1,5,2,5
2018500800264,1,9,0,17,0,8,0,0,0,0,2,1,5,2,70,10,1598,1,19,8,1,8
2018500800264,2,9,0,17,0,8,0,0,0,0,1,1,5,2,35,6,1968,2,3,4,1,4
2018500800264,3,9,0,18,0,7,0,0,0,0,0,1,1,1,-1,-1,1598,2,1,-1,-1,-1
2018500800265,1,9,0,18,0,0,0,0,0,0,2,1,6,2,27,6,1364,1,-1,5,2,5
2018500800265,2,9,0,9,0,0,0,0,0,0,1,1,6,2,51,8,1968,2,4,5,1,5
2018500800265,3,3,0,13,0,0,0,0,0,0,1,1,6,1,19,4,-1,-1,-1,5,1,5
2018500800266,1,4,0,16,0,1,2,0,0,0,0,1,6,1,77,11,346,1,-1,5,3,5
2018500800267,1,11,0,16,0,4,0,0,0,0,1,1,1,2,56,9,6700,2,2,3,1,3
2018500800267,2,9,0,16,0,4,0,0,0,0,2,1,5,2,59,9,1598,1,18,4,3,4
2018500800268,1,9,0,16,0,0,2,0,8,0,1,1,1,2,22,5,1149,1,12,6,1,6
2018500800268,2,9,0,18,0,0,0,0,0,0,1,1,5,2,72,10,1560,2,6,6,3,6
2018500800269,1,9,0,17,0,1,0,0,0,0,4,1,2,2,41,7,1242,1,7,6,1,6
2018500800269,2,9,0,9,0,8,0,0,0,0,1,1,2,2,26,6,1839,1,15,3,1,3
2018500800273,1,9,0,12,0,0,0,0,0,0,1,1,6,1,48,8,1781,1,15,8,1,8
2018500800273,2,9,0,11,0,0,5,0,1,4,2,1,6,1,57,9,1368,1,1,2,1,2
2018500800274,1,9,0,18,0,0,0,0,0,0,4,1,5,3,-1,-1,-1,-1,-1,-1,-1,-1
2018500800274,2,9,0,18,0,0,0,0,5,6,3,1,5,2,24,5,1390,1,4,6,3,6
2018500800274,3,9,0,18,0,0,0,0,0,0,1,1,5,2,43,7,2720,2,11,6,3,6
2018500800275,1,9,0,18,0,0,0,0,0,0,1,1,2,2,36,7,1598,1,5,5,3,5
2018500800276,1,9,0,12,0,0,0,0,0,0,3,1,2,1,71,10,1997,2,12,2,1,2
2018500800276,2,9,0,18,0,0,0,0,0,0,4,1,6,1,59,9,1461,2,2,5,3,5
2018500800277,1,9,0,17,0,0,1,0,7,0,2,1,2,2,26,6,1199,1,14,7,2,7
2018500800281,1,9,0,7,0,6,0,0,0,0,1,1,6,1,63,9,1995,2,6,10,1,10
2018500800281,2,3,0,18,0,8,0,0,0,0,4,1,6,1,49,8,124,1,9,1,1,1
2018500800285,1,5,0,18,0,1,0,0,0,0,1,1,2,1,29,6,999,1,6,-1,-1,-1
2018500800285,2,9,0,9,0,1,0,0,0,0,1,1,6,2,19,4,996,1,8,4,1,4
2018500800286,1,9,0,9,0,2,0,0,0,0,1,1,5,2,60,9,998,1,15,2,1,2
2018500800286,2,9,0,8,0,2,0,0,0,0,1,1,5,1,36,7,2204,2,9,2,1,2
2018500800286,3,1,0,18,0,1,0,0,0,0,1,1,5,1,35,6,-1,-1,-1,3,1,3
2018500800290,1,3,0,3,0,0,0,0,0,0,1,1,1,1,28,6,599,1,26,4,1,4
2018500800290,2,19,0,9,0,0,1,0,0,0,1,1,2,1,24,5,1560,2,4,8,1,8
2018500800293,1,9,0,18,0,0,0,0,5,6,3,1,5,1,28,6,1968,2,3,1,1,1
2018500800293,2,9,0,18,0,0,0,0,0,0,1,1,6,2,47,8,1896,2,10,9,1,9
2018500800297,1,19,0,4,0,1,0,0,0,0,1,1,1,1,51,8,2198,2,5,8,1,8
2018500800297,2,9,0,18,0,1,0,0,0,0,1,1,1,1,28,6,1200,1,-1,5,2,5
2018500800298,1,1,0,18,0,3,0,0,0,0,1,1,6,2,60,9,-1,-1,-1,2,1,2
2018500800298,2,9,0,18,0,3,0,0,0,0,3,1,1,2,48,8,1686,2,7,3,1,3
2018500800301,1,19,0,9,0,5,0,0,0,0,1,1,1,1,22,5,2198,2,11,9,2,9
2018500800302,1,9,0,9,0,8,0,0,0,0,1,1,6,1,77,11,2685,2,15,6,1,6
2018500800302,2,1,0,18,0,5,0,0,0,0,3,1,6,1,52,8,-1,-1,-1,8,1,8
2018500800305,1,9,0,18,0,0,0,0,0,0,1,1,1,1,21,5,1395,1,-1,4,1,4
2018500800305,2,21,1,18,0,0,0,0,0,0,2,1,1,1,42,7,4500,2,-1,6,1,6
2018500800306,1,9,0,7,0,6,0,0,0,0,2,1,5,1,30,6,1910,2,12,2,1,2
2018500800306,2,9,0,18,0,1,0,0,1,11,1,1,5,1,45,7,2720,2,12,3,3,3
2018500800306,3,9,0,18,0,1,0,0,0,0,3,1,5,1,60,9,1149,1,10,3,3,3
2018500800309,1,9,0,16,0,0,1,7,0,0,1,1,5,1,22,5,1995,2,14,3,1,3
2018500800309,2,9,0,17,0,0,0,0,0,0,1,1,5,1,20,4,1499,2,4,6,3,6
2018500800311,1,9,0,18,0,1,0,0,4,0,1,1,1,1,38,7,-1,-1,-1,5,1,5
2018500800312,1,9,0,14,0,8,1,0,7,11,1,1,5,1,23,5,1598,1,5,4,2,4
2018500800312,2,19,0,3,0,1,0,0,0,0,0,1,5,1,60,9,1896,2,19,5,2,5
2018500800312,3,9,0,9,0,8,0,0,0,0,0,1,5,1,26,6,2170,2,15,4,3,4
2018500800315,1,9,0,18,0,1,0,0,0,0,1,1,5,1,68,10,-1,-1,-1,8,2,8
2018500800319,1,90,0,18,0,0,0,0,0,0,1,1,5,1,57,9,1896,2,10,6,3,6
2018500800319,2,20,0,18,0,0,0,0,0,0,2,1,1,1,48,8,4500,2,-1,2,1,2
2018500800324,1,9,0,17,0,0,5,0,0,0,1,1,6,1,34,6,1600,1,18,1,2,1
2018500800326,1,9,0,4,0,1,0,0,0,0,1,1,5,1,67,10,1397,1,16,4,1,4
2018500800326,2,9,0,4,0,1,0,0,0,0,3,1,2,1,34,6,1997,2,12,4,3,4
2018500800326,3,9,0,10,0,1,0,0,0,0,3,1,5,2,67,10,1461,2,4,6,3,6
2018500800327,1,20,0,18,0,1,0,0,0,0,1,1,6,1,45,7,-1,-1,-1,8,2,8
2018500800327,2,9,0,7,0,1,0,0,1,10,2,1,6,1,31,6,1997,2,17,8,2,8
2018500800328,1,2,0,18,0,0,0,0,0,0,1,1,1,1,32,6,998,1,12,3,1,3
2018500800328,2,19,0,9,0,0,0,0,0,0,4,1,1,1,39,7,2460,2,10,9,1,9
2018500800330,1,3,0,4,0,8,2,0,0,0,3,1,2,1,17,4,125,1,9,4,1,4
2018500800332,1,9,0,9,0,8,0,0,0,0,0,1,6,1,37,7,-1,-1,-1,2,1,2
2018500800332,2,2,0,18,0,8,1,0,0,0,3,1,6,1,44,7,781,1,19,6,1,6
2018500800333,1,9,0,18,0,0,5,0,0,0,1,1,1,1,49,8,1956,2,2,8,1,8
2018500800334,1,9,0,9,0,8,0,0,0,0,4,1,6,3,-1,-1,1200,1,-1,-1,-1,-1
2018500800334,2,2,0,18,0,1,5,0,0,0,1,1,6,1,55,8,900,1,-1,7,2,7
2018500800335,1,5,0,17,0,1,0,0,0,0,1,1,5,1,61,9,998,1,20,4,1,4
2018500800337,1,9,0,9,0,0,0,0,0,0,1,1,5,1,51,8,2000,1,17,5,1,5
2018500800337,2,9,0,18,0,0,1,0,0,0,1,1,5,1,49,8,1968,2,11,7,3,7
2018500800338,1,9,0,18,0,0,0,0,0,0,2,1,6,1,36,7,1753,2,12,3,1,3
2018500800338,2,9,0,18,0,0,0,0,0,0,1,1,5,1,36,7,1560,2,6,9,1,9
2018500800339,1,9,0,18,0,0,0,0,0,0,1,1,6,1,37,7,1061,1,12,4,2,4
2018500800339,2,9,0,2,0,0,0,0,0,0,0,1,6,2,42,7,1956,2,7,5,2,5
2018500800339,3,9,0,2,0,0,0,0,0,0,0,1,6,1,-1,-1,-1,-1,-1,5,2,5
2018500800342,1,9,0,18,0,0,0,0,0,0,1,1,6,1,67,10,1984,1,2,6,3,6
2018500800342,2,9,0,9,0,0,0,0,0,0,3,1,6,2,21,5,1242,1,12,5,2,5
2018500800343,1,9,0,18,0,0,1,0,0,0,4,1,2,1,47,8,1988,2,11,9,1,9
2018500800343,2,11,0,18,0,0,0,0,0,0,1,1,1,1,48,8,8300,2,12,4,1,4
2018500800343,3,9,0,18,0,0,0,0,0,0,1,1,6,1,25,5,2979,1,4,9,1,9
2018500800344,1,9,0,17,0,0,2,0,0,0,1,1,5,1,18,4,1388,1,13,4,3,4
2018500800345,1,9,0,5,0,1,0,0,0,0,1,1,5,2,44,7,1199,1,17,7,1,7
2018500800345,2,9,0,4,0,1,0,0,0,0,2,1,5,2,69,10,1995,2,7,4,3,4
2018500800345,3,9,0,10,0,1,0,0,0,0,0,1,5,2,65,9,1685,2,2,7,1,7
2018500800346,1,9,0,1,0,0,0,0,0,0,2,1,1,1,18,4,2400,2,6,5,3,5
2018500800346,2,1,0,16,0,0,0,0,0,0,1,1,1,1,42,7,-1,-1,-1,5,3,5
2018500800347,1,9,0,4,0,0,0,0,0,0,1,1,1,1,40,7,-1,-1,-1,6,1,6
2018500800347,2,9,0,4,0,0,0,0,0,0,2,1,2,2,52,8,1995,2,3,5,2,5
2018500800348,1,2,0,16,0,0,1,0,0,0,3,1,6,1,23,5,124,1,5,7,3,7
2018500800349,1,9,0,18,0,8,0,0,0,0,4,1,5,2,40,7,1596,1,14,3,1,3
2018500800349,2,9,0,18,0,4,0,0,0,0,1,1,5,2,56,9,1598,2,1,6,3,6
2018500800350,1,9,0,17,0,0,1,0,7,4,4,1,5,1,19,4,1995,2,14,1,1,1
2018500800351,1,9,0,18,0,1,5,0,2,11,4,1,6,2,74,10,2179,2,7,4,3,4
2018500800351,2,9,0,18,0,2,0,0,0,0,3,1,6,1,73,10,998,1,-1,7,1,7
2018500800352,1,9,0,18,0,1,0,0,0,0,4,1,6,1,29,6,1870,2,17,2,1,2
2018500800353,1,90,0,18,0,4,0,0,0,0,1,1,6,1,56,9,-1,-1,-1,5,3,5
2018500800353,2,9,0,18,0,4,0,0,0,0,2,1,6,2,37,7,1896,2,15,4,2,4
2018500800354,1,9,0,9,0,2,0,0,0,0,3,1,6,2,45,7,1968,2,1,5,1,5
2018500800354,2,19,0,18,0,1,0,0,0,0,1,1,6,1,24,5,1598,2,1,9,1,9
2018500800355,1,9,0,18,0,0,0,0,0,0,1,1,1,1,27,6,1598,1,13,3,2,3
2018500800356,1,9,0,9,0,6,0,0,0,0,1,1,5,1,50,8,1781,1,17,9,1,9
2018500800356,2,9,0,18,0,1,0,0,0,0,1,1,5,2,80,11,1386,1,15,8,1,8
2018500800357,1,9,0,7,0,1,0,0,0,0,1,1,6,3,-1,-1,-1,-1,-1,-1,-1,-1
2018500800358,1,3,0,4,0,0,1,0,0,0,1,1,4,1,17,4,125,1,2,3,1,3
2018500800358,2,9,0,3,0,0,0,0,0,0,2,1,2,2,54,8,1499,2,3,7,2,7
2018500800359,1,9,0,17,0,0,2,0,1,0,1,1,2,2,21,5,1229,1,7,3,2,3
2018500800361,1,9,0,16,0,0,0,0,0,0,1,1,2,2,25,5,995,1,13,10,2,10