Accident_Index,Vehicle_Reference,Vehicle_Type,Towing_and_Articulation,Vehicle_Manoeuvre,Vehicle_Location-Restricted_Lane,Junction_Location,Skidding_and_Overturning,Hit_Object_in_Carriageway,Vehicle_Leaving_Carriageway,Hit_Object_off_Carriageway,1st_Point_of_Impact,Was_Vehicle_Left_Hand_Drive?,Journey_Purpose_of_Driver,Sex_of_Driver,Age_of_Driver,Age_Band_of_Driver,Engine_Capacity_(CC),Propulsion_Code,Age_of_Vehicle,Driver_IMD_Decile,Driver_Home_Area_Type,Vehicle_IMD_Decile
2018500800361,2,9,0,17,0,0,0,0,0,0,1,1,2,1,35,6,1242,1,15,10,1,10
2018500800363,1,5,0,13,0,0,2,0,0,0,0,1,5,1,52,8,1137,1,18,6,1,6
2018500800364,1,5,0,13,0,0,0,0,0,0,1,1,1,1,30,6,599,1,10,4,-1,4
2018500800364,2,9,0,12,0,0,0,0,0,0,3,1,1,1,31,6,-1,-1,-1,4,1,4
2018500800366,1,1,0,18,0,0,0,0,0,0,1,1,6,1,5,1,-1,-1,-1,3,1,3
2018500800366,2,9,0,2,0,0,0,0,0,0,4,1,6,1,47,8,1560,2,4,7,3,7
2018500800368,1,9,0,4,0,0,0,0,0,0,1,1,5,1,19,4,1248,2,11,1,1,1
2018500800369,1,17,0,16,0,0,0,0,0,0,3,1,6,3,-1,-1,-1,-1,-1,-1,-1,-1
2018500800369,2,9,0,17,0,0,0,0,0,0,3,1,2,2,59,9,2204,2,12,2,3,2
2018500800370,1,9,0,5,0,0,0,0,0,0,4,1,5,2,36,7,647,8,3,6,2,6
2018500800372,1,9,0,18,0,0,0,0,0,0,4,1,6,3,-1,-1,-1,-1,-1,-1,-1,-1
2018500800372,2,1,0,18,0,0,0,0,0,0,3,1,2,1,47,8,-1,-1,-1,6,3,6
2018500800380,1,3,0,18,0,0,0,0,0,0,1,1,5,1,35,6,124,1,13,9,3,9
2018500800380,2,9,0,18,0,0,0,0,0,0,2,1,5,1,44,7,-1,3,3,10,-1,10
2018500800381,1,3,0,18,0,0,1,0,0,0,1,1,5,1,20,4,599,1,9,3,1,3
2018500800383,1,9,0,9,0,8,0,0,0,0,1,1,6,1,66,10,1396,1,7,2,3,2
2018500800383,2,5,0,18,0,1,0,0,0,0,1,1,6,1,53,8,647,1,19,4,2,4
2018500800384,1,-1,-1,18,0,0,0,0,0,0,1,1,6,3,-1,-1,-1,-1,-1,-1,-1,-1
2018500800384,2,1,0,18,0,0,5,0,0,0,2,1,6,1,11,3,-1,-1,-1,2,1,2
2018500800385,1,9,0,18,0,1,0,0,0,0,1,1,1,1,50,8,2231,2,12,3,2,3
2018500800385,2,9,0,18,0,2,0,0,0,0,1,1,5,1,80,11,1397,1,18,3,2,3
2018500800386,1,19,0,9,0,4,0,0,0,0,1,1,1,1,32,6,2287,2,2,8,1,8
2018500800386,2,9,0,18,0,3,0,0,0,0,4,1,5,1,73,10,1968,2,6,5,3,5
2018500800387,1,9,0,18,0,0,2,0,2,10,1,1,1,1,20,4,1229,1,10,5,2,5
2018500800387,2,9,0,18,0,0,0,0,0,0,3,1,6,1,57,9,-1,-1,-1,9,3,9
2018500800389,1,9,0,16,0,0,5,0,7,10,3,1,6,1,20,4,1398,1,-1,10,1,10
2018500800390,1,9,0,3,0,0,0,0,0,0,2,1,2,1,40,7,1686,2,6,3,1,3
2018500800390,2,3,0,17,0,0,0,0,0,0,1,1,2,1,32,6,125,1,12,8,2,8
2018500800391,1,9,0,18,0,0,1,0,0,0,1,1,6,1,79,11,2995,1,-1,5,2,5
2018500800392,1,9,0,1,0,0,0,0,0,0,2,1,5,1,82,11,898,1,4,10,1,10
2018500800393,1,3,0,17,0,0,0,0,1,10,1,1,2,1,26,6,125,1,4,8,1,8
2018500800393,2,9,0,17,0,0,0,0,0,0,0,1,6,3,-1,-1,-1,-1,-1,-1,-1,-1
2018500800394,1,9,0,18,0,0,0,0,1,0,1,1,5,1,47,8,1598,1,16,6,3,6
2018500800395,1,3,0,18,0,0,2,0,0,0,1,1,5,1,24,5,-1,-1,-1,5,2,5
2018500800395,2,9,0,18,0,0,0,0,0,0,1,1,5,2,57,9,1461,2,9,9,1,9
2018500800395,3,21,1,18,0,0,0,0,0,0,2,1,1,1,38,7,12809,2,5,6,3,6
2018500800396,1,9,0,3,0,0,0,0,0,0,1,1,6,1,48,8,1870,2,12,3,2,3
2018500800396,2,9,0,3,0,0,0,0,0,0,2,1,6,2,53,8,1248,1,6,4,3,4
2018500800398,1,8,0,1,0,0,0,0,0,0,2,1,6,3,-1,-1,-1,-1,-1,-1,-1,-1
2018500800398,2,22,0,5,0,0,0,0,0,0,1,1,6,2,77,11,-1,-1,-1,2,1,2
2018500800399,1,9,0,17,0,0,0,0,0,0,4,1,5,1,79,11,1197,1,6,5,2,5
2018500800405,1,9,0,13,0,0,0,0,0,0,3,1,6,1,44,7,1896,2,19,7,2,7
2018500800405,2,2,0,13,0,0,0,0,0,0,4,1,5,1,71,10,647,1,14,5,3,5
2018500800406,1,9,0,18,0,0,2,0,7,4,1,1,5,1,19,4,1343,1,23,4,1,4
2018500800406,2,9,0,18,0,0,0,0,0,0,0,1,5,1,50,8,1850,1,17,6,2,6
2018500800406,3,9,0,18,0,0,1,0,0,0,4,1,5,1,64,9,1588,1,15,4,1,4
2018500800407,1,9,0,5,0,6,0,0,0,0,3,1,1,2,53,8,2179,2,5,8,1,8
2018500800407,2,1,0,18,0,1,0,0,0,0,1,1,5,1,69,10,-1,-1,-1,7,3,7
2018500800409,1,9,0,7,0,6,0,0,0,0,1,1,2,2,41,7,-1,-1,-1,3,1,3
2018500800410,1,9,0,17,0,0,0,0,0,0,1,1,5,2,26,6,1199,1,15,4,1,4
2018500800410,2,9,0,17,0,0,0,0,0,0,3,1,5,2,31,6,3628,2,8,8,1,8
2018500800412,1,9,0,4,0,3,0,0,0,0,1,1,2,1,48,8,1560,2,12,8,1,8
2018500800412,2,9,0,3,0,3,0,0,0,0,2,1,6,2,40,7,1798,1,10,6,1,6
2018500800413,1,9,0,18,0,1,0,0,0,0,1,1,6,2,38,7,1984,1,16,5,3,5
2018500800418,1,9,0,3,0,0,0,0,0,0,1,1,1,1,27,6,1598,1,13,3,1,3
2018500800418,2,21,0,1,0,0,0,0,0,0,2,1,1,3,-1,-1,-1,-1,-1,-1,-1,-1
2018500800421,1,1,0,18,0,0,0,0,0,0,1,1,4,1,12,3,-1,-1,-1,5,2,5
2018500800425,1,19,0,17,0,0,2,0,1,4,1,1,2,1,52,8,1560,2,7,4,3,4
2018500800429,1,9,0,17,0,0,0,0,0,0,1,1,1,1,32,6,1839,1,22,5,2,5
2018500800429,2,9,0,18,0,0,0,0,0,0,0,1,6,1,65,9,1197,1,-1,4,3,4
2018500800430,1,19,0,18,0,1,0,0,0,0,0,1,1,1,-1,-1,1995,2,1,4,1,4
2018500800430,2,9,0,5,0,2,0,0,0,0,2,1,6,2,50,8,998,1,3,7,1,7
2018500800430,3,9,0,5,0,2,0,0,0,0,1,1,5,2,64,9,999,1,1,7,1,7
2018500800431,1,3,0,18,0,5,1,0,0,0,1,1,1,1,27,6,124,1,4,5,2,5
2018500800431,2,9,0,10,0,1,0,0,0,0,2,1,1,1,47,8,1398,1,3,4,1,4
2018500800431,3,19,0,18,0,1,0,0,0,0,1,1,1,1,57,9,2300,2,14,6,3,6
2018500800433,1,9,0,17,0,0,0,0,0,0,1,1,6,1,22,5,1000,1,18,7,2,7
2018500800435,1,9,0,18,0,0,0,0,0,0,2,1,1,1,63,9,1360,1,7,6,1,6
2018500800435,2,3,0,18,0,0,0,0,0,0,1,1,1,2,18,4,125,1,-1,6,3,6
2018500800436,1,9,0,9,0,6,0,0,1,0,3,1,6,1,18,4,1108,1,10,4,1,4
2018500800436,2,19,0,16,0,1,0,0,7,0,1,1,1,1,59,9,2287,2,7,5,3,5
2018500800437,1,9,0,16,0,0,1,0,0,0,1,1,6,3,-1,-1,-1,-1,-1,-1,-1,-1
2018500800438,1,9,0,17,0,0,0,10,2,0,1,1,2,2,57,9,1499,1,-1,10,1,10
2018500800438,2,9,0,18,0,0,0,0,0,0,1,1,6,1,62,9,1598,2,7,8,3,8
2018500800442,1,9,0,18,0,0,0,0,0,0,3,1,6,1,-1,-1,1995,2,4,5,3,5
2018500800442,2,9,0,13,0,0,0,0,0,0,4,1,2,1,38,7,1560,2,6,7,2,7
2018500800444,1,9,0,6,0,0,0,0,0,0,1,1,6,1,72,10,2987,2,6,8,1,8
2018500800444,2,9,0,3,0,0,0,0,0,0,2,1,5,2,46,8,1598,1,1,3,1,3
2018500800446,1,9,0,17,0,0,1,0,0,0,3,1,5,1,53,8,1968,2,2,5,3,5
2018500800446,2,9,0,11,0,0,1,0,0,0,1,1,5,2,28,6,1896,2,15,1,1,1
2018500800446,3,9,0,17,0,0,0,0,0,0,2,1,5,1,66,10,1997,2,10,6,1,6
2018500800446,4,9,0,17,0,0,1,0,0,0,1,1,5,1,33,6,1994,1,15,6,3,6
2018500800448,1,9,0,4,0,0,0,0,0,0,3,1,5,1,23,5,1390,1,9,9,3,9
2018500800448,2,1,0,13,0,0,0,0,0,0,1,1,1,1,46,8,-1,-1,-1,10,1,10
2018500800450,1,9,0,9,0,6,0,0,0,0,1,1,6,2,51,8,1587,1,14,4,3,4
2018500800451,1,9,0,3,0,8,0,0,0,0,2,1,5,1,57,9,1988,2,14,1,1,1
2018500800451,2,9,0,4,0,8,0,0,0,0,1,1,5,2,54,8,1108,1,18,7,1,7
2018500800454,1,5,0,18,0,0,0,0,0,0,1,1,5,1,33,6,599,1,16,5,2,5
2018500800457,1,9,0,6,0,0,0,0,1,10,2,1,1,2,33,6,1997,2,13,4,1,4
2018500800457,2,9,0,18,0,0,0,0,0,0,1,1,1,1,43,7,2171,2,14,5,1,5
2018500800458,1,9,0,5,0,8,0,0,0,0,3,1,5,2,23,5,1242,1,8,4,3,4
2018500800458,2,9,0,18,0,1,0,0,0,0,1,1,5,1,28,6,1598,1,7,5,1,5
2018500800459,1,3,0,18,0,0,2,0,0,0,1,1,5,1,24,5,125,1,-1,4,1,4
2018500800460,1,9,0,16,0,0,0,0,0,0,1,1,1,2,49,8,1781,1,20,7,2,7
2018500800460,2,17,0,9,0,0,0,0,0,0,1,1,1,1,58,9,6056,2,1,5,3,5
2018500800461,1,9,0,4,0,1,0,0,0,0,1,1,6,2,57,9,1998,1,11,3,1,3
2018500800461,2,9,0,3,0,1,0,0,0,0,2,1,6,1,69,10,1753,2,15,7,1,7
2018500800463,1,19,0,18,0,8,0,0,3,0,1,1,1,1,28,6,1997,2,2,4,3,4
2018500800464,1,9,0,18,0,0,0,0,0,0,1,1,5,1,29,6,1995,2,-1,1,1,1
2018500800464,2,9,0,18,0,0,0,0,0,0,1,1,5,2,63,9,2088,2,21,6,3,6
2018500800465,1,5,0,18,0,0,5,0,1,0,4,1,5,1,33,6,599,1,13,3,1,3
2018500800467,1,19,0,9,0,8,0,0,0,0,4,1,6,1,22,5,2198,2,11,9,2,9
2018500800467,2,1,0,18,0,8,0,0,0,0,1,1,5,2,46,8,-1,-1,-1,3,1,3
2018500800471,1,9,0,4,0,1,0,0,0,0,1,1,1,1,20,4,1398,1,4,8,1,8
2018500800471,2,1,0,9,0,1,0,0,0,0,2,1,5,1,73,10,-1,-1,-1,8,2,8
2018500800471,3,9,0,18,0,1,0,0,0,0,3,1,6,2,32,6,1968,2,9,6,3,6
2018500800472,1,9,0,18,0,0,0,0,0,0,3,1,6,1,44,7,998,1,16,3,3,3
2018500800472,2,16,0,18,0,0,0,0,0,0,3,1,6,1,41,7,-1,-1,-1,4,1,4
2018500800473,1,9,0,18,0,2,0,0,1,0,1,1,5,1,78,11,1461,2,3,5,3,5
2018500800473,2,9,0,18,0,1,0,0,0,0,1,1,5,2,40,7,1596,1,13,6,2,6
2018500800476,1,19,0,17,0,0,1,0,0,0,1,1,1,1,40,7,2953,2,14,4,1,4
2018500800477,1,9,0,18,0,0,0,0,0,0,1,1,6,1,65,9,1998,1,11,4,1,4
2018500800480,1,9,0,4,0,0,0,0,0,0,1,1,6,2,38,7,1248,2,9,3,3,3
2018500800480,2,9,0,4,0,0,0,0,0,0,2,1,5,2,65,9,1242,1,10,8,1,8
2018500800481,1,9,0,10,0,1,0,0,0,0,1,1,6,1,18,4,1398,1,-1,8,1,8
2018500800481,2,21,0,18,0,1,0,0,0,0,1,1,1,1,63,9,12900,2,6,6,3,6
2018500800483,1,3,0,18,0,8,0,0,0,0,4,1,6,1,26,6,125,1,6,3,3,3
2018500800483,2,9,0,18,0,8,0,0,0,0,3,1,6,2,52,8,1582,2,6,3,1,3
2018500800484,1,9,0,5,0,6,0,0,0,0,1,1,2,1,23,5,1596,1,13,2,1,2
2018500800484,2,9,0,18,0,8,0,0,0,0,4,1,2,1,39,7,1686,2,9,2,1,2
2018500800486,1,9,0,18,0,0,0,0,0,0,1,1,5,1,23,5,1390,1,14,6,2,6
2018500800486,2,9,0,18,0,0,0,0,0,0,1,1,5,2,20,4,1461,2,12,4,3,4
2018500800487,1,9,0,9,0,8,0,0,0,0,4,1,5,2,63,9,-1,-1,-1,4,3,4
2018500800487,2,3,0,18,0,8,0,0,0,0,1,1,2,1,19,4,124,1,-1,9,1,9
2018500800488,1,19,0,2,0,0,0,0,0,0,1,1,6,1,28,6,1560,2,11,4,1,4
2018500800488,2,9,0,2,0,0,0,0,0,0,2,1,2,1,62,9,1242,1,4,8,1,8
2018500800490,1,21,0,18,0,0,0,0,0,0,1,1,1,1,28,6,12740,2,5,1,1,1
2018500800490,2,9,0,18,0,0,1,0,5,6,1,1,2,2,31,6,1598,1,3,4,1,4
2018500800493,1,9,0,18,0,0,0,0,0,0,4,1,2,1,45,7,2231,2,4,3,1,3
2018500800493,2,9,0,1,0,0,0,0,0,0,2,1,6,2,38,7,1968,2,8,7,1,7
2018500800494,1,9,0,18,0,0,0,4,7,0,1,1,5,1,26,6,1598,2,7,7,2,7
2018500800494,2,9,0,2,0,0,0,4,0,0,2,1,6,1,37,7,1798,1,11,5,2,5
2018500800494,3,9,0,2,0,0,0,4,0,0,2,1,6,2,51,8,1329,1,6,8,3,8
2018500800494,4,9,0,2,0,0,0,4,0,0,2,1,6,2,45,7,1396,1,18,7,2,7
2018500800494,5,9,0,2,0,0,0,4,0,0,1,1,6,1,71,10,1086,1,14,5,2,5
2018500800497,1,9,0,17,0,1,0,0,3,4,1,1,6,2,34,6,1360,1,17,4,1,4
2018500800498,1,9,0,16,0,0,0,0,1,3,4,1,2,2,53,8,1461,2,4,3,3,3
2018500800499,1,9,0,18,0,2,1,0,0,0,1,1,5,1,25,5,1560,2,13,1,1,1
2018500800502,1,9,0,1,0,2,0,0,0,0,2,1,5,1,32,6,1999,2,-1,7,3,7
2018500800502,2,1,0,9,0,2,0,0,0,0,1,1,6,1,54,8,-1,-1,-1,10,1,10
2018500800503,1,9,0,18,0,0,0,0,0,0,1,1,6,1,35,6,1984,1,18,6,1,6
2018500800503,2,9,0,18,0,0,0,0,0,0,3,1,6,1,64,9,-1,-1,-1,4,1,4
2018500800504,1,9,0,18,0,8,0,0,0,0,4,1,5,2,28,6,1600,2,9,6,1,6
2018500800504,2,9,0,18,0,7,0,0,0,0,3,1,1,2,24,5,1198,1,5,5,1,5
2018500800505,1,9,0,18,9,1,0,0,2,1,1,1,5,1,77,11,1339,1,12,5,3,5
2018500800506,1,9,0,3,0,0,0,0,0,0,1,1,2,1,21,5,1998,1,10,5,-1,5
2018500800506,2,9,0,4,0,0,0,0,0,0,2,1,2,2,45,7,1998,2,12,3,1,3
2018500800507,1,11,0,1,0,0,0,0,0,0,3,1,5,1,34,6,4250,2,14,5,-1,5
2018500800507,2,4,0,18,0,0,0,0,0,0,1,1,1,1,46,8,250,1,7,6,3,6
2018500800508,1,9,0,18,0,1,0,0,0,0,1,1,6,1,27,6,4169,2,23,6,2,6
2018500800508,2,19,0,8,0,1,0,0,0,0,2,1,1,1,42,7,1560,2,1,3,1,3
2018500800510,1,9,0,7,0,5,1,0,1,4,1,1,5,2,35,6,1388,1,16,6,2,6
2018500800511,1,9,0,18,0,0,1,0,0,0,1,1,1,1,27,6,-1,-1,-1,4,3,4
2018500800511,2,9,0,18,0,0,0,0,0,0,1,1,5,1,32,6,1560,2,-1,6,1,6
2018500800512,1,9,0,18,0,0,0,0,0,0,1,1,6,1,37,7,-1,-1,-1,7,1,7
2018500800512,2,9,0,3,0,0,0,0,0,0,2,1,6,2,38,7,1200,1,4,6,2,6
2018500800513,1,19,0,9,0,8,0,0,0,0,4,1,6,2,34,6,1995,2,5,5,3,5
2018500800513,2,4,0,18,0,8,0,0,0,0,1,1,6,1,25,5,249,1,6,-1,-1,-1
2018500800514,1,20,0,17,0,0,1,0,0,0,1,1,5,1,27,6,-1,-1,-1,4,1,4
2018500800514,2,9,0,16,0,0,0,0,0,0,1,1,5,1,73,10,1968,2,12,3,2,3
2018500800517,1,9,0,18,0,0,0,0,0,0,1,1,6,1,37,7,1198,1,10,1,1,1
2018500800517,2,9,0,2,0,0,0,0,0,0,2,1,6,1,45,7,1198,1,14,9,1,9
2018500800520,1,9,0,16,0,0,0,0,0,0,1,1,2,1,47,8,2996,1,8,6,3,6
2018500800520,2,17,0,17,0,0,0,0,0,0,3,1,1,1,58,9,-1,2,5,4,2,4
2018500800521,1,9,0,16,0,0,1,0,0,0,1,1,6,2,18,4,1461,2,14,5,3,5
2018500800521,2,9,0,17,0,0,0,0,0,0,1,1,6,2,60,9,1995,1,11,4,3,4
2018500800522,1,9,0,18,0,1,0,0,0,0,1,1,1,2,20,4,1242,1,6,5,2,5
2018500800522,2,9,0,10,0,1,0,0,0,0,2,1,5,2,58,9,1598,1,5,9,1,9
2018500800527,1,9,0,18,0,0,0,0,0,0,3,1,5,3,-1,-1,-1,-1,-1,-1,-1,-1
2018500800529,1,9,0,4,0,4,0,0,0,0,1,1,5,1,20,4,1995,1,11,2,1,2
2018500800529,2,9,0,4,0,4,0,0,0,0,2,1,5,1,45,7,1598,2,5,5,1,5
2018500800532,1,9,0,16,0,1,0,0,7,0,1,1,5,1,72,10,1527,2,17,9,1,9
2018500800532,2,9,0,2,0,8,0,0,0,0,1,1,5,1,19,4,1061,1,14,9,1,9
2018500800534,1,9,0,18,0,0,0,0,0,0,1,1,2,2,77,11,1600,1,14,-1,-1,-1
2018500800545,1,9,0,18,0,0,0,0,4,0,1,1,6,1,56,9,1242,1,17,4,2,4
2018500800546,1,9,0,9,0,0,0,0,0,0,1,1,5,1,37,7,1896,2,15,1,1,1
2018500800546,2,2,0,18,0,0,0,0,0,0,1,1,5,2,23,5,125,1,1,1,1,1
2018500800547,1,9,0,18,0,6,0,0,0,0,1,1,5,2,29,6,-1,-1,-1,6,1,6
2018500800550,1,9,0,18,0,8,0,0,0,0,3,1,6,1,63,9,1995,2,11,3,1,3
2018500800550,2,1,0,10,0,1,0,0,0,0,1,1,6,1,55,8,-1,-1,-1,6,1,6
2018500800551,1,19,0,18,0,0,0,0,0,0,1,1,1,1,50,8,1560,2,1,4,1,4
2018500800551,2,9,0,4,0,0,0,0,0,0,2,1,2,2,20,4,1364,1,11,5,1,5
2018500800551,3,9,0,3,0,0,0,0,0,0,2,1,2,2,56,9,1896,2,9,5,1,5
2018500800552,1,9,0,9,0,6,0,0,0,0,1,1,5,2,65,9,1999,2,-1,9,3,9
2018500800552,2,9,0,18,0,1,0,0,0,0,4,1,5,1,81,11,1896,2,15,10,1,10
2018500800558,1,19,0,3,0,0,0,0,0,0,0,1,1,1,27,6,1968,2,1,4,3,4
2018500800558,2,9,0,18,0,0,0,0,0,0,1,1,5,1,57,9,2179,2,11,2,2,2
2018500800558,3,9,0,9,0,0,0,0,0,0,1,1,5,1,74,10,1596,1,17,5,1,5
2018500800559,1,9,0,17,0,0,1,0,1,9,4,1,5,2,17,4,1461,2,11,5,2,5
2018500800565,1,9,0,18,0,0,0,0,0,0,1,1,5,2,38,7,1086,1,9,2,2,2
2018500800566,1,9,0,3,0,1,0,0,0,0,1,1,6,1,21,5,1998,8,2,7,3,7
2018500800566,2,9,0,3,0,1,0,0,0,0,0,1,6,2,51,8,1200,1,2,1,1,1
2018500800567,1,9,0,18,0,1,0,0,0,0,1,1,6,3,-1,-1,1796,1,11,-1,-1,-1
2018500800567,2,2,0,18,0,1,0,0,0,0,1,1,6,1,31,6,102,1,2,2,1,2
2018500800575,1,9,0,18,0,0,5,0,0,0,4,1,1,2,18,4,1124,1,15,4,3,4
2018500800576,1,9,0,17,0,0,2,10,1,11,4,1,5,1,18,4,1796,1,12,9,2,9
2018500800576,2,9,0,18,0,0,0,0,0,0,0,1,5,1,17,4,1229,1,13,-1,-1,-1
2018500800579,1,19,4,18,0,0,0,0,0,0,1,1,1,1,59,9,-1,-1,-1,4,3,4
2018500800585,1,9,0,18,0,0,0,0,0,0,1,1,1,1,23,5,1839,1,15,5,2,5
2018500800585,2,11,0,3,0,0,0,0,0,0,1,1,1,2,52,8,7300,2,6,2,2,2
2018500800585,3,9,0,3,0,0,0,0,0,0,2,1,1,1,61,9,-1,-1,-1,4,3,4
2018500800587,1,9,0,5,0,4,0,0,0,0,1,1,6,1,72,10,2143,2,4,5,3,5
2018500800587,2,8,0,3,0,4,0,0,0,0,2,1,1,1,59,9,1986,2,13,3,1,3
2018500800588,1,9,0,5,0,0,0,0,0,0,1,1,5,1,19,4,2143,2,8,7,3,7
2018500800591,1,5,0,18,0,0,0,0,0,0,2,1,6,1,45,7,656,1,11,3,1,3
2018500800591,2,9,0,10,0,0,0,0,0,0,1,1,6,1,36,7,1896,2,15,3,2,3
2018500800597,1,9,0,18,0,0,1,0,0,0,1,1,5,1,80,11,1685,2,-1,4,3,4
2018500800597,2,9,0,4,0,0,0,0,4,0,2,1,5,2,56,9,-1,-1,-1,4,3,4
2018500800600,1,3,0,9,0,1,2,0,0,0,4,1,6,1,18,4,125,1,4,5,2,5
2018500800600,2,9,0,9,0,1,0,0,0,0,3,1,2,1,77,11,-1,-1,-1,3,3,3
2018500800601,1,9,0,9,0,8,0,0,0,0,1,1,5,1,70,10,1598,1,4,10,2,10
2018500800601,2,19,0,18,0,1,0,0,0,0,1,1,5,1,63,9,1995,2,6,5,3,5
2018500800603,1,9,0,18,0,0,2,0,0,0,1,1,6,1,22,5,1149,1,15,6,3,6
2018500800605,1,8,0,18,0,0,0,0,0,0,1,1,5,1,40,7,1560,2,4,2,1,2
2018500800606,1,9,0,6,0,0,0,0,0,0,3,1,6,1,67,10,998,1,-1,-1,-1,-1
2018500800606,2,9,0,18,0,0,0,0,7,0,4,1,6,1,69,10,1396,2,3,3,1,3
2018500800606,3,9,0,18,0,0,2,0,0,0,1,1,6,1,53,8,1968,2,2,3,3,3
2018500800607,1,21,0,17,0,0,1,0,0,0,1,1,1,1,28,6,-1,-1,-1,6,1,6
2018500800607,2,9,0,10,0,0,0,0,0,0,2,1,5,1,44,7,1997,2,7,2,2,2
2018500800608,1,9,0,18,0,0,0,0,0,0,1,1,6,1,44,7,1753,2,15,4,1,4
2018500800609,1,9,0,18,0,1,0,0,0,0,4,1,5,2,79,11,1596,1,10,9,3,9
2018500800609,2,1,0,18,0,1,2,0,0,0,1,1,5,1,14,3,-1,-1,-1,5,1,5
2018500800610,1,10,0,18,0,1,0,0,0,0,4,1,6,1,51,8,2402,2,11,2,1,2
2018500800611,1,19,0,18,0,0,0,0,0,0,1,1,1,1,23,5,2198,2,2,3,1,3
2018500800612,1,9,0,18,0,1,0,0,0,0,1,1,5,2,40,7,1968,2,6,4,3,4
2018500800612,2,9,0,3,0,1,0,0,0,0,2,1,5,2,46,8,1198,1,11,4,3,4
2018500800615,1,1,0,18,0,0,2,0,0,0,1,1,6,1,72,10,-1,-1,-1,2,1,2
2018500800620,1,9,0,17,0,8,5,0,2,11,1,1,6,1,30,6,1422,2,14,-1,-1,-1
2018500800621,1,9,0,13,0,1,1,0,1,10,1,1,6,1,42,7,1461,2,13,4,2,4
2018500800621,2,9,0,18,0,1,2,0,1,10,1,1,6,1,52,8,1591,1,-1,4,3,4
2018500800621,3,9,0,18,0,1,0,0,0,0,0,1,6,1,47,8,1997,2,14,1,2,1
2018500800623,1,9,0,18,0,1,0,0,0,0,1,1,6,3,-1,-1,-1,-1,-1,-1,-1,-1
2018500800624,1,9,0,7,9,2,0,0,3,10,1,1,5,1,18,4,1400,1,18,7,1,7
2018500800625,1,9,0,17,0,0,1,0,0,0,1,1,6,1,43,7,1975,1,11,4,2,4
2018500800625,2,9,0,16,0,0,0,0,0,0,1,1,6,1,45,7,-1,-1,-1,4,3,4
2018500800625,3,9,0,16,0,0,0,0,0,0,1,1,6,1,79,11,1997,1,16,4,3,4
2018500800627,1,9,0,18,0,0,5,0,0,0,1,1,5,1,85,11,1998,2,14,9,2,9
2018500800628,1,9,0,9,0,6,0,0,0,0,0,1,6,1,83,11,1997,2,15,8,1,8
2018500800628,2,3,0,18,0,1,2,0,0,0,3,1,6,1,19,4,124,1,6,4,1,4
2018500800639,1,9,0,18,0,6,0,0,0,0,1,1,5,1,32,6,1596,1,7,6,2,6
2018500800639,2,9,0,18,0,8,0,0,0,0,1,1,5,2,74,10,1498,1,2,9,2,9
2018500800639,3,9,0,10,0,1,0,0,0,0,3,1,5,2,50,8,1390,1,5,8,1,8
2018500800640,1,9,0,3,0,0,0,0,0,0,2,1,2,1,48,8,-1,-1,-1,8,3,8
2018500800640,2,9,0,5,0,0,0,0,0,0,1,1,2,2,28,6,1349,1,7,5,3,5
2018500800642,1,9,0,4,0,1,0,0,0,0,1,1,1,1,57,9,2993,2,4,10,1,10
2018500800642,2,9,0,9,0,8,0,0,0,0,2,1,1,2,61,9,1339,1,12,7,3,7
2018500800642,3,9,0,4,0,1,0,0,0,0,2,1,1,2,50,8,1560,2,5,8,1,8
2018500800647,1,3,0,17,0,8,0,0,0,0,3,1,6,1,22,5,125,1,10,3,3,3
2018500800648,1,9,0,18,0,8,0,0,0,0,1,1,5,1,82,11,1798,1,6,7,1,7
2018500800648,2,9,0,10,0,1,0,0,0,0,2,1,2,1,23,5,1598,1,10,6,2,6
2018500800659,1,9,0,18,0,6,0,0,0,0,1,1,1,1,29,6,1998,1,14,8,1,8
2018500800661,1,9,0,18,0,2,0,0,0,0,1,1,5,2,79,11,1591,1,7,4,3,4
2018500800662,1,9,0,18,0,0,5,0,0,0,1,1,6,1,23,5,1242,1,-1,7,1,7
2018500800662,2,9,0,18,0,0,0,0,0,0,0,1,1,1,37,7,2993,2,1,5,1,5
2018500800662,3,9,0,2,0,0,0,0,0,0,2,1,5,1,69,10,-1,-1,-1,5,1,5
2018500800664,1,20,0,18,0,0,0,0,0,0,3,1,1,1,54,8,-1,-1,-1,5,3,5
2018500800664,2,9,0,16,0,0,0,0,0,0,3,1,2,1,33,6,-1,-1,-1,5,3,5
2018500800668,1,9,0,9,0,1,0,0,0,0,1,1,6,1,78,11,1389,1,13,2,1,2
2018500800668,2,1,0,18,0,1,0,0,0,0,1,1,6,1,19,4,-1,-1,-1,10,1,10
2018500800682,1,9,0,18,0,8,0,0,0,0,3,1,6,2,68,10,1339,1,7,8,1,8
2018500800682,2,1,0,18,0,8,0,0,0,0,1,1,6,1,-1,-1,-1,-1,-1,4,1,4
2018500800685,1,9,0,18,0,0,0,0,0,0,1,1,6,2,19,4,1248,1,8,7,2,7
2018500800685,2,9,0,4,0,0,0,0,0,0,2,1,6,2,49,8,1968,2,-1,6,2,6