Accident_Index,Vehicle_Reference,Vehicle_Type,Towing_and_Articulation,Vehicle_Manoeuvre,Vehicle_Location-Restricted_Lane,Junction_Location,Skidding_and_Overturning,Hit_Object_in_Carriageway,Vehicle_Leaving_Carriageway,Hit_Object_off_Carriageway,1st_Point_of_Impact,Was_Vehicle_Left_Hand_Drive?,Journey_Purpose_of_Driver,Sex_of_Driver,Age_of_Driver,Age_Band_of_Driver,Engine_Capacity_(CC),Propulsion_Code,Age_of_Vehicle,Driver_IMD_Decile,Driver_Home_Area_Type,Vehicle_IMD_Decile
2018500800688,1,9,0,18,0,0,2,0,1,0,1,1,6,2,53,8,1794,1,16,9,1,9
2018500800689,1,9,0,18,0,0,0,0,0,0,4,1,1,2,54,8,1997,1,9,3,1,3
2018500800691,1,9,0,17,0,0,0,0,0,0,4,1,2,1,20,4,1248,2,12,4,3,4
2018500800691,2,19,0,16,0,0,0,0,0,0,3,1,6,3,-1,-1,-1,-1,-1,-1,-1,-1
2018500800693,1,9,0,18,0,0,0,0,0,0,4,1,1,2,63,9,-1,-1,-1,4,3,4
2018500800696,1,9,0,9,0,6,0,0,0,0,1,1,6,1,92,11,1598,1,8,5,3,5
2018500800696,2,9,0,18,0,1,1,0,7,0,1,1,6,2,34,6,1998,1,15,4,3,4
2018500800732,1,9,0,18,0,0,0,0,0,0,1,1,6,1,32,6,1968,2,4,6,3,6
2018500800732,2,1,0,18,0,0,0,0,0,0,1,1,6,1,7,2,-1,-1,-1,6,3,6
2018500800733,1,9,0,7,0,8,0,0,0,0,4,1,1,2,51,8,1598,2,1,6,3,6
2018500800735,1,9,0,18,0,2,0,0,0,0,1,1,2,2,62,9,998,1,4,8,2,8
2018500800744,1,9,0,18,0,0,0,0,0,0,1,1,6,1,77,11,-1,-1,-1,5,1,5
2018500800749,1,21,1,16,0,5,0,0,0,0,4,1,1,1,22,5,12777,2,5,3,1,3
2018500800753,1,9,0,1,0,0,0,0,0,0,2,1,6,1,49,8,2143,2,-1,10,2,10
2018500800761,1,1,0,11,0,0,0,0,0,0,3,1,6,1,53,8,-1,-1,-1,4,1,4
2018500800761,2,3,0,18,0,0,0,0,0,0,1,1,6,1,56,9,125,1,4,4,3,4
2018500800765,1,2,0,18,0,1,5,0,0,0,1,1,5,1,16,4,50,1,-1,8,3,8
2018500800765,2,9,0,7,0,5,0,0,0,0,2,1,1,2,55,8,-1,-1,-1,3,1,3
2018500800767,1,9,0,1,0,0,0,4,0,0,1,1,5,3,-1,-1,2720,2,10,-1,-1,-1
2018500800767,2,9,0,18,0,0,0,0,0,0,1,1,1,1,41,7,2993,2,2,4,1,4
2018500800767,3,9,0,3,0,0,0,0,0,0,1,1,2,2,50,8,1968,2,5,3,1,3
2018500800767,4,19,0,2,0,0,0,0,0,0,4,1,5,1,40,7,2198,2,3,5,1,5
2018500800769,1,9,0,9,0,6,0,0,0,0,1,1,6,1,-1,-1,1910,2,12,-1,-1,-1
2018500800769,2,9,0,18,0,8,0,0,0,0,1,1,6,2,20,4,1149,1,11,4,2,4
2018500800771,1,9,0,9,0,8,0,0,0,0,1,1,5,1,45,7,1796,1,11,4,1,4
2018500800773,1,11,0,3,0,0,0,0,0,0,0,1,1,1,60,9,9000,2,5,3,1,3
2018500800786,1,9,0,18,0,0,5,0,7,0,4,1,6,2,42,7,1364,1,8,5,3,5
2018500800786,2,9,4,9,0,0,0,0,0,0,1,1,1,1,38,7,-1,-1,-1,8,3,8
2018500800788,1,5,0,13,0,0,0,0,0,0,3,1,2,1,55,8,-1,-1,-1,6,1,6
2018500800788,2,9,0,6,0,0,0,0,0,0,3,1,5,1,80,11,1588,1,15,3,1,3
2018500800789,1,9,0,10,0,1,1,0,0,0,3,1,1,2,50,8,-1,-1,-1,2,1,2
2018500800789,2,9,0,13,0,8,0,0,0,0,1,1,5,1,62,9,999,1,1,3,3,3
2018500800790,1,9,0,5,0,1,0,0,0,0,1,1,5,1,19,4,1596,1,10,3,1,3
2018500800790,2,9,0,18,0,8,0,0,0,0,2,1,5,1,94,11,-1,-1,-1,8,1,8
2018500800793,1,9,0,18,0,0,0,0,0,0,3,1,6,1,68,10,1998,1,11,4,1,4
2018500800795,1,9,0,17,0,0,0,0,7,0,1,1,5,2,50,8,1499,1,2,8,3,8
2018500800795,2,9,0,16,0,0,0,0,0,0,1,1,5,2,65,9,1560,2,6,2,3,2
2018500800797,1,9,0,18,0,0,1,0,0,0,1,1,5,1,49,8,-1,-1,-1,7,-1,7
2018500800797,2,9,0,18,0,0,0,0,0,0,2,1,5,2,64,9,1997,2,8,6,1,6
2018500800803,1,10,0,4,0,2,0,4,0,0,4,1,1,2,64,9,2198,2,3,6,1,6
2018500800803,2,9,0,2,0,2,0,0,0,0,3,1,5,1,78,11,1422,2,16,5,1,5
2018500800808,1,9,0,16,0,4,0,0,0,0,1,1,6,1,39,7,1595,1,1,8,2,8
2018500800808,2,1,0,18,0,8,0,0,0,0,2,1,6,2,36,7,-1,-1,-1,8,2,8
2018500800814,1,9,0,16,0,0,0,0,0,0,1,1,1,1,17,4,1229,1,10,6,2,6
2018500800814,2,21,0,17,0,0,0,0,0,0,3,1,1,1,59,9,10837,2,4,7,1,7
2018500800819,1,9,0,18,0,2,0,0,0,0,1,1,6,1,72,10,-1,-1,-1,6,1,6
2018500800826,1,5,0,18,0,0,0,0,0,0,0,1,2,1,44,7,781,1,19,6,1,6
2018500800826,2,90,0,18,0,0,0,0,0,0,0,1,5,1,37,7,-1,-1,-1,8,2,8
2018500800827,1,9,0,4,0,0,0,0,0,0,4,1,2,1,34,6,-1,-1,-1,5,1,5
2018500800831,1,9,0,3,0,0,0,0,0,0,1,1,6,1,24,5,1598,1,18,6,3,6
2018500800831,2,9,0,18,0,0,0,0,0,0,2,1,6,2,20,4,1149,1,17,6,2,6
2018500800838,1,9,0,18,0,4,0,0,0,0,1,1,6,2,27,6,-1,-1,-1,1,1,1
2018500800838,2,1,0,18,0,1,0,0,0,0,2,1,6,1,38,7,-1,-1,-1,3,2,3
2018500800839,1,9,0,18,0,1,0,0,0,0,1,1,6,1,75,10,1560,2,10,4,3,4
2018500800839,2,2,0,9,0,1,0,0,0,0,1,1,6,1,16,4,49,1,3,4,3,4
2018500800854,1,9,0,1,0,1,0,0,0,0,2,1,6,1,28,6,1598,2,5,3,1,3
2018500800854,2,5,0,4,0,1,0,0,0,0,1,1,6,1,44,7,659,1,6,6,1,6
2018500800855,1,9,0,9,0,0,0,0,0,0,1,1,1,2,61,9,-1,-1,-1,4,3,4
2018500800855,2,9,0,18,0,0,1,0,0,0,1,1,1,1,70,10,1461,2,8,6,2,6
2018500800857,1,2,0,18,0,4,5,0,1,0,1,1,6,1,17,4,125,1,1,4,3,4
2018500800857,2,9,0,18,0,4,0,0,0,0,2,1,6,1,61,9,1796,1,10,8,1,8
2018500800861,1,9,0,18,0,0,0,0,0,0,4,1,6,3,-1,-1,-1,-1,-1,-1,-1,-1
2018500800864,1,9,0,18,0,0,0,0,0,0,4,1,6,1,25,5,1248,2,6,7,1,7
2018500800864,2,1,0,18,0,0,0,0,0,0,3,1,6,1,31,6,-1,-1,-1,10,2,10
2018500800869,1,3,0,13,0,0,0,0,0,0,4,1,4,1,20,4,124,1,12,7,1,7
2018500800869,2,9,0,9,0,0,0,0,0,0,3,1,5,2,36,7,1599,1,10,6,3,6
2018500800871,1,9,0,9,0,1,0,0,0,0,4,1,6,1,59,9,1124,1,17,8,3,8
2018500800871,2,2,0,18,0,8,0,4,0,0,1,1,6,1,17,4,49,1,2,4,2,4
2018500800871,3,9,0,2,0,2,0,0,0,0,3,1,6,1,51,8,1598,2,4,4,2,4
2018500800875,1,9,0,9,0,8,0,0,0,0,2,1,5,2,48,8,1395,1,3,2,1,2
2018500800875,2,1,0,18,0,8,0,0,0,0,1,1,2,1,46,8,-1,-1,-1,6,3,6
2018500800879,1,3,0,18,0,0,0,0,0,0,0,1,1,1,42,7,124,1,3,1,1,1
2018500800879,2,9,0,4,0,0,0,0,0,0,0,1,5,1,20,4,1995,2,8,10,1,10
2018500800880,1,9,0,7,0,5,0,0,0,0,4,1,5,1,-1,-1,1248,2,6,-1,-1,-1
2018500800880,2,1,0,18,0,8,0,0,0,0,3,1,5,1,31,6,-1,-1,-1,10,2,10
2018500800885,1,19,0,18,0,0,1,0,0,0,1,1,5,1,20,4,2402,2,17,4,3,4
2018500800885,2,9,0,18,0,0,0,0,0,0,2,1,5,2,65,9,1560,2,3,5,2,5
2018500800900,1,9,0,18,0,0,5,0,7,0,1,1,1,1,18,4,999,1,3,7,2,7
2018500800900,2,9,0,18,0,0,0,0,1,0,2,1,1,1,41,7,1969,2,1,5,3,5
2018500800914,1,5,0,17,0,0,0,0,0,0,1,1,4,1,21,5,599,1,22,4,1,4
2018500800915,1,9,0,9,0,1,0,0,0,0,1,1,5,1,69,10,1329,1,4,4,2,4
2018500800915,2,3,0,4,0,1,0,0,0,0,3,1,1,1,26,6,124,1,4,2,1,2
2018500800916,1,9,0,16,0,0,1,10,7,0,1,1,5,1,93,11,1905,2,21,3,3,3
2018500800929,1,9,0,7,0,1,0,0,0,0,1,1,1,1,20,4,1896,2,14,8,2,8
2018500800929,2,9,0,18,0,8,0,0,0,0,4,1,1,2,34,6,1968,2,6,5,3,5
2018500800933,1,9,0,18,0,0,0,0,0,0,4,1,6,1,78,11,1598,1,8,4,1,4
2018500800933,2,1,0,18,0,0,0,0,0,0,4,1,2,1,27,6,-1,-1,-1,5,1,5
2018500800937,1,9,0,18,0,0,0,0,0,0,1,1,6,1,21,5,1149,1,15,7,1,7
2018500800937,2,9,0,18,0,0,0,0,0,0,4,1,6,3,-1,-1,1951,2,16,-1,-1,-1
2018500800943,1,9,0,18,0,0,1,0,0,0,1,1,1,1,45,7,1248,2,5,-1,-1,-1
2018500800943,2,9,0,3,0,0,0,0,0,0,2,1,5,2,49,8,1398,1,7,1,1,1
2018500800943,3,19,0,3,0,0,0,0,0,0,2,1,5,1,23,5,1968,2,2,10,3,10
2018500800945,1,9,0,18,0,1,0,0,0,0,4,1,1,2,33,6,1587,1,16,4,1,4
2018500800945,2,9,0,18,0,1,0,0,0,0,1,1,1,1,20,4,-1,-1,-1,2,1,2
2018500800948,1,9,0,5,0,0,0,0,0,0,3,1,6,1,29,6,1388,1,12,6,1,6
2018500800962,1,9,0,18,0,1,0,0,0,0,1,1,6,3,-1,-1,-1,-1,-1,-1,-1,-1
2018500800963,1,9,0,18,0,0,5,0,0,0,1,1,6,2,53,8,1386,1,15,2,3,2
2018500800966,1,9,0,9,0,5,0,0,0,0,1,1,5,2,77,11,1360,1,17,4,3,4
2018500800966,2,2,0,18,0,1,0,0,0,0,1,1,5,1,25,5,124,1,5,3,2,3
2018500800967,1,9,0,17,0,1,2,0,2,4,1,1,6,1,32,6,1595,1,22,4,3,4
2018500800970,1,9,0,18,0,0,0,0,0,0,1,1,2,2,48,8,1390,1,4,8,1,8
2018500800970,2,9,0,18,0,0,0,0,0,0,1,1,5,1,24,5,1389,1,14,5,2,5
2018500800971,1,5,0,18,0,0,0,0,0,0,4,1,5,1,60,9,1584,1,11,4,3,4
2018500800971,2,9,0,3,0,0,0,0,0,0,4,1,5,2,49,8,1318,1,-1,8,1,8
2018500800971,3,21,0,3,0,0,0,0,0,0,4,1,2,2,57,9,12419,2,1,4,3,4
2018500800971,4,9,0,3,0,0,0,0,0,0,4,1,5,1,40,7,1999,2,1,9,3,9
2018500800976,1,9,0,18,0,1,0,0,0,0,0,1,6,3,-1,-1,2494,1,17,-1,-1,-1
2018500800976,2,9,0,5,0,1,0,0,0,0,0,1,6,1,35,6,1968,2,4,5,1,5
2018500800979,1,9,0,1,0,0,0,0,0,0,2,1,6,2,38,7,2000,1,16,4,1,4
2018500801017,1,9,0,4,0,1,0,0,0,0,1,1,1,1,35,6,1149,1,4,6,2,6
2018500801017,2,9,0,3,0,4,0,0,0,0,2,1,1,2,35,6,1598,1,14,9,1,9
2018500801019,1,9,0,18,0,8,0,0,0,0,1,1,5,1,-1,-1,1396,1,16,4,3,4
2018500801019,2,1,0,18,0,8,0,0,0,0,1,1,5,1,37,7,-1,-1,-1,4,3,4
2018500801022,1,9,0,18,0,0,0,10,1,1,4,1,5,1,75,10,1998,1,3,10,2,10
2018500801025,1,9,0,16,0,1,5,0,0,0,1,1,6,1,18,4,1388,1,15,2,1,2
2018500801026,1,5,0,17,0,0,2,0,2,10,4,1,5,2,48,8,779,1,5,3,1,3
2018500801029,1,9,0,3,0,0,0,0,0,0,1,1,5,2,32,6,1590,1,16,6,1,6
2018500801029,2,9,0,4,0,0,1,0,1,0,2,1,5,2,73,10,1797,8,9,3,2,3
2018500801034,1,9,0,7,0,0,0,0,0,0,1,1,5,1,58,9,1582,2,3,9,1,9
2018500801034,2,1,0,18,0,0,0,0,0,0,4,1,5,1,66,10,-1,-1,-1,8,2,8
2018500801035,1,9,0,5,0,8,0,0,0,0,1,1,1,1,56,9,-1,-1,-1,8,1,8
2018500801035,2,3,0,18,0,8,0,0,0,0,4,1,2,1,56,9,124,1,-1,4,1,4
2018500801037,1,9,0,18,0,0,0,0,0,0,1,1,2,1,55,8,1360,1,10,2,2,2
2018500801038,1,9,0,13,0,3,0,0,0,0,1,1,5,2,45,7,1896,2,16,1,-1,1
2018500801038,2,5,0,9,0,8,0,0,0,0,3,1,5,1,45,7,742,1,22,8,1,8
2018500801039,1,9,0,18,0,0,0,0,7,9,1,1,5,1,14,3,2967,1,15,4,2,4
2018500801040,1,20,0,9,0,5,0,0,0,0,1,1,1,1,55,8,-1,-1,-1,4,1,4
2018500801041,1,5,0,13,0,8,0,0,0,0,1,1,5,1,57,9,1340,1,23,3,1,3
2018500801042,1,21,1,17,0,0,0,0,0,0,1,1,1,1,48,8,12777,2,7,6,3,6
2018500801042,2,9,0,16,0,0,0,0,0,0,3,1,5,1,70,10,1598,1,1,4,3,4
2018500801043,1,9,0,9,0,1,0,0,0,0,1,1,5,2,90,11,998,1,17,4,2,4
2018500801043,2,9,0,18,0,8,0,0,0,0,1,1,5,2,28,6,1896,2,16,3,1,3
2018500801043,3,9,0,2,0,8,0,0,0,0,4,1,5,1,26,6,1560,2,5,2,1,2
2018500801046,1,9,0,18,0,4,0,0,0,0,1,1,5,1,69,10,-1,-1,-1,5,3,5
2018500801046,2,9,0,18,0,3,0,0,0,0,4,1,5,1,51,8,1242,1,13,4,3,4
2018500801049,1,9,0,18,0,0,0,0,0,0,1,1,6,2,29,6,1395,8,3,7,1,7
2018500801049,2,9,0,18,0,0,2,0,1,10,2,1,1,1,34,6,1499,2,1,7,3,7
2018500801049,3,9,0,18,0,0,0,0,0,0,1,1,5,1,66,10,2495,2,14,6,1,6
2018500801049,4,19,0,18,0,0,0,0,1,10,1,1,6,1,51,8,2148,2,8,4,1,4
2018500801050,1,9,0,18,0,1,0,0,0,0,4,1,5,1,89,11,1999,1,11,5,3,5
2018500801050,2,1,0,18,0,1,0,0,0,0,2,1,5,1,49,8,-1,-1,-1,5,3,5
2018500801059,1,9,0,17,0,0,0,0,0,0,1,1,5,2,66,10,998,1,4,1,1,1
2018500801059,2,9,0,16,0,0,0,0,0,0,1,1,1,2,28,6,1395,1,2,8,1,8
2018500801061,1,9,0,17,0,1,0,0,0,0,1,1,3,2,42,7,999,1,2,10,1,10
2018500801061,2,9,0,9,0,8,0,0,0,0,1,1,5,1,22,5,1399,1,15,6,3,6
2018500801069,1,9,0,18,0,1,0,0,7,1,1,1,5,1,59,9,2996,1,7,5,3,5
2018500801069,2,9,0,18,0,8,0,0,1,1,1,1,5,1,81,11,1108,1,8,3,2,3
2018500801077,1,9,0,18,0,0,0,0,0,0,1,1,5,1,49,8,1332,1,20,5,1,5
2018500801080,1,9,0,18,0,0,0,0,1,4,1,1,6,1,82,11,1560,2,7,6,3,6
2018500801082,1,3,0,18,0,1,1,0,0,0,4,1,6,1,31,6,125,1,9,7,3,7
2018500801082,2,19,0,10,0,1,0,0,0,0,2,1,1,1,40,7,2198,2,2,5,3,5
2018500801082,3,19,0,18,0,1,0,0,0,0,1,1,1,1,33,6,10837,2,8,5,3,5
2018500801083,1,9,0,18,0,8,0,0,0,0,1,1,6,3,-1,-1,1968,2,13,-1,-1,-1
2018500801083,2,9,0,3,0,2,0,0,0,0,2,1,5,1,53,8,-1,-1,-1,2,1,2
2018500801104,1,9,0,18,0,1,0,0,0,0,1,1,6,1,25,5,1587,1,12,5,1,5
2018500801104,2,9,0,3,0,1,0,0,0,0,2,1,6,1,36,7,-1,-1,-1,2,1,2
2018500801109,1,9,0,7,0,2,0,0,0,0,1,1,5,1,68,10,3436,1,6,6,3,6
2018500801109,2,1,0,18,0,1,0,0,0,0,2,1,5,2,54,8,-1,-1,-1,9,1,9
2018500801110,1,9,0,18,0,2,0,0,0,0,4,1,6,1,-1,-1,-1,-1,-1,-1,-1,-1
2018500801113,1,9,0,5,0,1,0,0,0,0,1,1,6,2,36,7,1229,1,10,4,2,4
2018500801113,2,9,0,16,0,1,0,0,0,0,3,1,6,1,30,6,1968,2,7,4,1,4
2018500801115,1,9,0,18,0,2,0,0,0,0,3,1,5,2,55,8,1193,1,5,6,1,6
2018500801121,1,9,0,4,0,0,0,0,0,0,1,1,5,1,64,9,1839,1,14,8,3,8
2018500801121,2,9,0,4,0,0,0,0,0,0,2,1,5,1,26,6,2199,2,3,7,3,7
2018500801121,3,9,0,4,0,0,0,0,0,0,2,1,5,2,24,5,1360,1,11,10,1,10
2018500801122,1,9,0,18,0,0,0,0,0,0,1,1,3,1,57,9,1596,1,14,2,1,2
2018500801125,1,3,0,18,0,0,1,0,0,0,0,1,5,1,20,4,124,1,5,4,3,4
2018500801126,1,9,0,3,0,7,0,0,0,0,1,1,5,1,46,8,1968,2,1,7,1,7
2018500801126,2,9,0,18,0,7,0,0,0,0,2,1,5,2,73,10,1318,1,-1,8,2,8
2018500801128,1,9,0,5,0,0,0,0,0,0,1,1,6,2,68,10,1248,1,3,9,1,9
2018500801128,2,9,0,18,0,0,1,0,0,0,1,1,1,1,31,6,1797,8,8,2,1,2
2018500801128,3,9,0,18,0,0,1,0,0,0,1,1,6,1,33,6,1686,2,8,2,1,2
2018500801128,4,9,0,2,0,0,0,0,0,0,1,1,6,2,53,8,-1,-1,-1,3,1,3
2018500801140,1,9,0,1,0,0,0,0,0,0,2,1,6,2,44,7,1461,2,11,1,1,1
2018500801140,2,9,0,2,0,0,0,0,0,0,1,1,6,2,46,8,1242,1,3,1,1,1
2018500801141,1,9,0,18,0,0,0,0,1,9,1,1,5,1,37,7,2171,1,13,4,2,4
2018500801142,1,9,0,18,0,0,0,0,1,4,1,1,5,1,64,9,2148,2,14,4,3,4
2018500801146,1,8,0,18,0,0,0,0,0,0,1,1,1,1,56,9,1968,2,5,1,1,1
2018500801146,2,1,0,18,0,0,0,0,0,0,1,1,5,2,12,3,-1,-1,-1,4,1,4
2018500801148,1,9,0,18,0,0,0,0,7,10,1,1,5,1,30,6,1591,1,-1,4,3,4
2018500801156,1,3,0,18,0,1,1,0,0,0,1,1,6,1,18,4,124,1,6,8,2,8
2018500801156,2,19,0,1,0,1,0,0,0,0,2,1,6,1,43,7,2299,2,3,1,1,1
2018500801157,1,19,0,18,9,0,0,0,0,0,4,1,6,3,-1,-1,2463,2,13,-1,-1,-1
2018500801160,1,9,0,13,0,0,0,0,0,0,1,1,5,1,77,11,1587,1,20,3,1,3
2018500801160,2,1,0,18,0,0,0,0,0,0,2,1,5,1,52,8,-1,-1,-1,9,2,9
2018500801161,1,9,0,16,0,0,0,0,0,0,1,1,5,1,75,10,1998,1,-1,7,2,7
2018500801161,2,9,0,18,0,0,1,0,0,0,1,1,5,2,27,6,1248,1,9,4,1,4
2018500801173,1,9,0,17,0,0,5,0,1,10,1,1,5,1,33,6,1390,1,7,6,3,6
2018500801176,1,9,0,18,0,0,1,0,4,6,1,1,5,1,28,6,1339,1,4,2,1,2
2018500801179,1,19,0,5,0,0,0,0,0,0,0,1,6,3,-1,-1,-1,-1,-1,-1,-1,-1
2018500801179,2,1,0,18,0,0,0,0,0,0,0,1,5,1,44,7,-1,-1,-1,7,3,7
2018500801180,1,9,0,18,0,1,0,4,0,0,1,1,5,1,83,11,1997,2,8,1,1,1
2018500801180,2,9,0,2,0,1,0,0,0,0,2,1,6,2,50,8,1997,2,9,7,3,7
2018500801181,1,9,0,18,0,0,0,0,0,0,1,1,5,1,29,6,1242,1,13,8,1,8
2018500801181,2,9,0,4,0,0,0,0,7,0,2,1,5,1,25,5,1799,1,9,5,3,5
2018500801185,1,9,0,18,0,8,0,0,0,0,1,1,5,1,60,9,1388,1,12,5,2,5
2018500801185,2,9,0,18,0,8,0,4,0,0,2,1,5,2,21,5,1386,1,11,4,3,4
2018500801185,3,9,0,2,0,2,0,0,0,0,2,1,6,2,67,10,1998,2,11,3,2,3
2018500801188,1,9,0,16,0,0,0,0,0,0,1,1,6,1,24,5,1560,2,7,5,2,5
2018500801188,2,9,0,17,0,0,0,0,0,0,1,1,6,2,44,7,1560,2,6,6,3,6
2018500801190,1,9,0,18,0,0,0,0,0,0,1,1,6,1,42,7,1598,1,15,3,1,3
2018500801190,2,9,0,18,0,0,0,0,0,0,2,1,5,1,41,7,998,1,-1,8,1,8
2018500801204,1,19,0,18,0,0,0,0,0,0,3,1,6,2,38,7,-1,-1,-1,3,3,3
2018500801204,2,9,0,18,0,0,0,0,0,0,3,1,6,1,51,8,4229,1,23,3,2,3
2018500801205,1,9,0,5,0,6,0,0,0,0,1,1,2,2,41,7,1995,2,7,5,3,5
2018500801205,2,90,0,10,0,5,0,0,0,0,2,1,2,1,29,6,-1,-1,-1,3,3,3
2018500801209,1,9,0,18,0,0,0,0,2,1,1,1,6,1,22,5,1995,2,11,8,3,8
2018500801213,1,9,0,18,0,1,0,0,0,0,1,1,5,1,18,4,1229,1,12,6,3,6
2018500801213,2,9,0,4,0,1,0,0,0,0,2,1,5,2,31,6,1796,1,14,3,2,3
2018500801218,1,9,0,5,0,8,0,0,0,0,3,1,6,1,77,11,1197,1,5,9,1,9
2018500801218,2,1,0,18,0,8,0,0,0,0,4,1,5,1,38,7,-1,-1,-1,2,1,2
2018500801221,1,2,0,18,0,0,1,0,0,0,1,1,6,1,17,4,124,1,-1,6,2,6
2018500801221,2,9,0,2,0,0,0,0,0,0,2,1,6,1,-1,-1,1997,2,4,6,2,6
2018500801223,1,8,0,9,0,8,0,0,0,0,1,1,1,1,56,9,1997,2,3,8,1,8
2018500801223,2,1,0,10,0,1,0,0,0,0,1,1,2,1,31,6,-1,-1,-1,1,1,1
2018500801227,1,9,0,17,0,8,0,0,0,0,3,1,5,1,53,8,1395,1,2,8,1,8
2018500801227,2,9,0,18,0,4,0,0,0,0,1,1,5,1,81,11,999,1,2,6,3,6
2018500801228,1,9,0,13,0,0,2,0,0,0,1,1,6,1,34,6,1995,2,16,5,1,5
2018500801230,1,9,0,7,0,0,0,0,0,0,1,1,5,1,19,4,1997,1,26,4,1,4
2018500801230,2,19,0,4,0,0,0,0,0,0,1,1,5,1,69,10,-1,-1,-1,6,1,6
2018500801235,1,9,0,3,0,1,0,0,0,0,2,1,6,2,44,7,1900,2,13,7,3,7
2018500801235,2,9,0,3,0,1,0,0,0,0,1,1,6,2,23,5,998,1,9,4,2,4
2018500801235,3,19,0,18,0,1,0,0,0,0,1,1,6,1,76,11,-1,-1,-1,6,2,6
2018500801237,1,9,0,18,0,0,1,0,0,0,1,1,5,1,46,8,1998,1,14,4,3,4
2018500801278,1,20,0,1,0,0,0,0,0,0,3,1,1,1,51,8,4500,2,2,4,3,4
2018500801280,1,9,0,16,0,0,1,0,1,11,1,1,1,2,46,8,2402,2,9,4,1,4
2018500801284,1,9,0,18,0,0,0,0,0,0,1,1,5,2,48,8,1364,1,8,4,1,4
2018500801284,2,9,0,4,0,0,0,0,0,0,2,1,5,2,44,7,1200,1,2,3,1,3
2018500801289,1,9,0,4,0,0,0,0,0,0,3,1,5,2,19,4,1198,1,16,2,1,2
2018500801290,1,9,0,11,0,0,1,0,2,10,1,1,5,1,71,10,1991,1,25,6,1,6
2018500801292,1,3,0,18,0,8,1,0,0,0,3,1,5,1,71,10,125,1,9,4,1,4
2018500801292,2,9,0,9,0,8,0,0,0,0,1,1,5,2,43,7,1399,2,8,7,1,7
2018500801295,1,9,0,4,0,0,0,0,1,0,1,1,5,1,61,9,999,1,2,4,1,4
2018500801295,2,9,0,4,0,0,0,0,4,0,2,1,2,2,40,7,1248,2,11,2,1,2
2018500801295,3,19,0,3,0,0,0,0,0,0,4,1,1,1,62,9,2143,2,3,2,1,2
2018500801295,4,9,0,4,0,0,0,0,5,0,1,1,5,1,76,11,1984,1,2,1,1,1
2018500801296,1,9,0,7,0,3,0,0,0,0,1,1,2,2,21,5,998,1,10,3,1,3
2018500801296,2,9,0,14,0,4,0,0,0,0,1,1,6,2,49,8,1997,2,2,5,1,5
2018500801299,1,9,0,14,0,1,0,0,7,4,1,1,5,1,89,11,1360,1,12,4,1,4
2018500801299,2,9,0,10,0,1,0,0,7,0,3,1,1,1,48,8,-1,-1,-1,8,2,8
2018500801302,1,9,0,9,0,8,0,0,0,0,1,1,5,1,17,4,1461,2,4,4,3,4
2018500801302,2,19,0,18,0,1,0,0,0,0,3,1,1,1,33,6,2198,2,6,3,2,3
2018500801302,3,19,0,10,0,1,0,0,0,0,4,1,5,1,55,8,-1,-1,-1,4,1,4
2018500801305,1,9,0,10,0,2,0,0,0,0,2,1,5,2,57,9,2980,2,21,6,3,6
2018500801305,2,9,0,18,0,1,0,0,0,0,1,1,5,2,35,6,1596,1,11,6,3,6
2018500801310,1,9,0,10,0,5,0,0,0,0,1,1,5,2,54,8,-1,-1,-1,9,3,9
2018500801310,2,4,0,18,0,8,0,0,0,0,4,1,5,2,39,7,471,1,1,5,1,5
2018500801313,1,19,0,9,0,6,0,0,0,0,1,1,1,1,46,8,1998,2,12,6,1,6
2018500801313,2,3,0,18,0,1,0,0,0,0,1,1,1,1,30,6,125,1,1,3,1,3
2018500801315,1,9,0,18,0,2,0,0,0,0,1,1,5,1,76,11,1242,1,3,2,1,2
2018500801318,1,9,0,18,0,0,0,0,0,0,4,1,6,3,-1,-1,1242,1,7,-1,-1,-1
2018500801325,1,9,0,18,0,0,0,0,0,0,1,1,5,1,33,6,1360,1,14,5,2,5
2018500801333,1,9,0,17,0,0,2,0,2,0,4,1,1,1,21,5,1398,1,3,6,3,6
2018500801334,1,9,0,18,0,1,0,0,0,0,4,1,1,2,34,6,1598,1,11,4,1,4
2018500801340,1,9,0,18,0,1,0,0,0,0,1,1,5,1,41,7,1896,2,11,5,3,5
2018500801340,2,9,0,13,0,1,0,0,0,0,1,1,2,1,23,5,1896,2,13,6,1,6
2018500801341,1,9,0,4,0,1,1,0,0,0,1,1,5,1,48,8,2495,2,16,7,1,7
2018500801341,2,9,0,3,0,1,0,0,0,0,2,1,5,2,44,7,1229,1,11,7,1,7
2018500801346,1,9,0,9,0,2,0,0,0,0,3,1,6,1,25,5,-1,-1,-1,3,1,3
2018500801346,2,9,0,18,0,1,0,0,1,0,1,1,6,1,22,5,1896,2,14,5,1,5
2018500801346,3,9,0,18,0,1,0,0,0,0,1,1,6,1,20,4,988,1,26,5,1,5
2018500801349,1,9,0,18,0,1,0,0,0,0,1,1,6,2,32,6,1596,1,13,3,1,3
2018500801349,2,9,0,18,0,1,0,0,0,0,4,1,6,2,35,6,1598,2,6,3,1,3