Accident_Index,Vehicle_Reference,Vehicle_Type,Towing_and_Articulation,Vehicle_Manoeuvre,Vehicle_Location-Restricted_Lane,Junction_Location,Skidding_and_Overturning,Hit_Object_in_Carriageway,Vehicle_Leaving_Carriageway,Hit_Object_off_Carriageway,1st_Point_of_Impact,Was_Vehicle_Left_Hand_Drive?,Journey_Purpose_of_Driver,Sex_of_Driver,Age_of_Driver,Age_Band_of_Driver,Engine_Capacity_(CC),Propulsion_Code,Age_of_Vehicle,Driver_IMD_Decile,Driver_Home_Area_Type,Vehicle_IMD_Decile
2018500802181,2,9,0,18,0,1,0,0,0,0,1,1,6,1,30,6,1910,2,10,2,1,2
2018500802182,1,9,0,16,0,1,0,0,0,0,1,1,6,1,30,6,3000,1,23,4,3,4
2018500802182,2,19,0,9,0,6,5,0,0,0,3,1,5,1,24,5,1968,2,5,7,1,7
2018500802187,1,90,0,18,0,0,5,0,0,0,1,1,5,1,67,10,362,1,8,5,3,5
2018500802206,1,9,0,18,0,0,2,0,8,0,1,1,6,2,35,6,1396,1,15,4,1,4
2018500802206,2,9,0,12,0,0,0,0,0,0,0,1,1,1,29,6,-1,-1,-1,2,1,2
2018500802228,1,9,0,7,0,2,0,0,0,0,3,1,1,2,37,7,1398,2,5,3,1,3
2018500802228,2,1,0,18,0,1,0,0,0,0,1,1,1,1,33,6,-1,-1,-1,8,1,8
2018500802234,1,9,0,14,0,1,0,0,0,0,4,1,5,1,78,11,1598,1,14,4,1,4
2018500802235,1,9,0,16,0,0,5,0,1,10,3,1,5,1,21,5,1896,2,11,6,3,6
2018500802242,1,21,0,5,0,0,0,0,0,0,3,1,1,2,29,6,9290,2,1,4,-1,4
2018500802242,2,22,0,18,9,0,5,0,0,0,1,1,5,1,87,11,-1,-1,-1,1,1,1
2018500802244,1,9,0,9,0,6,0,0,0,0,1,1,6,1,19,4,1197,1,5,4,1,4
2018500802244,2,9,0,18,0,1,0,0,0,0,3,1,5,1,79,11,1582,2,2,4,3,4
2018500802248,1,9,0,11,0,0,5,0,0,0,1,1,6,2,27,6,1686,2,12,7,2,7
2018500802250,1,9,0,16,0,5,0,0,7,1,1,1,2,2,50,8,999,1,-1,1,1,1
2018500802252,1,9,0,18,0,0,0,0,0,0,1,1,6,1,-1,-1,-1,-1,-1,-1,-1,-1
2018500802252,2,9,0,4,0,0,0,0,0,0,2,1,6,2,23,5,1390,1,17,6,3,6
2018500802254,1,9,0,18,0,8,0,0,0,0,1,1,6,1,52,8,1363,2,13,1,1,1
2018500802254,2,9,0,7,0,8,0,0,0,0,2,1,6,1,33,6,6208,1,6,3,1,3
2018500802276,1,9,0,18,0,1,0,0,0,0,1,1,6,1,51,8,1461,2,4,3,1,3
2018500802276,2,9,0,2,0,1,0,0,0,0,1,1,4,2,47,8,1390,1,14,1,1,1
2018500802316,1,9,0,12,0,0,0,0,0,0,1,1,6,1,75,10,1560,2,8,10,1,10
2018500802316,2,9,0,2,0,0,0,0,0,0,3,1,6,2,25,5,1598,1,6,5,3,5
2018500802317,1,1,0,18,0,1,5,0,0,0,2,1,1,1,44,7,-1,-1,-1,6,2,6
2018500802317,2,9,0,5,0,2,0,0,0,0,1,1,6,1,82,11,1388,1,6,3,2,3
2018500802321,1,9,0,16,0,0,5,0,0,0,1,1,5,2,21,5,1388,1,13,3,1,3
2018500802322,1,9,0,7,0,8,0,0,0,0,3,1,6,1,26,6,1242,1,11,9,1,9
2018500802322,2,1,0,18,0,8,0,0,0,0,1,1,2,1,45,7,-1,-1,-1,5,1,5
2018500802323,1,9,0,18,0,0,0,0,0,0,1,1,5,1,68,10,-1,-1,-1,-1,-1,-1
2018500802323,2,9,0,18,0,0,1,0,0,0,1,1,5,1,24,5,1598,1,16,2,1,2
2018500802324,1,9,0,18,0,0,0,0,0,0,1,1,5,1,24,5,1395,1,5,6,3,6
2018500802324,2,19,0,18,0,0,0,0,0,0,1,1,5,1,48,8,1560,2,-1,3,3,3
2018500802326,1,9,0,12,0,3,0,0,0,0,3,1,6,2,68,10,1995,2,2,9,1,9
2018500802326,2,9,0,18,0,3,0,10,5,0,2,1,5,2,54,8,1968,2,3,5,1,5
2018500802327,1,19,0,18,0,0,0,4,0,0,1,1,1,1,48,8,1598,2,4,4,1,4
2018500802327,2,19,0,2,0,0,0,0,0,0,2,1,5,1,58,9,2143,2,8,3,2,3
2018500802329,1,9,0,18,0,4,0,0,0,0,1,1,1,1,29,6,-1,-1,-1,6,3,6
2018500802329,2,9,0,9,0,8,0,0,1,0,4,1,6,1,43,7,1399,1,2,6,1,6
2018500802330,1,9,0,18,0,8,0,0,0,0,1,1,6,1,53,8,-1,-1,-1,3,2,3
2018500802330,2,1,0,18,0,8,0,0,0,0,1,1,6,1,52,8,-1,-1,-1,4,2,4
2018500802331,1,8,0,9,0,6,0,0,0,0,3,1,1,1,60,9,-1,-1,-1,5,3,5
2018500802331,2,9,0,17,0,1,0,0,0,0,1,1,6,2,25,5,1248,1,6,7,2,7
2018500802332,1,9,0,18,0,0,0,0,0,0,1,1,5,1,63,9,1349,1,6,10,1,10
2018500802335,1,19,0,1,0,0,0,0,0,0,2,1,6,1,53,8,2179,2,11,4,1,4
2018500802335,2,9,0,2,0,0,0,0,0,0,2,1,6,1,73,10,1995,2,2,1,1,1
2018500802342,1,9,0,9,0,8,0,0,0,0,1,1,6,2,19,4,998,1,7,5,1,5
2018500802342,2,9,0,18,0,8,0,0,0,0,1,1,6,1,27,6,1998,2,10,5,1,5
2018500802342,3,9,0,5,0,8,0,0,0,0,1,1,6,1,36,7,1997,2,15,5,1,5
2018500802345,1,9,0,17,0,0,0,0,0,0,1,1,5,1,26,6,1199,1,-1,-1,-1,-1
2018500802345,2,9,0,16,0,0,0,0,0,0,1,1,2,1,47,8,1986,2,13,6,3,6
2018500802346,1,9,0,18,0,2,0,11,0,0,3,1,6,1,-1,-1,1596,1,12,-1,-1,-1
2018500802346,2,9,0,18,0,2,0,0,0,0,0,1,1,1,40,7,2993,2,1,4,1,4
2018500802346,3,9,0,18,0,1,0,0,0,0,3,1,6,2,22,5,-1,-1,-1,5,1,5
2018500802346,4,9,0,18,0,1,0,0,0,0,4,1,6,1,23,5,2720,2,12,3,1,3
2018500802347,1,9,0,17,0,0,1,0,1,10,1,1,5,2,20,4,1388,1,14,1,1,1
2018500802353,1,9,0,18,0,0,1,0,1,4,2,1,6,2,47,8,1598,1,11,3,3,3
2018500802362,1,9,0,18,0,0,0,7,1,6,2,1,5,1,70,10,1598,1,12,9,1,9
2018500802362,2,9,0,18,0,0,0,7,4,6,1,1,5,1,59,9,1951,2,14,3,1,3
2018500802432,1,9,0,18,0,0,0,0,0,0,1,1,2,1,59,9,1997,2,6,6,2,6
2018500802432,2,5,0,4,0,0,0,0,0,0,1,1,2,1,52,8,-1,-1,-1,2,1,2
2018500802432,3,9,0,2,0,0,0,0,0,0,2,1,2,1,53,8,3456,8,2,5,1,5
2018500802432,4,9,0,18,0,0,0,0,0,0,2,1,6,2,64,9,1590,1,14,10,1,10
2018500802436,1,9,0,18,0,1,0,0,0,0,3,1,6,2,31,6,1248,1,5,6,1,6
2018500802439,1,17,4,18,0,0,0,0,0,0,1,1,5,1,28,6,-1,2,10,7,3,7
2018500802439,2,9,0,18,0,0,0,0,0,0,1,1,1,2,18,4,1686,2,14,7,3,7
2018500802443,1,9,0,18,0,0,1,0,1,0,0,1,5,2,31,6,1390,1,14,5,3,5
2018500802444,1,9,0,18,0,8,0,0,0,0,1,1,5,1,82,11,-1,-1,-1,5,3,5
2018500802444,2,9,0,2,0,8,0,0,0,0,4,1,5,1,56,9,-1,-1,-1,5,3,5
2018500802449,1,9,0,18,0,0,0,0,0,0,1,1,2,2,45,7,998,1,17,4,3,4
2018500802449,2,9,0,18,0,0,0,0,0,0,2,1,6,2,29,6,2494,8,1,8,1,8
2018500802451,1,9,0,18,0,0,5,0,1,0,4,1,5,2,90,11,1242,1,14,6,2,6
2018500802456,1,9,0,18,0,4,0,0,0,0,3,1,6,1,26,6,1242,1,11,9,1,9
2018500802456,2,1,0,18,0,4,0,0,0,0,1,1,6,1,-1,-1,-1,-1,-1,5,1,5
2018500802460,1,9,0,2,0,0,0,0,0,0,4,1,5,1,25,5,1598,2,7,3,1,3
2018500802460,2,9,0,3,0,0,0,0,0,0,3,1,5,1,71,10,2926,2,12,6,3,6
2018500802464,1,9,0,18,0,0,1,0,2,0,1,1,5,2,46,8,1781,1,16,4,2,4
2018500802465,1,9,0,13,0,8,0,0,0,0,1,1,6,1,29,6,2184,2,9,3,1,3
2018500802465,2,1,0,9,0,8,5,0,0,0,1,1,6,2,43,7,-1,-1,-1,5,1,5
2018500802466,1,9,0,7,0,1,0,0,0,0,4,1,6,3,-1,-1,-1,-1,-1,-1,-1,-1
2018500802466,2,1,0,18,0,1,0,0,0,0,1,1,5,1,51,8,-1,-1,-1,8,1,8
2018500802512,1,9,0,16,0,8,0,0,0,0,1,1,5,1,83,11,1329,1,7,8,2,8
2018500802512,2,9,0,17,0,8,0,0,0,0,1,1,5,2,68,10,1242,1,20,2,1,2
2018500802545,1,9,0,18,0,0,1,0,4,7,1,1,2,1,36,7,1995,2,7,9,1,9
2018500802545,2,21,0,18,0,0,2,0,1,7,3,1,1,1,51,8,12777,2,4,3,3,3
2018500802552,1,9,0,18,0,1,1,0,0,0,1,1,5,1,31,6,1995,2,16,7,3,7
2018500802552,2,9,0,4,0,1,0,0,0,0,2,1,5,2,34,6,1998,1,13,2,1,2
2018500802554,1,9,0,17,0,0,1,0,0,0,1,1,2,2,20,4,1124,1,7,5,3,5
2018500802555,1,9,0,9,0,1,0,0,0,0,1,1,5,1,77,11,1796,1,13,4,1,4
2018500802555,2,9,0,18,0,1,0,0,0,0,1,1,5,1,68,10,1398,1,3,10,2,10
2018500802555,3,9,0,8,0,1,0,0,0,0,3,1,5,2,38,7,1197,1,4,8,2,8
2018500802562,1,21,1,18,0,0,0,0,0,0,4,1,1,1,64,9,11120,2,1,3,1,3
2018500802563,1,9,0,5,0,1,0,0,0,0,2,1,6,1,83,11,2771,1,18,8,1,8
2018500802563,2,9,0,18,0,1,0,0,0,0,1,1,6,2,74,10,1588,1,15,5,1,5
2018500802565,1,9,0,18,0,0,0,0,0,0,3,1,5,2,36,7,1200,1,2,10,1,10
2018500802565,2,9,0,18,0,0,0,0,0,0,1,1,5,1,37,7,2495,2,14,5,3,5
2018500802570,1,9,0,1,0,0,0,4,0,0,2,1,5,1,87,11,2188,2,12,4,3,4
2018500802570,2,9,0,2,0,0,0,0,0,0,3,1,5,1,59,9,1995,2,4,8,2,8
2018500802575,1,9,0,9,0,1,0,0,0,0,1,1,3,2,22,5,1995,2,14,6,3,6
2018500802575,2,9,0,17,0,1,0,0,0,0,4,1,3,2,30,6,1339,1,14,3,1,3
2018500802586,1,9,0,18,0,0,1,0,0,0,1,1,5,1,20,4,1587,1,15,4,3,4
2018500802586,2,9,0,18,0,0,0,0,0,0,2,1,5,1,63,9,1422,2,2,4,3,4
2018500802654,1,9,0,2,0,2,0,0,0,0,4,1,6,2,31,6,1560,2,2,8,1,8
2018500802654,2,9,0,1,0,6,0,4,0,0,2,1,6,1,54,8,2000,2,9,9,1,9
2018500802655,1,9,0,18,0,1,0,0,0,0,1,1,5,2,43,7,1390,1,10,3,3,3
2018500802656,1,9,0,18,0,1,0,0,0,0,1,1,6,3,-1,-1,-1,-1,-1,-1,-1,-1
2018500802659,1,19,0,4,0,0,0,0,0,0,1,1,1,1,35,6,2299,2,-1,3,1,3
2018500802659,2,9,0,4,0,0,0,0,0,0,1,1,2,2,41,7,1896,2,10,2,1,2
2018500802660,1,9,0,18,0,0,0,0,0,0,1,1,2,1,53,8,1895,1,18,5,2,5
2018500802663,1,9,4,18,0,0,0,0,0,0,0,1,1,1,57,9,-1,-1,-1,9,3,9
2018500802664,1,9,0,17,0,0,0,0,0,0,1,1,2,1,36,7,1796,1,12,6,2,6
2018500802664,2,9,0,16,0,0,0,0,1,0,1,1,5,2,53,8,1998,1,22,4,3,4
2018500802667,1,9,0,18,0,0,0,0,0,0,1,1,2,1,19,4,1560,2,10,3,1,3
2018500802671,1,9,0,7,0,8,0,0,0,0,1,1,2,1,22,5,1229,1,5,2,1,2
2018500802671,2,9,0,18,0,8,0,0,0,0,3,1,5,2,28,6,1995,1,11,4,1,4
2018500802672,1,3,0,17,0,1,1,0,1,0,1,1,5,1,17,4,124,1,5,6,3,6
2018500802676,1,9,0,16,0,0,1,0,0,0,1,1,2,2,23,5,998,1,1,5,3,5
2018500802676,2,9,0,17,0,0,0,0,0,0,1,1,2,1,65,9,1968,2,8,9,1,9
2018500802684,1,9,0,16,0,0,0,0,0,0,4,1,5,2,53,8,1686,2,7,6,3,6
2018500802684,2,1,0,16,0,0,0,0,0,0,4,1,5,1,71,10,-1,-1,-1,6,2,6
2018500802698,1,98,0,18,0,8,0,0,0,0,0,1,6,1,-1,-1,-1,-1,-1,-1,-1,-1
2018500802698,2,9,0,18,0,8,0,0,0,0,2,1,6,2,25,5,1598,1,6,10,1,10
2018500802705,1,19,0,18,0,0,0,0,0,0,1,1,1,1,35,6,1598,2,3,5,3,5
2018500802715,1,9,0,9,0,6,0,0,7,10,1,1,5,2,82,11,1328,1,17,3,3,3
2018500802715,2,9,0,18,0,1,0,0,0,0,1,1,5,1,70,10,1598,2,3,4,3,4
2018500802743,1,9,0,4,0,0,0,0,0,0,2,1,6,2,31,6,2720,2,8,4,3,4
2018500802743,2,9,0,4,0,0,0,0,0,0,1,1,6,2,29,6,1998,1,14,3,3,3
2018500802748,1,9,0,18,0,1,0,0,0,0,1,1,5,2,54,8,1598,2,2,9,3,9
2018500802753,1,3,0,17,0,0,1,0,1,10,1,1,5,2,52,8,125,1,15,3,3,3
2018500802764,1,3,0,17,9,0,2,0,7,11,1,1,5,1,22,5,124,1,5,3,1,3
2018500802768,1,9,0,9,0,8,0,0,0,0,1,1,5,2,22,5,999,1,1,7,1,7
2018500802768,2,9,0,9,0,8,0,0,0,0,1,1,5,1,25,5,1229,1,12,4,1,4
2018500802770,1,9,0,18,0,0,0,0,0,0,1,1,6,2,26,6,1995,2,11,1,1,1
2018500802774,1,9,0,18,0,0,0,0,0,0,1,1,5,2,87,11,1390,1,7,5,2,5
2018500802774,2,9,0,18,0,0,0,0,0,0,2,1,5,2,33,6,1598,2,6,6,3,6
2018500802777,1,9,0,18,0,8,0,0,0,0,1,1,6,1,40,7,2771,1,19,4,2,4
2018500802777,2,9,0,9,0,8,0,0,0,0,1,1,6,1,60,9,-1,-1,-1,3,2,3
2018500802778,1,9,0,18,0,8,0,0,0,0,1,1,5,3,-1,-1,-1,-1,-1,-1,-1,-1
2018500802779,1,9,0,7,0,1,0,0,0,0,4,1,6,1,52,8,3498,1,13,2,1,2
2018500802779,2,1,0,7,0,1,0,0,0,0,1,1,6,1,25,5,-1,-1,-1,1,1,1
2018500802784,1,9,0,18,0,1,0,0,0,0,1,1,5,1,27,6,1598,1,14,8,1,8
2018500802788,1,9,0,18,0,8,0,0,0,0,2,1,6,2,49,8,1598,2,2,10,1,10
2018500802788,2,9,0,18,0,8,0,0,0,0,1,1,6,2,28,6,1598,1,18,10,1,10
2018500802789,1,4,0,13,0,0,5,0,0,0,4,1,2,2,22,5,471,1,2,10,2,10
2018500802789,2,19,0,3,0,0,0,0,0,0,2,1,2,1,51,8,1968,2,5,5,1,5
2018500802797,1,9,0,17,0,0,2,0,1,0,1,1,6,2,61,9,1198,1,5,4,3,4
2018500802798,1,9,0,18,0,8,0,0,0,0,3,1,5,1,46,8,1598,1,5,2,1,2
2018500802808,1,9,0,18,0,1,0,0,0,0,3,1,5,1,76,11,1596,1,6,7,1,7
2018500802810,1,9,0,18,0,0,0,0,1,1,1,1,5,1,86,11,1997,1,14,2,2,2
2018500802810,2,9,0,2,6,0,0,0,0,0,4,1,5,2,59,9,1596,1,9,2,2,2
2018500802811,1,11,0,18,0,0,0,0,0,0,1,1,1,1,45,7,4249,2,3,4,1,4
2018500802814,1,9,0,18,0,1,0,0,0,0,1,1,5,1,37,7,1995,2,9,9,1,9
2018500802814,2,1,0,18,0,1,0,0,0,0,3,1,1,1,33,6,-1,-1,-1,5,-1,5
2018500802823,1,3,0,18,0,2,5,0,0,0,1,1,2,1,23,5,125,1,-1,1,1,1
2018500802823,2,9,0,2,0,2,0,0,0,0,2,1,1,1,36,7,1497,8,11,2,1,2
2018500802832,1,9,0,18,0,4,0,0,0,0,2,1,5,2,31,6,1968,2,11,2,-1,2
2018500802832,2,9,0,18,0,4,0,0,0,0,1,1,5,1,50,8,1896,2,11,1,1,1
2018500802836,1,21,0,7,0,0,5,0,1,2,4,1,1,1,35,6,12777,2,1,5,1,5
2018500802840,1,9,0,18,0,8,0,0,0,0,1,1,5,1,38,7,1598,2,7,6,1,6
2018500802840,2,1,0,18,0,8,5,0,0,0,4,1,5,1,32,6,-1,-1,-1,9,3,9
2018500802853,1,9,0,17,0,0,0,0,0,0,1,1,1,1,31,6,-1,-1,-1,5,1,5
2018500802853,2,9,0,16,0,0,1,0,0,0,1,1,5,1,19,4,1242,1,16,6,3,6
2018500802864,1,9,0,18,0,0,1,0,7,4,1,1,5,1,83,11,1360,1,16,7,2,7
2018500802878,1,9,0,9,0,1,0,0,0,0,1,1,5,2,60,9,2148,2,10,8,1,8
2018500802878,2,3,0,18,0,8,0,0,0,0,1,1,5,1,26,6,124,1,2,7,2,7
2018500802881,1,9,0,18,0,0,0,0,1,0,1,1,1,2,28,6,1061,1,13,7,2,7
2018500802889,1,19,0,1,0,1,0,0,0,0,1,1,1,1,33,6,2143,2,5,2,2,2
2018500802889,2,9,0,1,0,1,0,0,0,0,3,1,6,1,28,6,1600,2,6,3,1,3
2018500802890,1,9,0,18,0,0,1,6,0,0,1,1,5,2,22,5,1229,1,10,4,3,4
2018500802891,1,9,0,18,0,0,0,0,0,0,4,1,6,3,-1,-1,1997,1,8,-1,-1,-1
2018500802891,2,9,0,2,0,0,0,0,0,0,4,1,3,2,34,6,1596,1,3,4,-1,4
2018500802896,1,9,0,18,0,0,1,0,0,0,1,1,6,1,78,11,1497,8,2,10,1,10
2018500802896,2,9,0,3,0,0,0,0,0,0,0,1,6,2,27,6,2231,2,10,7,1,7
2018500802896,3,9,0,3,0,0,0,0,0,0,0,1,6,2,47,8,1560,2,13,3,1,3
2018500802896,4,9,0,3,0,0,0,0,0,0,0,1,6,1,77,11,1849,2,2,6,1,6
2018500802898,1,9,0,1,0,0,0,0,0,0,2,1,1,1,49,8,1798,1,10,1,1,1
2018500802899,1,19,0,1,0,0,0,0,0,0,2,1,6,1,28,6,1995,2,-1,3,1,3
2018500802912,1,9,0,18,0,0,0,0,0,0,1,1,6,2,77,11,1248,1,4,6,1,6
2018500802918,1,3,0,18,0,4,0,0,0,0,1,1,5,1,26,6,125,1,1,3,1,3
2018500802920,1,19,0,18,0,0,0,0,0,0,1,1,5,1,41,7,1968,2,9,3,1,3
2018500802924,1,9,0,4,0,0,0,0,0,0,1,1,6,2,79,11,1339,1,11,7,3,7
2018500802931,1,3,0,18,0,8,2,0,0,0,3,1,6,1,40,7,125,1,3,4,1,4
2018500802938,1,8,0,18,0,0,0,0,0,0,1,1,5,1,46,8,1995,2,9,4,3,4
2018500802938,2,9,0,9,0,0,0,0,0,0,3,1,1,2,24,5,1398,2,10,3,1,3
2018500802943,1,3,0,4,0,0,0,0,0,0,1,1,2,1,37,7,123,1,2,6,2,6
2018500802943,2,9,0,4,0,0,0,0,0,0,3,1,5,1,75,10,1398,1,5,6,1,6
2018500802948,1,9,0,9,0,1,0,0,0,0,4,1,5,2,76,11,1149,1,9,8,1,8
2018500802948,2,3,0,18,0,1,0,0,0,0,1,1,5,1,16,4,49,1,-1,9,1,9
2018500802955,1,9,0,9,0,8,0,0,0,0,1,1,6,1,97,11,1248,1,1,8,2,8
2018500802968,1,9,0,2,0,2,0,0,0,0,1,1,6,1,24,5,1600,2,9,6,3,6
2018500802968,2,1,0,13,0,2,0,0,0,0,1,1,6,1,48,8,-1,-1,-1,2,1,2
2018500802973,1,9,0,18,0,1,0,0,0,0,1,1,1,3,-1,-1,2688,2,15,6,1,6
2018500802973,2,9,0,7,0,5,0,0,0,0,2,1,1,2,42,7,2998,1,1,2,1,2
2018500802974,1,8,0,18,5,0,0,0,0,0,1,1,6,1,30,6,1597,2,4,6,1,6
2018500802974,2,1,0,18,5,0,0,0,0,0,1,1,6,1,23,5,-1,-1,-1,7,1,7
2018500802975,1,9,0,5,0,0,0,0,1,10,1,1,6,2,18,4,1124,1,16,4,3,4
2018500802991,1,9,0,17,0,0,0,0,0,0,1,1,6,1,62,9,1896,2,12,4,3,4
2018500802991,2,9,0,16,0,0,0,0,0,0,1,1,6,1,31,6,1560,2,11,4,3,4
2018500803005,1,9,0,18,0,0,0,0,0,0,4,1,2,1,43,7,1995,2,15,5,2,5
2018500803015,1,9,0,18,0,2,0,10,7,11,4,1,5,1,84,11,1598,1,6,6,2,6
2018500803015,2,9,0,2,0,2,0,0,0,0,1,1,6,1,64,9,1560,2,14,5,2,5
2018500803015,3,9,0,2,0,2,0,0,0,0,1,1,6,1,80,11,1999,1,16,5,2,5
2018500803020,1,5,0,18,0,0,1,0,0,0,4,1,6,1,43,7,1063,1,10,6,2,6
2018500803020,2,9,0,18,0,0,0,0,0,0,0,1,6,1,39,7,-1,-1,-1,3,2,3
2018500803023,1,9,0,18,0,0,0,0,0,0,1,1,5,2,40,7,998,1,3,6,1,6
2018500803023,2,5,0,4,0,0,0,0,0,0,2,1,2,1,34,6,600,1,15,3,1,3
2018500803049,1,9,0,16,0,0,1,0,1,10,1,1,5,1,72,10,2494,8,2,4,3,4
2018500803069,1,9,0,18,0,1,0,0,0,0,1,1,6,2,27,6,1388,1,14,4,1,4
2018500803114,1,9,0,18,0,1,0,0,1,10,1,1,5,1,50,8,1398,2,15,8,1,8
2018500803122,1,9,0,18,0,0,0,0,0,0,1,1,6,1,24,5,-1,-1,-1,3,1,3
2018500803204,1,11,0,4,0,0,0,0,0,0,0,1,1,1,40,7,6700,2,2,2,1,2
2018500803205,1,9,0,18,0,0,0,0,7,4,1,1,5,1,46,8,1598,1,11,4,1,4
2018500803207,1,3,0,4,0,1,2,0,0,0,1,1,2,1,16,4,-1,-1,-1,2,1,2
2018500803207,2,9,0,3,0,1,0,0,0,0,2,1,2,1,19,4,1598,1,16,3,1,3
2018500803210,1,9,0,5,0,4,0,0,0,0,2,1,2,2,31,6,1997,1,16,4,1,4
2018500803210,2,19,0,5,0,4,0,0,0,0,1,1,2,1,40,7,1998,2,12,10,2,10
2018500803211,1,9,0,18,0,4,0,0,0,0,1,1,6,3,-1,-1,-1,-1,-1,-1,-1,-1
2018500803211,2,1,0,9,0,3,5,0,0,0,3,1,1,1,30,6,-1,-1,-1,5,1,5
2018500803212,1,9,0,18,0,8,0,0,0,0,3,1,5,2,58,9,1598,1,9,6,1,6
2018500803212,2,1,0,18,0,8,5,0,0,0,1,1,5,1,-1,-1,-1,-1,-1,-1,-1,-1
2018500803216,1,9,0,18,0,1,0,0,0,0,4,1,3,2,44,7,998,1,-1,3,1,3
2018500803235,1,9,0,18,0,0,0,0,0,0,1,1,6,3,-1,-1,-1,-1,-1,-1,-1,-1
2018500803235,2,3,0,18,0,0,0,0,1,0,2,1,6,1,30,6,125,1,2,4,1,4
2018500803238,1,9,0,18,0,0,2,0,1,0,4,1,2,2,32,6,1896,2,10,8,1,8
2018500803245,1,9,0,17,0,0,2,0,0,0,1,1,5,2,31,6,999,1,5,6,3,6
2018500803249,1,9,0,18,0,0,1,0,5,6,1,1,5,1,75,10,1388,1,13,3,1,3
2018500803261,1,9,0,18,0,0,1,0,5,7,1,1,5,1,50,8,1598,1,11,2,1,2
2018500803268,1,9,0,18,0,1,1,0,0,0,1,1,5,2,-1,-1,1328,1,15,6,1,6
2018500803268,2,9,0,10,0,1,0,0,0,0,2,1,5,2,33,6,998,1,12,3,1,3
2018500803270,1,19,0,16,0,8,1,0,3,1,1,1,1,1,19,4,2198,2,4,7,1,7
2018500803270,2,9,0,17,0,8,0,0,7,1,4,1,3,2,29,6,1896,2,11,4,3,4
2018500803281,1,9,0,18,0,8,0,0,0,0,3,1,5,1,76,11,1596,1,6,7,1,7
2018500803288,1,9,0,4,0,0,0,0,0,0,2,1,2,2,29,6,1560,2,10,3,1,3
2018500803288,2,19,0,18,0,0,0,0,0,0,1,1,6,1,33,6,-1,-1,-1,5,1,5
2018500803292,1,9,0,16,0,0,1,10,2,10,4,1,5,2,29,6,1390,1,14,4,2,4
2018500803305,1,9,0,18,0,0,0,0,0,0,1,1,5,1,68,10,1364,1,-1,8,1,8
2018500803305,2,9,0,2,0,0,0,0,0,0,2,1,5,1,69,10,2688,2,14,7,2,7
2018500803306,1,9,0,9,0,8,0,0,0,0,1,1,1,1,31,6,1242,1,14,4,1,4
2018500803306,2,2,0,18,0,1,2,0,0,0,1,1,6,1,28,6,125,1,-1,5,1,5
2018500803312,1,19,0,16,0,0,1,0,0,0,1,1,1,1,32,6,1461,2,15,5,1,5
2018500803312,2,9,0,17,0,0,1,0,1,0,1,1,5,1,21,5,1956,2,5,5,1,5
2018500803313,1,9,0,17,0,1,0,0,0,0,1,1,5,2,21,5,1499,1,-1,5,1,5
2018500803313,2,9,0,5,0,1,1,0,0,0,4,1,5,2,25,5,1339,1,7,6,3,6
2018500803314,1,9,0,6,0,1,0,0,0,0,3,1,6,2,61,9,1341,1,14,2,1,2
2018500803314,2,2,0,18,0,1,0,0,0,0,1,1,6,1,33,6,125,1,5,3,1,3
2018500803317,1,3,0,18,0,0,1,0,7,0,4,1,2,1,22,5,124,1,6,6,1,6
2018500803320,1,9,0,16,0,0,0,0,0,0,1,1,2,1,29,6,2982,2,5,8,1,8
2018500803320,2,9,0,16,0,0,0,0,4,0,2,1,2,1,39,7,1968,2,3,1,1,1
2018500803320,3,9,0,16,0,0,0,0,0,0,1,1,2,2,22,5,1395,1,3,8,3,8
2018500803320,4,9,0,16,0,0,0,0,0,0,1,1,2,1,63,9,1596,1,1,3,1,3
2018500803324,1,9,0,18,0,8,0,0,0,0,1,1,5,1,63,9,1798,1,7,6,1,6
2018500803324,2,9,0,5,0,8,0,0,0,0,4,1,5,1,34,6,898,1,2,8,1,8
2018500803348,1,3,0,13,0,2,5,0,0,0,1,1,6,1,24,5,125,1,3,3,2,3
2018500803355,1,9,0,9,0,6,0,0,0,0,3,1,5,1,38,7,1995,2,2,10,1,10
2018500803355,2,2,0,13,0,1,0,0,0,0,1,1,5,1,18,4,125,1,3,2,1,2
2018500803364,1,9,0,9,0,8,0,0,0,0,3,1,6,2,33,6,1997,1,-1,8,1,8
2018500803364,2,9,0,18,0,8,0,0,0,0,4,1,6,2,28,6,1360,1,12,5,1,5
2018500803375,1,9,0,9,0,6,0,0,0,0,3,1,2,2,33,6,2000,2,9,7,3,7
2018500803375,2,2,0,18,0,1,0,0,0,0,1,1,6,1,48,8,49,1,4,9,1,9
2018500803384,1,3,0,17,0,8,1,0,0,0,0,1,5,1,18,4,124,1,7,7,1,7
2018500803418,1,9,0,18,0,0,0,0,0,0,3,1,6,1,86,11,1339,1,8,7,1,7
2018500803421,1,9,0,10,0,1,0,0,0,0,2,1,6,1,57,9,1364,1,11,3,1,3
2018500803421,2,9,0,4,0,1,0,0,0,0,1,1,6,2,-1,-1,998,1,5,2,1,2