Accident_Index,Vehicle_Reference,Vehicle_Type,Towing_and_Articulation,Vehicle_Manoeuvre,Vehicle_Location-Restricted_Lane,Junction_Location,Skidding_and_Overturning,Hit_Object_in_Carriageway,Vehicle_Leaving_Carriageway,Hit_Object_off_Carriageway,1st_Point_of_Impact,Was_Vehicle_Left_Hand_Drive?,Journey_Purpose_of_Driver,Sex_of_Driver,Age_of_Driver,Age_Band_of_Driver,Engine_Capacity_(CC),Propulsion_Code,Age_of_Vehicle,Driver_IMD_Decile,Driver_Home_Area_Type,Vehicle_IMD_Decile
2018500803421,3,9,0,4,0,1,1,0,0,0,1,1,6,1,39,7,1598,2,4,2,1,2
2018500803424,1,9,0,13,0,0,0,0,0,0,3,1,6,3,-1,-1,1799,1,11,-1,-1,-1
2018500803424,2,1,0,18,0,0,0,0,0,0,4,1,5,1,59,9,-1,-1,-1,9,1,9
2018500803426,1,9,0,17,0,0,5,0,1,11,1,1,6,2,50,8,1896,2,14,5,3,5
2018500803427,1,9,0,18,0,0,0,0,0,0,1,1,5,1,82,11,1997,2,15,5,1,5
2018500803427,2,9,0,3,0,0,0,0,0,0,1,1,5,2,51,8,1582,2,9,6,1,6
2018500803436,1,11,0,1,5,0,0,0,0,0,2,1,1,1,-1,-1,-1,-1,-1,8,1,8
2018500803441,1,9,0,4,0,0,0,0,0,0,1,1,5,1,66,10,2499,1,13,3,2,3
2018500803441,2,9,0,4,0,0,0,0,0,0,2,1,5,1,51,8,1997,2,9,5,3,5
2018500803441,3,9,0,4,0,0,1,0,0,0,1,1,5,2,64,9,2362,1,13,10,1,10
2018500803441,4,9,0,4,0,0,0,0,0,0,1,1,5,1,67,10,1998,1,5,4,3,4
2018500803441,5,9,0,4,0,0,0,0,0,0,2,1,1,1,47,8,1598,2,-1,6,1,6
2018500803447,1,9,0,3,0,1,0,0,0,0,3,1,6,1,69,10,2993,2,1,6,3,6
2018500803447,2,9,0,4,0,1,0,0,0,0,4,1,2,1,55,8,1461,2,10,4,1,4
2018500803455,1,9,0,9,0,8,0,0,0,0,1,1,1,2,68,10,-1,-1,-1,1,1,1
2018500803503,1,9,0,18,0,0,0,0,0,0,1,1,5,2,28,6,1124,1,17,8,1,8
2018500803518,1,3,0,18,0,0,2,11,0,0,3,1,6,2,22,5,125,1,1,2,3,2
2018500803524,1,2,0,18,0,0,1,0,0,0,1,1,6,1,21,5,125,1,1,6,3,6
2018500803524,2,9,0,18,0,0,0,0,0,0,2,1,6,2,37,7,1560,2,8,3,1,3
2018500803558,1,9,0,18,0,1,0,0,0,0,1,1,6,2,73,10,1248,1,2,7,3,7
2018500803558,2,9,0,3,0,1,0,0,0,0,1,1,6,2,55,8,1296,1,10,5,1,5
2018500803558,3,9,0,8,0,1,0,0,0,0,2,1,6,2,66,10,1363,2,15,5,1,5
2018500803562,1,9,0,18,0,0,5,0,2,10,4,1,2,1,18,4,1124,1,19,4,3,4
2018500803566,1,9,0,9,0,4,0,0,0,0,3,1,1,1,62,9,1685,2,-1,2,1,2
2018500803566,2,1,0,18,0,8,0,0,0,0,4,1,6,1,51,8,-1,-1,-1,6,1,6
2018500803569,1,9,0,18,0,0,0,0,0,0,1,1,6,1,29,6,2179,2,3,1,1,1
2018500803569,2,9,0,3,0,0,0,0,0,0,2,1,5,1,47,8,-1,-1,-1,2,1,2
2018500803570,1,9,0,4,0,0,0,0,0,0,2,1,5,1,27,6,-1,-1,-1,4,-1,4
2018500803570,2,9,0,4,0,0,0,0,0,0,1,1,5,1,38,7,1598,2,8,7,3,7
2018500803570,3,9,0,4,0,0,0,0,0,0,1,1,5,2,21,5,1461,2,4,-1,2,-1
2018500803570,4,9,0,4,0,0,0,0,0,0,3,1,5,2,20,4,1200,1,1,5,1,5
2018500803570,5,9,0,4,0,0,0,0,0,0,0,1,6,1,36,7,1395,1,1,7,3,7
2018500803574,1,9,0,18,0,0,0,0,0,0,1,1,5,1,70,10,1598,2,1,4,1,4
2018500803575,1,9,0,16,0,0,2,0,2,10,4,1,6,2,31,6,1560,2,14,4,3,4
2018500803580,1,9,0,9,0,1,0,0,0,0,4,1,6,2,33,6,1596,1,9,8,1,8
2018500803580,2,9,0,18,0,1,0,0,0,0,1,1,6,1,21,5,1995,2,4,4,1,4
2018500803584,1,9,0,18,0,0,0,0,0,0,1,1,6,2,61,9,1968,2,6,5,3,5
2018500803584,2,9,0,18,0,0,0,0,0,0,2,1,6,2,64,9,1968,2,4,2,1,2
2018500803585,1,3,0,18,0,1,2,0,0,0,1,1,6,1,43,7,124,1,2,4,1,4
2018500803585,2,9,0,9,0,8,0,0,0,0,3,1,1,2,51,8,998,1,3,7,1,7
2018500803587,1,19,0,17,0,0,0,0,0,0,1,1,1,1,40,7,2198,2,4,5,1,5
2018500803587,2,9,0,16,0,0,1,0,2,0,1,1,4,2,36,7,1124,1,14,4,1,4
2018500803593,1,8,0,4,0,1,0,0,0,0,1,1,1,1,60,9,1798,8,-1,10,1,10
2018500803593,2,4,0,3,0,1,0,0,0,0,2,1,2,1,47,8,250,1,-1,1,1,1
2018500803598,1,9,0,16,0,0,0,0,0,0,1,1,2,1,21,5,1896,2,9,5,1,5
2018500803598,2,9,0,7,0,0,0,0,0,0,2,1,5,1,78,11,1390,1,10,4,1,4
2018500803600,1,9,0,5,0,2,0,0,0,0,1,1,2,1,31,6,1998,1,11,2,1,2
2018500803600,2,3,0,18,0,2,0,0,1,0,3,1,2,1,23,5,125,1,3,5,1,5
2018500803602,1,9,0,17,0,0,2,0,2,0,1,1,5,1,30,6,1997,2,11,7,2,7
2018500803605,1,22,0,17,0,0,5,0,0,0,1,1,6,1,65,9,-1,-1,-1,6,1,6
2018500803608,1,9,0,18,0,0,0,0,0,0,1,1,3,1,38,7,3222,2,16,4,1,4
2018500803618,1,9,0,17,0,0,1,0,0,0,1,1,5,1,63,9,2967,2,2,6,3,6
2018500803618,2,9,0,16,0,0,0,0,0,0,1,1,6,3,-1,-1,2143,2,1,-1,-1,-1
2018500803628,1,9,0,18,0,0,1,0,0,0,1,1,1,3,-1,-1,1997,2,11,-1,-1,-1
2018500803628,2,9,0,18,0,0,1,0,1,7,4,1,6,1,35,6,1388,1,13,6,1,6
2018500803652,1,9,0,18,0,0,0,0,0,0,1,1,6,1,88,11,1299,1,18,7,2,7
2018500803655,1,9,0,18,0,0,2,0,1,11,1,1,6,1,58,9,2982,2,4,4,3,4
2018500803658,1,9,0,18,0,0,0,0,0,0,1,1,6,2,62,9,1997,2,-1,2,1,2
2018500803658,2,9,0,3,0,0,0,0,0,0,2,1,6,2,20,4,1299,1,15,1,1,1
2018500803661,1,9,0,18,0,0,0,10,1,4,1,1,6,1,63,9,2496,1,15,10,1,10
2018500803661,2,9,0,18,0,0,0,10,1,7,1,1,6,1,27,6,2993,2,4,4,1,4
2018500803661,3,9,0,3,0,0,0,0,0,0,1,1,6,1,43,7,2191,2,5,10,1,10
2018500803661,4,21,1,18,0,0,0,4,0,0,1,1,6,1,34,6,12419,2,3,7,1,7
2018500803692,1,9,0,4,0,0,0,0,0,0,1,1,6,2,78,11,1242,1,5,4,3,4
2018500803692,2,9,0,4,0,0,0,0,0,0,2,1,6,1,67,10,1995,2,2,5,1,5
2018500803694,1,9,0,18,0,1,0,0,0,0,1,1,5,1,35,6,2993,2,12,6,2,6
2018500803694,2,9,0,4,0,1,0,0,1,0,2,1,5,2,55,8,1229,1,8,6,2,6
2018500803695,1,9,0,18,0,0,0,10,0,0,1,1,5,1,71,10,1461,2,3,4,1,4
2018500803695,2,9,0,18,0,0,0,0,0,0,1,1,5,2,52,8,1991,2,13,4,3,4
2018500803698,1,9,0,18,0,0,0,0,0,0,2,1,5,1,32,6,1910,2,10,5,2,5
2018500803700,1,9,0,18,0,0,0,0,0,0,3,1,5,2,27,6,1560,2,11,6,1,6
2018500803701,1,9,0,18,0,4,0,0,0,0,1,1,5,2,38,7,1995,1,10,1,1,1
2018500803701,2,1,0,18,0,8,0,0,0,0,3,1,5,2,57,9,-1,-1,-1,5,1,5
2018500803712,1,9,0,18,0,0,1,0,5,0,1,1,5,1,50,8,1991,1,3,8,1,8
2018500803715,1,9,0,18,0,4,0,0,0,0,1,1,6,2,27,6,2993,2,7,5,1,5
2018500803715,2,9,0,3,0,4,0,0,0,0,2,1,6,1,29,6,1461,2,8,6,1,6
2018500803720,1,9,0,18,0,0,0,0,0,0,1,1,6,2,78,11,1995,2,7,5,3,5
2018500803720,2,9,0,3,0,0,0,0,0,0,2,1,1,2,18,4,1229,1,13,8,1,8
2018500803720,3,9,0,5,0,0,0,0,0,0,2,1,1,1,38,7,1590,1,14,6,1,6
2018500803721,1,9,0,18,0,0,1,0,4,0,1,1,5,1,34,6,-1,-1,-1,2,1,2
2018500803722,1,19,0,18,0,0,0,0,0,0,1,1,1,1,49,8,1995,2,-1,9,1,9
2018500803722,2,9,0,4,0,0,0,0,0,0,2,1,5,2,19,4,1240,1,13,2,1,2
2018500803737,1,3,0,18,0,0,0,0,0,0,1,1,5,1,24,5,124,1,13,2,1,2
2018500803737,2,98,0,5,0,0,0,0,0,0,0,1,6,3,-1,-1,-1,-1,-1,-1,-1,-1
2018500803827,1,4,0,15,0,8,2,0,0,0,3,1,2,1,52,8,638,1,5,2,1,2
2018500803827,2,9,0,18,0,8,0,0,0,0,1,1,5,3,-1,-1,1360,1,16,-1,-1,-1
2018500803829,1,9,0,5,0,0,0,0,0,0,1,1,2,1,55,8,-1,-1,-1,4,3,4
2018500803829,2,3,0,5,0,0,0,0,0,0,1,1,2,1,26,6,124,1,5,4,3,4
2018500803831,1,9,0,4,0,0,0,0,0,0,1,1,5,2,49,8,1398,2,12,1,1,1
2018500803831,2,9,0,4,0,0,0,0,0,0,2,1,5,2,30,6,1198,1,-1,4,1,4
2018500803832,1,9,0,18,0,1,5,0,0,0,4,1,6,1,26,6,1968,2,5,5,2,5
2018500803833,1,19,0,7,0,8,0,0,0,0,1,1,2,1,31,6,2402,2,14,8,1,8
2018500803833,2,1,0,18,4,8,0,0,0,0,1,1,6,1,51,8,-1,-1,-1,8,2,8
2018500803838,1,17,4,2,0,8,0,0,0,0,2,1,1,1,44,7,4525,2,1,3,3,3
2018500803838,2,9,0,18,0,8,0,0,0,0,1,1,5,2,64,9,1995,2,13,4,2,4
2018500803841,1,9,0,16,0,0,1,0,0,0,1,1,5,1,18,4,1910,2,12,5,3,5
2018500803846,1,9,0,18,0,0,0,0,0,0,1,1,5,1,59,9,998,1,4,7,3,7
2018500803847,1,9,0,18,0,1,1,0,0,0,1,1,6,1,81,11,1598,1,17,4,2,4
2018500803847,2,9,0,4,0,1,0,0,0,0,2,1,6,1,55,8,998,1,2,4,2,4
2018500803851,1,9,0,18,0,0,0,0,2,3,1,1,5,2,62,9,1149,1,14,3,3,3
2018500803856,1,1,0,18,0,2,0,0,2,0,1,1,6,1,27,6,-1,-1,-1,9,1,9
2018500803856,2,9,0,18,0,2,0,0,0,0,0,1,6,3,-1,-1,-1,-1,-1,-1,-1,-1
2018500803868,1,9,0,18,0,0,0,0,0,0,1,1,1,2,53,8,1560,2,-1,4,3,4
2018500803868,2,9,0,18,0,0,1,0,0,0,1,1,5,2,68,10,1360,1,15,3,2,3
2018500803873,1,21,0,13,0,0,0,0,0,0,4,1,1,1,60,9,10518,2,3,4,1,4
2018500803873,2,17,4,18,0,0,0,0,0,0,3,1,6,3,-1,-1,-1,-1,-1,-1,-1,-1
2018500803873,3,9,0,13,0,0,0,0,0,0,3,1,6,2,73,10,1395,1,4,6,3,6
2018500803891,1,9,0,18,0,1,0,0,0,0,1,1,6,1,55,8,-1,-1,-1,9,2,9
2018500803891,2,9,0,3,0,1,0,0,0,0,2,1,6,2,20,4,1242,1,17,8,2,8
2018500803929,1,9,0,4,0,0,0,0,0,0,2,1,6,1,56,9,1560,2,3,6,1,6
2018500803929,2,9,0,4,0,0,0,0,0,0,1,1,6,2,49,8,1199,1,14,8,1,8
2018500803929,3,9,0,4,0,0,0,0,0,0,1,1,6,1,44,7,-1,-1,-1,4,1,4
2018500803929,4,5,0,4,0,0,0,0,0,0,1,1,6,1,38,7,598,1,19,5,1,5
2018500803964,1,9,0,9,0,0,0,10,1,0,4,1,6,2,100,11,1590,1,18,9,1,9
2018500803965,1,9,0,18,0,0,2,0,0,0,1,1,6,1,21,5,1396,1,13,4,3,4
2018500803969,1,8,0,5,0,2,0,0,0,0,1,1,1,1,54,8,2499,2,7,6,1,6
2018500803970,1,9,0,18,0,0,1,0,2,0,4,1,5,1,22,5,1149,1,15,9,3,9
2018500803971,1,5,0,18,0,2,0,0,0,0,1,1,6,3,-1,-1,599,1,21,-1,-1,-1
2018500803971,2,9,0,18,0,2,0,0,0,0,1,1,5,1,74,10,1598,2,8,9,1,9
2018500803972,1,9,0,7,0,6,0,0,0,0,3,1,1,1,68,10,2402,2,11,6,3,6
2018500803972,2,3,0,18,0,1,0,0,0,0,1,1,1,1,29,6,125,1,7,1,1,1
2018500803976,1,9,0,18,0,4,0,0,0,0,1,1,6,2,49,8,2179,2,7,5,3,5
2018500803976,2,1,0,18,0,4,0,0,0,0,1,1,6,1,60,9,-1,-1,-1,8,1,8
2018500803988,1,9,0,17,0,1,1,0,0,0,4,1,1,2,20,4,1398,1,2,5,2,5
2018500803993,1,9,0,4,0,0,0,0,0,0,1,1,2,1,40,7,1348,1,16,7,1,7
2018500803993,2,9,0,3,0,0,0,0,0,0,2,1,2,2,29,6,1461,2,3,3,1,3
2018500803996,1,9,0,7,0,1,0,0,0,0,4,1,6,1,21,5,2967,2,1,6,1,6
2018500803996,2,5,0,18,0,1,0,0,0,0,4,1,2,1,27,6,749,1,2,5,1,5
2018500803999,1,19,0,5,0,1,0,0,0,0,1,1,6,3,70,10,1560,2,7,7,1,7
2018500803999,2,9,0,3,0,1,0,0,0,0,2,1,5,2,71,10,1598,1,17,8,3,8
2018500804015,1,9,0,9,0,6,0,0,0,0,1,1,5,2,29,6,1229,1,13,2,1,2
2018500804015,2,5,0,18,0,8,0,0,0,0,1,1,5,1,52,8,599,1,12,5,1,5
2018500804025,1,9,0,18,0,1,0,0,0,0,1,1,6,3,-1,-1,-1,-1,-1,-1,-1,-1
2018500804140,1,9,0,9,0,8,0,0,0,0,1,1,5,2,67,10,1968,2,10,6,2,6
2018500804140,2,9,0,18,0,8,0,0,0,0,1,1,5,2,70,10,1299,1,10,4,1,4
2018500804144,1,19,0,9,0,8,0,0,0,0,1,1,6,1,32,6,2402,2,18,4,1,4
2018500804144,2,9,0,9,0,8,0,0,0,0,1,1,5,1,45,7,1968,2,11,2,1,2
2018500804144,3,9,0,9,0,5,0,0,0,0,0,1,1,1,-1,-1,1968,2,-1,4,1,4
2018500804147,1,21,0,14,0,0,0,0,0,0,0,1,1,1,54,8,6370,2,7,7,1,7
2018500804147,2,11,0,2,0,0,0,0,0,0,0,1,1,1,58,9,9600,2,18,3,1,3
2018500804147,3,9,0,18,0,0,0,0,0,0,2,1,6,2,41,7,2191,2,4,4,1,4
2018500804147,4,9,0,18,0,0,0,0,0,0,1,1,6,1,25,5,1896,2,16,3,1,3
2018500804150,1,9,0,18,0,0,0,0,0,0,4,1,1,1,61,9,1968,2,2,3,1,3
2018500804150,2,9,0,18,0,0,0,0,0,0,4,1,6,1,36,7,1499,1,-1,8,1,8
2018500804157,1,9,0,16,0,0,0,0,0,0,3,1,6,2,37,7,1598,1,12,7,3,7
2018500804170,1,9,0,9,0,0,0,0,0,0,3,1,6,1,32,6,1590,1,14,4,3,4
2018500804170,2,9,0,18,0,0,0,0,0,0,1,1,5,2,64,9,1560,2,7,6,3,6
2018500804174,1,9,0,9,0,0,0,0,0,0,1,1,5,2,57,9,1461,2,6,7,3,7
2018500804174,2,2,0,18,0,0,0,0,0,0,1,1,5,1,16,4,49,1,6,3,1,3
2018500804177,1,9,0,18,0,0,0,4,0,0,1,1,6,1,44,7,1242,1,14,5,1,5
2018500804177,2,9,0,2,0,0,0,0,0,0,2,1,6,1,-1,-1,1389,1,18,2,1,2
2018500804177,3,9,0,2,0,0,0,0,0,0,4,1,6,1,-1,-1,1398,2,16,2,1,2
2018500804177,4,9,0,18,0,0,0,0,0,0,4,1,6,2,40,7,1988,1,16,2,1,2
2018500804177,5,9,0,18,0,0,0,0,0,0,3,1,6,1,25,5,1896,2,16,3,1,3
2018500804193,1,9,0,5,0,5,0,0,0,0,1,1,6,3,-1,-1,1582,2,-1,-1,-1,-1
2018500804193,2,9,0,18,0,8,0,0,0,0,1,1,5,2,62,9,1896,2,11,4,1,4
2018500804344,1,9,0,18,0,0,2,0,0,0,3,1,6,1,33,6,1360,1,15,4,1,4
2018500804345,1,9,4,18,0,0,0,0,0,0,1,1,1,1,32,6,-1,-1,-1,3,3,3
2018500804345,2,9,0,3,0,0,0,0,0,0,2,1,6,2,41,7,1596,1,6,4,2,4
2018500804345,3,9,0,3,0,0,0,0,0,0,2,1,6,2,54,8,1560,2,10,4,2,4
2018500804348,1,9,0,18,0,0,0,0,0,0,2,1,6,2,40,7,1997,2,14,1,1,1
2018500804348,2,9,0,18,0,0,0,0,0,0,1,1,6,1,23,5,-1,-1,-1,3,3,3
2018500804357,1,9,0,1,0,0,0,0,0,0,2,1,6,3,-1,-1,-1,-1,-1,-1,-1,-1
2018500804359,1,19,0,5,0,1,0,0,0,0,0,1,5,1,68,10,1560,2,8,8,2,8
2018500804359,2,9,0,5,0,1,0,0,0,0,4,1,5,2,19,4,1598,2,4,8,2,8
2018500804370,1,9,0,17,0,0,0,0,1,0,2,1,6,1,25,5,1896,2,11,5,3,5
2018500804371,1,9,0,9,0,6,0,0,0,0,3,1,5,1,36,7,1587,1,13,3,1,3
2018500804371,2,9,0,18,0,1,0,0,0,0,1,1,5,1,24,5,1968,2,6,8,2,8
2018500804388,1,9,0,16,0,0,0,0,0,0,1,1,5,1,90,11,999,1,2,5,3,5
2018500804388,2,19,0,5,0,0,0,0,0,0,3,1,6,1,-1,-1,2400,2,15,-1,-1,-1
2018500804395,1,9,0,18,0,3,0,0,0,0,4,1,6,2,53,8,1242,1,13,4,3,4
2018500804395,2,5,0,18,0,3,0,0,0,0,3,1,6,1,65,9,847,1,3,2,1,2
2018500804405,1,9,0,9,0,5,0,0,0,0,4,1,2,1,47,8,1598,2,3,1,1,1
2018500804405,2,9,0,18,0,1,0,0,0,0,1,1,2,1,48,8,1395,1,1,3,1,3
2018500804504,1,9,0,12,0,1,1,0,0,0,1,1,6,2,22,5,1968,2,6,2,1,2
2018500804504,2,9,0,3,0,1,0,0,0,0,2,1,6,2,24,5,998,1,1,2,1,2
2018500804563,1,3,0,4,0,8,1,0,0,0,1,1,2,1,18,4,125,1,6,1,1,1
2018500804563,2,9,0,4,0,8,0,0,0,0,3,1,2,1,20,4,1388,1,14,2,1,2
2018500804569,1,9,0,17,0,8,0,0,2,10,1,1,5,2,90,11,1968,2,10,5,3,5
2018500804569,2,9,0,18,0,1,0,0,8,0,1,1,5,1,45,7,1598,1,5,3,3,3
2018500804573,1,9,0,18,0,1,0,0,0,0,1,1,5,1,82,11,998,1,10,4,3,4
2018500804573,2,21,1,9,0,6,0,0,0,0,2,1,1,1,58,9,9200,2,11,3,3,3
2018500804582,1,9,0,17,0,5,1,0,2,11,1,1,5,2,18,4,1598,1,16,8,1,8
2018500804900,1,16,0,18,0,0,0,0,0,0,0,1,5,2,64,9,-1,-1,-1,4,3,4
2018500804901,1,9,0,18,0,0,0,0,0,0,1,1,6,2,31,6,1598,1,13,6,-1,6
2018500804902,1,9,0,1,0,0,0,0,0,0,2,1,5,2,56,9,1398,2,12,5,3,5
2018500804905,1,9,0,1,0,2,0,0,0,0,2,1,1,1,21,5,-1,-1,-1,-1,2,-1
2018500804907,1,9,0,6,0,0,0,0,0,0,3,1,5,1,49,8,1997,2,14,2,1,2
2018500804907,2,1,0,18,0,0,0,0,0,0,4,1,2,1,50,8,-1,-1,-1,6,-1,6
2018500804909,1,9,0,18,0,0,0,0,0,0,0,1,6,2,64,9,1997,2,11,7,3,7
2018500804909,2,16,0,18,0,0,0,0,0,0,0,1,6,2,39,7,-1,-1,-1,7,3,7
2018500804918,1,9,0,3,0,0,0,0,0,0,2,1,2,2,21,5,1388,1,16,4,3,4
2018500804918,2,9,0,4,0,0,1,0,0,0,1,1,2,2,38,7,1398,2,9,4,3,4
2018500804922,1,9,0,17,0,0,2,0,7,0,1,1,5,2,49,8,1997,2,18,4,3,4
2018500804953,1,9,0,18,0,0,0,0,0,0,1,1,6,3,-1,-1,-1,-1,-1,-1,-1,-1
2018500804953,2,9,0,4,0,0,1,0,0,0,2,1,2,2,33,6,1390,1,9,4,3,4
2018500805007,1,9,0,18,0,1,0,0,0,0,3,1,6,2,22,5,2000,1,12,6,2,6
2018500805007,2,9,0,11,0,1,0,0,0,0,3,1,6,2,27,6,1995,2,12,5,1,5
2018500805048,1,1,0,3,0,0,0,0,0,0,2,1,5,2,21,5,-1,-1,-1,8,-1,8
2018500805048,2,9,0,5,0,0,0,0,0,0,1,1,6,1,76,11,-1,-1,-1,5,2,5
2018500805089,1,9,0,18,0,0,0,0,0,0,1,1,6,2,59,9,1997,2,7,4,3,4
2018500805089,2,9,0,18,0,0,0,0,0,0,3,1,6,2,31,6,1598,1,10,6,3,6
2018500805127,1,9,0,5,0,0,0,0,0,0,1,1,5,1,43,7,1969,2,2,6,3,6
2018500805127,2,1,0,18,0,0,0,0,0,0,1,1,6,1,74,10,-1,-1,-1,8,1,8
2018500805133,1,9,0,18,0,0,0,0,0,0,4,1,5,2,74,10,-1,-1,-1,4,3,4
2018500805133,2,9,0,2,0,0,0,0,0,0,3,1,5,1,69,10,1461,2,1,5,2,5
2018500805419,1,9,0,18,0,8,0,0,3,1,1,1,5,1,30,6,1388,1,15,4,1,4
2018500805419,2,9,0,5,0,8,0,0,3,1,4,1,5,1,20,4,1598,2,1,5,1,5
2018500805423,1,9,0,18,0,0,0,0,0,0,4,1,5,2,70,10,1197,1,2,7,1,7
2018500805424,1,9,0,18,0,1,0,0,0,0,1,1,5,2,71,10,1749,1,13,3,1,3
2018500805426,1,9,0,18,0,0,0,0,8,11,1,1,5,3,-1,-1,2979,1,17,-1,-1,-1
2018500805426,2,9,0,18,0,0,0,0,0,0,1,1,5,2,31,6,2000,2,14,8,1,8
2018500805433,1,9,0,9,0,8,0,0,0,0,1,1,6,1,32,6,1398,2,14,5,1,5
2018500805433,2,9,0,7,0,8,0,0,0,0,1,1,5,2,28,6,1560,2,4,8,1,8
2018500805434,1,9,0,9,0,1,0,0,0,0,1,1,6,2,42,7,1198,1,10,8,1,8
2018500805434,2,9,0,18,0,1,0,0,0,0,1,1,6,1,40,7,1596,1,12,4,-1,4
2018500805445,1,9,0,18,0,0,0,0,0,0,1,1,1,1,52,8,1753,2,7,1,1,1
2018500805445,2,17,0,18,0,0,0,0,0,0,2,1,1,1,43,7,4400,2,3,6,1,6
2018500805457,1,9,0,9,0,8,0,0,0,0,2,1,5,1,52,8,1389,1,17,-1,-1,-1
2018500805457,2,9,0,18,0,8,0,0,0,0,1,1,3,2,49,8,1587,1,11,5,1,5
2018500805462,1,9,0,7,0,2,0,0,0,0,0,1,3,2,61,9,1685,2,-1,4,3,4
2018500805603,1,9,0,9,0,8,1,0,0,0,1,1,5,2,21,5,1360,1,11,5,3,5
2018500805614,1,9,0,18,0,0,0,0,0,0,4,1,6,3,-1,-1,-1,-1,-1,-1,-1,-1
2018500805630,1,9,0,9,0,1,0,0,0,0,3,1,6,3,-1,-1,-1,-1,-1,-1,-1,-1
2018500805630,2,5,0,18,0,1,0,10,0,0,1,1,5,1,55,8,1170,1,11,8,2,8
2018500805655,1,9,0,9,0,8,0,0,0,0,4,1,1,3,-1,-1,-1,-1,-1,-1,-1,-1
2018500805655,2,2,0,18,0,1,0,0,0,0,1,1,5,1,16,4,50,1,-1,3,1,3
2018500805793,1,9,0,9,0,1,0,0,0,0,4,1,5,1,54,8,2782,1,19,5,3,5
2018500805793,2,9,0,18,0,1,0,0,0,0,1,1,5,1,24,5,998,1,7,5,3,5
2018500805793,3,19,0,3,0,1,0,0,0,0,3,1,1,1,35,6,2198,2,5,4,3,4
2018500805817,1,9,0,18,0,0,0,0,0,0,4,1,5,1,23,5,-1,-1,-1,6,2,6
2018500805817,2,9,0,2,0,0,0,0,0,0,4,1,5,1,57,9,1968,2,11,6,2,6
2018500805817,3,9,0,2,0,0,0,0,0,0,3,1,5,1,30,6,1984,1,5,6,2,6
2018500805826,1,21,1,15,0,0,0,0,0,0,0,1,1,1,54,8,12777,2,5,6,1,6
2018500805826,2,1,0,18,0,0,0,0,0,0,4,1,5,1,68,10,-1,-1,-1,8,1,8
2018500805836,1,9,0,18,0,0,0,0,0,0,1,1,2,2,29,6,1598,1,15,5,1,5
2018500805836,2,9,0,18,0,0,0,0,0,0,1,1,2,1,55,8,-1,-1,-1,2,1,2
2018500805836,3,9,0,18,0,0,0,0,0,0,2,1,2,2,32,6,1598,1,4,6,2,6
2018500805836,4,9,0,18,0,0,0,0,0,0,0,1,6,2,29,6,1997,2,7,8,1,8
2018500805872,1,9,0,17,0,0,0,0,0,0,1,1,5,1,26,6,1796,1,15,6,1,6
2018500806083,1,9,0,10,0,1,0,0,0,0,1,1,5,2,88,11,1339,1,6,4,1,4
2018500806083,2,5,0,18,0,1,0,0,0,0,1,1,5,1,29,6,800,1,7,3,3,3
2018500806084,1,9,0,18,0,0,0,0,8,11,1,1,6,1,57,9,-1,-1,-1,4,3,4
2018500806092,1,9,0,18,0,0,0,4,0,0,1,1,6,2,34,6,1461,2,1,1,1,1
2018500806092,2,9,0,2,0,0,0,0,0,0,3,1,6,2,30,6,1995,2,10,9,1,9
2018500806094,1,9,0,18,0,0,0,0,0,0,1,1,5,2,51,8,1390,1,17,2,3,2
2018500806102,1,9,0,5,0,6,0,0,0,0,3,1,6,1,53,8,1587,1,15,5,1,5
2018500806102,2,3,0,18,0,8,0,0,0,0,1,1,6,1,45,7,125,1,7,9,3,9
2018500806106,1,9,0,13,0,0,0,0,0,0,4,1,6,2,62,9,1242,1,11,7,1,7
2018500806106,2,9,0,18,0,0,0,0,0,0,3,1,6,2,34,6,1339,1,13,6,2,6
2018500806109,1,19,4,16,0,0,3,0,0,0,1,1,5,1,51,8,2402,2,7,3,1,3
2018500806109,2,9,0,17,0,0,0,0,0,0,3,1,5,2,35,6,1998,1,1,10,1,10
2018500806114,1,9,0,18,0,0,1,0,0,0,1,1,6,1,41,7,1388,1,13,1,1,1
2018500806114,2,9,0,4,0,0,0,0,0,0,2,1,6,1,45,7,1796,1,23,1,1,1
2018500806114,3,9,0,18,0,0,0,0,0,0,0,1,1,2,-1,-1,2400,2,5,4,1,4
2018500806142,1,9,0,8,0,1,0,0,0,0,1,1,5,2,83,11,1896,2,11,4,1,4
2018500806142,2,9,0,18,0,1,0,0,0,0,4,1,5,2,38,7,1968,2,5,9,1,9
2018500806146,1,9,0,18,0,0,1,0,2,0,1,1,6,2,54,8,1461,2,8,9,3,9
2018500806147,1,9,0,18,0,0,0,0,0,0,1,1,5,1,31,6,1995,2,13,1,1,1
2018500806147,2,9,0,18,0,0,0,0,0,0,1,1,5,1,40,7,1390,1,11,-1,-1,-1
2018500806158,1,9,0,16,0,1,0,0,7,11,1,1,6,1,24,5,1398,2,12,1,1,1
2018500806164,1,9,0,9,0,6,0,0,0,0,3,1,6,1,60,9,999,1,17,5,1,5