Accident_Index,Vehicle_Reference,Vehicle_Type,Towing_and_Articulation,Vehicle_Manoeuvre,Vehicle_Location-Restricted_Lane,Junction_Location,Skidding_and_Overturning,Hit_Object_in_Carriageway,Vehicle_Leaving_Carriageway,Hit_Object_off_Carriageway,1st_Point_of_Impact,Was_Vehicle_Left_Hand_Drive?,Journey_Purpose_of_Driver,Sex_of_Driver,Age_of_Driver,Age_Band_of_Driver,Engine_Capacity_(CC),Propulsion_Code,Age_of_Vehicle,Driver_IMD_Decile,Driver_Home_Area_Type,Vehicle_IMD_Decile
2018500806164,2,3,0,4,0,1,0,0,0,0,1,1,6,1,28,6,108,1,3,5,1,5
2018500806176,1,3,0,17,0,0,1,0,0,0,2,1,6,1,41,7,124,1,7,4,1,4
2018500806176,2,9,0,17,0,0,0,0,0,0,1,1,6,1,55,8,1598,1,12,5,1,5
2018500806183,1,19,0,2,0,1,0,0,0,0,0,1,6,1,30,6,2198,2,5,5,2,5
2018500806183,2,19,0,18,0,1,0,0,0,0,1,1,6,2,22,5,-1,-1,-1,8,1,8
2018500806200,1,9,0,18,0,0,0,0,0,0,1,1,6,3,-1,-1,-1,-1,-1,-1,-1,-1
2018500806200,2,3,0,18,0,0,0,0,1,0,1,1,5,1,18,4,124,1,3,-1,-1,-1
2018500806206,1,9,0,18,0,0,0,0,0,0,1,1,6,2,-1,-1,998,1,1,2,1,2
2018500806206,2,2,0,17,0,0,0,0,0,0,1,1,6,1,31,6,600,1,17,5,1,5
2018500806226,1,1,0,18,0,0,0,0,0,0,1,1,6,1,45,7,-1,-1,-1,3,1,3
2018500806226,2,9,0,2,0,0,0,0,0,0,0,1,6,2,22,5,1360,1,11,3,1,3
2018500806240,1,9,0,17,0,0,1,0,0,0,1,1,5,1,18,4,3000,2,9,4,1,4
2018500806240,2,9,0,16,0,0,0,0,0,0,1,1,5,1,56,9,1560,2,5,10,1,10
2018500806306,1,9,0,17,0,0,5,0,0,0,1,1,5,1,16,4,1124,1,18,8,3,8
2018500806329,1,9,0,18,0,1,0,0,0,0,2,1,6,1,43,7,1596,1,16,6,3,6
2018500806329,2,5,0,3,0,1,2,0,0,0,1,1,6,1,30,6,998,1,16,10,3,10
2018500806331,1,9,0,16,0,0,2,0,0,0,3,1,5,1,21,5,1798,1,22,6,2,6
2018500806336,1,19,0,18,0,1,0,4,0,0,1,1,5,1,54,8,2148,2,10,2,1,2
2018500806336,2,9,0,2,0,1,0,0,0,0,3,1,6,2,-1,-1,1199,1,15,2,1,2
2018500806336,3,9,0,2,0,1,0,0,0,0,3,1,6,1,-1,-1,1910,2,13,2,1,2
2018500806339,1,9,0,16,0,0,0,0,0,0,3,1,6,2,18,4,1199,1,15,6,1,6
2018500806339,2,9,0,17,0,0,0,0,0,0,3,1,6,2,40,7,1753,2,12,2,1,2
2018500806344,1,9,0,18,0,0,0,0,0,0,1,1,1,2,29,6,1395,1,1,5,3,5
2018500806346,1,9,0,15,0,1,2,0,0,0,1,1,6,1,34,6,1587,1,14,6,1,6
2018500806346,2,9,0,4,0,1,0,0,0,0,1,1,6,1,46,8,998,1,4,6,1,6
2018500806384,1,9,0,7,0,1,0,0,1,4,1,1,6,2,45,7,1198,1,6,7,3,7
2018500806384,2,9,0,18,0,1,0,0,0,0,1,1,6,2,33,6,1598,1,6,5,1,5
2018500806392,1,9,0,7,0,2,0,7,4,1,1,1,6,1,18,4,1388,1,11,1,1,1
2018500806393,1,9,0,18,0,0,5,0,0,0,0,1,5,1,23,5,1364,1,13,3,2,3
2018500806398,1,9,0,18,0,1,0,0,0,0,1,1,5,1,31,6,1686,2,12,3,1,3
2018500806398,2,9,0,3,0,2,0,0,0,0,2,1,5,1,51,8,1986,2,11,1,1,1
2018500806408,1,9,0,16,0,8,2,0,0,0,4,1,5,1,30,6,1388,1,14,2,1,2
2018500806427,1,19,0,18,0,8,0,0,7,10,1,1,1,1,68,10,2198,2,2,5,3,5
2018500806427,2,9,0,2,0,8,0,0,0,0,3,1,5,2,58,9,1461,2,13,5,3,5
2018500806473,1,9,0,9,0,8,0,0,0,0,1,1,2,2,53,8,1461,2,8,2,1,2
2018500806473,2,9,0,18,0,8,0,0,0,0,1,1,2,2,69,10,1296,1,12,3,1,3
2018500806527,1,9,0,9,0,6,0,0,0,0,3,1,5,1,75,10,1197,1,-1,8,3,8
2018500806527,2,17,0,18,0,8,0,0,0,0,1,1,1,1,18,4,6056,2,-1,7,3,7
2018500806531,1,9,0,18,0,0,1,0,0,0,1,1,2,1,23,5,1968,2,4,7,1,7
2018500806531,2,3,0,3,0,0,0,0,0,0,2,1,2,2,39,7,125,1,4,1,1,1
2018500806531,3,9,0,3,0,0,0,0,0,0,2,1,2,2,46,8,1910,2,8,6,1,6
2018500806534,1,10,0,18,0,8,0,0,0,0,1,1,5,1,27,6,2198,2,-1,3,1,3
2018500806534,2,9,0,10,0,8,0,0,0,0,2,1,5,1,59,9,1997,2,10,4,3,4
2018500806544,1,9,0,18,0,8,0,0,0,0,3,1,5,1,62,9,1896,2,11,2,1,2
2018500806550,1,9,0,18,0,0,0,0,0,0,1,1,5,1,82,11,1998,1,17,10,1,10
2018500806558,1,9,0,3,0,1,0,0,7,0,1,1,5,2,55,8,1398,2,10,4,2,4
2018500806558,2,9,0,18,0,8,0,0,0,0,1,1,5,1,74,10,1984,1,2,3,2,3
2018500806565,1,9,0,18,0,0,0,11,0,0,1,1,6,2,63,9,1968,2,2,7,3,7
2018500806567,1,9,0,18,0,1,0,0,0,0,1,1,3,1,45,7,1995,2,1,9,1,9
2018500806570,1,9,0,18,0,0,0,0,0,0,1,1,6,1,38,7,-1,-1,-1,2,1,2
2018500806570,2,9,0,18,0,0,0,1,7,0,1,1,6,2,18,4,999,1,1,1,1,1
2018500806570,3,9,0,2,7,0,0,0,0,0,3,1,6,2,55,8,1868,2,16,3,3,3
2018500806570,4,9,0,2,7,0,0,0,0,0,4,1,6,1,55,8,1582,2,2,4,3,4
2018500806575,1,9,0,3,0,0,0,0,0,0,2,1,6,2,55,8,1240,1,12,7,2,7
2018500806575,2,9,0,18,0,0,0,0,0,0,1,1,6,1,29,6,1781,1,13,4,1,4
2018500806576,1,9,0,18,0,0,0,0,0,0,1,1,6,3,-1,-1,-1,-1,-1,-1,-1,-1
2018500806583,1,9,0,17,0,1,0,0,0,0,4,1,5,2,19,4,1299,1,16,8,1,8
2018500806591,1,9,0,16,0,0,0,0,0,0,1,1,5,1,33,6,1895,1,17,5,1,5
2018500806591,2,19,0,17,0,0,0,0,0,0,1,1,1,1,45,7,1399,2,7,4,1,4
2018500806613,1,9,0,18,0,8,0,0,0,0,1,1,5,1,73,10,1086,1,13,4,3,4
2018500806635,1,9,0,11,0,0,0,0,7,7,1,1,5,2,84,11,1598,1,11,8,2,8
2018500806650,1,9,0,5,0,6,0,0,0,0,1,1,6,2,76,11,-1,-1,-1,6,3,6
2018500806650,2,9,0,18,0,1,0,0,0,0,1,1,6,1,77,11,1686,2,9,6,3,6
2018500806695,1,9,0,9,0,8,0,0,0,0,1,1,5,2,57,9,1995,2,10,3,1,3
2018500806704,1,9,0,18,0,1,0,0,0,0,1,1,6,1,37,7,1598,1,18,3,1,3
2018500806704,2,9,0,18,0,8,1,0,0,0,4,1,6,1,24,5,1984,1,13,5,1,5
2018500806713,1,9,0,9,0,8,0,0,0,0,1,1,2,1,56,9,1995,2,5,1,1,1
2018500806777,1,9,0,3,0,0,0,0,0,0,2,1,2,1,32,6,-1,-1,-1,2,1,2
2018500806777,2,9,0,4,0,0,0,0,0,0,1,1,5,2,52,8,1390,1,21,1,1,1
2018500806780,1,9,0,18,0,1,0,0,0,0,1,1,5,2,26,6,1397,1,16,2,1,2
2018500806780,2,9,0,8,0,1,0,0,0,0,1,1,5,2,77,11,998,1,17,4,3,4
2018500806780,3,9,0,3,0,1,0,0,0,0,1,1,5,2,67,10,998,1,16,6,1,6
2018500806781,1,9,0,9,0,5,0,0,0,0,2,1,5,1,60,9,-1,-1,-1,4,3,4
2018500806781,2,9,0,18,0,8,0,0,1,0,1,1,5,2,47,8,1560,2,8,3,3,3
2018500806781,3,9,0,18,0,8,0,0,1,0,1,1,5,1,53,8,2179,2,6,7,1,7
2018500806785,1,9,0,18,0,0,0,0,0,0,1,1,6,1,74,10,1560,2,8,5,3,5
2018500806785,2,17,0,2,0,0,0,0,0,0,2,1,6,1,23,5,4525,2,2,4,3,4
2018500806788,1,9,0,18,0,0,0,0,0,0,1,1,5,2,51,8,875,1,-1,7,3,7
2018500806788,2,9,0,9,0,0,0,0,0,0,3,1,5,1,62,9,2435,1,16,6,2,6
2018500806794,1,9,0,17,0,0,2,0,1,9,4,1,5,1,18,4,1595,1,14,2,2,2
2018500806795,1,9,0,16,0,0,5,0,8,4,1,1,5,1,18,4,1586,1,5,4,1,4
2018500806807,1,9,0,18,0,0,0,0,0,0,1,1,5,1,26,6,1360,1,14,2,1,2
2018500806812,1,9,0,5,0,4,0,0,0,0,3,1,2,1,31,6,1364,1,3,7,3,7
2018500806812,2,3,0,18,0,8,0,0,0,0,1,1,2,1,62,9,125,1,5,2,1,2
2018500806825,1,1,0,18,0,0,1,0,0,0,0,1,6,2,47,8,-1,-1,-1,9,3,9
2018500807224,1,9,0,18,0,0,2,0,1,10,4,1,5,1,25,5,1360,1,16,4,2,4
2018500807411,1,9,0,18,0,0,0,0,0,0,1,1,6,1,48,8,-1,-1,-1,2,2,2
2018500807411,2,1,0,18,0,0,0,0,0,0,2,1,6,1,68,10,-1,-1,-1,7,2,7
2018500807415,1,9,0,9,0,3,0,0,0,0,3,1,6,1,72,10,1200,1,-1,6,1,6
2018500807416,1,3,0,9,0,8,1,0,0,0,3,1,6,1,23,5,125,1,2,1,1,1
2018500807436,1,19,0,18,0,0,0,0,0,0,1,1,2,1,36,7,1598,2,1,5,2,5
2018500807436,2,9,0,18,0,0,0,0,0,0,2,1,2,2,48,8,1299,1,15,8,1,8
2018500807438,1,9,0,18,0,0,0,0,0,0,1,1,5,2,38,7,1896,2,16,4,2,4
2018500807441,1,9,0,9,0,6,0,0,0,0,4,1,6,2,30,6,1796,1,16,3,3,3
2018500807441,2,9,0,18,0,8,0,0,0,0,1,1,6,2,42,7,1560,2,8,2,1,2
2018500807445,1,19,0,1,0,0,0,0,0,0,2,1,6,1,25,5,2143,2,5,2,-1,2
2018500807448,1,9,0,18,0,0,0,0,0,0,1,1,6,1,22,5,1995,2,10,7,1,7
2018500807456,1,19,0,18,0,0,0,0,0,0,1,1,1,1,37,7,1560,2,5,3,1,3
2018500807461,1,9,0,9,0,1,0,0,0,0,1,1,5,1,21,5,-1,-1,-1,3,1,3
2018500807461,2,3,0,18,0,1,0,0,0,0,4,1,5,1,28,6,125,1,4,5,1,5
2018500807463,1,9,0,1,0,0,0,0,0,0,2,1,6,1,59,9,1560,2,4,1,1,1
2018500807463,2,9,0,2,0,0,0,0,0,0,1,1,6,1,45,7,1685,2,3,1,1,1
2018500807496,1,9,0,18,0,0,0,0,1,0,1,1,6,3,-1,-1,-1,-1,-1,-1,-1,-1
2018500807496,2,9,0,18,0,0,0,0,0,0,1,1,6,2,28,6,1493,2,9,8,3,8
2018500807498,1,9,0,18,0,0,1,2,0,0,1,1,5,2,72,10,1560,2,3,10,1,10
2018500807498,2,9,0,4,0,0,1,2,0,0,2,1,5,2,19,4,-1,-1,-1,4,2,4
2018500807498,3,9,0,4,0,0,0,2,0,0,2,1,1,1,65,9,2179,2,7,8,1,8
2018500807522,1,9,0,5,0,0,0,0,0,0,0,1,1,1,60,9,1598,2,6,4,1,4
2018500807540,1,9,0,16,0,1,0,0,5,2,1,1,6,1,18,4,1388,1,16,9,1,9
2018500807592,1,9,0,10,0,6,0,0,0,0,1,1,6,2,29,6,1995,2,11,7,2,7
2018500807717,1,9,0,18,0,0,0,7,0,0,1,1,6,1,67,10,1398,1,1,4,2,4
2018500807717,2,9,0,18,0,0,0,0,0,0,1,1,6,1,72,10,1968,2,6,4,3,4
2018500807725,1,4,0,18,0,0,0,0,0,0,1,1,5,1,29,6,500,1,22,5,1,5
2018500807725,2,9,0,3,0,0,0,0,0,0,2,1,5,2,25,5,1997,1,11,2,1,2
2018500807727,1,9,0,18,0,0,0,0,0,0,0,1,6,1,36,7,999,1,-1,6,1,6
2018500807727,2,9,0,18,0,0,0,0,0,0,1,1,6,1,20,4,1598,2,3,5,1,5
2018500807727,3,9,0,18,0,0,0,0,0,0,1,1,6,1,44,7,2497,1,11,1,1,1
2018500807727,4,9,0,18,0,0,0,0,0,0,1,1,6,2,28,6,998,1,1,8,1,8
2018500807727,5,9,0,18,0,0,0,0,0,0,1,1,6,2,23,5,1390,1,5,6,1,6
2018500807727,6,9,0,18,0,0,0,0,0,0,1,1,6,1,59,9,1956,2,7,8,1,8
2018500807733,1,8,0,18,0,8,0,0,0,0,1,1,1,1,41,7,1910,2,11,2,1,2
2018500807741,1,9,0,4,0,0,0,0,0,0,4,1,6,1,79,11,1197,1,1,2,1,2
2018500807754,1,9,0,16,0,0,5,0,0,0,1,1,5,2,25,5,1199,1,14,4,1,4
2018500807758,1,9,0,18,0,1,0,0,0,0,1,1,6,2,76,11,1248,1,5,9,2,9
2018500807758,2,9,0,10,0,1,0,0,0,0,2,1,6,2,36,7,996,1,5,9,2,9
2018500807759,1,9,0,9,0,1,0,0,0,0,1,1,6,1,48,8,1968,2,4,5,1,5
2018500807759,2,3,0,18,0,1,0,0,0,0,1,1,2,2,26,6,124,1,8,4,2,4
2018500807788,1,1,0,4,0,0,0,0,0,0,1,1,6,2,36,7,-1,-1,-1,2,1,2
2018500807788,2,9,0,3,0,0,0,0,0,0,1,1,6,1,37,7,1499,2,5,2,3,2
2018500807795,1,2,0,17,0,4,1,0,0,0,3,1,5,1,27,6,108,1,7,3,1,3
2018500807795,2,9,0,2,0,1,0,0,0,0,0,1,1,1,30,6,1598,2,3,4,1,4
2018500807832,1,9,0,18,0,8,0,0,0,0,1,1,5,1,20,4,1753,2,10,3,3,3
2018500807837,1,19,0,18,0,0,1,0,0,0,1,1,1,1,27,6,1753,2,12,5,1,5
2018500807950,1,19,0,18,0,0,2,0,0,0,1,1,1,1,31,6,1560,2,2,8,1,8
2018500807950,2,21,1,18,0,0,0,0,0,0,2,1,1,1,62,9,11967,2,5,10,1,10
2018500807980,1,9,0,17,0,1,1,0,0,0,1,1,5,1,88,11,1995,2,-1,5,2,5
2018500807980,2,9,0,10,0,5,0,0,0,0,2,1,5,2,54,8,1248,2,4,5,2,5
2018500808011,1,19,0,8,0,0,0,0,0,0,3,1,1,1,56,9,2143,2,8,4,2,4
2018500808011,2,9,0,7,0,0,0,0,0,0,1,1,1,2,23,5,875,1,7,6,2,6
2018500808029,1,9,0,9,0,5,0,0,0,0,1,1,5,2,21,5,1229,1,5,8,1,8
2018500808029,2,9,0,18,0,1,0,0,0,0,1,1,5,2,49,8,1461,2,3,3,1,3
2018500808092,1,9,0,9,0,5,0,0,0,0,1,1,6,2,31,6,1997,2,14,6,2,6
2018500808176,1,9,0,9,0,1,1,0,1,0,4,1,6,2,22,5,1560,2,3,6,1,6
2018500808201,1,9,0,18,0,8,0,0,0,0,1,1,5,1,53,8,1995,2,-1,7,1,7
2018500808201,2,9,0,9,0,1,0,0,0,0,4,1,5,2,85,11,1339,1,13,8,1,8
2018500808261,1,9,0,9,0,8,1,0,0,0,4,1,5,2,19,4,1397,1,11,6,1,6
2018500808261,2,9,0,18,0,8,1,0,0,0,1,1,5,2,20,4,1229,1,6,9,1,9
2018500808289,1,9,0,9,0,6,0,0,0,0,1,1,5,1,25,5,1997,2,17,2,1,2
2018500808289,2,9,0,18,0,5,0,0,0,0,1,1,5,2,47,8,1665,2,19,3,1,3
2018500808329,1,9,0,5,0,6,0,0,0,0,1,1,5,1,78,11,1598,2,5,8,3,8
2018500808329,2,1,0,18,0,1,0,0,0,0,1,1,5,1,48,8,-1,-1,-1,9,2,9
2018500808349,1,9,0,18,0,4,0,0,0,0,1,1,5,2,20,4,1299,1,11,7,3,7
2018500808349,2,9,0,9,0,8,0,0,0,0,4,1,5,2,50,8,1149,1,11,8,1,8
2018500808404,1,2,0,16,0,1,0,0,0,0,0,1,6,1,17,4,48,1,-1,7,2,7
2018500808411,1,9,0,18,0,2,0,0,0,0,2,1,1,2,50,8,1200,1,2,7,-1,7
2018500808411,2,9,0,18,0,1,5,0,7,0,1,1,2,1,17,4,999,1,17,5,2,5
2018500808439,1,9,0,18,0,0,0,0,0,0,1,1,6,2,44,7,1461,2,8,3,1,3
2018500808441,1,9,0,7,0,0,0,0,0,0,4,1,5,2,40,7,1598,1,8,7,1,7
2018500808447,1,19,0,18,0,0,0,0,0,0,1,1,1,1,31,6,2143,2,1,7,1,7
2018500808447,2,9,0,4,0,0,0,0,0,0,1,1,5,2,53,8,2993,2,-1,6,3,6
2018500808451,1,9,0,9,0,6,0,0,0,0,1,1,5,2,57,9,1461,2,11,4,3,4
2018500808451,2,5,0,18,0,1,0,0,7,0,4,1,6,1,28,6,750,1,8,7,2,7
2018500808479,1,98,0,16,0,0,1,0,0,0,4,1,2,1,30,6,-1,-1,-1,6,2,6
2018500808501,1,9,0,18,0,1,0,0,0,0,1,1,5,2,37,7,1994,1,14,3,1,3
2018500808509,1,9,0,18,0,0,0,0,0,0,1,1,5,1,54,8,2987,2,3,5,1,5
2018500808551,1,9,0,17,0,0,1,0,2,0,1,1,6,1,52,8,2996,1,11,3,1,3
2018500808570,1,9,0,16,0,0,2,0,1,0,1,1,1,2,28,6,1299,1,17,5,3,5
2018500808588,1,9,0,18,0,1,0,0,0,0,1,1,4,2,21,5,1398,2,8,4,1,4
2018500808746,1,9,0,18,0,4,0,0,0,0,1,1,6,1,87,11,1598,1,10,5,2,5
2018500808746,2,9,0,18,0,4,0,0,0,0,1,1,6,1,66,10,-1,-1,-1,6,3,6
2018500808755,1,9,0,18,0,0,1,0,4,6,1,1,6,2,29,6,1995,2,5,5,-1,5
2018500808759,1,9,0,4,0,1,0,0,0,0,2,1,5,1,33,6,1598,1,11,1,1,1
2018500808759,2,9,0,18,0,1,0,0,0,0,1,1,6,1,40,7,1461,2,3,6,2,6
2018500808762,1,9,0,17,0,0,2,0,0,0,1,1,1,1,41,7,1596,1,8,5,-1,5
2018500808782,1,3,0,4,0,0,0,0,0,0,1,1,2,1,21,5,125,1,1,4,2,4
2018500808782,2,9,0,4,0,0,0,0,0,0,2,1,5,1,33,6,1968,2,1,8,2,8
2018500808809,1,9,0,18,0,2,0,0,0,0,3,1,5,2,81,11,1400,1,19,7,3,7
2018500808809,2,19,0,18,0,1,0,0,0,0,0,1,1,1,35,6,1995,2,1,4,1,4
2018500809115,1,9,0,18,0,0,0,0,0,0,2,1,2,1,38,7,2198,1,17,8,1,8
2018500809115,2,3,0,18,0,0,2,0,0,0,1,1,2,1,22,5,125,1,13,5,1,5
2018500809115,3,9,0,18,0,0,0,0,0,0,1,1,2,1,24,5,1200,1,15,5,1,5
2018500809118,1,1,0,18,9,0,5,0,0,0,3,1,4,1,12,3,-1,-1,-1,4,1,4
2018500809118,2,9,0,18,0,0,0,0,0,0,4,1,3,2,36,7,-1,3,-1,9,1,9
2018500809119,1,9,0,14,0,1,0,0,0,0,1,1,1,1,60,9,998,1,2,10,-1,10
2018500809119,2,3,0,5,0,2,0,0,0,0,2,1,5,1,28,6,123,1,2,1,1,1
2018500809121,1,1,0,18,0,0,5,0,0,0,1,1,6,1,43,7,-1,-1,-1,9,2,9
2018500809127,1,5,0,8,0,8,0,0,0,0,3,1,2,1,54,8,1255,1,7,5,1,5
2018500809127,2,9,0,9,0,8,0,0,0,0,3,1,2,2,42,7,1499,2,3,7,1,7
2018500809128,1,3,0,18,0,2,1,0,0,0,0,1,6,1,49,8,125,1,-1,3,1,3
2018500809128,2,9,0,4,0,2,0,0,0,0,0,1,6,1,32,6,1598,1,11,7,1,7
2018500809132,1,9,0,18,0,8,0,0,1,2,1,1,6,1,32,6,1796,1,12,5,1,5
2018500809133,1,9,0,18,0,0,0,0,0,0,1,1,6,1,54,8,2497,1,12,1,1,1
2018500809134,1,9,0,9,0,6,0,0,0,0,1,1,6,1,70,10,1994,2,15,6,1,6
2018500809134,2,9,0,17,0,1,0,0,0,0,1,1,6,1,31,6,1998,2,12,7,1,7
2018500809135,1,20,2,17,0,0,5,0,0,0,4,1,1,1,37,7,12740,2,3,5,3,5
2018500809140,1,9,0,17,0,2,1,0,1,3,1,1,2,1,33,6,1461,2,5,3,1,3
2018500809141,1,19,0,1,0,2,0,0,0,0,0,1,5,1,41,7,1598,2,3,5,3,5
2018500809146,1,9,0,3,0,0,0,0,0,0,1,1,6,2,49,8,2143,2,4,1,1,1
2018500809146,2,20,0,1,0,0,0,0,0,0,2,1,1,1,-1,-1,4250,2,15,3,3,3
2018500809148,1,9,0,16,0,1,1,0,0,0,3,1,5,2,31,6,1988,1,14,5,1,5
2018500809148,2,98,0,9,0,6,0,0,0,0,2,1,1,1,73,10,-1,-1,-1,10,2,10
2018500809149,1,9,0,4,0,0,0,0,0,0,1,1,5,2,81,11,1299,1,10,5,2,5
2018500809149,2,9,0,3,0,0,0,0,0,0,4,1,5,1,48,8,998,1,5,4,2,4
2018500809166,1,3,0,17,0,0,1,0,0,0,1,1,1,1,18,4,125,1,4,7,1,7
2018500809166,2,9,0,17,0,0,0,0,0,0,2,1,5,1,46,8,2982,2,13,8,3,8
2018500809172,1,5,0,7,0,1,1,0,0,0,0,1,1,1,54,8,1199,1,17,1,1,1
2018500809396,1,9,0,18,0,0,0,0,0,0,2,1,6,2,29,6,1248,1,2,3,2,3
2018500809396,2,9,0,18,0,0,0,0,0,0,1,1,6,2,27,6,1997,2,7,6,2,6
2018500809397,1,9,0,4,0,0,0,0,0,0,2,1,5,2,27,6,1339,1,10,4,-1,4
2018500809397,2,9,0,18,0,0,1,0,0,0,1,1,5,1,50,8,1442,2,9,3,1,3
2018500809401,1,9,0,18,0,0,5,0,0,0,4,1,5,1,47,8,1951,2,16,6,1,6
2018500809401,2,9,0,2,0,0,0,0,0,0,4,1,5,1,68,10,2179,2,6,4,1,4
2018500809405,1,9,0,18,0,8,0,0,0,0,1,1,2,1,19,4,1390,1,12,1,1,1
2018500809405,2,9,0,9,0,4,0,0,0,0,3,1,3,2,27,6,998,1,4,1,1,1
2018500809407,1,9,0,18,0,1,0,0,0,0,4,1,1,2,47,8,-1,-1,-1,3,1,3
2018500809407,2,4,0,18,0,1,0,0,0,0,1,1,5,1,27,6,125,1,1,1,1,1
2018500809409,1,9,0,4,0,0,1,0,1,0,1,1,5,2,57,9,1240,1,14,4,1,4
2018500809411,1,9,0,18,0,0,2,0,2,10,1,1,5,1,70,10,1298,1,16,4,3,4
2018500809412,1,9,0,18,0,0,0,4,0,0,1,1,5,2,72,10,1995,2,4,7,3,7
2018500809412,2,9,0,2,0,0,0,4,0,0,3,1,6,2,34,6,1871,2,13,7,2,7
2018500809412,3,9,0,2,0,0,0,0,0,0,1,1,6,1,52,8,1597,2,2,7,2,7
2018500809419,1,9,0,18,0,0,0,0,0,0,1,1,6,1,38,7,1987,1,-1,10,1,10
2018500809419,2,9,0,18,0,0,0,0,0,0,1,1,6,1,22,5,-1,-1,-1,5,2,5
2018500809423,1,9,0,18,0,1,0,0,0,0,1,1,5,2,22,5,1496,2,-1,9,2,9
2018500809423,2,9,0,10,0,8,0,0,0,0,2,1,5,1,72,10,1242,1,12,3,1,3
2018500809438,1,9,0,16,0,0,1,0,0,0,1,1,5,1,22,5,1229,1,9,4,3,4
2018500809468,1,3,0,11,7,5,1,0,1,0,0,1,5,1,18,4,125,1,14,5,1,5
2018500809480,1,9,0,18,0,0,0,0,0,0,1,1,5,1,50,8,1461,2,10,5,3,5
2018500809480,2,9,0,18,0,0,0,0,0,0,1,1,5,1,50,8,-1,-1,-1,5,3,5
2018500809504,1,9,0,17,0,0,1,0,0,0,1,1,5,2,18,4,995,1,9,5,3,5
2018500809521,1,9,0,4,0,0,0,0,0,0,3,1,5,1,37,7,1199,1,14,6,2,6
2018500809728,1,9,0,17,0,0,1,0,0,0,1,1,1,1,46,8,1582,2,2,3,1,3
2018500809728,2,9,0,16,0,0,1,0,0,0,1,1,6,1,32,6,1124,1,14,4,1,4
2018500809729,1,19,0,18,0,0,0,0,0,0,1,1,6,1,26,6,1560,2,3,2,1,2
2018500809734,1,9,0,17,0,0,0,0,0,0,1,1,5,2,71,10,1587,1,15,3,1,3
2018500809735,1,9,0,18,0,8,0,0,0,0,4,1,5,1,73,10,1560,2,2,6,1,6
2018500809736,1,9,0,18,0,8,1,0,0,0,3,1,5,2,27,6,999,1,-1,1,1,1
2018500809736,2,21,1,7,0,8,0,0,0,0,1,1,1,1,64,9,12902,2,1,4,3,4
2018500809746,1,9,0,16,0,0,2,0,8,4,3,1,5,1,56,9,1598,1,6,3,1,3
2018500809747,1,3,0,18,0,6,0,0,0,0,4,1,2,1,51,8,988,1,16,4,1,4
2018500809754,1,9,0,9,0,5,0,0,0,0,0,1,6,2,32,6,-1,-1,-1,-1,-1,-1
2018500809754,2,9,0,8,0,6,0,0,0,0,1,1,6,1,47,8,1364,1,-1,2,1,2
2018500809754,3,1,0,16,0,1,0,0,0,0,1,1,6,2,52,8,-1,-1,-1,8,1,8
2018500809757,1,9,0,18,0,0,2,0,0,0,1,1,5,2,22,5,1388,1,9,2,1,2
2018500809760,1,9,0,3,0,0,0,0,0,0,1,1,6,2,63,9,1398,1,14,8,3,8
2018500809760,2,9,0,4,0,0,0,0,0,0,2,1,6,2,28,6,1242,1,8,4,2,4
2018500809765,1,9,0,5,0,1,0,0,0,0,1,1,2,1,43,7,1968,2,12,6,1,6
2018500809772,1,9,0,17,0,0,1,0,1,11,1,1,5,1,25,5,1796,1,13,7,2,7
2018500809774,1,9,0,13,0,0,0,0,0,0,4,1,6,3,-1,-1,-1,-1,-1,-1,-1,-1
2018500809774,2,5,0,18,0,0,0,0,0,0,3,1,6,1,54,8,675,1,9,3,2,3
2018500809785,1,9,0,17,0,3,1,0,1,11,1,1,2,2,40,7,1248,2,10,1,1,1
2018500809809,1,9,0,18,0,0,0,0,0,0,2,1,5,1,48,8,1598,2,4,10,3,10
2018500809809,2,9,0,18,0,0,0,0,0,0,1,1,5,2,28,6,1229,1,1,9,1,9
2018500810076,1,1,0,18,0,0,1,0,0,0,1,1,2,1,44,7,-1,-1,-1,7,3,7
2018500810090,1,19,0,18,0,0,0,0,0,0,3,1,5,1,52,8,1870,2,12,6,1,6
2018500810360,1,5,0,16,0,0,5,11,0,0,1,1,6,1,64,9,1157,1,19,1,1,1
2018500810387,1,9,0,18,0,0,0,0,0,0,1,1,6,1,43,7,1560,2,9,4,3,4
2018500810387,2,19,0,18,0,0,0,0,0,0,1,1,6,1,48,8,1995,2,-1,7,1,7
2018500810751,1,9,0,18,0,0,0,0,0,0,1,1,5,1,39,7,1390,1,17,5,2,5
2018500811085,1,9,0,18,0,0,0,0,0,0,0,1,1,2,46,8,-1,3,-1,8,1,8
2018500811085,2,9,0,18,0,0,0,0,0,0,0,1,6,3,-1,-1,-1,-1,-1,-1,-1,-1
2018500811547,1,9,0,13,0,0,0,0,0,0,1,1,5,1,41,7,1364,1,12,2,1,2
2018500811547,2,9,0,18,0,0,0,0,0,0,1,1,2,2,31,6,1997,1,2,4,1,4
2018500811577,1,3,0,18,0,8,0,0,7,10,1,1,6,3,-1,-1,450,1,10,-1,-1,-1