Accident_Index,Vehicle_Reference,Vehicle_Type,Towing_and_Articulation,Vehicle_Manoeuvre,Vehicle_Location-Restricted_Lane,Junction_Location,Skidding_and_Overturning,Hit_Object_in_Carriageway,Vehicle_Leaving_Carriageway,Hit_Object_off_Carriageway,1st_Point_of_Impact,Was_Vehicle_Left_Hand_Drive?,Journey_Purpose_of_Driver,Sex_of_Driver,Age_of_Driver,Age_Band_of_Driver,Engine_Capacity_(CC),Propulsion_Code,Age_of_Vehicle,Driver_IMD_Decile,Driver_Home_Area_Type,Vehicle_IMD_Decile
2018520801899,1,8,0,9,0,0,0,0,0,0,3,1,1,3,-1,-1,-1,-1,-1,-1,-1,-1
2018520801907,1,9,0,18,0,0,0,0,0,0,1,1,6,1,52,8,2184,2,13,4,1,4
2018520801907,2,9,0,18,0,0,0,0,0,0,1,1,6,2,53,8,1998,1,16,5,1,5
2018520801907,3,9,0,18,0,0,0,0,0,0,1,1,6,1,47,8,-1,-1,-1,8,1,8
2018520801908,1,9,0,9,0,0,0,0,0,0,4,1,6,1,22,5,1124,1,15,4,1,4
2018520801908,2,9,0,18,0,0,0,0,0,0,3,1,6,1,47,8,1596,1,15,6,1,6
2018520801915,1,9,0,18,0,0,0,0,6,0,1,1,6,2,46,8,1999,1,10,1,1,1
2018520801915,2,9,0,18,0,0,0,0,0,0,3,1,6,1,40,7,1994,1,14,5,1,5
2018520801915,3,9,0,18,0,0,0,0,0,0,1,1,6,2,53,8,2771,1,16,4,3,4
2018520801932,1,9,0,18,0,8,5,11,1,0,1,1,6,2,27,6,1896,2,12,3,1,3
2018520801939,1,9,0,18,0,1,0,0,0,0,1,1,6,1,18,4,1149,1,8,5,2,5
2018520801939,2,9,0,9,0,1,0,0,0,0,3,1,6,2,57,9,1596,1,12,6,1,6
2018520801944,1,9,0,18,0,1,0,0,0,0,3,1,1,1,38,7,2199,1,24,9,2,9
2018520801944,2,9,0,18,0,1,0,0,0,0,1,1,6,2,65,9,1795,1,16,9,1,9
2018520801946,1,20,0,18,0,0,0,0,0,0,1,1,6,1,49,8,-1,-1,-1,6,1,6
2018520801946,2,9,0,18,0,0,0,0,0,6,2,1,6,2,56,9,998,1,2,10,3,10
2018520801947,1,9,0,16,0,0,0,0,0,0,4,1,6,1,53,8,2179,2,10,6,3,6
2018520801947,2,17,5,17,0,0,0,0,0,0,1,1,6,1,50,8,6788,2,3,7,3,7
2018520801952,1,9,0,18,0,0,0,0,7,2,1,1,6,2,17,4,1198,1,13,7,3,7
2018520801957,1,5,0,18,0,2,0,0,0,0,1,1,6,1,20,4,487,1,16,1,1,1
2018520801957,2,9,0,9,0,2,0,0,0,0,3,1,6,1,56,9,1598,2,2,8,2,8
2018520801958,1,9,0,18,0,0,0,0,0,0,4,1,6,1,81,11,1794,1,15,7,3,7
2018520801981,1,19,0,17,0,2,0,0,0,0,4,1,1,1,34,6,2198,2,4,5,2,5
2018520801981,2,21,1,16,0,1,0,0,0,0,3,1,1,1,36,7,12740,2,2,4,1,4
2018520801991,1,9,0,17,0,0,0,0,0,0,1,1,6,1,18,4,1390,1,16,-1,-1,-1
2018520801993,1,9,0,7,0,8,0,0,0,0,1,1,6,1,30,6,1956,2,6,4,1,4
2018520801993,2,1,0,18,0,8,0,0,0,0,1,1,6,1,55,8,-1,-1,-1,7,3,7
2018520802008,1,9,0,18,0,3,0,0,0,0,1,1,6,1,42,7,2000,1,22,3,1,3
2018520802008,2,9,0,18,0,3,0,0,0,0,2,1,6,1,-1,-1,1896,2,13,-1,-1,-1
2018520802016,1,9,0,9,0,8,0,0,0,0,2,1,6,2,59,9,1332,1,19,7,3,7
2018520802016,2,9,0,9,0,8,0,0,0,0,1,1,6,1,40,7,1995,2,11,7,3,7
2018520802040,1,9,0,3,0,7,0,0,0,0,2,1,6,2,68,10,1984,1,11,9,3,9
2018520802040,2,9,0,3,0,7,0,0,0,0,2,1,6,1,66,10,1798,8,4,6,2,6
2018520802040,3,11,0,4,0,7,0,0,0,0,1,1,1,1,43,7,11967,2,13,6,2,6
2018520802049,1,9,0,18,0,0,5,4,0,0,1,1,6,2,21,5,1461,2,13,5,1,5
2018520802049,2,9,0,2,0,0,0,4,0,0,2,1,6,3,-1,-1,2148,2,15,-1,-1,-1
2018520802049,3,9,0,2,0,0,0,0,0,0,2,1,6,3,-1,-1,1197,1,6,-1,-1,-1
2018520802068,1,9,0,18,0,1,0,0,0,0,4,1,6,3,-1,-1,-1,-1,-1,-1,-1,-1
2018520802073,1,17,0,9,0,1,0,0,0,0,1,1,6,1,30,6,-1,2,6,5,3,5
2018520802073,2,9,0,18,0,1,0,0,0,0,1,1,6,1,73,10,1998,1,14,7,3,7
2018520802088,1,9,0,4,0,2,0,0,0,0,2,1,6,2,66,10,1240,1,14,8,3,8
2018520802088,2,9,0,18,0,2,0,0,0,0,1,1,6,1,36,7,1686,2,13,8,3,8
2018520802131,1,9,0,17,0,0,0,0,0,0,3,1,6,1,66,10,1797,8,7,8,2,8
2018520802131,2,9,0,16,0,0,0,0,0,0,3,1,6,2,25,5,1910,2,10,6,2,6
2018520802147,1,9,0,3,0,1,0,0,0,0,1,1,6,2,31,6,1560,2,11,1,1,1
2018520802147,2,9,0,1,0,1,0,0,0,0,2,1,6,1,31,6,1598,1,11,5,1,5
2018520802164,1,1,0,18,0,0,0,0,1,0,3,1,6,1,18,4,-1,-1,-1,6,1,6
2018520802164,2,9,0,18,0,0,0,0,0,0,3,1,6,1,25,5,1461,2,8,5,2,5
2018520802194,1,9,0,18,0,0,0,0,0,0,3,1,6,1,24,5,999,1,5,10,1,10
2018520802194,2,20,0,18,0,0,0,0,0,0,3,1,6,3,-1,-1,-1,-1,-1,-1,-1,-1
2018520802206,1,9,0,18,0,8,0,0,0,0,1,1,6,1,46,8,1199,1,14,8,1,8
2018520802206,2,1,0,18,0,8,0,0,0,0,1,1,6,1,31,6,-1,-1,-1,6,1,6
2018520802208,1,9,0,18,0,0,1,0,1,10,1,1,6,1,33,6,1999,1,15,4,2,4
2018520802305,1,9,0,18,0,0,0,0,0,0,4,1,6,2,38,7,1598,1,18,4,2,4
2018520802328,1,9,0,18,0,0,0,0,0,0,4,1,6,3,-1,-1,-1,-1,-1,-1,-1,-1
2018520802337,1,8,0,1,0,0,0,0,0,0,2,1,1,1,50,8,1995,2,15,-1,-1,-1
2018520802341,1,1,0,18,0,1,0,0,0,0,1,1,6,2,12,3,-1,-1,-1,3,1,3
2018520802341,2,9,0,7,0,6,0,0,0,0,1,1,6,1,27,6,1248,2,4,8,1,8
2018520802345,1,90,0,18,0,1,2,0,0,0,0,1,2,1,55,8,-1,-1,-1,5,2,5
2018520802345,2,9,0,1,0,1,0,0,0,0,0,1,6,3,-1,-1,-1,-1,-1,-1,-1,-1
2018520802377,1,3,0,18,0,0,0,0,0,0,3,1,6,1,26,6,125,1,2,8,2,8
2018520802403,1,90,0,18,0,8,0,0,0,0,1,1,6,2,44,7,2143,2,8,9,2,9
2018520802403,2,9,0,9,0,8,0,0,0,0,3,1,6,1,39,7,1199,1,18,3,1,3
2018520802421,1,9,0,9,0,8,0,0,0,0,1,1,6,2,62,9,1998,1,14,6,1,6
2018520802421,2,5,0,18,0,8,0,0,0,0,1,1,6,1,63,9,903,1,4,5,1,5
2018520802430,1,9,0,8,0,1,0,0,0,0,2,1,6,2,74,10,998,1,11,5,1,5
2018520802430,2,9,0,3,0,1,0,0,0,0,1,1,6,2,33,6,2268,2,6,-1,-1,-1
2018520802443,1,9,0,13,0,0,0,0,0,0,1,1,6,1,37,7,2204,2,10,7,1,7
2018520802443,2,9,0,18,0,0,0,0,0,0,1,1,6,1,38,7,-1,-1,-1,9,1,9
2018520802443,3,9,0,18,0,0,0,0,0,0,0,1,6,2,52,8,1399,2,7,5,3,5
2018520802446,1,9,0,9,0,8,0,0,0,0,1,1,6,1,49,8,1499,2,3,8,1,8
2018520802446,2,3,0,9,0,8,0,0,0,0,1,1,6,1,18,4,125,1,2,2,1,2
2018520802469,1,9,0,18,0,0,0,0,0,0,1,1,6,1,33,6,-1,-1,-1,1,1,1
2018520802469,2,9,0,18,0,0,0,0,0,0,1,1,6,1,85,11,999,1,8,5,3,5
2018520802477,1,9,0,18,0,8,0,0,0,0,1,1,6,1,37,7,-1,-1,-1,9,2,9
2018520802477,2,9,0,18,0,8,0,0,0,0,1,1,6,2,64,9,1795,1,16,9,1,9
2018520802494,1,9,0,18,0,8,0,0,0,0,1,1,6,1,43,7,1197,1,1,10,3,10
2018520802494,2,9,0,18,0,8,0,0,0,0,1,1,6,2,59,9,1586,1,5,5,3,5
2018520802494,3,5,0,18,0,8,0,0,0,0,1,1,6,1,55,8,1690,1,6,8,1,8
2018520802520,1,8,0,1,0,1,0,0,0,0,2,1,6,1,-1,-1,-1,-1,-1,-1,-1,-1
2018520802520,2,9,0,18,0,2,0,0,0,0,1,1,6,3,-1,-1,-1,-1,-1,-1,-1,-1
2018520802541,1,9,0,16,0,0,0,0,0,0,1,1,6,2,47,8,2148,2,14,8,3,8
2018520802541,2,21,0,17,0,0,0,0,0,0,1,1,6,1,45,7,9186,2,5,7,3,7
2018520802542,1,9,0,3,0,0,0,0,0,0,2,1,6,1,55,8,1598,2,2,8,1,8
2018520802542,2,9,0,3,0,0,0,0,0,0,1,1,6,1,31,6,1968,2,8,6,1,6
2018520802542,3,9,0,18,0,0,0,0,0,0,1,1,6,1,41,7,1399,2,13,2,1,2
2018520802548,1,9,0,9,0,8,0,0,0,0,1,1,6,1,42,7,1397,1,8,8,1,8
2018520802555,1,1,0,16,0,0,0,0,0,0,3,1,6,1,57,9,-1,-1,-1,8,3,8
2018520802555,2,9,0,17,0,0,0,0,0,0,3,1,6,1,30,6,-1,-1,-1,-1,-1,-1
2018520802562,1,9,0,18,0,2,0,0,0,0,4,1,6,2,35,6,-1,-1,-1,-1,-1,-1
2018520802565,1,9,0,18,0,0,0,0,0,0,1,1,6,1,72,10,1329,1,6,4,1,4
2018520802576,1,9,0,9,0,8,0,0,0,0,0,1,6,2,34,6,998,1,5,8,1,8
2018520802576,2,9,0,9,0,2,0,0,0,0,1,1,6,1,70,10,1398,1,18,-1,-1,-1
2018520802582,1,9,0,17,0,3,0,0,0,0,4,1,6,2,26,6,2993,2,1,6,1,6
2018520802582,2,17,0,17,0,3,0,0,0,0,3,1,6,1,52,8,-1,-1,-1,8,1,8
2018520802596,1,9,0,18,0,0,0,0,0,0,1,1,6,1,58,9,2400,2,1,1,1,1
2018520802596,2,9,0,18,0,0,0,0,0,0,1,1,6,1,29,6,1796,1,18,3,1,3
2018520802611,1,19,0,4,0,0,0,0,0,0,4,1,1,1,64,9,2198,2,4,6,1,6
2018520802612,1,21,1,18,0,0,0,0,0,0,1,1,1,1,60,9,11967,2,7,6,1,6
2018520802614,1,9,0,18,0,1,0,0,0,0,1,1,6,1,19,4,1242,1,10,6,3,6
2018520802614,2,9,0,3,0,4,0,0,0,0,2,1,6,2,58,9,2400,2,7,6,3,6
2018520802618,1,9,0,18,0,8,0,0,0,0,1,1,6,1,59,9,1560,2,13,9,2,9
2018520802618,2,9,0,9,0,6,0,0,0,0,3,1,6,1,43,7,1870,2,15,2,1,2
2018520802628,1,5,0,14,0,8,0,0,0,0,4,1,6,1,34,6,1255,1,2,6,1,6
2018520802628,2,1,0,9,0,5,0,0,0,0,1,1,6,1,28,6,-1,-1,-1,5,1,5
2018520802629,1,9,0,18,0,8,0,0,0,0,1,1,6,1,18,4,998,1,4,7,3,7
2018520802629,2,1,0,18,0,4,0,0,0,0,3,1,6,1,68,10,-1,-1,-1,7,1,7
2018520802634,1,9,0,3,0,0,0,0,0,0,2,1,6,1,47,8,1998,2,10,9,1,9
2018520802634,2,9,0,3,0,0,0,0,0,0,2,1,6,1,26,6,1598,2,5,6,1,6
2018520802634,3,9,0,18,0,0,0,0,0,0,1,1,6,2,18,4,1248,2,11,1,1,1
2018520802636,1,19,0,18,0,8,0,0,0,0,3,1,6,3,-1,-1,-1,-1,-1,-1,-1,-1
2018520802642,1,21,1,4,0,1,0,0,0,0,4,1,1,2,58,9,12419,2,7,4,3,4
2018520802642,2,9,0,5,0,4,0,0,3,9,3,1,6,1,80,11,1349,1,10,2,1,2
2018520802645,1,9,0,9,0,8,0,0,0,0,3,1,6,1,30,6,1796,1,7,8,1,8
2018520802645,2,10,0,7,0,8,0,0,0,0,3,1,6,1,40,7,-1,-1,-1,8,2,8
2018520802652,1,9,0,9,0,5,0,0,0,0,1,1,6,1,48,8,1910,2,11,5,1,5
2018520802677,1,9,0,4,0,0,0,0,0,0,1,1,6,1,72,10,998,1,3,2,1,2
2018520802677,2,9,0,13,0,0,0,0,0,0,3,1,6,2,59,9,1398,2,8,5,2,5
2018520802683,1,9,0,18,0,8,0,0,0,0,0,1,6,2,-1,-1,-1,-1,-1,-1,-1,-1
2018520802683,2,1,0,18,0,1,0,0,0,0,0,1,6,1,18,4,-1,-1,-1,8,3,8
2018520802723,1,9,0,16,0,0,1,0,1,0,4,1,6,1,21,5,1396,1,19,4,1,4
2018520802723,2,9,0,16,0,0,0,0,1,10,4,1,6,1,25,5,-1,-1,-1,8,1,8
2018520802742,1,9,0,18,0,0,0,0,0,0,2,1,6,1,26,6,1598,2,1,1,1,1
2018520802742,2,9,0,18,0,0,0,0,0,0,1,1,6,3,-1,-1,-1,-1,-1,-1,-1,-1
2018520802744,1,9,0,3,0,0,0,0,0,0,2,1,6,1,48,8,1997,2,13,5,2,5
2018520802744,2,9,0,3,0,0,0,0,0,0,1,1,6,1,40,7,1596,1,9,6,1,6
2018520802788,1,9,0,7,0,8,0,0,0,0,1,1,6,1,33,6,1198,1,6,6,1,6
2018520802788,2,9,0,18,0,8,0,0,0,0,2,1,6,2,31,6,1595,1,9,6,1,6
2018520802821,1,9,0,18,0,8,0,0,0,0,1,1,6,1,25,5,1390,1,6,9,3,9
2018520802821,2,9,5,9,0,8,0,0,0,0,1,1,6,2,61,9,1560,2,11,7,3,7
2018520802823,1,9,0,18,0,8,0,0,0,0,1,1,6,1,29,6,1586,1,1,4,3,4
2018520802823,2,9,0,9,0,8,0,0,1,10,2,1,6,2,55,8,1242,1,7,6,3,6
2018520802828,1,1,0,18,0,0,0,0,0,0,0,1,6,1,43,7,-1,-1,-1,7,2,7
2018520802828,2,9,0,18,0,0,0,0,0,0,4,1,6,3,-1,-1,-1,-1,-1,-1,-1,-1
2018520802829,1,9,0,4,0,0,0,0,0,0,1,1,6,2,46,8,1248,2,12,5,1,5
2018520802829,2,9,0,3,0,0,0,0,0,0,2,1,6,1,66,10,1968,2,2,9,2,9
2018520802829,3,9,0,3,0,0,0,0,0,0,2,1,6,1,51,8,998,1,4,6,1,6
2018520802830,1,9,0,12,0,8,0,0,0,0,3,1,6,2,50,8,1984,1,8,10,1,10
2018520802830,2,9,0,12,0,8,0,0,0,0,4,1,6,2,20,4,998,1,7,5,2,5
2018520802835,1,9,0,18,0,0,0,0,0,0,1,1,6,1,22,5,1598,1,11,2,1,2
2018520802840,1,5,0,15,0,0,0,0,0,0,1,1,6,1,43,7,1157,1,22,4,3,4
2018520802840,2,9,0,18,0,0,0,0,0,0,1,1,6,1,68,10,2495,2,16,4,3,4
2018520802845,1,1,0,18,9,0,0,0,0,0,4,1,4,2,10,2,-1,-1,-1,8,1,8
2018520802845,2,9,0,5,9,0,0,0,0,0,1,1,6,3,-1,-1,1298,1,16,-1,-1,-1
2018520802850,1,5,0,13,0,0,0,0,0,0,1,1,6,1,56,9,899,1,16,4,3,4
2018520802850,2,19,0,18,0,0,1,0,1,9,4,1,6,1,32,6,1499,2,1,4,3,4
2018520802858,1,9,0,3,0,0,0,0,0,0,0,1,6,2,46,8,998,1,1,4,1,4
2018520802858,2,19,0,3,0,0,0,0,0,0,0,1,6,1,30,6,-1,-1,-1,-1,-1,-1
2018520802862,1,9,0,3,0,0,0,0,0,0,2,1,6,2,28,6,1598,2,7,8,3,8
2018520802862,2,9,0,18,0,0,0,0,0,0,1,1,6,2,25,5,-1,-1,-1,-1,-1,-1
2018520802875,1,1,0,18,0,0,0,0,0,0,3,1,6,2,50,8,-1,-1,-1,4,2,4
2018520802875,2,9,0,18,0,0,0,0,0,0,4,1,6,3,26,6,-1,-1,-1,-1,-1,-1
2018520802879,1,9,0,18,0,2,0,0,0,0,1,1,6,1,-1,-1,1596,1,7,5,1,5
2018520802880,1,9,0,18,0,8,0,0,0,0,2,1,6,2,28,6,3200,2,12,6,1,6
2018520802880,2,9,0,18,0,8,0,0,0,0,2,1,6,2,34,6,1560,2,7,8,1,8
2018520802880,3,9,0,18,0,8,0,0,0,0,1,1,6,2,28,6,1200,1,1,4,3,4
2018520802890,1,9,0,9,0,8,0,0,0,0,1,1,6,2,34,6,1796,1,14,6,3,6
2018520802907,1,9,0,17,0,0,0,0,7,10,1,1,6,1,20,4,1360,1,16,5,2,5
2018520802918,1,9,0,18,0,8,0,0,0,0,4,1,6,2,51,8,1596,1,11,10,1,10
2018520802918,2,9,0,8,0,6,0,0,0,0,1,1,6,2,45,7,-1,-1,-1,-1,-1,-1
2018520802937,1,9,0,3,0,8,0,0,0,0,2,1,6,2,38,7,1896,2,15,7,3,7
2018520802937,2,19,0,18,0,8,0,0,0,0,1,1,6,1,63,9,2198,2,5,10,1,10
2018520802939,1,9,0,18,0,8,0,0,1,0,1,1,6,1,49,8,1598,1,4,2,1,2
2018520802939,2,9,0,9,0,8,0,0,0,0,2,1,6,2,57,9,1461,2,8,9,1,9
2018520802972,1,9,0,18,0,8,0,0,0,0,1,1,6,1,51,8,-1,-1,-1,5,1,5
2018520802972,2,9,0,18,0,8,0,0,0,0,1,1,6,1,43,7,-1,-1,-1,3,1,3
2018520802982,1,9,0,16,0,0,0,0,7,4,1,1,6,1,33,6,2979,1,14,5,1,5
2018520802989,1,5,0,9,0,0,0,0,0,0,4,1,6,1,35,6,1170,1,3,7,1,7
2018520802989,2,5,0,18,0,0,0,0,0,0,0,1,1,1,55,8,1170,1,3,-1,-1,-1
2018520802989,3,9,0,18,0,0,0,0,0,0,3,1,6,1,32,6,-1,-1,-1,-1,-1,-1
2018520802993,1,9,0,18,0,0,0,0,0,0,1,1,6,2,70,10,1248,1,4,8,2,8
2018520802996,1,9,0,18,0,0,0,0,3,10,1,1,6,1,64,9,1798,8,2,-1,-1,-1
2018520802996,2,9,0,2,0,0,0,0,0,0,2,1,6,2,45,7,-1,-1,-1,-1,-1,-1
2018520802998,1,9,0,18,0,1,0,0,0,0,1,1,6,1,60,9,1395,1,-1,-1,-1,-1
2018520802998,2,9,0,18,0,1,0,0,0,0,1,1,6,2,46,8,1597,2,2,6,3,6
2018520803005,1,9,0,18,0,0,0,0,0,0,2,1,6,2,54,8,2497,2,11,6,3,6
2018520803005,2,9,0,18,0,0,0,0,0,0,1,1,6,1,28,6,1685,2,1,5,1,5
2018520803007,1,21,4,17,0,0,0,0,0,0,1,1,6,1,66,10,6693,2,4,5,1,5
2018520803007,2,21,4,18,0,0,0,0,0,0,1,1,6,1,58,9,12419,2,-1,3,1,3
2018520803008,1,9,0,1,0,0,0,4,0,0,1,1,6,3,30,6,2447,2,17,-1,-1,-1
2018520803008,2,9,0,2,0,0,0,0,0,0,2,1,6,1,30,6,-1,-1,-1,2,1,2
2018520803012,1,9,0,18,0,8,0,0,0,0,1,1,6,2,40,7,1999,1,13,3,1,3
2018520803012,2,9,5,18,0,8,0,0,0,0,1,1,6,2,19,4,1199,1,15,6,1,6
2018520803015,1,9,0,7,0,8,0,0,0,0,2,1,6,1,26,6,1995,2,1,10,1,10
2018520803015,2,9,0,18,0,8,0,0,0,0,1,1,6,1,38,7,-1,-1,-1,4,1,4
2018520803017,1,9,0,18,0,0,0,0,0,0,3,1,6,1,37,7,1598,2,5,5,2,5
2018520803017,2,9,0,18,0,0,0,0,1,0,3,1,6,1,51,8,-1,-1,-1,7,3,7
2018520803023,1,9,0,18,0,0,2,0,0,0,4,1,1,1,35,6,1587,1,17,5,1,5
2018520803024,1,8,0,5,0,8,0,0,0,0,3,1,1,1,52,8,1997,2,5,4,2,4
2018520803024,2,19,0,18,0,8,0,0,0,0,1,1,6,1,44,7,-1,-1,-1,-1,-1,-1
2018520803047,1,9,0,16,0,0,2,0,7,4,1,1,6,1,32,6,1598,1,12,4,3,4
2018520803058,1,5,0,18,0,0,1,0,0,0,0,1,6,1,44,7,749,1,19,3,1,3
2018520803102,1,9,0,18,0,1,0,0,0,0,1,1,6,1,36,7,998,1,4,9,2,9
2018520803103,1,5,0,18,0,0,0,0,0,0,1,1,6,1,48,8,899,1,16,9,1,9
2018520803103,2,9,0,18,0,0,0,0,0,0,2,1,6,1,20,4,1968,2,10,-1,-1,-1
2018520803116,1,9,0,4,0,1,0,0,0,0,3,1,6,1,37,7,2495,2,25,8,1,8
2018520803116,2,9,0,18,0,8,0,0,0,0,4,1,6,2,25,5,1399,2,16,3,1,3
2018520803129,1,9,0,18,0,0,0,0,0,0,1,1,6,2,17,4,1299,1,16,6,1,6
2018520803149,1,9,0,17,0,0,0,0,1,4,1,1,6,2,24,5,1598,1,14,6,3,6
2018520803150,1,9,0,18,0,0,1,0,1,9,1,1,6,1,58,9,-1,-1,-1,9,1,9
2018520803152,1,9,0,18,0,0,5,0,0,0,1,1,6,1,34,6,1997,2,16,-1,-1,-1
2018520803155,1,1,0,18,0,0,0,0,1,0,3,1,6,1,45,7,-1,-1,-1,4,1,4
2018520803155,2,9,0,15,0,0,0,0,0,0,4,1,6,3,-1,-1,2401,2,12,-1,-1,-1
2018520803162,1,1,0,17,0,8,0,0,0,0,0,1,6,1,25,5,-1,-1,-1,4,1,4
2018520803162,2,9,0,5,0,4,0,0,0,0,1,1,6,2,30,6,1598,1,9,-1,-1,-1
2018520803172,1,9,0,18,0,0,0,0,0,0,4,1,6,1,77,11,1968,2,2,7,3,7
2018520803172,2,1,0,18,0,0,0,0,0,0,3,1,6,1,52,8,-1,-1,-1,10,1,10
2018520803174,1,5,0,16,0,0,0,0,0,0,1,1,6,1,44,7,1198,1,6,3,1,3
2018520803174,2,21,1,17,0,0,0,0,0,0,1,1,6,1,34,6,5900,2,16,7,3,7
2018520803179,1,9,0,4,0,1,0,0,0,0,2,1,6,1,25,5,1461,2,3,2,1,2
2018520803179,2,9,0,18,0,1,0,0,0,0,1,1,6,1,46,8,-1,-1,-1,-1,2,-1
2018520803180,1,9,0,9,0,5,0,0,0,0,4,1,6,1,49,8,1598,1,10,4,1,4
2018520803180,2,9,0,18,0,8,0,0,0,0,1,1,6,2,35,6,1796,1,17,4,1,4
2018520803184,1,9,0,18,0,0,0,0,7,10,3,1,1,1,30,6,1968,2,5,3,1,3
2018520803184,2,9,0,18,0,0,0,0,0,0,0,1,6,3,-1,-1,-1,-1,-1,-1,-1,-1
2018520803187,1,9,0,18,0,0,0,0,1,0,1,1,6,1,44,7,-1,-1,-1,7,1,7
2018520803187,2,9,0,18,0,0,0,0,0,0,4,1,6,3,-1,-1,-1,-1,-1,-1,-1,-1
2018520803195,1,9,0,18,0,0,0,0,0,0,3,1,6,2,22,5,1598,1,5,8,1,8
2018520803195,2,9,0,18,0,0,0,0,0,0,3,1,1,3,30,6,-1,-1,-1,-1,-1,-1
2018520803202,1,9,0,3,0,1,0,0,0,0,2,1,3,2,38,7,1598,2,4,6,2,6
2018520803202,2,9,0,18,0,1,0,0,0,0,1,1,6,1,18,4,1242,1,8,-1,-1,-1
2018520803211,1,9,0,18,0,1,0,0,0,0,1,1,6,2,23,5,1596,1,23,6,1,6
2018520803217,1,9,0,18,0,0,0,0,0,0,4,1,6,3,-1,-1,-1,-1,-1,-1,-1,-1
2018520803218,1,9,0,2,0,0,0,0,0,0,2,1,6,1,70,10,1896,2,10,5,1,5
2018520803218,2,9,0,18,0,0,0,0,0,0,1,1,6,1,53,8,1968,2,6,2,1,2
2018520803219,1,9,0,18,0,8,0,0,0,0,1,1,6,1,27,6,1984,1,14,1,1,1
2018520803219,2,9,0,18,0,8,0,0,0,0,1,1,6,1,53,8,1588,1,14,4,2,4
2018520803219,3,9,0,10,0,8,0,0,0,0,1,1,6,2,27,6,1995,2,9,4,2,4
2018520803250,1,9,0,18,0,0,0,0,0,0,2,1,6,1,45,7,1995,2,1,6,1,6
2018520803250,2,9,0,18,0,0,0,0,0,0,0,1,6,2,-1,-1,1598,2,6,-1,-1,-1
2018520803272,1,9,0,16,0,1,0,0,0,0,1,1,6,2,17,4,1124,1,16,6,3,6
2018520803272,2,9,5,8,0,1,0,0,0,0,2,1,6,1,50,8,-1,-1,-1,6,3,6
2018520803279,1,2,0,18,0,8,0,0,0,0,3,1,6,1,55,8,49,1,18,8,3,8
2018520803279,2,9,0,13,0,8,0,0,0,0,4,1,6,3,-1,-1,-1,-1,-1,-1,-1,-1
2018520803283,1,5,0,18,0,0,0,0,0,0,1,1,6,1,44,7,-1,-1,-1,3,1,3
2018520803286,1,9,0,18,0,0,0,0,0,0,1,1,6,1,100,11,1390,1,9,8,1,8
2018520803289,1,9,0,4,0,1,1,0,0,0,1,1,3,2,26,6,1598,1,11,9,3,9
2018520803289,2,9,0,9,0,8,0,0,0,0,2,1,3,2,30,6,2000,2,8,-1,-1,-1
2018520803303,1,9,0,3,0,2,0,4,0,0,2,1,2,1,56,9,1461,2,1,7,3,7
2018520803303,2,9,0,18,0,2,0,4,0,0,1,1,6,1,62,9,1332,1,14,7,3,7
2018520803305,1,9,0,18,0,0,0,0,0,0,1,1,6,1,76,11,1896,2,10,10,2,10
2018520803305,2,9,0,18,0,0,0,0,0,0,1,1,6,2,37,7,973,1,17,6,3,6
2018520803306,1,9,0,4,0,0,0,0,0,0,3,1,6,1,64,9,1560,2,4,9,1,9
2018520803306,2,9,0,18,0,0,1,0,0,0,3,1,6,1,16,4,-1,-1,-1,6,3,6
2018520803309,1,9,0,13,0,0,1,0,0,0,3,1,6,1,22,5,1798,1,2,4,1,4
2018520803309,2,9,0,18,0,0,0,0,0,0,1,1,6,1,66,10,1968,2,6,10,1,10
2018520803323,1,9,0,1,0,0,0,0,0,0,2,1,6,1,78,11,1951,2,16,4,3,4
2018520803326,1,20,1,7,0,3,3,0,0,0,3,1,6,2,24,5,-1,-1,-1,4,1,4
2018520803326,2,21,5,18,0,4,0,0,0,0,1,1,1,1,40,7,-1,-1,-1,-1,-1,-1
2018520803339,1,9,0,11,0,0,0,0,0,0,0,1,6,1,65,9,1248,2,7,3,2,3
2018520803339,2,9,0,18,0,0,0,0,0,6,1,1,6,2,40,7,1968,2,12,1,1,1
2018520803346,1,3,0,9,0,8,0,0,0,0,1,1,6,1,26,6,124,1,2,1,1,1
2018520803346,2,9,0,18,0,8,0,0,0,0,1,1,6,1,41,7,-1,-1,-1,5,1,5
2018520803352,1,9,0,18,0,8,0,0,0,0,1,1,6,1,59,9,1560,2,13,6,3,6
2018520803352,2,9,0,18,0,8,0,0,0,0,1,1,6,1,71,10,2179,2,5,9,1,9
2018520803373,1,9,0,18,0,8,0,0,0,0,2,1,6,2,24,5,-1,-1,-1,4,1,4
2018520803373,2,9,0,18,0,4,0,0,0,0,1,1,6,1,69,10,2979,1,11,8,3,8
2018520803384,1,19,0,18,0,0,0,0,0,0,3,1,6,3,-1,-1,2198,2,4,-1,-1,-1
2018520803386,1,9,0,18,0,8,0,0,0,0,1,1,6,1,21,5,1496,1,3,3,1,3
2018520803386,2,9,0,7,0,8,0,0,0,0,1,1,6,1,40,7,2993,2,8,9,3,9
2018520803390,1,9,0,18,0,0,0,0,0,0,2,1,6,2,57,9,898,1,1,4,2,4