Accident_Index,Vehicle_Reference,Vehicle_Type,Towing_and_Articulation,Vehicle_Manoeuvre,Vehicle_Location-Restricted_Lane,Junction_Location,Skidding_and_Overturning,Hit_Object_in_Carriageway,Vehicle_Leaving_Carriageway,Hit_Object_off_Carriageway,1st_Point_of_Impact,Was_Vehicle_Left_Hand_Drive?,Journey_Purpose_of_Driver,Sex_of_Driver,Age_of_Driver,Age_Band_of_Driver,Engine_Capacity_(CC),Propulsion_Code,Age_of_Vehicle,Driver_IMD_Decile,Driver_Home_Area_Type,Vehicle_IMD_Decile
2018520803390,2,9,0,18,0,0,1,0,0,0,1,1,6,3,-1,-1,1299,1,16,-1,-1,-1
2018520803391,1,9,0,18,0,1,0,0,0,0,4,1,6,1,48,8,1560,2,-1,4,3,4
2018520803391,2,9,0,18,0,7,0,0,0,0,1,1,6,1,20,4,998,1,10,-1,-1,-1
2018520803402,1,9,0,18,0,0,0,0,0,0,1,1,6,1,28,6,-1,-1,-1,5,1,5
2018520803402,2,9,0,18,0,0,0,0,0,0,2,1,6,1,31,6,-1,-1,-1,4,3,4
2018520803428,1,9,0,16,0,0,0,0,0,0,1,1,6,1,93,11,1086,1,9,9,2,9
2018520803428,2,9,0,17,0,0,0,0,0,0,1,1,6,2,39,7,1461,2,9,3,1,3
2018520803437,1,9,0,5,0,5,0,0,0,0,3,1,6,2,63,9,1596,1,16,3,1,3
2018520803437,2,9,0,5,0,5,0,0,0,0,4,1,6,3,-1,-1,-1,-1,-1,-1,-1,-1
2018520803451,1,9,0,18,0,3,0,0,0,0,1,1,6,1,30,6,1229,1,6,-1,-1,-1
2018520803465,1,9,0,18,0,0,0,0,0,0,1,1,6,1,82,11,1598,2,8,6,3,6
2018520803466,1,9,0,18,0,0,0,0,0,0,1,1,6,1,28,6,998,1,4,7,2,7
2018520803466,2,9,0,18,0,0,0,0,0,0,1,1,6,1,32,6,1560,2,12,7,3,7
2018520803466,3,9,0,18,0,0,0,0,0,0,1,1,6,2,32,6,1197,1,7,7,3,7
2018520803466,4,9,0,18,0,0,0,0,0,0,1,1,6,1,45,7,1390,1,14,7,1,7
2018520803470,1,9,0,18,0,6,0,0,1,10,3,1,6,2,28,6,1461,2,4,7,3,7
2018520803470,2,5,0,18,0,8,0,0,0,0,1,1,6,1,65,9,1402,1,10,8,1,8
2018520803471,1,4,0,18,0,1,1,0,1,0,0,1,6,1,26,6,-1,-1,-1,9,2,9
2018520803471,2,9,0,9,0,1,0,0,0,0,0,1,6,3,-1,-1,-1,-1,-1,-1,-1,-1
2018520803494,1,9,0,18,0,0,1,0,1,4,1,1,6,2,27,6,1360,1,12,5,1,5
2018520803501,1,5,0,13,0,0,0,0,1,0,1,1,6,1,50,8,1050,1,8,7,1,7
2018520803518,1,5,0,16,0,0,1,0,7,0,1,1,6,1,47,8,-1,-1,-1,9,1,9
2018520803519,1,9,0,18,0,0,0,0,0,0,3,1,6,3,-1,-1,-1,-1,-1,-1,-1,-1
2018520803520,1,1,0,10,0,2,0,0,0,0,0,1,6,1,39,7,-1,-1,-1,9,3,9
2018520803520,2,9,0,12,0,2,0,0,0,0,0,1,6,1,70,10,1598,1,2,-1,-1,-1
2018520803527,1,9,0,18,0,1,0,0,0,0,3,1,6,2,47,8,1968,2,7,9,3,9
2018520803527,2,9,0,18,0,1,0,0,0,0,3,1,6,2,43,7,1364,1,12,8,2,8
2018520803531,1,9,0,18,0,8,0,0,0,0,1,1,6,1,22,5,1997,1,18,7,2,7
2018520803532,1,9,0,18,0,8,0,0,0,0,1,1,6,1,54,8,1596,1,4,8,2,8
2018520803532,2,9,0,18,0,8,0,0,0,0,1,1,6,1,41,7,-1,-1,-1,8,1,8
2018520803533,1,9,0,4,0,8,0,0,0,0,2,1,6,1,62,9,1596,1,21,4,1,4
2018520803533,2,9,0,18,0,8,0,0,0,0,1,1,6,2,25,5,1596,1,17,8,1,8
2018520803545,1,9,0,18,0,0,0,0,0,0,0,1,6,2,33,6,-1,-1,-1,3,1,3
2018520803545,2,9,0,18,0,0,0,0,0,0,1,1,6,3,-1,-1,-1,-1,-1,-1,-1,-1
2018520803555,1,9,0,18,0,0,0,0,0,0,1,1,6,2,21,5,1299,1,11,2,1,2
2018520803555,2,9,0,4,0,0,0,0,0,0,2,1,6,2,41,7,-1,-1,-1,4,3,4
2018520803557,1,5,0,18,0,0,0,0,0,0,1,1,6,1,42,7,1197,1,7,4,1,4
2018520803557,2,5,5,18,0,0,0,0,0,0,1,1,6,1,30,6,953,1,14,4,1,4
2018520803557,3,5,0,18,0,0,0,0,0,0,0,1,6,1,30,6,998,1,18,4,1,4
2018520803559,1,9,0,18,0,0,0,4,0,0,1,1,6,1,85,11,2179,2,4,4,1,4
2018520803559,2,9,0,2,0,0,0,0,0,0,2,1,6,1,45,7,2993,2,8,-1,-1,-1
2018520803568,1,9,0,17,0,8,0,0,0,0,0,1,6,1,44,7,-1,-1,-1,-1,-1,-1
2018520803568,2,1,0,17,0,8,0,0,0,0,1,1,6,1,16,4,-1,-1,-1,-1,-1,-1
2018520803586,1,9,0,18,0,0,0,0,0,0,1,1,6,1,33,6,1398,2,14,7,2,7
2018520803586,2,9,0,18,0,0,0,7,0,0,1,1,6,1,63,9,1988,2,13,2,1,2
2018520803586,3,9,0,18,0,0,0,11,0,0,1,1,6,1,32,6,1968,2,4,7,1,7
2018520803586,4,9,0,18,0,0,0,11,0,0,1,1,6,1,29,6,-1,-1,-1,3,1,3
2018520803586,5,19,0,18,0,0,0,0,0,0,0,1,6,3,-1,-1,-1,-1,-1,-1,-1,-1
2018520803586,6,9,0,18,0,0,0,0,0,0,0,1,6,3,-1,-1,-1,-1,-1,-1,-1,-1
2018520803588,1,9,0,9,0,1,0,0,0,0,1,1,6,1,25,5,-1,-1,-1,-1,-1,-1
2018520803624,1,9,0,9,0,1,0,0,0,0,3,1,6,1,18,4,1242,1,15,4,3,4
2018520803624,2,9,0,18,0,1,0,0,0,0,4,1,6,1,69,10,1560,2,7,6,1,6
2018520803627,1,9,0,4,0,0,0,0,0,0,2,1,6,1,58,9,1598,1,16,8,1,8
2018520803627,2,3,0,18,0,0,0,0,0,0,1,1,6,1,24,5,124,1,3,6,1,6
2018520803630,1,9,0,18,0,8,0,0,0,0,1,1,6,2,61,9,1368,1,3,4,1,4
2018520803630,2,9,0,9,0,8,0,0,0,0,3,1,6,1,79,11,3471,1,11,10,1,10
2018520803644,1,9,0,18,0,0,0,0,1,0,3,1,6,1,59,9,1968,2,11,9,2,9
2018520803644,2,17,5,18,0,0,0,0,0,0,4,1,6,3,50,8,-1,-1,-1,-1,-1,-1
2018520803674,1,1,0,18,0,8,0,0,0,0,1,1,6,1,47,8,-1,-1,-1,8,1,8
2018520803674,2,9,0,9,0,8,0,0,0,0,1,1,6,2,23,5,1968,2,10,2,1,2
2018520803681,1,9,0,18,0,0,0,0,0,0,2,1,6,1,70,10,-1,-1,-1,4,2,4
2018520803681,2,9,0,18,0,0,0,0,1,0,1,1,6,1,30,6,1796,2,4,2,1,2
2018520803698,1,9,0,10,0,8,0,0,0,0,2,1,6,2,20,4,1499,1,-1,10,1,10
2018520803698,2,19,0,18,0,1,0,0,0,0,1,1,6,1,45,7,2198,2,3,-1,-1,-1
2018520803707,1,11,0,18,0,0,0,0,0,0,1,1,1,3,-1,-1,-1,-1,-1,-1,-1,-1
2018520803730,1,9,0,18,0,4,0,0,0,0,1,1,6,1,71,10,1197,1,1,5,1,5
2018520803730,2,1,0,17,0,8,0,0,0,0,1,1,6,1,40,7,-1,-1,-1,1,1,1
2018520803738,1,9,0,18,0,0,0,0,4,6,1,1,6,1,18,4,1198,1,15,3,1,3
2018520803739,1,9,0,18,0,0,0,0,0,0,1,1,6,1,62,9,2401,2,14,5,3,5
2018520803744,1,9,0,18,0,0,0,0,0,0,1,1,6,1,22,5,1995,2,4,7,3,7
2018520803744,2,9,0,18,0,0,0,0,0,0,1,1,6,1,41,7,-1,-1,-1,2,1,2
2018520803744,3,9,0,18,0,0,0,0,0,0,1,1,6,2,62,9,1598,2,5,10,3,10
2018520803753,1,9,0,5,0,2,0,0,0,0,1,1,6,2,27,6,998,1,2,8,1,8
2018520803753,2,1,0,18,0,8,0,0,0,0,1,1,6,1,67,10,-1,-1,-1,-1,-1,-1
2018520803755,1,9,0,18,0,0,0,0,0,0,3,1,6,2,61,9,1596,1,18,6,1,6
2018520803755,2,8,0,18,0,0,0,0,0,0,3,1,6,3,-1,-1,-1,-1,-1,-1,-1,-1
2018520803759,1,9,0,7,0,6,0,4,0,0,1,1,6,2,78,11,-1,-1,-1,6,3,6
2018520803759,2,8,0,2,0,2,0,0,0,0,4,1,1,1,54,8,1399,1,2,-1,-1,-1
2018520803766,1,9,0,9,0,6,0,0,0,0,1,1,6,1,43,7,-1,-1,-1,9,3,9
2018520803766,2,9,0,5,0,6,0,0,0,0,1,1,6,1,30,6,-1,-1,-1,-1,-1,-1
2018520803776,1,9,0,7,0,2,0,0,0,0,1,1,6,1,71,10,1499,2,5,1,2,1
2018520803810,1,9,0,18,0,0,0,0,1,9,1,1,6,1,42,7,-1,-1,-1,9,1,9
2018520803816,1,21,0,5,0,0,0,0,0,0,0,1,1,1,55,8,12777,2,1,1,1,1
2018520803840,1,9,0,18,0,0,0,0,7,2,1,1,6,1,72,10,-1,-1,-1,9,2,9
2018520803847,1,9,0,7,9,6,0,0,0,0,1,1,6,1,52,8,1956,2,3,2,-1,2
2018520803847,2,1,0,18,9,1,0,0,0,0,1,1,6,2,69,10,-1,-1,-1,3,1,3
2018520803859,1,9,0,16,0,8,5,0,7,10,1,1,6,2,18,4,1596,1,14,5,3,5
2018520803863,1,9,0,5,0,0,0,0,0,0,2,1,6,2,45,7,1389,1,16,10,1,10
2018520803863,2,2,0,5,0,0,0,0,0,0,1,1,6,1,20,4,124,1,2,3,1,3
2018520803885,1,3,0,18,0,1,0,0,0,0,3,1,6,1,17,4,125,1,9,5,3,5
2018520803885,2,1,0,18,0,1,0,0,0,0,3,1,6,1,30,6,-1,-1,-1,-1,-1,-1
2018520803891,1,19,0,4,0,1,0,0,0,0,2,1,6,1,27,6,2143,2,3,9,1,9
2018520803891,2,9,0,18,0,1,0,0,0,0,1,1,6,2,34,6,1769,1,17,6,1,6
2018520803910,1,9,0,9,0,8,0,0,0,0,4,1,6,1,33,6,1197,1,2,6,1,6
2018520803910,2,9,0,10,0,8,0,0,0,0,3,1,6,2,65,9,1998,8,3,10,1,10
2018520803926,1,9,0,18,0,8,0,0,0,0,1,1,6,1,92,11,1368,1,12,6,3,6
2018520803926,2,9,0,18,0,8,0,0,0,0,1,1,6,1,57,9,1584,1,16,7,3,7
2018520803928,1,9,0,18,0,0,5,0,1,10,1,1,6,2,19,4,1598,1,16,6,1,6
2018520803929,1,9,0,18,0,8,0,0,0,0,3,1,6,1,49,8,1995,2,9,-1,1,-1
2018520803929,2,4,0,18,0,8,0,0,0,0,4,1,6,1,25,5,-1,-1,-1,6,2,6
2018520803932,1,9,0,18,0,6,0,0,1,4,1,1,6,2,42,7,1229,1,8,8,1,8
2018520803932,2,9,0,18,0,8,0,0,1,9,1,1,6,2,28,6,-1,-1,-1,10,1,10
2018520803934,1,9,0,2,0,0,0,0,0,0,1,1,6,1,44,7,-1,-1,-1,6,3,6
2018520803934,2,9,0,18,0,0,0,0,1,0,1,1,6,3,-1,-1,1397,1,15,-1,-1,-1
2018520803940,1,1,0,18,0,0,0,0,0,0,2,1,6,2,26,6,-1,-1,-1,3,1,3
2018520803940,2,19,0,18,0,0,0,0,0,0,2,1,6,3,-1,-1,-1,-1,-1,-1,-1,-1
2018520803942,1,9,0,7,9,5,0,0,0,0,4,1,6,2,22,5,998,1,6,3,1,3
2018520803942,2,9,0,18,0,2,0,0,0,0,1,1,6,2,26,6,2793,1,19,2,1,2
2018520803946,1,9,0,18,0,0,0,0,7,9,1,1,6,1,78,11,1461,2,3,5,1,5
2018520803949,1,9,0,3,0,2,0,0,0,0,1,1,6,1,30,6,-1,-1,-1,-1,-1,-1
2018520803949,2,9,0,3,0,2,0,0,0,0,2,1,6,1,64,9,1398,2,15,7,3,7
2018520803955,1,9,0,18,0,0,0,0,0,0,3,1,6,2,62,9,1996,1,16,5,2,5
2018520803955,2,17,4,18,0,0,0,0,1,10,3,1,1,1,29,6,-1,2,14,7,3,7
2018520803955,3,9,0,2,0,0,0,0,0,0,1,1,6,3,-1,-1,-1,-1,-1,-1,-1,-1
2018520803955,4,9,0,2,0,0,0,0,0,0,1,1,6,3,-1,-1,-1,-1,-1,-1,-1,-1
2018520803961,1,4,0,13,0,0,0,0,0,0,1,1,6,1,38,7,883,1,5,8,1,8
2018520803961,2,21,1,18,0,0,0,0,0,0,3,1,1,1,54,8,12740,2,2,4,1,4
2018520803964,1,9,0,18,0,1,0,0,0,0,1,1,6,1,24,5,-1,-1,-1,2,1,2
2018520803964,2,1,0,5,0,6,0,0,0,0,1,1,6,2,48,8,-1,-1,-1,-1,-1,-1
2018520803968,1,9,0,17,0,0,5,0,7,10,1,1,6,2,18,4,1124,1,14,5,3,5
2018520803969,1,4,0,14,0,1,0,0,0,0,4,1,6,1,34,6,1198,1,3,10,-1,10
2018520803969,2,9,0,9,0,1,0,0,0,0,3,1,6,1,28,6,1197,1,4,6,3,6
2018520803971,1,9,0,18,0,0,0,0,0,0,1,1,6,1,46,8,1956,2,3,-1,-1,-1
2018520803971,2,9,0,18,0,0,0,0,0,0,1,1,6,1,24,5,-1,-1,-1,4,2,4
2018520803972,1,3,0,4,0,0,0,0,0,0,4,1,6,1,17,4,125,1,2,4,1,4
2018520803972,2,9,0,4,0,0,0,0,0,0,2,1,6,1,30,6,1997,2,11,10,1,10
2018520803976,1,9,0,5,0,8,0,0,0,0,1,1,6,1,77,11,1598,1,8,8,2,8
2018520803976,2,9,0,18,0,8,0,0,0,0,3,1,6,1,41,7,1999,1,17,-1,-1,-1
2018520803976,3,9,0,3,0,1,0,0,0,0,1,1,6,2,65,9,1997,1,14,6,3,6
2018520803976,4,9,0,7,0,1,0,0,0,0,3,1,6,2,65,9,1497,1,12,6,3,6
2018520803981,1,9,0,5,0,8,0,0,0,0,3,1,6,1,76,11,2261,1,13,1,1,1
2018520803981,2,9,0,9,0,8,0,0,0,0,1,1,6,1,75,10,1595,1,1,5,1,5
2018520804007,1,9,0,17,0,0,5,0,1,9,1,1,6,1,18,4,-1,-1,-1,-1,-1,-1
2018520804010,1,9,0,4,0,2,0,0,0,0,4,1,6,2,35,6,2198,2,14,8,1,8
2018520804010,2,4,0,3,0,2,0,0,0,0,2,1,6,1,21,5,124,1,1,6,1,6
2018520804010,3,19,0,3,0,2,0,0,0,0,2,1,6,1,77,11,1686,2,13,5,3,5
2018520804010,4,9,0,18,0,2,0,0,0,0,1,1,6,2,72,10,1086,1,11,7,3,7
2018520804014,1,9,0,3,0,1,0,0,0,0,2,1,6,1,43,7,2926,2,17,7,1,7
2018520804014,2,9,0,18,0,1,0,0,0,0,1,1,6,1,30,6,1995,2,13,-1,-1,-1
2018520804034,1,9,0,2,0,0,0,0,0,0,0,1,6,2,40,7,-1,-1,-1,8,1,8
2018520804034,2,9,0,1,0,0,0,0,0,0,2,1,6,1,20,4,1124,1,13,-1,-1,-1
2018520804036,1,9,0,13,0,0,0,0,0,0,2,1,6,3,-1,-1,-1,-1,-1,-1,-1,-1
2018520804036,2,1,0,14,0,0,0,0,0,0,2,1,6,1,39,7,-1,-1,-1,5,2,5
2018520804039,1,21,0,18,0,0,0,0,0,0,4,1,6,3,-1,-1,-1,-1,-1,-1,-1,-1
2018520804042,1,9,0,9,0,2,0,0,0,0,3,1,6,2,30,6,1590,1,16,7,3,7
2018520804042,2,5,0,13,0,2,0,0,7,10,4,1,2,1,57,9,1215,1,-1,5,3,5
2018520804061,1,9,0,18,0,8,0,0,0,0,4,1,6,1,22,5,2479,1,16,5,2,5
2018520804061,2,9,0,18,0,8,0,0,0,0,1,1,1,1,36,7,-1,-1,-1,-1,3,-1
2018520804062,1,5,0,18,0,0,0,0,0,0,0,1,6,1,21,5,689,1,1,8,1,8
2018520804062,2,9,0,18,0,0,0,0,0,0,0,1,6,1,54,8,1598,1,3,4,2,4
2018520804065,1,1,0,18,0,1,0,0,0,0,2,1,6,2,29,6,-1,-1,-1,7,3,7
2018520804065,2,9,0,13,0,1,0,0,0,0,4,1,6,1,58,9,-1,-1,-1,9,2,9
2018520804069,1,1,0,18,0,1,0,0,0,0,1,1,6,2,36,7,-1,-1,-1,6,1,6
2018520804069,2,9,0,9,0,1,0,0,0,0,1,1,6,2,67,10,1200,1,2,10,1,10
2018520804109,1,9,0,2,0,0,0,0,0,0,3,1,6,2,41,7,1199,1,14,2,1,2
2018520804109,2,9,0,18,0,0,0,0,0,0,4,1,6,2,25,5,1242,1,3,2,1,2
2018520804116,1,9,0,5,0,0,0,0,0,0,1,1,6,2,21,5,1229,1,6,6,3,6
2018520804123,1,1,0,18,0,8,0,0,1,0,0,1,1,2,35,6,-1,-1,-1,-1,-1,-1
2018520804123,2,19,0,18,0,8,0,0,0,0,0,1,6,3,-1,-1,-1,-1,-1,-1,-1,-1
2018520804136,1,1,0,5,0,0,0,0,0,0,2,1,6,2,15,3,-1,-1,-1,7,3,7
2018520804136,2,9,0,5,0,0,0,0,0,0,1,1,6,3,-1,-1,1199,1,15,-1,-1,-1
2018520804158,1,9,0,9,0,8,0,0,0,0,1,1,6,1,41,7,-1,-1,-1,1,1,1
2018520804190,1,9,0,9,0,8,0,0,0,0,1,1,6,1,70,10,1399,1,2,7,1,7
2018520804190,2,5,0,18,0,8,0,0,0,0,1,1,6,1,59,9,-1,-1,-1,9,1,9
2018520804206,1,9,0,18,0,6,0,0,0,0,1,1,6,2,59,9,2495,2,23,5,2,5
2018520804222,1,9,0,9,0,8,0,0,0,0,1,1,6,1,20,4,1242,1,3,5,1,5
2018520804222,2,9,0,18,0,8,0,0,0,0,1,1,6,1,32,6,1598,1,10,1,1,1
2018520804222,3,9,0,18,0,8,0,0,0,0,1,1,6,1,19,4,1242,1,6,8,1,8
2018520804224,1,9,0,6,0,8,0,0,0,0,1,1,6,2,32,6,1339,1,13,4,1,4
2018520804224,2,5,0,18,0,8,0,0,0,0,1,1,6,1,56,9,1462,1,10,6,2,6
2018520804230,1,21,0,3,0,8,0,0,0,0,2,1,6,1,40,7,11000,2,18,7,3,7
2018520804230,2,9,0,3,0,8,0,0,0,0,2,1,6,1,37,7,2993,2,7,8,1,8
2018520804230,3,9,0,3,0,8,0,0,0,0,1,1,6,1,48,8,-1,-1,-1,9,1,9
2018520804230,4,9,0,18,0,8,0,0,0,0,1,1,6,1,44,7,-1,-1,-1,2,1,2
2018520804245,1,9,0,18,0,8,0,0,0,0,3,1,6,2,38,7,1968,2,13,10,1,10
2018520804245,2,9,0,18,0,8,0,0,0,0,1,1,6,2,45,7,1242,1,4,6,3,6
2018520804246,1,9,0,18,0,0,0,0,0,0,3,1,6,1,68,10,1240,1,13,4,3,4
2018520804246,2,9,0,18,0,0,0,0,0,0,3,1,6,3,-1,-1,-1,-1,-1,-1,-1,-1
2018520804249,1,9,0,9,0,0,0,0,0,0,1,1,6,2,75,10,1598,1,13,7,3,7
2018520804249,2,9,0,18,0,0,0,0,0,0,1,1,6,2,35,6,1995,2,2,7,3,7
2018520804249,3,9,0,18,0,0,0,0,0,0,1,1,6,1,59,9,-1,-1,-1,9,1,9
2018520804265,1,9,0,18,0,0,0,4,0,0,1,1,6,2,18,4,1229,1,14,4,1,4
2018520804265,2,9,0,2,0,0,0,0,0,0,2,1,6,1,46,8,1198,1,4,6,3,6
2018520804270,1,1,0,18,9,1,0,0,0,0,1,1,6,1,16,4,-1,-1,-1,6,3,6
2018520804270,2,9,0,5,0,6,0,0,0,0,1,1,6,1,49,8,1560,2,14,6,1,6
2018520804275,1,5,0,18,0,0,0,0,1,10,1,1,6,1,34,6,1000,1,3,7,1,7
2018520804275,2,9,0,18,0,0,0,0,0,0,1,1,6,1,79,11,1497,8,3,10,1,10
2018520804277,1,9,0,18,0,0,0,0,7,9,3,1,6,1,34,6,1998,1,15,6,2,6
2018520804296,1,9,0,3,0,4,0,0,0,0,2,1,6,1,42,7,1599,1,14,8,1,8
2018520804296,2,9,0,18,0,4,0,0,0,0,1,1,6,2,19,4,1242,1,9,9,3,9
2018520804327,1,9,0,4,0,0,0,0,0,0,2,1,6,1,19,4,1124,1,14,8,1,8
2018520804327,2,9,0,4,0,0,0,0,0,0,1,1,6,1,40,7,1988,1,17,-1,-1,-1
2018520804336,1,9,0,18,0,0,0,0,0,0,1,1,6,1,59,9,-1,-1,-1,4,2,4
2018520804336,2,9,0,18,0,0,0,0,0,0,1,1,6,1,24,5,1797,8,8,5,1,5
2018520804341,1,9,0,18,0,0,0,0,0,0,1,1,6,2,74,10,998,1,5,-1,1,-1
2018520804341,2,9,0,18,0,0,5,0,0,0,1,1,6,2,48,8,998,1,12,6,1,6
2018520804341,3,9,0,18,0,0,0,0,0,0,2,1,6,1,43,7,1995,2,3,4,3,4
2018520804341,4,9,0,18,0,0,0,0,0,0,2,1,6,1,28,6,796,1,17,1,1,1
2018520804346,1,9,0,10,0,0,0,0,0,0,2,1,6,2,22,5,1242,1,9,5,1,5
2018520804346,2,9,0,4,0,0,0,0,0,0,2,1,6,1,61,9,1560,2,6,3,2,3
2018520804346,3,9,0,18,0,0,0,0,0,0,1,1,6,1,60,9,698,1,13,5,1,5
2018520804361,1,21,0,18,0,0,0,0,0,0,1,1,1,1,40,7,6692,2,6,7,3,7
2018520804361,2,17,0,1,0,0,0,0,0,0,2,1,1,3,30,6,-1,-1,-1,-1,-1,-1
2018520804362,1,9,0,18,0,0,1,0,0,0,1,1,6,1,18,4,2495,2,24,5,3,5
2018520804362,2,21,0,18,0,0,0,0,0,0,1,1,6,1,45,7,6692,2,10,9,1,9
2018520804368,1,3,0,18,0,0,0,0,0,0,1,1,6,1,17,4,124,1,5,2,1,2
2018520804368,2,9,0,9,0,0,0,0,0,0,3,1,6,2,35,6,1997,2,7,3,1,3
2018520804370,1,9,0,4,0,8,0,0,0,0,2,1,6,2,44,7,1560,2,7,3,1,3
2018520804370,2,9,0,4,0,8,0,0,0,0,2,1,6,1,51,8,-1,-1,-1,7,3,7
2018520804370,3,9,0,4,0,8,0,0,0,0,1,1,6,1,48,8,-1,-1,-1,-1,1,-1
2018520804371,1,9,0,18,0,0,0,0,0,0,1,1,6,2,80,11,1197,1,2,7,2,7
2018520804371,2,9,0,18,0,0,0,0,0,0,1,1,6,1,61,9,1896,2,13,6,3,6
2018520804371,3,9,0,18,0,0,0,0,0,0,0,1,6,1,35,6,1461,2,4,8,3,8
2018520804371,4,9,0,18,0,0,0,0,0,0,0,1,6,3,30,6,-1,-1,-1,-1,-1,-1
2018520804382,1,9,0,18,0,0,0,0,0,0,1,1,6,1,30,6,1598,2,3,10,2,10
2018520804382,2,9,0,18,0,0,0,0,0,0,1,1,6,2,60,9,1596,1,2,9,1,9
2018520804393,1,9,0,18,0,1,0,0,0,0,2,1,6,2,42,7,-1,-1,-1,8,2,8
2018520804393,2,9,0,18,0,1,0,0,0,0,1,1,6,1,31,6,1796,1,12,7,2,7
2018520804399,1,9,0,18,0,8,0,0,0,0,3,1,6,1,79,11,-1,-1,-1,6,3,6
2018520804399,2,9,0,9,0,8,0,0,0,0,1,1,6,2,46,8,1461,2,1,10,1,10
2018520804431,1,9,0,18,0,8,0,0,0,0,3,1,6,1,61,9,1984,2,7,6,3,6
2018520804431,2,9,0,18,0,8,0,0,0,0,1,1,6,1,31,6,1781,1,18,3,1,3
2018520804463,1,9,0,7,0,4,0,0,0,0,1,1,6,2,75,10,1910,2,11,6,3,6
2018520804464,1,9,0,17,0,2,0,0,0,0,3,1,2,2,36,7,1984,2,5,6,1,6
2018520804464,2,9,0,17,0,1,0,0,0,0,1,1,2,2,54,8,1560,2,3,2,1,2
2018520804490,1,9,0,18,0,0,0,0,0,0,4,1,6,2,49,8,-1,-1,-1,4,1,4
2018520804495,1,2,0,3,0,8,0,0,0,0,2,1,6,1,17,4,124,1,34,7,1,7
2018520804495,2,9,0,4,0,8,0,0,0,0,1,1,6,1,24,5,1395,1,2,5,2,5
2018520804518,1,9,0,9,0,8,0,0,0,0,1,1,6,1,58,9,1796,1,13,10,2,10
2018520804518,2,9,0,18,0,8,0,0,0,0,1,1,6,1,56,9,1560,2,5,8,2,8
2018520804518,3,9,0,4,0,8,0,0,0,0,1,1,6,1,46,8,1968,2,2,5,3,5
2018520804541,1,9,0,18,0,1,0,0,0,0,1,1,6,1,63,9,1242,1,18,6,1,6
2018520804568,1,9,0,17,0,0,0,0,1,9,1,1,6,1,37,7,-1,-1,-1,8,1,8
2018520804569,1,5,0,18,0,8,0,0,0,0,2,1,6,1,64,9,1585,2,9,7,3,7
2018520804569,2,9,0,18,0,8,0,0,0,0,1,1,6,1,32,6,1896,2,9,7,1,7
2018520804572,1,9,0,18,0,1,0,0,4,1,1,1,6,2,25,5,1200,1,3,8,3,8
2018520804572,2,9,0,18,0,1,0,0,0,0,2,1,6,2,45,7,1968,2,7,10,1,10
2018520804579,1,9,0,17,0,0,0,0,7,9,1,1,6,1,50,8,1597,1,18,5,1,5
2018520804579,2,9,0,16,0,0,0,0,0,0,3,1,6,3,-1,-1,-1,-1,-1,-1,-1,-1
2018520804585,1,9,0,9,0,0,0,0,0,0,4,1,6,1,19,4,2148,2,12,10,1,10
2018520804585,2,3,0,18,0,0,0,0,0,0,1,1,6,1,19,4,124,1,1,6,1,6
2018520804588,1,9,0,5,0,8,0,0,0,0,3,1,6,2,37,7,1799,1,12,6,1,6
2018520804588,2,5,0,18,0,8,0,0,0,0,1,1,6,1,24,5,689,1,4,7,3,7
2018520804596,1,9,0,9,0,8,0,0,0,0,3,1,6,1,37,7,1598,2,8,7,1,7
2018520804596,2,5,0,9,0,8,0,0,0,0,4,1,6,1,44,7,1000,1,15,10,1,10
2018520804598,1,9,0,18,0,8,0,0,0,0,2,1,6,2,67,10,-1,-1,-1,-1,-1,-1
2018520804598,2,9,0,18,0,8,0,0,0,0,1,1,6,2,45,7,1995,2,14,-1,-1,-1
2018520804601,1,9,0,18,0,0,0,0,0,0,1,1,6,2,17,4,1200,1,16,6,3,6
2018520804623,1,9,0,9,0,1,0,0,0,0,1,1,6,2,46,8,1560,2,8,4,3,4
2018520804623,2,9,0,18,0,1,0,0,0,0,2,1,6,1,49,8,1997,2,6,3,1,3
2018520804623,3,1,0,18,0,1,0,0,0,0,1,1,6,2,41,7,-1,-1,-1,4,3,4
2018520804624,1,9,0,3,0,0,0,0,0,0,2,1,6,2,23,5,1598,1,9,5,2,5
2018520804624,2,9,0,18,0,0,0,0,0,0,1,1,1,1,40,7,1390,1,19,-1,-1,-1
2018520804630,1,9,0,18,0,0,0,0,0,0,3,1,6,2,40,7,1798,1,10,7,3,7
2018520804630,2,9,0,18,0,0,0,0,0,0,3,1,6,2,-1,-1,-1,-1,-1,-1,-1,-1
2018520804632,1,9,0,16,0,0,0,0,0,0,1,1,6,1,27,6,1995,2,11,2,1,2
2018520804632,2,9,0,17,0,0,0,0,0,0,1,1,6,2,25,5,1560,2,6,5,2,5
2018520804637,1,9,0,18,0,8,0,0,0,0,1,1,6,1,31,6,2199,2,9,7,3,7
2018520804637,2,9,0,5,0,8,0,0,0,0,1,1,6,1,18,4,1242,1,7,5,3,5
2018520804650,1,9,0,18,0,0,0,0,0,0,1,1,6,1,24,5,1910,2,13,7,3,7
2018520804650,2,9,0,18,0,0,0,0,0,0,1,1,6,1,49,8,1591,1,3,5,1,5