Accident_Index,Vehicle_Reference,Vehicle_Type,Towing_and_Articulation,Vehicle_Manoeuvre,Vehicle_Location-Restricted_Lane,Junction_Location,Skidding_and_Overturning,Hit_Object_in_Carriageway,Vehicle_Leaving_Carriageway,Hit_Object_off_Carriageway,1st_Point_of_Impact,Was_Vehicle_Left_Hand_Drive?,Journey_Purpose_of_Driver,Sex_of_Driver,Age_of_Driver,Age_Band_of_Driver,Engine_Capacity_(CC),Propulsion_Code,Age_of_Vehicle,Driver_IMD_Decile,Driver_Home_Area_Type,Vehicle_IMD_Decile
2018520806037,1,9,0,9,0,8,0,0,0,0,1,1,6,1,40,7,1461,2,3,6,1,6
2018520806037,2,9,0,18,0,8,0,0,0,0,1,1,6,1,71,10,1999,1,15,3,1,3
2018520806038,1,9,0,18,0,1,0,0,0,0,1,1,6,1,22,5,1896,2,14,1,2,1
2018520806038,2,9,0,18,0,2,0,0,0,0,4,1,1,2,-1,-1,1242,1,8,-1,-1,-1
2018520806040,1,9,0,2,0,0,0,0,0,0,2,1,6,2,43,7,-1,-1,-1,4,-1,4
2018520806040,2,9,0,18,0,0,0,0,0,0,1,1,6,1,-1,-1,-1,-1,-1,-1,-1,-1
2018520806046,1,9,0,18,0,0,0,0,0,0,1,1,6,1,53,8,-1,-1,-1,7,1,7
2018520806046,2,9,0,18,0,0,0,0,0,0,1,1,6,1,75,10,2987,2,11,7,3,7
2018520806046,3,9,0,18,0,0,0,0,0,0,2,1,6,2,40,7,1956,2,3,9,1,9
2018520806046,4,9,0,18,0,0,0,0,0,0,2,1,6,1,71,10,1197,1,3,-1,1,-1
2018520806058,1,9,0,3,0,0,0,0,0,0,1,1,6,2,49,8,1397,1,10,6,3,6
2018520806058,2,9,0,1,0,0,0,0,0,0,2,1,6,1,52,8,999,1,-1,6,2,6
2018520806059,1,9,0,18,0,0,0,0,0,0,1,1,6,1,60,9,-1,-1,-1,2,1,2
2018520806059,2,9,0,4,0,0,0,0,0,0,2,1,6,2,31,6,1229,1,7,8,1,8
2018520806059,3,9,0,4,0,0,0,0,0,0,1,1,6,1,59,9,1200,1,3,-1,-1,-1
2018520806060,1,9,0,18,0,8,0,9,0,0,1,1,6,1,49,8,2198,1,17,5,1,5
2018520806066,1,1,0,18,0,0,0,0,0,0,2,1,6,2,40,7,-1,-1,-1,3,1,3
2018520806066,2,5,0,18,0,0,0,0,0,0,1,1,6,1,28,6,-1,-1,-1,3,1,3
2018520806097,1,9,0,4,0,0,0,0,0,0,2,1,6,1,59,9,-1,-1,-1,6,1,6
2018520806097,2,9,0,18,0,0,0,0,0,0,1,1,6,2,45,7,1598,1,2,-1,-1,-1
2018520806112,1,9,0,10,0,4,0,0,0,0,4,1,6,1,77,11,1796,1,6,5,2,5
2018520806112,2,9,0,5,0,4,0,0,0,0,3,1,6,2,40,7,1598,2,4,7,3,7
2018520806133,1,9,0,18,0,0,0,0,0,0,1,1,6,1,55,8,-1,-1,-1,7,3,7
2018520806133,2,9,0,18,0,0,0,0,0,0,1,1,6,1,38,7,1598,2,3,6,1,6
2018520806134,1,9,0,10,0,8,0,0,0,0,3,1,1,2,24,5,1395,1,3,4,1,4
2018520806134,2,9,0,14,0,8,0,0,0,0,4,1,6,2,39,7,2495,2,26,9,3,9
2018520806142,1,9,0,18,0,0,0,0,1,10,1,1,6,1,24,5,1197,1,7,6,3,6
2018520806145,1,1,0,9,0,3,0,0,0,0,1,1,6,1,21,5,-1,-1,-1,8,3,8
2018520806145,2,9,0,18,0,3,0,0,0,0,2,1,6,1,30,6,1896,2,18,-1,-1,-1
2018520806149,1,9,0,5,0,0,0,0,0,0,4,1,6,3,-1,-1,-1,-1,-1,-1,-1,-1
2018520806170,1,9,0,18,0,0,0,0,0,0,1,1,6,1,33,6,1910,2,11,7,3,7
2018520806170,2,9,0,18,0,0,0,0,0,0,1,1,6,2,46,8,1086,1,7,8,3,8
2018520806173,1,9,0,10,0,8,0,0,0,0,2,1,6,2,58,9,2000,2,12,8,3,8
2018520806173,2,9,0,18,0,8,0,0,0,0,1,1,6,1,21,5,-1,-1,-1,8,1,8
2018520806176,1,9,0,5,0,8,0,0,0,0,1,1,6,1,65,9,1198,1,3,5,2,5
2018520806176,2,9,0,18,0,8,0,0,0,0,1,1,6,1,20,4,1368,1,11,5,1,5
2018520806181,1,9,0,4,0,0,0,0,0,0,2,1,6,2,53,8,2143,2,3,5,1,5
2018520806181,2,9,0,18,0,0,0,0,0,0,1,1,6,1,43,7,-1,-1,-1,-1,1,-1
2018520806211,1,9,0,9,0,8,0,0,0,0,1,1,6,2,38,7,-1,-1,-1,5,-1,5
2018520806211,2,5,0,18,0,8,0,0,0,0,1,1,6,1,45,7,998,1,12,9,2,9
2018520806211,3,11,0,18,0,8,0,0,0,0,0,1,6,1,45,7,4461,2,-1,6,1,6
2018520806218,1,9,0,18,0,0,0,0,0,0,0,1,6,1,67,10,1968,2,9,9,2,9
2018520806218,2,9,0,15,0,0,0,0,0,0,0,1,6,3,30,6,-1,-1,-1,-1,-1,-1
2018520806238,1,1,0,18,0,4,0,0,0,0,3,1,1,1,46,8,-1,-1,-1,1,1,1
2018520806238,2,9,0,18,0,4,0,0,0,0,1,1,1,3,-1,-1,-1,-1,-1,-1,-1,-1
2018520806258,1,21,1,18,0,0,0,0,0,0,1,1,1,1,46,8,12419,2,5,4,1,4
2018520806258,2,9,0,4,0,0,0,0,0,0,2,1,6,2,51,8,1318,1,-1,9,2,9
2018520806258,3,9,0,4,0,0,0,0,0,0,2,1,6,2,45,7,1349,1,6,5,1,5
2018520806258,4,9,0,4,0,0,0,0,0,0,2,1,6,2,20,4,1149,1,5,-1,1,-1
2018520806258,5,9,0,4,0,0,0,0,0,0,2,1,6,1,17,4,1896,2,10,5,3,5
2018520806258,6,9,0,4,0,0,0,0,0,0,2,1,6,2,30,6,1197,1,1,2,1,2
2018520806258,7,9,0,4,0,0,0,0,0,0,2,1,6,2,62,9,1968,2,1,6,1,6
2018520806282,1,1,0,4,0,0,0,0,0,0,0,1,6,1,50,8,-1,-1,-1,4,1,4
2018520806282,2,9,0,4,0,0,0,0,0,0,0,1,6,3,-1,-1,-1,-1,-1,-1,-1,-1
2018520806292,1,9,0,18,0,0,0,0,0,0,2,1,6,2,67,10,1248,2,9,3,1,3
2018520806292,2,19,0,18,0,0,0,0,0,0,1,1,6,1,20,4,-1,-1,-1,-1,-1,-1
2018520806317,1,9,0,18,0,0,0,0,0,0,1,1,6,2,50,8,-1,-1,-1,-1,-1,-1
2018520806317,2,9,0,18,0,0,0,0,0,0,1,1,6,1,69,10,1328,1,13,4,1,4
2018520806321,1,9,0,18,0,8,0,0,0,0,1,1,6,1,79,11,1999,1,12,7,1,7
2018520806321,2,1,0,18,0,8,0,0,0,0,1,1,6,1,37,7,-1,-1,-1,8,1,8
2018520806323,1,9,0,18,0,8,0,0,0,0,1,1,6,1,18,4,1398,1,17,6,3,6
2018520806323,2,9,0,7,0,8,0,0,0,0,1,1,6,1,22,5,1397,1,10,-1,-1,-1
2018520806333,1,9,0,8,0,1,0,0,0,0,1,1,6,1,43,7,1796,1,16,8,1,8
2018520806333,2,9,0,18,0,1,0,0,0,0,2,1,6,2,30,6,1124,1,13,-1,-1,-1
2018520806346,1,9,0,7,0,8,0,0,0,0,1,1,6,1,71,10,1598,1,5,5,3,5
2018520806346,2,9,0,18,0,8,0,0,0,0,1,1,6,2,20,4,1299,1,12,8,3,8
2018520806346,3,21,0,18,0,8,0,0,0,0,1,1,6,1,30,6,11705,2,13,3,1,3
2018520806350,1,9,0,18,0,0,0,0,0,0,0,1,6,1,20,4,1598,1,16,8,1,8
2018520806350,2,1,0,18,0,0,0,0,0,0,0,1,6,1,37,7,-1,-1,-1,6,1,6
2018520806355,1,9,0,18,0,0,0,0,1,10,1,1,6,1,18,4,1590,1,13,6,1,6
2018520806364,1,9,0,8,0,1,0,0,0,0,0,1,6,2,27,6,1390,1,16,9,1,9
2018520806364,2,9,0,3,0,1,0,0,0,0,2,1,1,1,45,7,-1,-1,-1,-1,-1,-1
2018520806377,1,90,0,18,0,0,0,0,0,0,0,1,6,1,28,6,-1,-1,-1,5,3,5
2018520806452,1,9,0,18,0,0,0,0,0,0,1,1,6,1,80,11,2148,2,12,5,2,5
2018520806452,2,9,0,18,0,0,0,0,0,0,1,1,6,1,73,10,1197,1,-1,6,2,6
2018520806479,1,9,0,9,0,8,0,0,0,0,2,1,6,1,59,9,-1,-1,-1,8,2,8
2018520806479,2,3,0,18,0,8,0,0,0,0,1,1,6,2,52,8,125,1,12,7,3,7
2018520806480,1,9,0,9,0,8,0,0,0,0,1,1,6,2,76,11,899,1,5,5,3,5
2018520806480,2,21,0,18,0,8,0,0,0,0,1,1,6,1,40,7,16120,2,6,5,3,5
2018520806484,1,9,0,8,0,0,0,0,0,0,1,1,6,2,30,6,1560,2,9,6,1,6
2018520806484,2,9,0,18,0,0,0,0,0,0,1,1,6,1,61,9,1584,1,14,4,1,4
2018520806488,1,9,0,18,0,8,0,0,0,0,1,1,6,1,19,4,1599,1,11,8,3,8
2018520806488,2,9,0,18,0,8,0,0,0,0,1,1,6,2,38,7,1997,2,3,7,1,7
2018520806514,1,9,0,18,0,0,0,0,0,0,1,1,6,1,53,8,2143,2,5,7,3,7
2018520806514,2,9,0,18,0,0,0,0,0,0,2,1,6,1,19,4,1598,1,15,10,1,10
2018520806514,3,9,0,18,0,0,0,0,0,0,1,1,6,1,33,6,1360,1,14,4,1,4
2018520806514,4,9,0,18,0,0,0,0,0,0,2,1,6,1,28,6,1560,2,6,3,1,3
2018520806537,1,9,0,18,0,0,0,0,0,0,1,1,6,1,26,6,1995,2,1,9,3,9
2018520806537,2,9,0,18,0,0,0,0,0,0,1,1,6,1,59,9,1686,2,5,1,1,1
2018520806537,3,9,0,18,0,0,0,0,0,0,1,1,6,1,58,9,-1,-1,-1,-1,1,-1
2018520806537,4,21,0,18,0,0,0,0,0,0,1,1,6,1,47,8,12740,2,3,6,3,6
2018520806563,1,9,0,18,0,0,0,0,0,0,1,1,6,1,26,6,1248,1,5,7,3,7
2018520806563,2,9,0,18,0,0,0,0,0,0,1,1,6,1,26,6,898,1,-1,9,2,9
2018520806563,3,9,0,17,0,0,0,0,0,0,1,1,6,2,84,11,1198,1,10,7,3,7
2018520806575,1,9,0,4,0,8,0,0,0,0,2,1,6,1,33,6,1984,1,18,7,3,7
2018520806575,2,21,1,4,0,8,0,0,0,0,1,1,6,1,24,5,3900,2,16,-1,-1,-1
2018520806575,3,21,0,18,0,8,0,0,0,0,1,1,6,1,32,6,5132,2,1,4,1,4
2018520806575,4,9,0,18,0,8,0,0,0,0,1,1,6,1,76,11,1560,2,3,8,3,8
2018520806591,1,9,0,3,0,4,0,0,0,0,2,1,6,1,27,6,1798,1,9,6,2,6
2018520806591,2,9,0,18,0,4,0,0,0,0,1,1,6,3,-1,-1,2664,2,14,-1,-1,-1
2018520806599,1,1,0,18,4,0,0,0,0,0,1,1,6,1,16,4,-1,-1,-1,6,1,6
2018520806599,2,8,0,6,0,0,0,0,0,0,3,1,1,1,-1,-1,-1,-1,-1,-1,-1,-1
2018520806651,1,1,0,18,0,0,0,0,0,0,0,1,6,1,40,7,-1,-1,-1,1,1,1
2018520806651,2,9,0,3,0,0,0,0,0,0,0,1,6,3,-1,-1,-1,-1,-1,-1,-1,-1
2018520806657,1,9,0,18,0,8,0,0,0,0,1,1,6,1,48,8,2993,2,14,5,3,5
2018520806657,2,5,0,18,0,8,0,0,0,0,1,1,6,1,34,6,-1,-1,-1,3,1,3
2018520806657,3,9,0,18,0,8,0,0,0,0,1,1,6,1,55,8,-1,-1,-1,5,1,5
2018520806661,1,1,0,18,0,0,0,0,0,0,3,1,6,2,70,10,-1,-1,-1,8,1,8
2018520806661,2,9,0,18,0,0,0,0,0,0,4,1,6,2,50,8,1197,1,3,-1,-1,-1
2018520806674,1,9,0,9,0,3,0,0,0,0,3,1,6,2,26,6,1598,1,8,10,1,10
2018520806674,2,9,0,18,0,3,0,0,0,0,1,1,6,2,30,6,1598,1,9,-1,-1,-1
2018520806676,1,9,0,18,0,3,0,0,0,0,1,1,6,1,24,5,2792,1,18,9,-1,9
2018520806678,1,9,0,18,0,8,0,0,0,0,1,1,6,1,37,7,1298,1,17,7,3,7
2018520806678,2,9,0,18,0,8,0,0,0,0,2,1,6,1,67,10,-1,-1,-1,7,1,7
2018520806691,1,1,0,18,0,1,0,0,2,0,1,1,6,1,70,10,-1,-1,-1,3,1,3
2018520806691,2,9,0,1,0,1,0,0,0,0,2,1,6,1,66,10,2656,1,12,4,3,4
2018520806707,1,9,0,10,0,0,0,0,0,0,1,1,6,1,44,7,1595,2,8,7,1,7
2018520806707,2,5,0,18,0,0,0,0,0,0,1,1,6,1,59,9,-1,-1,-1,5,3,5
2018520806737,1,9,0,18,0,0,0,0,0,0,3,1,6,3,30,6,-1,-1,-1,-1,-1,-1
2018520806797,1,9,0,4,0,0,0,0,0,0,2,1,6,1,59,9,1799,1,9,5,3,5
2018520806797,2,9,0,18,0,0,0,0,0,0,1,1,6,2,35,6,1794,1,12,-1,-1,-1
2018520806812,1,9,0,18,0,0,0,0,0,0,4,1,6,3,44,7,-1,-1,-1,-1,-1,-1
2018520806823,1,21,0,18,0,8,0,0,0,0,1,1,6,1,46,8,12130,2,13,3,2,3
2018520806823,2,5,0,18,0,8,0,0,0,0,1,1,6,1,29,6,750,1,13,4,2,4
2018520806843,1,9,0,18,0,0,0,0,7,9,1,1,6,1,18,4,1968,2,12,9,3,9
2018520806844,1,9,0,18,0,0,0,0,0,0,1,1,6,2,70,10,1388,1,8,4,1,4
2018520806844,2,9,0,18,0,0,0,0,0,0,1,1,6,2,61,9,998,1,2,5,3,5
2018520806868,1,5,0,13,0,0,0,0,0,0,0,1,6,1,28,6,599,1,19,4,2,4
2018520806868,2,17,5,18,0,0,0,0,0,0,3,1,6,3,28,6,-1,-1,-1,5,3,5
2018520806868,3,9,0,18,0,0,0,0,0,0,1,1,6,3,51,8,1392,1,19,1,1,1
2018520806872,1,9,0,18,0,0,0,0,0,0,1,1,6,1,18,4,-1,-1,-1,-1,-1,-1
2018520806874,1,9,0,18,0,0,0,0,0,0,1,1,6,1,66,10,1796,1,10,10,1,10
2018520806874,2,9,0,18,0,0,0,0,0,0,1,1,6,1,48,8,-1,-1,-1,-1,-1,-1
2018520806874,3,9,0,18,0,0,5,0,0,0,1,1,6,1,63,9,-1,-1,-1,5,2,5
2018520806874,4,9,0,18,0,0,0,0,0,0,2,1,6,1,58,9,-1,-1,-1,6,1,6
2018520806876,1,2,0,18,0,8,0,0,0,0,1,1,6,1,25,5,599,1,10,9,3,9
2018520806876,2,9,0,9,0,8,0,0,0,0,1,1,1,2,67,10,1329,1,3,9,2,9
2018520806876,3,9,0,18,0,8,0,0,0,0,0,1,6,1,44,7,1596,1,11,9,2,9
2018520806876,4,9,0,18,0,8,0,0,0,0,0,1,6,2,30,6,1968,2,3,5,2,5
2018520806879,1,9,0,18,0,0,0,0,0,0,1,1,6,2,28,6,1968,2,5,8,1,8
2018520806879,2,9,0,18,0,0,0,0,0,0,1,1,6,1,49,8,-1,-1,-1,4,2,4
2018520806906,1,19,0,18,0,0,0,0,0,0,1,1,6,1,32,6,1995,2,2,7,1,7
2018520806906,2,9,0,18,0,0,0,0,0,0,1,1,6,1,22,5,1598,1,16,6,1,6
2018520806907,1,19,0,6,0,0,0,0,0,0,1,1,6,1,63,9,2298,2,1,7,1,7
2018520806907,2,9,0,18,0,0,0,0,0,0,1,1,6,1,43,7,1598,2,1,9,-1,9
2018520806916,1,9,0,18,0,0,0,0,0,0,2,1,6,2,36,7,1242,1,6,3,2,3
2018520806916,2,9,0,18,0,0,0,0,0,0,1,1,6,2,22,5,-1,-1,-1,-1,-1,-1
2018520806917,1,9,0,18,0,0,0,0,0,0,1,1,6,3,30,6,-1,-1,-1,-1,-1,-1
2018520806917,2,9,0,2,0,0,0,0,0,0,1,1,6,2,35,6,1364,1,14,6,1,6
2018520806921,1,9,0,18,0,0,0,0,0,0,1,1,6,2,60,9,-1,-1,-1,-1,-1,-1
2018520806980,1,9,0,16,0,0,0,0,0,0,1,1,6,1,21,5,-1,-1,-1,8,3,8
2018520806980,2,9,0,17,0,0,0,0,0,0,1,1,6,1,59,9,1388,1,6,8,3,8
2018520807003,1,9,0,18,0,8,0,0,0,0,1,1,6,1,66,10,2987,2,3,10,1,10
2018520807003,2,9,0,18,0,8,0,0,0,0,1,1,6,2,36,7,1595,1,-1,7,3,7
2018520807029,1,9,0,18,0,8,0,0,0,0,1,1,6,2,18,4,-1,-1,-1,7,1,7
2018520807029,2,5,0,18,0,8,0,0,0,0,1,1,6,1,51,8,1050,1,13,9,1,9
2018520807050,1,9,0,18,0,8,0,0,0,0,1,1,6,1,29,6,1596,1,13,6,2,6
2018520807050,2,9,0,18,0,8,0,0,0,0,1,1,6,1,47,8,-1,-1,-1,6,3,6
2018520807061,1,9,0,18,0,8,0,0,0,0,1,1,6,1,53,8,-1,-1,-1,7,2,7
2018520807061,2,9,0,18,0,8,0,0,0,0,1,1,6,1,43,7,1685,2,7,1,1,1
2018520807067,1,9,0,18,0,0,0,0,0,0,4,1,6,2,46,8,1499,2,1,7,1,7
2018520807067,2,9,0,18,0,0,0,0,0,0,1,1,6,3,30,6,-1,-1,-1,-1,-1,-1
2018520807109,1,1,0,18,0,8,0,0,0,0,1,1,6,2,27,6,-1,-1,-1,3,1,3
2018520807109,2,9,0,18,0,8,0,0,0,0,1,1,6,3,-1,-1,-1,-1,-1,-1,-1,-1
2018520807115,1,9,0,18,0,1,0,0,0,0,1,1,6,1,28,6,1124,1,17,4,2,4
2018520807115,2,1,0,18,0,1,0,0,0,0,1,1,6,1,54,8,-1,-1,-1,2,1,2
2018520807137,1,9,0,18,0,0,0,0,0,3,1,1,6,2,50,8,1753,2,10,9,1,9
2018520807137,2,9,0,18,0,0,0,0,0,0,1,1,6,2,45,7,1796,1,9,8,1,8
2018520807137,3,9,0,18,0,0,0,0,0,0,1,1,6,2,66,10,1796,1,3,6,3,6
2018520807140,1,9,0,18,0,0,0,0,0,0,1,1,6,1,50,8,3960,1,20,4,3,4
2018520807140,2,20,0,18,0,0,0,0,0,0,1,1,6,1,40,7,-1,-1,-1,-1,-1,-1
2018520807149,1,9,0,9,0,8,0,0,0,0,1,1,6,1,64,9,2987,2,2,5,3,5
2018520807149,2,1,0,18,0,8,0,0,0,0,0,1,6,1,49,8,-1,-1,-1,8,3,8
2018520807156,1,9,0,18,0,1,0,0,0,0,3,1,6,2,49,8,998,1,5,10,1,10
2018520807156,2,1,0,18,0,1,0,0,0,0,4,1,6,1,10,2,-1,-1,-1,-1,-1,-1
2018520807175,1,9,0,18,0,0,0,0,0,0,1,1,6,1,19,4,-1,-1,-1,5,1,5
2018520807175,2,9,0,18,0,0,0,0,0,0,1,1,6,1,45,7,1598,1,11,6,1,6
2018520807178,1,1,0,5,0,7,0,0,0,0,1,1,6,1,63,9,-1,-1,-1,7,3,7
2018520807178,2,9,0,5,0,7,0,0,0,0,1,1,6,3,-1,-1,-1,-1,-1,-1,-1,-1
2018520807179,1,9,0,18,0,0,0,4,0,0,1,1,6,2,67,10,2401,2,12,7,1,7
2018520807179,2,9,0,2,0,0,0,0,0,0,1,1,6,3,-1,-1,2477,2,16,-1,-1,-1
2018520807179,3,9,0,2,0,0,0,0,0,0,1,1,6,3,-1,-1,1798,1,11,-1,-1,-1
2018520807193,1,9,0,9,0,0,0,0,0,0,3,1,6,2,57,9,1796,1,9,8,3,8
2018520807193,2,5,0,18,0,0,0,0,0,0,0,1,6,1,29,6,-1,-1,-1,-1,-1,-1
2018520807196,1,9,0,18,0,0,0,0,0,0,1,1,6,1,24,5,1229,1,8,4,1,4
2018520807196,2,9,0,18,0,0,0,0,0,0,1,1,6,2,30,6,2993,2,1,-1,-1,-1
2018520807196,3,9,0,18,0,0,0,0,0,0,1,1,6,1,35,6,-1,-1,-1,-1,-1,-1
2018520807196,4,9,0,18,0,0,0,0,0,0,1,1,6,2,40,7,2993,2,1,-1,-1,-1
2018520807200,1,9,0,18,0,0,0,0,0,0,1,1,6,1,68,10,2982,2,7,8,2,8
2018520807200,2,1,0,18,0,0,0,0,0,0,1,1,6,1,65,9,-1,-1,-1,7,2,7
2018520807218,1,9,0,18,0,0,0,0,0,0,1,1,6,2,27,6,1968,2,8,-1,-1,-1
2018520807218,2,9,0,18,0,0,0,0,0,0,2,1,6,1,-1,-1,1395,1,2,-1,-1,-1
2018520807221,1,9,0,18,0,8,0,0,0,0,1,1,6,2,73,10,1499,1,1,5,3,5
2018520807221,2,9,0,9,0,8,0,0,0,0,1,1,6,2,46,8,2494,1,18,8,2,8
2018520807222,1,9,0,7,0,8,0,0,0,0,1,1,6,3,-1,-1,-1,-1,-1,-1,-1,-1
2018520807222,2,1,0,18,0,8,0,0,0,0,1,1,6,1,65,9,-1,-1,-1,7,1,7
2018520807247,1,1,0,18,0,0,0,0,0,0,2,1,6,1,16,4,-1,-1,-1,9,3,9
2018520807247,2,9,0,18,0,0,0,0,0,0,1,1,6,3,21,5,-1,-1,-1,-1,-1,-1
2018520807260,1,9,0,18,0,8,0,0,0,0,3,1,6,2,31,6,1598,2,5,6,3,6
2018520807260,2,9,0,5,0,8,0,0,0,0,1,1,6,2,27,6,1390,1,12,-1,-1,-1
2018520807280,1,9,0,18,0,0,0,0,0,0,1,1,6,1,28,6,1398,2,5,5,1,5
2018520807280,2,9,0,18,0,0,0,0,0,0,2,1,6,1,41,7,1956,2,4,2,1,2
2018520807284,1,9,0,18,0,8,0,0,0,0,1,1,6,1,45,7,-1,-1,-1,8,3,8
2018520807284,2,9,0,18,0,8,0,0,0,0,2,1,6,2,32,6,1896,2,14,8,1,8
2018520807289,1,9,0,16,0,0,1,0,0,0,1,1,6,2,85,11,1391,1,20,8,2,8
2018520807289,2,9,0,18,0,0,0,0,0,0,1,1,6,1,48,8,3200,2,11,8,1,8
2018520807289,3,9,0,18,0,0,0,0,0,0,1,1,6,1,81,11,1598,1,7,8,2,8
2018520807296,1,9,0,4,0,1,0,0,0,0,1,1,6,1,43,7,1951,2,17,8,1,8
2018520807296,2,9,0,7,0,1,0,0,0,0,3,1,6,1,50,8,2000,1,13,-1,-1,-1
2018520807307,1,9,0,18,0,0,0,0,0,0,2,1,6,2,62,9,1598,2,6,3,1,3
2018520807307,2,9,0,18,0,0,0,0,0,0,1,1,6,3,-1,-1,1910,2,12,-1,-1,-1
2018520807309,1,9,0,18,0,0,0,0,0,0,1,1,6,1,55,8,-1,-1,-1,8,1,8
2018520807309,2,9,0,18,0,0,0,0,0,0,2,1,6,2,22,5,1968,2,5,8,3,8
2018520807312,1,9,0,18,0,0,0,0,0,0,1,1,6,1,54,8,-1,-1,-1,6,2,6
2018520807312,2,5,0,18,0,0,0,0,0,0,1,1,6,1,83,11,124,1,-1,6,1,6
2018520807326,1,9,0,18,0,0,0,0,0,0,2,1,6,1,33,6,1598,1,14,4,2,4
2018520807326,2,9,0,18,0,0,0,0,0,0,1,1,6,1,25,5,1598,1,14,-1,-1,-1
2018520807340,1,9,0,18,0,0,2,0,0,10,2,1,6,1,57,9,1360,1,11,-1,1,-1
2018520807341,1,9,0,18,0,0,0,0,0,0,1,1,6,2,63,9,1598,1,16,7,3,7
2018520807341,2,21,0,2,0,0,0,0,0,0,2,1,6,1,23,5,2287,2,5,5,1,5
2018520807343,1,9,0,18,0,2,0,0,0,0,4,1,6,1,90,11,1560,2,6,7,2,7
2018520807344,1,9,0,18,0,0,0,0,0,0,3,1,6,1,33,6,-1,-1,-1,5,1,5
2018520807344,2,3,0,18,0,0,0,0,0,0,3,1,6,1,23,5,125,1,2,5,2,5
2018520807346,1,9,0,17,0,2,0,2,0,0,0,1,6,1,26,6,-1,-1,-1,6,1,6
2018520807346,2,9,0,17,0,2,0,0,0,0,2,1,6,1,66,10,1995,2,6,-1,-1,-1
2018520807346,3,9,0,17,0,2,0,0,0,0,1,1,6,2,18,4,-1,-1,-1,7,3,7
2018520807346,4,9,0,17,0,2,0,0,0,0,1,1,6,1,43,7,-1,-1,-1,10,2,10
2018520807356,1,9,0,4,0,0,0,0,0,0,2,1,6,1,53,8,1984,1,6,5,1,5
2018520807356,2,9,0,18,0,0,0,0,0,0,1,1,6,1,61,9,1595,1,14,5,1,5
2018520807356,3,9,0,18,0,0,0,0,0,0,1,1,6,2,33,6,1364,2,11,5,2,5
2018520807421,1,9,0,18,0,1,0,0,0,0,0,1,6,1,45,7,1560,2,-1,7,3,7
2018520807421,2,4,0,14,0,1,0,0,0,0,1,1,1,1,30,6,999,1,6,-1,-1,-1
2018520807430,1,9,0,18,0,8,0,0,0,0,1,1,6,1,68,10,1997,2,2,6,2,6
2018520807430,2,9,0,9,0,8,0,0,0,0,1,1,6,2,30,6,1995,2,5,9,1,9
2018520807452,1,9,0,18,0,0,0,0,0,0,4,1,6,2,50,8,-1,-1,-1,-1,-1,-1
2018520807465,1,9,0,18,0,0,0,0,0,0,3,1,6,2,35,6,1896,2,11,3,1,3
2018520807465,2,9,0,18,0,0,0,0,0,0,4,1,6,1,68,10,1318,1,2,-1,-1,-1
2018520807472,1,9,0,18,0,8,0,0,0,0,1,1,6,1,81,11,1686,2,14,6,2,6
2018520807472,2,9,0,18,0,8,0,0,0,0,2,1,6,2,39,7,1896,2,8,6,2,6
2018520807488,1,11,0,18,0,0,0,0,0,0,1,1,6,1,68,10,4250,2,12,6,1,6
2018520807488,2,9,0,18,0,0,0,0,0,0,1,1,6,1,20,4,1587,1,15,5,3,5
2018520807489,1,9,0,5,0,0,0,0,0,0,1,1,6,1,29,6,998,1,4,-1,3,-1
2018520807489,2,9,0,18,0,0,0,0,0,0,1,1,6,2,27,6,1560,2,10,5,1,5
2018520807494,1,11,0,18,0,1,0,0,0,0,1,1,6,1,50,8,-1,-1,-1,2,1,2
2018520807494,2,9,0,18,0,4,0,0,0,0,2,1,6,2,25,5,1229,1,13,4,1,4
2018520807515,1,9,0,18,0,8,0,0,0,0,1,1,6,2,74,10,1248,1,5,9,2,9
2018520807515,2,9,0,18,0,8,0,0,0,0,1,1,6,1,25,5,1339,1,8,7,2,7
2018520807518,1,9,0,4,0,0,0,0,0,0,1,1,6,2,73,10,1197,1,2,10,2,10
2018520807518,2,9,0,18,0,0,0,0,0,0,2,1,6,1,46,8,1560,2,9,-1,3,-1
2018520807518,3,9,0,18,0,0,0,0,0,0,2,1,6,1,75,10,1398,1,8,4,1,4
2018520807518,4,9,0,18,0,0,0,0,0,0,2,1,6,1,54,8,1995,2,6,10,1,10
2018520807537,1,9,0,18,0,8,0,0,0,0,1,1,6,3,-1,-1,-1,-1,-1,-1,-1,-1
2018520807537,2,9,0,2,0,8,0,0,0,0,0,1,6,1,34,6,1910,2,13,-1,-1,-1
2018520807567,1,9,0,3,0,1,0,0,0,0,0,1,6,2,22,5,1242,1,8,6,2,6
2018520807567,2,9,0,3,0,1,0,0,0,0,2,1,1,3,-1,-1,-1,-1,-1,-1,-1,-1
2018520807593,1,9,0,18,0,0,0,0,0,0,4,1,6,1,57,9,1870,2,12,10,1,10
2018520807593,2,1,0,18,0,0,0,0,0,0,3,1,6,1,40,7,-1,-1,-1,-1,-1,-1
2018520807611,1,9,0,9,0,8,0,0,0,0,1,1,6,1,21,5,1596,1,12,1,1,1
2018520807611,2,9,0,18,0,8,0,0,0,0,1,1,6,2,59,9,1360,1,13,10,1,10
2018520807611,3,9,0,7,0,8,0,0,0,0,1,1,6,2,28,6,1364,1,13,6,1,6