Accident_Index,Vehicle_Reference,Vehicle_Type,Towing_and_Articulation,Vehicle_Manoeuvre,Vehicle_Location-Restricted_Lane,Junction_Location,Skidding_and_Overturning,Hit_Object_in_Carriageway,Vehicle_Leaving_Carriageway,Hit_Object_off_Carriageway,1st_Point_of_Impact,Was_Vehicle_Left_Hand_Drive?,Journey_Purpose_of_Driver,Sex_of_Driver,Age_of_Driver,Age_Band_of_Driver,Engine_Capacity_(CC),Propulsion_Code,Age_of_Vehicle,Driver_IMD_Decile,Driver_Home_Area_Type,Vehicle_IMD_Decile
2018520900729,2,1,0,18,0,8,0,0,0,0,1,1,6,1,52,8,-1,-1,-1,9,1,9
2018520900745,1,9,0,9,0,0,0,0,0,0,1,1,6,2,66,10,1796,1,17,5,3,5
2018520900745,2,3,0,18,0,0,0,0,0,0,1,1,6,1,28,6,1498,1,25,5,3,5
2018520900773,1,9,0,18,0,0,0,0,0,0,2,1,6,1,36,7,2616,1,14,9,1,9
2018520900773,2,9,0,18,0,0,0,0,0,0,1,1,6,3,30,6,1753,2,14,-1,-1,-1
2018520900783,1,9,0,18,0,0,5,0,0,4,1,1,6,1,48,8,1679,1,19,-1,-1,-1
2018520900791,1,9,0,18,0,1,0,0,2,2,1,1,6,1,23,5,-1,-1,-1,5,1,5
2018520900792,1,9,0,18,0,1,0,0,0,0,1,1,6,1,50,8,1796,1,15,9,2,9
2018520900792,2,20,0,9,0,1,0,0,0,0,2,1,6,1,26,6,-1,-1,-1,9,3,9
2018520900802,1,9,0,18,0,0,0,0,0,0,1,1,6,2,45,7,1499,1,1,4,-1,4
2018520900802,2,9,0,18,0,0,0,0,0,0,1,1,6,1,25,5,2793,1,21,8,3,8
2018520900806,1,19,0,18,0,1,0,0,1,4,1,1,6,1,23,5,1997,2,2,8,1,8
2018520900812,1,9,0,17,0,0,1,0,0,0,4,1,6,1,25,5,1968,2,6,10,1,10
2018520900812,2,9,0,18,0,0,0,0,0,0,3,1,6,2,34,6,1197,1,5,5,2,5
2018520900812,3,9,0,18,0,0,0,0,0,0,1,1,6,2,25,5,1968,2,4,-1,-1,-1
2018520900812,4,19,0,18,0,0,0,0,0,0,1,1,6,1,41,7,2198,2,3,6,2,6
2018520900834,1,9,0,18,0,0,0,0,0,0,1,1,6,2,30,6,2143,2,3,-1,-1,-1
2018520900918,1,9,0,18,0,0,0,0,0,0,1,1,6,1,31,6,2198,1,13,5,1,5
2018520900918,2,9,0,18,0,0,0,0,0,0,1,1,6,1,52,8,1364,1,2,5,2,5
2018520900919,1,9,0,18,0,4,0,0,3,0,1,1,6,1,69,10,1499,2,3,-1,-1,-1
2018520900919,2,9,0,18,0,4,0,0,0,0,4,1,6,2,68,10,1597,2,3,4,3,4
2018520900968,1,9,0,18,0,0,0,0,0,0,4,1,6,2,56,9,-1,-1,-1,7,3,7
2018520900968,2,9,0,18,0,0,0,0,0,0,0,1,6,1,57,9,1328,1,4,8,1,8
2018520900968,3,1,0,18,0,0,0,0,0,0,3,1,6,1,33,6,-1,-1,-1,6,1,6
2018520900968,4,9,0,2,0,0,0,0,0,0,0,1,1,1,32,6,2143,2,7,8,1,8
2018520900984,1,21,0,18,0,0,0,0,0,0,1,1,6,1,29,6,6700,2,2,4,2,4
2018520900984,2,9,0,3,0,0,0,0,0,0,2,1,6,2,21,5,1598,1,10,1,1,1
2018520900984,3,9,0,3,0,0,0,0,0,0,2,1,6,1,23,5,1399,2,7,6,3,6
2018520900986,1,9,0,18,0,0,0,0,0,0,1,1,1,2,32,6,2496,1,15,-1,-1,-1
2018520900990,1,9,0,18,0,0,0,0,0,0,2,1,6,2,23,5,1399,2,12,5,1,5
2018520900990,2,9,0,18,0,0,0,0,0,0,2,1,6,1,54,8,1968,2,-1,-1,1,-1
2018520900990,3,9,0,18,0,0,0,0,0,0,1,1,6,1,21,5,1499,1,1,7,1,7
2018520900997,1,9,0,18,0,0,0,0,0,0,2,1,6,1,58,9,1997,1,12,-1,-1,-1
2018520900997,2,9,0,18,0,0,0,0,0,0,1,1,6,1,18,4,-1,-1,-1,-1,-1,-1
2018520900998,1,3,0,18,0,0,0,0,1,10,1,1,6,1,27,6,125,1,8,8,2,8
2018520900999,1,19,0,9,0,5,0,0,0,0,4,1,6,1,49,8,1753,2,10,8,3,8
2018520901002,1,9,0,18,0,1,0,0,1,10,3,1,6,2,30,6,1598,1,15,6,3,6
2018520901002,2,9,0,18,0,8,0,0,0,0,0,1,6,3,-1,-1,-1,-1,-1,-1,-1,-1
2018520901007,1,5,0,18,0,8,0,0,0,0,1,1,6,1,65,9,599,1,22,4,1,4
2018520901007,2,9,0,9,0,8,0,0,0,0,1,1,6,2,18,4,1388,1,11,9,1,9
2018520901028,1,19,0,18,0,0,0,0,0,0,1,1,6,1,24,5,1995,2,1,10,1,10
2018520901045,1,9,0,18,0,0,0,0,0,0,1,1,6,1,28,6,1124,1,15,-1,-1,-1
2018520901058,1,5,0,18,0,0,0,7,4,6,1,1,6,1,58,9,599,1,14,-1,-1,-1
2018520901060,1,9,0,18,0,0,1,0,0,10,1,1,6,2,17,4,-1,-1,-1,10,-1,10
2018520901076,1,9,0,10,0,1,0,0,0,0,1,1,6,1,56,9,1360,1,15,7,3,7
2018520901076,2,9,0,18,0,1,0,0,0,0,1,1,6,2,56,9,1339,1,4,7,3,7
2018520901081,1,9,0,18,0,0,0,0,0,0,3,1,6,2,79,11,1388,1,7,6,2,6
2018520901081,2,9,0,18,0,0,0,0,0,0,3,1,6,1,18,4,-1,-1,-1,8,3,8
2018520901083,1,9,0,18,0,8,0,0,0,0,1,1,6,2,34,6,1896,2,9,2,1,2
2018520901083,2,9,0,18,0,8,0,0,0,0,2,1,6,2,27,6,1995,2,10,1,1,1
2018520901090,1,9,0,18,0,1,0,0,0,0,4,1,6,1,22,5,2495,2,14,-1,-1,-1
2018520901090,2,9,0,18,0,2,0,0,0,0,1,1,6,2,58,9,1596,1,13,-1,-1,-1
2018520901107,1,9,0,18,0,8,0,0,0,0,4,1,6,1,25,5,1896,2,11,5,1,5
2018520901109,1,9,0,18,0,0,0,0,1,0,1,1,6,1,89,11,1298,1,11,6,1,6
2018520901136,1,9,0,18,0,0,0,10,2,4,1,1,1,2,64,9,-1,-1,-1,-1,-1,-1
2018520901145,1,21,2,18,0,0,0,5,0,10,1,1,1,1,44,7,-1,-1,-1,-1,-1,-1
2018520901148,1,9,0,7,0,2,0,0,1,4,1,1,6,1,39,7,1896,2,11,7,3,7
2018520901163,1,9,0,9,0,1,0,0,0,0,1,1,6,1,71,10,1061,1,12,8,3,8
2018520901163,2,1,0,18,0,1,0,0,0,0,1,1,6,1,21,5,-1,-1,-1,-1,-1,-1
2018520901169,1,9,0,18,0,0,0,0,0,0,1,1,6,1,49,8,1968,2,10,-1,-1,-1
2018520901169,2,9,0,3,0,0,0,0,0,0,2,1,6,1,36,7,1197,1,5,2,1,2
2018520901175,1,9,0,18,0,0,5,0,0,10,1,1,6,1,21,5,998,1,5,8,2,8
2018520901175,2,17,0,18,0,0,0,0,0,0,2,1,6,1,19,4,6056,2,-1,5,3,5
2018520901175,3,9,0,18,0,0,0,0,0,0,2,1,6,1,33,6,1388,1,7,5,2,5
2018520901190,1,3,0,18,0,1,0,0,1,0,2,1,6,1,41,7,1170,1,9,-1,-1,-1
2018520901190,2,9,0,9,0,6,0,0,0,0,0,1,6,3,-1,-1,-1,-1,-1,-1,-1,-1
2018520901193,1,9,0,9,0,1,0,0,0,0,2,1,6,1,33,6,1753,2,17,-1,-1,-1
2018520901193,2,9,0,18,0,1,0,0,0,0,1,1,6,1,24,5,-1,-1,-1,-1,-1,-1
2018520901193,3,9,0,18,0,1,0,0,0,0,1,1,6,1,17,4,1242,1,16,8,3,8
2018520901203,1,9,0,18,0,8,0,0,0,0,1,1,6,1,21,5,-1,-1,-1,4,1,4
2018520901203,2,19,0,9,0,8,0,0,0,0,1,1,6,1,42,7,-1,-1,-1,8,3,8
2018520901207,1,9,0,18,0,8,0,0,0,0,1,1,6,1,63,9,1328,1,2,8,2,8
2018520901207,2,9,0,18,0,8,0,0,0,0,1,1,6,2,53,8,1461,2,4,4,3,4
2018520901207,3,9,0,18,0,8,0,0,0,0,1,1,6,1,37,7,1986,2,12,5,3,5
2018520901215,1,9,0,10,0,0,0,0,0,0,4,1,6,1,49,8,998,1,2,2,1,2
2018520901215,2,9,0,18,0,0,0,0,0,0,4,1,6,1,39,7,-1,-1,-1,3,1,3
2018520901221,1,9,0,18,0,0,0,0,1,4,1,1,6,1,32,6,-1,-1,-1,3,1,3
2018520901233,1,9,0,18,0,0,0,0,0,0,1,1,6,1,37,7,-1,-1,-1,1,1,1
2018520901233,2,9,0,18,0,0,0,0,1,9,2,1,6,1,49,8,1343,1,13,6,1,6
2018520901235,1,9,0,18,0,0,0,0,0,0,1,1,6,1,86,11,1796,1,22,3,1,3
2018520901235,2,9,0,3,0,0,0,0,0,0,1,1,6,1,32,6,1956,2,5,3,1,3
2018520901241,1,9,0,9,0,6,0,0,0,0,1,1,6,1,29,6,-1,-1,-1,-1,-1,-1
2018520901241,2,9,0,18,0,1,0,0,0,0,1,1,6,2,30,6,1560,2,10,4,3,4
2018520901242,1,9,0,7,0,6,0,0,0,0,1,1,6,1,42,7,1796,1,16,9,1,9
2018520901242,2,9,0,13,0,1,0,0,0,0,1,1,6,2,49,8,1493,1,21,5,2,5
2018520901242,3,17,0,18,0,8,0,0,0,0,0,1,6,1,31,6,-1,2,11,6,3,6
2018520901243,1,9,0,18,0,0,0,0,0,0,2,1,6,2,49,8,1968,2,1,7,3,7
2018520901243,2,9,0,18,0,0,0,0,0,0,1,1,6,1,24,5,-1,-1,-1,10,1,10
2018520901251,1,9,0,18,0,0,0,0,0,0,1,1,6,1,21,5,-1,-1,-1,-1,-1,-1
2018520901251,2,9,0,18,0,0,0,0,0,0,2,1,6,2,81,11,1997,2,14,5,3,5
2018520901251,3,9,0,2,0,0,0,0,0,0,2,1,6,1,60,9,1199,1,15,4,1,4
2018520901267,1,9,0,9,0,5,0,0,0,0,4,1,6,1,56,9,1997,2,7,3,1,3
2018520901267,2,5,0,18,0,1,0,0,0,0,4,1,6,1,25,5,-1,-1,-1,-1,-1,-1
2018520901279,1,9,0,18,0,0,1,10,0,4,3,1,6,1,45,7,4280,1,25,7,1,7
2018520901285,1,9,0,18,0,0,0,0,0,0,0,1,6,1,43,7,-1,-1,-1,5,1,5
2018520901285,2,9,0,18,0,0,0,0,0,0,1,1,6,1,23,5,-1,-1,-1,7,1,7
2018520901292,1,9,0,18,0,0,0,0,1,10,1,1,6,1,47,8,1124,1,11,7,3,7
2018520901295,1,3,0,18,0,1,1,0,0,0,0,1,6,1,20,4,125,1,3,9,1,9
2018520901295,2,9,0,7,0,8,0,0,0,0,0,1,6,2,38,7,1598,1,9,5,1,5
2018520901297,1,9,0,7,0,8,0,0,0,0,1,1,6,1,75,10,2188,2,11,7,1,7
2018520901297,2,9,0,18,0,8,0,0,0,0,1,1,6,1,53,8,2698,2,12,7,3,7
2018520901311,1,9,0,18,0,1,0,0,0,0,1,1,6,2,25,5,998,1,4,5,1,5
2018520901311,2,9,0,9,0,8,0,0,0,0,3,1,6,1,18,4,1396,1,8,5,1,5
2018520901314,1,9,0,9,0,3,0,0,0,0,1,1,6,1,58,9,3095,2,21,7,3,7
2018520901314,2,9,0,9,0,5,0,0,0,0,3,1,6,1,30,6,-1,-1,-1,4,3,4
2018520901315,1,9,0,9,0,8,0,0,0,0,2,1,6,2,77,11,1329,1,7,4,3,4
2018520901315,2,3,0,18,0,8,0,0,0,0,1,1,6,1,53,8,599,1,26,4,3,4
2018520901318,1,9,0,18,0,0,0,0,0,0,1,1,6,1,54,8,-1,-1,-1,5,1,5
2018520901323,1,9,0,18,0,8,0,0,0,0,1,1,6,1,37,7,4999,1,1,7,1,7
2018520901323,2,9,0,18,0,8,0,0,0,0,1,1,6,1,34,6,1968,2,3,8,1,8
2018520901330,1,9,0,18,0,0,0,0,0,0,1,1,6,2,61,9,-1,-1,-1,6,3,6
2018520901330,2,9,0,18,0,0,0,0,0,0,1,1,6,2,21,5,-1,-1,-1,-1,-1,-1
2018520901336,1,9,0,18,0,0,0,10,1,0,1,1,6,1,18,4,-1,-1,-1,6,3,6
2018520901338,1,9,0,18,0,0,0,0,7,10,1,1,6,1,44,7,1422,2,10,9,1,9
2018520901339,1,9,0,18,0,0,0,0,7,10,3,1,6,1,22,5,1360,1,18,5,2,5
2018520901340,1,1,0,18,0,0,0,0,0,0,1,1,6,1,40,7,-1,-1,-1,7,2,7
2018520901340,2,9,0,18,0,0,0,0,0,0,2,1,6,2,37,7,-1,-1,-1,5,1,5
2018520901346,1,4,0,18,0,1,0,0,0,0,1,1,6,1,40,7,1050,1,13,7,3,7
2018520901346,2,9,0,9,0,8,0,0,0,0,1,1,6,2,48,8,1242,1,2,6,1,6
2018520901348,1,9,0,9,0,1,0,0,0,0,1,1,6,2,36,7,1686,2,13,2,1,2
2018520901348,2,22,0,18,0,1,0,0,0,0,1,1,6,1,51,8,-1,-1,-1,2,1,2
2018520901361,1,19,0,18,0,8,0,0,0,0,1,1,6,1,24,5,1997,2,3,2,1,2
2018520901361,2,9,0,18,0,8,0,0,0,0,1,1,6,2,49,8,-1,-1,-1,8,1,8
2018520901362,1,9,0,18,0,0,0,0,0,0,3,1,6,2,20,4,1968,2,3,5,2,5
2018520901362,2,21,0,18,0,0,0,0,0,0,1,1,6,1,72,10,6370,2,15,10,1,10
2018520901365,1,9,0,18,0,0,0,0,0,0,2,1,6,2,26,6,1560,2,11,5,1,5
2018520901365,2,9,0,18,0,0,0,0,0,0,2,1,6,1,36,7,2993,2,6,-1,-1,-1
2018520901365,3,9,0,18,0,0,0,0,0,0,2,1,6,1,43,7,1968,2,2,9,2,9
2018520901366,1,9,0,18,0,1,0,0,0,0,1,1,6,1,71,10,1598,2,3,9,1,9
2018520901366,2,9,0,3,0,1,0,0,0,0,2,1,6,1,27,6,-1,-1,-1,8,3,8
2018520901366,3,9,0,10,0,1,0,0,0,0,2,1,6,1,61,9,2191,2,1,4,3,4
2018520901369,1,9,0,18,0,8,0,0,0,0,1,1,6,1,30,6,1956,2,5,8,2,8
2018520901372,1,9,0,18,0,0,0,0,0,0,1,1,6,2,24,5,1998,1,15,4,3,4
2018520901372,2,9,0,18,0,0,0,0,0,0,1,1,6,2,23,5,1586,1,3,9,1,9
2018520901374,1,9,0,18,0,1,0,0,0,0,3,1,6,3,-1,-1,-1,-1,-1,-1,-1,-1
2018520901374,2,9,0,18,0,2,0,0,0,0,4,1,6,1,76,11,1461,2,9,8,2,8
2018520901378,1,9,0,13,0,0,0,0,0,0,3,1,6,1,57,9,-1,-1,-1,6,3,6
2018520901378,2,5,0,13,0,0,0,0,0,0,4,1,6,1,63,9,1130,1,18,9,2,9
2018520901397,1,9,0,15,0,0,0,7,0,0,1,1,6,2,65,9,1984,1,2,8,3,8
2018520901410,1,9,0,9,0,6,0,0,7,9,1,1,6,2,29,6,-1,-1,-1,7,1,7
2018520901410,2,9,0,18,0,2,0,0,0,0,1,1,6,2,24,5,-1,-1,-1,4,1,4
2018520901411,1,9,0,18,0,0,0,0,0,0,1,1,6,1,17,4,1242,1,13,6,3,6
2018520901413,1,9,0,18,0,0,0,0,0,0,1,1,6,1,19,4,1997,1,16,9,3,9
2018520901413,2,9,0,18,0,0,0,0,0,0,1,1,6,1,45,7,1242,1,2,5,1,5
2018520901416,1,9,0,18,0,0,0,0,0,0,4,1,6,1,30,6,-1,-1,-1,6,3,6
2018520901422,1,9,0,18,0,2,0,0,0,0,1,1,6,2,82,11,2198,1,17,8,1,8
2018520901422,2,9,0,2,0,2,0,0,0,0,2,1,6,2,65,9,998,1,4,-1,-1,-1
2018520901423,1,9,0,18,0,0,0,0,1,4,1,1,6,1,50,8,1997,2,10,6,3,6
2018520901433,1,9,0,18,0,8,0,0,0,0,1,1,6,1,50,8,1461,2,1,5,1,5
2018520901438,1,9,0,18,0,0,0,0,0,0,1,1,6,2,25,5,1242,1,11,9,3,9
2018520901438,2,22,0,18,0,0,0,0,0,0,1,1,6,1,84,11,-1,-1,-1,-1,-1,-1
2018520901445,1,9,0,18,0,0,0,0,1,10,1,1,6,1,89,11,1997,1,3,5,3,5
2018520901456,1,9,0,18,0,0,0,0,0,0,2,1,6,1,39,7,1951,2,13,7,-1,7
2018520901456,2,9,0,18,0,0,0,0,0,0,1,1,6,1,77,11,1497,1,17,3,2,3
2018520901459,1,9,0,18,0,0,0,0,0,0,1,1,6,1,44,7,1124,1,12,4,1,4
2018520901459,2,9,0,2,9,0,0,4,0,0,4,1,6,3,-1,-1,2497,2,17,-1,-1,-1
2018520901459,3,9,0,2,9,0,0,0,0,0,2,1,6,3,-1,-1,-1,-1,-1,-1,-1,-1
2018520901467,1,9,0,18,0,0,0,0,0,0,4,1,6,1,71,10,-1,-1,-1,3,1,3
2018520901467,2,1,0,18,0,0,0,0,0,0,3,1,6,1,19,4,-1,-1,-1,6,1,6
2018520901493,1,19,0,18,0,0,0,0,0,0,1,1,6,1,37,7,1996,2,8,8,2,8
2018520901493,2,9,0,10,0,0,0,0,0,0,2,1,6,2,47,8,1968,2,3,3,1,3
2018520901494,1,9,0,18,0,0,0,0,7,4,1,1,6,1,50,8,1896,2,14,8,1,8
2018520901494,2,9,0,18,0,0,0,0,0,0,0,1,6,1,40,7,-1,-1,-1,-1,-1,-1
2018520901495,1,9,0,18,0,0,0,0,0,0,3,1,6,2,75,10,1591,1,2,8,2,8
2018520901495,2,9,0,18,0,0,0,0,0,0,3,1,6,1,25,5,996,1,5,6,3,6
2018520901513,1,9,0,18,0,8,0,0,0,0,1,1,6,2,64,9,-1,-1,-1,8,1,8
2018520901513,2,1,0,18,0,8,0,0,0,0,2,1,6,2,45,7,-1,-1,-1,2,1,2
2018520901514,1,9,0,18,0,8,0,0,7,10,3,1,6,1,51,8,-1,-1,-1,-1,-1,-1
2018520901518,1,9,0,18,0,0,1,0,1,10,4,1,6,1,22,5,1834,1,12,10,1,10
2018520901527,1,9,0,18,0,0,0,0,1,10,1,1,6,2,20,4,1246,1,13,5,1,5
2018520901532,1,9,0,18,1,0,0,0,0,0,1,1,6,2,20,4,999,1,13,6,3,6
2018520901532,2,9,0,18,0,0,0,0,1,9,1,1,6,1,46,8,1560,2,6,5,1,5
2018520901534,1,9,0,18,0,8,0,0,0,0,1,1,6,1,30,6,1364,1,12,8,2,8
2018520901537,1,9,0,18,0,0,1,0,0,0,1,1,6,1,29,6,2495,2,21,5,1,5
2018520901537,2,9,0,18,0,0,0,0,0,0,1,1,6,2,62,9,1560,2,-1,5,1,5
2018520901548,1,9,0,18,0,0,0,0,1,10,1,1,6,1,18,4,1796,1,16,6,3,6
2018520901550,1,9,0,18,0,8,0,0,0,0,1,1,6,1,30,6,-1,-1,-1,5,1,5
2018520901550,2,9,0,9,0,8,0,0,0,0,1,1,6,1,52,8,1986,2,13,1,1,1
2018520901552,1,9,0,18,0,8,0,0,0,0,1,1,6,1,50,8,1242,1,13,8,2,8
2018520901552,2,9,0,7,0,6,0,0,0,0,1,1,6,1,83,11,1360,1,13,-1,-1,-1
2018520901555,1,9,0,18,0,0,0,0,0,0,1,1,6,1,24,5,1242,1,11,6,1,6
2018520901558,1,9,0,18,0,0,0,0,0,6,1,1,6,1,24,5,999,1,20,4,2,4
2018520901558,2,9,0,18,0,0,0,0,0,0,0,1,6,3,-1,-1,-1,-1,-1,-1,-1,-1
2018520901562,1,9,0,1,0,1,0,0,0,0,1,1,6,1,47,8,-1,-1,-1,-1,-1,-1
2018520901562,2,3,0,18,0,1,0,0,0,0,1,1,6,1,24,5,125,1,1,5,3,5
2018520901565,1,9,0,18,0,0,1,0,0,0,3,1,6,2,18,4,1124,1,18,6,3,6
2018520901565,2,9,0,18,0,0,0,0,0,3,1,1,6,1,70,10,1461,2,1,6,2,6
2018520901571,1,9,0,7,0,1,0,0,0,0,3,1,6,1,54,8,-1,-1,-1,6,3,6
2018520901571,2,3,0,18,0,8,0,0,0,0,3,1,6,1,19,4,124,1,4,7,3,7
2018520901579,1,9,0,18,0,8,0,0,0,0,1,1,6,1,56,9,1248,1,5,3,1,3
2018520901579,2,1,0,18,0,8,0,0,0,0,1,1,6,1,30,6,-1,-1,-1,-1,-1,-1
2018520901583,1,9,0,18,0,0,0,0,0,0,1,1,6,2,17,4,1399,2,13,7,1,7
2018520901588,1,9,0,16,0,0,0,0,7,10,3,1,6,1,75,10,-1,-1,-1,8,1,8
2018520901592,1,9,0,18,0,0,0,0,0,0,1,1,6,2,22,5,1198,1,12,8,3,8
2018520901592,2,9,0,18,0,0,0,0,0,0,2,1,6,1,22,5,2967,2,9,10,1,10
2018520901593,1,4,0,9,0,8,0,0,0,0,4,1,6,1,20,4,955,1,16,7,3,7
2018520901593,2,21,0,9,0,8,0,0,0,0,3,1,6,1,42,7,-1,-1,-1,8,-1,8
2018520901598,1,9,0,18,0,0,0,0,7,3,1,1,6,1,21,5,1198,1,14,4,1,4
2018520901600,1,3,0,18,0,0,0,0,0,0,3,1,6,1,20,4,124,1,2,5,1,5
2018520901600,2,9,0,18,0,0,0,0,0,0,3,1,6,1,40,7,-1,-1,-1,-1,-1,-1
2018520901622,1,9,0,18,0,8,0,0,0,0,3,1,6,2,22,5,1597,2,3,5,3,5
2018520901622,2,9,0,18,0,8,0,0,0,0,1,1,6,1,26,6,-1,-1,-1,8,1,8
2018520901629,1,9,0,18,0,8,0,0,0,0,1,1,6,2,19,4,1149,1,6,6,3,6
2018520901633,1,9,0,17,0,8,0,0,0,0,1,1,6,2,57,9,998,1,3,5,3,5
2018520901633,2,9,0,18,0,8,0,0,0,0,4,1,6,1,62,9,1560,2,9,-1,3,-1
2018520901639,1,9,0,18,0,8,0,0,0,0,1,1,6,1,35,6,-1,-1,-1,2,1,2
2018520901652,1,9,0,18,0,0,0,0,0,0,1,1,6,1,83,11,-1,-1,-1,5,1,5
2018520901652,2,9,0,18,0,0,0,0,0,0,1,1,6,2,39,7,1596,1,13,-1,-1,-1
2018520901678,1,9,0,6,0,1,0,0,0,0,1,1,6,1,25,5,1796,1,20,6,3,6
2018520901678,2,9,0,18,0,1,0,0,0,0,4,1,6,2,51,8,1499,2,3,-1,-1,-1
2018520901679,1,9,0,18,0,1,0,0,0,10,1,1,6,1,72,10,1499,1,8,7,1,7
2018520901682,1,9,0,9,0,0,0,0,0,0,4,1,6,1,85,11,1388,1,11,2,1,2
2018520901682,2,9,0,18,0,0,0,0,0,0,1,1,6,1,17,4,1598,1,9,9,1,9
2018520901698,1,9,0,9,0,1,0,0,0,0,4,1,6,2,64,9,1397,1,16,4,1,4
2018520901698,2,5,0,15,0,1,0,0,0,0,4,1,6,1,34,6,599,1,12,7,3,7
2018520901699,1,9,0,18,0,0,0,0,0,0,1,1,6,1,40,7,2000,2,9,6,1,6
2018520901699,2,9,0,18,0,0,0,0,0,0,2,1,6,1,45,7,1997,1,9,9,1,9
2018520901774,1,9,0,18,0,0,0,0,0,0,1,1,6,1,18,4,1600,1,18,8,1,8
2018520901840,1,9,0,18,0,0,5,0,0,0,3,1,6,1,53,8,1390,1,8,4,3,4
2018520901860,1,9,0,7,0,6,0,0,0,0,1,1,6,2,69,10,2143,2,3,4,1,4
2018520901860,2,5,0,18,0,8,0,0,0,0,4,1,6,1,48,8,-1,-1,-1,8,1,8
2018520901893,1,9,0,18,0,0,0,0,0,0,1,1,6,2,51,8,1149,1,11,-1,1,-1
2018520901893,2,9,0,18,0,0,0,0,0,0,1,1,6,1,22,5,1596,1,17,6,3,6
2018520901908,1,9,0,18,0,1,0,0,0,0,1,1,6,1,96,11,1796,1,18,8,1,8
2018520901908,2,9,0,4,0,1,0,0,0,0,2,1,6,1,50,8,1598,2,3,6,1,6
2018520901908,3,9,0,9,0,1,0,0,0,0,2,1,6,1,23,5,1995,2,6,9,1,9
2018520901932,1,11,0,18,0,0,0,0,0,0,2,1,6,1,37,7,-1,-1,-1,-1,-1,-1
2018520901932,2,1,0,18,0,0,0,0,0,0,1,1,6,1,78,11,-1,-1,-1,7,3,7
2018520901967,1,9,0,7,0,0,0,0,0,0,1,1,6,2,33,6,-1,-1,-1,7,1,7
2018520901967,2,1,0,18,0,0,0,0,0,0,2,1,6,1,15,3,-1,-1,-1,8,1,8
2018520901969,1,9,0,18,0,0,0,0,0,0,1,1,6,2,33,6,1560,2,4,5,3,5
2018520901973,1,9,0,9,0,1,0,0,0,0,1,1,6,1,30,6,1124,1,15,4,2,4
2018520901976,1,9,0,18,0,1,0,0,0,0,1,1,6,2,41,7,-1,-1,-1,1,1,1
2018520901976,2,9,0,18,0,2,0,0,0,0,1,1,6,2,74,10,-1,-1,-1,6,3,6
2018520902025,1,9,0,18,0,8,0,0,8,10,4,1,6,1,43,7,1364,2,12,5,1,5
2018520902025,2,9,0,18,0,8,0,0,0,0,3,1,6,2,28,6,1248,2,6,7,1,7
2018520902060,1,9,0,18,0,0,0,0,4,9,1,1,6,2,19,4,1299,1,16,6,2,6
2018520902070,1,9,0,9,0,6,0,0,0,0,1,1,6,1,26,6,-1,-1,-1,2,1,2
2018520902080,1,9,0,18,0,0,0,0,7,9,3,1,6,1,19,4,-1,-1,-1,2,1,2
2018520902089,1,9,0,18,0,0,0,0,0,0,1,1,6,3,-1,-1,-1,-1,-1,-1,-1,-1
2018520902092,1,20,0,18,0,1,0,0,0,0,1,1,6,1,48,8,-1,-1,-1,5,3,5
2018520902092,2,4,0,7,0,5,0,0,0,0,2,1,6,1,20,4,124,1,1,10,1,10
2018520902102,1,9,0,18,0,8,0,0,0,0,1,1,6,1,34,6,1968,2,4,6,2,6
2018520902102,2,9,0,18,0,8,0,0,7,1,4,1,6,2,21,5,998,1,11,9,3,9
2018520902106,1,9,0,18,0,1,1,0,0,0,3,1,6,2,52,8,1973,1,17,-1,-1,-1
2018520902106,2,9,0,18,0,1,0,0,0,0,1,1,6,1,21,5,1598,2,-1,8,1,8
2018520902115,1,9,0,4,0,0,0,10,1,10,1,1,6,1,80,11,-1,-1,-1,5,2,5
2018520902124,1,9,0,7,0,6,0,0,0,0,3,1,6,2,30,6,1149,1,5,1,1,1
2018520902124,2,9,0,18,0,8,0,0,0,0,1,1,6,2,32,6,1896,2,11,6,3,6
2018520902126,1,9,0,7,0,8,0,0,0,0,3,1,6,2,91,11,1461,2,2,6,2,6
2018520902126,2,9,0,18,0,8,0,0,0,0,1,1,6,1,50,8,1000,1,5,5,1,5
2018520902137,1,19,0,18,0,8,0,0,0,0,1,1,6,1,56,9,2143,2,6,6,1,6
2018520902137,2,9,0,18,0,8,0,0,7,2,1,1,6,2,53,8,1590,1,14,4,1,4
2018520902137,3,19,0,3,0,1,0,0,0,0,1,1,6,2,52,8,2287,2,2,7,1,7
2018520902138,1,9,0,18,0,0,0,0,1,10,1,1,6,1,21,5,1364,1,14,5,2,5
2018520902138,2,9,0,18,0,0,0,0,0,0,1,1,6,2,30,6,996,1,6,-1,-1,-1
2018520902141,1,9,0,18,0,0,0,0,0,0,1,1,6,1,29,6,1591,1,6,8,1,8
2018520902146,1,3,0,18,0,1,0,0,0,0,1,1,6,1,59,9,124,1,2,2,1,2
2018520902146,2,9,0,9,0,1,0,0,0,0,4,1,6,1,70,10,1349,1,4,3,1,3
2018520902170,1,9,0,18,0,8,0,0,0,0,1,1,6,1,68,10,1560,2,3,5,2,5
2018520902170,2,9,0,9,0,1,0,0,0,0,1,1,6,1,38,7,-1,-1,-1,7,1,7