Accident_Index,Vehicle_Reference,Vehicle_Type,Towing_and_Articulation,Vehicle_Manoeuvre,Vehicle_Location-Restricted_Lane,Junction_Location,Skidding_and_Overturning,Hit_Object_in_Carriageway,Vehicle_Leaving_Carriageway,Hit_Object_off_Carriageway,1st_Point_of_Impact,Was_Vehicle_Left_Hand_Drive?,Journey_Purpose_of_Driver,Sex_of_Driver,Age_of_Driver,Age_Band_of_Driver,Engine_Capacity_(CC),Propulsion_Code,Age_of_Vehicle,Driver_IMD_Decile,Driver_Home_Area_Type,Vehicle_IMD_Decile
2018521801307,2,3,0,18,0,0,0,0,0,0,3,1,6,2,34,6,125,1,2,-1,-1,-1
2018521801320,1,9,0,18,0,5,0,10,0,1,4,1,6,2,22,5,-1,-1,-1,8,1,8
2018521801321,1,9,0,18,0,4,0,0,0,0,4,1,1,1,46,8,1560,2,1,6,1,6
2018521801323,1,9,0,11,0,8,0,0,0,0,3,1,6,1,36,7,1598,2,5,8,3,8
2018521801323,2,3,0,18,0,8,0,0,0,0,3,1,6,1,49,8,-1,-1,-1,6,1,6
2018521801325,1,9,0,18,0,0,0,0,0,0,0,1,6,1,51,8,-1,-1,-1,6,3,6
2018521801327,1,9,0,4,0,8,0,0,0,0,3,1,6,2,48,8,1560,2,7,5,1,5
2018521801327,2,1,0,18,0,1,0,0,0,0,1,1,6,1,46,8,-1,-1,-1,6,3,6
2018521801328,1,9,0,18,0,1,1,0,7,10,1,1,6,2,18,4,1229,1,5,10,1,10
2018521801330,1,9,0,9,0,8,0,0,0,0,1,1,6,1,48,8,2402,2,8,9,1,9
2018521801330,2,1,0,10,0,8,0,0,0,0,3,1,6,1,31,6,-1,-1,-1,2,1,2
2018521801334,1,9,0,18,0,8,0,0,0,0,4,1,6,1,75,10,998,1,6,2,1,2
2018521801334,2,9,0,6,0,8,0,0,0,0,1,1,6,1,38,7,1390,1,15,2,1,2
2018521801335,1,9,0,18,0,8,0,0,0,0,1,1,6,1,48,8,999,1,1,3,1,3
2018521801339,1,9,0,18,0,1,0,0,0,0,1,1,6,2,23,5,1398,2,5,4,1,4
2018521801339,2,9,0,5,0,1,0,0,0,0,3,1,6,1,28,6,-1,-1,-1,-1,-1,-1
2018521801343,1,9,0,18,0,0,0,0,0,0,1,1,6,1,64,9,1598,2,6,4,1,4
2018521801343,2,9,0,18,0,0,0,0,0,0,1,1,6,1,32,6,1388,1,12,-1,-1,-1
2018521801343,3,9,0,2,0,0,0,0,0,0,1,1,6,3,-1,-1,1390,1,16,-1,-1,-1
2018521801354,1,9,0,17,0,8,0,0,0,0,3,1,6,1,25,5,2199,2,5,1,1,1
2018521801355,1,9,0,18,0,8,0,0,0,0,1,1,6,2,42,7,-1,-1,-1,8,2,8
2018521801355,2,3,0,18,0,8,0,0,0,0,1,1,6,1,26,6,124,1,9,9,2,9
2018521801358,1,9,0,18,0,1,0,0,0,0,1,1,6,2,21,5,1560,2,11,10,1,10
2018521801358,2,19,0,9,0,8,0,0,0,0,2,1,6,1,32,6,3198,2,1,5,2,5
2018521801361,1,9,0,18,0,0,0,0,0,0,1,1,6,1,73,10,2143,2,4,7,1,7
2018521801368,1,9,0,14,0,0,0,0,0,0,3,1,6,1,53,8,-1,-1,-1,3,1,3
2018521801368,2,9,0,18,0,0,0,0,0,0,3,1,6,2,46,8,1199,2,5,-1,-1,-1
2018521801368,3,19,0,2,0,0,0,0,0,0,0,1,1,1,36,7,-1,-1,-1,4,1,4
2018521801377,1,9,0,17,0,0,5,7,2,10,1,1,6,1,20,4,-1,-1,-1,4,1,4
2018521801382,1,9,0,18,0,8,0,0,0,0,1,1,6,3,28,6,-1,-1,-1,-1,-1,-1
2018521801382,2,1,0,18,0,8,0,0,0,0,4,1,6,1,17,4,-1,-1,-1,4,1,4
2018521801383,1,20,0,18,0,0,1,0,0,0,1,1,6,1,56,9,-1,-1,-1,6,1,6
2018521801383,2,9,0,18,0,0,0,0,0,0,2,1,6,1,44,7,-1,-1,-1,6,1,6
2018521801383,3,19,0,18,0,0,0,0,0,0,2,1,6,2,26,6,-1,-1,-1,-1,-1,-1
2018521801386,1,9,0,18,0,0,0,0,0,0,1,1,6,1,28,6,1968,2,2,3,2,3
2018521801386,2,9,0,18,0,0,0,0,0,0,2,1,6,2,22,5,1229,1,5,10,1,10
2018521801386,3,9,5,12,0,0,0,0,0,0,2,1,6,1,68,10,1995,2,1,-1,3,-1
2018521801388,1,9,0,18,0,2,0,0,0,0,1,1,6,1,23,5,-1,-1,-1,4,1,4
2018521801389,1,9,0,18,0,0,0,0,0,0,2,1,6,3,30,6,-1,-1,-1,-1,-1,-1
2018521801389,2,5,0,18,0,0,0,0,0,0,1,1,6,1,44,7,1199,1,16,3,1,3
2018521801390,1,9,0,18,0,1,0,0,0,0,1,1,6,2,52,8,1360,1,7,8,2,8
2018521801390,2,9,0,9,0,5,0,0,0,0,1,1,6,2,45,7,998,1,6,9,2,9
2018521801391,1,9,0,18,0,8,0,0,0,0,1,1,6,1,36,7,1582,2,7,6,1,6
2018521801391,2,1,0,18,0,8,0,0,0,0,1,1,6,1,27,6,-1,-1,-1,4,1,4
2018521801393,1,9,0,2,0,0,0,0,0,0,3,1,6,1,34,6,-1,-1,-1,2,1,2
2018521801393,2,9,0,18,0,0,0,8,0,0,1,1,6,1,48,8,-1,-1,-1,4,1,4
2018521801394,1,9,0,18,0,1,0,0,0,0,4,1,6,1,30,6,-1,-1,-1,6,1,6
2018521801395,1,9,0,18,0,0,0,0,0,0,1,1,6,2,50,8,1598,1,3,9,1,9
2018521801395,2,1,0,18,0,0,0,0,0,0,1,1,6,1,45,7,-1,-1,-1,5,1,5
2018521801397,1,9,0,18,0,0,0,0,0,0,1,1,6,2,46,8,1248,2,8,8,2,8
2018521801397,2,9,0,4,0,0,0,0,5,6,2,1,6,2,55,8,998,1,1,7,1,7
2018521801401,1,9,0,18,0,0,0,0,0,0,1,1,6,1,21,5,-1,-1,-1,4,1,4
2018521801401,2,9,0,18,0,0,0,0,0,0,3,1,6,1,56,9,-1,-1,-1,7,1,7
2018521801404,1,9,0,18,0,0,0,0,0,0,1,1,6,2,27,6,998,1,7,8,3,8
2018521801406,1,9,0,14,0,0,0,0,0,0,1,1,6,2,20,4,1598,1,12,1,1,1
2018521801410,1,1,0,13,0,1,0,0,0,0,4,1,6,1,30,6,-1,-1,-1,5,1,5
2018521801410,2,9,0,6,0,8,0,0,0,0,3,1,1,2,45,7,1461,2,3,7,1,7
2018521801414,1,9,0,18,0,1,0,0,0,0,1,1,6,2,53,8,1360,1,15,6,1,6
2018521801414,2,9,0,4,0,1,0,0,0,0,2,1,6,2,71,10,999,1,7,10,1,10
2018521801414,3,9,0,10,0,1,0,0,0,0,2,1,6,2,40,7,1796,1,16,9,2,9
2018521801439,1,9,3,9,2,8,0,0,0,0,4,1,6,1,57,9,-1,-1,-1,10,3,10
2018521801439,2,8,0,18,2,1,0,0,0,0,1,1,1,1,42,7,1968,2,4,2,1,2
2018521801446,1,9,0,18,0,0,0,0,0,0,2,1,6,1,47,8,1799,1,11,6,1,6
2018521801446,2,9,0,18,0,0,0,0,0,0,1,1,6,1,35,6,1587,1,12,-1,-1,-1
2018521801449,1,9,0,18,0,8,0,0,0,0,1,1,6,2,43,7,1968,2,8,2,1,2
2018521801449,2,9,0,9,0,8,0,0,0,0,3,1,6,1,36,7,-1,-1,-1,2,1,2
2018521801449,3,9,0,2,0,1,0,0,0,0,3,1,6,1,43,7,2996,2,8,4,1,4
2018521801450,1,9,0,18,0,1,0,0,0,0,1,1,6,1,42,7,1798,8,5,3,1,3
2018521801453,1,9,0,14,0,0,0,0,0,0,1,1,6,1,44,7,1984,1,13,2,1,2
2018521801453,2,11,0,2,0,0,0,0,0,0,2,1,6,1,28,6,6700,2,2,3,1,3
2018521801458,1,5,0,13,0,0,0,0,7,1,1,1,6,1,38,7,599,1,19,7,1,7
2018521801458,2,9,0,13,0,0,0,0,0,0,2,1,6,1,-1,-1,1956,2,7,9,1,9
2018521801467,1,19,0,18,0,0,0,0,0,0,4,1,1,1,33,6,2198,2,1,9,1,9
2018521801468,1,9,0,18,0,0,0,0,0,0,1,1,6,1,21,5,1229,1,11,9,1,9
2018521801468,2,9,0,18,0,0,0,0,0,0,2,1,6,2,23,5,998,1,10,4,1,4
2018521801468,3,9,0,18,0,0,0,0,0,0,2,1,6,1,-1,-1,4367,2,7,6,3,6
2018521801469,1,1,0,18,9,8,0,0,0,0,4,1,6,1,84,11,-1,-1,-1,10,1,10
2018521801469,2,9,0,7,0,6,0,0,0,0,1,1,6,1,50,8,1968,2,7,-1,-1,-1
2018521801470,1,9,0,16,0,3,0,0,0,0,3,1,6,1,71,10,1968,2,2,-1,-1,-1
2018521801470,2,9,0,13,0,3,0,0,0,0,4,1,6,3,-1,-1,2198,1,13,-1,-1,-1
2018521801477,1,9,0,4,0,0,0,0,0,0,1,1,6,1,21,5,1796,1,16,1,1,1
2018521801477,2,9,0,18,0,0,0,0,0,0,1,1,6,1,45,7,-1,-1,-1,4,1,4
2018521801484,1,9,0,18,0,0,0,0,7,10,1,1,6,2,37,7,-1,-1,-1,6,1,6
2018521801490,1,9,0,10,0,8,0,0,0,0,1,1,6,1,69,10,1198,1,13,9,1,9
2018521801490,2,9,0,18,0,1,0,0,0,0,1,1,6,1,43,7,-1,-1,-1,7,3,7
2018521801493,1,9,0,18,0,0,0,0,0,0,1,1,6,2,23,5,-1,-1,-1,10,1,10
2018521801495,1,9,0,18,0,0,2,0,1,1,1,1,6,2,24,5,-1,-1,-1,-1,1,-1
2018521801496,1,9,0,14,0,0,0,0,1,10,1,1,6,1,67,10,1598,2,3,9,1,9
2018521801498,1,9,0,9,0,5,0,0,0,0,4,1,6,1,56,9,1968,2,14,7,1,7
2018521801498,2,1,0,18,0,1,0,0,0,0,1,1,6,2,33,6,-1,-1,-1,3,1,3
2018521801499,1,1,0,10,0,8,0,0,0,0,1,1,6,2,61,9,-1,-1,-1,3,1,3
2018521801499,2,9,0,9,0,8,0,0,0,0,1,1,6,1,-1,-1,2179,2,7,-1,-1,-1
2018521801502,1,9,0,1,0,1,0,0,0,0,2,1,6,1,32,6,-1,-1,-1,1,1,1
2018521801502,2,3,0,18,0,1,0,0,0,0,1,1,6,1,25,5,124,1,3,1,1,1
2018521801503,1,9,0,18,0,8,0,0,0,0,1,1,6,1,62,9,-1,-1,-1,3,1,3
2018521801503,2,1,0,9,0,8,0,0,0,0,4,1,6,1,29,6,-1,-1,-1,2,1,2
2018521801505,1,9,0,18,0,1,0,0,0,0,1,1,6,2,19,4,1598,2,5,8,3,8
2018521801505,2,9,0,10,0,1,0,0,0,0,2,1,6,2,26,6,1995,2,9,2,1,2
2018521801509,1,9,0,18,0,2,0,0,0,0,1,1,6,1,58,9,-1,-1,-1,3,1,3
2018521801510,1,9,0,18,0,1,0,0,0,0,1,1,6,1,79,11,1364,1,1,7,1,7
2018521801511,1,9,0,18,0,8,0,0,0,0,4,1,6,1,40,7,1968,2,8,6,1,6
2018521801511,2,21,0,9,0,8,0,0,0,0,1,1,1,1,62,9,4764,2,6,7,1,7
2018521801512,1,9,0,14,0,1,0,0,0,0,1,1,6,1,21,5,1781,1,19,3,1,3
2018521801512,2,9,0,18,0,2,0,0,0,0,1,1,6,1,43,7,1242,1,18,9,1,9
2018521801513,1,9,0,18,0,8,0,0,0,0,4,1,6,2,85,11,-1,-1,-1,10,1,10
2018521801513,2,9,0,9,0,8,0,0,0,0,3,1,6,2,56,9,1242,1,6,6,1,6
2018521801516,1,9,0,18,0,1,0,0,0,0,1,1,1,1,33,6,1560,2,9,4,1,4
2018521801516,2,9,0,3,0,1,0,0,0,0,2,1,6,2,70,10,1560,2,5,6,1,6
2018521801525,1,9,0,18,0,0,0,0,0,0,1,1,6,2,39,7,-1,-1,-1,10,1,10
2018521801527,1,9,0,18,0,0,0,0,0,0,1,1,6,1,24,5,2143,2,2,10,1,10
2018521801527,2,1,0,18,0,0,0,0,0,0,3,1,6,2,49,8,-1,-1,-1,4,1,4
2018521801528,1,9,0,6,0,0,0,0,0,0,1,1,6,1,78,11,1149,1,7,10,1,10
2018521801528,2,9,0,18,0,0,0,0,0,0,1,1,6,2,47,8,898,1,2,9,3,9
2018521801529,1,9,0,4,0,0,0,0,0,0,2,1,6,1,25,5,1560,2,4,6,1,6
2018521801529,2,9,0,4,0,0,0,0,0,0,2,1,6,1,42,7,1753,2,11,9,1,9
2018521801529,3,9,0,4,0,0,0,0,0,0,1,1,6,1,27,6,1995,2,2,10,1,10
2018521801529,4,9,0,4,0,0,0,0,0,0,1,1,6,2,40,7,1388,1,13,3,1,3
2018521801531,1,9,0,18,0,0,0,0,0,0,1,1,6,1,45,7,1956,2,5,1,1,1
2018521801532,1,9,0,7,0,6,0,0,0,0,3,1,6,2,18,4,998,1,10,10,1,10
2018521801532,2,8,0,18,0,8,0,0,0,0,1,1,6,1,36,7,998,1,4,2,1,2
2018521801535,1,9,0,18,0,1,0,0,0,0,1,1,6,1,31,6,1686,2,6,4,1,4
2018521801536,1,5,0,18,0,1,0,0,0,0,0,1,6,1,35,6,999,1,9,7,1,7
2018521801536,2,1,0,11,0,1,0,0,0,0,0,1,6,1,22,5,-1,-1,-1,1,1,1
2018521801537,1,9,0,9,0,6,0,0,0,0,3,1,6,2,50,8,1598,1,17,9,1,9
2018521801537,2,1,0,18,0,8,0,0,0,0,1,1,6,1,58,9,-1,-1,-1,10,1,10
2018521801538,1,1,0,4,0,1,0,0,0,0,0,1,6,2,28,6,-1,-1,-1,4,1,4
2018521801538,2,9,0,9,0,1,0,0,0,0,0,1,6,2,48,8,1490,1,13,7,1,7
2018521801539,1,9,0,18,0,0,0,0,0,0,1,1,6,2,30,6,1388,1,13,5,1,5
2018521801542,1,9,0,18,0,1,2,0,0,0,1,1,6,1,26,6,1368,1,12,1,1,1
2018521801542,2,9,0,2,0,1,0,0,0,0,4,1,6,3,-1,-1,1596,1,14,-1,-1,-1
2018521801546,1,9,0,2,0,8,0,0,0,0,2,1,6,1,58,9,2494,1,17,4,1,4
2018521801546,2,9,0,5,0,8,0,0,0,0,1,1,6,1,40,7,-1,-1,-1,-1,-1,-1
2018521801547,1,9,0,3,0,0,0,0,0,0,2,1,6,1,57,9,1999,2,1,6,1,6
2018521801547,2,9,0,3,0,0,0,0,0,0,2,1,6,1,71,10,1998,1,11,10,1,10
2018521801547,3,9,0,18,0,0,0,0,0,0,1,1,6,2,18,4,1242,1,2,10,1,10
2018521801548,1,1,0,18,0,8,0,0,0,0,1,1,6,2,33,6,-1,-1,-1,6,1,6
2018521801548,2,9,0,9,0,5,0,0,0,0,1,1,6,1,23,5,1596,1,3,2,1,2
2018521801550,1,9,0,18,0,4,0,0,0,0,3,1,6,2,-1,-1,1998,2,13,10,1,10
2018521801550,2,1,0,18,0,8,0,0,0,0,1,1,6,1,69,10,-1,-1,-1,9,1,9
2018521801555,1,9,0,9,0,8,0,0,0,0,4,1,6,2,43,7,1968,2,6,1,1,1
2018521801555,2,9,0,18,0,8,0,0,0,0,1,1,6,3,23,5,1598,1,8,-1,-1,-1
2018521801555,3,9,0,18,0,8,0,0,0,0,0,1,6,3,26,6,-1,-1,-1,-1,-1,-1
2018521801563,1,4,0,13,0,0,0,0,1,0,1,1,6,1,22,5,125,1,13,10,1,10
2018521801563,2,9,0,18,0,0,0,0,0,0,3,1,6,1,51,8,1242,1,14,9,1,9
2018521801564,1,5,0,18,0,8,0,0,0,0,1,1,6,3,-1,-1,599,1,19,-1,-1,-1
2018521801564,2,9,0,9,0,1,0,0,0,0,1,1,6,2,19,4,998,1,1,3,1,3
2018521801565,1,8,0,18,0,0,0,0,0,0,3,1,6,1,65,9,1910,2,14,5,1,5
2018521801573,1,9,0,7,0,8,0,0,0,0,1,1,6,1,21,5,999,1,1,10,1,10
2018521801573,2,1,0,18,0,8,0,0,0,0,4,1,6,1,41,7,-1,-1,-1,6,1,6
2018521801582,1,9,0,2,0,0,0,0,0,0,3,1,6,1,41,7,1596,1,16,1,1,1
2018521801582,2,90,0,18,0,0,0,0,0,0,1,1,6,1,18,4,-1,-1,-1,-1,-1,-1
2018521801590,1,5,0,18,0,2,0,0,0,0,0,1,2,1,28,6,-1,-1,-1,9,1,9
2018521801590,2,9,0,12,0,2,0,0,0,0,0,1,6,1,45,7,-1,-1,-1,-1,-1,-1
2018521801626,1,9,0,17,0,8,0,0,0,0,1,1,6,2,32,6,1248,1,1,3,1,3
2018521801626,2,19,0,9,0,6,0,0,0,0,1,1,6,1,35,6,-1,-1,-1,3,1,3
2018521801629,1,9,0,18,0,0,0,0,0,0,1,1,6,3,-1,-1,1999,2,1,-1,-1,-1
2018521801629,2,9,0,4,0,0,0,0,0,0,1,1,6,2,75,10,1796,1,15,9,1,9
2018521801636,1,9,0,16,0,6,0,0,0,0,1,1,6,3,26,6,-1,-1,-1,-1,-1,-1
2018521801639,1,9,0,17,0,8,0,0,0,0,1,1,6,3,-1,-1,1461,2,13,-1,-1,-1
2018521801640,1,1,0,18,4,8,0,0,0,0,3,1,6,2,25,5,-1,-1,-1,6,1,6
2018521801640,2,9,0,5,0,8,0,0,0,0,1,1,6,2,37,7,1242,1,6,7,1,7
2018521801643,1,9,0,18,0,0,0,0,0,0,1,1,6,1,42,7,1149,1,10,1,1,1
2018521801644,1,9,0,18,0,1,0,0,0,0,1,1,6,2,20,4,1596,1,12,5,3,5
2018521801644,2,9,0,18,0,2,0,0,0,0,1,1,3,1,45,7,-1,-1,-1,10,1,10
2018521801649,1,9,0,18,0,0,0,0,0,0,1,1,6,1,81,11,-1,-1,-1,7,1,7
2018521801649,2,9,0,18,0,0,0,0,0,0,1,1,6,1,42,7,1997,2,3,1,1,1
2018521801654,1,9,0,10,0,8,0,0,0,0,2,1,6,1,41,7,2497,1,12,8,3,8
2018521801654,2,9,0,18,0,8,0,0,0,0,1,1,6,1,47,8,1997,2,9,7,3,7
2018521801661,1,9,0,4,0,2,0,0,0,0,2,1,6,1,17,4,1598,2,1,7,1,7
2018521801661,2,9,0,4,0,2,0,0,0,0,1,1,6,1,35,6,1781,1,15,2,1,2
2018521801664,1,9,0,18,0,0,0,0,0,0,1,1,6,1,57,9,-1,-1,-1,6,1,6
2018521801664,2,9,0,4,0,0,0,0,0,0,2,1,6,2,46,8,1598,1,2,10,1,10
2018521801664,3,90,0,18,0,0,0,0,0,0,0,1,6,2,29,6,-1,-1,-1,-1,-1,-1
2018521801665,1,9,0,18,0,0,0,0,7,10,3,1,6,1,71,10,2995,1,2,9,2,9
2018521801665,2,9,0,2,0,0,0,0,0,0,3,1,6,1,36,7,1598,2,2,5,1,5
2018521801668,1,9,0,6,0,0,0,0,0,0,4,1,6,3,-1,-1,-1,-1,-1,-1,-1,-1
2018521801668,2,5,0,18,0,0,0,0,0,0,1,1,6,1,50,8,1384,1,15,3,1,3
2018521801668,3,9,0,2,0,0,0,0,0,0,3,1,6,1,49,8,1461,2,5,3,1,3
2018521801673,1,4,0,18,0,8,0,0,0,0,1,1,6,1,33,6,-1,-1,-1,7,1,7
2018521801673,2,9,0,9,0,5,0,0,0,0,1,1,6,3,-1,-1,-1,-1,-1,-1,-1,-1
2018521801674,1,2,0,18,0,1,0,0,0,0,1,1,6,1,17,4,49,1,2,2,1,2
2018521801674,2,9,0,18,0,8,0,0,0,0,3,1,6,3,-1,-1,-1,-1,-1,-1,-1,-1
2018521801678,1,9,0,18,0,0,5,0,2,4,1,1,6,1,66,10,1198,1,3,8,1,8
2018521801678,2,9,0,4,0,0,0,0,0,0,3,1,6,1,55,8,1969,2,1,10,1,10
2018521801681,1,9,0,18,0,3,0,0,0,0,1,1,6,2,43,7,1229,1,12,7,1,7
2018521801685,1,9,0,18,0,1,0,0,0,0,1,1,6,1,53,8,1997,2,14,9,1,9
2018521801685,2,9,0,18,0,1,0,0,0,0,1,1,6,1,51,8,2776,2,10,9,2,9
2018521801689,1,9,0,18,0,8,0,0,0,0,1,1,6,1,23,5,-1,-1,-1,7,3,7
2018521801689,2,9,0,9,0,8,0,0,0,0,1,1,6,2,32,6,1995,2,12,7,1,7
2018521801699,1,4,0,9,0,6,0,0,0,0,3,1,6,1,19,4,124,1,3,5,1,5
2018521801699,2,9,0,5,0,6,0,0,0,0,1,1,6,2,30,6,998,1,3,-1,-1,-1
2018521801717,1,9,0,18,0,6,0,0,0,11,1,1,6,1,72,10,1997,1,9,9,2,9
2018521801723,1,1,0,5,0,4,0,0,0,0,4,1,1,1,29,6,-1,-1,-1,-1,1,-1
2018521801723,2,9,0,18,0,4,0,0,0,0,1,1,6,2,39,7,1199,1,15,-1,-1,-1
2018521801725,1,1,0,18,0,1,0,10,1,0,4,1,6,1,44,7,-1,-1,-1,9,1,9
2018521801725,2,9,0,13,0,1,0,0,0,0,4,1,6,1,20,4,-1,-1,-1,-1,-1,-1
2018521801741,1,9,0,18,0,0,0,0,0,0,4,1,6,1,20,4,1998,1,6,-1,-1,-1
2018521801758,1,9,0,18,0,0,0,0,0,0,1,1,2,2,31,6,996,1,7,4,3,4
2018521801758,2,9,0,4,0,0,0,0,0,0,2,1,6,1,39,7,1968,2,13,-1,-1,-1
2018521801764,1,9,0,13,0,0,0,10,7,0,1,1,6,1,23,5,698,1,14,5,1,5
2018521801764,2,9,0,18,0,0,0,0,0,0,1,1,6,2,28,6,1388,1,9,10,1,10
2018521801764,3,9,0,18,0,0,0,0,0,0,0,1,6,1,35,6,1994,1,17,10,1,10
2018521801774,1,3,0,5,0,0,0,0,0,0,4,1,6,1,52,8,124,1,14,8,1,8
2018521801774,2,9,0,2,0,0,0,0,0,0,3,1,6,3,-1,-1,999,1,4,-1,-1,-1
2018521801788,1,9,0,18,0,0,0,0,0,0,2,1,6,1,25,5,1995,2,9,8,1,8
2018521801788,2,9,0,18,0,0,0,0,0,0,1,1,6,3,-1,-1,1229,1,4,-1,-1,-1
2018521801796,1,9,0,18,0,0,0,0,0,0,1,1,6,2,25,5,1399,2,12,1,1,1
2018521801796,2,9,0,5,0,0,0,0,0,0,3,1,6,1,34,6,2967,2,4,1,1,1
2018521801797,1,9,0,18,0,0,0,0,0,0,1,1,6,2,47,8,2179,2,3,9,1,9
2018521801797,2,1,0,18,0,0,0,0,0,0,2,1,6,1,52,8,-1,-1,-1,5,1,5
2018521801802,1,8,0,18,0,0,0,0,0,0,1,1,6,1,32,6,1685,2,5,9,1,9
2018521801803,1,9,0,18,0,8,0,0,0,0,4,1,6,1,81,11,1896,2,20,2,1,2
2018521801803,2,5,0,5,0,8,0,0,0,0,1,1,6,1,58,9,998,1,13,5,1,5
2018521801826,1,9,0,18,0,8,0,0,0,0,3,1,1,1,28,6,-1,-1,-1,-1,1,-1
2018521801826,2,9,0,9,0,6,0,0,0,0,4,1,6,2,23,5,998,1,4,10,1,10
2018521801827,1,9,0,18,0,1,0,0,0,0,4,1,6,3,-1,-1,-1,-1,-1,-1,-1,-1
2018521801830,1,9,0,18,0,1,0,0,0,0,1,1,6,2,34,6,1398,2,13,10,1,10
2018521801830,2,9,0,18,0,1,0,0,0,0,2,1,6,1,53,8,-1,-1,-1,1,1,1
2018521801832,1,9,0,17,0,8,0,0,0,0,1,1,6,2,38,7,1461,2,6,3,1,3
2018521801832,2,9,0,9,0,8,0,0,0,0,1,1,6,1,35,6,1797,8,3,1,1,1
2018521801833,1,9,0,18,0,0,0,4,0,0,1,1,6,2,78,11,1329,1,4,9,1,9
2018521801833,2,9,0,2,0,0,0,0,0,0,2,1,6,1,43,7,1499,1,1,9,1,9
2018521801836,1,9,0,4,0,0,0,0,0,0,2,1,6,1,36,7,1388,1,7,1,1,1
2018521801836,2,9,0,18,0,0,0,0,0,0,1,1,6,3,30,6,-1,-1,-1,-1,-1,-1
2018521801838,1,9,0,18,0,0,0,0,0,0,1,1,6,1,19,4,998,1,16,7,1,7
2018521801853,1,9,0,5,0,0,0,0,0,0,1,1,6,1,84,11,1956,2,4,3,1,3
2018521801858,1,9,0,18,0,2,0,0,0,0,1,1,6,3,-1,-1,1984,1,11,-1,-1,-1
2018521801858,2,9,0,2,0,2,0,0,0,0,2,1,6,3,-1,-1,-1,-1,-1,-1,-1,-1
2018521801858,3,9,0,2,0,2,0,0,0,0,2,1,6,3,-1,-1,-1,-1,-1,-1,-1,-1
2018521801865,1,9,0,18,0,1,0,0,0,0,1,1,6,2,24,5,-1,-1,-1,7,1,7
2018521801865,2,9,0,9,0,8,0,0,0,0,1,1,6,1,28,6,1124,1,21,10,1,10
2018521801866,1,9,0,18,0,0,0,0,0,0,1,1,6,1,22,5,1968,2,5,3,1,3
2018521801867,1,1,0,18,0,8,0,0,0,0,4,1,4,1,12,3,-1,-1,-1,6,1,6
2018521801867,2,9,0,9,0,8,0,0,0,0,1,1,6,1,56,9,1896,2,15,10,2,10
2018521801868,1,9,0,9,2,8,0,0,0,0,1,1,6,1,46,8,1149,1,8,1,1,1
2018521801868,2,3,0,18,0,8,0,0,0,0,1,1,6,1,19,4,125,1,1,4,1,4
2018521801870,1,9,0,7,0,8,0,0,0,0,1,1,6,2,62,9,1242,1,4,7,1,7
2018521801870,2,5,0,18,0,8,0,0,0,0,1,1,6,1,40,7,649,1,11,6,1,6
2018521801873,1,1,0,18,0,0,0,8,0,0,1,1,6,1,16,4,-1,-1,-1,4,1,4
2018521801873,2,9,0,2,0,0,0,0,0,0,1,1,6,3,30,6,-1,-1,-1,-1,-1,-1
2018521801893,1,9,0,5,0,8,0,0,0,0,1,1,6,1,36,7,-1,-1,-1,10,1,10
2018521801893,2,1,0,18,0,8,0,0,0,0,1,1,6,2,36,7,-1,-1,-1,4,1,4
2018521801896,1,1,0,18,0,8,0,0,0,0,1,1,6,1,42,7,-1,-1,-1,8,3,8
2018521801896,2,9,0,18,0,8,0,0,0,0,1,1,6,3,30,6,-1,-1,-1,-1,-1,-1
2018521801898,1,3,0,18,0,8,0,4,0,0,1,1,6,1,47,8,124,1,7,10,1,10
2018521801898,2,9,0,2,0,8,0,0,0,0,2,1,6,1,40,7,1968,2,2,4,1,4
2018521801901,1,9,0,18,0,8,0,0,0,0,4,1,6,1,23,5,-1,-1,-1,6,1,6
2018521801901,2,9,0,5,0,8,0,0,0,0,4,1,6,2,25,5,1799,1,9,4,1,4
2018521801912,1,11,0,4,0,0,0,0,0,0,0,1,6,1,28,6,7300,2,14,-1,-1,-1
2018521801913,1,9,0,10,0,6,0,0,0,0,1,1,6,1,91,11,1686,2,7,4,1,4
2018521801913,2,9,0,18,0,8,0,0,0,0,4,1,6,2,58,9,1461,2,3,9,3,9
2018521801914,1,9,0,8,0,1,0,0,0,0,2,1,6,2,23,5,1242,1,3,7,1,7
2018521801914,2,20,0,18,0,1,0,0,0,0,1,1,1,1,45,7,-1,-1,-1,-1,-1,-1
2018521801916,1,9,0,18,0,0,0,7,1,10,1,1,6,1,67,10,1598,1,11,1,1,1
2018521801919,1,3,0,18,0,2,0,0,0,0,3,1,6,1,30,6,124,1,8,3,1,3
2018521801919,2,9,0,7,0,6,0,0,0,0,1,1,6,1,59,9,998,1,11,7,1,7
2018521801930,1,9,0,18,0,0,0,0,0,0,1,1,6,2,48,8,1968,2,4,-1,-1,-1
2018521801930,2,9,0,18,0,0,0,0,0,0,2,1,6,2,29,6,1396,2,6,8,1,8
2018521801935,1,9,0,9,0,8,0,0,0,0,2,1,6,2,49,8,1398,1,4,1,1,1
2018521801935,2,9,0,18,0,8,0,0,0,0,1,1,6,1,19,4,1586,1,10,8,1,8
2018521801935,3,9,0,18,0,8,0,0,0,0,0,1,6,3,30,6,-1,-1,-1,-1,-1,-1
2018521801942,1,11,0,16,0,1,0,0,0,1,4,1,6,3,-1,-1,-1,-1,-1,-1,-1,-1