Accident_Index,Vehicle_Reference,Vehicle_Type,Towing_and_Articulation,Vehicle_Manoeuvre,Vehicle_Location-Restricted_Lane,Junction_Location,Skidding_and_Overturning,Hit_Object_in_Carriageway,Vehicle_Leaving_Carriageway,Hit_Object_off_Carriageway,1st_Point_of_Impact,Was_Vehicle_Left_Hand_Drive?,Journey_Purpose_of_Driver,Sex_of_Driver,Age_of_Driver,Age_Band_of_Driver,Engine_Capacity_(CC),Propulsion_Code,Age_of_Vehicle,Driver_IMD_Decile,Driver_Home_Area_Type,Vehicle_IMD_Decile
2018521801943,1,9,0,18,0,1,0,0,0,0,1,1,6,2,50,8,3498,1,10,10,3,10
2018521801943,2,1,0,9,0,5,0,0,0,0,1,1,6,1,62,9,-1,-1,-1,1,1,1
2018521801948,1,9,0,18,0,2,0,0,0,0,1,1,6,1,33,6,-1,-1,-1,6,1,6
2018521801971,1,1,0,18,0,8,0,0,0,0,3,1,6,1,70,10,-1,-1,-1,-1,-1,-1
2018521801971,2,9,0,7,0,8,0,0,0,0,1,1,6,2,40,7,-1,-1,-1,3,1,3
2018521801977,1,9,0,18,0,2,0,0,0,0,1,1,6,1,64,9,1197,1,2,2,1,2
2018521801978,1,9,0,18,0,1,0,0,1,7,1,1,6,2,23,5,1242,1,6,2,1,2
2018521801978,2,9,0,11,0,5,0,0,0,0,0,1,6,1,19,4,1199,2,6,4,1,4
2018521801978,3,9,0,11,0,5,0,0,0,0,0,1,6,3,-1,-1,1461,2,5,-1,-1,-1
2018521801980,1,8,0,11,0,0,0,0,0,0,4,1,1,1,31,6,1968,2,9,2,1,2
2018521801980,2,2,0,18,0,0,0,0,0,0,1,1,6,1,20,4,125,1,2,4,1,4
2018521801992,1,9,0,9,0,8,0,9,1,10,1,1,6,2,71,10,1388,1,9,8,1,8
2018521801994,1,9,0,16,0,0,0,4,0,0,1,1,6,1,32,6,2401,2,12,1,1,1
2018521801994,2,9,0,2,0,0,0,4,0,0,1,1,6,3,-1,-1,-1,-1,-1,-1,-1,-1
2018521801994,3,9,0,2,0,0,0,0,0,0,2,1,6,3,-1,-1,1598,1,15,-1,-1,-1
2018521801995,1,11,0,18,0,0,0,0,0,0,1,1,6,1,41,7,9360,2,10,1,1,1
2018521801999,1,9,0,2,0,8,0,0,0,0,3,1,6,1,68,10,-1,-1,-1,8,1,8
2018521801999,2,9,0,18,0,8,0,4,0,0,1,1,6,1,37,7,-1,-1,-1,8,1,8
2018521802006,1,9,0,9,0,8,5,0,0,0,1,1,6,2,52,8,1598,1,10,6,1,6
2018521802006,2,5,0,18,0,8,0,0,0,0,1,1,6,1,46,8,1215,1,4,9,2,9
2018521802010,1,19,0,18,0,0,0,0,7,3,1,1,6,1,25,5,2198,2,5,8,3,8
2018521802012,1,21,0,18,0,0,0,0,1,0,1,1,1,1,24,5,10800,2,2,8,3,8
2018521802012,2,21,0,4,0,0,0,0,0,0,2,1,1,1,21,5,12740,2,2,5,1,5
2018521802012,3,19,0,4,0,0,0,0,0,0,2,1,6,1,59,9,1560,2,5,10,1,10
2018521802012,4,19,0,4,0,0,0,0,0,0,2,1,6,1,35,6,2143,2,1,2,1,2
2018521802012,5,9,0,18,0,0,0,11,0,0,0,1,6,1,65,9,1364,1,12,9,2,9
2018521802015,1,19,0,9,0,8,0,0,0,0,1,1,6,1,39,7,2143,2,4,2,1,2
2018521802015,2,1,0,18,0,8,0,0,0,0,1,1,6,1,49,8,-1,-1,-1,7,1,7
2018521802017,1,9,0,1,0,0,0,0,0,0,1,1,6,1,24,5,1560,2,9,10,1,10
2018521802021,1,9,0,18,0,8,0,0,0,0,1,1,6,1,52,8,1598,1,13,5,1,5
2018521802021,2,9,0,3,0,8,0,0,0,0,2,1,6,2,28,6,1560,2,10,3,1,3
2018521802021,3,9,0,3,0,8,0,0,0,0,2,1,6,1,29,6,1968,2,9,10,1,10
2018521802022,1,9,0,14,0,0,0,0,0,0,4,1,6,2,37,7,1242,1,11,1,1,1
2018521802022,2,1,0,14,0,0,0,0,0,0,1,1,6,1,40,7,-1,-1,-1,7,1,7
2018521802025,1,9,0,3,0,0,0,0,0,0,1,1,6,2,34,6,1598,1,12,4,1,4
2018521802025,2,9,0,1,0,0,0,0,0,0,2,1,6,1,20,4,-1,-1,-1,-1,-1,-1
2018521802028,1,1,0,18,0,1,0,0,0,0,4,1,6,1,31,6,-1,-1,-1,7,1,7
2018521802028,2,19,4,18,0,1,0,0,0,0,1,1,6,1,45,7,12777,2,6,-1,-1,-1
2018521802030,1,9,0,5,0,1,0,0,0,0,1,1,6,2,29,6,1995,2,15,6,1,6
2018521802030,2,4,0,5,0,1,0,0,0,0,2,1,6,2,46,8,124,1,6,4,1,4
2018521802032,1,19,0,18,0,4,0,0,0,0,1,1,6,3,-1,-1,-1,-1,-1,-1,-1,-1
2018521802032,2,1,0,18,0,6,0,0,0,0,3,1,6,1,17,4,-1,-1,-1,8,1,8
2018521802035,1,21,0,1,0,0,0,10,1,0,4,1,6,1,72,10,11705,2,10,2,1,2
2018521802038,1,9,0,18,0,1,2,0,7,10,1,1,6,2,31,6,-1,-1,-1,2,1,2
2018521802039,1,2,0,18,0,8,0,0,0,0,4,1,6,1,16,4,49,1,1,10,1,10
2018521802039,2,9,0,7,0,6,0,0,0,0,3,1,6,2,38,7,-1,-1,-1,-1,-1,-1
2018521802046,1,9,0,9,0,8,0,0,0,0,1,1,6,2,51,8,1560,2,6,-1,3,-1
2018521802046,2,9,0,18,0,8,0,0,0,0,1,1,6,1,32,6,1950,2,2,2,1,2
2018521802047,1,9,0,18,0,0,0,0,0,0,3,1,6,3,24,5,-1,-1,-1,-1,-1,-1
2018521802048,1,9,0,18,0,0,0,0,0,0,1,1,6,1,48,8,1149,1,10,5,1,5
2018521802048,2,9,0,4,0,0,0,0,0,0,2,1,6,2,55,8,1242,1,9,10,1,10
2018521802048,3,9,0,3,0,0,0,0,0,0,2,1,6,2,24,5,1598,2,5,3,1,3
2018521802048,4,9,0,3,0,0,0,0,0,0,2,1,6,1,33,6,1598,2,4,10,1,10
2018521802050,1,9,0,9,0,8,0,0,0,0,1,1,6,3,-1,-1,-1,-1,-1,-1,-1,-1
2018521802051,1,9,0,9,0,8,0,0,0,0,1,1,6,2,24,5,1364,1,14,5,1,5
2018521802051,2,9,0,18,0,8,0,0,0,0,1,1,6,1,60,9,-1,-1,-1,-1,-1,-1
2018521802052,1,9,0,1,0,0,0,0,0,0,2,1,6,1,71,10,1242,1,9,9,1,9
2018521802053,1,9,0,18,0,8,0,0,0,0,1,1,6,1,79,11,1000,1,2,1,1,1
2018521802053,2,9,0,18,0,8,0,0,0,0,1,1,6,1,31,6,1560,2,6,3,1,3
2018521802054,1,5,0,18,0,0,0,0,0,0,1,1,6,1,64,9,899,1,20,2,1,2
2018521802054,2,9,0,6,0,0,0,0,0,0,3,1,6,2,25,5,1598,2,4,3,1,3
2018521802055,1,9,0,18,0,3,0,0,0,0,4,1,6,1,39,7,1968,2,2,3,1,3
2018521802055,2,1,0,18,0,3,0,0,0,0,1,1,6,1,21,5,-1,-1,-1,1,1,1
2018521802066,1,1,0,18,0,8,0,0,0,0,1,1,6,1,36,7,-1,-1,-1,9,1,9
2018521802066,2,9,0,9,0,5,0,0,0,0,1,1,6,3,-1,-1,1388,1,12,-1,-1,-1
2018521802070,1,9,0,18,0,0,0,0,0,0,1,1,6,2,48,8,1995,2,7,10,1,10
2018521802071,1,9,0,3,0,8,0,0,0,0,2,1,6,1,52,8,-1,-1,-1,2,1,2
2018521802071,2,3,0,18,0,8,0,0,0,0,1,1,6,1,17,4,-1,-1,-1,1,1,1
2018521802082,1,9,0,3,0,1,0,0,0,0,2,1,6,1,70,10,1910,2,11,9,1,9
2018521802082,2,9,0,18,0,1,0,0,0,0,1,1,6,1,23,5,1998,1,15,-1,-1,-1
2018521802091,1,9,0,7,0,3,0,0,0,0,4,1,6,1,45,7,-1,-1,-1,7,1,7
2018521802091,2,9,0,7,0,3,0,0,0,0,3,1,6,1,35,6,998,1,-1,-1,3,-1
2018521802110,1,9,0,18,0,0,0,0,0,0,1,1,6,1,22,5,1968,2,10,9,2,9
2018521802110,2,9,0,18,0,0,0,0,0,0,1,1,6,2,27,6,1349,1,5,7,1,7
2018521802110,3,9,0,18,0,0,0,0,0,0,1,1,6,1,44,7,1198,1,9,7,1,7
2018521802114,1,8,0,18,0,0,0,0,0,0,4,1,6,2,45,7,1598,2,4,5,1,5
2018521802115,1,9,0,9,0,6,0,0,0,0,1,1,6,1,32,6,1998,2,12,4,1,4
2018521802115,2,9,0,18,0,8,0,0,0,0,1,1,6,2,35,6,1339,1,16,3,1,3
2018521802119,1,19,0,5,0,1,0,0,0,0,4,1,6,1,40,7,1499,2,1,-1,-1,-1
2018521802122,1,1,0,18,0,0,0,0,0,0,1,1,2,1,60,9,-1,-1,-1,9,1,9
2018521802122,2,8,0,18,0,0,0,0,0,0,2,1,1,1,40,7,1598,2,4,-1,-1,-1
2018521802123,1,5,0,14,0,0,0,0,0,0,4,1,6,1,55,8,1170,1,1,8,-1,8
2018521802123,2,9,0,6,0,0,0,0,0,0,1,1,6,1,99,11,1685,2,-1,-1,-1,-1
2018521802124,1,9,0,5,0,1,0,0,0,0,0,1,6,3,-1,-1,-1,-1,-1,-1,-1,-1
2018521802124,2,9,0,18,0,1,0,0,0,0,2,1,6,3,-1,-1,-1,-1,-1,-1,-1,-1
2018521802124,3,1,0,18,0,1,0,0,0,0,1,1,6,1,38,7,-1,-1,-1,10,1,10
2018521802130,1,9,0,16,0,0,0,0,0,0,3,1,6,1,47,8,1598,1,4,8,1,8
2018521802130,2,9,0,17,0,0,0,0,0,0,1,1,6,1,56,9,5654,7,12,10,1,10
2018521802136,1,1,0,18,0,8,0,0,0,0,3,1,6,1,38,7,-1,-1,-1,8,1,8
2018521802136,2,9,0,18,0,8,0,0,0,0,3,1,6,2,25,5,-1,-1,-1,-1,-1,-1
2018521802154,1,9,0,18,0,0,0,0,0,0,1,1,6,1,34,6,1598,1,15,1,1,1
2018521802154,2,9,0,18,0,0,0,0,0,0,1,1,6,1,43,7,1595,1,-1,6,1,6
2018521802155,1,1,0,18,0,1,0,0,0,0,1,1,6,1,47,8,-1,-1,-1,6,1,6
2018521802155,2,9,0,7,0,6,0,0,0,0,1,1,6,1,20,4,1242,1,13,-1,-1,-1
2018521802167,1,9,0,1,0,0,0,0,0,0,2,1,6,1,30,6,1493,2,8,-1,-1,-1
2018521802169,1,9,0,5,0,8,0,0,0,0,4,1,6,2,25,5,1598,1,13,1,1,1
2018521802169,2,9,0,18,0,8,0,0,0,0,1,1,6,1,30,6,-1,-1,-1,-1,-1,-1
2018521802175,1,9,0,2,0,0,0,0,0,0,1,1,6,2,45,7,-1,3,1,9,3,9
2018521802175,2,1,0,18,0,0,0,4,0,0,1,1,6,1,25,5,-1,-1,-1,7,1,7
2018521802177,1,9,0,18,0,8,1,0,7,10,1,1,6,2,43,7,1461,2,12,10,1,10
2018521802177,2,9,0,18,0,8,1,0,0,0,1,1,6,2,30,6,998,1,12,6,1,6
2018521802179,1,9,0,18,0,0,0,0,0,0,1,1,6,2,23,5,1242,1,4,6,1,6
2018521802179,2,9,0,18,0,0,0,0,0,0,1,1,6,2,25,5,-1,-1,-1,10,1,10
2018521802181,1,9,0,18,0,0,0,4,0,0,2,1,6,1,26,6,-1,-1,-1,10,1,10
2018521802181,2,9,0,2,0,0,0,0,0,0,2,1,6,2,36,7,-1,-1,-1,-1,-1,-1
2018521802185,1,9,0,3,0,0,0,0,0,0,1,1,6,1,58,9,1390,1,7,-1,3,-1
2018521802185,2,9,0,2,0,0,0,0,0,0,2,1,6,2,25,5,1364,1,10,2,1,2
2018521802186,1,1,0,17,0,0,0,8,0,0,4,1,6,2,45,7,-1,-1,-1,1,1,1
2018521802186,2,9,0,2,0,0,0,0,0,0,3,1,6,3,-1,-1,-1,-1,-1,-1,-1,-1
2018521802189,1,9,0,18,6,0,0,0,7,10,1,1,6,1,30,6,1461,2,3,3,1,3
2018521802192,1,9,0,3,0,1,0,0,0,0,2,1,6,1,27,6,-1,-1,-1,6,1,6
2018521802192,2,9,0,5,0,1,0,0,0,0,1,1,6,1,70,10,-1,-1,-1,-1,-1,-1
2018521802193,1,9,0,18,0,0,0,0,0,0,3,1,6,1,27,6,1598,2,3,7,1,7
2018521802193,2,9,0,1,0,0,0,0,0,0,2,1,6,1,33,6,1995,2,4,-1,-1,-1
2018521802196,1,9,0,9,0,5,0,0,0,0,4,1,6,1,49,8,1248,2,11,1,1,1
2018521802196,2,1,0,18,0,1,0,0,0,0,1,1,6,1,28,6,-1,-1,-1,1,1,1
2018521802204,1,9,0,18,0,1,0,0,0,0,1,1,6,1,53,8,1968,2,7,6,1,6
2018521802204,2,9,0,18,0,2,0,0,0,0,1,1,6,1,52,8,1598,2,2,5,2,5
2018521802204,3,9,0,18,0,2,0,0,0,0,1,1,6,2,38,7,1956,2,6,9,2,9
2018521802207,1,9,0,18,0,8,0,0,0,0,1,1,6,2,34,6,1798,1,10,5,1,5
2018521802207,2,9,0,18,0,6,1,0,0,0,1,1,6,2,37,7,-1,-1,-1,6,3,6
2018521802212,1,9,0,18,0,0,0,0,1,11,1,1,6,1,41,7,1870,2,12,5,1,5
2018521802212,2,9,0,4,0,0,0,0,0,0,2,1,6,1,45,7,1086,1,9,6,1,6
2018521802213,1,9,0,18,0,0,0,0,0,0,1,1,6,1,24,5,2495,2,17,5,1,5
2018521802213,2,9,0,18,0,0,0,0,0,0,1,1,6,1,58,9,2198,2,3,9,1,9
2018521802218,1,9,0,7,0,5,0,0,0,0,4,1,6,1,64,9,-1,-1,-1,-1,-1,-1
2018521802218,2,1,0,5,0,1,0,0,0,0,1,1,6,1,30,6,-1,-1,-1,-1,-1,-1
2018521802223,1,1,0,18,0,1,1,4,0,0,1,1,2,1,36,7,-1,-1,-1,8,1,8
2018521802223,2,9,0,6,0,1,0,0,0,0,1,1,6,1,19,4,-1,-1,-1,-1,-1,-1
2018521802226,1,90,0,18,0,1,0,0,0,0,1,1,6,1,36,7,-1,-1,-1,1,1,1
2018521802226,2,9,0,9,0,5,0,0,0,0,1,1,6,1,22,5,-1,-1,-1,1,1,1
2018521802250,1,9,0,9,0,8,1,10,0,0,3,1,3,2,35,6,1390,1,18,2,1,2
2018521802250,2,9,0,18,0,4,0,0,0,0,1,1,6,1,79,11,1686,2,24,4,1,4
2018521802280,1,8,0,18,0,0,0,0,0,0,1,1,1,1,38,7,1995,2,5,3,1,3
2018521802280,2,8,0,5,0,0,0,0,0,0,1,1,1,1,30,6,1995,2,15,-1,-1,-1
2018521802281,1,1,0,14,0,2,0,0,0,0,1,1,6,1,45,7,-1,-1,-1,6,1,6
2018521802281,2,9,0,2,0,2,0,0,0,0,3,1,6,1,-1,-1,-1,-1,-1,-1,-1,-1
2018521802290,1,9,0,18,0,0,0,0,0,0,0,1,6,2,-1,-1,-1,-1,-1,-1,-1,-1
2018521802292,1,1,0,14,0,3,0,4,0,0,1,1,2,2,37,7,-1,-1,-1,1,1,1
2018521802292,2,9,0,2,0,2,0,0,0,0,3,1,6,1,45,7,2494,1,17,-1,-1,-1
2018521802303,1,4,0,18,0,1,0,0,0,0,2,1,6,1,45,7,636,1,12,8,1,8
2018521802303,2,9,0,18,0,1,0,0,0,0,2,1,6,2,35,6,1598,2,4,5,1,5
2018521802319,1,9,0,4,0,0,0,0,0,0,2,1,6,1,68,10,1598,1,16,5,1,5
2018521802319,2,9,0,18,0,0,0,0,0,0,1,1,6,3,-1,-1,-1,-1,-1,-1,-1,-1
2018521802321,1,9,0,3,0,0,0,0,0,0,2,1,6,1,33,6,-1,-1,-1,6,1,6
2018521802321,2,19,0,18,0,0,0,0,0,0,1,1,6,1,99,11,1248,2,5,6,1,6
2018521802335,1,9,0,18,0,0,0,0,0,0,1,1,6,3,-1,-1,1968,2,10,-1,-1,-1
2018521802335,2,1,0,18,0,0,0,0,0,0,1,1,6,1,53,8,-1,-1,-1,9,1,9
2018521802344,1,9,0,4,0,0,0,0,0,0,3,1,6,1,32,6,1461,2,4,1,1,1
2018521802344,2,9,0,14,0,0,0,0,0,0,0,1,6,3,-1,-1,-1,-1,-1,-1,-1,-1
2018521802355,1,9,0,3,0,0,0,0,0,0,2,1,6,2,31,6,-1,-1,-1,9,1,9
2018521802355,2,9,0,3,0,0,0,0,0,0,1,1,6,1,18,4,-1,-1,-1,-1,-1,-1
2018521802395,1,9,0,2,6,0,0,0,0,0,2,1,6,2,30,6,1968,2,3,6,3,6
2018521802395,2,9,0,1,6,0,0,0,0,0,2,1,6,1,40,7,-1,-1,-1,10,1,10
2018521802400,1,19,0,18,0,1,0,0,0,0,1,1,6,1,50,8,2198,2,6,8,1,8
2018521802400,2,9,0,18,0,1,0,0,0,0,1,1,6,1,40,7,1834,1,13,-1,-1,-1
2018521802413,1,9,0,4,0,0,0,0,0,0,2,1,6,1,21,5,1599,1,11,8,3,8
2018521802413,2,9,0,4,0,0,0,0,0,0,2,1,6,2,83,11,1998,1,2,6,2,6
2018521802413,3,9,0,18,0,0,0,0,0,0,1,1,6,1,43,7,-1,-1,-1,3,1,3
2018521802420,1,9,0,18,0,8,0,0,0,0,1,1,6,1,53,8,2401,2,14,10,1,10
2018521802424,1,9,0,18,0,8,0,0,0,0,1,1,6,3,30,6,-1,-1,-1,-1,-1,-1
2018521802439,1,9,0,9,0,6,0,0,0,0,1,1,6,1,75,10,1998,1,4,10,1,10
2018521802439,2,1,0,18,4,8,0,0,0,0,4,1,6,1,65,9,-1,-1,-1,10,1,10
2018521802447,1,4,0,18,0,0,0,0,0,0,1,1,6,1,26,6,449,1,8,2,1,2
2018521802447,2,9,0,6,0,0,0,0,0,0,1,1,6,2,53,8,-1,-1,-1,3,1,3
2018521802448,1,9,0,9,0,5,0,0,0,0,3,1,6,1,57,9,1560,2,1,2,1,2
2018521802448,2,5,0,14,0,8,0,0,0,0,1,1,6,2,42,7,599,1,9,1,1,1
2018521802451,1,9,0,18,0,8,0,0,0,0,1,1,6,2,51,8,1999,2,2,9,2,9
2018521802451,2,1,0,18,0,8,0,0,0,0,4,1,6,2,55,8,-1,-1,-1,1,1,1
2018521802454,1,9,0,18,0,0,0,0,0,0,1,1,6,1,32,6,-1,-1,-1,-1,1,-1
2018521802454,2,21,0,18,0,0,0,0,0,0,2,1,6,1,36,7,12742,2,1,-1,-1,-1
2018521802460,1,9,0,4,0,0,0,0,0,0,2,1,6,2,21,5,1390,1,5,4,1,4
2018521802460,2,19,0,4,0,0,0,0,0,0,1,1,6,3,-1,-1,-1,-1,-1,-1,-1,-1
2018521802461,1,9,0,4,0,0,0,0,0,0,2,1,6,1,18,4,1368,1,9,10,1,10
2018521802461,2,9,0,18,0,0,0,0,0,0,1,1,6,3,-1,-1,-1,-1,-1,-1,-1,-1
2018521802466,1,9,0,3,0,0,0,0,0,0,3,1,6,2,31,6,1397,1,14,1,1,1
2018521802466,2,11,0,4,0,0,0,0,0,0,4,1,1,3,-1,-1,-1,-1,-1,-1,-1,-1
2018521802472,1,9,0,7,0,6,0,0,0,0,3,1,6,1,38,7,1598,2,2,10,1,10
2018521802472,2,9,0,18,0,8,0,0,0,0,1,1,6,1,46,8,1997,2,4,10,2,10
2018521802475,1,9,0,18,0,8,0,0,0,0,1,1,6,1,38,7,1560,2,7,-1,1,-1
2018521802475,2,9,0,12,0,8,0,0,0,0,1,1,6,1,43,7,1598,1,10,2,1,2
2018521802479,1,9,0,18,0,6,0,0,0,0,1,1,6,1,18,4,1242,1,15,9,1,9
2018521802484,1,9,0,18,0,6,0,0,0,0,2,1,6,1,40,7,2967,2,6,9,1,9
2018521802484,2,9,0,18,0,1,0,0,0,0,1,1,6,3,-1,-1,1560,2,7,-1,-1,-1
2018521802498,1,9,0,18,0,0,0,0,0,0,1,1,6,2,20,4,1388,1,8,7,1,7
2018521802511,1,11,0,18,0,0,0,0,0,0,1,1,6,3,-1,-1,-1,-1,-1,-1,-1,-1
2018521802531,1,9,0,5,0,0,0,0,0,0,1,1,6,1,72,10,1796,1,13,7,1,7
2018521802545,1,9,0,18,0,0,0,0,1,11,1,1,6,1,74,10,1968,2,6,8,2,8
2018521802558,1,9,0,16,0,8,0,0,0,0,1,1,6,1,-1,-1,-1,-1,-1,-1,-1,-1
2018521802558,2,9,0,18,0,1,0,0,0,0,1,1,6,1,54,8,2993,2,8,-1,-1,-1
2018521802558,3,9,0,18,0,8,0,0,0,0,0,1,6,3,-1,-1,-1,-1,-1,-1,-1,-1
2018521802563,1,9,0,18,0,8,0,0,0,0,1,1,6,2,42,7,1598,1,10,10,1,10
2018521802563,2,9,0,9,0,6,0,0,0,0,1,1,6,2,47,8,1598,2,5,10,1,10
2018521802563,3,11,0,10,0,1,0,0,0,0,1,1,6,1,38,7,4461,2,5,7,1,7
2018521802568,1,9,0,18,0,8,0,0,0,0,1,1,6,2,30,6,1796,1,13,3,1,3
2018521802568,2,1,0,18,0,8,0,0,0,0,1,1,6,2,50,8,-1,-1,-1,4,1,4
2018521802569,1,9,0,9,0,5,0,0,1,0,1,1,6,2,28,6,1242,1,1,7,1,7
2018521802569,2,1,0,18,0,8,0,0,0,0,3,1,6,1,35,6,-1,-1,-1,5,1,5
2018521802572,1,9,0,18,0,0,0,0,0,0,1,1,6,3,-1,-1,1124,1,17,-1,-1,-1
2018521802572,2,1,0,18,0,0,0,0,0,0,3,1,6,2,21,5,-1,-1,-1,10,1,10
2018521802572,3,9,0,2,0,0,0,0,0,0,3,1,6,3,-1,-1,1200,1,1,-1,-1,-1
2018521802575,1,9,0,18,0,5,0,0,0,0,4,1,6,2,50,8,1968,2,1,4,1,4
2018521802575,2,5,0,18,0,1,0,0,0,0,1,1,6,1,39,7,599,1,7,2,1,2
2018521802581,1,9,0,18,0,0,0,0,0,0,3,1,6,2,24,5,-1,-1,-1,4,1,4
2018521802581,2,9,0,18,0,0,5,0,0,0,3,1,6,1,66,10,2982,2,3,1,1,1
2018521802586,1,9,0,18,0,1,0,0,0,0,3,1,6,1,68,10,1248,2,3,5,1,5
2018521802588,1,19,0,18,0,8,0,0,0,0,3,1,6,1,56,9,-1,-1,-1,1,1,1
2018521802588,2,11,0,18,0,8,0,0,0,0,3,1,6,1,28,6,6370,2,14,1,1,1
2018521802588,3,9,0,4,0,1,0,0,0,0,2,1,6,1,29,6,1995,2,5,8,1,8
2018521802588,4,9,0,18,0,1,0,0,0,0,1,1,6,2,75,10,-1,-1,-1,8,3,8
2018521802597,1,9,0,18,0,0,0,0,1,1,1,1,6,1,28,6,1988,1,15,5,1,5
2018521802610,1,9,0,5,0,1,0,0,0,0,4,1,6,1,70,10,-1,-1,-1,7,1,7
2018521802610,2,9,0,5,0,1,0,0,0,0,2,1,6,1,65,9,1999,2,2,6,1,6
2018521802610,3,9,0,1,0,1,0,0,0,0,1,1,6,1,20,4,-1,-1,-1,3,1,3
2018521802613,1,9,0,3,0,1,0,0,0,0,2,1,6,2,29,6,1582,2,8,2,1,2
2018521802613,2,9,0,18,0,1,0,0,0,0,1,1,6,2,20,4,1560,2,13,3,1,3
2018521802615,1,9,0,5,0,0,0,0,0,0,1,1,6,1,21,5,1598,1,18,10,1,10
2018521802615,2,5,0,18,0,0,0,0,0,0,1,1,6,1,50,8,798,1,10,8,1,8
2018521802617,1,9,0,18,0,8,0,0,0,0,4,1,6,1,88,11,1200,1,2,8,3,8
2018521802617,2,19,0,10,0,6,0,0,0,0,1,1,6,1,34,6,1995,2,7,5,1,5
2018521802620,1,9,0,1,0,0,0,0,0,0,2,1,6,3,-1,-1,1587,1,16,-1,-1,-1
2018521802620,2,90,0,18,0,0,0,0,0,0,1,1,6,1,30,6,-1,-1,-1,9,1,9
2018521802622,1,9,0,18,0,8,0,0,0,0,1,1,6,1,60,9,999,1,8,5,1,5
2018521802622,2,9,0,18,0,8,0,0,1,10,4,1,6,1,43,7,1796,1,10,1,1,1
2018521802624,1,9,0,18,0,0,0,4,0,0,1,1,6,2,34,6,998,1,4,5,1,5
2018521802624,2,9,0,2,0,0,0,0,0,0,1,1,6,3,-1,-1,1699,1,12,-1,-1,-1
2018521802624,3,9,0,2,0,0,0,0,0,0,1,1,6,3,-1,-1,1339,1,15,-1,-1,-1
2018521802625,1,9,0,18,0,8,0,0,0,0,1,1,6,2,45,7,1598,2,5,6,1,6
2018521802625,2,1,0,18,0,6,0,0,0,0,1,1,6,1,24,5,-1,-1,-1,2,1,2
2018521802626,1,9,0,4,0,0,0,0,0,0,1,1,6,2,40,7,1598,1,17,1,1,1
2018521802626,2,19,0,18,0,0,0,0,0,0,2,1,1,1,38,7,2143,2,4,4,1,4
2018521802630,1,9,0,9,0,6,0,0,0,0,0,1,6,1,31,6,1998,2,12,4,1,4
2018521802630,2,1,0,9,0,5,0,0,0,0,1,1,6,2,58,9,-1,-1,-1,9,1,9
2018521802632,1,9,0,18,0,0,5,0,0,0,1,1,6,1,50,8,1398,1,1,10,1,10
2018521802632,2,9,0,2,0,0,0,0,0,0,3,1,6,3,-1,-1,1399,1,9,-1,-1,-1
2018521802635,1,9,0,18,0,0,0,0,7,5,1,1,6,1,20,4,1193,1,4,6,3,6
2018521802641,1,9,0,9,0,5,0,0,0,0,1,1,6,2,44,7,1242,1,11,2,1,2
2018521802646,1,9,0,3,0,4,0,0,0,0,3,1,6,1,29,6,1400,1,13,8,1,8
2018521802646,2,90,0,5,0,4,0,0,0,0,1,1,6,3,-1,-1,-1,-1,-1,-1,-1,-1
2018521802650,1,9,0,5,0,4,0,0,0,0,2,1,6,1,26,6,-1,-1,-1,4,1,4
2018521802650,2,9,0,5,0,1,0,0,0,0,1,1,6,1,57,9,999,1,1,4,1,4
2018521802651,1,9,0,1,0,1,0,0,0,0,2,1,3,2,30,6,-1,-1,-1,-1,-1,-1
2018521802659,1,9,0,18,0,0,0,0,0,0,1,1,6,3,-1,-1,1598,1,15,-1,-1,-1
2018521802684,1,9,0,2,0,0,0,0,0,0,0,1,6,1,-1,-1,-1,-1,-1,-1,-1,-1
2018521802689,1,1,0,4,0,3,0,0,0,0,0,1,6,1,56,9,-1,-1,-1,8,1,8
2018521802689,2,19,0,4,0,4,0,0,0,0,0,1,6,1,30,6,1968,2,3,-1,-1,-1
2018521802718,1,19,0,1,2,0,0,0,0,0,2,1,1,1,-1,-1,1461,2,2,-1,-1,-1
2018521802719,1,9,0,18,0,0,0,0,0,0,1,1,6,2,24,5,1598,2,3,8,1,8
2018521802719,2,9,0,18,0,0,0,0,0,0,1,1,6,1,37,7,-1,-1,-1,10,1,10
2018521802734,1,9,0,18,9,0,0,0,7,10,1,1,6,2,30,6,-1,-1,-1,9,1,9
2018521802747,1,9,0,18,0,0,0,0,0,0,0,1,6,3,30,6,-1,-1,-1,-1,-1,-1
2018521802747,2,9,0,18,0,0,0,0,0,10,0,1,6,1,30,6,-1,-1,-1,-1,-1,-1
2018521802749,1,8,0,8,0,5,0,0,0,0,2,1,3,1,36,7,1598,2,5,1,1,1
2018521802749,2,9,0,18,0,8,0,0,0,0,1,1,6,2,30,6,1242,1,6,-1,-1,-1
2018521802750,1,9,5,13,0,0,0,0,0,0,1,1,6,1,45,7,1956,2,7,7,2,7
2018521802750,2,9,0,6,0,0,0,0,0,0,1,1,6,2,55,8,999,1,1,5,3,5
2018521802751,1,9,0,2,0,0,0,0,0,0,1,1,6,2,43,7,1397,1,9,2,-1,2
2018521802751,2,9,0,1,0,0,0,0,0,0,2,1,6,3,-1,-1,1598,1,14,-1,-1,-1
2018521802752,1,9,0,9,0,5,0,0,0,0,4,1,6,1,65,9,999,1,8,7,1,7
2018521802752,2,1,0,18,0,8,0,0,0,0,1,1,6,1,25,5,-1,-1,-1,7,1,7