Accident_Index,Vehicle_Reference,Vehicle_Type,Towing_and_Articulation,Vehicle_Manoeuvre,Vehicle_Location-Restricted_Lane,Junction_Location,Skidding_and_Overturning,Hit_Object_in_Carriageway,Vehicle_Leaving_Carriageway,Hit_Object_off_Carriageway,1st_Point_of_Impact,Was_Vehicle_Left_Hand_Drive?,Journey_Purpose_of_Driver,Sex_of_Driver,Age_of_Driver,Age_Band_of_Driver,Engine_Capacity_(CC),Propulsion_Code,Age_of_Vehicle,Driver_IMD_Decile,Driver_Home_Area_Type,Vehicle_IMD_Decile
2018521802753,1,1,0,18,0,0,1,0,0,0,1,1,2,1,63,9,-1,-1,-1,3,1,3
2018521802753,2,9,0,2,0,0,0,0,0,0,3,1,6,3,-1,-1,-1,-1,-1,-1,-1,-1
2018521802755,1,9,0,18,0,0,0,0,0,0,1,1,6,1,36,7,-1,-1,-1,9,1,9
2018521802755,2,9,0,18,0,0,0,0,0,0,1,1,6,1,47,8,1991,1,2,10,1,10
2018521802760,1,1,0,18,0,1,0,0,0,0,3,1,2,1,28,6,-1,-1,-1,4,1,4
2018521802760,2,19,0,9,0,3,0,0,0,0,1,1,6,1,41,7,1499,2,2,7,1,7
2018521802774,1,9,0,18,0,0,0,0,0,0,1,1,6,2,38,7,1753,2,15,9,2,9
2018521802774,2,9,0,18,0,0,0,0,0,0,1,1,6,1,44,7,1560,2,4,6,3,6
2018521802776,1,9,0,18,0,1,0,0,0,0,4,1,6,2,40,7,1997,2,2,8,3,8
2018521802800,1,5,0,18,0,8,0,0,0,0,1,1,6,1,23,5,600,1,16,1,1,1
2018521802800,2,9,0,9,0,8,0,0,0,0,1,1,6,1,48,8,1596,1,2,10,1,10
2018521802805,1,9,0,2,0,0,0,0,0,0,3,1,6,2,27,6,1398,2,9,4,1,4
2018521802805,2,9,0,1,0,0,0,0,0,0,4,1,6,2,-1,-1,1582,2,8,-1,-1,-1
2018521802807,1,1,0,18,0,4,0,0,0,0,2,1,6,1,45,7,-1,-1,-1,4,1,4
2018521802807,2,9,0,18,0,4,0,0,0,0,1,1,6,1,40,7,-1,-1,-1,-1,-1,-1
2018521802809,1,21,0,7,0,8,0,0,0,0,4,1,6,1,55,8,6871,2,6,6,1,6
2018521802809,2,1,0,18,0,2,0,0,0,0,3,1,6,1,24,5,-1,-1,-1,-1,-1,-1
2018521802810,1,9,0,4,0,0,0,0,0,0,2,1,6,2,-1,-1,1248,1,9,-1,-1,-1
2018521802810,2,9,0,3,0,0,0,0,0,0,2,1,6,1,47,8,1390,1,7,10,1,10
2018521802810,3,9,0,18,0,0,0,0,0,0,1,1,6,1,-1,-1,-1,-1,-1,-1,-1,-1
2018521802818,1,9,0,18,0,0,0,0,0,0,1,1,6,1,42,7,1248,1,8,4,2,4
2018521802818,2,9,0,18,0,0,0,0,0,0,1,1,6,2,33,6,1248,2,7,-1,1,-1
2018521802819,1,11,0,18,0,0,0,0,0,0,1,1,6,1,52,8,4500,2,6,8,1,8
2018521802819,2,9,0,18,0,0,0,0,0,0,1,1,6,1,32,6,2664,2,15,5,2,5
2018521802825,1,9,0,3,0,1,0,0,0,0,2,1,6,2,30,6,1560,2,13,1,1,1
2018521802825,2,9,0,3,0,1,0,0,0,0,2,1,6,3,30,6,-1,-1,-1,-1,-1,-1
2018521802825,3,9,0,5,0,1,0,0,0,0,1,1,6,3,30,6,-1,-1,-1,-1,-1,-1
2018521802831,1,5,0,18,0,3,0,0,0,0,4,1,6,2,49,8,660,1,10,6,1,6
2018521802831,2,9,0,9,0,8,0,0,0,0,3,1,6,3,-1,-1,1984,1,13,-1,-1,-1
2018521802832,1,5,0,16,2,1,0,0,0,0,3,1,6,1,57,9,471,1,-1,10,1,10
2018521802832,2,9,0,5,0,1,0,0,0,0,4,1,6,1,27,6,1596,1,8,6,1,6
2018521802834,1,9,0,9,0,5,0,0,0,0,3,1,6,2,22,5,1390,1,14,5,1,5
2018521802836,1,1,0,18,0,8,0,0,0,0,1,1,6,1,39,7,-1,-1,-1,4,1,4
2018521802836,2,9,0,9,0,8,0,0,0,0,3,1,6,3,-1,-1,-1,-1,-1,-1,-1,-1
2018521802838,1,9,0,9,0,5,0,0,0,0,4,1,6,2,35,6,1598,1,11,3,1,3
2018521802838,2,1,0,18,0,8,0,0,0,0,1,1,6,1,51,8,-1,-1,-1,7,1,7
2018521802843,1,9,0,18,0,8,0,0,0,0,4,1,6,2,55,8,1398,1,1,4,1,4
2018521802843,2,1,0,7,0,6,0,0,0,0,1,1,6,1,25,5,-1,-1,-1,-1,-1,-1
2018521802846,1,9,0,18,0,8,0,0,0,0,1,1,6,1,30,6,2148,2,13,-1,-1,-1
2018521802857,1,9,0,12,0,4,0,0,0,0,3,1,6,1,40,7,1598,2,4,5,1,5
2018521802857,2,5,0,18,0,4,0,0,0,0,4,1,6,1,30,6,636,1,15,-1,-1,-1
2018521802864,1,9,0,9,0,8,0,0,0,0,1,1,6,2,26,6,1395,1,1,6,2,6
2018521802864,2,1,0,18,0,1,0,0,0,0,1,1,6,1,40,7,-1,-1,-1,-1,-1,-1
2018521802867,1,9,0,18,0,0,0,0,0,0,1,1,6,1,29,6,-1,-1,-1,1,1,1
2018521802867,2,1,0,18,0,0,0,0,0,0,1,1,6,1,29,6,-1,-1,-1,1,1,1
2018521802876,1,9,0,12,0,0,0,0,0,0,0,1,6,3,45,7,-1,-1,-1,-1,-1,-1
2018521802876,2,9,0,18,0,0,0,0,0,0,0,1,6,2,20,4,1598,2,5,9,1,9
2018521802876,3,9,0,18,0,0,0,0,0,0,2,1,6,2,36,7,1461,2,3,8,1,8
2018521802876,4,9,0,18,0,0,0,0,0,0,1,1,6,2,37,7,973,1,17,7,1,7
2018521802876,5,9,0,18,0,0,0,0,0,0,1,1,6,2,19,4,1596,1,16,4,1,4
2018521802878,1,9,0,3,0,0,0,0,0,0,2,1,6,2,26,6,1242,1,8,8,3,8
2018521802878,2,9,0,18,0,0,1,0,0,0,1,1,6,1,41,7,-1,-1,-1,2,1,2
2018521802880,1,9,0,18,0,1,0,0,0,0,2,1,6,2,28,6,3200,2,12,6,1,6
2018521802880,2,9,0,18,0,1,0,0,0,0,2,1,6,2,34,6,1560,2,7,8,1,8
2018521802880,3,9,0,18,0,1,0,0,0,0,1,1,6,2,28,6,1200,1,1,4,3,4
2018521802884,1,9,0,3,0,0,0,0,0,0,2,1,6,1,38,7,1560,2,1,10,1,10
2018521802884,2,9,0,3,0,0,0,0,0,0,2,1,6,1,27,6,1997,2,4,8,1,8
2018521802884,3,9,0,18,0,0,0,0,0,0,1,1,6,2,22,5,1198,1,4,10,1,10
2018521802886,1,9,0,6,0,8,0,0,0,0,1,1,6,2,52,8,1799,1,10,6,1,6
2018521802886,2,9,0,8,0,8,0,0,0,0,1,1,6,2,33,6,1422,2,8,1,1,1
2018521802887,1,9,0,18,0,8,0,0,0,0,3,1,1,1,34,6,-1,-1,-1,7,1,7
2018521802887,2,97,0,18,0,1,0,0,0,0,4,1,6,1,59,9,-1,-1,-1,3,1,3
2018521802895,1,5,0,18,0,8,0,0,0,0,3,1,6,1,55,8,636,1,13,9,1,9
2018521802895,2,9,0,9,0,5,0,0,0,0,1,1,6,1,40,7,-1,-1,-1,-1,-1,-1
2018521802903,1,9,0,9,0,6,0,0,0,0,3,1,6,2,41,7,1242,1,5,6,1,6
2018521802903,2,3,0,18,0,8,0,0,0,0,1,1,6,1,28,6,124,1,12,8,2,8
2018521802906,1,9,0,18,0,0,0,0,7,1,1,1,6,1,25,5,1388,1,11,4,1,4
2018521802910,1,9,0,18,0,0,0,0,0,0,4,1,6,2,39,7,1368,1,4,8,1,8
2018521802910,2,1,0,18,0,0,0,0,0,0,1,1,6,1,15,3,-1,-1,-1,-1,-1,-1
2018521802911,1,1,0,7,0,2,0,0,0,0,2,1,6,1,56,9,-1,-1,-1,4,1,4
2018521802911,2,9,0,7,0,8,0,0,0,0,1,1,6,3,30,6,1598,2,8,-1,-1,-1
2018521802916,1,3,0,5,0,8,0,0,0,0,1,1,6,1,26,6,124,1,12,8,1,8
2018521802916,2,9,0,7,0,8,0,0,0,0,3,1,6,1,-1,-1,2979,1,13,-1,-1,-1
2018521802917,1,9,0,18,0,1,0,0,0,0,1,1,6,2,30,6,1984,1,2,-1,-1,-1
2018521802917,2,19,0,5,0,1,0,0,0,0,2,1,6,2,30,6,-1,-1,-1,-1,-1,-1
2018521802917,3,9,0,5,0,4,0,0,0,0,2,1,6,1,56,9,1497,8,6,7,1,7
2018521802925,1,9,0,17,0,8,0,0,0,0,4,1,3,2,59,9,1461,2,11,9,3,9
2018521802925,2,9,0,7,0,6,0,0,0,0,1,1,6,3,-1,-1,-1,-1,-1,-1,-1,-1
2018521802934,1,9,0,18,0,8,0,0,0,0,2,1,6,1,52,8,1461,2,7,8,3,8
2018521802934,2,9,0,9,0,8,0,0,0,0,1,1,6,1,33,6,-1,-1,-1,1,1,1
2018521802935,1,9,0,18,0,1,0,0,0,0,1,1,6,1,26,6,-1,-1,-1,9,1,9
2018521802935,2,9,0,3,0,8,0,0,0,0,2,1,6,1,32,6,2204,2,11,6,1,6
2018521802936,1,9,0,18,0,0,1,0,1,4,1,1,6,1,39,7,5000,1,9,4,1,4
2018521802938,1,9,0,18,0,0,0,0,0,0,1,1,6,1,35,6,1988,1,15,1,1,1
2018521802941,1,9,0,18,0,8,0,0,0,0,1,1,6,1,40,7,1240,1,13,5,1,5
2018521802941,2,9,0,18,0,8,0,0,0,0,2,1,6,2,33,6,1461,2,10,3,1,3
2018521802943,1,9,0,17,0,0,0,0,0,0,1,1,6,1,23,5,1995,2,17,10,1,10
2018521802946,1,9,0,18,0,8,0,0,0,0,4,1,6,1,25,5,1198,1,6,1,1,1
2018521802946,2,9,0,18,0,2,0,0,0,0,1,1,6,3,-1,-1,2793,1,21,-1,-1,-1
2018521802946,3,9,0,2,0,8,0,0,0,0,1,1,6,2,-1,-1,1591,1,1,-1,-1,-1
2018521802951,1,1,0,18,0,8,0,0,0,0,3,1,6,1,25,5,-1,-1,-1,3,1,3
2018521802951,2,19,0,9,0,5,0,0,0,0,1,1,6,3,-1,-1,-1,-1,-1,-1,-1,-1
2018521802963,1,19,0,1,9,6,0,0,0,0,2,1,1,1,18,4,-1,-1,-1,-1,-1,-1
2018521802967,1,9,0,3,0,0,0,0,0,0,1,1,6,2,33,6,1400,1,12,9,2,9
2018521802967,2,9,0,3,0,0,0,0,0,0,2,1,6,1,30,6,1124,1,13,4,1,4
2018521802969,1,9,0,6,0,1,0,0,0,0,4,1,6,1,38,7,1686,2,7,3,1,3
2018521802969,2,1,0,18,0,1,0,0,0,0,1,1,6,2,24,5,-1,-1,-1,1,1,1
2018521802971,1,9,0,7,0,8,0,0,0,0,4,1,1,2,63,9,1461,2,4,4,3,4
2018521802971,2,1,0,18,0,8,0,0,0,0,1,1,6,2,18,4,-1,-1,-1,7,2,7
2018521802974,1,9,0,18,0,1,0,0,0,0,1,1,6,2,37,7,-1,-1,-1,4,1,4
2018521802974,2,9,0,3,0,1,0,0,0,0,2,1,6,2,19,4,1591,1,5,3,1,3
2018521802974,3,9,0,3,0,1,0,0,0,0,2,1,6,1,25,5,2179,2,4,9,3,9
2018521802977,1,9,0,15,0,8,0,0,0,0,1,1,6,1,36,7,-1,-1,-1,-1,1,-1
2018521802977,2,9,0,3,0,1,0,0,0,0,1,1,6,1,21,5,1248,2,10,4,1,4
2018521802977,3,9,0,10,0,8,0,0,0,0,2,1,6,1,22,5,1995,2,10,4,1,4
2018521802980,1,9,0,3,0,8,0,0,0,0,2,1,6,1,29,6,1497,8,1,2,1,2
2018521802980,2,9,0,18,0,8,0,0,0,0,1,1,6,3,30,6,1360,1,14,-1,-1,-1
2018521802987,1,9,0,6,0,1,0,0,0,0,3,1,6,1,23,5,1995,2,5,1,1,1
2018521802987,2,2,0,18,0,1,0,0,0,0,1,1,6,1,36,7,125,1,4,4,1,4
2018521803002,1,9,0,9,0,8,0,0,0,0,3,1,6,1,78,11,1989,1,18,-1,-1,-1
2018521803002,2,1,0,18,0,8,0,0,0,0,1,1,6,2,40,7,-1,-1,-1,2,1,2
2018521803003,1,3,0,14,0,1,0,0,0,0,1,1,6,1,24,5,125,1,2,6,1,6
2018521803003,2,9,0,18,0,1,0,0,0,0,1,1,6,1,66,10,4197,1,12,-1,-1,-1
2018521803003,3,9,0,18,0,1,0,0,0,0,4,1,6,1,59,9,1248,1,3,8,2,8
2018521803003,4,9,0,18,0,1,0,0,0,0,1,1,6,1,45,7,1798,8,4,-1,-1,-1
2018521803004,1,1,0,18,4,8,0,0,0,0,3,1,2,1,48,8,-1,-1,-1,6,1,6
2018521803004,2,9,0,18,0,8,0,0,0,0,4,1,6,1,35,6,1349,1,4,-1,-1,-1
2018521803009,1,9,0,18,0,0,0,0,0,0,3,1,6,2,43,7,1798,1,10,3,1,3
2018521803020,1,9,0,18,0,2,1,0,0,0,3,1,6,1,34,6,1590,1,13,5,1,5
2018521803020,2,9,0,2,0,2,0,0,0,0,4,1,6,1,58,9,1386,1,12,5,1,5
2018521803021,1,9,0,16,0,8,1,0,0,0,3,1,6,1,20,4,1149,1,11,7,1,7
2018521803021,2,9,0,18,0,8,0,0,0,0,1,1,6,1,35,6,-1,-1,-1,7,1,7
2018521803022,1,9,0,18,9,8,0,0,0,0,1,1,6,3,-1,-1,-1,-1,-1,-1,-1,-1
2018521803028,1,9,0,18,0,1,0,0,0,0,4,1,6,1,48,8,1896,2,17,3,1,3
2018521803036,1,5,0,18,0,0,0,0,0,0,1,1,6,1,46,8,599,1,18,8,1,8
2018521803036,2,9,0,2,0,0,0,0,0,0,2,1,6,1,32,6,-1,-1,-1,8,1,8
2018521803038,1,9,0,18,0,1,0,0,0,0,1,1,6,1,22,5,1596,1,6,9,1,9
2018521803039,1,9,0,18,0,1,0,0,0,0,1,1,6,1,22,5,1997,2,14,9,3,9
2018521803042,1,9,0,18,0,3,0,0,0,0,2,1,6,2,28,6,1598,1,10,10,1,10
2018521803042,2,9,0,18,0,3,0,0,0,0,1,1,6,1,32,6,1997,2,11,1,1,1
2018521803043,1,9,0,4,0,0,0,0,0,0,2,1,6,1,59,9,1461,2,2,8,2,8
2018521803043,2,9,0,4,0,0,0,0,0,0,2,1,6,2,35,6,1499,2,5,6,3,6
2018521803043,3,9,0,18,0,0,0,0,0,0,1,1,6,1,18,4,1390,1,9,8,2,8
2018521803056,1,9,0,18,0,1,0,0,0,0,2,1,6,2,50,8,1968,2,1,9,2,9
2018521803056,2,9,0,4,0,1,1,0,0,0,1,1,6,2,32,6,1910,2,12,4,1,4
2018521803056,3,1,0,18,0,1,0,0,0,0,2,1,6,1,28,6,-1,-1,-1,7,1,7
2018521803059,1,9,0,18,0,1,0,0,0,0,1,1,6,1,45,7,-1,-1,-1,2,1,2
2018521803083,1,9,0,18,0,3,0,0,0,0,1,1,6,2,41,7,1598,1,14,7,1,7
2018521803083,2,9,0,3,0,8,0,0,0,0,2,1,6,1,40,7,1910,2,8,-1,-1,-1
2018521803086,1,9,0,3,7,8,0,0,0,0,4,1,6,2,19,4,1199,2,5,-1,3,-1
2018521803086,2,9,0,11,7,8,0,0,0,0,1,1,6,1,45,7,1956,2,1,-1,-1,-1
2018521803092,1,1,0,17,0,0,0,0,0,0,3,1,6,1,47,8,-1,-1,-1,10,1,10
2018521803092,2,9,0,18,0,0,0,0,0,0,3,1,6,1,19,4,1598,1,13,9,1,9
2018521803096,1,11,0,18,2,8,0,0,0,0,4,1,6,2,59,9,-1,-1,-1,10,2,10
2018521803098,1,9,0,18,0,1,0,10,0,0,3,1,6,1,25,5,998,1,3,1,1,1
2018521803098,2,9,0,18,0,1,0,0,0,0,4,1,1,2,30,6,1586,1,6,7,1,7
2018521803099,1,9,0,3,0,0,0,0,0,0,1,1,6,1,35,6,1396,1,9,4,1,4
2018521803099,2,9,0,1,0,0,0,0,0,0,2,1,6,2,30,6,1896,2,11,-1,-1,-1
2018521803107,1,9,0,3,0,1,0,0,0,0,2,1,6,2,38,7,1386,1,10,3,1,3
2018521803107,2,9,0,12,0,1,0,0,0,0,1,1,6,1,31,6,1685,2,6,-1,-1,-1
2018521803108,1,9,0,14,0,8,0,0,0,0,1,1,6,1,47,8,1598,1,13,6,1,6
2018521803108,2,9,0,9,0,6,0,0,0,0,3,1,6,1,25,5,2204,2,8,8,1,8
2018521803114,1,9,0,18,0,0,0,0,0,0,1,1,6,1,41,7,1995,2,5,1,-1,1
2018521803114,2,9,0,18,0,0,0,0,0,0,1,1,6,1,61,9,-1,-1,-1,9,1,9
2018521803120,1,9,0,9,0,2,0,0,0,0,4,1,6,3,-1,-1,-1,-1,-1,-1,-1,-1
2018521803126,1,9,0,18,0,0,0,0,0,0,4,1,6,3,26,6,-1,-1,-1,-1,-1,-1
2018521803134,1,8,0,2,0,2,0,0,0,0,3,1,6,1,41,7,1686,2,6,4,1,4
2018521803134,2,9,0,18,0,1,0,0,0,0,4,1,6,1,34,6,1598,1,15,5,1,5
2018521803134,3,9,0,18,0,1,0,0,0,0,1,1,6,1,43,7,998,1,1,4,1,4
2018521803140,1,9,0,18,0,0,0,0,0,0,2,1,6,2,48,8,2261,1,15,-1,-1,-1
2018521803140,2,9,0,18,0,0,0,0,0,0,1,1,6,2,30,6,1560,2,4,2,1,2
2018521803153,1,9,0,18,0,1,0,0,0,0,4,1,6,1,14,3,1461,2,1,1,1,1
2018521803153,2,9,0,7,0,7,0,0,0,0,3,1,6,1,-1,-1,-1,-1,-1,7,1,7
2018521803158,1,1,0,14,0,0,0,0,0,0,1,1,6,1,41,7,-1,-1,-1,5,1,5
2018521803158,2,9,0,6,0,0,0,0,0,0,3,1,6,1,20,4,1596,1,18,-1,-1,-1
2018521803159,1,1,0,18,0,1,0,0,0,0,2,1,6,1,47,8,-1,-1,-1,5,1,5
2018521803159,2,9,0,7,0,6,0,0,0,0,1,1,6,3,-1,-1,-1,-1,-1,-1,-1,-1
2018521803164,1,90,0,9,0,5,0,0,0,0,4,1,6,2,20,4,-1,-1,-1,-1,-1,-1
2018521803164,2,9,0,18,0,1,0,0,0,0,1,1,6,1,42,7,1598,1,10,-1,-1,-1
2018521803170,1,9,0,5,0,1,0,0,0,0,1,1,6,1,42,7,-1,-1,-1,10,1,10
2018521803170,2,1,0,18,0,8,0,0,0,0,3,1,6,1,40,7,-1,-1,-1,8,1,8
2018521803175,1,1,0,18,0,1,0,8,0,0,4,1,6,2,32,6,-1,-1,-1,5,1,5
2018521803175,2,9,0,2,0,1,0,0,0,0,4,1,6,3,30,6,1248,1,3,-1,-1,-1
2018521803177,1,5,0,14,0,8,0,0,0,0,1,1,6,1,48,8,1441,1,5,7,1,7
2018521803177,2,9,0,9,0,5,0,0,0,0,3,1,6,1,34,6,-1,-1,-1,9,1,9
2018521803185,1,9,0,18,0,8,0,0,0,0,1,1,6,1,29,6,1995,2,6,6,1,6
2018521803185,2,9,0,5,0,6,0,0,0,0,4,1,6,2,26,6,1197,1,2,7,1,7
2018521803194,1,9,0,18,0,1,0,0,0,0,1,1,6,2,74,10,1198,1,6,9,2,9
2018521803194,2,9,0,18,0,1,0,0,0,0,2,1,6,2,79,11,1388,1,9,10,2,10
2018521803194,3,9,0,4,0,1,0,0,0,0,2,1,6,2,69,10,1582,2,8,8,1,8
2018521803201,1,9,0,18,0,0,0,0,0,0,1,1,6,2,30,6,1596,1,7,3,1,3
2018521803203,1,9,0,18,0,1,0,0,0,0,1,1,6,3,30,6,-1,-1,-1,-1,-1,-1
2018521803204,1,9,0,18,0,8,0,0,0,0,3,1,6,1,30,6,1395,1,2,4,1,4
2018521803204,2,9,0,18,0,8,0,0,0,0,1,1,1,1,30,6,-1,-1,-1,-1,-1,-1
2018521803205,1,9,0,7,0,8,0,0,0,0,1,1,6,2,24,5,1198,1,8,1,1,1
2018521803205,2,9,0,18,0,8,0,0,0,0,1,1,6,1,59,9,1796,1,8,4,1,4
2018521803205,3,9,0,2,0,1,0,0,0,0,3,1,6,3,-1,-1,-1,-1,-1,-1,-1,-1
2018521803207,1,9,0,5,0,1,0,0,0,0,1,1,6,3,-1,-1,-1,-1,-1,-1,-1,-1
2018521803207,2,1,0,5,0,1,0,0,0,0,1,1,6,1,12,3,-1,-1,-1,7,1,7
2018521803216,1,9,0,18,0,1,0,0,0,10,1,1,6,1,83,11,1388,1,10,6,1,6
2018521803216,2,9,0,18,0,1,0,0,0,0,1,1,6,1,34,6,1560,2,11,4,1,4
2018521803225,1,3,0,9,0,5,0,0,0,0,4,1,6,1,37,7,998,1,2,7,1,7
2018521803225,2,1,0,18,0,1,0,0,0,0,1,1,1,1,30,6,-1,-1,-1,-1,-1,-1
2018521803245,1,1,0,18,0,0,0,0,0,0,1,1,6,1,27,6,-1,-1,-1,3,1,3
2018521803245,2,9,0,18,0,0,0,0,0,0,1,1,6,3,-1,-1,1586,1,11,-1,-1,-1
2018521803247,1,9,0,18,0,0,0,0,0,0,4,1,6,1,67,10,-1,-1,-1,8,1,8
2018521803265,1,9,0,18,0,8,0,0,0,0,3,1,6,1,48,8,2993,2,1,7,3,7
2018521803274,1,9,0,1,0,0,0,0,0,0,2,1,6,3,26,6,-1,-1,-1,-1,-1,-1
2018521803275,1,9,0,3,0,8,0,0,0,0,2,1,6,2,58,9,1997,2,6,4,1,4
2018521803275,2,9,0,3,0,1,0,0,0,0,2,1,6,1,53,8,1197,1,4,7,1,7
2018521803275,3,9,0,18,0,1,0,0,0,0,1,1,1,2,37,7,1598,2,8,2,1,2
2018521803276,1,4,0,18,0,0,0,0,1,0,1,1,6,1,63,9,744,1,40,3,1,3
2018521803276,2,20,0,18,0,0,0,0,0,0,1,1,1,3,-1,-1,-1,-1,-1,-1,-1,-1
2018521803277,1,9,0,18,0,0,0,0,0,0,1,1,6,1,28,6,1299,1,16,7,1,7
2018521803278,1,9,0,18,0,0,5,10,0,0,0,1,6,1,74,10,2316,1,21,7,1,7
2018521803308,1,9,0,18,0,0,0,0,0,0,1,1,6,1,20,4,1798,1,9,8,1,8
2018521803308,2,9,5,4,0,0,0,0,0,0,2,1,6,2,23,5,1398,1,1,5,1,5
2018521803308,3,9,0,3,0,0,0,0,0,0,2,1,6,2,49,8,1597,2,3,2,1,2
2018521803320,1,9,0,18,0,1,0,0,7,0,1,1,6,1,39,7,2204,2,11,7,2,7
2018521803320,2,9,0,18,0,1,0,0,0,0,0,1,6,1,50,8,2143,2,8,-1,-1,-1
2018521803321,1,1,0,5,0,0,0,0,0,0,3,1,6,2,61,9,-1,-1,-1,10,1,10
2018521803321,2,9,0,3,0,0,0,0,0,0,4,1,6,3,30,6,-1,-1,-1,-1,-1,-1
2018521803325,1,9,0,3,0,4,0,0,0,0,2,1,6,2,35,6,1149,1,5,9,1,9
2018521803325,2,5,0,18,0,4,0,0,0,0,1,1,6,1,30,6,-1,-1,-1,-1,-1,-1
2018521803328,1,9,0,18,0,8,0,0,0,0,2,1,6,1,26,6,1596,1,10,1,1,1
2018521803328,2,9,0,18,0,8,0,0,0,0,1,1,6,1,28,6,1796,1,19,4,1,4
2018521803340,1,19,4,18,0,0,0,0,0,0,1,1,6,1,25,5,2198,2,4,1,1,1
2018521803340,2,9,0,18,0,0,0,0,0,0,1,1,6,1,35,6,2979,1,7,9,1,9
2018521803340,3,9,0,18,0,0,0,0,0,0,1,1,6,1,40,7,1461,2,4,4,1,4
2018521803341,1,9,0,18,0,0,0,0,1,9,1,1,6,1,75,10,1299,1,12,8,3,8
2018521803341,2,9,0,18,0,0,0,0,0,0,1,1,6,1,50,8,2990,1,25,8,3,8
2018521803343,1,9,0,12,0,3,0,0,0,0,3,1,6,1,69,10,1598,1,6,9,1,9
2018521803343,2,9,0,18,0,3,0,0,0,0,4,1,6,2,44,7,1124,1,14,1,1,1
2018521803344,1,9,0,18,0,8,0,0,7,10,0,1,6,2,19,4,1596,1,9,8,3,8
2018521803344,2,9,0,10,0,8,0,0,0,0,0,1,6,2,53,8,-1,-1,-1,7,2,7
2018521803345,1,9,0,6,0,8,0,0,0,0,3,1,6,2,55,8,1341,1,14,10,1,10
2018521803345,2,5,0,14,0,8,0,0,0,0,4,1,6,1,20,4,471,1,1,1,1,1
2018521803367,1,1,0,18,0,0,0,0,0,0,4,1,6,2,26,6,-1,-1,-1,8,1,8
2018521803367,2,9,0,2,0,0,0,0,0,0,3,1,6,1,40,7,-1,-1,-1,-1,-1,-1
2018521803375,1,1,0,18,0,1,0,0,0,0,1,1,6,2,30,6,-1,-1,-1,8,1,8
2018521803375,2,9,0,9,0,5,0,0,0,0,1,1,6,1,-1,-1,-1,-1,-1,-1,-1,-1
2018521803382,1,9,0,1,6,0,0,0,0,0,2,1,1,2,62,9,1560,2,2,7,-1,7
2018521803382,2,9,0,2,0,0,0,0,0,0,1,1,6,1,39,7,1248,2,12,-1,-1,-1
2018521803383,1,9,0,7,0,1,0,0,0,0,4,1,6,1,33,6,1422,2,3,-1,-1,-1
2018521803383,2,4,0,18,0,1,0,0,0,0,1,1,6,2,48,8,-1,-1,-1,8,1,8
2018521803389,1,9,0,18,0,8,0,0,0,0,1,1,6,1,51,8,1868,2,17,9,1,9
2018521803389,2,9,0,18,0,8,0,0,0,0,1,1,6,1,40,7,1999,1,10,9,1,9
2018521803392,1,9,0,3,0,8,0,0,0,0,2,1,6,2,36,7,1360,1,8,6,1,6
2018521803392,2,9,0,18,0,1,0,0,0,0,1,1,6,1,33,6,-1,-1,-1,-1,-1,-1
2018521803393,1,9,0,18,0,0,0,4,0,0,1,1,6,1,17,4,1796,1,13,6,1,6
2018521803393,2,9,0,2,0,0,0,0,0,0,2,1,6,3,-1,-1,1997,2,7,-1,-1,-1
2018521803394,1,9,0,15,0,0,0,0,2,7,1,1,6,2,36,7,2497,2,11,8,1,8
2018521803398,1,9,0,4,0,0,0,0,0,0,2,1,6,1,25,5,1398,1,8,6,1,6
2018521803398,2,1,0,18,0,0,0,0,0,0,1,1,6,2,24,5,-1,-1,-1,9,1,9
2018521803406,1,9,0,18,0,1,0,0,0,0,1,1,6,1,52,8,1968,2,1,6,1,6
2018521803406,2,9,0,9,0,5,0,0,0,0,1,1,6,2,-1,-1,1798,1,7,1,1,1
2018521803410,1,3,0,18,0,0,5,0,0,0,1,1,6,1,19,4,124,1,6,6,3,6
2018521803412,1,9,0,3,0,0,0,0,0,0,2,1,6,1,62,9,1560,2,7,9,1,9
2018521803412,2,9,0,11,0,0,0,0,0,0,3,1,6,1,40,7,2720,2,12,-1,-1,-1
2018521803412,3,9,0,3,0,0,0,0,0,0,2,1,1,1,40,7,-1,-1,-1,-1,-1,-1
2018521803422,1,9,0,18,0,0,0,0,0,0,2,1,6,1,27,6,1396,1,16,3,1,3
2018521803422,2,9,0,18,0,0,0,0,0,0,1,1,6,1,35,6,-1,-1,-1,-1,-1,-1
2018521803442,1,9,0,4,0,2,0,0,0,0,2,1,6,2,41,7,1242,1,11,7,1,7
2018521803442,2,9,0,18,0,2,0,0,0,0,1,1,6,3,-1,-1,-1,-1,-1,-1,-1,-1
2018521803442,3,9,0,1,0,2,0,0,0,0,2,1,6,3,-1,-1,-1,-1,-1,-1,-1,-1
2018521803443,1,1,0,18,0,1,0,0,0,0,1,1,6,1,26,6,-1,-1,-1,8,1,8
2018521803443,2,9,0,9,0,5,0,0,0,0,0,1,6,2,99,11,1399,1,7,2,1,2
2018521803446,1,1,0,18,4,0,0,0,1,0,1,1,2,1,32,6,-1,-1,-1,6,1,6
2018521803446,2,9,0,18,0,0,0,0,0,0,4,1,6,2,42,7,1997,2,-1,-1,-1,-1
2018521803447,1,9,0,13,0,0,0,0,0,0,1,1,6,2,45,7,1798,1,1,3,1,3
2018521803447,2,19,0,18,0,0,0,0,0,0,0,1,6,3,30,6,2402,2,11,-1,-1,-1