Accident_Index,Vehicle_Reference,Vehicle_Type,Towing_and_Articulation,Vehicle_Manoeuvre,Vehicle_Location-Restricted_Lane,Junction_Location,Skidding_and_Overturning,Hit_Object_in_Carriageway,Vehicle_Leaving_Carriageway,Hit_Object_off_Carriageway,1st_Point_of_Impact,Was_Vehicle_Left_Hand_Drive?,Journey_Purpose_of_Driver,Sex_of_Driver,Age_of_Driver,Age_Band_of_Driver,Engine_Capacity_(CC),Propulsion_Code,Age_of_Vehicle,Driver_IMD_Decile,Driver_Home_Area_Type,Vehicle_IMD_Decile
2018521803448,1,9,0,2,0,0,0,0,0,0,2,1,6,2,21,5,998,1,14,4,1,4
2018521803448,2,9,0,1,0,0,0,0,0,0,2,1,6,1,20,4,1360,1,10,-1,-1,-1
2018521803464,1,9,0,9,0,5,0,0,0,0,4,1,6,1,35,6,1999,1,16,-1,-1,-1
2018521803464,2,1,0,18,0,8,0,0,0,0,1,1,6,2,30,6,-1,-1,-1,4,1,4
2018521803469,1,1,0,18,0,8,0,0,0,0,1,1,6,2,49,8,-1,-1,-1,5,1,5
2018521803469,2,9,0,7,0,6,0,0,0,0,1,1,6,1,40,7,-1,-1,-1,10,1,10
2018521803472,1,9,0,18,0,8,0,0,0,0,1,1,6,1,55,8,1598,1,14,1,1,1
2018521803475,1,9,0,18,0,8,0,0,0,0,1,1,6,3,30,6,1596,1,18,-1,-1,-1
2018521803475,2,9,0,5,0,8,0,0,0,0,3,1,6,2,47,8,1461,2,5,-1,1,-1
2018521803481,1,9,0,3,0,0,0,0,0,0,3,1,6,2,57,9,1998,2,6,6,1,6
2018521803481,2,9,0,18,0,0,0,0,0,0,3,1,6,3,-1,-1,2184,2,7,-1,-1,-1
2018521803486,1,1,0,7,0,5,0,0,0,0,2,1,6,1,43,7,-1,-1,-1,9,1,9
2018521803486,2,9,0,18,0,1,0,0,0,0,1,1,6,1,50,8,1596,1,12,-1,-1,-1
2018521803488,1,9,0,8,0,1,0,0,0,0,2,1,6,2,54,8,1968,2,10,6,3,6
2018521803488,2,9,0,18,0,1,0,0,0,0,1,1,6,1,70,10,1997,2,11,-1,-1,-1
2018521803492,1,9,0,18,0,2,0,0,0,0,1,1,6,2,62,9,1329,1,6,10,1,10
2018521803492,2,9,0,2,0,2,0,0,0,0,2,1,6,2,25,5,1149,1,7,-1,-1,-1
2018521803492,3,9,0,2,0,2,0,0,0,0,2,1,6,1,41,7,1242,1,3,-1,-1,-1
2018521803492,4,9,0,2,0,2,0,0,0,0,1,1,6,2,32,6,1598,1,9,-1,-1,-1
2018521803493,1,9,0,18,0,8,0,0,0,0,1,1,6,2,33,6,2000,2,9,6,1,6
2018521803493,2,1,0,18,0,8,0,0,0,0,4,1,6,1,15,3,-1,-1,-1,9,1,9
2018521803495,1,9,0,18,0,0,0,0,0,0,2,1,6,1,53,8,2993,2,3,10,1,10
2018521803495,2,9,0,18,0,0,0,0,0,0,1,1,6,2,26,6,1242,1,9,-1,-1,-1
2018521803497,1,9,0,18,0,8,0,0,2,2,1,1,6,1,32,6,-1,-1,-1,5,2,5
2018521803499,1,9,0,18,0,2,0,0,0,0,1,1,6,1,56,9,973,1,15,5,2,5
2018521803500,1,9,0,9,0,8,0,0,0,0,1,1,6,1,55,8,1896,2,10,8,3,8
2018521803500,2,1,0,18,0,8,0,0,0,0,1,1,6,1,52,8,-1,-1,-1,4,1,4
2018521803502,1,8,0,18,0,0,0,0,0,0,1,1,1,1,63,9,1995,2,7,1,1,1
2018521803503,1,1,0,16,0,0,0,0,0,0,3,1,6,1,46,8,-1,-1,-1,5,1,5
2018521803503,2,9,0,17,0,0,0,0,0,0,3,1,6,1,25,5,1598,1,18,-1,-1,-1
2018521803507,1,5,0,18,0,0,0,0,7,9,1,1,6,1,53,8,850,1,18,6,3,6
2018521803511,1,9,0,10,0,6,0,0,0,0,3,1,6,2,25,5,1364,1,3,-1,-1,-1
2018521803511,2,1,0,18,0,1,0,0,0,0,1,1,6,1,44,7,-1,-1,-1,9,2,9
2018521803526,1,9,0,18,0,8,0,0,0,0,4,1,6,1,47,8,1598,2,-1,10,1,10
2018521803528,1,9,0,7,0,8,0,0,0,0,3,1,6,2,55,8,1997,2,12,4,1,4
2018521803528,2,1,0,18,0,8,0,0,0,0,1,1,6,1,20,4,-1,-1,-1,6,1,6
2018521803529,1,9,0,18,0,0,0,0,0,0,1,1,6,1,32,6,1299,1,14,5,1,5
2018521803530,1,9,0,16,0,1,0,0,0,0,1,1,6,1,50,8,3590,1,30,4,1,4
2018521803530,2,9,0,4,0,1,0,0,0,0,2,1,6,1,61,9,-1,-1,-1,2,1,2
2018521803537,1,21,0,11,0,2,0,0,0,0,4,1,6,1,65,9,12740,2,7,7,1,7
2018521803537,2,9,0,18,0,2,0,0,1,7,3,1,6,2,26,6,1197,1,5,7,1,7
2018521803538,1,9,0,18,0,0,0,0,0,0,1,1,6,2,37,7,-1,-1,-1,2,1,2
2018521803538,2,9,0,18,0,0,0,0,0,0,1,1,6,1,62,9,1197,1,3,6,1,6
2018521803544,1,9,0,7,0,8,0,0,0,0,1,1,6,3,32,6,1364,1,12,-1,-1,-1
2018521803544,2,9,0,18,0,8,0,0,1,10,1,1,6,1,51,8,-1,-1,-1,5,3,5
2018521803546,1,1,0,3,0,6,0,0,0,0,1,1,6,1,20,4,-1,-1,-1,2,1,2
2018521803546,2,9,0,18,0,5,0,0,0,0,2,1,1,2,55,8,1390,1,11,-1,-1,-1
2018521803551,1,1,0,18,0,8,0,0,0,0,4,1,6,1,52,8,-1,-1,-1,10,1,10
2018521803551,2,9,0,9,0,6,0,0,0,0,1,1,6,3,-1,-1,-1,-1,-1,6,3,6
2018521803552,1,9,0,9,0,8,0,0,0,0,3,1,6,2,51,8,2143,2,1,-1,-1,-1
2018521803552,2,1,0,18,0,8,0,0,0,0,1,1,6,1,62,9,-1,-1,-1,10,1,10
2018521803558,1,9,0,18,0,0,0,0,0,0,1,1,6,1,25,5,1560,2,3,10,1,10
2018521803558,2,1,0,18,0,0,0,0,0,0,1,1,6,1,35,6,-1,-1,-1,-1,-1,-1
2018521803563,1,9,0,18,0,8,0,0,0,0,1,1,6,1,38,7,1956,2,6,8,1,8
2018521803563,2,9,0,18,0,8,0,0,0,0,1,1,6,2,42,7,1998,1,12,7,1,7
2018521803563,3,9,0,18,0,1,0,0,0,0,1,1,6,2,44,7,1461,2,1,8,1,8
2018521803567,1,2,0,5,0,2,0,0,0,0,1,1,6,1,38,7,-1,-1,-1,-1,-1,-1
2018521803567,2,19,0,5,0,2,0,0,0,0,1,1,6,1,50,8,-1,-1,-1,-1,-1,-1
2018521803581,1,9,0,18,0,8,0,0,7,4,3,1,6,1,75,10,1995,2,4,6,1,6
2018521803583,1,9,0,18,0,0,0,0,0,0,1,1,6,3,25,5,1781,1,16,-1,-1,-1
2018521803583,2,9,0,18,0,0,0,0,0,0,1,1,6,1,34,6,1968,2,13,2,1,2
2018521803583,3,9,0,18,0,0,0,0,0,0,0,1,6,3,25,5,1398,1,5,-1,-1,-1
2018521803584,1,9,0,18,0,3,0,0,0,0,4,1,6,1,22,5,2777,2,10,7,1,7
2018521803584,2,9,0,18,0,3,0,0,0,0,3,1,6,1,50,8,2755,2,3,10,1,10
2018521803589,1,9,0,2,0,0,0,0,0,0,1,1,6,1,52,8,-1,-1,-1,6,1,6
2018521803589,2,9,0,1,0,0,0,0,0,0,2,1,6,1,75,10,1198,1,3,2,1,2
2018521803591,1,9,0,16,0,0,5,0,7,10,3,1,6,1,17,4,995,1,9,7,3,7
2018521803595,1,9,0,5,0,8,0,0,0,0,1,1,6,1,77,11,1248,2,10,3,1,3
2018521803595,2,5,0,18,0,8,0,0,0,0,1,1,6,1,24,5,749,1,32,1,1,1
2018521803602,1,9,0,5,0,2,0,0,0,0,1,1,6,1,70,10,-1,-1,-1,-1,-1,-1
2018521803609,1,9,0,17,0,0,0,0,0,0,1,1,6,1,30,6,4282,1,11,6,1,6
2018521803609,2,9,0,16,0,0,0,0,0,0,1,1,6,2,71,10,1988,2,13,10,1,10
2018521803610,1,9,0,18,0,0,0,0,0,0,1,1,6,1,48,8,1995,2,14,9,1,9
2018521803611,1,19,0,1,0,0,0,0,0,0,2,1,6,1,47,8,2460,2,14,5,1,5
2018521803611,2,9,0,2,0,0,0,0,0,0,2,1,6,3,-1,-1,-1,-1,-1,-1,-1,-1
2018521803613,1,9,0,18,0,0,0,0,4,6,1,1,6,1,52,8,998,1,8,-1,-1,-1
2018521803619,1,9,0,18,0,1,0,0,0,0,2,1,6,2,47,8,1968,2,1,1,1,1
2018521803619,2,9,0,18,0,1,0,10,1,0,1,1,6,3,-1,-1,2979,1,4,-1,-1,-1
2018521803621,1,9,0,9,0,8,0,0,0,0,1,1,6,1,41,7,1461,2,6,7,2,7
2018521803621,2,4,0,14,0,1,0,10,0,0,1,1,6,1,65,9,499,1,22,10,3,10
2018521803622,1,9,0,2,9,0,0,0,0,0,2,1,6,2,21,5,-1,-1,-1,2,1,2
2018521803622,2,9,0,18,9,0,0,0,0,0,1,1,6,3,30,6,1560,2,4,-1,-1,-1
2018521803623,1,20,0,18,0,0,0,0,0,0,4,1,1,1,64,9,10518,2,8,-1,1,-1
2018521803623,2,9,0,2,0,0,0,0,0,0,3,1,6,3,-1,-1,-1,-1,-1,-1,-1,-1
2018521803623,3,9,0,2,0,0,0,0,0,0,3,1,6,3,-1,-1,-1,-1,-1,-1,-1,-1
2018521803626,1,9,0,18,0,1,0,0,0,0,1,1,6,1,67,10,-1,-1,-1,6,1,6
2018521803626,2,9,0,4,0,6,0,0,0,0,2,1,6,1,50,8,-1,-1,-1,1,1,1
2018521803637,1,1,0,14,0,0,0,0,0,0,1,1,6,1,41,7,-1,-1,-1,9,1,9
2018521803637,2,9,0,5,0,0,0,0,0,0,3,1,6,2,45,7,1296,1,10,9,1,9
2018521803642,1,9,0,18,0,0,0,0,0,0,0,1,6,1,63,9,1796,1,4,8,-1,8
2018521803651,1,1,0,9,0,8,0,0,0,0,4,1,6,1,34,6,-1,-1,-1,9,1,9
2018521803651,2,9,0,18,0,8,0,0,0,0,1,1,6,1,39,7,1796,1,14,1,1,1
2018521803665,1,9,0,9,0,6,0,0,0,0,1,1,6,1,39,7,-1,-1,-1,10,3,10
2018521803665,2,9,0,18,0,8,0,0,0,0,1,1,6,2,25,5,1598,1,14,6,1,6
2018521803666,1,9,0,18,0,0,0,0,0,0,1,1,6,1,28,6,3799,1,9,10,1,10
2018521803666,2,9,0,18,0,0,0,0,0,0,3,1,6,1,36,7,1956,2,4,4,1,4
2018521803669,1,9,0,18,0,0,0,0,0,0,1,1,6,1,77,11,-1,-1,-1,8,1,8
2018521803669,2,1,0,18,0,0,0,0,0,0,2,1,6,1,41,7,-1,-1,-1,9,2,9
2018521803671,1,9,0,5,0,6,0,0,0,0,3,1,6,2,39,7,1968,2,9,6,3,6
2018521803671,2,1,0,18,0,8,0,0,0,0,1,1,6,1,23,5,-1,-1,-1,3,1,3
2018521803677,1,9,0,18,0,0,0,0,0,0,2,1,6,1,59,9,1598,1,10,5,1,5
2018521803677,2,1,0,18,0,0,0,0,0,0,1,1,6,1,24,5,-1,-1,-1,-1,-1,-1
2018521803685,1,9,0,18,0,0,0,0,0,0,1,1,6,2,47,8,-1,-1,-1,5,1,5
2018521803685,2,9,0,18,0,0,0,0,0,0,2,1,6,2,38,7,-1,-1,-1,5,1,5
2018521803687,1,9,0,7,0,1,0,0,0,0,2,1,6,2,55,8,1968,2,2,8,3,8
2018521803687,2,9,0,18,0,1,0,0,0,0,1,1,6,1,23,5,1242,1,10,9,3,9
2018521803690,1,1,0,18,0,1,0,0,0,0,1,1,6,1,22,5,-1,-1,-1,10,1,10
2018521803690,2,9,0,9,0,5,0,0,0,0,4,1,6,3,40,7,-1,-1,-1,-1,-1,-1
2018521803691,1,5,0,18,0,1,0,0,0,0,1,1,6,1,34,6,599,1,19,9,1,9
2018521803691,2,9,0,10,0,1,0,0,0,0,2,1,6,1,70,10,1796,1,10,7,1,7
2018521803699,1,8,0,18,0,0,0,0,0,0,2,1,1,1,26,6,1968,2,3,3,1,3
2018521803699,2,3,0,18,0,0,0,0,0,0,1,1,6,2,18,4,124,1,1,10,2,10
2018521803701,1,1,0,18,0,8,0,0,0,0,1,1,6,1,49,8,-1,-1,-1,10,1,10
2018521803701,2,9,0,18,0,8,0,0,0,0,3,1,6,2,75,10,1299,1,14,3,1,3
2018521803702,1,9,0,9,0,8,0,0,0,0,2,1,6,2,30,6,1598,1,8,5,1,5
2018521803702,2,9,0,16,0,8,0,0,0,0,1,1,6,1,23,5,-1,-1,-1,-1,-1,-1
2018521803703,1,9,0,18,0,8,0,0,1,2,1,1,6,1,72,10,998,1,15,6,1,6
2018521803703,2,9,0,1,0,6,0,0,0,2,0,1,6,2,51,8,1399,2,7,6,1,6
2018521803703,3,9,0,2,0,2,0,0,0,0,0,1,6,2,49,8,998,1,4,6,1,6
2018521803704,1,9,0,6,0,0,0,0,0,0,0,1,6,1,21,5,1598,1,6,4,1,4
2018521803704,2,9,0,18,0,0,0,0,0,0,1,1,6,1,19,4,1242,1,9,3,1,3
2018521803705,1,9,0,18,0,1,0,0,0,0,1,1,6,1,32,6,1910,2,10,8,3,8
2018521803706,1,9,0,18,0,1,0,0,0,0,1,1,6,2,35,6,1560,2,4,10,2,10
2018521803706,2,9,0,10,0,1,0,0,0,0,2,1,6,2,35,6,1364,1,10,7,3,7
2018521803713,1,9,0,18,0,0,0,0,0,0,1,1,6,1,22,5,1229,1,13,1,1,1
2018521803713,2,9,0,3,0,0,0,0,0,0,2,1,6,2,23,5,1796,1,14,2,1,2
2018521803713,3,9,0,3,0,0,0,0,0,0,2,1,1,1,35,6,1997,2,16,7,1,7
2018521803714,1,8,0,18,0,0,0,0,0,0,2,1,6,1,32,6,1461,2,1,1,1,1
2018521803714,2,9,0,18,0,0,0,0,0,0,1,1,6,3,30,6,1498,1,-1,-1,-1,-1
2018521803722,1,9,0,4,0,1,0,0,0,0,1,1,6,1,83,11,1997,1,14,5,2,5
2018521803722,2,9,0,3,0,4,0,0,0,0,2,1,6,1,-1,-1,1968,2,9,-1,-1,-1
2018521803725,1,9,0,9,0,6,0,0,0,0,4,1,6,2,36,7,-1,-1,-1,2,1,2
2018521803725,2,1,0,18,0,8,0,0,0,0,1,1,6,2,32,6,-1,-1,-1,6,1,6
2018521803727,1,1,0,18,0,8,0,0,0,0,1,1,6,1,35,6,-1,-1,-1,2,1,2
2018521803727,2,8,0,18,0,8,0,0,0,0,4,1,6,1,50,8,-1,-1,-1,-1,-1,-1
2018521803733,1,9,0,18,0,1,0,0,0,0,1,1,6,1,22,5,-1,-1,-1,8,1,8
2018521803733,2,11,0,5,0,1,0,0,0,0,0,1,1,1,31,6,5132,2,3,1,1,1
2018521803733,3,3,0,3,0,1,0,0,0,0,2,1,6,1,32,6,125,1,2,2,1,2
2018521803741,1,9,0,18,0,0,0,0,0,0,1,1,6,1,39,7,1995,2,1,8,3,8
2018521803741,2,9,0,18,0,0,0,0,0,0,1,1,6,2,30,6,-1,-1,-1,8,3,8
2018521803742,1,9,0,18,0,8,0,0,0,0,1,1,6,1,30,6,1149,1,17,4,1,4
2018521803742,2,9,0,18,0,8,0,0,0,0,1,1,6,2,51,8,1596,1,10,7,1,7
2018521803742,3,9,0,18,0,8,0,0,0,0,2,1,6,2,27,6,998,1,3,10,1,10
2018521803742,4,21,0,18,0,8,0,0,0,0,1,1,6,1,35,6,12777,2,8,6,1,6
2018521803743,1,9,0,17,0,1,0,0,0,10,1,1,6,1,29,6,1560,2,11,2,1,2
2018521803745,1,9,0,5,0,4,0,0,0,0,3,1,6,2,80,11,1497,8,1,7,1,7
2018521803745,2,9,0,9,0,8,0,0,0,0,1,1,6,1,54,8,1587,1,14,6,1,6
2018521803754,1,9,0,4,0,0,0,0,0,0,2,1,6,2,46,8,-1,-1,-1,9,2,9
2018521803754,2,9,0,18,0,0,1,0,0,0,1,1,6,1,40,7,999,1,5,-1,-1,-1
2018521803756,1,2,0,18,0,0,0,0,0,0,1,1,6,1,17,4,49,1,10,4,1,4
2018521803761,1,9,0,1,0,1,0,0,0,0,2,1,6,2,29,6,-1,-1,-1,1,1,1
2018521803761,2,21,0,1,0,8,0,0,0,0,2,1,6,1,23,5,9290,2,5,2,1,2
2018521803764,1,9,0,17,0,1,0,0,1,4,1,1,6,1,88,11,-1,-1,-1,6,3,6
2018521803765,1,9,0,5,0,8,0,0,0,0,0,1,6,1,34,6,1896,2,9,5,1,5
2018521803765,2,5,0,18,0,1,0,0,0,0,0,1,6,1,29,6,599,1,7,4,2,4
2018521803772,1,1,0,18,2,0,0,8,0,0,1,1,6,1,38,7,-1,-1,-1,8,1,8
2018521803772,2,9,0,2,2,0,0,0,0,0,3,1,6,3,30,6,-1,-1,-1,-1,-1,-1
2018521803774,1,1,0,18,0,8,0,0,0,0,4,1,6,2,24,5,-1,-1,-1,4,1,4
2018521803774,2,9,0,5,0,4,0,0,0,0,1,1,1,1,50,8,1399,1,-1,4,1,4
2018521803778,1,3,0,13,0,2,0,0,0,0,1,1,6,1,58,9,102,1,14,5,1,5
2018521803778,2,21,1,17,0,2,0,0,0,0,0,1,6,1,58,9,12809,2,5,-1,-1,-1
2018521803778,3,9,0,16,0,1,0,0,0,0,1,1,6,1,66,10,1997,1,8,2,1,2
2018521803779,1,9,0,3,0,1,0,0,0,0,2,1,6,2,67,10,1360,1,11,2,1,2
2018521803779,2,9,0,18,0,1,0,0,0,0,1,1,6,3,55,8,-1,-1,-1,-1,-1,-1
2018521803782,1,1,0,3,0,8,0,0,0,0,3,1,6,1,28,6,-1,-1,-1,2,1,2
2018521803782,2,9,0,8,0,1,0,0,0,0,4,1,6,3,30,6,1240,1,13,-1,-1,-1
2018521803783,1,10,0,18,0,0,0,0,1,2,1,1,6,1,74,10,1998,2,14,4,1,4
2018521803783,2,9,0,2,0,0,0,0,0,0,3,1,6,3,-1,-1,-1,-1,-1,-1,-1,-1
2018521803783,3,9,0,2,0,0,0,4,0,0,1,1,6,3,-1,-1,2000,2,13,-1,-1,-1
2018521803783,4,9,0,2,0,0,0,0,0,0,2,1,6,3,-1,-1,1783,1,20,-1,-1,-1
2018521803787,1,4,0,16,0,0,0,0,0,0,1,1,6,1,23,5,-1,-1,-1,-1,-1,-1
2018521803787,2,9,0,17,0,0,0,0,0,0,1,1,6,2,58,9,1997,2,5,3,1,3
2018521803790,1,9,0,18,0,1,0,0,0,0,1,1,6,1,38,7,1998,2,10,2,1,2
2018521803792,1,21,0,11,0,2,0,0,1,1,4,1,6,2,39,7,-1,-1,-1,7,1,7
2018521803792,2,9,0,18,0,2,0,0,0,0,3,1,6,1,30,6,-1,-1,-1,7,3,7
2018521803794,1,1,0,18,0,8,0,0,0,0,1,1,6,1,33,6,-1,-1,-1,9,1,9
2018521803794,2,9,0,9,0,8,0,0,0,0,1,1,6,3,30,6,-1,-1,-1,-1,-1,-1
2018521803795,1,9,0,9,0,6,0,0,0,0,1,1,6,2,47,8,1997,2,6,7,1,7
2018521803795,2,4,0,18,0,1,0,0,0,0,4,1,6,1,72,10,499,1,10,10,2,10
2018521803796,1,9,0,18,0,1,0,0,0,0,1,1,6,1,49,8,2987,2,11,5,1,5
2018521803796,2,9,0,7,0,5,0,0,0,0,2,1,6,1,28,6,2996,2,8,-1,-1,-1
2018521803797,1,21,1,18,0,0,0,0,0,0,1,1,6,1,49,8,12740,2,5,5,3,5
2018521803797,2,21,1,18,0,0,0,0,0,0,2,1,6,1,22,5,12740,2,8,8,3,8
2018521803797,3,9,0,18,0,0,0,0,4,6,3,1,6,1,30,6,1753,2,16,-1,1,-1
2018521803797,4,21,1,18,0,0,0,0,0,0,0,1,6,1,49,8,-1,-1,-1,4,3,4
2018521803804,1,9,0,3,0,0,0,0,0,0,2,1,6,2,41,7,-1,-1,-1,4,1,4
2018521803804,2,9,0,3,0,0,0,0,0,0,1,1,6,1,25,5,1595,1,-1,-1,-1,-1
2018521803805,1,1,0,5,0,2,0,0,0,0,2,1,6,2,23,5,-1,-1,-1,-1,-1,-1
2018521803805,2,9,0,5,0,2,0,0,0,0,1,1,6,2,-1,-1,-1,-1,-1,-1,-1,-1
2018521803808,1,9,0,18,0,0,0,0,1,7,1,1,6,1,45,7,1995,2,6,9,1,9
2018521803808,2,21,1,18,0,0,0,0,0,0,3,1,1,1,58,9,10677,2,3,9,1,9
2018521803808,3,9,0,18,0,0,0,1,0,0,1,1,6,1,49,8,1400,2,11,-1,1,-1
2018521803811,1,9,0,18,0,1,0,0,0,0,1,1,6,2,50,8,1364,1,1,5,1,5
2018521803811,2,9,0,4,0,1,0,0,0,0,2,1,6,2,19,4,1364,1,12,10,3,10
2018521803813,1,9,0,18,0,8,0,0,7,0,4,1,6,1,27,6,1598,1,10,7,3,7
2018521803813,2,9,0,18,0,1,0,10,0,0,1,1,6,1,21,5,1998,1,3,10,1,10
2018521803813,3,9,0,18,0,1,0,0,0,0,3,1,6,2,29,6,1600,2,7,10,1,10
2018521803813,4,9,0,7,0,6,0,0,0,0,1,1,6,2,75,10,1086,1,11,10,1,10
2018521803815,1,9,0,9,0,5,0,0,0,0,3,1,6,2,31,6,1796,1,14,3,1,3
2018521803815,2,3,0,14,0,8,0,0,0,0,4,1,6,1,19,4,125,1,9,3,1,3
2018521803817,1,3,0,15,0,1,0,0,0,0,3,1,2,1,18,4,125,1,-1,6,1,6
2018521803817,2,9,0,7,0,5,0,0,0,0,4,1,6,1,51,8,-1,-1,-1,6,1,6
2018521803818,1,9,0,18,0,1,0,0,1,0,1,1,6,2,19,4,1753,2,15,7,1,7
2018521803819,1,9,0,10,0,5,0,0,0,0,2,1,6,1,49,8,1998,8,-1,8,1,8
2018521803819,2,1,0,18,0,1,0,0,0,0,1,1,6,1,21,5,-1,-1,-1,7,1,7
2018521803821,1,9,0,3,0,1,0,0,0,0,2,1,6,1,28,6,-1,-1,-1,7,1,7
2018521803821,2,9,0,18,0,1,0,0,0,0,1,1,6,1,33,6,1896,2,13,-1,-1,-1
2018521803823,1,9,0,17,0,8,0,0,0,0,4,1,6,2,62,9,1386,1,8,3,1,3
2018521803823,2,20,0,7,0,8,0,0,0,0,1,1,6,1,-1,-1,-1,-1,-1,-1,-1,-1
2018521803827,1,19,0,5,0,0,0,0,0,0,4,1,1,1,34,6,1560,2,3,2,1,2
2018521803842,1,9,0,5,0,1,0,0,0,0,1,1,1,1,52,8,-1,-1,-1,10,1,10
2018521803842,2,1,0,18,0,8,0,0,0,0,2,1,6,1,20,4,-1,-1,-1,2,1,2
2018521803844,1,1,0,18,0,0,0,0,0,0,1,1,6,1,52,8,-1,-1,-1,3,1,3
2018521803844,2,19,0,2,0,0,0,0,0,0,3,1,1,1,30,6,2151,2,15,1,1,1
2018521803845,1,2,0,18,0,1,0,0,0,0,1,1,6,1,19,4,49,1,10,4,1,4
2018521803845,2,9,0,5,0,8,0,0,0,0,4,1,6,3,30,6,-1,-1,-1,-1,-1,-1
2018521803846,1,9,0,18,0,8,0,0,0,0,1,1,6,1,26,6,1596,1,13,8,3,8
2018521803846,2,9,0,9,0,1,0,0,0,0,1,1,6,2,56,9,1527,2,18,8,3,8
2018521803848,1,5,0,18,0,1,0,0,0,0,1,1,2,1,27,6,599,1,20,2,1,2
2018521803848,2,9,0,5,0,6,0,0,0,0,1,1,6,2,29,6,1229,1,5,1,1,1
2018521803867,1,9,0,18,0,0,0,0,0,0,3,1,6,1,49,8,1299,1,16,8,1,8
2018521803867,2,9,0,18,0,0,0,0,1,4,1,1,6,1,78,11,1399,2,11,4,1,4
2018521803882,1,8,0,18,0,0,0,0,0,0,3,1,1,1,55,8,1968,2,3,3,1,3
2018521803882,2,9,0,11,0,0,0,0,0,0,4,1,6,3,-1,-1,-1,-1,-1,-1,-1,-1
2018521803883,1,9,0,18,0,0,0,0,0,0,4,1,6,1,53,8,1590,1,6,1,1,1
2018521803883,2,1,0,18,2,0,0,0,0,0,3,1,6,1,23,5,-1,-1,-1,8,1,8
2018521803898,1,9,0,18,0,1,0,0,0,0,4,1,6,1,27,6,-1,-1,-1,4,1,4
2018521803899,1,9,0,18,0,0,0,0,0,0,1,1,6,2,50,8,-1,-1,-1,-1,-1,-1
2018521803902,1,9,0,3,0,1,0,0,0,0,2,1,6,1,59,9,1498,1,1,2,1,2
2018521803902,2,1,0,18,0,1,0,0,0,0,1,1,6,1,30,6,-1,-1,-1,-1,-1,-1
2018521803903,1,9,0,18,0,1,0,0,0,0,4,1,3,2,46,8,1364,1,10,10,-1,10
2018521803904,1,9,0,7,0,6,0,0,0,0,1,1,6,1,82,11,1197,1,5,10,1,10
2018521803904,2,9,0,18,0,1,0,0,0,0,4,1,6,2,51,8,-1,-1,-1,6,1,6
2018521803908,1,19,0,18,0,0,0,0,0,0,2,1,6,2,37,7,1968,2,3,7,1,7
2018521803908,2,9,0,18,0,0,0,0,0,0,1,1,1,2,60,9,1396,1,14,-1,-1,-1
2018521803913,1,9,0,9,0,8,0,0,0,0,3,1,6,1,41,7,-1,-1,-1,1,1,1
2018521803913,2,1,0,10,0,2,0,0,0,0,1,1,6,1,43,7,-1,-1,-1,2,1,2
2018521803915,1,9,0,7,0,8,0,0,0,0,1,1,6,3,-1,-1,-1,-1,-1,-1,-1,-1
2018521803915,2,1,0,18,0,8,0,0,0,0,1,1,6,1,48,8,-1,-1,-1,5,1,5
2018521803920,1,9,0,18,0,0,0,0,0,0,1,1,6,2,50,8,1560,2,5,9,1,9
2018521803920,2,9,0,18,0,0,0,0,0,0,0,1,6,3,-1,-1,-1,-1,-1,-1,-1,-1
2018521803924,1,9,0,5,0,8,0,0,0,0,1,1,6,2,43,7,1968,2,6,2,1,2
2018521803924,2,1,0,18,0,8,0,0,0,0,4,1,6,1,51,8,-1,-1,-1,-1,-1,-1
2018521803925,1,9,0,18,0,0,0,0,0,0,4,1,6,1,81,11,1999,1,15,6,1,6
2018521803930,1,9,0,18,0,8,0,0,0,0,3,1,6,1,62,9,-1,-1,-1,3,1,3
2018521803930,2,9,0,9,0,8,0,0,0,0,3,1,6,1,59,9,1364,2,1,-1,-1,-1
2018521803937,1,9,0,2,6,1,0,0,0,0,3,1,6,2,39,7,1198,1,13,1,1,1
2018521803937,2,9,0,18,0,1,0,0,0,0,4,1,6,2,74,10,-1,-1,-1,2,1,2
2018521803939,1,9,0,18,0,1,0,0,0,0,3,1,6,1,79,11,1364,1,12,7,1,7
2018521803944,1,9,0,9,0,6,0,0,0,0,1,1,6,2,44,7,998,1,6,9,3,9
2018521803944,2,9,0,18,0,8,0,0,0,0,1,1,6,2,50,8,-1,-1,-1,7,2,7
2018521803944,3,19,0,18,0,8,0,0,0,0,1,1,6,1,54,8,1499,2,2,7,3,7
2018521803947,1,3,0,18,0,0,0,0,0,0,0,1,6,1,21,5,125,1,2,6,1,6
2018521803954,1,9,0,9,0,4,0,0,0,0,1,1,6,2,20,4,1598,1,14,5,1,5
2018521803954,2,1,0,9,0,5,0,0,0,0,2,1,6,1,21,5,-1,-1,-1,2,1,2
2018521803956,1,9,0,7,0,8,0,0,0,0,3,1,6,1,90,11,1339,1,4,10,1,10
2018521803956,2,9,0,18,0,8,0,0,0,0,1,1,6,2,49,8,999,1,1,2,1,2
2018521803959,1,9,0,18,0,8,0,0,0,0,1,1,6,1,79,11,1198,1,3,-1,-1,-1
2018521803959,2,9,0,18,0,8,0,0,0,0,1,1,6,2,71,10,1797,8,3,-1,-1,-1
2018521803965,1,9,0,9,0,8,0,0,0,0,3,1,6,2,30,6,1968,2,9,6,3,6
2018521803965,2,1,0,18,0,8,0,0,0,0,1,1,6,1,37,7,-1,-1,-1,5,1,5