Accident_Index,Vehicle_Reference,Vehicle_Type,Towing_and_Articulation,Vehicle_Manoeuvre,Vehicle_Location-Restricted_Lane,Junction_Location,Skidding_and_Overturning,Hit_Object_in_Carriageway,Vehicle_Leaving_Carriageway,Hit_Object_off_Carriageway,1st_Point_of_Impact,Was_Vehicle_Left_Hand_Drive?,Journey_Purpose_of_Driver,Sex_of_Driver,Age_of_Driver,Age_Band_of_Driver,Engine_Capacity_(CC),Propulsion_Code,Age_of_Vehicle,Driver_IMD_Decile,Driver_Home_Area_Type,Vehicle_IMD_Decile
2018521803967,1,9,0,5,0,8,0,0,0,0,1,1,6,1,48,8,1364,1,14,8,1,8
2018521803967,2,1,0,18,0,8,0,0,0,0,1,1,1,1,37,7,-1,-1,-1,1,1,1
2018521803975,1,9,0,4,0,8,0,0,0,0,2,1,6,2,59,9,1390,1,12,2,1,2
2018521803975,2,9,0,18,0,8,0,0,0,0,1,1,6,3,-1,-1,-1,-1,-1,-1,-1,-1
2018521803977,1,19,0,1,0,0,0,0,0,0,2,1,6,1,46,8,4580,2,8,7,1,7
2018521803977,2,9,0,2,0,0,0,0,0,0,1,1,6,2,27,6,1910,2,11,10,-1,10
2018521803979,1,9,0,18,0,0,0,0,1,0,1,1,6,1,43,7,1248,2,10,-1,2,-1
2018521803982,1,9,0,8,0,8,0,0,0,0,2,1,6,2,40,7,1598,2,5,-1,1,-1
2018521803982,2,9,0,5,0,8,0,0,0,0,1,1,6,1,40,7,1995,2,10,5,1,5
2018521804000,1,9,0,18,0,8,0,0,0,0,4,1,6,3,23,5,-1,-1,-1,-1,-1,-1
2018521804002,1,9,0,18,0,8,0,0,0,0,3,1,6,2,17,4,1499,2,1,7,3,7
2018521804002,2,9,0,9,0,8,0,0,0,0,1,1,6,1,21,5,4367,2,8,8,3,8
2018521804003,1,9,0,7,0,3,0,0,0,0,4,1,6,1,40,7,1598,1,8,4,1,4
2018521804003,2,4,0,12,0,8,0,0,0,0,3,1,6,2,27,6,-1,-1,-1,7,1,7
2018521804004,1,9,0,18,0,0,0,0,0,0,1,1,6,2,48,8,1390,1,6,8,1,8
2018521804004,2,9,0,18,0,0,0,0,0,0,2,1,6,1,49,8,1598,2,7,8,3,8
2018521804005,1,9,0,17,0,0,5,0,0,0,1,1,6,2,42,7,1246,1,13,2,1,2
2018521804012,1,1,0,18,0,8,0,0,0,0,4,1,6,1,43,7,-1,-1,-1,10,1,10
2018521804012,2,9,0,18,0,8,0,0,0,0,3,1,6,2,17,4,998,1,4,7,2,7
2018521804020,1,19,0,7,0,3,0,0,0,0,1,1,6,1,59,9,1560,2,-1,-1,-1,-1
2018521804020,2,22,0,18,0,6,0,0,0,0,3,1,6,1,71,10,-1,-1,-1,4,1,4
2018521804022,1,9,0,18,0,1,5,0,1,1,1,1,6,1,43,7,1794,1,18,6,1,6
2018521804026,1,1,0,9,0,2,0,0,0,0,4,1,6,1,37,7,-1,-1,-1,4,1,4
2018521804026,2,9,0,18,0,1,0,0,0,0,1,1,6,1,60,9,-1,-1,-1,8,1,8
2018521804032,1,1,0,9,0,8,0,0,0,0,1,1,6,1,26,6,-1,-1,-1,6,1,6
2018521804032,2,9,0,9,0,8,0,0,0,0,1,1,6,1,25,5,-1,-1,-1,-1,-1,-1
2018521804044,1,19,0,5,9,6,0,0,0,0,1,1,6,1,31,6,1997,2,12,2,1,2
2018521804053,1,19,0,9,0,8,0,0,0,0,1,1,1,1,28,6,2148,2,9,-1,1,-1
2018521804053,2,9,0,5,0,8,0,0,0,0,3,1,6,2,26,6,1197,1,2,2,1,2
2018521804057,1,9,0,18,0,0,0,0,0,0,3,1,3,2,38,7,1398,1,1,6,3,6
2018521804057,2,9,0,18,0,0,0,0,0,0,3,1,6,3,30,6,-1,-1,-1,-1,-1,-1
2018521804058,1,9,0,18,0,2,0,0,0,0,1,1,6,3,-1,-1,-1,-1,-1,-1,-1,-1
2018521804070,1,9,0,6,0,2,0,0,0,0,3,1,6,1,30,6,1582,2,9,10,-1,10
2018521804070,2,3,0,13,0,2,0,0,0,0,1,1,6,1,26,6,125,1,2,8,1,8
2018521804071,1,9,0,9,0,8,0,0,0,0,4,1,6,1,67,10,2496,1,13,4,1,4
2018521804071,2,9,0,18,0,1,0,0,0,0,3,1,6,3,-1,-1,-1,-1,-1,-1,-1,-1
2018521804072,1,1,0,5,0,1,0,8,0,0,1,1,6,1,37,7,-1,-1,-1,6,1,6
2018521804072,2,9,0,8,0,2,0,0,0,0,4,1,6,1,25,5,-1,-1,-1,-1,-1,-1
2018521804073,1,9,0,18,0,1,0,0,0,0,1,1,6,1,36,7,1499,1,2,1,1,1
2018521804073,2,5,0,18,0,3,0,0,0,0,4,1,6,1,52,8,647,1,17,1,1,1
2018521804081,1,9,0,18,0,0,0,4,0,0,1,1,6,3,-1,-1,-1,-1,-1,-1,-1,-1
2018521804081,2,9,0,2,0,0,0,0,0,0,3,1,6,3,-1,-1,2792,1,2,-1,-1,-1
2018521804081,3,9,0,2,0,0,0,0,0,0,4,1,6,3,-1,-1,1598,1,14,-1,-1,-1
2018521804093,1,9,0,18,0,4,0,0,0,0,1,1,6,2,51,8,1396,1,9,4,1,4
2018521804093,2,1,0,13,0,4,0,0,0,0,1,1,6,1,47,8,-1,-1,-1,8,2,8
2018521804110,1,9,0,2,0,1,0,0,0,0,2,1,6,1,63,9,999,1,1,5,1,5
2018521804110,2,9,0,18,0,1,0,0,0,0,1,1,6,1,50,8,1598,1,14,-1,-1,-1
2018521804113,1,3,0,18,0,1,0,0,0,0,4,1,1,1,22,5,109,1,3,6,1,6
2018521804114,1,9,0,2,0,1,0,0,0,0,4,1,6,1,60,9,998,1,4,-1,-1,-1
2018521804114,2,1,0,18,4,1,0,0,0,0,3,1,6,1,20,4,-1,-1,-1,-1,-1,-1
2018521804139,1,9,0,18,0,0,0,0,0,0,1,1,6,1,72,10,1360,1,11,3,1,3
2018521804141,1,9,0,2,0,0,0,0,0,0,2,1,6,2,18,4,1497,8,4,7,3,7
2018521804141,2,9,0,18,0,0,0,0,0,0,1,1,6,3,-1,-1,-1,-1,-1,-1,-1,-1
2018521804146,1,9,0,8,0,8,0,0,0,0,3,1,6,2,18,4,1198,1,8,9,3,9
2018521804146,2,1,0,18,0,8,0,0,0,0,1,1,6,1,46,8,-1,-1,-1,9,3,9
2018521804149,1,9,0,18,0,0,0,0,0,0,0,1,6,3,-1,-1,-1,-1,-1,-1,-1,-1
2018521804151,1,1,0,18,0,0,0,0,0,0,4,1,2,1,31,6,-1,-1,-1,8,1,8
2018521804151,2,19,0,5,0,0,0,0,0,0,4,1,1,1,-1,-1,-1,-1,-1,7,1,7
2018521804154,1,9,0,18,0,0,0,0,0,0,4,1,6,2,64,9,1995,2,2,3,1,3
2018521804159,1,9,0,18,0,8,0,0,0,0,1,1,6,2,21,5,1910,2,13,6,1,6
2018521804159,2,19,0,18,0,8,0,0,0,0,1,1,6,1,37,7,1686,2,15,8,2,8
2018521804161,1,9,0,7,0,8,0,0,0,0,1,1,6,2,45,7,1461,2,2,5,1,5
2018521804161,2,9,0,18,0,8,0,0,0,0,2,1,6,1,41,7,1968,2,7,3,1,3
2018521804163,1,1,0,18,0,0,0,0,0,0,2,1,6,1,70,10,-1,-1,-1,10,1,10
2018521804163,2,9,0,18,0,0,0,0,0,0,1,1,6,1,30,6,-1,-1,-1,1,1,1
2018521804165,1,9,0,18,0,0,0,0,0,0,3,1,6,3,-1,-1,-1,-1,-1,-1,-1,-1
2018521804168,1,1,0,18,5,0,0,0,0,0,2,1,6,1,27,6,-1,-1,-1,8,1,8
2018521804168,2,2,0,18,5,0,0,0,0,0,1,1,6,1,25,5,-1,-1,-1,-1,-1,-1
2018521804171,1,9,0,18,0,1,1,0,2,10,1,1,6,1,20,4,998,1,3,4,1,4
2018521804172,1,1,0,18,0,8,0,0,0,0,1,1,2,2,50,8,-1,-1,-1,10,2,10
2018521804172,2,9,0,9,0,8,0,0,0,0,4,1,6,2,18,4,1242,1,2,6,3,6
2018521804173,1,9,0,18,0,1,0,4,0,0,1,1,6,1,26,6,1461,2,16,1,1,1
2018521804173,2,20,0,2,0,2,0,0,0,0,3,1,6,3,-1,-1,4764,2,9,-1,-1,-1
2018521804174,1,9,0,14,0,1,0,0,0,0,1,1,6,1,32,6,-1,-1,-1,8,1,8
2018521804174,2,1,0,9,0,6,0,0,0,0,3,1,6,1,19,4,-1,-1,-1,3,1,3
2018521804174,3,21,0,2,0,1,0,0,0,0,0,1,1,1,59,9,12740,2,5,-1,1,-1
2018521804175,1,9,0,17,0,1,1,0,1,0,4,1,6,2,33,6,1598,2,6,1,1,1
2018521804175,2,9,0,2,0,1,0,0,0,0,2,1,6,3,-1,-1,1242,1,11,-1,-1,-1
2018521804180,1,9,0,18,0,2,0,0,0,0,1,1,6,1,20,4,1560,2,8,7,1,7
2018521804180,2,9,0,4,0,2,0,0,0,0,2,1,6,2,48,8,1587,1,14,9,1,9
2018521804182,1,9,0,18,0,0,0,0,0,10,3,1,6,2,36,7,1968,2,2,8,1,8
2018521804182,2,9,0,18,0,0,0,0,0,0,1,1,6,1,17,4,1796,1,14,8,1,8
2018521804185,1,1,0,18,0,0,0,0,0,0,4,1,6,1,38,7,-1,-1,-1,10,1,10
2018521804185,2,9,0,5,8,0,0,0,0,0,2,1,6,1,-1,-1,-1,-1,-1,-1,-1,-1
2018521804186,1,9,0,6,0,8,0,0,0,0,2,1,6,1,35,6,2143,2,3,7,1,7
2018521804186,2,1,0,18,0,8,0,0,0,0,1,1,6,1,43,7,-1,-1,-1,6,1,6
2018521804188,1,9,0,18,0,8,0,0,0,0,1,1,6,1,54,8,1493,2,12,1,1,1
2018521804188,2,4,0,4,0,8,0,0,0,0,2,1,6,1,26,6,599,1,14,5,1,5
2018521804191,1,9,0,9,0,8,0,0,0,0,1,1,6,1,43,7,1999,1,13,3,1,3
2018521804191,2,1,0,18,0,8,0,0,0,0,1,1,6,1,35,6,-1,-1,-1,2,1,2
2018521804213,1,11,0,4,0,1,0,0,0,0,0,1,1,1,34,6,5132,2,3,-1,-1,-1
2018521804213,2,9,0,11,0,2,0,0,0,0,0,1,6,3,-1,-1,2400,2,4,-1,-1,-1
2018521804238,1,9,0,18,0,1,0,0,0,0,4,1,6,1,29,6,1995,2,6,6,1,6
2018521804241,1,9,0,18,0,1,0,0,0,0,1,1,6,1,73,10,1798,8,1,8,1,8
2018521804242,1,9,0,18,0,1,0,0,0,0,2,1,6,2,50,8,1461,2,10,2,1,2
2018521804242,2,9,0,18,0,1,0,0,0,0,1,1,6,1,30,6,973,1,15,-1,-1,-1
2018521804248,1,8,0,18,0,1,0,0,0,0,3,1,6,1,56,9,1997,2,5,7,3,7
2018521804250,1,9,0,13,0,0,0,0,0,0,1,1,6,1,20,4,-1,-1,-1,10,1,10
2018521804250,2,9,0,18,0,0,0,0,7,6,2,1,6,1,22,5,1596,1,15,1,1,1
2018521804252,1,9,0,18,0,8,0,0,0,0,1,1,6,1,30,6,1229,1,12,9,1,9
2018521804252,2,1,0,18,0,6,0,0,0,0,4,1,6,1,26,6,-1,-1,-1,1,1,1
2018521804253,1,1,0,9,0,8,0,0,0,0,1,1,6,2,42,7,-1,-1,-1,4,1,4
2018521804253,2,9,0,18,0,8,0,0,0,0,1,1,6,1,57,9,2987,2,5,7,3,7
2018521804257,1,9,0,9,0,8,0,0,0,0,4,1,6,2,66,10,998,1,15,10,1,10
2018521804257,2,1,0,18,0,1,0,0,0,0,1,1,6,1,40,7,-1,-1,-1,-1,-1,-1
2018521804259,1,9,0,9,0,8,0,0,0,0,1,1,6,2,39,7,2494,8,-1,10,2,10
2018521804259,2,1,0,18,0,8,0,0,0,0,1,1,6,1,37,7,-1,-1,-1,4,1,4
2018521804269,1,8,0,5,0,1,0,0,0,0,0,1,1,1,57,9,1598,2,2,5,1,5
2018521804269,2,8,0,18,0,1,0,0,0,0,2,1,6,1,65,9,2720,2,12,2,1,2
2018521804271,1,9,0,18,0,2,0,0,7,9,1,1,6,2,23,5,1968,2,7,2,1,2
2018521804273,1,3,0,18,0,8,0,0,0,0,1,1,6,1,17,4,-1,-1,-1,6,1,6
2018521804273,2,9,0,5,0,8,0,0,0,0,3,1,6,2,28,6,1499,1,2,4,1,4
2018521804278,1,1,0,18,0,8,0,0,0,0,4,1,2,2,38,7,-1,-1,-1,2,1,2
2018521804278,2,9,0,7,0,6,0,0,0,0,1,1,6,2,35,6,1598,1,5,-1,-1,-1
2018521804294,1,1,0,18,0,0,0,0,0,0,3,1,6,1,37,7,-1,-1,-1,6,1,6
2018521804294,2,9,0,18,0,0,0,0,0,0,4,1,1,3,-1,-1,1968,2,-1,-1,-1,-1
2018521804307,1,9,0,4,0,0,0,0,0,0,2,1,6,1,72,10,2494,1,19,7,1,7
2018521804307,2,9,0,4,0,0,0,0,0,0,1,1,6,3,-1,-1,1997,1,12,-1,-1,-1
2018521804309,1,9,0,7,0,8,0,0,0,0,1,1,6,1,26,6,1968,1,13,1,1,1
2018521804309,2,9,0,18,0,8,0,0,0,0,4,1,6,1,66,10,1229,1,13,1,1,1
2018521804311,1,9,0,18,0,8,0,0,0,0,1,1,6,1,33,6,1798,1,8,6,1,6
2018521804311,2,9,0,18,0,8,0,0,0,0,1,1,6,1,41,7,-1,-1,-1,10,1,10
2018521804339,1,9,0,3,0,8,0,0,0,0,2,1,6,1,21,5,1560,2,4,6,1,6
2018521804339,2,9,0,18,0,8,0,0,0,0,1,1,6,1,55,8,1753,2,10,5,1,5
2018521804345,1,1,0,10,0,1,0,0,0,0,3,1,6,2,30,6,-1,-1,-1,10,1,10
2018521804345,2,9,0,7,0,5,0,0,0,0,3,1,6,1,-1,-1,1560,2,8,-1,-1,-1
2018521804347,1,1,0,18,5,8,0,0,0,0,3,1,4,1,16,4,-1,-1,-1,9,1,9
2018521804347,2,9,0,18,0,8,0,0,0,0,1,1,6,1,23,5,-1,-1,-1,2,1,2
2018521804350,1,9,0,17,0,0,0,0,1,11,1,1,6,1,17,4,-1,-1,-1,7,3,7
2018521804353,1,9,0,9,0,8,0,0,0,0,0,1,1,2,44,7,1242,1,1,9,1,9
2018521804356,1,9,0,18,0,0,0,0,0,0,1,1,6,2,64,9,1341,1,15,4,1,4
2018521804356,2,9,0,2,0,0,0,0,0,0,2,1,6,2,41,7,1598,1,5,10,1,10
2018521804358,1,5,0,18,0,2,0,0,0,0,3,1,6,1,37,7,992,1,15,8,2,8
2018521804358,2,1,0,11,0,2,0,0,0,0,1,1,4,1,12,3,-1,-1,-1,1,1,1
2018521804360,1,9,0,3,0,8,0,0,0,0,2,1,2,2,52,8,1796,1,15,3,1,3
2018521804360,2,9,0,4,0,8,0,0,0,0,1,1,6,1,20,4,1229,1,12,-1,-1,-1
2018521804360,3,9,0,3,0,8,0,0,0,0,2,1,6,1,50,8,2993,2,15,8,1,8
2018521804374,1,9,0,18,0,8,0,0,0,0,1,1,6,1,63,9,2720,2,10,6,1,6
2018521804374,2,1,0,18,0,8,0,0,0,0,1,1,6,1,36,7,-1,-1,-1,5,1,5
2018521804375,1,3,0,18,0,1,0,0,0,0,1,1,6,1,18,4,125,1,1,10,1,10
2018521804375,2,19,0,7,0,2,0,0,0,0,3,1,6,1,30,6,2143,2,5,-1,-1,-1
2018521804377,1,9,0,18,0,8,0,0,0,0,1,1,6,2,42,7,1988,1,17,8,2,8
2018521804377,2,9,0,18,0,8,0,0,0,0,1,1,6,1,21,5,-1,-1,-1,6,1,6
2018521804397,1,9,0,4,0,1,0,0,0,0,1,1,6,2,34,6,1396,1,7,5,2,5
2018521804397,2,9,0,8,0,1,0,0,0,0,2,1,6,2,45,7,1560,2,5,10,2,10
2018521804400,1,9,0,18,0,0,0,0,0,0,4,1,6,1,51,8,998,1,16,-1,-1,-1
2018521804401,1,9,0,18,0,1,0,0,0,0,1,1,3,2,32,6,1796,1,11,8,-1,8
2018521804403,1,1,0,7,0,8,0,0,0,0,1,1,6,1,21,5,-1,-1,-1,10,2,10
2018521804403,2,8,0,18,0,8,0,0,0,0,1,1,6,1,39,7,1997,2,10,1,1,1
2018521804406,1,9,0,18,0,0,0,0,0,0,1,1,6,1,47,8,1986,2,12,1,1,1
2018521804409,1,9,0,10,0,1,0,0,0,0,2,1,6,2,19,4,1149,1,14,-1,1,-1
2018521804409,2,9,0,18,0,1,0,0,0,0,1,1,6,1,23,5,-1,-1,-1,4,1,4
2018521804415,1,9,0,3,0,0,0,0,0,0,2,1,6,2,23,5,1242,1,6,9,1,9
2018521804415,2,9,0,18,0,0,0,0,0,0,1,1,6,2,26,6,1242,1,6,9,2,9
2018521804417,1,1,0,18,0,8,0,0,0,0,3,1,6,2,21,5,-1,-1,-1,1,1,1
2018521804417,2,9,0,18,0,3,0,0,0,0,1,1,6,1,-1,-1,-1,-1,-1,-1,-1,-1
2018521804418,1,5,0,11,0,1,1,0,4,1,4,1,6,2,33,6,599,1,19,9,1,9
2018521804418,2,9,0,15,0,1,0,0,0,0,3,1,6,1,23,5,1995,2,6,5,1,5
2018521804418,3,5,0,18,0,1,1,0,4,6,1,1,6,1,45,7,998,1,12,9,1,9
2018521804421,1,9,0,9,0,5,0,0,0,0,4,1,6,2,68,10,1998,1,12,5,1,5
2018521804421,2,1,0,18,0,1,1,0,0,0,1,1,6,1,62,9,-1,-1,-1,4,1,4
2018521804422,1,9,0,9,0,5,0,0,0,0,3,1,6,1,53,8,-1,-1,-1,8,1,8
2018521804422,2,5,0,13,0,1,0,0,0,0,4,1,6,1,42,7,1340,1,3,5,1,5
2018521804425,1,1,0,18,0,8,0,0,0,0,4,1,6,1,38,7,-1,-1,-1,8,2,8
2018521804425,2,9,0,18,0,4,0,0,0,0,1,1,6,1,25,5,-1,-1,-1,10,1,10
2018521804428,1,9,0,17,0,1,0,0,0,0,4,1,6,1,61,9,-1,-1,-1,-1,-1,-1
2018521804428,2,22,0,18,9,2,0,0,0,0,3,1,6,1,45,7,-1,-1,-1,-1,-1,-1
2018521804429,1,3,0,18,0,0,0,0,0,0,1,1,6,1,20,4,125,1,-1,9,1,9
2018521804429,2,9,0,18,0,0,0,0,0,0,1,1,6,2,33,6,1560,2,12,7,3,7
2018521804433,1,2,0,18,9,1,0,0,0,0,1,1,6,2,55,8,-1,-1,-1,-1,-1,-1
2018521804435,1,9,0,1,0,6,0,0,0,0,2,1,6,1,56,9,1395,1,1,10,3,10
2018521804435,2,9,0,18,0,1,0,0,0,0,1,1,6,1,82,11,1992,2,12,10,3,10
2018521804448,1,9,0,7,0,5,0,0,1,11,2,1,6,2,30,6,1598,2,1,9,1,9
2018521804448,2,9,0,18,0,1,0,0,0,0,1,1,6,2,26,6,1595,1,13,9,1,9
2018521804451,1,19,0,18,0,0,0,0,0,0,0,1,6,3,-1,-1,2298,2,2,-1,-1,-1
2018521804454,1,8,0,18,0,0,0,0,0,0,4,1,6,1,41,7,1798,8,5,3,1,3
2018521804457,1,9,0,3,0,8,0,0,0,0,2,1,6,1,75,10,4196,1,12,7,3,7
2018521804457,2,9,0,11,0,8,0,0,0,0,1,1,6,1,35,6,1248,2,4,-1,1,-1
2018521804459,1,19,0,3,0,0,0,0,0,0,0,1,1,1,-1,-1,1968,2,3,-1,-1,-1
2018521804459,2,9,0,18,0,0,0,0,0,0,1,1,6,1,-1,-1,2494,2,31,5,1,5
2018521804460,1,9,0,5,0,6,0,0,0,0,1,1,6,1,48,8,1560,2,7,8,1,8
2018521804460,2,5,0,18,0,1,0,0,0,0,1,1,6,1,33,6,998,1,-1,10,1,10
2018521804462,1,1,0,18,0,8,0,0,0,0,1,1,6,2,35,6,-1,-1,-1,7,1,7
2018521804462,2,9,0,9,0,6,0,0,0,0,1,1,1,1,22,5,2494,1,14,9,1,9
2018521804466,1,19,0,16,0,0,0,0,1,3,1,1,6,1,30,6,2198,2,2,3,1,3
2018521804468,1,19,0,2,0,1,0,0,0,0,2,1,6,1,36,7,1686,2,16,2,1,2
2018521804468,2,2,0,18,0,1,0,0,0,0,1,1,6,2,17,4,49,1,1,8,1,8
2018521804473,1,1,0,18,0,8,0,0,0,0,3,1,6,1,60,9,-1,-1,-1,2,1,2
2018521804473,2,9,0,13,0,8,0,0,0,0,4,1,6,3,-1,-1,1229,1,9,-1,-1,-1
2018521804479,1,1,0,10,0,0,0,0,0,0,2,1,6,2,34,6,-1,-1,-1,6,1,6
2018521804479,2,9,0,5,0,0,0,0,0,0,1,1,6,1,30,6,-1,-1,-1,-1,-1,-1
2018521804494,1,9,0,3,0,2,0,0,0,0,2,1,6,1,23,5,1598,1,9,9,1,9
2018521804494,2,9,0,18,0,2,0,0,0,0,1,1,6,1,30,6,1870,2,11,1,1,1
2018521804497,1,1,0,3,0,8,0,0,0,0,1,1,6,1,27,6,-1,-1,-1,10,1,10
2018521804497,2,9,0,18,0,6,0,0,0,0,1,1,6,2,50,8,999,1,4,-1,-1,-1
2018521804506,1,9,0,18,0,0,0,0,0,0,1,1,6,3,-1,-1,-1,-1,-1,-1,-1,-1
2018521804520,1,21,0,5,0,2,0,0,0,0,4,1,6,1,20,4,12777,2,3,8,3,8
2018521804520,2,1,0,5,0,2,0,0,0,0,3,1,6,1,11,3,-1,-1,-1,1,1,1
2018521804523,1,9,0,18,0,0,0,0,0,0,1,1,6,1,41,7,998,1,12,-1,1,-1
2018521804523,2,21,0,18,0,0,0,0,0,0,2,1,6,1,51,8,6700,2,1,-1,-1,-1
2018521804523,3,9,0,13,0,0,0,0,0,0,1,1,6,2,38,7,1598,2,2,9,1,9
2018521804523,4,9,0,18,0,0,0,0,0,0,1,1,6,1,29,6,2993,2,2,6,3,6
2018521804525,1,9,0,18,0,0,0,0,0,0,2,1,6,2,34,6,1598,2,5,7,1,7
2018521804525,2,9,0,18,0,0,0,0,0,0,1,1,6,1,45,7,1956,2,3,-1,3,-1
2018521804526,1,20,0,18,0,0,0,0,1,11,1,1,6,1,40,7,-1,-1,-1,3,1,3
2018521804526,2,9,0,18,0,0,0,0,0,0,1,1,6,2,60,9,1198,1,15,9,1,9
2018521804526,3,9,0,18,0,0,0,0,0,0,1,1,6,1,75,10,999,1,2,9,1,9
2018521804532,1,9,0,18,0,2,0,0,0,0,1,1,6,2,79,11,989,1,15,8,3,8
2018521804532,2,9,0,2,0,2,0,0,0,0,2,1,6,2,78,11,1896,2,17,5,1,5
2018521804532,3,9,0,2,0,2,0,0,0,0,2,1,6,1,76,11,1868,2,13,5,1,5
2018521804535,1,9,0,9,0,8,0,0,0,0,1,1,6,2,25,5,1339,1,13,1,1,1
2018521804535,2,9,0,9,0,8,0,0,0,0,2,1,6,1,25,5,2143,2,4,6,1,6
2018521804538,1,1,0,18,0,8,0,0,0,0,1,1,6,1,25,5,-1,-1,-1,9,3,9
2018521804538,2,9,0,7,0,6,0,0,0,0,1,1,6,1,37,7,-1,-1,-1,9,3,9
2018521804539,1,5,0,18,0,1,0,0,0,0,1,1,6,1,33,6,599,1,8,4,1,4
2018521804539,2,9,0,7,0,6,0,0,0,0,1,1,6,2,40,7,2967,2,5,-1,-1,-1
2018521804542,1,1,0,18,0,8,0,0,0,0,3,1,6,1,45,7,-1,-1,-1,10,1,10
2018521804542,2,9,0,9,0,8,0,0,0,0,1,1,6,1,38,7,-1,-1,-1,-1,-1,-1
2018521804547,1,9,0,18,0,0,0,0,0,0,1,1,6,2,29,6,2148,2,15,1,1,1
2018521804547,2,9,0,3,0,0,0,0,0,0,2,1,6,1,26,6,1997,2,17,1,1,1
2018521804548,1,9,0,18,0,8,0,0,0,0,4,1,6,1,57,9,-1,-1,-1,3,1,3
2018521804548,2,9,0,12,0,8,0,0,0,0,3,1,6,2,42,7,998,1,9,4,1,4
2018521804549,1,9,0,18,0,8,0,0,0,0,2,1,6,1,49,8,1461,2,2,7,3,7
2018521804549,2,9,0,18,0,8,0,0,0,0,1,1,6,1,31,6,2494,2,13,7,1,7
2018521804550,1,9,0,18,0,0,0,0,0,10,1,1,6,1,55,8,1995,2,5,3,1,3
2018521804551,1,1,0,18,0,0,0,0,0,0,2,1,6,2,27,6,-1,-1,-1,9,1,9
2018521804551,2,9,0,18,0,0,0,0,0,0,1,1,6,1,51,8,1461,2,8,7,1,7
2018521804553,1,9,0,17,0,1,0,0,0,0,3,1,6,1,35,6,1360,1,10,8,1,8
2018521804553,2,9,0,18,0,2,0,0,0,0,3,1,6,1,43,7,-1,-1,-1,10,-1,10
2018521804553,3,9,0,18,0,2,0,0,0,0,1,1,6,1,46,8,2231,2,11,9,2,9
2018521804554,1,9,0,18,0,0,0,0,1,10,1,1,6,1,26,6,1242,1,-1,4,1,4
2018521804554,2,9,0,18,0,0,0,0,0,0,1,1,6,1,34,6,1199,2,6,8,3,8
2018521804558,1,9,0,18,0,8,0,0,0,0,1,1,6,1,29,6,1781,1,17,4,1,4
2018521804558,2,9,0,18,0,8,0,0,0,0,1,1,6,1,26,6,-1,-1,-1,5,1,5
2018521804562,1,3,0,18,0,8,0,0,0,0,1,1,6,1,16,4,-1,-1,-1,1,1,1
2018521804562,2,9,0,7,0,2,0,0,0,0,3,1,6,3,-1,-1,1360,1,12,-1,-1,-1
2018521804564,1,9,0,13,0,8,0,0,0,0,1,1,6,1,50,8,1598,1,14,8,3,8
2018521804564,2,9,0,10,0,5,0,0,0,0,3,1,6,2,17,4,1299,1,14,10,2,10
2018521804565,1,9,0,18,0,4,0,0,0,0,2,1,6,1,57,9,2179,2,7,2,1,2
2018521804565,2,9,0,18,0,4,0,0,0,0,1,1,6,3,-1,-1,1896,2,11,-1,-1,-1
2018521804574,1,1,0,18,0,8,0,0,0,0,4,1,6,1,36,7,-1,-1,-1,3,1,3
2018521804574,2,9,0,5,0,4,0,0,0,0,1,1,6,3,-1,-1,-1,-1,-1,-1,-1,-1
2018521804580,1,9,0,18,0,2,0,0,0,0,1,1,6,1,68,10,1995,2,10,7,1,7
2018521804580,2,11,0,18,0,1,0,0,0,0,1,1,1,1,51,8,6700,2,2,9,1,9
2018521804581,1,1,0,9,0,8,0,0,0,0,3,1,6,2,28,6,-1,-1,-1,1,1,1
2018521804581,2,9,0,7,0,8,0,0,0,0,4,1,6,2,40,7,-1,-1,-1,6,1,6
2018521804582,1,9,0,18,0,8,0,0,0,0,1,1,6,2,41,7,1299,1,14,1,2,1
2018521804582,2,1,0,18,0,8,0,0,0,0,1,1,6,1,19,4,-1,-1,-1,-1,1,-1
2018521804583,1,9,0,18,0,1,0,0,0,0,1,1,6,2,23,5,1200,1,2,10,1,10
2018521804587,1,9,0,18,0,1,0,0,0,0,1,1,6,1,77,11,1598,1,6,10,1,10
2018521804587,2,1,0,18,0,1,0,0,0,0,1,1,6,1,25,5,-1,-1,-1,5,1,5
2018521804594,1,9,0,18,0,0,1,0,1,10,1,1,6,1,82,11,1596,1,15,4,1,4
2018521804595,1,9,0,18,0,0,0,0,0,0,2,1,6,1,18,4,998,1,2,7,1,7
2018521804595,2,21,0,18,0,0,0,0,0,0,1,1,6,1,27,6,12777,2,9,6,1,6
2018521804597,1,9,0,18,0,0,0,0,0,0,1,1,6,2,53,8,1586,1,10,-1,1,-1
2018521804597,2,9,0,4,0,0,0,0,0,0,2,1,6,1,29,6,-1,-1,-1,10,1,10
2018521804597,3,9,0,4,0,0,0,0,0,0,2,1,6,1,45,7,1999,2,1,10,2,10
2018521804599,1,5,0,18,0,8,0,0,0,0,1,1,6,1,19,4,600,1,16,5,1,5
2018521804602,1,9,0,3,0,1,0,0,0,0,1,1,6,2,63,9,998,1,5,7,1,7
2018521804602,2,1,0,7,0,5,0,0,0,0,1,1,6,1,17,4,-1,-1,-1,8,3,8