Accident_Index,Vehicle_Reference,Vehicle_Type,Towing_and_Articulation,Vehicle_Manoeuvre,Vehicle_Location-Restricted_Lane,Junction_Location,Skidding_and_Overturning,Hit_Object_in_Carriageway,Vehicle_Leaving_Carriageway,Hit_Object_off_Carriageway,1st_Point_of_Impact,Was_Vehicle_Left_Hand_Drive?,Journey_Purpose_of_Driver,Sex_of_Driver,Age_of_Driver,Age_Band_of_Driver,Engine_Capacity_(CC),Propulsion_Code,Age_of_Vehicle,Driver_IMD_Decile,Driver_Home_Area_Type,Vehicle_IMD_Decile
2018521804605,1,9,0,18,0,8,0,0,0,0,1,1,6,2,20,4,998,1,10,3,1,3
2018521804605,2,9,0,18,0,8,0,0,0,0,1,1,6,1,69,10,1388,1,13,1,1,1
2018521804607,1,9,0,18,0,8,0,0,0,0,1,1,6,1,33,6,2982,2,9,9,3,9
2018521804607,2,9,0,18,0,8,0,0,0,0,1,1,6,2,22,5,1198,1,12,8,1,8
2018521804619,1,9,0,17,0,0,0,0,0,0,1,1,6,1,58,9,2494,8,4,2,1,2
2018521804619,2,9,0,16,0,0,0,0,0,0,1,1,6,1,60,9,2521,1,10,9,2,9
2018521804619,3,11,0,16,0,0,0,0,0,0,1,1,6,1,59,9,-1,-1,-1,-1,-1,-1
2018521804622,1,1,0,10,0,1,0,0,0,0,1,1,6,1,43,7,-1,-1,-1,10,1,10
2018521804622,2,19,0,9,0,8,0,0,0,0,1,1,6,3,-1,-1,-1,-1,-1,-1,-1,-1
2018521804625,1,1,0,17,0,8,0,0,0,0,1,1,6,1,16,4,-1,-1,-1,8,1,8
2018521804625,2,9,0,18,0,8,0,0,0,0,4,1,6,1,45,7,1390,1,13,3,1,3
2018521804626,1,9,0,18,0,0,0,4,0,0,1,1,6,1,28,6,998,1,20,3,1,3
2018521804626,2,9,0,2,0,0,0,0,0,0,1,1,6,3,-1,-1,1242,1,19,-1,-1,-1
2018521804626,3,9,0,2,0,0,0,0,0,0,1,1,6,3,-1,-1,1461,2,4,-1,-1,-1
2018521804629,1,9,0,18,0,1,0,0,1,10,1,1,6,1,59,9,1794,1,14,1,1,1
2018521804636,1,9,0,5,0,0,0,0,0,0,3,1,6,1,46,8,-1,-1,-1,2,1,2
2018521804636,2,1,0,18,0,0,0,0,0,0,1,1,6,1,28,6,-1,-1,-1,4,1,4
2018521804640,1,1,0,17,0,0,0,0,0,0,1,1,6,1,43,7,-1,-1,-1,10,1,10
2018521804640,2,9,0,16,0,0,0,0,0,0,1,1,6,2,43,7,1395,1,3,1,1,1
2018521804642,1,9,0,4,0,0,0,0,0,0,2,1,6,1,38,7,-1,-1,-1,9,1,9
2018521804642,2,9,0,4,0,0,0,0,0,0,2,1,6,1,39,7,1968,2,8,1,1,1
2018521804642,3,9,0,18,0,0,0,0,0,0,1,1,6,2,28,6,998,1,5,3,1,3
2018521804645,1,9,0,18,0,1,0,0,7,11,1,1,6,1,19,4,1198,1,12,8,3,8
2018521804645,2,9,0,9,0,6,0,0,0,0,0,1,6,3,-1,-1,-1,-1,-1,-1,-1,-1
2018521804647,1,9,0,18,0,8,0,0,0,0,3,1,6,2,50,8,1496,1,-1,7,2,7
2018521804647,2,9,0,9,0,8,0,0,0,0,1,1,6,2,26,6,1799,1,11,1,1,1
2018521804649,1,9,0,10,0,8,0,0,0,0,2,1,6,1,54,8,1969,2,-1,10,1,10
2018521804649,2,9,0,10,0,8,0,0,0,0,2,1,6,2,22,5,-1,-1,-1,9,3,9
2018521804649,3,9,0,18,0,1,0,0,0,0,1,1,6,1,21,5,-1,-1,-1,-1,-1,-1
2018521804651,1,9,0,2,0,0,0,0,0,0,1,1,6,1,37,7,1995,2,5,5,1,5
2018521804651,2,1,0,18,0,0,0,8,0,0,1,1,6,1,42,7,-1,-1,-1,9,1,9
2018521804662,1,9,0,18,0,1,0,0,0,0,4,1,6,3,-1,-1,-1,-1,-1,-1,-1,-1
2018521804665,1,11,0,5,2,0,0,0,0,0,1,1,1,1,33,6,4461,2,5,4,1,4
2018521804667,1,9,0,10,0,1,0,0,0,0,2,1,6,1,18,4,1229,1,7,6,1,6
2018521804667,2,1,0,18,0,1,0,0,0,0,1,1,6,2,24,5,-1,-1,-1,6,1,6
2018521804670,1,9,0,16,0,1,0,0,7,9,1,1,6,2,24,5,1299,1,12,7,1,7
2018521804672,1,9,0,4,0,1,0,0,0,0,2,1,6,2,44,7,1598,2,4,10,1,10
2018521804672,2,9,0,18,0,1,0,0,0,0,1,1,6,1,60,9,2495,2,15,2,1,2
2018521804673,1,9,0,13,0,8,0,0,0,0,1,1,6,2,33,6,-1,-1,-1,1,1,1
2018521804673,2,9,0,9,0,8,0,0,0,0,3,1,6,1,36,7,1560,2,3,2,1,2
2018521804677,1,9,0,18,0,8,0,0,0,0,4,1,6,1,43,7,1798,8,2,7,1,7
2018521804677,2,9,0,7,0,8,0,0,0,0,1,1,6,3,-1,-1,1998,1,11,-1,-1,-1
2018521804678,1,9,0,9,0,6,0,0,0,0,1,1,6,2,31,6,1587,1,16,10,1,10
2018521804678,2,9,0,17,0,8,0,0,0,0,4,1,6,2,23,5,1360,1,9,7,1,7
2018521804684,1,9,0,4,0,0,0,0,0,0,2,1,6,1,59,9,973,1,15,3,2,3
2018521804684,2,9,0,18,0,0,0,0,0,0,1,1,6,1,25,5,1596,1,13,-1,-1,-1
2018521804686,1,2,0,18,0,0,0,0,0,0,4,1,6,1,16,4,50,1,-1,4,1,4
2018521804686,2,9,0,18,0,0,0,0,0,0,3,1,6,1,-1,-1,-1,-1,-1,-1,-1,-1
2018521804704,1,9,0,18,0,0,0,0,0,0,1,1,6,2,31,6,1398,2,13,1,1,1
2018521804704,2,9,0,18,0,0,0,0,0,0,1,1,6,1,50,8,-1,-1,-1,-1,-1,-1
2018521804710,1,9,0,9,0,5,0,0,0,0,2,1,2,2,40,7,1149,1,10,5,1,5
2018521804710,2,1,0,18,0,8,0,0,0,0,1,1,6,1,25,5,-1,-1,-1,-1,-1,-1
2018521804712,1,1,0,18,0,1,0,0,0,0,1,1,6,2,34,6,-1,-1,-1,8,1,8
2018521804712,2,9,0,7,0,5,0,0,0,0,4,1,6,1,50,8,-1,-1,-1,-1,-1,-1
2018521804717,1,3,0,3,0,2,0,0,0,0,2,1,6,1,24,5,-1,-1,-1,7,1,7
2018521804717,2,9,0,18,0,2,0,0,0,0,1,1,6,1,29,6,-1,-1,-1,6,3,6
2018521804719,1,9,0,17,0,8,0,0,0,0,1,1,6,1,51,8,999,1,1,3,1,3
2018521804725,1,9,0,2,0,0,0,0,0,0,3,1,6,2,22,5,1598,1,6,1,1,1
2018521804725,2,19,0,18,0,0,0,8,0,0,3,1,6,3,30,6,-1,-1,-1,-1,-1,-1
2018521804726,1,9,0,16,0,0,0,0,0,0,1,1,6,1,17,4,1199,1,15,1,1,1
2018521804730,1,9,0,4,0,1,0,0,0,0,2,1,6,2,25,5,1242,1,8,7,1,7
2018521804730,2,9,0,18,0,1,0,0,0,0,1,1,6,2,65,9,998,1,9,9,1,9
2018521804733,1,9,0,9,0,5,0,0,0,0,3,1,6,2,57,9,1398,2,10,8,1,8
2018521804733,2,3,0,13,0,1,0,0,0,0,1,1,6,1,27,6,-1,-1,-1,8,1,8
2018521804737,1,21,1,18,0,0,0,0,0,0,3,1,6,1,31,6,12740,2,1,7,1,7
2018521804737,2,9,0,13,0,0,0,0,0,0,4,1,6,2,43,7,1200,1,2,2,1,2
2018521804744,1,9,0,5,0,6,0,0,0,0,1,1,6,1,45,7,1461,2,5,8,1,8
2018521804744,2,4,0,16,0,1,0,0,0,0,1,1,6,1,23,5,125,1,3,8,1,8
2018521804744,3,9,0,2,0,2,0,0,0,0,3,1,6,3,-1,-1,1796,1,13,-1,-1,-1
2018521804745,1,9,0,18,0,1,0,0,0,0,0,1,6,3,-1,-1,-1,-1,-1,-1,-1,-1
2018521804747,1,9,0,18,0,0,0,0,0,0,3,1,6,2,31,6,1596,1,3,2,1,2
2018521804747,2,21,1,11,0,0,0,0,0,0,2,1,6,1,60,9,10677,2,2,10,1,10
2018521804749,1,5,0,4,0,0,0,0,0,0,4,1,6,2,57,9,1063,1,13,9,1,9
2018521804751,1,5,0,18,0,1,0,0,0,0,1,1,6,1,54,8,689,1,4,4,1,4
2018521804751,2,9,0,9,0,8,0,0,0,0,3,1,6,1,72,10,1968,2,3,1,1,1
2018521804759,1,4,0,14,0,1,0,0,0,0,1,1,6,2,29,6,124,1,13,9,3,9
2018521804759,2,9,0,9,0,5,0,0,0,0,1,1,6,1,58,9,1198,1,8,3,1,3
2018521804762,1,9,0,18,0,0,0,0,1,7,1,1,6,2,39,7,1329,1,8,8,1,8
2018521804773,1,9,0,13,0,0,0,0,0,0,4,1,6,1,29,6,1360,1,15,3,1,3
2018521804773,2,1,0,18,0,0,0,0,0,0,2,1,2,1,40,7,-1,-1,-1,10,1,10
2018521804774,1,9,0,18,0,8,1,0,0,0,1,1,6,1,70,10,1398,1,1,4,1,4
2018521804774,2,9,0,18,0,8,5,0,0,0,1,1,6,2,50,8,1328,1,2,-1,-1,-1
2018521804774,3,9,0,18,0,8,0,0,0,0,1,1,6,2,-1,-1,1242,1,4,-1,-1,-1
2018521804777,1,9,0,14,0,8,0,0,0,0,4,1,1,1,25,5,1968,2,5,6,1,6
2018521804777,2,9,0,9,0,5,0,0,0,0,3,1,2,1,24,5,998,1,2,4,1,4
2018521804779,1,3,0,3,0,1,0,0,0,0,2,1,6,1,39,7,108,1,2,2,1,2
2018521804779,2,9,0,18,0,1,0,0,0,0,1,1,6,3,-1,-1,1398,1,7,-1,-1,-1
2018521804780,1,1,0,16,0,0,0,0,0,0,0,1,6,1,42,7,-1,-1,-1,10,1,10
2018521804780,2,8,0,17,0,0,0,0,0,0,0,1,6,3,-1,-1,-1,-1,-1,-1,-1,-1
2018521804784,1,9,0,18,0,0,0,0,0,0,3,1,6,3,-1,-1,-1,-1,-1,-1,-1,-1
2018521804784,2,9,0,18,0,0,0,0,1,7,4,1,6,1,33,6,2398,1,19,1,1,1
2018521804786,1,1,0,18,0,0,0,0,0,0,0,1,6,1,-1,-1,-1,-1,-1,-1,-1,-1
2018521804786,2,9,0,18,0,0,0,0,0,0,0,1,6,2,-1,-1,-1,-1,-1,-1,-1,-1
2018521804787,1,9,0,18,0,8,0,0,0,0,1,1,6,2,45,7,2143,2,5,8,1,8
2018521804788,1,9,0,18,0,0,0,0,0,0,1,1,6,1,30,6,1560,2,10,9,3,9
2018521804788,2,9,0,3,0,0,0,0,0,0,2,1,6,1,40,7,-1,-1,-1,5,2,5
2018521804789,1,9,0,4,0,3,0,0,0,0,2,1,6,2,27,6,1197,1,2,4,1,4
2018521804789,2,9,0,18,0,3,0,0,0,0,1,1,6,1,30,6,1364,1,8,4,1,4
2018521804791,1,9,0,10,0,8,0,0,0,0,2,1,6,1,25,5,1329,1,6,10,3,10
2018521804791,2,9,0,18,0,8,0,0,0,0,1,1,6,1,52,8,1229,1,3,5,1,5
2018521804793,1,3,0,18,0,8,0,0,0,0,1,1,6,1,32,6,124,1,2,10,1,10
2018521804793,2,9,0,18,0,8,0,0,0,0,1,1,6,1,28,6,1598,1,12,1,1,1
2018521804795,1,9,0,4,0,0,0,0,0,0,1,1,6,2,22,5,998,1,10,2,1,2
2018521804795,2,9,0,2,0,0,0,0,0,0,2,1,6,3,-1,-1,2171,1,15,-1,-1,-1
2018521804799,1,9,0,7,0,8,1,0,1,7,4,1,6,1,24,5,1229,1,3,6,3,6
2018521804801,1,1,0,16,0,2,0,0,0,0,3,1,6,1,28,6,-1,-1,-1,6,1,6
2018521804801,2,9,0,16,0,2,0,0,0,0,4,1,6,3,-1,-1,-1,-1,-1,-1,-1,-1
2018521804805,1,9,0,5,0,4,0,0,0,0,1,1,6,2,76,11,1296,1,12,10,1,10
2018521804805,2,1,0,7,0,8,0,0,0,0,4,1,6,1,61,9,-1,-1,-1,4,1,4
2018521804807,1,9,0,18,0,0,0,0,0,0,1,1,6,1,30,6,1461,2,6,1,1,1
2018521804807,2,9,0,18,0,0,0,0,0,0,1,1,6,1,22,5,1596,1,13,7,3,7
2018521804811,1,9,0,18,0,0,0,0,0,0,1,1,6,1,92,11,-1,3,1,7,3,7
2018521804818,1,8,0,18,0,1,0,0,0,0,4,1,1,1,41,7,1798,8,-1,3,1,3
2018521804819,1,9,0,1,0,6,0,0,0,0,3,1,6,1,23,5,1991,1,1,2,-1,2
2018521804819,2,9,0,18,0,8,0,0,0,0,1,1,6,3,-1,-1,2400,2,23,-1,-1,-1
2018521804821,1,1,0,18,0,1,0,8,0,0,1,1,6,1,45,7,-1,-1,-1,3,1,3
2018521804821,2,19,0,3,0,1,0,0,0,0,4,1,6,1,55,8,-1,-1,-1,6,1,6
2018521804823,1,9,0,9,0,8,0,0,0,0,1,1,6,2,44,7,1995,2,3,10,1,10
2018521804823,2,1,0,18,0,8,0,0,0,0,1,1,6,1,22,5,-1,-1,-1,9,1,9
2018521804828,1,3,0,3,0,8,0,0,0,0,2,1,6,1,29,6,125,1,2,7,1,7
2018521804828,2,9,0,18,0,8,0,0,0,0,1,1,6,1,50,8,2198,1,15,-1,-1,-1
2018521804830,1,9,0,16,0,1,0,0,0,0,1,1,6,3,-1,-1,-1,-1,-1,-1,-1,-1
2018521804830,2,1,0,16,0,1,0,0,0,0,2,1,6,1,55,8,-1,-1,-1,1,1,1
2018521804831,1,9,0,18,0,8,0,0,0,0,1,1,1,1,30,6,1560,2,7,-1,-1,-1
2018521804831,2,9,0,5,0,8,0,0,0,0,4,1,6,2,18,4,1390,1,13,-1,3,-1
2018521804838,1,9,0,1,0,2,0,0,0,0,2,1,6,1,45,7,-1,-1,-1,6,1,6
2018521804842,1,9,0,18,0,0,5,0,1,0,4,1,6,1,27,6,2969,2,13,10,2,10
2018521804842,2,9,0,2,6,0,0,0,0,0,3,1,6,1,36,7,1995,2,5,-1,-1,-1
2018521804844,1,9,0,6,0,1,0,0,0,0,3,1,6,1,39,7,1998,1,13,2,1,2
2018521804844,2,5,0,18,0,1,0,0,0,0,1,1,6,1,39,7,1199,1,16,1,1,1
2018521804852,1,9,0,3,0,1,0,0,0,0,2,1,6,2,39,7,1149,1,8,10,1,10
2018521804852,2,9,0,18,0,1,0,0,0,0,1,1,1,1,30,6,-1,-1,-1,8,1,8
2018521804856,1,9,0,18,0,0,0,0,0,0,3,1,6,2,65,9,1598,1,11,6,2,6
2018521804857,1,9,0,18,0,8,0,0,0,0,1,1,6,1,26,6,-1,-1,-1,3,1,3
2018521804858,1,9,0,18,0,8,0,0,0,0,1,1,6,2,63,9,2979,1,3,10,2,10
2018521804858,2,9,0,9,0,8,0,0,0,0,3,1,6,2,68,10,1318,1,3,9,1,9
2018521804859,1,1,0,18,0,0,0,0,0,0,3,1,6,1,53,8,-1,-1,-1,6,1,6
2018521804859,2,9,0,18,0,0,0,0,0,0,3,1,6,3,-1,-1,1968,2,4,-1,-1,-1
2018521804895,1,9,0,5,0,6,0,0,0,0,4,1,6,1,25,5,1368,1,1,10,1,10
2018521804895,2,9,0,18,0,8,0,0,0,0,1,1,6,1,30,6,-1,-1,-1,-1,-1,-1
2018521804910,1,1,0,18,0,0,0,0,0,0,4,1,6,1,16,4,-1,-1,-1,10,1,10
2018521804910,2,9,0,5,0,0,0,0,0,0,3,1,6,3,-1,-1,1398,1,8,-1,-1,-1
2018521804912,1,9,0,9,0,8,0,0,0,0,4,1,6,2,42,7,1461,2,8,1,1,1
2018521804912,2,5,0,18,0,8,0,0,0,0,1,1,6,1,53,8,1199,1,18,3,1,3
2018521804914,1,9,0,2,0,8,0,0,0,0,1,1,6,3,-1,-1,999,1,-1,-1,-1,-1
2018521804914,2,1,0,7,0,8,0,8,0,0,1,1,6,1,12,3,-1,-1,-1,5,1,5
2018521804919,1,9,0,17,0,8,0,0,0,0,0,1,6,2,34,6,-1,-1,-1,3,1,3
2018521804919,2,9,0,9,0,6,0,0,3,11,1,1,6,1,66,10,1390,1,9,10,1,10
2018521804920,1,9,0,3,0,1,0,0,0,0,2,1,6,2,30,6,1198,1,4,8,2,8
2018521804920,2,9,0,18,0,1,0,0,0,0,1,1,6,1,75,10,1968,2,10,7,2,7
2018521804925,1,9,0,4,0,0,0,0,0,0,2,1,6,2,69,10,998,1,7,4,1,4
2018521804925,2,9,0,4,0,0,0,0,0,0,2,1,6,1,30,6,1461,2,4,7,1,7
2018521804925,3,9,0,18,0,0,0,0,0,0,1,1,6,1,51,8,1598,1,14,8,1,8
2018521804934,1,9,0,18,0,0,5,0,0,0,1,1,6,2,23,5,999,1,2,7,3,7
2018521804935,1,9,0,6,0,0,0,0,0,0,3,1,6,2,83,11,1242,1,6,6,-1,6
2018521804935,2,9,0,18,0,0,0,0,0,0,1,1,6,1,37,7,1149,1,16,4,-1,4
2018521804937,1,9,0,18,0,0,0,0,0,0,1,1,6,1,27,6,1399,2,10,7,1,7
2018521804937,2,9,0,3,0,0,0,0,0,0,2,1,6,2,30,6,1398,1,1,3,1,3
2018521804938,1,9,0,3,0,8,0,0,0,0,2,1,6,2,47,8,1388,1,14,10,1,10
2018521804938,2,9,0,18,0,8,0,0,0,0,1,1,6,1,31,6,1598,1,8,10,1,10
2018521804945,1,5,0,17,0,1,0,0,0,0,3,1,2,1,36,7,984,1,13,2,1,2
2018521804945,2,9,0,17,0,1,0,0,0,0,4,1,6,3,-1,-1,-1,-1,-1,-1,-1,-1
2018521804946,1,9,0,9,0,5,0,0,0,0,1,1,6,1,56,9,-1,-1,-1,10,1,10
2018521804946,2,2,0,18,0,8,0,0,0,0,1,1,6,1,48,8,123,1,36,3,1,3
2018521804947,1,9,0,9,0,6,0,0,0,0,3,1,6,1,36,7,1332,1,10,8,2,8
2018521804947,2,4,0,13,0,8,0,0,0,0,1,1,6,1,60,9,1103,1,-1,9,1,9
2018521804950,1,9,0,12,0,0,0,0,0,0,1,1,6,1,36,7,-1,-1,-1,5,1,5
2018521804950,2,9,0,18,0,0,0,0,0,0,2,1,6,2,34,6,2995,1,13,-1,1,-1
2018521804952,1,9,0,16,0,1,0,0,0,0,2,1,6,2,46,8,2698,2,12,5,3,5
2018521804952,2,9,0,16,0,1,0,0,0,0,1,1,6,2,-1,-1,-1,-1,-1,-1,-1,-1
2018521804955,1,9,0,4,0,0,0,0,0,0,2,1,6,1,55,8,1997,2,12,7,1,7
2018521804955,2,5,0,4,0,0,0,0,0,0,1,1,6,1,52,8,998,1,9,-1,-1,-1
2018521804959,1,9,0,18,0,8,0,0,0,0,1,1,6,2,20,4,1198,1,12,9,3,9
2018521804959,2,9,0,9,0,6,0,0,0,0,1,1,6,2,29,6,1590,1,5,10,1,10
2018521804961,1,9,0,18,9,0,0,0,0,0,1,1,1,1,30,6,1997,2,1,8,1,8
2018521804961,2,1,0,18,9,0,0,0,0,0,2,1,6,1,39,7,-1,-1,-1,-1,-1,-1
2018521804962,1,1,0,18,0,0,0,0,0,0,3,1,6,1,22,5,-1,-1,-1,7,1,7
2018521804962,2,9,0,18,0,0,0,0,0,0,4,1,6,3,-1,-1,1560,2,11,-1,-1,-1
2018521804966,1,9,0,18,0,0,0,0,0,0,1,1,6,2,81,11,-1,-1,-1,6,1,6
2018521804966,2,9,0,18,0,0,0,0,0,0,1,1,6,1,46,8,1997,2,5,1,1,1
2018521804966,3,9,0,2,0,0,0,0,0,0,4,1,6,2,33,6,1339,1,5,10,1,10
2018521804966,4,9,0,2,0,0,0,0,0,0,2,1,6,2,34,6,1362,1,5,3,1,3
2018521804967,1,9,0,18,0,1,0,0,0,0,1,1,6,1,34,6,1598,2,4,-1,1,-1
2018521804967,2,9,0,18,0,1,0,0,0,0,2,1,6,1,27,6,-1,-1,-1,-1,1,-1
2018521804968,1,9,0,18,0,1,0,0,0,0,1,1,6,3,-1,-1,-1,-1,-1,-1,-1,-1
2018521804970,1,9,0,18,0,0,0,0,0,0,1,1,6,1,37,7,1198,1,6,10,1,10
2018521804970,2,9,0,4,0,0,0,0,0,0,2,1,6,2,52,8,1200,1,1,4,1,4
2018521804973,1,9,0,18,0,0,0,0,7,10,1,1,6,1,28,6,1242,1,6,1,1,1
2018521804973,2,9,0,18,0,0,0,0,0,0,1,1,6,1,60,9,2143,2,-1,9,1,9
2018521804974,1,9,0,18,0,0,0,0,0,0,1,1,6,2,80,11,1596,1,15,7,1,7
2018521804975,1,9,0,8,0,1,0,0,0,0,4,1,6,2,31,6,1296,1,10,3,1,3
2018521804975,2,1,0,18,0,1,0,0,0,0,1,1,6,2,27,6,-1,-1,-1,-1,-1,-1
2018521804977,1,9,0,3,0,8,0,0,0,0,2,1,6,2,48,8,1796,1,10,5,1,5
2018521804977,2,9,0,18,0,8,0,0,0,0,1,1,6,1,28,6,1596,1,15,1,1,1
2018521804977,3,9,0,3,0,8,0,0,0,0,2,1,6,1,41,7,1390,1,14,1,1,1
2018521804980,1,1,0,18,0,0,0,0,0,0,2,1,6,1,67,10,-1,-1,-1,10,3,10
2018521804980,2,9,0,15,0,0,0,0,0,0,1,1,6,3,55,8,-1,-1,-1,-1,-1,-1
2018521804991,1,9,0,18,0,1,0,0,0,0,1,1,6,2,46,8,1560,2,2,6,1,6
2018521804991,2,1,0,18,0,1,0,0,0,0,3,1,6,1,15,3,-1,-1,-1,9,1,9
2018521805004,1,9,0,18,0,0,0,0,0,0,1,1,6,1,53,8,-1,-1,-1,10,1,10
2018521805004,2,9,0,3,0,0,0,0,0,0,2,1,6,1,70,10,1968,2,3,9,1,9
2018521805008,1,1,0,18,5,8,0,0,0,0,1,1,6,1,35,6,-1,-1,-1,-1,1,-1
2018521805008,2,9,0,18,0,8,0,0,0,0,1,1,6,1,30,6,-1,-1,-1,-1,-1,-1
2018521805020,1,9,0,18,0,0,0,7,0,0,1,1,6,1,30,6,1753,2,12,1,1,1
2018521805020,2,9,0,18,0,0,0,0,0,0,1,1,6,1,29,6,1399,1,1,1,1,1
2018521805027,1,9,0,11,0,3,0,0,0,0,1,1,6,1,32,6,1969,2,1,-1,1,-1
2018521805027,2,9,0,18,0,8,5,0,1,0,3,1,6,1,68,10,998,1,-1,-1,1,-1
2018521805033,1,9,0,18,0,0,0,0,0,0,2,1,6,1,39,7,1956,2,6,1,1,1
2018521805033,2,2,0,18,0,0,0,0,0,0,1,1,6,1,30,6,-1,-1,-1,-1,-1,-1
2018521805037,1,97,0,18,9,8,0,0,0,0,2,1,6,1,22,5,-1,-1,-1,2,1,2
2018521805037,2,9,0,18,9,8,0,0,0,0,1,1,6,1,33,6,2993,2,8,-1,-1,-1
2018521805038,1,9,0,18,0,0,0,0,0,0,4,1,6,2,35,6,1781,1,14,3,1,3
2018521805038,2,9,0,1,0,0,0,0,0,0,2,1,6,3,30,6,1598,1,15,-1,-1,-1
2018521805040,1,3,0,18,0,8,0,0,0,0,2,1,6,1,16,4,-1,-1,-1,7,3,7
2018521805040,2,9,0,9,0,6,0,0,0,0,1,1,6,3,-1,-1,1956,2,7,-1,-1,-1
2018521805043,1,9,0,18,0,2,0,0,7,10,2,1,6,1,86,11,1560,2,7,1,1,1
2018521805043,2,9,0,18,0,2,0,0,0,0,1,1,6,1,54,8,1248,2,10,4,1,4
2018521805048,1,3,0,11,0,3,0,0,0,0,3,1,6,1,24,5,125,1,4,7,1,7
2018521805048,2,9,0,18,0,3,0,0,0,0,0,1,6,1,33,6,1995,2,6,8,1,8
2018521805049,1,9,0,18,0,8,0,0,0,0,4,1,6,2,56,9,1397,1,9,-1,-1,-1
2018521805049,2,4,0,18,0,8,0,0,1,10,1,1,6,1,49,8,750,1,17,1,1,1
2018521805052,1,9,0,18,0,1,0,0,0,0,1,1,6,1,43,7,1686,2,6,5,1,5
2018521805053,1,9,0,18,0,8,0,0,0,0,1,1,6,2,36,7,-1,-1,-1,-1,-1,-1
2018521805053,2,1,0,18,0,8,0,0,0,0,1,1,6,1,41,7,-1,-1,-1,-1,-1,-1
2018521805054,1,9,0,18,0,0,0,0,0,0,2,1,6,2,52,8,1598,7,14,7,1,7
2018521805054,2,9,0,18,0,0,0,0,0,0,1,1,6,1,66,10,1599,1,15,7,1,7
2018521805058,1,9,0,18,0,0,0,0,0,0,1,1,6,2,21,5,-1,-1,-1,5,1,5
2018521805058,2,9,0,18,0,0,0,0,0,0,1,1,6,1,35,6,-1,-1,-1,4,1,4
2018521805058,3,9,0,18,0,0,0,0,0,0,2,1,6,1,52,8,1956,2,3,10,1,10
2018521805061,1,9,0,4,0,8,0,0,0,0,2,1,6,2,59,9,1498,1,1,10,1,10
2018521805061,2,9,0,18,0,8,0,0,0,0,1,1,6,2,55,8,1598,1,16,5,1,5
2018521805063,1,9,0,18,0,8,0,0,0,0,1,1,6,2,35,6,1896,2,13,10,1,10
2018521805063,2,9,0,18,0,8,5,0,0,0,4,1,6,2,51,8,1560,2,1,7,1,7
2018521805064,1,9,0,4,0,4,0,0,0,0,2,1,6,1,18,4,998,1,-1,7,1,7
2018521805064,2,9,0,18,0,4,0,0,0,0,1,1,6,1,66,10,1950,2,1,7,1,7
2018521805071,1,9,0,8,0,6,0,0,0,0,2,1,6,2,52,8,-1,-1,-1,7,1,7
2018521805071,2,9,0,18,0,6,0,0,0,0,1,1,6,1,-1,-1,-1,-1,-1,-1,-1,-1
2018521805073,1,9,0,9,0,5,0,0,0,0,3,1,6,1,39,7,2993,2,7,8,1,8
2018521805073,2,1,0,18,0,1,0,0,0,0,1,1,6,1,30,6,-1,-1,-1,1,1,1
2018521805078,1,9,0,18,0,0,5,4,0,0,1,1,6,1,48,8,-1,-1,-1,1,1,1
2018521805078,2,9,0,2,0,0,0,0,0,0,2,1,6,3,-1,-1,1198,1,4,-1,-1,-1
2018521805078,3,9,0,2,0,0,0,0,0,0,2,1,6,3,-1,-1,1598,2,6,-1,-1,-1
2018521805081,1,1,0,18,0,0,0,0,0,0,4,1,6,1,29,6,-1,-1,-1,1,1,1
2018521805081,2,9,0,6,0,0,0,0,0,0,3,1,6,1,40,7,1595,1,3,-1,-1,-1
2018521805082,1,1,0,18,0,8,0,0,0,0,4,1,2,2,48,8,-1,-1,-1,4,1,4
2018521805082,2,9,0,18,0,8,0,0,0,0,0,1,6,2,-1,-1,1597,2,4,-1,-1,-1
2018521805083,1,9,0,9,0,8,0,0,0,0,1,1,6,1,52,8,1910,2,10,3,1,3
2018521805088,1,9,0,5,0,8,0,0,0,0,1,1,6,1,30,6,1360,1,14,7,1,7
2018521805088,2,1,0,18,0,8,0,0,0,0,1,1,6,1,21,5,-1,-1,-1,1,1,1
2018521805090,1,9,0,13,0,0,0,0,0,0,4,1,6,1,69,10,-1,-1,-1,4,1,4
2018521805090,2,1,0,18,0,0,0,0,0,0,3,1,6,1,37,7,-1,-1,-1,3,1,3
2018521805096,1,9,0,18,0,0,5,0,0,0,1,1,6,1,67,10,1560,2,1,-1,-1,-1
2018521805096,2,9,0,2,0,0,0,0,0,0,2,1,6,3,-1,-1,1997,2,12,-1,-1,-1
2018521805096,3,9,0,2,0,0,0,0,0,0,2,1,6,3,-1,-1,1896,2,17,-1,-1,-1
2018521805109,1,9,0,16,0,0,0,0,0,0,4,1,6,1,36,7,1995,2,5,1,1,1
2018521805112,1,9,0,7,0,4,0,0,0,0,1,1,6,1,51,8,1956,2,9,10,1,10
2018521805112,2,1,0,18,0,8,0,0,0,0,4,1,6,1,41,7,-1,-1,-1,9,1,9
2018521805113,1,9,0,18,0,8,0,0,0,0,3,1,6,1,75,10,1318,1,1,-1,-1,-1
2018521805117,1,9,0,7,0,8,0,0,0,0,1,1,6,2,25,5,1398,1,8,1,1,1
2018521805117,2,1,0,18,0,8,0,0,0,0,4,1,6,2,45,7,-1,-1,-1,7,1,7
2018521805122,1,9,0,9,0,8,0,0,0,0,4,1,6,2,50,8,1296,1,10,3,1,3