Accident_Index,Vehicle_Reference,Vehicle_Type,Towing_and_Articulation,Vehicle_Manoeuvre,Vehicle_Location-Restricted_Lane,Junction_Location,Skidding_and_Overturning,Hit_Object_in_Carriageway,Vehicle_Leaving_Carriageway,Hit_Object_off_Carriageway,1st_Point_of_Impact,Was_Vehicle_Left_Hand_Drive?,Journey_Purpose_of_Driver,Sex_of_Driver,Age_of_Driver,Age_Band_of_Driver,Engine_Capacity_(CC),Propulsion_Code,Age_of_Vehicle,Driver_IMD_Decile,Driver_Home_Area_Type,Vehicle_IMD_Decile
2018521806742,2,9,0,9,0,6,0,0,0,0,3,1,6,1,35,6,-1,-1,-1,-1,-1,-1
2018521806766,1,9,0,18,0,0,0,0,0,0,4,1,6,3,-1,-1,-1,-1,-1,-1,-1,-1
2018521806767,1,9,0,16,0,0,0,0,0,0,1,1,6,1,56,9,-1,-1,-1,6,1,6
2018521806770,1,1,0,7,4,4,0,0,0,0,1,1,6,1,24,5,-1,-1,-1,1,-1,1
2018521806770,2,19,0,11,0,4,0,0,0,0,3,1,6,3,-1,-1,-1,-1,-1,-1,-1,-1
2018521806774,1,1,0,18,0,0,0,0,0,0,1,1,6,1,34,6,-1,-1,-1,8,1,8
2018521806774,2,9,0,18,0,0,0,0,0,0,1,1,6,1,40,7,1582,2,1,8,1,8
2018521806781,1,4,0,7,0,8,0,0,0,0,1,1,6,1,26,6,125,1,1,9,1,9
2018521806781,2,1,0,18,0,8,0,0,0,0,1,1,6,1,57,9,-1,-1,-1,6,1,6
2018521806783,1,9,0,7,0,8,0,0,0,0,1,1,6,1,27,6,1560,2,1,8,1,8
2018521806783,2,9,0,18,0,8,0,0,0,0,1,1,6,2,36,7,1388,1,15,6,1,6
2018521806789,1,9,0,18,0,0,0,0,0,0,1,1,6,2,21,5,1328,1,8,6,2,6
2018521806789,2,9,0,4,0,0,0,0,0,0,2,1,6,1,31,6,1398,2,6,9,1,9
2018521806789,3,9,0,4,0,0,0,0,0,0,2,1,6,2,33,6,996,1,8,8,3,8
2018521806791,1,1,0,18,0,8,0,0,0,0,1,1,6,1,67,10,-1,-1,-1,10,1,10
2018521806791,2,9,0,9,0,5,0,0,0,0,1,1,6,1,-1,-1,-1,-1,-1,-1,-1,-1
2018521806793,1,9,0,3,0,0,0,0,0,0,2,1,6,1,43,7,1598,1,5,3,1,3
2018521806793,2,9,0,3,0,0,0,0,0,0,2,1,6,2,76,11,1499,2,1,9,1,9
2018521806793,3,9,0,18,0,0,0,0,0,0,1,1,6,1,54,8,1997,2,5,10,1,10
2018521806805,1,9,0,18,0,0,0,0,0,0,1,1,3,2,31,6,1398,1,2,7,1,7
2018521806805,2,1,0,18,0,0,0,0,0,0,4,1,6,1,14,3,-1,-1,-1,-1,-1,-1
2018521806809,1,8,0,16,2,6,0,0,0,0,1,1,6,3,-1,-1,1997,2,7,-1,-1,-1
2018521806815,1,9,0,3,0,0,0,0,0,6,2,1,6,1,46,8,-1,-1,-1,8,1,8
2018521806815,2,9,0,3,0,0,0,0,0,0,2,1,6,2,20,4,1364,1,14,4,1,4
2018521806815,3,9,0,4,0,0,0,0,0,0,2,1,6,1,51,8,1968,2,2,10,1,10
2018521806815,4,9,0,4,0,0,0,0,0,0,2,1,6,1,32,6,1582,2,5,2,1,2
2018521806815,5,9,0,18,0,0,0,0,0,0,1,1,6,1,27,6,1968,2,6,1,1,1
2018521806816,1,9,0,18,0,1,0,0,0,0,1,1,6,1,40,7,1596,1,11,3,1,3
2018521806816,2,9,0,3,0,1,0,0,0,0,2,1,6,1,32,6,2143,2,1,6,1,6
2018521806816,3,9,0,3,0,1,0,0,0,0,2,1,6,2,34,6,1364,1,12,3,1,3
2018521806817,1,1,0,8,0,1,0,0,0,0,4,1,2,1,47,8,-1,-1,-1,3,1,3
2018521806817,2,9,0,7,0,1,0,0,0,0,1,1,2,1,30,6,-1,-1,-1,-1,-1,-1
2018521806820,1,9,0,16,0,2,0,0,0,0,1,1,6,2,26,6,1200,1,-1,8,1,8
2018521806829,1,9,0,18,0,5,0,0,0,0,1,1,6,3,-1,-1,-1,-1,-1,-1,-1,-1
2018521806833,1,9,0,18,0,0,0,0,0,0,1,1,6,1,48,8,-1,-1,-1,9,1,9
2018521806833,2,1,0,18,0,0,0,0,0,0,4,1,6,2,33,6,-1,-1,-1,-1,-1,-1
2018521806836,1,9,0,18,0,8,0,0,0,0,1,1,6,2,26,6,1341,1,13,6,1,6
2018521806836,2,11,0,9,0,6,0,0,0,0,3,1,1,1,49,8,9600,2,19,8,3,8
2018521806845,1,9,0,18,0,8,0,0,0,0,4,1,6,1,30,6,-1,-1,-1,-1,-1,-1
2018521806846,1,19,0,18,0,0,0,0,0,0,1,1,6,1,37,7,2198,2,3,4,2,4
2018521806846,2,9,0,10,0,0,0,0,0,0,1,1,6,1,50,8,-1,-1,-1,8,2,8
2018521806847,1,21,0,18,0,0,0,0,0,0,1,1,6,1,44,7,10518,2,3,4,1,4
2018521806847,2,9,0,18,0,0,0,0,0,0,1,1,6,2,36,7,1461,2,1,9,3,9
2018521806852,1,9,0,4,0,0,0,0,0,0,2,1,6,1,34,6,989,1,16,7,1,7
2018521806852,2,1,0,18,0,0,0,0,0,0,1,1,6,1,53,8,-1,-1,-1,5,1,5
2018521806865,1,9,0,18,0,0,0,0,0,0,3,1,6,3,21,5,1999,1,12,2,1,2
2018521806865,2,21,0,18,0,0,0,0,0,0,4,1,6,3,41,7,-1,-1,-1,3,1,3
2018521806865,3,21,0,2,0,0,0,0,0,0,3,1,6,3,-1,-1,7790,2,6,-1,-1,-1
2018521806870,1,9,0,2,0,0,0,0,0,0,1,1,3,2,23,5,2183,2,8,7,1,7
2018521806870,2,9,0,1,0,0,0,0,0,0,4,1,3,3,-1,-1,1900,2,13,-1,-1,-1
2018521806873,1,9,0,18,9,8,0,0,0,10,4,1,6,1,35,6,1753,2,9,-1,-1,-1
2018521806873,2,9,0,18,0,1,1,0,1,7,0,1,6,1,28,6,1781,1,17,-1,-1,-1
2018521806878,1,9,0,9,0,6,0,0,0,0,4,1,6,2,48,8,1200,1,2,5,1,5
2018521806878,2,3,0,14,0,8,0,0,0,0,2,1,6,1,18,4,124,1,7,-1,-1,-1
2018521806882,1,9,0,18,0,8,0,0,0,0,1,1,6,1,56,9,-1,-1,-1,1,1,1
2018521806882,2,9,0,10,0,8,0,0,0,0,2,1,6,2,44,7,1997,1,11,6,3,6
2018521806885,1,9,0,18,0,3,0,0,0,0,2,1,6,2,31,6,1598,1,4,4,1,4
2018521806885,2,1,0,18,0,3,0,0,0,0,1,1,6,1,30,6,-1,-1,-1,-1,-1,-1
2018521806891,1,9,0,5,0,0,0,0,0,0,2,1,6,2,21,5,1397,1,10,3,1,3
2018521806891,2,9,0,5,0,0,0,0,0,0,1,1,6,3,-1,-1,-1,-1,-1,-1,-1,-1
2018521806898,1,1,0,18,0,0,0,0,0,0,1,1,6,2,19,4,-1,-1,-1,10,1,10
2018521806898,2,9,0,18,0,0,0,0,0,0,1,1,6,3,30,6,-1,-1,-1,5,2,5
2018521806911,1,9,0,9,0,8,0,0,0,0,1,1,6,1,51,8,1968,2,5,4,1,4
2018521806911,2,9,0,18,0,8,0,0,0,0,4,1,6,1,39,7,2494,8,2,4,1,4
2018521806911,3,9,0,2,0,8,0,0,0,0,0,1,6,3,-1,-1,-1,-1,-1,-1,-1,-1
2018521806924,1,9,0,18,0,0,0,0,0,0,3,1,6,1,41,7,1398,1,10,9,2,9
2018521806924,2,3,0,18,0,0,0,0,0,0,4,1,6,1,47,8,278,1,3,8,1,8
2018521806925,1,1,0,18,0,8,0,0,0,0,4,1,6,1,29,6,-1,-1,-1,5,1,5
2018521806925,2,9,0,18,0,4,0,0,0,0,1,1,6,2,30,6,1798,1,7,-1,-1,-1
2018521806933,1,5,0,16,0,0,0,0,0,0,1,1,6,1,51,8,649,1,9,7,3,7
2018521806933,2,9,0,18,0,0,0,0,0,0,1,1,6,2,60,9,1248,2,6,4,1,4
2018521806952,1,9,0,3,0,1,0,0,0,0,2,1,6,1,30,6,1598,1,10,7,1,7
2018521806952,2,9,0,3,0,1,0,0,0,0,1,1,6,3,-1,-1,1998,1,11,-1,-1,-1
2018521806956,1,9,0,3,0,8,0,0,0,0,1,1,6,2,44,7,1596,1,12,10,1,10
2018521806956,2,9,0,3,0,8,0,0,0,0,1,1,6,1,25,5,796,1,9,-1,-1,-1
2018521806969,1,9,0,9,0,6,0,0,0,0,1,1,6,1,51,8,1399,2,14,7,1,7
2018521806969,2,3,0,18,0,8,0,0,0,0,1,1,6,1,17,4,124,1,-1,10,1,10
2018521806970,1,9,0,18,0,8,0,0,2,1,1,1,6,1,36,7,1598,1,15,8,1,8
2018521806972,1,9,0,18,0,0,0,0,0,0,4,1,6,1,42,7,-1,-1,-1,8,2,8
2018521806972,2,5,0,18,0,0,0,0,0,0,3,1,6,2,35,6,803,1,6,8,1,8
2018521806973,1,9,0,18,0,0,0,0,0,0,1,1,6,1,22,5,1390,1,16,3,1,3
2018521806977,1,3,0,18,0,0,1,0,0,0,1,1,6,1,20,4,125,1,3,10,1,10
2018521806977,2,9,0,18,0,0,0,0,0,0,1,1,6,1,25,5,1598,1,12,8,2,8
2018521806977,3,9,0,2,0,0,0,0,0,0,0,1,6,3,26,6,-1,-1,-1,-1,-1,-1
2018521806987,1,9,0,3,0,0,0,0,0,0,2,1,6,1,35,6,3498,1,11,7,1,7
2018521806987,2,9,0,18,0,0,0,0,0,0,1,1,6,3,-1,-1,1061,1,15,-1,1,-1
2018521806987,3,9,0,3,0,0,0,0,0,0,2,1,6,3,-1,-1,2997,1,-1,-1,-1,-1
2018521806994,1,1,0,18,0,1,0,0,0,0,3,1,6,1,35,6,-1,-1,-1,5,1,5
2018521806994,2,9,0,9,0,5,0,0,0,0,1,1,6,3,-1,-1,-1,-1,-1,-1,-1,-1
2018521806995,1,9,0,10,0,1,0,0,0,0,2,1,6,2,32,6,1461,2,6,2,1,2
2018521806995,2,9,0,10,0,1,0,0,0,0,1,1,6,2,45,7,1598,1,7,-1,-1,-1
2018521806997,1,9,0,3,0,4,0,0,0,0,2,1,6,1,31,6,1242,1,3,4,1,4
2018521806997,2,19,0,18,0,1,0,0,0,0,1,1,6,1,-1,-1,2198,2,9,-1,-1,-1
2018521806998,1,9,0,18,0,1,0,0,0,0,1,1,6,2,50,8,-1,-1,-1,-1,-1,-1
2018521806999,1,9,0,3,0,0,0,0,0,0,2,1,6,2,38,7,1229,1,10,8,1,8
2018521806999,2,9,0,18,0,0,0,0,0,0,1,1,6,1,-1,-1,1248,2,10,-1,-1,-1
2018521807001,1,4,0,3,0,0,0,0,0,0,4,1,6,1,38,7,849,1,6,3,1,3
2018521807001,2,19,0,18,0,0,0,0,0,0,3,1,6,1,30,6,-1,-1,-1,-1,-1,-1
2018521807005,1,9,0,18,0,0,0,0,0,0,1,1,6,1,48,8,2143,2,3,3,1,3
2018521807007,1,3,0,18,0,0,0,0,0,0,1,1,6,1,27,6,125,1,1,7,3,7
2018521807007,2,9,0,4,0,0,0,0,0,0,2,1,6,1,64,9,1685,2,6,9,1,9
2018521807008,1,5,0,5,0,0,0,0,0,0,1,1,6,1,27,6,948,1,1,10,1,10
2018521807008,2,9,0,6,0,0,0,0,0,0,1,1,6,2,-1,-1,999,1,-1,-1,-1,-1
2018521807009,1,9,0,18,0,0,0,0,0,0,1,1,6,1,28,6,-1,-1,-1,1,1,1
2018521807009,2,9,0,18,0,0,0,0,0,0,1,1,6,2,18,4,1198,1,8,10,1,10
2018521807023,1,9,0,3,0,0,0,0,0,0,2,1,6,1,47,8,2143,2,-1,9,3,9
2018521807023,2,19,0,18,0,0,0,0,0,0,1,1,1,1,99,11,2402,2,13,-1,-1,-1
2018521807025,1,9,0,18,0,0,0,0,0,0,1,1,6,1,49,8,-1,-1,-1,3,1,3
2018521807025,2,9,0,4,0,0,0,0,0,0,2,1,6,1,49,8,1200,1,2,-1,1,-1
2018521807025,3,9,0,4,0,0,0,0,0,0,2,1,6,1,68,10,-1,-1,-1,3,1,3
2018521807025,4,9,0,4,0,0,0,0,0,0,2,1,6,2,72,10,1995,2,3,8,3,8
2018521807025,5,9,0,4,0,0,0,0,0,0,2,1,6,1,50,8,2143,2,4,5,3,5
2018521807027,1,9,0,18,0,8,0,4,0,0,1,1,6,1,50,8,2188,2,11,2,1,2
2018521807027,2,9,0,18,0,8,0,0,0,0,1,1,6,1,30,6,1998,1,10,-1,-1,-1
2018521807027,3,9,0,2,0,8,0,0,0,0,1,1,6,3,-1,-1,1968,2,1,-1,-1,-1
2018521807028,1,9,0,3,0,8,0,0,0,0,2,1,6,2,26,6,1329,1,3,8,1,8
2018521807028,2,9,0,18,0,8,0,0,0,0,1,1,6,1,55,8,1800,1,20,2,1,2
2018521807030,1,3,0,18,0,8,0,0,0,0,2,1,6,1,26,6,125,1,2,6,1,6
2018521807030,2,19,0,18,0,8,0,0,0,0,1,1,6,3,-1,-1,-1,-1,-1,-1,-1,-1
2018521807032,1,9,0,18,0,0,0,0,0,0,2,1,6,1,43,7,1399,1,1,-1,-1,-1
2018521807032,2,1,0,18,0,0,0,0,0,0,1,1,6,2,29,6,-1,-1,-1,6,1,6
2018521807041,1,9,0,8,0,1,0,0,0,0,2,1,6,2,46,8,-1,-1,-1,7,1,7
2018521807041,2,9,0,4,0,1,0,0,0,0,1,1,6,3,-1,-1,1799,1,12,-1,-1,-1
2018521807042,1,1,0,18,0,8,0,0,0,0,4,1,6,1,30,6,-1,-1,-1,8,1,8
2018521807042,2,9,0,18,0,4,0,0,0,0,1,1,6,3,30,6,-1,-1,-1,-1,-1,-1
2018521807051,1,9,0,4,0,8,0,0,0,0,1,1,6,1,53,8,-1,-1,-1,4,1,4
2018521807051,2,1,0,3,0,8,0,0,0,0,2,1,6,1,32,6,-1,-1,-1,10,2,10
2018521807053,1,19,0,18,0,1,0,0,0,0,1,1,6,1,39,7,1995,2,-1,5,1,5
2018521807053,2,5,0,4,0,1,0,0,0,0,2,1,6,1,50,8,948,1,-1,5,3,5
2018521807058,1,9,0,18,0,8,0,0,0,0,2,1,6,2,35,6,1584,1,13,2,1,2
2018521807058,2,19,0,18,0,8,0,0,0,0,1,1,6,1,27,6,1995,2,1,4,1,4
2018521807059,1,9,0,18,0,0,0,0,0,0,1,1,6,1,40,7,1753,2,9,5,1,5
2018521807060,1,1,0,10,0,6,0,0,0,0,2,1,6,2,61,9,-1,-1,-1,8,1,8
2018521807060,2,9,0,10,0,6,0,0,0,0,1,1,6,3,30,6,1587,1,16,-1,-1,-1
2018521807077,1,2,0,16,0,0,0,0,0,0,2,1,6,1,35,6,49,1,14,5,1,5
2018521807077,2,9,0,18,0,0,0,0,0,0,1,1,6,1,30,6,1560,2,1,-1,-1,-1
2018521807080,1,3,0,4,0,8,0,0,0,0,1,1,1,1,47,8,125,1,3,1,1,1
2018521807080,2,9,0,6,0,8,0,0,0,0,3,1,6,1,40,7,1968,2,-1,-1,-1,-1
2018521807085,1,1,0,18,0,8,0,0,0,0,4,1,6,1,40,7,-1,-1,-1,10,1,10
2018521807085,2,9,0,18,0,4,0,0,0,0,1,1,6,2,30,6,-1,-1,-1,-1,-1,-1
2018521807103,1,1,0,9,0,3,0,0,0,0,1,1,6,1,39,7,-1,-1,-1,6,1,6
2018521807103,2,9,0,18,0,4,0,0,0,0,3,1,6,1,30,6,898,1,1,-1,-1,-1
2018521807105,1,1,0,18,0,0,0,0,0,0,1,1,6,2,52,8,-1,-1,-1,3,1,3
2018521807105,2,9,0,2,0,0,0,0,0,0,3,1,6,1,50,8,-1,-1,-1,-1,-1,-1
2018521807111,1,9,0,3,0,1,0,0,0,0,2,1,6,2,23,5,1248,1,5,8,1,8
2018521807111,2,9,0,18,0,1,0,0,0,0,1,1,6,3,-1,-1,1968,2,10,-1,-1,-1
2018521807116,1,9,0,7,0,5,0,0,0,0,1,1,6,1,53,8,1910,2,9,10,1,10
2018521807116,2,1,0,18,0,8,0,0,0,0,1,1,6,2,50,8,-1,-1,-1,7,1,7
2018521807126,1,11,0,18,0,0,0,0,0,0,0,1,1,1,35,6,-1,-1,-1,-1,-1,-1
2018521807131,1,1,0,18,0,0,0,0,0,0,1,1,6,1,31,6,-1,-1,-1,1,1,1
2018521807131,2,9,0,9,0,0,0,0,0,0,3,1,6,2,55,8,-1,3,3,-1,-1,-1
2018521807139,1,1,0,18,0,0,0,0,0,0,1,1,6,3,-1,-1,-1,-1,-1,-1,-1,-1
2018521807141,1,9,0,4,0,0,0,0,0,0,2,1,6,1,33,6,1229,1,9,10,1,10
2018521807141,2,1,0,18,0,0,0,0,0,0,1,1,6,1,40,7,-1,-1,-1,4,1,4
2018521807145,1,1,0,18,0,0,0,0,0,0,3,1,6,1,33,6,-1,-1,-1,1,1,1
2018521807145,2,9,0,18,0,0,0,0,0,0,4,1,6,3,25,5,-1,-1,-1,-1,-1,-1
2018521807160,1,8,0,18,0,0,0,0,0,0,1,1,6,1,39,7,1997,2,9,6,1,6
2018521807161,1,1,0,18,4,8,0,0,0,0,3,1,6,1,46,8,-1,-1,-1,10,1,10
2018521807161,2,9,0,7,0,5,0,0,0,0,4,1,6,3,-1,-1,1997,2,-1,-1,-1,-1
2018521807162,1,9,0,3,0,0,0,0,0,0,2,1,6,1,54,8,2993,2,3,10,1,10
2018521807162,2,9,0,3,0,0,0,0,0,0,1,1,6,1,30,6,1596,1,17,-1,-1,-1
2018521807162,3,9,0,18,0,0,0,0,0,0,1,1,6,2,25,5,1995,2,6,-1,-1,-1
2018521807165,1,9,0,9,0,8,0,0,0,0,1,1,6,2,21,5,1242,1,8,10,3,10
2018521807165,2,4,0,18,0,1,0,0,0,0,1,1,6,1,30,6,125,1,4,8,2,8
2018521807172,1,9,0,18,0,8,0,0,0,0,1,1,6,2,46,8,1329,1,9,3,1,3
2018521807172,2,9,0,9,0,8,0,0,0,0,1,1,6,1,21,5,-1,-1,-1,4,1,4
2018521807176,1,1,0,10,0,1,0,0,0,0,3,1,1,1,31,6,-1,-1,-1,7,1,7
2018521807176,2,9,0,9,0,6,0,0,0,0,1,1,6,3,-1,-1,2198,1,16,-1,-1,-1
2018521807177,1,9,0,18,2,8,0,0,0,0,4,1,6,2,24,5,1242,1,2,9,1,9
2018521807177,2,4,0,18,0,8,0,0,0,0,3,1,6,1,54,8,-1,-1,-1,5,1,5
2018521807180,1,9,0,18,0,0,0,0,0,0,2,1,6,1,71,10,1596,1,12,3,1,3
2018521807180,2,20,0,18,0,0,0,0,0,0,1,1,1,1,35,6,-1,-1,-1,-1,-1,-1
2018521807187,1,9,0,16,0,0,0,0,0,0,1,1,6,3,30,6,-1,-1,-1,-1,-1,-1
2018521807187,2,9,0,17,0,0,0,0,0,0,1,1,6,2,42,7,-1,-1,-1,6,1,6
2018521807190,1,3,0,5,0,8,1,4,0,0,1,1,1,1,20,4,599,1,8,4,1,4
2018521807190,2,9,0,9,0,8,0,0,0,0,1,1,6,3,-1,-1,-1,-1,-1,-1,-1,-1
2018521807190,3,9,0,2,0,8,0,0,0,0,3,1,6,3,-1,-1,1560,2,3,-1,-1,-1
2018521807197,1,9,0,9,0,8,0,0,0,0,3,1,6,2,55,8,1197,1,1,8,1,8
2018521807198,1,9,0,18,0,1,0,0,0,0,1,1,6,1,40,7,-1,-1,-1,7,1,7
2018521807201,1,9,0,18,0,0,0,0,0,0,1,1,6,2,28,6,1390,1,16,6,1,6
2018521807201,2,9,0,3,0,0,0,0,0,0,2,1,6,1,52,8,1461,2,8,7,1,7
2018521807204,1,1,0,17,0,8,0,0,0,0,4,1,6,1,50,8,-1,-1,-1,4,1,4
2018521807204,2,9,0,18,0,6,0,0,0,0,1,1,6,2,65,9,-1,-1,-1,10,2,10
2018521807206,1,9,0,9,0,1,0,0,0,0,3,1,1,1,29,6,1598,2,7,8,1,8
2018521807206,2,3,0,13,0,1,0,0,0,0,1,1,6,2,23,5,125,1,3,9,3,9
2018521807213,1,1,0,17,0,1,0,0,0,0,1,1,6,1,30,6,-1,-1,-1,6,1,6
2018521807213,2,20,0,7,0,6,0,0,0,0,3,1,6,1,30,6,2143,2,-1,-1,-1,-1
2018521807214,1,9,0,5,0,4,0,0,0,0,4,1,6,2,48,8,1364,1,2,1,1,1
2018521807214,2,9,0,5,0,8,0,0,0,0,1,1,6,3,30,6,-1,-1,-1,-1,-1,-1
2018521807230,1,1,0,18,0,3,0,0,0,0,4,1,6,1,28,6,-1,-1,-1,1,1,1
2018521807230,2,9,0,18,0,8,0,0,0,0,1,1,6,2,28,6,-1,-1,-1,-1,-1,-1
2018521807236,1,1,0,18,0,5,0,0,0,0,3,1,6,1,16,4,-1,-1,-1,8,1,8
2018521807236,2,9,0,5,0,6,0,0,0,0,1,1,6,1,18,4,-1,-1,-1,-1,-1,-1
2018521807238,1,5,0,11,0,3,0,0,0,0,1,1,6,1,46,8,765,1,-1,6,3,6
2018521807238,2,19,0,12,0,3,0,0,0,0,3,1,1,2,50,8,1560,2,-1,-1,-1,-1
2018521807243,1,17,2,18,0,0,0,0,0,0,4,1,6,3,30,6,-1,-1,-1,-1,-1,-1
2018521807253,1,9,0,9,0,5,0,0,0,0,3,1,6,1,47,8,2179,2,10,7,-1,7
2018521807253,2,4,0,18,0,8,0,0,0,0,4,1,6,1,19,4,124,1,7,10,1,10
2018521807254,1,8,0,18,0,0,0,0,0,0,1,1,1,1,35,6,1598,2,2,1,1,1
2018521807254,2,9,0,1,0,0,0,0,0,0,2,1,6,3,-1,-1,-1,-1,-1,-1,-1,-1
2018521807255,1,9,0,18,0,1,0,0,0,0,4,1,6,2,34,6,-1,-1,-1,7,2,7
2018521807277,1,9,0,18,0,0,0,0,0,0,1,1,6,1,29,6,1399,2,14,5,2,5
2018521807283,1,9,0,3,0,2,0,0,0,0,4,1,6,1,42,7,1995,2,5,7,1,7
2018521807283,2,9,0,9,0,6,0,0,0,0,1,1,6,1,25,5,1229,1,10,-1,-1,-1
2018521807288,1,9,0,18,0,0,0,0,0,0,1,1,6,1,55,8,1395,1,1,8,2,8
2018521807288,2,9,0,4,0,0,0,0,0,0,2,1,6,1,31,6,-1,-1,-1,5,1,5
2018521807288,3,9,0,4,0,0,0,0,0,0,2,1,6,1,57,9,2993,2,8,-1,2,-1
2018521807301,1,9,0,18,0,8,0,0,0,0,1,1,6,1,56,9,2143,2,5,6,1,6
2018521807301,2,1,0,18,0,8,0,0,0,0,1,1,6,1,49,8,-1,-1,-1,8,1,8
2018521807304,1,9,0,18,0,8,0,0,0,0,2,1,6,2,25,5,1388,1,8,4,1,4
2018521807304,2,9,0,18,0,8,0,0,0,0,1,1,6,2,29,6,1461,2,4,6,1,6
2018521807313,1,9,0,18,0,0,0,0,0,0,2,1,6,1,61,9,-1,-1,-1,3,1,3
2018521807313,2,1,0,18,0,0,0,0,0,0,1,1,6,1,25,5,-1,-1,-1,8,1,8
2018521807315,1,9,0,3,0,0,0,0,0,0,2,1,6,1,45,7,998,1,5,4,1,4
2018521807315,2,19,0,18,0,0,0,0,0,0,1,1,6,1,50,8,-1,-1,-1,9,3,9
2018521807317,1,9,0,2,0,0,0,0,0,0,3,1,6,2,37,7,1997,2,16,6,1,6
2018521807317,2,9,0,18,0,0,0,0,0,0,1,1,6,3,-1,-1,-1,-1,-1,-1,-1,-1
2018521807323,1,9,0,9,0,8,0,0,0,0,1,1,6,1,65,9,1999,1,16,9,3,9
2018521807323,2,9,0,9,0,8,0,0,0,0,1,1,6,1,29,6,1997,2,6,6,1,6
2018521807325,1,9,0,16,0,0,0,4,1,11,1,1,6,1,30,6,1998,1,11,7,1,7
2018521807325,2,9,0,2,0,0,0,0,0,0,2,1,6,3,-1,-1,999,1,2,-1,-1,-1
2018521807325,3,9,0,2,0,0,0,0,0,0,1,1,6,3,-1,-1,1461,2,1,-1,-1,-1
2018521807327,1,9,0,18,0,1,0,0,1,2,1,1,6,1,21,5,1598,2,5,8,3,8
2018521807327,2,21,1,11,0,1,0,0,0,0,0,1,6,3,-1,-1,-1,-1,-1,-1,-1,-1
2018521807331,1,10,0,18,0,0,0,0,1,4,1,1,6,1,55,8,-1,-1,-1,9,2,9
2018521807332,1,9,0,18,0,0,0,0,0,0,1,1,6,2,58,9,-1,-1,-1,9,1,9
2018521807332,2,21,1,18,0,0,0,0,0,0,1,1,6,1,51,8,8970,2,11,7,1,7
2018521807334,1,1,0,5,0,4,0,0,1,0,3,1,6,1,26,6,-1,-1,-1,9,1,9
2018521807334,2,21,1,5,0,4,0,0,0,0,4,1,6,3,-1,-1,-1,-1,-1,-1,-1,-1
2018521807338,1,9,0,9,0,8,0,0,0,0,0,1,6,2,30,6,1596,1,18,8,1,8
2018521807338,2,5,0,18,0,8,0,0,0,0,0,1,6,1,55,8,-1,-1,-1,5,1,5
2018521807345,1,9,0,5,0,4,0,0,0,0,1,1,6,2,49,8,1199,1,15,1,1,1
2018521807345,2,1,0,5,0,4,0,0,0,0,2,1,6,2,45,7,-1,-1,-1,-1,-1,-1
2018521807358,1,21,0,2,6,0,0,0,0,0,1,1,6,1,45,7,12777,2,-1,2,1,2
2018521807358,2,9,0,1,6,0,0,0,0,0,2,1,6,3,-1,-1,1995,2,12,-1,-1,-1
2018521807359,1,9,0,4,0,0,0,0,0,0,2,1,6,1,64,9,1997,2,3,9,2,9
2018521807359,2,19,0,4,0,0,0,0,0,0,1,1,6,1,40,7,-1,-1,-1,-1,1,-1
2018521807361,1,9,0,10,0,1,0,0,0,0,2,1,6,2,23,5,1240,1,13,6,1,6
2018521807361,2,9,0,18,0,1,0,0,0,0,1,1,6,1,65,9,1997,1,12,-1,-1,-1
2018521807363,1,9,0,7,0,8,0,0,0,0,1,1,6,2,74,10,998,1,9,7,1,7
2018521807363,2,1,0,17,0,8,0,0,0,0,1,1,6,1,52,8,-1,-1,-1,3,1,3
2018521807370,1,9,0,18,0,0,1,7,1,1,1,1,6,1,25,5,1560,2,8,2,1,2
2018521807384,1,9,0,9,0,6,0,0,0,0,4,1,6,1,57,9,-1,-1,-1,1,1,1
2018521807384,2,1,0,18,0,1,0,0,0,0,1,1,6,1,49,8,-1,-1,-1,3,1,3
2018521807392,1,1,0,18,4,8,0,0,0,0,0,1,6,2,36,7,-1,-1,-1,4,1,4
2018521807392,2,9,0,7,4,5,0,0,0,0,0,1,1,3,50,8,1598,2,4,-1,-1,-1
2018521807395,1,9,0,2,0,0,0,0,0,0,2,1,6,2,23,5,1995,2,12,7,1,7
2018521807395,2,8,0,1,0,0,0,0,0,0,2,1,6,1,40,7,1499,2,-1,-1,-1,-1
2018521807396,1,9,0,18,0,1,0,0,0,0,2,1,6,1,34,6,1749,1,14,7,1,7
2018521807396,2,9,0,18,0,1,0,0,0,0,1,1,6,1,18,4,1598,2,-1,-1,-1,-1
2018521807433,1,9,0,18,0,0,0,0,0,0,1,1,6,2,21,5,1461,2,5,1,1,1
2018521807437,1,9,0,18,0,8,0,0,0,0,1,1,6,1,65,9,2720,2,12,7,1,7
2018521807441,1,9,0,18,0,8,0,0,1,1,1,1,6,1,17,4,-1,-1,-1,1,1,1
2018521807451,1,9,0,8,0,8,0,0,0,0,2,1,6,2,46,8,1498,1,-1,5,1,5
2018521807451,2,9,0,4,0,8,1,0,0,0,1,1,6,1,39,7,1242,1,14,-1,-1,-1
2018521807460,1,9,0,11,0,5,0,0,1,7,1,1,6,1,30,6,1560,2,3,4,1,4
2018521807460,2,9,0,18,0,8,0,0,0,0,2,1,6,1,32,6,-1,-1,-1,2,1,2
2018521807460,3,9,0,18,0,8,0,7,0,0,1,1,6,1,43,7,1349,1,4,-1,1,-1
2018521807461,1,9,0,9,0,8,0,0,0,0,4,1,6,2,44,7,1299,1,16,10,2,10
2018521807461,2,9,0,18,0,4,0,0,0,0,1,1,6,3,20,4,1199,1,15,-1,-1,-1
2018521807463,1,9,0,18,0,4,0,0,0,0,1,1,6,2,63,9,1499,1,1,10,1,10