Accident_Index,Vehicle_Reference,Vehicle_Type,Towing_and_Articulation,Vehicle_Manoeuvre,Vehicle_Location-Restricted_Lane,Junction_Location,Skidding_and_Overturning,Hit_Object_in_Carriageway,Vehicle_Leaving_Carriageway,Hit_Object_off_Carriageway,1st_Point_of_Impact,Was_Vehicle_Left_Hand_Drive?,Journey_Purpose_of_Driver,Sex_of_Driver,Age_of_Driver,Age_Band_of_Driver,Engine_Capacity_(CC),Propulsion_Code,Age_of_Vehicle,Driver_IMD_Decile,Driver_Home_Area_Type,Vehicle_IMD_Decile
2018521807463,2,1,0,18,0,8,0,0,0,0,1,1,6,1,53,8,-1,-1,-1,6,1,6
2018521807466,1,9,0,18,0,8,0,0,0,0,1,1,6,2,40,7,1242,1,9,5,2,5
2018521807466,2,3,0,13,0,8,0,0,0,0,1,1,6,1,45,7,124,1,5,-1,-1,-1
2018521807470,1,9,0,4,0,8,0,0,0,0,0,1,6,3,25,5,-1,-1,-1,-1,-1,-1
2018521807470,2,11,0,4,0,8,0,0,0,0,0,1,6,1,45,7,7300,2,12,-1,-1,-1
2018521807485,1,9,0,9,0,5,0,0,0,0,4,1,6,1,21,5,1995,2,14,8,1,8
2018521807485,2,2,0,18,0,8,0,0,0,0,1,1,6,1,24,5,49,1,21,2,1,2
2018521807491,1,9,0,12,0,0,0,0,0,0,3,1,6,1,56,9,2497,2,-1,-1,-1,-1
2018521807491,2,9,0,18,0,0,0,0,0,0,4,1,6,2,59,9,-1,-1,-1,7,3,7
2018521807500,1,1,0,17,0,1,0,0,0,0,1,1,6,1,23,5,-1,-1,-1,4,1,4
2018521807500,2,9,0,9,0,2,0,0,0,0,1,1,6,3,-1,-1,-1,-1,-1,-1,-1,-1
2018521807507,1,1,0,18,0,0,0,0,0,0,4,1,6,1,53,8,-1,-1,-1,8,2,8
2018521807507,2,9,0,15,0,0,0,0,0,0,4,1,6,2,25,5,998,1,19,-1,-1,-1
2018521807516,1,9,0,9,0,8,0,0,0,0,1,1,6,2,24,5,1587,1,12,-1,3,-1
2018521807516,2,9,0,18,0,8,0,0,0,0,3,1,6,1,34,6,1498,1,13,1,1,1
2018521807519,1,9,0,3,0,1,0,0,0,0,2,1,6,2,46,8,1994,2,16,8,1,8
2018521807519,2,9,0,18,0,1,0,0,0,0,1,1,6,3,-1,-1,-1,-1,-1,-1,-1,-1
2018521807523,1,9,0,18,0,8,0,0,0,0,1,1,6,1,48,8,1796,1,15,4,1,4
2018521807523,2,1,0,18,0,8,0,0,0,0,1,1,6,1,54,8,-1,-1,-1,9,1,9
2018521807525,1,9,0,17,0,0,0,10,1,0,1,1,6,2,32,6,1598,1,8,3,1,3
2018521807533,1,9,0,3,0,1,0,0,0,0,1,1,6,2,46,8,1596,1,9,4,1,4
2018521807533,2,9,0,3,0,1,0,0,0,0,2,1,6,3,62,9,1599,1,11,7,1,7
2018521807536,1,9,0,18,0,0,1,0,1,7,1,1,6,1,31,6,1390,1,5,6,1,6
2018521807538,1,1,0,18,0,8,0,0,0,0,1,1,6,1,39,7,-1,-1,-1,10,1,10
2018521807538,2,9,0,18,0,4,0,0,0,0,1,1,6,1,69,10,1364,1,3,10,1,10
2018521807539,1,1,0,18,0,0,0,0,0,0,3,1,6,2,37,7,-1,-1,-1,1,1,1
2018521807539,2,9,0,18,0,0,0,0,0,0,4,1,6,3,-1,-1,-1,-1,-1,-1,-1,-1
2018521807542,1,9,0,18,0,8,0,0,0,0,1,1,6,2,38,7,1986,2,12,6,1,6
2018521807542,2,9,0,7,0,8,0,0,0,0,1,1,6,1,54,8,1896,2,10,3,2,3
2018521807544,1,9,3,18,0,0,0,0,0,0,1,1,6,1,51,8,-1,-1,-1,4,1,4
2018521807544,2,9,0,18,0,0,0,0,0,0,1,1,6,1,36,7,-1,-1,-1,2,1,2
2018521807546,1,9,0,18,0,0,0,0,0,0,2,1,6,2,34,6,1397,1,5,-1,2,-1
2018521807546,2,5,0,18,0,0,0,0,0,0,1,1,6,1,26,6,599,1,16,9,1,9
2018521807546,3,9,0,18,0,0,0,0,0,0,2,1,6,2,26,6,1598,1,1,1,1,1
2018521807549,1,8,0,9,0,8,0,0,0,0,1,1,6,1,42,7,1995,2,7,1,1,1
2018521807549,2,9,0,18,0,8,0,0,0,0,3,1,6,2,26,6,1242,1,16,5,1,5
2018521807554,1,2,0,18,0,0,0,4,0,0,1,1,6,1,35,6,49,1,7,7,1,7
2018521807554,2,9,0,2,0,0,0,0,0,0,2,1,6,3,-1,-1,1596,1,12,-1,-1,-1
2018521807564,1,1,0,8,0,2,0,0,0,0,3,1,2,1,47,8,-1,-1,-1,1,1,1
2018521807564,2,9,0,13,0,1,0,0,0,0,4,1,6,1,30,6,1598,2,6,-1,-1,-1
2018521807566,1,1,0,18,9,8,0,0,0,0,3,1,6,1,19,4,-1,-1,-1,9,1,9
2018521807566,2,8,0,5,9,6,0,0,0,0,1,1,6,3,-1,-1,-1,-1,-1,-1,-1,-1
2018521807603,1,9,0,18,0,0,0,0,0,0,1,1,6,1,49,8,1587,1,12,9,1,9
2018521807603,2,9,0,18,0,0,0,0,0,0,1,1,6,2,67,10,1329,1,5,9,3,9
2018521807604,1,9,0,18,0,0,0,0,0,0,1,1,6,1,50,8,1796,1,15,2,1,2
2018521807605,1,9,0,9,0,6,0,0,0,0,3,1,6,1,58,9,1968,2,2,9,1,9
2018521807605,2,1,0,18,0,8,0,0,0,0,1,1,6,1,46,8,-1,-1,-1,8,1,8
2018521807609,1,9,0,18,0,0,0,0,0,0,1,1,6,2,23,5,1461,2,2,3,1,3
2018521807609,2,9,0,4,0,0,0,0,0,0,2,1,6,1,21,5,998,1,-1,10,1,10
2018521807617,1,3,0,18,0,0,1,0,0,0,0,1,6,1,27,6,125,1,1,6,1,6
2018521807617,2,8,0,18,0,0,0,0,0,0,0,1,6,3,-1,-1,-1,-1,-1,-1,-1,-1
2018521807621,1,1,0,18,0,8,0,0,0,0,4,1,6,1,34,6,-1,-1,-1,7,1,7
2018521807621,2,9,0,5,0,4,0,0,0,0,1,1,6,1,-1,-1,-1,-1,-1,-1,-1,-1
2018521807628,1,9,0,18,0,1,0,0,0,0,3,1,6,2,34,6,1910,2,10,6,1,6
2018521807628,2,5,0,9,0,1,0,0,0,0,1,1,1,1,30,6,125,1,-1,-1,-1,-1
2018521807631,1,9,0,9,0,6,0,0,0,0,1,1,6,1,56,9,-1,-1,-1,7,2,7
2018521807631,2,9,0,13,0,8,0,0,0,0,1,1,6,1,57,9,1461,2,4,7,1,7
2018521807633,1,5,0,18,0,8,0,0,0,0,0,1,6,1,20,4,599,1,19,7,1,7
2018521807633,2,9,0,7,0,8,0,0,0,0,1,1,6,3,30,6,-1,-1,-1,-1,-1,-1
2018521807635,1,9,0,18,0,8,0,4,0,0,1,1,6,2,61,9,998,1,2,4,1,4
2018521807635,2,9,0,18,0,8,0,0,0,0,1,1,6,2,50,8,998,1,12,6,1,6
2018521807635,3,9,0,2,0,8,0,0,0,0,3,1,6,3,-1,-1,1998,1,15,-1,-1,-1
2018521807641,1,11,0,18,0,0,0,0,0,0,1,1,6,1,26,6,-1,-1,-1,-1,-1,-1
2018521807649,1,9,0,4,0,1,0,0,0,0,2,1,6,2,49,8,1398,2,8,4,1,4
2018521807649,2,9,0,18,0,1,0,0,0,0,1,1,6,2,30,6,1229,1,11,8,1,8
2018521807651,1,9,0,18,0,0,0,0,0,0,1,1,6,1,74,10,1796,1,9,1,1,1
2018521807651,2,9,0,6,0,0,0,0,0,0,1,1,6,2,37,7,1896,2,14,9,3,9
2018521807668,1,1,0,18,0,1,0,0,0,0,1,1,6,2,30,6,-1,-1,-1,9,1,9
2018521807668,2,9,0,9,0,2,0,0,0,0,2,1,6,3,30,6,-1,-1,-1,-1,-1,-1
2018521807669,1,1,0,18,0,0,0,0,0,0,1,1,6,2,31,6,-1,-1,-1,5,1,5
2018521807669,2,9,0,2,0,0,0,0,0,0,3,1,6,2,50,8,2231,2,11,-1,-1,-1
2018521807682,1,9,0,8,0,0,0,0,0,0,2,1,6,2,57,9,1299,1,16,10,1,10
2018521807682,2,19,0,18,0,0,0,0,0,0,1,1,6,3,30,6,1998,2,13,-1,-1,-1
2018521807683,1,1,0,18,9,8,0,0,0,0,3,1,6,1,12,3,-1,-1,-1,10,1,10
2018521807683,2,9,0,18,0,6,0,0,0,0,1,1,6,1,20,4,1388,1,15,5,1,5
2018521807730,1,9,0,3,0,0,0,0,0,0,2,1,6,1,33,6,-1,-1,-1,3,1,3
2018521807730,2,9,0,18,0,0,0,0,0,0,1,1,6,3,-1,-1,-1,-1,-1,-1,-1,-1
2018521807732,1,1,0,18,0,8,0,0,0,0,3,1,6,2,27,6,-1,-1,-1,7,1,7
2018521807732,2,9,0,18,0,6,0,0,0,10,3,1,6,3,30,6,-1,-1,-1,-1,-1,-1
2018521807734,1,1,0,18,0,8,0,0,0,0,4,1,6,2,24,5,-1,-1,-1,5,1,5
2018521807734,2,9,0,9,0,5,0,0,0,0,1,1,6,1,40,7,1198,1,4,-1,-1,-1
2018521807741,1,9,0,2,0,0,0,0,0,0,3,1,6,1,44,7,1999,2,2,7,1,7
2018521807741,2,2,0,18,0,0,0,0,1,0,1,1,6,1,18,4,-1,-1,-1,-1,-1,-1
2018521807748,1,9,0,18,0,0,0,0,0,0,1,1,6,1,35,6,-1,-1,-1,-1,1,-1
2018521807748,2,9,0,18,0,0,0,0,0,0,1,1,6,1,30,6,-1,-1,-1,-1,1,-1
2018521807748,3,9,0,4,0,0,0,0,0,0,1,1,6,2,53,8,1685,2,1,-1,1,-1
2018521807759,1,21,0,10,0,8,0,0,0,0,1,1,6,1,48,8,-1,-1,-1,8,3,8
2018521807759,2,9,0,18,0,1,0,0,0,0,1,1,6,2,71,10,998,1,9,7,3,7
2018521807779,1,9,0,18,0,6,0,0,0,0,1,1,6,1,42,7,2496,2,13,2,1,2
2018521807779,2,1,0,18,4,8,0,0,0,0,4,1,6,1,50,8,-1,-1,-1,6,1,6
2018521807781,1,9,0,18,0,8,0,0,0,0,4,1,6,2,45,7,1242,1,2,8,3,8
2018521807781,2,1,0,17,0,8,0,0,0,0,1,1,6,1,43,7,-1,-1,-1,4,1,4
2018521807782,1,9,0,7,0,8,0,0,0,0,1,1,6,1,29,6,1796,1,19,5,2,5
2018521807782,2,5,0,18,0,8,0,0,0,0,4,1,6,1,61,9,649,1,13,5,1,5
2018521807784,1,9,0,18,0,8,0,4,7,10,1,1,6,2,70,10,2290,1,16,8,1,8
2018521807784,2,9,0,2,0,8,0,0,0,0,1,1,6,3,-1,-1,1618,1,1,-1,-1,-1
2018521807784,3,9,0,2,0,8,0,0,0,0,1,1,6,3,-1,-1,1995,2,1,-1,-1,-1
2018521807787,1,1,0,18,0,8,0,0,0,0,1,1,2,2,30,6,-1,-1,-1,-1,-1,-1
2018521807787,2,9,0,9,0,4,0,0,0,0,1,1,6,1,65,9,1598,2,2,-1,-1,-1
2018521807795,1,9,0,5,0,8,0,0,0,0,4,1,6,1,46,8,2143,2,6,8,3,8
2018521807795,2,9,0,18,0,8,0,0,1,0,1,1,6,1,99,11,-1,-1,-1,-1,-1,-1
2018521807801,1,9,0,18,0,8,0,0,0,0,1,1,6,1,68,10,1998,1,-1,8,1,8
2018521807804,1,9,0,18,0,0,0,4,0,0,1,2,6,1,33,6,-1,-1,-1,4,1,4
2018521807804,2,9,0,2,0,0,0,0,0,0,1,1,6,3,-1,-1,2000,2,12,-1,-1,-1
2018521807804,3,9,0,2,0,0,0,0,0,0,1,1,6,3,-1,-1,4701,7,16,-1,-1,-1
2018521807804,4,9,0,2,0,0,0,0,0,0,1,1,6,3,-1,-1,1396,1,7,-1,-1,-1
2018521807806,1,9,0,7,0,6,0,0,0,0,3,1,6,2,22,5,1390,1,7,5,1,5
2018521807806,2,9,0,18,0,8,0,0,0,0,1,1,6,2,38,7,1910,2,14,7,3,7
2018521807809,1,9,0,17,0,8,0,0,0,0,1,1,6,1,28,6,1560,2,7,2,1,2
2018521807809,2,3,0,7,0,8,0,0,0,0,3,1,6,1,36,7,125,1,5,3,1,3
2018521807820,1,1,0,18,0,8,0,0,0,0,4,1,6,2,34,6,-1,-1,-1,5,1,5
2018521807820,2,9,0,5,0,4,0,0,0,0,1,1,6,2,30,6,1598,2,4,6,3,6
2018521807826,1,9,0,5,0,1,0,0,0,0,1,1,6,1,30,6,1596,1,11,1,1,1
2018521807826,2,9,0,18,0,1,0,0,0,0,3,1,6,1,50,8,-1,-1,-1,-1,-1,-1
2018521807828,1,9,0,5,0,8,0,0,0,0,3,1,6,2,56,9,998,1,3,10,1,10
2018521807828,2,19,0,18,0,8,0,0,0,0,1,1,6,1,57,9,2198,2,3,6,1,6
2018521807829,1,9,0,18,0,0,0,0,0,0,1,1,6,3,25,5,1781,1,19,-1,-1,-1
2018521807829,2,9,0,18,0,0,0,0,0,0,2,1,6,2,48,8,1598,1,13,2,1,2
2018521807830,1,9,0,7,0,8,0,0,0,0,3,1,6,1,37,7,2993,2,6,4,1,4
2018521807830,2,1,0,18,0,8,0,0,0,0,1,1,6,1,41,7,-1,-1,-1,-1,-1,-1
2018521807831,1,9,0,18,0,8,0,0,0,0,1,1,6,1,36,7,2497,1,13,1,1,1
2018521807831,2,9,0,18,0,8,0,0,0,0,1,1,6,3,-1,-1,-1,-1,-1,-1,-1,-1
2018521807832,1,9,0,18,0,0,0,0,0,0,1,1,6,1,31,6,2497,1,12,7,1,7
2018521807832,2,9,0,18,0,0,0,0,0,0,2,1,6,1,37,7,1995,2,5,7,1,7
2018521807833,1,9,0,17,0,0,0,0,0,0,1,1,6,2,55,8,1468,1,10,3,1,3
2018521807835,1,1,0,9,0,0,0,0,0,0,4,1,4,1,19,4,-1,-1,-1,2,1,2
2018521807835,2,9,0,18,0,0,0,0,0,0,1,1,6,1,26,6,1598,2,-1,-1,-1,-1
2018521807838,1,9,0,3,0,1,0,0,0,0,2,1,2,2,36,7,1598,1,14,8,3,8
2018521807838,2,9,0,18,0,1,0,0,0,0,1,1,6,1,34,6,2967,2,1,-1,-1,-1
2018521807847,1,9,0,18,0,8,0,0,0,0,1,1,6,1,31,6,-1,-1,-1,8,1,8
2018521807847,2,1,0,18,0,8,0,0,0,0,2,1,6,1,35,6,-1,-1,-1,8,1,8
2018521807860,1,1,0,18,0,4,0,0,0,0,2,1,6,2,47,8,-1,-1,-1,2,1,2
2018521807860,2,9,0,7,0,4,0,0,0,0,1,1,6,1,60,9,-1,-1,-1,-1,-1,-1
2018521807861,1,9,0,18,0,0,0,0,0,0,1,1,6,2,58,9,1398,1,5,1,1,1
2018521807861,2,9,0,18,0,0,0,0,0,0,1,1,6,2,31,6,1796,1,7,7,1,7
2018521807863,1,9,0,18,0,0,0,0,0,0,4,1,6,3,-1,-1,998,1,2,-1,-1,-1
2018521807864,1,9,0,18,0,0,0,0,0,0,1,1,6,2,40,7,1240,1,9,8,3,8
2018521807864,2,9,0,18,0,0,0,0,0,0,1,1,6,1,44,7,4966,1,15,7,1,7
2018521807864,3,9,0,2,0,0,0,0,0,0,2,1,6,1,25,5,-1,-1,-1,8,2,8
2018521807873,1,9,0,3,0,8,0,0,0,0,2,1,6,2,31,6,1686,2,15,3,1,3
2018521807873,2,9,0,4,0,8,0,0,0,0,1,1,6,3,-1,-1,1999,1,12,-1,-1,-1
2018521807874,1,9,0,10,0,1,0,0,0,0,2,1,6,1,20,4,1399,2,8,6,3,6
2018521807874,2,9,0,4,0,1,0,0,0,0,1,1,6,2,25,5,1349,1,17,-1,-1,-1
2018521807879,1,1,0,18,0,8,0,0,0,0,3,1,6,2,39,7,-1,-1,-1,8,1,8
2018521807879,2,9,0,9,0,8,0,0,0,0,1,1,6,2,30,6,-1,-1,-1,-1,-1,-1
2018521807897,1,9,0,18,0,8,0,0,0,0,4,1,6,1,58,9,1461,2,5,8,1,8
2018521807897,2,9,0,12,0,8,0,0,0,0,3,1,6,3,-1,-1,-1,-1,-1,-1,-1,-1
2018521807904,1,9,0,18,0,0,0,0,0,0,1,1,6,2,21,5,1598,1,17,9,1,9
2018521807906,1,1,0,13,0,1,0,0,0,0,1,1,6,1,40,7,-1,-1,-1,7,1,7
2018521807906,2,9,0,7,0,6,0,0,0,0,4,1,6,2,30,6,1998,2,10,-1,-1,-1
2018521807907,1,8,0,18,0,0,0,0,0,0,1,1,6,1,40,7,-1,-1,-1,-1,-1,-1
2018521807908,1,9,0,9,0,0,0,0,0,0,4,1,6,1,78,11,1995,1,14,10,1,10
2018521807908,2,9,0,18,0,0,0,0,0,0,1,1,6,2,40,7,1598,1,10,1,1,1
2018521807909,1,9,0,18,0,0,0,0,0,0,1,1,6,1,57,9,999,1,6,10,2,10
2018521807911,1,1,0,18,0,1,0,0,0,0,1,1,6,2,37,7,-1,-1,-1,8,1,8
2018521807911,2,9,0,7,0,5,0,0,0,0,4,1,6,3,-1,-1,-1,-1,-1,-1,-1,-1
2018521807932,1,9,0,7,0,5,0,0,0,0,1,1,6,2,30,6,2000,2,9,2,1,2
2018521807932,2,9,0,10,0,8,0,0,0,0,1,1,6,1,24,5,-1,-1,-1,9,1,9
2018521807932,3,9,0,3,0,1,0,0,0,0,1,1,6,1,22,5,1229,1,3,8,1,8
2018521807938,1,1,0,18,0,8,0,0,0,0,3,1,6,1,22,5,-1,-1,-1,3,1,3
2018521807938,2,9,0,7,0,5,0,0,0,0,4,1,6,1,-1,-1,998,1,2,-1,-1,-1
2018521807939,1,1,0,17,0,8,0,0,0,0,1,1,6,2,52,8,-1,-1,-1,8,1,8
2018521807939,2,9,0,17,0,8,0,0,0,0,4,1,6,1,51,8,2143,2,-1,-1,-1,-1
2018521807952,1,9,0,18,0,0,0,0,0,0,3,1,6,2,33,6,1242,1,5,7,1,7
2018521807960,1,9,0,1,0,0,0,0,0,0,2,1,6,1,38,7,2487,2,18,4,1,4
2018521807960,2,1,0,18,0,0,0,0,0,0,1,1,6,1,56,9,-1,-1,-1,4,1,4
2018521807962,1,9,0,18,0,4,0,0,0,0,1,1,6,1,30,6,-1,-1,-1,7,1,7
2018521807962,2,1,0,18,0,8,0,0,0,0,4,1,6,1,53,8,-1,-1,-1,7,1,7
2018521807965,1,1,0,3,0,0,0,0,0,0,1,1,6,2,31,6,-1,-1,-1,1,1,1
2018521807965,2,9,0,1,0,0,0,0,0,0,2,1,6,1,-1,-1,-1,-1,-1,-1,-1,-1
2018521807968,1,9,0,18,0,0,1,0,0,0,1,1,6,2,38,7,1499,2,2,4,1,4
2018521808006,1,9,0,3,0,1,0,0,0,0,1,1,6,2,32,6,998,1,8,7,3,7
2018521808006,2,9,0,5,0,1,0,0,0,0,3,1,6,2,40,7,1242,1,11,3,1,3
2018521808006,3,1,0,9,0,4,0,0,0,0,1,1,6,1,30,6,-1,-1,-1,5,3,5
2018521808020,1,9,0,5,0,2,0,0,0,0,3,1,6,2,63,9,1798,1,5,7,1,7
2018521808021,1,4,0,18,0,2,0,0,0,0,1,1,6,1,43,7,124,1,9,2,1,2
2018521808021,2,9,0,18,0,8,0,0,0,0,4,1,6,1,20,4,1994,2,15,-1,-1,-1
2018521808028,1,1,0,9,0,3,0,0,0,0,4,1,1,1,57,9,-1,-1,-1,10,1,10
2018521808028,2,9,0,16,0,3,0,0,0,0,1,1,6,1,30,6,-1,-1,-1,-1,-1,-1
2018521808029,1,9,0,3,0,0,0,0,0,0,2,1,2,1,50,8,1951,2,15,6,1,6
2018521808029,2,9,0,18,0,0,0,0,0,0,1,1,6,3,-1,-1,1910,2,11,-1,-1,-1
2018521808029,3,9,0,18,0,0,0,0,0,0,0,1,6,1,35,6,-1,-1,-1,-1,-1,-1
2018521808047,1,1,0,18,0,1,0,0,0,0,2,1,6,2,23,5,-1,-1,-1,7,1,7
2018521808047,2,9,0,18,0,1,0,0,0,0,1,1,6,1,-1,-1,-1,-1,-1,-1,-1,-1
2018521808056,1,9,0,2,0,0,0,0,0,0,3,1,6,3,-1,-1,1995,2,3,-1,-1,-1
2018521808056,2,9,0,18,0,0,0,0,0,0,4,1,6,3,-1,-1,1197,1,-1,-1,-1,-1
2018521808062,1,9,0,18,0,4,0,0,0,0,1,1,6,1,48,8,-1,-1,-1,6,1,6
2018521808062,2,9,0,18,0,8,0,0,0,0,4,1,6,2,41,7,1496,1,-1,3,1,3
2018521808070,1,9,0,3,0,0,0,0,0,0,2,1,6,1,65,9,996,1,8,6,1,6
2018521808070,2,9,0,4,0,0,0,0,0,0,1,1,6,2,35,6,1390,1,8,10,1,10
2018521808078,1,9,0,9,0,5,0,0,0,0,3,1,6,1,21,5,1596,1,14,-1,1,-1
2018521808078,2,9,0,1,0,8,0,0,0,0,2,1,6,1,26,6,1994,1,15,6,1,6
2018521808086,1,1,0,18,0,8,0,0,0,0,4,1,6,2,21,5,-1,-1,-1,7,1,7
2018521808086,2,9,0,9,0,2,0,0,0,0,1,1,6,1,40,7,-1,-1,-1,-1,-1,-1
2018521808092,1,9,0,18,0,8,0,0,0,0,1,1,6,1,33,6,1988,1,18,3,1,3
2018521808092,2,9,0,9,0,8,0,0,0,0,4,1,6,1,39,7,1968,2,9,8,1,8
2018521808094,1,9,0,18,0,0,0,10,0,0,1,1,6,1,38,7,-1,-1,-1,5,1,5
2018521808094,2,9,0,18,0,0,0,0,0,0,1,1,6,2,39,7,1994,2,16,7,3,7
2018521808097,1,9,0,18,0,0,0,0,1,10,1,1,6,1,18,4,1388,1,15,1,1,1
2018521808097,2,9,0,18,0,0,0,0,0,0,1,1,6,1,60,9,1896,2,19,8,2,8
2018521808100,1,1,0,18,4,8,0,0,0,0,4,1,6,2,25,5,-1,-1,-1,6,1,6
2018521808100,2,9,0,9,0,8,0,0,0,0,1,1,6,3,-1,-1,-1,-1,-1,-1,-1,-1
2018521808103,1,1,0,18,0,8,0,0,0,0,4,1,6,1,27,6,-1,-1,-1,2,1,2
2018521808103,2,9,0,18,0,8,0,0,0,0,1,1,6,2,34,6,1796,1,19,2,1,2
2018521808106,1,1,0,18,4,1,0,0,0,0,1,1,2,2,22,5,-1,-1,-1,8,1,8
2018521808106,2,9,0,7,4,5,0,0,0,0,4,1,6,3,45,7,-1,-1,-1,-1,-1,-1
2018521808108,1,9,0,3,0,1,0,0,0,0,2,1,6,2,31,6,1599,1,14,4,1,4
2018521808108,2,9,0,3,0,1,0,0,0,0,2,1,6,2,35,6,1124,1,12,-1,-1,-1
2018521808108,3,9,0,18,0,1,0,0,0,0,1,1,6,1,23,5,1968,2,11,-1,-1,-1
2018521808116,1,1,0,18,0,8,0,0,0,0,1,1,6,1,27,6,-1,-1,-1,9,2,9
2018521808116,2,8,0,9,0,8,0,0,0,0,4,1,6,1,-1,-1,1956,2,6,-1,-1,-1
2018521808119,1,9,0,3,0,1,0,0,0,0,2,1,1,2,47,8,1968,2,9,1,1,1
2018521808119,2,9,0,18,0,1,0,0,0,0,1,1,1,1,25,5,-1,-1,-1,-1,-1,-1
2018521808124,1,9,0,6,0,0,0,0,0,0,3,1,6,1,24,5,1968,2,8,2,1,2
2018521808124,2,1,0,18,0,0,0,0,0,0,1,1,6,2,26,6,-1,-1,-1,3,1,3
2018521808126,1,9,0,18,0,8,0,0,0,0,1,1,6,2,41,7,1969,2,1,8,3,8
2018521808126,2,1,0,18,0,8,0,0,0,0,1,1,6,1,65,9,-1,-1,-1,9,1,9
2018521808127,1,3,0,7,0,6,0,0,0,0,2,1,6,1,49,8,115,1,2,1,1,1
2018521808127,2,9,0,18,0,8,0,0,0,0,1,1,6,1,34,6,1995,2,4,4,1,4
2018521808130,1,9,0,18,0,0,0,0,0,0,4,1,6,3,25,5,1999,2,1,-1,-1,-1
2018521808142,1,9,0,18,0,0,0,0,0,0,1,1,6,1,51,8,1685,2,1,10,1,10
2018521808142,2,5,0,13,0,0,0,0,0,0,4,1,6,1,25,5,1000,1,9,8,3,8
2018521808142,3,9,0,13,0,0,0,0,0,0,3,1,6,1,26,6,1248,2,11,9,2,9
2018521808143,1,21,0,12,0,0,0,0,0,0,3,1,6,1,49,8,7698,2,1,-1,1,-1
2018521808143,2,9,0,11,0,0,0,0,4,6,4,1,6,1,81,11,1995,1,5,9,3,9
2018521808146,1,9,0,3,0,8,0,0,0,0,2,1,6,2,31,6,1197,1,3,6,1,6
2018521808146,2,9,0,18,0,8,0,0,0,0,1,1,6,1,71,10,2179,2,9,4,1,4
2018521808147,1,9,0,3,0,2,0,0,0,0,2,1,6,1,44,7,1590,1,17,5,1,5
2018521808147,2,9,0,3,0,2,0,0,0,0,1,1,6,3,-1,-1,-1,-1,-1,-1,-1,-1
2018521808148,1,9,0,9,9,5,0,0,0,0,1,1,6,1,30,6,1796,1,10,-1,-1,-1
2018521808149,1,9,0,2,0,0,0,0,0,0,4,1,3,2,37,7,1390,1,8,6,1,6
2018521808149,2,9,0,18,0,0,0,0,0,0,1,1,6,3,-1,-1,-1,-1,-1,-1,-1,-1
2018521808174,1,9,0,8,0,1,0,0,0,0,2,1,6,1,59,9,1598,1,15,5,1,5
2018521808174,2,19,0,9,0,1,0,0,0,0,1,1,6,3,-1,-1,2402,2,8,-1,-1,-1
2018521808183,1,1,0,18,0,8,0,0,0,0,3,1,6,1,52,8,-1,-1,-1,8,1,8
2018521808183,2,9,0,7,0,6,0,0,0,0,1,1,6,3,30,6,-1,-1,-1,-1,-1,-1
2018521808186,1,1,0,18,0,3,0,0,0,0,1,1,6,1,24,5,-1,-1,-1,6,1,6
2018521808186,2,9,0,7,0,4,0,0,0,0,1,1,6,1,19,4,1461,2,5,-1,-1,-1
2018521808194,1,9,0,18,0,3,0,0,0,0,3,1,6,1,49,8,1797,8,4,3,1,3
2018521808194,2,9,0,18,0,3,0,0,0,0,1,1,6,3,-1,-1,1870,2,8,-1,-1,-1
2018521808196,1,9,0,3,0,1,0,0,0,0,2,1,6,2,62,9,1560,2,5,8,1,8
2018521808196,2,9,0,4,0,1,0,0,0,0,1,1,6,2,30,6,1560,2,13,-1,-1,-1
2018521808202,1,9,0,3,0,8,0,0,0,0,4,1,6,2,18,4,973,1,15,4,1,4
2018521808202,2,20,0,12,0,8,0,0,0,0,3,1,6,3,-1,-1,-1,-1,-1,-1,-1,-1
2018521808213,1,9,0,2,0,0,0,0,0,0,3,1,6,1,61,9,1197,1,2,10,1,10
2018521808213,2,1,0,18,0,0,0,0,0,0,4,1,4,1,14,3,-1,-1,-1,-1,-1,-1
2018521808218,1,9,0,3,0,0,0,0,0,0,2,1,6,2,32,6,2143,2,3,7,1,7
2018521808218,2,9,0,18,0,0,0,0,0,0,1,1,6,2,50,8,998,1,2,-1,-1,-1
2018521808224,1,9,0,3,0,4,0,0,0,0,2,1,6,2,54,8,-1,-1,-1,8,3,8
2018521808224,2,9,0,3,0,4,0,0,0,0,1,1,6,1,50,8,1461,2,1,-1,-1,-1
2018521808230,1,9,0,18,0,0,0,0,0,0,3,1,6,3,-1,-1,-1,-1,-1,-1,-1,-1
2018521808241,1,1,0,18,4,0,0,0,0,0,2,1,6,1,28,6,-1,-1,-1,7,1,7
2018521808241,2,8,0,18,0,0,0,0,0,0,1,1,6,1,45,7,1968,2,2,-1,-1,-1
2018521808247,1,9,0,18,0,8,0,0,0,0,1,1,6,2,86,11,898,1,-1,10,1,10
2018521808248,1,9,0,18,0,0,0,0,0,0,1,1,6,1,40,7,1896,2,13,-1,1,-1
2018521808248,2,9,0,3,0,0,0,0,0,0,2,1,6,1,30,6,-1,-1,-1,-1,-1,-1
2018521808248,3,9,0,3,0,0,0,0,0,0,2,1,6,2,25,5,1598,2,5,10,1,10
2018521808248,4,9,0,3,0,0,0,0,0,0,2,1,6,2,35,6,1560,2,6,4,1,4
2018521808248,5,9,0,3,0,0,0,0,0,0,2,1,6,1,49,8,2996,1,1,8,1,8
2018521808250,1,9,0,18,0,0,0,0,0,0,1,1,6,1,37,7,1995,2,4,1,1,1