Accident_Index,Vehicle_Reference,Vehicle_Type,Towing_and_Articulation,Vehicle_Manoeuvre,Vehicle_Location-Restricted_Lane,Junction_Location,Skidding_and_Overturning,Hit_Object_in_Carriageway,Vehicle_Leaving_Carriageway,Hit_Object_off_Carriageway,1st_Point_of_Impact,Was_Vehicle_Left_Hand_Drive?,Journey_Purpose_of_Driver,Sex_of_Driver,Age_of_Driver,Age_Band_of_Driver,Engine_Capacity_(CC),Propulsion_Code,Age_of_Vehicle,Driver_IMD_Decile,Driver_Home_Area_Type,Vehicle_IMD_Decile
2018521808274,1,4,0,18,0,2,0,0,0,0,4,1,6,1,33,6,-1,-1,-1,8,-1,8
2018521808274,2,9,0,7,0,6,0,0,0,0,1,1,6,1,40,7,-1,-1,-1,-1,-1,-1
2018521808275,1,9,0,18,0,0,0,0,0,0,1,1,6,1,29,6,1200,1,-1,6,1,6
2018521808275,2,9,0,18,0,0,0,0,0,0,2,1,6,2,47,8,1596,1,15,6,1,6
2018521808275,3,9,0,18,0,0,0,0,0,0,1,1,6,1,40,7,2360,1,13,-1,1,-1
2018521808275,4,9,0,18,0,0,0,0,0,0,2,1,6,1,51,8,1149,1,12,9,1,9
2018521808280,1,9,0,18,0,1,0,0,0,0,1,1,6,2,39,7,1388,1,15,7,1,7
2018521808280,2,9,0,9,0,5,0,0,0,0,1,1,6,1,70,10,1197,1,1,-1,-1,-1
2018521808281,1,9,0,18,0,0,0,0,0,0,1,1,6,2,19,4,1999,1,15,9,2,9
2018521808281,2,9,0,18,0,0,0,0,0,0,1,1,6,2,39,7,1997,2,2,8,1,8
2018521808282,1,1,0,15,0,0,0,0,0,0,1,1,6,1,22,5,-1,-1,-1,-1,-1,-1
2018521808282,2,9,0,8,0,0,0,0,0,0,4,1,6,1,40,7,-1,-1,-1,-1,-1,-1
2018521808284,1,1,0,9,0,8,0,0,0,0,4,1,6,2,41,7,-1,-1,-1,10,1,10
2018521808284,2,9,0,18,0,4,0,0,0,0,1,1,6,1,54,8,2143,2,1,7,1,7
2018521808285,1,9,0,18,0,8,0,0,0,0,1,1,6,2,38,7,1995,2,5,4,1,4
2018521808285,2,9,0,9,0,8,0,0,0,0,1,1,6,2,19,4,998,1,9,4,1,4
2018521808286,1,1,0,18,0,0,0,0,0,0,4,1,6,1,64,9,-1,-1,-1,9,1,9
2018521808286,2,9,0,6,0,0,0,0,0,0,3,1,6,1,50,8,-1,-1,-1,-1,-1,-1
2018521808293,1,11,0,3,0,1,0,0,1,4,1,1,3,1,55,8,6700,2,2,-1,1,-1
2018521808298,1,9,0,18,0,1,0,0,1,1,1,1,6,1,30,6,1360,1,17,1,1,1
2018521808305,1,9,0,18,0,0,0,0,0,0,1,1,6,1,78,11,-1,-1,-1,7,3,7
2018521808305,2,9,0,4,0,0,0,0,0,0,2,1,6,1,60,9,1956,2,5,-1,1,-1
2018521808305,3,9,0,4,0,0,0,0,0,0,2,1,6,2,30,6,1598,1,14,-1,1,-1
2018521808305,4,9,0,18,0,0,0,0,0,0,0,1,6,3,40,7,-1,-1,-1,-1,-1,-1
2018521808308,1,9,0,18,0,1,0,0,0,0,1,1,6,3,-1,-1,-1,-1,-1,-1,-1,-1
2018521808309,1,9,0,18,0,4,0,0,0,0,4,1,6,2,45,7,1997,2,8,5,1,5
2018521808309,2,11,0,18,0,3,0,0,0,0,3,1,1,3,-1,-1,12000,2,9,-1,-1,-1
2018521808309,3,9,0,18,0,3,0,0,0,0,2,1,6,1,18,4,-1,-1,-1,-1,-1,-1
2018521808317,1,1,0,18,0,1,0,0,0,0,1,1,6,1,29,6,-1,-1,-1,7,1,7
2018521808317,2,9,0,1,0,1,0,0,0,0,2,1,6,1,45,7,-1,-1,-1,-1,-1,-1
2018521808322,1,9,0,18,0,8,0,0,0,0,1,1,6,2,70,10,1998,1,13,4,1,4
2018521808324,1,9,0,18,0,8,0,0,0,0,1,1,6,1,19,4,1242,1,13,2,1,2
2018521808324,2,9,0,9,0,8,0,0,0,0,1,1,6,1,29,6,1798,8,2,1,1,1
2018521808326,1,9,0,18,0,2,0,0,0,0,1,1,6,1,20,4,1395,1,3,5,1,5
2018521808329,1,9,0,10,0,6,0,0,0,0,1,1,6,2,31,6,1997,1,12,10,1,10
2018521808330,1,9,0,18,0,0,0,0,0,0,1,1,6,2,60,9,-1,-1,-1,-1,-1,-1
2018521808331,1,9,0,18,0,0,0,4,0,0,1,1,6,2,63,9,1318,1,1,10,1,10
2018521808331,2,9,0,2,0,0,0,0,0,0,2,1,6,3,-1,-1,1124,1,13,-1,-1,-1
2018521808331,3,9,0,2,0,0,0,0,0,0,2,1,6,3,-1,-1,1560,2,2,-1,-1,-1
2018521808333,1,1,0,18,4,0,0,0,0,0,1,1,6,2,28,6,-1,-1,-1,9,1,9
2018521808333,2,11,0,4,0,0,0,0,0,0,0,1,6,3,44,7,9600,2,18,-1,-1,-1
2018521808340,1,1,0,18,0,0,0,0,0,0,2,1,2,2,26,6,-1,-1,-1,8,1,8
2018521808340,2,9,0,18,0,0,0,0,0,0,1,1,6,1,28,6,-1,-1,-1,4,1,4
2018521808358,1,9,0,10,0,1,0,0,0,0,2,1,6,2,31,6,1299,1,16,3,1,3
2018521808358,2,9,0,18,0,1,0,0,0,0,1,1,6,3,30,6,-1,-1,-1,-1,-1,-1
2018521808363,1,9,0,3,0,1,0,0,0,0,2,1,6,1,32,6,1339,1,14,3,1,3
2018521808363,2,9,0,18,0,1,0,0,0,0,1,1,6,2,-1,-1,1598,1,13,-1,-1,-1
2018521808371,1,9,0,3,0,0,0,0,0,0,2,1,6,2,32,6,1598,2,6,5,1,5
2018521808371,2,9,0,18,0,0,0,0,0,0,1,1,6,1,71,10,1997,1,13,10,1,10
2018521808381,1,1,0,18,0,8,0,0,0,0,4,1,6,1,24,5,-1,-1,-1,10,1,10
2018521808381,2,9,0,7,0,8,0,0,0,0,1,1,6,3,30,6,-1,-1,-1,-1,-1,-1
2018521808386,1,1,0,18,0,0,0,0,0,0,1,1,6,1,20,4,-1,-1,-1,8,1,8
2018521808386,2,2,0,5,0,0,0,0,0,0,1,1,6,1,45,7,1198,1,-1,-1,-1,-1
2018521808387,1,1,0,18,0,8,0,0,0,0,4,1,6,1,23,5,-1,-1,-1,7,1,7
2018521808387,2,9,0,18,0,4,0,0,0,0,1,1,6,1,50,8,-1,-1,-1,6,3,6
2018521808389,1,9,0,18,0,0,0,0,1,0,0,1,6,1,54,8,-1,-1,-1,5,1,5
2018521808389,2,11,0,11,0,0,0,0,0,0,0,1,1,1,55,8,6700,2,12,-1,-1,-1
2018521808399,1,9,0,18,0,2,0,0,0,0,4,1,6,1,40,7,-1,-1,-1,1,1,1
2018521808406,1,9,0,18,0,0,0,0,0,0,2,1,6,1,30,6,1149,1,5,1,1,1
2018521808406,2,9,0,18,0,0,0,0,0,0,1,1,6,3,-1,-1,-1,-1,-1,-1,-1,-1
2018521808417,1,9,0,18,0,1,0,0,0,0,3,1,6,2,18,4,1242,1,8,4,1,4
2018521808417,2,9,0,9,0,8,0,0,0,0,1,1,6,3,-1,-1,-1,-1,-1,-1,-1,-1
2018521808419,1,9,0,18,0,8,0,0,0,0,3,1,6,2,23,5,1124,1,13,1,1,1
2018521808419,2,1,0,18,0,8,0,0,0,0,1,1,6,1,14,3,-1,-1,-1,1,1,1
2018521808442,1,9,0,6,0,0,0,0,0,0,3,1,6,1,71,10,1997,2,3,7,1,7
2018521808442,2,4,0,18,0,0,0,0,0,0,1,1,6,1,40,7,649,1,2,4,1,4
2018521808447,1,9,0,5,0,6,0,0,0,0,3,1,6,2,30,6,1398,1,7,7,1,7
2018521808447,2,1,0,18,0,8,0,0,0,0,1,1,6,1,25,5,-1,-1,-1,9,1,9
2018521808450,1,9,0,18,0,0,0,0,1,11,1,1,6,1,47,8,1995,2,2,10,1,10
2018521808450,2,9,0,2,0,0,0,0,0,0,1,1,6,3,-1,-1,1686,2,11,-1,-1,-1
2018521808450,3,9,0,2,0,0,0,0,0,0,2,1,6,3,-1,-1,1984,1,3,-1,-1,-1
2018521808450,4,9,0,2,0,0,0,0,0,0,2,1,6,3,-1,-1,1461,2,1,-1,-1,-1
2018521808471,1,9,0,18,0,8,0,0,0,0,1,1,6,2,43,7,1598,1,10,2,1,2
2018521808471,2,2,0,9,0,8,0,0,0,0,1,1,6,1,64,9,49,1,6,7,1,7
2018521808472,1,9,0,9,0,6,0,0,0,0,1,1,6,2,68,10,998,1,11,9,2,9
2018521808472,2,9,0,18,0,8,0,0,0,0,1,1,6,1,30,6,1397,1,15,8,2,8
2018521808473,1,9,0,7,0,5,0,0,0,0,1,1,6,1,35,6,1388,1,15,8,1,8
2018521808475,1,9,0,18,0,0,0,0,0,0,1,1,6,1,40,7,-1,-1,-1,9,1,9
2018521808476,1,9,0,9,0,6,0,0,0,0,1,1,6,1,39,7,1968,2,4,5,1,5
2018521808476,2,3,0,18,0,8,0,0,0,0,4,1,6,1,18,4,125,1,1,10,1,10
2018521808477,1,9,0,18,0,0,0,0,0,0,1,1,6,1,25,5,-1,-1,-1,8,3,8
2018521808477,2,9,0,3,0,0,0,0,0,0,2,1,6,1,55,8,1896,2,10,7,1,7
2018521808487,1,9,0,18,0,0,0,0,0,0,1,1,6,1,36,7,-1,-1,-1,7,1,7
2018521808487,2,9,0,4,0,0,0,0,0,0,2,1,6,1,33,6,1968,2,6,9,1,9
2018521808487,3,9,0,3,0,0,0,0,0,0,2,1,6,1,60,9,1399,2,15,5,2,5
2018521808487,4,9,0,4,0,0,0,0,0,0,2,1,6,1,53,8,-1,-1,-1,7,1,7
2018521808489,1,9,0,9,0,8,0,0,0,0,1,1,6,2,22,5,1396,1,20,3,1,3
2018521808489,2,9,0,18,0,8,0,0,0,0,1,1,6,2,46,8,1686,2,14,4,1,4
2018521808491,1,9,0,18,0,8,0,0,0,0,1,1,6,2,24,5,1388,1,16,2,1,2
2018521808493,1,9,0,17,0,0,5,0,1,10,1,1,6,1,20,4,1998,1,13,6,1,6
2018521808494,1,11,0,18,0,0,0,0,0,0,4,1,1,3,40,7,-1,-1,-1,-1,-1,-1
2018521808497,1,9,0,18,0,0,0,0,0,0,4,1,6,2,30,6,-1,-1,-1,-1,-1,-1
2018521808512,1,9,0,18,0,0,0,0,0,0,1,1,6,2,38,7,1499,2,2,4,1,4
2018521808516,1,9,0,18,0,8,0,0,0,0,1,1,6,1,46,8,-1,-1,-1,3,1,3
2018521808519,1,9,0,18,0,0,0,0,0,0,1,1,6,1,78,11,1248,1,5,9,1,9
2018521808519,2,1,0,18,0,0,0,0,0,0,3,1,6,1,36,7,-1,-1,-1,7,1,7
2018521808529,1,9,0,2,6,2,0,0,0,0,4,1,6,2,23,5,1598,1,5,9,1,9
2018521808529,2,9,0,1,6,1,0,0,0,0,2,1,6,1,30,6,1598,1,4,-1,-1,-1
2018521808532,1,1,0,18,0,8,0,0,0,0,4,1,6,1,40,7,-1,-1,-1,8,1,8
2018521808532,2,9,0,18,0,8,0,0,0,0,4,1,6,3,-1,-1,-1,-1,-1,-1,-1,-1
2018521808539,1,9,0,9,0,3,0,0,0,0,4,1,6,2,18,4,998,1,13,6,1,6
2018521808539,2,9,0,12,0,3,0,0,0,0,3,1,6,1,30,6,-1,-1,-1,-1,-1,-1
2018521808559,1,9,0,18,0,8,0,0,0,0,3,1,6,2,-1,-1,998,1,5,5,1,5
2018521808559,2,1,0,18,0,8,0,0,0,0,1,1,6,1,30,6,-1,-1,-1,-1,-1,-1
2018521808561,1,11,0,18,0,0,0,0,0,0,1,1,6,3,-1,-1,-1,-1,-1,-1,-1,-1
2018521808588,1,9,0,18,0,0,0,0,0,0,1,1,6,2,35,6,998,1,12,8,1,8
2018521808589,1,9,0,16,0,8,0,0,0,0,1,1,6,1,39,7,1993,1,18,10,1,10
2018521808600,1,9,0,7,0,6,0,0,0,0,1,1,6,2,62,9,1229,1,12,5,1,5
2018521808600,2,1,0,17,0,8,0,0,0,0,2,1,6,1,30,6,-1,-1,-1,10,1,10
2018521808603,1,9,0,18,0,3,0,0,0,0,3,1,6,1,21,5,1398,1,1,9,1,9
2018521808603,2,9,0,18,0,3,0,0,0,0,4,1,6,1,60,9,1398,1,1,9,1,9
2018521808606,1,9,0,18,0,2,0,0,0,0,1,1,6,3,-1,-1,2000,1,11,-1,-1,-1
2018521808608,1,1,0,18,0,8,0,0,0,0,4,1,6,1,28,6,-1,-1,-1,3,1,3
2018521808608,2,9,0,18,0,4,0,0,0,0,1,1,6,1,-1,-1,-1,-1,-1,-1,-1,-1
2018521808611,1,9,0,6,8,8,0,0,0,0,3,1,6,2,28,6,1995,1,10,5,1,5
2018521808611,2,3,0,18,0,8,0,0,0,0,1,1,6,1,21,5,109,1,3,3,1,3
2018521808612,1,9,0,18,0,8,0,0,0,0,1,1,6,1,53,8,1596,1,13,7,2,7
2018521808612,2,9,0,9,0,8,0,0,0,0,1,1,6,1,36,7,2359,1,10,8,3,8
2018521808614,1,9,0,16,0,8,0,0,0,0,1,1,6,2,21,5,1200,1,2,9,2,9
2018521808622,1,9,0,18,0,0,0,0,0,0,1,1,6,2,31,6,-1,-1,-1,1,1,1
2018521808622,2,9,0,3,0,0,0,0,0,0,2,1,6,1,42,7,1995,2,1,8,1,8
2018521808664,1,9,0,18,0,8,0,0,0,0,1,1,6,1,20,4,998,1,-1,10,1,10
2018521808664,2,9,0,18,0,8,0,0,0,0,1,1,6,1,67,10,1329,1,1,5,3,5
2018521808667,1,9,0,18,0,0,0,0,0,0,1,1,6,2,39,7,1870,2,15,7,1,7
2018521808667,2,9,0,18,0,0,0,0,0,0,1,1,6,1,49,8,1995,2,3,5,1,5
2018521808667,3,9,0,18,0,0,0,0,0,0,1,1,6,1,50,8,1200,1,1,9,3,9
2018521808667,4,9,0,18,0,0,0,0,0,0,1,1,6,1,37,7,1956,2,8,4,1,4
2018521808669,1,9,0,9,0,5,0,0,0,0,2,1,6,2,28,6,1496,1,1,9,1,9
2018521808669,2,1,0,18,0,8,0,0,0,0,1,1,6,1,48,8,-1,-1,-1,10,1,10
2018521808672,1,9,0,18,0,8,0,0,0,0,1,1,6,2,32,6,1364,1,11,4,1,4
2018521808672,2,9,0,9,0,8,0,0,0,0,1,1,6,1,51,8,1998,1,2,8,1,8
2018521808675,1,1,0,18,9,1,0,0,0,0,4,1,6,1,56,9,-1,-1,-1,7,3,7
2018521808675,2,9,0,5,0,1,0,0,0,0,1,1,6,1,50,8,-1,-1,-1,2,1,2
2018521900004,1,9,0,18,0,0,0,0,0,0,1,1,6,2,33,6,1200,1,4,8,1,8
2018521900004,2,9,0,3,0,0,0,0,0,0,2,1,6,1,62,9,1396,1,13,10,1,10
2018521900004,3,9,0,18,0,0,0,0,0,0,2,1,6,2,51,8,1368,1,7,10,1,10
2018521900006,1,4,0,18,0,8,0,0,0,0,1,1,6,2,58,9,803,1,3,6,1,6
2018521900006,2,9,0,18,0,8,0,0,0,0,1,1,6,1,74,10,1329,1,2,8,-1,8
2018521900008,1,1,0,18,0,0,0,0,0,0,2,1,6,1,32,6,-1,-1,-1,2,1,2
2018521900008,2,9,0,18,0,0,0,0,0,0,1,1,6,2,30,6,2204,2,12,-1,-1,-1
2018521900010,1,9,0,4,0,0,0,0,0,0,2,1,6,2,37,7,1582,2,9,3,3,3
2018521900010,2,9,0,3,0,0,0,0,0,0,2,1,6,2,49,8,1329,1,9,9,1,9
2018521900010,3,9,0,18,0,0,0,0,0,0,1,1,6,2,37,7,1995,2,11,9,1,9
2018521900014,1,9,0,18,0,8,0,0,0,0,1,1,6,2,49,8,1229,1,3,4,1,4
2018521900014,2,2,0,18,0,8,0,0,0,0,1,1,6,1,21,5,49,1,9,3,1,3
2018521900017,1,9,0,18,0,0,0,0,0,0,1,1,6,1,21,5,1998,2,10,3,1,3
2018521900017,2,9,0,1,0,0,0,0,0,0,2,1,6,3,30,6,-1,-1,-1,-1,-1,-1
2018521900022,1,2,0,18,2,0,0,0,0,0,1,1,6,1,18,4,-1,-1,-1,8,3,8
2018521900022,2,2,0,18,2,0,0,0,0,0,2,1,6,1,50,8,599,1,17,-1,-1,-1
2018521900022,3,9,0,6,0,0,0,0,0,0,0,1,6,1,50,8,1598,1,6,-1,-1,-1
2018521900037,1,4,0,18,0,8,0,0,0,0,1,1,6,1,32,6,125,1,-1,6,1,6
2018521900037,2,9,0,5,0,8,0,0,0,0,1,1,6,1,30,6,1461,2,12,6,1,6
2018521900061,1,9,0,15,0,0,0,0,0,0,3,1,6,1,51,8,4163,1,4,8,1,8
2018521900061,2,19,0,18,0,0,0,0,0,0,1,1,6,1,31,6,1995,2,-1,10,1,10
2018521900061,3,9,0,11,0,0,0,0,5,0,4,1,6,1,48,8,2993,2,4,7,1,7
2018521900062,1,1,0,18,0,8,0,0,0,0,1,1,6,1,23,5,-1,-1,-1,5,1,5
2018521900062,2,9,0,6,0,8,0,0,0,0,1,1,6,1,44,7,998,1,18,1,1,1
2018521900062,3,1,0,18,0,8,0,0,0,0,0,1,6,1,22,5,-1,-1,-1,3,1,3
2018521900074,1,9,0,18,0,8,0,0,0,0,4,1,1,1,41,7,1910,2,11,1,1,1
2018521900074,2,9,0,5,0,6,0,0,0,0,0,1,6,2,40,7,-1,-1,-1,-1,-1,-1
2018521900103,1,9,0,18,0,8,0,0,1,10,1,1,6,1,47,8,1560,2,12,2,1,2
2018521900103,2,9,0,18,0,8,0,0,0,0,1,1,6,3,30,6,-1,-1,-1,-1,-1,-1
2018521900116,1,9,0,18,0,8,0,0,0,0,4,1,6,1,52,8,1799,1,7,6,3,6
2018521900116,2,9,0,18,0,8,0,0,0,0,1,1,6,1,35,6,1560,2,7,-1,-1,-1
2018521900123,1,9,0,18,0,0,0,4,0,0,1,1,6,2,23,5,998,1,8,6,1,6
2018521900123,2,9,0,2,0,0,0,0,0,0,2,1,6,3,-1,-1,1598,1,6,-1,-1,-1
2018521900123,3,9,0,2,0,0,0,0,0,0,2,1,6,3,-1,-1,1242,1,9,-1,-1,-1
2018521900141,1,9,0,18,0,0,0,0,1,10,1,1,6,1,30,6,-1,-1,-1,5,1,5
2018521900141,2,9,0,18,0,0,0,0,0,0,2,1,6,1,70,10,1364,1,-1,8,1,8
2018521900141,3,9,0,18,0,0,0,0,0,0,1,1,6,2,67,10,996,1,5,8,1,8
2018521900141,4,9,0,18,0,0,0,0,0,0,2,1,6,1,64,9,-1,-1,-1,10,1,10
2018521900143,1,9,0,18,0,8,0,0,0,0,1,1,6,3,35,6,-1,-1,-1,-1,-1,-1
2018521900164,1,9,0,12,0,0,0,0,0,0,0,1,6,3,30,6,-1,-1,-1,-1,-1,-1
2018521900164,2,3,0,18,0,0,0,0,0,0,0,1,6,2,64,9,125,1,12,7,1,7
2018521900168,1,9,0,18,0,8,0,0,0,0,1,1,6,1,59,9,3498,1,11,6,1,6
2018521900206,1,9,0,2,0,0,0,0,0,0,4,1,6,1,62,9,1896,2,14,10,1,10
2018521900254,1,9,0,18,0,1,1,0,0,0,1,1,6,1,17,4,998,1,18,9,1,9
2018521900254,2,9,0,3,0,1,0,0,0,0,2,1,6,1,36,7,-1,-1,-1,7,1,7
2018521900254,3,9,0,18,0,1,0,0,0,0,1,1,6,1,50,8,1395,1,-1,2,1,2
2018521900255,1,9,0,7,0,8,0,0,0,0,1,1,6,2,30,6,1397,1,7,1,1,1
2018521900255,2,1,0,3,0,1,0,0,0,0,1,1,6,2,51,8,-1,-1,-1,3,1,3
2018521900256,1,9,0,18,0,8,0,0,1,10,1,1,6,1,29,6,2993,2,12,-1,-1,-1
2018521900256,2,9,0,18,0,8,0,0,0,0,0,1,6,2,30,6,1399,1,-1,-1,-1,-1
2018521900262,1,9,0,18,2,8,0,0,1,1,1,1,6,1,23,5,1560,2,2,1,1,1
2018521900262,2,9,0,7,0,5,0,0,0,0,1,1,6,2,27,6,999,1,10,8,1,8
2018521900279,1,9,0,18,0,0,0,0,0,0,1,1,6,1,44,7,1560,2,14,5,1,5
2018521900279,2,9,0,3,0,0,0,0,0,0,2,1,6,1,55,8,-1,-1,-1,4,1,4
2018521900279,3,9,0,3,0,0,0,0,0,0,2,1,6,1,53,8,2494,1,13,9,1,9
2018521900282,1,9,0,18,0,0,0,0,7,10,1,1,6,1,33,6,-1,-1,-1,4,1,4
2018521900287,1,9,0,16,0,1,0,0,0,0,1,1,6,3,30,6,1999,1,12,-1,-1,-1
2018521900328,1,9,0,18,0,0,0,0,0,0,1,1,6,1,23,5,1242,1,8,9,1,9
2018521900328,2,9,0,18,0,0,0,0,0,0,1,1,6,1,58,9,1991,8,-1,4,1,4
2018521900386,1,9,0,3,0,0,0,0,0,0,2,1,6,2,32,6,1200,1,3,-1,1,-1
2018521900386,2,9,0,3,0,0,0,0,0,0,2,1,6,1,19,4,1992,2,12,10,1,10
2018521900386,3,9,0,18,0,0,0,0,0,0,1,1,6,1,38,7,-1,-1,-1,5,3,5
2018521900388,1,9,0,18,0,0,0,0,0,0,1,1,6,2,40,7,1396,1,7,4,1,4
2018521900388,2,9,0,18,0,0,0,0,0,0,1,1,6,2,70,10,1390,1,5,4,1,4
2018521900391,1,9,0,18,0,4,0,0,0,0,1,1,6,1,28,6,1998,2,13,3,1,3
2018521900393,1,9,0,18,0,8,0,0,0,0,1,1,6,1,72,10,1388,1,15,5,1,5
2018521900393,2,9,0,18,0,8,0,4,0,0,4,1,6,1,45,7,1597,2,5,1,1,1
2018521900393,3,19,0,2,0,8,0,0,0,0,3,1,6,1,56,9,3920,2,4,8,1,8
2018521900411,1,9,0,7,0,8,0,0,0,0,1,1,6,2,33,6,1395,1,-1,2,1,2
2018521900411,2,1,0,18,0,8,0,0,0,0,2,1,6,2,21,5,-1,-1,-1,2,1,2
2018521900447,1,9,0,18,0,8,0,0,0,0,1,1,6,1,34,6,1998,2,13,1,1,1
2018521900447,2,9,0,3,0,8,0,0,0,0,2,1,6,2,29,6,1995,2,4,1,1,1
2018521900511,1,9,0,9,0,8,0,0,0,0,1,1,6,1,35,6,1968,2,4,5,1,5
2018521900511,2,9,0,18,0,8,0,0,0,0,1,1,6,1,29,6,-1,-1,-1,5,1,5
2018521900537,1,9,0,4,0,0,0,0,0,0,2,1,6,2,45,7,1461,2,1,2,-1,2
2018521900537,2,9,0,18,0,0,0,0,0,0,1,1,6,1,35,6,1560,2,9,-1,-1,-1
2018521900548,1,20,0,10,0,1,0,0,0,0,1,1,6,1,35,6,-1,-1,-1,10,1,10
2018521900548,2,3,0,15,0,1,0,0,0,0,1,1,6,1,37,7,-1,-1,-1,3,1,3
2018521900550,1,9,0,4,0,0,0,0,0,0,0,1,6,1,70,10,-1,-1,-1,-1,2,-1
2018521900550,2,9,0,12,0,0,0,0,0,0,3,1,6,1,61,9,2268,2,2,-1,2,-1
2018521900550,3,9,0,18,0,0,0,0,4,6,4,1,6,1,21,5,-1,-1,-1,7,3,7
2018521900553,1,9,0,9,0,5,0,0,1,4,3,1,6,2,49,8,1390,1,17,9,1,9
2018521900553,2,19,0,13,0,8,0,0,7,0,1,1,6,1,25,5,-1,-1,-1,10,-1,10
2018521900560,1,9,0,9,0,5,0,0,0,0,4,1,6,1,40,7,2191,2,1,6,1,6
2018521900560,2,1,0,18,0,1,0,0,0,0,1,1,6,1,29,6,-1,-1,-1,3,1,3
2018521900563,1,9,0,18,0,8,0,0,0,0,1,1,6,1,44,7,1598,1,6,8,1,8
2018521900563,2,9,0,18,0,6,0,0,0,0,3,1,6,1,71,10,1360,1,12,8,1,8
2018521900564,1,9,0,18,0,0,0,0,0,0,4,1,6,2,70,10,1339,8,9,8,1,8
2018521900565,1,9,0,7,0,3,0,9,0,10,1,1,6,1,75,10,-1,-1,-1,10,1,10
2018521900567,1,9,0,18,0,1,0,0,0,0,1,1,6,1,32,6,1598,2,3,1,1,1
2018521900567,2,9,0,18,0,8,0,0,0,0,4,1,6,1,49,8,1997,1,19,-1,-1,-1
2018521900576,1,9,0,18,0,8,0,0,0,0,1,1,6,1,41,7,1598,2,3,2,1,2
2018521900576,2,9,0,18,0,8,0,0,1,10,3,1,6,1,40,7,-1,-1,-1,1,1,1
2018521900576,3,9,0,18,0,8,0,0,0,0,1,1,6,3,30,6,-1,-1,-1,-1,-1,-1
2018521900579,1,5,0,16,0,8,1,0,0,0,1,1,6,1,21,5,649,1,8,3,1,3
2018521900579,2,9,0,17,0,1,0,0,0,0,1,1,6,2,29,6,2179,2,10,4,1,4
2018521900589,1,9,0,18,0,8,0,0,0,0,1,1,6,1,54,8,1686,2,9,8,1,8
2018521900589,2,9,0,9,0,8,0,0,0,0,1,1,6,1,23,5,1398,1,-1,3,1,3
2018521900593,1,9,0,18,0,8,0,0,1,2,1,1,6,1,22,5,-1,-1,-1,1,1,1
2018521900600,1,9,0,18,0,1,0,0,0,0,1,1,6,1,88,11,-1,-1,-1,9,2,9
2018521900600,2,9,0,7,0,6,0,0,0,0,1,1,6,2,29,6,1242,1,13,10,1,10
2018521900607,1,9,0,18,0,0,0,0,0,0,1,1,6,2,20,4,1598,1,8,1,1,1
2018521900607,2,9,0,2,6,0,0,0,1,10,1,1,6,1,45,7,1349,1,8,2,1,2
2018521900621,1,21,0,9,0,6,0,0,0,0,4,1,6,1,35,6,12809,2,5,-1,1,-1
2018521900621,2,9,0,18,0,8,0,0,0,0,1,1,6,2,20,4,1799,1,11,-1,1,-1
2018521900623,1,9,0,9,0,5,0,0,0,0,0,1,6,2,56,9,1998,1,1,8,1,8
2018521900623,2,5,0,18,0,1,0,0,0,0,1,1,6,2,32,6,656,1,9,7,1,7
2018521900626,1,9,0,1,0,0,0,0,0,0,1,1,6,2,43,7,-1,-1,-1,6,1,6
2018521900626,2,1,0,18,0,0,0,0,0,0,1,1,6,2,22,5,-1,-1,-1,1,1,1
2018521900629,1,9,0,18,0,0,0,0,0,0,4,1,6,2,23,5,1598,1,11,3,1,3
2018521900630,1,9,0,5,0,8,0,0,0,0,3,1,6,2,40,7,-1,-1,-1,3,1,3
2018521900630,2,19,0,18,0,8,0,0,0,0,1,1,6,1,47,8,2198,2,9,3,1,3
2018521900632,1,9,0,18,0,2,0,0,0,0,2,1,6,2,20,4,1598,1,-1,6,1,6
2018521900632,2,1,0,5,0,1,0,0,0,0,2,1,6,1,65,9,-1,-1,-1,7,1,7
2018521900649,1,9,0,6,0,8,0,0,0,0,3,1,6,1,24,5,1796,1,6,-1,3,-1
2018521900649,2,9,0,18,0,8,0,0,0,0,1,1,6,1,30,6,2191,2,5,-1,-1,-1
2018521900657,1,90,0,18,0,8,0,0,0,0,1,1,1,1,30,6,2987,2,1,-1,-1,-1
2018521900657,2,9,0,18,0,8,0,0,0,0,3,1,6,2,44,7,1798,1,12,9,1,9
2018521900665,1,9,0,18,0,0,0,0,0,0,4,1,6,2,56,9,1997,2,10,8,1,8
2018521900665,2,9,0,18,0,0,0,0,0,0,1,1,6,2,40,7,1991,2,10,8,2,8
2018521900670,1,9,0,18,6,8,0,0,0,0,1,1,6,2,39,7,1560,2,8,-1,-1,-1
2018521900674,1,9,0,18,0,1,0,0,0,0,1,1,6,2,35,6,1339,1,15,5,1,5
2018521900674,2,19,0,18,0,8,0,0,0,0,3,1,6,3,30,6,1995,2,-1,9,3,9
2018521900677,1,9,0,18,0,2,0,0,0,0,1,1,6,1,55,8,1997,1,7,5,1,5
2018521900677,2,9,0,5,0,6,0,0,0,0,4,1,6,2,83,11,1686,2,7,10,1,10
2018521900679,1,9,0,18,2,0,0,0,0,0,4,1,6,1,34,6,1896,2,15,-1,1,-1
2018521900679,2,3,0,18,2,0,0,0,0,0,3,1,6,1,17,4,125,1,1,-1,-1,-1
2018521900680,1,9,0,4,0,8,0,0,0,0,2,1,6,1,48,8,1598,1,10,9,1,9