Accident_Index,Vehicle_Reference,Vehicle_Type,Towing_and_Articulation,Vehicle_Manoeuvre,Vehicle_Location-Restricted_Lane,Junction_Location,Skidding_and_Overturning,Hit_Object_in_Carriageway,Vehicle_Leaving_Carriageway,Hit_Object_off_Carriageway,1st_Point_of_Impact,Was_Vehicle_Left_Hand_Drive?,Journey_Purpose_of_Driver,Sex_of_Driver,Age_of_Driver,Age_Band_of_Driver,Engine_Capacity_(CC),Propulsion_Code,Age_of_Vehicle,Driver_IMD_Decile,Driver_Home_Area_Type,Vehicle_IMD_Decile
2018521900680,2,1,0,18,0,8,0,0,0,0,1,1,6,1,36,7,-1,-1,-1,10,1,10
2018521900718,1,9,0,18,0,8,0,0,0,0,1,1,6,1,30,6,1986,2,12,7,1,7
2018521900718,2,9,0,9,0,8,0,0,0,0,1,1,6,2,23,5,1686,2,14,2,1,2
2018521900723,1,9,0,13,0,0,0,0,0,0,4,1,6,3,30,6,-1,-1,-1,-1,-1,-1
2018521900723,2,1,0,18,0,0,0,0,0,0,3,1,6,2,31,6,-1,-1,-1,6,1,6
2018521900725,1,9,0,18,0,8,0,0,0,0,1,1,6,1,35,6,2143,2,5,7,1,7
2018521900725,2,9,0,18,0,8,0,0,0,0,1,1,6,1,20,4,1896,2,10,1,1,1
2018521900732,1,9,0,18,0,0,0,0,0,0,1,1,6,1,59,9,2204,2,13,9,3,9
2018521900732,2,9,0,18,0,0,0,0,0,0,2,1,6,1,37,7,-1,-1,-1,10,1,10
2018521900732,3,9,0,18,0,0,1,0,0,0,2,1,1,2,38,7,1685,2,-1,10,1,10
2018521900732,4,9,0,18,0,0,0,0,0,0,2,1,6,2,79,11,898,1,-1,4,3,4
2018521900732,5,9,0,18,0,0,0,0,0,0,2,1,6,1,34,6,1596,1,11,2,1,2
2018521900733,1,9,0,9,0,8,0,0,0,0,1,1,6,2,22,5,-1,-1,-1,-1,-1,-1
2018521900733,2,1,0,9,0,8,0,0,0,0,1,1,6,1,61,9,-1,-1,-1,6,3,6
2018521900736,1,9,0,18,0,8,0,0,1,1,3,1,6,1,68,10,1998,1,14,-1,-1,-1
2018521900736,2,9,0,18,0,8,0,0,0,0,1,1,6,2,20,4,-1,-1,-1,10,1,10
2018521900742,1,9,0,9,0,8,0,0,0,0,1,1,6,1,30,6,-1,-1,-1,1,1,1
2018521900742,2,9,0,9,0,8,0,0,0,0,1,1,6,1,31,6,2993,2,1,-1,3,-1
2018521900751,1,9,0,18,0,0,0,0,0,0,4,1,6,2,24,5,1399,1,1,5,1,5
2018521900751,2,9,0,2,0,0,0,0,0,0,3,1,6,1,32,6,1910,2,8,5,1,5
2018521900766,1,9,0,18,0,2,0,0,1,4,1,1,6,2,53,8,1753,2,11,3,1,3
2018521900766,2,9,0,2,9,2,0,0,0,0,3,1,6,1,57,9,1332,1,9,2,1,2
2018521900768,1,9,0,18,0,1,0,0,0,0,1,1,6,1,70,10,1798,8,2,10,1,10
2018521900768,2,3,0,3,0,1,0,0,0,0,2,1,6,1,54,8,124,1,7,2,1,2
2018521900768,3,9,0,3,0,1,0,0,0,0,2,1,6,2,21,5,-1,-1,-1,9,1,9
2018521900769,1,9,0,18,0,8,0,0,0,0,4,1,6,2,44,7,1896,2,10,2,1,2
2018521900769,2,9,0,7,0,6,0,0,0,0,1,1,6,3,-1,-1,998,1,17,-1,-1,-1
2018521900775,1,9,0,18,0,1,0,0,0,0,1,1,6,1,33,6,1598,2,5,1,1,1
2018521900775,2,2,0,18,0,1,0,0,0,0,1,1,6,1,16,4,109,1,3,1,1,1
2018521900784,1,9,0,18,0,2,0,0,0,0,1,1,6,1,81,11,1364,1,4,10,1,10
2018521900784,2,9,0,18,0,1,0,0,0,0,1,1,6,2,34,6,1598,1,11,4,1,4
2018521900786,1,9,0,2,9,0,0,4,0,0,3,1,6,1,19,4,1598,2,7,7,1,7
2018521900786,2,9,0,2,9,0,0,0,0,0,4,1,6,3,-1,-1,998,1,3,-1,-1,-1
2018521900786,3,9,0,18,0,0,0,0,0,0,4,1,6,1,77,11,1598,1,12,7,1,7
2018521900788,1,11,0,18,0,3,0,0,0,0,1,1,1,1,31,6,4461,2,4,8,1,8
2018521900793,1,1,0,18,0,8,0,0,0,0,1,1,6,1,76,11,-1,-1,-1,9,1,9
2018521900793,2,1,0,18,0,8,0,0,0,0,1,1,6,1,24,5,-1,-1,-1,3,1,3
2018521900800,1,9,0,3,0,1,0,0,0,0,2,1,6,2,57,9,1598,2,2,5,2,5
2018521900800,2,9,0,4,0,1,0,0,0,0,2,1,6,1,42,7,-1,-1,-1,8,1,8
2018521900800,3,9,0,18,0,1,0,0,0,0,1,1,6,1,37,7,-1,-1,-1,7,1,7
2018521900800,4,9,0,18,0,1,0,0,0,0,1,1,6,2,26,6,1229,1,2,8,3,8
2018521900833,1,9,0,18,0,0,0,0,0,0,1,1,6,1,53,8,1598,1,9,9,2,9
2018521900833,2,9,0,18,0,0,0,0,0,0,1,1,6,1,75,10,1995,1,15,9,2,9
2018521900852,1,9,0,18,0,0,0,0,1,0,4,1,6,1,87,11,1229,1,13,4,1,4
2018521900852,2,9,0,2,9,0,0,0,0,0,3,1,6,3,-1,-1,2231,2,11,-1,-1,-1
2018521900873,1,9,0,9,0,1,0,0,0,0,1,1,6,1,31,6,1199,1,17,5,1,5
2018521900873,2,1,0,18,0,8,0,0,0,0,1,1,6,2,30,6,-1,-1,-1,2,1,2
2018521900909,1,19,0,18,0,0,0,0,0,0,1,1,6,1,54,8,2198,2,6,5,1,5
2018521900909,2,9,0,18,0,0,0,0,0,0,1,1,6,1,35,6,1364,1,14,-1,-1,-1
2018521900913,1,9,0,18,0,0,0,0,4,6,1,1,6,2,18,4,1242,1,6,10,1,10
2018521900915,1,9,0,18,0,8,0,0,0,0,1,1,6,1,25,5,1388,1,10,1,1,1
2018521900915,2,9,0,4,0,8,0,0,0,0,2,1,6,2,30,6,999,1,1,3,1,3
2018521900915,3,9,0,4,0,8,0,0,0,0,2,1,6,2,35,6,1700,2,15,-1,-1,-1
2018521900915,4,9,0,3,0,8,0,0,0,0,2,1,6,2,45,7,1560,2,6,7,3,7
2018521900926,1,9,0,18,0,8,0,0,0,0,1,1,6,1,35,6,-1,-1,-1,8,1,8
2018521900926,2,9,0,9,0,8,0,0,1,0,3,1,6,1,-1,-1,-1,-1,-1,10,1,10
2018521900929,1,9,0,18,0,2,5,0,0,0,1,1,6,1,47,8,-1,-1,-1,9,1,9
2018521900929,2,9,0,2,0,2,0,0,0,0,2,1,6,3,-1,-1,-1,-1,-1,-1,-1,-1
2018521900929,3,9,0,2,0,1,0,0,0,0,3,1,6,3,-1,-1,1368,1,10,-1,-1,-1
2018521900929,4,9,0,2,0,2,0,0,0,0,2,1,6,3,-1,-1,1086,1,12,-1,-1,-1
2018521900934,1,9,0,18,0,1,0,0,0,0,4,1,6,1,63,9,-1,-1,-1,1,1,1
2018521900934,2,1,0,18,9,1,0,0,1,10,1,1,6,1,16,4,-1,-1,-1,1,1,1
2018521900938,1,9,0,18,0,0,0,0,0,0,1,1,6,1,34,6,1560,2,9,9,1,9
2018521900938,2,5,0,18,0,0,0,0,0,0,1,1,6,1,58,9,1255,1,2,6,1,6
2018521900941,1,9,0,18,0,8,0,0,0,0,1,1,6,2,37,7,998,1,1,1,1,1
2018521900941,2,9,0,5,0,6,0,0,0,0,3,1,6,1,37,7,1600,1,14,1,1,1
2018521900942,1,9,0,18,0,8,0,0,0,0,1,1,6,1,19,4,1149,1,7,10,1,10
2018521900942,2,9,0,3,0,8,0,0,0,0,2,1,6,1,42,7,898,1,2,6,1,6
2018521900942,3,9,0,4,0,8,0,0,0,0,2,1,6,2,28,6,1390,1,4,2,1,2
2018521900951,1,9,0,5,0,8,0,0,0,0,1,1,6,2,26,6,1598,1,16,7,1,7
2018521900951,2,9,0,18,0,8,0,0,0,0,1,1,6,1,60,9,-1,-1,-1,7,1,7
2018521900951,3,9,0,2,9,2,0,0,0,0,4,1,6,3,-1,-1,1598,1,11,-1,-1,-1
2018521900951,4,9,0,2,9,2,0,0,0,0,2,1,6,3,-1,-1,1242,1,7,-1,-1,-1
2018521900952,1,9,0,18,0,0,0,0,0,0,4,1,6,2,27,6,1498,1,9,-1,-1,-1
2018521900957,1,9,0,17,0,0,0,0,0,0,1,1,6,1,36,7,1560,2,11,5,1,5
2018521900957,2,9,0,2,0,0,0,0,0,0,3,1,6,3,-1,-1,1997,2,19,-1,-1,-1
2018521900963,1,9,0,18,0,0,2,0,2,10,1,1,6,1,26,6,1360,1,15,3,1,3
2018521900964,1,9,0,9,0,8,0,0,0,0,1,1,6,1,23,5,1399,2,11,6,1,6
2018521900964,2,9,0,18,0,8,0,0,0,0,1,1,6,1,34,6,2494,1,16,3,1,3
2018521900966,1,9,0,18,0,1,0,0,0,0,1,1,6,1,26,6,-1,-1,-1,1,-1,1
2018521900966,2,1,0,7,0,6,0,0,0,0,2,1,6,2,33,6,-1,-1,-1,-1,-1,-1
2018521900971,1,2,0,18,0,8,0,0,0,0,1,1,6,1,25,5,49,1,9,2,1,2
2018521900971,2,9,0,9,0,6,0,0,0,0,3,1,6,1,34,6,-1,-1,-1,5,3,5
2018521900974,1,9,0,18,0,8,0,0,0,0,1,1,6,2,28,6,1598,2,2,4,1,4
2018521900974,2,9,0,18,0,2,0,0,0,0,4,1,6,1,25,5,1984,1,9,3,1,3
2018521900981,1,9,0,9,0,5,0,0,0,0,1,1,6,1,89,11,998,1,4,10,1,10
2018521900981,2,1,0,18,0,8,0,0,0,0,1,1,6,1,54,8,-1,-1,-1,6,1,6
2018521900983,1,9,0,11,0,0,0,0,0,0,1,1,6,1,21,5,1596,1,13,6,3,6
2018521900983,2,9,0,18,0,0,0,0,0,0,2,1,6,1,41,7,-1,-1,-1,8,1,8
2018521900993,1,9,0,9,0,8,0,0,0,0,1,1,6,1,42,7,3165,1,21,4,2,4
2018521900993,2,9,0,18,0,8,0,0,0,0,3,1,6,2,49,8,1995,1,16,4,3,4
2018521901003,1,9,0,18,0,2,0,0,0,0,2,1,6,1,25,5,-1,-1,-1,4,1,4
2018521901003,2,1,0,18,0,1,0,0,0,0,1,1,6,2,23,5,-1,-1,-1,7,1,7
2018521901005,1,9,0,7,0,3,0,0,0,0,1,1,6,2,55,8,998,1,2,8,1,8
2018521901005,2,1,0,18,0,3,0,0,0,0,2,1,6,2,58,9,-1,-1,-1,5,1,5
2018521901010,1,9,0,18,0,8,0,0,0,0,1,1,6,2,19,4,1497,8,4,7,3,7
2018521901010,2,9,0,7,0,6,0,0,0,0,2,1,6,1,56,9,1781,1,17,8,1,8
2018521901014,1,9,0,18,0,8,0,0,0,0,1,1,6,3,30,6,-1,-1,-1,-1,-1,-1
2018521901014,2,1,0,9,0,8,0,0,0,0,2,1,6,2,20,4,-1,-1,-1,8,3,8
2018521901015,1,19,0,9,0,8,0,0,0,0,3,1,6,1,20,4,1598,2,3,4,1,4
2018521901015,2,9,0,18,0,8,0,0,0,0,1,1,6,1,36,7,1968,2,8,1,1,1
2018521901019,1,5,0,18,0,8,0,0,0,0,1,1,6,1,27,6,998,1,1,7,3,7
2018521901019,2,9,0,18,0,8,0,0,1,10,1,1,6,2,19,4,996,1,5,-1,1,-1
2018521901024,1,9,0,7,0,8,0,0,0,0,1,1,6,3,-1,-1,-1,-1,-1,-1,-1,-1
2018521901027,1,9,0,4,0,1,0,0,0,0,2,1,6,2,50,8,1197,1,6,7,1,7
2018521901027,2,9,0,4,0,1,0,0,0,0,2,1,6,1,42,7,2148,2,9,1,1,1
2018521901027,3,9,0,4,0,1,0,0,0,0,1,1,6,1,33,6,1596,1,15,4,1,4
2018521901039,1,9,0,18,0,1,0,0,0,0,1,1,6,1,68,10,-1,-1,-1,-1,-1,-1
2018521901039,2,9,0,18,0,1,0,0,0,0,1,1,6,1,69,10,1329,1,5,4,1,4
2018521901039,3,9,0,2,0,2,0,0,0,0,3,1,6,2,30,6,1197,1,2,-1,-1,-1
2018521901039,4,9,0,2,0,2,0,0,0,0,3,1,6,2,30,6,1398,1,1,-1,-1,-1
2018521901053,1,9,0,18,0,0,1,7,0,10,1,1,6,1,79,11,1796,1,11,4,1,4
2018521901056,1,19,0,5,0,0,0,0,0,0,1,1,6,1,25,5,1560,2,1,-1,-1,-1
2018521901064,1,9,0,9,0,5,0,0,0,0,3,1,6,1,34,6,-1,-1,-1,3,1,3
2018521901064,2,1,0,18,0,1,0,0,0,0,1,1,6,1,30,6,-1,-1,-1,10,1,10
2018521901065,1,9,0,18,0,1,0,0,0,0,1,1,6,2,54,8,1560,2,8,7,3,7
2018521901068,1,9,0,2,0,0,0,0,0,0,4,1,6,1,35,6,2204,2,14,2,1,2
2018521901068,2,1,0,18,0,0,0,0,0,0,1,1,6,1,64,9,-1,-1,-1,-1,-1,-1
2018521901070,1,9,0,1,0,6,0,0,0,10,2,1,6,1,53,8,999,1,3,6,1,6
2018521901072,1,19,0,1,9,0,0,0,0,0,2,1,1,1,35,6,2198,2,3,9,1,9
2018521901079,1,9,0,9,0,8,0,0,0,0,1,1,6,2,24,5,1349,1,9,-1,3,-1
2018521901079,2,1,0,18,0,8,0,0,0,0,1,1,6,2,49,8,-1,-1,-1,6,1,6
2018521901080,1,4,0,18,0,2,0,0,0,0,3,1,6,1,31,6,498,1,17,4,1,4
2018521901084,1,9,0,18,0,1,0,0,0,0,1,1,6,2,51,8,1368,1,14,5,1,5
2018521901086,1,9,0,7,0,6,0,0,0,11,1,1,6,2,64,9,1798,1,-1,2,1,2
2018521901087,1,9,0,18,0,0,0,0,0,0,1,1,3,2,34,6,1598,1,6,10,3,10
2018521901087,2,9,0,18,0,0,0,0,0,0,1,1,6,1,33,6,2000,1,13,9,1,9
2018521901089,1,9,0,7,0,3,0,0,0,2,1,1,6,1,64,9,1390,1,13,-1,-1,-1
2018521901091,1,9,0,18,0,7,0,0,1,7,1,1,6,2,69,10,-1,-1,-1,7,3,7
2018521901091,2,21,0,18,0,2,0,0,0,0,4,1,1,1,52,8,10677,2,1,1,1,1
2018521901094,1,3,0,18,0,8,1,0,0,0,4,1,6,1,25,5,125,1,1,5,1,5
2018521901094,2,9,0,7,0,8,0,0,0,0,1,1,6,2,23,5,1595,1,16,4,1,4
2018521901094,3,9,0,2,0,2,0,0,0,0,1,1,6,1,28,6,1590,1,14,2,1,2
2018521901098,1,9,0,18,0,0,0,0,0,0,1,1,6,1,84,11,-1,-1,-1,4,1,4
2018521901098,2,9,0,18,0,0,0,0,0,0,2,1,6,1,70,10,1275,1,-1,4,1,4
2018521901098,3,9,0,18,0,0,0,0,0,0,1,1,6,1,66,10,-1,-1,-1,10,1,10
2018521901098,4,9,0,18,0,0,0,0,0,0,2,1,6,1,39,7,2993,2,10,9,1,9
2018521901103,1,9,0,18,0,1,0,0,0,0,1,1,6,1,50,8,-1,-1,-1,2,1,2
2018521901105,1,9,0,5,0,3,0,0,0,0,1,1,6,2,37,7,1390,1,15,9,3,9
2018521901105,2,1,0,5,0,4,0,0,0,0,1,1,6,1,67,10,-1,-1,-1,4,1,4
2018521901130,1,9,0,7,0,1,0,0,0,0,1,1,6,2,50,8,-1,-1,-1,-1,-1,-1
2018521901130,2,1,0,18,0,1,0,0,0,0,1,1,6,1,63,9,-1,-1,-1,-1,-1,-1
2018521901133,1,9,0,18,0,0,1,0,0,11,1,1,6,1,45,7,1596,1,11,7,3,7
2018521901135,1,9,0,1,0,0,0,0,0,0,2,1,6,1,73,10,1968,2,5,4,1,4
2018521901137,1,9,0,18,0,0,0,0,4,0,1,1,6,1,29,6,1995,2,3,5,1,5
2018521901137,2,9,0,18,0,0,0,0,0,0,2,1,6,1,57,9,-1,-1,-1,2,1,2
2018521901137,3,21,0,18,0,0,0,0,0,0,1,1,6,1,25,5,-1,-1,-1,5,1,5
2018521901137,4,9,0,18,0,0,0,0,0,0,1,1,6,1,28,6,2996,1,13,9,3,9
2018521901139,1,9,0,9,0,5,0,0,0,0,4,1,6,1,18,4,1390,1,17,4,1,4
2018521901140,1,9,0,4,0,0,0,0,0,0,2,1,6,1,54,8,-1,-1,-1,4,2,4
2018521901140,2,9,0,18,0,0,0,0,0,0,1,1,6,1,24,5,1086,1,10,-1,-1,-1
2018521901143,1,21,0,18,0,1,0,0,0,0,4,1,6,1,27,6,12742,2,1,-1,3,-1
2018521901143,2,9,0,18,0,1,0,0,5,6,3,1,6,1,60,9,1198,1,9,9,2,9
2018521901144,1,9,0,9,0,5,0,0,0,0,1,1,6,3,20,4,-1,-1,-1,-1,-1,-1
2018521901144,2,1,0,18,0,1,0,0,0,0,1,1,6,1,17,4,-1,-1,-1,10,1,10
2018521901146,1,9,0,18,0,8,0,0,0,0,1,1,6,2,75,10,1149,1,13,10,2,10
2018521901146,2,21,0,18,0,8,0,0,0,0,1,1,6,1,69,10,4250,2,14,7,3,7
2018521901147,1,9,0,12,0,0,0,0,0,0,1,1,6,1,63,9,1998,1,3,-1,-1,-1
2018521901147,2,5,0,12,0,0,0,0,0,0,2,1,6,1,21,5,124,1,-1,7,1,7
2018521901150,1,9,0,18,0,0,0,0,1,0,1,1,6,1,18,4,1390,1,17,10,1,10
2018521901150,2,9,0,18,0,0,0,0,1,4,1,1,6,1,42,7,-1,-1,-1,7,1,7
2018521901150,3,9,0,2,0,0,0,0,0,0,2,1,6,2,46,8,1299,1,13,1,1,1
2018521901153,1,9,0,18,0,1,0,0,3,2,1,1,6,1,33,6,1299,1,16,6,1,6
2018521901154,1,9,0,18,0,1,0,0,0,0,1,1,6,1,48,8,1595,1,-1,6,1,6
2018521901154,2,9,0,18,0,8,0,0,0,0,4,1,6,1,26,6,1461,2,-1,-1,-1,-1
2018521901154,3,9,0,10,0,1,0,0,0,0,3,1,6,2,24,5,998,1,10,7,1,7
2018521901155,1,9,0,18,0,2,0,0,0,0,1,1,6,2,31,6,1997,2,14,3,1,3
2018521901155,2,1,0,18,0,2,0,0,0,0,3,1,6,1,53,8,-1,-1,-1,9,1,9
2018521901156,1,9,0,3,0,1,0,0,0,0,2,1,2,2,63,9,1084,1,1,2,1,2
2018521901156,2,9,0,18,0,1,0,0,0,0,1,1,6,1,25,5,1995,2,5,1,1,1
2018521901158,1,3,0,18,0,8,0,0,0,0,4,1,6,1,21,5,125,1,3,7,3,7
2018521901158,2,1,0,18,0,1,0,0,0,0,1,1,6,1,23,5,-1,-1,-1,4,1,4
2018521901159,1,9,0,18,0,0,0,0,1,9,1,1,6,2,18,4,998,1,10,7,1,7
2018521901161,1,9,0,18,0,0,0,0,0,0,1,1,6,2,38,7,1388,1,12,3,1,3
2018521901161,2,9,0,18,0,0,0,0,0,0,3,1,6,1,42,7,-1,-1,-1,-1,-1,-1
2018521901161,3,9,0,18,0,0,0,0,0,0,3,1,6,2,35,6,-1,-1,-1,3,1,3
2018521901172,1,9,0,9,0,1,0,10,0,10,1,1,6,1,51,8,1198,1,1,-1,-1,-1
2018521901173,1,9,0,3,0,1,0,0,0,0,2,1,6,3,25,5,-1,-1,-1,-1,-1,-1
2018521901173,2,4,0,18,0,1,0,0,0,0,1,1,6,1,18,4,124,1,18,8,1,8
2018521901174,1,9,0,10,0,1,0,0,0,0,3,1,6,2,42,7,1386,1,9,-1,-1,-1
2018521901174,2,9,0,14,0,1,0,0,0,0,1,1,6,1,21,5,-1,-1,-1,9,3,9
2018521901179,1,4,0,7,0,3,0,0,0,0,4,1,6,2,62,9,124,1,16,-1,-1,-1
2018521901179,2,9,0,11,0,3,0,0,0,0,1,1,6,2,30,6,898,1,2,5,1,5
2018521901181,1,9,0,18,0,8,0,0,0,0,1,1,6,1,52,8,1598,2,2,3,1,3
2018521901181,2,9,0,9,0,8,0,0,0,0,1,1,6,1,31,6,1968,2,2,5,1,5
2018521901186,1,9,0,18,0,0,0,0,0,0,1,1,6,2,32,6,-1,-1,-1,6,1,6
2018521901186,2,9,0,18,0,0,0,0,0,0,3,1,6,1,25,5,999,1,4,6,3,6
2018521901186,3,9,0,18,0,0,0,0,0,0,2,1,6,1,58,9,2179,2,8,-1,-1,-1
2018521901192,1,9,0,18,0,0,0,0,0,0,4,1,6,3,-1,-1,-1,-1,-1,-1,-1,-1
2018521901204,1,9,0,18,0,8,0,0,0,0,3,1,6,1,26,6,1896,2,17,8,1,8
2018521901204,2,9,0,18,0,8,0,0,0,0,2,1,6,1,58,9,899,1,5,10,1,10
2018521901204,3,9,0,18,0,8,0,0,0,0,3,1,6,1,58,9,1390,1,8,10,1,10
2018521901204,4,9,0,18,0,8,0,0,0,0,3,1,6,1,35,6,2993,2,12,10,1,10
2018521901208,1,9,0,18,0,0,0,0,0,0,1,1,6,2,30,6,-1,-1,-1,-1,1,-1
2018521901208,2,9,0,18,0,0,0,0,0,0,1,1,6,2,29,6,1598,2,5,-1,1,-1
2018521901208,3,9,0,18,0,0,0,0,0,0,2,1,6,3,-1,-1,-1,-1,-1,-1,-1,-1
2018521901212,1,9,0,7,0,8,0,0,0,0,1,1,6,1,28,6,-1,-1,-1,-1,-1,-1
2018521901212,2,5,0,18,0,8,0,0,0,0,1,1,6,1,20,4,124,1,10,10,1,10
2018521901217,1,9,0,9,0,3,0,0,0,0,4,1,6,1,47,8,-1,-1,-1,-1,-1,-1
2018521901217,2,1,0,18,0,3,0,0,0,0,3,1,6,1,46,8,-1,-1,-1,-1,-1,-1
2018521901218,1,9,0,18,0,0,1,0,7,4,1,1,6,1,72,10,998,1,16,8,1,8
2018521901220,1,9,0,18,0,0,0,0,0,0,4,1,6,1,57,9,1598,2,1,10,1,10
2018521901223,1,9,0,18,0,0,0,0,0,0,1,1,6,3,-1,-1,-1,-1,-1,-1,-1,-1
2018521901223,2,9,0,18,0,0,0,0,4,6,2,1,6,1,83,11,1197,1,2,3,1,3
2018521901223,3,9,0,18,0,0,0,0,0,0,1,1,6,1,40,7,-1,-1,-1,6,3,6
2018521901223,4,9,0,18,0,0,0,0,0,0,1,1,6,1,50,8,1598,1,11,1,1,1
2018521901225,1,9,0,12,0,0,0,7,0,6,1,1,6,2,34,6,1995,1,15,7,1,7
2018521901230,1,9,0,9,0,8,0,0,0,0,1,1,6,1,36,7,1896,2,15,8,1,8
2018521901230,2,9,0,18,0,1,0,0,1,0,1,1,6,2,29,6,1242,1,14,-1,-1,-1
2018521901232,1,9,0,18,0,1,0,0,0,0,1,1,6,1,42,7,1968,2,10,4,1,4
2018521901232,2,3,0,9,0,8,0,0,0,0,3,1,6,1,28,6,125,1,5,5,1,5
2018521901237,1,9,0,9,0,8,0,0,0,0,1,1,6,2,24,5,998,1,12,6,3,6
2018521901237,2,9,0,18,0,8,0,0,0,0,1,1,6,1,26,6,1968,2,12,-1,-1,-1
2018521901239,1,9,0,18,0,0,0,0,1,2,1,1,6,1,30,6,2143,2,1,9,1,9
2018521901246,1,1,0,18,0,1,0,0,0,0,4,1,6,2,49,8,-1,-1,-1,8,1,8
2018521901246,2,9,0,7,0,6,0,0,0,0,1,1,6,1,71,10,1598,2,6,3,1,3
2018521901252,1,9,0,18,0,8,0,0,0,0,1,1,6,1,52,8,1397,1,6,6,1,6
2018521901252,2,9,0,9,0,5,0,0,0,0,1,1,6,1,55,8,1388,1,11,3,1,3
2018521901255,1,9,0,18,0,1,0,0,0,0,1,1,6,1,46,8,1999,1,7,-1,-1,-1
2018521901255,2,1,0,16,0,8,0,0,0,0,3,1,6,1,26,6,-1,-1,-1,6,-1,6
2018521901258,1,9,0,1,0,0,0,0,0,0,2,1,6,1,31,6,1995,2,11,5,1,5
2018521901268,1,9,0,17,0,0,1,0,7,11,1,1,6,1,22,5,1598,1,13,8,1,8
2018521901270,1,9,0,18,0,0,0,0,0,0,1,1,6,1,45,7,2987,2,-1,8,1,8
2018521901270,2,9,0,18,0,0,0,0,0,0,1,1,6,2,32,6,1597,1,10,-1,-1,-1
2018521901271,1,9,0,18,0,4,0,0,0,0,1,1,6,2,53,8,1598,1,13,8,3,8
2018521901271,2,1,0,18,0,4,0,0,0,0,1,1,6,1,23,5,-1,-1,-1,-1,-1,-1
2018521901273,1,9,0,18,0,0,0,0,0,0,1,1,6,1,31,6,1798,1,10,6,1,6
2018521901275,1,9,0,9,0,5,0,0,0,0,4,1,6,2,17,4,1598,2,7,10,1,10
2018521901275,2,9,0,18,0,8,0,0,0,0,1,1,6,2,32,6,-1,-1,-1,6,1,6
2018521901278,1,9,0,18,0,0,0,0,0,0,1,1,6,1,30,6,-1,-1,-1,1,1,1
2018521901278,2,9,0,18,0,0,0,0,0,0,2,1,6,2,44,7,898,1,3,3,1,3
2018521901280,1,9,0,9,0,8,0,0,0,0,4,1,6,2,19,4,1399,2,8,8,-1,8
2018521901280,2,9,0,18,0,8,0,0,0,0,1,1,6,1,60,9,-1,-1,-1,5,1,5
2018521901281,1,9,0,18,0,3,1,0,0,0,3,1,6,2,22,5,-1,-1,-1,-1,-1,-1
2018521901282,1,9,0,5,0,0,0,0,0,0,1,1,6,2,27,6,1560,2,7,1,1,1
2018521901282,2,9,0,18,0,0,0,0,0,0,1,1,6,1,61,9,1399,1,2,3,1,3
2018521901286,1,9,0,9,0,1,0,0,0,0,1,1,6,2,24,5,1598,1,11,2,1,2
2018521901286,2,9,0,18,0,1,0,0,0,0,1,1,6,1,51,8,-1,-1,-1,7,1,7
2018521901287,1,9,0,18,0,0,0,0,0,0,1,1,6,2,38,7,1339,8,9,3,1,3
2018521901287,2,9,0,3,0,0,0,0,0,0,1,1,6,1,29,6,998,1,7,9,2,9
2018521901288,1,9,0,2,0,2,0,0,0,0,3,1,6,1,52,8,-1,-1,-1,6,1,6
2018521901288,2,1,0,18,0,8,0,8,0,0,4,1,6,1,39,7,-1,-1,-1,10,1,10
2018521901289,1,9,0,2,9,0,0,0,0,0,0,1,6,3,-1,-1,1598,2,6,-1,-1,-1
2018521901289,2,1,0,18,0,0,0,8,0,0,1,1,6,1,29,6,-1,-1,-1,8,1,8
2018521901290,1,9,0,18,0,0,0,0,0,0,1,1,6,1,33,6,1995,2,4,-1,-1,-1
2018521901293,1,9,0,5,0,0,0,0,0,0,1,1,6,2,47,8,-1,-1,-1,3,1,3
2018521901293,2,1,0,9,0,0,0,0,0,0,1,1,6,2,27,6,-1,-1,-1,1,1,1
2018521901312,1,9,0,9,0,8,0,0,0,0,1,1,6,2,22,5,999,1,6,-1,-1,-1
2018521901312,2,9,0,18,0,8,0,0,0,0,1,1,6,1,53,8,2231,2,10,7,1,7
2018521901313,1,9,0,18,0,8,0,0,0,0,1,1,6,2,53,8,1968,2,12,6,1,6
2018521901313,2,9,0,18,0,8,0,0,0,0,1,1,6,2,37,7,1422,2,11,3,1,3
2018521901313,3,9,0,8,0,1,0,0,0,0,1,1,6,2,49,8,1998,1,-1,10,1,10
2018521901316,1,11,0,16,0,0,0,0,0,0,1,1,6,1,39,7,6700,2,2,3,1,3
2018521901317,1,9,0,1,0,0,0,0,0,0,1,1,6,1,33,6,1560,2,6,1,1,1
2018521901317,2,3,0,18,0,0,0,0,0,0,1,1,6,1,25,5,1043,1,-1,-1,-1,-1
2018521901321,1,9,0,9,0,5,0,0,0,0,3,1,6,1,29,6,1598,1,6,10,1,10
2018521901321,2,9,0,18,0,1,0,0,0,0,4,1,6,2,18,4,1197,1,1,9,2,9
2018521901321,3,9,0,3,0,1,0,0,0,0,0,1,6,2,30,6,2143,2,1,8,1,8
2018521901322,1,9,0,4,0,0,0,0,0,0,2,1,6,1,52,8,-1,-1,-1,5,3,5
2018521901322,2,9,0,18,0,0,0,0,0,0,1,1,6,2,36,7,1686,2,5,-1,-1,-1
2018521901322,3,9,0,4,0,0,0,0,0,0,2,1,6,3,-1,-1,-1,-1,-1,-1,-1,-1