Accident_Index,Vehicle_Reference,Vehicle_Type,Towing_and_Articulation,Vehicle_Manoeuvre,Vehicle_Location-Restricted_Lane,Junction_Location,Skidding_and_Overturning,Hit_Object_in_Carriageway,Vehicle_Leaving_Carriageway,Hit_Object_off_Carriageway,1st_Point_of_Impact,Was_Vehicle_Left_Hand_Drive?,Journey_Purpose_of_Driver,Sex_of_Driver,Age_of_Driver,Age_Band_of_Driver,Engine_Capacity_(CC),Propulsion_Code,Age_of_Vehicle,Driver_IMD_Decile,Driver_Home_Area_Type,Vehicle_IMD_Decile
2018521901326,1,9,0,18,0,4,0,0,0,0,1,1,6,2,33,6,-1,-1,-1,9,3,9
2018521901326,2,1,0,9,0,4,0,0,0,0,3,1,6,2,23,5,-1,-1,-1,2,1,2
2018521901332,1,9,0,18,0,0,0,0,0,0,1,1,6,2,22,5,2497,1,12,7,1,7
2018521901332,2,9,0,18,0,0,0,0,0,0,2,1,6,1,34,6,-1,-1,-1,9,-1,9
2018521901332,3,9,0,18,0,0,0,0,0,0,2,1,6,1,51,8,1998,8,1,4,1,4
2018521901332,4,9,0,18,0,0,0,0,0,0,2,1,6,1,51,8,1560,2,-1,6,1,6
2018521901332,5,9,0,18,0,0,0,0,0,0,2,1,6,1,29,6,1870,2,16,8,3,8
2018521901332,6,9,0,18,0,0,0,0,0,0,2,1,6,1,67,10,999,1,-1,3,2,3
2018521901333,1,9,0,1,0,0,0,0,0,0,2,1,6,2,35,6,1796,1,16,1,1,1
2018521901334,1,9,0,18,0,8,0,0,0,0,4,1,6,1,56,9,-1,-1,-1,-1,-1,-1
2018521901334,2,4,0,9,0,6,0,0,0,0,1,1,6,1,22,5,-1,-1,-1,1,1,1
2018521901335,1,17,0,5,0,6,0,0,0,0,3,1,6,1,53,8,6788,2,11,8,3,8
2018521901335,2,9,0,18,0,1,0,0,0,0,4,1,6,2,33,6,1956,2,7,6,1,6
2018521901342,1,1,0,12,0,0,0,0,0,0,1,1,6,1,35,6,-1,-1,-1,9,1,9
2018521901342,2,9,0,15,0,0,0,0,0,0,4,1,6,1,58,9,2204,2,12,5,1,5
2018521901343,1,9,0,5,0,4,0,0,0,0,3,1,6,1,30,6,1598,2,6,8,1,8
2018521901343,2,9,0,18,0,8,0,0,0,0,4,1,6,1,34,6,-1,-1,-1,8,1,8
2018521901344,1,9,0,18,0,4,0,0,0,0,3,1,6,2,32,6,1329,1,3,9,1,9
2018521901344,2,1,0,9,0,8,0,0,0,0,4,1,6,2,34,6,-1,-1,-1,5,1,5
2018521901347,1,9,0,16,0,8,0,0,0,0,1,1,6,2,25,5,1596,1,4,5,1,5
2018521901351,1,9,0,18,0,0,0,0,0,0,1,1,6,2,24,5,1229,1,11,-1,-1,-1
2018521901351,2,9,0,2,0,0,0,0,0,0,4,1,6,3,-1,-1,1299,1,10,-1,-1,-1
2018521901351,3,9,0,2,0,0,0,0,0,0,3,1,6,3,-1,-1,-1,-1,-1,-1,-1,-1
2018521901354,1,9,0,18,0,0,0,0,0,0,1,1,6,1,51,8,1796,1,11,9,1,9
2018521901354,2,1,0,18,0,0,1,0,0,0,1,1,6,2,16,4,-1,-1,-1,9,1,9
2018521901356,1,9,0,18,0,0,0,0,0,0,1,1,6,1,21,5,1198,1,12,10,3,10
2018521901356,2,9,0,18,0,0,0,0,0,0,1,1,6,1,31,6,2495,2,15,5,1,5
2018521901356,3,9,0,18,0,0,0,0,0,0,3,1,6,2,25,5,1598,1,13,8,3,8
2018521901356,4,9,0,18,0,0,0,0,0,10,3,1,6,1,26,6,1587,1,12,5,1,5
2018521901357,1,9,0,18,0,8,0,0,0,0,1,1,6,1,33,6,-1,-1,-1,-1,-1,-1
2018521901357,2,9,0,9,0,8,0,0,0,0,1,1,6,2,77,11,1296,1,12,-1,-1,-1
2018521901363,1,9,0,18,0,8,0,0,0,0,4,1,6,1,51,8,1364,1,-1,1,1,1
2018521901363,2,9,0,9,0,8,0,0,0,0,1,1,6,1,54,8,1461,2,-1,-1,-1,-1
2018521901364,1,9,0,18,0,8,0,0,0,0,1,1,6,3,30,6,1999,1,13,-1,-1,-1
2018521901367,1,9,0,17,0,0,0,4,2,10,1,1,6,1,24,5,1598,1,16,6,3,6
2018521901367,2,9,0,2,0,0,0,0,0,0,1,1,6,3,-1,-1,-1,-1,-1,-1,-1,-1
2018521901367,3,9,0,2,0,0,0,0,0,0,1,1,6,3,-1,-1,1242,1,4,-1,-1,-1
2018521901383,1,9,0,18,0,0,0,0,0,10,1,1,6,1,18,4,-1,-1,-1,5,1,5
2018521901385,1,9,0,18,0,2,0,0,0,0,1,1,6,1,74,10,2231,2,12,3,1,3
2018521901388,1,1,0,18,0,6,0,0,0,0,1,1,6,1,30,6,-1,-1,-1,4,1,4
2018521901388,2,9,0,18,0,8,0,0,0,0,1,1,6,2,42,7,-1,-1,-1,5,1,5
2018521901389,1,9,0,18,0,0,0,0,0,0,1,1,6,1,72,10,1984,1,2,8,1,8
2018521901391,1,9,0,17,0,1,0,0,0,0,1,1,6,1,43,7,2967,2,10,3,1,3
2018521901391,2,1,0,18,0,1,0,0,0,0,1,1,6,1,-1,-1,-1,-1,-1,-1,-1,-1
2018521901393,1,9,0,1,0,0,0,0,0,0,2,1,6,2,85,11,1598,1,12,2,1,2
2018521901393,2,9,0,2,9,0,0,0,0,0,0,1,6,3,-1,-1,-1,-1,-1,-1,-1,-1
2018521901395,1,9,0,2,0,2,0,0,0,0,3,1,6,2,39,7,-1,-1,-1,10,1,10
2018521901395,2,9,0,5,0,2,0,0,0,0,2,1,6,1,20,4,1590,1,15,10,1,10
2018521901398,1,8,0,18,2,0,0,0,0,0,3,1,6,1,38,7,2143,2,4,6,1,6
2018521901398,2,9,0,11,0,0,0,0,0,0,4,1,6,1,52,8,-1,-1,-1,8,-1,8
2018521901408,1,5,0,18,0,8,0,0,0,0,1,1,6,1,28,6,744,1,10,9,1,9
2018521901408,2,9,5,9,0,5,0,0,0,0,4,1,6,3,-1,-1,-1,-1,-1,-1,-1,-1
2018521901412,1,9,0,18,0,1,0,0,0,0,1,1,6,2,46,8,1598,2,4,10,1,10
2018521901421,1,9,0,9,0,6,0,0,0,0,4,1,6,1,22,5,1984,1,13,7,1,7
2018521901421,2,3,0,18,0,8,0,0,0,0,1,1,6,1,32,6,125,1,-1,9,1,9
2018521901430,1,9,0,9,0,8,0,0,0,0,1,1,6,1,40,7,1618,1,-1,-1,-1,-1
2018521901430,2,9,0,18,0,8,0,0,0,0,1,1,6,2,35,6,1497,1,13,2,1,2
2018521901430,3,9,0,2,0,8,0,0,0,0,1,1,6,3,-1,-1,1399,1,1,-1,-1,-1
2018521901430,4,9,0,2,0,8,0,0,0,0,2,1,6,3,-1,-1,998,1,19,-1,-1,-1
2018521901430,5,9,0,2,0,8,0,0,0,0,1,1,6,3,-1,-1,1587,1,11,-1,-1,-1
2018521901430,6,9,0,2,0,8,0,0,0,0,1,1,6,3,-1,-1,1984,1,10,-1,-1,-1
2018521901444,1,5,0,18,0,1,0,0,0,0,1,1,6,1,25,5,-1,-1,-1,6,1,6
2018521901444,2,9,0,1,0,6,0,0,0,0,2,1,6,1,69,10,1395,1,2,6,1,6
2018521901446,1,9,0,9,0,8,0,0,0,0,1,1,6,1,24,5,1753,2,12,7,1,7
2018521901446,2,1,0,18,0,8,0,0,0,0,1,1,6,1,16,4,-1,-1,-1,7,1,7
2018521901447,1,9,0,9,0,8,0,0,0,0,1,1,6,2,64,9,-1,-1,-1,8,1,8
2018521901447,2,9,0,18,0,8,0,0,0,0,3,1,6,2,51,8,1796,1,9,5,1,5
2018521901450,1,9,0,18,0,0,0,0,0,0,1,1,6,1,59,9,898,1,-1,7,1,7
2018521901450,2,1,0,18,0,0,0,0,0,0,3,1,6,1,28,6,-1,-1,-1,5,1,5
2018521901452,1,5,0,18,0,1,0,0,0,0,1,1,6,1,40,7,1200,1,1,4,1,4
2018521901453,1,9,0,18,0,8,0,0,0,0,1,1,6,1,49,8,1560,2,5,8,1,8
2018521901453,2,1,0,18,0,8,0,0,0,0,1,1,6,2,25,5,-1,-1,-1,3,1,3
2018521901457,1,9,0,11,0,6,0,0,0,0,1,1,6,1,43,7,1396,1,10,5,1,5
2018521901457,2,3,0,18,0,8,0,0,0,0,3,1,6,2,20,4,124,1,6,-1,-1,-1
2018521901461,1,9,0,18,0,3,0,0,0,0,1,1,6,2,19,4,1360,1,12,4,1,4
2018521901461,2,9,0,4,0,3,0,0,0,0,2,1,6,1,56,9,2204,2,10,4,1,4
2018521901462,1,9,0,18,0,0,0,0,0,0,1,1,6,2,36,7,1399,1,10,-1,-1,-1
2018521901462,2,1,0,12,0,0,0,0,0,0,2,1,6,1,50,8,-1,-1,-1,-1,-1,-1
2018521901465,1,3,0,18,0,1,0,0,0,0,2,1,6,2,21,5,125,1,4,3,1,3
2018521901465,2,5,0,9,0,5,0,0,0,0,1,1,6,1,51,8,1262,1,-1,-1,-1,-1
2018521901491,1,21,0,18,0,8,0,0,0,0,4,1,6,1,43,7,4500,2,2,6,1,6
2018521901491,2,1,0,18,0,8,0,0,0,0,3,1,6,2,41,7,-1,-1,-1,10,1,10
2018521901492,1,9,0,18,0,1,0,0,0,0,1,1,6,1,33,6,4172,1,22,8,1,8
2018521901492,2,9,0,5,0,1,0,0,0,0,2,1,6,1,62,9,1388,1,11,6,3,6
2018521901498,1,9,0,18,0,7,0,0,0,0,1,1,6,2,67,10,-1,-1,-1,10,1,10
2018521901498,2,9,0,18,0,7,0,0,0,0,2,1,6,2,38,7,998,1,2,9,1,9
2018521901501,1,9,0,9,0,8,1,0,0,0,4,1,6,1,17,4,1242,1,10,9,1,9
2018521901501,2,9,0,18,0,8,0,0,0,0,1,1,6,1,41,7,2148,2,13,1,1,1
2018521901502,1,9,0,18,0,8,0,0,0,0,4,1,6,3,-1,-1,-1,-1,-1,-1,-1,-1
2018521901502,2,1,0,18,0,8,0,0,0,0,2,1,6,1,25,5,-1,-1,-1,10,1,10
2018521901505,1,9,0,18,0,1,0,0,0,0,1,1,6,2,44,7,-1,-1,-1,1,1,1
2018521901505,2,9,0,3,0,1,0,0,0,0,2,1,6,2,57,9,-1,-1,-1,6,1,6
2018521901505,3,9,0,3,0,1,0,0,0,0,2,1,6,2,70,10,-1,-1,-1,7,3,7
2018521901507,1,9,0,18,0,0,0,0,1,2,1,1,6,1,28,6,2979,1,1,10,1,10
2018521901508,1,9,0,18,0,0,0,0,7,10,1,1,6,2,49,8,2184,2,9,4,2,4
2018521901509,1,9,0,18,0,0,0,0,0,0,1,1,6,2,38,7,1560,2,7,-1,-1,-1
2018521901519,1,9,0,18,0,4,0,0,0,0,1,1,6,1,31,6,1339,1,12,7,1,7
2018521901519,2,1,0,18,0,8,0,0,0,0,4,1,6,1,52,8,-1,-1,-1,7,1,7
2018521901520,1,9,0,18,0,0,0,0,0,0,3,1,6,1,50,8,1997,2,16,6,1,6
2018521901520,2,9,0,5,0,0,0,0,0,0,4,1,6,2,44,7,1348,1,17,6,1,6
2018521901522,1,9,0,18,0,0,0,0,1,11,1,1,6,1,32,6,2143,2,2,9,1,9
2018521901524,1,9,0,16,0,8,0,0,0,0,1,1,6,1,51,8,1399,1,-1,1,1,1
2018521901524,2,9,0,17,0,8,0,0,0,0,1,1,6,1,37,7,2148,2,13,1,1,1
2018521901524,3,9,0,2,0,2,0,0,0,0,1,1,6,3,-1,-1,1246,1,12,-1,-1,-1
2018521901525,1,1,0,18,0,1,0,0,0,0,2,1,6,1,60,9,-1,-1,-1,-1,-1,-1
2018521901525,2,9,0,18,0,1,0,0,0,0,1,1,6,1,60,9,1896,2,12,10,1,10
2018521901526,1,9,0,18,0,0,0,4,0,0,4,1,6,2,27,6,1388,1,13,4,1,4
2018521901526,2,9,0,2,0,0,0,0,0,0,4,1,6,3,-1,-1,3456,8,9,-1,-1,-1
2018521901528,1,9,0,5,0,0,0,0,0,0,1,1,6,1,84,11,1339,1,11,1,1,1
2018521901528,2,9,0,2,0,0,0,0,0,0,3,1,6,1,40,7,1582,2,3,5,1,5
2018521901530,1,9,5,18,0,8,0,0,0,0,1,1,6,1,30,6,1398,1,16,-1,-1,-1
2018521901531,1,9,0,18,0,0,5,0,1,4,4,2,6,1,31,6,1461,2,8,2,1,2
2018521901533,1,19,0,18,0,0,0,0,0,0,1,1,6,1,22,5,-1,-1,-1,4,2,4
2018521901533,2,21,0,18,0,0,0,0,0,0,1,1,6,1,58,9,12777,2,4,4,1,4
2018521901535,1,9,0,18,0,8,0,0,0,0,4,1,6,1,52,8,-1,-1,-1,9,2,9
2018521901543,1,9,0,18,0,8,0,0,0,0,1,1,6,2,38,7,1995,2,-1,3,1,3
2018521901543,2,9,0,9,0,8,0,0,0,0,4,1,6,1,22,5,-1,-1,-1,6,1,6
2018521901545,1,9,0,18,0,0,0,0,0,0,1,1,6,1,81,11,1596,1,13,7,1,7
2018521901557,1,9,0,3,0,1,0,0,0,0,2,1,6,2,41,7,1461,2,14,9,1,9
2018521901557,2,9,0,18,0,1,0,0,0,0,1,1,6,1,44,7,1968,2,7,10,1,10
2018521901560,1,9,0,18,0,8,0,9,3,1,1,1,6,1,30,6,1984,1,15,-1,-1,-1
2018521901561,1,9,0,3,0,1,0,0,0,0,1,1,6,1,87,11,1353,1,-1,10,1,10
2018521901561,2,9,0,3,0,2,0,0,0,0,2,1,6,1,52,8,1798,1,13,5,1,5
2018521901561,3,9,0,3,0,2,0,0,0,0,2,1,6,1,50,8,2184,2,9,8,1,8
2018521901563,1,9,0,5,0,0,0,0,1,10,1,1,6,2,64,9,1390,1,20,9,1,9
2018521901576,1,9,0,18,0,0,0,0,0,0,1,1,6,2,23,5,1248,1,1,2,-1,2
2018521901578,1,20,0,2,0,0,0,0,0,0,0,1,6,1,18,4,2287,2,3,8,1,8
2018521901578,2,9,0,18,0,0,0,0,0,0,3,1,6,1,28,6,-1,-1,-1,9,1,9
2018521901578,3,9,0,2,0,0,0,0,0,0,1,1,6,3,-1,-1,2993,2,8,-1,-1,-1
2018521901581,1,9,0,5,0,6,0,0,0,0,1,1,6,1,59,9,1380,1,14,1,1,1
2018521901584,1,9,0,18,0,1,0,0,0,0,1,1,6,1,24,5,1796,1,12,-1,-1,-1
2018521901586,1,9,0,11,0,0,0,0,0,0,2,1,6,2,27,6,-1,-1,-1,9,1,9
2018521901586,2,9,0,18,0,0,0,0,0,0,1,1,6,1,22,5,-1,-1,-1,2,1,2
2018521901586,3,9,0,18,0,0,0,0,0,0,1,1,6,2,54,8,1086,1,8,1,1,1
2018521901591,1,4,0,18,0,0,0,0,0,0,3,1,6,1,23,5,487,1,17,6,1,6
2018521901597,1,4,0,18,0,8,0,0,0,0,4,1,6,1,30,6,-1,-1,-1,3,1,3
2018521901597,2,9,0,9,0,8,0,0,0,0,1,1,6,2,24,5,1395,1,2,-1,-1,-1
2018521901599,1,9,0,10,0,0,0,0,0,0,2,1,6,1,31,6,1956,2,4,5,1,5
2018521901599,2,4,0,13,0,0,0,0,0,0,1,1,6,1,40,7,-1,-1,-1,1,1,1
2018521901606,1,9,0,2,0,8,0,0,0,0,1,1,6,1,30,6,998,1,12,5,1,5
2018521901606,2,9,0,18,0,8,0,0,0,0,1,1,6,1,38,7,999,1,1,3,1,3
2018521901606,3,9,0,18,0,8,0,0,0,0,1,1,6,2,53,8,1597,2,5,1,1,1
2018521901607,1,9,0,3,0,1,0,0,0,0,2,1,6,2,58,9,-1,-1,-1,10,1,10
2018521901607,2,9,0,3,0,1,0,0,0,0,2,1,6,2,45,7,1796,1,12,6,1,6
2018521901607,3,9,0,4,0,1,0,0,0,0,1,1,6,1,65,9,-1,-1,-1,2,1,2
2018521901613,1,9,0,10,0,1,0,0,0,0,4,1,6,2,48,8,1991,1,4,1,1,1
2018521901613,2,1,0,18,0,1,0,0,0,0,1,1,6,1,29,6,-1,-1,-1,-1,-1,-1
2018521901617,1,3,0,18,0,1,0,0,0,0,1,1,6,1,52,8,313,1,-1,10,3,10
2018521901617,2,9,0,18,0,1,0,0,0,0,2,1,6,1,57,9,-1,-1,-1,3,1,3
2018521901621,1,9,0,9,0,8,0,0,0,0,4,1,6,2,22,5,1560,2,1,-1,-1,-1
2018521901621,2,1,0,18,0,8,0,0,0,0,1,1,6,2,25,5,-1,-1,-1,1,1,1
2018521901624,1,9,0,6,0,8,0,0,0,0,2,1,6,1,44,7,1796,1,14,10,1,10
2018521901624,2,5,0,18,0,1,0,0,0,0,1,1,6,1,55,8,1170,1,1,-1,-1,-1
2018521901624,3,5,0,18,0,1,0,0,0,0,1,1,6,2,55,8,1170,1,2,6,3,6
2018521901624,4,5,0,18,0,1,0,0,0,0,1,1,6,1,60,9,-1,-1,-1,5,1,5
2018521901626,1,9,0,2,9,0,0,0,0,0,2,1,6,2,46,8,2494,2,9,7,1,7
2018521901626,2,9,0,1,9,0,0,0,0,0,2,1,6,1,42,7,1587,1,14,4,1,4
2018521901628,1,9,0,10,0,1,0,0,0,0,2,1,6,1,68,10,1582,2,1,10,2,10
2018521901628,2,9,0,18,0,1,0,0,0,0,2,1,6,2,32,6,1998,2,11,10,1,10
2018521901630,1,9,0,18,0,0,0,10,1,10,1,1,6,1,26,6,1229,1,11,1,1,1
2018521901635,1,9,0,18,0,8,0,0,0,0,3,1,6,1,27,6,-1,-1,-1,8,1,8
2018521901635,2,1,0,18,0,8,0,0,0,0,1,1,6,1,17,4,-1,-1,-1,1,1,1
2018521901677,1,9,0,7,0,8,0,0,0,0,3,1,6,1,37,7,1560,2,9,6,1,6
2018521901677,2,1,0,10,0,1,0,0,0,0,1,1,6,2,28,6,-1,-1,-1,2,1,2
2018521901680,1,1,0,18,0,2,0,0,0,0,1,1,6,1,28,6,-1,-1,-1,2,1,2
2018521901680,2,9,0,7,0,8,0,0,0,0,3,1,6,1,58,9,1796,1,17,3,1,3
2018521901683,1,9,0,18,0,0,0,0,0,0,3,1,6,1,82,11,998,1,5,-1,-1,-1
2018521901683,2,1,0,18,0,0,0,0,0,0,1,1,6,1,44,7,-1,-1,-1,5,1,5
2018521901706,1,9,0,9,0,1,0,0,0,0,4,1,6,2,53,8,-1,-1,-1,8,-1,8
2018521901706,2,5,0,18,0,8,0,0,0,0,3,1,6,1,25,5,803,1,-1,5,1,5
2018521901724,1,9,0,18,0,0,0,0,0,0,1,1,6,2,41,7,1910,2,9,4,1,4
2018521901760,1,9,0,18,0,0,0,0,0,0,1,1,6,1,65,9,-1,-1,-1,-1,-1,-1
2018521901760,2,9,0,10,0,0,0,0,0,0,2,1,6,2,38,7,-1,-1,-1,8,3,8
2018521901767,1,9,0,18,0,8,0,0,0,0,2,1,6,2,66,10,1560,2,11,6,1,6
2018521901767,2,21,0,18,0,8,0,0,0,0,1,1,6,1,19,4,6700,2,1,-1,1,-1
2018521901772,1,9,0,18,0,0,0,0,0,0,1,1,6,2,23,5,2967,2,5,4,1,4
2018521901772,2,9,0,18,0,0,0,0,0,0,2,1,6,1,30,6,1997,2,8,4,1,4
2018521901775,1,5,0,18,0,0,0,0,0,0,3,1,6,1,28,6,847,1,2,7,1,7
2018521901775,2,9,0,9,0,0,0,0,0,0,4,1,6,2,40,7,-1,-1,-1,7,1,7
2018521901777,1,9,0,18,0,2,0,0,0,0,1,1,6,1,35,6,998,1,4,2,1,2
2018521901777,2,9,0,4,0,2,0,0,0,0,2,1,6,1,64,9,1560,2,5,3,1,3
2018521901794,1,1,0,18,0,0,0,0,0,0,4,1,6,1,17,4,-1,-1,-1,-1,-1,-1
2018521901794,2,9,0,18,0,0,0,0,0,0,4,1,6,3,-1,-1,-1,-1,-1,-1,-1,-1
2018521901797,1,1,0,18,0,0,0,0,0,0,3,1,6,2,23,5,-1,-1,-1,-1,-1,-1
2018521901797,2,9,0,18,0,0,0,0,0,0,4,1,6,3,-1,-1,-1,-1,-1,-1,-1,-1
2018521901800,1,9,0,18,0,8,0,0,0,0,1,1,6,3,-1,-1,-1,-1,-1,-1,-1,-1
2018521901839,1,9,0,18,0,0,0,0,0,0,1,1,6,1,28,6,1398,1,-1,-1,-1,-1
2018521901839,2,9,0,18,0,0,0,0,0,0,1,1,6,1,57,9,-1,-1,-1,-1,-1,-1
2018521901842,1,9,0,18,0,2,0,0,0,0,2,1,6,2,43,7,1997,2,6,7,1,7
2018521901842,2,9,0,18,0,2,0,0,0,0,2,1,6,1,25,5,-1,-1,-1,1,1,1
2018521901842,3,9,0,11,0,5,0,0,0,0,1,1,6,2,34,6,-1,-1,-1,10,1,10
2018521901848,1,9,0,18,0,0,0,0,0,0,1,1,6,2,28,6,1248,1,8,7,1,7
2018521901857,1,9,0,7,0,2,0,0,0,0,3,1,6,2,52,8,1600,1,13,7,1,7
2018521901857,2,1,0,18,0,8,0,0,0,0,4,1,6,1,39,7,-1,-1,-1,1,1,1
2018521901858,1,9,0,18,0,0,0,0,0,0,1,1,6,2,22,5,1398,1,3,4,1,4
2018521901858,2,9,0,18,0,0,0,0,0,0,2,1,6,1,46,8,1461,2,1,-1,-1,-1
2018521901876,1,9,0,2,0,0,0,0,0,1,2,1,6,1,42,7,-1,-1,-1,1,1,1
2018521901876,2,9,0,18,0,0,0,0,0,0,3,1,6,1,73,10,1386,1,10,10,1,10
2018521901876,3,9,0,18,0,0,0,0,0,0,1,1,6,1,84,11,1596,1,17,9,3,9
2018521901895,1,8,0,5,0,1,0,0,0,0,4,1,6,1,33,6,1995,2,3,4,1,4
2018521901896,1,9,0,18,0,0,0,0,0,0,1,1,6,3,-1,-1,-1,-1,-1,-1,-1,-1
2018521901916,1,9,0,18,0,0,0,0,0,0,4,1,6,1,23,5,-1,-1,-1,4,1,4
2018521901920,1,9,0,7,0,8,0,0,0,0,1,1,6,1,44,7,-1,-1,-1,6,1,6
2018521901920,2,9,0,18,0,8,0,0,0,0,4,1,6,2,24,5,-1,-1,-1,8,1,8
2018521901922,1,9,0,18,0,8,0,0,0,0,1,1,6,1,38,7,1896,2,8,1,1,1
2018521901922,2,9,0,7,0,8,0,0,0,0,2,1,6,1,31,6,1198,1,12,-1,-1,-1
2018521901927,1,9,0,9,0,5,0,0,0,0,3,1,6,2,39,7,1396,1,5,10,1,10
2018521901927,2,9,0,18,0,8,0,0,0,0,1,1,6,1,31,6,-1,-1,-1,4,1,4
2018521901958,1,9,0,18,0,1,0,0,0,0,2,1,6,1,39,7,1798,8,1,1,1,1
2018521901958,2,9,0,18,0,1,0,0,0,0,1,1,6,2,40,7,1497,1,16,-1,-1,-1
2018521901961,1,9,0,17,0,1,0,0,0,0,1,1,6,1,20,4,-1,-1,-1,5,1,5
2018521901961,2,1,0,17,0,1,0,0,1,0,2,1,6,1,48,8,-1,-1,-1,1,1,1
2018521901961,3,1,0,17,0,1,0,0,1,0,2,1,6,1,68,10,-1,-1,-1,7,1,7
2018521901964,1,9,0,18,0,0,0,0,0,0,1,1,6,1,23,5,1242,1,8,7,1,7
2018521902008,1,3,0,13,0,0,0,0,0,0,1,1,6,1,24,5,108,1,5,2,1,2
2018521902008,2,20,0,18,0,0,0,0,0,0,2,1,6,1,54,8,-1,-1,-1,-1,-1,-1
2018521902022,1,9,0,18,0,8,0,0,0,0,1,1,6,1,17,4,-1,-1,-1,8,3,8
2018521902022,2,17,0,9,0,5,0,0,0,0,1,1,6,1,76,11,6788,2,6,10,1,10
2018521902028,1,9,0,18,0,0,1,0,0,0,1,1,6,2,44,7,1896,2,14,9,1,9
2018521902028,2,9,0,18,0,0,0,0,0,0,2,1,6,1,50,8,1796,1,10,1,1,1
2018521902028,3,9,0,18,0,0,0,0,0,0,2,1,6,1,26,6,-1,-1,-1,8,3,8
2018521902028,4,9,0,18,0,0,1,0,0,0,0,1,6,2,23,5,-1,-1,-1,5,1,5
2018521902037,1,9,0,18,0,0,0,0,0,10,1,1,6,1,24,5,1796,1,21,1,1,1
2018521902043,1,1,0,18,0,0,0,0,0,0,1,1,6,1,18,4,-1,-1,-1,-1,-1,-1
2018521902043,2,9,0,18,0,0,0,0,0,0,1,1,6,1,77,11,-1,-1,-1,-1,-1,-1
2018521902049,1,8,0,18,0,8,0,0,0,0,0,1,6,1,20,4,-1,-1,-1,-1,-1,-1
2018521902055,1,9,0,18,0,0,1,0,0,0,1,1,6,1,32,6,-1,-1,-1,-1,-1,-1
2018521902059,1,9,0,18,0,0,0,0,0,0,4,1,6,1,74,10,-1,-1,-1,5,1,5
2018521902064,1,9,0,18,0,4,0,0,0,0,3,1,6,1,56,9,998,1,10,6,1,6
2018521902064,2,9,0,18,0,4,0,0,0,0,1,1,6,1,61,9,-1,-1,-1,4,1,4
2018521902065,1,9,0,18,0,0,0,0,0,0,2,1,6,2,28,6,1248,1,6,8,3,8
2018521902065,2,9,0,18,0,0,0,0,0,0,1,1,6,2,34,6,998,1,2,10,1,10
2018521902069,1,9,0,18,0,0,0,0,7,4,1,1,6,1,31,6,2494,1,17,-1,-1,-1
2018521902074,1,9,0,7,0,8,0,0,0,0,4,1,6,1,37,7,1497,1,14,7,3,7
2018521902074,2,9,0,18,0,8,0,0,0,0,3,1,6,1,32,6,1753,2,9,-1,-1,-1
2018521902075,1,9,0,18,0,1,0,0,0,0,1,1,6,2,35,6,-1,-1,-1,2,1,2
2018521902075,2,9,0,9,0,1,0,0,0,0,1,1,6,1,24,5,-1,-1,-1,1,1,1
2018521902083,1,11,0,18,0,0,0,0,0,0,4,1,6,3,-1,-1,-1,-1,-1,-1,-1,-1
2018521902083,2,1,0,18,0,0,0,0,0,0,3,1,6,2,29,6,-1,-1,-1,3,1,3
2018521902084,1,9,0,4,0,1,0,0,0,0,2,1,6,2,51,8,1461,2,-1,2,1,2
2018521902084,2,9,0,18,0,1,5,0,0,0,1,1,6,2,19,4,1240,1,15,10,1,10
2018521902086,1,9,0,18,0,1,0,0,0,0,1,1,6,1,30,6,2191,2,3,3,1,3
2018521902086,2,9,0,9,0,6,0,0,0,0,4,1,6,1,55,8,1498,1,4,5,1,5
2018521902087,1,9,0,18,0,1,0,0,0,0,1,1,2,2,30,6,999,1,1,7,1,7
2018521902087,2,9,0,18,0,1,0,0,0,0,2,1,6,1,32,6,-1,-1,-1,-1,-1,-1
2018521902090,1,9,0,18,0,8,0,0,0,0,3,1,6,1,29,6,-1,-1,-1,6,1,6
2018521902090,2,1,0,18,0,8,0,0,0,0,1,1,6,1,26,6,-1,-1,-1,1,1,1
2018521902093,1,9,0,17,0,8,0,0,0,0,1,1,6,2,42,7,1798,1,5,1,1,1
2018521902093,2,9,0,9,0,6,0,0,0,0,1,1,6,1,50,8,-1,-1,-1,9,1,9
2018521902094,1,9,0,18,0,0,0,0,0,0,1,1,6,1,42,7,1998,1,25,10,1,10
2018521902100,1,9,5,18,0,8,0,0,0,0,1,1,6,1,36,7,1560,2,4,1,1,1
2018521902100,2,9,0,9,0,6,0,0,0,0,1,1,6,1,31,6,1499,2,1,1,1,1
2018521902105,1,9,0,3,0,0,0,0,0,0,1,1,6,1,66,10,2993,2,3,10,3,10
2018521902105,2,9,0,18,0,0,0,0,0,0,1,1,6,1,31,6,1995,2,14,-1,1,-1
2018521902114,1,9,0,18,0,1,0,0,0,0,3,1,6,1,72,10,1798,8,1,6,1,6
2018521902117,1,9,0,18,0,1,0,0,0,0,1,1,6,1,50,8,1598,2,1,8,1,8
2018521902117,2,1,0,7,0,8,0,0,0,0,1,1,6,1,38,7,-1,-1,-1,8,1,8
2018521902128,1,9,0,9,0,1,0,0,0,0,1,1,6,1,18,4,1896,2,18,4,1,4
2018521902128,2,1,0,18,0,1,0,0,0,0,1,1,6,2,10,2,-1,-1,-1,5,1,5
2018521902129,1,4,0,15,0,0,0,0,0,0,4,1,6,2,54,8,113,1,3,6,1,6
2018521902132,1,9,0,11,0,8,0,0,0,0,4,1,6,1,65,9,1997,2,8,2,1,2