Accident_Index,Vehicle_Reference,Vehicle_Type,Towing_and_Articulation,Vehicle_Manoeuvre,Vehicle_Location-Restricted_Lane,Junction_Location,Skidding_and_Overturning,Hit_Object_in_Carriageway,Vehicle_Leaving_Carriageway,Hit_Object_off_Carriageway,1st_Point_of_Impact,Was_Vehicle_Left_Hand_Drive?,Journey_Purpose_of_Driver,Sex_of_Driver,Age_of_Driver,Age_Band_of_Driver,Engine_Capacity_(CC),Propulsion_Code,Age_of_Vehicle,Driver_IMD_Decile,Driver_Home_Area_Type,Vehicle_IMD_Decile
2018521902132,2,5,0,18,0,8,0,0,0,0,3,1,6,1,47,8,800,1,2,7,1,7
2018521902133,1,9,0,10,0,8,0,0,0,0,2,1,6,1,20,4,1969,2,-1,7,1,7
2018521902133,2,9,0,18,0,8,1,0,0,0,1,1,6,1,20,4,999,1,4,5,1,5
2018521902135,1,9,0,9,0,5,0,0,0,0,1,1,6,2,77,11,1339,1,12,10,1,10
2018521902135,2,1,0,10,0,1,0,0,0,0,1,1,6,1,55,8,-1,-1,-1,6,1,6
2018521902136,1,17,0,2,0,0,0,0,0,0,2,1,6,1,48,8,-1,2,14,7,3,7
2018521902136,2,9,0,18,0,0,0,0,0,0,1,1,6,1,78,11,1560,2,4,5,3,5
2018521902140,1,9,0,18,0,0,0,0,0,0,1,1,6,2,47,8,2000,2,12,6,1,6
2018521902142,1,9,0,15,0,1,0,0,0,0,1,1,6,2,51,8,-1,-1,-1,7,1,7
2018521902142,2,9,0,7,0,6,0,0,0,0,1,1,6,1,22,5,1149,1,5,7,3,7
2018521902151,1,19,0,1,0,8,0,0,0,0,3,1,6,2,28,6,2143,2,3,2,1,2
2018521902151,2,9,0,18,0,1,0,0,0,0,1,1,6,2,79,11,1240,1,11,10,1,10
2018521902153,1,9,0,18,0,1,0,0,0,0,1,1,6,2,37,7,-1,-1,-1,1,1,1
2018521902155,1,1,0,11,0,0,0,0,0,0,4,1,6,1,18,4,-1,-1,-1,7,1,7
2018521902155,2,8,0,18,2,0,0,0,0,0,1,1,6,1,46,8,1598,2,5,-1,-1,-1
2018521902160,1,9,0,9,0,6,0,0,0,0,3,1,6,1,26,6,-1,-1,-1,7,1,7
2018521902160,2,1,0,18,0,8,0,0,0,0,1,1,6,1,45,7,-1,-1,-1,-1,-1,-1
2018521902177,1,11,0,2,0,0,0,0,0,0,2,1,6,1,43,7,-1,-1,-1,6,1,6
2018521902177,2,11,0,14,0,0,0,4,0,0,4,1,6,1,30,6,-1,2,7,-1,-1,-1
2018521902203,1,9,0,3,0,8,0,0,0,0,3,1,6,2,47,8,1299,1,21,3,1,3
2018521902203,2,2,0,13,0,8,0,0,0,0,4,1,6,1,60,9,49,1,4,10,1,10
2018521902217,1,21,0,18,0,0,0,0,0,0,1,1,6,1,17,4,-1,-1,-1,8,1,8
2018521902217,2,9,0,18,0,0,0,0,0,0,1,1,6,1,29,6,-1,-1,-1,10,-1,10
2018521902219,1,9,0,3,0,1,0,0,0,0,2,1,6,2,19,4,1248,1,8,9,1,9
2018521902219,2,19,0,3,0,1,0,0,0,0,2,1,6,1,29,6,-1,-1,-1,1,1,1
2018521902219,3,9,0,18,0,1,0,0,0,0,1,1,6,2,19,4,1108,1,10,10,1,10
2018521902221,1,9,0,18,0,8,0,0,0,0,1,1,6,1,33,6,-1,-1,-1,3,-1,3
2018521902221,2,1,0,18,0,8,0,0,0,0,1,1,6,1,23,5,-1,-1,-1,7,1,7
2018521902226,1,2,0,18,0,0,0,0,0,0,4,1,6,1,16,4,49,1,2,5,1,5
2018521902226,2,1,0,9,0,0,0,0,0,0,3,1,6,1,19,4,-1,-1,-1,8,1,8
2018521902227,1,9,0,18,0,8,0,0,1,9,4,1,6,1,42,7,1598,2,2,8,3,8
2018521902227,2,1,0,18,0,8,0,0,0,0,0,1,6,1,51,8,-1,-1,-1,9,3,9
2018521902228,1,97,0,18,0,0,1,0,0,0,1,1,6,2,22,5,-1,-1,-1,8,3,8
2018521902228,2,9,0,18,0,0,0,0,0,0,2,1,6,2,27,6,1242,1,12,4,1,4
2018521902228,3,9,0,18,0,0,0,0,0,0,2,1,6,2,38,7,1598,2,5,10,1,10
2018521902239,1,9,0,3,0,1,0,0,0,0,1,1,1,1,27,6,1686,2,5,2,1,2
2018521902239,2,3,0,3,0,1,0,0,1,0,2,1,6,1,60,9,1250,1,5,3,1,3
2018521902244,1,9,0,18,0,6,0,0,0,0,1,1,6,2,76,11,1339,1,10,10,1,10
2018521902244,2,9,0,18,0,8,0,0,0,0,1,1,6,2,37,7,1796,1,15,10,1,10
2018521902248,1,9,0,18,0,1,0,0,0,0,1,1,6,3,-1,-1,-1,-1,-1,-1,-1,-1
2018521902248,2,9,0,18,0,1,0,0,0,0,2,1,6,2,30,6,1364,1,13,6,1,6
2018521902248,3,19,0,18,0,1,0,0,0,0,4,1,6,1,23,5,2287,2,6,-1,-1,-1
2018521902248,4,9,0,18,0,1,0,0,0,0,3,1,6,2,34,6,1399,2,7,7,1,7
2018521902248,5,9,0,18,0,1,0,0,0,0,2,1,6,2,43,7,1598,2,5,8,1,8
2018521902255,1,9,0,4,0,2,0,0,0,0,2,1,6,1,60,9,-1,-1,-1,10,1,10
2018521902255,2,3,0,18,0,2,0,0,0,0,1,1,6,1,27,6,-1,-1,-1,10,1,10
2018521902258,1,9,0,10,0,8,0,0,0,0,2,1,6,1,37,7,1997,2,3,1,1,1
2018521902258,2,9,0,18,0,8,0,0,0,0,1,1,6,2,20,4,1248,2,9,4,1,4
2018521902259,1,9,0,18,0,1,0,0,0,0,3,1,6,1,29,6,1598,1,10,7,3,7
2018521902259,2,9,0,18,0,1,0,0,0,0,1,1,6,1,55,8,999,1,-1,-1,-1,-1
2018521902260,1,19,0,18,0,1,0,0,0,0,1,1,6,1,31,6,2402,2,12,1,1,1
2018521902260,2,9,0,18,0,6,0,0,1,2,4,1,6,2,73,10,1198,1,11,5,1,5
2018521902262,1,9,0,7,0,1,0,0,0,0,3,1,6,1,18,4,1398,1,3,9,1,9
2018521902265,1,9,0,17,0,8,0,0,0,1,1,1,6,3,-1,-1,-1,-1,-1,-1,-1,-1
2018521902267,1,9,0,9,0,5,0,0,0,0,2,1,6,1,64,9,1248,1,10,4,1,4
2018521902267,2,3,0,18,2,8,0,0,0,0,1,1,6,1,33,6,-1,-1,-1,4,1,4
2018521902268,1,4,0,3,0,0,0,0,0,0,2,1,6,1,26,6,-1,-1,-1,4,1,4
2018521902268,2,9,0,18,0,0,0,0,0,0,1,1,6,1,30,6,-1,-1,-1,10,1,10
2018521902270,1,9,0,18,0,0,0,0,0,0,2,1,6,1,75,10,1595,1,3,5,1,5
2018521902270,2,9,0,18,0,0,0,0,5,0,1,1,6,2,39,7,998,1,3,6,1,6
2018521902270,3,9,0,18,0,0,0,0,0,0,1,1,6,3,-1,-1,-1,-1,-1,-1,-1,-1
2018521902270,4,9,0,18,0,0,0,0,0,0,1,1,6,1,28,6,-1,-1,-1,8,1,8
2018521902272,1,9,0,18,0,2,0,0,0,0,3,1,6,2,22,5,1242,1,10,9,1,9
2018521902272,2,11,0,18,0,2,0,0,0,0,1,1,6,1,61,9,10837,2,2,8,1,8
2018521902274,1,9,0,18,0,0,0,0,0,0,0,1,6,3,-1,-1,-1,-1,-1,-1,-1,-1
2018521902274,2,9,0,18,0,0,0,0,0,0,1,1,6,2,45,7,-1,-1,-1,-1,1,-1
2018521902274,3,9,0,18,0,0,0,0,0,0,2,1,6,2,45,7,-1,-1,-1,10,1,10
2018521902274,4,9,0,18,0,0,0,0,0,0,3,1,6,2,58,9,-1,-1,-1,7,1,7
2018521902277,1,9,0,18,0,1,0,0,0,0,4,1,6,2,56,9,-1,-1,-1,8,1,8
2018521902288,1,9,0,12,0,0,0,0,0,0,3,1,6,1,30,6,1368,1,12,7,1,7
2018521902288,2,5,0,14,0,0,0,0,0,0,1,1,6,1,30,6,900,1,-1,10,-1,10
2018521902291,1,9,0,18,0,0,0,0,0,0,1,1,6,1,61,9,1498,1,9,4,1,4
2018521902291,2,9,0,18,0,0,0,0,0,0,1,1,6,1,48,8,1242,1,4,7,1,7
2018521902295,1,11,0,18,2,1,0,0,0,0,3,1,6,1,30,6,9360,2,10,3,1,3
2018521902295,2,9,0,14,2,1,0,0,0,0,4,1,6,1,28,6,-1,-1,-1,1,1,1
2018521902298,1,19,0,10,0,8,0,0,0,0,1,1,6,1,51,8,2287,2,2,6,2,6
2018521902298,2,3,0,18,0,1,1,0,0,0,1,1,6,1,19,4,108,1,-1,1,1,1
2018521902300,1,9,0,18,0,0,0,0,0,0,1,1,6,2,82,11,2902,2,10,-1,2,-1
2018521902300,2,9,0,3,0,0,0,0,0,0,2,1,6,1,30,6,-1,-1,-1,-1,-1,-1
2018521902300,3,9,0,18,0,0,0,0,0,0,3,1,6,1,30,6,1596,1,14,8,3,8
2018521902305,1,9,0,18,0,0,5,0,1,3,1,1,6,2,18,4,1870,2,11,9,2,9
2018521902309,1,9,0,18,0,0,0,0,0,0,1,1,6,2,61,9,1995,2,1,7,1,7
2018521902309,2,9,0,2,0,0,0,0,0,0,4,1,6,3,-1,-1,2497,1,13,-1,-1,-1
2018521902317,1,9,0,17,0,8,0,0,0,0,4,1,6,1,23,5,1598,1,17,5,3,5
2018521902317,2,9,0,16,0,8,0,0,0,0,1,1,6,2,46,8,1997,2,8,2,1,2
2018521902318,1,1,0,18,0,8,0,0,0,0,1,1,6,1,67,10,-1,-1,-1,9,1,9
2018521902318,2,9,0,18,0,8,0,0,0,0,1,1,6,1,80,11,2099,1,15,8,1,8
2018521902322,1,9,0,2,0,0,0,0,0,0,4,1,6,2,70,10,1242,1,8,7,3,7
2018521902325,1,9,0,18,0,0,0,0,0,0,1,1,6,1,70,10,1997,2,3,6,3,6
2018521902325,2,9,0,18,0,0,0,0,0,0,2,1,6,2,44,7,1242,1,19,4,1,4
2018521902325,3,9,0,18,0,0,0,0,0,0,2,1,6,1,49,8,-1,-1,-1,1,1,1
2018521902327,1,9,0,4,0,0,0,0,0,0,2,1,6,2,36,7,1968,2,3,10,1,10
2018521902327,2,9,0,18,0,0,0,0,0,0,1,1,6,2,47,8,1995,2,8,9,1,9
2018521902328,1,9,0,9,0,8,0,0,0,0,1,1,6,2,38,7,-1,-1,-1,4,1,4
2018521902328,2,1,0,9,0,8,0,0,0,0,1,1,6,2,55,8,-1,-1,-1,3,1,3
2018521902330,1,9,0,2,0,0,0,0,0,0,3,1,6,1,38,7,1229,1,12,1,1,1
2018521902330,2,9,0,18,0,0,0,0,0,0,1,1,6,1,62,9,1995,2,4,2,1,2
2018521902332,1,19,0,6,0,0,0,0,0,0,4,1,6,1,25,5,1560,2,-1,-1,1,-1
2018521902332,2,1,0,18,0,0,0,0,0,0,3,1,6,1,42,7,-1,-1,-1,10,1,10
2018521902334,1,9,0,4,0,1,0,0,0,0,2,1,6,1,28,6,-1,-1,-1,7,1,7
2018521902334,2,9,0,18,0,1,0,0,0,0,1,1,6,2,31,6,-1,-1,-1,10,1,10
2018521902337,1,9,0,18,0,1,0,0,0,0,1,1,6,1,30,6,-1,-1,-1,5,3,5
2018521902338,1,9,0,9,0,8,0,0,0,0,4,1,6,2,61,9,1998,1,16,10,2,10
2018521902338,2,9,0,18,0,8,0,0,1,10,1,1,6,2,63,9,1461,2,11,6,1,6
2018521902342,1,9,0,18,0,1,0,0,0,0,1,1,6,2,20,4,-1,-1,-1,8,1,8
2018521902342,2,1,0,18,0,1,0,0,0,0,1,1,6,1,22,5,-1,-1,-1,3,1,3
2018521902346,1,9,0,18,0,8,0,0,0,0,1,1,6,1,37,7,998,1,5,7,1,7
2018521902346,2,9,0,18,0,8,0,0,0,0,1,1,3,1,31,6,998,1,13,1,1,1
2018521902351,1,9,0,18,0,2,0,0,0,0,1,1,6,2,35,6,-1,-1,-1,9,1,9
2018521902351,2,9,0,18,0,2,0,0,0,0,2,1,6,1,22,5,1956,2,6,1,1,1
2018521902352,1,9,0,18,0,0,0,0,0,0,4,1,6,1,36,7,-1,-1,-1,3,1,3
2018521902353,1,9,0,-1,0,8,0,0,0,0,4,1,6,1,41,7,1461,2,3,10,1,10
2018521902353,2,1,0,18,0,8,0,0,0,0,1,1,6,1,54,8,-1,-1,-1,9,1,9
2018521902354,1,9,0,18,0,8,0,0,1,10,1,1,6,1,35,6,1299,1,12,1,1,1
2018521902354,2,9,0,7,0,8,0,0,0,0,0,1,6,1,43,7,1248,2,11,7,1,7
2018521902362,1,9,0,18,0,8,0,0,0,0,4,1,6,2,32,6,1390,1,5,10,1,10
2018521902367,1,9,0,18,0,0,0,0,0,0,1,1,6,1,71,10,-1,-1,-1,8,1,8
2018521902367,2,9,0,18,0,0,0,0,0,0,1,1,6,1,24,5,1390,1,6,6,1,6
2018521902392,1,9,0,9,0,8,0,0,0,0,2,1,6,1,26,6,1956,2,4,4,1,4
2018521902392,2,9,0,9,0,8,0,0,0,0,1,1,6,1,23,5,1364,1,14,3,1,3
2018521902400,1,9,0,18,0,0,0,0,0,0,1,1,6,1,65,9,1560,2,5,2,1,2
2018521902418,1,1,0,9,0,8,0,0,0,0,4,1,6,1,33,6,-1,-1,-1,1,1,1
2018521902418,2,9,0,18,0,8,0,0,0,0,1,1,6,1,77,11,998,1,-1,2,1,2
2018521902419,1,9,0,5,0,1,0,0,0,0,1,1,6,1,36,7,2148,2,12,4,1,4
2018521902419,2,9,0,3,0,1,0,0,0,0,2,1,6,2,22,5,1461,2,16,4,1,4
2018521902419,3,9,0,3,0,1,0,0,0,0,2,1,6,2,30,6,1598,1,4,10,1,10
2018521902419,4,9,0,3,0,1,0,0,0,0,2,1,6,1,27,6,1995,2,8,3,1,3
2018521902420,1,9,0,18,0,2,0,0,0,10,1,1,6,3,20,4,1597,1,21,-1,-1,-1
2018521902421,1,9,0,2,0,0,0,0,0,0,3,1,6,1,42,7,-1,-1,-1,-1,1,-1
2018521902421,2,1,0,18,0,0,0,8,0,0,3,1,6,2,73,10,-1,-1,-1,8,1,8
2018521902422,1,9,0,18,0,0,0,0,0,0,1,1,6,1,39,7,3200,2,14,4,1,4
2018521902426,1,4,0,18,0,8,0,0,0,0,1,1,6,1,54,8,-1,-1,-1,9,1,9
2018521902426,2,9,0,11,0,8,0,0,0,0,4,1,6,2,66,10,1997,2,2,7,3,7
2018521902427,1,9,0,7,0,6,0,0,0,0,1,1,6,2,67,10,1998,1,-1,5,1,5
2018521902427,2,1,0,18,0,1,0,0,0,0,1,1,6,1,31,6,-1,-1,-1,5,1,5
2018521902429,1,9,0,18,0,0,5,0,0,0,1,1,6,2,42,7,1986,1,9,7,1,7
2018521902429,2,9,0,18,0,0,0,0,0,0,1,1,6,2,30,6,1198,1,4,7,1,7
2018521902430,1,9,0,18,0,0,0,0,0,0,1,1,6,2,42,7,2179,2,5,2,1,2
2018521902432,1,9,0,18,0,0,0,0,0,0,1,1,6,1,25,5,1956,2,4,7,1,7
2018521902437,1,9,0,18,0,0,0,0,0,0,1,1,6,1,46,8,-1,-1,-1,-1,-1,-1
2018521902437,2,9,0,18,0,0,0,0,0,0,2,1,6,2,39,7,2993,2,14,-1,-1,-1
2018521902438,1,11,0,18,0,2,0,0,0,0,3,1,1,1,35,6,6700,2,2,5,1,5
2018521902439,1,9,0,16,0,0,0,0,0,0,1,1,6,3,-1,-1,998,1,16,-1,-1,-1
2018521902439,2,1,0,17,0,0,0,0,0,0,1,1,4,1,16,4,-1,-1,-1,1,1,1
2018521902441,1,9,0,9,0,3,0,0,0,0,4,1,6,1,38,7,-1,-1,-1,4,1,4
2018521902441,2,9,0,7,0,4,0,0,0,0,1,1,6,1,51,8,1997,2,5,1,1,1
2018521902444,1,9,0,9,0,1,0,0,0,0,1,1,6,2,41,7,1686,2,11,7,1,7
2018521902444,2,4,0,14,0,1,0,0,0,0,1,1,6,1,22,5,125,1,1,6,2,6
2018521902445,1,9,0,7,0,8,0,0,0,0,3,1,6,1,37,7,1685,2,1,3,1,3
2018521902445,2,1,0,9,0,8,0,0,0,0,1,1,6,1,53,8,-1,-1,-1,6,1,6
2018521902447,1,9,0,18,0,0,0,0,0,0,3,1,6,1,27,6,1390,1,14,3,1,3
2018521902450,1,9,0,1,0,0,0,0,0,0,2,1,6,1,57,9,1461,2,4,10,1,10
2018521902450,2,4,0,18,0,0,0,4,0,0,1,1,6,1,25,5,400,1,11,-1,-1,-1
2018521902450,3,9,0,2,0,0,0,0,0,0,1,1,6,3,-1,-1,1390,1,8,-1,-1,-1
2018521902451,1,9,0,18,0,8,5,0,0,0,1,1,6,1,27,6,1397,1,16,3,1,3
2018521902451,2,9,0,18,0,8,0,0,0,0,4,1,6,1,25,5,-1,-1,-1,2,1,2
2018521902454,1,1,0,18,0,8,0,0,0,0,1,1,6,1,22,5,-1,-1,-1,3,1,3
2018521902454,2,9,0,18,0,8,0,0,0,0,1,1,6,3,35,6,-1,-1,-1,-1,-1,-1
2018521902455,1,9,0,18,0,8,0,0,0,0,1,1,6,1,66,10,1461,2,1,4,3,4
2018521902455,2,9,0,7,0,8,0,0,0,0,1,1,6,2,18,4,998,1,10,8,3,8
2018521902474,1,9,0,1,0,8,0,0,0,0,1,1,6,1,25,5,1968,2,13,1,1,1
2018521902477,1,9,0,11,0,0,0,0,0,0,4,1,6,3,-1,-1,-1,-1,-1,-1,-1,-1
2018521902477,2,9,0,18,0,0,0,0,0,0,3,1,6,2,52,8,-1,-1,-1,8,3,8
2018521902480,1,9,0,18,0,0,0,0,0,0,4,1,6,2,28,6,1388,1,8,4,1,4
2018521902480,2,9,0,18,0,0,0,0,0,0,1,1,6,1,25,5,-1,-1,-1,5,3,5
2018521902486,1,9,4,4,0,4,0,0,0,0,2,1,6,1,64,9,-1,-1,-1,-1,1,-1
2018521902486,2,9,0,4,0,4,0,0,0,0,1,1,6,1,23,5,-1,-1,-1,6,1,6
2018521902487,1,9,0,18,0,0,0,0,0,0,1,1,6,1,48,8,-1,-1,-1,6,1,6
2018521902487,2,9,0,4,0,0,0,0,0,0,2,1,6,1,51,8,1612,1,7,7,1,7
2018521902487,3,9,0,4,0,0,0,0,0,0,2,1,6,1,42,7,1798,8,1,10,1,10
2018521902501,1,19,0,18,0,0,0,11,0,0,1,1,6,1,55,8,1248,2,2,10,1,10
2018521902501,2,9,0,18,0,0,0,0,0,0,1,1,6,1,66,10,1956,2,2,9,1,9
2018521902529,1,9,0,9,0,5,0,0,0,0,1,1,6,2,51,8,1598,1,5,7,1,7
2018521902529,2,1,0,10,0,1,0,0,0,0,1,1,6,1,39,7,-1,-1,-1,7,1,7
2018521902535,1,9,0,3,0,0,0,0,0,0,2,1,6,1,63,9,1997,1,3,9,1,9
2018521902535,2,9,0,3,0,0,0,0,0,0,2,1,6,2,45,7,1997,2,6,6,1,6
2018521902535,3,9,0,18,0,0,0,0,0,0,1,1,6,2,67,10,1461,2,1,5,1,5
2018521902539,1,8,0,3,0,8,0,0,0,0,1,1,6,1,33,6,1598,2,3,1,1,1
2018521902539,2,1,0,7,0,8,0,0,0,0,1,1,6,1,33,6,-1,-1,-1,1,1,1
2018521902542,1,1,0,18,0,8,0,0,0,0,4,1,6,1,52,8,-1,-1,-1,8,1,8
2018521902542,2,9,0,7,0,6,0,0,0,0,1,1,6,2,52,8,1200,1,1,8,1,8
2018521902546,1,9,0,9,0,1,0,0,0,0,3,1,6,2,31,6,1753,2,11,2,1,2
2018521902546,2,1,0,9,0,5,0,0,0,0,4,1,6,1,16,4,-1,-1,-1,2,1,2
2018521902551,1,2,0,18,0,1,0,0,0,0,1,1,6,1,29,6,49,1,4,1,1,1
2018521902551,2,20,0,9,0,1,0,0,0,0,1,1,6,1,35,6,-1,-1,-1,-1,-1,-1
2018521902554,1,9,0,18,0,0,0,11,0,7,1,1,6,1,78,11,1598,1,9,-1,-1,-1
2018521902555,1,9,0,18,0,1,0,0,0,0,1,1,6,1,49,8,1360,1,13,1,1,1
2018521902557,1,9,0,9,0,8,0,0,0,0,4,1,6,2,43,7,1968,2,5,10,1,10
2018521902557,2,1,0,18,0,1,0,0,0,0,1,1,6,1,39,7,-1,-1,-1,9,1,9
2018521902558,1,9,0,18,0,1,0,0,0,0,1,1,6,1,53,8,1998,1,15,8,3,8
2018521902558,2,9,0,9,0,1,0,0,0,0,1,1,6,2,31,6,-1,-1,-1,2,1,2
2018521902561,1,9,0,18,0,0,0,0,0,0,2,1,6,1,28,6,1968,2,5,-1,1,-1
2018521902561,2,9,0,18,0,0,0,0,0,0,1,1,6,1,38,7,1995,2,9,8,2,8
2018521902562,1,9,0,9,0,8,0,0,0,0,1,1,6,2,36,7,1200,1,1,4,1,4
2018521902562,2,1,0,18,0,8,0,0,0,0,4,1,6,1,36,7,-1,-1,-1,5,1,5
2018521902564,1,9,0,18,0,2,0,0,0,0,2,1,6,1,59,9,1968,2,11,5,1,5
2018521902564,2,9,0,18,0,2,0,0,0,0,1,1,6,2,50,8,1198,1,16,10,1,10
2018521902564,3,9,0,18,0,2,0,0,0,0,1,1,6,2,50,8,1390,1,13,4,1,4
2018521902564,4,9,0,18,0,2,0,0,0,0,1,1,6,2,28,6,1461,2,2,5,1,5
2018521902565,1,9,0,18,0,0,0,0,0,0,1,1,6,1,26,6,1595,1,9,9,1,9
2018521902565,2,9,0,18,0,0,0,0,0,0,1,1,6,1,64,9,2500,2,16,8,3,8
2018521902566,1,9,0,5,0,4,0,0,0,0,1,1,6,2,62,9,998,1,9,4,1,4
2018521902566,2,1,0,18,0,1,0,0,0,0,0,1,6,2,21,5,-1,-1,-1,8,1,8
2018521902567,1,9,0,2,0,0,0,0,0,0,3,1,6,3,-1,-1,2231,2,11,-1,-1,-1
2018521902567,2,19,0,18,0,0,0,0,0,0,1,1,6,3,-1,-1,1753,2,10,-1,-1,-1
2018521902571,1,9,0,18,0,1,0,0,0,0,1,1,6,1,74,10,2148,2,9,9,1,9
2018521902572,1,9,0,3,0,2,0,0,0,0,2,1,6,1,30,6,1560,2,5,3,1,3
2018521902572,2,9,0,18,0,2,0,0,0,0,1,1,6,2,27,6,1496,2,3,6,-1,6
2018521902576,1,9,0,9,0,8,0,0,0,0,1,1,6,1,47,8,1999,2,2,5,1,5
2018521902583,1,9,0,18,0,8,0,0,0,0,4,1,6,2,22,5,1995,2,10,7,1,7
2018521902583,2,9,0,18,0,8,0,0,1,1,3,1,6,2,70,10,1149,1,10,6,1,6
2018521902584,1,9,0,8,0,8,0,0,0,0,2,1,6,2,26,6,1149,1,13,2,1,2
2018521902584,2,9,0,8,0,8,0,0,0,0,1,1,6,3,35,6,-1,-1,-1,-1,-1,-1
2018521902588,1,9,0,18,0,1,0,0,0,0,3,1,6,1,29,6,-1,-1,-1,2,1,2
2018521902592,1,9,0,9,0,8,0,0,0,0,4,1,6,1,51,8,-1,-1,-1,7,1,7
2018521902592,2,4,0,18,0,1,0,0,0,0,1,1,6,2,45,7,998,1,-1,4,1,4
2018521902597,1,9,0,18,0,0,0,0,0,0,1,1,6,1,23,5,1968,2,9,6,3,6
2018521902597,2,9,0,18,0,0,0,0,0,0,2,1,6,1,47,8,-1,-1,-1,2,1,2
2018521902597,3,9,0,18,0,0,0,0,0,0,2,1,6,1,31,6,4163,1,10,6,3,6
2018521902600,1,9,0,15,0,0,0,0,0,0,1,1,6,1,53,8,-1,-1,-1,-1,-1,-1
2018521902601,1,9,0,5,0,1,0,0,0,0,1,1,6,1,32,6,-1,-1,-1,7,1,7
2018521902604,1,9,0,18,0,0,0,0,0,0,1,1,6,1,32,6,1870,2,14,6,1,6
2018521902604,2,9,0,4,0,0,0,0,0,0,2,1,6,2,53,8,-1,-1,-1,10,1,10
2018521902606,1,9,0,18,0,0,0,0,0,0,1,1,6,2,29,6,1910,2,12,8,3,8
2018521902613,1,9,0,18,0,2,0,0,0,0,1,1,6,2,25,5,1398,2,14,8,1,8
2018521902613,2,9,0,18,0,2,0,0,0,0,2,1,6,2,86,11,998,1,5,8,1,8
2018521902617,1,9,0,18,0,0,0,0,0,0,1,1,6,1,71,10,1200,1,-1,7,3,7
2018521902617,2,9,0,18,0,0,0,0,0,0,3,1,6,1,38,7,1560,2,6,9,1,9
2018521902617,3,9,0,18,0,0,0,0,0,0,3,1,6,2,53,8,1995,2,5,5,1,5
2018521902619,1,9,0,1,0,8,0,0,0,0,2,1,6,3,-1,-1,-1,-1,-1,-1,-1,-1
2018521902622,1,3,0,14,0,8,0,0,0,0,1,1,6,1,41,7,125,1,10,5,1,5
2018521902622,2,9,0,9,0,5,0,0,0,0,3,1,6,2,63,9,1900,2,12,10,1,10
2018521902623,1,9,0,9,0,5,0,0,0,0,1,1,6,1,30,6,-1,-1,-1,4,1,4
2018521902623,2,4,0,18,0,8,0,0,0,0,1,1,6,1,19,4,124,1,-1,4,1,4
2018521902625,1,9,0,18,0,1,0,0,0,0,1,1,6,2,61,9,1590,1,15,5,1,5
2018521902627,1,9,0,18,0,8,0,0,0,0,1,1,6,3,-1,-1,-1,-1,-1,-1,-1,-1
2018521902627,2,9,0,9,0,8,0,0,0,0,4,1,6,1,29,6,1598,1,11,7,3,7
2018521902633,1,97,0,18,5,0,0,0,0,10,1,1,6,3,30,6,-1,-1,-1,-1,-1,-1
2018521902635,1,9,0,5,0,1,0,0,0,0,1,1,6,2,30,6,-1,-1,-1,-1,-1,-1
2018521902637,1,9,0,11,0,0,0,0,0,0,1,1,6,2,28,6,1198,1,13,8,1,8
2018521902637,2,9,0,18,0,0,0,0,0,0,3,1,6,2,38,7,1388,1,9,6,1,6
2018521902637,3,9,0,18,0,0,0,0,0,0,0,1,6,3,30,6,-1,-1,-1,-1,-1,-1
2018521902638,1,9,0,18,0,0,0,0,0,0,1,1,6,1,66,10,1461,2,2,-1,-1,-1
2018521902638,2,9,0,18,0,0,0,0,0,0,2,1,6,1,40,7,-1,-1,-1,10,1,10
2018521902644,1,9,0,3,0,1,0,0,0,0,2,1,6,2,50,8,1199,1,-1,9,1,9
2018521902644,2,9,0,18,0,1,0,0,0,0,1,1,6,2,27,6,1783,1,16,4,1,4
2018521902649,1,9,0,18,0,3,0,10,4,2,1,1,6,1,31,6,1796,1,19,1,1,1
2018521902653,1,8,0,10,2,8,0,0,0,0,1,1,1,1,76,11,2776,2,2,3,1,3
2018521902653,2,3,0,18,0,6,0,0,0,0,1,1,6,1,25,5,125,1,2,4,1,4
2018521902654,1,9,0,18,0,8,0,0,0,0,1,1,6,2,56,9,-1,-1,-1,3,1,3
2018521902654,2,9,0,18,0,8,0,0,0,0,1,1,6,2,34,6,1248,2,10,1,1,1
2018521902657,1,9,0,3,0,2,0,0,0,0,2,1,6,2,19,4,1198,1,7,6,1,6
2018521902657,2,9,0,17,0,2,0,0,0,0,1,1,6,1,48,8,1968,2,9,7,1,7
2018521902658,1,8,0,5,0,0,0,0,0,0,4,1,6,2,35,6,2400,2,3,7,1,7
2018521902662,1,9,0,12,0,3,1,0,0,0,4,1,6,1,28,6,1395,1,2,-1,-1,-1
2018521902662,2,9,0,2,0,1,0,0,0,0,2,1,6,1,37,7,1498,1,2,-1,1,-1
2018521902728,1,9,0,2,0,2,0,0,0,0,4,1,6,3,-1,-1,998,1,12,-1,-1,-1
2018521902728,2,1,0,18,0,1,0,0,0,0,4,1,6,1,71,10,-1,-1,-1,10,1,10
2018521902732,1,9,0,18,0,0,0,0,0,0,1,1,6,2,35,6,1968,2,1,3,1,3
2018521902732,2,9,0,2,0,0,0,0,0,0,2,1,6,3,-1,-1,1997,1,5,-1,-1,-1
2018521902733,1,9,0,18,0,0,0,0,0,0,2,1,6,1,51,8,1595,1,-1,4,1,4