Accident_Index,Vehicle_Reference,Vehicle_Type,Towing_and_Articulation,Vehicle_Manoeuvre,Vehicle_Location-Restricted_Lane,Junction_Location,Skidding_and_Overturning,Hit_Object_in_Carriageway,Vehicle_Leaving_Carriageway,Hit_Object_off_Carriageway,1st_Point_of_Impact,Was_Vehicle_Left_Hand_Drive?,Journey_Purpose_of_Driver,Sex_of_Driver,Age_of_Driver,Age_Band_of_Driver,Engine_Capacity_(CC),Propulsion_Code,Age_of_Vehicle,Driver_IMD_Decile,Driver_Home_Area_Type,Vehicle_IMD_Decile
2018530305057,1,9,0,18,0,2,0,0,0,0,4,1,6,2,66,10,1991,2,11,-1,-1,-1
2018530305267,1,9,0,3,0,0,0,0,0,0,1,1,6,2,37,7,1560,2,7,5,1,5
2018530305267,2,9,0,18,0,0,0,0,0,0,3,1,6,1,37,7,1840,1,17,7,3,7
2018530305468,1,9,0,18,0,0,5,11,0,0,4,1,5,1,40,7,1796,1,7,10,1,10
2018530305468,2,9,0,2,0,0,0,0,0,0,1,1,5,1,34,6,1398,1,1,2,1,2
2018530305496,1,9,0,18,0,4,0,0,0,0,4,1,2,2,28,6,1968,2,1,4,1,4
2018530305496,2,1,0,8,0,4,0,0,0,0,1,1,2,1,28,6,-1,-1,-1,9,-1,9
2018530305515,1,3,0,14,0,0,0,0,0,0,1,1,1,1,29,6,125,1,-1,10,3,10
2018530305515,2,9,0,5,0,0,0,0,0,0,1,1,1,1,40,7,1499,2,2,8,3,8
2018530305532,1,9,0,1,0,0,0,0,0,0,2,1,6,1,14,3,1988,1,16,5,3,5
2018530305532,2,9,0,2,0,0,0,0,0,0,1,1,6,3,-1,-1,1248,1,6,-1,-1,-1
2018530305544,1,9,0,13,0,0,0,0,0,0,0,1,6,3,-1,-1,-1,-1,-1,-1,-1,-1
2018530305544,2,1,0,18,0,0,0,0,0,0,4,1,6,2,40,7,-1,-1,-1,10,3,10
2018530305576,1,9,0,9,0,5,0,0,0,0,1,1,6,1,71,10,1598,2,6,7,3,7
2018530305576,2,1,0,18,0,1,0,0,0,0,1,1,6,1,41,7,-1,-1,-1,9,2,9
2018530305590,1,9,0,18,0,0,0,0,0,0,2,1,6,2,40,7,1968,2,3,8,1,8
2018530305590,2,98,0,3,0,0,0,0,0,0,1,1,6,1,29,6,-1,-1,-1,1,1,1
2018530305602,1,5,0,16,0,0,0,0,7,4,1,1,6,2,39,7,998,1,10,-1,1,-1
2018530305613,1,9,0,4,0,1,0,0,0,0,4,1,1,2,51,8,1591,1,1,1,1,1
2018530305613,2,1,0,18,0,1,0,0,0,0,3,1,4,1,16,4,-1,-1,-1,1,1,1
2018530305686,1,9,0,9,0,0,0,0,0,0,1,1,2,1,32,6,1596,1,15,6,1,6
2018530305686,2,5,0,18,0,0,0,0,0,0,1,1,1,1,26,6,782,1,14,9,1,9
2018530305731,1,9,0,18,0,0,0,0,0,0,1,1,6,2,52,8,2000,1,13,2,1,2
2018530305731,2,9,0,18,0,0,0,0,0,0,1,1,6,2,74,10,1197,1,4,6,3,6
2018530305753,1,9,0,5,8,1,0,0,0,0,0,1,6,3,-1,-1,-1,-1,-1,-1,-1,-1
2018530305753,2,98,0,18,0,1,0,0,0,0,0,1,1,3,-1,-1,-1,-1,-1,-1,-1,-1
2018530305753,3,3,0,18,0,1,2,10,1,0,0,1,2,1,32,6,124,1,9,2,1,2
2018530305754,1,9,0,18,0,0,0,0,0,0,3,1,6,1,39,7,2995,1,1,10,3,10
2018530305769,1,9,0,17,0,0,0,0,0,0,1,1,6,2,68,10,-1,-1,-1,7,3,7
2018530305769,2,9,0,16,0,0,0,0,0,0,1,1,6,1,33,6,1896,2,13,8,3,8
2018530305796,1,9,0,18,0,0,0,0,0,0,1,1,6,1,36,7,1600,1,18,9,1,9
2018530305796,2,9,0,3,0,0,0,0,0,0,2,1,6,2,56,9,1598,2,3,9,1,9
2018530305798,1,9,0,18,0,8,0,0,0,0,1,1,6,2,-1,-1,1242,1,9,-1,-1,-1
2018530305798,2,1,0,18,0,8,0,0,0,0,1,1,6,1,31,6,-1,-1,-1,4,1,4
2018530305805,1,9,0,18,0,1,0,0,0,0,1,1,6,1,-1,-1,-1,-1,-1,-1,-1,-1
2018530305822,1,9,0,18,0,0,0,0,0,0,1,1,5,1,68,10,2231,2,4,9,2,9
2018530305822,2,9,0,18,0,0,0,0,1,0,3,1,1,1,54,8,1997,2,2,5,3,5
2018530305822,3,9,0,18,0,0,0,0,1,0,1,1,2,1,24,5,1560,2,6,10,1,10
2018530305833,1,1,0,18,0,2,0,0,0,0,3,1,6,1,45,7,-1,-1,-1,5,1,5
2018530305833,2,98,0,18,0,2,0,0,0,0,4,1,6,3,-1,-1,-1,-1,-1,-1,-1,-1
2018530305844,1,9,0,18,0,0,0,0,0,0,1,1,6,2,60,9,1422,2,10,7,1,7
2018530305844,2,9,0,18,0,0,0,0,0,0,2,1,6,2,33,6,1598,1,13,4,1,4
2018530305861,1,9,0,18,0,0,0,0,0,0,0,1,6,1,23,5,-1,-1,-1,6,2,6
2018530305902,1,98,0,9,0,0,0,0,0,0,3,1,1,1,49,8,-1,-1,-1,10,1,10
2018530305902,2,5,0,9,0,0,2,0,0,0,1,1,1,1,45,7,-1,-1,-1,4,3,4
2018530306021,1,9,0,9,0,0,0,0,0,0,2,1,6,2,21,5,-1,-1,-1,7,3,7
2018530306021,2,5,0,18,0,0,0,0,0,0,1,1,6,1,40,7,996,1,21,2,1,2
2018530307378,1,9,0,12,0,0,0,0,0,0,1,1,2,2,43,7,1991,1,3,7,1,7
2018530307378,2,5,0,18,0,0,0,0,0,0,4,1,2,2,55,8,1171,1,16,10,2,10
2018530307415,1,9,0,5,0,0,0,0,0,0,1,1,6,1,19,4,-1,-1,-1,9,1,9
2018530307416,1,9,0,18,0,0,0,0,0,0,1,1,6,2,59,9,1422,2,9,9,1,9
2018530307416,2,5,0,18,0,0,0,0,0,0,1,1,5,1,35,6,583,1,24,8,2,8
2018530307461,1,9,0,9,0,0,0,0,0,0,4,1,6,2,72,10,1242,1,6,8,1,8
2018530307461,2,1,0,18,9,0,0,0,0,0,1,1,6,1,28,6,-1,-1,-1,6,1,6
2018530307475,1,19,0,16,0,0,0,7,1,10,1,1,1,1,40,7,2143,2,6,4,1,4
2018530307574,1,5,0,17,0,0,5,0,1,0,0,1,6,1,28,6,1043,1,2,4,1,4
2018530307603,1,90,0,17,0,0,0,0,0,0,1,1,1,2,43,7,7142,2,10,8,1,8
2018530307603,2,9,0,16,0,0,1,0,0,0,1,1,6,1,23,5,1995,2,4,6,3,6
2018530307680,1,9,0,12,0,1,0,0,0,0,3,1,6,1,56,9,998,1,1,4,1,4
2018530307826,1,5,0,4,0,1,2,0,0,0,1,1,6,1,25,5,800,1,7,9,1,9
2018530307826,2,5,0,3,0,1,2,0,0,0,2,1,6,1,26,6,689,1,3,2,1,2
2018530307826,3,5,0,3,0,1,2,0,0,0,2,1,6,1,28,6,599,1,15,5,1,5
2018530307826,4,9,0,10,0,1,0,0,0,0,0,1,6,2,56,9,998,1,-1,7,2,7
2018530307850,1,9,0,18,0,8,0,0,0,0,1,1,6,2,37,7,998,1,4,1,1,1
2018530307850,2,9,0,4,0,8,0,0,0,0,2,1,6,2,49,8,1499,1,1,8,1,8
2018530307942,1,16,0,18,0,0,0,0,1,0,0,1,6,2,50,8,-1,-1,-1,7,3,7
2018530307942,2,90,0,18,0,0,0,0,0,0,0,1,1,1,54,8,-1,-1,-1,8,1,8
2018530307952,1,9,0,9,0,0,0,0,7,0,1,1,6,2,78,11,1910,2,10,5,1,5
2018530307952,2,9,0,18,0,0,0,0,7,0,1,1,6,1,59,9,1560,2,4,10,3,10
2018530307960,1,9,0,17,0,0,5,0,1,4,4,1,6,1,56,9,1560,2,9,4,1,4
2018530308110,1,1,0,18,0,0,2,0,0,0,4,1,6,1,28,6,-1,-1,-1,5,1,5
2018530308110,2,19,0,18,0,0,0,0,0,0,1,1,1,1,30,6,1560,2,8,7,1,7
2018530308116,1,9,0,18,0,0,0,0,0,0,1,1,2,2,25,5,999,1,3,8,1,8
2018530308116,2,9,0,2,0,0,0,0,0,0,2,1,6,2,52,8,1956,2,5,2,1,2
2018530308116,3,9,0,2,0,0,0,0,0,0,2,1,6,1,77,11,1197,1,3,10,1,10
2018530308119,1,9,0,18,0,0,0,0,0,0,4,1,6,3,-1,-1,-1,-1,-1,-1,-1,-1
2018530308130,1,98,0,18,0,0,0,0,0,0,3,1,6,3,-1,-1,-1,-1,-1,-1,-1,-1
2018530308130,2,1,0,18,0,0,0,0,0,0,4,1,2,1,51,8,-1,-1,-1,6,3,6
2018530308152,1,9,0,7,0,0,0,0,0,0,4,1,6,2,36,7,1398,2,16,4,1,4
2018530308152,2,9,0,10,0,0,0,0,0,0,3,1,6,1,53,8,-1,-1,-1,8,2,8
2018530308567,1,9,0,18,0,0,1,0,0,0,1,1,6,1,22,5,2143,2,3,9,1,9
2018530308567,2,9,0,18,0,0,2,0,0,0,2,1,1,1,52,8,1198,1,5,10,1,10
2018530308575,1,3,0,17,0,0,5,0,1,0,4,1,2,2,25,5,124,1,26,4,1,4
2018530308586,1,9,0,18,0,0,0,0,0,0,1,1,5,2,29,6,1242,1,8,6,1,6
2018530308586,2,90,0,11,0,0,0,0,0,0,2,1,1,1,25,5,420,1,1,7,1,7
2018530308741,1,9,0,18,0,0,0,0,0,0,4,1,6,1,30,6,2143,2,6,3,1,3
2018530308751,1,9,0,6,0,0,0,0,0,0,1,1,6,2,22,5,1598,2,2,7,3,7
2018530308751,2,3,0,18,0,0,0,0,0,0,1,1,2,1,38,7,-1,-1,-1,9,1,9
2018530308893,1,9,0,10,0,0,0,0,0,0,1,1,6,2,46,8,2967,2,4,9,1,9
2018530308893,2,1,0,18,0,0,1,0,0,0,4,1,6,1,50,8,-1,-1,-1,8,1,8
2018530309081,1,9,0,5,8,0,0,0,0,0,3,1,6,1,50,8,1997,2,2,10,1,10
2018530309081,2,9,0,18,0,0,0,0,0,0,1,1,6,1,19,4,-1,-1,-1,10,1,10
2018530309248,1,9,0,14,0,0,0,0,0,0,3,1,6,2,31,6,1686,2,4,7,1,7
2018530309248,2,1,0,16,0,0,0,0,0,0,3,1,6,1,15,3,-1,-1,-1,-1,-1,-1
2018530309285,1,9,0,18,0,0,0,0,0,0,1,1,6,1,30,6,-1,-1,-1,-1,-1,-1
2018530309285,2,1,0,18,0,0,0,0,0,0,1,1,6,1,30,6,-1,-1,-1,1,1,1
2018530309299,1,9,0,11,0,0,0,0,0,0,1,1,5,1,80,11,1198,1,5,7,1,7
2018530309299,2,98,1,18,0,0,0,0,0,0,2,1,1,1,54,8,-1,-1,-1,-1,-1,-1
2018530309316,1,1,0,18,0,0,0,4,0,0,1,1,6,1,30,6,-1,-1,-1,9,3,9
2018530309316,2,9,0,2,0,0,0,0,0,0,2,1,6,2,35,6,1995,2,1,7,3,7
2018530309345,1,9,0,16,0,0,2,0,7,10,1,1,6,1,18,4,1149,1,15,7,3,7
2018530309361,1,9,0,18,0,0,0,0,0,0,1,1,6,1,81,11,1200,1,1,9,3,9
2018530309361,2,9,0,3,0,0,0,0,0,0,2,1,2,1,20,4,1395,1,-1,8,1,8
2018530309361,3,9,0,3,0,0,0,0,0,0,2,1,2,2,39,7,1598,1,17,6,1,6
2018530309361,4,9,0,3,0,0,0,0,0,0,2,1,2,2,56,9,1499,2,2,9,2,9
2018530309412,1,9,0,3,0,4,0,0,0,0,1,1,3,2,39,7,-1,-1,-1,9,1,9
2018530309412,2,9,0,8,0,4,0,0,0,0,2,1,6,2,38,7,1246,1,11,4,1,4
2018530309420,1,9,0,9,0,8,0,0,0,0,1,1,6,2,32,6,998,1,6,-1,1,-1
2018530309420,2,1,0,7,0,8,0,0,0,0,3,1,1,2,43,7,-1,-1,-1,9,1,9
2018530309460,1,1,0,15,0,1,0,0,0,0,0,1,2,1,49,8,-1,-1,-1,1,1,1
2018530309664,1,9,0,18,0,8,0,0,0,0,1,1,5,1,31,6,1461,2,11,3,1,3
2018530309664,2,9,0,18,0,8,0,0,0,0,1,1,6,2,34,6,-1,-1,-1,10,1,10
2018530309664,3,9,0,18,0,1,0,0,0,0,1,1,1,1,50,8,1598,2,1,-1,-1,-1
2018530309773,1,11,0,18,0,0,0,0,0,0,2,1,1,1,61,9,9000,2,5,-1,-1,-1
2018530309782,1,9,-1,-1,-1,0,-1,-1,-1,0,-1,1,6,1,21,5,1242,1,6,5,1,5
2018530309841,1,19,0,16,0,0,0,0,0,0,1,1,1,1,59,9,2402,2,18,8,3,8
2018530309841,2,21,1,18,0,0,0,0,1,0,1,1,1,1,42,7,15607,2,5,-1,3,-1
2018530310159,1,9,0,16,0,0,0,0,1,0,1,1,6,2,41,7,1968,2,2,8,1,8
2018530310159,2,9,0,17,0,0,0,0,0,0,1,1,6,1,44,7,-1,-1,-1,6,1,6
2018530311473,1,9,0,15,0,0,0,0,0,0,1,1,6,1,28,6,-1,-1,-1,5,3,5
2018530311473,2,1,0,18,0,0,0,0,0,0,2,1,2,1,29,6,-1,-1,-1,8,1,8
2018530311519,1,9,0,18,0,0,0,0,0,0,1,1,6,1,35,6,1984,1,10,4,1,4
2018530311519,2,9,0,4,0,0,0,0,0,0,2,1,6,1,60,9,1799,1,11,9,1,9
2018530311613,1,9,0,5,0,0,0,0,0,0,4,1,6,3,-1,-1,-1,-1,-1,-1,-1,-1
2018530311690,1,9,0,18,0,8,0,0,0,0,1,1,5,1,23,5,1242,1,11,9,3,9
2018530311690,2,8,0,18,0,8,0,0,1,1,3,1,1,1,35,6,1995,2,5,1,1,1
2018530311793,1,9,0,18,0,0,0,0,0,0,1,1,1,1,47,8,-1,-1,-1,2,1,2
2018530311793,2,21,1,18,0,0,0,0,0,0,2,1,1,1,34,6,10677,2,3,3,1,3
2018530312293,1,9,0,18,0,8,0,0,3,1,4,1,6,2,27,6,1198,1,13,10,1,10
2018530312293,2,9,0,18,0,8,0,0,0,0,1,1,6,1,21,5,1997,2,7,5,1,5
2018530312403,1,9,0,18,0,0,2,0,1,0,1,1,6,1,19,4,1753,2,16,1,1,1
2018530312411,1,9,0,4,0,0,0,0,0,0,3,1,5,2,30,6,1398,1,8,9,1,9
2018530312411,2,1,0,18,0,0,1,0,0,0,0,1,5,1,47,8,-1,-1,-1,6,1,6
2018530312440,1,1,0,18,9,0,2,0,0,0,1,1,1,1,32,6,-1,-1,-1,10,1,10
2018530312452,1,9,0,5,0,0,0,0,0,0,1,1,2,1,46,8,1968,2,7,6,3,6
2018530312452,2,9,0,12,0,0,1,0,0,0,3,1,2,1,22,5,1198,1,5,4,1,4
2018530312590,1,8,0,18,0,2,0,0,0,0,4,1,1,1,34,6,1598,2,7,8,1,8
2018530312716,1,1,0,18,0,0,0,0,0,0,1,1,5,1,34,6,-1,-1,-1,2,1,2
2018530312716,2,9,0,4,0,0,0,0,0,0,2,1,1,2,35,6,1339,1,16,2,1,2
2018530312755,1,9,0,18,0,1,0,0,0,0,1,1,2,2,26,6,1968,2,1,3,1,3
2018530312755,2,9,0,9,0,6,0,0,0,0,3,1,5,2,49,8,1198,1,12,6,1,6
2018530312818,1,9,0,18,0,0,0,0,0,0,1,1,6,1,47,8,1968,2,12,1,1,1
2018530312818,2,1,0,18,0,0,5,0,2,0,2,1,5,1,48,8,-1,-1,-1,1,1,1
2018530313083,1,1,0,18,0,0,1,0,0,0,1,1,6,1,51,8,-1,-1,-1,5,2,5
2018530313168,1,9,0,9,0,8,0,0,0,0,1,1,6,2,31,6,1400,1,18,6,1,6
2018530313168,2,4,0,18,0,1,2,0,0,0,1,1,6,1,70,10,239,1,23,9,1,9
2018530313168,3,9,0,10,0,8,0,0,0,0,0,1,6,2,30,6,1596,1,14,6,1,6
2018530314123,1,5,0,13,0,1,2,0,1,0,1,1,5,1,44,7,997,1,32,5,1,5
2018530314123,2,9,0,9,0,1,0,0,0,0,2,1,5,1,61,9,1598,1,7,9,1,9
2018530314157,1,9,0,18,0,0,0,0,0,0,1,1,5,1,64,9,1800,1,19,10,1,10
2018530314157,2,9,0,2,9,0,0,0,0,0,4,1,5,2,19,4,1124,1,14,9,1,9
2018530314188,1,9,0,9,0,5,0,0,0,0,1,1,2,1,48,8,1997,1,-1,9,1,9
2018530314188,2,9,0,18,0,1,0,0,0,0,1,1,5,2,61,9,898,1,2,8,1,8
2018530314209,1,9,0,9,0,5,0,0,0,0,4,1,2,1,54,8,1598,2,5,7,3,7
2018530314209,2,9,0,17,0,8,0,0,0,0,1,1,5,2,46,8,1386,1,12,9,2,9
2018530314243,1,9,0,6,0,0,5,0,0,0,3,1,6,1,21,5,-1,-1,-1,9,1,9
2018530314243,2,9,0,18,0,0,0,0,0,0,1,1,6,1,72,10,1364,1,1,10,1,10
2018530314906,1,3,0,18,0,6,0,0,3,1,1,1,5,1,36,7,125,1,3,6,2,6
2018530314906,2,19,0,18,0,8,0,0,0,0,1,1,1,1,59,9,1248,2,2,7,3,7
2018530314971,1,1,0,18,0,0,0,0,0,0,3,1,6,1,68,10,-1,-1,-1,4,1,4
2018530314971,2,17,5,13,0,0,0,0,0,0,4,1,1,1,18,4,5000,2,17,7,3,7
2018530315275,1,9,0,18,0,1,0,0,0,0,1,1,6,1,35,6,1998,1,-1,5,3,5
2018530315275,2,1,0,18,0,8,0,0,0,0,3,1,6,1,20,4,-1,-1,-1,8,1,8
2018530316145,1,4,0,16,0,7,0,0,0,0,3,1,5,1,48,8,373,1,-1,10,1,10
2018530316300,1,9,0,9,0,5,0,0,0,0,1,1,6,1,64,9,998,1,-1,-1,-1,-1
2018530316300,2,1,0,18,0,1,0,0,0,0,1,1,6,1,32,6,-1,-1,-1,5,1,5
2018530316342,1,2,0,18,0,1,0,0,0,0,0,1,1,2,21,5,124,1,7,10,1,10
2018530316342,2,97,0,13,0,1,0,0,0,0,0,1,6,3,-1,-1,-1,-1,-1,-1,-1,-1
2018530316445,1,5,0,13,0,0,2,0,0,0,1,1,6,1,61,9,1084,1,19,9,1,9
2018530316445,2,9,0,18,0,0,1,0,0,0,1,1,5,2,69,10,1368,1,2,6,2,6
2018530316517,1,9,0,18,0,4,0,0,0,0,1,1,6,1,66,10,1560,2,2,1,1,1
2018530316517,2,1,0,18,0,3,0,0,0,0,4,1,6,2,49,8,-1,-1,-1,6,1,6
2018530316847,1,9,0,18,0,0,2,0,0,0,1,1,6,1,18,4,1391,1,17,9,2,9
2018530316847,2,9,0,18,0,0,0,0,0,0,1,1,1,1,55,8,1896,2,10,6,1,6
2018530317002,1,19,0,9,0,3,0,7,0,0,1,1,2,1,35,6,1686,2,13,3,1,3
2018530317153,1,9,0,5,0,8,1,0,7,0,3,1,6,1,90,11,1995,2,2,10,1,10
2018530317153,2,21,0,18,0,8,0,0,0,0,1,1,1,1,66,10,10837,2,1,10,1,10
2018530317778,1,19,0,17,0,0,5,0,0,0,4,1,6,1,65,9,1870,2,12,7,1,7
2018530318113,1,9,0,18,0,1,0,0,0,0,4,1,5,1,77,11,1997,2,2,7,1,7
2018530318179,1,9,0,17,0,0,0,0,0,0,4,1,6,2,86,11,3956,1,19,6,3,6
2018530318179,2,1,0,17,0,0,0,0,0,0,3,1,6,2,59,9,-1,-1,-1,6,3,6
2018530318209,1,9,0,18,0,5,0,0,0,0,0,1,6,1,30,6,1968,2,4,9,1,9
2018530318209,2,9,0,18,0,5,0,0,0,0,0,1,6,1,51,8,4398,1,14,9,1,9
2018530318228,1,98,0,18,0,0,0,0,0,0,1,1,6,3,-1,-1,-1,-1,-1,-1,-1,-1
2018530318228,2,1,0,18,0,0,0,0,0,0,4,1,6,2,24,5,-1,-1,-1,9,3,9
2018530318255,1,5,0,18,0,0,0,0,7,0,1,1,6,1,39,7,599,1,17,10,1,10
2018530318255,2,9,0,9,0,0,0,0,7,0,3,1,6,2,24,5,1998,1,18,6,2,6
2018530318275,1,9,0,18,0,0,0,0,0,0,1,1,6,2,34,6,1753,2,15,3,1,3
2018530318275,2,98,0,18,0,0,0,0,0,0,0,1,6,1,77,11,-1,-1,-1,3,1,3
2018530318275,3,9,0,18,0,0,5,7,2,0,1,1,6,2,51,8,1386,1,6,6,1,6
2018530318386,1,9,0,18,0,0,0,0,0,0,1,1,6,2,42,7,2199,2,6,9,-1,9
2018530318386,2,9,0,3,0,0,0,0,0,0,2,1,6,1,36,7,1968,2,14,2,1,2
2018530318437,1,9,0,18,0,0,0,0,0,0,1,1,6,2,63,9,1198,1,2,7,3,7
2018530318437,2,9,0,18,0,0,0,0,0,0,3,1,6,1,39,7,-1,-1,-1,6,3,6
2018530318437,3,9,0,18,0,0,0,0,0,0,1,1,6,1,53,8,1560,2,11,10,3,10
2018530318500,1,9,0,18,0,0,0,0,0,0,1,1,6,2,31,6,2295,1,18,9,1,9
2018530318500,2,11,0,8,0,0,0,0,0,0,2,1,3,1,61,9,-1,-1,-1,1,1,1
2018530318673,1,9,0,9,0,1,0,0,0,0,3,1,6,2,47,8,2720,2,11,6,3,6
2018530318673,2,9,0,18,0,1,0,0,0,0,1,1,6,1,51,8,999,1,-1,6,1,6
2018530319021,1,9,0,18,0,7,0,0,0,0,3,1,6,1,60,9,1560,2,2,4,1,4
2018530319021,2,9,0,18,0,7,0,0,0,0,3,1,2,2,51,8,1198,1,4,6,3,6
2018530319037,1,9,0,18,0,1,0,0,0,0,4,1,6,2,57,9,1242,1,3,6,2,6
2018530319037,2,9,0,18,0,6,0,0,0,0,3,1,6,1,85,11,1399,1,11,6,2,6
2018530319050,1,9,0,15,0,0,0,0,0,0,3,1,1,1,21,5,1461,2,12,7,2,7
2018530319050,2,1,0,18,0,0,0,0,1,9,1,1,6,1,53,8,-1,-1,-1,9,3,9
2018530319127,1,9,0,9,0,6,0,0,1,0,3,1,6,1,68,10,-1,-1,-1,9,1,9
2018530319127,2,9,0,18,0,1,0,0,0,0,1,1,6,2,30,6,-1,-1,-1,3,1,3
2018530319206,1,9,0,18,6,0,0,0,0,0,1,1,6,2,25,5,1596,1,20,7,1,7
2018530319206,2,9,4,18,0,0,3,0,0,0,2,1,6,2,27,6,1997,2,15,6,3,6
2018530319330,1,9,0,11,2,0,5,0,1,0,1,1,6,2,49,8,1997,2,9,10,1,10
2018530319351,1,9,0,3,0,0,0,0,0,0,2,1,6,1,29,6,1242,1,12,-1,-1,-1
2018530319351,2,9,0,18,0,0,0,0,0,0,1,1,6,1,43,7,1598,1,6,8,1,8
2018530320264,1,9,0,18,0,0,0,0,0,0,1,1,6,1,27,6,1598,1,19,4,3,4
2018530320264,2,9,0,18,0,0,0,0,1,4,1,1,6,1,40,7,2179,2,7,6,3,6
2018530320313,1,9,0,1,0,0,0,10,0,0,2,1,6,2,51,8,1124,1,15,10,2,10
2018530320523,1,9,0,17,0,0,0,0,0,0,4,1,6,1,43,7,1998,2,12,10,1,10
2018530320523,2,1,0,18,9,0,2,0,0,0,1,1,4,1,13,3,-1,-1,-1,4,1,4
2018530320548,1,9,0,18,0,0,0,0,0,0,4,1,6,3,-1,-1,-1,-1,-1,-1,-1,-1
2018530320548,2,1,0,18,0,0,0,0,0,0,3,1,6,1,35,6,-1,-1,-1,1,1,1
2018530320566,1,9,0,18,0,0,0,0,1,0,1,1,6,2,73,10,1398,1,2,10,1,10
2018530320727,1,21,0,18,0,0,0,0,0,0,1,1,6,1,40,7,10518,2,3,7,3,7
2018530320727,2,9,0,18,0,0,0,0,0,0,2,1,6,1,47,8,1461,2,2,4,1,4
2018530320775,1,9,0,18,0,8,0,0,0,0,1,1,6,2,65,9,1329,1,8,10,1,10
2018530320775,2,1,0,18,0,8,0,0,0,0,4,1,6,1,12,3,-1,-1,-1,10,1,10
2018530320853,1,9,0,5,0,4,0,0,0,0,1,1,6,1,66,10,1390,1,15,7,1,7
2018530320853,2,1,0,18,0,8,0,0,0,0,1,1,6,1,12,3,-1,-1,-1,10,1,10
2018530320959,1,19,0,18,0,0,0,0,0,0,1,1,6,1,57,9,2143,2,3,-1,1,-1
2018530320959,2,21,1,18,0,0,0,0,0,0,2,1,6,1,53,8,12419,2,4,3,1,3
2018530321036,1,9,0,17,0,0,0,0,0,0,3,1,5,1,70,10,1388,1,15,5,3,5
2018530321047,1,9,0,18,0,0,0,0,0,0,3,1,1,1,26,6,1598,2,1,9,1,9
2018530321047,2,90,1,18,0,0,0,0,0,0,3,1,1,1,52,8,-1,-1,-1,3,1,3
2018530321272,1,9,0,18,0,0,0,0,0,0,4,1,6,2,57,9,1395,1,4,10,1,10
2018530321289,1,9,0,9,0,6,0,0,0,0,1,1,6,2,86,11,1794,1,11,8,2,8
2018530321289,2,9,0,18,0,8,0,0,0,0,1,1,6,2,68,10,2664,2,14,8,2,8
2018530321322,1,9,0,18,0,8,0,0,0,0,1,1,6,1,39,7,1242,1,14,4,1,4
2018530321322,2,9,0,18,0,8,0,0,0,0,1,1,6,2,36,7,1560,2,5,6,1,6
2018530321322,3,9,0,18,0,8,0,0,0,0,1,1,6,2,56,9,2171,1,17,6,2,6
2018530321573,1,5,0,18,0,0,2,0,0,0,1,1,1,1,42,7,1700,1,11,8,1,8
2018530321573,2,9,0,18,0,0,0,0,0,0,2,1,1,1,57,9,1598,2,4,10,2,10
2018530321595,1,9,0,16,0,0,0,0,0,0,1,1,2,2,32,6,1598,1,6,10,1,10
2018530321660,1,9,0,18,0,0,0,0,1,4,1,1,6,1,76,11,1343,1,13,5,1,5
2018530322301,1,9,0,18,0,0,0,0,0,0,3,1,6,2,37,7,1686,2,7,6,1,6
2018530322330,1,9,0,16,0,1,0,0,7,7,1,1,2,1,24,5,1499,2,1,9,1,9
2018530322340,1,1,0,18,0,0,1,0,0,0,1,1,6,1,51,8,-1,-1,-1,5,2,5
2018530322386,1,9,0,18,0,0,0,0,0,0,1,1,6,1,36,7,1997,1,16,5,2,5
2018530322386,2,9,0,3,0,0,0,0,0,0,2,1,6,1,31,6,1596,1,14,9,1,9
2018530322386,3,9,0,18,0,0,0,0,0,0,4,1,6,2,17,4,1149,1,19,9,1,9
2018530322386,4,9,0,7,0,0,0,0,0,0,2,1,6,1,40,7,2993,2,2,6,1,6
2018530322386,5,19,0,18,0,0,0,0,0,0,4,1,6,2,25,5,1995,2,1,6,1,6
2018530322476,1,90,1,18,0,0,0,0,0,0,0,1,6,3,40,7,-1,-1,-1,-1,-1,-1
2018530322476,2,9,0,18,0,0,0,0,0,0,1,1,6,2,18,4,998,1,9,9,2,9
2018530322500,1,9,0,18,0,0,0,0,7,9,1,1,2,2,64,9,1896,2,13,2,1,2
2018530322500,2,9,0,18,0,0,0,0,0,0,1,1,2,1,62,9,1998,1,19,8,1,8
2018530322527,1,9,0,10,0,1,0,0,0,0,1,1,6,1,58,9,1998,1,13,3,1,3
2018530322527,2,2,0,14,0,1,0,0,0,0,1,1,6,1,22,5,49,1,17,2,1,2
2018530323108,1,9,0,5,0,6,0,0,0,0,1,1,6,2,17,4,1396,2,3,8,3,8
2018530323108,2,9,0,17,0,1,0,0,0,0,4,1,6,1,56,9,2204,2,10,8,3,8
2018530323536,1,19,0,1,0,0,0,0,0,0,2,1,1,3,30,6,1461,2,3,-1,-1,-1
2018530323536,2,9,0,3,0,0,0,0,0,0,1,1,6,2,30,6,1386,1,15,5,1,5
2018530323559,1,9,0,2,0,0,0,0,0,0,0,1,6,3,35,6,2204,2,10,-1,-1,-1
2018530323559,2,1,0,18,0,0,0,0,0,0,1,1,6,2,56,9,-1,-1,-1,9,1,9