Accident_Index,Vehicle_Reference,Vehicle_Type,Towing_and_Articulation,Vehicle_Manoeuvre,Vehicle_Location-Restricted_Lane,Junction_Location,Skidding_and_Overturning,Hit_Object_in_Carriageway,Vehicle_Leaving_Carriageway,Hit_Object_off_Carriageway,1st_Point_of_Impact,Was_Vehicle_Left_Hand_Drive?,Journey_Purpose_of_Driver,Sex_of_Driver,Age_of_Driver,Age_Band_of_Driver,Engine_Capacity_(CC),Propulsion_Code,Age_of_Vehicle,Driver_IMD_Decile,Driver_Home_Area_Type,Vehicle_IMD_Decile
2018530323661,1,9,0,18,0,1,0,0,0,0,1,1,6,2,19,4,1242,1,7,8,3,8
2018530323661,2,9,0,7,0,1,0,0,1,10,2,1,2,2,35,6,1596,1,14,8,1,8
2018530323674,1,9,0,18,0,0,0,4,0,0,1,1,6,1,20,4,998,1,16,7,1,7
2018530323674,2,9,0,2,0,0,0,0,0,0,1,1,5,1,-1,-1,2184,2,12,9,1,9
2018530323674,3,9,0,2,0,0,0,0,0,0,2,1,5,1,-1,-1,-1,-1,-1,9,1,9
2018530323674,4,9,0,2,0,0,0,0,0,0,2,1,5,1,-1,-1,1910,2,11,9,1,9
2018530323674,5,9,0,2,0,0,0,0,0,0,2,1,5,2,-1,-1,-1,-1,-1,9,1,9
2018530323674,6,9,0,2,0,0,0,0,0,0,2,1,6,1,-1,-1,1896,2,12,9,1,9
2018530323674,7,9,0,2,0,0,0,0,0,0,2,1,5,3,-1,-1,1984,1,12,-1,-1,-1
2018530323684,1,9,0,9,0,5,0,0,0,0,1,1,2,1,27,6,1596,1,11,3,1,3
2018530323684,2,1,0,18,0,1,0,0,0,0,1,1,2,1,53,8,-1,-1,-1,9,1,9
2018530323699,1,9,0,3,0,4,0,0,0,0,1,1,6,2,30,6,1461,2,7,6,1,6
2018530323699,2,3,0,3,0,4,0,0,0,0,2,1,2,2,35,6,124,1,4,7,3,7
2018530323703,1,3,0,18,0,0,1,0,0,0,1,1,6,1,25,5,125,1,4,9,2,9
2018530323703,2,9,0,18,0,0,0,0,0,0,1,1,6,2,26,6,998,1,7,4,1,4
2018530323703,3,9,0,2,0,0,0,0,0,0,1,1,6,1,25,5,1596,1,11,3,1,3
2018530323703,4,90,0,2,0,0,0,0,0,0,1,1,6,1,25,5,3920,2,14,3,1,3
2018530323721,1,9,0,18,0,1,0,0,0,0,1,1,6,3,-1,-1,-1,-1,-1,-1,-1,-1
2018530323721,2,9,0,18,0,1,0,0,0,0,2,1,6,1,23,5,-1,-1,-1,5,1,5
2018530323727,1,19,0,14,0,0,5,0,0,0,1,1,1,1,50,8,1560,2,1,9,1,9
2018530323727,2,9,0,14,0,0,1,5,0,0,1,1,3,2,36,7,1339,1,10,6,1,6
2018530323727,3,98,0,2,0,0,0,0,0,0,4,1,6,1,35,6,-1,-1,-1,5,1,5
2018530323762,1,9,0,9,0,0,0,0,0,0,4,1,6,2,73,10,999,1,2,6,2,6
2018530323762,2,1,0,12,0,0,0,0,0,0,4,1,6,2,14,3,-1,-1,-1,8,1,8
2018530323770,1,9,0,9,0,1,0,0,0,0,4,1,6,2,31,6,1596,1,12,6,1,6
2018530323770,2,9,0,18,0,1,0,0,0,0,1,1,6,2,31,6,998,1,1,10,1,10
2018530323830,1,9,0,18,0,0,0,0,5,0,1,1,5,1,34,6,-1,-1,-1,4,1,4
2018530323830,2,9,0,18,0,0,0,4,0,0,1,1,5,2,48,8,1596,1,6,7,3,7
2018530323881,1,5,0,18,0,5,0,0,0,0,4,1,2,2,48,8,998,1,9,10,1,10
2018530323881,2,9,0,9,0,5,0,0,0,0,1,1,2,1,59,9,1498,1,-1,10,1,10
2018530323882,1,11,0,16,0,1,0,0,0,0,1,1,1,1,65,9,6700,2,10,5,2,5
2018530323882,2,3,0,17,0,1,0,0,0,0,1,1,2,2,49,8,124,1,14,9,1,9
2018530323906,1,9,0,16,0,0,0,0,0,0,1,1,2,1,26,6,1582,2,7,6,3,6
2018530323983,1,9,0,18,0,0,0,0,0,0,1,1,6,1,73,10,7990,1,21,3,1,3
2018530323983,2,9,0,3,0,0,0,0,0,0,2,1,6,2,27,6,1461,2,9,6,3,6
2018530324001,1,9,0,5,0,0,0,0,0,0,1,1,6,2,22,5,1830,1,21,5,1,5
2018530324001,2,1,0,18,0,0,0,0,0,0,3,1,6,2,45,7,-1,-1,-1,9,1,9
2018530324020,1,11,0,18,0,0,0,0,0,0,3,1,6,3,-1,-1,-1,-1,-1,-1,-1,-1
2018530324020,2,1,0,15,0,0,0,0,0,0,3,1,6,1,55,8,-1,-1,-1,8,1,8
2018530324042,1,11,0,9,0,8,0,0,0,0,3,1,1,3,-1,-1,-1,-1,-1,-1,-1,-1
2018530324072,1,9,0,9,0,6,0,0,0,0,1,1,6,1,55,8,1997,2,1,10,3,10
2018530324072,2,9,0,18,0,8,0,0,0,0,4,1,6,2,55,8,1910,2,11,6,1,6
2018530324137,1,9,0,18,0,0,5,0,0,0,1,1,6,2,59,9,-1,-1,-1,10,2,10
2018530324159,1,9,0,4,0,0,0,0,0,0,1,1,2,2,60,9,1364,1,8,5,3,5
2018530324159,2,9,0,4,0,0,0,0,0,0,2,1,6,1,76,11,1997,1,13,4,1,4
2018530324179,1,9,0,18,0,0,0,0,0,0,1,1,6,1,66,10,3724,1,13,5,1,5
2018530324179,2,9,0,3,0,0,0,0,0,0,2,1,6,2,26,6,1390,1,4,5,1,5
2018530324261,1,9,0,9,0,1,0,0,0,0,1,1,5,1,26,6,1461,2,3,2,1,2
2018530324261,2,9,0,18,0,8,0,0,0,0,1,1,5,2,38,7,1995,1,14,8,3,8
2018530324278,1,9,0,4,0,0,0,0,7,11,1,1,6,2,95,11,1598,1,17,10,3,10
2018530324330,1,9,0,18,0,0,1,0,0,0,0,1,6,2,58,9,1598,2,3,4,1,4
2018530324337,1,9,0,15,0,0,0,0,0,0,1,1,1,1,52,8,2401,2,15,3,1,3
2018530324337,2,1,0,9,0,0,0,0,0,0,3,1,5,1,16,4,-1,-1,-1,5,3,5
2018530324370,1,9,0,18,0,0,0,0,0,0,1,1,6,3,-1,-1,-1,-1,-1,-1,-1,-1
2018530324370,2,1,0,18,0,0,5,0,0,0,2,1,6,1,17,4,-1,-1,-1,4,1,4
2018530324374,1,11,0,3,0,2,0,0,0,0,4,1,1,1,56,9,8268,2,14,1,1,1
2018530324442,1,9,4,18,0,0,0,0,0,0,0,1,6,1,23,5,-1,-1,-1,10,3,10
2018530324442,2,9,0,18,0,0,0,0,0,0,1,1,6,2,78,11,1248,1,3,6,2,6
2018530324471,1,9,0,18,0,0,0,0,1,0,1,1,6,1,19,4,998,1,14,8,3,8
2018530324629,1,9,0,18,0,1,0,0,0,0,1,1,1,1,27,6,1598,1,16,3,1,3
2018530324629,2,22,0,18,0,8,0,0,0,0,3,1,5,2,47,8,-1,-1,-1,2,1,2
2018530326095,1,9,0,18,0,0,0,0,1,0,1,1,6,1,27,6,-1,-1,-1,5,1,5
2018530326238,1,9,0,2,0,0,0,0,0,0,3,1,5,1,49,8,-1,-1,-1,5,1,5
2018530326238,2,1,0,18,0,0,5,0,0,0,1,1,2,1,29,6,-1,-1,-1,4,1,4
2018530326238,3,9,0,18,0,0,0,0,0,0,1,1,1,1,43,7,1968,2,5,2,1,2
2018530326359,1,9,0,18,0,1,0,0,0,0,4,1,5,1,57,9,2151,2,16,4,1,4
2018530326576,1,9,0,18,0,1,0,0,0,0,1,1,6,1,26,6,-1,-1,-1,2,1,2
2018530326576,2,9,0,18,0,1,0,0,0,0,2,1,2,2,29,6,1248,1,3,2,1,2
2018530326805,1,9,0,18,0,1,0,0,0,0,3,1,2,2,45,7,1461,2,7,-1,-1,-1
2018530326805,2,2,0,18,0,1,0,0,0,0,1,1,4,1,16,4,49,1,16,9,-1,9
2018530327539,1,9,0,9,0,6,0,0,0,0,1,1,2,2,18,4,999,1,-1,5,3,5
2018530327539,2,9,0,18,0,1,0,0,0,0,1,1,2,1,28,6,-1,-1,-1,4,1,4
2018530327958,1,9,0,9,0,5,0,0,0,0,4,1,1,1,-1,-1,1753,2,9,10,1,10
2018530327958,2,1,0,18,4,8,0,0,0,0,4,1,2,1,27,6,-1,-1,-1,5,1,5
2018530327968,1,9,0,1,0,6,0,0,0,0,2,1,2,2,53,8,1360,1,18,1,1,1
2018530327968,2,3,0,18,0,1,0,0,0,0,1,1,2,2,20,4,125,1,2,10,1,10
2018530327978,1,9,0,9,0,8,0,0,0,0,3,1,3,2,27,6,1396,1,17,3,1,3
2018530327978,2,3,0,18,0,8,5,0,7,11,4,1,5,1,43,7,125,1,-1,4,1,4
2018530327990,1,9,0,1,0,0,0,0,0,0,2,1,6,3,-1,-1,2495,2,11,-1,-1,-1
2018530327990,2,9,0,18,0,0,0,0,0,0,1,1,1,1,-1,-1,1598,2,1,-1,-1,-1
2018530327990,3,9,0,18,0,0,0,0,0,0,1,1,1,1,-1,-1,1997,2,1,-1,-1,-1
2018530328037,1,9,0,18,0,0,0,0,0,0,1,1,6,1,51,8,1596,1,16,-1,-1,-1
2018530328037,2,9,0,18,0,0,0,0,0,0,1,1,6,1,25,5,1198,1,15,-1,-1,-1
2018530328109,1,9,0,5,0,4,0,0,0,0,1,1,5,1,33,6,1968,2,11,9,1,9
2018530328109,2,9,0,17,0,1,0,0,0,0,1,1,6,1,60,9,1590,1,15,9,1,9
2018530328572,1,9,0,17,0,0,1,0,1,4,4,1,5,1,19,4,1999,1,22,8,2,8
2018530328604,1,9,0,12,0,1,0,0,0,0,1,1,5,2,57,9,-1,-1,-1,9,1,9
2018530328604,2,9,0,18,0,1,0,0,0,0,1,1,5,2,54,8,2199,2,6,-1,2,-1
2018530328630,1,9,0,18,0,0,0,0,0,0,4,1,6,3,-1,-1,-1,-1,-1,-1,-1,-1
2018530328630,2,1,0,18,0,0,5,0,0,0,3,1,2,1,47,8,-1,-1,-1,1,1,1
2018530328652,1,9,0,17,0,0,0,0,0,0,3,1,2,1,26,6,1360,1,15,4,1,4
2018530328712,1,9,0,18,0,0,0,0,0,0,1,1,6,1,43,7,1388,1,15,2,1,2
2018530328712,2,9,0,18,0,0,0,7,0,0,3,1,6,1,28,6,1896,2,13,3,1,3
2018530328813,1,9,0,18,0,0,0,0,0,0,1,1,5,2,37,7,-1,3,3,6,1,6
2018530328813,2,1,0,18,0,0,0,0,0,0,4,1,6,2,44,7,-1,-1,-1,2,1,2
2018530328857,1,9,0,16,0,0,0,0,7,4,1,1,6,1,39,7,1796,1,21,4,1,4
2018530328887,1,5,0,16,0,8,1,0,0,0,1,1,5,1,39,7,1340,1,10,-1,1,-1
2018530328887,2,9,0,17,0,8,0,0,0,0,3,1,1,1,47,8,-1,-1,-1,8,2,8
2018530328897,2,1,0,2,0,0,0,0,0,0,3,1,6,1,47,8,-1,-1,-1,8,1,8
2018530328897,3,9,0,18,0,0,0,0,0,0,1,1,6,1,62,9,1587,1,11,8,1,8
2018530329553,1,19,0,18,0,0,5,0,2,11,4,1,6,1,24,5,1753,2,13,3,1,3
2018530329623,1,9,0,18,0,0,2,0,1,0,3,1,5,1,25,5,1596,1,6,10,2,10
2018530329623,2,9,0,18,0,0,0,0,0,0,3,1,5,1,55,8,1461,2,8,-1,-1,-1
2018530329640,1,9,0,17,0,0,1,0,0,0,3,1,1,2,33,6,1229,1,5,7,1,7
2018530329640,2,9,0,18,0,0,0,0,0,0,1,1,1,1,24,5,1197,1,1,7,3,7
2018530330547,1,21,0,9,0,8,0,0,0,0,1,1,1,1,25,5,8710,2,-1,4,1,4
2018530330547,2,5,0,18,0,8,0,0,0,0,1,1,2,1,54,8,1000,1,5,10,-1,10
2018530330601,1,4,0,13,0,1,0,0,0,0,0,1,5,1,54,8,198,1,45,9,1,9
2018530330601,2,19,0,7,0,1,0,0,0,0,0,1,1,1,30,6,1997,2,-1,4,1,4
2018530330709,1,11,0,4,0,0,0,0,0,0,0,1,6,1,55,8,-1,-1,-1,-1,1,-1
2018530330709,2,5,0,4,0,0,0,0,0,0,1,1,6,1,46,8,1200,1,-1,5,1,5
2018530330709,3,9,0,4,0,0,0,0,0,0,1,1,6,2,25,5,1596,1,9,7,3,7
2018530330709,4,9,0,13,0,0,0,0,0,0,1,1,6,1,57,9,1998,2,3,7,3,7
2018530331133,1,9,0,7,0,0,0,0,1,0,1,1,6,1,-1,-1,1362,1,6,-1,-1,-1
2018530331133,2,1,0,7,0,0,0,0,1,0,1,1,6,1,34,6,-1,-1,-1,10,1,10
2018530331396,1,3,0,18,0,4,1,0,0,0,1,1,4,2,17,4,125,1,15,8,1,8
2018530331404,1,19,0,14,0,8,1,0,0,0,1,1,1,1,25,5,2143,2,-1,9,3,9
2018530331404,2,9,0,18,0,8,0,0,0,0,1,1,2,2,25,5,1984,2,7,8,3,8
2018530332351,1,9,0,9,0,8,0,0,1,10,2,1,5,2,39,7,1598,1,8,8,1,8
2018530332351,2,9,0,18,0,8,0,0,6,10,1,1,5,1,24,5,1995,1,14,10,1,10
2018530332472,1,9,0,3,0,1,0,0,1,0,1,1,1,1,53,8,1995,2,4,-1,-1,-1
2018530332472,2,9,0,3,0,1,0,0,1,0,2,1,6,2,29,6,1497,1,15,10,1,10
2018530332774,1,9,0,16,0,0,5,0,1,0,4,1,1,2,23,5,1390,1,10,8,1,8
2018530332805,1,9,0,5,0,8,0,0,0,0,3,1,5,1,72,10,1995,2,6,10,1,10
2018530332805,2,1,0,18,0,8,0,0,0,0,1,1,6,1,33,6,-1,-1,-1,9,1,9
2018530332857,1,9,0,18,0,2,0,0,0,0,1,1,5,2,24,5,1339,1,2,5,1,5
2018530332857,2,1,0,18,0,8,0,0,0,0,3,1,6,1,11,3,-1,-1,-1,5,1,5
2018530333467,1,9,0,7,0,5,0,0,0,0,4,1,2,2,46,8,1995,1,15,3,1,3
2018530333467,2,1,0,18,0,8,0,0,0,0,3,1,5,2,41,7,-1,-1,-1,3,1,3
2018530333482,1,9,0,9,0,8,0,0,0,0,1,1,5,2,55,8,1997,2,16,10,3,10
2018530333482,2,3,0,18,0,1,0,0,0,0,1,1,6,1,30,6,124,1,12,10,2,10
2018530333555,1,9,0,9,0,5,0,0,0,0,4,1,2,2,28,6,1198,1,16,4,1,4
2018530333555,2,9,0,18,0,8,0,0,0,0,1,1,2,2,19,4,999,1,3,8,1,8
2018530333707,1,9,0,9,0,8,0,0,0,0,3,1,2,2,35,6,998,1,4,8,1,8
2018530333707,2,5,0,18,0,1,5,0,0,0,1,1,6,1,53,8,749,1,1,1,1,1
2018530333895,1,8,0,16,0,0,2,0,7,3,1,1,1,1,37,7,1686,2,4,2,1,2
2018530333940,1,9,0,18,0,6,0,0,0,0,1,1,1,1,83,11,1591,1,2,8,1,8
2018530333940,2,9,0,18,0,8,5,0,8,0,3,1,1,1,82,11,-1,-1,-1,9,2,9
2018530334087,1,3,0,18,0,4,1,10,0,0,1,1,2,1,17,4,124,1,4,7,3,7
2018530334087,2,9,0,18,0,3,0,0,0,0,1,1,2,1,52,8,1968,2,6,-1,-1,-1
2018530334519,1,9,0,18,0,8,0,0,0,0,3,1,1,1,29,6,-1,-1,-1,-1,-1,-1
2018530334519,2,97,0,18,0,8,0,0,7,0,1,1,6,1,21,5,-1,-1,-1,1,1,1
2018530335490,1,9,0,5,0,0,0,0,0,0,3,1,5,1,24,5,1388,1,15,3,1,3
2018530335490,2,3,0,18,0,0,0,0,0,0,1,1,2,2,35,6,125,1,1,3,1,3
2018530335584,1,9,0,12,0,3,0,0,0,0,3,1,6,3,44,7,1364,1,11,6,1,6
2018530335584,2,5,0,18,0,3,5,0,0,0,4,1,5,1,33,6,1170,1,-1,7,1,7
2018530335993,1,9,0,18,0,0,0,0,0,0,1,1,6,1,87,11,1108,1,13,5,1,5
2018530335993,2,9,0,2,0,0,0,0,0,0,2,1,6,1,61,9,1499,2,-1,-1,3,-1
2018530336269,1,9,0,1,0,0,0,0,0,0,2,1,1,2,21,5,1997,2,-1,1,1,1
2018530336489,1,9,0,18,0,6,0,0,0,0,4,1,6,1,73,10,1197,1,3,6,3,6
2018530336489,2,9,0,18,0,1,0,0,0,0,0,1,6,2,67,10,1560,2,7,10,1,10
2018530336736,1,9,0,13,0,0,0,0,0,0,1,1,1,1,40,7,1995,2,5,7,-1,7
2018530336736,2,9,0,16,0,0,0,0,0,0,1,1,1,1,55,8,2387,2,11,8,2,8
2018530336872,1,9,0,13,0,1,1,0,0,0,1,1,6,1,21,5,1388,1,15,6,1,6
2018530336872,2,9,0,9,0,5,0,0,7,0,2,1,1,1,50,8,-1,-1,-1,9,1,9
2018530337027,1,9,0,9,0,1,0,0,0,0,3,1,6,1,51,8,1968,2,13,6,1,6
2018530337027,2,1,0,18,0,1,0,0,0,0,1,1,6,1,60,9,-1,-1,-1,9,1,9
2018530337484,1,1,0,18,0,8,0,0,0,0,1,1,5,1,27,6,-1,-1,-1,3,1,3
2018530337484,2,9,0,18,0,1,0,0,0,0,1,1,2,1,55,8,1896,2,14,3,1,3
2018530337504,1,9,0,18,0,4,0,0,0,0,4,1,6,2,34,6,1461,2,1,6,1,6
2018530337504,2,9,0,18,0,4,0,0,0,0,3,1,6,2,-1,-1,-1,-1,-1,-1,-1,-1
2018530337519,1,9,0,18,0,0,0,0,3,0,1,1,6,1,21,5,1198,1,5,5,1,5
2018530337533,1,9,0,18,0,1,1,0,7,4,1,1,2,1,27,6,1398,2,16,2,1,2
2018530337533,2,9,0,4,0,5,0,0,0,0,1,1,6,2,52,8,1390,1,4,10,1,10
2018530337556,1,9,0,18,0,0,0,4,0,0,1,1,6,2,97,11,1332,1,20,10,1,10
2018530337556,2,9,0,2,0,0,0,0,0,0,3,1,6,3,-1,-1,-1,-1,-1,-1,-1,-1
2018530337556,3,9,0,2,0,0,0,0,0,0,3,1,6,3,-1,-1,-1,-1,-1,-1,-1,-1
2018530337609,1,11,0,4,0,4,0,0,0,0,0,1,1,1,59,9,9000,2,9,2,1,2
2018530337752,1,9,0,5,0,8,0,0,0,0,0,1,5,2,72,10,1296,1,12,5,1,5
2018530338342,1,11,0,18,0,0,0,0,0,0,3,1,1,2,58,9,9000,2,5,2,1,2
2018530338347,1,9,0,18,0,8,1,0,8,9,1,1,5,2,35,6,1596,1,12,3,2,3
2018530338347,2,9,0,18,0,8,1,0,0,0,2,1,6,1,24,5,1998,1,15,6,3,6
2018530338498,1,9,0,18,0,0,0,0,1,9,1,1,5,1,32,6,1968,2,7,-1,-1,-1
2018530338621,1,9,0,18,0,0,0,0,0,0,1,1,6,3,-1,-1,-1,-1,-1,-1,-1,-1
2018530338621,2,1,0,18,0,0,5,0,0,0,3,1,6,1,69,10,-1,-1,-1,10,1,10
2018530338880,1,9,0,18,0,4,0,0,0,0,1,1,6,1,66,10,-1,-1,-1,1,1,1
2018530338880,2,1,0,18,0,3,5,0,0,0,4,1,6,2,49,8,-1,-1,-1,6,1,6
2018530339251,1,9,0,5,0,1,0,0,0,0,1,1,6,1,32,6,1242,1,12,4,1,4
2018530339251,2,1,0,7,0,7,0,0,0,0,1,1,6,1,52,8,-1,-1,-1,5,1,5
2018530339542,1,5,0,18,0,0,0,0,0,0,3,1,6,1,38,7,1745,1,-1,10,1,10
2018530339542,2,1,0,18,0,0,0,0,0,0,1,1,6,1,13,3,-1,-1,-1,10,1,10
2018530339593,1,9,0,13,0,1,0,0,0,0,1,1,6,1,-1,-1,1582,2,8,7,2,7
2018530339593,2,1,0,9,0,5,0,0,0,0,3,1,1,1,49,8,-1,-1,-1,10,-1,10
2018530339699,1,9,0,5,0,0,0,0,0,0,0,1,1,1,53,8,-1,-1,-1,8,1,8
2018530339941,1,9,0,18,0,0,0,0,0,0,3,1,1,1,18,4,1598,1,11,2,1,2
2018530339941,2,9,0,18,0,0,0,0,0,0,1,1,6,1,28,6,1995,1,15,1,1,1
2018530339941,3,9,0,18,0,0,0,0,0,0,1,1,1,1,29,6,1956,2,5,3,1,3
2018530340441,1,9,0,5,0,0,0,0,0,0,1,1,6,1,49,8,998,1,-1,5,1,5
2018530340441,2,9,0,18,0,0,0,0,0,0,1,1,6,1,58,9,1753,2,10,5,1,5
2018530340681,1,9,0,18,0,8,0,0,0,0,4,1,2,1,30,6,-1,-1,-1,9,1,9
2018530340681,2,1,0,18,0,1,0,0,0,0,1,1,6,1,26,6,-1,-1,-1,1,-1,1
2018530340696,1,9,0,17,0,0,0,0,0,0,1,1,6,3,-1,-1,1997,2,-1,-1,-1,-1
2018530340696,2,2,0,16,0,0,0,0,0,0,1,1,1,1,17,4,49,1,14,2,1,2
2018530340706,1,9,0,9,0,0,0,7,0,0,1,1,2,2,24,5,1461,2,1,1,1,1
2018530340706,2,9,0,18,0,0,0,0,0,0,1,1,6,1,25,5,1956,2,8,1,1,1
2018530340728,1,9,0,18,0,0,0,0,0,0,1,1,6,2,35,6,1360,1,9,-1,-1,-1
2018530340728,2,9,0,12,0,0,0,0,0,0,1,1,6,1,46,8,2400,2,4,9,3,9
2018530340751,1,9,0,18,0,0,0,0,0,0,0,1,6,1,60,9,1318,1,-1,7,1,7
2018530340760,1,3,0,17,0,0,0,0,1,9,1,1,2,1,21,5,124,1,9,6,1,6
2018530340868,1,20,1,7,0,3,2,0,7,0,1,2,1,1,24,5,-1,-1,-1,3,1,3
2018530340894,1,9,0,18,0,4,0,0,0,0,1,1,3,1,52,8,1149,1,13,4,1,4
2018530340894,2,3,0,18,0,4,5,0,0,0,4,1,2,1,51,8,125,1,1,4,1,4
2018530340920,1,9,0,17,0,1,0,0,0,0,1,1,2,1,42,7,1956,2,8,8,1,8
2018530340940,1,21,0,7,0,8,0,0,0,0,1,1,1,1,64,9,10837,2,1,10,1,10
2018530340940,2,9,0,5,0,4,0,0,0,0,2,1,5,2,25,5,1199,2,7,8,1,8
2018530340977,1,5,0,18,0,1,0,0,0,0,4,1,6,1,60,9,599,1,25,3,2,3
2018530340977,2,9,0,11,0,6,0,0,1,0,2,1,6,1,74,10,1796,1,15,7,3,7
2018530341294,1,17,4,9,0,1,0,0,0,0,1,1,1,1,63,9,-1,2,20,7,3,7
2018530341294,2,9,0,18,0,1,0,0,0,0,1,1,5,1,58,9,-1,-1,-1,9,3,9
2018530341321,1,9,0,18,0,0,2,0,7,4,3,1,5,1,25,5,1596,1,6,10,2,10
2018530341321,2,9,0,18,0,0,1,0,7,4,3,1,5,1,55,8,1461,2,8,10,3,10
2018530341345,1,9,0,18,0,0,0,0,0,0,2,1,6,2,29,6,1560,2,6,6,1,6
2018530341345,2,1,0,18,0,0,0,0,0,0,4,1,6,1,45,7,-1,-1,-1,9,1,9
2018530341356,1,9,0,9,0,0,0,0,0,0,4,1,2,1,24,5,1995,2,12,10,1,10
2018530341356,2,9,0,18,0,0,0,0,0,0,1,1,2,2,39,7,1461,2,4,8,1,8
2018530341356,3,9,0,4,0,0,0,0,0,0,3,1,2,1,32,6,1995,1,10,7,1,7
2018530341394,1,9,0,18,0,0,0,0,0,0,1,1,5,2,23,5,1968,2,14,9,1,9
2018530341394,2,19,0,18,0,0,0,0,0,0,1,1,2,1,41,7,2198,2,3,2,1,2
2018530341430,1,9,0,18,0,0,0,0,0,0,1,1,2,2,42,7,1596,1,11,7,1,7
2018530341437,1,9,0,9,0,0,0,0,0,0,3,1,6,1,-1,-1,-1,-1,-1,-1,-1,-1
2018530341437,2,1,0,18,0,0,0,0,0,0,1,1,6,1,23,5,-1,-1,-1,6,1,6
2018530341463,1,9,0,5,0,1,0,0,0,0,4,1,5,1,71,10,2191,2,1,9,1,9
2018530341463,2,9,0,2,0,8,0,0,0,0,3,1,2,1,-1,-1,1360,1,10,-1,-1,-1
2018530341598,1,3,0,18,0,0,0,0,0,0,1,1,5,2,25,5,125,1,1,8,2,8
2018530341598,2,9,0,18,0,0,0,0,0,0,2,1,5,2,34,6,1198,1,4,9,-1,9
2018530341604,1,1,0,18,0,0,5,0,0,0,1,1,5,1,42,7,-1,-1,-1,10,1,10
2018530341604,2,1,0,18,0,0,5,0,0,0,1,1,5,1,50,8,-1,-1,-1,5,1,5
2018530341638,1,9,0,18,7,0,1,0,1,7,4,1,5,2,36,7,1560,2,2,2,1,2
2018530341650,1,9,0,9,0,1,0,0,0,0,1,1,3,2,50,8,1598,1,12,10,1,10
2018530341650,2,9,0,18,0,1,0,0,7,10,1,1,3,2,38,7,1229,1,12,2,1,2
2018530341659,1,9,0,18,0,4,0,0,0,0,1,1,6,2,23,5,1598,2,4,8,1,8
2018530341659,2,1,0,9,0,2,0,0,0,0,2,1,6,1,-1,-1,-1,-1,-1,-1,-1,-1
2018530341686,1,9,0,18,0,0,0,0,0,0,0,1,6,3,-1,-1,-1,-1,-1,-1,-1,-1
2018530341686,2,17,4,18,0,0,0,0,0,0,0,1,6,3,-1,-1,-1,-1,-1,-1,-1,-1
2018530341688,1,9,0,9,0,2,1,0,7,0,4,1,6,1,55,8,1498,1,1,-1,-1,-1
2018530341688,2,9,0,18,0,1,0,0,0,0,1,1,6,1,29,6,-1,-1,-1,9,2,9
2018530341689,1,9,0,18,0,1,0,0,0,0,1,1,6,1,40,7,1248,1,4,-1,-1,-1
2018530341689,2,9,0,3,0,1,0,0,0,0,2,1,5,1,48,8,998,1,3,3,1,3
2018530341694,1,9,0,8,0,1,0,0,0,0,0,1,6,2,32,6,1686,2,11,6,1,6
2018530341694,2,2,0,18,0,1,5,0,0,0,3,1,6,1,62,9,49,1,4,7,1,7
2018530341735,1,9,0,18,0,0,0,4,0,0,2,1,6,1,-1,-1,1598,1,7,-1,-1,-1
2018530341735,2,9,0,2,0,0,0,0,0,0,2,1,6,1,31,6,1598,2,6,10,1,10
2018530341744,1,9,0,18,0,1,0,0,0,0,1,1,6,1,33,6,1461,2,3,7,3,7
2018530341744,2,9,0,18,0,1,0,0,0,0,1,1,5,1,38,7,1956,2,5,8,3,8
2018530341751,1,19,0,18,0,0,0,0,0,0,4,1,6,1,-1,-1,2148,2,14,-1,-1,-1
2018530341751,2,1,0,18,0,0,0,0,0,0,3,1,6,2,57,9,-1,-1,-1,9,2,9
2018530341775,1,11,0,9,0,8,0,0,0,0,3,1,1,2,35,6,-1,-1,-1,8,1,8
2018530341778,1,22,0,18,9,0,0,0,0,0,1,1,5,2,63,9,-1,-1,-1,1,1,1
2018530341819,1,2,0,18,0,0,2,0,0,0,0,1,5,2,36,7,49,1,4,8,2,8
2018530341957,1,9,0,18,0,0,0,7,4,0,4,1,5,2,26,6,1388,1,10,1,1,1
2018530341957,2,9,0,18,0,0,0,0,5,0,3,1,1,1,55,8,-1,-1,-1,6,1,6
2018530342044,1,5,0,18,0,1,0,0,0,0,1,1,6,1,60,9,1052,1,32,5,1,5
2018530342044,2,9,0,9,0,1,0,0,0,0,4,1,2,2,61,9,1386,1,7,5,1,5
2018530342081,1,9,0,5,0,0,0,4,0,0,1,1,6,2,58,9,1368,1,9,6,3,6
2018530342081,2,9,0,5,0,0,0,0,0,0,2,1,6,2,71,10,999,1,4,7,3,7
2018530342081,3,9,0,3,0,0,0,0,0,0,1,1,6,2,53,8,1796,1,10,9,1,9
2018530342106,1,2,0,17,0,4,2,0,0,0,3,1,2,2,18,4,49,1,13,8,1,8
2018530342106,2,9,0,17,0,4,0,0,0,0,0,1,1,1,33,6,1598,2,3,6,1,6
2018530342183,1,9,0,18,0,6,0,0,0,0,1,1,6,2,47,8,1329,1,5,6,3,6
2018530342183,2,19,0,3,0,5,0,0,0,0,4,1,1,1,38,7,1997,2,1,-1,2,-1
2018530342495,1,9,0,-1,0,0,0,-1,-1,0,-1,1,6,3,-1,-1,-1,-1,-1,-1,-1,-1