Accident_Index,Vehicle_Reference,Vehicle_Type,Towing_and_Articulation,Vehicle_Manoeuvre,Vehicle_Location-Restricted_Lane,Junction_Location,Skidding_and_Overturning,Hit_Object_in_Carriageway,Vehicle_Leaving_Carriageway,Hit_Object_off_Carriageway,1st_Point_of_Impact,Was_Vehicle_Left_Hand_Drive?,Journey_Purpose_of_Driver,Sex_of_Driver,Age_of_Driver,Age_Band_of_Driver,Engine_Capacity_(CC),Propulsion_Code,Age_of_Vehicle,Driver_IMD_Decile,Driver_Home_Area_Type,Vehicle_IMD_Decile
2018530803897,1,9,3,9,0,8,0,0,0,0,2,1,6,3,-1,-1,-1,-1,-1,-1,-1,-1
2018530803904,1,1,0,18,0,0,0,0,0,0,1,1,5,1,61,9,-1,-1,-1,6,3,6
2018530803904,2,9,0,2,0,0,0,0,0,0,2,1,6,3,-1,-1,-1,-1,-1,-1,-1,-1
2018530803911,1,21,0,9,0,8,0,0,0,0,2,1,1,1,34,6,10837,2,3,1,1,1
2018530803911,2,9,0,2,0,1,0,0,0,0,0,1,5,1,-1,-1,1999,1,10,8,3,8
2018530803944,1,9,0,1,9,8,0,0,0,0,2,1,2,2,61,9,1586,1,-1,3,2,3
2018530804047,1,3,0,18,0,8,0,0,0,0,1,1,6,1,24,5,124,1,-1,5,2,5
2018530804047,2,9,0,9,0,2,0,0,0,0,4,1,6,2,68,10,1360,1,10,6,1,6
2018530804056,1,19,0,3,0,0,0,0,0,0,2,1,1,1,26,6,-1,-1,-1,5,3,5
2018530804056,2,9,0,4,0,0,0,0,0,0,1,1,2,2,18,4,1598,1,11,6,3,6
2018530804056,3,9,4,9,0,0,0,0,0,0,3,1,1,1,30,6,-1,-1,-1,6,3,6
2018530804149,1,9,0,18,0,0,0,0,0,0,1,1,2,2,32,6,1498,1,-1,6,1,6
2018530804149,2,9,0,17,0,0,0,0,0,0,1,1,5,2,56,9,1599,1,13,9,1,9
2018530804163,1,19,0,13,0,0,0,0,7,0,1,1,1,1,39,7,1598,2,1,6,1,6
2018530804163,2,9,0,9,0,0,0,0,1,0,3,1,5,2,45,7,999,1,-1,6,3,6
2018530804182,1,9,0,16,0,1,0,0,0,0,2,1,5,2,22,5,998,1,4,6,1,6
2018530804182,2,9,0,16,0,1,0,0,0,0,1,1,5,2,27,6,1240,1,9,1,1,1
2018530804200,1,9,0,18,0,0,0,0,0,0,1,1,5,1,75,10,2993,2,6,9,1,9
2018530804200,2,9,0,18,0,0,0,0,0,0,2,1,5,2,71,10,1398,1,8,7,3,7
2018530804203,1,9,0,13,0,0,0,0,0,0,1,1,2,1,32,6,1968,2,6,10,1,10
2018530804203,2,19,0,18,0,0,0,0,0,0,1,1,2,1,30,6,2198,2,10,4,1,4
2018530804232,1,9,0,2,0,0,0,0,0,0,1,1,5,2,82,11,1389,1,13,5,2,5
2018530804247,1,9,0,9,0,8,0,0,0,0,4,1,5,1,29,6,1598,1,9,8,2,8
2018530804247,2,3,0,18,0,1,0,0,0,0,1,1,5,1,48,8,124,1,11,3,2,3
2018530804276,1,9,0,1,0,0,0,0,0,0,2,1,6,1,-1,-1,1248,1,5,4,3,4
2018530804415,1,9,0,18,0,4,0,0,1,0,1,1,6,1,41,7,1985,1,17,4,1,4
2018530804415,2,9,0,18,0,4,0,0,0,0,4,1,1,1,35,6,2993,2,-1,5,3,5
2018530804415,3,9,0,18,0,4,0,0,1,0,1,1,1,1,35,6,2993,2,1,5,3,5
2018530804415,4,9,0,18,0,8,0,0,0,0,1,1,1,1,35,6,2993,2,-1,5,3,5
2018530804490,1,9,0,9,0,1,0,0,0,0,1,1,6,1,-1,-1,-1,-1,-1,-1,-1,-1
2018530804490,2,1,0,18,0,2,0,0,0,0,4,1,2,1,31,6,-1,-1,-1,6,1,6
2018530804503,1,9,0,9,0,8,0,0,0,0,3,1,6,2,38,7,1388,1,13,6,3,6
2018530804503,2,9,0,18,0,8,0,0,0,0,3,1,6,1,66,10,-1,-1,-1,-1,-1,-1
2018530804553,1,9,0,18,9,0,0,0,0,0,1,1,5,1,84,11,1598,1,14,10,1,10
2018530804899,1,9,0,18,0,0,0,0,1,0,1,1,5,1,57,9,1995,2,-1,6,2,6
2018530804899,2,9,0,18,0,0,1,0,1,0,1,1,6,1,46,8,1968,2,-1,4,1,4
2018530804899,3,9,0,18,0,0,1,0,2,0,1,1,6,1,26,6,1968,2,5,6,2,6
2018530804938,1,9,0,18,0,8,0,0,0,0,3,1,5,2,51,8,1242,8,-1,10,2,10
2018530805013,1,9,0,9,0,0,0,0,0,0,1,1,5,2,17,4,1360,1,15,3,1,3
2018530805013,2,9,0,18,0,0,0,0,7,4,1,1,5,1,26,6,2429,1,14,5,1,5
2018530805037,1,5,0,18,0,0,5,0,0,0,4,1,6,2,41,7,582,1,16,10,1,10
2018530805264,1,9,0,18,0,8,0,0,0,0,2,1,5,1,72,10,2204,2,13,-1,3,-1
2018530805264,2,9,0,18,0,8,0,0,1,0,2,1,1,1,22,5,-1,-1,-1,2,1,2
2018530805489,1,9,0,9,0,8,0,0,0,0,3,1,5,2,70,10,2499,1,8,5,3,5
2018530805489,2,2,0,18,0,8,0,0,0,0,1,1,5,1,62,9,955,1,18,8,1,8
2018530805663,1,9,0,18,0,0,0,0,0,0,1,1,6,1,50,8,1998,1,-1,5,3,5
2018530805663,2,9,0,18,0,0,0,0,1,0,2,1,1,1,43,7,1560,2,5,7,1,7
2018530805723,1,9,0,16,0,8,2,0,6,2,1,1,2,1,19,4,1998,1,20,10,1,10
2018530805832,1,9,0,9,0,1,0,0,0,0,4,1,5,2,17,4,1360,1,11,5,3,5
2018530805832,2,9,0,18,0,1,0,0,0,0,3,1,5,1,38,7,1997,2,5,9,1,9
2018530805844,1,9,0,2,0,0,0,0,0,0,1,1,6,3,-1,-1,1991,2,9,-1,-1,-1
2018530805844,2,9,0,18,0,0,0,0,0,0,4,1,1,1,55,8,2099,1,14,3,2,3
2018530805873,1,9,0,18,0,0,0,0,0,0,2,1,5,3,-1,-1,1368,1,2,-1,-1,-1
2018530805873,2,9,0,18,0,0,0,0,0,0,1,1,6,2,29,6,1086,1,10,9,1,9
2018530805943,1,9,0,18,0,0,0,0,0,0,3,1,6,1,21,5,1998,1,22,8,1,8
2018530805943,2,9,0,18,0,0,0,0,0,0,3,1,6,2,29,6,1968,2,1,8,2,8
2018530805952,1,19,0,18,0,0,2,0,1,4,1,1,1,1,35,6,2143,2,3,-1,-1,-1
2018530806151,1,9,0,16,0,0,2,4,7,4,1,1,5,1,65,9,1968,2,2,-1,3,-1
2018530806166,1,9,0,9,0,8,0,0,0,0,4,1,6,2,80,11,1242,1,15,6,1,6
2018530806166,2,1,0,18,0,1,0,0,0,0,1,1,5,1,35,6,-1,-1,-1,4,1,4
2018530806172,1,9,0,7,0,5,0,0,0,0,1,1,5,2,72,10,1598,1,12,7,3,7
2018530806191,1,9,0,9,0,0,0,0,0,0,1,1,6,3,25,5,-1,-1,-1,-1,-1,-1
2018530806208,1,9,0,18,0,4,0,0,0,0,1,1,2,1,27,6,1598,1,12,3,1,3
2018530806208,2,1,0,18,0,3,0,0,3,0,4,1,6,1,51,8,-1,-1,-1,2,1,2
2018530806211,1,9,0,18,0,0,0,0,0,0,4,1,6,2,22,5,2204,2,11,9,1,9
2018530806215,1,9,0,18,0,1,0,0,0,0,1,1,6,1,25,5,1896,2,15,9,1,9
2018530806215,2,9,0,3,0,1,0,0,0,0,2,1,5,1,34,6,1598,2,7,8,1,8
2018530806235,1,9,0,17,0,0,1,0,1,3,1,1,5,1,21,5,1364,1,10,10,2,10
2018530806307,1,9,0,18,0,0,0,7,4,6,1,1,6,1,81,11,1582,2,2,6,3,6
2018530806317,1,9,0,9,0,8,0,0,0,0,3,1,5,1,24,5,1580,8,-1,8,1,8
2018530806317,2,2,0,18,0,1,5,0,0,0,1,1,6,1,23,5,-1,-1,-1,3,1,3
2018530806345,1,9,0,7,0,6,0,0,0,0,3,1,5,2,25,5,1390,1,7,6,1,6
2018530806345,2,9,0,18,0,8,0,0,0,0,1,1,2,2,62,9,2685,2,15,6,1,6
2018530806357,1,9,0,9,0,8,0,0,0,0,1,1,6,1,21,5,1390,1,7,5,1,5
2018530806357,2,1,0,18,0,8,0,0,0,0,1,1,5,1,27,6,-1,-1,-1,7,1,7
2018530806373,1,9,0,9,0,6,0,0,0,0,1,1,6,2,36,7,998,1,4,7,1,7
2018530806373,2,1,0,18,0,8,0,0,0,0,1,1,2,2,28,6,-1,-1,-1,1,-1,1
2018530806388,1,20,0,7,0,0,0,0,0,0,1,1,6,1,43,7,-1,-1,-1,5,3,5
2018530806388,2,4,0,18,0,0,0,0,0,0,1,1,6,1,27,6,1340,1,26,4,1,4
2018530806401,1,9,-1,5,-1,0,0,0,-1,0,1,1,6,1,-1,-1,1388,1,14,9,1,9
2018530806421,1,9,0,5,0,6,0,0,0,0,1,1,6,1,-1,-1,1229,1,6,5,3,5
2018530806421,2,1,0,18,0,8,0,0,0,0,4,1,6,1,41,7,-1,-1,-1,10,1,10
2018530806634,1,9,0,18,0,0,0,0,0,0,0,1,5,2,50,8,1685,2,2,5,1,5
2018530806634,2,9,0,18,0,0,0,0,0,0,0,1,5,1,40,7,1240,1,10,6,1,6
2018530806644,1,9,0,18,0,0,2,0,1,4,4,1,5,2,24,5,1360,1,11,6,3,6
2018530806652,1,19,0,18,0,0,0,0,0,0,1,1,1,1,46,8,-1,-1,-1,7,1,7
2018530806652,2,19,0,18,0,0,0,0,0,0,2,1,1,1,46,8,1870,2,15,10,1,10
2018530806652,3,98,1,18,0,0,0,0,0,0,2,1,1,1,33,6,-1,-1,-1,5,1,5
2018530806654,1,9,0,18,0,0,0,0,0,0,4,1,6,2,52,8,1799,1,11,2,1,2
2018530806661,1,1,0,18,0,1,1,0,0,0,1,1,5,1,48,8,-1,-1,-1,10,1,10
2018530806661,2,9,0,17,0,2,0,0,0,0,1,1,5,1,56,9,1984,2,6,9,1,9
2018530806858,1,9,0,16,0,0,1,0,1,7,4,1,2,1,33,6,1395,1,2,4,1,4
2018530806859,1,9,0,18,0,0,1,0,7,0,1,1,6,1,30,6,1999,1,3,7,3,7
2018530806859,2,9,0,9,0,0,1,0,0,0,3,1,6,1,18,4,1896,2,13,6,3,6
2018530806869,1,9,0,7,0,0,0,0,0,0,1,1,5,1,33,6,1497,8,8,8,3,8
2018530806879,1,9,0,13,0,3,0,0,0,0,4,1,6,1,59,9,1998,2,13,3,1,3
2018530806881,1,9,0,18,0,1,0,0,0,0,1,1,6,1,30,6,-1,-1,-1,-1,-1,-1
2018530807201,1,9,0,18,0,1,0,0,0,0,1,1,5,1,36,7,1984,1,13,4,1,4
2018530807201,2,1,0,18,0,1,0,0,0,0,1,1,5,1,19,4,-1,-1,-1,6,1,6
2018530807484,1,9,0,9,0,5,0,0,0,0,0,1,6,1,30,6,1781,1,15,-1,-1,-1
2018530807484,2,1,0,18,0,8,0,0,0,0,1,1,5,1,59,9,-1,-1,-1,2,1,2
2018530807669,1,9,0,18,0,0,0,0,0,0,1,1,6,3,30,6,-1,-1,-1,-1,-1,-1
2018530807669,2,9,0,18,0,0,0,0,0,0,3,1,2,2,45,7,1598,1,10,9,1,9
2018530807723,1,21,0,18,0,8,0,0,0,0,0,1,1,1,51,8,7698,2,-1,-1,1,-1
2018530807999,1,9,0,1,0,0,0,0,0,0,2,1,6,3,40,7,-1,-1,-1,-1,-1,-1
2018530808005,1,9,0,7,0,0,0,0,0,0,1,1,6,1,25,5,-1,-1,-1,-1,-1,-1
2018530808005,2,9,0,3,0,0,0,0,0,0,1,1,6,1,51,8,-1,-1,-1,6,1,6
2018530809551,1,9,0,13,0,0,0,0,0,0,4,1,6,3,-1,-1,1242,1,18,-1,-1,-1
2018530809551,2,9,-1,18,0,0,0,0,0,0,3,1,6,2,32,6,998,1,6,4,1,4
2018530811304,1,9,0,1,9,0,0,0,0,0,2,1,5,1,66,10,1560,2,6,5,1,5
2018530811319,1,9,0,18,0,8,0,0,0,0,1,1,5,2,40,7,1968,2,6,9,3,9
2018530811319,2,9,0,18,0,8,0,0,0,0,1,1,5,1,40,7,1499,8,-1,9,-1,9
2018530811559,1,9,0,18,0,0,0,0,7,11,1,1,1,1,28,6,1199,1,15,4,1,4
2018530811559,2,9,0,18,0,0,0,0,0,0,0,1,2,1,26,6,1968,2,4,7,1,7
2018530812631,1,9,0,4,0,2,0,0,0,0,1,1,5,2,31,6,1199,1,17,5,1,5
2018530812631,2,9,0,3,0,1,0,0,0,0,2,1,5,1,-1,-1,-1,3,-1,4,1,4
2018530814662,1,9,0,5,0,8,0,0,7,0,1,1,6,1,35,6,1498,1,-1,-1,-1,-1
2018530814662,2,9,0,18,0,8,0,0,1,0,3,1,6,2,43,7,3200,1,15,-1,-1,-1
2018530816887,1,9,0,9,0,8,0,0,0,0,1,1,5,1,52,8,999,1,4,10,1,10
2018530829169,1,9,0,18,0,2,0,0,0,0,4,1,6,1,50,8,1995,2,1,10,2,10
2018530829169,2,1,0,18,0,2,0,0,0,0,3,1,6,1,45,7,-1,-1,-1,10,3,10
2018530833692,1,9,0,18,0,1,0,0,0,0,1,1,6,2,55,8,1560,2,6,7,3,7
2018530833692,2,9,0,9,0,8,0,0,0,0,4,1,6,2,28,6,1598,1,6,8,3,8
2018530836482,1,9,0,9,0,2,0,0,0,0,1,1,6,2,24,5,1598,1,10,1,1,1
2018530836482,2,3,0,18,0,1,0,0,0,0,1,1,6,1,31,6,125,1,4,-1,-1,-1
2018530839669,1,9,0,18,0,0,0,7,0,0,1,1,6,1,36,7,1984,1,1,2,1,2
2018530839669,2,9,0,2,0,0,0,0,0,0,2,1,6,2,63,9,1560,2,4,4,1,4
2018530839669,3,9,0,2,0,0,0,0,0,0,2,1,6,2,44,7,2231,2,11,8,1,8
2018540013818,1,9,0,18,0,0,0,0,0,0,1,1,6,1,22,5,1395,1,2,7,1,7
2018540013818,2,9,0,3,0,0,0,0,0,0,2,1,6,1,69,10,1686,2,14,8,1,8
2018540028519,1,9,0,18,0,0,0,0,7,0,3,1,6,1,80,11,1197,1,5,10,2,10
2018540028519,2,9,0,18,0,0,0,0,0,0,3,1,6,1,72,10,-1,-1,-1,6,1,6
2018540047918,1,9,0,18,0,8,0,0,1,11,3,1,6,1,36,7,1956,2,6,7,1,7
2018540047918,2,19,0,18,0,8,0,0,0,0,1,1,2,1,38,7,1870,2,16,2,1,2
2018540047918,3,9,0,2,0,2,0,0,0,0,3,1,6,1,35,6,1598,1,12,4,1,4
2018540050118,1,9,0,18,0,0,0,0,0,0,1,1,6,2,41,7,1796,1,10,2,1,2
2018540078518,1,19,0,18,0,1,0,0,0,0,1,1,1,1,24,5,1753,2,15,4,2,4
2018540078518,2,20,0,9,0,8,0,0,0,0,2,1,1,2,54,8,2402,2,11,7,3,7
2018540083018,1,9,0,16,0,0,2,0,5,6,1,1,6,1,54,8,1598,1,13,1,1,1
2018540094618,1,19,0,18,0,0,5,0,1,9,1,1,1,1,33,6,2198,2,4,1,1,1
20185400A0772,1,9,0,17,0,0,0,0,0,0,1,1,6,2,77,11,998,1,4,10,1,10
20185400A0772,2,9,0,18,0,0,5,0,0,0,3,1,6,1,71,10,-1,-1,-1,4,1,4
2018540113418,1,9,0,18,0,4,0,0,0,0,1,1,2,2,34,6,1596,1,15,7,2,7
2018540113418,2,9,0,9,0,8,0,0,0,0,4,1,6,1,47,8,2179,2,10,8,1,8
2018540125518,1,9,0,18,0,0,0,0,0,0,1,1,2,2,28,6,999,1,3,9,-1,9
2018540125518,2,9,0,18,0,0,0,0,0,0,1,1,2,1,51,8,1995,2,1,10,1,10
2018540126718,1,9,0,4,0,8,0,0,0,0,1,1,6,1,19,4,1396,1,18,9,1,9
2018540126718,2,9,0,4,0,8,0,0,0,0,2,1,6,2,29,6,1560,2,13,9,1,9
2018540127218,1,9,0,13,0,8,0,0,0,0,4,1,6,1,38,7,1896,2,9,2,1,2
2018540127218,2,9,0,9,0,8,0,0,0,0,3,1,6,2,60,9,1995,2,5,5,3,5
2018540137818,1,19,0,7,0,8,0,0,0,0,1,1,6,1,42,7,1560,2,5,1,1,1
2018540137818,2,9,0,18,0,8,0,0,0,0,1,1,6,1,60,9,-1,-1,-1,7,2,7
2018540137818,3,9,0,9,0,8,0,0,0,0,3,1,6,1,33,6,1896,2,15,7,3,7
2018540139518,1,9,0,10,0,1,0,0,0,0,2,1,6,2,44,7,1397,1,15,10,1,10
2018540139518,2,9,0,3,0,1,0,0,0,0,2,1,6,1,23,5,1368,1,1,5,1,5
2018540139518,3,9,0,18,0,1,0,0,0,0,1,1,6,1,21,5,2967,2,1,6,3,6
2018540145318,1,9,0,18,0,0,5,0,2,10,1,1,6,2,30,6,1399,1,2,9,3,9
2018540160418,1,9,0,13,0,0,0,0,0,0,4,1,6,1,72,10,2987,2,11,9,1,9
2018540160418,2,1,0,18,0,0,0,0,0,0,3,1,6,1,49,8,-1,-1,-1,10,1,10
2018540164118,1,1,0,7,0,8,0,0,0,0,1,1,2,1,25,5,-1,-1,-1,6,1,6
2018540164118,2,9,0,9,0,8,0,0,0,0,1,1,2,1,58,9,1598,1,7,2,1,2
2018540164118,3,1,0,18,0,8,0,0,0,0,1,1,6,3,-1,-1,-1,-1,-1,-1,-1,-1
2018540164318,1,9,0,18,0,0,0,0,0,0,1,1,3,1,62,9,1598,1,3,6,1,6
2018540175418,1,1,0,18,0,0,0,0,0,0,1,1,6,1,9,2,-1,-1,-1,2,1,2
2018540176518,1,9,0,13,0,0,0,0,7,9,3,1,6,1,44,7,1998,1,3,6,2,6
2018540176518,2,9,0,13,0,0,0,0,7,9,4,1,6,1,24,5,1396,1,24,-1,-1,-1
2018540179318,1,9,0,5,0,4,0,0,0,0,1,1,6,2,25,5,998,1,2,8,1,8
2018540179318,2,5,0,18,0,8,0,0,0,0,2,1,6,1,59,9,1250,1,13,5,1,5
2018540190618,1,9,0,1,0,0,1,0,7,11,1,1,2,1,18,4,998,1,16,7,2,7
2018540208618,1,9,0,18,0,8,0,0,0,0,1,1,2,1,30,6,1598,1,14,10,2,10
2018540208618,2,9,0,18,0,8,0,0,0,0,3,1,3,2,30,6,1461,2,2,3,1,3
2018540220618,1,9,0,17,0,0,5,0,2,10,1,1,6,2,25,5,1360,1,15,6,1,6
2018540235318,1,9,0,2,0,0,0,0,0,0,3,1,6,2,37,7,1596,1,14,3,1,3
2018540235318,2,9,0,14,0,0,0,0,0,0,4,1,6,2,94,11,2435,1,12,9,2,9
2018540235518,1,9,0,9,0,5,0,0,0,0,1,1,2,2,45,7,1461,2,7,6,1,6
2018540235518,2,9,0,18,0,8,0,0,0,0,1,1,2,2,44,7,1896,2,10,7,2,7
2018540240418,1,5,0,16,0,8,0,0,0,0,1,1,2,1,25,5,599,1,18,8,1,8
2018540240418,2,9,0,18,0,8,0,0,0,0,1,1,2,1,31,6,1995,2,6,8,1,8
2018540247318,1,9,0,18,0,0,0,0,0,0,1,1,6,2,58,9,998,1,2,5,2,5
2018540247318,2,19,0,3,0,0,0,0,0,0,2,1,1,1,22,5,1686,2,11,5,3,5
2018540271518,1,9,0,7,0,4,0,0,0,0,1,1,2,1,49,8,2261,1,1,6,1,6
2018540271518,2,1,0,18,0,8,0,0,0,0,4,1,2,1,59,9,-1,-1,-1,6,1,6
2018540274118,1,9,0,5,0,0,0,0,0,0,1,1,2,1,69,10,1988,1,18,4,1,4
2018540275418,1,9,0,18,0,1,0,0,0,0,1,1,2,1,46,8,1388,1,14,7,2,7
2018540275418,2,9,0,10,0,1,0,0,0,0,2,1,2,2,55,8,1686,2,9,10,1,10
2018540280518,1,9,0,17,0,0,1,0,7,3,1,1,6,1,17,4,1149,1,17,5,2,5
2018540301918,1,9,0,18,0,0,5,0,1,0,1,1,6,2,77,11,1397,1,10,5,2,5
2018540311118,1,9,0,9,0,6,0,0,0,0,4,1,1,2,29,6,3598,1,11,8,1,8
2018540311118,2,5,0,18,0,8,0,0,0,0,3,1,1,1,50,8,1261,1,14,4,1,4
2018540324418,1,9,0,18,0,3,0,0,0,0,3,1,1,1,38,7,1900,2,19,2,1,2
2018540324418,2,9,0,18,0,3,0,0,0,0,1,1,6,2,22,5,1124,1,14,9,1,9
2018540338618,1,19,0,5,0,1,0,0,0,0,1,1,1,1,48,8,2198,2,9,5,2,5
2018540338618,2,9,0,3,0,1,0,0,0,0,2,1,3,2,41,7,1360,1,15,3,2,3
2018540350718,1,9,0,5,0,4,0,0,0,0,3,1,2,1,51,8,1950,2,1,7,1,7
2018540350718,2,3,0,18,0,8,0,0,0,0,1,1,2,1,40,7,124,1,4,2,1,2
2018540362218,1,9,0,18,0,4,0,0,0,0,3,1,1,1,62,9,-1,-1,-1,3,1,3
2018540362218,2,1,0,9,0,8,0,0,0,0,1,1,2,1,34,6,-1,-1,-1,2,1,2
2018540381918,1,9,4,4,0,1,3,0,0,0,1,1,1,1,19,4,2495,2,14,3,3,3
2018540381918,2,9,0,18,0,8,0,0,0,0,4,1,6,2,48,8,999,1,3,7,3,7
2018540390318,1,9,0,18,0,0,0,0,7,11,3,1,6,1,24,5,1896,2,19,4,1,4
2018540393018,1,9,0,18,0,2,0,0,0,0,3,1,6,2,49,8,1199,1,18,4,1,4
2018540395918,1,9,0,4,0,1,0,0,0,0,1,1,6,1,85,11,2143,2,5,7,1,7
2018540403018,1,9,0,16,0,0,0,0,8,4,1,1,6,2,27,6,1796,1,16,4,1,4
2018540404118,1,9,0,18,0,0,0,0,1,11,1,1,6,1,26,6,1399,1,2,-1,-1,-1
2018540404618,1,9,0,18,0,8,0,0,0,0,1,1,6,2,43,7,1598,1,10,2,1,2
2018540404618,2,9,0,9,0,5,0,0,0,0,4,1,6,1,25,5,1997,2,1,8,-1,8
2018540408118,1,9,0,18,0,8,5,0,0,0,1,1,6,2,71,10,998,1,9,8,2,8
2018540408118,2,19,0,2,0,1,0,0,0,0,3,1,6,3,-1,-1,1560,2,3,-1,-1,-1
2018540408118,3,9,0,2,0,1,0,0,0,0,3,1,6,3,-1,-1,1598,2,7,-1,-1,-1
2018540409818,1,9,0,18,0,0,0,4,0,0,1,1,6,1,17,4,1198,1,11,9,2,9
2018540409818,2,9,0,2,0,0,0,0,0,0,1,1,6,1,-1,-1,1995,2,1,-1,-1,-1
2018540423118,1,9,0,18,0,1,0,0,2,1,1,2,6,1,32,6,2995,1,21,5,1,5
2018540429018,1,9,0,9,0,5,0,0,7,0,3,1,6,1,33,6,2231,2,11,7,3,7
2018540429018,2,9,0,13,0,1,5,0,7,0,1,1,6,1,33,6,1242,1,10,5,2,5
2018540432918,1,9,0,13,0,0,0,0,7,0,1,1,2,1,31,6,2435,1,17,6,1,6
2018540432918,2,9,0,18,0,0,0,0,1,0,1,1,6,2,39,7,1995,2,13,7,2,7
2018540444818,1,9,0,5,9,6,0,0,0,0,1,1,6,3,-1,-1,-1,-1,-1,-1,-1,-1
2018540444818,2,1,0,18,9,8,0,0,0,0,3,1,2,1,16,4,-1,-1,-1,7,2,7
2018540485518,1,19,0,1,0,8,0,0,0,0,2,1,6,1,-1,-1,-1,-1,-1,-1,-1,-1
2018540485518,2,9,0,5,0,8,0,0,0,0,1,1,6,2,23,5,1349,1,4,10,-1,10
2018540491718,1,11,0,9,0,8,0,0,0,0,0,1,1,3,-1,-1,-1,-1,-1,-1,-1,-1
2018540491718,2,9,0,12,0,8,0,0,0,0,0,1,6,3,-1,-1,-1,-1,-1,-1,-1,-1
2018540496018,1,9,0,18,0,1,0,0,0,0,1,1,6,1,66,10,1618,1,2,7,3,7
2018540496018,2,9,0,18,0,1,0,0,0,0,2,1,6,2,24,5,1560,2,4,5,2,5
2018540521218,1,5,0,14,0,0,1,4,8,10,3,1,6,1,28,6,1052,1,23,4,1,4
2018540521218,2,19,0,2,0,0,0,0,0,0,1,1,1,1,22,5,2198,2,1,4,1,4
2018540543718,1,1,0,9,0,0,0,0,0,0,3,1,6,2,18,4,-1,-1,-1,2,1,2
2018540543718,2,9,0,18,0,0,0,0,0,0,1,1,1,2,20,4,1229,7,7,6,1,6
2018540546918,1,9,0,5,0,0,0,0,0,0,1,1,6,2,39,7,1242,1,3,1,1,1
2018540549118,1,9,0,9,0,5,0,0,0,0,1,1,1,1,28,6,1598,1,12,10,1,10
2018540549118,2,1,0,18,0,8,0,0,0,0,1,1,2,2,36,7,-1,-1,-1,8,1,8
2018540552118,1,9,0,13,0,1,0,0,7,11,1,1,1,1,51,8,2967,2,9,5,3,5
2018540552118,2,8,0,9,0,5,0,0,7,11,3,1,1,1,71,10,1968,2,6,8,1,8
2018540552918,1,9,0,18,0,0,2,0,1,9,1,1,2,2,19,4,1149,1,11,6,3,6
2018540558918,1,9,0,18,0,0,0,0,0,0,1,1,6,1,74,10,1896,2,14,2,1,2
2018540570118,1,9,0,5,0,6,0,0,0,0,3,1,6,1,29,6,1997,2,7,4,1,4
2018540570118,2,3,0,18,0,8,0,0,0,0,1,1,6,1,46,8,125,1,3,8,1,8
2018540571718,1,9,0,18,0,0,0,0,0,0,1,1,2,2,64,9,2982,2,10,5,1,5
2018540571718,2,9,0,4,0,0,0,0,0,0,2,1,2,2,26,6,1995,2,8,9,3,9
2018540571718,3,8,0,4,0,0,0,0,0,0,2,1,2,1,43,7,-1,-1,-1,6,1,6
2018540571918,1,9,0,18,0,0,0,0,7,9,3,1,6,1,85,11,1598,1,11,8,3,8
2018540572118,1,9,0,12,0,0,0,0,4,6,3,1,2,2,28,6,1149,1,19,8,3,8
2018540572118,2,9,0,18,0,0,0,0,0,0,1,1,2,2,24,5,1198,1,6,9,1,9
2018540575318,1,9,0,6,0,0,0,0,0,0,3,1,6,2,37,7,1197,1,2,4,1,4
2018540575318,2,9,0,4,0,0,0,0,4,0,4,1,6,1,25,5,1968,2,6,7,1,7
2018540575318,3,9,0,18,0,0,0,0,4,0,1,1,6,2,21,5,1597,2,2,7,1,7
2018540577518,1,5,0,18,0,8,1,10,0,0,1,1,6,1,40,7,749,1,8,1,1,1
2018540592218,1,9,0,16,0,0,1,0,7,4,1,1,6,1,77,11,2494,1,18,8,3,8
2018540601018,1,9,0,11,0,1,0,0,0,0,4,1,6,2,42,7,796,1,10,7,3,7
2018540601018,2,1,0,18,0,1,0,0,0,0,3,1,6,1,25,5,-1,-1,-1,1,1,1
2018540619518,1,19,0,3,0,1,0,0,0,0,2,1,6,1,67,10,2198,2,12,4,2,4
2018540619518,2,9,0,18,0,1,0,0,0,0,1,1,6,2,45,7,2967,2,12,8,3,8
2018540623118,1,9,0,14,0,0,5,4,0,0,1,1,6,1,70,10,1395,1,2,10,1,10
2018540623118,2,9,0,2,0,0,0,0,0,0,1,1,6,1,67,10,2191,2,3,6,2,6
2018540623818,1,9,0,9,0,8,0,0,0,0,3,1,6,2,20,4,1200,1,5,9,2,9
2018540623818,2,19,0,18,0,8,0,0,0,0,1,1,1,1,57,9,1248,2,4,6,3,6
2018540627818,1,9,0,9,0,8,0,0,0,0,1,1,6,1,43,7,1994,1,17,2,1,2
2018540627818,2,9,0,18,0,4,0,0,0,0,1,1,6,2,19,4,999,1,2,6,1,6
2018540639218,1,9,0,18,0,4,0,0,0,0,1,1,6,2,40,7,1598,1,15,7,2,7
2018540639218,2,1,0,9,0,8,0,0,0,0,4,1,6,1,32,6,-1,-1,-1,4,3,4
2018540641018,1,9,0,18,0,0,5,0,7,4,3,1,6,1,25,5,1360,1,12,8,1,8