Accident_Index,Vehicle_Reference,Vehicle_Type,Towing_and_Articulation,Vehicle_Manoeuvre,Vehicle_Location-Restricted_Lane,Junction_Location,Skidding_and_Overturning,Hit_Object_in_Carriageway,Vehicle_Leaving_Carriageway,Hit_Object_off_Carriageway,1st_Point_of_Impact,Was_Vehicle_Left_Hand_Drive?,Journey_Purpose_of_Driver,Sex_of_Driver,Age_of_Driver,Age_Band_of_Driver,Engine_Capacity_(CC),Propulsion_Code,Age_of_Vehicle,Driver_IMD_Decile,Driver_Home_Area_Type,Vehicle_IMD_Decile
2018540643718,1,9,0,5,0,0,0,4,0,0,3,1,6,1,18,4,1349,1,9,4,1,4
2018540643718,2,9,0,18,0,0,0,0,0,0,1,1,6,2,51,8,1896,2,16,4,1,4
2018540643718,3,9,0,2,0,0,0,0,0,0,3,1,6,1,38,7,1995,2,3,4,1,4
2018540648218,1,9,0,16,0,0,2,0,2,10,4,1,2,1,39,7,1560,2,11,5,1,5
2018540649518,1,9,0,18,0,2,0,0,0,0,1,1,6,1,18,4,1896,2,14,6,1,6
2018540653818,1,9,0,18,0,0,0,0,4,6,1,1,6,1,46,8,1956,2,3,8,2,8
2018540653818,2,21,1,18,0,0,0,0,0,0,2,1,1,1,44,7,12740,2,6,-1,1,-1
2018540653818,3,9,0,18,0,0,0,0,0,0,1,1,1,2,53,8,1968,2,8,4,1,4
2018540668518,1,9,0,18,0,2,0,0,2,7,1,1,6,1,29,6,-1,-1,-1,9,1,9
2018540687918,1,9,0,18,0,1,1,0,0,0,1,1,6,1,21,5,1587,1,16,8,2,8
2018540687918,2,9,0,18,0,1,0,0,0,0,1,1,6,1,30,6,2204,2,10,5,1,5
2018540687918,3,9,0,7,0,8,0,0,0,0,0,1,6,3,-1,-1,-1,-1,-1,-1,-1,-1
2018540691318,1,9,0,18,0,2,0,0,0,0,1,1,6,2,19,4,1598,1,16,7,2,7
2018540719818,1,4,0,18,0,0,0,0,2,10,4,1,6,1,70,10,499,1,4,6,2,6
2018540719818,2,9,0,18,0,0,0,0,0,0,0,1,6,1,83,11,2179,2,8,6,3,6
2018540722318,1,9,0,18,0,0,0,0,0,0,1,1,2,1,30,6,1560,2,11,10,1,10
2018540723618,1,9,0,5,0,4,0,0,0,0,3,1,2,1,50,8,-1,-1,-1,6,1,6
2018540723618,2,1,0,5,0,4,0,0,0,0,4,1,6,1,50,8,-1,-1,-1,8,1,8
2018540724218,1,9,0,17,0,0,2,0,2,10,1,1,2,1,21,5,-1,-1,-1,10,1,10
2018540751618,1,9,0,18,0,8,0,0,0,0,1,1,6,2,46,8,2993,2,1,10,1,10
2018540751618,2,9,0,9,0,5,0,0,0,0,1,1,6,1,31,6,1360,1,12,8,1,8
2018540754818,1,9,0,3,0,0,0,0,0,0,2,1,2,1,51,8,-1,-1,-1,6,2,6
2018540754818,2,9,0,18,0,0,0,0,0,0,1,1,2,2,24,5,1398,1,1,9,3,9
2018540757518,1,9,0,18,0,0,5,0,0,0,3,1,6,1,62,9,1398,1,6,1,1,1
2018540757518,2,9,0,18,0,0,0,0,0,0,3,1,6,1,53,8,1461,2,1,4,1,4
2018540759718,1,9,0,13,0,0,2,0,1,0,4,1,2,1,23,5,-1,-1,-1,4,1,4
2018540759718,2,21,1,18,0,0,0,0,0,0,3,1,1,1,57,9,10837,2,6,8,1,8
2018540759718,3,9,0,18,0,0,0,0,0,0,3,1,6,1,28,6,1896,2,18,1,1,1
2018540770218,1,9,0,9,0,4,0,0,0,0,1,1,1,1,43,7,-1,-1,-1,7,1,7
2018540770218,2,1,0,18,0,8,0,0,0,0,4,1,2,1,46,8,-1,-1,-1,7,1,7
2018540805218,1,9,0,9,0,5,0,0,0,0,4,1,2,2,22,5,1149,1,16,5,2,5
2018540805218,2,9,0,18,0,8,0,0,0,0,1,1,2,2,45,7,2143,2,3,8,3,8
2018540806118,1,9,0,18,0,2,0,0,0,0,0,1,3,2,39,7,1896,2,10,9,2,9
2018540815418,1,9,0,3,0,1,0,0,0,0,2,1,2,2,27,6,-1,-1,-1,10,1,10
2018540815418,2,9,0,18,0,1,0,0,0,0,1,1,1,1,46,8,1499,2,1,3,1,3
2018540827218,1,8,0,9,0,8,0,0,0,0,4,1,1,1,35,6,2183,2,7,4,1,4
2018540827218,2,3,0,18,0,8,0,0,0,0,1,1,6,1,21,5,125,1,6,7,1,7
2018540834118,1,9,0,18,0,1,1,0,0,0,1,1,6,1,21,5,1781,1,17,9,3,9
2018540834118,2,9,0,4,0,1,0,0,0,0,2,1,6,1,49,8,1560,2,9,10,1,10
2018540836918,1,9,0,5,0,0,0,0,7,11,1,1,6,1,36,7,1461,2,8,8,1,8
2018540847718,1,9,0,16,0,0,1,0,1,2,4,1,6,1,55,8,3200,6,18,7,2,7
2018540851118,1,9,0,5,0,1,0,0,0,0,1,1,6,2,45,7,1796,1,14,8,3,8
2018540851118,2,9,0,3,0,1,0,0,0,0,2,1,6,1,38,7,-1,-1,-1,8,1,8
2018540854118,1,9,0,18,0,0,0,0,0,0,1,2,1,1,57,9,-1,-1,-1,-1,-1,-1
2018540854118,2,3,0,18,0,0,0,0,0,0,1,1,1,1,33,6,125,1,10,6,1,6
2018540874718,1,9,0,3,0,1,0,0,0,0,2,1,6,2,29,6,1399,1,11,8,1,8
2018540874718,2,9,0,10,0,1,0,0,0,0,2,1,6,2,51,8,1499,1,2,8,1,8
2018540874718,3,19,0,18,0,1,0,0,0,0,1,1,6,3,-1,-1,-1,-1,-1,-1,-1,-1
2018540881718,1,9,0,17,0,0,0,0,0,0,1,1,6,1,79,11,2143,2,4,8,1,8
2018540881718,2,9,0,17,0,0,0,0,0,0,2,1,6,1,56,9,1968,2,12,6,1,6
2018540898218,1,19,0,18,0,0,0,0,0,0,1,1,1,1,36,7,1968,2,1,8,1,8
2018540898218,2,9,0,4,0,0,1,0,1,0,2,1,2,2,48,8,1242,1,9,8,1,8
2018540898218,3,9,0,3,0,0,0,0,0,0,2,1,2,2,46,8,2993,2,1,8,1,8
2018540928118,1,9,0,12,0,0,0,0,0,0,3,1,1,1,28,6,1995,2,1,7,-1,7
2018540928118,2,5,0,18,0,0,0,0,0,0,4,1,1,1,28,6,1052,1,26,9,1,9
2018540928918,1,3,0,18,0,0,0,4,0,0,1,1,6,1,28,6,125,1,13,5,2,5
2018540928918,2,9,0,2,0,0,0,0,0,0,2,1,6,3,-1,-1,1360,1,13,-1,-1,-1
2018540930318,1,9,0,5,0,4,0,0,0,0,3,1,1,1,29,6,-1,-1,-1,3,1,3
2018540930318,2,1,0,18,0,8,0,0,0,0,1,1,6,2,57,9,-1,-1,-1,5,1,5
2018540936218,1,9,0,18,0,1,0,0,0,0,1,1,6,1,61,9,4398,1,16,6,3,6
2018540936818,1,19,0,11,0,8,0,0,0,0,4,1,6,3,-1,-1,-1,-1,-1,-1,-1,-1
2018540936818,2,90,0,11,0,8,5,10,0,0,3,1,6,1,56,9,233,1,10,1,1,1
2018540940818,1,9,0,18,0,0,0,0,0,0,1,1,6,1,-1,-1,1360,1,13,8,1,8
2018540940818,2,9,0,3,0,0,0,0,0,0,2,1,6,2,35,6,1968,2,13,9,1,9
2018540957718,1,9,0,3,0,1,0,0,0,0,2,1,6,2,42,7,1332,1,12,5,1,5
2018540957718,2,9,0,18,0,1,0,0,0,0,1,1,6,2,34,6,1596,1,10,2,1,2
2018540958818,1,19,0,9,0,6,0,0,0,0,3,1,6,1,35,6,1995,2,6,2,1,2
2018540958818,2,9,0,18,0,8,0,0,0,0,1,1,6,2,46,8,1242,1,6,4,2,4
2018540967818,1,19,0,18,0,4,0,0,0,0,0,1,6,1,44,7,1399,2,7,1,1,1
2018540967818,2,3,0,4,0,8,1,0,0,0,3,1,6,1,34,6,124,1,5,2,1,2
2018540971918,1,9,0,18,0,0,0,0,0,0,1,1,1,2,18,4,1997,2,11,8,1,8
2018540976118,1,9,0,4,0,8,0,0,0,0,2,1,6,2,22,5,1395,1,2,10,1,10
2018540976118,2,9,0,17,0,8,0,0,0,0,1,1,6,2,30,6,1969,2,2,3,1,3
2018540980218,1,8,0,18,0,0,0,0,0,0,1,1,1,1,42,7,1956,2,6,5,1,5
2018540980218,2,1,0,18,0,0,0,0,0,0,2,1,2,1,29,6,-1,-1,-1,4,1,4
2018540994618,1,9,0,18,0,8,0,0,0,0,1,1,6,1,31,6,1598,1,11,7,1,7
2018540994618,2,21,0,18,0,8,0,0,0,0,3,1,1,1,47,8,12600,2,14,6,1,6
2018541004318,1,9,0,16,0,0,1,0,0,0,1,1,1,1,37,7,1560,2,6,6,3,6
2018541004318,2,9,0,4,0,0,0,0,0,0,1,1,1,2,37,7,1896,2,18,6,3,6
2018541029018,1,9,0,18,0,8,0,0,0,0,3,1,2,1,54,8,1997,2,6,10,1,10
2018541029018,2,4,0,7,0,3,0,0,0,0,4,1,2,1,49,8,745,1,1,-1,2,-1
2018541030418,1,9,0,9,0,5,0,0,0,0,4,1,6,1,67,10,2143,2,5,9,1,9
2018541030418,2,3,0,18,0,8,0,0,0,0,1,1,1,1,19,4,108,1,3,6,1,6
2018541034818,1,9,0,16,0,0,0,0,7,11,1,1,6,1,30,6,1998,1,10,7,3,7
2018541044018,1,8,0,18,0,8,0,0,0,0,4,1,1,1,25,5,-1,-1,-1,2,1,2
2018541044018,2,20,0,18,0,4,0,0,0,0,1,1,1,1,39,7,4461,2,9,10,1,10
2018541061718,1,9,0,4,0,1,0,0,0,0,3,1,6,2,45,7,1997,1,10,2,1,2
2018541061718,2,5,0,7,0,5,0,0,0,0,3,1,6,1,66,10,998,1,1,2,1,2
2018541068618,1,9,0,18,0,8,0,0,0,0,1,1,6,1,61,9,1968,2,6,9,1,9
2018541068618,2,1,0,5,0,6,0,0,0,0,1,1,2,1,58,9,-1,-1,-1,9,1,9
2018541073118,1,9,0,14,0,0,2,4,0,0,1,1,6,1,85,11,1968,2,8,7,3,7
2018541073118,2,9,0,2,0,0,0,0,1,11,2,1,6,1,-1,-1,1560,2,10,-1,-1,-1
2018541076218,1,9,0,18,0,0,0,0,0,0,1,1,2,1,48,8,2793,1,19,8,2,8
2018541082418,1,9,0,18,0,1,0,0,0,0,1,1,6,2,49,8,1968,2,3,9,2,9
2018541082418,2,9,0,3,0,1,0,0,0,0,2,1,6,2,35,6,1388,1,15,2,1,2
2018541083118,1,9,0,18,0,0,0,0,0,0,4,1,6,1,27,6,2191,2,4,8,3,8
2018541103018,1,9,0,2,0,0,0,0,0,0,3,1,6,2,-1,-1,1596,1,11,6,3,6
2018541103018,2,1,0,18,0,0,0,0,0,0,1,1,6,1,57,9,-1,-1,-1,10,1,10
2018541104518,1,9,0,9,0,8,0,0,0,0,1,1,6,2,76,11,1598,1,13,9,1,9
2018541104518,2,1,0,18,0,8,0,0,0,0,3,1,6,1,31,6,-1,-1,-1,5,1,5
2018541118018,1,9,0,18,0,2,0,0,0,0,3,1,6,1,19,4,1400,1,12,7,1,7
2018541118018,2,9,0,18,0,1,0,0,0,0,1,1,6,1,41,7,1229,1,12,7,1,7
2018541126318,1,9,0,18,0,0,1,0,8,10,1,1,2,2,34,6,1587,1,13,9,-1,9
2018541140218,1,19,0,9,0,8,0,0,0,0,3,1,1,2,47,8,2143,2,2,8,3,8
2018541140218,2,5,0,13,0,8,0,0,0,0,4,1,6,1,48,8,1402,1,12,9,1,9
2018541142418,1,9,0,17,0,0,2,0,1,10,1,1,2,1,41,7,1985,1,15,9,1,9
2018541152018,1,9,0,13,0,0,1,0,0,0,2,1,6,1,32,6,1998,2,15,3,1,3
2018541152018,2,9,0,18,0,0,0,0,0,0,1,1,6,1,49,8,2993,2,6,6,3,6
2018541155918,1,9,0,4,0,1,0,0,0,0,1,1,6,2,20,4,1229,1,8,10,1,10
2018541155918,2,9,0,10,0,1,0,0,0,0,2,1,6,2,54,8,1197,1,1,9,1,9
2018541166818,1,9,0,1,0,8,0,0,7,9,2,1,6,2,82,11,1390,1,8,6,2,6
2018541184818,1,9,0,17,0,0,1,0,0,0,1,1,6,1,25,5,1390,1,16,6,3,6
2018541184818,2,9,0,16,0,0,0,0,0,0,1,1,6,1,47,8,-1,-1,-1,-1,-1,-1
2018541191418,1,9,0,1,0,0,0,0,1,0,1,1,1,1,41,7,1998,2,15,10,1,10
2018541191418,2,21,1,1,0,0,0,0,0,0,2,2,1,1,53,8,-1,-1,-1,-1,-1,-1
2018541191418,3,19,0,1,0,0,0,0,0,0,1,1,1,1,44,7,1560,2,3,2,1,2
2018541198818,1,9,0,9,0,8,0,0,0,0,1,1,6,2,68,10,1396,1,16,7,1,7
2018541198818,2,9,0,2,0,2,0,0,0,0,0,1,6,2,28,6,1999,2,2,6,3,6
2018541198818,3,1,0,18,9,8,0,0,0,0,1,1,2,1,37,7,-1,-1,-1,6,1,6
2018541203618,1,19,0,18,0,1,0,0,0,0,1,1,1,1,35,6,2143,2,7,1,1,1
2018541203618,2,9,0,3,0,1,0,0,0,0,2,1,2,2,36,7,1229,1,5,8,1,8
2018541204818,1,9,0,3,0,1,0,0,0,0,2,1,1,2,62,9,1124,1,18,10,1,10
2018541204818,2,9,0,18,0,1,0,0,0,0,1,1,1,2,54,8,1997,2,1,10,1,10
2018541231118,1,9,0,17,0,0,0,0,8,4,1,1,6,1,31,6,1910,2,12,3,1,3
2018541237918,1,9,0,9,0,8,0,0,3,0,3,1,2,1,60,9,1398,2,11,10,1,10
2018541237918,2,9,0,18,0,8,0,0,0,0,4,1,2,2,37,7,1560,2,7,9,3,9
2018541246318,1,9,0,18,0,8,1,0,7,10,1,1,2,1,34,6,1956,2,3,8,3,8
2018541246318,2,9,0,18,0,8,1,0,1,10,4,1,2,2,43,7,1598,2,5,7,1,7
2018541247018,1,9,0,18,0,1,0,0,0,0,1,1,6,1,-1,-1,1587,1,12,-1,-1,-1
2018541247018,2,9,0,3,0,1,0,0,0,0,2,1,1,2,40,7,1896,2,13,7,1,7
2018541255718,1,19,0,17,0,0,0,0,0,0,3,1,1,1,52,8,1968,2,1,8,1,8
2018541255718,2,9,0,16,0,0,0,0,0,0,1,1,6,2,75,10,1896,2,15,6,3,6
2018541260818,1,9,0,18,0,0,0,0,0,0,1,1,6,1,48,8,1968,2,5,9,2,9
2018541260818,2,9,0,4,0,0,0,0,0,0,2,1,6,1,22,5,1360,1,16,9,1,9
2018541260818,3,90,0,18,0,0,0,0,0,0,0,1,1,1,47,8,-1,-1,-1,-1,-1,-1
2018541273718,1,9,0,7,0,8,0,0,0,0,3,1,6,2,55,8,1597,2,2,7,2,7
2018541273718,2,20,0,11,0,8,0,0,0,0,4,1,6,1,52,8,6870,2,9,8,1,8
2018541279818,1,19,0,5,0,8,0,0,0,0,1,1,1,1,24,5,2198,2,2,-1,-1,-1
2018541280018,1,19,0,18,0,1,0,0,0,0,1,1,1,1,31,6,-1,-1,-1,4,1,4
2018541280018,2,9,0,3,0,1,0,0,0,0,2,1,6,1,20,4,1364,1,1,9,3,9
2018541282018,1,9,0,7,0,2,0,0,0,0,4,1,6,1,85,11,1798,1,4,10,1,10
2018541282318,1,9,0,18,0,1,0,0,0,0,1,1,6,1,-1,-1,-1,-1,-1,-1,-1,-1
2018541282318,2,9,0,3,0,1,0,0,0,0,2,1,6,1,46,8,1618,1,1,-1,-1,-1
2018541287918,1,9,0,18,0,1,0,0,0,0,1,1,6,1,39,7,2143,2,2,9,-1,9
2018541287918,2,9,0,10,0,1,0,0,0,0,2,1,6,2,41,7,1997,2,7,2,1,2
2018541288118,1,9,0,5,0,4,0,0,0,0,1,1,6,2,26,6,1149,1,6,9,1,9
2018541288118,2,9,0,18,0,8,0,0,0,0,4,1,6,1,39,7,1198,1,12,9,1,9
2018541293218,1,9,0,9,0,6,0,0,0,0,1,1,6,1,25,5,2400,2,8,9,-1,9
2018541293218,2,1,0,10,0,1,0,0,0,0,3,1,6,1,50,8,-1,-1,-1,6,3,6
2018541299818,1,9,0,5,0,0,0,0,0,0,4,1,6,1,55,8,1597,2,1,10,2,10
2018541315918,1,9,0,18,0,0,0,0,0,0,3,1,6,2,64,9,1598,2,5,8,3,8
2018541315918,2,9,0,18,0,0,0,0,0,0,3,1,2,1,19,4,1896,2,10,8,2,8
2018541317318,1,4,0,18,0,4,0,0,0,0,1,1,6,1,19,4,124,1,4,4,1,4
2018541317318,2,9,0,9,0,8,0,0,0,0,3,1,6,1,67,10,999,1,3,8,1,8
2018541320118,1,9,0,18,0,1,0,0,0,0,1,1,6,2,28,6,1598,1,15,6,1,6
2018541320118,2,9,0,3,0,1,0,0,0,0,2,1,6,1,55,8,-1,-1,-1,6,1,6
2018541322018,1,9,0,18,0,8,0,0,0,0,1,1,6,2,41,7,1124,1,14,1,1,1
2018541322018,2,3,0,7,0,8,0,0,0,0,1,1,6,1,21,5,124,1,4,9,1,9
2018541326318,1,11,0,18,0,2,0,7,0,0,1,1,1,1,38,7,9000,2,10,3,1,3
2018541343918,1,9,0,9,0,8,0,0,0,0,1,1,6,1,89,11,1200,1,-1,5,1,5
2018541343918,2,9,0,18,0,8,0,0,0,0,1,1,2,2,51,8,2088,2,20,2,1,2
2018541356118,1,9,0,18,0,2,0,0,0,0,4,1,6,3,-1,-1,-1,-1,-1,-1,-1,-1
2018541357218,1,9,0,18,0,0,0,0,2,7,1,1,1,2,50,8,1991,2,10,7,1,7
2018541371918,1,9,0,6,0,8,0,0,0,0,4,1,6,2,30,6,1390,1,17,6,1,6
2018541371918,2,9,0,18,0,8,0,0,0,0,4,1,2,1,47,8,1968,2,3,6,1,6
2018541373818,1,9,0,9,0,8,0,0,0,0,4,1,6,1,18,4,998,1,2,10,1,10
2018541373818,2,9,0,18,0,8,0,0,1,0,1,1,6,2,60,9,1339,1,5,10,1,10
2018541375318,1,9,0,17,0,0,1,0,0,0,1,1,6,1,24,5,-1,-1,-1,8,1,8
2018541375318,2,9,0,16,0,0,1,0,0,0,1,1,6,2,54,8,-1,-1,-1,8,3,8
2018541386918,1,9,0,18,0,0,0,4,0,0,1,1,6,2,25,5,1490,1,12,2,1,2
2018541386918,2,9,0,2,0,0,0,0,0,0,3,1,6,1,30,6,1896,2,15,4,1,4
2018541395318,1,9,0,18,0,8,0,0,0,0,4,1,6,2,41,7,1242,1,2,7,-1,7
2018541395318,2,9,0,18,0,8,0,0,0,0,1,1,6,1,50,8,1598,1,2,8,3,8
2018541396318,1,9,0,18,0,0,1,0,1,7,1,1,6,1,46,8,2143,2,1,10,1,10
2018541397018,1,9,0,4,0,0,0,0,0,0,2,1,6,2,63,9,999,1,1,9,1,9
2018541397018,2,9,0,18,0,0,0,0,0,0,1,1,6,2,60,9,1998,1,22,4,1,4
2018541397018,3,9,0,18,0,0,0,0,0,0,1,1,6,2,26,6,1399,2,6,4,1,4
2018541397018,4,9,0,18,0,0,0,0,0,0,1,1,6,2,40,7,1399,2,9,7,1,7
2018541401018,1,9,0,18,0,8,0,0,0,0,3,1,6,2,60,9,1248,1,5,7,1,7
2018541401018,2,9,0,9,0,8,0,0,0,0,1,1,6,2,58,9,1364,2,9,8,1,8
2018541403018,1,9,0,8,0,1,0,0,0,0,2,1,6,2,29,6,1229,1,11,9,1,9
2018541403018,2,9,0,18,0,1,0,0,0,0,1,1,6,1,-1,-1,2987,2,12,-1,-1,-1
2018541411518,1,9,0,18,0,0,0,0,0,0,1,1,6,1,45,7,1353,1,1,-1,1,-1
2018541412718,1,9,0,18,0,2,0,0,1,4,1,1,6,2,37,7,1422,2,10,2,1,2
2018541412718,2,9,0,18,0,2,0,0,0,0,0,1,6,3,-1,-1,-1,-1,-1,-1,-1,-1
2018541419418,1,9,0,18,0,2,0,0,0,0,1,1,6,3,-1,-1,-1,-1,-1,-1,-1,-1
2018541419418,2,19,0,18,0,2,0,0,0,0,1,1,1,1,37,7,2464,2,10,6,3,6
2018541419418,3,9,0,4,0,2,0,0,0,0,2,1,1,2,44,7,1499,1,1,6,1,6
2018541420318,1,9,0,16,0,0,1,0,0,0,1,1,2,1,24,5,1272,1,32,9,1,9
2018541420318,2,19,0,17,0,0,0,0,0,0,1,1,2,1,46,8,2148,2,13,7,1,7
2018541442918,1,9,0,18,0,8,0,0,0,0,1,1,6,2,29,6,1600,1,14,5,1,5
2018541442918,2,90,0,9,0,8,0,0,0,0,3,1,1,1,40,7,-1,-1,-1,9,3,9
2018541453618,1,3,0,18,0,8,0,0,0,0,1,1,1,1,28,6,124,1,7,2,1,2
2018541453618,2,19,0,18,0,8,0,0,0,0,1,1,1,1,46,8,2148,2,8,5,3,5
2018541459518,1,9,0,7,0,8,0,0,0,0,1,1,6,2,30,6,-1,-1,-1,10,1,10
2018541459518,2,11,0,14,0,8,0,0,0,0,3,1,1,1,32,6,-1,-1,-1,6,2,6
2018541476418,1,9,0,9,0,8,0,0,0,0,1,1,2,1,46,8,1998,1,14,8,1,8
2018541476418,2,9,0,18,0,8,0,0,0,0,1,1,2,1,49,8,-1,-1,-1,7,1,7
2018541482718,1,9,0,18,0,3,0,0,0,0,1,1,2,1,33,6,1796,1,20,8,1,8
2018541482718,2,1,0,18,0,2,0,0,0,0,4,1,2,1,33,6,-1,-1,-1,8,3,8
2018541491118,1,9,0,4,0,1,0,0,0,0,2,1,2,1,23,5,1339,1,14,6,1,6
2018541491118,2,9,0,18,0,1,0,0,0,0,1,1,6,1,46,8,1995,2,6,9,1,9
2018541496318,1,9,0,18,0,0,0,0,0,0,1,1,6,1,74,10,1242,1,4,8,3,8
2018541496318,2,9,0,18,0,0,0,0,0,0,1,1,6,2,30,6,1968,2,5,9,3,9
2018541500218,1,21,0,18,0,0,0,0,0,0,1,1,1,1,47,8,5480,2,15,8,2,8
2018541500218,2,21,1,3,0,0,0,0,0,0,2,1,1,1,63,9,5193,2,2,1,1,1
2018541500218,3,9,0,3,0,0,0,0,0,0,2,1,1,1,26,6,999,1,1,3,1,3
2018541510118,1,9,0,9,0,6,0,0,0,0,1,1,6,1,51,8,1984,1,16,7,3,7
2018541510118,2,9,0,18,0,8,0,0,7,0,1,1,6,1,54,8,1997,2,4,10,2,10
2018541513818,1,11,0,18,0,1,0,0,0,0,1,1,1,1,44,7,4461,2,3,9,1,9
2018541513918,1,1,0,18,0,0,0,0,0,0,1,1,6,2,41,7,-1,-1,-1,8,1,8
2018541513918,2,9,0,18,0,0,0,0,0,0,4,1,1,1,37,7,-1,-1,-1,2,1,2
2018541521618,1,9,0,5,0,4,0,0,0,0,1,1,2,1,33,6,1796,1,17,3,1,3
2018541521618,2,1,0,18,0,8,0,0,0,0,2,1,6,1,51,8,-1,-1,-1,8,1,8
2018541526118,1,9,0,5,0,4,0,0,0,0,1,1,6,2,78,11,1596,1,4,9,1,9
2018541526118,2,9,0,18,0,3,0,0,0,0,4,1,6,2,37,7,1360,1,8,5,3,5
2018541544018,1,9,0,9,0,5,2,0,0,0,4,1,6,2,39,7,1998,1,11,8,1,8
2018541544018,2,9,0,18,0,8,0,0,0,0,1,1,6,2,50,8,1997,2,16,10,1,10
2018541545618,1,9,0,17,0,0,1,0,1,0,1,1,2,2,19,4,1299,1,14,8,2,8
2018541547118,1,9,0,5,8,0,0,0,0,0,4,1,1,1,62,9,1956,2,4,5,1,5
2018541547118,2,1,0,3,9,0,0,0,0,0,3,1,6,1,35,6,-1,-1,-1,8,1,8
2018541549818,1,9,0,18,0,0,1,4,1,0,4,1,6,2,20,4,1242,1,13,6,3,6
2018541549818,2,9,0,1,0,0,0,0,0,0,0,1,6,3,-1,-1,1896,2,8,-1,-1,-1
2018541549818,3,9,0,2,0,0,0,0,0,0,3,1,6,3,-1,-1,1086,1,11,-1,-1,-1
2018541549818,4,9,0,2,0,0,0,0,0,0,3,1,6,3,-1,-1,1149,1,17,-1,-1,-1
2018541549818,5,9,0,2,0,0,0,0,0,0,3,1,6,3,-1,-1,998,1,4,-1,-1,-1
2018541549818,6,9,0,2,0,0,0,0,0,0,3,1,6,3,-1,-1,1986,2,12,-1,-1,-1
2018541549818,7,9,0,2,0,0,0,0,0,0,3,1,6,3,-1,-1,1242,1,4,-1,-1,-1
2018541550418,1,9,0,18,0,0,0,0,2,6,1,1,6,1,42,7,1364,1,5,4,1,4
2018541562118,1,5,0,18,0,1,0,0,8,1,1,1,6,1,67,10,779,1,8,9,3,9
2018541566518,1,9,0,16,0,0,1,0,0,0,1,1,6,1,25,5,1124,1,16,5,2,5
2018541566518,2,9,0,18,0,0,0,0,0,0,1,1,6,2,39,7,999,1,3,5,3,5
2018541603118,1,9,0,18,0,0,0,0,0,0,2,1,6,2,59,9,-1,-1,-1,7,3,7
2018541603118,2,19,0,18,0,0,0,0,0,0,1,1,6,1,47,8,1248,2,8,2,1,2
2018541614618,1,5,0,18,0,8,0,0,0,0,3,1,2,1,56,9,1198,1,27,3,1,3
2018541614618,2,9,0,9,0,8,0,0,0,0,1,1,2,1,49,8,1461,2,7,9,1,9
2018541620218,1,19,0,18,0,1,0,0,0,0,1,1,1,1,19,4,1995,2,1,-1,2,-1
2018541620218,2,9,0,10,0,1,0,0,0,0,2,1,6,2,29,6,1400,2,11,3,3,3
2018541628618,1,11,0,18,0,0,0,0,0,0,1,1,1,1,61,9,4250,2,16,6,1,6
2018541634018,1,9,0,18,0,1,0,0,0,0,1,1,1,1,44,7,-1,-1,-1,1,1,1
2018541642418,1,9,0,12,0,0,0,0,6,0,2,1,2,1,63,9,-1,-1,-1,10,1,10
2018541642418,2,9,0,12,0,0,0,0,6,0,1,1,2,1,23,5,1596,1,9,7,1,7
2018541643918,1,9,0,9,0,0,0,0,0,0,1,1,6,1,32,6,1388,1,13,7,1,7
2018541643918,2,9,0,18,0,0,0,0,0,0,3,1,6,1,71,10,1910,2,11,4,1,4
2018541644118,1,9,0,18,0,1,0,0,0,0,4,1,6,2,61,9,1587,1,13,7,2,7
2018541696518,1,9,0,5,0,8,0,0,7,0,4,1,2,2,45,7,3696,1,8,7,2,7
2018541696518,2,9,0,18,0,8,0,0,0,0,1,1,2,2,45,7,999,1,6,8,3,8
2018541696518,3,8,0,8,0,1,0,0,0,0,1,1,1,1,38,7,1968,2,4,6,3,6
2018541704918,1,90,0,18,0,0,5,4,1,0,1,1,6,1,79,11,-1,-1,-1,9,3,9
2018541704918,2,9,0,2,0,0,0,0,0,0,2,1,6,3,-1,-1,-1,-1,-1,-1,-1,-1
2018541718818,1,9,0,18,0,0,0,0,0,0,1,1,2,2,44,7,1783,1,14,3,1,3
2018541720218,1,9,0,18,0,0,0,0,0,0,1,1,1,1,34,6,-1,-1,-1,6,2,6
2018541720218,2,9,0,4,0,0,0,0,0,0,2,1,1,1,51,8,-1,-1,-1,6,3,6
2018541722418,1,9,0,18,0,0,0,0,0,0,4,1,6,1,33,6,1968,2,4,10,1,10
2018541730418,1,9,0,9,0,4,0,0,0,0,1,1,6,2,21,5,998,1,16,6,1,6
2018541730418,2,1,0,18,0,4,0,0,0,0,1,1,2,1,35,6,-1,-1,-1,1,1,1
2018541737218,1,9,0,9,0,6,0,0,0,0,1,1,6,2,41,7,1997,2,11,2,1,2
2018541737218,2,11,0,18,0,8,0,0,0,0,4,1,1,1,58,9,9400,2,12,6,1,6
2018541752518,1,9,0,18,0,1,0,0,0,0,1,1,6,1,23,5,1997,1,15,6,2,6
2018541752518,2,19,0,4,0,1,0,0,0,0,2,1,6,1,39,7,1686,2,14,10,1,10
2018541752618,1,2,0,5,0,4,0,0,0,0,2,1,2,1,53,8,49,1,1,8,1,8
2018541752618,2,9,0,5,0,4,0,0,0,0,1,1,1,1,47,8,-1,-1,-1,5,1,5