Accident_Index,Vehicle_Reference,Vehicle_Type,Towing_and_Articulation,Vehicle_Manoeuvre,Vehicle_Location-Restricted_Lane,Junction_Location,Skidding_and_Overturning,Hit_Object_in_Carriageway,Vehicle_Leaving_Carriageway,Hit_Object_off_Carriageway,1st_Point_of_Impact,Was_Vehicle_Left_Hand_Drive?,Journey_Purpose_of_Driver,Sex_of_Driver,Age_of_Driver,Age_Band_of_Driver,Engine_Capacity_(CC),Propulsion_Code,Age_of_Vehicle,Driver_IMD_Decile,Driver_Home_Area_Type,Vehicle_IMD_Decile
2018541761618,1,8,0,18,0,4,0,0,0,0,1,1,1,1,33,6,1956,2,3,7,3,7
2018541761618,2,9,0,18,0,8,0,0,0,0,4,1,6,1,46,8,998,1,7,6,1,6
2018541769918,1,9,0,9,0,5,0,10,0,0,4,1,6,2,26,6,1686,2,4,6,3,6
2018541769918,2,9,0,4,0,1,0,0,0,0,3,1,6,1,73,10,1399,1,8,6,3,6
2018541782418,1,9,0,18,0,0,0,0,0,0,1,1,1,1,23,5,2496,1,15,10,1,10
2018541782418,2,9,0,18,0,0,0,0,7,11,1,1,1,2,24,5,1796,1,13,4,2,4
2018541786718,1,11,0,14,0,8,0,0,0,0,4,1,1,1,62,9,4461,2,6,5,2,5
2018541786718,2,9,0,2,0,8,0,0,0,0,0,1,6,2,71,10,1596,1,1,8,1,8
2018541799118,1,9,0,18,0,8,5,0,7,0,4,1,6,1,21,5,1149,1,7,9,3,9
2018541799118,2,9,0,18,0,8,0,0,0,0,1,1,2,1,56,9,2184,2,13,8,1,8
2018541841218,1,9,0,18,0,8,0,0,0,0,1,1,6,1,24,5,1598,2,4,6,2,6
2018541841218,2,9,0,18,0,8,0,0,0,0,1,1,6,2,56,9,999,1,8,6,2,6
2018541842518,1,9,0,9,0,8,0,0,0,0,1,1,6,2,55,8,999,1,8,6,2,6
2018541842518,2,9,0,18,0,4,0,0,0,0,3,1,6,1,30,6,1956,2,7,-1,2,-1
2018541843318,1,9,0,17,0,0,1,0,0,0,1,1,6,1,18,4,1242,1,16,6,3,6
2018541843318,2,9,0,16,0,0,0,0,0,0,1,1,6,1,66,10,1296,1,10,6,3,6
2018541865318,1,9,0,8,0,8,0,0,0,0,4,1,6,2,-1,-1,-1,-1,-1,-1,-1,-1
2018541865318,2,1,0,18,0,8,0,0,0,0,1,1,6,1,49,8,-1,-1,-1,4,1,4
2018541868618,1,9,0,16,0,0,2,0,1,11,1,1,2,1,24,5,1596,1,13,8,3,8
2018541870018,1,9,0,18,0,1,0,0,0,0,1,1,6,1,-1,-1,-1,-1,-1,-1,-1,-1
2018541870018,2,1,0,9,0,6,0,0,0,0,3,1,4,1,11,3,-1,-1,-1,5,2,5
2018541872318,1,9,0,18,0,0,1,0,7,4,1,1,6,1,53,8,3059,2,22,9,3,9
2018541878318,1,9,0,18,0,0,2,0,7,9,1,1,2,2,48,8,1598,1,12,5,1,5
2018541884818,1,10,0,17,0,0,0,0,0,0,4,1,3,2,27,6,-1,-1,-1,6,2,6
2018541892318,1,9,0,18,0,0,0,0,0,0,1,1,6,1,40,7,1596,1,17,7,-1,7
2018541892318,2,9,0,4,0,0,0,0,0,0,2,1,6,1,49,8,1598,2,4,1,1,1
2018541898118,1,9,0,18,0,0,0,0,0,0,4,1,6,1,34,6,1995,2,14,2,1,2
2018541924118,1,9,0,18,0,0,1,0,1,9,4,1,6,2,42,7,1299,1,13,10,1,10
2018541926518,1,9,0,18,0,0,1,0,0,0,1,1,2,1,41,7,1229,1,11,10,1,10
2018541926518,2,19,0,18,0,0,0,0,0,0,1,1,2,1,53,8,2402,2,12,6,3,6
2018541927618,1,9,0,17,0,0,1,0,1,11,1,1,6,1,32,6,2457,1,12,8,1,8
2018541929518,1,19,0,2,0,0,0,0,7,11,1,1,1,1,27,6,2198,2,2,10,1,10
2018541930418,1,9,0,18,0,0,1,0,4,7,1,1,6,2,44,7,1229,1,6,6,2,6
2018541934118,1,9,0,13,0,0,2,0,1,9,1,1,6,1,27,6,1240,1,13,4,1,4
2018541982118,1,19,0,18,0,0,0,0,0,0,0,1,6,1,53,8,2198,2,6,7,3,7
2018541982118,2,9,0,18,0,0,5,0,1,11,1,1,6,1,25,5,1968,2,10,10,1,10
2018541982118,3,9,0,18,0,0,0,0,1,11,1,1,6,1,22,5,2495,2,21,9,1,9
2018541982118,4,9,0,18,0,0,5,0,1,11,1,1,6,1,21,5,2495,2,22,9,1,9
2018542004118,1,9,0,14,0,1,0,0,0,0,1,1,6,1,24,5,1197,1,7,3,1,3
2018542004118,2,9,0,18,0,1,0,0,0,0,1,1,6,1,25,5,1560,2,4,6,3,6
2018542015518,1,9,0,6,0,0,0,0,0,0,3,1,6,1,49,8,1796,1,4,9,3,9
2018542015518,2,3,0,13,0,0,0,0,0,0,1,1,6,1,21,5,124,1,2,10,2,10
2018542015818,1,19,0,12,0,0,0,0,1,0,3,1,1,1,28,6,2143,2,3,8,3,8
2018542015818,2,19,0,18,0,0,0,0,4,6,4,1,2,1,38,7,1968,2,3,5,1,5
2018542016518,1,3,0,18,0,8,0,0,0,0,3,1,6,1,19,4,125,1,5,7,1,7
2018542016518,2,9,0,18,0,8,0,0,0,0,3,1,6,1,53,8,-1,-1,-1,3,1,3
2018542039018,1,9,0,9,0,8,0,0,0,0,1,1,6,2,56,9,1598,2,3,8,1,8
2018542039018,2,9,0,18,0,8,0,0,0,0,3,1,6,1,42,7,1686,2,14,10,1,10
2018542061118,1,3,0,18,0,0,0,0,0,0,4,1,2,1,33,6,124,1,8,7,1,7
2018542062118,1,9,0,18,0,0,0,0,0,0,1,1,3,2,44,7,1968,2,10,7,1,7
2018542084318,1,21,1,4,0,2,0,0,0,0,2,1,1,1,32,6,12777,2,7,4,1,4
2018542084318,2,9,0,18,0,2,0,0,0,0,1,1,2,1,34,6,1468,1,19,-1,-1,-1
2018542089318,1,1,0,18,9,0,0,0,0,0,1,1,6,1,16,4,-1,-1,-1,2,1,2
2018542089418,1,4,0,17,0,8,0,0,0,0,4,1,6,1,19,4,689,1,4,3,1,3
2018542089418,2,9,0,5,0,4,0,0,0,0,3,1,6,1,26,6,1596,1,9,4,1,4
2018542119918,1,9,0,4,0,8,0,4,0,0,1,1,6,2,76,11,1193,1,2,9,3,9
2018542119918,2,9,0,2,0,8,0,0,0,0,2,1,3,3,-1,-1,996,1,4,-1,-1,-1
2018542119918,3,9,0,2,0,8,0,0,0,0,1,1,3,3,-1,-1,1997,1,6,-1,-1,-1
2018542123018,1,21,0,13,0,0,0,0,1,9,3,1,1,1,48,8,-1,-1,-1,7,2,7
2018542123018,2,9,0,13,0,0,0,0,1,0,4,1,6,1,55,8,2143,2,4,8,1,8
2018542123018,3,9,0,18,0,0,0,0,1,9,2,1,6,1,81,11,998,1,3,5,1,5
2018542123918,1,9,0,18,0,8,0,0,0,0,1,1,1,1,25,5,2204,2,10,6,1,6
2018542128218,1,9,0,18,0,4,0,0,0,0,1,1,6,2,20,4,2204,2,11,8,1,8
2018542128218,2,9,0,18,0,8,0,0,0,0,4,1,6,1,20,4,1598,1,14,4,1,4
2018542154118,1,9,0,18,0,0,0,0,0,0,2,1,6,1,45,7,1598,1,5,7,1,7
2018542154118,2,9,0,18,0,0,0,0,0,0,1,1,6,1,28,6,1910,2,11,6,1,6
2018542164018,1,9,0,18,0,0,0,0,0,0,3,1,6,1,72,10,1360,1,12,3,1,3
2018542184218,1,2,0,7,0,6,0,4,0,0,1,1,6,2,31,6,49,1,19,2,1,2
2018542184218,2,9,0,2,0,1,0,0,0,0,3,1,6,1,-1,-1,1582,2,5,6,1,6
2018542216818,1,9,0,17,0,0,1,0,7,0,1,1,6,1,28,6,-1,-1,-1,7,3,7
2018542216818,2,9,0,18,0,0,0,1,0,0,1,1,2,1,46,8,1984,1,15,4,2,4
2018542224318,1,9,0,18,0,0,0,0,1,0,1,1,6,1,48,8,1956,2,2,-1,-1,-1
2018542224318,2,9,0,18,0,0,0,0,7,0,1,1,1,1,52,8,1988,2,14,6,3,6
2018542242318,1,9,0,9,0,5,0,0,0,0,3,1,6,1,83,11,1994,2,8,6,3,6
2018542242318,2,9,0,18,0,8,1,0,0,0,3,1,2,2,51,8,1995,2,8,5,3,5
2018542284418,1,9,0,18,0,0,5,4,0,0,1,1,6,1,30,6,1364,1,12,7,3,7
2018542284418,2,8,0,18,0,0,0,4,0,0,1,1,6,1,29,6,1242,1,4,9,3,9
2018542284418,3,9,0,2,0,0,0,0,0,0,3,1,6,3,-1,-1,1390,1,14,-1,-1,-1
2018542284418,4,19,0,2,0,0,0,0,0,0,3,1,6,3,-1,-1,1686,2,14,-1,-1,-1
2018542316418,1,9,0,18,0,0,0,0,0,0,1,1,1,1,58,9,-1,3,5,9,1,9
2018542354118,1,9,0,17,0,0,2,0,1,10,1,1,6,1,29,6,1198,1,10,9,1,9
2018542374918,1,9,0,18,0,0,0,4,0,0,1,1,6,2,39,7,1149,1,9,5,1,5
2018542374918,2,9,0,2,0,0,0,0,0,0,3,1,1,2,49,8,1991,2,7,5,2,5
2018542419018,1,9,0,18,0,0,1,0,0,0,1,1,6,1,29,6,2993,2,11,8,2,8
2018542419018,2,9,0,18,0,0,0,0,1,1,2,1,6,2,27,6,1591,1,1,8,2,8
2018542419918,1,9,0,18,0,0,0,0,0,0,4,1,6,1,21,5,1242,1,5,10,2,10
2018542421918,1,9,0,18,0,0,2,0,7,9,3,1,6,2,43,7,1598,2,5,8,2,8
2018542423218,1,9,0,18,0,8,1,0,1,11,1,1,6,2,22,5,1499,1,1,8,1,8
2018542423818,1,9,0,17,0,2,1,0,1,11,1,1,2,1,24,5,1248,1,1,7,3,7
2018542424118,1,9,0,16,0,0,5,0,0,0,1,1,6,2,38,7,1896,2,8,6,3,6
2018542430218,1,9,0,4,0,0,1,0,1,0,1,1,6,1,34,6,1896,2,11,2,1,2
2018542430218,2,9,0,4,0,0,0,0,0,0,2,1,6,2,22,5,1490,1,12,8,1,8
2018542435918,1,9,0,4,0,1,0,0,0,0,2,1,6,2,49,8,1997,2,8,10,1,10
2018542435918,2,9,0,18,0,1,1,0,0,0,1,1,6,1,19,4,1595,1,15,3,1,3
2018542436218,1,9,0,7,0,8,1,0,1,2,1,1,2,2,22,5,1400,1,11,5,1,5
2018542438718,1,9,0,17,0,0,1,0,0,0,3,1,2,2,43,7,1598,1,7,2,1,2
2018542438718,2,9,0,16,0,0,1,0,0,0,3,1,2,1,37,7,-1,-1,-1,5,1,5
2018542440018,1,9,0,17,0,0,2,0,2,10,4,1,1,2,23,5,1229,1,10,4,1,4
2018542455718,1,9,0,18,0,0,1,0,7,0,3,1,6,1,37,7,1299,1,13,5,1,5
2018542455718,2,21,1,18,0,0,0,0,1,0,3,1,1,1,32,6,12900,2,6,3,3,3
2018542458318,1,9,0,18,0,0,0,0,7,1,1,1,6,1,66,10,1997,2,2,6,1,6
2018542493918,1,5,0,16,0,0,0,0,0,0,4,1,6,1,19,4,689,1,4,3,1,3
2018542495718,1,9,0,16,0,0,0,0,0,0,1,1,6,2,51,8,2179,2,3,10,1,10
2018542495718,2,9,0,18,0,0,0,0,0,0,1,1,2,2,41,7,2488,1,12,6,1,6
2018542496918,1,19,0,18,0,6,0,0,0,0,1,1,1,1,30,6,2298,2,3,7,1,7
2018542496918,2,9,0,18,0,8,0,0,1,0,3,1,6,2,72,10,1200,1,1,8,3,8
2018542509318,1,9,0,9,0,6,0,0,0,0,1,1,6,1,46,8,1796,1,13,4,1,4
2018542515118,1,19,0,3,0,0,0,0,0,0,2,1,1,1,39,7,2143,2,9,8,1,8
2018542515118,2,9,0,18,0,0,0,0,0,0,1,1,2,1,47,8,1991,2,9,7,3,7
2018542527618,1,9,0,7,0,6,1,0,2,11,3,1,6,2,18,4,998,1,5,5,2,5
2018542527618,2,19,0,18,0,8,1,0,7,0,1,1,1,1,55,8,1995,2,-1,6,2,6
2018542527718,1,9,0,9,0,5,0,0,0,0,1,1,2,1,65,9,1360,1,14,6,1,6
2018542527718,2,5,0,18,0,1,0,0,0,0,1,1,6,1,27,6,748,1,29,8,1,8
2018542528818,1,20,0,14,0,0,0,0,0,0,4,1,1,2,49,8,-1,-1,-1,7,3,7
2018542528818,2,10,0,2,0,0,0,0,0,0,0,1,1,1,49,8,2198,2,2,7,1,7
2018542533418,1,3,0,13,0,1,1,0,0,0,1,1,6,1,25,5,-1,-1,-1,2,1,2
2018542533418,2,9,0,9,0,5,0,0,0,0,4,1,6,1,77,11,1598,1,8,9,1,9
2018542566518,1,90,0,18,0,0,0,0,1,4,1,1,6,1,68,10,2300,2,2,9,3,9
2018542577818,1,9,0,18,0,0,0,0,0,0,1,1,6,1,27,6,-1,-1,-1,6,3,6
2018542577818,2,8,0,4,0,0,0,0,0,0,2,1,1,1,45,7,1995,2,5,5,1,5
2018542578218,1,11,0,18,2,1,0,0,0,0,1,1,1,2,26,6,3900,2,13,10,1,10
2018542603018,1,9,0,18,0,1,0,0,0,0,4,1,6,1,61,9,2720,2,12,3,1,3
2018542603918,1,9,0,18,0,4,0,0,0,0,1,1,1,1,42,7,-1,-1,-1,8,1,8
2018542603918,2,1,0,18,0,8,0,0,0,0,4,1,6,1,49,8,-1,-1,-1,6,1,6
2018542618818,1,9,0,18,0,8,0,0,0,0,4,1,2,1,44,7,1986,2,9,9,2,9
2018542618818,2,3,0,18,0,8,0,0,0,0,1,1,2,1,21,5,535,1,25,8,1,8
2018542625518,1,9,0,6,0,8,1,0,0,0,4,1,6,1,25,5,1995,1,10,1,1,1
2018542625518,2,9,0,18,0,4,1,10,1,1,1,1,6,2,70,10,1997,2,2,9,1,9
2018542631318,1,9,0,17,0,2,0,0,7,11,1,1,6,2,42,7,1560,2,4,-1,1,-1
2018542631318,2,9,0,16,0,1,0,0,0,0,1,1,6,1,49,8,1598,1,2,10,3,10
2018542642018,1,3,0,18,0,0,0,0,0,0,1,1,6,1,17,4,125,1,2,5,1,5
2018542642018,2,9,0,4,0,0,0,0,0,0,2,1,6,2,50,8,1461,2,4,9,1,9
2018542643118,1,9,0,13,0,8,1,7,0,0,4,1,6,1,70,10,998,1,2,7,1,7
2018542643118,2,21,1,18,0,8,0,0,0,0,3,1,1,1,44,7,12740,2,1,1,1,1
2018542643118,3,9,0,2,6,2,0,0,1,0,4,1,6,3,-1,-1,2993,2,9,-1,-1,-1
2018542661718,1,2,0,18,0,0,0,0,0,0,1,1,2,1,17,4,124,1,3,9,1,9
2018542661718,2,19,0,4,0,0,0,0,0,0,2,1,1,1,31,6,1995,2,1,8,1,8
2018542673318,1,9,0,18,0,1,0,0,0,0,1,1,6,2,72,10,1598,1,10,4,1,4
2018542673318,2,1,0,14,0,2,0,0,0,0,1,1,6,1,47,8,-1,-1,-1,2,1,2
2018542680118,1,9,0,18,0,1,0,0,0,0,1,1,6,1,57,9,2143,2,7,8,1,8
2018542680218,1,9,0,18,0,8,0,0,0,0,4,1,6,1,69,10,1796,2,5,9,3,9
2018542680218,2,9,0,18,0,8,0,0,0,0,1,1,6,2,40,7,2204,2,12,8,1,8
2018542682018,1,3,0,4,0,0,0,0,0,0,1,1,6,1,47,8,125,1,2,8,1,8
2018542682018,2,9,0,3,0,0,0,0,0,0,2,1,6,2,46,8,1560,2,6,10,3,10
2018542727018,1,9,0,9,0,4,0,0,0,0,3,1,6,1,18,4,1396,1,14,10,1,10
2018542727018,2,3,0,18,0,8,0,0,0,0,1,1,2,1,27,6,125,1,4,4,1,4
2018542727718,1,9,0,18,0,4,0,0,0,0,1,1,2,1,38,7,1598,1,12,6,1,6
2018542727718,2,1,0,18,0,8,0,0,0,0,4,1,2,1,29,6,-1,-1,-1,4,1,4
2018542731618,1,8,0,4,0,1,0,0,0,0,2,1,1,1,33,6,1598,2,9,4,1,4
2018542731618,2,9,0,18,0,1,0,0,0,0,1,1,3,1,38,7,1991,2,6,8,1,8
2018542731918,1,9,0,18,0,0,2,0,2,10,1,1,1,1,29,6,1994,1,15,6,2,6
2018542734218,1,9,0,9,0,8,1,0,3,2,1,1,3,2,37,7,1900,2,13,10,2,10
2018542754218,1,9,0,18,0,1,0,0,0,0,1,1,2,1,28,6,1796,1,18,6,1,6
2018542794318,1,9,0,18,0,0,0,0,0,0,2,1,6,1,36,7,1998,1,14,9,3,9
2018542794318,2,9,0,4,0,0,0,0,0,0,1,1,6,1,29,6,1373,1,2,8,1,8
2018542794318,3,9,0,4,0,0,0,0,0,0,2,1,2,1,57,9,1995,1,15,7,3,7
2018542794318,4,9,0,4,0,0,0,0,0,0,2,1,2,1,53,8,-1,-1,-1,-1,1,-1
2018542794318,5,19,0,18,0,0,0,0,0,0,1,1,1,1,54,8,1968,2,1,-1,1,-1
2018542794318,6,9,0,18,0,0,0,0,0,0,1,1,6,2,36,7,1685,2,6,-1,3,-1
2018542794318,7,9,0,18,0,0,0,0,0,0,4,1,1,2,43,7,1498,1,-1,-1,2,-1
2018542794318,8,19,0,4,0,0,0,0,0,0,4,1,6,1,40,7,2143,2,1,-1,-1,-1
2018542794318,9,5,0,18,0,0,0,0,0,0,3,1,6,1,50,8,781,1,20,-1,3,-1
2018542796718,1,9,0,18,0,1,0,0,0,0,1,1,6,1,18,4,-1,-1,-1,2,1,2
2018542796718,2,3,0,7,0,6,0,0,0,0,1,1,6,1,15,3,125,1,5,2,1,2
2018542796718,3,3,0,7,0,6,0,0,0,0,1,1,6,1,15,3,125,1,5,1,1,1
2018542807318,1,9,0,1,0,0,0,0,7,11,2,1,6,2,65,9,1596,1,10,1,1,1
2018542819618,1,19,0,18,0,8,0,0,5,6,3,1,6,1,22,5,1896,2,9,5,2,5
2018542828018,1,3,0,18,0,8,0,10,1,0,2,1,6,1,19,4,-1,-1,-1,7,1,7
2018542828018,2,9,0,18,0,8,0,0,0,0,1,1,6,3,-1,-1,-1,-1,-1,-1,-1,-1
2018542829118,1,9,0,9,0,5,0,0,0,0,1,1,2,1,50,8,1600,1,27,9,1,9
2018542829118,2,9,0,18,0,8,0,0,0,0,1,1,6,1,23,5,1399,2,7,8,1,8
2018542830618,1,9,0,11,0,1,0,0,0,0,4,1,6,1,21,5,1388,1,13,9,1,9
2018542830618,2,11,0,18,0,1,0,0,0,0,3,1,1,1,53,8,9400,2,12,9,2,9
2018542849818,1,9,0,18,0,8,0,0,0,0,4,1,6,2,49,8,1598,1,16,6,3,6
2018542849818,2,9,0,18,0,4,0,0,0,0,3,1,6,1,38,7,1598,1,8,7,1,7
2018542856118,1,9,0,9,0,8,0,0,0,0,4,1,6,2,22,5,1395,1,2,10,2,10
2018542856118,2,9,0,18,0,8,0,0,0,0,1,1,6,1,43,7,1998,2,12,7,1,7
2018542875618,1,9,0,14,0,0,1,4,0,0,1,1,6,2,39,7,1968,2,9,9,1,9
2018542875618,2,19,0,18,0,0,0,0,1,0,1,1,1,1,69,10,1868,2,14,7,2,7
2018542875618,3,9,0,2,0,0,0,0,0,0,2,1,6,3,-1,-1,1386,1,9,-1,-1,-1
2018542876118,1,3,0,16,0,0,1,0,0,0,1,1,6,1,18,4,124,1,5,3,2,3
2018542876118,2,9,0,17,0,0,0,0,0,0,1,1,6,1,61,9,1200,1,3,9,3,9
2018542897418,1,1,0,18,0,5,0,0,0,0,2,1,6,1,56,9,-1,-1,-1,6,3,6
2018542911218,1,9,0,4,0,0,0,0,0,0,2,1,2,2,54,8,1339,1,5,5,1,5
2018542911218,2,9,0,4,0,0,0,0,0,0,2,1,2,2,20,4,1198,1,10,6,2,6
2018542911218,3,9,0,18,0,0,0,0,0,0,1,1,2,1,31,6,1598,1,8,5,1,5
2018542912518,1,3,0,9,0,8,0,0,0,0,4,1,2,1,33,6,124,1,3,5,1,5
2018542912518,2,9,0,18,0,8,0,0,0,0,1,1,2,2,44,7,1560,2,10,6,3,6
2018542923818,1,3,0,18,0,1,1,0,0,0,3,1,2,1,22,5,125,1,7,10,3,10
2018542935918,1,21,0,18,0,8,0,0,0,0,1,1,1,1,26,6,-1,-1,-1,-1,3,-1
2018542935918,2,9,0,10,0,1,0,0,0,0,2,1,2,1,48,8,-1,-1,-1,8,2,8
2018542948318,1,9,0,5,0,2,0,0,3,10,2,1,6,2,47,8,1229,1,7,6,1,6
2018542956918,1,21,1,18,0,8,0,0,0,0,4,1,6,3,-1,-1,-1,-1,-1,-1,-1,-1
2018542956918,2,9,0,7,0,8,0,0,0,0,3,1,6,2,40,7,-1,-1,-1,4,1,4
2018542960918,1,9,0,14,0,8,0,0,0,0,1,1,6,2,62,9,1968,2,9,5,1,5
2018542960918,2,9,0,9,0,8,0,0,7,2,2,1,6,2,36,7,1995,2,3,9,3,9
2018542962818,1,9,0,1,6,2,0,0,1,11,2,1,6,2,91,11,2000,2,13,9,2,9
2018542962818,2,9,0,2,6,2,0,0,0,0,2,1,6,2,42,7,1197,1,1,8,2,8
2018542962818,3,9,0,2,6,2,0,0,0,0,2,1,6,2,72,10,1796,1,12,8,2,8
2018542967618,1,9,0,10,0,1,0,0,0,0,2,1,6,2,31,6,999,1,2,9,2,9
2018542967618,2,9,0,3,0,1,0,0,0,0,2,1,6,1,41,7,1124,1,16,3,1,3
2018542967618,3,9,0,18,0,1,0,0,0,0,1,1,6,1,32,6,1686,2,5,9,3,9
2018542982918,1,9,0,18,0,4,0,0,0,0,3,1,6,1,47,8,-1,-1,-1,6,1,6
2018542982918,2,3,0,18,0,8,0,0,0,0,1,1,6,1,18,4,124,1,4,7,1,7
2018542988418,1,9,0,18,0,0,1,0,0,0,3,1,2,1,34,6,-1,-1,-1,4,1,4
2018542988418,2,19,0,14,0,0,0,0,0,0,3,1,6,1,78,11,-1,-1,-1,4,1,4
2018543004418,1,9,0,18,0,0,0,0,0,0,4,1,6,1,40,7,-1,-1,-1,8,3,8
2018543035618,1,9,0,4,0,8,0,0,0,0,2,1,6,1,56,9,1796,1,11,1,1,1
2018543035618,2,9,0,18,0,8,0,0,0,0,1,1,6,2,29,6,1596,1,17,5,1,5
2018543037718,1,9,0,7,0,4,0,0,0,0,1,1,6,2,65,9,1598,2,3,7,1,7
2018543037718,2,1,0,18,0,8,0,0,0,0,4,1,6,1,49,8,-1,-1,-1,10,1,10
2018543040318,1,9,0,7,0,8,0,0,0,0,2,1,2,1,28,6,2967,2,5,6,1,6
2018543040318,2,1,0,18,0,8,0,0,0,0,0,1,6,1,47,8,-1,-1,-1,6,1,6
2018543047718,1,9,0,17,0,8,1,0,1,1,1,1,6,1,17,4,1390,1,10,7,3,7
2018543053618,1,5,0,18,0,0,0,0,0,0,3,1,6,1,26,6,599,1,22,4,1,4
2018543056018,1,9,0,13,0,0,0,0,0,0,4,1,6,3,-1,-1,-1,-1,-1,-1,-1,-1
2018543056018,2,1,0,18,0,0,0,0,0,0,3,1,6,1,57,9,-1,-1,-1,9,3,9
2018543093218,1,9,0,9,0,5,0,0,0,0,1,1,1,1,56,9,1200,1,-1,-1,-1,-1
2018543093218,2,9,0,18,0,1,0,0,1,0,1,1,1,2,20,4,1242,1,9,9,3,9
2018543093818,1,9,0,9,0,6,0,0,0,0,3,1,6,2,18,4,1490,1,11,7,3,7
2018543093818,2,9,0,18,0,8,0,0,0,0,1,1,6,2,85,11,998,1,10,5,1,5
2018543129218,1,9,0,11,0,1,0,0,0,0,4,1,6,1,53,8,1995,2,1,10,2,10
2018543129218,2,5,0,18,2,1,0,0,0,0,3,1,6,1,42,7,749,1,8,8,1,8
2018543132918,1,9,0,18,0,0,0,0,0,0,1,1,6,2,23,5,1910,2,14,6,3,6
2018543132918,2,9,0,3,0,0,0,0,0,0,2,1,6,2,29,6,1582,2,5,6,3,6
2018543132918,3,9,0,3,0,0,0,0,0,0,2,1,6,2,33,6,1598,1,12,5,3,5
2018543132918,4,9,0,3,0,0,0,0,0,0,2,1,6,1,25,5,898,1,1,7,1,7
2018543137118,1,9,0,13,0,1,1,0,7,11,1,1,6,1,25,5,1968,2,15,7,3,7
2018543137118,2,9,0,9,0,5,1,0,7,11,3,1,6,1,35,6,1598,1,17,9,1,9
2018543137618,1,9,0,18,0,1,0,0,0,0,1,1,1,1,39,7,2993,2,14,6,1,6
2018543137618,2,9,0,18,0,1,0,0,0,0,2,1,1,2,30,6,1560,2,11,5,1,5
2018543139918,1,9,0,18,0,0,0,0,5,6,1,1,6,1,23,5,1149,1,14,8,2,8
2018543143418,1,8,0,9,0,8,5,0,0,0,4,1,1,1,47,8,1597,2,4,5,1,5
2018543143418,2,19,0,18,0,8,0,0,0,0,1,1,6,1,23,5,1686,2,6,9,2,9
2018543146418,1,9,0,12,0,1,0,0,0,0,3,1,2,1,37,7,2393,1,14,8,1,8
2018543146418,2,9,0,18,0,1,5,0,0,0,4,1,2,2,26,6,1198,1,1,9,2,9
2018543153718,1,9,0,6,0,1,0,0,0,0,3,1,6,1,42,7,1968,2,3,9,1,9
2018543153718,2,9,0,18,0,1,0,0,0,0,1,1,6,1,20,4,1229,1,12,9,1,9
2018543168018,1,9,0,16,0,0,5,0,2,10,4,1,6,2,19,4,1229,1,13,5,2,5
2018543191618,1,9,0,4,0,1,0,0,0,0,1,1,6,2,42,7,2231,2,11,6,3,6
2018543191618,2,9,0,10,0,1,0,0,0,0,2,1,6,2,37,7,2354,1,14,6,3,6
2018543199718,1,9,0,5,0,0,0,0,1,11,1,1,1,1,83,11,1590,1,18,4,1,4
2018543205518,1,9,0,5,0,0,0,0,0,0,1,1,6,1,38,7,1587,1,15,2,1,2
2018543211518,1,9,0,9,0,6,0,0,0,0,1,1,6,2,19,4,1242,1,11,5,1,5
2018543211518,2,9,0,18,0,8,0,0,2,4,4,1,6,2,39,7,1199,2,7,7,3,7
2018543212418,1,9,0,18,0,0,0,0,0,0,0,1,6,3,-1,-1,-1,-1,-1,-1,-1,-1
2018543212418,2,3,0,18,0,0,0,0,1,9,4,1,6,1,31,6,125,1,25,8,2,8
2018543225718,1,9,0,6,0,8,0,0,0,0,3,1,6,2,41,7,1995,2,-1,3,3,3
2018543225718,2,17,4,18,0,8,0,0,0,0,1,1,1,1,77,11,4500,2,10,10,1,10
2018543246018,1,1,0,18,0,1,0,0,0,0,3,1,6,1,62,9,-1,-1,-1,4,1,4
2018543246018,2,9,0,13,0,1,0,0,0,0,4,1,6,3,-1,-1,-1,-1,-1,-1,-1,-1
2018543267018,1,9,0,18,0,0,0,0,0,0,1,1,2,1,32,6,1956,2,6,6,1,6
2018543267018,2,9,0,14,0,0,0,0,0,0,1,1,6,1,80,11,1587,1,13,6,1,6
2018543267018,3,9,0,2,0,0,0,0,0,0,0,1,6,1,23,5,1242,1,10,7,1,7
2018543267018,4,9,0,14,0,0,0,0,0,0,1,1,6,2,24,5,1596,1,13,8,1,8
2018543270618,1,9,0,18,0,0,2,0,1,9,1,1,6,1,61,9,2199,2,3,3,1,3
2018543272318,1,9,0,9,0,8,1,0,3,11,1,1,6,2,33,6,1339,1,16,7,1,7
2018543282218,1,9,0,17,0,0,0,0,1,1,1,1,6,1,32,6,2000,2,14,5,1,5
2018543290218,1,9,0,9,0,8,0,0,0,0,1,2,6,1,53,8,-1,-1,-1,-1,-1,-1
2018543290218,2,9,0,18,0,8,0,0,0,0,1,1,6,2,38,7,1596,1,15,7,1,7
2018543292918,1,9,0,18,0,0,0,0,0,0,1,1,6,2,65,9,1560,2,2,10,1,10
2018543292918,2,9,0,18,0,0,0,0,1,0,1,1,6,2,45,7,998,1,3,4,1,4