Accident_Index,Vehicle_Reference,Vehicle_Type,Towing_and_Articulation,Vehicle_Manoeuvre,Vehicle_Location-Restricted_Lane,Junction_Location,Skidding_and_Overturning,Hit_Object_in_Carriageway,Vehicle_Leaving_Carriageway,Hit_Object_off_Carriageway,1st_Point_of_Impact,Was_Vehicle_Left_Hand_Drive?,Journey_Purpose_of_Driver,Sex_of_Driver,Age_of_Driver,Age_Band_of_Driver,Engine_Capacity_(CC),Propulsion_Code,Age_of_Vehicle,Driver_IMD_Decile,Driver_Home_Area_Type,Vehicle_IMD_Decile
2018543295218,1,9,0,18,0,0,0,0,0,0,1,1,6,2,54,8,-1,-1,-1,7,3,7
2018543295218,2,9,0,18,0,0,0,0,0,0,1,1,6,1,42,7,1388,1,8,4,3,4
2018543301318,1,9,0,18,0,1,1,0,0,0,1,1,1,1,21,5,-1,-1,-1,10,1,10
2018543301318,2,9,0,8,0,8,0,0,0,0,2,1,2,2,42,7,2231,2,4,6,1,6
2018543303718,1,9,0,7,0,3,0,0,0,0,4,1,2,1,24,5,998,1,8,7,1,7
2018543306618,1,19,0,13,0,1,0,0,0,0,1,1,1,1,35,6,2198,2,2,8,1,8
2018543306618,2,1,0,18,0,1,0,0,0,0,2,1,1,1,47,8,-1,-1,-1,6,1,6
2018543306618,3,1,0,18,0,1,0,0,0,0,0,1,1,2,33,6,-1,-1,-1,9,3,9
2018543329518,1,9,0,9,0,8,0,0,0,0,3,1,3,2,42,7,1461,2,5,8,3,8
2018543329518,2,5,0,13,0,8,0,0,7,10,1,1,2,1,40,7,900,1,1,7,1,7
2018543332018,1,5,0,17,0,0,0,0,1,10,1,1,6,1,42,7,-1,-1,-1,7,1,7
2018543399318,1,9,0,18,0,4,0,0,0,0,1,1,6,2,70,10,1339,1,5,4,1,4
2018543399318,2,1,0,18,0,8,0,0,0,0,1,1,6,2,58,9,-1,-1,-1,8,1,8
2018543400618,1,9,0,18,0,0,0,0,0,0,3,1,6,2,46,8,1998,1,3,8,2,8
2018543401018,1,19,0,4,0,1,0,0,0,0,0,1,6,1,45,7,2198,2,3,-1,-1,-1
2018543401018,2,9,0,4,0,1,0,0,0,0,0,1,6,2,-1,-1,-1,-1,-1,-1,-1,-1
2018543401018,3,19,0,4,0,1,2,0,1,10,4,1,6,1,27,6,1998,2,16,9,2,9
2018543402318,1,9,0,7,0,4,0,0,0,0,1,1,1,1,54,8,1995,2,5,4,1,4
2018543402318,2,1,0,18,0,8,0,0,0,0,1,1,6,1,39,7,-1,-1,-1,7,1,7
2018543406318,1,9,0,18,0,0,0,0,2,4,1,1,1,2,20,4,1149,1,13,7,2,7
2018543407618,1,3,0,4,0,1,0,0,0,0,1,1,1,2,52,8,124,1,9,4,1,4
2018543407618,2,8,0,4,0,1,0,0,0,0,2,1,1,1,-1,-1,-1,-1,-1,-1,-1,-1
2018543412118,1,9,0,2,0,0,0,0,0,0,0,1,6,2,32,6,1598,1,13,7,1,7
2018543412118,2,9,0,3,0,0,0,0,0,0,2,1,6,1,21,5,1200,1,5,7,1,7
2018543412118,3,19,0,18,0,0,1,0,0,0,1,1,6,1,50,8,1900,2,17,6,1,6
2018543424018,1,9,0,5,0,0,0,0,0,0,2,1,3,1,35,6,1598,2,6,6,1,6
2018543424018,2,9,0,5,0,0,0,0,0,0,2,1,3,1,46,8,1796,1,15,3,1,3
2018543424018,3,9,0,18,0,0,0,0,0,0,1,1,6,1,-1,-1,1242,1,11,-1,-1,-1
2018543438218,1,9,0,18,0,0,0,0,0,0,1,1,6,1,81,11,2967,1,15,8,1,8
2018543438218,2,9,0,2,0,0,0,0,0,0,2,1,1,1,50,8,1600,2,8,8,3,8
2018543438218,3,9,0,2,0,0,0,0,0,0,2,1,6,2,-1,-1,-1,-1,-1,-1,-1,-1
2018543452418,1,9,0,18,0,8,0,0,0,0,1,1,6,2,44,7,998,1,1,10,2,10
2018543452418,2,3,0,18,0,8,0,0,0,0,3,1,6,1,52,8,125,1,2,8,3,8
2018543453918,1,4,0,9,0,8,1,0,0,0,4,1,6,1,20,4,744,1,6,9,1,9
2018543455518,1,9,0,9,0,8,0,0,0,0,3,1,6,1,77,11,1397,1,10,6,3,6
2018543455518,2,5,0,18,0,8,0,0,0,0,1,1,6,1,56,9,1250,1,19,1,1,1
2018543459318,1,9,0,18,0,0,0,0,1,3,1,1,6,1,19,4,1390,1,11,9,1,9
2018543505418,1,1,0,7,0,8,0,0,0,0,3,1,6,1,33,6,-1,-1,-1,5,1,5
2018543505418,2,9,0,11,0,8,0,0,0,0,4,1,6,1,57,9,1499,2,2,8,1,8
2018543506718,1,8,0,18,0,2,0,0,0,0,1,1,1,1,59,9,1956,2,6,8,1,8
2018543506718,2,9,0,4,0,2,0,0,0,0,2,1,6,1,29,6,1461,2,3,7,3,7
2018543506918,1,9,0,18,0,1,0,0,0,0,1,1,1,2,-1,-1,1686,2,6,-1,-1,-1
2018543506918,2,9,0,4,0,8,0,0,0,0,2,1,6,2,27,6,1598,2,6,8,1,8
2018543506918,3,9,0,9,0,8,0,0,0,0,4,1,6,1,48,8,1598,1,-1,2,1,2
2018543520318,1,9,0,9,0,8,0,0,1,1,3,1,6,1,32,6,2494,1,28,8,1,8
2018543520318,2,9,0,13,0,8,0,0,0,0,4,1,6,1,71,10,1968,2,8,6,3,6
2018543525818,1,9,0,9,0,8,0,0,0,0,4,1,6,1,23,5,-1,-1,-1,10,2,10
2018543534218,1,9,0,13,0,0,0,0,0,0,3,1,6,2,30,6,1242,1,15,1,1,1
2018543534218,2,5,0,13,0,0,0,0,7,10,4,1,6,1,35,6,599,1,20,10,-1,10
2018543537418,1,9,0,5,0,1,0,4,3,10,1,1,6,2,84,11,1364,1,9,7,3,7
2018543537418,2,9,0,2,0,1,0,0,0,0,2,1,6,3,-1,-1,1997,1,13,-1,-1,-1
2018543553318,1,5,0,18,0,8,0,0,0,0,1,1,2,1,57,9,599,1,18,2,1,2
2018543553318,2,19,0,7,0,4,0,0,0,0,1,1,1,1,24,5,1997,2,2,5,3,5
2018543553318,3,9,0,18,0,1,0,0,0,0,3,1,6,2,19,4,998,1,12,5,2,5
2018543555418,1,21,0,9,0,4,0,0,0,0,1,1,1,1,43,7,-1,-1,-1,9,1,9
2018543555418,2,9,0,18,0,8,0,0,0,0,4,1,6,2,52,8,1560,2,2,9,1,9
2018543558818,1,9,0,4,0,1,0,0,0,0,2,1,6,2,66,10,1596,1,11,8,2,8
2018543558818,2,19,0,18,0,1,0,0,0,0,1,1,1,1,64,9,1753,2,11,7,3,7
2018543575918,1,1,0,18,0,2,0,0,7,10,1,1,6,2,84,11,-1,-1,-1,7,1,7
2018543576318,1,9,0,18,0,4,0,0,0,0,3,1,6,1,44,7,1998,1,-1,7,1,7
2018543576318,2,1,0,18,0,8,0,0,0,0,4,1,6,1,41,7,-1,-1,-1,10,1,10
2018543584918,1,9,0,18,0,0,0,0,0,0,1,1,2,2,50,8,1596,1,15,7,2,7
2018543586818,1,9,0,5,0,1,0,0,1,11,2,1,6,2,17,4,2400,2,9,8,1,8
2018543619218,1,9,0,17,0,2,0,0,1,11,1,1,2,2,31,6,1997,2,14,4,3,4
2018543626418,1,9,0,18,0,1,0,0,7,10,1,1,6,1,17,4,1299,1,16,6,2,6
2018543627118,1,9,0,16,0,0,0,0,1,4,1,1,6,1,47,8,1799,1,12,9,3,9
2018543644418,1,9,0,18,0,0,0,0,0,0,1,1,6,2,21,5,998,1,12,8,1,8
2018543674218,1,9,0,9,0,8,0,0,3,0,1,1,6,2,66,10,647,8,2,6,-1,6
2018543688718,1,9,0,18,0,1,0,0,0,0,1,1,6,2,23,5,1753,2,9,7,2,7
2018543688718,2,9,0,4,0,1,0,0,0,0,2,1,2,1,-1,-1,2993,2,11,1,1,1
2018543691918,1,9,0,18,0,8,0,0,0,0,1,1,6,1,50,8,-1,-1,-1,3,1,3
2018543691918,2,19,0,7,0,8,0,0,0,0,3,1,6,1,39,7,-1,-1,-1,9,1,9
2018543698918,1,9,0,18,0,8,0,0,0,0,1,1,6,1,19,4,1124,1,18,4,1,4
2018543698918,2,9,0,18,0,8,0,0,0,0,3,1,6,1,36,7,1200,1,3,8,2,8
2018543708118,1,9,0,9,0,8,0,0,0,0,1,1,6,1,62,9,2972,1,17,7,1,7
2018543711818,1,9,0,18,0,1,0,0,0,0,1,1,6,1,64,9,1997,2,14,2,1,2
2018543711818,2,9,0,9,0,8,0,0,7,11,2,1,6,2,29,6,1400,1,11,4,1,4
2018543725618,1,9,0,7,0,8,0,0,0,0,3,1,6,2,48,8,1242,1,8,10,1,10
2018543725618,2,19,0,18,0,8,0,0,0,0,1,1,1,1,49,8,2402,2,10,7,3,7
2018543726818,1,9,0,16,0,0,0,0,0,0,1,1,6,2,26,6,1596,1,16,3,1,3
2018543726818,2,9,0,17,0,0,0,0,0,0,1,1,6,2,41,7,1332,1,9,4,1,4
2018543729818,1,1,0,18,0,0,0,0,0,0,2,1,6,1,62,9,-1,-1,-1,6,1,6
2018543729818,2,9,0,13,0,0,0,0,0,0,4,1,6,3,-1,-1,-1,-1,-1,-1,-1,-1
2018543729818,3,9,0,18,0,0,0,0,0,0,1,1,6,3,-1,-1,-1,-1,-1,-1,-1,-1
2018543777318,1,5,0,4,0,0,0,0,0,0,3,1,6,2,51,8,-1,-1,-1,7,1,7
2018543797718,1,9,0,18,0,1,0,0,8,10,3,1,6,1,54,8,2400,2,5,7,3,7
2018543797718,2,9,0,18,0,1,0,0,0,0,4,1,1,2,23,5,1999,1,11,9,2,9
2018543801018,1,9,0,18,0,0,0,0,1,0,1,1,6,2,40,7,1998,2,6,7,1,7
2018543801018,2,9,0,18,0,0,0,0,5,6,2,1,6,2,57,9,1997,1,22,3,3,3
2018543804718,1,11,0,4,0,0,0,0,0,0,0,1,1,1,31,6,9400,2,12,5,1,5
2018543804718,2,9,0,4,0,0,0,0,0,0,0,1,6,3,-1,-1,-1,-1,-1,-1,-1,-1
2018543816118,1,9,0,18,0,2,0,0,0,0,1,1,6,1,22,5,1396,1,21,6,1,6
2018543819518,1,1,0,9,0,8,0,0,0,0,1,1,6,1,54,8,-1,-1,-1,4,1,4
2018543819518,2,9,0,17,0,8,0,0,0,0,1,1,6,1,37,7,1968,2,6,7,1,7
2018543839918,1,9,0,9,0,8,0,0,0,0,3,1,6,2,25,5,1598,2,6,7,-1,7
2018543839918,2,1,0,13,0,8,0,0,0,0,4,1,6,1,30,6,-1,-1,-1,-1,-1,-1
2018543842518,1,9,0,4,0,1,0,0,0,0,0,1,6,1,24,5,-1,-1,-1,9,1,9
2018543842518,2,1,0,18,0,1,0,0,0,0,4,1,6,1,32,6,-1,-1,-1,8,1,8
2018543853418,1,9,0,18,0,3,0,0,0,0,4,1,6,1,38,7,1396,1,17,8,2,8
2018543853418,2,9,0,18,0,3,0,0,0,0,3,1,2,2,42,7,2400,2,8,8,1,8
2018543868218,1,9,0,18,0,3,0,0,7,1,4,1,2,1,31,6,1229,1,8,9,3,9
2018543869218,1,2,0,18,0,0,0,0,0,0,1,1,1,1,27,6,49,1,8,2,1,2
2018543871318,1,19,0,9,0,8,0,0,0,0,1,1,1,1,26,6,2143,2,1,-1,-1,-1
2018543871318,2,19,0,13,0,8,0,0,0,0,1,1,1,1,37,7,1598,2,6,6,3,6
2018543871318,3,9,0,4,0,1,0,0,0,0,0,1,6,3,-1,-1,-1,-1,-1,-1,-1,-1
2018543889018,1,9,0,18,0,0,0,0,2,10,4,1,6,2,62,9,1400,1,11,6,1,6
2018543889018,2,9,0,18,0,0,0,0,0,0,1,1,6,1,64,9,1499,2,1,8,1,8
2018543891518,1,9,0,18,0,1,0,0,0,0,4,1,6,2,20,4,1242,1,13,8,2,8
2018543898018,1,9,0,6,0,0,0,0,0,0,1,1,1,1,48,8,2143,2,4,2,1,2
2018543898018,2,9,0,18,0,0,0,0,0,0,1,1,6,1,20,4,1461,2,15,8,1,8
2018543929018,1,9,0,4,0,1,0,0,0,0,2,1,6,2,41,7,1398,2,13,6,1,6
2018543929018,2,9,0,18,0,1,0,0,0,0,1,1,2,2,40,7,1999,1,2,7,3,7
2018543946918,1,9,0,16,0,5,0,0,7,2,1,1,6,1,78,11,1198,1,6,7,1,7
2018543963518,1,9,0,9,0,8,0,0,0,0,3,1,6,2,53,8,1398,2,14,8,3,8
2018543963518,2,9,0,18,0,8,0,0,0,0,1,1,6,1,63,9,2138,1,54,7,3,7
2018543963518,3,9,0,18,0,1,0,0,0,0,4,1,6,2,54,8,1998,1,19,8,3,8
2018543968118,1,9,0,18,0,1,0,0,0,0,1,1,6,1,79,11,1798,1,7,8,1,8
2018543968118,2,9,0,3,0,1,0,0,0,0,2,1,6,2,38,7,1794,1,16,4,1,4
2018543968618,1,9,0,18,0,1,0,0,0,0,1,1,6,2,49,8,1242,1,16,5,1,5
2018543968618,2,9,0,3,0,1,0,0,0,0,2,1,6,2,18,4,1108,1,18,5,1,5
2018543968618,3,9,0,3,0,1,0,0,0,0,2,1,6,2,31,6,1229,1,12,8,3,8
2018543968618,4,9,0,3,0,1,0,0,0,0,2,1,6,1,44,7,1781,1,18,4,1,4
2018543980318,1,9,0,9,0,8,0,0,0,0,1,1,6,2,77,11,1390,1,6,7,3,7
2018543980318,2,19,0,18,0,8,0,0,0,0,1,1,1,1,46,8,2143,2,3,8,1,8
2018543981818,1,17,0,7,0,8,0,0,1,0,1,1,1,1,56,9,-1,-1,-1,7,2,7
2018543981818,2,9,0,18,0,2,5,0,7,0,3,1,6,1,43,7,1318,1,2,9,1,9
2018543981818,3,9,0,18,0,1,0,0,0,0,4,1,6,2,60,9,1242,1,5,8,1,8
2018543987618,1,4,0,18,0,8,0,0,0,0,1,1,6,1,78,11,250,1,-1,7,2,7
2018543987618,2,21,0,18,0,8,0,0,0,0,4,1,1,1,53,8,12740,2,5,8,1,8
2018544007918,1,9,0,13,0,0,0,0,0,0,3,1,6,3,-1,-1,-1,-1,-1,-1,-1,-1
2018544007918,2,5,0,13,0,0,0,0,0,0,4,1,6,1,45,7,1198,1,7,7,-1,7
2018544007918,3,9,0,18,0,0,0,0,0,0,0,1,6,3,-1,-1,-1,-1,-1,-1,-1,-1
2018544009418,1,9,0,18,0,0,0,0,0,0,1,1,1,1,30,6,-1,-1,-1,6,1,6
2018544009418,2,9,0,4,0,0,0,0,0,0,2,1,6,2,50,8,1395,1,1,7,1,7
2018544009418,3,9,0,4,0,0,0,0,0,0,2,1,6,1,31,6,1968,2,7,9,1,9
2018544036418,1,9,0,3,0,1,0,0,0,0,2,1,6,1,37,7,1598,2,2,4,1,4
2018544036418,2,1,0,18,0,1,0,0,0,0,1,1,6,1,18,4,-1,-1,-1,5,1,5
2018544037018,1,9,0,18,0,0,0,0,0,0,1,1,6,1,58,9,1461,2,11,6,1,6
2018544037018,2,9,0,4,0,0,0,0,0,0,2,1,6,1,59,9,1343,1,15,6,1,6
2018544037018,3,9,0,4,0,0,0,0,0,0,2,1,6,1,43,7,1968,2,6,7,1,7
2018544037818,1,9,0,1,0,0,0,0,0,0,3,1,6,3,-1,-1,-1,-1,-1,-1,-1,-1
2018544038318,1,9,0,18,0,0,5,0,1,4,1,1,6,2,41,7,1997,2,7,5,1,5
2018544043718,1,9,0,18,0,0,0,0,0,0,1,1,6,1,32,6,1999,1,16,8,1,8
2018544043718,2,9,0,18,0,0,0,0,0,0,2,1,6,2,51,8,1086,1,11,5,1,5
2018544049718,1,9,0,17,0,0,2,0,1,2,1,1,6,1,24,5,2497,1,16,10,1,10
2018544051418,1,9,0,18,0,0,0,0,1,1,1,1,2,2,28,6,1198,1,11,1,1,1
2018544055018,1,4,0,18,0,1,0,0,0,0,1,1,6,2,61,9,249,1,15,10,1,10
2018544055018,2,5,0,4,0,1,0,0,0,0,2,1,6,1,69,10,800,1,7,10,1,10
2018544059518,1,9,0,4,0,1,0,0,0,0,2,1,6,1,42,7,1997,2,6,8,2,8
2018544059518,2,9,0,18,0,1,0,0,0,0,1,1,6,1,19,4,1388,1,11,9,1,9
2018544064318,1,9,0,18,0,8,0,0,0,0,1,1,6,1,32,6,1390,1,14,10,1,10
2018544064318,2,9,0,9,0,8,0,0,0,0,3,1,6,1,25,5,1995,2,10,8,1,8
2018544074718,1,9,0,6,0,0,0,0,0,0,0,1,6,1,45,7,2993,2,13,7,1,7
2018544074718,2,9,0,4,0,0,0,0,0,0,0,1,6,1,50,8,-1,-1,-1,7,1,7
2018544074718,3,5,0,4,0,0,0,0,0,0,4,1,6,1,31,6,898,1,4,7,1,7
2018544074718,4,5,0,4,0,0,0,0,0,0,1,1,6,1,31,6,-1,-1,-1,7,1,7
2018544080318,1,5,0,13,0,8,0,0,0,0,4,1,6,1,32,6,1450,1,14,7,1,7
2018544080318,2,9,0,9,0,8,0,0,0,0,3,1,6,1,67,10,2993,2,12,9,1,9
2018544080818,1,9,0,1,0,0,0,0,0,0,4,1,6,1,59,9,-1,-1,-1,7,3,7
2018544080818,2,1,0,18,0,0,0,0,0,0,1,1,6,2,20,4,-1,-1,-1,7,3,7
2018544084818,1,19,0,18,0,0,0,0,4,0,1,1,1,1,29,6,1995,2,5,8,3,8
2018544084818,2,9,0,4,0,0,0,0,0,0,2,1,1,1,36,7,2204,2,9,8,2,8
2018544084818,3,9,0,18,0,0,0,0,0,0,3,1,1,1,49,8,2969,2,13,5,2,5
2018544089818,1,9,0,18,0,8,0,0,0,0,1,1,1,1,19,4,1598,2,-1,-1,3,-1
2018544089818,2,19,0,9,0,4,0,0,0,0,3,1,1,1,27,6,1753,2,13,4,1,4
2018544108918,1,9,0,5,0,3,0,0,1,1,1,1,2,1,49,8,-1,-1,-1,8,1,8
2018544108918,2,1,0,18,0,8,0,0,0,0,0,1,6,3,-1,-1,-1,-1,-1,-1,-1,-1
2018544121918,1,9,0,18,0,0,0,0,0,0,4,1,1,1,62,9,2393,2,1,7,3,7
2018544138418,1,9,0,1,0,8,0,0,0,0,2,1,6,3,-1,-1,-1,-1,-1,-1,-1,-1
2018544138418,2,1,0,18,9,8,0,0,0,0,4,1,4,1,6,2,-1,-1,-1,2,1,2
2018544141218,1,9,0,7,0,6,0,0,0,0,1,2,6,1,23,5,-1,-1,-1,4,1,4
2018544141218,2,1,0,18,0,8,0,0,0,0,4,1,6,1,72,10,-1,-1,-1,7,1,7
2018544150618,1,9,0,18,0,0,0,0,0,0,4,1,6,1,76,11,1399,1,12,9,3,9
2018544169518,1,5,0,9,0,8,0,0,0,0,3,1,6,1,27,6,649,1,-1,2,1,2
2018544169518,2,9,0,9,0,4,0,0,0,0,1,1,6,2,60,9,999,1,3,9,1,9
2018544171318,1,9,0,9,0,8,0,0,0,0,1,1,3,2,35,6,1360,1,12,10,1,10
2018544171318,2,9,0,18,0,8,0,0,0,0,1,1,1,2,48,8,1598,1,5,10,1,10
2018544179918,1,9,0,7,0,4,0,0,0,0,1,1,6,1,38,7,1968,2,8,4,1,4
2018544179918,2,9,0,7,0,8,0,0,0,0,2,1,2,2,28,6,1397,1,11,7,-1,7
2018544215618,1,20,0,5,0,8,0,0,0,0,3,1,1,1,54,8,-1,-1,-1,6,3,6
2018544215618,2,22,0,18,0,1,0,0,0,0,1,1,6,1,75,10,-1,-1,-1,8,1,8
2018544221218,1,19,0,18,0,0,0,0,0,0,1,1,6,1,22,5,2446,2,23,9,2,9
2018544221218,2,9,0,3,0,0,0,0,0,0,2,1,6,2,58,9,1560,2,4,4,1,4
2018544221218,3,11,0,2,0,0,0,0,0,0,2,1,1,1,55,8,9000,2,7,4,1,4
2018544224018,1,9,0,18,0,0,0,0,5,6,1,1,6,2,23,5,999,1,3,9,1,9
2018544225018,1,9,0,5,0,1,0,0,0,0,3,1,6,1,46,8,1397,1,19,1,1,1
2018544225018,2,4,0,18,0,1,0,0,0,0,1,1,1,1,28,6,-1,-1,-1,6,1,6
2018544229018,1,9,0,9,0,8,0,0,0,0,1,1,6,1,31,6,1560,2,7,9,1,9
2018544229018,2,9,0,18,0,8,0,0,0,0,1,1,6,2,51,8,1395,1,4,6,3,6
2018544233318,1,19,0,18,0,2,0,0,2,10,4,1,6,1,24,5,2402,2,10,4,1,4
2018544239618,1,9,0,18,0,0,1,12,7,11,1,1,2,1,53,8,1998,2,12,9,2,9
2018544244318,1,9,0,18,0,8,0,0,0,0,1,1,6,1,19,4,1242,1,3,1,1,1
2018544244318,2,21,0,9,0,8,0,0,0,0,4,1,1,1,29,6,6692,2,5,6,1,6
2018544251018,1,9,0,18,0,4,0,0,0,0,2,1,6,2,55,8,999,1,2,8,1,8
2018544251018,2,9,0,18,0,4,0,0,0,0,1,1,6,2,44,7,1685,2,1,7,1,7
2018544251018,3,17,0,9,0,8,0,0,0,0,0,1,6,3,-1,-1,-1,-1,-1,-1,-1,-1
2018544275218,1,21,0,13,0,0,0,0,0,0,0,1,1,3,-1,-1,-1,-1,-1,-1,-1,-1
2018544275218,2,1,0,18,0,0,0,0,0,0,4,1,6,2,41,7,-1,-1,-1,9,3,9
2018544275718,1,9,0,18,0,0,0,0,0,0,0,1,6,3,-1,-1,-1,-1,-1,-1,-1,-1
2018544275718,2,9,0,18,0,0,0,0,0,0,0,1,6,3,-1,-1,-1,-1,-1,-1,-1,-1
2018544275718,3,22,0,18,0,0,5,0,0,0,4,1,6,1,58,9,-1,-1,-1,4,1,4
2018544288818,1,9,0,18,0,0,0,0,0,0,4,1,6,3,-1,-1,-1,-1,-1,-1,-1,-1
2018544302318,1,9,0,18,0,0,0,0,0,0,0,1,6,3,-1,-1,-1,-1,-1,-1,-1,-1
2018544302318,2,5,0,18,0,0,0,0,0,0,3,1,6,1,63,9,535,1,22,4,1,4
2018544313718,1,9,0,18,0,1,0,0,0,0,2,1,4,2,18,4,1496,2,4,7,2,7
2018544313718,2,9,0,4,0,1,0,0,0,0,1,1,4,2,19,4,1598,1,16,7,2,7
2018544315818,1,9,0,18,0,0,0,0,0,0,1,1,6,1,79,11,1984,1,4,7,3,7
2018544317918,1,19,0,9,0,8,0,0,0,0,1,1,1,1,29,6,1598,2,4,2,1,2
2018544317918,2,5,0,18,0,8,0,0,0,0,3,1,6,1,57,9,645,1,2,2,1,2
2018544320518,1,19,0,18,0,8,0,0,0,0,1,1,1,1,21,5,1896,2,15,9,1,9
2018544320518,2,9,0,1,0,6,0,0,0,0,3,1,6,2,27,6,1398,1,3,6,1,6
2018544336718,1,19,0,5,0,0,0,0,0,0,4,1,6,2,43,7,1896,2,10,4,2,4
2018544336718,2,20,0,18,0,0,0,0,0,0,3,1,1,1,49,8,6700,2,1,-1,1,-1
2018544336718,3,9,0,2,0,0,0,0,0,0,2,1,6,3,-1,-1,1991,2,8,-1,-1,-1
2018544336718,4,9,0,2,0,0,0,0,0,0,2,1,6,3,-1,-1,1490,1,9,-1,-1,-1
2018544356918,1,9,0,12,0,0,0,0,0,0,3,1,1,2,43,7,1499,1,-1,10,1,10
2018544356918,2,9,0,18,0,0,0,0,0,0,4,1,6,2,23,5,1598,1,15,7,3,7
2018544358818,1,1,0,18,0,8,0,0,0,0,4,1,6,1,40,7,-1,-1,-1,8,1,8
2018544358818,2,9,0,7,0,4,0,0,0,0,3,1,6,2,-1,-1,-1,-1,-1,-1,-1,-1
2018544360318,1,9,0,9,0,6,0,0,0,0,3,1,6,1,50,8,1968,2,1,2,1,2
2018544360318,2,9,0,18,0,8,0,0,0,0,1,1,6,1,21,5,1998,1,14,5,3,5
2018544369118,1,9,0,13,0,2,0,0,0,0,4,1,6,3,-1,-1,-1,-1,-1,-1,-1,-1
2018544369118,2,1,0,18,0,2,0,0,0,0,3,1,6,1,15,3,-1,-1,-1,2,1,2
2018544371518,1,2,0,13,0,8,0,0,0,0,1,1,6,1,17,4,49,1,6,9,1,9
2018544371518,2,9,0,9,0,8,0,0,0,0,1,1,2,2,35,6,1242,1,4,9,1,9
2018544378618,1,9,0,18,0,8,0,0,0,0,4,1,6,1,80,11,1998,2,3,4,1,4
2018544378618,2,9,0,9,0,8,0,0,0,0,1,1,6,2,36,7,1497,8,3,10,2,10
2018544389218,1,1,0,18,9,2,0,0,0,0,1,1,2,1,21,5,-1,-1,-1,7,1,7
2018544390518,1,9,0,9,0,8,0,0,0,0,1,1,6,2,70,10,1497,1,16,10,3,10
2018544390518,2,9,0,18,0,8,0,0,0,0,1,1,6,2,28,6,1360,1,18,6,3,6
2018544392218,1,9,0,4,0,0,0,0,0,0,2,1,6,2,33,6,1560,2,14,3,1,3
2018544392218,2,9,0,16,0,0,0,0,0,0,1,1,1,1,50,8,1598,2,2,1,1,1
2018544401318,1,4,0,18,0,0,0,0,0,0,4,1,6,1,57,9,124,1,5,2,1,2
2018544456918,1,9,0,9,0,8,0,0,0,0,3,1,6,2,77,11,998,1,1,9,1,9
2018544456918,2,5,0,18,0,8,0,0,0,0,1,1,6,1,39,7,865,1,4,1,1,1
2018544466418,1,9,0,18,0,1,0,0,0,0,4,1,6,1,57,9,1995,2,14,2,1,2
2018544470718,1,9,0,2,0,0,0,0,0,0,2,1,6,3,-1,-1,1968,2,7,-1,-1,-1
2018544470718,2,9,0,18,0,0,0,4,0,0,1,1,6,1,50,8,1685,2,6,4,3,4
2018544473818,1,4,0,18,0,8,0,0,0,0,3,1,6,1,42,7,400,1,28,7,1,7
2018544473818,2,9,0,9,0,8,0,0,0,0,1,1,6,1,35,6,1998,1,9,9,1,9
2018544489018,1,9,0,18,0,0,5,0,7,11,1,1,6,1,23,5,1364,1,9,6,1,6
2018544522018,1,9,0,4,0,2,0,0,0,0,2,1,6,1,43,7,1998,1,2,4,1,4
2018544522018,2,9,0,18,0,2,0,0,0,0,1,1,6,2,25,5,1242,1,-1,7,3,7
2018544536918,1,9,0,18,0,8,0,0,0,0,1,1,6,2,59,9,998,1,19,7,1,7
2018544536918,2,9,0,9,0,8,0,0,0,0,3,1,6,1,17,4,698,1,14,5,2,5
2018544543418,1,9,0,18,0,0,0,0,0,0,4,1,6,2,51,8,1390,1,15,7,3,7
2018544545018,1,3,0,16,0,1,0,0,0,0,1,1,6,1,20,4,124,1,11,5,1,5
2018544545018,2,8,0,17,0,2,0,0,0,0,1,1,1,2,62,9,1686,2,6,6,1,6
2018544545018,3,9,0,17,0,2,0,0,0,0,1,1,6,2,19,4,1289,1,18,4,1,4
2018544558018,1,9,0,18,0,1,0,0,0,0,0,1,6,1,61,9,-1,-1,-1,3,1,3
2018544570518,1,1,0,9,0,8,0,0,0,0,1,1,6,1,77,11,-1,-1,-1,6,1,6
2018544570518,2,19,0,18,0,8,0,0,7,0,4,1,6,1,31,6,1248,2,12,7,3,7
2018544571218,1,9,0,9,0,8,0,0,0,0,3,1,6,1,66,10,1461,2,2,7,1,7
2018544571218,2,9,0,18,0,8,0,0,0,0,1,1,6,2,25,5,1299,1,17,6,1,6
2018544572718,1,9,0,18,0,0,0,0,7,1,1,1,2,1,44,7,998,1,6,4,1,4
2018544572718,2,9,0,18,0,0,0,0,0,0,1,1,2,2,23,5,1598,1,6,8,1,8
2018544606218,1,9,0,4,0,4,0,0,0,0,1,1,2,2,53,8,1332,1,10,9,1,9
2018544606218,2,9,0,18,0,8,0,0,0,0,4,1,6,2,22,5,1596,1,14,4,1,4
2018544609418,1,9,0,18,0,0,0,0,0,0,4,1,2,1,58,9,1396,1,3,9,1,9
2018544611118,1,9,0,4,0,1,0,0,0,0,2,1,6,1,77,11,1588,1,16,10,2,10
2018544611118,2,9,0,18,0,1,0,0,0,0,1,1,2,1,29,6,2204,2,11,9,3,9
2018544636118,1,9,0,13,0,0,0,0,0,0,0,1,6,1,69,10,1794,1,14,9,1,9