Accident_Index,Vehicle_Reference,Vehicle_Type,Towing_and_Articulation,Vehicle_Manoeuvre,Vehicle_Location-Restricted_Lane,Junction_Location,Skidding_and_Overturning,Hit_Object_in_Carriageway,Vehicle_Leaving_Carriageway,Hit_Object_off_Carriageway,1st_Point_of_Impact,Was_Vehicle_Left_Hand_Drive?,Journey_Purpose_of_Driver,Sex_of_Driver,Age_of_Driver,Age_Band_of_Driver,Engine_Capacity_(CC),Propulsion_Code,Age_of_Vehicle,Driver_IMD_Decile,Driver_Home_Area_Type,Vehicle_IMD_Decile
2018544636118,2,16,0,18,0,0,0,0,0,0,0,1,6,2,30,6,-1,-1,-1,9,1,9
2018544639918,1,9,0,18,0,0,0,0,0,0,1,1,6,2,35,6,2143,2,9,8,3,8
2018544639918,2,9,0,4,0,0,0,0,0,0,2,1,1,1,35,6,1498,1,-1,6,1,6
2018544646218,1,9,0,18,0,0,0,0,0,0,1,1,6,1,45,7,1995,2,4,10,2,10
2018544646218,2,1,0,18,0,0,0,0,0,0,1,1,4,2,10,2,-1,-1,-1,6,1,6
2018544648118,1,9,0,18,0,1,0,0,0,0,4,1,2,1,32,6,998,1,10,2,1,2
2018544648118,2,1,0,18,0,1,0,0,0,0,1,1,6,1,21,5,-1,-1,-1,3,1,3
2018544656218,1,9,0,18,0,0,0,4,0,0,1,1,2,2,44,7,1368,1,12,9,1,9
2018544656218,2,9,0,2,0,0,0,0,0,0,2,1,6,3,-1,-1,2198,2,11,-1,-1,-1
2018544682218,1,9,0,18,0,8,0,0,0,0,4,1,6,2,53,8,1368,1,-1,8,1,8
2018544682218,2,1,0,18,0,8,0,0,0,0,1,1,6,1,26,6,-1,-1,-1,8,1,8
2018544699618,1,9,0,16,0,0,1,0,8,4,1,1,2,1,48,8,1598,1,11,9,1,9
2018544702718,1,9,0,18,0,0,0,0,0,0,3,1,6,1,39,7,2148,2,14,9,3,9
2018544702718,2,9,0,3,0,0,0,0,0,0,3,1,6,2,18,4,1149,1,10,9,3,9
2018544708418,1,9,0,9,0,8,0,0,0,0,4,1,6,2,30,6,1461,2,1,3,1,3
2018544708418,2,9,0,18,0,8,0,0,0,0,1,1,6,1,30,6,1587,1,11,5,1,5
2018544708418,3,9,0,18,0,1,0,0,0,0,1,1,6,1,52,8,1560,2,6,8,1,8
2018544712418,1,19,0,18,0,4,0,0,0,0,1,1,2,1,31,6,1995,2,5,8,1,8
2018544712418,2,19,0,6,0,8,0,0,0,0,3,1,1,1,41,7,1753,2,14,1,1,1
2018544728318,1,9,0,9,0,8,0,0,0,0,1,1,2,1,35,6,1390,1,13,5,1,5
2018544728318,2,11,0,7,0,8,0,0,0,0,1,1,1,1,47,8,7300,2,16,7,1,7
2018544729018,1,9,0,9,0,8,0,0,0,0,4,1,6,2,38,7,1956,2,4,8,1,8
2018544729018,2,21,0,7,0,4,0,0,0,0,3,1,1,1,-1,-1,16353,2,-1,-1,-1,-1
2018544741218,1,9,0,7,0,8,0,0,0,0,0,1,6,1,65,9,1796,1,4,8,1,8
2018544741218,2,9,0,9,0,8,0,0,0,0,0,1,6,2,55,8,1498,1,1,10,1,10
2018544753418,1,9,0,18,0,1,0,0,0,0,1,1,6,1,21,5,1968,2,4,7,1,7
2018544755418,1,9,0,18,0,1,0,0,0,0,3,1,6,1,55,8,1598,1,3,3,1,3
2018544755518,1,9,0,18,0,0,0,0,0,0,1,1,6,2,30,6,1598,1,15,5,1,5
2018544755518,2,19,0,4,0,0,0,0,0,0,2,1,1,1,47,8,2143,2,5,6,1,6
2018544760918,1,9,0,16,0,0,0,0,2,4,1,1,6,1,19,4,2157,1,17,7,1,7
2018544764318,1,9,0,18,0,0,0,0,0,0,1,1,6,2,69,10,1598,1,15,9,2,9
2018544764318,2,9,0,18,0,0,0,0,0,0,1,1,6,2,42,7,1598,2,6,5,1,5
2018544774418,1,19,0,18,0,8,1,0,1,2,1,1,6,1,36,7,1896,2,10,8,1,8
2018544787718,1,9,0,9,0,8,0,0,0,0,4,1,6,1,27,6,4999,1,13,5,1,5
2018544787718,2,5,0,18,0,8,0,0,0,0,1,1,6,1,48,8,-1,-1,-1,-1,-1,-1
2018544854318,1,9,0,7,0,4,0,0,0,0,1,1,2,1,59,9,1598,1,5,4,1,4
2018544854318,2,1,0,9,0,8,0,0,0,0,4,1,2,1,35,6,-1,-1,-1,4,1,4
2018544863418,1,5,0,17,0,0,1,0,0,0,4,1,6,1,25,5,1157,1,16,2,1,2
2018544866218,1,9,0,18,0,0,0,0,0,0,1,1,6,1,44,7,1984,1,12,3,1,3
2018544867718,1,9,0,5,0,0,0,0,0,0,1,1,6,1,44,7,1598,2,1,4,1,4
2018544892018,1,9,0,2,0,1,0,0,0,0,3,1,6,2,25,5,1686,2,5,6,2,6
2018544892018,2,9,0,14,0,1,0,0,0,0,1,1,6,1,43,7,2400,2,8,8,3,8
2018544893318,1,9,0,18,0,0,2,0,8,10,1,1,1,2,21,5,1124,1,14,9,2,9
2018544893318,2,9,0,18,0,0,0,0,7,0,1,1,1,1,25,5,1560,2,4,9,3,9
2018544898818,1,19,0,18,0,1,0,0,0,0,1,1,2,1,21,5,-1,-1,-1,7,1,7
2018544898818,2,9,0,10,0,1,0,0,0,0,2,1,6,1,45,7,-1,-1,-1,10,1,10
2018544900218,1,9,0,18,0,2,5,0,7,2,1,1,6,2,47,8,1995,2,12,4,1,4
2018544919418,1,9,0,18,0,0,0,0,0,0,1,1,6,1,28,6,1969,2,1,7,3,7
2018544919418,2,2,0,18,0,0,0,0,0,0,1,1,6,1,16,4,49,1,5,7,3,7
2018544931718,1,9,0,18,0,1,0,0,4,0,1,1,2,1,67,10,-1,-1,-1,3,1,3
2018544931718,2,19,0,18,0,1,0,0,0,0,2,1,2,1,25,5,1560,2,3,6,1,6
2018544937418,1,9,0,18,0,8,0,0,0,0,1,1,2,1,30,6,2000,2,14,10,1,10
2018544937418,2,10,0,18,0,8,0,0,0,0,1,1,1,1,53,8,2461,2,11,7,3,7
2018544949818,1,5,0,7,0,3,0,0,0,0,4,1,6,1,52,8,1199,1,4,4,1,4
2018544949818,2,9,0,18,0,8,0,0,0,0,3,1,6,2,47,8,1598,1,10,10,2,10
2018544954118,1,9,0,18,0,0,2,0,1,11,4,1,6,1,56,9,1560,2,12,10,2,10
2018544956618,1,4,0,4,0,1,1,0,0,0,1,1,6,1,39,7,599,1,16,7,3,7
2018544956618,2,9,0,4,0,1,0,0,0,0,2,1,6,1,55,8,3456,8,2,7,3,7
2018544956618,3,9,0,9,0,8,0,0,0,0,0,1,6,3,-1,-1,-1,-1,-1,-1,-1,-1
2018544957018,1,1,0,18,0,2,1,0,0,0,1,1,2,1,54,8,-1,-1,-1,7,3,7
2018544973218,1,19,0,18,0,0,0,0,0,0,1,1,1,1,25,5,2143,2,3,8,3,8
2018544973218,2,9,0,3,0,0,0,2,0,0,2,1,6,1,76,11,1399,1,8,4,1,4
2018544982318,1,9,0,18,0,1,0,0,0,0,1,1,6,1,60,9,1598,2,3,2,1,2
2018544982318,2,9,0,10,0,8,0,0,0,0,2,1,6,2,57,9,1197,1,5,7,3,7
2018544995618,1,1,0,18,0,0,0,11,0,0,1,1,6,2,40,7,-1,-1,-1,9,3,9
2018545010718,1,9,0,18,0,0,0,0,0,0,4,1,6,2,58,9,1560,2,8,6,1,6
2018545013718,1,9,0,9,0,8,0,0,0,0,1,1,6,2,63,9,998,1,7,-1,-1,-1
2018545013718,2,9,0,18,0,8,0,0,0,0,1,1,6,1,21,5,1395,1,3,9,3,9
2018545015118,1,9,0,18,0,0,0,0,2,1,1,1,6,1,19,4,1398,1,7,9,3,9
2018545020918,1,9,0,7,0,1,0,0,0,0,1,1,6,1,34,6,1995,2,9,3,1,3
2018545020918,2,5,0,8,0,1,0,0,0,0,2,1,6,1,41,7,790,1,15,10,1,10
2018545035318,1,9,0,18,0,0,0,0,0,0,1,1,6,2,44,7,1490,1,10,6,3,6
2018545035318,2,11,0,18,0,0,0,0,0,0,1,1,1,1,32,6,4461,2,4,7,1,7
2018545060818,1,20,0,7,0,8,0,0,0,0,3,1,1,1,49,8,6370,2,9,5,1,5
2018545060818,2,2,0,15,0,8,0,0,0,0,4,1,2,1,55,8,125,1,2,10,1,10
2018545072218,1,9,0,18,0,0,0,0,0,0,1,1,2,1,18,4,1124,1,14,4,1,4
2018545072218,2,9,0,2,0,0,0,0,0,0,2,1,6,2,-1,-1,1968,2,13,-1,-1,-1
2018545096318,1,9,0,18,0,1,0,0,0,0,1,1,3,2,32,6,1200,1,3,10,1,10
2018545096318,2,9,0,3,0,1,0,0,0,0,2,1,1,2,21,5,998,1,7,8,1,8
2018545117418,1,9,0,13,0,0,0,0,0,0,1,1,6,1,19,4,1560,2,12,6,2,6
2018545117418,2,19,0,18,0,0,0,0,0,0,1,1,1,1,52,8,-1,-1,-1,5,3,5
2018545117418,3,9,0,18,0,0,0,0,1,0,2,1,2,1,30,6,1499,2,3,9,2,9
2018545127618,1,9,0,18,0,1,0,0,0,0,1,1,6,1,29,6,1896,2,15,9,1,9
2018545127618,2,9,0,4,0,1,0,0,0,0,2,1,6,1,60,9,1395,1,-1,7,-1,7
2018545135018,1,9,0,2,0,1,0,0,0,0,1,1,6,3,-1,-1,-1,-1,-1,-1,-1,-1
2018545135018,2,9,0,18,0,1,0,0,6,7,2,1,1,1,28,6,-1,-1,-1,7,1,7
2018545147118,1,9,0,3,0,1,0,0,0,0,2,1,6,1,73,10,1560,2,8,4,3,4
2018545147118,2,9,0,3,0,1,0,0,0,0,2,1,6,2,22,5,1995,2,5,9,3,9
2018545147118,3,21,1,18,0,1,1,0,0,0,1,1,1,1,22,5,12740,2,5,6,3,6
2018545149718,1,21,0,18,0,0,0,0,0,0,1,1,1,1,57,9,-1,-1,-1,8,1,8
2018545149718,2,9,0,3,0,0,0,0,7,11,2,1,6,2,51,8,1984,1,11,7,1,7
2018545149718,3,9,0,3,0,0,0,0,0,0,2,1,6,2,63,9,999,1,2,10,1,10
2018545149718,4,9,0,18,0,0,0,0,0,0,1,1,6,1,31,6,1994,2,11,7,1,7
2018545162018,1,9,0,5,0,6,0,0,0,0,1,1,6,2,24,5,1198,1,8,9,1,9
2018545162018,2,3,0,18,0,8,0,0,0,0,3,1,1,1,30,6,892,1,23,5,2,5
2018545162018,3,9,0,3,0,1,0,0,0,0,3,1,6,1,61,9,1992,2,11,10,1,10
2018545181118,1,9,0,7,0,6,0,0,0,0,4,1,6,1,66,10,999,1,2,8,1,8
2018545191618,1,4,0,17,0,0,2,10,0,0,1,1,6,1,20,4,400,1,29,1,1,1
2018545197118,1,9,0,9,0,5,0,0,0,0,3,1,6,1,62,9,1995,2,10,4,1,4
2018545197118,2,9,0,18,0,1,0,0,1,11,3,1,6,2,71,10,1149,1,9,8,2,8
2018545218518,1,9,0,4,0,0,0,0,0,0,2,1,6,1,66,10,1461,2,7,6,1,6
2018545218518,2,4,0,18,0,0,0,0,0,0,1,1,6,1,37,7,499,1,10,5,1,5
2018545224018,1,9,0,18,0,0,0,0,0,0,1,1,6,2,25,5,1968,2,4,8,3,8
2018545224018,2,9,0,4,0,0,1,0,0,0,2,1,6,2,19,4,1299,1,12,4,1,4
2018545224418,1,5,0,16,0,0,0,0,0,0,1,1,6,1,46,8,-1,-1,-1,6,1,6
2018545224418,2,9,0,17,0,0,0,0,0,0,1,1,6,1,62,9,1896,2,12,6,1,6
2018545225118,1,9,0,9,0,5,0,0,0,0,3,1,6,2,23,5,1242,1,13,7,3,7
2018545225118,2,19,0,9,0,6,0,0,0,0,1,1,6,1,47,8,1248,2,11,8,3,8
2018545226918,1,4,0,18,0,8,0,0,0,0,3,1,6,1,20,4,124,1,3,6,1,6
2018545226918,2,9,0,1,0,1,0,0,0,0,2,1,2,1,46,8,4367,2,6,9,1,9
2018545235818,1,9,0,9,0,4,0,0,1,2,3,1,6,1,19,4,1390,1,18,9,1,9
2018545235818,2,9,0,7,0,8,0,0,0,0,4,1,6,1,35,6,1596,1,11,10,1,10
2018545247918,1,9,0,18,0,4,0,0,0,0,1,1,6,1,74,10,1598,1,8,5,1,5
2018545247918,2,1,0,18,0,8,0,0,0,0,4,1,1,1,34,6,-1,-1,-1,1,1,1
2018545294518,1,3,0,18,0,0,0,0,0,0,4,1,6,1,73,10,123,1,12,8,1,8
2018545327518,1,9,0,17,0,0,0,0,1,0,3,1,6,1,53,8,1968,2,11,9,2,9
2018545327518,2,21,0,16,0,0,2,0,7,0,4,1,1,1,23,5,9200,2,13,5,2,5
2018545329218,1,9,0,18,0,8,0,0,7,0,1,1,6,2,91,11,1299,1,19,10,1,10
2018545329218,2,9,0,9,0,8,0,0,0,0,3,1,6,2,52,8,1229,1,5,7,3,7
2018545329218,3,9,0,2,0,2,0,0,0,0,1,1,6,3,-1,-1,2143,2,-1,-1,-1,-1
2018545333818,1,8,0,9,0,8,0,0,0,0,0,1,1,1,31,6,1956,2,6,4,1,4
2018545333818,2,11,0,18,2,1,0,0,0,0,0,1,1,1,52,8,9400,2,12,2,1,2
2018545334318,1,9,0,18,0,1,0,0,0,0,1,1,6,2,40,7,1598,1,8,8,1,8
2018545334318,2,9,0,7,0,1,0,0,0,0,2,1,6,1,48,8,1598,1,4,2,1,2
2018545346618,1,9,0,13,4,0,0,0,0,0,0,1,6,1,43,7,2993,2,-1,5,1,5
2018545346618,2,1,0,18,4,0,0,0,0,0,4,1,6,1,12,3,-1,-1,-1,6,1,6
2018545348518,1,5,0,18,0,0,0,0,0,0,3,1,2,1,45,7,1293,1,6,9,2,9
2018545348518,2,9,0,13,0,0,0,0,0,0,4,1,2,2,58,9,898,1,3,9,3,9
2018545351418,1,9,0,9,0,8,0,0,0,0,1,1,1,1,20,4,1968,2,4,6,1,6
2018545351418,2,9,0,9,0,8,0,0,0,0,3,1,2,2,51,8,-1,-1,-1,2,1,2
2018545373718,1,9,0,18,0,1,0,0,0,0,1,1,6,1,26,6,1597,1,18,10,3,10
2018545373718,2,9,0,3,0,1,0,0,0,0,2,1,6,2,34,6,1560,2,7,10,2,10
2018545377818,1,9,0,7,0,3,0,0,0,0,4,1,6,1,30,6,1968,2,10,10,1,10
2018545377818,2,9,0,7,0,3,0,0,0,0,3,1,6,1,76,11,1781,1,19,8,1,8
2018545382718,1,98,1,13,0,0,0,0,0,0,0,1,6,3,-1,-1,-1,-1,-1,-1,-1,-1
2018545382718,2,1,0,18,0,0,0,0,0,0,0,1,2,1,36,7,-1,-1,-1,9,1,9
2018545383918,1,9,0,16,0,0,2,0,2,10,4,1,1,2,30,6,1598,1,13,3,2,3
2018545383918,2,8,0,4,0,0,0,0,0,0,2,1,1,2,47,8,1560,2,5,1,1,1
2018545393218,1,9,0,5,0,4,0,0,0,0,3,1,6,1,72,10,1339,1,15,5,1,5
2018545393218,2,1,0,5,0,4,0,0,0,0,4,1,6,1,66,10,-1,-1,-1,2,1,2
2018545393718,1,9,0,17,0,0,0,0,1,4,3,1,6,2,19,4,1242,1,9,10,3,10
2018545398918,1,1,0,14,0,0,0,4,0,0,1,1,6,1,20,4,-1,-1,-1,7,3,7
2018545398918,2,9,0,2,0,0,0,0,0,0,3,1,6,3,-1,-1,999,1,3,-1,-1,-1
2018545403018,1,9,0,7,4,1,0,0,0,0,1,1,6,2,22,5,1229,1,12,5,1,5
2018545403018,2,1,0,18,4,1,0,0,0,0,3,1,2,2,49,8,-1,-1,-1,8,1,8
2018545410318,1,9,0,18,0,1,0,0,0,0,1,1,6,1,27,6,1390,1,9,9,1,9
2018545411918,1,5,0,17,0,0,1,0,0,0,1,1,6,1,30,6,599,1,24,6,2,6
2018545418418,1,5,0,16,0,0,1,0,0,0,1,1,1,1,22,5,644,1,10,8,3,8
2018545418418,2,8,0,17,0,0,0,0,0,0,1,1,1,1,44,7,-1,-1,-1,4,1,4
2018545418418,3,9,0,16,0,0,0,0,0,0,1,1,1,1,24,5,1364,1,11,3,1,3
2018545450718,1,9,0,18,0,8,0,0,0,0,1,1,6,2,59,9,998,1,11,8,1,8
2018545450718,2,1,0,18,0,8,0,0,0,0,4,1,6,1,80,11,-1,-1,-1,2,1,2
2018545459318,1,9,0,18,0,0,0,0,0,0,4,1,6,1,74,10,1969,2,1,4,1,4
2018545464218,1,9,3,12,0,8,0,0,0,0,3,1,6,1,68,10,-1,-1,-1,-1,-1,-1
2018545464218,2,5,0,7,0,8,0,0,0,0,4,1,6,1,64,9,865,1,5,5,1,5
2018545466418,1,9,0,13,0,1,0,0,0,0,1,1,6,1,-1,-1,-1,-1,-1,-1,-1,-1
2018545466418,2,1,0,18,0,1,0,0,0,0,3,1,6,2,12,3,-1,-1,-1,7,1,7
2018545468718,1,9,0,9,0,8,0,0,0,0,1,1,6,2,38,7,3189,1,14,6,1,6
2018545468718,2,9,0,18,0,8,0,0,0,0,4,1,6,2,81,11,1596,1,4,3,1,3
2018545468718,3,19,0,2,0,2,0,0,0,0,3,1,6,3,-1,-1,1560,2,3,-1,-1,-1
2018545474718,1,3,0,13,0,8,0,0,0,0,1,1,1,1,26,6,108,1,1,4,1,4
2018545474718,2,9,0,9,0,8,0,0,0,0,3,1,6,1,37,7,1995,2,13,3,1,3
2018545487718,1,9,0,17,0,0,2,0,2,10,4,1,2,2,19,4,1299,1,17,9,3,9
2018545492418,1,9,0,9,0,4,0,0,0,0,3,1,6,2,57,9,2000,1,11,5,2,5
2018545492418,2,9,0,18,0,8,0,0,0,0,1,1,6,1,38,7,2497,2,13,5,1,5
2018545493518,1,9,0,18,0,0,5,0,0,0,1,1,6,1,64,9,1242,1,3,9,2,9
2018545493518,2,9,0,2,0,0,0,0,0,0,2,1,6,3,-1,-1,-1,-1,-1,-1,-1,-1
2018545493618,1,9,0,16,0,0,0,0,0,0,3,1,6,1,79,11,1582,2,5,4,1,4
2018545493618,2,9,0,17,0,0,0,0,1,0,1,1,6,1,67,10,1598,2,1,4,1,4
2018545494818,1,9,0,9,0,6,0,0,0,0,1,1,6,1,18,4,1560,2,10,7,2,7
2018545494818,2,9,0,18,0,8,1,0,1,9,4,1,6,2,56,9,1560,2,7,9,3,9
2018545532418,1,9,0,18,0,0,1,0,0,0,3,1,6,3,-1,-1,1910,2,10,-1,-1,-1
2018545532418,2,9,0,18,0,0,1,0,1,0,3,1,6,1,31,6,2996,2,9,6,1,6
2018545541318,1,9,0,9,0,6,0,0,0,0,3,1,6,1,24,5,1200,1,5,8,1,8
2018545541318,2,5,0,18,0,1,1,0,7,4,1,1,6,1,28,6,750,1,7,3,1,3
2018545545418,1,9,0,7,0,8,1,7,3,11,1,1,6,1,18,4,1149,1,15,5,1,5
2018545573518,1,9,0,9,0,6,0,0,0,0,1,1,2,1,58,9,1396,1,21,7,1,7
2018545573518,2,9,0,18,0,8,0,0,1,2,3,1,1,2,47,8,1598,1,9,1,1,1
2018545594118,1,21,0,17,0,0,0,0,0,0,3,1,1,1,57,9,3920,2,7,7,1,7
2018545594118,2,21,0,16,0,0,0,0,0,0,3,1,6,1,40,7,12740,2,2,6,2,6
2018545612518,1,9,4,7,0,5,0,0,0,0,4,1,1,1,41,7,-1,-1,-1,6,3,6
2018545612518,2,9,0,18,0,1,0,0,0,0,1,1,6,1,30,6,1896,2,16,6,3,6
2018545630418,1,9,0,9,0,8,0,0,0,0,1,1,6,2,-1,-1,1895,1,18,4,1,4
2018545630418,2,1,0,18,0,8,0,0,0,0,3,1,4,1,12,3,-1,-1,-1,1,1,1
2018545640918,1,9,0,3,0,0,0,0,0,0,2,1,1,2,46,8,1769,1,16,9,2,9
2018545640918,2,19,0,18,0,0,0,0,0,0,1,1,1,1,24,5,1995,2,4,7,3,7
2018545660718,1,9,0,3,0,2,0,0,0,0,2,1,6,2,46,8,1108,1,13,2,1,2
2018545660718,2,9,0,3,0,2,0,0,0,0,2,1,2,1,38,7,1998,2,15,10,2,10
2018545660718,3,20,0,7,0,2,0,0,0,0,1,1,6,1,30,6,2198,2,4,-1,-1,-1
2018545661718,1,9,0,9,0,3,0,0,0,0,1,1,2,1,40,7,1998,1,14,9,3,9
2018545661918,1,9,0,18,0,0,1,0,0,0,1,1,6,2,87,11,1339,1,6,6,3,6
2018545661918,2,19,0,2,0,0,0,0,0,0,3,1,6,3,-1,-1,1997,2,15,-1,-1,-1
2018545661918,3,9,0,2,0,0,0,0,0,0,1,1,6,3,-1,-1,1299,1,16,-1,-1,-1
2018545675918,1,9,0,18,0,0,0,0,0,0,1,1,6,2,32,6,1242,1,4,8,1,8
2018545675918,2,1,0,18,0,0,0,0,0,0,3,1,6,1,20,4,-1,-1,-1,-1,-1,-1
2018545695018,1,11,0,16,0,0,0,0,0,0,1,1,1,1,29,6,5900,2,8,8,1,8
2018545695018,2,9,0,3,0,0,0,0,0,0,2,1,1,1,32,6,1997,2,7,4,1,4
2018545695018,3,19,0,3,0,0,0,0,0,0,2,1,1,1,34,6,1598,2,7,3,2,3
2018545702518,1,1,0,18,0,0,0,4,0,0,1,1,6,1,55,8,-1,-1,-1,6,3,6
2018545702518,2,9,0,2,0,0,0,0,0,0,2,1,6,2,51,8,1598,2,1,9,3,9
2018545727918,1,5,0,13,0,8,1,0,7,0,1,1,6,1,53,8,660,1,8,6,1,6
2018545727918,2,1,0,9,0,6,0,0,7,0,3,1,6,1,29,6,-1,-1,-1,6,1,6
2018545729818,1,9,0,18,0,8,1,0,0,0,1,1,6,1,19,4,1398,2,16,3,1,3
2018545729818,2,1,0,18,0,8,0,0,0,0,3,1,6,1,15,3,-1,-1,-1,2,1,2
2018545753118,1,9,0,9,0,5,0,0,0,0,1,1,2,1,31,6,1896,2,15,6,2,6
2018545753118,2,9,0,16,0,8,0,0,0,0,1,1,2,1,53,8,1798,1,14,6,2,6
2018545758818,1,8,0,18,0,1,0,12,0,0,1,1,2,1,47,8,1910,2,8,2,1,2
2018545767718,1,9,0,9,0,8,0,0,0,0,4,1,6,1,24,5,1595,1,11,4,1,4
2018545767718,2,9,0,18,0,8,0,0,0,0,1,1,6,1,64,9,1242,1,10,6,2,6
2018545788218,1,9,0,5,0,6,0,0,0,0,1,1,6,2,35,6,1197,1,4,6,3,6
2018545788218,2,5,0,18,0,8,0,0,0,0,1,1,6,1,51,8,996,1,18,9,2,9
2018545800118,1,9,0,14,0,0,0,0,0,0,3,1,6,1,43,7,998,1,5,5,1,5
2018545800118,2,11,0,18,0,0,0,0,0,0,3,1,1,1,62,9,4500,2,10,1,1,1
2018545805818,1,9,0,7,0,8,0,0,0,0,1,1,6,1,83,11,1390,1,15,7,2,7
2018545817318,1,9,0,13,0,0,0,0,7,0,1,1,6,1,54,8,2179,2,6,8,1,8
2018545817318,2,9,0,18,0,0,0,0,0,0,3,1,1,1,47,8,2143,2,3,6,3,6
2018545817318,3,9,0,18,0,0,0,0,1,0,3,1,6,1,36,7,1598,2,2,8,1,8
2018545823418,1,19,0,18,0,0,0,0,1,3,1,1,2,1,28,6,2143,2,5,3,1,3
2018545823418,2,9,0,18,0,0,0,0,0,0,0,1,6,1,46,8,2179,2,4,-1,-1,-1
2018545845118,1,9,0,18,0,0,0,0,0,0,1,1,1,1,42,7,1968,2,5,9,1,9
2018545845118,2,9,0,18,0,0,0,0,7,0,1,1,1,2,54,8,1124,1,16,9,1,9
2018545848718,1,1,0,15,0,8,0,0,0,0,1,1,6,1,40,7,-1,-1,-1,6,1,6
2018545848718,2,19,0,7,0,5,0,0,0,0,4,1,1,1,45,7,2198,2,4,8,1,8
2018545856718,1,9,0,5,0,4,0,0,0,0,1,1,6,1,64,9,1199,1,16,8,2,8
2018545856718,2,19,0,18,0,8,0,0,0,0,4,1,1,1,26,6,1499,2,1,4,3,4
2018545863118,1,8,0,16,0,0,0,0,0,0,3,1,1,2,64,9,1598,2,6,2,1,2
2018545863118,2,20,0,17,0,0,0,0,0,0,3,1,1,1,53,8,-1,-1,-1,9,3,9
2018545863118,3,9,0,17,0,0,0,0,0,0,1,1,6,1,50,8,2993,2,-1,9,1,9
2018545865618,1,9,0,5,9,6,0,0,0,0,4,1,6,2,43,7,1968,2,3,10,2,10
2018545865618,2,1,0,18,9,8,0,0,0,0,1,1,6,1,31,6,-1,-1,-1,9,3,9
2018545867118,1,98,1,3,0,0,0,0,0,0,2,1,1,1,40,7,-1,-1,-1,-1,-1,-1
2018545867118,2,9,0,18,0,0,0,0,0,0,1,1,6,1,19,4,1596,1,2,8,3,8
2018545871918,1,9,0,18,0,2,0,10,0,0,1,1,6,1,45,7,1781,1,13,4,1,4
2018545871918,2,1,0,18,0,2,0,0,0,0,2,1,2,1,49,8,-1,-1,-1,6,1,6
2018545873918,1,19,0,18,0,2,0,0,0,0,1,1,6,1,52,8,1870,2,17,6,3,6
2018545873918,2,9,0,3,0,2,0,0,0,0,2,1,6,1,48,8,1999,2,-1,6,3,6
2018545873918,3,9,0,18,0,2,0,0,0,0,3,1,6,2,30,6,1368,1,14,5,2,5
2018545874018,1,3,0,18,0,8,0,0,0,0,3,1,6,1,17,4,125,1,4,9,1,9
2018545874018,2,3,0,7,0,8,0,0,0,0,4,1,6,1,17,4,125,1,13,7,-1,7
2018545875218,1,19,0,1,0,2,0,0,0,0,2,1,6,1,17,4,1560,2,-1,7,3,7
2018545875218,2,9,0,3,0,1,0,0,0,0,1,1,6,2,40,7,2967,2,11,9,2,9
2018545878918,1,9,0,17,0,2,0,0,1,1,1,1,6,1,23,5,1390,1,11,6,2,6
2018545889818,1,19,0,18,0,8,0,0,0,0,1,1,1,1,43,7,-1,-1,-1,4,1,4
2018545889818,2,9,0,18,0,8,0,0,0,0,4,1,6,1,35,6,1900,2,12,8,3,8
2018545892918,1,9,0,9,0,8,0,0,0,0,3,1,1,2,27,6,1995,2,8,9,2,9
2018545892918,2,5,0,13,0,8,0,0,0,0,1,1,6,1,34,6,599,1,7,8,3,8
2018545910618,1,9,0,7,0,8,0,0,1,1,1,1,6,1,90,11,2499,1,10,5,1,5
2018545913018,1,9,0,10,0,1,0,0,0,0,0,1,6,2,31,6,1999,1,10,9,1,9
2018545913018,2,9,0,4,0,1,0,0,0,0,2,1,6,1,-1,-1,-1,-1,-1,-1,-1,-1
2018545913018,3,9,0,18,0,1,0,0,0,0,1,1,6,2,40,7,1896,2,12,9,2,9
2018545913018,4,9,0,18,0,1,0,0,0,0,1,1,6,2,35,6,1998,1,15,10,1,10
2018545919118,1,9,0,18,0,8,0,0,0,0,1,1,6,1,29,6,1598,1,16,3,1,3
2018545919118,2,1,0,18,0,8,0,0,0,0,3,1,6,1,43,7,-1,-1,-1,8,1,8
2018545934118,1,9,0,9,0,8,0,0,0,0,1,1,6,1,56,9,1596,1,16,6,1,6
2018545934118,2,9,0,18,0,8,0,0,0,0,3,1,6,2,57,9,1997,2,7,7,1,7
2018545935118,1,9,0,18,0,2,0,0,0,0,1,1,6,1,22,5,1199,2,6,2,1,2
2018545935118,2,1,0,18,0,2,0,0,0,0,2,1,6,1,45,7,-1,-1,-1,4,1,4
2018545935818,1,9,0,18,9,0,0,10,7,1,3,1,2,2,29,6,1200,1,3,10,1,10
2018545935918,1,9,0,5,0,4,0,0,0,0,1,1,6,1,51,8,998,1,3,6,1,6
2018545935918,2,1,0,18,0,8,0,0,0,0,2,1,6,2,43,7,-1,-1,-1,8,1,8
2018545949318,1,9,0,18,0,1,0,0,0,0,1,1,1,1,29,6,-1,-1,-1,8,1,8
2018545949318,2,9,0,3,0,1,0,0,0,0,2,1,1,2,38,7,1339,1,8,4,1,4