Accident_Index,Vehicle_Reference,Vehicle_Type,Towing_and_Articulation,Vehicle_Manoeuvre,Vehicle_Location-Restricted_Lane,Junction_Location,Skidding_and_Overturning,Hit_Object_in_Carriageway,Vehicle_Leaving_Carriageway,Hit_Object_off_Carriageway,1st_Point_of_Impact,Was_Vehicle_Left_Hand_Drive?,Journey_Purpose_of_Driver,Sex_of_Driver,Age_of_Driver,Age_Band_of_Driver,Engine_Capacity_(CC),Propulsion_Code,Age_of_Vehicle,Driver_IMD_Decile,Driver_Home_Area_Type,Vehicle_IMD_Decile
2018545952018,1,9,0,5,0,4,0,0,0,0,1,1,6,1,64,9,1997,2,7,10,1,10
2018545952018,2,9,0,7,0,4,0,0,0,0,2,1,6,2,28,6,1198,1,13,2,1,2
2018545954118,1,9,0,7,0,1,0,0,0,0,1,1,6,1,26,6,1198,1,16,7,1,7
2018545954118,2,9,0,3,0,1,0,0,0,0,2,1,6,2,30,6,1386,1,7,9,1,9
2018545957618,1,10,0,18,0,8,0,0,0,0,1,1,6,2,33,6,-1,-1,-1,5,1,5
2018545957618,2,9,0,18,0,8,0,0,0,0,3,1,6,2,48,8,1796,1,13,9,2,9
2018545985318,1,9,0,18,0,2,0,0,0,0,1,1,6,1,67,10,1497,1,17,5,1,5
2018545989518,1,5,0,18,0,0,0,0,1,0,1,1,1,1,30,6,1215,1,1,8,2,8
2018545998018,1,1,0,18,0,8,0,0,0,0,4,1,6,1,47,8,-1,-1,-1,8,1,8
2018545998018,2,9,0,5,0,4,0,0,0,0,1,1,6,1,72,10,1796,1,11,10,2,10
2018546000518,1,1,0,18,0,8,0,0,0,0,4,1,6,2,9,2,-1,-1,-1,2,1,2
2018546000518,2,9,0,18,0,8,0,0,0,0,1,1,6,2,49,8,1200,1,2,2,1,2
2018546008018,1,9,0,18,0,0,5,0,7,10,3,1,6,2,78,11,1390,1,5,8,3,8
2018546019118,1,9,0,16,0,0,2,0,7,9,3,1,6,1,28,6,4163,1,11,-1,3,-1
2018546019118,2,9,0,17,0,0,0,0,1,11,3,1,6,1,45,7,1997,2,6,6,3,6
2018546019118,3,19,0,17,0,0,0,0,1,0,4,1,1,1,55,8,2198,2,10,8,3,8
2018546024618,1,19,0,18,0,8,0,0,0,0,4,1,2,1,48,8,1686,2,13,6,1,6
2018546024618,2,19,0,18,0,6,0,0,0,0,1,1,2,1,67,10,1499,2,-1,7,3,7
2018546036418,1,9,0,5,0,1,0,0,0,0,3,1,6,2,24,5,1968,2,5,7,-1,7
2018546036418,2,9,0,2,0,1,0,0,0,0,1,1,6,3,-1,-1,1560,2,7,-1,-1,-1
2018546036418,3,9,0,18,0,1,0,0,0,0,1,1,6,1,23,5,1984,1,10,7,1,7
2018546038618,1,9,0,18,0,0,0,0,0,0,1,1,1,2,24,5,1598,1,7,9,2,9
2018546038618,2,9,0,3,0,0,0,0,0,0,2,1,1,1,56,9,2494,2,6,2,1,2
2018546045018,1,9,0,3,0,2,0,0,0,0,2,1,6,1,32,6,1956,2,6,4,1,4
2018546045018,2,9,0,18,0,2,0,0,0,0,1,1,6,1,28,6,1498,1,-1,4,-1,4
2018546059118,1,5,0,18,0,0,0,0,0,0,1,1,6,1,37,7,790,1,15,6,3,6
2018546059118,2,9,0,4,0,0,0,0,0,0,2,1,6,1,25,5,-1,-1,-1,3,1,3
2018546059118,3,9,0,3,0,0,0,0,0,0,0,1,1,1,-1,-1,2199,2,4,9,3,9
2018546060118,1,9,0,3,0,0,0,0,0,0,2,1,2,1,25,5,1596,1,2,10,1,10
2018546060118,2,9,0,3,0,0,0,0,0,0,2,1,2,2,41,7,1598,1,8,8,1,8
2018546060118,3,9,0,18,0,0,0,0,0,0,1,1,6,1,18,4,1199,1,15,5,1,5
2018546061018,1,9,0,18,0,8,0,0,0,0,2,1,6,2,19,4,1229,1,3,8,3,8
2018546061018,2,9,0,10,0,1,0,0,0,0,1,1,1,1,61,9,2435,1,12,6,1,6
2018546082818,1,9,0,18,0,4,0,0,8,1,1,1,6,2,-1,-1,-1,-1,-1,-1,-1,-1
2018546082818,2,2,0,18,0,8,0,0,0,0,1,1,6,1,17,4,49,1,4,7,1,7
2018546091918,1,9,0,18,0,8,0,0,0,0,1,1,6,1,22,5,1124,1,16,9,2,9
2018546091918,2,9,0,9,0,8,0,0,0,0,0,1,6,1,83,11,2495,2,16,8,3,8
2018546091918,3,19,0,18,0,1,0,0,0,0,3,1,2,1,49,8,2464,2,11,4,1,4
2018546092318,1,9,0,4,0,1,0,0,0,0,2,1,6,2,43,7,1560,2,6,9,1,9
2018546092318,2,9,0,5,0,1,0,0,0,0,1,1,6,1,68,10,1086,1,13,6,3,6
2018546093818,1,9,0,7,0,4,0,0,0,0,1,1,2,2,38,7,1968,2,11,10,1,10
2018546105018,1,9,0,9,0,2,0,0,0,0,1,1,6,2,22,5,999,1,2,7,1,7
2018546105018,2,9,0,4,0,1,0,0,0,0,1,1,1,2,28,6,-1,-1,-1,3,1,3
2018546106418,1,9,0,18,0,8,0,0,0,0,1,1,6,2,22,5,1149,1,1,1,1,1
2018546106418,2,4,0,9,0,8,0,0,0,0,3,1,6,1,59,9,1298,1,12,6,1,6
2018546122718,1,9,0,14,0,0,0,0,0,0,3,1,6,2,21,5,1242,1,2,9,1,9
2018546122718,2,3,0,6,0,0,0,0,0,0,1,1,6,1,20,4,123,1,2,6,-1,6
2018546147218,1,19,0,18,0,0,0,0,0,0,1,1,1,1,41,7,1598,2,-1,5,1,5
2018546147218,2,9,0,18,0,0,0,0,0,0,3,1,2,2,41,7,1998,1,1,7,2,7
2018546149518,1,5,0,17,0,0,0,0,0,0,1,1,6,1,48,8,600,1,14,4,1,4
2018546149518,2,9,0,16,0,0,0,0,0,0,1,1,6,1,54,8,2400,2,8,6,3,6
2018546160818,1,21,0,1,0,0,0,0,0,0,2,1,1,1,34,6,12419,2,3,6,1,6
2018546160818,2,9,0,4,0,0,0,0,0,0,1,1,2,1,25,5,1598,1,2,6,1,6
2018546166118,1,9,0,18,0,1,0,0,0,0,1,1,6,2,41,7,1997,2,11,10,1,10
2018546166118,2,9,0,3,0,1,0,0,0,0,2,1,6,1,41,7,1395,1,-1,-1,-1,-1
2018546166118,3,9,0,3,0,1,0,0,0,0,2,1,6,1,34,6,1499,2,1,7,1,7
2018546182118,1,9,0,10,0,1,0,0,0,0,2,1,1,2,25,5,2198,2,6,7,3,7
2018546182118,2,10,0,18,0,1,0,0,0,0,1,1,1,2,27,6,-1,-1,-1,5,1,5
2018546190118,1,9,0,9,0,4,0,0,0,0,0,1,6,2,46,8,1587,1,17,-1,-1,-1
2018546190118,2,1,0,18,0,8,0,0,0,0,1,1,6,1,25,5,-1,-1,-1,5,1,5
2018546223918,1,9,0,4,0,0,0,0,0,0,2,1,1,1,26,6,1796,1,10,10,1,10
2018546223918,2,9,0,18,0,0,0,0,0,0,1,1,6,1,33,6,1998,1,13,10,2,10
2018546223918,3,9,0,18,0,0,0,0,0,0,2,1,6,1,28,6,1998,1,12,8,1,8
2018546223918,4,9,0,18,0,0,0,0,0,0,1,1,6,1,23,5,2497,2,11,3,1,3
2018546242118,1,5,0,18,0,8,0,0,0,0,1,1,6,1,43,7,899,1,18,4,1,4
2018546242118,2,9,0,2,0,2,0,0,0,0,4,1,6,3,-1,-1,1198,1,6,-1,-1,-1
2018546242618,1,9,0,13,0,0,0,0,0,0,0,1,6,1,37,7,1991,8,-1,4,1,4
2018546242618,2,9,0,18,0,0,0,0,0,0,2,1,6,1,46,8,1995,2,8,9,1,9
2018546242618,3,5,0,18,0,0,0,0,0,0,1,1,6,1,23,5,675,1,4,8,3,8
2018546243218,1,9,0,17,0,0,5,0,1,4,1,1,6,1,75,10,1242,1,14,6,1,6
2018546244518,1,17,0,5,0,6,0,0,0,0,3,1,1,1,61,9,-1,2,5,6,3,6
2018546244518,2,19,0,18,0,8,0,0,0,0,1,1,6,1,53,8,1868,2,14,3,1,3
2018546245318,1,9,0,13,0,0,0,0,0,0,3,1,6,1,20,4,1328,1,12,8,3,8
2018546245318,2,5,0,13,0,0,0,0,7,0,4,1,6,1,45,7,1084,1,23,6,3,6
2018546247218,1,9,0,18,0,0,5,0,7,9,1,1,6,1,81,11,-1,-1,-1,-1,-1,-1
2018546254518,1,9,0,18,0,0,5,0,7,9,1,1,6,1,20,4,998,1,12,10,1,10
2018546254518,2,9,0,18,0,0,0,0,0,0,2,1,6,2,25,5,1596,1,11,5,1,5
2018546258218,1,9,0,16,0,0,5,0,8,10,1,1,6,1,24,5,1686,2,13,5,3,5
2018546267218,1,9,0,9,0,5,0,0,0,0,4,1,6,2,19,4,1086,1,10,1,1,1
2018546267218,2,9,0,17,0,8,0,0,0,0,1,1,6,2,39,7,1560,2,7,7,3,7
2018546270718,1,9,0,18,0,0,0,0,0,0,1,1,6,2,57,9,1242,1,7,5,3,5
2018546270718,2,9,0,4,0,0,0,0,0,0,2,1,6,1,30,6,1242,1,5,2,1,2
2018546272318,1,5,0,18,0,0,1,0,0,0,4,1,6,1,21,5,598,1,28,7,1,7
2018546272418,1,20,0,18,0,0,0,0,4,6,1,1,1,1,41,7,4751,2,18,-1,1,-1
2018546272418,2,9,0,18,0,0,2,0,1,7,2,1,1,1,24,5,-1,-1,-1,4,2,4
2018546280618,1,9,0,18,0,8,0,0,1,2,1,1,6,1,74,10,998,1,10,7,1,7
2018546280618,2,9,0,13,0,8,0,0,0,0,0,1,6,3,-1,-1,-1,-1,-1,-1,-1,-1
2018546283318,1,9,0,9,0,8,0,0,0,0,1,1,6,1,51,8,1461,2,1,10,3,10
2018546283318,2,9,0,18,0,4,0,0,0,0,1,1,6,2,35,6,1299,1,14,4,1,4
2018546283418,1,9,0,18,0,0,0,0,0,0,1,1,6,1,24,5,1389,1,20,2,1,2
2018546290118,1,9,0,16,0,0,0,0,0,0,4,1,3,2,37,7,1598,2,5,3,1,3
2018546304718,1,9,0,18,0,4,0,0,0,0,1,1,6,2,37,7,1339,8,6,10,1,10
2018546304718,2,1,0,18,0,8,0,0,0,0,4,1,2,1,20,4,-1,-1,-1,5,1,5
2018546306918,1,9,0,18,0,4,0,0,0,0,1,1,6,2,-1,-1,-1,-1,-1,-1,-1,-1
2018546306918,2,1,0,18,0,8,0,0,0,0,4,1,6,1,18,4,-1,-1,-1,10,1,10
2018546314918,1,9,0,4,0,1,0,0,0,0,2,1,6,2,65,9,2495,2,22,5,1,5
2018546314918,2,9,0,4,0,1,0,0,0,0,1,1,2,2,47,8,-1,-1,-1,10,1,10
2018546322518,1,9,0,18,0,0,0,0,0,0,1,1,6,1,65,9,2993,2,8,8,2,8
2018546322518,2,17,0,18,0,0,0,0,0,0,1,1,1,1,20,4,-1,2,2,9,3,9
2018546333118,1,9,0,14,0,1,0,0,0,0,1,1,6,1,55,8,1998,1,-1,9,3,9
2018546333118,2,9,0,18,0,1,0,0,0,0,1,1,6,1,68,10,1368,1,1,10,1,10
2018546333118,3,9,0,10,0,1,0,0,0,0,3,1,6,1,51,8,1994,1,13,9,3,9
2018546333118,4,9,0,18,0,1,0,0,0,0,3,1,6,1,45,7,1995,2,6,8,2,8
2018546333118,5,9,0,18,0,1,0,0,0,0,3,1,6,1,73,10,1686,2,8,8,3,8
2018546338718,1,9,0,4,0,1,0,0,0,0,2,1,6,1,31,6,1360,1,16,8,1,8
2018546338718,2,19,0,4,0,1,0,0,0,0,2,1,1,1,35,6,2198,2,2,9,2,9
2018546338718,3,19,0,4,0,1,0,0,0,0,2,1,1,1,59,9,1995,2,1,7,3,7
2018546338718,4,21,1,18,0,1,1,0,0,0,1,1,1,1,33,6,12777,2,7,6,2,6
2018546341818,1,8,0,9,0,1,0,0,0,0,2,1,1,1,59,9,1997,2,7,3,2,3
2018546341818,2,9,0,18,0,1,0,0,0,0,1,1,6,2,48,8,1339,1,15,10,2,10
2018546341818,3,9,0,18,0,1,0,0,0,0,1,1,6,2,23,5,1149,1,15,7,2,7
2018546346318,1,9,0,3,0,1,0,0,0,0,2,1,6,2,26,6,1398,1,3,6,1,6
2018546346318,2,9,0,18,0,1,0,0,0,0,1,1,6,1,41,7,-1,-1,-1,6,1,6
2018546349418,1,9,0,18,0,1,0,0,0,0,1,1,6,2,71,10,2987,2,9,6,3,6
2018546355618,1,9,0,4,0,0,0,0,0,0,0,1,6,3,-1,-1,-1,-1,-1,-1,-1,-1
2018546355618,2,3,0,18,0,0,0,0,0,0,3,1,6,1,18,4,125,1,4,9,1,9
2018546359518,1,9,0,18,0,4,0,0,0,0,1,1,6,2,57,9,1199,1,14,8,1,8
2018546359518,2,9,0,9,0,8,0,0,0,0,4,1,6,2,39,7,1968,2,5,1,1,1
2018546365118,1,19,0,9,0,5,5,0,0,0,1,1,6,1,27,6,1499,2,3,3,1,3
2018546365118,2,9,0,18,0,8,0,0,0,0,1,1,6,1,67,10,2967,2,5,7,1,7
2018546369218,1,5,0,18,0,8,0,0,0,0,2,1,2,1,53,8,1170,1,13,5,3,5
2018546369218,2,9,0,18,0,8,0,0,0,0,1,1,6,1,74,10,1597,2,4,9,2,9
2018546369218,3,98,1,5,0,4,0,0,0,0,0,1,6,3,-1,-1,-1,-1,-1,-1,-1,-1
2018546370018,1,9,0,9,0,4,0,0,0,0,1,1,1,1,33,6,1199,1,17,9,1,9
2018546370018,2,9,0,18,0,4,0,0,0,0,1,1,1,2,51,8,1910,2,10,5,1,5
2018546372318,1,9,0,13,0,0,0,0,0,0,3,1,6,3,-1,-1,-1,-1,-1,-1,-1,-1
2018546372318,2,9,0,18,0,0,0,0,0,0,3,1,6,2,61,9,1968,2,3,5,1,5
2018546386918,1,21,1,13,0,0,0,0,0,0,4,1,6,1,57,9,12777,2,12,10,3,10
2018546386918,2,1,0,18,0,0,0,0,0,0,3,1,6,1,24,5,-1,-1,-1,4,1,4
2018546397818,1,4,0,4,0,1,0,0,0,0,1,1,6,1,21,5,124,1,7,7,2,7
2018546397818,2,9,0,4,0,1,0,0,0,0,2,1,6,2,25,5,1753,2,11,7,2,7
2018546417918,1,9,0,9,0,8,0,0,0,0,4,1,2,2,19,4,1398,1,1,8,2,8
2018546417918,2,1,0,18,0,8,0,0,0,0,1,1,4,1,17,4,-1,-1,-1,10,1,10
2018546427218,1,21,1,18,0,1,0,0,0,0,1,1,1,1,38,7,12809,2,3,4,3,4
2018546427218,2,9,0,10,0,1,0,0,0,0,2,1,6,2,67,10,1591,1,4,9,2,9
2018546428818,1,9,0,9,0,8,0,0,0,0,3,1,6,2,37,7,2656,1,15,2,1,2
2018546428818,2,19,0,18,0,8,0,0,0,0,4,1,6,1,50,8,2998,2,7,-1,1,-1
2018546441918,1,9,0,9,0,4,0,0,0,0,3,1,6,1,24,5,-1,-1,-1,7,3,7
2018546441918,2,1,0,9,0,8,0,0,0,0,1,1,6,1,14,3,-1,-1,-1,5,1,5
2018546443018,1,9,0,5,0,1,0,0,0,0,1,1,6,1,41,7,1956,2,7,4,1,4
2018546443018,2,9,0,3,0,1,0,0,0,0,2,1,6,1,57,9,1798,1,-1,7,-1,7
2018546447218,1,9,0,17,0,8,0,0,0,0,1,1,6,3,-1,-1,-1,-1,-1,-1,-1,-1
2018546447218,2,1,0,16,0,8,0,0,0,0,1,1,6,1,14,3,-1,-1,-1,8,3,8
2018546465018,1,9,0,3,0,0,0,0,0,0,2,1,6,2,34,6,1461,2,4,5,1,5
2018546465018,2,9,0,18,0,0,0,0,0,0,1,1,6,1,56,9,998,1,17,6,1,6
2018546465018,3,9,0,18,0,0,0,0,0,0,1,1,6,1,19,4,998,1,16,3,1,3
2018546473618,1,9,0,18,0,0,0,0,0,0,4,1,6,1,70,10,1598,1,8,4,1,4
2018546473618,2,1,0,18,0,0,0,0,0,0,3,1,6,1,12,3,-1,-1,-1,7,1,7
2018546477118,1,9,0,18,0,0,0,0,0,0,1,1,2,2,44,7,1461,2,8,3,1,3
2018546477118,2,9,0,18,0,0,0,0,0,0,1,1,2,1,43,7,1998,1,3,4,1,4
2018546479118,1,3,0,7,0,6,0,0,0,0,1,1,6,1,26,6,124,1,21,7,-1,7
2018546479118,2,9,0,18,0,8,0,0,0,0,1,1,6,1,19,4,998,1,13,10,3,10
2018546479118,3,9,0,18,0,1,0,0,0,0,1,1,6,1,64,9,2143,2,5,6,1,6
2018546483618,1,9,0,18,0,8,0,0,0,0,1,1,1,1,25,5,1968,2,6,6,1,6
2018546483618,2,9,0,18,0,6,0,0,0,0,3,1,6,1,18,4,1399,2,8,9,1,9
2018546493218,1,9,0,9,0,5,0,0,1,0,3,1,6,1,72,10,1995,2,1,10,1,10
2018546493218,2,5,0,13,0,1,0,0,1,10,1,1,6,1,54,8,798,1,7,9,3,9
2018546513518,1,9,0,9,0,5,0,0,0,0,1,1,6,1,23,5,1762,1,21,8,1,8
2018546513518,2,5,0,9,0,6,0,0,0,0,1,1,2,1,23,5,649,1,12,7,1,7
2018546514018,1,9,0,5,0,1,0,0,0,0,1,1,6,1,74,10,1968,2,4,8,1,8
2018546546618,1,9,0,14,0,8,0,0,0,0,1,1,6,1,41,7,1299,1,17,6,2,6
2018546546618,2,9,0,18,0,8,0,0,0,0,1,1,6,1,20,4,998,1,6,9,3,9
2018546549118,1,9,0,18,0,8,0,0,0,0,1,1,6,1,53,8,-1,-1,-1,4,1,4
2018546549118,2,9,0,18,0,7,0,0,0,0,3,1,6,1,37,7,999,1,2,6,3,6
2018546558618,1,9,0,18,0,0,0,0,0,0,4,1,2,2,30,6,1388,1,13,9,1,9
2018546564118,1,9,0,18,0,8,0,0,1,1,1,1,6,1,86,11,1242,1,10,7,3,7
2018546564118,2,9,0,18,0,8,0,0,0,0,1,1,1,2,39,7,2967,2,11,4,1,4
2018546565918,1,9,0,7,0,2,0,0,0,0,4,1,6,3,-1,-1,-1,-1,-1,-1,-1,-1
2018546580918,1,9,0,18,0,0,0,0,0,0,3,1,6,2,25,5,1956,2,6,-1,-1,-1
2018546588618,1,9,0,18,0,0,0,0,0,0,1,1,6,2,25,5,-1,-1,-1,8,1,8
2018546588618,2,9,0,18,0,0,0,0,0,0,1,1,6,2,60,9,1197,1,7,8,1,8
2018546601218,1,9,0,18,0,0,0,0,0,0,1,1,6,1,31,6,1364,2,11,4,1,4
2018546614618,1,9,0,17,0,0,0,0,1,4,1,1,6,1,30,6,1896,2,11,4,1,4
2018546629218,1,5,0,13,0,8,0,0,7,9,1,1,2,1,61,9,1731,1,7,6,1,6
2018546629218,2,19,0,9,0,8,0,0,0,0,1,1,1,2,53,8,-1,-1,-1,6,3,6
2018546634718,1,9,0,16,0,0,5,0,7,11,3,1,6,2,21,5,1318,1,1,8,1,8
2018546635918,1,9,0,9,0,8,0,0,0,0,0,1,2,1,19,4,1390,1,12,8,1,8
2018546635918,2,1,0,18,0,8,0,0,1,0,4,1,2,1,59,9,-1,-1,-1,10,1,10
2018546639718,1,9,0,16,0,0,0,0,0,0,1,1,1,1,56,9,998,1,1,7,2,7
2018546642718,1,9,0,7,0,8,1,0,7,10,3,1,2,2,26,6,1598,1,3,10,2,10
2018546645818,1,1,0,18,0,0,0,0,0,0,1,1,6,1,24,5,-1,-1,-1,2,1,2
2018546660618,1,9,0,17,0,0,0,0,1,4,1,1,6,2,75,10,1360,1,11,7,3,7
2018546668318,1,9,0,18,0,0,0,0,1,1,1,1,6,1,20,4,1686,2,11,4,1,4
2018546668318,2,9,0,18,0,0,0,0,1,4,2,1,6,1,29,6,1596,1,13,10,2,10
2018546670518,1,9,0,18,0,1,0,0,1,3,1,1,6,2,20,4,998,1,10,5,2,5
2018546670518,2,9,0,18,0,1,0,0,0,0,0,1,6,3,-1,-1,-1,-1,-1,-1,-1,-1
2018546750218,1,9,0,18,0,0,0,0,0,0,3,1,2,2,20,4,1149,1,17,8,1,8
2018546750218,2,9,0,18,0,0,0,0,0,0,3,1,6,1,68,10,2435,1,15,5,3,5
2018546763618,1,9,0,9,0,8,0,0,0,0,3,1,6,2,51,8,1364,1,8,9,3,9
2018546763618,2,5,0,13,0,8,0,0,0,0,1,1,2,1,49,8,599,1,16,5,1,5
2018546778818,1,1,0,16,0,0,0,0,0,0,1,1,6,1,26,6,-1,-1,-1,10,1,10
2018546781818,1,9,0,18,0,0,0,0,0,0,3,1,6,1,74,10,1294,1,28,6,3,6
2018546781818,2,9,0,18,0,0,0,0,0,0,3,1,6,1,35,6,1753,2,14,8,1,8
2018546786218,1,9,0,18,0,2,0,7,0,0,1,1,6,1,50,8,1905,2,21,9,2,9
2018546791718,1,9,0,4,0,8,0,0,0,0,0,1,1,1,44,7,1968,2,4,8,1,8
2018546791718,2,3,0,18,0,8,0,0,0,0,4,1,1,1,28,6,-1,-1,-1,4,1,4
2018546832518,1,9,0,4,0,0,0,0,0,0,2,1,1,2,49,8,1242,1,4,8,3,8
2018546832518,2,9,0,18,0,0,0,0,0,0,1,1,6,1,18,4,1328,1,11,10,1,10
2018546851018,1,9,0,18,0,0,0,0,0,0,1,1,6,1,78,11,1997,1,11,10,2,10
2018546851018,2,1,0,18,0,0,0,0,1,4,2,1,6,1,51,8,-1,-1,-1,9,3,9
2018546862518,1,5,0,18,0,3,0,0,0,0,4,1,2,1,30,6,1285,1,3,10,1,10
2018546862518,2,9,0,9,0,8,0,0,0,0,3,1,2,2,30,6,1968,2,3,9,1,9
2018546863418,1,9,0,18,0,0,0,0,0,0,1,1,6,2,71,10,998,1,18,8,3,8
2018546863418,2,9,0,2,6,0,0,0,0,0,2,1,6,2,24,5,1149,1,20,9,1,9
2018546868218,1,19,0,18,0,1,0,0,0,0,1,1,1,1,21,5,-1,-1,-1,8,2,8
2018546868218,2,9,0,4,0,1,0,0,1,1,2,1,6,1,40,7,1461,2,5,6,3,6
2018546868218,3,9,0,3,0,1,0,0,0,0,2,1,6,1,40,7,2922,1,13,10,2,10
2018546868218,4,9,0,3,0,1,0,0,0,0,2,1,1,1,62,9,2993,2,3,-1,1,-1
2018546868818,1,5,0,18,0,2,0,0,0,0,1,1,2,1,42,7,782,1,6,9,2,9
2018546929318,1,9,0,18,0,1,0,0,0,0,1,1,1,2,40,7,1595,1,1,3,1,3
2018546929318,2,9,0,10,0,1,0,0,0,0,2,1,6,2,44,7,1461,2,3,8,3,8
2018546935818,1,9,0,9,0,8,0,0,0,0,0,1,6,3,-1,-1,-1,-1,-1,-1,-1,-1
2018546935818,2,9,0,18,0,1,0,0,0,0,0,1,6,1,44,7,1686,2,8,8,1,8
2018546937918,1,1,0,14,0,0,0,0,0,0,1,1,6,1,55,8,-1,-1,-1,10,1,10
2018546937918,2,19,0,2,0,0,0,0,0,0,2,1,1,1,-1,-1,1248,2,5,-1,-1,-1
2018546943718,1,9,0,9,0,8,0,0,0,0,1,1,6,2,35,6,1598,2,3,10,1,10
2018546943718,2,22,0,18,0,2,0,0,0,0,4,1,6,1,74,10,-1,-1,-1,8,1,8
2018546948418,1,9,0,18,0,8,0,0,0,0,4,1,6,1,26,6,1198,1,14,3,1,3
2018546948418,2,19,0,17,0,8,0,0,0,0,1,1,6,1,52,8,1995,2,1,6,2,6
2018546970818,1,9,0,18,0,3,0,0,0,0,4,1,6,2,38,7,998,1,-1,8,2,8
2018546970818,2,9,0,12,0,3,0,0,0,0,3,1,6,2,57,9,1991,2,11,9,1,9
2018546982118,1,9,0,18,0,0,0,0,0,0,4,2,6,1,24,5,-1,-1,-1,-1,-1,-1
2018547013118,1,9,0,9,0,8,0,0,0,0,3,1,6,2,37,7,1499,1,4,8,3,8
2018547013118,2,9,0,18,0,8,0,0,0,0,1,1,6,2,68,10,2494,8,2,4,1,4
2018547022518,1,9,0,18,0,8,0,0,7,1,1,1,6,1,19,4,1995,2,8,6,3,6
2018547022518,2,9,0,18,0,8,0,0,0,0,1,1,6,2,56,9,1896,2,12,7,2,7
2018547023818,1,9,0,9,0,8,0,0,0,0,4,1,1,2,48,8,1598,1,10,7,3,7
2018547023818,2,19,0,18,0,8,0,0,0,0,1,1,1,1,60,9,1560,2,4,4,1,4
2018547028218,1,9,0,9,0,8,0,0,0,0,1,1,6,1,30,6,1461,2,6,5,1,5
2018547028218,2,9,0,18,0,8,0,0,0,0,1,1,2,2,63,9,1598,2,3,8,2,8
2018547050718,1,9,0,18,0,0,0,0,0,0,1,1,6,2,23,5,1242,1,10,9,1,9
2018547050718,2,9,0,4,0,0,0,0,0,0,2,1,6,2,42,7,1598,2,1,8,1,8
2018547050718,3,9,0,18,0,0,0,0,4,6,2,1,6,2,42,7,2199,2,3,10,1,10
2018547053918,1,9,0,18,0,0,0,0,0,0,1,1,6,1,38,7,1590,1,14,7,3,7
2018547053918,2,9,0,4,0,0,0,0,0,0,2,1,6,1,52,8,1598,2,-1,6,-1,6
2018547053918,3,9,0,4,0,0,0,0,0,0,2,1,6,2,49,8,1349,1,9,9,3,9
2018547058118,1,9,0,4,0,1,0,0,0,0,2,1,2,1,31,6,1399,2,6,7,1,7
2018547058118,2,9,0,18,0,1,0,0,0,0,1,1,2,1,17,4,1197,1,4,8,3,8
2018547059218,1,9,0,7,0,8,0,0,0,0,3,1,6,2,34,6,1598,1,8,8,3,8
2018547059218,2,9,0,18,0,8,0,0,0,0,1,1,6,1,64,9,2400,2,9,7,3,7
2018547084418,1,9,0,17,0,1,0,0,0,0,1,1,6,2,51,8,1968,2,10,9,2,9
2018547084418,2,19,0,16,0,1,0,0,0,0,1,1,6,1,45,7,2461,2,17,6,1,6
2018547088818,1,9,0,18,0,0,0,4,0,0,1,1,6,1,32,6,1896,2,11,1,1,1
2018547088818,2,9,0,2,0,0,0,0,0,0,2,1,6,3,-1,-1,1796,1,4,-1,-1,-1
2018547088818,3,9,0,2,0,0,0,0,0,0,3,1,6,3,-1,-1,1560,2,4,-1,-1,-1
2018547091818,1,9,0,17,0,0,2,0,8,10,1,1,1,2,52,8,1396,1,5,10,2,10
2018547112918,1,9,0,3,0,0,0,0,0,0,2,1,6,2,22,5,1597,1,13,-1,1,-1
2018547112918,2,9,0,5,0,0,0,0,0,0,1,1,6,2,73,10,1362,1,5,10,1,10
2018547114418,1,9,0,18,0,8,0,0,1,1,1,1,6,2,43,7,1364,1,1,5,1,5
2018547114418,2,9,0,18,0,8,0,0,1,9,1,1,6,2,59,9,1364,1,1,8,3,8
2018547115318,1,9,0,9,0,1,0,0,0,0,1,1,2,2,31,6,1560,2,7,2,1,2
2018547115318,2,1,0,18,0,1,0,0,0,0,4,1,6,1,49,8,-1,-1,-1,8,1,8
2018547140718,1,9,0,18,0,4,0,0,0,0,3,1,1,1,54,8,-1,-1,-1,7,3,7
2018547140718,2,1,0,18,0,8,0,0,0,0,1,1,6,1,47,8,-1,-1,-1,8,2,8
2018547151918,1,9,0,18,0,8,0,0,0,0,4,1,6,1,66,10,2993,2,6,8,1,8
2018547151918,2,9,0,9,0,8,0,0,0,0,1,1,1,1,51,8,-1,-1,-1,4,1,4
2018547174318,1,9,0,9,0,8,0,0,0,0,1,1,6,1,48,8,1242,1,1,4,1,4
2018547174318,2,19,0,18,0,8,0,0,0,0,1,1,1,2,26,6,1753,2,11,3,1,3
2018547183418,1,9,0,13,0,1,0,0,0,0,4,1,6,3,-1,-1,-1,-1,-1,-1,-1,-1
2018547183418,2,1,0,18,0,1,0,0,0,0,3,1,6,1,12,3,-1,-1,-1,6,1,6
2018547187518,1,9,0,4,0,0,0,0,0,0,1,1,6,2,74,10,998,1,-1,9,1,9
2018547188318,1,9,0,16,0,0,0,0,0,0,4,1,1,1,46,8,1968,2,3,10,1,10