Accident_Index,Vehicle_Reference,Vehicle_Type,Towing_and_Articulation,Vehicle_Manoeuvre,Vehicle_Location-Restricted_Lane,Junction_Location,Skidding_and_Overturning,Hit_Object_in_Carriageway,Vehicle_Leaving_Carriageway,Hit_Object_off_Carriageway,1st_Point_of_Impact,Was_Vehicle_Left_Hand_Drive?,Journey_Purpose_of_Driver,Sex_of_Driver,Age_of_Driver,Age_Band_of_Driver,Engine_Capacity_(CC),Propulsion_Code,Age_of_Vehicle,Driver_IMD_Decile,Driver_Home_Area_Type,Vehicle_IMD_Decile
2018547188318,2,9,0,17,0,0,0,0,0,0,3,1,6,1,25,5,-1,-1,-1,7,3,7
2018547233318,1,3,0,16,0,0,0,0,0,0,1,1,6,1,25,5,125,1,-1,9,2,9
2018547233318,2,9,0,17,0,0,0,0,0,0,1,1,6,2,31,6,1388,1,8,5,2,5
2018547234718,1,9,0,17,0,0,0,0,0,0,1,1,1,2,19,4,1299,1,14,5,2,5
2018547234718,2,9,0,16,0,0,0,0,0,0,1,1,6,1,53,8,1598,1,16,4,2,4
2018547234818,1,9,0,18,0,0,0,0,0,0,1,1,6,2,62,9,1398,2,15,5,3,5
2018547234818,2,19,0,18,0,0,0,0,0,0,1,1,1,1,57,9,1499,2,-1,6,3,6
2018547248418,1,21,0,11,7,0,0,0,0,0,1,1,1,1,33,6,10308,2,9,2,1,2
2018547248418,2,9,0,18,6,0,0,0,0,0,2,1,6,2,27,6,1595,1,12,3,1,3
2018547248418,3,9,0,18,6,0,0,0,0,0,2,1,6,1,62,9,1798,1,7,8,1,8
2018547248418,4,9,0,18,6,0,0,0,0,0,1,1,6,1,21,5,1596,1,4,10,3,10
2018547254318,1,9,0,18,0,0,0,0,0,0,3,1,6,1,57,9,898,1,1,4,1,4
2018547266218,1,9,0,1,9,0,0,0,0,0,1,1,6,1,-1,-1,-1,-1,-1,-1,-1,-1
2018547266718,1,9,0,18,0,4,0,0,0,0,1,1,1,1,21,5,-1,-1,-1,5,3,5
2018547266718,2,9,0,9,0,8,0,0,0,0,1,1,1,1,41,7,-1,-1,-1,2,1,2
2018547278318,1,9,0,4,0,0,0,0,0,0,2,1,6,1,61,9,1349,1,4,9,2,9
2018547278318,2,9,0,18,0,0,0,0,0,0,1,1,6,1,64,9,2199,2,-1,5,1,5
2018547307418,1,9,0,18,0,1,0,0,0,0,1,1,6,2,71,10,1968,2,4,8,1,8
2018547307418,2,90,0,18,0,1,0,0,0,0,2,1,1,2,61,9,2198,2,4,6,1,6
2018547307418,3,9,0,10,0,1,0,0,0,0,0,1,6,3,-1,-1,-1,-1,-1,-1,-1,-1
2018547307518,1,90,0,18,0,2,0,0,0,0,3,1,6,2,59,9,1997,2,13,6,3,6
2018547307518,2,9,0,4,0,1,0,0,0,0,3,1,6,2,46,8,1598,2,1,9,2,9
2018547312518,1,5,0,13,0,8,0,0,0,0,1,1,6,2,35,6,750,1,3,9,1,9
2018547312518,2,17,0,9,0,8,0,0,0,0,3,1,1,1,56,9,6728,2,1,-1,3,-1
2018547314518,1,9,0,18,0,0,0,6,1,9,1,1,6,1,37,7,1994,1,13,6,2,6
2018547325518,1,9,0,7,0,4,5,0,0,0,3,1,1,2,22,5,1360,1,10,8,1,8
2018547325518,2,9,0,18,0,8,0,0,0,0,1,1,6,1,24,5,1582,2,6,9,3,9
2018547345918,1,9,0,9,0,8,0,0,0,0,3,1,6,1,20,4,1956,2,7,9,1,9
2018547345918,2,5,0,18,0,8,0,0,0,0,1,1,6,1,54,8,1352,1,12,8,1,8
2018547347318,1,9,0,18,0,0,2,0,1,0,1,1,6,1,24,5,998,1,9,6,2,6
2018547352118,1,9,0,9,0,8,0,0,0,0,3,1,1,1,49,8,2987,2,5,7,1,7
2018547352118,2,9,0,18,0,8,0,0,0,0,1,1,1,1,44,7,1686,2,15,10,1,10
2018547363618,1,19,0,9,0,8,0,0,0,0,1,1,1,1,43,7,2143,2,7,3,1,3
2018547363618,2,9,0,18,0,8,0,0,0,0,1,1,2,2,22,5,1900,2,18,6,1,6
2018547366418,1,9,0,18,0,4,0,0,0,0,1,1,6,2,24,5,898,1,-1,9,1,9
2018547366418,2,9,0,9,0,8,0,0,0,0,1,1,6,1,59,9,1200,1,5,8,1,8
2018547374918,1,9,0,18,0,1,0,0,0,0,1,1,6,2,30,6,-1,-1,-1,2,1,2
2018547374918,2,9,0,3,0,1,0,0,0,0,2,1,6,2,29,6,1598,1,2,8,3,8
2018547374918,3,19,4,3,0,1,0,0,0,0,2,1,6,1,51,8,2198,2,5,8,3,8
2018547376718,1,9,0,9,0,8,0,0,1,0,4,1,2,2,32,6,1973,1,19,9,2,9
2018547376718,2,10,0,18,0,8,0,0,0,0,1,1,6,1,75,10,-1,-1,-1,2,1,2
2018547399218,1,9,0,18,0,0,0,0,7,1,1,1,6,1,83,11,998,1,2,8,1,8
2018547407618,1,9,0,18,0,4,0,0,0,0,1,1,6,1,38,7,1229,1,12,1,1,1
2018547407618,2,9,0,6,0,8,0,0,0,0,3,1,6,2,21,5,1597,2,3,2,1,2
2018547408318,1,9,0,3,0,1,0,0,0,0,2,1,6,1,63,9,1999,2,1,6,1,6
2018547408318,2,9,0,18,0,1,0,0,0,0,1,1,6,1,28,6,1198,1,13,8,1,8
2018547455318,1,9,0,17,0,2,5,0,0,0,1,1,1,1,35,6,1368,1,10,7,2,7
2018547456918,1,5,0,18,0,0,0,0,0,0,1,1,6,1,59,9,998,1,13,7,2,7
2018547459818,1,4,0,13,0,0,0,0,7,0,4,1,6,2,19,4,125,1,1,6,1,6
2018547459818,2,9,0,18,0,0,0,0,0,0,3,1,6,3,-1,-1,-1,-1,-1,-1,-1,-1
2018547465018,1,9,0,18,0,0,0,0,0,0,1,1,6,2,17,4,1199,1,14,8,2,8
2018547465018,2,9,0,18,0,0,0,0,0,0,1,1,2,1,44,7,1498,1,9,7,1,7
2018547493518,1,9,0,18,0,8,0,0,0,0,1,1,6,2,53,8,1560,2,8,9,1,9
2018547493518,2,9,0,18,0,8,0,0,0,0,3,1,6,1,59,9,-1,-1,-1,4,1,4
2018547493518,3,9,0,3,0,1,0,0,0,0,1,1,6,2,78,11,1339,1,13,5,2,5
2018547498218,1,9,0,9,0,8,0,0,0,0,4,1,6,1,50,8,2204,2,9,4,1,4
2018547498218,2,3,0,18,0,8,0,0,0,0,1,1,6,1,31,6,124,1,7,4,1,4
2018547501118,1,9,0,18,9,0,0,0,0,0,1,1,6,1,21,5,1753,2,12,6,3,6
2018547515818,1,9,0,18,0,0,0,0,0,0,1,1,6,2,20,4,1242,1,12,10,2,10
2018547515818,2,19,0,18,0,0,0,0,0,0,2,1,1,1,39,7,1968,2,4,5,1,5
2018547526918,1,9,0,5,0,6,0,0,0,0,3,1,6,2,71,10,1329,1,7,6,3,6
2018547526918,2,3,0,18,0,8,0,0,0,0,1,1,6,2,49,8,124,1,22,4,1,4
2018547528418,1,9,0,7,0,5,0,0,0,0,1,1,6,3,-1,-1,-1,-1,-1,-1,-1,-1
2018547531518,1,3,0,14,0,1,0,0,0,0,1,1,6,1,18,4,125,1,1,4,1,4
2018547531518,2,9,0,9,0,6,0,0,0,0,1,1,6,1,19,4,1973,1,17,6,2,6
2018547547418,1,9,0,13,0,8,5,0,7,0,4,1,2,1,27,6,2261,1,1,8,1,8
2018547547418,2,9,0,9,0,5,0,0,0,0,3,1,6,2,64,9,1364,1,3,9,2,9
2018547561718,1,9,0,16,0,0,2,0,7,9,1,1,6,1,17,4,1300,2,11,8,1,8
2018547572518,1,4,0,17,0,1,1,0,0,0,3,1,6,1,49,8,125,1,40,10,2,10
2018547578918,1,9,0,18,0,8,0,0,0,0,1,1,6,1,78,11,1595,1,6,10,1,10
2018547578918,2,9,0,18,0,8,0,0,0,0,3,1,2,2,52,8,1598,2,2,6,1,6
2018547611118,1,9,0,18,0,0,0,0,0,0,1,1,6,1,20,4,1390,1,15,3,1,3
2018547615318,1,3,0,9,0,8,1,0,0,0,1,1,1,1,28,6,689,1,1,9,1,9
2018547615318,2,19,0,18,0,4,0,0,0,0,3,1,6,3,-1,-1,-1,-1,-1,-1,-1,-1
2018547616218,1,9,0,18,0,0,0,0,0,0,1,1,6,1,31,6,-1,-1,-1,-1,3,-1
2018547616218,2,9,0,12,0,0,0,0,0,0,2,1,6,2,19,4,1299,1,19,-1,3,-1
2018547619118,1,9,0,18,0,0,1,0,5,6,1,1,6,1,50,8,1149,1,15,5,1,5
2018547619118,2,9,0,18,0,0,5,0,0,0,3,1,6,1,23,5,1198,1,1,7,1,7
2018547664318,1,9,0,4,0,0,0,0,0,0,0,1,6,2,34,6,898,1,1,5,1,5
2018547667118,1,9,0,9,0,0,0,0,0,0,0,1,6,1,66,10,1956,2,6,3,1,3
2018547667118,2,9,0,4,0,0,0,0,0,0,2,1,2,1,50,8,2987,2,2,7,3,7
2018547667118,3,5,0,18,0,0,0,0,0,0,1,1,6,1,36,7,998,1,19,2,1,2
2018547676018,1,9,0,18,0,4,0,0,0,0,1,1,1,1,37,7,-1,-1,-1,9,2,9
2018547676018,2,19,0,4,0,4,0,0,0,0,2,1,1,1,56,9,2143,2,5,9,1,9
2018547701618,1,9,0,18,0,0,0,0,0,0,1,1,6,2,20,4,1951,2,16,7,2,7
2018547701618,2,9,0,18,0,0,0,0,0,0,2,1,6,2,52,8,1999,1,11,-1,-1,-1
2018547703318,1,9,0,4,0,1,0,0,0,0,2,1,1,1,46,8,2967,2,2,9,2,9
2018547703318,2,9,0,18,0,1,0,0,0,0,1,1,6,2,43,7,1328,1,14,6,1,6
2018547704218,1,9,0,3,0,1,0,0,0,0,2,1,6,1,27,6,1799,1,7,8,1,8
2018547704218,2,19,0,3,0,1,0,0,0,0,1,1,1,1,23,5,1995,2,6,6,1,6
2018547705118,1,9,0,14,0,1,0,0,0,0,4,1,1,1,20,4,1149,1,10,8,1,8
2018547720718,1,9,0,18,0,1,1,0,7,0,3,1,6,1,26,6,998,1,17,5,3,5
2018547733418,1,9,0,18,0,1,0,0,0,0,1,1,1,2,55,8,1995,2,3,7,2,7
2018547733418,2,19,0,9,0,2,0,0,0,0,1,1,1,2,50,8,1968,2,1,4,1,4
2018547736018,1,4,0,18,0,0,0,0,0,0,1,1,6,1,19,4,125,1,-1,10,3,10
2018547736018,2,9,0,18,0,0,0,0,0,0,2,1,6,1,42,7,1896,2,11,6,3,6
2018547740918,1,9,0,18,0,0,0,0,0,0,1,1,6,1,35,6,3200,2,14,4,1,4
2018547740918,2,19,0,2,0,0,0,0,0,0,1,1,6,3,25,5,2299,2,7,-1,-1,-1
2018547741718,1,9,0,18,0,1,0,0,0,0,1,1,6,1,25,5,1598,1,12,3,1,3
2018547741718,2,1,0,18,0,2,0,0,0,0,1,1,6,2,51,8,-1,-1,-1,4,1,4
2018547750218,1,9,0,5,0,6,0,0,1,0,1,1,1,2,68,10,1422,2,9,9,3,9
2018547750218,2,9,0,18,0,1,1,0,7,0,1,1,1,1,52,8,1300,2,12,8,2,8
2018547771518,1,9,0,1,0,8,0,0,0,0,4,1,6,2,23,5,-1,-1,-1,7,3,7
2018547771518,2,9,0,1,0,8,0,0,0,0,1,1,6,1,24,5,1229,1,4,9,2,9
2018547775618,1,9,0,12,0,0,1,0,4,0,3,1,6,1,38,7,2993,2,1,-1,-1,-1
2018547775618,2,9,0,13,0,0,2,0,1,0,4,1,6,1,46,8,1997,1,-1,7,1,7
2018547781518,1,20,0,18,0,0,0,0,0,0,1,1,1,1,58,9,-1,-1,-1,-1,2,-1
2018547781518,2,9,0,11,0,0,0,0,0,0,2,1,2,2,33,6,1598,1,6,10,1,10
2018547781918,1,9,0,9,0,1,0,0,0,0,4,1,6,1,24,5,1461,2,1,9,3,9
2018547781918,2,9,0,18,0,1,0,0,0,0,1,1,6,2,44,7,1349,1,8,7,2,7
2018547789018,1,9,0,16,0,0,2,0,7,11,3,1,6,1,19,4,1798,1,10,8,1,8
2018547789018,2,9,0,17,0,0,0,0,0,0,3,1,6,1,54,8,998,1,2,9,2,9
2018547789018,3,9,0,17,0,0,0,0,0,0,3,1,6,1,40,7,1968,2,6,9,1,9
2018547816418,1,5,0,16,0,0,0,0,1,0,1,1,6,1,22,5,599,1,13,9,3,9
2018547817418,1,9,0,18,0,0,2,10,1,9,4,1,6,1,27,6,1896,2,13,2,1,2
2018547821418,1,9,0,3,0,1,0,0,0,0,1,1,6,1,22,5,999,1,3,9,1,9
2018547821418,2,9,0,4,0,1,0,0,0,0,2,1,6,1,47,8,1896,2,15,4,1,4
2018547836018,1,9,0,9,0,6,0,0,0,0,1,1,6,2,49,8,1968,2,-1,-1,-1,-1
2018547836018,2,9,0,18,0,8,0,0,0,0,3,1,6,2,68,10,2299,1,31,5,3,5
2018547836818,1,9,0,18,0,0,0,4,1,3,1,1,6,1,23,5,1998,1,20,9,2,9
2018547836818,2,9,0,17,0,0,0,0,0,0,0,1,1,1,31,6,1998,8,2,10,1,10
2018547836818,3,9,0,17,0,0,0,0,0,0,0,1,1,1,47,8,1598,2,1,10,1,10
2018547836818,4,9,0,2,0,0,0,0,0,0,4,1,6,1,-1,-1,2495,2,17,8,2,8
2018547844518,1,9,0,2,0,1,0,0,0,0,1,1,6,3,-1,-1,1560,2,14,-1,-1,-1
2018547844518,2,9,0,16,0,1,0,0,0,0,1,1,6,1,25,5,1388,1,12,7,3,7
2018547862818,1,9,0,9,0,1,0,0,0,0,1,1,6,1,53,8,1598,1,18,8,3,8
2018547862818,2,9,0,18,0,1,0,0,0,0,1,1,6,2,34,6,1390,1,7,9,2,9
2018547884418,1,9,0,9,0,3,0,0,0,0,3,1,2,2,38,7,1364,1,11,5,1,5
2018547884418,2,20,0,18,0,3,0,0,0,0,4,1,1,1,31,6,7698,2,3,8,1,8
2018547886918,1,9,0,10,0,1,0,0,0,0,2,1,6,2,64,9,1248,1,7,10,1,10
2018547886918,2,9,0,18,0,1,0,0,1,0,1,1,6,1,76,11,1318,1,1,6,3,6
2018547888318,1,9,0,4,0,7,1,0,7,1,1,1,2,2,49,8,-1,-1,-1,9,1,9
2018547907218,1,9,3,18,0,0,4,11,1,1,4,1,6,1,83,11,1997,2,19,5,3,5
2018547921118,1,19,0,4,0,1,1,0,1,0,1,1,1,1,31,6,-1,-1,-1,6,1,6
2018547921118,2,19,0,4,0,1,1,0,0,0,1,1,1,1,34,6,2198,2,6,6,3,6
2018547921318,1,9,0,1,0,1,1,0,3,0,1,1,2,1,33,6,1896,2,15,8,3,8
2018547921318,2,9,0,1,0,1,0,0,1,0,3,1,6,2,72,10,2967,2,2,7,3,7
2018547921318,3,9,0,1,0,5,0,0,1,0,2,1,6,1,57,9,1997,2,9,7,3,7
2018547936218,1,9,0,18,0,8,0,0,0,0,1,1,6,1,38,7,1686,2,5,8,1,8
2018547936218,2,9,0,18,0,6,0,0,0,0,3,1,6,1,46,8,1560,2,4,8,1,8
2018547939318,1,9,0,18,0,1,0,0,0,0,1,1,6,1,32,6,1598,2,3,7,1,7
2018547939318,2,9,0,5,0,6,0,0,0,0,1,1,6,2,41,7,-1,-1,-1,9,2,9
2018547941518,1,3,0,18,0,1,0,0,0,0,1,1,6,1,18,4,125,1,-1,6,2,6
2018547941518,2,3,0,4,0,1,0,0,0,0,2,1,6,1,24,5,124,1,10,7,2,7
2018547946918,1,9,0,18,0,0,0,0,0,0,1,1,2,2,35,6,1560,2,11,5,1,5
2018547991818,1,9,0,18,0,8,0,0,0,0,1,1,6,1,-1,-1,1834,1,15,-1,-1,-1
2018547991818,2,9,0,6,0,8,0,0,0,0,2,1,6,2,23,5,1794,1,17,1,1,1
2018548005618,1,9,0,17,0,0,0,0,0,0,0,1,6,3,-1,-1,-1,-1,-1,-1,-1,-1
2018548005618,2,2,0,16,0,0,0,10,1,0,4,1,6,1,26,6,49,1,7,6,3,6
2018548030918,1,19,0,18,0,0,0,0,0,0,1,1,6,1,35,6,2298,2,2,7,1,7
2018548030918,2,9,0,18,0,0,0,0,0,0,2,1,6,1,39,7,1596,1,10,3,1,3
2018548033618,1,5,0,18,0,0,1,11,0,0,4,1,6,1,51,8,1164,1,12,6,3,6
2018548037918,1,9,0,1,0,6,0,0,0,0,1,1,6,2,54,8,1399,2,16,8,1,8
2018548037918,2,9,0,1,0,8,0,0,0,0,1,1,6,2,26,6,1598,1,6,3,2,3
2018548071618,1,4,0,18,0,3,1,0,1,-1,2,1,6,1,18,4,125,1,3,5,1,5
2018548071618,2,9,0,18,0,3,0,0,0,0,1,1,6,1,49,8,1499,1,9,5,1,5
2018548072318,1,9,0,18,0,0,0,0,0,0,1,1,6,1,20,4,998,1,2,8,1,8
2018548072318,2,20,0,18,0,0,0,0,0,0,2,1,6,1,42,7,6692,2,5,8,1,8
2018548081118,1,9,0,9,0,3,0,0,0,0,4,1,6,2,27,6,1299,1,14,5,2,5
2018548081118,2,9,0,18,0,4,0,0,0,0,1,1,6,2,82,11,1389,1,15,5,2,5
2018548097318,1,9,0,16,0,8,5,6,3,10,1,1,6,1,25,5,1598,2,8,7,1,7
2018548103418,1,9,0,3,0,1,0,0,0,0,2,1,6,2,26,6,1229,1,5,9,3,9
2018548103418,2,9,0,18,0,1,0,0,0,0,1,1,6,1,37,7,1598,1,9,2,1,2
2018548149318,1,9,0,18,0,8,0,0,0,0,3,1,6,1,76,11,1398,1,3,9,1,9
2018548149318,2,5,0,18,0,1,0,0,0,0,1,1,2,1,55,8,1441,1,5,9,1,9
2018548160318,1,9,0,17,0,0,0,0,0,0,0,1,6,1,88,11,2346,1,59,6,1,6
2018548160318,2,1,0,16,0,0,0,0,0,0,0,1,6,1,10,2,-1,-1,-1,9,1,9
2018548184718,1,9,0,18,0,0,1,0,4,0,1,1,4,1,23,5,1596,1,13,9,3,9
2018548227618,1,20,1,10,0,1,0,0,0,0,0,1,1,1,60,9,-1,-1,-1,10,1,10
2018548227618,2,9,0,9,0,6,0,0,0,0,4,1,6,1,29,6,1229,1,6,3,2,3
2018548227618,3,9,0,18,0,1,0,0,0,0,1,1,6,1,19,4,1199,1,15,6,1,6
2018548227618,4,9,0,3,0,1,0,0,0,0,1,1,6,1,48,8,2179,2,10,-1,-1,-1
2018548242718,1,9,0,9,0,2,0,0,0,0,3,1,6,1,68,10,2967,1,12,-1,1,-1
2018548242718,2,3,0,18,0,1,1,0,0,0,1,1,6,2,22,5,123,1,31,9,1,9
2018548243218,1,1,0,9,0,0,0,0,0,0,3,1,6,1,42,7,-1,-1,-1,5,1,5
2018548243218,2,9,0,3,0,0,0,0,1,0,1,1,6,1,51,8,1198,1,13,5,1,5
2018548253518,1,9,0,18,0,0,1,0,0,0,1,1,6,1,72,10,998,1,5,10,1,10
2018548253518,2,21,1,18,0,0,0,0,0,0,2,1,1,1,43,7,-1,-1,-1,3,1,3
2018548256618,1,5,0,16,0,0,0,0,0,0,3,1,6,1,51,8,-1,-1,-1,4,1,4
2018548256618,2,9,0,17,0,0,0,0,0,0,3,1,6,2,39,7,-1,-1,-1,9,3,9
2018548259518,1,9,0,8,0,1,0,0,0,0,1,1,6,1,41,7,1339,1,13,6,1,6
2018548259518,2,5,0,1,0,1,5,0,0,0,2,1,2,1,50,8,124,1,10,7,1,7
2018548268118,1,9,0,18,0,2,0,0,0,0,1,1,6,1,30,6,1598,2,3,8,2,8
2018548268118,2,9,0,9,0,6,0,0,7,5,3,1,6,3,-1,-1,1598,1,16,-1,-1,-1
2018548273618,1,9,0,17,0,0,2,0,0,0,3,1,6,2,25,5,1956,2,6,1,1,1
2018548273618,2,9,0,2,0,0,0,0,0,0,4,1,6,1,-1,-1,2231,2,8,-1,-1,-1
2018548273618,3,9,0,2,0,0,0,0,0,0,4,1,6,1,-1,-1,1596,1,13,-1,-1,-1
2018548280818,1,9,0,18,0,0,0,0,1,11,1,1,6,2,92,11,1242,1,5,7,1,7
2018548280818,2,9,0,2,0,0,0,0,0,0,2,1,6,1,-1,-1,1598,1,19,-1,-1,-1
2018548280818,3,9,0,2,0,0,0,0,0,0,2,1,6,1,-1,-1,1896,2,11,-1,-1,-1
2018548283518,1,9,0,18,0,0,0,0,1,7,4,1,6,2,53,8,1984,1,12,4,1,4
2018548292018,1,5,0,18,0,8,2,10,1,1,1,1,6,1,38,7,599,1,8,4,1,4
2018548299318,1,9,0,9,0,6,0,0,0,0,3,1,1,2,51,8,1197,1,4,4,2,4
2018548299318,2,9,0,18,0,1,1,0,1,0,4,1,1,1,45,7,-1,-1,-1,5,3,5
2018548300318,1,9,0,12,0,8,0,0,0,0,2,1,6,2,43,7,2401,2,14,10,1,10
2018548300318,2,9,0,1,0,8,0,0,0,0,1,1,6,3,-1,-1,-1,-1,-1,-1,-1,-1
2018548307018,1,9,0,15,0,0,0,0,0,0,0,1,6,2,67,10,2184,2,11,6,3,6
2018548307018,2,1,0,16,0,0,0,0,0,0,0,1,6,1,66,10,-1,-1,-1,10,1,10
2018548307018,3,3,0,17,0,0,1,0,1,10,1,1,6,1,36,7,-1,-1,-1,7,2,7
2018548318018,1,5,0,13,0,0,1,0,1,10,3,1,2,1,63,9,1237,1,2,6,2,6
2018548318018,2,9,0,17,0,0,0,0,0,0,1,1,6,1,64,9,-1,-1,-1,6,2,6
2018548318018,3,9,0,16,0,0,1,0,1,10,1,1,6,1,51,8,1968,2,6,5,1,5
2018548334718,1,9,0,18,0,8,0,0,0,0,1,1,6,1,85,11,1386,1,14,3,1,3
2018548334718,2,9,0,18,0,8,0,0,0,0,3,1,6,1,27,6,1995,2,10,4,2,4
2018548356718,1,19,0,17,0,0,2,0,1,4,1,1,1,2,26,6,1753,2,7,3,1,3
2018548359818,1,9,0,13,0,1,0,0,0,0,1,1,6,2,41,7,1598,2,3,8,1,8
2018548359818,2,9,0,9,0,8,0,0,1,1,3,1,6,2,25,5,1798,1,8,6,3,6
2018548372118,1,9,0,4,0,1,0,0,0,0,1,1,1,2,49,8,1461,2,-1,4,1,4
2018548372118,2,9,0,18,0,1,0,0,0,0,2,1,1,1,43,7,1968,2,3,7,1,7
2018548394718,1,9,0,6,0,0,0,0,7,0,3,1,6,1,24,5,1390,1,12,4,2,4
2018548394718,2,19,0,18,0,0,0,0,0,0,1,1,1,1,64,9,2500,2,11,5,3,5
2018548399318,1,9,0,4,0,4,0,0,0,0,2,1,2,1,41,7,-1,-1,-1,7,1,7
2018548399318,2,9,0,18,0,4,0,0,0,0,1,1,6,3,-1,-1,-1,-1,-1,-1,-1,-1
2018548404618,1,9,0,18,0,0,0,0,0,0,1,1,2,2,46,8,1362,1,4,7,1,7
2018548405118,1,9,0,18,0,3,0,0,0,0,1,1,2,2,49,8,999,1,2,5,1,5
2018548405118,2,1,0,18,0,3,0,0,0,0,2,1,2,1,47,8,-1,-1,-1,7,1,7
2018548433518,1,4,0,18,0,0,1,0,0,0,3,1,2,1,18,4,125,1,-1,7,1,7
2018548433518,2,9,0,18,0,0,0,0,0,0,3,1,6,2,32,6,-1,-1,-1,10,1,10
2018548433518,3,9,0,3,0,0,0,0,0,0,3,1,2,1,34,6,1968,2,7,7,1,7
2018548436118,1,9,0,17,0,0,2,0,1,0,4,1,6,1,22,5,1198,1,12,5,1,5
2018548437218,1,9,0,7,0,6,0,0,0,0,1,1,6,2,33,6,1560,2,3,6,-1,6
2018548437218,2,19,0,18,0,1,2,0,0,0,4,1,1,1,51,8,-1,-1,-1,10,1,10
2018548447918,1,4,0,13,0,1,0,0,0,0,1,1,6,1,24,5,124,1,6,6,3,6
2018548447918,2,20,0,7,0,2,0,0,0,0,1,1,1,1,34,6,-1,-1,-1,9,2,9
2018548457718,1,19,0,13,0,0,2,0,1,11,4,1,1,1,25,5,2143,2,2,-1,-1,-1
2018548457718,2,20,1,18,0,0,0,0,0,0,3,1,1,1,45,7,-1,-1,-1,8,1,8
2018548466018,1,9,0,9,0,8,0,0,0,0,3,1,6,1,62,9,1998,2,11,5,3,5
2018548466018,2,5,0,18,0,8,0,0,0,0,4,1,6,1,51,8,1000,1,1,8,3,8
2018548470918,1,9,0,9,0,8,0,0,0,0,1,1,2,1,55,8,1956,2,-1,2,1,2
2018548470918,2,9,0,18,0,8,0,0,0,0,3,1,6,2,56,9,1388,1,7,8,1,8
2018548499018,1,9,0,1,0,1,0,0,0,0,2,1,1,1,52,8,1398,2,15,2,1,2
2018548499018,2,9,0,3,0,1,0,0,0,0,1,1,6,1,23,5,1910,2,10,6,1,6
2018548500518,1,9,0,18,0,0,0,0,1,0,1,1,1,1,44,7,1686,2,8,2,1,2
2018548500518,2,9,0,18,0,0,0,0,1,0,1,1,6,1,30,6,1686,2,13,9,1,9
2018548501318,1,9,0,4,0,1,1,0,7,4,4,1,6,1,32,6,1086,1,13,7,2,7
2018548513718,1,9,0,18,0,4,0,0,0,0,1,1,6,2,79,11,1339,1,3,9,2,9
2018548513718,2,1,0,9,0,8,0,0,0,0,4,1,6,1,61,9,-1,-1,-1,4,1,4
2018548517918,1,9,0,18,0,4,0,10,0,0,3,1,6,2,91,11,1199,1,19,5,1,5
2018548558418,1,9,0,13,0,0,0,0,0,0,4,1,6,2,51,8,2261,1,9,9,3,9
2018548558418,2,1,0,10,0,0,0,0,0,0,3,1,6,1,55,8,-1,-1,-1,6,1,6
2018548568118,1,9,0,18,0,1,1,0,1,4,1,1,6,2,25,5,1590,1,13,3,1,3
2018548582218,1,19,0,18,0,1,0,0,0,0,1,1,6,1,25,5,-1,-1,-1,1,1,1
2018548582218,2,19,0,7,0,8,1,0,1,0,3,1,6,1,36,7,1499,2,1,1,1,1
2018548582218,3,9,0,2,9,1,0,0,0,0,2,1,6,2,-1,-1,1598,1,12,-1,-1,-1
2018548582218,4,9,0,2,9,1,0,0,0,0,4,1,6,1,-1,-1,1390,1,4,-1,-1,-1
2018548592118,1,9,0,9,0,1,0,0,0,0,4,1,1,2,29,6,-1,-1,-1,7,3,7
2018548592118,2,1,0,18,0,1,0,0,0,0,1,1,2,1,24,5,-1,-1,-1,8,1,8
2018548594218,1,9,0,7,0,1,0,0,0,0,1,1,1,1,53,8,-1,-1,-1,8,1,8
2018548594218,2,9,0,18,0,1,0,0,0,0,4,1,6,1,67,10,1461,2,5,8,1,8
2018548605118,1,9,0,5,9,0,0,0,0,0,3,1,6,2,60,9,1998,1,5,2,1,2
2018548605118,2,1,0,18,9,0,0,0,0,0,1,1,6,1,14,3,-1,-1,-1,6,1,6
2018548607118,1,9,0,3,0,1,0,0,0,0,1,1,2,2,39,7,1598,1,10,7,1,7
2018548607118,2,9,0,3,0,1,0,0,0,0,2,1,2,1,32,6,1870,2,11,10,1,10
2018548607118,3,9,0,3,0,1,0,0,0,0,2,1,6,2,17,4,998,1,1,9,1,9
2018548607118,4,9,0,18,0,1,1,0,0,0,2,1,2,1,26,6,1598,1,1,8,2,8
2018548629718,1,9,0,7,0,3,0,0,0,0,4,1,2,2,19,4,1388,1,12,6,1,6
2018548631318,1,9,0,9,0,1,0,0,0,0,1,1,6,1,42,7,1598,2,5,10,1,10
2018548631318,2,5,0,18,0,1,0,0,0,0,1,1,6,1,61,9,1050,1,4,10,1,10
2018548631318,3,9,0,3,0,1,0,0,0,0,1,1,6,2,81,11,1598,1,11,8,3,8
2018548653518,1,3,0,18,0,2,0,0,0,0,1,1,6,1,24,5,125,1,2,1,1,1
2018548653518,2,9,0,3,0,2,0,0,0,0,2,1,6,1,35,6,-1,-1,-1,-1,-1,-1
2018548717418,1,9,0,18,0,0,2,0,1,10,3,1,6,1,22,5,1590,1,14,6,2,6