Accident_Index,Vehicle_Reference,Vehicle_Type,Towing_and_Articulation,Vehicle_Manoeuvre,Vehicle_Location-Restricted_Lane,Junction_Location,Skidding_and_Overturning,Hit_Object_in_Carriageway,Vehicle_Leaving_Carriageway,Hit_Object_off_Carriageway,1st_Point_of_Impact,Was_Vehicle_Left_Hand_Drive?,Journey_Purpose_of_Driver,Sex_of_Driver,Age_of_Driver,Age_Band_of_Driver,Engine_Capacity_(CC),Propulsion_Code,Age_of_Vehicle,Driver_IMD_Decile,Driver_Home_Area_Type,Vehicle_IMD_Decile
2018548717418,2,9,0,18,0,0,0,0,0,0,4,1,6,2,44,7,1497,8,-1,2,1,2
2018548728418,1,9,0,18,0,0,0,0,0,0,1,1,6,1,40,7,1598,2,7,9,1,9
2018548728418,2,9,0,4,0,0,0,0,0,0,2,1,6,1,37,7,1461,2,7,9,1,9
2018548730818,1,9,0,18,0,0,1,0,1,7,1,1,6,1,23,5,1598,1,12,-1,1,-1
2018548730818,2,9,0,18,0,0,0,11,0,0,1,1,6,2,35,6,1995,2,6,5,1,5
2018548738218,1,4,0,18,0,1,2,0,0,0,0,1,6,2,58,9,883,1,9,6,3,6
2018548738218,2,90,0,18,0,8,0,0,0,0,0,1,1,1,28,6,-1,-1,-1,-1,3,-1
2018548738318,1,97,0,11,0,8,2,10,4,1,1,1,6,1,57,9,-1,-1,-1,7,3,7
2018548738318,2,9,0,18,0,8,0,0,0,0,4,1,6,1,39,7,1798,2,8,7,3,7
2018548749918,1,9,0,18,0,1,0,0,0,0,3,1,6,1,59,9,1896,2,10,9,1,9
2018548749918,2,9,0,5,0,8,0,0,0,0,1,1,6,2,42,7,1997,2,7,8,2,8
2018548752618,1,9,0,5,0,1,0,0,0,0,1,1,1,2,66,10,1364,1,3,6,1,6
2018548752618,2,9,0,18,0,1,0,0,0,0,4,1,1,2,26,6,1461,2,5,1,1,1
2018548756218,1,9,0,18,0,1,0,0,0,0,1,1,6,2,86,11,1200,1,6,8,1,8
2018548756218,2,9,0,10,0,1,0,0,0,0,2,1,6,1,36,7,1598,1,14,8,1,8
2018548757918,1,9,0,18,0,8,0,0,0,0,3,1,6,1,71,10,1399,1,14,4,1,4
2018548757918,2,9,0,9,0,8,0,0,0,0,1,1,6,1,25,5,1998,1,18,9,1,9
2018548799718,1,9,0,18,0,8,1,0,0,0,4,1,6,2,55,8,1781,1,20,1,1,1
2018548799718,2,9,0,3,0,8,0,0,0,0,3,1,6,2,25,5,1968,2,4,7,-1,7
2018548814818,1,9,0,18,0,0,0,0,1,6,3,1,1,1,61,9,1499,1,1,-1,1,-1
2018548814818,2,9,0,18,0,0,0,0,0,0,2,1,1,1,25,5,1995,2,3,8,1,8
2018548814818,3,9,0,18,0,0,0,0,1,0,2,1,1,1,55,8,2290,1,16,3,1,3
2018548814818,4,21,1,18,0,0,0,0,1,0,3,1,1,1,53,8,10677,2,3,-1,-1,-1
2018548830118,1,9,0,1,0,0,0,0,0,0,2,1,6,2,71,10,1582,2,9,6,3,6
2018548835618,1,21,1,9,0,6,0,0,0,0,1,2,1,1,44,7,-1,-1,-1,-1,-1,-1
2018548835618,2,90,0,18,0,1,5,10,1,2,2,1,1,1,52,8,-1,-1,-1,7,1,7
2018548835618,3,9,0,2,0,1,0,10,0,0,1,1,6,1,-1,-1,1798,1,6,-1,-1,-1
2018548849018,1,9,0,5,0,2,0,0,0,0,3,1,2,1,28,6,1395,1,1,7,2,7
2018548849018,2,19,0,18,0,1,0,0,0,0,1,1,1,1,51,8,2198,2,4,3,1,3
2018548889518,1,9,0,9,0,6,1,0,0,0,3,1,6,1,82,11,995,1,13,5,2,5
2018548889518,2,19,4,18,0,8,1,0,1,0,1,1,1,1,42,7,2495,2,27,-1,-1,-1
2018548892418,1,9,0,16,0,0,1,10,1,10,2,1,6,1,49,8,3246,1,10,7,1,7
2018548904118,1,3,0,18,0,1,0,0,0,0,4,1,2,1,20,4,124,1,-1,9,1,9
2018548904118,2,9,0,10,0,1,0,0,0,0,3,1,6,1,67,10,1560,2,12,5,1,5
2018548911418,1,9,0,18,0,0,0,0,0,0,1,1,2,1,39,7,1590,1,17,7,1,7
2018548911418,2,1,0,5,0,0,0,0,0,0,3,1,2,1,20,4,-1,-1,-1,2,1,2
2018548918518,1,-1,0,17,0,1,0,0,0,0,4,1,6,3,-1,-1,-1,-1,-1,-1,-1,-1
2018548918518,2,1,0,17,0,1,1,0,0,0,3,1,2,1,59,9,-1,-1,-1,10,3,10
2018548940718,1,9,0,18,0,1,0,0,0,0,1,1,1,1,32,6,1995,2,2,2,1,2
2018548940718,2,1,0,18,0,6,0,0,0,0,3,1,6,1,9,2,-1,-1,-1,9,2,9
2018548943618,1,21,0,17,0,0,0,0,0,0,3,1,1,1,52,8,6700,2,2,4,2,4
2018548943618,2,9,0,16,0,0,1,0,7,4,3,1,2,1,20,4,1997,2,12,9,2,9
2018548944018,1,9,0,18,0,0,2,0,7,9,3,1,6,1,47,8,1490,1,13,9,2,9
2018548944018,2,-1,0,18,0,0,0,0,0,0,0,1,6,3,-1,-1,-1,-1,-1,-1,-1,-1
2018548948318,1,9,0,9,0,6,0,0,1,0,3,1,6,2,89,11,1390,1,16,9,2,9
2018548948318,2,9,0,18,0,1,0,0,0,0,4,1,6,1,25,5,2698,2,10,5,1,5
2018548953418,1,9,0,2,0,0,0,0,1,11,1,1,6,2,74,10,1597,2,1,5,1,5
2018548959118,1,9,0,16,0,3,1,0,1,2,3,1,6,2,20,4,1328,1,14,5,2,5
2018548959718,1,9,0,3,0,0,0,0,0,0,2,1,6,1,41,7,1956,2,5,-1,1,-1
2018548959718,2,9,0,4,0,0,1,0,0,0,1,1,6,1,21,5,1360,1,17,6,1,6
2018548980518,1,9,0,18,0,0,0,0,0,0,3,1,6,1,35,6,1388,1,7,5,2,5
2018549009818,1,9,0,17,0,0,0,0,0,0,1,1,2,2,23,5,1395,1,1,7,2,7
2018549020818,1,22,0,18,0,8,5,0,0,0,2,1,6,1,65,9,-1,-1,-1,1,1,1
2018549020818,2,9,0,16,0,8,0,0,0,0,1,1,6,1,29,6,1753,2,15,6,-1,6
2018549027018,1,19,0,18,0,0,0,0,1,7,1,1,1,1,35,6,2999,2,9,8,1,8
2018549029618,1,9,0,9,0,8,0,0,0,0,1,1,6,1,62,9,2231,2,11,7,3,7
2018549034618,1,1,0,18,0,8,0,0,0,0,4,1,6,1,31,6,-1,-1,-1,5,1,5
2018549034618,2,9,0,18,0,3,0,0,0,0,1,1,6,2,26,6,2993,2,12,6,-1,6
2018549050918,1,9,0,2,0,0,0,0,0,0,3,1,6,1,86,11,1598,1,9,6,3,6
2018549053018,1,5,0,4,0,0,0,0,0,0,1,1,2,1,59,9,1199,1,2,10,1,10
2018549053018,2,9,0,3,0,0,0,0,0,0,2,1,1,1,46,8,1968,2,-1,8,1,8
2018549079818,1,9,0,1,0,8,0,0,0,0,4,1,6,2,-1,-1,1582,2,3,8,1,8
2018549079818,2,9,0,1,0,8,0,0,0,0,3,1,6,2,28,6,1200,1,2,7,1,7
2018549088118,1,9,0,18,0,1,0,0,0,0,1,1,2,2,40,7,1390,1,12,5,1,5
2018549088118,2,9,0,9,0,7,0,0,0,0,1,1,6,1,48,8,1398,1,7,7,1,7
2018549093418,1,9,0,16,0,1,0,0,0,0,3,1,1,1,19,4,998,1,11,8,2,8
2018549093418,2,9,0,18,0,1,0,0,0,0,3,1,6,2,53,8,998,1,15,8,2,8
2018549094318,1,9,0,9,0,1,0,0,0,0,1,1,6,2,61,9,1461,2,-1,-1,-1,-1
2018549094318,2,9,0,18,0,1,0,0,0,0,1,1,6,2,61,9,1495,1,11,8,2,8
2018549095718,1,-1,0,17,0,1,0,0,0,0,3,1,6,3,-1,-1,-1,-1,-1,-1,-1,-1
2018549095718,2,9,0,17,0,1,0,0,0,0,3,1,6,2,44,7,1998,1,14,7,1,7
2018549095718,3,9,0,17,0,1,0,0,0,0,1,1,6,1,59,9,1896,2,16,9,1,9
2018549104218,1,3,0,14,0,1,2,0,7,0,4,1,6,1,20,4,-1,-1,-1,8,3,8
2018549104218,2,9,0,9,0,5,0,0,0,0,3,1,6,1,43,7,1769,1,14,10,1,10
2018549107318,1,9,0,18,0,4,0,0,0,0,3,1,6,1,48,8,1896,2,15,8,3,8
2018549107318,2,1,0,18,0,8,0,0,0,0,1,1,6,2,43,7,-1,-1,-1,8,2,8
2018549112418,1,9,0,18,0,0,0,0,1,0,1,1,6,3,-1,-1,2597,1,16,-1,-1,-1
2018549112418,2,9,0,2,6,0,0,0,0,0,2,1,6,3,-1,-1,998,1,12,-1,-1,-1
2018549121018,1,19,0,9,0,8,0,0,0,0,1,1,1,1,68,10,2198,2,-1,2,1,2
2018549121018,2,9,0,18,0,8,1,0,0,0,1,1,6,2,17,4,1397,1,10,10,1,10
2018549121018,3,9,0,18,0,8,0,0,0,0,3,1,6,2,49,8,2687,1,13,10,2,10
2018549125718,1,19,0,7,0,8,5,0,0,0,3,1,6,3,-1,-1,1997,2,13,-1,-1,-1
2018549125718,2,1,0,18,0,8,0,0,0,0,4,1,6,1,19,4,-1,-1,-1,10,3,10
2018549125818,1,19,0,18,0,1,0,0,0,0,1,1,6,2,40,7,-1,-1,-1,2,1,2
2018549125818,2,9,0,3,0,2,0,0,0,0,2,1,1,1,31,6,-1,-1,-1,-1,1,-1
2018549142618,1,3,0,18,0,0,2,0,0,0,0,1,6,1,31,6,-1,-1,-1,4,1,4
2018549151218,1,9,0,18,0,0,2,0,1,0,1,1,2,1,38,7,1991,2,10,9,3,9
2018549181918,1,9,0,9,0,8,0,0,0,0,1,1,2,1,33,6,-1,-1,-1,6,3,6
2018549181918,2,1,0,18,0,1,0,0,0,0,1,1,6,1,19,4,-1,-1,-1,6,3,6
2018549181918,3,9,0,3,0,1,0,0,0,0,3,1,6,1,48,8,-1,-1,-1,9,1,9
2018549193718,1,9,0,18,0,8,2,0,0,0,3,1,6,1,62,9,-1,-1,-1,7,1,7
2018549195218,1,9,0,18,0,3,0,0,0,0,1,1,6,1,34,6,1896,2,13,2,1,2
2018549195218,2,1,0,18,0,6,0,0,0,0,3,1,6,1,9,2,-1,-1,-1,1,1,1
2018549199618,1,9,0,18,0,0,0,11,1,9,1,1,6,2,58,9,1388,1,7,8,1,8
2018549204218,1,9,0,18,0,1,0,11,1,1,4,1,6,1,51,8,-1,-1,-1,7,1,7
2018549226518,1,9,0,4,0,0,0,0,0,0,1,1,6,1,35,6,1596,1,13,5,1,5
2018549226518,2,9,0,4,0,0,0,0,0,0,2,1,6,1,50,8,2490,1,16,10,1,10
2018549226518,3,9,0,4,0,0,0,0,0,0,2,1,6,1,85,11,1781,1,17,-1,-1,-1
2018549226518,4,9,0,4,0,0,0,0,0,0,1,1,6,2,71,10,2143,2,2,7,1,7
2018549226518,5,9,0,4,0,0,0,0,0,0,1,1,6,2,70,10,1398,1,8,10,2,10
2018549239118,1,9,0,13,0,0,0,0,0,0,4,1,6,1,-1,-1,-1,-1,-1,-1,-1,-1
2018549239118,2,1,0,18,0,0,0,0,1,0,1,1,6,1,13,3,-1,-1,-1,8,1,8
2018549256018,1,9,0,13,0,0,0,0,0,0,3,1,6,1,80,11,1951,2,17,3,1,3
2018549256018,2,19,0,13,0,0,5,0,7,10,4,1,1,1,45,7,1995,2,9,6,2,6
2018549278318,1,9,0,18,0,0,0,0,0,0,1,1,2,1,26,6,1984,1,-1,8,1,8
2018549298918,1,9,0,1,0,0,0,0,0,0,0,1,1,1,50,8,-1,-1,-1,-1,-1,-1
2018549298918,2,1,0,1,0,0,0,0,0,0,2,1,6,1,59,9,-1,-1,-1,9,2,9
2018549298918,3,1,0,1,0,0,0,0,0,0,1,1,6,1,44,7,-1,-1,-1,9,1,9
2018549333918,1,9,0,18,0,8,0,0,0,0,1,1,1,2,22,5,1198,1,11,10,1,10
2018549333918,2,9,0,7,0,8,0,0,0,0,3,1,6,1,79,11,1399,1,1,-1,-1,-1
2018549335418,1,11,0,5,2,8,0,0,0,0,0,1,1,1,53,8,9000,2,4,7,1,7
2018549343718,1,9,0,18,0,0,0,0,0,0,1,1,1,1,19,4,1896,2,17,7,1,7
2018549351818,1,9,0,18,0,0,0,0,1,7,4,1,6,1,68,10,1983,1,3,3,1,3
2018549351818,2,21,0,18,0,0,0,0,0,0,4,1,6,1,49,8,12902,2,-1,-1,3,-1
2018549371718,1,9,0,9,0,1,5,0,0,0,1,1,1,1,38,7,1399,2,10,9,2,9
2018549371718,2,9,0,18,0,1,0,0,0,0,4,1,1,2,37,7,2179,2,9,9,2,9
2018549391218,1,19,0,18,0,2,0,0,0,0,4,1,6,3,-1,-1,-1,-1,-1,-1,-1,-1
2018549409918,1,3,0,9,0,8,2,0,0,0,1,1,6,1,19,4,125,1,1,2,1,2
2018549409918,2,9,0,3,0,1,0,0,0,0,3,1,2,2,29,6,1686,2,4,9,1,9
2018549411218,1,9,0,5,0,8,0,0,0,0,1,1,6,1,31,6,1328,1,9,5,1,5
2018549411218,2,1,0,9,0,8,5,0,0,0,4,1,6,1,14,3,-1,-1,-1,8,1,8
2018549423418,1,9,0,18,0,0,0,0,0,0,1,1,6,1,34,6,1997,2,6,9,1,9
2018549423418,2,1,0,3,0,0,0,0,0,0,2,1,6,2,34,6,-1,-1,-1,7,3,7
2018549442018,1,9,0,11,0,0,0,0,0,0,4,1,6,1,48,8,1984,2,5,3,1,3
2018549442018,2,9,0,18,0,0,0,0,0,0,3,1,6,1,48,8,1997,8,2,9,1,9
2018549457918,1,9,0,7,0,3,1,0,1,2,4,1,2,2,56,9,1598,1,15,6,1,6
2018549462118,1,9,0,18,0,0,0,0,0,0,1,1,6,2,69,10,1596,1,12,8,1,8
2018549462118,2,9,0,2,0,0,0,0,0,0,2,1,6,3,-1,-1,1796,1,10,-1,-1,-1
2018549462118,3,9,0,2,0,0,0,0,0,0,1,1,6,3,-1,-1,973,1,16,-1,-1,-1
2018549462718,1,9,0,18,0,0,2,0,1,2,1,1,6,2,59,9,1798,1,8,7,2,7
2018549492018,1,9,0,18,0,0,0,0,7,0,1,1,6,1,-1,-1,1997,2,2,7,1,7
2018549492018,2,5,0,18,0,0,0,0,1,11,3,1,6,1,52,8,1731,1,7,-1,-1,-1
2018549506118,1,9,0,1,0,0,0,0,0,0,2,1,6,1,43,7,2400,2,9,-1,-1,-1
2018549519918,1,9,0,7,0,2,0,0,0,0,2,1,6,1,55,8,1198,1,10,-1,-1,-1
2018549519918,2,9,0,8,0,2,0,0,0,0,1,1,6,1,21,5,1242,1,7,9,1,9
2018549534618,1,21,1,2,0,0,0,0,0,0,3,1,1,1,40,7,11705,2,8,3,2,3
2018549534618,2,19,0,14,0,0,0,0,0,0,4,1,1,1,35,6,1995,2,1,10,1,10
2018549538118,1,3,0,17,0,0,5,10,0,0,4,1,6,2,41,7,125,1,11,3,1,3
2018549539818,1,9,0,9,0,8,0,0,0,0,4,1,6,2,31,6,1299,1,13,5,1,5
2018549539818,2,9,0,18,0,4,0,0,0,0,1,1,6,1,52,8,2435,1,16,3,1,3
2018549560318,1,9,0,9,0,2,0,0,0,0,3,1,1,1,54,8,-1,-1,-1,7,1,7
2018549560318,2,1,0,18,0,1,0,0,0,0,1,1,2,1,51,8,-1,-1,-1,5,1,5
2018549560818,1,9,0,18,0,8,0,0,0,0,3,1,2,1,54,8,1197,1,4,8,3,8
2018549560818,2,4,0,18,0,8,0,0,0,0,4,1,2,1,22,5,689,1,3,8,1,8
2018549561718,1,9,0,18,0,8,0,0,0,0,3,1,6,2,61,9,1248,2,4,1,1,1
2018549561718,2,9,0,9,0,8,0,0,0,0,1,1,6,2,18,4,1149,1,16,9,2,9
2018549574918,1,9,0,18,0,4,0,0,0,0,3,1,1,2,53,8,1956,2,3,9,1,9
2018549574918,2,5,0,18,0,8,0,0,0,0,4,1,1,1,40,7,1293,1,7,8,3,8
2018549583118,1,9,0,18,0,4,0,0,0,0,3,1,6,1,65,9,1248,2,-1,6,3,6
2018549583118,2,1,0,18,0,8,0,0,0,0,1,1,6,1,48,8,-1,-1,-1,9,3,9
2018549587618,1,9,0,1,0,8,0,0,0,0,2,1,2,2,33,6,1781,1,14,9,1,9
2018549587618,2,1,0,11,0,8,0,0,0,0,1,1,2,1,18,4,-1,-1,-1,1,1,1
2018549588318,1,9,0,18,0,0,0,0,0,0,4,1,6,3,-1,-1,-1,-1,-1,-1,-1,-1
2018549588318,2,1,0,18,0,0,5,0,0,0,3,1,6,1,52,8,-1,-1,-1,4,1,4
2018549592318,1,9,0,5,0,6,0,0,0,0,1,1,1,2,46,8,1496,2,3,9,3,9
2018549592318,2,19,0,3,0,2,0,0,0,0,1,1,1,1,54,8,1968,2,3,6,3,6
2018549592318,3,9,0,18,0,8,1,0,0,0,1,1,6,2,51,8,1395,1,1,9,3,9
2018549598118,1,22,0,18,9,8,0,0,0,0,1,1,6,2,57,9,-1,-1,-1,2,1,2
2018549601418,1,9,0,18,0,0,0,0,2,3,4,1,6,2,53,8,1598,2,4,7,3,7
2018549601418,2,9,0,18,0,0,0,0,1,0,3,1,2,1,56,9,1956,2,5,9,1,9
2018549607918,1,9,0,16,0,2,2,10,0,0,3,1,6,1,20,4,1984,1,9,5,1,5
2018549612418,1,9,0,4,0,0,0,0,0,0,1,1,2,1,21,5,1968,2,11,5,1,5
2018549612418,2,9,0,3,0,0,0,0,0,0,2,1,2,2,20,4,1198,1,8,8,1,8
2018549612418,3,9,0,3,0,0,0,0,0,0,2,1,2,2,20,4,999,1,8,9,1,9
2018549612418,4,19,0,3,0,0,0,0,0,0,2,1,2,1,42,7,1996,2,7,3,1,3
2018549623218,1,3,0,17,0,8,1,0,0,0,3,1,6,1,18,4,125,1,-1,9,1,9
2018549639318,1,9,0,3,0,2,0,0,0,0,2,1,6,2,24,5,1598,1,16,8,1,8
2018549639318,2,9,0,18,0,1,0,0,0,0,1,1,6,2,55,8,1339,1,5,5,1,5
2018549639818,1,9,0,10,0,2,0,0,0,0,1,1,2,1,29,6,1686,2,5,8,1,8
2018549639818,2,9,0,18,0,1,0,0,0,0,2,1,2,1,38,7,2993,2,3,9,3,9
2018549659518,1,3,0,17,0,0,2,0,1,9,1,1,1,1,26,6,124,1,11,9,3,9
2018549668118,1,9,0,17,0,2,1,0,0,0,1,1,6,1,61,9,1242,1,10,4,1,4
2018549668118,2,9,0,16,0,2,0,0,0,0,1,1,6,1,65,9,1497,8,1,6,1,6
2018549682118,1,9,0,18,0,2,0,0,0,0,1,1,6,1,49,8,1598,2,6,6,1,6
2018549682118,2,9,0,3,0,2,0,0,0,0,2,1,6,1,50,8,1600,1,12,8,1,8
2018549682118,3,9,0,3,0,2,0,0,0,0,2,1,6,1,31,6,1461,2,2,5,1,5
2018549682118,4,9,0,3,0,2,0,0,0,0,2,1,6,1,31,6,1753,2,10,7,3,7
2018549684518,1,8,0,9,0,1,0,0,0,0,3,1,6,1,34,6,1910,2,12,4,1,4
2018549684518,2,3,0,18,0,1,0,0,0,0,4,1,6,1,22,5,124,1,9,9,3,9
2018549687018,1,9,0,18,0,0,0,10,0,0,0,1,6,3,-1,-1,-1,-1,-1,-1,-1,-1
2018549687018,2,1,0,18,9,0,5,0,0,0,0,1,6,1,13,3,-1,-1,-1,7,1,7
2018549691918,1,9,0,18,0,8,1,0,0,0,1,1,6,1,22,5,1975,1,13,8,3,8
2018549691918,2,9,0,3,0,1,0,0,0,0,3,1,6,2,69,10,1596,1,7,7,1,7
2018549700918,1,9,0,18,0,0,1,0,0,0,4,1,6,1,22,5,1998,1,14,5,1,5
2018549700918,2,9,0,18,0,0,0,0,0,0,1,1,6,1,68,10,1798,1,3,7,3,7
2018549704018,1,9,0,18,0,1,1,7,1,3,1,1,6,1,36,7,-1,-1,-1,6,1,6
2018549704018,2,9,0,2,0,1,0,0,0,0,3,1,6,1,-1,-1,1896,2,11,-1,-1,-1
2018549704618,1,9,0,3,0,1,0,0,0,0,2,1,6,2,27,6,1796,1,16,3,2,3
2018549704618,2,9,0,18,0,1,0,0,0,0,1,1,6,1,21,5,1596,1,11,4,1,4
2018549720118,1,19,0,18,0,0,0,0,0,0,1,1,6,1,36,7,2198,2,4,7,1,7
2018549720118,2,1,0,18,0,0,0,0,0,0,2,1,6,1,49,8,-1,-1,-1,7,1,7
2018549742018,1,9,0,18,0,0,0,0,7,0,3,1,6,2,49,8,1598,1,7,-1,-1,-1
2018549751518,1,9,0,16,0,0,1,0,7,10,1,1,6,2,29,6,1242,1,13,10,1,10
2018549751518,2,9,0,17,0,0,0,0,0,0,0,1,6,1,-1,-1,-1,-1,-1,-1,-1,-1
2018549753618,1,22,0,18,9,0,0,0,0,0,1,1,6,1,87,11,-1,-1,-1,7,1,7
2018549759718,1,9,0,17,0,1,0,0,0,0,4,1,6,1,-1,-1,2199,2,7,8,1,8
2018549778818,1,9,0,18,0,2,5,0,0,0,4,1,6,1,22,5,1598,1,5,6,2,6
2018549778818,2,9,0,2,0,1,0,0,0,0,3,1,6,3,-1,-1,1595,1,8,-1,-1,-1
2018549782018,1,9,0,18,0,0,0,0,0,0,2,1,2,1,38,7,1968,2,2,4,1,4
2018549782018,2,9,0,18,0,0,0,0,0,0,1,1,2,2,22,5,1364,1,10,8,1,8
2018549782018,3,9,0,18,0,0,0,0,0,0,1,1,2,1,29,6,-1,-1,-1,3,1,3
2018549782018,4,19,0,18,0,0,0,0,0,0,2,1,2,2,62,9,-1,-1,-1,6,1,6
2018549782018,5,9,0,18,0,0,0,0,0,0,1,1,2,1,41,7,1242,1,14,9,1,9
2018549783318,1,4,0,18,0,1,5,0,0,0,1,1,2,1,20,4,349,1,19,9,2,9
2018549783318,2,9,0,9,0,2,0,0,0,0,3,1,2,1,53,8,1968,2,4,4,2,4
2018549786918,1,9,0,12,0,1,0,0,0,0,4,1,2,1,23,5,999,1,1,8,1,8
2018549786918,2,3,0,12,0,1,1,10,4,0,3,1,2,1,18,4,124,1,10,7,-1,7
2018549804318,1,21,1,1,0,6,0,0,0,0,2,1,1,1,44,7,6693,2,5,9,1,9
2018549804318,2,9,0,18,0,1,0,0,0,0,1,1,6,1,23,5,1229,1,8,6,1,6
2018549816718,1,9,0,18,0,0,1,0,6,7,1,1,2,2,57,9,698,1,15,10,1,10
2018549834118,1,9,0,18,0,0,1,0,7,4,1,1,6,2,76,11,1391,1,16,10,3,10
2018549845518,1,19,0,7,0,8,0,0,0,0,1,1,1,1,20,4,-1,-1,-1,6,1,6
2018549845518,2,9,0,18,0,8,0,0,7,1,4,1,2,2,40,7,1560,2,3,8,1,8
2018549853318,1,4,0,18,0,1,1,0,0,0,2,1,6,1,27,6,125,1,1,6,1,6
2018549853318,2,9,0,18,0,1,0,0,0,0,1,1,6,3,-1,-1,-1,-1,-1,-1,-1,-1
2018549885518,1,5,0,18,0,0,2,0,0,0,2,1,6,1,21,5,847,1,-1,6,3,6
2018549891218,1,9,0,18,0,0,0,0,0,0,1,1,6,1,80,11,998,1,13,6,1,6
2018549891218,2,9,0,4,0,0,1,0,4,0,2,1,6,1,36,7,1598,1,7,5,1,5
2018549891218,3,9,0,4,0,0,0,0,0,0,2,1,6,1,33,6,1422,2,13,10,1,10
2018549895818,1,9,0,18,0,1,0,12,0,0,1,1,6,1,56,9,1248,1,4,7,3,7
2018549929518,1,9,0,18,0,0,0,0,7,4,1,1,3,2,32,6,1398,2,6,2,1,2
2018549957718,1,9,0,18,0,1,0,0,0,0,1,1,6,1,72,10,1248,1,5,8,1,8
2018549961018,1,9,0,18,0,2,0,7,0,0,1,1,6,1,78,11,1994,1,15,8,1,8
2018549961018,2,9,0,3,0,2,0,0,0,0,2,1,2,1,45,7,1396,1,8,7,1,7
2018549961018,3,9,0,3,0,2,0,0,0,0,2,1,2,2,25,5,1362,1,6,5,1,5
2018549964118,1,9,0,18,0,0,0,0,0,0,1,1,6,2,19,4,998,1,8,10,1,10
2018549964118,2,9,0,18,0,0,0,0,0,0,1,1,6,1,59,9,1248,1,2,7,1,7
2018549964118,3,9,0,18,0,0,0,0,0,0,1,1,6,1,33,6,1968,2,2,9,1,9
2018549978418,1,9,0,18,0,0,2,0,1,4,3,1,6,1,18,4,1998,1,11,6,3,6
201854A020718,1,19,0,17,0,0,2,0,1,9,1,1,6,1,35,6,1753,2,11,7,3,7
201854A043318,1,9,0,18,0,0,0,0,0,0,1,1,6,2,40,7,2521,1,12,7,1,7
201854A043318,2,9,0,3,0,0,0,0,0,0,2,1,6,1,31,6,1996,1,2,3,1,3
201854A049318,1,9,0,18,0,2,0,0,0,0,1,1,1,1,21,5,1598,1,-1,6,3,6
201854A049318,2,9,0,18,0,1,0,0,0,0,4,1,2,1,56,9,1995,2,1,9,3,9
201854A056218,1,9,0,16,0,0,0,0,0,0,1,1,6,2,49,8,1200,1,-1,-1,-1,-1
201854A056218,2,9,0,17,0,0,1,0,0,0,2,1,1,1,26,6,-1,-1,-1,10,2,10
201854A081118,1,9,0,18,0,1,0,0,0,0,1,1,6,2,31,6,1560,2,4,9,1,9
201854A081118,2,9,0,3,0,1,0,0,0,0,2,1,6,1,59,9,1587,1,13,5,1,5
201854A105418,1,9,0,18,0,1,0,0,0,0,1,1,6,1,80,11,1398,1,7,7,2,7
201854A105418,2,9,0,4,0,1,0,0,0,0,2,1,6,1,60,9,1598,1,5,6,2,6
201854A110118,1,19,0,1,0,8,0,0,0,0,2,1,6,1,46,8,-1,-1,-1,1,1,1
201854A111018,1,9,0,18,0,2,5,0,2,4,1,1,1,1,60,9,1968,2,12,8,3,8
201854A144518,1,19,0,3,0,0,0,0,0,0,1,1,2,1,18,4,1968,2,1,8,1,8
201854A144518,2,9,0,18,0,0,0,0,0,0,2,1,2,1,49,8,2967,12,1,7,3,7
201854A171118,1,9,0,18,0,0,1,0,0,0,1,1,6,1,64,9,999,1,-1,-1,-1,-1
201854A171118,2,9,0,3,0,0,0,0,0,0,2,1,6,1,83,11,1398,1,-1,8,3,8
201854A171118,3,9,0,3,0,0,0,0,0,0,2,1,6,1,72,10,1997,1,17,8,2,8
201854A178418,1,98,0,5,0,2,0,0,0,0,1,1,1,1,37,7,-1,-1,-1,7,-1,7
201854A223118,1,9,0,18,0,0,0,0,0,0,1,1,6,1,19,4,1596,1,11,8,3,8
201854A223118,2,19,0,1,0,0,0,0,0,0,2,1,6,1,61,9,1560,2,1,2,1,2
201854A227918,1,9,0,18,0,0,0,0,0,0,1,1,1,2,57,9,1399,1,10,7,3,7
201854A227918,2,9,0,18,0,0,0,0,0,0,2,1,1,2,26,6,998,1,1,9,2,9
201854A232818,1,9,0,16,0,0,5,0,0,0,1,1,6,1,42,7,1999,1,13,4,1,4
201854A232818,2,21,1,17,0,0,0,0,0,0,1,1,1,1,53,8,12419,2,1,6,3,6
201854A237518,1,9,0,17,0,0,2,0,1,4,3,1,2,1,22,5,1461,2,11,4,1,4
201854A253318,1,9,0,16,0,0,0,0,0,0,1,1,6,2,74,10,1197,1,1,4,1,4
201854A253318,2,9,0,17,0,0,0,0,0,0,1,1,6,2,67,10,1398,1,3,4,2,4
201854A256318,1,9,0,18,0,8,0,0,0,0,1,1,6,1,34,6,-1,-1,-1,6,1,6
201854A261918,1,9,0,9,0,8,0,0,0,0,3,1,6,2,40,7,998,1,-1,8,1,8
201854A261918,2,9,0,18,0,1,0,0,0,0,1,1,6,1,58,9,2926,2,14,4,1,4
201854A265118,1,9,0,18,0,2,0,0,0,0,1,1,6,3,-1,-1,1398,1,7,-1,-1,-1
201854A277518,1,2,0,18,0,4,0,0,0,0,3,1,6,1,17,4,49,1,9,5,1,5