Accident_Index,Vehicle_Reference,Vehicle_Type,Towing_and_Articulation,Vehicle_Manoeuvre,Vehicle_Location-Restricted_Lane,Junction_Location,Skidding_and_Overturning,Hit_Object_in_Carriageway,Vehicle_Leaving_Carriageway,Hit_Object_off_Carriageway,1st_Point_of_Impact,Was_Vehicle_Left_Hand_Drive?,Journey_Purpose_of_Driver,Sex_of_Driver,Age_of_Driver,Age_Band_of_Driver,Engine_Capacity_(CC),Propulsion_Code,Age_of_Vehicle,Driver_IMD_Decile,Driver_Home_Area_Type,Vehicle_IMD_Decile
201854B564818,2,3,0,18,0,1,1,0,0,0,0,1,6,1,17,4,125,1,3,5,3,5
201854B566318,1,9,0,18,0,2,0,0,1,0,1,1,6,1,70,10,1796,1,8,6,3,6
201854B566318,2,19,0,18,0,2,0,0,1,1,2,1,6,1,59,9,1560,2,5,6,3,6
201854B571118,1,9,0,9,0,1,0,0,0,0,3,1,6,1,70,10,-1,-1,-1,5,1,5
201854B571118,2,9,0,18,0,1,0,0,0,0,1,1,6,1,86,11,1598,1,16,9,3,9
201854B581518,1,9,0,18,0,0,5,0,0,0,1,1,2,1,17,4,1242,1,10,10,1,10
201854B594018,1,11,0,18,0,0,0,0,0,0,-1,1,1,1,52,8,7300,2,8,6,3,6
201854B610518,1,9,0,12,0,0,0,0,0,0,1,1,6,1,71,10,1596,1,5,2,1,2
201854B610518,2,3,0,18,0,0,0,0,0,0,1,1,6,1,44,7,124,1,10,2,1,2
201854B612718,1,9,0,18,0,0,0,0,0,0,1,1,6,1,60,9,998,1,2,5,2,5
201854B628218,1,5,0,9,0,8,0,0,0,0,3,1,6,1,52,8,645,1,-1,8,2,8
201854B628218,2,9,0,18,0,8,0,0,0,0,1,1,6,2,53,8,1390,1,17,4,1,4
201854B651718,1,9,0,18,0,1,0,0,0,0,1,1,6,1,35,6,1086,1,8,9,1,9
201854B651718,2,9,0,4,0,1,0,0,0,0,2,1,6,1,37,7,1753,2,11,4,1,4
201854B651718,3,9,0,4,0,1,0,0,0,0,0,1,1,1,40,7,1997,2,1,7,1,7
201854B652118,1,5,0,18,0,8,2,0,0,0,4,1,6,1,26,6,599,1,19,5,3,5
201854B653618,1,9,0,18,0,7,0,0,0,0,1,1,6,1,54,8,2993,2,7,7,3,7
201854B653618,2,9,0,3,0,7,0,0,0,0,2,1,6,2,35,6,-1,-1,-1,7,-1,7
201854B658318,1,9,0,16,0,0,5,0,1,11,1,1,6,2,64,9,1390,1,16,7,2,7
201854B661218,1,9,0,4,0,8,0,0,0,0,1,1,6,1,54,8,-1,-1,-1,6,1,6
201854B661218,2,9,0,4,0,8,0,0,0,0,2,1,6,1,77,11,1969,1,-1,7,3,7
201854B661218,3,9,0,4,0,8,0,0,0,0,2,1,6,2,43,7,1398,1,4,7,1,7
201854B661218,4,9,0,18,0,8,0,0,0,0,2,1,6,1,56,9,1995,2,6,10,1,10
201854B681018,1,9,0,5,0,1,0,0,0,0,1,1,6,2,57,9,1242,1,4,6,1,6
201854B683718,1,21,1,18,0,0,0,0,0,0,0,1,1,1,41,7,9200,2,9,2,1,2
201854B683718,2,19,0,18,0,0,0,11,0,0,1,1,1,1,47,8,2287,2,4,8,3,8
201854B695118,1,5,0,5,0,8,0,0,0,0,3,1,2,2,20,4,599,1,8,10,1,10
201854B695118,2,9,0,18,0,8,0,0,0,0,1,1,2,1,44,7,1598,2,1,7,2,7
201854B696618,1,9,0,18,0,0,0,0,0,0,1,1,2,1,31,6,1560,2,4,2,1,2
201854B721818,1,9,0,18,0,1,0,0,0,0,4,1,6,2,46,8,1995,2,2,9,1,9
201854B721818,2,19,0,18,0,1,0,0,0,0,1,1,6,1,48,8,1995,2,2,9,1,9
201854B729518,1,9,0,18,0,0,1,0,7,10,1,1,6,1,51,8,2700,1,15,9,1,9
201854B731918,1,9,0,18,0,0,0,0,0,0,3,1,6,1,21,5,1598,2,4,7,3,7
201854B745718,1,9,0,5,0,1,0,0,0,0,3,1,6,1,34,6,1199,1,14,10,1,10
201854B745718,2,9,0,18,0,1,0,0,0,0,1,1,6,2,44,7,1149,1,14,5,1,5
201854B757918,1,9,0,18,0,1,0,0,0,0,4,1,6,2,81,11,1398,1,5,8,1,8
201854B757918,2,1,0,18,0,1,0,0,0,0,1,1,6,2,17,4,-1,-1,-1,8,1,8
201854B764218,1,20,0,9,0,6,0,0,0,0,4,1,1,1,30,6,-1,-1,-1,7,3,7
201854B764218,2,9,0,18,0,1,0,0,0,0,3,1,6,2,19,4,1242,1,5,5,2,5
201854B774218,1,9,0,12,0,0,0,0,0,0,3,1,6,1,26,6,1598,2,-1,8,1,8
201854B774218,2,9,0,18,0,0,0,0,1,0,3,1,6,2,47,8,1390,1,14,5,2,5
201854B774618,1,9,0,4,0,0,0,0,0,0,1,1,6,1,17,4,1399,2,9,4,1,4
201854B774618,2,9,0,4,0,0,0,0,0,0,2,1,6,1,17,4,1598,2,8,9,2,9
201854B781518,1,9,0,18,0,1,0,0,0,0,1,1,6,1,21,5,-1,-1,-1,2,1,2
201854B781518,2,9,0,4,0,1,0,0,0,0,2,1,6,1,37,7,998,1,11,8,-1,8
201854B791318,1,9,0,17,0,0,5,0,0,0,1,1,6,1,91,11,3301,1,13,-1,-1,-1
201854B791318,2,9,0,2,0,0,0,0,0,0,-1,1,6,3,-1,-1,1124,1,8,-1,-1,-1
201854B797118,1,9,0,9,0,6,0,0,0,0,1,1,1,1,51,8,-1,-1,-1,7,1,7
201854B797118,2,1,0,18,0,1,0,0,0,0,4,1,6,1,61,9,-1,-1,-1,6,1,6
201854B807418,1,9,0,7,8,6,0,0,0,0,1,1,6,1,23,5,1781,1,15,6,2,6
201854B807418,2,1,0,18,5,1,0,0,0,0,4,1,6,1,18,4,-1,-1,-1,2,1,2
201854B835618,1,98,0,18,0,0,0,0,0,0,3,1,1,1,37,7,-1,-1,-1,1,1,1
201854B835618,2,21,0,18,0,0,0,0,0,0,3,1,1,2,57,9,12913,2,5,2,1,2
201854B841318,1,9,0,6,0,0,0,0,1,0,2,1,6,1,45,7,1998,1,16,4,2,4
201854B841318,2,9,0,18,0,0,0,0,0,0,1,1,6,1,28,6,1386,1,9,8,2,8
201854B841918,1,9,0,18,0,1,0,0,0,0,1,1,6,1,40,7,1299,1,13,4,1,4
201854B841918,2,9,0,4,0,1,0,0,0,0,2,1,6,1,40,7,-1,-1,-1,7,1,7
201854B841918,3,9,0,4,0,1,0,0,0,0,2,1,6,2,52,8,1618,1,4,10,2,10
201854B844318,1,1,0,18,0,1,0,0,0,0,3,1,6,1,17,4,-1,-1,-1,7,-1,7
201854B844318,2,9,0,18,0,1,0,0,0,0,1,1,6,1,29,6,1896,2,10,4,1,4
201854B849718,1,9,0,18,0,0,0,0,1,2,1,1,6,1,19,4,1596,1,9,6,1,6
201854B859418,1,9,0,9,0,2,0,0,0,0,4,1,6,1,19,4,1390,1,3,3,1,3
201854B859418,2,9,0,18,0,8,0,0,0,0,1,1,6,2,88,11,1197,1,5,-1,-1,-1
201854B861618,1,9,0,18,0,0,1,0,1,4,1,1,6,1,38,7,1560,2,12,5,1,5
201854B865018,1,9,0,18,0,2,0,0,0,0,1,1,6,1,29,6,1968,2,4,7,1,7
201854B865018,2,9,0,10,0,1,0,0,0,0,3,1,6,1,43,7,2995,1,1,9,3,9
201854B865018,3,9,0,14,0,1,0,0,0,0,4,1,1,2,48,8,1360,1,13,6,1,6
201854B868318,1,9,0,18,0,8,0,0,0,0,1,1,6,1,77,11,1796,1,15,6,1,6
201854B868318,2,9,0,18,0,8,0,0,0,0,1,1,6,1,65,9,1999,2,1,3,1,3
201854B875118,1,9,0,18,0,0,0,0,0,0,1,1,6,3,-1,-1,-1,-1,-1,-1,-1,-1
201854B878518,1,9,0,17,0,0,2,0,2,11,4,1,2,2,52,8,2179,2,5,7,3,7
201854B880618,1,19,0,18,0,0,1,0,0,0,1,1,6,1,30,6,1560,2,1,8,3,8
201854B880618,2,9,0,4,0,0,0,0,0,0,2,1,6,2,49,8,1582,2,5,6,3,6
201854B883218,1,9,0,18,0,1,0,0,0,0,1,1,6,1,39,7,1598,1,5,7,2,7
201854B887918,1,9,0,18,0,8,0,0,0,0,1,1,6,2,53,8,1997,2,5,5,1,5
201854B887918,2,9,0,9,0,8,0,0,7,0,1,1,6,2,23,5,1395,1,1,10,1,10
201854B890618,1,22,0,10,9,0,0,0,0,0,1,1,6,1,82,11,-1,-1,-1,9,2,9
201854B890618,2,9,0,18,0,0,0,0,0,0,4,1,6,1,46,8,1597,2,2,5,2,5
201854B891218,1,9,0,13,0,0,1,0,7,4,1,1,6,1,36,7,1994,1,18,8,2,8
201854B897518,1,9,0,18,0,1,0,0,1,11,4,1,6,2,18,4,998,1,1,6,1,6
201854B897518,2,9,0,18,0,1,0,0,0,0,1,1,6,2,52,8,1596,1,16,6,3,6
201854B898618,1,9,0,18,0,0,0,0,1,0,1,1,6,1,32,6,1560,2,6,3,1,3
201854B898618,2,9,0,12,0,0,0,0,0,0,2,1,6,1,49,8,2993,2,5,8,3,8
201854B908118,1,9,0,18,0,0,1,0,7,9,1,1,2,2,58,9,1242,1,11,4,1,4
201854B908218,1,9,0,18,0,0,2,0,7,9,1,1,2,1,58,9,1587,1,13,10,2,10
201854B910618,1,9,0,5,0,1,0,0,0,0,1,1,6,1,47,8,1598,2,2,8,-1,8
201854B910618,2,1,0,18,0,1,0,0,0,0,4,1,6,1,26,6,-1,-1,-1,5,1,5
201854B916918,1,9,0,13,0,0,0,0,0,0,2,1,1,1,69,10,1498,2,-1,6,3,6
201854B916918,2,16,0,18,0,0,0,0,0,0,1,1,6,2,17,4,-1,-1,-1,1,1,1
201854B920918,1,21,0,18,0,1,1,0,0,0,1,1,1,1,52,8,12600,2,14,5,1,5
201854B920918,2,9,0,4,0,1,0,0,0,0,2,1,2,2,61,9,-1,-1,-1,9,1,9
201854B961618,1,9,0,13,0,0,1,0,7,10,1,1,6,1,62,9,4806,1,10,6,3,6
201854B961618,2,9,0,18,0,0,1,0,1,9,2,1,6,2,34,6,1200,1,4,4,1,4
201854B962318,1,9,0,18,0,7,0,0,1,0,1,1,2,2,45,7,1598,1,11,9,1,9
201854B962318,2,9,0,4,0,7,0,0,0,0,2,1,6,1,22,5,1240,1,10,8,1,8
201854B962318,3,9,0,4,0,7,0,0,0,0,4,1,6,1,71,10,1586,1,-1,9,3,9
201854B964118,1,9,0,17,0,2,0,0,0,0,1,1,1,1,18,4,1984,1,18,8,3,8
201854B964118,2,9,0,16,0,1,0,0,0,0,1,1,1,2,47,8,1598,1,5,9,1,9
201854B965218,1,9,0,18,0,2,0,0,0,0,1,1,6,1,44,7,1390,1,12,9,1,9
201854B966418,1,9,0,18,0,0,0,0,0,0,1,1,2,1,39,7,1956,2,7,8,2,8
201854B966418,2,9,0,4,0,0,0,0,0,0,2,1,2,1,29,6,1598,2,5,1,1,1
201854B973118,1,9,0,18,0,0,1,6,0,10,1,1,6,1,30,6,1995,2,5,5,1,5
201854B973618,1,9,0,17,0,0,1,0,8,4,1,1,1,2,33,6,1998,2,12,6,3,6
201854B987818,1,9,0,9,0,6,0,0,0,0,3,1,6,2,69,10,-1,3,-1,10,1,10
201854B987818,2,9,0,18,0,1,0,0,0,0,1,1,6,1,30,6,1198,1,8,5,1,5
201854B988118,1,9,0,18,0,1,1,0,0,0,1,1,6,1,61,9,1580,8,1,8,1,8
201854B988118,2,9,0,4,0,1,0,0,0,0,2,1,6,1,71,10,1560,2,10,9,2,9
201854B988118,3,9,0,4,0,1,0,0,0,0,2,1,6,2,36,7,1997,2,5,8,1,8
201854B997818,1,9,0,1,0,1,0,0,0,0,3,1,6,1,21,5,1390,1,15,1,1,1
201854B997818,2,8,0,9,0,1,0,0,0,0,3,1,6,1,47,8,1968,2,8,2,-1,2
201854C007018,1,9,0,16,0,0,0,0,0,0,0,1,6,3,-1,-1,-1,-1,-1,-1,-1,-1
201854C007018,2,9,0,17,0,0,2,0,1,4,4,1,1,2,44,7,1339,1,16,9,1,9
201854C028418,1,21,5,12,0,1,0,0,0,0,1,1,1,1,22,5,-1,-1,-1,7,1,7
201854C028418,2,9,0,18,0,2,0,0,7,11,1,1,6,1,47,8,1973,1,17,7,2,7
201854C028418,3,9,0,10,0,1,0,0,0,0,0,1,6,2,80,11,1598,1,4,10,2,10
201854C037218,1,9,0,14,0,2,0,0,0,0,1,1,6,1,83,11,1998,1,21,2,1,2
201854C037218,2,9,0,18,0,1,0,0,0,0,1,1,6,2,36,7,1598,1,13,6,-1,6
201854C038318,1,9,0,14,0,0,0,0,0,0,4,1,6,1,82,11,1329,1,9,8,1,8
201854C038318,2,9,0,2,0,0,0,0,0,0,4,1,6,2,33,6,1995,2,2,7,1,7
201854C049818,1,9,0,16,0,0,1,0,7,9,1,1,6,2,24,5,1398,1,2,7,3,7
201854C081518,1,9,0,18,0,0,0,0,0,0,1,1,6,1,-1,-1,1149,1,13,8,1,8
201854C081518,2,1,0,18,0,0,0,0,0,0,4,1,6,1,30,6,-1,-1,-1,5,1,5
201854C082318,1,9,0,18,0,0,0,0,0,0,1,1,6,1,25,5,1995,2,-1,1,1,1
201854C082318,2,9,0,4,0,0,0,0,0,0,2,1,6,1,24,5,1597,1,12,2,1,2
201854C082318,3,9,0,4,0,0,0,0,0,0,2,1,6,2,21,5,1398,2,4,4,1,4
201854C086018,1,9,0,9,0,1,0,0,0,0,3,1,6,2,33,6,1995,1,15,4,1,4
201854C086018,2,9,0,18,0,1,0,0,0,0,1,1,6,2,43,7,1753,2,10,8,1,8
201854C101618,1,9,0,9,-1,2,0,0,0,0,1,1,2,1,49,8,-1,-1,-1,6,1,6
201854C105618,1,9,0,7,0,2,0,0,0,0,1,1,6,1,51,8,-1,-1,-1,2,1,2
201854C105618,2,9,0,3,0,2,0,0,0,0,2,1,6,2,72,10,1495,1,10,6,1,6
201854C114218,1,9,0,18,0,1,0,0,0,0,1,1,6,2,27,6,1896,2,16,5,1,5
201854C114218,2,9,0,2,0,1,0,0,0,0,2,1,6,2,27,6,1995,2,12,7,1,7
201854C131218,1,9,0,18,0,1,0,0,0,0,1,1,6,1,18,4,1149,1,11,9,3,9
201854C131218,2,9,0,4,0,1,0,0,0,0,2,1,6,1,47,8,1597,2,-1,8,2,8
201854C134818,1,9,0,18,0,8,0,0,0,0,3,1,6,2,18,4,998,1,12,5,3,5
201854C134818,2,9,0,18,0,8,0,0,0,0,1,1,6,1,22,5,1590,1,13,5,3,5
201854C140318,1,9,0,16,0,0,0,0,0,0,0,1,6,1,29,6,-1,-1,-1,9,3,9
201854C140318,2,9,0,16,0,0,0,0,0,0,0,1,6,1,-1,-1,3000,1,27,-1,-1,-1
201854C151418,1,9,0,9,0,8,0,0,0,0,1,1,6,1,52,8,-1,3,7,7,1,7
201854C151418,2,9,0,16,0,1,0,0,0,0,3,1,6,2,51,8,998,1,4,10,1,10
201854C154318,1,9,0,17,0,0,5,10,0,0,4,1,6,1,28,6,1364,1,9,2,1,2
201854C158718,1,9,0,9,0,3,0,0,0,0,1,1,6,1,80,11,-1,-1,-1,-1,-1,-1
201854C160318,1,9,0,9,0,2,0,0,0,0,1,1,6,3,-1,-1,-1,-1,-1,-1,-1,-1
201854C160318,2,9,0,2,0,2,0,0,0,0,2,1,6,2,63,9,1956,2,3,5,1,5
201854C173818,1,9,0,16,0,0,0,0,1,0,1,1,6,2,78,11,1984,1,14,10,3,10
201854C173818,2,9,0,18,0,0,0,0,1,0,1,1,6,2,18,4,1598,1,17,9,3,9
201854C184218,1,9,0,18,0,0,0,0,0,0,1,1,6,1,52,8,-1,-1,-1,8,3,8
201854C184218,2,9,0,3,0,0,0,0,0,0,2,1,6,1,37,7,-1,-1,-1,3,1,3
201854C184218,3,9,0,2,0,0,0,0,0,0,0,1,6,1,45,7,-1,-1,-1,3,1,3
201854C205818,1,9,0,18,0,0,1,0,0,0,1,1,1,1,29,6,-1,-1,-1,6,3,6
201854C205818,2,9,0,3,0,0,0,0,0,0,2,1,6,1,78,11,1951,2,13,8,2,8
201854C205818,3,9,0,3,0,0,0,0,0,0,2,1,6,2,35,6,1984,1,3,-1,-1,-1
201854C215418,1,9,0,18,0,1,0,0,0,0,1,1,6,1,19,4,-1,-1,-1,9,1,9
201854C215418,2,9,0,7,0,2,0,0,4,0,3,1,6,1,20,4,1560,2,10,4,2,4
201854C223818,1,9,0,18,0,0,2,0,1,4,1,1,6,1,39,7,1998,8,1,9,3,9
201854C240618,1,9,0,18,0,2,0,0,0,0,1,1,6,2,77,11,1388,1,6,6,3,6
201854C240618,2,9,0,4,0,2,0,0,0,0,2,1,6,2,69,10,1364,1,12,8,1,8
201854C242118,1,9,0,9,0,1,0,0,7,0,1,1,6,1,32,6,1995,2,7,8,-1,8
201854C242118,2,19,0,3,0,1,0,0,0,0,0,1,6,2,32,6,2198,2,10,6,2,6
201854C242118,3,9,0,14,0,1,0,0,7,0,3,1,6,1,23,5,1149,1,9,-1,-1,-1
201854C250818,1,9,0,9,0,2,0,0,0,0,1,1,6,1,31,6,1590,1,4,2,1,2
201854C266518,1,9,0,16,0,0,0,0,1,11,1,1,6,1,90,11,1498,1,9,6,2,6
201854C277918,1,9,0,17,0,0,0,0,7,3,1,1,6,1,35,6,1796,1,14,5,2,5
201854C289018,1,1,0,18,0,1,0,0,0,0,1,1,6,2,42,7,-1,-1,-1,2,1,2
201854C289018,2,9,0,18,0,1,0,0,0,0,3,1,6,1,55,8,1796,1,13,4,1,4
201854C312818,1,9,0,18,0,0,1,0,8,10,1,1,6,2,36,7,-1,-1,-1,8,1,8
201854C325818,1,5,0,18,0,1,0,0,0,0,1,1,6,1,49,8,645,1,1,7,1,7
201854C325818,2,9,0,4,0,1,0,0,0,0,3,1,1,1,45,7,1896,2,10,5,3,5
201854C326318,1,9,0,1,0,0,0,0,0,0,0,1,6,1,25,5,1390,1,8,8,3,8
2018551800007,1,9,0,7,0,6,0,0,0,0,0,1,6,3,-1,-1,-1,-1,-1,-1,-1,-1
2018551800007,2,4,0,17,0,1,1,10,1,11,1,1,2,1,27,6,942,1,2,6,1,6
2018551800008,1,90,0,9,0,5,0,0,0,0,1,1,1,2,38,7,2143,2,7,5,1,5
2018551800008,2,9,0,18,0,1,0,0,0,0,1,1,6,2,46,8,1560,2,9,5,2,5
2018551800010,1,9,0,18,0,0,0,0,0,0,1,1,3,1,31,6,1275,1,19,1,1,1
2018551800010,2,9,0,4,0,0,0,0,0,0,2,1,6,1,32,6,3000,1,17,10,1,10
2018551800010,3,9,0,4,0,0,0,0,0,0,2,1,6,2,33,6,1399,2,9,-1,-1,-1
2018551800011,1,9,0,18,0,4,0,0,0,0,1,1,6,2,33,6,1984,1,10,2,1,2
2018551800011,2,9,0,4,0,1,0,0,0,0,2,1,6,2,19,4,1560,2,11,3,1,3
2018551800012,1,9,0,18,0,0,0,0,0,0,1,1,6,1,25,5,1339,1,4,10,1,10
2018551800017,1,9,0,5,0,6,0,0,0,0,1,1,6,2,30,6,1995,2,10,7,1,7
2018551800019,1,9,0,18,0,0,0,0,0,0,1,1,6,1,91,11,1242,1,5,8,1,8
2018551800019,2,9,0,4,0,0,0,0,0,0,2,1,2,1,36,7,1395,1,1,7,1,7
2018551800021,1,9,0,9,0,6,0,0,0,0,3,1,6,1,83,11,1198,1,4,10,1,10
2018551800021,2,3,0,18,0,1,0,0,0,0,1,1,6,1,17,4,124,1,10,10,1,10
2018551800023,1,9,0,18,0,0,0,0,0,0,1,1,6,1,39,7,2521,1,8,7,1,7
2018551800023,2,9,0,2,0,0,0,0,0,0,1,1,6,3,-1,-1,1796,1,15,-1,-1,-1
2018551800023,3,9,0,2,0,0,0,0,0,0,0,1,6,3,-1,-1,1598,1,19,-1,-1,-1
2018551800024,1,1,0,18,0,0,0,0,0,0,0,1,6,2,47,8,-1,-1,-1,6,1,6
2018551800028,1,11,0,18,0,0,0,0,0,0,1,1,1,1,43,7,7300,2,10,4,1,4
2018551800030,1,9,0,18,0,0,0,0,0,0,1,1,6,1,50,8,2793,1,22,2,1,2
2018551800030,2,9,0,3,0,0,0,0,0,0,2,1,6,1,24,5,1199,1,16,1,2,1
2018551800030,3,9,0,3,0,0,0,0,0,0,2,1,6,1,55,8,1895,1,19,2,2,2
2018551800030,4,9,0,3,0,0,0,0,0,0,2,1,6,2,23,5,1229,1,2,7,1,7
2018551800032,1,9,0,18,0,0,0,7,1,9,1,1,2,2,57,9,1598,2,2,7,3,7
2018551800032,2,9,0,18,0,0,0,0,0,0,3,1,1,1,33,6,1461,2,1,5,1,5
2018551800032,3,19,0,18,0,0,0,0,1,4,3,1,1,1,25,5,1598,2,3,7,1,7
2018551800039,1,3,0,4,0,1,1,0,0,0,1,1,2,1,31,6,-1,-1,-1,3,2,3
2018551800039,2,9,0,4,0,1,0,0,0,0,2,1,2,1,69,10,1248,1,6,4,1,4
2018551800040,1,9,0,10,0,1,0,0,0,0,1,1,2,1,28,6,1796,1,16,9,1,9
2018551800040,2,9,0,18,0,1,0,0,0,0,4,1,2,1,41,7,2179,2,7,7,1,7
2018551800041,1,9,0,9,0,1,1,0,0,0,1,1,2,1,58,9,1598,1,15,7,1,7
2018551800041,2,9,0,18,0,1,1,0,0,0,2,1,2,2,28,6,1598,1,4,6,1,6
2018551800042,1,3,0,18,0,0,1,0,0,0,1,1,6,1,18,4,125,1,12,6,1,6
2018551800046,1,9,0,18,0,0,0,0,4,6,1,1,6,1,26,6,1397,1,9,7,2,7
2018551800046,2,19,0,18,0,0,0,0,0,0,2,1,6,1,72,10,2198,2,6,8,1,8
2018551800048,1,19,0,4,0,0,1,0,0,0,1,1,1,1,37,7,2148,2,8,7,1,7
2018551800048,2,9,0,4,0,0,0,0,0,0,2,1,2,2,43,7,2000,2,12,10,1,10
2018551800049,1,9,0,18,0,0,2,0,1,10,4,1,6,2,25,5,1149,1,13,1,1,1
2018551800050,1,9,0,5,0,8,0,0,0,0,3,1,6,2,77,11,1248,1,4,7,1,7
2018551800050,2,1,0,18,0,8,0,0,0,0,1,1,6,1,35,6,-1,-1,-1,9,1,9
2018551800051,1,19,0,1,0,2,0,0,0,0,2,1,1,1,35,6,1870,2,12,8,1,8
2018551800052,1,9,0,18,0,0,0,0,0,0,1,1,6,1,86,11,1242,1,4,9,1,9
2018551800052,2,20,0,2,0,0,0,0,0,0,2,1,6,3,-1,-1,2999,2,2,-1,-1,-1
2018551800057,1,9,0,17,0,0,0,0,0,0,1,1,6,2,79,11,1242,1,9,8,1,8
2018551800057,2,9,0,16,0,0,0,0,0,0,1,1,1,2,48,8,698,1,13,5,1,5
2018551800058,1,9,0,18,0,0,0,0,0,0,1,1,2,1,36,7,1587,1,16,3,1,3
2018551800058,2,5,0,18,0,0,0,0,0,0,1,1,2,1,34,6,599,1,14,5,1,5
2018551800059,1,9,0,18,0,0,0,0,0,0,1,1,2,1,45,7,1991,1,1,7,1,7
2018551800059,2,9,0,4,0,0,0,0,0,0,2,1,3,2,35,6,1794,1,15,10,1,10
2018551800060,1,9,0,15,0,8,0,0,7,0,1,1,6,2,79,11,1598,1,16,9,1,9
2018551800060,2,9,0,17,0,8,0,0,0,0,1,1,6,1,81,11,1798,1,3,9,1,9
2018551800060,3,9,0,10,0,1,0,0,0,0,3,1,6,2,41,7,1596,1,14,6,1,6
2018551800064,1,9,0,5,0,4,0,0,0,0,3,1,1,2,41,7,998,1,4,3,1,3
2018551800064,2,1,0,17,0,8,0,0,0,0,4,1,6,1,57,9,-1,-1,-1,10,1,10
2018551800065,1,9,0,9,0,8,0,0,0,0,1,1,6,1,19,4,1390,1,13,7,1,7
2018551800065,2,19,0,18,0,8,0,0,1,1,1,1,6,2,58,9,-1,-1,-1,9,1,9
2018551800066,1,9,0,18,0,1,0,0,0,0,1,1,6,1,37,7,1598,2,6,3,1,3
2018551800066,2,9,0,3,0,1,0,0,0,0,2,1,6,1,36,7,1275,1,24,3,1,3
2018551800066,3,9,0,10,0,1,0,0,0,0,2,1,6,2,31,6,999,1,3,9,2,9
2018551800070,1,9,0,18,0,0,0,4,0,0,1,1,6,1,69,10,1349,1,3,4,2,4
2018551800070,2,19,0,2,0,0,0,0,0,0,2,1,1,3,-1,-1,2298,2,1,-1,-1,-1
2018551800070,3,9,0,2,0,0,0,0,0,0,2,1,6,3,-1,-1,1596,1,12,-1,-1,-1
2018551800082,1,9,0,18,0,0,2,0,7,4,4,1,2,1,30,6,3000,2,21,2,1,2
2018551800087,1,9,0,18,0,4,0,0,0,0,1,1,6,1,33,6,1299,1,17,4,1,4
2018551800087,2,9,0,18,0,8,0,0,0,0,4,1,6,2,45,7,1598,1,10,7,1,7
2018551800088,1,9,0,18,0,0,2,0,1,4,3,1,6,2,49,8,1973,1,17,7,1,7
2018551800090,1,9,0,9,0,8,0,0,1,7,4,1,6,2,38,7,1910,2,11,8,1,8
2018551800090,2,9,0,18,0,8,0,0,0,0,1,1,6,3,-1,-1,-1,-1,-1,-1,-1,-1
2018551800091,1,9,0,9,0,5,0,0,0,0,1,1,6,2,54,8,1242,1,5,6,1,6
2018551800091,2,1,0,18,0,2,0,0,0,0,1,1,2,1,31,6,-1,-1,-1,3,1,3
2018551800092,1,9,0,18,0,0,0,0,0,0,1,1,2,2,57,9,1242,1,12,7,2,7
2018551800092,2,1,0,18,0,0,0,0,0,0,2,1,6,2,51,8,-1,-1,-1,4,1,4
2018551800092,3,1,0,18,0,0,0,0,0,0,2,1,6,1,59,9,-1,-1,-1,4,1,4
2018551800093,1,9,0,17,0,0,1,0,2,3,1,1,3,2,23,5,2499,2,15,5,3,5
2018551800095,1,4,0,18,0,0,1,0,0,0,1,1,2,1,43,7,124,1,7,8,1,8
2018551800095,2,9,0,4,0,0,0,0,0,0,2,1,6,1,39,7,1997,1,5,8,1,8
2018551800096,1,9,0,9,0,6,0,0,0,0,1,1,6,1,62,9,1339,1,10,7,3,7
2018551800096,2,9,0,18,0,8,0,0,0,0,1,1,2,1,24,5,1896,2,10,9,2,9
2018551800099,1,9,0,5,0,8,0,0,0,0,1,1,6,2,56,9,1956,2,6,7,1,7
2018551800099,2,9,0,18,0,8,0,0,0,0,1,1,6,2,58,9,1597,1,2,5,1,5
2018551800100,1,1,0,9,0,6,0,0,0,0,1,1,2,1,22,5,-1,-1,-1,5,1,5
2018551800100,2,9,0,18,0,1,0,0,0,0,1,1,2,2,68,10,1386,1,5,10,1,10
2018551800101,1,19,0,18,0,1,0,0,0,0,1,1,6,3,-1,-1,-1,-1,-1,-1,-1,-1
2018551800101,2,9,0,3,0,4,0,0,0,0,2,1,6,2,33,6,1149,1,6,9,1,9
2018551800102,1,9,0,9,0,8,0,0,0,0,1,1,2,1,40,7,1998,1,12,2,1,2
2018551800102,2,3,0,18,0,8,0,0,0,0,1,1,6,1,16,4,-1,-1,-1,3,1,3
2018551800110,1,9,0,5,0,4,0,0,0,0,3,1,6,2,72,10,1198,1,2,-1,-1,-1
2018551800110,2,1,0,18,0,8,0,0,0,0,1,1,1,2,61,9,-1,-1,-1,5,1,5
2018551800119,1,9,0,16,0,0,5,0,7,4,1,1,6,1,75,10,1368,1,10,8,1,8
2018551800120,1,9,0,18,0,0,0,0,0,0,1,2,6,2,48,8,1396,1,9,-1,-1,-1
2018551800121,1,9,0,17,0,1,2,0,1,2,1,1,6,1,17,4,1390,1,19,7,3,7
2018551800123,1,3,0,12,0,0,0,0,0,0,3,1,6,1,27,6,124,1,6,4,1,4