Accident_Index,Vehicle_Reference,Vehicle_Type,Towing_and_Articulation,Vehicle_Manoeuvre,Vehicle_Location-Restricted_Lane,Junction_Location,Skidding_and_Overturning,Hit_Object_in_Carriageway,Vehicle_Leaving_Carriageway,Hit_Object_off_Carriageway,1st_Point_of_Impact,Was_Vehicle_Left_Hand_Drive?,Journey_Purpose_of_Driver,Sex_of_Driver,Age_of_Driver,Age_Band_of_Driver,Engine_Capacity_(CC),Propulsion_Code,Age_of_Vehicle,Driver_IMD_Decile,Driver_Home_Area_Type,Vehicle_IMD_Decile
2018551800123,2,9,0,18,0,0,0,0,0,0,4,1,6,1,64,9,3200,2,3,7,1,7
2018551800125,1,9,0,4,0,1,0,0,0,0,1,1,2,2,21,5,1396,2,8,9,1,9
2018551800125,2,9,0,3,0,1,0,0,0,0,2,1,2,2,26,6,1242,1,10,6,2,6
2018551800125,3,9,0,3,0,1,0,0,0,0,2,1,2,2,26,6,1598,1,7,2,2,2
2018551800125,4,9,0,18,0,1,0,0,0,0,1,1,2,1,45,7,-1,-1,-1,7,2,7
2018551800127,1,9,0,18,0,0,0,0,0,0,3,1,2,2,39,7,1895,1,19,2,1,2
2018551800128,1,19,0,4,0,0,1,0,0,0,1,1,2,1,23,5,1998,2,14,6,1,6
2018551800128,2,9,0,4,0,0,0,0,0,0,2,1,2,1,54,8,2179,2,11,8,1,8
2018551800131,1,9,0,18,0,0,0,0,0,0,1,1,2,1,39,7,1997,2,14,2,1,2
2018551800132,1,9,0,7,0,6,0,0,0,0,1,1,6,2,18,4,1398,1,7,4,3,4
2018551800132,2,9,0,18,0,1,0,0,0,0,0,1,6,2,23,5,1560,2,14,5,1,5
2018551800133,1,9,0,17,0,0,1,0,1,11,1,1,2,2,28,6,1390,1,16,4,1,4
2018551800134,1,19,0,16,0,0,0,0,0,0,1,1,1,1,29,6,1499,2,4,2,1,2
2018551800134,2,9,0,17,0,0,0,0,0,0,1,1,2,2,36,7,1598,1,11,4,1,4
2018551800135,1,9,0,5,0,1,0,0,0,0,1,1,6,2,72,10,1991,1,3,10,1,10
2018551800135,2,1,0,18,0,8,0,0,0,0,2,1,6,1,76,11,-1,-1,-1,10,1,10
2018551800137,1,9,0,18,0,0,0,0,0,0,1,1,6,1,63,9,1461,2,4,5,1,5
2018551800138,1,9,0,18,0,0,0,0,0,0,1,1,6,1,46,8,2395,1,18,6,2,6
2018551800138,2,9,0,18,0,0,0,0,0,0,2,1,6,1,52,8,1968,2,5,-1,-1,-1
2018551800139,1,1,0,18,5,1,1,10,0,0,0,1,6,1,59,9,-1,-1,-1,10,1,10
2018551800139,2,9,0,10,4,6,0,0,0,0,0,1,6,2,29,6,1686,2,13,7,1,7
2018551800140,1,9,0,18,0,0,0,0,0,0,1,1,6,2,30,6,1896,2,13,2,1,2
2018551800140,2,9,0,3,0,0,0,0,0,0,2,1,6,2,69,10,796,1,10,8,1,8
2018551800140,3,9,0,3,0,0,0,0,0,0,2,1,6,2,17,4,1199,2,6,5,1,5
2018551800141,1,9,0,9,0,8,0,0,0,0,1,1,6,2,68,10,1997,1,7,5,1,5
2018551800141,2,5,0,18,0,8,1,0,0,0,1,1,6,1,46,8,806,1,3,6,1,6
2018551800143,1,9,0,5,0,8,0,0,3,11,3,1,6,2,69,10,1997,1,8,7,1,7
2018551800143,2,9,0,7,0,8,0,0,0,0,1,1,6,2,32,6,1973,1,17,2,1,2
2018551800145,1,9,0,9,0,8,0,0,0,0,4,1,6,1,19,4,1422,2,13,6,1,6
2018551800145,2,9,0,18,0,1,0,0,0,0,1,1,6,2,55,8,1299,1,17,7,1,7
2018551800146,1,9,0,18,0,0,0,0,0,0,4,1,6,2,61,9,1968,2,4,10,1,10
2018551800147,1,9,0,18,0,0,0,0,7,11,1,1,6,2,35,6,1598,1,11,6,1,6
2018551800148,1,9,0,18,0,8,0,0,0,0,3,1,6,1,40,7,1600,1,14,6,3,6
2018551800148,2,9,0,18,0,8,0,0,0,0,1,1,6,1,73,10,1582,2,4,9,3,9
2018551800149,1,19,0,5,0,4,0,0,0,0,1,1,1,1,50,8,2198,2,3,3,1,3
2018551800149,2,9,0,5,0,4,0,0,0,0,2,1,6,1,62,9,1798,1,7,2,1,2
2018551800151,1,9,0,3,0,4,0,0,0,0,1,1,6,1,46,8,1399,2,9,5,2,5
2018551800151,2,9,0,3,0,4,0,0,0,0,2,1,1,2,94,11,1124,1,14,6,2,6
2018551800152,1,9,0,18,0,4,0,0,0,0,1,1,1,2,56,9,1586,1,10,6,1,6
2018551800152,2,3,0,18,0,8,1,0,0,0,4,1,1,2,55,8,49,1,4,6,1,6
2018551800153,1,3,0,4,0,0,0,0,0,0,1,1,6,2,58,9,125,1,12,7,1,7
2018551800153,2,9,0,4,0,0,0,0,0,0,2,1,6,2,52,8,1339,1,13,5,1,5
2018551800156,1,9,0,17,0,0,1,6,7,11,4,1,6,1,34,6,1993,1,31,7,1,7
2018551800156,2,9,0,18,0,0,0,0,0,0,1,1,1,1,64,9,-1,-1,-1,9,1,9
2018551800158,1,9,0,18,0,0,0,0,1,0,1,1,2,1,28,6,1497,1,15,7,2,7
2018551800158,2,9,0,3,0,0,0,0,0,0,2,1,2,1,69,10,1598,2,6,5,1,5
2018551800158,3,9,0,2,0,0,0,0,0,0,0,1,2,1,61,9,2143,2,2,5,2,5
2018551800160,1,9,0,18,0,8,0,0,0,0,2,1,6,1,44,7,1349,1,9,6,2,6
2018551800160,2,9,0,18,0,8,0,0,0,0,1,1,6,2,30,6,1329,1,9,8,1,8
2018551800161,1,9,0,14,0,0,0,0,0,0,1,1,6,1,21,5,1598,1,9,2,1,2
2018551800161,2,9,0,3,0,0,0,0,0,0,2,1,2,2,86,11,1956,2,5,5,1,5
2018551800162,1,9,0,9,0,6,0,0,0,0,1,1,6,1,37,7,1968,2,8,10,1,10
2018551800162,2,1,0,18,0,1,0,0,0,0,4,1,6,1,28,6,-1,-1,-1,10,1,10
2018551800164,1,19,0,17,0,0,0,0,1,10,4,1,2,1,64,9,1753,2,9,7,2,7
2018551800166,1,9,0,18,0,1,0,0,0,0,1,1,2,2,32,6,1242,1,11,6,2,6
2018551800166,2,9,0,3,0,1,0,0,0,0,2,1,2,1,34,6,1998,1,11,6,2,6
2018551800167,1,9,3,18,0,0,0,0,0,0,0,1,6,1,62,9,-1,-1,-1,1,1,1
2018551800167,2,9,0,18,0,0,0,11,0,0,1,1,6,2,25,5,1390,1,14,10,1,10
2018551800168,1,9,0,18,0,6,0,0,0,0,4,1,6,2,86,11,1360,1,12,8,2,8
2018551800168,2,9,0,18,0,1,1,0,0,0,1,1,6,1,85,11,2400,2,10,6,3,6
2018551800169,1,9,0,7,8,6,0,0,1,9,1,1,6,2,58,9,1995,2,3,10,1,10
2018551800169,2,9,0,18,0,1,0,0,0,0,4,1,6,2,76,11,998,1,1,9,1,9
2018551800170,1,19,0,18,0,0,0,0,0,0,1,1,6,1,43,7,1248,2,13,7,1,7
2018551800172,1,9,0,9,0,2,0,0,0,0,1,1,6,2,58,9,1560,2,6,4,2,4
2018551800172,2,9,0,17,0,8,0,0,0,0,1,1,6,2,42,7,1560,2,12,6,3,6
2018551800174,1,9,0,7,0,6,0,0,0,0,1,1,6,2,72,10,1896,2,13,8,1,8
2018551800174,2,9,0,18,0,2,0,0,0,0,1,1,6,1,53,8,2393,1,15,5,1,5
2018551800175,1,9,0,9,0,6,0,0,0,0,1,1,6,1,23,5,1995,1,16,5,3,5
2018551800175,2,9,0,18,0,1,5,0,1,3,4,1,6,2,23,5,1398,1,1,4,3,4
2018551800176,1,9,0,16,0,0,2,0,6,0,3,1,6,1,28,6,1493,1,21,2,1,2
2018551800177,1,9,0,18,0,8,5,10,1,11,1,1,6,2,69,10,1997,2,3,7,1,7
2018551800179,1,9,0,9,0,6,0,0,0,0,3,1,6,2,32,6,1339,8,4,3,1,3
2018551800179,2,9,0,17,0,1,0,0,0,0,1,1,6,2,66,10,1461,2,7,6,3,6
2018551800180,1,9,0,9,0,6,0,0,0,0,3,1,2,2,31,6,1587,1,15,3,1,3
2018551800180,2,9,0,18,0,8,0,0,7,0,1,1,6,2,53,8,1595,1,14,1,2,1
2018551800180,3,5,0,4,0,1,0,0,1,0,1,1,6,1,69,10,998,1,13,7,1,7
2018551800184,1,3,0,18,0,8,0,0,0,0,1,1,2,1,21,5,124,1,3,5,1,5
2018551800184,2,9,0,9,0,8,0,0,0,0,2,1,3,2,45,7,1998,1,14,10,1,10
2018551800185,1,9,0,7,0,3,0,0,0,0,0,1,1,1,41,7,-1,-1,-1,5,1,5
2018551800186,1,9,0,16,0,0,1,0,0,0,1,1,2,2,25,5,1242,1,6,5,1,5
2018551800186,2,9,0,17,0,0,0,0,0,0,1,1,6,1,53,8,2495,2,15,10,2,10
2018551800189,1,9,0,17,0,0,0,0,1,4,1,1,6,2,20,4,1248,2,14,6,1,6
2018551800190,1,19,0,6,0,8,0,0,0,0,1,1,6,1,46,8,1461,2,3,5,1,5
2018551800190,2,2,0,9,0,8,0,0,0,0,1,1,2,1,25,5,108,1,1,-1,-1,-1
2018551800192,1,9,0,12,0,0,0,0,0,0,3,1,6,2,25,5,1422,2,14,5,1,5
2018551800192,2,1,0,18,0,0,0,0,0,0,1,1,6,1,28,6,-1,-1,-1,9,1,9
2018551800195,1,9,0,9,0,6,0,0,0,0,1,1,1,1,33,6,-1,-1,-1,3,1,3
2018551800195,2,1,0,18,0,1,0,0,0,0,4,1,6,1,43,7,-1,-1,-1,1,1,1
2018551800196,1,9,0,5,0,1,0,0,0,0,1,1,6,2,25,5,-1,-1,-1,3,1,3
2018551800196,2,9,0,18,0,1,0,0,0,0,4,1,1,1,39,7,-1,-1,-1,4,1,4
2018551800197,1,9,0,18,0,8,0,0,0,0,1,1,6,1,28,6,1595,1,17,5,1,5
2018551800197,2,9,0,9,0,8,0,0,0,0,1,1,6,1,25,5,2698,2,12,4,1,4
2018551800198,1,9,0,9,0,5,0,0,0,0,4,1,6,1,71,10,1995,2,12,7,3,7
2018551800198,2,9,0,18,0,8,0,0,0,0,1,1,6,1,56,9,1685,2,5,1,1,1
2018551800199,1,9,0,4,0,0,0,4,0,0,1,1,6,1,57,9,1995,2,7,-1,-1,-1
2018551800199,2,9,0,3,0,0,0,0,0,0,2,1,6,1,74,10,1997,1,12,-1,-1,-1
2018551800200,1,19,0,7,0,6,0,0,0,0,3,1,1,1,58,9,1968,2,2,8,1,8
2018551800200,2,9,0,18,0,1,0,0,0,0,1,1,6,1,30,6,2967,2,1,10,1,10
2018551800201,1,9,0,18,0,0,0,0,0,0,3,1,6,1,72,10,2494,8,2,10,1,10
2018551800201,2,9,0,18,0,0,0,0,0,0,3,1,6,2,60,9,1968,2,6,8,1,8
2018551800202,1,9,0,4,0,1,0,0,0,0,1,1,6,2,65,9,1984,1,15,5,1,5
2018551800202,2,9,0,4,0,1,0,0,0,0,2,1,1,2,53,8,1968,2,3,8,1,8
2018551800203,1,9,0,4,0,0,0,0,0,0,1,1,6,2,40,7,1598,1,14,8,1,8
2018551800203,2,9,0,4,0,0,0,0,0,0,2,1,6,2,39,7,1999,1,10,10,1,10
2018551800203,3,9,0,4,0,0,0,0,0,0,2,1,6,1,46,8,2720,2,10,8,3,8
2018551800203,4,9,0,4,0,0,0,0,0,0,2,1,6,2,36,7,1794,1,9,9,1,9
2018551800204,1,9,0,18,0,0,5,0,0,0,1,1,2,1,20,4,1124,1,18,9,2,9
2018551800205,1,19,0,18,0,3,2,10,0,0,3,1,1,1,22,5,2488,2,4,7,1,7
2018551800206,1,9,0,13,0,0,0,0,0,0,1,1,6,2,33,6,2720,2,13,7,3,7
2018551800206,2,19,0,18,0,0,0,0,0,0,3,1,1,1,34,6,2198,2,2,3,1,3
2018551800206,3,19,0,18,0,0,2,0,0,0,3,1,6,1,52,8,1968,2,5,10,1,10
2018551800206,4,9,0,18,0,0,0,0,0,0,1,1,6,1,49,8,998,1,4,10,1,10
2018551800207,1,19,0,5,0,0,0,0,0,0,1,1,1,1,24,5,2287,2,2,9,3,9
2018551800208,1,9,0,5,0,0,0,4,1,11,1,1,6,1,88,11,1339,1,12,4,2,4
2018551800208,2,9,0,2,0,0,0,0,7,4,1,1,1,2,42,7,998,1,15,5,3,5
2018551800211,1,9,0,18,0,0,0,0,0,0,1,1,6,1,24,5,1527,2,20,4,3,4
2018551800211,2,17,5,4,6,0,0,0,0,0,2,1,1,1,59,9,6788,2,3,6,3,6
2018551800213,1,9,0,18,0,1,0,10,0,0,1,1,6,1,69,10,1461,2,3,6,3,6
2018551800213,2,9,0,18,0,6,0,0,0,0,3,1,6,1,54,8,1595,1,18,5,2,5
2018551800215,1,9,0,11,0,1,0,0,0,0,2,1,6,3,-1,-1,-1,-1,-1,-1,-1,-1
2018551800215,2,1,0,3,0,4,0,0,0,0,1,1,6,1,33,6,-1,-1,-1,6,1,6
2018551800217,1,9,0,18,0,4,0,0,3,10,3,1,6,1,38,7,1796,1,11,7,1,7
2018551800217,2,9,0,18,0,8,0,0,0,0,1,1,6,2,21,5,1388,1,6,4,1,4
2018551800218,1,9,0,9,0,5,0,0,0,0,1,1,1,2,25,5,1329,1,6,7,1,7
2018551800218,2,1,0,9,0,6,0,0,0,0,1,1,6,1,42,7,-1,-1,-1,6,1,6
2018551800219,1,9,0,18,0,0,0,0,2,4,4,1,6,2,64,9,1248,1,9,-1,-1,-1
2018551800220,1,9,0,4,0,1,0,0,0,0,1,1,6,1,26,6,1995,2,6,10,1,10
2018551800220,2,9,0,3,0,1,0,0,0,0,2,1,6,2,33,6,2393,1,8,3,1,3
2018551800221,1,3,0,9,0,6,1,0,0,0,0,1,2,1,34,6,125,1,1,6,1,6
2018551800222,1,9,0,18,0,0,0,0,0,0,3,1,6,3,-1,-1,-1,-1,-1,-1,-1,-1
2018551800222,2,19,0,18,0,0,1,0,1,10,3,1,1,1,27,6,1968,2,11,6,2,6
2018551800223,1,19,0,7,0,1,0,0,0,0,3,1,6,3,-1,-1,-1,-1,-1,-1,-1,-1
2018551800224,1,11,0,3,0,3,0,0,0,0,4,1,1,1,40,7,6374,2,8,2,1,2
2018551800225,1,9,0,1,0,0,0,0,0,0,2,1,6,1,34,6,3123,1,12,7,1,7
2018551800226,1,5,0,15,0,1,1,0,0,0,1,1,6,1,61,9,998,1,19,3,1,3
2018551800226,2,19,0,9,0,5,0,0,0,0,3,1,1,1,32,6,2198,2,3,4,1,4
2018551800226,3,9,0,18,0,1,0,0,0,0,3,1,6,2,61,9,1400,1,12,6,3,6
2018551800227,1,9,0,16,0,0,5,0,1,0,1,1,2,1,20,4,998,1,14,10,2,10
2018551800228,1,1,0,14,0,0,0,0,0,0,3,1,6,1,79,11,-1,-1,-1,9,1,9
2018551800228,2,9,0,13,0,0,0,0,0,0,4,1,6,1,79,11,1598,1,11,9,1,9
2018551800229,1,9,0,9,0,2,0,0,0,0,1,1,6,2,18,4,1198,1,9,6,1,6
2018551800230,1,9,0,18,0,0,1,0,4,6,3,1,6,2,29,6,1796,1,15,7,1,7
2018551800231,1,9,0,5,9,6,0,0,0,0,3,1,6,1,67,10,1598,1,6,8,1,8
2018551800231,2,1,0,18,9,8,0,0,0,0,1,1,6,1,57,9,-1,-1,-1,7,1,7
2018551800232,1,9,0,5,0,1,0,0,0,0,1,1,6,1,31,6,1198,1,1,4,1,4
2018551800232,2,9,0,3,0,1,0,0,0,0,2,1,6,1,54,8,1598,1,13,9,1,9
2018551800233,1,19,0,18,0,2,0,0,0,0,1,1,6,1,57,9,2148,2,10,7,3,7
2018551800233,2,9,0,18,0,2,0,0,0,0,2,1,6,1,56,9,1998,1,14,5,3,5
2018551800233,3,9,0,18,0,2,0,0,0,0,2,1,6,1,30,6,1468,1,11,7,1,7
2018551800235,1,9,0,18,0,0,0,0,0,0,1,1,6,1,37,7,1998,1,16,-1,-1,-1
2018551800235,2,9,0,3,0,0,0,0,0,0,2,1,6,1,43,7,1598,2,8,6,3,6
2018551800235,3,9,0,3,0,0,0,0,0,0,2,1,6,1,44,7,-1,-1,-1,4,1,4
2018551800236,1,9,0,18,0,4,0,0,0,0,1,1,2,1,50,8,1999,1,12,9,1,9
2018551800236,2,1,0,18,0,8,0,0,0,0,4,1,2,1,42,7,-1,-1,-1,9,1,9
2018551800237,1,5,0,6,0,0,0,0,0,0,3,1,6,1,51,8,649,1,12,5,2,5
2018551800237,2,9,0,18,0,0,0,0,0,0,1,1,6,2,75,10,1598,1,20,7,3,7
2018551800239,1,9,0,9,0,8,0,0,0,0,4,1,6,2,19,4,998,1,17,10,1,10
2018551800239,2,9,0,18,0,8,0,0,0,0,1,1,6,1,24,5,1948,1,18,7,1,7
2018551800240,1,9,0,4,0,3,1,0,0,0,1,1,6,2,70,10,1349,1,6,6,1,6
2018551800240,2,19,0,3,0,3,0,0,0,0,2,1,1,1,33,6,2402,2,9,7,1,7
2018551800241,1,9,0,18,0,1,0,0,0,0,1,1,6,1,91,11,1400,1,11,5,1,5
2018551800241,2,9,0,3,0,1,0,0,0,0,2,1,6,1,77,11,1339,1,13,7,1,7
2018551800241,3,9,0,3,0,1,0,0,0,0,2,1,6,1,64,9,-1,-1,-1,7,1,7
2018551800241,4,9,0,3,0,1,0,0,0,0,2,1,6,1,51,8,1198,1,16,7,1,7
2018551800242,1,9,0,18,0,0,0,0,0,0,1,1,6,2,18,4,1199,1,16,5,3,5
2018551800242,2,9,0,18,0,0,0,0,0,0,2,1,6,1,19,4,1997,2,13,8,3,8
2018551800243,1,9,0,18,0,0,0,0,0,0,4,1,6,1,82,11,1998,1,2,6,3,6
2018551800244,1,9,0,17,0,0,1,0,1,9,1,1,1,1,34,6,-1,-1,-1,1,2,1
2018551800245,1,19,0,18,0,4,0,0,0,0,0,1,6,1,61,9,1598,2,6,7,1,7
2018551800245,2,1,0,18,0,8,1,0,0,0,0,1,2,1,50,8,-1,-1,-1,3,1,3
2018551800246,1,9,0,9,0,1,0,0,0,0,3,1,2,1,32,6,1796,1,9,8,1,8
2018551800246,2,5,0,14,0,1,0,0,0,0,1,1,2,1,59,9,798,1,33,10,1,10
2018551800248,1,9,0,18,0,0,0,4,0,0,1,1,6,1,17,4,1229,1,13,5,1,5
2018551800248,2,9,0,2,0,0,0,0,0,0,3,1,6,3,-1,-1,1242,1,19,-1,-1,-1
2018551800248,3,9,0,2,0,0,0,0,0,0,2,1,6,3,-1,-1,1997,2,10,-1,-1,-1
2018551800248,4,9,0,2,0,0,0,0,0,0,4,1,6,3,-1,-1,1995,2,15,-1,-1,-1
2018551800250,1,9,0,1,0,0,0,0,0,0,2,1,6,2,49,8,1896,2,14,-1,-1,-1
2018551800251,1,9,0,18,0,8,0,0,0,0,1,1,6,2,59,9,1995,1,10,3,1,3
2018551800251,2,9,0,18,0,8,0,0,0,0,2,1,6,2,21,5,1598,2,7,2,1,2
2018551800253,1,9,0,5,0,0,0,0,0,0,1,1,6,2,18,4,1397,1,11,7,1,7
2018551800253,2,9,0,18,0,0,0,0,0,0,1,1,6,1,75,10,1598,1,4,6,1,6
2018551800253,3,9,0,2,0,0,0,0,0,0,1,1,6,3,-1,-1,1598,1,10,-1,-1,-1
2018551800256,1,9,0,18,0,1,0,0,0,0,1,1,6,1,80,11,1984,1,12,5,1,5
2018551800256,2,9,0,3,0,1,0,0,0,0,2,1,6,2,17,4,1229,1,3,3,1,3
2018551800259,1,5,0,13,0,1,0,0,0,0,1,1,6,1,39,7,750,1,7,5,1,5
2018551800259,2,9,0,9,0,5,0,0,0,0,3,1,6,1,55,8,1598,1,15,4,1,4
2018551800261,1,9,0,5,0,6,0,0,1,10,3,1,6,2,46,8,1339,1,12,4,1,4
2018551800261,2,9,0,18,0,8,0,0,7,0,1,1,2,1,21,5,1149,1,11,8,1,8
2018551800262,1,1,0,18,0,0,0,4,0,0,1,1,2,2,29,6,-1,-1,-1,2,1,2
2018551800262,2,9,0,2,0,0,0,0,0,0,2,1,6,3,-1,-1,1560,2,11,-1,-1,-1
2018551800263,1,9,0,7,0,8,0,0,0,0,1,1,6,2,17,4,1242,1,1,-1,-1,-1
2018551800263,2,9,0,18,0,1,0,0,0,0,3,1,6,1,44,7,1587,1,12,8,1,8
2018551800264,1,3,0,18,0,0,1,0,0,0,3,1,6,1,71,10,125,1,1,4,1,4
2018551800265,1,9,0,18,0,8,0,0,0,0,1,1,6,2,18,4,1968,2,1,4,1,4
2018551800265,2,9,0,18,0,8,1,0,0,0,1,1,6,2,53,8,1490,1,12,7,1,7
2018551800268,1,19,0,18,0,0,0,0,0,0,3,1,1,1,22,5,1560,2,9,10,3,10
2018551800268,2,3,0,13,0,0,0,0,7,4,4,1,1,1,33,6,125,1,4,6,1,6
2018551800275,1,19,0,5,0,0,0,0,0,0,2,1,2,1,36,7,1995,2,5,3,2,3
2018551800275,2,3,0,14,0,0,1,0,0,0,2,1,2,1,51,8,124,1,2,8,1,8
2018551800276,1,9,0,18,0,0,0,0,0,0,1,1,6,2,36,7,1242,1,10,4,1,4
2018551800278,1,9,0,6,0,0,0,0,0,0,3,1,6,1,55,8,1248,1,7,3,1,3
2018551800278,2,1,0,4,0,0,1,0,0,0,1,1,2,1,48,8,-1,-1,-1,8,1,8
2018551800280,1,9,0,9,0,6,0,0,0,0,1,1,3,1,76,11,1560,2,6,8,1,8
2018551800280,2,1,0,14,0,8,0,0,0,0,1,1,2,1,42,7,-1,-1,-1,9,1,9
2018551800281,1,9,0,4,0,1,0,0,0,0,1,1,6,1,33,6,1368,1,8,10,1,10
2018551800281,2,9,0,3,0,1,0,0,0,0,2,1,6,1,49,8,1796,1,19,1,1,1
2018551800282,1,19,0,2,0,0,0,0,0,0,1,1,1,3,-1,-1,-1,-1,-1,-1,-1,-1
2018551800284,1,9,0,18,0,0,1,0,2,10,1,1,2,2,30,6,1596,1,16,6,2,6
2018551800284,2,9,0,4,0,0,0,0,0,0,1,1,2,1,42,7,1598,1,5,5,1,5
2018551800286,1,9,0,1,0,6,0,0,0,0,2,1,2,2,33,6,1149,1,13,8,1,8
2018551800287,1,9,0,18,0,0,0,0,0,0,1,1,6,2,50,8,1997,2,13,8,1,8
2018551800287,2,9,0,4,0,0,0,0,0,0,2,1,6,1,19,4,1198,1,15,8,1,8
2018551800287,3,9,0,4,0,0,0,0,0,0,2,1,6,1,41,7,1399,1,2,2,1,2
2018551800288,1,8,0,17,0,0,1,0,0,0,1,1,1,1,30,6,1598,2,6,9,1,9
2018551800288,2,9,0,16,0,0,1,0,0,0,2,1,1,1,22,5,-1,-1,-1,8,1,8
2018551800289,1,19,0,18,0,0,0,0,1,1,4,1,1,1,47,8,1968,2,4,2,1,2
2018551800293,1,9,0,9,0,6,0,0,0,0,1,1,1,1,49,8,1229,1,5,4,1,4
2018551800293,2,9,0,18,0,8,0,0,0,0,3,1,1,2,30,6,1242,1,4,4,1,4
2018551800297,1,9,0,7,9,6,0,0,0,0,4,1,1,2,30,6,998,1,6,2,1,2
2018551800300,1,9,0,16,0,0,0,0,7,4,1,1,6,1,35,6,1995,2,6,3,1,3
2018551800301,1,9,0,5,0,1,0,0,3,10,1,1,6,2,87,11,1364,2,10,8,1,8
2018551800302,1,9,0,4,0,0,0,0,0,0,1,1,6,1,48,8,1461,2,8,5,2,5
2018551800302,2,9,0,4,0,0,0,0,0,0,2,1,6,2,54,8,1997,2,4,7,2,7
2018551800302,3,9,0,4,0,0,0,0,0,0,0,1,6,1,57,9,1798,1,12,2,1,2
2018551800304,1,9,0,9,0,6,0,0,0,0,1,1,6,1,49,8,1998,1,13,3,1,3
2018551800304,2,11,0,18,0,1,0,0,0,0,1,1,6,1,52,8,6374,2,9,4,1,4
2018551800306,1,9,0,5,9,6,0,0,0,0,1,1,6,1,55,8,1968,2,4,7,1,7
2018551800306,2,1,0,18,9,1,0,0,0,0,1,1,6,2,17,4,-1,-1,-1,9,1,9
2018551800306,3,9,0,3,0,2,0,0,0,0,2,1,6,2,47,8,1997,2,6,5,1,5
2018551800308,1,9,0,5,5,6,0,0,0,0,3,1,6,2,52,8,1968,2,4,8,2,8
2018551800308,2,1,0,18,5,1,0,0,0,0,1,1,4,1,12,3,-1,-1,-1,8,2,8
2018551800309,1,9,0,9,0,8,5,10,2,3,4,1,6,2,79,11,1968,2,7,6,3,6
2018551800310,1,9,0,9,0,8,0,0,0,0,1,1,6,1,22,5,1995,2,10,4,2,4
2018551800310,2,9,0,18,0,8,0,0,0,0,1,1,2,2,69,10,998,1,17,6,2,6
2018551800311,1,9,0,17,0,8,0,0,0,0,1,1,6,1,53,8,1200,1,3,3,1,3
2018551800311,2,9,0,16,0,1,0,0,0,0,3,1,6,1,65,9,2460,2,13,8,1,8
2018551800312,1,9,0,13,0,0,1,0,4,6,1,1,6,2,18,4,1390,1,7,9,1,9
2018551800313,1,9,0,4,0,1,0,0,0,0,1,1,1,1,51,8,1968,2,4,-1,1,-1
2018551800313,2,9,0,3,0,1,0,0,0,0,2,1,6,2,72,10,1599,1,15,3,1,3
2018551800314,1,9,0,9,0,0,0,0,0,0,1,1,6,2,54,8,1461,2,2,6,3,6
2018551800314,2,19,0,18,0,0,0,0,0,0,4,1,1,1,49,8,2198,2,2,6,3,6
2018551800315,1,9,0,18,0,0,0,0,0,0,4,1,6,3,-1,-1,-1,-1,-1,-1,-1,-1
2018551800316,1,19,0,9,0,6,0,0,0,0,3,1,6,1,37,7,1968,2,4,7,1,7
2018551800316,2,19,0,18,0,8,0,0,0,0,1,1,2,1,35,6,1870,2,13,7,1,7
2018551800318,1,9,0,16,0,0,0,0,7,11,1,1,6,2,80,11,1596,1,19,8,1,8
2018551800320,1,9,0,7,0,4,0,0,0,0,1,1,2,3,-1,-1,1396,1,18,-1,-1,-1
2018551800320,2,1,0,18,0,8,0,0,0,0,4,1,1,1,50,8,-1,-1,-1,4,1,4
2018551800321,1,3,0,18,0,0,0,0,0,0,3,1,6,2,20,4,100,1,18,9,2,9
2018551800322,1,9,0,18,0,0,1,0,0,0,1,1,6,2,39,7,2720,2,13,5,3,5
2018551800322,2,9,0,3,0,0,0,0,0,0,2,1,6,1,69,10,1598,1,8,6,2,6
2018551800323,1,9,0,18,0,0,0,0,0,0,1,1,6,2,69,10,1197,1,3,7,3,7
2018551800324,1,9,0,18,0,4,0,0,0,0,1,1,6,1,71,10,1200,1,2,10,3,10
2018551800324,2,9,0,18,0,8,2,0,0,0,4,1,6,1,57,9,2800,2,14,10,1,10
2018551800325,1,9,0,18,0,0,1,0,2,7,4,1,6,2,30,6,1598,1,11,4,1,4
2018551800325,2,9,0,18,0,0,0,0,0,0,1,1,6,1,30,6,1956,2,6,3,2,3
2018551800325,3,9,0,18,0,0,0,0,0,0,1,1,6,1,61,9,-1,-1,-1,7,3,7
2018551800325,4,9,0,18,0,0,0,0,0,0,1,1,6,1,79,11,1461,2,3,4,1,4
2018551800326,1,9,0,7,0,6,0,0,0,0,1,1,2,2,61,9,1598,1,11,3,1,3
2018551800326,2,9,0,18,0,1,0,0,0,0,4,1,6,2,26,6,1422,2,9,3,1,3
2018551800327,1,8,0,18,0,4,0,0,0,0,0,1,1,1,63,9,-1,-1,-1,6,1,6
2018551800328,1,5,0,14,0,0,0,0,1,10,1,1,6,1,22,5,645,1,13,3,1,3
2018551800328,2,19,0,3,0,0,0,0,0,0,2,1,6,1,38,7,2198,2,3,2,1,2
2018551800329,1,11,0,5,0,4,0,0,0,0,1,1,1,1,33,6,12000,2,10,-1,-1,-1