Accident_Index,Vehicle_Reference,Vehicle_Type,Towing_and_Articulation,Vehicle_Manoeuvre,Vehicle_Location-Restricted_Lane,Junction_Location,Skidding_and_Overturning,Hit_Object_in_Carriageway,Vehicle_Leaving_Carriageway,Hit_Object_off_Carriageway,1st_Point_of_Impact,Was_Vehicle_Left_Hand_Drive?,Journey_Purpose_of_Driver,Sex_of_Driver,Age_of_Driver,Age_Band_of_Driver,Engine_Capacity_(CC),Propulsion_Code,Age_of_Vehicle,Driver_IMD_Decile,Driver_Home_Area_Type,Vehicle_IMD_Decile
2018551800329,2,9,0,18,0,3,0,0,0,0,2,1,6,1,36,7,1396,1,3,2,1,2
2018551800332,1,19,0,2,0,0,0,0,0,0,3,1,6,3,-1,-1,-1,-1,-1,-1,-1,-1
2018551800332,2,1,0,14,0,0,0,0,0,0,1,1,2,1,24,5,-1,-1,-1,2,1,2
2018551800333,1,19,0,16,0,0,0,0,0,0,3,1,1,1,57,9,2143,2,3,-1,1,-1
2018551800333,2,9,0,17,0,0,0,0,0,0,3,1,6,2,51,8,2179,2,8,6,3,6
2018551800334,1,9,0,10,0,1,0,0,0,0,2,1,6,1,28,6,1597,1,15,4,1,4
2018551800334,2,3,0,18,0,1,1,0,0,0,1,1,6,1,22,5,125,1,1,5,1,5
2018551800335,1,22,0,5,9,0,0,0,0,0,1,1,6,2,97,11,-1,-1,-1,8,1,8
2018551800335,2,9,0,4,0,0,0,0,0,0,4,1,6,1,28,6,-1,-1,-1,7,3,7
2018551800336,1,9,0,9,0,1,0,0,0,0,1,1,2,1,24,5,1900,2,18,6,1,6
2018551800337,1,9,0,18,0,0,0,0,0,0,1,1,6,3,-1,-1,-1,-1,-1,-1,-1,-1
2018551800337,2,9,0,18,0,0,0,0,7,11,1,1,6,2,23,5,1399,2,11,2,1,2
2018551800338,1,90,0,7,0,8,0,0,0,0,1,1,1,1,45,7,2987,2,6,8,1,8
2018551800338,2,9,0,18,0,8,0,0,0,0,2,1,6,2,45,7,1197,1,6,-1,-1,-1
2018551800339,1,5,0,18,0,0,0,12,1,0,1,1,6,1,54,8,656,1,9,10,2,10
2018551800340,1,9,0,5,0,4,0,0,0,0,1,1,6,2,71,10,1798,8,3,10,1,10
2018551800340,2,1,0,18,0,8,0,0,0,0,1,1,2,1,35,6,-1,-1,-1,5,1,5
2018551800341,1,9,0,9,0,2,0,0,0,0,1,1,6,1,21,5,1368,1,8,-1,-1,-1
2018551800342,1,9,0,4,0,1,0,0,0,0,1,1,2,2,51,8,1000,1,2,9,1,9
2018551800342,2,9,0,3,0,1,0,0,0,0,2,1,2,2,62,9,998,1,8,4,1,4
2018551800343,1,9,0,18,0,1,0,0,0,0,1,1,6,1,35,6,1242,1,16,10,1,10
2018551800343,2,8,0,3,0,1,0,0,0,0,2,1,1,2,47,8,1560,2,4,4,1,4
2018551800344,1,9,0,10,0,6,0,0,0,0,1,1,6,2,35,6,1388,1,7,7,1,7
2018551800344,2,9,0,18,0,1,0,0,0,0,4,1,6,2,53,8,1798,1,10,8,1,8
2018551800345,1,19,0,11,0,0,0,0,0,0,2,1,1,1,52,8,2402,2,11,6,1,6
2018551800345,2,9,0,18,0,0,0,0,0,0,1,1,6,1,17,4,1299,1,15,2,1,2
2018551800347,1,9,0,4,0,0,0,0,0,0,1,1,6,2,48,8,1598,2,1,4,1,4
2018551800348,1,9,0,18,0,8,0,0,0,0,4,1,6,2,57,9,1896,2,16,9,2,9
2018551800348,2,21,0,9,0,8,0,0,0,0,1,1,1,1,33,6,6692,2,6,-1,-1,-1
2018551800350,1,9,0,18,0,0,0,4,7,11,1,1,6,1,32,6,-1,-1,-1,2,1,2
2018551800350,2,9,0,2,0,0,0,0,0,0,2,1,6,3,-1,-1,1896,2,9,-1,-1,-1
2018551800351,1,9,0,16,0,0,1,0,0,0,4,1,6,2,18,4,1360,1,12,5,3,5
2018551800351,2,9,0,18,0,0,0,0,0,0,1,1,6,1,85,11,1796,1,17,10,1,10
2018551800352,1,9,0,18,0,0,0,0,0,0,4,1,6,2,75,10,1248,1,4,10,1,10
2018551800352,2,9,0,18,0,0,0,0,0,0,1,1,6,1,20,4,1124,1,13,4,1,4
2018551800353,1,9,0,5,0,4,0,0,0,0,3,1,6,1,84,11,1397,1,16,7,1,7
2018551800353,2,1,0,18,0,4,0,0,0,0,4,1,6,2,59,9,-1,-1,-1,5,1,5
2018551800354,1,1,0,18,0,0,0,0,0,0,1,1,6,1,64,9,-1,-1,-1,7,1,7
2018551800354,2,1,0,18,0,0,0,0,0,0,2,1,6,1,60,9,-1,-1,-1,8,1,8
2018551800354,3,1,0,18,0,0,0,0,0,0,0,1,6,1,62,9,-1,-1,-1,3,1,3
2018551800354,4,9,0,18,0,0,1,0,0,0,0,1,2,1,44,7,2000,1,13,5,1,5
2018551800355,1,9,0,16,0,0,2,11,7,3,1,1,6,2,19,4,1360,1,12,4,2,4
2018551800356,1,9,0,9,0,6,0,0,0,0,1,1,6,1,90,11,1242,1,17,2,1,2
2018551800356,2,9,0,18,0,1,0,0,0,0,3,1,6,1,64,9,1997,2,18,3,1,3
2018551800357,1,9,0,18,0,8,0,0,0,0,1,1,1,2,29,6,1598,1,13,7,2,7
2018551800357,2,9,0,18,0,1,0,0,0,0,3,1,6,1,55,8,1198,1,12,10,1,10
2018551800358,1,19,0,7,0,7,0,0,0,0,0,1,6,3,-1,-1,-1,-1,-1,-1,-1,-1
2018551800358,2,9,0,4,0,1,0,0,0,0,1,1,6,2,41,7,1560,2,11,5,3,5
2018551800358,3,9,0,18,0,1,0,0,0,0,2,1,6,2,22,5,1598,1,11,3,1,3
2018551800359,1,9,0,17,0,0,0,4,1,11,1,1,6,1,51,8,1560,2,12,9,2,9
2018551800359,2,9,0,2,0,0,0,0,0,0,2,1,6,1,51,8,1988,2,14,6,3,6
2018551800359,3,19,0,2,0,0,0,4,0,0,2,1,6,3,-1,-1,1968,2,7,-1,-1,-1
2018551800360,1,9,0,17,0,0,2,0,1,0,3,1,6,2,59,9,4921,2,14,5,3,5
2018551800362,1,19,0,18,0,0,1,0,1,3,1,1,1,1,34,6,1997,2,2,7,2,7
2018551800363,1,9,0,9,0,8,0,0,0,0,1,1,6,2,18,4,973,1,15,9,1,9
2018551800365,1,9,0,18,0,0,1,0,0,0,1,1,1,1,53,8,1149,1,11,5,1,5
2018551800366,1,9,0,18,0,1,0,0,0,0,1,1,3,2,34,6,2499,1,13,7,1,7
2018551800366,2,9,0,4,0,1,0,0,0,0,2,1,6,1,48,8,2401,2,12,6,3,6
2018551800367,1,9,0,6,0,0,0,0,0,0,4,1,6,1,26,6,1398,1,2,6,1,6
2018551800367,2,9,0,18,0,0,0,0,0,0,1,1,6,2,36,7,1360,1,12,3,1,3
2018551800368,1,9,0,9,0,1,0,0,0,0,1,1,3,2,30,6,1796,1,10,5,1,5
2018551800368,2,5,0,13,0,1,0,0,0,0,1,1,2,1,26,6,670,1,6,6,1,6
2018551800369,1,19,0,18,0,8,0,0,0,0,1,1,6,1,20,4,2151,2,18,5,1,5
2018551800369,2,9,0,18,0,8,0,0,0,0,4,1,6,2,39,7,1956,2,7,5,1,5
2018551800370,1,9,0,5,0,4,0,0,0,0,1,1,6,1,64,9,1798,8,2,10,1,10
2018551800370,2,4,0,18,0,3,0,0,0,0,4,1,6,1,32,6,321,1,2,7,1,7
2018551800371,1,1,0,11,0,0,0,11,0,0,4,1,2,1,28,6,-1,-1,-1,2,1,2
2018551800372,1,20,0,18,0,1,0,0,0,0,1,1,1,1,70,10,5193,2,10,7,3,7
2018551800372,2,9,0,10,0,1,0,0,0,0,2,1,6,2,42,7,1799,1,9,9,3,9
2018551800372,3,21,0,18,0,1,0,0,0,0,1,1,1,1,59,9,9290,2,7,5,1,5
2018551800373,1,9,0,18,0,4,0,0,0,0,1,1,6,2,42,7,2400,1,12,9,1,9
2018551800373,2,1,0,18,0,4,0,0,0,0,2,1,6,1,41,7,-1,-1,-1,9,1,9
2018551800374,1,19,0,18,0,6,0,0,7,11,1,1,1,1,26,6,1995,2,11,2,1,2
2018551800374,2,9,0,18,0,1,0,0,1,11,1,1,6,1,28,6,1229,1,5,6,1,6
2018551800375,1,9,0,9,0,6,0,0,0,0,1,1,2,2,30,6,1560,2,11,10,1,10
2018551800375,2,5,0,14,0,1,0,0,0,0,1,1,2,1,53,8,1050,1,11,10,1,10
2018551800376,1,19,0,18,0,8,2,0,1,10,4,1,1,1,26,6,2143,2,5,1,1,1
2018551800376,2,9,0,18,0,8,0,0,1,10,1,1,2,1,47,8,1995,2,12,10,1,10
2018551800377,1,2,0,14,0,0,0,0,0,0,1,1,2,1,24,5,124,1,10,2,1,2
2018551800377,2,9,0,9,0,0,0,0,0,0,3,1,6,1,29,6,1998,1,16,5,1,5
2018551800378,1,9,0,18,0,0,5,4,0,0,0,1,2,1,22,5,1242,1,12,9,1,9
2018551800378,2,9,0,2,0,0,0,0,0,0,0,1,6,3,-1,-1,2143,2,1,-1,-1,-1
2018551800379,1,9,0,9,0,6,0,0,0,0,3,1,6,2,37,7,1598,1,14,3,1,3
2018551800379,2,9,0,18,0,8,0,0,0,0,1,1,6,1,38,7,1390,1,12,4,1,4
2018551800380,1,8,0,18,0,1,0,0,0,0,1,1,1,1,51,8,1997,2,7,1,1,1
2018551800381,1,9,0,18,0,1,0,0,7,11,3,1,6,2,35,6,1984,1,14,8,1,8
2018551800381,2,19,0,7,0,5,0,0,0,0,1,1,6,1,29,6,2800,2,19,2,1,2
2018551800382,1,9,0,4,0,1,0,0,0,0,1,1,6,1,37,7,1598,1,17,3,1,3
2018551800382,2,9,0,4,0,1,0,0,0,0,2,1,6,1,45,7,1995,2,4,5,1,5
2018551800384,1,2,0,9,0,6,0,0,0,0,1,1,6,1,16,4,49,1,7,10,1,10
2018551800384,2,9,0,18,0,1,0,0,0,0,4,1,6,1,73,10,2993,2,4,6,3,6
2018551800386,1,9,0,18,0,4,0,0,7,1,1,1,2,1,26,6,1968,2,6,5,-1,5
2018551800386,2,21,1,18,0,8,0,0,0,0,2,1,1,1,56,9,12902,2,2,8,1,8
2018551800386,3,9,0,18,0,8,0,0,0,0,1,1,6,1,33,6,1995,2,15,6,3,6
2018551800388,1,9,0,9,0,5,0,0,0,0,4,1,2,1,54,8,1840,1,22,5,1,5
2018551800388,2,1,0,18,0,1,0,0,0,0,1,1,6,1,35,6,-1,-1,-1,4,1,4
2018551800389,1,21,1,11,0,3,0,0,0,0,1,1,1,1,60,9,12902,2,2,5,1,5
2018551800389,2,9,0,18,0,3,1,0,0,0,3,1,6,2,56,9,1360,1,16,7,3,7
2018551800390,1,1,0,7,0,6,0,0,0,0,1,1,6,1,13,3,-1,-1,-1,6,1,6
2018551800390,2,19,0,18,0,8,0,0,0,0,1,1,6,1,49,8,1968,2,4,5,1,5
2018551800392,1,19,3,18,0,0,0,0,0,0,1,1,6,1,35,6,1968,2,6,7,3,7
2018551800393,1,9,0,16,0,0,0,0,0,0,1,1,6,1,25,5,1769,2,24,8,2,8
2018551800393,2,9,0,16,0,0,0,0,0,0,2,1,6,1,35,6,1905,2,25,8,2,8
2018551800394,1,9,0,18,0,0,0,0,0,0,1,1,6,2,36,7,3497,1,20,7,3,7
2018551800394,2,9,0,18,0,0,1,10,7,9,2,1,6,2,53,8,1560,2,10,7,3,7
2018551800395,1,9,0,9,0,8,0,0,0,0,4,1,6,1,19,4,1198,1,12,9,1,9
2018551800395,2,9,0,18,0,8,0,0,0,0,1,1,6,2,34,6,1968,2,2,3,1,3
2018551800396,1,19,0,9,9,8,0,7,8,7,1,1,2,1,53,8,1598,2,1,7,1,7
2018551800396,2,9,0,18,0,8,0,0,0,0,1,1,6,1,67,10,998,1,14,10,1,10
2018551800397,1,9,0,18,0,0,0,0,0,0,3,1,6,1,76,11,1995,2,1,8,2,8
2018551800397,2,9,0,18,0,0,0,0,0,0,3,1,6,1,69,10,1395,1,2,10,1,10
2018551800398,1,9,0,18,0,2,0,0,0,0,4,1,2,2,39,7,1995,2,1,9,1,9
2018551800399,1,9,0,18,0,1,0,0,0,0,1,1,6,3,-1,-1,-1,-1,-1,-1,-1,-1
2018551800399,2,9,0,3,0,1,0,0,0,0,2,1,1,2,42,7,998,1,5,9,1,9
2018551800400,1,9,0,6,0,6,0,0,0,0,3,1,6,1,33,6,1781,1,16,1,1,1
2018551800400,2,9,0,18,0,8,0,0,0,0,1,1,6,1,22,5,998,1,20,7,3,7
2018551800402,1,9,0,18,0,1,0,0,0,0,1,1,6,1,34,6,1998,1,16,8,1,8
2018551800402,2,9,0,7,0,5,0,0,0,0,4,1,6,1,38,7,1598,1,8,4,1,4
2018551800404,1,19,0,3,0,1,0,0,0,0,1,1,6,3,-1,-1,2287,2,10,-1,-1,-1
2018551800404,2,9,0,3,0,1,0,0,0,0,0,1,6,2,24,5,1360,1,19,3,1,3
2018551800405,1,9,0,5,0,4,0,0,0,0,1,1,6,2,47,8,1598,1,12,3,1,3
2018551800405,2,9,0,18,0,8,0,9,0,0,4,1,2,2,49,8,1329,1,5,8,1,8
2018551800407,1,9,0,1,0,0,0,0,7,2,2,1,6,2,67,10,1796,1,10,8,1,8
2018551800409,1,21,1,18,0,0,0,0,0,0,1,1,1,1,43,7,12740,2,1,10,1,10
2018551800409,2,9,0,2,0,0,0,0,0,0,0,1,6,3,-1,-1,1598,1,14,-1,-1,-1
2018551800410,1,9,0,18,0,1,0,0,0,0,1,1,6,1,32,6,1999,1,12,9,3,9
2018551800410,2,9,0,1,0,6,0,0,0,0,3,1,6,2,29,6,1242,1,4,5,1,5
2018551800410,3,9,0,2,0,1,0,0,0,0,3,1,6,3,-1,-1,1997,2,4,-1,-1,-1
2018551800414,1,9,0,18,0,8,0,0,0,0,3,1,6,2,54,8,1329,1,4,7,2,7
2018551800414,2,5,0,18,0,8,0,0,0,0,4,1,2,1,29,6,600,1,7,5,1,5
2018551800415,1,9,0,18,0,2,1,0,1,9,1,1,6,1,17,4,1398,1,8,10,1,10
2018551800417,1,9,0,4,0,0,0,0,0,0,1,1,6,2,40,7,1364,1,11,7,1,7
2018551800417,2,9,0,4,0,0,0,0,0,0,2,1,6,2,64,9,1248,1,1,8,3,8
2018551800417,3,19,0,4,0,0,0,0,0,0,2,1,6,1,46,8,2464,2,10,9,1,9
2018551800418,1,9,0,18,0,0,2,0,2,10,1,1,6,1,62,9,1991,8,2,10,2,10
2018551800419,1,9,0,16,0,0,0,0,0,0,1,1,6,1,21,5,1798,1,1,7,3,7
2018551800419,2,9,0,17,0,0,0,0,0,0,1,1,2,1,53,8,1390,1,17,7,1,7
2018551800420,1,9,0,18,0,2,0,0,0,0,3,1,6,3,-1,-1,1461,2,10,-1,-1,-1
2018551800420,2,9,0,18,0,2,0,0,0,0,4,1,6,2,29,6,1497,1,14,2,1,2
2018551800421,1,9,0,18,0,0,0,0,0,0,1,1,2,2,45,7,1339,1,12,6,1,6
2018551800422,1,9,0,1,0,0,0,0,0,0,2,1,6,3,-1,-1,1995,2,5,-1,-1,-1
2018551800423,1,9,0,4,0,0,0,0,0,0,0,1,6,3,-1,-1,1598,1,12,-1,-1,-1
2018551800423,2,11,0,18,0,0,0,0,0,0,0,1,1,1,58,9,7300,2,17,1,1,1
2018551800424,1,9,0,18,0,2,1,0,7,9,1,1,6,1,27,6,1598,2,1,9,1,9
2018551800425,1,9,0,18,0,8,0,0,0,0,1,1,1,2,31,6,1461,2,2,5,3,5
2018551800426,1,11,0,4,2,0,0,0,0,0,4,1,1,1,52,8,6374,2,9,8,1,8
2018551800427,1,19,0,17,0,0,0,0,0,0,1,1,6,1,34,6,1560,2,9,9,1,9
2018551800427,2,9,0,16,0,0,1,0,0,0,1,1,2,1,25,5,1896,2,16,9,1,9
2018551800428,1,9,0,18,0,0,0,0,0,0,3,1,1,1,-1,-1,-1,-1,-1,-1,-1,-1
2018551800429,1,9,0,14,0,1,0,0,0,0,4,1,6,1,52,8,1995,2,12,3,1,3
2018551800429,2,19,0,9,0,6,0,0,0,0,1,1,6,1,40,7,1870,2,13,4,1,4
2018551800430,1,9,0,1,0,0,0,0,0,0,2,1,6,1,61,9,1248,1,4,6,1,6
2018551800430,2,9,0,18,0,0,0,0,0,0,1,1,6,1,30,6,1248,1,-1,1,1,1
2018551800431,1,9,0,17,0,0,0,0,1,4,1,1,6,2,23,5,1590,1,15,8,-1,8
2018551800432,1,11,0,4,0,0,0,0,0,0,1,1,1,1,61,9,9000,2,5,4,1,4
2018551800433,1,9,0,18,0,8,0,0,3,2,1,1,6,1,28,6,1229,1,9,7,1,7
2018551800434,1,9,0,9,0,5,0,0,0,0,4,1,6,1,74,10,2997,1,13,10,1,10
2018551800434,2,1,0,18,0,8,1,0,0,0,1,1,6,1,21,5,-1,-1,-1,1,1,1
2018551800436,1,9,0,9,0,1,0,0,0,0,1,1,6,1,32,6,1988,1,16,7,2,7
2018551800436,2,9,0,18,0,1,0,0,0,0,1,1,6,1,57,9,1580,8,1,7,3,7
2018551800437,1,9,0,18,0,8,0,0,7,1,4,1,6,1,30,6,1395,1,2,3,1,3
2018551800437,2,9,0,18,0,8,0,0,0,0,1,1,6,1,43,7,1582,2,1,6,2,6
2018551800438,1,9,0,12,0,0,0,0,0,0,1,1,6,1,80,11,1461,2,1,8,1,8
2018551800439,1,9,0,18,0,1,0,0,0,0,1,1,2,2,38,7,1248,1,4,8,1,8
2018551800439,2,1,0,18,0,1,0,0,0,0,2,1,6,1,38,7,-1,-1,-1,7,1,7
2018551800440,1,9,0,9,0,1,0,0,0,0,1,1,6,1,77,11,998,1,5,7,3,7
2018551800440,2,9,0,18,0,1,0,0,0,0,4,1,6,2,71,10,1461,2,9,6,2,6
2018551800442,1,1,0,18,5,0,0,0,0,0,1,1,6,1,25,5,-1,-1,-1,6,2,6
2018551800442,2,9,0,18,0,0,0,0,0,0,1,1,6,1,37,7,1968,2,7,5,1,5
2018551800443,1,9,0,5,0,4,0,0,0,0,1,1,6,1,60,9,1596,1,14,8,1,8
2018551800443,2,9,0,3,0,4,0,0,0,0,2,1,6,1,61,9,1560,2,3,7,2,7
2018551800444,1,9,0,13,0,1,0,0,7,10,1,1,6,1,66,10,2148,2,13,4,1,4
2018551800444,2,9,4,9,0,5,0,0,7,4,3,1,1,1,32,6,2495,2,23,3,1,3
2018551800445,1,9,0,6,0,8,0,0,0,0,3,1,6,1,47,8,1995,1,14,8,2,8
2018551800445,2,5,0,18,0,1,0,0,0,0,1,1,6,1,21,5,125,1,2,8,3,8
2018551800446,1,9,0,13,0,0,0,0,0,0,0,1,6,3,-1,-1,-1,-1,-1,-1,-1,-1
2018551800446,2,1,0,18,0,0,0,0,1,9,0,1,6,1,71,10,-1,-1,-1,6,3,6
2018551800449,1,19,0,10,0,1,0,0,0,0,1,1,1,1,60,9,2198,2,2,-1,-1,-1
2018551800449,2,5,0,18,0,1,0,0,0,0,2,1,6,1,57,9,1250,1,13,7,3,7
2018551800450,1,9,0,17,0,0,1,0,1,11,1,1,6,1,42,7,1990,1,17,7,2,7
2018551800451,1,9,0,4,0,0,0,0,0,0,1,1,6,2,41,7,1984,1,13,6,1,6
2018551800451,2,9,0,3,0,0,0,0,0,0,2,1,6,2,25,5,1124,1,15,6,1,6
2018551800451,3,9,0,3,0,0,0,0,0,0,2,1,6,1,48,8,1984,1,10,-1,-1,-1
2018551800452,1,11,0,5,2,0,0,0,0,0,4,1,6,1,51,8,6700,2,-1,5,1,5
2018551800452,2,1,0,18,9,0,0,0,0,0,0,1,6,2,51,8,-1,-1,-1,4,1,4
2018551800453,1,9,0,18,0,0,0,0,0,0,3,1,6,1,63,9,1242,1,12,5,1,5
2018551800453,2,11,0,18,0,0,0,0,0,0,4,1,1,1,46,8,4461,2,4,1,1,1
2018551800454,1,9,0,18,0,0,0,0,0,0,1,1,6,2,31,6,1390,1,11,6,1,6
2018551800454,2,9,0,18,0,0,0,0,0,0,2,1,3,1,43,7,1242,1,6,8,1,8
2018551800454,3,9,0,18,0,0,0,0,0,0,2,1,6,2,49,8,1997,1,19,8,1,8
2018551800455,1,5,0,5,0,3,1,7,0,0,3,1,2,1,25,5,678,1,1,5,1,5
2018551800455,2,9,0,5,0,8,0,0,0,0,0,1,6,2,39,7,-1,-1,-1,5,1,5
2018551800455,3,9,0,3,0,1,0,0,0,0,3,1,2,1,34,6,1229,1,10,6,1,6
2018551800456,1,9,0,18,0,0,0,0,0,0,1,1,6,1,25,5,1390,1,17,4,1,4
2018551800456,2,9,0,4,0,0,0,0,0,0,2,1,6,1,56,9,1390,1,17,7,1,7
2018551800457,1,9,0,9,0,6,0,0,0,0,1,1,6,1,22,5,898,1,3,5,1,5
2018551800457,2,9,0,18,0,8,0,0,0,0,4,1,6,2,57,9,1797,8,4,6,1,6
2018551800459,1,9,0,13,0,8,0,0,0,0,1,1,1,1,54,8,1968,2,7,7,2,7
2018551800459,2,9,0,9,0,8,0,0,0,0,3,1,6,2,74,10,1197,1,5,8,1,8
2018551800461,1,9,0,4,0,0,0,0,0,0,4,1,6,1,19,4,1229,1,7,10,1,10
2018551800461,2,1,0,18,0,0,0,0,0,0,3,1,6,1,23,5,-1,-1,-1,7,1,7
2018551800462,1,9,0,9,0,6,0,0,0,0,3,1,6,3,-1,-1,-1,-1,-1,-1,-1,-1
2018551800462,2,1,0,18,0,1,0,0,0,0,1,1,6,1,30,6,-1,-1,-1,3,1,3
2018551800463,1,9,0,12,0,0,0,0,0,0,3,1,6,2,25,5,1951,2,18,4,1,4
2018551800463,2,9,0,4,0,0,0,0,0,0,4,1,6,2,27,6,1598,1,13,5,1,5
2018551800467,1,19,0,18,0,0,1,0,0,0,1,1,1,1,38,7,2198,2,3,7,1,7
2018551800467,2,9,0,18,0,0,0,0,0,0,2,1,6,2,56,9,1398,2,3,5,3,5
2018551800467,3,9,0,18,0,0,0,0,0,0,2,1,6,1,47,8,999,1,1,-1,-1,-1
2018551800467,4,9,0,18,0,0,0,0,0,0,2,1,6,1,45,7,1461,2,4,4,1,4
2018551800467,5,9,4,18,0,0,0,0,0,0,2,1,6,1,20,4,2184,2,13,5,3,5
2018551800468,1,19,0,16,0,0,1,0,0,0,1,1,6,1,27,6,1870,2,14,4,1,4
2018551800468,2,9,0,17,0,0,0,0,0,0,1,1,6,1,56,9,1560,2,1,5,1,5
2018551800469,1,4,0,18,0,0,1,0,0,0,3,1,6,1,22,5,-1,-1,-1,7,3,7
2018551800469,2,9,0,4,0,0,0,0,0,0,3,1,6,2,62,9,1499,2,1,6,3,6
2018551800469,3,17,4,4,0,0,0,0,0,0,3,1,1,1,29,6,6728,2,6,7,3,7
2018551800470,1,9,0,4,0,1,0,0,0,0,1,1,6,1,70,10,998,1,4,2,1,2
2018551800472,1,3,0,16,0,3,0,9,0,0,1,1,1,1,17,4,125,1,7,6,1,6
2018551800473,1,1,0,18,0,6,0,0,0,0,1,1,6,1,16,4,-1,-1,-1,5,1,5
2018551800473,2,9,0,18,0,8,0,0,0,0,4,1,6,1,54,8,1794,1,15,10,1,10
2018551800474,1,9,0,9,0,6,0,0,0,0,3,1,6,2,58,9,1598,1,11,1,1,1
2018551800474,2,4,0,18,0,1,0,0,0,0,1,1,6,1,28,6,124,1,7,2,1,2
2018551800475,1,9,0,18,0,0,0,0,0,0,1,1,6,1,86,11,1796,1,19,2,1,2
2018551800475,2,9,0,4,0,0,0,0,0,0,2,1,6,1,35,6,1598,2,7,5,1,5
2018551800475,3,9,0,3,0,0,0,0,0,0,2,1,2,1,33,6,1968,2,2,-1,-1,-1
2018551800476,1,17,4,16,0,0,0,0,0,0,0,1,1,1,64,9,-1,2,32,7,3,7
2018551800476,2,16,0,17,0,0,0,0,0,0,0,1,6,2,16,4,-1,-1,-1,7,3,7
2018551800477,1,9,0,4,0,1,0,0,0,0,1,1,6,1,48,8,1896,2,15,3,1,3
2018551800477,2,9,0,8,0,1,0,0,0,0,2,1,6,2,55,8,1229,1,13,5,1,5
2018551800478,1,9,0,10,0,6,0,0,0,0,4,1,2,2,30,6,1242,1,1,3,1,3
2018551800478,2,3,0,17,0,1,0,0,0,0,1,1,6,1,74,10,-1,-1,-1,8,1,8
2018551800480,1,4,0,18,0,3,1,0,0,0,4,1,6,1,56,9,1050,1,9,9,1,9
2018551800480,2,9,0,18,0,3,0,0,0,0,3,1,6,1,39,7,1910,2,12,5,1,5
2018551800481,1,9,0,9,0,5,0,0,0,0,4,1,2,1,32,6,-1,-1,-1,6,1,6
2018551800481,2,3,0,18,0,1,0,0,0,0,1,1,6,1,33,6,124,1,17,7,1,7
2018551800482,1,9,0,9,0,8,0,0,0,0,1,1,6,1,88,11,1598,1,8,5,1,5
2018551800484,1,9,0,18,9,0,1,0,1,11,1,1,6,1,64,9,1995,2,10,4,1,4
2018551800485,1,9,0,7,0,6,0,0,0,0,1,1,6,1,38,7,2261,1,13,8,1,8
2018551800485,2,2,0,18,0,1,0,0,0,0,1,1,2,1,21,5,125,1,2,8,1,8
2018551800486,1,9,0,4,0,0,0,0,0,0,2,1,6,2,18,4,1390,1,15,9,1,9
2018551800486,2,3,0,18,0,0,0,0,0,0,1,1,6,1,57,9,125,1,2,3,1,3
2018551800488,1,9,0,18,0,1,0,0,0,0,1,1,6,2,42,7,1598,1,1,4,1,4
2018551800488,2,9,0,18,0,1,0,0,0,0,3,1,6,1,84,11,995,1,10,6,1,6
2018551800489,1,9,0,5,0,1,0,0,0,0,1,1,1,1,50,8,1968,2,3,10,1,10
2018551800490,1,9,0,18,0,8,1,0,2,7,3,1,6,2,34,6,2179,2,8,6,1,6
2018551800490,2,9,0,5,0,4,0,0,0,0,1,1,6,2,23,5,1598,2,3,8,3,8
2018551800491,1,9,0,9,0,1,0,0,0,0,3,1,6,2,27,6,1395,1,2,5,1,5
2018551800491,2,3,0,18,0,8,0,0,0,0,1,1,6,2,39,7,50,1,3,6,1,6
2018551800492,1,9,0,9,0,6,0,0,0,0,1,1,6,1,83,11,1598,2,7,7,1,7
2018551800492,2,9,0,18,0,1,0,0,0,0,4,1,6,2,61,9,1590,1,14,8,1,8
2018551800494,1,9,0,16,0,0,1,0,0,0,1,1,2,2,19,4,1275,1,24,9,3,9
2018551800494,2,9,0,18,0,0,0,0,0,0,1,1,2,2,46,8,1493,2,10,10,1,10
2018551800495,1,19,0,4,0,8,1,0,0,0,1,1,6,1,24,5,1868,2,14,6,2,6
2018551800495,2,9,0,8,0,5,0,0,0,0,2,1,6,1,49,8,2191,2,1,7,1,7
2018551800498,1,9,0,15,0,0,0,0,0,0,4,1,6,2,66,10,2987,2,6,7,2,7
2018551800500,1,3,0,4,0,0,0,0,0,0,1,1,6,1,33,6,124,1,3,4,2,4
2018551800500,2,9,0,4,0,0,0,0,0,0,2,1,6,1,23,5,1240,1,10,6,3,6
2018551800503,1,19,0,3,0,1,0,0,0,0,1,1,1,3,-1,-1,1598,2,1,-1,-1,-1
2018551800503,2,9,0,3,0,4,0,0,0,0,2,1,6,2,31,6,999,1,3,6,1,6
2018551800506,1,9,0,9,0,6,0,0,0,0,3,1,6,2,79,11,1299,1,17,5,1,5
2018551800506,2,1,0,18,0,1,0,0,0,0,1,1,6,1,56,9,-1,-1,-1,7,1,7
2018551800508,1,9,0,7,0,3,1,10,1,11,1,1,6,1,29,6,2497,1,13,8,1,8