Accident_Index,Vehicle_Reference,Vehicle_Type,Towing_and_Articulation,Vehicle_Manoeuvre,Vehicle_Location-Restricted_Lane,Junction_Location,Skidding_and_Overturning,Hit_Object_in_Carriageway,Vehicle_Leaving_Carriageway,Hit_Object_off_Carriageway,1st_Point_of_Impact,Was_Vehicle_Left_Hand_Drive?,Journey_Purpose_of_Driver,Sex_of_Driver,Age_of_Driver,Age_Band_of_Driver,Engine_Capacity_(CC),Propulsion_Code,Age_of_Vehicle,Driver_IMD_Decile,Driver_Home_Area_Type,Vehicle_IMD_Decile
2018551800509,1,19,0,18,0,1,0,0,0,0,1,1,6,3,-1,-1,1968,2,9,-1,-1,-1
2018551800509,2,9,0,10,0,1,0,0,0,0,2,1,1,1,21,5,-1,-1,-1,8,1,8
2018551800510,1,9,0,9,0,5,0,0,0,0,1,1,2,1,69,10,1910,2,10,8,1,8
2018551800510,2,1,0,18,0,1,0,0,0,0,1,1,6,1,41,7,-1,-1,-1,5,1,5
2018551800511,1,9,0,16,0,0,1,0,7,0,1,1,2,2,28,6,1242,1,4,10,1,10
2018551800511,2,19,0,17,0,0,2,0,0,0,3,1,2,1,43,7,-1,-1,-1,-1,-1,-1
2018551800512,1,19,0,18,0,8,0,0,0,0,1,1,2,1,38,7,1968,2,3,10,1,10
2018551800513,1,9,0,9,0,1,0,0,0,0,2,1,2,1,40,7,2987,2,2,3,1,3
2018551800513,2,1,0,18,0,1,0,0,0,0,1,1,2,1,38,7,-1,-1,-1,1,1,1
2018551800514,1,9,0,18,0,0,0,0,0,0,1,1,3,2,36,7,1587,1,17,1,2,1
2018551800514,2,9,0,18,0,0,0,0,0,0,2,1,2,1,47,8,1986,2,12,10,1,10
2018551800515,1,9,0,5,0,8,0,0,0,0,1,1,6,1,80,11,2400,2,10,8,3,8
2018551800515,2,9,0,18,0,1,1,0,0,0,3,1,6,1,52,8,1950,2,1,10,1,10
2018551800515,3,9,0,18,0,1,0,0,0,0,1,1,6,1,28,6,1995,1,10,8,1,8
2018551800516,1,9,0,18,0,1,0,0,0,0,1,1,6,1,57,9,1461,2,8,7,1,7
2018551800516,2,9,0,8,0,1,0,0,0,0,2,1,6,2,29,6,1199,1,16,7,1,7
2018551800517,1,11,0,18,0,0,0,0,0,0,0,1,1,1,59,9,4500,2,6,1,1,1
2018551800519,1,9,0,17,0,0,2,0,1,11,1,1,6,2,31,6,1984,1,17,7,1,7
2018551800519,2,9,0,18,0,0,0,0,0,0,0,1,6,3,-1,-1,2497,1,13,-1,-1,-1
2018551800519,3,9,0,2,9,0,0,0,0,0,1,1,6,3,-1,-1,1998,1,17,-1,-1,-1
2018551800519,4,9,0,2,9,0,0,0,0,0,3,1,6,3,-1,-1,1390,1,8,-1,-1,-1
2018551800519,5,19,0,2,9,0,0,0,0,0,3,1,6,3,-1,-1,1968,2,3,-1,-1,-1
2018551800519,6,9,0,2,0,0,0,0,0,0,4,1,6,3,-1,-1,1968,2,9,-1,-1,-1
2018551800520,1,10,0,18,0,0,0,0,0,0,2,1,6,1,33,6,-1,-1,-1,-1,-1,-1
2018551800520,2,9,0,18,0,0,0,0,0,0,1,1,6,2,69,10,1984,1,14,10,3,10
2018551800521,1,9,0,18,0,0,0,0,0,0,3,1,6,2,33,6,1200,1,2,10,1,10
2018551800521,2,1,0,18,0,0,0,0,0,0,2,1,2,1,31,6,-1,-1,-1,3,1,3
2018551800522,1,8,0,18,0,0,0,0,0,0,1,1,1,1,36,7,1797,8,4,7,1,7
2018551800522,2,9,0,3,0,0,0,0,0,0,2,1,2,1,46,8,1388,1,13,5,1,5
2018551800523,1,19,0,18,0,0,0,0,0,0,4,1,6,3,-1,-1,-1,-1,-1,-1,-1,-1
2018551800523,2,16,0,18,0,0,0,0,0,0,3,1,6,2,59,9,-1,-1,-1,6,3,6
2018551800524,1,9,0,4,0,1,0,0,0,0,1,1,6,2,50,8,3600,1,10,7,2,7
2018551800524,2,9,0,4,0,1,0,0,0,0,2,1,6,1,71,10,1318,1,1,9,2,9
2018551800525,1,9,0,18,0,0,0,0,0,0,1,1,6,1,40,7,998,1,6,7,-1,7
2018551800525,2,19,0,3,0,0,0,0,0,0,2,1,6,1,38,7,2461,2,17,9,1,9
2018551800526,1,9,0,18,0,0,0,0,0,0,1,1,6,3,-1,-1,-1,-1,-1,-1,-1,-1
2018551800526,2,1,0,18,0,0,0,0,1,0,2,1,6,1,20,4,-1,-1,-1,4,1,4
2018551800527,1,19,0,9,0,8,0,0,0,0,4,1,6,3,-1,-1,-1,-1,-1,-1,-1,-1
2018551800527,2,1,0,18,4,1,0,0,0,0,1,1,2,1,32,6,-1,-1,-1,4,1,4
2018551800528,1,9,0,1,0,0,0,0,0,0,2,1,6,1,69,10,1596,1,16,9,1,9
2018551800529,1,9,0,15,0,1,0,0,0,0,1,1,6,1,72,10,1388,1,8,10,1,10
2018551800529,2,9,0,6,0,5,0,0,7,0,2,1,6,1,63,9,1968,2,8,7,3,7
2018551800530,1,9,0,17,0,0,0,0,1,4,1,1,6,1,20,4,1398,1,3,5,1,5
2018551800531,1,9,0,9,6,5,0,0,0,0,1,1,6,1,79,11,1997,2,11,4,3,4
2018551800531,2,9,0,18,0,1,0,0,0,0,1,1,6,1,35,6,1598,1,8,5,2,5
2018551800532,1,9,0,1,0,0,0,0,0,0,2,1,6,1,39,7,-1,-1,-1,4,1,4
2018551800534,1,9,0,5,0,4,0,0,0,0,1,1,6,1,33,6,1595,1,19,10,1,10
2018551800534,2,9,0,18,0,8,0,0,0,0,4,1,6,1,67,10,2993,2,15,1,1,1
2018551800535,1,9,0,10,0,1,0,0,0,0,2,1,6,1,53,8,1248,2,3,9,1,9
2018551800535,2,9,0,18,0,1,0,0,0,0,4,1,6,1,31,6,1968,2,11,6,1,6
2018551800536,1,1,0,9,0,0,0,0,0,0,3,1,6,1,28,6,-1,-1,-1,2,1,2
2018551800536,2,5,0,18,0,0,0,0,0,0,1,1,6,1,60,9,487,1,20,6,1,6
2018551800537,1,19,0,7,0,6,0,0,0,0,1,1,1,1,45,7,1997,2,1,6,1,6
2018551800537,2,1,0,18,0,8,0,0,0,0,4,1,6,2,45,7,-1,-1,-1,6,1,6
2018551800538,1,9,0,9,0,6,0,0,0,0,1,1,6,1,68,10,1388,1,8,2,1,2
2018551800539,1,9,0,17,0,0,1,0,7,9,1,1,6,1,18,4,1149,1,13,5,2,5
2018551800540,1,9,0,18,0,8,0,0,0,0,1,1,6,3,-1,-1,1984,2,9,-1,-1,-1
2018551800540,2,9,0,3,0,8,0,0,0,0,2,1,6,2,42,7,1560,2,6,3,1,3
2018551800541,1,9,0,9,0,5,0,10,1,2,1,1,6,1,22,5,1796,1,17,5,1,5
2018551800543,1,9,0,18,0,0,0,0,0,0,1,1,2,1,37,7,1995,1,12,3,1,3
2018551800545,1,9,0,4,0,1,0,0,0,0,1,1,6,1,47,8,2967,2,2,7,1,7
2018551800545,2,9,0,3,0,1,0,0,0,0,2,1,6,1,40,7,2400,2,7,10,1,10
2018551800547,1,9,0,18,0,0,0,0,0,0,1,1,6,1,83,11,998,1,4,7,1,7
2018551800547,2,21,0,18,0,0,0,0,0,0,1,1,1,1,34,6,6700,2,2,9,1,9
2018551800548,1,9,0,18,0,0,0,0,0,0,1,1,6,1,82,11,1242,1,7,2,1,2
2018551800549,1,9,0,6,0,0,0,0,0,0,3,1,6,2,68,10,1598,1,11,6,3,6
2018551800549,2,5,0,18,0,0,0,0,0,0,1,1,6,1,49,8,1000,1,10,7,1,7
2018551800550,1,9,0,6,0,0,0,0,0,0,3,1,6,2,49,8,1596,1,16,3,1,3
2018551800550,2,5,0,18,0,0,1,0,7,0,1,1,6,1,54,8,1731,1,3,5,1,5
2018551800551,1,4,0,6,0,0,0,0,0,0,3,1,6,1,28,6,693,1,2,10,1,10
2018551800551,2,4,0,14,0,0,0,0,0,0,1,1,6,1,23,5,600,1,4,9,1,9
2018551800552,1,9,0,18,0,0,0,0,0,0,1,1,6,2,73,10,1318,1,-1,8,1,8
2018551800552,2,9,0,18,0,0,0,0,0,0,1,1,6,2,57,9,4200,2,19,9,3,9
2018551800553,1,9,0,18,0,1,1,0,1,4,1,1,6,1,69,10,1329,1,5,10,1,10
2018551800553,2,9,0,3,0,1,0,0,0,0,2,1,6,1,57,9,1995,2,7,6,3,6
2018551800553,3,9,0,3,0,1,0,0,0,0,2,1,6,1,33,6,1598,2,6,3,1,3
2018551800555,1,9,0,9,0,8,0,0,0,0,3,1,2,1,47,8,1997,2,15,6,1,6
2018551800555,2,4,0,18,0,1,1,0,1,0,1,1,2,2,20,4,599,1,8,9,1,9
2018551800556,1,1,0,18,9,0,0,0,0,0,4,1,6,1,15,3,-1,-1,-1,-1,-1,-1
2018551800556,2,9,0,18,0,0,0,0,0,0,0,1,6,1,49,8,2494,8,1,7,1,7
2018551800558,1,9,0,9,0,6,0,4,0,0,4,1,6,2,49,8,1598,1,13,2,1,2
2018551800558,2,5,0,18,0,8,1,0,1,10,1,1,6,1,21,5,599,1,8,6,1,6
2018551800558,3,9,0,2,6,1,0,0,0,0,2,1,6,3,-1,-1,1398,1,2,-1,-1,-1
2018551800558,4,9,0,2,0,1,0,0,0,0,1,1,6,3,-1,-1,1242,1,2,-1,-1,-1
2018551800558,5,9,0,2,0,1,0,0,0,0,3,1,6,3,-1,-1,1390,1,12,-1,-1,-1
2018551800558,6,9,0,2,0,1,0,0,0,0,1,1,6,3,-1,-1,1598,1,3,-1,-1,-1
2018551800559,1,21,1,18,0,0,0,0,0,0,0,1,1,1,55,8,12777,2,1,5,2,5
2018551800559,2,9,0,18,0,0,0,0,0,0,3,1,6,1,37,7,1796,1,11,1,1,1
2018551800560,1,9,0,18,0,0,0,0,1,11,1,1,6,1,22,5,2204,2,11,7,2,7
2018551800560,2,9,0,18,0,0,0,0,1,11,1,1,1,1,60,9,1560,2,4,10,1,10
2018551800561,1,9,0,9,0,6,0,0,0,0,3,1,6,1,18,4,1395,1,5,10,2,10
2018551800561,2,9,0,16,6,8,0,0,7,11,1,1,6,1,29,6,1997,2,17,9,2,9
2018551800564,1,9,0,6,0,0,0,0,0,0,0,1,6,3,-1,-1,-1,-1,-1,-1,-1,-1
2018551800564,2,9,0,18,0,0,0,0,0,0,2,1,6,1,65,9,-1,-1,-1,4,1,4
2018551800564,3,9,0,18,0,0,0,0,0,0,2,1,6,1,31,6,1968,2,9,6,3,6
2018551800564,4,90,0,18,0,0,0,0,0,0,1,1,6,1,77,11,2200,2,10,6,1,6
2018551800564,5,9,0,18,0,0,0,0,0,0,1,1,6,2,75,10,1399,1,2,6,1,6
2018551800565,1,9,0,1,9,1,0,0,0,0,2,1,6,1,45,7,1995,2,5,6,1,6
2018551800568,1,1,0,18,0,1,0,0,0,0,1,1,6,1,40,7,-1,-1,-1,1,1,1
2018551800568,2,9,0,9,0,5,0,0,0,0,4,1,6,2,40,7,1598,1,15,9,1,9
2018551800569,1,9,0,18,0,1,0,7,7,1,1,1,2,1,45,7,1686,2,5,6,2,6
2018551800569,2,9,0,18,0,2,0,10,0,0,1,1,2,1,20,4,1149,1,13,8,2,8
2018551800571,1,9,0,7,0,6,0,0,0,0,1,1,6,1,66,10,999,1,2,8,1,8
2018551800572,1,9,0,5,0,4,0,0,0,0,1,1,6,1,57,9,1329,1,6,8,1,8
2018551800572,2,5,0,18,0,8,0,0,0,0,2,1,2,1,50,8,650,1,52,9,3,9
2018551800573,1,4,0,13,0,8,0,0,0,0,1,1,6,1,19,4,125,1,7,6,1,6
2018551800573,2,9,0,9,0,8,0,0,0,0,3,1,6,1,56,9,1986,2,11,10,1,10
2018551800575,1,9,0,1,0,0,0,0,0,0,2,1,1,1,52,8,1493,2,12,7,2,7
2018551800577,1,90,0,7,0,1,0,0,0,0,1,1,1,1,58,9,6370,2,5,3,1,3
2018551800577,2,19,0,3,0,1,0,0,0,0,2,1,6,1,65,9,2460,2,14,8,1,8
2018551800578,1,19,0,18,0,0,0,0,7,0,1,1,1,1,68,10,1560,2,1,6,1,6
2018551800578,2,9,0,18,0,0,0,0,1,4,1,1,6,2,39,7,1339,1,13,7,1,7
2018551800580,1,9,0,16,0,0,1,0,1,4,3,1,6,1,22,5,1124,1,18,6,1,6
2018551800580,2,9,0,16,0,0,0,0,0,0,0,1,6,1,42,7,1598,1,17,4,1,4
2018551800581,1,9,0,9,0,1,0,0,0,0,1,1,1,1,20,4,2179,2,11,7,3,7
2018551800581,2,9,0,18,0,1,0,0,2,10,3,1,6,1,36,7,1968,2,10,7,3,7
2018551800582,1,9,0,18,0,1,0,0,0,0,1,1,2,2,57,9,-1,-1,-1,-1,-1,-1
2018551800582,2,9,0,4,0,1,0,0,0,0,2,1,6,1,38,7,2204,2,10,3,1,3
2018551800583,1,9,0,4,0,0,0,0,0,0,1,1,6,1,72,10,1590,1,18,7,2,7
2018551800583,2,9,0,18,0,0,0,0,0,0,1,1,1,1,57,9,2993,2,8,6,3,6
2018551800584,1,9,0,18,0,1,1,0,0,0,1,1,2,2,34,6,1396,2,3,6,1,6
2018551800584,2,19,0,18,0,1,0,0,1,9,3,1,2,1,61,9,1248,2,8,5,1,5
2018551800584,3,9,0,4,0,1,0,0,0,0,3,1,6,1,30,6,1991,2,8,8,1,8
2018551800584,4,9,0,4,0,1,0,0,0,0,2,1,2,2,47,8,1997,2,8,6,2,6
2018551800584,5,9,0,10,0,1,0,0,0,0,0,1,6,2,49,8,1298,1,14,5,3,5
2018551800585,1,9,0,18,0,4,0,0,0,0,1,1,3,1,40,7,1598,1,13,3,1,3
2018551800585,2,9,0,4,0,4,0,0,0,0,2,1,6,2,37,7,1398,1,4,3,1,3
2018551800586,1,9,0,9,0,5,0,0,0,0,4,1,6,1,80,11,999,1,-1,10,1,10
2018551800586,2,9,0,18,0,1,0,0,0,0,1,1,6,2,32,6,1596,1,11,4,1,4
2018551800588,1,9,0,9,8,6,0,0,0,0,3,1,2,2,57,9,1598,2,5,9,1,9
2018551800588,2,21,1,18,0,1,0,0,0,0,1,1,1,1,52,8,12902,2,4,6,1,6
2018551800589,1,3,0,13,0,1,0,0,0,0,1,1,2,1,25,5,124,1,2,1,1,1
2018551800589,2,9,0,9,0,6,0,0,0,0,1,1,6,2,59,9,1799,1,10,4,1,4
2018551800590,1,9,0,6,0,0,0,0,0,0,1,1,2,1,27,6,1560,2,5,7,1,7
2018551800590,2,9,0,18,0,0,0,0,0,0,1,1,2,2,37,7,1560,2,10,4,1,4
2018551800591,1,9,0,9,0,8,0,0,0,0,1,1,6,2,63,9,1248,1,3,9,1,9
2018551800591,2,9,0,9,0,8,0,0,0,0,3,1,6,2,50,8,1598,1,10,6,3,6
2018551800592,1,1,0,18,0,1,0,0,0,0,3,1,2,1,46,8,-1,-1,-1,3,1,3
2018551800592,2,9,0,13,0,1,0,0,0,0,4,1,1,1,51,8,1997,2,-1,3,1,3
2018551800595,1,9,0,9,0,5,0,0,0,0,4,1,6,1,29,6,1461,2,5,6,2,6
2018551800595,2,9,0,18,0,1,1,0,0,0,1,1,6,2,23,5,1596,1,16,6,3,6
2018551800596,1,9,0,6,0,0,0,0,0,0,3,1,1,1,64,9,1968,2,12,8,1,8
2018551800596,2,5,0,18,0,0,0,0,0,0,1,1,6,1,31,6,998,1,1,9,2,9
2018551800597,1,11,0,5,0,0,0,0,0,0,4,1,1,1,43,7,10000,2,26,7,1,7
2018551800598,1,9,0,16,0,0,5,7,0,0,1,1,6,1,29,6,1149,1,13,4,1,4
2018551800599,1,9,0,18,0,0,0,0,0,0,1,1,6,1,44,7,1598,1,16,8,-1,8
2018551800601,1,9,0,5,0,1,0,0,0,0,1,1,2,1,31,6,2777,2,8,4,2,4
2018551800601,2,9,0,8,0,1,0,0,0,0,2,1,6,2,70,10,1388,1,8,7,3,7
2018551800602,1,9,0,18,0,0,0,0,0,0,1,1,6,3,-1,-1,-1,-1,-1,-1,-1,-1
2018551800602,2,9,0,4,0,0,0,0,0,0,1,1,6,1,29,6,1496,2,3,5,1,5
2018551800602,3,9,0,3,0,0,0,0,0,0,2,1,6,1,64,9,1956,2,9,3,1,3
2018551800602,4,9,0,15,0,0,0,0,0,0,0,1,1,1,33,6,2993,2,1,8,2,8
2018551800603,1,9,0,18,0,0,0,0,0,0,1,1,6,1,30,6,-1,-1,-1,4,3,4
2018551800603,2,9,0,3,0,0,0,0,0,0,2,1,6,1,64,9,999,1,-1,2,1,2
2018551800603,3,19,0,3,0,0,0,0,0,0,2,1,6,1,51,8,2143,2,2,-1,-1,-1
2018551800603,4,9,0,3,0,0,0,0,0,0,2,1,6,1,51,8,1560,2,-1,-1,-1,-1
2018551800603,5,9,0,3,0,0,0,0,0,0,2,1,6,2,33,6,1198,1,3,-1,-1,-1
2018551800604,1,9,0,18,0,6,0,0,0,0,1,1,6,2,28,6,1596,1,16,2,1,2
2018551800604,2,9,0,18,0,1,0,0,0,0,4,1,6,1,86,11,1242,1,6,7,1,7
2018551800605,1,1,0,18,0,1,0,0,0,0,1,1,6,1,42,7,-1,-1,-1,2,1,2
2018551800605,2,9,0,18,0,1,0,0,0,0,1,1,2,2,64,9,1200,1,3,7,1,7
2018551800606,1,9,0,4,0,1,1,0,0,0,4,1,6,2,52,8,1360,1,15,3,1,3
2018551800606,2,9,0,18,0,1,0,0,0,0,1,1,6,2,32,6,1596,1,9,8,-1,8
2018551800608,1,2,0,14,0,0,1,0,0,0,1,1,6,1,30,6,49,1,12,3,1,3
2018551800610,1,3,0,13,0,1,0,0,0,0,1,1,2,1,23,5,124,1,1,8,1,8
2018551800610,2,9,0,9,0,6,0,0,0,0,1,1,2,1,55,8,1997,1,1,8,1,8
2018551800611,1,9,0,5,0,6,0,0,0,0,4,1,6,1,80,11,2996,1,-1,7,1,7
2018551800611,2,1,0,18,4,1,0,0,0,0,1,1,6,2,45,7,-1,-1,-1,2,1,2
2018551800612,1,9,0,16,0,0,0,0,7,4,1,1,2,2,35,6,1598,1,5,9,1,9
2018551800612,2,9,0,17,0,0,0,0,0,0,1,1,6,1,55,8,1997,2,2,5,1,5
2018551800613,1,9,0,1,0,0,0,4,0,0,2,1,6,1,66,10,-1,-1,-1,7,1,7
2018551800613,2,9,0,2,6,0,0,0,0,0,1,1,6,2,31,6,2179,2,5,5,1,5
2018551800614,1,9,4,18,0,0,0,0,0,0,0,1,6,1,50,8,1997,2,13,3,1,3
2018551800614,2,9,0,2,6,0,0,0,0,0,4,1,6,1,25,5,1364,1,1,5,1,5
2018551800615,1,21,0,9,0,8,5,0,0,0,0,1,1,1,49,8,12777,2,3,5,1,5
2018551800616,1,1,0,18,0,1,0,0,0,0,1,1,4,1,17,4,-1,-1,-1,9,1,9
2018551800616,2,9,0,9,0,5,0,0,0,0,4,1,6,1,33,6,1499,1,1,10,1,10
2018551800617,1,19,0,18,0,0,0,0,0,0,1,1,1,1,34,6,1753,2,6,2,1,2
2018551800617,2,19,0,4,0,0,0,0,0,0,2,1,2,1,50,8,1995,2,-1,4,1,4
2018551800618,1,9,0,9,0,5,0,0,0,0,4,1,6,1,33,6,1496,2,2,5,1,5
2018551800619,1,9,0,7,0,6,0,0,0,0,0,1,2,1,22,5,1995,1,11,9,1,9
2018551800619,2,1,0,18,0,1,0,0,0,0,0,1,2,1,23,5,-1,-1,-1,4,1,4
2018551800620,1,9,0,4,0,0,0,0,0,0,1,1,6,2,27,6,1198,1,14,8,1,8
2018551800620,2,9,0,3,0,0,0,0,0,0,2,1,6,2,30,6,1229,1,14,5,1,5
2018551800620,3,9,0,3,0,0,0,0,0,0,2,1,6,2,46,8,1798,1,-1,10,1,10
2018551800621,1,9,0,18,0,0,0,0,0,0,1,1,1,1,58,9,2995,1,1,10,1,10
2018551800623,1,9,0,18,0,0,1,4,0,0,1,1,6,2,23,5,1242,1,10,5,3,5
2018551800623,2,9,0,2,0,0,0,0,1,9,2,1,6,2,24,5,1896,2,20,2,1,2
2018551800623,3,9,0,18,0,0,0,0,0,0,4,1,2,1,27,6,2191,2,-1,6,3,6
2018551800624,1,4,0,4,0,0,0,0,0,0,2,1,2,1,19,4,499,1,15,4,-1,4
2018551800624,2,9,0,18,0,0,0,0,0,0,1,1,6,2,17,4,1242,1,7,4,1,4
2018551800625,1,9,0,17,0,0,0,0,0,0,1,2,6,1,38,7,-1,-1,-1,-1,-1,-1
2018551800625,2,9,0,16,0,0,0,0,0,0,1,1,6,2,29,6,1086,1,12,2,2,2
2018551800626,1,9,0,9,0,6,0,0,0,0,4,1,6,2,68,10,1299,1,10,5,1,5
2018551800626,2,1,0,18,0,1,0,0,0,0,1,1,6,1,51,8,-1,-1,-1,6,1,6
2018551800627,1,9,0,16,0,0,1,0,2,4,1,1,6,1,21,5,1998,1,14,8,2,8
2018551800628,1,9,0,17,0,0,1,0,7,10,1,1,2,2,25,5,1598,1,17,5,2,5
2018551800629,1,9,0,13,0,0,0,0,0,0,4,1,6,3,-1,-1,-1,-1,-1,-1,-1,-1
2018551800629,2,5,0,13,0,0,0,0,7,4,4,1,6,1,51,8,892,1,20,8,2,8
2018551800629,3,9,0,18,0,0,0,0,0,0,3,1,6,1,35,6,1198,1,13,8,1,8
2018551800630,1,9,0,17,0,0,1,0,1,3,1,1,6,2,21,5,1596,1,10,6,-1,6
2018551800631,1,9,0,17,0,0,1,0,0,0,1,1,6,2,18,4,1124,1,14,7,1,7
2018551800631,2,9,0,18,0,0,0,0,0,0,1,1,6,1,52,8,2435,1,13,6,1,6
2018551800632,1,9,0,9,0,5,0,0,0,0,3,1,6,1,41,7,2993,2,14,5,1,5
2018551800632,2,4,0,14,0,1,0,0,0,0,1,1,6,1,19,4,-1,-1,-1,2,1,2
2018551800633,1,9,0,18,0,0,0,0,0,0,1,1,6,1,68,10,1995,2,8,9,1,9
2018551800636,1,9,0,18,0,0,1,0,0,0,1,1,6,1,19,4,1248,2,10,9,1,9
2018551800636,2,9,0,4,0,0,0,0,1,0,2,1,6,1,45,7,1998,1,1,10,1,10
2018551800636,3,9,0,18,0,0,1,0,0,0,1,1,6,1,49,8,1149,1,9,6,2,6
2018551800636,4,9,3,18,0,0,0,0,1,0,1,1,6,1,45,7,2720,2,10,7,2,7
2018551800637,1,9,0,16,0,0,0,0,0,0,1,1,6,1,31,6,1598,1,4,7,3,7
2018551800637,2,9,0,17,0,0,0,0,1,9,1,1,6,2,73,10,1398,1,1,7,1,7
2018551800638,1,9,0,6,0,0,0,0,0,0,3,1,6,2,20,4,1398,1,2,8,1,8
2018551800638,2,3,0,14,0,0,0,0,0,0,1,1,6,1,25,5,599,1,19,8,1,8
2018551800639,1,9,0,13,0,0,0,0,0,0,4,1,6,3,-1,-1,-1,-1,-1,-1,-1,-1
2018551800639,2,1,0,18,0,0,0,0,1,0,3,1,6,1,62,9,-1,-1,-1,9,3,9
2018551800640,1,9,0,18,0,0,0,0,0,0,1,1,1,2,44,7,998,1,16,7,1,7
2018551800640,2,9,0,4,0,0,0,0,0,0,1,1,6,1,80,11,2143,2,3,5,3,5
2018551800641,1,9,0,5,0,1,0,0,0,0,1,1,6,1,76,11,2461,2,17,9,1,9
2018551800641,2,9,0,3,0,1,0,0,0,0,2,1,6,2,42,7,1560,2,10,4,1,4
2018551800642,1,5,0,9,0,1,0,0,0,0,3,1,6,1,40,7,749,1,26,7,2,7
2018551800642,2,9,0,17,0,1,0,0,0,0,1,1,6,1,58,9,1968,2,8,10,1,10
2018551800644,1,19,0,4,0,0,0,0,0,0,1,1,6,1,44,7,1686,2,16,3,1,3
2018551800644,2,9,0,3,0,0,0,0,0,0,2,1,6,2,25,5,999,1,3,6,1,6
2018551800644,3,9,0,3,0,0,0,0,0,0,2,1,6,1,20,4,998,1,2,5,1,5
2018551800645,1,9,0,18,0,4,0,0,0,0,1,1,6,1,44,7,2231,2,12,10,1,10
2018551800645,2,1,0,18,0,8,0,0,0,0,4,1,6,2,50,8,-1,-1,-1,5,1,5
2018551800646,1,1,0,18,0,0,0,0,0,0,0,1,6,2,67,10,-1,-1,-1,9,1,9
2018551800646,2,19,0,13,0,0,0,0,0,0,0,1,6,3,-1,-1,-1,-1,-1,-1,-1,-1
2018551800647,1,19,0,18,0,8,0,0,1,3,4,1,6,1,23,5,1560,2,2,-1,-1,-1
2018551800647,2,9,0,18,0,1,0,0,1,0,1,1,6,1,68,10,1798,8,3,7,3,7
2018551800649,1,9,0,18,0,8,0,0,0,0,4,1,3,2,52,8,1598,1,1,8,1,8
2018551800649,2,5,0,5,0,8,0,0,0,0,1,1,6,1,49,8,1250,1,18,6,1,6
2018551800650,1,9,0,18,0,1,0,0,0,0,1,1,6,2,62,9,998,1,16,-1,-1,-1
2018551800650,2,9,0,10,0,1,0,0,0,0,2,1,6,2,32,6,1598,2,2,5,1,5
2018551800651,1,9,0,18,0,0,0,0,0,0,1,1,6,2,60,9,999,1,2,6,3,6
2018551800651,2,1,0,18,0,0,0,0,0,0,4,1,4,1,14,3,-1,-1,-1,3,1,3
2018551800652,1,9,0,9,0,8,0,0,0,0,0,1,6,1,50,8,1968,2,6,6,1,6
2018551800652,2,1,0,18,0,8,0,0,0,0,0,1,6,1,39,7,-1,-1,-1,7,1,7
2018551800653,1,9,0,4,0,1,0,0,0,0,1,1,6,1,67,10,2179,2,4,6,1,6
2018551800653,2,9,0,3,0,1,0,0,0,0,2,1,6,1,64,9,2997,1,1,9,1,9
2018551800653,3,9,0,3,0,1,0,0,0,0,2,1,6,2,19,4,1199,1,18,7,1,7
2018551800656,1,9,0,18,0,1,0,0,0,0,1,1,6,1,20,4,1968,2,14,4,1,4
2018551800656,2,9,0,8,0,1,0,0,0,0,2,1,6,2,34,6,1388,1,13,6,1,6
2018551800658,1,9,0,9,0,6,0,0,0,0,3,1,6,1,68,10,-1,-1,-1,7,1,7
2018551800658,2,9,0,3,0,1,0,0,0,0,1,1,2,2,18,4,1364,1,10,9,1,9
2018551800660,1,9,0,18,0,2,0,0,0,0,1,1,6,2,75,10,1242,1,14,6,1,6
2018551800661,1,9,0,16,0,0,0,0,1,1,1,1,6,1,22,5,1248,2,10,8,1,8
2018551800663,1,3,0,15,0,1,0,0,1,0,1,1,6,1,19,4,124,1,12,3,1,3
2018551800663,2,9,0,7,0,5,0,0,0,0,4,1,6,1,57,9,1329,1,8,3,1,3
2018551800664,1,9,0,5,0,1,0,0,0,0,1,1,6,3,-1,-1,1910,2,11,-1,-1,-1
2018551800664,2,1,0,5,0,1,0,0,0,0,4,1,6,1,34,6,-1,-1,-1,4,1,4
2018551800665,1,9,0,18,0,5,0,0,0,0,1,1,6,2,64,9,1360,1,10,2,1,2
2018551800665,2,9,0,3,0,2,0,0,0,0,2,1,6,1,37,7,1910,2,12,2,1,2
2018551800668,1,9,0,18,0,1,0,0,0,0,1,1,6,2,39,7,1598,1,13,6,1,6
2018551800668,2,9,0,3,0,1,0,0,0,0,2,1,6,2,47,8,998,1,18,9,1,9
2018551800668,3,9,0,10,0,1,0,0,0,0,2,1,6,1,42,7,1596,1,16,8,1,8
2018551800670,1,9,0,18,0,0,0,0,0,0,1,1,6,2,24,5,1461,2,-1,1,1,1
2018551800671,1,1,0,18,0,1,0,0,0,0,4,1,6,2,43,7,-1,-1,-1,6,1,6
2018551800671,2,9,0,7,0,6,0,0,0,0,1,1,6,2,47,8,1598,1,12,5,1,5
2018551800673,1,1,0,12,0,0,0,0,0,0,4,1,6,1,16,4,-1,-1,-1,9,1,9
2018551800673,2,9,0,13,0,0,0,0,0,0,4,1,6,1,45,7,1248,1,1,10,1,10