Accident_Index,Vehicle_Reference,Vehicle_Type,Towing_and_Articulation,Vehicle_Manoeuvre,Vehicle_Location-Restricted_Lane,Junction_Location,Skidding_and_Overturning,Hit_Object_in_Carriageway,Vehicle_Leaving_Carriageway,Hit_Object_off_Carriageway,1st_Point_of_Impact,Was_Vehicle_Left_Hand_Drive?,Journey_Purpose_of_Driver,Sex_of_Driver,Age_of_Driver,Age_Band_of_Driver,Engine_Capacity_(CC),Propulsion_Code,Age_of_Vehicle,Driver_IMD_Decile,Driver_Home_Area_Type,Vehicle_IMD_Decile
2018551800674,1,9,0,9,0,6,0,0,1,11,3,1,6,2,33,6,999,1,1,2,1,2
2018551800674,2,5,0,18,0,1,0,0,0,0,1,1,6,1,62,9,765,1,1,8,1,8
2018551800675,1,9,0,18,0,0,0,0,0,0,1,1,6,1,69,10,1968,2,1,9,1,9
2018551800675,2,9,0,3,0,0,0,0,0,0,2,1,6,1,42,7,1995,2,11,10,1,10
2018551800675,3,5,0,3,0,0,0,0,0,0,2,1,6,1,24,5,675,1,6,7,1,7
2018551800675,4,9,0,3,0,0,0,0,0,0,2,1,6,1,21,5,1198,1,3,8,1,8
2018551800676,1,9,0,18,0,1,0,0,0,0,1,1,6,1,44,7,1951,2,16,9,2,9
2018551800676,2,9,0,4,0,1,0,0,0,0,2,1,6,2,46,8,1364,1,3,8,1,8
2018551800677,1,20,0,9,0,6,0,0,0,0,3,1,1,1,43,7,-1,-1,-1,4,1,4
2018551800677,2,1,0,18,0,1,0,0,0,0,1,1,6,1,14,3,-1,-1,-1,8,1,8
2018551800678,1,9,0,5,0,1,0,0,0,0,1,1,6,1,84,11,1598,1,11,10,1,10
2018551800678,2,9,0,3,0,4,0,0,0,0,1,1,6,2,48,8,2143,2,1,10,1,10
2018551800679,1,9,0,4,0,0,0,0,0,0,4,1,1,1,53,8,1598,1,11,3,1,3
2018551800680,1,9,0,16,0,0,0,0,7,4,4,1,6,1,61,9,1896,2,13,6,3,6
2018551800680,2,9,0,17,0,0,0,0,0,0,4,1,6,1,42,7,2993,2,4,8,2,8
2018551800682,1,9,0,4,0,1,0,0,0,0,0,1,6,3,-1,-1,-1,-1,-1,-1,-1,-1
2018551800682,2,9,0,18,0,1,0,0,0,0,1,1,6,1,65,9,1399,1,2,6,3,6
2018551800682,3,9,0,4,0,1,0,0,7,7,2,1,1,2,25,5,998,1,2,5,3,5
2018551800683,1,9,0,9,0,5,0,0,0,0,1,1,6,1,18,4,999,1,15,5,1,5
2018551800683,2,3,0,4,0,1,0,0,0,0,3,1,2,1,63,9,125,1,3,8,1,8
2018551800685,1,5,0,16,0,0,1,0,0,0,1,1,6,1,33,6,781,1,20,6,3,6
2018551800685,2,9,0,17,0,0,0,0,0,0,1,1,6,1,56,9,1995,2,10,7,3,7
2018551800686,1,9,0,16,0,0,0,0,0,0,1,1,2,1,32,6,2664,2,14,4,2,4
2018551800686,2,9,0,17,0,0,0,0,0,0,1,1,6,2,44,7,2993,2,2,5,3,5
2018551800688,1,9,0,18,0,2,0,0,0,0,1,1,6,1,43,7,2497,2,20,8,1,8
2018551800688,2,9,0,4,0,2,0,0,0,0,2,1,6,2,23,5,1598,1,15,3,1,3
2018551800689,1,9,0,18,0,4,0,0,0,0,1,1,2,2,30,6,1796,1,15,10,1,10
2018551800689,2,1,0,9,0,8,0,0,0,0,4,1,2,1,52,8,-1,-1,-1,10,1,10
2018551800690,1,9,0,18,0,0,0,0,0,0,1,1,6,1,20,4,1493,1,21,6,3,6
2018551800690,2,9,0,4,0,0,0,0,0,0,2,1,2,1,49,8,2494,8,-1,2,1,2
2018551800691,1,21,1,7,0,3,0,0,0,0,1,1,1,1,49,8,12777,2,7,8,1,8
2018551800691,2,9,0,7,0,3,0,0,0,0,2,1,2,2,33,6,1360,1,20,10,1,10
2018551800692,1,9,0,18,0,0,0,0,0,0,1,1,6,1,80,11,1598,2,7,7,1,7
2018551800692,2,9,0,18,0,0,0,0,0,0,2,1,2,1,57,9,2143,2,-1,8,1,8
2018551800693,1,9,0,9,0,5,0,0,0,0,1,1,3,2,27,6,1596,1,13,-1,-1,-1
2018551800693,2,5,0,14,0,8,0,0,0,0,4,1,2,1,28,6,998,1,12,9,1,9
2018551800694,1,9,0,5,0,4,0,0,0,0,1,1,1,2,39,7,1560,2,2,6,1,6
2018551800694,2,1,0,18,0,8,0,0,0,0,2,1,6,1,46,8,-1,-1,-1,9,1,9
2018551800695,1,3,0,18,0,0,0,0,0,0,1,1,2,2,47,8,125,1,4,1,1,1
2018551800695,2,9,0,4,0,0,0,0,0,0,2,1,6,1,36,7,1896,2,17,7,2,7
2018551800696,1,1,0,18,0,0,0,0,0,0,3,1,6,1,12,3,-1,-1,-1,6,3,6
2018551800696,2,9,0,18,0,0,0,0,0,0,1,1,6,1,42,7,1910,2,12,2,1,2
2018551800697,1,9,0,18,0,8,0,0,0,0,1,1,6,2,46,8,4196,1,13,5,1,5
2018551800697,2,9,0,18,0,8,0,0,0,0,4,1,6,2,25,5,1364,2,2,9,3,9
2018551800697,3,9,0,18,0,4,0,0,0,0,1,1,6,1,32,6,1596,1,15,1,1,1
2018551800698,1,9,0,18,0,1,0,0,0,0,1,1,6,2,43,7,1599,1,13,9,1,9
2018551800698,2,9,0,10,0,6,0,0,0,0,1,1,6,2,27,6,2184,2,14,3,1,3
2018551800699,1,9,0,18,0,1,0,0,0,0,1,1,6,1,32,6,1689,2,15,7,1,7
2018551800699,2,9,0,4,0,1,0,0,0,0,2,1,6,1,19,4,1896,2,13,7,1,7
2018551800700,1,9,0,18,0,0,0,0,0,0,1,1,6,1,94,11,1968,2,8,5,3,5
2018551800700,2,1,0,18,0,0,0,0,0,0,2,1,6,2,35,6,-1,-1,-1,3,1,3
2018551800701,1,3,0,4,0,0,0,0,0,0,1,1,6,1,18,4,-1,-1,-1,2,1,2
2018551800701,2,9,0,4,0,0,0,0,0,0,2,1,6,1,64,9,1991,1,2,9,2,9
2018551800702,1,90,0,18,0,8,0,0,0,0,1,1,1,1,29,6,2987,2,6,9,1,9
2018551800702,2,9,0,9,0,8,0,0,4,1,3,1,6,2,43,7,1995,2,7,9,-1,9
2018551800703,1,3,0,13,0,0,1,0,0,0,4,1,2,1,21,5,125,1,3,10,1,10
2018551800703,2,21,1,18,0,0,0,0,0,0,0,1,6,3,-1,-1,-1,-1,-1,-1,-1,-1
2018551800704,1,9,0,9,0,5,0,0,0,0,3,1,1,1,50,8,1968,2,8,4,1,4
2018551800704,2,4,0,14,0,1,0,0,0,0,1,1,6,1,67,10,471,1,-1,7,1,7
2018551800705,1,9,0,17,0,1,0,0,0,0,1,1,6,2,60,9,1896,2,15,10,1,10
2018551800706,1,9,0,9,0,2,0,0,0,0,1,1,6,2,57,9,1587,1,13,7,3,7
2018551800706,2,4,0,18,0,1,0,0,0,0,1,1,6,1,49,8,-1,-1,-1,-1,-1,-1
2018551800707,1,9,0,12,0,1,0,0,0,0,3,1,2,2,43,7,1560,2,5,10,1,10
2018551800707,2,5,0,13,0,1,0,0,0,0,4,1,2,1,43,7,600,1,12,6,1,6
2018551800708,1,9,0,16,0,0,0,0,0,0,1,1,1,2,23,5,1968,2,1,9,1,9
2018551800708,2,17,0,18,0,0,0,0,0,0,1,1,1,1,33,6,4397,2,1,7,2,7
2018551800709,1,9,0,1,0,6,0,0,0,0,2,1,2,2,37,7,1896,2,10,7,1,7
2018551800709,2,8,0,2,0,2,0,0,0,0,2,1,1,3,-1,-1,1560,2,3,-1,-1,-1
2018551800710,1,3,0,15,0,1,0,0,0,0,1,1,6,1,48,8,125,1,1,7,1,7
2018551800710,2,9,0,3,0,1,0,0,0,0,2,1,6,2,30,6,1598,2,7,8,1,8
2018551800712,1,19,0,4,9,1,0,0,0,0,4,1,1,1,64,9,3059,2,18,8,1,8
2018551800713,1,9,0,18,0,1,0,0,0,0,4,1,6,2,35,6,1364,1,8,4,1,4
2018551800713,2,9,0,18,0,1,0,0,0,0,3,1,6,2,23,5,1360,1,12,6,3,6
2018551800714,1,9,0,18,0,6,0,0,0,0,1,1,6,1,21,5,998,1,8,4,1,4
2018551800714,2,9,0,18,0,1,0,0,0,0,4,1,2,1,47,8,1598,2,2,3,1,3
2018551800715,1,9,0,9,0,5,0,0,0,0,1,1,6,1,65,9,1388,1,11,8,1,8
2018551800715,2,1,0,18,0,8,0,0,0,0,1,1,6,1,42,7,-1,-1,-1,6,1,6
2018551800716,1,21,1,4,0,4,0,0,0,0,1,1,1,1,32,6,12809,2,2,4,1,4
2018551800716,2,9,0,3,0,1,0,0,0,0,2,1,6,2,19,4,1360,1,13,10,1,10
2018551800717,1,9,0,18,0,0,0,0,0,0,4,1,6,1,35,6,1499,1,-1,2,1,2
2018551800717,2,19,0,18,0,0,0,0,0,0,3,1,6,1,48,8,2198,2,2,5,3,5
2018551800717,3,9,0,18,0,0,0,0,0,0,1,1,6,1,72,10,1596,1,13,5,1,5
2018551800718,1,9,0,16,0,0,0,0,0,0,1,1,6,2,17,4,1598,1,15,5,1,5
2018551800718,2,9,0,4,0,0,0,0,0,0,1,1,6,2,67,10,1200,1,2,10,1,10
2018551800719,1,9,0,18,0,1,1,0,8,10,1,1,6,3,-1,-1,1968,2,-1,-1,-1,-1
2018551800719,2,9,0,9,0,6,0,0,0,0,1,1,6,1,72,10,1956,2,3,5,1,5
2018551800720,1,9,0,18,0,0,0,0,1,1,1,1,6,2,84,11,1796,1,18,7,1,7
2018551800720,2,9,0,3,0,0,0,0,0,0,2,1,6,2,27,6,1198,1,5,3,1,3
2018551800721,1,9,0,18,0,1,0,0,0,0,4,1,6,1,85,11,1599,1,15,7,2,7
2018551800721,2,9,0,7,0,1,0,0,0,0,1,1,1,2,60,9,1794,1,17,5,3,5
2018551800722,1,5,0,18,0,0,1,0,0,0,1,1,6,1,58,9,1200,1,15,8,2,8
2018551800722,2,9,0,18,0,0,0,0,0,0,2,1,6,2,28,6,998,1,1,6,3,6
2018551800724,1,9,0,9,0,8,0,0,0,0,4,1,6,1,28,6,1997,2,10,6,1,6
2018551800724,2,1,0,18,0,8,0,0,0,0,1,1,2,1,55,8,-1,-1,-1,9,1,9
2018551800725,1,3,0,13,0,1,0,0,0,0,1,1,6,1,28,6,124,1,4,5,1,5
2018551800725,2,9,0,9,0,5,0,0,0,0,3,1,6,2,21,5,1339,1,4,5,1,5
2018551800726,1,1,0,18,0,0,0,0,0,0,1,1,6,2,38,7,-1,-1,-1,-1,-1,-1
2018551800727,1,9,0,18,0,0,0,0,0,0,4,1,6,2,56,9,2143,2,5,9,1,9
2018551800728,1,9,0,18,0,1,1,0,0,0,1,1,6,2,49,8,898,1,1,5,1,5
2018551800728,2,9,0,4,0,1,0,0,0,0,2,1,6,2,65,9,1390,1,17,3,1,3
2018551800730,1,19,0,18,0,0,0,0,0,0,4,1,1,3,-1,-1,-1,-1,-1,-1,-1,-1
2018551800730,2,1,0,18,9,0,0,0,0,0,3,1,6,1,14,3,-1,-1,-1,3,1,3
2018551800731,1,9,0,4,0,1,0,0,0,0,2,1,6,1,50,8,999,1,-1,3,1,3
2018551800731,2,9,0,4,0,1,0,0,0,0,1,1,6,2,27,6,1997,1,10,6,1,6
2018551800732,1,9,0,18,0,8,0,0,0,0,3,1,6,3,-1,-1,-1,-1,-1,-1,-1,-1
2018551800732,2,9,0,18,0,8,0,0,7,4,1,1,2,2,22,5,1499,1,2,6,3,6
2018551800733,1,5,0,16,0,0,1,0,0,0,1,1,6,2,42,7,599,1,9,6,3,6
2018551800733,2,17,5,17,0,0,0,0,0,0,3,1,1,1,22,5,6728,2,4,6,3,6
2018551800735,1,9,0,5,0,0,0,0,0,0,3,1,6,3,-1,-1,-1,-1,-1,-1,-1,-1
2018551800736,1,4,0,18,0,0,1,0,1,0,1,1,2,1,43,7,470,1,5,6,3,6
2018551800737,1,9,0,18,0,8,0,0,0,0,1,1,6,1,18,4,1364,1,12,5,1,5
2018551800737,2,19,0,18,0,8,0,0,0,0,3,1,6,1,37,7,2151,2,16,10,1,10
2018551800738,1,9,0,9,0,5,0,0,0,0,4,1,6,2,17,4,1390,1,13,2,1,2
2018551800738,2,9,0,18,0,1,0,0,0,0,1,1,6,2,53,8,2685,2,16,3,1,3
2018551800739,1,9,0,5,9,6,0,0,0,0,1,1,2,2,52,8,1422,2,17,5,1,5
2018551800739,2,1,0,18,9,1,0,0,0,0,1,1,4,2,15,3,-1,-1,-1,8,1,8
2018551800740,1,9,4,18,0,0,0,0,0,0,0,1,6,1,52,8,3051,2,25,5,2,5
2018551800740,2,9,0,18,0,0,0,0,0,0,1,1,3,2,43,7,1968,2,7,10,1,10
2018551800742,1,9,0,4,0,8,0,0,0,0,2,1,6,1,22,5,1248,1,6,6,1,6
2018551800742,2,9,0,4,0,8,0,0,0,0,1,1,6,2,28,6,1386,1,11,7,1,7
2018551800742,3,9,0,4,0,8,0,0,0,0,1,1,6,2,45,7,998,1,-1,10,1,10
2018551800743,1,9,0,4,0,0,0,0,0,0,1,1,6,1,80,11,698,1,12,8,1,8
2018551800743,2,9,0,3,0,0,0,0,0,0,2,1,6,1,37,7,1598,1,4,5,1,5
2018551800744,1,9,0,18,0,0,5,0,1,11,0,1,2,1,22,5,1200,1,3,7,1,7
2018551800746,1,9,0,9,0,1,0,0,0,0,4,1,1,1,64,9,2204,2,10,5,1,5
2018551800746,2,5,0,18,0,8,0,0,0,0,1,1,6,1,44,7,999,1,8,8,1,8
2018551800747,1,19,0,18,0,0,0,0,0,0,3,1,1,1,56,9,2143,2,2,9,1,9
2018551800747,2,9,0,18,0,0,0,0,0,0,3,1,6,2,52,8,1796,1,11,7,2,7
2018551800748,1,9,0,7,9,6,0,0,0,0,4,1,6,3,-1,-1,-1,-1,-1,-1,-1,-1
2018551800748,2,1,0,18,9,1,0,0,0,0,1,1,6,2,25,5,-1,-1,-1,6,1,6
2018551800749,1,9,0,18,0,0,0,0,0,0,1,1,1,1,73,10,898,1,1,7,1,7
2018551800749,2,21,0,18,0,0,0,0,0,0,1,1,1,1,46,8,6692,2,6,8,1,8
2018551800750,1,9,0,9,0,6,0,0,0,0,4,1,6,1,81,11,1769,1,17,3,1,3
2018551800750,2,3,0,18,0,1,1,0,0,0,1,1,6,1,22,5,124,1,4,6,1,6
2018551800751,1,9,0,18,0,0,0,0,0,0,1,1,6,2,45,7,1560,2,9,10,1,10
2018551800752,1,9,0,13,0,2,1,0,1,5,4,1,6,2,37,7,1299,1,10,2,1,2
2018551800752,2,9,0,18,0,2,0,0,0,0,3,1,6,2,41,7,1390,1,8,5,1,5
2018551800754,1,9,0,18,0,0,0,0,1,2,1,1,2,1,27,6,3199,1,14,5,1,5
2018551800755,1,19,0,6,0,8,0,0,0,0,3,1,6,1,24,5,2402,2,16,9,1,9
2018551800755,2,5,0,14,0,8,1,0,0,0,1,1,2,1,56,9,955,1,13,7,1,7
2018551800756,1,9,0,7,0,5,0,0,0,0,4,1,6,2,38,7,1364,1,3,10,1,10
2018551800756,2,1,0,18,9,1,0,0,0,0,1,1,6,1,25,5,-1,-1,-1,6,1,6
2018551800757,1,9,0,7,0,3,0,0,0,0,4,1,6,2,67,10,1560,2,2,8,1,8
2018551800757,2,3,0,18,0,8,0,0,0,0,3,1,6,1,18,4,125,1,-1,5,1,5
2018551800758,1,9,0,7,0,1,0,0,0,0,3,1,6,1,68,10,1596,1,17,5,3,5
2018551800758,2,1,0,17,0,1,0,0,0,0,1,1,6,2,47,8,-1,-1,-1,-1,-1,-1
2018551800759,1,9,0,13,0,3,0,0,0,0,4,1,6,3,-1,-1,-1,-1,-1,-1,-1,-1
2018551800759,2,1,0,18,0,3,0,0,0,0,3,1,6,1,68,10,-1,-1,-1,7,3,7
2018551800760,1,2,0,18,0,0,0,0,0,0,0,1,6,2,66,10,124,1,12,1,1,1
2018551800762,1,9,0,18,0,2,0,0,8,10,3,1,6,2,84,11,1956,2,5,10,2,10
2018551800762,2,9,0,18,0,2,0,0,0,0,3,1,6,1,71,10,1339,1,5,5,1,5
2018551800762,3,9,0,18,0,2,0,0,0,0,4,1,6,1,72,10,1984,2,5,6,3,6
2018551800764,1,9,0,18,0,8,0,0,0,0,1,1,6,1,30,6,1171,1,25,5,3,5
2018551800764,2,9,0,18,0,8,0,0,0,0,1,1,6,1,26,6,1229,1,7,2,1,2
2018551800765,1,1,0,9,0,6,0,0,0,0,3,1,4,2,12,3,-1,-1,-1,8,1,8
2018551800765,2,9,0,18,0,1,0,0,0,0,1,1,6,2,47,8,1969,1,3,8,1,8
2018551800766,1,9,0,7,0,1,0,0,0,0,4,1,6,1,28,6,1596,1,15,1,1,1
2018551800766,2,1,0,18,0,1,0,0,0,0,1,1,6,1,35,6,-1,-1,-1,7,1,7
2018551800767,1,9,0,18,9,0,1,0,1,0,1,1,6,2,54,8,1339,1,11,8,1,8
2018551800768,1,19,0,18,0,0,0,0,0,0,1,1,6,1,33,6,2143,2,5,-1,-1,-1
2018551800768,2,9,0,4,0,0,0,0,0,0,2,1,6,1,19,4,1242,1,13,5,2,5
2018551800769,1,9,0,18,0,0,0,0,0,0,1,1,6,2,29,6,1499,2,2,8,1,8
2018551800770,1,17,0,18,0,6,5,0,0,0,3,1,1,1,89,11,-1,-1,-1,6,3,6
2018551800770,2,9,0,18,0,1,0,0,0,0,1,1,6,2,53,8,1318,1,1,5,1,5
2018551800771,1,1,0,18,0,0,0,0,0,0,3,1,6,1,33,6,-1,-1,-1,7,1,7
2018551800771,2,9,0,18,0,0,0,0,0,0,1,1,3,2,33,6,998,1,8,7,1,7
2018551800772,1,9,0,7,0,5,0,0,0,0,4,1,6,3,-1,-1,1994,1,18,-1,-1,-1
2018551800772,2,1,0,18,0,8,0,0,0,0,1,1,2,1,21,5,-1,-1,-1,8,1,8
2018551800773,1,9,0,18,0,0,2,0,5,1,1,1,6,2,67,10,1360,1,12,6,3,6
2018551800774,1,9,0,9,0,0,0,0,0,0,1,1,6,1,50,8,1998,1,14,2,1,2
2018551800774,2,1,0,17,0,0,0,0,0,0,3,1,6,1,44,7,-1,-1,-1,2,2,2
2018551800775,1,5,0,16,0,8,0,0,0,0,1,1,6,2,45,7,-1,-1,-1,6,1,6
2018551800775,2,9,0,4,0,1,0,0,0,0,1,1,6,2,68,10,1240,1,14,8,1,8
2018551800776,1,9,0,18,0,0,0,0,0,0,2,1,2,1,49,8,1798,1,5,8,1,8
2018551800776,2,19,0,18,0,0,0,0,0,0,1,1,1,1,35,6,1995,2,1,9,2,9
2018551800777,1,5,0,17,0,0,1,11,0,0,1,1,6,1,63,9,1300,1,9,8,1,8
2018551800779,1,9,0,18,0,4,0,0,0,0,4,1,2,2,58,9,998,1,1,4,1,4
2018551800779,2,1,0,18,0,4,0,0,0,0,3,1,2,1,30,6,-1,-1,-1,10,1,10
2018551800780,1,9,0,9,9,5,0,0,0,0,1,1,6,2,59,9,1997,2,10,8,1,8
2018551800780,2,1,0,18,9,1,0,0,0,0,1,1,4,1,11,3,-1,-1,-1,6,1,6
2018551800781,1,9,0,16,0,0,0,0,0,0,4,1,3,2,43,7,1798,1,7,9,1,9
2018551800782,1,9,0,9,0,6,0,0,3,4,3,1,6,1,89,11,998,1,4,7,3,7
2018551800782,2,9,0,18,0,1,0,0,0,0,1,1,6,1,80,11,1798,1,49,8,1,8
2018551800783,1,9,0,9,0,8,0,7,0,0,4,1,6,1,21,5,1399,1,1,7,3,7
2018551800783,2,19,0,18,0,8,0,0,0,0,1,1,2,1,45,7,1868,2,17,4,1,4
2018551800784,1,9,0,16,0,4,0,0,0,0,1,1,6,3,-1,-1,1248,2,11,-1,-1,-1
2018551800784,2,9,0,16,0,3,0,0,0,0,2,1,6,1,75,10,1360,1,15,4,1,4
2018551800785,1,2,0,4,0,1,0,0,0,0,1,1,2,2,17,4,49,1,8,5,2,5
2018551800785,2,9,0,4,0,1,0,0,0,0,2,1,1,2,57,9,1598,1,16,3,2,3
2018551800786,1,9,0,17,0,0,1,0,0,0,1,1,6,1,47,8,1582,2,8,3,1,3
2018551800786,2,9,0,16,0,0,0,0,1,0,1,1,6,2,37,7,1560,2,4,8,1,8
2018551800787,1,9,0,7,0,3,0,0,0,0,4,1,6,2,38,7,1798,8,1,5,1,5
2018551800787,2,1,0,18,0,8,0,0,0,0,3,1,1,1,34,6,-1,-1,-1,3,1,3
2018551800788,1,9,0,1,0,0,0,0,0,0,2,1,6,1,60,9,1591,1,1,3,1,3
2018551800789,1,3,0,9,0,3,1,0,0,0,1,1,2,1,29,6,244,1,8,7,1,7
2018551800790,1,9,0,16,0,0,0,0,0,0,1,1,6,2,71,10,1560,2,7,8,1,8
2018551800791,1,5,0,12,0,2,0,0,0,0,3,1,6,1,55,8,535,1,23,4,1,4
2018551800791,2,9,0,5,0,2,0,0,0,0,4,1,6,1,64,9,1598,1,9,8,1,8
2018551800792,1,11,0,18,0,0,0,0,0,0,1,1,6,1,31,6,7300,2,6,1,1,1
2018551800792,2,19,4,4,0,0,0,0,0,0,2,1,6,1,27,6,1753,2,14,9,1,9
2018551800793,1,9,0,12,0,7,0,0,0,0,1,1,6,2,80,11,1198,1,4,10,1,10
2018551800793,2,1,0,12,0,7,0,0,0,0,2,1,6,1,37,7,-1,-1,-1,4,1,4
2018551800794,1,9,0,18,0,0,1,0,1,9,0,1,2,1,20,4,1242,1,21,8,1,8
2018551800795,1,3,0,14,0,0,0,0,0,0,1,1,2,1,18,4,125,1,1,9,1,9
2018551800795,2,9,0,3,0,0,0,0,0,0,1,1,2,1,65,9,-1,-1,-1,5,1,5
2018551800796,1,9,0,4,0,1,0,0,0,0,1,1,6,2,57,9,1968,2,4,6,3,6
2018551800796,2,9,0,3,0,1,0,0,0,0,2,1,6,2,54,8,1242,1,3,7,1,7
2018551800797,1,9,0,18,0,0,0,0,0,0,1,1,6,2,21,5,1197,1,4,8,1,8
2018551800797,2,9,0,3,0,0,0,0,0,0,2,1,6,1,91,11,1386,1,11,9,1,9
2018551800797,3,9,0,3,0,0,0,0,0,0,2,1,6,1,50,8,2521,1,10,9,1,9
2018551800797,4,9,0,3,0,0,0,0,0,0,2,1,6,1,42,7,1999,2,1,8,1,8
2018551800798,1,9,0,18,0,6,5,0,7,1,4,1,6,1,32,6,1497,8,13,8,1,8
2018551800798,2,9,0,18,0,8,0,0,0,0,1,1,6,1,46,8,1896,2,10,6,1,6
2018551800799,1,9,0,3,0,0,0,0,0,0,1,1,6,1,68,10,2184,2,14,8,1,8
2018551800799,2,9,0,18,0,0,0,0,0,0,2,1,6,1,80,11,2148,2,13,7,1,7
2018551800800,1,19,0,18,0,0,0,0,0,0,4,1,6,1,46,8,1868,2,12,9,1,9
2018551800800,2,1,0,18,0,0,0,0,1,9,3,1,6,1,32,6,-1,-1,-1,6,1,6
2018551800801,1,9,0,9,0,6,0,0,0,0,3,1,6,1,85,11,1587,1,11,7,1,7
2018551800801,2,9,0,18,0,1,0,0,0,0,1,1,1,2,20,4,998,1,13,2,1,2
2018551800802,1,9,0,18,0,4,0,0,0,0,1,1,6,2,35,6,1560,2,13,2,1,2
2018551800802,2,5,0,9,0,8,0,0,0,0,4,1,6,1,70,10,821,1,4,6,1,6
2018551800803,1,19,0,5,0,4,0,0,0,0,1,1,6,1,29,6,1896,2,12,10,1,10
2018551800803,2,9,0,9,0,8,1,0,0,0,4,1,6,1,39,7,1596,1,12,5,1,5
2018551800804,1,1,0,18,0,0,0,0,0,0,1,1,6,1,61,9,-1,-1,-1,2,1,2
2018551800804,2,9,0,18,0,0,0,0,0,0,4,1,2,1,29,6,1995,1,9,2,1,2
2018551800805,1,9,0,9,0,6,0,0,0,0,3,1,6,1,74,10,1582,2,8,8,1,8
2018551800805,2,5,0,18,0,1,0,0,0,0,1,1,6,1,53,8,1130,1,17,7,1,7
2018551800806,1,9,0,18,0,0,0,0,0,0,1,1,6,2,22,5,1527,2,20,6,3,6
2018551800806,2,9,0,3,0,0,0,0,0,0,2,1,6,1,60,9,3628,2,10,10,1,10
2018551800807,1,9,0,13,0,1,0,0,0,0,1,1,6,1,24,5,1997,2,14,6,2,6
2018551800807,2,9,0,17,0,1,0,0,1,0,3,1,6,2,28,6,1796,2,4,7,1,7
2018551800807,3,9,0,7,0,6,0,0,0,0,1,1,6,2,36,7,2231,2,7,5,3,5
2018551800808,1,9,0,9,0,6,0,0,0,0,1,1,2,2,19,4,1198,1,11,9,1,9
2018551800808,2,9,0,18,0,1,0,0,0,0,4,1,2,1,39,7,2198,1,16,4,1,4
2018551800810,1,9,0,18,0,8,0,0,0,0,4,1,6,2,54,8,1995,2,8,10,1,10
2018551800810,2,19,0,4,0,8,0,0,0,0,1,1,1,1,50,8,2488,2,3,8,1,8
2018551800811,1,9,0,13,0,3,0,0,0,0,4,1,6,2,47,8,1149,1,16,5,-1,5
2018551800811,2,1,0,17,0,8,0,0,0,0,3,1,6,1,77,11,-1,-1,-1,9,1,9
2018551800813,1,9,0,18,0,0,0,0,0,0,1,1,6,2,73,10,1388,1,7,10,1,10
2018551800813,2,9,0,18,0,0,0,0,0,0,2,1,6,1,25,5,1598,1,10,3,1,3
2018551800814,1,9,0,12,0,8,0,0,0,0,2,1,6,1,71,10,3799,1,8,6,1,6
2018551800814,2,9,0,18,0,8,0,0,0,0,1,1,2,2,41,7,1124,1,17,5,3,5
2018551800815,1,9,0,18,0,1,0,0,0,0,1,1,2,1,46,8,1999,1,15,3,1,3
2018551800815,2,9,0,4,0,1,0,0,0,0,2,1,2,2,56,9,1368,1,-1,9,2,9
2018551800815,3,9,0,10,0,8,0,0,0,0,0,1,1,1,33,6,1598,2,1,-1,-1,-1
2018551800817,1,9,0,9,0,6,0,0,3,0,3,1,6,1,19,4,998,1,28,5,2,5
2018551800817,2,9,0,18,0,1,0,0,0,0,1,1,6,3,-1,-1,1150,1,13,-1,-1,-1
2018551800818,1,9,0,18,0,0,2,0,1,11,0,1,2,1,41,7,2987,2,12,6,1,6
2018551800819,1,9,0,18,0,8,0,0,0,0,1,1,6,1,57,9,-1,-1,-1,9,2,9
2018551800819,2,19,0,3,0,8,0,0,0,0,3,1,2,1,27,6,1560,2,3,5,2,5
2018551800819,3,9,0,18,0,8,0,0,0,0,1,1,6,2,44,7,2688,2,15,6,3,6
2018551800820,1,5,0,13,0,0,0,0,0,0,1,1,6,2,48,8,998,1,1,10,1,10
2018551800820,2,9,0,16,0,0,0,0,0,0,3,1,1,1,32,6,996,1,5,2,1,2
2018551800820,3,9,0,16,0,0,0,0,0,0,3,1,6,2,63,9,1596,1,4,8,1,8
2018551800820,4,19,0,17,0,0,0,0,0,0,3,1,1,1,52,8,2287,2,3,2,1,2
2018551800821,1,9,0,18,0,1,0,0,0,0,1,1,6,1,51,8,-1,-1,-1,2,2,2
2018551800822,1,9,0,17,0,8,0,0,0,0,3,1,6,1,28,6,1796,1,8,-1,-1,-1
2018551800822,2,9,0,16,0,8,0,0,0,0,3,1,6,2,36,7,1398,2,10,9,2,9
2018551800823,1,9,0,18,0,4,0,0,0,0,1,1,6,2,50,8,995,1,14,6,1,6
2018551800823,2,1,0,18,0,3,0,0,0,0,2,1,2,1,36,7,-1,-1,-1,3,1,3
2018551800824,1,9,0,18,0,0,0,0,0,0,1,1,6,2,23,5,1364,1,11,8,3,8
2018551800824,2,9,0,18,0,0,0,0,0,0,2,1,6,2,44,7,1968,2,12,6,1,6