Accident_Index,Vehicle_Reference,Vehicle_Type,Towing_and_Articulation,Vehicle_Manoeuvre,Vehicle_Location-Restricted_Lane,Junction_Location,Skidding_and_Overturning,Hit_Object_in_Carriageway,Vehicle_Leaving_Carriageway,Hit_Object_off_Carriageway,1st_Point_of_Impact,Was_Vehicle_Left_Hand_Drive?,Journey_Purpose_of_Driver,Sex_of_Driver,Age_of_Driver,Age_Band_of_Driver,Engine_Capacity_(CC),Propulsion_Code,Age_of_Vehicle,Driver_IMD_Decile,Driver_Home_Area_Type,Vehicle_IMD_Decile
2018551800825,1,9,0,16,0,0,2,0,1,4,3,1,6,2,18,4,1242,1,9,6,1,6
2018551800826,1,9,0,4,0,1,0,0,0,0,1,1,6,2,54,8,1598,1,10,5,2,5
2018551800826,2,9,0,9,0,6,0,0,0,0,3,1,6,2,22,5,1798,1,12,8,1,8
2018551800827,1,9,0,5,0,8,0,0,0,0,1,1,6,1,24,5,2000,2,12,6,1,6
2018551800827,2,19,0,3,0,1,0,0,0,0,1,1,2,1,26,6,1995,2,6,6,1,6
2018551800827,3,1,0,18,0,8,0,0,0,0,1,1,2,1,30,6,-1,-1,-1,1,1,1
2018551800828,1,5,0,17,0,1,0,0,1,3,4,1,6,1,51,8,998,1,13,1,1,1
2018551800829,1,2,0,4,0,1,1,0,0,0,0,1,1,2,23,5,125,1,1,5,3,5
2018551800830,1,19,0,18,0,1,0,4,0,0,1,1,1,1,24,5,2198,2,5,10,1,10
2018551800830,2,9,0,10,0,1,0,0,0,0,2,1,6,2,39,7,1968,2,7,4,1,4
2018551800831,1,9,0,16,0,0,0,0,7,4,3,1,2,2,59,9,1120,2,2,7,2,7
2018551800831,2,9,0,17,0,0,0,0,7,9,3,1,6,1,52,8,1560,2,12,5,2,5
2018551800831,3,19,0,16,0,0,0,0,0,0,1,1,2,1,46,8,1997,2,4,7,3,7
2018551800831,4,9,0,17,0,0,0,0,0,0,1,1,6,1,48,8,2894,8,1,6,3,6
2018551800833,1,9,0,18,0,1,0,0,0,0,1,1,6,3,-1,-1,-1,-1,-1,-1,-1,-1
2018551800833,2,9,0,10,0,1,0,0,0,0,2,1,6,2,45,7,1997,1,15,6,1,6
2018551800833,3,9,0,18,0,1,0,0,0,0,2,1,6,1,66,10,4701,1,15,8,1,8
2018551800834,1,9,0,9,0,5,0,0,0,0,4,1,6,1,31,6,1598,1,11,8,1,8
2018551800834,2,1,0,18,0,8,1,0,0,0,1,1,6,1,31,6,-1,-1,-1,8,1,8
2018551800835,1,9,0,18,0,0,1,0,1,4,1,1,6,2,24,5,1598,1,12,9,1,9
2018551800836,1,19,0,18,0,0,0,0,0,0,3,1,6,3,-1,-1,-1,-1,-1,-1,-1,-1
2018551800836,2,9,0,18,0,0,0,0,0,0,1,1,6,2,65,9,1998,1,13,5,3,5
2018551800837,1,22,0,18,4,8,0,0,0,0,1,1,6,1,85,11,-1,-1,-1,3,1,3
2018551800837,2,19,0,5,0,1,0,0,0,0,1,1,1,1,47,8,2198,2,2,5,1,5
2018551800838,1,19,0,16,0,0,1,0,1,0,1,1,1,1,50,8,2143,2,2,10,2,10
2018551800838,2,9,0,17,0,0,1,0,1,10,1,1,6,1,42,7,1200,1,-1,-1,-1,-1
2018551800840,1,9,0,4,0,0,0,0,0,0,1,1,6,2,34,6,1986,2,11,5,1,5
2018551800840,2,1,0,18,0,0,0,0,0,0,1,1,6,1,12,3,-1,-1,-1,5,1,5
2018551800841,1,9,0,9,0,5,0,0,0,0,1,1,6,1,20,4,1108,1,13,9,1,9
2018551800841,2,3,0,17,0,8,0,0,0,0,3,1,2,1,27,6,125,1,2,8,1,8
2018551800842,1,9,0,18,0,0,0,0,0,0,0,1,6,3,-1,-1,-1,-1,-1,-1,-1,-1
2018551800842,2,4,0,17,0,0,1,0,1,4,1,1,6,1,19,4,948,1,-1,5,2,5
2018551800843,1,9,0,18,0,1,1,0,0,0,1,1,6,1,67,10,1364,1,2,3,1,3
2018551800843,2,9,0,3,0,1,0,0,0,0,2,1,6,1,29,6,998,1,2,1,1,1
2018551800843,3,9,0,3,0,1,0,0,0,0,2,1,6,1,47,8,1396,1,18,3,1,3
2018551800844,1,9,0,18,0,0,0,0,0,0,3,1,6,2,52,8,1198,1,13,7,1,7
2018551800844,2,9,0,3,0,0,0,0,0,0,3,1,6,1,43,7,1596,1,15,7,3,7
2018551800845,1,3,0,13,0,1,0,0,7,0,1,1,6,1,17,4,124,1,2,5,1,5
2018551800845,2,9,0,9,0,8,0,0,0,0,3,1,6,1,64,9,1997,1,18,10,1,10
2018551800846,1,9,0,9,0,5,0,0,0,0,3,1,2,2,24,5,1242,1,8,7,1,7
2018551800846,2,5,0,14,0,1,0,0,0,0,1,1,6,1,55,8,865,1,5,7,1,7
2018551800848,1,9,0,18,0,0,0,0,0,0,1,1,6,2,18,4,998,1,9,7,1,7
2018551800850,1,9,0,17,0,4,0,0,0,0,3,2,6,1,56,9,-1,-1,-1,-1,-1,-1
2018551800850,2,5,0,17,0,4,0,0,0,0,4,1,6,1,64,9,1200,1,1,6,1,6
2018551800850,3,21,0,16,0,3,0,0,0,0,0,1,1,1,33,6,7201,2,6,7,-1,7
2018551800851,1,9,0,9,0,5,0,0,0,0,1,1,6,1,26,6,1364,1,11,3,1,3
2018551800851,2,3,0,18,0,8,0,0,0,0,3,1,1,1,21,5,125,1,5,7,1,7
2018551800852,1,9,0,18,0,4,0,0,0,0,1,1,6,2,41,7,2143,2,1,6,1,6
2018551800852,2,3,0,3,0,1,0,0,0,0,2,1,2,2,36,7,124,1,16,4,1,4
2018551800853,1,9,0,11,0,0,0,0,0,0,4,1,6,1,54,8,-1,-1,-1,3,1,3
2018551800853,2,9,0,17,0,0,0,0,0,0,3,1,6,1,47,8,1461,2,9,3,1,3
2018551800854,1,9,0,5,0,6,0,0,0,0,1,1,6,2,20,4,1299,1,16,4,1,4
2018551800854,2,1,0,18,0,1,0,11,0,0,1,1,6,1,64,9,-1,-1,-1,-1,-1,-1
2018551800855,1,9,0,15,0,0,0,0,0,0,4,1,6,2,48,8,2179,2,6,4,1,4
2018551800855,2,1,0,18,0,0,0,0,1,0,3,1,6,1,39,7,-1,-1,-1,8,3,8
2018551800856,1,5,0,13,0,0,0,0,0,0,1,1,6,1,52,8,999,1,1,-1,-1,-1
2018551800856,2,9,0,18,0,0,0,0,0,0,1,1,6,1,40,7,1997,2,8,7,1,7
2018551800857,1,9,0,18,0,0,0,0,0,0,1,1,2,1,22,5,1199,1,15,4,1,4
2018551800857,2,9,0,4,0,0,0,0,0,0,2,1,6,1,51,8,998,1,9,9,1,9
2018551800858,1,5,0,18,0,0,0,0,0,0,1,1,6,1,29,6,999,1,11,5,1,5
2018551800858,2,5,0,18,0,0,0,0,0,0,2,1,6,1,47,8,748,1,12,3,1,3
2018551800858,3,5,0,18,0,0,0,0,0,0,1,1,6,1,50,8,599,1,17,10,1,10
2018551800858,4,9,0,4,0,0,0,0,0,0,3,1,6,2,29,6,1598,1,11,-1,-1,-1
2018551800859,1,1,0,18,0,0,0,0,0,0,1,1,6,1,19,4,-1,-1,-1,1,2,1
2018551800860,1,9,0,18,0,0,0,0,0,0,3,1,6,3,-1,-1,-1,-1,-1,-1,-1,-1
2018551800860,2,5,0,13,0,0,1,0,0,0,4,1,6,1,28,6,599,1,22,5,3,5
2018551800861,1,9,0,18,0,1,0,0,0,0,1,1,6,3,-1,-1,-1,-1,-1,-1,-1,-1
2018551800861,2,9,0,3,0,1,0,0,0,0,2,1,6,1,68,10,1596,1,8,4,1,4
2018551800862,1,9,0,5,0,0,0,0,0,0,3,1,1,1,56,9,2967,2,1,9,1,9
2018551800863,1,9,0,18,0,4,0,0,0,0,1,1,2,2,49,8,1242,1,14,2,1,2
2018551800863,2,9,0,9,0,8,0,0,0,0,4,1,6,2,56,9,1149,1,11,7,2,7
2018551800864,1,21,1,4,0,8,0,0,0,0,1,1,1,1,63,9,12777,2,5,-1,-1,-1
2018551800864,2,9,0,4,0,4,0,0,0,0,2,1,6,1,74,10,2987,2,5,-1,-1,-1
2018551800865,1,9,0,4,0,0,0,0,0,0,0,1,6,1,38,7,5461,1,3,9,1,9
2018551800865,2,9,0,18,0,0,0,0,0,0,1,1,6,1,27,6,2993,2,9,-1,-1,-1
2018551800865,3,9,0,18,0,0,0,0,1,7,1,1,6,1,49,8,2179,2,6,8,1,8
2018551800866,1,5,0,13,0,0,0,0,0,0,4,1,6,1,82,11,1170,1,5,5,1,5
2018551800866,2,9,0,9,0,0,0,0,7,9,3,1,6,1,52,8,1461,2,1,2,2,2
2018551800867,1,9,0,2,0,0,0,0,0,0,3,1,6,3,-1,-1,-1,-1,-1,-1,-1,-1
2018551800867,2,1,0,18,0,0,0,4,0,0,1,1,6,1,26,6,-1,-1,-1,2,1,2
2018551800868,1,1,0,18,0,6,0,0,0,0,1,1,2,1,22,5,-1,-1,-1,1,1,1
2018551800868,2,9,0,7,0,3,0,0,0,0,3,1,2,1,64,9,1497,8,-1,8,1,8
2018551800869,1,21,0,18,0,1,0,0,0,0,1,1,1,1,53,8,12777,2,8,8,1,8
2018551800869,2,9,0,3,0,1,0,0,1,1,2,1,6,2,73,10,1199,1,16,7,3,7
2018551800870,1,21,4,7,0,1,0,0,0,0,4,1,1,1,26,6,12419,2,3,4,1,4
2018551800870,2,9,0,8,0,1,0,0,0,0,3,1,1,1,37,7,1560,2,5,5,3,5
2018551800871,1,9,0,5,0,1,0,0,0,0,1,1,6,1,46,8,1997,1,-1,8,1,8
2018551800871,2,9,0,8,0,1,0,0,0,0,2,1,6,2,76,11,1497,1,17,8,1,8
2018551800872,1,9,0,18,0,0,0,4,0,0,3,1,3,1,44,7,-1,-1,-1,2,1,2
2018551800872,2,9,0,2,0,0,0,0,1,10,3,1,6,3,-1,-1,1685,2,6,-1,-1,-1
2018551800875,1,1,0,9,0,1,0,0,0,0,1,1,6,2,11,3,-1,-1,-1,2,1,2
2018551800875,2,9,0,18,0,1,0,0,0,0,4,1,2,2,44,7,1596,1,16,1,2,1
2018551800876,1,1,0,18,0,1,0,0,0,0,1,1,6,1,22,5,-1,-1,-1,6,1,6
2018551800876,2,9,0,7,0,5,0,0,0,0,4,1,6,1,42,7,1598,1,17,6,1,6
2018551800877,1,9,0,4,0,0,0,0,0,0,1,1,6,2,56,9,1595,1,14,5,3,5
2018551800877,2,9,0,4,0,0,0,0,0,0,2,1,2,2,43,7,1686,2,5,9,1,9
2018551800878,1,19,0,18,0,8,0,0,0,0,1,1,2,1,52,8,2299,2,20,10,1,10
2018551800878,2,9,0,7,0,8,0,0,0,0,3,1,6,2,24,5,998,1,3,5,1,5
2018551800879,1,1,0,18,0,6,0,0,0,0,3,1,6,1,13,3,-1,-1,-1,5,1,5
2018551800879,2,9,0,18,0,8,0,0,0,0,1,1,6,2,48,8,2720,2,13,7,1,7
2018551800880,1,9,0,14,0,0,0,0,0,0,1,1,6,1,89,11,998,1,1,7,3,7
2018551800881,1,9,0,18,0,8,0,0,0,0,1,1,6,1,71,10,1461,2,5,6,3,6
2018551800882,1,9,0,17,0,0,1,0,1,11,1,1,6,2,39,7,1997,1,6,6,3,6
2018551800883,1,9,0,18,0,0,0,0,0,0,1,1,6,3,-1,-1,2497,1,12,-1,-1,-1
2018551800884,1,1,0,9,0,1,0,0,0,0,3,1,6,1,16,4,-1,-1,-1,5,1,5
2018551800884,2,3,0,18,0,1,0,0,0,0,1,1,1,1,57,9,125,1,1,7,1,7
2018551800886,1,9,0,5,9,6,0,0,0,0,1,1,6,1,57,9,2497,1,7,8,1,8
2018551800886,2,1,0,18,9,1,0,0,0,0,4,1,4,2,14,3,-1,-1,-1,4,1,4
2018551800887,1,9,0,18,0,3,0,10,1,2,1,1,6,1,17,4,1995,2,13,6,3,6
2018551800888,1,9,0,5,0,4,0,0,0,0,3,1,6,1,51,8,3498,1,2,5,1,5
2018551800888,2,1,0,18,0,8,0,0,0,0,4,1,2,2,48,8,-1,-1,-1,3,1,3
2018551800889,1,9,0,7,0,5,0,0,0,0,4,1,1,2,59,9,1998,1,15,10,1,10
2018551800889,2,1,0,18,0,8,0,0,0,0,1,1,6,2,46,8,-1,-1,-1,2,1,2
2018551800890,1,9,0,5,0,4,0,0,0,0,1,1,6,2,32,6,1242,1,9,6,1,6
2018551800890,2,1,0,18,0,8,0,0,0,0,4,1,6,1,70,10,-1,-1,-1,6,1,6
2018551800894,1,9,0,17,0,0,0,0,0,0,1,1,6,2,50,8,1995,2,5,7,1,7
2018551800894,2,9,0,16,0,0,0,0,0,0,1,1,6,1,58,9,1968,2,10,5,1,5
2018551800894,3,9,0,16,0,0,0,0,0,0,1,1,6,1,43,7,1390,1,16,9,1,9
2018551800896,1,19,0,1,9,0,0,0,0,0,2,1,1,1,56,9,2143,2,1,6,1,6
2018551800897,1,9,0,4,0,1,0,0,0,0,1,1,6,2,29,6,1997,2,8,4,1,4
2018551800897,2,1,0,18,0,1,0,0,0,0,4,1,6,1,14,3,-1,-1,-1,4,1,4
2018551800898,1,9,0,18,0,3,0,0,0,0,1,1,6,3,-1,-1,-1,-1,-1,-1,-1,-1
2018551800898,2,3,0,18,0,3,0,0,0,0,2,1,6,1,27,6,649,1,6,4,1,4
2018551800899,1,3,0,18,0,8,0,0,0,0,1,1,6,1,23,5,100,1,16,4,1,4
2018551800899,2,9,0,9,0,6,0,0,0,0,3,1,6,1,41,7,1999,1,8,8,1,8
2018551800900,1,9,0,18,0,4,0,0,0,0,3,1,6,1,82,11,1399,1,11,7,1,7
2018551800900,2,9,0,9,0,8,0,0,0,0,1,1,6,2,17,4,1395,1,3,9,1,9
2018551800901,1,9,0,18,0,4,0,0,0,0,3,1,6,1,75,10,1796,1,12,7,2,7
2018551800901,2,1,0,9,0,8,0,0,0,0,1,1,6,2,28,6,-1,-1,-1,9,1,9
2018551800902,1,9,0,13,0,1,0,0,0,0,1,1,2,1,37,7,1296,1,11,7,1,7
2018551800902,2,17,4,9,0,5,0,0,0,0,3,1,1,1,59,9,-1,2,21,5,3,5
2018551800903,1,1,0,18,0,0,0,0,0,0,0,1,6,1,68,10,-1,-1,-1,8,1,8
2018551800904,1,9,0,9,0,1,0,0,0,0,3,1,6,1,25,5,1968,2,11,8,2,8
2018551800904,2,9,0,18,0,1,0,0,1,0,3,1,6,2,34,6,1368,1,1,8,2,8
2018551800905,1,9,0,9,0,2,0,0,0,0,0,1,6,2,56,9,1796,1,17,10,1,10
2018551800905,2,9,0,18,0,1,0,0,7,0,1,1,6,2,93,11,1299,1,15,10,1,10
2018551800906,1,5,0,4,0,1,1,0,7,0,1,1,6,1,38,7,999,1,12,8,1,8
2018551800906,2,19,0,3,0,1,0,0,0,0,2,1,2,1,38,7,1968,2,1,7,1,7
2018551800906,3,9,0,18,0,2,0,0,0,0,1,1,1,1,64,9,1999,2,1,-1,1,-1
2018551800907,1,9,0,4,0,1,0,0,0,0,1,1,6,2,52,8,1598,1,1,5,1,5
2018551800907,2,9,0,3,0,1,0,0,0,0,2,1,6,2,47,8,999,1,3,10,1,10
2018551800908,1,19,0,9,0,8,0,0,0,0,1,1,2,1,51,8,1995,2,1,9,1,9
2018551800908,2,9,0,17,0,6,0,0,0,0,1,1,6,2,45,7,1997,2,1,5,3,5
2018551800911,1,9,0,18,0,0,0,0,0,0,1,1,6,2,45,7,1591,1,5,6,1,6
2018551800911,2,9,0,3,0,0,0,0,0,0,2,1,6,1,28,6,1329,1,6,9,1,9
2018551800911,3,9,0,3,0,0,0,0,0,0,2,1,6,3,-1,-1,-1,-1,-1,-1,-1,-1
2018551800912,1,9,0,5,0,1,0,0,0,0,1,1,6,1,24,5,1686,2,6,10,1,10
2018551800912,2,9,0,8,0,1,0,0,0,0,2,1,6,1,40,7,1329,1,7,9,1,9
2018551800913,1,2,0,15,4,2,0,0,0,0,3,1,6,1,46,8,124,1,31,8,1,8
2018551800913,2,9,0,15,4,2,0,0,0,0,4,1,2,1,29,6,1390,1,5,-1,-1,-1
2018551800914,1,9,0,9,0,6,0,0,0,0,4,1,6,1,55,8,-1,-1,-1,6,3,6
2018551800914,2,1,0,13,0,1,0,0,0,0,1,1,1,1,27,6,-1,-1,-1,10,1,10
2018551800915,1,19,0,18,0,1,0,0,0,0,1,1,6,1,33,6,1996,2,7,7,1,7
2018551800915,2,9,0,3,0,1,0,0,0,0,2,1,3,2,32,6,1229,1,12,4,1,4
2018551800916,1,9,0,9,0,4,0,0,0,0,3,1,6,2,67,10,2204,2,11,7,3,7
2018551800916,2,5,0,18,0,4,0,10,4,1,1,1,6,1,30,6,1301,1,1,7,1,7
2018551800917,1,5,0,4,0,0,1,0,0,0,0,1,2,1,28,6,599,1,21,6,3,6
2018551800918,1,9,0,18,0,0,1,4,0,0,1,1,6,2,30,6,1595,1,-1,7,1,7
2018551800918,2,9,0,2,0,0,0,0,0,0,2,1,6,3,-1,-1,1995,2,6,-1,-1,-1
2018551800919,1,9,0,4,0,0,0,0,0,0,1,1,6,2,38,7,1999,1,14,9,2,9
2018551800919,2,9,0,4,0,0,0,0,0,0,2,1,6,1,67,10,2720,2,13,5,1,5
2018551800920,1,9,0,18,0,0,0,0,0,0,3,1,6,1,35,6,-1,-1,-1,1,1,1
2018551800921,1,9,0,9,0,5,0,0,0,0,3,1,6,2,49,8,1591,1,1,5,1,5
2018551800921,2,9,0,9,0,6,0,0,0,0,1,1,6,1,69,10,1796,1,17,5,1,5
2018551800922,1,9,0,7,0,5,0,0,0,0,4,1,6,2,78,11,1364,1,8,10,1,10
2018551800922,2,1,0,18,0,1,0,0,1,0,1,1,2,1,51,8,-1,-1,-1,5,3,5
2018551800923,1,9,0,18,0,0,0,0,0,0,4,1,3,2,48,8,1753,2,10,10,1,10
2018551800923,2,1,0,18,9,0,0,0,0,0,3,1,2,1,61,9,-1,-1,-1,5,1,5
2018551800925,1,9,0,9,0,6,0,0,0,0,3,1,6,2,51,8,1398,1,8,5,1,5
2018551800925,2,5,0,18,0,8,1,0,0,0,1,1,6,1,35,6,1137,1,21,6,3,6
2018551800926,1,9,4,3,0,1,0,0,0,0,4,1,6,3,-1,-1,-1,-1,-1,-1,-1,-1
2018551800926,2,1,0,15,0,1,0,0,1,0,3,1,1,1,22,5,-1,-1,-1,7,2,7
2018551800927,1,9,0,9,0,5,0,0,0,0,4,1,6,1,63,9,1794,1,16,5,2,5
2018551800927,2,9,0,18,0,1,0,0,0,0,1,1,6,2,30,6,1339,1,7,8,1,8
2018551800928,1,9,0,18,0,7,0,0,0,0,1,1,6,2,24,5,1997,2,12,5,1,5
2018551800928,2,9,0,4,0,7,0,0,0,0,2,1,1,2,33,6,2460,2,11,4,1,4
2018551800929,1,5,0,14,0,1,0,0,0,0,1,1,6,1,55,8,1200,1,23,4,3,4
2018551800929,2,9,0,9,0,6,0,0,0,0,1,1,6,2,24,5,1968,2,2,6,3,6
2018551800930,1,9,0,18,0,0,1,0,0,0,1,1,6,2,41,7,1598,1,12,3,1,3
2018551800930,2,9,0,4,0,0,0,0,0,0,2,1,6,1,40,7,1598,1,10,7,2,7
2018551800930,3,9,0,3,0,0,0,0,0,0,2,1,6,1,31,6,1997,2,10,9,2,9
2018551800930,4,9,0,3,0,0,0,0,0,0,2,1,1,1,41,7,1753,2,8,6,3,6
2018551800931,1,19,0,18,0,1,0,0,0,0,1,1,1,1,44,7,2143,2,3,10,1,10
2018551800931,2,22,0,18,0,1,0,0,0,0,3,1,6,1,85,11,-1,-1,-1,8,1,8
2018551800932,1,9,0,18,0,0,5,0,0,0,1,1,6,1,30,6,2148,2,13,1,1,1
2018551800932,2,9,0,2,0,0,0,0,0,0,1,1,6,3,-1,-1,1968,2,14,-1,-1,-1
2018551800933,1,9,0,18,0,0,0,0,0,0,1,1,6,2,27,6,1749,1,15,1,1,1
2018551800934,1,9,0,16,9,0,0,0,1,4,1,1,6,1,28,6,1598,1,16,10,1,10
2018551800935,1,4,0,18,0,0,1,0,0,0,3,1,6,1,56,9,599,1,15,7,1,7
2018551800936,1,9,0,18,0,0,1,0,0,0,1,1,6,1,27,6,1598,1,14,3,1,3
2018551800936,2,9,0,4,0,0,0,0,0,0,2,1,6,2,23,5,1242,1,5,3,1,3
2018551800937,1,9,0,9,0,8,0,0,0,0,1,1,6,2,33,6,1753,2,7,4,1,4
2018551800937,2,1,0,18,0,1,0,0,0,0,1,1,6,1,80,11,-1,-1,-1,5,1,5
2018551800938,1,9,0,10,0,1,0,0,0,0,2,1,1,2,44,7,1242,1,14,5,-1,5
2018551800938,2,9,0,18,0,1,0,0,0,0,1,1,6,2,28,6,1596,1,16,7,3,7
2018551800940,1,9,0,3,0,0,0,0,0,0,1,1,6,1,59,9,1999,1,2,9,1,9
2018551800941,1,9,0,18,0,0,0,0,0,0,4,1,6,3,-1,-1,-1,-1,-1,-1,-1,-1
2018551800943,1,9,0,18,0,0,0,0,0,0,3,1,6,3,-1,-1,-1,-1,-1,-1,-1,-1
2018551800943,2,9,0,18,0,0,0,0,0,0,3,1,6,2,69,10,1495,1,11,5,3,5
2018551800944,1,8,0,18,0,1,0,0,0,0,1,1,6,1,25,5,1686,2,7,9,2,9
2018551800944,2,9,0,4,0,1,0,0,0,0,2,1,6,1,28,6,1998,1,7,4,1,4
2018551800945,1,5,0,13,0,1,0,0,0,0,1,1,6,1,20,4,656,1,12,4,2,4
2018551800945,2,9,0,9,0,6,0,0,0,0,3,1,6,1,34,6,1560,2,6,5,3,5
2018551800946,1,9,0,9,0,5,0,0,0,0,3,1,6,3,-1,-1,-1,-1,-1,-1,-1,-1
2018551800946,2,2,0,10,0,1,0,0,0,0,4,1,6,2,17,4,50,1,1,10,3,10
2018551800947,1,9,0,18,0,0,0,0,0,0,4,1,6,1,72,10,1200,1,-1,7,1,7
2018551800948,1,9,0,18,0,6,0,0,0,0,1,1,6,1,30,6,1390,1,16,6,3,6
2018551800948,2,9,0,18,0,8,0,0,0,0,1,1,6,2,54,8,1798,1,4,7,3,7
2018551800949,1,9,0,16,0,0,0,0,0,0,3,1,2,1,31,6,1798,1,10,6,1,6
2018551800949,2,9,0,17,0,0,0,0,7,10,3,1,6,1,44,7,1461,2,11,3,1,3
2018551800950,1,9,0,17,0,0,1,0,0,0,1,1,6,2,59,9,1997,1,18,7,2,7
2018551800951,1,3,0,5,0,2,0,0,0,0,1,1,6,2,54,8,124,1,16,9,1,9
2018551800951,2,9,0,18,0,1,0,0,0,0,1,1,6,1,46,8,1686,2,13,1,1,1
2018551800952,1,9,0,17,0,0,1,0,1,4,4,1,6,1,22,5,1598,1,14,5,1,5
2018551800953,1,19,0,18,9,1,0,0,0,0,1,1,6,2,18,4,2402,2,10,6,1,6
2018551800953,2,9,0,2,0,1,0,0,0,0,2,1,6,3,-1,-1,1896,2,12,-1,-1,-1
2018551800954,1,19,0,14,0,0,0,0,0,0,3,1,2,1,54,8,2287,2,11,3,1,3
2018551800955,1,9,0,5,0,1,0,0,0,0,3,1,6,1,54,8,1368,1,1,4,1,4
2018551800955,2,3,0,14,0,1,0,0,0,0,3,1,6,1,17,4,124,1,9,9,1,9
2018551800956,1,9,0,4,0,0,0,0,0,0,3,1,6,2,61,9,2998,2,24,5,1,5
2018551800956,2,9,0,16,0,0,0,0,0,0,1,1,6,1,23,5,1390,1,17,6,1,6
2018551800957,1,9,0,18,0,0,0,0,0,0,1,1,2,2,25,5,1242,1,9,10,1,10
2018551800957,2,9,0,3,0,0,0,0,0,0,2,1,1,1,72,10,1397,1,15,3,1,3
2018551800957,3,9,0,3,0,0,0,0,0,0,2,1,6,1,51,8,1995,2,5,3,1,3
2018551800957,4,9,0,3,0,0,0,0,0,0,2,1,6,1,33,6,1968,2,3,5,1,5
2018551800959,1,3,0,4,0,0,1,0,0,0,1,1,6,1,38,7,125,1,1,8,1,8
2018551800959,2,9,0,4,0,0,0,0,0,0,2,1,6,3,-1,-1,-1,-1,-1,-1,-1,-1
2018551800960,1,9,0,5,0,8,0,0,0,0,1,1,6,2,57,9,1999,1,12,8,1,8
2018551800960,2,9,0,18,0,1,0,0,0,0,4,1,2,2,52,8,1461,2,2,1,1,1
2018551800962,1,5,0,18,0,6,0,0,3,10,1,1,6,1,34,6,-1,-1,-1,3,1,3
2018551800963,1,1,0,18,0,6,1,0,0,0,1,1,4,1,10,2,-1,-1,-1,7,1,7
2018551800963,2,9,0,18,0,8,0,0,0,0,4,1,6,2,40,7,1364,1,10,6,1,6
2018551800964,1,19,0,9,0,6,0,0,0,0,1,1,1,1,24,5,1248,2,7,2,1,2
2018551800965,1,9,0,10,0,8,0,0,0,0,1,1,6,1,80,11,1995,1,14,7,2,7
2018551800965,2,4,0,18,0,1,0,0,0,0,1,1,6,1,20,4,471,1,3,6,1,6
2018551800966,1,9,0,18,0,0,0,4,0,0,3,1,6,1,83,11,1999,1,9,6,1,6
2018551800966,2,9,0,2,0,0,0,0,0,0,4,1,6,2,29,6,1598,1,12,2,1,2
2018551800967,1,5,0,16,0,0,0,0,0,0,1,1,6,1,26,6,599,1,15,8,1,8
2018551800967,2,11,0,17,0,0,0,0,0,0,1,1,1,1,47,8,-1,2,38,6,1,6
2018551800968,1,19,0,4,0,0,0,0,0,0,1,1,6,1,44,7,2460,2,11,3,1,3
2018551800968,2,9,0,4,0,0,0,0,0,0,2,1,6,2,38,7,1591,1,1,9,1,9
2018551800968,3,9,0,4,0,0,0,0,0,0,2,1,6,1,41,7,1242,1,10,6,1,6
2018551800969,1,9,0,7,0,4,0,0,0,0,4,1,6,1,34,6,1341,1,15,7,1,7
2018551800969,2,1,0,18,0,4,0,0,0,0,3,1,6,1,51,8,-1,-1,-1,6,1,6
2018551800970,1,5,0,7,0,3,0,10,0,0,1,1,6,1,32,6,904,1,18,8,1,8
2018551800970,2,9,0,3,0,1,0,0,0,0,3,1,6,1,64,9,2204,2,11,3,1,3
2018551800971,1,9,0,9,0,1,0,0,0,0,3,1,1,1,48,8,-1,-1,-1,5,3,5
2018551800971,2,5,0,13,0,1,0,0,0,0,1,1,1,1,69,10,652,1,16,10,2,10
2018551800972,1,5,0,13,0,1,0,0,0,0,1,1,6,1,36,7,599,1,17,5,1,5
2018551800972,2,9,0,10,0,5,0,0,0,0,3,1,6,2,33,6,998,1,3,7,1,7
2018551800974,1,9,0,18,0,4,0,0,0,0,1,1,6,1,46,8,1360,1,14,6,1,6
2018551800974,2,1,0,17,0,8,0,0,0,0,2,1,6,2,47,8,-1,-1,-1,10,3,10
2018551800975,1,5,0,16,0,0,0,0,2,10,1,1,6,1,26,6,1000,1,10,4,1,4
2018551800975,2,9,0,18,0,0,0,0,0,0,3,1,6,1,59,9,2967,2,4,10,3,10
2018551800975,3,9,0,18,0,0,0,0,0,0,3,1,6,1,49,8,1956,2,6,7,1,7
2018551800976,1,9,0,18,0,4,0,0,0,0,4,1,6,3,-1,-1,2148,2,9,-1,-1,-1
2018551800976,2,5,0,5,0,8,0,0,0,0,1,1,6,1,37,7,1103,1,-1,6,3,6
2018551800977,1,9,0,4,0,0,0,0,0,0,0,1,6,2,29,6,2268,2,2,2,1,2
2018551800978,1,1,0,18,9,0,0,0,0,0,1,1,1,1,57,9,-1,-1,-1,10,1,10
2018551800979,1,9,0,18,0,2,0,0,0,0,1,1,6,2,18,4,1390,1,17,8,3,8
2018551800979,2,9,0,14,0,2,0,0,0,0,2,1,6,2,51,8,-1,-1,-1,7,3,7
2018551800979,3,11,0,2,0,2,0,0,0,0,0,1,1,1,51,8,9600,2,20,8,1,8
2018551800980,1,9,0,18,0,8,0,0,0,0,4,1,6,2,19,4,1600,1,14,7,1,7