Accident_Index,Vehicle_Reference,Vehicle_Type,Towing_and_Articulation,Vehicle_Manoeuvre,Vehicle_Location-Restricted_Lane,Junction_Location,Skidding_and_Overturning,Hit_Object_in_Carriageway,Vehicle_Leaving_Carriageway,Hit_Object_off_Carriageway,1st_Point_of_Impact,Was_Vehicle_Left_Hand_Drive?,Journey_Purpose_of_Driver,Sex_of_Driver,Age_of_Driver,Age_Band_of_Driver,Engine_Capacity_(CC),Propulsion_Code,Age_of_Vehicle,Driver_IMD_Decile,Driver_Home_Area_Type,Vehicle_IMD_Decile
2018551800980,2,1,0,18,0,8,0,0,0,0,3,1,2,1,19,4,-1,-1,-1,2,1,2
2018551800981,1,9,0,9,0,6,0,0,0,0,1,1,6,1,38,7,1596,1,15,7,1,7
2018551800981,2,1,0,17,0,1,0,0,0,0,1,1,6,2,27,6,-1,-1,-1,8,1,8
2018551800982,1,3,0,9,0,6,0,0,0,0,1,1,1,1,42,7,125,1,3,5,1,5
2018551800982,2,9,0,3,0,1,0,0,0,0,4,1,6,1,49,8,1598,2,4,-1,-1,-1
2018551800983,1,9,0,9,0,5,0,0,0,0,2,1,6,1,68,10,1560,2,7,7,1,7
2018551800983,2,9,0,18,0,1,0,0,0,0,1,1,6,1,36,7,1995,2,5,4,1,4
2018551800984,1,1,0,9,0,0,0,0,0,0,1,1,6,1,12,3,-1,-1,-1,8,-1,8
2018551800984,2,9,0,18,0,0,0,0,0,0,1,1,6,2,72,10,996,1,6,6,1,6
2018551800985,1,9,0,4,0,0,0,0,0,0,1,1,6,1,24,5,1598,1,11,7,1,7
2018551800985,2,9,0,4,0,0,0,0,0,0,2,1,6,2,23,5,1796,1,11,8,2,8
2018551800986,1,9,0,9,0,8,0,0,0,0,1,1,6,1,78,11,1397,1,16,7,3,7
2018551800986,2,9,0,18,0,1,0,0,0,0,1,1,6,1,67,10,1388,1,6,5,3,5
2018551800987,1,19,0,18,0,0,0,0,0,0,4,1,6,3,-1,-1,-1,-1,-1,-1,-1,-1
2018551800988,1,9,0,13,0,1,2,10,0,0,1,1,6,1,80,11,1598,1,12,4,1,4
2018551800988,2,9,3,18,0,1,0,0,0,0,2,1,6,1,41,7,2922,1,15,6,2,6
2018551800989,1,9,0,10,0,1,0,0,0,0,0,1,6,2,19,4,1229,1,11,5,2,5
2018551800989,2,9,0,3,0,1,0,0,0,0,2,1,6,2,30,6,1329,1,3,6,2,6
2018551800989,3,9,0,18,0,1,0,0,0,0,1,1,6,1,28,6,1560,2,6,6,1,6
2018551800990,1,19,0,12,0,3,0,0,0,0,3,1,1,1,28,6,2143,2,1,3,1,3
2018551800990,2,4,0,14,0,3,1,0,0,0,1,1,2,1,18,4,124,1,6,5,1,5
2018551800991,1,9,0,9,0,5,0,0,0,0,4,1,6,2,19,4,993,1,17,4,1,4
2018551800991,2,1,0,18,0,8,0,0,0,0,1,1,6,1,68,10,-1,-1,-1,5,1,5
2018551800993,1,9,0,4,0,1,0,0,0,0,1,1,6,2,28,6,1398,1,16,1,1,1
2018551800993,2,9,0,3,0,1,0,0,0,0,2,1,6,1,55,8,1998,2,14,4,1,4
2018551800993,3,9,0,10,0,2,0,0,0,0,2,1,1,2,38,7,999,1,3,5,2,5
2018551800995,1,9,0,18,0,0,0,0,0,0,1,1,6,1,17,4,1242,1,15,6,1,6
2018551800995,2,9,0,4,0,0,0,0,0,0,2,1,6,1,64,9,1497,8,2,3,1,3
2018551800996,1,9,0,5,0,4,0,0,0,0,1,1,2,1,61,9,1798,1,6,5,1,5
2018551800996,2,3,0,3,0,4,0,0,0,0,2,1,2,1,58,9,100,1,11,6,1,6
2018551800997,1,19,0,17,0,0,0,0,0,0,1,1,1,1,57,9,2198,2,6,8,2,8
2018551800997,2,9,0,4,0,0,0,0,0,0,2,1,6,1,27,6,1242,1,4,2,1,2
2018551800998,1,21,1,5,0,4,0,0,0,0,1,1,1,1,30,6,12809,2,-1,1,1,1
2018551800998,2,9,0,3,0,4,0,0,0,0,2,1,6,2,43,7,1596,1,9,-1,-1,-1
2018551800999,1,9,0,4,0,0,0,0,0,0,1,1,6,2,28,6,1598,1,13,6,1,6
2018551800999,2,19,0,4,0,0,0,0,0,0,2,1,1,2,39,7,2143,2,1,2,1,2
2018551800999,3,9,0,4,0,0,0,0,0,0,2,1,6,1,67,10,1995,2,2,7,1,7
2018551801000,1,1,0,18,0,6,0,0,0,0,1,1,6,2,25,5,-1,-1,-1,7,1,7
2018551801000,2,9,0,18,0,1,0,0,0,0,4,1,6,1,33,6,1781,1,12,8,1,8
2018551801001,1,9,0,18,0,1,1,0,0,0,1,1,6,2,52,8,1198,1,13,7,1,7
2018551801001,2,9,0,8,0,1,0,0,0,0,2,1,6,2,45,7,1998,1,-1,5,3,5
2018551801002,1,4,0,5,8,0,0,0,0,0,3,1,6,1,28,6,249,1,7,8,1,8
2018551801003,1,9,0,9,0,6,0,0,0,0,1,1,2,1,62,9,1984,2,10,1,1,1
2018551801003,2,9,0,18,0,8,0,0,0,0,4,1,6,2,76,11,1349,1,6,9,1,9
2018551801004,1,3,0,17,0,0,1,0,0,0,1,1,6,1,17,4,124,1,4,8,1,8
2018551801005,1,2,0,17,0,1,1,0,0,0,0,1,6,1,16,4,49,1,11,4,1,4
2018551801006,1,9,0,5,5,6,0,0,0,0,1,1,6,2,56,9,1497,8,-1,-1,1,-1
2018551801006,2,1,0,18,5,8,0,0,0,0,4,1,6,2,56,9,-1,-1,-1,8,1,8
2018551801007,1,9,0,9,0,8,0,0,0,0,1,1,6,2,25,5,1796,1,12,2,1,2
2018551801007,2,9,0,18,0,8,0,0,0,0,1,1,6,1,32,6,1596,1,9,8,1,8
2018551801008,1,9,0,13,0,0,1,0,1,9,1,1,6,1,52,8,2706,1,2,5,3,5
2018551801009,1,9,0,5,0,4,0,0,0,0,1,1,2,1,50,8,2793,1,20,7,1,7
2018551801009,2,9,0,4,0,4,0,0,0,0,2,1,6,2,37,7,1998,2,10,6,2,6
2018551801010,1,9,0,18,0,4,0,0,8,7,1,1,6,1,25,5,1598,2,1,6,1,6
2018551801010,2,9,0,18,0,8,1,0,0,0,4,1,6,1,28,6,1560,2,9,10,1,10
2018551801012,1,1,0,13,0,0,0,0,0,0,1,1,6,1,21,5,-1,-1,-1,2,1,2
2018551801012,2,9,0,12,0,0,0,0,0,0,3,1,6,1,34,6,1968,2,-1,3,1,3
2018551801013,1,9,0,9,0,1,0,0,0,0,1,1,6,3,-1,-1,998,1,-1,-1,-1,-1
2018551801013,2,3,0,18,0,1,0,0,0,0,1,1,1,1,31,6,108,1,-1,3,1,3
2018551801014,1,9,0,18,0,6,0,0,0,0,1,1,6,2,22,5,999,1,1,-1,-1,-1
2018551801014,2,19,0,18,0,8,0,0,0,0,4,1,1,1,59,9,2143,2,3,5,3,5
2018551801015,1,3,0,14,0,1,0,0,7,11,1,1,6,1,26,6,125,1,6,5,1,5
2018551801015,2,9,0,9,0,1,0,0,0,0,3,1,6,2,49,8,1560,2,4,9,1,9
2018551801016,1,3,0,18,0,0,1,0,2,7,1,1,2,2,29,6,124,1,11,8,1,8
2018551801018,1,5,0,18,0,1,0,0,0,0,1,1,2,1,25,5,599,1,20,6,1,6
2018551801018,2,19,0,10,0,1,0,0,0,0,2,1,1,1,68,10,1868,2,15,9,1,9
2018551801020,1,9,0,18,0,0,0,0,0,0,1,1,2,1,20,4,1598,1,16,3,1,3
2018551801020,2,9,0,3,0,0,0,0,0,0,2,1,2,1,34,6,2996,2,1,9,1,9
2018551801023,1,1,0,9,0,2,0,0,0,0,3,1,6,2,46,8,-1,-1,-1,5,1,5
2018551801023,2,9,0,18,0,8,1,0,1,11,1,1,6,2,39,7,1896,2,17,4,1,4
2018551801024,1,9,0,18,0,0,1,12,0,0,1,1,2,1,24,5,2000,2,14,6,2,6
2018551801024,2,9,0,18,0,0,0,0,0,0,1,1,2,2,49,8,2457,1,8,7,3,7
2018551801026,1,9,0,18,0,0,0,4,0,0,1,1,6,1,20,4,1364,1,14,5,1,5
2018551801026,2,9,0,2,0,0,0,0,0,0,1,1,6,3,-1,-1,1870,2,13,-1,-1,-1
2018551801027,1,9,0,18,0,0,0,0,0,0,1,1,6,1,74,10,1995,2,8,9,1,9
2018551801028,1,9,0,16,0,0,0,0,7,11,1,1,6,1,28,6,1968,2,13,5,1,5
2018551801028,2,9,0,17,0,0,0,0,0,0,1,1,2,2,32,6,1968,2,2,7,1,7
2018551801028,3,9,0,16,0,0,0,0,0,0,1,1,6,1,48,8,1596,1,5,10,1,10
2018551801029,1,9,0,7,0,5,0,0,0,0,4,1,6,1,43,7,1197,1,1,6,3,6
2018551801029,2,1,0,18,0,1,0,0,0,0,1,1,6,1,39,7,-1,-1,-1,4,1,4
2018551801030,1,9,0,5,0,8,0,0,0,0,1,1,6,2,27,6,-1,-1,-1,4,2,4
2018551801032,1,9,0,18,0,1,0,0,0,0,1,1,2,2,36,7,1968,2,4,7,3,7
2018551801033,1,9,0,11,0,2,0,0,0,0,4,1,6,2,17,4,1242,1,10,6,1,6
2018551801033,2,1,0,18,4,2,0,0,0,0,3,1,6,1,60,9,-1,-1,-1,6,1,6
2018551801033,3,1,0,18,4,2,0,0,0,0,0,1,6,2,54,8,-1,-1,-1,6,1,6
2018551801034,1,9,0,18,0,1,0,0,0,0,1,1,6,2,51,8,1582,2,4,7,1,7
2018551801034,2,9,0,4,0,1,0,0,0,0,2,1,6,1,25,5,1896,2,19,2,1,2
2018551801035,1,11,0,4,0,0,0,0,0,0,4,1,1,1,33,6,4500,2,6,-1,-1,-1
2018551801036,1,9,0,18,0,0,0,0,0,0,1,1,6,2,19,4,1242,1,9,7,1,7
2018551801037,1,9,0,18,0,8,0,0,0,0,1,1,6,1,66,10,1796,1,4,-1,-1,-1
2018551801037,2,1,0,18,0,8,0,0,0,0,3,1,6,1,18,4,-1,-1,-1,4,1,4
2018551801039,1,3,0,18,0,0,0,0,0,0,1,1,6,1,20,4,125,1,9,4,1,4
2018551801040,1,9,0,11,0,1,0,0,0,0,4,1,6,1,30,6,1969,1,1,6,1,6
2018551801040,2,1,0,18,4,1,0,0,0,0,1,1,6,1,48,8,-1,-1,-1,10,1,10
2018551801041,1,19,0,18,0,0,0,0,0,0,1,1,6,1,41,7,1995,2,-1,4,1,4
2018551801041,2,9,0,18,0,0,0,0,0,0,2,1,6,1,31,6,1198,1,9,-1,-1,-1
2018551801041,3,9,0,18,0,0,0,0,0,0,2,1,6,1,17,4,1242,1,7,-1,-1,-1
2018551801041,4,9,0,18,0,0,0,0,0,0,2,1,6,1,28,6,1560,2,-1,-1,-1,-1
2018551801042,1,9,0,18,0,4,0,0,0,0,3,1,6,1,80,11,1499,2,5,8,1,8
2018551801042,2,1,0,18,0,8,0,0,0,0,4,1,2,1,39,7,-1,-1,-1,10,1,10
2018551801044,1,1,0,18,0,0,0,4,0,0,1,1,6,1,33,6,-1,-1,-1,-1,-1,-1
2018551801044,2,9,0,2,0,0,0,0,0,0,2,1,6,3,-1,-1,1240,1,12,-1,-1,-1
2018551801045,1,9,0,7,0,8,0,0,0,0,1,1,6,3,-1,-1,1968,2,12,-1,-1,-1
2018551801045,2,1,0,18,0,8,0,0,0,0,4,1,6,1,27,6,-1,-1,-1,2,1,2
2018551801046,1,9,0,1,0,0,0,4,7,11,2,1,6,2,76,11,1339,1,5,5,1,5
2018551801046,2,9,0,2,0,0,0,0,0,0,2,1,6,3,-1,-1,1796,1,10,-1,-1,-1
2018551801047,1,9,0,4,0,1,0,0,0,0,1,1,6,1,18,4,898,1,3,3,1,3
2018551801047,2,9,0,4,0,1,0,0,0,0,2,1,6,2,47,8,1364,1,2,1,1,1
2018551801048,1,9,0,18,0,0,2,10,7,11,1,1,6,1,34,6,1910,2,11,5,1,5
2018551801049,1,9,0,6,7,8,0,0,0,0,4,1,6,1,76,11,2720,2,11,6,2,6
2018551801049,2,5,0,17,0,1,0,0,0,0,1,1,6,1,52,8,849,1,9,9,3,9
2018551801051,1,9,0,7,7,5,0,0,7,0,1,1,6,1,57,9,1560,2,6,-1,-1,-1
2018551801051,2,1,0,18,0,1,0,0,0,0,3,1,6,1,57,9,-1,-1,-1,5,1,5
2018551801053,1,9,0,18,0,0,1,4,0,0,1,1,6,1,25,5,-1,-1,-1,2,1,2
2018551801053,2,9,0,2,0,0,0,0,0,0,2,1,6,3,-1,-1,1997,2,10,-1,-1,-1
2018551801053,3,9,0,2,0,0,0,0,0,0,2,1,6,3,-1,-1,-1,-1,-1,-1,-1,-1
2018551801054,1,2,0,18,0,8,0,0,0,0,2,1,6,1,17,4,125,1,3,6,1,6
2018551801054,2,9,0,18,0,8,0,0,0,0,1,1,6,1,75,10,1968,2,1,7,1,7
2018551801055,1,8,0,18,0,4,0,0,0,0,1,1,1,1,56,9,1598,2,6,6,1,6
2018551801055,2,1,0,18,0,4,0,10,0,0,2,1,6,2,47,8,-1,-1,-1,3,1,3
2018551801056,1,9,0,15,0,0,0,0,0,0,4,1,6,3,-1,-1,-1,-1,-1,-1,-1,-1
2018551801056,2,1,0,13,0,0,0,0,0,0,3,1,6,1,66,10,-1,-1,-1,4,2,4
2018551801057,1,9,0,18,0,0,2,0,5,6,3,1,6,2,29,6,1598,1,13,5,1,5
2018551801058,1,9,0,18,0,0,0,0,0,0,1,1,6,1,18,4,1229,1,13,-1,-1,-1
2018551801059,1,9,0,18,0,1,0,0,0,0,1,1,6,2,33,6,998,1,7,9,1,9
2018551801059,2,9,0,8,0,1,0,0,0,0,2,1,6,1,62,9,1328,1,11,7,1,7
2018551801060,1,5,0,4,0,0,0,0,0,0,1,1,6,1,27,6,898,1,5,7,1,7
2018551801060,2,9,0,4,0,0,0,0,0,0,1,1,6,1,26,6,1956,2,3,5,1,5
2018551801061,1,4,0,18,0,0,0,0,0,0,1,1,6,1,60,9,249,1,37,7,3,7
2018551801061,2,9,0,4,0,0,0,0,0,0,2,1,6,2,63,9,1586,1,3,7,1,7
2018551801062,1,9,0,18,0,0,0,0,0,0,1,1,6,1,34,6,1582,2,6,2,1,2
2018551801062,2,9,0,4,0,0,0,0,1,0,2,1,6,1,28,6,1339,1,11,5,1,5
2018551801062,3,19,0,4,0,0,0,0,0,0,2,1,6,1,53,8,1499,2,-1,8,1,8
2018551801063,1,5,0,18,0,8,0,0,0,0,1,1,6,1,43,7,800,1,19,5,1,5
2018551801063,2,9,0,9,0,8,0,0,0,0,3,1,6,1,46,8,1362,1,4,7,1,7
2018551801064,1,9,0,7,0,8,0,0,0,0,3,1,6,2,41,7,1956,2,6,10,1,10
2018551801064,2,1,0,18,0,8,0,0,0,0,1,1,6,2,34,6,-1,-1,-1,9,1,9
2018551801065,1,9,0,18,0,8,0,0,0,0,1,1,6,1,85,11,1364,1,2,7,2,7
2018551801065,2,9,0,3,0,1,0,0,0,0,2,1,6,2,69,10,1798,8,3,9,2,9
2018551801065,3,9,0,3,0,1,0,0,0,0,1,1,6,2,65,9,1399,2,11,6,3,6
2018551801066,1,1,0,18,0,8,0,0,0,0,1,1,6,1,14,3,-1,-1,-1,8,1,8
2018551801066,2,9,0,18,0,1,0,0,0,0,4,1,6,1,50,8,1968,2,10,9,3,9
2018551801067,1,9,0,9,0,8,0,0,0,0,4,1,2,1,25,5,1997,2,6,9,1,9
2018551801067,2,1,0,18,0,8,0,0,0,0,1,1,2,1,30,6,-1,-1,-1,9,2,9
2018551801068,1,9,0,18,0,0,0,0,0,0,3,1,6,2,55,8,1299,1,15,1,1,1
2018551801070,1,9,0,9,9,6,0,0,0,0,4,1,6,2,49,8,1598,2,1,8,1,8
2018551801070,2,22,0,4,9,1,0,0,0,0,1,1,6,1,49,8,-1,-1,-1,1,1,1
2018551801071,1,9,0,18,0,0,0,0,7,4,1,1,6,1,23,5,1229,1,3,5,1,5
2018551801072,1,9,0,17,0,0,1,10,7,11,1,1,6,1,18,4,1598,1,17,6,2,6
2018551801073,1,9,0,18,0,8,0,0,0,0,1,1,6,2,88,11,1390,1,7,6,2,6
2018551801073,2,9,0,9,0,8,0,0,0,0,3,1,1,2,61,9,1800,1,18,6,1,6
2018551801074,1,1,0,18,0,1,0,0,0,0,0,1,4,1,14,3,-1,-1,-1,1,2,1
2018551801074,2,20,1,5,0,8,0,0,0,0,2,1,1,1,60,9,-1,-1,-1,3,1,3
2018551801076,1,9,0,18,0,0,0,0,0,0,1,1,2,2,48,8,1499,2,1,5,1,5
2018551801077,1,9,0,9,0,6,0,0,0,0,1,1,2,2,27,6,1590,1,15,6,1,6
2018551801077,2,2,0,14,0,8,0,0,0,0,1,1,2,1,24,5,125,1,-1,8,-1,8
2018551801078,1,9,0,9,0,1,0,0,0,0,4,1,6,2,60,9,1339,1,14,3,1,3
2018551801078,2,9,0,4,0,1,0,0,0,0,2,1,6,2,46,8,999,1,-1,5,1,5
2018551801078,3,9,0,18,0,1,0,0,0,0,1,1,6,2,25,5,998,1,5,4,1,4
2018551801078,4,1,0,18,4,1,0,0,0,0,1,1,6,1,36,7,-1,-1,-1,4,1,4
2018551801079,1,19,0,6,0,2,0,0,0,0,3,1,1,1,30,6,1753,2,9,9,1,9
2018551801079,2,5,0,14,0,2,0,0,0,0,1,1,6,1,56,9,1301,1,1,8,1,8
2018551801080,1,9,0,16,0,1,0,0,0,0,3,1,6,2,24,5,1242,1,13,7,2,7
2018551801080,2,97,0,9,0,1,0,0,0,0,1,1,6,1,67,10,-1,-1,-1,5,1,5
2018551801081,1,9,0,5,9,6,0,0,0,0,1,1,6,2,52,8,1984,1,10,8,1,8
2018551801081,2,1,0,18,0,8,0,0,0,0,2,1,6,1,52,8,-1,-1,-1,9,1,9
2018551801082,1,9,0,18,0,8,0,0,0,0,4,1,6,1,74,10,1997,2,3,4,1,4
2018551801082,2,9,0,18,0,8,1,0,0,0,1,1,6,2,49,8,1242,1,2,-1,-1,-1
2018551801083,1,9,0,18,0,0,0,0,0,0,1,1,2,1,65,9,4367,2,1,9,1,9
2018551801083,2,8,0,18,0,0,0,0,0,0,2,1,1,1,40,7,1598,2,6,7,1,7
2018551801084,1,9,0,18,0,0,0,0,0,0,1,1,6,2,67,10,999,1,1,4,1,4
2018551801085,1,9,0,11,0,8,0,0,0,0,4,1,6,2,39,7,999,1,2,9,3,9
2018551801085,2,9,0,12,0,8,0,0,0,0,3,1,6,2,56,9,1910,2,10,8,1,8
2018551801086,1,9,0,9,0,8,0,0,0,0,4,1,1,1,61,9,998,1,1,3,1,3
2018551801086,2,1,0,18,0,8,0,0,0,0,1,1,2,1,33,6,-1,-1,-1,8,1,8
2018551801087,1,5,0,5,0,1,0,0,3,11,1,1,6,1,69,10,745,1,1,9,1,9
2018551801088,1,9,0,4,0,2,1,0,0,0,0,1,6,1,32,6,2990,1,23,3,1,3
2018551801088,2,9,0,4,0,1,0,0,0,0,1,1,6,1,32,6,998,1,17,1,1,1
2018551801088,3,21,0,4,0,1,1,0,0,0,2,1,1,1,63,9,12740,2,3,-1,1,-1
2018551801090,1,9,0,9,0,5,0,0,0,0,4,1,6,1,36,7,1968,2,8,3,1,3
2018551801090,2,5,0,14,0,1,0,0,0,0,1,1,6,1,37,7,1050,1,2,3,1,3
2018551801091,1,5,0,18,0,0,0,0,1,10,1,1,2,1,22,5,600,1,17,4,1,4
2018551801093,1,3,0,16,0,0,1,10,0,0,3,1,6,1,17,4,125,1,7,1,1,1
2018551801095,1,9,0,18,0,0,0,0,1,0,1,1,6,1,58,9,1197,1,4,2,1,2
2018551801095,2,9,0,18,0,0,1,0,0,0,1,1,6,2,64,9,1598,1,15,10,1,10
2018551801097,1,9,0,13,0,1,0,0,0,0,3,1,6,1,48,8,1995,2,14,5,2,5
2018551801097,2,9,0,13,0,1,0,0,7,1,4,1,6,1,29,6,6208,1,9,9,3,9
2018551801098,1,9,0,9,0,6,0,0,0,0,1,1,6,2,73,10,1995,2,6,10,3,10
2018551801098,2,9,0,18,0,1,0,0,0,0,1,1,6,2,58,9,1248,2,5,9,2,9
2018551801099,1,1,0,18,0,0,0,0,0,0,3,1,6,1,10,2,-1,-1,-1,3,1,3
2018551801099,2,9,0,18,0,0,0,11,0,0,1,1,1,2,56,9,1895,1,17,2,1,2
2018551801100,1,9,0,18,0,1,0,0,0,0,1,1,6,2,35,6,1968,2,4,7,1,7
2018551801100,2,19,0,10,0,1,0,0,0,0,2,1,1,1,57,9,1560,2,2,-1,-1,-1
2018551801100,3,21,1,2,0,2,0,0,0,0,0,1,1,3,-1,-1,-1,-1,-1,-1,-1,-1
2018551801101,1,19,0,18,0,1,1,0,0,0,1,1,1,1,35,6,1868,2,12,-1,-1,-1
2018551801101,2,9,0,3,0,2,0,0,0,0,2,1,6,2,42,7,1598,1,2,7,1,7
2018551801102,1,9,0,1,5,6,0,0,0,0,2,1,6,2,23,5,1598,1,8,9,1,9
2018551801102,2,1,0,18,0,1,0,0,0,0,3,1,6,1,64,9,-1,-1,-1,-1,-1,-1
2018551801104,1,9,0,18,0,5,0,0,0,0,3,1,6,3,-1,-1,-1,-1,-1,-1,-1,-1
2018551801104,2,3,0,13,0,1,0,0,0,0,1,1,6,1,24,5,124,1,35,7,3,7
2018551801105,1,9,0,7,0,3,0,0,0,0,4,1,6,1,71,10,2184,2,14,5,2,5
2018551801106,1,9,0,9,0,8,0,0,0,0,4,1,6,1,17,4,1364,2,11,6,2,6
2018551801106,2,9,0,18,0,8,0,0,0,0,1,1,1,2,53,8,1797,8,4,10,3,10
2018551801107,1,1,0,18,0,0,0,0,0,0,1,1,6,1,51,8,-1,-1,-1,5,2,5
2018551801107,2,9,0,18,0,0,0,0,0,0,4,1,6,2,73,10,1991,2,9,10,1,10
2018551801108,1,20,0,9,0,1,0,0,0,0,1,1,1,1,45,7,-1,-1,-1,5,1,5
2018551801109,1,9,0,18,0,0,0,0,0,0,1,1,6,2,54,8,999,1,4,6,1,6
2018551801109,2,9,0,4,0,0,0,0,0,0,0,1,6,2,31,6,1618,1,2,7,1,7
2018551801110,1,9,0,7,0,1,0,0,0,0,1,1,3,1,35,6,1998,2,11,3,1,3
2018551801110,2,9,0,17,0,1,0,0,0,0,4,1,1,2,28,6,998,1,8,7,1,7
2018551801111,1,9,0,6,0,0,0,0,0,0,1,1,6,1,49,8,2685,2,15,6,3,6
2018551801111,2,9,0,17,0,0,0,0,0,0,1,1,6,2,63,9,2000,2,10,5,3,5
2018551801112,1,9,0,18,0,1,0,0,0,0,1,1,6,2,48,8,-1,-1,-1,5,1,5
2018551801112,2,9,0,18,0,1,0,0,0,0,2,1,6,2,32,6,1995,2,3,9,1,9
2018551801113,1,9,0,3,0,1,0,0,0,0,3,1,6,2,80,11,1299,1,16,8,1,8
2018551801114,1,9,0,7,0,8,0,0,0,0,1,1,2,1,69,10,1242,1,8,7,2,7
2018551801115,1,9,3,18,0,0,2,0,6,6,1,1,6,1,30,6,2982,2,9,4,1,4
2018551801116,1,11,0,4,0,0,0,0,0,0,0,1,1,1,53,8,4580,2,9,5,1,5
2018551801117,1,9,0,5,0,6,1,0,0,0,1,1,1,2,46,8,1461,2,1,2,2,2
2018551801117,2,1,0,18,0,8,0,0,0,0,4,1,6,1,58,9,-1,-1,-1,1,1,1
2018551801118,1,9,0,7,0,8,0,0,0,0,4,1,1,2,73,10,1242,1,10,8,1,8
2018551801118,2,1,0,18,4,8,0,0,0,0,1,1,2,1,38,7,-1,-1,-1,8,1,8
2018551801119,1,9,0,18,0,4,0,0,0,0,3,1,6,1,57,9,2184,2,9,1,1,1
2018551801119,2,9,0,18,0,3,0,0,0,0,3,1,6,2,59,9,998,1,4,8,1,8
2018551801120,1,19,0,4,0,1,0,0,0,0,1,1,1,3,-1,-1,2198,2,3,-1,-1,-1
2018551801120,2,9,0,10,0,1,0,0,0,0,2,1,6,2,26,6,1598,2,8,4,1,4
2018551801121,1,1,0,18,0,1,0,0,0,0,1,1,6,1,14,3,-1,-1,-1,7,1,7
2018551801121,2,9,0,10,0,1,0,0,0,0,3,1,6,1,73,10,999,1,1,7,1,7
2018551801122,1,9,0,18,0,1,1,0,0,0,1,1,6,2,50,8,1994,1,21,6,3,6
2018551801122,2,9,0,10,0,1,0,0,0,0,2,1,2,2,46,8,1997,2,9,10,2,10
2018551801123,1,9,0,9,0,6,0,0,0,0,1,1,6,1,26,6,1986,2,11,5,3,5
2018551801123,2,9,0,18,0,1,0,0,0,0,1,1,2,1,47,8,1587,1,16,6,2,6
2018551801124,1,9,0,18,0,0,0,0,0,0,4,1,6,2,80,11,1339,1,15,8,1,8
2018551801125,1,19,0,14,0,0,0,0,0,0,3,1,6,2,27,6,2477,2,6,5,3,5
2018551801125,2,9,0,16,0,0,0,0,0,0,1,1,6,1,69,10,1596,1,17,10,1,10
2018551801126,1,9,0,4,0,1,0,0,0,0,1,1,6,2,53,8,1587,1,13,6,1,6
2018551801126,2,9,0,10,0,1,0,0,0,0,2,1,6,2,31,6,1986,2,11,8,1,8
2018551801128,1,9,0,9,0,6,0,0,0,0,1,1,1,2,61,9,1197,1,3,3,1,3
2018551801128,2,9,0,17,0,1,0,0,0,0,1,1,6,2,60,9,1798,1,7,8,2,8
2018551801129,1,9,0,18,0,0,0,0,0,0,1,1,6,3,-1,-1,1796,1,12,-1,-1,-1
2018551801129,2,9,0,3,0,0,0,0,0,0,2,1,6,2,35,6,1968,2,11,3,1,3
2018551801130,1,8,0,4,0,8,0,0,0,0,1,1,1,1,48,8,1560,2,3,3,1,3
2018551801131,1,19,0,18,0,8,0,0,0,0,3,1,1,1,62,9,2300,2,14,6,2,6
2018551801131,2,3,0,18,0,8,0,0,0,0,1,1,6,1,25,5,125,1,14,6,1,6
2018551801132,1,9,0,16,0,1,0,0,0,0,1,1,6,1,82,11,998,1,5,10,1,10
2018551801132,2,9,0,10,0,1,0,0,0,0,2,1,6,2,30,6,1392,1,19,6,1,6
2018551801133,1,9,0,17,0,0,1,0,0,0,1,1,2,2,52,8,1798,1,16,6,3,6
2018551801133,2,9,0,16,0,0,0,0,0,0,1,1,2,1,52,8,2143,2,-1,10,1,10
2018551801134,1,9,0,18,0,0,0,0,7,0,1,1,6,2,62,9,1560,2,9,8,1,8
2018551801134,2,9,0,2,0,0,0,0,0,0,1,1,1,3,-1,-1,999,1,1,-1,-1,-1
2018551801135,1,9,0,3,0,0,0,0,0,0,4,1,2,2,48,8,1229,1,5,6,1,6
2018551801135,2,1,0,15,0,0,0,0,0,0,1,1,1,1,50,8,-1,-1,-1,4,1,4
2018551801136,1,1,0,18,0,1,0,0,0,0,4,1,6,2,61,9,-1,-1,-1,6,1,6
2018551801136,2,9,0,18,0,1,0,0,0,0,1,1,6,3,-1,-1,-1,-1,-1,-1,-1,-1
2018551801138,1,9,0,7,0,8,0,0,0,0,4,1,6,1,25,5,1781,1,12,-1,-1,-1
2018551801138,2,1,0,5,0,8,0,0,0,0,3,1,6,1,27,6,-1,-1,-1,6,3,6
2018551801139,1,9,0,17,0,0,5,0,2,0,4,1,6,1,27,6,999,1,5,9,1,9
2018551801140,1,9,0,9,0,5,0,0,0,0,3,1,6,2,30,6,1968,2,9,8,-1,8
2018551801141,1,9,0,18,0,5,0,0,0,0,1,1,6,1,87,11,1339,1,6,9,1,9
2018551801141,2,9,0,17,0,1,0,0,0,0,3,1,3,2,30,6,1397,1,9,9,1,9
2018551801142,1,9,0,5,0,3,0,0,0,0,1,1,6,1,36,7,1968,2,4,10,1,10
2018551801142,2,1,0,3,0,4,0,0,0,0,2,1,6,1,39,7,-1,-1,-1,1,1,1