Accident_Index,Vehicle_Reference,Vehicle_Type,Towing_and_Articulation,Vehicle_Manoeuvre,Vehicle_Location-Restricted_Lane,Junction_Location,Skidding_and_Overturning,Hit_Object_in_Carriageway,Vehicle_Leaving_Carriageway,Hit_Object_off_Carriageway,1st_Point_of_Impact,Was_Vehicle_Left_Hand_Drive?,Journey_Purpose_of_Driver,Sex_of_Driver,Age_of_Driver,Age_Band_of_Driver,Engine_Capacity_(CC),Propulsion_Code,Age_of_Vehicle,Driver_IMD_Decile,Driver_Home_Area_Type,Vehicle_IMD_Decile
2018551801143,1,5,0,18,0,1,0,0,0,0,1,1,6,1,50,8,948,1,1,8,1,8
2018551801144,1,9,0,9,0,8,0,0,0,0,1,1,6,1,40,7,2993,2,-1,5,1,5
2018551801144,2,5,0,18,0,8,0,0,1,10,1,1,2,1,51,8,650,1,19,2,1,2
2018551801145,1,9,0,7,0,1,0,0,0,0,4,1,6,2,37,7,1998,1,11,4,1,4
2018551801145,2,1,0,18,0,1,0,0,0,0,1,1,6,1,33,6,-1,-1,-1,-1,-1,-1
2018551801146,1,1,0,15,0,1,0,0,0,0,0,1,2,1,55,8,-1,-1,-1,8,1,8
2018551801146,2,9,0,9,0,5,0,0,0,0,4,1,6,1,49,8,1560,2,7,8,2,8
2018551801147,1,5,0,18,0,0,0,0,0,0,1,1,6,1,21,5,1200,1,18,9,1,9
2018551801147,2,5,0,18,0,0,0,0,7,4,1,1,6,1,61,9,999,1,7,7,1,7
2018551801147,3,9,0,18,0,0,0,0,0,0,2,1,6,1,72,10,2993,2,8,8,2,8
2018551801148,1,9,0,18,0,0,0,0,0,0,1,1,2,2,22,5,1198,1,12,8,1,8
2018551801149,1,9,0,9,0,8,0,12,0,0,1,1,2,2,55,8,1995,2,10,6,2,6
2018551801150,1,9,0,18,0,8,5,0,0,0,4,1,6,2,47,8,999,1,6,4,1,4
2018551801150,2,9,0,18,0,8,0,0,0,0,1,1,6,1,33,6,1560,2,5,-1,-1,-1
2018551801150,3,1,0,3,0,8,0,0,0,0,2,1,6,3,-1,-1,-1,-1,-1,-1,-1,-1
2018551801152,1,9,0,3,0,4,0,0,0,0,1,1,6,1,29,6,1997,2,10,5,1,5
2018551801152,2,4,0,3,0,4,0,0,0,0,2,1,6,2,31,6,125,1,8,3,1,3
2018551801153,1,1,0,16,0,0,0,0,0,0,1,1,4,1,14,3,-1,-1,-1,6,1,6
2018551801153,2,9,0,18,0,0,0,0,0,0,1,1,6,1,24,5,1199,1,16,8,1,8
2018551801155,1,19,0,18,0,0,0,0,0,0,1,1,6,1,33,6,1968,2,3,7,1,7
2018551801155,2,9,0,18,0,0,0,0,0,0,2,1,6,1,61,9,1598,1,15,10,1,10
2018551801156,1,19,0,14,0,0,0,0,0,0,1,1,2,1,26,6,1598,2,6,3,1,3
2018551801157,1,3,0,14,0,1,0,0,0,0,1,1,6,1,22,5,124,1,2,9,-1,9
2018551801157,2,9,0,9,0,6,0,0,0,0,1,1,6,1,39,7,1968,2,3,5,1,5
2018551801158,1,19,0,18,0,0,0,0,0,0,1,1,2,1,56,9,2402,2,7,5,1,5
2018551801158,2,9,0,18,0,0,0,0,0,0,2,1,6,2,46,8,2967,2,2,7,1,7
2018551801159,1,9,0,18,0,1,0,10,2,10,4,1,6,1,21,5,1896,2,16,7,1,7
2018551801159,2,9,0,18,0,1,0,0,0,0,0,1,6,2,37,7,1997,1,11,7,3,7
2018551801160,1,19,0,18,0,2,0,0,0,0,1,1,2,1,50,8,-1,-1,-1,9,1,9
2018551801160,2,9,0,17,0,2,0,0,0,0,4,1,2,1,58,9,-1,-1,-1,5,1,5
2018551801160,3,9,0,17,0,2,0,7,0,0,4,1,2,1,47,8,1598,1,11,5,1,5
2018551801161,1,19,0,18,0,4,0,0,0,0,1,1,6,3,-1,-1,-1,-1,-1,-1,-1,-1
2018551801161,2,9,0,18,0,8,0,0,0,0,4,1,6,2,28,6,1968,2,7,6,1,6
2018551801162,1,9,0,18,0,0,0,0,0,0,1,1,6,1,45,7,1796,1,11,8,1,8
2018551801164,1,9,0,9,0,4,0,0,0,0,1,1,6,2,29,6,1998,1,16,7,1,7
2018551801165,1,9,0,16,0,0,1,10,0,0,1,1,6,2,18,4,1086,1,11,3,1,3
2018551801166,1,9,0,4,0,2,0,0,0,0,1,1,6,1,66,10,1318,1,2,6,1,6
2018551801166,2,9,0,18,0,2,0,0,0,0,1,1,6,2,40,7,1560,2,8,3,1,3
2018551801166,3,9,0,18,0,8,0,0,0,0,1,1,6,1,29,6,2993,2,9,5,3,5
2018551801167,1,9,0,18,0,0,2,0,0,0,1,1,6,1,62,9,1197,1,2,5,3,5
2018551801168,1,3,0,18,0,1,0,0,0,0,1,1,2,1,24,5,125,1,-1,4,1,4
2018551801168,2,9,0,10,0,1,0,0,0,0,2,1,6,1,31,6,1598,2,5,10,1,10
2018551801169,1,9,0,18,0,4,0,0,0,0,1,1,6,2,29,6,2204,2,11,6,1,6
2018551801169,2,9,0,9,0,3,0,0,0,0,3,1,6,1,57,9,1685,2,2,5,1,5
2018551801170,1,9,0,18,0,0,1,0,1,11,1,1,1,1,33,6,1348,1,16,4,1,4
2018551801170,2,9,0,3,0,0,0,0,0,0,2,1,1,2,31,6,1995,2,-1,4,1,4
2018551801170,3,9,0,3,0,0,0,0,0,0,2,1,1,2,29,6,1973,1,18,4,1,4
2018551801170,4,9,0,3,0,0,0,0,0,0,2,1,1,2,21,5,1461,2,2,9,1,9
2018551801170,5,19,4,3,0,0,0,0,0,0,2,1,1,1,57,9,-1,-1,-1,7,1,7
2018551801171,1,21,1,12,0,8,0,0,0,0,3,2,1,1,37,7,-1,-1,-1,-1,-1,-1
2018551801171,2,9,0,18,0,3,2,0,0,0,4,1,2,1,36,7,1297,1,30,7,1,7
2018551801172,1,9,0,18,0,8,2,0,7,10,1,1,6,2,36,7,1388,1,14,5,3,5
2018551801173,1,5,0,16,0,0,0,0,0,0,1,1,6,1,50,8,599,1,20,7,1,7
2018551801173,2,9,0,17,0,0,0,0,0,0,1,1,2,1,41,7,2400,2,8,5,3,5
2018551801174,1,9,0,13,0,0,0,0,0,0,1,1,6,3,-1,-1,-1,-1,-1,-1,-1,-1
2018551801174,2,1,0,18,4,0,0,0,0,0,2,1,1,1,55,8,-1,-1,-1,3,1,3
2018551801175,1,5,0,7,0,8,0,0,0,0,4,1,6,1,60,9,1261,1,14,5,1,5
2018551801176,1,1,0,18,0,0,0,0,0,0,4,1,6,1,72,10,-1,-1,-1,5,1,5
2018551801176,2,19,0,18,0,0,0,0,0,0,4,1,6,1,29,6,1968,2,8,3,1,3
2018551801177,1,3,0,18,0,1,0,0,0,0,1,1,6,1,17,4,125,1,2,8,2,8
2018551801177,2,9,0,3,0,1,0,0,0,0,2,1,6,1,33,6,2179,2,10,5,2,5
2018551801178,1,9,0,7,0,6,0,0,0,0,1,1,6,2,23,5,999,1,9,9,1,9
2018551801178,2,9,0,18,0,8,0,0,0,0,4,1,6,2,46,8,1560,2,2,8,1,8
2018551801179,1,9,0,9,0,5,0,0,0,0,1,1,2,1,62,9,1998,2,11,-1,-1,-1
2018551801179,2,9,0,18,0,1,0,0,0,0,3,1,6,1,62,9,1364,1,8,5,1,5
2018551801180,1,5,0,4,0,0,1,0,0,0,1,1,6,1,88,11,-1,-1,-1,6,3,6
2018551801181,1,1,0,18,0,0,0,0,0,0,1,1,6,1,67,10,-1,-1,-1,6,3,6
2018551801181,2,9,0,18,0,0,0,0,0,0,1,1,6,1,76,11,2204,2,11,8,1,8
2018551801182,1,9,0,18,0,6,0,0,8,1,1,1,6,1,25,5,1796,1,13,1,1,1
2018551801182,2,9,0,18,0,1,0,0,0,0,1,1,6,1,81,11,1995,2,13,5,1,5
2018551801183,1,9,0,9,0,5,0,0,0,0,1,1,6,1,25,5,1968,2,11,4,1,4
2018551801183,2,9,0,18,2,1,0,0,0,0,1,1,1,2,46,8,1910,2,9,4,1,4
2018551801185,1,9,0,18,0,0,0,0,0,0,1,1,2,2,21,5,1328,1,10,6,3,6
2018551801185,2,9,0,18,0,0,0,0,0,0,2,1,6,1,51,8,1560,2,9,6,3,6
2018551801186,1,9,0,18,0,1,0,0,0,0,1,1,6,1,23,5,999,1,6,2,1,2
2018551801187,1,19,0,1,0,0,0,0,0,0,2,1,1,1,40,7,2300,2,14,8,1,8
2018551801188,1,9,0,18,0,0,0,0,1,11,1,1,1,2,26,6,1198,1,4,6,1,6
2018551801190,1,8,0,18,0,4,0,0,0,0,1,1,1,1,55,8,1896,2,10,3,1,3
2018551801190,2,1,0,18,0,8,0,0,0,0,4,1,6,1,44,7,-1,-1,-1,3,1,3
2018551801191,1,9,0,18,0,0,1,0,0,0,1,1,6,1,23,5,1900,2,19,3,1,3
2018551801193,1,9,0,18,0,8,0,0,0,0,1,1,6,3,-1,-1,-1,-1,-1,-1,-1,-1
2018551801193,2,8,0,18,0,8,1,10,0,0,3,1,1,1,48,8,1598,2,6,3,1,3
2018551801196,1,9,0,9,0,8,0,0,0,0,1,1,2,1,39,7,1896,2,15,5,3,5
2018551801196,2,9,0,18,0,8,0,0,1,0,3,1,6,1,54,8,1685,2,5,9,3,9
2018551801197,1,9,0,18,0,4,0,0,0,0,1,1,6,1,47,8,1396,1,8,1,1,1
2018551801197,2,1,0,18,0,3,0,0,0,0,1,1,6,2,26,6,-1,-1,-1,2,1,2
2018551801199,1,9,0,7,0,1,0,0,0,0,1,1,6,1,62,9,2204,2,13,5,3,5
2018551801199,2,1,0,18,0,2,0,0,0,0,2,1,2,1,48,8,-1,-1,-1,5,1,5
2018551801200,1,9,0,7,0,6,0,0,0,0,1,1,6,2,33,6,-1,-1,-1,-1,-1,-1
2018551801201,1,9,0,5,9,6,0,0,0,0,1,1,6,1,72,10,1686,2,9,2,1,2
2018551801201,2,1,0,18,9,1,0,0,0,0,1,1,6,2,25,5,-1,-1,-1,8,1,8
2018551801202,1,9,0,4,0,0,0,0,0,0,1,1,3,2,33,6,898,1,2,4,3,4
2018551801202,2,9,0,3,0,0,0,0,0,0,2,1,1,1,36,7,1956,2,8,1,1,1
2018551801203,1,9,0,9,0,5,0,0,0,0,1,1,2,2,59,9,1390,1,18,3,1,3
2018551801204,1,4,0,13,0,1,0,0,0,0,1,1,6,1,17,4,398,1,14,3,1,3
2018551801204,2,9,0,9,0,8,0,0,0,0,4,1,6,1,90,11,1390,1,16,5,1,5
2018551801205,1,9,0,4,0,0,0,0,0,0,2,1,6,1,18,4,1242,1,7,9,1,9
2018551801205,2,11,0,18,0,0,0,0,0,0,1,1,1,1,53,8,4500,2,6,4,1,4
2018551801207,1,5,0,17,0,0,0,4,0,0,4,1,6,1,64,9,649,1,12,7,3,7
2018551801207,2,9,0,2,0,0,0,0,0,0,3,1,6,3,-1,-1,1995,2,11,-1,-1,-1
2018551801208,1,9,0,18,0,0,0,0,0,0,1,1,6,3,-1,-1,-1,-1,-1,-1,-1,-1
2018551801209,1,9,0,5,0,8,0,0,0,0,3,1,2,2,28,6,1598,2,6,5,1,5
2018551801209,2,9,0,18,0,8,0,0,0,0,1,1,2,2,26,6,1595,1,17,3,1,3
2018551801212,1,9,0,18,0,4,0,0,0,0,1,1,6,1,70,10,988,1,1,2,1,2
2018551801212,2,9,0,9,0,8,0,0,0,0,1,1,6,2,47,8,1598,2,2,4,1,4
2018551801213,1,9,0,18,0,0,0,0,0,0,1,1,6,2,33,6,1560,2,8,2,1,2
2018551801213,2,9,0,18,0,0,0,0,0,0,2,1,6,1,20,4,1390,1,5,9,1,9
2018551801215,1,9,0,18,0,0,0,0,0,0,1,1,6,2,20,4,1598,1,13,7,1,7
2018551801216,1,9,0,7,9,6,0,0,0,0,1,1,6,3,-1,-1,1995,2,4,-1,-1,-1
2018551801218,1,9,0,9,0,8,0,0,0,0,1,1,1,1,25,5,1995,2,3,4,1,4
2018551801218,2,5,0,13,0,8,0,0,0,0,1,1,1,1,67,10,1237,1,8,8,3,8
2018551801219,1,8,0,18,0,0,0,0,0,0,1,1,1,1,75,10,1598,2,4,3,1,3
2018551801220,1,9,0,5,0,1,0,0,0,0,1,1,6,2,80,11,1399,1,2,9,1,9
2018551801220,2,1,0,5,0,1,0,0,0,0,2,1,6,2,48,8,-1,-1,-1,6,1,6
2018551801221,1,9,0,18,0,0,0,12,0,0,1,1,6,1,79,11,1329,1,1,7,1,7
2018551801222,1,3,0,9,0,0,0,0,0,0,3,1,6,1,18,4,124,1,20,4,1,4
2018551801222,2,5,0,15,0,0,0,0,0,0,4,1,6,1,18,4,124,1,18,6,2,6
2018551801223,1,9,0,18,0,0,5,4,0,0,1,1,6,2,88,11,1390,1,9,8,3,8
2018551801223,2,9,0,2,0,0,0,0,0,0,1,1,3,2,43,7,1968,2,8,8,2,8
2018551801225,1,9,0,1,0,1,0,0,0,0,2,1,6,2,57,9,1997,1,11,8,1,8
2018551801225,2,9,0,3,0,1,0,0,0,0,1,1,6,2,25,5,998,1,9,5,1,5
2018551801226,1,19,0,11,0,0,0,0,0,0,4,1,6,1,30,6,1686,2,15,2,1,2
2018551801226,2,11,0,18,0,0,0,0,0,0,1,1,1,1,31,6,6700,2,-1,2,1,2
2018551801228,1,9,0,5,0,4,0,0,0,0,3,1,1,1,55,8,1969,2,1,6,1,6
2018551801228,2,5,0,17,0,8,0,0,0,0,3,1,6,1,46,8,1298,1,19,6,2,6
2018551801229,1,9,0,16,0,8,1,0,0,0,3,1,2,1,52,8,1386,1,11,5,1,5
2018551801229,2,3,0,16,0,8,0,0,1,7,4,1,2,2,21,5,124,1,21,6,1,6
2018551801230,1,9,0,12,0,1,0,0,0,0,1,1,1,1,50,8,1968,2,6,3,1,3
2018551801230,2,9,0,4,0,1,0,0,0,0,2,1,2,1,37,7,1968,2,5,2,1,2
2018551801231,1,1,0,18,0,8,0,0,0,0,1,1,6,2,25,5,-1,-1,-1,5,1,5
2018551801231,2,9,0,18,0,2,0,0,0,0,4,1,6,1,38,7,-1,-1,-1,8,1,8
2018551801233,1,9,0,18,0,0,0,0,0,0,1,1,6,3,-1,-1,-1,-1,-1,-1,-1,-1
2018551801234,1,9,0,5,0,2,0,0,0,0,1,1,6,2,68,10,998,1,4,4,1,4
2018551801235,1,9,0,12,0,0,0,0,0,0,3,1,6,3,-1,-1,1598,1,4,-1,-1,-1
2018551801235,2,9,0,18,0,0,0,0,0,0,4,1,6,2,29,6,1984,1,3,10,1,10
2018551801236,1,9,0,9,0,8,0,0,0,0,3,1,6,1,44,7,1595,1,18,10,1,10
2018551801236,2,1,0,18,9,8,0,0,0,0,1,1,4,1,12,3,-1,-1,-1,6,1,6
2018551801237,1,9,0,7,0,1,0,0,0,0,1,1,6,2,53,8,1461,2,7,3,1,3
2018551801238,1,9,0,18,0,1,0,0,0,0,1,1,6,1,56,9,2204,2,9,4,1,4
2018551801241,1,9,0,18,0,0,0,0,1,1,1,1,2,1,42,7,1596,1,26,7,1,7
2018551801242,1,9,0,5,0,4,0,0,0,0,3,1,6,1,73,10,1364,1,-1,6,1,6
2018551801242,2,1,0,18,0,8,0,0,0,0,1,1,1,1,35,6,-1,-1,-1,7,1,7
2018551801243,1,9,0,4,0,1,0,0,0,0,1,1,1,1,35,6,-1,-1,-1,6,1,6
2018551801243,2,9,0,4,0,1,0,0,0,0,2,1,6,2,46,8,1796,1,4,6,1,6
2018551801244,1,9,0,18,0,0,0,0,0,0,1,1,1,2,54,8,-1,-1,-1,6,3,6
2018551801244,2,9,0,3,0,0,0,0,0,0,2,1,1,1,27,6,-1,-1,-1,7,1,7
2018551801245,1,9,0,18,0,0,0,0,0,0,4,1,6,2,67,10,1299,1,13,10,2,10
2018551801246,1,9,0,9,0,8,0,0,0,0,1,1,2,1,65,9,1951,2,14,7,2,7
2018551801246,2,1,0,18,0,8,1,0,0,0,1,1,2,1,35,6,-1,-1,-1,6,1,6
2018551801247,1,90,0,18,0,0,0,0,0,0,3,1,6,1,33,6,-1,-1,-1,6,1,6
2018551801247,2,3,0,18,0,0,0,0,1,0,3,1,2,1,33,6,125,1,4,6,1,6
2018551801249,1,9,0,1,6,0,0,0,0,0,2,1,6,2,47,8,1991,8,1,9,1,9
2018551801250,1,9,0,18,0,0,5,0,0,0,1,1,6,1,61,9,1997,2,11,1,1,1
2018551801250,2,9,0,18,0,0,5,0,0,0,2,1,6,1,45,7,1598,2,7,8,1,8
2018551801252,1,9,0,18,0,4,0,0,0,0,1,1,6,2,35,6,1364,1,2,6,-1,6
2018551801252,2,1,0,9,0,4,0,0,0,0,2,1,1,1,50,8,-1,-1,-1,10,1,10
2018551801254,1,19,0,9,0,2,0,0,0,0,1,1,2,1,29,6,1968,2,3,4,1,4
2018551801254,2,5,0,18,0,1,0,0,0,0,1,1,2,1,60,9,675,1,11,5,1,5
2018551801256,1,19,0,16,0,0,0,0,0,0,1,1,6,1,26,6,1560,2,4,8,1,8
2018551801256,2,9,0,17,0,0,0,0,0,0,3,1,3,1,40,7,1997,1,12,8,1,8
2018551801257,1,9,0,18,0,4,0,0,1,2,3,1,6,2,25,5,1796,1,11,10,1,10
2018551801257,2,9,0,18,0,3,0,0,7,6,1,1,6,2,62,9,1794,1,17,9,1,9
2018551801259,1,8,0,17,0,0,5,11,2,10,4,1,2,1,40,7,1590,1,17,5,1,5
2018551801260,1,5,0,18,0,1,0,0,0,0,1,1,2,1,50,8,883,1,3,2,1,2
2018551801260,2,9,0,10,0,1,0,0,0,0,1,1,6,2,37,7,1229,1,5,5,1,5
2018551801260,3,9,0,3,0,1,0,0,0,0,1,1,1,1,45,7,1388,1,9,9,1,9
2018551801262,1,9,0,18,0,0,0,0,0,0,1,1,6,1,-1,-1,998,1,7,-1,-1,-1
2018551801262,2,9,0,18,0,0,0,0,0,0,0,1,6,1,33,6,1598,2,2,9,1,9
2018551801262,3,9,0,18,0,0,0,0,0,0,1,1,6,1,37,7,1596,1,13,9,1,9
2018551801263,1,9,0,9,0,6,0,0,0,0,1,1,6,2,46,8,1390,1,17,5,2,5
2018551801263,2,5,0,18,0,1,0,0,0,0,1,1,6,1,47,8,749,1,8,3,1,3
2018551801264,1,8,0,9,0,6,0,0,0,0,4,1,1,1,50,8,1995,2,4,8,1,8
2018551801265,1,5,0,18,0,0,0,0,0,0,1,1,6,1,59,9,1600,1,9,4,1,4
2018551801265,2,9,0,4,0,0,0,0,0,0,2,1,6,1,37,7,2568,1,21,5,1,5
2018551801266,1,9,0,18,0,4,0,0,0,0,1,1,2,1,51,8,1598,2,1,6,2,6
2018551801266,2,1,0,18,0,8,0,0,0,0,2,1,6,1,33,6,-1,-1,-1,9,3,9
2018551801267,1,9,0,9,0,5,0,0,0,0,1,1,1,1,80,11,-1,-1,-1,3,1,3
2018551801267,2,9,0,18,0,1,0,0,0,0,1,1,6,2,29,6,1397,1,10,3,1,3
2018551801268,1,9,0,18,0,0,0,0,0,0,1,1,6,1,87,11,1798,1,7,8,1,8
2018551801268,2,9,0,4,0,0,0,0,0,0,2,1,6,1,71,10,1591,1,-1,9,1,9
2018551801269,1,9,0,4,0,0,0,0,0,0,1,1,6,1,67,10,-1,-1,-1,5,1,5
2018551801269,2,9,0,3,0,0,0,0,0,0,2,1,6,2,24,5,1968,2,10,4,1,4
2018551801270,1,9,0,4,0,1,0,0,0,0,1,1,2,1,59,9,1796,1,11,9,1,9
2018551801270,2,9,0,4,0,1,0,0,0,0,2,1,6,2,34,6,-1,-1,-1,3,1,3
2018551801271,1,9,0,9,0,5,0,0,0,0,4,1,6,2,33,6,2143,2,9,5,1,5
2018551801271,2,3,0,4,0,1,1,0,0,0,1,1,6,1,17,4,125,1,3,5,1,5
2018551801272,1,9,0,9,0,8,0,0,0,0,4,1,6,1,24,5,2521,1,12,6,1,6
2018551801272,2,9,0,18,0,8,0,0,0,0,1,1,6,2,82,11,1339,1,9,6,1,6
2018551801273,1,3,0,16,0,0,1,0,0,0,4,1,6,1,19,4,124,1,1,10,1,10
2018551801273,2,9,0,4,0,0,0,0,0,0,2,1,6,1,33,6,-1,-1,-1,-1,-1,-1
2018551801274,1,8,0,11,0,0,0,0,0,0,3,1,6,1,54,8,2776,2,11,6,1,6
2018551801274,2,9,0,18,0,0,0,0,0,0,3,1,6,1,45,7,1749,1,15,6,1,6
2018551801275,1,9,0,9,0,6,0,0,0,0,1,1,6,1,21,5,1248,1,7,7,1,7
2018551801275,2,19,0,18,0,8,2,11,1,2,2,1,1,1,60,9,1560,2,1,5,1,5
2018551801276,1,9,0,18,0,0,0,4,0,0,1,1,6,1,90,11,1992,2,11,9,2,9
2018551801276,2,9,0,2,0,0,0,0,0,0,2,1,6,3,-1,-1,1596,1,9,-1,-1,-1
2018551801276,3,9,0,2,0,0,0,0,0,0,2,1,6,3,-1,-1,1242,1,14,-1,-1,-1
2018551801277,1,9,0,18,0,0,0,0,0,0,1,1,6,2,45,7,1798,1,10,5,1,5
2018551801277,2,9,0,3,0,0,0,0,0,0,2,1,6,2,49,8,1968,2,2,7,1,7
2018551801278,1,19,0,9,0,8,0,0,0,0,1,1,6,1,44,7,1560,2,6,2,1,2
2018551801278,2,1,0,18,0,8,0,0,0,0,3,1,1,1,18,4,-1,-1,-1,3,1,3
2018551801279,1,9,0,18,0,1,0,0,0,0,1,1,6,2,73,10,1991,2,6,10,1,10
2018551801279,2,9,0,3,0,1,0,0,0,0,2,1,1,1,30,6,1364,1,-1,10,2,10
2018551801280,1,9,0,17,0,0,5,0,1,9,1,1,6,1,23,5,1339,1,6,9,1,9
2018551801281,1,9,0,7,9,5,0,0,7,0,3,1,6,1,32,6,1995,2,10,7,1,7
2018551801281,2,1,0,18,9,1,0,0,0,0,1,1,6,1,27,6,-1,-1,-1,6,1,6
2018551801282,1,9,0,18,0,0,0,12,0,0,1,1,1,1,33,6,1598,2,-1,4,1,4
2018551801285,1,9,0,18,0,1,0,0,0,0,1,1,6,1,59,9,1598,1,14,6,1,6
2018551801285,2,9,0,18,0,1,0,0,0,0,3,1,6,1,60,9,1997,2,7,10,1,10
2018551801286,1,19,0,9,0,1,0,0,0,0,4,1,6,1,66,10,-1,-1,-1,3,1,3
2018551801286,2,9,0,18,0,1,0,0,0,0,1,1,6,1,19,4,1596,1,9,5,1,5
2018551801286,3,19,0,4,0,1,0,0,0,0,0,1,6,1,62,9,1995,2,2,5,1,5
2018551801287,1,9,0,16,0,0,1,0,7,1,1,1,6,2,29,6,2231,2,12,9,2,9
2018551801288,1,3,0,17,0,0,0,0,1,4,0,1,6,1,18,4,124,1,8,10,1,10
2018551801289,1,9,0,18,0,0,0,0,5,6,1,1,6,2,82,11,1000,1,-1,4,1,4
2018551801290,1,9,0,4,0,0,0,0,0,0,1,1,6,2,21,5,1197,1,6,10,1,10
2018551801290,2,9,0,4,0,0,0,0,0,0,2,1,6,1,49,8,998,1,8,-1,-1,-1
2018551801290,3,9,0,4,0,0,0,0,0,0,2,1,6,1,29,6,2987,2,9,2,1,2
2018551801291,1,9,0,18,0,0,0,0,0,0,1,1,2,2,61,9,1390,1,8,7,1,7
2018551801291,2,19,0,2,0,0,0,0,0,0,0,1,1,3,-1,-1,1399,2,8,-1,-1,-1
2018551801292,1,9,0,18,0,0,1,0,2,4,4,2,6,2,18,4,-1,-1,-1,5,2,5
2018551801293,1,9,0,5,0,6,0,0,0,0,1,2,6,1,43,7,-1,-1,-1,-1,-1,-1
2018551801293,2,19,0,18,0,8,0,0,0,0,4,1,2,1,59,9,-1,-1,-1,10,3,10
2018551801294,1,8,0,18,0,0,0,0,0,0,1,1,1,1,55,8,1499,2,2,6,1,6
2018551801295,1,9,0,18,0,0,0,0,0,0,1,1,6,1,29,6,2354,1,15,8,-1,8
2018551801295,2,9,0,4,0,0,0,0,0,0,2,1,6,2,47,8,2000,1,14,10,1,10
2018551801296,1,19,0,18,0,0,0,0,0,0,1,1,1,1,41,7,1598,2,1,4,1,4
2018551801296,2,9,0,4,0,0,0,0,0,0,2,1,6,2,20,4,1328,1,14,4,3,4
2018551801296,3,9,0,4,0,0,0,0,0,0,2,1,6,1,43,7,1997,2,1,5,1,5
2018551801297,1,8,0,18,0,0,0,0,0,0,3,1,6,1,67,10,1560,2,4,4,1,4
2018551801297,2,1,0,18,0,0,0,0,0,0,1,1,6,1,28,6,-1,-1,-1,8,1,8
2018551801298,1,9,0,18,0,0,2,0,1,9,1,1,6,2,25,5,1360,1,15,6,1,6
2018551801299,1,9,0,1,0,0,0,0,0,0,2,1,6,3,-1,-1,-1,-1,-1,-1,-1,-1
2018551801300,1,9,0,9,0,8,0,0,0,0,1,1,6,1,74,10,1242,1,11,7,1,7
2018551801300,2,1,0,18,0,8,0,0,0,0,1,1,6,1,56,9,-1,-1,-1,9,1,9
2018551801301,1,1,0,9,0,8,0,0,0,0,1,1,6,1,40,7,-1,-1,-1,9,1,9
2018551801301,2,9,0,18,0,8,1,0,0,0,3,1,6,3,-1,-1,1595,1,25,-1,-1,-1
2018551801302,1,19,0,18,0,0,0,0,0,0,1,1,1,1,27,6,2198,2,11,3,1,3
2018551801302,2,9,0,3,0,0,0,0,0,0,2,1,6,2,21,5,1248,1,6,7,1,7
2018551801302,3,9,0,3,0,0,0,0,0,0,2,1,6,2,36,7,1586,1,2,4,1,4
2018551801303,1,9,0,18,0,8,1,0,1,0,4,1,6,2,79,11,998,1,1,9,1,9
2018551801303,2,9,0,18,0,8,0,0,0,0,1,1,6,1,54,8,2987,2,10,5,1,5
2018551801304,1,9,0,18,0,2,0,0,0,0,1,1,6,2,39,7,1360,1,11,2,1,2
2018551801304,2,9,0,17,0,1,0,0,0,0,1,1,6,2,53,8,1242,1,6,6,3,6
2018551801305,1,9,0,17,0,0,2,0,7,11,2,1,6,1,37,7,1997,2,17,5,2,5
2018551801306,1,9,0,7,0,3,0,0,0,0,4,1,6,1,38,7,1997,1,13,8,1,8
2018551801306,2,1,0,18,0,8,0,0,0,0,1,1,6,1,40,7,-1,-1,-1,4,1,4
2018551801307,1,9,0,9,0,6,0,0,0,0,1,1,6,1,78,11,1598,1,12,5,1,5
2018551801307,2,1,0,17,0,8,0,0,0,0,4,1,6,2,48,8,-1,-1,-1,5,1,5
2018551801308,1,9,0,4,0,0,0,0,0,0,2,1,2,2,54,8,1349,1,3,10,1,10
2018551801308,2,19,0,4,0,0,0,0,0,0,1,1,2,1,51,8,1248,2,10,10,1,10
2018551801308,3,9,0,4,0,0,0,0,0,0,1,1,2,1,36,7,1995,2,10,5,1,5
2018551801309,1,5,0,13,0,1,0,0,0,0,1,1,6,1,41,7,899,1,19,6,1,6
2018551801309,2,9,0,9,0,8,0,0,0,0,1,1,6,2,24,5,1496,2,2,7,1,7
2018551801310,1,4,0,13,0,0,1,0,0,0,3,1,2,1,33,6,125,1,-1,-1,-1,-1
2018551801310,2,9,0,6,0,0,0,0,0,0,3,1,2,1,40,7,1995,1,12,4,1,4
2018551801311,1,9,0,9,0,8,0,0,0,0,1,1,6,1,89,11,1197,1,2,5,1,5
2018551801311,2,9,0,18,0,1,0,0,0,0,1,1,2,1,21,5,1590,1,26,8,1,8
2018551801312,1,9,0,9,0,6,0,0,0,0,1,1,6,2,47,8,1395,1,1,9,1,9
2018551801313,1,9,0,18,0,0,5,4,0,0,1,1,6,1,83,11,1598,1,9,5,2,5
2018551801313,2,9,0,2,0,0,0,0,0,0,2,1,6,3,-1,-1,1390,1,10,-1,-1,-1
2018551801314,1,9,0,5,0,4,0,0,0,0,1,1,2,2,45,7,999,1,1,4,1,4