Accident_Index,Vehicle_Reference,Vehicle_Type,Towing_and_Articulation,Vehicle_Manoeuvre,Vehicle_Location-Restricted_Lane,Junction_Location,Skidding_and_Overturning,Hit_Object_in_Carriageway,Vehicle_Leaving_Carriageway,Hit_Object_off_Carriageway,1st_Point_of_Impact,Was_Vehicle_Left_Hand_Drive?,Journey_Purpose_of_Driver,Sex_of_Driver,Age_of_Driver,Age_Band_of_Driver,Engine_Capacity_(CC),Propulsion_Code,Age_of_Vehicle,Driver_IMD_Decile,Driver_Home_Area_Type,Vehicle_IMD_Decile
2018551801314,2,1,0,5,0,8,0,0,0,0,2,1,6,2,50,8,-1,-1,-1,3,1,3
2018551801315,1,9,0,9,0,6,0,0,0,0,1,1,2,2,46,8,1598,2,6,5,2,5
2018551801315,2,1,0,18,0,1,0,0,0,0,4,1,2,1,39,7,-1,-1,-1,7,2,7
2018551801316,1,9,0,7,0,4,0,0,0,0,1,1,2,1,56,9,1498,1,3,10,1,10
2018551801316,2,1,0,17,0,8,0,0,0,0,4,1,2,1,60,9,-1,-1,-1,10,1,10
2018551801317,1,9,0,18,0,4,0,0,0,0,1,1,6,1,28,6,1229,1,4,4,1,4
2018551801317,2,90,0,9,0,3,0,0,0,0,1,1,1,1,58,9,7146,2,5,-1,-1,-1
2018551801319,1,9,0,5,0,8,0,0,0,0,4,1,6,2,48,8,1798,1,12,7,1,7
2018551801319,2,9,0,5,0,8,0,0,0,0,1,1,6,2,37,7,1598,1,5,6,1,6
2018551801320,1,9,0,9,0,6,0,0,0,0,3,1,6,2,49,8,998,1,1,5,1,5
2018551801320,2,9,0,18,0,1,0,0,0,0,1,1,6,2,65,9,1994,2,14,8,3,8
2018551801322,1,9,0,18,0,4,0,0,1,10,1,1,6,1,76,11,1999,1,9,10,1,10
2018551801322,2,9,0,18,0,8,0,0,0,0,4,1,1,2,39,7,1968,2,4,9,2,9
2018551801322,3,9,0,2,9,2,0,0,0,0,1,1,6,3,-1,-1,3387,1,11,-1,-1,-1
2018551801322,4,9,0,2,9,2,0,0,0,0,1,1,6,3,-1,-1,3799,1,5,-1,-1,-1
2018551801323,1,9,0,9,0,1,0,0,7,11,4,1,2,1,24,5,1598,1,15,5,2,5
2018551801323,2,9,0,18,0,1,0,0,0,0,1,1,2,1,49,8,1896,2,12,8,2,8
2018551801324,1,9,0,18,0,4,0,0,0,0,1,1,6,2,31,6,1360,1,13,6,1,6
2018551801324,2,1,0,18,0,8,0,0,0,0,1,1,1,1,20,4,-1,-1,-1,1,1,1
2018551801325,1,9,0,18,0,0,0,0,0,0,4,1,6,1,78,11,1598,1,9,7,1,7
2018551801326,1,17,0,4,0,1,0,0,0,0,1,1,1,1,64,9,-1,2,10,5,3,5
2018551801326,2,11,0,18,0,1,0,0,0,0,4,1,1,1,35,6,6696,2,5,6,3,6
2018551801327,1,9,0,18,0,4,0,0,0,0,1,1,6,1,75,10,1796,1,15,5,1,5
2018551801327,2,1,0,18,0,8,0,0,0,0,4,1,6,1,18,4,-1,-1,-1,3,1,3
2018551801328,1,9,0,9,0,6,0,0,0,0,1,1,2,1,18,4,-1,-1,-1,7,3,7
2018551801328,2,1,0,18,4,8,0,0,0,0,1,1,6,1,20,4,-1,-1,-1,6,1,6
2018551801329,1,9,0,15,0,0,0,4,0,0,1,1,6,1,88,11,1329,1,9,10,1,10
2018551801329,2,9,0,2,0,0,0,0,0,0,2,1,6,3,-1,-1,1598,1,7,-1,-1,-1
2018551801329,3,9,0,2,0,0,0,0,0,0,4,1,6,3,-1,-1,1242,1,4,-1,-1,-1
2018551801330,1,19,0,18,0,0,1,10,7,4,1,1,1,1,36,7,1461,2,4,5,2,5
2018551801331,1,9,0,18,0,0,0,0,0,0,4,1,1,1,66,10,2500,2,19,5,3,5
2018551801332,1,19,0,13,0,0,0,0,0,0,0,1,2,1,42,7,1598,2,-1,6,1,6
2018551801332,2,5,0,14,0,0,1,0,8,10,3,1,6,1,65,9,1043,1,7,7,2,7
2018551801333,1,9,0,9,0,6,0,0,0,0,4,1,6,3,-1,-1,2184,2,12,-1,-1,-1
2018551801333,2,1,0,18,0,8,0,0,1,0,3,1,6,1,57,9,-1,-1,-1,9,2,9
2018551801334,1,9,0,18,0,1,0,0,0,0,1,1,6,2,52,8,1968,2,1,5,3,5
2018551801334,2,9,0,18,0,1,0,0,0,0,2,1,1,2,56,9,1598,1,-1,7,3,7
2018551801336,1,9,0,18,0,0,0,0,0,0,1,1,3,1,41,7,1796,1,15,2,1,2
2018551801336,2,9,0,4,0,0,0,0,0,0,2,1,1,2,37,7,1598,2,3,8,1,8
2018551801336,3,19,0,3,0,0,0,0,0,0,2,1,6,1,45,7,-1,-1,-1,5,1,5
2018551801337,1,9,0,18,0,0,0,0,0,0,1,1,2,1,55,8,1999,1,17,3,1,3
2018551801337,2,9,0,4,0,0,0,0,0,0,2,1,2,1,21,5,1229,1,11,8,1,8
2018551801339,1,19,0,18,0,0,0,0,0,0,1,1,1,1,25,5,1995,2,1,8,1,8
2018551801339,2,9,0,18,0,0,0,0,0,0,0,1,6,1,67,10,2500,2,19,-1,-1,-1
2018551801340,1,9,0,9,0,5,0,0,0,0,3,1,2,1,58,9,1598,2,8,10,1,10
2018551801340,2,5,0,13,0,8,0,0,0,0,4,1,2,1,26,6,675,1,6,10,1,10
2018551801341,1,1,0,18,0,0,0,4,0,0,1,1,6,1,19,4,-1,-1,-1,5,1,5
2018551801341,2,9,0,2,0,0,0,0,0,0,2,1,6,3,-1,-1,1248,2,6,-1,-1,-1
2018551801342,1,10,0,18,0,0,0,0,0,0,1,1,6,2,44,7,-1,-1,-1,10,1,10
2018551801342,2,19,0,4,0,0,0,0,0,0,2,1,6,1,39,7,1560,2,11,10,1,10
2018551801344,1,9,0,5,0,6,0,0,0,0,2,1,6,2,66,10,1800,1,10,9,1,9
2018551801344,2,5,0,18,0,2,0,0,0,0,1,1,6,1,63,9,998,1,14,9,1,9
2018551801345,1,9,0,11,0,1,0,0,0,0,1,1,6,2,70,10,1248,1,4,7,3,7
2018551801347,1,9,0,9,0,8,0,0,0,0,3,1,2,2,34,6,1229,1,2,8,1,8
2018551801347,2,1,0,18,0,8,0,0,0,0,1,1,2,1,18,4,-1,-1,-1,7,1,7
2018551801348,1,19,0,6,0,0,0,0,0,0,3,1,6,1,53,8,2461,2,16,7,3,7
2018551801348,2,3,0,15,0,0,0,0,0,0,1,1,6,1,20,4,124,1,4,1,1,1
2018551801349,1,4,0,4,0,4,0,0,0,0,1,1,2,1,47,8,124,1,5,7,1,7
2018551801349,2,9,0,3,0,4,0,0,0,0,2,1,6,2,50,8,1896,2,10,9,1,9
2018551801350,1,9,0,9,0,6,0,0,0,0,1,1,6,2,37,7,1248,1,5,5,1,5
2018551801350,2,3,0,18,0,1,0,0,0,0,1,1,2,1,34,6,125,1,6,5,1,5
2018551801351,1,9,0,2,9,0,0,0,1,10,1,1,6,3,-1,-1,1560,2,9,-1,-1,-1
2018551801352,1,9,0,18,0,0,1,0,0,6,1,1,6,2,18,4,1124,1,16,6,1,6
2018551801353,1,9,0,17,0,0,0,0,7,0,1,1,6,1,29,6,1951,2,14,5,1,5
2018551801354,1,9,0,18,0,1,0,0,0,0,4,1,6,1,49,8,2494,1,19,4,3,4
2018551801354,2,9,0,9,0,8,1,0,0,0,1,1,6,1,25,5,-1,-1,-1,8,1,8
2018551801355,1,9,0,9,0,6,0,0,3,0,3,1,1,2,28,6,1598,2,4,5,3,5
2018551801355,2,5,0,18,0,1,0,0,0,0,1,1,6,1,55,8,1179,1,2,3,1,3
2018551801357,1,9,0,18,0,8,0,0,0,0,1,1,6,2,33,6,-1,-1,-1,-1,-1,-1
2018551801357,2,1,0,9,0,4,0,0,0,0,1,1,6,2,56,9,-1,-1,-1,5,1,5
2018551801358,1,9,0,18,0,0,1,0,0,0,1,1,6,2,27,6,999,1,1,3,1,3
2018551801358,2,9,0,18,0,0,0,0,0,0,1,1,6,1,20,4,1995,2,11,7,1,7
2018551801358,3,9,0,18,0,0,0,0,0,0,1,1,6,2,29,6,1749,1,17,2,1,2
2018551801359,1,9,0,16,0,0,0,0,0,0,1,1,6,2,44,7,1997,2,14,3,1,3
2018551801360,1,9,0,9,0,8,0,0,0,0,4,1,6,1,73,10,1951,2,17,10,1,10
2018551801360,2,5,0,18,0,1,1,0,0,0,1,1,6,1,22,5,955,1,15,6,1,6
2018551801361,1,9,0,7,0,8,0,0,0,0,1,1,6,2,30,6,1248,2,9,9,1,9
2018551801361,2,1,0,18,0,8,0,0,0,0,4,1,6,1,37,7,-1,-1,-1,8,1,8
2018551801364,1,9,0,7,0,1,0,0,0,0,1,1,6,2,33,6,1360,1,7,7,1,7
2018551801364,2,1,0,18,0,8,0,0,0,0,4,1,6,1,25,5,-1,-1,-1,3,1,3
2018551801365,1,9,0,18,0,0,0,0,0,0,1,1,2,1,39,7,1598,1,5,10,1,10
2018551801368,1,9,0,5,4,6,0,0,0,0,1,1,6,3,-1,-1,-1,-1,-1,-1,-1,-1
2018551801368,2,1,0,18,4,5,0,0,0,0,1,1,6,1,15,3,-1,-1,-1,5,1,5
2018551801369,1,9,0,4,0,0,0,0,0,0,1,1,6,1,33,6,1796,1,8,4,1,4
2018551801369,2,9,0,4,0,0,0,0,0,0,2,1,6,1,24,5,1242,1,11,1,1,1
2018551801369,3,9,0,4,0,0,0,0,0,0,2,1,6,2,29,6,1339,1,15,7,1,7
2018551801370,1,19,5,9,0,6,0,0,0,0,4,1,6,1,28,6,1915,1,31,3,1,3
2018551801370,2,9,0,9,0,6,0,0,0,0,0,1,6,1,28,6,1968,2,11,9,1,9
2018551801370,3,1,0,18,0,8,0,0,0,0,1,1,6,2,20,4,-1,-1,-1,9,1,9
2018551801371,1,9,0,17,0,8,0,0,0,0,4,1,6,1,46,8,1968,2,7,7,1,7
2018551801372,1,9,0,18,0,0,0,0,0,0,1,1,6,1,52,8,2967,2,6,10,1,10
2018551801372,2,9,0,12,0,0,0,0,0,0,2,1,6,1,35,6,1997,2,4,8,1,8
2018551801373,1,4,0,18,0,1,1,0,4,0,1,1,2,1,47,8,599,1,13,6,1,6
2018551801373,2,9,0,5,0,6,0,0,0,0,0,1,2,1,21,5,1496,2,4,7,3,7
2018551801377,1,9,0,18,0,0,0,0,0,0,4,1,6,2,79,11,1318,1,2,9,1,9
2018551801378,1,9,0,16,0,0,0,0,0,0,4,1,6,3,-1,-1,-1,-1,-1,-1,-1,-1
2018551801378,2,3,0,17,0,0,1,0,2,0,1,1,4,2,17,4,125,1,3,6,1,6
2018551801379,1,21,0,16,0,0,0,0,0,0,1,1,6,3,-1,-1,-1,-1,-1,-1,-1,-1
2018551801379,2,9,0,17,0,0,5,0,0,0,1,1,2,1,59,9,1753,2,9,4,1,4
2018551801380,1,9,0,18,0,1,0,0,0,0,1,1,6,1,25,5,1997,1,7,6,2,6
2018551801380,2,9,0,18,0,1,0,0,0,0,2,1,6,1,44,7,2993,2,4,6,1,6
2018551801380,3,19,0,18,0,1,0,0,0,0,2,1,6,1,42,7,2143,2,3,3,1,3
2018551801381,1,9,0,18,0,0,1,0,1,2,1,1,2,1,22,5,1396,1,16,2,2,2
2018551801382,1,21,0,7,0,6,0,0,0,0,2,2,1,1,22,5,11946,2,15,3,1,3
2018551801382,2,9,0,18,0,2,0,0,0,0,1,1,2,1,34,6,1248,2,10,4,3,4
2018551801384,1,9,0,5,0,8,0,0,0,0,1,1,6,2,19,4,995,1,10,4,1,4
2018551801384,2,9,0,18,0,8,0,0,0,0,1,1,6,1,29,6,1618,1,1,7,1,7
2018551801385,1,9,0,18,0,0,0,0,0,0,1,1,6,2,21,5,1397,1,8,9,1,9
2018551801385,2,9,0,4,0,0,0,0,0,0,2,1,6,1,58,9,1399,1,2,6,2,6
2018551801386,1,9,0,18,0,0,0,0,0,0,1,1,6,2,26,6,1398,1,8,-1,-1,-1
2018551801386,2,19,0,4,0,0,0,0,0,0,2,1,6,2,56,9,1399,2,11,4,1,4
2018551801387,1,9,0,9,0,1,0,0,0,0,3,1,6,1,57,9,1461,2,-1,4,1,4
2018551801387,2,3,0,18,0,8,0,0,0,0,1,1,6,1,22,5,125,1,1,4,1,4
2018551801388,1,19,0,18,0,1,0,0,0,0,1,1,1,1,44,7,2198,2,10,-1,-1,-1
2018551801388,2,9,0,10,0,1,0,0,0,0,2,1,6,2,59,9,1390,1,16,7,1,7
2018551801389,1,9,0,16,0,0,0,0,0,0,1,1,6,1,56,9,1200,1,1,5,3,5
2018551801389,2,9,0,17,0,0,0,0,0,0,1,1,6,1,58,9,1240,1,14,9,2,9
2018551801390,1,9,0,9,0,8,0,0,0,0,1,1,6,1,70,10,1598,2,5,7,1,7
2018551801390,2,1,0,18,0,8,0,0,1,0,2,1,6,1,18,4,-1,-1,-1,9,1,9
2018551801391,1,9,0,13,0,0,0,0,8,0,4,1,6,2,19,4,1598,1,11,3,1,3
2018551801391,2,9,0,13,0,0,0,0,0,0,3,1,6,2,18,4,1242,1,14,4,1,4
2018551801391,3,9,0,18,0,0,0,0,1,11,3,1,2,2,42,7,1229,1,5,8,1,8
2018551801394,1,9,0,9,0,5,0,0,0,0,1,1,2,2,47,8,1299,1,17,6,1,6
2018551801394,2,4,0,18,0,1,0,0,0,0,1,1,2,1,20,4,-1,-1,-1,3,1,3
2018551801395,1,9,0,5,0,8,0,0,0,0,1,1,2,1,30,6,1995,1,14,7,1,7
2018551801395,2,1,0,17,0,8,0,0,0,0,4,1,2,1,50,8,-1,-1,-1,8,1,8
2018551801396,1,19,0,18,0,1,0,0,0,0,4,1,6,1,58,9,2143,2,1,5,1,5
2018551801396,2,1,0,18,0,1,0,0,1,10,1,1,6,1,48,8,-1,-1,-1,8,1,8
2018551801397,1,9,0,11,0,0,0,0,0,0,0,1,6,3,-1,-1,-1,-1,-1,-1,-1,-1
2018551801397,2,1,0,18,0,0,0,0,0,0,0,1,6,1,47,8,-1,-1,-1,4,1,4
2018551801398,1,9,0,9,0,6,0,0,0,0,1,1,6,1,38,7,1910,2,12,7,1,7
2018551801398,2,5,0,18,0,1,0,0,0,0,1,1,2,1,54,8,680,1,7,8,1,8
2018551801399,1,9,0,5,0,1,0,0,0,0,1,1,6,2,41,7,1399,1,15,8,2,8
2018551801399,2,9,0,3,0,1,0,0,0,0,2,1,6,1,54,8,1248,2,8,1,1,1
2018551801401,1,9,0,5,0,4,0,0,0,0,3,1,6,1,58,9,1783,7,16,5,1,5
2018551801401,2,1,0,18,0,8,0,0,0,0,4,1,6,1,86,11,-1,-1,-1,2,1,2
2018551801402,1,9,0,7,0,1,0,0,0,0,1,1,6,2,48,8,1242,1,2,5,1,5
2018551801403,1,9,0,18,0,4,0,0,0,0,1,1,6,3,-1,-1,-1,-1,-1,-1,-1,-1
2018551801403,2,9,0,3,0,4,0,0,0,0,2,1,6,2,59,9,1364,1,10,5,1,5
2018551801404,1,9,0,5,0,0,0,0,0,0,1,1,2,2,38,7,-1,-1,-1,9,3,9
2018551801405,1,5,0,13,0,1,0,0,0,0,1,1,6,1,35,6,749,1,14,3,1,3
2018551801405,2,9,0,9,0,5,0,0,0,0,3,1,6,1,77,11,1339,1,4,8,1,8
2018551801406,1,9,0,7,0,6,0,0,0,0,1,1,6,1,39,7,973,1,16,5,1,5
2018551801406,2,9,0,3,0,2,0,0,0,0,2,1,6,2,41,7,1398,1,3,2,1,2
2018551801407,1,9,0,9,0,8,0,0,0,0,4,1,6,1,39,7,-1,-1,-1,6,1,6
2018551801407,2,9,0,18,0,8,0,0,0,0,1,1,6,1,73,10,1995,2,15,4,1,4
2018551801409,1,9,0,4,0,1,0,0,0,0,1,1,1,1,33,6,1598,2,1,7,3,7
2018551801409,2,19,0,5,0,8,0,0,7,1,4,1,2,1,33,6,1998,2,12,8,1,8
2018551801410,1,9,0,9,0,8,0,0,0,0,1,1,6,1,59,9,1360,1,7,9,3,9
2018551801411,1,9,0,14,0,1,0,0,0,0,1,1,1,2,31,6,1389,1,20,5,1,5
2018551801411,2,9,0,2,0,1,0,0,0,0,3,1,6,1,58,9,1968,2,5,5,1,5
2018551801412,1,9,0,1,0,6,0,0,0,0,4,1,6,2,48,8,1997,2,10,2,1,2
2018551801413,1,9,0,7,0,8,0,0,0,0,4,1,6,2,31,6,2143,2,5,7,1,7
2018551801413,2,1,0,18,0,8,0,0,0,0,1,1,6,1,43,7,-1,-1,-1,5,1,5
2018551801414,1,9,0,3,0,0,0,0,0,0,1,1,6,2,51,8,1422,2,11,6,1,6
2018551801414,2,9,0,4,0,0,0,0,0,0,2,1,6,2,65,9,1598,1,8,10,1,10
2018551801414,3,9,0,4,0,0,0,0,0,0,2,1,6,1,35,6,1242,1,5,8,1,8
2018551801415,1,9,0,5,0,1,0,0,0,0,1,1,6,2,68,10,1799,1,11,9,1,9
2018551801415,2,9,0,18,0,2,0,0,0,0,4,1,2,1,29,6,1200,1,1,4,1,4
2018551801416,1,90,0,1,0,1,0,0,0,0,2,1,1,1,60,9,2970,2,2,1,1,1
2018551801417,1,9,0,4,0,0,0,0,0,0,1,1,6,2,35,6,1398,2,11,7,2,7
2018551801417,2,9,0,4,0,0,0,0,0,0,2,1,6,2,19,4,1229,1,8,8,1,8
2018551801418,1,9,0,18,0,0,0,4,0,0,1,1,6,1,22,5,1968,2,13,8,1,8
2018551801418,2,9,0,14,0,0,0,0,0,0,1,1,6,2,28,6,1781,1,14,6,1,6
2018551801418,3,9,0,2,0,0,0,0,0,0,2,1,6,3,-1,-1,1747,1,17,-1,-1,-1
2018551801419,1,9,0,9,0,1,0,0,0,0,1,1,2,1,30,6,1988,2,11,8,1,8
2018551801419,2,5,0,18,0,1,0,0,0,0,1,1,6,1,27,6,644,1,30,5,2,5
2018551801421,1,1,0,18,0,0,0,0,0,0,3,1,6,1,13,3,-1,-1,-1,6,1,6
2018551801421,2,9,0,18,0,0,0,0,0,0,1,1,6,2,41,7,1995,2,13,3,1,3
2018551801422,1,9,0,9,0,5,0,0,0,0,1,1,6,2,50,8,1398,1,6,6,1,6
2018551801422,2,1,0,18,9,8,0,0,0,0,1,1,4,1,15,3,-1,-1,-1,-1,-1,-1
2018551801423,1,9,0,6,0,0,0,0,0,0,3,1,6,2,34,6,1086,1,9,6,1,6
2018551801423,2,5,0,14,0,0,0,0,0,0,1,1,2,1,30,6,499,1,15,4,1,4
2018551801424,1,9,0,4,0,1,0,0,0,0,1,1,6,3,-1,-1,-1,-1,-1,-1,-1,-1
2018551801424,2,1,0,18,0,8,0,0,0,0,3,1,4,1,14,3,-1,-1,-1,2,1,2
2018551801425,1,9,0,13,0,0,2,0,1,2,3,1,6,1,18,4,1242,1,11,7,1,7
2018551801427,1,9,0,9,0,1,0,0,0,0,1,1,6,1,31,6,1839,1,14,6,1,6
2018551801427,2,1,0,18,0,8,0,0,0,0,1,1,6,2,42,7,-1,-1,-1,6,1,6
2018551801428,1,9,0,12,0,0,1,7,0,0,1,1,2,2,29,6,1299,1,18,4,1,4
2018551801429,1,9,0,9,0,5,0,0,0,0,1,1,2,1,41,7,-1,-1,-1,-1,-1,-1
2018551801429,2,5,0,18,0,8,0,0,0,0,1,1,2,1,49,8,998,1,12,9,1,9
2018551801430,1,19,0,5,0,8,0,0,0,0,3,1,1,1,32,6,1995,2,10,6,1,6
2018551801430,2,3,0,7,0,1,0,0,0,0,1,1,6,1,19,4,125,1,-1,9,1,9
2018551801432,1,9,0,17,0,0,2,0,0,0,4,1,6,1,19,4,1596,1,13,5,1,5
2018551801433,1,9,0,5,0,4,0,0,0,0,3,1,6,1,71,10,1997,2,6,7,1,7
2018551801433,2,9,0,17,0,8,0,0,0,0,4,1,6,1,46,8,1587,1,13,2,1,2
2018551801435,1,9,0,5,0,4,0,0,0,0,3,1,2,1,51,8,1598,1,16,9,1,9
2018551801435,2,1,0,18,0,8,0,0,0,0,1,1,6,1,33,6,-1,-1,-1,10,1,10
2018551801436,1,3,0,18,0,0,0,11,0,0,1,1,6,3,-1,-1,-1,-1,-1,-1,-1,-1
2018551801437,1,19,0,18,0,1,0,0,0,0,2,1,2,1,58,9,1896,2,11,5,1,5
2018551801437,2,9,0,3,0,1,0,0,0,0,2,1,6,2,32,6,1461,2,14,6,2,6
2018551801438,1,9,0,18,0,0,2,0,0,0,1,1,1,2,37,7,998,1,16,8,1,8
2018551801439,1,9,0,17,0,0,1,0,7,4,1,1,6,2,17,4,999,1,9,7,1,7
2018551801440,1,9,0,18,0,0,0,0,0,0,1,1,6,1,20,4,1229,1,9,7,1,7
2018551801441,1,5,0,18,0,1,0,0,0,0,1,1,6,1,73,10,999,1,4,2,1,2
2018551801441,2,1,0,18,0,2,0,0,0,0,1,1,6,2,78,11,-1,-1,-1,4,2,4
2018551801442,1,9,0,18,0,8,0,0,0,0,1,1,6,1,48,8,998,1,13,10,1,10
2018551801442,2,1,0,18,0,8,0,0,0,0,4,1,4,1,15,3,-1,-1,-1,10,1,10
2018551801443,1,5,0,18,0,0,0,0,0,0,1,1,6,1,28,6,1400,1,15,4,3,4
2018551801443,2,9,0,18,0,0,0,0,0,0,2,1,6,1,45,7,1686,2,7,1,1,1
2018551801444,1,1,0,18,9,0,0,0,0,0,1,1,6,2,33,6,-1,-1,-1,-1,-1,-1
2018551801445,1,22,0,18,9,0,0,0,0,0,1,1,6,2,86,11,-1,-1,-1,7,1,7
2018551801446,1,9,0,7,0,1,0,0,0,0,1,1,4,2,17,4,998,1,10,7,1,7
2018551801446,2,9,0,18,0,1,0,0,0,0,4,1,6,2,89,11,1349,1,6,7,1,7
2018551801447,1,9,0,1,9,6,0,0,0,0,2,1,6,2,20,4,2000,2,8,1,1,1
2018551801448,1,9,0,9,0,6,0,0,0,0,1,1,6,2,27,6,1242,1,4,5,3,5
2018551801448,2,9,0,18,0,8,0,0,1,0,1,1,2,1,47,8,1995,2,4,7,2,7
2018551801449,1,9,0,18,0,0,0,0,0,0,4,1,6,2,40,7,1596,1,9,1,2,1
2018551801450,1,9,0,18,0,4,0,0,0,0,3,1,6,1,24,5,1229,1,4,5,1,5
2018551801450,2,9,0,18,0,8,0,0,0,0,1,1,2,1,25,5,2000,2,13,10,1,10
2018551801451,1,9,0,9,0,1,0,0,0,0,1,1,6,1,54,8,1339,1,9,-1,-1,-1
2018551801451,2,9,0,18,0,6,1,0,0,0,1,1,2,1,20,4,1360,1,16,-1,-1,-1
2018551801452,1,9,0,18,0,8,0,11,0,0,1,1,6,2,60,9,1598,1,12,8,1,8
2018551801452,2,9,0,9,0,8,0,0,0,0,1,1,6,2,39,7,1598,1,17,9,1,9
2018551801453,1,9,0,2,0,0,0,0,0,0,3,1,6,1,77,11,1968,2,4,8,1,8
2018551801453,2,1,0,14,0,0,0,8,0,0,4,1,6,1,15,3,-1,-1,-1,8,1,8
2018551801454,1,9,0,9,0,1,0,0,0,0,1,1,6,2,28,6,2149,2,11,7,1,7
2018551801454,2,5,0,18,0,1,0,0,0,0,1,1,6,1,32,6,600,1,19,3,1,3
2018551801455,1,9,0,18,0,0,0,0,1,4,4,1,6,1,32,6,2720,2,13,-1,-1,-1
2018551801456,1,19,0,4,0,0,0,0,0,0,4,1,1,1,32,6,2402,2,9,6,1,6
2018551801456,2,1,0,18,4,0,0,0,0,0,3,1,6,1,36,7,-1,-1,-1,9,1,9
2018551801457,1,19,0,4,0,1,0,0,0,0,1,1,6,3,-1,-1,-1,-1,-1,-1,-1,-1
2018551801457,2,1,0,3,0,1,0,0,0,0,2,1,2,2,20,4,-1,-1,-1,6,1,6
2018551801458,1,9,0,9,0,5,0,0,0,0,1,1,4,1,21,5,1229,1,10,5,1,5
2018551801458,2,1,0,18,0,8,0,0,0,0,3,1,4,2,30,6,-1,-1,-1,2,1,2
2018551801460,1,9,0,18,0,0,0,0,0,0,1,1,6,2,21,5,1198,1,5,9,1,9
2018551801460,2,8,0,6,0,0,0,0,0,0,2,1,2,1,45,7,1896,2,8,4,1,4
2018551801461,1,19,0,4,6,6,1,0,1,0,1,1,1,1,27,6,1560,2,3,8,-1,8
2018551801461,2,19,0,18,6,8,0,0,1,9,4,1,6,1,52,8,2496,2,20,10,1,10
2018551801462,1,19,0,18,0,0,0,0,0,0,1,1,1,1,26,6,2143,2,1,3,1,3
2018551801462,2,9,0,3,0,0,0,0,4,6,2,1,2,1,58,9,1968,2,2,7,3,7
2018551801462,3,9,0,3,0,0,0,0,1,9,2,1,6,2,29,6,2967,1,16,5,1,5
2018551801462,4,21,0,3,0,0,0,0,0,0,2,1,1,1,31,6,11021,2,12,7,1,7
2018551801463,1,9,0,9,0,5,0,0,0,0,4,1,6,2,89,11,999,1,3,7,2,7
2018551801463,2,3,0,18,0,8,0,0,0,0,1,1,2,1,20,4,124,1,4,4,2,4
2018551801464,1,9,0,4,0,0,0,0,0,0,1,1,1,1,66,10,1896,2,8,10,1,10
2018551801465,1,9,0,4,0,0,0,0,0,0,1,1,6,1,36,7,1995,2,11,7,1,7
2018551801465,2,9,0,4,0,0,0,0,0,0,2,1,2,1,44,7,1968,2,6,2,1,2
2018551801466,1,9,0,7,0,6,0,0,0,0,1,1,3,1,33,6,1997,2,9,5,1,5
2018551801466,2,1,0,18,0,8,0,0,0,0,4,1,6,1,62,9,-1,-1,-1,9,1,9
2018551801467,1,9,0,18,0,6,0,0,1,1,1,1,6,2,22,5,1399,1,2,2,1,2
2018551801467,2,9,0,18,0,1,0,0,0,0,1,1,6,1,20,4,1596,1,16,4,1,4
2018551801468,1,9,0,18,0,0,0,0,0,0,1,1,2,2,31,6,1248,1,1,7,1,7
2018551801468,2,9,0,18,0,0,2,0,0,0,1,1,2,1,23,5,1490,1,14,6,3,6
2018551801469,1,9,0,9,0,8,0,0,0,0,4,1,6,1,18,4,1598,1,15,5,3,5
2018551801469,2,3,0,18,0,8,0,0,0,0,1,1,6,1,21,5,96,1,11,7,1,7
2018551801470,1,4,0,16,0,0,0,11,0,0,1,1,2,1,46,8,125,1,15,3,1,3
2018551801471,1,9,0,18,0,0,0,0,0,0,4,1,6,3,-1,-1,-1,-1,-1,-1,-1,-1
2018551801471,2,1,0,18,0,0,0,0,0,0,3,1,2,2,17,4,-1,-1,-1,5,1,5
2018551801473,1,19,0,18,0,0,0,0,0,0,4,1,1,1,61,9,1968,2,5,10,2,10
2018551801474,1,19,0,18,4,0,0,0,0,0,1,1,6,3,-1,-1,-1,-1,-1,-1,-1,-1
2018551801474,2,9,0,2,0,0,0,0,0,0,2,1,6,3,-1,-1,2231,2,11,-1,-1,-1
2018551801474,3,1,0,18,4,0,0,0,0,0,3,1,6,1,27,6,-1,-1,-1,4,1,4
2018551801476,1,9,0,17,0,0,0,0,1,0,4,1,6,1,55,8,1560,2,5,9,1,9
2018551801477,1,9,0,18,0,0,0,0,0,0,1,1,2,2,25,5,1242,1,18,8,1,8
2018551801477,2,9,0,18,0,0,0,0,0,0,2,1,1,2,28,6,1560,2,5,-1,-1,-1
2018551801478,1,9,0,18,0,0,5,4,0,0,1,1,6,1,44,7,1198,1,10,3,1,3
2018551801478,2,9,0,2,0,0,0,0,0,0,1,1,6,3,-1,-1,2143,2,-1,-1,-1,-1
2018551801478,3,9,0,2,0,0,0,0,0,0,3,1,6,3,-1,-1,1396,1,7,-1,-1,-1
2018551801478,4,9,0,2,0,0,0,0,0,0,1,1,6,3,-1,-1,1149,1,17,-1,-1,-1
2018551801479,1,9,0,18,0,8,0,0,0,0,1,1,1,2,33,6,1896,2,8,8,2,8
2018551801479,2,9,0,9,0,1,0,0,7,10,3,1,6,2,53,8,1242,1,12,9,3,9