Accident_Index,Vehicle_Reference,Vehicle_Type,Towing_and_Articulation,Vehicle_Manoeuvre,Vehicle_Location-Restricted_Lane,Junction_Location,Skidding_and_Overturning,Hit_Object_in_Carriageway,Vehicle_Leaving_Carriageway,Hit_Object_off_Carriageway,1st_Point_of_Impact,Was_Vehicle_Left_Hand_Drive?,Journey_Purpose_of_Driver,Sex_of_Driver,Age_of_Driver,Age_Band_of_Driver,Engine_Capacity_(CC),Propulsion_Code,Age_of_Vehicle,Driver_IMD_Decile,Driver_Home_Area_Type,Vehicle_IMD_Decile
2018551801480,1,5,0,18,0,8,0,0,0,0,1,1,6,1,31,6,998,1,2,9,3,9
2018551801480,2,19,0,3,0,8,0,0,0,0,3,1,6,1,53,8,1995,2,11,6,1,6
2018551801481,1,9,0,17,0,2,1,0,0,0,3,1,6,2,25,5,1598,1,8,2,2,2
2018551801481,2,21,0,18,0,1,0,0,0,0,3,1,6,1,43,7,11946,2,6,6,1,6
2018551801481,3,9,0,17,0,2,0,0,0,0,1,1,6,2,68,10,1390,1,10,8,1,8
2018551801481,4,9,0,17,0,1,0,0,0,0,2,1,6,1,59,9,1798,8,3,7,1,7
2018551801481,5,9,0,17,0,2,0,0,0,0,3,1,6,2,74,10,995,1,7,10,1,10
2018551801482,1,9,0,4,0,0,0,0,0,0,4,1,6,1,34,6,1499,1,-1,-1,-1,-1
2018551801483,1,1,0,18,0,0,0,0,0,0,3,1,6,2,20,4,-1,-1,-1,3,1,3
2018551801483,2,3,0,18,0,0,0,0,0,0,1,1,6,2,46,8,278,1,5,6,1,6
2018551801484,1,9,0,18,0,0,0,0,0,0,1,1,6,1,45,7,1990,1,13,6,1,6
2018551801484,2,1,0,18,0,0,0,0,0,0,1,1,6,1,46,8,-1,-1,-1,3,1,3
2018551801485,1,9,0,6,0,0,0,0,0,0,3,1,6,1,85,11,1198,1,3,-1,-1,-1
2018551801485,2,9,0,18,0,0,0,0,0,0,1,1,2,2,47,8,1799,1,10,5,1,5
2018551801486,1,9,0,17,0,2,0,0,1,4,1,1,6,2,84,11,1339,1,8,8,1,8
2018551801487,1,2,0,14,0,1,0,0,0,0,1,1,6,1,16,4,50,1,-1,3,1,3
2018551801487,2,9,0,9,0,6,0,0,0,0,1,1,2,1,39,7,2171,2,16,5,1,5
2018551801488,1,9,0,18,0,0,0,0,0,0,1,1,6,1,18,4,1149,1,14,7,1,7
2018551801488,2,9,0,18,0,0,0,0,0,0,2,2,6,2,53,8,3498,1,11,4,3,4
2018551801489,1,1,0,18,0,8,0,0,0,0,1,1,6,1,16,4,-1,-1,-1,6,1,6
2018551801489,2,9,0,4,0,1,0,0,0,0,1,1,6,1,63,9,1395,1,-1,10,1,10
2018551801490,1,9,0,18,0,3,0,0,0,0,1,1,6,1,23,5,898,1,2,9,2,9
2018551801490,2,9,0,3,0,1,0,0,0,0,2,1,6,1,27,6,2143,2,7,9,2,9
2018551801491,1,9,0,9,0,8,0,0,0,0,1,1,6,1,78,11,1339,8,7,8,1,8
2018551801492,1,9,0,3,0,0,0,0,0,0,3,1,6,1,38,7,1598,2,3,2,2,2
2018551801492,2,5,0,14,0,0,0,0,0,0,4,1,6,1,45,7,649,1,4,1,2,1
2018551801493,1,9,0,4,0,0,0,0,0,0,1,1,6,2,75,10,1339,1,3,5,1,5
2018551801493,2,9,0,4,0,0,0,0,0,0,2,1,6,2,20,4,998,1,11,4,1,4
2018551801494,1,9,0,18,0,1,0,0,0,0,1,1,6,1,75,10,1390,1,14,9,1,9
2018551801494,2,9,0,3,0,1,0,0,0,0,2,1,6,1,40,7,2179,2,10,3,1,3
2018551801495,1,9,0,7,9,5,0,0,0,0,0,1,6,3,-1,-1,-1,-1,-1,-1,-1,-1
2018551801495,2,1,0,18,0,1,0,0,0,0,0,1,6,1,28,6,-1,-1,-1,5,1,5
2018551801497,1,5,0,17,0,8,1,0,0,0,0,1,6,1,56,9,1075,1,36,5,1,5
2018551801498,1,9,0,7,0,6,0,0,0,0,3,1,6,2,31,6,1596,1,10,8,2,8
2018551801498,2,9,0,18,0,8,0,0,7,11,1,1,6,2,47,8,2982,2,12,6,3,6
2018551801499,1,9,0,17,0,0,2,0,1,0,1,1,2,1,17,4,1896,2,12,4,1,4
2018551801500,1,19,0,9,0,6,0,0,0,0,3,1,2,1,48,8,2143,2,5,8,1,8
2018551801500,2,3,0,18,0,8,1,0,0,0,1,1,6,2,18,4,125,1,2,4,1,4
2018551801501,1,1,0,18,0,4,0,0,0,0,1,1,6,1,23,5,-1,-1,-1,4,1,4
2018551801501,2,9,0,18,0,3,0,0,0,0,4,1,2,1,33,6,1997,1,18,6,1,6
2018551801502,1,9,0,9,0,8,0,0,0,0,1,1,6,1,24,5,1995,1,10,4,-1,4
2018551801502,2,3,0,18,0,8,0,0,0,0,1,1,6,1,24,5,124,1,5,3,1,3
2018551801503,1,21,1,4,0,0,0,0,0,0,1,1,1,1,59,9,12777,2,6,1,1,1
2018551801503,2,9,0,4,0,0,0,0,0,0,2,1,6,1,51,8,2687,1,12,8,1,8
2018551801503,3,9,0,4,0,0,0,0,0,0,2,1,6,1,75,10,1992,2,11,9,1,9
2018551801503,4,19,0,4,0,0,0,0,0,0,2,1,1,1,32,6,2499,2,1,3,1,3
2018551801504,1,9,0,7,0,2,0,0,0,0,3,1,6,2,20,4,1299,1,16,4,1,4
2018551801504,2,9,0,10,0,1,0,0,0,0,3,1,3,1,37,7,1598,2,1,3,2,3
2018551801505,1,9,0,9,0,8,0,0,0,0,1,1,2,2,38,7,1896,2,9,6,3,6
2018551801505,2,9,0,18,0,8,1,0,0,0,3,1,6,2,51,8,1997,2,2,7,1,7
2018551801508,1,1,0,18,0,1,0,0,0,0,1,1,6,2,11,3,-1,-1,-1,4,1,4
2018551801508,2,9,0,7,0,5,0,0,0,0,1,1,6,3,-1,-1,-1,-1,-1,-1,-1,-1
2018551801509,1,19,0,9,0,5,0,0,0,0,0,1,6,3,-1,-1,-1,-1,-1,-1,-1,-1
2018551801509,2,9,0,18,0,8,0,0,0,0,1,1,6,1,18,4,1086,1,15,4,1,4
2018551801509,3,9,0,18,0,8,0,0,0,0,1,1,6,1,20,4,1598,1,14,3,1,3
2018551801510,1,19,0,12,0,0,0,0,0,0,1,1,2,1,27,6,1995,2,-1,9,1,9
2018551801510,2,9,0,18,0,0,0,0,1,1,2,1,2,1,51,8,998,1,4,8,1,8
2018551801510,3,9,0,18,0,0,0,0,0,0,2,1,2,1,56,9,1997,2,15,6,1,6
2018551801511,1,9,0,9,0,5,0,0,0,0,4,1,6,1,49,8,2720,2,9,8,1,8
2018551801511,2,1,0,18,4,1,0,0,0,0,1,1,4,1,16,4,-1,-1,-1,8,1,8
2018551801512,1,9,0,18,0,1,0,0,0,0,1,1,6,1,85,11,1242,1,14,6,1,6
2018551801512,2,21,1,8,0,6,0,0,0,0,3,1,1,1,67,10,12419,2,8,5,3,5
2018551801513,1,9,0,7,0,6,0,0,0,0,0,1,6,1,74,10,1998,1,14,7,1,7
2018551801513,2,3,0,18,0,1,0,0,0,0,0,1,6,1,21,5,-1,-1,-1,7,1,7
2018551801514,1,9,0,6,0,8,0,0,0,0,1,1,6,2,67,10,995,1,15,4,1,4
2018551801514,2,3,0,18,0,1,0,0,0,0,1,1,6,1,22,5,124,1,-1,5,1,5
2018551801515,1,9,0,17,0,2,0,7,1,5,1,1,6,2,60,9,1596,1,8,3,1,3
2018551801515,2,9,0,17,0,2,0,0,0,0,1,1,6,2,52,8,1999,1,16,7,1,7
2018551801517,1,19,0,18,0,0,0,0,0,0,1,1,6,2,33,6,1686,2,12,5,1,5
2018551801517,2,9,0,3,0,0,0,0,0,0,2,1,6,1,19,4,1149,1,15,4,1,4
2018551801518,1,9,0,4,0,0,0,0,0,0,1,1,6,1,40,7,2993,2,9,6,3,6
2018551801518,2,9,0,4,0,0,0,0,0,0,2,1,6,1,53,8,1896,2,9,6,1,6
2018551801518,3,19,0,3,0,0,0,0,0,0,2,1,6,1,33,6,2198,2,8,9,2,9
2018551801519,1,9,0,7,0,6,0,0,0,0,3,1,6,2,32,6,1299,1,13,6,1,6
2018551801519,2,9,0,18,0,8,0,0,4,7,4,1,6,2,35,6,1229,1,2,8,1,8
2018551801519,3,19,0,18,0,8,0,0,0,0,3,1,2,1,41,7,1995,2,7,8,1,8
2018551801520,1,5,0,16,0,0,1,10,7,0,1,1,2,1,29,6,998,1,18,1,2,1
2018551801521,1,9,0,5,0,0,0,0,0,0,2,1,1,1,62,9,1968,2,11,7,3,7
2018551801522,1,19,0,18,0,0,1,0,0,0,1,1,1,1,23,5,1997,2,-1,3,1,3
2018551801522,2,9,0,4,0,0,0,0,0,0,2,1,6,1,22,5,1997,2,16,4,1,4
2018551801522,3,9,0,4,0,0,0,0,0,0,2,1,2,1,41,7,1598,2,2,6,1,6
2018551801523,1,9,0,18,0,0,0,0,0,0,1,1,6,3,-1,-1,-1,-1,-1,-1,-1,-1
2018551801523,2,1,0,18,0,0,1,0,1,0,2,1,2,1,17,4,-1,-1,-1,6,3,6
2018551801524,1,9,0,18,0,1,0,0,0,0,4,1,6,2,53,8,998,1,18,8,1,8
2018551801524,2,9,0,18,0,1,0,0,0,0,1,1,1,1,30,6,1339,1,11,4,1,4
2018551801526,1,4,0,14,0,1,1,0,0,0,1,1,6,1,22,5,599,1,22,3,1,3
2018551801526,2,9,0,3,0,1,0,0,0,0,2,1,6,2,41,7,1461,2,4,4,1,4
2018551801526,3,9,0,3,0,1,0,0,0,0,0,1,6,1,33,6,-1,-1,-1,7,1,7
2018551801527,1,19,0,16,0,0,0,0,0,0,1,1,2,1,33,6,1995,2,11,9,3,9
2018551801527,2,9,0,18,0,0,0,0,0,0,1,1,6,1,43,7,1461,2,1,9,2,9
2018551801528,1,9,0,18,0,0,0,4,1,11,4,1,6,1,82,11,1968,2,12,7,3,7
2018551801528,2,9,0,2,6,0,0,0,0,0,2,1,6,3,-1,-1,2688,2,15,-1,-1,-1
2018551801529,1,9,0,18,0,0,0,0,8,4,1,1,6,1,17,4,1390,1,17,9,2,9
2018551801529,2,9,0,18,0,0,0,0,0,0,0,1,6,3,-1,-1,-1,-1,-1,-1,-1,-1
2018551801530,1,9,0,18,0,8,0,0,3,4,1,1,6,1,24,5,2993,2,2,-1,1,-1
2018551801531,1,9,0,9,0,1,0,0,0,0,4,1,6,1,83,11,1984,1,12,9,1,9
2018551801531,2,9,0,18,0,1,1,0,0,0,1,1,6,1,39,7,1796,1,17,5,3,5
2018551801532,1,9,0,4,0,0,0,0,0,0,1,1,6,1,24,5,1995,2,8,9,1,9
2018551801532,2,9,0,4,0,0,0,0,0,0,2,1,6,1,39,7,2993,2,10,7,1,7
2018551801532,3,9,0,4,0,0,0,0,0,0,2,1,6,1,37,7,1461,2,3,4,1,4
2018551801535,1,21,0,18,0,0,0,0,0,0,3,1,1,1,59,9,7790,2,9,-1,-1,-1
2018551801536,1,9,0,18,0,0,0,0,0,0,1,1,6,2,25,5,1498,1,12,4,3,4
2018551801537,1,9,0,18,0,0,0,0,0,0,1,1,4,1,38,7,1197,1,2,7,1,7
2018551801538,1,9,0,2,0,0,0,0,0,0,3,1,6,1,-1,-1,1461,2,-1,-1,-1,-1
2018551801538,2,1,0,18,0,0,0,4,0,0,1,1,2,1,39,7,-1,-1,-1,4,1,4
2018551801539,1,1,0,18,0,0,0,0,0,0,4,1,6,1,18,4,-1,-1,-1,5,1,5
2018551801540,1,19,0,12,0,0,0,0,0,0,2,1,6,3,-1,-1,-1,-1,-1,-1,-1,-1
2018551801540,2,3,0,18,0,0,0,0,0,0,1,1,2,1,36,7,125,1,2,6,1,6
2018551801541,1,9,0,18,0,0,1,0,0,0,1,1,6,1,29,6,1753,2,16,5,2,5
2018551801541,2,9,0,18,0,0,0,0,0,0,1,1,6,2,30,6,1956,2,6,8,2,8
2018551801542,1,9,0,18,0,0,0,0,0,0,1,1,6,1,80,11,1988,1,14,4,2,4
2018551801544,1,9,0,8,0,2,0,0,0,0,2,1,6,1,59,9,1956,2,4,5,1,5
2018551801544,2,9,0,18,0,1,0,0,0,0,1,1,6,1,34,6,1598,1,15,8,1,8
2018551801545,1,9,0,9,0,5,0,0,0,0,4,1,6,2,65,9,998,1,6,4,1,4
2018551801545,2,3,0,18,0,1,0,0,0,0,1,1,6,1,30,6,124,1,3,2,1,2
2018551801547,1,19,0,18,9,0,1,4,1,11,1,1,6,1,40,7,1995,2,1,7,1,7
2018551801547,2,9,0,2,0,0,0,0,0,0,2,1,6,3,-1,-1,995,1,5,-1,-1,-1
2018551801547,3,9,0,2,0,0,0,0,0,0,2,1,6,3,-1,-1,1598,1,7,-1,-1,-1
2018551801547,4,9,0,2,0,0,0,0,0,0,3,1,6,3,-1,-1,1896,2,16,-1,-1,-1
2018551801548,1,3,0,7,0,0,0,0,0,0,1,1,2,2,27,6,125,1,-1,6,1,6
2018551801548,2,9,0,7,0,0,0,0,0,0,2,1,2,2,28,6,1124,1,17,7,1,7
2018551801549,1,9,0,18,0,0,0,0,0,0,1,1,2,2,34,6,1596,1,12,2,2,2
2018551801549,2,9,0,3,0,0,0,0,0,0,2,1,3,2,36,7,1896,2,9,-1,-1,-1
2018551801549,3,9,0,3,0,0,0,0,0,0,2,1,6,1,62,9,1796,1,12,5,2,5
2018551801550,1,9,0,17,0,0,0,0,4,6,1,1,6,2,34,6,1587,1,14,6,3,6
2018551801551,1,9,0,18,0,0,1,0,7,4,1,1,6,1,29,6,1984,2,9,5,1,5
2018551801551,2,19,0,18,0,0,0,0,1,4,1,1,1,1,44,7,2198,2,7,9,1,9
2018551801552,1,9,0,9,0,8,0,0,0,0,1,1,1,2,51,8,1560,2,2,2,1,2
2018551801552,2,2,0,18,0,8,0,0,0,0,1,1,1,1,24,5,124,1,7,1,1,1
2018551801553,1,9,0,16,0,8,0,0,0,0,3,1,2,1,50,8,2979,1,-1,10,1,10
2018551801553,2,4,0,16,0,8,1,0,0,0,4,1,2,1,27,6,125,1,2,8,1,8
2018551801554,1,9,0,18,0,0,0,0,0,0,1,1,6,1,22,5,1595,1,13,5,2,5
2018551801554,2,9,0,2,0,0,0,0,0,0,1,1,6,3,-1,-1,1951,2,15,-1,-1,-1
2018551801555,1,9,0,17,0,0,1,0,2,4,1,1,6,1,80,11,1395,1,2,7,3,7
2018551801555,2,21,0,17,0,0,0,0,0,0,2,1,1,1,65,9,12740,2,6,4,1,4
2018551801556,1,9,0,9,0,2,0,0,0,0,1,1,1,1,26,6,1998,1,11,6,1,6
2018551801557,1,9,0,4,0,0,0,0,0,0,0,1,6,3,-1,-1,-1,-1,-1,-1,-1,-1
2018551801557,2,11,0,4,0,0,0,0,0,0,0,1,1,1,36,7,4500,2,6,1,1,1
2018551801560,1,9,0,9,0,2,0,0,0,0,1,1,6,1,39,7,1896,2,15,6,1,6
2018551801561,1,9,0,9,0,5,0,0,0,0,3,1,3,2,37,7,1493,2,13,4,1,4
2018551801561,2,5,0,4,0,1,1,0,0,0,1,1,2,1,56,9,1130,1,14,5,1,5
2018551801562,1,9,0,17,0,0,5,0,2,2,1,1,6,1,20,4,1560,2,11,4,1,4
2018551801562,2,9,0,16,0,0,0,0,0,0,0,1,1,1,33,6,1598,2,1,8,2,8
2018551801563,1,9,0,13,0,0,1,0,0,0,1,1,6,1,20,4,1461,2,16,5,3,5
2018551801563,2,9,0,18,0,0,1,0,0,0,3,1,6,1,23,5,1398,2,9,10,3,10
2018551801563,3,9,0,18,0,0,1,0,0,0,1,1,6,2,20,4,1248,1,9,10,2,10
2018551801564,1,9,0,18,0,0,0,0,0,0,1,1,6,1,81,11,998,1,3,9,1,9
2018551801564,2,9,0,3,0,0,0,0,0,0,2,1,6,2,48,8,1397,1,15,3,1,3
2018551801565,1,9,0,9,0,8,0,0,0,0,1,1,6,2,79,11,1398,1,3,8,1,8
2018551801565,2,9,0,18,0,8,0,0,0,0,1,1,6,1,51,8,1000,1,2,5,1,5
2018551801566,1,9,0,18,0,0,0,0,0,0,1,1,6,1,54,8,1598,1,14,8,1,8
2018551801566,2,19,0,2,0,0,0,0,0,0,1,1,6,3,-1,-1,1896,2,11,-1,-1,-1
2018551801567,1,9,0,16,0,0,1,0,0,0,1,1,1,1,24,5,1198,1,16,6,1,6
2018551801567,2,9,0,18,0,0,1,0,0,0,1,1,6,1,41,7,1910,2,12,4,1,4
2018551801568,1,9,0,1,8,6,0,0,0,0,2,1,6,1,33,6,2967,2,14,4,1,4
2018551801568,2,9,0,3,0,2,0,0,0,0,3,1,1,1,48,8,1753,2,7,8,2,8
2018551801569,1,9,0,18,0,1,0,0,0,0,1,1,6,1,47,8,1149,1,11,-1,-1,-1
2018551801569,2,9,0,10,0,1,0,0,0,0,2,1,6,1,33,6,1984,1,17,9,1,9
2018551801570,1,9,0,4,0,0,2,0,0,0,1,1,1,1,23,5,1753,2,14,-1,-1,-1
2018551801571,1,9,0,18,0,0,0,0,0,0,1,1,2,1,54,8,-1,3,-1,8,1,8
2018551801572,1,9,0,7,0,6,0,0,0,0,1,1,6,1,70,10,1364,1,11,4,1,4
2018551801572,2,1,0,18,0,8,0,0,0,0,1,1,2,1,43,7,-1,-1,-1,2,2,2
2018551801573,1,1,0,18,0,8,0,0,0,0,4,1,2,1,41,7,-1,-1,-1,3,1,3
2018551801573,2,9,0,9,0,8,0,0,0,0,3,1,3,2,39,7,2000,2,14,3,1,3
2018551801574,1,9,0,1,0,0,0,0,0,0,2,1,6,2,80,11,1389,1,20,6,3,6
2018551801574,2,9,0,2,0,0,0,0,0,0,1,1,6,3,-1,-1,1984,1,11,-1,-1,-1
2018551801575,1,9,0,9,0,1,0,0,0,0,1,1,6,1,41,7,1781,1,16,5,1,5
2018551801575,2,1,0,18,0,8,0,0,0,0,2,1,4,1,15,3,-1,-1,-1,6,1,6
2018551801577,1,9,0,9,0,8,0,0,0,0,1,1,6,1,42,7,998,1,4,3,1,3
2018551801577,2,9,0,18,0,8,0,0,0,0,1,1,6,1,30,6,1995,2,13,1,1,1
2018551801578,1,9,0,11,0,0,0,0,1,0,2,1,2,1,42,7,2995,1,13,10,1,10
2018551801578,2,19,0,15,0,0,0,0,0,0,1,1,1,1,23,5,1598,2,1,1,1,1
2018551801579,1,9,0,17,0,0,2,0,7,10,3,1,2,1,25,5,-1,-1,-1,6,3,6
2018551801580,1,9,0,9,0,6,0,0,0,0,1,1,6,1,44,7,2800,2,21,4,1,4
2018551801581,1,9,0,18,0,8,0,0,0,0,1,1,6,3,-1,-1,-1,-1,-1,-1,-1,-1
2018551801581,2,9,0,9,0,8,0,0,0,0,3,1,1,2,71,10,1598,1,-1,10,1,10
2018551801584,1,9,0,13,0,0,0,0,0,0,4,1,6,3,-1,-1,1598,2,6,-1,-1,-1
2018551801584,2,9,0,18,0,0,0,0,1,0,3,1,2,2,21,5,1229,1,5,5,2,5
2018551801585,1,9,0,16,0,0,0,0,0,0,4,1,2,1,79,11,1999,1,10,9,1,9
2018551801586,1,9,0,18,0,8,0,0,0,0,1,1,6,1,48,8,1298,1,16,8,3,8
2018551801586,2,9,0,9,0,8,0,0,0,0,3,1,6,1,52,8,1598,2,3,10,1,10
2018551801587,1,9,0,9,0,1,0,0,0,0,3,1,6,2,53,8,2204,2,12,4,1,4
2018551801587,2,9,0,14,0,1,0,0,0,0,1,1,6,2,36,7,1910,2,10,3,1,3
2018551801588,1,9,0,18,0,0,0,0,0,0,3,1,2,1,47,8,1149,1,14,7,2,7
2018551801589,1,9,0,18,0,0,0,0,0,0,4,1,6,2,25,5,1399,2,14,8,3,8
2018551801590,1,9,0,17,0,0,2,0,0,0,4,1,6,1,22,5,1348,1,17,5,3,5
2018551801591,1,8,0,18,0,6,0,0,7,3,1,1,1,1,31,6,2143,12,3,6,1,6
2018551801591,2,9,0,18,0,8,0,0,1,0,1,1,2,1,44,7,1995,2,8,9,-1,9
2018551801594,1,9,0,7,0,8,0,0,0,0,1,1,6,1,53,8,1390,1,12,5,2,5
2018551801596,1,9,0,18,0,4,1,9,0,0,1,1,6,1,38,7,2143,2,3,6,1,6
2018551801597,1,4,0,17,0,0,0,0,0,0,1,1,1,1,43,7,125,1,5,3,1,3
2018551801597,2,9,0,13,0,0,0,0,0,0,1,1,6,1,42,7,2148,2,16,6,1,6
2018551801599,1,9,0,17,0,8,1,4,0,0,1,1,6,1,21,5,1242,1,12,4,1,4
2018551801599,2,9,0,17,0,8,1,1,0,0,1,1,6,2,26,6,1398,1,6,2,1,2
2018551801599,3,19,0,2,0,1,0,0,0,0,3,1,6,1,53,8,2198,2,9,5,1,5
2018551801600,1,19,0,18,0,1,0,0,0,0,1,1,1,1,52,8,2987,2,3,6,3,6
2018551801600,2,9,0,3,0,1,0,0,0,0,2,1,6,1,39,7,999,1,2,9,3,9
2018551801600,3,9,0,3,0,1,0,0,0,0,2,1,6,1,38,7,1497,1,18,4,2,4
2018551801601,1,9,0,16,0,8,0,0,7,4,1,1,6,1,21,5,2979,1,16,8,2,8
2018551801603,1,9,0,18,0,0,0,0,0,0,2,1,6,1,40,7,1968,2,3,9,1,9
2018551801603,2,9,0,18,0,0,0,0,0,0,1,1,1,1,44,7,1796,1,12,1,1,1
2018551801604,1,9,0,18,0,0,1,0,2,7,1,1,6,1,51,8,1995,2,12,9,1,9
2018551801607,1,9,0,18,0,0,5,0,7,9,3,1,2,1,28,6,1120,2,5,-1,-1,-1
2018551801608,1,9,0,11,0,0,1,0,1,2,1,1,6,1,24,5,1968,1,12,5,1,5
2018551801608,2,9,0,16,0,0,0,0,1,7,1,1,6,1,55,8,2498,1,17,8,1,8
2018551801609,1,9,0,16,0,0,1,0,7,3,1,1,6,2,20,4,1149,1,13,6,1,6
2018551801610,1,19,0,9,0,8,0,0,0,0,1,1,1,2,44,7,-1,-1,-1,10,1,10
2018551801610,2,9,0,18,0,8,0,0,0,0,1,1,6,2,74,10,1339,1,7,5,3,5
2018551801611,1,9,0,3,0,0,0,0,0,0,1,1,6,1,68,10,2987,2,10,9,1,9
2018551801611,2,9,0,3,0,0,0,0,0,0,2,1,6,1,25,5,1399,1,1,8,1,8
2018551801611,3,9,0,3,0,0,0,0,0,0,2,1,6,1,60,9,1242,1,8,7,2,7
2018551801612,1,11,0,4,0,0,0,0,0,0,0,1,1,1,60,9,7300,2,6,7,1,7
2018551801613,1,9,0,13,0,0,1,0,0,0,1,1,2,1,21,5,1197,1,1,5,3,5
2018551801613,2,9,0,17,0,0,1,0,0,0,1,1,2,1,51,8,2495,2,15,6,3,6
2018551801614,1,9,0,18,0,1,0,0,7,1,1,1,6,2,80,11,1998,1,15,6,1,6
2018551801614,2,9,0,7,0,1,0,0,0,0,3,1,6,1,66,10,1598,1,14,5,1,5
2018551801614,3,9,0,5,0,1,0,0,0,0,3,1,6,1,33,6,2500,2,23,3,1,3
2018551801615,1,9,0,18,0,1,0,4,0,0,1,1,6,2,61,9,875,1,3,4,1,4
2018551801615,2,9,0,18,0,1,0,0,0,0,1,1,6,1,39,7,1560,2,5,8,3,8
2018551801615,3,9,0,2,0,1,0,0,0,0,1,1,6,3,-1,-1,1388,1,9,-1,-1,-1
2018551900003,1,9,0,18,0,0,0,11,1,0,1,1,6,2,85,11,1399,1,10,6,3,6
2018551900003,2,11,0,2,0,0,0,0,0,0,0,1,1,3,-1,-1,6696,2,3,-1,-1,-1
2018551900003,3,9,0,18,0,0,0,0,0,0,0,1,6,2,21,5,-1,-1,-1,4,1,4
2018551900003,4,9,0,14,0,0,0,11,0,0,1,1,6,1,64,9,2698,2,13,8,1,8
2018551900004,1,9,0,17,0,0,0,0,0,0,1,1,6,1,74,10,4293,1,17,9,1,9
2018551900004,2,9,0,16,0,0,0,0,0,0,1,1,6,1,45,7,999,1,-1,7,3,7
2018551900005,1,9,0,13,0,0,0,0,0,0,1,1,6,3,-1,-1,-1,-1,-1,-1,-1,-1
2018551900005,2,9,0,18,0,0,0,0,0,0,2,1,6,2,39,7,1396,2,6,7,3,7
2018551900010,1,1,0,4,0,0,1,0,0,0,0,1,6,2,63,9,-1,-1,-1,-1,-1,-1
2018551900010,2,9,0,4,0,0,0,0,0,0,0,1,6,1,54,8,1796,2,5,3,1,3
2018551900012,1,9,0,9,0,1,0,0,0,0,1,1,6,2,78,11,1329,1,8,8,1,8
2018551900016,1,9,0,18,0,0,0,4,0,0,1,1,6,1,92,11,1270,1,24,7,1,7
2018551900016,2,9,0,2,0,0,0,0,0,0,1,1,6,3,-1,-1,1339,1,4,-1,-1,-1
2018551900016,3,9,0,2,0,0,0,0,0,0,1,1,6,3,-1,-1,1200,1,3,-1,-1,-1
2018551900017,1,9,0,9,0,6,0,0,0,0,1,1,6,1,41,7,1968,2,10,8,2,8
2018551900017,2,9,0,18,0,8,0,0,0,0,1,1,6,1,28,6,1398,2,3,10,1,10
2018551900019,1,19,0,4,0,0,0,0,0,0,1,1,2,1,38,7,1598,2,3,9,1,9
2018551900019,2,9,0,3,0,0,0,0,0,0,2,1,2,1,37,7,1596,1,9,4,1,4
2018551900019,3,9,0,3,0,0,0,0,0,0,2,1,2,2,22,5,1229,1,3,8,1,8
2018551900022,1,1,0,18,0,0,0,0,0,0,1,1,6,1,68,10,-1,-1,-1,9,3,9
2018551900023,1,9,0,18,0,1,0,0,0,0,1,1,6,1,79,11,1197,1,3,9,1,9
2018551900024,1,9,0,18,0,8,0,0,0,0,1,1,6,1,37,7,1840,1,19,10,1,10
2018551900024,2,9,0,18,0,8,0,0,0,0,3,1,6,1,26,6,1388,1,16,4,1,4
2018551900025,1,9,0,16,0,0,0,0,0,0,1,1,6,1,68,10,1242,1,6,1,2,1
2018551900025,2,21,0,17,0,0,0,0,7,11,1,1,1,1,31,6,6692,2,7,6,1,6
2018551900026,1,9,0,5,0,4,0,0,0,0,1,1,6,2,67,10,1389,1,15,3,1,3
2018551900026,2,1,0,18,0,1,0,0,0,0,3,1,1,2,19,4,-1,-1,-1,8,1,8
2018551900027,1,9,0,9,0,6,0,0,0,0,1,1,3,1,64,9,1598,2,4,4,1,4
2018551900027,2,1,0,18,0,8,0,0,0,0,4,1,4,1,16,4,-1,-1,-1,7,1,7
2018551900028,1,9,0,7,0,5,0,0,0,0,1,1,6,1,31,6,1968,2,9,3,1,3
2018551900029,1,9,0,18,0,1,0,0,0,0,1,1,6,2,30,6,1390,1,14,6,3,6
2018551900029,2,9,0,3,0,1,0,0,0,0,2,1,6,2,56,9,1386,1,10,5,3,5
2018551900030,1,9,0,18,0,0,0,0,0,0,4,1,2,1,55,8,1796,1,14,5,1,5
2018551900031,1,19,0,5,0,4,0,0,0,0,3,1,6,1,30,6,2402,2,8,-1,-1,-1
2018551900031,2,1,0,18,0,8,0,0,0,0,1,1,2,1,27,6,-1,-1,-1,2,1,2
2018551900047,1,9,0,18,0,0,0,0,0,0,3,1,6,3,-1,-1,-1,-1,-1,-1,-1,-1
2018551900047,2,9,0,2,6,0,0,0,0,0,4,1,2,2,43,7,1870,2,10,7,1,7
2018551900051,1,9,0,3,0,4,0,0,0,0,1,1,2,1,51,8,1560,2,7,-1,-1,-1
2018551900051,2,9,0,3,0,4,0,0,0,0,2,1,6,2,53,8,1997,2,11,5,1,5
2018551900055,1,11,0,4,0,0,0,0,0,0,0,1,6,1,31,6,-1,-1,-1,5,1,5
2018551900062,1,8,0,18,0,8,0,0,0,0,1,1,1,1,44,7,1598,2,2,5,1,5
2018551900062,2,1,0,18,0,8,0,0,0,0,1,1,2,2,24,5,-1,-1,-1,8,1,8