Accident_Index,Vehicle_Reference,Vehicle_Type,Towing_and_Articulation,Vehicle_Manoeuvre,Vehicle_Location-Restricted_Lane,Junction_Location,Skidding_and_Overturning,Hit_Object_in_Carriageway,Vehicle_Leaving_Carriageway,Hit_Object_off_Carriageway,1st_Point_of_Impact,Was_Vehicle_Left_Hand_Drive?,Journey_Purpose_of_Driver,Sex_of_Driver,Age_of_Driver,Age_Band_of_Driver,Engine_Capacity_(CC),Propulsion_Code,Age_of_Vehicle,Driver_IMD_Decile,Driver_Home_Area_Type,Vehicle_IMD_Decile
201860W104074,2,9,0,5,0,6,0,0,0,0,1,1,6,1,26,6,-1,-1,-1,-1,-1,-1
201860W104257,1,9,0,18,0,1,0,0,0,0,1,1,6,1,83,11,-1,-1,-1,-1,-1,-1
201860W104257,2,9,0,9,0,5,0,0,0,0,2,1,6,1,41,7,-1,-1,-1,-1,-1,-1
201860W104263,1,17,0,1,9,0,0,0,0,0,2,1,1,1,-1,-1,-1,-1,-1,-1,-1,-1
201860W104263,2,3,0,18,9,0,0,0,0,0,2,1,6,1,27,6,-1,-1,-1,-1,-1,-1
201860W104741,1,9,0,16,0,0,1,0,0,0,1,1,6,1,70,10,-1,-1,-1,-1,-1,-1
201860W104741,2,9,0,17,0,0,1,0,2,4,1,1,6,1,29,6,-1,-1,-1,-1,-1,-1
201860W105038,1,9,0,10,0,5,0,0,0,0,1,1,6,1,25,5,-1,-1,-1,-1,-1,-1
201860W105038,2,97,0,18,0,8,0,0,0,0,1,1,6,1,63,9,-1,-1,-1,-1,-1,-1
201860W105042,1,9,0,18,0,0,0,0,0,0,1,1,6,2,47,8,-1,-1,-1,-1,-1,-1
201860W105042,2,9,0,2,0,0,0,0,0,0,2,1,6,3,-1,-1,-1,-1,-1,-1,-1,-1
201860W105093,1,9,0,9,0,5,0,0,0,0,1,1,6,2,20,4,-1,-1,-1,-1,-1,-1
201860W105093,2,1,0,18,0,8,0,0,0,0,3,1,6,1,32,6,-1,-1,-1,-1,-1,-1
201860W105583,1,9,0,18,0,0,0,0,0,0,1,1,6,2,64,9,-1,-1,-1,-1,-1,-1
201860W105583,2,9,0,18,0,0,0,0,1,0,3,1,6,1,21,5,-1,-1,-1,-1,-1,-1
201860W105583,3,9,0,18,0,0,0,0,1,0,1,1,6,1,21,5,-1,-1,-1,-1,-1,-1
201860W106222,1,9,0,16,0,0,0,0,0,0,3,1,6,2,65,9,-1,-1,-1,-1,-1,-1
201860W106275,1,9,0,18,0,0,0,0,0,0,1,1,6,1,70,10,-1,-1,-1,-1,-1,-1
201860W106275,2,9,0,18,0,0,0,0,0,0,1,1,6,1,59,9,-1,-1,-1,-1,-1,-1
201860W106407,1,9,0,17,0,0,0,10,8,4,1,1,6,1,45,7,-1,-1,-1,-1,-1,-1
201860W106815,1,9,0,17,0,0,1,0,0,0,1,1,6,1,29,6,-1,-1,-1,-1,-1,-1
201860W106815,2,9,0,18,0,0,0,0,0,0,1,1,6,1,61,9,-1,-1,-1,-1,-1,-1
201860W107306,1,9,0,3,0,4,0,0,0,0,1,1,6,2,60,9,-1,-1,-1,-1,-1,-1
201860W107306,2,9,0,3,0,4,0,0,0,0,2,1,6,2,49,8,-1,-1,-1,-1,-1,-1
201860W107729,1,9,0,7,0,5,0,0,0,0,2,1,6,3,-1,-1,-1,-1,-1,-1,-1,-1
201860W107729,2,1,0,18,0,1,0,0,0,0,1,1,6,1,26,6,-1,-1,-1,-1,-1,-1
201860W107799,1,21,1,18,0,0,1,0,4,6,1,1,1,1,49,8,-1,-1,-1,-1,-1,-1
201860W107799,2,17,4,18,0,0,3,0,2,7,2,1,1,1,25,5,-1,-1,-1,-1,-1,-1
201860W107901,1,19,0,18,0,0,5,0,1,6,3,1,2,1,36,7,-1,-1,-1,-1,-1,-1
201860W107901,2,9,0,18,0,0,0,1,0,0,1,1,6,2,50,8,-1,-1,-1,-1,-1,-1
201860W108138,1,9,0,9,0,6,0,0,0,0,1,1,1,2,61,9,-1,-1,-1,-1,-1,-1
201860W108138,2,19,0,17,0,1,0,0,0,0,4,1,1,1,28,6,-1,-1,-1,-1,-1,-1
201860W108378,1,3,0,13,0,1,2,0,0,0,1,1,6,1,22,5,-1,-1,-1,-1,-1,-1
201860W108378,2,9,0,4,0,1,0,0,0,0,2,1,6,1,29,6,-1,-1,-1,-1,-1,-1
201860W108378,3,9,0,9,0,5,0,0,0,0,0,1,6,2,56,9,-1,-1,-1,-1,-1,-1
201860W108378,4,9,0,13,0,1,0,0,0,0,0,1,6,3,-1,-1,-1,-1,-1,-1,-1,-1
201860W108427,1,9,0,18,0,0,1,10,7,2,3,1,6,1,33,6,-1,-1,-1,-1,-1,-1
201860W108497,1,9,0,9,0,6,0,0,0,0,3,1,6,2,18,4,-1,-1,-1,-1,-1,-1
201860W108497,2,17,0,18,0,1,0,0,0,0,1,1,6,1,51,8,-1,-1,-1,-1,-1,-1
201860W108539,1,9,0,18,0,0,0,0,1,1,1,1,6,1,18,4,-1,-1,-1,-1,-1,-1
201860W108546,1,5,0,18,0,1,0,0,0,0,1,1,6,1,25,5,-1,-1,-1,-1,-1,-1
201860W108546,2,9,0,2,0,1,0,0,0,0,1,1,6,1,65,9,-1,-1,-1,-1,-1,-1
201860W108894,1,11,0,5,0,1,0,0,0,0,0,1,1,1,65,9,-1,-1,-1,-1,-1,-1
201860W108913,1,9,0,13,0,0,2,0,7,0,2,1,6,1,18,4,-1,-1,-1,-1,-1,-1
201860W108913,2,9,3,18,0,0,0,0,0,0,1,1,6,1,50,8,-1,-1,-1,-1,-1,-1
201860W108913,3,9,0,18,0,0,0,0,0,0,0,1,6,1,46,8,-1,-1,-1,-1,-1,-1
201860W108986,1,9,0,18,0,2,0,0,0,0,1,1,6,2,25,5,-1,-1,-1,-1,-1,-1
201860W108989,1,9,0,18,0,0,0,0,0,0,1,1,6,1,23,5,-1,-1,-1,-1,-1,-1
201860W109005,1,9,0,4,0,0,0,0,0,0,1,1,6,2,23,5,-1,-1,-1,-1,-1,-1
201860W109005,2,5,0,5,0,0,0,0,0,0,2,1,2,1,57,9,-1,-1,-1,-1,-1,-1
201860W109329,1,9,0,5,0,2,0,0,0,0,2,1,6,2,60,9,-1,-1,-1,-1,-1,-1
201860W109329,2,1,0,18,0,2,0,0,0,0,1,1,6,1,26,6,-1,-1,-1,-1,-1,-1
201860W110004,1,1,0,17,0,0,0,6,1,11,1,1,6,1,48,8,-1,-1,-1,-1,-1,-1
201860W110024,1,5,0,3,0,3,0,10,2,10,1,1,6,2,54,8,-1,-1,-1,-1,-1,-1
201860W110043,1,9,0,10,0,8,0,0,0,0,1,1,6,2,68,10,-1,-1,-1,-1,-1,-1
201860W110043,2,5,0,18,0,8,5,0,0,0,1,1,6,1,55,8,-1,-1,-1,-1,-1,-1
201860W110156,1,9,0,9,0,8,0,0,0,0,3,1,6,1,77,11,-1,-1,-1,-1,-1,-1
201860W110156,2,9,0,18,0,8,0,0,0,0,1,1,6,1,42,7,-1,-1,-1,-1,-1,-1
201860W110236,1,9,0,5,0,1,0,0,0,0,1,1,6,2,49,8,-1,-1,-1,-1,-1,-1
201860W110236,2,9,0,5,0,1,0,0,0,0,2,1,6,2,23,5,-1,-1,-1,-1,-1,-1
201860W110262,1,3,0,16,0,2,2,0,7,11,3,1,6,1,22,5,-1,-1,-1,-1,-1,-1
201860W110484,1,9,0,18,0,0,0,0,1,4,1,1,6,1,66,10,-1,-1,-1,-1,-1,-1
201860W110658,1,9,0,1,0,5,0,0,0,0,1,1,6,2,57,9,-1,-1,-1,-1,-1,-1
201860W110658,2,5,0,15,0,1,0,0,0,0,1,1,6,1,65,9,-1,-1,-1,-1,-1,-1
201860W110746,1,9,0,18,0,2,0,0,0,0,1,1,6,1,76,11,-1,-1,-1,-1,-1,-1
201860W110747,1,9,0,18,0,0,0,0,0,0,1,1,6,2,24,5,-1,-1,-1,-1,-1,-1
201860W110897,1,3,0,18,0,0,0,0,0,0,1,1,6,1,20,4,-1,-1,-1,-1,-1,-1
201860W110897,2,9,0,2,0,0,0,0,0,0,3,1,6,1,33,6,-1,-1,-1,-1,-1,-1
201860W111006,1,19,0,5,0,0,0,0,0,0,4,1,1,1,50,8,-1,-1,-1,-1,-1,-1
201860W111006,2,3,0,18,0,0,0,0,0,0,1,1,6,1,18,4,-1,-1,-1,-1,-1,-1
201860W111080,1,9,0,18,0,0,0,0,7,11,1,1,6,1,84,11,-1,-1,-1,-1,-1,-1
201860W111080,2,9,0,18,0,0,0,0,0,0,3,1,6,1,58,9,-1,-1,-1,-1,-1,-1
201860W111099,1,9,0,18,0,0,0,0,0,0,1,1,6,2,45,7,-1,-1,-1,-1,-1,-1
201860W111099,2,9,0,18,0,0,0,0,0,0,1,1,6,1,20,4,-1,-1,-1,-1,-1,-1
201860W111209,1,9,0,18,0,0,0,0,0,0,3,1,6,1,43,7,-1,-1,-1,-1,-1,-1
201860W111209,2,9,0,18,0,0,0,0,0,0,3,1,6,2,56,9,-1,-1,-1,-1,-1,-1
201860W111404,1,9,0,17,0,0,1,10,1,11,1,1,6,1,44,7,-1,-1,-1,-1,-1,-1
201860W111421,1,9,0,18,0,0,0,0,0,0,3,1,6,1,32,6,-1,-1,-1,-1,-1,-1
201860W111591,1,9,0,18,0,0,0,0,0,0,1,1,6,1,-1,-1,-1,-1,-1,-1,-1,-1
201860W111591,2,9,0,18,0,0,0,0,0,0,2,1,6,1,46,8,-1,-1,-1,-1,-1,-1
201860W111784,1,9,0,18,0,0,0,0,0,0,1,1,2,1,35,6,-1,-1,-1,-1,-1,-1
201860W111785,1,9,0,18,0,2,0,0,0,0,1,1,6,2,38,7,-1,-1,-1,-1,-1,-1
201860W112094,1,9,0,9,0,8,0,0,0,0,3,1,6,1,19,4,-1,-1,-1,-1,-1,-1
201860W112094,2,19,0,18,0,1,0,0,0,0,1,1,1,1,46,8,-1,-1,-1,-1,-1,-1
201860W112239,1,5,0,16,0,0,5,0,0,0,3,1,6,1,38,7,-1,-1,-1,-1,-1,-1
201860W112239,2,9,0,17,0,0,0,0,0,0,3,1,1,1,48,8,-1,-1,-1,-1,-1,-1
201860W112310,1,9,0,18,0,1,0,0,0,0,1,1,6,1,58,9,-1,-1,-1,-1,-1,-1
201860W112310,2,9,0,4,0,1,0,0,0,0,2,1,6,2,18,4,-1,-1,-1,-1,-1,-1
201860W112310,3,9,0,4,0,1,0,0,0,0,2,1,6,2,51,8,-1,-1,-1,-1,-1,-1
201860W112378,1,90,0,16,0,0,0,0,1,7,4,1,6,1,36,7,-1,-1,-1,-1,-1,-1
201860W112482,1,9,0,10,0,6,0,0,0,0,3,1,6,2,71,10,-1,-1,-1,-1,-1,-1
201860W112482,2,5,0,16,0,1,0,0,0,0,1,1,6,1,56,9,-1,-1,-1,-1,-1,-1
201860W112632,1,9,0,17,0,1,0,0,0,0,1,1,6,3,-1,-1,-1,-1,-1,-1,-1,-1
201860W112632,2,9,0,17,0,1,0,0,0,0,2,1,6,2,47,8,-1,-1,-1,-1,-1,-1
201860W112768,1,9,0,18,0,0,0,0,0,0,1,1,6,2,38,7,-1,-1,-1,-1,-1,-1
201860W112768,2,9,0,2,0,0,0,0,0,0,2,1,6,1,52,8,-1,-1,-1,-1,-1,-1
201860W112778,1,9,0,4,0,1,0,0,0,0,1,1,6,1,-1,-1,-1,-1,-1,-1,-1,-1
201860W112778,2,9,0,18,0,1,0,0,0,0,2,1,6,2,-1,-1,-1,-1,-1,-1,-1,-1
201860W112778,3,9,0,4,0,1,0,0,0,0,1,1,6,2,-1,-1,-1,-1,-1,-1,-1,-1
201860W112778,4,9,0,18,0,1,0,0,0,0,2,1,6,2,-1,-1,-1,-1,-1,-1,-1,-1
201860W112916,1,5,0,16,0,0,5,0,7,11,1,1,6,1,40,7,-1,-1,-1,-1,-1,-1
201860W113308,1,4,0,4,0,1,1,0,0,0,4,1,6,1,40,7,-1,-1,-1,-1,-1,-1
201860W113315,1,9,0,18,0,1,0,0,1,0,1,1,6,1,44,7,-1,-1,-1,-1,-1,-1
201860W113315,2,9,0,4,0,1,0,0,0,0,2,1,6,2,29,6,-1,-1,-1,-1,-1,-1
201860W113315,3,9,0,4,0,1,0,0,1,0,2,1,6,2,19,4,-1,-1,-1,-1,-1,-1
201860W113364,1,9,0,10,0,0,0,0,0,0,3,1,6,2,31,6,-1,-1,-1,-1,-1,-1
201860W113364,2,1,0,16,0,0,1,0,0,0,1,1,6,2,49,8,-1,-1,-1,-1,-1,-1
201860W113425,1,9,0,17,0,0,1,0,7,11,1,1,6,1,77,11,-1,-1,-1,-1,-1,-1
201860W113800,1,9,0,18,0,0,1,0,0,0,1,1,6,2,20,4,-1,-1,-1,-1,-1,-1
201860W113800,2,9,0,4,0,0,0,0,0,0,2,1,6,1,48,8,-1,-1,-1,-1,-1,-1
201860W113835,1,9,0,11,0,5,2,10,1,7,1,1,6,1,48,8,-1,-1,-1,-1,-1,-1
201860W113853,1,5,0,18,0,0,1,0,1,10,1,1,6,1,69,10,-1,-1,-1,-1,-1,-1
201860W113891,1,9,0,1,0,0,0,0,0,0,2,1,6,2,50,8,-1,-1,-1,-1,-1,-1
201860W113973,1,9,0,16,0,0,0,0,0,0,1,1,6,1,66,10,-1,-1,-1,-1,-1,-1
201860W113973,2,9,0,17,0,0,0,0,0,0,1,1,6,1,52,8,-1,-1,-1,-1,-1,-1
201860W114001,1,9,0,18,0,0,0,10,1,9,1,1,6,1,47,8,-1,-1,-1,-1,-1,-1
201860W114004,1,9,0,18,0,1,0,0,0,0,1,1,6,2,62,9,-1,-1,-1,-1,-1,-1
201860W114004,2,9,0,3,0,1,0,0,0,0,2,1,6,2,61,9,-1,-1,-1,-1,-1,-1
201860W114283,1,9,0,18,0,2,0,0,0,0,1,1,6,3,-1,-1,-1,-1,-1,-1,-1,-1
201860W114283,2,9,0,3,0,2,0,0,0,0,2,1,6,2,50,8,-1,-1,-1,-1,-1,-1
201860W114389,1,9,0,18,0,0,0,0,0,0,1,1,6,3,-1,-1,-1,-1,-1,-1,-1,-1
201860W114389,2,9,0,3,0,0,0,0,0,0,2,1,6,1,44,7,-1,-1,-1,-1,-1,-1
201860W114389,3,9,0,3,0,0,0,0,0,0,2,1,6,1,57,9,-1,-1,-1,-1,-1,-1
201860W114400,1,3,0,16,0,6,0,0,0,0,1,1,2,1,28,6,-1,-1,-1,-1,-1,-1
201860W114400,2,9,0,17,0,5,0,0,0,0,1,1,6,2,39,7,-1,-1,-1,-1,-1,-1
201860W114407,1,98,0,18,0,8,0,0,0,0,1,1,6,1,40,7,-1,-1,-1,-1,-1,-1
201860W114407,2,98,0,4,0,8,0,0,0,0,1,1,1,1,50,8,-1,-1,-1,-1,-1,-1
201860W114487,1,9,0,1,0,2,0,0,0,0,2,1,6,1,25,5,-1,-1,-1,-1,-1,-1
201860W114690,1,9,0,9,0,6,0,0,0,0,3,1,6,2,73,10,-1,-1,-1,-1,-1,-1
201860W114690,2,3,0,18,0,1,0,0,0,0,1,1,2,1,29,6,-1,-1,-1,-1,-1,-1
201860W114905,1,9,0,18,0,0,0,0,0,0,4,1,6,1,-1,-1,-1,-1,-1,-1,-1,-1
201860W114905,2,1,0,18,0,0,0,0,0,0,3,1,6,1,62,9,-1,-1,-1,-1,-1,-1
201860W115335,1,9,0,18,0,8,0,0,0,0,1,1,6,1,79,11,-1,-1,-1,-1,-1,-1
201860W115335,2,9,0,18,0,8,1,10,7,11,3,1,6,1,26,6,-1,-1,-1,-1,-1,-1
201860W115419,1,9,0,5,0,2,0,0,0,0,1,1,6,2,35,6,-1,-1,-1,-1,-1,-1
201860W115419,2,3,0,16,0,2,0,0,0,0,1,1,6,1,25,5,-1,-1,-1,-1,-1,-1
201860W115606,1,9,0,11,0,5,1,0,1,9,1,1,6,1,55,8,-1,-1,-1,-1,-1,-1
201860W115757,1,9,0,18,0,6,0,0,0,0,1,1,2,2,55,8,-1,-1,-1,-1,-1,-1
201860W115757,2,9,0,10,0,5,0,0,0,0,1,1,2,1,28,6,-1,-1,-1,-1,-1,-1
201860W116128,1,98,0,9,0,8,0,0,0,0,1,1,6,1,56,9,-1,-1,-1,-1,-1,-1
201860W116128,2,1,0,18,0,1,0,0,0,0,1,1,6,1,19,4,-1,-1,-1,-1,-1,-1
201860W116219,1,9,0,18,0,1,0,12,1,11,1,1,6,1,49,8,-1,-1,-1,-1,-1,-1
201860W116440,1,9,0,17,0,0,1,0,1,11,1,1,1,1,38,7,-1,-1,-1,-1,-1,-1
201860W116629,1,9,0,18,0,0,5,0,7,4,1,1,6,1,47,8,-1,-1,-1,-1,-1,-1
201860W116629,2,9,0,18,0,0,0,0,0,0,3,1,6,1,48,8,-1,-1,-1,-1,-1,-1
201860W116959,1,9,0,18,0,1,1,0,0,0,1,1,6,2,24,5,-1,-1,-1,-1,-1,-1
201860W116959,2,9,0,18,0,1,0,0,0,0,2,1,6,1,41,7,-1,-1,-1,-1,-1,-1
201860W117010,1,9,0,18,0,1,0,0,0,0,1,1,6,2,24,5,-1,-1,-1,-1,-1,-1
201860W117010,2,9,0,3,0,1,0,0,0,0,2,1,6,1,87,11,-1,-1,-1,-1,-1,-1
201860W117036,1,9,0,2,0,0,0,0,7,10,2,1,6,1,33,6,-1,-1,-1,-1,-1,-1
201860W117061,1,9,0,16,0,0,0,0,0,0,1,1,6,2,70,10,-1,-1,-1,-1,-1,-1
201860W117061,2,9,0,17,0,0,0,0,1,4,1,1,6,1,52,8,-1,-1,-1,-1,-1,-1
201860W117071,1,5,0,16,0,0,1,0,1,0,1,1,6,1,70,10,-1,-1,-1,-1,-1,-1
201860W117071,2,9,0,17,0,0,0,0,0,0,3,1,6,1,25,5,-1,-1,-1,-1,-1,-1
201860W117316,1,9,0,18,0,0,0,0,0,0,1,1,2,1,40,7,-1,-1,-1,-1,-1,-1
201860W117667,1,4,0,9,0,6,0,0,1,11,1,1,6,2,55,8,-1,-1,-1,-1,-1,-1
201860W118042,1,9,0,4,0,8,0,0,0,0,1,1,6,2,51,8,-1,-1,-1,-1,-1,-1
201860W118042,2,9,0,3,0,8,0,0,0,0,2,1,6,2,45,7,-1,-1,-1,-1,-1,-1
201860W118044,1,9,4,18,0,0,4,10,0,0,1,1,1,1,58,9,-1,-1,-1,-1,-1,-1
201860W118044,2,9,0,18,0,0,0,0,0,0,1,1,6,1,85,11,-1,-1,-1,-1,-1,-1
201860W118044,3,9,0,18,0,0,0,0,0,0,1,1,6,1,72,10,-1,-1,-1,-1,-1,-1
201860W118061,1,9,0,18,0,0,0,0,0,0,1,1,6,1,93,11,-1,-1,-1,-1,-1,-1
201860W118211,1,9,0,18,0,2,0,0,0,0,1,1,6,1,38,7,-1,-1,-1,-1,-1,-1
201860W118211,2,9,0,18,0,1,0,0,0,0,3,1,2,2,47,8,-1,-1,-1,-1,-1,-1
201860W118531,1,8,0,5,0,0,0,0,0,0,0,1,1,1,-1,-1,-1,-1,-1,-1,-1,-1
201860W119128,1,9,0,18,0,1,1,0,0,0,1,1,6,1,55,8,-1,-1,-1,-1,-1,-1
201860W119128,2,9,0,10,0,1,0,0,0,0,2,1,6,1,40,7,-1,-1,-1,-1,-1,-1
201860W119128,3,9,0,7,0,1,0,0,0,0,1,1,6,1,35,6,-1,-1,-1,-1,-1,-1
201860W119218,1,9,0,17,0,0,1,0,7,0,1,1,6,2,21,5,-1,-1,-1,-1,-1,-1
201860W119218,2,9,0,16,0,0,0,0,1,0,3,1,6,1,77,11,-1,-1,-1,-1,-1,-1
201860W119268,1,20,0,17,0,0,1,0,1,11,1,1,1,1,42,7,-1,-1,-1,-1,-1,-1
201860W119268,2,9,0,16,0,0,1,0,0,0,1,1,6,1,28,6,-1,-1,-1,-1,-1,-1
201860W119644,1,9,0,17,0,2,0,0,0,0,1,1,1,2,53,8,-1,-1,-1,-1,-1,-1
201860W119761,1,1,0,18,9,1,0,0,0,0,1,1,6,2,41,7,-1,-1,-1,-1,-1,-1
201860W119761,2,9,0,18,0,6,0,0,0,0,1,1,2,2,18,4,-1,-1,-1,-1,-1,-1
201860W120024,1,21,0,16,0,0,0,0,0,0,0,1,6,1,-1,-1,-1,-1,-1,-1,-1,-1
201860W120024,2,9,0,17,0,0,2,0,7,11,1,1,6,1,18,4,-1,-1,-1,-1,-1,-1
201860W120185,1,9,0,18,0,0,0,0,5,6,1,1,1,2,27,6,-1,-1,-1,-1,-1,-1
201860W120185,2,9,0,18,0,0,0,0,0,0,0,1,6,1,-1,-1,-1,-1,-1,-1,-1,-1
201860W120185,3,9,0,18,0,0,0,0,0,0,2,1,6,1,53,8,-1,-1,-1,-1,-1,-1
201860W120343,1,9,0,13,0,1,0,0,7,3,1,1,6,1,23,5,-1,-1,-1,-1,-1,-1
201860W120343,2,9,0,9,0,5,0,0,0,0,3,1,6,1,68,10,-1,-1,-1,-1,-1,-1
201860W120470,1,9,0,18,0,0,0,0,0,0,3,1,6,2,87,11,-1,-1,-1,-1,-1,-1
201860W120526,1,3,0,18,0,0,0,0,0,0,4,1,6,1,28,6,-1,-1,-1,-1,-1,-1
201860W120827,1,9,0,18,0,0,0,0,0,0,2,1,6,1,65,9,-1,-1,-1,-1,-1,-1
201860W120827,2,9,0,18,0,0,0,0,0,0,2,1,6,2,28,6,-1,-1,-1,-1,-1,-1
201860W120827,3,9,0,18,0,0,0,0,0,0,2,1,6,1,60,9,-1,-1,-1,-1,-1,-1
201860W120906,1,9,0,18,0,0,0,0,7,11,1,1,6,1,48,8,-1,-1,-1,-1,-1,-1
201860W120906,2,9,0,4,0,0,0,0,7,11,2,1,6,1,34,6,-1,-1,-1,-1,-1,-1
201860W120906,3,9,0,4,0,0,0,0,0,0,3,1,6,1,36,7,-1,-1,-1,-1,-1,-1
201860W120957,1,9,0,16,0,0,0,0,0,0,1,1,6,2,18,4,-1,-1,-1,-1,-1,-1
201860W120957,2,9,0,17,0,0,0,0,1,0,1,1,6,1,69,10,-1,-1,-1,-1,-1,-1
201860W121331,1,98,0,18,0,0,0,0,0,0,2,1,6,1,56,9,-1,-1,-1,-1,-1,-1
201860W121331,2,98,0,18,0,0,0,0,0,0,2,1,6,1,47,8,-1,-1,-1,-1,-1,-1
201860W121331,3,98,0,18,0,0,0,0,0,0,2,1,6,3,-1,-1,-1,-1,-1,-1,-1,-1
201860W121366,1,90,0,9,0,1,0,0,0,0,4,1,6,1,47,8,-1,-1,-1,-1,-1,-1
201860W121366,2,9,0,18,0,8,1,0,0,0,1,1,6,1,24,5,-1,-1,-1,-1,-1,-1
201860W121439,1,9,0,17,0,0,1,0,0,0,3,1,2,1,20,4,-1,-1,-1,-1,-1,-1
201860W121439,2,9,0,18,0,0,0,0,0,0,1,1,6,2,24,5,-1,-1,-1,-1,-1,-1
201860W121481,1,9,0,18,0,0,0,0,0,0,1,1,6,1,30,6,-1,-1,-1,-1,-1,-1
201860W121481,2,9,0,4,0,0,0,0,0,0,2,1,6,2,20,4,-1,-1,-1,-1,-1,-1
201860W121626,1,9,0,18,0,0,0,0,0,0,1,1,6,2,48,8,-1,-1,-1,-1,-1,-1
201860W121626,2,9,0,18,0,0,0,0,0,0,2,1,6,2,53,8,-1,-1,-1,-1,-1,-1
201860W122015,1,9,0,9,0,5,0,0,0,0,1,1,6,2,46,8,-1,-1,-1,-1,-1,-1
201860W122015,2,9,0,18,0,1,0,0,0,0,1,1,6,1,58,9,-1,-1,-1,-1,-1,-1
201860W122539,1,9,0,18,0,0,0,0,0,0,1,1,6,1,46,8,-1,-1,-1,-1,-1,-1
201860W122539,2,90,0,18,0,0,0,0,0,0,1,1,6,1,42,7,-1,-1,-1,-1,-1,-1
201860W123003,1,9,0,18,0,0,0,0,0,0,1,1,6,1,70,10,-1,-1,-1,-1,-1,-1
201860W123118,1,9,0,18,0,1,0,0,0,0,4,1,6,1,56,9,-1,-1,-1,-1,-1,-1
201860W123133,1,20,0,17,0,1,2,0,1,10,4,1,1,1,62,9,-1,-1,-1,-1,-1,-1
201860W123763,1,9,0,17,9,0,0,0,0,0,1,1,6,1,23,5,-1,-1,-1,-1,-1,-1
201860W123868,1,9,0,18,0,0,0,0,0,0,1,1,6,1,31,6,-1,-1,-1,-1,-1,-1
201860W123868,2,21,1,18,0,0,0,0,0,0,1,1,1,1,41,7,-1,-1,-1,-1,-1,-1
201860W124054,1,9,0,16,0,0,2,0,0,0,4,1,2,1,24,5,-1,-1,-1,-1,-1,-1
201860W124066,1,19,0,18,0,0,1,0,0,0,1,1,1,1,36,7,-1,-1,-1,-1,-1,-1
201860W124066,2,9,0,3,0,0,0,0,0,0,2,1,6,2,52,8,-1,-1,-1,-1,-1,-1
201860W124066,3,9,0,3,0,0,0,0,0,0,2,1,6,2,59,9,-1,-1,-1,-1,-1,-1
201860W124150,1,9,0,7,0,1,0,0,0,0,0,1,6,3,-1,-1,-1,-1,-1,-1,-1,-1
201860W124150,2,1,0,18,0,1,0,0,0,0,0,1,6,1,58,9,-1,-1,-1,-1,-1,-1
201860W124413,1,3,0,9,0,1,2,0,0,0,0,1,2,1,25,5,-1,-1,-1,-1,-1,-1
201860W124569,1,9,0,18,0,2,5,0,0,0,3,1,6,1,69,10,-1,-1,-1,-1,-1,-1
201860W124569,2,5,0,18,0,1,0,0,0,0,1,1,6,1,48,8,-1,-1,-1,-1,-1,-1
201860W125207,1,20,0,18,0,6,0,0,0,0,1,1,1,1,25,5,-1,-1,-1,-1,-1,-1
201860W125207,2,9,0,18,0,1,0,0,0,0,4,1,6,2,31,6,-1,-1,-1,-1,-1,-1
201860W125232,1,9,0,7,0,2,0,0,0,0,1,1,6,1,42,7,-1,-1,-1,-1,-1,-1
201860W125232,2,5,0,18,0,2,0,0,0,0,1,1,6,1,61,9,-1,-1,-1,-1,-1,-1
201860W125240,1,5,0,18,0,0,5,0,7,0,2,1,6,1,29,6,-1,-1,-1,-1,-1,-1
201860W125309,1,5,0,16,0,0,1,0,0,0,0,1,6,2,50,8,-1,-1,-1,-1,-1,-1
201860W125621,1,9,0,13,0,1,0,0,0,0,1,1,6,3,-1,-1,-1,-1,-1,-1,-1,-1
201860W125621,2,9,0,18,0,1,0,0,0,0,2,1,6,2,22,5,-1,-1,-1,-1,-1,-1
201860W125682,1,9,0,4,8,1,0,0,0,0,1,1,6,1,65,9,-1,-1,-1,-1,-1,-1
201860W125682,2,1,0,18,0,1,0,0,0,0,4,1,4,1,16,4,-1,-1,-1,-1,-1,-1
201860W125689,1,9,0,16,0,1,2,10,2,11,1,1,6,2,40,7,-1,-1,-1,-1,-1,-1
201860W125791,1,9,0,9,0,6,0,0,0,0,1,1,6,1,53,8,-1,-1,-1,-1,-1,-1
201860W125915,1,9,0,17,0,2,0,0,1,2,1,1,6,2,69,10,-1,-1,-1,-1,-1,-1
201860W126629,1,9,0,16,0,0,1,0,0,0,1,1,6,2,44,7,-1,-1,-1,-1,-1,-1
201860W126629,2,9,0,17,0,0,1,0,0,0,1,1,6,1,33,6,-1,-1,-1,-1,-1,-1
201860W126724,1,9,0,18,0,1,2,0,1,11,1,1,6,1,23,5,-1,-1,-1,-1,-1,-1
201860W126743,1,9,0,18,0,0,0,7,7,2,3,1,1,1,27,6,-1,-1,-1,-1,-1,-1
201860W126749,1,9,0,2,0,0,0,0,0,0,3,1,3,2,42,7,-1,-1,-1,-1,-1,-1
201860W126749,2,20,0,18,0,0,0,0,0,0,4,1,1,1,51,8,-1,-1,-1,-1,-1,-1
201860W126886,1,9,0,17,0,0,0,0,1,4,1,1,6,2,60,9,-1,-1,-1,-1,-1,-1
201860W126947,1,5,0,13,0,1,2,0,0,0,1,1,6,1,60,9,-1,-1,-1,-1,-1,-1
201860W126947,2,9,0,9,0,1,0,0,0,0,2,1,6,1,46,8,-1,-1,-1,-1,-1,-1
201860W126995,1,9,0,18,0,5,2,0,1,2,0,1,6,2,23,5,-1,-1,-1,-1,-1,-1
201860W127095,1,11,0,4,2,1,0,0,0,0,0,1,1,1,46,8,-1,-1,-1,-1,-1,-1
201860W127126,1,1,0,18,0,1,0,0,0,0,1,1,6,1,60,9,-1,-1,-1,-1,-1,-1
201860W127126,2,9,0,4,0,1,0,0,0,0,2,1,6,2,51,8,-1,-1,-1,-1,-1,-1
201860W127768,1,8,0,9,0,8,0,0,0,0,3,1,1,1,56,9,-1,-1,-1,-1,-1,-1
201860W128368,1,9,0,17,0,0,0,0,1,11,3,1,6,1,-1,-1,-1,-1,-1,-1,-1,-1
201860W128368,2,9,0,18,0,0,0,0,7,11,1,1,6,2,52,8,-1,-1,-1,-1,-1,-1
201860W128466,1,9,0,18,0,0,0,0,0,0,4,1,6,1,53,8,-1,-1,-1,-1,-1,-1
201860W128522,1,9,0,17,0,1,0,0,0,0,1,1,6,2,-1,-1,-1,-1,-1,-1,-1,-1