Accident_Index,Vehicle_Reference,Vehicle_Type,Towing_and_Articulation,Vehicle_Manoeuvre,Vehicle_Location-Restricted_Lane,Junction_Location,Skidding_and_Overturning,Hit_Object_in_Carriageway,Vehicle_Leaving_Carriageway,Hit_Object_off_Carriageway,1st_Point_of_Impact,Was_Vehicle_Left_Hand_Drive?,Journey_Purpose_of_Driver,Sex_of_Driver,Age_of_Driver,Age_Band_of_Driver,Engine_Capacity_(CC),Propulsion_Code,Age_of_Vehicle,Driver_IMD_Decile,Driver_Home_Area_Type,Vehicle_IMD_Decile
201860W128522,2,9,0,3,0,1,0,0,0,0,2,1,6,2,31,6,-1,-1,-1,-1,-1,-1
201860W129381,1,9,0,7,0,1,0,0,0,0,1,1,6,1,-1,-1,-1,-1,-1,-1,-1,-1
201860W129381,2,9,0,14,0,1,0,0,0,0,3,1,6,1,18,4,-1,-1,-1,-1,-1,-1
201860W129655,1,9,0,16,0,1,1,0,1,11,1,1,6,1,17,4,-1,-1,-1,-1,-1,-1
201860W129803,1,98,0,17,0,0,2,0,7,11,1,1,1,1,18,4,-1,-1,-1,-1,-1,-1
201860W129803,2,9,0,16,0,0,1,0,0,0,3,1,1,1,34,6,-1,-1,-1,-1,-1,-1
201860W129822,1,3,0,18,0,0,1,0,0,0,1,1,2,1,23,5,-1,-1,-1,-1,-1,-1
201860W129822,2,9,0,18,0,0,0,0,0,0,1,1,6,2,25,5,-1,-1,-1,-1,-1,-1
201860W129832,1,9,0,18,0,0,2,0,0,0,3,1,6,2,18,4,-1,-1,-1,-1,-1,-1
201860W129832,2,10,0,16,0,0,1,0,1,0,3,1,2,2,61,9,-1,-1,-1,-1,-1,-1
201860W129912,1,9,0,9,0,1,0,0,0,0,1,1,6,1,25,5,-1,-1,-1,-1,-1,-1
201860W129912,2,1,0,18,0,1,0,0,0,0,4,1,2,1,42,7,-1,-1,-1,-1,-1,-1
201860W130320,1,9,0,9,0,8,0,0,0,0,4,1,6,1,47,8,-1,-1,-1,-1,-1,-1
201860W130320,2,1,0,9,0,1,0,0,0,0,1,1,6,1,81,11,-1,-1,-1,-1,-1,-1
201860W131139,1,9,0,5,0,0,0,0,0,0,0,1,6,1,47,8,-1,-1,-1,-1,-1,-1
201860W131139,2,9,0,2,0,0,0,0,0,0,0,1,6,2,29,6,-1,-1,-1,-1,-1,-1
201860W131286,1,19,0,16,0,0,0,0,7,4,1,1,6,1,25,5,-1,-1,-1,-1,-1,-1
201860W131332,1,9,0,17,0,0,5,0,0,0,1,1,6,2,68,10,-1,-1,-1,-1,-1,-1
201860W131502,1,5,0,17,0,0,1,0,0,0,4,1,6,1,20,4,-1,-1,-1,-1,-1,-1
201860W131704,1,9,0,18,0,0,0,0,0,0,1,1,6,1,63,9,-1,-1,-1,-1,-1,-1
201860W131704,2,9,0,18,0,0,0,0,0,0,0,1,6,1,59,9,-1,-1,-1,-1,-1,-1
201860W131901,1,9,0,17,0,0,2,0,7,0,4,1,6,1,50,8,-1,-1,-1,-1,-1,-1
201860W132402,1,9,0,17,0,1,0,0,1,11,1,1,6,1,17,4,-1,-1,-1,-1,-1,-1
201860W132525,1,9,0,2,0,2,0,0,0,0,0,1,6,1,23,5,-1,-1,-1,-1,-1,-1
201860W132525,2,5,0,17,0,1,1,0,0,0,0,1,6,1,59,9,-1,-1,-1,-1,-1,-1
201860W132533,1,4,0,18,0,0,0,0,0,10,1,1,6,1,38,7,-1,-1,-1,-1,-1,-1
201860W132566,1,9,0,17,0,0,1,0,0,0,1,1,6,2,34,6,-1,-1,-1,-1,-1,-1
201860W132566,2,9,0,16,0,0,0,0,0,0,1,1,6,2,48,8,-1,-1,-1,-1,-1,-1
201860W132601,1,9,0,9,0,6,0,0,0,0,1,1,6,2,38,7,-1,-1,-1,-1,-1,-1
201860W132601,2,5,0,17,0,8,0,0,2,7,3,1,6,1,21,5,-1,-1,-1,-1,-1,-1
201860W132995,1,9,0,18,0,0,0,0,0,0,1,1,6,1,71,10,-1,-1,-1,-1,-1,-1
201860W133060,1,9,0,18,0,1,5,0,1,1,4,1,2,2,24,5,-1,-1,-1,-1,-1,-1
201860W133215,1,9,0,18,0,0,0,0,0,0,1,1,6,1,25,5,-1,-1,-1,-1,-1,-1
201860W133215,2,9,0,18,0,0,0,0,0,0,2,1,6,2,43,7,-1,-1,-1,-1,-1,-1
201860W133293,1,9,0,18,0,0,1,0,0,0,1,1,2,2,28,6,-1,-1,-1,-1,-1,-1
201860W133293,2,11,0,5,0,0,0,0,0,0,0,1,6,3,-1,-1,-1,-1,-1,-1,-1,-1
201860W133457,1,9,0,17,0,8,0,0,0,0,1,1,1,2,59,9,-1,-1,-1,-1,-1,-1
201860W133475,1,9,0,7,0,6,0,0,0,0,1,1,6,1,70,10,-1,-1,-1,-1,-1,-1
201860W133475,2,9,0,18,0,8,0,0,0,0,4,1,6,2,27,6,-1,-1,-1,-1,-1,-1
201860W133667,1,4,0,18,0,0,1,0,7,11,1,1,2,1,62,9,-1,-1,-1,-1,-1,-1
201860W133851,1,9,0,9,0,8,0,0,0,0,1,1,6,1,17,4,-1,-1,-1,-1,-1,-1
201860W133851,2,9,0,18,0,8,0,0,0,0,1,1,6,1,37,7,-1,-1,-1,-1,-1,-1
201860W134002,1,5,0,17,0,0,1,0,1,10,1,1,6,1,30,6,-1,-1,-1,-1,-1,-1
201860W134517,1,4,0,18,0,0,2,0,0,0,1,1,6,1,35,6,-1,-1,-1,-1,-1,-1
201860W134517,2,98,0,18,0,0,0,0,0,0,1,1,6,1,54,8,-1,-1,-1,-1,-1,-1
201860W134861,1,9,0,13,0,0,0,0,0,0,1,1,2,1,41,7,-1,-1,-1,-1,-1,-1
201860W134861,2,9,0,18,0,0,0,0,0,0,1,1,6,1,45,7,-1,-1,-1,-1,-1,-1
201860W134861,3,9,0,18,0,0,0,0,0,0,0,1,6,1,66,10,-1,-1,-1,-1,-1,-1
201860W135204,1,9,0,18,0,2,0,0,0,0,4,1,6,1,50,8,-1,-1,-1,-1,-1,-1
201860W135204,2,9,0,2,0,2,0,0,0,0,0,1,6,1,43,7,-1,-1,-1,-1,-1,-1
201860W135216,1,9,0,18,0,4,0,0,1,11,1,1,2,2,23,5,-1,-1,-1,-1,-1,-1
201860W135216,2,9,0,9,0,8,0,0,0,0,1,1,2,2,25,5,-1,-1,-1,-1,-1,-1
201860W135550,1,9,0,1,9,5,0,0,0,0,2,1,6,2,47,8,-1,-1,-1,-1,-1,-1
201860W135622,1,9,0,13,0,2,0,0,0,0,2,1,6,1,30,6,-1,-1,-1,-1,-1,-1
201860W135622,2,1,0,18,0,2,0,0,0,0,1,1,6,1,57,9,-1,-1,-1,-1,-1,-1
201860W135961,1,9,0,16,0,0,1,0,8,4,3,1,6,1,24,5,-1,-1,-1,-1,-1,-1
201860W136009,1,9,0,18,0,1,0,0,0,0,1,1,6,1,34,6,-1,-1,-1,-1,-1,-1
201860W136009,2,9,0,8,0,1,0,0,0,0,2,1,6,1,19,4,-1,-1,-1,-1,-1,-1
201860W136216,1,9,0,9,0,6,0,0,0,0,3,1,6,1,18,4,-1,-1,-1,-1,-1,-1
201860W136216,2,9,0,18,0,1,0,0,0,0,1,1,6,1,28,6,-1,-1,-1,-1,-1,-1
201860W136456,1,21,0,18,0,4,0,0,0,0,1,1,1,1,49,8,-1,-1,-1,-1,-1,-1
201860W136456,2,1,0,18,0,3,0,0,0,0,4,1,6,1,54,8,-1,-1,-1,-1,-1,-1
201860W136520,1,1,0,18,0,2,0,4,0,0,1,1,6,1,56,9,-1,-1,-1,-1,-1,-1
201860W136520,2,9,0,2,0,2,0,0,0,0,3,1,6,2,31,6,-1,-1,-1,-1,-1,-1
201860W136926,1,9,0,18,0,1,0,0,0,0,0,1,6,2,25,5,-1,-1,-1,-1,-1,-1
201860W136999,1,9,0,18,0,2,0,0,0,0,1,1,6,2,25,5,-1,-1,-1,-1,-1,-1
201860W136999,2,9,0,2,0,2,0,0,0,0,3,1,6,3,-1,-1,-1,-1,-1,-1,-1,-1
201860W136999,3,9,0,2,0,2,0,0,0,0,3,1,6,3,-1,-1,-1,-1,-1,-1,-1,-1
201860W137167,1,98,0,17,0,0,0,0,7,1,1,1,1,1,27,6,-1,-1,-1,-1,-1,-1
201860W137167,2,9,0,2,0,0,0,0,0,0,1,1,6,2,-1,-1,-1,-1,-1,-1,-1,-1
201860W137575,1,9,0,18,0,2,0,11,0,0,1,1,6,1,22,5,-1,-1,-1,-1,-1,-1
201860W137643,1,97,0,5,0,0,0,0,0,0,1,1,6,1,-1,-1,-1,-1,-1,-1,-1,-1
201860W137643,2,4,0,18,0,0,0,0,0,0,1,1,6,1,20,4,-1,-1,-1,-1,-1,-1
201860W138311,1,9,0,16,0,0,2,11,1,11,1,1,6,1,30,6,-1,-1,-1,-1,-1,-1
201860W138311,2,9,0,18,0,0,0,0,0,0,0,1,1,1,34,6,-1,-1,-1,-1,-1,-1
201860W138311,3,5,0,18,0,0,0,0,0,0,0,1,6,1,55,8,-1,-1,-1,-1,-1,-1
201860W138311,4,5,0,18,0,0,0,0,0,0,0,1,6,1,57,9,-1,-1,-1,-1,-1,-1
201860W138581,1,9,0,9,0,8,0,0,0,0,3,1,6,2,64,9,-1,-1,-1,-1,-1,-1
201860W138581,2,1,0,18,0,1,0,0,0,0,1,1,6,1,58,9,-1,-1,-1,-1,-1,-1
201860W138581,3,9,0,8,0,1,0,0,0,0,3,1,6,2,52,8,-1,-1,-1,-1,-1,-1
201860W138710,1,9,0,5,0,1,0,0,0,0,1,1,6,2,22,5,-1,-1,-1,-1,-1,-1
201860W138710,2,9,0,17,0,1,0,0,0,0,4,1,6,1,45,7,-1,-1,-1,-1,-1,-1
201860W138919,1,9,0,18,0,3,0,0,0,0,1,1,6,1,60,9,-1,-1,-1,-1,-1,-1
201860W138994,1,11,0,18,0,1,1,0,0,0,1,1,1,1,50,8,-1,-1,-1,-1,-1,-1
201860W138994,2,9,0,3,0,1,0,0,1,0,2,1,6,1,57,9,-1,-1,-1,-1,-1,-1
201860W138994,3,5,0,3,0,1,0,0,1,0,2,1,6,1,65,9,-1,-1,-1,-1,-1,-1
201860W139215,1,19,0,18,0,0,1,0,0,0,1,1,6,1,50,8,-1,-1,-1,-1,-1,-1
201860W139215,2,19,0,4,0,0,0,0,0,0,2,1,6,1,30,6,-1,-1,-1,-1,-1,-1
201860W139215,3,9,0,4,0,0,0,0,0,0,2,1,6,1,50,8,-1,-1,-1,-1,-1,-1
201860W139255,1,9,0,9,0,8,0,0,0,0,1,1,6,2,19,4,-1,-1,-1,-1,-1,-1
201860W139380,1,9,0,5,0,0,0,0,0,0,1,1,6,2,21,5,-1,-1,-1,-1,-1,-1
201860W139745,1,9,0,9,0,5,0,0,0,0,4,1,6,1,39,7,-1,-1,-1,-1,-1,-1
201860W139745,2,3,0,18,0,8,0,0,0,0,1,1,6,1,27,6,-1,-1,-1,-1,-1,-1
201860W139819,1,9,0,17,0,0,5,10,1,9,1,1,6,2,31,6,-1,-1,-1,-1,-1,-1
201860W140108,1,5,0,17,0,0,0,0,0,0,4,1,6,1,53,8,-1,-1,-1,-1,-1,-1
201860W140180,1,1,0,18,0,6,0,0,0,0,1,1,6,1,13,3,-1,-1,-1,-1,-1,-1
201860W140180,2,9,0,18,0,1,0,0,0,0,1,1,6,1,49,8,-1,-1,-1,-1,-1,-1
201860W140635,1,9,0,13,0,0,0,0,0,0,1,1,6,1,34,6,-1,-1,-1,-1,-1,-1
201860W140635,2,9,0,18,0,0,0,0,0,0,1,1,6,2,30,6,-1,-1,-1,-1,-1,-1
201860W140635,3,21,0,18,0,0,0,0,0,0,0,1,6,1,60,9,-1,-1,-1,-1,-1,-1
201860W141564,1,9,0,4,9,0,0,0,0,0,1,1,6,3,-1,-1,-1,-1,-1,-1,-1,-1
201860W141592,1,9,0,7,0,1,0,0,0,0,1,1,6,1,-1,-1,-1,-1,-1,-1,-1,-1
201860W141616,1,9,0,7,0,4,0,0,0,0,2,1,6,1,28,6,-1,-1,-1,-1,-1,-1
201860W141616,2,4,0,18,0,8,1,0,0,0,1,1,6,1,23,5,-1,-1,-1,-1,-1,-1
201860W141782,1,9,0,18,0,0,0,0,0,0,1,1,6,1,29,6,-1,-1,-1,-1,-1,-1
201860W141782,2,9,0,18,0,0,0,0,0,0,1,1,6,1,59,9,-1,-1,-1,-1,-1,-1
201860W141823,1,9,0,17,0,0,1,0,8,11,1,1,6,2,54,8,-1,-1,-1,-1,-1,-1
201860W141904,1,21,1,9,0,6,0,0,0,0,1,1,1,1,52,8,-1,-1,-1,-1,-1,-1
201860W141904,2,9,0,18,0,1,0,0,0,0,3,1,6,2,55,8,-1,-1,-1,-1,-1,-1
201860W142512,1,9,0,16,0,3,0,0,0,0,1,1,6,2,57,9,-1,-1,-1,-1,-1,-1
201860W142512,2,9,0,16,0,3,0,0,0,0,4,1,6,2,54,8,-1,-1,-1,-1,-1,-1
201860W142774,1,9,0,13,0,0,0,0,0,0,1,1,6,3,-1,-1,-1,-1,-1,-1,-1,-1
201860W142774,2,1,0,18,0,0,0,0,0,0,2,1,6,1,23,5,-1,-1,-1,-1,-1,-1
201860W142785,1,9,0,9,0,5,0,0,0,0,1,1,6,2,44,7,-1,-1,-1,-1,-1,-1
201860W142976,1,2,0,18,0,0,0,0,0,0,1,1,6,1,7,2,-1,-1,-1,-1,-1,-1
201860W142976,2,3,0,18,0,0,0,0,0,0,1,1,6,1,32,6,-1,-1,-1,-1,-1,-1
201860W142979,1,9,0,4,0,0,1,0,0,0,1,1,6,1,63,9,-1,-1,-1,-1,-1,-1
201860W142979,2,1,0,18,0,0,0,0,0,0,1,1,6,1,50,8,-1,-1,-1,-1,-1,-1
201860W143055,1,9,0,4,0,0,0,0,0,0,1,1,6,2,50,8,-1,-1,-1,-1,-1,-1
201860W143055,2,9,0,5,0,0,0,0,0,0,2,1,6,1,68,10,-1,-1,-1,-1,-1,-1
201860W143329,1,9,0,18,0,3,5,10,1,4,1,1,6,2,53,8,-1,-1,-1,-1,-1,-1
201860W143937,1,98,0,1,0,0,0,0,0,0,2,1,6,1,-1,-1,-1,-1,-1,-1,-1,-1
201860W143937,2,9,0,3,0,0,0,0,0,0,1,1,6,2,39,7,-1,-1,-1,-1,-1,-1
201860W144151,1,9,0,9,0,8,0,0,0,0,1,1,1,1,58,9,-1,-1,-1,-1,-1,-1
201860W144337,1,9,0,18,0,1,0,0,0,0,1,1,6,2,20,4,-1,-1,-1,-1,-1,-1
201860W144337,2,9,0,4,0,1,0,0,0,0,2,1,6,1,44,7,-1,-1,-1,-1,-1,-1
201860W144406,1,9,0,4,0,4,1,0,0,0,1,1,2,1,36,7,-1,-1,-1,-1,-1,-1
201860W144406,2,9,0,4,0,4,0,0,0,0,2,1,2,1,40,7,-1,-1,-1,-1,-1,-1
201860W144486,1,9,0,5,0,1,0,0,0,0,3,1,1,2,40,7,-1,-1,-1,-1,-1,-1
201860W144486,2,3,0,14,0,1,5,0,0,0,4,1,6,1,50,8,-1,-1,-1,-1,-1,-1
201860W144591,1,9,0,17,0,0,5,0,7,11,1,1,6,2,41,7,-1,-1,-1,-1,-1,-1
201860W144614,1,21,1,9,0,6,0,0,0,0,3,1,1,1,65,9,-1,-1,-1,-1,-1,-1
201860W144614,2,1,0,18,0,1,0,0,0,0,1,1,6,1,50,8,-1,-1,-1,-1,-1,-1
201860W144761,1,9,0,13,0,1,5,0,1,3,2,1,6,1,30,6,-1,-1,-1,-1,-1,-1
201860W144761,2,9,0,18,0,1,5,0,1,0,4,1,6,1,50,8,-1,-1,-1,-1,-1,-1
201860W145651,1,21,0,4,0,1,0,0,0,0,1,1,1,1,36,7,-1,-1,-1,-1,-1,-1
201860W145651,2,9,0,10,0,1,0,0,0,0,2,1,1,1,52,8,-1,-1,-1,-1,-1,-1
201860W145697,1,9,0,7,0,1,0,0,0,0,4,1,6,1,30,6,-1,-1,-1,-1,-1,-1
201860W145697,2,1,0,16,0,6,0,0,0,0,1,1,6,1,41,7,-1,-1,-1,-1,-1,-1
201860W145742,1,9,0,18,0,0,0,0,0,0,2,1,1,1,51,8,-1,-1,-1,-1,-1,-1
201860W145771,1,9,0,18,0,1,1,0,0,0,1,1,3,2,35,6,-1,-1,-1,-1,-1,-1
201860W145771,2,9,0,10,0,1,0,0,0,0,2,1,3,2,37,7,-1,-1,-1,-1,-1,-1
201860W145952,1,9,0,18,0,0,0,0,0,0,4,1,6,1,-1,-1,-1,-1,-1,-1,-1,-1
201860W145960,1,9,0,18,0,0,0,0,0,0,1,1,6,2,34,6,-1,-1,-1,-1,-1,-1
201860W145960,2,9,0,18,0,0,0,0,0,0,1,1,6,2,54,8,-1,-1,-1,-1,-1,-1
201860W146290,1,9,0,16,0,2,0,0,0,0,1,1,6,1,48,8,-1,-1,-1,-1,-1,-1
201860W146290,2,9,0,17,0,1,0,0,0,0,1,1,6,1,55,8,-1,-1,-1,-1,-1,-1
201860W146358,1,9,0,18,0,0,2,0,1,7,4,1,6,2,49,8,-1,-1,-1,-1,-1,-1
201860W146612,1,9,0,18,0,0,0,0,0,0,1,1,6,1,17,4,-1,-1,-1,-1,-1,-1
201860W146753,1,3,0,18,0,0,0,0,0,0,4,1,6,1,70,10,-1,-1,-1,-1,-1,-1
201860W146811,1,9,0,7,0,5,0,0,0,0,0,1,6,1,37,7,-1,-1,-1,-1,-1,-1
201860W146811,2,9,0,4,0,1,0,0,0,0,2,1,1,1,27,6,-1,-1,-1,-1,-1,-1
201860W146811,3,5,0,4,0,1,0,0,0,0,1,1,6,1,24,5,-1,-1,-1,-1,-1,-1
201860W147063,1,9,0,18,9,0,0,0,0,0,4,1,6,2,30,6,-1,-1,-1,-1,-1,-1
201860W147305,1,9,0,16,0,0,0,0,0,0,1,1,6,1,-1,-1,-1,-1,-1,-1,-1,-1
201860W147305,2,9,0,17,0,0,0,0,0,0,1,1,2,1,51,8,-1,-1,-1,-1,-1,-1
201860W147365,1,98,0,18,0,6,0,0,0,0,1,1,1,1,18,4,-1,-1,-1,-1,-1,-1
201860W147365,2,9,0,18,0,1,0,0,0,0,1,1,6,2,92,11,-1,-1,-1,-1,-1,-1
201860W147365,3,21,0,3,0,8,0,0,0,0,0,1,1,1,41,7,-1,-1,-1,-1,-1,-1
201860W147376,1,9,0,4,0,0,0,0,0,0,0,1,6,1,-1,-1,-1,-1,-1,-1,-1,-1
201860W147376,2,9,0,18,0,0,0,0,0,0,2,1,2,2,25,5,-1,-1,-1,-1,-1,-1
201860W147376,3,9,0,18,0,0,0,0,0,0,2,1,2,2,44,7,-1,-1,-1,-1,-1,-1
201860W147376,4,9,0,18,0,0,0,0,0,0,1,1,2,2,-1,-1,-1,-1,-1,-1,-1,-1
201860W147457,1,9,0,5,0,0,0,0,0,0,3,1,6,1,43,7,-1,-1,-1,-1,-1,-1
201860W147457,2,9,0,18,0,0,0,0,0,0,1,1,6,3,-1,-1,-1,-1,-1,-1,-1,-1
201860W147704,1,9,0,18,0,0,0,0,0,0,1,1,1,2,20,4,-1,-1,-1,-1,-1,-1
201860W147704,2,98,0,2,0,0,0,0,0,0,0,1,1,1,60,9,-1,-1,-1,-1,-1,-1
201860W147772,1,98,0,16,0,2,1,0,0,0,1,1,6,2,55,8,-1,-1,-1,-1,-1,-1
201860W147772,2,98,0,17,0,1,0,0,0,0,1,1,1,1,41,7,-1,-1,-1,-1,-1,-1
201860W147948,1,9,0,18,0,4,0,0,0,0,1,1,2,2,44,7,-1,-1,-1,-1,-1,-1
201860W147948,2,9,0,4,0,4,0,0,0,0,2,1,2,1,39,7,-1,-1,-1,-1,-1,-1
201860W148420,1,9,0,9,0,8,1,0,0,0,1,1,6,1,46,8,-1,-1,-1,-1,-1,-1
201860W148420,2,9,0,18,0,1,1,0,0,0,1,1,6,1,84,11,-1,-1,-1,-1,-1,-1
201860W148464,1,1,0,18,0,0,0,0,0,0,1,1,6,1,40,7,-1,-1,-1,-1,-1,-1
201860W148464,2,9,0,18,0,0,0,0,0,0,1,1,6,2,48,8,-1,-1,-1,-1,-1,-1
201860W148711,1,9,0,18,0,8,0,0,0,0,3,1,6,3,-1,-1,-1,-1,-1,-1,-1,-1
201860W148711,2,1,0,18,0,8,0,0,0,0,1,1,1,1,31,6,-1,-1,-1,-1,-1,-1
201860W148908,1,9,0,18,0,2,0,0,0,0,4,1,6,2,37,7,-1,-1,-1,-1,-1,-1
201860W149483,1,9,0,18,0,8,0,0,0,0,1,1,6,3,-1,-1,-1,-1,-1,-1,-1,-1
201860W149483,2,1,0,18,0,8,0,0,0,0,4,1,6,1,19,4,-1,-1,-1,-1,-1,-1
201860W149768,1,9,0,18,0,0,5,10,7,11,4,1,6,1,23,5,-1,-1,-1,-1,-1,-1
201860W149852,1,9,0,18,0,2,0,10,0,2,1,1,6,1,18,4,-1,-1,-1,-1,-1,-1
201860W149942,1,19,0,18,0,0,1,0,0,0,1,1,6,1,40,7,-1,-1,-1,-1,-1,-1
201860W149942,2,9,0,18,0,0,0,0,0,0,1,1,6,2,17,4,-1,-1,-1,-1,-1,-1
201860W149994,1,9,0,18,0,1,0,0,0,0,1,1,6,2,32,6,-1,-1,-1,-1,-1,-1
201860W149994,2,9,0,10,0,8,0,0,0,0,2,1,6,2,38,7,-1,-1,-1,-1,-1,-1
201860W150036,1,20,0,18,0,0,1,0,0,0,4,1,1,1,50,8,-1,-1,-1,-1,-1,-1
201860W150036,2,9,0,18,0,0,0,0,0,0,0,1,6,2,50,8,-1,-1,-1,-1,-1,-1
201860W150036,3,9,0,18,0,0,0,0,0,0,1,1,6,2,40,7,-1,-1,-1,-1,-1,-1
201860W150036,4,20,0,18,0,0,0,0,0,0,0,1,1,2,50,8,-1,-1,-1,-1,-1,-1
201860W150087,1,5,0,13,0,1,5,0,7,0,4,1,6,1,65,9,-1,-1,-1,-1,-1,-1
201860W150087,2,9,0,9,0,5,0,0,0,0,3,1,6,2,42,7,-1,-1,-1,-1,-1,-1
201860W150152,1,9,0,18,0,0,0,0,0,0,1,1,6,1,81,11,-1,-1,-1,-1,-1,-1
201860W150155,1,9,0,18,0,0,0,0,0,0,4,1,6,2,54,8,-1,-1,-1,-1,-1,-1
201860W150169,1,3,0,18,0,8,5,0,0,0,1,1,6,1,31,6,-1,-1,-1,-1,-1,-1
201860W150329,1,9,0,9,0,8,0,0,0,0,1,1,6,3,-1,-1,-1,-1,-1,-1,-1,-1
201860W150329,2,8,0,17,0,8,0,0,7,1,1,1,1,1,47,8,-1,-1,-1,-1,-1,-1
201860W150487,1,9,0,9,0,8,0,0,0,0,1,1,6,1,71,10,-1,-1,-1,-1,-1,-1
201860W150487,2,3,0,18,0,8,0,0,0,0,4,1,6,1,24,5,-1,-1,-1,-1,-1,-1
201860W150567,1,9,0,18,0,0,0,0,0,0,1,1,6,1,-1,-1,-1,-1,-1,-1,-1,-1
201860W150567,2,9,0,18,0,0,0,0,0,0,2,1,6,2,34,6,-1,-1,-1,-1,-1,-1
201860W150649,1,9,0,17,0,8,0,0,0,0,1,1,6,1,43,7,-1,-1,-1,-1,-1,-1
201860W150649,2,5,0,16,0,8,0,0,0,0,1,1,6,1,21,5,-1,-1,-1,-1,-1,-1
201860W150661,1,9,0,18,0,0,0,0,0,0,3,1,2,1,22,5,-1,-1,-1,-1,-1,-1
201860W150988,1,9,0,17,0,1,1,0,1,11,1,1,2,1,54,8,-1,-1,-1,-1,-1,-1
201860W151142,1,9,0,4,9,0,0,0,0,0,1,1,6,2,-1,-1,-1,-1,-1,-1,-1,-1
201860W151630,1,9,0,18,0,0,0,0,0,0,1,1,6,2,81,11,-1,-1,-1,-1,-1,-1
201860W152158,1,98,0,18,0,0,0,0,0,0,0,1,1,3,-1,-1,-1,-1,-1,-1,-1,-1
201860W152228,1,9,0,18,0,0,0,0,0,0,1,1,6,3,-1,-1,-1,-1,-1,-1,-1,-1
201860W152228,2,1,0,18,0,0,5,0,0,0,2,1,6,2,51,8,-1,-1,-1,-1,-1,-1
201860W152235,1,97,0,18,0,0,0,0,0,0,1,1,6,1,22,5,-1,-1,-1,-1,-1,-1
201860W152808,1,5,0,18,0,0,2,0,0,0,0,1,1,1,40,7,-1,-1,-1,-1,-1,-1
201860W152945,1,9,0,18,0,1,0,0,0,0,1,1,6,2,40,7,-1,-1,-1,-1,-1,-1
201860W152945,2,9,0,10,0,1,0,0,0,0,2,1,6,2,47,8,-1,-1,-1,-1,-1,-1
201860W153060,1,9,0,4,0,1,0,0,0,0,1,1,6,1,-1,-1,-1,-1,-1,-1,-1,-1
201860W153060,2,9,0,3,0,1,0,0,0,0,2,1,6,2,43,7,-1,-1,-1,-1,-1,-1
201860W153070,1,3,0,16,0,0,1,10,1,10,1,1,6,1,30,6,-1,-1,-1,-1,-1,-1
201860W153088,1,9,0,17,0,1,0,0,0,0,4,1,6,2,29,6,-1,-1,-1,-1,-1,-1
201860W153175,1,9,0,18,0,0,0,0,2,0,1,1,6,1,18,4,-1,-1,-1,-1,-1,-1
201860W153175,2,9,0,18,0,0,0,0,0,0,4,1,6,1,62,9,-1,-1,-1,-1,-1,-1
201860W153253,1,9,0,14,0,0,0,7,0,0,4,1,6,1,29,6,-1,-1,-1,-1,-1,-1
201860W153253,2,9,0,16,0,0,0,10,2,0,3,1,6,2,22,5,-1,-1,-1,-1,-1,-1
201860W153579,1,10,0,17,0,2,5,0,1,11,4,1,6,1,32,6,-1,-1,-1,-1,-1,-1
201860W154053,1,1,0,18,0,4,0,0,0,0,1,1,6,1,46,8,-1,-1,-1,-1,-1,-1
201860W154053,2,9,0,9,0,8,0,0,0,0,1,1,6,1,62,9,-1,-1,-1,-1,-1,-1
201860W154055,1,9,0,18,0,0,0,0,0,0,1,1,6,1,21,5,-1,-1,-1,-1,-1,-1
201860W154055,2,9,0,18,0,0,0,0,0,0,2,1,6,1,33,6,-1,-1,-1,-1,-1,-1
201860W154402,1,9,0,16,0,0,2,0,2,10,4,1,2,2,38,7,-1,-1,-1,-1,-1,-1
201860W154402,2,21,0,17,0,0,0,0,1,10,1,1,1,1,67,10,-1,-1,-1,-1,-1,-1
201860W154645,1,2,0,18,0,1,0,0,0,0,1,1,6,2,20,4,-1,-1,-1,-1,-1,-1
201860W154645,2,9,0,4,0,1,0,0,0,0,2,1,6,1,33,6,-1,-1,-1,-1,-1,-1
201860W154936,1,9,0,16,0,1,0,10,1,0,3,1,6,1,49,8,-1,-1,-1,-1,-1,-1
201860W155158,1,9,0,9,0,2,0,0,0,0,1,1,6,1,26,6,-1,-1,-1,-1,-1,-1
201860W155360,1,9,0,18,0,0,0,0,0,0,1,1,6,2,55,8,-1,-1,-1,-1,-1,-1
201860W155468,1,9,0,18,0,0,0,0,0,0,1,1,2,2,56,9,-1,-1,-1,-1,-1,-1
201860W155597,1,9,0,18,0,2,0,0,0,0,1,1,6,1,24,5,-1,-1,-1,-1,-1,-1
201860W155597,2,9,0,18,0,1,0,0,0,0,0,1,6,1,45,7,-1,-1,-1,-1,-1,-1
201860W155945,1,9,0,18,0,0,0,0,0,0,1,1,6,2,51,8,-1,-1,-1,-1,-1,-1
201860W156434,1,3,0,16,0,0,1,0,0,0,1,1,6,1,16,4,-1,-1,-1,-1,-1,-1
201860W156434,2,9,0,17,0,0,0,0,0,0,1,1,6,2,35,6,-1,-1,-1,-1,-1,-1
201860W156625,1,5,0,18,0,0,0,0,0,0,1,1,2,1,43,7,-1,-1,-1,-1,-1,-1
201860W156625,2,9,0,4,0,0,0,0,0,0,2,1,2,1,57,9,-1,-1,-1,-1,-1,-1
201860W156625,3,9,0,4,0,0,0,0,0,0,0,1,6,3,-1,-1,-1,-1,-1,-1,-1,-1
201860W156756,1,9,0,18,0,0,5,0,0,0,0,1,6,2,56,9,-1,-1,-1,-1,-1,-1
201860W156988,1,9,0,18,0,0,1,0,0,0,1,1,6,1,20,4,-1,-1,-1,-1,-1,-1
201860W156988,2,9,0,18,0,0,0,0,0,0,1,1,6,2,65,9,-1,-1,-1,-1,-1,-1
201860W157085,1,2,0,16,0,0,1,10,1,0,0,1,2,1,16,4,-1,-1,-1,-1,-1,-1
201860W158171,1,20,0,18,0,8,0,0,0,0,1,1,1,1,53,8,-1,-1,-1,-1,-1,-1
201860W158171,2,9,0,18,0,8,0,0,1,2,3,1,6,2,31,6,-1,-1,-1,-1,-1,-1
201860W158205,1,9,0,18,0,0,0,0,0,0,1,1,1,1,73,10,-1,-1,-1,-1,-1,-1
201860W158205,2,9,0,3,0,0,0,0,0,0,2,1,6,1,78,11,-1,-1,-1,-1,-1,-1
201860W158205,3,9,0,3,0,0,0,0,0,0,2,1,6,1,27,6,-1,-1,-1,-1,-1,-1