Accident_Index,Vehicle_Reference,Vehicle_Type,Towing_and_Articulation,Vehicle_Manoeuvre,Vehicle_Location-Restricted_Lane,Junction_Location,Skidding_and_Overturning,Hit_Object_in_Carriageway,Vehicle_Leaving_Carriageway,Hit_Object_off_Carriageway,1st_Point_of_Impact,Was_Vehicle_Left_Hand_Drive?,Journey_Purpose_of_Driver,Sex_of_Driver,Age_of_Driver,Age_Band_of_Driver,Engine_Capacity_(CC),Propulsion_Code,Age_of_Vehicle,Driver_IMD_Decile,Driver_Home_Area_Type,Vehicle_IMD_Decile
201860W158205,4,9,0,3,0,0,0,0,0,0,2,1,6,2,40,7,-1,-1,-1,-1,-1,-1
201860W158292,1,9,0,16,0,0,0,0,8,11,1,1,6,2,20,4,-1,-1,-1,-1,-1,-1
201860W158598,1,9,0,18,0,0,0,0,0,0,4,1,6,1,86,11,-1,-1,-1,-1,-1,-1
201860W158598,2,1,0,18,0,0,0,0,0,0,3,1,6,1,52,8,-1,-1,-1,-1,-1,-1
201860W158724,1,9,0,4,0,1,0,0,0,0,1,1,6,2,23,5,-1,-1,-1,-1,-1,-1
201860W158724,2,9,0,4,0,1,0,0,0,0,2,1,6,1,70,10,-1,-1,-1,-1,-1,-1
201860W158762,1,9,0,18,0,2,1,0,7,11,1,1,6,1,28,6,-1,-1,-1,-1,-1,-1
201860W158762,2,9,0,18,0,8,0,0,0,0,4,1,1,2,21,5,-1,-1,-1,-1,-1,-1
201860W158775,1,9,0,7,0,5,0,0,0,0,1,1,6,2,-1,-1,-1,-1,-1,-1,-1,-1
201860W158918,1,9,0,18,0,1,0,0,0,0,1,1,6,1,-1,-1,-1,-1,-1,-1,-1,-1
201860W158918,2,9,0,18,0,8,0,0,7,11,4,1,1,1,49,8,-1,-1,-1,-1,-1,-1
201860W158960,1,9,0,18,0,1,5,10,1,0,4,1,1,2,46,8,-1,-1,-1,-1,-1,-1
201860W158993,1,5,0,18,0,0,0,0,4,6,3,1,2,1,55,8,-1,-1,-1,-1,-1,-1
201860W159169,1,5,0,3,0,0,0,0,0,0,1,1,6,1,18,4,-1,-1,-1,-1,-1,-1
201860W159169,2,9,0,18,0,0,0,0,0,0,1,1,6,2,-1,-1,-1,-1,-1,-1,-1,-1
201860W159218,1,9,0,18,0,1,0,0,0,0,1,1,6,2,19,4,-1,-1,-1,-1,-1,-1
201860W159218,2,9,0,3,0,1,0,0,0,0,2,1,6,2,63,9,-1,-1,-1,-1,-1,-1
201860W159218,3,8,0,9,0,6,0,0,0,0,0,1,1,1,34,6,-1,-1,-1,-1,-1,-1
201860W159477,1,9,0,18,0,0,0,0,0,0,1,1,2,1,20,4,-1,-1,-1,-1,-1,-1
201860W159477,2,9,0,4,0,0,0,0,0,0,2,1,2,1,53,8,-1,-1,-1,-1,-1,-1
201860W159477,3,9,0,4,0,0,0,0,0,0,2,1,2,1,29,6,-1,-1,-1,-1,-1,-1
201860W159479,1,9,0,16,0,0,1,0,0,0,1,1,2,1,19,4,-1,-1,-1,-1,-1,-1
201860W159479,2,9,0,17,0,0,0,0,0,0,1,1,1,1,47,8,-1,-1,-1,-1,-1,-1
201860W159603,1,9,0,17,0,0,0,0,1,11,1,1,6,1,18,4,-1,-1,-1,-1,-1,-1
201860W159662,1,9,0,18,0,1,0,0,0,0,4,1,6,1,61,9,-1,-1,-1,-1,-1,-1
201860W159719,1,9,0,9,0,6,0,0,0,0,1,1,6,1,34,6,-1,-1,-1,-1,-1,-1
201860W159719,2,9,0,18,0,1,0,0,0,0,4,1,6,1,36,7,-1,-1,-1,-1,-1,-1
201860W159726,1,9,0,18,0,1,0,0,0,0,1,1,6,1,79,11,-1,-1,-1,-1,-1,-1
201860W159726,2,9,0,3,0,1,0,0,0,0,2,1,2,2,58,9,-1,-1,-1,-1,-1,-1
201860W159740,1,19,0,18,0,8,0,0,0,0,4,1,1,1,31,6,-1,-1,-1,-1,-1,-1
201860W159740,2,8,0,18,0,8,0,0,0,0,3,1,1,2,35,6,-1,-1,-1,-1,-1,-1
201860W159793,1,9,0,18,0,2,0,0,0,0,1,1,6,1,24,5,-1,-1,-1,-1,-1,-1
201860W159793,2,9,0,3,0,2,0,0,0,0,2,1,6,2,26,6,-1,-1,-1,-1,-1,-1
201860W159821,1,9,0,17,0,1,0,0,0,0,1,1,6,2,18,4,-1,-1,-1,-1,-1,-1
201860W159821,2,9,0,16,0,1,0,0,0,0,1,1,6,1,19,4,-1,-1,-1,-1,-1,-1
201860W159824,1,9,0,18,0,0,5,12,1,4,3,1,2,1,27,6,-1,-1,-1,-1,-1,-1
201860W160164,1,98,0,16,0,0,2,0,0,0,1,1,1,1,26,6,-1,-1,-1,-1,-1,-1
201860W160164,2,8,0,17,0,0,0,0,0,0,1,1,1,1,69,10,-1,-1,-1,-1,-1,-1
201860W160238,1,9,0,18,0,0,0,0,0,0,1,1,1,1,42,7,-1,-1,-1,-1,-1,-1
201860W160238,2,9,0,4,0,0,0,0,0,0,2,1,6,2,36,7,-1,-1,-1,-1,-1,-1
201860W160388,1,9,0,18,0,8,0,0,3,11,3,1,6,1,17,4,-1,-1,-1,-1,-1,-1
201860W160388,2,10,0,18,0,8,0,0,7,11,1,1,6,2,22,5,-1,-1,-1,-1,-1,-1
201860W160694,1,9,0,18,0,0,0,0,0,0,1,1,6,1,36,7,-1,-1,-1,-1,-1,-1
201860W160694,2,9,0,18,0,0,0,0,0,0,1,1,6,1,23,5,-1,-1,-1,-1,-1,-1
201860W160694,3,9,0,4,0,0,0,0,0,0,2,1,6,1,63,9,-1,-1,-1,-1,-1,-1
201860W161007,1,9,0,18,0,0,0,0,0,0,1,1,2,1,27,6,-1,-1,-1,-1,-1,-1
201860W161132,1,9,0,17,0,0,1,0,1,11,1,1,6,1,74,10,-1,-1,-1,-1,-1,-1
201860W161186,1,9,0,18,0,4,1,0,0,0,1,1,6,1,29,6,-1,-1,-1,-1,-1,-1
201860W161186,2,9,0,18,0,4,0,0,0,0,2,1,6,2,30,6,-1,-1,-1,-1,-1,-1
201860W161257,1,9,0,16,0,0,1,0,7,4,4,1,6,1,20,4,-1,-1,-1,-1,-1,-1
201860W161699,1,9,0,16,0,0,1,0,0,0,1,1,6,2,36,7,-1,-1,-1,-1,-1,-1
201860W161699,2,9,0,18,0,0,0,0,0,0,1,1,6,2,72,10,-1,-1,-1,-1,-1,-1
201860W161830,1,9,0,5,0,0,0,0,0,0,1,1,2,1,44,7,-1,-1,-1,-1,-1,-1
201860W161830,2,9,0,3,0,0,0,0,0,0,2,1,6,1,26,6,-1,-1,-1,-1,-1,-1
201860W161839,1,9,0,18,0,1,0,0,0,0,1,1,6,2,-1,-1,-1,-1,-1,-1,-1,-1
201860W161839,2,9,0,3,0,1,1,0,1,7,2,1,6,2,49,8,-1,-1,-1,-1,-1,-1
201860W161848,1,9,0,18,0,2,5,4,0,0,1,1,6,1,37,7,-1,-1,-1,-1,-1,-1
201860W161848,2,9,0,2,0,2,0,0,0,0,2,1,6,2,35,6,-1,-1,-1,-1,-1,-1
201860W162050,1,9,0,18,0,0,0,0,0,0,4,1,3,2,-1,-1,-1,-1,-1,-1,-1,-1
201860W162059,1,9,0,4,0,0,0,0,0,0,4,1,2,1,18,4,-1,-1,-1,-1,-1,-1
201860W162067,1,9,0,9,0,6,0,0,0,0,1,1,6,2,83,11,-1,-1,-1,-1,-1,-1
201860W162067,2,9,0,18,0,1,0,0,0,0,3,1,6,1,41,7,-1,-1,-1,-1,-1,-1
201860W162082,1,19,0,5,0,6,0,0,0,0,4,1,1,1,70,10,-1,-1,-1,-1,-1,-1
201860W162082,2,9,0,18,0,2,0,0,0,0,3,1,1,2,42,7,-1,-1,-1,-1,-1,-1
201860W162894,1,9,0,7,0,4,0,0,0,0,1,1,6,3,-1,-1,-1,-1,-1,-1,-1,-1
201860W162945,1,9,0,18,0,0,0,0,0,0,1,1,6,1,40,7,-1,-1,-1,-1,-1,-1
201860W162945,2,9,0,18,0,0,0,0,0,0,2,1,6,1,23,5,-1,-1,-1,-1,-1,-1
201860W163119,1,9,0,18,0,0,0,10,1,11,4,1,6,1,84,11,-1,-1,-1,-1,-1,-1
201860W163294,1,9,0,16,0,0,1,4,0,0,1,1,2,1,56,9,-1,-1,-1,-1,-1,-1
201860W163294,2,19,0,2,0,0,0,0,0,0,2,1,2,1,22,5,-1,-1,-1,-1,-1,-1
201860W163533,1,10,0,10,0,1,0,0,0,0,1,1,1,1,41,7,-1,-1,-1,-1,-1,-1
201860W163533,2,9,0,5,0,1,0,0,0,0,1,1,2,2,52,8,-1,-1,-1,-1,-1,-1
201860W163664,1,9,0,11,0,1,0,0,1,11,1,1,6,1,49,8,-1,-1,-1,-1,-1,-1
201860W163825,1,9,0,14,0,0,0,0,0,0,4,1,6,3,-1,-1,-1,-1,-1,-1,-1,-1
201860W163825,2,9,0,2,0,0,0,0,0,0,4,1,6,2,33,6,-1,-1,-1,-1,-1,-1
201860W163827,1,9,0,4,0,0,0,0,0,0,1,1,6,1,26,6,-1,-1,-1,-1,-1,-1
201860W163827,2,9,0,4,0,0,0,0,0,0,2,1,6,1,37,7,-1,-1,-1,-1,-1,-1
201860W163827,3,9,0,4,0,0,0,0,0,0,2,1,6,2,73,10,-1,-1,-1,-1,-1,-1
201860W164626,1,9,0,17,0,0,0,0,1,3,1,1,6,1,17,4,-1,-1,-1,-1,-1,-1
201860W164646,1,20,0,17,0,0,0,0,0,0,4,1,1,1,48,8,-1,-1,-1,-1,-1,-1
201860W164783,1,9,0,9,0,5,0,0,0,0,4,1,6,2,71,10,-1,-1,-1,-1,-1,-1
201860W164783,2,9,0,18,0,1,0,0,0,0,1,1,6,1,33,6,-1,-1,-1,-1,-1,-1
201860W164949,1,19,0,9,0,6,0,0,0,0,1,1,6,1,44,7,-1,-1,-1,-1,-1,-1
201860W164949,2,9,0,18,0,1,0,0,0,0,1,1,6,1,49,8,-1,-1,-1,-1,-1,-1
201860W165688,1,9,0,17,0,4,0,0,0,0,1,1,2,1,50,8,-1,-1,-1,-1,-1,-1
201860W165688,2,9,0,18,0,8,0,0,0,0,4,1,2,1,20,4,-1,-1,-1,-1,-1,-1
201860W165749,1,9,0,9,0,5,0,0,0,0,1,1,6,2,72,10,-1,-1,-1,-1,-1,-1
201860W165749,2,9,0,18,0,1,2,0,0,0,1,1,6,1,29,6,-1,-1,-1,-1,-1,-1
201860W166128,1,19,0,18,0,4,0,0,0,0,1,1,1,1,59,9,-1,-1,-1,-1,-1,-1
201860W166128,2,9,0,3,0,4,0,0,0,0,2,1,2,1,53,8,-1,-1,-1,-1,-1,-1
201860W166282,1,19,0,7,0,6,0,0,0,0,3,1,1,1,55,8,-1,-1,-1,-1,-1,-1
201860W166282,2,9,0,18,0,8,0,0,0,0,4,1,6,1,43,7,-1,-1,-1,-1,-1,-1
201860W166548,1,9,0,11,0,0,0,0,0,0,4,1,6,1,58,9,-1,-1,-1,-1,-1,-1
201860W166548,2,9,0,4,0,0,0,0,0,0,3,1,6,2,26,6,-1,-1,-1,-1,-1,-1
201860W166605,1,9,0,13,0,0,0,0,0,0,1,1,6,1,39,7,-1,-1,-1,-1,-1,-1
201860W166605,2,9,0,18,0,0,0,0,0,0,1,1,6,1,65,9,-1,-1,-1,-1,-1,-1
201860W167047,1,9,0,9,0,5,0,0,0,0,3,1,6,2,37,7,-1,-1,-1,-1,-1,-1
201860W167120,1,9,0,9,0,1,0,0,0,0,1,1,6,2,18,4,-1,-1,-1,-1,-1,-1
201860W167120,2,98,0,7,0,1,0,0,0,0,1,1,1,1,43,7,-1,-1,-1,-1,-1,-1
201860W167167,1,9,0,5,0,4,0,0,0,0,1,1,6,1,70,10,-1,-1,-1,-1,-1,-1
201860W167167,2,1,0,18,0,8,0,0,0,0,4,1,6,1,75,10,-1,-1,-1,-1,-1,-1
201860W167204,1,9,0,18,0,0,0,0,0,0,3,1,6,1,77,11,-1,-1,-1,-1,-1,-1
201860W167508,1,9,0,18,0,0,1,4,0,0,4,1,6,1,19,4,-1,-1,-1,-1,-1,-1
201860W167508,2,9,0,2,0,0,0,0,0,0,4,1,6,1,37,7,-1,-1,-1,-1,-1,-1
201860W167715,1,9,0,18,0,0,0,0,0,0,1,1,6,1,76,11,-1,-1,-1,-1,-1,-1
201860W167715,2,9,0,2,0,0,0,0,0,0,2,1,6,1,56,9,-1,-1,-1,-1,-1,-1
201860W167795,1,9,0,18,0,0,0,0,0,0,4,1,6,3,-1,-1,-1,-1,-1,-1,-1,-1
201860W168436,1,9,0,18,0,0,0,0,7,11,1,1,6,1,21,5,-1,-1,-1,-1,-1,-1
201860W168663,1,9,0,9,0,2,0,0,0,0,1,1,6,2,29,6,-1,-1,-1,-1,-1,-1
201860W168866,1,9,0,18,0,4,0,0,0,0,1,1,2,2,72,10,-1,-1,-1,-1,-1,-1
201860W168866,2,1,0,17,0,8,0,0,0,0,4,1,2,1,39,7,-1,-1,-1,-1,-1,-1
201860W169089,1,9,0,5,0,2,0,0,0,0,1,1,6,2,35,6,-1,-1,-1,-1,-1,-1
201860W169089,2,9,0,16,0,1,0,10,7,11,1,1,6,2,24,5,-1,-1,-1,-1,-1,-1
201860W169361,1,9,0,18,0,8,0,0,0,0,1,1,6,1,20,4,-1,-1,-1,-1,-1,-1
201860W169361,2,9,0,18,0,8,0,0,0,0,4,1,6,2,45,7,-1,-1,-1,-1,-1,-1
201860W169435,1,21,1,18,0,0,5,0,1,0,4,1,1,1,39,7,-1,-1,-1,-1,-1,-1
201860W169444,1,98,0,9,0,8,0,0,0,0,1,1,1,1,35,6,-1,-1,-1,-1,-1,-1
201860W169444,2,9,0,18,0,1,0,0,0,0,1,1,2,1,24,5,-1,-1,-1,-1,-1,-1
201860W169787,1,9,0,12,0,2,0,0,0,0,3,1,6,1,45,7,-1,-1,-1,-1,-1,-1
201860W169787,2,9,0,18,0,2,0,0,0,0,1,1,1,1,55,8,-1,-1,-1,-1,-1,-1
201860W169984,1,9,0,14,0,2,1,0,0,0,0,1,1,1,70,10,-1,-1,-1,-1,-1,-1
201860W170004,1,9,0,9,0,8,0,0,0,0,4,1,6,1,25,5,-1,-1,-1,-1,-1,-1
201860W170004,2,9,0,18,0,8,0,0,0,0,1,1,6,2,69,10,-1,-1,-1,-1,-1,-1
201860W170004,3,9,0,10,0,8,0,0,0,0,1,1,2,2,34,6,-1,-1,-1,-1,-1,-1
201860W170264,1,9,0,6,0,0,0,0,0,0,3,1,6,1,49,8,-1,-1,-1,-1,-1,-1
201860W170264,2,5,0,18,0,0,0,0,0,0,1,1,6,1,53,8,-1,-1,-1,-1,-1,-1
201860W170342,1,9,0,18,0,0,1,0,0,0,1,1,6,2,21,5,-1,-1,-1,-1,-1,-1
201860W170487,1,9,0,18,0,0,2,0,0,0,1,1,1,1,38,7,-1,-1,-1,-1,-1,-1
201860W170487,2,11,0,18,0,0,0,0,0,0,4,1,1,1,61,9,-1,-1,-1,-1,-1,-1
201860W170491,1,21,1,12,0,1,0,0,0,0,3,1,1,1,66,10,-1,-1,-1,-1,-1,-1
201860W170491,2,9,0,18,0,1,0,0,1,4,4,1,6,1,47,8,-1,-1,-1,-1,-1,-1
201860W170654,1,9,0,9,0,1,0,0,0,0,3,1,6,1,-1,-1,-1,-1,-1,-1,-1,-1
201860W170654,2,2,0,18,0,1,0,0,0,0,1,1,6,1,17,4,-1,-1,-1,-1,-1,-1
201860W170754,1,9,0,18,0,0,0,0,0,0,1,1,2,2,33,6,-1,-1,-1,-1,-1,-1
201860W170754,2,9,0,4,0,0,0,0,0,0,2,1,6,2,73,10,-1,-1,-1,-1,-1,-1
201860W170754,3,9,0,4,0,0,0,0,0,0,2,1,6,2,32,6,-1,-1,-1,-1,-1,-1
201860W170818,1,9,0,18,0,0,0,0,0,0,1,1,6,3,-1,-1,-1,-1,-1,-1,-1,-1
201860W170818,2,9,0,18,0,0,0,0,0,0,1,1,6,1,44,7,-1,-1,-1,-1,-1,-1
201860W171269,1,9,0,18,0,1,0,0,0,0,3,1,6,2,65,9,-1,-1,-1,-1,-1,-1
201860W171269,2,9,0,10,0,5,0,0,0,0,1,1,6,1,32,6,-1,-1,-1,-1,-1,-1
201860W171340,1,9,0,10,0,5,0,0,0,0,1,1,6,1,38,7,-1,-1,-1,-1,-1,-1
201860W171340,2,9,0,18,0,1,0,0,0,0,1,1,6,1,24,5,-1,-1,-1,-1,-1,-1
201860W171402,1,9,0,16,0,2,0,0,0,0,1,1,1,1,35,6,-1,-1,-1,-1,-1,-1
201860W171434,1,9,0,15,0,0,0,0,0,0,1,1,6,2,44,7,-1,-1,-1,-1,-1,-1
201860W171434,2,9,0,3,0,0,0,0,0,0,0,1,6,1,25,5,-1,-1,-1,-1,-1,-1
201860W171667,1,9,0,18,0,1,0,0,0,0,1,1,6,2,18,4,-1,-1,-1,-1,-1,-1
201860W171667,2,9,0,3,0,1,0,0,0,0,2,1,6,2,20,4,-1,-1,-1,-1,-1,-1
201860W171667,3,9,0,3,0,1,0,0,0,0,2,1,6,1,45,7,-1,-1,-1,-1,-1,-1
201860W172018,1,9,0,16,0,1,1,0,0,0,1,1,6,2,25,5,-1,-1,-1,-1,-1,-1
201860W172018,2,9,0,17,0,1,0,0,0,0,1,1,1,1,56,9,-1,-1,-1,-1,-1,-1
201860W172036,1,1,0,18,0,1,0,0,0,0,1,1,4,1,16,4,-1,-1,-1,-1,-1,-1
201860W172036,2,9,0,18,0,1,0,0,0,0,2,1,2,2,50,8,-1,-1,-1,-1,-1,-1
201860W172404,1,9,0,18,0,0,0,0,0,0,1,1,6,1,22,5,-1,-1,-1,-1,-1,-1
201860W172612,1,9,0,18,0,1,0,0,1,11,4,1,6,2,59,9,-1,-1,-1,-1,-1,-1
201860W172612,2,9,0,18,0,1,0,0,1,0,1,1,6,1,64,9,-1,-1,-1,-1,-1,-1
201860W172731,1,9,0,17,0,3,0,0,0,0,1,1,6,1,20,4,-1,-1,-1,-1,-1,-1
201860W172731,2,9,0,17,0,3,0,0,0,0,2,1,6,2,49,8,-1,-1,-1,-1,-1,-1
201860W173039,1,98,0,9,0,5,0,0,0,0,1,1,1,1,22,5,-1,-1,-1,-1,-1,-1
201860W173039,2,4,0,7,0,5,0,0,0,0,1,1,1,1,39,7,-1,-1,-1,-1,-1,-1
201860W173235,1,9,0,9,0,6,0,0,0,0,1,1,6,1,76,11,-1,-1,-1,-1,-1,-1
201860W173235,2,9,0,18,0,1,0,0,0,0,1,1,6,1,72,10,-1,-1,-1,-1,-1,-1
201860W173309,1,9,0,18,0,8,0,0,0,0,1,1,6,2,23,5,-1,-1,-1,-1,-1,-1
201860W173309,2,9,0,18,0,8,0,0,8,2,4,1,6,1,69,10,-1,-1,-1,-1,-1,-1
201860W173754,1,90,0,17,0,1,1,0,1,11,4,1,1,1,45,7,-1,-1,-1,-1,-1,-1
201860W173821,1,9,0,16,0,0,1,0,8,11,3,1,6,2,20,4,-1,-1,-1,-1,-1,-1
201860W173942,1,19,0,18,0,0,0,0,1,0,1,1,1,1,53,8,-1,-1,-1,-1,-1,-1
201860W174041,1,9,0,18,0,1,5,0,0,0,1,1,6,1,82,11,-1,-1,-1,-1,-1,-1
201860W174041,2,9,0,2,0,2,0,0,0,0,3,1,6,2,70,10,-1,-1,-1,-1,-1,-1
201860W174041,3,9,0,2,0,2,0,0,0,0,4,1,6,2,82,11,-1,-1,-1,-1,-1,-1
201860W174058,1,9,0,18,0,3,0,0,0,0,0,1,6,1,69,10,-1,-1,-1,-1,-1,-1
201860W174058,2,1,0,18,0,3,0,0,0,0,0,1,6,1,55,8,-1,-1,-1,-1,-1,-1
201860W174597,1,5,0,17,0,0,1,0,7,11,3,1,6,1,41,7,-1,-1,-1,-1,-1,-1
201860W174610,1,9,0,17,0,0,1,0,1,11,4,1,6,2,19,4,-1,-1,-1,-1,-1,-1
201860W174789,1,9,0,9,0,1,0,0,0,0,1,1,6,2,75,10,-1,-1,-1,-1,-1,-1
201860W174789,2,9,0,18,0,1,0,0,0,0,1,1,6,2,-1,-1,-1,-1,-1,-1,-1,-1
201860W175291,1,9,0,18,0,0,0,0,0,0,2,1,6,1,21,5,-1,-1,-1,-1,-1,-1
201860W175291,2,3,0,18,3,0,2,0,0,0,1,1,6,1,18,4,-1,-1,-1,-1,-1,-1
201860W175632,1,9,0,18,0,0,0,0,0,0,1,2,6,2,51,8,-1,-1,-1,-1,-1,-1
201860W175718,1,9,0,7,0,3,0,0,0,0,1,1,6,1,61,9,-1,-1,-1,-1,-1,-1
201860W175751,1,9,0,17,0,8,0,0,0,0,1,1,6,3,-1,-1,-1,-1,-1,-1,-1,-1
201860W175899,1,9,0,17,0,0,0,0,0,0,1,1,2,2,47,8,-1,-1,-1,-1,-1,-1
201860W176308,1,9,0,16,0,0,0,0,8,11,1,1,6,1,57,9,-1,-1,-1,-1,-1,-1
201860W176355,1,9,0,16,0,0,0,0,0,0,1,1,6,1,37,7,-1,-1,-1,-1,-1,-1
201860W176355,2,9,0,17,0,0,0,0,0,0,2,1,2,2,61,9,-1,-1,-1,-1,-1,-1
201860W176355,3,9,0,17,0,0,0,0,0,0,2,1,6,1,41,7,-1,-1,-1,-1,-1,-1
201860W176362,1,9,0,18,0,4,0,0,0,0,1,1,6,2,55,8,-1,-1,-1,-1,-1,-1
201860W176362,2,1,0,18,0,8,0,0,0,0,4,1,6,1,45,7,-1,-1,-1,-1,-1,-1
201860W176889,1,9,0,9,0,8,0,0,0,0,1,1,6,1,35,6,-1,-1,-1,-1,-1,-1
201860W176889,2,1,0,18,0,8,0,0,0,0,1,1,6,2,32,6,-1,-1,-1,-1,-1,-1
201860W177088,1,9,0,18,0,8,0,0,0,0,1,1,6,1,27,6,-1,-1,-1,-1,-1,-1
201860W177088,2,9,0,18,0,8,0,0,0,0,1,1,6,1,21,5,-1,-1,-1,-1,-1,-1
201860W177088,3,9,0,3,0,1,0,0,0,0,1,1,6,2,26,6,-1,-1,-1,-1,-1,-1
201860W177088,4,98,0,3,0,1,0,0,0,0,1,1,6,1,31,6,-1,-1,-1,-1,-1,-1
201860W177493,1,9,0,9,0,6,0,0,0,0,3,1,6,2,77,11,-1,-1,-1,-1,-1,-1
201860W177493,2,1,0,18,0,1,0,0,0,0,1,1,2,1,46,8,-1,-1,-1,-1,-1,-1
201860W178096,1,9,0,17,0,0,5,0,0,0,1,1,6,2,59,9,-1,-1,-1,-1,-1,-1
201860W178096,2,9,0,16,0,0,0,0,0,0,3,1,6,1,31,6,-1,-1,-1,-1,-1,-1
201860W178101,1,9,0,7,0,6,0,0,0,0,1,1,6,1,61,9,-1,-1,-1,-1,-1,-1
201860W178436,1,9,0,14,0,1,0,10,7,10,1,1,6,1,19,4,-1,-1,-1,-1,-1,-1
201860W178534,1,9,4,16,0,0,0,0,0,0,3,1,6,1,31,6,-1,-1,-1,-1,-1,-1
201860W178534,2,9,0,18,0,0,0,0,0,0,1,1,6,2,32,6,-1,-1,-1,-1,-1,-1
201860W178635,1,9,0,18,0,0,0,0,0,0,1,1,6,2,33,6,-1,-1,-1,-1,-1,-1
201860W178635,2,9,0,18,0,0,0,0,0,0,1,1,6,2,48,8,-1,-1,-1,-1,-1,-1
201860W178686,1,10,0,4,0,0,0,0,0,0,1,1,2,2,26,6,-1,-1,-1,-1,-1,-1
201860W178686,2,9,0,4,0,0,0,0,0,0,2,1,2,1,42,7,-1,-1,-1,-1,-1,-1
201860W178805,1,9,0,17,0,0,1,0,7,11,3,1,6,1,38,7,-1,-1,-1,-1,-1,-1
201860W178874,1,9,0,17,0,0,1,7,7,11,1,1,6,1,25,5,-1,-1,-1,-1,-1,-1
201860W179097,1,90,0,18,0,6,0,0,0,0,1,1,6,3,-1,-1,-1,-1,-1,-1,-1,-1
201860W179097,2,1,0,17,0,2,0,0,0,0,2,1,6,1,28,6,-1,-1,-1,-1,-1,-1
201860W179116,1,11,0,4,0,0,0,0,0,0,0,1,3,1,64,9,-1,-1,-1,-1,-1,-1
201860W179129,1,9,0,18,0,4,0,0,0,0,1,1,6,1,53,8,-1,-1,-1,-1,-1,-1
201860W179129,2,3,0,18,0,8,0,0,0,0,3,1,6,1,53,8,-1,-1,-1,-1,-1,-1
201860W179400,1,9,0,15,0,0,0,0,0,0,4,1,6,3,-1,-1,-1,-1,-1,-1,-1,-1
201860W179400,2,1,0,18,0,0,0,0,0,0,3,1,6,1,32,6,-1,-1,-1,-1,-1,-1
201860W179401,1,9,0,18,0,0,0,0,0,0,1,1,2,1,40,7,-1,-1,-1,-1,-1,-1
201860W179401,2,9,0,4,0,0,0,0,0,0,2,1,2,1,40,7,-1,-1,-1,-1,-1,-1
201860W179961,1,9,0,17,0,0,1,0,8,11,3,1,6,1,81,11,-1,-1,-1,-1,-1,-1
201860W179966,1,9,0,18,0,0,0,0,0,0,4,1,6,3,-1,-1,-1,-1,-1,-1,-1,-1
201860W179990,1,98,0,4,0,0,1,0,0,0,1,1,1,1,50,8,-1,-1,-1,-1,-1,-1
201860W179990,2,9,0,3,0,0,2,0,0,0,2,1,1,1,40,7,-1,-1,-1,-1,-1,-1
201860W179990,3,98,1,3,0,0,0,0,0,0,2,1,6,1,82,11,-1,-1,-1,-1,-1,-1
201860W180146,1,9,0,14,0,2,0,0,0,0,4,1,2,1,59,9,-1,-1,-1,-1,-1,-1
201860W180146,2,9,0,4,0,2,0,0,0,0,0,1,2,2,28,6,-1,-1,-1,-1,-1,-1
201860W180255,1,9,0,16,0,0,2,0,7,9,1,1,2,1,20,4,-1,-1,-1,-1,-1,-1
201860W180357,1,9,0,16,0,1,2,0,1,7,1,1,6,1,29,6,-1,-1,-1,-1,-1,-1
201860W180424,1,9,0,17,0,0,1,0,1,10,3,1,6,1,17,4,-1,-1,-1,-1,-1,-1
201860W180424,2,9,0,18,0,0,0,0,0,0,1,1,6,2,42,7,-1,-1,-1,-1,-1,-1
201860W180628,1,9,0,4,0,0,0,0,0,0,1,1,6,1,88,11,-1,-1,-1,-1,-1,-1
201860W180628,2,9,0,4,0,0,0,0,0,0,2,1,1,1,25,5,-1,-1,-1,-1,-1,-1
201860W181136,1,9,0,7,0,6,0,0,0,0,4,1,1,2,38,7,-1,-1,-1,-1,-1,-1
201860W181136,2,1,0,18,0,1,0,0,0,0,1,1,6,2,36,7,-1,-1,-1,-1,-1,-1
201860W181172,1,9,0,18,0,0,0,0,0,0,1,1,6,1,20,4,-1,-1,-1,-1,-1,-1
201860W181172,2,9,0,18,0,0,0,0,1,11,1,1,6,2,34,6,-1,-1,-1,-1,-1,-1
201860W181172,3,9,0,18,0,0,0,0,0,0,3,1,6,2,34,6,-1,-1,-1,-1,-1,-1
201860W181480,1,9,0,16,0,1,1,0,7,0,1,1,6,1,33,6,-1,-1,-1,-1,-1,-1
201860W181480,2,98,0,17,0,1,0,0,0,0,2,1,1,1,39,7,-1,-1,-1,-1,-1,-1
201860W181714,1,9,0,7,0,6,0,0,0,0,1,1,6,1,86,11,-1,-1,-1,-1,-1,-1
201860W181714,2,9,0,18,0,1,0,0,7,0,1,1,6,1,77,11,-1,-1,-1,-1,-1,-1
201860W182186,1,9,0,18,0,1,0,0,0,0,4,1,6,2,45,7,-1,-1,-1,-1,-1,-1
201860W182930,1,9,0,18,0,0,5,0,1,11,4,1,6,2,20,4,-1,-1,-1,-1,-1,-1
201860W183106,1,9,0,17,0,0,1,0,8,4,1,1,6,1,18,4,-1,-1,-1,-1,-1,-1
201860W184228,1,9,0,18,0,2,0,0,1,7,3,1,6,2,32,6,-1,-1,-1,-1,-1,-1
201860W184228,2,19,0,18,0,2,0,0,1,7,4,1,6,1,64,9,-1,-1,-1,-1,-1,-1
201860W184372,1,9,0,18,0,8,0,6,5,6,1,1,6,1,21,5,-1,-1,-1,-1,-1,-1
201860W184386,1,9,0,18,0,0,0,0,0,0,1,1,2,1,31,6,-1,-1,-1,-1,-1,-1
201860W184386,2,9,0,18,0,0,0,0,0,0,2,1,6,2,36,7,-1,-1,-1,-1,-1,-1
201860W184671,1,9,0,18,0,4,0,0,0,0,3,1,6,2,31,6,-1,-1,-1,-1,-1,-1
201860W184671,2,1,0,18,0,4,2,0,0,0,1,1,6,1,58,9,-1,-1,-1,-1,-1,-1
201860W184671,3,1,0,17,0,4,2,0,0,0,1,1,6,2,54,8,-1,-1,-1,-1,-1,-1
201860W184687,1,9,0,18,0,1,0,0,0,0,4,1,1,2,36,7,-1,-1,-1,-1,-1,-1
201860W184687,2,9,0,5,9,8,0,0,0,0,3,1,6,2,83,11,-1,-1,-1,-1,-1,-1
201860W184720,1,9,0,17,0,0,0,0,7,11,1,1,6,1,27,6,-1,-1,-1,-1,-1,-1
201860W184755,1,97,0,18,0,2,0,0,7,0,4,1,6,1,59,9,-1,-1,-1,-1,-1,-1