Accident_Index,Vehicle_Reference,Vehicle_Type,Towing_and_Articulation,Vehicle_Manoeuvre,Vehicle_Location-Restricted_Lane,Junction_Location,Skidding_and_Overturning,Hit_Object_in_Carriageway,Vehicle_Leaving_Carriageway,Hit_Object_off_Carriageway,1st_Point_of_Impact,Was_Vehicle_Left_Hand_Drive?,Journey_Purpose_of_Driver,Sex_of_Driver,Age_of_Driver,Age_Band_of_Driver,Engine_Capacity_(CC),Propulsion_Code,Age_of_Vehicle,Driver_IMD_Decile,Driver_Home_Area_Type,Vehicle_IMD_Decile
201860W184755,2,1,0,12,0,2,0,0,7,0,3,1,6,1,11,3,-1,-1,-1,-1,-1,-1
201860W184985,1,9,0,16,0,0,1,0,0,0,1,1,6,1,18,4,-1,-1,-1,-1,-1,-1
201860W184985,2,19,0,17,0,0,0,0,1,4,1,1,6,1,62,9,-1,-1,-1,-1,-1,-1
201860W184985,3,9,0,16,0,0,1,0,0,0,1,1,6,1,17,4,-1,-1,-1,-1,-1,-1
201860W184985,4,9,0,16,0,0,1,0,0,0,1,1,6,1,17,4,-1,-1,-1,-1,-1,-1
201860W184990,1,3,0,10,0,2,0,0,0,0,3,1,6,1,25,5,-1,-1,-1,-1,-1,-1
201860W185018,1,97,0,18,0,1,0,0,0,0,1,1,6,1,17,4,-1,-1,-1,-1,-1,-1
201860W185018,2,9,0,9,0,6,0,0,0,0,2,1,1,1,45,7,-1,-1,-1,-1,-1,-1
201860W185443,1,9,0,18,0,7,0,0,0,0,4,1,6,1,22,5,-1,-1,-1,-1,-1,-1
201860W185443,2,1,0,18,0,1,0,0,0,0,3,1,6,1,27,6,-1,-1,-1,-1,-1,-1
201860W185527,1,9,0,16,0,0,0,0,0,0,2,1,2,1,19,4,-1,-1,-1,-1,-1,-1
201860W185527,2,9,0,17,0,0,0,0,0,0,1,1,1,1,57,9,-1,-1,-1,-1,-1,-1
201860W185590,1,9,0,17,0,0,0,0,0,0,4,1,6,1,75,10,-1,-1,-1,-1,-1,-1
201860W196236,1,9,0,4,0,1,0,0,0,0,1,1,6,1,79,11,-1,-1,-1,-1,-1,-1
201860W196332,1,9,0,13,0,0,0,0,0,0,4,1,6,1,65,9,-1,-1,-1,-1,-1,-1
201860W196332,2,1,0,18,0,0,0,0,0,0,3,1,6,2,44,7,-1,-1,-1,-1,-1,-1
201860W197086,1,19,0,13,0,1,0,0,0,0,1,1,1,1,24,5,-1,-1,-1,-1,-1,-1
201860W197086,2,9,0,7,0,6,0,0,0,0,1,1,6,2,19,4,-1,-1,-1,-1,-1,-1
201860W197086,3,17,4,18,0,1,0,0,0,0,0,1,1,1,71,10,-1,-1,-1,-1,-1,-1
2018610000118,1,9,0,18,0,1,0,0,0,0,1,1,6,1,82,11,1798,1,14,-1,1,-1
2018610000118,2,8,0,18,0,1,0,4,0,0,3,1,1,1,48,8,1686,2,6,-1,1,-1
2018610000118,3,9,0,2,0,1,0,4,0,0,2,1,6,2,68,10,1796,1,11,-1,1,-1
2018610000118,4,9,0,2,0,1,0,10,0,0,2,1,6,2,41,7,1461,2,5,-1,1,-1
2018610000218,1,9,0,2,0,0,0,0,0,0,3,1,6,2,33,6,1798,1,10,-1,1,-1
2018610000218,2,9,0,18,0,0,0,8,0,0,1,1,6,1,23,5,2688,2,15,-1,1,-1
2018610000318,1,9,0,18,0,1,0,0,0,0,1,1,6,1,22,5,1560,2,4,-1,1,-1
2018610000318,2,9,0,9,0,1,0,0,0,0,3,1,6,2,29,6,998,1,8,-1,1,-1
2018610000318,3,9,0,2,0,1,0,0,0,0,3,1,6,1,45,7,1599,1,15,-1,1,-1
2018610000418,1,9,0,18,0,0,0,0,7,10,1,1,6,1,35,6,1560,2,5,-1,1,-1
2018610000418,2,9,0,5,0,0,0,0,7,10,3,1,6,1,23,5,-1,-1,-1,-1,-1,-1
2018610000518,1,9,0,18,0,0,0,0,0,0,4,1,6,1,42,7,1998,1,12,-1,1,-1
2018610000618,1,20,0,18,0,0,0,0,0,0,2,1,1,1,59,9,4580,2,1,-1,1,-1
2018610000618,2,9,0,18,0,0,0,0,0,0,1,1,6,1,39,7,1598,1,12,-1,1,-1
2018610000618,3,9,0,18,0,0,0,0,0,0,0,1,6,3,-1,-1,-1,-1,-1,-1,-1,-1
2018610000718,1,9,0,3,0,3,0,0,0,0,2,1,2,2,32,6,1956,2,7,-1,1,-1
2018610000718,2,9,0,3,0,4,0,0,0,0,1,1,2,2,47,8,1560,2,3,-1,1,-1
2018610000818,1,9,0,3,0,4,0,0,0,0,2,1,6,2,38,7,1242,1,7,-1,-1,-1
2018610000818,2,9,0,3,0,4,0,0,0,0,1,1,6,2,24,5,1124,1,12,-1,1,-1
2018610000818,3,19,0,3,0,3,0,0,0,0,2,1,6,3,-1,-1,-1,-1,-1,-1,-1,-1
2018610000918,1,9,0,17,0,0,0,0,0,0,1,1,6,2,69,10,998,1,9,-1,1,-1
2018610000918,2,9,0,17,0,0,0,0,0,0,1,1,6,1,66,10,2771,1,19,-1,1,-1
2018610001018,1,9,0,10,0,1,0,0,0,0,1,1,6,1,-1,-1,-1,-1,-1,-1,-1,-1
2018610001018,2,3,0,18,0,1,0,0,0,0,2,1,2,1,19,4,125,1,5,-1,1,-1
2018610001118,1,9,0,18,0,4,0,0,0,0,1,1,6,2,33,6,1560,2,2,-1,1,-1
2018610001118,2,9,0,18,0,4,0,0,0,0,2,1,6,2,25,5,1229,1,6,-1,3,-1
2018610001218,1,9,0,18,0,1,0,0,0,0,2,1,6,1,30,6,1896,2,16,-1,1,-1
2018610001318,1,9,0,17,0,1,0,0,0,0,1,1,6,2,60,9,1329,1,8,-1,1,-1
2018610001318,2,1,0,17,0,1,0,0,0,0,2,1,6,2,46,8,-1,-1,-1,-1,1,-1
2018610001418,1,19,0,18,0,0,1,0,7,11,1,1,6,1,25,5,2298,2,1,-1,2,-1
2018610001418,2,9,0,18,0,0,0,0,0,0,1,1,2,1,51,8,1998,2,12,-1,2,-1
2018610001418,3,9,0,2,0,0,0,0,0,0,2,1,6,1,54,8,1587,1,12,-1,2,-1
2018610001518,1,9,0,10,0,1,0,0,0,0,2,1,6,1,51,8,1968,2,2,-1,-1,-1
2018610001518,2,9,0,18,0,1,0,0,0,0,1,1,6,1,39,7,-1,-1,-1,-1,1,-1
2018610001618,1,9,0,18,0,1,2,0,1,11,1,1,6,1,39,7,2616,1,12,5,1,5
2018610001618,2,9,0,9,0,6,0,0,0,0,4,1,6,1,81,11,1398,2,7,-1,1,-1
2018610001718,1,9,0,18,0,0,1,0,1,2,4,1,2,1,22,5,-1,-1,-1,-1,1,-1
2018610001818,1,9,0,18,0,0,1,0,0,0,1,1,6,1,21,5,998,1,11,-1,-1,-1
2018610001818,2,9,0,18,0,0,1,0,0,0,1,1,6,2,28,6,1560,2,9,-1,-1,-1
2018610001918,1,9,0,18,0,0,2,0,2,11,2,1,6,2,44,7,1999,1,7,-1,2,-1
2018610002018,1,9,0,14,0,0,0,0,0,0,1,1,6,1,59,9,2967,2,3,5,3,5
2018610002018,2,9,0,14,0,0,0,4,0,0,4,1,2,2,18,4,1896,2,17,-1,2,-1
2018610002018,3,10,0,2,0,0,0,0,0,0,2,1,1,2,49,8,-1,-1,-1,-1,2,-1
2018610002118,1,9,0,18,0,1,0,0,0,0,4,1,6,2,53,8,1242,1,12,-1,1,-1
2018610002218,1,11,0,1,8,0,0,0,0,0,2,1,1,1,52,8,4580,2,10,-1,1,-1
2018610002318,1,8,0,17,0,8,0,0,0,0,3,1,6,1,29,6,1968,2,3,-1,1,-1
2018610002418,1,9,0,18,0,0,0,0,0,0,1,1,1,1,28,6,1390,1,4,-1,1,-1
2018610002418,2,9,0,2,0,0,0,4,0,0,3,1,6,1,-1,-1,1997,2,1,-1,-1,-1
2018610002518,1,9,0,3,0,1,0,0,0,0,2,1,1,2,18,4,1329,1,3,-1,-1,-1
2018610002518,2,21,0,5,0,1,0,0,0,0,1,1,1,1,-1,-1,6700,2,1,-1,-1,-1
2018610002618,1,9,0,18,0,0,0,8,0,0,4,1,6,1,21,5,1229,1,4,-1,-1,-1
2018610002618,2,9,0,2,6,0,0,0,0,0,0,1,2,1,30,6,2967,2,5,-1,1,-1
2018610002718,1,9,0,18,0,3,1,0,5,6,1,1,1,2,24,5,1598,1,14,-1,1,-1
2018610002818,1,5,0,18,9,0,1,0,1,3,4,1,2,1,34,6,600,1,11,-1,-1,-1
2018610002918,1,2,0,18,0,0,0,0,0,10,1,1,2,1,43,7,50,1,1,-1,1,-1
2018610003018,1,11,0,7,0,5,0,0,0,0,3,1,1,1,52,8,4250,2,13,-1,1,-1
2018610003018,2,9,0,18,0,8,0,0,0,0,1,1,2,1,25,5,1200,1,3,-1,1,-1
2018610003118,1,9,0,3,0,1,0,0,0,0,0,1,6,2,70,10,1999,1,10,-1,1,-1
2018610003118,2,9,0,3,0,1,0,0,0,0,1,1,6,2,47,8,1200,1,4,-1,-1,-1
2018610003218,1,19,0,18,0,0,5,0,1,10,1,1,1,1,21,5,1998,2,13,-1,-1,-1
2018610003318,1,19,0,18,0,0,1,0,0,0,1,1,2,1,20,4,-1,-1,-1,-1,1,-1
2018610003318,2,9,0,18,0,0,0,0,0,0,2,1,2,1,47,8,1995,2,12,-1,1,-1
2018610003318,3,4,0,18,0,0,0,0,0,0,1,1,2,1,22,5,-1,-1,-1,-1,1,-1
2018610003418,1,9,0,7,0,1,0,0,1,0,1,1,6,1,46,8,1596,1,3,-1,1,-1
2018610003418,2,9,0,18,0,1,0,0,0,0,4,1,6,2,57,9,898,1,5,-1,1,-1
2018610003518,1,9,0,17,0,1,0,0,0,0,3,1,6,2,26,6,1242,1,7,-1,1,-1
2018610003518,2,9,0,18,0,1,0,0,0,0,1,1,6,1,-1,-1,1910,2,12,-1,1,-1
2018610003618,1,9,0,14,0,0,0,0,0,0,1,1,1,1,28,6,1995,2,8,-1,1,-1
2018610003718,1,9,0,18,0,1,0,0,0,0,1,1,6,1,19,4,1968,2,6,-1,1,-1
2018610003718,2,9,0,18,0,1,0,0,0,0,2,1,6,2,-1,-1,-1,-1,-1,-1,1,-1
2018610003818,1,9,0,18,0,3,0,9,4,6,1,1,2,1,52,8,1997,2,5,-1,-1,-1
2018610003918,1,9,0,7,0,1,0,11,8,2,3,1,6,2,33,6,1968,2,11,-1,3,-1
2018610003918,2,9,0,4,0,1,0,0,0,0,4,1,6,2,81,11,998,1,5,-1,3,-1
2018610004018,1,9,0,18,0,3,0,0,0,0,1,1,6,1,29,6,1995,2,15,3,1,3
2018610004018,2,9,0,18,0,3,0,0,0,0,2,1,6,1,49,8,1248,2,13,-1,1,-1
2018610004118,1,9,0,7,0,1,0,0,0,0,1,1,2,2,35,6,1998,1,16,-1,1,-1
2018610004118,2,9,0,9,0,1,1,0,0,0,1,1,2,1,35,6,1598,2,9,-1,1,-1
2018610004218,1,9,0,18,0,0,0,0,0,0,4,1,6,1,20,4,1242,1,12,-1,1,-1
2018610004318,1,9,0,7,0,1,0,0,0,0,3,1,6,2,25,5,-1,-1,-1,-1,1,-1
2018610004418,1,19,0,18,0,1,0,0,0,0,4,1,1,1,37,7,1560,2,6,-1,1,-1
2018610004518,1,9,0,17,0,0,1,0,1,4,0,1,2,1,27,6,1199,1,17,6,3,6
2018610004618,1,9,0,10,0,1,0,0,0,0,2,1,6,2,23,5,1242,1,3,-1,1,-1
2018610004618,2,20,0,18,0,1,0,0,0,0,1,1,1,1,41,7,4485,2,1,6,1,6
2018610004718,1,9,0,18,0,0,0,0,0,0,1,1,6,1,22,5,999,1,1,-1,2,-1
2018610004818,1,9,0,2,0,1,0,0,0,0,3,1,6,1,31,6,2720,2,10,-1,1,-1
2018610004918,1,9,0,9,0,8,0,0,0,0,3,1,6,1,27,6,1248,2,10,-1,2,-1
2018610004918,2,9,0,18,0,1,0,0,0,0,1,1,6,2,20,4,998,1,2,-1,1,-1
2018610005018,1,5,0,16,0,1,0,0,0,0,1,1,6,1,35,6,1000,1,1,4,1,4
2018610005018,2,9,0,17,0,2,0,0,0,0,3,1,6,2,57,9,999,1,3,-1,3,-1
2018610005118,1,9,0,16,0,4,0,0,0,0,1,1,1,1,-1,-1,-1,-1,-1,-1,-1,-1
2018610005118,2,1,0,18,0,6,1,0,0,0,2,1,6,1,37,7,-1,-1,-1,-1,-1,-1
2018610005218,1,9,0,4,0,0,0,0,0,0,2,1,6,2,21,5,-1,-1,-1,-1,1,-1
2018610005218,2,9,0,17,0,0,0,0,0,0,1,1,6,1,35,6,1598,2,9,-1,1,-1
2018610005318,1,11,0,14,0,1,0,0,0,0,0,1,6,1,46,8,8268,2,15,-1,-1,-1
2018610005318,2,9,0,18,0,1,0,0,0,0,0,1,6,1,42,7,1598,2,5,-1,-1,-1
2018610005418,1,9,0,12,0,3,0,0,0,0,1,1,6,2,26,6,1197,1,1,-1,1,-1
2018610005418,2,9,0,18,0,3,1,0,1,2,2,1,6,1,38,7,1910,2,13,-1,1,-1
2018610005518,1,9,0,5,0,8,0,0,0,0,2,1,6,1,32,6,-1,-1,-1,-1,1,-1
2018610005518,2,19,0,5,0,8,0,0,0,0,1,1,1,1,40,7,-1,-1,-1,-1,1,-1
2018610005618,1,3,0,18,0,2,0,4,0,0,1,1,6,1,32,6,125,1,7,-1,1,-1
2018610005618,2,9,0,2,0,2,0,0,0,0,3,1,6,2,70,10,1840,1,19,-1,2,-1
2018610005618,3,9,0,18,0,2,0,0,0,0,2,1,6,2,-1,-1,1685,2,6,-1,2,-1
2018610005718,1,9,0,3,0,4,0,0,0,0,2,1,6,2,17,4,1328,1,8,-1,1,-1
2018610005718,2,9,0,3,0,4,0,0,0,0,1,1,6,2,30,6,1598,2,5,-1,3,-1
2018610005818,1,9,0,10,0,1,0,0,0,0,2,1,6,1,34,6,-1,-1,-1,-1,1,-1
2018610005818,2,9,0,18,0,1,0,0,0,0,1,1,6,1,37,7,1995,2,11,-1,1,-1
2018610006018,1,9,0,18,0,8,0,0,0,0,4,1,2,1,51,8,1388,1,11,-1,1,-1
2018610006118,1,9,0,3,0,0,0,4,0,0,1,1,6,1,52,8,1995,2,1,-1,1,-1
2018610006118,2,9,0,18,0,0,0,0,0,0,1,1,6,1,57,9,1229,1,3,-1,-1,-1
2018610006118,3,9,0,18,0,0,0,0,0,0,1,1,6,1,26,6,-1,-1,-1,-1,1,-1
2018610006118,4,9,0,2,0,0,0,0,0,0,4,1,6,1,54,8,1200,1,3,-1,-1,-1
2018610006218,1,9,0,18,9,4,0,0,7,10,1,1,6,2,30,6,1461,2,1,-1,1,-1
2018610006318,1,9,0,4,0,1,0,0,0,0,4,1,6,1,39,7,-1,-1,-1,-1,1,-1
2018610006418,1,9,0,2,0,1,0,0,0,0,4,1,6,1,83,11,1988,1,19,-1,3,-1
2018610006518,1,19,0,18,0,2,0,0,0,0,2,1,1,1,49,8,2198,2,2,-1,1,-1
2018610006618,1,19,0,18,0,2,2,1,0,10,1,1,1,1,25,5,2198,2,4,-1,-1,-1
2018610006618,2,9,0,2,0,2,0,0,0,10,2,1,2,1,-1,-1,1586,1,11,7,1,7
2018610006718,1,9,0,18,0,0,0,0,1,7,1,1,6,1,18,4,1368,1,8,-1,1,-1
2018610006818,1,9,0,18,0,2,0,0,0,0,1,1,6,1,37,7,1499,1,2,-1,1,-1
2018610006918,1,9,0,4,0,0,0,0,0,0,1,1,6,1,48,8,3200,2,10,-1,1,-1
2018610006918,2,9,0,16,0,0,1,0,0,10,1,1,6,1,46,8,2835,2,23,-1,1,-1
2018610007018,1,9,0,18,0,0,0,0,0,0,4,1,6,2,48,8,1399,2,8,-1,2,-1
2018610007118,1,9,0,17,0,0,2,0,1,4,1,1,2,2,22,5,1598,2,5,-1,1,-1
2018610007218,1,9,0,18,0,0,0,0,0,0,2,1,6,2,58,9,-1,-1,-1,-1,2,-1
2018610007318,1,3,0,5,9,4,1,0,0,0,3,1,1,1,27,6,125,1,3,-1,2,-1
2018610007418,1,9,0,9,0,0,0,0,0,0,1,1,6,1,24,5,1686,2,5,-1,1,-1
2018610007418,2,19,0,18,0,0,0,0,0,0,4,1,1,1,-1,-1,-1,-1,-1,-1,-1,-1
2018610007518,1,9,0,9,0,3,0,0,0,0,3,1,6,1,20,4,-1,-1,-1,-1,-1,-1
2018610007518,2,9,0,18,0,1,0,0,0,0,1,1,6,1,27,6,-1,-1,-1,-1,1,-1
2018610007618,1,9,0,4,0,1,0,0,0,0,2,1,1,1,53,8,1968,2,3,-1,1,-1
2018610007618,2,9,0,4,0,1,0,0,0,0,1,1,1,1,36,7,1956,2,5,-1,1,-1
2018610007718,1,9,0,18,0,0,0,0,0,0,3,1,3,2,41,7,1248,1,2,-1,-1,-1
2018610007818,1,9,0,18,0,0,1,0,1,7,4,1,6,1,39,7,1598,1,9,1,1,1
2018610007918,1,9,0,18,0,0,0,0,0,0,1,1,6,1,22,5,1560,2,5,10,1,10
2018610007918,2,9,0,18,0,0,0,0,0,0,2,1,6,1,46,8,1999,2,-1,-1,1,-1
2018610008018,1,9,0,17,0,4,1,9,7,1,1,1,2,1,20,4,1242,1,15,-1,1,-1
2018610008118,1,9,0,18,0,4,0,0,0,0,1,1,6,1,51,8,1242,1,8,-1,1,-1
2018610008118,2,1,0,18,0,8,0,0,0,0,1,1,6,1,40,7,-1,-1,-1,-1,2,-1
2018610008218,1,9,0,18,0,1,0,0,0,0,1,1,6,1,30,6,1206,1,10,-1,1,-1
2018610008218,2,9,0,9,0,1,0,0,0,0,1,1,6,2,-1,-1,1986,2,13,-1,2,-1
2018610008318,1,8,0,5,0,6,0,0,0,0,1,1,1,1,64,9,1910,2,10,-1,2,-1
2018610008418,1,8,0,18,0,0,0,0,0,0,1,1,3,1,56,9,1910,2,8,-1,1,-1
2018610008518,1,9,0,18,0,0,0,0,7,1,1,1,6,1,23,5,1998,1,11,-1,1,-1
2018610008618,1,9,0,18,0,0,5,0,0,0,1,1,6,1,56,9,1598,2,1,3,1,3
2018610008718,1,9,0,6,0,0,0,0,0,0,1,1,6,1,67,10,-1,-1,-1,-1,1,-1
2018610008718,2,97,0,16,0,0,1,4,0,0,1,1,6,1,19,4,-1,-1,-1,-1,1,-1
2018610008818,1,9,0,1,0,2,0,0,0,0,0,1,6,1,45,7,1968,2,13,-1,1,-1
2018610008818,2,9,0,12,0,3,1,0,0,0,0,1,6,1,42,7,998,1,4,-1,1,-1
2018610008918,1,9,0,18,0,8,0,10,0,0,3,1,6,2,36,7,1896,2,10,-1,1,-1
2018610009018,1,9,0,4,0,1,0,0,0,0,1,1,6,1,58,9,1997,2,12,2,1,2
2018610009018,2,9,0,7,0,1,0,0,0,0,4,1,6,1,50,8,998,1,1,-1,1,-1
2018610009118,1,9,0,9,0,5,0,0,0,0,4,1,6,2,43,7,1329,1,6,-1,1,-1
2018610009118,2,1,0,18,0,8,0,0,0,0,1,1,6,1,43,7,-1,-1,-1,-1,1,-1
2018610009218,1,9,0,18,0,4,0,0,0,10,1,1,6,1,86,11,1995,2,9,-1,2,-1
2018610009318,1,9,0,18,0,0,0,11,1,11,2,1,6,1,60,9,2706,1,3,7,3,7
2018610009318,2,4,0,17,0,0,0,0,0,0,2,1,6,1,48,8,598,1,24,-1,1,-1
2018610009418,1,9,0,9,0,8,0,0,0,0,1,1,6,2,20,4,1397,1,7,-1,1,-1
2018610009418,2,9,0,18,0,8,0,0,1,7,1,1,6,1,43,7,-1,-1,-1,-1,1,-1
2018610009418,3,9,0,18,0,8,0,0,0,0,0,1,6,1,27,6,1968,2,3,-1,1,-1
2018610009518,1,9,0,18,0,1,0,0,0,0,4,1,6,1,46,8,1896,2,12,-1,1,-1
2018610009618,1,9,0,2,0,2,0,0,0,0,4,1,4,2,59,9,1968,2,1,-1,1,-1
2018610009618,2,9,0,18,0,2,0,0,0,0,3,1,6,2,60,9,1200,1,2,-1,1,-1
2018610009718,1,19,0,18,0,2,0,0,0,0,1,1,2,1,33,6,2402,2,13,-1,1,-1
2018610009818,1,9,0,18,0,0,0,0,0,0,4,1,6,2,65,9,1495,1,9,-1,-1,-1
2018610009918,1,9,0,10,0,5,0,0,0,0,4,1,6,1,53,8,1461,2,2,-1,1,-1
2018610009918,2,9,0,18,2,1,0,0,0,0,1,1,6,1,77,11,1242,1,19,-1,1,-1
2018610010018,1,5,0,18,0,1,0,0,0,0,1,1,6,1,55,8,1085,1,18,-1,-1,-1
2018610010018,2,9,0,8,1,5,0,0,0,0,4,1,6,1,29,6,1796,1,10,-1,-1,-1
2018610010118,1,20,0,16,0,0,0,0,0,0,1,1,1,3,-1,-1,-1,-1,-1,-1,-1,-1
2018610010118,2,9,0,17,0,0,0,0,1,0,4,1,2,1,59,9,1248,1,9,-1,1,-1
2018610010418,1,9,0,18,0,0,0,0,0,0,3,1,6,1,60,9,1560,2,4,-1,2,-1
2018610010418,2,9,0,9,0,0,0,0,0,0,2,1,6,1,83,11,1229,1,6,-1,3,-1
2018610010518,1,5,0,18,0,1,0,4,0,0,1,1,2,1,19,4,599,1,22,-1,-1,-1
2018610010518,2,9,0,2,0,1,0,0,0,0,2,1,4,2,38,7,-1,-1,-1,-1,-1,-1
2018610010518,3,19,0,9,0,8,0,0,0,0,0,1,2,1,49,8,2198,2,3,-1,-1,-1
2018610010618,1,9,0,9,0,1,0,0,0,0,1,1,1,1,29,6,-1,-1,-1,-1,1,-1
2018610010618,2,1,0,10,0,1,0,0,0,0,1,1,1,1,29,6,-1,-1,-1,-1,1,-1
2018610010718,1,9,0,11,0,3,0,0,0,0,1,1,2,1,32,6,1781,1,19,9,1,9
2018610010818,1,9,0,18,0,0,0,0,0,0,0,1,2,2,41,7,1499,1,1,-1,-1,-1
2018610010918,1,11,0,4,3,0,0,0,0,0,3,1,1,1,48,8,3900,2,13,-1,3,-1
2018610011018,1,9,0,18,0,0,0,0,0,0,1,1,2,1,44,7,1499,2,3,-1,2,-1
2018610011018,2,21,1,18,0,0,0,0,0,0,1,1,1,1,61,9,12902,2,5,-1,1,-1
2018610011018,3,21,0,18,0,0,0,0,0,0,1,1,1,1,57,9,12740,2,1,5,3,5
2018610011018,4,21,2,18,0,0,0,0,0,0,1,1,1,1,68,10,12900,2,6,2,1,2
2018610011118,1,9,0,18,9,0,1,0,7,11,1,1,6,1,35,6,1998,1,14,-1,-1,-1
2018610011218,1,9,0,9,0,1,0,0,0,0,1,1,6,1,29,6,1199,1,15,-1,1,-1
2018610011218,2,5,0,18,0,1,0,0,0,0,1,1,6,1,53,8,998,1,12,-1,1,-1
2018610011318,1,9,0,18,0,0,0,0,0,0,1,2,6,2,44,7,1229,1,12,-1,1,-1
2018610011418,1,9,0,18,0,0,0,0,0,0,4,1,6,2,34,6,1398,1,7,-1,1,-1
2018610011518,1,9,0,18,0,1,1,0,0,0,4,2,6,1,25,5,2495,2,14,-1,1,-1
2018610011518,2,9,0,5,0,1,0,0,0,0,3,2,6,2,22,5,1598,1,6,-1,1,-1
2018610011618,1,9,0,2,0,8,0,4,0,0,1,1,1,1,45,7,1560,2,7,-1,1,-1
2018610011618,2,8,0,9,0,4,0,10,0,0,2,1,2,1,-1,-1,1995,2,11,-1,2,-1
2018610011718,1,9,0,18,0,1,0,0,0,0,2,1,6,1,22,5,-1,-1,-1,-1,-1,-1
2018610011818,1,9,0,18,0,1,0,0,0,0,1,1,6,1,19,4,1124,1,18,-1,1,-1
2018610011818,2,9,0,3,0,1,0,0,0,0,2,1,6,2,45,7,1997,2,5,-1,1,-1
2018610011918,1,9,0,4,0,1,0,0,0,0,2,1,1,1,25,5,1395,1,2,-1,1,-1
2018610011918,2,9,0,1,0,1,0,0,0,0,1,1,6,2,46,8,1399,1,14,-1,-1,-1
2018610012018,1,19,0,16,0,7,2,7,0,10,1,1,1,1,31,6,1995,2,1,-1,1,-1
2018610012118,1,9,0,18,0,1,0,0,0,0,4,1,1,1,49,8,-1,-1,-1,-1,1,-1
2018610012118,2,1,0,12,0,1,0,0,0,0,3,1,2,1,23,5,-1,-1,-1,-1,1,-1
2018610012218,1,8,0,5,0,6,0,0,0,0,1,1,1,1,33,6,1598,2,2,-1,1,-1
2018610012218,2,9,0,18,0,1,0,0,7,11,1,1,6,1,24,5,1390,1,7,-1,1,-1
2018610012318,1,9,0,17,0,0,0,0,0,0,1,1,3,1,31,6,-1,-1,-1,-1,3,-1
2018610012318,2,9,0,16,0,0,0,0,0,0,1,2,3,1,39,7,-1,-1,-1,-1,-1,-1
2018610012418,1,9,0,18,0,0,0,10,2,2,4,1,6,1,71,10,1398,1,2,-1,1,-1
2018610012518,1,9,0,18,0,0,1,0,1,1,1,1,6,1,30,6,1995,2,11,-1,1,-1
2018610012618,1,9,0,18,0,0,0,0,0,0,1,1,6,1,31,6,1968,2,7,-1,2,-1
2018610012618,2,9,0,18,0,0,0,0,0,0,2,1,6,1,30,6,1995,2,3,10,1,10
2018610012618,3,9,0,18,0,0,0,0,0,0,2,1,6,1,50,8,1991,8,2,-1,1,-1
2018610012718,1,9,0,2,0,0,0,0,0,0,2,1,6,2,19,4,1242,1,16,-1,2,-1
2018610012718,2,9,0,18,0,0,0,0,0,0,1,1,6,1,53,8,1997,2,10,-1,2,-1
2018610012818,1,9,0,18,0,0,0,0,0,0,4,1,6,1,60,9,1364,1,-1,-1,1,-1
2018610012918,1,9,0,4,0,0,0,0,0,0,2,1,6,1,17,4,1149,1,14,-1,1,-1
2018610012918,2,3,0,4,0,0,0,0,0,0,2,1,6,2,17,4,125,1,1,-1,1,-1
2018610012918,3,9,0,4,0,0,0,0,0,0,1,1,6,1,18,4,1298,1,13,-1,1,-1
2018610013118,1,9,0,9,0,1,0,0,0,0,1,1,6,2,-1,-1,1900,2,13,-1,1,-1
2018610013118,2,9,0,18,0,1,0,0,0,0,4,1,2,2,48,8,1995,2,6,-1,3,-1
2018610013218,1,9,0,18,0,1,0,0,0,0,3,1,6,1,17,4,1149,1,10,-1,3,-1
2018610013218,2,9,0,18,0,1,0,0,7,0,1,1,6,1,50,8,1998,1,-1,-1,1,-1
2018610013318,1,9,0,18,0,0,0,4,0,0,1,1,6,1,33,6,1896,2,15,-1,2,-1
2018610013318,2,9,0,2,9,0,0,11,1,11,3,1,6,1,-1,-1,1798,8,1,-1,2,-1
2018610013318,3,9,0,2,9,0,0,0,0,0,3,1,6,1,-1,-1,-1,-1,-1,-1,-1,-1
2018610013418,1,9,0,18,0,0,0,0,0,0,1,1,6,1,30,6,-1,-1,-1,-1,-1,-1
2018610013518,1,9,0,18,0,0,0,0,0,0,2,1,2,1,46,8,1242,1,10,-1,1,-1
2018610013518,2,1,0,18,0,0,0,0,0,0,1,1,2,1,38,7,-1,-1,-1,-1,1,-1
2018610013618,1,9,0,4,0,5,0,0,0,0,3,1,1,1,46,8,1997,2,3,-1,1,-1
2018610013618,2,90,0,12,0,1,0,0,0,0,3,2,6,3,-1,-1,7146,2,10,-1,-1,-1
2018610013718,1,9,0,18,0,1,0,0,0,0,1,1,2,1,57,9,-1,-1,-1,-1,1,-1
2018610013818,1,9,0,13,0,0,0,0,0,0,2,1,6,1,47,8,1618,1,1,-1,1,-1
2018610013818,2,9,0,18,0,0,1,0,0,0,1,1,6,2,52,8,-1,-1,-1,-1,2,-1
2018610013918,1,9,0,9,0,1,0,0,0,0,0,1,6,1,51,8,2993,2,5,-1,-1,-1
2018610013918,2,9,0,3,0,1,0,0,0,0,2,1,6,1,33,6,1968,2,2,-1,-1,-1
2018610013918,3,9,0,18,0,1,0,0,0,0,1,1,6,1,41,7,1598,1,15,-1,-1,-1
2018610014018,1,9,0,16,0,1,5,0,0,0,1,1,6,2,20,4,-1,-1,-1,-1,-1,-1
2018610014118,1,9,0,16,0,0,0,0,1,0,1,1,6,1,21,5,1242,1,12,-1,1,-1